酒店名称,评分,房型价格列表
上海裕景大飯店,9.2,"['高級房:HK$638', '豪華雙床房:HK$638', '豪華大床房:HK$705', '行政房:HK$818', '裕景房:HK$924']"
歸宿民宿（南京西路店）,9.1,"['望月｜IMAX高清投影:HK$638', '十年｜精緻四人居:HK$878', '琉璃｜IMAX高清投影房:HK$895', '晨曦｜IMAX高清投影:HK$912']"
麗怡酒店（上海火車站店）,9.5,"['豪華大床房:HK$470', '豪華雙床房:HK$488', '商務大床間:HK$518', '商務雙床房:HK$536', '臻禮大床房:HK$575']"
居貝樂民宿（鞍山新村地鐵站店）,9.7,"['楚雲|家庭房（洗烘機+冰箱+微波爐+投影+廚房）:HK$447', '靜雅|家庭房（洗烘機+冰箱+微波爐+電視+廚房）:HK$574', '望月|家庭房（投影+洗烘機+冰箱+微波爐+廚房）:HK$574', '琉光|家庭房（投影+烘洗機+微波爐+冰箱+廚房）:HK$608']"
樂巢酒店（上海人民廣場長征醫院店）,9.7,"['智能舒適雙床房（高清電視+小度管家+智能馬桶）:HK$429', '智能精緻大床房（高清電視+小度管家+智能馬桶）:HK$429', '智能舒適家庭房（高清電視+小度管家+智能馬桶）:HK$474', '智能輕奢大床房（高清電視+小度管家+智能馬桶）:HK$483']"
上海靜安逸扉酒店,9.5,"['靜享大床房（智能語音+私享Coffee機）:HK$683', '靜享電競大床房（電競電腦+智能語音+私享Coffee機）:HK$722', '高級大床房（智能語音+私享Coffee機）:HK$779', '高級雙床房（智能語音+私享Coffee機）:HK$826', '豪華大床房（智能語音+私享Coffee機）:HK$845']"
荷逸唐酒店,9.7,"['荷逸大床房:HK$521', '荷逸雙床房:HK$521', '荷月大床房:HK$611', '荷月雙床房:HK$611', '家庭大床房:HK$668']"
陸家嘴｜釋家·設計師城市全景民宿（上海陸家嘴店）,9.3,"['迎秋丨IMAX大床高清投影:HK$713', '白茶 | IMAX投影:HK$713', '夕陽丨IMAX投影:HK$713', '初秋 | IMAX投影:HK$791']"
上海哆唻咪夢夢屋民宿（國際旅遊度假區浦東機場店）,9.6,"['暖光谷地大床小套房:HK$566', '綠野仙蹤大床房:HK$633', '暖光谷地親子房:HK$637', '綠野仙蹤親子房:HK$739', '綠野仙蹤雙大床房:HK$788', '藍夢暖居親子滑趣套房（內窗）:HK$899']"
唯庭世紀酒店（上海北外灘隆昌路地鐵站店）,9.5,"['智能精緻雙床房（手機投屏+小度智能管家+靜音小冰箱）:HK$489', '智能精緻大床房（手機投屏+小度智能管家）:HK$504', '智能閑適雙床房（手機投屏+小度智能管家+靜音小冰箱）:HK$516', '智能閑適大床房（手機投屏+小度智能管家+靜音小冰箱）:HK$516']"
初心莫舍酒店（上海國際旅遊度假區店）,9.6,"['念如初投影大床【AMX當貝百寸投影●會員點播權益】:HK$326', '初相識loft大床【亞朵款床墊●落地大窗户●會員點播】:HK$348', '誰與共●投影懸浮床:HK$369', '比翼飛●投影大床 ▶【AMX百寸投影●亞朵款床墊●落地窗】:HK$369']"
格美酒店（上海外灘南京東路步行街店）,8.5,"['特色大床房:HK$527', '格美高級大床房（獨立洗衣機）:HK$562', '特色雙床房:HK$607', '豪華大床房（獨立洗衣機）:HK$768']"
豪美優程酒店 HAO MEI YOU CHENG HOTEL（上海國際旅遊度假區店）,9.5,"['樂享投影大床【AMX當貝百寸投影●亞朵款床墊●Economy】:HK$262', '輕享投影標準間【AMX當貝百寸投影●亞朵款床墊●暗窗】:HK$283', '精品投影大床房【AMX當貝百寸投影●亞朵款床墊●大窗】:HK$305', '親子投影大床主題房【AMX當貝百寸投影●亞朵款床墊】:HK$328']"
上海鄉韻親子酒店,9.6,"['初見·悠閑大床房:HK$325', '雲朵·愜意大床房:HK$354', '琳娜貝兒·主題浴桶圓床房:HK$400', '向暖雙床房:HK$414']"
上海外灘濱江珍寶酒店,9.5,"['珍寶舒適大床房（智能客控+手機投屏）:HK$742', '珍寶商務大床房（智能客控+手機投屏）:HK$798', '珍寶高級大床房（智能客控+手機投屏+小冰箱）:HK$928', '珍寶舒適雙床房（智能客控+手機投屏+小冰箱）:HK$1,021', '珍寶商務雙床房（智能客控+手機投屏）:HK$1,021']"
全季酒店（上海隆昌路地鐵站店）,9.7,"['大床房（電視投屏+小冰箱）:HK$444', '高級大床房（電視投屏+小冰箱）:HK$463', '商務大床房（電視投屏+小冰箱）:HK$499', '高級雙床房（電視投屏+小冰箱）:HK$499']"
上海美利居酒店（人民廣場店）,9.1,"['商務靜謐大床房「助眠床墊+辦公桌椅+行李架」:HK$509', '商務靜謐雙床房「助眠床墊+辦公桌椅+行李架」:HK$509', '豪華陽光大床房「助眠床墊+辦公桌椅+minibar」:HK$549']"
上海錦江都城南京飯店,9.5,"['時尚商務房:HK$753', '時尚雙床房:HK$753', '精緻商務房:HK$851', '精緻雙床房:HK$851', '風雅雙床房:HK$916']"
科冠麗呈睿軒酒店（上海虹橋機場店）,8.8,"['雅緻大床房:HK$316', '雅緻雙床房:HK$324', '智能大床房:HK$338', '高級大床房:HK$349', '高級雙床房:HK$367']"
上海外灘雅緻酒店,9.0,"['雅緻·悠美大床房:HK$975', '靜雅·庭院大床房:HK$1,038', '靜雅·悠享家庭房:HK$1,145', '180°城風高層夜景大床房:HK$1,218', '高級大床套房-會客桌:HK$1,229', '雅緻·高級家庭套房:HK$1,301']"
魔宇電影酒店（上海南京西路淮海中路地鐵站店）,9.6,"['XS-魔逸·精緻大床房【智能紅外感應+乾濕分離】:HK$520', 'S-魔致·靜謐大床房【沉浸式空間+無線投屏】:HK$557', 'M-魔宇·電影大床房【巨幕投影+無線投屏】:HK$609', 'XL-魔話·西遊大床房【百寸投屏+小冰箱】:HK$661']"
上海宓亞酒店（陝西南路店）,9.6,"['風尚精緻房:HK$696', '宓亞fiture魔鏡運動套房:HK$929', '樂享雙床房:HK$1,003', '宓亞舒適套房:HK$1,207', '宓亞尊享套房:HK$1,393']"
全季酒店（上海人民廣場店）,9.5,"['大床房A:HK$662', '大床房:HK$690', '商務大床房:HK$725', '高級大床房:HK$752']"
上海北外灘四平路希爾頓歡朋酒店,9.5,"['舒適大床房:HK$932', '高級大床房:HK$980', '高級雙床房:HK$980', '豪華大床房:HK$1,028', '豪華雙床房:HK$1,028']"
上海金辰大酒店,9.0,"['陽光大床房:HK$582', '淮海路街景大床房:HK$636', '甜蜜時刻房:HK$651', '淮海路街景雙床房:HK$690']"
雲和夜泊酒店（上海浦東國際機場店）,9.7,"['惠享大床房:HK$434', '惠享雙床房:HK$434', '夜泊大床房:HK$456', '夜泊雙床房:HK$456', '雲和大床房:HK$479']"
景萊酒店·臻選（上海同濟醫院新村路地鐵站店）,9.0,"['臻選靜謐大床房:HK$347', '臻選雅緻大床房:HK$354', '臻選高級大床房:HK$381', '臻選豪華大床房:HK$409']"
如家精選酒店（上海陸家嘴商城路地鐵站店）,9.4,"['大床房（智能小度控制+電視投屏）:HK$499', '高級大床房（智能小度控制+電視投屏）:HK$527', '安心睡大床房（智能小度控制+電視投屏+記憶床墊）:HK$564', '雙床房（智能小度控制+電視投屏）:HK$573']"
麓笙·榕奕美宿（上海虹橋機場七寶古鎮店）,9.5,"['觀瀾大床房:HK$702', '沐言泳池景觀大床房:HK$709', '嶼汐Loft泳池景觀大床房:HK$922', '璞樾露台泳池景觀大床房:HK$993', '樂嬉Loft大英萌神親子房:HK$1,299']"
上海外灘盎格酒店,9.2,"['豫園高級大床房:HK$726', '豫園高級雙床房:HK$726', '晶喜豪華大床房:HK$795', '晶喜豪華雙床房:HK$795']"
全季酒店（上海靜安閘北公園店）,9.4,"['大床房:HK$423', '高級大床房:HK$452']"
全季酒店（上海外灘天潼路店）,9.4,"['高級大床房A（舒適床品+智能投屏）:HK$570', '高級大床房（智能投屏）:HK$624', '雙床房A（舒適床品+智能投屏）:HK$679', '雙床房（舒適床品+智能投屏）:HK$733']"
歸宿民宿（上海靜安寺店）,9.1,"['一角｜IMAX高清投影房:HK$550', '高樓｜乾乾淨淨:HK$563', '休閑｜IMAX高清投影房:HK$563', '初日｜乾乾淨淨:HK$688']"
過來·猩克斯民宿,9.8,"['象限III:HK$787', '象限IV:HK$897', '象限Ⅰ:HK$1,008', '象限II:HK$1,008']"
白玉蘭酒店（上海浦東機場凌空路地鐵站店）,9.4,"['靜逸單人房:HK$369', '靜雅大床房:HK$399', '靜雅雙床房:HK$405', '舒雅大床房:HK$405']"
新薈城市酒店（上海火車站長壽路地鐵站店）,9.1,"['小薈純睡房「公區自助洗衣機+手機投屏+智能馬桶」:HK$259', '輕奢優享大床房「公區自助洗衣機+手機投屏+智能馬桶」:HK$292', '迎喜商務大床房「洗烘一體機+手機投屏+智能馬桶」:HK$313', '複式Loft投影房丨月牙「洗烘一體機+手機投屏+智能馬桶」:HK$347']"
上海海神諾富特大酒店,9.2,"['江景標準房-大床:HK$524', '標準房-雙床:HK$524', '三件套江景大床房:HK$588', '江景高級家庭房:HK$589', '江景高級房-大床:HK$612']"
偉樽酒店（上海虹橋火車站國家會展中心店）,9.2,"['玲瓏房:HK$180', '雙床房（內窗）:HK$202', '偉樽大床房:HK$223', '偉樽雙床房:HK$234']"
漢庭酒店（上海江灣鎮地鐵站店）,9.5,"['大床房:HK$340', '高級大床房:HK$351', '高級雙床房:HK$360', '商務大床房:HK$360']"
麥新格國際酒店（周浦地鐵站店）,9.7,"['豪華大床房:HK$460', '豪華雙床房:HK$481', '豪華家庭房:HK$509', '親子房:HK$579']"
上海初心莫舍設計師民宿,9.5,"['B棟-春雨大床房·四合院:HK$335', 'A棟-特惠大床房:HK$337', 'A棟-初心·舒享大床房:HK$360', 'A棟-沐光·投影大床房:HK$369']"
海之夢酒店（上海九院製造局路店）,9.6,"['高級大床房A（無窗）:HK$432', '特惠雙床房:HK$432', '高級大床房:HK$462', '高級雙床房A（無窗）:HK$462']"
漢庭酒店（上海人民廣場地鐵站店）,9.5,"['單床房 （智能投屏）:HK$433', '大床房（智能投屏）:HK$462', '高級大床房（智能投屏）:HK$561', '雙人房（智能投屏）:HK$729']"
上海東方酒樓（浦東國際機場店）,8.7,"['特惠雙床房:HK$179', '夜景大床房:HK$214', '夜景雙床房:HK$225', '海景雙床房:HK$260']"
上海協信莎瑪長風服務式公寓,9.4,"['高級大床客房:HK$525', '豪華一卧室大床套房:HK$579', '豪華一卧室雙床套房:HK$579', '一卧室套房:HK$602', '温馨家庭房:HK$780']"
全季酒店（上海武寧路地鐵站店）,9.5,"['大床房:HK$376', '高級大床房（智能投屏）:HK$411', '雙床房（智能投屏）:HK$478', '商務大床房（智能投屏）:HK$517']"
宿適輕奢酒店（上海外灘城隍廟店）,9.2,"['大床房:HK$637', '高級大床房:HK$645', '豪華大床房:HK$654', '雙床房:HK$748']"
上海金陵紫金山大酒店,9.5,"['豪華大床房:HK$661', '豪華雙床房:HK$661', '高級豪華超大床房:HK$815', '空氣凈化房:HK$815', '行政大床房:HK$1,047', '行政雙床房:HK$1,047']"
上海寶山寶楊路桔子水晶酒店,9.9,"['豪華雙床房:HK$444', '豪華大床房:HK$444', '行政大床房:HK$482', '豪華親子房:HK$529', '行政套房:HK$672']"
如家精選酒店（上海張江集電港高科中路店）,9.6,"['大床房:HK$349', '高級大床房:HK$374', '雙床房A:HK$376', '雙床房:HK$391']"
上海野生動物園荷逸唐酒店（惠南地鐵站店）,9.7,"['荷逸大床房:HK$521', '荷逸雙床房:HK$521', '荷月大床房:HK$611', '荷月雙床房:HK$611', '家庭大床房:HK$668']"
上海伯爵商務酒店（上海野生動物園店）,8.7,"['特惠精緻大床房:HK$130', '特惠精緻雙床房:HK$134', '大床房:HK$174', '高級優享雙床房:HK$178']"
桂客酒店（上海真如環宇城中寧路地鐵站店）,9.1,"['桂選大床房（智能馬桶+零壓記憶枕+自動烘洗機）:HK$314', '桂享大床房（智能馬桶+零壓記憶枕+自動烘洗機）:HK$356', '桂享雙床房（智能馬桶+零壓記憶枕+自動烘洗機+大屏幕投影儀）:HK$377', '桂臻大床房（智能馬桶+零壓記憶枕+自動烘洗機+大幕投影儀）:HK$377']"
上海虹橋機場漕河涇美居酒店,9.6,"['高級房-大床（獨立冰箱+金可兒床墊）:HK$491', '高級房-雙床（獨立冰箱+金可兒床墊）:HK$491', '豪華房-大床（獨立冰箱+落地窗+金可兒床墊）:HK$549', '豪華房-雙床（獨立冰箱+落地窗+金可兒床墊）:HK$549', '嘉賓房-大床（獨立冰箱+浴袍+金可兒床墊）:HK$597']"
上海中山公園雲睿酒店,9.2,"['特惠大床房（無窗）:HK$249', '大床房:HK$278', '商務標準房:HK$323', '商務大床房:HK$323']"
麗呈美利居酒店（上海南京路步行街店）,9.2,"['特惠大床房（無窗）:HK$544', '特惠雙床房（無窗）:HK$569', '高級大床房:HK$703', '高級雙床房:HK$751']"
上海廣場嘉廷酒店（人民廣場南京路步行街店）,9.3,"['精緻大床房:HK$593', '高級雙床房:HK$686', '高級大床房:HK$686', '豪華低敏大床房（斯林百蘭床墊）:HK$779', '豪華低敏雙床房（斯林百蘭床墊）:HK$779']"
柏曼酒店（上海虹橋國際機場七寶古鎮店）,10.0,"['智能標準大床房（智能客控+電視投屏）:HK$263', '智能高級雙床房（智能客控+電視投屏）:HK$263', '智能高級大床房:HK$279', '智能豪華雙床房（智能客控+電視投屏）:HK$287']"
麥新格精品酒店（上海陸家嘴源深路地鐵站店）,9.5,"['精品雙床房:HK$502', '精品大床房:HK$502', '舒適大床房:HK$523', '商務大床房:HK$545', '豪華大床房:HK$611']"
全季酒店（上海長風公園店）,9.6,"['高級雙床房:HK$361', '高級大床房:HK$361', '商務大床房:HK$388', '家庭房:HK$398']"
科冠睿軒酒店（上海虹橋機場中春路地鐵站店）,8.8,"['雅緻大床房:HK$316', '雅緻雙床房:HK$324', '智能大床房:HK$338', '高級大床房:HK$349', '高級雙床房:HK$367']"
和頤至尊酒店（上海五角場地鐵站店）,9.5,"['雙床房（舒適床品+智能投屏）:HK$395', '大床房A（舒適床品+智能投屏）:HK$405', '大床房（舒適床品+智能投屏）:HK$451', '高級雙床房（舒適床品+智能投屏）:HK$469']"
素居酒店式公寓（周浦萬達店）,9.5,"['高級公寓房（冰箱+廚房+洗衣機+微波爐）:HK$293', '豪華景觀房（冰箱+廚房+洗衣機）:HK$293', '超大投影景觀房（冰箱+廚房+洗烘一體機+極米智能投影）:HK$315', '豪華雙床房（冰箱+廚房+洗衣機+微波爐）:HK$369']"
景萊·臻選酒店（靜安大寧靈石公園店）,9.4,"['臻選商務大床房（手機投屏+智能客控）:HK$338', '臻選高級大床房（手機投屏+智能客控）:HK$392', '臻選豪華大床房（手機投屏+智能客控）:HK$458', '臻選行政景觀房（手機投屏+智能客控）:HK$494', '臻選商務雙床房（手機投屏+智能客控）:HK$502']"
上海華珍閣藝術酒店,9.1,"['特惠大床房:HK$305', '大床房:HK$319', '夢百合零壓大床房:HK$333', '商務大床房:HK$347']"
上海溢喜小院（上海浦東機場店）,9.4,"['標準雙床房:HK$339', '標準大床房:HK$353', '豪華雙床房:HK$389', '豪華大床房:HK$389']"
上海莘莊CBD亞朵酒店,9.6,"['高級大床房:HK$430', '行政雙床房:HK$430', '行政大床房:HK$475', '幾木雙床房（深睡枕PRO+小冰箱+手機投屏）:HK$502', '幾木大床房（深睡枕PRO+小冰箱+手機投屏）:HK$520']"
景萊酒店·輕奢（上海北外灘大悦城店）,8.5,"['大床房:HK$443', '高級大床房:HK$475', '高級雙床房:HK$506', '臻選大床房:HK$538']"
SK簡奢酒店（上海徐家匯體育館地鐵站店）,9.2,"['SK大床房（65寸高清電視投屏+智能馬桶）:HK$497', '簡奢商務雙床房（65寸高清電視投屏+智能馬桶）:HK$581', '簡享高級大床房（65寸高清電視+落地窗+智能馬桶）:HK$581', '簡奢豪華大床房（65寸高清電視投屏+智能馬桶）:HK$665']"
上海人民廣場南京東路步行街珍寶酒店,9.5,"['珍寶大床房 （智能客控+手機投屏）:HK$776', '珍寶舒適大床房（智能客控+手機投屏）:HK$859', '珍寶高級大床房（智能客控+手機投屏）:HK$949', '珍寶高級雙床房（智能客控+手機投屏）:HK$1,130', '珍寶豪華大床房（智能客控+手機投屏+迷你吧）:HK$1,130']"
宿適輕奢酒店（上海火車站漢中路地鐵站店）,8.9,"['商務大床房:HK$370', '優選大床房:HK$404', '高級大床房:HK$411', '景觀大床房:HK$425', '商務雙床房:HK$453']"
格美酒店（大寧國際商業區江楊南路店）,9.4,"['高級大床房（落地窗冰箱）:HK$340', '高級雙床房（落地窗冰箱）:HK$366', '高級複式房（落地窗洗衣機冰箱）:HK$385', '豪華雙床房（陽台落地窗冰箱）:HK$391']"
友裏酒店（上海人民廣場店）,9.5,"['精緻大床房:HK$557', '優選大床房:HK$616', '精緻雙床房:HK$765', '豪華大床房:HK$788']"
錦江之星品尚（上海南京路步行街店）,8.8,"['標準房B（無窗）:HK$522', '商務房A:HK$532', '標準房A:HK$532', '雙人房A:HK$532']"
上海極樂湯川沙温泉酒店,9.2,"['輕享大床房:HK$390', '煥新高級雙床房:HK$413', '煥新高級大床房:HK$413', '煥新高級家庭房:HK$458', '豪華家庭房:HK$554']"
上海周浦萬達桔子水晶酒店（繁榮路地鐵站店）,9.6,"['水晶豪華大床房:HK$446', '豪華榻榻米大床房:HK$476', '荷塘月色親子房:HK$483', '豪華雙床房:HK$498', '商務大床房:HK$505']"
和頤至尚酒店（上海陸家嘴商城路地鐵站店）,9.4,"['大床房A:HK$396', '商務大床房A:HK$423', '雙床房:HK$432', '商務大床房:HK$469']"
品客服務公寓（上海北外灘店）,8.4,"['品客大床房:HK$376', '品客雙床房:HK$390', '品客家庭房:HK$481', '品客甄選家庭房:HK$565']"
上海浦東南萬楓酒店,9.5,"['精選大床房-無憂90°城景:HK$696', '精選雙床房-無憂90°城景:HK$760', '行政大床房-悦己120°城景:HK$823', '套房-茂月120°城景:HK$1,460']"
