酒店名称,评分,房型价格列表
上饒國際大酒店,9.6,"['高級城景雙床房:HK$522', '高級城景大床房:HK$522', '高級江景雙床房:HK$522', '高級江景大床房:HK$522', '豪華江景大床房:HK$577', '豪華城景雙床房:HK$577']"
上饒鳳凰大道希爾頓歡朋酒店,9.6,"['舒適大床房:HK$450', '舒適雙床房:HK$462', '高級大床房:HK$509', '高級雙床房:HK$538', '豪華大床房:HK$578']"
山谷小棧民宿（望仙谷景區店）,9.9,"['椿嶺 ｜ 南山原木影音大床房:HK$358', '碧隱 ｜ 山水原木影音雙床房 （ 獨立導台➕百寸巨幕 ）:HK$371', '木寂 ｜ 質簡原木影音雙床房:HK$402']"
上饒·心水漫丨Enjoy·RoManceDesignHOTEL（金龍崗街區步行街店）,9.4,"['驚喜奇遇大床房[巧遇+樂趣好玩］:HK$231', '4K高清投影榻榻米房【百寸巨幕·投影·遮光窗簾·安心好睡】:HK$247', '心水漫·輕奢雙床房-辦公桌❤小沙發❤免費停車:HK$278', '42平米落日燈浴缸大床房-免費停車❤棒咖啡75折券:HK$343', '三室一廳漫趴套房+私人露天花園+超大客廳:HK$751']"
楓溱酒店（上饒高鐵站店）,9.7,"['榻榻米大床房:HK$240', '舒享雙床房:HK$240', '商務大床房:HK$246', '商務雙床房:HK$246']"
花築·舒雅暖居民宿（望仙谷景區店）,9.4,"['聽雨-温馨大床房+智能客控+休閑椅子:HK$468', '攬翠-露天花園-温馨大床房+智能客控+觀景露台+户外搖椅+月球壁燈:HK$527', '沁芳-舒適大床房+智能客控+復古藤編櫃+休閑椅:HK$585', '沐風-舒適大床房+智能客控+復古藤編櫃+休閑椅:HK$585']"
風禾明月松間美宿（水南文化街店）,9.5,"['石上清泉丨大床房【全屋智能+觀景陽台+記憶床墊】:HK$319', '風禾盡起丨大床房【全屋智能+HOMESUN冰箱+記憶床墊】:HK$424', '風禾盡起丨雙床房【全屋智能+HOMESUN冰箱+記憶床墊】:HK$439', '雲隱月明丨街景套房【全屋智能+觀景陽台+記憶床墊】:HK$671']"
仙人閣 XRG | 全景懸崖觀景泳池度假美宿（上饒望仙穀風景區店）,9.7,"['副樓特價雙床房:HK$698', '豪華雅緻大床房:HK$1,058', '豪華山景大床房:HK$1,166', '豪華山景雙床房:HK$1,385']"
雲季酒店（上饒萬達廣場店）,9.4,"['雲·甄選大床房:HK$172', '雲·甄選雙床房:HK$182', '雲·臻享大床房:HK$182', '雲·臻享雙床房:HK$193']"
上饒嘉萊特沁廬酒店（近萬力時代）,9.4,"['精緻影院大床房:HK$326', '精典高級大床房:HK$327', '精典高級雙床房:HK$327', '落地全景豪華大床房（配獨立衣帽間）:HK$412', '落地全景豪華雙床房（配獨立衣帽間）:HK$412']"
漢庭酒店（上饒鳳凰大道店）,9.3,"['高級大床房:HK$224', '商務大床房:HK$233', '高級雙床房:HK$243']"
麗楓酒店（上饒寶澤樓萬達廣場店）,9.6,"['自在大床房:HK$265', '自在雙床房:HK$265', '純凈自然大床房:HK$281', '純凈自然商務大床房:HK$297']"
上饒富力萬達嘉華酒店（萬達廣場）,9.5,"['豪華大床房-帶浴缸:HK$556', '豪華雙床房-帶浴缸:HK$556', '高級豪華園景大床房-盡覽公園湖景-帶浴缸:HK$589', '高級豪華雙床房-俯瞰繁華夜景-帶浴缸:HK$589', '精選豪華江景大床房-C位俯瞰信江美景-帶浴缸:HK$621', '尊榮豪華雙床房（繁華夜景+歐舒丹洗護+帶浴缸）:HK$632']"
麗楓酒店（上饒高鐵站店）,9.7,"['雅緻大床房:HK$270', '豪華大床房:HK$287', '豪華雙床房:HK$287', '商務大床房:HK$305']"
桔子酒店（上饒高鐵站店）,9.6,"['月若流金高級大床房:HK$289', '月若流金高級雙床房:HK$289', '加州陽光商務大床房:HK$308', '月若流金豪華大床房:HK$327']"
藝龍壹棠酒店（上饒吾悅廣場經開區管委會店）,9.9,"['雅緻大床房（飄窗採光+温感取電+智能客控）:HK$296', '雅緻雙床房（飄窗採光+温感取電+智能客控）:HK$296', '海棠大床房（飄窗採光+掛式吹風機+觸屏智能化粧鏡）:HK$329', '海棠雙床房（飄窗採光+掛式吹風機+觸屏智能化粧鏡）:HK$329']"
上饒行政中心亞朵酒店,9.2,"['雅緻大床房（記憶枕+亞朵裸棉床品）:HK$287', '高級大床房（記憶枕+亞朵裸棉床品）:HK$313', '高級雙床房（記憶枕+亞朵裸棉床品）:HK$322', '行政雙床房（小冰箱+記憶枕）:HK$358', '幾木大床房（小冰箱+亞朵深睡枕）:HK$367']"
格菲酒店（上饒高鐵站店）,9.0,"['格菲特惠大床房:HK$191', '格菲特惠雙床房:HK$200', '格菲高級雙床房:HK$218', '格菲高級大床房:HK$218']"
亞朵酒店（上饒信州區政府店）,9.6,"['雅緻大床房【智能客控+65寸智能投屏電視】:HK$313', '高級大床房【智能客控+65寸智能投屏電視】:HK$340', '高級雙床房【智能客控+65寸智能投屏電視】:HK$358', '行政大床房【智能客控+65寸投屏電視+冰箱+浴袍】:HK$403', '行政湖景雙床房【智能客控+65寸投屏電視+冰箱+浴袍】:HK$421']"
望仙小院（望仙谷景區店）,9.2,"['靜謐-安睡好眠山景大床房:HK$636', '山景雙床房:HK$660', '靜謐-山景親子大標間:HK$740', '超大-靜謐-豪華山景家庭房-loft:HK$772']"
上饒悦溪開元觀堂,9.6,"['觀堂大床房:HK$688', '觀堂雙床房:HK$688', '高級園景雙床房:HK$743', '高級園景大床房:HK$743', '博雅山景雙床房:HK$1,016', '博雅山景大床房:HK$1,016']"
速8精選酒店（上饒高鐵站店）,9.5,"['速8智能丨雅緻大床房{全屋智能+寫字桌}:HK$191', '速8智能丨雅緻雙床房{全屋智能+寫字桌}:HK$191', '速8智能丨優致大床房{全屋智能+寫字桌}:HK$197', '速8智能丨優致雙床房{全屋智能+寫字桌}:HK$197']"
上饒鳳凰大道亞朵酒店,9.7,"['雅緻大床房（記憶枕＋亞朵裸棉床品+電視投屏）:HK$358', '高級大床房（記憶枕＋亞朵裸棉床品+電視投屏）:HK$376', '行政雙床房（記憶枕+亞朵裸棉床品+小冰箱）:HK$448', '行政大床房（記憶枕+亞朵裸棉床品+小冰箱）:HK$448']"
回禾酒店（上饒高鐵站五三大道店）,9.1,"['温馨舒適 | 特惠大床房:HK$152', '賓至如歸 | 特惠雙床房:HK$175', '安而喜夢 | 精緻大床房:HK$192', '輕享舒適 | 精緻雙床房:HK$209']"
望山澗·Yumsem山風集民宿（望仙谷景區店）,9.8,"['【山梨】榻榻米大床房｜原木雅居【羽絨被+乳膠墊】:HK$361', '【安若】 立夏夏至雙床房｜原木胡桃【羽絨被+乳膠墊】:HK$404', '【安和】落地窗景雙床房｜原木復古【羽絨被+乳膠墊】:HK$448', '【春山桂語】山景雙床房｜原木山景【羽絨被+乳膠墊】:HK$459']"
三合悦致酒店（萬達廣場店）,9.5,"['雅緻大床房:HK$221', '雅緻雙床房:HK$221', '巨幕觀影大床房:HK$243', 'LOFT複式套房:HK$435']"
上饒海源國際酒店（天虹購物中心店）,9.4,"['浪漫影院房:HK$249', '至享大床房:HK$286', '輕奢大床房:HK$352', '輕奢雙床房:HK$352']"
才英緣民宿（望仙穀風景區店）,9.4,"['月影丨特惠大床房（採光優質+品質床墊+圓形化粧鏡）:HK$185', '風雅丨舒適大床房（採光優質+品質床墊+圓形化粧鏡）:HK$200', '星河丨舒適雙床房（採光優質+品質床墊+遮光窗簾）:HK$215', '忘憂丨清新雙床房:HK$225']"
上饒沐鑫城市酒店（萬達廣場店）,9.2,"['豪華大床房:HK$339', '豪華雙床房:HK$372', '豪華親子房:HK$393', '行政大套房:HK$1,217', '家庭套房:HK$1,217']"
維也納智好酒店（上饒步行街和平陽光店）,9.1,"['標準雙床房:HK$165', '標準大床房:HK$165', '高級大床房:HK$184', '高級雙床房:HK$184']"
望仙·頤雲｜YIYUN輕奢酒店（望仙穀風景區店）,9.3,"['遂隱 · 舒適大床房【4K巨幕投影+零壓床墊+親膚床品】:HK$464', '山市 · 豪華大床房【4K巨幕投影+零壓床墊+親膚床品】:HK$486', '山客 · 山景雙床房【零壓床墊+親膚床品+乾濕分離】:HK$503', '上川 · 山景雙床房【零壓床墊+親膚床品+乾濕分離】:HK$503']"
上饒茶聖路美侖酒店,9.2,"['大床房:HK$359', '豪華雙床房:HK$359', '高級大床房:HK$378', '豪華大床房:HK$398', '商務大床房:HK$418']"
中茂大酒店（上饒中心廣場步行街店）,9.3,"['輕享純凈丨拾惠大床房:HK$129', '品質睡眠丨精緻大床房:HK$171', '輕享純凈丨拾惠雙床房:HK$173', '品質睡眠丨精緻雙床房:HK$195']"
上饒江南豪庭國際大酒店,9.1,"['優享單間:HK$204', '優享標間:HK$204', '高級雙床房:HK$267', '高級大床房:HK$277', '豪華雙床房:HK$277']"
維也納國際酒店（上饒經開區店）,9.7,"['高級大床房:HK$249', '豪華大床房:HK$282', '豪華雙床房:HK$293', '景觀大床房:HK$293']"
餘閲山居民宿（望仙谷景區店）,9.8,"['特價~極簡時光大床房:HK$189', '温馨雙床房（小米投影＋小米智控）:HK$236', '巨幕山景大床房（小米投影＋小米智控＋智能馬桶＋新風系統）:HK$262', '雅緻山景雙床房（小米投影＋小米智控＋新風系統）:HK$278']"
上饒信州開元名庭酒店,9.5,"['名成舒適大床房（空氣凈化器+巨幕投影+充電樁）:HK$325', '名成高級大床房（智能客控+乾濕分離+夢百合床墊）:HK$337', '名成豪華大床房（智能客控+夢百合床墊+手機投屏）:HK$375', '名成豪華雙床房（智能客控+夢百合床墊+手機投屏）:HK$387', '名成豪華家庭房（智能客控+夢百合床墊+乾濕分離）:HK$399']"
上饒吾悦廣場陽光時代亞朵酒店,9.7,"['雅緻大床房（投屏+智能客控）:HK$313', '高級大床房（投屏+智能客控+小冰箱）:HK$349', '高級雙床房（投屏+智能客控+小冰箱）:HK$367', '行政大床房（投屏+智能客控+小冰箱）:HK$412', '行政雙床房（投屏+智能客控+小冰箱）:HK$421']"
維也納酒店（上饒高鐵站店）,9.6,"['愉夢大床房:HK$260', '愉夢雙床房:HK$260', '商務大床房:HK$278', '商務雙床房:HK$278']"
夏沫SUM・觀景度假藝術輕奢設計師美宿（上饒望仙穀風景區店）,9.8,"['夏憶·安睡大床房【投屏電視+智能馬桶+舒適床品+影音會員】:HK$282', '仲夏·觀影大床房【小米巨幕投影+全屋智能+智能馬桶+影音會員】:HK$370', '伴夏·尊享大床房【小米巨幕投影+全屋智能+智能馬桶+影音會員】:HK$370', '夏楓·田園山景大床房【180°全視野落地窗景觀+小米巨幕投影+全屋智能+智能馬桶+影音會員】:HK$436']"
望仙谷夜吟民宿,9.7,"['瞻星-綺夢間-山（霧）景大床房（智能客控+智能馬桶）:HK$481', '清霧-沐月居 山（霧）景大床房（智能客控+直飲機）:HK$527', '初見-謐境 山（河）景大床房（智能客控十智能馬桶）:HK$555', '見山一知意閣-山（雲）景大床房+智能客控+直飲機:HK$666']"
花築·梔也美宿（上饒望仙穀風景區店）,9.9,"['夏至-飄窗舒適雙床房+智能客控+書桌+飄窗茶几:HK$528', '暮野-温馨雙床房+智能客控+舒適飄窗+藤編茶几:HK$589', '慕舍-舒適大床房+晴空燈+智能客控+實木書桌:HK$650', '聽竹-榻榻米-投影-温馨大床房+智能客控+飄窗+藤編茶几:HK$687']"
全季酒店（上饒廣豐月兔廣場）,9.4,"['高級大床房:HK$289', '商務大床房:HK$308', '高級雙床房:HK$308', '舒壓高級大床房:HK$327']"
桔子酒店（上饒濱江東路店）,9.6,"['高級大床房:HK$296', '高級雙床間:HK$315', '江景大床房:HK$315', '江景雙床房:HK$334']"
中普酒店,8.8,"['特惠大床房:HK$201', '雙床房:HK$229', '大床房:HK$229', '高級雙床房:HK$248']"
上饒永利國際大酒店,8.8,"['標準山景雙床房:HK$202', '標準山景大床房:HK$202', '豪華大床房:HK$228', '豪華雙床房:HK$251', '行政大床房:HK$251']"
上饒高鐵站智選假日酒店,9.8,"['高級房 超大床:HK$320', '高級房 雙床:HK$320', '高級房·雙床（高樓層）:HK$366', '舒適高級房·超大床:HK$366', '舒適高級房·超大床（高樓層）:HK$394']"
暮歸民宿（上饒望仙穀風景區店）,9.7,"['B棟特惠舒眠榻榻米（智能馬桶+乾濕分離+雲端睡眠）:HK$259', 'A棟入夢·山間大床房 休閑懶人躺椅+乾濕分離+雲端睡眠:HK$312', 'A棟田園·暮歸大床房 休閑懶人躺椅+乾濕分離+雲端睡眠:HK$327', 'B棟靜謐·輕奢大床房 休閑懶人躺椅+乾濕分離+雲端睡眠:HK$338']"
你好酒店（上饒商貿城鳳凰大道店）,9.6,"['高級大床房:HK$207', '觀影大床房:HK$207', '豪華雙床房:HK$226', '豪華大床房:HK$226']"
雲朵·Art設計師觀景度假酒店（望仙谷景區店）,9.8,"['織夢·安道爾舒眠大床房【全屋智能+零壓深度睡眠床墊+百寸高清投影+杜比環繞音效+智能馬桶】:HK$337', '雲想山·觀景聽風大床房【全屋智能+零壓深度睡眠床墊+百寸高清投影+杜比環繞音效+智能馬桶】:HK$337', '雲華·聆音靜沐雙床房【全屋智能+零壓深度睡眠床墊+百寸高清投影+杜比環繞音效+智能馬桶】:HK$358', '夢嶼·聖託里尼奶油雙床房【全屋智能+零壓深度睡眠床墊+百寸高清投影+杜比環繞音效+智能馬桶】:HK$358']"
上饒饒商誠悦大酒店（上饒高鐵站店）,9.5,"['誠悦高級大床房:HK$486', '誠悦豪華大床房:HK$517', '誠悦高級雙床房:HK$517', '誠悦豪華雙床房:HK$547', '誠悦行政大床房:HK$620', '誠悦行政雙床房:HK$651']"
山野間·喜萊登·全視野山湖景ins度假酒店（上饒望仙穀風景區店）,9.1,"['月棲·温馨雙床房【巨幕投影+智能馬桶+乾濕分離】:HK$388', '聽竹·山景温馨榻榻米雙床房【智能馬桶+乾濕分離】:HK$399', '夕拾·輕奢河景蜜月大床房【智能馬桶+乾濕分離+中央空調】:HK$400', '雲隱·輕奢觀景雙床房【巨幕投影+智能馬桶+乾濕分離+中央空調】:HK$481']"
晴川行館民宿（望仙谷景區店）,9.5,"['晴回·特惠露台大床房【270°山景+零壓床墊+乾濕分離】:HK$219', '挽晴·舒適雙床房【安睡好物+零壓床墊+乾濕分離】:HK$250', '晴晤·露台雙床房【270°山景+零壓床墊+乾濕分離】:HK$250', '晴牕·180°山景奶油風雙床房【零壓床墊+乾濕分離】:HK$273']"
星程酒店（上饒高鐵站店）,9.5,"['高級大床房:HK$196', '商務雙床房:HK$215', '豪華大床房:HK$224', '套房:HK$271']"
靜聽·Villa美學度假美宿（上饒望仙穀風景區店）,9.2,"['花田錯·輕奢雙床房『休閑桌椅+零壓睡眠床墊+舒適床品+影音會員+空氣能熱水循環』:HK$340', '靜聽雨落·智能大床房『全屋智能+百寸巨幕投影+休閑桌椅+零壓睡眠床墊+舒適床品+影音會員+空氣能熱水循環』:HK$401', '聽雪·雅緻雙床房『休閑區域+休閑桌椅+零壓睡眠床墊+舒適床品+影音會員+空氣能熱水循環』:HK$401', '醉清風·豪華雙床房『1.5X2+休閑桌椅+零壓睡眠床墊+舒適床品+影音會員+空氣能熱水循環』:HK$435']"
逸景·田野山川｜望仙山隱·田間雅舍,9.6,"['拾羽丨舒適大床房（鵝絨床品+深睡乳膠床墊+乾濕分離+院景+影音會員）:HK$269', '繁錦丨一樓院景樂享大床房（高清寬幕投影+鵝絨床品+深睡乳膠床墊+乾濕分離+院景+影音會員）:HK$269', '晨汐丨雅緻大床房（高清巨幕投影+鵝絨床品+深睡乳膠床墊+乾濕分離）:HK$308', '光遇丨輕奢大床房（高清巨幕投影+鵝絨床品+深睡乳膠床墊+乾濕分離+影音會員）:HK$312']"
山邊的雲Mt Cloud·風之谷泊心雲舍（望仙谷景區店）,9.7,"['月白｜幾木Cloud影音大床房（全屋軟水+零壓床墊）:HK$267', '雨過山青｜幾木Cloud影音大床房（全屋軟水+零壓床墊+懸浮地台+榻榻米）:HK$281', '縞素｜幾木Cloud影音雙床房（全屋軟水+零壓床墊）:HK$313', '觀風｜幾木Cloud影音雙床房（全屋軟水+零壓床墊+榻榻米）:HK$320']"
望仙·dream桂園民宿（望仙穀風景區店）,9.8,"['宿谷丨零壓享夢大床房（高清電視+品質床墊+乾濕分離）:HK$230', '鶯語丨樂安樂意大床房（可觀山景+智能馬桶+採光優質）:HK$249', '清筱丨日暮曉看大床房（可觀山景+品質床墊+採光優質）:HK$258', '繁錦丨築夢星空雙床房（簡約風+高清電視+VIP影片）:HK$259']"
望溪小築民宿（望仙谷景區店）,9.8,"['望峯-投影大床房【小度智能+智能馬桶】:HK$274', '望溪-投影大床房【小度智能+智能馬桶】:HK$313', '臨峯-投影大床房【小度智能+智能馬桶】:HK$313', '觀峯-投影大床房【小度智能+智能馬桶】:HK$313']"
上饒盛澤開元名庭酒店,9.4,"['名成高級大床房（唐風國潮+商務辦公+全屋智能）:HK$354', '名成高級雙床房（唐風國潮+商務辦公+全屋智能）:HK$354', '名成豪華大床房（唐風國潮+商務辦公+全屋智能）:HK$398', '名成豪華雙床房（唐風國潮+商務辦公+全屋智能）:HK$398', '名成行政大床房（唐風國潮+商務辦公+全屋智能）:HK$441']"
望仙谷山水居民宿,9.5,"['花巖底下|舒適大床房+見山景+小度智能:HK$245', '青梅竹馬|舒適大床房+智能客控:HK$255', '溪邊小築|山景大床房【智能馬桶+零重力床墊】:HK$265', '小橋流水|山景大床房+智能馬桶+55寸投屏電視:HK$265']"
茂源香澗·360°環山觀景度假美宿（望仙谷店）,9.5,"['芊尋·雅緻田園大床房:HK$218', '悦舍·寧靜雅緻雙床房｜布藝床品｜木製牀頭櫃｜木製電視櫃｜舒適好眠:HK$261', '芊時·舒適山景雙床房:HK$282', '未忘·180°山河景豪華雙床房:HK$338']"
上饒遠泉大道晶科光伏亞朵酒店,9.9,"['高級雙床房（Mini小冰箱+投屏電視+深睡枕PRO）:HK$305', '高級大床房（Mini小冰箱+投屏電視+深睡枕PRO）:HK$314', '尊享雙床房（Mini小冰箱+投屏電視+深睡枕PRO）:HK$332', '尊享大床房（Mini小冰箱+投屏電視+深睡枕PRO）:HK$340', '尊享套房（Mini小冰箱+投屏電視+深睡枕PRO）:HK$448']"
柒拾貳間·林語山房（上饒望仙谷景區店）,9.5,"['裏安｜零壓大床房 【全屋智能+靜享空間+零壓床墊】:HK$309', '亦居｜榻榻米零壓大床房 【全屋智能+花園景+零壓床墊】:HK$334', '嶼楠｜榻榻米零壓大床房 【全屋智能+全屋軟水+零壓床墊】:HK$373', '松柏靜廬｜榻榻米零壓特大床房 【全屋智能+軟卧沙發】:HK$386']"
雲崖山居民宿（望仙谷景區店）,9.7,"['遇見歡喜丨180°山景雙床房丨高清投影 | 山間清涼風 | 硅藻泥無甲醛:HK$249', '逍遙自在舒適大床房（靜謐山景+高清投影+奶油ins風+搖搖椅）:HK$249', '雲棲觀景聽風大床房（自然美學+高清投影+大露台無敵景觀）:HK$258', '夜柳扶風丨180°全景雙床房丨清爽乾淨 | 私享影院 | 靜謐時光:HK$277']"
上饒紅石王朝國際大酒店（新城吾悦廣場店）,9.1,"['舒適雙床房:HK$250', '悦享雙床房:HK$290', '悦享大床房:HK$292', '尊享雙床房:HK$330', '尊享大床房:HK$342']"
