酒店名称,评分,房型价格列表
中山小欖希爾頓歡朋酒店,9.6,"['舒適大床房:HK$517', '高級雙床房:HK$604', '高級大床房:HK$604', '豪華大床房:HK$671', '豪華雙床房:HK$671']"
中山石岐大信酒店,9.2,"['豪華城景雙床房:HK$397', '豪華城景大床房:HK$397', '商務大床房:HK$416', '商務雙床房:HK$416', '榮享雙拼大床房:HK$470']"
泊閲酒店（華髮商都利和廣場店）,9.4,"['覓知·大床房（智能客控，無線充電，65寸高清投屏大電視）:HK$372', '閲己·大床房（智能客控，無線充電，65寸高清投屏大電視）:HK$385', '覓知·雙床房（智能客控，無線充電，65寸高清投屏大電視）:HK$391', '泊閲親子房（智能客控，無線充電，65寸高清投屏大電視）:HK$411', '泊度·家庭房（智能客控，無線充電，65寸高清投屏大電視）:HK$707']"
中山長命水麗呈酒店,9.3,"['豪華大床房（智能客控+大陽台）:HK$483', '尊享大床房（智能客控+小冰箱+浴袍+大陽台）:HK$522', '行政豪華大床房（智能客控+小冰箱+浴袍+大陽台）:HK$522', '豪華雙床房（智能客控+大陽台）:HK$562', '豪華至尊套房（單人浴缸+智能客控+會客廳+茶具+小冰箱）:HK$1,033']"
易趣·君臨酒店,9.2,"['高級大床房（落地全景+親膚浴袍+大屏電視）:HK$429', '高級雙床房（mini吧+休閑沙發+乾濕分離衞生間）:HK$451', '豪華大床房（摩登夜景+零壓床墊+全屋智能）:HK$488', '行政大床房（羽絨寢具+臨窗浴缸+茶藝品茗）:HK$555']"
中山利和希爾頓酒店,9.4,"['豪華雙床房:HK$681', '豪華大床房:HK$714', '全景超豪華大床房:HK$843', '行政大床房:HK$1,065', '行政雙床房:HK$1,371', '公主夢幻主題親子房:HK$1,400']"
中山古鎮華藝廣場亞朵酒店,9.6,"['雅緻大床房（全景落地窗+智能客控）:HK$520', '高級大床房（小冰箱+全景落地窗+智能客控）:HK$560', '高級雙床房（美麗城景+小冰箱+全景落地窗+智能客控）:HK$560', '行政城景大床房（小冰箱+全景落地窗+智能客控）:HK$631', '行政城景雙床房（小冰箱+全景落地窗+智能客控）:HK$631']"
麗楓酒店（中山利和廣場店）,9.7,"['豪華大床房（冷凝新風系統）:HK$333', '商務大床房（冷凝新風系統）:HK$365', '豪華雙床房（冷凝新風系統）:HK$365', '行政大床房（冷凝新風系統）:HK$393']"
凱里亞德酒店（中山南區會議中心店）,9.4,"['輕享大床房:HK$321', '輕享雙床房:HK$321', '優享陽光大床房（全景落地窗）:HK$346', '優享陽光雙床房（全景落地窗）:HK$346', '優享城景雙床房（全景落地窗）:HK$371']"
中山小欖亞朵酒店,9.6,"['高級大床間（深睡體驗+祼棉床品+投屏電視）:HK$459', '高級雙床房（深睡體驗+祼棉床品+投屏電視）:HK$490', '幾木大床房（深睡體驗+祼棉床品+投屏電視）:HK$490', '幾木雙床房（深睡體驗+祼棉床品+投屏電視）:HK$530', '幾木享浴大床房（深睡體驗+祼棉床品+投屏電視）:HK$650']"
中山中心逸衡酒店,9.5,"['高級房 超大床:HK$621', '高級房 2張雙人床:HK$621', '高級大床房帶魔鏡:HK$730', '開放式套房-超大床:HK$1,166', '單卧套房-超大床:HK$1,548']"
全季酒店（中山興中廣場店）,9.6,"['高級大床房:HK$566', '江景大床房:HK$676', '高級雙床房:HK$715', '江景雙床房:HK$755', '江景家庭房:HK$815']"
鉑頓國際公寓（中山坦洲店）,9.6,"['智能標準大床房（智能客控+舒適温馨+賽諾安納西床墊）:HK$207', '智能標準雙床房（智能客控+電視投屏+賽諾安納西床墊）:HK$222', '智能高級雙床房（智能客控+電視投屏+賽諾安納西床墊）:HK$259', '智能豪華影院大床房（智能客控+100寸巨幕+品牌床墊）:HK$296']"
中山北站希岸Deluxe酒店,9.4,"['Deluxe大床房:HK$331', 'Deluxe商務大床房（智能客控+零壓床墊）:HK$339', 'Deluxe豪華大床房（智能客控+零壓床墊+乾濕分離）:HK$374', 'Deluxe豪華雙床房（智能客控+乾濕分離+零壓床墊）:HK$383', 'Deluxe純凈房（空氣凈化器+除蟎儀+馬桶凈化器+直飲熱水機）:HK$409']"
中山翠亨新區希爾頓歡朋酒店,9.4,"['舒適雙床房:HK$497', '舒適大床房:HK$497', '高級大床房:HK$530', '高級雙床房:HK$530', '豪華大床房:HK$585']"
中山南朗希爾頓歡朋酒店,9.5,"['舒適大床房:HK$449', '舒適雙床房:HK$449', '高級大床房:HK$497', '高級雙床房:HK$497', '豪華大床房:HK$526']"
廷泊酒店（中山富逸城中山站店）,9.2,"['雅悦禮居雙床房（智能客控+浴袍+手機投屏+陽台）:HK$502', '雅悦禮居大床房（智能客控+浴袍+手機投屏+陽台）:HK$503', '茗雅禮居雙床房（智能客控+浴袍+手機投屏+陽台）:HK$546', '茗雅禮居大床房（智能客控+浴袍+手機投屏+陽台）:HK$547', '尊享典居大床房（智能客控+浴袍+手機投屏+大陽台+冰箱+功夫茶具+長桌辦公）:HK$617']"
中山利和希爾頓花園酒店,9.4,"['標準大床房:HK$346', '標準雙床房:HK$346', '高級大床房:HK$378', '高級雙床房:HK$378', '豪華大床房:HK$433']"
中山橫欄長新時代廣場亞朵酒店,9.6,"['高級大床房:HK$430', '行政大床房（乾濕分離+貴妃沙發+無線投屏+無線電充+小冰箱）:HK$500', '高級雙床房:HK$520', '行政雙床房（乾濕分離+小冰箱+無線投屏+無線電充）:HK$560', '行政親子雙床房（小黃鴨主題）:HK$631']"
美宿·雍陌民宿（中山温泉度假區店）,9.6,"['別緻花園大床房:HK$402', '雅緻花園雙床房:HK$543', '尊享沐陽大床房:HK$587', '複式家庭親子房:HK$784']"
中山石岐步行街興中廣場希岸Deluxe酒店,9.4,"['Deluxe大床房:HK$304', 'Deluxe雙床:HK$304', 'Deluxe豪華大床房（小冰箱+浴袍+乾濕分離）:HK$310', 'Deluxe豪華雙床房（小冰箱+乾濕分離）:HK$319', 'Deluxe商務大床房（小冰箱+浴袍+乾濕分離）:HK$357']"
中山利和威斯汀酒店,9.4,"['豪華城景雙床房:HK$772', '豪華城景大床房:HK$772', '豪華江景大床房:HK$827', '豪華江景雙床房:HK$827', '草莓音樂大床房:HK$981', '草莓音樂雙床房:HK$981']"
逸鄉居度假山莊（中山南朗站店）,9.3,"['逸鄉太空艙庭院大床房（户外傢俱+智能客控+冰箱）:HK$696', '逸鄉太空艙庭院雙床房（户外傢俱+智能客控+冰箱）:HK$696', '逸鄉田園庭院雙床房（獨立庭院+户外傢俱+智能客控+冰箱洗衣機）:HK$805', '逸鄉田園庭院大床房（獨立庭院+户外傢俱+智能客控+冰箱洗衣機）:HK$805']"
中山保利艾美酒店,9.1,"['豪華大床房:HK$661', '豪華雙床房:HK$661', '探索大床房:HK$692', '探索雙床房:HK$692', '家庭房:HK$938', '行政大床房:HK$972']"
中山盛景尚峯酒店,9.0,"['商務單人房:HK$457', '商務雙人房:HK$469', '金融單人房:HK$481', '金融雙人房:HK$494', '金融商務房:HK$693']"
中山温泉賓館,9.1,"['親水園親水房:HK$672', '商務園商務大床房:HK$672', '商務園商務雙床房:HK$672', '高級大床房:HK$672', '高級雙床房:HK$672', '親水園觀景房:HK$960']"
全季酒店（中山博覽中心店）,9.5,"['高級大床房:HK$742', '豪華大床房:HK$772', '商務大床房:HK$803', '高級雙床房:HK$892', '商務雙床房:HK$923']"
中山温泉賓館（中心園店）,9.3,"['中心園園景大床:HK$889', '中心園園景雙床:HK$889', '中心園套房:HK$1,506', '中心園豪華套房:HK$2,051', '森林親子主題房:HK$2,487', '海洋親子主題房:HK$2,487']"
陌上輕居酒店（中山站火炬軟件園店）,9.6,"['風韻·智能大床房（智能客控+無線投屏+小冰箱）:HK$289', '風韻·智能雙床房（智能客控+無線投屏+小冰箱）:HK$297', '品學·舒睡大床房（語音客控+無線投屏+小冰箱）:HK$313', '品學·舒睡雙床房（語音可控+無線投屏+小冰箱）:HK$324', '雅緻·臻禮大床房（語音客控+觀景茶桌+小冰箱）:HK$367']"
中山君創世紀酒店（利和廣場店）,8.8,"['舒適大床房:HK$363', '舒適雙床房:HK$363', '高級大床房【落地玻璃+安靜舒適】:HK$408', '高級雙床房【落地玻璃+安靜舒適】:HK$408', '豪華大床房【鳥瞰空中花園+體驗靜謐舒適】:HK$450']"
中山青之韻酒店（火炬開發區店）,9.4,"['零壓豪華大床房:HK$313', '零壓雙床房:HK$313', '智能零壓單人房:HK$334', '零壓豪華雙床房:HK$363', '零壓景觀大床房:HK$393']"
鉑頓國際公寓（中山黃圃店）,9.6,"['雅緻大床房:HK$212', '高級大床房:HK$233', '豪華大床房:HK$255', '豪華雙床房:HK$269']"
中山·希岸｜Xana·ElegantDesignStyle酒店（富華道汽車總站店）,9.6,"['XANA玲瓏大床房「品質床墊+新風系統+乾濕分離」:HK$287', 'XANA希岸高級大床房「新風系統+乾濕分離+品質床墊」:HK$313', 'XANA希岸雅緻房「品質床墊+新風系統+乾濕分離」:HK$313', 'XANA玲瓏雙床房「品質床墊+新風系統+乾濕分離」:HK$313', 'XANA希岸高級雙床房「新風系統+乾濕分離+品質床墊」:HK$339']"
宜尚酒店（火炬開發區中山站店）,9.6,"['智能高級雙床房（全景飄窗+智能客控）:HK$272', '智能高級大床房（落地窗+智能客控）:HK$272', '智能豪華雙床房（高樓層+全景飄窗）:HK$302', '智能豪華大床房（全景飄窗+智能客控）:HK$302']"
中山南頭海雅繽紛城亞朵酒店,9.7,"['高級大床房（乾濕分離+無線電充+小冰箱+無線投屏）:HK$457', '高級雙床房（乾濕分離+無線電充+小冰箱+無線投屏）:HK$517', '行政大床房（乾濕分離+無線電充+小冰箱+無線投屏）:HK$527', '行政雙床房:HK$600', '幾木享浴套房（乾濕分離+無線電充+小冰箱+無線投屏）:HK$778']"
中山名座假日酒店,9.1,"['高級大床房:HK$534', '高級雙床房:HK$534', '豪華大床房:HK$571', '特色大床房:HK$571', '親子房:HK$571', '豪華雙床房:HK$571']"
中山坦洲亞朵酒店,9.5,"['雅緻雙床房（深睡體驗+裸棉床品+小冰箱）:HK$409', '雅緻大床房（深睡體驗+裸棉床品+小冰箱）:HK$430', '行政雙床間（深睡體驗+裸棉床品+小冰箱）:HK$449', '高級大床房（深睡體驗+裸棉床品+小冰箱）:HK$459', '行政大床間（深睡體驗+裸棉床品+小冰箱）:HK$490']"
雲朵酒店（中山神灣店）,9.3,"['初見 | 雲朵特惠房【手機投屏+投影儀】:HK$203', '相遇 | 旅行商務影視大床房【100寸大屏投影+手機投屏】:HK$249', '時光 | 影視雙床房【自動窗簾+智能馬桶+4K巨幕】:HK$261', '悠然|時光親子雙床房【公區提供自助洗衣房+冷暖空調】:HK$279']"
麗楓酒店（中山三角店）,9.5,"['雅緻大床房:HK$260', '高級影視大床房:HK$276', '豪華雙床房（慕思床墊+智能客控）:HK$311', '豪華大床房（慕思床墊+智能客控）:HK$311']"
中山北站V-PARK廣場亞朵酒店,9.6,"['雅緻大床房:HK$500', '高級大床房:HK$540', '高級雙床房:HK$540', '行政大床房:HK$600', '行政雙床房:HK$600']"
中山悦生自然營地,9.3,"['悦己:HK$596', '悦水:HK$669', '悦心:HK$780']"
中山二路利和廣場亞朵酒店,9.6,"['雅緻房:HK$550', '高級大床房（惠威藍牙音響+直飲水+小冰箱+浴袍）:HK$591', '高級雙床房（惠威藍牙音響+直飲水+小冰箱+浴袍）:HK$642', '幾木大床房（惠威藍牙音響+直飲水+空氣凈化器+小冰箱）:HK$651', '尊享大床房（深睡床墊&PRO枕+小冰箱+直飲水）:HK$671']"
中山頤和君利酒店（石岐萬象滙店）,9.0,"['樂享舒睡園景雙床房「落地玻璃+安靜舒適+園林景觀」:HK$303', '君享商旅大床房「安靜舒適」:HK$303', '樂享商旅城景大床房「浴缸+城景」:HK$337', '優享舒睡商務套房「獨立廳室+落地玻璃+安靜舒適+園林景觀」:HK$524', '優享舒睡行政套房「獨立廳室+落地玻璃+安靜舒適」:HK$524']"
麗楓酒店（中山民眾店）,9.5,"['雅緻大床房（慕思床墊+智能客控）:HK$273', '豪華雙床房（慕思床墊+智能客控）:HK$306', '豪華大床房（慕思床墊+智能客控）:HK$309', '商務大床房（慕思床墊+智能客控）:HK$322']"
漢庭酒店（中山市中醫院店）,9.4,"['大床房:HK$368', '高級大床房:HK$377', '商務大床房:HK$406', '商務雙床房:HK$491']"
中山東方海悦酒店（興中廣場華髮商都店）,9.1,"['迷你單人房:HK$325', '標準雙床房:HK$412', '標準大床房:HK$412', '迷你江景單人房（觀江景陽台）:HK$434', '行政大床房:HK$434']"
中山雅居樂長江酒店（長江高爾夫球會店）,9.4,"['高爾夫景觀豪華雙床房:HK$498', '高爾夫景觀豪華大床房:HK$522', '高爾夫景觀家庭套房:HK$789', '高爾夫景觀豪華套房:HK$910', '高爾夫親水園林帳篷度假別墅:HK$1,116']"
棲遇民宿（石岐萬象滙店）,8.7,"['現代時尚高清投影複式套房A（1室1廳）:HK$382', '現代温馨高清投影複式套房（2室1廳2衞）:HK$550']"
希亞途花園酒店（中山古鎮國際燈飾批發中心店）,9.5,"['Hiatu 雅緻大床房:HK$207', 'Hiatu 雅緻雙床房:HK$222', 'Hiatu 雅美大床房:HK$232', 'Hiatu 雅美雙床房:HK$252']"
青之韻酒店（高鐵中山站店）,9.6,"['零壓高級大床房:HK$288', '零壓高級雙床房:HK$292', '零壓行政大床房:HK$299', '零壓行政雙床房:HK$309']"
