酒店名称,评分,房型价格列表
中山小欖希爾頓歡朋酒店,9.6,"['舒適大床房:HK$517', '高級雙床房:HK$605', '高級大床房:HK$605', '豪華大床房:HK$671', '豪華雙床房:HK$671']"
中山富華道石岐步行街亞朵酒店,9.7,"['高級大床房:HK$457', '高級雙床房:HK$474', '行政大床房:HK$501', '行政雙床房:HK$519', '幾木大床房:HK$592']"
中山小欖亞朵酒店,9.6,"['高級大床間（深睡體驗+祼棉床品+投屏電視）:HK$421', '高級雙床房（深睡體驗+祼棉床品+投屏電視）:HK$448', '幾木大床房（深睡體驗+祼棉床品+投屏電視）:HK$448', '幾木雙床房（深睡體驗+祼棉床品+投屏電視）:HK$483', '幾木享浴大床房（深睡體驗+祼棉床品+投屏電視）:HK$592']"
中山長命水麗呈酒店,9.3,"['豪華大床房（智能客控+大陽台）:HK$483', '尊享大床房（智能客控+小冰箱+浴袍+大陽台）:HK$523', '行政豪華大床房（智能客控+小冰箱+浴袍+大陽台）:HK$523', '豪華雙床房（智能客控+大陽台）:HK$562', '豪華至尊套房（單人浴缸+智能客控+會客廳+茶具+小冰箱）:HK$1,034']"
麗楓酒店（中山利和廣場店）,9.7,"['豪華大床房（冷凝新風系統）:HK$287', '豪華雙床房（冷凝新風系統）:HK$298', '商務大床房（冷凝新風系統）:HK$321', '行政雙床房（冷凝新風系統）:HK$332']"
鉑頓國際公寓（中山坦洲店）,9.6,"['智能標準大床房（智能客控+舒適温馨+賽諾安納西床墊）:HK$238', '智能標準雙床房（智能客控+電視投屏+賽諾安納西床墊）:HK$255', '智能高級雙床房（智能客控+電視投屏+賽諾安納西床墊）:HK$297', '智能豪華影院大床房（智能客控+100寸巨幕+品牌床墊）:HK$340']"
廷泊酒店（中山富逸城中山站店）,9.2,"['雅悦禮居雙床房（智能客控+浴袍+手機投屏+陽台）:HK$502', '雅悦禮居大床房（智能客控+浴袍+手機投屏+陽台）:HK$503', '茗雅禮居雙床房（智能客控+浴袍+手機投屏+陽台）:HK$547', '茗雅禮居大床房（智能客控+浴袍+手機投屏+陽台）:HK$548', '尊享典居大床房（智能客控+浴袍+手機投屏+大陽台+冰箱+功夫茶具+長桌辦公）:HK$617']"
鉑頓國際公寓（中山黃圃店）,9.6,"['雅緻大床房:HK$222', '高級大床房:HK$244', '豪華大床房:HK$266', '豪華雙床房:HK$281']"
凱里亞德酒店（中山科技大學店）,9.3,"['輕享大床房:HK$340', '樂享雙床房:HK$366', '樂享大床房:HK$366', '榮享大床房:HK$392', '榮享雙床房:HK$392']"
中山南朗希爾頓歡朋酒店,9.5,"['舒適大床房:HK$450', '舒適雙床房:HK$450', '高級大床房:HK$508', '高級雙床房:HK$508', '豪華大床房:HK$536']"
中山石岐大信酒店,9.2,"['豪華城景雙床房:HK$351', '豪華城景大床房:HK$351', '榮享雙拼大床房:HK$395', '商務大床房:HK$416', '商務雙床房:HK$416']"
中山翠亨新區希爾頓歡朋酒店,9.4,"['舒適雙床房:HK$498', '舒適大床房:HK$498', '高級大床房:HK$531', '高級雙床房:HK$531', '豪華大床房:HK$585']"
易趣·君臨酒店,9.3,"['高級大床房（落地全景+親膚浴袍+大屏電視）:HK$429', '高級雙床房（mini吧+休閑沙發+乾濕分離衞生間）:HK$451', '豪華大床房（摩登夜景+零壓床墊+全屋智能）:HK$488', '行政大床房（羽絨寢具+臨窗浴缸+茶藝品茗）:HK$555']"
陌上輕居酒店（中山站火炬軟件園店）,9.6,"['風韻·智能大床房（智能客控+無線投屏+小冰箱）:HK$289', '風韻·智能雙床房（智能客控+無線投屏+小冰箱）:HK$297', '品學·舒睡大床房（語音客控+無線投屏+小冰箱）:HK$313', '品學·舒睡雙床房（語音可控+無線投屏+小冰箱）:HK$324', '雅緻·臻禮大床房（語音客控+觀景茶桌+小冰箱）:HK$370']"
全季酒店（中山古鎮國貿店）,9.6,"['高級大床房（65寸投屏電視+智能馬桶+智能客控+小冰箱）:HK$358', '商務大床房（65寸投屏電視+智能馬桶+智能客控+小冰箱）:HK$387', '高級雙床房（65寸投屏電視+智能馬桶+智能客控+小冰箱）:HK$387', '景觀大床房（65寸投屏電視+智能馬桶+智能客控+小冰箱）:HK$415', '商務雙床房（65寸投屏電視+智能馬桶+智能客控+小冰箱）:HK$415']"
全季酒店（中山興中廣場店）,9.6,"['高級大床房:HK$487', '江景大床房:HK$585', '高級雙床房:HK$605', '江景雙床房:HK$643', '江景家庭房:HK$702']"
中山石岐步行街興中廣場希岸Deluxe酒店,9.4,"['Deluxe大床房:HK$357', 'Deluxe雙床:HK$357', 'Deluxe豪華大床房（小冰箱+浴袍+乾濕分離）:HK$383', 'Deluxe豪華雙床房（小冰箱+乾濕分離）:HK$392', 'Deluxe商務大床房（小冰箱+浴袍+乾濕分離）:HK$409']"
中山中心逸衡酒店,9.5,"['高級房 超大床:HK$528', '高級房 2張雙人床:HK$528', '高級大床房帶魔鏡:HK$638', '開放式套房-超大床:HK$1,074', '單卧套房-超大床:HK$1,456']"
中山橫欄長新時代廣場亞朵酒店,9.6,"['高級大床房:HK$394', '行政大床房（乾濕分離+貴妃沙發+無線投屏+無線電充+小冰箱）:HK$457', '高級雙床房:HK$474', '行政雙床房（乾濕分離+小冰箱+無線投屏+無線電充）:HK$510', '行政親子雙床房（小黃鴨主題）:HK$574']"
錦江都城酒店（中山西區店）,9.6,"['安舒大床房（席夢思床墊+健養紅木家居 ）:HK$275', '安舒雙床房（席夢思床墊+健養紅木家居 ）:HK$275', '風雅城景雙床房（都市風光+智能馬桶+奧達信冰箱）:HK$308', '風雅城景大床房（都市風光+智能馬桶+奧達信冰箱）:HK$308', '精緻城景大床房（ 都市風光+特大床深睡眠+奧達信冰箱）:HK$341']"
中山利和希爾頓酒店,9.4,"['豪華雙床房:HK$682', '豪華大床房:HK$714', '全景超豪華大床房:HK$844', '行政大床房:HK$994', '行政雙床房:HK$1,052', '公主夢幻主題親子房:HK$1,401']"
中山圈子藝術酒店（興中廣場孫文步行街店）,8.3,"['精緻山景大床房:HK$299', '豪華江景雙床房:HK$326', '精緻江景大床房:HK$326', '豪華山景大床房:HK$341']"
中山·希岸｜Xana·ElegantDesignStyle酒店（富華道汽車總站店）,9.6,"['XANA玲瓏大床房「品質床墊＆新風系統＆高清電視投屏」:HK$238', 'XANA希岸雅緻房「品質床墊＆新風系統＆高清電視投屏」:HK$257', 'XANA玲瓏雙床房「品質床墊+新風系統+高清電視投屏」:HK$257', 'XANA希岸高級大床房「新風系統+高清電視投屏+品質床墊」:HK$263', 'XANA希岸高級雙床房「新風系統+高清電視投屏+品質床墊」:HK$286']"
柏納酒店（中山坦洲商業中心店）,9.3,"['高級商務大床房（城市美景+人氣熱賣）:HK$217', '豪華商務大床房（城市美景+商務優選）:HK$266', '景觀雙床房:HK$302', '豪華商務雙床房（超大空間）:HK$313']"
希亞途花園酒店（中山古鎮國際燈飾批發中心店）,9.5,"['Hiatu 雅緻大床房:HK$207', 'Hiatu 雅緻雙床房:HK$222', 'Hiatu 雅美大床房:HK$232', 'Hiatu 雅美雙床房:HK$252']"
中山北站希岸Deluxe酒店,9.4,"['Deluxe大床房:HK$331', 'Deluxe商務大床房（智能客控+零壓床墊）:HK$340', 'Deluxe豪華大床房（智能客控+零壓床墊+乾濕分離）:HK$374', 'Deluxe豪華雙床房（智能客控+乾濕分離+零壓床墊）:HK$383', 'Deluxe純凈房（空氣凈化器+除蟎儀+馬桶凈化器+直飲熱水機）:HK$409']"
中山喜來登酒店,9.2,"['豪華大床房:HK$696', '豪華雙床房:HK$696', '豪華江景大床房:HK$747', '豪華江景雙床房:HK$747', '豪華江園雙景大床房:HK$797', '豪華江園雙景雙床房:HK$797']"
雲朵酒店（中山神灣店）,9.3,"['初見 | 雲朵特惠房【手機投屏+投影儀】:HK$197', '相遇 | 旅行商務影視大床房【100寸大屏投影+手機投屏】:HK$240', '時光 | 影視雙床房【自動窗簾+智能馬桶+4K巨幕】:HK$251', '悠然|時光親子雙床房【公區提供自助洗衣房+冷暖空調】:HK$269']"
中山名座假日酒店,9.1,"['高級大床房:HK$534', '高級雙床房:HK$534', '豪華大床房:HK$571', '特色大床房:HK$571', '親子房:HK$571', '豪華雙床房:HK$571']"
全季酒店（中山博覽中心店）,9.5,"['高級大床房:HK$537', '豪華大床房:HK$567', '商務大床房:HK$597', '高級雙床房:HK$686', '商務雙床房:HK$716']"
美宿·雍陌民宿（中山温泉度假區店）,9.6,"['別緻花園大床房:HK$402', '雅緻花園雙床房:HK$544', '尊享沐陽大床房:HK$587', '複式家庭親子房:HK$784']"
中山北站V-PARK廣場亞朵酒店,9.5,"['雅緻大床房:HK$457', '高級大床房:HK$492', '高級雙床房:HK$492', '行政大床房:HK$547', '行政雙床房:HK$547']"
中山利和威斯汀酒店,9.4,"['豪華城景雙床房:HK$773', '豪華城景大床房:HK$773', '豪華江景大床房:HK$827', '豪華江景雙床房:HK$827', '草莓音樂大床房:HK$981', '草莓音樂雙床房:HK$981']"
凱里亞德酒店（中山小欖大信新都滙店）,9.4,"['輕享智能大床房:HK$259', '優享智能大床房:HK$277', '優享智能雙床房:HK$277', '榮享景觀大床房:HK$303', '榮享景觀雙床房:HK$311']"
中山南頭海雅繽紛城亞朵酒店,9.7,"['高級大床房（乾濕分離+無線電充+小冰箱+無線投屏）:HK$394', '高級雙床房（乾濕分離+無線電充+小冰箱+無線投屏）:HK$448', '行政大床房（乾濕分離+無線電充+小冰箱+無線投屏）:HK$457', '行政雙床房:HK$547', '幾木享浴套房（乾濕分離+無線電充+小冰箱+無線投屏）:HK$681']"
中山青之韻酒店（火炬開發區店）,9.4,"['零壓豪華大床房:HK$313', '零壓雙床房:HK$313', '智能零壓單人房:HK$334', '零壓豪華雙床房:HK$364', '零壓景觀大床房:HK$393']"
麗楓酒店（中山民眾店）,9.5,"['雅緻大床房（慕思床墊+智能客控）:HK$273', '豪華雙床房（慕思床墊+智能客控）:HK$306', '豪華大床房（慕思床墊+智能客控）:HK$309', '商務大床房（慕思床墊+智能客控）:HK$323']"
中山東方海悦酒店（興中廣場華髮商都店）,9.1,"['迷你單人房:HK$325', '標準雙床房:HK$413', '標準大床房:HK$413', '迷你江景單人房（觀江景陽台）:HK$434', '行政大床房:HK$434']"
三沐裏酒店（中山石岐大信新都滙店）,9.3,"['沐裏-影音榻榻米:HK$163', '沐杏-悦享大床房:HK$163', '沐裏-悦致大床房:HK$185', '沐禧-悦享雙床房:HK$195']"
中山君創世紀酒店（利和廣場店）,8.8,"['舒適大床房:HK$358', '舒適雙床房:HK$358', '高級大床房【落地玻璃+安靜舒適】:HK$393', '高級雙床房【落地玻璃+安靜舒適】:HK$393', 'VR特色大床房（觀影+遊戲）:HK$413']"
伴與久民宿（孫文西路步行街岐江壹號店）,9.7,"['精緻大床房（投影+高端床品+冰箱+洗衣機+可做飯）:HK$344', '江景豪華大床房（投影+高端床品+冰箱+洗衣機+可做飯）:HK$431', '複式loft豪華大床房（投影+高端床品+冰箱+洗衣機+做飯）:HK$487', '複式loft雙床4人麻將房（投影+冰箱+洗衣機+可做飯）:HK$524']"
麗楓酒店（中山石岐大信新都滙中山北站店）,9.6,"['雅緻大床房（自動窗簾+慕斯床墊）:HK$284', '豪華大床房（深度睡眠+商務辦公）:HK$319', '豪華雙床房（自動窗簾+慕思床墊）:HK$319', '商務大床房（空氣凈化器+冰箱）:HK$366']"
楓雨酒店（中山完美金鷹廣場店）,9.3,"['高級大床房:HK$281', '投影大床房:HK$315', '複式大床房:HK$342', '豪華投影雙床房:HK$411']"
宜尚酒店（火炬開發區中山站店）,9.6,"['智能高級雙床房（全景飄窗+智能客控）:HK$271', '智能高級大床房（落地窗+智能客控）:HK$271', '智能豪華雙床房（高樓層+全景飄窗）:HK$303', '智能豪華大床房（全景飄窗+智能客控）:HK$303']"
中山二路利和廣場亞朵酒店,9.6,"['雅緻房:HK$501', '高級大床房（惠威藍牙音響+直飲水+小冰箱+浴袍）:HK$528', '高級雙床房（惠威藍牙音響+直飲水+小冰箱+浴袍）:HK$574', '幾木大床房（惠威藍牙音響+直飲水+空氣凈化器+小冰箱）:HK$583', '尊享大床房（深睡床墊&PRO枕+小冰箱+直飲水）:HK$610']"
中山温泉賓館,9.1,"['親水園親水房:HK$672', '商務園商務大床房:HK$672', '商務園商務雙床房:HK$672', '高級大床房:HK$672', '高級雙床房:HK$672', '親水園觀景房:HK$961']"
圓周智住酒店（中山古鎮為民燈飾城店）,9.2,"['悦致城景大床房【落地窗城景+新風系統+品牌舒睡床墊】:HK$183', '臻享城景大床房【落地窗城景+新風系統+品牌舒睡床墊】:HK$195', '臻享城景雙床房【落地窗城景+新風系統+品牌舒睡床墊】:HK$218', '巨幕投影大床房【180°天際城景+影院級投影+百寸幕布】:HK$252']"
須彌山精英企業傢俱樂部酒店,9.1,"['君雅大床房（單人浴缸）:HK$382', '驅車入住-概念主題房:HK$477', '君雅雙床房（單人浴缸）:HK$485', '健康養生-主題濕蒸房【單人浴缸+獨立濕蒸房+小冰箱】:HK$601', '私密空間—花園桑拿濕蒸房（雙人大浴缸+獨立濕蒸房+小冰箱）:HK$722']"
中山喆滙酒店,9.2,"['啡凡體驗房:HK$228', '商務大床房:HK$251', '醇享雙床房:HK$261', '啡凡雙床房:HK$274']"
中山古鎮華裕置地酒店,9.1,"['簡約特惠大床房:HK$228', '雅緻城景高級雙床房:HK$233', '雅緻城景高級大床房:HK$233', '商旅標準大床房:HK$261', '輕奢城景豪華大床房:HK$296']"
中山古鎮華藝廣場亞朵酒店,9.6,"['雅緻大床房（全景落地窗+智能客控）:HK$475', '高級大床房（小冰箱+全景落地窗+智能客控）:HK$511', '高級雙床房（美麗城景+小冰箱+全景落地窗+智能客控）:HK$511', '行政城景大床房（小冰箱+全景落地窗+智能客控）:HK$574', '行政城景雙床房（小冰箱+全景落地窗+智能客控）:HK$574']"
亞洲福永酒店（中山南朗高鐵站店）,9.2,"['商務大床房:HK$279', '舒適大床房:HK$282', '城景大床房:HK$282', '商務雙床房:HK$293', '觀影享浴圓床房:HK$304']"
中山東鳳大信酒店（大信新都滙店）,9.4,"['高級大床房:HK$246', '高級雙床房:HK$246', '商務大床房:HK$256', '商務雙床房:HK$256', '商務套房:HK$467']"
中山利和希爾頓花園酒店,9.4,"['標準大床房:HK$347', '標準雙床房:HK$347', '高級大床房:HK$379', '高級雙床房:HK$379', '豪華大床房:HK$433']"
逸鄉居度假山莊（中山南朗站店）,9.3,"['逸鄉太空艙庭院大床房（户外傢俱+智能客控+冰箱）:HK$697', '逸鄉太空艙庭院雙床房（户外傢俱+智能客控+冰箱）:HK$697', '逸鄉田園庭院雙床房（獨立庭院+户外傢俱+智能客控+冰箱洗衣機）:HK$806', '逸鄉田園庭院大床房（獨立庭院+户外傢俱+智能客控+冰箱洗衣機）:HK$806']"
漢庭酒店（中山市中醫院店）,9.4,"['大床房:HK$302', '高級大床房:HK$312', '商務大床房:HK$330', '商務雙床房:HK$369']"
維也納酒店（中山南區科創園店）,9.3,"['高級大床房:HK$206', '高級雙床房:HK$206', '豪華雙床房:HK$222', '豪華大床房:HK$222']"
中山坦洲亞朵酒店,9.5,"['雅緻雙床房（深睡體驗+裸棉床品+小冰箱）:HK$356', '雅緻大床房（深睡體驗+裸棉床品+小冰箱）:HK$373', '行政雙床間（深睡體驗+裸棉床品+小冰箱）:HK$389', '高級大床房（深睡體驗+裸棉床品+小冰箱）:HK$398', '行政大床間（深睡體驗+裸棉床品+小冰箱）:HK$423']"
中山温泉賓館（中心園店）,9.3,"['中心園園景大床:HK$891', '中心園園景雙床:HK$891', '中心園套房:HK$1,508', '中心園豪華套房:HK$2,054', '森林親子主題房:HK$2,491', '海洋親子主題房:HK$2,491']"
希悦智達酒店（小欖泰豐購物中心店）,9.1,"['智（惠）大床房:HK$151', '智（雅）大床房:HK$165', '智（享）城景大床房:HK$179', '智（優）城景雙人房:HK$205']"
中山盛景尚峯酒店,9.0,"['商務單人房:HK$447', '商務雙人房:HK$459', '金融單人房:HK$471', '金融雙人房:HK$483', '金融商務房:HK$678']"
立斯特酒店（中山石岐大信新都滙中山北站店）,9.4,"['雅緻大床房【新風系統+零壓床墊】:HK$231', '精選大床房:HK$231', '商務雙床房【零壓床墊+可投屏】:HK$239', '商務大床房【零壓床墊+可投屏】:HK$260']"
雙瑩酒店（中山坦洲商業中心區店）,8.9,"['優選特惠大床房:HK$112', '豪華陽光雙床房:HK$137', '輕奢豪華大床房:HK$140', '悦享臻選大床房:HK$176']"
凱里亞德酒店（中山南區會議中心店）,9.4,"['輕享大床房:HK$321', '輕享雙床房:HK$321', '優享陽光大床房（全景落地窗）:HK$347', '優享陽光雙床房（全景落地窗）:HK$347', '優享城景雙床房（全景落地窗）:HK$372']"
覓秋稻香度假酒店（中山三鄉店）,9.5,"['秋雨 |180°浴缸田野景觀大床房:HK$389', '秋思 |180°旅閑田野觀景雙床房:HK$443', '秋意 |180°浴缸投影田野景觀大床房:HK$501', '秋詠 |180°浴缸投影田野景觀雙床房:HK$553']"
希亞途花園酒店（中山燈都古鎮站店）,9.1,"['Hiatu雅美大床房:HK$150', 'Hiatu雅趣親子房:HK$175', 'Hiatu特惠大床房:HK$178', 'Hiatu特惠雙床房:HK$178']"
