酒店名称,评分,房型价格列表
五家渠西域文旅酒店,8.0,"['特惠雙床房:HK$221', '特惠大床房:HK$230', '商務雙床房:HK$249', '商務大床房:HK$267']"
君豪温德姆酒店,8.9,"['豪華大床房|城市夜景＋舒適床品:HK$954', '豪華套房|城市夜景＋舒適床品:HK$1,062', '豪華家庭套房|城市夜景＋舒適床品:HK$1,094']"
五家渠旭升主題賓館,8.9,"['優選大床房:HK$143', '小標準間:HK$162', '浪漫主題房:HK$162', '豪華標準間:HK$164']"
五家渠仰望未來大酒店,9.3,"['特惠房（無空調+巨幕投影）:HK$97', '雅緻雙床房（巨幕投影）:HK$130', '高級雙床房（巨幕投影）:HK$173', '高級大床房（巨幕投影）:HK$173']"
延年酒店,9.6,"['標準雙人間:HK$121', '大床房:HK$145']"
高歌酒店,9.6,[]
昌吉華東·容錦國際酒店,9.0,"['韓式榻榻米大床房|獨享大空間+城景＋優質床品:HK$286', '舒適大床房|獨享大空間+城景＋優質床品:HK$335', '舒適雙床房|獨享大空間+城景＋優質床品:HK$350', '温馨親子家庭房:HK$436', '零壓行政雙床房|獨享大空間+城景＋優質床品:HK$452']"
昌吉希爾頓歡朋酒店,9.6,"['舒適大床房:HK$681', '舒適雙床房:HK$681', '高級大床房:HK$709', '高級雙床房:HK$709', '豪華大床房:HK$757']"
如家精選酒店（昌吉海棠天街饢文化美食街店）,9.6,"['商務大床房（可投屏）:HK$300', '雙床房（65寸液晶電視+舒適躺椅+辦公區域）:HK$308', '高級大床房（休閑辦公區＋優質床品+雙人沙發）:HK$325', '高級雙床房（安靜睡眠+休閑辦公區+舒適躺椅）:HK$325']"
錦江之星品尚（昌吉行政中心店）,8.8,"['高級雙床房:HK$220', '高級大床房:HK$220', '高級零壓雙床房:HK$243', '高級零壓大床房:HK$243']"
昌吉萬達美華酒店,9.6,"['豪華家庭房:HK$462', '高級大床房（睡眠窗簾+智能投屏+Acca Kappa洗護用品+落地窗）:HK$627', '豪華大床房（睡眠窗簾+Acca Kappa洗護用品+落地窗）:HK$668', '高級豪華大床房（迷你小冰箱+落地窗+睡眠窗簾）:HK$764', '豪華雙床房（睡眠窗簾+投屏+Acca Kappa洗護+落地窗）:HK$831']"
昌吉富友國際酒店,9.3,"['商務單間（零壓床墊+舒適床品+智能客控）:HK$298', '豪華單間（靜謐空間+零壓床墊+智能客控）:HK$321', '套房（獨享大空間+零壓床墊+優質床品）:HK$383']"
星程酒店（昌吉中山路滙嘉時代店）,9.5,"['大床房:HK$325', '雙床房A:HK$325', '豪華雙床房:HK$381', '豪華大床房:HK$381']"
昌吉華怡酒店（婦幼保健院中山商務廣場店）,9.5,"['尊享大床房|零壓床墊+舒適床品:HK$327', '豪華大床房|零壓床墊+小冰箱:HK$348', '尊享雙床房|零壓床墊+舒適床品:HK$377', '豪華雙床房|零壓床墊+小冰箱:HK$397', '豪華套房|零壓床墊+會客廳+小冰箱+浪漫浴缸:HK$431']"
昌吉長悦精品賓館,8.8,"['悦享情侶大床房（瓶裝水）:HK$156', '悦享特價大床房（瓶裝水）:HK$156', '悦享商務雙床:HK$175', '奢享雙床房（瓶裝水）:HK$267']"
昌吉園林賓館（東方廣場店）,9.7,"['逸林園景大床房（全套零壓床品+品質衞浴+精緻洗護用品）:HK$524', '逸林園景雙床房（全套舒適床品+精緻洗護用品）:HK$545', '零壓行政大床房（全套零壓床品+品質衞浴+房間加濕器）:HK$552', '海棠高級浴缸大床房（零壓床品+高級浴缸+房間加濕器）:HK$567', '豪華景觀浴缸大床房（零壓床品+豪華浴缸+房間加濕器）:HK$588']"
昌吉凱森酒店,9.2,"['高級雙床房:HK$610', '豪華雙床房:HK$647', '豪華大床房:HK$703', '高級大床房:HK$703', '影院房:HK$760', '行政豪華套間:HK$1,196']"
昌吉容錦酒店公寓,9.3,"['豪華雙床套房:HK$349', '豪華大床套房:HK$349', '兩室一廳家庭套房:HK$512']"
昌吉鑫悦酒店,9.4,['豪華套房:HK$413']
昌吉萬博學府亞朵酒店,9.7,"['雅緻大床房（投屏+無線充+空氣凈化器+智能窗簾）:HK$551', '高級大床房 （手機投屏+無線桌充+空氣凈化器+體重秤）:HK$622', '高級雙床房（手機投屏+無線桌充+空氣凈化器+體重秤）:HK$622', '行政大床房（迷你小冰箱 +65寸高清投屏+空氣凈化器）:HK$651', '行政雙床房（迷你小冰箱 +65寸高清投屏+空氣凈化器）:HK$651']"
昌吉凱森雲尚酒店,9.3,"['商務雙床房:HK$281', '商務大床房:HK$281', '行政標準間:HK$327']"
昌吉陌麼·逸尚精品酒店,8.2,"['品逸臻品圓床房:HK$260', '復古臻品大床房:HK$261', '漫步影院大床房:HK$271', '復古臻品雙床房:HK$315']"
7天酒店（烏魯木齊喀什東路職業大學文光校區店）,8.8,"['經濟房:HK$153', '自主大床房:HK$169', '精選雙床房:HK$229']"
如家UP華驛精選酒店（烏魯木齊市第101中學）,8.8,"['滾來滾去內景大床房（全屋智控+高清投影+零壓床墊）:HK$179', '悠美巨幕影院大床房（全屋智控+高清投影+零壓床墊）:HK$196', '悠美巨幕影院雙床房（全屋智控+高清投影+零壓床墊）:HK$196', '巨幕高級雙床房（全屋智控+高清投影+零壓床墊）:HK$212']"
昌吉海大酒店,9.0,"['温馨親子房:HK$506', '高級雙床房:HK$543', '行政雙床房:HK$543', '高級大床房:HK$583', '行政大床房:HK$583']"
如家睿柏雲酒店（烏魯木齊米東區九龍店）,8.3,"['大床房:HK$137', '雙床房:HK$185', '商務大床房:HK$192', '高級大床房:HK$217']"
麗婭酒店（烏魯木齊天山國際機場店）,8.9,"['景觀大床房:HK$360', '商務大床房:HK$390', '豪華雙床房:HK$451', '豪華大床房:HK$473', '無障礙大床房:HK$529']"
7天酒店（烏魯木齊米東中路神華礦務局店）,9.0,"['自主大床房:HK$164', '經濟房（無窗）:HK$173', '自主雙床房:HK$181']"
昌吉樂途雲酒店,9.0,"['歡樂經典雙床房:HK$559', '樂享巨幕觀影房:HK$559', '樂享舒適大床房:HK$574', '快樂陽光親子房:HK$611']"
錦江之星品尚（烏魯木齊米東大道店）,9.4,"['商務標準房A:HK$229', '商務房A:HK$246', '精選商務房B:HK$262', '精選商務房A:HK$278']"
IU酒店（烏魯木齊機場店）,8.7,"['小U温馨單間:HK$241', '小U温馨榻榻米房:HK$255', '小U精緻大床房:HK$262', '小U舒適大床房:HK$319']"
烏魯木齊順天精品酒店,9.3,"['普通標準間:HK$159', '精緻雙床房:HK$171', '豪華雙床房:HK$195', '精緻大床房:HK$208']"
昌吉東昇鴻福大飯店,9.1,"['豪華大床房:HK$476', '豪華雙人間:HK$485', '行政雙床房:HK$530', '行政大床房:HK$530']"
昌吉鴻都國際酒店,9.5,"['高級雙床房（安睡香薰+城中景觀）:HK$392', '高級大床房（安睡香薰+城市景觀）:HK$420', '豪華雙床房（安睡香薰+浪漫浴缸）:HK$527', '豪華大床房|城市景觀:HK$560', '尊享雙床房（助眠床墊+會客區）:HK$689']"
烏魯木齊宇航酒店（天山國際機場店）,9.2,"['特價大床房（舒睡好眠+潔靜安心）:HK$293', '商務大床房（舒睡好眠+潔靜安心）:HK$309', '特價雙床房（舒睡好眠+潔靜安心）:HK$325', '商務雙床房（舒睡好眠+潔靜安心）:HK$341']"
麗程酒店（烏魯木齊地窩堡國際機場店）,8.7,"['舒適大床房:HK$253', '精緻大床房:HK$261', '舒適雙床房:HK$319', '高級雙床房:HK$327']"
如家華驛酒店（烏魯木齊米東101中學店）,8.5,"['全新商務大床房超大窗（全屋智控+零壓床墊）:HK$184', '全新雙床房超大窗（全屋智控+高清投影+零壓床墊）:HK$184', '影院大床房超大窗（全屋智控+高清投影+零壓床墊）:HK$198', '影院雙床房超大窗（全屋智控+高清投影+零壓床墊）:HK$198']"
維也納酒店（米東區政府中醫院店）,9.8,"['大床房:HK$341', '高級大床房:HK$360', '豪華大床房:HK$379', '豪華雙床房:HK$389']"
陌上輕居酒店（烏魯木齊米東店）,9.6,"['風韻大床房（親膚浴袍+智能馬桶）:HK$354', '風韻雙床房（親膚浴袍+智能馬桶）:HK$364', '品學大床房（智能小度+倚窗品茶）:HK$382', '品學雙床房（智能小度+倚窗品茶）:HK$392']"
烏魯木齊石化賓館1號樓（石化醫院五十八中學店）,8.2,"['温馨大床房:HK$167', '特價標間:HK$167', '優悦雙床房:HK$186', '雅悦大床房:HK$223']"
藝選酒店（烏魯木齊機場店）,8.3,"['精選智能大床房:HK$350', '甄選智能大床房:HK$390', '甄選智能雙床房:HK$390', '甄選智能家庭房:HK$438']"
烏魯木齊順福樓電競酒店,8.6,"['全新商務房（全屋智控+高清投影+零壓床墊）:HK$183', '全新雙床房（全屋智控+高清投影+零壓床墊）:HK$183', '影音大床房（全屋智控+高清投影+零壓床墊）:HK$195', '影音雙床房（全屋智控+高清投影+零壓床墊）:HK$196']"
茂悦酒店（烏魯木齊米東店）,9.4,"['庭悦大床房丨深度睡眠+躺平自愈+舒適靜謐:HK$359', '歡悦豪華雙床房丨深度睡眠+躺平自愈+舒適靜謐:HK$399', '庭悦豪華大床房丨深度睡眠+躺平自愈+舒適靜謐:HK$464', '茂悦親子間丨深度睡眠+躺平自愈+舒適靜謐:HK$515']"
星程酒店（烏魯木齊米東店）,9.8,"['高級雙床房（金可兒床墊+電視投屏）:HK$335', '高級大床房（金可兒床墊+電視投屏）:HK$344', '豪華雙床房（金可兒床墊+電視投屏）:HK$353', '豪華大床房（金可兒床墊+電視投屏）:HK$363']"
華源酒店（米東區香緹美地店）,8.8,['高級雙床房【零壓】:HK$274']
藍泊酒店（地窩堡國際機場店）,8.7,"['豪華大床房:HK$274', '精品標準間:HK$274', '公寓式豪華標準間:HK$427', '公寓式豪華大床房:HK$450']"
絲路彼岸精品酒店（機場新天潤羅馬天街店）,9.0,"['輕選單人間·孤勇者庇護所|蝸居安全感|陽光灑窗台:HK$260', '悦居大床房·靜謐商旅|記憶棉頸枕｜網速流暢:HK$291', '悦居雙床房·商務辦公｜獨享網速｜記憶棉頸枕:HK$298', '深眠零壓大床房·守護腰頸背|藍盒睡眠艙|熟睡很安逸:HK$321']"
烏魯木齊旋美賓館,8.3,"['特價大床房:HK$118', '特惠雙人床:HK$129', '清雅大床房:HK$140', '舒適雙床房:HK$151']"
蘭歐·尚品酒店（米東店）,9.7,"['雙床房:HK$358', '大床房:HK$358', '高級雙床房:HK$434', '豪華三人間:HK$511']"
烏魯木齊國際機場希爾頓歡朋酒店,9.6,"['高級大床房:HK$938', '高級雙床房:HK$938', '荷里活大床房:HK$971', '豪華大床房:HK$1,047', '豪華雙床房:HK$1,047']"
