酒店名称,评分,房型价格列表
五指山清能麗景灣酒店,9.0,"['B1-麗景智控大床房:HK$348', 'B1-麗景智控雙床房:HK$370', '靜謐麗景·智控大床房:HK$404', '靜謐河景·智控雙床房:HK$436', '靜謐河景·智控大床房:HK$436', '水墨麗景·智控大床房:HK$507']"
方諾寨·雨林生態莊園,9.0,"['黎家·田園別院，梯田景觀，田園風格聯排木屋:HK$796', '星墅·雨林景觀超大床房｜智能客控+除濕機+冰箱:HK$1,686', '雨墅·180度雨林景觀超大床房|雙人洗漱台+智能客控+浴缸+除濕機+冰箱:HK$1,929', '山墅·雨林景觀超大床房 ｜客廳+智能客控+除濕機+浴缸+冰箱:HK$1,929', '楓墅·180度雨林景觀超大床房|雙人搖椅+智能客控+浴缸+除濕機+冰箱:HK$1,929']"
五指山茗蘭舍,9.3,"['雨林氧吧觀山雙標房:HK$514', '雨林氧吧觀山大床房:HK$568', '雨林氧吧觀山套房:HK$973', '雨林氧吧觀山別墅:HK$2,918']"
全季酒店（五指山三月三大道店）,9.5,"['大床房:HK$321', '高級大床房:HK$352', '雙床房:HK$381', '家庭房:HK$412']"
五指山中部大酒店,9.3,"['豪華智控雙床房:HK$382', '豪華智控陽台雙床房:HK$423', '豪華智控陽台大床房:HK$451', '親子雙床房:HK$561']"
五指山藝宿裏主題客棧,9.7,"['比鄰·温馨大床房:HK$258', '知己·雅緻大床房:HK$328', '大雅•輕奢浴缸雙床房:HK$463', '小雅·禪居大床房:HK$463']"
五指山珠江水晶酒店,9.2,"['特惠雙床房:HK$311', '山景雙床房:HK$326', '特惠大床房:HK$327', '山景大床房:HK$345', '河景雙床房:HK$349']"
仁帝山雨林酒店,8.4,"['雨林養生雙床房:HK$519', '雨林養生大床房:HK$612', '養生套房兩室一廳:HK$835', '九養雙床房:HK$928']"
花築·五指山合和館民宿,9.2,"['舒適大床房:HK$208', '觀景陽台大床房:HK$233', '觀景陽台雙床房:HK$246', '家庭套房:HK$494']"
五指山六藝王宮別墅,9.5,"['山景單卧室泳池別墅:HK$1,465', '臨河單卧室泳池別墅:HK$1,629', '山景雙卧室泳池別墅套房:HK$1,957', '臨河雙卧室泳池別墅套房:HK$2,203']"
五指山懿品雲景度假酒店,8.7,"['懿品遠景雙床房:HK$258', '懿品觀景大床房:HK$270', '懿品觀景雙床房:HK$278', '懿品雅緻雙床房:HK$292', '懿品雅緻大床房:HK$292']"
五指山鵬來酒店,9.2,"['舒適大床房:HK$282', '舒適雙床房:HK$282', '尊享雙人房:HK$326', '尊享大床房:HK$326']"
五指山水雲居酒店,9.1,"['湖畔豪華套房一室一廳:HK$369', '湖畔豪華一室一廳（雙標）:HK$424', '湖畔豪華套房二室一廳:HK$453', '園景豪華套房一室一廳:HK$497']"
五指山春和酒店,8.7,"['山景榻榻米:HK$170', '山景雙床房:HK$184', '河景雙床房:HK$205', '山景親子房:HK$265']"
五指山國金大酒店,8.9,"['高級大床房:HK$277', '高級雙床房:HK$277', '豪華大床房:HK$316', '豪華雙標房:HK$316']"
璟熙酒店（五指山三月三大道店）,7.9,"['熙遇·園景大床房〔0壓床墊・公區提供自助洗衣機〕:HK$156', '熙悦·園景雙床房〔0壓床墊・公區提供自助洗衣機〕:HK$166', '珺璟·全景大床房〔0壓床墊・公區提供自助洗衣機〕:HK$176', '麗熙·全景雙床房〔0壓床墊・公區提供自助洗衣機〕:HK$186']"
五指山紅雅民宿,9.4,"['豪華大床房:HK$252', '園景大床房:HK$254', '園景榻榻米:HK$254', '豪華園景大床房:HK$263']"
五指山天鶴峪嶺旅居,7.8,"['景觀開間大床房:HK$184', '景觀開間雙床房:HK$202', '豪華一室一廳套房:HK$240', '豪華兩室一廳套房:HK$314']"
五指山椰楓家園公寓,7.9,"['特價標準間:HK$126', '標間:HK$137', '豪華套房:HK$149', '豪華家庭套房:HK$221']"
瓦哎嚕酒店（五指山三月三大道店）,8.6,"['木香·清心榻榻米:HK$127', '沐心·靜謐大床房:HK$137', '拾光·浪漫圓床房:HK$147', '風清·望山雙床房:HK$156']"
五指山旭日客棧,9.0,"['大床房:HK$130', '標準雙人房:HK$149']"
吉昌賓館,8.0,"['標準雙床間:HK$82', '舒適雙床房:HK$138', '舒適大床房:HK$138']"
五指山福安泰隆酒店,7.8,"['一級高級單人房:HK$96', '陽台雙床房:HK$96', '二級高級單人房:HK$106', '高級套間:HK$109']"
途窩假日酒店（五指山店）,7.0,"['豪華觀景大床房:HK$104', '途窩拾光雙人房:HK$109', '豪華觀景雙床房:HK$119', '麻將套房:HK$228']"
五指山一方酒店,8.4,"['特價雙間:HK$113', '豪華雙間:HK$137', '豪華大床:HK$137', '三人間:HK$195']"
五指山福德萊酒店,8.1,[]
