酒店名称,评分,房型价格列表
伯爵世家酒店（亳州康美中葯城火車站店）,9.7,"['舒適精選雙床房（商務桌椅+三區分離+護脊床墊）:HK$208', '精選大床房（三區分離+高端洗護+護脊床墊）:HK$208', '高級雙床房（落地窗+新風系統+商務桌椅）:HK$230', '高級大床房（高端洗護+落地窗+三區分離）:HK$244', '雲端觀景雙床房（城市夜景+純棉浴袍+功夫茶具）:HK$252']"
鉑雅悦廷智慧酒店（亳州火車站店）（近譙城區魏武廣場）,9.7,"['悦享·智能大床房智能+一次性安心口杯:HK$197', '悦享·智能雙床房一次性安心口杯+全屋聲控:HK$197', '悦美·零壓大床房智能+記憶棉床墊+雙睡感抗菌零壓枕:HK$210', '悦美·零壓雙床房智能+記憶棉床墊+雙睡感抗菌零壓枕:HK$210', '悦音·巨幕影音房120寸+大眼橙旗艦投影:HK$222']"
亳州康萊酒店（康美中葯城店）,9.3,"['高級雙床房:HK$327', '高級大床房:HK$338', '豪華雙床房:HK$358', '豪華大床房:HK$371', '影音大床房:HK$426', '行政雙床房:HK$479']"
雲逸智慧美宿酒店（亳州市魏武大道中葯材市場店）,9.6,"['雲悦·靜謐大床房（全屋智能+助眠枕）:HK$157', '雲悦·靜謐雙床房（智能客控+香薰助眠枕）:HK$157', '雲悦·城景大床房（城市風景+智能客控）:HK$178', '雲悦·城景雙床房（智能客控:HK$178']"
齊祺L酒店（亳州魏武大道火車站店）,9.4,"['齊祺丨温馨大床房:HK$131', '齊祺丨温馨雙床房:HK$131', '良辰丨精緻大床房:HK$143', '良辰丨精緻雙床房:HK$143']"
亳州古井君萊國際酒店,9.4,"['高級大床房:HK$218', '高級雙床房:HK$218', '商務大床房:HK$265', '商務雙床房:HK$265']"
亳州亳蕪鐵山賓館,9.8,"['舒適雙床房:HK$324', '商務大床房:HK$346', '高級套房:HK$609', '親子套房:HK$937', '中式雅緻婚房（套房）:HK$1,021']"
維納斯國際酒店（亳州萬達廣場店）,9.4,"['豪華大床房｜全景視野+獨立辦公區域:HK$262', '豪華雙床房｜全景視野+獨立辦公區域:HK$262', '商務雙床房｜高層安靜樓層+鵝絨枕+蕎麥枕:HK$327', '商務大床房｜高層安靜樓層+鵝絨枕+蕎麥枕:HK$327', '行政大床房｜高層安靜樓層+視野優勢+鵝絨枕+蕎麥枕:HK$338']"
全季酒店（亳州北萬達廣場店）,9.6,"['高級大床房:HK$325', '高級雙床房:HK$335', '商務大床房:HK$355', '商務雙床房:HK$355']"
南洋都市大酒店（亳州魏武大道店）,9.2,"['特惠大床房（軟包沙發）:HK$150', '特惠標準間（軟包沙發）:HK$150', '商務大床房（辦公寫字桌）:HK$170', '商務雙床房（辦公寫字桌）:HK$170']"
亳州盛榮酒店,9.6,"['高級雙床房:HK$294', '高級大床房:HK$294', '行政雙床房:HK$326', '行政大床房:HK$326', '行政家庭雙床房:HK$359']"
漢庭酒店（亳州北萬達廣場店）,9.6,"['大床房:HK$227', '高級雙床房:HK$236', '高級大床房:HK$246', '家庭房:HK$246']"
星際·甘棠酒店（亳州市魏武廣場中葯材市場店）,9.6,"['百合大床房「智能客控|投屏電視|零圧床墊」:HK$126', '琥珀雙床房「智能客控|投屏電視|城市夜景」:HK$126', '當歸榻榻米大床房「智能客控|投屏電視|智能馬桶」:HK$133', '琥珀高級雙床房「智能客控|羽絨枕芯|零圧床墊」:HK$145']"
星呈酒店（亳州萬達廣場康美中葯城店）,9.4,"['高級大床房:HK$148', '高級雙床房:HK$155', '商務大床房:HK$179', '景觀大床房:HK$215']"
你好酒店（亳州南站中葯城中心店）,9.6,"['高級大床房:HK$196', '商務雙床房:HK$205', '商務大床房:HK$205', '套房:HK$280']"
祥晟邦酒店（亳州學院高鐵南站店）,9.2,"['X·隱|微不足道温馨小廂房:HK$160', 'X·沐|禾風舒月陽光大床房:HK$185', 'X·茗|靜謐雅緻陽光雙床房:HK$185', 'X·觀|落日枕月湖景大床房:HK$208']"
格菲酒店（亳州高鐵南站大學城店）,9.6,"['特惠大床房（A+級抗菌除蟎床品+零壓舒睡床墊+羽絨被芯）:HK$173', '格菲雙床房（A+級抗菌除蟎床品+零壓舒睡床墊+羽絨被芯）:HK$194', '格菲大床房（A+級抗菌除蟎床品+零壓舒睡床墊+羽絨被芯）:HK$194', '景觀大床房（A+級抗菌除蟎床品+零壓舒睡床墊+全屋智控）:HK$245']"
漢庭酒店（亳州市政府店）,9.8,"['大床房:HK$198', '高級雙床房:HK$217', '高級大床房:HK$226', '商務雙床房:HK$249']"
璞禾酒店（亳州市政府店）,9.2,"['豪華雙床房:HK$351', '豪華大床房:HK$351', '高級豪華大床房:HK$423', '高級豪華雙床房:HK$423']"
亳州桐禧東方酒店,9.7,"['高級大床房（智能窗簾+投屏）:HK$435', '舒適雙床房（智能窗簾+投屏）:HK$435', '高級雙床房（智能窗簾+投屏）:HK$455', '豪華大床房（智能窗簾+投屏+浴缸）:HK$518', '舒適套房（智能窗簾+投屏+迷你廚房+獨立會客區）:HK$569']"
維也納國際酒店（亳州市政府店）,9.6,"['中葯養生雙床房:HK$258', '中葯養生大床房:HK$258', '豪華雙床房:HK$268', '豪華大床房:HK$268', '商務雙床房:HK$270']"
如家商旅酒店（亳州高新萬達廣場店）,9.7,"['雙床房A（新風系統+手機投屏+智能客控）:HK$179', '商務大床房A（新風清新系統+貴妃椅+智能馬桶）:HK$179', '安心睡雙床房（零壓深睡床墊+空氣凈化器+小童用品）:HK$184', '高級大床房（精緻化粧鏡+智能客控+深睡護頸枕）:HK$196']"
亳州賓館,9.4,"['豪華單間:HK$403', '豪華標間:HK$403', '高級豪華標間:HK$631', '高級豪華單間:HK$631', '行政單間:HK$740', '高級行政標間:HK$849']"
鉑雅晚安智慧酒店（亳州湯王大道店）（近南半球譙城萬達）,9.7,"['晚安小築榻榻米房[私密投屏+零壓床墊]:HK$130', '雅緻智慧大床房[全屋智能+一次性安心口杯]:HK$139', '雅緻智慧雙床房[空氣凈化器＋加濕器]:HK$139', '舒睡零壓大床房[精緻化粧鏡＋私密投屏]:HK$148']"
歡漫酒店（亳州高鐵南站康美中葯城店）,9.7,"['城景大床房（雲梯雅舍•景觀開闊•小度客控）:HK$198', '豪華雙床房（雙參雲邸•智能客控•泡腳桶•手機投屏）:HK$220', '豪華大床房（檀香智域•全屋智能•零壓酣睡床墊）:HK$220', '影院大床房（杜仲私幕•MINI冰箱•葉黃素蒸汽眼罩）:HK$243']"
君萊酒店·YUE（亳州市政府博物館店）,9.2,"['YUE•惠大床房:HK$172', 'YUE•惠雙床房:HK$177', 'YUE•心大床房:HK$197', 'YUE•心雙床房:HK$203']"
全季酒店（亳州高新萬達廣場店）,9.8,"['高級大床房:HK$298', '高級雙床房:HK$308', '商務大床房:HK$326', '商務雙床房:HK$337']"
全季酒店（亳州中葯材交易市場店）,9.6,"['高級大床房（一鍵投屏、智能馬桶）:HK$271', '高級雙床房（一鍵投屏、智能馬桶）:HK$280', '商務大床房（一鍵投屏、智能馬桶）:HK$289', '商務雙床房（一鍵投屏、智能馬桶）:HK$289']"
星程酒店（亳州億都國際商城店）,9.7,"['高級雙床房:HK$140', '高級大床房:HK$159', '商務大床房:HK$177']"
格林東方酒店（亳州萬達廣場店）,9.6,"['特惠大床房:HK$163', '東方高級雙床房:HK$176', '東方高級大床房:HK$176', '豪華雙床房:HK$200']"
亳州君亭華豐酒店（金橋購物中心大潤發店）,9.3,"['特價標間:HK$205', '豪華標間:HK$231', '豪華大床房:HK$231', '景觀浴缸房:HK$379']"
亳州古井貢酒·年份原漿主題酒店,9.7,"['高級單間:HK$436', '高級標間:HK$545', '商務套房:HK$982']"
亳州文化公園希爾頓歡朋酒店,9.5,"['舒適雙床房（舒達床墊+人體工學椅+彼得羅夫洗沐用品）:HK$354', '舒適大床房（舒達床墊+人體工學椅+彼得羅夫洗沐用品）:HK$364', '高級雙床房（舒達床墊+人體工學椅+彼得羅夫洗沐用品）:HK$372', '高級大床房（舒達床墊+人體工學椅+彼得羅夫洗沐用品）:HK$382', '豪華雙床房（舒達床墊+人體工學椅+彼得羅夫洗沐用品）:HK$392']"
格美酒店（亳州魏武廣場金橋大廈店）,9.5,"['清馨大床房:HK$251', '格美雙床房:HK$258', '格美大床房:HK$258', '豪華大床房:HK$287']"
全季酒店（亳州南站養生大道店）,9.8,"['高級大床房（智能馬桶、一鍵投屏、小冰箱）:HK$271', '高級雙床房（智能馬桶、一鍵投屏、小冰箱）:HK$271', '商務雙床房（智能馬桶、一鍵投屏、小冰箱）:HK$280', '商務大床房（智能馬桶、一鍵投屏、小冰箱）:HK$289']"
璞禾酒店（亳州萬達廣場店）,9.4,"['豪華大床房（靜謐治癒）:HK$159', '豪華雙床房:HK$173', '高級豪華大床房（智能按摩椅）:HK$199', '至尊豪華雙床房（智能按摩椅）:HK$233']"
宜尚酒店（亳州奧特萊斯亳望府店）,9.7,"['標準大床房:HK$177', '高級大床房:HK$191', '商務雙床房:HK$212', '商務大床房:HK$212']"
麗楓酒店（亳州南湖華富廣場店）,9.9,"['雅緻大床房（全屋智能+慕斯床墊+靜怡舒適）:HK$262', '商務雙床房（全屋智能+慕斯床墊+超大空間）:HK$320', '麗遇大床房（全屋智能+慕斯床墊+香氛洗護套盒）:HK$335', '純凈自然大床房（全屋智能+純凈健康+落地窗）:HK$370']"
OZE精品酒店（亳州萬達廣場康美中葯城店）,9.0,"['雅靜大床房:HK$168', '雅靜雙床房:HK$168', '高級零壓大床房:HK$183', '豪華零壓大床房:HK$198']"
鉑雅美宿酒店（亳州魏武廣場店）（近譙城區花戲樓）,9.6,[]
南洋精品酒店（亳州魏武大道店）,9.6,[]
格林豪泰酒店（亳州康美中葯城萬達廣場店）,9.4,[]
MEISU美宿酒店（亳州高新萬達廣場店）,9.2,[]
維也納國際酒店（亳州高鐵南站大學城店）,9.2,[]
漢庭酒店（亳州南湖公園寶龍廣場店）,8.7,"['高級大床房:HK$207', '商務大床房:HK$217', '高級雙床房:HK$226']"
城市之家·精選酒店（亳州高鐵南站中葯科技學校店）,9.3,"['優選大床房:HK$160', '優選雙床房:HK$160', '精選大床房:HK$174', '精選雙床房:HK$174']"
都市花園智選酒店（亳州南站店）,9.4,"['特惠大床房【全屋智能·含落地窗·舒適床墊】:HK$160', '豪華三人房【全屋智能 .品質床具.舒適床墊】:HK$164', '舒適大床房【超柔親膚布草·品質床具·舒適好眠·】:HK$198', '豪華雙床房【品質床具·全屋智能·超舒適床墊】:HK$213']"
漢庭酒店（亳州康美中葯城方圓薈店）,9.7,"['大床房（全屋智控+智能馬桶+記憶羽絨枕）:HK$207', '商務雙床房（全屋智控+智能馬桶+記憶羽絨枕）:HK$217', '商務大床房（全屋智控+智能馬桶+記憶羽絨枕）:HK$236']"
亳州龍華迎賓館,9.2,"['特惠大床房:HK$183', '高級大床房:HK$293', '高級雙床房:HK$293', '豪華大床房:HK$424']"
城市之家·樂享酒店（亳州康美中葯城萬達廣場店）,9.4,"['樂惠雙床房:HK$133', '樂享大床房:HK$147', '尊享大床房:HK$166', '尊享雙床房:HK$166']"
城市精選酒店（亳州萬達廣場店）,9.6,"['標準大床房:HK$170', '標準雙床房:HK$170', '影院大床房:HK$184', '高級大床房:HK$191']"
鉑雅悅己酒店（亳州高鐵南站康美中葯城店）,9.9,"['雲閣·禪影小院大床房「巨幕觀影+獨立陽台+護脊床墊」:HK$242', '智能pro·ai智控大床房「全屋聲控+除菌凈氧+觀景沙發」:HK$263', '智能pro·ai智控雙床房「全屋聲控+辦公桌椅+觀景沙發」:HK$274', '深睡pro·全景凈氧大床房「俯瞰中葯城+亞朵星球記憶枕」:HK$284', '深睡pro·舒闊凈氧雙床房「俯瞰中葯城+亞朵星球記憶枕」:HK$295']"
亳州徽居花戲樓民宿,9.7,"['水香（徽派四合院-商務標準間）:HK$120', '夜安（徽派四合院-特惠標準間）:HK$120', '星源（徽派四合院-特惠大床房）:HK$120', '訪雲（徽派四合院-豪華大床套房）:HK$163']"
半山湖景酒店（亳州學院高鐵南站店）,9.9,"['悦享甄選大床房（手機投屏●懶人沙發）:HK$129', '輕奢零壓大床房（75寸手機投屏●懶人沙發●大飄窗）:HK$135', '舒適靜雅雙床房（舒適床墊●零壓睡眠）:HK$141', '雅緻雙床房（舒適床墊●75寸手機投屏●大飄窗）:HK$147']"
歡顏酒店（亳州譙城區春雨汽車城店）,8.9,"['L雙床房（雙層隔音玻璃）:HK$120', 'M大床房（全屋智能+雙層隔音玻璃）:HK$120', 'XL雙床房（雙層隔音玻璃）:HK$131', 'L大床房（全屋智能+雙層隔音玻璃）:HK$131']"
格林豪泰（亳州魏武大道中葯材市場店）,9.6,"['智能雙床房:HK$192', '智能大床房:HK$200', '雅緻大床房:HK$213', '智能家庭房:HK$267']"
鵬達酒店（亳州火車站店）,9.4,"['經濟舒適大床房:HK$116', '輕奢|高級雙床房:HK$122', '悦心|舒適大床房:HK$129', '悦心|優選大床房:HK$132']"
星程酒店（亳州高新萬達葯都路店）,9.7,"['高級雙床房:HK$189', '高級大床房:HK$198', '商務大床房:HK$227', '商務雙床房:HK$227']"
心有所宿智慧酒店,9.3,"['特惠丨精品大床房:HK$144', '落霞丨智能大床房:HK$157', '輕暖丨零壓大床房:HK$162', '秋水丨智能雙床房:HK$166']"
城市之家·精選酒店（亳州康美中葯城萬達廣場店）,9.5,"['舒惠大床房（零壓床墊+助眠舒適枕）:HK$119', '舒惠雙床房（零壓床墊+助眠耳塞）:HK$119', '精選大床房（香薰眼罩+助眠耳塞）:HK$141', '精選雙床房（零壓床墊+助眠香薰眼罩）:HK$141']"
格林豪泰（亳州春雨汽車城店）,9.5,"['大床房:HK$136', '特色大床房（無窗）:HK$136', '高級雙床間:HK$148', '高級大床房:HK$148']"
金不換大酒店（亳州花戲樓店）,9.6,"['貴賓樓標準間（酒店公區提供自助洗衣房）:HK$161', '豪華標準間（酒店公區提供自助洗衣房）:HK$285', '豪華大床房（酒店公區提供自助洗衣房）:HK$304', '豪華套房（酒店公區提供自助洗衣房）:HK$410']"
