酒店名称,评分,房型价格列表
翡麗智慧酒店（保亭店）,9.1,"['新風簡約大床房（智能客控+手機投屏）:HK$160', '雅緻舒適大床房（智能客控+零壓床墊+高樓層）:HK$170', '新風簡約雙床房（智能客控+烘乾一體洗衣機）:HK$176', '雅緻舒適雙床房:HK$181']"
七仙苗山書雁私湯温泉度假院子,9.6,"['陽光雨林大床房（私湯葯浴温泉+雨林景觀+戴森吹風機）:HK$1,653', '山景雨林雙床房（私湯葯浴温泉+日出景觀+獨立陽台）:HK$2,040', '豪華雨林大床房（私湯葯浴温泉+雨林景觀+獨立陽台）:HK$2,169', '山景雨林大床房（私湯葯浴温泉+日出美景+獨立陽台）:HK$2,298', '270°景觀雨林大床房+私湯葯浴温泉+獨立陽台+日出美景:HK$2,556']"
維也納國際酒店（保亭中心店）,9.5,"['商務大床房:HK$305', '商務雙床房:HK$305', '景觀大床房:HK$322', '景觀雙床房:HK$322']"
那香山雨林度假酒店（保亭呀諾達店）,8.9,[]
呀諾達旅遊區雨林一號度假酒店,9.4,"['山野露營基地雙床房:HK$608', '山野露營基地大床房:HK$608', '高級大床房（迷你冰箱+電動窗簾+茶具）:HK$851', '高級雙床房（迷你冰箱+茶具）:HK$861', '豪華大床房（迷你冰箱+茶具）:HK$992']"
布隆賽熱帶雨林度假莊園（保亭呀諾達店）,8.9,[]
保亭戴斯酒店,9.1,"['標準大床房:HK$387', '標準雙床房:HK$387', '商務大床房:HK$450', '豪華套房:HK$572']"
天藝精品酒店（保亭七仙廣場店）,8.5,"['尊享陽光大床房【空氣好+乾濕分離+定製洗漱用品】:HK$213', '高級大床房【大空間+會客區+辦公桌椅】:HK$240', '特惠大床房【靜眠舒睡+辦公桌椅+定製洗漱用品】:HK$248', '高級雙床房:HK$267']"
海南七仙嶺寶亭荔苑温泉酒店,8.0,"['雨林温泉雙床房（私湯温泉+雨林景觀+智能小度）:HK$469', '雨林温泉大床房:HK$469', '豪華温泉雙床房（私湯温泉+雨林景觀+智能小度）:HK$510', '豪華温泉大床房（私湯温泉+雨林景觀+智能小度）:HK$510', '豪華雨林温泉套房（私湯温泉+雨林景觀+智能小度）:HK$613']"
保亭雙大野奢康養酒店,9.3,"['豪華大床房:HK$313', '豪華雙床房:HK$313', '一房一廳家庭套房:HK$334', '一房一廳雙床套房:HK$334', '一房一廳大床套房:HK$334']"
保亭七仙嶺瑪萊温泉度假酒店,8.9,"['豪華温泉雙床房1Lou（私湯温泉+園林景觀+獨立陽台）:HK$293', '雨林温泉雙床房:HK$468', '雨林温泉大床房:HK$468', '山景温泉雙床房:HK$468']"
保亭星都精品酒店（七仙廣場店）,9.0,"['舒享單間:HK$151', '温馨大床房:HK$173', '陽光大床房:HK$195', '雅緻雙人房:HK$205']"
保亭保城漢亭智能酒店,9.3,['三人間:HK$186']
神玉島玉酒店,9.4,"['蝴蝶公主親子房:HK$972', '奶龍親子房:HK$1,080', '櫻桃小丸子親子房:HK$1,080', '喜羊羊與灰太狼親子房:HK$1,080', '奧特曼親子房:HK$1,080', '小熊王子親子房:HK$1,080']"
七仙嶺康樂温泉酒店,9.0,"['豪華半山園景雙床房:HK$293', '豪華雨林園景雙床房:HK$315', '豪華半山温泉雙床房:HK$391', '豪華雨林温泉雙床房5號樓:HK$424']"
雅布倫田園山莊酒店（保亭呀諾達店）,9.0,"['雨林別墅大床房:HK$308', '雨林別墅雙標房:HK$308', '雨林別墅豪華親子房:HK$456', '雨林別墅豪華套房:HK$640']"
保亭三道榕樹灣民宿農家院,9.1,"['高級大床房:HK$295', '温馨親子房:HK$314']"
保亭七仙嶺南美温泉山莊,8.1,"['新豪華房:HK$533', '仙景雙床房（無泡池）:HK$533', '優選雙床房:HK$566', '園景大床房:HK$621']"
九九八智聯商務酒店,9.5,"['特價房:HK$173', '標準單人房:HK$251', '商務雙人房:HK$266', '舒適雙床房:HK$268']"
海南七仙瑤池温泉度假酒店,7.8,"['山谷大床房:HK$358', '雨林温泉房:HK$392', '豪華雨林温泉房:HK$410', '複式雨林親子房:HK$724']"
紫風鈴雨林療愈莊園,9.7,"['枕雲花園獨院大床房:HK$436', '庭院花園雙床房:HK$463', '景觀大床房:HK$463', '庭院浴缸麻將大床房:HK$514']"
保亭三道御景雨林商務酒店,9.1,"['特惠大床房:HK$175', '特惠雙床房:HK$187', '商務大床房:HK$197', '商務雙床房:HK$209']"
保亭仙嶺郡代爾蒙酒店,8.5,"['兩室兩廳度假園景套房:HK$348', '三室兩廳家庭園景套房:HK$479']"
享水谷熱帶雨林國家公園度假酒店,8.8,"['山谷豪華雙標房:HK$400', '特惠雙床房:HK$400', '山谷豪華蜜月房:HK$416', '山谷豪華套房:HK$708']"
茶溪谷大酒店,9.0,"['茶溪普標雙床房:HK$191', '茶溪普標復古大床房:HK$191', '雲棲木屋雙床房:HK$191', '雲棲木屋大床房:HK$191']"
保亭柒月精品酒店,7.8,"['特惠大床房:HK$151', '主題大床房:HK$162', '柒月精品大床房:HK$173', '智能大床房【智能語音控制】:HK$195']"
保亭玉澗歸宿,7.6,"['庭院101房:HK$500', '庭院102房:HK$528', '玉嬋201房:HK$614', '玉嬋301房:HK$648']"
保亭川鴻智能酒店,10.0,"['GL商務大床（中央空調+智能客控）:HK$128', 'GL共享雙標房（中央空調+智能客控）:HK$137', 'GL輕享大床房（中央空調+智能客控）:HK$137', 'GL優享大床房（中央空調+智能客控）:HK$147']"
山道園民宿,8.5,['親子温馨榻榻米房:HK$193']
保亭七仙河畔度假酒店,7.8,"['河畔單標房:HK$184', '河畔雙標房:HK$192', '河畔複式雙標:HK$192', '河畔複式單雙標房:HK$192']"
保亭椰香閣酒店,9.1,"['大床房:HK$205', '雙床房:HK$216', '三人間:HK$238']"
樂家康養民宿,8.6,"['雅緻大床房:HK$140', '普通標準間:HK$140', '高級大床房:HK$184', '豪華標準間:HK$184']"
保亭七仙家庭旅館,8.7,"['大床房:HK$140', '雙標房:HK$162']"
寶徠賓館（保亭市場店）,8.2,"['陽光大床房:HK$114', '商務雙人房:HK$115', '舒適大床房:HK$130', '舒適雙床房:HK$134']"
北緯十八度蔡園民宿,8.1,"['温馨大床房:HK$183', '温馨雙床房:HK$184', '湖景温馨大床房:HK$269', '雨林庭院温馨家庭房:HK$285']"
保亭秀麗山莊,5.3,"['豪華大床房:HK$302', '豪華雙床房:HK$302', '親子房:HK$326', '麻將房:HK$369']"
保亭迎賓館,9.1,[]
