酒店名称,评分,房型价格列表
海南海花島希爾頓酒店,9.4,"['精選雅緻房:HK$757', '豪華大床房:HK$832', '精選園景大床房:HK$897', '豪華雙床房:HK$919', '精選園景雙床房:HK$1,027', '行政海島景觀大床:HK$1,135']"
巴里島國際酒店（儋州汽車站夏日廣場店）,9.5,"['風雅丨舒適雙人房:HK$223', '風雅丨舒適大床房:HK$225', '臻選丨商務大床房（乾濕分離+舒適睡眠）:HK$247', '甄選丨商務雙人房（乾濕分離+舒適睡眠）:HK$247']"
全季酒店（儋州汽車站中興大街店）,9.6,"['大床房:HK$263', '高級雙床房:HK$282', '高級大床房:HK$282', '商務大床房:HK$328']"
永嘉大酒店（儋州夏日廣場店）,9.4,"['佳和家庭親子房（安靜舒適+大空間）:HK$272', '佳和大床房（視野廣闊+獨立衣帽間）:HK$272', '豪華大床房（獨立衣帽間+空間大+視野廣闊+乾濕分離）:HK$331', '豪華家庭親子房（安靜舒適+獨立衣帽間+空間大）:HK$331', '行政套房（超大浴缸+乾濕分離+視野廣闊）:HK$512']"
儋州蘭洋地質温泉酒店,8.8,"['優選氡泉雙床房:HK$360', '優選氡泉大床房:HK$360', '悦享氡泉別墅套房:HK$694', '尊享氡泉總統別墅套房:HK$1,714']"
海花島·SANSU三時三宿全海景民宿,9.5,"['摩登Chanel風海景投影房:HK$216', 'INS純白甜甜圈海景投影房:HK$218', 'INS韓系夏日暖陽海景投影房:HK$229', '克萊因藍的日落全海景投影房:HK$249']"
印象·江南別墅（儋州海花島3號島店）,9.1,"['三卧園景洋房:HK$912', '三卧海景洋房:HK$1,094', '四卧園景洋房:HK$1,094', '四卧海景複式洋房:HK$1,459']"
宜尚酒店（儋州夏日廣場店）,9.6,"['宜馨大床房:HK$221', '宜悦大床房:HK$236', '宜品大床房（帶窗）:HK$267', '宜品雙床房（帶窗）:HK$267']"
柏曼酒店（儋州那大夏日廣場店）,9.0,"['標準大床房·靜謐空間:HK$190', '高級大床房·靜謐空間:HK$221', '豪華大床房·靈動空間:HK$251', '豪華雙床房·靈動空間:HK$251']"
希爾悦酒店（夏日廣場體育館店）,9.3,"['希雅特惠大床房（智能客控-小度睡眠燈光）:HK$197', '希爾商務智能大床房（智能客控-小度睡眠燈光）:HK$221', '希爾休閑智能大床房（小度語音）:HK$226', '希爾智能雙床房（小度語音電視）:HK$240']"
海花島科拉克拉·CORA設計民宿,9.2,"['一克拉•法式海景投影房:HK$216', '三克拉•海景投影房:HK$216', '八克拉• 海景投影房:HK$271', '六克拉•海景投影房:HK$292']"
儋州洋浦美居酒店,9.7,"['標準大床房（65寸可投屏電視+絲漣床墊+智能馬桶）:HK$340', '高級大床房（65寸可投屏電視+絲漣床墊+智能馬桶）:HK$358', '城景雙床房（65寸可投屏電視+絲漣床墊+智能馬桶）:HK$368', '豪華景觀大床房（65寸可投屏電視+絲漣床墊+智能馬桶）:HK$368', '海景大床房（65寸可投屏電視+絲漣床墊+智能馬桶）:HK$377']"
格美酒店（儋州夏日廣場店）,8.4,"['精選大床房:HK$146', '精選雙床房:HK$154', '麻將大床房:HK$173', '豪華大床房:HK$191', '豪華雙床房:HK$210']"
維也納國際酒店（儋州洋浦店）,9.1,"['高級大床房（園景大陽台）:HK$226', '豪華大床房（園景大陽台）:HK$252', '高級雙床房（園景大陽台）:HK$252', '海景大床房（海景大陽台）:HK$261', '豪華雙床房（園景大陽台）:HK$278']"
海南海花島歐堡酒店,9.1,"['雅緻大床房:HK$489', '雅緻雙床房:HK$489', '海景雙床房:HK$543', '海景大床房:HK$565', '至尊海景大床房:HK$619', '至尊海景雙床房:HK$619']"
景咖城市民宿（儋州海花島2號島）,8.6,"['園景大床房A級（廚房+冰箱+洗衣機）:HK$217', '初春踏青·雅棲園景LOFT大床房A級:HK$217', '海景大床房AA級:HK$241', '輕奢LOFT海景雙床房:HK$320']"
維也納國際酒店（儋州鼎尚廣場店）,9.3,"['高級大床房:HK$271', '豪華大床房:HK$286', '商務大床房:HK$292', '商務雙床房:HK$292', '棋牌大床房:HK$303']"
儋州福朋喜來登酒店,9.3,"['雅緻大床房:HK$445', '雅緻雙床房:HK$445', '高級大床房:HK$503', '高級雙床房:HK$503', '豪華大床房:HK$555', '豪華雙床房:HK$555']"
歐斯卡國際酒店（儋州汽車站店）,9.1,"['特惠·大床房:HK$147', '智能·優選大床房:HK$164', '智能·尊享大床房:HK$171', '智能·尊享雙床房:HK$175']"
儋州諾蘭朵酒店（汽車總站店）,9.7,"['舒適大床房:HK$243', '高級大床房:HK$263', '高級雙床房:HK$295', '摩登浴缸房:HK$301']"
儋州佰麗海景酒店（洋浦店）,9.4,"['豪華大床房:HK$271', '豪華雙人房:HK$271', '行政雙標房:HK$391', '行政大床房:HK$391', '三人間套房:HK$423']"
海岸線海景民宿（儋州海花島店）,9.5,"['簡奢|特惠海景開間:HK$98', '藍天|一線海景大開間:HK$107', '水天一色|超級海景大床房:HK$115', 'LOFT|複式海景單間（觀一號島夜景）:HK$120']"
曼居酒店（海南店）,9.3,"['曼居雙床房:HK$243', '曼居大床房:HK$265', '曼享大床房:HK$287', '曼居家庭房:HK$298']"
途豆海景酒店公寓（海花島瀾灣店）,9.0,"['海景小開間（觀海景陽台+冰箱+廚房可做飯+洗衣機）:HK$122', '海景大開間（觀海景陽台+廚房可做飯+洗烘一體機+獨立冰箱）:HK$138', '臨海Loft小複式一室一廳（獨立冰箱+廚房可做飯+洗烘一體機+助眠床墊）:HK$146', '平層海景房一室一廳（觀海景落日陽台+廚房可做飯+洗烘一體機+家用冰箱）:HK$161']"
潤地國際酒店（儋州夏日廣場體育館店）,9.4,"['智選標準大床房-品質臻享:HK$227', '智選標準雙床房-品質臻享:HK$238', '高級智能大床房-智能語音:HK$249', '高級智能雙床房-智能燈光:HK$260', '豪華智能大床房-智能燈光:HK$271']"
維也納酒店（儋州白馬井店）,9.4,"['高級大床房（舒適睡眠+智能客控）:HK$236', '標準大床房（暖光燈-無智能聲控-舒適睡眠+乾濕分離）:HK$236', '豪華大床房（視野廣闊+乾濕分離+智能客控）:HK$253', '豪華雙床房（視野廣闊+乾濕分離+智能客控）:HK$253']"
儋州洋浦灣海景花園酒店,9.0,"['標準雙床房:HK$238', '標準大床房:HK$238', '豪華雙標房:HK$292', '行政套房:HK$532']"
如家精選酒店（儋州夏日廣場汽車總站店）,9.5,"['雙床房A（無窗）:HK$166', '特色大床房:HK$192', '雙床房:HK$209', '商務大床房:HK$209']"
蘭桂坊酒店（儋州夏日廣場店）,9.2,"['蘭芝輕奢大床房:HK$147', '蘭藝雅緻雙床房:HK$157', '蘭若商務大床房:HK$167', '蘭芷商務雙床房:HK$178']"
麗棲·安縵酒店（儋州夏日廣場汽車總站店）,9.2,"['精選智能大床房（冷暖空調丨高低助眠枕頭）:HK$163', '精選智能雙床房:HK$173', '高級智能大床房（瀑布雨淋|夕陽河景）:HK$173', '豪華智能大床房（會客沙發|移動辦公桌）:HK$184']"
儋州麥客達温德姆酒店（夏日廣場店）,8.8,"['豪華雙床房（一室一廳-零壓床墊-智能馬桶-深睡眠）:HK$234', '舒適大床房（一室一廳-零壓床墊-智能馬桶）:HK$234', '城景雙床房（一室一廳-俯瞰夏日廣場-舒適睡眠）:HK$254', '豪華大床房（獨立客廳-觀夏日地標夜景-乾濕分離-舒適好眠）:HK$297']"
易蔓假日酒店（儋州兩院海南大學店）,9.4,"['雙床房【電視投屏+零壓床墊+零壓記憶枕】:HK$427', '大床房【電視投屏+零壓床墊+零壓記憶枕】:HK$427', '特惠大床房【電視投屏+零壓床墊+零壓記憶枕】:HK$427', '親子房【電視投屏+零壓床墊+零壓記憶枕】:HK$445']"
維也納國際酒店（儋州市政府福安大廈店）,9.3,"['浪漫大床房（舒適睡眠+智能客控）:HK$247', '商務大床房（舒適睡眠+採光通透+智能客控）:HK$288', '豪華雙床房（視野廣闊+舒適睡眠+智能客控）:HK$305', '豪華大床房（舒適睡眠+日出日落觀景房+智能客控）:HK$338']"
儋州堡格麗酒店（白馬井店）,9.2,"['高級大床房『全屋智能聲控+ O壓床品+公區自助洗衣機』:HK$125', '豪華大床房『全屋智能聲控+ O壓床品+乾濕分離』:HK$155', '幾木雙床房 『全屋智能聲控+ O壓床品+乾濕分離』:HK$155', '棋牌大床房『全屋智能聲控+ O壓床品+娛樂隨心玩』:HK$167']"
儋州新天地酒店（夏日廣場店）,8.5,"['特惠雙床房:HK$231', '特惠大床房:HK$231', '温馨家庭房:HK$390', '別緻城景大床房:HK$435', '別緻城景雙床房:HK$435']"
儋州松濤書院民宿,9.0,"['雅緻大床房:HK$643', '園景大床房:HK$643', '園景雙床房:HK$643', 'Loft複式房:HK$643']"
海島露水·Island Dew （儋州海花島店）,9.0,"['棲岸丨輕奢一室大床房:HK$160', '海韻丨Loft海景一室大床套房:HK$174', '晴風丨Loft海景一室雙床房:HK$189', '拾光丨Loft海景一室雙床套房:HK$189']"
V8智尚酒店（儋州那大鎮夏日廣場店）,9.7,"['悦享陽光大床房/60寸電視可投屏/雙人沙發/採光通風優:HK$167', '都市節奏大床房/全屋智能/美粧發光鏡/刷臉開門/零壓床:HK$180', '雅緻雙床房/全屋智能/雙重隔音/換氧新風/4K電視可投屏:HK$204', '摩登時尚大床房/雙人沙發/零壓枕/4K高清電視/超大空間:HK$221']"
螢火電競酒店（夏日廣場店）,8.3,"['影院大床房:HK$113', '單人電競大床房[2K180hz電競顯示器+鑽石網吧特權+2.5G電競網卡]:HK$133', '單人電競影院大床房[2K180hz電競顯示器+鑽石網吧特權+2.5G電競網卡]:HK$142', '雙人電競影院大床房[2K180hz電競顯示器+鑽石網吧特權+2.5G電競網卡]:HK$172']"
花祺酒店（儋州夏日廣場汽車站店）,9.2,"['嗨致靜謐大床房（一次性面巾）:HK$124', '沉浸式觀影大床房（可投影+影院既視感+視頻會員）:HK$128', '嗨致靜謐雙床房（高低軟硬零壓枕+不透光窗簾）:HK$132', '悦致城景大床房:HK$133']"
印象江南別墅酒店（儋州海花島2號島店）,9.0,"['新中式海景三卧公寓套房:HK$874', '新中式三卧觀景洋房:HK$982', '新中式四卧別墅-3號島:HK$1,964', '新中式五卧海景別墅-3號島:HK$2,619']"
森林客棧（儋州植物園熱科院海南大學店）,9.7,"['晨曦·花園雙標房:HK$281', '森林小調房:HK$295', '晨曦·花園大床房:HK$295', '豪華家庭房:HK$313']"
花築·海花島江南里別墅,9.7,"['三房度假別墅（庭院）:HK$1,215', '四房度假別墅（庭院）:HK$1,700', '四房度假別墅（麻將機+庭院）:HK$1,821', '四房度假別墅（陽光房茶室+麻將機+庭院）:HK$1,943']"
海花島五國温泉別墅酒店,9.6,"['風情私湯單層別墅（I型單卧）:HK$1,662', '風情私湯單層別墅（I型雙卧）:HK$2,122', '親子私湯單層別墅（I型雙卧）:HK$2,400', '至尊私湯複式別墅（II型雙卧）:HK$2,771']"
儋州賽侖電競酒店（夏日廣場店）,9.7,"['大床電競房【酷睿I7+16G內存+RTX3060】:HK$182', '基友SOLO房[32寸大屏顯示器+遊戲特權]:HK$214', '豪華大床電競房 【酷睿I7+16G內存+RTX3060】:HK$214', '豪華雙標電競房【酷睿I7+16G內存+RTX3060】:HK$237']"
桔子酒店（儋州夏日廣場西部醫院店）,8.7,"['小時光 | 榻榻米大床房（舒適睡眠+乾濕分離）:HK$190', '節奏丨輕享大床房（舒適睡眠）:HK$214', '滄海雙床房（舒適睡眠）:HK$222', '挪威森林家庭房（乾濕分離+大空間）:HK$238']"
儋州·美家海景民宿（海花島一號島店）,9.7,"['温馨奶綠・園景大床房:HK$188', '綠意悠然·海景雙床房:HK$193', '海藍祕語・海景標房:HK$226', '藍夢空間・海景三床房:HK$295']"
興湖美辰酒店（儋州夏日廣場店）,9.5,"['辰曦大床房（智能客控-小度語音電視）:HK$159', '辰語大床房（智能客控-自動語音燈光）:HK$177', '辰秋大床房（智能客控-小度睡眠燈）:HK$199', '辰秋雙床房（智能自助洗衣機）:HK$199']"
盛源御景酒店（儋州汽車總站店）,8.4,"['祕境 | 高級雙床房（舒適睡眠+乾濕分離）:HK$257', '祕境 | 高級大床房（舒適睡眠+乾濕分離）:HK$257', '臻選 | 豪華睡眠雙床房（喜臨門床墊+乾濕分離+大空間）:HK$306', '臻選 | 豪華睡眠大床房（喜臨門床墊+乾濕分離+大空間）:HK$306']"
全季酒店（儋州洋浦經濟開發區店）,9.6,"['大床房A:HK$321', '大床房:HK$340', '商務雙床房:HK$340', '高級大床房:HK$361']"
