酒店名称,评分,房型价格列表
在雲端星空營地民宿（白沙湖店）,9.3,"['伴山觀景大床房（絕美湖景+製氧機）:HK$1,313', '沙海觀景大床房（絕美湖景+製氧機）:HK$1,879', '泊岸觀景家庭房（絕美湖景+製氧機）:HK$2,264']"
喀拉庫勒湖不周山營地公園,9.6,"['慕峯湖景大床房（絕美雪山+製氧機）:HK$1,837', '雪山湖景大床房（絕美雪山＋製氧機）:HK$2,055', '雪山湖景雙床房（絕美景觀＋製氧機）:HK$2,055', '星空觀景套房（完美景色+製氧機）:HK$3,149']"
慕雲營地（喀拉庫勒湖店）,10.0,"['息羽靜謐雙床房+製氧機:HK$1,203', '棲雲九別雙床房+絕美山景+製氧機:HK$2,077', '慕峯靜謐大床房+絕美山景+製氧機:HK$2,077', '慕峯湖景大床房+絕美山景湖景+製氧機:HK$2,515']"
遇見慕士塔格公路酒店,9.6,"['山谷大床房|彌散式製氧設備+金可兒床墊+大赫電地暖:HK$1,207', '山谷雙床房|彌散式製氧設備+金可兒床墊+大赫電地暖:HK$1,393', '雪山湖景雙床房|彌散式製氧設備+金可兒床墊+大赫電地暖:HK$1,950', '雪山湖景大床房|彌散式製氧+金可兒床墊+大赫電地暖:HK$2,136', '山谷套房|彌散式製氧設備+金可兒床墊+大赫電地暖:HK$2,590', '雪山湖景家庭房|彌散式製氧設備+金可兒床墊+大赫電地暖:HK$2,962']"
阿圖什浙東大酒店,9.5,"['高級雙床房:HK$251', '高級大床房:HK$251', '商務大床房:HK$293', '商務雙床房:HK$293', '景觀大床房:HK$359']"
格林豪泰酒店（阿圖什香港城美食街店）,9.5,"['智能雙床房（全屋智能＋加濕器＋藝術博士睡眠床墊）:HK$257', '智能大床房（全屋智能＋加濕器＋藝術博士睡眠床墊）:HK$363', '商務高級大床房（小度智能客控＋可投屏＋加濕器）:HK$427', '商務高級雙床房（小度智能客控＋可投屏＋加濕器）:HK$427']"
美豪麗致酒店（烏恰人民廣場店）,9.1,"['麗致山景雙床房:HK$344', '麗致山景大床房:HK$351', '雅緻山景大床房:HK$412', '靜雅山景雙床房:HK$451', '雅緻山景雙床房:HK$460']"
克州國際大酒店（克孜勒蘇柯爾克孜自治州博物館店）,9.8,"['優享大床房:HK$354', '尊享大床房:HK$382', '尊享雙床房:HK$411', '舒心大床房:HK$439', '舒心雙床房:HK$468']"
全季酒店（阿圖什店）,9.5,"['大床房（冰箱·65寸投屏電視·恆温馬桶·金可兒床墊）:HK$288', '高級大床房（冰箱·65寸投屏·恆温馬桶·金可兒床墊）:HK$335', '商務大床房（冰箱·65寸投屏·恆温馬桶·金可兒床墊）:HK$372', '高級雙床房（冰箱·65寸投屏·恆温馬桶·金可兒床墊）:HK$400']"
克州帕米爾大酒店,9.5,"['特惠大床房:HK$388', '特惠雙床房:HK$388', '豪華雙床房:HK$604', '豪華大床房:HK$623', '行政套房:HK$817']"
阿圖什逸居酒店,9.8,"['逸棲風雅丨內景雙床房:HK$213', '逸棲風雅丨內景大床房:HK$222', '逸風古韻丨內景維風大床房:HK$254', '逸風古韻丨內景維風雙床房:HK$254']"
橙芷·白沙湖,8.8,"['大床房:HK$619', '豪華雙床房:HK$830', '親子套房:HK$1,078', '豪華套房:HK$2,051']"
漢庭酒店（阿圖什店）,9.4,"['大床房（65寸投屏電視·恆温馬桶·金可兒床墊羽絨被）:HK$251', '高級大床房（65寸投屏電視·恆温馬桶·金可兒床墊）:HK$297', '高級雙床房（65寸投屏電視·恆温馬桶·金可兒床墊）:HK$344', '商務雙床房（65寸投屏電視·恆温馬桶·金可兒床墊）:HK$381']"
熱巴的家,9.5,"['榻榻米公主房:HK$416', '標準雙床房:HK$431', '豪華大床房:HK$463', '豪華套房:HK$825']"
君享豪庭酒店,9.3,"['特惠大床房:HK$206', '商務大床房:HK$216', '商務雙床房:HK$216', '輕奢雙床房:HK$227']"
阿克陶縣帕米爾國際大酒店,8.9,"['標準雙床間:HK$249', '標準大床房:HK$249', '大床房:HK$268', '豪華大床房:HK$277']"
騎仕國際酒店,8.6,"['特價房:HK$217', '豪華大床房:HK$258', '尊享大床房:HK$258', '豪華雙床房:HK$258']"
愛帕度假酒店（白沙湖店）,7.9,"['標準大床房:HK$513', '標準雙床房:HK$513', '豪華標準間（電地暖）:HK$545', '景觀大床房（電地暖）:HK$545']"
速8精選酒店（阿克陶店）,8.9,"['標準大床房:HK$242', '標準雙床房:HK$264', '商務大床房:HK$264', '高級雙床房:HK$273']"
烏恰國際商務中心,8.5,"['商務標間:HK$195', '行政標間:HK$260', '商務單間:HK$293', '行政套房:HK$634']"
楨中古城酒店（阿克陶古城遺址店）,10.0,"['舒適雙床房:HK$204', '大床房:HK$219', '湖景雙床房:HK$235', '湖景大床房:HK$259']"
烏恰清源酒店,8.9,"['特惠標準間:HK$274', '標準雙床房:HK$308', '標準大床房:HK$308', '標準三人間:HK$386']"
IU酒店（阿克陶店）,9.5,"['小U·舒適大床房:HK$195', '小U·舒適雙床房:HK$196', 'U+零壓大床房:HK$222', 'U+零壓雙床房:HK$232']"
御景雅居酒店,9.5,"['雅居大床房:HK$512', '雅居雙人間:HK$588', '豪華雙床房:HK$752']"
西極鉑悦假日酒店,8.9,"['西極時光特價標準間:HK$463', '西極時光雙床房（智能語音管家+裸棉布草）:HK$573', '西極時光大床房（智能語音管家+裸棉布草）:HK$573', '西極霞光豪華大床房（智能語音管家+裸棉布草）:HK$621']"
蘇格慕麗酒店,8.2,"['大床房:HK$232', '標準雙床房:HK$243', '三人間:HK$271']"
阿合奇縣賓館,8.5,"['標準大床房:HK$373', '標準雙床房:HK$373', '套房:HK$489']"
阿克陶川西客棧,8.2,"['單人間:HK$151', '標準大床房:HK$158', '普通標間:HK$166', '舒適標間:HK$182']"
億森酒店,8.2,"['特惠單人房:HK$250', '標準雙床房:HK$286', '舒適大床房:HK$286', '雅緻大床房:HK$320']"
木吉千家牧家樂民宿,7.6,['標準雙床房:HK$320']
塔爾鄉東歸驛站（杏花谷遊客中心店）,8.0,"['三人間（無獨立衞生間）:HK$435', '大床房:HK$525', '標準雙床房:HK$525', '商務套房:HK$743']"
葱嶺山居民宿,8.8,"['青旅-高級雙人間（公共衞浴）:HK$255', '塔吉克幾何民宿-玉樓小築:HK$589', '塔吉克幾何房-杏花煙雨:HK$589', '塔吉克幾何房-山迴路轉:HK$589']"
塔爾花兒永遠都這樣紅農家旅館,9.5,"['雙人間（公共洗手間）:HK$218', '大床房:HK$243', '家庭房（公共洗手間）:HK$807']"
阿合奇縣鑫鏵陽商務賓館,8.3,"['經濟雙人間:HK$113', '悦享標間:HK$165', '兄弟聯排雙人間:HK$205', '優享商務雙人間:HK$238']"
阿圖什亞星大酒店,8.6,[]
全季酒店（喀什徠寧機場自由貿易試驗區店）,9.5,"['高級大床房（智能客控+冰箱）:HK$335', '高級雙床房（智能客控+冰箱）:HK$372', '商務大床房（智能客控+冰箱）:HK$391', '商務雙床房（智能客控+冰箱）:HK$428']"
東方酒店（喀什機場迎賓大道店）,9.3,"['智能大床房:HK$352', '智能雙床房:HK$415', '東方大床房:HK$444', '東方高級雙床房:HK$467', '東方高級大床房:HK$470']"
喀什徠寧國際機場亞朵酒店,9.9,"['高級大床房（電視投屏+加濕器+半智能馬桶）:HK$574', '高級雙床房（電視投屏+加濕器+半智能馬桶）:HK$634', '幾木大床房（電視投屏+加濕器+小冰箱+半智能馬桶）:HK$634', '幾木雙床房（電視投屏+加濕器+小冰箱+半智能馬桶）:HK$704', '幾木親子房（電視投屏+加濕器+小冰箱+半智能馬桶）:HK$805']"
喀什HIYO喜域天台花園民宿,9.6,"['花園大床房（零壓床墊+智能馬桶+獨立空調+地暖）:HK$400', '喜域大床房（零壓床墊+智能馬桶+地暖）:HK$400', '花園榻榻米房（零壓床墊+智能馬桶+獨立空調+地暖）:HK$431', '花園雙床房（零壓床墊+智能馬桶+獨立空調+地暖）:HK$477']"
全季酒店（喀什徠寧機場店）,9.7,"['大床房（金可兒床墊+茶空間+智能客控）:HK$288', '高級大床房（金可兒床墊+茶空間+智能客控）:HK$325', '高級雙床房（金可兒床墊+茶空間+智能客控）:HK$325', '商務雙床房（金可兒床墊+茶空間+智能客控）:HK$363']"
疆徠民宿（喀什博物館店）,9.6,"['且末·雅居大床房（投影儀+公共衞浴）:HK$484', '墨山·榻榻米房（投影儀+公共衞浴）:HK$490', '依耐·臻品大床房（投影儀+公共衞浴）:HK$545', '烏壘·靜雅大床房（投影儀+公共衞浴）:HK$545']"
棲香園民宿館（喀什香妃園景區店）,9.8,"['高級大床房:HK$470', '高級雙床房:HK$503', '豪華大床房:HK$503', '豪華雙床房:HK$536']"
漢庭酒店（喀什古城迎賓大道店）,9.8,"['大床房[喜臨門床墊+護頸記憶枕+智能馬桶]:HK$320', '高級大床房[喜臨門床墊+護頸記憶枕+智能馬桶]:HK$348', '高級雙床房[喜臨門床墊+護頸記憶枕+智能馬桶]:HK$348', '家庭房[喜臨門床墊+護頸記憶枕+智能馬桶]:HK$386']"
格林豪泰酒店（喀什機場店）,9.4,"['商務大床房:HK$208', '商務高級大床房:HK$219', '商務雙床房:HK$228', '商務高級雙床房:HK$238']"
喀什美華酒店（火炬大廈店）,9.6,"['觀景大床房（全屋智控+全景落地窗）:HK$574', '高級大床房:HK$597', '高級雙床房:HK$625', '商務雙床房:HK$625', '行政大床房:HK$639']"
維也納酒店（喀什徠寧國際機場店）,9.9,"['高級大床房:HK$322', '豪華大床房:HK$397', '豪華雙床房:HK$433', '商務大床房:HK$458']"
悦客之家民宿（喀什香妃園景區店）,9.9,"['悦客豪華大床房:HK$240', '悦客特色大床房:HK$269', '悦客豪華雙床房:HK$283', '悦客特色雙床房:HK$325']"
速8精選酒店（騎仕大觀園喀什徠寧國際機場店）,9.5,"['標準大床房:HK$195', '標準雙床房（智能窗簾+優質採光+品質床墊）:HK$195', '商務大床房（智能窗簾+優質採光+品質床墊）:HK$216', '商務雙人房（智能窗簾+優質採光+品質床墊）:HK$216']"
喀什天緣國際酒店,9.2,"['豪華雙人間:HK$872', '商務套房:HK$1,508', '豪華套房:HK$1,950']"
麗楓酒店（喀什火炬大廈小亞郎濕地公園店）,9.3,"['私密||雅緻大床房:HK$259', '純凈||自然雙床房:HK$282', '甄選||景觀家庭房:HK$324', '相愛||豪華大床房:HK$741']"
