酒店名称,评分,房型价格列表
懿庭臻舍酒店（北京天安門廣場店）,9.3,"['臻舍大床房:HK$670', '臻舍雙床房:HK$703', '復古大床房（無窗）:HK$728', '復古雙床房:HK$788']"
和風景裏四合院酒店（後海恭王府店）,9.6,"['優享大床房（智能客控+定製護脊床墊+戴森吹風機）:HK$1,081', '景觀高級大床房（智能客控+定製護脊床墊+戴森吹風機）:HK$1,136', '庭院尊享大床房（智能客控+獨立院落+定製護脊床墊）:HK$1,342', '萬象豪華套房（智能客控+定製護脊床墊+獨立浴缸）:HK$1,659', '尊悦豪華雙床房（智能客控+定製護脊床墊+戴森吹風機）:HK$1,790']"
北京歸浦北海四合院酒店（西單金融街店）,9.4,"['歸浦大床房:HK$613', '高級大床間:HK$638', '豪華大床房:HK$738', '豪華雙床間:HK$752']"
黎明星球酒店（北京亦莊機器人產業園店）,9.6,"['舒適大床房（語音客控+投屏電視+無窗）:HK$327', '舒適雙床房（全屋聲控+投屏電視+無窗）:HK$468', '商務大床房（語音客控+智能馬桶+深睡枕+投屏電視）:HK$559', '荷里活雙床房（頭等艙座椅+智能馬桶+投屏電視）:HK$575']"
北京遠航國際酒店（首都機場新國展店）,9.8,"['雅緻大床房【電動窗簾+可投屏電視+深睡級床品】:HK$538', '悦享雙床房（電動窗簾+可投屏電視+深睡級床品）:HK$572', '行政大床房（電動窗簾+可投屏電視+深睡級床品）:HK$592', '行政雙床房（電動窗簾+可投屏電視+深睡級床品）:HK$626', '超級大床房（電動窗簾+可投屏電視+深睡級床品）:HK$669']"
隱卓酒店（三里屯團結湖地鐵站店）,9.7,"['商務大床房（智能客控+智能馬桶+親膚浴袍+私密投屏）:HK$696', '尊享影音大床房（全智能客控+動感影音+智能馬桶+私密投屏）:HK$719', '花園陽台大床房（全智能客控+智能馬桶+私人花園+私密投屏）:HK$752', '豪華大床房（智能客控+智能馬桶+親膚浴袍+私密投屏）:HK$783', '行政大床房（全智能客控+智能馬桶+浴缸+私密投屏）:HK$868']"
北京素問酒店,9.7,"['高級雙床間無窗（獨立新風，智能客控，乳膠床墊）:HK$486', '舒適大床房無窗（獨立新風，智能客控，乳膠床墊）:HK$486', '舒適大床房（獨立新風，智能客控，乳膠床墊）:HK$793', '高級雙床間（獨立新風，智能客控，乳膠床墊）:HK$906', '高級雙床套房（一室一廳，獨立新風，乳膠床墊）:HK$963']"
建國·璞隱酒店（北京天安門王府井店）,9.4,"['詠蘭居大床房（記憶枕＋小冰箱+零壓床墊）:HK$796', '凌霜居雙床房（記憶枕+小冰箱+零壓床墊）:HK$885', '芳草居單人房（記憶枕+小冰箱+零壓床墊）:HK$885', '暗香居大床房（記憶枕+小冰箱+零壓床墊）:HK$983', '智享清新大床房（空氣凈化+記憶枕+小冰箱+零壓床墊）:HK$1,042']"
北京軍中綠花酒店（石景山店）,9.9,"['海軍優選榻榻米（深睡記憶枕+智能客控）:HK$611', '海軍優選大床房（深睡記憶枕+智能客控+智能馬桶）:HK$635', '海陸空雙床房（智能客控+65寸電視投屏+深睡記憶枕）:HK$658', '海陸空大床房（智能客控+65寸電視投屏+智能馬桶）:HK$681', '陸軍甄選雙床房（深睡記憶枕+65寸電視投屏+小冰箱）:HK$764']"
世家精品酒店（北京三里屯團結湖地鐵站店）,9.4,"['精品大床房:HK$534', '精品雙床房:HK$534', '高級大床房:HK$594', '三人間:HK$715']"
北京朝陽北路長楹天街亞朵酒店,9.7,"['雅緻雙床房（智能客控+小冰箱+65寸可投屏電視）:HK$691', '雅緻大床房（智能客控+小冰箱+65寸可投屏電視）:HK$743', '高級大床房（智能客控+小冰箱+65寸可投屏電視）:HK$774', '行政大床房（智能客控+小冰箱+65寸可投屏電視）:HK$824', '高級雙床房（智能客控+小冰箱+65寸可投屏電視）:HK$843']"
全季酒店（北京西直門店）,9.7,"['特價大床房:HK$668', '大床房:HK$696', '舒壓-大床房:HK$725', '雙床房:HK$773']"
北京前門扇酒店,9.5,"['靜謐雙床房（觀夏洗護+智能馬桶）:HK$1,113', '衚衕大床內景房（觀夏洗護+智能馬桶）:HK$1,206', '衚衕大床房（觀夏洗護+智能馬桶）:HK$1,274', '衚衕雙床房（觀夏洗護+智能馬桶）:HK$1,484']"
怡程酒店（北京亦莊開發區東區科創一街店）,9.6,"['高級雙床房-語音客控:HK$644', '高級大床房-語音客控:HK$644', '標準大床房-語音客控:HK$653', '豪華雙床房-語音客控:HK$678']"
北京同潤酒店,9.5,"['雅緻雙床房（徠芬吹風機+智能馬桶+冷藏箱+智能客控）:HK$782', '雅緻大床房（徠芬吹風機+智能馬桶+冷藏箱+智能客控）:HK$793', '高級大床房（徠芬吹風機+智能馬桶+冷藏箱+智能客控）:HK$935', '高級雙床房（徠芬吹風機+智能馬桶+冷藏箱+智能客控）:HK$956', '豪華雙床房（徠芬吹風機+智能馬桶+冷藏箱+智能客控）:HK$1,066']"
北京遠航花園酒店（北京大興國際機場店）,9.8,"['致享大床房【智能投屏+深睡級床品】:HK$376', '悦享雙床房【智能投屏+深睡級床品】:HK$435', '雅緻大床房【智能投屏+深睡級床品】:HK$487', '行政雙床房【智能投屏+深睡級床品】:HK$519', '超級大床房【智能投屏+深睡級床品】:HK$530']"
北京大悦酒店,9.4,"['高級大床房:HK$1,018', '景觀大床房:HK$1,101', '標準雙床房:HK$1,131', '高級雙床房:HK$1,203', '家庭房:HK$1,306', '行政套房:HK$1,327']"
東方聖達酒店（北京天安門廣場王府井地鐵站店）,9.6,"['商務大床房:HK$979', '怡景清新大床房（可直達環球影城+全屋智控+小冰箱+零壓床墊+電視可投屏）:HK$1,023', '商務雙床房:HK$1,023', '清雅靜謐大床房（步行到王府井地鐵站3分鐘+全屋智控+小冰箱+零壓床墊+電視可投屏）:HK$1,067']"
北京瓦廠酒店,9.6,"['卧佛山景大床房:HK$1,255', '長城景觀雙床房:HK$1,985', '山景大床房:HK$1,985', '長城景觀大床房:HK$2,378', '琉璃瓦院景雙床房:HK$2,378']"
北京隆福寺NOA諾岸酒店（王府井店）,9.5,"['暄-大床房:HK$859', '坊-大床房:HK$966', '合-雙床房:HK$1,019']"
北京勁松地鐵站瑞貝庭公寓酒店,9.5,"['高級大床房A（全屋智能+投屏+冰箱+金可兒床墊））:HK$505', '高級大床房（客房洗烘一體機+投屏+冰箱+金可兒床墊）:HK$599', '豪華大床房（全屋智能+客房洗烘機+冰箱+金可兒床墊）:HK$617', '一房豪華套房（全屋智能+洗烘機+冰箱+金可兒床墊）:HK$832']"
北京華僑夜泊君亭酒店,9.5,"['四季都市大床間:HK$1,080', '四季都市雙床間:HK$1,156', '海底小縱隊主題房:HK$1,278', '君亭概念間:HK$1,427', '小黃鴨親子主題房:HK$1,427', '君亭概念套間:HK$1,796']"
景裏酒店（北京合生滙大郊亭地鐵站店）,9.6,"['智能榻榻米房（智能客控+護脊床墊）:HK$556', '商務雙床房（裸棉床品+護脊床墊）:HK$576', '優享大床房（智能客控+裸棉床品）:HK$609', '影音高級大床房（巨幕投影+小冰箱）:HK$654', '庭院優選大床房:HK$709']"
聖地苑酒店（北京豐台站解放軍總醫院第五醫學中心店）,9.7,"['雅美-雙床房（智能客控+智能馬桶+55寸可投屏電視）:HK$663', '雅居-家庭房（落地飄窗+智能馬桶+55寸可投屏電視）:HK$756', '雅美-套房（智能客控+智能馬桶+75寸投屏電視+小冰箱）:HK$870', '雅景-豪華套房（智能馬桶+75寸投屏電視+小冰箱）:HK$974']"
安滙文化酒店（朝陽高鐵站石佛營地鐵站店）,9.6,"['雅緻大床房:HK$482', 'Loft雅緻大床房:HK$535', '雅緻雙床房:HK$587', '臻品大床房:HK$640']"
重構·潮東里人文酒店（北京王府井店）,9.8,"['精緻大床房（舒適好眠+深睡記憶枕+HCK冰吧）:HK$1,131', '衚衕景緻雙床房（舒適好眠+HCK冰吧）:HK$1,227', '禪意景緻大床房（舒適好眠+HCK冰吧）:HK$1,322', '衚衕景緻大床房（超大榻榻米+舒適好眠+HCK冰吧）:HK$1,417', '雅韻景緻浴缸房（舒適好眠+HCK冰吧）:HK$1,513']"
中裕精選酒店,8.7,"['特惠大床房:HK$359', '特惠雙床房:HK$359', '高級大床房:HK$467', '高級雙床房:HK$467']"
樂盟酒店（北京後海鼓樓店）,9.4,"['四合院-古韻精緻大床房:HK$798', '四合院-特惠雙床房:HK$1,064', '四合院-古韻温馨大床房:HK$1,112', '四合院-古韻精緻雙床房:HK$1,178']"
北京朝林松源酒店,9.8,"['商務大床房:HK$2,617', '商務雙床房:HK$2,617', '尊貴大床房:HK$2,945', '尊貴雙床房:HK$2,945', '庭院大床房:HK$3,708', '庭院雙床房:HK$3,708']"
請晉·喬家大院酒店（北京建國門首都兒研所店）,9.4,"['特價大床房（智能客控）:HK$706', '陽光大床房（智能客控+零壓床墊+記憶枕+電視投屏+乾濕分離+化粧鏡）:HK$738', '商務雙床房（智能客控+零壓床墊+記憶枕+電視投屏+乾濕分離+化粧鏡）:HK$810', '豪華舒適大床房（智能客控+零壓床墊+乾濕分離）:HK$831']"
京茂古院酒店（北京王府井東四地鐵站店）,9.6,"['聽雪.精緻榻榻米房:HK$995', '晴風.行政大床房:HK$1,047', '拾光·精緻大床房:HK$1,149', '星瀾·行政大床房:HK$1,214']"
北京天安門廣場便宜坊酒店（前門大街店）,9.3,"['雲舍雅緻大床房（深睡級床品+客房冰箱+電視可投屏）:HK$971', '雲庭高級大床房（配備客房冰箱+辦公桌椅+電視投屏）:HK$1,030', '雲庭高級雙床房（配備客房冰箱+辦公桌椅+電視投屏）:HK$1,151', '雲臻豪華大床房（配備客房沙發+客房冰箱+電視投屏）:HK$1,273', '雲臻豪華雙床房（辦公桌椅+電視投屏+配備客房冰箱）:HK$1,394']"
景裏紅驛棧酒店（北京東直門三里屯店）,9.3,"['榻榻米舒適大床房（副樓）:HK$455', '榻榻米雅緻大床房（副樓）:HK$491', '榻榻米雅緻雙床房（副樓）:HK$533', '商務大床房（空氣凈化）:HK$623']"
北京盛捷大興酒店,9.6,"['高級雙床房（開放式廚房）:HK$796', '高級大床房（開放式廚房）:HK$796', '豪華雙床房:HK$869', '豪華大床房:HK$869', '豪華套房:HK$1,159']"
秋果四合院酒店（北京王府井協和醫院店）,9.5,"['舒適大床房（零壓床墊+恆温水暖）:HK$854', 'Loft舒適大床房（零壓床墊+恆温水暖）:HK$854', '和風榻榻米（深睡記憶枕+新風機）:HK$899', '精緻大床房（深睡記憶枕+零壓床墊）:HK$964']"
北京福庭酒店,9.6,"['靈動房:HK$716', '舒適房:HK$799', '豪華大床房:HK$883', '城景大床房:HK$1,072', '臻品大床房:HK$1,546']"
友方賓館（北京天安門王府井店）,9.4,"['舒適大床房（空調+地暖）:HK$695', '新中式大床房（空調+地暖）:HK$766', '新中式雙床房（空調+地暖）:HK$837', '古典中式大床房（空調地暖+復古架子床）:HK$908']"
北京前門四合院漫心府,9.7,"['衚衕大床房（記憶棉+零壓床墊+智能投屏）:HK$1,405', '心怡大床房（記憶棉+零壓床墊+智能投屏）:HK$1,666', '心悦高級大床房（記憶棉+零壓床墊+智能投屏）:HK$1,766', '心怡標準房（記憶棉+零壓床墊+智能投屏）:HK$1,967', '心悦高級標準房（記憶棉+零壓床墊+智能投屏）:HK$2,268']"
麗怡酒店（北京望京科技園東湖渠地鐵站店）,9.6,"['高級大床房（空氣凈化器+新風系統+電視投屏）:HK$668', '標準大床房（智能客控+電視投屏）:HK$778', '商務大床房（智能客控+電視投屏）:HK$834', '商務雙床房（智能客控+電視投屏）:HK$840']"
北京崇文門桔子水晶酒店,9.6,"['榻榻米房-帶浴缸:HK$913', '商務大床房-帶浴缸:HK$1,064', '精選大床房:HK$1,214', '精選商務大床房:HK$1,315', '精選徽式小院房-獨立露台 帶浴缸:HK$1,415']"
墨歷酒店（北京新國展首都機場店）,9.5,"['元光大床房（深睡枕+貼身裸棉+智能投影）:HK$269', '青松雙床房（全屋凈化+貼身裸棉+智能投影）:HK$311', '青松大床房（全屋凈化+貼身裸棉+智能投影）:HK$311', '榻榻米大床房（全屋凈化+貼身裸棉+智能投影）:HK$353']"
北京後海鼓樓四合院漫心府,9.7,"['心怡大床房:HK$1,064', '榻榻米大床房:HK$1,214', '心悦高級大床房:HK$1,315', '四合院-心怡大床房:HK$1,566', '四合院-高級大床房:HK$1,867']"
如家精選酒店（北京通州運河商務區友誼醫院店）,9.6,"['商務大床房-智能客控+零壓床+無線投屏+萊芬吹風機:HK$291', '標準雙床間-智能客控+零壓床+無線投屏+萊芬吹風機:HK$300', '高級大床房智能客控+零壓床+無線投屏+小冰箱+萊芬吹風:HK$317', '高級雙床房-智能客控+萊芬吹風機+無線投屏+小冰箱:HK$325']"
秋果酒店（北京房山龍湖天街良鄉站店）,9.5,"['舒適大床房（65寸電視+投屏+小冰箱）:HK$421', '舒適雙床房（65寸電視+投屏+小冰箱）:HK$441', '明星大床房（65寸電視+投屏+小冰箱）:HK$462', '高級大床房（65寸電視+投屏+小冰箱）:HK$479', '高級雙床房（65寸電視+投屏+小冰箱）:HK$508']"
朗麗茲酒店（北京西站六裏橋東地鐵站店）,9.5,"['高級大床房（全屋智能客控 +自動窗簾 +零壓乳膠枕）:HK$522', '商務大床房（全屋智能客控 +自動窗簾 +零壓乳膠枕）:HK$568', '麗茲大床房（全屋智能客控 +自動窗簾 +零壓乳膠枕）:HK$626', '高級雙床房（全屋智能客控 +自動窗簾 +零壓乳膠枕）:HK$649']"
北京廣渠門漫心酒店,9.6,"['心怡大床房（智能客控、電視可投屏）:HK$661', '高級大床房（智能客控、電視可投屏）:HK$708', '雅緻大床房（智能客控、電視可投屏）:HK$755', '心悦高級大床房（智能客控、電視可投屏）:HK$803', '雅緻標準房（智能客控、電視可投屏）:HK$822']"
北京三里屯工體北路亞朵酒店,9.5,"['雅緻大床房（小度智能+小冰箱）:HK$831', '高級大床房（小度智能+小冰箱）:HK$901', '雅緻雙床房（小度智能+小冰箱）:HK$932', '行政大床房（小度智能+小冰箱）:HK$972', '高級雙床房（小度智能+小冰箱）:HK$1,002']"
漫麴酒店（北京西站六裏橋東地鐵站店）,9.6,"['大床房（藍牙音樂+自動窗簾+0壓床墊+可投屏）:HK$502', '雙床房（0壓床墊+藍牙音樂+自動窗簾+可投屏）:HK$579', '高級大床房（藍牙音樂+自動窗簾+0壓床墊+可投屏）:HK$590', '高級雙床房（藍牙音樂+自動窗簾+0壓床墊+可投屏）:HK$645']"
北京小溪嘟嘟·小學校民宿,9.5,"['小帳篷親子主題房:HK$1,317', '爬網親子主題房:HK$1,317', '滑梯親子主題房:HK$1,317', '綠野仙蹤親子主題兩居室院落:HK$3,099']"
全季酒店（北京望京科技園店）,9.8,"['大床房:HK$604', '高級大床房:HK$632', '商務大床房:HK$661', '商務雙床房:HK$689']"
