酒店名称,评分,房型价格列表
四季國際酒店（十堰北京中路大學城店）,9.5,"['高級大床房【坐卧沙發+舒睡好眠】:HK$194', '高級雙床房【深睡好眠+乳膠床墊】:HK$201', '豪華雙床房【2張超大雙人床+記憶枕+乳膠床墊】:HK$214', '商務大床房【商務辦公桌+小冰箱】:HK$216', '商務雙床房【辦公用品+獨立辦公區+坐卧沙發】:HK$222']"
十堰花開嫁日酒店（萬達廣場店）,9.7,"['高級雙床房【智能客控+智能馬桶+乳膠床墊】:HK$272', '商務雙床房【智能客控+智能馬桶+乳膠床墊】:HK$310', '商務大床房【智能客控+智能馬桶+乳膠床墊】:HK$313', '家庭親子房【智能客控+智能馬桶+乳膠床墊】:HK$325', '豪華大床房【智能客控+智能馬桶+乳膠床墊】:HK$350']"
萬達悦華酒店·七俠武驛（武當山景區入口店）,9.5,"['問道大床房（智能馬桶+Acca Kappa洗護用品）:HK$336', '問道雙床房（智能馬桶+Acca Kappa洗護用品）:HK$336', '悟道大床房（智能馬桶+Acca Kappa洗護用品）:HK$423', '悟道雙床房（智能馬桶+Acca Kappa洗護用品）:HK$423', '行道親子房（智能馬桶+Acca Kappa洗護用品+道茶品茗+親子床型）:HK$674']"
你好酒店（十堰人民路店）,9.7,"['大床房:HK$246', '高級大床房:HK$254', '雙床房:HK$257', '高級雙床房:HK$287']"
AI未來住·智能酒店（十堰五堰商場人民醫院店）,9.6,"['AI·高級舒壓大床房【全屋智能+智能馬桶+休閑躺椅】:HK$254', 'AI·豪華甄選大床房【全屋智能+辦公書桌+智能馬桶】:HK$267', 'AI·豪華智享雙床房【全屋智能+商務方桌+智能馬桶】:HK$278', 'AI·靜奢深睡大床房【全屋智能+雙人沙發+零壓床墊】:HK$302']"
十堰棲悦酒店（人民廣場店）,9.6,"['棲悦大床房（暖氣+全屋智能+休閑躺椅）:HK$189', '棲悦雙床房（暖氣+全屋智能+休閑茶台）:HK$195', '零壓晨景大床房（暖氣+全屋智能+休閑躺椅）:HK$227', '零壓悦慕大床房（暖氣+辦公桌椅+休閑躺椅）:HK$240']"
璞曼山居院子（武當山入口店）,9.6,"['悠景大床房:HK$283', '庭院花園大床房:HK$326', '悠景雙床房:HK$326', '庭院花園雙床房:HK$349']"
維也納國際酒店（十堰五堰步行街店）,9.2,"['高級大床房:HK$230', '高級雙床房:HK$230', '豪華大床房【商務辦公桌+坐卧沙發】:HK$253', '豪華雙床房:HK$261', '商務大床房【商務辦公桌＋坐卧沙發】:HK$294']"
麗楓酒店（十堰東風大道武當山機場店）,9.2,"['雅緻大床房:HK$204', '雅緻雙床房:HK$217', '豪華大床房:HK$225', '豪華雙床房:HK$242']"
萬達悦華·隱喜酒店（武當山售票大廳門口店）,9.4,"['閣樓觀景大床房（智能馬桶+Acca Kappa洗護用品）:HK$348', '聞香雙床房（Acca Kappa洗護用品+可觀夜景）:HK$381', '聞香大床房（Acca Kappa洗護用品+智能馬桶）:HK$381', '品茗雙床房（Acca Kappa洗護用品+道茶茶具）:HK$468', '品茗家庭房（智能馬桶+超大空間親子床型）:HK$665']"
武當山賓館,9.5,"['高級大床房:HK$369', '高級雙床房:HK$369', '豪華大床房:HK$445', '豪華雙床房:HK$445', '高級套房:HK$643']"
十堰美盛假日酒店（上海路大學城店）,9.7,"['美盛雙床房（深睡床墊）:HK$352', '美盛雅緻雙床房:HK$352', '美盛大床房（深睡床墊）:HK$369', '商務套房B（超大會客辦公區+深睡床墊）:HK$423', '商務套房A（超大會客辦公區+深睡床墊+浴缸）:HK$445']"
十堰希爾頓花園酒店,9.5,"['花園大床房:HK$324', '花園雙床房:HK$324', '花園高級大床房（高層）:HK$357', '花園高級雙床房（高層）:HK$357', '花園家庭大床房:HK$463']"
大美假日智能酒店（十堰上海路店）,9.7,"['商務大床房·高層美景·智能客控·乳膠床墊:HK$277', '商務雙床房·高層美景·智能客控·乳膠床墊:HK$277', '高級雙床房·手機投屏·高層美景·智能客控·乳膠床墊:HK$300', '高級大床房·手機投屏·高層美景·智能客控·乳膠床墊:HK$307']"
十堰大嘉國際酒店,9.6,"['雅緻大床房:HK$366', '豪華大床房:HK$410', '園林雙床房:HK$481', '園林大床房:HK$506', '家庭大床房:HK$594']"
十堰萬德國際大酒店（六堰人民商場店）,8.9,"['舒居-雅緻雙床房（舒睡床品-靜享舒睡-璀璨夜景）:HK$224', '甄選-豪華舒眠雙床房（靜享舒睡-高級城景-零壓床墊）:HK$251', '甄選-豪華舒眠大床房（靜享舒睡-高層觀景-養生枕頭）:HK$251', '逸居-雅緻大床房（春日限定+深度睡眠床墊+辦公桌椅）:HK$253', '悦居-行政雙床房（全屋智能-靜音地毯-深度睡眠床墊）:HK$312']"
十堰綠洲美景國際酒店（五堰商場人民醫院店）,9.2,"['歡致·標準寧靜大床房【辦公桌椅+舒睡好眠】:HK$190', '歡致·商旅甜睡大床房【辦公圓桌+零壓床墊+地標景觀】:HK$202', '甄選·商旅甜睡雙床房【辦公圓桌+地標景觀+落地大窗】:HK$215', '悦致·豪華靜謐大床房【零壓床墊+自然眠愈+坐卧沙發】:HK$219']"
十堰楓渡酒店（陽光棲谷鄖陽中學店）,9.6,"['純粹大床房（房全屋智能+零壓床墊+夢潔布草+小冰箱）:HK$300', '純粹雙床房（房全屋智能+零壓床墊+夢潔布草+小冰箱）:HK$300']"
城市便捷酒店（十堰人民南路店）,9.3,"['標準大床房:HK$189', '高級雙床房:HK$189', '高級大床房:HK$189', '標準雙床房:HK$189']"
十堰心湖民宿,9.4,"['園景雙床房:HK$361', '臨湖觀景大床房:HK$386', '園景露台雙床房:HK$439', '臨湖露台觀景大床房:HK$439']"
景怡美辰酒店（十堰北京中路漢江師範學院店）,9.7,"['良辰│舒睡大床房【高清投屏+靜謐空間+深度睡眠】:HK$173', '美景│舒睡雙床房【高清投屏+辦公桌椅+乳膠記憶枕】:HK$173', '星辰│零壓大床房（高清投屏+零壓床墊+乳膠記憶枕）:HK$195', '美意│零壓雙床房:HK$195']"
麗楓酒店（十堰武商人民商場店）,9.6,"['高級大床房:HK$226', '景觀大床房:HK$241', '豪華雙床房:HK$255', '豪華大床房:HK$285']"
十堰萬達廣場桔子水晶酒店,9.8,"['高級大床房（絲漣+俯瞰城市夜景）:HK$381', '高級雙床房（安睡香薰晶石+絲漣）:HK$411', '豪華雙床房（安睡香薰晶石+絲漣）:HK$431', '觀景高級大床房（絲漣+俯瞰城市夜景）:HK$441', '行政大床房（絲漣+俯瞰城市夜景）:HK$481']"
城市便捷酒店（十堰火車站北廣場店）,9.5,"['標準大床房（零壓床墊+軟硬枕可選+梳粧全身鏡）:HK$168', '高級雙床房（夢百合床墊+落地街景）:HK$179', '豪華大床房（180度觀景陽台+中央空調）:HK$188', '標準雙床房（夢百合床墊+落地街景+辦公桌）:HK$199']"
時光臻選酒店（十堰人民廣場店）,9.4,"['槓上花棋牌娛樂套房:HK$319', '時光臻選温馨親子房:HK$323', '時光臻選零壓大床房:HK$327', '時光臻選雙床房:HK$348']"
十堰上海路亞朵酒店,9.6,"['行政大床房—投屏電視+小冰箱:HK$358', '行政雙床房—投屏電視+小冰箱:HK$382', '幾木大床房—投屏電視+智能客控+小冰箱:HK$412', '幾木養生大床房—投屏電視+智能客控+小冰箱:HK$456', '幾木套房—投屏電視+智能客控+小冰箱:HK$501']"
白玉蘭酒店（十堰五堰步行街店）,9.2,"['靜逸大床房（無窗兩米大床）:HK$167', '輕舒大床房（可投屏+房間獨立wifi）:HK$169', '零壓輕舒大床房（可投屏+房間獨立wifi）:HK$176', '舒雅大床房（懷舊遊戲影視+可投屏+騰訊會員）:HK$179']"
維也納國際酒店（十堰萬達高鐵站店）,9.3,"['高級大床房:HK$272', '高級雙床房:HK$279', '豪華大床房【智能客控+全景落地窗】:HK$293', '豪華雙床房【智能客控+全景落地窗】:HK$307']"
星程酒店（十堰天津路店）,9.8,"['高級大床房:HK$255', '商務大床房:HK$261', '高級雙床房:HK$285', '商務雙床房:HK$314']"
十堰百強國際大酒店,9.1,"['山景豪華大床房:HK$398', '行政大床間:HK$447', '山景豪華大床房（南樓）:HK$550', '高級行政大床房:HK$564', '行政大床間（南樓）:HK$665', '行政套間:HK$1,450']"
十堰希爾頓逸林酒店,9.5,"['逸林大床房（暢享舒睡）:HK$474', '逸林雙床房（暢享舒睡）:HK$474', '高級大床房（高層）:HK$495', '高級雙床房（高層）:HK$495', '豪華大床房（俯瞰綠茵場）:HK$606', '行政大床房（行政樓層）:HK$722']"
十堰鄖陽希爾頓歡朋酒店,9.4,"['舒適大床房（安靜舒適+舒達專利床墊+科勒衞浴+人體工學椅+辦公書桌）:HK$351', '高級江景雙床房（一線江景+舒達專利床墊+科勒衞浴+人體工學椅+辦公書桌）:HK$382', '豪華大床房（親子沙發床+舒達專利床墊+科勒衞浴+人體工學椅+辦公書桌）:HK$382', '高級江景大床房（一線江景+舒達專利床墊+科勒衞浴+人體工學椅+辦公書桌）:HK$403', '豪華江景大床房（一線江景+親子沙發床+舒達專利床墊+科勒衞浴+人體工學椅+辦公書桌）:HK$432']"
十堰武當國際酒店（商務酒店樓）,9.3,"['特價大床房:HK$129', '時尚大床房（無窗）:HK$151', '商務大床房:HK$203', '商務雙床房:HK$203']"
十堰鄖陽國際酒店（鄖陽區政府店）,9.4,"['隱逸雙床房:HK$187', '隱逸大床房:HK$188', '舒適大床房（智能窗簾+街景+院景）:HK$210', '雅居大床房（智能小度+榻榻米·小陽台）:HK$211']"
武當山驛雲鄉居（武當山入口店）,9.7,"['逍遙（舒適標間）:HK$445', '清韻（觀景大床房）:HK$491', '靜心（豪華標間）:HK$583', '明德（親子套房）:HK$705', '巖居川觀（獨棟小木屋）:HK$705']"
十堰嘉華假日酒店（五堰商場人民醫院店）,9.3,"['高級城景雙床房:HK$170', '高級城景大床房:HK$177', '山景陽光雙床房（可觀自然山景）:HK$185', '山景陽光大床房（可觀自然山景）:HK$200']"
瑞和酒店（十堰環球港行政服務中心店）,9.4,"['舒居·商務大床房（舒適床品+夜晚好眠+靜謐優享）:HK$180', '舒居·商務雙床房（零壓床墊+自然眠愈+落日餘暉）:HK$180', '甄選·豪華大床房（辦公桌椅+乾濕分離+空氣清新）:HK$201', '甄選·豪華雙床房（辦公桌椅+落日餘暉+恬夢熟睡）:HK$201']"
錦華國際大酒店（上海路漢江師範學院店）,9.7,"['優選雙床房（全景落地窗+休閑茶台+鵝絨被）:HK$210', '優選大床房（護頸冷暖枕+智能馬桶+獨立辦公區）:HK$210', '悦享-零壓智能大床房（悠遊春景+全屋智能+零壓床墊）:HK$260', '悦享-零壓智能雙床房（全屋智能+乾濕分離+乳膠護枕）:HK$260']"
十堰太極泉健康休閑酒店,8.9,"['特惠雙床房:HK$294', '商務大床房:HK$326', '韓式主題房:HK$326', '歐式主題房:HK$326', '商務標準間:HK$326']"
十堰重慶路亞朵X酒店,9.5,"['高級大床房-投屏電視:HK$304', '行政雙床房-投屏電視:HK$304', '行政大床房-投屏電視:HK$322', '幾木大床房-投屏電視+小冰箱:HK$358', '高級套房-投屏電視+小冰箱:HK$447']"
如家睿柏·雲酒店（十堰車站路店）,9.3,"['商務大床房:HK$172', '商務雙床房:HK$172', '高級大床房:HK$206', '高級雙床房:HK$206']"
麗楓酒店（十堰上海路店）,9.5,"['雅緻大床房:HK$217', '豪華大床房:HK$242', '複式大床房:HK$250', '豪華雙床房:HK$259']"
十堰大嘉美爵酒店,9.3,"['高級大床房:HK$345', '高級雙床房:HK$347', '豪華大床房:HK$373', '行政大床房:HK$434', '行政雙床房:HK$434']"
EHA輝月電競酒店（十堰萬達廣場店）,9.7,"['Moon丨輝月電競雙床房[i7CPU]騰訊特權+巨幕投影+品質床墊:HK$380', 'Moon丨輝月電競大床房[RTX4070]+全屋智能+巨幕投影+舒適床墊:HK$390', '高奢丨盡在此隅電競雙床房[2K顯示器+騰訊特權]+巨幕投影+品質床墊:HK$399', '甄選丨巨幕投影電競情侶房[RTX4070+遊戲特權]+雙開門冰箱+舒適床墊:HK$403']"
十堰天海温德姆酒店,9.4,"['豪華雙床房:HK$435', '豪華大床房:HK$478', '高級大床房:HK$595', '高級雙床房:HK$595', '貴賓雙床房:HK$663', '貴賓大床房:HK$663']"
十堰邦輝國際大酒店,9.5,"['單間:HK$195', '標間:HK$195', '豪華單間:HK$294', '套房:HK$392']"
桔子酒店（十堰人民路店）,9.7,"['月若流金大床房-小度智能客控+小帥投屏:HK$321', '月若流金商務雙床房-小度智能客控+小帥智能投屏:HK$340', '月若流金商務大床房-小度智能客控+小帥智能投屏:HK$351', '月若流金豪華雙床房-小度智能客控+小帥智能投屏:HK$371']"
十堰三贏酒店,9.5,"['零壓好眠大床房（零壓床墊+落地街景）:HK$246', '零壓好眠雙床（零壓床墊+深度睡眠+落地街景）:HK$267', '怦然心動網紅圓床房（電動）:HK$299', '樂享棋牌大床房（中央空調+俯瞰夜景）:HK$337']"
城市便捷酒店（十堰鄖陽區政府店）,9.5,"['高級大床房（零圧床墊+記憶枕+辦公桌+酒店公區提供自助洗衣房）:HK$185', '高級雙床房（零圧床墊+記憶枕+辦公桌+酒店公區提供自助洗衣房）:HK$185', '標準大床房（零圧床墊+記憶枕+辦公桌+酒店公區提供自助洗衣房）:HK$187', '智能豪華大床房（智能客控+零圧床墊+記憶枕）:HK$212']"
錦江之星風尚（十堰北京中路店）,9.6,"['精選標準房A:HK$223', '精選商務房B:HK$223', '豪華商務房:HK$255', '豪華標準房A:HK$255']"
十堰武當國際酒店,9.6,"['豪華大床房:HK$324', '山景大床房:HK$468', '家庭親子房:HK$511', '行政大床房:HK$577', '豪華套房:HK$664']"
十堰美樂賓館,9.3,"['美樂丨智能靜雅大床房:HK$205', '美樂丨特惠大床房:HK$205', '美樂丨智能景觀雙床房:HK$205', '美樂丨智能街景雙人房:HK$216']"
宜尚酒店（十堰上海路漢江師範學院店）,9.7,"['標準大床房（簡約北歐風+飄窗採光）:HK$281', '高級大床房（舒適沙發+高層自然採光）:HK$315', '高級雙床房（舒適床品，寬敞明亮）:HK$324', '豪華大床房（舒適沙發+高層採光+城市美景）:HK$349']"
如家商旅酒店（十堰北京路漢江師範學院店）,9.7,"['大床房A:HK$183', '大床房:HK$208', '高級雙床房:HK$216', '高級大床房:HK$224']"
白玉蘭酒店（十堰火車站店）,9.6,"['舒雅大床房:HK$214', '靜雅大床房:HK$230', '零壓靜雅大床房:HK$302']"
澳斯特精選酒店（十堰火車站店）,9.1,"['商務大床房:HK$143', '精選標準房:HK$163', '精選大床房:HK$243', '行政大床房:HK$252']"
武當藝龍萬國酒店（機場店）,9.5,"['特惠大床房:HK$222', '雅享雙床房:HK$262', '雅享大床房:HK$271', '臻享大床房:HK$300', '臻享雙床房:HK$300']"
白玉蘭酒店（十堰體育中心店）,9.4,"['靜逸大床房:HK$207', '靜雅大床房:HK$231', '靜雅雙床房:HK$231', '舒雅雙床房:HK$265']"
維也納酒店（十堰世紀山水店）,9.6,"['豪華大床房（落地窗+超大床）:HK$230', '商務大床房（超大床+落地窗）:HK$246', '商務雙床房（安靜舒適+落地窗）:HK$270', '行政大床房（智能客控+落地窗）:HK$294']"
全季酒店（十堰上海路酒店）,9.7,"['大床房:HK$341', '高級大床房:HK$372', '高級雙床房:HK$372', '舒壓-高級雙床房:HK$402']"
城市便捷酒店（十堰高鐵萬達廣場店）,9.0,"['商務雙床房:HK$162', '影院大床房:HK$170', '高級大床房:HK$177', '家庭房:HK$216']"
