酒店名称,评分,房型价格列表
N6藝術空間酒店（南充不夜城店）,9.5,"['輕奢大床房:HK$306', '高級雙床房:HK$306', '豪華雙床房:HK$325', '妙趣童心親子房:HK$389', '智雅景觀套房:HK$1,623']"
南充故鄉酒店（1227廣場店）,9.4,"['故鄉精品房:HK$226', '豪華大床房:HK$261', '豪華雙床房:HK$261', '尊享大床房:HK$289']"
南充閲曼酒店（西華師範大學店）,9.7,"['閲享安睡大床房｜零壓床墊｜智能客控:HK$218', '【閲澤】舒享安睡大床房|零壓床墊|智能客控:HK$227', '閲暢&園景雙床房:HK$227', '閲和&園景親子房:HK$250', '閲澤&園景安睡大床房:HK$261']"
南充明宇豪雅東方花園酒店,9.4,"['經典雙床房（園林景觀）:HK$323', '經典大床房（山景）:HK$349', '東方雙床房（全景陽台）:HK$362', '東方大床房（森林山景）:HK$392', '豪雅雙床房（靜謐城景）:HK$402', '豪雅大床房（園林景大床）:HK$451']"
麗溪酒店（南充高坪機場安漢廣場店）,9.2,"['高級大床房:HK$184', '標準大床房:HK$202', '豪華大床房:HK$230', '豪華雙床房:HK$239', '純凈大床房:HK$276']"
宜尚酒店（南充泰閤中心南充火車站店）,9.5,"['舒適大床房（榻榻米+高層）:HK$177', '舒適雙床房（隱祕空間+安靜舒適）:HK$187', '標準大床房（城景視野+舒適布藝沙發）:HK$215', '城景大床房（俯瞰城景風光+高層全景+安靜）:HK$223']"
南充高坪凱悦嘉軒酒店,9.5,"['雙床房:HK$430', '大床房:HK$430', '江景大床房:HK$499', '江景雙床房:HK$499', '豪華大床房:HK$558', '尊享大床房:HK$616']"
南充碧桂園鳳悦鳳凰酒店,9.6,"['靜雅陽台大床房:HK$393', '靜雅陽台雙床房:HK$401', '園景陽台大床房:HK$425', '園景陽台雙床房:HK$434', '歡樂親子家庭房:HK$707', '寵物友好大床房:HK$867']"
全季酒店（南充西巷文化商業街店）,9.6,"['高級大床房:HK$321', '高級雙床房:HK$321', '商務大床房:HK$349', '商務雙床房:HK$349']"
南充天勝酒店（泰閤中心南充火車站店）,9.2,"['精緻雙床房【全景落地窗+貴妃椅+乾濕分離】:HK$191', '精緻大床房【全景落地窗+貴妃椅+乾濕分離】:HK$201', '雅緻雙床房【智能客控+高空城景+深度好眠】:HK$212', '雅緻大床房【超大床墊+高空城景+深度好眠】:HK$223', '豪雅雙床房【歐式風格+全景落地窗+智能客控】:HK$256']"
漢庭酒店（南充濱江大道店）,9.7,"['大床房:HK$226', '高級雙床房:HK$226', '高級大床房:HK$246', '城景大床房:HK$264']"
興宇瑞廷西郊S酒店,9.4,"['行政單間:HK$252', '城景行政大床房:HK$274', '豪華怡景雙床房:HK$274', '豪華行政雙床房:HK$274', '豪華行政大床房:HK$300']"
南充嘉舟麗港酒店,9.2,"['普通單間:HK$370', '普通標間:HK$370', '園林單間（9號樓）:HK$435', '園林標間（9號樓）:HK$435', '商務江景單間:HK$496', '商務江景標間:HK$496']"
如家商旅酒店（南充西華師範大學店）,9.3,"['商務大床房:HK$192', '雙床房:HK$192', '高級雙床房:HK$210', '高級大床房:HK$210']"
南充萬泰大酒店（西華師大行署校區店）,9.5,"['安靜好眠大床房:HK$219', '安靜好眠雙床房:HK$219', '優享舒睡雙床房:HK$244', '悦享城景大床房:HK$268', '悦享城景雙床房:HK$268']"
閲曼湖畔酒店（嘉陵南湖凱旋廣場店）,9.7,"['閲享安睡大床房[零壓床墊｜智能客控］:HK$206', '舒享安睡大床房【零壓床墊｜智能客控】:HK$239', '閲澤雙床房【零壓床墊｜智能客控】:HK$260', '閲茗茶藝大床房【零壓床墊｜智能客控】:HK$293']"
南充大酒店,9.1,"['行政單間:HK$255', '行政標間:HK$255', '行政特價標間:HK$255', '行政特價單間:HK$255', '商務單間:HK$321']"
南充金鴻大酒店,9.4,"['商務標間:HK$316', '商務單間:HK$316', '豪華標間:HK$352', '豪華單間:HK$352', '行政標間:HK$390']"
南充天府尚雅酒店,9.4,"['旅行者客房（靜謐舒適）:HK$335', '探索雙床房（150度江景｜俯瞰三橋夜景）:HK$354', '尚雅江景雙床房（180度全江景｜高空視野）:HK$402', '探索大床房（150度江景｜俯瞰三橋夜景）:HK$431', '尚雅江景大床房（180度全江景｜高空視野）:HK$460', '俱樂部雙床房（高空璀璨夜景｜遠眺江景）:HK$479']"
威思頓酒店（南充火車站店）,9.6,"['【悦享】榻榻米大床房｜零壓床墊｜智能客控:HK$162', '【特惠】舒適大床房｜零壓床墊｜智能客控:HK$174', '【悦享】標準雙床房｜零壓床墊｜智能客控:HK$186', '【優享】榻榻米大床房｜零壓床墊｜智能客控:HK$196']"
麗楓酒店（南充西華師大店）,9.8,"['自在大床房:HK$284', '自在雙床房:HK$284', '商務大床房:HK$313', '商務雙床房:HK$313']"
南充羅曼酒店（西華師範大學華鳳校區店）,9.0,"['曼逸大床房（智能客控+零壓床墊）:HK$189', '曼悦大床房（智能客控+零壓床墊）:HK$202', '曼雅雙床房（智能客控+零壓床墊）:HK$221', '曼享豪華大床房（智能客控+零壓床墊）:HK$254']"
江悦酒店（南充中虹國際店）,9.7,"['全智能|簡約大床房（全屋智能+超清影音）:HK$194', '暢享影音|城景大床房（全屋智能+超清影音）:HK$205', '觀日出|江景大床房（全屋智能+超清影音）:HK$215', '宜丨90°全景大床房（全屋智能+超清影音）:HK$225']"
南充天來大酒店,8.9,"['精緻標間:HK$359', '城景標間:HK$381', '城景特色單間:HK$424', '精緻江景標間:HK$435', '雅緻江景標間:HK$457', '豪華江景標間:HK$479']"
南充團結大酒店（泰閤中心火車站店）,8.7,"['特價大床房:HK$124', '舒適大床房:HK$144', '舒適雙床房:HK$144', '高級大床房:HK$153']"
凱里亞德酒店（南充嘉陵店）,9.5,"['輕享雙床房:HK$239', '輕享大床房:HK$239', '優享雙床房:HK$276', '優享大床房:HK$276', '榮享雙床房:HK$296']"
明仁酒店（南充王府井店）,9.2,"['安心大床房:HK$190', '安心雙床房:HK$190', '高級雙床房:HK$208', '豪華大床房:HK$208', '高級大床房:HK$208']"
楓霖酒店（南充火車北站店）,9.7,"['安睡大床房（新風系統+零壓床墊）:HK$194', '特惠大床房（智能客控）:HK$196', '特惠雙床房（智能客控）:HK$196', '精緻雙床房（智能客控+零壓床墊+55寸可投屏電視）:HK$208']"
南充天悦·山海公寓,9.3,"['日出日落城景房:HK$208', '財源滾滾棋牌房:HK$229', '茶香榻榻米房:HK$229', '和風全景雙床房:HK$254']"
南充天龍國際酒店,8.7,"['商務單間:HK$139', '商務標間:HK$139', '行政標間:HK$163', '豪華單間:HK$182', '行政單間:HK$185']"
紳士大酒店（1227購物廣場店）,9.2,"['紳士舒適大床房:HK$249', '紳士悦雅雙床房:HK$262', '紳士觀景大床房:HK$276', '紳士靜眠大床房:HK$293']"
南充華羅麗景大酒店,9.2,['浮雲江景親子套房:HK$357']
途麥開心酒店（南充高坪機場店）,9.5,"['舒心│ 特惠大床房:HK$287', '貼心│ 特惠雙床房:HK$287', '暖心│ 高級大床房:HK$301', '順心│ 高級雙床房:HK$301']"
友豪大酒店（南充高坪店）,8.8,"['零壓舒睡大床房（智能客控+乳膠床墊+親膚床品）:HK$130', '零壓舒睡雙床房（智能客控+乳膠床墊+辦公桌）:HK$140', '180°全視野景觀雙床房（智能客控＋舒睡枕+零壓床墊）:HK$150', '行政新中式套房（智能客控+休閑沙發+浴缸化粧鏡）:HK$170']"
維也納酒店（南充高坪機場川北醫學院店）,9.7,"['高級雙床房:HK$233', '豪華大床房:HK$267', '豪華雙床房:HK$276', '商務大床房:HK$280']"
南充禪驛鳳儀院子,9.8,"['南風丨花朝大床房:HK$581', '錦覓丨清隱雙床房:HK$581', '見山丨與光大床房:HK$772', '雲隱丨琴瑟雙床房:HK$772', '落閑丨機麻大床房:HK$772']"
南充客來登酒店（金融中心萬達廣場店）,9.0,"['陽光大床房:HK$184', '拾光慢享大床房:HK$206', '清逸悦途雙床房:HK$206', '夢嶼舒眠大床房:HK$227']"
大川酒店（南充市高坪區龍門街道店）,8.7,['豪華機麻房:HK$284']
南充卡門金泰酒店,8.7,"['特惠大床房:HK$194', '靜雅悦享大床房:HK$216', '靜雅悦享雙床房:HK$238', '豪雅尊享大床房:HK$271']"
南充銘尚酒店,9.3,['豪華商務標準間:HK$204']
嘉州陽光酒店（南充高坪店）,9.1,"['嘉品標準雙床房（酒店提供自助洗衣房）:HK$208', '嘉州陽光大床房（酒店提供自助洗衣房）:HK$212', '嘉品標準大床房（酒店提供自助洗衣房）:HK$214', '嘉致豪華雙床房（酒店提供自助洗衣房）:HK$239']"
海月酒店（南充1227廣場店）,9.2,"['海月輕享丨大床房:HK$119', '海月輕享丨雙床房:HK$119', '海月舒享丨雙床房:HK$126', '海月舒享丨大床房:HK$126']"
南充近江時光酒店（王府井店）,9.3,"['豪華大床房:HK$194', '豪華江景雙床房:HK$194', '豪華江景大床房:HK$204', '子母房:HK$214']"
南充茶顏相悦酒店,8.7,"['茶顏精品觀景房:HK$199', '舒適大床房:HK$210', '茶顏輕奢豪華雙床房:HK$221', '輕奢豪華大床房:HK$221']"
南充貝殼酒店（總商會大廈店）,9.2,['雅緻雙床房:HK$143']
金燕精品酒店,9.1,"['精品大床房:HK$125', '舒適雙床房:HK$128', '豪華大床房:HK$140', '圓床房:HK$186']"
南充豆豆主題自助酒店（高坪萬達店）,8.7,"['佛系·粉色特惠房:HK$249', '格調·圓床房:HK$269', '茶藝·投影大床房:HK$282', '清新·榻榻米房:HK$295']"
悦遊電競民宿（新豪天地店）,8.7,"['歡聚基友房（RTX4060+240HZ顯示器+羅技外設+32GDDR5內存）:HK$197', '豪華大床房（RTX4060+240HZ顯示器+羅技外設+32GDDR5內存）:HK$210', '電競豪華超大影音房（舒適標間）（RTX4060+240HZ顯示器+羅技外設+32GDDR5內存）:HK$220', '豪華觀景標間（豪華標間）（RTX4060+240HZ顯示器+羅技外設+32GDDR5內存）:HK$239']"
依墁家民宿（南充北站店）,8.9,"['藍海大床房:HK$173', '星辰大床房:HK$183', '晴空大床房:HK$183']"
舒妤馨悦酒店（南充1227廣場店）,8.8,"['馨悦雙床房:HK$159', '舒妤雙床房:HK$159', '舒妤大床房:HK$159', '馨悦大床房:HK$159']"
