酒店名称,评分,房型价格列表
喜苑·國際飯店（南陽火車站新華城市廣場店）,9.6,"['輕享零壓雙床房:HK$229', '輕享園景大床房:HK$242', '暢享園景大床房:HK$256', '尊享園景大床房:HK$303', '奢華零壓套房:HK$327']"
南陽芒果一號華悦酒店（獨山大道吾悦廣場店）,9.6,"['智能芒果大床房（戴森吹風機+全景落地窗+幽靜庭院）:HK$239', '智能風尚雙床房（戴森吹風機+全景落地窗+乾濕分離）:HK$241', '巨幕觀影大床房（無窗新風系統+百寸巨幕+影視VIP）:HK$261', '深睡眠智能華悦大床房（戴森吹風機+全景落地窗）:HK$292', '深睡眠智能華悦雙床房（城市景觀+戴森吹風機+落地窗）:HK$309']"
鷗凱雅風酒店（建業凱旋廣場店）,9.6,"['巨幕影視大床房【影視VIP+新風系統+私密空間】:HK$192', '風雅大床房【富氧離子新風系統】:HK$210', '風雅雙床房【富氧離子新風系統】:HK$223', '陽光大床房 【智能客控+富氧離子小屋】:HK$277', '陽光雙床房【智能客控+富氧離子小屋】:HK$287']"
果嶺19號酒店（南陽大橋店）,9.7,"['雅緻智能大床房（富氧離子新風+智能客控）:HK$245', '臻選智能大床房（富氧離子新風+智能客控+乾濕分離）:HK$277', '臻選智能雙床房（富氧離子新風+智能客控+乾濕分離）:HK$279', '高級智能大床房（按摩床墊+迷你小冰箱+智能客控）:HK$351', '高級智能雙床房（乾濕分離+迷你小冰箱+智能客控）:HK$352']"
牧原酒店（南陽牧原集團總部店）,9.7,"['0壓闊境大床房（智能客控+智能馬桶+0壓床墊）:HK$392', '舒適城景雙床房（智能馬桶）:HK$413', '森林物語親子房（智能客控+智能馬桶）:HK$424', '歡樂海洋親子房（智能客控+智能馬桶）:HK$424', '闊境大床房（智能客控+智能馬桶）:HK$435']"
南陽梅溪國際酒店,9.4,"['國際樓行政雙床房:HK$348', '國際樓行政大床房:HK$361', '行政套房:HK$653']"
南陽津海酒店（獨山大道店）,9.6,"['零壓城景雙床房:HK$234', '零壓城景大床房:HK$243', '智能城景大床房【全房型智能小度客控+全房型清爽鵝絨枕+全房型小米加濕器】:HK$274', '落地窗城景大床房【180°無敵夜景+全房型乳膠記憶枕+全房型徠芬吹風機】:HK$296', '零壓商務雙床房【全房除菌抗蟎零壓記憶床墊+全房型九牧智能馬桶+全房型九牧衞浴】:HK$349']"
鷗凱印象酒店（南陽萬達廣場醫聖祠店）,9.6,"['尋夢庭院·特惠庭景雙床房【私享靜謐+智能客控】:HK$174', '尋夢庭院·特惠庭景大床房【私享靜謐+智能客控】:HK$185', '巨幕影音大床房（影視VIP+唯美園景）:HK$200', '觀芷攬月·綺夢觀景大床房【地標美景+酣然入夢】:HK$221']"
凱里亞德酒店（南陽市政府萬悦城店）,9.6,"['樂享大床房【智能客控+電視投屏】:HK$282', '優享大床房[智能客控+徠芬吹風機+電視投屏]:HK$311', '榮享大床房[智能客控+凝膠記憶枕]:HK$350', '榮享雙床房【智能客控+凝膠記憶枕】:HK$350']"
蘭亭小築精品酒店（南陽獨山大道張衡路店）,9.7,"['悦享大床房（全屋智能+萊芬吹風機+金可兒零壓床墊）:HK$222', '臨雲汀大床房（全屋智能+萊芬吹風機+金可兒零壓床墊）:HK$237', '玲瓏月大床房（全屋智能+萊芬吹風機+金可兒零壓床墊）:HK$247', '闌珊語雙床房（全屋智能+萊芬吹風機+金可兒零壓床墊）:HK$263']"
世紀星假日酒店（南陽火車站師範學院店）,9.6,"['商務大床房（私享靜謐空間+精緻睡眠）:HK$182', '商務雙床房（私享靜謐空間+獨立辦公）:HK$182', '零壓大床房（科學減壓深度睡眠+採光極佳）:HK$216', '豪華雙床房（獨立衣帽間+小冰箱）:HK$228']"
南陽仲景書院,9.4,"['艾品觀景雙床房:HK$326', '艾品觀景大床房:HK$326', '艾品庭院雙床房:HK$381', '艾品行政套房:HK$1,210']"
鷗凱酒店（南陽市政府店）,9.6,"['古風·庭院大床房（智能家居+洗衣機、烘乾機）:HK$196', ""翰墨'温馨雙床房（智能家居+洗衣房、烘乾機）:HK$241"", '舒適雙床房（洗衣機、烘乾機）:HK$271', '親子家庭房（童趣帳篷+小童用品）:HK$279']"
漢庭酒店（南陽紅都時代廣場店）,9.5,"['大床房:HK$217', '雙床房:HK$217', '高級大床房:HK$246', '豪華雙床房:HK$246']"
南陽市政府漫心酒店,9.8,"['雅緻大床房（投屏+智能客控+迷你冰箱）:HK$331', '心怡大床房（投屏+智能客控+迷你冰箱）:HK$361', '心怡標準房（投屏+智能客控+迷你冰箱）:HK$361', '心悦高級標準房（投屏+智能客控+迷你冰箱）:HK$391', '心悦高級大床房（投屏+智能客控+迷你冰箱）:HK$391']"
南陽念念西柚酒店（人民北路南航大廈店）,9.8,"['念念大床房:HK$222', '西柚大床房:HK$229', '智能大床房:HK$277', '城景大床房:HK$305']"
南陽豫見中美酒店,9.3,"['豫見商務大床房:HK$181', '豫見商務標準間:HK$187', '豫見行政標準間:HK$208', '豫見行政大床房:HK$216']"
果嶺19號S酒店（南陽七一路卧龍崗店）,9.7,"['果嶺大床房（智能客控+新風系統+無線投屏）:HK$194', '雅緻大床房（智能客控+新風系統+無線投屏）:HK$227', '智能大床房（空氣凈化系統+智能客控+65寸電視）:HK$274', '高級智能大床房（城市景觀+65寸電視投屏+智能客控）:HK$320']"
錦玉酒店（南陽市政府店）,9.5,"['陽光智能舒適雙床房（全屋客控）:HK$184', '特享房:HK$191', '陽光智能高級大床房（全屋客控）:HK$233', '陽光智能豪華大床房（全屋客控）:HK$255']"
南陽天潤富瑞閣國際酒店,9.0,"['特價房:HK$314', '豪華大床房:HK$369', '豪華雙床房:HK$369', '豪華套房:HK$532', '親子主題房:HK$642']"
麒御酒店（南陽建業凱旋廣場店）,9.6,"['林間·舒適大床房:HK$184', '謐林·影視大床房:HK$206', '森語·陽台大床房:HK$206', '綠語·商務雙床房:HK$206']"
南陽名門未來智慧酒店（車站路店）,9.5,"['輕奢大床房:HK$189', '現代標準間:HK$250', '中式標準間:HK$319', '新中式大床房:HK$351']"
南陽仲景大道亞朵酒店,9.6,"['雅緻大床房（投屏+智能客控+迷你冰箱）:HK$370', '高級大床房（投屏+智能客控+迷你冰箱）:HK$399', '行政雙床房（投屏+智能客控+迷你冰箱）:HK$399', '行政大床房（投屏+智能客控+迷你冰箱）:HK$430', '幾木大床房（投屏+智能客控+迷你冰箱）:HK$459']"
南陽信臣東路市檢察院漫心酒店,9.8,"['心雅舒適大床房（投屏+智能客控+迷你冰箱）:HK$311', '心怡標準雙床房（投屏+智能客控+迷你冰箱）:HK$311', '心怡標準大床房（投屏+智能客控+迷你冰箱）:HK$340', '心悦高級雙床房（投屏+智能客控+迷你冰箱）:HK$340', '心悦高級大床房（投屏+智能客控+迷你冰箱）:HK$371']"
喜鵲愉家酒店（南陽市政府萬悦城店）,9.7,"['鵲美商務大床房（小冰箱+投屏電視+空氣凈化系統+靜謐空間）:HK$259', '簡美宜居雙床房（小冰箱+投屏電視）:HK$276', '艾美景觀大床房（小冰箱+投屏電視+慕思床墊）:HK$293', '簡美輕奢大床房（小冰箱+投屏電視+落地窗＋慕思床墊）:HK$302']"
全季酒店（南陽中關村產業園）,9.7,"['高級大床房（智能客控+金可兒床品）:HK$261', '商務大床房（智能客控+落窗街景）:HK$280', '舒壓高級大床房（零壓乳膠枕+靜謐空間）:HK$289', '雙床房（智能客控+無線投屏）:HK$298']"
南陽行園酒店（萬悦城店）,9.7,"['智能高級大床房:HK$214', '智能高級雙床房:HK$224', '智能行政大床房:HK$244', '智能行政雙床房:HK$253']"
鷗凱雅苑（南陽第十九中學萬達廣場店）,9.6,"['雅居大床房【唯美園景+靜謐空間】:HK$252', '雅苑大床房:HK$293', '雅苑雙床房:HK$303', '雅悦行政大床房:HK$337']"
南陽梅溪美侖酒店,9.6,"['大床房:HK$362', '雙床房:HK$362', '豪華雙床房:HK$381', '豪華大床房:HK$381', '豪華套房:HK$506']"
西柚酒店（南陽火車站府衙店）,9.6,"['雅緻大床房:HK$171', '零壓雙床房:HK$171', '輕奢大床房:HK$197', '智享雙床房:HK$248']"
南陽蘭亭酒店（北京大道光武西路店）,9.4,"['特惠雙床房:HK$173', '精選雙床房:HK$205', '精選大床房:HK$227', '雅緻大床房:HK$250']"
南陽卧龍印象酒店（卧龍師院店）,9.4,"['智能雅緻大床房【智能客控＋無線投屏+0壓床墊】:HK$145', '智能雙床房【智能客控+0壓床墊】:HK$145', '智能尊享雙床房【智能客控＋無線投屏+0壓床墊】:HK$178', '智能精品大床房【智能客控＋0壓床墊＋無線投屏】:HK$178']"
如家商旅酒店（南陽人民路信臣路店）,9.7,"['商務大床房:HK$188', '商務雙床房{零壓枕頭+徠芬吹風機}:HK$196', '高級大床房:HK$206', '高級雙床房{零壓枕頭+徠芬吹風機}:HK$206']"
南陽建業森林半島假日酒店,9.6,"['假日高級客房:HK$470', '高級雙床房（園林景觀）:HK$470', '高級大床房（園林景觀）:HK$499', '高級雙床房（湖景）:HK$499', '高級雙床房（白河景觀）:HK$526', '高級大床房（湖景）:HK$526']"
麒御酒店（南陽人民路店）,9.5,"['精緻大床房:HK$133', '雅緻雙床房:HK$150', '夢幻影視大床房:HK$161', '靜享觀景大床房:HK$162']"
南陽千潯酒店（仲景路張衡路店）,9.8,"['舒心・暢享大床房（零壓床墊+飛科吹風機+凈化新風）:HK$190', '明燦•怡享大床房（零壓床墊+全屋智能+凈化新風）:HK$238', '晴光・怡享雙床房（零壓床墊+全屋智能+凈化新風）:HK$238', '雅韻攬城・悦享雙床房（零壓床墊+全屋智能+凈化新風）:HK$310']"
月季賓館（南陽張衡大道市政府店）,9.4,"['豪華大床房:HK$511', '豪華雙床房:HK$511', '商務套房:HK$1,405']"
畫朗酒店（南陽市政府店）,9.6,"['小度智控梵高奇遇大床房:HK$247', '小度智控梵高初見大床房:HK$293', '小度智控畢加索逸途雙床房:HK$293', '小度智控梵高心動大床房:HK$317']"
桔子酒店（南陽張衡大道店）,9.7,"['大床房:HK$345', '高級大床房（電動窗簾+智能衞浴）:HK$354', '雙床房（電動窗簾+智能衞浴）:HK$354', '豪華大床房:HK$364']"
星程酒店（南陽姜營機場店）,9.7,"['高級大床房:HK$255', '商務雙床房:HK$274', '商務大床房:HK$274', '豪華家庭房:HK$301']"
銀河賓館（南陽火車站新華城市廣場店）,9.1,"['經濟標準間C:HK$143', '經濟大床房C:HK$143', '經濟標準間B:HK$165', '經濟大床房B:HK$165']"
COLOR上色·庭院酒店（南陽理工學院店）,9.6,"['日式榻榻米:HK$137', '星辰暮色起:HK$152', '夏樹繁花:HK$152', '藍嶼多瑙河:HK$152']"
南陽王府飯店（府衙店）,9.3,"['商務大床房:HK$184', '商務標間:HK$184', '豪華商務標間B:HK$195', '豪華商務標間A:HK$216']"
經緯智慧酒店（南陽卧龍崗師範學院店）,9.3,"['雅緻觀影房:HK$190', '風雅觀景房:HK$224', '陽光標準間:HK$291', '經緯大床房:HK$320']"
南陽金凱悦東方酒店,8.6,['雅緻標準間:HK$302']
南都賓館（南陽火車站新華城市廣場店）,9.2,"['普通標準房:HK$124', '優選雙床房:HK$176', '精品標準房:HK$177', '精品大床房:HK$186']"
全季酒店（南陽市政府光武大橋店）,9.8,"['高級大床房:HK$289', '高級雙床房:HK$298', '舒壓-高級大床房:HK$308', '舒壓-高級雙床房:HK$326']"
南陽阿爾特精緻酒店（南陽火車站武侯祠店）,9.2,"['精緻大床房:HK$127', '精緻雙床房:HK$143', '豪華大床房:HK$153', '豪華雙床房:HK$164']"
棲悦酒店（南陽府衙淯陽橋店）,9.0,"['河畔逸居榻榻米B-酒店提供自助洗衣房:HK$133', '清風雅居雙床房-酒店提供自助洗衣房:HK$148', '水湄幽夢榻榻米A-酒店提供自助洗衣房:HK$148', '臨河聽瀾飄窗房-酒店提供自助洗衣房:HK$172']"
維也納酒店（南陽獨山大道店）,9.5,"['高級雙床房:HK$252', '高級大床房:HK$261', '豪華雙床房:HK$303', '豪華大床房:HK$312']"
