酒店名称,评分,房型价格列表
賽湖印象酒店,8.8,"['雲海居標準間-公寓:HK$1,058', '印逸居標準間-公寓:HK$1,058', '絮夢居標準間:HK$1,092', '枕月居大床房:HK$1,092']"
賽里木湖潮剋星空營地,9.4,"['嘉景圓床星空房:HK$2,818', '聽海家庭套房:HK$2,818', '嘉景雙床星空房:HK$2,927', '全景圓床星空房:HK$3,146', '全景雙床星空房:HK$3,255']"
賽湖木己酒店（友好時代廣場店）,9.5,"['悦旅大床房（夢百合零壓床墊+全屋智能）:HK$635', '隨享雙床房（夢百合零壓床墊+全屋智能）:HK$635', '樂眠雙床房（夢百合零壓床墊+全屋智能）:HK$742', '安睡大床房（夢百合零壓床墊+全屋智能）:HK$742']"
博樂桃花源酒店,9.4,"['陌野居大床房（乳膠床品）:HK$537', '蒹葭居雙床房:HK$583', '清蓮居大床房（乳膠床品）:HK$704', '幽篁居套房:HK$774']"
博樂夏爾希裏大酒店（濱河公園店）,9.4,"['豪華雙床房:HK$922', '豪華大床房:HK$980', '觀景標準間:HK$1,121', '親子家庭間:HK$1,358', '豪華套房:HK$1,637', '行政套房:HK$2,339']"
桔子酒店（博樂大成觀瀾店）,9.8,"['大床房:HK$567', '高級大床房:HK$595', '雙床房:HK$614', '商務大床房:HK$623']"
季楓國際酒店（精河烏伊路店）,9.5,"['優享智能大床房:HK$986', '優享智能雙床房:HK$986', '尊享智能大床房（全屋智控+深度睡眠床墊+乳膠記憶枕+新疆長絨棉床品+智能馬桶+手機投屏）:HK$1,129', '尊享智能雙床房（全屋智控+深度睡眠床墊+乳膠記憶枕+新疆長絨棉床品+智能馬桶+手機投屏）:HK$1,129', '臻享智能親子房（全屋智控+深度睡眠床墊+乳膠記憶枕+新疆長絨棉床品+智能馬桶+手機投屏）:HK$1,170']"
精河迎賓館,9.2,"['行政單間:HK$860', '行政套房:HK$1,708', '精河套房:HK$2,519']"
雅朵酒店（文明路濱河青城店）,9.0,"['雅緻·經典雙床房:HK$732', '雅緻·經典大床房:HK$751', '雅緻·陽光親子間:HK$760', '典雅·温馨舒適套房:HK$946', '優享特惠房:HK$946']"
全季酒店（博樂店）,9.5,"['高級大床房:HK$574', '高級雙床房:HK$602', '商務大床房:HK$621', '商務雙床房:HK$640']"
阿拉山口迎賓館,9.6,"['覽潯 | 四季驚喜房-春華秋實:HK$554', '覽遊丨逸景雙床房-舒睡床墊:HK$666', '覽遊丨逸景大床房-智能客控:HK$689', '覽境丨山景雙床房-雪山盛景:HK$745', '覽境 | 山景大床房-落地景觀:HK$777', '覽界 | 温馨親子房-其樂融融:HK$887']"
星程酒店（博樂時代廣場店）,9.5,"['大床房:HK$521', '高級雙床房:HK$540', '高級大床房:HK$540', '商務雙床房:HK$558']"
阿拉山口嵐汀辭國際酒店,9.1,"['嵐禧·生活處處皆驚喜｜福袋房:HK$293', '嵐山·高級雙床房｜加厚零壓床墊+加濕器+智能投屏:HK$407', '嵐風·高級大床房｜零壓床墊+加濕器+智能投屏:HK$407', '嵐山·豪華雙床房｜加厚零壓床墊+加濕器+智能投屏:HK$437']"
博樂大酒店,9.1,"['四季驚喜房:HK$405', '高級雙床房:HK$426', '高級大床房:HK$437', '豪華雙床房:HK$459']"
博樂市緣丞酒店,9.9,"['泊心商務標間（零壓床墊+深睡記憶枕）:HK$538', '尊享豪華大床房（全屋智能+零壓床墊+深睡記憶枕）:HK$636', '鎏金豪華標間（全屋智能+零壓床墊+深睡記憶枕）:HK$648', '森嶼親子巨幕光影房（全屋智能+零壓床墊+深睡記憶枕）:HK$823']"
博樂東港明珠大酒店,9.1,"['靜謐大床房:HK$511', '悦享大床房:HK$587', '悦享雙床房:HK$587', '尊享零壓大床房:HK$602']"
新疆温泉花間堂·阿日相,9.6,"['清萃高級雙床房:HK$2,769', '清萃豪華雙床房:HK$2,861', '清萃景觀大床房:HK$2,953', '雲霄半山單卧別墅:HK$5,538', '雲霄半山雙卧別墅:HK$7,384', '水泱濕地別墅:HK$17,677']"
賽里木湖Elaine·頤淶度假酒店,8.4,"['家庭影音房:HK$2,219', '園景雙床房:HK$2,439', '園景大床房:HK$2,550', '逸景雙床房:HK$2,662', '逸景大床房:HK$2,772', '逸景LOFT大床房:HK$2,993']"
熙居民宿,9.7,['家庭套房:HK$807']
博樂頤中園酒店,9.3,"['商務大床房|智能客控:HK$1,382', '商務雙床房|智能客控:HK$1,420', '豪華大床房|智能客控:HK$1,512', '商務套房|智能客控:HK$2,385']"
精河玉新酒店,9.1,['智能親子套房:HK$719']
巴里島國際酒店（精河友好時代高鐵南站店）,9.5,"['特惠-風致零壓雙床房（智能客控 | 零壓床墊 ）:HK$912', '雅緻零壓雙床房（智能客控 | 零壓床墊 | 馬桶圈加熱）:HK$914', '逸緻零壓雙床房（智能客控 | 零壓床墊 | 馬桶圈加熱）:HK$927', '雅緻零壓大床房（智能客控 | 零壓床墊 | 馬桶圈加熱）:HK$940', '景緻零壓雙床房（智能客控 | 零壓床墊 | 馬桶圈加熱）:HK$940']"
博樂博爾塔拉賓館,9.4,"['迎賓樓商務標間:HK$620', '迎賓樓行政單人間:HK$685', '迎賓樓商務套房:HK$1,407']"
絲路新居房車營地（精河人民公園店）,9.3,"['獨享浪漫情侶房:HK$524', '特惠家庭房:HK$633', '童趣家庭房:HK$852', '雙大床奢享套房:HK$961']"
溫泉縣天泉酒店（濕地公園店）,9.4,"['輕奢零壓雙床房（全屋智能+零壓床墊）:HK$486', '輕奢零壓大床房（全屋智能+零壓床墊）:HK$506', '悦享零壓雙床房（獨立空調）:HK$527', '悦享零壓大床房（獨立空調）:HK$548']"
賽里木湖頤淶Elaine·禾川雲錦野奢營地,8.8,"['禾·玄月-四時驚喜房（山色空濛）:HK$2,662', '川·啟明-房車大床房（卧看繁星）:HK$2,774', '川·點瑩-房車三人間（星河入夢）:HK$2,884', '川·瑤光-房車家庭房（燦若星辰）:HK$2,996', '川·少微-房車四人間（月落星枕）:HK$3,106', '雲·白瑜-覽景四人間（270°環景）:HK$3,217']"
博樂鴻豐大酒店（恆大汽車綜合生活廣場店）,9.3,"['現代雅緻雙床房（智能語音+加濕器+零壓床墊）:HK$603', '現代雅緻大床房（智能語音+加濕器+零壓床墊）:HK$643', '智能輕奢雙床房（加濕器+零壓床墊+記憶枕+智能語音）:HK$670', '智能輕奢大床房（加濕器+零壓床墊+記憶枕+智能語音）:HK$691']"
賽里木湖中亞全納酒店,8.1,"['舒適·雙床房【親膚純棉四件套+舒適深眠】:HK$1,158', '舒適·大床房【採光通風+輕盈好夢】:HK$1,158', '舒適三人間:HK$1,375', '鬆弛感·麻將套房【超大空間+歡樂無限】:HK$1,820']"
靜泊大酒店（博樂站店）,9.5,"['靜謐標準間:HK$926', '靜謐大床房:HK$953', '泊悦標準間:HK$1,021', '泊悦大床房:HK$1,049', '主題親子間:HK$1,079']"
雲頂·漫野holiday Villa美宿,9.2,"['一川風月·四季驚喜房（樹下光年）:HK$733', '長夜歸嶼·拾光雙床房（花間庭院）:HK$999', '和光同塵·風呤雙床房（巨幕觀影）:HK$1,066', '日落穀雨·風呤大床房（私人影院）:HK$1,110', '枕夢攬月·禾沐親子房（其樂融融）:HK$1,221']"
温州大酒店（精河火車站店）,9.3,"['商務標間:HK$762', '商務單間:HK$762', '豪華大床房:HK$861', '豪華標間:HK$861']"
茜茜棲里民宿（賽里木湖東門遊客中心店）,9.4,"['甄選特價大床房【地暖+智能馬桶+零壓床墊】:HK$1,049', '雅緻LOFT大床房【智能語音+地暖+智能馬桶+零壓床墊】:HK$1,361', '輕奢山景大床房【智能語音+地暖+智能馬桶+零壓床墊】:HK$1,727', '雅緻雙床房【全屋智能語音+地暖+智能馬桶+零壓床墊】:HK$1,737']"
神木藍島度假酒店（賽里木湖景區店）,9.0,"['豪華標準間「全屋智能語音客控+地暖+零壓床墊」:HK$2,592', '豪華大床房「全屋智能語音客控+地暖+零壓床墊」:HK$2,810', '温馨親子間「全屋智能語音客控+地暖+零壓床墊」:HK$3,138', '輕奢LOFT套房「全屋智能語音客控+地暖+零壓床墊」:HK$3,684']"
賽里木湖望山一號院子,9.2,"['發呆好去處｜雲端聽風雙床房:HK$2,325', '發呆好去處｜雲端聽風大床房:HK$2,325', '睡到自然醒｜露台影院大床房:HK$2,547', '霧青山｜一室一廳獨立露台雙床房:HK$2,658', '霧青山｜一室一廳獨立露台大床房:HK$2,768']"
賽湖之畔酒店（賽里木湖景區店）,8.6,"['優享全景標準間［全屋地暖+智能馬桶+全景落地窗+一次性浴巾+一次性馬桶墊］:HK$1,010', '全景陽光尊享標準間［全屋地暖+智能馬桶+全景落地窗+一次性浴巾+一次性馬桶墊］:HK$1,103', '山景套房［全屋地暖+零壓床墊+一次性浴巾+一次性馬桶墊］:HK$1,289', '星空套房［全屋地暖+零壓床墊+一次性浴巾+一次性馬桶墊］:HK$1,298']"
漢庭酒店（博樂市政府店）,9.6,"['大床房:HK$474', '高級大床房:HK$493', '雙床房:HK$493', '高級雙床房:HK$521']"
如家商旅酒店（温泉博格達店）,9.2,"['雙床房（獨立空調）:HK$377', '高級雙床房（獨立空調）:HK$395', '高級大床房（獨立空調）:HK$395', '特色雙床房（獨立空調）:HK$450']"
博樂濱江半島酒店,9.3,"['四季彩蛋房:HK$626', '智能尊享三人間:HK$731', '家庭親子套房:HK$731']"
精河領御國際精品酒店,8.9,"['優雅標準間:HK$595', '華麗標準間:HK$677', '領御標準間:HK$744', '領御親子房:HK$830']"
博樂賽湖錦尚酒店（紅星路黃河路店）,9.4,"['零壓智能舒適雙床房（智能客控＋戴森吹風機+小冰箱+酒店公區提供洗衣房）:HK$480', '零壓智能悦享大床房（智能客控+智能馬桶+小冰箱）:HK$491', '零壓智能商務雙床房（智能客控＋戴森吹風機+小冰箱+酒店公區提供洗衣房）:HK$503', '零壓智能舒適大床房（智能客控＋戴森吹風機+小冰箱+酒店公區提供洗衣房）:HK$514']"
四季花園酒店（賽里木湖景區東門遊客中心店）,8.0,"['雅緻舒適雙大床套房（户外陽台+全屋地暖+舒適乳膠枕）:HK$1,565', '星空雲鏡大床套房（星空頂+户外陽台+舒適乳膠枕）:HK$1,585', '家庭歡聚四床套房（露台+全屋地暖+乳膠枕）:HK$1,729']"
博樂供銷新合大酒店,9.2,"['優享雙床房:HK$357', '温馨內景房:HK$399', '高級大床房:HK$462', '零壓雙床房:HK$499']"
漢庭酒店（博樂天山路店）,9.5,"['大床房:HK$501', '高級大床房:HK$551', '高級雙床房:HK$600']"
博樂青河雲棲酒店,10.0,"['智享雙床房「智能客控，深睡記憶枕」:HK$425', '智享大床房「智能客控+深睡記憶枕」:HK$462', '尊享雙床房「全屋智能+深睡記憶枕」:HK$555', '智享三人間「智能客控+深睡記憶枕」:HK$704']"
景海民宿（博樂米爾其克店）,9.9,"['海熹大床房:HK$641', '海韻雙人間:HK$730', '海逸雙人間:HK$790', '海悦親子間:HK$940']"
宏宸精品酒店,9.1,"['標準雙床房:HK$589', '雅緻大床房:HK$679', '舒適雙床房:HK$785']"
博樂絲路明珠酒店（賽里木湖景區店）,8.3,"['嵐灣丨湖畔雙床套房「全屋地暖+深睡床墊+頂噴」:HK$1,527', '蒼穹丨星空大床套房「遙控天窗+靜音入眠+頂噴」:HK$1,636', '家庭丨湖畔三床套房「全屋地暖+深睡床墊+頂噴」:HK$1,745']"
觀疆也民宿（賽里木湖東門遊客中心店）,9.1,"['温馨 ｜街景大床房［零壓床墊+智能馬桶］:HK$1,180', '舒睡｜暢享大床房［戴森同款吹風機+智能馬桶］:HK$1,365', '舒睡｜暢享雙床房［戴森同款吹風機+智能馬桶］:HK$1,507', '尊享｜家庭親子房［戴森同款吹風機+小童拖鞋牙刷］:HK$1,835']"
如山如宿民宿,8.7,"['LOFT精緻大床房:HK$1,553', 'LOFT豪華大床房:HK$1,796', 'LOFT精品雙床房:HK$1,857', 'LOFT豪華雙床房:HK$2,075']"
都市花園酒店（火車南站店）,9.2,"['特價-園景大床房·有窗（零壓床墊+全屋智能+落地窗）:HK$604', '特價-花園雅緻雙床房·有窗（零壓床墊+全屋智能+落地窗）:HK$620', '園景雙床房（零壓床墊+全屋智能+落地窗）:HK$730', '花園尊享大床房（零壓床墊+全屋智能+落地窗）:HK$891']"
