酒店名称,评分,房型价格列表
新北板橋凱撒大飯店,9.2,"['豪華雙床房:HK$686', '豪華大床房:HK$686', '菁英大床房:HK$775', '菁英雙床房:HK$775', '薈萃雙床房:HK$885', '薈萃大床房:HK$885']"
和苑三井花園飯店 台北忠孝,9.3,"['標準大床房-Queen:HK$1,012', '精緻雙床房:HK$1,065', '標準雙床房:HK$1,066', '精緻大床房-King:HK$1,082', '景隅大床房:HK$1,104']"
墾丁凱撒大飯店,9.4,"['景緻客房:HK$1,711', '景觀客房:HK$1,853', '花園客房:HK$2,281', '池畔花園客房:HK$2,566']"
彰化永樂酒店,9.3,"['雅緻客房:HK$894', '豪華客房:HK$983', '十宜客房:HK$1,437']"
台北圓山大飯店,9.2,"['精緻客房（無窗）:HK$784', '高級客房（本館側景房）:HK$1,195', '豪華客房:HK$1,332', '菁英豪華客房:HK$1,332', '天際客房:HK$1,705', '菁英天際客房:HK$1,705']"
臺中日月千禧酒店,9.2,"['日月大床房:HK$933', '日月雙床房（無景觀）:HK$933', '精緻客房（無景觀）:HK$1,035', '行政大床房:HK$1,339', '行政雙床房（無景觀）:HK$1,339', '豪華家庭房:HK$1,420']"
嘉義尊皇大飯店,9.0,"['精緻客房:HK$412', '雅緻雙床房:HK$412', '尊榮雙人房:HK$463', '豪華客房:HK$463', '尊爵三人房:HK$541']"
JR東日本大飯店台北,9.2,"['都會雙床房:HK$925', '都會大床房:HK$925', '無障礙客房雙床房:HK$925', '大都會雙床房:HK$1,032', '大都會大床房:HK$1,032', '大都會雙床房附加床:HK$1,352']"
ILLUME 茹曦酒店,8.8,"['精緻客房一大床:HK$1,034', '尊爵大床客房:HK$1,160', '尊爵雙床房:HK$1,160', '尊爵三人房:HK$1,600', '家庭四人房:HK$1,652']"
旅居文旅-臺中文心館,9.0,"['精緻雙床房:HK$345', '商務雙人房:HK$363', '精緻三人房:HK$400', '精緻家庭房:HK$436']"
台北文華東方酒店,9.6,"['豪華雙床房:HK$2,494', '豪華大床房:HK$2,494', '文華客房:HK$2,910', '文華尊榮大床房:HK$3,118', '行政豪華大床房:HK$3,783', '行政豪華雙床房:HK$3,783']"
高雄日航酒店,9.3,"['無障礙經典一大床:HK$1,165', '經典雙床房:HK$1,218', '經典一大床:HK$1,218', '豪華市景一大床:HK$1,456', '豪華市景兩小床:HK$1,456', '豪華轉角一大床:HK$1,456']"
台北見潭璞旅,8.8,"['精緻大床房:HK$502', '豪華雙床房:HK$523', '豪華大床房:HK$544', '無障礙客房:HK$544']"
桃園尊爵大飯店,8.8,"['尊爵雙床房:HK$598', '尊爵大床房:HK$598', '尊榮豪華客房:HK$819', '尊榮豪華客房（兩小床）:HK$819', '尊爵豪華客房（兩大床）:HK$1,266', '尊榮豪華客房（兩大床）:HK$1,461']"
路得行旅 國際青年旅館 台東二館,9.4,"['精緻房:HK$331', '三人房:HK$397', '豪華雙床房:HK$474']"
台北豪景大酒店,8.0,"['標準大床房:HK$378', '標準雙床房:HK$408', '豪華大床房:HK$502', '豪華雙床房:HK$502', '標準三人房:HK$552']"
豪爵大飯店-臺中館,8.2,"['不指定房型:HK$272', '精緻雙床房:HK$284', '三人房:HK$324', '豪華雙床房:HK$336', '豪華大床房:HK$336']"
索拉利亞西鐵飯店台北西門,9.4,"['標準雙床房（無浴缸）:HK$928', '標準雙床房:HK$965', '標準大床房（無浴缸）:HK$1,002', '舒適雙床房:HK$1,002', '無障礙雙床房:HK$1,002']"
花蓮富野渡假酒店,8.6,"['標準大床房:HK$443', '標準雙床房:HK$443', '家庭客房:HK$771']"
福容大飯店（墾丁館）,8.7,"['精緻雙人房:HK$955', '海景豪華雙床房:HK$1,091', '精緻家庭房:HK$1,123', '海景豪華家庭房:HK$1,444', '蜜月別墅:HK$1,537']"
臺中巧合大飯店,8.7,"['經濟雙人房（無窗）:HK$195', '經濟雙床房（無窗）:HK$195', '標準大床房:HK$214', '標準雙床房:HK$234']"
花蓮遠雄悦來大飯店,9.6,"['精緻山景大床房:HK$1,351', '精緻山景雙床房:HK$1,592', '發現庭園客房:HK$1,959', '探索庭園客房:HK$1,959', '家庭海景客房:HK$2,139', '豪華海景大床房:HK$2,627']"
新驛旅店（臺中車站店）,9.2,"['經濟客房:HK$419', '雅緻客房:HK$441', '雙人客房:HK$574', '雙床客房:HK$574', '豪華雙人房:HK$706']"
花蓮美侖大飯店,9.1,"['豪華大床房:HK$775', '豪華雙床房（帶淋浴）:HK$775', '豪華雙床房（帶浴缸）:HK$819', '豪華家庭房:HK$1,217', '豪華儷景套房:HK$1,494', '美侖儷景套房:HK$1,494']"
屏東墾丁華泰瑞苑,9.5,"['花園雙人房:HK$1,795', '海景大床房:HK$2,077', '海悦大床房:HK$2,299', '海景雙床房:HK$?', '花園雙床房:HK$?', '海景客房:HK$?']"
烏石港 OA HOTEL,9.0,"['沙沙坐享雙床房（海灘景）:HK$985', '海海人生雙床房:HK$1,077', '海海人生四人房:HK$1,535', '山山來遲六人房:HK$1,765']"
康橋商旅（高雄站前館）,9.4,"['商務雙人房:HK$535', '商務二小床房:HK$594', '精緻三人房:HK$787', '精緻四人房:HK$861']"
高雄互舍酒店,8.0,"['標準客房一大床:HK$227', '標準客房兩小床:HK$227', '（愛心房）精緻客房一大床:HK$249', '（愛心房）精緻客房2小床:HK$249', '精緻客房一大床:HK$281']"
烏日璞旅,8.9,"['豪華雙人客房:HK$648', '豪華無障礙雙人客房:HK$648', '豪華雙床房:HK$648', '璞寓雙人套房:HK$745', '豪華四人房:HK$1,229']"
台北互舍酒店,8.5,"['無障礙客房 （無窗）:HK$447', '標準大床房（無窗）:HK$477', '精緻大床房:HK$536', '精緻雙床房:HK$536', '行政大床房:HK$626']"
台北時代寓所-希爾頓啟繽精選酒店,9.4,"['精選大床房:HK$1,305', '無障礙客房:HK$1,305', '精選客房兩小床:HK$1,305', '轉角大床房:HK$1,485', '轉角雙床房:HK$1,485']"
嘉義大峯山莊,8.7,"['山景四人房:HK$1,329']"
青埔商務旅館,9.1,"['精緻雙人房:HK$739', '精緻雙床房:HK$739', '精緻雙人房 II:HK$811', '家庭四人房:HK$966', '豪華雙人房:HK$1,183']"
臺中福華大飯店,9.3,"['高級單床房:HK$636', '高級雙床房:HK$636', '精緻客房:HK$716', '行政雙床房:HK$986', '精緻家庭房:HK$1,050', '豪華套房:HK$1,432']"
台北德立莊酒店,8.0,"['精緻雙床房 （無窗）:HK$532', '精緻雙人房（無窗）:HK$570', '高級雙床房 （無景）:HK$608', '市景精緻雙人房:HK$633', '優雅雙人客房（無窗）:HK$658']"
臺中雲河概念旅館,9.0,"['商務時尚經典大床房:HK$652', '商務香榭麗舍大床房:HK$740', '雲河醇品雙人房:HK$762', '雲河天悦雙人房:HK$805', '商務首席行館雙人房:HK$843']"
享得道行旅,9.3,"['享放鬆客房（特大床）:HK$533', '享豐收客房:HK$533', '享放鬆客房（中床）:HK$533', '享好玩客房:HK$718']"
家美瑞品 台北,8.6,"['精緻客房:HK$462', '經典雙人房:HK$495', '尊榮客房:HK$528', '經典三人房:HK$660']"
博奇大飯店,8.7,"['經濟雙床房（無窗）:HK$195', '經濟大床房（無窗）:HK$195', '標準雙床房:HK$214', '標準大床房:HK$214']"
康橋商旅（高雄八德館）,9.2,"['標準雙人房:HK$460', '商務雙人房-大床:HK$490', '精緻雙人房:HK$520', '商務雙人房-雙床:HK$520']"
花蓮經典假日飯店,8.8,"['精緻大床房:HK$477', '精緻雙床房:HK$477', '精緻三人房:HK$573', '精緻家庭房:HK$668', '雅緻大床套房:HK$668']"
日光嶼南,9.4,"['日光-山嵐雙人客房 106:HK$1,344', '日光-海隅雙人客房107:HK$1,344', '嶼南-海晏雙人客房-207、208:HK$1,477', '日光-海悦雙人客房-101、102:HK$1,648']"
台北西門星辰大飯店,8.4,"['經濟大床房:HK$316', '商務客房:HK$354', '精品客房:HK$376', '經典3人房（無窗）:HK$508']"
Hotel Papa Whale-昆明館,8.1,"['舒活雅緻雙人房-地下室 （無窗）:HK$443', '舒活精緻雙床房-地下室 （無窗）:HK$469', '雅緻雙人房（無窗）:HK$494', '精緻雙床房（無窗）:HK$519', '雅緻三人房（無窗）:HK$1,064']"
頭等艙飯店（高雄站前館）,9.0,"['標準雙人房（無窗）:HK$335', '標準雙床房（無窗）:HK$404', '豪華雙床房:HK$418', '精緻客房:HK$426', '無障礙設計房（無窗）:HK$453']"
天雲旅棧台北開封分館,9.1,"['天翼房 （無障礙空間）:HK$469', '旅人房:HK$476', '倆倆房:HK$522', '天致房:HK$545']"
香城大飯店（花蓮店）,9.1,"['豪華大床房:HK$313', '豪華雙床房:HK$394', '豪華三人房:HK$478', '精緻家庭套房:HK$521']"
台北國聯大飯店,8.8,"['精緻大床房:HK$802', '精緻雙床房:HK$834', '豪華大床房:HK$882', '豪華雙床房:HK$963', '行政房:HK$1,043', '豪華套房:HK$1,444']"
路得行旅國際青年旅館台東館,9.4,"['輕旅房雙人入住:HK$248', '簡約雙人房:HK$319', '精緻雙人房:HK$357', '舒適四人房:HK$535']"
台北漢普頓酒店,8.9,"['名商客房（兩小床）:HK$710', '名商客房（一大床）:HK$710', '經典客房（兩大床）:HK$994', '豪華客房（兩大床）:HK$1,100', '經典客房（四小床）:HK$1,153']"
