酒店名称,评分,房型价格列表
新北板橋凱撒大飯店,9.2,"['豪華雙床房:HK$828', '豪華大床房:HK$828', '菁英大床房:HK$916', '菁英雙床房:HK$916', '薈萃雙床房:HK$1,018', '薈萃大床房:HK$1,018']"
和苑三井花園飯店 台北忠孝,9.3,"['標準雙床房:HK$1,632', '精緻雙床房:HK$1,735', '精緻大床房-King:HK$1,776', '豪華雙床房:HK$1,817', '豪華三人房:HK$1,833']"
墾丁凱撒大飯店,9.4,"['景緻客房:HK$1,650', '景觀客房:HK$1,788', '花園客房:HK$2,200', '池畔花園客房:HK$2,475']"
台北圓山大飯店,9.2,"['精緻客房（無窗）:HK$847', '高級客房（後棟麒麟廳）:HK$1,345', '高級客房（本館側景房）:HK$1,345', '天際客房:HK$1,758', '菁英天際客房:HK$1,758', '天際套房:HK$3,237']"
臺中日月千禧酒店,9.2,"['日月大床房:HK$933', '日月雙床房（無景觀）:HK$933', '精緻客房（無景觀）:HK$1,035', '行政大床房:HK$1,339', '行政雙床房（無景觀）:HK$1,339', '豪華家庭房:HK$1,461']"
嘉義尊皇大飯店,9.0,"['精緻客房:HK$412', '尊爵三人房:HK$541']"
JR東日本大飯店台北,9.2,"['都會雙床房:HK$1,258', '都會大床房:HK$1,258', '無障礙客房雙床房:HK$1,296', '大都會雙床房:HK$1,362', '大都會大床房:HK$1,362', '行政客房:HK$1,711']"
ILLUME 茹曦酒店,8.8,"['精緻客房一大床:HK$2,089', '尊爵大床客房:HK$2,286', '尊爵雙床房:HK$2,286', '尊爵套房:HK$2,775', '家庭四人房:HK$2,933']"
旅居文旅-臺中文心館,9.0,"['商務雙人房:HK$326', '精緻雙人房:HK$326', '精緻雙床房:HK$345', '精緻三人房:HK$400']"
台北文華東方酒店,9.6,"['豪華雙床房:HK$2,702', '豪華大床房:HK$2,702', '文華客房:HK$3,118', '文華尊榮大床房:HK$3,326', '行政豪華大床房:HK$3,991', '行政豪華雙床房:HK$3,991']"
高雄日航酒店,9.3,"['無障礙經典一大床:HK$1,165', '經典雙床房:HK$1,191', '經典一大床:HK$1,191', '豪華市景一大床:HK$1,429', '豪華市景兩小床:HK$1,429', '豪華轉角一大床:HK$1,429']"
台北見潭璞旅,8.8,"['精緻大床房:HK$734', '豪華雙床房:HK$776', '豪華大床房:HK$797', '無障礙客房:HK$797']"
桃園尊爵大飯店,8.8,"['尊爵雙床房:HK$664', '尊爵大床房:HK$664', '尊榮豪華客房:HK$885', '尊榮豪華客房（兩小床）:HK$885', '尊爵豪華客房（兩大床）:HK$1,266', '尊榮豪華客房（兩大床）:HK$1,461']"
路得行旅 國際青年旅館 台東二館,9.4,"['精緻房:HK$547', '三人房:HK$657', '豪華雙床房:HK$783']"
台北豪景大酒店,8.0,"['標準大床房:HK$465', '標準雙床房:HK$502', '豪華大床房:HK$597', '豪華雙床房:HK$597', '標準三人房:HK$640']"
豪爵大飯店-臺中館,8.2,"['不指定房型:HK$272', '精緻雙床房:HK$284', '三人房:HK$324', '豪華雙床房:HK$336', '豪華大床房:HK$336']"
索拉利亞西鐵飯店台北西門,9.4,"['標準大床房（無浴缸）:HK$1,207', '標準雙床房（無浴缸）:HK$1,207', '標準大床房:HK$1,225', '標準雙床房:HK$1,262', '舒適雙床房:HK$1,299']"
花蓮富野渡假酒店,8.6,"['標準大床房:HK$443', '標準雙床房:HK$443', '家庭客房:HK$771']"
福容大飯店（墾丁館）,8.7,"['精緻雙人房:HK$955', '海景豪華雙床房:HK$1,091', '精緻家庭房:HK$1,123', '海景豪華家庭房:HK$1,444', '蜜月別墅:HK$1,537']"
臺中巧合大飯店,8.7,"['經濟雙人房（無窗）:HK$214', '經濟雙床房（無窗）:HK$214', '標準大床房:HK$234', '標準雙床房:HK$253']"
新驛旅店（臺中車站店）,9.2,"['雅緻客房:HK$485', '經濟客房:HK$485', '雙人客房:HK$640', '雙床客房:HK$640', '豪華雙人房:HK$750']"
花蓮美侖大飯店,9.1,"['豪華大床房:HK$775', '豪華雙床房（帶淋浴）:HK$775', '豪華雙床房（帶浴缸）:HK$819', '豪華家庭房:HK$1,217', '豪華儷景套房:HK$1,494', '美侖儷景套房:HK$1,494']"
屏東墾丁華泰瑞苑,9.5,"['花園雙人房:HK$1,795', '海景大床房:HK$2,077', '海悦大床房:HK$2,299', '海景雙床房:HK$?', '花園雙床房:HK$?', '海景客房:HK$?']"
烏石港 OA HOTEL,9.0,"['沙沙坐享雙床房（海灘景）:HK$1,192', '海海人生雙床房:HK$1,283', '海海人生四人房:HK$1,856', '山山來遲六人房:HK$2,154']"
康橋商旅（高雄站前館）,9.4,"['商務雙人房:HK$535', '商務二小床房:HK$594', '精緻三人房:HK$787', '精緻四人房:HK$861']"
高雄互舍酒店,8.0,"['標準客房一大床:HK$227', '標準客房兩小床:HK$227', '（愛心房）精緻客房2小床:HK$249', '精緻客房一大床:HK$281', '精緻客房兩小床:HK$281']"
烏日璞旅,8.9,"['豪華雙人客房:HK$949', '豪華無障礙雙人客房:HK$949', '豪華雙床房:HK$949', '璞寓雙人套房:HK$1,041', 'Villa豪華客房（一大床）:HK$1,321']"
台北互舍酒店,8.5,"['標準大床房（無窗）:HK$606', '無障礙客房 （無窗）:HK$606', '精緻大床房:HK$662', '精緻雙床房:HK$662', '行政大床房:HK$747']"
台北時代寓所-希爾頓啟繽精選酒店,9.4,"['精選大床房:HK$1,530', '無障礙客房:HK$1,530', '精選客房兩小床:HK$1,530', '轉角雙床房:HK$1,710', '轉角大床房:HK$1,911']"
青埔商務旅館,9.1,"['精緻雙人房:HK$754', '精緻雙床房:HK$754', '精緻雙人房 II:HK$754', '家庭四人房:HK$1,056', '豪華雙人房:HK$1,293']"
台北德立莊酒店,8.0,"['精緻雙人房（無窗）:HK$696', '精緻雙床房 （無窗）:HK$722', '高級雙床房 （無景）:HK$734', '市景精緻雙人房:HK$760', '優雅雙人客房（無窗）:HK$785']"
臺中福華大飯店,9.3,"['高級單床房:HK$636', '高級雙床房:HK$636', '精緻客房:HK$716', '行政雙床房:HK$986', '精緻家庭房:HK$1,050', '豪華套房:HK$1,432']"
臺中雲河概念旅館,9.0,"['三人間:HK$718', '商務時尚經典大床房:HK$783', '雲河醇品雙人房:HK$805', '商務香榭麗舍大床房:HK$849', '雲河天悦雙人房:HK$871']"
享得道行旅,9.3,"['享放鬆客房（特大床）:HK$533', '享豐收客房:HK$533', '享放鬆客房（中床）:HK$533', '享好玩客房:HK$718']"
家美瑞品 台北,8.6,"['精緻客房:HK$627', '經典雙人房:HK$677', '尊榮客房:HK$726', '經典三人房:HK$825']"
博奇大飯店,8.7,"['經濟雙床房（無窗）:HK$214', '標準雙床房:HK$234', '標準大床房:HK$234', '標準三人房:HK$312']"
康橋商旅（高雄八德館）,9.2,"['標準雙人房:HK$460', '商務雙人房-大床:HK$490', '精緻雙人房:HK$520', '商務雙人房-雙床:HK$520']"
花蓮經典假日飯店,8.8,"['精緻大床房:HK$477', '精緻雙床房:HK$477', '精緻三人房:HK$573', '精緻家庭房:HK$668', '雅緻大床套房:HK$668']"
日光嶼南,9.4,"['日光-山嵐雙人客房 106:HK$1,344', '日光-海隅雙人客房107:HK$1,344', '嶼南-海晏雙人客房-207、208:HK$1,477', '日光-海悦雙人客房-101、102:HK$1,648']"
頭等艙飯店（高雄站前館）,9.0,"['標準雙床房（無窗）:HK$359', '豪華雙床房:HK$418', '精緻客房:HK$426', '無障礙設計房（無窗）:HK$453', '豪華大床房:HK$503']"
Hotel Papa Whale-昆明館,8.1,"['舒活雅緻雙人房-地下室 （無窗）:HK$582', '舒活精緻雙床房-地下室 （無窗）:HK$608', '雅緻雙人房（無窗）:HK$633', '精緻雙床房（無窗）:HK$658', '雅緻三人房（無窗）:HK$1,443']"
天雲旅棧台北開封分館,9.1,"['天致三人房:HK$696', '雲際房:HK$741', '雲典房:HK$768']"
香城大飯店（花蓮店）,9.1,"['豪華大床房:HK$375', '豪華雙床房:HK$417', '豪華三人房:HK$478', '精緻家庭套房:HK$537']"
台北國聯大飯店,8.8,"['精緻大床房:HK$834', '精緻雙床房:HK$866', '豪華大床房:HK$915', '豪華雙床房:HK$995', '行政房:HK$1,075', '豪華套房:HK$1,476']"
路得行旅國際青年旅館台東館,9.4,"['輕旅房雙人入住:HK$319', '簡約雙人房:HK$430', '精緻雙人房:HK$481', '舒適四人房:HK$721']"
台北漢普頓酒店,8.9,"['名商客房（兩小床）:HK$852', '名商客房（一大床）:HK$852', '經典客房（兩大床）:HK$1,153', '豪華客房（兩大床）:HK$1,206', '經典客房（四小床）:HK$1,313']"
台東知本富野温泉休閑會館,8.7,"['豪華雙床房:HK$797', '日式精緻客房:HK$797', '日式景觀雙人房:HK$859', '豪華景觀雙人房:HK$868', '家庭客房:HK$1,094']"
台北西門大飯店-A館,8.3,"['標準雙人房-大床:HK$404', '標準雙人房-雙床:HK$489', '精緻客房-大床:HK$523', '精緻客房-雙床:HK$607']"
台北喜來登大飯店,9.0,"['舒適客房:HK$1,906', '豪華雙床房:HK$2,001', '豪華大床房:HK$2,001', '首席大床房:HK$2,167', '首席雙床房:HK$2,167', '行政豪華大床房:HK$2,753']"
康橋商旅（高雄六合夜市中正館）,8.9,"['標準雙人房:HK$512', '商務客房:HK$528', '精緻雙人房:HK$561', '豪華三人間:HK$759']"
