酒店名称,评分,房型价格列表
92·漫步雲景酒店（合肥高鐵南站店）,9.5,"['漫語·初識大床房【全屋語音客控丨65寸投屏電視】:HK$272', '漫語·初識雙床房【全屋語音客控丨65寸投屏電視】:HK$272', '漫選·朝露大床房【超大床丨護髮高速吹風機】:HK$298', '漫選·影音雙床房【高清巨幕投影丨拍照出片】:HK$298', '漫享·私湯大床房【臨窗浴缸丨智能馬桶】:HK$320']"
及早酒店（合肥濱湖會展中心駱崗中央公園店）,9.7,"['現在好了-舒適特色雙床房【馬歇爾音響+戴森吹風機+金可兒床墊+可投屏】:HK$360', '捕捉24小時-LOFT複式特色大床房【馬歇爾音響+戴森吹風機+金可兒床墊】:HK$360', '舒適大床房-行吟時刻【馬歇爾音響戴森吹風機+可投屏】:HK$370', '慵懶愜意大床房 【馬歇爾音響+戴森吹風機】:HK$385', '微度假大床房-以及早之名【馬歇爾音響+戴森吹風機】:HK$403']"
合肥南站希爾頓惠庭酒店,9.6,"['靈動雙床房（舒達床墊+智能馬桶+雙功能冰箱+膠囊coffee機）:HK$431', '靈動大床房（舒達床墊+智能馬桶+雙功能冰箱+膠囊coffee機）:HK$468', '靈動豪華雙床房（舒達床墊+智能馬桶+雙功能冰箱+膠囊coffee機）:HK$479', '靈動豪華大床房（舒達床墊+智能馬桶+雙功能冰箱+膠囊coffee機）:HK$534', '套房（舒達床墊+智能馬桶+雙功能冰箱+膠囊coffee機）:HK$873']"
合肥明珠瑞士酒店,9.6,"['城景豪華特大床房:HK$476', '城景豪華雙床房:HK$476', '瑞士精選特大床房:HK$560', '瑞士行政特大床套房:HK$644', '瑞士精選親子特大床房:HK$831', '豪華套房:HK$1,262']"
合肥兩淮天鵝湖大酒店,9.6,"['高級雙床房:HK$429', '高級大床房:HK$429', '豪華城市景觀大床房:HK$461', '豪華城市景觀雙床房:HK$461', '行政大床房:HK$474', '行政雙床房:HK$474']"
合肥新橋國際機場希爾頓歡朋酒店,9.8,"['舒適大床房:HK$467', '高級雙床房:HK$467', '荷里活大床房:HK$491', '豪華雙床房:HK$527', '高級大床房:HK$552']"
FunGee歡致酒店（合肥淮河路步行街銀泰中心店）,9.7,"['歡言大床房（55寸投屏電視+舒達零壓床墊+小冰箱）:HK$326', '歡欣雙床房（55寸投屏電視+舒達零壓床墊+小冰箱）:HK$337', '歡悦大床房（55寸投屏電視+舒達零壓床墊+小冰箱）:HK$348', '歡暢雙床房（55寸投屏電視+舒達零壓床墊+小冰箱）:HK$359', '歡喜影院榻榻米房（星空頂+100寸高清投屏投影儀+小冰箱）:HK$370']"
靜幽南·廬舍（合肥南站駱崗公園店）,9.8,"['庭院大床房:HK$742', '浴缸園景大床房:HK$852', '園景雙床房:HK$852', '庭院雙床房:HK$961', '浴缸庭院大床房:HK$1,071']"
合肥高鐵南站北廣場怡程酒店,9.8,"['智能高級大床房（雅蘭床墊+中式茶具+迷你冰箱）:HK$311', '影院高級大床房（雅蘭床墊+中式茶具+百寸影屏）:HK$335', '智能商務大床房（雅蘭床墊+中式茶具+迷你冰箱）:HK$358', '智能商務雙床房（雅蘭床墊+中式茶具+迷你冰箱）:HK$382', '智能豪華大床房（雅蘭床墊+中式茶具+迷你冰箱）:HK$406']"
逍·ISVARA酒店（淮河路步行街店）,9.9,"['標準大床房（實木設計師家居+全屋智能語音控制）:HK$307', '隱海大床房（實木設計師家居+智能語音控制+新風系統）:HK$307', '高級大床房（實木設計師家居+智能語音控制+超大采光）:HK$340', '行政雙床房（實木設計師家居+全智能語音+超大落地窗）:HK$372', '逍遙大床房（實木設計師家居+榻榻米超大落地窗+浴缸）:HK$386']"
安徽世紀金源大飯店,9.3,"['高級大床房:HK$326', '高級雙床房:HK$326', '豪華大床套房:HK$511', '高級休閑套房:HK$607', '豪華雙床房:HK$676', '豪華大床房:HK$676']"
合肥濱湖富茂大飯店,9.8,"['靜享大床房（新風系統+高美洗護用品+超大浴缸）:HK$390', '舒享雙床房（獨立洗烘一體機+高美洗護用品+超大浴缸）:HK$446', '悦享雙床房（洗烘一體機+超大浴缸+金可兒護脊深睡床墊）:HK$484', '舒享大床房 （獨立洗烘一體機+智能馬桶+超大浴缸）:HK$496', '樂享雙床房（深睡記憶枕+護脊深睡床墊+高美洗護用品）:HK$522', '悦享大床房（獨立洗烘一體機+金可兒護脊深睡床墊）:HK$533']"
合肥圩美宿集,9.3,"['悦讀·園景雙床房:HK$653', '悦讀·園景大床房:HK$653', '泊樵·複式雙床房:HK$871', '泊樵·園景大床房:HK$871', '泊樵·園景雙床房:HK$871', '漁舟·園景大床房:HK$871']"
合肥香格里拉大酒店,9.6,"['都市城景豪華大床房:HK$638', '都市城景豪華雙床房:HK$638', '都市城景尊榮大床房:HK$779', '雲端豪華閣豪華大床房:HK$873', '雲端豪華閣豪華雙床房:HK$873', '雲端豪華閣尊榮大床房:HK$1,107']"
合肥肥東雨悦山房民宿,9.4,"['春雨居大床房:HK$360', '茶雨舍大床房:HK$360', '茶雨舍·觀景大床房『50寸高清觀影』:HK$491', '茶雨舍·觀景雙床房『50寸高清觀影』:HK$491', '花雨居大床房:HK$491']"
巢湖國際飯店,9.5,"['高級雙床房:HK$435', '高級大床房:HK$490', '行政公寓房:HK$544', '家庭大床房:HK$544', '豪華雙床房:HK$577']"
曼居酒店（合肥濱湖方圓薈店）,10.0,"['曼享高級大床房（智能客控+電視投屏+喜臨門床墊）:HK$325', '曼享豪華大床房（智能客控+電視投屏+喜臨門床墊）:HK$370', '曼享豪華雙床房（智能客控+電視投屏+喜臨門床墊）:HK$402', '曼享行政大床房（智能客控+中式茶具+全景落地窗）:HK$435', '曼享行政雙床房（智能客控+中式茶具+全景落地窗）:HK$435']"
曙光薇酒店（合肥天鵝湖店）,9.8,"['廬居城景雙床房:HK$458', '廬居城景大床房:HK$509', '望舒天景雙床房:HK$558', '望舒天景大床房:HK$608', '顧盼心景寬卧房:HK$608']"
合肥包河福朋喜來登酒店,9.3,"['傳統大床房:HK$385', '傳統雙床房:HK$385', '豪華大床房:HK$417', '豪華雙床房:HK$417', '豪華商務客房:HK$468', '精緻套房:HK$592']"
安徽民航君瀾大飯店,9.7,"['高級大床房:HK$386', '高級雙床房:HK$386', '豪華君瀾大床房:HK$453', '行政大床房:HK$486', '豪華套房:HK$762', '行政套房:HK$762']"
HYGGE且漫酒店（合肥淮河路步行街銀泰中心店）,9.6,"['漫舞雙床房【新風系統+65寸電視投屏】:HK$284', '且歌大床房【新風系統+榻榻米+高清投影】:HK$284', '且觀大床房【榻榻米+高清投影】:HK$284', '且飲大床房【高清投影】:HK$284']"
合肥栢景朗廷酒店,9.8,"['豪華雙床房:HK$906', '豪華大床房:HK$906', '臨空城景豪華大床房:HK$999', '雲端城景行政大床房:HK$1,149', '雲端城景行政雙床房:HK$1,149', '180°臨空行政全景大床房:HK$1,159']"
合肥栢景藝術酒店（安徽廣播電視台博物館店）,9.6,"['雅緻大床房:HK$418', '商務大床房:HK$449', '商務雙床房:HK$449', '行政大床房:HK$449']"
合肥富力威斯汀酒店,9.5,"['威斯汀大床房:HK$960', '威斯汀雙床房:HK$960', '威斯汀豪華大床房:HK$1,004', '威斯汀豪華雙床房:HK$1,004', '豪華煥彩大床房:HK$1,124', 'B.duck小黃鴨主題親子房:HK$1,198']"
安徽高速徽風皖韻酒店,9.8,"['高級大床房:HK$523', '高級雙床房:HK$523', '精選大床房:HK$544', '豪華大床房:HK$632', '行政雙床房:HK$850', '行政大床房:HK$850']"
巢湖遠洲豪廷大酒店,9.6,"['高級園景大床房:HK$434', '高級園景雙床房:HK$434', '豪華觀景雙床房:HK$499', '豪華觀景大床房:HK$500', '遠洲閣行政大床房:HK$631', '遠洲閣行政雙床房:HK$631']"
合肥黃山大廈城市酒店（步行街店）,9.5,"['榻榻米房:HK$238', '舒適雙床房:HK$282', '舒適大床房:HK$316', '菁致雙床房:HK$347', '精選雙床房:HK$358']"
合肥肥東希爾頓歡朋酒店,9.6,"['舒適大床房:HK$372', '舒適雙床房:HK$372', '高級雙床房:HK$412', '高級大床房:HK$433', '豪華大床房:HK$453']"
合肥西站四里河華爾頓酒店,9.5,"['精緻大床房:HK$434', '雅緻大床房:HK$445', '麗致大床房:HK$456', '精緻雙床房:HK$467', '雅緻雙床房:HK$478']"
巢湖碧桂園鳳悦鳳凰酒店,9.5,"['商務園景雙床房:HK$371', '商務園景大床房:HK$371', '豪華湖景雙床房:HK$457', '親子園景大床房:HK$467', '園景寵物友好雙床房:HK$472', '親子園景雙床房:HK$500']"
合肥西站四里河希爾頓歡朋酒店,9.7,"['舒適大床房（舒達專利床墊+科勒衞浴+人體工學座椅+辦公書桌）:HK$341', '舒適雙床房（舒達專利床墊+科勒衞浴+人體工學座椅+辦公書桌）:HK$341', '高級大床房（舒達專利床墊+科勒衞浴+人體工學座椅+辦公書桌）:HK$372', '高級雙床房（舒達專利床墊+科勒衞浴+人體工學座椅+辦公書桌）:HK$372', '豪華大床房（舒達專利床墊+科勒衞浴+小冰箱+人體工學座椅+辦公書桌）:HK$403']"
廬江鴻福金陵酒店,9.3,"['豪華大床房:HK$325', '高級雙床房:HK$334', '豪華雙床房:HK$364', '行政雙床房:HK$398', '行政大床房:HK$398', '豪華套房:HK$627']"
合肥創新產業園雲飛路天源迪科國際會議中心酒店,9.6,"['特惠大床房:HK$327', '特惠雙床房:HK$327', '高級大床房:HK$348', '高級雙床房:HK$348', '商務大床房:HK$423']"
合肥蜀山福朋喜來登酒店,9.0,"['傳統雙床房:HK$688', '傳統大床房:HK$688', '豪華雙床房:HK$726', '豪華大床房:HK$726', '精選豪華客房:HK$765', '行政雙床房:HK$854']"
合肥古井假日酒店,9.4,"['商務大床房:HK$318', '高級大床房:HK$327', '高級雙床房:HK$327', '豪華房:HK$371', '豪華房-大床:HK$384', '豪華房-雙床:HK$384']"
合肥戴斯温德姆酒店（淮河路步行街店）,9.5,"['高級大床房:HK$353', '高級雙床房:HK$386', '豪華大床房:HK$418', '豪華雙床房:HK$452', '行政大床房:HK$519']"
廬江湯池稼圃集民宿,9.9,"['圃居觀景高級雙床房:HK$544', '圃居觀景高級大床房:HK$544', '圃居觀景豪華大床房:HK$654', '稼園觀景豪華大床房:HK$1,200', '圃居觀景豪華雙床房:HK$1,336', '稼園觀景豪華雙床房:HK$1,336']"
新際大酒店（合肥職教城店）,9.5,"['高級雙床房:HK$326', '豪華大床房:HK$348', '豪華雙床房:HK$348', '豪華投影房:HK$370', '尊享大床房:HK$370']"
合肥新站利港喜來登酒店,9.6,"['豪華大床房:HK$604', '豪華雙床房:HK$604', '豪華荷里活房:HK$604', '舒適家庭大床房:HK$604', '特級豪華大床房:HK$656', '特級豪華雙床房:HK$656']"
中央公園酒店（合肥南站駱崗公園店）,9.7,"['沁馨·景觀大床房 [歐舒丹洗護用品+西門子洗烘一體機]:HK$620', '沁馨·景觀雙床房 [歐舒丹洗護用品+西門子洗烘一體機]:HK$620', '沁境·靜謐豪華套房 [歐舒丹洗護套裝+西門子洗烘一體機+星巴克Coffee機+Dreame負離子吹風機]:HK$652', '沁境·靜謐私享套房[40m²超大客廳+歐舒丹洗護套裝+西門子洗烘一體機+星巴克Coffee機]:HK$762', '沁境·靜謐甄選套房[45㎡超大客廳+私享35㎡茶室+歐舒丹洗護套裝+科勒浴缸+西門子洗烘一體機]:HK$871', '沁園·庭院豪華房[獨立32㎡庭院+歐舒丹洗護套裝+西門子洗烘一體機+Dreame負離子吹風機]:HK$871']"
合肥濱湖樂富強嘉悦大酒店,9.7,"['商務大床房:HK$440', '商務雙床房:HK$440', '豪華大床房:HK$489', '豪華雙床房:HK$489', '湖景雙床房:HK$529', '湖景大床房:HK$529']"
合肥君悦酒店,9.8,"['君悦豪華大床房:HK$1,309', '君悦豪華雙床房:HK$1,454', '嘉賓軒豪華雙床房:HK$1,780', '嘉賓軒豪華大床房:HK$1,780', '嘉賓軒尊享大床房:HK$2,238', '君悦豪華套房:HK$2,519']"
合肥泓際酒店（肥東撮街店）,9.6,"['智能雅緻大床房:HK$297', '智能雅緻雙床房:HK$297', '智能麗景雙床房:HK$318', '智能麗景大床房:HK$318']"
北尚世紀金源大飯店,9.7,"['高級單間:HK$469', '高級標間:HK$469', '高級景觀單間:HK$524', '豪華單間:HK$556', '豪華標間:HK$556', '豪華景觀單間:HK$611']"
合肥高新區創新產業園頤朵酒店,9.6,"['商務大床房:HK$263', '雅緻大床房:HK$305', '高級雙床房:HK$326', '高級大床房:HK$347', '行政雙床房:HK$358']"
合肥經開區希爾頓歡朋酒店,9.5,"['舒適大床房:HK$401', '舒適雙床房:HK$412', '高級大床房:HK$434', '高級雙床房:HK$445', '親子房:HK$453']"
雲朵·藝術Loft公寓（合肥天鵝湖店）,9.6,"['深憶·靜逸大床房:HK$392', '星稀·巨幕影音大床房:HK$419', '雲夕.甄選雙床房:HK$419', '雲舒·湖景品質大床房:HK$419']"
合肥高新區希爾頓花園酒店,9.5,"['花園大床房:HK$465', '花園雙床房:HK$465', '花園無障礙房:HK$465', '花園高級大床房:HK$508', '花園高級雙床房:HK$508']"
合肥世紀緣國際酒店（高新區汽車西站地鐵站店）,9.3,"['特惠大床房:HK$238', '商務大床房（全景落地窗+衞生間乾濕分離+小冰箱）:HK$263', '商務雙床房（全景落地窗+衞生間乾濕分離+小冰箱）:HK$263', '豪華大床房（全景落地窗+小冰箱）:HK$284', '豪華雙床房（全景落地窗+小冰箱）:HK$284']"
合肥北城上上座酒店,9.6,"['特惠雙床房:HK$294', '高級雙床房:HK$314', '高級大床房:HK$326', '高級湖景雙床房:HK$358', '高級湖景大床房:HK$369']"
