酒店名称,评分,房型价格列表
全季酒店（呂梁離石中央公園店）,9.6,"['高級大床房:HK$299', '商務大床房:HK$309', '豪華大床房:HK$327', '商務雙床房:HK$327']"
如家商旅酒店（呂梁離石龍鳳北大街興盛路店）,9.6,"['商務大床房:HK$277', '雙床房:HK$296', '高級大床房:HK$305', '高級雙床房:HK$314']"
全季酒店（呂梁世紀廣場店）,9.7,"['高級大床房:HK$331', '高級雙床房:HK$352', '商務大床房:HK$372', '套房:HK$944']"
呂梁離石永寧國際蘭歐尚品酒店,9.3,"['城景經典大床房（智能客控）:HK$214', '城景高級大床房（智能客控）:HK$224', '城景高級雙床房（智能客控）:HK$224', '城景豪華大床房（智能客控）:HK$263']"
晉海居龍商務酒店（呂梁離石汽車客運總站店）,9.6,"['智能豪華大床房【零壓床墊+自然睡眠+智能客控】:HK$180', '智能豪華雙床房【零壓床墊+自然睡眠+智能客控】:HK$180', '巨幕影音大床房【零壓床墊+自然睡眠+影音會員】:HK$219', '巨幕影音雙床房【零壓床墊+自然睡眠+影音會員】:HK$219']"
YUNIK電競酒店（呂梁世紀廣場店）,9.9,"['電競商務大床房:HK$219', '電競雙床房:HK$227', '電競高級雙床房:HK$292', '電競三人間:HK$333']"
麗楓酒店（劉家灣興南路店）,9.5,"['雅緻大床房:HK$264', '豪華大床房:HK$274', '純凈自然雙床房:HK$283', '商務大床房:HK$293']"
呂梁賓館（南樓）,8.8,"['南樓大床房:HK$435', '南樓雙床房:HK$436', '南樓精英套間:HK$656', '南樓商務套間:HK$765']"
如家酒店·neo（呂梁市離石濱河南東路前進南街店）,9.3,"['商務大床房A:HK$192', '商務大床房:HK$202', '雙床房A:HK$210', '高級大床房:HK$220']"
I DO花園酒店（呂梁離石區世紀廣場店）,9.5,"['設計精選大床房C:HK$156', '設計精選大床房A:HK$176', '設計精選大床房B:HK$186', '設計精選雙床房A:HK$186']"
如家商旅酒店（呂梁濱河南東路店）,9.6,"['商務大床房A:HK$216', '商務大床房:HK$233', '雙床房:HK$242', '高級大床房:HK$267']"
喆繁酒店,9.6,"['悦致雙床房:HK$135', '悦致大床房:HK$146', '雅緻雙床房:HK$156', '雅緻大床房:HK$167']"
呂梁麗景灣酒店,9.4,"['麗景優選大床房:HK$168', '麗景優選標準間:HK$182', '麗景高級大床房:HK$195', '麗景高級標準間:HK$195']"
海友酒店（呂梁龍山路店）,9.0,"['大床房:HK$151', '高級大床房:HK$169', '高級雙床房:HK$197']"
漢庭酒店（呂梁學院店）,9.7,"['大床房:HK$227', '雙床房:HK$255', '高級大床房:HK$255', '高級雙床房:HK$264']"
速8優選酒店（呂梁離石世紀廣場店）,9.1,"['舒適優選大床房:HK$156', '商務舒適雙床房:HK$194', '商務舒適大床:HK$199', '陽光街景大床房:HK$208']"
呂梁歸宿民宿,9.5,"['嵐山 | 雅緻Loft複式雙床房502:HK$217', '畫境 | 雅緻Loft複式親子房501:HK$217', '雲舒 | 精選Loft複式雙床房503:HK$217', '碧落 | 精選Loft複式親子房504:HK$217']"
呂梁喜居酒店,8.4,"['高級智能影音大床房:HK$222', '高級智能影音雙床房:HK$259', '豪華智能影音大床:HK$343', '豪華智能影音觀景雙床房:HK$371']"
Z·Hotel酒店（離石西崖底小學店）,9.2,"['高級大床房:HK$145', '高級雙床房:HK$145', '智能大床房:HK$160', '智能雙床房:HK$160']"
呂梁金海商務酒店,8.6,"['商務大床房:HK$212', '商務標準間:HK$212', '豪華標準間:HK$237', '豪華大床房:HK$237']"
呂梁碧桂園開心loft民宿,10.0,"['豪華大床房3:HK$207', '豪華雙床間1:HK$207', '商務雙床房4:HK$207', '玻璃隔斷雙床房2:HK$207']"
呂梁貴士酒店,9.6,"['特惠大床房:HK$175', '舒適大床房:HK$193']"
呂梁樂爾商旅酒店,9.4,"['智能影音大床房（智能客控+智能馬桶+中央空調）:HK$149', '智能優選大床房（智能客控+智能馬桶+獨立空調）:HK$156', '智能優選雙床房（智能客控+智能馬桶+中央空調）:HK$156', '智能豪華大床房（智能客控+智能馬桶+獨立空調）:HK$169']"
維也納3好酒店（呂梁經濟開發區店）,9.5,"['愉夢大床房:HK$203', '行政大床房:HK$222', '高級雙床房:HK$231', '商務雙床房:HK$237']"
呂梁黃金水岸國際酒店,8.4,"['商務標準間:HK$280', '商務大床房:HK$292', '豪華大床房:HK$378']"
呂梁極鏡電競酒店,9.6,"['特色膠囊二人間（公共衞生間）:HK$169', '豪華電競大床房:HK$292', '情侶圓床房:HK$292', '温馨閨蜜房:HK$292']"
錦江之星（呂梁長治路店）,9.0,"['標準房A:HK$167', '商務房C:HK$167', '商務房B:HK$176', '商務標準房B:HK$176']"
呂梁晉呂大廈民宿,9.1,"['豪華大床房:HK$278', '標準雙床房:HK$418', '豪華套房:HK$691']"
呂梁九龍優品酒店（離石宏泰廣場店）,8.7,"['簡奢雙床房:HK$164', '簡奢大床房:HK$164', '簡奢深睡大床房:HK$173', '簡奢深睡雙床房:HK$173']"
呂梁紫閣快捷酒店（西崖底小學店）,8.2,"['特惠大床房:HK$216', '特惠雙床房:HK$216', '經濟大床房:HK$249', '經濟雙床房:HK$249']"
呂梁凱奇商務酒店,9.0,"['商務單間:HK$110', '高級大床房:HK$137', '標準間:HK$156', '精品大床房:HK$156']"
尚客優酒店（呂梁離石北川河路店）,9.1,"['特惠大床房:HK$137', '標準大床房:HK$146', '標準間:HK$155', '家庭間:HK$174']"
旅行家民宿（呂梁濱河南東路店）,9.9,"['零壓深睡大床房（零壓床品|深度睡眠|公區自助洗衣房）:HK$123', '優享特惠大床房:HK$142', '優享特惠雙床房:HK$142', '高級大床房:HK$155']"
呂梁旺佳賓館,9.0,['標準間:HK$239']
呂梁碧桂園公寓,9.0,"['複式特惠雙床房:HK$173', '複式雙床房:HK$184', '複式投影大床房:HK$195', '複式投影雙床房:HK$205']"
呂梁永瑞大廈,8.9,"['商務雙床房:HK$142', '商務大床房:HK$145', '商務套房:HK$391']"
呂梁田家會商旅酒店,9.7,"['陽光舒適雙床房:HK$131', '陽光舒適大床房:HK$131', '特惠雙床房:HK$154', '豪華大床房:HK$191']"
呂梁旺江紅快捷酒店,9.5,"['標準大床房:HK$157', '豪華大床房:HK$179', '豪華標間:HK$179', '三人間:HK$228']"
呂梁昌德大酒店,8.0,"['大床房:HK$167', '舒適雙床房:HK$192', '舒適大床房:HK$192', '雙床房:HK$195']"
呂梁雅客賓館,9.3,"['特價房:HK$108', '標準大床房:HK$108', '標準雙床房:HK$119', '浪漫圓床房:HK$119']"
新東方快捷酒店（呂梁龍鳳大街）,7.9,"['特價房:HK$68', '豪華大床房:HK$77', '標準雙人間:HK$77', '標準三人間:HK$86']"
呂梁琴灣快捷酒店,9.0,"['舒適大床房:HK$85', '標準大床房:HK$96', '標準雙人間:HK$96', '商務大床房:HK$127']"
呂梁恆輝公寓,8.6,"['高級大床房:HK$101', '舒適雙床房:HK$104', '豪華大床房:HK$117', '豪華標準間:HK$124']"
呂梁萬豪酒店,8.6,"['標準雙床房:HK$85', '標準大床房:HK$124']"
