酒店名称,评分,房型价格列表
呼倫貝爾賓館,9.6,"['豪華雙床房:HK$1,517', '豪華大床房:HK$1,517', '名宿大床房:HK$2,063', '名宿雙床房:HK$2,063', '行政大床（一室一廳）:HK$2,172', '家庭子母套房:HK$2,172']"
如家睿柏·雲酒店（呼倫貝爾海拉爾機場古城店）,9.4,"['特價雙床房:HK$780', '商務大床房:HK$872', '標準雙床房:HK$933', '家庭房:HK$994']"
呼倫貝爾德盛大酒店,8.9,"['豪華大床房:HK$927', '豪華雙床房:HK$927', '豪華商務標間:HK$961', '豪華家庭房:HK$1,263']"
嘉都酒店（成吉思汗廣場店）,9.7,"['智嘉I悦享大床房「一次性浴毛巾+酒店公區自助洗衣房」:HK$372', '智嘉I輕享雙床房「一次性浴毛巾+酒店公區提供洗衣房」:HK$461', '智嘉I靜謐影音房「一次性浴毛巾+酒店公區提供洗衣房」:HK$471', '智嘉I臻享雙床房「一次性浴毛巾+酒店公區提供洗衣房」:HK$546']"
希岸酒店（呼倫貝爾海拉爾中央大街店）,9.3,"['希岸玲瓏大床房（夢百合0壓床墊+智能客控+豪華沙發）:HK$798', '希岸大床房（夢百合0壓床墊+智能客控+豪華沙發）:HK$909', '希岸豪華大床房（夢百合0壓床墊+智能客控+豪華沙發）:HK$944', '希岸豪華雙床房（夢百合0壓床墊+智能客控+豪華沙發）:HK$969']"
伯爵大酒店（呼倫貝爾市醫院民族博物館店）,9.5,"['舒適大床房（舒眠床墊+智能客控+智能馬桶）:HK$1,759', '舒適雙床房（舒眠床墊+智能客控+智能馬桶）:HK$1,759', '豪華大床房（深睡控温護脊床墊+智能客控+智能馬桶）:HK$2,015', '豪華雙床房（深睡控温護脊床墊+智能客控+智能馬桶）:HK$2,015', '温馨家庭房（深睡控温護脊床墊+智能客控+智能馬桶）:HK$2,252']"
貝都賓館（海拉爾機場古城店）,9.3,"['尊享·觀影雙床房（極米投影+乳膠床墊+星球枕+觀影會員+乾濕分離）:HK$648', '麗致·觀影大床房（極米投影+乳膠床墊+星空枕+觀影會員）:HK$648', '木韻小築大床房（極米投影+乳膠床墊+星空枕+觀影會員+浴缸）:HK$741', '和風雅舍大床房（極米投影+乳膠床墊+星空枕+觀影會員+浴缸）:HK$741']"
天信商務酒店,8.7,"['特惠房:HK$281', '標準雙床房:HK$318', '三人間:HK$343', '家庭房:HK$368']"
呼倫貝爾六十六頂氈房賓館,9.0,"['標間:HK$421', '高級大床房:HK$421', '温馨親子房:HK$449', '温馨親子影音房:HK$467']"
呼倫貝爾海拉爾希爾頓花園酒店,9.4,"['花園大床房【金可兒床墊+彼得洛夫洗護】:HK$1,354', '豪華大床房【金可兒床墊+彼得洛夫洗護+空氣凈化器】:HK$1,462', '花園高級雙床房【金可兒床墊+彼得洛夫洗護】:HK$1,635', '花園高級大床房【金可兒床墊+彼得洛夫洗護+加濕器】:HK$1,635', '至尊大床房【金可兒床墊+彼得洛夫洗護】:HK$1,646']"
呼倫貝爾山水酒店,9.0,"['商務標準雙床房:HK$556', '商務大床房:HK$556', '商務套房:HK$724']"
海拉爾不晚民宿,9.8,"['不晚風:HK$523', '不晚晴:HK$540']"
全季酒店（呼倫貝爾火車站店）,9.2,"['高級大床房:HK$975', '雙床房:HK$1,005', '商務大床房:HK$1,015', '商務雙床房:HK$1,045']"
雲酒店（呼倫貝爾海拉爾店）,9.5,"['輕奢大床房:HK$1,241', '輕奢雙床房:HK$1,367', '夢幻星空大床房:HK$1,367', '炫酷影音大床房:HK$1,367', '精緻家庭房（小童護欄）:HK$1,595']"
呼倫貝爾新達賓館,8.3,"['特惠標準間:HK$353', '舒適大床房:HK$372', '舒適家庭房:HK$390', '舒適三人間:HK$427']"
呼倫貝爾奇蹟·雲酒店（海拉爾火車站店）,9.0,"['雲享·舒適大床房:HK$390', '雲享·精選大床房:HK$427', '雲享·精選雙床房:HK$483', '雲享·温馨家庭房:HK$557']"
你好酒店（海拉爾中央橋古城店）,9.0,"['特價大床房:HK$524', '特價雙床房:HK$524', '大床房:HK$543', '商務大床房:HK$617']"
伴山雅居民宿,9.8,"['特價大床房:HK$558', '壹號進口房車克萊爾（大床房）:HK$612', '豪華大床房:HK$750', '伍號進口房車露娜（家庭房）:HK$841']"
呼倫貝爾海拉爾大街希爾頓歡朋酒店,9.7,"['舒適大床房（智能客控+手機投屏）:HK$1,626', '舒適雙床房（智能客控+手機投屏）:HK$1,735', '高級大床房（智能客控+手機投屏）:HK$1,845', '高級雙床房（智能客控+手機投屏）:HK$1,845', '歡友房-配親子沙發床（智能客控+手機投屏）:HK$1,845']"
呼倫貝爾四季花園酒店（海拉爾店）,9.3,"['雅緻|日式榻榻米【近觀河景+0壓睡眠+小度智能】:HK$491', '悦致|輕享大床房【0壓睡眠+小度智能+優質布草】:HK$633', '悦致|温馨雙床房【小度智能+0壓睡眠】:HK$685', '雅緻|景觀雙床房【近觀河景+小度智能+全屋地毯】:HK$762']"
漢庭酒店（海拉爾火車站中央大街店）,9.3,"['大床房:HK$636', '高級大床房:HK$692', '雙床房:HK$730', '家庭房:HK$841']"
呼倫貝爾納蘭賓館,9.4,"['特惠標準間:HK$385', '標準間:HK$425', '大床房:HK$425', '家庭房:HK$555']"
呼倫貝爾米朵智慧酒店,9.4,"['特惠大床房:HK$511', '智能閑舒影院房（無窗）:HK$588', '輕雅影音房:HK$643', '智能舒適大床房:HK$664']"
呼倫貝爾友誼國際酒店（海拉爾古城店）,8.9,"['特價大床房:HK$594', '特價標準間:HK$594', '舒適大床房:HK$699', '舒適雙床房:HK$699']"
呼倫貝爾空港藍天大酒店,9.4,"['雲海 | 雙床房:HK$736', '雲悦 | 大床房:HK$802', '雲起 | 大床房「慕思床墊+慕思枕+舒適睡眠」:HK$818', '雲集 | 雙床房 「慕思床墊+慕思枕+舒適睡眠」:HK$818']"
索倫嘎騏驥酒店,9.3,"['影音大床房【慕思床墊+多種枕芯+全屋智能】:HK$726', '騏驥雙床房【慕思床墊+多種枕芯+全屋智能】:HK$829', '騏驥大床房【慕思床墊+多種枕芯+全屋智能】:HK$850', '家庭親子房【慕思床墊+多種枕芯+全屋智能】:HK$1,037']"
呼倫貝爾首旅京倫酒店,9.4,"['豪華雙床房:HK$1,228', '豪華大床房:HK$1,338', '豪華套房:HK$1,723', '蒙元·明珠親子房:HK$1,723', '索倫·鹿使親子房:HK$1,818']"
萬朋酒店（呼倫貝爾海拉爾卡樂堡小童樂園店）,8.8,"['舒適標準間:HK$613', '温馨大床房:HK$613', '遊牧之夢·主題雙床房·主題立牌1:HK$644', '豪華標準間:HK$664']"
全季酒店（呼倫貝爾海拉爾成吉思汗廣場店）,9.7,"['高級大床房:HK$954', '商務大床房:HK$1,029', '高級雙床房:HK$1,104', '豪華大床房:HK$1,141']"
呼倫貝爾呼和諾爾酒店,9.2,"['星空star丨房車營地-高級大床房:HK$1,510', '星空star丨房車營地-高級雙床房:HK$1,510', '碧野雲居丨豪華Morden蒙古包雙床房丨含空調:HK$1,510', '藍松湖景房:HK$2,214', '哆咪小鎮豪華雙床房:HK$2,865']"
樸愫無人智慧酒店（呼倫貝爾古城步行街店）,9.5,"['季夏--智能雙床房：百寸巨幕觀影+乳膠床墊+一次性毛巾:HK$1,290', '橘柚-輕奢大床房【百寸巨屏觀影+乳膠床墊+智能馬桶+一次性毛巾浴巾】:HK$1,290', '曼香-甄選大床房：百寸巨幕+乳膠床墊+乳膠記憶枕+AI智能:HK$1,290', '雙林-甄選雙床房：慕斯床墊+乳膠記憶枕+AI智能+百寸投影:HK$1,290']"
金泰大酒店（呼倫貝爾火車站店）,9.2,"['特價標間:HK$463', '特價大床房:HK$481', '商務標間:HK$699', '商務大床房:HK$708']"
FunGee 歡致酒店（呼倫貝爾海拉爾火車站店）,9.6,"['歡言大床房丨100寸巨幕投影+全屋智能+記憶枕:HK$1,077', '歡暢雙床房丨小冰箱+全屋智能+夢百合床墊:HK$1,221', '歡喜影院榻榻米丨小冰箱+全屋智能+夢百合床墊:HK$1,484', '歡欣雙床房丨65寸電視+夢百合零壓床墊+小冰箱:HK$1,604', '歡悦大床房丨小冰箱+全屋智能+夢百合床墊:HK$1,604']"
呼倫貝爾麗呈睿軒酒店,9.4,"['高級大床房【夢百合零壓床枕+智能客控+高清投屏】:HK$1,332', '高級雙床房【夢百合零壓床枕+智能客控+高清投屏】:HK$1,372', '豪華大床房【夢百合零壓床枕+高檔親膚床品+加濕器+小冰箱】:HK$1,413', '豪華雙床房【夢百合零壓床枕+高檔親膚床品+加濕器+小冰箱】:HK$1,440', '夢幻帳篷親子房【夢百合零壓床枕+高檔親膚床品+加濕器+小冰箱】:HK$1,845']"
漢庭酒店（海拉爾六二六鑫海都市綠洲店）,9.6,"['大床房:HK$701', '高級大床房:HK$759', '雙床房:HK$799', '家庭房:HK$917']"
呼倫貝爾天驕賓館,9.1,"['輕享雙床房（迎賓樓）:HK$905', '輕享大床房（迎賓樓）:HK$905', '行政大床房（主樓）:HK$1,727', '行政雙床房（主樓）:HK$1,727', '兩室兩廳家庭套房（迎賓樓）:HK$1,941', '行政套房（主樓）:HK$2,273']"
聖世滙精品酒店（海拉爾河東發達廣場店）,8.8,"['智選·靜雅雙床房:HK$353', '智選·零壓大床房:HK$372', '智選·尊享親子家庭房:HK$557', '智選·雅緻三人房:HK$585']"
呼倫貝爾天成彼得國際酒店,8.6,"['無窗標準間:HK$634', '俄式豪華大床房:HK$852', '俄式豪華雙人間:HK$852', '親子房:HK$1,047']"
漢庭優佳酒店（呼倫貝爾海拉爾中央路店）,9.5,"['高級大床房:HK$659', '商務大床房:HK$679', '高級雙床房:HK$755', '商務雙床房:HK$774']"
海拉爾賓館,9.5,"['舒適雙床房:HK$943', '舒適大床房:HK$943', '舒適商務套:HK$1,261']"
德薏酒店（呼倫貝爾民族博物館成吉思汗廣場店）,9.6,"['漢韻丨雙床房【夢百合好眠+智慧療愈+電視投屏】:HK$1,273', '芳華丨大床房【夢百合好眠+白茶香氛+電視投屏】:HK$1,273', '慕名丨大床房【白茶療愈+親膚康乃馨】:HK$1,388', '雅居丨雙床房【零壓墊枕+電視投屏】:HK$1,388', '童趣丨大床房【童話帳篷+智慧療愈+電視投屏】:HK$1,621']"
全季酒店（呼倫貝爾融富花園店）,9.5,"['大床房:HK$945', '高級大床房:HK$1,019', '商務雙床房:HK$1,113', '商務大床房:HK$1,201']"
呼倫貝爾天啟酒店,9.3,"['舒適雙床房:HK$1,203', '商務雙床房:HK$1,314', '商務大床房:HK$1,314', '豪華雙床房:HK$1,535', '豪華家庭房:HK$1,535']"
山又酒店,9.7,"['精選大床房:HK$1,190', '精選雙床房:HK$1,190', '高級大床房:HK$1,190', '高級大床套房:HK$1,190']"
祥悦酒店（海拉爾火車站店）,8.9,"['舒適大床房:HK$302', '舒適雙床房:HK$318', '温馨家庭房:HK$482', '商務三人間:HK$490']"
朗麗茲酒店（呼倫貝爾海拉爾店）,9.6,"['麗茲大床房（智能馬桶/智能鏡/自動窗簾）:HK$1,085', '高級大床房（智能馬桶/智能鏡/自動窗簾）:HK$1,160', '高級雙床房（智能馬桶/智能鏡/自動窗簾）:HK$1,382', '豪華大床房（智能馬桶/智能鏡/自動窗簾）:HK$1,514', '麗茲家庭房（智能馬桶/智能鏡/自動窗簾）:HK$1,598']"
呼倫貝爾吉祥凱悦主題酒店,9.2,"['商務大床房:HK$462', '普通套房:HK$644', '商務雙床房:HK$741', '豪華套房:HK$1,063']"
憶美民宿,9.5,"['大床房:HK$203', '精品雙床房302室:HK$463', '經濟大床房303室:HK$463', '精品大床房202號:HK$463']"
呼倫貝爾貝爾大酒店,9.5,"['貝爾雙床房:HK$1,639', '貝爾大床間:HK$1,639', '貝爾商務套房:HK$2,601', '貝爾親子套房:HK$2,710', '貝爾豪華套房:HK$2,819']"
碧海雲天賓館,9.4,"['舒適特價大床房:HK$482', '舒適特價標間:HK$499', '精緻大床房:HK$501', '精緻標準間:HK$518']"
