酒店名称,评分,房型价格列表
舍一茶事文化酒店（呼和浩特大召寺店）,9.5,"['雅緻品茗大床房:HK$493', '雅緻品茗雙床房:HK$507', '觀廟獨修單人房:HK$520', '庭院茶事大床房:HK$686', '庭院陽光雙床房:HK$720']"
萬浩酒店（呼和浩特萬達國際會展中心店）,9.6,"['豪華雅緻大床房（可投屏，有冰箱）:HK$555', '豪華雅緻雙床房（可投屏，有冰箱）:HK$621', '行政雅悦大床房（可投屏，有冰箱）:HK$642', 'B.Duck小黃鴨主題親子房（可投屏，有冰箱）:HK$808', '魔童降世主題親子房（可投屏，有冰箱）:HK$861']"
呼和浩特大召寺海亮廣場亞朵酒店,9.6,"['雅緻大床房（可投屏/加濕器）:HK$709', '高級大床房（可投屏/加濕器）:HK$744', '雅緻雙床房（可投屏/加濕器）:HK$771', '幾木大床房（深睡PRO枕+可投屏+加濕器+小冰箱）:HK$780', '高級雙床房（可投屏/加濕器）:HK$807']"
眾鑫酒店（呼和浩特站新華西街店）,9.5,"['舒適雙床房:HK$381', '觀影房（智能客控+智能馬桶+電視投屏+加濕器）:HK$381', '高級大床房（智能客控+智能馬桶+電視投屏+加濕器）:HK$416', '高級雙床房（智能客控+智能馬桶+電視投屏+加濕器）:HK$446', '家庭房（智能客控+智能馬桶+電視投屏+加濕器）:HK$537']"
青涵宿酒店（大召歷史文化旅遊區店）,9.5,"['大床房（高支親膚棉織品）:HK$240', '寺景古建豪華大床房（智能客控 零壓床墊 大屏觀影 高支棉織品 保鮮冰箱）:HK$360', '寺景古建豪華雙床房（智能客控 零壓床墊 大屏觀影 高支棉織品 保鮮冰箱）:HK$492', '寺景古建豪華家庭房（智能客控、零壓床墊、Napa真皮沙發床、65寸大屏、高支棉織品、保鮮冰箱）:HK$546']"
全季酒店（呼和浩特大召寺店）,9.8,"['大床房A:HK$482', '大床房（可投屏-加濕器-小冰箱）:HK$567', '高級大床房（可投屏-加濕器-小冰箱）:HK$615', '商務大床房（可投屏-加濕器-小冰箱）:HK$681']"
呼和浩特東站智選假日酒店,9.6,"['高級大床房（全屋智能>加濕器>金可兒床墊>投屏>新風）:HK$517', '高級雙床房（金可兒床墊>投屏）:HK$517', '無障礙大床房（加濕器>新風>金可兒床墊>投屏）:HK$618', '高級大床房（豪華>按摩椅>加濕器金可兒床墊>投屏）:HK$668', '高級大床智能化客房（城市景觀帶陽台｜加濕器｜新風）:HK$673']"
萬浩酒店（呼和浩特東站白塔機場店）,9.3,"['精選雙床房:HK$365', '精選大床房:HK$365', '至尊大床房:HK$405', '望青山·至尊雙床房【日出青山】:HK$430']"
蔚徠酒店（呼和浩特新華廣場店）,9.6,"['臻選舒適大床房:HK$400', '沉浸觀影大床房（120寸投屏觀影+全平台會員）:HK$412', '臻選舒適雙床房:HK$422', '城景高級大床房（智能客控+55寸電視投屏觀影）:HK$424', '高空行政大床房（智能客控+75寸電視投屏觀影）:HK$459']"
昭畔棲居民宿（呼和浩特大召寺店）,9.7,"['檐下聽雨·四合院大床房（智能客控）星級床品:HK$668', '垂花別院-四合院雙床房（智能客控）品牌床墊:HK$677', '青磚灰瓦·四合院觀景大床房（智能客控）星級床品:HK$761', '飛檐翹角·四合院品茶雙床房（智能客控）星級床品:HK$770']"
內蒙古開元名都大酒店,9.1,"['怡享雙床房:HK$697', '臻選雙床房:HK$753', '怡選雙床房:HK$766', '怡選大床房:HK$886', '怡享大床房:HK$895', '臻選大床房:HK$910']"
內蒙古飯店,9.5,"['豪華雙床房:HK$836', '豪華大床房:HK$848', '行政豪華大床房:HK$899', '精品套房:HK$1,029', '豪華套房:HK$1,388', '行政豪華套房:HK$1,646']"
朗麗茲酒店（呼和浩特大召寺店）,9.4,"['高級大床房（智能客控+自動窗簾+品牌床墊）:HK$482', '優眠大床房（智能客控+自動窗簾+品牌床墊）:HK$502', '舒適雙床房（智能馬桶+智能客控+自動窗簾+品牌床墊）:HK$509', '舒適大床房（智能馬桶+智能客控+自動窗簾+品牌床墊）:HK$541']"
呼和浩特海亮廣場中山路地鐵站亞朵酒店,9.7,"['高級大床房（語音智控｜電視投屏｜智能馬桶）:HK$655', '行政大床房（語音智控｜電視投屏｜智能馬桶｜小冰箱）:HK$691', '尊享大床房（語音智控｜電視投屏｜智能馬桶｜小冰箱）:HK$753', '行政雙床房（語音智控｜電視投屏｜智能馬桶｜小冰箱）:HK$780', '尊享雙床房（語音智控｜電視投屏｜智能馬桶｜小冰箱）:HK$987']"
美源輕奢酒店（呼和浩特火車東站市政府店）,9.7,"['悠享大床房（智能小度+漢斯格雅衞浴）:HK$371', '悠享雙床房（智能小度+漢斯格雅衞浴）:HK$371', '美奢大床房（智能小度+漢斯格雅衞浴）:HK$389', '美奢行政雙床房（智能小度+漢斯格雅衞浴）:HK$389']"
花美時酒店（呼和浩特市大召廣場店）,9.4,"['影視圓床房:HK$351', '榻榻米大床房:HK$397', '花遇數碼影視房:HK$429', '花開景觀大床房:HK$457']"
呼和浩特鼓樓立交橋滿都海公園亞朵酒店,9.5,"['雅緻房（可投屏）:HK$529', '高級大床房（可投屏）:HK$574', '雅緻雙床房（可投屏）:HK$574', '幾木大床房（可投屏）:HK$619', '高級雙床房（可投屏）:HK$628']"
一默禪居（大召寺店）,9.9,"['輕奢·大床房:HK$912', '影音·輕奢投影雙床房【百寸投影】:HK$912', '影音·巨幕投影大床房【百寸投影】:HK$1,071', '親子·巨幕影音家庭房【百寸投影】:HK$1,071']"
瑞雅青城酒店（長樂宮摩爾城店）,9.4,"['瑞雅優享雙床房 【慕斯床墊+浴室音樂+智能客控】:HK$542', '瑞雅優享大床房 【慕斯床墊+浴室音樂+智能客控】:HK$543', '瑞雅甄享雙床房【慕斯床墊+浴室音樂+智能客控】:HK$644', '瑞雅甄享大床房【慕斯床墊+浴室音樂+智能客控】:HK$645', '瑞雅温馨親子房【慕斯床墊+浴室音樂+智能客控】:HK$957']"
內蒙古烏瀾大酒店,9.6,"['精緻大床房【安睡床墊+小度語音智控】:HK$435', '標準雙床房【安睡床墊+小度語音智控】:HK$523', '標準大床房【安睡床墊+小度語音智控】:HK$523', '豪華大床房【安睡床墊+小度語音智控+浴缸】:HK$610', '行政雙床房【安睡床墊+小度語音智控】:HK$610']"
曼居酒店（呼和浩特大召無量寺店）,9.3,"['曼享高級大床房（全屋智能+自動窗簾+零壓床墊）:HK$568', '曼享高級雙床房（全屋智能+自動窗簾+零壓床墊）:HK$593', '曼享豪華大床房（全屋智能+自動窗簾+零壓床墊）:HK$684', '曼享豪華雙床房（全屋智能+自動窗簾+零壓床墊）:HK$709']"
閣雅紫居酒店（摩爾城藝術學院地鐵站店）,9.3,"['精緻大床房（負壓秒睡乳膠床墊+洗衣房+投屏+智控）:HK$427', '雅緻大床房（負壓秒睡乳膠床墊+洗衣房+投屏+智控）:HK$469', '雅緻標準間（負壓秒睡乳膠床墊+洗衣房+投屏+智控）:HK$494', '閣雅商務套房（負壓秒睡乳膠床墊+投屏+電動馬桶）:HK$537']"
呼和浩特鼓樓將軍衙署地鐵站亞朵輕居酒店,9.5,"['輕享大床房（可投屏,小冰箱）:HK$592', '輕享標準房（可投屏）:HK$601', '超享大床房（可投屏，小冰箱）:HK$619', '超享標準房（可投屏，小冰箱）:HK$628', '超享複式套房（可投屏,小冰箱）:HK$646']"
麗怡酒店（呼和浩特高鐵東站內蒙婦幼保健院店）,9.6,"['標準大床房:HK$368', '高級大床房:HK$394', '豪華大床房:HK$419', '豪華雙床房:HK$444', '親子雙床房:HK$469']"
內蒙古國航大廈（鼓樓店）,9.5,"['温馨特惠房:HK$677', '商務雙床房:HK$710', '商務大床房:HK$710', '行政貴賓房:HK$946', '行政豪華套房:HK$1,320']"
雲頤自在酒店（呼和浩特站店）,9.5,"['雅緻大床房丨沉浸式睡眠體驗（慕思床墊+朗樂福乳膠枕）:HK$404', '高級大床房 - 功夫茶具品香，邂逅新中式雅境:HK$426', '高級雙床房（儲鮮冰箱+功夫茶具+高速辦公版）:HK$459', '行政大床房-漫享沙發愜意身心+辦公桌+高速WiFi:HK$491', '行政雙床房（酣暢睡眠+霓虹夜景）:HK$524']"
朵蘭· 潮酒店（呼和浩特機場高鐵東站店）,9.2,"['覓景優享大床房『裸棉棉製品>定製乳膠床墊>全自動恆温馬桶>全屋地暖>全屋小度智能』:HK$355', '巨無霸優享雙床房『裸棉棉製品>定製乳膠床墊>全自動恆温馬桶>全屋地暖>全屋小度智能』:HK$380', '觀景套房『裸棉棉製品>定製乳膠床墊>全自動恆温馬桶>全屋地暖>全屋小度智能』:HK$404', '巨無霸家庭房『裸棉棉製品>定製乳膠床墊>全自動恆温馬桶>全屋地暖>全屋小度智能』:HK$429']"
喆啡銳品酒店（呼和浩特市政府東站店）,9.6,"['醇享大床房（零壓床墊+辦公空間+記憶枕）:HK$371', '鋭意大床房（阿姆斯躺椅+零壓床墊+辦公空間+記憶枕）:HK$392', '鋭意雙床房（阿姆斯躺椅+零壓床墊+辦公空間+記憶枕）:HK$392', '鋭品大床房（智能客控+零壓床墊+辦公空間+記憶枕）:HK$415', '鋭品雙床房（智能客控+零壓床墊+辦公空間+記憶枕）:HK$415']"
閣雅輕居酒店（人民醫院將軍衙署地鐵站店）,9.3,"['精雅大床房:HK$202', '閣雅大床房:HK$224', '輕雅大床房:HK$245', '精雅套房:HK$288']"
呼和浩特東站如意和大街亞朵酒店,9.8,"['高級大床房（投屏|加濕器）:HK$673', '行政大床房（投屏|加濕器|小冰箱）:HK$762', '幾木家庭房（深睡PRO枕|可投屏|小冰箱）:HK$771', '行政雙床房（投屏|加濕器|小冰箱）:HK$807', '幾木大床房（深睡PRO枕|可投屏|小冰箱）:HK$834']"
呼和浩特玉泉恆盛廣場希爾頓歡朋酒店,9.7,"['舒適大床房:HK$778', '舒適雙床房:HK$798', '高級大床房:HK$846', '豪華大床房:HK$894', '高級雙床房:HK$922']"
呼和浩特喜來登酒店,9.0,"['豪華大床房:HK$894', '豪華雙床房:HK$894', '優選大床房:HK$948', '優選雙床房:HK$948', '家庭房:HK$1,003', '小黃鴨主題房:HK$1,034']"
呼和浩特美居酒店,9.5,"['標準房-大床:HK$886', '高級房大床:HK$934', '高級雙床房:HK$1,002', '嘉賓大床房:HK$1,002', '嘉賓套房:HK$1,136']"
錦頤X酒店（呼和浩特東站絲綢大道地鐵站店）,9.7,"['雅緻大床房-智能客控-酣暢睡眠- 靜謐空間:HK$425', '影音大床房-心靈休憩-高清巨幕投影-沉浸式觀影體驗:HK$501', '高級大床房-天際環幕觀景-全景落地窗-朗樂福乳膠枕:HK$501', '高級雙床房-絕美日出日落景觀-觀景臻享-燈火流螢:HK$513']"
逸家酒店（新華廣場呼和浩特站地鐵站店）,9.3,"['精馨大床房（安心睡眠）:HK$267', '豪華雙床房（安心睡眠）:HK$289', '精馨雙床房（安心睡眠）:HK$289', '豪華大床房（安心睡眠）:HK$319']"
美豪酒店（呼和浩特火車東站萬達廣場店）,9.6,"['0壓悦享大床房（夢百合0壓記憶枕+0壓床墊+智能客控）:HK$397', '靜謐大床房（智能客控+55寸可投屏電視）:HK$509', '靜謐雙床房（智能客控+55寸可投屏電視）:HK$518', '精緻大床房（智能客控+55寸可投屏電視+小冰箱）:HK$537', '精緻雙床房（智能客控+55寸可投屏電視+小冰箱）:HK$547']"
全季酒店（呼和浩特賽罕萬達廣場店）,9.7,"['高級大床房A:HK$532', '大床房:HK$553', '高級大床房:HK$592', '高級雙床房:HK$592']"
呼和浩特摩爾城新華大街亞朵酒店,9.6,"['雅緻大床房（可投屏、有冰箱）:HK$484', '高級大床房（可投屏、有冰箱）:HK$529', '幾木大床房（可投屏、有冰箱）:HK$574', '尊享大床房（可投屏、有冰箱）:HK$619', '幾木雙床房（可投屏、有冰箱）:HK$646']"
呼和浩特富力萬達文華酒店,9.6,"['豪華雙床房（繁華街景+深睡床墊+靜音加濕器）:HK$1,356', '豪華大床房（繁華街景+深睡床墊+靜音加濕器）:HK$1,383', '高級豪華雙床房（繁華街景+深睡床墊+靜音加濕器）:HK$1,470', '高級豪華大床房（繁華街景+深睡床墊+靜音加濕器）:HK$1,470', '行政大床房（繁華街景+深睡床墊+靜音加濕器）:HK$1,793', '行政雙床房（繁華街景+深睡床墊+靜音加濕器）:HK$1,793']"
7天酒店（呼和浩特大召寺店）,9.5,"['新7天自在大床房:HK$366', '新7天影趣大床房:HK$366', '新7天自在雙床房:HK$376', '新7天舒適雙床房:HK$403']"
漳禾酒店（呼和浩特火車站海亮廣場店）,9.6,"['商務大床房（ 智能投屏 加濕器）:HK$440', '商務雙床房（ 智能投屏+加濕器+電動窗簾）:HK$447', '智能零壓大床房（智能投屏+電動窗簾+加濕器）:HK$491', '智能零壓雙床房（智能投屏+電動窗簾+加濕器）:HK$522', '高級睡眠大床房（加濕器+智能投屏+智能馬桶）:HK$529']"
美豪酒店（呼和浩特鼓樓將軍衙署店）,9.4,"['初晴·雅緻大床房（靜謐•智能客控）:HK$442', '初晴·舒適雙床房（智能客控）:HK$580', '初晴·輕奢大床房（城景•智能客控）:HK$608', '♥零壓♥舒睡♥輕奢雙床房（夢百合零壓床墊+零壓記憶枕）:HK$635', '初晴·輕奢雙床房（城景•智能客控）:HK$636']"
桔子酒店（呼和浩特火車站新華廣場店）,9.8,"['高級大床房（電視投屏、迷你冰箱、金可兒品牌床墊）:HK$374', '商務大床房（電視投屏、迷你冰箱、金可兒品牌床墊）:HK$393', '商務雙床房（電視投屏、迷你冰箱、金可兒品牌床墊）:HK$393', '套房（電視投屏、迷你冰箱、金可兒品牌床墊）:HK$439']"
眾鑫假日酒店（呼和浩特恆大華府店）,9.5,"['靜雅大床房（嘉尼曼乳膠床墊+電視投屏+智能馬桶）:HK$433', '景觀大床房（嘉尼曼乳膠床墊+電視投屏+智能馬桶）:HK$441', '舒雅大床房（嘉尼曼乳膠床墊+電視投屏+智能馬桶）:HK$441', '城景大床房（嘉尼曼乳膠床墊+電視投屏+智能馬桶）:HK$449', '舒雅雙床房（嘉尼曼乳膠床墊+電視投屏+智能馬桶）:HK$457']"
呼和浩特巨華國際大酒店,9.6,"['豪華大床房:HK$886', '豪華雙床房:HK$918', '臻選城景大床房:HK$973', '臻選城景雙床房:HK$1,004', '女士房:HK$1,092', '家庭房:HK$1,191']"
如家精選酒店PLUS（呼和浩特國際會展中心萬達廣場店）,9.9,"['大床房（電視投屏觀影+零壓床墊+記憶枕）:HK$385', '雙床房（電視投屏觀影+零壓床墊+親膚布草）:HK$402', '商務大床房（電視投屏觀影+零壓床墊+辦公空間）:HK$410', '高級大床房（電視投屏觀影+記憶枕+加濕器）:HK$436']"
寶晨·智選酒店（呼和浩特通道北街醫科大學附屬醫院店）,9.4,"['優選大床房（智能馬桶+乳膠床墊）:HK$202', '智選零壓雙床房（小度智能客控+55寸投屏電視+智能馬桶+乳膠床墊）:HK$237', '智選臻享雙床房（小度智能客控+55寸投屏電視+智能馬桶+乳膠床墊）:HK$246', '智選零壓大床房（小度智能客控+55寸投屏電視+智能馬桶+乳膠床墊）:HK$246']"
藝龍酒店（呼和浩特摩爾城藝術學院地鐵站店）,9.6,"['特享大床房（智能客控+手機投屏+夢百合零壓床墊+小冰箱）:HK$487', '心悦大床房（智能客控+夢百合零壓床墊+毛巾除菌櫃+小冰箱）:HK$553', '影音大床房（巨幕影院+奇異果會員+騰訊雲視聽極光VIP）:HK$553', '心悦雙床房（智能客控+夢百合零壓床墊+毛巾除菌櫃+小冰箱）:HK$586', '藝心雙床房（智能客控+夢百合零壓床墊+毛巾除菌櫃+小冰箱）:HK$635']"
呼和浩特金隅漢都大酒店,9.3,"['豪華大床房:HK$391', '豪華雙床房:HK$391', '豪華大床房-配備洗衣機:HK$391', '家庭親子安心房:HK$457', '温馨家庭房:HK$533']"
呼和浩特中心皇冠假日酒店,9.5,"['高級大床房:HK$874', '高級雙床房:HK$874', '高級園景大床房:HK$956', '高級園景雙床房:HK$956', '皇冠家族大床房:HK$1,085', '皇冠家族雙床房:HK$1,085']"
