酒店名称,评分,房型价格列表
建國璞隱酒店（唐山火車站店）,9.6,"['凌霜居雙床房A:HK$345', '詠蘭居大床房A:HK$345', '詠蘭居大床房:HK$371', '凌霜居雙床房:HK$371', '暗香居大床房:HK$408']"
陌上輕居酒店（唐山河頭老街店）,9.6,"['風韻·宋風花雅大床房（智能客控+乾濕分離+好眠床墊）:HK$422', '雅緻·河燈流螢雙床房（徠芬吹風機+70寸投屏電視）:HK$465', '品學陌畔思歸大床房（臨窗茶桌+智能客控+雨淋頂噴）:HK$486', '雅緻·山水知韻大床房（智能恆温馬桶+徠芬吹風機）:HK$486', '品學·文墨雅居雙床房（茶台雅韻+全屋智能+悦享好眠）:HK$507']"
唐山北站萬達悦華酒店,9.5,"['高級大床房（冰箱+智能潔具+斯林百蘭床墊+ACCA洗護沐）:HK$312', '豪華大床房（冰箱+智能潔具+斯林百蘭床墊+ACCA洗護沐）:HK$339', '豪華雙床房（冰箱+斯林百蘭床墊+ACCA洗護沐）:HK$348', '親子雙床房（主題床品+小童洗護+小童娛樂+冰箱）:HK$491', '高級豪華家庭房（智能語音控制+小童娛樂+冰箱+豪華衞浴）:HK$527']"
喆啡酒店（唐山愛琴海太陽城店）,9.6,"['醇享大床房:HK$297', '醇享雙床房:HK$306', '啡凡雙床房:HK$328', '啡凡豪華雙床房:HK$353']"
唐山文旅鉑爾曼酒店,9.4,"['高級大床房:HK$492', '高級雙床房:HK$492', '豪華大床房:HK$537', '豪華雙床房:HK$537', '行政大床房:HK$642', '行政套房:HK$1,016']"
和頤至尚酒店（唐山北新道愛琴海店）,9.7,"['商務大床房（智能客控）:HK$371', '高級大床房（智能客控）:HK$389', '高級雙床房（智能客控）:HK$389', '特色大床房（智能客控）:HK$408', '套房（智能客控）:HK$559']"
SFEEL設計師酒店（唐山愛琴海太陽城店）,9.8,"['靜謐大床房（全智能客控•慕斯床墊•mini冰箱•綠植造景）:HK$457', '輕奢城景大床房（高空瞰景•智能客控•mini冰箱•落地窗）:HK$479', '高級城景大床房（高空閲景•智能客控•落地窗•榻榻米區）:HK$500', '豪華城景大床房（高空攬景•智能客控•mini冰箱•榻榻米）:HK$535']"
唐山宴文旅酒店,9.6,"['豪華大床房:HK$596', '豪華雙床房:HK$596', '浪漫浴缸大床房:HK$596', '雅緻大床房:HK$596', '輕奢大床房:HK$630']"
桔子酒店（唐山萬達廣場店）,9.6,"['高級大床房（電視投屏&智能客控&小冰箱）:HK$377', '高級雙床房（電視投屏&智能客控&小冰箱）:HK$377', '豪華大床房（電視投屏&智能客控&小冰箱）:HK$418', '豪華雙床房（電視投屏&智能客控&小冰箱）:HK$418']"
唐山冀唐開元名庭大酒店,9.2,"['內景雙床房:HK$345', '內景大床房:HK$345', '標準大床房:HK$379', '開元大床房:HK$415', '開元雙床房:HK$460']"
柏曼酒店（唐山火車站店）,9.7,"['標準大床房（智能小度）:HK$230', '高級大床房（智能小度）:HK$263', '高級雙床房（智能小度）:HK$281', '豪華大床房（智能小度）:HK$297']"
唐山會展中心亞朵輕居酒店,9.3,"['舒適大床房（普蘭特床墊+ 記憶枕+裸棉床品）:HK$289', '標準大床房:HK$309', '標準雙床房:HK$349', '高級雙床房:HK$430']"
唐山曼哈頓酒店,9.5,"['高級大床房:HK$505', '商務大床房:HK$526', '高級雙床房:HK$538', '女神尊享房:HK$608', '親子大床房:HK$730', '親子雙床房:HK$763']"
唐山國豐維景國際大酒店（河頭老街店）,9.6,"['高級城景大床房:HK$751', '高級城景雙床房:HK$751', '高級湖景大床:HK$840', '高級湖景雙床房:HK$840', '舒適城景大床房:HK$973', '舒適湖景大床房:HK$1,040']"
唐山飯店,9.4,"['特惠迷你雙床房:HK$177', '特惠迷你大床房:HK$177', '普通雙床房:HK$274', '普通大床房:HK$274']"
全季酒店（唐山萬達廣場店）,9.5,"['大床房:HK$452', '雙床房:HK$491', '高級大床房:HK$491', '舒壓高級大床房:HK$512']"
唐山曹妃甸希爾頓歡朋酒店,9.8,"['舒適雙床房:HK$358', '舒適大床房:HK$381', '高級大床房:HK$451', '高級雙床房:HK$451', '豪華大床房:HK$486']"
唐山智選假日酒店（愛琴海購物中心店）,9.2,"['智選雙床房:HK$262', '智選大床房:HK$262', '高級雙床房:HK$308', '高級大床房:HK$337']"
維也納國際酒店（唐山東方國際會展中心遠洋城店）,9.7,"['標準大床房:HK$268', '高級大床房:HK$293', '豪華大床房:HK$309', '豪華雙床房:HK$325']"
全季酒店（唐山火車站店）,9.7,"['大床房:HK$322', '高級大床房:HK$360', '高級雙床房:HK$360', '套房:HK$503']"
喆緋酒店（唐山火車站店）,8.6,"['精品大床房:HK$249', '精品雙床房:HK$249', '啡凡大床房:HK$293', '啡凡雙床房:HK$293']"
唐山南湖足球主題酒店,8.9,"['標準大床房:HK$295', '三人間:HK$434', '豪華大床房:HK$460', '家庭套房:HK$558']"
喆·啡酒店（唐山火車站路南區政府店）,8.9,"['啡凡大床房:HK$834', '啡凡雙床房:HK$834', '啡凡豪華雙床房:HK$926', '啡凡家庭房:HK$1,205']"
唐山賓館,9.5,"['豪華大床房:HK$468', '豪華雙床房:HK$468', '快樂鴨親子房:HK$1,282', '探索宇航員親子房:HK$1,282', '高級豪華套房:HK$1,495']"
唐山恆豐大酒店,9.4,"['經濟房:HK$218', '商務大床房:HK$267', '商務雙床房:HK$267', '豪華雙床房:HK$304']"
唐山世德花園酒店,8.8,"['商務套房:HK$601', '親子套房-森林派對:HK$607', '親子套房-粉色公主:HK$607', '親子套房-夢幻公主:HK$607', '親子套房-太空主題:HK$607', '親子套房-綠色恐龍:HK$607']"
唐山香格里拉大酒店,9.3,"['豪華城景大床:HK$627', '豪華城景雙床:HK$627', '豪華園景大床:HK$674', '豪華園景雙床:HK$674', '趣味親子大床房:HK$805', '視聽影音大床房（百寸高清丨海量片源）:HK$805']"
桔子酒店（唐山北站店）,9.7,"['大床房:HK$285', '豪華大床房:HK$304', '雙床房:HK$304', '豪華雙床房:HK$322']"
城市便捷酒店（唐山火車站路南區政府店）,9.6,"['標準大床房（温馨安靜|舒適床品|地暖）:HK$175', '商務大床房（寬敞明亮|地暖）:HK$190', '商務雙床房（寬敞明亮|地暖）:HK$190', '豪華大床房（180°全視野|地暖）:HK$205']"
唐山海棠民宿（河頭老街店）,9.7,"['原木奶油兩室家庭房1602:HK$648', '兩室家庭房1801:HK$648', '兩室家庭房901:HK$648', '兩室家庭房802:HK$648']"
格林東方酒店（唐山火車站店）,9.7,"['特惠大床房:HK$284', '特惠雙床房:HK$284', '高級大床房:HK$328', '高級雙床房:HK$328']"
喆啡酒店（唐山店）,9.6,"['醇享生活大床房--零壓床墊:HK$252', '啡凡大床房--零壓床墊:HK$278', '啡凡純凈大床房----零壓床墊:HK$278', '啡凡豪華大床房----零壓床墊:HK$303']"
城市便捷酒店（唐山東方國際會展中心遠洋城店）,9.4,"['智能標準大床房（電視投屏+全屋智能+温馨安靜）:HK$212', '智能標準雙床房（電視投屏+全屋智能+温馨安靜）:HK$212', '智能豪華大床房（電視投屏+全屋智能+温馨安靜）:HK$238', '智能豪華雙床房（電視投屏+全屋智能+温馨安靜）:HK$238']"
宜必思酒店（唐山萬達南湖旅遊景區店）,9.6,"['大床房:HK$216', '雙床房:HK$246', '高級大床房:HK$246', '商務雙床房:HK$280']"
星程酒店（唐山市政府愛琴海店）,9.8,"['大床房:HK$391', '高級大床房:HK$431', '商務雙床房:HK$431', '商務大床房:HK$471']"
唐山豐潤昌盛國際酒店,9.6,"['特惠雙床房:HK$293', '特惠大床房:HK$325', '商務大床房（獨立浴缸+商務辦公桌）:HK$357', '商務雙床房（獨立浴缸+商務辦公桌）:HK$357', '超值智能雙床房:HK$388', '俯瞰城景-精品大床房（獨立浴缸）:HK$390']"
維也納酒店（唐山豐潤林蔭路店）,9.6,"['標準大床房（智能客控+温馨適宜+舒睡好眠）:HK$267', '標準雙床房（智能客控+温馨適宜+舒睡好眠）:HK$267', '高級大床房（智能客控+温馨適宜+舒睡好眠）:HK$295', '高級雙床房（智能客控+温馨適宜+舒睡好眠）:HK$295']"
麗楓酒店（唐山中心醫院店）,9.7,"['雅緻大床房:HK$300', '純凈自然行政大床房（靜謐首尾房+空氣凈化器）:HK$326', '雅緻雙床房:HK$344', '商務大床房:HK$352']"
季駿精選酒店（唐山曹妃甸金貿廣場店）,9.5,"['特惠大床房（智能客控+品牌床墊+可投屏電視）:HK$236', '特惠雙床房（智能客控+品牌床墊+可投屏電視）:HK$260', '高級大床房（智能客控+品牌床墊+可投屏電視）:HK$271', '高級海景雙人房（智能客控+品牌床墊+可投屏電視）:HK$292']"
如家酒店·neo（唐山市政府愛琴海店）,9.6,"['商務大床房（全屋智能+徠芬吹風機+夢百合記憶枕）:HK$196', '雙床房（全屋智能+徠芬吹風機+夢百合記憶枕）:HK$196', '高級大床房（全屋智能+徠芬吹風機+夢百合記憶枕）:HK$221', '高級雙床房（全屋智能+徠芬吹風機+夢百合記憶枕）:HK$221']"
愛時特套房酒店（唐山會展中心遠洋城店）,9.2,"['特惠房:HK$216', '豪華大床房:HK$242', '豪華雙床房｜超大會客空間｜浴缸｜中央空調｜:HK$263', '零壓助眠雙床房｜夢百合零壓床墊｜超大起居空間｜55寸投屏電視｜浴缸｜:HK$283']"
唐山梧舍悦享酒店,9.6,"['公寓特惠標準間（中央空調+速熱花灑+cctv展播床品）:HK$544', '行政標準間（速熱花灑+音響+cctv展播床品）:HK$817']"
唐山長城大酒店,8.5,"['惠民標間:HK$189', '標準雙床房:HK$249', '標準大床房:HK$249', '豪華大床房:HK$304']"
唐山富島國際酒店,9.1,"['特惠大床房:HK$228', '特惠雙床房:HK$228', '驚喜特惠房:HK$283', '優質大床房:HK$304', '商務雙床房:HK$348']"
河頭小築民宿,9.9,"['蘭馨舒適兩室一廳套房:HK$373', '禹州舒適二室一廳套房:HK$401', '禹州精緻二室一廳套房:HK$401', '湖岸精品兩室一廳套房:HK$401']"
遠方的家（瀾樾府玖璟店）,9.6,['陽光明媚三室套房:HK$371']
如家酒店·neo（唐山新華東道開越路店）,9.5,"['商務大床房（全明房+中央空調+可投屏55寸電視）:HK$166', '高級大床房（全明房+中央空調+可投屏55寸電視）:HK$175', '高級雙床房（全明房+中央空調+可投屏55寸電視）:HK$175', '安心睡大床房（夢百合零壓床墊+智控+空氣凈化器）:HK$200']"
唐山金鼎大酒店,9.1,"['特惠商務間（配備加濕器）:HK$281', '精品商務間（配備加濕器）:HK$314', '特價雙床房（B座）（“深睡甄選雅蘭床墊”、私密安靜、加濕器）:HK$348', '商務雙床房（“深睡甄選雅蘭床墊”、雅緻商務，靜謐空間、加濕器）:HK$358', '商務大床房（“深睡甄選雅蘭床墊”、尊享私密、高效休憩的殿堂、加濕器）:HK$358']"
唐山海澳大酒店,8.3,"['高級雙床房:HK$287', '全景浴享大床房:HK$336', '全景浴享雙床房:HK$347', '全景行政套房:HK$633']"
唐山曹妃島酒店,9.4,"['木屋別墅精緻大床間:HK$339', '木屋別墅精緻標準間:HK$370', '零壓木屋別墅精緻大床房:HK$370', '零壓木屋別墅精緻標準間:HK$391']"
