酒店名称,评分,房型价格列表
嘉興南湖賓館,9.8,"['庭院大床房:HK$1,141', '庭院雙床房:HK$1,141', '豪華園景大床房:HK$1,281', '豪華園景雙床房:HK$1,281', '豪華湖景雙床房:HK$1,419', '豪華湖景大床房:HK$1,419']"
嘉興月河客棧,9.5,"['月彩河景大床房:HK$393', '月彩河景雙床房:HK$393', '月華內街景大床房:HK$469', '月華內街景雙床房:HK$469', '月輝大床房:HK$557', '月輝雙床房:HK$557']"
西塘萬達美華度假酒店,9.7,"['安境·雅適大床房（智能投屏+Acca Kappa洗護品+膠囊Coffee機+迷你吧）:HK$611', '安境·雅適雙床房（智能投屏+Acca Kappa洗護品+膠囊Coffee機+迷你吧）:HK$611', '安境·雅緻園景大床房（靜謐舒適+智能投屏+Acca Kappa洗護品+膠囊Coffee機+迷你吧）:HK$665', '環秀·雅緻河景大床房（智能投屏+Acca Kappa洗護品+膠囊Coffee機+迷你吧）:HK$764', '玲瓏·雅緻庭院大床房（觀景庭院+智能投屏+Acca Kappa洗護品+膠囊Coffee機+迷你吧）:HK$764']"
嘉興南湖帕瑞思酒店,9.6,"['禾居·寵粉大床房「4K高清影視+觀地標夜景+隔音玻璃」:HK$272', '禾居·寵粉雙床房「4K高清影視+躺上就想睡+隔音玻璃」:HK$294', '禾居|商旅優眠雙床房「4K高清影視+躺上就想睡的枕頭+隔音玻璃」:HK$313', '禾居·商旅觀影大床房「4K高清影視+躺上就想睡的枕頭+隔音玻璃」:HK$313', '禾居·情侶約hig大床房「4K高清影視+觀地標夜景+隔音玻璃」:HK$372']"
嘉興南湖開元名庭酒店,9.6,"['名成高級大床房:HK$408', '名成豪華大床房:HK$430', '名成高級雙床房:HK$452', '名成豪華雙床房:HK$474', '名成商務大床房（含浴缸）:HK$496']"
嘉興運河希爾頓歡朋酒店,9.8,"['舒適大床房:HK$425', '舒適雙床房:HK$425', '高級大床房:HK$479', '高級雙床房:HK$479', '豪華大床房:HK$534']"
西塘牧月酒店,9.8,"['西苑大床房:HK$458', '西苑家庭房:HK$512', '園景大床房:HK$546', '園景雙床房:HK$546', '湖景大床房:HK$654']"
烏鎮西柵·時嶼設計師酒店,9.7,"['熔巖·觀景大床房（智能家居+AMIRO化粧鏡+乾濕分離）:HK$310', '易安·温馨陽台大床房（智能馬桶+AMIRO化粧鏡+落地窗）:HK$331', '東坡·榻榻米陽台大床房（智能客控+乾濕分離+全身鏡）:HK$331', '歌劇·河景大床房（智能馬桶+慕思床墊+AMIRO化粧鏡）:HK$354']"
嘉興中山路江南摩爾亞朵酒店,9.6,"['高級大床房:HK$349', '高級雙床房:HK$367', '行政大床房:HK$385', '幾木大床房-亞朵星球深睡枕PRO+小冰箱:HK$412', '幾木雙床房-亞朵星球深睡枕PRO+小冰箱:HK$412']"
嘉興綠地鉑瑞酒店（湘家盪店）,9.0,"['尊享豪華花園大床房（房間大+電動窗簾+智能馬桶+陽台）:HK$511', '尊享豪華花園雙床房（房間大+電動窗簾+智能馬桶+陽台）:HK$511', '尊享高級湖景大床房（房間大+電動窗簾+智能馬桶+陽台）:HK$544', '尊享高級湖景雙床房（房間大+電動窗簾+智能馬桶+陽台）:HK$544', '尊享豪華湖景大床房（房間大+電動窗簾+智能馬桶+陽台）:HK$653', '尊享豪華湖景雙床房（房間大+電動窗簾+智能馬桶+陽台）:HK$653']"
嘉興佳源四季酒店,9.5,"['雅緻大床房:HK$406', '雅緻雙床房:HK$406', '高級大床房:HK$462', '高級雙床房:HK$462', '豪華大床房:HK$509', '豪華雙床房:HK$509']"
璞意隱居烏鎮精品民宿,9.7,"['一心•笑•A棟:HK$250', '一靜•A棟:HK$282', '一修•A棟:HK$315', '一塵•A棟:HK$315', '一花•葉•木•A棟:HK$391']"
趣蕪蹤·江南賦設計美宿（烏鎮西柵景區店）,9.9,"['素隅·靜謐大床房【零壓好眠+智能馬桶+南向暖陽】:HK$353', '棕眠·安睡大床房【江南觀景+療愈足浴+智能馬桶】:HK$375', '暖棲·舒適雙床房【零壓舒適+江南觀景+智能馬桶】:HK$397', '棲光·温馨雙床房【江南景緻+通透採光+智能馬桶】:HK$419']"
嘉興麥田•雅朵酒店（八佰伴購物中心月河歷史街區店）,9.6,"['躺平治癒大床房【智能客控】【輔熱馬桶】:HK$264', '谷語大床房（語音交互+輔熱馬桶）:HK$301', '沐晨雙床房（語音交互+輔熱馬桶）:HK$301', '跑來跑去超大床房（語音交互+輔熱馬桶）:HK$328']"
花嶼·陌野設計師酒店（烏鎮西柵景區南門店）,9.7,"['鄉舍·投影浴缸房:HK$431', '庭院·院台大床房:HK$482', '小築·吊椅親子房:HK$533', '大野·露台景觀房:HK$561']"
嘉緣瑞庭酒店（烏鎮西柵景區店）,9.6,"['特價大床房:HK$326', '豪華大床房:HK$348', '雅緻雙床房（帶榻榻米）:HK$390', '陽台大床房:HK$392', '豪華雙床房:HK$393']"
嘉興戴夢得開元名都酒店（南湖店）,9.5,"['開元市景雙床房:HK$483', '開元市景大床房:HK$483', '高級市景雙床房:HK$611', '高級市景大床房:HK$611', '高級湖景雙床房:HK$740', '高級湖景大床房:HK$740']"
嘉興平湖亞朵酒店,9.7,"['高級大床房:HK$260', '高級雙床房:HK$286', '行政大床房:HK$313', '幾木大床房:HK$349', '行政雙床房:HK$439']"
漢庭酒店（嘉興秀洲高照店）,9.8,"['大床房:HK$208', '高級雙床房:HK$218', '高級大床房:HK$229', '商務雙床房:HK$248']"
麗芮酒店（海寧銀泰城店）,9.4,"['芮享舒適大床房（深睡床墊+高空景觀）:HK$325', '芮享高級大床房（深睡床墊+高空景觀）:HK$358', '芮享高級雙床房（深睡床墊+高空景觀）:HK$358', '芮享豪華大床房（深睡床墊+高空景觀）:HK$391', '芮享豪華雙床房（深睡床墊+高空景觀）:HK$391']"
花築·西塘德茂堂酒店,9.9,"['良辰美景豪華浴缸房【全屋地暖+觀江南水鄉+全屋凈水軟水+金可兒床墊+全智能紫外線殺菌馬桶+可心柔嬰兒保濕紙】:HK$594', '江南憶河景套房【俯瞰小橋流水+美國濱特爾全屋凈水軟水+金可兒奢享深睡眠床墊+全屋地暖+全智能紫外線殺菌馬桶+可心柔嬰兒保濕紙】:HK$682', '日月星辰親子套房【全屋地暖+美國濱特爾全屋凈水軟水+金可兒奢享深睡眠床墊+抗菌除蟎親膚布草+俯瞰小橋流水】:HK$743', '西韻河景浴缸房【全屋地暖+全屋凈水軟水+金可兒床墊+全智能紫外線殺菌馬桶+可心柔嬰兒保濕紙】:HK$820', '民國記憶豪華套房【觀江南水鄉+美國濱特爾全屋凈水軟水+金可兒奢享深睡眠床墊+全屋地暖+全智能紫外線殺菌馬桶+可心柔嬰兒保濕紙】:HK$980']"
西塘西舍臨河藝術酒店,9.5,"['重逢精緻大床房:HK$557', '餘歡臨河大床投影房:HK$598', '覓知臨河大床投影房:HK$598', '漫夕且聽河畔陽台複式家庭房:HK$835']"
海寧皮革城南關廂亞朵酒店,9.6,"['雅緻大床房:HK$322', '雅緻雙床房:HK$322', '高級大床房:HK$367', '高級雙床房:HK$367', '行政大床房:HK$412']"
全季酒店（嘉興秀湖公園店）,9.8,"['大床房:HK$290', '高級雙床房:HK$290', '高級大床房:HK$321', '商務雙床房:HK$321']"
烏鎮亞朵酒店,9.6,"['星曜雅緻大床房:HK$412', '星曜高級大床房:HK$537', '星曜高級雙床房:HK$592', '星曜大床房:HK$628', '星曜雙床房:HK$681']"
烏鎮墨意淌人文藝術酒店（西柵景區南門店）,9.5,"['閑楫大床房:HK$277', '蠶眠舒適露台房:HK$299', '弄影院景陽台房:HK$317', '枕水雅居浴缸套房:HK$323', '煙橋雙床房:HK$345']"
嘉興清池温泉酒店,9.1,"['雅緻雙床房（無私湯）:HK$500', '高級温泉雙床房（私湯）:HK$664', '高級温泉大床房（私湯）:HK$697', '景觀温泉雙床房（私湯）:HK$729', '景觀温泉大床房（私湯）:HK$762', '豪華温泉大床房（私湯）:HK$882']"
嘉興鴛湖旅社,9.6,"['高級大床房:HK$784', '豪華大床房:HK$860', '豪華雙人間:HK$937', '湖景大床房:HK$1,426', '園景套房:HK$2,091', '湖景套房:HK$2,212']"
全季酒店（嘉興南湖商務大道店）,9.7,"['大床房:HK$272', '雙床房:HK$292', '高級大床房:HK$301', '商務大床房:HK$340']"
烏鎮希爾頓歡朋酒店,9.5,"['舒適大床房:HK$642', '高級雙床房:HK$718', '高級大床房:HK$718', '高級園景大床房:HK$773', '高級園景雙床房:HK$773']"
嘉興沙龍國際賓館（南湖景區店）,9.4,"['高級大床房:HK$330', '高級雙床房:HK$344', '商務雙床房:HK$387', '商務大床房:HK$389', '豪華雙床房:HK$482', '豪華家庭房:HK$535']"
陌上輕雅酒店（烏鎮景區店）,9.4,"['品學·東柵清風大床房:HK$257', '品學.標準雙床房:HK$263', '雅緻·昭明書韻大床房:HK$277', '靜逸·烏篷幽夢大床房:HK$324', '雅緻·茅盾墨香雙床房:HK$324']"
漢庭酒店（嘉興大學南湖店）,9.7,"['大床房:HK$249', '高級雙床房:HK$268', '高級大床房:HK$268', '商務大床房:HK$288']"
嘉興南湖亞朵酒店,9.7,"['高級雙床房:HK$322', '高級大床房:HK$340', '行政雙床房:HK$340', '行政大床房:HK$358', '幾木雙床房-亞朵星球深睡枕pro+冰箱mini吧:HK$475']"
桐鄉濮院雷迪森維嘉酒店,9.7,"['臻選雙床房-全屋智能:HK$347', '臻選大床-全屋智能-落地窗:HK$391', '閨蜜房-全屋智能-落地窗:HK$454', '温馨家庭房-全屋智能:HK$526', '小熊尼奧親子家庭房:HK$578']"
嘉興南湖大道中元開元大酒店,9.5,"['開元市景雙床房:HK$496', '開元市景大床房:HK$496', '雲端景觀雙床房（高層觀景城市小河+夕陽日落）:HK$528', '雲端景觀大床房（高層觀景城市小河+夕陽日落）:HK$528', '雲端園景大床房（高層全景觀河流植物園林）:HK$605']"
全季酒店（烏鎮景區店）,9.7,"['大床房A:HK$290', '高級雙床房:HK$352', '高級大床房:HK$371', '商務大床房:HK$402']"
全季酒店（嘉興杉杉印象廣場店）,9.6,"['大床房:HK$274', '高級雙床房:HK$274', '高級大床房:HK$302', '豪華雙床房:HK$302']"
烏鎮西柵米葭民宿,9.6,"['朝雨高級大床房:HK$413', '如雪高級套房:HK$676', '精緻二室二衞一廳套房:HK$1,073', '振鷺豪華三居三衞一廳大套房:HK$1,752']"
嘉善萬聯廣場亞朵酒店,9.6,"['行政大床房（慢回彈記憶枕+小冰箱）:HK$367', '行政清氧雙床房（慢回彈記憶枕+小冰箱+空氣凈化器）:HK$385', '高級雙床房:HK$403', '高級大床房:HK$412', '幾木清氧大床房（亞朵星球深睡枕PRO+小冰箱+空氣凈化器）:HK$412']"
烏鎮開元名庭大酒店,9.3,"['舒適大床房:HK$337', '開元雙床房:HK$392', '開元大床房:HK$392', '豪華大床房:HK$466', '開元家庭房:HK$556']"
嘉興博雅花園酒店（南湖景區店）,9.3,"['商務雙床房:HK$391', '商務大床房:HK$391', '雅緻雙床房:HK$424', '雅緻大床房:HK$424', '豪華大床房:HK$478', '行政大床房:HK$489']"
全季酒店（嘉興中山路店）,9.4,"['雙床房:HK$281', '大床房:HK$281', '高級大床房:HK$301', '豪華雙床房:HK$321']"
嘉興南湖桔子水晶酒店,9.8,"['高級雙床房（絲漣床墊+藍牙音響）:HK$381', '高級大床房（絲漣床墊+冰箱mini吧+藍牙音響）:HK$482', '豪華雙床房（絲漣床墊+藍牙音響）:HK$502', '豪華大床房（絲漣床墊+冰箱mini吧+藍牙音響）:HK$502', '商務大床房（絲漣床墊+冰箱mini吧+藍牙音響）:HK$562']"
嘉興海鹽開元頤居酒店,9.5,"['頤享高級大床房:HK$373', '頤享高級雙床房:HK$373', '頤享豪華大床房:HK$403', '頤享豪華雙床房:HK$403', '頤享行政大床房:HK$432']"
海寧華邑酒店,9.4,"['高級房:HK$537', '高級房 大床:HK$537', '高級房 雙床:HK$537', '高級房 大床 綠林別墅景觀:HK$568', '高級房 雙床 綠林別墅景觀:HK$568', '豪華房:HK$609']"
烏鎮青壚·野奢度假酒店,9.2,"['隱嶼小套房（智能寬熒幕投屏）:HK$480', '竹林氧吧·庭院大床房A:HK$528', '竹林氧吧·庭院大床房B:HK$528', '野奢.露台星空套房（森林景觀）:HK$601', '寵物友好●雙庭院露台景觀套房:HK$709']"
嘉興萬達廣場萬信至格酒店,9.1,"['舒適大床房:HK$211', '舒適雙床房:HK$211', '豪華大床房:HK$237', '豪華雙床房:HK$237']"
未遠Villa度假民宿（烏鎮西柵景區店）,9.5,"['梧院·清新露台大床房:HK$576', '未遲·投影庭院景觀大床房:HK$625', '未語·投影露台景觀大床房:HK$625', '梧居·院落大床房:HK$697', '梧宿·院落大床房:HK$697']"
西塘原築·藝術度假酒店·觀星露台·空中花園·莫奈之窗·煙雨長廊店,9.8,"['Surprise雅緻大床房｜舒適好眠:HK$285', '原見·精緻大床房｜雙人浴缸+智能馬桶+舒適好眠:HK$330', '原月·雅緻大床房｜浴缸+乾濕分離+舒適好眠:HK$330', '原夕·雅緻大床房｜乳膠床墊+乾濕分離:HK$330']"
烏鎮民宿,9.5,"['民宿1.5米大床房C:HK$765', '民宿標間C:HK$765', '民宿1.5米大床房B:HK$851', '民宿標準間B:HK$852', '民宿1.8大床房C:HK$852']"
西塘光年酒店,9.6,"['風雅大床房:HK$545', '禮記雙床房:HK$545', '禮記大床房:HK$578', '春秋陽台雙床房:HK$612', '春秋庭院雙床房:HK$648']"
嘉興中關村中山西路亞朵X酒店,9.6,"['高級大床房【深睡枕PRO＋深睡床墊】:HK$430', '高級雙床房【深睡枕PRO＋深睡床墊】:HK$430', '行政大床房【深睡枕PRO＋深睡床墊】:HK$466', '尊享雙床房【深睡枕PRO＋深睡床墊】:HK$502', '尊享大床房【深睡枕PRO＋深睡床墊】:HK$502']"
烏鎮水巷驛,9.6,"['水巷驛大床房C:HK$940', '水巷驛大床房B:HK$1,202', '水巷驛標間B:HK$1,202', '水巷驛家庭房B:HK$1,989']"
嘉興奢小曼酒店,9.8,"['高級大床房:HK$521', '高級雙床房:HK$521', '豪華精選大床房:HK$554', '豪華精選雙床房:HK$554', '豪華精選商旅房:HK$593']"
烏鎮昭明書舍,9.7,"['標準間:HK$1,421', '昭明大床房:HK$1,900']"
烏鎮通安客棧,9.6,"['通安民居樓標間:HK$1,115', '通安通寶樓標間B:HK$1,377', '1號樓標間B:HK$1,377', '通安通寶樓大床房B:HK$1,377', '通安通寶樓露台標間:HK$1,463', '通安通寶樓標間A:HK$1,463']"
嘉興福朋喜來登酒店,9.5,"['豪華大床房:HK$508', '豪華雙床房:HK$508', '豪華河景雙床房:HK$572', '豪華河景大床房:HK$572', '行政大床房:HK$763', '行政雙床房:HK$763']"
嘉興希爾頓酒店,9.5,"['豪華大床客房:HK$686', '豪華雙床客房:HK$686', '無障礙房:HK$686', '豪華雲端大床房:HK$813', '豪華雲端雙床房:HK$813', '行政雙床客房:HK$868']"
烏鎮枕水度假酒店,9.4,"['枕水特色大床房B:HK$1,290', '枕水高級標間:HK$1,290', '枕水豪華標間:HK$1,552', '枕水臨水標間:HK$1,552', '枕水大床房:HK$1,552', '枕水特色大床房A:HK$1,552']"
嘉興龍之夢大酒店,9.6,"['高級大床房:HK$405', '豪華商務大床房:HK$422', '豪華商務雙床房:HK$422', '豪華市景大床房:HK$653', '豪華市景雙床房:HK$653', '豪華湖景大床房:HK$692']"
烏鎮望津裏精品酒店,9.6,"['舒適標間:HK$1,133', '高級標間:HK$1,319', '舒適大床房:HK$1,319', '高級大床房:HK$1,440', '豪華標間:HK$1,440', '豪華大床房:HK$1,561']"
嘉興八佰伴大洋洲假日酒店,9.6,"['商務標準房（品質床墊+助眠加濕）:HK$348', '商務大床房（品質床墊+助眠加濕）:HK$348', '商務家庭房（超大空間-親子好物）:HK$380', '商務套房（泡泡浴缸+禾城美景）:HK$643']"
嘉興蘆蓆滙開元觀堂酒店,9.5,"['觀堂大床房:HK$697', '觀堂雙床房:HK$697', '雅居雙床房:HK$806', '逸居大床房:HK$916', '逸居雙床房:HK$916', '悦景庭院雙床房:HK$1,025']"
烏鎮梵谷酒店（西柵景區店）,9.4,"['迷你大床房:HK$233', '影音大床房:HK$274', '標準房:HK$274', '豪華大床房:HK$300']"
嘉善雲瀾灣泓璟四季酒店,9.4,"['豪華景觀大床房:HK$1,082', '豪華景觀雙床房:HK$1,082', '行政温泉大床房:HK$1,322', '行政温泉雙床房:HK$1,322', '家庭温泉雙床房:HK$1,442', '豪華親子A大床房:HK$1,563']"
Yolo·青沐酒店（桐鄉烏鎮西柵景區店）,9.1,"['Hygge·青衫大床房丨水墨畫設計丨獨立衣物區丨好眠零壓床墊丨採光通透:HK$221', 'Euphoria·墨染雙床房 丨中古風設計丨採光通透丨零壓熟睡床墊丨記憶枕:HK$229', 'Purely·松雅大床房丨帶茶台休息區丨深睡好眠丨江南水鄉之情:HK$233', 'Coisini·望舒大床房丨水岸浴缸丨原木國風設計丨乾濕分離丨棉柔床品:HK$236']"
烏鎮盛庭行館,9.7,"['盛庭高級大床房:HK$1,273', '盛庭豪華套房:HK$1,672', '盛庭豪華別墅:HK$7,802']"
烏鎮見吾鄉·譚家棲巷自然人文村落（烏鎮西柵景區店）,9.6,"['譚家棲巷特惠房:HK$890', '沈家村居·典雅大床房:HK$1,074', '程家村居·舒適雙床房:HK$1,074', '沈家巷宿·景緻大床房:HK$1,292', '程家巷宿·家庭親子房:HK$1,292', '黃家後園·露台大床房:HK$1,509']"
烏鎮那茉酒店（西柵景區店）,9.1,"['輕奢大床房:HK$212', '輕奢雙床房:HK$255', '浴缸小套房:HK$293', '輕奢陽台房:HK$332', '親子小套房:HK$387']"
西塘承尚世家酒店,9.2,"['精品大床房:HK$400', '精品雙床房:HK$421', '園景雙床房:HK$480', '園景大床房:HK$532', '花園大床房:HK$547']"
嘉善雲瀾灣温泉酒店,9.1,"['高級親子大床房:HK$673', '高級親子雙床房:HK$673', '豪華温泉雙床房:HK$709', '豪華親子大床房:HK$745', '豪華親子雙床房:HK$745', '小黃鴨豪華親子套房（室內泡池）:HK$745']"
旺源酒店（嘉興南湖月河古街店）,9.6,"['特惠大床房:HK$216', '豪華大床房:HK$239', '特惠標準間:HK$239', '商務標間:HK$261']"
