酒店名称,评分,房型价格列表
大慶希爾頓歡朋酒店,9.5,"['舒適大床房:HK$403', '高級雙床房:HK$403', '高級大床房:HK$441', '豪華大床房:HK$499', '豪華雙床房:HK$499']"
大慶百湖城市酒店（聯想科技城石油大學店）,9.4,"['醇享輕奢大床房（慕思床墊+全屋智能客控+高空城景）:HK$282', '特價大床房（慕思床墊+高空城景）:HK$283', '醇享輕奢雙床房（慕思床墊+全屋智能客控+高空城景）:HK$294', '醇享超大床（慕思床墊+全屋智能客控+高空城景）:HK$294']"
大慶寶利豐國際商務酒店,8.9,"['商務雙床房（德國朗樂福床墊·80織床品·智能客控）:HK$268', '商務大床（德國朗樂福床墊·80織床品·智能客控）:HK$290', '豪華大床房（德國朗樂福床墊·80織床品·智能客控）:HK$310', '商務套房（德國朗樂福床墊·80織床品·智能客控）:HK$371', '豪華套房（德國朗樂福床墊·80織床品·智能客控）:HK$488']"
大慶東方金宸酒店,9.4,"['慕思標準雙床房·零壓記憶枕:HK$315', '慕思標準大床房·智能馬桶:HK$315', '禪意雙床房:HK$337', '禪意大床房:HK$337', '慕思豪華大床房·尊享浴缸:HK$392']"
臻圖蘭舍酒店（聯想科技城八一農墾大學店）,9.5,"['靜雅大床房【智能客控+零壓床墊+辦公桌椅】:HK$256', '靜雅雙床房【智能客控+零壓床墊+辦公桌椅】:HK$256', '輕奢大床房【智能客控+零壓床墊+辦公桌椅】:HK$298', '輕奢家庭雙床房【智能客控+零壓床墊+辦公桌椅】:HK$298']"
橙居智慧酒店（讓胡路萬達廣場師範學院店）,9.4,"['橙享-優享大床房（零壓床墊-智能客控-智能馬桶-冰箱）:HK$250', '橙享-優享雙床房（零壓床墊-智能客控-智能馬桶-冰箱）:HK$258']"
大慶華溪酒店,9.6,"['舒適大床房:HK$252', '舒適雙床房:HK$273', '華享大床房:HK$306', '華享雙床房:HK$329']"
繽紛智選酒店（大慶油田公司鐵人廣場店）,9.4,"['青陽·大床房:HK$191', '夏清·高級大床房:HK$207', '朱明·雙床房:HK$207', '繽紛·舒壓大床房:HK$229']"
大慶龍辰華宿·雲泊酒店（東站店）,9.3,"['雲悦·優享大床房（零壓床墊+記憶棉枕+智能客控）:HK$283', '雲悦·優享雙床房（零壓床墊+記憶棉枕+智能客控）:HK$294', '雲舒·輕奢大床房（零壓床墊+記憶棉枕+智能客控）:HK$305', '雲闕·輕漾大床房（零壓床墊+記憶棉枕+智能客控）:HK$327', '雲享·雅緻大床房（記憶棉枕+戴森吹風機+尊享浴缸）:HK$359']"
大慶卡迪雅酒店,9.2,"['靜謐大床房:HK$260', '尊享標準房:HK$260', '雅萱標準房:HK$401', '尊享大床房:HK$401', '尊享親子房:HK$426']"
大慶泰可商務賓館（讓胡路鐵人廣場店）,9.5,"['泰可丨特價大床房（無窗+瓶裝水）:HK$72', '泰可丨特惠大床房（無窗 + 瓶裝水）:HK$82', '泰可丨特惠雙床房（無窗 + 瓶裝水）:HK$82', '泰可丨優選雙床房（瓶裝水 + 獨立wifi）:HK$116']"
大慶梵星·傑雅酒店（薩爾圖萬達廣場店）,9.7,"['標準雙床房「慕思床墊·全屋智能·徠芬電吹風·速熱飲水機」:HK$326', '標準大床房「慕思床墊·全屋智能·零壓記憶枕·Mini小冰箱」:HK$338', '商務大床房「慕思床墊·全屋智能·可視對講·靜音加濕器」:HK$381', '豪華大床房「慕思床墊·全屋智能·深泡浴缸·智能馬桶」:HK$446']"
漢庭酒店（大慶東站人民醫院南院店）,10.0,"['大床房:HK$255', '高級雙床房:HK$255', '高級大床房:HK$274', '家庭房:HK$283']"
大慶富力喜來登酒店,9.1,"['豪華雙床房:HK$762', '豪華大床房:HK$762', '尊貴豪華雙床房:HK$783', '尊貴豪華大床房:HK$783', '行政雙床房:HK$979', '行政大床房:HK$979']"
大慶棲雅酒店（薩爾圖黎明湖店）,9.8,"['惠享大床房［零壓床墊＋全屋智能＋軟飲］:HK$244', '智享大床房［全屋智能＋mini冰箱＋記憶枕］:HK$288', '奢享大床房［智能客控＋零壓床墊＋辦公桌］:HK$311', '尊享觀湖大床房［觀湖景觀＋全屋智能＋浴衣］:HK$331']"
宜必思酒店（大慶昊方店）,8.7,"['大床房:HK$218', '高級大床房:HK$239', '高級雙床房:HK$239', '豪華大床房:HK$278']"
漢庭酒店（大慶東站客運樞紐店）,9.5,"['高級大床房:HK$252', '雙床房:HK$252', '家庭房:HK$280', '套房:HK$298']"
大慶瓏達酒店（黎明湖店）,9.7,"['悦居大床房:HK$358', '悦居雙床房:HK$358', '悦享豪華大床房:HK$457', '悦居親子房:HK$489', '悦享陽光套房:HK$648']"
大慶谷愛精品酒店（大慶西站景園公園店）,9.0,"['雅緻大床房（零壓床墊+智能客控+小度音響）:HK$246', '優享大床房（零壓床墊+智能客控+小度音響）:HK$260', '豪華大床房（零壓床墊+智能客控+小度音響）:HK$334', '自然雙床房（零壓床墊+智能客控+小度音響）:HK$344']"
7天優品酒店Premium（大慶市政府萬達廣場店）,9.3,"['優品大床房:HK$195', '優品雙床房:HK$204', '優享大床房:HK$231', '優享雙床房:HK$249']"
漢庭酒店（大慶新村大學店）,9.8,"['高級大床房:HK$255', '雙床房:HK$264', '家庭房:HK$293']"
大慶市大同區璟曼酒店,9.5,"['璟韻大床房【喜臨門床墊+全屋智能+米家加濕器+徠芬電吹風】:HK$252', '璟韻雙床房【喜臨門床墊+全屋智能+全屋凈水+米家加濕器】:HK$252', '璟韻親子房【喜臨門床墊+全屋智能+鴨絨被/枕+徠芬電吹風】:HK$348', '璟韻精選大床房【喜臨門床墊++全屋凈水+徠芬電吹風】:HK$348', '璟呈豪華套房【喜臨門床墊+客卧分離+米家加濕器+mini小冰箱】:HK$470']"
大慶御楓酒店（薩爾圖黎明湖店）,9.7,"['御享·舒壓寧靜大床房:HK$334', '御享·舒壓寧靜雙床房:HK$360', '御奢·甄選浴缸大床房:HK$403', '御致·鉑亞浴缸大床房:HK$447', '御鉑·超享空間大床房:HK$491']"
漢庭酒店（大慶萬達鐵人廣場店）,9.6,"['大床房:HK$311', '高級大床房:HK$322', '雙床房:HK$381', '家庭房:HK$419']"
大慶勃格酒店（新瑪特店）,9.6,"['靜祕|大床房『舒睡床墊+迷你冰箱』:HK$110', '優選|大床房『舒睡床墊+迷你冰箱』:HK$129', '清新|巨幕影音房『舒睡床墊+迷你冰箱』:HK$141', '優選|精緻大床房『舒睡床墊+迷你冰箱』:HK$148']"
元氣錦坤商務賓館（大慶眼科醫院店）,9.2,"['精品大床房（乳膠床墊+羽絲絨枕）:HK$187', '商務標間（乳膠床墊+羽絲絨枕）:HK$187', '觀影大床房（高清巨幕投影+零壓床墊+蕎麥枕+羽絲絨枕）:HK$199', '豪華觀影大床房（高清巨幕投影+零壓床墊+蕎麥枕+羽絲絨枕）:HK$214']"
歐麗智能酒店（大慶萬達廣場店）,9.5,"['輕奢大床房（超清投影120寸+獨立音響+智能燈+遮光窗簾+智能門鎖+騰訊VIP）:HK$169', '魔法屋IHC·高級大床房（智能客控+極米超清120寸+智能遮光窗簾+乳膠床墊+乳膠枕+VIP）:HK$176', '雲之尚·影音大床房【全屋智能】4K投影120寸+斯林柏蘭乳膠床墊+智能空調+智能三色燈+智能遮光窗簾+VIP:HK$202', '天使之翼·温馨大床房【全屋智能】4K投影120寸+智能空調+頂配智能馬桶+智能花灑+智能穿衣鏡+遮光窗簾+VIP:HK$235']"
非繁城品酒店（大慶西站萬達廣場店）,9.5,"['特價大床房:HK$206', '温馨大床房:HK$231', '非繁高級大床房:HK$262', '非繁高級雙床房:HK$295']"
全季酒店（大慶油田公司鐵人廣場店）,10.0,"['高級大床房:HK$357', '商務大床房:HK$386', '套房:HK$2,081']"
大慶摩碼賓館（黑龍江八一農墾大學店）,8.7,"['摩碼 | 高級大床房【舒適床墊+自然採光】:HK$180', '摩碼 | 高級雙床房【舒適床墊+自然採光】:HK$191', '摩碼 | 豪華大床房【獨立光纖+舒適沙發】:HK$222', '摩碼 | 行政套房【辦公桌椅+舒適沙發】:HK$760']"
全季酒店（大慶西站萬達廣場店）,9.6,"['高級大床房:HK$552', '商務大床房:HK$572', '高級雙床房:HK$582', '景觀大床房:HK$1,440']"
全季酒店（大慶東站人民醫院南院店）,9.9,"['高級大床房:HK$378', '高級雙床房:HK$378', '豪華雙床房:HK$398', '家庭房:HK$419']"
麗楓酒店（大慶經六街店）,9.6,"['純凈自然雙床房:HK$306', '標準大床房:HK$313', '雅緻大床房:HK$347', '自在大床房:HK$374']"
北國銀杉酒店（大慶東站人民醫院店）,7.5,"['北國特價房:HK$288', '慕思深睡-北國標準房:HK$313', '慕思深睡特大床房:HK$333', '北國休閑房:HK$336', '電競大床房:HK$336']"
大慶泰9智慧酒店,9.3,"['精選特惠房:HK$218', '高級大床房:HK$240', '商務雙床房:HK$311', '商務大床房:HK$316']"
大慶昊方諾富特酒店,8.9,"['普通套房:HK$463', '行政大床房:HK$550', '家庭房:HK$632', '致雅套房:HK$1,302', '豪華套房:HK$1,310']"
泰9酒店（大慶水晶店）,8.7,['套房:HK$295']
大慶青年酒店,9.5,"['舒適大床房:HK$210', '舒適雙床房:HK$210', '精品三人間:HK$270', '雅緻套房:HK$366']"
愛麗斯酒店（大慶新瑪特店）,8.8,"['枕悦私密大床房（全屋智能）:HK$203', '枕悦圓床房（全屋智能）:HK$222', '特惠雙床房:HK$222', '枕悦大床房X（全屋智能）:HK$278']"
大慶極境電競酒店,9.1,"['普通電競標間（無窗）:HK$227', '電競標準間:HK$249', '温馨電競大床房[兩台電腦]:HK$249', '商務電競大床房[含兩台電腦]:HK$260']"
大慶東方銘悦商務大酒店,9.3,"['智能精選大床房:HK$347', '智能商務大床房:HK$359', '智能豪華雙床房:HK$385', '智能豪華大床房:HK$385']"
大慶季楓酒店（濱洲湖店）,9.2,"['雅緻丨湖景大床房（智能小度客控）:HK$374', '雅緻丨湖景雙床房（智能小度客控）:HK$374', '輕奢丨湖景大床房（智能小度客控）:HK$400', '輕奢丨湖景雙床房（智能小度客控）:HK$400']"
大慶薇閣賓館（大慶東站店）,9.8,"['標準雙床房:HK$238', '浪漫影音房:HK$238', '零壓好眠大床房:HK$238', '標準娛樂套房:HK$267']"
勃格優美酒店（大慶聯想科技城店）,9.7,"['優悦|精緻大床房『智能客控+65寸巨幕投屏』:HK$258', '優雅|豪華大床房『智能客控+65寸巨幕投屏』:HK$305', '優美|尊享大床房『智能客控+65寸巨幕投屏』:HK$332', '優美|尊享標準間『智能客控+65寸巨幕投屏』:HK$332']"
大慶吉祥凱悅商務酒店（大慶東站人民醫院店）,9.1,"['凱悦-特惠雙床房（零壓床墊-mini冰箱-獨享商務）:HK$250', '凱悦-精選雙床房（零壓床墊-mini冰箱-獨享商務）:HK$271', '凱悦-至選大床房（零壓床墊-mini冰箱-獨享商務）:HK$313', '凱悦-臻選一卧套房（零壓床墊-mini冰箱-獨享商務）:HK$699']"
大慶華宿雲上精品酒店（大商新瑪特店）,9.2,"['雲上·優享大床房（全屋智能客控+全自動洗衣機）:HK$277', '雲舍·輕奢雙床房（全屋智能客控+全自動洗衣機）:HK$277', '雲漫·輕奢大床房（全屋智能客控+全自動洗衣機+超大浴缸）:HK$464', '雲音·隱雅緻大床房（全屋智能客控+全自動洗衣機+超大浴缸）:HK$520', '雲享·尊享套房（全屋智能客控+超大浴缸）:HK$576']"
北舍民宿（大慶眼科醫院店）,9.7,"['精品大床房（冰箱+洗衣機+水+一次性拖鞋+一次性浴帽+護理包+卸粧水+身體乳+護髮素+有趣書籍）:HK$232', '奢華大床房2（冰箱+洗衣機+水+一次性拖鞋+一次性浴帽+護理包+卸粧水+身體乳+有趣書籍）:HK$234', '投影大床房B（冰箱+水+一次性拖鞋+卸粧水.身體乳+護髮素）:HK$252', '投影大床房C（冰箱+水+一次性拖鞋+一次性浴帽+護理包+卸粧水+身體乳+護髮素）:HK$252']"
大慶御楓酒店（香港街萬達廣場店）,9.8,"['御思·温馨城景大床房「零壓床墊+智能客控+小冰箱」:HK$404', '御享·舒壓寧靜大床房「温潤加濕器+小冰箱+戴森吹風機」:HK$458', '御奢·舒壓寧靜雙床房「零壓床墊+趣味書吧+網紅浴缸」:HK$470', '御奢·甄選浴缸大床房「零壓床墊+網紅浴缸+戴森吹風機」:HK$536', '御致·超級空間大床房「網紅浴缸+步入衣帽間+私享茶台」:HK$579']"
安嘉酒店（新東風購物廣場立光康復醫院店）,8.7,"['特價影音大床房（公區洗衣機+私享投影+乾濕分離）:HK$96', '浪漫影視房（私享觀影+安靜舒適+休閑椅+公區洗衣機）:HK$162', '輕奢大床房（大空間+舒適睡眠+明亮大窗+乾濕分離）:HK$205', '豪華家庭房（雙床+超大空間+公區洗衣機+休閑椅）:HK$271']"
大慶洲際智能公寓（讓胡路萬達店）,9.7,"['尊尚投影大床房（全屋智能客控+小米投影）:HK$271', '優悦豪華大床房（全屋智能客控+小米投影）:HK$271', '至尊豪華投影大床房（全屋智能客控+小米投影）:HK$289', '智慧中式大床房（全屋智能客控+小米投影）:HK$304']"
萬達春天商務酒店（大慶薩爾圖萬達廣場店）,9.3,"['商務大床房:HK$228', '商務雙床房·智能馬桶:HK$266', '豪華大床房·智能馬桶:HK$278', '家庭房·智能馬桶:HK$315']"
漢庭酒店（大慶薩爾圖萬達廣場店）,9.6,"['高級大床房A:HK$274', '雙床房:HK$274', '高級大床房:HK$293', '家庭房:HK$293']"
智能萬千寵愛民宿（讓胡路萬達店）,9.0,"['小確幸大床房:HK$167', '微醺商務大床房:HK$167', '月意輕奢大床房:HK$167', '唯美大床房:HK$185']"
大慶興榮商務酒店,9.6,"['特價房:HK$107', '普通大床房:HK$195', '普通標準間:HK$195', '商務大床房:HK$216']"
5120商旅休閑賓館（讓胡路萬達店）,8.9,"['標準大床房:HK$138', '標準間:HK$147', '商務大床房:HK$195', '精品親子套房:HK$318']"
大慶GAGA時代精品酒店,8.3,"['精品大床房:HK$282', '精品標準間:HK$315', '豪華大床房:HK$337', '精品家庭房:HK$358']"
大慶華西精品賓館,9.0,"['特價房:HK$108', '精品標準B:HK$163', '精品商務舒適B:HK$163', '精品標準間B:HK$174']"
漢庭酒店（大慶新瑪特乘風大街店）,9.5,"['高級大床房:HK$305', '雙床房:HK$305', '商務大床房:HK$354', '家庭房:HK$394']"
慕芊輕奢民宿,9.8,"['豪華輕奢大床房[巨幕投影]:HK$162', '商務大床房【巨幕投影】:HK$190']"
百度精品酒店（大慶乘風新瑪特店）,9.2,"['玫瑰房:HK$90', '温馨影音大床房:HK$140', '家庭房:HK$162', '精品智能標準間（智能客控）:HK$221']"
