酒店名称,评分,房型价格列表
明月山禪茶温泉酒店,9.1,"['高級大床房:HK$174', '私湯温泉雙床房（富硒温泉+深泡浴池+乾濕分離）:HK$206', '私湯温泉大床房（富硒温泉+深泡浴池+乾濕分離）:HK$206', '泡池觀景大床房（富硒温泉+圓形泡池+乾濕分離）:HK$239']"
宜春山水居温泉假日酒店（温湯明月千古情店）,9.1,"['高級私湯雙床房【温泉泡池+智能語音系統+智能馬桶+高檔床墊】:HK$283', '高級私湯大床房【温泉泡池+智能語音系統+智能馬桶+高檔床墊】:HK$283', '高級湯池雙床房【温泉泡池+智能語音系統+智能馬桶+高檔床墊】:HK$331', '高級湯池大床房【温泉泡池+智能語音系統+智能馬桶+高檔床墊】:HK$331', '高級湯池歡聚雙床房【温泉泡池+智能語音系統+智能馬桶+高檔床墊】:HK$448']"
宜春明月山維景國際温泉度假酒店,9.2,"['二號樓公寓雙床房:HK$339', '二號樓公寓大床房:HK$479', '主樓特價小窗雙床房（無浴缸）:HK$523', '主樓高級雙床房:HK$545', '主樓行政雙床房:HK$634', '主樓河景雙床房:HK$654']"
明月驛站度假酒店,9.4,"['棲遲大床房（直飲富硒泉水）:HK$294', '山居-靜享雙床房（可直飲富硒泉水）:HK$425', '雲棲山居大床房（直飲富硒泉水）:HK$425', '創享童年親子房（親子帳篷+親子玩具）:HK$480', '雲軒閣棋牌大床房:HK$480']"
麗楓酒店（宜春經開區店）,9.8,"['雅緻大床房（新風空氣凈化+智能家居）:HK$276', '豪華大床房（慕斯零壓好眠）:HK$301', '純凈大床房（彌散空氣凈化+慕斯零壓好眠）:HK$317', '豪華雙床房（慕斯零壓好眠）:HK$319']"
宜春硒湯温泉度假酒店（温湯古井泉街店）,8.7,"['高級雙床房（富硒温泉+浴缸+愜意庭院）:HK$185', '私湯温泉雙床房（富硒温泉+室內浴缸+愜意庭院）:HK$199', '私 湯温泉大床房（富硒温泉+室內浴缸+愜意庭院）:HK$199', '景觀温泉雙床房（富硒温泉+室內浴缸+陽台）:HK$210']"
明月山書意温泉酒店,9.0,"['私湯温泉雙床房:HK$206', '河景私湯温泉大床房（富硒温泉+深泡浴缸+乾濕分區）:HK$206', '河景私湯温泉大床房loft（富硒温泉+會客廳+深泡浴缸）:HK$240', '私湯温泉親子房loft（富硒温泉+深泡浴缸+親子主題）:HK$272']"
江西礦療温泉酒店,8.8,"['五號樓舒適大床房:HK$336', '四、五號樓舒適雙床房:HK$336', '山水樓園景雙床房:HK$391', '山水樓園景大床房:HK$391']"
維也納酒店（宜春行政中心店）,9.5,"['高級大床房:HK$198', '高級雙床房:HK$198', '豪華大床房:HK$230', '豪華雙床房:HK$230']"
錦安明月酒店（宜春高鐵站萬達店）,9.8,"['甄選江景大床房[全屋智能+喜臨門床+萊芬吹風機]:HK$261', '輕奢智能大床房[全屋智能+喜臨門床+萊芬吹風機]:HK$269', '輕奢智能雙床房[全屋智能+喜臨門床+萊芬吹風機]:HK$269', '雅緻江景大床房[全屋智能+喜臨門床+萊芬吹風機]:HK$269']"
麗楓酒店（宜春明月之都店）,9.5,"['雅緻大床房:HK$294', '豪華大床房:HK$324', '豪華雙床房:HK$324', '行政大床房:HK$342', '純凈大床房:HK$358']"
宜春紅林大酒店,9.2,"['暢享雙床房:HK$330', '暢享大床房:HK$330', '親子房:HK$546', '舒適套房:HK$666', '豪華套房:HK$819']"
宜春得泉温泉酒店,9.7,"['温泉街景大床房:HK$466', '温泉街景雙床房:HK$467', '温泉無煙雙床房:HK$488', '温泉複式大床房:HK$530']"
城市便捷酒店（宜春經開區店）,9.2,"['智能標準大床房:HK$152', '智能高級大床房:HK$167', '智能高級雙床房:HK$167', '智能豪華大床房:HK$183']"
培訓中心酒店（宜春方特幼專店）,9.5,"['特惠單間:HK$233', '豪華大床房:HK$275', '豪華親子房:HK$275', '豪華標間:HK$297']"
宜春棲韻溫泉度假酒店（溫湯店）,9.4,"['高級大床房【浴缸+富硒温泉】:HK$219', '豪華大床房【富硒温泉】:HK$245', '高級標準間【浴缸+富硒温泉】:HK$297', '庭院雙園景標準間【浴缸+富硒温泉】:HK$329', '庭院雙園景陽光房【浴缸+富硒温泉+户外陽台】:HK$371']"
宜春嫦娥宮民宿（溫湯明月千古情景區店）,9.2,"['原古風 | 普通大床房【帶木桶智能馬桶】:HK$237', '宋式風 | 普通雙床房【帶浴缸智能馬桶】:HK$237', '原古風 | 網紅大床房【帶長形浴缸】:HK$295', '原古風 | 網紅雙床房【帶大浴缸】:HK$322']"
江湖温泉酒店（宜春温湯鎮店）,8.8,"['副樓-特價大床房【温泉入户+斜躺長浴缸+温馨雅居】:HK$176', '副樓-簡約雙床房【温泉入户+室內浴缸+獨享大空間】:HK$199', '副樓-蓮花泡池大床房【温泉入户+室內泡池+秀麗河景】:HK$242', '主樓-雅緻庭院雙床房【温泉入户+私享廚房+愜意庭院】:HK$242']"
維也納酒店（宜春高鐵站萬達店）,9.6,"['標準大床房:HK$225', '豪華大床房:HK$246', '豪華雙床房:HK$272', '商務雅緻大床房:HK$294']"
明月山温湯大酒店,8.9,"['樂享精英房:HK$282', '標準雙床房:HK$337', '標準大床房:HK$391', '主題大床房:HK$391', '紅木大床房:HK$500']"
布尼頓酒店（宜春高鐵站店）,9.8,"['優選城景大床房【全屋智能+舒達床墊+徠芬吹風機】:HK$262', '臻選城景大床房【全屋智能+舒達床墊+徠芬吹風機】:HK$284', '臻選城景雙床房【全屋智能+舒達床墊+徠芬吹風機】:HK$284', '豪華城景浴缸房【全屋智能+舒達床墊+徠芬吹風機】:HK$339']"
宜春迎賓館,9.3,"['高級園景大床房:HK$392', '高級園景雙床房:HK$392', '高級湖景雙床房:HK$423', '高級湖景大床房:HK$423', '熊貓主題園景單間:HK$473']"
宜春明月山假日度假酒店,9.3,"['高級大床房:HK$440', '高級雙床房:HK$440', '高級房:HK$440', '高級超大床私人温泉房:HK$571', '豪華超大床私人温泉房:HK$691']"
東鵬酒店（宜春秀江東路狀元洲店）,9.5,"['舒適大床房（靜謐空間+配置辦公區+冷藏小冰箱+電視可投屏）:HK$176', '舒適雙床房（深度好眠+配置辦公區+電視可投屏）:HK$188', '江景大床房（獨立會客區+辦公桌+陽光滿屋+冷藏冰箱+電視可投屏）:HK$191', '江景雙床房（陽光滿屋+獨立會客區+辦公桌+舒適沙發+冷藏冰箱）:HK$241', '智慧雙床房（全屋智能+電視可投屏+辦公區+舒適沙發+冷藏冰箱）:HK$248']"
宜春温湯雨後温泉民宿,9.9,"['五滴（榻榻米温泉雙床房）:HK$1,052', '九滴（榻榻米温泉雙床房）:HK$1,092', '六滴（露台温泉大床房）:HK$1,448', '七滴（露台温泉大床房）:HK$1,448', '六縷（露台温泉雙床房）:HK$1,448']"
宜春依澤明月温泉度假酒店,7.7,"['豪華雙床房:HK$380', '豪華大床房:HK$380', '家庭親子房:HK$489', '豪華三人房:HK$489']"
天沐·江西明月山温泉度假村,8.9,"['明月閣複式雙床房:HK$279', '明月閣複式大床房:HK$387', '天沐閣高級湖景雙床房:HK$430', '天沐閣豪華湖景雙床房【舒脊乳膠床墊】:HK$570', '天沐閣高級湖景麻將房:HK$624']"
宜春硒泉賓館,9.0,"['靜謐園景雙床房:HK$215', '硒泉精品大床房:HK$215', '硒泉街景雙床房:HK$221', '硒泉豪華麻將套房:HK$330']"
楠棲藝術酒店（宜春高鐵站人民政府店）,9.3,"['棲尚丨全景180度雙床房「甄品家居丨寫字枱」:HK$138', '幾木丨酣睡景觀大床房「甄品家居」:HK$144', '棲雅丨城景180度雙床房「寫字枱丨甄品家居」:HK$166', '棲雅丨城景180度大床房「智能客控丨寫字枱丨甄品家居」:HK$173']"
維也納酒店（温湯明月山大道店）,9.0,"['高級大床房（全屋智能）:HK$226', '豪華雙床房（全屋智能）:HK$260', '豪華大床房（全屋智能）:HK$260', '行政雙床房（全屋智能）:HK$282']"
DUDDEN杜登酒店（宜春行政中心高鐵站店）,9.4,"['舒適雙床房:HK$405', '舒適大床房:HK$405', '城景大床房:HK$441', '城景雙床房:HK$441', '江景大床房:HK$463']"
維也納酒店（宜春經開區店）,9.5,"['豪華大床房:HK$230', '豪華雙床房:HK$230', '健康大床房:HK$252', '健康雙床房:HK$252']"
麗楓酒店（宜春高鐵站袁州區行政中心店）,9.8,"['雅緻大床房（慕思床墊➕藍牙音響➕空氣凈化器）:HK$273', '豪華大床房（慕思床墊➕藍牙音響➕空氣凈化器）:HK$290', '豪華雙床房（慕思床墊➕藍牙音響➕空氣凈化器）:HK$300', '商務大床房（慕思床墊➕藍牙音響➕空氣凈化器）:HK$300']"
温湯鎮軍地人生精品客棧,9.9,"['二號別墅102大床房:HK$511', '二號別墅105大床房:HK$511', '一號別墅202雙床房:HK$557', '二號別墅103大床房:HK$650']"
龍灣溫泉酒店（宜春溫湯店）,9.0,"['精選優享大床房:HK$250', '精選優享雙床房:HK$250', '雅居浴缸雙床房「超清投影+智能客控」:HK$298', '雅居浴缸大床房「超清投影+智能客控」:HK$312']"
華爾街酒店（宜春鼓樓步行街潤達國際店）,9.6,"['暢享觀影I巨幕城景大床房【全屋智能&負離子高速吹風機&零壓舒睡床品&超大空間&採光明亮】:HK$175', '暢享觀影I巨幕城景雙床房【全屋智能&負離子高速吹風機&零壓舒睡床品&超大空間&採光好】:HK$182', '暢享旅途I舒適大床房【全屋智能&負離子高速吹風機&零壓舒睡床品&超大空間&採光明亮】:HK$195', '暢享旅途I舒適雙床房【全屋智能&負離子高速吹風機&零壓舒睡床品&超大空間&採光明亮】:HK$206']"
宜春泉月山莊度假酒店,8.3,"['豪華温泉陽台雙床房（富硒温泉+獨立陽台+瓶裝水+健身房+唱歌機+公用洗衣機+茶室+部分山景+各類棋具球類）:HK$333', '豪華温泉陽台大床房（富硒温泉+獨立陽台+瓶裝水+健身房+唱歌機+公用洗衣機+茶室+部分山景+各類棋具球類）:HK$391', '豪華温泉棋牌雙床套間（麻將+富硒温泉+瓶裝水+健身房+唱歌機+公用洗衣機+茶室+部分山景+各類棋具球類）:HK$588', '豪華温泉親子三床套房（兩室兩衞+富硒温泉+部分獨立陽台+瓶裝水+健身房+唱歌機+茶室+部分山景+各類棋具球類）:HK$871', '行政套房:HK$2,400']"
柏納酒店（宜春萬達高鐵站店）,9.4,"['臻享雙床房（高空美景+大視野）:HK$217', '臻享大床房（高層美景+大視野）:HK$217', '陽光城景大床房（街區城景+大視野）:HK$238', '陽光山景雙床房（絕美山景+大視野）:HK$250']"
宜春舊雨新知輕奢民宿（明月山温泉度假村店）,9.6,"['榻榻米間:HK$764', '庭院景觀大床房:HK$1,178', '古典小院標準間:HK$1,200', '小院親子大床房:HK$1,201', '庭院景觀雙床房:HK$1,500']"
麗風酒店（宜春鼓樓步行街店）,8.7,"['豪華大床房:HK$219', '豪華雙床房:HK$219', '雅緻大床房:HK$245', '私人影院房:HK$269']"
桔子酒店（宜春站袁州區行政中心店）,9.7,"['加州陽光高級大床房（電視投屏）:HK$408', '加州陽光雙床房:HK$408', '加州陽光豪華大床房:HK$438', '加州陽光觀景雙床房:HK$438']"
喜悦藝術酒店（宜春融薈城購物中心店）,9.4,"['舒眠|悦選S大床房（休閑辦公桌椅）:HK$166', '假日丨樂享棋牌大床房:HK$300', '寬居|鉑奢雅緻雙卧套房（觀景飄窗）:HK$317']"
柏美酒店（袁州古城店）,8.9,"['F榻榻米大床房[温馨小屋現代輕奢丨深度好眠丨遮光窗簾:HK$116', 'Cool城景大床房[網絡電視丨現代輕奢丨品牌床墊丨智能客控]:HK$126', 'Fum享趣影音大床房[巨幕投影丨沉浸視聽丨智能客控]:HK$156', 'Scener靜謐雙床房[靜享閑暇丨寬敞明亮丨採光通透丨智能客控]:HK$156']"
東鵬酒店（宜春國際商貿城店）,9.4,"['悦景舒適大床房【北湖風光+辦公區域+辦公桌椅+休閑躺椅+電視可投屏】:HK$231', '悦靜舒適雙床房【辦公區域+辦公桌椅+休閑躺椅+電視可投屏】:HK$237', '雅緻高級雙床房【辦公區域+辦公桌椅+休閑躺椅+落地窗+電視可投屏+地毯】:HK$258', '茗香雅緻大床房【俯瞰北湖風光+大板茶桌+茶具+落地窗+電視可投屏】:HK$279']"
全季酒店（宜春站袁州區行政中心店）,9.7,"['大床房:HK$318', '高級雙床房:HK$329', '高級大床房:HK$338', '商務大床房:HK$359']"
曼居酒店（宜春經濟開發區店）,9.2,"['樂活主題房:HK$253', '曼選雙床房:HK$273', '曼享大床房:HK$295', '樂活零壓房:HK$295', '曼居大床房:HK$303']"
四季瑞祥客棧,9.9,"['標準大床房:HK$107', '豪華雙床房:HK$116', '商務套房:HK$148', '三人間:HK$160']"
宜春明月山書香閑居民宿,9.1,"['閑居|雅緻大床房:HK$298', '閑居|雅緻雙床房:HK$312', '閑居|沐野雙床房:HK$355', '閑居|望野大床房（窗台賞景+懶人躺椅）:HK$399']"
悦空中酒店（宜春潤達國際店）,9.3,"['榻榻米大床房:HK$226', '和悦雙床房（天貓精靈）:HK$238', '空中瑰麗大床房（智能馬桶）:HK$249', '豪華影視大床房（百寸巨幕+影視VIP）:HK$261']"
宜春華凱酒店,8.9,"['標準雙人房:HK$277', '標準單人房:HK$277', '行政套房:HK$1,739']"
宜春高鐵站希爾頓歡朋酒店,9.8,"['舒適大床房:HK$380', '舒適雙床房:HK$380', '高級大床房:HK$409', '高級雙床房:HK$409', '豪華大床房:HK$457']"
宜春市行政中心亞朵酒店,9.6,"['雅緻雙床房（慢回彈記憶枕+手機投屏+裸眠床品）:HK$314', '雅緻大床房（慢回彈記憶枕+手機投屏+裸眠床品）:HK$314', '高級大床房（慢回彈記憶枕+手機投屏+裸眠床品）:HK$332', '高級雙床房（慢回彈記憶枕+裸眠床品）:HK$332', '幾木雙床房（亞朵深睡枕+minibar+裸眠床品）:HK$367']"
宜春温湯壹號酒店（明月千古情景區店）,9.1,"['行政大床浴缸房:HK$267', '行政雙床浴缸房:HK$267', '豪華大床浴缸房:HK$280', '豪華影院大床浴缸房:HK$305']"
維也納酒店（溫湯店）,9.0,"['高級大床房（全屋智能）:HK$226', '豪華雙床房（全屋智能）:HK$260', '豪華大床房（全屋智能）:HK$260', '行政雙床房（全屋智能）:HK$282']"
明月山湯池温泉酒店,8.9,"['浪漫·私湯温泉大床房:HK$222', '島嶼·私湯湖景大床房:HK$242', '原木·温泉私湯雙床房:HK$257', 'Loft複式·湖景温泉大床房:HK$297']"
宜春薇薇陽光大酒店,7.8,"['精選城景大床房:HK$161', '舒適城景雙床房:HK$187', '雅緻觀景雙床房:HK$212', '博望觀景大床房:HK$215', '浪漫滿屋主題房:HK$228']"
宜春秀江賓館,9.2,"['豪華湖景大床房:HK$277', '雅緻園景大床房:HK$277', '豪華湖景雙床房:HK$284', '尊享行政套房:HK$678']"
山野温泉酒店（宜春温湯店）,9.3,"['隱居·温泉棋牌廚房投影套房「冰箱洗衣機+可做飯」:HK$233', '祕境·觀影休閑温泉大床房「酣睡床墊+超清投影+小冰箱」:HK$233', '陽光·悠閑温泉無煙雙床房「180°落地窗+温泉浴缸+落日山景」:HK$284', '露台·廚房温泉大床房「180°落地窗+多功能廚房+露台」:HK$284']"
希岸酒店（宜春市政府高鐵站店）,9.1,"['特惠玲瓏大床房（零壓床墊+乳膠枕）:HK$185', '希岸雅緻大床房（全景落地+乳膠枕）:HK$207', '希岸高級雙床房（乳膠枕+舒適辦公區）:HK$217', '希岸豪華大床房（放鬆沙發區+乳膠枕）:HK$228']"
格非酒店（宜春市袁州區高鐵站店）,9.2,"['商務大床房:HK$158', '雅緻雙床房:HK$158', '商務雙床房:HK$185', '城景大床房:HK$186']"
