酒店名称,评分,房型价格列表
長城大酒店（岳陽樓步行街店）,9.6,"['標準大床房「舒適睡枕+零壓睡眠床墊+分離衞浴間」:HK$272', '投影大床房「百寸投影+影視會員點播+手機可投屏」:HK$283', '標準雙床房「舒適睡枕+零壓睡眠床墊+分離衞浴間」:HK$283', '豪華大床房「泡腳桶+乳膠床墊+智能馬桶可加熱」:HK$293', '豪華雙床房「泡腳桶+乳膠床墊+智能馬桶可加熱」:HK$305']"
岳陽温德姆花園酒店,9.6,"['高級大床間:HK$496', '高級雙床間:HK$496', '豪華大床房:HK$523', '豪華雙床房:HK$523', '家庭房:HK$543']"
岳陽格蘭雲天大酒店（岳陽樓步行街店）,9.2,"['豪華雙床房:HK$384', '豪華大床房:HK$398', '行政雙床房:HK$507', '行政大床房:HK$507', '景觀大床房:HK$592']"
宜致酒店（岳陽樓區步行街店）,9.5,"['雅緻雲端大床房（全屋智能，深睡記憶枕）:HK$238', '私享影院雙床房（岳陽樓情詩，朋友共享）:HK$283', '智享商務大床房（安靜舒適，幽夢好眠）:HK$367', '宜致商務雙床房:HK$398']"
歡漫酒店（岳陽樓景區店）,9.7,"['高級大床房:HK$359', '城景大床房:HK$392', '城景雙床房:HK$425', '影院大床房:HK$458']"
雲和夜泊酒店（岳陽大道文化藝術會展中心店）,9.8,"['雅緻大床房:HK$347', '雅緻標準間:HK$358', '夜泊大床房:HK$369', '夜泊標準間:HK$380', '夜泊親子房:HK$478']"
華雅·雲縵酒店（岳陽樓步步高新天地店）,9.7,"['雲朵觀景大床房（零壓床墊+記憶枕）:HK$238', '雲彩城景大床房（零壓助眠記憶+新風空氣）:HK$245', '雲霄電競大床房（影馳4070+13G三風扇顯卡+記憶枕）:HK$284', '雲逸電競雙床房（影馳4070+13G三風扇顯卡）:HK$303']"
華雅雲縵酒店（天倫美食街店）,9.7,"['榻榻米大床房:HK$273', '茶語大床房:HK$284', '雅緻雙床房:HK$295', '匠心大床房:HK$295']"
華雅·雲縵酒店（岳陽樓步行街店）,9.8,"['臻享雅緻原木大床房（網紅打卡）:HK$358', '原木匠心影院大床房:HK$391', '臻享茶藝原木大床房（網紅打卡）:HK$440', '小隱書香影院大床房:HK$489']"
南湖·觀湖酒店（岳陽樓景區店）,9.3,"['高級大床房:HK$409', '高級雙床房:HK$459', '豪華大床房:HK$489', '湖景大床房:HK$629', '豪華家庭套房:HK$799']"
華雅.雲縵酒店（岳陽樓區南湖廣場店）,9.5,"['縵.茶語臻享大床房:HK$176', '亦間.影院大床房:HK$195', '縵.簡約大床房:HK$214', 'Light.雙卧套房:HK$259']"
錦江都城酒店（岳陽自貿區城陵磯店）,9.6,"['時尚大床房:HK$237', '時尚雙床房:HK$237', '精緻大床房:HK$266', '精緻雙床房:HK$266', '妙享主題大床房:HK$306']"
君嶼酒店（岳陽雲溪店）,9.2,"['君嶼大床房:HK$264', '君嶼雙床房:HK$274', '海嶼豪華雙床房:HK$323', '海嶼豪華大床房:HK$323']"
美宿歡漫酒店（岳陽樓區南湖廣場店）,9.4,"['豪華雙床房（超大空間+靜謐空間+深睡記憶枕）:HK$196', '驚喜大床房（休閑娛樂+超大空間）:HK$202', '歡顏大床房（高清大屏電視+O壓床墊+温馨靜謐）:HK$206', '欣悦雙床房 （採光明朗+寬敞舒適+正版影視會員）:HK$231']"
竹子逸林酒店（岳陽樓景區店）,9.8,"['竹逸丨城景大床房:HK$181', '竹逸丨城景雙床房:HK$201', '竹逸丨湖景大床房:HK$221', '竹逸丨湖景雙床房:HK$242']"
岳陽阿波羅御庭酒店,9.1,"['御庭·園景大床房:HK$364', '御庭·園景雙床房:HK$374', '御庭·棋牌單人房:HK$415', '御庭·湖景大床房:HK$785', '行政二間套:HK$1,769']"
南湖·觀江酒店（東風湖店）,9.1,"['標準雙床房:HK$260', '標準大床房:HK$260', '湖景電競房:HK$292', '湖景大床房:HK$314']"
岳陽大道希爾頓歡朋酒店,9.5,"['舒適大床房:HK$478', '舒適雙床房:HK$478', '高級大床房:HK$536', '高級雙床房:HK$536', '豪華湖景雙床房:HK$564']"
竹子逸林酒店（岳陽樓區高鐵東站店）,9.8,"['逸林竹韻大床房:HK$231', '逸林竹影雙床房:HK$241', '逸林趣享棋牌房【智能語音+無線充電】:HK$284']"
歡漫酒店（岳陽大熊貓苑景區店）,9.6,"['高級大床房:HK$185', '豪華大床房:HK$198', '影院大床房:HK$202', '豪華雙床房:HK$204']"
歡漫酒店（岳陽樓步行街店）,9.5,"['歡顏豪華大床房（零壓床墊+深睡記憶枕）:HK$287', '星空影院榻榻米（IMAX巨幕+一鍵投屏）:HK$319', '歡顏豪華雙床房（零壓床墊&深睡記憶枕）:HK$366', '幻境影院大床房（IMAX巨幕+一鍵投屏）:HK$462']"
歡致酒店（岳陽樓步行街店）,9.2,"['欣悦·商務雙床房:HK$245', '幻境·影院大床房:HK$256', '歡顏大床房:HK$260']"
麗楓酒店（岳陽高鐵東站沃爾瑪店）,9.5,"['標準大床房 | 自動窗簾+藍牙音響:HK$226', '豪華大床房 | 慕斯床墊+全屋智能客控:HK$236', '豪華雙床房 | 夢潔家紡+普羅旺斯枕頭:HK$236', '影院大床房 | 超清投影+IQYI臻享視頻:HK$236']"
美宿悅致酒店（岳陽樓區火車站店）,9.5,"['豪華大床房[深睡記憶枕+臨窗觀景]:HK$252', '豪華雙床房[深睡記憶枕+全屋智能]:HK$275', '行政大床房[零壓床墊+功夫茶具]:HK$277', '行政雙床房[靜享茶藝空間+舒適睡感]:HK$321', '影院大床房[超清影視+vip會員]:HK$334']"
FunGee美宿歡致酒店（岳陽樓區天倫美食街店）,9.6,"['歡顏丨輕奢大床房（時尚空間+高清電視）:HK$226', '歡悦丨零壓舒眠雙床房（智能控制+0壓床墊）:HK$236', '歡漫丨高級豪華大床房（深睡私密+純棉床品）:HK$248', '歡欣丨榻榻米影院房 （浩瀚星空+深睡記憶枕）:HK$258']"
岳陽樓區高鐵東站錦江都城酒店,9.5,"['精緻商務房:HK$296', '風雅商務房丨小度智能客控+迷你吧:HK$310', '精緻雙床房:HK$313', '風雅雙床房丨小度智能客控+決明子護頸枕頭:HK$348', '經典商務房丨0壓床墊+舒適睡感:HK$365']"
巴陵·邕湖莊園酒店（洞庭湖中華熊貓苑店）,9.7,"['賒月林景大床房（全景落地窗+小冰箱+智能馬桶）:HK$752', '雲夢庭院大床房（獨立庭院+小冰箱+智能馬桶）:HK$764', '和煦觀景大床房（全景落地窗+智能馬桶+小冰箱）:HK$1,014', '雅歌霓裳觀景大床房（窗外好景+小冰箱+智能馬桶）:HK$1,014', '賒月庭院雙床房（獨立庭院+小冰箱+智能馬桶）:HK$1,049', '和煦庭院大床房（獨立庭院+智能馬桶+小冰箱）:HK$1,071']"
維也納國際酒店（岳陽南湖湖濱大道店）,9.3,"['高級雙床房【智能聲控】:HK$277', '豪華大床房【智能聲控+可觀日出】:HK$291', '高級大床房【智能聲控】:HK$295', '豪華雙床房【智能聲控+可觀日出】:HK$310']"
康鉑酒店（岳陽樓店）,9.5,"['舒適大床房（法式風格隨便一拍高級感滿滿）:HK$205', '舒適雙床房（法式風格隨便一拍高級感滿滿）:HK$214', '巨幕影音大床房（VIP視頻會員+一鍵投屏）:HK$220', '豪華大床房（零壓深睡好夢+零壓床墊+乾濕分離+夢潔家紡）:HK$230']"
維也納酒店（岳陽中華大熊貓苑店）,9.5,"['高級大床房（智能客控）:HK$288', '高級雙床房:HK$306', '豪華大床房:HK$315', '豪華雙床房:HK$333']"
岳陽樓區錦嵐居民宿,9.4,"['香濤聞雪大床房:HK$312', '竹海聽風雙床房:HK$312', '梵聲洗耳大床房:HK$312', '凌雲步月大床房:HK$378']"
桔子酒店（岳陽大道店）,9.6,"['高級大床房:HK$331', '雙床間:HK$351', '豪華大床房:HK$371', '高級雙床房:HK$411']"
華雅雲縵酒店（南湖尚書山公園店）,9.8,"['雲朵大床房（零壓床墊+慢回彈記憶枕+小冰箱）:HK$220', '雲端大床房（零壓床墊+慢回彈記憶枕+小冰箱）:HK$241', '雲岫大床房（榻榻米+新風空氣凈化+小冰箱）:HK$262', '雲霄湯泉大床房（極米投影+超大泡泡浴缸+零壓床墊）:HK$304']"
維也納國際酒店（岳陽自貿區城陵磯店）,9.6,"['高級大床房:HK$228', '豪華雙床房:HK$264', '豪華大床房:HK$279', '豪華景觀大床房:HK$294', '影音大床房:HK$338']"
朋悦酒店（岳陽樓步行街店）,9.1,"['悦馨·大床房（深度睡眠床墊+日照暖陽）:HK$340', '悦逸·雙床房（乾濕分離）:HK$357', '悦暢·雙床房（人體工學枕+新風系統）:HK$373', '悦夢·大床房（大屏電視+中式茶几）:HK$459']"
全季酒店（岳陽大道步步高廣場店）,9.6,"['大床房:HK$337', '高級雙床房:HK$363', '高級大床間:HK$373', '商務大床房:HK$391']"
岳陽泰和大酒店,8.8,"['高級大床房:HK$292', '高級雙床房:HK$303', '行政大床房:HK$336', '行政雙床房:HK$336', '娛樂大床房:HK$369']"
華雅·雲縵酒店（岳陽樓區火車站店）,9.4,"['悦雅精品雙床房（舒適床品+採光好）:HK$163', '悦雅精品大床房（全房採光+舒適床品）:HK$170', '悦致大床房:HK$178', '悦致雙床房（採光好+舒適床品）:HK$189']"
金海國際酒店（岳陽火車站步行街店）,8.9,"['智能助眠大床房:HK$167', '智能助眠雙床房:HK$169', '城景雅緻大床房:HK$197', '城景雅緻雙床房:HK$201']"
竹子酒店（岳陽中華大熊貓苑店）,9.6,"['深深｜精品山景大床房:HK$250', '漫漫｜精品湖景大床房:HK$279', '壯壯｜豪華湖景大床房:HK$308', '向野｜輕奢湖景大床房:HK$347']"
岳陽竹子酒店（岳陽樓楓橋湖路店）,9.6,"['榻榻米大床房:HK$197', '豪華大床房:HK$207', '幻影影院大床房:HK$217', '豪華雙床房:HK$238']"
莫林酒店（岳陽樓步行街店）,9.7,"['臻雅大床房:HK$451', '臻悦娛樂房:HK$451', '臻雅影院房:HK$490', '臻致大床房:HK$490']"
岳陽花間·鳳棲民宿（洞庭湖中華大熊貓苑店）,9.1,"['陽光大床房:HK$383', '庭院雙床房:HK$509', '庭院親子房:HK$515', '榻榻米親子房:HK$523']"
岳陽凱賓斯假日酒店,9.3,"['特惠標準大床房:HK$189', '豪華大床房:HK$214', '豪華雙床房:HK$224', '麻將大床房:HK$250']"
安吉爾大酒店（岳陽天倫城店）,8.6,"['安和丨智能語音迷你房（零壓助眠床墊+智能恆温馬桶）:HK$217', '安逸丨巨幕影視房（會員超清+手機投屏+樂享洗護套裝）:HK$229', '安然丨智能語音大床房（原木風+智能恆温馬桶）:HK$254', '安心丨智能語音雙床房（純棉床品+品牌助眠床墊）:HK$290']"
岳陽雲夢賓館,9.3,"['南樓標準單人間:HK$358', '南樓標準雙人間:HK$358', '標準單人客房（北樓）:HK$466', '標準雙人客房（北樓）:HK$466', '景觀房（北樓）:HK$532']"
全季酒店（岳陽樓區岳陽東站店）,9.7,"['高級大床房（智能客控+零壓床墊+小冰箱）:HK$410', '高級雙床房（落地窗+職能語音+商務空間）:HK$410', '商務雙床房（落地窗+一鍵投屏+小冰箱）:HK$439', '商務大床房（65寸超大屏電視+一鍵投屏+小冰箱）:HK$439']"
岳陽聖嵐酒店,8.7,"['馨夢大床房:HK$225', '愉夢大床房:HK$307', '愉夢雙床房:HK$343', '愉夢温馨親子房:HK$343']"
岳陽悦棲酒店（熊貓苑店）,9.5,"['臻享大床房:HK$238', '臻享雙床房:HK$249', '榻榻米大床房:HK$249', '影院大床房:HK$336', '商務套房:HK$347']"
岳陽瀟湘明珠酒店（岳陽樓景區店）,9.4,"['温馨大床房（俯瞰廣場+圈椅茶台+65寸大電視）:HK$291', '城景陽台大床房（搖搖躺椅+百寸巨幕投影）:HK$301', '城景雙床房（深睡床品+65寸大電視+靜謐温馨）:HK$314', '洞庭湖景陽台大床房（超大空間+搖搖躺椅+百寸巨幕投影）:HK$334']"
