酒店名称,评分,房型价格列表
巴彥淖爾世奧酒店（臨河區勝利路店）,9.4,"['優享大床房:HK$239', '高級大床房:HK$261', '優享雙床房:HK$261', '豪華浴缸大床房:HK$283']"
巴彥淖爾飯店,9.3,"['日式單人房:HK$237', '日式家庭房:HK$289', '高級單人房:HK$309', '豪華大床房:HK$358', '豪華標準房:HK$358']"
全季酒店（巴彥淖爾市政府店）,9.8,"['高級雙床房:HK$337', '高級大床房:HK$337', '商務雙床房:HK$383', '商務大床房:HK$383']"
巴彥淖爾藍宇飯店（人民公園店）,9.3,"['惠享大床房（三濕分離+掛燙機）:HK$244', '惠享雙床房（三濕分離+慕思床墊）:HK$244', '藍宇·行政雙床房（掛燙機+深度睡眠）:HK$262', '藍宇·行政大床房（掛燙機+深度睡眠）:HK$262', '城景觀影大床房（超清投影+簡約時尚+智能馬桶 ）:HK$262']"
臨河區美湖酒店（巴彥淖爾市政府店）,9.0,"['高級大床房:HK$219', '豪華標準間:HK$258', '豪華大床房:HK$258', '高級標間:HK$267']"
巴彥淖爾文博大酒店（臨河市政府店）,9.5,"['順遂·商務大床房:HK$195', '順遂·商務雙床房:HK$195', '尊邸·精裝雙床房:HK$195', '尊邸·精裝大床房:HK$195']"
華威國際飯店（巴彥淖爾市政府店）,9.3,"['智選·高級標準間:HK$185', '智選·高級大床間:HK$216', '尊享·豪華大床房:HK$259', '尊享·豪華雙床房:HK$259']"
錦頤優選酒店（巴彥淖爾高鐵站店）,9.8,"['雅緻大床房【親膚床品+智能投屏+舒睡好眠】:HK$272', '高級大床房【朗樂福乳膠枕+慕思床墊+智能投屏】:HK$283', '高級雙床房【朗樂福乳膠枕+慕思床墊+智能投屏】:HK$294', '行政大床房【智能客控+慕思床墊+功夫茶具】:HK$305']"
全季酒店（巴彥淖爾圖書大廈店）,9.7,"['榻榻米房:HK$284', '大床房:HK$312', '雙床房:HK$312', '高級大床房:HK$340']"
錦頤優選酒店（巴彥淖爾臨河維多利摩爾城店）,9.7,"['雅緻大床房【sevenplus高端洗護+親膚床品+靜謐空間】:HK$259', '高級大床房【朗樂福乳膠枕+酣暢睡眠+親膚床品】:HK$291', '行政大床房【智能投屏+酣暢睡眠+親膚床品】:HK$302', '高級雙床房【乾濕分離+親膚床品+朗樂福乳膠枕】:HK$314']"
得豐酒店（市政府店）,9.0,"['高級雙床影音房:HK$147', '影音温馨家庭房:HK$165', '超大影音單床房:HK$267', '商務影音套房:HK$369']"
如家商旅酒店（巴彥淖爾臨河高鐵站維多利商廈店）,9.4,"['大床房:HK$224', '雙床房:HK$233', '商務大床房:HK$251', '家庭房:HK$268']"
漢庭酒店（巴彥淖爾市政府店）,9.0,"['高級大床房:HK$217', '商務大床房:HK$236', '高級雙床房:HK$236', '家庭房:HK$255']"
維也納智好酒店（鴻臣鴻雁故里店）,9.7,"['標準大床房（維也納愉夢床墊）:HK$217', '標準雙床房（維也納愉夢床墊）:HK$235', '豪華雙床房（維也納愉夢床墊）:HK$244', '豪華大床房（維也納愉夢床墊）:HK$244']"
雄風連鎖酒店（臨河區市政府店）,9.4,"['輕奢智能雙床房:HK$206', '優享行政雙床房（智能客控·喜臨門睡眠床墊）:HK$219', '優享景觀雙床房（落地窗+視野好+公園景）:HK$231', '優享行政大床房（智能客控·喜臨門睡眠床墊）:HK$231']"
振源酒店（臨河高鐵站店）,9.4,"['青雲·安枕雙床房【舒達床墊·助眠好夢】:HK$126', '扶搖·高枕雙床房【舒達床墊·助眠好夢】:HK$182', '風花·甜睡主題大床房【舒達床墊·助眠好夢】:HK$189', '君臨·豪華專屬套房【舒達床墊·助眠好夢】:HK$254']"
星程酒店（巴彥淖爾市政府店）,9.8,"['高級雙床房:HK$291', '高級大床房:HK$311', '豪華雙床房:HK$311', '豪華大床房:HK$341']"
艾扉酒店（巴彥淖爾臨河維多利摩爾城店）,10.0,"['大床房:HK$186', '商務大床房:HK$211', '高級雙床房:HK$227', '高級大床房:HK$235']"
如家精選酒店（巴彥淖爾市政府高鐵站店）,9.6,"['商務大床房（投屏電視+智能客控+零壓床墊）:HK$252', '雙床房（投屏電視+智能客控+零壓床墊）:HK$252', '高級大床房（投屏電視+智能客控+零壓床墊）:HK$276', '高級雙床房（投屏電視+智能客控+零壓床墊）:HK$276']"
巴彥淖爾君逸皇冠大酒店,9.4,"['悦適雙床房:HK$182', '宜居大床房:HK$199', '雅緻雙床房:HK$199', '優享大床房:HK$217']"
巴彥淖爾塞納酒店,9.7,"['特價大床房:HK$163', '電競標準間:HK$185', '輕享大床房:HK$185', '商務雙床房:HK$194']"
麗楓酒店（巴彥淖爾市政府四季花城店）,9.6,"['豪華大床房（電視投屏觀影+記憶枕）:HK$350', '豪華雙床房（電視投屏觀影+記憶枕）:HK$358', '景觀大床房（電視投屏觀影+記憶枕）:HK$368', '景觀雙床房（電視投屏觀影+記憶枕）:HK$377']"
維也納國際酒店（巴彥淖爾市高鐵站市政府店）,9.1,"['大床房（維也納愉夢床墊）:HK$247', '雙床房（維也納愉夢床墊）:HK$247', '高級雙床房（維也納愉夢床墊）:HK$269', '高級大床房（維也納愉夢床墊）:HK$269']"
臨河區振宇酒店（臨河高鐵站維多利商廈店）,8.9,"['簡約丨雙床房:HK$125', '影院丨電影大床房:HK$131', '輕奢丨雙床房:HK$144', '商務丨豪華三床房:HK$189']"
宏友酒店,9.3,"['標準雙床房:HK$154', '舒適大床房:HK$163', '家庭房:HK$173', '豪華三人間:HK$199']"
如家驛居酒店（巴彥淖爾臨河高鐵站店）,9.4,"['大床房:HK$131', '雙床房:HK$131', '高級雙床房:HK$140', '高級大床房:HK$148']"
科榮商務酒店（巴彥淖爾市政府臨河火車站店）,9.5,"['商務大標間:HK$137', '豪華大床房:HK$147', '商務標間:HK$165', '商務三人間:HK$202']"
巴彥淖爾鼎程陽光酒店,9.1,"['特惠房:HK$140', '悦享雙床房:HK$145', '輕奢雙床房:HK$154', '悦享大床房:HK$182']"
柚見精品酒店（巴彥淖爾高鐵站店）,8.9,"['普標房:HK$151', '豪華標間雙床房:HK$151', '電競標間:HK$173', '商務標準間:HK$173']"
歸途民宿（中央公館店）,9.6,"['新中式投影大床房:HK$119', '北歐風大床房:HK$119', '田園風大床房:HK$119', '藍色温馨大床房:HK$119']"
如家雲上四季酒店（巴彥淖爾臨河店）,9.0,"['大床房:HK$114', '標準間:HK$123', '豪華三人間:HK$165', '棋牌室:HK$167']"
考拉電競酒店,9.3,"['雙床房:HK$109', '大床房:HK$109', '電競大床房【12代處理器+2060顯卡+200HZ電競屏】:HK$133', '電競標準間【12代處理器+2060顯卡+200HZ電競屏】:HK$133']"
巴彥淖爾盛世酒店,8.6,"['豪華標準間:HK$117', '豪華大床房:HK$123', '舒適三人間:HK$156']"
巴彥淖爾喜勝客民宿,9.1,"['豪華大床房:HK$151', '豪華雙床房:HK$151', '行政大床房:HK$173', '豪華棋牌室:HK$173']"
速8酒店（巴彥淖爾維多利商廈店）,8.9,"['精品大床房:HK$111', '標準雙人間:HK$119', '標準大床房:HK$119', '三人間:HK$191']"
周舟家電玩遊戲公寓,9.0,"['X-BOX體感娛樂一居室:HK$151', 'PS4藍金夢幻暢玩房:HK$151', 'PS4遊戲暢玩套房:HK$151', 'PSP家庭房:HK$151']"
歸途民宿（歐洲假日店）,8.7,"['新中式大床房:HK$108', '北歐現代風大床房:HK$154', 'loft浪漫温馨大床房:HK$154', 'ins風LOFT大床房:HK$154']"
7天酒店（臨河火車站勝利路國泰廣場店）,8.9,"['經濟房:HK$103', '自主大床房:HK$111', '自主雙床房:HK$114', '影音大床房:HK$114']"
7天酒店（臨河高鐵站維多利商廈店）,9.0,"['經濟房（夢百合零壓床墊）:HK$104', '自主大床房（夢百合零壓床墊）:HK$129', '自主雙床房（夢百合零壓床墊）:HK$129', '新7天影趣大床房（夢百合零壓床墊）:HK$176']"
巴彥淖爾俊達酒店,7.9,"['商務大床房:HK$173', '豪華大床房:HK$205']"
巴彥淖爾德順酒店,7.2,"['豪華標間:HK$93', '豪華大床房:HK$93', '豪華大床套房:HK$156', '棋牌房:HK$156']"
巴彥淖爾德誠商務賓館,8.9,"['高級大床房:HK$102', '電競大床房:HK$102', '高級標準間:HK$102', '電競標準間:HK$102']"
巴彥淖爾王家大院酒店,7.8,"['經濟標準間:HK$138', '優選標準間:HK$154', '大床房:HK$154']"
巴彥淖爾恆信商務賓館,7.1,"['標準間:HK$118', '大床房:HK$120', '電競大床房:HK$131', '電競標準間:HK$131']"
晨旭公寓,6.5,"['泰和園一居公寓:HK$154', '曙光街兩室一廳套房:HK$195', '簡約套房:HK$206', '温馨三室套房:HK$257']"
巴彥淖爾亨通賓館,4.7,"['普通雙人房（公共衞浴）:HK$52', '普通三人間（公共衞浴）:HK$64', '標準間:HK$74', '大床房:HK$74']"
錦頤優選酒店（磴口店）,9.6,"['智能高級雙床房【慕思床墊+智能客控+呼吸守護者】:HK$306', '智能行政大床房【慕思床墊+智能客控+呼吸守護者】:HK$315', '智能高級大床房【慕思床墊+智能客控+呼吸守護者】:HK$316', '智能行政雙床房【慕思床墊+智能客控+呼吸守護者】:HK$328']"
磴口金色港灣假日酒店,10.0,"['豪華大床房:HK$334', '商務大床房:HK$353', '豪華雙床房:HK$358', '商務雙床房:HK$381']"
巴彥高勒大酒店,9.5,"['雅緻標準間:HK$314', '輕奢大床房:HK$363', '優享三人間:HK$436', '温馨家庭房:HK$470']"
錦頤優選酒店（烏拉特中旗政府店）,9.9,"['雅緻大床房（慕思床墊+智能投屏+榻榻米茶台）:HK$404', '高級大床房（全景落地窗+慕思床墊+智能投屏）:HK$425', '高級雙床房（全景落地窗+慕思床墊+智能投屏）:HK$425', '家庭房（全景落地窗+慕思床墊+智能馬桶）:HK$512', '商務套房（全景落地窗+慕思床墊+浴缸）:HK$645']"
