酒店名称,评分,房型价格列表
漢庭酒店（庫爾勒市政府店）,10.0,"['大床房:HK$409', '高級大床房:HK$426', '高級雙床房:HK$426', '家庭房:HK$513']"
全季酒店（庫爾勒九鼎市場店）,9.6,"['大床房:HK$552', '雙床房:HK$552', '高級大床房:HK$572']"
你好酒店（庫爾勒市政府店）,9.6,"['高級大床房【65寸智能可投屏電視+金可兒床墊】:HK$295', '商務大床房【65寸智能可投屏電視+金可兒床墊】:HK$343', '高級雙床房【65寸智能可投屏電視+恆温馬桶】:HK$354', '商務雙床房【65寸智能可投屏電視+金可兒床墊】:HK$384']"
如家酒店·neo（庫爾勒石化大道9號倉店）,9.7,"['高級大床房（可投屏55寸電視+酒店提供自助洗衣房）:HK$245', '商務大床房（可投屏65寸電視+酒店提供自助洗衣房）:HK$271', '雙床房（可投屏65寸電視+酒店提供自助洗衣房）:HK$288', '安心睡大床房（夢百合零壓床墊+記憶枕+酒店提供自助洗衣房）:HK$306']"
庫爾勒君潤酒店（庫爾勒站店）,9.6,"['特惠雙床房‖全屋智控+酒水吧枱小冰箱:HK$433', '特惠大床房‖VIP沉浸視聽+杜比音效:HK$433', '君逸雙床房‖全屋智控+酒水吧枱小冰箱:HK$469', '君尚影音日式輕居榻榻米‖高清巨幕VIP沉浸視聽+杜比音效:HK$469', '君悦雙床房‖全屋智控+酒水吧枱小冰箱:HK$506']"
柏雅酒店（庫爾勒塔里木油田項目公司店）,9.4,"['高級大床房:HK$279', '影音雙床房:HK$297', '行政大床房:HK$297', '高級雙床房:HK$314']"
庫爾勒金鳳凰商務酒店（大巴扎孔雀河店）,9.3,"['雅緻大床房（無窗）:HK$193', '雅緻雙床房（無窗）:HK$193', '舒適雙床房:HK$240', '舒適大床房:HK$240']"
全季酒店（庫爾勒領尚幸福天地店）,9.7,"['大床房【小米加濕器+可投屏65寸電視+電動窗簾】:HK$376', '高級雙床房【小米加濕器+可投屏65寸電視+電動窗簾】:HK$376', '高級大床房【小米加濕器+可投屏65寸電視+電動窗簾】:HK$395', '舒壓高級雙床房【小米加濕器+可投屏65寸電視】:HK$395']"
庫爾勒孔雀河公園亞朵酒店,9.5,"['高級大床房（記憶枕+可觀景+可投屏）:HK$521', '幾木雙床房（深睡枕+冰箱+觀景）:HK$590', '行政大床房（記憶枕+冰箱+觀景）:HK$590', '幾木親子雙床房（深睡枕+冰箱+觀景）:HK$691', '幾木大床房（深睡枕+小冰箱+可觀景）:HK$761']"
庫爾勒博斯騰賓館,9.6,"['特惠雙床房（有窗）:HK$460', '經典智能大床房+智能客控+加濕器+小冰箱:HK$525', '經典智能雙床房:HK$525', '特惠大床房（加濕器+小冰箱）:HK$534', '智能親子雙床房·智能客控:HK$535']"
欐楓都城酒店（庫爾勒孔雀河石化大道店）,9.1,"['靜享丨零壓舒眠大床房（深度睡眠+智能客控+新風循環）:HK$218', '輕氧丨雙床靜音房（深度睡眠+智能客控+新風循環）:HK$240', '輕奢丨智享大床房（深度睡眠+智能客控+舒適床品）:HK$316', '輕奢丨智享雙床房（深度睡眠+智能客控+舒適床品）:HK$349', '臻享丨雲端深睡大床房（智能客控+舒適床品）:HK$360']"
庫爾勒半城酒店（孔雀河店）,9.2,"['高級優享雙床房（智能客控||新風循環）:HK$501', '高級優享大床房（智能客控||新風循環）:HK$501', '高級內景景觀大床房（新風系統+智能客控）:HK$534', '高級內景景觀雙床房（新風系統+智能客控）:HK$534', '豪華大床房（全屋智能客控）:HK$665']"
季楓酒店（庫爾勒人民廣場店）,9.5,"['特惠雙床房（65寸可投屏電視+乾濕分離衞浴）:HK$367', '特惠大床房（65寸可投屏電視+乾濕分離衞浴）:HK$367', '高級大床房（恆温馬桶+65寸可投屏電視）:HK$392', '高級雙床房（恆温馬桶+65寸可投屏電視）:HK$392']"
錦江都城酒店（庫爾勒孔雀河樓蘭不夜城店）,9.4,"['都會雙床房:HK$364', '風雅大床房:HK$366', '時尚大床房:HK$377', '影院大床房:HK$398', '行政套房:HK$449']"
全季酒店（庫爾勒市政府店）,9.6,"['雙床房【金可兒床墊+乾濕分離衞浴+可投屏65寸電視】:HK$367', '高級大床房【金可兒床墊+恆温馬桶+可投屏65寸電視】:HK$385', '舒壓雙床房【舒壓床墊枕頭+冷藏小冰箱+拾趣功夫茶具】:HK$404', '舒壓大床房【舒壓床墊枕頭+冷藏小冰箱+法國精油洗護】:HK$424']"
希玥酒店（庫爾勒孔雀河人民廣場店）,9.3,"['希玥丨特惠雙床房:HK$269', '智能輕奢大床房丨語音客控+乾濕分離+小冰箱:HK$404', '智能豪華大床間丨語音客控+乾濕分離+小冰箱:HK$444', '智能豪華標間丨語音客控+乾濕分離+小冰箱+加濕器:HK$465', '智能豪華陽光大床房＋270度全景落地窗+城市夜景:HK$521']"
桔子酒店（庫爾勒市政府店）,9.5,"['高級大床房【65寸可投屏電視+金可兒床墊+冷藏小冰箱】:HK$498', '高級雙床房【65寸可投屏電視+金可兒床墊+冷藏小冰箱】:HK$498', '商務大床房【65寸可投屏電視+金可兒床墊+冷藏小冰箱】:HK$518', '商務雙床房【65寸可投屏電視+金可兒床墊+冷藏小冰箱】:HK$536', '套房【65寸可投屏電視+金可兒床墊+冷藏小冰箱】:HK$686']"
希岸酒店（庫爾勒機場路東方物探店）,9.7,"['希岸高級大床房（智能客控+電動窗簾+加濕器）:HK$297', '玲瓏大床房（智能客控+電動窗簾+加濕器）:HK$313', '希岸高級雙床房（智能客控+電動窗簾+加濕器）:HK$324', '希岸豪華大床房（智能客控+電動窗簾+加濕器）:HK$364']"
庫爾勒美豪尚層酒店（人民廣場店）,10.0,"['擷春|大床房:HK$207', '擷春|雙床房:HK$219', '沐夏|大床房:HK$249', '拾秋|大床房:HK$258']"
艾尚酒店（庫爾勒交通西路人民廣場店）,9.7,"['艾尚迷你間:HK$310', '艾尚豪華雙床房:HK$396', '艾尚豪華大床房:HK$404', '艾尚豪華套房:HK$646']"
庫爾勒梨城花園酒店,9.0,"['花園套房:HK$4,008']"
巴音布魯克吉日格勒大酒店,9.4,"['民族特惠風情雙床房（投屏電視+全屋地暖+智能馬桶）:HK$518', '雅緻舒睡雙床房（投屏電視+全屋地暖+智能馬桶）:HK$637', '靜享空間大床房（投屏電視+全屋地暖+智能馬桶）:HK$721', '榻榻米民族雙床房（投屏電視+全屋地暖+智能馬桶）:HK$731', '俄羅斯風情雙床房（投屏電視+全屋地暖+智能馬桶）:HK$821']"
如家派柏雲酒店（庫爾勒孔雀河店）,9.2,"['心怡大床房:HK$197', '優選雙床房:HK$219', '温馨親子房:HK$234']"
麗楓酒店（庫爾勒石化大道店）,9.4,"['雅緻大床房【慕斯床墊+空氣凈化+香薰加濕+淋浴音樂】:HK$293', '雅緻雙床房【慕斯床墊+空氣凈化+香薰加濕+淋浴音樂】:HK$304', '豪華大床房:HK$403', '豪華雙床房:HK$417']"
桔子酒店（庫爾勒塔指東路店）,9.3,"['加州陽光大床房（金可兒床墊+智能化語音）:HK$446', '月若流金豪華雙床房（金可兒床墊+智能化語音）:HK$446', '豪華大床房（金可兒床墊+智能化語音）:HK$474', '月若流金親子房（金可兒床墊+智能化語音）:HK$502']"
西海半島度假酒店,9.6,['豪華時尚套房:HK$318']
庫爾勒石化大道蘭歐國際酒店,9.6,"['智能經典大床房:HK$319', '街景智能高級大床房:HK$347', '街景智能高級雙床房:HK$356', '街景智能豪華大床房:HK$365']"
庫爾勒福潤德·萬達錦華酒店,8.8,"['精緻大床房·內景大空間:HK$453', '精緻雙床房·內景大空間:HK$458', '高級大床房·內景大空間:HK$497', '高級雙床房·內景大空間:HK$513', '豪華大床房·獨享大空間+全景落地窗:HK$705', '豪華雙床房·獨享大空間+全景落地窗:HK$775']"
正軒酒店（天鵝河店）,9.7,"['特惠大床房:HK$368', '高級大床房:HK$394', '高級雙床房:HK$394', '豪華雙床房:HK$407']"
柏曼酒店（庫爾勒孔雀河店）,9.4,"['舒適單床房（空氣凈化器）:HK$216', '標準大床房（空氣凈化器）:HK$243', '商務大床房:HK$256', '商務雙床房:HK$290']"
雅緹酒店（庫爾勒滙嘉時代廣場店）,9.6,"['雅緻內景大床房（全屋智能）:HK$333', '雅緻內景雙床房（全屋智能）:HK$333', '高級雙床房:HK$379', '高級大床房:HK$422']"
海友酒店（庫爾勒建國北路金三角店）,9.6,"['特惠大床房:HK$192', '高級大床房:HK$192', '雙床房:HK$209', '三人房:HK$218']"
蘭歐酒店（博湖人民政府店）,9.6,"['蘭歐智能大床房（智能客控+小冰箱）:HK$271', '蘭歐豪華大床房（智能客控+小冰箱+沙發）:HK$287', '蘭歐智能雙床房（智能客控+小冰箱）:HK$295', '蘭歐豪華雙床房（智能客控+小冰箱+空間大）:HK$303']"
庫爾勒璞居酒店（新滙嘉時代店）,9.2,"['標準大床房丨小冰箱+加濕器:HK$310', '標準雙床房丨小冰箱+加濕器:HK$310', '經典大床房丨小冰箱+加濕器:HK$371', '經典雙床房丨小冰箱+加濕器:HK$371', '商務大床房丨小冰箱+加濕器:HK$429']"
庫爾勒園林賓館（迎賓路店）,9.0,"['特惠-雙床房（智能客控+電動窗簾+迷你小冰箱）:HK$383', '豪華雙床房（智能客控+電動窗簾+迷你小冰箱）:HK$550', '特惠-陽台雙床房（智能客控+電動窗簾+景觀大窗）:HK$550', '景觀標間（智能客控+電動窗簾+景觀大窗）:HK$588', '豪華大床房（智能客控+電動窗簾+迷你小冰箱）:HK$588']"
庫爾勒金瀾商務酒店（南疆大巴扎店）,9.7,"['經濟大床房:HK$172', '特惠雙床房:HK$172', '經濟雙床房:HK$183', '高級大床房:HK$216']"
雅朵輕奢酒店,9.6,"['舒適大床房:HK$227', '舒適雙床房:HK$227', '豪華雙床房:HK$260', '豪華大床房:HK$271']"
星程酒店（庫爾勒石化大道店）,9.6,"['大床房:HK$344', '高級雙床房:HK$372', '高級大床房:HK$391', '套房:HK$437']"
萬信至格酒店（庫爾勒二師醫院巴州衞校店）,9.7,"['靜謐雙床房:HK$187', '舒適大床房:HK$286', '舒適雙床房:HK$292', '高級大床房:HK$307']"
庫爾勒瀾都精品酒店（孔雀河店）,9.4,"['梨城風情標準間（羽絨枕+天鵝夜景+深睡床墊）:HK$353', '孔雀河中式雙床房（孔雀河夜景+羽絨枕）:HK$364', '孔雀河舒適單人間（天鵝夜景+羽絨枕+深睡床墊）:HK$372', '孔雀河中式大床房（羽絨枕+河邊夜景）:HK$385']"
城市便捷酒店（庫爾勒開發區管委會店）,9.6,"['優享大床房:HK$278', '風雅大床房:HK$376', '風雅雙床房:HK$398', '城市之光童馨親子房:HK$429']"
巴音布魯克E-home·一泓錦華度假酒店,9.7,"['撫春 | 陽光優享房-智能客控:HK$634', '知秋 | 微風驚喜房:HK$635', '攬星 | 怡致雙床房-享席夢思:HK$766', '抱月 | 怡致大床房-舒睡好眠:HK$773', '夕拾 | 景緻雙床房-遠觀山瀾:HK$830']"
麗楓酒店（庫爾勒人民東路店）,9.7,"['豪華大床房（慕斯床墊+淋浴音樂+迷你小冰箱）:HK$327', '高級雙床房（慕斯床墊+淋浴音樂+迷你小冰箱）:HK$367', '商務大床房（慕斯床墊+淋浴音樂+迷你小冰箱）:HK$375', '豪華雙床房（慕斯床墊+淋浴音樂+迷你小冰箱）:HK$406']"
雲浠民宿,10.0,"['雲浠大床房:HK$205', '雲浠標間—晨曦:HK$216', '雲浠標間—扶搖:HK$249', '雲浠標間—觀瀾:HK$293']"
庫爾勒雅苑龍旭商務酒店,9.3,"['雅苑特惠房:HK$195', '雅苑輕奢雙人房:HK$211', '雅苑舒景雙人房:HK$228', '雅苑精緻大床房:HK$244']"
巴州庫爾勒雲季酒店,9.5,"['悦享觀影標準房（小度全屋智能）:HK$211', '悦享觀影大床房（全屋智能）:HK$217', '雅緻觀影大床房（全屋智能）:HK$252', '雅緻觀影標準房（全屋智能）:HK$252']"
漢庭酒店（庫爾勒火車站店）,9.4,"['高級大床房【可投屏50寸電視+喜臨門床墊+智能馬桶】:HK$310', '商務大床房【可投屏50寸電視+喜臨門床墊+智能馬桶】:HK$339', '商務雙床房【可投屏50寸電視+喜臨門床墊+智能馬桶】:HK$348', '豪華大床房【可投屏50寸電視+喜臨門床墊+智能馬桶】:HK$357']"
尉犁太陽古城蘭歐國際酒店,9.6,"['智能高級雙床房（智能客控+智能馬桶+MINI冰箱）:HK$360', '蘭錦豪華雙床房（智能客控+智能馬桶+MINI冰箱）:HK$383', '蘭錦豪華大床房（智能客控+智能馬桶+MINI冰箱）:HK$407', '蘭錦行政雙床房（智能客控+智能馬桶+MINI冰箱）:HK$407', '蘭錦行政大床房（智能客控+智能馬桶+飛科加濕器）:HK$438']"
庫爾勒西尼爾大酒店（梨城機場店）,9.3,"['舒適雙床房:HK$249', '舒適大床房:HK$271', '豪華榻榻米房:HK$271', '豪華套房:HK$374']"
龍苑酒店（焉耆縣人民廣場店）,9.4,"['特選·安心大床房:HK$360', '特選·安心雙床房:HK$373', '至臻·臻享大床房:HK$411', '至臻·臻享雙床房:HK$411']"
