酒店名称,评分,房型价格列表
平涼廣成大酒店,9.4,"['商務標準間:HK$376', '商務單人間:HK$377', '貴賓標準間:HK$400', '貴賓單人間:HK$400', '豪華標準間:HK$451', '豪華單間:HK$451']"
麗楓酒店（平涼崆峒大道寶塔廣場店）,9.3,"['豪華大床房:HK$372', '豪華雙床房:HK$372', '商務大床房:HK$381', '商務雙床房:HK$381']"
平涼融庭酒店,9.4,"['優享雙床房:HK$187', '優享大床房:HK$187', '陽光大床房:HK$247', '陽光雙床房:HK$247']"
全季酒店（平涼景海麗都店）,9.7,"['舒壓高級大床房（舒壓床墊+智能馬桶+投屏+冰箱）:HK$371', '雙床房（金可兒床墊+智能馬桶+投屏+冷藏冰箱）:HK$381', '家庭房（金可兒床墊+智能馬桶+投屏+冷藏冰箱）:HK$431', '套房（金可兒床墊+智能馬桶+投屏+冰箱+加濕器）:HK$461']"
漢庭酒店（平涼南門什字店）,9.6,"['大床房（安心睡眠）:HK$261', '高級大床房（商務辦公&安心睡眠）:HK$290', '雙床房（商務辦公&安心睡眠）:HK$311']"
平涼喜達假日酒店,9.2,"['陽光大床房（美式風格+加濕器）:HK$209', '陽光雙床房（美式風格+加濕器）:HK$229', '假日雙床房（地中海風格+加濕器）:HK$248', '假日大床房B（地中海風格+加濕器）:HK$271']"
平涼綠地廣場亞朵酒店,9.5,"['雅緻大床房（亞朵慢回彈記憶枕+ESPA洗護）:HK$359', '高級雙床房（亞朵慢回彈記憶枕+ESPA洗護）:HK$370', '高級大床房（亞朵慢回彈記憶枕+ESPA洗護）:HK$389', '行政雙床房（亞朵慢回彈記憶枕+ESPA洗護）:HK$399', '行政大床房（亞朵慢回彈記憶枕+ESPA洗護）:HK$420']"
如家商旅酒店（平涼柳湖公園綠地廣場店）,9.5,"['商務大床房:HK$272', '高級大床房:HK$290', '大床房:HK$307', '高級雙床房:HK$316']"
宜必思酒店（平涼崆峒山綠地廣場店）,9.6,"['高級大床房A（品牌床墊+外窗遮擋）:HK$230', '雙床房A（品牌床墊+外窗遮擋）:HK$240', '高級大床房（品牌床墊+智能馬桶+加濕器）:HK$251', '雙床房（品牌床墊+智能馬桶+外窗）:HK$261']"
伯寓智臻公寓酒店（平涼綠地廣場柳湖公園店）,9.3,"['智選大床房:HK$214', '智選標準間:HK$218', '臻選大床房:HK$235', '臻選標準間:HK$266']"
捷誠智能酒店,9.6,"['雅緻標間（全屋智能）:HK$173', '雅緻大床房（全屋智能）:HK$182', '商務標間（全屋智能）:HK$188', '商務大床房（全屋智能）:HK$188']"
IU酒店（平涼解放路店）,9.7,"['小U舒適大床房（全屋智能）:HK$212', '小U舒適雙床房（全屋智能）:HK$236', '小U超級大床房（全屋智能）:HK$244', '小U超級雙床房（全屋智能）:HK$268']"
歡閲酒店（平涼星泰廣場店）,9.6,"['商務尊享大床房（零壓床墊+全屋智能+智能馬桶+品質潤膚露）:HK$177', '巨幕投影大床房（新風系統+高清投影+100寸投影+智能客控+靜謐睡眠）:HK$187', '商務雙床房（零壓床墊+全屋智能+智能馬桶）:HK$223', '浴享大床房（零壓床墊+全屋調光+智能馬桶+雙人浴缸+一次性浴缸用品+品質潤膚露）:HK$242']"
平涼體育公園酒店,8.9,"['特惠大床房:HK$207', '豪華標間:HK$226', '豪華大床房:HK$236', '減壓房:HK$297']"
平涼佰瑞快捷酒店,9.0,"['雅緻大床房:HK$190', '商務雙床房:HK$202', '豪華大床房:HK$212', '豪華商務大床房:HK$221']"
平涼紅泉大酒店,8.1,"['高級雙床間:HK$374', '豪華單人間:HK$420', '商務套間:HK$618']"
望軒苡商務賓館,9.4,"['精選丨高級大床房【零壓床墊+一次性馬桶墊】:HK$154', '精選丨高級雙床房【零壓床墊+一次性馬桶墊】:HK$154', '樂享丨温馨大床房【公共衞浴】:HK$200', '優選丨舒適大床房【零壓床墊+一次性馬桶墊】:HK$255']"
格林豪泰酒店（平涼崆峒區南門十字店）,9.1,"['商務大床房:HK$196', '高級雙床房:HK$202', '高級大床房:HK$213', '豪華大床房:HK$253']"
平涼賓館,8.8,"['迎賓樓特惠標準間:HK$142', '迎賓樓普通標間:HK$208', '迎賓樓大床房:HK$262', '迎賓樓標準間:HK$262', '貴賓樓標準間:HK$328']"
TOWO上品酒店（平涼崆峒區汽車西站店）,8.6,"['途窩拾光雙床房【雅緻靜逸+舒睡好眠】:HK$163', '途窩拾光大床房【品牌床墊+採光明亮】:HK$174', '凈隅拾光雙床房【舒睡好眠+採光明亮】:HK$186', '凈隅拾光大床房【品牌床墊+城市景觀】:HK$197']"
美達商務酒店（平涼崆峒區汽車西站店）,8.9,"['安心睡大床房:HK$131', '舒適大床房:HK$145', '安心睡雙床房:HK$152', '舒適雙床房:HK$166']"
平涼瑞士莛尚品酒店（崆峒區南門什字店）,9.1,"['豪華標間B:HK$175', '高級大床房A:HK$175', '豪華大床房B:HK$196', '豪華大床房A:HK$227']"
財神客棧（崆峒山古鎮遊客中心店）,9.4,"['特惠雙床房:HK$151', '舒適雙床房:HK$205', '舒適大床房:HK$205']"
平涼利民商務賓館,9.4,"['商務標準間:HK$184', '陽光標準間:HK$208', '零壓大床房:HK$239', '零壓標準間:HK$239']"
平涼亨陽假日酒店（火車站汽車東站店）,8.4,"['普通雙床房:HK$140', '標準雙床房:HK$153', '温馨大床房:HK$174', '精品雙床房:HK$174']"
平涼東方賓館,9.3,"['標準雙人房:HK$341', '標準單人房:HK$357', '豪華套房:HK$560']"
平涼萬福源酒店,8.6,"['豪華雙床間:HK$149', '豪華大床房:HK$162', '親子套房:HK$425', '兩室兩廳套房:HK$642']"
平涼宏達國盛酒店,9.1,"['特價大床房:HK$140', '商務標準間A:HK$173', '標準單人間:HK$194', '商務標準間B:HK$194']"
平涼鴻萬達賓館,9.0,"['標準雙人間:HK$48', '標準大床房:HK$62', '標準三人間:HK$66']"
平涼金璽賓館,9.1,"['特惠標準間（公共衞浴）:HK$102', '舒適大床房:HK$130', '舒適三人間:HK$166']"
平涼嘉天廈商務酒店（平涼站店）,8.0,"['經濟標準間（無窗）:HK$85', '普通標準間:HK$96', '標準大床房（無窗）:HK$96', '大標間:HK$118']"
平涼99快捷商旅賓館,7.2,"['經濟標間:HK$81', '標準間:HK$97', '大床房:HK$97', '三人間:HK$115']"
平涼簡約賓館,6.4,"['陽光雙床房:HK$108', '温馨大床房:HK$108', '甜蜜大床房:HK$118', '雅緻雙床房:HK$118']"
平涼居家快捷賓館,6.5,['大床房:HK$108']
平涼尚家快捷酒店,6.7,"['標準間:HK$108', '標準大床房:HK$118']"
平涼棟之家賓館,6.0,"['温馨普通間:HK$93', '温馨大床房:HK$93']"
華亭賓館,9.0,"['普通標間:HK$188', '普通單間:HK$188', '商務單間:HK$282', '商務標間:HK$282']"
泊森美居酒店（金華大廈店）,9.5,"['禪意智能大床房:HK$205', '禪意智能雙床房:HK$205', '禪意智能榻榻米大床房:HK$216', '禪意智能豪華大床房:HK$227']"
宜必思酒店（靜寧店）,9.5,"['特價零壓大床房|智能馬桶:HK$179', '零壓高級大床房|智能馬桶:HK$189', '零壓高級雙床房|智能馬桶:HK$189', '零壓温馨親子房|智能馬桶:HK$262']"
橙香瑤池温泉綜合體,9.3,"['特惠大床房:HK$194', '特惠標間:HK$194', '精品標間:HK$252', '豪華大床房:HK$261', '家庭房（榻榻米）:HK$358']"
莊浪紫荊賓館,9.1,"['特價標準雙床房:HK$193', '特價大床房:HK$218', '標準雙床房:HK$244', '標準大床房:HK$251']"
靜寧翔宇大酒店,9.3,"['行政雙床房:HK$241', '行政大床房:HK$264', '智能雙床房:HK$277', '智能大床房:HK$291']"
涇川星鼎鉑怡酒店,9.0,"['簡裝公寓套房:HK$183', '特價大床房:HK$216', '特價雙床房:HK$216', '精裝公寓套房（無空調）:HK$238']"
莊浪梯田鉑怡國際酒店,8.5,"['雅緻雙床房-（慕思床墊+霧化玻璃隔斷+Toto馬桶）:HK$283', '豪華景觀大床房-（慕思床墊+霧化玻璃隔斷+Toto馬桶）:HK$306', '行政精英大床房-（慕思床墊+霧化玻璃隔斷+Toto馬桶）:HK$373', '精緻別緻大床房-（慕思床墊+霧化玻璃隔斷+Toto馬桶）:HK$373']"
涇川瑞逸酒店,9.1,"['舒適標準間:HK$201', '舒適大床房:HK$201', '輕奢大床房:HK$221', '輕奢主題套房:HK$416']"
靈台正宇大酒店,8.8,"['特價大床房:HK$218', '特價標準間:HK$229', '商務大床房:HK$237', '商務標準間:HK$239']"
漫悦民宿（靜寧店）,9.2,"['浪漫星空:HK$206', '侘寂原木風:HK$206', '仙境之橋（私湯）:HK$215', '春日蜜語（私湯）:HK$215']"
涇川九十跡文化酒店,7.9,"['街景雙床房:HK$216', '雅靜大床房:HK$236', '陽光雙床房:HK$246', '私享大床房:HK$246']"
靜寧鼎邦國際大酒店,7.9,"['特價大床房:HK$183', '行政大床房:HK$260', '行政標準間:HK$260', '智能大床房:HK$325']"
途窩假日酒店（華亭汽車站客運中心店）,8.1,"['特價房:HK$116', '輕奢單人間:HK$122', '琳琅雙床房:HK$135', '魅影豪華雙床房:HK$139']"
