酒店名称,评分,房型价格列表
MisooHi南夏隱祕海景酒店（廈門環島南路曾厝垵店）,9.4,"['初也泡池大床房:HK$396', '西柚·泡池大床房:HK$459', '白嶼·大床房:HK$492', '橘夏·泡池大床房:HK$503', '海嶼·工業風閣樓浴缸大床房:HK$524']"
蔦島海景潮宿（廈門中山路步行街輪渡碼頭店）,9.5,"['等風來複古城景大床房（巨幕投影儀+老街城景+全屋智能）:HK$588', '商務大床房:HK$631', '觀風嶼復古城景大床房（巨幕投影儀+老街城景+全屋智能）:HK$654', '商務雙床房:HK$740', '潮笙眠·森法影音雙床房（投影儀+浴缸+景觀＋全屋智能）:HK$762']"
VISHAN·維尚設計師潮宿（中山路步行街店）,9.7,"['靜謐·舒眠大床（藝術窗）:HK$456', '縵野·大床房（超大空間+年輕元素）:HK$576', '縵野·雙床房（舒眠床+月亮廊窗）:HK$620', '歸嶼·街景大床房:HK$631', '歸嶼·街景雙床:HK$674']"
廈門NOA諾岸酒店（火車站SM城市廣場店）,9.6,"['閣-LOFT大床房（MINIBAR+LG音響+小冰箱）:HK$537', '室-智選大床房（MINIBAR+無線充+小冰箱）:HK$579', '閣-LOFT雙床房（MINIBAR+LG音響+小冰箱）:HK$622', '閣-LOFT童趣親子雙床房（全套小童用品）:HK$622', '坊-寬適大床房（MINIBAR+功夫茶具+小冰箱）:HK$672']"
廈門溪理咖啡海景Villa（環島路店）,9.6,"['樹影巨幕投影大床房·記憶枕:HK$683', '森隱浴缸投影大床房·智能客控·冰箱·記憶枕:HK$823', '樹語投影雙床房·智能客控:HK$842', '親子家庭房·巨幕投影會員·小童枕:HK$935', '海景浴缸投影大床房·記憶枕:HK$1,102']"
廈門來雅LAIYA美宿（彩虹沙灘店）,9.7,"['37層海景浴缸房:HK$529', '38層海景浴缸房:HK$591', '37層海景露台大床房:HK$693', '38層海景陽台大床房:HK$693']"
一格海景親子酒店（環島路廈大白城店）,9.5,"['投影大床房:HK$584', '親子家庭房:HK$649', '零壓投影大床房:HK$726', '兩室親子套房（滑滑梯）:HK$776']"
栩程·唯納海景酒店,9.9,"['投影大床房•1080p高清投影:HK$610', '零壓大床房·記憶枕:HK$708', '景觀大床房•記憶枕•乳膠床墊:HK$774', '零壓雙床房•記憶枕•乳膠床墊:HK$828']"
廈門七奢·凡陌海景酒店（集美學村嘉庚公園店）,9.6,"['雅緻大床房:HK$407', '商務大床房:HK$450', '豪華大床房:HK$505', '海景露台簡約套房:HK$519', '商務雙床房:HK$534']"
廈門180°山海故事·全海景度假美宿（環島南路曾厝垵店）,9.0,"['一嶼·極簡大床房（VIP影視+乳膠床墊）:HK$304', '一夕·日落雅緻度假海景房（VIP影視+乳膠床墊）:HK$327', '一月·設計海景房（VIP影視+乳膠床墊）:HK$346', '一瀾·loft海景房（浴缸+VIP影視+乳膠床墊）:HK$379']"
景悦海景美墅,9.6,"['南梔I海景大床房（70°海景+小米智能+零圧床墊+投影）:HK$620', '靈澤I全海景大床房（小米智能+零圧床墊+鼓浪嶼夜景）:HK$642', '曦和I海景大床房（70°海景+小米智能+零圧床墊+投影）:HK$675', '泛月I海景大床房（90°海景+小米智能+零圧床+老城景）:HK$696']"
MisooHi花隱祕境酒店,9.6,"['寓言·精選大床房【温馨宜居·獨享投影·精緻體驗】:HK$492', '花伴·舒適大床房【輕奢宜居·個性化佈局·高清投屏】:HK$545', '夢返·高級大床房【巨屏投影·舒適佈局·精心設計】:HK$599', '聆風·豪華浴缸房【獨享浴缸·吸睛佈局·超大卧室】:HK$653', '桃源·至尊大床房【複式雙層●獨享陽台庭院景●愜意温馨】:HK$782']"
廈門天仙酒店（中山路步行街店）,9.5,"['Thian Sian·影院大床房:HK$565', 'Wander·露台大床房:HK$611', 'Thian Sian·複式大床房 （會客室）:HK$646', 'Cityscape·街景親子房:HK$658', 'Solarium·街景浴缸大床房:HK$670']"
和光集日出海景美宿,9.8,"['微丨閨蜜三床房（零壓乳膠床+高清投影+雲陷沙發）:HK$517', '光丨優選二房一廳（三區分離+電熱馬桶+洗烘一體機）:HK$944', '遠丨優選二房一廳一衞（ 洗烘一體機+ 乳膠零壓床墊 +高清投影）:HK$944', '同丨舒適觀影二房一廳（三區分離+電熱馬桶+洗烘一體機）:HK$986']"
北辰民宿（廈門中山路輪渡碼頭店）,9.4,"['觀星|舒適大床房:HK$541', '攬月|舒睡大床房:HK$572', '自在|影音大床房:HK$658', '雲起|格調大床房:HK$658']"
廈門山尋·漁夕海景酒店（杏林灣新陽橋頭店）,9.7,"['精緻商務大床:HK$320', '高級商務大床:HK$343', '尊享海景大床:HK$366', '悦享景觀大床:HK$396', '高級商務雙床:HK$412']"
廈門言海Littorral（環島路黃厝沙灘店）,9.5,"['陽台大床房:HK$677', '海景大床房:HK$788', '海景眺台大床房:HK$1,010', '露台星空大床房:HK$1,121']"
廈門山尋·與海海景酒店,9.7,"['精緻商務大床房（智能客控+智能馬桶+65寸液晶大電視+冰箱）:HK$320', '樂享陽台大床房（智能客控+智能馬桶+巨幕影音+冰箱）:HK$343', '樂享浴缸大床房（智能客控+智能馬桶+巨幕影音+冰箱）:HK$373', '高級商務雙床房（智能客控+智能馬桶+65寸液晶大電視+冰箱）:HK$381', '尊享海景大床房（智能客控+智能馬桶+巨幕影音+冰箱）:HK$396']"
廈門火車站植物園美侖酒店,9.1,"['商務大床房:HK$562', '豪華大床房:HK$612', '商務雙床房:HK$612', '豪華雙床房:HK$662', '家庭房:HK$772']"
Mudita·觀己酒店（廈門中山路步行街店）,9.3,"['安下·中庭露台大床房:HK$575', '自覺·舒眠大床房:HK$575', '閲己·沐光大床房:HK$620', '無由·城景雙床房:HK$723', '愈見·浴缸大床房:HK$872']"
廈門Annica安妮卡酒店,9.4,"['未遲巨幕大床房:HK$373', '遇見影音大床房:HK$415', '沐舍浴缸大床房:HK$454', '初心影音大床房:HK$459']"
蔦島SKY美宿（廈門中山路步行街輪渡碼頭店）,9.1,"['陽光老街景大床房:HK$337', '美式鄉村大床房【投影儀】:HK$555', '法式浪漫大床房【投影儀】:HK$580', 'Unit520獨立古堡花園大床房（庭院+浴缸+投影儀）:HK$656']"
廈門山禾故事設計師全海景度假酒店,8.5,"['一落·休閑度假舒適大床房:HK$381', '一山·山頂院落度假山海雙床房:HK$405', '一嶼·樹景庭院舒適大床房（VIP影視+乳膠床墊）:HK$405', '一夕·日落海景大床房（VIP影視+乳膠床墊）:HK$430']"
廈門君銘酒店（廈鼓郵輪中心店）,9.1,"['商務雙床房（外窗明亮+市景+山景安靜）:HK$326', '商務大床房（外窗明亮+雙層隔音玻璃+市景）:HK$326', '城景雙床房（落地外窗+雙層隔音玻璃+城景風光）:HK$338', '反詐主題雙床房:HK$338', '智能雙床房（外窗明亮+高層+山景風光+安靜）:HK$368']"
維尚花園潮宿（廈門中山路步行街來雅百貨店）,9.8,"['歸潯·舒眠大床房（新風系統+零壓睡眠+全屋智控）:HK$710', '歸潯·舒眠雙床房（新風系統+零壓睡眠+全屋智控）:HK$755', '晚棠·南洋中庭大床房（獨立花園露台+全屋智控）:HK$819', '晚棠·南洋中庭雙床房（獨立花園露台+全屋智控）:HK$853', '觀月·窗景大床房（奢享零壓記憶床墊+浴缸+全屋智控）:HK$862']"
廈門安境WONDERLAND•HOTEL（廈門北站工學院店）,9.8,"['安隅·陽台大床房（高清投影）:HK$377', '坐忘·陽台大床房（高清投影+帶浴缸）:HK$391', '夕下·陽台大床房（高清投影+帶浴缸）:HK$398', '無外·私享大床房（高清投影+帶浴缸）:HK$425', '半見·花園大床房（高清投影+帶浴缸）:HK$438']"
廈門鷺江·佲家酒店,9.4,"['温馨大床房（別墅內）:HK$479', '精選雙床房（別墅內）:HK$544', '精選大床房（別墅內）:HK$544', '庭院別墅雙床房（水畔別墅內）:HK$610', '悦享城景大床房:HK$654', '鷺江風情雙床房（南洋老錢風+智能馬桶）:HK$654']"
廈門畔見設計酒店,9.3,"['甜夢•創意樹屋:HK$296', '樂眠•創意樹屋:HK$334', '季白•玲瓏複式房:HK$367', '靜語•陶然複式套房:HK$431', '閑影•寫意複式套房:HK$449']"
宜尚酒店（廈門機場SM城市廣場店）,9.3,"['ECHARM丨東呈優選房 \u3000 （温馨適宜+舒睡好眠）:HK$361', 'ECHARM ㅣ高級大床房 （酣暢酣睡+靜逸舒適）:HK$380', 'ECHARM ㅣ高級雙床房 （幽夢好眠+明亮視野）:HK$400', 'ECHARM ㅣ豪華雙床房 （自然眠愈+動人夜景）:HK$423', 'ECHARM ㅣ豪華大床房 （深睡雅居+私享靜謐）:HK$423']"
嶼海·鷺島花園酒店（鼓浪嶼三丘田碼頭店）,9.7,"['鷺嶼丨舒適大床房（巨幕投影+中央空調）:HK$577', '鷺喜丨優選庭景大床房（巨幕投影+中央空調）:HK$696', '鷺境丨一覽標誌性建築八卦樓觀景大床房（中央空調）:HK$806', '鷺夏丨靜享花園套房（巨幕投影+中央空調+觀景浴缸）:HK$915', '鷺海丨尊享園景套房（巨幕投影+中央空調）:HK$1,024']"
廈門山尋·如是海酒店（杏林灣集美學村店）,9.7,"['高級商務大床房（智能客控 +智能馬桶+65寸液晶電視）:HK$320', '浴缸景觀大床房（智能客控+智能馬桶+巨幕影音）:HK$351', '尊享海景大床房（智能客控+智能馬桶+巨幕影音）:HK$381', '高級商務雙床房（智能客控 +智能馬桶+65寸液晶電視）:HK$396', '至尊海景大床房（智能客控+智能馬桶+巨幕影音）:HK$412']"
廈門如故隱山海景民宿,9.0,"['『山野』山景大床房（智能客控）:HK$609', '『遠山』山景雙床房（智能客控）:HK$642', '【山海】海景陽台大床房:HK$719', '『山居』親子套房（智能客控）:HK$1,179', '『日出』海景房（智能客控+私人影院）:HK$1,179']"
廈門MokaHouse海景度假民宿,9.5,"['別緻投影大床房:HK$286', '榻榻米投影大床房:HK$323', '庭院巨幕影音大床房:HK$341', '陽光浴缸投影大床房:HK$378']"
柏納酒店（廈門機場湖裡大道店）,9.5,"['臻享雙床房（舒適睡眠）:HK$392', '臻享大床房（舒適睡眠）:HK$424', '商務大床房（城市市景+獨立辦公）:HK$457', '商務雙床房（城市市景+獨立辦公）:HK$468', '精選豪華大床房（陽光滿屋+城市美景）:HK$501']"
MisooHi隱祕之境海景,9.3,"['梔夏·大床房【智能投影·舒適浴缸·迷你冰箱·私密投屏·助眠套裝】:HK$503', '藍嶼·大床房【明窗飄窗山景·獨立衞浴·室內泡池·私享投影】:HK$599', '敍白·大床房【超闊山景·個性化泡池·大冰箱·乾濕分離】:HK$631', '杳然·大床房【超大落地窗·庭院景觀·温馨沙發·精緻浴缸·迷你冰箱】:HK$664', '馥嶼·大床房【明窗庭院景觀·超大泡池·投影投屏·浪漫落日晚霞】:HK$696']"
鼓浪嶼楊桃院子復興古堡民宿（三丘田碼頭店）,9.7,"['書思大床房:HK$534', '精選雙床房:HK$534', '漁木大床房:HK$569', '漁木雙床房:HK$569']"
一宿·光景別院 （廈門中山路步行街店）,9.0,"['春光舍大床房:HK$344', '秋日堂大床房:HK$405', '夏影居大床房:HK$425', '冬陽閣雙床房:HK$455']"
3w·house2號院,9.8,"['一山:HK$434', '一棕:HK$434', '一灰:HK$597', '一池:HK$619']"
廈門艾思頓S酒店（翔安新城店）,9.1,"['柔感·大床房:HK$555', '靜憩·大床房:HK$587', '設計師工坊·大床房:HK$631', '靜憩·雙床房:HK$631', '視野·大床房:HK$653']"
廈門禾悦·美學（廈門北站工學院店）,9.4,"['精緻·玲瓏精緻大床房[超清投影+零壓床墊]:HK$286', '悦致·靜奢深睡大床房[巨幕投屏+靜逸舒適+零壓床墊]:HK$311', '麗致·高級甜睡大床房[暢享冰箱+零壓床墊]:HK$322', '麗致·舒壓甜睡雙床房[零壓床墊+巨幕投屏]:HK$356', '悦致·高級靜謐雙床房[田園觀景+巨幕投屏+零壓床墊]:HK$377']"
廈門瑞頤大酒店,9.4,"['豪華雙床房:HK$784', '豪華大床房:HK$784', '豪華套房:HK$803', '豪華鼓浪嶼海景雙床房:HK$876', '豪華鼓浪嶼海景大床房:HK$876', '尊貴鼓浪嶼海景大床房:HK$949']"
廈門藍山越海景Hotel（中山路輪渡碼頭店）,9.4,"['景觀大床房（巨幕影院）:HK$589', '豪華海景大床房（70°一線海景＋絕美夜景）:HK$674', '景觀雙床房（巨幕影院）:HK$778', '尊貴海景大床房（180°一線海景＋絕美夜景+可看整個鼓浪嶼）:HK$778', '至尊海景網紅浴缸大床房（270°一線海景+絕美夜景+可看整個鼓浪嶼）:HK$974']"
鼓浪嶼頤居酒店（八卦樓三丘田碼頭店）,9.6,"['等風·庭景loft大床房:HK$445', '飲山·至尊大床房:HK$522', '棲梧·舒睡大床房:HK$584', '棲海·臻選雙床房:HK$631', '觀語•私享陽台大床房:HK$664']"
天下安瀾酒店（翔安廈門大學店）,9.5,"['高級雙床房:HK$434', '幾木親子房:HK$434', '自在雙床房:HK$478', '幾木大床房:HK$511', '閩南印象·庭院大床房:HK$511']"
聆感酒店（鼓浪嶼德國領事館店）,9.7,"['柒號房:HK$524', '肆號房:HK$588', '捌號房:HK$589', '玖號房:HK$589', '壹號房:HK$697']"
廈沫·美居酒店（廈門湖裡萬達店）,9.5,"['琉璃-99°全透（遠眺海景-4K投影-智能客控）:HK$382', '純凈-奶油風（完美飄窗-智能客控-巨幕投影）:HK$420', '繁花-50°黑金（高清投影-全屋智能-高定床品）:HK$420', '遇見-侘寂風（定製浴缸-電動床-投影電動幕布）:HK$458']"
廈門中山路步行街海景美居酒店,9.2,"['標準大床房:HK$612', '複式套房:HK$712', '高級大床房:HK$732', '高級雙床房:HK$782', '豪華側海景大床房:HK$782']"
廈門無二·隱舍輕奢海景度假美墅,9.1,"['優享大床房:HK$340', '茶趣豪華大床房:HK$374', '茶趣豪華雙床房:HK$390', '茶趣豪華家庭房:HK$424']"
柏納S酒店（象嶼保税區高崎機場店）,9.5,"['臻選大床房（全身鏡+迷你冰箱+高清電視）:HK$372', '臻享大床房（商務座椅+冰箱+高清電視）:HK$377', '精選大床房（全身鏡+冰箱+65寸高清電視）:HK$412', '商務大床房（全身鏡+冰箱+65寸高清電視）:HK$437', '商務雙床房（無線充電+冰箱+65寸高清電視）:HK$446']"
ONLYONE望海民宿（環島南路曾厝垵店）,9.8,"['雅緻山景大床房:HK$681', '庭院望海大床房:HK$1,218', '格調山景雙床房:HK$1,247', '望海海景浴缸房:HK$1,486']"
