酒店名称,评分,房型价格列表
漫豪思酒店（廣州北京路天字碼頭店）,9.4,"['舒適大床房:HK$317', '標準大床房:HK$347', '惠選江景房:HK$367', '標準雙床房:HK$409']"
廣州北京路步行街美居酒店,9.6,"['標準大床房:HK$827', '高級大床房:HK$875', '嘉賓大床房:HK$878', '標準雙床房:HK$923', '嘉賓雙床房:HK$960']"
廣州國德國際大酒店（太古滙石牌橋地鐵站店）,9.4,"['商務大床房:HK$403', '商務雙床房:HK$491', '行政大床房:HK$628', '家庭房:HK$691', '商務三床房:HK$691']"
億鉑臻品公寓（廣州火車東站店）,9.1,"['特價房:HK$306', '優選大床房-落地窗+洗烘機一體機:HK$365', '優選雙床房（落地窗+冰箱，洗衣機）:HK$411', '北歐精品大床房（全景落地窗）:HK$470']"
嵐語公館（廣州永慶坊上下九步行街店）,8.9,"['標準大床房:HK$236', '高級大床房:HK$267', '豪華大床房:HK$299', '浪漫定製大床房:HK$352']"
廣州華廈大酒店（北京路步行街海珠廣場地鐵站店）,9.1,"['雅緻城景大床房:HK$568', '雅緻城景雙床房:HK$568', '雅緻江景大床房:HK$602', '雅緻江景雙床房:HK$602', '臻品閲城大床房:HK$701']"
廣東空港大酒店（廣州新白雲國際機場直營店）,8.9,"['Luck-特惠大床房-新風系統>:HK$118', '非·凡時尚影音雙床房-超大空間>休閑沙發>高質投影:HK$168', 'Peppa温馨親子主題房-百寸影音:HK$215']"
維度酒店公寓（廣州北京路步行街越秀公園店）,9.4,"['玲瓏大床房（新風系統+現代簡約+智能投屏）:HK$293', '投影大床房（100寸超大巨幕+智能投屏+温馨舒適）:HK$326', '悦居大床房（親膚床品+舒適睡眠+智能投屏）:HK$359', '悦享大床房（親膚床品+高清化粧鏡+智能投屏）:HK$413']"
新月集（廣州新白雲國際機場直營店）,9.4,"['新享大床房（定製舒眠零壓床墊+一級親膚布草+雙層隔音門窗）:HK$176', '新奢高級大床房（空氣凈化器+定製舒眠零壓床墊+一級親膚布草+雙層隔音門窗）:HK$190', '新奢高級雙床房（空氣凈化器+定製舒眠零壓床墊+一級親膚布草+雙層隔音門窗）:HK$191', '新築行政大床房（智能客控+空氣凈化器+定製舒眠零壓床墊+一級親膚布草+雙層隔音門窗）:HK$221']"
廣州花都希爾頓惠庭酒店（馬鞍山公園地鐵站店）,9.6,"['舒適大床房（生活吧+微波爐+帶冷凍功能冰箱）:HK$407', '靈動大床房（生活吧+微波爐+帶冷凍功能冰箱）:HK$436', '豪華靈動雙床房（生活吧+微波爐+帶冷凍功能冰箱）:HK$468', '靈動雙床房（生活吧+微波爐+帶冷凍功能冰箱）:HK$470', '豪華靈動大床房（生活吧+微波爐+帶冷凍功能冰箱）:HK$479']"
尚品假日酒店（廣州新白雲國際機場店）,9.5,"['輕尚大床房:HK$179', '品致雙床房:HK$201', '品致大床房:HK$211', '優眠雙床房:HK$253']"
宏陽·麗悦雲居（廣州塔琶洲會展中心店）,9.5,"['雅緻影視大床房:HK$427', '隱逸一樓豪華大床房:HK$427', '雅緻影視雙床房:HK$449', '首層愛心豪華房:HK$449', '雅緻園景大床房:HK$481']"
逸米米公寓（廣州融創文旅城熱雪奇蹟店）,9.5,"['簡·北歐大床房（絲漣床墊）:HK$469', '雅·北歐雙床房（小度智能）:HK$533', '怡·北歐觀影雙床房（騰訊影視）:HK$565', '悦·北歐親子房（樂園美景）:HK$617']"
粵城公館（廣州珠江新城五羊邨地鐵站店）,9.3,"['舒雅大床房（智能馬桶+電動窗簾+電視投屏）:HK$388', '舒雅雙床房（智能馬桶+電動窗簾+電視投屏）:HK$388', '典雅雙床房（智能馬桶+電動窗簾+電視投屏）:HK$411', '典雅大床房（智能馬桶+電動窗簾+電視投屏）:HK$411', '雅緻大床房（泡泡浴缸+智能馬桶+電動窗簾+電視投屏）:HK$446']"
品若酒店（廣州市橋地鐵站店）,9.1,"['品心大床房:HK$284', '品心雙床房:HK$322', '品致大床房（化粧鏡+電動窗簾）:HK$348', '品致雙床房（化粧鏡+電動窗簾）:HK$380']"
宜尚（廣州北京路公園前地鐵站店）,9.2,"['智能標準大床房【安靜|全屋智能|獨立新風系統】:HK$585', '智能標準雙床房【安靜舒適+全屋智能+獨立新風系統】:HK$606', '智能高級大床房【採光明亮玻璃窗+全屋智能】:HK$625', '智能高級雙床房【採光明亮玻璃窗+全屋智能】:HK$648', '豪華大床房【超大窗户採光明亮+芝華士沙發+全屋智能】:HK$693']"
楓季（廣州新白雲國際機場體驗店）,9.6,"['楓季特惠大床房（智能客控+舒適床墊）:HK$159', '楓季投影大床房（超大幕布投影+舒適床墊）:HK$180', '楓季投影雙床房（超大幕布投影+智能客控）:HK$215', '楓季景觀投影大床房（智能客控+網紅打卡）:HK$234']"
迎賓國際酒店（廣州新白雲國際機場店）,9.3,"['舒適大床房（寬敞明亮+零壓床墊）:HK$126', '標準雙床房（零壓床墊+舒適床品）:HK$152', '豪華大床房（零壓床墊+獨享大窗觀景）:HK$175', '豪華雙床房（兩張大床+寬敞明亮）:HK$187']"
廣州珠江新城如家商旅酒店,9.5,"['大床房A:HK$289', '商務大床房:HK$349', '雙床房:HK$376', '高級大床房:HK$403']"
廣州愛羣大酒店（北京路步行街孫逸仙紀念醫院店）,8.0,"['標準大床房:HK$263', '標準雙床房:HK$265', '江景大床房:HK$297', '江景雙床房:HK$305']"
城南·故里（廣州南站店）,9.5,"['隨遇｜喧囂大床房｜大投影｜零壓床墊｜榻榻米式小茶台:HK$457', '拾餘｜惠風和暢大床房｜大投影｜零壓床墊｜和式小茶台:HK$481', '心景｜温馨小窩雙床房｜大投影｜零壓床墊｜和式小茶台:HK$508', '覓知｜Loft空間大床房｜零壓床墊｜55寸大電視｜小沙發:HK$533']"
美豪麗致酒店（廣州東站店）,9.3,"['高級大床房:HK$632', '高級雙床房:HK$632', '麗致大床房:HK$675', '麗致雙床房:HK$675', '城景雙床房:HK$741']"
珠海特區大酒店（廣州北京路步行街西門口地鐵站店）,9.0,"['特惠大床房:HK$262', '舒適標準雙床房:HK$388', '舒適大床房:HK$401', '豪華中式雙床房:HK$420']"
萬庭酒店（廣州塔琶洲會展中心店）,9.5,"['特惠影音大床房（智能客控＋乳膠床墊+新風系統）:HK$300', '舒享影音大床房（乳膠床墊+全屋智能+私享靜謐）:HK$345', '豪華大床房（乳膠床墊+全屋智能+通透採光）:HK$420', '至尊影音大床房（深度睡眠+迷你冰箱+全屋智能）:HK$428']"
蘭蒂斯酒店（廣州陳家祠地鐵站西華路店）,9.0,"['榻榻米大床房:HK$325', '大床房:HK$359', '高級大床房:HK$412', '高級雙床房:HK$435']"
滙居酒店（廣州沙麪島海珠廣場店）,9.1,"['新風大床房（電視投屏+安靜睡眠）:HK$217', '玲瓏雅緻雙床房（電視投屏+安靜睡眠）:HK$373', '玲瓏雅緻大床房（電視投屏+安靜睡眠）:HK$373', '城景大床房（明亮視野+温馨舒適）:HK$424']"
天美·Timmy Apartment（廣州太古滙石牌橋地鐵站店）,9.1,"['迷你大床房（靜謐空間+温馨舒適）:HK$339', '日式大床房（榻榻米大床+精緻體驗）:HK$364', '精緻大床房（精緻怡然+乾淨衞生）:HK$386', '城景飄窗房（城市景觀+飄窗廣角夜景）:HK$397']"
廣州K公寓（珠江新城店）,9.1,"['市景電視大床房:HK$556', '特惠LOFT雙床房【陽台+洗衣機+迷你廚房】:HK$667', '江景複式雙床房【巨幕投影+洗衣機+迷你廚房】:HK$787', '複式投影三居室套房:HK$825']"
華美達安可酒店（廣州白雲三元里店）,9.0,"['標準雙床房:HK$359', '影音大床房:HK$359', '高級大床房（投屏電視+靜謐舒適）:HK$392', '高級雙床房（投屏電視+靜謐舒適）:HK$392', '豪華雙床房（超大空間+投屏電視）:HK$448']"
萊卡酒店（廣州北站花都廣場店）,9.4,"['零壓大床房（零壓舒適床墊+智能投屏+優質睡眠）:HK$209', '城景大床房（智能投屏+休閑商務沙發+俯瞰城市街景）:HK$219', '零壓雙床房（零壓舒適床墊+寬幅掛衣行李架+智能投屏）:HK$230', '巨幕影音大床房（100寸巨幕觀影+愛奇藝會員+HIFI音質）:HK$230']"
隱舍酒店（廣州江南西昌崗地鐵站店）,9.4,"['標準大床房:HK$610', '投影大床房:HK$681', '標準雙床房:HK$681', '投影雙床房:HK$730', '商務大床房:HK$766']"
青檸檬樹國際公寓（廣州市北京路捷登都會店）,9.0,"['商務遠景大床房:HK$404', '商務遠景雙床房:HK$459', '尊榮遠景大床套房:HK$521', '尊榮遠景雙床套房:HK$560']"
廣州安漫四季公寓（廣州北京路步行街大佛寺店）,9.1,"['迷你單人房:HK$397', '雅緻大床房（帶巨幕投影+投屏）:HK$414', '雲季大床房:HK$445', '輕奢大床房（帶巨幕投影+wifi投屏 ）:HK$462']"
廣州天河珠江新城澳斯特精選酒店,9.4,"['活力大床房（五星床墊+隔音玻璃）:HK$452', '活力雙床房（五星床墊+隔音玻璃）:HK$452', '荷里活家庭雙拼大床房（特大床+星級床墊+隔音玻璃）:HK$480', '靈感大床房（保鮮冰箱+金可兒床墊）:HK$503', '活力家庭房（親子玩具+金可兒床墊）:HK$553']"
夢殼美宿（區莊文化大樓店）,9.5,"['夢殼和風投影房（舒眠床墊+洗衣機）:HK$355', '夢殼半夏投影房（舒眠床墊+洗衣機+巨幕投影）:HK$374', '夢殼日暄投影房（舒眠床墊+洗衣機+巨幕投影）:HK$376', '夢殼扶搖LOFT拍照投影房（洗衣機+冰箱+舒眠床墊）:HK$425']"
逸米公寓（廣州北京路步行街大佛寺店）,9.2,"['大床房:HK$354', '高級大床房:HK$387', '高大投影房:HK$408', '高級雙床房:HK$527']"
CityNote希諾酒店（廣州永慶坊西門口地鐵站店）,9.3,"['舒適大床房【全屋智控+新風系統+零壓枕+迷你冰箱】:HK$341', '希諾大床房【全屋智控+冰箱+零壓枕+落地窗+全身鏡】:HK$377', '希諾影音大床房【全屋智控+新風系統+零壓枕+巨幕投影投屏+冰箱】:HK$386', '希諾影音雙床房【全屋智控+新風系統+零壓枕+巨幕投影投屏+冰箱】:HK$395']"
廣州東方賓館,9.2,"['豪華客房-雙床:HK$609', '尊榮房-雙床:HK$639', '豪華客房-大床:HK$648', '豪華大床房公寓:HK$664', '精英雙床房:HK$690', '尊榮園景大床房:HK$701']"
廣州天河太古滙麗呈睿軒酒店,9.4,"['舒適大床房（超清巨幕+純凈新風）:HK$427', '高級大床房（落地玻璃+安靜舒適）:HK$448', '影音雙床房（純凈新風+安靜舒適）:HK$448', '商務大床房（靜謐學習+舒適休憩）:HK$469']"
宜尚酒店（廣州永慶坊長壽路地鐵站店）,9.4,"['舒適大床房:HK$412', '智能標準大床房:HK$435', '智能高級大床房:HK$457', '智能高級雙床房:HK$457']"
凱旋龍酒店（廣州區莊地鐵站北京路步行街店）,9.3,"['凱歌陽光雙床房-安靜舒適+採光好:HK$385', '凱歌陽光大床房-安靜舒適+採光好:HK$385', '凱歌靜謐雙人房-高品質床墊+採光好+南北空氣對流:HK$406', '凱悦豪華雙人房-悠閑貴妃椅+全外景:HK$450']"
詩加洛酒店（廣州北京路步行街北京路地鐵站店）,8.6,"['榻榻米大床房（全屋智能聲控+新風系統）:HK$392', '高級大床房（全屋智能聲控+4K高清投影+新風系統）:HK$446', '輕奢大床房（全屋智能聲控+4K高清投影+新風系統）:HK$490', '豪華商務雙床房（全屋智能聲控+4K高清投影+新風系統）:HK$512']"
全季酒店（廣州天河火車東站店）,9.5,"['高級大床房A:HK$474', '高級大床房:HK$501', '商務大床房:HK$528', '雙床房:HK$554']"
外商·藝龍酒店（廣州珠江新城店）,9.0,"['心悦高級雙床房（無線充電+智能客控+電動窗簾）:HK$587', '心悦高級大床房（無線充電+智能客控+電動窗簾）:HK$587', '藝心城景大床房（無線充電+智能客控+智能馬桶）:HK$720', '藝心城景雙床房（無線充電+智能客控+智能馬桶）:HK$720', '草莓音樂星品大床房（全屋主題定製+智能小度+智能馬桶）:HK$753', '不凡行政大床（悦碧施高端洗護+徠芬沙龍級吹護+Lavazza膠囊+智能客控）:HK$805']"
廣東勝利賓館 （沙麪島店）,9.4,"['粵逸大床房-歲月悠悠，經典韻味長存:HK$642', '粵逸雙床房-歲月悠悠，經典韻味長存:HK$642', '粵享大床房-歐式浪漫，悠享假日時光:HK$685', '粵享雙床房-歐式浪漫，悠享假日時光:HK$685', '粵雅大床房-奢睡體驗+享太空記憶棉床墊:HK$750']"
Plog波普格酒店（廣州北京路步行街大佛寺店）,9.0,"['精選大床房（投影+提供自助洗衣房）:HK$399', '波普格大床房-酒店提供自助洗衣房:HK$444', '波普格落地窗大床房-酒店提供自助洗衣房:HK$494', '波普格落地大床房PLUS（投影+公區提供自助洗衣房）:HK$503']"
環逸酒店（廣州永慶坊沙麪島店）,8.8,"['恬逸·大床房:HK$287', '品逸·大床房（通透採光）:HK$312', '閑逸·大床房（通透採光）:HK$359', '恬逸·雙床房（通透採光）:HK$376']"
悦雲酒店（廣州白雲國際機場人和地鐵站店）,9.5,"['榻榻米原木大床房:HK$188', '優享精選大床房:HK$201', '榻榻米原木雙床房:HK$206', '陽光舒眠雙床房:HK$233']"
廣豪酒店（廣州珠江新城天河公園地鐵站店）,8.9,"['標準大床房（靜謐舒適）:HK$238', '商務大床房（賞城市景觀+通風采光好）:HK$260', '標準雙床房（觀城市景觀+通風采光佳）:HK$260', '商務雙床房（賞城市景觀+私享靜幽）:HK$281']"
總統府邸（廣州崗頂地鐵站太古滙店）,9.3,"['悦聽 | 大床房「全屋聲控·安穩入眠」:HK$500', '悦聽 | 雙床房「全屋聲控·零壓枕·負離子吹風機」:HK$511', '旋夢|大床房「落地窗·縱覽市景·零壓枕」:HK$532', '樂眠 | 大床房「全屋聲控·零壓枕·負離子吹風機·」:HK$532']"
