酒店名称,评分,房型价格列表
木鳥民宿（延邊大學網紅牆店）,9.6,"['710大床房:HK$399', '1116大床房:HK$403', '702大床房:HK$426', '701雙床房:HK$426']"
未見山·庭院度假設計師客棧（延吉師範分院店）,9.7,"['設計師露台大床房（戴森吹風機+金可兒床墊+漢斯格雅衞浴）:HK$572', '設計師露台套房（戴森吹風機+金可兒床墊+漢斯格雅衞浴）:HK$948', '設計師庭院套房（戴森吹風機+金可兒床墊+漢斯格雅衞浴）:HK$1,081', '設計師娛樂套房（戴森吹風機+金可兒床墊+漢斯格雅衞浴）:HK$1,300']"
青桔·設計師酒店（延吉延邊大學水上市場店）,9.5,"[""Qingju ' 智能精緻大床房（全屋智能客控+深度睡眠乳膠床墊+手機投屏）:HK$580"", ""Qingju ' 智能高級大床房（全屋智能客控+深度睡眠乳膠床墊+拍照出片）:HK$602"", ""Qingju ' 智能舒適雙床房（全屋智能客控+深度睡眠乳膠床墊+乳膠零壓枕）:HK$621"", ""Qingju ' 智能豪華大床房（全屋智能客控+深度睡眠乳膠床墊+精美夜景+手機投屏）:HK$666""]"
小蜜蜂酒店（朝鮮民俗園店）,9.5,"['Bee·零壓大床房（全屋地暖+智能客控+一次性浴巾+零壓床墊+零壓枕+智能電視+乾濕分離+高速吹風機+環境靜謐）:HK$437', 'Bee·零壓雙床房（全屋地暖+智能客控+一次性浴巾+零壓床墊+零壓枕+智能電視+乾濕分離+高速吹風機+環境靜謐）:HK$437', 'Bee·舒適大床房（全屋地暖+智能客控+一次性浴巾+零壓床墊+零壓枕+智能電視+乾濕分離+高速吹風機+環境靜謐）:HK$492', 'Bee·豪華雙床房（全屋地暖+智能客控+一次性浴巾+零壓床墊+零壓枕+智能電視+乾濕分離+高速吹風機+環境靜謐）:HK$656']"
潮漫酒店（琿春現代百貨海鮮街店）,9.6,"['嚴選大床房:HK$455', '欣選大床房:HK$489', '温馨家庭房:HK$524', '樂選大床房:HK$593']"
韓風閣民宿（延邊大學網紅牆店）,9.2,"['韓風地台雙床房:HK$482', '地台大雙床房:HK$482', '奶油風拉門兩室倆床房:HK$482', '韓式雙床房:HK$535']"
瑰麗 · 臻選酒店（延吉延邊大學水上市場店）,9.4,"['智能標準大床房（手機投屏+智能馬桶+新風系統）:HK$239', '智能高級大床房（手機投屏+智能馬桶+新風系統）:HK$239', '智能高級雙床房（手機投屏+智能馬桶+新風系統）:HK$250', '智能優眠大床房（手機投屏+智能馬桶+新風系統）:HK$262']"
金凱悦·假日酒店（延吉延邊大學西市場店）,9.5,"['輕奢商務大床房:HK$398', '輕奢商務標準間:HK$398', '輕奢雅緻大床房:HK$443', '輕奢精品大床房:HK$519']"
伴山·輕奢旅宿民宿（延吉萬達廣場延吉西站店）,9.5,"['Coen·伴山舒享大床房（深度睡眠零壓床墊+無印良品床品+乾濕分離+拍照出片）:HK$231', 'Coen·伴山雅緻大床房（深度睡眠零壓床墊+無印良品床品+乾濕分離+拍照出片）:HK$238', 'Coen·伴山舒享雙床房（深度睡眠零壓床墊+無印良品床品+乾濕分離+拍照出片）:HK$253', 'Coen·伴山雅緻雙床房（深度睡眠零壓床墊+無印良品床品+乾濕分離+精美夜景）:HK$285']"
延吉百貨大樓西市場希岸Deluxe酒店,9.6,"['Deluxe高級大床房（智能客控+智控馬桶）:HK$544', 'Deluxe豪華大床房（智能客控+智控馬桶+電視投屏）:HK$589', 'Deluxe榻榻米房（超大榻榻米+智能客控+智控馬桶）:HK$624', 'Deluxe豪華套房（小冰箱+智能客控）:HK$633']"
歸隱X酒店（延吉延邊大學網紅牆西市場店）,9.7,"['悠享大床房（智能客控+零壓床墊）:HK$414', '悦居大床房（智能客控+零壓床墊）:HK$455', '舒韻雙床房（智能客控+零壓床墊）:HK$456', '卓逸大床房（智能客控+零壓床墊）:HK$498']"
延吉華馨宿藝術酒店（延大網紅牆店）,9.2,"['歡享大床房（智能客控+手機投屏+慕斯床墊）:HK$651', '輕享商務房（智能客控+乾濕分離+手機投屏+慕斯床墊）:HK$789', '樂享家庭房（智能客控+洗烘機+手機投屏+慕斯床墊）:HK$820', '温享親子房（卡通主題+小童用品+手機投屏+慕斯床墊）:HK$851', '悠享棋牌四人房（温泉泡池+麻將機+投屏+慕斯床墊）:HK$1,121']"
巴爾魯娜酒店（延吉延邊大學西市場店）,9.5,"['Beln · 望月韓舍大床房（乾濕分離+深度睡眠零壓床墊+手機投屏）:HK$325', 'Beln · 庭院商務雙床房（乾濕分離+深度睡眠零壓床墊+手機投屏）:HK$435', 'Beln · 街景商務大床房（乾濕分離+深度睡眠零壓床墊+手機投屏）:HK$515', 'Beln · 庭院商務大床房（乾濕分離+深度睡眠零壓床墊+手機投屏）:HK$515']"
雲梵·新中式影院民宿（延吉延邊大學西市場店）,9.2,"['雲梵•見喜丨精品大床房-智能客控+百寸巨幕+影視會員:HK$330', '雲梵•圍茶丨民俗大床房-智能客控+百寸巨幕+影視會員:HK$354', '雲梵•詩畫丨輕奢大床房-智能客控+百寸巨幕+影視會員:HK$377', '雲梵•家庭丨合歡親子房-智能客控+百寸巨幕+影視會員:HK$425']"
萊恩·設計師酒店（延吉延邊大學西市場店）,9.5,"['Lion ‘ 韓式民俗房（全屋智能客控丨手機投屏丨品牌羽絨床品）:HK$359', 'Lion ‘ 悠享大床房（智能客控丨拍照出片丨手機投屏）:HK$359', 'Lion ‘ 悠享雙床房（全屋智能客控丨深度睡眠乳膠床墊丨拍照出片）:HK$376', 'Lion ‘ 酣睡大床房（全屋智能客控丨深度睡眠乳膠床墊丨品牌羽絨床品）:HK$393']"
筱曦暖居（延邊大學公園路店）,9.9,"['大床房1610:HK$504', '舒適大床房:HK$504', '市景二室二床房:HK$579', '標準雙床房:HK$579']"
延吉華益卡伊洛斯酒店,9.4,"['韓式大床房:HK$927', '商務大床房:HK$982', '韓式雙床房:HK$1,080', '豪華套房:HK$1,518']"
拾憶·輕奢網紅觀影民宿（延吉延邊大學網紅牆店）,9.6,"['民俗鞦韆｜陽光大床房「100寸巨幕觀影•乾濕分離」11031:HK$353', '網紅月球｜陽光大床房「投影•減壓床墊•乾濕分離」11032:HK$353', '温馨安眠｜高級大床房「夢百合零壓床墊•乾濕分離•城景」1023:HK$377', '温馨｜特大床房「投影•夢百合零壓床墊•乾濕分離」0409:HK$406']"
如家酒店·neo（延吉朝鮮民俗園店）,9.8,"['商務大床房:HK$342', '大床房:HK$351', '雙床房:HK$368', '零壓大床房:HK$376']"
延吉紅菊酒店,9.5,"['高空城景·智能語音大床房（全屋智能）:HK$836', '親水遠山·觀景大床房（全屋智能+手機投屏）:HK$890', '親水遠山·商務大床房（全屋智能+手機投屏）:HK$905', '高空城景·智能語音家庭房（全屋智能+手機投屏）:HK$1,013', '晚霞似錦·觀景雙床房（全屋智能+手機投屏）:HK$1,040', '親水遠山·歡樂親子家庭房（小童用品+全屋智能）:HK$1,210']"
花築·般藍酒店（延吉朝鮮族民俗園恐龍王國店）,9.7,"['煥森·山景大床房（遠眺帽兒山+全屋智能+手機投屏）:HK$818', '煥森·園景大床房（一覽民俗園+全屋智能+手機投屏）:HK$879', '煥森·舒心沐浴套房（泡泡浴缸+全屋智能+手機投屏）:HK$1,237', '煥森·家庭套房（一覽山景+全屋智能+手機投屏）:HK$1,288', '煥森·樹與友親子房（小童用品+全屋智能+手機投屏）:HK$1,589']"
延吉延邊大學網紅牆桔子水晶酒店,9.9,"['高級大床房（絲漣床墊+助眠香薰晶石+加濕器）:HK$844', '雙床房（絲漣床墊+助眠香薰晶石+加濕器）:HK$915', '商務大床房（絲漣床墊+助眠香薰晶石+加濕器）:HK$934', '商務雙床（絲漣床墊+助眠香薰晶石+加濕器）:HK$975', '行政大床房（手沖coffee+助眠香薰晶石+加濕器）:HK$1,045']"
長白山池隱留白民宿（北景區集散中心店）,9.9,"['泊英·大床房【星辰仰望+老榆木床+慕思床墊+光音影院】:HK$982', '隱露·大床房【榻榻米+慕思床墊+光音影院】:HK$1,091', '泊雪·大床房【榻榻米+慕思床墊+光音影院】:HK$1,091', '泊塵·大床房【林影露台+浴缸+老榆木床+慕思床墊+光音影院】:HK$1,310', '隱蟬·大床房【臨溪露台+浴缸+老榆木床+慕思床墊+光音影院】:HK$1,747']"
漢庭酒店（延吉西站萬達廣場店）,9.8,"['大床房:HK$580', '高級大床房:HK$580', '高級雙床房:HK$720', '家庭房:HK$767']"
藍溪酒店（延吉延邊大學網紅牆水上市場店）,9.6,"['雅緻大床房（手機投屏+乾濕分離+羽絨床品）:HK$398', '商務大床房（手機投屏+觀景茶台+羽絨床品）:HK$442', '精品大床房（手機投屏+零壓枕芯+靜音冰箱+羽絨床品）:HK$475', '商務雙床房（手機投屏+觀景茶台+羽絨床品）:HK$496']"
巷遇·復古藝術酒店（延吉延邊大學東方水上市場店）,9.6,"['勃艮第紅瀾·睡眠房（遊戲主場+隨心刷劇＋雙人嗨玩）:HK$368', '勃艮第紅瀾·大床房（雙柄狂歡＋同屏激戰+無線追劇）:HK$468', '牛油果綠漾·雙床房（金可兒床墊+智能客控+手機投屏）:HK$484', '牛油果綠瀾·大床房（金可兒床墊+智能客控+手機投屏）:HK$484']"
延吉雲起民宿（延邊大學網紅牆店）,9.6,"['智能大床+榻榻米房（顧家床墊+小愛同學+智能馬桶）:HK$248', '奶油ins大床＋榻榻米（顧家床墊+小愛同學+智能馬桶）:HK$248', '智能復古大床+榻榻米（顧家床墊+小愛同學+智能馬桶）:HK$308']"
嘉城酒店（延邊大學網紅牆店）,9.8,"['Jia~C有致大床房（無窗）【空調通風系統+智能馬桶】:HK$268', 'Jia~C雅緻大床房（無窗）【空調通風系統+智能馬桶】:HK$370', 'Jia~C致尚大床房【手機投屏+智能馬桶+零壓床墊】:HK$398', 'Jia~C精緻大床房【手機投屏+智能馬桶+乾濕分離】:HK$435']"
漢庭酒店（延吉朝鮮民俗園恐龍王國店）,9.8,"['大床房:HK$586', '高級大床房:HK$615', '雙床房:HK$681', '套房:HK$699']"
康鉑酒店（延邊大學網紅牆水上市場店）,9.7,"['舒適大床房:HK$448', '高級大床房:HK$480', '高級雙床房:HK$496', '豪華大床房:HK$576']"
延吉百貨大樓西市場亞朵X酒店,9.5,"['高級大床房:HK$861', '行政大床房:HK$907', '高級雙床房:HK$987', '行政雙床房:HK$1,077', '高級家庭房:HK$1,256']"
延吉恐龍溫泉酒店（朝鮮族民俗園恐龍王國店）,8.7,"['雅緻大床房:HK$785', '雅緻雙床房:HK$785', '休閑娛樂大床房（麻將機）:HK$1,124', '尊享大床房:HK$1,201', '尊享大床房（室外小院）:HK$1,201', '劇院主題親子房:HK$1,342']"
韓元智能賓館（延吉延邊大學網紅牆西市場店）,9.1,"['韓·優選雙床房（韓國進口超舒睡床墊）:HK$229', '韓·智選舒適雙床房（韓國進口超舒睡床墊）:HK$306', '韓·智選豪華雙床房（韓國進口超舒睡床墊）:HK$444', '韓·智選豪華大床房（韓國進口超舒睡床墊）:HK$470']"
全季酒店（延吉西站萬達廣場店）,9.5,"['大床房:HK$690', '雙床房:HK$690', '高級大床房:HK$717', '套房:HK$743']"
長白山雲水希悦麗呈温泉酒店,9.4,"['湘夢·大床房:HK$588', '湘夢·雙床房:HK$630', '朧月·雙床房:HK$841', '朧月・ 大床房:HK$894', '靜安·智能·雙床房:HK$894']"
季墨Gimo·智能影院設計師民宿（延邊大學網紅彈幕牆店）,9.6,"['紗幔·Gimo·智能觀影意境大床套房（巨幕投影+觀景浴缸+乾濕分離）:HK$776', '梵境·Gimo·異域風情街景大床套房（巨幕投影+觀景浴缸+高端一次性備品）:HK$829', '紋絡·Gimo· 北歐風情街景大床套房（巨幕投影+觀景浴缸+全屋智能客控）:HK$829', '綺夢·Gimo·復古文藝街景雙床套房（巨幕投影+觀景浴缸+影視會員）:HK$884']"
雲居酒店（延吉延邊大學西市場店）,9.6,"['種玉大床房:HK$469', '出岫舒適大床房:HK$501', '出岫商務大床房:HK$535', '煮雨高級大床房（榻榻米）:HK$567']"
山北壹號民宿（長白山北坡集散中心店）,9.9,"['【山野】精選大床房【智能客控+智能馬桶+乾濕分離衞生間+極米投影儀+零壓床墊+記憶枕】:HK$667', '【北島】山海設計師甄選·浴缸大床房【浴缸+智能客控+智能馬桶+乾濕分離衞生間+極米投影儀+零壓床墊+記憶枕】:HK$710', '【山青】設計師甄選·大床房【智能客控+智能馬桶+乾濕分離衞生間+極米投影儀+零壓床墊+記憶枕】:HK$710', '【山海】設計師甄選·大床房【智能客控+智能馬桶+乾濕分離衞生間+極米投影儀+零壓床墊+記憶枕】:HK$710']"
星程酒店（延吉西站萬達廣場店）,9.5,"['高級大床房:HK$516', '高級雙床房:HK$527', '豪華大床房:HK$546', '豪華雙床房:HK$557']"
金達萊·酒店（延邊大學網紅牆西市場店）,9.5,"['榻榻米大床房:HK$344', '標準大床房:HK$344', '雅緻大床房（帶窗台）:HK$402', '優選大床房:HK$402']"
凱莉登酒店（延吉百貨大樓店）,9.6,"['商務雙床房（智能客控+空氣凈化器+手機投屏+coffee機）:HK$781', '商務大床房（智能客控+空氣凈化器+手機投屏+coffee機）:HK$781', '豪華大床房（智能客控+空氣凈化器+手機投屏+coffee機）:HK$808', '行政大床房（智能客控+空氣凈化器+手機投屏+coffee機）:HK$830', '行政套房（智能客控+空氣凈化器+手機投屏+coffee機）:HK$1,430']"
延吉國際飯店,9.2,"['普通大床房:HK$536', '商務大床房:HK$615', '商務標準間:HK$615', '智能大床房:HK$681', '零壓標間（0壓床墊+智能窗簾）:HK$681']"
喆啡酒店（延吉延邊大學百貨大樓店）,9.7,"['浪漫星空影視大床房:HK$790', '啡凡體驗房:HK$824', '醇享生活房:HK$859', '醇享大床房:HK$905']"
延吉喜盈達酒店（百貨大樓西市場店）,9.9,"['高級大床房:HK$663', '行政套房:HK$672', '高級雙床房:HK$691', '豪華親子房:HK$720']"
延吉中心希爾頓歡朋酒店,9.7,"['舒適大床房（智能客控+手機投屏）:HK$970', '舒適雙床房（智能客控+手機投屏）:HK$1,012', '高級大床房（智能客控+手機投屏）:HK$1,082', '高級雙床房（智能客控+手機投屏）:HK$1,142', '豪華大床房（智能客控+手機投屏）:HK$1,305']"
長白山藍景國際生態交流中心,9.8,"['高級雙床房 二號樓:HK$1,289', '豪華大床房 一號樓:HK$2,164', '豪華雙床房 一號樓:HK$2,164', '雙床房 三號樓:HK$2,819', '大床房 三號樓:HK$2,819', '特色大床房 三號樓:HK$3,038']"
你好酒店（延吉西市場店）,9.6,"['大床房:HK$580', '高級大床房:HK$589', '高級雙床房:HK$608', '家庭房:HK$626']"
雲芽高端民宿（延吉市民俗園店）,9.7,"['奶油原木雙床房（巨幕投影）:HK$445', '意式豪華三床房（巨幕投影）:HK$542']"
漢庭酒店（延吉參花街水上市場店）,9.8,"['高級大床房:HK$580', '商務大床房:HK$608', '雙床房:HK$608', '商務雙床房:HK$626']"
延吉延邊賓館（朝鮮族民俗園店）,9.6,"['舒適雙床房（智能馬桶+葉黃素蒸汽眼罩）:HK$678', '商務大床房（智能馬桶+葉黃素蒸汽眼罩）:HK$707', '豪華雙床房（智能馬桶+手機投屏）:HK$718', '全景雙床房（智能馬桶+手機投屏）:HK$758', '朝鮮族榻榻米房（小）（智能馬桶+葉黃素蒸汽眼罩）:HK$897', '迎賓樓民俗高級雙床房（智能）:HK$936']"
