酒店名称,评分,房型价格列表
徐州綠地鉑瑞酒店,9.6,"['豪華露台園景雙床房:HK$826', '豪華露台園景大床房:HK$827', '豪華露台湖景雙床房:HK$935', '豪華露台湖景大床房:HK$935', '行政露台園景大床房:HK$1,154', '行政露台園景雙床房:HK$1,154']"
徐州蘇寧廣場淮海路亞朵S酒店,9.7,"['雅緻大床房:HK$648', '高級大床房:HK$688', '雅緻雙床房:HK$709', '高級雙床房:HK$744', '幾木大床房:HK$806']"
怡程酒店（徐州蘇寧廣場店）,9.6,"['智能標準大床房（高清投屏+mini冰箱+全智能客控）:HK$645', '智能高級大床房（65寸高清投屏+mini冰箱+全智能客控）:HK$677', '智能高級雙床房（65寸高清投屏+全智能客控+mini冰箱）:HK$709', '城景豪華大床房（65寸高清投屏+浪漫城景+mini冰箱）:HK$740', '影院豪華大床房（巨幕影音+私人浴缸+mini冰箱）:HK$772']"
徐州雅高瑞享酒店,9.5,"['瑞享豪華大床房（智能客控+俯瞰城市景觀+智能馬桶）:HK$467', '瑞享豪華雙床房（智能客控+俯瞰城市景觀+智能馬桶）:HK$467', '瑞享行政大床房（智能客控+甜夢之床）:HK$685', '瑞享行政雙床房（智能客控+甜夢之床）:HK$685', '瑞享豪華親子雙床房（智能客控+智能馬桶+金可兒床墊）:HK$718', '瑞享行政套房（智能客控+戴森吹風機+膠囊coffee機）:HK$1,209']"
徐州雲龍湖麗芮酒店,9.6,"['芮享高級大床房（戴森吹風機+舒達床品）:HK$479', '芮享豪華大床房（戴森吹風機+舒達床品）:HK$512', '芮享高級雙床房（戴森吹風機+舒達床品）:HK$545', '芮享豪華雙床房（戴森吹風機+舒達床品）:HK$578', '芮享商務雙床房（戴森吹風機+舒達床品）:HK$610']"
徐州市中心喬治莫蘭迪酒店,9.3,"['高級大床房（智能客控+舒適零壓力枕）:HK$403', '商務大床房（智能客控+舒適零壓力枕）:HK$431', '商務雙床房（智能客控+舒適零壓力枕）:HK$431', '豪華大床房（智能客控+舒適零壓力枕）:HK$461', '尊享大床房（智能客控+舒適零壓力枕）:HK$490']"
徐州雲龍山希爾頓歡朋酒店,9.3,"['舒適大床房:HK$500', '高級大床房:HK$532', '舒適雙床房:HK$532', '豪華大床房:HK$565', '高級雙床房:HK$565']"
徐州新淮中心希爾頓歡朋酒店,9.7,"['舒適-大床房:HK$613', '舒適-雙床房:HK$613', '高級-大床房:HK$643', '高級-雙床房:HK$643', '荷里活房-超大床:HK$643']"
徐州開元迎賓館大酒店,9.6,"['開元大床房:HK$707', '開元雙床房:HK$707', '開元家庭套房:HK$1,198']"
徐州東區綠地鉑驪酒店（高鐵東站店）,9.5,"['商務雙床房:HK$500', '商務大床房:HK$501', '豪華大床房:HK$553', '豪華雙床房:HK$553', '行政雙床房:HK$745', '行政大床房:HK$745']"
徐州環球港高鐵站亞朵酒店,9.6,"['高級大床房:HK$530', '行政大床房:HK$590', '高級雙床房:HK$591', '行政雙床房:HK$650', '幾木大床房:HK$650']"
徐州馨樂庭雲龍湖酒店,9.5,"['精緻大床房-配冰箱+微波爐:HK$435', '精緻雙床房-配冰箱+微波爐:HK$435', '氧吧安睡大床房【森林般呼吸+嬰兒般睡眠】:HK$456', '氧吧安睡雙床房【森林般呼吸+嬰兒般睡眠】:HK$456', '温馨豪華套房-高端廚具家電+洗烘一體機+開放式廚房:HK$631']"
全季酒店（徐州户部山和平路店）,9.8,"['大床房（mini冰箱+65寸投屏+舒壓床墊）:HK$736', '高級大床房（mini冰箱+65寸投屏+舒壓床墊）:HK$755', '豪華大床房（mini冰箱+65寸投屏+舒壓床墊）:HK$775', '高級雙床房（mini冰箱+65寸投屏+舒壓床墊）:HK$854']"
徐州市中心卡奈花園酒店,9.1,"['商務雙床房（小窗）:HK$401', '商務雙床房:HK$434', '商務大床房:HK$434', '智能行政大床房:HK$472', '智能行政雙床房:HK$472']"
徐州雲龍湖礦業大學亞朵酒店,9.6,"['高級大床房:HK$598', '高級雙床房:HK$658', '行政大床房:HK$671', '行政雙床房:HK$691', '幾木大床房:HK$728']"
徐州户部山和平路亞朵酒店,9.8,"['高級大床房（深睡床品+65寸高清投屏+mini冰箱）:HK$700', '行政大床房（深睡床品+65寸高清投屏+mini冰箱）:HK$721', '行政城景大床房（深睡床品+65寸高清投屏+mini冰箱）:HK$751', '尊享大床房（深睡床品+65寸高清投屏+mini冰箱）:HK$771', '高級雙床房（深睡床品+65寸高清投屏+mini冰箱）:HK$791']"
徐州漢園賓館,9.3,"['標準大床房:HK$430', '豪華大床房:HK$477', '豪華深睡大床房:HK$511', '家庭房:HK$933', '家庭套房:HK$1,381']"
徐州海逸國際大酒店,9.1,"['副樓-舒適雙床房:HK$220', '豪華標準間:HK$400', '豪華大床房:HK$411', '行政標準房:HK$444', '行政大床房:HK$455']"
徐州雲龍萬達廣場漫心酒店,9.7,"['雅緻大床房（冰箱+智能客控+KINGKOIL床墊）:HK$364', '心怡大床房（冰箱+智能客控+朝陽落地窗+KINGKOIL床墊）:HK$382', '心悦高級大床房（冰箱+智能客控+KINGKOIL床墊）:HK$401', '心享豪華雙床房（冰箱+智能客控+KINGKOIL床墊）:HK$421', '心享經典大床房（冰箱+智能客控+KINGKOIL床墊）:HK$458']"
徐州雲龍湖途家盛捷酒店,9.3,"['精品大床房-配小冰箱·可提供廚房用品:HK$295', '精品雙床房-房內配小冰箱:HK$304', '氧吧安睡雙床房:HK$315', '氧吧安睡大床房:HK$315', '高級雙床房-配小冰箱:HK$325']"
徐州彭城廣場民主南路輕居酒店,9.8,"['舒適大床房（55寸高清投屏+裸棉床品+智能馬桶）:HK$550', '標準大床房（55寸高清投屏+裸棉床品+智能馬桶）:HK$580', '精選大床房（55寸高清投屏+裸棉床品+智能馬桶）:HK$621', '高級大床房（55寸高清投屏+深睡床品）:HK$671', '精選雙床房（55寸高清投屏+裸棉床品+智能馬桶）:HK$791']"
徐州雲龍湖景區開元名庭酒店,9.6,"['名成高級大床房-小泰山山景（迷你冰箱-智能馬桶）:HK$468', '名成高級雙床房-小泰山山景（迷你冰箱-智能馬桶）:HK$501', '名成豪華大床房 --小泰山山景（迷你冰箱-智能馬桶）:HK$534', '名成豪華雙床房-小泰山山景（迷你冰箱-智能馬桶）:HK$566', '名成行政大床房-（智能馬桶+迷你冰箱）:HK$643']"
徐州開元名都大酒店,9.6,"['高級雙床房:HK$762', '高級大床房:HK$762', '豪華雙床房:HK$827', '豪華大床房:HK$827', '行政大床房:HK$871', '豪華湖景大床房:HK$969']"
徐州蘇寧廣場中山南路輕居酒店,9.7,"['舒適大床房（深睡床品+65寸高清投屏+全智能客控）:HK$550', '標準大床房（深睡床品+65寸高清投屏+全智能客控）:HK$571', '精選大床房（深睡床品+65寸高清投屏+全智能客控）:HK$590', '高級大床房（深睡床品+65寸高清投屏+全智能客控）:HK$610', '高級雙床房（深睡床品+65寸高清投屏+全智能客控）:HK$660']"
徐州建國東路蘇寧廣場亞朵酒店,9.6,"['高級大床房:HK$560', '高級雙床房:HK$610', '行政大床房:HK$621', '行政雙床房:HK$671', '行政城景大床房:HK$681']"
錦江都城酒店（徐州高鐵站金龍湖地鐵站店）,9.5,"['精緻商務房——訂製冰箱+深睡床墊+高清投屏:HK$293', '風雅商務房——定製冰箱+深睡床品+高清投屏:HK$337', '精緻雙床房——大空間+訂製冰箱+智能馬桶+空氣凈化器:HK$413', '都會雙床房--大窗觀景+訂製冰箱+智能馬桶+空氣凈化器:HK$413', '都會商務房——大空間+智能馬桶+訂製冰箱+空氣凈化器:HK$413']"
徐州雲龍希爾頓花園酒店,9.6,"['花園雙床房:HK$522', '花園大床房:HK$522', '花園無障礙房:HK$522', '花園高級雙床房:HK$595', '花園高級大床房:HK$595']"
徐州伊敦康得思酒店,9.6,"['高級大床房:HK$597', '高級雙床房:HK$597', '豪華湖景大床房:HK$691', '豪華湖景雙床房:HK$691', '行政城景大床房:HK$737', '行政城景雙床房:HK$737']"
徐州寶信君瀾度假酒店,9.3,"['商務大床房:HK$458', '商務雙床房:HK$458', '豪華大床房:HK$648', '豪華雙床房:HK$648', '庭院大床房:HK$786', '庭院雙床房:HK$807']"
徐州淮海鬱錦香酒店,9.7,"['妙趣雅緻大床房:HK$405', '妙趣愉夢雙床房:HK$405', '趣享陽光雙床房:HK$454', '趣享湖景大床房:HK$454', '温馨家庭房:HK$756']"
徐州彭城廣場黃河北路亞朵酒店,9.8,"['高級大床房:HK$631', '高級雙床房:HK$681', '行政大床房:HK$681', '高級庭院大床房:HK$710', '行政雙床房:HK$731']"
徐州創拓奧梵礦業大學亞朵酒店,9.5,"['城景|高級大床房（電視投屏+深睡床墊+小冰箱）:HK$530', '城景|高級雙床房（65寸高清電視+深睡床墊+小冰箱）:HK$550', '行政大床房（負離子助眠+深睡裸棉+陽光房）:HK$560', '行政雙床房（負離子助眠+迷你小冰箱+陽光房）:HK$598', '幾木大床房（空氣凈化器+深睡床品+落地窗）:HK$600']"
花築·徐州泰璽民宿（雲龍湖風景區店）,9.5,"['靜謐·精緻景觀房【智能客控+舒壓床墊】:HK$283', '幽蘭·精緻雙床房【智能客控+舒壓床墊】:HK$307', '星光·精緻大床房【高清巨幕投影+智能客控】:HK$357', '花語·精緻大床房【落地觀景窗+智能客控】:HK$357']"
徐州朗博酒店,9.4,"['商務大床房:HK$464', '商務雙床房:HK$464', '靜謐零壓大床房（記憶床品+窗外好景+空氣凈化器+加濕器）:HK$498', '靜謐園景雙床房（智能馬桶+窗外好景+小冰箱+空氣凈化器+加濕器）:HK$540', '零壓景觀大床房（窗外好景+零壓床墊+智能馬桶+小冰箱+電視投屏+空氣凈化器+加濕器）:HK$570']"
徐州園博園涵田·宕口天池酒店,9.5,"['天池大床房:HK$600', '天池雙床房:HK$600', '高級觀景大床房:HK$600', '高級觀景雙床房:HK$600', '高級觀園大床房:HK$654', '高級觀園雙床房:HK$654']"
徐州萬豪酒店,9.4,"['豪華大床房:HK$1,145', '豪華雙床房:HK$1,145', '豪華湖景大床房:HK$1,374', '豪華湖景雙床房:HK$1,374', '行政豪華雙床房:HK$1,425', '行政豪華大床房:HK$1,425']"
徐州淮海路希爾頓歡朋酒店,9.5,"['舒適雙床房:HK$518', '高級大床房:HK$538', '高級雙床房:HK$538', '豪華大床房:HK$556', '歡朋套房:HK$768']"
徐州蘇寧凱悦酒店,9.4,"['城景客房（1張特大床）:HK$1,163', '城景客房（2張單人床）:HK$1,163', '豪華城景客房（1張特大床）:HK$1,397', '豪華城景客房（2張單人床）:HK$1,397', '豪華湖景客房（1張特大床）:HK$1,543', '豪華湖景客房（2張單人床）:HK$1,543']"
桔子酒店（徐州雲龍萬達廣場店）,9.7,"['高級大床房+智能客控+65寸高清投屏+温馨安靜:HK$443', '月若流金大床房+智能客控+65寸高清投屏+金可兒床墊:HK$453', '加州陽光雙床房+落地大窗+65寸高清投屏+金可兒床墊:HK$453', '月若流金雙床房+智能客控+65寸高清投屏+金可兒床墊:HK$463']"
徐州東站雲龍萬達桔子水晶酒店,9.8,"['高級大床房（親膚布草+迷你冰箱+智能馬桶）:HK$419', '豪華雙床房（徠芬吹風機+迷你冰箱+智能馬桶）:HK$459', '商務大床房（徠芬吹風機+夜景動人+智能馬桶）:HK$480', '豪華大床房（徠芬吹風機+迷你冰箱+城景）:HK$509', '家庭房（超大床+徠芬吹風機+智能馬桶）:HK$710']"
維也納酒店（徐州淮海戰役紀念塔店）,9.4,"['高級大床房:HK$341', '高級雙床房:HK$367', '豪華大床房:HK$426', '豪華雙床房:HK$429']"
徐州回龍窩花間府·伴雲亭,9.7,"['雲影大床房:HK$1,129', '雲籬大床房:HK$1,203', '雲池豪華大床房:HK$1,392', '雲棲雙床房:HK$1,458', '雲澗豪華雙床房:HK$1,552']"
城市精選酒店（徐州彭城廣場富國街店）,9.4,"['標準大床房（英倫風情+乾濕分離）:HK$480', '標準雙床房（英倫風情+乾濕分離）:HK$503', '高級大床房（明亮寬敞+舒適空間）:HK$510', '高級雙床房（明亮寬敞+舒適空間）:HK$518']"
全季酒店（徐州雲龍萬達廣場店）,9.7,"['大床房:HK$441', '高級大床房:HK$461', '商務大床房:HK$481', '雙床房:HK$491']"
全季酒店（徐州户部山地鐵站店）,9.7,"['大床房（65寸電視+金可兒床墊）:HK$623', '高級大床房（mini冰箱+65寸電視+金可兒床墊）:HK$642', '商務大床房（mini冰箱+65寸電視+記憶棉床品）:HK$689', '雙床房（65寸電視+金可兒床墊）:HK$689']"
徐州雲東境酒店,9.6,"['隱·大床房:HK$1,635', '隱·雙床房:HK$1,635', '悦·大床房:HK$2,071', '悦·雙床房:HK$2,071', '境 · 大床房:HK$2,290', '境 · 雙床房:HK$2,290']"
徐州龍湖沁園漫心府,9.7,"['雅緻大床房（迷你冰箱+智能客控）:HK$642', '心怡大床房（迷你冰箱+智能客控）:HK$672', '心享經典大床房（迷你冰箱+智能客控+露台風光）:HK$703', '心悦高級雙床房（迷你冰箱+智能客控）:HK$703', '庭院大床房（迷你冰箱+智能客控+庭院風光）:HK$722']"
徐州喜來登酒店,9.6,"['豪華大床房:HK$871', '豪華雙床房:HK$925', '尊貴大床房:HK$980', '尊貴雙床房:HK$1,034', '行政大床房:HK$1,198', '行政雙床房:HK$1,252']"
徐州湖心漣舍漫心府,9.6,"['心怡大床房（迷你冰箱+智能客控）:HK$772', '心享經典大床房（迷你冰箱+智能客控+湖畔風光）:HK$832', '複式大床房（迷你冰箱+智能客控+湖畔風光）:HK$853', '心悦高級雙床房（迷你冰箱+智能客控）:HK$873']"
徐州淮海西路亞朵酒店,9.6,"['高級大床房（65寸高清投屏+裸棉床品）:HK$600', '高級雙床房（65寸高清投屏+裸棉床品）:HK$700', '行政大床房（65寸高清投屏+裸棉床品+mini冰箱）:HK$700', '行政雙床房（65寸高清投屏+裸棉床品+mini冰箱）:HK$801', '幾木大床房（65寸高清投屏+裸棉床品+mini冰箱）:HK$801']"
