酒店名称,评分,房型价格列表
德陽孝源裏酒店（孝泉古鎮店）,9.8,"['孝源裏雙床房:HK$203', '孝源裏大床房:HK$222']"
漢瑞至友酒店（文廟廣場高鐵站店）,9.7,"['商務.智能大床房:HK$301', '嘉華.智能雙床房:HK$302', '棋牌.主題大床房A:HK$354', '錦華.歡樂家庭房:HK$354', '至友.公寓大床房:HK$429']"
瑞景達酒店（德陽旌陽大學城南公園店）,9.5,"['高級文廟風･雙床房 ｢乳膠床墊･恆温座墊｣:HK$210', '高級文廟風･大床房 ｢乳膠床墊･恆温座墊｣:HK$221', '園景舒適･雙床房 ｢乳膠床墊･恆温座墊｣:HK$232', '園景舒適･大床房 ｢乳膠床墊･恆温座墊｣:HK$244', '超級･大床房 ｢2.4床單被套･乳膠床墊･恆温座墊｣:HK$254']"
逸尚東方酒店（德陽南公園店）,9.6,"['逸居大床房:HK$268', '逸居雙床房:HK$278', '逸雅影院雙床房:HK$289', '逸雅影院大床房:HK$289', '逸景大床房:HK$311']"
德陽太平洋國際飯店,8.7,"['商務標間:HK$254', '商務單間:HK$254', '高級單間:HK$273', '高級標間:HK$281', '豪華標間:HK$334', '豪華單間:HK$340']"
德陽嘉仕達酒店（凱悦廣場店）,9.2,"['高級大床房:HK$201', '高級雙床房:HK$220', '商務大床房:HK$230', '特色主題房:HK$249', '豪華大床房:HK$316']"
德陽漢瑞酒店（德陽城市候機樓店）,9.7,"['商務大床房:HK$392', '商務雙床房:HK$392', '商務智能大床房:HK$459', '豪華大床房:HK$535', '豪華雙床房:HK$587', '福瑞大床房:HK$671']"
舍汶酒店（德陽旌陽區萬達廣場店）,9.7,"['特惠大床房【零壓舒睡︱手機投屏︱乾濕分區】:HK$163', '精緻大床房【靜謐好眠︱商務辦公︱零壓床墊】:HK$174', '精品大床房【舒睡好眠︱通透採光︱大落地窗】:HK$196', '精品雙床房【靜謐好眠︱獨立辦公桌︱乾濕分區】:HK$207']"
馨居酒店（德陽電信廣場店）,9.2,"['特價大床房:HK$145', '特價雙床房:HK$179', '馨雅精品房（全屋智能+地暖+乳膠床墊+酒店公區提供自助洗衣房）:HK$233', '城景 陽光大床房:HK$254']"
德陽名人酒店（德陽文廟體育場店）,9.5,"['雅緻雙床房（房外好景+採光通風）:HK$337', '優價大床房（歡樂無限）:HK$342', '雅緻大床房（八益床墊+輕盈好夢）:HK$347', '甄選行政雙床房（金可兒床墊+迷你冰箱）:HK$380', '甄選行政大床房（高空觀景+迷你冰箱+品牌超舒服床墊）:HK$382']"
南天温泉酒店（德陽旌陽區四川警官學院店）,9.0,"['高級大床房:HK$183', '高級雙床房:HK$199', '商務浴缸大床房:HK$215', '豪華大床房:HK$263']"
德陽古堡酒店,9.0,"['水城特色大床房:HK$411', '水城寸野大床房:HK$458', '水城煙潯大床房:HK$509', '水城特色套房:HK$621', '水城望岳套房（俯瞰玄珠湖）:HK$952']"
德陽廣漢楓渡酒店,9.7,"['祕境大床房:HK$355', '純粹雙床房:HK$411', '純粹大床房:HK$443', '質感園景雙床房:HK$452', '質感大床房:HK$473', '品味大床房:HK$526']"
廣漢三星堆麗呈睿軒酒店,9.4,"['高級大床房（典雅尊享+雙人沙發+全景視野）:HK$227', '雅緻大床房（簡約時尚+温馨舒適+高層景觀）:HK$236', '行政園景大床房（輕奢風格+安靜舒適+公園景色）:HK$322', '高級雙床房（超大面積+雙床+高層全景視野）:HK$334', '行政城景大床房（房間超大+特大床+雙人沙發+高層全景視野）:HK$336']"
如家精選酒店（德陽五洲廣場演藝中心店）,9.8,"['大床房（乳膠床墊）:HK$231', '商務大床房（乳膠床墊）:HK$264', '雙床房（乳膠床墊）:HK$264', '高級大床房（舒適沙發+乳膠床墊）:HK$291']"
德陽金凱利酒店,9.4,"['雅緻大床房:HK$246', '雅緻雙床房:HK$246', '高級大床房:HK$258', '高級雙床房:HK$268', '豪華雙床房:HK$289']"
德陽旌湖賓館（文廟廣場店）,9.5,"['舒適雙床房（金可兒深睡系統）:HK$261', '舒適大床房 （金可兒深睡系統）:HK$261', '高級大床房 （金可兒深睡系統）:HK$346', '高級雙床房（金可兒深睡系統）:HK$366']"
德陽旌湖國際酒店（文廟廣場店）,9.6,"['商務大床房B型:HK$392', '商務大床房（金可兒深睡系統+高端衞浴+護頸枕）:HK$487', '商務雙床房（金可兒深睡系統+高端衞浴+MINI冰箱）:HK$487', '180度湖景雙床房（遠眺城市地標+金可兒深睡系統）:HK$544', '180度湖景大床房（遠眺城市地標+金可兒深睡系統）:HK$544', '豪華行政大床房（雲端奢享湖景風光+超大泡泡浴缸）:HK$601']"
德陽得福來酒店,9.5,"['特惠大床房:HK$271', '商務B型大床房:HK$326', '商務A型大床房:HK$347', '雙拼大床房:HK$380', '行政大床房:HK$402']"
格林豪泰智選酒店（德陽文廟廣場店）,9.5,"['商務大床房:HK$185', '商務雙床房:HK$185', '高級雙床房:HK$237', '高級大床房:HK$237']"
宜必思酒店（德陽五洲廣場店）,9.6,"['大床房【護脊床墊|智能馬桶|便攜冰箱|高速投屏】:HK$255', '景觀雙床房【護脊床墊|智能馬桶|高速投屏】:HK$284', '景觀大床房【護脊床墊|智能馬桶|高速投屏】:HK$293', '商務雙床房【護脊床墊|智能馬桶|高速投屏】:HK$312']"
羅江柏悦酒店（1788商業廣場店）,9.1,"['特惠大床房:HK$176', '特惠雙床房:HK$176', '輕奢大床房:HK$202', '高級大床房:HK$219']"
德陽領源酒店（摩爾廣場店）,9.6,"['傾心.大床房（全屋小度智能控制）:HK$164', '享浴·大床房（泡泡浴缸+全屋智能）:HK$174', '影院·大床房（VIP影庫隨心看+手機可投屏）:HK$195', '悦景·品茗大床房（飄窗茶台+開闊外景）:HK$198']"
星程酒店（德陽文廟店）,9.4,"['大床房【品牌床墊+電視投屏】:HK$249', '雙床房【品牌床墊+電視投屏】:HK$249', '高級大床房【品牌床墊+電視投屏】:HK$267', '高級雙床房【品牌床墊+電視投屏】:HK$267']"
德陽瑞麟·東方酒店（德陽高鐵站店）,9.6,"['商務大床房:HK$240', '特惠大床房:HK$240', '豪華雙床房:HK$258', '豪華大床房:HK$305', '零壓超大床房:HK$333']"
如家商旅酒店（德陽體育場店）,9.6,"['大床房:HK$177', '商務大床房（乳膠床墊）:HK$194', '雙床房:HK$194', '高級大床房（乳膠床墊）:HK$211']"
莊升曉月園林酒店,9.8,"['園景合園套房:HK$1,382', '園景合院大床房:HK$1,382', '園景庭院套房:HK$1,568', '湖景庭院套房:HK$1,754', '園景私湯別墅大床房:HK$1,939', '甄選湖景私湯別墅:HK$1,939']"
德陽凱拂菻大飯店,8.7,"['豪華雙床房:HK$266', '豪華大床房:HK$266', '豪華電腦房:HK$313', '豪華套房:HK$351', '豪華機麻套房:HK$455']"
林棲袈舍,9.9,"['特惠景觀大床房:HK$388', '陽光復式親子房:HK$481', '庭院景觀雙床房:HK$574', '景觀複式大床房:HK$574']"
楠山別苑野奢民宿（德陽店）,9.8,"['望山-北歐小屋大床房+榻榻米:HK$175', '晴川-私享獨棟陽光雙床房:HK$223', '水墨-私享獨棟庭院雙床房+超大投影:HK$223', '竹影-私享露台花園雙床觀景房+超大投影:HK$242']"
德陽凱賓花園酒店（高鐵站店）,9.0,"['特色房:HK$170', '豪華單間:HK$214', '豪華標間:HK$236', '豪華機麻房:HK$258']"
怡佳優選酒店（德陽高鐵站店）,9.4,"['樂選丨迷你特惠單床房:HK$109', '悦享丨雅緻輕居大床房（深睡零壓床墊+可投屏電視+靜音輕膚被）:HK$130', '優享丨零壓舒適大床房（深睡零壓床墊+可投屏電視+靜音輕膚被+行政書桌）:HK$151', '優享丨零壓舒適雙床房（深睡零壓床墊+可投屏電視+靜音輕膚被+行政書桌）:HK$158']"
德陽蓮升酒店（文廟廣場店）,9.5,"['清新舒適大床房（酒店提供洗衣房）:HK$108', '城景大床房（酒店自助洗衣房+烘乾）:HK$126', '舒適雙床房（酒店自助洗衣房+烘乾）:HK$138', '悦享豪華大床房（酒店提供自助洗衣烘乾房+超大空間）:HK$150']"
悦百季酒店,9.5,"['心悦特惠大床房:HK$240', '心悦雙床高清投影房:HK$258', '心悦豪華大床房:HK$258']"
愜驛連鎖·新程歡朋酒店（德陽文廟店）,9.3,"['愜驛-靜謐特惠大床房（開闊外景+辦公桌）:HK$131', '愜驛-傾心美宿雙床房（酒店提供自助洗衣房+安靜舒睡）:HK$147', '愜驛-傾心美宿大床房（酒店提供自助洗衣房+辦公桌）:HK$147', '愜驛-璞悦逸居大床房（酒店提供自助洗衣房+辦公桌）:HK$185']"
滙高精品酒店（城南大學城店）,9.4,"['精典大床房（酒店公區提供洗衣機）:HK$156', '精品大床房（酒店公區提供洗衣機）:HK$174', '精品機麻大床房（酒店公區提供洗衣機）:HK$174', '精品零壓大床房（酒店公區提供洗衣機+乳膠床墊）:HK$183']"
7天優品Premium酒店（德陽五洲廣場工程職業技術大學店）,9.2,"['輕享大床房:HK$147', '優品大床房:HK$155', '優品雙床房:HK$164', '舒享大床房:HK$164']"
逸楠居民宿,9.4,"['標準雙床房:HK$114', '温馨大床房:HK$114', '舒適大床房:HK$141', '中式雙床房:HK$185']"
雲瀾時光民宿,8.7,"['冰藍夢境投影儀大床房:HK$154', '帶廚房北歐風投影儀大床房+冰箱+洗衣機:HK$154', '摩洛哥影院大床房:HK$156', '中式影院大床房+巨幕投影+瓶裝水:HK$156']"
芸棲電競酒店,10.0,"['電競上下雙人間【4070super顯卡+14KF代i7+2k電競屏】:HK$148', '電競豪華大床房【4070super顯卡+14KF代i7+2k電競屏】:HK$182', '電競三人間【4070super顯卡+14KF代i7+2k電競屏】:HK$292', '電競四人間【4070super顯卡+14KF代i7+2k電競屏】:HK$385']"
羅江凱聖豪酒店（1788商業廣場店）,8.1,"['雅緻圓床房:HK$143', '雅緻大床房:HK$143', '雅靜大床房:HK$183', '雅韻雙床房:HK$183']"
白月光城市民宿,9.1,"['標準大床房（暖氣開放、智能客控、大屏投影、騰訊視頻會員）:HK$162', '舒適大床房（暖氣開放、智能客控、超大屏投影、騰訊視頻會員）:HK$173', '標準雙床房（暖氣開放、智能客控，超大屏投影、騰訊視頻會員）:HK$173', '舒適雙床房（暖氣開放、智能客控，超大屏投影，騰訊視頻會員）:HK$184']"
金滿佳民宿（孝泉店）,9.8,"['花園大床房:HK$131', '豪華大床房:HK$162', '花園豪華大床:HK$173', '花園豪華雙床房:HK$180']"
德陽尚水緣商務酒店,8.9,"['豪華標準間:HK$173', '豪華大床房:HK$173', '棋牌大床房:HK$205']"
德陽溢州商務賓館,9.1,"['舒適大床房:HK$77', '特惠體驗房:HK$80', '豪華浪漫小屋大床房:HK$97', '舒適雙床房:HK$102']"
羅江區悦漫一酒店（工業科技學院店）,8.8,"['經濟大床房:HK$129', '舒適大床房:HK$141', '舒適雙床房:HK$146', '輕奢圓床房（浪漫星空）:HK$160']"
鑫之源賓館,10.0,"['舒適單間:HK$96', '標準雙床房:HK$108', '標準大床房:HK$118', '豪華雙人間:HK$130']"
羅江馨居優度酒店,8.9,"['舒適大床房:HK$135', '舒適雙床房:HK$135', '精緻大床房:HK$137', '精緻雙床房:HK$142']"
德陽故里民宿,9.5,"['豪華大床房（地暖）:HK$147', '豪華標準間:HK$156', '豪華麻將套房（地暖）:HK$230']"
羅江區鑫煌賓館（凱悦廣場店）,9.6,"['大床房:HK$115', '標準間:HK$133']"
