酒店名称,评分,房型价格列表
白玉蘭酒店（恩施女兒城店）,9.7,"['輕雅大床房-小度智控:HK$589', '輕雅雙床房-小度智控:HK$589', '舒雅雙床房-小度智控:HK$622', '舒雅陽台大床房-小度智控+智能馬桶:HK$654']"
鉑曼朵酒店（恩施土家女兒城店）,9.7,"['曼朵大床房-鵝絨被芯+漢斯格雅馬桶+全屋智控:HK$701', '曼朵雙床房-鵝絨被芯+漢斯格雅馬桶+全屋智控:HK$701', '曼朵庭院雙床房-德拉Coffee機+漢斯格雅馬桶+全屋智控:HK$743', '曼朵陽台大床房-德拉Coffee機+漢斯格雅馬桶+全屋智控:HK$776', '曼朵露台大床房-德拉Coffee機+漢斯格雅馬桶+全屋智控:HK$852']"
武陵國際酒店（恩施文化廣場機場店）,9.6,"['悦享-舒適大床房（全屋聲控-深睡乳膠床墊-手機投屏）:HK$522', '悦享-舒適雙床房 （全屋聲控+深睡乳膠墊+全景落地窗）:HK$533', '智選•典雅大床房（全屋聲控+深睡乳膠床墊+無線投屏）:HK$534', '智選•城景雙床房（全屋聲控+深睡乳膠床墊+手機投屏）:HK$556', '臻選•豪華大床房（全屋聲控+深睡乳膠床墊+無敵視野）:HK$556']"
美豪酒店（恩施許家坪國際機場店）,9.4,"['靜謐雙床房（落地窗+休閑沙發+記憶枕）:HK$609', '精緻大床房（落地窗+休閑沙發+記憶枕）:HK$642', '精緻雙床房（落地窗+休閑沙發+記憶枕）:HK$642', '靜謐大床房:HK$642', '雅緻親子房（落地窗+超大空間+休閑沙發+小童帳篷）:HK$828']"
伯克希爾國際酒店（恩施州文化中心店）,9.5,"['悦享.舒適大床房:HK$622', '悦享.舒適雙床房:HK$642', '臻選.雅緻大床房（高層+浴缸＋冰箱＋保險櫃）:HK$673', '臻選.雅緻雙床房（高層+全屋智能+冰箱＋保險櫃）:HK$694', '尊享.靜謐大床房（全視野景觀+冰箱+浴缸＋保險櫃）:HK$724']"
恩施華美達安可酒店（土司城店）,9.4,"['臻選舒適大床房（小度智控+金可兒床墊）:HK$653', '臻選舒適雙床房（小度智控+金可兒床墊）:HK$653', '臻選高級雙床房（小度智控+超大沙發+金可兒床墊）:HK$719', '臻選高級大床房（小度智控+超大沙發+金可兒床墊）:HK$719', '臻選城景豪華大床房 （小度智控+超大沙發+金可兒床墊）:HK$762']"
X·Hotel（恩施機場文化中心店）,9.6,"['臻選•舒適大床房:HK$502', '臻選•舒適雙床房:HK$535', 'Ins·簡約大床房【璀璨城景+小度智能語音】:HK$539', 'Ins·高級大床房【恬靜舒適+小度智能語音】:HK$562', 'Ins·簡約雙床房【繁華城景+恆温智能馬桶】:HK$573']"
恩施大峽谷竹外聽風民宿,9.8,"['山景舒適大床房:HK$471', '峽谷舒適大床房:HK$471', '峽谷雅緻雙床房:HK$519', '陽光雙床房:HK$577']"
恩施染柒·悠南民宿,9.9,"['雲杉·觀景大床房（飛利浦百寸投影+冰箱+零重力枕+鑽石床墊+JBL音響）:HK$745', '雲杉· 觀景陽台大床房（飛利浦百寸投影+冰箱+零重力枕+鑽石床墊+JBL音響）:HK$764', '遠山·觀景陽台雙床房（飛利浦百寸投影+冰箱+零重力枕+鑽石床墊+JBL音響）:HK$777', '銀杏·庭院雙床房（飛利浦百寸投影+冰箱+零重力枕+鑽石床墊+JBL音響）:HK$820', '雲杉·觀景陽台特大床房（飛利浦百寸投影+冰箱+零重力枕+鑽石床墊+JBL音響）:HK$842']"
萬華國際酒店（恩施文化廣場機場店）,9.6,"['智能·輕奢尊享大床房（超大沙發+超高空間+深睡零壓枕+金可兒床墊）:HK$731', '智能·輕奢尊享雙床房（全景落地窗+超高空間+深睡零壓枕+金可兒床墊）:HK$731', '臻選·城景高級雙床房（智能客控+超高空間+深睡零壓枕+金可兒護脊床墊）:HK$763', '臻選·城景高級大床房（智能客控+超高空間+深睡零壓枕+金可兒護脊床墊）:HK$763', '地標高空豪華大床房（小冰箱+零壓枕+金可兒護脊床墊）:HK$807', '地標高空豪華雙床房（小冰箱+零壓枕+金可兒護脊床墊）:HK$807']"
恩施奧山雅閣酒店,9.4,"['高級雙床房:HK$591', '高級大床房:HK$591', '行政雙床房:HK$643', '行政大床房:HK$643', '弗諾氧深睡大床房（音樂助眠）:HK$643', '親子房:HK$720']"
觀山雅居民宿（恩施大峽谷遊客中心店）,9.8,"['且慢:HK$488', '見山:HK$701', '觀山:HK$701', '清風:HK$766']"
恩施染柒半山雲舍,9.9,"['旭日·山景270°觀景陽台雙床房:HK$756', '朝陽·山景270°觀景陽台雙床房:HK$854', '旭日·山景270°觀景陽台大床房:HK$873', '崇山·山景270°觀景陽台大床房:HK$981']"
恩施眾尚國際大酒店（民大醫院店）,9.1,"['尚景商務大床房（語音智控+辦公桌椅+手機投屏）:HK$533', '尚景商務雙床房（語音智控+辦公桌椅+手機投屏）:HK$533', '尚影臻品大床房（語音智控+會員海量影片+雙面睡感床墊）:HK$554', '尚影臻品雙床房（語音智控+會員海量影片+雙面睡感床墊）:HK$554', '尚睿舒適雙床房（語音智控+靜心舒眠+浴缸+小冰箱）:HK$577']"
恩施希爾頓歡朋酒店,9.4,"['舒適大床房:HK$730', '舒適雙床房:HK$730', '高級大床房:HK$773', '高級雙床房:HK$773', '豪華雙床房:HK$808']"
雲隱·森然民宿（恩施大峽谷店）,9.8,"['鄉野·茶園街景温馨榻榻米大床房（智能客控＋全屋中央新風系統＋智能馬桶＋百寸投影＋黎莎床墊）:HK$559', '望雲·茶園街景温馨大床房（智能客控＋黎莎床墊＋百寸投影＋全屋中央新風系統＋智能馬桶）:HK$652', '歸心·茶園街景豪華雙床三人房（智能客控＋黎莎床墊＋百寸投影＋智能馬桶＋全屋中央新風系統）:HK$744', '隱居·絕壁山景浴缸大床房（智能客控＋黎莎床墊＋百寸投影＋智能馬桶＋全屋中央新風系統＋超大浴室）:HK$781']"
梵塵裏·民宿（大峽谷店）,9.7,"['梵塵·空（絕壁大床房）[全屋智能+智能馬桶+大眼橙150平巨幕投影+箭牌衞浴+中央空調暖氣]:HK$466', '梵塵·清（超大觀景家庭房）[全屋智能+智能馬桶+大眼橙150平巨幕投影+箭牌衞浴+中央空調暖氣]:HK$788', '梵塵·言（浴缸超大觀景大床房）[全屋智能+智能馬桶+大眼橙150平巨幕投影+箭牌衞浴+中央空調暖氣]:HK$883', '梵塵·谷（浴缸超大觀景大床房）[全屋智能+智能馬桶+大眼橙150平巨幕投影+箭牌衞浴+中央空調暖氣]:HK$907']"
慕尚國際酒店（恩施和潤城店）,9.4,"['甄選簡約大床:HK$512', '甄選簡約雙床:HK$567', '高空·景觀大床房（高樓層＋璀璨夜景＋雙感睡眠床墊）:HK$600', '高空·景觀雙床房（超高樓層＋璀璨夜景＋雙面睡感床墊）:HK$611', '高空·江景大床房（俯瞻清江＋超高樓層＋雙感睡眠床墊）:HK$622']"
怡程酒店（恩施文化中心店）,9.4,"['怡眠.標準大床房-空氣凈化器+智能客控:HK$617', '怡眠.標準雙床房-空氣凈化器+智能客控:HK$617', '怡享.舒適大床房-智能客控+智能馬桶:HK$651', '怡享.舒適雙床房-智能客控+智能馬桶:HK$651', '豪華智能大床房-智能客控+舒適床品:HK$674']"
恩施山止星空民宿（大峽谷景區店）,9.9,"['小滿·山景陽台雙床房（九牧衞浴+智能客控+智能馬桶+絲雨恆温花灑+零壓床墊+高清投影儀）:HK$643', '小雪·山景陽台大床房（智能客控+智能馬桶+絲雨恆温花灑+零壓床墊+小冰箱+高清投影儀）:HK$643', '白露·Loft山景陽台大床房（智能客控+智能馬桶+絲雨恆温花灑+零壓床墊+小冰箱+高清投影儀）:HK$686', '穀雨·山景陽台大床房（智能客控+智能馬桶+絲雨恆温花灑+零壓床墊+小冰箱+高清投影儀）:HK$723']"
如家商旅酒店（恩施火車站店）,9.4,"['大床房:HK$364', '雙床房:HK$390', '高級大床房:HK$416', '高級雙床房:HK$434']"
恩施染柒藝術民宿,9.7,"['普通觀景房:HK$361', '觀景陽台雙床房:HK$432', '觀景陽台大床房:HK$433', '豪華觀景陽台雙床房:HK$449']"
天機洞穴温泉民宿,9.8,"['申猴·浴缸温泉景觀大床房（落地窗+喜臨門床墊+浴袍）:HK$958', '辰龍·浴缸温泉景觀大床房（落地窗+喜臨門床墊+浴袍）:HK$958', '戌狗·浴缸温泉景觀大床房（落地窗+喜臨門床墊+浴袍）:HK$958', '寅虎·浴缸温泉景觀大床房（落地窗+喜臨門床墊+浴袍）:HK$1,174']"
清新酒店（恩施土司城店）,9.7,"['樂享大床房（金可兒床墊+迷你冰箱+採光透亮）:HK$400', '樂享雙床房（金可兒床墊+迷你冰箱+採光透亮）:HK$400', '雅緻-清新大床房（金可兒床墊+迷你冰箱+電視投屏）:HK$480', '雅緻-清新雙床房（金可兒床墊+迷你冰箱+電視投屏）:HK$480']"
大隱泊森酒店,9.5,"['森然輕奢雙床房（小度智能+金可兒床墊）:HK$590', '森然輕奢大床房（智能客控+金可兒床墊）:HK$612', '山隱藝術房（智能客控+金可兒床墊）:HK$655', '山隱望江藝術房（智能客控+金可兒床墊）:HK$655', '林隱江月大床房（智能客控+金可兒床墊）:HK$678']"
恩施大峽谷清山碧水度假酒店,9.5,"['依山賦·莘莘學子特惠雙床房:HK$385', '青山清·景觀雙床房:HK$459', '登望遠·高級景觀雙床房:HK$510', '山風拂·高級景觀大床房:HK$562']"
恩施七裏花澗民宿（女兒城店）,9.9,"['隱·觀景浴缸大床房（零重力枕＋專利床墊）:HK$872', '築·山景榻榻米標間（零重力枕＋專利床墊）:HK$927', '棲/舍·觀景泡池大床房（零重力枕＋專利床墊）:HK$959', '居·觀景榻榻米標間（零重力枕＋專利床墊）:HK$981', '野·女兒城全景陽台雙床房（零重力枕＋專利床墊）:HK$1,178']"
恩施怡和國際大酒店,9.4,"['舒適雙床房:HK$533', '悦享·輕奢雙床房（智能客控）:HK$590', '臻享·雅緻雙床房（智能客控+迷你冰箱）:HK$623', '臻享·雅緻大床房（智能客控+迷你冰箱）:HK$635', '智享·榻榻米雙床房（智能客控+迷你冰箱）:HK$685']"
盛格麗國際酒店（恩施文化中心許家坪機場店）,9.4,"['陽光商務大床房（智能客控投屏+助眠零壓枕+全景落地窗）:HK$435', '陽光商務雙床房（智能客控投屏+助眠零壓枕+全景落地窗）:HK$435', '家庭雙床房（智能客控投屏+助眠零壓枕+全景落地窗）:HK$457', '臻選行政雙床房（智能投屏+助眠零壓床品+全景落地窗）:HK$478', '奢享豪華大床房（智能投屏+高層俯瞰夜景）:HK$500']"
熙畔酒店（恩施火車站機場店）,9.2,"['高級大床房（智能馬桶+冰箱）:HK$398', '豪華標間（金可兒床墊+智能馬桶+冰箱）:HK$435', '豪華單間（智能馬桶+冰箱）:HK$435', '豪華親子房（金可兒床墊+智能馬桶+冰箱）:HK$511', '豪華三人間（金可兒床墊+智能馬桶+冰箱）:HK$620']"
恩施棲隱輕奢美宿,9.7,"['精緻雙床房:HK$409', '輕奢雙床房:HK$445', '輕奢大床房:HK$461', '觀景大床房:HK$504']"
恩施拈山小隱湯泉酒店,9.7,"['山景雙床房:HK$538', '靜逸山景大床房:HK$576', '庭院家庭房:HK$631', '望舒觀景大床房:HK$852']"
希岸酒店（恩施女兒城店）,9.7,"['豪華大床房（全屋智能+零壓睡眠）:HK$505', '女神大床房（全屋智能+零壓睡眠）:HK$529', '豪華雙床房（全屋智能+零壓睡眠）:HK$540', '行政大床房（全屋智能+零壓睡眠）:HK$580']"
全季酒店（恩施許家坪機場華龍城店）,9.3,"['大床房:HK$515', '高級大床房:HK$533', '高級雙床房:HK$533', '商務大床房:HK$561']"
儷晨四季民宿 （恩施大峽谷店）,9.4,"['温馨大床房（乾濕分離+小米電視+落地窗）:HK$620', '温馨雙床房 （乾濕分離+小米電視+小客廳+落地窗）:HK$643', '峽谷景觀大床房（小客廳+75寸小米電視）:HK$664', '峽谷景觀雙床房（乾濕分離+75寸小米電視+落地窗）:HK$686']"
幸麗野語民宿（恩施大峽谷遊客中心店）,9.7,"['雲語觀景雙床房（全屋智能+庭院+全屋中央空調）:HK$496', '森語觀景親子房（全屋智能+庭院+乳膠床墊+全屋中央空調）:HK$540', '雲語觀景大床房（全屋智能+無敵山景+浴缸+乳膠床墊+全屋中央空調）:HK$601', '山語觀景大床房（全屋智能+無敵山景+浴缸+乳膠床墊+户外陽台+全屋中央空調）:HK$627']"
恩施大峽谷歡悦山居假日酒店,9.6,"['超大景觀大床房（中央空調+科勒潔具）:HK$720', '超大景觀雙床房（中央空調+科勒潔具）:HK$739', '浪漫景觀大床房（中央空調+科勒潔具+深泡浴缸）:HK$832', '超大景觀套房（中央空調+科勒潔具+深泡浴缸）:HK$870', '至尊景觀雙床房（中央空調+科勒潔具+深泡浴缸）:HK$907']"
恩施戴斯温德姆酒店,9.4,"['高級大床房-（小度智能+mini冰箱+高空城景）:HK$794', '商務大床房-（小度智能+膠囊Coffee機+mini冰箱+高空園景）:HK$816', '高級雙床房（小度智能+mini冰箱+高空園景）:HK$828', '豪華大床房-（小度智能+膠囊Coffee機+mini冰箱+高空園景）:HK$848', '商務雙床房-（小度智能+mini冰箱+高空園景）:HK$849']"
雲水茗心酒店（恩施文化中心機場店）,9.2,"['舒適大床房（零壓床墊+安逸睡眠）:HK$412', '高級大床房（零壓床墊+安逸睡眠）:HK$433', '高級雙床房（零壓床墊+安逸睡眠）:HK$454', '影院大床房（零壓床墊+安逸睡眠+家庭影院）:HK$476']"
恩施瑞享國際酒店,9.1,"['高級雙床房:HK$795', '高級大床房:HK$795', '豪華雙床房:HK$883', '豪華大床房:HK$883', '行政雙床房:HK$1,046', '行政大床房:HK$1,046']"
桔子酒店（恩施女兒城店）,9.6,"['高級大床房:HK$504', '高級雙床房:HK$598', '觀景大床房:HK$598', '豪華大床房:HK$645']"
鼎途華美達廣場酒店（恩施火車站店）,9.4,"['高級雙床房-寬敞空間·零壓舒睡:HK$639', '高級大床房-精緻空間·定製床品:HK$639', '豪華大床房-超級大床·盡享自由:HK$707', '温馨家庭房:HK$771', '行政雙床房-高層風景·視野開闊:HK$785']"
欣之堡·遠山民宿（恩施大峽谷遊客中心店）,9.9,"['暮景·景觀雙人房:HK$803', '丹峯·庭院私湯家庭房:HK$1,113', '天外·泡池大床房:HK$1,177', '遠山·景觀親子房:HK$1,177', '翠雲·270°絕壁景觀家庭房:HK$1,262']"
M酒店（恩施舞陽壩店）,9.4,"['M特惠大床房:HK$482', 'M特惠雙床房:HK$482', 'M悦享大床房:HK$517', 'M悦享雙床房:HK$517']"
恩施萬達美華酒店,9.5,"['驚喜假日高級雙床房（智能投屏+舒適床品+遮光窗簾）:HK$528', '優享豪華雙床房（遮光窗簾+智能投屏+舒適床品）:HK$535', '特價雙床房（智能投屏+舒適床品+遮光窗簾）:HK$544', '特價大床房（智能投屏+舒適床品+遮光窗簾）:HK$555', '臻選豪華大床房（舒適浴缸+遮光窗簾+智能投屏）:HK$611']"
恩施大峽谷山禾寄月民宿,9.7,"['觀夏·山景大床房【峽谷觀景+浴缸+全屋智能】:HK$947', '聽風·親子陽台雙床房【峽谷觀景+浴缸+全屋智控】:HK$1,045', '春澗·觀景大床房【峽谷觀景+浴缸+全屋智能】:HK$1,174', '秋歸·閲景大床房【峽谷觀景+浴缸+全屋智控】:HK$1,174']"
住景國際酒店（恩施火車站機場店）,9.5,"['商務大床房（智能客控+乾濕分離）:HK$429', '商務雙床房（智能客控+乾濕分離）:HK$439', '豪華大床房（智能客控+智能馬桶+乾濕分離）:HK$461', '豪華雙床房（智能客控+智能馬桶+乾濕分離）:HK$471', '棋牌大床房（智能客控+棋牌設施+智能馬桶+乾濕分離）:HK$493']"
漢庭酒店（恩施星滙廣場金龍大道店）,9.2,"['大床房:HK$430', '高級大床房:HK$448', '雙床房:HK$486', '高級雙床房:HK$504']"
你好酒店（恩施舞陽壩店）,9.5,"['大床房:HK$421', '高級大床房:HK$439', '高級雙床房:HK$458', '商務大床房:HK$467']"
錦江之星酒店（恩施女兒城店）,9.3,"['高級大床房-全屋小度智能語音控制-電動窗簾:HK$494', '高級雙床房-全屋小度智能語音控制-電動窗簾:HK$510', '豪華大床房-全屋小度智能語音控制-電動窗簾:HK$606', '豪華雙床房-全屋小度智能語音控制-電動窗簾:HK$638']"
