酒店名称,评分,房型价格列表
承德希爾頓歡朋酒店,9.8,"['舒適大床房（河畔美景+獨立小客廳）:HK$806', '舒適雙床房（秀麗山景+房間開闊）:HK$908', '舒適河景大床房（河畔美景+觀景落地窗）:HK$908', '高級雙床房（秀麗山景+房間開闊）:HK$1,009', '高級大床房-（秀麗山景+沙發床+房間開闊）:HK$1,009']"
承德開仁華府客棧,9.5,"['榻榻米蒙古包:HK$1,199', '庭院標準間:HK$1,418', '庭院大床房:HK$1,636', '庭院豪華大床房:HK$1,963']"
承德綺望樓賓館,9.5,"['山體雙床房:HK$1,418', '山體大床房:HK$1,418', '山體家庭客房:HK$1,854', '高級雙床房:HK$1,857', '高級大床房:HK$1,857']"
維也納國際酒店（承德大學城高鐵站店）,9.1,"['優享城景雙床房:HK$491', '尊享城景雙床房:HK$512', '尊享城景大床房:HK$512', '落地寬景豪華雙床房:HK$534', '影音大床房:HK$540']"
承德普寧酒店（避暑山莊店）,9.3,"['商旅大床房:HK$536', '商旅雙床房:HK$536', '豪華大床房:HK$749', '豪華雙床房:HK$749', '庭院雙床房:HK$861']"
承德避暑山莊希爾頓花園酒店,9.2,"['花園大床房:HK$854', '花園無障礙大床房:HK$854', '景觀特大床房:HK$877', '花園高級特大床房:HK$920', '花園高級雙床房:HK$920', '花園家庭房:HK$924']"
熱河府酒店（承德避暑山莊二仙居商業街店）,9.8,"['高級大床房:HK$733', '高級雙床房:HK$751', '豪華雙床房（冰箱+小度音響）:HK$805', '豪華大床房（冰箱+小度音響）:HK$805', '夢幻彩虹親子房（小童床+小童玩具）:HK$946']"
美豪麗致酒店（承德避暑山莊店）,9.5,"['麗致大床房:HK$568', '麗致雙床房:HK$568', '雅緻大床房:HK$594', '雅緻雙床房:HK$594', '靜雅親子主題房:HK$892']"
承德避暑山莊亞朵酒店,9.7,"['雅緻房（定製床墊＋英國奢華ESPA香氛洗護沐）:HK$861', '高級大床房（定製床墊＋英國奢華ESPA香氛洗護沐）:HK$891', '高級雙床房《定製床墊＋英國奢華ESPA香氛洗護沐》:HK$951', '行政大床房（小冰箱＋英國奢華ESPA香氛洗護沐）:HK$992', '行政雙床房（定製床墊＋英國奢華ESPA香氛洗護沐）:HK$1,114']"
承德兆豐假日酒店,9.7,"['假日高級雙床房:HK$751', '假日高級大床房:HK$805', '假日豪華雙床房:HK$891', '假日至尊小童主題房:HK$980', '假日高級小童主題房:HK$1,089']"
承德皇家園林希爾頓歡朋酒店,9.7,"['舒適大床房（舒眠臻享）:HK$739', '高級大床房（舒眠臻享+斑斕夜景+半山半城）:HK$817', '高級雙床房（舒眠臻享+斑斕夜景+半山半城）:HK$817', '豪華大床房（親子樂悠+光影中庭）:HK$996', '豪華雙床房（靈動商務+光影中庭）:HK$996']"
承德天寶假日酒店（避暑山莊店）,9.7,"['尊享大床房（全景落地大窗＋金可兒床墊）:HK$795', '尊享雙床房（全景落地大窗＋金可兒床墊）:HK$795', '豪華三人間（全景落地大窗＋金可兒床墊）:HK$1,090', '豪華親子套房（金可兒床墊）:HK$1,526', '多功能行政套房（全景落地大窗＋金可兒床墊）:HK$1,635']"
承德避暑山莊冠榕假日酒店,9.4,"['陽光｜特惠雙床房:HK$459', '陽光悦山|大床房:HK$560', '陽光悦山|雙床房:HK$599', '精緻樂享|大床房:HK$654']"
承德SunshineKeep叁時壹宿民宿,9.6,"['小森林·優享親子房:HK$378', '霧隱山·雅緻山景大床房:HK$611', '松風吟·雅緻山景大床房:HK$611', '繁岸裏·觀景浴缸大床房:HK$611']"
承德避暑山莊環宇假日酒店,9.5,"['沐光優享大床房—可投屏:HK$563', '望山陽光大床房（尚馳睡眠床墊）:HK$620', '特惠雙床房—網紅打卡夜景:HK$620', '河景豪華大床房（零壓睡眠枕）:HK$661']"
承德行宮大酒店,9.7,"['雅緻苑景-雙床房:HK$981', '標準雙床房:HK$1,025', '靜謐庭院-大床房:HK$1,091', '標準大床房:HK$1,134', '無障礙大床房:HK$1,200', '小新和佩奇的假期主題房:HK$1,309']"
順天河賓館（承德避暑山莊店）,8.6,"['特價標準間:HK$438', '高級標準間:HK$462', '高級大床房:HK$486', '零壓房:HK$512']"
承德盛逸商務酒店,9.6,"['遇見丨悦享大床房『小度智能客控』:HK$761', '雲際丨城景大床房『小度智能客控+視野開闊』:HK$794', '步履丨優享雙床房『小度智能客控』:HK$827', '步履丨尊享雙床房『小度智能客控』:HK$872', '雲際丨山景大床房『小度智能客控+視野開闊』:HK$904']"
承德承鋼賓館,8.5,"['特惠標間:HK$257', '商務標準間【定製床墊+中央空調】:HK$290', '商務大床房【定製床墊+中央空調】:HK$302', '商務套房【定製床墊+中央空調】:HK$551']"
承德兆豐國際酒店,9.6,"['國際高級大床房:HK$970', '國際高級雙床房:HK$981', '國際商務大床房:HK$1,023', '國際高級河景大床房:HK$1,025', '國際豪華大床房:HK$1,080', '國際至尊河景大床房:HK$1,384']"
承德雲舍客棧·避暑山莊店,9.3,"['標準房:HK$700', '豪華大床房:HK$725', '特色親子房:HK$801', '特色家庭房:HK$801']"
而已小院,9.9,"['親子大床房帶院:HK$476', '侘寂風普通大床房帶院:HK$476', '侘寂風豪華大床房帶院:HK$508', '標準雙床房帶院:HK$556']"
承德盛華大酒店（避暑山莊店）,9.3,"['悠享雙床房:HK$543', '悠享單人房:HK$543', '臻選雙床房:HK$751', '臻選大床房:HK$751', '三人間:HK$914']"
承德元寶山智選假日酒店,9.6,"['園景大床房:HK$609', '園景雙床房:HK$609', '無障礙大床房:HK$609', '山景大床房:HK$649', '山景雙床房:HK$649']"
