酒店名称,评分,房型价格列表
撫順友誼賓館,9.5,"['特惠大床房:HK$320', '園景大床房:HK$433', '園景雙床房:HK$433', '河景雙床房:HK$445', '河景大床房:HK$445', '商務精品園景房:HK$499']"
撫順天寶大廈,9.0,"['純享大床房:HK$232', '純享雙床房:HK$232', '商務雙床房:HK$288', '商務大床房:HK$288', '零壓大床房:HK$288']"
如家精選酒店（撫順北站順城萬達廣場店）,9.6,"['商務大床房A:HK$299', '商務大床房:HK$341', '高級大床房:HK$350', '雙床房:HK$368']"
輕住·愛舍精選酒店（撫順恆大廣場萬達店）,9.4,"['Phaotom光影灰色空間:HK$202', 'Bauhaus黑白包豪斯風（巨幕投影）:HK$230', 'Klein Blue 克萊因藍（巨幕投影）:HK$267', '輕奢投影雙床房（巨幕投影）:HK$267']"
如家精選酒店（撫順石化大學店）,9.6,"['大床房（手機投屏+智能馬桶）:HK$294', '商務大床房（手機投屏+智能馬桶）:HK$323', '雙床房（手機投屏+智能馬桶）:HK$323', '高級大床房（手機投屏+智能馬桶）:HK$373']"
漢庭酒店（撫順北站店）,9.5,"['高級大床房:HK$217', '雙床房:HK$236', '商務大床房:HK$236', '家庭房:HK$242']"
撫順富力萬達嘉華酒店,9.4,"['荷里活雙床房（大空間+大浴缸+特大床）:HK$497', '豪華雙床房（大空間+大浴缸+特大床）:HK$528', '豪華大床房（大空間+大浴缸+特大床）:HK$528', '豪華河景大床房（大空間+大浴缸+特大床）:HK$584', '豪華河景雙床房（大空間+大浴缸+特大床）:HK$584', '行政豪華大床房（大空間+大浴缸+特大床）:HK$874']"
如家酒店（撫順望花雷鋒紀念館店）,9.3,"['雙床房（手機投屏）:HK$206', '商務大床房（手機投屏）:HK$206', '家庭房（手機投屏）:HK$214', '特色大床房（手機投屏）:HK$214']"
雲朵酒店（順城萬達廣場店）,9.4,"['奢縵甄選雙床房:HK$240', '光影巨幕影音房:HK$259', '奢縵甄選大床房:HK$265', '樓蘭棲水影音房:HK$275']"
撫順華水賓館,9.2,"['大床房:HK$349', '標準中式雙床房:HK$373', '三人間:HK$511']"
漢庭酒店（撫順天湖橋店）,9.6,"['高級大床房（手機投屏+休閑沙發）:HK$286', '商務大床房（手機投屏+休閑沙發）:HK$324', '高級雙床房（手機投屏+休閑沙發）:HK$362', '套房（會客廳+休閑沙發）:HK$362']"
漢庭酒店（撫順石化大學店）,9.5,"['大床房:HK$264', '高級大床房:HK$302', '雙床房:HK$302', '商務大床房:HK$330']"
撫順南海綠洲大酒店,9.6,"['豪華大床房:HK$312', '豪華雙床房:HK$350', '豪華家庭房:HK$404', '商務大床房:HK$457']"
漢庭酒店（撫順萬達廣場店）,9.5,"['大床房:HK$255', '高級大床房:HK$274', '雙床房:HK$274']"
怡萊酒店（撫順北站中心醫院店）,9.4,"['高級大床房:HK$168', '雙床房:HK$177', '商務大床房:HK$187', '家庭房:HK$196']"
如家睿柏·雲酒店（撫順北站店）,9.5,"['大床房:HK$150', '高級大床房:HK$170', '高級雙床房:HK$170', '特惠雙床房:HK$173']"
漢庭優佳酒店（撫順中央大街店）,9.5,"['特價房:HK$226', '雙床房:HK$246', '高級大床房:HK$255', '商務雙床房:HK$255']"
如家酒店·neo（撫順將軍橋萬達廣場店）,9.0,"['商務大床房:HK$194', '雙床房:HK$194', '家庭房:HK$219', '全新大床房:HK$219']"
速8精選酒店（撫順北站十二中學店）,9.2,"['標準大床房:HK$210', '標準雙床房:HK$231', '高級大床房:HK$231', '家庭房:HK$253']"
陌野民宿（興隆店）,9.9,"['NIS輕奢loft巨幕投影大床房:HK$185', 'Loft秋意巨幕投影大床房:HK$217', 'loft暖春-巨幕投影-越層套房:HK$448', 'loft簡約巨幕投影商務套房:HK$480']"
春天公寓（撫順萬達店）,9.1,"['春天特惠大床房:HK$85', '春天温馨大床房:HK$114', '春天精品影院房:HK$142', '春天娛樂麻將房:HK$148']"
如家派柏·雲酒店（撫順北站永安橋店）,8.6,"['舒適大床房（無窗）:HK$144', '零壓大床房:HK$159', '商務大床房:HK$163', '標準雙人房:HK$163']"
愛你時尚酒店（順城萬達店）,9.5,"['特惠大床房:HK$105', '豪華主題房:HK$113', '愛你電影主題房:HK$138', '麻將房:HK$138']"
蜉蝣山舍·VILLA度假民宿,9.2,"['8號院·兩室兩廳獨立水景房（地熱+麻將機+投影+KTV+燒烤火鍋）:HK$1,843', '7號院·二室二廳獨立湖景房（地熱+麻將機+投影+KTV+燒烤火鍋）:HK$2,061', '9號院·三室兩廳獨立山景房（地熱+麻將機+投影+KTV+燒烤火鍋）:HK$2,280', '6號院·五室三廳獨立湖景房（地熱+麻將機+投影+KTV+燒烤火鍋）:HK$3,918']"
撫順樂嘉公寓,9.4,"['歐式大床房:HK$128', '精品大床房:HK$158', '影音大床房:HK$181', '舒適家庭房:HK$212']"
百合公寓（撫順印象新城店）,9.5,['標準雙床房:HK$137']
撫順尚恪主題公寓,9.7,"['現代大床房:HK$129', '尊享大床房:HK$140', '悦享大床房-B:HK$151', '優享大床房:HK$151']"
撫順MiMi主題公寓,9.7,"['温馨主題房:HK$102', '主題大床房:HK$102', '浪漫大床房:HK$102', '情侶大床房:HK$102']"
撫順隔壁公寓,9.2,"['輕奢主題大床房:HK$163', '家庭影院大床房:HK$206']"
都市之家民宿（萬達廣場店）,8.4,"['悦享大床房（A座）:HK$112', '臻選城景大床房（A座）:HK$130', '臻選城景雙床房（A座）:HK$172', '優享一室一廳套房（E座）:HK$182']"
Sandbox沙盒電競民宿,9.7,"['電競[華碩4060ti]+街機搖桿遊戲機+極米百寸投影+冰箱:HK$177', '電競K唱歌[華碩4060ti]+按摩椅+星糖miniKTV+[洗衣機+冰箱]:HK$180', 'Loft[華碩4060ti]+PS4Pro+按摩椅+極米百寸投影:HK$191', 'Loft雙屏電競房[華碩4060ti]+PS4pro+按摩椅+百寸投影:HK$191']"
錦尚都城酒店（撫順北站永安橋店）,8.5,"['雙床房:HK$79', '標準雙床房:HK$89', '舒適大床房:HK$89', '高級大床房:HK$99']"
撫順盛昌賓館,9.5,['三人間:HK$129']
撫順自如民宿,8.0,"['豪華浴缸大床房:HK$165', '豪華雙人套房:HK$194']"
撫順美郎商務賓館,9.0,"['韓式榻榻米:HK$120', '商務大床房:HK$221', '商務雙床房:HK$250', '豪華圓床房:HK$275']"
撫順泰河賓館,8.0,"['特價房:HK$85', '大床房:HK$140', '三人間:HK$173', '標準四人間:HK$205']"
撫順金澤緣商務旅館,8.6,"['大床房:HK$54', '雙人間:HK$61', '雙床房a:HK$61', '三人間:HK$67']"
撫順生輝公寓,8.6,"['青旅大床房（公共衞浴）:HK$55', '温馨大床房:HK$80']"
撫順麗景商務賓館,7.6,"['大床房:HK$81', '標準間:HK$107']"
撫順愛情公寓,6.6,"['地中海主題房:HK$140', '經典雙床房:HK$151', '浴缸房:HK$151']"
撫順宏寬商務賓館,6.2,"['商務大床房:HK$130', '商務標準間:HK$152', '商務三人房:HK$195', '家庭房:HK$217']"
撫順新賓和睦賓館（和睦國家森林公園店）,9.8,"['舒適雙床房:HK$312', '舒適大床房:HK$320', '舒享茶藝大床房:HK$343', '小黃鴨主題親子房:HK$409', '熊貓主題親子房:HK$409']"
漢庭酒店（撫順清原火車站白雲街店）,9.4,"['雙床房（手機投屏）:HK$349', '高級大床房（手機投屏）:HK$369', '高級雙床房（手機投屏）:HK$378', '家庭房（手機投屏）:HK$415']"
撫順三十三夏校園民宿,8.6,"['帳篷小:HK$525', '情侶大床房:HK$660', '特惠三人榻榻米:HK$660', '中帳篷:HK$660']"
新賓參仙谷民宿,8.5,"['木屋民宿榻榻米（雙人間）:HK$412', '木屋民宿雙人大床房:HK$436', '木屋民宿榻榻米（三人間）:HK$515', '豪華民宿雙人大床房:HK$515']"
清原樂天滙酒店,9.9,"['商務大床房:HK$171', '高級雙床房:HK$216', '温馨榻榻米套房:HK$257', '豪華大套房:HK$366']"
新賓後金賓館,9.8,"['雅緻古風大床房:HK$218', '標準間:HK$218', '特色榻榻米房:HK$218', '商務套房:HK$364']"
新賓百合賓館,9.0,"['大床房:HK$183', '標準雙床房:HK$183', '麻將標準間:HK$238', '家庭房:HK$323']"
新賓嘉隆精品酒店,9.1,"['標準間（美國舒達床墊）:HK$271', '河景大床房（美國舒達床墊）:HK$271', '標準大床房（美國舒達床墊）:HK$271', '家庭商務房（美國舒達床墊）:HK$293']"
清原紅山商務賓館,9.5,"['大床房:HK$145', '標準雙人間:HK$145', '三人間:HK$156', '家庭房:HK$156']"
