酒店名称,评分,房型价格列表
日照賓館,9.6,"['特價大床房:HK$762', '特價標準間:HK$762', '商務大床房:HK$871', '商務標準間:HK$871', '別墅大床房:HK$980']"
日照藍海朗汀酒店（日照站店）,9.3,"['悦享大床房（慕斯床墊+電動窗簾）:HK$514', '悦享雙床房（慕斯床墊+電動窗簾）:HK$514', '尊享大床房（慕斯床墊+電動窗簾）:HK$622', '尊享雙床房（慕斯床墊+電動窗簾）:HK$622', '智享大床房:HK$675']"
安泰海洋美學酒店,9.3,"['禮舍.近海榻榻米:HK$1,220', '雲舍·謐境榻榻米:HK$1,220', '雲舍·聽濤小院雙床房:HK$1,438', '拾海·小築大床房:HK$1,547', '禮舍·親海庭院大床房:HK$1,547']"
日照M美玥酒店,9.4,"['安玥大床房（智能客控+AI音響+落地窗景）:HK$784', '覽玥雙床房（智能客控+AI音響+落地窗景）:HK$821', '覽玥大床房（智能客控+AI音響+落地窗景）:HK$847', '星玥親子房（智能客控+寬敞空間+落地窗景）:HK$850', '城景家庭房:HK$937']"
攬日悦海LOFT海景公寓（日照萬象滙店）,9.8,"['拾光漫舍LOFT·海上日出·黃海雅韻·家庭影院海景房:HK$894', '芷蘭汀·輕奢雅緻·海景大床房（巨幕影院+超大榻榻米+洗衣機+冰箱+海上日出）:HK$1,228', '月半灣·日式和風丨榻榻米·日出海景房（枯山水看海）:HK$1,271', '浪花嶼LOFT丨海上日出 · 地中海家庭影院親子房（高空看海+海盜漁船+迷你冰箱+洗衣機）:HK$1,507']"
花築·日照和佰和民宿（山海天旅遊度假區店）,9.8,"['棲心·親子房 | 智能客控+家庭影院+智能馬桶+中央空調:HK$859', '佰和·LOFT雙床房 | 智能客控+家庭影院+智能馬桶:HK$1,055', '千潯·雙床房 | 智能客控+家庭影院+智能馬桶+中央空調:HK$1,142', '雲水·家庭滑梯房 | 智能客控+家庭影院+智能馬桶:HK$1,452']"
日照天德國際大酒店,8.9,"['高級雙床房:HK$855', '高級大床房:HK$855', '45度海景雙床房:HK$877', '45度海景大床房:HK$877', '180度奢享海景大床房:HK$1,160']"
日照萊頓海景酒店,9.2,"['豪華大床房:HK$1,187', '豪華雙床房:HK$1,296', '商務海景大床（側面看海）:HK$1,296', '商務海景雙床房（側面看海）:HK$1,405', '行政海景大床房（側面看海）:HK$1,406']"
日照星島奇幻樂園酒店（星島藍碳店）,9.3,"['奇幻樂園親子房（小童樂園+迷你冰箱+徠芬吹風機）:HK$1,122', '奇幻海洋雙床房（小童樂園+迷你冰箱+徠芬吹風機）:HK$1,122', '星島海洋親子房（一線海景+小童樂園+迷你冰箱）:HK$1,666', '海景太空艙大床（海景陽台+小童樂園+智能馬桶）:HK$1,883', '海景太空艙榻榻米（海景落地窗+小童樂園+智能馬桶）:HK$1,883']"
布可不住酒店（日照第三海水浴場店）,9.7,"['雅緻大床房（小冰箱）:HK$927', '高級雙床房（小冰箱）:HK$951', '舒適大床房（小冰箱）:HK$984', '尊享大床房（小冰箱）:HK$1,006', '海景雙床房（小冰箱）:HK$1,039']"
日照木棉花凱悅尚選酒店,9.5,"['城景大床房-智能客控+藝術設計:HK$1,089', '城景雙床房-智能客控+藝術設計:HK$1,089', '園景大床房--智能客控+藝術設計:HK$1,198', '園景雙床房-智能客控+藝術設計:HK$1,198', '木棉家庭房·1張大床和1張沙發床:HK$1,252', '豪華客房，1張特大床:HK$1,331']"
日照海景花園大酒店（萬平口東夷小鎮店）,9.2,"['豪華公寓（無窗）:HK$674', '經濟雙床房:HK$912', '標準大床房:HK$912', '豪華雙床房:HK$1,097', '商務雙床房:HK$1,326']"
山外文元酒店,9.7,"['文元雙床房-美國kingkoil床墊:HK$802', '文元大床房-美國kingkoil床墊:HK$802', '商務大床房-美國kingkoil床墊:HK$894', '套房-美國kingkoil床墊:HK$1,369', '文元家庭房-美國kingkoil床墊:HK$1,553']"
蘭歐國際酒店（日照大學城安泰廣場店）,9.6,"['蘭逸智能大床房『智能客控+安眠床墊+AI語音』:HK$653', '高級大床房『AI語音+投屏電視+迷你冰箱+近海攬景』:HK$690', '高級雙床房『AI語音+零壓酣眠+迷你冰箱+超大辦公』:HK$690', '豪華大床房『智能音控+投屏電視+迷你冰箱+智能馬桶』:HK$719', '行政大床房『奢闊床眠+智能投屏+迷你冰箱+智能馬桶』:HK$756']"
日照美悦雲禧酒店,9.3,"['雲雅商務大床房-智能客控-智能馬桶:HK$1,081', '雲雅商務標間-智能客控-智能馬桶:HK$1,081', '雲書豪華大床房-智能客控-智能馬桶:HK$1,189', '雲書豪華標間-智能客控-智能馬桶:HK$1,189', '雲風荷里活房-智能客控-智能馬桶（可拼床）:HK$1,189']"
日照海景麗呈酒店（萬平口東夷小鎮店）,9.0,"['麗享商務大床房:HK$1,111', '麗享商務雙床房:HK$1,111', '麗景豪華大床房（45°海景）:HK$1,254', '麗景豪華雙床房（45°海景）:HK$1,254', '麗舒豪華三床房:HK$1,396']"
花築·日照呦呦谷酒店,9.7,"['觀景舒適大床房『山景+茶園景觀+落地窗』:HK$565', '茶畔荷香大床房〖荷花池景+山景〗:HK$620', '陽光觀景大床房『落地窗+露台+山景』:HK$674', '露台景觀大床房『落地窗+露台+山景』:HK$729']"
日照大酒店（萬平口世帆基地店）,8.8,"['舒適雙床房:HK$715', '舒適大床房:HK$746', '潮汐海景雙床房:HK$926', '潮汐海景大床房:HK$968', '行政海景大床房:HK$1,042']"
雲海經典海景公寓（日照萬平口燈塔廣場店）,9.6,"['海景兩居雙床套房【投影】:HK$1,267', '豪華海景親子套房:HK$1,285', '日式兩居雙床套房【榻榻米】【投影】:HK$1,389', '休閑鞦韆•投影•積木桌•兩居三床套房（帶榻榻米）:HK$1,730']"
花築奢·禔福客棧（日照萬平口東夷小鎮店）,9.2,"['秋意·雅緻雙床房（慕思零壓床墊）:HK$1,340', '秋意·雅緻大床房（慕思零壓床墊）:HK$1,340', '春覓·親子雙床房（慕思零壓床墊+純棉貢緞+鵝絨被芯）:HK$1,463', '春覓·親子大床房（慕思零壓床墊+純棉貢緞+鵝絨被芯）:HK$1,463', '秋華·湖景雙床房（舒達零壓床墊+TOTO衞浴）:HK$1,587']"
日照百替温德姆花園度假酒店,8.6,"['豪華觀景雙床房:HK$916', '豪華觀景大床房:HK$916', '海景雲端雙床房:HK$953', '海景雲端大床房:HK$1,047', '180℃海景庭院雙床房:HK$1,140']"
日照喜來登酒店,9.4,"['海景大床房:HK$1,743', '海景雙床房:HK$1,853', '行政海景大床房:HK$1,983', '行政海景雙床房:HK$2,093', '行政海景套房:HK$3,074', '迎賓海景套房:HK$4,165']"
日照萬平口景區錦江都城酒店,9.8,"['探索大床房:HK$762', '探索雙床房:HK$762', '行政尊享大床房:HK$818', '行政尊享雙床房:HK$818', '妙想主題大床房:HK$906']"
日照海濱城際酒店,9.9,"['大床房【美國Sealy絲漣床墊｜澳洲Appelles洗護】:HK$838', '雙床房【美國Sealy絲漣床墊｜澳洲Appelles洗護】:HK$848', '高級大床房【美國Sealy絲漣床墊| 澳洲Appelles洗護】:HK$887', '豪華大床房【Sealy絲漣床墊|Appelles洗護｜智能客控】:HK$935', '高級雙床房【美國Sealy絲漣床墊| 澳洲Appelles洗護】:HK$946']"
如你所院民宿,9.9,"['趕海雙大床親子房:HK$742', '超大榻榻米雙床房:HK$814', '榻榻米超大床房:HK$814', '星空親子房:HK$814']"
觀海藝術酒店（日照多島海店）,9.2,"['標準山景雙床房:HK$824', '海景大床房:HK$877', '標準海景大床房:HK$956', '山景大床房:HK$1,138', '山景雙床房:HK$1,138', '高級海景大床房:HK$1,146']"
凱里亞德酒店（日照萬平口景區日照站店）,9.7,"['尊享大床房【語音客控+智能馬桶】:HK$784', '榮享智能大床房【語音客控+智能馬桶】:HK$872', '榮享智能雙床房【語音客控+智能馬桶】:HK$872', '樂玩心球親子雙床房【語音客控+智能馬桶】:HK$872']"
花築·趣海雅苑民宿（日照海濱國家森林公園店）,9.5,"['錦海·温罄園夢大床房+智能化粧鏡+智能馬桶:HK$786', '前海·近海雙大床房+智能化粧鏡:HK$953', '山海·奢華家庭親子房+小童帳篷+智能化粧鏡+智能馬桶:HK$1,116', '林海·套房兩室一廳+沙發+智能化粧鏡+智能馬桶:HK$1,116']"
亞汀酒店（日照大潤發芒果時代廣場店）,9.6,"['經典大床房（電動窗簾+乳膠床墊）:HK$610', '行政大床房（辦公用品+智能馬桶+乳膠床墊）:HK$654', '0壓大床房（夢百合0壓床墊＋0壓記憶枕+智能馬桶）:HK$654', '商務雙床房（電動窗簾+乳膠床墊）:HK$675', '商務大床房（電動窗簾+乳膠床墊）:HK$691']"
日照東湖開元名都大酒店,9.6,"['開元名都大床房:HK$1,637', '別墅大床房:HK$1,637', '開元名都雙床房:HK$1,746', '行政大床房:HK$2,127', '別墅小套房:HK$2,673', '豪華套房:HK$3,109']"
日出悅海大酒店（日照萬平口景區店）,9.3,"['商務大床房:HK$875', '商務雙床房:HK$875', '荷里活房:HK$951', '商務海景大床房:HK$1,043', '行政大床房:HK$1,043']"
日照開元森泊度假酒店,9.2,"['高級大床房:HK$1,549', '高級雙床房:HK$1,549', '豪華大床房:HK$1,713', '豪華雙床房:HK$1,713', '城市觀景大床房:HK$1,953', '城市觀景雙床房:HK$1,953']"
花築·日照雲捲雲舒民宿（日照海濱國家森林公園店）,9.4,"['看雪·大床房「花園庭院」:HK$665', '聽雨·小童滑梯親子房「高清投影+全屋智能+花園庭院」:HK$957', '雲捲雲舒·滑梯親子家庭房 | 高清投影+全屋智能+庭院:HK$957', '望月·露台LOFT家庭套房「全屋智能+花園庭院」:HK$1,088']"
日照雲隱小鎮民宿,9.9,"['星空小院:HK$617', '茶園小院:HK$720', '家庭小院:HK$823', '家庭套房:HK$1,237']"
全季酒店（日照市政府華潤萬象滙店）,9.7,"['高級大床房（65寸電視投屏+智能化+冰箱）:HK$566', '豪華大床房（65寸電視投屏+智能化+冰箱）:HK$680', '雙床房（65寸電視投屏+智能化+冰箱）:HK$717', '豪華套房（65寸電視投屏+智能化+冰箱）:HK$755']"
麗怡酒店（日照萬象滙萬平口景區店）,9.6,"['高級大床房（慕斯零壓床墊+智能客控）:HK$654', '豪華大床房（慕斯零壓床墊+智能客控）:HK$680', '行政大床房（慕斯零壓床墊+智能客控）:HK$706', '豪華雙床房（慕斯零壓床墊+智能客控）:HK$706', '行政雙人房（慕斯零壓床墊+智能客控）:HK$732']"
日照上水山野1977藝術酒店,9.4,"['汽水音樂大床房:HK$470', '近水大床房:HK$500', '汽水音樂雙床房:HK$500', '童趣三人間:HK$578', '童趣親子房:HK$647']"
花築·潤山左右民宿（日照春風十里店）,9.8,"['月華·雅緻大床房|花園庭院+沙發茶几:HK$489', '素秋·輕奢親子房|花園庭院+沙發茶几:HK$612', '夢蝶·庭院親子房|花園庭院+沙發茶几:HK$857', '卿雲·庭院親子房|花園庭院+沙發茶几:HK$894']"
張小英海邊花園酒店,9.4,"['桃·園景大床房【特大床、乳膠床墊】:HK$612', '梅·園景雙床房【兩張雙人床、乳膠床墊】:HK$626', '桂·家庭雙床房【上下床+雙人床】:HK$768', '檀·豪華家庭套房:HK$815']"
日照華美酒店（市政府日照火車站店）,9.4,"['特色浴缸房—大床（一次性浴缸套+夢幻泡泡浴液）:HK$456', '特色浴缸房—雙床（一次性浴缸套+夢幻泡泡浴液）:HK$456', '雅緻大床房（智能客控）:HK$504', '商務大床房（城市美景+小冰箱+浴缸）:HK$586', '豪華雙床房（智能客控+電動窗簾）:HK$586']"
魚姬·親子休閑度假Villa美宿（日照海洋公園店）,9.9,"['親子帆船三室海景房|180度觀海|海盜船床|童趣壁畫:HK$1,397', '地中海loft城堡套房|小童娛樂房|浴缸|舒適榻榻米|雙衞:HK$1,862', 'Loft地中海城堡|浴缸|小童娛樂|雙衞:HK$1,862', '270度觀海|日出海景房|三室雙衞|智能馬桶|麻將機:HK$2,445']"
日照金海花園大酒店（萬平口東夷小鎮度假區店）,9.3,"['庭院雙床房:HK$553', '市景雙床房:HK$585', '市景大床房:HK$585', '庭院家庭房:HK$630', '市景家庭房:HK$662']"
日照蘇寧諾富特酒店,9.3,"['精選大床房（尊享斯林百蘭床墊）:HK$805', '精選雙床房（浴缸享尊貴）:HK$805', '高級大床房（尊享斯林百蘭床墊）:HK$834', '高級雙床房（浴缸享尊貴）:HK$834', '豪華大床房（全景落地窗）:HK$1,023', '豪華雙床房（全景落地窗）:HK$1,023']"
日照嵐橋錦江大酒店（山海天浴場太公島牡蠣公園店）,9.3,"['高級園景雙床房:HK$969', '高級海景大床房:HK$969', '豪華海景大床房:HK$1,078', '豪華海景雙床房:HK$1,078', '行政海景雙床房:HK$1,187', '行政海景大床房:HK$1,187']"
陌上輕居酒店（日照嵐山多島海店）,9.6,"['雲汐·高級大床房|全屋智能+零壓床墊:HK$391', '聽海·臻享大床房|零壓床墊+全屋智能:HK$448', '觀瀾·至尊雙床房|180°全景落地窗+零壓舒睡床墊:HK$478', '聽海·臻享雙床房|零壓床墊+全屋智能:HK$491']"
維也納國際酒店（日照萬象滙萬平口景區店）,9.7,"['高級大床房:HK$616', '高級雙床房:HK$633', '豪華大床房:HK$650', '豪華雙床房:HK$667']"
希岸Deluxe酒店（日照市政府萬平口店）,9.7,"['Deluxe雅緻大床房:HK$571', 'Deluxe高級大床房:HK$613', 'Deluxe高級雙床房:HK$637', 'Deluxe豪華大床房:HK$679', 'Deluxe豪華雙床房:HK$704']"
日照站萬平口景區亞朵酒店,9.8,"['高級大床房:HK$992', '行政雙床房（語音客控+小冰箱）:HK$1,022', '高級雙床房:HK$1,052', '行政大床房（語音客控+小冰箱）:HK$1,052', '幾木大床房（語音客控+小冰箱）:HK$1,092']"
日照福朋喜來登酒店,9.8,"['高級大床房:HK$1,144', '高級雙床房:HK$1,144', '精選大床房:HK$1,187', '精選雙床房:HK$1,187', '城景大床房:HK$1,231', '城景雙床房:HK$1,231']"
日照十二星座野奢美宿,9.7,"['巨蟹座· 獨棟親子泳池別墅:HK$1,053', '摩羯座· 單卧獨棟情侶泳池別墅:HK$1,130', '天蠍座· 獨棟親子泳池別墅:HK$1,130', '處女座·山景獨棟親子別墅（全屋智能+雙卧室+獨立泳池+雙衞+客廳+庭院）:HK$1,359', '天秤座· 山景獨棟別墅（全屋智能+雙卧室+獨立泳池+雙衞+客廳+庭院寵物友好）:HK$1,359']"
