酒店名称,评分,房型价格列表
昌都康濠皇冠大酒店,9.1,"['歐式經典大床房:HK$238', '歐式經典雙床房:HK$273', '供氧·歐式經典大床房:HK$309', '供氧·歐式經典雙床房:HK$332']"
文慧酒店,8.3,"['豪華大床房:HK$413', '豪華雙床房:HK$435']"
昌都金泰名人酒店,7.2,"['高級單間:HK$577', '高級標間:HK$599', '豪華單間:HK$769', '豪華標間:HK$769']"
西礦玉龍大酒店,8.4,"['豪華大床房:HK$435', '豪華雙床房:HK$435', '豪華套房:HK$752']"
無同山居民宿,8.6,"['山居標間:HK$327', '陽光大床房:HK$358', '山居大床房（榻榻米）:HK$358', '茶道大床房（榻榻米）:HK$402']"
昌都嘉炅幸福大酒店（茶馬廣場店）,8.3,"['特價大床房:HK$402', '精緻大床房:HK$412', '豪華大床房:HK$421', '豪華雙床房:HK$431']"
觀嵐酒店（昌都店）,9.4,"['標準大床房:HK$290', '標準雙床房:HK$290', '智能雙床房:HK$299', '智能大床房:HK$309']"
昌都瑞泰酒店,9.1,"['經濟大床房:HK$253', '經濟雙人間:HK$271', '豪華大床房:HK$304', '豪華雙人間:HK$336']"
夢達酒店,9.3,"['温馨大床房:HK$202', '豪華大床房:HK$212', '陽光豪華雙床房:HK$240']"
重慶賓館,8.8,"['舒適大床房:HK$326', '舒適雙床房:HK$337', '舒適三床房:HK$358']"
昌都富城酒店,8.8,['特價房（地暖+新風系統）:HK$219']
昌都納斯卡酒店（茶馬廣場店）,7.0,"['特惠雙人房:HK$219', '標準雙床房:HK$358', '豪華大床房:HK$384', '豪華親子房:HK$460']"
利爾主題酒店,7.6,"['温馨小單間:HK$199', '温馨雙床房:HK$226', '浪漫大床房:HK$234', '江景大床房:HK$261']"
昌都凱瑞酒店,8.2,"['舒適單間:HK$305', '經濟標間:HK$305', '標準雙床房:HK$416', '陽光大床房:HK$416']"
卡若區棲岸酒店,8.3,"['温馨大床房:HK$190', '江景大床房:HK$197', '温馨雙床房:HK$197', '三人房:HK$226']"
巴氏酒店,8.6,"['特價小單間:HK$142', '地暖小單間:HK$151', '温馨地暖小標間:HK$153', '温馨地暖單人房:HK$162']"
昌都君歸酒店,8.2,"['標準大床房:HK$186', '陽光標準雙床房:HK$195', '三人套房:HK$247']"
昌都昌悦賓館,8.2,"['特價大床房:HK$151', '特價標準間:HK$151', '標準間:HK$184', '標準大床房:HK$184']"
昌都益美優質酒店,8.1,"['舒適大床房:HK$191', '舒適標準間:HK$191', '舒適三人間:HK$226']"
昌都友家賓館,7.5,"['標準雙床房:HK$146', '標準大床房:HK$146', '地暖舒適大床房:HK$165', '地暖標準雙人間:HK$165']"
泓帆家庭賓館,8.0,"['標準大床房:HK$109', '標準雙床房:HK$134']"
昌都金美賓館,8.9,"['特價單間:HK$116', '標準雙床房:HK$127', '標準大床房:HK$138', '舒適陽光雙床房:HK$145']"
盡如人意酒店,6.4,"['豪華單間:HK$216', '普通標準間:HK$219', '豪華雙人房:HK$271']"
昌都岷正酒店,6.0,"['温馨大床房:HK$239', '標準間:HK$239']"
昌都金川酒店,6.7,"['標間:HK$268', '豪華單間:HK$305', '豪華標間:HK$314']"
宗卡·酒店,6.9,"['特價單間（地暖）:HK$184', '大床房（地暖）:HK$216', '經濟標間（地暖）:HK$216', '三人房（地暖）:HK$238']"
昌都班視昌賓館,6.8,"['單間:HK$262', '普通標準間:HK$262', '大床房:HK$328', '舒適標準間:HK$350']"
白瑪嶺温泉康養灑咧城,9.1,"['舒適雙床房:HK$403', '舒適製氧雙床房:HK$434', '豪華套房:HK$656', '温泉大床房:HK$918', '温泉浴缸套房:HK$1,367']"
八宿康城供氧酒店（318國道縣政府店）,9.4,"['供氧·藏韻光影零壓大床房「製氧機+加濕器+高密度遮光簾」:HK$569', '供氧·藏韻光影零壓雙床房「製氧機+加濕器+高密度遮光簾」:HK$579', '供氧·陽光雪域觀景大床房「製氧機+加濕器+觀景視野」:HK$590', '供氧·陽光雪域觀景雙床房「製氧機+加濕器+觀景視野」:HK$599', '供氧·高原觀景雙拼大床房:HK$644']"
芒康雲曲莊園酒店,9.5,"['高級大床房:HK$590', '高級雙床房:HK$601', '豪華大床房:HK$601', '山景私湯大床房:HK$1,071', '觀瀾私湯雙床房:HK$1,180']"
帝標大酒店（318國道政府店）,9.6,"['高級雙床房（供氧+智能客控）:HK$621', '高級大床房（供氧+智能客控）:HK$643', '供氧-豪華山景雙床房（供氧+加濕器+酒店提供自助洗衣房+智能客控）:HK$796', '供氧-豪華山景大床房（供氧+加濕器+酒店公區提供自助洗衣機+智能客控）:HK$796', '供氧- 輕奢行政大床房（供氧+加濕器+酒店提供自助洗衣房+智能客控）:HK$970']"
千頌供氧酒店（318國道八宿縣政府店）,9.6,"['享悦丨豪華大床房（彌撒供氧+空調+加濕器+智能管家）:HK$428', '雅緻丨豪華雙床房（彌撒供氧+空調+加濕器+智能管家）:HK$459', '悦享丨觀影雙床房（彌撒供氧+空調+加濕器+智能管家）:HK$486', '臻選丨豪華三人間（彌撒供氧+空調+加濕器+智能管家）:HK$630']"
泗季酒店（左貢縣人民政府店）,8.1,"['特惠清境臻選大床房（高原製氧機+全棉親膚舒滑床品）:HK$490', '清境·臻選大床房（高原製氧機+小度智能客控+靜音加濕器+全棉親膚舒滑床品+中央空調+高速負離子吹風機）:HK$556', '清境·臻選雙床房（高原製氧機+小度智能客控+靜音加濕器+全棉親膚舒滑床品+中央空調+高速負離子吹風機）:HK$580', '清境·臻選套房（高原製氧機+小度智能客控+靜音加濕器+小冰箱+保險櫃+全棉親膚舒滑床品+中央空調+戴森吹風機）:HK$962']"
戈菲大酒店,9.1,"['輕奢大床房（天然乳膠床墊+恆温地暖+美的加濕器）:HK$340', '智能大床房（乳膠床墊+恆温地暖+美的加濕器）:HK$348', '輕奢雙床房（天然乳膠床墊+恆温地暖+美的加濕器）:HK$349', '智能雙床房（乳膠床墊+恆温地暖+美的加濕器）:HK$359']"
察雅米亞酒店,9.8,"['幾木大床房:HK$391', '幾木雙床房:HK$413', '行政大床房:HK$435', '雅緻大床房:HK$462']"
左貢維爾納國際酒店,9.4,"['高級大床房（加濕器）:HK$418', '高級雙床房（加濕器）:HK$438', '商務大床房（加濕器）:HK$476', '商務雙床房（加濕器）:HK$495']"
察雅珊瑚酒店,8.5,"['夢逸精緻大床房:HK$252', '靜享清雅大床房:HK$265', '靜享清雅雙床房:HK$296', '攬山河景大床房:HK$299']"
八宿川楚大酒店（318國道店）,8.5,"['特惠大床丨臨街觀山景【小冰箱-加濕器】:HK$374', '商務大床|巨幕投影【VIP會員-供氧機-加濕器】:HK$422', '商務標間|觀山景【暖氣-加濕器-智能鏡-足浴桶】:HK$423', '高級標間|智能房型【智能客控·彌散供氧·智能馬桶】:HK$492']"
左貢滙鼎國際大酒店（左貢業拉山埡口店）,9.6,"['特價觀景大床房【高原製氧機+乳膠床墊+地暖+加濕器】:HK$590', '特價觀景雙床房【高原製氧機+乳膠床墊+地暖+加濕器】:HK$612', '意境·依山觀景大床房 （高原製氧機+加濕器+地暖+智能客控）:HK$646', '意境·依山觀景雙床房 （高原製氧機+加濕器+地暖+智能客控）:HK$680']"
寄情山水間溫泉度假酒店,10.0,"['精品大床房【零壓床墊&枕頭+乾濕分離+品牌衞浴+智控】:HK$420', '觀景大床房【零壓床墊&枕頭+乾濕分離+品牌衞浴+智控】:HK$437', '觀景標準間【零壓床墊&枕頭+乾濕分離+品牌衞浴+智控】:HK$437', '精品標準間【零壓床墊&枕頭+乾濕分離+品牌衞浴+智控】:HK$445']"
幾米酒店（然烏湖店）,9.6,"['舒適雙床房（地暖+加濕器）:HK$447', '山語·雲澗山景雙床房（供氧地暖+加濕器）:HK$475', '雲舍·雲澗山景大床房（供氧地暖+加濕器）:HK$493', '閑舍·雲澗高層雪山觀景雙床房（供氧地暖+加濕器）:HK$507']"
類烏齊睿軒智慧酒店,8.7,"['投影大床房（地暖+氧氣機+加濕器+送兩瓶水+停車場）:HK$375', '投影雙床房（地暖+氧氣機+加濕器+送兩瓶水+停車場）c:HK$392', '投影尊享雙床房（地暖+氧氣機+加濕器+送兩瓶水+停車場）:HK$408', '投影尊享三人房（地暖+氧氣機+加濕器+送三瓶水+停車場）:HK$441']"
盛方大酒店（左貢縣人民政府店）,9.1,"['特價·雙床房【高原製氧機+乳膠床墊+加濕器】:HK$392', '雅緻·雙床房【高原製氧機+乳膠床墊+加濕器】:HK$447', '依山·觀景雙床房【高原製氧機+乳膠床墊+加濕器】:HK$490', '依山·觀景大床房（獨立陽台、製氧機、加濕器）:HK$490']"
芒康如美鎮雲山江印象酒店（竹卡大橋店）,9.4,"['特惠大床房（智能加濕器+品質床品+乾濕分離）:HK$545', '特惠雙床房（智能加濕器+品質床品+乾濕分離）:HK$545', '豪華大床房（智能加濕器+品質床品+乾濕分離）:HK$654', '豪華雙床房（智能加濕器+品質床品+乾濕分離）:HK$654']"
牧人大酒店,8.6,"['高級大床房:HK$443', '高級雙床房:HK$443', '豪華大床房:HK$508', '豪華雙床房:HK$508']"
萬滙洲際酒店（左貢店）,9.1,"['高級大床房（供氧機+加濕器＋按摩椅+慕思床墊）:HK$516', '高級雙床房（供氧機+加濕器＋按摩椅+慕思床墊）:HK$529', '商務大床房（供氧機+加濕器＋按摩椅+慕思床墊）:HK$557', '商務雙床房（供氧機+加濕器＋按摩椅+慕思床墊）:HK$571']"
左貢悦溪度假酒店,9.1,"['景觀雙床房（加濕器）:HK$385', '高級景觀雙床房 （加濕器）:HK$481', '高級景觀大床房（加濕器）:HK$481', '供氧景觀大床房（彌散供氧+加濕器）:HK$510']"
八宿泰洪主題酒店,9.3,"['歐式豪華空調大床房:HK$293', '中式豪華空調標間:HK$315', '歐式豪華空調標間:HK$316', '中式豪華三人間:HK$402']"
八宿紫宸泊閲大酒店（然烏湖店）,8.6,"['豪華雙床房:HK$549', '豪華大床房:HK$549', '供氧·觀景雙床房:HK$618', '供氧·觀景大床房:HK$618']"
藍湖驛站禪意酒店（然烏湖店）,9.3,"['特惠山景大床房（加濕器+地暖）:HK$336', '特惠山景雙床房（加濕器+地暖）:HK$336', '供氧豪華雙床房（加濕器+地暖）:HK$439', '供氧豪華大床房（加濕器+地暖）:HK$439']"
