酒店名称,评分,房型价格列表
陶溪川國貿飯店,9.4,"['高級雙床房:HK$708', '高級大床房:HK$708', '豪華大床房:HK$751', '豪華雙床房:HK$751', '家庭雙床房:HK$784']"
景德鎮陶溪川創意廣場城際酒店,9.5,"['城際高級房-大床Sealy絲漣床墊+Appelles阿佩利斯洗護:HK$413', '城際豪華房-大床（落地窗+Sealy絲漣床墊+Appelles阿佩利斯洗護用品+Mini冰箱）:HK$442', '城際高級房-雙床（65寸投屏+Sealy絲漣床墊+Appelles阿佩利斯洗護用品+Mini冰箱）:HK$449', '城際豪華房-雙床（花園景+Sealy絲漣床墊+Appelles阿佩利斯洗護用品+Mini冰箱）:HK$479', '城際行政房-大床（庭院+Sealy絲漣床墊+Appelles阿佩利斯洗護用品+Mini冰箱）:HK$553']"
紫晶賓館（景德鎮中國陶瓷博物館店）,9.6,"['3號樓 商務大床房:HK$468', '3號樓 商務雙床房:HK$468', '1-2號樓 觀景雙床房:HK$602', '2號樓 觀景大床房:HK$602', '67號樓-輕奢大床房:HK$659', '7號樓 輕奢雙床房:HK$694']"
晨楓臻品酒店（景德鎮陶溪川店）,9.5,"['巨幕·森境藝尚大床房（愛奇藝VIP+全屋智能）:HK$356', '巨幕·疏影雅尚雙床房（愛奇藝VIP+全屋智能）:HK$379', '巨幕·森境雅尚大床房（愛奇藝VIP+全屋智能）:HK$402', '巨幕·森境奢尚大床房（愛奇藝VIP+全屋智能）:HK$426', '巨幕·疏影奢尚雙床房（愛奇藝VIP+全屋智能）:HK$449']"
沐瀾居·庭院溪畔美學民宿（陶溪川文創街區店）,9.7,"['瀾韻·向野大床房（零壓助眠+無幕布投影+智能馬桶）:HK$333', '瀾韻·榻榻米大床房（零壓助眠+無幕布投影+智能馬桶）:HK$333', '瀾韻·向野高級大床房（零壓助眠+無幕布投影+智能馬桶）:HK$443', '沐溪·綺夢幽簾大床房（全屋智能+落地花園景+零壓助眠）:HK$443']"
景德鎮人民廣場浙江路亞朵酒店,9.4,"['高級大床房:HK$475', '高級雙床房:HK$510', '行政大床房:HK$528', '行政雙床房:HK$556', '幾木大床房:HK$574']"
陶邑上弄酒店（陶陽裏歷史文化旅遊區人民廣場店）,9.6,"['標準大床房【精緻温馨│徠芬吹風機│杜拉維特衞浴】:HK$829', '高級大床房【杜拉維特衞浴｜徠芬高速吹風機】:HK$862', 'LOFT大床房【杜拉維特衞浴｜徠芬高速吹風機】:HK$895', '豪華大床房【杜拉維特衞浴｜徠芬高速吹風機】:HK$1,004', '家庭雙床房【杜拉維特衞浴｜徠芬高速吹風機】:HK$1,146']"
景瀚大酒店（景德鎮陶陽裏景區店）,9.4,"['舒適城景大床房:HK$512', '舒適城景雙床房:HK$512', '尊享城景雙床房:HK$530', '尊享城景大床房:HK$530', '雲端觀景大床房:HK$683', '雲端觀景雙床房:HK$683']"
景德鎮七間半藝術客棧（中國陶瓷博物館古窯民俗博覽區店）,9.8,"['影青閣│青雅親子雙床房（靜音安睡+VIP觀影+空氣凈化器+乾濕分離）:HK$436', '均紅軒│枕湖夢境大床房（窗外湖景+VIP觀影+空氣凈化器+乾濕分離）:HK$454', '且慢│浪漫棲息觀影大床房（高清投影+VIP觀影+休閑沙發+智能馬桶+榻榻米+空氣凈化器+乾濕分離）:HK$457', '郎紅閣│霽霞愜意大床房（窗外湖景+VIP觀影+空氣凈化器+乾濕分離）:HK$498']"
景德鎮祥寶茶宿（陶溪川文創街區店）,9.6,"['月影·智能圓床房｜零壓床墊＋中央空調＋浪漫星空頂:HK$425', '青花·智能大床房｜零壓床墊＋中央空調＋品牌洗護:HK$436', '茶語·豪華大床房｜全屋智能＋零壓床墊＋愜意茶台:HK$468', '陶陽·親子雙床房｜全屋智能＋零壓床墊＋軟硬雙枕:HK$545', '茗香·豪華雙床房｜全屋智能＋零壓床墊＋古韻大茶台:HK$578']"
景德鎮浮樑希爾頓歡朋酒店,9.7,"['舒適大床房:HK$565', '舒適雙床房:HK$565', '高級大床房:HK$604', '高級雙床房:HK$604', '豪華大床房:HK$642']"
陶邑迎祥酒店（陶陽裏店）,9.5,"['舒適大床房:HK$350', '高級大床房:HK$452', '高級雙床房:HK$483', '豪華大床房（55寸巨幕可投屏）:HK$483', '豪華雙床房:HK$524']"
景德鎮陶茗居城市民宿（陶陽里人民廣場店）,9.7,"['複式品茗大床房:HK$416', '複式觀景大床房:HK$460', '複式藝術雙床房:HK$478', '複式樂天家庭房:HK$629']"
花築·境覓酒店（景德鎮三寶路店）,9.7,"['商務大床房（大窗户觀景房+小度全智能+優酷會員投影）:HK$368', '商務雙床房（氧吧樹景房+小度全智能+優酷會員投影）:HK$368', '親子雙床房（觀景房+全屋智能客控+優酷會員投影）:HK$441', '浴缸親子三人房（全景落地窗+智能客控+優酷會員投影）:HK$614']"
景德鎮陶溪川凱悦嘉軒酒店,9.4,"['嘉軒雙床房（帶沙發床）:HK$1,019', '嘉軒大床房（帶沙發床）:HK$1,019', '嘉軒雙床角房（帶沙發床）:HK$1,316', '嘉軒大床角房（帶沙發床）:HK$1,316', '嘉軒大床大開間（帶沙發床）:HK$1,656']"
景德鎮鳳凰留園酒店（中國陶瓷博物館古窯店）,9.5,"['惠享大床房【零壓睡眠+智能客控+智能馬桶+貝朗浴缸】:HK$478', '温馨庭院大床房【小而温馨+智能客控+貝朗衞浴】:HK$478', '精緻觀景大床房【側苑園林景觀+智能客控+零壓睡眠】:HK$478', '惠享雙床房【零壓睡眠+智能客控+智能馬桶+貝朗衞浴】:HK$512', '舒適庭院大床房【入户花園景觀+零壓睡眠+智能客控】:HK$525']"
陶舍酒店（中國陶瓷博物館店）,9.5,"['舒適大床房:HK$234', '舒適雙床房:HK$252', '露台大床房（觀光露台+75寸投屏電視+慕思床墊+羽絨被）:HK$269', '園景雙床房:HK$287', '山景大床房:HK$295']"
陶溪川川上行酒店（陶溪川文創街區店）,9.5,"['不遠大床房:HK$1,735', '不遠雙床房:HK$1,735', '不息大床房:HK$1,953', '不息雙床房:HK$1,953', '歸藏套房:HK$2,500', '不捨套房:HK$2,827']"
景德鎮陶溪川漫心府,9.7,"['心怡標準大床房（絲漣床墊+親膚浴袍+智感取電）:HK$814', '心悦園景大床房（園林美景+高清全身鏡+休閑沙發）:HK$914', '心享豪華大床房（智能馬桶+超大浴缸+超清全身鏡）:HK$994', '心悦高級雙床房（內置冰箱+智能窗簾+徠芬吹風機）:HK$1,065', '心享豪華家庭房（極佳空間感+內置冰箱+休閑沙發）:HK$1,115']"
水晶璞邸酒店（景德鎮陶溪川店）,9.5,"['負離子榻榻米（投屏電視+新風系統）:HK$243', '小清新大床房（精緻典雅+投屏電視）:HK$294', '榻榻米電競房（日式網咖）:HK$294', '靜謐觀影房（幽靜影院）:HK$307']"
景德鎮昌南里長天酒店（中國陶瓷博物館店）,9.5,"['高級大床房:HK$566', '高級雙床房:HK$566', '豪華雙床房:HK$577', '温馨家庭房:HK$772', '巨幕影音大床房（120寸投影+vip影院）:HK$795', '長天豪華家庭雙床房:HK$861']"
景德鎮中國陶瓷博物館美侖酒店,9.6,"['高級大床間（超大投屏電視+智能馬桶）:HK$854', '豪華大床房（奢闊空間+智能馬桶+超大投屏電視）:HK$905', '高級雙床房（超大投屏電視+智能馬桶）:HK$934', '豪華雙床房（奢闊空間+智能馬桶+超大投屏電視）:HK$965', '高級家庭雙床房（舒壓記憶枕+全景視野+小童洗漱用品）:HK$1,106']"
如家精選酒店（景德鎮陶溪川文創街區店）,9.4,"['商務大床房（全屋智能）:HK$441', '高級大床房（全屋智能）:HK$467', '安心睡0壓大床房（全屋智能）:HK$492', '雙床房（全屋智能）:HK$508']"
時光之境·美學民宿（陶溪川文創街區店）,9.7,"['晌日·舒適大床房（零壓床墊+VIP極米投影+智能馬桶）:HK$412', '晝暘·温馨大床房（零壓床墊+VIP極米投影+智能馬桶）:HK$484', '玖周·悦享大床房（零壓床墊+VIP極米投影+智能馬桶）:HK$484', '暮夕·觀景大床房（零壓床墊+VIP極米投影+智能馬桶）:HK$593']"
景德鎮陶溪川鉑格酒店（陶陽裏步行街店）,9.2,"['雅緻大床房:HK$463', '霽蘭雙床房:HK$473', '玲瓏大床房:HK$494', '青花雙床房:HK$504', '瓷韻投影大床房:HK$555']"
陶邑閶陽酒店（陶陽裏歷史文化旅遊區店）,9.6,"['浮生｜苔痕青瓦（智能馬桶+智能小音響）:HK$490', '浮生｜煙火絮語（智能馬桶+智能小音響）:HK$620', '浮生｜歲瀝檐隙（長沙發+浴缸+智能馬桶+智能小音響）:HK$657', '鎏金｜霓虹里弄（長沙發+浴缸+智能馬桶+智能小音響）:HK$695', '鎏金｜窯磚巷影（長沙發+大浴缸+衣帽間+景觀陽台）:HK$732']"
景德鎮柒竹·風過耳美術館酒店（三寶蓬藝術聚落店）,9.5,"['問山驚喜房:HK$861', '觀星標準間（山景+浴缸+智能家居）:HK$1,170', '追風雙床房（花園景+浴缸+智能家居）:HK$1,376', '問山套房（獨立客廳+浴缸+智能家居）:HK$1,406', '問山大床房（花園景+浴缸+智能家居）:HK$1,530']"
花築·景德鎮視界陶也民宿（陶溪川三寶店）,9.6,"['沐風大床房（中式實木傢俱+SEVENPLUS洗護用品）:HK$485', '茶韻雙床房（中式實木傢俱+SEVENPLUS洗護用品）:HK$547', '主題家庭房（中式實木傢俱+SEVENPLUS洗護用品）:HK$723', '素隱家庭雙床房（中式實木傢俱+SEVENPLUS洗護用品）:HK$861', '禪語景觀家庭雙床房（中式實木傢俱+SEVENPLUS洗護用品）:HK$1,068']"
全季酒店（景德鎮陶溪川店）,9.6,"['高級大床房:HK$624', '商務大床房:HK$633', '雙床房:HK$699']"
璞邸曼居酒店（景德鎮文創陶溪川店）,9.6,"['曼馨榻榻米房（小冰箱+温馨浪漫+65寸高清液晶電視）:HK$303', '曼雅榻榻米房（温馨浪漫+65寸高清會員液晶電視+Mini冰箱+晚安床品）:HK$325', '巨幕▪曼尊大床房（時尚休閑+超級百寸會員影院+Mini冰箱+晚安床品）:HK$325', '巨幕·曼選雙床房（商務舒適+雙用床品+Mini冰箱+百寸高清會員影院）:HK$337', '樸居榻榻米房（65寸高清會員液晶電視+新中式禪茶體驗+Mini冰箱+晚安床品）:HK$338']"
巷外藝術酒店（景德鎮御窯景巷陶陽裏景區店）,9.6,"['藝術大床房【零壓床墊&電動窗簾&電視可投屏】:HK$359', '輕奢大床房【零壓床墊&電動窗簾&電視可投屏】:HK$381', '影院大床房【暢享騰訊影視VIP可投屏&零壓床墊】:HK$381', '輕奢雙床房【零壓床墊&電動窗簾&電視可投屏】:HK$414', '輕雅家庭房【零壓床墊&電動窗簾&電視可投屏】:HK$457']"
Sky Canvas·設計美學｜不相酒店,9.5,"['不相·玲瓏舒適雙床房『高空城景+minibar+鵝絨被芯』:HK$359', '不相·青花景觀大床房\u200b『高空城景+minibar+鵝絨被芯』:HK$467', '不相·御窯智能大床房\u200b『高空城景+minibar+鵝絨被芯』:HK$492', '不相·鬥彩尊享大床房\u200b『高空城景+minibar+鵝絨被芯』:HK$517', '不相·尊享浴缸大床房『高空城景+minibar+鵝絨被芯』:HK$579']"
景德鎮陶溪川景見禮酒店（陶陽新村店）,9.2,"['一耶暴富·大床房（會客空間+零壓床墊）:HK$389', '日富一日·雙床房（會客空間+記憶睡眠枕）:HK$401', '好運常在.悦心大床房（陽光城景+乾濕分離）:HK$421', '心想柿成.甄選大床房（靜謐安靜+零壓床墊）:HK$449', '平安喜樂·雙床房（舒適靜謐+全屋智能）:HK$456']"
陶邑望南酒店（陶溪川文創街區店）,9.5,"['高級雙床房（舒適睡眠+陽光飄窗）:HK$479', '高級大床房（舒適睡眠+陽光飄窗）:HK$479', '豪華雙床房（陽光飄窗➕榻榻米）:HK$501', '豪華大床房（陽光飄窗➕榻榻米）:HK$501', '商務大床房（智能傢俱+榻榻米）:HK$534']"
今夕何夕城市民宿（景德鎮陶溪川文創街區店）,9.5,"['沐辰-小美滿.大床房[知麻4K投影（支持投屏）+智能馬桶:HK$337', '沐白-治癒舒享大床房-零壓床墊+智能馬桶+VIP巨幕投影:HK$366', '星辰-靜雅投影大床房（零壓床墊+智能馬桶+VIP巨幕投影）:HK$397', '雲初-飄窗品茗大床房（零壓床墊+智能馬桶+VIP巨幕投影）:HK$434']"
陶邑松園酒店（景德鎮藝術職業大學高鐵北站店）,9.1,"['高級大床房（記憶枕+沙發床+乾濕分離+松林翠屏）:HK$528', '高級雙床房（蕎麥枕+乾濕分離+松林翠屏）:HK$528', '豪華大床房（記憶枕+沙發床+乾濕分離+觀景陽台）:HK$567', '豪華雙床房（蕎麥枕+乾濕分離+觀景陽台）:HK$567', '商務大床房（記憶枕+沙發床+乾濕分離+超大觀景露台）:HK$621']"
陶邑東郊酒店（陶溪川文創街區店）,9.3,"['高級雙床房（零壓床墊+康乃馨床品+乾濕分離）:HK$629', '高級大床房（零壓床墊+康乃馨床品+乾濕分離）:HK$629', '豪華雙床房（零壓床墊+康乃馨床品+乾濕分離）:HK$669', '豪華大床房（零壓床墊+康乃馨床品+乾濕分離）:HK$669', '商務雙床房（陽台+零壓床墊+康乃馨床品+乾濕分離）:HK$709']"
景德鎮陶溪川凱悦臻選酒店,9.5,"['雙床房:HK$2,420', '大床房:HK$2,484', '豪華大床房:HK$2,802', '貴賓雙床房:HK$3,567', '貴賓大床房:HK$3,567']"
景德鎮昌南希爾頓惠庭酒店（中國陶瓷博物館店）,9.6,"['靈動大床房（coffee機+蒸汽掛燙機+沙發床+智能馬桶）:HK$473', '舒適雙床房（膠囊coffee機+智能馬桶+舒達床墊）:HK$494', '靈動豪華大床房（coffee機+掛燙機+沙發床+智能馬桶）:HK$514', '靈動雙床房（膠囊coffee機+智能馬桶+蒸汽掛燙機+舒達床墊）:HK$525', '靈動豪華雙床房（膠囊coffee機+智能馬桶+蒸汽掛燙機+舒達床墊）:HK$576']"
境覓·Findpeace民宿（景德鎮陶溪川創意廣場店）,9.7,"['精緻單人房（高清投影+智能馬桶+助眠床墊）:HK$347', '精緻榻榻米雙床房（高清投影+智能馬桶+助眠床墊）:HK$347', '商務大床房（商務辦公+智能馬桶+助眠床墊）:HK$375', '商務雙床房（商務辦公+巨幕投影+智能馬桶+助眠床墊）:HK$389']"
景德鎮行政服務中心亞朵酒店,9.7,"['高級大床房（投屏電視+慢回彈記憶枕）:HK$412', '高級雙床房（投屏電視+慢回彈記憶枕）:HK$412', '行政大床房（Mini小冰箱+投屏電視+慢回彈記憶枕）:HK$439', '行政雙床房（Mini小冰箱+投屏電視+慢回彈記憶枕）:HK$457', '幾木大床房（Mini小冰箱+投屏電視+深睡枕PRO）:HK$493']"
景德鎮智選假日酒店（陶溪川文創街區店）,9.1,"['悦居·特惠大床房｜軟硬雙枕+康乃馨床品+斯林百蘭床墊:HK$354', '輕奢·甄選大床房｜沙發+桌椅+雙枕+康乃馨床品+斯林百蘭床墊+科勒衞浴:HK$463', '輕奢·甄選雙床房｜沙發+桌椅+雙枕+康乃馨床品+斯林百蘭床墊+科勒衞浴:HK$463', '悦居·特惠雙床房｜軟硬雙枕+康乃馨床品+斯林百蘭床墊:HK$476', '至尊·豪華套房｜會客區+旋轉電視+軟硬雙枕+康乃馨床品+斯林百蘭床墊+科勒衞浴:HK$600']"
宜尚PLUS酒店（景德鎮陶溪川店）,9.4,"['豪華零壓大床房（零壓舒適床墊+智能馬桶+茶具+冰箱）:HK$421', '影院大床房（100寸VIP影院+沉浸音場）:HK$432', '標準雙床房（北歐風情+靜怡入眠）:HK$441', '標準大床房（北歐風情+靜怡入眠）:HK$445', '高級大床房（明敞宜人+金可兒國際床墊）:HK$452']"
璞邸曼居酒店（景德鎮中國陶瓷博物館古窯店）,9.6,"['璞邸•初馨治癒榻榻米『騰訊VIP+Mini冰箱』:HK$239', '璞居•窯火陽光房『騰訊VIP+Mini冰箱』:HK$263', '璞玉•沉浸式安睡房『新風空氣凈化+零壓記憶枕』:HK$296', '璞•龍窯聽松景觀房『陽光滿屋+感光玻璃』:HK$338', '巨幕∞影青玲瓏雙床房『暢享投屏+零壓助眠』:HK$360']"
呆住酒店（景德鎮人民廣場御窰廠店）,9.6,"['呆·城景大床房『全屋智能+可投屏大液晶+休閑沙發椅』:HK$399', '呆·PLUS城景大床房『全屋智能+巨幕投影可投屏+休閑沙發椅+舒適辦公桌』:HK$417', '呆·優眠雙床房『全屋智能+舒適辦公桌』:HK$417', '呆·城景雙床房『全屋智能+可投屏大液晶+舒適辦公桌』:HK$453']"
美豪麗致酒店（景德鎮中國陶瓷博物館店）,9.4,"['麗致大床房【慕思床墊+專享茶歇】:HK$434', '麗致雙床房【三層隔音玻璃+65寸可投屏電視】:HK$465', '雅緻大床房【7款高端洗浴用品+全屋智能】:HK$465', '雅緻雙床房【超大空間+瓷語茶歇】:HK$496', '靜雅大床房【靜謐空間+商務辦公】:HK$496']"
景德鎮萬楓酒店,9.2,"['特惠大床房（Simmons品牌床墊）:HK$457', '特惠雙床房（Simmons品牌床墊）:HK$457', '豪華雙床房（Simmons品牌床墊+科勒衞浴）:HK$500', '豪華大床房（Simmons品牌床墊+科勒衞浴）:HK$500', '行政大床房（Simmons品牌床墊+科勒衞浴）:HK$544']"
水晶璞邸酒店（景德鎮陶陽里人民廣場店）,9.5,"['榻上陶然·極米巨幕房【騰訊VIP會員&極米4K投影】:HK$215', '璞邸·釉彩幕境大床房【騰訊VIP會員&極米巨幕投影】:HK$237', '泥火智幕·璞系大床房【騰訊VIP會員&極米巨幕投影】:HK$259', '御窯祕色·雲影大床房【騰訊VIP會員&極米巨幕投影】:HK$262', '高嶺雙棲·雲畔雙床房【騰訊VIP會員&極米巨幕投影】:HK$262']"
青溪庭Barga自然美學·獨棟庭院設計師酒店（三寶國際陶藝村店）,9.9,"['拾秋|靜謐大床房（全屋智能+投影+雲朵枕+鵝絨被）:HK$336', '品清歡|榻榻米大床（全屋智能+投影+雲朵枕+鵝絨被）:HK$347', '任平生|山景大床房（全屋智能+投影+雲朵枕+鵝絨被）:HK$358', '得自在|中式格調大床（全屋智能+投影+雲朵枕+鵝絨被）:HK$402']"
景德鎮大酒店（景德鎮人民廣場御窯廠店）,9.1,"['商務大床房:HK$275', '商務雙人房:HK$321', '輕奢投影大床房（巨幕投影+影視會員）:HK$347', '江景投影大床房（一線江景+乳膠床墊）:HK$394']"
陶邑觀英酒店（陶溪川北路高鐵北站店）,9.4,"['高級大床房（舒適睡眠＋蕎麥枕）:HK$534', '高級雙床房（舒適睡眠＋蕎麥枕）:HK$534', '豪華大床房（明亮寬敞＋榻榻米）:HK$559', '豪華雙床房（明亮寬敞＋榻榻米）:HK$559', '商務大床房（温馨舒適＋迷你冰箱＋保險櫃）:HK$597']"
全季酒店（景德鎮古窯民俗博覽區店）,9.8,"['高級大床房:HK$374', '商務大床房:HK$402', '雙床房:HK$467', '高級雙床房:HK$495']"
都市花園優選酒店（景德鎮瓷都大道店）,9.2,"['特惠大床房（零壓床墊+全景落地窗+騰訊視頻SVIP）:HK$201', '觀景大床房（零壓床墊+全景落地窗+騰訊視頻SVIP）:HK$215', '花園大床房（獨立陽台+零壓床墊+落地窗+騰訊視頻VIP）:HK$229', '影音大床房（巨幕投影+零壓床墊+落地窗+騰訊視頻VIP）:HK$242']"
雲璟酒店（景德鎮御窯廠人民廣場店）,9.3,"['迷你·智能大床房（智能馬桶+迷你冰箱+智能小度）:HK$248', '舒雅·智能大床房（零壓床墊+迷你冰箱+智能小度）:HK$276', '高級·智能大床房（智能小度+電動窗簾+迷你冰箱）:HK$284', '高級·智能雙床房（零壓床墊+智能小度+電動窗簾）:HK$303', '輕奢·智能大床房（迷你冰箱+智能馬桶+乾濕分離）:HK$323']"
景德鎮·云何長亭|Art pavilion酒店,9.5,"['雲遊|電競雙床房『全屋智能·電競桌椅·高端外設·冰箱』:HK$308', '雲遊|電競大床房『全屋智能·電競桌椅·高端外設·冰箱』:HK$309', '雲享|大床房『全屋智能·戴森吹風·65寸電視·冰箱』:HK$346', '雲享|雙床房『全屋智能·戴森吹風·65寸電視·冰箱』:HK$359']"
里巷邑宿（景德鎮陶溪川文創街區店）,9.7,"['粉彩-邑宿大床房8202（投影+品牌洗護+智能馬桶）:HK$301', '粉彩-邑宿大床房8302（投影+品牌洗護+智能馬桶）:HK$301', '粉彩-邑宿大床房8402（投影+品牌洗護+智能馬桶）:HK$301', '青花-里巷大床房8201（投影+品牌洗護+智能馬桶）:HK$329']"
景德鎮雲舍酒店（中國陶瓷博物館古窯民俗博覽區店）,9.6,"['施釉凝露·雅緻大床房（全屋智能+100寸巨幕投影）:HK$229', '陶溪新語·清華宿舍房（零壓記憶枕+騰訊VIP）:HK$240', '練泥聽心·雅緻雙床房（休閑庭院+巨幕觀影可投屏）:HK$269', '瓷韻生香·智能雙床房（零壓記憶枕+100寸巨幕投影）:HK$351', '茗歸靜一·雲舍大床房（零壓床墊+巨幕觀影可投屏）:HK$352']"
悠巷空中花園民宿（景德鎮人民廣場陶陽裏景區店）,9.5,"['不晚·醉投影大床房（全屋智能+零壓床墊+超清投影+智能馬桶+乾濕分離）:HK$345', '不晚·醉投影雙床房（全屋智能+零壓床墊+超清投影+智能馬桶+乾濕分離）:HK$361', '三寶·愜意居大床房（全屋智能+零壓床墊+高清投屏電視+智能馬桶+乾濕分離）:HK$382', '三寶·愜意居雙床房（全屋智能+零壓床墊+高清投屏電視+智能馬桶+乾濕分離）:HK$399']"
景德鎮伴器民宿（陶溪川創意廣場店）,9.8,"['精緻智能大床房（舒達床墊+智能客控）:HK$297', '精選觀影智能大床房（巨幕投影+智能客控+舒達床墊）:HK$354', '精品觀影智能雙床房（巨幕投影+舒達床墊+智能客控）:HK$375', '麥芽糖親子大套房（高清巨幕投影+智能客控+舒達床墊）:HK$660']"
溪川行廬（陶溪川文創街區店）,9.5,"['隱溪｜舒雅大床房【4K高清數字電視+格力中央空調+品牌實木家居+Marshall音響+Laifen吹風機+品牌客房冰箱+高端酒店床品+智能馬桶+品牌洗浴用品】:HK$369', '隱廬｜舒雅大床房【4K高清數字電視+格力中央空調+品牌實木家居+Marshall音響+Laifen吹風機+品牌客房冰箱+高端酒店床品+智能馬桶+品牌洗浴用品】:HK$458', '雲廬｜舒適雙床房【4K高清數字電視+格力中央空調+品牌實木家居+Marshall音響+Laifen吹風機+品牌客房冰箱+高端酒店床品+智能馬桶+品牌洗浴用品】:HK$513', '行見｜舒適雙床房【4K高清數字電視+格力中央空調+品牌實木家居+Marshall音響+Laifen吹風機+品牌客房冰箱+高端床品+智能馬桶+品牌洗浴用品】:HK$513']"
景德鎮汀岸未來民宿（陶溪川文創街店）,9.7,"['亦可 ● 偏愛大床房【全屋智能+中央空調+智能馬桶】:HK$456', '汀岸●見夕浴缸大床房【全屋智能+中央空調+零壓床墊】:HK$504', '夕下●半閑雙床房【全屋語音智能+零壓床墊+乾濕分離】:HK$552', '芙靈●靜謐雙床套房【中央空調+智能馬桶+巨幕投影】:HK$612']"
山瀾·陶源居民宿（景德鎮三寶國際陶藝村店）,9.8,"['清霧丨日式温馨榻榻米房 （智能客控｜慕思零壓床墊｜鵝絨被）:HK$382', '瞻星丨山景靜謐大床房（智能客控丨慕思床墊｜鵝絨被）:HK$385', '初見丨中式大床房（智能客控丨慕思零壓床墊｜鵝絨被）:HK$461', '且聽丨原木大床房（智能客控丨慕思零壓床墊｜鵝絨被）:HK$518']"
陶邑紅泥酒店（陶溪川文創街區店）,9.3,"['練泥精緻投影大床房（沙發+零壓床墊+乾濕分離+KOHLER衞浴）:HK$544', '陶洗典雅雙床房（沙發+零壓床墊+乾濕分離+KOHLER衞浴）:HK$872', '施釉流丹複式套房（沙發+零壓床墊+KOHLER衞浴）:HK$938', '刻花温暖家庭套房（沙發+零壓床墊+乾濕分離+KOHLER衞浴）:HK$1,091']"
景德鎮星瓷·逸舍民宿（陶溪川文創街區店）,9.8,"['富士山下-舒適大床房『投影儀+智能馬桶+乾濕分離』:HK$424', '明年今日-精緻大床房『智能馬桶+乾濕分離』:HK$491', '單車-雙床房『智能馬桶+乾濕分離』:HK$504', '歲月如歌-雅緻大床房『投影儀+智能馬桶』:HK$517']"
景德鎮釉遇藝宿（陶溪川文創街區店）,9.8,"['尋釉榻榻米大床房（全屋智能+新風系統+小米電視）:HK$419', '踏泥雙床房（全屋智能+巨幕投影+新風系統）:HK$432', '知意特大床房（全屋智能+高清投影+新風系統）:HK$444', '賦瓷雙床房（全屋智能+小米電視+舒適沙發）:HK$457']"
景德鎮一夕言歡民宿,9.5,"['芭蕉-花園大床房:HK$398', '香櫞-榻榻米花園景大床房:HK$409', '古月-園林景觀高級大床房:HK$490', '梔子-輕奢山景雙床房:HK$529']"
瓷見·山居度假酒店（景德鎮中國陶瓷博物館店）,9.4,"['輕奢大床房（全屋聲控+英國品牌洗護+零壓床墊）:HK$392', '悠享陽光大床房（全屋聲控+英國品牌洗護+鵝絨被）:HK$404', '巨幕影音大床房（全屋聲控+投影投屏+英國品牌洗護）:HK$415', '巨幕影音雙床房（全屋聲控+投屏+英國品牌洗護）:HK$425', '悠享陽光雙床房（全屋聲控+零壓床墊+鵝絨被）:HK$468']"
景德鎮本覺如是民宿（陶溪川文創街區店）,9.6,"['浮光·靜謐大床房:HK$632', '自在·舒適大床房:HK$709', '既見·舒適雙床房:HK$742', '靜享·觀景大床房:HK$785', '疏影·福袋雙床房:HK$808']"
景德鎮溪客民宿（陶溪川文創街區店）,9.2,"['素月·surprise驚喜特惠房:HK$498', '影青·舒適大床房『投影＋智能馬桶+乾濕分離』:HK$539', '新彩·温馨雙床房『投影＋智能馬桶+乾濕分離』:HK$589', '淺雲·家庭親子房『投影＋智能馬桶+乾濕分離』:HK$627']"
Echo hotel迴響旅店（三寶國際陶藝村店）,9.9,"['冬青丨山景大床房[全屋智能語音系統+投影儀+鵝絨被+智能小愛音響+智能馬桶]:HK$439', '矢車菊丨山景大床房[全屋智能語音系統+投影儀+鵝絨被+智能小愛音響+智能馬桶]:HK$496', '鳶尾/山景大床房[鵝絨被+智能小愛音響+智能馬桶]:HK$730', '風信子丨陽台山景大床房[全屋智能語音系統+投影儀+鵝絨被+智能小愛音響+智能馬桶]:HK$773']"
瓷緣居酒店（景德鎮陶溪川文創街區店）,9.7,"['陶·新彩大床房（沉浸舒適+全友高級乳膠床墊+高清電視投屏）:HK$321', '陶·新彩雙床房（幽夢好眠+全友高級乳膠床墊+高清電視投屏）:HK$352', '陶·青花瓷大床房（沉睡夢鄉+全友高級乳膠床墊+高清電視投屏）:HK$364', '陶·唐彩雙床房（私享空間+全友高級乳膠床墊+高清電視投屏）:HK$387']"
景德鎮清璞暖居酒店,9.3,"['悦享新風大床房（乳膠枕+零壓床墊）:HK$207', 'Bisque丨青川墨影·甜白釉·藝術典藏房:HK$227', 'Rice-Pattern丨三寶問陶·玲瓏瓷·温馨大床房:HK$253', 'Cloisonne丨景泰藍·琺琅彩·清幽雙床房:HK$253']"
景德鎮陶溪川十二間民宿（陶陽裏步行街店）,9.5,"['恭喜發財大床房『智能家居+零壓床墊+酣然如夢』:HK$339', '錢途無量榻榻米大床房『愜意茶座+智能客控』:HK$339', '家財萬貫大床房【復古家居+零壓床墊+乾濕分離】:HK$386', '蒸蒸日上雙床房【智能家居＋百寸超清投影】:HK$416']"
