酒店名称,评分,房型价格列表
江上凌雲·青婉酒店（樂山大佛張公橋美食街店）,9.4,"['靜謐·精緻單間（無電視）:HK$151', '靜謐·榻榻米單間:HK$162', '靜謐·舒適單間:HK$173', '靜謐·舒適大床房:HK$217']"
樂山樂上盡歡酒店（嘉興路美食街店）,9.9,"['高級大床房:HK$326', '高級雙床房:HK$326', '舒適大床房:HK$352', '舒適雙床房:HK$353', '豪華大床房:HK$369']"
樂山L私湯江景酒店·City Vacation（樂山上中順店）,9.7,"['綠野榻榻米大床房[180°落地窗觀樂山老街城景/侘寂風/全棉親膚泡泡棉床品/超舒服乳膠記憶床墊/恆温坐墊智能馬桶/電視可投屏追劇]:HK$402', '綠野·城景大床房[180°樂山城景落地窗/超舒服乳膠記憶床墊/全棉親膚泡泡棉床品/高速負離子吹風機/恆温坐墊智能馬桶/三層玻璃隔音好睡眠]:HK$435', '上喜浴缸大床房[觀樂山老街煙火氣|全棉親膚泡泡棉床品|三層隔音窗|超舒服乳膠記憶床墊|自動加熱智能馬桶|浴缸泡泡浴]:HK$468', '綠野·浴缸雙床房[看樂山城景+超舒服乳膠記憶床墊+全棉親膚泡泡棉床品+恆温坐墊智能馬桶]:HK$501', '初居浴缸大床房[躺看美食街夜景+超舒服乳膠記憶床墊+全棉親膚泡泡棉床品+泡泡球浴缸泡泡浴+恆温坐墊智能馬桶+電視可投屏追劇]:HK$533']"
樂山湯與禪·享受與養心度假酒店（嘉興路美食街店）,9.6,"['古缸竹影大床房:HK$319', '古缸竹影雙床房:HK$332', '古缸竹影超級寬床房:HK$332', '貴妃古浴大床房【養顏貴妃湯】:HK$357', '貴妃古浴雙床房【養顏貴妃湯】:HK$369']"
錦聽連鎖.南方大酒店（樂山張公橋美食街店）,9.4,"['優選簡約大床房【助眠床墊+辦公桌】:HK$148', '優選簡約雙床房【助眠床墊+辦公桌】:HK$153', '沉浸式體驗影院房（100寸投影+手機投屏+VIP影片隨心看）:HK$177', '觀山山景大床房【窗外好景+舒適沙發+辦公桌】:HK$196']"
樂山雲上湯池酒店（樂山高鐵站世豪廣場店）,9.6,"['雲上·雅緻大床房【巨幕超清投影+私享浴缸】:HK$326', '浪漫·泡池大床房【私享浴缸＋高清巨幕投影】:HK$355', '浪漫·私湯特大床房【超清投影＋雙人私湯+智能客控】:HK$399', '沙嶼·星空大床房 【巨幕超清投影+私享浴缸智能客控】:HK$399', '禪意·家庭房A【子母床+80寸超清電視+浴缸+智能客控】:HK$399']"
芊芊芒果樹酒店（樂山大佛店）,9.4,"['祕境·雅閣大床房（智能家居·直飲機·小冰箱）:HK$236', '風光無限·豪華江景大床房（推窗見江）:HK$275', '來故·一見傾心大床房（智能家居·直飲機·小冰箱）:HK$285', '千山萬水·唯美雙床房（智能家居·直飲機·小冰箱）:HK$288']"
樂山廣寒宮酒店（樂山高鐵站嘉興路美食街店）,9.7,"['豪華大床房:HK$218', '豪華雙床房:HK$240', '高級大床房:HK$262', '商務大床房:HK$262', '行政大床房:HK$360']"
樂山安珀酒店,9.7,"['安納西臻享大床房:HK$764', '盧瓦爾典雅雙床房:HK$764', '安納西臻享雙床房:HK$982', '小黃鴨親子大床房:HK$1,092', '海底小縱隊親子大床房:HK$1,092', '瑪格麗特豪華大床房:HK$1,201']"
樂山上善居·養心禪景酒店,9.6,"['自在大床房:HK$259', '自在雙床房（超寬雙床）:HK$278', '禪景大床房:HK$288', '自在寬居特大床房（大落地窗+自在坐枱）:HK$314', '禪景雙床房（超寬雙床）:HK$324']"
SFEEL設計師酒店（樂山大佛上中順店）,9.6,"['榻榻米大床房:HK$373', '高級大床房:HK$380', '雅緻大床房:HK$416', '高級雙床房:HK$430']"
璟晨酒店（樂山張公橋美食街店）,9.4,"['大床房（智能客控+軟水淋浴）:HK$306', '雙床房（智能客控）:HK$333', '榻榻米大床房（軟水淋浴）:HK$361', '高級大床房（智能客控+軟水淋浴）:HK$380']"
樂山美拉酒店（樂山高鐵站世豪廣場店）,9.6,"['昭蘇·雲端大床房[全屋語音客控+乳膠零壓枕+哈曼卡頓音響電視]:HK$184', '青溪·高空大床房[哈曼卡頓音響電視+長卧沙發+全屋語音客控+乳膠零壓枕]:HK$193', '纖月·雲端雙床房[哈曼卡頓音響電視+全屋語音客控-乳膠零壓枕]:HK$204', '霧隱·投影大床房[極米投影100寸超大幕布+乳膠零壓枕+全屋語音客控]:HK$204']"
樂山華邑酒店,9.6,"['高級房超大床:HK$518', '高級雙床房:HK$518', '高級房:HK$518', '高級超大床行政房:HK$706', '高級雙床行政房:HK$706', '高級行政超大床房-高樓層:HK$753']"
樂山逸尚東方·洵懌酒店（樂山大佛店）,9.7,"['輕奢大床房「新中式原木傢俱·自動洗衣機·小冰箱·迷你吧 」:HK$306', '尊享精奢大床房:HK$425', '尊享精奢雙床房（沙發）:HK$469', '尊享精奢親子房（室內浴缸）:HK$655', '尊享臨江大床房（小冰箱）:HK$655']"
探啾酒店（張公橋美食街樂山大佛景區店）,9.7,"['A舒享大床房【軟硬記性枕·定製乳膠床墊·全身鏡】:HK$348', 'A舒適大床房【軟硬記憶枕·定製乳膠床墊·全身鏡】:HK$348', 'A 精靈天窗大床房【正常通風采光·電動升降通風玻璃窗·電動遮陽遮光簾·軟硬記憶枕·定製乳膠床墊】:HK$361', 'B 雅緻大床房【復古法式·軟硬記憶枕·乳膠床墊】:HK$369', 'B 雅悦大床房【軟硬記憶枕·乳膠床墊·智能馬桶·全身穿衣鏡·高清投影·商務辦公區】:HK$369']"
清樂府酒店（高鐵站嘉興路美食街店）,9.8,"['清悦•雅緻高級大床房[65寸智能電視投屏｜乾濕分離]:HK$216', '清悠•逸緻豪華大床房[65寸智能電視投屏|乾濕分離]:HK$261', '清悦•雅緻高級雙床房[65寸智能電視投屏|乾濕分離]:HK$283', '清居•雅舍一室一廳套房[65寸智能電視投屏|超大空間|乾濕分離]:HK$304']"
宏遠大酒店（嘉興路美食街店）,9.4,"['特惠大床房（1號樓＋榻榻米風）:HK$164', '雅逸雙床房（1號樓+榻榻米風＋庭景＋休閑小茶几）:HK$187', '雅逸大床房（1號樓＋榻榻米風＋休閑小茶几）:HK$187', '雅靜雙床房:HK$213']"
樂山·泥曲 | Ni River高空藏式美學酒店（高鐵站萬達廣場店）,9.4,"['悦灰度大床房（人體力學床墊+恆温熱水+智能客控）:HK$229', '雅灰度高空房（智能客控＋中央空調＋遮光窗簾）:HK$243', '居灰度雙床房（超清電視智能可投屏+零壓床墊+智能客控）:HK$243', '暮灰度城景房（智能客控＋人體力學床墊+全景落地窗）:HK$256']"
悦·樂山江景酒店（上中順商業街店）,9.1,"['城景影音大床房（巨幕投影+愛奇藝會員+智能客控）:HK$271', '城景露台大床房（75寸電視+私享露台+智能客控）:HK$326', '江景影音雙床房（正觀禪韻水幕燈光秀+巨幕投影+愛奇藝會員+智能客控）:HK$358', '江景舒適大床房（正觀禪韻水幕燈光秀+75寸電視+智能客控）:HK$358', '城景影音親子房（巨幕投影+愛奇藝會員+智能客控）:HK$358']"
樂山錦江嘉州賓館,9.5,"['城景大床房:HK$480', '城景雙床房:HK$480', '江景大床房:HK$632', '江景雙床房:HK$731', '全景大床房:HK$986', '大使套房:HK$2,829']"
樂山三卿酒店（張公橋美食街店）,9.5,"['雲舒|景庭大床房|語音智能客控+乳膠記憶枕:HK$304', '雲影|雅庭大床房|庭院式休閑旅居美學+拍照出片:HK$335', '歸雲|隱庭大床房|庭院式休閑旅居美學+一拍成片:HK$366', '歸雲|隱庭雙床房|庭院式休閑旅居美學+鬧市中的隱居:HK$373']"
有樂在樂設計師酒店（張公橋好吃街店）,9.5,"['有楽大床房（智能客控+喜臨門床墊）C:HK$267', 'Esport雙床間（電競模式8G顯卡+I7處理器+海盜船內存）AC:HK$276', '有楽雙床房（智能客控+喜臨門床墊）C:HK$276', '江畔雙床房（蒲團茶座+智能客控）A:HK$332']"
樂山太和盛世大酒店,9.4,"['豪華標準房:HK$326', '豪華大床房:HK$326', '豪華江景大床房:HK$362', '行政標準間:HK$544', '行政大床房:HK$544']"
城市精選酒店（樂山體育中心張公橋美食街店）,9.9,"['影院舒適大床房（語音客控+55寸電視投屏+深睡記憶枕）:HK$192', '舒適雙床房（語音客控+55寸電視投屏+深睡記憶枕）:HK$215', '標準大床房（語音客控+55寸電視投屏+深睡記憶枕）:HK$215', '標準雙床房（語音客控+55寸電視投屏+深睡記憶枕）:HK$238']"
樂山市中區希爾頓花園酒店,9.7,"['花園大床房:HK$380', '花園雙床房:HK$403', '無障礙大床房:HK$403', '豪華大床房:HK$428', '豪華雙床房:HK$428']"
樂山COCO雲網紅高空湯池設計師酒店,9.4,"['雅緻·觀景大床房（地暖+高空無遮擋景觀+浴缸+巨幕投影）:HK$298', 'LOFT大床房（地暖+高空無遮擋景觀+巨幕投影+浴缸）:HK$321', '浪漫滿屋大床房（地暖+高清投影）:HK$343', '時光浴缸大床房（地暖+智能客控+百寸極米巨幕投影+雙人泡池浴缸）:HK$355']"
城市便捷酒店（樂山大佛店）,9.6,"['智能標準大床房（全屋智能｜記憶枕頭｜智能馬桶｜手機投屏）:HK$244', '智能高級大床房（全屋智能｜記憶枕頭｜智能馬桶｜手機投屏）:HK$275', '智能影院大床房（全屋智能｜巨幕投影｜智能馬桶｜手機投屏）:HK$275', '智能落地江景大床房（全屋智能｜落地江景｜智能馬桶｜手機投屏）:HK$305']"
江山勝景酒店（樂山大佛美食街店）,9.7,"['樂山樂水雙床房（觀三江夜遊燈光+賞日出晚霞）:HK$524', '觀江聽濤雙床房（觀大佛+全臨江+賞三江夜遊燈光秀）:HK$672', '江山勝景雙床房 （眺峨眉山+觀三江夜遊燈光）:HK$672', '觀江聽濤大床房（觀三江夜遊燈光秀+賞日出晚霞）:HK$672']"
樂山M設計師智能酒店,9.7,"['雅緻大床房:HK$212', '尊貴雙床房:HK$255', '尊貴大床房:HK$255', '尊享特大床:HK$260']"
樂山世紀嘉源大酒店CenturyJiayuanHotel（樂山高鐵站店）,9.0,"['太空尋夢大床房|童夢城堡+夢幻樂園:HK$246', '山景醇享大床房|天然氧吧+清新空氣:HK$246', '高級大床房|靜謐空間+零壓鵝絨被:HK$265', '高級雙床房|雙重隔音窗户:HK$265', '至尊豪華大床房|4k投屏+立體環繞:HK$613']"
Mon Chéri ·夢雪麗酒店（樂山市高鐵站世豪廣場店）,9.7,"['極簡丨原木大床房【日式書桌+零壓床墊+乳膠記憶枕】:HK$327', '詫寂風 | 榆木大床房【智能客控+零壓床墊+小木馬】:HK$348', '詫寂風 | 榆木雙床房【語音客控+乳膠記憶枕+小木馬】:HK$348', '奶油風丨卡斯楠木雙床房【語音客控+金可兒床墊】:HK$370', '奶油風 | 卡斯楠木大床房【智能客控+乳膠記憶枕】:HK$370']"
江畔小住民宿（樂山大佛店）,9.8,"['凈山佛心大床房:HK$344', '雲影籬下悠然雙床房:HK$401', '江映月白江景大床房:HK$407', '聞香聽濤臨江院景大床房:HK$408']"
全季酒店（樂山市中區世豪美食街店）,9.7,"['高級大床房（電視投屏+小冰箱+金可兒床墊）:HK$604', '高級雙床房（電視投屏+小冰箱+金可兒床墊）:HK$613', '商務大床房（電視投屏+小冰箱+金可兒床墊）:HK$623', '商務雙床房（電視投屏+小冰箱+金可兒床墊）:HK$633']"
閑庭小築,9.7,"['花園榻榻米大床房（100寸超大投影+浴缸+花園+直飲機+智能馬桶+自動窗簾）:HK$286', '花園榻榻米雙床房（100寸超大投影+浴缸+花園+直飲機+智能馬桶+自動窗簾）:HK$360', '清雅花園泡池大床房（100寸超大投影+泡池+獨立花園+直飲機+智能馬桶+自動窗簾）:HK$379', '豪華花園泡池大床房（100寸超大投影+泡池+獨立花園+直飲機+智能馬桶+自動窗簾）:HK$528']"
厚時Hotel Moment（樂山嘉興路美食街店）,9.5,"['精選大床房（舒睡床品+投屏電視+小冰箱）:HK$228', '精選雙床房（舒睡床品+投屏電視+小冰箱）:HK$228', '高級大床房（舒睡床品+投屏電視+小冰箱）:HK$238', '高級雙床房（舒睡床品+投屏電視+小冰箱）:HK$238']"
一宿酒店（樂山高鐵站店）,9.8,"['舒適雙床房:HK$159', '洋流·雙床房:HK$173', '焦野·浴缸大床房:HK$175', '長夏·觀影親子房:HK$201']"
樂山鹿溪設計師酒店（上中順店）,9.3,"['「不晚」零壓助眠大床房+智能客控+零壓床墊+中央空調:HK$305', '「歸謐」沐光影院大床房+智能客控+零壓床墊+大金空調+高清投影:HK$305', '「餘歡」180°觀江幾木大床房+智能客控+零壓床墊+大金空調:HK$327', '「且聽」180°觀江影院大床房+智能客控+零壓床墊+中央空調+高清投影:HK$327']"
全季酒店（樂山高鐵站店）,9.7,"['高級大床房（功夫茶具+電視投屏+小冰箱+金可兒床墊）:HK$498', '高級雙床房（功夫茶具+電視投屏+小冰箱+金可兒床墊）:HK$549', '商務大床房（功夫茶具+電視投屏+小冰箱+金可兒床墊）:HK$549', '景觀雙床房（功夫茶具+電視投屏+小冰箱+金可兒床墊）:HK$569']"
尚布安恬酒店（樂山上中順商業街店）,9.6,"['安悦『城景雙床房+靜謐舒適』:HK$305', '恬悦『森夏大床房+青靄浮街綠意稠』:HK$323', '安瀾『鄰悦雙床房+靜謐舒適』:HK$323', '恬逸 『綠韻棲夢大床房+智滙商務長桌』:HK$411']"
順城212輕奢酒店（樂山張公橋美食街店）,9.4,"['花樣年華·大床房:HK$342', '莫逆於心·大床房:HK$370', '知己之遇·雙床房:HK$398', '金風玉露·大床房:HK$453']"
8RSR隱市人文民宿（樂山張公橋店）,9.7,"['古楊·輕奢花園大床房（西馬智能馬桶+SPS西普斯水龍頭+極米超大屏投影）:HK$217', '於境·輕奢花園大床房（西馬智能馬桶+SPS西普斯水龍頭+極米超大屏投影）:HK$239', '流長·輕奢花園大床房（西馬智能馬桶+SPS西普斯水龍頭+極米超大屏投影）:HK$283', '隱市·輕奢花園大床房（西馬智能馬桶+SPS西普斯水龍頭+極米超大屏投影）:HK$283']"
樂山大酒店（嘉興路美食街店）,9.6,"['嵐景·大床房【語音智能客控+零壓床墊+深睡記憶枕】:HK$286', '嵐景·雙床房【語音智能客控+零壓床墊+深睡記憶枕】:HK$286', '豪華雙床房【語音智能客控+零壓床墊+深睡記憶枕】:HK$306', '豪華大床房【語音智能客控+零壓床墊+深睡記憶枕】:HK$306']"
歡棲·禮遇酒店（樂山高鐵站世豪廣場店）,9.4,"['城景大床房:HK$408', '雲闕榻榻米大床房:HK$419', '高級大床房:HK$431', '城景雙床房:HK$431']"
樂山廣場智選假日酒店（嘉興路美食街店）,9.6,"['標準大床房:HK$365', '標準雙床房:HK$365', '高級大床房:HK$411', '高級雙床房:HK$411', '家庭房:HK$468']"
宜必思酒店（樂山中心店）,9.6,"['大床房（電視投屏+金可兒床墊）:HK$291', '高級大床房（電視投屏+金可兒床墊）:HK$331', '雙床房（電視投屏+金可兒床墊）:HK$391', '家庭房（電視投屏+金可兒床墊）:HK$492']"
SFEEL設計師酒店（樂山張公橋美食街店）,9.6,"['S舒適大床房:HK$408', 'S高級大床房:HK$437', 'S豪華大床房:HK$458', 'S豪華雙床房:HK$508', 'S設計師精選大床房:HK$508']"
金鷹山莊酒店（樂山高鐵站店）,9.5,"['高級標間:HK$263', '豪華山景標間:HK$283', '豪華山景單間:HK$304', '豪華湖景標間:HK$304', '豪華湖景單間:HK$324']"
漢庭酒店（樂山火車站店）,9.7,"['高級大床房（電視投屏+智能馬桶）:HK$360', '商務雙床房（電視投屏+智能馬桶）:HK$360', '商務大床房（電視投屏+智能馬桶）:HK$369', '景觀大床房（電視投屏+智能馬桶）:HK$380']"
樂山一笑新酒店,9.4,"['洞天屋:HK$326', '洞天屋·雙床房:HK$382', '山景大床房:HK$435', '萌趣·親子雙床房:HK$435', '山景套房:HK$861']"
