酒店名称,评分,房型价格列表
永州明宇尚雅酒店,9.5,"['尚雅大床房:HK$399', '尚雅雙床房:HK$399', '旅行者大床房:HK$452', '旅行者雙床房:HK$452', '探索客房（棋牌大床房）:HK$536', '俱樂部雙床房:HK$610']"
周舍·花美時民宿（永州零陵古城店）,9.5,"['悦己·輕奢陽光大床房（茶桌+智能語音客控）:HK$541', '自得·庭院榻榻米大床房（庭院+智能語音客控）:HK$577', '悠然·豪華城景雙床房（茶桌茶具+智能語音客控）:HK$601', '閑雲·輕奢榻榻米雙床房（庭院+吊椅+智能語音客控）:HK$660']"
蘭歐酒店（永州冷水灘區萬達店）,9.6,"['蘭逸經典大床房（全屋智能客控+高空城景+茶台品茗）:HK$276', '蘭逸豪華大床房（智能客控+金可兒床墊+舒適辦公桌）:HK$299', '蘭逸豪華雙床房（智能客控+金可兒床墊+舒適辦公桌）:HK$299', '蘭歐行政智能雙床房（乾濕分離+高空城景+舒適辦公）:HK$320']"
芮洄·悦酒店（永州冷水灘高鐵站店）,9.6,"['怡悦雅居大床房（零壓床墊+全屋智能客控）:HK$186', '歡悦觀影大床房（100寸幕布4K高清投影）:HK$187', '怡悦雅居雙床房（零壓床墊+超大空間）:HK$187', '享悦觀影大床房（100寸幕布4K高清投影+騰訊會員）:HK$197']"
全季酒店（永州冷水灘區政府店）,9.4,"['高級大床房:HK$307', '高級雙床房:HK$328', '商務大床房:HK$348', '豪華雙床房:HK$367', '豪華套房:HK$516']"
加曼酒店（永州冷水灘萬達廣場店）,9.4,"['曼品舒適大床房（助眠床墊·智能窗簾）:HK$244', '曼音影院大床房（4K高清投影幕布+影視會員）:HK$253', '曼雪輕奢大床房（助眠床墊·會客沙發）:HK$280', '曼語城景大床房:HK$316']"
永州華天大酒店,9.5,"['高級大床房:HK$423', '高級雙床房:HK$423', '商務景觀大床房｜禁煙｜辦公桌椅:HK$435', '商務景觀雙人間-禁煙:HK$445', '行政景觀單人間:HK$489', '行政景觀雙人間:HK$512']"
永州華豐華天大酒店,9.5,"['高級雙床房:HK$216', '行政大床房:HK$382', '行政雙床房:HK$382', '豪華雙床房:HK$436', '豪華大床房:HK$436']"
陌嶼•雅緻| LGHTANDELE•GA朵蘭湘韻酒店（永州冷水灘萬達廣場店）,9.7,"['Instant零壓·深睡大床房[智能馬桶+一次性馬桶墊]:HK$167', 'Instant零壓·深睡雙床房[xiaodu智能+LED放大除霧化粧鏡+一次性馬桶墊]:HK$167', 'Espresso設計師·甜睡大床房[全屋弱電智能+4K+65寸可投屏電視]:HK$183', 'Espresso設計師·甜睡雙床房[免享一次性馬桶墊+智能馬桶]:HK$183']"
悦庭嘉美酒店,9.5,"['特惠大床房:HK$259', '景觀大床房:HK$281', '豪華雙床房:HK$292', '影院雙床房:HK$303']"
君嶼紫荊花酒店（永州冷水灘店）,9.6,"['雲嶼江景圓床房:HK$276', '君嶼豪華雙床房:HK$286', '君嶼江景大床房:HK$310', '深睡0壓豪華雙床房:HK$341']"
歡漫酒店（永州冷水灘市委店）,9.5,"['豪華大床房（零壓助眠床墊+雲感沙發）:HK$244', '高級雙床房（零壓助眠床墊+景觀落地窗）:HK$256', '影院大床房（百寸超清巨幕投影+休閑沙發）:HK$269', '享浴大床房（縱享私浴+超大空間）:HK$269']"
廷泊酒店（永州高鐵站店）,9.4,"['雅悦禮居大床房:HK$320', '雅悦禮居雙床房:HK$331', '茗雅禮居大床房:HK$351', '尊享典居大床房:HK$372', '尊享影視房:HK$382']"
美宿悦致酒店（永州冷水灘店）,9.2,"['高級大床房-（雙人沙發+乳膠床墊+深睡記憶枕）:HK$285', '豪華雙床房-（零壓床墊+智能馬桶+深睡記憶枕）:HK$294', '影院大床房-（百寸巨幕+極速光纖+恆温水暖）:HK$321', '影院雙床房-（百寸巨幕+小度音響+智能馬桶）:HK$334', '忻悦麻將大床房-（新風系統+靜謐空間+全屋智控）:HK$363']"
永州太谷酒店（零陵古城店）,8.8,"['商務大床房:HK$412', '商務雙床房:HK$412', '太谷大床房:HK$483', '行政客房A:HK$556', '行政客房B:HK$565', '太谷三人房:HK$565']"
永州柳子酒店,9.2,"['園景雙床房:HK$203', '園景大床房:HK$203', '庭院大床房:HK$217', '庭院雙床房:HK$217']"
芮洄·雅緻酒店（永州冷水灘萬達廣場店）,9.4,"['雅緻特惠大床房 （高層城景+全屋新風）:HK$273', '雲上雅緻大床房（高層城景+全屋新風+全層智能）:HK$294', '雲上雅緻雙床房（高層城景+全屋新風+全層智能）:HK$305', '雲上雅緻觀影大床房（高清投影+全屋新風+全層智能）:HK$305', '雲上270度雙床房（高層城景+全屋新風、智能+落地窗）:HK$315']"
臻威斯酒店（永州冷水灘大市場店）,9.4,"['回龍夕照單床房:HK$264', '朝陽旭日雙床房:HK$264', '綠天蕉影高空投影雙床房:HK$287', '香零煙雨高空投影單床房:HK$291']"
瀟湘濱湖酒店（永州經開區總部經濟大廈店）,9.4,"['浪漫主題房:HK$220', '舒適陽光雙人房:HK$226', '清新陽光單人房:HK$228', '舒適陽光靜心大床房:HK$250']"
莫林酒店（永州冷水灘店）,9.6,"['特惠大床房:HK$205', '雅緻大床房:HK$223', '豪華雙床房:HK$223', '豪華娛樂麻將房:HK$407']"
歡漫酒店（永州冷水灘萬達廣場店）,9.6,"['歡顏輕奢商務大床房（全屋智能語音控制+65寸高清電視+貴妃椅）:HK$232', '幻境巨幕影院大床房（全屋智能控制+百寸超清巨幕投影+休閑沙發）:HK$256', '欣悦零壓舒睡雙床房（全屋智能+零壓舒睡床墊+舒適辦公）:HK$269', '築夢智享影院大床房（全屋智能+百寸巨幕投屏+貴妃椅+零壓床墊）:HK$281']"
永州瀟湘夜雨客棧,9.4,"['豪華大床房:HK$197', '豪華雙床房:HK$198', '標準雙床房:HK$210', '豪華麻將房:HK$236']"
永州凱旋幻影大酒店（永州萬達廣場店）,9.9,"['商務-幻影大床房（高速WIFI+舒適辦公）:HK$161', '商務-幻影雙床房（優質好眠+恆温恆壓淋漓）:HK$161', '潮享-觀影巨幕大床房（VIP會員+房間寬敞+手機投屏）:HK$183', '潮享-觀影巨幕雙床房（VIP會員+120寸幕布+手機投屏）:HK$183']"
忻程•曼語丨LGHTANDELE•GA朵蘭湘悅酒店（永州冷水灘萬達廣場店）,9.3,"['NIS設計師-深睡大床房「乳膠床墊+神奇懸浮床」:HK$199', '零壓深睡雙床房「智能客控,中央空調」:HK$206', '巨幕影音星空-榻榻米房「4K手機投影+LED防霧化粧鏡」:HK$206', '沉浸式270°影音大床房（智能客控+128寸幕布）:HK$206']"
永州歐雅酒店,9.3,"['特價單人間（全屋智能客控+LED化粧鏡+新風系統）:HK$175', '標準影視房（100寸幕布+VIP影視會員+全屋智能客控）:HK$290', '標準單人間（全屋智能客控+實木地板塊毯+LED化粧鏡）:HK$316', '標準雙人間（全屋智能客控+實木地板塊毯+LED化粧鏡）:HK$330']"
永州華天國際酒店（零陵店）,9.0,"['奢享|觀景巨幕影音大床房（VIP視頻會員+一鍵投屏）:HK$279', '豪華景觀大床房:HK$370', '豪華景觀雙床房:HK$370', '景觀商務套房:HK$604']"
美漾奢品酒店（永州冷水灘店）,9.1,"['零壓智能語音大床房:HK$214', 'A元宇宙街景智控大床房:HK$226', '零壓智能語音雙床房:HK$234', 'L朵拉街景智控雙床房:HK$237']"
永州樂歡溪舍民宿,9.4,"['溪聲:HK$340', '溪影:HK$405', '溪品:HK$405', '溪語:HK$405']"
維也納國際酒店（永州一中君悦華城店）,9.3,"['高級大床房:HK$208', '豪華雙床房:HK$228', '豪華大床房:HK$228', '商務大床房:HK$245']"
閑庭絮觀景民宿（零陵古城柳宗元文化旅遊景區店）,9.5,"['童話·獨立花園·景觀房（全智能+高清投影+獨立歐式浪漫花園+觀景茶台）:HK$270', '隱溪•水景•詫寂風大床房【全智能+溪澗魚池+觀景陽台+獨立茶空間】:HK$339', '情詩·獨立花園·法式爛漫水景大圓床房（智能+獨立花園+高清投影+浴缸+水景）:HK$384', '雲上•全景俯瞰全城•loft陽光套房【全智能+觀全城景+觀日出星空+獨立大露台+燒烤+山景鳥鳴+浴缸】:HK$408']"
維也納酒店（永州區政府廣場店）,9.6,"['高級大床房:HK$216', '高級雙床房:HK$216', '豪華大床房:HK$260', '豪華雙床房:HK$260']"
永州嘉隆同和酒店,9.3,"['標準單人房:HK$403', '標準雙人間:HK$403', '高級單人房:HK$500', '親子雙床房:HK$500', '商務單間:HK$652', '高級商務間:HK$652']"
尚客優品酒店（永州零陵古城店）,9.4,"['優馨大床房（智能客控+無線投屏+零圧床墊）:HK$195', '優馨雙床房（智能客控+無線投屏+零圧床墊）:HK$207', '優品大床房（智能客控+無線投屏+零圧床墊+乾濕分離）:HK$237', '休閑麻將房（四人國粹+槓上開花+無線投屏+零壓床墊）:HK$237']"
美宿歡漫酒店（零陵古城店）,9.4,"['高級大床房（全屋智能客控+零壓舒睡+手機投屏）:HK$181', '豪華雙床房（全屋智能客控+自動窗簾+城市街景）:HK$186', '豪華大床房（全屋智能客控+無線投屏+零壓床墊）:HK$204', '電競大床房（4060顯卡+全屋智能小度+超大空間）:HK$209']"
汐小滿酒店（永州零陵春天廣場店）,9.7,"['麗致 | 時光舒睡大床房「嚴選洗護+深睡好眠+陽谷明媚」:HK$163', '麗致|時光輕奢雙床房【晚安床墊+商務辦公+公區自助洗衣】:HK$163', '悠然|躺平榻榻米大床房「百寸超清巨幕+暢享VIP影視會」:HK$171', '悦致|陽光深睡雙床房「採光大窗+酣暢甜睡+高織親膚布草:HK$174']"
美宿酒店（永州冷水灘市委店）,9.7,"['高級大床房:HK$218', '豪華大床房:HK$243', '高級雙床房:HK$243', '席居榻榻米:HK$269']"
濱湖歡朋酒店（永州冷水灘高鐵站店）,9.0,"['寧悦·靜享雙人房（商旅靜謐+舒適床品）:HK$177', '雅軒·舒享大床房（湖畔雅居＋深度睡眠）:HK$187', '宜行·友享雙床房（湖畔憩園＋舒適床品）:HK$187', '璟湖·悦景雙人房（湖畔勝境＋觀景休憩）:HK$187']"
柏曼酒店（永州零陵區政府店）,9.2,"['舒適大床房丨大隱於市:HK$182', '高級大床房 丨 超大空間:HK$199', '高級雙床房 丨 星幕透窗:HK$206', '影院大床房丨百寸投影VIP:HK$214']"
永州凱雲大酒店,9.4,"['舒適雙床房:HK$124', '舒適大床房:HK$124', '精緻·高級商務大床房「零壓床墊+舒睡好眠」:HK$137', '精緻·高級商務雙床房「零壓床墊+辦公桌椅」:HK$137']"
瀟湘濱湖酒店（永州中邦廣場帝王店）,9.1,"['雅緻大床房（城市俯瞰全景+智能小度）:HK$191', '雅緻雙床房（城市俯瞰全景+智能小度）:HK$191', '行政雙床房（高層靜逸+智能小度+舒享空間）:HK$209', '娛樂大床房（自動機麻+智能小度+暢享生活）:HK$235']"
美宿歡致酒店（永州零陵古城店）,9.6,"['歡悦大床房（夢百合零壓床墊+大飄窗+全屋智能）:HK$198', '歡欣·雙床房（舒適床墊+智能客控）:HK$202', '歡愉·影院大床房（零壓床墊+全屋智能+大屏投影+電影會員）:HK$210', '歡稚·親子房（舒適床墊+小童牙具+小童洗漱用品）:HK$214']"
京題慧客酒店（永州冷水灘萬達店）,9.6,"['慧雅迷你大床房--小茶台+特惠優選:HK$158', '慧馨高級大床房-小書桌+吸頂藍牙音響:HK$163', '慧享豪華大床房--Life Balance床墊+復購率高:HK$179', '慧享豪華雙人房--Life Balance床墊+小書桌+推薦率高:HK$185']"
松澗月民宿（永州零陵古城景區店）,9.8,"['花朝特惠大床房（燈光智能語音客控+恆温花灑、智能馬桶）:HK$238', '折枝豪華雙床房（超大落地窗+燈光智能語音客控+恆温花灑、智能馬桶）:HK$303', '澄秋中式豪華大床房（超大落地窗+燈光智能語音客控+恆温花灑、智能馬桶）:HK$316', '攬星豪華大床房（燈光智能語音客控+高清投影+恆温花灑、智能馬桶）:HK$327']"
維佳智慧酒店（永州市冷水灘零陵北路店）,9.3,"['悦心·商務大床房【好眠喜臨門床墊】:HK$139', '電競雙床房【搭載RXT5060顯卡+CPU14600KF】:HK$214', '單人電竟大床房【RXT4060顯卡+2K165刷新率】:HK$217', '歡悦·商務雙床房【酒店公區自助洗衣機】:HK$234']"
伯特利文創酒店（永州零陵古城店）,9.5,"['商旅零壓大床房:HK$247', '行政商旅標準間:HK$256', '温馨親子房:HK$301', '素雅國風雙床房:HK$361']"
永州咖啡糖民宿,9.8,"['精緻田園大床房:HK$211', '温馨一室大床房:HK$239']"
永州曉曉輕奢民宿,9.5,"['曉曉輕奢系列二·loft兩室套房:HK$230', '曉曉輕奢系列一·loft一室套房:HK$249']"
永州凱菲頓酒店（永州大市場冷水灘店）,9.4,"['清新丨特惠大床房【全屋聲控+智能可控+助眠床墊】:HK$169', '閑靜\u200c丨舒適大床房【智能可控+智能馬桶+助眠床墊】:HK$185', '清靜丨輕奢雙床房【巨幕投影+享受風景+智能可控】:HK$193', '恬靜丨投影大床房【巨幕投影+智能可控+智能馬桶】:HK$195']"
藍楓賓館（冷水灘永州大市場店）,9.4,"['特價大床房:HK$114', '特價雙床房:HK$121', '温馨大床房:HK$130', '標準雙床房:HK$148']"
花美時酒店（永州零陵古城柳子廟景區店）,9.3,"['智能舒適大床房（全屋智能語音客控）:HK$391', '休閑影音大床房（智能語音客控+巨幕影音）:HK$401', '智能舒適雙床房（全屋智能語音客控）:HK$424', '星語投影幕布大床房（智能客控+巨幕影音+城景）:HK$434']"
