酒店名称,评分,房型价格列表
全季酒店（池州火車站店）,9.6,"['高級雙床房:HK$274', '高級大床房:HK$283', '商務大床房:HK$321', '商務雙床房:HK$330']"
花築·池州十二時辰民宿（九華天池店）,9.7,"['夜半·特享大床房:HK$452', '日暮·中式精選雙床房:HK$576', '破曉·温馨大床房:HK$576', '旭日·山景大床房:HK$599']"
格美酒店（池州高鐵站店）,9.1,"['格美雙床房:HK$229', '格美大床房:HK$229', '清馨大床房:HK$255', '清馨雙人房:HK$255']"
池州大前門輕奢酒店,9.4,"['精緻日式大床房:HK$244', '臻選觀影大床房（無窗）:HK$244', '精緻大床房:HK$255', '輕奢豪華標準間:HK$289', '精緻觀影影音大床房:HK$289']"
巴爾頓酒店（池州高鐵站店）,9.3,"['高級大床房:HK$222', '高級雙床房:HK$222', '豪華大床房:HK$236', '豪華雙床房:HK$243']"
沁源假日酒店（池州高鐵站店）,9.3,"['雅緻單間:HK$142', '精品單間:HK$142', '特惠單間（無窗）:HK$142', '精品標間:HK$156']"
池州碧桂園鳳悦鳳凰酒店（九華山）,9.5,"['園景大床房:HK$344', '園景雙床房:HK$344', '湖景大床房:HK$365', '湖景雙床房:HK$365', '零壓大床房:HK$397', '零壓雙床房:HK$397']"
池州瑤池温泉酒店,8.3,"['清雅田園雙床房（書桌+沙發椅）:HK$293', '温雅園景雙床房（陽台+沙發椅+書桌）:HK$325', '温雅園景大床房（陽台+沙發椅+書桌）:HK$325', '和雅親友三床房（沙發椅）:HK$435', '馨雅親子雙床房（子母床+沙發椅+園景）:HK$533']"
池州平天半島大酒店,9.7,"['園景雙床房 | 雲棲竹徑·竹海聽濤:HK$1,189', '水上天路—豪華園景雙床房 | 陽台茶座·浮光竹影:HK$1,310', '湖畔美居—湖景大床房 | 浴缸·靜謐·湖光山色:HK$1,431', '親子主題豪華雙床房 | 親近自然·棲身山野:HK$1,432', '天空之境—豪華湖景大床房 | 陽台沙發·自然療愈:HK$1,553', '天空之境—豪華湖景套房 |下沉式客廳·浴缸·一線湖景:HK$2,402']"
池州山水間醉裡頭精品民宿,9.4,"['地暖微醺大床房:HK$500', '地暖微醺雙床房:HK$610', '地暖微醺景觀大床房:HK$752', '正酣庭院大床房:HK$752']"
漢庭酒店（池州火車站店）,9.7,"['大床房:HK$246', '高級大床房:HK$265', '高級雙床房:HK$285', '套房:HK$304']"
池州維也納酒店（貴池長江南路濕地公園店）,9.2,"['標準大床房 （私密空間+深睡助眠枕+酣睡床墊）:HK$216', '商務大床房 （保鮮冰箱+會客區+大空間）:HK$225', '豪華大床房 （零壓酣睡床墊+通風采光佳+落地全身鏡）:HK$242', '豪華雙床房 （陽光滿屋+零壓酣睡床墊+舒適沙發椅）:HK$251']"
池州鉑晶國際酒店（江南產業集中區九華山機場店）,9.5,"['高級大床房:HK$329', '高級雙床房:HK$329', '豪華雙床房:HK$359', '豪華大床房:HK$359', '親子雙床房:HK$421']"
巴爾頓酒店（池州九華山機場店）,9.3,"['高級雙床房:HK$244', '高級大床房A:HK$244', '豪華大床房:HK$275', '豪華雙床房:HK$275']"
嘉旗觀景酒店（池州生態濕地公園店）,8.8,"['觀景·大床房（高空觀景+智能馬桶）:HK$236', '城景大床房:HK$297', '觀景·雙床房（高空觀景+智能馬桶）:HK$331', '山景時光·圓床房（高空觀景+智能馬桶）:HK$345']"
格林東方酒店（池州長江中路大潤發店）,9.3,"['大床房:HK$188', '豪華雙床房:HK$243', '豪華大床房:HK$243', '行政大床房:HK$243']"
池州百歲大酒店,8.6,"['商務單間:HK$216', '普通標準間:HK$293', '豪華標間:HK$333', '豪華單間:HK$333', '家庭標間:HK$447']"
星空電競智能酒店（紅森國際大廈店）,10.0,"['商務雙標間:HK$226', '電競大床房【5070+U7265KF+2K300HZ+鑽石特權+加速器】:HK$258', '電競雙床房【5070+U7265KF+2K300HZ+鑽石特權+加速器】:HK$258', '豪華電競雙標間【5070+U7265KF+2K300HZ+鑽石特權】:HK$282']"
君亭水晶酒店（池州政務中心商之都店）,9.4,"['輕享 | 高級雙床房:HK$263', '輕享 | 高級大床房:HK$277', '君亭丨差旅無憂房:HK$287', '君享|麗致雙床房:HK$305']"
美程酒店（池州高鐵站店）,9.1,"['特惠大床房:HK$184', '美凈大床房:HK$314', '美致大床房:HK$336', '美致雙床房:HK$336']"
尚客優悦酒店（池州高鐵站上海城店）,9.5,"['標準大床房（智能語音客控+零壓酣睡床墊+智能馬桶）:HK$264', '智能舒適雙床房（智能語音客控+酣睡床墊+智能馬桶）:HK$264', '優享·格調大床房（智能語音客控+單人沙發茶几+智能馬桶+獨立洗漱區）:HK$304', '優享·格調雙床房（智能語音客控+單人沙發茶几+智能馬桶+獨立洗漱區）:HK$304']"
維也納國際酒店（池州高鐵站店）,9.5,"['高級雙床房:HK$228', '豪華雙床房:HK$236', '高級大床房（無窗）:HK$236', '豪華大床房:HK$245']"
池州大九華賓館（九華山）,9.6,"['池州印象商務精選房:HK$459', '池州印象商務大床房|城景+乾濕分離+新中式風格:HK$494', '池州印象商務雙床房|城景+乾濕分離+新中式風格:HK$494', '恬謐雅居套房|一室一廳+雙衞:HK$508', '池州印象智能大床房|高空城景+小度客控+乾濕三分離:HK$568']"
池州紅專記度假酒店（儺仙鎮九華天池店）,8.6,"['山景陽台大床房:HK$682', '山景陽台雙床房:HK$682', '雅緻觀瀾大床房:HK$682', '雅緻觀瀾雙床房:HK$682', '水岸院落雙床房:HK$682', '陽光院落雙床房:HK$682']"
飛魚電競智能酒店（池州商之都店）,9.4,"['特惠電競雙床房【4070S+i7-14790F+2K260HZ+鑽石特權+UU加速器+全屋智能】:HK$255', '智能電競大床房【4070S+i7-14790F+2K260HZ+鑽石特權+UU加速器+全屋智能】:HK$267', '智能電競雙床房【4070S+i7-14790F+2K260HZ+鑽石特權+UU加速器+全屋智能】:HK$267', '豪華電競雙床房【4070S+i7-14790F+2K260HZ+鑽石特權+UU加速器+全屋智能】:HK$291']"
池州火車站齊山大道亞朵酒店,9.6,"['高級大床房（慢回彈記憶枕+65寸投屏電視）:HK$340', '行政大床房（慢回彈記憶枕+65寸投屏電視）:HK$376', '行政陽台大床房（慢回彈記憶枕+65寸投屏電視+小冰箱）:HK$385', '行政城景雙床房（慢回彈記憶枕+65寸投屏電視+小冰箱）:HK$385', '行政雙床房（慢回彈記憶枕+65寸投屏電視）:HK$394']"
如家睿柏·雲酒店（池州九華山機場店）,9.6,"['商務大床房:HK$188', '商務雙床房:HK$197', '智能商務大床房:HK$201', '尊享智能雙床房:HK$206']"
漢庭酒店（池州商之都店）,9.8,"['大床房:HK$230', '雙床房:HK$240', '高級大床房:HK$251', '高級雙床房:HK$271']"
紫晶酒店（池州市政務中心店）,9.0,"['躺平治癒大床房:HK$235', '寧靜雙床房:HK$259', '商務大床房:HK$268', '豪華大床房:HK$284']"
池州開元大酒店,9.5,"['商務大床房:HK$512', '商務雙床房:HK$512', '行政雙床房:HK$546', '行政大床房:HK$567', '豪華套房:HK$633', '商務套房:HK$742']"
麗斯未來酒店（遠東國際廣場店）,9.4,"['南柵灣（舒適影院大床房）:HK$190', '藝林（精選影院雙床房）:HK$200', '積木（LOFT影院大床房）:HK$229', '嶺南（LOFT影院大床房）:HK$238']"
JAM-O季末酒店（池州大潤發店）,8.6,"['美式帶投影大床房:HK$242', '日式帶投影大床房:HK$242', '田園風帶投影大床房:HK$242', '奶油風帶投影大床房:HK$242']"
龍雲國際大酒店（池州高鐵站店）,9.1,"['特惠高級雙床房:HK$210', '特惠高級大床房:HK$211', '豪華雙床房:HK$251', '豪華大床房:HK$313']"
尚嘉酒店（財富廣場店）,9.7,"['智享大床房:HK$244', '智尚大床房:HK$263', '智享雙床房:HK$263']"
開元名庭池州政務中心酒店,9.2,"['名成豪華雙床房（蕎麥枕頭+風乾機）:HK$298', '名成豪華大床房（蕎麥枕頭+風乾機）:HK$331', '名成商務雙床房（蕎麥枕頭+風乾機）:HK$364', '名成商務大床房（蕎麥枕頭+風乾機）:HK$396', '名成行政雙床房（蕎麥枕頭+風乾機+按摩椅）:HK$429']"
池州水悦江南温泉酒店,8.5,"['豪華大床房:HK$197', '豪華雙床房:HK$197', '棋牌套房:HK$254']"
池州天水灣大酒店（政務中心店）,9.4,"['精品豪標:HK$292', '精品大床間:HK$293', '行政商務雙床房:HK$321', '商務舒適雙床房:HK$356']"
頤朵酒店（池州秀山門博物館店）,9.4,"['大床房（內窗）:HK$150', '零壓大床房:HK$169', '零壓雙床房:HK$187', '高級電競大床房:HK$194']"
格林豪泰（池州高鐵站店）,9.0,"['大床房:HK$162', '雙床房:HK$182', '商務大床房:HK$182', '高級大床房:HK$192']"
尚美酒店（池州大潤發店）,9.4,"['高級標間:HK$153', '豪華大床房:HK$160', '豪華標間:HK$177', '家庭房:HK$203']"
都市花園連鎖酒店（池州第十六中學秀山門博物館店）,8.5,"['美致大床房:HK$173', '美致雙床房:HK$179', '舒適大床房:HK$208', '舒適雙床房:HK$221']"
池州秀山國際大酒店,8.3,"['豪華單人間:HK$264', '三人間:HK$293']"
城市快捷酒店（池州高鐵站店）,9.2,"['零壓大床房:HK$133', '輕享大床房:HK$144']"
格林豪泰（池州市政務中心平天湖風景區店）,9.6,"['高級零壓大床房:HK$196', '高級零壓雙床房:HK$196', '舒眠零壓大床房:HK$196', '豪華零壓大床房:HK$206']"
池州豐源賓館,9.3,"['標準間:HK$277', '豪華標準間:HK$314', '尊享大床房:HK$314']"
池州竹子酒店,8.9,"['特惠單間:HK$163', '高級單間:HK$217', '高級標間:HK$217', '豪華標間:HK$228']"
池州毓秀賓館,8.8,"['標準大床房:HK$214', '豪華套房:HK$253', '精品大床房:HK$342', '舒適大床房:HK$342']"
開園影視酒店,7.6,"['特價大床房:HK$174', '豪華標準間:HK$287', '情侶大床房:HK$305', '豪華大床房:HK$314']"
如家酒店·neo（池州秋浦西路秀山門廣場店）,9.0,"['單人房:HK$170', '大床房:HK$179', '雙床房:HK$188', '商務大床房:HK$188']"
茶鄉里民宿,9.4,"['峽谷祕境山景避暑雙床房:HK$380', '峽谷山景大床房:HK$380', '峽谷山景套房:HK$587']"
池州尚都酒店,9.5,"['精緻大床房:HK$238', '特惠雙床間:HK$238', '行政大床房:HK$275', '行政雙床房:HK$275']"
麗思君亭酒店（池州政務中心商之都店）,9.1,"['智享語音悦享雙床房:HK$195', '智享語音悦享大床房:HK$214', '智享語音高級大床房:HK$281', '智享語音高級雙床房:HK$281', '智享語音行政雙床房:HK$340']"
君亭水晶酒店（池州政務中心人民醫院店）,9.4,"['輕享 | 高級雙床房:HK$263', '輕享 | 高級大床房:HK$277', '君享|麗致雙床房:HK$306', '君享|麗致大床房:HK$320']"
九華山印象民宿飯店（九華天池店）,9.9,"['大床房:HK$133', '精品標間:HK$138', '優品標間:HK$146']"
若華酒店（池州大潤發店）,8.8,"['素雅大床房:HK$129', '素雅雙床房:HK$148', '零壓雙床房:HK$157', '精緻休閑房:HK$157']"
徽楓堂酒店,9.0,"['舒適雙床房:HK$216', '精品大床房:HK$239', '豪華大床房:HK$293', '豪華雙床房:HK$293']"
池州偏安一隅青年旅舍,9.1,"['粉色年華少女主題房（無窗）（公共衞浴）:HK$107', '原木芬芳標準間（公共衞浴）:HK$123', '愜意時光大床房（公共衞浴）:HK$151', '舒適到底榻榻米主題房:HK$156']"
