酒店名称,评分,房型价格列表
有節小棧（西街開元寺店）,9.8,"['茂林修竹-203精品大床房（高清影音+亞朵沉睡護脊床墊+智能馬桶+空氣凈化器）:HK$358', '高風亮節-201悠韻大床房（高清影音+亞朵沉睡護脊床墊+智能馬桶+空氣凈化器）:HK$416', '松茂竹苞--205精緻雙床房（高清影音+亞朵沉睡護脊床墊+智能馬桶+空氣凈化器）:HK$440', '節節攀升--301悠韻雙床房（高清影音+亞朵沉睡護脊床墊+智能馬桶+空氣凈化器）:HK$465']"
途紀·巷與民宿（西街開元寺店）,9.6,"['會通·舒適大床房【高清投影+智能馬桶】:HK$585', '小泉澗·榻榻米大床房【高清投影+智能馬桶】:HK$610', '胭脂·品茗大床房【高清投影+全屋智能聲控】:HK$628', '象峯·觀景大床房【高清投影+智能馬桶】:HK$631', '甘棠·庭院大床房【帶獨立庭院+全屋智能+高清投影】:HK$664']"
SlowHouse無事齋民宿（西街開元寺店）,9.9,"['疏桐·投影大床房【深睡乳膠床墊+智能馬桶】:HK$519', '山空·投影大床房【深睡乳膠床墊+智能馬桶】:HK$519', '清夜·投影大床房【深睡乳膠床墊+智能馬桶】:HK$519', '無塵·投影大床房【深睡乳膠床墊+智能馬桶】:HK$519']"
頤璟凱樂酒店（泉州中駿廣場雲谷建材城店）,8.9,"['頤雅大床房:HK$244', '頤享雙床房:HK$257', '頤璟大床房:HK$264', '頤璟雙床房:HK$273']"
泉州Amiens亞眠小鎮（西湖公園店）,9.3,"['Green 美式復古大床房【高清投影.高精床品.遮光窗簾】:HK$435', 'Blue 靜謐大床房【高清投影.高精床品.遮光窗簾】:HK$467', 'Pink 陽光雙床房【高清投影.高精床品.遮光窗簾】:HK$467', 'Pink 陽光大床房【高清投影.高精床品.遮光窗簾】:HK$499', 'Green 美式復古雙床房【高清投影.高精床品.羽絨被】:HK$499']"
泉州上清樓·清代庭院客棧,9.6,"['前庭商務大床房【世夢·春夢】:HK$476', '後院複式榻榻米大床房【花香·百合】:HK$645', '後院觀庭大床房【風清·水清】:HK$678', '後院全景觀庭大床房【庭中】:HK$678']"
如家精選酒店（泉州温陵北路美食街店）,9.4,"['商務大床房:HK$245', '雙床房:HK$270', '高級大床房:HK$289', '安心睡安睡大床房--慢回彈記憶枕+空氣凈化器:HK$315']"
一格·覓與民宿（西街開元寺店）,9.7,"['零壓大床房【高清投影，智能客控】:HK$623', '投影大床房【高清投影，智能客控】:HK$687', '陽台大床房【高清投影，智能客控】:HK$750', '陽台親子房（loft）:HK$892']"
瀾藝酒店（泉州鯉城店）,9.0,"['高級大床房:HK$317', '高級雙床房:HK$328', '行政大床房:HK$361', '行政雙床房:HK$372']"
泉州酒店,9.4,"['東暉樓標準大床房:HK$577', '東暉樓標準雙床房:HK$577', '東暉樓/新翼樓高級商務大床房:HK$675', '東暉樓/新翼樓高級商務雙床房:HK$675', '南馨樓豪華商務大床房:HK$795', '南馨樓豪華商務雙床房:HK$795']"
泉州雲庭假日酒店（泉州西街現代中學店）,9.0,"['雲享大床房（品牌床墊+商務書桌+兩瓶水）:HK$271', '雲享雙床房（55寸小米手機投屏大電視+品牌床墊）:HK$271', '雲悦大床房（55寸小米手機投屏大電視+商務書桌）:HK$306', '雲悦雙床房（55寸小米手機投屏大電視+商務書桌）:HK$306']"
泉州知行無界民宿,9.7,"['崇武天井家庭雙床房（獨立天井）:HK$295', '開元庭院家庭雙床房:HK$406', '甲第庭院家庭雙床房:HK$406', '洛陽庭院家庭雙大床房:HK$514']"
泉州珺璟公館（西街開元寺店）,9.5,"['珺璟大床房:HK$638', '雯華大床房（巷景）:HK$694', '雯華雙床房:HK$769', '珩·大床房（獨立陽台）:HK$825']"
泉州長城戴斯酒店（西街古城店）,8.8,"['精選大床房:HK$369', '精緻大床房:HK$401', '商旅丨舒適大床房:HK$456', '商旅丨舒適雙床房:HK$456']"
棲悦·花棚樹下民宿（泉州西街開元寺店）,9.2,"['向晴 | 棲悦靜逸大床房:HK$300', '有澗 | 棲悦靜逸大床房:HK$300', '覓星 | 棲悦慕隱大床房:HK$323', '花時 | 棲悦慕隱大床房:HK$323']"
泉州金星大酒店（西街古城店）,9.0,"['豪華大床房:HK$387', '豪華雙床房:HK$387', '貴賓樓家庭房:HK$512', '貴賓樓行政套房:HK$752']"
SlowHouse煙火之上民宿（西街開元寺店）,9.6,"['醬·影音大床房:HK$375', '鹽·影音大床房:HK$376', '茶·浴缸大床房:HK$492', '油·浴缸大床房:HK$589']"
花築·鯉遇璞舍·古城覓鯉·閩南禪意美宿（泉州西街開元寺店）,9.4,"['鯉厝禪意大床房:HK$408', '鯉巷榻榻米大床房:HK$461', '鯉桐舒適雙床房:HK$526', '鯉戲高清投影+浴缸豪華大床房:HK$619']"
星程酒店（泉州萬達店）,9.0,"['大床房:HK$311', '高級大床房:HK$340', '高級雙床房:HK$351', '商務大床房:HK$361']"
泉州萬信至格酒店（古城美食街店）,8.7,"['舒適大床房:HK$268', '萬信影音房:HK$279', '高級大床房:HK$345', '高級雙床房:HK$377']"
泉州晉江金瑪國賓酒店,9.6,"['精品雙床房:HK$422', '精品大床房:HK$422', '園林景觀大床房:HK$444', '園林景觀雙床房:HK$444', '園林景觀行政大床房:HK$619', '負離子健康山景套房:HK$936']"
SlowHouse 吾問東西民宿（西街開元寺店）,9.7,"['城景大床房【智能聲控+乳膠床墊+户外小陽台】:HK$526', '舒適雙床房【智能聲控+乳膠床墊+高清投影+户外小陽台】:HK$526', '城景投影大床房【智能聲控+乳膠床墊+泡澡浴缸+獨立陽台】:HK$566', '塔景大床房【智能聲控+户外小陽台+乳膠床墊】:HK$583']"
泉州南安水頭朋來酒店,9.2,"['舒適大床房:HK$369', '舒適雙床房:HK$369', '高級雙床房:HK$422', '高級大床房:HK$424', '家庭雙床房:HK$488', '豪華大床房:HK$500']"
潮漫酒店（泉州西街開元寺店）,8.8,"['品質優選大床房:HK$256', '商務大床房:HK$271', '豪華大床房:HK$309', '豪華雙床房:HK$340']"
泉州順鯉民宿（西街店）,9.6,"['影音大床房:HK$345', '舒適影音大床房:HK$367', '舒適影音雙床房:HK$390', '陽台豪華大床房:HK$420']"
刺桐別苑（泉州西街開元寺店）,9.7,"['番邦風・閩南燕尾大床房【3D床墊】:HK$344', '椰風搖・閩南古厝大床房【3D床墊+超清電視+全景大窗】:HK$384', '海絲韻·閩南雕藝大床房【3D床墊+超清電視】:HK$412', '古早味·閩南紅磚大床房【3D床墊+超清電視+全景大窗】:HK$452']"
泉州巷遇酒店（西街開元寺店）,9.7,"['文瀾大床房:HK$843', '淺喜大床房:HK$936', '淺喜雙床房:HK$1,048', '太空人親子雙床房:HK$1,057', '若錦雙床房（浴缸）:HK$1,141']"
泉州錄蒔民宿（西街開元寺店）,9.8,"['投影大床房:HK$842', '浴缸大床房:HK$975', '塔景浴缸大床房:HK$1,063', '大床套房:HK$1,169', '塔景大床套房:HK$1,267']"
宜尚酒店（泉州黎明大學領show天地店）,9.4,"['舒適大床房:HK$331', '舒適雙床房:HK$348', '高級大床房:HK$366', '高級雙床房:HK$382']"
柒遇民宿（西街開元寺店）,9.7,"['柒遇丨凈心花園大床房:HK$325', '柒遇 | 悦己大床房（帶陽台）:HK$391', '柒遇丨初夢大床房:HK$423', '柒遇丨無憂家庭套房:HK$588']"
泉州古城新天城市廣場麗柏酒店,9.6,"['舒適雙床房:HK$490', '精緻大床房:HK$534', '精緻雙床房:HK$544', '豪華大床房:HK$577']"
璞雲國際酒店（泉州晉江國際機場陽光廣場店）,9.6,"['影院智能大床房（沉浸式超清巨幕投影+影視VIP+全屋智能+深睡記憶枕+高定零壓床墊+恆温智能馬桶+MINI冰箱）:HK$332', '商務智能大床房（全屋智能+零壓床墊+恆温智能馬桶）:HK$462', '豪華智能大床房（全屋智能零壓床墊+恆温智能馬桶）:HK$490', '豪華智能雙床房（全屋智能+深睡記憶枕+高定零壓床墊+恆温智能馬桶+MINI冰箱）:HK$490', '奢華智能大床房（超大空間+全屋智能+深睡記憶枕+高定零壓床墊+恆温智能馬桶+MINI冰箱）:HK$519']"
泉州元集朝也酒店（西街開元寺店）,9.4,"['朝·城景大床房:HK$467', '多·温馨大床房:HK$486', '也·雅緻雙床房:HK$514', '樂·古巷家庭房:HK$626']"
泉州東海亞朵酒店（市政府店）,9.5,"['高級城景大床房（深睡床品-65寸高清投屏-智能客控）:HK$500', '行政城景雙床房（深睡床品-65寸高清投屏-智能客控）:HK$540', '行政城景大床房（深睡床品-65寸高清投屏-智能客控）:HK$540', '尊享城景大床房（深睡床品-65寸高清投屏-智能客控）:HK$580', '尊享海景大床房（深睡床品-65寸高清投屏-智能客控）:HK$631']"
晉江機場陽光廣場錦江都城酒店,9.3,"['精緻大床房（全屋智能+空氣凈化機）:HK$284', '都會大床房:HK$305', '都會雙床房:HK$340', '風雅大床房:HK$340', '風雅雙床房:HK$369']"
泉州·望山軒度假美宿（清源山店）,9.8,"['幸會 · 院景榻榻米大床房（超大投影+超大落地窗+智能馬桶+徠芬吹風機）:HK$523', '初見 · 舒睡榻榻米大床房（超大投影+體閑茶座+智能馬桶+徠芬吹風機）:HK$536', '望山 · 觀景特大床房（觀清源山景+浴缸+超大投影+智能馬桶）:HK$784', '常樂 · 院景會客榻榻米雙床房（超大投影+超大落地窗+智能馬桶+徠芬吹風機）:HK$835']"
泉州大寺逅民宿（西街開元寺店）,9.7,"['大寺逅大床房:HK$544', '清韻大床房:HK$751', '大寺逅雙床房:HK$753', '浴缸大床房:HK$1,015']"
泉州廈航酒店（泉州古城店）,9.5,"['城景大床房:HK$391', '高級雙床房:HK$434', '高級大床房:HK$434', '商務雙人房:HK$434', '豪華大床房:HK$467']"
全季酒店（泉州中駿世界城體育街店）,9.6,"['大床房:HK$371', '高級大床房:HK$401', '商務大床房:HK$441', '雙床房:HK$452']"
巷裡·棲墅民宿（西街店）,9.7,"['巷裡·冬:HK$922', '巷裡·春（大床房）:HK$1,074', '巷裡家庭親子房:HK$1,225', '巷裡·夏（露台大床房）:HK$1,305']"
泉州南厝鯉·中古侘寂風休閑假日設計師民宿（泉州古城天后宮店）,9.5,"['道才巷·葉影休閑單人間（休閑桌椅）:HK$337', '碗糕巷·凝光輕奢大床房（休閑桌椅）:HK$337', '公婆巷·碧落温馨大床房（休閑桌椅）:HK$370', '打鐵巷·壁影私享大床房（休閑桌椅）:HK$370']"
泉州谷城酒店（西街開元寺店）,9.4,"['谷韻·悦享大床房（高清投影）:HK$493', '谷滿·尊享大床房（高清投影）:HK$536', '穀穗·親子雙床房（高清投影）:HK$548', '谷趣·浴缸大床房（高清投影）:HK$568']"
覓鯉·藝術空間民宿（西街開元寺店）,9.4,"['晴原 大床房:HK$623', '流丹 大床房:HK$623', '山川 大床房:HK$623', '陽光 大床房:HK$623']"
泉州福安國際酒店,9.7,"['輕奢園景大床房:HK$457', '尊享湖景大床房:HK$501', '臻選180度觀景圓床房:HK$532', '尊享智能雙床房:HK$545', '行政智能雙床房:HK$555', '歡樂湖景親子房:HK$577']"
泉州無計民宿（西湖公園店）,9.7,"['汐沐 | 浴缸大床房:HK$1,081', '束野 | 院景大床房:HK$1,189', '青禾丨全景大床房（觀清源山景+賞院景）:HK$1,295', '聽風 | 露台院景大床房:HK$1,301', '山予·山景浴缸套房（觀清源山景+獨立客廳+私人影院）:HK$1,445']"
泉州西街萬達廣場柏納酒店,8.9,"['豪華大床房『深度睡眠+沙發茶几』:HK$236', '柏納優選房:HK$257', '豪華雙床房『深度睡眠+沙發茶几』:HK$288', '精選豪華大床房『高層城景+舒適好眠』:HK$326']"
古旅民宿（西街開元寺店）,9.7,"['甲第-玩月大床房:HK$277', '甲第-瓊文大床房:HK$277', '甲第-梧雲大床房:HK$277', '甲第-廣庭大床房:HK$296']"
五斕WULAN民宿（西街鐘樓店）,9.7,"['月白 | 投影大床房:HK$932', '西子 | 投影雙床房:HK$1,141', '玄天 | 投影雙床房:HK$1,141', '梧樺 | 深睡雙床房（空中花園+投影）:HK$1,502']"
全季酒店（泉州萬達廣場店）,8.9,"['大床房:HK$381', '高級大床房A:HK$401', '高級大床房:HK$411', '商務大床房:HK$431']"
泉州橘若·西街民宿（綜合創意空間店）,9.6,"['温陵-觀景陽台大床房:HK$1,405', '鯉城-觀景陽台雙床房:HK$1,733', '刺桐港-親子套房:HK$2,496', '光明城-觀塔親子套房:HK$3,151']"
