酒店名称,评分,房型价格列表
洛陽城禮酒店（洛邑古城麗景門店）,9.4,"['雅緻大床房【智能小度+零圧床墊+乾濕分離+中央空調】:HK$328', '智選大床房【智能小度+零圧床墊+乾濕分離+中央空調】:HK$357', '智選家庭房【乾濕分離+中央空調】:HK$357', '智選雙床房【智能小度+零圧床墊+乾濕分離+中央空調】:HK$357', '庭院大床房【智能小度+零圧床墊+乾濕分離+中央空調】:HK$357']"
洛陽麗印和光酒店（麗景門十字街店）,9.5,"['空山遠·大床房（全屋智能+零壓床墊記憶枕+小冰箱）:HK$436', '雲來去·大床房（全屋智能+零壓床墊記憶枕+小冰箱+含浴缸）:HK$469', '晚風來·雙床房（全屋智能+零壓床墊記憶枕+小冰箱）:HK$469', '靜影沉壁·豪華大床房（全屋智能+零壓床墊記憶枕+小冰箱+含浴缸）:HK$534']"
洛神銅鵲酒店（應天門南廣場洛邑古城店）,9.6,"['簡美大床房（mini冰箱丨乾濕分離丨零壓床墊）:HK$458', '艾美大床房（零壓床墊丨落地窗觀景台、動人夜景）:HK$501', '觀景大床房（零壓床墊丨城市夜景、麗景門景觀）:HK$546', '唯美大床房（零壓床墊丨獨立觀景台丨古城盛景）:HK$580', '唯美雙床房（零壓床墊丨獨立觀景台、麗景門景觀）:HK$614']"
龍門智選假日酒店（洛陽龍門高鐵站東廣場店）,9.7,"['高級房 超大床（金可兒床墊 小冰箱 電視投屏）:HK$337', '高級房 2張單人床（金可兒床墊+小冰箱+電視投屏）:HK$337', '高級房 2張雙人床（金可兒床墊+小冰箱+電視投屏）:HK$365', '高級房·城景大床（ 金可兒床墊 小冰箱 電視投屏）:HK$365', '高級房 超大床 無障礙:HK$377']"
龍門首焉酒店（龍門站龍門石窟店）,9.7,"['首焉•院景大床房（智能客控+記憶枕+零壓床墊+小冰箱）:HK$383', '首焉•街景雙床房（智能客控+記憶枕+零壓床墊+小冰箱）:HK$423', '院景浴缸大床房（智能客控+記憶枕+零壓床墊+小冰箱）:HK$423', '首焉•安逸大床房（智能客控+記憶枕+零壓床墊+小冰箱）:HK$446', '院景浴缸雙床房（智能客控+記憶枕+零壓床墊+小冰箱）:HK$502']"
霽園歡沁酒店（洛邑古城麗景門十字街店）,9.5,"['歡沁·雅悦大床房（智能客控+夢百合零壓床墊+夢百合零壓枕+輕智能馬桶）:HK$304', '歡沁·吾悦大床房（智能客控+夢百合零壓床墊+夢百合零壓枕+輕智能馬桶）:HK$321', '歡沁·陽台大床房（智能客控+夢百合零壓床墊+夢百合零壓枕+輕智能馬桶）:HK$344', '歡沁·雅悦雙床房（智能客控+夢百合零壓床墊+夢百合零壓枕+輕智能馬桶）:HK$351']"
洛陽鳳翔溫泉酒店,9.3,"['温泉私湯入户•雙床房:HK$624', '情侶湯屋入户•大床房:HK$624', '温泉私湯入户•大床房:HK$624', '特價雙人房（無泡池）:HK$624', '明月私密小院湯屋•雙床房:HK$699']"
花築·遊子歸舍（河洛古城楊灣地鐵站店）,9.9,"['錦覓·大床房（四合院庭院景＋中式設計）:HK$363', '浮生·雙床房（四合院庭院景＋中式設計）:HK$388', '流年·大床房（四合院庭院景＋中式設計）:HK$452', '逸歸·雙床房（四合院＋中式設計+庭院景）:HK$528']"
仟那酒店（洛陽龍門高鐵站市政府店）,9.6,"['仕居大床房【全屋智能小度|65寸液晶電視|乳膠床墊|小冰箱|深睡眠】:HK$323', '竹溪大床房【全屋智能小度|65寸液晶電視|乳膠床墊|小冰箱|深睡眠】:HK$351', '仕居雙床房【全屋智能小度|65寸液晶電視|辦公桌椅|小冰箱】:HK$369', '竹溪雙床房【全屋智能小度|65寸液晶電視|休閑沙發|辦公桌椅|小冰箱|洗漱三分區】:HK$405']"
欣源景緻酒店（洛陽應天門店）,9.4,"['雅緻loft大床房:HK$283', '雅緻loft雙人房:HK$283', '雅緻大床房:HK$294', '雅緻雙人房:HK$294', '零壓商務大床房:HK$359']"
古都御景酒店（隋唐應天門店）,9.5,"['悦享睡|酣眠智選大床房:HK$261', '悦享睡|酣眠智選雙床房:HK$261', '柏林影音大床房【全屋智能客控+影院級巨幕影視】:HK$293', '古都御景大床房【全屋智能+零壓床墊+古都夜景】:HK$344', '古都御景雙床房【全屋智能+零壓床墊+星級床品】:HK$344']"
成周古裏民宿（洛邑古城十字街麗景門店）,9.7,"['古裏·精緻大床房（零壓護脊床墊+迷你冰箱+智能馬桶）:HK$398', '古裏·優享大床房（零壓護脊床墊+智能馬桶+星級床品）:HK$408', '別院·尊享大床房（零壓護脊床墊+迷你冰箱+智能馬桶）:HK$419', '別院·舒適雙床房（零壓護脊床墊+迷你冰箱+智能馬桶）:HK$463', '古裏·優享雙床房（零壓護脊床墊+智能馬桶+五星床品）:HK$469']"
雲鼎設計師酒店（十字街應天門遺址店）,9.5,"['星空大床房（星空窗頂+巨幕影院+全屋智能+新風系統）:HK$530', '休閑大床房（獨立休閑區+全屋智能+新風系統）:HK$583', '輕奢大床房（零壓床墊+全屋智能+新風系統）:HK$623', '觀景大床房（龍鼎城景+全屋智能+新風系統）:HK$689']"
復美酒店（洛陽龍門高鐵站體育中心店）,9.6,"['高空觀景 ▏麗致大床房 ▏超大空間+全景落地窗:HK$435', '高空觀景 ▏城景大床房 ▏辦公桌椅+超大面積活動空間:HK$469', '高空觀景 ▏雅舍大床房房 ▏坐卧兩用鳥籠沙發+巨幕投影:HK$501', '高空觀景 ▏城景雙床房 ▏辦公桌椅+全景落地窗:HK$512', '記憶床墊 ▏荷里活零壓雙床房▏暢享睡眠+全景落地窗:HK$534']"
Begonia·晚亭裏酒店（洛邑古城隋唐洛陽城應天門遺址店）,9.5,"['Begonia·輕居晚亭大床房【全屋智能丨乾濕分離】:HK$213', 'Begonia·秋海棠大床房【全屋智能丨乾濕分離】:HK$247', 'Begonia·林野景觀大床房【全屋智能丨乾濕分離】:HK$314', 'Begonia·沐光浴缸大床房【全屋智能丨乾濕分離】:HK$314']"
七尋酒店（隋唐洛陽城應天門店）,9.7,"['星黎·日常大床房丨智能客控:HK$319', '桃夭·雅緻大床房丨會員觀影:HK$352', '青棠·舒適小套房丨獨立客廳:HK$370', '木堇·高級大床房丨愜意空間:HK$370']"
維多利亞酒店（洛陽大衞天地解放路地鐵站店）,9.4,"['特惠大床房:HK$306', '特惠影音大床房:HK$320', '逸緻特惠大床房-助眠:HK$320', '雅尚大床房:HK$321']"
鼓樓裏·美宿（洛邑古城麗景門十字街店）,9.7,"['永通·舒適大床房|Dyson戴森風筒|慕思床墊:HK$464', '定鼎·露台大床房|Dyson戴森風筒|零壓床墊:HK$498', '長夏·建國|暢享午後雙床房|Dyson戴森風筒|慕思床墊:HK$535', '上東·建陽|優享大床房|Dyson戴森風筒|慕思床墊|新風:HK$705']"
洛陽萬怡酒店,9.4,"['豪華雙床房:HK$747', '豪華大床房:HK$780', '行政雙床房:HK$876', '行政大床房:HK$908', '行政尊豪大床房:HK$1,068', '行政套房:HK$1,602']"
洛陽古都漫步酒店（應天門洛邑古城店）,9.4,"['凈素侘寂榻榻米房:HK$273', '至樸和風大床房:HK$301', '至樸典雅雙床房:HK$326', '漫步影院大床房:HK$368', '古都行政套房:HK$501']"
麗呈別院·東山龍悅（龍門站龍門石窟店）,9.5,"['晨曦·雙床房（膠囊coffee機+精緻茶具）:HK$541', '望山·大床房（膠囊coffee機+精緻茶具）:HK$541', '浮光·套房（浴缸+膠囊coffee機+精緻茶具）:HK$672', '山嵐·套房（膠囊coffee機+精緻茶具）:HK$698', '龍門逸趣·家庭房:HK$751']"
洛陽中州國際飯店（應天門明堂景區店）,9.0,"['雅緻商務標準間:HK$323', '雅緻商務大床房:HK$323', '尊享商務標準間:HK$366', '尊享商務大床房:HK$366']"
洛陽一見客棧（應天門洛邑古城店）,9.4,"['玲瓏雅筑·漢服大床:HK$257', '明堂夜話·庭院大床:HK$273', '舒居雅韻·雙床客房:HK$273', '明堂映窗·雅筑大床:HK$295']"
洛陽萬豪酒店,9.4,"['豪華大床房:HK$992', '豪華雙床房:HK$1,101', '豪華湖景大床房:HK$1,101', '豪華湖景雙床房:HK$1,210', '行政大床房:HK$1,429', '行政雙床房:HK$1,538']"
洛陽友誼賓館（牡丹廣場地鐵站店）,9.4,"['舒適雙床房:HK$465', '舒適大床房:HK$465', '豪華大床房:HK$509', '豪華雙床房:HK$575', '温馨家庭房:HK$719', '温馨親子主題房:HK$774']"
洛陽麗呈睿軒酒店（王城公園店）,9.7,"['商務大床房:HK$355', '商務標準間:HK$400', '豪華大床房:HK$527']"
洛陽新天鵝國際大酒店（解放路地鐵換乘站店）,9.0,"['精選大床房【落地窗|城市觀景】:HK$260', '精選雙床房【落地窗|城市夜景】:HK$282', '安心潔凈臻選大床房【MINI冰箱|一次性床品|乾濕分離】:HK$315', '一室一廳套房:HK$315', '安心臻選雙床房【MINI冰箱|乾濕分離|】:HK$325']"
洛陽香山樂居酒店（洛邑古城天堂明堂店）,9.5,"['樂居·温馨大床房:HK$246', '樂居·影音雙床房:HK$279', '樂居·風情大床房:HK$282', '樂居·風情雙床房:HK$294']"
怡程酒店（洛陽大學城店）,9.6,"['智能國風高級大床房【零壓床枕|高空景觀|小冰箱】:HK$486', '智能國風豪華大床房【乳膠床墊|高空景觀|秒睡記憶枕】:HK$510', '智能國風豪華雙床房【乳膠床墊|秒睡記憶枕|高空景觀】:HK$510', '智能國風商務大床房【秒睡記憶枕|乳膠床墊|高空景觀】:HK$537', '智能國風商務雙床房【秒睡記憶枕|乳膠床墊|高空景觀】:HK$537']"
洛陽澗西萬達牡丹廣場地鐵站亞朵酒店,9.7,"['雅緻大床房（深睡配方+小冰箱+語音客控）:HK$537', '高級大床房（深睡配方+小冰箱+語音客控）:HK$583', '行政雙床房（深睡配方+小冰箱+語音客控）:HK$583', '行政大床房（深睡配方+小冰箱+語音客控）:HK$628', '幾木大床房（深睡配方+小冰箱+語音客控）:HK$673']"
花築·洛陽今古小築民宿（洛邑古城麗景門地鐵站店）,9.5,"['邙山晚眺景觀大床房+智能客控:HK$190', '龍門山色景觀圓床房+智能客控+觀麗景門景:HK$190', '馬寺鐘聲景觀大床房+智能客控+觀麗景門景:HK$190', '金谷春晴景觀大床房+智能客控+觀麗景門景:HK$226']"
東都十三房民宿（麗景門十字街洛邑古城地鐵站店）,9.6,"['洛邑大床房（全身鏡+一次性浴巾+舒享沐浴）:HK$326', '特大床房（舒享沐浴+一次性浴巾+智能馬桶+全身鏡）:HK$364', '私享花園特大床房（按摩床+舒享沐浴+一次性浴巾+全身鏡）:HK$372', '高級大床房（觀景茶台一次性浴巾+舒享沐浴+智能馬桶）:HK$395']"
仟那千尋酒店（洛陽洛邑古城麗景門十字街店）,9.4,"['仕居大床房【庭院觀景+乾濕分離】:HK$435', '仕居雙床房【開放景觀+幽靜清心】:HK$468', '竹溪大床房【智能客控+庭院觀景】:HK$489', '竹溪影音大床房【智能客控+私人空間+舒適浴缸】:HK$500']"
全季酒店（洛陽市政府店）,9.7,"['大床房:HK$423', '商務大床房（投屏+高樓層+小冰箱）:HK$430', '高級大床房（投屏+高樓層+小冰箱）:HK$463', '季眠雙床房（記憶深睡枕+金可兒床墊+小冰箱）:HK$476']"
花築·東陌上民宿（洛邑古城麗景門十字街店）,9.8,"['壹和·大床房（獨立庭院+巨幕投影+乳膠床墊+乾濕衞浴+中央空調）:HK$332', '叁吉·大床房（獨立庭院+巨幕投影+乳膠床墊+乾濕衞浴+中央空調）:HK$361', '伍福·大床房（獨立庭院+巨幕投影+乳膠床墊+乾濕衞浴+中央空調）:HK$361', '貳貴·雙床房（獨立庭院+巨幕投影+乳膠床墊+乾濕衞浴+中央空調）:HK$409']"
棲遲水岸民宿（洛陽洛邑古城十字街店）,9.7,"['水色·歸心·水景大床房（智能客控+乾濕三分離+冰箱）:HK$382', '遠山·河景大床房（智能+茶台冰箱+浴缸乾濕四分離）:HK$448', '青樸·榻榻米（智能+深睡床墊+浴缸乾濕四分離+冰箱）:HK$448', '三秋·河景大床房（智能+浴缸乾濕四分離+小冰箱）:HK$449']"
全季酒店（洛陽洛邑古城麗景門店）,9.6,"['大床房:HK$383', '高級大床房:HK$402', '商務雙床房:HK$448', '家庭房:HK$467']"
藝龍安悦酒店（洛陽洛邑古城麗景門十字街店）,9.3,"['温馨大床房+全屋智能+夢百合零壓床墊:HK$310', '標準雙床間+夢百合零壓床墊+全屋智能+冰箱:HK$335', '高級大床房+夢百合零壓床墊+全屋智能:HK$362', '高級雙床間+夢百合零壓床墊+全屋智能+冰箱:HK$388']"
古都御景酒店（周王城西工小街店）,9.5,"['金榜題名雙床房:HK$250', '一舉奪魁大床房:HK$250', '古都御景大床房【超大空間|古風主題|古都夜景】:HK$312', '古都御景雙床房【超大空間|古風主題|古都夜景】:HK$313', '魏晉風華（投影）大床房【超清投屏|智能聲控|零壓速眠】:HK$327']"
茉舍酒店（洛陽應天門店）,9.7,"['雅緻大床房（70寸大屏電視+影視會員+中央空調）:HK$343', '清心雙床房（中央空調+智能客控+影視會員）:HK$359', '清心大床房（智能客控+影視會員+小冰箱）:HK$371', '安寧大床房（大屏觀影+全屋智能+小冰箱）:HK$405']"
仟那美宿酒店（洛陽應天門遺址麗景門地鐵站店）,9.3,"['仕居大床房（智能客控+零圧床墊+小冰箱+智能馬桶）:HK$621', '仕居雙床房（智能客控+零圧床墊+小冰箱+智能馬桶）:HK$687', '竹溪大床房（智能客控+零圧床墊+小冰箱+智能馬桶）:HK$687', '竹溪雙床房（智能客控+零圧床墊+小冰箱+智能馬桶）:HK$774']"
洛陽餘舍酒店（龍門高鐵站體育中心店）,9.8,"['心·餘舍大床房｜零壓護脊床墊+空氣凈化器+環保傢俱+全屋地暖:HK$436', '心家大床房｜零壓護脊床墊+中央空調+環保傢俱:HK$444', '留餘大床房｜零壓床墊+中央空調+幹泡茶台+0醛環保:HK$506', '留餘雙床房｜零壓護脊床墊+中央空調+城市綠野景觀:HK$577', '捨得大床房（豪華）｜浴缸+黑膠唱片機+城市綠野景觀:HK$675']"
洛陽國際大酒店,9.6,"['商務雙床房（智能客控+無線充電）:HK$658', '商務大床房（智能客控+無線充電）:HK$658', '至尊大床房（智能客控+浴缸+膠囊coffee機+空氣凈化）:HK$891', '商務家庭房（智能客控+浴缸+膠囊coffee機）:HK$931', '行政雙床房（智能客控+空氣凈化+戴森高速吹風機）:HK$952', '行政大床房（智能客控+空氣凈化+戴森高速吹風機）:HK$952']"
洛陽西工區紗廠路地鐵站亞朵酒店,9.7,"['雅緻房（記憶深睡枕+可投屏+小冰箱）:HK$484', '高級大床房（記憶深睡枕+可投屏+小冰箱）:HK$537', '幾木大床房（記憶深睡枕+小冰箱+可投屏）:HK$583', '高級雙床房（記憶深睡枕+可投屏+小冰箱）:HK$628', '幾木雙床房（記憶深睡枕+可投屏+小冰箱）:HK$753']"
伊水源酒店（王府井解放路地鐵站店）,9.4,"['特惠大床房:HK$202', '優選大床房:HK$223', '臻選大床房[全屋智能]:HK$244', '臻選影音大床房[全屋智能]:HK$265']"
九間房酒店（洛陽應天門明堂景區店）,9.7,"['星河大床房:HK$639', '星河雙床房:HK$639', '九間園景大床房:HK$745', '九間園景大套房:HK$860', '明堂景觀雙床房:HK$860']"
白玉蘭酒店（洛陽十字街洛邑古城地鐵站店）,9.1,"['零壓影音靜雅大床房（智能客控+英國昆蘭零壓床墊+超舒適零壓乳膠枕）:HK$330', '零壓輕雅大床房（智能客控+英國昆蘭床墊+超舒適零壓乳膠枕）:HK$364', '零壓舒雅雙床房（智能客控+希爾頓同款零壓床墊+亞朵同款零壓乳膠枕）:HK$423', '零壓舒雅親子房（智能客控+英國昆蘭零壓床墊+超舒適零壓乳膠枕）:HK$446']"
美豪酒店（洛陽火車站應天門地鐵站店）,9.5,"['靜謐雙床房（智能客控+乳膠記憶枕+零壓床墊+小冰箱）:HK$330', '精緻大床房（智能客控+乳膠記憶枕+零壓床墊+小冰箱）:HK$350', '雅緻大床房（智能客控+乳膠記憶枕+零壓床墊+小冰箱）:HK$376', '精緻雙床房（智能客控+乳膠記憶枕+零壓床墊+小冰箱）:HK$402', '雅緻雙床房（智能客控+乳膠記憶枕+零壓床墊+小冰箱）:HK$435']"
白玉蘭酒店（洛陽市政府龍門高鐵站店）,9.6,"['靜雅大床房（智能客控、空氣凈化器）:HK$336', '靜雅雙床房（智能客控、空氣凈化器）:HK$348', '影視悦享靜雅大床房（智能客控、空氣凈化器、影視VIP）:HK$348', '舒雅大床房（智能客控）:HK$358']"
洛陽華茂春松酒店,9.5,"['高級天相·雙床房:HK$672', '高級天樑·大床:HK$672', '豪華始影·親子房:HK$864', '青山外・景觀雙床房:HK$864', '青山外・景觀大床房:HK$864', '青山外・花園大床房:HK$864']"
洛陽華美達酒店,9.6,"['豪華雙床房:HK$719', '豪華大床房:HK$719', '高級豪華雙床房:HK$752', '高級豪華大床房:HK$752', '行政大床房:HK$1,309', '行政雙床房:HK$1,309']"
喜鵲洛神酒店（隋唐城應天門景區店）,9.6,"['智選丨簡美大床房【智能窗簾+洗烘衣機+品牌洗護用品】:HK$397', '臻選丨艾美大床房【迷你冰箱+乳膠床墊+乾濕分離】:HK$472', '臻選丨艾美雙床房【迷你冰箱+乳膠床墊+乾濕分離】:HK$472', '凌空丨精英專享大床房【靜居高閣+乳膠床墊+朗闊雲庭】:HK$527', '凌空丨精英專享雙床房【靜居高閣+乳膠床墊+朗闊雲庭】:HK$527']"
洛陽克麗司汀酒店,9.7,"['豪華大床房【圓床為舒適乳膠床墊+遠大凈化器】:HK$829', '豪華雙床房【CALMAC高美洗護用品+遠大空氣凈化器】:HK$939', '零壓SPA大床房【按摩沖浪浴缸+遠大空氣凈化器】:HK$1,048', '零壓SPA雙床房【按摩沖浪浴缸+遠大空氣凈化器】:HK$1,048', '行政房【沙發會客區+遠大空氣凈化器】:HK$1,165', '豪華套房【獨立卧室+浴缸+高美洗護+遠大空氣凈化器】:HK$1,407']"
桔子酒店（洛陽洛邑古城應天門店）,9.6,"['大床房:HK$416', '高級大床房:HK$444', '觀景高級大床房【動人夜景+拍照出片】:HK$473', '觀景雙床房【動人夜景+拍照出片】:HK$501', '雙床房:HK$503']"
洛陽雲怡酒店（洛邑古城十字街店）,9.2,"['心悦大床房【乾濕分離I支持手機投屏】:HK$269', '心悦雙床房【乾濕分離I支持手機投屏】:HK$289', '旗開得勝心怡大床房【I智能客控I超清投影電視】:HK$302', '前程似錦心怡雙床房【智能客控II超清投影電視】:HK$333', '心享雙床房【輕奢睡眠I零壓床墊I星級床品】:HK$425']"
洛陽華陽廣場國際大飯店,9.7,"['商務雙床房:HK$509', '商務大床房:HK$509', '豪華大床房:HK$752', '豪華雙床房:HK$752', '高級雙床房:HK$752', '高級大床房:HK$752']"
全季酒店（洛陽龍門站前廣場店）,9.7,"['大床房（智能客控+小冰箱+喜臨門床墊）:HK$359', '高級大床房（智能客控+小冰箱+喜臨門床墊）:HK$378', '商務大床房（智能客控+小冰箱+喜臨門床墊）:HK$387', '高級雙床房（智能客控+小冰箱+喜臨門床墊）:HK$407']"
全季酒店（洛陽洛邑古城應天門店）,9.7,"['大床房（全屋智能+小冰箱+拾趣功夫茶具）:HK$444', '高級大床房:HK$463', '景觀大床房（古城夜景+全屋智能+小冰箱）:HK$482', '商務大床房:HK$501', '家庭房:HK$520']"
洛陽東山賓館,9.4,"['悦享假日大床房:HK$502', '悦享假日雙床房:HK$502', '特惠標準間:HK$600', '特惠大床房:HK$600', '暢享龍門雙床房:HK$655', '暢享龍門大床房:HK$655']"
洛陽古都麗印酒店（十字街洛邑古城店）,9.4,"['優享零壓大床房【全屋智能+零壓床墊+乾濕分離】:HK$251', '悦享零壓雙床房【全屋智能+零壓床墊+乾濕分離】:HK$359', '悦享零壓大床房【全屋智能+零壓床墊+乾濕分離】:HK$359', '尊享套房【全屋智能+零壓床墊+乾濕分離】:HK$469', '温馨親子房【全屋智能+零壓床墊+乾濕分離】:HK$523']"
桔子酒店（洛陽萬達廣場店）,9.6,"['月若流金大床房（智能客控+小冰箱+金可兒床墊）:HK$351', '加州陽光豪華大床房（智能客控+小冰箱+金可兒床墊）:HK$361', '月若流金豪華大床房（智能客控+小冰箱+金可兒床墊）:HK$370', '禪音雙床房（智能客控+小冰箱+頂噴花灑）:HK$370', '極簡時光大床房（智能客控+小冰箱+金可兒床墊）:HK$390']"
漫山·璞舍（洛邑古城麗景門店）,9.6,"['雲舒·璞月大床房（零壓床墊I中央空調I智能馬桶）:HK$173', '峯隱·清舍大床房（零壓床墊I中央空調I智能馬桶）:HK$189', '林岸·庭院大床房（獨立花園I零壓床墊I中央空調I智能馬桶）:HK$211', '舍一·時尚大床房（全屋智能·迷你冰箱·超大空間）:HK$211']"
全季酒店（洛陽應天門地鐵站店）,9.7,"['大床房（65寸電視手機投屏-房間超大）:HK$444', '高級大床房（65寸電視無線投屏+房間超大）:HK$473', '商務大床房（智能客控 房間超大）:HK$501', '高級雙床房（智能客控 超大雙床）:HK$501', '商務雙床房（落地大窗）:HK$549']"
麗呈文覽酒店（洛陽洛邑古城麗景門十字街店）,9.5,"['文人·智能大床房「靜謐觀景+0壓床品＋亞朵泡泡棉被芯」:HK$360', '特惠雙床房[智能客控+零壓床墊枕芯+亞朵泡泡棉被芯]:HK$360', '雅士·豪華大床房「舒適靜謐+智能客控+零壓床墊枕芯」:HK$392', '文人·靜謐·雙床房「零壓床墊＋0壓枕芯＋智能客控」:HK$414', '博覽·露台大床房「露台觀景+超大空間+零壓床品」:HK$435']"
美居酒店（洛陽市政府店）,9.7,"['標準-大床房（超大落地窗+金可兒床墊+記憶深睡枕）:HK$556', '高級-大床房（超大落地窗+金可兒床墊+記憶深睡枕）:HK$610', '嘉賓-大床房（超大落地窗+金可兒床墊+凈化加濕器）:HK$663', '高級-雙床房（超大落地窗+金可兒床墊+記憶深睡枕）:HK$696', '嘉賓-雙床房（超大落地窗+金可兒床墊+記憶深睡枕）:HK$750']"
美豪麗致酒店（洛陽開元大道關林站店）,9.5,"['悦致大床房（智能客控+智能馬桶+羽絨被+記憶枕）:HK$327', '雅緻大床房（智能客控+55寸液晶電視+羽絨被+記憶枕）:HK$351', '零壓大床房（零壓床墊+記憶枕+全屋智能+羽絨被）:HK$409', '麗致雙床房（智能客控+羽絨被+電視投屏）:HK$409', '親子享樂房（卡通主題+小童帳篷+玩具+空氣凈化器）:HK$523']"
洛陽國寶鉑瑞酒店,9.6,"['商務大床房:HK$719', '商務雙床房:HK$719', '豪華大床房:HK$872', '豪華雙床房:HK$872', '鉑瑞行政套房:HK$1,309', '總裁套房:HK$1,418']"
洛陽雲華裏非遺藝術民宿（洛邑古城十字街店）,9.6,"['瀍壑朱櫻·大床房:HK$458', '滿庭芳·雙床房:HK$491', '午橋碧草·中式大床房:HK$534', '西苑池塘·大床房:HK$567', '如夢令·loft大床房:HK$600']"
洛陽龍門高鐵站亞朵酒店,9.6,"['高級大床房（記憶深睡枕+普蘭特床墊+小冰箱）:HK$511', '行政雙床房（記憶深睡枕+普蘭特床墊+小冰箱）:HK$547', '行政大床房（記憶深睡枕+普蘭特床墊+小冰箱）:HK$583', '幾木大床房（記憶深睡枕+普蘭特床墊+小冰箱）:HK$619', '幾木親子房（記憶深睡枕+普蘭特床墊+小冰箱）:HK$655']"
悦泊酒店（洛陽應天門洛邑古城店）,9.5,"['悦禪·榻榻米【詩與遠方丨禪舍小屋｜浪漫小冰箱】:HK$300', '悦舍·大床房【智能客控｜詩與遠方丨浪漫小冰箱】:HK$322', '悦靜·大床房【深睡好眠｜智能客控｜古都夜景】:HK$343', '悦舍.雙床房【智能客控▏深睡好眠｜古都夜景】:HK$343', '悦隱·零壓大床房【智能客控▏零壓好眠|迷你冰箱】:HK$386']"
桔子酒店（洛陽周王城廣場應天門店）,9.7,"['月若流金大床房:HK$350', '加州陽光精選大床房:HK$369', '月若流金豪華大床房:HK$407', '月若流金高級雙床房:HK$426']"
朱櫻望河花園酒店（洛陽洛邑古城麗景門十字街店）,9.4,"['朱櫻特惠大床房:HK$256', '朱櫻影音大床房（巨幕投影）:HK$294', '朱櫻笙庭雙床房:HK$309', '朱櫻笙庭大床房:HK$330']"
洛陽覓唐觀景民宿（應天門明堂天堂景區店）,9.6,"['清心雅緻大床房（全屋智能＋高清投影+小冰箱）:HK$344', '靜謐時光大床房（全屋智能＋標配智能馬桶+小冰箱）:HK$360', '一眼千年舒適大床房（全屋智能標配＋中央空調+小冰箱:HK$382', '美輪美奐觀景大床房（觀景浴缸＋小冰箱）:HK$474']"
洛陽洛邑古城麗景門亞朵酒店,9.6,"['雅緻大床房（普蘭特床墊+空氣凈化器）:HK$520', '高級大床房（普蘭特床墊）:HK$556', '行政大床房（普蘭特床墊）:HK$574', '幾木大床房（普蘭特床墊+深睡記憶枕PRO+迷你冰箱）:HK$610', '行政雙床房（普蘭特床墊）:HK$619']"
