酒店名称,评分,房型价格列表
青海湖高原藍寶石大飯店,9.3,"['豪華山景標準間:HK$508', '豪華山景大床房:HK$554', '豪華湖景標準間:HK$573', '豪華湖景大床房:HK$600']"
喆·非酒店（海北祁連縣人民廣場店）,9.5,"['醇享生活房:HK$635', '醇享大床房:HK$649', '啡凡大床房:HK$649', '醇享雙床房:HK$670']"
門源浩城大酒店,9.2,"['商務雙床房:HK$415', '商務大床房:HK$415', '高級雙床房:HK$458', '高級大床房:HK$458']"
祁連吉緣飯店,9.6,"['標間供氧房:HK$967', '大床供氧房:HK$967', '景觀標間供氧房:HK$1,054', '景觀大床供氧房:HK$1,054', '親子供氧房:HK$1,331']"
青海湖西海岸假日賓館,8.8,"['草原日落雙人房:HK$388', '湖景日出雙人房:HK$438', '湖景日出大床房:HK$456', '普通三人間:HK$516']"
祁連天域景都度假村,9.4,"['天域景都-普通標間:HK$401', '天域景都-舒適標準間:HK$429', '天域景都-觀景標準間B:HK$511', '天域景都-舒適親子間:HK$532']"
剛察蕃域藏城林卡酒店,9.1,"['豪華標準間:HK$743', '豪華大床房:HK$743', '豪華親子間:HK$940', '豪華套房:HK$962']"
門源西部賓館,8.4,['豪華套房:HK$821']
門源浩雲飯店,9.1,"['商務標間:HK$462', '商務大床房:HK$462', '豪華標間:HK$507', '豪華大床房:HK$541', '商務套房:HK$574']"
青海湖大酒店,8.7,"['晚霞.雙床房:HK$595', '晚霞.大床房:HK$595', '晚霞·雙塌房:HK$595', '豪華湖景大床房:HK$903']"
祁連吉達商務賓館,9.1,"['臻選雙床房:HK$383', '至尊山景大床房:HK$413', '至尊山景雙床房:HK$413', '温馨親子間:HK$468']"
祁連華悦飯店,9.1,"['輕奢優選雙床房:HK$688', '輕奢雅緻雙床房:HK$740', '輕奢尊享雙床房:HK$777', '輕奢雅緻大床房:HK$777', '零壓尊享大套房:HK$1,031']"
祁連鼎瑞假日酒店,9.1,"['豪華雙床房（空調）:HK$567', '豪華大床房（空調）:HK$576', '尊享大床房（空調）:HK$595', '温馨親子間（空調）:HK$855', '豪華套房:HK$1,115']"
宜必思·尚品酒店（祁連店）,9.4,"['雙床房＋品牌床墊＋舒睡好眠:HK$573', '高級雙床房＋品牌床墊＋舒睡好眠:HK$633', '高級大床房＋品牌床墊＋舒睡好眠:HK$683', '套房＋品牌床墊＋陽台:HK$714']"
祁連樓外樓假日賓館,9.3,"['輕享雙床房（乾濕分離）:HK$305', '優選雙床房（乾濕分離+舒適睡眠）:HK$330', '精選雙床房（乾濕分離+舒適睡眠）:HK$367', '悦享家庭房（乾濕分離+舒適睡眠）:HK$418']"
德吉央宗·輕奢·民宿,9.7,"['小資標準雙床房（恆温散熱器+無霧加濕器）:HK$655', '小資陽光大床房（恆温散熱器+無霧加濕器）:HK$719', '小資原木雙人間（恆温散熱器+無霧加濕器）:HK$719', '小資原木大床房（恆温散熱器+無霧加濕器）:HK$719']"
青海湖金沙灣露營基地,9.0,"['豪華標準間:HK$703', '景觀標間（視野開闊）:HK$703', '豪華三人房:HK$728', '蜂巢親子間（視野開闊&觀湖best）:HK$728']"
祁連鄉間民宿（卓爾山景區店）,9.2,"['舒適標準間 空調:HK$230', '舒適大床房 空調:HK$305', '温馨親子房 空調:HK$314', '觀景雙床房，空調:HK$342']"
祁連山下人家客棧,9.6,"['山景標間:HK$212', '觀景親子間:HK$249', '觀景標間:HK$314', '觀景三人間:HK$372']"
祁連新悦賓館,8.9,"['情侶榻榻米房:HK$351', '迷你大床房:HK$351', '陽光山景小標間:HK$370', '豪華標準間:HK$453']"
祁連麗景驛站,9.6,"['舒適雙人間:HK$277', '山景標間:HK$315', '觀景親子間:HK$342', '精品三人間:HK$342']"
海晏達玉國際大酒店,8.6,"['豪華觀景雙床房:HK$696', '豪華觀景大床房:HK$696', '草原集裝箱觀景親子間:HK$738', '草原木屋觀景標間:HK$738']"
海北華興大酒店,8.4,['標準間:HK$292']
海晏金昊假日賓館,7.7,"['標準間:HK$351', '大床房:HK$403', '三人間:HK$413', '套房:HK$517']"
青海湖同寶山登山觀湖特色野奢露營民宿,9.6,"['球形星空房大床房:HK$906', '太空蘋果艙:HK$906', '地暖空調E5太空艙·180°全景房:HK$906', '太空蘋果艙標準間:HK$906']"
穆家休閑小院,9.8,"['陽光雙床房:HK$435', '陽光大床房:HK$546', '豪華家庭套房:HK$834', '家庭套房:HK$892']"
祁連大酒店,8.2,"['主樓標準間:HK$394', '主樓大床房:HK$415', '貴賓樓標準間:HK$466', '貴賓樓大床房:HK$466']"
剛察紅海賓館,9.0,"['雙人標間:HK$331', '大床房:HK$339', '三人標間:HK$409', '豪華套房:HK$462']"
祁連裕豐假日賓館（天境印象街店）,8.8,"['商務大床房（地暖）:HK$238', '商務雙床房:HK$238', '舒適雙人間（地暖）:HK$247', '舒適大床房（地暖）:HK$255']"
祁連馳遠賓館,9.0,"['優選雙床房:HK$386', '臻選大床房:HK$413', '雅緻三人房:HK$489']"
祁連國雲農莊,9.7,"['標準間:HK$175', '三人間:HK$193', '四人間:HK$268']"
祁連望卓園農莊,9.8,"['標準間:HK$156', '三人間:HK$184']"
祁連盛唐翠光飯店,9.2,"['梯旁雅居:HK$425', '老派魅力大床房+亞朵深睡枕:HK$486', '老派魅力三人居:HK$774']"
門源穆佰客商務賓館,9.0,"['豪華大標間:HK$240', '豪華套房:HK$323']"
祁連依山伊水農莊,9.8,"['舒適標間:HK$426', '舒適大床房:HK$426', '親子間:HK$556', '大炕房:HK$556']"
朵朵民宿,9.3,"['兩室兩廳套房A:HK$608', '兩室兩廳套房B:HK$608', '兩室兩廳套房C:HK$608']"
祁連沁香園農家客棧,9.5,"['落地窗標準間:HK$199', '觀景大床房:HK$214', '觀景房:HK$221', '三人間:HK$236']"
青海湖文迦星空祕境酒店,8.5,"['星空祕境雙床房:HK$1,507', '浪漫邂逅大床房:HK$1,617', '星空祕境親子房:HK$1,725', '星空祕境行政套房:HK$1,836']"
託茂部落·生態營地,9.3,"['蘭亭雨後·獨立庭院標準雙床房:HK$2,493', '永安煙雨·草原美景標準雙床房:HK$2,711', '星河攬月·180°全湖景智能家居大床房:HK$2,930', '晚霞夕陽·270°全湖景智能投影大床房:HK$3,149', '祕境託茂·270°草原湖景大床房:HK$3,476']"
祁連忠元家庭公寓,9.7,['二室一廳:HK$301']
祁連亞格布家庭賓館,10.0,"['一室一廳一衞:HK$249', '兩室一廳一衞:HK$361', '三卧室二廳二衞一廚:HK$435']"
祁連晟元公寓,9.7,"['大床房:HK$213', '標準間:HK$213', '豪華標準間:HK$250', '套房:HK$324']"
祁連交通賓館,8.9,"['標準間:HK$249', '標準三人間:HK$268']"
青海湖恆雅賓館,8.7,"['大床房:HK$268', '親子間:HK$268', '標準間:HK$269', '三人間:HK$279']"
門源金川賓館,9.6,"['標準雙床房:HK$216', '大床房:HK$216', '標間:HK$282']"
祁連吉紅商務賓館,8.7,"['標間:HK$249', '大床房:HK$260', '三人間:HK$293', '親子間:HK$341']"
剛察海湖灣酒店,7.6,"['豪華標準間:HK$154', '豪華大床房:HK$154', '大床房（星級）:HK$154']"
祁連聚龍山莊,9.5,"['標準間:HK$128', '親子房:HK$156']"
南庭東驛賓館,9.6,['標準雙床房:HK$193']
祁連蕊騏家庭民宿,7.9,"['二室二廳一衞:HK$249', '三室兩廳一衞:HK$370']"
