酒店名称,评分,房型价格列表
太陽與海酒店,9.4,"['雅緻園景大床房:HK$1,140', '暮色海畔雙床房:HK$1,399', '伴山園景大床房:HK$1,399', '曦光暖陽雙床房:HK$1,836', '海景大床房（落地窗+廣角視野邛海全景）:HK$2,055']"
西昌觀海聽濤藝術酒店,9.2,"['禪意大床房（全智能化系統）:HK$532', '豪華園景單間:HK$594', '豪華園景標間:HK$594', '豪華閣樓房:HK$594', '豪華海景單間:HK$836']"
西昌邛海將軍府夜泊君亭酒店,9.3,"['將軍府輕奢雙床房（哈曼卡頓音響+卡德維獨立浴缸）:HK$1,243', '將軍府輕奢大床房（哈曼卡頓音響+卡德維獨立浴缸）:HK$1,243', '將軍府大床房（玲瓏空間+哈曼卡頓音響+金可兒床墊）:HK$1,454', '星空泡池單卧套房（下沉露台+BOSE音響+金可兒床墊）:HK$1,468', '將軍府雙卧家庭套房（哈曼卡頓音響+獨立門户連通房）:HK$2,485', '星空泡池雙卧套房（下沉式露台+BOSE音響+金可兒床墊）:HK$3,385']"
逸尚東方酒店（西昌邛海濕地店）,9.6,"['逸居大床房【乾濕分離.智能馬桶.65吋投屏電視.】:HK$294', '逸景大床房【乾濕分離.智能馬桶.65吋投屏電視】:HK$316', '逸雅影院大床房【奇藝果會員+巨幕觀影+超大空間】:HK$327', '逸雅大床房【乾濕分離.智能馬桶.65吋投屏電視】:HK$349', '豪華大床房【一室一廳.智能馬桶.雙衞.乾濕分離】:HK$458']"
西昌邛海賓館,9.3,"['商務單人間:HK$545', '商務雙床房:HK$545', '舒適雙床房:HK$753', '舒適大床房:HK$753', '山景大床房:HK$949', '山景雙床房:HK$951']"
西昌邛海灣柏樾酒店,9.0,"['公寓樓落地窗標間:HK$425', '公寓樓園景標間:HK$534', '公寓樓高級海景雙床房（45°觀海）:HK$793', '主樓高級園景雙床房:HK$853', '主樓高級園景大床房:HK$853', '公寓樓高級套房:HK$964']"
西昌和悅花園度假酒店（邛海濕地火把廣場店）,9.6,"['温馨特惠大床（落地窗·乾濕分離·功夫茶具）:HK$315', '雅緻大床房（零壓床墊·浴袍·落地窗）:HK$325', '園景雙床房（靜謐空間·乾濕分離）:HK$325', '園景露台雙床房（獨立觀景落台·乾濕分離）:HK$400', '陽光花園大床房（獨立花園·落地窗）:HK$418']"
西昌千尋唐跡書香世家酒店,9.7,"['雅緻·庭院大床房:HK$886', '茶韻·複式大床房:HK$897', '茶韻·湖景露台大床房:HK$931', '千尋·唐跡湖景露台套房:HK$1,819']"
西昌山海庭酒店（海河天街火把廣場店）,9.1,"['山嶼·榻榻米大床房|智能客控+小冰箱+羽絨床具|:HK$331', '山嶼·假日陽光大床房|智能客控+小冰箱+羽絨床具|:HK$385', '海市·原木雅院雙床房.|智能客控+小冰箱+羽絨床具|:HK$385', '海市·清風河景大床房|智能客控+小冰箱+羽絨床具|:HK$417', '庭落·200度浴缸河景套房|智能客控+冰箱+蝸居沙發|:HK$589']"
西昌觀唐大酒店（邛海17度唐園店）,9.5,"['精品大床房（零壓舒睡+65寸投屏電視）:HK$391', '高級大床房（零壓舒睡+採光明亮+65寸投屏電視）:HK$424', '觀唐大床房（唐園零距離夜景+廣角視唐園全景）:HK$468', '觀唐全景大床房（落地窗+採光明亮+65寸投屏電視）:HK$533', '觀唐套房（唐園零距離夜景+廣角視野落地窗+獨立會客廳）:HK$555']"
雲裏·鹿鳴,9.7,"['特惠房:HK$402', '豪華雙床房:HK$438', '豪華大床房:HK$438', '親子房:HK$512']"
豐源世紀酒店（西昌月亮湖濕地公園店）,9.4,"['舒適大床房:HK$224', '豪華大床房:HK$246', '陽光大床房:HK$266', '豪華雙床房:HK$285', '陽光雙床房:HK$305']"
瀘山精品酒店（西昌月亮湖濕地公園店）,9.7,"['精品雙床房「零壓床品·自動馬桶墊·65寸投屏電視」:HK$310', '精品大床房「零壓床品·沐浴頂噴·65寸投屏電視」:HK$310', '高級雙床房「雙衣帽間·零壓床品·65寸投屏電視」:HK$332', '高級大床房「零壓床品-頂噴花灑-乾濕分離-投屏電視」:HK$332', '尊享大床房「零壓床品-空氣凈化器-沐浴頂噴-投屏電視」:HK$352']"
漢庭酒店（西昌邛海17度火把廣場店）,9.6,"['大床房（智能馬桶+金可兒皇冠床墊+智能投屏電視）:HK$321', '雙床房（智能馬桶+金可兒皇冠床墊+智能投屏電視）:HK$321', '高級大床房（智能馬桶+金可兒皇冠床墊+智能投屏電視）:HK$340', '高級雙床房（智能馬桶+金可兒皇冠床墊+智能投屏電視）:HK$340']"
西昌空港雲享酒店（邛海夢尋花海濕地入口店）,9.3,"['雲樂特惠大床房:HK$545', '雲夢大床房:HK$796', '雲夢雙床房:HK$796', '雲裳露台大床房:HK$872', '雲裳露台雙床房:HK$872', '雲庭庭院大床房:HK$938']"
如居.山海半島民宿（西昌萬達廣場邛海17度店）,9.6,"['湖景温馨商務大床房（智能客控+記憶枕）:HK$360', '園景温馨商務大床房:HK$378', '觀星月湖景大床房（智能客控+記憶枕）:HK$438', '賞夕陽湖景雙床間（智能客控+記憶枕+日式茶台）:HK$457']"
月城大酒店（西昌月亮湖濕地公園店）,9.5,"['靜謐大床房（智能客控+軟硬雙枕+舒適床墊）:HK$258', '樂享雙床房（智能客控+軟硬雙枕+舒適床墊）:HK$297', '明月雙床房（高空城景房-智能客控-全景落地窗）:HK$343', '月城·凌波水床房（智能温控-沉浸式解壓）:HK$370', '明月大床房（高空城景房-智能客控-全景落地窗）:HK$370']"
傳家合院（邛海17°店）,9.7,"['典雅雙床:HK$570', '花園靜逸 雙床:HK$693', '熙雅浴缸大床房:HK$795', '尚雅浴缸大床房:HK$897', '花園·嫻雅浴缸大床房:HK$998']"
唯佳•朗燊酒店（西昌火把廣場海河天街店）,9.3,"['特惠智能大床房（智能音控+乳膠記憶床墊+羽絨枕+55寸投屏電視）:HK$217', '閤家歡親子房（智能音控+乳膠記憶床墊+羽絨枕+55寸投屏電視）:HK$239', '優享智能大床房（智能音控+乳膠記憶床墊+羽絨枕+55寸投屏電視）:HK$239', '優享智能雙床房（智能音控+乳膠記憶床墊+羽絨枕+55寸投屏電視）:HK$239']"
西昌鉑斯特酒店（沃爾瑪月亮湖濕地公園店）,9.5,"['鉑悦·豪華大床房【智能客控-minibar-雙衞】:HK$426', '鉑悦·豪華雙床房【智能客控-minibar-雙衞-加濕器】:HK$461', '鉑漫·至尊大床房-智能客控-零壓床墊-全景落地窗-minibar-雙衞-高空城市夜景:HK$487', '鉑悦·親子雙床房-客控智能-雙衞-冰箱:HK$555', '鉑雅·女士專屬貴賓雙床房-智能客控-定製床墊-minibar-雙衞-品牌加濕器-城市夜景:HK$557']"
冕寧中聯鉑金岷山飯店,9.4,"['精緻大床房:HK$273', '精緻雙床房:HK$283', '高級大床房（安閑自得+超大洗漱台）:HK$309', '高級雙床房（悠閑自在+可投屏電視機）:HK$322', '豪華大床房（悠然自得+躺卧沙發）:HK$333']"
維也納國際酒店（西昌邛海濕地萬達廣場店）,9.5,"['高級大床房:HK$413', '高級雙床房:HK$413', '豪華大床房:HK$480', '豪華雙床房:HK$480', '親子大床房:HK$629']"
西昌邛海17度火把廣場漫心酒店,9.7,"['心怡標準大床房【高清電視投屏+絲漣床墊+辦公區】:HK$462', '心悦高級大床房【電視投屏+小冰箱+獨立辦公區】:HK$492', '心悦高級雙床房【電視投屏+小冰箱+絲漣床墊+休閑區】:HK$523', '心享豪華大床房【電視投屏+小冰箱+貴妃椅+大空間】:HK$532', '心享主題親子大床房:HK$542']"
桔子酒店（西昌邛海17度火把廣場店）,9.8,"['大床房（智能馬桶+房間冰箱+65寸智能投屏電視）:HK$419', '高級大床房（智能馬桶+冰箱+65寸智能投屏電視）:HK$448', '高級雙床房（智能馬桶+金可兒皇冠床墊+65寸智能投屏電視）:HK$448', '商務大床房（智能馬桶+冰箱+65寸投屏電視）:HK$467']"
眾欣·悦動酒店,9.4,"['特惠大床房:HK$277', '豪華大床房:HK$286', '豪華雙床房:HK$314', '山景大床房:HK$342', '山景雙床房:HK$370']"
西昌碧海大酒店,9.0,"['行政單間:HK$402', '高級山景標間:HK$402', '商務標間:HK$402', '高級海景單間:HK$501', '豪華海景單間:HK$720']"
西昌優木·彝族風情|新中式禪意設計酒店（邛海17度火把廣場店）,9.4,"['清·浮光大床房|花梨木禪意傢俱|中空隔音玻璃|美粧鏡:HK$234', '樂·闔家歡親子房|小童玩偶|趣味讀物|花梨木禪意傢俱:HK$303', '初見·雅居三人房|功夫茶台|電動窗簾|智能馬桶|美粧鏡:HK$326', '未央·清歡自在全景日出房|270°遠眺廬山景觀|乳膠床墊:HK$375']"
西昌邛海濕地美居酒店,9.6,"['標準雙床房（小冰箱+65寸無線投屏+金可兒床墊）:HK$504', '標準大床房（小冰箱+65寸無線投屏+金可兒床墊）:HK$646', '高級雙床房（小冰箱+65寸無線投屏+金可兒床墊）:HK$684', '高級大床房（小冰箱+65寸無線投屏+金可兒床墊）:HK$684', '豪華大床房（小冰箱+65寸無線投屏+金可兒床墊）:HK$723']"
全季酒店（西昌邛海濕地公園中心店）,9.3,"['大床房（65寸電視+小冰箱+金可兒床墊）:HK$704', '高級大床房（65寸電視+小冰箱+金可兒床墊）:HK$733', '雙床房（65寸電視+小冰箱+金可兒床墊）:HK$733', '豪華大床房（65寸電視+小冰箱+金可兒床墊）:HK$764']"
西昌雲夢廬酒店（建昌古城店）,9.5,"['庭院高級大床房:HK$252', '庭院豪華大床房:HK$332', '庭院豪華雙床房:HK$332', '經典豪華大床房:HK$355', '經典景觀雙床房:HK$370']"
西昌眾欣豪生温泉酒店（東區）,9.3,"['山居大床房:HK$655', '山居雙床房:HK$655', '逸雲大床房:HK$764', '逸雲雙床房:HK$764', '綠野大床房:HK$829', '綠野雙床房:HK$829']"
冕寧悦泊酒店,9.3,"['悦享大床房（65寸可投屏液晶電視）:HK$310', '尊享大床房（65寸可投屏液晶電視）:HK$375', '特價雙床房（65寸投屏液晶電視）:HK$408', '尊享雙床房（65寸可投屏液晶電視）:HK$425', '雅悦親子套房（65寸可投屏液晶電視+獨立浴缸）:HK$728']"
西昌眾欣豪生温泉酒店（西區）,9.1,"['高級雙床房:HK$492', '高級大床房:HK$492', '逸景大床房:HK$546', '逸景雙床房:HK$546', '豪華大床房（投影+浴缸）:HK$655', '親子海景大床房:HK$765']"
西昌洲際智選假日酒店,9.4,"['高級雙床房（軟硬雙枕+暢享淋浴+金可兒床墊）:HK$357', '高級大床房（軟硬雙枕+暢享淋浴+金可兒床墊）:HK$357', '城市景觀大床房（軟硬雙枕+暢享淋浴+金可兒床墊）:HK$395', '城市景觀雙床房（軟硬雙枕+暢享淋浴+金可兒床墊）:HK$395', '日出景觀大床房（軟硬雙枕+暢享淋浴+金可兒床墊）:HK$433']"
西昌千里走單騎度假民宿（建昌古城店）,9.6,"['言樹庭院大床房:HK$344', '密悦庭院雙床房:HK$344', '棲雲庭院大床房:HK$437', '隨遇觀景商務套房:HK$539', '月影泡池親子套房:HK$650']"
德昌元坤温泉酒店,8.6,"['高級雙床房:HK$359', '豪華雙床房:HK$435', '森林湯屋【私人庭院泡池】:HK$1,080']"
星際航天酒店（西昌月亮湖公園店）,9.5,"['領航 | 星河大床房「小度智能語音客控·乾濕分離·慕思床品」:HK$410', '商務 | 星海大床房「VR體驗·慕思床品·超大觀景窗」:HK$496', '0壓|星海大床房「0壓記憶枕+0壓床墊+超大觀景窗」:HK$507', '啟航 | 星河雙床房「慕思床品·負離子高速吹風」:HK$509', '商務 | 星海雙床房「負離子高速吹風·辦公桌椅」:HK$566']"
嶲州·印象酒店（越西嶲州大道高鐵站店）,9.6,"['印象丨尊享豪華大床房（乳膠床墊+智能馬桶+智能客控+負離子高速吹風）:HK$340', '印象丨尊享豪華雙床房（乳膠床墊+智能馬桶+智能客控+負離子高速吹風）:HK$351', '印象丨奢享私湯大床房（乳膠床墊+暖心浴缸+智能馬桶+智能客控+負離子高速吹風）:HK$395', '印象丨歡享親子家庭房（乳膠床墊+智能客控+小童玩具+負離子高速吹風）:HK$395']"
麓塵酒店（邛海大石板古村店）,9.3,"['特惠大床房:HK$471', '特惠雙床房:HK$497', '清遠·浴缸大床房:HK$531', '墨韻·庭景雙床房:HK$558', '禪意·露台大床房:HK$694']"
西昌邛海灣西波鶴影酒店,9.1,"['豪華雙床房:HK$446', '庭院院景雙床房:HK$539', '10㎡小院雙床房:HK$632', '180°面海親水全海景大床房:HK$697', '180°面海海景景觀雙床房:HK$725']"
煙嵐裏·曲水山澗生活美學holiday villa（西昌大石板古村店）,9.7,"['葉驚秋丨花朝大床房:HK$490', '葉醒春丨與光大床房:HK$520', '方覺夏丨伴溪雙床房:HK$556', '韓冬青丨山也雙床房:HK$601', '望繁星丨山月·觀景大床房:HK$644']"
西昌市政務中心亞朵酒店,9.7,"['行政大床房（智能語音+無線投屏+冰箱）:HK$441', '幾木大床房（智能語音+無線投屏+2代深睡POR記憶枕+冰箱+浴袍）:HK$481', '行政雙床房（智能語音+無線投屏+冰箱）:HK$481', '幾木雙床房（2代深睡POR記憶枕+無線投屏+冰箱+浴袍）:HK$521', '幾木庭院大床房（智能語音+2代深睡POR記憶枕+無線投屏+冰箱+浴袍）:HK$521']"
杏庭·看海·看花·沐陽度假酒店（西昌邛海17度萬達店）,9.0,"['杏庭｜驚喜·寶藏大床房｜投影Loft:HK$249', '杏庭｜驚喜·寶藏小套二｜四人雙卧二居室｜投影Loft:HK$293', '杏庭｜小資·套二·兩個獨立卧室｜投影Loft:HK$314', '杏庭｜商務·套二·兩個獨立卧室｜投影Loft:HK$314']"
西昌鬱錦香酒店（萬達邛海17度店）,9.3,"['妙趣城景大床房:HK$391', '妙趣城景雙床房:HK$391', '妙趣愉夢大床房:HK$436', '妙趣愉夢雙床房:HK$436', '趣享温馨大床房:HK$469']"
西昌天季酒店,9.5,"['高級大床房:HK$404', '高級雙床房:HK$404', '陽光大床房:HK$411', '陽光雙床房:HK$411', '豪華大床房:HK$441']"
西昌長島·輕居酒店,9.9,"['寶藏套一loft丨大床房丨帶客廳:HK$257', '套二Loft-兩個獨立卧室-帶客廳:HK$305', '星際套二loft-你的太空夢終會實現-親子童趣:HK$352', '甜系套二loft-萌寵到你家開派對啦-親子童趣:HK$352']"
西昌美麗陽光凱隆酒店,9.4,"['精緻大床房（無窗）:HK$390', '高級大床房:HK$517', '高級雙床房:HK$517', '豪華大床房:HK$569', '豪華雙床房:HK$569', '至尊大床房:HK$610']"
德昌美程斯維登度假酒店,9.0,"['陽光大床房:HK$227', '城景雙床房:HK$227', '景觀大床房:HK$271', '豪華雙床房:HK$271']"
西昌邛海希爾頓歡朋酒店,9.4,"['舒適大床房:HK$512', '高級園景大床房:HK$544', '高級大床房:HK$577', '高級雙床房:HK$613', '豪華大床房:HK$671']"
雲裏·觀海·鏡海,9.4,"['特惠房:HK$534', '鏡海豪華大床房:HK$643', '鏡海豪華雙床房:HK$643', '鏡海親子套房:HK$753', '鏡海觀景精品套房:HK$753']"
