酒店名称,评分,房型价格列表
逸尚東方酒店（西昌邛海濕地店）,9.6,"['逸居大床房【乾濕分離.智能馬桶.65吋投屏電視.】:HK$295', '逸雅雙床房【乾濕分離+65吋投屏電視+智能馬桶】:HK$305', '逸景大床房【乾濕分離.智能馬桶.65吋投屏電視】:HK$316', '逸雅影院大床房【奇藝果會員+巨幕觀影+超大空間】:HK$327', '逸雅大床房【乾濕分離.智能馬桶.65吋投屏電視】:HK$349']"
德昌元坤温泉酒店,8.6,"['高級雙床房:HK$359', '豪華雙床房:HK$436', '森林湯屋【私人庭院泡池】:HK$1,081']"
冕寧中聯鉑金岷山飯店,9.4,"['精緻大床房:HK$273', '精緻雙床房:HK$283', '高級大床房（安閑自得+超大洗漱台）:HK$309', '高級雙床房（悠閑自在+可投屏電視機）:HK$323', '豪華大床房（悠然自得+躺卧沙發）:HK$334']"
月城大酒店（西昌月亮湖濕地公園店）,9.5,"['靜謐大床房（智能客控+軟硬雙枕+舒適床墊）:HK$259', '樂享雙床房（智能客控+軟硬雙枕+舒適床墊）:HK$298', '明月雙床房（高空城景房-智能客控-全景落地窗）:HK$343', '月城·凌波水床房（智能温控-沉浸式解壓）:HK$370', '明月大床房（高空城景房-智能客控-全景落地窗）:HK$370']"
豐源世紀酒店（西昌月亮湖濕地公園店）,9.4,"['舒適大床房:HK$224', '豪華大床房:HK$246', '陽光大床房:HK$266', '豪華雙床房:HK$286', '陽光雙床房:HK$306']"
西昌觀海聽濤藝術酒店,9.2,"['禪意大床房（全智能化系統）:HK$533', '豪華園景單間:HK$594', '豪華園景標間:HK$594', '豪華閣樓房:HK$594', '豪華海景單間:HK$837']"
太陽與海酒店,9.4,"['雅緻園景大床房:HK$1,142', '暮色海畔雙床房:HK$1,401', '伴山園景大床房:HK$1,401', '曦光暖陽雙床房:HK$1,839', '海景大床房（落地窗+廣角視野邛海全景）:HK$2,058']"
西昌雲夢廬酒店（建昌古城店）,9.5,"['庭院高級大床房:HK$252', '庭院豪華大床房:HK$333', '庭院豪華雙床房:HK$333', '經典豪華大床房:HK$355', '經典景觀雙床房:HK$371']"
西昌和悅花園度假酒店（邛海濕地火把廣場店）,9.6,"['温馨特惠大床（落地窗·乾濕分離·功夫茶具）:HK$315', '雅緻大床房（零壓床墊·浴袍·落地窗）:HK$326', '園景雙床房（靜謐空間·乾濕分離）:HK$326', '園景露台雙床房（獨立觀景落台·乾濕分離）:HK$400', '陽光花園大床房（獨立花園·落地窗）:HK$419']"
德昌美程斯維登度假酒店,9.1,"['陽光大床房:HK$228', '城景雙床房:HK$228', '景觀大床房:HK$271', '豪華雙床房:HK$271']"
冕寧悦泊酒店,9.3,"['悦享大床房（65寸可投屏液晶電視）:HK$298', '尊享大床房（65寸可投屏液晶電視）:HK$361', '特價雙床房（65寸投屏液晶電視）:HK$392', '尊享雙床房（65寸可投屏液晶電視）:HK$408', '雅悦親子套房（65寸可投屏液晶電視+獨立浴缸）:HK$700']"
西昌邛海將軍府夜泊君亭酒店,9.3,"['將軍府輕奢雙床房（哈曼卡頓音響+卡德維獨立浴缸）:HK$1,244', '將軍府輕奢大床房（哈曼卡頓音響+卡德維獨立浴缸）:HK$1,244', '將軍府大床房（玲瓏空間+哈曼卡頓音響+金可兒床墊）:HK$1,456', '星空泡池單卧套房（下沉露台+BOSE音響+金可兒床墊）:HK$1,470', '將軍府雙卧家庭套房（哈曼卡頓音響+獨立門户連通房）:HK$2,488', '星空泡池雙卧套房（下沉式露台+BOSE音響+金可兒床墊）:HK$3,390']"
西昌邛海賓館,9.3,"['商務單人間:HK$546', '商務雙床房:HK$546', '舒適雙床房:HK$754', '舒適大床房:HK$754', '山景大床房:HK$950', '山景雙床房:HK$952']"
西昌鉑斯特酒店（沃爾瑪月亮湖濕地公園店）,9.5,"['鉑悦·豪華大床房【智能客控-minibar-雙衞】:HK$427', '鉑悦·豪華雙床房【智能客控-minibar-雙衞-加濕器】:HK$462', '鉑漫·至尊大床房-智能客控-零壓床墊-全景落地窗-minibar-雙衞-高空城市夜景:HK$475', '鉑雅·女士專屬貴賓雙床房-智能客控-定製床墊-minibar-雙衞-品牌加濕器-城市夜景:HK$544', '鉑雅·女士專屬貴賓陽光大床房-智能客控-定製床墊-minibar-加濕器-城市夜景:HK$544']"
西昌碧海大酒店,9.0,"['行政單間:HK$403', '高級山景標間:HK$403', '商務標間:HK$403', '高級海景單間:HK$501', '豪華海景單間:HK$721']"
眾欣·悦動酒店,9.4,"['特惠大床房:HK$277', '豪華大床房:HK$287', '豪華雙床房:HK$314', '山景大床房:HK$342', '山景雙床房:HK$370']"
如居.山海半島民宿（西昌萬達廣場邛海17度店）,9.6,"['湖景温馨商務大床房（智能客控+記憶枕）:HK$360', '園景温馨商務大床房:HK$378', '觀星月湖景大床房（智能客控+記憶枕）:HK$438', '賞夕陽湖景雙床間（智能客控+記憶枕+日式茶台）:HK$458']"
雲裏·鹿鳴,9.7,"['特惠房:HK$403', '豪華雙床房:HK$438', '豪華大床房:HK$438', '親子房:HK$513']"
西昌市政務中心亞朵酒店,9.7,"['行政大床房（智能語音+無線投屏+冰箱）:HK$404', '幾木大床房（智能語音+無線投屏+2代深睡POR記憶枕+冰箱+浴袍）:HK$440', '行政雙床房（智能語音+無線投屏+冰箱）:HK$440', '幾木雙床房（2代深睡POR記憶枕+無線投屏+冰箱+浴袍）:HK$476', '幾木庭院大床房（智能語音+2代深睡POR記憶枕+無線投屏+冰箱+浴袍）:HK$476']"
西昌長島·輕居酒店,9.9,"['寶藏套一loft丨大床房丨帶客廳:HK$258', '套二Loft-兩個獨立卧室-帶客廳:HK$305', '星際套二loft-你的太空夢終會實現-親子童趣:HK$352', '甜系套二loft-萌寵到你家開派對啦-親子童趣:HK$352']"
星際航天酒店（西昌月亮湖公園店）,9.5,"['領航 | 星河大床房「小度智能語音客控·乾濕分離·慕思床品」:HK$411', '商務 | 星海大床房「VR體驗·慕思床品·超大觀景窗」:HK$497', '0壓|星海大床房「0壓記憶枕+0壓床墊+超大觀景窗」:HK$508', '啟航 | 星河雙床房「慕思床品·負離子高速吹風」:HK$510', '商務 | 星海雙床房「負離子高速吹風·辦公桌椅」:HK$567']"
西昌觀唐大酒店（邛海17度唐園店）,9.6,"['精品大床房（零壓舒睡+65寸投屏電視）:HK$392', '高級大床房（零壓舒睡+採光明亮+65寸投屏電視）:HK$425', '觀唐大床房（唐園零距離夜景+廣角視唐園全景）:HK$468', '觀唐全景大床房（落地窗+採光明亮+65寸投屏電視）:HK$534', '觀唐套房（唐園零距離夜景+廣角視野落地窗+獨立會客廳）:HK$556']"
杏庭·看海·看花·沐陽度假酒店（西昌邛海17度萬達店）,8.9,"['杏庭｜驚喜·寶藏大床房｜投影Loft:HK$250', '杏庭｜驚喜·寶藏小套二｜四人雙卧二居室｜投影Loft:HK$293', '杏庭｜小資·套二·兩個獨立卧室｜投影Loft:HK$315', '杏庭｜商務·套二·兩個獨立卧室｜投影Loft:HK$315']"
瀘山精品酒店（西昌月亮湖濕地公園店）,9.7,"['精品雙床房「零壓床品·自動馬桶墊·65寸投屏電視」:HK$311', '精品大床房「零壓床品·沐浴頂噴·65寸投屏電視」:HK$311', '高級雙床房「雙衣帽間·零壓床品·65寸投屏電視」:HK$332', '高級大床房「零壓床品-頂噴花灑-乾濕分離-投屏電視」:HK$332', '尊享大床房「零壓床品-空氣凈化器-沐浴頂噴-投屏電視」:HK$353']"
西昌優木·彝族風情|新中式禪意設計酒店（邛海17度火把廣場店）,9.4,"['清·浮光大床房|花梨木禪意傢俱|中空隔音玻璃|美粧鏡:HK$230', '樂·闔家歡親子房|小童玩偶|趣味讀物|花梨木禪意傢俱:HK$297', '初見·雅居三人房|功夫茶台|電動窗簾|智能馬桶|美粧鏡:HK$320', '未央·清歡自在全景日出房|270°遠眺廬山景觀|乳膠床墊:HK$368']"
西昌美麗華大酒店（邛海17度店）,9.3,"['雅緻大床房（智能投屏+大窗+洗護潤五件套）:HK$262', '豪華大床房（智能投屏+智能馬桶+洗護潤五件套）:HK$305', '豪華雙床房（智能投屏+智能馬桶+洗護潤五件套）:HK$315', '行政大床房（雙窗+智能投屏+智能馬桶+洗護潤五件套）:HK$360', '親子家庭房（大小雙床+智能投屏+智能馬桶+洗護潤）:HK$436']"
西昌邛海17度火把廣場漫心酒店,9.7,"['心怡標準大床房【高清電視投屏+絲漣床墊+辦公區】:HK$463', '心悦高級大床房【電視投屏+小冰箱+獨立辦公區】:HK$493', '心悦高級雙床房【電視投屏+小冰箱+絲漣床墊+休閑區】:HK$523', '心享豪華大床房【電視投屏+小冰箱+貴妃椅+大空間】:HK$533', '心享主題親子大床房:HK$543']"
維也納國際酒店（西昌邛海濕地萬達廣場店）,9.5,"['高級大床房:HK$479', '高級雙床房:HK$479', '豪華大床房:HK$554', '豪華雙床房:HK$554', '親子大床房:HK$721']"
西昌山海庭酒店（海河天街火把廣場店）,9.1,"['山嶼·榻榻米大床房|智能客控+小冰箱+羽絨床具|:HK$331', '山嶼·假日陽光大床房|智能客控+小冰箱+羽絨床具|:HK$386', '海市·原木雅院雙床房.|智能客控+小冰箱+羽絨床具|:HK$386', '海市·清風河景大床房|智能客控+小冰箱+羽絨床具|:HK$418', '庭落·200度浴缸河景套房|智能客控+冰箱+蝸居沙發|:HK$590']"
嶲州·印象酒店（越西嶲州大道高鐵站店）,9.6,"['印象丨尊享豪華大床房（乳膠床墊+智能馬桶+智能客控+負離子高速吹風）:HK$341', '印象丨尊享豪華雙床房（乳膠床墊+智能馬桶+智能客控+負離子高速吹風）:HK$352', '印象丨奢享私湯大床房（乳膠床墊+暖心浴缸+智能馬桶+智能客控+負離子高速吹風）:HK$396', '印象丨歡享親子家庭房（乳膠床墊+智能客控+小童玩具+負離子高速吹風）:HK$396']"
傳家合院（邛海17°店）,9.7,"['典雅雙床:HK$571', '花園靜逸 雙床:HK$694', '熙雅浴缸大床房:HK$796', '尚雅浴缸大床房:HK$898', '花園·嫻雅浴缸大床房:HK$1,000']"
西昌邛海灣柏樾酒店,9.0,"['公寓樓落地窗標間:HK$425', '公寓樓園景標間:HK$535', '公寓樓高級海景雙床房（45°觀海）:HK$795', '主樓高級園景雙床房:HK$854', '主樓高級園景大床房:HK$854', '公寓樓高級套房:HK$965']"
西昌千里走單騎度假民宿（建昌古城店）,9.6,"['言樹庭院大床房:HK$344', '密悦庭院雙床房:HK$344', '棲雲庭院大床房:HK$437', '隨遇觀景商務套房:HK$540', '月影泡池親子套房:HK$651']"
西昌戀城鉑雅酒店（旅遊集散中心店）,9.5,"['雅歡·驚喜大床房【普蘭特定製床品+小度智能客控】:HK$275', '雅逸智能極簡雙床房【雙層隔音玻璃+普蘭特定製床品】:HK$287', '雅逸·智能極簡大床房【大窗觀西昌城景+mini吧享休閑時光】:HK$310', '雅緻·智能格調雙床房【獨立辦公桌+貴妃側卧躺椅】:HK$329', '雅緻·智能格調大床房【慢回彈記憶枕+貴妃側卧躺椅】:HK$344']"
西昌洲際智選假日酒店,9.4,"['高級雙床房（軟硬雙枕+暢享淋浴+金可兒床墊）:HK$358', '高級大床房（軟硬雙枕+暢享淋浴+金可兒床墊）:HK$358', '城市景觀大床房（軟硬雙枕+暢享淋浴+金可兒床墊）:HK$395', '城市景觀雙床房（軟硬雙枕+暢享淋浴+金可兒床墊）:HK$395', '日出景觀大床房（軟硬雙枕+暢享淋浴+金可兒床墊）:HK$433']"
山海澗夢煥之屋,10.0,"['海景一室二床房:HK$315', '海景兩室三床房:HK$359', '輕奢二室一廳套房:HK$403']"
唯佳•朗燊酒店（西昌火把廣場海河天街店）,9.3,"['特惠智能大床房（智能音控+乳膠記憶床墊+羽絨枕+55寸投屏電視）:HK$217', '閤家歡親子房（智能音控+乳膠記憶床墊+羽絨枕+55寸投屏電視）:HK$239', '優享智能大床房（智能音控+乳膠記憶床墊+羽絨枕+55寸投屏電視）:HK$239', '優享智能雙床房（智能音控+乳膠記憶床墊+羽絨枕+55寸投屏電視）:HK$239']"
西昌四喜客棧,8.7,"['特價觀景陽台|舒適寬敞-大床房:HK$240', '露天陽台|庭院舒·大床房:HK$263', '特價寬敞|庭院靜謐.大床房:HK$285', '高級觀景雙陽台|一客一廳麻將雙床套房:HK$322']"
西昌漢錦酒店（邛海17度萬達廣場店）,9.5,"['靜享影音大床房（巨幕投影+獨立客廳+超大陽台+安心舒睡+冰箱+洗衣機+雙空調）:HK$719', '陽光家庭親子房（（獨立客廳+超大陽台+安心舒睡+冰箱+洗衣機+雙空調））:HK$719', '陽光雙床房（（獨立客廳+超大陽台+安心舒睡+冰箱+洗衣機+雙空調））:HK$719', '靜雅家庭親子房（（獨立客廳+超大陽台+安心舒睡+冰箱+洗衣機+雙空調）:HK$719']"
西昌千尋唐跡書香世家酒店,9.7,"['雅緻·庭院大床房:HK$887', '茶韻·複式大床房:HK$899', '茶韻·複式雙床房:HK$899', '茶韻·湖景露台大床房:HK$932', '千尋·唐跡湖景露台套房:HK$1,821']"
靈隱古村酒店,9.7,"['禪修.山景雙床房:HK$315', '悟道.聽濤大床房:HK$403', '靈境.雅居二室套房:HK$567', '歸隱.別院三室套房:HK$665']"
星程酒店（西昌邛海濕地店）,9.6,"['大床房（喜臨門床墊+電視投屏+小冰箱）:HK$260', '山景高級大床房（喜臨門床墊+電視投屏+小冰箱）:HK$279', '山景高級雙床房（喜臨門床墊+電視投屏+小冰箱）:HK$279', '遠景豪華大床房（喜臨門床墊+電視投屏+小冰箱）:HK$331']"
麓塵酒店（邛海大石板古村店）,9.3,"['特惠大床房:HK$471', '特惠雙床房:HK$497', '清遠·浴缸大床房:HK$532', '墨韻·庭景雙床房:HK$559', '禪意·露台大床房:HK$695']"
漢庭酒店（西昌邛海17度火把廣場店）,9.6,"['大床房（智能馬桶+金可兒皇冠床墊+智能投屏電視）:HK$322', '雙床房（智能馬桶+金可兒皇冠床墊+智能投屏電視）:HK$322', '高級大床房（智能馬桶+金可兒皇冠床墊+智能投屏電視）:HK$341', '高級雙床房（智能馬桶+金可兒皇冠床墊+智能投屏電視）:HK$341']"
西昌空港雲享酒店（邛海夢尋花海濕地公園店）,9.3,"['雲樂特惠大床房:HK$546', '雲夢大床房:HK$797', '雲夢雙床房:HK$797', '雲裳露台大床房:HK$873', '雲裳露台雙床房:HK$873', '雲庭庭院大床房:HK$939']"
美姑賓館,9.1,"['精緻特價雙床房:HK$294', '靜謐雙床房:HK$333', '雅緻雙床房:HK$333', '舒適雙床房:HK$372']"
你好酒店（西昌邛海濕地公園萬達廣場店）,9.6,"['高級大床房（智能馬桶+公區自助洗衣機+金可兒床墊）:HK$322', '高級雙床房（智能馬桶+公區自助洗衣機+金可兒床墊）:HK$331', '商務大床房（智能馬桶+公區自助洗衣機+金可兒床墊）:HK$351', '商務雙床房（智能馬桶+公區自助洗衣機+金可兒床墊）:HK$361']"
雲舍城市酒店（西昌邛海17度萬達店）,8.9,"['雲舍｜寶藏大床房｜投影Loft:HK$238', '雲舍｜輕奢·雙卧四人套房｜投影Loft:HK$293', '雲舍｜雲朵·雙卧四人套房｜投影Loft:HK$293', '雲舍｜中古·雙卧四人套房｜投影Loft:HK$293']"
桔子酒店（西昌邛海17度火把廣場店）,9.8,"['大床房（智能馬桶+房間冰箱+65寸智能投屏電視）:HK$419', '高級大床房（智能馬桶+冰箱+65寸智能投屏電視）:HK$449', '高級雙床房（智能馬桶+金可兒皇冠床墊+65寸智能投屏電視）:HK$449', '商務大床房（智能馬桶+冰箱+65寸投屏電視）:HK$468']"
環球6萬里·國際酒店（西昌月亮湖公園店）,9.1,"['智享-舒適雙床房（空調+乾濕分離丨酣睡好眠+辦公桌椅）:HK$196', '智享-舒適大床房（空調+乾濕分離丨酣睡好眠+辦公桌椅）:HK$206', '環球-豪華雙床房（空調+乾濕分離丨智能客控+辦公桌椅）:HK$229', '環球-豪華大床房（空調+乾濕分離丨智能客控+辦公桌椅）:HK$239']"
