酒店名称,评分,房型价格列表
東昇湖假日酒店,9.7,"['高級大床房:HK$310', '高級雙床房:HK$310', '豪華大床房:HK$377', '豪華雙床房:HK$377', '行政大床房:HK$436']"
滁州金鵬廣場酒店,9.4,"['城景商務大床房:HK$292', '城景商務雙床房:HK$292', '特惠精選雙床房:HK$292', '特惠精選大床房:HK$292', '舒適行政大床房:HK$401']"
花築·太平裏酒店 （全椒太平古城店）,8.5,"['特惠舒適大床房:HK$412', '舒適庭院大床房:HK$436', '豪華雙床房:HK$446', '豪華大床房:HK$446', '豪華套房:HK$507']"
滁州亭好酒店（萬達廣場店）,9.7,"['亭·悦高級大床房:HK$196', '亭·悦高級雙床房:HK$196', '亭·靜商務大床房:HK$216', '亭·雅棋牌套房:HK$249']"
滁州琅琊山宿,9.7,"['四時庭院雙床房:HK$434', '意在露台庭院房大床房:HK$511', '怡亭露台觀景雙床房:HK$576', '怡亭露台觀景大床房:HK$576', '蔚然豪華露台庭院雙床房:HK$947']"
滁州凱迪温德姆至尊豪廷大酒店,9.5,"['高級雙床房:HK$456', '高級大床房:HK$500', '豪華雙床房:HK$553', '豪華大床房:HK$575', '至尊大床房:HK$630', '行政雙床房:HK$805']"
琅琊山榮逸山水酒店,9.4,"['豪華雙床房:HK$305', '豪華大床房:HK$305', '湖景雙床房:HK$392', '湖景大床房:HK$392', '客房通-豪華大床房:HK$424']"
滁州高鐵站萬楓酒店,9.3,"['標準大床房 （金可兒品牌床墊+小冰箱）:HK$434', '豪華大床房（金可兒品牌床墊+小冰箱）:HK$489', '豪華雙床房（金可兒品牌床墊+小冰箱）:HK$489']"
滁州茂業華美達廣場酒店,8.9,"['城景標準大床房（尊享浴缸、可遠觀琅琊閣）:HK$250', '城景標準雙人房（奢華體驗）:HK$250', '尊享高級雙床房（尊享浴缸、面積大、窗外好景）:HK$283', '尊享高級大床房（尊享浴缸）:HK$283', '豪華家庭房--親子房（尊享浴缸-特色主題佈置）:HK$344']"
滁州港滙喜來登酒店,9.2,"['豪華雙床房:HK$381', '豪華大床房:HK$435', '商務豪華雙床房:HK$435', '商務豪華大床房:HK$490', '尊貴豪華雙床房:HK$490', '尊貴豪華大床房:HK$544']"
全季酒店（滁州萬達廣場店）,9.5,"['高級大床房:HK$345', '商務雙床房:HK$354', '商務大床房:HK$364']"
柏悦朗廷酒店（滁州高鐵站店）,9.5,"['商務雙床房:HK$228', '商務大床房:HK$269', '夢百合零壓雙床房:HK$278', '夢百合零壓大床房:HK$286']"
滁州君家酒店（滁州學院南門店）,9.3,"['豪華大床間 （尊享床墊+親膚床品+自然眠愈）:HK$292', '豪華標準間（尊享床墊+親膚床品+自然眠愈）:HK$296', '豪華家庭房（尊享床墊+親膚床品+自然眠愈）:HK$322', '商務景觀間（尊享床墊+親膚床品+自然眠愈）:HK$328', '高級標準間（高效辦公+尊享浴缸+自然眠愈）:HK$345']"
滁州樸巢春舍酒店（雙洪生態文化公園店）,9.5,"['三人間:HK$219', '家庭房:HK$219', '樸明高級大床房:HK$275', '樸靜高級大床房:HK$285']"
璞真國際酒店（滁州北站蘇寧廣場店）,9.1,"['清新大床房（乳膠床墊+智能客控+温馨空間）:HK$249', '豪華大床房（乳膠床墊+自動窗簾+智能燈光）:HK$281', '豪華雙床房（乳膠床墊+自動窗簾+智能燈光）:HK$281', '乳膠行政大床房（乳膠床品+智能馬桶+迷你小冰箱）:HK$314', '乳膠行政雙床房（乳膠床品+智能馬桶+迷你小冰箱）:HK$314']"
蘇寧雅悦酒店（滁州琅琊山蘇寧廣場店）,9.3,"['B座高級大床房:HK$227', 'B座豪華大床:HK$241', 'B座豪華雙床:HK$241', '豪華大床房:HK$272', '雅悦大床房:HK$308']"
伯爵世家酒店（滁州全椒火車站店）,9.7,"['精選大床房（三區分離+落地大窗+智能馬桶）:HK$272', '精選雙床房（三區分離+落地大窗+智能馬桶）:HK$272', '甄選大床房（超大落地窗+三區分離+精緻茶具）:HK$292', '甄選雙床房（超大落地窗+三區分離+記憶枕）:HK$292', '豪華大床房（浴袍+記憶枕＋智能馬桶）:HK$331']"
滁州白雲賓館,9.5,"['簡約大床房（無窗）:HK$141', '舒適大床房:HK$173', '甄選雙床房:HK$221', '甄選大床房:HK$236']"
格林東方酒店（滁州市政府花園東路店）,9.4,"['清馨大床房:HK$228', '東方高級大床房:HK$230', '東方高級雙床房:HK$235', '豪華大床房:HK$245']"
滁州蘇滁高新區亞朵X酒店,9.7,"['高級大床房（小度智能+電視投屏）:HK$349', '行政雙床房（小度智能+電視投屏）:HK$349', '行政大床房（小度智能+電視投屏）:HK$370', '幾木大床房（小度智能+迷你吧）:HK$409', '幾木影音大床房（小度智能+迷你吧）:HK$449']"
如家商旅酒店（滁州蘇寧廣場店）,9.3,"['大床房A:HK$156', '大床房:HK$172', '商務大床房:HK$189', '雙床房:HK$189']"
滁州井楠茗宿,9.3,"['草長·特惠雙床房:HK$471', '鶯飛·特惠大床房:HK$471', '繁花·舒適雙床房:HK$596', '似錦·舒適大床房:HK$596', '自樂·麻將機套房:HK$657']"
如家商旅酒店（滁州天長路步行街店）,9.5,"['大床房A:HK$158', '大床房:HK$173', '雙床房:HK$182', '商務大床房:HK$189']"
星程酒店（滁州市政府店）,9.7,"['高級大床房:HK$207', '商務雙床房:HK$217', '商務大床房:HK$226']"
遵陽隱舍美宿酒店（南湖公園店）,9.8,"['【立夏】榻榻米大床房+喜臨門零壓床墊+智能客控:HK$276', '【冬至】躺平大床房+私密空間+輕盈好夢:HK$369', '【夏至】愜意浴缸大床房+智能客控+喜臨門零壓床墊:HK$369', '【穀雨】豪華大床房:HK$369']"
滁州萬瑞四季酒店,9.1,"['普通單間:HK$272', '商務標間:HK$315', '商務大床房:HK$315', '豪華標間:HK$348']"
YUE·君庭民宿（滁州凱迪廣場世貿大廈店）,10.0,"['影院輕奢套房【零壓乳膠床+VIP觀影】:HK$238', '設計師行政套房【零壓乳膠床+一次性洗具】:HK$255', '温馨家庭親子房【萌趣帳篷+小童洗護用品+小童讀物】:HK$294']"
滁州碧桂園歐洲城鳳悦鳳凰酒店,8.8,"['精選雙床房:HK$271', '精選大床房:HK$271', '高級園景大床房:HK$336', '高級園景雙床房:HK$336', '豪華園景雙床房:HK$391', '豪華園景大床房:HK$391']"
漢庭優佳酒店（滁州吾悦廣場港滙店）,9.6,"['大床房:HK$211', '雙床房:HK$220', '高級大床房:HK$230']"
萬順酒店（滁州學院會峯校區長江商貿城店）,9.3,"['智能舒適大床房:HK$271', '智能舒適雙人房:HK$271', '智能觀影房:HK$281', '智能商務大床房（帶茶桌）:HK$281']"
願景·詩集嶺野奢狩獵酒店,9.2,"['陽台雙床房:HK$818', '景觀大床房:HK$1,396', '景觀雙床房:HK$1,396', '景觀親子房:HK$1,615', '庭院大床房:HK$1,833']"
紅三環大酒店（滁州北站店）,9.6,"['特惠雙床房:HK$172', '雅緻雙床房:HK$195', '雅緻大床房:HK$227', '商務大床房:HK$271']"
去湖去民宿（滁州北湖公園店）,9.6,"['晨曦-休閑大床房+智能投影+零壓床墊+輕盈好夢:HK$165', '【梧桐】豪華大床房+零壓床墊+智能投影+温馨雅緻:HK$265', '【竹喧】湖景大床房+零壓床墊+智能投影+私密空間:HK$286', '【水墨】豪華湖景大床房+大落地窗+實木傢俱+智能投影:HK$325']"
如家酒店（滁州豐樂大道店）,9.4,"['大床房:HK$143', '商務大床房:HK$170', '高級雙床房:HK$170', '高級大床房:HK$179']"
滁州阿爾卡迪亞酒店,9.0,"['特惠陽光露台大床房:HK$371', '特惠陽光露台雙床房:HK$371', '深系豪華家庭房:HK$479', '粉系童趣家庭房:HK$479', '客房通-豪華大床房:HK$523', '客房通-豪華雙床房:HK$523']"
維也納酒店（滁州琅琊新區玖玖廣場店）,9.3,"['高級大床房:HK$237', '標準雙床房:HK$237', '影音大床房:HK$245', '豪華雙床房:HK$254']"
金鵬皇慶湖湖畔民宿,8.7,"['水雲船屋大床房:HK$370', '湖心漫居雙床房:HK$370', '湖心漫居親子房:HK$370', '時光太空艙大床房:HK$370']"
如家商旅酒店（滁州市政府世貿大廈店）,9.3,"['大床房:HK$212', '高級雙床房:HK$230', '商務大床房:HK$230', '特色大床房:HK$310']"
如家睿柏雲酒店（滁州蘇滁商務中心地鐵站店）,9.8,"['雅緻大床房:HK$156', '影音大床房:HK$167', '高級大床房:HK$173', '商務雙床房:HK$176']"
維也納酒店（滁州政務中心店）,9.6,"['標準大床房:HK$207', '高級大床房（無窗）:HK$216', '豪華雙床房:HK$225', '豪華大床房:HK$225']"
格林豪泰酒店（滁州北站蘇寧廣場店）,9.5,"['智能大床房:HK$198', '智能高級大床房:HK$208', '智能高級雙床房:HK$219', '舒眠0壓家庭房:HK$225']"
悠然影院公寓（滁州北站店）,8.7,"['時溪 | 投影大床房:HK$182', '初時 | 投影大床房:HK$195', '子歸 | 投影家庭雙床房:HK$210', '清風 | 輕奢投影大床房:HK$223']"
滁州冠景泊悦酒店（琅琊山店）,8.9,"['標準大床房:HK$282', '標準雙人房:HK$282', '温馨家庭房:HK$314', '豪華大床房:HK$391', '豪華雙人房:HK$391']"
滁州金地大酒店,8.3,"['商務標間:HK$172', '行政標間:HK$213', '行政單間:HK$263']"
滁州玟維酒店（揚子工業園揚子路小學店）,9.5,"['大床房:HK$253', '高級大床房:HK$276', '高級雙床房:HK$277', '豪華大床房:HK$321', '豪華親子房:HK$428']"
轉角Iove公寓酒店（蘇寧廣場店）,9.0,"['温馨大床房:HK$327', '舒適大床房:HK$327', '精緻大床房:HK$327']"
滁州袋鼠電競酒店（環滁商務中心店）,8.8,"['商務大床房:HK$231', '特價電競大床房【4060顯卡+i5+32G】:HK$249', '輕奢電競大床房【i5-13490+4060+顯示器2k170+內存32G】:HK$267', '輕奢電競標間【4070顯卡+i5-13490+內存32G】:HK$276']"
悠然·影院公寓（蘇寧廣場店）,9.4,"['浮塵 | 投影大床房:HK$182', '秋雨 | 輕奢投影大床房:HK$249', '上野 | 投影大床房:HK$343', '斯月 | 智能投影大床房:HK$343']"
滁州明湖逸菲酒店,9.2,"['標準雙床房:HK$361', '豪華大床套房:HK$486', '豪華套房:HK$745']"
漢庭酒店（滁州中都大道萬達廣場店）,9.4,"['高級大床房:HK$196', '商務大床房:HK$215', '商務雙床房:HK$224']"
