酒店名称,评分,房型价格列表
希居（潮州古城廣濟橋江景店）,9.4,"['温馨·高級大床房（全屋智能+雲視聽會員+安靜舒適+助眠零壓床墊+全棉高織床品）:HK$360', '觀影·豪華大床房（側面江景+100寸影院投屏+全屋智能+助眠零壓床墊+全棉高織床品）:HK$391', '温馨·高級雙床房（全屋智能+雲視聽會員+助眠床墊）:HK$424', '江景·浴缸大床房（一線江景+眺望廣濟橋+全屋智能+雲視聽會員+助眠零壓床墊+全棉高織床品）:HK$445']"
韓思·熙湖酒店（潮州古城牌坊街店）,9.5,"['星空電影房-空氣凈化:HK$588', '檀木大床房-空氣凈化:HK$719', '檀木湖景大床房-空氣凈化:HK$774', '陽台景觀大床房-空氣凈化:HK$829', '檀木雙床房-空氣凈化:HK$829']"
潮州人民廣場希岸Deluxe酒店,9.3,"['Deluxe休閑大床房:HK$355', 'Deluxe休閑雙床房:HK$371', 'Deluxe豪華大床房【全屋智控+乾濕分離】:HK$413', 'Deluxe豪華雙床房【全屋智控+乾濕分離】:HK$429', 'Deluxe商務大床房【全屋客控+乾濕分離】:HK$446']"
潮州市盈合酒店（潮州古城人民廣場店）,9.3,"['巧 | 雅緻大床房 | 智能音控+古城街景+陽光滿屋:HK$338', '享 | 精緻大床房 | 智能音控+古城街景+陽光滿屋:HK$380', '優 | 精緻雙床房 | 智能音控+鳥瞰街景+陽光滿屋:HK$433', '馨 | 親子子母雙床房 | 智能音控+古城街景+陽光滿屋:HK$475']"
揭陽舒宸酒店（進賢門店）,9.5,"['特價大床房:HK$325', '特價雙床房:HK$325', '商務大床房|全屋智能|:HK$346', '商務雙床房|全屋智能|:HK$379', '豪華大床房|智能小度+智能化粧鏡|:HK$401']"
潮選假日酒店（潮州財富中心店）,9.9,"['潮韻豪華大床房:HK$540', '潮享輕奢雙床房:HK$576', '潮享雲際套房:HK$825', '潮尊雲際套房:HK$943']"
潮州南邑大酒店（潮州古城牌坊街店）,9.3,"['特惠大床房:HK$392', '特惠雅緻大床房:HK$403', '特惠無窗大床房:HK$403', '特惠高級雙床房:HK$457', '特惠三床房:HK$567']"
全季酒店（潮州古城人民廣場店）,9.5,"['高級大床房:HK$446', '豪華大床房:HK$502', '高級雙床房:HK$586', '套房:HK$586']"
潮州閤府莊園,9.2,"['茗薈大床房 （全屋智控+迷你小冰箱+工夫茶具）:HK$522', '吉瑞雙床房（全屋智控+迷你小冰箱+工夫茶具）:HK$577', '逸賢大床房（圓形浴缸+葯浴泡澡+暢享茶空間）:HK$664', '鴻裕豪華雙床房（全屋智能+工夫茶具+寬敞空間）:HK$806', '鴻裕Ultra雙大床房（全屋智能+工夫茶具+後花園）:HK$806', '獨棟雙床小別墅（園林全景觀+全屋智控+工夫茶具）:HK$839']"
潮州古城牌坊街漫心酒店,9.7,"['心怡標準大床房:HK$591', '心怡標準雙床房:HK$653', '心悦高級大床房:HK$677', '心悦高級家庭房:HK$716', '心享豪華大床房:HK$739']"
麗楓酒店（潮州温泉江景店）,9.5,"['雅緻大床房（空氣凈化器+慕斯床墊+投屏電視）:HK$349', '豪華大床房（空氣凈化器+慕斯床墊+投屏電視）:HK$382', '豪華雙床間（空氣凈化器+慕斯床墊+投屏電視）:HK$413', '江景大床房（空氣凈化器+慕斯床墊+投屏電視）:HK$414']"
山禾裏·宋代美學庭院（汕頭小公園店）,9.6,"['室外桃園·大床房·一樓庭外:HK$677', '浮生半日·大床房:HK$904', '逸趣生活·雙床房:HK$904', '煙火少城·大床房:HK$1,114', '舒適謐境·豪華大床房·內庭:HK$1,114']"
州里設計潮宿（潮州古城牌坊街店）,9.5,"['快樂的彩蛋大床房（小度智能+全棉床枕+雅緻空間+乾濕分離）:HK$452', '沙萬·獨享大床房（小度智能+全棉床枕+別緻空間+乾濕分離）:HK$477', '哈桑·私享大床房（特大床+小度智能+全棉床枕+乾濕分離）:HK$526', '萊索·尊享大床房（特大床+獨立浴缸+小度智能+大屏投影+全棉床枕+乾濕分離）:HK$588']"
凱里亞德店（潮州古城萬德雲創園店）,9.2,"['輕享大床房（全屋智能+舒適床墊+智能馬桶）:HK$269', '優享大床房（全屋智能+舒適床墊+智能馬桶）:HK$295', '優享雙床房（智能語音客控+全棉床品）:HK$295', '榮享大床房（全屋智能+舒適床墊+智能馬桶）:HK$330']"
潮府裏國際酒店（潮州古城牌坊街店）,9.4,"['淺野·雅緻大床房（全屋智能+陽光落地窗+全棉床品）:HK$315', '沐光·舒睡雙床房（全屋智能+陽光落地窗+全棉床品）:HK$369', '月泮·親子家庭套房（全屋智能+陽光落地窗+全棉床品）:HK$498']"
豪逸酒店（潮州潮安店）,9.0,"['雅緻大床房:HK$250', '精選大床房:HK$280', '精選雙床房:HK$289', '輕奢雙床房:HK$319', '輕奢親子雙床房:HK$368']"
潮邑明林府（潮州古城牌坊街店）,9.6,"['鸞凰琴簪•豪華大床房+92寸高清影幕:HK$545', '鳳鳴·智能豪華大床房+户外桌椅+100寸高清巨幕:HK$719', '月圓澄酒·智能輕享複式大床套房:HK$839', '山海丹青·智能輕享景觀複式雙床套房+84寸高清影幕:HK$894']"
Urba柏納·國際公寓（潮州古城牌坊街店）,9.4,"['臻選大床房（智能客控+高清投屏電視）:HK$403', '精選雙床房（智能客控+高清投屏電視）:HK$478', '精選大床房（智能客控+高清投屏電視）:HK$478', '影音雙床房（影音巨幕+智控）:HK$534', '豪華雙床房（炫彩波紋燈+智控+高清投屏電視）:HK$587']"
蘭歐酒店（潮州古城牌坊街店）,9.1,"['標準大床房:HK$364', '標準雙床房:HK$373', '豪華大床房（私享按摩椅+智能語控）:HK$416', '高級雙床房:HK$422', '豪華雙床房:HK$454']"
潮州市·熙揚·喜宿·Cloud.Bar花園（潮州古城牌坊街店）,9.3,"['城景逸境大床房（零壓床墊+太空記憶棉+新風系統+高清投屏電視+乾濕分離）>:HK$338', '童趣親子大床房（零壓床墊+太空記憶棉+休閑沙發+新風系統+高清投屏電視+乾濕分離）>:HK$343', '城景逸境雙床房（空中花園+零壓床墊+乾濕分離）>:HK$354', '浪漫輕奢浴缸房（深袍浴缸+零壓床墊+太空記憶棉+新風系統+高清投屏電視+乾濕分離）>:HK$358']"
駿景國際酒店（潮州韓江人民廣場店）,9.4,['景雅·私享大床房『温馨出行+功夫茶具+自然眠愈被芯』:HK$337']
潮橙居（潮州廣濟橋牌坊街店）,9.4,"['投影精緻大床房 （智能音控 + 乾濕分離 + 影視會員 + 純棉床品）:HK$287', '雅緻大床房 （智能音控 + 乾濕分離 + 純棉床品）:HK$330', '豪華大床房 （智能音控 + 乾濕分離 + 純棉床品）:HK$373', '舒適雙床房 （智能音控 + 乾濕分離 + 純棉床品）:HK$374']"
財庫S酒店（潮州古城牌坊街店）,9.4,"['古城景觀大床房（記憶棉床墊+智能客控+空氣凈化）:HK$872', '古城景觀雙床房（功夫茶具+休閑沙發+空氣凈化）:HK$1,085', '陽台花園地標古城景大床房（私家花園泡池+功夫茶具）:HK$1,135', '一大一小古城景觀親子房（小童用品+空氣凈化）:HK$1,156']"
潮之派酒店（潮州店）,9.1,"['舒適大床房（靜夜好眠+辦公桌椅）:HK$202', '美居雙床房:HK$212', '高級雙床房（全屋智能語音+高層景觀+乾濕分區）:HK$230', '豪華大床房（全屋智能語音+高層景觀+輕奢沙發）:HK$239']"
鉑頓國際公寓（潮州韓江人民廣場店）,9.4,"['智能大床房（智能客控+功夫茶具+24小時新風系統）:HK$268', '雅緻雙床房:HK$287', '影院家庭房:HK$297', '智能雙床房（智能客控+功夫茶具+24小時新風系統）:HK$320']"
韓思·悦酒店（潮州古城牌坊街店）,9.2,"['高級大床房-零壓床品:HK$400', '思悦大床房-零壓床品:HK$443', '豪華大床房-零壓床品:HK$476', '思悦雙床房-零壓床品:HK$522', '豪華雙床房-零壓床品:HK$541']"
花築·東門客棧（潮州廣濟橋牌坊街店）,9.4,"['中式大床房（乳膠床墊+乾濕分離）:HK$388', '中式雙床房（乳膠床墊+乾濕分離）:HK$486', '歐式經典大床房（乳膠床墊+乾濕分離）:HK$486', '歐式豪華大床房（乳膠床墊+乾濕分離）:HK$548']"
三潮温泉小鎮·酒店（潮州韓江西溪碧道田頭何公園店）,8.6,"['特價大床房（不含温泉）:HK$279', '私湯·豪華大床房（獨立泡池+天然温泉+全屋智能）:HK$342', '私湯·閑趣雙床房（內置棋牌+趣味休閑+全屋智能）:HK$367', '私湯·主題大床房（獨立泡池+天然温泉+全屋智能）:HK$392']"
全季潮州韓江江景酒店,9.5,"['高級大床房:HK$437', '豪華大床房:HK$465', '高級雙床房:HK$484', '豪華雙床房:HK$530']"
桔子酒店（潮州古城人民廣場店）,9.3,"['大床房:HK$355', '高級大床房:HK$383', '豪華大床房:HK$411', '雙床房:HK$411']"
柏曼酒店（潮州古城人民廣場店）,9.4,"['標準大床房:HK$302', '商務大床房:HK$323', '商務雙床房:HK$345', '高級大床房:HK$367']"
潮州古城人民廣場亞朵酒店,9.4,"['雅緻大床房:HK$528', '高級大床房:HK$574', '高級影音大床房:HK$601', '幾木雙床房:HK$690', '幾木大床房:HK$690']"
潮州財富中心希爾頓歡朋酒店,9.4,"['豪華大床房:HK$677', '豪華雙床房:HK$723', '豪華商務大床:HK$779', '豪華商務雙床房:HK$779', '親子大床房:HK$1,017']"
洲上·壹叁間民宿（潮州古城廣濟橋店）,9.7,"['靜謐觀影.複式閣樓房（大屏投影+LOFT設計+智能家居）:HK$796', '270°江景奢享大床房（夕陽全景+休閑空間+大屏投影）:HK$796', '180°江景浴缸大床房（夕陽景觀+解壓浴缸+大屏投影）:HK$796', '270°輕侘寂江景房（網紅圓床+觀遠山江景+大屏投影）:HK$910']"
明熙樓客棧（潮州古城牌坊街店）,9.1,"['301｜飄絮大床房（深睡床墊+智能馬桶）:HK$424', '303｜望元榻榻米大床房（開元寺景觀+深睡床墊+智能馬桶）:HK$424', '302｜靜享雙床房（深睡床墊+智能馬桶）:HK$519', '202｜桑落大床房（深睡床墊+智能馬桶）:HK$519']"
汕頭龍湖賓館,9.5,"['龍湖商務雙床房（南樓）:HK$487', '龍湖商務大床房（南樓）:HK$487', '龍湖高級大床房（東樓）:HK$543', '龍湖高級雙床房（東樓）:HK$543', '龍湖景觀豪華大床房（東樓）:HK$591']"
潮州Panda·熊貓來了花園,9.2,"['180°大視野大床房（私享浴缸+一線江城景+智能客控）:HK$763', '舒適城景雙床房（智能客控+巨幕投影+一線城景）:HK$850', '豪華城景雙床房（智能客控+巨幕投影+一線城景）:HK$905', '230°景觀雙床房（智能客控+巨幕投影+天空記憶棉）:HK$960', '230°全江景大床房（私享浴池+智能客控+一線江景）:HK$992']"
潮州中安樓客棧（廣濟橋牌坊街店）,9.5,"['精選大床房:HK$473', '精緻雙床房:HK$650', '豪華套房:HK$1,039', '行政套房:HK$1,299']"
潮州古城Urba柏納國際公寓（人民廣場店）,9.3,"['臻選大床房（超清投影+安靜助眠+零壓深睡枕）:HK$326', '臻選雙床房（投屏電視+安靜助眠+零壓深睡枕）:HK$347', '精選大床房（高清投影＋零壓深睡枕）:HK$358', '豪華雙床房（投屏電視+零壓深睡枕+陽光充足）:HK$379']"
桔子酒店（潮州古城牌坊街店）,9.3,"['高級大床房:HK$617', '豪華大床房:HK$729', '雙床房:HK$738', '高級雙床房:HK$785']"
康鉑酒店（潮州古城牌坊街店）,9.4,"['影音大床房:HK$408', '舒享Studio:HK$437', '影音雙床房:HK$443', '高級大床房:HK$469', '豪華大床房-全屋智能聲控:HK$496']"
關於美宿（潮州古城牌坊街店）,9.3,"['瓷寂｜特惠大床房【天空記憶棉枕➕鵝絨被➕大屏投影】:HK$617', '特惠大床房:HK$617', '雲泥｜特惠雙床房【天空記憶棉枕➕鵝絨被➕大屏投影】:HK$783', '硯雪｜標準大床房【天空記憶棉枕➕鵝絨被➕大屏投影】:HK$800', '聆潮｜親子雙床房【天空記憶棉枕➕鵝絨被➕解壓浴缸】:HK$837']"
麗楓酒店（潮州古城牌坊和諧雅筑店）,9.4,"['標準大床房:HK$416', '豪華大床房:HK$457', '商務大床房:HK$506', '標準雙床房:HK$522']"
花築·三里民宿（潮州古城西湖公園店）,9.6,"['熙樊·法式極簡大床房（智能客控+懸空地台床+小米投屏電視+乾濕分離）:HK$317', '悦已·法式浪漫開放式特大床房（智能客控+懸空地台床+小米投屏電視+乾濕分離）:HK$366', '流雲·法式標準雙床房（智能客控+懸空地台床+小米投屏電視+乾濕分離）:HK$399', '流雲·法式豪華雙床房（智能客控+懸空地台床+小米投屏電視+乾濕分離）:HK$436']"
潮·坊居（潮州牌坊街廣濟橋店）,9.3,"['雲煙｜大床房（智能客控+私享浴缸+百寸投影+工夫茶具+太空記憶棉）:HK$938', '雲卷丨大床房（智能客控+百寸投影+私享透明浴缸+工夫茶具+太空記憶棉）:HK$1,025', '雲舒丨景觀大床房（智能客控+透明浴缸+百寸投影+工夫茶具+太空記憶棉）:HK$1,101', '雲華丨觀景大床房（智能客控+私享懸浮浴缸+百寸投影+工夫茶具+太空記憶棉）:HK$1,200']"
花築·韓汐里民宿（潮州古城牌坊街店）,9.7,"['雅緻大床房（智能客控+小冰箱+乾濕分離）:HK$417', '雅緻家庭親子房（智能客控+小冰箱+乾濕分離）:HK$466', '雅緻雙床房（智能客控+舒適躺椅+小冰箱+乾濕分離）:HK$489', '輕奢浴缸大床房（智能客控+深泡浴缸+小冰箱+乾濕分離）:HK$527']"
譽庭別院（汕頭萬象城龍眼南路美食街店）,9.7,"['譽house·辭音:HK$1,191', '譽house·輕徑:HK$1,191', '譽house·竹茗堂:HK$1,409', '譽house·聞鳧院:HK$1,409', '譽house·長澗舍:HK$1,409']"
萬斯吉國際酒店（潮汕高鐵站店）,9.2,"['標準大床房:HK$243', '商務大床房:HK$266', '豪華大床房:HK$298', '精緻雙床房:HK$332', '豪華影音大床房:HK$332']"
麗楓酒店（潮州恆德國際店）,9.0,"['標準大床房:HK$296', '豪華大床房:HK$312', '景觀大床房:HK$320', '商務大床房:HK$354']"
外和裏酒店（潮州古城人民廣場店）,9.5,"['夢嶼·舒適雙床房（全屋新風+芝華仕床品）:HK$657', '簡悦·零壓大床房（全屋新風+乾濕分離+芝華仕床品）:HK$694', '純木·美夢雙床房（全屋新風+乾濕分離+芝華仕床品）:HK$733', '寧馨·安睡雙床房（全屋新風+乾濕分離+芝華仕床品）:HK$733', '潮風·豪華大床房（全屋新風+乾濕分離+芝華仕床品）:HK$768']"
潮州市潮裏韓舍（潮州古城牌坊街店）,9.4,"['存墨·侘寂智能投影房丨護脊床墊丨智能馬桶丨高清巨幕投影丨功夫茶具丨乾濕分離:HK$294', '撫琴·輕奢智能投影大房丨護脊床墊丨智能馬桶丨高清巨幕投影丨功夫茶具丨乾濕分離:HK$348', '林棲·豪華投影雙床房丨護脊床墊丨智能馬桶丨高清巨幕投影丨功夫茶具丨乾濕分離:HK$375', '秋思丨庭院花園雙床房丨護脊床墊丨智能馬桶丨高清巨幕投影丨功夫茶具丨乾濕分離:HK$418']"
潮州瀛洲設計酒店,9.7,"['瀛選精緻大床房:HK$940', '瀛選精緻家庭房:HK$1,261', '瀛選景緻雙床房:HK$1,688', '瀛選豪華雙床房:HK$1,688', '瀛選豪華大床房:HK$1,688']"
書香客棧（潮州古城牌坊街廣濟橋店）,8.5,"['高級大床房:HK$319', '標準大床房:HK$333', '豪華大床房:HK$354', '豪華雙床房:HK$380']"
花築·歸去來兮客棧（潮州韓文公祠店）,9.4,"['晨兮|輕奢大床房（全屋智能+乾濕分離+巨幕投影）:HK$369', '熹微｜陽光景觀大床房（全屋智能+乾濕分離+高清影視+景觀陽台）:HK$453', '雲藴|奶油風親子房（全屋智能+巨幕投影+乾濕分離）:HK$555', '兮照|温馨親子房（全屋智能+乾濕分離+巨幕投幕）:HK$614']"
清風山房韓江觀景度假莊園,9.6,"['江畔·浴缸大床房（舒緩浴缸+夕陽美景+零壓乳膠）:HK$643', '攬溪·園景大床房:HK$696', '茶語·陽台雙床房（私享茶塌+古塔景觀+零壓乳膠）:HK$955', '池畔·童趣親子房（營地園景+日式茶塌+童趣帳篷）:HK$1,170', '山水·江景浴缸大床房（夕陽全景+舒壓按摩+私享浴缸）:HK$1,170']"
維也納酒店（潮州潮汕高鐵站店）,9.2,"['標準大床房:HK$246', '高級大床房:HK$254', '豪華大床房:HK$280', '豪華雙床房:HK$288']"
如南里·美墅（潮州古城牌坊街店）,9.4,"['特惠·豪華大床房:HK$366', '春澗·觀影大床房:HK$386', '秋嶼·雅緻觀影大床房:HK$451', '挽夏·標準雙床房:HK$504']"
凱里亞德酒店（潮州財富中心人民廣場店）,9.4,"['輕享大床房:HK$270', '優享影音大床房:HK$294', '優享大床房:HK$294', '優享雙床房:HK$318']"
格林豪泰（潮州古城店）,9.4,"['清馨大床房:HK$363', '大床房:HK$380', '商務大床房（酒店提供洗衣房）:HK$397', '商務高級雙床房:HK$405']"
Yoho·羊玉小院（牌坊街鎮海樓店）,9.1,"['清歡·大床房:HK$331', '童趣·親子雙床房:HK$379', '靜享·雙床房:HK$406', '韻享·高級雙床房:HK$436']"
程公館（潮州古城牌坊街店）,9.4,"['登瀛 · Ins風 · 複式大床房:HK$511', '小蓬萊 · Ins風 · 庭院大床房:HK$511', '摘星 · 民國復古風 · 精緻大床房:HK$632', '飛虹 · 民國復古風 · 主題大床房:HK$632']"
桔子美居（潮州古城牌坊街店）,9.3,"['臻選大床房（護脊床墊+記憶枕+小冰箱+功夫茶具）:HK$420', '陽光鮮桔大床房（護脊床墊+記憶枕+小冰箱+功夫茶具）:HK$476', '陽光鮮桔雙床房（護脊床墊+記憶枕+助眠零壓+小冰箱）:HK$543', '尊榮雅居大床房（護脊床墊+記憶枕+小冰箱+功夫茶具）:HK$543', '尊榮雅居雙床房（護脊床墊+記憶枕+助眠零壓+小冰箱）:HK$587']"
合舍客棧（潮州古城牌坊街廣濟橋店）,9.1,"['陽台大床房:HK$250', '情侶大床浴缸房:HK$250', '標準大床房:HK$250', '影院浴缸大床房:HK$284']"
畔山畔湖客棧（潮州古城西湖公園店）,9.2,"['獨立廚房小空間特價大床房-（空氣凈化+全棉枕套+乾濕分離）:HK$144', '豪華智能大床房A-空氣凈化:HK$155', '豪華智能大床房B-空氣凈化:HK$155', '豪華智能大床房C-空氣凈化:HK$168']"
半島江畔韓江觀景LOFT美宿,8.7,"['安舍大床房-智能客控+乳膠床品+智能馬桶:HK$434', '法式·經典大床房:HK$434', '摩洛哥輕奢大床房:HK$434', '伴江大床房-智能客控+乳膠床品+智能馬桶:HK$491']"
