酒店名称,评分,房型价格列表
濟南趵突泉亞朵S酒店,9.6,"['雅緻大床房（小冰箱+投屏電視）:HK$592', '高級大床房（小冰箱+智能馬桶+投屏電視）:HK$682', '高級雙床房（小冰箱+可拼床+投屏電視）:HK$744', '行政城景大床房（俯瞰護城河+深睡PRO枕+小冰箱）:HK$744', '行政城景雙床房（俯瞰護城河+深睡PRO枕+小冰箱）:HK$807']"
棠梨褐酒店（濟南大明湖趵突泉店）,9.5,"['雅緻大床房（智能客控+靜享安睡時刻）:HK$502', '碧山大床房（智能客控+繁華都市景色）:HK$535', '沁馨大床房（智能客控+寬敞舒適空間）:HK$567', '碧山雙床房（智能客控+靜享安睡時刻）:HK$644', '沁馨雙床房（智能客控+靜享安睡時刻）:HK$699']"
如家商旅酒店（濟南遙牆國際機場店）,9.7,"['雙床房（智能投屏）:HK$260', '商務大床房（智能投屏）:HK$260', '高級大床房（智能投屏）:HK$277', '高級雙床房（智能投屏）:HK$277']"
濟南火車站希爾頓歡朋酒店（濼口服裝城店）,9.6,"['舒適大床房:HK$441', '舒適雙床房:HK$441', '高級大床房:HK$470', '高級雙床房:HK$470', '豪華大床房:HK$518']"
濟南濟陽希爾頓歡朋酒店,9.5,"['舒適標準間:HK$372', '舒適大床房:HK$372', '純凈大床房:HK$440', '高級大床房:HK$441', '高級標準間:HK$441']"
濟南吉華大廈（泉城廣場趵突泉店）,9.6,"['輕奢宿心雙床房（烘乾衣架）:HK$413', '輕奢宿心大床房（烘乾衣架）:HK$413', '臻享影院大床房（100寸投影）:HK$498', '悦享景觀大床房（空氣凈化器+智能馬桶）:HK$498', '泉城印象雙床房:HK$521']"
濟南泉城廣場寬厚里亞朵酒店,9.7,"['幾木大床房（深睡PRO枕+小冰箱+投屏電視+智能馬桶）:HK$484', '雅緻大床房（小冰箱+投屏電視+智能馬桶）:HK$484', '高級大床房（小冰箱+投屏電視+智能馬桶）:HK$528', '高級雙床房（小冰箱+投屏電視+智能馬桶）:HK$528', '行政大床房（小冰箱+投屏電視+智能馬桶）:HK$592']"
和頤至尚酒店（濟南大明湖趵突泉店）,9.6,"['大床房（智能馬桶+保險箱+可投屏電視+化粧鏡）:HK$430', '商務大床房（智能馬桶+小冰箱+保險箱+可投屏電視）:HK$466', '雙床房（智能馬桶+小冰箱+保險箱+可投屏電視）:HK$485', '高級大床房（智能馬桶+小冰箱+保險箱+可投屏電視）:HK$502', '高級雙床房（智能馬桶+保險箱+可投屏電視）:HK$521']"
蔚徠J酒店（濟南萬象城CBD店）,9.4,"['優享大床房（中央空調+靜謐空間）:HK$375', '精選雙床房（中央空調+深度好眠）:HK$375', '精選大床房（中央空調+深度好眠）:HK$423', '精選豪華大床房（中央空調+乾濕分離）:HK$448']"
山東政協大廈維景大酒店（大明湖泉城廣場店）,9.6,"['精緻大床房:HK$451', '豪華雙床房:HK$518', '豪華大床房:HK$596', '行政豪華大床房:HK$634', '泰迪珍藏大床房:HK$832']"
濟南國博城綠地鉑驪酒店,9.4,"['高級雙床房:HK$533', '高級大床房:HK$533', '豪華大床房:HK$588', '豪華雙床房:HK$588', '豪華套房:HK$1,080']"
沃德酒店（濟南泉城廣場寬厚裏店）,9.5,"['商務大床房:HK$443', '商務雙床房:HK$443', '雅緻大床房（智能馬桶+小冰箱）:HK$488', '雅緻雙床房（智能馬桶+小冰箱）:HK$514']"
濟南泉城大酒店（泉城廣場大明湖店）,9.6,"['豪華大床房:HK$446', '豪華雙床房:HK$447', '泉城智能雙床房-智能客控+小冰箱:HK$555', '泉城智能大床房-智能客控+小冰箱:HK$566', '親子大床房:HK$587']"
喬治莫蘭迪酒店（濟南解放路山東大學店）,9.5,"['高級雙床房（電視投屏+靜享舒適床品）:HK$320', '高級大床房（電視投屏+靜享舒適床品）:HK$330', '商務大床房（電視投屏+靜享舒適床品）:HK$383', '商務雙床房（電視投屏+靜享舒適床品）:HK$383', '雅緻大床房（電視投屏+綿軟浴袍+靜享舒適床品）:HK$445']"
尚泉歷舍（濟南大明湖景區店）,9.5,"['舒適大床房:HK$730', '叢林鴨主題房:HK$762', '榻榻米大床房:HK$784', '景觀大床房:HK$872', '特色景觀大床房:HK$905']"
泉水人家民宿（濟南大明湖店）,9.3,"['流杯5號大床房:HK$577', '流杯2號院景大床房:HK$609', '爭渡2號院景大床房:HK$642', '爭渡1號院景大床房:HK$642', '爭渡3號院景大床房:HK$642']"
濟南大明湖景區輕居酒店,9.7,['標準大床房（智能客控+投屏+小冰箱+獨立空調）:HK$489']
山東健康麗呈酒店（大明湖泉城廣場店）,9.4,"['雅緻大床房:HK$410', '明湖印象大床房:HK$453', '明湖印象雙床房:HK$453', '尊享雙床房:HK$497', '尊享大床房:HK$497']"
沃德酒店（濟南CBD萬象城店）,9.5,"['商務大床房:HK$323', '雅緻大床房:HK$346', '雅緻雙床房:HK$369', '行政大床房:HK$369', '雅緻家庭房:HK$459']"
山東麗天大酒店,9.5,"['靜雅雙床房（獨立封裝毛巾浴巾）:HK$393', '靜雅大床房（獨立封裝毛巾浴巾）:HK$404', '雅緻雙床房（Room Plus洗護+隔光窗簾）:HK$417', '雅緻大床房（Room Plus洗護+隔光窗簾）:HK$417', '商務大床房（辦公桌椅+高速WIFI）:HK$481']"
濟南子曰·明湖酒店,9.7,"['子曰豪華大床房:HK$978', '子曰豪華雙床房:HK$1,080', '子曰LOFT精選大床房:HK$1,108', '子曰庭院大床房:HK$1,108', '安眠·舒睡行政大床房:HK$1,163']"
尚泉歷舍第一泉文化酒店（趵突泉店）,9.6,"['無窗大床房:HK$424', '舒適大床房:HK$500', '街景榻榻米大床房:HK$544', '街景大床房:HK$609', '露台大床房:HK$762', '枕水大床房:HK$762']"
濟南趵突泉漫心府,9.7,"['心怡標準大床房:HK$653', '心悦高級大床房:HK$713', '心夢尊享大床房:HK$754', '心享豪華大床房:HK$793', '心享豪華雙床房:HK$854']"
沃德酒店（濟南鳳鳴路鮑山地鐵站店）,9.5,"['商務大床房（深睡慕思床品+智能投屏）:HK$271', '商務雙床房（深睡慕思床品+智能投屏+停車無憂）:HK$280', '雅緻大床房（深睡慕思床品+小冰箱+智能投屏）:HK$296', '雅緻雙床房（深睡慕思床品+小冰箱+智能投屏）:HK$305', '景觀大床房（觀景露台+深睡慕思床品+冰箱+智能投屏）:HK$330']"
溫德姆花園酒店（濟南西站店）,9.8,"['商務大床房:HK$479', '商務雙床房:HK$479', '行政大床房:HK$523', '行政雙床房:HK$523', '豪華大床房:HK$654', '行政套房:HK$872']"
花築·濟南老洋行酒店,9.4,"['標準大床房+小冰箱+COCO-MAT品牌床墊+高清電視+智能衞浴:HK$452', '格調大床房B型+小冰箱+COCO-MAT品牌床墊+高清電視+智能衞浴:HK$501', '格調大床房A型+小冰箱+COCO-MAT品牌床墊+高清電視+智能衞浴:HK$545', '奢享套房+小冰箱+COCO-MAT品牌床墊+高清電視+智能衞浴:HK$768', '尊享家庭房+小冰箱+COCO-MAT品牌床墊+高清電視+智能衞浴:HK$824']"
濟南奧體中心希爾頓歡朋酒店,9.7,"['舒適大床房:HK$524', '舒適雙床房:HK$524', '高級大床房:HK$576', '高級雙床房:HK$576', '豪華大床房:HK$667']"
沃德酒店（濟南泉城廣場大明湖店）,9.3,"['靜享大床房:HK$522', '靜享雙床房:HK$532', '雅緻大床房:HK$593', '雅緻雙床房:HK$624', '行政雙床房:HK$651']"
喬治莫蘭迪酒店（濟南唐冶盛唐薈店）,9.7,"['高級大床房（智能客控+電視投屏+深睡羽絨床品）:HK$334', '時尚大床房（智能客控+電視投屏+深睡羽絨床品）:HK$354', '商務大床房（智能客控+電視投屏+智能馬桶）:HK$374', '精緻雙床房（智能客控+電視投屏+深睡羽絨床品）:HK$385', '尊享大床房（電視投屏+小冰箱+浴缸+獨立會客廳）:HK$425']"
濟南大明湖悦苑酒店,9.4,"['湖悦大床房:HK$588', '湖悦雙床房:HK$588', '泉悦大床房:HK$697', '泉悦雙床房:HK$697', 'B.Duck小黃鴨小黃鴨湖悦親子房:HK$784']"
濟南泉城廣場趵突泉亞朵X酒店,9.4,"['雅緻大床房（電視投屏）:HK$430', '高級雙床房（電視投屏）:HK$466', '高級大床房（電視投屏）:HK$484', '行政大床房（小冰箱+電視投屏）:HK$519', '行政雙床房（小冰箱+電視投屏）:HK$537']"
濟南怡豪大飯店（泉城廣場趵突泉店）,9.6,"['高級雙床房:HK$589', '高級大床房:HK$589', '豪華景觀雙床房:HK$654', '豪華景觀大床房:HK$654', '行政大床房:HK$863', '豪華家庭房（沙發床）:HK$1,079']"
濟南高新希爾頓歡朋酒店,9.6,"['舒適大床房:HK$461', '舒適雙床房:HK$490', '高級大床房:HK$575', '高級雙床房:HK$575', '高級親子家庭房:HK$671']"
喬治莫蘭迪酒店（濟南奧體中路新濼大街店）,9.6,"['雅緻雙床房『智能語音客控+零壓床墊』:HK$380', '雅緻大床房『智能語音客控+全身鏡』:HK$402', '露台景觀大床房『私享露台+MI 空氣凈化器』:HK$412', '豪華雙床房『智能語音客控+MI 空氣凈化器』:HK$444', '尊享浴缸大床房『泡泡浴套裝+ 雲水•茶空間』:HK$486']"
濟南趵突泉原拓酒店,9.5,"['原粹大床房【小拓智能客控+空氣凈化器+除蟎儀】:HK$473', '原粹雙床房【小拓智能客控+空氣凈化器+除蟎儀】:HK$509', '原璽大床房【小拓智能客控+智能馬桶】:HK$521', '原拓大床房【小拓智能客控+智能馬桶】:HK$546', '原璽雙床房【小拓智能客控+智能馬桶】:HK$583']"
良友富臨大酒店（濟南泉城廣場大明湖店）,9.3,"['標準雙床房:HK$347', '標準大床房:HK$358', '泉景雙床房:HK$391', '泉景大床房:HK$434', '泉韻雙床房:HK$522']"
濟南中豪大酒店（泉城廣場大明湖店）,9.6,"['悦享豪華雙床房:HK$416', '悦享豪華大床房:HK$457', '臻享行政雙床房:HK$520', '臻享行政大床房:HK$520', '樂享智慧大床房[小度智能音箱+電動窗簾+金可兒床墊]:HK$572']"
濟南大明湖北園大街亞朵酒店,9.7,"['雅緻大床房（小冰箱+投屏電視）:HK$412', '高級大床房（小冰箱+投屏電視）:HK$430', '行政大床房（小冰箱+投屏電視）:HK$466', '高級雙床房（小冰箱+投屏電視+雙拼床）:HK$475', '幾木大床房（小冰箱+投屏電視+深睡PRO枕）:HK$493']"
喬治莫蘭迪酒店（濟南山東大學印象城店）,9.6,"['商務大床房（小度智能客控+電視投屏+靜享舒適床品）:HK$350', '商務雙床房（小度智能客控+電視投屏+靜享舒適雙床）:HK$377', '雅緻大床房（小度智能客控+電視投屏+靜享舒適睡眠）:HK$407', '豪華大床房（小度智能客控+浪漫浴缸+靜享安眠時刻）:HK$425', '豪華雙床房（小度智能客控+電視投屏+靜享超大雙床）:HK$432']"
8號院民宿（大明湖泉城廣場店）,9.4,"['悦享大床房（超大床+悠漾浴缸）:HK$642', '優享雙床房（三區分離+舒適空間）:HK$664', '舒享大床房（智能客控+香道體驗）:HK$664', '尊享大床房（藍牙音響+品牌衞浴）:HK$719', '漫享親子房（主題房+小童玩具）:HK$719']"
濟南大明湖東關大街亞朵X酒店,9.6,"['雅緻大床房（天景通風采光）:HK$407', '高級大床房（品牌床墊+投屏電視）:HK$438', '雅緻雙床房（天景通風采光）:HK$458', '行政大床房（品牌床墊+投屏電視+小冰箱）:HK$468', '高級雙床房（品牌床墊+投屏電視）:HK$509']"
濟南西站東廣場亞朵酒店,9.8,"['高級雙床房（語音客控+空氣凈化器）:HK$412', '雅緻大床房（語音客控+空氣凈化器）:HK$412', '高級大床房（語音客控+空氣凈化器）:HK$421', '行政大床房（語音客控+空氣凈化器+小冰箱）:HK$448', '行政雙床房（語音客控+空氣凈化器+小冰箱）:HK$448']"
濟南大明湖泉城路亞朵酒店,9.6,"['雅緻大床房（投屏電視+小冰箱+智能馬桶）:HK$502', '高級影音大床房（幕布投影+小冰箱+智能馬桶）:HK$502', '高級大床房（投屏電視+小冰箱+智能馬桶）:HK$547', '行政大床房（投屏電視+小冰箱+智能馬桶）:HK$592', '幾木園景大床房（深睡PRO枕+投屏+小冰箱+智能馬桶）:HK$637']"
阿曼·莫蘭迪酒店（濟南文化東路店）,9.4,"['高級大床房（電視投屏+空氣凈化器+零壓床墊）:HK$425', '商務大床房（電視投屏+商務卡座+零壓床墊）:HK$529', '雅緻大床房（電視投屏+零壓床墊+商務卡座）:HK$570', '智能悦居大床房:HK$599', '豪華大床房（電視投屏+靜享舒適床品+商務卡座）:HK$612']"
濟南玉泉森信大酒店（泉城廣場趵突泉店）,9.4,"['舒適標準房:HK$294', '舒適大床房:HK$316', '行政雙床房:HK$359', '豪華大床房:HK$381', '豪華雙床房:HK$403']"
尚泉歷舍泉文化精品酒店,9.6,"['榻榻米景觀大床房:HK$598', '豪華園景房:HK$718', '高級湖景大床房:HK$839', '庭園家庭房:HK$937', '高級湖景雙床房:HK$959']"
濟南臨空智選假日酒店（遙牆國際機場店）,9.5,"['智選內景荷里活超大床房:HK$488', '高級大床房:HK$538', '高級雙床房:HK$538', '盼酷小黃鴨親子主題房:HK$600', '智選套房:HK$803']"
濟南山東大學中心校區輕居酒店,9.9,"['標準大床房（65寸電視投屏+智能客控+深睡床品+冰箱）:HK$412', '標準雙床房（65寸電視投屏+智能客控+深睡床品+冰箱）:HK$439', '精選大床房（65寸電視投屏+智能客控+深睡床品+冰箱）:HK$448', '精選家庭房（65寸電視投屏+智能客控+深睡床品+冰箱）:HK$484']"
濟南鳳鳴宋品酒店,9.5,"['雅士單卧大床庭院別墅:HK$1,601', '雅士單卧雙床庭院別墅:HK$1,601', '飲月單卧庭院別墅:HK$1,771', '枕山眠單卧庭院別墅:HK$1,789', '迦境單卧庭院別墅:HK$1,789', '寵遇單卧庭院別墅:HK$1,883']"
喬治莫蘭迪酒店（濟南西站國際會展中心店）,9.6,"['商務大床房（語音客控+智能馬桶+零壓床墊）:HK$387', '雅緻雙床房（語音客控+智能馬桶+雅緻卡座+零壓床墊）:HK$414', '雅緻大床房（語音客控+智能馬桶+雅緻卡座+零壓床墊）:HK$429', '豪華大床房（語音客控+智能馬桶+浴缸+零壓床墊）:HK$469', '豪華雙床房（語音客控+智能馬桶+冰箱+零壓床墊）:HK$469']"
濟南火車站希爾頓歡朋酒店,9.6,"['舒適大床房:HK$441', '舒適雙床房:HK$441', '高級大床房:HK$470', '高級雙床房:HK$470', '豪華大床房:HK$518']"
濟南大明湖花園路亞朵酒店,9.7,"['雅緻大床房（小冰箱+電視投屏）:HK$457', '高級大床房（小冰箱+電視投屏）:HK$502', '行政大床房（小冰箱+電視投屏）:HK$547', '行政城景大床房（小冰箱+電視投屏+浴袍）:HK$592', '雅緻雙床房（小冰箱+電視投屏+可拼床）:HK$637']"
喬治莫蘭迪酒店（濟南大明湖火車站店）,9.4,"['商務大床房（電視投屏+零壓床墊）:HK$432', '雅緻大床房（繁華都市景色+靜享安睡時刻）:HK$467', '商務雙床房（電視投屏+零壓床墊）:HK$493', '行政雙床房:HK$529', '尊享大床房（小冰箱+康乃馨羽絨枕）:HK$545']"
濟南遙牆國際機場希爾頓歡朋酒店,9.6,"['舒適大床房:HK$547', '舒適雙床房:HK$557', '高級大床房:HK$576', '高級雙床房:HK$586', '豪華大床房:HK$605']"
全季酒店（濟南趵突泉店）,9.6,"['高級大床房:HK$438', '雙床房:HK$507', '商務大床房:HK$517', '舒壓-雙床房:HK$538']"
寬簡酒店（濟南西站山東國際會展中心店）,9.6,"['智能舒眠大床房（全屋智能-舒達床墊-全系配備小冰箱）:HK$369', '智能舒眠雙床房（全屋智能-舒達床墊-全系配備小冰箱）:HK$381', '謐境｜煥活大床房（全房型標配舒達床墊-電動窗簾）:HK$399', '簡雅｜商務雙床房（乾濕分離-舒達床墊-電動馬桶）:HK$399', '童趣｜親子主題房（小童洗漱包-小童繪本-小童帳篷）:HK$428']"
濟南藍海御華大飯店,9.6,"['舒適大床房:HK$489', '商務大床房:HK$593', '商務雙床房:HK$593', '豪華雙床房:HK$663', '豪華大床房:HK$664', '童趣親子特大床房:HK$707']"
桔子酒店（濟南CBD中央商務區店）,9.7,"['樂活大床房（智能客控）:HK$331', '月若流金雙床房（智能客控）:HK$331', '加州陽光大床房（智能客控）:HK$349', '月若流金高級大床房（智能客控）:HK$368']"
禧悦東方酒店（濟南漢峪金谷店）,9.5,"['商務雙床房:HK$631', '商務大床房:HK$685', '豪華雙床房:HK$707', '豪華大床房:HK$762', '高級套房:HK$893', '夢幻之境親子小童家庭套房:HK$1,276']"
棠梨褐酒店（濟南大明湖泉城廣場店）,9.5,"['沁馨大床房（智能客控+電視投屏+品牌洗護+舒適空間）:HK$447', '南枝大床房（智能客控+電視投屏+寬敞舒適空間）:HK$480', '沁馨雙床房（智能客控+寬敞舒適空間+享安睡時刻）:HK$491', '南枝雙床房（智能客控+寬敞舒適空間+享安睡時刻）:HK$523', '佳茗套房（ 智能客控+浴缸+寬敞舒適空間）:HK$557']"
美悦雲禧酒店（濟南西站山東國際會展中心店）,9.7,"['高級大床房:HK$555', '高級雙床房:HK$555', '豪華大床房:HK$589', '豪華雙床房:HK$589', '無障礙大床房:HK$599', '尊享大床房:HK$654']"
曼茲酒店（濟南高新萬達廣場店）,9.8,"['雅緻大床房（阿芙洗護+舒達床墊+空氣凈化器）:HK$397', '豪華大床房（阿芙洗護+舒達床墊+空氣凈化器）:HK$496', '豪華雙床房（阿芙洗護+舒達床墊+空氣凈化器）:HK$496', '家庭雙床房（阿芙洗護+舒達床墊+空氣凈化器）:HK$531', '豪華親子房（阿芙洗護+舒達床墊+空氣凈化器）:HK$570']"
空港泉享酒店 （濟南遙牆機場店）,9.0,"['泉享標準間:HK$391', '泉享大床房:HK$413', '泉享套房:HK$962']"
書香世家酒店（濟南高新萬達會展中心店）,9.7,"['雅緻大床房（65寸智能投屏電視）:HK$340', '雅緻雙床房（65寸智能投屏電視）:HK$351', '茶韻零壓大床房（零壓床墊+65寸智能電視+智能馬桶）:HK$404', '茶韻零壓雙床房（零壓床墊+65寸智能電視+智能馬桶）:HK$410', '探花（豪華）大床房（特大床+65寸智能電視）:HK$437']"
最憶賓舍酒店（濟南大明湖泉城廣場店）,9.1,"['品質特惠大床房:HK$243', '雅緻大床房:HK$271', '復古歐式雙床房:HK$327', '庭院大床房:HK$355']"
