酒店名称,评分,房型价格列表
瀋陽雲灣酒店（奧體中心盛京大奧萊店）,9.3,"['麗景大床房（智能小度+手機投屏+50寸電視）:HK$385', '麗景雙床房（智能小度+手機投屏+50寸電視）:HK$396', '雲灣觀景大床房（智能小度+50寸電視+高層景觀）:HK$418', '雲灣觀景雙床房（智能小度+50寸電視+高層景觀）:HK$429', '麗景高級大床房（休閑軟榻+智能小度+手機投屏+50寸電視）:HK$439']"
遼寧賓館,8.9,"['標準雙人間:HK$369', '高級標準間:HK$475', '高級大床房:HK$475']"
簡裏古寂酒店（瀋陽站太原街店）,9.7,"['簡春·靜緩大床房（無線投屏+電動窗簾）:HK$393', '裏夏·悠靜大床房（記憶枕+小冰箱+乳膠床墊）:HK$431', '古秋·閑逸雙床房（記憶枕+小冰箱+智能客控）:HK$469', '寂冬·暖暖大床房（網紅全身鏡+電動窗簾+小冰箱）:HK$469']"
天潤悦致酒店（瀋陽桃仙機場省博物館店）,9.6,"['豪華大床房（冷藏小冰箱+化粧鏡+無線投屏）:HK$361', '悦享大床房（冷藏小冰箱+化粧鏡+無線投屏）:HK$373', '悦致商務大床房（冷藏小冰箱+化粧鏡+無線投屏）:HK$385', '影音大床房（冷藏小冰箱+化粧鏡+無線投屏+75寸電視）:HK$385', '商旅超寬雙床房（冷藏小冰箱+化粧鏡+無線投屏）:HK$396']"
瀋陽華強諾華廷酒店（沈北新區師範大學地鐵站店）,9.4,"['高級大床房（小冰箱+芝華士床墊+浴袍）:HK$316', '高級雙床房（小冰箱+芝華士床墊+浴袍）:HK$316', '豪華大床房（小冰箱+芝華士床墊+浴袍）:HK$382', '豪華雙床房（小冰箱+芝華士床墊+浴袍）:HK$382', '商務大床房（豪華浴缸+小冰箱+浴袍）:HK$403']"
瀋陽中心大酒店（瀋陽中街故宮大悅城店）,9.5,"['城市景觀房|全場8K跨屏電影級系統:HK$665', '城市森林氧吧房|全場柏林之聲3D環繞音響:HK$698', '城市景觀雙床房|零壓床墊+乳膠枕+羽絨被:HK$775', '270°觀景行政套房|森林負離子氧吧:HK$840', '頂層尊享套房C|空中樓梯直達客房#浴缸#按摩椅:HK$982']"
奉天緣酒店（瀋陽北站金融中心地鐵站店）,9.5,"['綠苑晴光榻榻米影院房（巨幕投影+零壓床墊+華為智能）:HK$236', '觀景榻榻米雙床房（零壓床墊+華為智能）:HK$319', '城景豪華大床房（零壓床墊+特色品茗+華為智能+辦公）:HK$319', '城景榻榻米影院（零壓床墊+巨幕投影+特色品茗+華為智能）:HK$341']"
盛京記憶酒店（瀋陽中街故宮店）,9.5,"['雅緻大床房:HK$434', '豪華大床房:HK$462', '豪華雙床房:HK$462', '家庭房:HK$491']"
瀋陽榮富飯店（太原街瀋陽站西廣場店）,9.0,"['高級大床房:HK$311', '高級雙床房:HK$311', '豪華大床房:HK$339', '豪華雙床房:HK$339', '行政雙床房:HK$344']"
和頤酒店（瀋陽渾南奧體中心萬達廣場店）,9.6,"['商務大床房:HK$432', '雙床房:HK$460', '高級大床房:HK$469', '親子雙床房:HK$533']"
漫季雲尚酒店（瀋陽北站老北市夜市店）,9.3,"['特種兵秒睡大床房|記憶枕+書桌:HK$267', '優選靜謐大床房丨記憶枕+辦公書桌:HK$280', '優選靜謐雙床房丨記憶枕+辦公書桌:HK$280', '樂享雅緻大床房丨記憶枕+書桌+地暖:HK$287']"
漫季雲帆酒店（瀋陽中街故宮大帥府店）,9.5,"['特種兵影院大床房|愛奇藝會員+投影+零壓床墊+記憶枕:HK$458', '靜謐暢享影院大床房|愛奇藝會員+投影+零壓床墊+記憶枕:HK$522', '樂享雅緻大床房|電動窗簾+零壓床墊+記憶枕+沙發+圓桌:HK$537', '臻選城景大床房·智能客控+零壓+沙發+圓桌+中街故宮旁:HK$657']"
亞泰大酒店（瀋陽中街故宮店）,9.0,"['精品雙床房:HK$370', '精品大床房:HK$370', '精品家庭房:HK$416', '豪華家庭房:HK$449']"
凱萊酒店（瀋陽老北市北站地鐵站店）,9.3,"['惠享雙床房（全屋定製智能客控+輕智能馬桶+小冰箱）:HK$365', '惠享大床房（全屋定製智能客控+輕智能馬桶+小冰箱）:HK$365', '城景沙發大床房（舒適沙發+智能客控+小冰箱）:HK$410', '城景雙床房（舒適座區+智能客控+小冰箱）:HK$429', '城景浴缸森林氧吧房（負氧離子+智能客控+小冰箱）:HK$482']"
瀋陽歡喜酒店（瀋陽奧體中心彩霞街地鐵站店）,9.7,"['歡悦·高級智能大床房·超清4k投屏:HK$524', '歡致·豪華智能大床房·自助洗衣:HK$536', '歡影·巨幕智能大床房·海量片源:HK$536', '歡致·豪華智能雙床房·零壓床墊:HK$548']"
漫季中街酒店（瀋陽中街故宮大悅城店）,9.3,"['零壓秒睡大床房|空氣凈化器+手機無線投屏+智能客控:HK$447', '特種兵旅行大床房|智能客控+零壓床墊+安睡羽絨枕:HK$447', '躺平治癒大床房|空氣凈化器+雙人沙發+手機無線投屏:HK$482', '靜謐舒眠雙床房|智能客控+零壓床墊+安睡羽絨枕:HK$494', '設計師簡約大床房|智能客控+氛圍燈光+手機無線投屏:HK$518']"
和頤至尚酒店（瀋陽故宮中街地鐵站店）,9.5,"['大床房:HK$342', '和頤大床房（65寸投屏電視+記憶床墊）:HK$342', '雙床房:HK$393', '商務大床房:HK$393', '和頤高級大床房（65寸投屏電視+記憶床墊）:HK$427']"
瀋陽北站智選假日酒店,9.3,"['高級大床房（中庭）:HK$393', '高級雙床房（街景）:HK$412', '高級大床房（街景）:HK$412', '高級房 大床 更大面積 街景:HK$440', '高級房 雙床 更大面積 街景:HK$440']"
瀋陽鐵西廣場保工街地鐵站輕居酒店,9.7,"['精選大床房（深睡床墊+深睡枕+投屏+小冰箱）:HK$296', '高級雙床房（深睡床墊+深睡枕+投屏+小冰箱）:HK$296', '高級大床房（深睡床墊+深睡枕+投屏+小冰箱）:HK$314', '高級城景雙床房（深睡床墊+深睡枕+投屏+小冰箱）:HK$322']"
麗楓酒店（瀋陽故宮中街地鐵站店）,9.6,"['高級大床房:HK$427', '豪華大床房:HK$437', '商務大床房（全屋智控+慕斯床墊）:HK$448', '豪華雙床房:HK$475']"
瀋陽奧體中心希爾頓歡朋酒店,9.6,"['舒適大床房:HK$470', '高級大床房:HK$489', '高級雙床房:HK$489', '豪華大床房:HK$518', '豪華河景房:HK$548']"
瀋陽北站青年大街地鐵站SERENDIPIA豪澤希芮迪酒店,9.6,"['雅緻大床房（小冰箱+高層景觀+智能客控+75寸電視無線投屏）:HK$685', '酷享高層城景雙床房（小冰箱+高層景觀+智能客控+75寸電視無線投屏）:HK$708', '酷享·高層城景大床房（小冰箱+高層景觀+智能客控+75寸電視無線投屏）:HK$728', '尊享2.4米大床房:HK$807', '尊享雙1.5米雙床房:HK$846']"
瀋陽西塔市府大路亞朵酒店,9.7,"['雅緻大床房（小冰箱+小度智能客控+智能馬桶+手機投屏）:HK$565', '高級大床房（小冰箱+小度智能客控+智能馬桶+手機投屏）:HK$592', '高級雙床房（小冰箱+小度智能客控+智能馬桶+手機投屏）:HK$637', '行政大床房（小冰箱+小度智能客控+智能馬桶+手機投屏）:HK$637', '幾木大床房（MiniBar+智能客控+智能馬桶+手機投屏）:HK$673']"
瀋陽萬悦半島酒店,9.3,"['靜悦大床房（無窗）:HK$262', '靜悦大床房:HK$283', '雅悦大床房:HK$304', '雅悦標準房:HK$304']"
怡程酒店（瀋陽北站地鐵站店）,9.5,"['舒適大床房（新中式+智能客控+安靜舒適）:HK$402', '高級大床房（新中式+智能客控+寬敞明亮）:HK$553', '高級雙床房（新中式+智能客控+寬敞明亮）:HK$553', '豪華大床房（新中式+智能客控+高空城景）:HK$587', '豪華雙床房（新中式+智能客控+高空城景）:HK$587']"
瀋陽皇朝萬鑫酒店,9.5,"['商務大床房:HK$490', '商務雙床房:HK$544', '行政景觀雙床房:HK$739', '特色豪華大床套房:HK$811', '特色豪華雙床套房:HK$811', '特色行政大床套房:HK$992']"
如家商旅酒店（瀋陽桃仙機場音樂學院桃仙校區店）,9.5,"['商務大床房:HK$289', '高級大床房:HK$306', '高級雙床房:HK$306', '家庭房:HK$341']"
瀋陽沈北大學城七星大街亞朵酒店,9.8,"['雅緻大床房:HK$412', '高級大床房:HK$439', '行政雙床房:HK$439', '行政大床房:HK$475', '幾木大床房（亞朵星球深睡枕）:HK$529']"
瀋陽瀋陽站希爾頓歡朋酒店,9.5,"['舒適大床房（智能馬桶+新風+手機投屏+智能客控）:HK$529', '舒適雙床房（智能馬桶+新風+手機投屏+智能客控）:HK$577', '高級大床房（智能馬桶+新風+手機投屏+智能客控）:HK$577', '高級雙床房（智能馬桶+新風+手機投屏+智能客控）:HK$625', '豪華大床房（智能馬桶+新風+智能客控+浴袍+沙發床）:HK$625']"
奉天故里酒店（瀋陽中街故宮店）,9.2,"['故里｜雲槿大床房（舒適浴缸+極米投影+語音智控）:HK$543', '奉天｜督師大床房（民國風+慕思床墊+影音+語音智控）:HK$555', '故里｜雲楓大床房（沉浸式觀影+慕思床墊+舒適浴缸）:HK$568', '奉天｜督軍大床房（全屋智能客控+舒適浴缸+暢享影音）:HK$581']"
根前兒HYGGE酒店（瀋陽中街故宮懷遠門地鐵站店）,9.5,"['蜜糖森林·甄選大床房【百寸投影+mini冰箱】:HK$314', '悦漫·温馨大床房【百寸投影+影視會員+mini冰箱】:HK$336', '向陽花·心選大床房【百寸投影+影視會員+mini冰箱】:HK$359', 'HYGGE·甄選雙床房【百寸投影+影視會員+mini冰箱】:HK$359']"
魁北克酒店（瀋陽領事館彩電塔夜市店）,9.2,"['楓境經典大床房:HK$394', '楓境雅緻大床房:HK$440', '楓境雅緻棋牌房:HK$459', '楓境雅緻雙床房:HK$486']"
瀋陽長白島亞朵酒店,9.8,"['雅緻雙床房（手機投屏+ 智能客控）:HK$457', '高級大床房（手機投屏+智能客控）:HK$529', '高級雙床房（手機投屏+智能客控）:HK$547', '幾木大床房（小冰箱+浴袍+手機投屏）:HK$601', '幾木雙床房（小冰箱+浴袍+智能馬桶）:HK$655']"
瀋陽亞世麗致酒店,9.6,"['高級雙床房:HK$517', '高級大床房:HK$517', '尊享大床房（高樓層+智能馬桶+電動窗簾）:HK$541', '豪華大床房:HK$564', '尊享豪華大床房（高樓層+智能馬桶+電動窗簾）:HK$587']"
塔灣智選假日酒店（瀋陽興順夜市店）,9.2,"['標準大床房（無煙）:HK$259', '標準房（位於走廊兩端）吸煙:HK$262', '標準房（位於走廊兩端）無煙:HK$262', '高級大床房（無煙）:HK$328', '高級大床房（吸煙）:HK$328']"
美豪麗致酒店（瀋陽青年大街彩電塔夜市店）,9.4,"['温馨大床房（新中式設計+沉浸觀影+智能馬桶）:HK$343', '深眠大床房（新中式設計+內庭院+沉浸觀影+小米凈化）:HK$352', '巨幕觀影雙床房（新中式設計+沉浸觀影+慕思產品體驗）:HK$392', '麗致大床房（新中式設計+小冰箱+智能馬桶）:HK$434', '巨幕觀影三人間（新中式設計+沉浸觀影+智能馬桶）:HK$444']"
瀋陽北站南廣場亞朵X酒店,9.8,"['雅緻雙床房（小冰箱+智能馬桶蓋）:HK$457', '高級大床房（小冰箱+智能馬桶蓋）:HK$457', '高級雙床房（小冰箱+智能馬桶蓋）:HK$484', '行政大床房（小冰箱+智能馬桶蓋）:HK$502', '行政雙床房（小冰箱+智能馬桶蓋）:HK$520']"
瀋陽太原南街和平廣場亞朵酒店,9.7,"['高級大床房（無線充電+小冰箱+電動窗簾+無線投屏）:HK$457', '高級雙床房（無線充電+小冰箱+電動窗簾+無線投屏）:HK$457', '行政大床房（無線充電+小冰箱+電動窗簾+無線投屏）:HK$502', '行政雙床房（無線充電+小冰箱+電動窗簾+無線投屏）:HK$502', '幾木大床房（無線充電+小冰箱+電動窗簾+無線投屏+浴袍）:HK$547']"
瀋陽北約客維景國際大酒店,9.4,"['高級大床房:HK$466', '高級雙床房:HK$466', '豪華大床房:HK$533', '豪華雙床房:HK$543', '高級套房（三人入住）:HK$777', '親子家庭房:HK$1,015']"
瀋陽清河半島温泉度假酒店,9.2,"['園景大床房（無湯泉）:HK$829', '墅景雙床房（無湯泉）:HK$939', '温泉大床房（室外湯泉）:HK$993', '景觀温泉房（室外湯泉）:HK$1,157', '庭院温泉房（室外湯泉）:HK$1,375', '別墅區標準雙床房（室內湯泉）:HK$1,594']"
宜尚酒店（瀋陽北站地鐵站店）,9.5,"['智能大床房（北歐風+安靜舒適）:HK$283', '智能雙床房（北歐風+安靜舒適）:HK$283', '智能高級大床房（北歐風+悠享辦公）:HK$388', '智能高級雙床房（北歐風+悠享辦公）:HK$388']"
雲上居酒店（瀋陽桃仙機場店）,9.5,"['商務雙床房:HK$252', '舒適大床房:HK$260', '舒適雙床房:HK$277', '雅緻大床房:HK$283']"
摩爾酒店（瀋陽北站瀋陽大學地鐵站店）,9.3,"['優享舒適大床房【智能客控+公區自助洗衣機】:HK$272', '優享舒適雙床房【智能客控+公區自助洗衣機】:HK$295', '尊享品質大床房【智能客控+公區自助洗衣機】:HK$315', '尊享品質親子房【智能客控+公區自助洗衣機】:HK$338']"
瀋陽中街故宮玫瑰亞朵酒店,9.6,"['雅緻大床房（無線電充+手機投屏+中街全景）:HK$727', '高級大床房（無線電充+手機投屏）:HK$762', '雅緻雙床房（無線電充+手機投屏+投屏影音）:HK$771', '高級雙床房（無線充+手機投屏）:HK$798', '幾木街景大床房（無線電充+手機投屏）:HK$798']"
如家商旅酒店（瀋陽奧體中心地鐵站大奧萊店）,9.5,"['商務大床房A:HK$432', '雙床房A:HK$469', '高級大床房:HK$496', '高級雙床房:HK$515']"
全季酒店（瀋陽中街懷遠門地鐵站店）,9.6,"['大床房（智能客控+智能馬桶+手機投屏+小冰箱）:HK$416', '高級大床房（智能客控+智能馬桶+手機投屏+小冰箱）:HK$444', '雙床房（智能客控+智能馬桶+手機投屏+小冰箱）:HK$453', '高級雙床房（智能客控+智能馬桶+手機投屏+小冰箱）:HK$501']"
全季酒店（瀋陽西塔店）,9.7,"['高級大床房:HK$433', '高級雙床房:HK$452', '家庭房:HK$472', '豪華大床房:HK$472']"
全季酒店（瀋陽三好街盛京醫院店）,9.4,"['大床房:HK$425', '高級大床房:HK$472', '舒壓高級大床房:HK$481', '雙床房:HK$490']"
瀋陽青年公園希爾頓歡朋酒店,9.6,"['舒適大床房（智能客控+小冰箱+智能馬桶）:HK$499', '舒適雙床房（智能客控+小冰箱+智能馬桶）:HK$518', '高級大床房（智能客控+小冰箱+智能馬桶）:HK$528', '高級雙床房（智能客控+小冰箱+智能馬桶）:HK$547', '豪華商務大床房（智能客控+小冰箱+智能馬桶）:HK$586']"
瀋陽佳瑞希爾酒店（友誼時代廣場店）,9.4,"['景觀高級大床房（亞朵星球床墊+床品 +戴森風筒）:HK$407', '景觀商務雙床房（手機投屏+小冰箱）:HK$433', '景觀商務大床套房:HK$442', '親子家庭房（親子主題+小童牙具+智能馬桶）:HK$444']"
