酒店名称,评分,房型价格列表
安達度假中心,9.5,"['園景大床蒙古包:HK$541', '星空頂園景雙床蒙古包:HK$604', '草原景親子蒙古包:HK$695', '星空頂園景熱大炕王爺蒙古包:HK$720']"
塞北民宿·草原蒙古情,8.7,"['草原傳統家庭包:HK$545', '草原豪華大床包:HK$577', '草原豪華雙床包:HK$577', '草原豪華親子包:HK$610']"
塞北驛站（烏蘭哈達火山塔拉店）,9.0,"['豪華雙床蒙古包（空調+乾濕分離+無線網）:HK$359', '豪華大床蒙古包（空調+乾濕分離+無線網）:HK$359', '觀景雙床蒙古包（空調+乾濕分離+無線網）:HK$392', '觀景大床蒙古包（空調+乾濕分離+無線網）:HK$392']"
烏蘭察布映山飯店（集寧南火車站店）,9.1,"['蒙式特色雙床房:HK$227', '悦享舒適大床房:HK$250', '悦享舒適雙人間:HK$272', '行政商務標準間:HK$409']"
烏蘭察布高鐵站亞朵酒店,9.6,"['高級大床房:HK$481', '高級雙床房:HK$500', '幾木大床房:HK$541', '幾木雙床房:HK$561', '幾木套房:HK$1,194']"
你好酒店（烏蘭察布集寧萬達廣場店）,9.6,"['高級大床房:HK$378', '商務大床房:HK$406', '高級雙床房:HK$444', '家庭房:HK$492']"
察哈爾右翼後旗玖號火山營地,9.8,"['風情木屋親子房:HK$648', '傳統蒙古包:HK$702', '特色蒙古包:HK$702', '豪華親子間:HK$720']"
烏蘭察布涼城馬刨温泉酒店,8.8,"['雅緻雙床房:HK$219', '温泉尊享大床房:HK$653', '窯洞大床房:HK$695', '温泉LOFT親子房:HK$797', '海景親子房:HK$824']"
烏蘭察布日光草原大河灣度假酒店,8.6,"['高級雙床房:HK$594', '高級大床房:HK$594', '景觀大床房:HK$656', '景觀雙床房:HK$656']"
北國春火山商旅酒店,9.0,"['瑞享.舒適大床房:HK$159', '雅享.舒適雙床房:HK$166', '臻享.温馨三人間:HK$202', '尊享.豪華家庭套房:HK$238']"
白泉山莊（烏蘭察布市政府萬達店）,9.1,"['豪華大床房:HK$500', '豪華雙床房:HK$500', '行政套房:HK$589', '親子套房:HK$787', '家庭套房:HK$885']"
牧野星辰民宿（烏蘭哈達火山店）,9.0,"['覓知|庭院觀景（蒙古包大床）:HK$409', '新式蒙古包（標間＋空調＋獨立衞浴）:HK$463', '庭院觀景（標間＋空調＋獨立衞浴）:HK$518', '庭院觀景（親子房＋空調＋獨立衞浴）:HK$573']"
察右後旗察哈台民宿,9.3,"['豪華大床蒙古包:HK$592', '豪華雙床蒙古包:HK$592', '藍庭雅居·家庭房:HK$716', '紅軒悦居·家庭房:HK$728']"
你好酒店（烏蘭察布維多利廣場店）,9.3,"['大床房:HK$505', '高級大床房:HK$524', '雙床房:HK$524', '家庭房:HK$580']"
察右後旗達拉塔火山度假民宿,9.2,"['火山草原丨傳統蒙古包雙床房（公共衞生間）:HK$197', '火山草原丨傳統蒙古包三人間（公共衞生間）:HK$303', '蒙元暖榻丨大空間炕房（公共衞生間）:HK$324', '火山草原丨金頂豪包雙床房:HK$381']"
輝騰錫勒草原蒙樂民宿,9.1,"['傳統王爺蒙古包:HK$255', '温馨親子家庭蒙古包:HK$334', '豪華家庭蒙古包:HK$381']"
雲棲野宿（烏蘭哈達火山地質公園店）,8.9,"['私享星辰·尊享大床房+舒適好眠:HK$294', '四季·豪華蒙古包+舒適好眠（冷熱空調）:HK$335', '山禾寄月·悠享親子房+舒適好眠:HK$342', '清風小築·臻享雙床房+舒適好眠:HK$390']"
時光火山民宿,9.5,"['【冬戀】温馨大床房（空調）:HK$275', '【相思】豪華大床房（空調）:HK$340', '【歲月】特色雙人間（空調）:HK$368', '【相憶】精緻雙人房（空調）:HK$386']"
烏蘭察布多蒙德豪生大酒店（烏蘭察布之夜高鐵站店）,9.4,"['高級雙床房:HK$633', '高級大床房:HK$633', '高級零壓雙床房:HK$671', '家庭房:HK$739', '豪華大床房:HK$762', '豪華雙床房:HK$762']"
輝騰錫勒草原民宿之星度假村,9.2,"['蘇和家草原木屋大床房-空調:HK$501', '巴圖家豪華遊牧包-乳膠床墊+空調:HK$534', '吉雅家豪華花景雙床包-空調:HK$577', '託婭家豪華花景星空大床包-空調:HK$610']"
鈺倫酒店（烏蘭察布之夜高鐵站店）,9.7,"['精選雙床房（小度語音+智能客控）:HK$458', '精選大床房（小度語音+智能客控）:HK$469', '臻選影視大床房（小度語音+智能客控）:HK$535', '麗致親子房（小度語音+智能客控）:HK$588']"
梓湘苑民宿（察哈爾廣場店）,10.0,"['特大床尊享舒適智能房（全屋智能客控＋空調）:HK$400', '全屋智能超大雙床房（全屋智能客控＋空調+智能馬桶）:HK$411', 'Loft複式智能家庭房（全屋智能客控＋空調+智能馬桶）:HK$432', '豪華智能家庭套房（全屋智控+空調+智能馬桶）:HK$475']"
察右後旗蒙根塔拉民宿,10.0,"['親子間:HK$309', '標間:HK$342', '大床房:HK$346', '四人間:HK$351']"
金桔酒店（集寧南站維多利廣場店）,9.4,"['特惠大床房:HK$157', '特惠雙床房:HK$176', '舒適大床房:HK$176', '智能大床房:HK$194']"
新勝民宿,8.8,['休閑蒙古包:HK$221']
如家酒店·neo（烏蘭察布興和縣景觀大道農行興和支行店）,9.6,"['商務大床房A:HK$233', '商務大床房:HK$258', '雙床房:HK$258', '安心睡大床房:HK$283']"
普爾森國際酒店（高鐵站萬達店）,9.6,"['特價大床房:HK$655', '特價雙床房:HK$655', '智能甄選大床房『智能小度+智能馬桶+電視投屏』:HK$731', '智能甄選雙床房『智能小度+智能馬桶+電視投屏』:HK$731', '智能商務大床房『智能小度+智能馬桶+電視投屏』:HK$797']"
烏蘭察布泰昌智能酒店（烏蘭察布高鐵站萬達店）,9.2,"['標準智能雙床房:HK$495', '高級智能雙床房:HK$544', '高級智能大床房:HK$569', '高級智能夢百合0壓雙床房（0壓 枕+0壓床墊）:HK$581', '高級智能夢百0壓大床房（0壓枕+0壓床墊）:HK$606']"
如家酒店·neo（烏蘭察布集寧南站中心廣場店）,9.3,"['大床房:HK$359', '雙床房A:HK$385', '雙床房:HK$403', '家庭房:HK$447']"
赫晟大酒店,9.9,"['特價大床房:HK$172', '特價雙床房:HK$172', '豪華雙床房:HK$234', '豪華大床房:HK$234']"
火山友旺度假農莊（烏蘭哈達火山店）,9.3,"['哈達雲影·觀景雙人房（恆温水暖炕+高清投影）:HK$246', '草原物語·情侶大床房（高清投影）:HK$246', '敖包星語·星空濛古包大床房:HK$293', '敖包星語·星空濛古包雙人間:HK$293']"
察右中旗察哈爾部落,9.0,"['傳統豪華王爺大床包:HK$611', '傳統豪華王爺炕包:HK$713', '察哈爾觀景親子包:HK$713', '察哈爾星空大床包:HK$927']"
朝陽麗景酒店,9.3,"['特惠大床房:HK$318', '高級雙床房:HK$346', '豪華大床房:HK$359', '高級大床房:HK$404', '豪華家庭套房:HK$499']"
漢庭酒店（烏蘭察布市政府店）,9.4,"['高級大床房:HK$337', '高級雙床房:HK$346', '商務大床房:HK$346', '家庭房:HK$365']"
如家酒店·neo（烏蘭察布集寧師範學院萬達廣場店）,9.3,"['大床房:HK$440', '雙床房:HK$440', '商務大床房:HK$449', '家庭房:HK$475']"
如家酒店·neo（烏蘭察布集寧一中店）,9.1,"['商務大床房:HK$341', '雙床房:HK$351', '家庭房:HK$400']"
富士酒店（烏蘭察布市維多利廣場店）,9.4,"['特惠雙床房（三區乾濕分離）:HK$443', '豪華雙床房（三區乾濕分離）:HK$475', '豪華大床房（三區乾濕分離）:HK$497', '輕奢大床套房（三區乾濕分離）:HK$519']"
雲裳民宿（市政府店）,9.5,['舒適空調大床房:HK$213']
花貝殼酒店（烏蘭察布市政府萬達廣場店）,8.9,"['影音大床房（VIP會員+海量片源）無窗:HK$271', '優選大床房:HK$306', '優選標準間:HK$320', '優享大床房:HK$334']"
漢庭酒店（烏蘭察布站泰和路店）,9.6,"['高級大床房:HK$352', '商務大床房:HK$371', '雙床房:HK$371', '家庭房:HK$412']"
伴雲山舍民宿（烏蘭哈達火山店）,9.3,"['尊享大床房【地暖房】:HK$364', '暢享雙床房【地暖房】:HK$376', '可汗府豪華精品包【地暖房】:HK$545', '王爺府大炕豪華包【地暖房】:HK$622']"
伴山渡火山民宿（烏蘭察布火山草原店）,9.2,"['蒙古包懷舊鄉愁大炕:HK$458', '特色蒙古包大床:HK$523', '特色蒙古包家庭房:HK$589', '簡約精緻大床房:HK$654']"
烏蘭察布華新優品酒店（集寧南站店）,9.1,"['精品大床房:HK$228', '優品雙床房:HK$233', '優品大床房:HK$233', '優品套房:HK$310']"
麗楓酒店（烏蘭察布萬達廣場店）,8.9,"['雅緻大床房（地暖+凈化器+慕斯床墊+智能小度）:HK$452', '豪華大床房（地暖+凈化器+慕斯床墊+智能小度）:HK$493', '商務大床房（地暖+凈化器+慕斯床墊+智能小度）:HK$517', '浪漫優享房（地暖+凈化器+慕斯床墊+智能小度）:HK$517']"
辰龍居時尚酒店（師範學院幸福廣場店）,9.3,"['浪漫大床房（智能小度+自動恆温+零壓床墊+智能馬桶）:HK$298', '豪華大床房（智能小度+自動恆温+零壓床墊+智能馬桶）:HK$298', '智選雙床房（智能小度+自動恆温+零壓床墊+智能馬桶）:HK$305', '豪華雙床房（智能小度+自動恆温+零壓床墊+智能馬桶）:HK$333']"
烏蘭察布金浩酒店,8.4,"['豪華大床房:HK$350', '豪華雙床房:HK$350', '商務大床房:HK$372', '商務雙床房:HK$373', '行政大床房:HK$526']"
烏蘭察布賓館,8.5,"['豪華標準間:HK$384', '豪華大床房:HK$384', '標準間A:HK$407', '家庭套房:HK$537']"
察右後旗特侖民宿會館,9.9,"['悠然-豪華大床房（舒適零壓睡眠+地暖+冷暖空調）:HK$400', '牧野-豪華雙床房（舒適零壓睡眠+地暖+冷暖空調）:HK$456']"
塞北民宿（輝騰錫勒草原相約敖包店）,8.9,"['草原遊牧大炕包:HK$664', '草原星空親子包:HK$898', '草原觀景星空親子包:HK$1,132']"
火山雅居民宿（烏蘭哈達火山地質公園店）,9.5,"['雅居·園｜雙床房 （地暖+空調+乾濕分離+智能馬桶）:HK$361', '雅居·宿｜大床房（地暖+空調+乾濕分離+智能馬桶）:HK$473', '雅居·舍｜家庭房（地暖+空調+智能馬桶）:HK$555', '雅居·閣｜複式loft（地暖+空調+乾濕分離+智能馬桶）:HK$604']"
