酒店名称,评分,房型价格列表
麗婭酒店（烏魯木齊天山國際機場店）,8.8,"['景觀大床房:HK$360', '商務大床房:HK$391', '豪華雙床房:HK$451', '豪華大床房:HK$474']"
烏魯木齊高鐵站希爾頓歡朋酒店,9.5,"['舒適大床房:HK$633', '舒適雙床房:HK$671', '高級大床房:HK$825', '高級雙床房:HK$853', '豪華雙床房:HK$959']"
烏魯木齊萬國酒店（國際大巴扎店）,8.8,"['豪華雙床（智能馬桶+舒適床品+巨幕投影）:HK$518', '商務大床（智能馬桶+舒適床品+巨幕投影）:HK$518', '豪華大床（智能馬桶+舒適床品+巨幕投影）:HK$534', '三人間（無窗）（智能馬桶+舒適床品+巨幕投影）:HK$534']"
銘昂酒店（烏魯木齊機場店）,9.6,"['雅緻大床房:HK$597', '高級大床房:HK$639', '商務大床房:HK$699', '巨幕投影大床房:HK$708']"
華航酒店（烏魯木齊機場店）,9.2,"['優享雙床房丨舒適床品+安睡好眠+靜謐空間:HK$339', '優享大床房丨舒適床品+安睡好眠+靜謐空間:HK$339', '逸享雙床房丨舒適床品+安睡好眠+靜謐空間:HK$391', '尊享雙床房丨舒適床品+安睡好眠+靜謐空間:HK$429']"
烏魯木齊頤中園酒店（紅山人民公園店）,9.2,"['拾光屋·影音大床房〡金可兒舒睡床品+超清觀影:HK$436', '璞雅庭·豪華大床房（金可兒舒睡床品+庭院觀景）:HK$580', '衍辰居·豪華雙床房（金可兒舒睡床品+庭院觀景）:HK$580', '靜安閣·雅緻雙床房（靜賞庭院+靜享睡眠+新中式簡約）:HK$655', '沐臻軒·雅緻大床房（靜賞庭院+靜享睡眠+新中式簡約）:HK$655']"
喆菲S酒店（烏魯木齊大西門店）,8.9,"['菲凡惠享大床房丨躺平自愈+深度睡眠:HK$334', '菲凡純享大床房丨躺平自愈+深度睡眠:HK$340', '菲凡惠享雙床房丨躺平自愈+深度睡眠:HK$435', '菲凡尊享大床房丨躺平自愈+深度睡眠:HK$448']"
天緣航油酒店（烏魯木齊天山國際機場店）,9.3,"['優享雙床房丨助眠床墊+深度睡眠+躺平自愈:HK$331', '優享大床房丨助眠床墊+深度睡眠+躺平自愈:HK$341', '豪華雙床房丨助眠床墊+深度睡眠+躺平自愈:HK$408', '豪華大床房丨助眠床墊+深度睡眠+躺平自愈:HK$419']"
烏魯木齊北京南路中營工地鐵站亞朵酒店,9.7,"['雅緻大床房（智能客控+小冰箱）:HK$547', '高級大床房（智能客控+小冰箱）:HK$610', '行政大床房（智能客控+小冰箱）:HK$646', '高級雙床房（智能客控+小冰箱）:HK$664', '行政雙床房（智能客控+小冰箱）:HK$727']"
速8優選酒店（烏魯木齊機場大地窩堡地鐵站店）,9.3,"['特色大床房丨全屋智能客控+舒睡好眠:HK$353', '特色雙床房丨全屋智能客控+舒睡好眠:HK$383']"
凱斯大飯店（烏魯木齊國際大巴扎店）,8.4,"['豪華雙床房 |異域風情+城市景觀:HK$478', '豪華大床房:HK$503']"
烏魯木齊恆裕國際酒店（德滙萬達廣場長江路店）,9.4,"['舒適大床房|高奢零壓舒眠床墊·深睡記憶枕·全屋智能:HK$586', '高級大床房|零壓舒眠床墊·高空夜景·恆温智能馬桶:HK$644', '豪華大床房|全屋智能·高空夜景·遠望日照金山:HK$749', '恆裕主題房|舒適會客區·縱享璀璨都市夜景:HK$805']"
簡致酒店（烏魯木齊人民廣場店）,9.4,"['簡致幻彩星空房:HK$514', '簡致高級大床房:HK$514', '簡致高級雙床房:HK$514', '簡致雙床房:HK$547']"
烏魯木齊上容酒店（火車南站店）,9.0,"['容雲·怡致雙床房（舒睡好眠+超大空間）:HK$420', '簡之·雙床房（舒睡好眠+靜謐空間）:HK$433', '容逸·景緻雙床房（舒睡好眠+超大空間）:HK$569', '容逸·景緻大床房（舒睡好眠+超大空間）:HK$593', '容韻·逸緻雙床房（舒睡好眠+超大空間）:HK$616']"
原舍酒店（烏魯木齊軍區總醫院新疆維吾爾自治區博物館店）,9.3,"['舍·沐曦大床房（全屋小度智能客控+親膚床品+靜謐空間）:HK$430', '舍.伴行雙床房（全屋小度智能客控+親膚床品+靜謐空間）:HK$452', '舍·蜜調大床房（全屋小度智能客控+親膚床品+靜謐空間）:HK$489', '舍.靜心品茗雙床房（全屋小度智能客控+親膚床品+靜謐空間）:HK$519']"
全季酒店（烏魯木齊天山國際機場空港店）,9.5,"['高級暖心大床房:HK$603', '舒壓躺平大床房:HK$663', '高級舒心雙床房:HK$704', '舒壓躺平舒心雙床房:HK$774']"
烏魯木齊人民電影院亞朵酒店,9.5,"['雅緻雙床房（深睡枕深睡床墊+親膚布草）:HK$619', '高級大床房（深睡枕深睡床墊+親膚布草）:HK$637', '高級雙床房（深睡枕深睡床墊+親膚布草）:HK$682', '幾木大床房（深睡PRO+迷你小冰箱+親膚布草）:HK$700', '幾木雙床房（深睡PRO+迷你小冰箱+親膚布草）:HK$745']"
烏魯木齊百麗酒店（和田二街店）,9.6,"['風華靚麗大床房 | 影院式書吧+英倫風:HK$661', '高貴華麗大床房 | 影院式書吧+英倫風:HK$785', '奢華瑰麗商務套房 | 影院式書吧+英倫風:HK$1,166', '奢華瑰麗行政套房 | 影院式書吧+英倫風:HK$1,238']"
紅寶石雅緻酒店（美美MM2購物中心新疆維吾爾自治區博物館店）,9.4,"['温馨治癒大床房（夢百合床墊+75寸投屏電視+智能馬桶+全屋聲控）:HK$605', '光影輕奢雙床房（全屋智能+智能馬桶+乳膠床墊+加濕器）:HK$618', '光影輕奢大床房（全屋智能+智能馬桶+乳膠床墊+加濕器）:HK$631', '智能安睡大床房（夢百合零壓床墊+智能馬桶+智能遮光窗簾+加濕器）:HK$656', '城景豪華雙床房（全屋聲控+智能馬桶+智能遮光窗簾+乳膠床墊+加濕器）:HK$682']"
烏魯木齊華凌雅高美爵大飯店,9.1,"['悦享雅景大床房| 異域風情特色+城市景觀:HK$711', '悦享雅景雙床房| 異域風情特色+城市景觀:HK$711', '紅山觀景雙床房| 異域風情特色+遠眺紅山:HK$854', '紅山觀景大床間| 異域風情特色+遠眺紅山:HK$854', '行政高級雙床房| 異域風情特色+高空城市夜景:HK$875', '行政高級大床房| 異域風情特色+高空城市夜景:HK$875']"
烏魯木齊奧萊國際酒店,9.4,"['躺平治癒大床房:HK$420', '躺平治癒雙床房:HK$438', '商務深眠大床房:HK$480', '商務深眠雙床房:HK$516', '商務套房:HK$1,201']"
烏魯木齊八音和酒店（國際大巴扎人民電影院店）,9.0,"['簡逸大床房:HK$433', '雙境大床房（採光好）:HK$505', '禾語標間（悠享好夢+智能馬桶）:HK$546', '奢居商務大床房（全景落地窗）:HK$593', '浴缸大床房（私享浴缸）:HK$859']"
烏魯木齊富力萬達文華酒店,9.6,"['豪華大床房（尊享空間+深睡床墊+獨立衞浴 ）:HK$1,626', '無障礙大床房（深睡床墊+通透採光）:HK$1,735', '高級豪華大床房（尊享空間+深睡床墊+高層通透採光 ）:HK$1,845', '高級豪華雙床房（尊享空間+深睡床墊+高層通透採光 ）:HK$1,845', '西域主題大床房:HK$1,954', '行政豪華大床房（深睡床墊+高層通透採光+加濕器）:HK$2,265']"
烏魯木齊高鐵站美居酒店,9.5,"['高級房大床（全屋智能客控投屏+全景落地窗）:HK$613', '嘉賓房雙床房（全屋智能客控投屏+全景落地窗）:HK$623', '豪華大床房（全屋智能客控投屏+全景落地窗）:HK$653', '高級套房（全屋智能客控投屏+全景落地窗）:HK$864', '嘉賓套房（全屋智能客控投屏+全景落地窗+浴缸）:HK$1,317']"
百世昌誠和酒店（幸福路大灣北路店）,9.4,"['悦享內景大床房（手機投屏｜記憶枕｜全屋智控）:HK$489', '悦享巨幕大床房（100寸高清巨幕｜海量片源｜手機投屏）:HK$497', '悦享巨幕雙床房（巨幕投影｜小冰箱｜助眠床墊）:HK$497', '高級雙床房（投屏電視｜小冰箱｜全屋智控）:HK$512', '高級大床房（投屏電視｜記憶枕｜全屋智控）:HK$527']"
烏魯木齊海棠酒店（九鼎農產品批發市場店）,9.9,"['33㎡温馨雙床房（智能客控+零壓床墊+加濕器+保温水壺+小型冰箱）:HK$381', '33㎡影音大床房（智能客控+零壓床墊+加濕器+保温水壺+小型冰箱）:HK$381', '45㎡豪華大床房（智能客控+零壓床墊+加濕器+保温水壺+小型冰箱）:HK$437', '45㎡豪華雙床房（智能客控+零壓床墊+加濕器+保温水壺+小型冰箱）:HK$446']"
烏魯木齊建國璞隱酒店（高鐵站北廣場萬達店）,9.6,"['詠蘭居大床房（夢百合零壓床墊·全屋智能·65寸電視）:HK$616', '暗香居大床房（夢百合零壓床墊｜小度全屋智能｜65寸智能投屏電視）:HK$635', '清蓮居套房（夢百合零壓床墊｜小度全屋智能｜65寸智能投屏電視）:HK$745', '幽篁居雙床房（夢百合零壓床墊｜全屋語音智能｜投屏）:HK$893', '清蓮居家庭房（夢百合零壓床墊｜小度全屋智能｜投屏）:HK$947']"
美豪·麗致酒店（烏魯木齊萬達廣場高鐵站店）,9.2,"['麗致大床房丨城市景觀+靜謐空間:HK$621', '麗致影院大床房丨城市景觀+靜謐空間:HK$693', '雅緻雙床房丨城市景觀+靜謐空間:HK$693', '麗致影院雙床房丨城市景觀+獨享大空間:HK$704', '瑪雅灣浴缸房丨城市景觀+靜謐空間:HK$714']"
烏魯木齊高鐵站萬達廣場美侖酒店,9.6,"['高級大床房（智能房間+電視投屏+加濕器）:HK$744', '豪華大床房（智能房間+電視投屏+加濕器）:HK$792', '豪華雙床房（智能房間+電視投屏+加濕器）:HK$820', '商務大床房（智能房間+電視投屏+加濕器）:HK$876', '商務雙床房（智能房間+電視投屏+加濕器）:HK$886']"
烏魯木齊柏蘊天辰酒店,9.3,"['柏宜 | 輕雅格調大床房:HK$522', '柏宜 | 輕雅格調雙床房:HK$544', '柏悦 | 絲路雲端大床房:HK$567', '柏悦 | 絲路雲端雙床房:HK$589', '柏頌 | 和風居家庭套房:HK$766']"
烏魯木齊站智選假日酒店,9.1,"['高級房 大床 城市景觀:HK$559', '高級房 1張大床和1張單人床 更大面積:HK$898']"
格林東方酒店（烏魯木齊天山國際機場新天潤國際社區店）,9.4,"['東方大床房（零壓床墊&全屋智能）:HK$520', '東方雙床房（零壓床墊&全屋智能）:HK$537', '東方高級大床房（零壓床墊&迷你小冰箱&咖飲機&全屋智能）:HK$570', '東方高級雙床房（零壓床墊&迷你小冰箱&全屋智能）:HK$586']"
烏魯木齊文迪花園酒店（天山國際機場天工汽車文旅中心店）,9.3,"['特惠複式雙床房（B棟）|全屋智能|零壓床墊:HK$542', '惠享雙床房（A棟）|全屋智能|零壓床墊:HK$572', '豪華雙床房（A棟）|全屋智能|零壓床墊:HK$602', 'LOFT豪華標間（B棟）|全屋智能|零壓床墊:HK$655', 'LOFT豪華大床房（B棟）|全屋智能|零壓床墊:HK$663']"
維也納國際酒店（烏魯木齊會展中心店）,9.5,"['標準單人房:HK$860', '高級大床房:HK$881', '豪華雙床房:HK$887', '豪華大床房:HK$887', '高級雙床房:HK$890']"
Super8國際酒店（烏魯木齊高鐵站北廣場店）,9.6,"['標準大床房丨高鐵景觀+智能客控+乳膠枕+小冰箱:HK$511', '商務大床房丨高鐵景觀+智能客控+乳膠枕+小冰箱:HK$550', '高級大床房丨高鐵景觀+智能客控+乳膠枕+小冰箱:HK$588', '商務雙床房丨高鐵景觀+智能客控+乳膠枕+小冰箱:HK$636', '高級雙床房丨高鐵景觀+智能客控+乳膠枕+小冰箱:HK$666']"
新疆崑崙賓館,9.6,"['北樓雙床房+舒適空間+城市夜景:HK$470', '北樓大床房+深睡睡眠+城市夜景:HK$490', '中樓雙床房+深睡睡眠+柔軟親膚布草:HK$610', '中樓大床房+舒適床墊+歷史文物保護建築:HK$643', '南樓雙床房+優質布草+城市夜景:HK$719']"
烏魯木齊人民廣場南門地鐵站亞朵酒店,9.3,"['雅緻大床房（全屋智能+小冰箱）景觀封閉內窗:HK$718', '雅緻雙床房（全屋智能+小冰箱）景觀封閉內窗:HK$825', '行政大床房（全屋智能+小冰箱）:HK$879', '行政雙床房（全屋智能+小冰箱）:HK$943', '幾木大床房（深睡PRO+全屋智能+小冰箱）:HK$987']"
伊力特酒店（烏魯木齊火車南站德滙萬達店）,9.5,"['（無窗）靜·眠雙床房 【輕奢慕斯床墊+德國貝朗衞浴】:HK$572', '雅緻大床房 【輕奢慕斯床墊+德國貝朗衞浴】:HK$624', '精選商務雙床房 【輕奢慕斯床墊+德國貝朗衞浴】:HK$685', '精選商務大床房【輕奢慕斯床墊+德國貝朗衞浴】:HK$707', '臻選豪華雙床房（輕奢慕斯床墊+德國貝朗衞浴）:HK$760']"
烏魯木齊北京路火炬大廈美居酒店,9.6,"['大床房（智能房間+電視投屏+加濕器）:HK$693', '高級大床房（智能房間+電視投屏+加濕器）:HK$754', '嘉賓房大床（智能房間+電視投屏+加濕器）:HK$804', '豪華大床房（智能房間+電視投屏+加濕器）:HK$864', '景觀親子房（智能房間+電視投屏+加濕器）:HK$934']"
玉京崑崙大酒店（國際大巴扎店）,9.2,"['雅緻大床房:HK$533', '雅緻雙床房:HK$561', '豪華大床房:HK$706', '豪華雙床房:HK$735', '商務大床房:HK$782']"
克拉瑪依政府駐烏辦事處大廈,9.5,"['舒適大床房:HK$577', '舒適雙床房:HK$577', '陽光一居室:HK$631', '雅緻大床房:HK$756']"
全季酒店（烏魯木齊紅山店）,9.6,"['高級大床房A【可投屏65寸電視+恆温馬桶】:HK$626', '高級大床房【可投屏65寸電視+恆温馬桶】:HK$655', '雙床房A【可投屏65寸電視+恆温馬桶】:HK$664', '雙床房【可投屏65寸電視+恆温馬桶+小冰箱】:HK$694', '舒壓高級大床房【可投屏65寸電視+記憶棉枕頭床墊】:HK$722']"
悦享·歡朋酒店（經開萬達廣場高鐵站店）,9.1,"['悦意·原木ins大床房:HK$394', '悦意·原木ins雙床房:HK$405', '享韻·簡約Style大床房:HK$427', '享韻·簡約Style雙床房:HK$437']"
麗怡酒店（烏魯木齊人民公園碾子溝地鐵站店）,9.5,"['高級大床房:HK$645', '豪華大床房:HK$688', '豪華雙床房:HK$688', '豪華家庭套房:HK$820', '純凈大床房:HK$907']"
百世昌徠舍酒店（烏魯木齊機場德港萬達店）,9.5,"['悦享大床房:HK$444', '惠享雙床房:HK$459', '悦享雙床房:HK$474', '尊享大床房 | 智能客控+小冰箱+加濕器+親膚床品:HK$489']"
格林東方酒店（烏魯木齊國際大巴扎南門地鐵站店）,9.0,"['東方大床房:HK$398', '東方高級大床房:HK$428', '舒眠零壓大床房:HK$458', '東方雙床房:HK$458']"
艾扉酒店（烏魯木齊人民電影院店）,9.5,"['艾扉大床房:HK$333', '艾扉商務大床房:HK$351', '艾扉雙床房:HK$368', '艾扉高級大床房:HK$377']"
犁鏵街喆啡酒店（新興街地鐵站店）,9.4,"['醇享大床房（全屋智能客控）:HK$479', '啡凡體驗房（全屋智能客控）:HK$505', '醇享雙床房（全屋智能客控）:HK$546', '啡凡大床房（全屋智能客控）:HK$710', '醇享生活大床房（全屋智能客控）:HK$787']"
鑫都大酒店（阿勒泰路店）,9.1,"['優享雙床房（全屋小度智能客控）:HK$321', '高級雙床房（全屋小度智能客控）:HK$344', '高級大床房（全屋小度智能客控）:HK$344', '商務雙床房（全屋小度智能客控）:HK$367']"
希柚·SeeYou酒店（烏魯木齊高鐵站店）,9.1,"['希柚·捷運隨行房-時來運轉:HK$333', '希遇·暢遊雙床房-雲樞靜眠:HK$350', '柚享·中轉大床房-有氧新風:HK$361', '希逸·歸心雙床房-歸途有風:HK$383']"
