酒店名称,评分,房型价格列表
如家商旅酒店（七台河步行街客運站金融大廈店）,9.7,"['商務大床房A:HK$219', '雙床房:HK$245', '商務大床房:HK$262', '高級大床房:HK$281']"
七台河崑崙大酒店,8.6,"['豪華雙床房:HK$204', '豪華大床房:HK$358', '商務套房:HK$544', '豪華商務套房:HK$1,276']"
漢庭酒店（七台河步行街店）,9.3,"['大床房:HK$191', '雙床房:HK$201', '高級大床房:HK$211', '商務大床房:HK$240']"
七台河雲飛旅店,8.2,"['標準園景雙床房:HK$75', '舒適湖景大床房:HK$86', '舒適園景兩人房:HK$87', '豪華湖景大床房:HK$96']"
七台河宏名快捷賓館,9.9,"['普通雙人間A（無浴）:HK$55', '普通雙人間B（有廁無浴）:HK$66', '普通大床房:HK$66', '普通大床房（公廁無浴）:HK$66']"
水沐年華酒店,8.9,"['特價大床房:HK$74', '標準間:HK$97', '套房:HK$106', '大床房:HK$107']"
流星電競賓館（步行街店）,9.7,"['暢玩電競|雙人電競房:HK$65', '暢玩電競|三人電競房:HK$96', '暢玩電競|四人電競房:HK$110']"
七台河家合快捷賓館,7.0,"['商務標準間（無窗）:HK$102', '商務大床房（無窗）:HK$112', '經濟大床房（無窗）:HK$112', '豪華大床房:HK$122']"
勃利希悦·輕雅酒店,8.0,"['雅緻標準間:HK$184', '商務標準間:HK$326']"
雲見棲舍,9.6,"['特惠大床房:HK$184', '標準大床房:HK$205', '意式極簡風大床房:HK$216']"
勃利金港賓館,7.4,"['普通大床房:HK$65', '豪華大床房:HK$86', '家庭房:HK$90', '標準間:HK$91']"
勃利閤家賓館,9.8,"['標準大床房:HK$107', '豪華大床房:HK$117', '標準間:HK$123', '棋牌大床房:HK$156']"
勃利怡荷連鎖賓館,9.1,"['普通大床房:HK$102', '豪華大床房:HK$117', '特惠標準間:HK$122', '雙人床標準間:HK$138']"
勃利金巷賓館,6.0,"['標準大床房:HK$58', '標準雙人間:HK$60', '三人間:HK$91']"
金色陽光商務酒店,9.6,[]
