酒店名称,评分,房型价格列表
三門峽金玫瑰大酒店,9.4,"['舒適雙床房:HK$164', '陽光河景雙床房:HK$257', '優享零壓大床房（零壓床墊）:HK$261', '悦享零壓雙床房（零壓床墊）:HK$277']"
四季温泉酒店（三門峽陝州區店）,9.6,"['舒適雙床房（中央空調+全屋陽光）:HK$186', '舒適大床房（中央空調+全棉親膚床品）:HK$199', '靜享雙床房（獨立浴缸+負離子空氣凈化器）:HK$223', '臻品大床房（全屋智能+零壓床墊）:HK$241']"
三門峽天鵝城國際酒店（天鵝湖景區高鐵南站店）,9.5,"['優享景觀大床房:HK$308', '優享景觀雙床房:HK$308', '優享精緻景觀單間:HK$316', '優享精緻景觀標間:HK$316', '雲憩豪華雙床房（城市湖景一覽無餘）:HK$403', '雲憩豪華大床房（城市湖景一覽無餘）:HK$403']"
玖熙酒店（三門峽高鐵南站店）,9.5,"['騎士大床房（65寸投屏電視+心之約床墊+全屋智能）:HK$207', '高級大床房（65寸投屏電視+心之約床墊+全屋智能）:HK$216', '特色山洞大床房（智能投屏+心之約床墊+小冰箱）:HK$218', '高級雙床房（100寸投影+心之約床墊+全屋智能）:HK$218']"
博豐·H酒店（三門峽高鐵南站店）,9.5,"['留白閣·精選大床房（中國畫意境）:HK$278', '素履軒·高級雙床房（極簡美學）:HK$278', '墨韻居·豪華大床房（水墨意境）:HK$307', '天工坊·觀景雙床房（巧奪天工）:HK$307']"
三門峽萬達美華酒店（三門峽高鐵南站店）,9.6,"['豪華大床房（景觀落地窗+AccaKappa洗護用品+羽絨被）:HK$352', '豪華雙床房（智能投屏+斯林百蘭床墊+Acca Kappa 洗護沐）:HK$370', '高級豪華大床房（迷你小冰箱+Acca Kappa洗護用品）:HK$389', 'WanVita Cafe沉浸式大床房（私享Coffee機+迷你冰箱）:HK$408']"
澳門天子酒店（三門峽高鐵南站店）,9.7,"['特價大床房:HK$218', '精品單間:HK$261', '精品標間:HK$278', '商務標間:HK$313']"
三門峽天元國際酒店（三門峽陝州區政府店）,8.8,"['陽光大床房:HK$197', '商務精選大床房（獨立網絡+靜謐安睡）:HK$229', '陽光雙人房（落地窗户+中央空調）:HK$236', '商務精選雙床房（落地窗户+獨立網絡）:HK$282']"
藝龍安雲酒店（三門峽市政府店）,9.3,"['特惠大床房（中央空調開放+全屋智能）:HK$165', '特惠雙床房（中央空調+全屋智能）:HK$191', '觀景大床房（中央空調開放+全屋智能+觀景陽台）:HK$203', '高級雙床房（中央空調開放+全屋智能）:HK$217']"
桔子酒店（三門峽火車南站店）,9.7,"['觀景大床房:HK$261', '都市雅痞大床房:HK$280', '月若流金豪華大床房:HK$299', '月若流金雙床房:HK$299']"
三門峽天鵝湖國際大酒店（天鵝湖濕地公園店）,9.5,"['3號樓商務單間:HK$345', '3號樓商務標間:HK$345', '2號樓高級單間:HK$345', '2號樓高級標間:HK$345', '2號樓豪華單間【園林風景+視野開闊】:HK$452', '2號樓豪華標間【園林風景+視野開闊】:HK$452']"
三門峽海聯國際大酒店（三門峽高鐵南站萬達廣場店）,9.2,"['商務大床房（雲端城景+小冰箱+靜謐暢享浴缸）:HK$305', '商務雙床房（雲端城景+小冰箱+靜謐暢享浴缸）:HK$305', '尊享大床房（雲端城景+小冰箱+靜謐暢享浴缸）:HK$305', '尊享雙床房（雲端城景+小冰箱+靜謐暢享浴缸）:HK$305', '豪華大床房（雲端城景+小冰箱+靜謐暢享浴缸）:HK$331']"
三門峽明珠賓館（市政府店）,9.3,"['經濟標準間（神寶助眠床墊+星級床品+品牌洗沐護）:HK$217', '休閑大床房（夢百合零壓床墊+安睡枕+小冰箱+棋牌休閑）:HK$223', '豪華大床房（安睡枕+小冰箱+星級床品）:HK$227', '豪華商務間（安睡枕+小冰箱+親膚浴袍+負離子吹風機）:HK$254']"
三門峽天鵝韻國際酒店（廟底溝博物館高鐵南站店）,9.6,"['雲曦商務大床房（手機投屏+智能客控+輕奢城景）:HK$480', '雲曦商務雙床房（手機投屏+全天候酒店公區自助洗衣房）:HK$480', '雲逸豪華大床房（180°全景落地窗+智能語音操控）:HK$480', '雲逸豪華雙床房（觀景落地窗+迷你小冰箱）:HK$480', '零壓雲逸豪華大床房（智能客控+夢百合床品+落地窗）:HK$600', '親子主題雙床房（高空景觀+小童品牌用品）:HK$655']"
夕漫酒店（陝州區人民政府五彩城購物中心店）,9.6,"['豪華大床房「180°山景+陽光滿屋」:HK$208', '豪華雙床房「180°山景+辦公桌椅」:HK$214', '精選智能大床房「全屋智能+乾濕三分離」:HK$221', '精選智能雙床房「智能投屏+乾濕三分離」:HK$228']"
M·旅墅酒店（三門峽高鐵南站店）,9.3,"['慢漫·庭院大床房:HK$307', '一隅·庭院雙床房:HK$307', '躺平大廈·庭院大床房:HK$307', '浮島·庭院套房:HK$559']"
三門峽高陽山索西亞國際酒店,8.4,"['毓秀温泉大床房:HK$327', '毓秀温泉雙床房:HK$327', '高陽湯泉雙床房（含私湯泡池）:HK$384', '高陽湯泉大床房（含私湯泡池）:HK$384', '親子雙床房:HK$469']"
漢庭酒店（三門峽火車南站店）,9.5,"['高級大床房A:HK$187', '高級大床房:HK$205', '雙床房:HK$205', '高級雙床房:HK$224']"
張家地坑院民宿,9.4,"['親子大雙炕窯房 （獨衞）:HK$192', '娛樂大三炕窯房:HK$468']"
富貴裏·酒店,9.4,"['特惠標準間:HK$163', '特惠大床房:HK$163', '舒適大床房:HK$179', '舒適標準間:HK$179']"
棲岸智選酒店（三門峽市政府店）,9.0,"['臻品雙床房:HK$193', '雅緻大床房【獨立靜音空調】:HK$193', '觀景大床房【自然河景+乳膠床品深度睡眠】:HK$205', '家庭房:HK$253']"
星程酒店（三門峽市政府店）,9.3,"['高級大床房:HK$217', '舒壓高級大床房:HK$236', '舒壓-高級雙床房:HK$255', '套房:HK$274']"
上美百合酒店（三門峽市政府店）,9.3,"['上美·大床房:HK$135', '深睡眠-智管家按摩大床房:HK$144', '上美·雙床房:HK$153', '上美·套房:HK$250']"
九鼎時尚酒店（三門峽職業技術學院店）,9.0,"['九鼎乳膠零壓特惠大床房:HK$146', '九鼎乳膠零壓大床房:HK$151', '九鼎乳膠零壓雙床房:HK$153', '至尊零壓婚慶房:HK$190']"
鉑曼酒店（三門峽市政府店）,9.3,"['特惠標準間:HK$170', '特惠大床房:HK$170', '普通大床房:HK$193', '普通標準間:HK$193']"
海聯水世界酒店（三門峽萬達廣場店）,8.1,"['標準大床房:HK$179', '商務標準間:HK$179', '商務大床房:HK$179', '普通標準間:HK$179']"
季鉑爾曼酒店（三門峽黃河路店）,7.8,"['爾曼雙床房:HK$101', '季鉑大床房:HK$108', '季鉑舒適雙床房:HK$128', '季鉑舒適大床房:HK$130']"
崤山賓館（三門峽六峯路店）,9.0,"['北樓優享標間:HK$88', '南樓商務標間:HK$135', '南樓商務大床房:HK$135', '南樓豪華標間:HK$197']"
漢庭酒店（三門峽澠池縣店）,9.7,"['高級大床房:HK$177', '豪華大床房:HK$187', '豪華雙床房:HK$196', '豪華套房:HK$318']"
三門峽澠池希爾頓惠庭酒店,9.8,"['靈動大床房（膠囊Coffee機+微波爐+冰箱+舒達床墊+智能馬桶）:HK$369', '靈動雙床房（膠囊Coffee機+微波爐+冰箱+舒達床墊+智能馬桶）:HK$369', '靈動豪華大床房（膠囊Coffee機+微波爐+冰箱+舒達床墊+智能馬桶）:HK$435', '靈動豪華雙床房（膠囊Coffee機+微波爐+冰箱+舒達床墊+智能馬桶）:HK$435', '全能套房（膠囊Coffee機+微波爐+冰箱+舒達床墊+智能馬桶）:HK$795']"
靈寶美豪酒店（金城大道市政府店）,9.5,"['商務雙床房（中央空調）:HK$185', '商務大床房（中央空調）:HK$190', '豪華大床房（中央空調）:HK$191', '豪華雙床房（中央空調）:HK$191']"
維也納國際酒店（靈寶金城大道市府店）,9.6,"['豪華大床房（智能客控+手機投屏）:HK$238', '豪華雙床房（智能客控+手機投屏）:HK$261', '商務大床房（智能客控+手機投屏）:HK$261', '商務雙床房（智能客控+手機投屏）:HK$270']"
全季酒店（靈寶函谷路店）,9.7,"['高級大床房:HK$383', '雙床房:HK$383', '商務大床房:HK$421', '商務雙床房:HK$421']"
靈寶紫金宮國際大酒店,8.8,"['標準雙床房:HK$185', '標準大床房:HK$185', '高級雙床房:HK$253', '高級大床房:HK$268', '豪華大床房:HK$351']"
世紀星連鎖都市易家酒店（靈寶市政府火車站店）,9.7,"['特惠大床房（高品質洗護沐+床頭手機快充）:HK$152', '精品雙床房（超長辦公桌+床頭手機快充+大窗好採光）:HK$165', '精品大床房（超長辦公桌+床頭手機快充+大窗好採光）:HK$169', '觀影雙床房（65寸可投屏電視+手機快充+大窗好採光）:HK$181']"
仟那酒店（澠池縣政府店）,9.6,"['仕居大床房（中式風格+配備浴袍+品茗茶桌+助眠檀香）:HK$198', '仕居雙床房（中式風格+智能客控+私享茶台+休閑飄窗）:HK$198', '竹溪大床房（智能客控+空氣凈化器+温馨新中式）:HK$264', '竹溪雙床房（智能客控+空氣凈化器+温馨新中式）:HK$264']"
澠池聚宸國際飯店,9.1,"['普通雙床房:HK$154', '雅緻·安居標準間（全屋智能＋零壓入眠）:HK$226', '行政大床房:HK$289', '雅緻·安居商務大床房（全屋智能＋好眠床品）:HK$309', '雅緻·安居行政大床房（全屋智能＋豪華會客區）:HK$340']"
漢庭酒店（靈寶市政府店）,9.7,"['大床房:HK$261', '高級大床房:HK$271', '雙床房:HK$365', '家庭房:HK$402']"
靈寶寶源大酒店,8.9,"['高級單人間:HK$216', '高級標準間:HK$216', '商務大床房:HK$326', '商務雙床房:HK$326']"
仙門山度假酒店,9.7,"['觀月|休閑大床房:HK$386', '觀月|休閑雙床房:HK$386', '撫月|輕奢雙床房:HK$425', '撫月|複式大床房:HK$502', '攬月|望景雙床房:HK$502', '攬月|主題親子房:HK$502']"
函谷關老子文化養生園,9.7,"['普通雙床房:HK$192', '豪華雙床房:HK$217', '豪華大床房:HK$228', '温泉窯洞雙床房C:HK$369']"
東寨民宿（函谷關店）,9.9,"['標準大床房:HK$173', '麻將大床房:HK$173', '茶藝大床房:HK$184', '豪華大床房:HK$216']"
湯河沐心溫泉康養基地,9.4,"['素野清境大床房:HK$1,093', '素野靜逸雙床房:HK$1,421']"
靈寶九號公館,5.8,"['特價大床房:HK$97', '特價標間:HK$97', '精品大床房:HK$101', '浪漫圓床房:HK$113']"
桃漫佳·湯湯民宿,9.7,[]
運城平陸萬達美華酒店,9.7,"['高級雙床房（Acca Kappa洗護沐+智能客控+電視投屏）:HK$259', '高級大床房（Acca Kappa洗護沐+智能客控+電視投屏）:HK$259', '豪華雙床房（Acca Kappa洗護沐+智能客控+電視投屏）:HK$282', '豪華大床房（Acca Kappa洗護沐+智能客控+電視投屏）:HK$282', '高級豪華大床房（Acca Kappa洗護沐+智能客控+投屏）:HK$321']"
漢庭酒店（平陸太陽路店）,9.8,"['大床房:HK$180', '雙床房:HK$190', '高級大床房:HK$211', '高級雙床房（智能客控+電視投屏）:HK$221']"
全季酒店（運城平陸條山西大街店）,9.9,"['大床房（智能客控+智能投屏+冰箱）:HK$271', '商務雙床房:HK$280', '高級大床房:HK$290', '商務大床房:HK$309']"
平陸曼嘉酒店,9.2,"['普通標間:HK$95', '豪華雙床房:HK$127', '精品主題大床房:HK$127', '休閑棋牌套房:HK$204']"
平陸賓館,8.8,"['精品標準房:HK$108', '舒適標準間:HK$128', '商務標準房:HK$172', '商務大床房:HK$197']"
