酒店名称,评分,房型价格列表
上饒鳳凰大道希爾頓歡朋酒店,9.6,"['舒適大床房:HK$450', '舒適雙床房:HK$462', '高級大床房:HK$509', '高級雙床房:HK$539', '豪華大床房:HK$578']"
上饒國際大酒店,9.6,"['高級城景雙床房:HK$523', '高級城景大床房:HK$523', '高級江景雙床房:HK$523', '高級江景大床房:HK$523', '豪華江景大床房:HK$578', '豪華城景雙床房:HK$578']"
楠溪山居民宿（上饒望仙穀風景區店）,9.6,"['鹿鳴·暮野靜悠山景大床房（乾濕分離+靜謐山景+色調燈光控制）:HK$295', '清風攬月·墨蘭居大床房（乾濕分離+靜悠山景+燈光色調控制）:HK$317', '觀山苑·雅韻·山景雙床房【乾濕分離+燈光色調控制】:HK$360', '私享浪漫·全視野山湖景落地蜜月圓床房【茶榻+沙發】:HK$433']"
風禾明月松間美宿（水南文化街店）,9.5,"['石上清泉丨大床房【全屋智能+觀景陽台+記憶床墊】:HK$263', '風禾盡起丨大床房【全屋智能+HOMESUN冰箱+記憶床墊】:HK$361', '風禾盡起丨雙床房【全屋智能+HOMESUN冰箱+記憶床墊】:HK$373', '雲隱月明丨街景套房【全屋智能+觀景陽台+記憶床墊】:HK$606']"
夢仙河畔·270°觀山景湯泉度假美宿（望仙谷景區店）,9.5,"['夢丨山景·大床房:HK$339', '仙丨山景·雙床房:HK$407', '荷丨山景·雙床房:HK$407', '清丨山景·雙床房:HK$453']"
上饒悦溪開元觀堂,9.6,"['觀堂大床房:HK$634', '觀堂雙床房:HK$634', '高級園景雙床房:HK$688', '高級園景大床房:HK$688', '博雅山景雙床房:HK$962', '博雅山景大床房:HK$962']"
山谷小棧民宿（望仙谷景區店）,9.9,"['椿嶺 ｜ 南山原木影音大床房:HK$306', '碧隱 ｜ 山水原木影音雙床房 （ 獨立導台➕百寸巨幕 ）:HK$319', '木寂 ｜ 質簡原木影音雙床房:HK$349', '霧山 ｜ 自然原木影音套房（ 落地山景➕百寸巨幕 ）:HK$643']"
柒拾貳間·林語山房（上饒望仙谷景區店）,9.5,"['裏安｜零壓大床房 【全屋智能+靜享空間+零壓床墊】:HK$309', '亦居｜榻榻米零壓大床房 【全屋智能+花園景+零壓床墊】:HK$334', '嶼楠｜榻榻米零壓大床房 【全屋智能+全屋軟水+零壓床墊】:HK$373', '松柏靜廬｜榻榻米零壓特大床房 【全屋智能+軟卧沙發】:HK$386']"
上饒永利國際大酒店,8.8,"['標準山景雙床房:HK$202', '標準山景大床房:HK$202', '豪華大床房:HK$228', '豪華雙床房:HK$251', '行政大床房:HK$251']"
茂源香澗·360°環山觀景度假美宿（望仙谷店）,9.5,"['芊尋·雅緻田園大床房:HK$218', '悦舍·寧靜雅緻雙床房｜布藝床品｜木製牀頭櫃｜木製電視櫃｜舒適好眠:HK$261', '芊時·舒適山景雙床房:HK$282', '未忘·180°山河景豪華雙床房:HK$338']"
桔子酒店（上饒高鐵站店）,9.6,"['月若流金高級大床房:HK$290', '月若流金高級雙床房:HK$290', '加州陽光商務大床房:HK$309', '月若流金豪華大床房:HK$327']"
雲季酒店（上饒萬達廣場店）,9.4,"['雲·甄選大床房:HK$152', '雲·甄選雙床房:HK$162', '雲·臻享大床房:HK$162', '雲·臻享雙床房:HK$172']"
晴川行館民宿（望仙谷景區店）,9.5,"['晴回·特惠露台大床房【270°山景+零壓床墊+乾濕分離】:HK$219', '挽晴·舒適雙床房【安睡好物+零壓床墊+乾濕分離】:HK$250', '晴晤·露台雙床房【270°山景+零壓床墊+乾濕分離】:HK$250', '晴牕·180°山景奶油風雙床房【零壓床墊+乾濕分離】:HK$273']"
上饒月兔國際大酒店,9.1,"['迷你房（無窗）:HK$186', '浪漫圓床房:HK$195', '雅緻大床房:HK$252', '雅緻雙床房:HK$253']"
上饒嘉萊特沁廬酒店（近萬力時代）,9.4,"['精緻影院大床房:HK$326', '精典高級大床房:HK$327', '精典高級雙床房:HK$327', '落地全景豪華大床房（配獨立衣帽間）:HK$412', '落地全景豪華雙床房（配獨立衣帽間）:HK$412']"
望山澗·Yumsem山風集民宿（望仙谷景區店）,9.8,"['【山苑】穀雨·大床房｜原木極簡【羽絨被+乳膠墊】:HK$317', '【山梨】榻榻米大床房｜原木雅居【羽絨被+乳膠墊】:HK$361', '【安若】 立夏夏至雙床房｜原木胡桃【羽絨被+乳膠墊】:HK$405', '【安和】落地窗景雙床房｜原木復古【羽絨被+乳膠墊】:HK$448']"
山野間·喜萊登·全視野山湖景ins度假酒店（上饒望仙穀風景區店）,9.1,"['月棲·温馨雙床房【巨幕投影+智能馬桶+乾濕分離】:HK$388', '聽竹·山景温馨榻榻米雙床房【智能馬桶+乾濕分離】:HK$399', '夕拾·輕奢河景蜜月大床房【智能馬桶+乾濕分離+中央空調】:HK$400', '雲隱·輕奢觀景雙床房【巨幕投影+智能馬桶+乾濕分離+中央空調】:HK$481']"
靜聽別院·設計師度假酒店（上饒望仙穀風景區店）,9.4,['森眸 · 中式雙床房「智能馬桶+乾濕分離+零壓睡眠床墊+休閑桌椅+影音會員+空氣能熱水循環」:HK$310']
上饒盛澤開元名庭酒店,9.4,"['名成高級大床房（唐風國潮+商務辦公+全屋智能）:HK$360', '名成高級雙床房（唐風國潮+商務辦公+全屋智能）:HK$360', '名成豪華大床房（唐風國潮+商務辦公+全屋智能）:HK$403', '名成豪華雙床房（唐風國潮+商務辦公+全屋智能）:HK$403', '名成行政大床房（唐風國潮+商務辦公+全屋智能）:HK$447']"
上饒茶聖路美侖酒店,9.2,"['大床房:HK$359', '豪華雙床房:HK$359', '高級大床房:HK$378', '豪華大床房:HK$398', '商務大床房:HK$419']"
上饒鑫邦大酒店,9.6,"['高級大床房-帶浴缸:HK$500', '高級雙床房:HK$522', '豪華大床房-帶浴缸:HK$555', '豪華雙床房:HK$555', '行政大床房-帶浴缸:HK$610', '行政雙床房:HK$610']"
上饒·心水漫丨Enjoy·RoManceDesignHOTEL（金龍崗街區步行街店）,9.4,"['躺平治癒榻榻米房【高清投屏·4K電視·遮光窗簾】:HK$175', '驚喜奇遇大床房[巧遇+樂趣好玩］:HK$209', '4K高清投影榻榻米房【百寸巨幕·投影·遮光窗簾·安心好睡】:HK$231', '心水漫·輕奢大床房-免費停車❤雙人沙發❤棒咖啡75折券:HK$242', '心水漫·輕奢雙床房-辦公桌❤小沙發❤免費停車:HK$264']"
上饒高鐵站智選假日酒店,9.8,"['高級房 超大床:HK$320', '高級房 雙床:HK$320', '高級房·雙床（高樓層）:HK$366', '舒適高級房·超大床:HK$366', '舒適高級房·超大床（高樓層）:HK$394']"
都市花園酒店（上饒六中吾悅廣場店）,9.0,"['特惠大床房（一次性毛巾浴巾）:HK$111', '悦享複式大床房（一次性毛巾浴巾）:HK$120', '花園雅緻大床房（一次性毛巾浴巾）:HK$133', '花園雅緻雙床房（一次性毛巾浴巾）:HK$133']"
上饒鳳凰大道亞朵酒店,9.7,"['雅緻大床房（記憶枕＋亞朵裸棉床品+電視投屏）:HK$358', '高級大床房（記憶枕＋亞朵裸棉床品+電視投屏）:HK$376', '行政雙床房（記憶枕+亞朵裸棉床品+小冰箱）:HK$448', '行政大床房（記憶枕+亞朵裸棉床品+小冰箱）:HK$448']"
上饒行政中心亞朵酒店,9.3,"['雅緻大床房（記憶枕+亞朵裸棉床品）:HK$287', '高級大床房（記憶枕+亞朵裸棉床品）:HK$314', '高級雙床房（記憶枕+亞朵裸棉床品）:HK$323', '行政雙床房（小冰箱+記憶枕）:HK$358', '幾木大床房（小冰箱+亞朵深睡枕）:HK$367']"
望仙谷山水居民宿,9.5,"['花巖底下|舒適大床房+見山景+小度智能:HK$261', '青梅竹馬|舒適大床房+智能客控:HK$272', '溪邊小築|山景大床房【智能馬桶+零重力床墊】:HK$283', '小橋流水|山景大床房+智能馬桶+55寸投屏電視:HK$283']"
藝龍壹棠酒店（上饒吾悅廣場經開區管委會店）,9.9,"['雅緻大床房（飄窗採光+温感取電+智能客控）:HK$297', '雅緻雙床房（飄窗採光+温感取電+智能客控）:HK$297', '海棠大床房（飄窗採光+掛式吹風機+觸屏智能化粧鏡）:HK$329', '海棠雙床房（飄窗採光+掛式吹風機+觸屏智能化粧鏡）:HK$329']"
上饒吾悦廣場陽光時代亞朵酒店,9.7,"['雅緻大床房（投屏+智能客控）:HK$314', '高級大床房（投屏+智能客控+小冰箱）:HK$349', '高級雙床房（投屏+智能客控+小冰箱）:HK$367', '行政大床房（投屏+智能客控+小冰箱）:HK$412', '行政雙床房（投屏+智能客控+小冰箱）:HK$421']"
上饒富力萬達嘉華酒店（萬達廣場）,9.5,"['豪華大床房-帶浴缸:HK$567', '豪華雙床房-帶浴缸:HK$567', '高級豪華園景大床房-盡覽公園湖景-帶浴缸:HK$600', '高級豪華雙床房-俯瞰繁華夜景-帶浴缸:HK$600', '精選豪華江景大床房-C位俯瞰信江美景-帶浴缸:HK$633', '尊榮豪華雙床房（繁華夜景+歐舒丹洗護+帶浴缸）:HK$644']"
喜樹Sheree·輕奢雅居|設計師度假美宿（上饒望仙穀風景區店）,8.9,"['温馨大床房｜百寸巨幕投影·乾濕分離·舒適床品8401:HK$277', '星空大床房｜絕美山景·全視野觀景·百寸巨幕投影·乾濕分離:HK$300', '山景大床房｜絕美山景·全視野落地窗·百寸巨幕投影·乾濕分離201:HK$323', '觀山大床房｜絕美山景·全視野觀景·百寸巨幕投影·乾濕分離202:HK$323']"
山邊的雲Mt Cloud·風之谷泊心雲舍（望仙谷景區店）,9.7,"['月白｜幾木Cloud影音大床房（全屋軟水+零壓床墊）:HK$267', '雨過山青｜幾木Cloud影音大床房（全屋軟水+零壓床墊+懸浮地台+榻榻米）:HK$281', '縞素｜幾木Cloud影音雙床房（全屋軟水+零壓床墊）:HK$313', '觀風｜幾木Cloud影音雙床房（全屋軟水+零壓床墊+榻榻米）:HK$320']"
餘閲山居民宿（望仙谷景區店）,9.8,"['特價~極簡時光大床房:HK$189', '温馨雙床房（小米投影＋小米智控）:HK$236', '巨幕山景大床房（小米投影＋小米智控＋智能馬桶＋新風系統）:HK$262', '雅緻山景雙床房（小米投影＋小米智控＋新風系統）:HK$278']"
維也納智好酒店（上饒步行街和平陽光店）,9.1,"['標準雙床房:HK$165', '標準大床房:HK$165', '高級大床房:HK$184', '高級雙床房:HK$184']"
桃花源居·Aurora藝術輕奢設計師度假美宿（望仙谷景區店）,9.2,"['皓月·榻榻米景觀蜜月大床房（百寸巨幕投影+懶人搖搖椅+日式茶几）:HK$392', '雲海·輕奢景觀山景家庭雙床房（百寸巨幕投影+懶人沙發+茶几+智能馬桶）:HK$437', '桃花·榻榻米輕奢山景家庭雙床房（百寸巨幕投影+懶人沙發+茶几+智能馬桶）:HK$541', '明月·輕奢景觀家庭雙床房（百寸巨幕投影+鞦韆搖搖椅+休閑茶几+超大空間）:HK$586']"
麗楓酒店（上饒高鐵站店）,9.7,"['雅緻大床房:HK$270', '豪華大床房:HK$287', '豪華雙床房:HK$287', '商務大床房:HK$325']"
嶼你美宿（望仙谷景區店）,9.9,"['舒適睡眠榻榻米床房（巨幕高清投影+智能客控+榻榻米）:HK$258', '悠然觀景榻榻米房（田園景觀+0壓睡眠床墊+高清投影）:HK$281', '逸緻大床房（庭院景觀+智能客埪+高清巨幕投影）:HK$296', '靜雅.雙人居（0壓睡眠床墊+高清巨幕投影+智能客控）:HK$324']"
甜也·隱山川Lakeside度假休閑民宿（望仙穀風景區店）,10.0,"['風寄月 | 舒適大床房:HK$232', '拾光季 | 旅居親子房:HK$290', '畫堂春\u200c | 陽光雙床房:HK$319', '星辰海 | 4K巨幕投影雙床房:HK$347']"
全季酒店（上饒廣豐月兔廣場）,9.4,"['高級大床房:HK$290', '商務大床房:HK$309', '高級雙床房:HK$309', '舒壓高級大床房:HK$327']"
江南小築·爾爾江尋霧雅舍,9.5,"['凝雪·簡奢單人間丨（小巧精緻、投影）:HK$178', '落花丨（簡奢大床房）:HK$187', '聽風丨（温馨圓床房）:HK$196', '月夜·簡奢雙床房（小巧精緻、投影）:HK$214']"
望仙記憶·春也設計師度假空間美墅（上饒望仙穀風景區店）,9.8,"['「如一」舒適大床房丨4K巨幕觀影+小度智能客控+智能馬桶+乾濕分離:HK$361', '「常樂」舒適大床房丨4K巨幕觀影+小度智能客控+智能馬桶+乾濕分離:HK$361', '「春語」温馨雙床房丨4K巨幕觀影+小度智能客控+智能馬桶+乾濕分離:HK$382', '「清霧」豪華大床房丨4K巨幕觀影+小度智能客控+智能馬桶+乾濕分離:HK$382']"
望溪小築民宿（望仙谷景區店）,9.8,"['望峯-投影大床房【小度智能+智能馬桶】:HK$274', '望溪-投影大床房【小度智能+智能馬桶】:HK$313', '臨峯-投影大床房【小度智能+智能馬桶】:HK$313', '觀峯-投影大床房【小度智能+智能馬桶】:HK$313']"
三合悦致酒店（萬達廣場店）,9.5,"['雅緻大床房:HK$221', '雅緻雙床房:HK$221', '巨幕觀影大床房:HK$228', 'LOFT複式套房:HK$435']"
華壇山鎮春和酒店,10.0,"['喜悦商務大床房電梯房:HK$599', '豪華大床房電梯房:HK$610', '豪華標準間電梯房:HK$632', '陽光懸浮雙床房:HK$632']"
遇見望仙・馨緣villa雲間山景設計師酒店（上饒望仙穀風景區店）,9.5,"['霞歸 · 觀山大床房（58寸小米投屏電視+小愛全屋智能+遙控智能按摩馬桶+零壓深度睡眠床墊+舒適床品+飛科等離子吹風機+空氣能熱水循環）:HK$272', '歸隱・高級大床房（58寸小米投屏電視+小愛全屋智能+遙控智能按摩馬桶+零壓深度睡眠床墊+舒適床品+飛科等離子吹風機+空氣能熱水循環）:HK$294', '童趣 · 馬里奧雙床房（58寸小米投屏電視+小愛全屋智能+遙控智能按摩馬桶+零壓深度睡眠床墊+舒適床品+空氣能熱水循環）:HK$305', '泊楓 · 景觀雙床房（58寸小米投屏電視+小愛全屋智能+遙控智能按摩馬桶+零壓深度睡眠床墊+舒適床品+飛科等離子吹風機+空氣能熱水循環）:HK$327']"
美豪怡致酒店（經濟開發區美地印象店）,9.1,"['怡致迷你房（全景落地窗+智能馬桶）:HK$160', '怡致大床房（全景落地窗+智能馬桶）:HK$180', '麗致大床房（全景落地窗+城市觀景）:HK$193', '雅緻景觀大床房（全景落地窗+寬敞舒適+智能客控）:HK$205', '雅緻景觀雙床房（全景落地窗+陽光房）:HK$212']"
亞朵酒店（上饒信州區政府店）,9.6,"['雅緻大床房【智能客控+65寸智能投屏電視】:HK$314', '高級大床房【智能客控+65寸智能投屏電視】:HK$340', '高級雙床房【智能客控+65寸智能投屏電視】:HK$358', '行政大床房【智能客控+65寸投屏電視+冰箱+浴袍】:HK$403', '行政湖景雙床房【智能客控+65寸投屏電視+冰箱+浴袍】:HK$421']"
美豪怡致酒店（上饒新一中上饒高鐵站店）,9.4,"['麗致大床房:HK$287', '麗致雙床房:HK$306', '雅緻大床房:HK$333', '雅緻雙床房:HK$352', '雅緻套房:HK$398']"
城市便捷酒店（上饒晶科大道店）,9.6,"['高級大床房:HK$195', '高級雙床房:HK$203', '豪華大床房:HK$210', '豪華雙床房:HK$226']"
望仙谷山間堂酒店,8.4,"['庭院景觀雙床房:HK$511', '庭院景觀大床房:HK$519', '臨溪景觀雙床房:HK$555', '叢峯山景雙床房:HK$643', '叢峯山景大床房:HK$643']"
