酒店名称,评分,房型价格列表
禹都樂滋酒店（中衞鼓樓向陽步行街店）,8.8,"['卓美大床房（超大床墊+搓澡巾+乾濕分離）:HK$448', '艾美雙床房（陽光滿屋+搓澡巾+乾濕分離）:HK$481', '瑰麗大床房（室內綠色景觀+靜謐睡眠）:HK$524', '瑰麗親子房（超大床墊+浴缸+親子時光）:HK$679', '艾美親子三人房（陽光滿屋+搓澡巾+乾濕分離）:HK$722']"
中衞市優派萊斯酒店,9.3,"['行政大床房:HK$489', '行政雙床房:HK$489', '豪華家庭房:HK$518', '豪華大床房（零壓床墊+零壓枕）:HK$602', '雅緻親子房:HK$653']"
中衞凱滙泊爾酒店（鼓樓東街店）,9.4,"['城夢大床房:HK$643', '城夢雙床房:HK$666', '城遇景觀大床房:HK$769', '巨幕影音房:HK$793', '城遇景觀雙床房:HK$912', '城趣時光親子房:HK$1,177']"
沙之海·沙漠星星宿集露營地,9.5,"['月下丨大床房帳篷（通電+WIFI+循環熱水+電熱毯）:HK$277', '摘星丨雙床房帳篷（通電+通網+循環熱水+電熱毯）:HK$287', '日落丨親子房帳篷（通電+WIFI+循環熱水+電熱毯）:HK$295', '180度觀景丨沙景親子房｜空調+獨衞:HK$1,197']"
伊丁酒店（中衛沙坡頭區店）,9.2,"['西北的夢雙人間:HK$201', '北歐簡約大床房:HK$212', '豪華標準間:HK$214', '輕奢典雅大床房:HK$258']"
物華天閱酒店（中衛鼓樓南街店）,9.2,"['品悦·舒適雙床房（乾濕分離+自助洗衣）:HK$298', '品逸·高級雙床房（乾濕分離+自助洗衣）:HK$320', '品逸·高級大床房（乾濕分離+自助洗衣）:HK$320', '品樂·豪華親子房（小童洗漱用品+乾濕分離）:HK$342']"
中衞金土木國際酒店（中衞鼓樓店）,9.1,"['輕享陽光雙床房（臨窗觀景+釋壓床墊+乾濕分離）:HK$496', '輕享陽光大床房（臨窗觀景+釋壓床墊+乾濕分離）:HK$496', '行政精英雙床房（臨窗觀景+釋壓床墊+乾濕分離）:HK$704', '行政精英大床房（臨窗觀景+釋壓床墊+乾濕分離）:HK$704', '樂享温馨家庭房（臨窗觀景+釋壓床墊+乾濕分離）:HK$744', '樂享三人行——兩間房（臨窗觀景+釋壓床墊+乾濕分離）:HK$927']"
中衛希玥知悠酒店,9.8,"['希玥·高級大床房（全屋智能+零壓安睡床墊+零壓枕）:HK$512', '希玥·標準雙床房（全屋智能+零壓安睡床墊+零壓枕）:HK$535', '希玥·豪華雙床房（全屋智能+零壓安睡床墊+零壓枕）:HK$557', '希玥·高級雙床房（全屋智能+零壓安睡床墊+零壓枕）:HK$583', '希玥·親子主題房（全屋智能+零壓安睡床墊+零壓枕）:HK$609']"
希岸酒店（中衞鼓樓店）,9.5,"['希岸高級大床房（夢百合安睡床墊+零壓枕）:HK$625', '希岸雅緻雙床房:HK$625', '希岸豪華大床（夢百合安睡床墊+零壓枕）:HK$685', '希岸豪華雙床房（夢百合安睡床墊+零壓枕）:HK$685']"
中衞市萊諾大酒店（豐安東路店）,9.1,"['零壓雙床房:HK$345', '觀景雙床房:HK$345', '温馨家庭房:HK$374', '輕奢大床房:HK$374', '零壓大床房:HK$469']"
沙域胡楊之沙漠日記露營地,9.8,"['日記-Moon星空野奢雙床帳篷（通電+通網）:HK$449', '日記-Moon星空野奢四人帳篷（通電+通網）:HK$449', '日記輕奢-LoveMoon漠野沙景雙床房（空調+180°觀景）:HK$1,278', '日記輕奢-LoveMoon漠野沙景親子房（空調+180°觀景）:HK$1,278']"
文脈湖景酒店（寧夏大學中衞校區店）,9.4,"['臻享特惠房:HK$305', '臻享特惠雙床房:HK$458', '悦居雙棲·臻享雙床房:HK$487', '奢雅大床房:HK$510', '奢雅雙床房:HK$510']"
中衛未見之美酒店（鼓樓東街店）,9.9,"['未見雙床房（全屋智能+零壓安睡床墊+零壓枕）:HK$527', '之美雙床房（全屋智能+零壓安睡床墊+零壓枕）:HK$564', '未見家庭房（全屋智能+零壓安睡床墊+零壓枕）:HK$583', '未見大床房（全屋智能+零壓安睡床墊+零壓枕）:HK$601', '之美家庭房（全屋智能+零壓安睡床墊+零壓枕）:HK$620']"
拾暮沙漠營地,9.9,"['Moon拾暮 | 蓮花大床帳篷:HK$478', 'Moon拾暮 | 蓮花雙床帳篷:HK$510', 'Moon拾暮 | 蓮花親子帳篷:HK$526', 'BlackMoon拾暮 | 180°全景大床房 | 空調:HK$1,435']"
映·時光電影酒店,8.0,"['電影主題雙床房:HK$317', '電影主題親子間:HK$353', '電影主題家庭房:HK$437']"
中衛沙都酒店（沙坡頭區店）,9.0,"['精選智能標準間:HK$281', '私人影院大床房:HK$317', '悦享·度假家庭房:HK$327', '沙景·智能家庭房（沙漠景觀+小童藤椅+智能幕簾）:HK$434', '棋牌榻榻米:HK$477']"
中衛伊丁·鉑曼智慧酒店（沙坡頭區店）,9.2,"['鉑曼智慧雙床房:HK$435', '鉑曼智慧大床房:HK$471', '鉑曼智慧親子房:HK$523', '鉑曼歡樂家庭房:HK$550', '鉑曼智慧三人間:HK$585']"
中衞泊奧大酒店,9.3,"['臻品大床房:HK$487', '臻品雙床房:HK$487', '泊奧雙床房:HK$771', '泊奧大床房:HK$772', '豪華大床房:HK$970', '豪華雙床房:HK$1,079']"
集野星空露營基地,9.6,"['摩洛哥帳篷大床房（公共衞浴）（帳篷通電）:HK$526', '大漠孤煙摩洛哥帳篷房（公共衞浴）（帳篷通電）:HK$526', '蘋果倉 | 沙景大床房（空調丨通電丨通網）:HK$1,214', '蘋果倉 | 沙景雙床房（空調丨通電丨通網）:HK$1,290']"
沙漠星星伴旅露營地,9.5,"['伴旅大床房帳篷（公共衞浴）（通電+通網+品質床品）:HK$512', '伴旅親子帳篷（公共衞浴）（通電+通網+品質床品）:HK$566', '伴旅四人房帳篷（公共衞浴）（通電+通網+品質床品）:HK$622', '伴旅温馨小木屋（空調+通電+循環熱水+品質床品）:HK$971']"
寧夏黃河金岸花園大酒店,9.3,"['生態豪華標間:HK$512', '生態豪華單間:HK$512', '生態普標:HK$512', '金岸親子主題房:HK$668', '鳥巢星空房:HK$694']"
中衞星岸酒店（鼓樓西街店）,9.5,"['行政大床房:HK$833', '行政雙床房:HK$847', '星空巨幕房:HK$907', '星岸雙床房:HK$996', '動物樂園親子房:HK$1,035']"
星程酒店（中衞鼓樓店）,9.4,"['雙床房【全屋智能+定製床墊】:HK$470', '大床房【全屋智能+定製床墊】:HK$499', '高級雙床房【全屋智能+定製床墊】:HK$518', '高級大床房【全屋智能+定製床墊】:HK$537']"
遇見沙漠露營觀景酒店,9.7,"['沙漠探戈丨大床帳篷（通電+WiFi+品質床品）:HK$408', '沙漠探戈丨雙人帳篷（通電+WiFi+品質床品）:HK$408', '沙漠探戈丨親子帳篷（通電+WiFi+品質床品）:HK$472', '沙漠探戈丨4人帳篷（通電+WiFi+品質床品）:HK$537']"
沙漏·時之棲沙漠帳篷觀景民宿,9.8,"['時砂-Morocco大床帳篷（通網+通電+洗臉巾+户外椅）:HK$480', '漏嶼-Morocco雙床帳篷（通網+通電+洗臉巾）:HK$480', '流隙-Morocco親子帳篷（通網+通電+洗臉巾+户外椅）:HK$551', '棲遲-Morocco家庭帳篷（通網+通電+洗臉巾+户外椅）:HK$622']"
夜宿·沙海湖畔露營酒店,9.4,"['大床蓮花帳篷（24h通電+網絡覆蓋）:HK$533', '三人蓮花帳篷（24h通電+網絡覆蓋）:HK$581', '大床空調帳篷（24h通電+網絡覆蓋）:HK$617', '四人蓮花帳篷（24h通電+網絡覆蓋）:HK$617']"
漠客·漠途露營地,9.6,"['摩洛哥大床帳篷（公共衞浴）:HK$598', '摩洛哥雙床帳篷（公共衞浴）:HK$687', '摩洛哥親子帳篷（公共衞浴）:HK$696', '家庭小木屋（公共衞浴）:HK$1,067']"
沙漠尋祕露營酒店,9.8,"['尋祕 | Moon蓮花雙床房 | 通電+通網:HK$367', '尋祕 | Moon蓮花大床房 | 通電+通網:HK$375', '尋祕 | Moon蓮花親子房 | 通電+通網:HK$414', '尋祕 | Moon獨棟榻榻米小木屋 | 空調+通電+通網:HK$733']"
6號星空帳篷酒店,9.2,"['波光躍影大床帳|通電|通網:HK$533', '波光躍影雙床帳|通電|通網:HK$533', '觀瀾聽泉親子帳|通電|通網:HK$575', '觀瀾聽泉家庭帳|通電|通網:HK$617']"
一嶼星河沙漠露營民宿,9.4,"['民族風摩洛哥星空帳篷（帳篷通電）:HK$268', '一嶼星河沙漠雙床房:HK$1,452', '一嶼星河沙漠大床房:HK$1,452', '一嶼星河沙漠親子房:HK$1,605']"
中衞騰格裏沙漠沙泉露營民宿,9.1,"['星空露營. 野奢雙床摩洛哥帳篷（公共衞浴）:HK$312', '180°星空獨棟沙景房（雙床）:HK$840', 'VIP景觀.180°星空獨棟情侶沙景房（大床）:HK$840', '180°星空獨棟沙景房（親子間）:HK$900']"
沙漠星星親子帳篷露營地,9.3,"['沙海觀星雙床帳篷（熱水+通電+公共衞浴）:HK$326', '沙海觀星大床帳篷（熱水+通電+公共衞浴）:HK$326', '温馨觀星家庭帳篷（循環熱水+無線WIFI+通電）:HK$423', '蓮花星空親子營賬（循環熱水+無線WIFI+通電）:HK$447']"
大漠星驛露營地,9.3,"['星驛-Moon摩洛哥全景視野雙床房帳篷\u200b\u200b｜{通電+通網}:HK$304', '星驛-Moon摩洛哥全景視野大床帳篷 \u200b\u200b{通電+通網}:HK$304', '星驛-Moon摩洛哥親子帳篷{通電+通網}:HK$304', '星驛奢-LoveMoon180°全景獨棟雙床房{空調+通電}:HK$974']"
老闆娘的沙漠觀景酒店,9.5,"['摩洛哥親子帳篷:HK$457', '摩洛哥雙床帳篷:HK$458', '摩洛哥大床帳篷:HK$458', '蓮花星空帳篷四人間:HK$608']"
沙漠故事觀景酒店,9.6,"['故事 | Kelly雙床帳篷 | 通電+通網+電熱毯:HK$457', '故事 | Kelly親子帳篷 | 通電+通網+電熱毯:HK$483', '故事 | Kelly四人帳篷 | 通電+通網+電熱毯:HK$500', '沙漠故事 | 野奢180°觀景雙床房 | 空調+獨立衞浴:HK$1,432']"
漠西戈·沙漠宿集露營地,9.0,"['摩洛哥主題星空大帳（帳篷通電）:HK$464', '沙景獨棟木屋（公共衞浴）:HK$983', '夢幻太空艙:HK$1,106', '浪漫星際房車:HK$1,106']"
中衞水岸雲天觀景酒店,9.0,"['雲天商務雙床房:HK$558', '雲天商務大床房:HK$558', '雲天觀景豪華雙床房:HK$716', '雲天觀景豪華大床房:HK$716', '豪華親子房:HK$930', '雲天觀景行政雙床房:HK$1,038']"
西北故事酒店（沙坡頭區店）,9.0,"['大河濤濤·雙床房:HK$413', '愛在萬夏·雙床房:HK$413', '相忘江湖·雙床房:HK$413', '行在漠北·雙床房:HK$413', '愛在萬夏·大床房:HK$437']"
沙塵暴·沙漠宿集露營地,9.4,"['沙語-大床帳篷（通電+通網+户外椅+電熱毯）:HK$410', '沙洲-雙床帳篷（通電+通網+户外椅+電熱毯）:HK$410', '漠趣-親子帳篷（通電+通網+户外椅+電熱毯）:HK$480', '漠緣-四人帳篷（通電+通網+户外椅+電熱毯）:HK$622']"
第八號星宿觀景民宿,9.0,"['駝影-雙床帳篷（通電丨通網丨户外椅丨洗浴套裝）:HK$480', '棲漠-大床帳篷（通電丨通網丨户外椅丨洗浴套裝）:HK$480', '沙珀-親子帳篷（通電丨通網丨户外椅丨洗浴套裝）:HK$551', '絲路遺夢-木屋大床房（通電丨舒睡床墊丨私享空調）:HK$989']"
中衞風情園民宿,7.7,"['臨波·水上露台大床房（落地窗+露台美景+安穩睡眠）:HK$222', '湖光酌·星空露台雙床房（落地窗+露台美景+安穩睡眠）:HK$236', '年輪·時光別墅榻榻米（落地窗+草地花田+户外樂園）:HK$596']"
Tengol沙漠度假酒店,9.3,"['沙漠經典大床房:HK$4,738', '沙漠院落大床房:HK$5,085', '沙漠露台雙床房:HK$5,663', '沙漠露台大床房:HK$5,663', '沙漠景觀泡池大床房:HK$7,050']"
全季酒店（中衞豐安東路店）,9.7,"['大床房:HK$523', '高級大床房:HK$580', '雙床房:HK$636', '商務雙床房:HK$710']"
歸沙集·沙漠觀景民宿,10.0,"['星穹牧野-大床帳篷（通電丨通網丨電熱毯丨户外椅）:HK$495', '沙漏時光-雙床帳篷（通電丨通網丨電熱毯丨户外椅）:HK$495', '歸墟無界-親子帳篷（通電丨通網丨電熱毯丨户外椅）:HK$565', '銀河懸帳-四人帳篷（通電丨通網丨電熱毯丨户外椅）:HK$636']"
中衞金沙海火車主題旅館,9.2,"['A區·火車懷舊標間:HK$1,004', 'A區·火車創意單間:HK$1,004', 'A區·火車主題標間:HK$1,183', 'A區·火車總統套房:HK$1,735']"
星舍星光沙漠野奢露營基地,9.6,"['星舍 | 野奢雙床帳篷 | 通電+通網+電熱毯:HK$404', '星舍 | 野奢大床帳篷 | 通電+通網+電熱毯:HK$407', '星舍 | 野奢親子帳篷 | 通電+通網+電熱毯:HK$517', '星舍星光 | 180°觀景大床房 | 空調+獨立衞浴:HK$1,365']"
大漠荒野沙漠觀星民宿,9.5,"['逐月雙床帳篷（24h通電+循環熱水）:HK$510', '追星大床帳篷（24h通電+循環熱水）:HK$510', '挽霞親子帳篷（24h通電+循環熱水）:HK$569', '伴湖四人帳篷（24h通電+循環熱水）:HK$639']"
66號沙漠露營地,9.5,"['66號 | 摩洛哥大床房（通電+通網+循環熱水+品質床品）:HK$446', '66號 | 摩洛哥雙床房（通電+通網+循環熱水+品質床品）:HK$512', '66號 | 摩洛哥親子房（通電+通網+循環熱水+品質床品）:HK$566', '66號 | 摩洛哥4人房（通電+通網+循環熱水+品質床品）:HK$622']"
印象騰格裏沙漠宿集,9.6,"['貳丨沙影流光大床帳篷【通電丨網+電熱毯+公共衞浴】:HK$466', '壹丨曠野星河雙床帳篷【通電丨網+電熱毯+公共衞浴】:HK$472', '叁丨星辰甜夢親子帳篷【通電丨網+電熱毯+公共衞浴】:HK$557', '肆丨旅行四人雙床帳篷【通電丨網+電熱毯+公共衞浴】:HK$698']"
沙之船露營酒店,9.5,"['摩洛哥網紅帳篷雙床房（公共衞浴）（帳篷通電）:HK$633', '摩洛哥網紅帳篷親子房（公共衞浴）（帳篷通電）:HK$682', '星星故鄉·榻榻米木屋空調房（公共衞浴）:HK$1,014', '望沙觀星雅緻大床房:HK$1,854']"
