酒店名称,评分,房型价格列表
禹都樂滋酒店（中衞鼓樓向陽步行街店）,8.8,"['卓美大床房（超大床墊+搓澡巾+乾濕分離）:HK$449', '艾美雙床房（陽光滿屋+搓澡巾+乾濕分離）:HK$482', '瑰麗大床房（室內綠色景觀+靜謐睡眠）:HK$526', '瑰麗親子房（超大床墊+浴缸+親子時光）:HK$680', '艾美親子三人房（陽光滿屋+搓澡巾+乾濕分離）:HK$724']"
物華天閱酒店（中衛鼓樓南街店）,9.2,"['品悦·舒適雙床房（乾濕分離+自助洗衣）:HK$299', '品逸·高級雙床房（乾濕分離+自助洗衣）:HK$321', '品逸·高級大床房（乾濕分離+自助洗衣）:HK$321', '品樂·豪華親子房（小童洗漱用品+乾濕分離）:HK$343']"
中衛黃河希遇酒店（城市景觀店）,9.7,"['隱於市·城遇大床房:HK$800', '隱於市·城遇河景雙床房:HK$858', '隱於市·城逸大床房:HK$905', '隱於市·城悦河景雙床房:HK$908', '隱於市·城享河景大床房:HK$990', '隱於市·城漫花園星空套房:HK$3,263']"
星程酒店（中衞鼓樓店）,9.4,"['雙床房【全屋智能+定製床墊】:HK$481', '大床房【全屋智能+定製床墊】:HK$509', '高級雙床房【全屋智能+定製床墊】:HK$528', '高級大床房【全屋智能+定製床墊】:HK$547']"
中衞金土木國際酒店（中衞鼓樓店）,9.1,"['舒適大床房（釋壓床墊+乾濕分離）:HK$272', '舒適雙床房（釋壓床墊+乾濕分離）:HK$272', '輕享陽光雙床房（臨窗觀景+釋壓床墊+乾濕分離）:HK$497', '輕享陽光大床房（臨窗觀景+釋壓床墊+乾濕分離）:HK$497', '行政精英雙床房（臨窗觀景+釋壓床墊+乾濕分離）:HK$705', '行政精英大床房（臨窗觀景+釋壓床墊+乾濕分離）:HK$705']"
中衞凱滙泊爾酒店（鼓樓東街店）,9.4,"['城夢大床房:HK$590', '城夢雙床房:HK$611', '巨幕影音房:HK$728', '城遇景觀大床房:HK$771', '城遇景觀雙床房:HK$837', '城趣時光親子房:HK$1,080']"
伊丁酒店（中衞沙坡頭景區店）,9.2,"['西北的夢雙人間:HK$142', '北歐簡約大床房:HK$153', '豪華標準間:HK$155', '輕奢典雅大床房:HK$200']"
中衞市萊諾大酒店（豐安東路店）,9.1,"['行政雙床房:HK$319', '零壓雙床房:HK$346', '觀景雙床房:HK$346', '温馨家庭房:HK$375', '輕奢大床房:HK$375']"
中衞風情園民宿,7.7,"['臨波·水上露台大床房（落地窗+露台美景+安穩睡眠）:HK$222', '湖光酌·星空露台雙床房（落地窗+露台美景+安穩睡眠）:HK$237', '年輪·時光別墅榻榻米（落地窗+草地花田+户外樂園）:HK$597']"
映·時光電影酒店,8.0,"['電影主題雙床房:HK$318', '電影主題親子間:HK$354', '電影主題家庭房:HK$438']"
文脈湖景酒店（寧夏大學中衞校區店）,9.4,"['臻享特惠房:HK$306', '臻享特惠雙床房:HK$459', '悦居雙棲·臻享雙床房:HK$488', '奢雅雙床房:HK$511', '奢雅大床房:HK$512']"
希岸酒店（中衞鼓樓店）,9.5,"['希岸高級大床房（夢百合安睡床墊+零壓枕）:HK$586', '希岸雅緻雙床房:HK$586', '希岸豪華大床（夢百合安睡床墊+零壓枕）:HK$643', '希岸豪華雙床房（夢百合安睡床墊+零壓枕）:HK$643']"
沙漠星星親子帳篷露營地,9.3,"['沙海觀星雙床帳篷（熱水+通電+公共衞浴）:HK$326', '沙海觀星大床帳篷（熱水+通電+公共衞浴）:HK$326', '温馨觀星家庭帳篷（循環熱水+無線WIFI+通電）:HK$424', '蓮花星空親子營賬（循環熱水+無線WIFI+通電）:HK$448']"
中衛未見之美酒店（鼓樓東街店）,10.0,"['未見雙床房（全屋智能+零壓安睡床墊+零壓枕）:HK$512', '之美雙床房（全屋智能+零壓安睡床墊+零壓枕）:HK$547', '未見家庭房（全屋智能+零壓安睡床墊+零壓枕）:HK$584', '未見大床房（全屋智能+零壓安睡床墊+零壓枕）:HK$603', '之美家庭房（全屋智能+零壓安睡床墊+零壓枕）:HK$621']"
野奢天際全景沙漠露營地,9.1,"['天際丨Moon摩洛哥雙床房 | 通網+通電:HK$322', '天際丨Moon摩洛哥大床房 | 通網+通電:HK$322', '天際丨Moon摩洛哥親子房 | 通網+通電:HK$399', '天際丨Moon摩洛哥四人房 | 通網+通電:HK$420']"
中衛希玥知悠酒店,9.8,"['希玥·高級大床房（全屋智能+零壓安睡床墊+零壓枕）:HK$513', '希玥·標準雙床房（全屋智能+零壓安睡床墊+零壓枕）:HK$536', '希玥·豪華雙床房（全屋智能+零壓安睡床墊+零壓枕）:HK$558', '希玥·高級雙床房（全屋智能+零壓安睡床墊+零壓枕）:HK$584', '希玥·親子主題房（全屋智能+零壓安睡床墊+零壓枕）:HK$610']"
中衞泊奧大酒店,9.3,"['臻品大床房:HK$489', '臻品雙床房:HK$489', '泊奧雙床房:HK$773', '泊奧大床房:HK$774', '豪華大床房:HK$972', '豪華雙床房:HK$1,081']"
老闆娘的沙漠觀景酒店,9.5,"['摩洛哥親子帳篷:HK$459', '摩洛哥雙床帳篷:HK$459', '摩洛哥大床帳篷:HK$459', '蓮花星空帳篷四人間:HK$609']"
寧夏黃河金岸花園大酒店,9.3,"['生態豪華標間:HK$513', '生態豪華單間:HK$513', '生態普標:HK$513', '金岸親子主題房:HK$670', '鳥巢星空房:HK$695']"
沙漠星星伴旅露營地,9.5,"['伴旅大床房帳篷（公共衞浴）（通電+通網+品質床品）:HK$514', '伴旅親子帳篷（公共衞浴）（通電+通網+品質床品）:HK$568', '伴旅四人房帳篷（公共衞浴）（通電+通網+品質床品）:HK$623', '伴旅温馨小木屋（空調+通電+循環熱水+品質床品）:HK$973']"
中衞星岸酒店（鼓樓西街店）,9.5,"['行政大床房:HK$835', '行政雙床房:HK$848', '星空巨幕房:HK$909', '星岸雙床房:HK$999', '尊享雙床房:HK$1,038']"
一嶼星河沙漠露營民宿,9.4,"['民族風摩洛哥星空帳篷（帳篷通電）:HK$268', '一嶼星河沙漠雙床房:HK$1,456', '一嶼星河沙漠大床房:HK$1,456', '一嶼星河沙漠親子房:HK$1,609']"
中衞伊丁·鉑曼智慧酒店（沙坡頭景區店）,9.2,"['鉑曼智慧雙床房:HK$436', '鉑曼智慧大床房:HK$472', '鉑曼智慧親子房:HK$524', '鉑曼歡樂家庭房:HK$552', '鉑曼智慧三人間:HK$586']"
集野星空露營基地,9.6,"['摩洛哥帳篷大床房（公共衞浴）（帳篷通電）:HK$527', '大漠孤煙摩洛哥帳篷房（公共衞浴）（帳篷通電）:HK$527', '蘋果倉 | 沙景大床房（空調丨通電丨通網）:HK$1,217', '蘋果倉 | 沙景雙床房（空調丨通電丨通網）:HK$1,293']"
大漠星驛露營地,9.3,"['星驛-Moon摩洛哥全景視野雙床房帳篷\u200b\u200b｜{通電+通網}:HK$305', '星驛-Moon摩洛哥全景視野大床帳篷 \u200b\u200b{通電+通網}:HK$305', '星驛-Moon摩洛哥親子帳篷{通電+通網}:HK$305', '星驛奢-LoveMoon180°全景獨棟雙床房{空調+通電}:HK$977']"
漠西戈·沙漠宿集露營地,9.0,"['摩洛哥主題星空大帳（帳篷通電）:HK$465', '沙景獨棟木屋（公共衞浴）:HK$930', '夢幻太空艙:HK$1,070', '浪漫星際房車:HK$1,070']"
漠客·漠途露營地,9.6,"['摩洛哥大床帳篷（公共衞浴）:HK$609', '摩洛哥雙床帳篷（公共衞浴）:HK$700', '摩洛哥親子帳篷（公共衞浴）:HK$708', '家庭小木屋（公共衞浴）:HK$1,085']"
沙漠尋祕露營酒店,9.8,"['尋祕 | Moon蓮花雙床房 | 通電+通網:HK$394', '尋祕 | Moon蓮花大床房 | 通電+通網:HK$399', '尋祕 | Moon蓮花親子房 | 通電+通網:HK$415', '尋祕 | Moon獨棟榻榻米小木屋 | 空調+通電+通網:HK$735']"
中衞沙都酒店（沙坡頭景區店）,9.0,"['精選智能標準間:HK$282', '悦享·度假家庭房:HK$328', '沙景·智能家庭房（沙漠景觀+小童藤椅+智能幕簾）:HK$435', '沙都三人間:HK$454', '棋牌榻榻米:HK$478']"
拾暮沙漠營地,9.9,"['Moon拾暮 | 蓮花大床帳篷:HK$479', 'Moon拾暮 | 蓮花雙床帳篷:HK$511', 'Moon拾暮 | 蓮花親子帳篷:HK$527', 'BlackMoon拾暮 | 180°全景大床房 | 空調:HK$1,278']"
6號星空帳篷酒店,9.2,"['波光躍影大床帳|通電|通網:HK$535', '波光躍影雙床帳|通電|通網:HK$535', '觀瀾聽泉親子帳|通電|通網:HK$577', '觀瀾聽泉家庭帳|通電|通網:HK$619']"
望月沙漠露營地,9.2,"['網紅摩洛哥標準帳篷:HK$306', '網紅水滴蓮花標準帳篷:HK$383', '網紅水滴蓮花家庭帳篷:HK$421', '觀景小木屋:HK$766']"
沙漏·時之棲沙漠帳篷觀景民宿,10.0,"['時砂-Morocco大床帳篷（通網+通電+洗臉巾+户外椅）:HK$482', '漏嶼-Morocco雙床帳篷（通網+通電+洗臉巾）:HK$482', '流隙-Morocco親子帳篷（通網+通電+洗臉巾+户外椅）:HK$553', '棲遲-Morocco家庭帳篷（通網+通電+洗臉巾+户外椅）:HK$623']"
星玥野奢露營地,8.8,"['星空蓮花帳篷:HK$467', '小木屋大床房:HK$689', '沙景觀星雙床房（乾濕分離）:HK$1,181', '沙景觀星大床房（乾濕分離）:HK$1,318']"
西北故事酒店（沙坡頭景區店）,9.0,"['大河濤濤·雙床房:HK$414', '愛在萬夏·雙床房:HK$414', '相忘江湖·雙床房:HK$414', '行在漠北·雙床房:HK$414', '愛在萬夏·大床房:HK$438']"
中衞金沙海火車主題旅館,9.2,"['A區·火車懷舊標間:HK$1,006', 'A區·火車創意單間:HK$1,006', 'A區·火車主題標間:HK$1,190', 'A區·火車總統套房:HK$1,746']"
中衞水岸雲天觀景酒店,9.0,"['雲天商務雙床房:HK$559', '雲天商務大床房:HK$559', '雲天觀景豪華雙床房:HK$717', '雲天觀景豪華大床房:HK$717', '豪華親子房:HK$933', '雲天觀景行政雙床房:HK$1,041']"
星星祕境露營基地,8.9,"['望月.蓮花雙床房帳篷（通電）:HK$338', '攬月.蓮花大床房帳篷（通電）:HK$404', '桂月.蓮花親子房帳篷（通電）:HK$459', '森夏.湖畔小木屋（通電+空調）:HK$732']"
時之沙大漠民宿,8.9,"['落日餘暉大床帳|通電通網:HK$541', '漠野尋趣親子帳|通電通網:HK$595', '徜徉沙海四人帳|通電通網:HK$643', '星語幽居大床房|270°觀景:HK$1,016', '漠野歡庭親子間|360°全景:HK$1,738']"
星賜沙漠露營基地,9.6,"['摩洛哥 | 觀星大床房帳篷（通電+通網+循環熱水）:HK$294', '摩洛哥 | 觀星雙床房帳篷（通電+通網+電熱毯）:HK$326', '摩洛哥 | 觀星家庭房帳篷（通電+通網+循環熱水）:HK$392', '180度觀景沙景大床房（獨立衞浴+空調）:HK$1,083']"
夕陽小築沙漠觀星酒店,10.0,"['自在舒適丨帳篷大床房:HK$410', '忘憂雙棲丨帳篷雙床房:HK$424', '晨嶼温馨丨帳篷親子房:HK$488', '斜陽沙景丨浪漫大床房:HK$1,445']"
沙域胡楊之沙漠日記露營地,9.8,"['日記-Moon星空野奢雙床帳篷（通電+通網）:HK$450', '日記-Moon星空野奢四人帳篷（通電+通網）:HK$450', '日記輕奢-LoveMoon漠野沙景雙床房（空調+180°觀景）:HK$1,280', '日記輕奢-LoveMoon漠野沙景親子房（空調+180°觀景）:HK$1,280']"
沙之船露營酒店,9.5,"['摩洛哥網紅帳篷大床房（公共衞浴）（帳篷通電）:HK$579', '摩洛哥網紅帳篷雙床房（公共衞浴）（帳篷通電）:HK$705', '摩洛哥網紅帳篷親子房（公共衞浴）（帳篷通電）:HK$760', '星星故鄉·榻榻米木屋空調房（公共衞浴）:HK$1,108']"
66號沙漠露營地,9.6,"['66號 | 摩洛哥大床房（通電+通網+循環熱水+品質床品）:HK$447', '66號 | 摩洛哥雙床房（通電+通網+循環熱水+品質床品）:HK$513', '66號 | 摩洛哥親子房（通電+通網+循環熱水+品質床品）:HK$567', '66號 | 摩洛哥4人房（通電+通網+循環熱水+品質床品）:HK$624']"
沙漠故事觀景酒店,9.6,"['故事 | Kelly雙床帳篷 | 通電+通網+電熱毯:HK$476', '故事 | Kelly親子帳篷 | 通電+通網+電熱毯:HK$501', '故事 | Kelly四人帳篷 | 通電+通網+電熱毯:HK$519', '沙漠故事 | 沙漠180°觀景親子房 | 空調+獨立衞浴:HK$1,632']"
幻境·大漠宿集觀星露營地,9.5,"['悠然•大床帳篷（通電＋通網＋循環熱水＋電熱毯）:HK$507', '星野•雙床帳篷（通電＋通網＋循環熱水＋電熱毯）:HK$519', '夢境•親子帳篷（通電＋通網＋循環熱水＋電熱毯）:HK$578', '夢然•四人帳篷（通電＋通網＋循環熱水＋電熱毯）:HK$613']"
全季酒店（中衞豐安東路店）,9.7,"['大床房:HK$525', '高級大床房:HK$581', '雙床房:HK$637', '商務雙床房:HK$712']"
沙之海·沙漠星星宿集露營地,9.5,"['月下丨大床房帳篷（通電+WIFI+循環熱水+電熱毯）:HK$338', '摘星丨雙床房帳篷（通電+通網+循環熱水+電熱毯）:HK$349', '日落丨親子房帳篷（通電+WIFI+循環熱水+電熱毯）:HK$359', '180度觀景丨四人沙景雙床房｜空調+獨衞:HK$1,460']"
星漠之旅沙漠觀景民宿,9.9,"['Moon | 星漠雙床蓮花帳篷 | 通網+通電:HK$391', 'Moon | 星漠大床蓮花帳篷 | 通網+通電:HK$391', 'Moon | 星漠親子蓮花帳篷 | 通網+通電:HK$415', '2號 | 觀星摩洛哥大床帳篷 | 通網+通電:HK$478']"
夜宿·沙海湖畔露營酒店,9.4,"['大床蓮花帳篷（24h通電+網絡覆蓋）:HK$535', '三人蓮花帳篷（24h通電+網絡覆蓋）:HK$583', '大床空調帳篷（24h通電+網絡覆蓋）:HK$619', '四人蓮花帳篷（24h通電+網絡覆蓋）:HK$619']"
