酒店名称,评分,房型价格列表
仙桃仙苑國際大酒店,9.3,"['豪華大床房:HK$258', '豪華雙人房:HK$258', '麻將標間:HK$393', '貴賓房:HK$403', '江景貴賓房:HK$403']"
宜尚酒店（仙桃武商體育館店）,9.4,"['高級大床房（動人城景+採光視野好）:HK$146', '高級雙床房（動人城景+採光視野好）:HK$146', '豪華雙床房（房間開闊）:HK$159', '豪華大床房（房間開闊）:HK$159']"
仙桃榮喜來酒店,9.3,"['豪華雙床房:HK$302', '豪華大床房:HK$311', '特價麻將房:HK$336', '麻將雙床房:HK$379', '麻將大床房:HK$384']"
金芒果酒店（仙桃商城大廈仙源大道店）,9.5,"['温馨大床房【全屋WiFi＋公區提供洗衣機】:HK$83', '商務大床房【全屋WiFi＋深度好眠】:HK$96', '温馨情侶房【舒適安靜＋情侶圓床】:HK$96', '商務雙床房【靜謐舒適＋零壓床墊】:HK$120']"
桔子酒店（仙桃市政府店）,9.7,"['月若流金雙床房:HK$381', '月若流金大床房:HK$398', '觀景大床房:HK$411', '加州陽光大床房:HK$415', '高級大床房:HK$450']"
城市便捷酒店（仙桃漢江路稅務局店）,9.3,"['標準大床房（全屋智能 +温馨雅緻）:HK$150', '高級大床房（全屋智能+寬敞明亮）:HK$175', '豪華套房（全屋智能+商務休閑）:HK$207', '豪華家庭套房（歡樂親子+休閑娛樂）:HK$231']"
漢庭酒店（仙桃錢溝體育館店）,9.7,"['棋牌大床房:HK$197', '大床房:HK$214', '高級大床房:HK$231', '高級雙床房:HK$257']"
仙桃沔街大酒店,9.3,"['輕奢雙床房:HK$314', '輕奢大床房:HK$327', '麻將大床房:HK$348', '麻將雙床房:HK$348']"
維也納酒店（仙桃復州大道店）,9.5,"['標準大床房（智能客控）:HK$179', '標準雙床房（智能客控）:HK$179', '豪華大床房（智能客控）:HK$208', '影音大床房（智能客控）:HK$208']"
橙子酒店（仙桃錢溝路體育館店）,9.2,"['特惠大床房:HK$138', '特惠雙床房:HK$138', '舒適大床房:HK$145', '精品大床房:HK$152']"
柏曼酒店（仙桃宏達路步行街店）,9.4,"['標準大床房（温馨明亮+舒適床品）:HK$152', '高級大床房（輕奢雅緻+寬敞明亮）:HK$179', '高級雙床房（輕奢雅緻+寬敞明亮）:HK$186', '電競大床房:HK$192']"
城市便捷酒店（仙桃一中店）,9.5,"['標準大床房:HK$111', '商務大床房:HK$129', '商務雙床房:HK$135', '豪華大床房:HK$142']"
城市便捷酒店（仙桃大道武商MALL店）,9.1,"['標準大床房（温馨舒適+乾濕分離）:HK$157', '商務大床房（安靜好眠+乾濕分離）:HK$167', '標準雙床房（安靜舒適+乾濕分離）:HK$175', '商務雙床房（安靜舒適+寬敞明亮）:HK$195']"
你好酒店（仙桃絲寶路婦幼保健院店）,9.8,"['大床房:HK$179', '高級大床房:HK$197', '商務大床房:HK$214', '高級雙床房:HK$214']"
尚客優酒店（仙桃商城大廈步行街店）,9.7,"['智能大床房（小愛同學語言客控）:HK$129', '智能優享大床房（小愛同學語言客控）:HK$139', '智能優享雙床房（小愛同學語言客控）:HK$148', '智能影音大床房（小愛同學語言客控）:HK$148']"
雅斯特酒店（仙桃職業學院店）,9.3,"['高級大床房:HK$179', '高級雙床房:HK$185', '豪華大床房:HK$189', '豪華雙床房:HK$190']"
蘭歐尚品酒店（和合國際店）,9.5,"['蘭錦智能高級雙床房（智能客控+AI語音+超大辦公）:HK$159', '蘭逸智能豪華麻將雙床房（智能客控+AI語音+娛樂空間）:HK$182', '蘭歐雙人電競棋牌房:HK$189', '蘭歐四人電競棋牌房:HK$243']"
仙桃花源酒店,9.1,"['電競大床房:HK$272', '特惠大床房:HK$287', '舒適雙床房:HK$295', '高級大床房:HK$325']"
海凡星連鎖酒店（仙桃沔街店）,9.4,"['靜怡單床房:HK$131', '商務雙床房（養生放鬆）:HK$142', '商務大床房（養生放鬆）:HK$152', '休閑大床房（安心睡眠）:HK$152']"
蘭林格酒店（仙桃商城大廈店）,8.8,"['雅緻房:HK$133', '精緻雙床房:HK$136', '精緻大床房:HK$136', '豪華大床房（智能客控）:HK$186']"
瀾斐智能影院酒店（仙桃客運中心店）,9.6,"['標準大床房:HK$97', '特價大床房:HK$97', '觀影大床房:HK$107', '豪華雙床房:HK$115']"
仙桃米家智能酒店（沔陽小鎮景區店）,9.4,['風雅雙人房:HK$402']
維也納酒店（仙桃皇宮店）,9.1,"['標準雙床房（無窗）:HK$175', '標準大床房:HK$182', '豪華大床房:HK$189', '豪華雙床房:HK$196']"
全季酒店（仙桃沔街店）,9.7,"['大床房:HK$294', '高級大床房:HK$311', '高級雙床房:HK$311', '舒壓高級大床房:HK$338']"
藝龍安雲酒店（仙桃錢溝南路天誠緣店）,9.4,"['特惠大床房（支持投屏+舒適外窗）:HK$145', '大床房（舒適外窗）:HK$169', '雙床房（舒適外窗+支持投屏）:HK$185', '棋牌房（超大空間+特色斜頂+休閑棋牌）:HK$201']"
紐賓凱國際酒店（仙桃環球中心店）,9.0,"['特惠大床房:HK$203', '雅緻精品房:HK$215', '數碼影音房:HK$224', '豪華大床房:HK$257']"
海凡星連鎖酒店（仙桃實驗高中店）,9.4,"['差旅商務大床房:HK$144', '差旅商務雙床房:HK$144', '唐風榻榻米影院房（100寸投影&VIP暢享）:HK$152', '舒適按摩大床房:HK$161']"
仙桃海凡星華冠酒店,9.2,"['情侶影院大床房（100寸投影&VIP暢享）:HK$104', '靜怡單床房:HK$111', '雅緻大床房:HK$111', '温馨雙床房:HK$120']"
仙桃麗馨精品酒店,9.3,"['商務標準間:HK$104', '精品單人間[視野開闊+清凈舒適]:HK$104', '電腦標準間:HK$110', '電腦單人間:HK$110']"
覓·精選連鎖酒店（仙桃一中店）,8.1,"['精選雙床房（全景落地窗）:HK$179', '精選大床房:HK$186', '浪漫主題房:HK$186', '豪華雙床房（全景落地窗）:HK$212']"
柏曼酒店（仙桃漢江路店）,9.5,"['高級大床房（落地景觀+寬敞明亮）:HK$148', '商務大床房（落地景觀+寬敞明亮+安靜舒適）:HK$174', '商務雙床房（落地景觀+寬敞明亮+安靜舒適）:HK$181', '城景大床房（落地景觀+寬敞明亮+休閑麻將）:HK$193']"
仙桃三三酒店,8.2,"['高級大床房:HK$113', '主題房:HK$117', '高級標準間:HK$125', '麻將單間:HK$155']"
仙桃甘泉時尚酒店,9.6,"['温馨圓床房:HK$143', '大床房:HK$152', '標準雙床房:HK$155', '商務棋牌房:HK$171']"
致馨梔子花開酒店（仙桃福星城一中店）,9.6,"['馨香梔語大床房（舒適環境）:HK$119', '梔香居雙床房:HK$129', '梔漫日式房:HK$129', '梔花之約大床房:HK$140']"
柏曼酒店（仙桃武商體育館店）,8.8,"['標準大床房:HK$127', '電競大床房[2060IT顯卡+120幀高刷]+安靜舒適:HK$140', '標準雙床房:HK$140', '商務大床房（寬敞明亮+滿窗視野好+舒適安靜）:HK$165']"
白玉蘭酒店（仙桃沔陽小鎮店）,9.3,"['靜雅大床房:HK$299', '靜雅雙床房:HK$314', '舒雅雙床房:HK$322', '輕雅大床房:HK$345']"
覓·精品酒店（仙桃西橋店）,9.4,"['在河一方主題房:HK$104', '關關雎鳩大床房:HK$113', '求之不得雙床房:HK$117', '槓上開花棋牌大床房:HK$136']"
海之緣商務酒店（仙桃商城大廈文化步行街店）,8.8,"['簡約雙床房（智能43電視+舒適好眠）:HK$86', '簡約大床房（智能43電視+舒適好眠）:HK$86', '温馨商務雙床房（智能43電視+舒適好眠）:HK$101', '温馨商務大床房（智能43電視+舒適好眠）:HK$101']"
仙桃悦瑟酒店,9.4,"['普通單間（性價比高）:HK$141', '商務標間（出差優選）:HK$169', '麻將單間:HK$188', '麻將標間（休閑必選）:HK$195']"
仙桃天鵝湖度假酒店,9.4,"['高級大床房:HK$468', '高級雙床房:HK$468', '豪華大床房:HK$523', '豪華雙床房:HK$523', '豪華親子房:HK$541', '星空親子房（帶星空頂）:HK$577']"
雲柏酒店（仙桃復州大道店）,9.3,"['雲靜大床房:HK$82', '特惠大床房（安靜舒適）:HK$87', '雲惠雙床房:HK$90', '温馨大床房（安靜舒適）:HK$101']"
致馨梔子花開酒店（仙桃小南店）,9.2,"['梔漫圓床房（約會小屋）:HK$95', '梔馨雙床房:HK$103', '梔馨大床房:HK$103', '敞亮梔雅雙床房（好眠雙床房+大窗通透）:HK$111']"
如家派柏·雲酒店（仙桃仙源大道店）,8.4,['特惠雙床房:HK$54']
仙桃優選酒店（仙源大道店）,9.1,"['經濟【特價】大床房:HK$66', '舒適【簡約】大床房:HK$72', '經濟雙床房:HK$79', '舒適雙床房:HK$88']"
菇珍莊園賓館,9.7,"['大床房:HK$130', '標準雙床房:HK$131', '豪華大床房:HK$140']"
凱樂國際酒店,8.8,['湖景·親子雙床房:HK$284']
仙桃喜相迎宴賓樓酒店,8.8,"['豪華大床房:HK$122', '麻將大床房:HK$133', '舒適雙床房:HK$169', '麻將雙床房:HK$179']"
棲哈智能酒店,8.8,"['特惠房:HK$87', '大床房:HK$100', '豪華雙床房:HK$109', '豪華智能大床房:HK$118']"
仙桃城鄉客棧,9.0,"['標準單人房:HK$103', '標準雙人間:HK$122', '套房:HK$131', '棋牌雙人間:HK$150']"
仙桃諾曼假日酒店,7.6,['主題雙床間:HK$85']
