酒店名称,评分,房型价格列表
圖恩酒店（佳木斯高鐵站萬達廣場店）,9.8,"['慕思·樂享睡眠大床房（全屋智控＋加濕器+小冰箱）:HK$425', '慕思·智控商旅大床房（獨立辦公桌椅＋加濕器＋小冰箱＋輕智能馬桶）:HK$447', '慕思·景觀奢華大床房（全屋智控＋辦公桌椅＋加濕器＋小冰箱＋輕智能馬桶）:HK$468', '慕思·景觀奢華雙床房（辦公桌椅＋小冰箱＋智能馬桶）:HK$468', '高空觀景度假親子房（全屋智控+帳篷玩偶+輕智能馬桶）:HK$534']"
頤和精品酒店（佳木斯萬達廣場店）,9.4,"['商務大床房•宏益床墊（獨立辦公桌椅+小冰箱+智能窗簾）:HK$258', '商務套房•宏益床墊（獨立辦公桌椅+小冰箱+城市夜景）:HK$294', '家庭雙床套房·宏益床墊（辦公桌+城市夜景+智能窗簾）:HK$320', '商務雙床房•宏益床墊（辦公桌椅+小冰箱+智能窗簾）:HK$329']"
白玉蘭酒店（佳木斯市火車站新瑪特店）,9.9,"['零壓靜雅大床房（全屋智能客控+手機投屏+零壓床墊）:HK$243', '零壓靜雅雙床房（全屋智能客控+手機投屏+零壓床墊）:HK$252', '零雅舒雅大床房（全屋智能客控+手機投屏+零壓床墊）:HK$288', '零雅舒雅雙床房（全屋智能客控+手機投屏+零壓床墊）:HK$306']"
藍鼎風雅酒店（佳木斯向陽區大潤發廣場店）,9.5,"['治癒躺平大床房（天然乳膠枕+蕎麥枕）:HK$144', '觀影主題套房（天然乳膠枕+蕎麥枕+百寸投影＋舒適浴缸）:HK$162', '輕奢雙床房（天然乳膠枕+蕎麥枕）:HK$180', '輕奢大床房（天然乳膠枕+蕎麥枕）:HK$180']"
佳木斯凱撒大酒店（百貨大樓新瑪特店）,8.9,"['城景大床房:HK$174', '商務標間:HK$212', '尊享標準間:HK$267', '江景大床房:HK$267', '豪華標間（智能體驗）:HK$384']"
玖玖青居公寓 （萬達錦華之星店）,9.2,"['清馨幽舍大床房:HK$339', '舒悦法式輕奢大床房:HK$348', '翠域小築大床房:HK$374', '絲路印象大床房:HK$374']"
佳木斯海天大酒店,9.4,"['高級大床房:HK$468', '高級標準間:HK$468', '商務大床房:HK$500', '商務標準間:HK$500', '豪華大床房:HK$610']"
佳木斯錦華之悦酒店（佳木斯萬達廣場店）,9.3,"['標準大床房:HK$166', '豪華大床房:HK$175', '温馨家庭房:HK$187', '娛樂麻將大床房:HK$191']"
盛達商務賓館（佳木斯火車站店）,9.2,"['特惠標間:HK$121', '標準間:HK$132', '大床房:HK$132', '單人套房:HK$156']"
佳木斯萬達錦寓公寓酒店,9.2,"['高級大床房:HK$343', '高級雙床房:HK$343', '高級豪華大床房:HK$372', '高級豪華雙床房:HK$392', '豪華雙床房:HK$421']"
全季酒店（佳木斯新瑪特店）,9.6,"['大床房:HK$478', '高級大床房:HK$497', '雙床房:HK$526']"
佳木斯錦悦公寓,9.5,"['標準大床房（慕思床墊+徠芬閃銀吹風機）:HK$223', '商務大床房（慕思床墊+徠芬閃銀吹風機）:HK$253', '豪華家庭房:HK$296', '至尊觀景大床房（慕思床墊+徠芬閃銀吹風機）:HK$342']"
秋朵酒店（佳木斯高鐵站店）,9.7,"['寶藏幸運房（智能客控+乳膠床品）:HK$188', '商務雙床房（智能客控+乳膠床品）:HK$200', '商務大床房（智能客控+乳膠床品）:HK$218', '高級行政雙床房（智能客控+乳膠床品）:HK$263']"
佳木斯市政府廣場萬象街亞朵酒店,9.9,"['高級大床房（手機投屏+智能客控+深睡枕Pro+小冰箱）:HK$349', '行政雙床房（手機投屏+智能客控+深睡枕Pro+小冰箱）:HK$349', '行政大床房（手機投屏+智能客控+深睡枕Pro+小冰箱）:HK$380', '尊享雙床房（手機投屏+智能客控+深睡枕Pro+Mini吧）:HK$380', '尊享大床房（手機投屏+智能客控+深睡枕Pro+Mini吧）:HK$409']"
漢庭酒店（佳木斯解放路沿江公園店）,9.6,"['高級大床房:HK$337', '雙床房:HK$346', '商務大床房:HK$355', '家庭房:HK$365']"
佳木斯中山街新瑪特亞朵酒店,9.6,"['高級大床房（手機投屏+智能客控+小冰箱）:HK$360', '高級雙床房（手機投屏+智能客控+小冰箱）:HK$391', '幾木大床房（手機投屏+智能客控+小冰箱）:HK$441', '幾木雙床房（手機投屏+智能客控+小冰箱）:HK$471', '幾木家庭房（手機投屏+智能客控+小冰箱）:HK$561']"
星程酒店（佳木斯大學附屬第一醫院店）,9.4,"['大床房:HK$246', '雙床房:HK$246', '高級大床房:HK$264', '家庭房:HK$302']"
佳木斯鼎特大酒店,9.2,"['智能大床房:HK$201', '智能雙床房:HK$201', '智能家庭房:HK$231', '智能麻將套房:HK$262']"
漢庭酒店（佳木斯光復路新瑪特店）,9.5,"['大床房:HK$221', '雙床房:HK$240', '高級大床房:HK$240', '家庭房:HK$261']"
佳木斯錦裏公寓,9.6,"['智能標準大床房（慕思床墊徠芬吹風機）:HK$229', '智能商務大床房（慕思床墊徠芬吹風機）:HK$301', '豪華家庭房:HK$322', '智能至尊觀景大床房（慕思床墊徠芬吹風機）:HK$363']"
鉑格公寓酒店（佳木斯萬達廣場店）,9.5,"['優享大床房（空調+冰箱）:HK$102', '舒雅大床房（空調）:HK$126', '舒雅雙床房（空調+冰箱）:HK$134', '臻選投影大床房（高清極米投影）:HK$134']"
熙朵酒店（松花江店）,9.2,"['舒適雙床房:HK$111', '雅緻大床房:HK$150', '舒適大床房:HK$156', '舒適家庭房:HK$222']"
富豪酒店（佳木斯火車站百貨大樓店）,9.5,"['治癒躺平大床房（地暖+小冰箱）:HK$106', '陽光舒適雙床房（地暖+小冰箱）:HK$117', '陽光舒適大床房（地暖+小冰箱）:HK$128', '城景輕奢雙床房（地暖+小冰箱）:HK$149']"
佳木斯拾光壹號民宿,9.2,"['輕奢景觀房:HK$183', '時尚大床房:HK$199', 'Ins風大床房:HK$213', '現代舒適大床房:HK$244']"
全季酒店（佳木斯長安路店）,9.6,"['大床房:HK$302', '高級大床房:HK$322', '雙床房:HK$322', '家庭房:HK$351']"
雅居酒店（佳木斯萬達廣場店）,9.2,"['雅居大床房:HK$173', '雅居雙床房:HK$173', '豪華套房:HK$205', '雅居家庭房:HK$205']"
佳木斯萬達錦華酒店,9.4,"['高級大床房:HK$643', '高級雙床房:HK$643', '無障礙房:HK$643', '豪華大床房:HK$862', '豪華雙床房:HK$862', '高級豪華大床房:HK$862']"
愷樂商務酒店（佳木斯前進區濱江路店）,8.1,"['商務標準房:HK$258', '江景大床房:HK$267', '標準商務套房:HK$416', '豪華商務套房:HK$453']"
Better公寓（佳木斯萬達廣場店）,9.7,"['豪華大床房:HK$161', '現代大床房:HK$179', '豪華影音大床房:HK$179', '温馨大床房:HK$179']"
如家酒店·neo（佳木斯火車站新瑪特店）,9.3,"['大床房:HK$197', '商務大床房A:HK$224', '商務大床房:HK$233', '雙床房:HK$241']"
雅朵公寓酒店（佳木斯萬達廣場店）,9.9,"['商務大床房:HK$133', '影音大床房:HK$176', '商務套房:HK$195', '巨幕投影房:HK$195']"
佳木斯水尚民宿,9.6,"['大床房1203:HK$151', '精品大床房1218:HK$151', '大床房1215:HK$151', '大床房1216:HK$151']"
聖奧精品酒店（佳木斯大學店）,8.6,"['商務大床房:HK$205', '商務雙床房:HK$216', '豪華大床房:HK$227']"
美琦Loft民宿,10.0,"['時尚Loft公寓房:HK$229', '唐人中心F棟1510精品Loft大床房:HK$229', 'Loft雙床房（C棟1708）:HK$229']"
佳木斯九號賓館（火車站中心醫院店）,8.8,"['經濟標準間:HK$82', '舒適標準間:HK$93', '大展宏圖商務大床房:HK$97', '逢考必過商務標準間:HK$102']"
佳大賓館（佳木斯大學店）,8.2,"['標準大床房:HK$151', '標準雙床房:HK$183', '家庭房:HK$216', '特價大床房:HK$216']"
佳木斯東極假日酒店,7.6,"['標準大床房:HK$147', '標準雙床房:HK$147', '家庭房:HK$193']"
佳木斯千里快捷賓館,7.9,"['大床房:HK$94', '標準間:HK$94', '浪漫圓床房:HK$121', '温馨家庭房:HK$121']"
學府電競賓館（佳木斯大學店）,7.9,"['特價電競大床房:HK$96', '電競無窗雙人間:HK$107', '雙人電競大床房:HK$118', '電競雙床房:HK$129']"
佳木斯邁典主題賓館,7.2,"['圓床房:HK$76', '大床房:HK$87', '標準間:HK$97', '情趣房:HK$113']"
佳木斯泊樂賓館,6.9,"['豪華大床房:HK$353', '高級大床房:HK$462']"
如意快捷賓館（佳木斯火車站店）,5.9,"['標準大床房:HK$107', '標準雙床房:HK$129', '圓床房:HK$129', '家庭房:HK$140']"
佳木斯鴻泰快捷賓館,4.9,"['大床房:HK$205', '豪華大床房:HK$216', '雙床房:HK$260', '麻將房:HK$282']"
如家商旅酒店（佳木斯樺南縣世紀廣場店）,9.8,"['標準雙床房:HK$210', '商務大床房:HK$218', '家庭房:HK$236', '安心睡安睡大床房（手機投屏+智能馬桶）:HK$271']"
漢庭酒店（佳木斯樺南縣政府世紀廣場店）,9.7,"['高級大床房:HK$217', '雙床房:HK$236', '家庭房:HK$255', '套房:HK$292']"
城際精品酒店,9.8,"['星空觀影大床房（慕思床墊+全屋智控）:HK$223', '精品大床房（慕思床墊+全屋智控）:HK$258', '精品標間（慕思床墊+全屋智控）:HK$259', '豪華大床房（慕思床墊+全屋智控）:HK$293']"
富錦錦熙商務酒店,9.5,"['舒適雙床房:HK$306', '舒適大床房:HK$321', '豪華大床房:HK$339', '豪華雙床房:HK$354']"
富錦鴻基商務酒店,9.8,"['歐典温馨大床房（無窗）:HK$157', '歐典陽光標準大床房:HK$185', '歐典陽光標準雙床房:HK$185', '雅典舒適大床房:HK$194']"
同江新遠東國貿酒店（遠東濕地公園店）,8.9,"['豪華大床房:HK$273', '豪華親子房:HK$313', '豪華特大床房:HK$333', '浪漫圓床婚房:HK$476']"
達米酒店,9.5,"['智能豪華大床房（全屋智能+公區自助洗衣機）:HK$313', '智能豪華雙床房（全屋智能+公區自助洗衣機）:HK$313', '智能行政雙床房（全屋智能+公區自助洗衣機）:HK$335', '智能行政大床房（全屋智能+智能馬桶）:HK$335']"
