酒店名称,评分,房型价格列表
七仙苗山書雁私湯温泉度假院子,9.6,"['陽光雨林大床房（私湯葯浴温泉+雨林景觀+戴森吹風機）:HK$1,652', '山景雨林雙床房（私湯葯浴温泉+日出景觀+獨立陽台）:HK$2,038', '豪華雨林大床房（私湯葯浴温泉+雨林景觀+獨立陽台）:HK$2,168', '山景雨林大床房（私湯葯浴温泉+日出美景+獨立陽台）:HK$2,297', '270°景觀雨林大床房+私湯葯浴温泉+獨立陽台+日出美景:HK$2,554']"
神玉島玉酒店,9.4,"['蝴蝶公主親子房:HK$971', '奶龍親子房:HK$1,079', '櫻桃小丸子親子房:HK$1,079', '喜羊羊與灰太狼親子房:HK$1,079', '奧特曼親子房:HK$1,079', '小熊王子親子房:HK$1,079']"
翡麗智慧酒店（保亭店）,9.1,"['新風簡約大床房（智能客控+手機投屏）:HK$156', '雅緻舒適大床房（智能客控+零壓床墊+高樓層）:HK$167', '新風簡約雙床房（智能客控+烘乾一體洗衣機）:HK$172', '雅緻舒適雙床房:HK$177']"
那香山雨林度假酒店（保亭呀諾達店）,8.9,"['蜜月單卧泳池別墅:HK$963', '潛山雙卧泳池別墅:HK$1,195', '湖畔三卧泳池別墅:HK$1,567']"
呀諾達旅遊區雨林一號度假酒店,9.4,"['山野露營基地雙床房:HK$607', '山野露營基地大床房:HK$607', '高級大床房（迷你冰箱+電動窗簾+茶具）:HK$850', '高級雙床房（迷你冰箱+茶具）:HK$860', '豪華大床房（迷你冰箱+茶具）:HK$992']"
天藝精品酒店（保亭七仙廣場店）,8.5,"['尊享陽光大床房【空氣好+乾濕分離+定製洗漱用品】:HK$213', '特惠大床房【靜眠舒睡+辦公桌椅+定製洗漱用品】:HK$237', '高級大床房【大空間+會客區+辦公桌椅】:HK$240', '高級雙床房:HK$266']"
九九八智聯商務酒店,9.5,"['特價房:HK$173', '標準單人房:HK$251', '商務雙人房:HK$265', '舒適雙床房:HK$267']"
維也納國際酒店（保亭中心店）,9.5,"['商務大床房:HK$305', '商務雙床房:HK$305', '景觀大床房:HK$322', '景觀雙床房:HK$322']"
海南七仙嶺寶亭荔苑温泉酒店,8.0,"['雨林温泉雙床房（私湯温泉+雨林景觀+智能小度）:HK$469', '雨林温泉大床房（私湯温泉+雨林景觀+智能小度）:HK$469', '豪華温泉雙床房（私湯温泉+雨林景觀+智能小度）:HK$509', '豪華温泉大床房（私湯温泉+雨林景觀+智能小度）:HK$509', '豪華雨林温泉套房（私湯温泉+雨林景觀+智能小度）:HK$613']"
保亭三道榕樹灣民宿農家院,9.1,"['高級大床房:HK$295', '温馨親子房:HK$314']"
海南七仙嶺龍灣珺唐酒店,9.2,"['景觀雨林大床房（通透設計+私湯温泉+雨林景觀）:HK$680', '景觀雨林雙床房（通透設計+私湯温泉+雨林景觀）:HK$680', '陽光雨林大床房（朗闊空間+私湯温泉+負氧離子1萬+）:HK$757', '陽光雨林雙床房（朗闊空間+私湯温泉+負氧離子1萬+）:HK$757', '花園親子套房（花園小院+私湯温泉+小童主題）:HK$1,255', '豪華套房（一室一廳遠觀山景+VIP尊享）:HK$1,796']"
保亭戴斯酒店,9.1,"['特惠大床房:HK$337', '特惠雙床房:HK$337', '標準大床房:HK$349', '標準雙床房:HK$349', '商務大床房:HK$413']"
享水谷熱帶雨林國家公園度假酒店,8.9,"['山谷豪華雙標房:HK$400', '特惠雙床房:HK$400', '山谷豪華蜜月房:HK$416', '山谷豪華套房:HK$708']"
七仙嶺康樂温泉酒店,9.0,"['豪華半山園景雙床房:HK$293', '豪華雨林園景雙床房:HK$314', '豪華半山温泉雙床房:HK$391', '豪華雨林温泉雙床房5號樓:HK$424']"
保亭七仙嶺南美温泉山莊,8.1,"['新豪華房:HK$533', '仙景雙床房（無泡池）:HK$533', '優選雙床房:HK$566', '園景大床房:HK$620']"
保亭玉澗歸宿,7.6,"['庭院101房:HK$499', '庭院102房:HK$527', '玉嬋201房:HK$613', '玉嬋301房:HK$648']"
保亭七仙嶺瑪萊温泉度假酒店,8.9,"['豪華温泉雙床房1Lou（私湯温泉+園林景觀+獨立陽台）:HK$293', '雨林温泉雙床房:HK$467', '雨林温泉大床房:HK$467', '山景温泉雙床房:HK$467']"
保亭雙大野奢康養酒店,9.3,"['豪華大床房:HK$312', '豪華雙床房:HK$312', '一房一廳家庭套房:HK$334', '一房一廳雙床套房:HK$334', '一房一廳大床套房:HK$334']"
共享智能酒店（保亭縣政府店）,9.3,"['Gl優享特惠房（零壓床墊）:HK$148', 'Gl樂享智能大床房（智能客控+零壓床墊）:HK$158', 'G L 私享智能大床房（享有風景+零壓床墊）:HK$169', 'G L 共享智能大床房（享有風景+智能客控+零壓床墊）:HK$190']"
保亭星都精品酒店（七仙廣場店）,9.0,"['舒享單間:HK$151', '温馨大床房:HK$173', '陽光大床房:HK$194', '雅緻雙人房:HK$205']"
保亭保城漢亭智能酒店,9.2,['三人間:HK$186']
茶溪谷大酒店,9.0,"['茶溪普標雙床房:HK$190', '茶溪普標復古大床房:HK$190', '雲棲木屋雙床房:HK$190', '雲棲木屋大床房:HK$190']"
保亭三道御景雨林商務酒店,9.1,"['特惠大床房:HK$175', '特惠雙床房:HK$187', '商務大床房:HK$191', '商務雙床房:HK$203']"
海南七仙瑤池温泉度假酒店,7.9,"['山谷大床房:HK$358', '雨林温泉房:HK$392', '豪華雨林温泉房:HK$409', '複式雨林親子房:HK$724']"
保亭仙嶺郡代爾蒙酒店,8.5,"['兩室兩廳度假園景套房:HK$348', '三室兩廳家庭園景套房:HK$479']"
保亭柒月精品酒店,7.8,"['特惠大床房:HK$151', '主題大床房:HK$162', '柒月精品大床房:HK$173', '智能大床房【智能語音控制】:HK$194']"
雅布倫田園山莊酒店（保亭呀諾達店）,9.0,"['雨林別墅大床房:HK$332', '雨林別墅雙標房:HK$332', '雨林別墅豪華蜜月房:HK$374', '雨林別墅豪華雙標房:HK$374']"
布隆賽熱帶雨林度假莊園（保亭呀諾達店）,8.9,"['園景泳池別墅雙床:HK$463', '稻田景觀別墅雙床:HK$470', '園景泳池別墅大床:HK$470', '稻田景觀別墅大床:HK$490', '無邊泳池別墅雙床房:HK$520']"
保亭川鴻智能酒店,10.0,"['GL商務大床（中央空調+智能客控）:HK$128', 'GL共享雙標房（中央空調+智能客控）:HK$137', 'GL輕享大床房（中央空調+智能客控）:HK$137', 'GL優享大床房（中央空調+智能客控）:HK$147']"
檳榔谷波隆客棧,9.2,['蘭花標準雙床房:HK$650']
山道園民宿,8.5,['親子温馨榻榻米房:HK$193']
保亭椰香閣酒店,9.1,"['大床房:HK$205', '雙床房:HK$216', '三人間:HK$238']"
北緯十八度蔡園民宿,8.1,"['温馨大床房:HK$183', '温馨雙床房:HK$184', '湖景温馨大床房:HK$269', '雨林庭院温馨家庭房:HK$285']"
保亭秀麗山莊,5.3,"['豪華大床房:HK$301', '豪華雙床房:HK$301', '親子房:HK$325', '麻將房:HK$369']"
椰韻雅舍酒店,8.7,[]
花築·五指山合和館民宿,9.2,"['舒適大床房:HK$208', '觀景陽台大床房:HK$233', '觀景陽台雙床房:HK$246', '家庭套房:HK$493']"
五指山水雲居酒店,9.1,"['湖畔豪華套房一室一廳:HK$369', '湖畔豪華一室一廳（雙標）:HK$424', '湖畔豪華套房二室一廳:HK$453', '園景豪華套房一室一廳:HK$497']"
五指山清能麗景灣酒店,9.0,"['B1-麗景智控大床房:HK$348', 'B1-麗景智控雙床房:HK$369', '靜謐麗景·智控大床房:HK$404', '靜謐河景·智控雙床房:HK$435', '靜謐河景·智控大床房:HK$435', '水墨麗景·智控大床房:HK$507']"
五指山春和酒店,8.7,"['山景榻榻米:HK$170', '山景雙床房:HK$184', '河景雙床房:HK$205', '山景親子房:HK$265']"
五指山六藝王宮別墅,9.5,"['山景單卧室泳池別墅:HK$1,464', '臨河單卧室泳池別墅:HK$1,628', '山景雙卧室泳池別墅套房:HK$1,956', '臨河雙卧室泳池別墅套房:HK$2,201']"
五指山藝宿裏主題客棧,9.7,"['比鄰·温馨大床房:HK$257', '知己·雅緻大床房:HK$328', '大雅•輕奢浴缸雙床房:HK$463', '小雅·禪居大床房:HK$463']"
五指山亞泰雨林酒店,9.1,"['雨林高級山谷雙床房:HK$454', '雨林雅緻別墅雙床房:HK$533', '雨林雅緻別墅大床房:HK$533', '雨林豪華山谷雙床房:HK$718', '雨林豪華山谷大床房:HK$751', '雨林豪華別墅雙床房:HK$822']"
瓦哎嚕酒店（五指山三月三大道店）,8.6,"['木香·清心榻榻米:HK$138', '沐心·靜謐大床房:HK$149', '拾光·浪漫圓床房:HK$160', '風清·望山雙床房:HK$171']"
五指山珠江水晶酒店,9.2,"['特惠雙床房:HK$311', '山景雙床房:HK$325', '特惠大床房:HK$326', '山景大床房:HK$345', '河景雙床房:HK$348']"
五指山茗蘭舍,9.3,"['雨林氧吧觀山雙標房:HK$513', '雨林氧吧觀山大床房:HK$568', '雨林氧吧觀山套房:HK$972', '雨林氧吧觀山別墅:HK$2,915']"
海南御景酒店,9.2,"['御景特惠雙床房:HK$304', '御景雅緻雙床房:HK$314', '御景山谷雨林雙床房:HK$358', '豪華觀景雙床房:HK$402', '豪華觀景大床房:HK$446']"
方諾寨·雨林生態莊園,9.0,"['黎家·田園別院，梯田景觀，田園風格聯排木屋:HK$674', '星墅·雨林景觀超大床房｜智能客控+除濕機+冰箱:HK$1,343', '雨墅·180度雨林景觀超大床房|雙人洗漱台+智能客控+浴缸+除濕機+冰箱:HK$1,587', '山墅·雨林景觀超大床房 ｜客廳+智能客控+除濕機+浴缸+冰箱:HK$1,587', '楓墅·180度雨林景觀超大床房|雙人搖椅+智能客控+浴缸+除濕機+冰箱:HK$1,587']"
仁帝山雨林酒店,8.4,"['雨林養生雙床房:HK$519', '雨林養生大床房:HK$612', '養生套房兩室一廳:HK$834', '九養雙床房:HK$927']"
全季酒店（五指山三月三大道店）,9.5,"['大床房:HK$321', '高級大床房:HK$352', '雙床房:HK$381', '家庭房:HK$412']"
五指山懿品雲景度假酒店,8.7,"['懿品遠景雙床房:HK$258', '懿品觀景大床房:HK$270', '懿品觀景雙床房:HK$277', '懿品雅緻雙床房:HK$292', '懿品雅緻大床房:HK$292']"
