酒店名称,评分,房型价格列表
美住·悦檐酒店（南寧會展中心埌西地鐵站店）,9.3,"['悦馨雙床房（智能客控+舒適辦公+電視投屏）:HK$239', '悦惠大床房（智能客控+電視投屏+品味自然芳香）:HK$239', '悦馨大床房（智能客控+舒適辦公+電視投屏）:HK$267', '悦享全景大床房（陽光通透+超大穿衣鏡+品質床墊）:HK$279', '悦享全景雙床房（陽光通透+雙門隔音+LED化粧鏡）:HK$279']"
柏曼酒店（南寧朝陽百盛步行街廣場三街兩巷店）,9.5,"['智能標準大床房（安靜舒適+深睡記憶枕）:HK$288', '智能高級大床房（智能客控+零壓深睡枕）:HK$339', '智能高級雙床房（智能客控+零壓深睡枕）:HK$359', '智能豪華大床房（落地玻璃窗+陽光滿屋+舒適好眠）:HK$378']"
南寧K國際酒店,9.6,"['凱欣大床房（智能家居+品質睡眠）:HK$521', '高級雙床房（網紅浴缸+小度智能喚醒）:HK$618', '親子主題房雙人間（多種童心趣玩佈置）:HK$706', '親子主題房大床房（多種童心趣玩佈置）:HK$706', '高級大床房（網紅浴缸+小度智能喚醒）:HK$716', '榻榻米家庭房（超大衞浴空間+兩用榻榻米）:HK$760']"
南寧天禧萬瑾酒店（興寧區政府邕賓立交地鐵站店）,9.8,"['商務雙床房（負離子高速吹風機+精緻空間+商務辦公桌）:HK$246', '商務大床房（負離子高速吹風機+精緻空間+商務辦公桌）:HK$254', '高級大床房（安靜舒適+親膚浴袍+mini吧冰箱）:HK$272', '高級雙床房（安靜舒適+負離子高速吹風機）:HK$289', '高級0壓大床房（0壓床墊+記憶枕）:HK$299']"
美豪麗致酒店（南寧火車站明秀路地鐵站店）,9.5,"['麗致榻榻米房丨零壓床墊丨mini冰箱丨舒適床品:HK$327', '麗致大床房丨徠芬負離子吹髮丨浴衣丨mini冰箱:HK$337', '麗致雙床房丨徠芬負離子吹髮丨浴衣丨mini冰箱:HK$337', '雅緻大床房 丨徠芬負離子吹髮丨浴衣丨靜謐舒適:HK$359', '雅緻雙床房丨徠芬負離子吹髮丨浴衣丨靜謐舒適:HK$359']"
南寧中心永恆皇冠假日酒店,9.5,"['豪華房-雙床（舒適浴缸）:HK$597', '高級房-大床:HK$634', '豪華房-大床（舒適浴缸）:HK$671', '景觀房-雙床（俯瞰城市夜景）:HK$696', '景觀房-大床（俯瞰城市夜景）:HK$748', '行政房-大床（高樓層CBD景觀）:HK$892']"
金慶盛歡住酒店（南寧會展中心鳳嶺地鐵站店）,9.5,"['高級大床房（180°地標城市景觀+大空間設計+豪華浴缸）:HK$330', '高級雙床房（180°地標城市景觀+大空間設計+豪華浴缸）:HK$330', '豪華大床房（舒享浴缸+奢享空間+舒適沙發）:HK$367', '豪華雙床房（舒享浴缸+奢享空間+舒適沙發）:HK$377']"
金慶盛金鑽酒店（萬象城南寧火車東站店）,9.6,"['金鑽雙床房（180°城市景觀+電動窗簾）:HK$402', '金鑽大床房（風格多樣+180°城市景觀+電動窗簾）:HK$402', '悦享大床房（電動窗簾+採光好）:HK$421', '奢享浴缸大床房（180°城市景觀+電動窗簾）:HK$425', '奢享浴缸雙床房（180°城市景觀+辦公桌椅+電動窗簾）:HK$425', '馨享超大床房（適合家庭出遊+180°城市景觀）:HK$436']"
怡程酒店（南寧東站華豐城愛琴海城市廣場店）,9.6,"['智能國風高級大床房【安靜秒睡記憶枕|零壓床墊+空氣凈化器+梳粧全身鏡】:HK$412', '智能國風舒適大床房【180度超大落地靜音玻璃+速乾電衣架+零壓按摩床墊】:HK$450', '智能國風高級雙床房【安靜秒睡記憶枕|零壓床墊+小米空氣凈化器+梳粧全身鏡】:HK$450', '智能國風電競大床房【語音客控+遊戲特權4060+空氣凈化器+新風系統】:HK$458', '智能國風影院大床套房【180度超大落地靜音玻璃+空氣凈化器+巨幕投影VIP+速乾電衣架|梳粧全身鏡】:HK$458']"
美豪麗致酒店（南寧會展中心埌西地鐵站店）,9.5,"['麗致城景大床房（小度音響+城市美景+電動窗簾+智能家居）:HK$337', '智能語控雙床房（電動窗簾+時尚簡約+智能家居+小度音響）:HK$367', '智能語控大床房（小度音響+時尚簡約+智能家居+城市美景+電動窗簾）:HK$390', '麗致輕奢雙床房（超大空間+智能家居+電子貓眼+小度音響）:HK$412', '麗致輕奢大床房（智能家居+小度音響+超大空間+電動窗簾）:HK$412']"
柏曼酒店（南寧金湖廣場埌西地鐵站店）,9.5,"['商務大床房（零壓床墊+舒適好眠+俯瞰城景）:HK$332', '高級大床房（零壓床墊+陽光滿屋+俯瞰城市景觀）:HK$335', '豪華大床房（陽光滿屋+俯瞰城市美景+靜謐好眠）:HK$363', '商務雙床房（零壓床墊+靜謐好眠+採光通透）:HK$366', '高級雙床房（零壓床墊+靜謐好眠+俯瞰城市景觀）:HK$374']"
南寧邕江賓館,9.2,"['特惠雙床房--安靜温馨+浴缸:HK$334', '標準大床房-簡約時尚+浴缸:HK$360', '標準雙床房-簡約時尚+浴缸:HK$360', '商務雙床房-安靜舒適+浴缸:HK$425', '豪華行政雙床房-商家推薦:HK$468', '豪華行政大床房-商家推薦:HK$468']"
永恆朗悦精選酒店（南寧火車站朝陽廣場地鐵站店）,9.0,"['特惠大床房（無窗）:HK$164', '舒適高級大床房:HK$186', '高級雙床房:HK$207', '精選大床房:HK$207']"
美豪麗致酒店（南寧江南金陽路地鐵站店）,9.7,"['靜享語控大床房（小度語控+電動窗簾+時尚簡約）:HK$324', '靜享城景大床房（城市美景+小度語控+電動窗簾）:HK$343', '靜享語控雙床房（小度語控+電動窗簾+時尚簡約）:HK$343', '豪華麗致雙床房（超大空間+小冰箱+雙人洗手池+超大投屏電視+智能家居+智能馬桶）:HK$387', '豪華麗致大床房（超大空間+小冰箱+超大電視可投屏+智能家居+雙人洗手池+智能馬桶）:HK$387']"
吉瑞酒店（南寧火車東站南廣場店）,9.4,"['雅居丨舒適大床房（公區自助洗衣機+簡約舒適）:HK$309', '雅居丨舒適雙床房（公區自助洗衣機+簡約舒適）:HK$350', '靜逸丨城景大床房（落地窗高層俯瞰城市景觀+靜謐睡眠）:HK$374', '靜逸丨城景雙床房（落地窗高層俯瞰城市景觀+靜謐睡眠）:HK$374']"
雅斯特國際酒店（南寧朝陽廣場區政府店）,9.2,"['雅緻大床房【房間格局温馨舒適|手機投屏|商務辦公桌】:HK$250', '高級雙床房【極簡輕奢沉浸質感生活|手機投屏|商務辦公桌|貴妃躺椅】:HK$250', '超級大床房【極簡輕奢雙拼大床隨心躺|手機投屏|商務辦公桌】:HK$272', '觀景大床房【透過落地玻璃享受夕陽美景|貴妃躺椅】:HK$283', '觀景雙床房【全景落地玻璃俯瞰邕城夜景|手機投屏|商務辦公桌】:HK$306']"
南寧朝陽廣場地鐵站亞朵酒店,9.6,"['雅緻大床房（深睡PRO枕+深睡床品+小冰箱）:HK$421', '高級大床房（深睡PRO枕+深睡床品+小冰箱）:HK$448', '雅緻雙床房（深睡PRO枕+深睡床品+小冰箱）:HK$501', '行政大床房（深睡PRO枕+深睡床品+小冰箱）:HK$510', '高級雙床房（深睡PRO枕+深睡床品+小冰箱）:HK$547']"
南寧曼爾頓國際酒店（會展中心金湖廣場地鐵站店）,9.4,"['曼妙·清新雙床房（舒適床墊）:HK$323', '曼妙·清新大床房（時尚簡約）:HK$323', '曼享·城景雙床房（全景落地）:HK$341', '曼享·城景大床房（落地觀景）:HK$362', '曼怡·智能城景雙床房（燈火闌珊）:HK$384']"
遇熹酒店（廣西大學動物園地鐵站店）,9.4,"['愛無止境｜甜蜜大床房【全屋智能客控+65寸高清投屏】:HK$229', '夜闌人靜｜舒睡雙床房【全屋語音智能+環保封裝口杯】:HK$256', '夜闌人靜｜舒睡大床房【品牌高速吹風機+床頭無線充】:HK$262', '朝沐暖陽｜全景大床房【180°俯瞰城市夜景+高端床品】:HK$272', '朝沐暖陽｜全景雙床房【180度落地窗+陽光通透】:HK$272']"
南寧鳳凰賓館（新朝陽大廈朝陽廣場店）,9.5,"['鳳悦雙床房:HK$325', '鳳悦城景大床房:HK$325', '鳳凰尊享大床房:HK$347', '鳳凰尊享雙床房:HK$347', '鳳凰尊享三床房:HK$391']"
南寧富力萬達文華酒店,9.5,"['豪華大床房（CLD繁華商業街景）:HK$587', '豪華雙床房（CLD繁華商業街景）:HK$587', '高級豪華大床房（步入式衣帽間）:HK$642', '高級豪華雙床房（步入式衣帽間）:HK$642', '海底小縱隊主題房:HK$860', '豪華家庭房:HK$860']"
南寧鳳凰賓館（火車站地鐵站店）,9.6,"['標準雙床房A（簡約）:HK$277', '標準雙床房B（安靜）:HK$307', '精選雙床房（舒適）:HK$338', '童趣親子雙床房:HK$349', '悦享大床房:HK$370']"
南寧金水灣國際大酒店（南湖公園麻村地鐵站店）,9.4,"['東南亞原木雙床房（陽光通透+優質床品+高樓層）:HK$261', '東南亞原木大床房（陽光通透+優質床品+高樓層）:HK$261', '豪華大床房（恆温乾衣架+貴妃躺椅）:HK$292', '豪華雙床房（恆温乾衣架+優質床品）:HK$292', '商務雙床房（恆温乾衣架+辦公桌椅+高樓層）:HK$336']"
南寧火車站虎邱大廈怡程酒店,9.4,"['標準大床房【東方韻味丨優美城景丨靜謐空間】:HK$326', '標準雙床房【東方韻味丨優美城景丨靜謐空間】:HK$326', '高級大床房【東方韻味丨優美城景丨靜謐空間丨精緻浴衣】:HK$361', '高級雙床房【東方韻味丨優美城景丨靜謐空間丨精緻浴衣】:HK$361', '親子主題房【東方韻味丨優美城景丨靜謐空間丨精緻浴衣】:HK$375']"
沃笙酒店（萬象城南寧火車東站店）,9.5,"['高級雙床房（迷你冰箱+親膚浴袍+商務辦公桌椅）:HK$424', '精緻大床房:HK$424', '高級大床房（迷你冰箱+親膚浴袍+商務辦公桌椅）:HK$435', '豪華雙床房（迷你冰箱+親膚浴袍+商務辦公桌椅）:HK$512', '豪華大床房（迷你冰箱+親膚浴袍+浴缸+商務辦公桌椅）:HK$522', '主題雙床房（童趣玩具+主題帳篷）:HK$544']"
全季酒店（南寧金湖廣場店）,9.6,"['高級大床房A:HK$412', '高級大床房:HK$431', '高級雙床房:HK$431', '舒壓高級大床房:HK$452', '舒壓高級雙床房:HK$452']"
雲戀季MAX酒店（朝陽廣場南寧火車站店）,9.1,"['舒享大床房（臨近地鐵口+機場大巴+自助洗衣）:HK$207', '舒享雙床房（臨近地鐵口+機場大巴+自助洗衣）:HK$207', '輕奢大床房（臨近地鐵口+機場大巴+自助洗衣）:HK$228', '輕奢影視房（臨近地鐵口+機場大巴+自助洗衣）:HK$271']"
南寧東葛路地鐵站亞朵X酒店,9.6,"['雅緻房（普蘭特床墊+記憶枕）:HK$367', '高級大床房（普蘭特床墊+記憶枕）:HK$385', '高級雙床房（普蘭特床墊+記憶枕）:HK$385', '行政大床房（Mini小冰箱+小米智能體重秤+普蘭特床墊+記憶枕）:HK$421', '行政雙床房（Mini小冰箱+小米智能體重秤+普蘭特床墊+記憶枕）:HK$439']"
邕江假日酒店（南寧東站店）,9.4,"['舒享大床房（舒適安靜+零壓床墊）:HK$314', '悦享假日大床房（親膚浴袍+ 零壓床墊+小冰箱）:HK$337', '優享豪華大床房（俯城美景+舒享浴缸+小冰箱）:HK$358', '優享豪華雙床房（城市景觀+親膚浴袍+睡眠床墊+冰箱）:HK$370', '雙享空間房（親子床墊+公園城景+親膚浴袍+小冰箱）:HK$381']"
雅斯特國際酒店（南寧萬象城東盟商務區地鐵站店）,9.5,"['雅緻大床房:HK$299', '雅緻雙床房:HK$299', '高級大床房（近盛天地+乾濕分區+免停車費）:HK$332', '高級雙床房（近龍光世紀+智能全屋+自助洗衣房）:HK$332', '豪華大床房（近萬象城+智能全屋+免停車費）:HK$352']"
南寧火車站北湖亞朵酒店,9.7,"['雅緻大床房（裸棉床品+普蘭特床墊+慢回彈記憶枕）:HK$385', '雅緻雙床房（裸麪床品+普蘭特床墊+慢回彈記憶枕）:HK$403', '高級大床房（普蘭特床墊+榻榻米）:HK$421', '高級雙床房（榻榻米+裸棉床品）:HK$439', '行政大床房（Mini冰箱+榻榻米+慢回彈記憶枕）:HK$448']"
香榭裏酒店（南寧會展航洋城店）,9.0,"['舒適大床房（雅靜安逸）:HK$380', '舒適雙床房（雅靜安逸）:HK$402', '商務大床房（城市高空夜景+悠享辦公）:HK$402', '商務雙床房（CBD城市高空景觀+悠享辦公）:HK$435', '行政大床房（會展高空夜景+網紅打卡）:HK$435']"
南寧東站會展中心桔子水晶酒店,9.6,"['大床房（65寸4K超清投屏電視+全屋智能客控）:HK$424', '商務雙床房（65寸4K超清投屏電視+全屋智能客控）:HK$462', '商務大床房（65寸4K超清投屏電視+全屋智能客控）:HK$462', '高級大床房（65寸4K超清投屏電視+全屋智能客控）:HK$500', '觀景雙床房（65寸4K超清投屏電視+全景落地窗）:HK$539']"
智恆國際酒店（南寧火車東站店）,9.3,"['典雅大床房（安靜好眠）:HK$197', '典雅雙床房（安靜好眠）:HK$197', '清新雙床房（熙暖明亮）:HK$208', '清新大床房（熙暖明亮）:HK$208', '一見傾心情侶大床房（高速WiFi）:HK$239']"
南寧喬頓酒店（南寧萬象城東盟商務區地鐵站店）,9.6,"['青秀大床房（俯瞰邕城美景+採光好）:HK$434', '青秀雙床房（俯瞰邕城美景+採光好）:HK$434', '雲景雙床房（180°俯瞰邕城美景+辦公桌椅+舒適沙發）:HK$478', '雲景大床房（180°俯瞰邕城美景+辦公桌椅+舒適沙發）:HK$478', '御書大床房（180°俯瞰邕城美景+輕奢浴缸+辦公桌椅+舒適沙發）:HK$500']"
南寧鑫偉萬豪酒店,9.1,"['豪華大床房:HK$696', '豪華雙床房:HK$696', '商務城景大床房:HK$749', '行政大床房:HK$803', '行政雙床房:HK$803', '行政城景大床房:HK$856']"
悦笙酒店（南寧朝陽廣場火車站店）,9.5,"['一見暮卿・格調高級大床房『智能馬桶｜金可兒床墊｜MiNi冰箱｜手機無線充』:HK$328', '一夕一夏·悦享雅緻大床房『智能馬桶｜金可兒床墊｜MiNi冰箱｜手機無線充』:HK$328', '一城美景・縱享觀景大床房『俯瞰180°邕城美景｜智能馬桶｜金可兒床墊｜小度智能客控』:HK$348', '一路生花・格調高級雙床房『智能馬桶｜金可兒床墊｜MiNi冰箱｜手機無線充』:HK$357']"
雲錦智能影院酒店（南寧火車站地鐵口店）,9.3,"['舒適影院大床房【温馨躺平】:HK$230', '雅緻影院大床房:HK$242', '巨幕影院大床房【小度智能聲控房間設備+百寸巨幕】:HK$300', '巨幕影院雙床房:HK$311']"
浙商大酒店（南寧朝陽廣場火車站地鐵店）,9.4,"['精緻大床房（智能客控+55寸電視+雙層隔音+電動窗簾）:HK$238', '高級大床房（智能客控+65寸電視+雙層隔音+電動窗簾）:HK$257', '高級雙床房（智能客控+65寸電視+雙層隔音+電動窗簾）:HK$266', '休閑家庭房（智能客控+65寸電視+雙層隔音）:HK$276', '巨幕觀影大床房（智能客控+4K激光機+110寸高清屏）:HK$303']"
安達曼星途酒店（南寧朝陽廣場三街兩巷店）,9.2,"['温馨大床房:HK$148', '精緻大床房:HK$165', '精緻雙床房:HK$183', '影音大床房:HK$252']"
優逸酒店（南寧會展中心萬象城地鐵站店）,9.6,"['零壓商務雙床房（星空中庭觀景+深度好眠+智能馬桶）:HK$437', '舒適特大床房（星空中庭觀景+零壓床墊+電熱乾衣架）:HK$437', '精選大床房（零壓床墊 +智能馬桶+電熱乾衣架）:HK$459', '巨幕影音雙床房（沉浸觀影+雙隔音門+電熱乾衣架）:HK$464', '巨幕影音大床房（沉浸觀影+超大沙發+小冰箱）:HK$502', '商務大床房（獨立辦公區+會客茶台+電熱乾衣架）:HK$536']"
之間民宿（南寧朝陽廣場三街兩巷店）,9.6,"['院間·馬賽大床房203【小米智能家居】:HK$386', '院間·温馨大床房205【小米智能家居】:HK$386', '巷間·陽台大床202【小米智能家居】:HK$444', '舍間·青瓦大床房206【小米智能家居】:HK$444']"
漢庭酒店（南寧朝陽廣場地鐵站店）,9.5,"['高級大床房:HK$264', '高級雙床房:HK$283', '商務大床房:HK$283', '家庭房:HK$312']"
華笙酒店（海吉星江南公園地鐵站店）,9.7,"['庭景大床房:HK$319', '庭景雙床房:HK$319', '園景大床房:HK$340', '園景雙床房:HK$340', '城景大床房:HK$351']"
雅斯特國際酒店（南寧朝陽廣場地鐵站店）,9.1,"['雅緻大床房（採光好）:HK$371', '高級雙床房（採光好）:HK$393', '高級大床房（採光好）:HK$403', '觀景大床房（城市夜景+化粧鏡）:HK$425', '觀景雙床房（城市夜景+化粧鏡）:HK$436']"
南寧安吉希爾頓歡朋酒店,9.6,"['舒適大床房:HK$410', '高級雙床房:HK$422', '高級大床房:HK$433', '舒適園景雙床房（户外露台）:HK$433', '舒適園景大床房（户外露台）:HK$444']"
隱逸東方酒店（南寧吳圩國際機場店）,9.2,"['舒適大床間:HK$173', '豪華大床房:HK$184', '豪華雙床房:HK$184', '高級商務套房:HK$250']"
偉悦酒店（南寧火車東站琅東客運站店）,9.0,"['簡約清風大床房（獨享迷你空間）:HK$207', '娛樂大床房（智能馬桶+自動麻將桌）:HK$236', '影視大床房（私隱空間+超大投屏影幕）:HK$244', '特惠大床房（智能聲控+高層感受城市美景）:HK$286']"
優逸酒店（南寧火車東站琅東客運地鐵站店）,9.8,"['休閑景觀大床房（180°城市夜景+電熱毛巾架）:HK$326', '高級雙床房（靜謐隔音門+零壓記憶枕+電熱毛巾架）:HK$326', '優雅大床房（180°城景夜景+KINGKOIL零壓乳膠床墊）:HK$348', '全景商務大床房（商務辦公桌+會客茶台+舒適躺椅）:HK$370', '全景商務雙床房（KINGKOIL乳膠床墊+城市夜景）:HK$370']"
南寧會展中心智選假日酒店,9.5,"['高級房大床:HK$362', '高級房大床更大面積:HK$384', '高級房雙床:HK$384', '高級房雙床無障礙:HK$384', '高級房大床更大面積高樓層:HK$442']"
