酒店名称,评分,房型价格列表
麗怡酒店（南昌滕王閣萬壽宮地鐵站店）,9.5,"['高級大床房（慕斯床墊+iFagrance洗護用品+智能投屏）:HK$326', '行政大床房（慕斯床墊+iFagrance洗護用品+智能投屏）:HK$390', '豪華大床房（慕斯床墊+iFagrance洗護用品+智能投屏）:HK$399', '純凈大床房（慕斯床墊+iFagrance洗護用品+智能投屏）:HK$425']"
滕王閣影院酒店（南昌滕王閣萬壽宮地鐵站店）,9.3,"['時光影音大床房.乾濕分離衞浴間.百寸投影.VIP片源:HK$217', '映月影音大床房I零壓舒適床墊I百寸巨幕觀影I智能投屏:HK$239', '晚霞影音大床房（智能馬桶+百寸巨幕投屏享VIP大片）:HK$272', '景觀影音大床房.智能客控.百寸投影.VIP片源:HK$316']"
麗怡酒店（南昌昌北國際機場店）,9.8,"['高級雙床房（慕思床墊+iFagrance洗護用品）:HK$245', '豪華雙床房（慕思床墊+iFagrance洗護用品）:HK$262', '純凈大床房（慕思床墊+iFagrance洗護用品）:HK$262']"
城市便捷酒店（南昌紅谷灘翠苑路地鐵站店）,9.4,"['智能標準大床房（智能客控+舒適睡眠+VIP投影投屏）:HK$183', '智能商務大床房（智能客控+舒適睡眠）:HK$206', '智能商務雙床房（智能客控+舒適睡眠）:HK$214', '智能高級大床房（智能客控+舒適睡眠）:HK$231']"
皇鉑酒店（南昌滕王閣店）,9.4,"['舒適大床房【全智能沖洗馬桶+護脊床墊+回彈護頸枕】:HK$308', '智慧大床房【全智能沖洗馬桶+護脊床墊+回彈護頸枕】:HK$360', '豪華大床房【全智能沖洗馬桶+護脊床墊+回彈護頸枕】:HK$411', '智慧雙床房【全智能沖洗馬桶+護脊床墊+回彈護頸枕】:HK$463']"
美致酒店（紅谷灘萬達廣場翠苑路地鐵站店）,9.3,"['靜謐丨影音榻榻米房【VIP觀影】:HK$175', '精緻丨舒睡大床房【智能客控+提供耳塞】:HK$187', '怡致丨玲瓏大床房【智能客控+化粧鏡】:HK$198', '逸緻丨青春雙床房【智能客控+投屏電視】:HK$210']"
漫朵酒店（南昌滕王閣萬壽宮店）,9.1,"['漫朵大床房:HK$278', '漫朵影音大床房:HK$286', '漫朵影音休閑房:HK$310', '漫朵影音雙床房:HK$319']"
格林縵旅大酒店（八一廣場滕王閣店）,9.5,"['商務雙床房（小冰箱+乾濕分離）:HK$346', '商務大床房（乾濕分離）:HK$348', '優選雙床房（小冰箱+乾濕分離）:HK$383', '高級大床房（小冰箱+55寸投屏電視+空氣凈化器）:HK$393', '高級雙床房（小冰箱+55寸投屏電視）:HK$405']"
錦江都城酒店（南昌滕王閣八一廣場店）,9.5,"['精緻大床房（電視投屏+高空觀景）:HK$356', '風雅雙床房（180°落地窗+Mini Bar小冰箱+一鍵投屏）:HK$392', '風雅大床房（180°落地窗+Mini Bar小冰箱+一鍵投屏）:HK$392', '巨幕投影大床房（100寸巨幕+影音會員+全屋智能）:HK$416']"
南昌東方豪景花園酒店（滕王閣八一廣場店）,8.6,"['內景大床房（內庭有窗+浴缸）:HK$358', '內景雙床房（內庭有窗+浴缸）:HK$401', '城景大床房（一米陽光+浴缸靠窗）:HK$434', '城景雙床房（一米陽光+浴缸靠窗）:HK$467', '夢百合0壓大床房（帶0壓床墊+0壓記憶枕）:HK$478', '江景大床房（隱於市井中望江+浴缸靠窗）:HK$500']"
集合民宿（南昌紅谷灘萬達店）,8.7,"['初現居-乳膠床墊:HK$254', '未見居-乳膠床墊:HK$254', '隱世居-乳膠床墊:HK$254', '初心居-乳膠床墊:HK$297']"
閲江假日酒店（南昌紅谷灘省博物館店）,9.5,"['温馨大床房（65寸投屏電視+電動窗簾）:HK$260', '臻選温馨大床房:HK$281', '精緻江景大床房（65寸投屏電視+電動窗簾）:HK$282', '臻選精緻江景大床房:HK$303']"
漢庭酒店（南昌儒樂湖昌北機場店）,9.6,"['高級大床房:HK$255', '商務大床房:HK$274', '雙床房:HK$274', '家庭房:HK$312']"
格雷斯精選酒店（南昌紅谷灘省博物館店）,9.4,"['舒適大床房（安逸睡眠+舒適床墊+舒享城景）:HK$332', '商務雙床房（安逸睡眠+寬闊雙床+舒享城景）:HK$359', '商務大床房（安逸睡眠+方正空間+舒享城景）:HK$391', '豪華大床房（悦享江景+浪漫夜景）:HK$431', '豪華雙床房（悦享江景+美麗夜景+安逸睡眠）:HK$431']"
南昌西站智選假日酒店（綠地國際博覽中心店）,9.5,"['高級大床房（乾濕分離+斯得福軟硬枕+辦公桌椅）:HK$327', '高級雙床房（乾濕分離+斯得福軟硬枕+辦公桌椅）:HK$327', '舒適高級大床房（乾濕分離+斯得福軟硬枕+辦公桌椅）:HK$364', '舒適高級雙床房（乾濕分離+斯得福軟硬枕+辦公桌椅）:HK$364', '豪華大床房（乾濕分離+斯得福軟硬枕+沙發椅+辦公桌椅）:HK$421']"
TOWO上品酒店（南昌八一廣場丁公路北地鐵站店）,9.1,"['舒適大床房【城市夜景+舒適床品+陽光充裕】:HK$183', '舒適雙床房【商務辦公桌+乾濕分離+舒適睡眠枕】:HK$183', '豪華雙床房【城市夜景+商務辦公桌+大空間+星級床品】:HK$198', '豪華大床房【城市夜景+乾濕分離+大空間+星級床品】:HK$202']"
安義為邦理想酒店（南昌職業大學市民廣場店）,9.4,"['優悦城景大床房（辦公書桌+乾濕分離衞浴）:HK$232', '優悦城景雙床房（辦公書桌+乾濕分離衞浴）:HK$232', '深睡舒享大床房（城景景觀+零壓釋壓床墊+助眠乳膠枕）:HK$266', '深睡舒享雙床房（城景景觀+零壓釋壓床墊+助眠乳膠枕）:HK$266', '行政全景大床套房（獨立客廳+雲端景觀+解壓浴缸）:HK$299']"
南昌八一廣場滕王閣花園酒店（福州路地鐵站店）,8.8,"['公園好美景·智能巨幕投影大床房:HK$260', '舒眠·智能巨幕投影大床房:HK$282', '公園好美景·智能巨幕投影雙床房:HK$304', '舒眠·智能巨幕投影雙床房:HK$325']"
越家國際酒店（南昌紅谷灘萬象城店）,9.3,"['悦享|精緻雙床房（品牌床墊+深度睡眠）:HK$258', '悦享|精緻大床房（品牌床墊+深度睡眠）:HK$274', '悦心|靜謐雙床房（中央空調+透光通風+深度睡眠）:HK$380', '悦心|靜謐大床房（中央空調+透光通風+深度睡眠）:HK$427', '悦家|尊享雙床房（明亮舒適+深度睡眠+寬敞通透）:HK$442']"
全季酒店（南昌進賢縣嘉禾廣場店）,9.4,"['高級大床房:HK$312', '高級雙床房:HK$340', '商務大床房:HK$340', '家庭房:HK$406']"
南昌賓呈國際酒店（青山湖萬達廣場店）,9.4,"['沉浸觀影大床房（智能客控+手機投屏）:HK$222', '舒適大床房（智能客控+功夫茶具+安睡蕎麥枕）:HK$283', '舒適雙床房（智能客控+功夫茶具+安睡蕎麥枕）:HK$284', '雅悦高級大床房（智能客控+功夫茶具+高層景觀）:HK$309', '雅悦高級雙床房（智能客控+功夫茶具+高層景觀）:HK$309']"
桔子酒店（南昌滕王閣萬壽宮店）,9.6,"['商務大床房（落地窗+智能客控投屏+小冰箱）:HK$468', '江景大床房（180°落地窗+贛江美景+智能客控投屏）:HK$546', '精選雙床房（180°落地窗+智能客控投屏+小冰箱）:HK$566', '豪華雙床房（多方位落地窗+智能客控投屏+小冰箱）:HK$644', '江景豪華雙床房（多方位落地窗+滕王閣贛江美景）:HK$721']"
美高江景酒店（朝陽大悅城觀洲地鐵站店）,9.0,"['高空丨玲瓏園景大床房:HK$203', '孤鷺丨好眠城景大床房:HK$222', '秋水丨好眠江景大床房:HK$222', '落霞丨好眠江景大床房-摩天輪一江兩岸夜景:HK$250']"
中洲國際酒店（江西農業大學城旭輝中心店）,9.2,"['梅嶺·舒眠影音大床房（薰香+眼罩+深度睡眠）:HK$215', '梅嶺·舒眠影音雙床房【竹海明珠+獅子峯+櫻花谷】:HK$225', '中洲甄選驚喜大床房:HK$244', '滕王閣·觀影大床房:HK$253', '紅谷灘·高級雙床房:HK$263']"
柏納酒店（南昌八一廣場武商購物中心店）,9.3,"['臻享大床房（小巧玲瓏+靜謐空間）:HK$459', '臻選大床房:HK$479', '精選大床房（深度好眠+獨立辦公）:HK$501', '景觀大床房（城市夜景+獨立辦公）:HK$523']"
麗楓酒店（南昌向塘鹿港星城店）,9.2,"['豪華大床房:HK$265', '純凈自然商務雙床房:HK$294', '行政大床房:HK$294', '景觀大床房:HK$324']"
南昌滕王閣美居酒店,9.5,"['標準房-大床（ FlorisLand洗護套裝+MiniBar）:HK$491', '高級房-大床（ FlorisLand洗護套裝+MiniBar）:HK$522', '高級房-雙床（ FlorisLand洗護套裝+MiniBar）:HK$532', '豪華房-雙床（ FlorisLand洗護套裝+MiniBar）:HK$582', '豪華江景房-大床（滕王閣夜景+一線江景）:HK$592']"
凱里亞德酒店（南昌青山湖萬達廣場店）,9.5,"['樂享雙床房（智能客控+安睡蕎麥枕）:HK$260', '樂享大床房（智能客控+安睡蕎麥枕）:HK$269', '優享雙床房（智能客控+安睡蕎麥枕）:HK$278', '優享大床房（智能客控+安睡蕎麥枕）:HK$287']"
菲侖酒店（南昌秋水廣場省博物館店）,9.7,"['城景大床房【超長待機+全屋智能客控+一鍵投屏】:HK$331', '景觀雙床房【全屋智能客控+一鍵投屏+江河風景】:HK$355', '江景大床房【眺望八一大橋江景+智能客控+一鍵投屏】:HK$368', '江景雙床房【江河風景+智能客控+一鍵投屏】:HK$380']"
南昌滕王閣希爾頓歡朋酒店,9.2,"['舒適大床房:HK$403', '舒適雙床房:HK$413', '高級大床房:HK$431', '高級雙床房:HK$447', '豪華江景大床房:HK$461']"
南昌西站國博萬達悦華酒店,9.5,"['高級雙床房（景觀落地窗+Acca Kappa洗護用品+智能投屏）:HK$336', '高級大床房（雙面景觀落地窗+Acca Kappa洗護用品+智能投屏）:HK$369', '豪華雙床房（景觀落地窗+Acca Kappa洗護+智能投屏）:HK$392', '豪華大床房（景觀落地窗+Acca Kappa洗護+智能投屏）:HK$425', '棋牌大床房（落地窗+Acca Kappa洗護用品+智能投屏）:HK$447']"
你好酒店（南昌滕王閣萬壽宮店）,9.5,"['舒壓影音大床房（電視投屏+金可兒床墊+記憶枕）:HK$284', '雙床房A（電視投屏+金可兒床墊+記憶枕）:HK$284', '大床房（電視投屏+金可兒床墊+記憶枕）:HK$284', '高級大床房（電視投屏+金可兒床墊+記憶枕）:HK$305']"
中森花園國際酒店（火車站繩金塔店）,9.6,"['靜謐舒適大床房:HK$271', '靜謐舒適雙床房:HK$271', '花園高級大床房:HK$293', '花園高級雙床房:HK$293']"
FunGee 歡致酒店（南昌秋水廣場省博物館店）,9.4,"['歡言城景大床房【智能小度客控·明星同款化粧鏡】:HK$314', '歡愉影院大床房【巨幕投影·高速上網Wifi】:HK$334', '歡悦江景大床房|【江河風景·mini小冰箱】:HK$353', '歡暢城景雙床房【零壓靜謐記憶枕·夢百合零壓床墊】:HK$353', '歡欣江景雙床房【夢百合零壓床墊·江河風景】:HK$383']"
禧橙酒店（南昌滕王閣萬壽宮店）,9.1,"['舒適大床房:HK$252', '高級大床房:HK$261', '影音大床房:HK$287', '江景影音大床房:HK$287']"
漢庭酒店（南昌八一廣場美術館店）,9.6,"['大床房:HK$283', '高級大床房:HK$302', '雙床房:HK$340', '家庭房:HK$378']"
亞倫酒店（南昌滕王閣店）,8.3,"['拂曉|玲瓏大床房（榻榻米）:HK$319', '翠微|花園大床房:HK$320', '望舒|高級雙床房:HK$385', '扶光|豪華大床房:HK$451']"
你好酒店（南昌贛江新區昌北機場店）,9.8,"['高級大床房:HK$243', '商務大床房:HK$271', '高級雙床房:HK$271', '家庭房:HK$317']"
桔子酒店（南昌滕王閣朝陽洲南路店）,9.7,"['加州陽光大床房（金可兒床墊+小冰箱）:HK$317', '加州陽光高級特大床房（金可兒床墊+小冰箱）:HK$337', '加州陽光觀景高級特大床房（金可兒床墊+小冰箱）:HK$355', '加州陽光觀景高級雙床房（金可兒床墊+小冰箱）:HK$355']"
柏曼酒店（南昌西站北廣場地鐵站店）,9.3,"['舒適大床房:HK$220', '智能高級大床房:HK$235', '智能高級雙床房:HK$249', '豪華家庭房:HK$337']"
錦江都城酒店（南昌紅谷灘萬達廣場衛東地鐵站店）,9.2,"['精緻大床房:HK$295', '精緻雙床房:HK$297', '風雅雙床房【落地窗+國潮設計+智能小度+智能馬桶】:HK$311', '風雅大床房【落地窗+國潮設計+智能小度+智能馬桶】:HK$327']"
南昌西站萬達美華酒店,9.5,"['高級大床房（景觀落地窗+Acca Kappa洗護用品+智能投屏）:HK$245', '豪華大床房（景觀落地窗+Acca Kappa洗護用品+智能投屏）:HK$294', '豪華雙床房（景觀落地窗+Acca Kappa洗護用品+智能投屏）:HK$294', '高級豪華大床房（景觀落地窗+Acca Kappa洗護用品+智能馬桶+智能投屏）:HK$343', 'WanVita Cafe 沉浸大床房 （私享Coffee機+智能投屏+迷你小冰箱）:HK$490']"
江西飯店（八一廣場美術館店）,8.8,"['優選雙人房:HK$283', '商務雙人房:HK$327', '商務大床房:HK$327', '精選雙床房:HK$393', '精選大床房:HK$393']"
中森國際酒店（南昌大橋東地鐵站店）,9.1,"['秋色舒適大床房:HK$288', '秋色舒適雙床房:HK$288', '韓式巨幕舒眠大床房:HK$311', '韓式好眠雙床房:HK$311', '秋暮高級大床房:HK$332']"
南昌銅鑼灣廣場開元名庭酒店,9.6,"['名成高級大床房:HK$512', '名成豪華大床房:HK$545', '名成豪華雙床房:HK$545', '名成高級雙床房:HK$545', '名成行政大床房:HK$578']"
中森S設計師酒店（南昌八一廣場火車站西廣場店）,9.4,"['S舒適大床房:HK$257', '設計師高級大床房:HK$289', 'S舒適雙床房:HK$289', '中森S豪華大床房:HK$322']"
南昌縣隱棲心宿酒店（銀三角北地鐵站店）,9.7,"['隱禪居:HK$257', '隱澄居:HK$268', '棲院居:HK$311', '素心居:HK$316']"
漢庭酒店（南昌滕王閣繩金塔地鐵站店）,9.5,"['大床房:HK$246', '高級大床房:HK$264', '雙床間:HK$283', '家庭房:HK$302']"
凱里亞德酒店（南昌象湖金沙大道店）,9.4,"['樂享大床房（智能客控+康耐思床墊+行政辦公桌+舒適沙發+落地窗）:HK$244', '優享大床房（智能客控+康耐思床墊+行政辦公桌+舒適沙發+落地窗）:HK$285', '優享雙床房（智能客控+康耐思床墊+行政辦公桌+舒適沙發）:HK$286', '榮享家庭雙床房（智能客控+康耐思床墊+行政辦公桌+落地窗）:HK$303', '榮享大床房（智能客控+康耐思床墊+行政辦公桌+落地窗+舒適沙發）:HK$305']"
宜尚酒店（南昌八一廣場地鐵站武商MALL店）,9.5,"['舒適大床房（舒適靜謐+電視投屏）:HK$282', '標準雙床房（舒適睡眠l高清投屏）:HK$313', '標準大床房（温馨+安靜+舒適）:HK$320', '豪華大床房（舒適睡眠+悠享辦公）:HK$359']"
