酒店名称,评分,房型价格列表
啟東洲頤温泉酒店（啟唐城店）,9.4,"['湖景露台温泉複式大床房（室內泡池）:HK$1,298', '湖景露台温泉家庭房（室內泡池）:HK$1,407', '湖景露台温泉複式家庭套房（室內泡池）:HK$1,407', '私謐庭院温泉大床房（室內泡池+庭院泡池）:HK$1,516', '私謐庭院温泉雙床房（室內泡池+庭院泡池）:HK$1,516']"
南通濠河景區希爾頓花園酒店,9.6,"['花園大床房:HK$324', '花園高級雙床房:HK$356', '花園高級大床房:HK$378', '花園豪華大床房:HK$442', '花園高級家庭房:HK$486']"
桔子酒店（南通通州世紀大橋店）,9.8,"['大床房:HK$264', '高級雙床房:HK$264', '高級大床房:HK$274', '商務大床房:HK$293']"
南通中央商務區美居酒店,9.6,"['大床房:HK$522', '高級雙床房:HK$532', '高級大床房:HK$542', '豪華大床房:HK$572', '豪華雙床房:HK$572']"
南通火車站萬象城桔子水晶酒店,9.8,"['觀景大床房（65寸電視投屏）:HK$362', '觀景豪華雙床房（65寸電視投屏+運河景色）:HK$381', '高級大床房（65寸電視投屏+運河景色）:HK$402', '行政大床房（65寸電視投屏+運河景色）:HK$452', '行政套房（65寸電視投屏+運河景色）:HK$603']"
如皋中心智選假日酒店,9.7,"['高級房 超大床:HK$399', '高級房 2張雙人床:HK$399', '無障礙大床房:HK$399']"
南通艾美酒店,9.5,"['豪華城景大床房:HK$850', '豪華城景雙床房:HK$850', '豪華運河景大床房:HK$959', '豪華運河景雙床房:HK$959', '臻選景觀大床房:HK$1,177', '臻選景觀雙床房:HK$1,177']"
南通五洲皇冠酒店,9.7,"['商務雙床房:HK$589', '商務大床房:HK$654', '豪華雙床房:HK$698', '豪華大床房:HK$763', '豪華家庭房:HK$893', '尊貴大床房:HK$927']"
南通星湖城市廣場凱悦嘉軒酒店,9.5,"['大床房:HK$439', '雙床房（帶沙發床）:HK$439', '大床房（帶沙發床）:HK$439', '城景大床房（帶沙發床）:HK$447', '城景雙床房（帶沙發床）:HK$447']"
南通景瀾·唐閘印象酒店,9.4,"['清末庭院·特惠雙床房:HK$185', '清末庭院·高級大床房:HK$227', '清末庭院·高級雙床房:HK$250', '主樓中式·高級雙床房:HK$272', '主樓中式·套房:HK$426']"
南通萬怡酒店,9.7,"['標準大床房:HK$533', '標準雙床房:HK$533', '高級大床房:HK$620', '高級雙床房:HK$620', '豪華大床房:HK$708']"
南通開發區永旺夢樂城亞朵酒店,9.9,"['高級雙床房（深睡床品＋智能客控＋小冰箱）:HK$421', '高級大床房（深睡床品＋智能客控＋小冰箱）:HK$460', '尊享城景雙床房（深睡床品＋智能客控＋小冰箱）:HK$481', '行政城景大床房（深睡床品＋智能客控＋小冰箱）:HK$490', '尊享城景大床房（深睡床品＋智能客控＋小冰箱）:HK$521']"
南通海門福朋喜來登酒店,9.6,"['標準大床房:HK$526', '標準雙床房:HK$526', '高級大床房:HK$599', '高級雙床房:HK$599', '糖果飛屋親子家庭大床房||俏皮魚嘴+小童玩具+精彩繪本:HK$600', '糖果飛屋親子家庭雙床房||俏皮魚嘴+小童玩具+精彩繪本:HK$600']"
南通萬豪酒店,9.7,"['豪華城景大床房:HK$917', '豪華城景雙床房:HK$917', '精選湖景大床房:HK$1,108', '精選湖景雙床房:HK$1,108', '行政城景大床房:HK$1,426', '行政城景雙床房:HK$1,426']"
南通濠河風景區工農路漫心酒店,9.7,"['心怡大床房（65寸投屏電視+全屋智能+小冰箱）:HK$341', '心悦高級大床房（65寸投屏電視+全屋智能+小冰箱）:HK$362', '心悦高級標準房（65寸投屏電視+全屋智能+小冰箱）:HK$362', '心享豪華標準房（65寸投屏電視+全屋智能+小冰箱）:HK$381', '心享豪華大床房（65寸投屏電視+全屋智能+小冰箱）:HK$381']"
南通蘇錫通濱江美居酒店,9.8,"['高級大床房:HK$391', '豪華大床房:HK$431', '豪華雙床房:HK$441', '嘉賓雙床房:HK$472', '嘉賓大床房:HK$482']"
南通濠河城際酒店,9.9,"['城際天井大床房（投屏電視+全屋智能+sealy床墊）:HK$360', '城際大床房（投屏電視+全屋智能+sealy床墊）:HK$431', '城際高級房-大床（投屏電視+全屋智能+sealy床墊）:HK$462', '城際高級房-雙床（投屏電視+全屋智能+sealy床墊）:HK$482', '城際豪華房-大床（投屏電視+全屋智能+sealy床墊）:HK$492']"
南通人民中路漫心酒店,9.7,"['心怡大床房（65寸投屏電視+全屋智能+小冰箱）:HK$362', '心悦高級標準房（65寸投屏電視+全屋智能+小冰箱）:HK$391', '心悦高級大床房（65寸投屏電視+全屋智能+小冰箱）:HK$402', '心享豪華家庭房（65寸投屏電視+全屋智能+小冰箱）:HK$422', '心享豪華大床房（65寸投屏電視+全屋智能+小冰箱）:HK$441']"
南通雅詩閣圓融廣場服務公寓,9.6,"['一房豪華套房:HK$988', '一房行政套房:HK$1,079', '兩房行政套房:HK$1,820']"
南通綠洲國際假日酒店,9.6,"['時尚優選大床房:HK$375', '時尚優選雙床房:HK$375', '假日高級大床房:HK$467', '假日高級雙床房:HK$467', '假日高級房:HK$501', '精緻豪華大床房:HK$519']"
海門格雷斯精選酒店（海門商業步行街店）,9.4,"['高級大床房（安靜舒適）:HK$227', '豪華大床房（朝陽寬敞）:HK$279', '豪華雙床房（電視塔夜景）:HK$279', '豪華套房（帶浴缸）:HK$330']"
南通濠河景區五洲國際廣場酒店,9.3,"['商務大床房:HK$246', '商務雙床房:HK$246', '行政大床房:HK$299', '行政套房:HK$396']"
如皋辰瑞豪生酒店（如皋港長江鎮店）,9.8,"['高級大床房:HK$385', '商務標準間:HK$407', '商務大床房:HK$429', '行政大床房:HK$527', '行政標準間:HK$545']"
宜尚酒店（南通萬達龍信廣場店）,9.5,"['舒適大床房（北歐風+安靜舒適+乾濕分離+零壓床墊）:HK$274', '高級大床房（落地大窗+乾濕分離+零壓床墊+運河景觀）:HK$297', '智能高級大床房（落地大窗+芝華士頭等艙沙發+小冰箱）:HK$328', '高級雙床房（落地大窗+乾濕分離+零壓床墊+運河景觀）:HK$328']"
南通海門長江路亞朵酒店,9.8,"['高級雙床房【65寸電視可投屏、小冰箱、高速吹風機】:HK$309', '高級大床房【65寸電視可投屏、小冰箱、高速吹風機】:HK$350', '行政大床房【65寸電視可投屏、小冰箱、親膚浴袍】:HK$370', '行政雙床房【65寸電視可投屏、小冰箱、親膚浴袍】:HK$370', '行政套房【65寸電視可投屏、小冰箱、親膚浴袍】:HK$481']"
南通維景國際大酒店,9.7,"['商務大床房:HK$480', '商務雙床房:HK$480', '豪華大床房:HK$534', '豪華雙床房:HK$534', '行政大床房:HK$732', '行政豪華大床房:HK$776']"
海門中心智選假日酒店,9.8,"['特惠大床房:HK$276', '特惠雙床房:HK$276', '高級房 超大床:HK$286', '高級房 超大床 無障礙:HK$321', '高級房雙床:HK$321']"
南通貓山屋智慧酒店（萬象城店）,9.4,"['輕智大床房（夢百合零壓床墊+智能馬桶+空氣凈化器）:HK$198', '精智大床房（夢百合零壓床墊+智能馬桶）:HK$198', '雅智大床房（夢百合零壓床墊+智能馬桶）:HK$236', '雅智雙床房（夢百合零壓床墊+智能馬桶）:HK$249']"
南通龍信廣場江海大道亞朵酒店,9.6,"['高級大床房:HK$390', '高級雙床房:HK$390', '行政大床房:HK$410', '行政城景大床房:HK$450', '行政城景雙床房:HK$450']"
南通開發區中心亞朵酒店,9.8,"['高級雙床房:HK$400', '高級大床房:HK$421', '幾木雙床房:HK$460', '幾木大床房:HK$521', '行政大床房:HK$523']"
中天鋼鐵大酒店,9.7,"['豪華大床房:HK$576', '豪華雙床房:HK$576', '行政大床房:HK$648', '行政雙床房:HK$648', '豪華家庭房:HK$664', '豪華套房:HK$751']"
南通濠河景區南大街美侖酒店,9.4,"['商務雙床房（小冰箱+零壓床墊）:HK$331', '高級大床房（小冰箱+零壓床墊）:HK$331', '商務大床房（小冰箱+零壓床墊）:HK$362', '豪華雙床房（小冰箱+零壓床墊）:HK$362', '行政雙床房（小冰箱+零壓床墊）:HK$391']"
南通西站萬達悦華酒店,9.8,"['高級大床房:HK$239', '豪華雙床房:HK$252', '豪華大床房:HK$261', '高級豪華大床房:HK$310']"
隱沫酒店（南通大學狼山風景區店）,9.3,"['舒適大床房（禪意憩心+乾濕分離+小冰箱）:HK$304', '高級大床房（悦享陽光+乾濕分離+小冰箱）:HK$333', '高級雙床房（歡樂友聚+舒心浴袍+小冰箱）:HK$343', '豪華家庭房（温馨靜謐+獨享親子+小冰箱）:HK$363', '行政套房（田園風光+浴缸+客廳+冰箱）:HK$524']"
崇明島萱與瀾XUAN設計師酒店,9.5,"['菊月—園景平層大床房:HK$1,070', '冰月—園景平層大床房:HK$1,070', '鳴蜩—庭院園景平層雙床房:HK$1,199', '南宮—庭院園景平層雙床房:HK$1,199', '葭月—湖景平層大床房:HK$1,327']"
花築·26度方園酒店（啟東海上威尼斯店）,9.4,"['普普·墅野星空·雙床房 『美國金可兒床墊+觀景陽台＋乾濕分離』:HK$762', '帕洛斯·幽湖景觀·雙床房『美國金可兒床墊+榻榻米＋乾濕分離』:HK$762', '圖恩·霧落湖嶼·大床房『美國金可兒床墊+觀景陽台＋乾濕分離』:HK$762', '波波利·覓境花園·大床房『美國金可兒床墊+深泡浴缸＋戴森吹風機＋小冰箱＋Led化粧鏡』:HK$1,155']"
南通中心諾富特酒店（濠河風景區圓融廣場店）,9.6,"['影視雙床房（行政樓附屬區+投影）:HK$274', '高級雙床房（65寸電視可投屏+小冰箱+舒適床品）:HK$332', '標準雙床房（65寸電視可投屏+小冰箱）:HK$364', '標準大床房（65寸電視可投屏+小冰箱）:HK$398', '童年卡通親子房（舒適夫妻床+小童床）:HK$472']"
美麗豪酒店（南通濠河風景區青年西路店）,9.6,"['暢享單人電競房（顯卡4060+ I5-12400 + 螞蟻特權+黑神話悟空+steam遊戲暢玩+4060+2k高刷）:HK$155', '情侶雙人電競房（顯卡4060+I5-12400-高刷144hz-電競椅+螞蟻特權+暢玩黑神話悟空+steam遊戲暢玩+4060+2k高刷）:HK$166', '開黑電競雙人房（顯卡4060+ I5-12400+螞蟻特權+黑神話悟空+steam遊戲暢玩+4060+2k高刷）:HK$183', '麗致温馨大床房（投屏電視+乳膠枕）:HK$199']"
全季酒店（南通中央商務區店）,9.6,"['高級雙床房:HK$301', '高級大床房A:HK$321', '家庭房:HK$331', '高級大床房:HK$341']"
南通三德濠河風景區美居酒店,9.8,"['大床房:HK$340', '雙床房:HK$340', '標準雙床房（小冰箱+投屏電視+金可兒床墊）:HK$358', '標準大床房（小冰箱+投屏電視+金可兒床墊）:HK$358', '高級大床房（小冰箱+投屏電視+金可兒床墊）:HK$385']"
美豪麗致酒店（南通新世紀大道店）,9.5,"['精緻雙床房:HK$323', '精緻大床房:HK$333', '榻榻米小廂房:HK$353', '麗致雙床房:HK$353', '麗致大床房:HK$374']"
南通中央商務區金磚亞朵酒店,9.7,"['高級大床房（65寸投屏電視）:HK$390', '行政雙床房（65寸投屏電視）:HK$400', '行政大床房（65寸投屏電視）:HK$430', '幾木雙床房（65投屏電視+冰箱+親膚浴袍）:HK$481', '幾木大床房（65投屏電視+冰箱+親膚浴袍）:HK$510']"
南通火車站萬象城亞朵酒店,9.7,"['高級大床房:HK$370', '行政大床房:HK$380', '行政雙床房:HK$390', '高級雙床房:HK$423', '幾木大床房:HK$462']"
南通通州美侖國際酒店,9.5,"['高級大床房（65寸投屏電視+助眠舒適床墊）:HK$357', '豪華雙床房（小冰箱+65寸投屏電視+金可兒床墊）:HK$361', '豪華大床房（小冰箱+65寸投屏電視+金可兒床墊）:HK$482', '家庭房（小冰箱+65寸投屏電視+金可兒床墊）:HK$502', '高級景觀大床房（小冰箱+65寸投屏電視+金可兒床墊）:HK$522']"
南通偶來蜂巢花園民宿（南通站萬象城店）,9.6,"['別墅現代美式大床房（院景+網紅梳粧台+杜拉維特衞浴）:HK$602', '別墅新中式大床房（院景+杜拉維特衞浴+中式傢俱）:HK$602', '別墅上下鋪+大床親子套房（院景+搖搖馬+書架+杜拉維特衞浴）:HK$602', '別墅現代田園大床套房（沙發+杜拉維特衞浴+私密超大浴缸+原木桌椅）:HK$602']"
啟東七號洋房酒店,9.6,"['豪華現代海景親子房:HK$427', '簡約兩卧公寓房:HK$539', '豪華海景雙卧公寓房:HK$582', '伴海雙卧親子房:HK$618']"
美豪麗致酒店（南通蘇錫通產業園區店）,9.9,"['麗致大床房:HK$335', '麗致雙床房:HK$335', '雅緻大床房:HK$364', '雅緻雙床房:HK$364']"
如東中央廣場亞朵酒店,9.6,"['星曜高級大床房:HK$306', '星曜行政大床房:HK$350', '星曜高級雙床房:HK$362', '星曜大床房:HK$450', '星曜雙床房:HK$450']"
海門文峯大世界桔子水晶酒店,9.8,"['觀景雙床房（65寸電視可投屏，藍牙音箱，親膚浴袍）:HK$381', '觀景大床房（65寸電視可投屏，藍牙音箱，親膚浴袍）:HK$422', '高級大床房（65寸電視可投屏，藍牙音箱，親膚浴袍）:HK$441', '商務大床房（65寸電視可投屏，藍牙音箱，親膚浴袍）:HK$502', '豪華大床房（65寸電視可投屏，藍牙音箱，親膚浴袍）:HK$582']"
啟東經開智選假日酒店,9.5,"['高級房 超大床:HK$321', '高級房 2張雙人床:HK$321', '高級房 超大床 高樓層 帶浴缸:HK$398', '高級房-2張雙人床-高樓層帶浴缸:HK$398', '高級大床公寓房（廚房+冰箱+帶烘乾洗衣機）:HK$414']"
