酒店名称,评分,房型价格列表
FunGee歡致酒店（合肥淮河路步行街銀泰中心店）,9.7,"['歡言大床房（55寸投屏電視+舒達零壓床墊+小冰箱）:HK$327', '歡欣雙床房（55寸投屏電視+舒達零壓床墊+小冰箱）:HK$338', '歡悦大床房（55寸投屏電視+舒達零壓床墊+小冰箱）:HK$348', '歡暢雙床房（55寸投屏電視+舒達零壓床墊+小冰箱）:HK$360', '歡喜影院榻榻米房（星空頂+100寸高清投屏投影儀+小冰箱）:HK$370']"
安徽世紀金源大飯店,9.3,"['高級大床房:HK$480', '高級雙床房:HK$480', '高級休閑套房:HK$608', '豪華雙床房:HK$677', '豪華大床房:HK$677', '行政豪華間:HK$686']"
巢湖碧桂園鳳悦鳳凰酒店,9.5,"['商務園景雙床房:HK$372', '商務園景大床房:HK$372', '豪華湖景雙床房:HK$458', '親子園景大床房:HK$468', '園景寵物友好雙床房:HK$473', '親子園景雙床房:HK$501']"
合肥高鐵南站北廣場怡程酒店,9.8,"['智能高級大床房（雅蘭床墊+中式茶具+迷你冰箱）:HK$311', '影院高級大床房（雅蘭床墊+中式茶具+百寸影屏）:HK$335', '智能商務大床房（雅蘭床墊+中式茶具+迷你冰箱）:HK$359', '智能商務雙床房（雅蘭床墊+中式茶具+迷你冰箱）:HK$383', '智能豪華大床房（雅蘭床墊+中式茶具+迷你冰箱）:HK$407']"
及早酒店（合肥濱湖會展中心駱崗中央公園店）,9.7,"['不一樣的複式大床房:HK$305', '現在好了-舒適特色雙床房【馬歇爾音響+戴森吹風機+金可兒床墊+可投屏】:HK$360', '捕捉24小時-LOFT複式特色大床房【馬歇爾音響+戴森吹風機+金可兒床墊】:HK$360', '舒適大床房-行吟時刻【馬歇爾音響戴森吹風機+可投屏】:HK$371', '慵懶愜意大床房 【馬歇爾音響+戴森吹風機】:HK$386']"
92·漫步雲景酒店（合肥高鐵南站店）,9.5,"['漫語·初識大床房【全屋語音客控丨65寸投屏電視】:HK$273', '漫語·初識雙床房【全屋語音客控丨65寸投屏電視】:HK$273', '漫選·朝露大床房【超大床丨護髮高速吹風機】:HK$294', '漫選·影音雙床房【高清巨幕投影丨拍照出片】:HK$294', '漫享·私湯大床房【臨窗浴缸丨智能馬桶】:HK$316']"
曼居酒店（合肥濱湖方圓薈店）,10.0,"['曼享高級大床房（智能客控+電視投屏+喜臨門床墊）:HK$326', '曼享豪華大床房（智能客控+電視投屏+喜臨門床墊）:HK$370', '曼享豪華雙床房（智能客控+電視投屏+喜臨門床墊）:HK$402', '曼享行政大床房（智能客控+中式茶具+全景落地窗）:HK$436', '曼享行政雙床房（智能客控+中式茶具+全景落地窗）:HK$436']"
合肥黃山大廈城市酒店（步行街店）,9.5,"['榻榻米房:HK$239', '舒適雙床房:HK$282', '舒適大床房:HK$317', '菁致雙床房:HK$347', '精選雙床房:HK$359']"
合肥明珠瑞士酒店,9.6,"['城景豪華特大床房:HK$516', '城景豪華雙床房:HK$516', '瑞士精選特大床房:HK$561', '瑞士行政特大床套房:HK$645', '瑞士精選親子特大床房:HK$832', '豪華套房:HK$1,264']"
合肥新橋國際機場希爾頓歡朋酒店,9.8,"['高級雙床房:HK$528', '舒適大床房:HK$553', '高級大床房:HK$553', '豪華雙床房:HK$615', '荷里活大床房:HK$615']"
巢湖國際飯店,9.5,"['高級雙床房:HK$436', '高級大床房:HK$491', '行政公寓房:HK$545', '家庭大床房:HK$545', '豪華雙床房:HK$578']"
合肥肥東希爾頓歡朋酒店,9.6,"['舒適大床房:HK$392', '舒適雙床房:HK$392', '高級雙床房:HK$413', '高級大床房:HK$434', '豪華大床房:HK$454']"
合肥戴斯温德姆酒店（淮河路步行街店）,9.5,"['高級大床房:HK$354', '高級雙床房:HK$386', '豪華大床房:HK$419', '豪華雙床房:HK$453', '行政大床房:HK$520']"
合肥香格里拉大酒店,9.6,"['都市城景豪華大床房:HK$639', '都市城景豪華雙床房:HK$639', '都市城景尊榮大床房:HK$780', '雲端豪華閣豪華大床房:HK$874', '雲端豪華閣豪華雙床房:HK$874', '雲端豪華閣尊榮大床房:HK$1,109']"
安徽民航君瀾大飯店,9.7,"['高級大床房:HK$411', '高級雙床房:HK$411', '豪華君瀾大床房:HK$477', '行政大床房:HK$509', '豪華套房:HK$786', '行政套房:HK$786']"
合肥樂富強鉑悦酒店,9.7,"['豪華雙床房:HK$588', '豪華大床房:HK$621', '豪華精選雙床房:HK$632', '豪華精選大床房:HK$664', '星際漫遊親子主題房:HK$763', '浪漫公主親子房:HK$763']"
合肥西站四里河希爾頓歡朋酒店,9.7,"['舒適大床房（舒達專利床墊+科勒衞浴+人體工學座椅+辦公書桌）:HK$352', '舒適雙床房（舒達專利床墊+科勒衞浴+人體工學座椅+辦公書桌）:HK$352', '高級大床房（舒達專利床墊+科勒衞浴+人體工學座椅+辦公書桌）:HK$383', '高級雙床房（舒達專利床墊+科勒衞浴+人體工學座椅+辦公書桌）:HK$383', '豪華大床房（舒達專利床墊+科勒衞浴+小冰箱+人體工學座椅+辦公書桌）:HK$413']"
合肥肥西希爾頓花園酒店,9.4,"['高級大床房:HK$406', '豪華雙床房:HK$471', '豪華大床房:HK$471', '花園城景大床房:HK$547', '花園套房:HK$780']"
合肥西站四里河華爾頓酒店,9.5,"['精緻大床房:HK$435', '雅緻大床房:HK$446', '麗致大床房:HK$457', '精緻雙床房:HK$468', '雅緻雙床房:HK$479']"
廬江鴻福金陵酒店,9.3,"['豪華大床房:HK$326', '高級雙床房:HK$334', '豪華雙床房:HK$365', '行政雙床房:HK$399', '行政大床房:HK$399', '豪華套房:HK$628']"
逍·ISVARA酒店（淮河路步行街店）,9.9,"['標準大床房（實木設計師家居+全屋智能語音控制）:HK$308', '隱海大床房（實木設計師家居+智能語音控制+新風系統）:HK$308', '高級大床房（實木設計師家居+智能語音控制+超大采光）:HK$340', '行政雙床房（實木設計師家居+全智能語音+超大落地窗）:HK$373', '逍遙大床房（實木設計師家居+榻榻米超大落地窗+浴缸）:HK$386']"
合肥高新區創新產業園頤朵酒店,9.6,"['商務大床房:HK$284', '雅緻大床房:HK$338', '高級雙床房:HK$358', '高級大床房:HK$379', '行政雙床房:HK$390']"
合肥栢景朗廷酒店,9.8,"['豪華雙床房:HK$907', '豪華大床房:HK$907', '臨空城景豪華大床房:HK$1,001', '雲端城景行政大床房:HK$1,151', '雲端城景行政雙床房:HK$1,151', '180°臨空行政全景大床房:HK$1,161']"
合肥包河福朋喜來登酒店,9.3,"['傳統大床房:HK$423', '傳統雙床房:HK$423', '豪華大床房:HK$456', '豪華雙床房:HK$456', '豪華商務客房:HK$509', '精緻套房:HK$637']"
伯爵世家酒店（肥東星光國際店）,9.5,"['特惠大床房:HK$207', '精選大床房:HK$222', '精選雙床房:HK$222', '豪華大床房:HK$237', '豪華雙床房:HK$237']"
合肥兩淮天鵝湖大酒店,9.6,"['高級雙床房:HK$430', '高級大床房:HK$430', '豪華城市景觀大床房:HK$462', '豪華城市景觀雙床房:HK$462', '夢百合0壓大床房:HK$483', '行政大床房:HK$517']"
合肥肥東高鐵站亞朵酒店,9.5,"['高級大床房:HK$350', '行政大床房:HK$370', '行政雙床房:HK$370', '行政城景大床房:HK$380', '行政城景雙床房:HK$380']"
一號泉漂浮温泉酒店（合肥廬江湯池温泉度假區店）,8.9,"['南苑雙床房（單人私湯泡池）:HK$435', '南苑大床房（單人私湯泡池）:HK$435', '南苑榻榻米雙床房（單人私湯泡池）:HK$435', '北苑雙床房（雙人私湯泡池）:HK$544', '北苑大床房（雙人私湯泡池）:HK$544']"
尚品花園酒店（合肥火車站生態公園店）,9.3,"['舒適大床房 | 【乾濕分離+一次性馬桶墊】:HK$188', '舒適雙床房 | 【乾濕分離+一次性馬桶墊】:HK$188', '精選大床房 | 【舒適好眠+全景落地窗】:HK$224', '精選雙床房 | 【舒適好眠+全景落地窗】:HK$224']"
HYGGE且漫酒店（合肥淮河路步行街銀泰中心店）,9.6,"['且歌大床房【新風系統+榻榻米+高清投影】:HK$186', '漫舞雙床房【新風系統+65寸電視投屏】:HK$191', '且觀大床房【榻榻米+高清投影】:HK$191', '漫思大床房【65寸電視投屏】:HK$206']"
合肥濱湖富茂大飯店,9.8,"['靜享大床房（新風系統+高美洗護用品+超大浴缸）:HK$391', '舒享雙床房（獨立洗烘一體機+高美洗護用品+超大浴缸）:HK$447', '悦享雙床房（洗烘一體機+超大浴缸+金可兒護脊深睡床墊）:HK$485', '舒享大床房 （獨立洗烘一體機+智能馬桶+超大浴缸）:HK$497', '樂享雙床房（深睡記憶枕+護脊深睡床墊+高美洗護用品）:HK$522', '悦享大床房（獨立洗烘一體機+金可兒護脊深睡床墊）:HK$534']"
巢湖遠洲豪廷大酒店,9.6,"['高級園景大床房:HK$435', '高級園景雙床房:HK$435', '豪華觀景雙床房:HK$499', '豪華觀景大床房:HK$501', '遠洲閣行政大床房:HK$632', '遠洲閣行政雙床房:HK$632']"
合肥北城上上座酒店,9.5,"['高級雙床房:HK$331', '高級大床房:HK$343', '高級湖景雙床房:HK$375', '高級湖景大床房:HK$386', '行政雙床房:HK$408']"
合肥廬陽萬象滙亞朵酒店,9.7,"['高級雙床房:HK$400', '高級大床房:HK$421', '行政大床房:HK$471', '行政雙床房:HK$493', '幾木大床房:HK$501']"
蒂斯藍頓國際酒店（合肥濱湖會展中心店）,9.6,"['特惠大床房:HK$217', '高級大床房【無窗】:HK$263', '豪華大床房:HK$273', '高級複式雙床房【無窗】:HK$329', '至尊大床房:HK$329']"
建國·璞隱酒店（合肥南站駱崗中央公園店）,9.6,"['幽篁居雙床房（小冰箱+電視投屏+零壓床品）:HK$375', '詠蘭居大床房（小冰箱+園林景色+零壓床品）:HK$384', '暗香居大床房（小冰箱+電視投屏+零壓床品）:HK$399', '清蓮居親子房（小冰箱+電視投屏+零壓床品）:HK$425', '清蓮居套房（小冰箱+智能客控+零壓床品）:HK$577']"
合肥創新產業園雲飛路天源迪科國際會議中心酒店,9.6,"['特惠大床房:HK$328', '特惠雙床房:HK$328', '高級大床房:HK$349', '高級雙床房:HK$349', '商務大床房:HK$424']"
合肥銀泰君亭酒店（步行街店）,9.4,"['城景雙床房:HK$383', '城景大床房:HK$383', '豪華雙床房:HK$462', '豪華大床房:HK$462', '雙拼超寬大床房:HK$494', '全景浴缸概念房:HK$556']"
合肥富力威斯汀酒店,9.5,"['威斯汀大床房:HK$1,015', '威斯汀雙床房:HK$1,015', '威斯汀豪華大床房:HK$1,072', '威斯汀豪華雙床房:HK$1,072', '豪華煥彩大床房:HK$1,192', 'B.duck小黃鴨主題親子房:HK$1,200']"
合肥栢景藝術酒店（安徽廣播電視台博物館店）,9.6,"['雅緻雙床房:HK$410', '商務大床房:HK$426', '商務雙床房:HK$426', '雅緻大床房:HK$435']"
麗斯未來酒店（政務區天鵝湖萬達店）,9.7,"['晴光 | 舒適大床房 | 巨幕觀影+全屋智能+零壓床墊:HK$241', '麥田 | 精選榻榻米房 | 巨幕觀影+全屋智能+零壓床墊:HK$250', '藝林 | 精選雙床房 | 巨幕觀影+全屋智能+零壓床墊:HK$273', '紅柚 | 甄選大床房 | 巨幕觀影+全屋智能+零壓床墊:HK$290']"
合肥圩美宿集,9.3,"['悦讀·園景雙床房:HK$654', '悦讀·園景大床房:HK$654', '泊樵·複式雙床房:HK$873', '泊樵·園景大床房:HK$873', '泊樵·園景雙床房:HK$873', '漁舟·園景大床房:HK$873']"
曙光薇酒店（合肥天鵝湖店）,9.8,"['廬居城景雙床房:HK$459', '廬居城景大床房:HK$509', '望舒天景雙床房:HK$559', '望舒天景大床房:HK$609', '顧盼心景寬卧房:HK$609']"
合肥京商商貿城銅陵北路亞朵酒店,9.8,"['高級雙床房（可投屏）:HK$390', '高級大床房（可投屏）:HK$410', '行政雙床房（可投屏）:HK$431', '行政大床房（可投屏）:HK$450', '行政城景雙床房:HK$471']"
一水灣温泉酒店（廬江湯池温泉度假區店）,9.2,"['東苑•普通雙床房:HK$205', '東苑•普通大床房:HK$205', '東苑•普通棋牌雙床套房:HK$402', '南苑•高級南苑私湯雙床房（室內單人温泉泡池）:HK$435']"
合肥經開區希爾頓歡朋酒店,9.5,"['舒適大床房:HK$435', '舒適雙床房:HK$435', '高級雙床房:HK$479', '高級大床房:HK$479', '親子房:HK$501']"
格林東方酒店（合肥肥東星悦廣場店）,9.0,"['謐境・輕奢智能大床房（森林氧吧+零壓床+語音客控）:HK$342', '謐境・輕奢智能雙床房（森林氧吧+零壓床+語音客控）:HK$342', '和睦湖・零壓景觀大床房（零壓床+語音客控+智能馬桶）:HK$363', '和睦湖・零壓景觀雙床房（零壓床+語音客控+智能馬桶）:HK$363', '天幕・180°巨幕影音房:HK$396']"
合肥明珠廣場桔子水晶酒店,9.8,"['商務雙床房（Sealy床墊+藍牙音響+徠芬吹風機+新風）:HK$412', '商務大床房（Sealy床墊+藍牙音響+徠芬吹風機+新風）:HK$412', '豪華雙床房（Sealy床墊+藍牙音響+徠芬吹風機+新風）:HK$442', '豪華大床房（Sealy床墊+藍牙音響+徠芬吹風機+新風）:HK$442', '行政大床房（Sealy床墊+藍牙音響+徠芬吹風機+新風）:HK$472']"
海貝聯盟酒店（合肥濱湖國際會展中心中央公園店）,9.4,"['商務大床房【高清投屏電視】:HK$294', '商務標準間【高清投屏電視】:HK$294', '海貝影視大床房【高清投屏電視】:HK$315', '海貝精品大床房【高清投屏電視】:HK$337', '海貝高級大床房【高清投屏電視】:HK$357']"
合肥古井假日酒店,9.4,"['商務大床房:HK$347', '高級大床房:HK$356', '高級雙床房:HK$356', '豪華房:HK$371', '豪華房-大床:HK$384', '豪華房-雙床:HK$384']"
