酒店名称,评分,房型价格列表
維也納國際酒店（吉林大街火車站店）,9.6,"['高級大床房:HK$281', '豪華大床房:HK$318', '豪華雙床房:HK$318', '商務雙床房:HK$346', '行政大床房（小冰箱）:HK$469']"
賽菲爾聽雪酒店（吉林火車站西廣場財富廣場店）,9.6,"['輕奢·影院大床房（巨幕高清投影+無限會員+沉浸觀影）:HK$217', '聽雪·商旅大床房（零壓床墊+鵝絨被+多功能桌）:HK$222', '聽雪·商旅雙床房（零壓床墊+鵝絨被+多功能桌）:HK$236', '聽雪·優選大床房（零壓床墊+鵝絨被+冰箱+轉角沙發）:HK$249']"
吉林萬錦凇江鉑蘭酒店,9.5,"['望江 . 標準大床房:HK$307', '望山 . 高級大床房（浴缸）:HK$371', '望江 . 高級大床房:HK$371', '望山 . 高級雙床房（浴缸）:HK$371', '望山 . 商務套房（浴缸）:HK$481']"
你好酒店（吉林財富廣場店）,9.7,"['高級大床房:HK$251', '高級雙床房:HK$281', '家庭房:HK$321', '商務大床房:HK$341']"
吉林火車站戴斯温德姆酒店,9.1,"['標準大床房:HK$315', '高級大床房:HK$353', '高級雙床房:HK$359', '豪華雙床房:HK$439', '豪華大床房:HK$439', '行政雙床房:HK$482']"
億龍酒店（吉林火車站財富廣場店）,9.7,"['舒適大床房（小冰箱+零壓床墊+羽絨被+獨立空調+雙層隔音門）:HK$226', '舒適雙床房（小冰箱+零壓床墊+羽絨被+獨立空調+雙層隔音門）:HK$240', '高級大床房（小冰箱+零壓床墊+羽絨被+獨立空調+雙層隔音門）:HK$264', '高級家庭房（小冰箱+零壓床墊+羽絨被+獨立空調+雙層隔音門）:HK$264']"
吉林財富廣場亞瀾朵酒店（火車站店）,9.7,"['高級大床房（零壓慢回彈枕+安心舒睡+智能馬桶）:HK$222', '尊享大床房（零壓慢回彈枕+安心舒睡+智能馬桶）:HK$259', '行政雙床房（零壓慢回彈枕+安心舒睡+智能馬桶）:HK$266', '行政大床房（零壓慢回彈枕+安心舒睡+智能馬桶）:HK$281']"
全季酒店（吉林萬達廣場店）,9.6,"['大床房:HK$318', '高級大床房:HK$337', '雙床房:HK$337', '舒壓高級大床房:HK$365']"
維也納國際酒店（吉林國投中東店）,9.4,"['豪華大床房（記憶深睡枕＋景觀）:HK$289', '豪華雙床房（記憶深睡枕＋景觀）:HK$306', '暢遊-豪華大床房（房間很大＋安心舒睡）:HK$413', '暢遊-豪華雙床房（房間很大＋安心舒睡）:HK$435', '豪華家庭房:HK$463']"
吉林江南廈門街亞朵X酒店,9.7,"['雅緻大床房-智能投屏:HK$349', '高級大床房-智能投屏:HK$383', '高級雙床房-智能投屏:HK$383', '樂享大床房-智能投屏:HK$412', '行政雙床房-智能投屏、小冰箱:HK$421']"
吉林世貿萬錦大酒店,9.5,"['高級雙床房:HK$556', '高級大床房:HK$611', '高級江景大床房:HK$720', '小童親子主題房:HK$1,277', '行政套房:HK$3,265']"
麗柏酒店（吉林北山人民廣場店）,9.5,"['舒適大床房【席夢思床墊+安睡好眠】:HK$347', '精緻雙床房【席夢思床墊+床品至柔】:HK$365', '豪華大床房【席夢思床墊+安睡好眠】:HK$391', '豪華雙床房【席夢思床墊+安睡好眠】:HK$409', '行政大床房【席夢思床墊+軒敞明亮】:HK$434']"
萬科松花湖雲麓酒店,9.8,"['雲度舒適房（温馨小户型+獨立陽台+廚房區）:HK$409', '雲旅山景家庭房（雙陽台觀景+廚房+獨立衣帽間）:HK$442', '雲旅山景雙床套房（超大空間+廚房）:HK$476', '雲旅山景特大床套房（超大空間+廚房+雙拼床）:HK$476', '雲享雙床套房（雙陽台觀景+獨立衣帽間）:HK$509']"
如家商旅酒店（吉林大潤發四店蓮山路店）,9.8,"['商務大床房:HK$202', '雙床房:HK$219', '安心睡零壓大床房:HK$228', '安心睡零壓雙床房:HK$245']"
吉林義德源大酒店,9.4,"['靜逸雙床房:HK$316', '靜逸大床房:HK$316', '內景雙床房（沙發茶几）:HK$316', '高級大床房（沙發茶几）:HK$367', '高級雙床房（沙發茶几）:HK$367', '商務大床房（沙發茶几+小冰箱）:HK$413']"
全季酒店（吉林江南火炬大廈店）,9.4,"['大床房:HK$314', '高級大床房:HK$333', '雙床房:HK$333', '舒壓-高級大床房:HK$351']"
全季酒店（吉林大街火車站店）,9.4,"['雙床房:HK$291', '大床房:HK$291', '高級大床房:HK$331', '舒壓-雙床房:HK$331']"
YAMU·言木民宿（吉林萬科松花湖滑雪場店）,9.5,"['一房一廳言悦大床房:HK$283', '一房一廳言悦雙床房:HK$283', '一房一廳言享榻榻米大床房:HK$330', '一房一廳言享榻榻米雙床房:HK$330']"
如家商旅酒店（吉林江南店）,9.6,"['高級大床房:HK$220', '高級雙床房:HK$248', '零壓大床房:HK$257', '親子大床房:HK$257']"
萬科松花湖新故事套房酒店,9.6,"['舒適雙床房（獨立露台+手機投屏+地暖+加濕器）:HK$275', '山景高級大床套房（獨立露台+手機投屏+地暖+加濕器）:HK$331', '山景高級雙床套房（獨立露台+手機投屏+地暖+加濕器）:HK$331', '庭院房（獨立庭院+圍爐燒烤+户外桌椅）:HK$386', '山景網紅沙發大床套房（獨立露台+手機投屏+地暖）:HK$386']"
吉林松花湖瞻雲SALOMON酒店,8.9,"['嘉樂雙床房:HK$435', '嘉享一居大床:HK$555', '悦享大床房:HK$555', '嘉享一居標間:HK$555', '小奶龍親子主題房:HK$610']"
吉林可以居烏拉文化主題酒店,8.9,"['舒適雙床房:HK$297', '高級雙床房（無窗）【浴缸】:HK$332', '高級家庭房（無窗）:HK$354', '高級大床房:HK$375', '豪華主題套房（無窗）:HK$375']"
漢庭優佳酒店（吉林天津街店）,9.8,"['高級大床房:HK$293', '雙床房:HK$312', '商務大床房:HK$312', '商務雙床房:HK$330']"
吉林紫光苑華美達酒店（萬達廣場店）,9.3,"['温馨雙床房:HK$368', '温馨大床房:HK$368', '高級雙床房:HK$435', '高級大床房:HK$435', '豪華大床房:HK$543', '豪華商務套房:HK$872']"
萬科松花湖拾光山舍別墅,9.4,"['『玉鸞』270°雪道觀景套房（大床，雪道景）:HK$270', '『雲杪』270°雪道觀景套房（雙床，雪道景）:HK$270', '『錦瑟』至尊雪景別墅（獨門獨院+烹飪廚具+2卧）:HK$841', '『葭月』雪道全景別墅（觀景庭院+全套廚具+3卧）:HK$1,070']"
你好酒店（吉林江南廈門街店）,9.5,"['大床房:HK$229', '高級雙床房:HK$239', '高級大床房:HK$248', '家庭房:HK$289']"
漢庭酒店（吉林火炬大廈江濱公園酒店）,9.8,"['高級大床房:HK$222', '高級雙床房:HK$231', '商務大床房:HK$251', '商務雙床房:HK$251']"
吉林恆陽大飯店（北華大學醫葯學院店）,9.4,"['商務大床房:HK$271', '行政大床房:HK$281', '行政雙床房:HK$281', '商務雙床房:HK$281']"
漢庭酒店（吉林萬科醫葯學院店）,9.6,"['大床房（B棟）:HK$290', '高級大床房:HK$308', '雙床房（B棟）:HK$328', '商務雙床房:HK$348']"
松花湖西武王子大飯店,9.3,"['園景高級大床房:HK$789', '園景高級雙床房:HK$789', '山景高級大床房:HK$897', '山景高級雙床房:HK$897', '園景豪華大床房:HK$1,256', '園景豪華雙床房:HK$1,256']"
漢庭酒店（吉林火車站東廣場店）,9.6,"['大床房:HK$233', '高級大床房:HK$252', '雙床房:HK$252', '商務大床房:HK$271']"
如家酒店NEO（吉林龍潭區政府江北公園店）,9.4,"['商務大床房A【無窗】:HK$188', '商務大床房:HK$206', '雙床房:HK$206', '安心睡大床房:HK$233']"
星程酒店（吉林中東琿春中街店）,9.7,"['雙床房:HK$202', '高級大床房:HK$202', '高級特大床房:HK$222', '商務大床房:HK$240']"
漢庭酒店（吉林市政府北京路店）,9.6,"['大床房:HK$331', '雙床房:HK$351', '高級大床房:HK$360', '高級雙床房:HK$381']"
吉林松花湖假日酒店,9.5,"['假日三期大床套房（室外觀景陽台+零壓床墊+地暖+加濕器）:HK$268', '假日三期雙床套房（室外觀景陽台+零壓床墊+地暖+加濕器）:HK$268', '假日三期家庭套房（室外觀景陽台+零壓床墊+地暖+加濕器）:HK$333', '青山-聯排別墅（戲雪庭院+觀景景觀+廚房）:HK$565']"
賽菲爾商務酒店（吉林火車站東廣場店）,9.2,"['舒適大床房:HK$161', '標準大床房:HK$188', '商旅大床房:HK$202', '商旅雙床房:HK$215']"
吉林利雅德飯店,9.2,"['優享雙床房:HK$255', '優享大床房:HK$255', '豪華大床房:HK$268', '高級雙床房:HK$268', '商務雙床房:HK$332']"
吉林霧凇賓館,8.9,"['A座標準雙床房:HK$290', 'A座標準大床房:HK$342', 'A座標準特色大床房:HK$434', 'A座標準套房:HK$680', 'D座行政套房:HK$917']"
漢庭酒店（吉林江北公園店）,9.7,"['大床房:HK$183', '高級大床房:HK$202', '雙床房:HK$202', '家庭房:HK$241']"
萬科松花湖四季墅,9.8,"['雪道景大床公寓（IKEA傢俱+電器齊全+空調+絕美山景）:HK$319', '雪道景雙床公寓（IKEA傢俱+電器齊全+空調+絕美山景）:HK$351', '高級投影度假別墅（整棟-庭院-燒烤架-麻將機）:HK$836', '舒適度假別墅（整棟-極米投影-庭院-户外桌椅-燒烤架）:HK$836']"
風華公寓（吉林萬科松花湖度假區店）,9.6,"['Ⅱ期-雪景大床套房（全景觀雪景+全屋地暖+廚房）:HK$273', 'Ⅱ期-風華雙人標間:HK$293', '一期一居豪華大床套房（全屋地暖+廚房）:HK$304', '一期-豪華雙床套房（超大室內空間+全屋地暖+廚房）:HK$326']"
宜必思酒店（吉林市政府北山公園店）,9.4,"['大床房:HK$202', '高級大床房:HK$222', '雙床房:HK$241', '家庭房:HK$280']"
吉林倫威克酒店（北華大學醫葯學院店）,9.5,"['温馨大床房:HK$206', '貴賓大床房:HK$237', '尊享大床房:HK$237', '貴賓雙床房:HK$250']"
吉林盛沐湯泉度假酒店,9.5,"['豪華標準間:HK$360', '豪華大床房:HK$360', '麻將雙人間:HK$392', '麻將大床房:HK$392']"
萬科松花湖亦間雪景別墅,9.3,"['青山公寓二期雙床房:HK$164', '青山公寓二期大床房:HK$164', '二期樓王雪景一居大床房:HK$219', '二期樓王雪景兩居套房:HK$437']"
吉林探探·藝術公寓酒店（財富購物廣場火車站店）,9.5,"['美式輕奢江景房【AI語音+巨幕投影+環繞音響+冰箱】:HK$204', '螢星【AI語音+巨幕激光投影+可愛冰箱】:HK$204', '意式智慧房【AI語音+75寸高刷電視+冰箱】:HK$204', '拾光星辰【AI語音+巨幕投影+環繞音響+冰箱】:HK$204']"
半山居雪山民宿,9.9,"['松韻:HK$383', '德馨:HK$383', '月寄瑤台·大床房:HK$409', '冬雪伊人·大床房:HK$409']"
吉林星月山莊,10.0,"['豪華大床房:HK$496', '大床房:HK$496', '標準大床房:HK$496']"
泊宿.遇見民宿（吉林財富廣場店）,9.8,"['夜幕觀景投影大床房:HK$150', '錦瑟觀景投影大床房:HK$152', '藍山城景投影大床房:HK$160', '楓驛觀景投影大床房:HK$160']"
漢庭酒店（吉林大街火車站店）,9.3,"['雙床房:HK$203', '大床房:HK$203', '高級大床房:HK$212']"
萬科松花湖蘭喬聖菲別墅,9.0,"['二期公寓雪景精品雙床房（空調+地暖+洗衣機）:HK$183', '二期公寓雪景精品大床房（空調＋地暖＋洗衣機）:HK$183', '高層雪景親子家庭房（空調＋地暖＋洗衣機）:HK$219', '高層山景大床房（空調＋地暖＋洗衣機）:HK$219']"
吉林吉林大街希爾頓歡朋酒店,9.7,"['舒適大床房:HK$375', '舒適雙床房:HK$375', '高級雙床房:HK$417', '高級大床房:HK$417', '豪華雙床房:HK$480']"
吉林北京路亞朵酒店,9.6,"['雅緻大床房:HK$379', '高級雙床房:HK$412', '行政大床房（小冰箱 ）:HK$439', '行政雙床房（小冰箱 ）:HK$466', '幾木城景大床房（小冰箱 ）:HK$475']"
吉林依軒居民宿,9.9,['家庭房:HK$436']
N+山墅（萬科松花湖滑雪度假區店）,9.7,"['輕奢一居室:HK$437', '宛如故里·雪景兩卧別墅（獨享庭院+全套廚具+地暖+空調）:HK$828', '公主殿下·豪華三卧別墅（獨享庭院+全套廚具+大容量熱水器+地暖+空調）:HK$1,319', '半山雪居·四卧別墅（超大客廳廚房+百寸投影）:HK$3,660']"
