酒店名称,评分,房型价格列表
呂梁中央公園亞朵酒店,9.5,"['雅緻大床房（自助茶飲）:HK$314', '雅緻雙床房（自助茶飲）:HK$331', '高級大床房（自助茶飲）:HK$358', '高級雙床房（自助茶飲）:HK$358', '行政大床房:HK$394']"
如家商旅酒店（呂梁濱河南東路店）,9.6,"['商務大床房A:HK$216', '商務大床房:HK$233', '雙床房:HK$241', '高級大床房:HK$267']"
全季酒店（呂梁世紀廣場店）,9.6,"['高級大床房:HK$331', '高級雙床房:HK$352', '商務大床房:HK$371', '套房:HK$944']"
呂梁離石永寧國際蘭歐尚品酒店,9.3,"['城景經典大床房（智能客控）:HK$214', '城景高級大床房（智能客控）:HK$224', '城景高級雙床房（智能客控）:HK$224', '城景豪華大床房（智能客控）:HK$263']"
晉海居龍商務酒店（呂梁離石汽車客運總站店）,9.6,"['智能豪華大床房【零壓床墊+自然睡眠+智能客控】:HK$180', '智能豪華雙床房【零壓床墊+自然睡眠+智能客控】:HK$180', '巨幕影音大床房【零壓床墊+自然睡眠+影音會員】:HK$219', '巨幕影音雙床房【零壓床墊+自然睡眠+影音會員】:HK$219']"
漢庭酒店（呂梁學院店）,9.7,"['大床房:HK$207', '雙床房:HK$236', '高級大床房:HK$236', '高級雙床房:HK$246']"
速8優選酒店（呂梁離石世紀廣場店）,9.1,[]
如家酒店·neo（呂梁市離石濱河南東路前進南街店）,9.3,"['商務大床房A:HK$192', '商務大床房:HK$202', '雙床房A:HK$210', '高級大床房:HK$220']"
海友酒店（呂梁龍山路店）,9.0,"['大床房:HK$151', '高級大床房:HK$169', '高級雙床房:HK$197']"
喆繁酒店,9.6,"['悦致雙床房:HK$135', '悦致大床房:HK$146', '雅緻雙床房:HK$156', '雅緻大床房:HK$167']"
呂梁極鏡電競酒店,9.6,"['特色膠囊二人間（公共衞生間）:HK$169', '豪華電競大床房:HK$292', '情侶圓床房:HK$292', '温馨閨蜜房:HK$292']"
YUNIK電競酒店（呂梁世紀廣場店）,9.9,"['電競商務大床房:HK$219', '電競雙床房:HK$227', '電競高級雙床房:HK$292', '電競三人間:HK$333']"
呂梁金海商務酒店,8.6,"['商務大床房:HK$212', '商務標準間:HK$212', '豪華標準間:HK$237', '豪華大床房:HK$237']"
呂梁田家會商旅酒店,9.7,"['陽光舒適雙床房:HK$131', '陽光舒適大床房:HK$131', '特惠雙床房:HK$154', '豪華大床房:HK$191']"
維也納3好酒店（呂梁經濟開發區店）,9.5,"['愉夢大床房:HK$203', '行政大床房:HK$231', '商務雙床房:HK$237', '高級雙床房:HK$241']"
呂梁永瑞大廈,8.9,"['商務雙床房:HK$142', '商務大床房:HK$145', '商務套房:HK$391']"
新東方快捷酒店（呂梁龍鳳大街）,7.9,"['特價房:HK$68', '豪華大床房:HK$77', '標準雙人間:HK$77', '標準三人間:HK$86']"
呂梁琴灣快捷酒店,9.0,"['舒適大床房:HK$85', '標準大床房:HK$96', '標準雙人間:HK$96', '商務大床房:HK$127']"
呂梁九龍優品酒店（離石宏泰廣場店）,8.7,"['簡奢雙床房:HK$164', '簡奢大床房:HK$164', '簡奢深睡大床房:HK$173', '簡奢深睡雙床房:HK$173']"
呂梁昌德大酒店,8.0,"['大床房:HK$167', '舒適雙床房:HK$192', '舒適大床房:HK$192', '雙床房:HK$194']"
呂梁紫閣快捷酒店（西崖底小學店）,8.2,"['特惠大床房:HK$216', '特惠雙床房:HK$216', '經濟大床房:HK$249', '經濟雙床房:HK$249']"
呂梁旺江紅快捷酒店,9.5,"['標準大床房:HK$157', '豪華大床房:HK$179', '豪華標間:HK$179', '三人間:HK$228']"
呂梁晉呂大廈民宿,9.1,"['豪華大床房:HK$300', '標準雙床房:HK$451', '豪華套房:HK$745']"
呂梁鼎昇酒店,6.2,"['悦享豪華雙床房:HK$145', '悦享豪華大床房:HK$145', '尊享商務三人間:HK$191', '野輔雙遊大床房:HK$200']"
呂梁心樂旅館,2.6,"['普通間:HK$72', '標準大床房:HK$72', '標準雙床房:HK$72', '舒適大床房:HK$82']"
呂梁愛情海主題公寓,2.0,"['大床房:HK$85', '標間:HK$86', '商務大床房:HK$107']"
遠方·山舍民宿酒店（如夢磧口店）,9.3,"['靜馨雙床房:HK$425', '温馨雙床房:HK$435', '豪華雙床房（景觀山景）:HK$472', '豪華雙床房（景觀露台）:HK$481', '豪華大床房:HK$481']"
臨縣磧口古鎮李家小院,9.6,"['靜雅雙床房:HK$272', '雅緻露台雙床房:HK$350', '温馨露台家庭房:HK$381', '精緻三人間:HK$381']"
全季酒店（呂梁交城南環路店）,9.8,"['高級大床房:HK$285', '高級雙床房:HK$296', '商務大床房:HK$315', '商務雙床房:HK$335']"
汾杏蔓蘭酒店,9.2,"['豪華大床房:HK$468', '豪華雙床房:HK$468', '商務雙床房:HK$500']"
呂梁交城南環路亞朵酒店,9.9,"['高級大床房（智能客控+智能馬桶+mini小冰箱）:HK$305', '行政大床房（智能客控+智能馬桶+mini小冰箱）:HK$314', '行政雙床房（智能客控+智能馬桶+mini小冰箱）:HK$323', '尊享大床房（智能客控+智能馬桶+mini小冰箱）:HK$340', '尊享雙床房（智能客控+智能馬桶+mini小冰箱）:HK$358']"
漢庭酒店（呂梁柳林青龍大街店）,9.7,"['大床房:HK$261', '高級大床房:HK$281', '高級雙床房:HK$302', '豪華大床房:HK$321']"
交城三利賓館,9.7,"['商務雙床房（酒店提供自助洗衣房）:HK$142', '商務大床房（酒店提供自助洗衣房）:HK$157', '巨幕投影雙床房（提供會員）:HK$160', '享享時光VR雙床房（在線觀影）:HK$160']"
全季酒店（孝義府前街店）,9.7,"['高級大床房:HK$302', '雙床房:HK$302', '舒壓雙床房:HK$321', '舒壓高級大床房:HK$321']"
臨縣自順成客棧,9.6,"['大窯洞標準間:HK$175', '家庭房:HK$175']"
磧口盛德樓賓館,9.6,"['標準雙床房:HK$191', '河景-雅緻豪華雙床房:HK$217', '河景-精緻大炕房:HK$234', '輕逸三人間:HK$287']"
臨縣磧口民宿窯洞,9.2,"['窯洞標準間（2號院）:HK$101', '窯洞大床房（2號院）:HK$104', '景觀標準間（二號院）:HK$129', '窯洞炕房（二號院）:HK$151']"
漢庭酒店（呂梁文水南二環店）,9.7,"['高級大床房（可投屏電視）:HK$178', '高級雙床房（可投屏電視）:HK$188', '商務大床房（智能客控、可投屏電視）:HK$197', '商務雙床房（智能客控、可投屏電視）:HK$206']"
孝義名邸温泉酒店,8.8,"['商務地台房:HK$184', '生活地台房:HK$184', '普通大床房:HK$205', '普通標準間:HK$205']"
鑫飛商務酒店,9.9,"['商務大床房:HK$314', '商務雙床房:HK$327', '商務套房:HK$538']"
臨縣客來軒賓館,9.6,"['經濟雙床房:HK$134', '普通街景大床房:HK$155', '普通標準雙床房:HK$155', '豪華街景大床房:HK$169']"
嵐縣帝豪藍寶酒店,9.2,"['雅緻·舒適甜睡大床房（零壓床墊+舒睡好眠）:HK$224', '雅緻·舒適零壓雙床房（零壓床墊+舒睡好眠）:HK$224', '雅緻·舒適零壓雙床房（遠眺城景+超大單床）:HK$240', '雅緻·舒適甜睡大床房（遠眺城景+零壓床墊）:HK$240']"
菲鴻酒店,9.6,"['甄選雙床房:HK$135', '奇遇VR靈動雙床房:HK$143', '甄選大床房:HK$151', '巨幕影音大床房:HK$167']"
中陽瑞景酒店,9.7,"['高級雙床房:HK$279', '高級大床房:HK$279', '豪華大床房:HK$300', '豪華雙床房:HK$300']"
漢庭酒店（呂梁中陽209國道店）,9.9,"['高級大床房:HK$196', '商務大床房:HK$205', '商務雙床房:HK$224', '豪華家庭房:HK$261']"
臨縣磧口陳家小院,8.9,"['舒適雙床房（智能窗簾+55寸液晶電視）:HK$128', '簡約雙床房（智能窗簾+55寸液晶電視）:HK$130']"
漢庭酒店（孝義大眾路店）,9.3,"['高級大床房:HK$206', '高級雙床房:HK$217', '商務大床房:HK$226', '商務雙床房:HK$235']"
華泰酒店,9.1,"['電競兄弟二人間:HK$281', '電競情侶大床房:HK$281', '豪華大床房:HK$306', '豪華雙床房:HK$306']"
興縣維也納智能酒店,9.5,"['高級河景雙床房:HK$258', '豪華大床房:HK$258', '行政大床房:HK$366', '行政雙床房:HK$366']"
湖濱全季酒店,8.6,"['特價大床房:HK$295', '特價雙床房:HK$295', '高級零壓大床房【智能】:HK$355', '高級零壓雙床房【全屋智能】:HK$355']"
