酒店名称,评分,房型价格列表
麗怡酒店（咸寧傳媒大廈市博物館店）,9.5,"['標準大床房+慕思床墊+暢享投屏:HK$258', '豪華大床房+慕思床墊+暢享投屏:HK$306', '豪華雙床房+慕思床墊+暢享投屏:HK$318', '純凈大床房:HK$347', '行政大床房:HK$368']"
如家精選酒店（咸寧銀泉大道同惠廣場店）,9.4,"['商務大床房（零壓床墊+助眠記憶枕+無線投屏）:HK$227', '高級大床房（零壓床墊+助眠記憶枕+無線投屏）:HK$245', '高級雙床房（零壓床墊+助眠記憶枕+無線投屏）:HK$271', '安心睡安睡大床房（零壓床墊+助眠記憶枕+空氣凈化器）:HK$289']"
秋果酒店（咸寧火車站咸寧高鐵北站店）,9.4,"['舒享驚喜大床房-小度語音智控+乳膠床墊+無線投屏+MINI冰箱:HK$295', '舒享驚喜雙床房-小度語音智控+乳膠床墊+無線投屏+按摩椅智能馬桶:HK$319', '樂享悠然大床房-小度語音智控+乳膠床墊+MINI冰箱+無線投屏:HK$342', '輕奢商務雙床房-小度語音智控+乳膠床墊+無線投屏+按摩椅+智能馬桶:HK$365', '輕奢商務大床房-小度語音智控+乳膠床墊+無線投屏+乾濕分離+智能馬桶:HK$390']"
漢庭酒店（咸寧銀泉大道十六潭公園店）,9.6,"['大床房:HK$217', '高級大床房:HK$235', '高級雙床房:HK$255', '商務大床房:HK$264']"
咸寧温泉谷大酒店（潛山國家森林公園店）,8.6,"['旖旎清新舒適雙床房:HK$345', '潛山氧吧大床房:HK$367', '潛山氧吧雙床房:HK$367', '林間漫步商務大床房:HK$483', '全景潛山商務套房:HK$651']"
咸寧藍海龍悦酒店（萬達廣場店）,9.2,"['馨悦雅緻智能大床房:HK$292', '詩悦精緻智能雙床房:HK$301', '舒悦精緻智能大床房:HK$303', '熙悦景觀智能大床房:HK$314', '怡悦雅緻智能雙床房:HK$358']"
咸寧聯投公園道酒店（潛山商業街潛山森林公園店）,9.3,"['悦享時光雙床房:HK$303', '清新鳥鳴雙床房-舒適好眠+小冰箱+自然採光+獨立空調:HK$334', '鳥瞰潛山大床房-山景房+保險箱+迷你小冰箱:HK$355', '綠色氧吧雙床房·自然採光+浴缸+獨立空調:HK$375', '綠色氧吧大床房-零壓床墊+獨立辦公區域+獨立空調:HK$396', '鳥鳴氧吧高級套房-1室1廳+視野開闊+浴缸+270°全景飄窗:HK$529']"
非繁城品酒店（咸寧萬達廣場店）,9.2,"['非繁高級雙床房:HK$177', '影院大床房（無窗）:HK$177', '非繁高級大床房:HK$186', '非繁零重力雙床房:HK$221']"
全季酒店（咸寧銀泉大道店）,9.7,"['高級大床房（65寸可投屏電視+迷你冰箱+KINGKOLL床墊）:HK$298', '商務大床房（65寸可投屏電視+迷你冰箱+KINGKOLL床墊）:HK$317', '高級雙床房（65寸可投屏電視+迷你冰箱+KINGKOLL床墊）:HK$317', '商務雙床房（65寸可投屏電視+迷你冰箱+KINGKOLL床墊）:HK$336']"
白玉蘭酒店（咸寧萬達廣場龍潭裡店）,9.5,"['舒雅大床房（暢享投屏+夢百合零壓床墊+助眠記憶枕）:HK$221', '靜雅雙床房（暢享投屏+夢百合零壓床墊+助眠記憶枕）:HK$240', '輕舒大床房（暢享投屏+夢百合零壓床墊+助眠記憶枕）:HK$241', '輕雅大床房（暢享投屏+深睡眠零壓床墊+窗外好景）:HK$260']"
咸寧華信大酒店,9.4,"['豪華尊享大床房:HK$311', '豪華尊享雙床房:HK$312', '豪華行政大床房:HK$343', '棋牌娛樂大床房:HK$475', '豪華景觀大床房:HK$475', '豪華尊享套房:HK$654']"
麗楓酒店（咸寧同惠廣場店）,9.4,"['豪華大床房:HK$236', '豪華雙床房:HK$243', '景觀大床房:HK$260', '景觀雙床房:HK$268']"
城市便捷酒店（咸寧南站萬達店）,9.2,"['標準大床房:HK$128', '商務大床房:HK$148', '商務雙床房:HK$155', '家庭房:HK$162']"
城市便捷酒店（咸寧温泉路沃爾瑪廣場店）,9.2,"['標準大床房:HK$135', '商務雙床房:HK$143', '商務大床房:HK$152', '豪華大床房:HK$168']"
歡漫酒店（咸寧温泉中心花壇店）,9.7,"['漫致-高級大床房（小度語音+智能客控）:HK$283', '漫洋-商務大床房（小度語音+智能客控）:HK$304', '漫享-高級雙床房（小度語音+零壓舒睡）:HK$316', '漫境-影院豪華大床房（巨幕投屏+會員觀影）:HK$328']"
麗楓酒店（咸寧温泉中心花壇店）,9.6,"['豪華大床房:HK$296', '豪華雙床房:HK$313', '純凈大床房:HK$331', '純凈自然雙床房:HK$348']"
咸寧恆立温泉酒店,8.9,"['森氧智能雙床房（慕斯床墊+小度房間智能語音控制）:HK$272', '森氧智能大床房（慕斯床墊+小度房間智能語音控制）:HK$273', '尊享智能雙床房（慕斯床墊+小度房間智能語音控制）:HK$289', '尊享智能大床房（慕斯床墊+小度房間智能語音控制）:HK$306']"
福臨酒店（咸寧火車站店）,9.4,"['特惠大床房:HK$122', '特惠雙床房:HK$122', '高級大床房:HK$129', '高級雙床房:HK$129']"
全季酒店（咸寧市政府新區店）,9.6,"['高級大床房:HK$324', '商務大床房:HK$326', '豪華大床房:HK$345', '商務雙床房:HK$345']"
喜客城市酒店（咸寧實驗外國語學校店）,9.2,"['雅緻大床房:HK$201', '喜悦大床房:HK$224', '喜悦雙床房:HK$247', '輕奢大床房:HK$259']"
宜尚酒店（咸寧温泉中心花壇店）,9.4,"['舒適大床房（温馨安靜-非温感0壓棉記憶枕）:HK$228', '高級大床房（北歐簡約風-非温感0壓棉記憶枕）:HK$250', '高級雙床房（北歐簡約風-非温感0壓棉記憶枕）:HK$250', '商務雙床房（通透明亮﹣非温感0壓棉記憶枕）:HK$274']"
咸寧藍海金盾大酒店,9.2,"['藍逸·靜致商務雙床房:HK$238', '藍逸·靜致商務大床房:HK$238', '藍悠·智慧豪華雙床房（語音智能聲控）:HK$282', '藍悠·智慧豪華大床房（語音智能聲控）:HK$282']"
漢庭酒店（咸寧銀泉大道店）,9.6,"['大床房:HK$357', '高級大床房:HK$358', '高級雙床房:HK$378', '商務大床房:HK$397']"
城市便捷酒店（咸寧鹹安店）,9.0,"['標準大床房:HK$128', '商務雙床房:HK$135', '商務大床房:HK$135', '零壓大床房:HK$141']"
途客中國酒店（咸寧北高鐵站店）,9.3,"['樂途大床房-MINI冰箱+空氣凈化器:HK$216', '樂途雙床房-MINI冰箱+空氣凈化器:HK$216', '品途大床房-MINI冰箱+空氣凈化器:HK$227', '品途雙床房-MINI冰箱+空氣凈化器:HK$227', '途尊大床房-夢百合床墊+零壓枕+MINI冰箱+空氣凈化器:HK$325']"
泊園酒店（咸寧職業技術學院人民廣場店）,9.5,"['特惠單人間:HK$165', '精緻大床房:HK$175', '商務雙人間:HK$195', '休閑棋牌室房:HK$286']"
錦江之星（咸寧銀泉大道店）,9.5,"['標準大床房:HK$135', '標準雙床房:HK$140', '高級雙床房:HK$168', '標準零壓大床房:HK$169']"
喜來客商務酒店（咸寧站店）,9.2,"['優享雙床房:HK$171', '標準大床房:HK$171', '標準雙床房:HK$178', '景緻圓床房:HK$183']"
仙鶴湖·鶴鳴山居民宿（賀勝橋東站店）,9.4,"['普通標間:HK$513', '豪華單間:HK$543', '豪華標間:HK$543', '棋牌房:HK$575']"
城市宜居酒店（咸寧萬達店）,9.1,"['特惠大床房:HK$200', '標準大床房:HK$230', '高級大床房:HK$237', '標準雙床房:HK$248']"
泊客城市酒店（湖北科技學院店）,9.5,"['温馨大床房（新風系統+親柔布草+靜謐睡眠床墊）:HK$184', '商務大床房（璀璨夜景+睡眠床墊+商務辦公+高清投屏）:HK$205', '商務雙床房（城市夜景+睡眠床墊+商務辦公+高清投屏）:HK$224', '豪華大床房（璀璨城市夜景+睡眠床墊+超軟沙發）:HK$236']"
咸寧米德爾大酒店,8.9,"['普通標準間:HK$174', '商務單人間:HK$195', '商務標準間:HK$206', '家庭房:HK$228']"
城市便捷酒店（咸寧銀泉大道店）,9.3,"['高級大床房:HK$157', '豪華大床房:HK$165', '豪華雙床房:HK$173', '標準雙床房:HK$183']"
咸寧陽光酒店,8.9,"['城景雙床房:HK$360', '城景大床房:HK$360', '行政大床房:HK$397', '貴賓套間:HK$685']"
咸寧桂泉國際酒店,7.8,"['陽光舒適大床房:HK$169', '豪華雅緻大床房:HK$275', '豪華商務雙人間:HK$275', '尊享商務大床房:HK$338']"
咸寧星雨竹院民宿,9.3,"['影院單間（帶壁爐）:HK$325', '舒適雙人間:HK$341', '豪華套房:HK$460']"
太乙洞智住民宿,9.6,"['標準單間:HK$221', '豪華單間:HK$459', '標準雙人間:HK$459', '豪華套間:HK$485']"
嘉格商務酒店（湖北科技學院店）,9.0,"['特惠舒適大床房:HK$154', '精品商務大床房:HK$173', '豪華商務大床房:HK$178', '精品商務雙床房:HK$182']"
咸寧家宴新天麗大酒店,8.6,"['高級雙床房:HK$216', '高級大床房:HK$227', '棋牌複式LOFT公寓:HK$303']"
真皮電競酒店（咸寧湖北科技學院店）,8.6,"['好眠丨臻品深睡大床房:HK$97', '零壓丨輕奢商旅雙床房:HK$113', '史遇丨欣享巨幕超級影視大床房:HK$121', '私享—CP電競優品大床房:HK$129']"
維也納酒店（咸寧中心花壇店）,9.3,"['城景大床房:HK$205', '城景雙床房:HK$216', '商務大床房:HK$238', '商務雙床房:HK$249']"
格林豪泰（咸寧高鐵北站五金機電市場店）,9.1,"['高級大床房:HK$147', '高級雙床房（公區提供自助洗衣房 ）:HK$164', '商務大床房:HK$176', '商務雙床房（洗衣房 奉茶服務 停車 近銀泰百貨 近火車站 迎送高鐵站）:HK$185']"
咸寧楚天瑤池温泉度假酒店,8.1,"['豪華標準房:HK$205', '豪華大床房:HK$205', '豪華棋牌房:HK$314', '商務套房:HK$314']"
梓山湖江南里,8.2,"['江南合院2房2衞:HK$1,235', '江南合院3房2衞:HK$1,441', '江南合院3房3衞:HK$1,648']"
咸寧繽悦便捷酒店,9.8,"['豪華大床房:HK$92', '豪華標準間:HK$93', '娛樂棋牌大床房:HK$123', '豪華兩室套房:HK$133']"
咸寧蘿蔔酒店,8.0,"['蘿蔔豪華雙床房:HK$412', '蘿蔔豪華大床房:HK$674', '蘿蔔豪華親子套房:HK$784', '蘿蔔豪華複式套房:HK$893', '蘿蔔豪華複式家庭套房:HK$893']"
咸寧聯投梓山湖酒店（賀勝橋東站店）,8.6,"['高級商務雙床房:HK$333', '高級商務大床房:HK$333', '豪華舒適雙床房:HK$382', '豪華舒適大床房:HK$382']"
咸寧鴻偉賓館,9.1,"['精品大床房:HK$107', '舒適雙床房:HK$118', '棋牌雙床房:HK$151']"
咸寧張公賓館,9.2,"['大床房:HK$100', '商務雙床房:HK$100']"
咸寧中盛家庭旅館,9.7,['舒適大床房:HK$69']
