酒店名称,评分,房型价格列表
西安咸陽國際機場臨空會展中心亞朵酒店,9.6,"['雅緻房（亞朵深睡枕PRO＋智能投屏）:HK$314', '高級雙床房（亞朵深睡枕PRO＋智能投屏）:HK$323', '高級大床房（亞朵深睡枕PRO＋智能投屏）:HK$341', '行政雙床房（亞朵深睡枕PRO＋智能投屏）:HK$350', '行政大床房（亞朵深睡枕PRO＋智能投屏）:HK$359']"
和頤酒店（西安咸陽國際機場店）,9.4,"['商務大床房【靜謐睡眠+品牌床墊】:HK$278', '雙床房【靜謐睡眠+品牌床墊】:HK$278', '高級大床房【靜謐睡眠+舒軟沙發】:HK$369', '高級雙床房【靜謐睡眠+舒軟沙發】:HK$369']"
泊舍酒店（咸陽湖店）,9.3,"['高級雙床房:HK$210', '高級大床房:HK$217', '影院高級雙床房:HK$314', '影院高級大床房:HK$327', '湖景影院親子房:HK$338']"
海友酒店（西安咸陽國際機場店）,9.6,"['大床房（喜臨門床墊-一次性浴巾毛巾）:HK$166', '雙床房（喜臨門床墊-一次性浴巾毛巾）:HK$175', '家庭房（喜臨門床墊-一次性浴巾毛巾）:HK$185']"
麗楓酒店（西安咸陽國際機場奧萊店）,9.5,"['高級大床房（慕思床墊+智能客控）:HK$345', '豪華雙床房（慕思床墊+智能客控）:HK$378', '浪漫尊享房（慕思床墊+智能客控）:HK$389', '行政大床房（慕思床墊+智能客控）:HK$402']"
西港航空酒店（西安機場店）,8.9,"['雅緻大床房:HK$287', '雅緻雙床房:HK$338', '高級雙床房:HK$384', '高級大床房:HK$397']"
西安咸陽國際機場美居酒店,9.7,"['高級雙床房【小冰箱+電視投屏+智能客控+高檔洗護】:HK$348', '高級大床房【小冰箱+電視投屏+智能客控+配置辦公桌】:HK$348', '豪華雙床房（雙層隔音玻璃.靜享無憂睡眠）:HK$382', '豪華大床房（雙層隔音玻璃.靜享無憂睡眠）:HK$382', '嘉賓大床房（超大空間+獨立衣帽間+隔音好）:HK$480']"
維也納國際酒店（西安咸陽國際機場旗艦店）,9.6,"['高級大床房:HK$319', '高級雙床房:HK$333', '商務大床房:HK$386', '商務雙床房:HK$394', '行政大床房:HK$426']"
粵海灣大酒店（咸陽高鐵西站店）,9.2,"['商務雙床房:HK$186', '粵致臻選陽光大床房（酒店公區提供洗衣房+電視投屏）:HK$186', '金領致選陽光雙床房（55寸可投屏電視+乳膠舒眠墊）:HK$203', '粵歡大空間親子套房（超大空間、三張床）:HK$374']"
星程酒店（西安咸陽國際機場店）,9.6,"['大床房（絲漣高端床墊+小冰箱+智能投屏電視）:HK$302', '高級大床房（絲漣高端床墊+小冰箱+智能投屏電視）:HK$322', '商務雙床房（絲漣高端床墊+小冰箱+智能投屏電視）:HK$341', '商務大床房（絲漣高端床墊+小冰箱+智能投屏電視）:HK$341']"
美麗豪酒店（西安咸陽國際機場店）,9.7,"['精緻雙床房:HK$353', '精緻大床房:HK$361', '麗致雙床房:HK$436', '麗致影院大床房:HK$467', '尊享雙床房:HK$508']"
咸陽體育場希爾頓歡朋酒店,9.4,"['舒適雙床房:HK$348', '舒適大床房:HK$359', '高級雙床房:HK$382', '高級大床房:HK$392', '豪華雙床房:HK$411']"
漢庭酒店（西安咸陽國際機場店）,9.6,"['商務雙床房【零壓枕+智能投屏電視】:HK$262', '商務大床房【零壓枕+智能投屏電視】:HK$262', '高級大床房【零壓枕+智能投屏電視】:HK$281', '高級雙床房【零壓枕+智能投屏電視】:HK$281']"
桔子酒店（西安咸陽國際機場店）,9.6,"['大床房:HK$362', '高級雙床房:HK$362', '高級大床房【金可兒床墊＋小冰箱＋65寸投屏電視】:HK$392', '商務大床房【金可兒床墊＋小冰箱＋65寸投屏電視】:HK$422']"
西安咸陽國際機場亞朵酒店,9.7,"['高級大床房:HK$386', '高級雙床房:HK$386', '行政雙床房:HK$422', '行政大床房:HK$431', '行政複式大床房:HK$485']"
咸陽寶德海宇酒店（秦都區萬達廣場店）,9.4,"['雅緻雙床房-超大落地窗+席夢思床墊:HK$394', '雅緻大床房-超大落地窗+席夢思床墊:HK$394', '雅韻雙床房-超大落地窗+席夢思床墊:HK$425', '雅韻大床房-超大落地窗+席夢思床墊:HK$425', '尊享雙床房-超大落地窗+席夢思床墊:HK$459', '尊享大床房-超大落地窗+席夢思床墊:HK$459']"
咸陽海泉灣維景國際大酒店,9.2,"['標準雙人間:HK$382', '標準單人間:HK$415', '高級單人間:HK$429', '高級雙人間:HK$438', '智慧雙床房:HK$491']"
全季酒店（西安咸陽國際機場T5客運大樓店）,9.6,"['高級大床房【寬敞豁亮＋高端床墊＋定製茶具】:HK$341', '高級雙床房【寬敞豁亮＋高端床墊＋定製茶具】:HK$359', '商務大床房【寬敞豁亮＋高端床墊＋定製茶具】:HK$359', '商務雙床房【寬敞豁亮＋高端床墊＋定製茶具】:HK$379', '家庭房【寬敞豁亮＋高端床墊】:HK$416']"
星季酒店（西安咸陽國際機場T5客運大樓店）,9.4,"['高級大床房:HK$267', '高級雙床房:HK$276', '家庭房:HK$320', '行政套房:HK$432']"
咸陽海泉灣温泉世界,9.4,"['中式主題套房:HK$1,421', '日式主題套房:HK$1,421', '地中海風情主題套房:HK$1,421', '東南亞風情主題套房:HK$1,421']"
全季酒店（西安咸陽國際機場店）,9.6,"['高級大床房【65寸投屏電視+智能馬桶+金可兒床墊】:HK$351', '高級雙床房【65寸投屏電視+禪意茶具+金可兒床墊】:HK$351', '商務雙床房【65寸投屏電視+禪意茶具+金可兒床墊】:HK$361', '舒壓高級大床房【65寸投屏電視+沙發+夢百合記憶棉墊】:HK$380']"
如家精選plus酒店（西安咸陽國際機場T3客運大樓店）,9.6,"['高級雙床房【落地全景大窗+品牌床墊】:HK$267', '高級大床房【落地全景大窗+品牌床墊】:HK$267', '家庭房【落地全景大窗+品牌床墊】:HK$322', '套房【落地全景大窗+品牌床墊】:HK$543']"
西安星河灣酒店,9.5,"['高級大床房:HK$437', '高級雙床間:HK$437', '豪華城景雙床房:HK$545', '豪華城景大床房:HK$545', '酷盼小黃鴨親子主題房:HK$656', '豪華園景雙床房:HK$699']"
全季酒店（西安咸陽國際機場T3客運大樓店）,9.7,"['高級大床房【金可兒床墊＋小冰箱＋65寸投屏電視】:HK$347', '商務雙床房【金可兒床墊＋小冰箱＋65寸投屏電視】:HK$347', '商務大床房【金可兒床墊＋小冰箱＋65寸投屏電視】:HK$376', '舒壓-雙床房【金可兒床墊＋小冰箱＋65寸投屏電視】:HK$385']"
川航金熊貓大酒店（西安咸陽國際機場店）,9.7,"['特惠雙床房:HK$206', '舒適大床房:HK$239', '舒適雙床房:HK$250', '豪華大床房:HK$282', '豪華雙床房:HK$293']"
喆啡酒店（西安咸陽國際機場店）,9.2,"['醇享大床房:HK$239', '醇享雙床房:HK$239', '浪漫大床房【入睡花界】:HK$368', '啡凡大床房:HK$373']"
咸陽麗彩天禧酒店（高鐵西站寶泉路地鐵站店）,9.6,"['舒適雙床房（臻選床品+辦公書桌+輕奢睡眠+乾濕分離）:HK$284', '舒適大床房（臻選床品+辦公書桌+輕奢睡眠+乾濕分離）:HK$298', '高級雙床房（臻選床品+舒睡好眠+採光充足+乾濕分離）:HK$305', '高級大床房（臻選床品+獨立卧室+採光充足+乾濕分離）:HK$319', '豪華大床房（洗衣機+冰箱+落地窗採光充足、空間開闊）:HK$341']"
H水晶酒店（咸陽灃渭中心白馬河地鐵站店）,9.8,['水晶 | 高級雙床房[無線投屏+MINI冰箱+智能客控]:HK$270']
西安西鹹諾富特酒店,9.6,"['高級大床房:HK$524', '高級雙床房:HK$546', '豪華大床房:HK$639', '豪華雙床房:HK$639', '行政大床房:HK$731', '行政雙床房:HK$731']"
楊凌國合之禾開元名庭酒店,9.6,"['開元大床房:HK$369', '開元雙床房:HK$369', '豪華大床房:HK$424', '豪華雙床房:HK$424', '豪華家庭房:HK$533']"
咸陽彩虹酒店（匯通十字寶泉路地鐵站店 ）,9.8,"['彩韻大床房（零壓感床墊+高清無線投屏）:HK$333', '虹光雙床房（採光充足+智能語音客控）:HK$356', '璀璨豪華大床房（MINI冰箱+芬香浴缸）:HK$367', '虹耀豪華大床房（行政茶台+多維深睡體驗）:HK$481', '炫虹尊尚套房（俯瞰城市夜景+智能睡眠模式）:HK$516']"
建國璞隱酒店（西安咸陽國際機場店）,9.6,"['詠蘭居大床房:HK$271', '凌霜居雙床房:HK$271', '暗香居大床房:HK$306', '幽篁居雙床房:HK$306', '清蓮居親子房:HK$404']"
西安盛捷灃東服務公寓酒店,9.7,"['豪華單房公寓:HK$390', '豪華單房公寓（雙床）:HK$390', '行政單房公寓:HK$445', '豪華行政單房公寓:HK$576', '一房豪華套房:HK$696']"
咸陽麗彩天祥酒店（秦都萬達店）,9.7,"['舒雅雙床房（超大落地窗+休閑沙發大圓桌）:HK$289', '舒雅大床房（自由投屏+舒適安逸）:HK$304', '豪華大床房（採光充足+全景視野）:HK$332', '精品套房:HK$427', '家庭房（乾濕分離+舒適好眠）:HK$443']"
西安灃東智選假日酒店,9.6,"['高級房 超大床:HK$319', '高級房 雙床房:HK$319', '高級房超大床（高樓層）:HK$366', '高級房雙床（高樓層）:HK$366', '開放式套房:HK$507']"
西安西鹹大廈地鐵站蘭歐國際酒店,9.7,"['智能高級大床房（無線投屏+窗敍茶台+舒適乳膠枕）:HK$328', '智能豪華大床房（MINI冰箱+窗敍茶台+無線投屏）:HK$386', '智能豪華雙床房（MINI冰箱+窗敍茶台+無線投屏）:HK$386', '尼羅河的饋贈（MINI冰箱+窗敍茶台+無線投屏）:HK$464', '蘭歐主題IP房（MINI冰箱+窗敍茶台+無線投屏）:HK$464']"
宏圖商務酒店（西安咸陽國際機場王府井賽特奧萊店）,8.4,"['商務雙床房（蒸汽熨斗+保險櫃）:HK$122', '商務大床房（蒸汽熨斗+保險櫃）:HK$142', '高級雙床房（乾淨舒適+商務風格）:HK$162', '高級大床房（乾淨整潔+情侶風格）:HK$176']"
雲隱酒店（西安咸陽國際機場店）,9.7,"['雲居·商務大床房:HK$248', '雲居·舒適雙床房:HK$299', '隱居·高級雙床房:HK$322', '隱居高級大床房:HK$322']"
咸陽人民路萬達廣場美侖酒店,9.7,"['高級雙床房:HK$308', '高級大床房:HK$362', '豪華雙床房:HK$362', '豪華大床房:HK$381', '家庭房:HK$419']"
咸陽麗彩天祺酒店（麗彩萬達店）,9.7,"['雅緻標間（寧靜安逸+品質床墊+迷你冰箱）:HK$333', '雅緻單間（寧靜安逸+品質床墊+迷你冰箱）:HK$333', '豪華雙床房（超大落地窗+採光充足+獨立浴室）:HK$354', '豪華大床房（全景視野+辦公桌椅+乾濕分離）:HK$354', '豪華套房（深泡浴缸+獨立化粧間+獨立會客茶台）:HK$576', '豪華公寓（洗衣機+冰箱+獨立廚區+私享獨立客卧）:HK$588']"
咸陽秦皇假日酒店（文林路陝西財經職業技術學院店）,9.3,"['高級大床房「零壓床墊+地標景觀+舒睡好眠+臻選床品」:HK$245', '商務大床房「純棉浴袍+空間開闊+高空夜景+臻選床品」:HK$269', '臻選雙床房「辦公書桌+城市美景+輕奢睡眠+品牌洗護」:HK$292', '臻選大床房 「採光充足+零壓睡眠+休閑沙發+全景視野」:HK$296', '豪華大床房「甄選床品+愜意\u200c泡浴+高空城景+零壓睡眠」:HK$363']"
咸陽楊凌國際會展中心酒店,9.6,"['標間:HK$248', '單間:HK$249', '豪華單間:HK$555', '豪華套間:HK$704']"
美豪麗致酒店（西鹹新區灃西新城管委會店）,9.7,"['麗致温馨大床房:HK$454', '麗致舒適大床房:HK$511', '麗致城景雙床房:HK$525', '特惠雙床房:HK$525', '麗致城景大床房:HK$668']"
咸陽珠泉路萬達廣場美侖酒店,9.6,"['大床房:HK$362', '高級大床房:HK$382', '高級雙床房:HK$392', '榻榻米房:HK$403', '豪華大床房:HK$422']"
龍之港酒店（西安咸陽國際機場店）,8.9,"['高級雙床房:HK$360', '高級大床房:HK$360', '家庭房:HK$421']"
未來生活酒店（咸陽秦都萬達廣場西北二棉店）,9.3,"['雅緻大床房:HK$110', '標準雙人房:HK$116', '行政大床房:HK$129', '家庭房:HK$161']"
木舍精品酒店（西安咸陽國際機場店）,9.4,"['輕奢大床房:HK$173', '小木屋雙床房:HK$206', '小木屋三人間家庭房:HK$230']"
咸陽沁雅軒商務賓館,8.5,"['簡約大床房:HK$166', '舒適標準間:HK$175', '雅緻大床房:HK$208', '親子家庭房:HK$243']"
咸陽鹹通酒店,9.6,"['豪華單間:HK$302', '豪華標間:HK$302', '商務套間:HK$568', '豪華套房:HK$754']"
咸陽和悦假日酒店,9.7,"['普通標間:HK$231', '普通單間:HK$261', '商務標間:HK$262', '商務單間:HK$306']"
