酒店名称,评分,房型价格列表
嘉興奢小曼酒店,9.8,"['高級大床房:HK$521', '高級雙床房:HK$521', '豪華精選大床房:HK$553', '豪華精選雙床房:HK$553', '豪華精選商旅房:HK$592']"
嘉興月河客棧,9.5,"['月彩河景大床房:HK$394', '月彩河景雙床房:HK$394', '月華內街景雙床房:HK$469', '月華內街景大床房:HK$470', '月輝大床房:HK$558', '月輝雙床房:HK$558']"
嘉興綠地鉑瑞酒店（湘家盪店）,9.0,"['尊享豪華花園大床房（房間大+電動窗簾+智能馬桶+陽台）:HK$511', '尊享豪華花園雙床房（房間大+電動窗簾+智能馬桶+陽台）:HK$511', '尊享高級湖景大床房（房間大+電動窗簾+智能馬桶+陽台）:HK$544', '尊享高級湖景雙床房（房間大+電動窗簾+智能馬桶+陽台）:HK$544', '尊享豪華湖景大床房（房間大+電動窗簾+智能馬桶+陽台）:HK$654', '尊享豪華湖景雙床房（房間大+電動窗簾+智能馬桶+陽台）:HK$654']"
嘉興八佰伴財富麗呈酒店,9.6,"['商務大床房【智能馬桶+城市夜景】:HK$304', '精選大床房【智能馬桶+迷你冰箱】:HK$376', '舒適大床房【智能馬桶+迷你冰箱】:HK$379', '豪華大床房【智能馬桶+品茶閑坐】:HK$407', '舒適標準間【智能馬桶+迷你冰箱】:HK$450']"
嘉興鴛湖旅社,9.6,"['高級大床房:HK$555', '豪華大床房:HK$674', '豪華雙人間:HK$763', '湖景大床房:HK$1,205', '園景套房:HK$1,870', '湖景套房:HK$2,092']"
西塘牧月酒店,9.8,"['西苑大床房:HK$436', '西苑家庭房:HK$480', '園景大床房:HK$513', '園景雙床房:HK$513', '湖景大床房:HK$622']"
西塘萬達美華度假酒店,9.7,"['安境·雅適大床房（智能投屏+Acca Kappa洗護品+膠囊Coffee機+迷你吧）:HK$502', '安境·雅適雙床房（智能投屏+Acca Kappa洗護品+膠囊Coffee機+迷你吧）:HK$502', '安境·雅緻園景大床房（靜謐舒適+智能投屏+Acca Kappa洗護品+膠囊Coffee機+迷你吧）:HK$556', '環秀·雅緻河景大床房（智能投屏+Acca Kappa洗護品+膠囊Coffee機+迷你吧）:HK$655', '環秀·雅緻河景雙床房（智能投屏+Acca Kappa洗護品+膠囊Coffee機+迷你吧）:HK$655']"
嘉興運河希爾頓歡朋酒店,9.8,"['舒適大床房:HK$426', '舒適雙床房:HK$426', '高級大床房:HK$480', '高級雙床房:HK$480', '豪華大床房:HK$534']"
伯爵世家酒店（嘉興南湖區政府店）,9.4,"['精選雙床房:HK$334', '精選大床房:HK$334', '尊享城景雙床房（浴缸）:HK$383', '尊享城景大床房（浴缸）:HK$383', '私享行政套房（會客廳+浴缸）:HK$434']"
嘉興南湖開元名庭酒店,9.6,"['名成高級大床房:HK$409', '名成豪華大床房:HK$430', '名成高級雙床房:HK$452', '名成豪華雙床房:HK$474', '名成商務大床房（含浴缸）:HK$496']"
嘉興希爾頓酒店,9.5,"['豪華雙床客房:HK$654', '豪華大床客房:HK$675', '無障礙房:HK$675', '豪華雲端雙床房:HK$786', '豪華雲端大床房:HK$811', '行政雙床客房:HK$823']"
嘉興佳源四季酒店,9.5,"['雅緻大床房:HK$407', '雅緻雙床房:HK$407', '高級大床房:HK$462', '高級雙床房:HK$462', '豪華大床房:HK$509', '豪華雙床房:HK$509']"
烏鎮西柵·時嶼設計師酒店,9.7,"['熔巖·觀景大床房（智能家居+AMIRO化粧鏡+乾濕分離）:HK$287', '易安·温馨陽台大床房（智能馬桶+AMIRO化粧鏡+落地窗）:HK$310', '東坡·榻榻米陽台大床房（智能客控+乾濕分離+全身鏡）:HK$310', '歌劇·河景大床房（智能馬桶+慕思床墊+AMIRO化粧鏡）:HK$331']"
嘉興萬豪酒店,9.6,"['豪華大床房:HK$749', '豪華雙床房:HK$749', '景觀大床房:HK$804', '景觀雙床房:HK$804', '全景大床房:HK$859', '行政大床房:HK$1,068']"
嘉緣瑞庭酒店（烏鎮西柵景區店）,9.6,"['特價大床房:HK$326', '豪華大床房:HK$348', '雅緻雙床房（帶榻榻米）:HK$390', '陽台大床房:HK$392', '豪華雙床房:HK$393']"
西塘西舍臨河藝術酒店,9.5,"['重逢精緻大床房:HK$557', '餘歡臨河大床投影房:HK$598', '覓知臨河大床投影房:HK$598', '漫夕且聽河畔陽台複式家庭房:HK$836']"
烏鎮民宿,9.5,"['民宿1.5米大床房C:HK$623', '民宿標間C:HK$623', '民宿標準間B:HK$698', '民宿1.5米大床房B:HK$698', '民宿1.8大床房C:HK$698']"
花嶼·陌野設計師酒店（烏鎮西柵景區南門店）,9.7,"['鄉舍·投影浴缸房:HK$359', '庭院·院台大床房:HK$401', '小築·吊椅親子房:HK$444', '大野·露台景觀房:HK$467']"
嘉興福朋喜來登酒店,9.5,"['豪華大床房:HK$585', '豪華雙床房:HK$585', '豪華河景雙床房:HK$648', '豪華河景大床房:HK$648', '行政大床房:HK$840', '行政雙床房:HK$840']"
趣蕪蹤·江南賦設計美宿（烏鎮西柵景區店）,9.9,"['暖棲·舒適雙床房【零壓舒適+江南觀景+智能馬桶】:HK$286', '棲光·温馨雙床房【江南景緻+通透採光+智能馬桶】:HK$308', '瀾灣·陽光浴缸大床房【深泡浴缸+180°江南景緻+投影】:HK$342', '謐舍·豪華雙床房【光影療愈+投影浴缸+靜謐温度】:HK$353']"
嘉興戴夢得開元名都酒店（南湖店）,9.5,"['開元市景雙床房:HK$483', '開元市景大床房:HK$483', '高級市景雙床房:HK$612', '高級市景大床房:HK$612', '高級湖景雙床房:HK$741', '高級湖景大床房:HK$741']"
烏鎮水巷驛,9.6,"['水巷驛大床房C:HK$765', '水巷驛大床房B:HK$983', '水巷驛標間B:HK$983', '水巷驛家庭套房B:HK$1,759']"
嘉興清池温泉酒店,9.1,"['雅緻雙床房（無私湯）:HK$468', '高級温泉雙床房（私湯）:HK$610', '高級温泉大床房（私湯）:HK$610', '景觀温泉大床房（私湯）:HK$675', '景觀温泉雙床房（私湯）:HK$675', '豪華温泉大床房（私湯）:HK$828']"
錦江都城酒店（嘉興南湖店）,9.5,"['時尚商務房（小冰箱+手機投屏 ）:HK$239', '安舒雙床房（小冰箱+手機投屏 ）:HK$239', '精緻商務房（小冰箱+手機投屏 ）:HK$268', '精緻雙床房（小冰箱+手機投屏 ）:HK$268']"
烏鎮青壚·野奢度假酒店,9.2,"['隱嶼小套房（智能寬熒幕投屏）:HK$481', '竹林氧吧·庭院大床房A:HK$529', '竹林氧吧·庭院大床房B:HK$529', '野奢.露台星空套房（森林景觀）:HK$601', '寵物友好●雙庭院露台景觀套房:HK$709']"
嘉興沙龍國際賓館（南湖景區店）,9.4,"['高級大床房:HK$330', '高級雙床房:HK$344', '商務雙床房:HK$387', '商務大床房:HK$389', '豪華雙床房:HK$483', '豪華家庭房:HK$535']"
嘉興蘆蓆滙開元觀堂酒店,9.5,"['觀堂大床房:HK$621', '觀堂雙床房:HK$621', '雅居雙床房:HK$730', '逸居大床房:HK$839', '逸居雙床房:HK$839', '悦景庭院雙床房:HK$948']"
璞意隱居烏鎮精品民宿,9.7,"['一靜•A棟:HK$282', '一修•A棟:HK$315', '一塵•A棟:HK$315', '一問•聞•A棟:HK$326', '一雲•智能床墊•B棟:HK$326']"
宜尚酒店（嘉興秀湖南洋職業技術學院店）,9.8,"['標準大床房:HK$219', '商務大床房:HK$234', '豪華大床房:HK$248', '豪華雙床房:HK$255']"
烏鎮希爾頓歡朋酒店,9.5,"['舒適大床房:HK$610', '高級雙床房:HK$642', '高級大床房:HK$642', '高級園景大床房:HK$719', '高級園景雙床房:HK$719']"
平湖萬怡酒店,9.6,"['聽鳴大床房:HK$587', '聽鳴雙床房:HK$587', '隱廬大床房:HK$608', '隱廬雙床房:HK$608', '亭水大床房:HK$608']"
烏鎮西柵米葭民宿,9.6,"['朝雨高級大床房:HK$413', '渥丹高級大床房:HK$477', '薈蔚高級大床房:HK$514', '清猗豪華家庭雙床房:HK$613']"
海寧華邑酒店,9.5,"['高級房:HK$538', '高級房 大床:HK$538', '高級房 雙床:HK$538', '高級房 大床 綠林別墅景觀:HK$568', '高級房 雙床 綠林別墅景觀:HK$568', '豪華房:HK$609']"
嘉興中山路江南摩爾亞朵酒店,9.6,"['高級大床房:HK$380', '高級雙床房:HK$400', '行政大床房:HK$448', '幾木大床房-亞朵星球深睡枕PRO+小冰箱:HK$450', '幾木雙床房-亞朵星球深睡枕PRO+小冰箱:HK$450']"
嘉興博雅花園酒店（南湖景區店）,9.3,"['商務雙床房:HK$391', '商務大床房:HK$391', '雅緻雙床房:HK$424', '雅緻大床房:HK$424', '商務園景大床房:HK$424', '商務園景雙床房:HK$424']"
烏鎮墨意淌人文藝術酒店（西柵景區南門店）,9.5,"['閑楫大床房:HK$278', '蠶眠舒適露台房:HK$299', '弄影院景陽台房:HK$317', '枕水雅居浴缸套房:HK$323', '煙橋雙床房:HK$346']"
未遠Villa度假民宿（烏鎮西柵景區店）,9.5,"['梧院·清新露台大床房:HK$457', '未遲·投影庭院景觀大床房:HK$505', '未語·投影露台景觀大床房:HK$505', '梧居·院落大床房:HK$577', '梧宿·院落大床房:HK$577']"
嘉興陽光雷迪森廣場酒店,9.5,"['高級大床房:HK$413', '高級雙床房:HK$413', '0壓高級大床房（0壓記憶枕+0壓床墊）:HK$461', '行政雙床房:HK$602', '行政大床房:HK$602', '豬豬俠親子房:HK$602']"
漢庭酒店（嘉興秀洲高照店）,9.8,"['大床房:HK$229', '高級雙床房:HK$238', '高級大床房:HK$248', '商務雙床房:HK$268']"
嘉興平湖亞朵酒店,9.7,"['高級大床房:HK$320', '高級雙床房:HK$350', '行政大床房:HK$408', '幾木大床房:HK$421', '行政雙床房:HK$492']"
嘉興海鹽開元頤居酒店,9.5,"['頤享高級大床房:HK$377', '頤享高級雙床房:HK$399', '頤享豪華大床房:HK$430', '頤享豪華雙床房:HK$430', '頤享行政大床房:HK$462']"
麗芮酒店（海寧銀泰城店）,9.4,"['芮享舒適大床房（深睡床墊+高空景觀）:HK$326', '芮享高級大床房（深睡床墊+高空景觀）:HK$358', '芮享高級雙床房（深睡床墊+高空景觀）:HK$358', '芮享豪華大床房（深睡床墊+高空景觀）:HK$391', '芮享豪華雙床房（深睡床墊+高空景觀）:HK$391']"
西塘御雅軒客棧,9.6,"['西河玉-大床房:HK$227', '殿前歡-大床房:HK$245', '月宮春-大床房:HK$245', '喜春來-大床房:HK$253']"
全季酒店（嘉興秀湖公園店）,9.8,"['大床房:HK$321', '高級大床房:HK$352', '高級雙床房:HK$352', '商務大床房:HK$391']"
嘉興南湖大道中元開元大酒店,9.5,"['開元市景大床房:HK$532', '開元市景雙床房:HK$570', '雲端景觀大床房（高層觀景城市小河+夕陽日落）:HK$570', '雲端景觀雙床房（高層觀景城市小河+夕陽日落）:HK$609', '雲端園景大床房（高層全景觀河流植物園林）:HK$660']"
嘉善雲瀾灣温泉酒店,9.1,"['高級親子大床房:HK$601', '高級親子雙床房:HK$601', '豪華温泉雙床房:HK$637', '豪華親子大床房:HK$673', '豪華親子雙床房:HK$673', '小黃鴨豪華親子套房（室內泡池）:HK$673']"
嘉興南湖帕瑞思酒店,9.6,"['禾居·寵粉雙床房「4K高清影視+躺上就想睡+隔音玻璃」:HK$255', '禾居·寵粉大床房「4K高清影視+觀地標夜景+隔音玻璃」:HK$272', '禾居|商旅優眠雙床房「4K高清影視+躺上就想睡的枕頭+隔音玻璃」:HK$274', '禾居·商旅觀影大床房「4K高清影視+躺上就想睡的枕頭+隔音玻璃」:HK$274', '約Highl·雙排電競大床房「3A遊戲120幀+32G運行內存」:HK$304']"
西塘承尚世家酒店,9.2,"['精品大床房:HK$404', '精品雙床房:HK$427', '園景雙床房:HK$521', '園景大床房:HK$568', '家庭親子複式套房:HK$613']"
曼居酒店（嘉興南湖紅船店）,9.3,"['高級大床房:HK$291', '曼選大床房:HK$306', '曼選雙床房:HK$329', '曼享大床房:HK$344']"
烏鎮雲貝爾貴族酒店,9.6,"['智能精選大床房:HK$459', '智能精選標房:HK$459', '智能優選大床房（智能客控+乾衣架+德國高儀衞浴）:HK$524', '智能優選雙床房（智能客控+乾衣架+德國高儀衞浴）:HK$524', '智能甄選大床房（智能客控+乾衣架+雙台盆）:HK$577', '智能陽台雙床房（陽台+乾衣架+智能客控）:HK$577']"
