酒店名称,评分,房型价格列表
固原萬和大飯店,8.9,"['豪華雙人間:HK$215', '精選大床房:HK$223', '豪華大床房:HK$230', '商務套房:HK$500']"
固原萬信酒店,9.3,"['商務大床房:HK$371', '商務雙床房:HK$382', '豪華雙床房:HK$382', '豪華大床房:HK$401', '主題親子房-往昔征程:HK$450']"
固原華祺伯爵飯店,8.2,"['高級標間:HK$399', '豪華標間:HK$411', '高級大床房:HK$420', '行政大床房:HK$428', '豪華大床房:HK$550']"
白玉蘭酒店（固原市政府店）,9.4,"['靜逸大床房:HK$178', '靜逸雙床房:HK$186', '舒雅大床房:HK$193', '舒雅雙床房:HK$201']"
華庭酒店（固原市政府店）,9.2,"['特惠公寓大床房:HK$185', '特惠公寓雙床房:HK$185', '智選高級雙床房（金可兒床墊+舒適辦公桌+乾濕分離）:HK$206', '智選高級大床房（金可兒床墊+舒適辦公桌+乾濕分離）:HK$206']"
固原夜港商務酒店,9.1,"['豪華標準間:HK$137', '豪華大床房:HK$156', '休閑三人間:HK$156', '豪華三人間:HK$230']"
固原蝸居公寓酒店,9.1,"['標間:HK$117', '商務標間:HK$167', '大床房:HK$167']"
棲遲·設計師城市民宿,9.5,"['未見·情侶吊牀房【影視會員】:HK$152', '粉黛·情侶大床房【影視會員】:HK$152', '雲歸·造景影音大床房【原創景·影視會員】:HK$161', '綠野·有點ins榻榻米房【地暖】:HK$161']"
玉合酒店,8.2,"['舒適大床房:HK$153', '標準雙床房:HK$154']"
固原亞寓公寓,6.1,"['豪華大床房:HK$121', '輕奢大床房:HK$174', '温馨大床房:HK$174', '花漾私人影院:HK$174']"
寧夏旅投源峯酒店,9.4,"['景觀雙床房:HK$286', '景觀大床房:HK$304', '靜謐大床房:HK$342', '優享雙床房:HK$346', '經濟三人間:HK$452']"
維也納3好酒店（彭陽浙商國際店）,8.9,"['高級大床房:HK$264', '景觀大床房:HK$280', '高級雙床房:HK$288', '景觀雙床房:HK$352']"
隆德六盤山國際酒店,8.1,"['標準雙床房:HK$198', '雅緻雙床房:HK$237', '雅緻大床房:HK$237', '豪華雙床房:HK$268']"
涇源老家農舍民宿,9.7,"['芸西觀景房:HK$140', '東陽觀景房:HK$205', '楊柳分煙品茗房:HK$216', '蟬鳴半夏家庭房:HK$225']"
西吉金佳翔賓館,9.3,"['經濟大床房:HK$154', '舒適大床房:HK$233', '精品雙床房:HK$233', '豪華標準間:HK$248']"
西吉橙光酒店,8.1,"['標準大床房:HK$166', '標準雙床房:HK$175', '標準親子房:HK$195', '豪華親子房:HK$202']"
西吉春光酒店,9.2,"['豪華標間:HK$183', '豪華單間:HK$183', '行政套房:HK$371', '豪華套房:HK$475']"
西吉豐瑞和賓館,8.9,"['標準大床房:HK$164', '標準雙床房:HK$164']"
隆德龍苑賓館,8.8,"['大床房:HK$147', '標準間:HK$156', '豪華三人間:HK$239', '温馨家庭房:HK$249']"
涇源土香味農家樂,9.5,"['舒適大床房:HK$97', '舒適三人間（公共衞浴）:HK$103', '標準兩人間（公共衞浴）:HK$108', '舒適四人間（公共衞浴）:HK$120']"
涇源清新院農家樂,9.5,"['雙人間:HK$69', '三人間:HK$98', '土炕房:HK$98', '標準三人間:HK$133']"
涇源棲心精品民宿,9.3,"['特價三人間:HK$141', '標準三人間:HK$163', '豪華三人間:HK$204', '精品三人間:HK$350']"
固原田園綠色農家樂,9.5,"['2人間:HK$103', '3人間:HK$135']"
涇源寧悦酒店,8.9,"['豪華大床房:HK$112', '豪華標間:HK$112', '豪華家庭房:HK$164', '悦享茶藝家庭房:HK$199']"
涇源萬香農家樂,8.5,"['雙人間:HK$93', '三人間:HK$111', '四人間（公共衞浴）:HK$148', '五人間（公共衞浴）:HK$186']"
隆德萬客隆賓館,4.8,"['普通雙人間（公共衞浴）:HK$63', '標準大床房:HK$131', '舒適標準間:HK$131', '商務雙床房:HK$155']"
悦港温泉酒店,9.8,[]
