酒店名称,评分,房型价格列表
盛迦酒店,8.2,"['尊享山景雙床房:HK$249', '豪華山景雙床房:HK$369', '尊享家庭房:HK$386', '尊享山景套房:HK$544']"
大興安嶺金馬飯店,9.1,"['高級大床房:HK$486', '高級標準間:HK$486', '豪華大床房:HK$524', '豪華標準間:HK$524', '商務大床房:HK$596']"
如家精選酒店（大興安嶺加格達奇店）,9.7,"['高級大床房:HK$449', '高級雙床房:HK$467', '大床房:HK$481', '安心睡0壓大床房:HK$485']"
華茂快捷賓館,9.1,"['標準雙床房:HK$158', '大床房:HK$158', '套房:HK$268']"
嶺愈-酒店,9.6,"['北國紅豆·特惠圓床房:HK$402', '嶺愈·靜雅大床房:HK$435', '嶺愈·雅居雙床房:HK$446', '五號山谷·高級大床房:HK$544']"
大興安嶺恆升快捷賓館,9.7,"['標間:HK$140', '大床房:HK$140', '三人間:HK$173', '麻將間:HK$173']"
美優特酒店,9.7,"['雙床房:HK$446', '大床房:HK$446', '高級雙床房:HK$501', '高級大床房:HK$501']"
大興安嶺呼中酒店,9.2,"['温馨雙床房:HK$195', '温馨大床房:HK$197', '温馨親子房:HK$216', '豪華大床房:HK$216']"
大興安嶺新林區億都賓館,9.8,"['雅緻大床間:HK$110', '雅緻雙人間:HK$119', '雅緻三人間:HK$156']"
大興安嶺鑫華快捷賓館,8.9,['普通三人間:HK$74']
大興安嶺小火炕旅店,8.5,"['大床間:HK$184', '火炕間:HK$184', '商務標間:HK$184', '標間:HK$205']"
大興安嶺軒隆商務酒店,8.7,"['標準雙人房:HK$126', '家庭房:HK$146', '標準三人間:HK$165']"
大興安嶺寧軒快捷賓館,9.2,"['舒適大床房:HK$125', '普通大床房（無窗）:HK$174', '豪華大床房:HK$204', '舒適家庭房:HK$230']"
大興安嶺温馨賓館,9.0,"['大床房:HK$184', '標間:HK$195', '家庭房:HK$216', '三人間:HK$249']"
友家民宿賓館,9.5,"['標準間:HK$140', '大標間:HK$216', '標準雙床房:HK$216', '套房:HK$435']"
大興安嶺鐵電時尚賓館,9.2,"['普通雙人電腦標準間:HK$97', '盛夏優選空調電腦大床房:HK$174', '四季優選空調電腦大床房:HK$179', '盛夏優選空調電腦標準間:HK$189']"
大興安嶺麗雪賓館,7.5,"['普通標間:HK$72', '普通標準間無窗:HK$83', '普通單間A:HK$88', '標準大床房:HK$132']"
大興安嶺興安賓館,8.7,"['商務雙床房:HK$121', '商務大床房:HK$130', '家庭親子房:HK$179', '商務套房:HK$236']"
大興安嶺欣宜賓館,8.7,"['普通大床房（無窗）:HK$129', '標準間:HK$132', '大床房:HK$140', '大標準間:HK$174']"
加格達奇愛家賓館,7.6,"['普通大床房（公共衞浴）:HK$41', '普通雙床房（公共衞浴）:HK$41', '大床房:HK$72', '標準間:HK$72']"
雅馨小屋民宿,9.5,['精緻一室大床房:HK$184']
大興安嶺幸福裏快捷賓館,8.4,"['特惠大床房:HK$154', '特惠標準間:HK$174', '大床房:HK$195', '標準間:HK$206']"
加格源盛賓館,9.2,"['特價大床房:HK$103', '201大床房:HK$103', '大床房:HK$114', '三人間:HK$129']"
大興安嶺盛昱商務賓館,8.1,"['特惠房:HK$173', '標準大床房:HK$184', '標準雙床房:HK$184', '商務雙床房:HK$205']"
大興安嶺田江快捷賓館,8.1,"['雙人房（無窗）:HK$83', '普通雙床房:HK$109', '豪華大床房:HK$140', '三人間:HK$145']"
大興安嶺和泰快捷賓館,9.1,"['優選標準間:HK$107', '和泰大床房:HK$107', '和泰標準間:HK$118', '和泰三人間:HK$151']"
吉祥旅店（大興安嶺加格達奇店）,7.9,"['雙人間（公共衞浴）:HK$69', '四人間（公共衞浴）:HK$74', '三人間 （公共衞浴）:HK$85', '商務標間:HK$140']"
天天前進招待所,7.1,"['大床房:HK$44', '2人間（公共衞浴）:HK$47', '三人間:HK$61', '標準雙人間:HK$61']"
大興安嶺520主題賓館（加格達奇火車站店）,7.5,"['温馨圓床房:HK$86', '精品圓床房:HK$98', '普通大床房:HK$99', '温馨大床房:HK$112']"
大興安嶺朗逸商務酒店,8.2,"['雙床房:HK$151', '大床房:HK$151', '三人間:HK$164', '豪華套房:HK$315']"
呼中區大白山賓館,2.6,"['大床房:HK$109', '標準間:HK$131', '商務標準間:HK$164', '小套房:HK$240']"
乾豐旅店,3.9,"['舒適大床房（公共衞浴）:HK$77', '雙床房（公共衞浴）:HK$87', '標準間（獨立衞浴）:HK$93']"
加格達奇區夢享電競民宿,3.0,"['競技雙人間:HK$240', '競技雙人上下鋪:HK$240', '競技三人間:HK$328', '競技四人間:HK$426']"
水韻雅居別墅酒店（中國漠河美食一條街店）,9.8,"['浮白·悠然温馨大床房（智能馬桶+乾濕分離）:HK$362', '春華·舒適大床房（乾濕分離+智能馬桶）:HK$394', '芒寒·雅緻靜享雙床房（空調+乾濕分離+智能馬桶）:HK$407', '清瑤·繁錦豪華套房（乾濕分離+沙發+智能馬桶）:HK$477']"
漠河銀麓酒店（北極星廣場店）,9.6,"['雅緻雙床房:HK$469', '雅緻大床房:HK$469', '豪華雙床房:HK$524', '豪華大床房:HK$524', '温馨家庭房:HK$601']"
塔河東湖別苑酒店,8.6,"['標準房:HK$290', '大床房:HK$332', '豪華大床房:HK$411', '豪華商務大床房:HK$731']"
漠河松盈精選酒店,9.7,"['特惠雙床房（空調房）:HK$290', '豪華大床房（空調房）:HK$427', '雅緻雙床房（空調房）:HK$430', '商務大床房（空調房）:HK$451']"
漠河悠然山居民宿,9.7,"['特價房:HK$384', '精品標準間:HK$525', '精品大床房:HK$525', '精品家庭房:HK$744']"
漠河拾葉知悠民宿（民俗街店）,9.7,"['相戀·皮卡丘樂園:HK$686', '相遇·夢繞長松塔:HK$686', '相許·琴聲懷舊裏:HK$686', '相依·紈倚人間俗:HK$686']"
林韻山居精品民宿（中國漠河美食一條街店）,9.6,"['輕享大床房:HK$277', '臻享-雅緻大床房（乾濕分離+智能馬桶）:HK$353', '雅緻-和悦雙床房:HK$353', '雅緻-拾光雙床房（空調+智能馬桶）:HK$372']"
漠河半島假日酒店,8.6,"['雅緻大床房:HK$462', '雅緻雙床房:HK$462', '商務大床房:HK$480', '豪華雙床房:HK$480']"
漠河青來酒店（北極村店）,9.5,"['温馨大床房:HK$611', '温馨雙床房:HK$634', '温馨親子房:HK$649']"
漠河一覽芳華精品民宿,9.6,"['大床房:HK$257', '雙床房:HK$281', '家庭房:HK$341']"
漠河七朵雲精品酒店,9.4,"['雲影·逸居大床房丨零壓床墊:HK$414', '雲瀾·豪華大床房丨零壓床墊:HK$426', '雲暖·甜夢雙床房丨零壓床墊:HK$447', '雲境·尊享大床房丨零壓床墊:HK$447']"
漠河北上雲彩酒店（北極村）,9.4,"['舒適標準房（全屋地暖+智能馬桶）:HK$546', '精品榻榻米大床房（全屋地暖+智能馬桶）:HK$546', '豪華標準間（全屋地暖+智能馬桶）:HK$565', '温馨大床房（全屋地暖+休閑沙發）:HK$593']"
塔河誠信商務酒店,8.7,"['標準雙人間:HK$391', '大床房:HK$391', '複式投影智能大床房:HK$424', '特色智能投影標準間:HK$457']"
漠河國際會議中心,8.9,"['大床房:HK$696', '標準房:HK$696', '商務大床房:HK$918', '商務套房:HK$1,328']"
北極村伊格里木屋,9.0,"['木屋雙人房:HK$613', '木屋大床房:HK$613', '輕享木屋雙床房:HK$650', '木屋三人房:HK$721']"
漠河松苑酒店,9.2,"['雅緻雙床房:HK$383', '雅緻大床房:HK$402', '豪華雙床房:HK$438', '豪華大床房:HK$467']"
遠方故里酒店（漠河北紅村店）,8.6,"['遠方豪華標準房:HK$806', '故里豪華大床房:HK$806', '東北特色雙床房（民俗區）:HK$806', '故里豪華三人間:HK$1,011']"
