酒店名称,评分,房型价格列表
大連四時鯨語海灘度假酒店,9.4,"['樂享投影大床房:HK$2,012', '海灘・全景雙人間:HK$2,568', '海灘 · 全景大床房:HK$2,568', '日落晚霞大床房:HK$2,568', '海灘・全景家庭超大床房:HK$2,568']"
大連恆力大酒店,9.5,"['豪華城景大床房:HK$1,003', '豪華海景大床房:HK$1,160', '豪華城景二居室:HK$1,425', '豪華城景二居室家庭套房:HK$1,583', '至尊海景大床房:HK$1,689', '豪華海景二居室套房:HK$1,773']"
STARRY WAVES星瀾天際海景酒店（中山廣場富麗華國際店）,9.5,"['星耀·半城伴海大床房（零壓床墊+記憶枕）:HK$766', '星瀾·海灣灣景大床房（巨幕投影+零壓床墊+記憶枕）:HK$789', '星海·天際海景大床房（巨幕投影+零壓床墊+記憶枕）:HK$825', '星宿·都市高空觀景雙床房:HK$871']"
桔子酒店（大連北站店）,9.5,"['加州陽光大床房:HK$542', '加州陽光高級大床房:HK$572', '加州陽光商務大床房:HK$592', '加州陽光雙床房:HK$613']"
大連不侗桃李民宿（威尼斯水城店）,9.2,"['不侗·幽居霞客:HK$737', '不侗·靜謐幽蘭:HK$803', '不侗·曲徑通幽:HK$819', '不侗·海升明月:HK$819']"
大連九龍灣全海景酒店（經濟技術開發區海濱旅遊路店）,9.8,"['靜眠大床房（投屏+智能+冰箱）:HK$400', '優享大床房（山景+冰箱+投屏+智能）:HK$453', '優享雙床房（山景+冰箱+投屏+智能）:HK$453', '山景大床房（山景+冰箱+投屏+智能）:HK$509', '山景雙床房（山景+冰箱+投屏+智能）:HK$509']"
國葯康養大連旅居中心,9.5,"['園景雙人間:HK$760', '海景雙床房:HK$868', '海景大床房:HK$868', '豪華海景大床房:HK$1,075']"
大連睿詩酒店（高新萬達廣場店）,9.4,"['城景大床房（全屋智能+巨幕影音+小冰箱+舒適桌椅）:HK$528', '城景雙床房（全屋智能+巨幕影音+小冰箱）:HK$528', '海景大床房（全屋智能+180°高空海景+小冰箱+舒適桌椅）:HK$640', '海景雙床房（全屋智能+180°高空海景+小冰箱）:HK$640']"
大連金石灘魯能温泉假日酒店,9.6,"['高級大床房:HK$1,090', '無障礙大床房:HK$1,208', '高級雙床房:HK$1,293', '豪華家庭房:HK$1,496', '親子主題套房:HK$1,599', '園景套房:HK$1,599']"
大連十洲雲水大酒店（大連西安路地鐵站店）,9.1,"['S靜謐舒睡大床房:HK$634', 'S靜謐舒睡雙床房:HK$661', 'S巨幕影音雙床房:HK$661', 'S新中式·庭院大床房（零壓床墊+整晚安睡）:HK$674', 'S新中式·庭院雙床房（零壓床墊+整晚安睡）:HK$714']"
大連中山大酒店,7.0,"['普通大床房:HK$436', '普通雙床房:HK$436', '喜臨門深睡大床房:HK$500', '行政商務大床房:HK$611', '行政商務雙床房:HK$611']"
大連海天白雲大酒店（付家莊海濱浴場森林動物園店）,8.4,"['海景標間:HK$803', '山景標間:HK$803', '海景大床房:HK$803', '山景豪華間:HK$931', '海景豪華間:HK$1,076']"
大連香洲花園酒店,8.7,"['特惠大床房:HK$549', '標準大床房:HK$567', '標準雙床房:HK$567', '豪華大床房:HK$626', '豪華觀景房:HK$670']"
摩可納精品酒店（大連星海廣場店）,9.3,"['山水景觀豪華大床房:HK$1,106', '山水景觀豪華雙床房:HK$1,202', '山水景觀家庭房:HK$1,227', '豪華親子家庭房:HK$1,266']"
歡樂豆海景LOFT酒店公寓（大連星海廣場店）,9.0,"['臻選景觀大床房:HK$929', '臻選投影大床房:HK$962', '臻選特價標準雙床房:HK$1,006', '臻選LOFT雅緻大床房（一次性旅行套裝）:HK$1,006']"
美豪麗致酒店（大連站中山廣場店）,9.2,"['麗致·城景大床房| 城市觀景 | MINi冰箱 | 50寸網絡電視 | 手機投屏:HK$917', '麗致·城景雙床房 | 城市觀景 | MINI冰箱 | 50寸網絡電視 | 手機投屏:HK$993', '麗致·凌空大床房 | 高空城市觀景 | MINI冰箱 | 50寸網絡電視| 手機投屏:HK$993', '麗致·凌空雙床房 | 高空城市觀景 | MINI冰箱 | 50寸網絡電視| 手機投屏:HK$1,070', '麗致·影音行政大床房 | 慕思床墊 | 堅果投影 | 哈曼卡頓音響 | 電動馬桶 | 高空城市觀景:HK$1,222']"
青丘桃林酒店（大連星海廣場店）,9.8,"['十里桃林·竹影小院大床房（手機投屏+洗護智能馬桶）:HK$910', '九重·私享靜謐浴缸大床房（泡浴觀影+智能馬桶+零壓床墊）:HK$1,007', '崑崙·山水觀景大床房（山景+河景+安靜舒適）:HK$1,179', '紫宸·零壓舒適家庭房（零壓床墊+智能馬桶+小童推車）:HK$1,180', '若水·廣場觀景大床房（乾濕分離+智能馬桶）:HK$1,232']"
大連般佈酒店（東港威尼斯水城店）,9.1,"['高級大床房（暗窗）:HK$654', '威尼斯城景大床房:HK$967', '威尼斯城景雙床房:HK$967', '威尼斯花園套房:HK$1,075', '日式loft房:HK$1,075']"
米涵酒店（大連威尼斯水城港東五街店）,9.5,"['影音·大床房:HK$367', '影音·雙床房:HK$489', '影音·豪華雙床房:HK$528', '影音·loft家庭三床房:HK$801']"
大連安步·海景復古民宿,9.7,"['抺茶·舒適榻榻米投影房:HK$961', '暖木·園景大床房:HK$961', '煙雨·伴海落日大床房:HK$1,091', '瓦瓦烏·美式浴缸影音房:HK$1,289']"
晴天民宿SUNNYDAY（大連老虎灘漁人碼頭店）,9.8,"['星火中古風.全屋智能＋零壓床墊大床房:HK$974', '星語.全屋智能＋零壓床墊＋觀海大床房:HK$1,002', '星光中古風.全屋智能＋零壓床墊大床房:HK$1,079', '星月中古風.全屋智能＋零壓床墊 大床房:HK$1,079']"
中國煤礦工人大連療養院（付家莊海濱浴場森林動物園店）,9.2,"['安心特惠雙床房:HK$583', '樂享舒適大床房:HK$666', '尊享海景套房:HK$1,841']"
徐園飯店（大連東港商務區港灣廣場地鐵站店）,8.8,"['甄選優品·舒適大床房—[舒適床墊|安睡好眠]:HK$446', '優選行政·商務大床房—[舒適床墊|精品浴缸|安睡好眠]:HK$567', '優選行政·商務雙床房—[舒適床墊|精品浴缸|安睡好眠]:HK$587', '智享生活·優選大床房—[精品浴缸|全屋智能客控]:HK$608']"
新文園大酒店（中山廣場人民路東港商務區店）,9.1,"['尊享小廂房|喜臨門SPA零壓床墊+智能客控+網絡投屏電視:HK$635', '馨享大床房 ▏高空城市景觀 ▏ 夢百合零壓床墊 ▏:HK$677', '馨享雙床房 ▏高空城市景觀 ▏ 夢百合零壓床墊:HK$688', '巨幕影音雙床房 極米百寸1080P投屏觀影+高空城市景觀:HK$698', '巨幕影音大床房 極米百寸1080P投屏觀影+高空城市景觀:HK$698']"
發國大酒店（大連普蘭店火車站店）,9.1,"['普通雙床房:HK$249', '高級雙床房:HK$315', '高級大床房:HK$402', '貴賓大床房:HK$457', '貴賓套房:HK$742']"
雲棲·海宿（大連東港威尼斯水城店）,9.4,"['朵雲·特惠房:HK$447', '流韻·大床房（城市景觀+舒適睡眠+冰箱洗衣機）:HK$468', '潮汐·海景大床房（遠眺海景+舒適睡眠+冰箱洗衣機）:HK$524', '聽媽媽的話·親子房（家庭樂享+商務標準+冰箱洗衣機）:HK$607']"
傾松·雅居（大連星海廣場店）,9.8,"['永嘉.靜謐舒睡大床房（無窗）:HK$853', '江夏.零壓床墊+巨幕投影:HK$1,440', '臨安.零壓床墊+海景陽台:HK$1,551', '蘭陵.榻榻米家庭房:HK$1,662', '渝州.零壓床墊+海景+浴缸:HK$1,773']"
大連嘉霖精品酒店,9.5,"['城景大床房（投屏+冰箱+智能馬桶）:HK$346', '園景大床房（投屏+冰箱+智能馬桶）:HK$346', '城景雙床房（投屏+冰箱+智能馬桶）:HK$396', '園景雙床房（投屏+冰箱+智能馬桶）:HK$396', '榻榻米家庭房（投屏+冰箱+智能馬桶）:HK$481']"
戰友之家海景公寓酒店（大連威尼斯水城店）,9.0,"['清馨大床房:HK$619', '豪華大床房:HK$664', '海景大床房:HK$730', '豪華標準間:HK$774']"
大連Ancient City Northstar古城星空·逸東酒店（金州火車站店）,9.8,"['經典大床房「85寸電視投屏+特大床+寶格麗書桌」:HK$721', '豪華大床房「超長沙發+超長書桌+藝術氛圍」:HK$741', '逸境大床房「休閑空間+豪華浴缸+超大衞生間」:HK$784', '畫廊大床房「特大床+85寸電視投屏+杜拉維特衞浴」:HK$787', '畫廊套房「寶格麗書桌+杜拉維特潔具+85寸電視投屏」:HK$826']"
大連星海假日酒店,8.9,"['城市景·商旅雙床房:HK$897', '現代景·雅緻大床房:HK$996', '現代景·雅緻雙床房:HK$996', '微海景•豪華大床房│健康睡眠+浴缸:HK$1,063', '觀海·陽光大床房:HK$1,218', '180°無敵海景·豪華大床房│健康睡眠+浴缸:HK$1,285']"
大連久棲藍岸民宿,9.9,"['愛琴海大床房:HK$1,957', '輕奢複式海景房:HK$2,097', '餘波庭院海景房:HK$2,656', '海景複式親子家庭套房:HK$3,006']"
鹿林海宿（大連星海廣場店）,9.8,"['暮宿·巨幕投影大床房（零壓床墊+LED投影+智能客控）:HK$1,146', '覓林·巨幕投影大床房（零壓床墊+LED投影+智能客控）:HK$1,528', '覓鹿·海景巨幕投影大床房（零壓床墊+浴缸+LED投影）:HK$1,735', '棲林·巨幕投影家庭房（零壓床墊+LED投影+智能客控）:HK$1,801', '尋海·海景大床房（零壓床墊+浴缸+智能客控）:HK$2,074']"
涵米酒店（大連威尼斯水城港東五街店）,9.3,"['特惠大床房:HK$502', '影音·豪華投影大床房（投屏巨幕）:HK$524', '商務·大床房（電視）:HK$524', '影音·海景豪華大床房（小角度看海+高清巨幕大屏）:HK$546']"
棲在藍岸·地中海浪漫風情海景度假美宿（星海廣場店）,9.9,"['海景～庭院大床房:HK$2,202', '海景～複式庭院大床房:HK$2,307', '海景～庭院雙床房:HK$2,447', '海景～庭院家庭套房:HK$3,006']"
悦禾海景藝術酒店（大連東港威尼斯水城店）,9.8,"['日式雅緻大床房（半城半海景觀）:HK$749', '豪華海景大床房（90°海景）:HK$826', '高空海景豪華大床房（90°海景）:HK$902', '豪華城景兩居室套房（二室一廳二衞）:HK$1,069']"
大連昱聖苑國際酒店（羅斯福廣場西安路地鐵站店）,9.0,"['惠享大床房:HK$435', '惠享雙床房:HK$447', '雅緻商務大床房 | 舒闊空間+乾濕分離:HK$534', '雅緻商務雙床房 | 舒闊空間+乾濕分離:HK$544', '凌空豪華大床房 | 休閑沙發+深睡床品+MINI冰箱:HK$611']"
海之夢海景酒店（中山廣場威尼斯水城店）,9.3,"['優眠·豪華大床房:HK$620', '特惠·精品大床房:HK$620', '無敵·海景大床房:HK$675', '輕奢·豪華三人間:HK$731']"
如家派柏·雲酒店（大連北站南廣場店）,9.7,"['大床房:HK$336', '雙床房:HK$352', '商務大床房:HK$369', '大床房A:HK$369']"
大連友誼賓館,8.7,"['標準大床房:HK$473', '特惠大床房:HK$473', '特惠無窗標準房:HK$473', '標準雙床房:HK$491', '豪華大床房:HK$565']"
禧合酒店（大連東港商務區中山廣場地鐵站店）,9.4,"['商旅標準雙床房丨優尚·雅緻+智能投屏+乾濕分離:HK$716', '悦享清新大床房丨私享·靜謐+智能投屏+乾濕分離:HK$728', '禧居行政雙床房丨雅靜·曠景+獨立沙發+靜謐好眠:HK$751', '禧居精選大床房丨甄選·舒適+休閑沙發+高空城景:HK$763', '靜謐時光家庭房丨寧馨·陽光+高空城景+獨立沙發:HK$917']"
大連南航明珠大酒店,9.2,"['標準雙床房:HK$564', '標準大床房:HK$603', '商務雙床房:HK$716', '商務大床房:HK$716']"
芯瑤海景酒店（大連東港威尼斯水城港東五街店）,9.6,"['特惠海景大床房【90°海景觀海】:HK$598', '豪華海景大床房【90°看海+威尼斯水城夜景】:HK$657', '豪華海景親子大床房【90度觀海+水城夜景+海上日出】:HK$752', '高空豪華海景大床房【90°海景觀日出+威尼斯水城夜景】:HK$801']"
漢庭酒店（大連開發區東城天下店）,9.8,"['大床房（手機投屏+智能馬桶）:HK$351', '高級大床房（手機投屏+智能馬桶）:HK$399', '雙床房（手機投屏+智能馬桶）:HK$448', '商務大床房（手機投屏+智能馬桶）:HK$545']"
大連凱倫温泉酒店,8.2,"['舒適大床房（小冰箱）:HK$305', '舒適雙床房（小冰箱）:HK$305', '豪華雙床房（小冰箱）:HK$466', '貴賓房:HK$840']"
大連金石灘智選假日酒店,9.5,"['無障礙雙床房:HK$952', '豪華大床房:HK$1,007', '豪華雙床房:HK$1,007', '豪華海景大床房:HK$1,225', '豪華海景雙床房:HK$1,225']"
大連寂然一宿民宿,9.7,"['三宿悦~日式地台大床房:HK$557', '一宿緣~園景大床房:HK$650', '六宿禪~陽台親子大床房:HK$743', '二宿情~私人泡池雙露台大床房:HK$836']"
四時海語民宿（大連老虎灘漁人碼頭店）,9.7,"['映海·法式中古風兩室一廳純海景套房（側樓）:HK$2,064']"
上熙庭院酒店（大連金家街地鐵站店）,9.1,"['特惠房:HK$435', '温馨榻榻米大床房:HK$437', '高級大床房:HK$459', '高級雙床房A:HK$481']"
大連斐亞國際酒店,9.2,"['標準大床房（冰箱+洗衣機+智能馬桶）:HK$333', '商務大床房（冰箱+洗衣機+智能馬桶）:HK$375', '標準雙床房（冰箱+洗衣機+智能馬桶）:HK$375', '家庭房（冰箱+洗衣機+智能馬桶）:HK$459', '豪華市景套房（兩室一廳+冰箱+洗衣機+智能馬桶）:HK$879']"
