酒店名称,评分,房型价格列表
萬信至格酒店（天水伏羲廟店）,9.4,"['商務大床房（智能客控）:HK$361', '豪華大床房（智能客控）:HK$380', '豪華雙床房（智能客控）:HK$380', '行政大床房（智能客控）:HK$417']"
逸鹿山居民宿,9.5,"['湖景大床房:HK$467', '湖景大床房-逸山居:HK$467', '四合院大床房·歡喜:HK$467', '親子主題大床房:HK$492']"
天水麥積山温泉旅遊酒店,9.2,"['臻選雅緻雙床房:HK$391', '臻選雅緻大床房:HK$391', '湯屋私湯房:HK$742', '恆氧園景雙床房:HK$784', '恆氧園景大床房:HK$784']"
全季酒店（天水南站店）,9.6,"['大床房（金可兒床墊+智慧投屏）:HK$402', '高級大床房（金可兒床墊+智慧投屏）:HK$439', '高級雙床房（金可兒床墊+智慧投屏）:HK$486', '景觀大床房（金可兒床墊+智慧投屏）:HK$523']"
麥積山石窟綠茵閣農家樂,9.5,"['舒適標間·空調:HK$225', '舒適大床房·空調:HK$225', '温馨親子間·空調:HK$260', '景觀#圓床房（空調）:HK$269']"
天水博亞酒店（高鐵南站盛達廣場店）,9.5,"['雅緻好夢大床房（亞朵釋壓床墊＋亞朵深睡記憶枕）:HK$384', '商務零壓大床房（亞朵釋壓床墊+亞朵深睡記憶枕）:HK$443', '商務零壓雙床房（亞朵釋壓床墊+亞朵深睡記憶枕）:HK$454', '行政深眠大床房（亞朵釋壓床墊＋亞朵深睡記憶枕）:HK$473', '行政深眠雙床房（亞朵釋壓床墊＋亞朵深睡記憶枕）:HK$483']"
天水嘉孚酒店,9.0,"['靜謐舒睡大床房:HK$445', '靜謐舒睡雙床房:HK$445', '行政雙床房:HK$511', '尊享嘉賓大床房:HK$588', '陽光豪華大床房:HK$588', '商務套房:HK$1,090']"
蘭莓·羲華酒店（天水市政府中心廣場店）,9.3,"['商務大床房:HK$321', '商務標準間:HK$321', '豪華標準間:HK$363', '豪華大床房:HK$363']"
龍城假日酒店（市政府蘭天廣場店）,9.1,"['熙悦大床房（超大明窗+獨立空調+全屋暖氣+舒享床品）:HK$208', '雲錦大床房（超大明窗+獨立空調+全屋暖氣+舒享床品）:HK$219', '閑庭雙床房（超大明窗+獨立空調+全屋暖氣+超大空間）:HK$231', '璞悦大床房（超大明窗+獨立空調+全屋暖氣+舒享床品）:HK$242']"
天水凱麗瑞斯酒店,9.4,"['豪華標間:HK$492', '豪華單間:HK$542', '豪華套房:HK$1,013', '行政標間:HK$1,254', '行政套房:HK$1,593']"
天水地質賓館（麥積山機場天水南站店）,9.4,"['零壓雅緻大床房:HK$320', '零壓豪華雙床房:HK$370', '零壓豪華大床房:HK$403', '零壓行政大床房:HK$432', '親子房:HK$435']"
天水古城餘歡民宿,9.4,"['高級大床房（無線投屏）:HK$334', '高級雙床房（無線投屏）:HK$371', '豪華大床房（無線投屏）:HK$371', '豪華雙床房（無線投屏）:HK$399']"
麥積山農莊,9.3,"['豪華標準間（空調）:HK$235', '景觀大床房（空調）:HK$235', '温馨親子間（空調）:HK$289', '景觀三人間（空調）:HK$289']"
天水中心智選假日酒店,9.2,"['高級大床房:HK$407', '高級雙床房:HK$458', '高級大床房 城市景觀 高樓層:HK$503', '高級雙床房 城市景觀 高樓層:HK$503']"
漢庭酒店（天水中心廣場店）,9.6,"['大床房（可投屏）:HK$355', '雙床房（可投屏）:HK$365', '高級大床房（可投屏）:HK$374', '豪華大床房（可投屏）:HK$383']"
山裡人家（麥積山景區店）,9.1,"['風跡・温馨大床房（空調）:HK$169', '月棲 · 輕奢標準間（空調）:HK$169', '花澗・家庭親子套房（空調）:HK$199']"
杏林春賓館（天水四零七醫院伏羲廟店）,9.3,"['精品雙床房（舒眠床品+智能客控+智能空調+輕奢睡眠）:HK$351', '豪華雙床房（智能客控+智能空調+輕奢睡眠+辦公書桌）:HK$358', '豪華大床房（好眠超大床+智能客控+智慧投屏+輕奢睡眠）:HK$401', '河景大床房（一拍出片+智能客控+舒睡好眠+智能空調）:HK$473']"
公航旅麥積山明珠酒店,9.2,"['尊享大床房:HK$478', '尊享雙床房:HK$478', '尊雅庭院大床房:HK$478', '尊悦親子房:HK$609', '尊睿家庭套房:HK$784', '尊虞行政套房:HK$1,002']"
陌上輕雅酒店（天水古城蘭天城市廣場店）,9.3,"['品學·智能大床房（無線投屏+智能客控+親膚床品）:HK$546', '風韻·智能雙床房（無線投屏+智能客控+親膚床品）:HK$546', '雅緻·智能大床房（無線投屏+智能客控+獨立茶台）:HK$590', '雅緻·智能雙床房（無線投屏+智能客控+獨立茶台）:HK$590', '靜逸·智能大床房（無線投屏+智能客控+獨立茶台）:HK$655']"
潮漫酒店（天水火車站商埠路步行街店）,9.2,"['品質欣選大床房:HK$192', '品質欣選雙床房:HK$192', '品質致選大床房:HK$215', '品質致選雙床房:HK$215']"
麥積山木子李民宿,9.6,"['豪華標準房（空調）:HK$145', '温馨大床房（空調）:HK$178', '親子房（空調）:HK$215', '豪華三人房（空調）:HK$215']"
絲路萬利酒店（天水高鐵南站盛達廣場店）,9.3,"['高級雙床房（智能客控+獨立辦公區）:HK$358', '景觀雙床房（智能客控+獨立辦公區）:HK$380', '景觀大床房（智能客控+獨立辦公區）:HK$392', '園景家庭房B（超大活動空間+小童浴袍+卡通床品）:HK$566', '温馨親子房（超大活動空間+卡通床品+小童馬桶）:HK$577']"
鈴蘭酒店（天水火車站市第二人民醫院店）,9.2,"['特惠大床房:HK$249', '商務標準間:HK$304', '商務大床房:HK$304', '豪華投影房:HK$304']"
天水印象民宿,8.9,"['豪華標準間:HK$170', '豪華家庭房:HK$275', '豪華三人間:HK$275', '豪華套房:HK$360']"
天水陽光飯店,8.6,"['（A座）標準間:HK$327', '（A座）商務間:HK$436', '（A座）大床房:HK$436', '（B座）單人間:HK$436', '（B座）標準間:HK$436']"
麥積山温馨農家院,9.3,"['豪華標間:HK$128', '豪華大床間:HK$136', '三人間:HK$151', '豪華親子間:HK$151']"
君至精選酒店（天水市第一人民醫院龍城廣場店）,9.0,"['大床房（獨立空調+零壓床墊+自助洗衣房）:HK$367', '高級大床房（獨立空調+零壓床墊+自助洗衣房）:HK$392', '高級雙床房（獨立空調+零壓床墊+自助洗衣房）:HK$418', '商務大床房（獨立空調+零壓床墊+自助洗衣房）:HK$444']"
嘉楓酒店（天水高鐵站盛達廣場店）,8.5,"['特惠雙床房:HK$387', '悦享|精品雙床房:HK$495', '悦享|精品大床房:HK$510', '靜謐|豪華雙床房:HK$531', '靜謐|豪華大床房:HK$546']"
安悅庭輕居酒店,9.7,"['悦享大床房:HK$252', '悦庭雙床房:HK$252', '陽光親子間:HK$323']"
天水金龍大酒店,9.0,"['精選標準間:HK$369', '精選大床房:HK$369', '豪華小套房:HK$453']"
天水皇城國際飯店,8.8,"['皇城商務雙床房:HK$429', '皇城商務大床房:HK$441', '皇城高級大床房:HK$467', '皇城高級雙床房:HK$474', '皇城行政雙床房:HK$508']"
全季酒店（天水中心廣場店）,9.5,"['大床房（智能投屏）:HK$374', '高級大床房（智能投屏）:HK$402', '雙床房（智能投屏）:HK$421', '舒壓高級大床房（零壓床墊+智能投屏）:HK$421']"
世紀金花輕居酒店（天水中心廣場店）,8.6,"['舒適大床房:HK$182', '舒適雙人間:HK$182', '雅緻單間:HK$182', '雅緻雙人間:HK$202']"
麥積大酒店（天水火車站商埠路步行街店）,9.3,"['高級大床房（無線投屏+智能馬桶）:HK$303', '高級雙床房（無線投屏+智能馬桶）:HK$303', '特惠豪華大床房（無線投屏+智能馬桶）:HK$334', '特惠豪華雙床房（無線投屏+智能馬桶）:HK$334']"
家酒店（天水中心廣場店）,8.2,['套房:HK$204']
7天酒店（天水火車站店）,9.6,"['經濟房:HK$177', '新7天大床房:HK$195', '新7天雙床房:HK$204', '新7天影趣大床房:HK$222']"
天水凱悦麗呈酒店（天水市政府中心廣場店）,8.9,"['靜謐舒睡大床房（智能客控+深睡零壓枕+MiNi冰箱+恆温智能馬桶）:HK$412', '輕奢智能大床房（智能客控+深睡零壓枕+MiNi冰箱+恆温智能馬桶）:HK$471', '輕奢智能雙床房（智能客控+深睡零壓枕+MiNi冰箱+恆温智能馬桶）:HK$481', '奢享智能大床房（智能客控+深睡零壓枕+MiNi冰箱+恆温智能馬桶）:HK$490', '奢享智能雙人床房（智能客控+深睡零壓枕+MiNi冰箱+恆温智能馬桶）:HK$500']"
維也納酒店（天水中心廣場人民公園店）,9.5,"['高級大床房:HK$405', '豪華大床房:HK$438', '高級雙床房:HK$454', '豪華雙床房:HK$488']"
漢庭酒店（天水南站店）,9.4,"['大床房（公區自助洗衣機+智能投屏）:HK$308', '高級大床房（公區自助洗衣機+智能投屏）:HK$348', '高級雙床房（公區自助洗衣機+智能投屏）:HK$388', '家庭房（公區自助洗衣機+智能投屏）:HK$416']"
麥積山壹號客棧,9.5,"['舒適雙床房（空調）:HK$230', '温馨親子間（空調）:HK$249', '豪華三人間（空調）:HK$267']"
麥積山鳥語花香莊園,9.7,"['覓星·甜蜜大床房（空調）:HK$218', '自在·精品雙床房（空調）:HK$219', '半日閑·精品三人房（空調）:HK$269', '拾光·温馨家庭房（空調）:HK$303']"
希岸酒店（天水火車站店步行街店）,9.6,"['希岸高級大床房（智能語音客控）:HK$284', '希岸豪華大床房（智能語音客控）:HK$317', '希岸豪華雙床房（智能語音客控）:HK$327', '顏值Lab（智能語音客控）:HK$343']"
天水金莎酒店（步行街店）,8.9,"['精品單間:HK$216', '零壓精品大床房（釋壓床墊-深睡記憶枕）:HK$225', '精品標間:HK$234', '零壓精品標間（釋壓床墊-深睡記憶枕）:HK$234']"
天順閣酒店,9.1,"['特惠標間:HK$203', '標間:HK$227', '大床房:HK$239']"
舞季漫步酒店（萬達天御店）,8.9,"['温馨大床房:HK$289', '温馨雙床房:HK$340', '豪華大床房:HK$394', '温馨親子間:HK$403']"
麥積山石窟遠方的家,9.6,"['陽光大床房（空調）:HK$138', '輕奢標準間（空調）:HK$138', '家庭親子房（空調）:HK$170', '雅緻三人間（空調）:HK$170']"
美豪麗致酒店（天水南站盛達廣場店）,9.5,"['麗致大床房:HK$446', '麗致雙床房:HK$467', '雅緻大床房:HK$511', '靜雅大床房:HK$740', '靜雅親子間:HK$915']"
海友酒店（天水第一人民醫院店）,9.3,"['大床房:HK$192', '雙床房:HK$200', '家庭房:HK$218']"
麥積山玉蘭小院民宿,9.8,"['山景標間 （空調）:HK$202', '山景親子間 （空調）:HK$221', '雅緻三人間（空調）:HK$221']"
漢庭酒店（天水師範學院店）,9.6,"['商務大床房（智慧投屏）:HK$330', '高級雙床房（智慧投屏）:HK$369', '豪華雙床房（智慧投屏）:HK$425', '豪華大床房（智慧投屏）:HK$444']"
