酒店名称,评分,房型价格列表
安慶艾菲克頓酒店,9.7,"['特惠大床房+智能客控+慕思床墊:HK$215', '高級大床房+智能客控+慕思床墊:HK$246', '豪華大床房+智能客控+慕思床墊:HK$300', '豪華雙床房+智能客控+慕思床墊:HK$300', '豪華套房+智能客控+慕斯床墊:HK$745']"
安慶麗呈睿軒酒店（七街高鐵站店）,9.7,"['特惠豪華商務大床房:HK$269', '特惠豪華商務雙床房:HK$269', '豪華商務大床房（森林氧吧凈化器+零壓床墊+智能投屏）:HK$282', '豪華商務雙床房（森林氧吧凈化器+零壓床墊+智能投屏）:HK$282', '行政觀景大床房（森林氧吧凈化器+零壓床墊+智能投屏）:HK$321']"
安慶尊悦酒店,9.2,"['特價商務大床房:HK$216', '尊享行政大床房:HK$271', '悦享中式雙床房:HK$271', '悦享中式大床房:HK$271', '尊享城景雙床房:HK$271']"
安慶佳悦麗景酒店（安慶高鐵站店）,9.3,"['悦享｜標準大床房（品牌床墊+記憶枕+舒適浴袍）:HK$175', '悦享｜標準雙床房（品牌床墊+記憶枕+直飲機）:HK$175', '悦享｜雅韻大床房（直飲機+落地明窗+記憶枕）:HK$175', '悦享｜雅頌大床房（舒適浴袍+記憶枕+徠芬吹風機）:HK$196']"
名家酒店（菱湖公園開放大學店）,9.4,"['優享商務大床房:HK$162', '輕享舒適雙床房:HK$190', '智享精緻雙床房:HK$204', '智享精緻大床房:HK$205']"
安慶南翔大酒店（高鐵站店）,9.1,"['副樓快捷精品雙床房:HK$190', '副樓快捷精品大床房:HK$200', '主樓商務大床房:HK$234', '主樓商務雙床房:HK$234', '主樓豪華大床房:HK$286']"
安慶世紀緣國際酒店（高鐵站店）,9.6,"['高級雙床房:HK$262', '高級大床房:HK$265', '豪華雙床房:HK$287', '豪華大床房:HK$287', '休閑房:HK$369']"
萬汀酒店（ 安慶高鐵站天柱山機場店）,9.6,"['精選大床房 [mini冰箱+深睡乳膠枕+温馨舒適]:HK$205', '高級雙床房 [Mini冰箱+零壓高低枕+超大明窗]:HK$219', '高級大床房 [Mini冰箱+零壓高低枕+超大明窗]:HK$219', '商務雙床房 [Mini冰箱+親膚浴袍+奢闊空間+全景落地窗]:HK$241', '商務大床房 [mini冰箱+親膚浴袍+奢闊空間+全景落地窗]:HK$241']"
橙子國際酒店（安慶七街高鐵站店）,9.6,"['精選大床房（智能客控+助眠乳膠枕+安睡乳膠床墊）:HK$232', '高級大床房（智能客控+助眠乳膠枕+安睡乳膠床墊）:HK$243', '高級雙床房（智能客控+助眠乳膠枕+安睡乳膠床墊）:HK$255', '豪華大床房（智能客控+助眠乳膠枕+安睡乳膠床墊）:HK$266', '奇幻太空艙3D巨幕影院房（智能客控+80寸巨幕投影+騰訊雲視聽極光TV會員+助眠乳膠枕+安睡乳膠床墊）:HK$289']"
你好酒店（安慶菱湖公園店）,9.6,"['大床房:HK$205', '高級雙床房:HK$205', '高級大床房:HK$214', '商務大床房:HK$234']"
維也納智好酒店（安慶人民路步行街店）,9.6,"['特價大床房:HK$173', '高級大床房:HK$208', '豪華大床房:HK$234', '豪華雙床房:HK$243']"
安慶黃梅山莊（菱湖公園店）,9.3,"['陶然雙床房:HK$195', '陶然大床房:HK$195', '無憂休閑棋牌房:HK$226', '歡緣親子房:HK$226']"
安慶天域花園酒店,9.4,"['舒睡單間:HK$212', '商務標間:HK$241', '商務單間:HK$241', '商務高級單間:HK$252', '行政標間:HK$283']"
藝龍瑞雲酒店（安慶高鐵站光彩大市場店）,9.2,"['豪華大床房:HK$189', '高級大床房:HK$208', '高級雙床房:HK$216', '豪華套房:HK$235']"
美鉑輕奢酒店（安慶人民路步行街店）,9.5,"['高級大床房（90寸極米投影+可見江景+小度智能+乳膠枕）:HK$405', '高級雙床房（90寸堅果投影+智能馬桶+智能客控）:HK$405', '家庭親子房:HK$405', '商務大床房（90寸堅果投影+智能客控）:HK$405']"
曼諾菲酒店（安慶人民路步行街店）,9.4,"['輕奢商務大床房:HK$104', '輕奢舒適標間:HK$108', '輕奢巨幕投影大床房:HK$130']"
安慶栢景國際酒店,9.5,"['高級大床房｜金可兒床墊+科勒衞浴+投屏電視:HK$369', '高級雙床房｜金可兒床墊+科勒衞浴+投屏電視:HK$369', '商務大床房｜金可兒床墊+科勒衞浴+投屏電視:HK$439', '商務雙床房｜金可兒床墊+科勒衞浴+投屏電視:HK$439', '豪華大床房｜金可兒床墊+科勒衞浴+投屏電視+城市景觀:HK$521', '親子主題房｜金可兒床墊+科勒衞浴+投屏電視+城市景觀:HK$539']"
安慶吾悦廣場開元名庭酒店,9.2,"['名成高級大床房:HK$357', '名成高級雙床房:HK$358', '名成豪華大床房:HK$380', '名成輕奢大床房:HK$400', '名成豪華雙床房:HK$400']"
漢庭酒店（安慶華茂1958店）,9.7,"['大床房:HK$234', '高級大床房:HK$243', '高級雙床房:HK$254']"
安慶宜秀開元名庭大酒店,9.6,"['名成高級大床房:HK$272', '名成豪華大床房:HK$305', '名成豪華雙床房:HK$305', '名成行政大床房:HK$328', '名成商務大床房:HK$361']"
安慶德辰金陵大酒店,9.8,"['豪華雙床房:HK$489', '豪華大床房:HK$533', '豪華河景大床房:HK$599', '豪華河景雙床房:HK$599', '行政雙床房:HK$708', '行政大床房:HK$708']"
安慶綠地鉑驪酒店,9.7,"['高級大床房:HK$369', '高級雙床房:HK$369', '豪華大床房:HK$391', '豪華雙床房:HK$391', '行政大床房:HK$468', '行政雙床房:HK$468']"
如家商旅酒店（安慶集賢北路高鐵站店）,9.4,"['大床房:HK$175', '高級大床房:HK$183', '高級雙床房:HK$183', '套房:HK$236']"
麗景酒店（安慶高鐵站宜秀店）,9.2,"['舒睡大床房（靜享睡眠 · 三合一充電）:HK$173', '舒睡雙床房（靜享睡眠 · 三合一充電）:HK$186', '逸緻雙床房（寬敞明亮 · 多功能辦公桌 · 深睡床墊）:HK$205', '逸緻大床房（安眠靜謐 · 多功能辦公桌 · 深睡床墊）:HK$210']"
安慶高鐵站光彩七街錦江都城酒店,9.6,"['精緻雙床房:HK$223', '精緻商務房:HK$231', '都會雙床房:HK$240', '風雅解壓雙床房:HK$248']"
安慶吾悦廣場亞朵酒店,9.6,"['高級大床房:HK$330', '行政雙床房:HK$330', '行政大床房:HK$359', '幾木雙床房:HK$370', '幾木大床房:HK$390']"
美可居酒店（安慶高鐵站店）,9.2,"['舒適標準間:HK$188', '舒適大床房:HK$199', '精品雅緻標間:HK$199', '精品悦享舒適大床房:HK$210']"
喆啡酒店（安慶高鐵站光彩大市場店）,9.3,"['醇享大床房:HK$192', '醇享雙床房:HK$192', '豪華大床房:HK$225', '豪華雙床房:HK$225']"
維也納國際酒店（安慶吾悦廣場店）,9.5,"['高級大床房:HK$238', '高級雙床房:HK$255', '行政大床房:HK$262', '行政雙床房:HK$278', '商務套房:HK$306']"
安慶市政務中心七街亞朵酒店,9.5,"['高級雙人房:HK$290', '高級大床房:HK$299', '行政雙床房:HK$309', '行政大床房:HK$320', '幾木雙床房:HK$340']"
全季酒店（安慶人民路倒扒獅步行街店）,9.5,"['大床房:HK$255', '高級大床房:HK$264', '高級雙床房:HK$283', '商務大床房:HK$302']"
安慶七街精品酒店（七街高鐵站店）,9.0,"['尊享大床房:HK$170', '尊享雙床房:HK$170']"
安慶懷寧國建開元大酒店,9.6,"['開元街景雙床房:HK$299', '開元街景大床房:HK$299', '豪華河景雙床房:HK$329', '豪華河景大床房:HK$329', '行政街景雙床房:HK$398']"
漢庭酒店（安慶七街政務中心店）,9.6,"['高級大床房:HK$224', '商務大床房:HK$233', '高級雙床房:HK$233', '豪華套房:HK$295']"
飛魚電競智能酒店（菱湖公園店）,9.8,"['電競雙床房[5070+14790F+2K300HZ+鑽石特權+UU加速器]:HK$279', '電競大床房[5070+14790F+2K300HZ+鑽石特權+UU加速器]:HK$279', '豪華電競大床房[5070+14790F+2K300HZ+鑽石特權]:HK$303', '豪華電競雙床房[5070+14790F+2K300HZ+鑽石特權]:HK$303']"
安慶碧桂園鳳悦鳳凰酒店,9.5,"['尊享雙床房:HK$241', '尊享大床房:HK$241', '商務園景大床房:HK$294', '商務園景雙床房:HK$294', '零壓舒睡大床房:HK$326', '零壓舒睡雙床房:HK$326']"
一枕春山·閑庭度假別院（天柱山店）,9.9,"['雲隱·山景特惠大床房「雲端床枕+舒適好眠+全屋智能」:HK$391', '浮光·山景竹海大床房「全屋智能+舒適好眠+沉浸投影」:HK$424', '暮雲·竹海舒適標準間「晨光喚醒+全屋智能+眺望山景」:HK$494', '山憩·山景家庭親子房「全屋智能+舒適好眠+靜音床墊」:HK$534', '霞歸·湖景温馨大床房「全屋智能+舒適好眠+恆温床品 」:HK$566']"
安慶温州國際大酒店,8.9,"['高級雙床房:HK$138', '高級大床房:HK$138', '商務標準間:HK$150', '豪華雙床房:HK$173']"
維也納酒店（安慶碧桂園萬達廣場店）,9.6,"['標準大床房:HK$221', '標準雙床房:HK$221', '豪華大床房:HK$236', '豪華雙床房:HK$236']"
七街亞美酒店（高鐵站店）,9.0,"['輕住|舒適大床房（超讚採光+舒適床墊）:HK$175', '臻享|豪華套房（超大空間+乾濕分離）:HK$322']"
安慶迎賓館,8.8,"['雅緻普通雙床房:HK$218', '靜雅商務大床房:HK$283', '靜雅商務雙床房:HK$283', '行政森林大床氧吧房:HK$304', '行政森林雙床氧吧房:HK$304']"
全季酒店（安慶火車站中興大道店）,9.6,"['高級雙床房:HK$289', '高級大床房:HK$299', '商務雙床房:HK$309', '商務大床房:HK$346']"
安慶木衞三電競酒店,10.0,"['電競獨行俠（5070+steam特權+UU加速器+2K300hz）:HK$189', '電競單人間（5070+steam特權+UU加速器+2K300hz）:HK$223', '電競投影大床房（5070+steam特權+UU加速器+2K300hz）:HK$234', '電競投影雙床房（5070+steam特權+UU加速器+2K300hz）:HK$235']"
安慶斯維登精品酒店（高鐵站南翔雲集店）,8.9,"['特惠標準間:HK$118', '特惠大床房:HK$118', '豪華大床房:HK$240', '豪華標間:HK$240']"
安慶滙峯吾悦廣場美侖酒店,9.6,"['大床房:HK$412', '高級雙床房:HK$412', '高級大床房:HK$422', '豪華雙床房:HK$432', '豪華大床房:HK$492']"
維朵國際酒店（安慶高鐵站店）,9.2,"['雅緻大床房:HK$167', '豪華尊享大床房:HK$192', '180°落地窗臻品大床房:HK$205', '超大空間豪華雙床房:HK$224']"
漢庭酒店（安慶吾悦廣場店）,9.4,"['大床房:HK$236', '高級雙床房:HK$246', '高級大床房:HK$255', '景觀大床房:HK$283']"
如家睿柏雲酒店（安慶迎賓路高鐵站店）,8.8,"['特色大床房:HK$131', '雅緻大床房:HK$140', '商務雙床房:HK$140', '雅緻雙床房:HK$149']"
鉑景公寓（七街高鐵站店）,9.3,"['舒適大床房:HK$104', '精緻大床房:HK$128', '精緻雙床房:HK$129', '智選大床房:HK$134']"
貝殼酒店（安慶人民路石化一中迎江寺店）,9.5,"['零壓商務大床房（可投屏+酒店公區提供洗衣房）:HK$137', '零壓清馨雙床房（可投屏+酒店公區提供洗衣房）:HK$137', '零壓商務雙床房（可投屏+酒店公區提供洗衣房）:HK$144', '零壓清馨大床房（可投屏+酒店公區提供洗衣房）:HK$144']"
