酒店名称,评分,房型价格列表
宜昌均瑤國際酒店（宜昌CBD購物中心夷陵廣場店）,9.5,"['高級雙床房:HK$429', '高級大床房:HK$466', '豪華大床房:HK$496', '豪華雙床房:HK$496', '行政大床房:HK$546', '華麗景觀房:HK$580']"
宜昌富力皇冠假日酒店（三峽遊客中心伍家崗萬達廣場店）,9.3,"['高級市景超大床房:HK$601', '高級市景超大床房（高樓層）:HK$628', '高級市景雙床房:HK$638', '高級市景雙床房（高樓層）:HK$656', '180度江景高級超大床房:HK$670', '180度江景高級雙床房:HK$736']"
濱江壹號大酒店（宜昌濱江公園CBD購物中心店）,9.1,"['城景精緻大床房:HK$320', '城景商務大床房:HK$342', '江景商務雙床房:HK$360', '江景商務大床房:HK$360', '城景豪華雙床房:HK$390']"
維也納國際酒店（宜昌中南路店）,9.7,"['影音大床房:HK$325', '商務大床房:HK$348', '商務雙床房:HK$359', '園景雙床房:HK$371', '城景雙床房:HK$371']"
江上酒店（宜昌三峽遊客中心萬達廣場店）,9.5,"['【無窗】深眠大床房（智能投屏+零壓好眠舒睡床墊）:HK$350', '雅緻城景大床房（55寸電視+零壓床墊）:HK$388', '豪華家庭雙大床房（1大1中床+55寸電視）:HK$583']"
凱盛美季酒店（宜昌濱江店）,9.3,"['豪華城景雙床房:HK$249', '雅緻城景雙床房:HK$255', '閲江側景大床房:HK$268', '夢百合0壓城景雙床房（0壓床墊+0壓助眠枕）:HK$375']"
華美達宜昌大酒店（CBD購物中心店）,9.2,"['靜享舒適雙床房-舒適格局+獨立辦公桌:HK$297', '靜享舒適大床房-舒適格局+獨立辦公桌:HK$322', '豪華景觀大床房-浴缸+180°城景+地標夜景:HK$322', '私享影音雙床套房:HK$339', '靜享商務大床房:HK$348']"
曼泊·智酒店（宜昌三峽遊客中心濱江萬達廣場店）,9.3,"['曼優·玲瓏寶藏特惠房·城遇愛情:HK$190', '曼悦.城景智控大床房—零壓床墊+悦享快樂江景:HK$219', '曼趣.趣美智控大床房—趣享風景:HK$285', '曼咖.城遇智控雙床房—遇見最美的自己:HK$314']"
全季酒店（宜昌中南路長江廣場店）,9.7,"['大床房:HK$359', '高級大床房:HK$387', '雙床房:HK$415', '商務大床房:HK$444']"
水雲嵐酒店（宜昌三峽遊客中心濱江萬達廣場店）,9.7,"['嵐夕精緻大床房—深睡舒眠床墊+新風循環:HK$470', '嵐夕精緻雙床房—深睡舒眠床墊+新風循環:HK$483', '嵐夕雅緻大床房【零壓床墊+mini小冰箱】:HK$516', '嵐夕雅緻雙床房【零壓床墊+mini小冰箱】:HK$526', '雲夕江景大床房【高空江景+夢百合零壓床墊+mini冰箱】:HK$559']"
宜昌帥府鉑風酒店（宜昌東站店）,9.8,"['惠享大床房:HK$241', '精品大床房:HK$296', '精品雙床房:HK$318', '温馨家庭房:HK$318']"
長城酒店（宜昌CBD購物中心解放路步行街店）,9.5,"['長城·品心雙床房-商旅首推:HK$315', '長城·品心零壓雙床-臨近解放路步行街+免費大堂吧:HK$326', '長城·品心大床房-宜昌CBD購物中心TOP酒店:HK$354', '長城·品享雙床房:HK$425', '長城·品享零壓雙床房-精緻睡眠首推:HK$501']"
宜昌機場桃花嶺飯店,9.6,"['特色雙床房:HK$343', '特色大床房:HK$354', '高級智能雙床房-智能語音客控:HK$364', '豪華智能大床房-智能語音客控:HK$419', '豪華智能雙床房-智能語音客控:HK$419']"
你好酒店（宜昌火車東站店）,9.6,"['大床房:HK$269', '高級大床房:HK$289', '高級雙床房:HK$318', '商務雙床房:HK$338']"
宜昌京宜酒店（宜昌三峽大學店）,9.6,"['京韻.智能雙床房|智能温控+高速Wifi:HK$272', '京華.輕奢全智能雙床房|智能客控+定製床墊:HK$293', '京韻.智能大床房|智能温控+高速Wifi:HK$293', '京華.輕奢全智能大床房|智能客控+定製床墊:HK$325', '輕享.智能影音大床房|巨幕投影+環繞立體聲:HK$346']"
怡景美季酒店（宜昌萬達廣場三峽遊客中心店）,9.5,"['驚喜·城景彩蛋房:HK$436', '雲端·高空城景大床房:HK$462', '雲端·高空城景雙床房:HK$473', '驚喜·江景彩蛋房:HK$545', '見江·高空江景大床房-全景落地窗:HK$580']"
凱盛美季酒店（宜昌CBD購物中心店）,9.5,"['幸運滿貫雙床房:HK$249', '好運滿滿大床房:HK$261', '夢百合0壓好事成雙雙床房（0壓床墊+0壓助眠枕）:HK$293', '好事成雙雙床房:HK$295']"
宜昌三峽賓館,9.7,"['豪華大床房:HK$478', '豪華套房:HK$1,494']"
宜昌桃花嶺飯店,9.5,"['豪華雙床房:HK$400', '智慧雙床房:HK$407', '尊享大床房:HK$442', '尊享雙床房:HK$442', '商務雙床房:HK$548', '商務大床房:HK$548']"
宜昌夷陵希爾頓花園酒店,9.6,"['花園大床房:HK$390', '花園雙床房:HK$390', '湖景大床房:HK$417', '湖景雙床房:HK$426', '豪華大床房:HK$433']"
宜尚酒店（宜昌火車東站店）,9.6,"['智能大床房（夢百合零壓枕+智能客控）:HK$209', '智能雙床房（夢百合零壓枕+智能客控）:HK$243', '智能高級大床房（夢百合零壓枕+智能客控+落地窗）:HK$251', '智能高級雙床房（夢百合零壓枕+智能客控+落地窗）:HK$278']"
宜昌濱江華美達酒店,9.5,"['城景大床房:HK$452', '豪華雙床房:HK$558', '豪華大床房:HK$594', '江景大床房:HK$714', '江景雙床房:HK$720']"
泊兮·書香酒店（宜昌海底世界店）,9.8,"['雅緻大床房-靜謐園林+舒達乳膠床墊+小冰箱:HK$413', '雅緻雙床房-靜謐園林+舒達乳膠床墊+小冰箱:HK$413', '茶韻雙床房-助眠薰香+歐舒丹洗護+品茗茶具:HK$467', '茶韻大床房-助眠薰香+歐舒丹4件套+品茗茶具:HK$467', '探花庭院雙床房-靜謐園林+空氣凈化:HK$555']"
你好酒店（宜昌CBD購物中心解放路步行街店）,9.7,"['高級大床房:HK$315', '商務大床房:HK$344', '高級雙床房:HK$373', '家庭房:HK$411']"
宜錦美怡酒店（宜昌濱江公園CBD購物中心店）,9.5,"['怡 · 雅緻雙床房-書桌+零度靜音床墊:HK$273', '怡 · 雅緻大床房-書桌+零度靜音床墊:HK$274', '靜謐品質大床房-零度靜音乳膠床墊:HK$282', '靜謐品質雙床房-書桌+零度靜音床墊:HK$289', '臻享超級大床房-零度靜音床墊:HK$346']"
宜昌峽州夷陵飯店（沿江大道解放路步行街店）,9.3,"['豪華雙床房:HK$315', '豪華大床房:HK$315', '商務大床房:HK$343', '商務雙床房:HK$343']"
金德瑞國際酒店（宜昌水悦城購物中心三峽大學店）,9.3,"['金.品心高級雙床房:HK$369', '金.品心高級大床房:HK$369', '金.品優豪華雙床房:HK$402', '金.品優豪華大床房:HK$435', '金.品質行政雙床房:HK$566', '金.品質行政大床房:HK$566']"
宜昌丹楓苑民宿（三峽大壩景區店）,9.7,"['小隱·輕奢大床房·小度智能客控:HK$185', '伴山.輕奢雙床房·小度智能客控:HK$316', '傾城·江影雙床房:HK$370', '傾城·江影大床房·小度智能客控:HK$370']"
你好酒店（宜昌三峽大學水悦城店）,9.7,"['大床房:HK$302', '高級大床房:HK$322', '高級雙床房:HK$341', '商務雙床房:HK$361']"
麗橙酒店·逸（宜昌中南路興發廣場店）,9.5,"['逸寧酣睡大床房·零壓床墊·定製浴袍:HK$356', '逸寧城景雙床房·助眠睡枕·暢快投屏:HK$376', '逸緻城景大床房·私享夜景·舒適軟榻:HK$392', '逸靜森呼吸大床房·空氣凈化器·EVVIVA香氛沐浴:HK$405', '逸夢冥想大床房·助眠香薰·釋壓空間:HK$423']"
宜昌蘭山與宿（三峽大壩景區店）,9.6,"['霜輕·嚴選靜雅大床房:HK$195', '暮蟬·臻情雅韻雙床房:HK$321', '浮香·温馨榻榻米親子房:HK$376', '疏影·江景大床房（小度智能客控）:HK$485']"
宜昌悠然江景客棧（三峽大壩店）,9.8,"['精品標準間:HK$312', '江景標準間:HK$334', '江景豪華大床房:HK$347', '温馨家庭親子房:HK$435']"
麗怡酒店（宜昌中南路長江廣場店）,9.7,"['高級雙床房（慕思深睡床墊+暢享投屏+智能馬桶）:HK$281', '豪華大床房（慕思定製床墊+暢享投屏+品茗謐境+智能馬桶）:HK$289', '行政大床房（180度城市景觀+超大起居謐境+暢享投屏+慕思定製床墊+智能馬桶）:HK$348']"
全季酒店（宜昌夷陵萬達廣場店）,9.6,"['大床房:HK$330', '高級大床房:HK$359', '雙床房:HK$359', '商務大床房:HK$387']"
國賓半島酒店（宜昌水悦城店）,9.5,"['半.靜怡商務雙床房（深度好眠）:HK$271', '半.靜怡商務大床房（深度好眠）:HK$271', '半.靜悦親子家庭房:HK$391', '半.靜享公務大床房（180°全視野+慕思床墊）:HK$391', '半.靜享公務雙床房（180°全視野+辦公桌椅）:HK$391']"
花築·宜昌湖畔山舍民宿（三峽機場猇亭工業區店）,9.6,"['觀湖·滿庭芳悦享大床房:HK$273', '憶湖·雨打芭蕉大浴缸大床房:HK$336', '樂湖·歸園田居暢居家庭房:HK$497', '戲湖·紫氣東來超視野套房:HK$573']"
運7酒店（宜昌萬達廣場遊客中心店）,9.7,"['惠享大床房【零壓床墊+遮光窗簾】:HK$261', '麗致大床房【心之約零壓床墊+沙發美人靠】:HK$275', '麗致標準房【心之約零壓床墊+酣然入夢】:HK$288', '影院大床房【百寸巨幕觀影+新風循環】:HK$288']"
旅程酒店（宜昌三峽遊客中心萬達廣場店）,9.2,"['精緻大床房:HK$205', '城景大床房:HK$220', '側江景大床房:HK$235']"
海友酒店（宜昌CBD國貿購物中心店）,9.4,"['大床房:HK$239', '高級大床房:HK$268', '雙床房:HK$278', '家庭房:HK$288']"
凱瑞精選江景酒店（宜昌萬達廣場三峽遊客中心店）,9.3,"['IMAX觀影圓床房:HK$271', '精緻城景雙床房:HK$292', '精緻江景雙床房:HK$322', '精緻江景大床房:HK$362', '璀璨城景大床房:HK$473']"
三峽工程大酒店（宜昌三峽大壩店）,9.3,"['舒適雙床房:HK$350', '舒適江景雙床房:HK$371', '靜逸雙床房:HK$393', '西陵峽江景雙床房:HK$415', '西陵峽江景大床房:HK$415']"
宜昌809微度假小鎮酒店,9.4,"['山語商旅標間:HK$358', '溪韻情侶大床房:HK$413', '溪韻親子標間:HK$457', '山語青旅四人間:HK$511', '溪韻尊享雙床房:HK$511']"
長城假日酒店（宜昌三峽吾悦廣場夷陵萬達店）,9.7,"['城夢·逸景雙床房:HK$290', '寶藏雙床房:HK$312', '城遇·馨瑤大床房:HK$321', '城汐•逸美主題房:HK$415', '城睿·雅緻雙床房:HK$426']"
城市便捷酒店（宜昌萬達廣場運河公園店）,8.8,"['標準大床房:HK$186', '標準雙床房:HK$186', '高級雙床房:HK$213', '高級大床房:HK$213']"
宜昌國貿大酒店（國貿大廈CBD購物中心店）,8.9,"['城景商務雙床房:HK$280', '城景惠享大床房:HK$280', '城景豪華雙床房:HK$304', '城景商務大床房:HK$316', '城景豪華大床房:HK$353']"
宜昌溪外民宿,9.6,"['和風:HK$663', '幽蘭:HK$754', '朗月:HK$754', '虛竹:HK$939']"
麗舍輕奢商旅酒店（宜昌猇亭三峽機場店）,9.8,"['豪華雙床房 - 語音智控-智能馬桶:HK$332', '高級家庭房 - 智控:HK$332', '豪華大床房 - 全屋智控-智能馬桶:HK$343', '高級大床房 - 語音智控:HK$343', '雙卧套房-語音智控-洗衣機:HK$720']"
曼泊·智S酒店（宜昌東站五一廣場店）,9.6,"['城遇.大床房—電視投屏+夢百合0壓房+智能客控:HK$278', '城遇.雙床房—電視投屏+夢百合0壓房+智能客控:HK$294', '逸景.大床房—電視投屏+夢百合0壓床墊+智能客控:HK$333', '逸景.雙床房—電視投屏+夢百合0壓床墊+智能客控:HK$333', '江景.大床房—電視投屏+夢百合0壓床墊+智能客控:HK$387']"
城市便捷酒店（宜昌夷陵客運站萬達廣場店）,8.9,"['標準大床房:HK$171', '高級大床房:HK$189', '高級雙床房:HK$215', '豪華大床房:HK$240']"
雅斯特酒店（宜昌解放路步行街店）,9.4,"['雅緻大床房（品質親膚布草+定製洗護用品）:HK$209', '雅緻雙床房（品質親膚布草+定製洗護用品）:HK$209', '高級大床房（品質親膚布草+定製洗護用品+採光好）:HK$234', '豪華大床房（品質親膚布草+定製洗護用品+採光好）:HK$251']"
