酒店名称,评分,房型价格列表
山南火車站雅江天街亞朵酒店,9.8,"['高級大床房（65寸投屏電視+加濕器+智能馬桶）:HK$503', '高級雙床房（65寸投屏電視+加濕器+智能馬桶）:HK$548', '幾木大床房（65寸投屏電視+加濕器+迷你小冰箱）:HK$575', '幾木雙床房（65寸投屏電視+加濕器+迷你小冰箱）:HK$620', '幾木享浴大床房（65寸投屏電視+迷你小冰箱+浴缸）:HK$710']"
山南美康國際大飯店,9.1,"['特惠雙床房（加濕器+深睡床墊）:HK$329', '特惠大床房（加濕器+深睡床墊）:HK$329', '靜謐養生雙床房（加濕器+深睡床墊）:HK$362', '智選豪華雙床房（製氧機+智能音控+加濕器+深睡床墊）:HK$406', '智選豪華大床房（製氧機+智能音控+加濕器+深睡床墊）:HK$406']"
龍馬大酒店（山南市政府店）,9.4,"['智能舒適雙床房（副樓）:HK$304', '智能舒適大床房（小度智能音響+乾濕分離）（副樓）:HK$306', '智能商務雙床房（小度智能音響+乾濕分離+零壓床墊）:HK$315', '智能商務大床房（小度智能音響+乾濕分離+零壓床墊）:HK$339']"
北境電競酒店,9.5,"['電競雙人間:HK$425', '電競大床房:HK$425', '電競FPS臻享雙人間:HK$468', '電競FPS臻享三人間:HK$534']"
山南香曲花園酒店,8.6,"['豪華大床房:HK$350', '豪華標間:HK$350', '普通套房:HK$634', '豪華套房:HK$798']"
山南金城賓館,6.3,"['豪華標準間:HK$149', '豪華大床房:HK$173', '豪華三人間:HK$217', '尊享大床房:HK$326']"
岷山尚領空港大酒店,9.0,"['悦享智能雙床房:HK$595', '安逸智能大床房:HK$654', '安逸智能雙床房:HK$654', '行政智能套房:HK$2,781']"
維也納國際酒店（拉薩貢嘎機場店）,9.4,"['高級雙床房（智能客控+加濕器+地暖）:HK$374', '高級大床房（智能客控+加濕器+地暖）:HK$392', '豪華雙床房（智能客控+加濕器+地暖）:HK$409', '豪華大床房（智能客控+加濕器+地暖）:HK$427']"
蘭歐國際酒店（拉薩貢嘎機場店）,9.5,"['蘭沁高級大床房（獨立便攜式供氧 ＋中央空調+全屋智控 ＋mini吧＋加濕器）:HK$333', '蘭沁市景雙床房（獨立便攜式供氧＋中央空調+全屋智控＋mini吧＋加濕器）:HK$370', '休閑家庭房（獨立便攜式供氧＋中央空調+全屋智控＋mini吧＋加濕器）:HK$370', '電競大床房（地暖+全屋智控+mini吧+加濕器）:HK$384', '蘭錦豪華彌散供氧大床房（中央空調+全屋智控+mini吧+加濕器）:HK$398']"
維也納國際酒店（山南加查縣中心店）,9.3,"['高級大床房:HK$471', '高級雙床房:HK$497', '豪華大床房:HK$558', '豪華雙床房:HK$611']"
桑耶寺賓館,8.6,"['普通大床房:HK$304', '普通標間:HK$306', '豪華大床房:HK$328', '豪華標間:HK$328']"
扎西鄰快捷酒店,8.9,"['大床房:HK$230', '雙床房:HK$241', '三人間:HK$279', '豪華標間:HK$547']"
加查斯邁時尚酒店,8.1,['榻榻米房:HK$316']
浪卡子酷途星空營地,7.1,"['標間:HK$306', '湖景星空情侶帳篷（公共衞浴）:HK$416', '四人間:HK$525', '湖景星空家庭帳（舒適型）（公共衞浴）:HK$963']"
加查達爾谷酒店,7.9,"['豪華大床房:HK$285', '豪華雙床房:HK$285', '豪華套房:HK$512']"
隆子鑫隆商務賓館,8.7,"['雙床房:HK$334', '大床房:HK$334']"
貢嘎祥和賓館,9.5,"['舒適大床房:HK$184', '經濟標間:HK$212', '普通標準間:HK$218', '豪華雙人間:HK$233']"
浪卡子浪泰商務賓館,9.1,"['標準中式大床房:HK$213', '標間:HK$229', '豪華三人房:HK$327']"
加查拉姆拉措家庭旅館,8.3,"['豪華山景雙床房（公共衞生間）:HK$189', '三人間（公共衞浴）:HK$245']"
加查伊卓特色賓館,8.3,"['豪華標間:HK$188', '豪華大床房:HK$197']"
貢嘎星途酒店,8.4,"['精品大床房:HK$184', '精品雙床房:HK$185', '精品三人間:HK$185', '有氧大床房:HK$293']"
浪卡子羊湖酒店,6.7,"['豪華單間:HK$328', '豪華標間:HK$414', '豪華套房:HK$638']"
維也納國際酒店（山南店）,9.5,[]
