酒店名称,评分,房型价格列表
桔子酒店（庫爾勒市政府店）,9.5,"['高級大床房【65寸可投屏電視+金可兒床墊+冷藏小冰箱】:HK$462', '高級雙床房【65寸可投屏電視+金可兒床墊+冷藏小冰箱】:HK$462', '商務大床房【65寸可投屏電視+金可兒床墊+冷藏小冰箱】:HK$480', '商務雙床房【65寸可投屏電視+金可兒床墊+冷藏小冰箱】:HK$499', '套房【65寸可投屏電視+金可兒床墊+冷藏小冰箱】:HK$650']"
如家酒店·neo（庫爾勒石化大道9號倉店）,9.7,"['高級大床房（可投屏55寸電視+酒店提供自助洗衣房）:HK$251', '商務大床房（可投屏65寸電視+酒店提供自助洗衣房）:HK$277', '雙床房（可投屏65寸電視+酒店提供自助洗衣房）:HK$296', '安心睡大床房（夢百合零壓床墊+記憶枕+酒店提供自助洗衣房）:HK$314']"
你好酒店（庫爾勒市政府店）,9.6,"['高級大床房【65寸智能可投屏電視+金可兒床墊】:HK$282', '商務大床房【65寸智能可投屏電視+金可兒床墊】:HK$329', '高級雙床房【65寸智能可投屏電視+恆温馬桶】:HK$339', '商務雙床房【65寸智能可投屏電視+金可兒床墊】:HK$367']"
錦江都城酒店（庫爾勒孔雀河樓蘭不夜城店）,9.5,"['都會雙床房:HK$364', '風雅大床房:HK$366', '時尚大床房:HK$378', '影院大床房:HK$399', '行政套房:HK$450']"
庫爾勒石化大道蘭歐國際酒店,9.6,"['智能經典大床房（冰箱+智能客控）:HK$319', '街景智能高級大床房（冰箱+記憶枕+智能客控）:HK$347', '街景智能高級雙床房（冰箱+記憶枕+智能客控）:HK$356', '街景智能豪華大床房（冰箱+喜臨門床墊+智能客控）:HK$365']"
希玥酒店（庫爾勒孔雀河人民廣場店）,9.3,"['智能輕奢大床房丨語音客控+乾濕分離+小冰箱:HK$404', '智能豪華大床間丨語音客控+乾濕分離+小冰箱:HK$445', '智能豪華標間丨語音客控+乾濕分離+小冰箱+加濕器:HK$465', '智能豪華陽光大床房＋270度全景落地窗+城市夜景:HK$521', '智能豪華陽光雙床房＋270度全景落地窗+城市夜景:HK$541']"
全季酒店（庫爾勒九鼎市場店）,9.6,"['大床房:HK$492', '雙床房:HK$492', '高級大床房:HK$512']"
庫爾勒孔雀河公園亞朵酒店,9.5,"['高級大床房（記憶枕+可觀景+可投屏）:HK$475', '幾木雙床房（深睡枕+冰箱+觀景）:HK$538', '行政大床房（記憶枕+冰箱+觀景）:HK$538', '幾木親子雙床房（深睡枕+冰箱+觀景）:HK$628', '幾木大床房（深睡枕+小冰箱+可觀景）:HK$691']"
全季酒店（庫爾勒領尚幸福天地店）,9.7,"['大床房【小米加濕器+可投屏65寸電視+電動窗簾】:HK$372', '高級雙床房【小米加濕器+可投屏65寸電視+電動窗簾】:HK$372', '高級大床房【小米加濕器+可投屏65寸電視+電動窗簾】:HK$391', '舒壓高級雙床房【小米加濕器+可投屏65寸電視】:HK$391']"
希岸酒店（庫爾勒機場路東方物探店）,9.7,"['希岸高級大床房（智能客控+電動窗簾+加濕器）:HK$297', '玲瓏大床房（智能客控+電動窗簾+加濕器）:HK$314', '希岸高級雙床房（智能客控+電動窗簾+加濕器）:HK$333', '希岸豪華大床房（智能客控+電動窗簾+加濕器）:HK$364']"
欐楓都城酒店（庫爾勒孔雀河石化大道店）,9.1,"['靜享丨零壓舒眠大床房（深度睡眠+智能客控+新風循環）:HK$218', '輕氧丨雙床靜音房（深度睡眠+智能客控+新風循環）:HK$241', '輕奢丨智享大床房（深度睡眠+智能客控+舒適床品）:HK$316', '輕奢丨智享雙床房（深度睡眠+智能客控+舒適床品）:HK$349', '臻享丨雲端深睡大床房（智能客控+舒適床品）:HK$361']"
庫爾勒君潤酒店（庫爾勒站店）,9.6,"['特惠雙床房‖全屋智控+酒水吧枱小冰箱:HK$433', '特惠大床房‖VIP沉浸視聽+杜比音效:HK$433', '君逸雙床房‖全屋智控+酒水吧枱小冰箱:HK$470', '君尚影音日式輕居榻榻米‖高清巨幕VIP沉浸視聽+杜比音效:HK$470', '君悦雙床房‖全屋智控+酒水吧枱小冰箱:HK$507']"
庫爾勒摩登四季酒店（新滙嘉店）,9.3,"['旅居浪漫大床房:HK$302', '豪華商務雙床房:HK$315', '豪華商務大床房:HK$334', '陽光行政親子房:HK$424', '豪華浴缸大床房:HK$476']"
柏雅酒店（庫爾勒塔里木油田項目公司店）,9.4,"['特惠雙床房:HK$252', '高級大床房:HK$280', '影音雙床房:HK$297', '行政大床房:HK$297']"
麗楓酒店（庫爾勒石化大道店）,9.5,"['雅緻雙床房【慕斯床墊+空氣凈化+香薰加濕+淋浴音樂】:HK$279', '雅緻大床房【慕斯床墊+空氣凈化+香薰加濕+淋浴音樂】:HK$290', '豪華雙床房【慕斯床+香薰加濕+凈化器+冰箱+淋浴音樂】:HK$322', '豪華親子房【慕斯床+香薰加濕+凈化器+冰箱+淋浴音樂】:HK$333']"
庫爾勒半城酒店（孔雀河店）,9.2,"['高級優享雙床房（智能客控||新風循環）:HK$502', '高級優享大床房（智能客控||新風循環）:HK$502', '高級內景景觀大床房（新風系統+智能客控）:HK$534', '高級內景景觀雙床房（新風系統+智能客控）:HK$534', '豪華大床房（全屋智能客控）:HK$731']"
正軒酒店（天鵝河市政府店）,9.7,"['特惠大床房:HK$486', '高級大床房:HK$521', '高級雙床房:HK$521', '豪華雙床房:HK$539']"
焉耆天福酒店,9.2,"['瑞福軒-雙床房:HK$347', '錦福軒-大床房:HK$391', '映福軒-湖景雙床房:HK$424', '福悦童趣-豪華親子房:HK$643', '福臻雲邸-豪華套房:HK$752']"
萬信至格酒店（庫爾勒二師醫院巴州衞校店）,9.7,"['靜謐雙床房:HK$187', '舒適大床房:HK$351', '豪華大床房:HK$357', '舒適雙床房:HK$359']"
庫爾勒福潤德·萬達錦華酒店,8.8,"['精緻大床房·內景大空間:HK$549', '精緻雙床房·內景大空間:HK$549', '高級大床房·內景大空間:HK$586', '高級雙床房·內景大空間:HK$586', '豪華雙床房·獨享大空間+全景落地窗:HK$833', '豪華大床房·獨享大空間+全景落地窗:HK$833']"
希岸酒店（庫爾勒天山東路店）,9.4,"['希岸玲瓏大床房（零壓床墊+全屋智能）:HK$328', '希岸玲瓏雙床房（零壓床墊+全屋智能）:HK$380', '希岸商務大床房（零壓床墊+全屋智能）:HK$398', '希岸商務雙床房（零壓床墊+全屋智能）:HK$474', '希岸豪華家庭房（零壓床墊+全屋智能）:HK$785']"
如家派柏雲酒店（庫爾勒孔雀河店）,9.1,"['心怡大床房:HK$216', '優選雙床房:HK$240', '温馨親子房:HK$256']"
季楓酒店（庫爾勒人民廣場店）,9.5,"['特惠雙床房（65寸可投屏電視+乾濕分離衞浴）:HK$367', '特惠大床房（65寸可投屏電視+乾濕分離衞浴）:HK$367', '高級大床房（恆温馬桶+65寸可投屏電視）:HK$393', '高級雙床房（恆温馬桶+65寸可投屏電視）:HK$393']"
柏曼酒店（庫爾勒孔雀河店）,9.4,"['舒適單床房（空氣凈化器）:HK$216', '標準大床房（空氣凈化器）:HK$243', '商務大床房:HK$257', '商務雙床房:HK$291']"
艾尚酒店（庫爾勒交通西路人民廣場店）,9.7,"['艾尚迷你間:HK$310', '艾尚豪華雙床房:HK$396', '艾尚豪華大床房:HK$404', '艾尚豪華套房:HK$647']"
西海半島度假酒店,9.7,"['豪華大床房:HK$302', '豪華雙床房:HK$310', '豪華時尚套房:HK$318', '時尚雙床房:HK$355']"
蘭歐酒店（博湖人民政府店）,9.6,"['蘭歐智能大床房（智能客控+小冰箱）:HK$274', '蘭歐豪華大床房（智能客控+小冰箱+沙發）:HK$291', '蘭歐智能雙床房（智能客控+小冰箱）:HK$299', '蘭歐豪華雙床房（智能客控+小冰箱+空間大）:HK$307']"
漢庭酒店（庫爾勒市政府店）,8.5,"['大床房:HK$265', '高級大床房:HK$286', '高級雙床房:HK$286', '家庭房:HK$354']"
全季酒店（庫爾勒市政府店）,9.6,"['雙床房【金可兒床墊+乾濕分離衞浴+可投屏65寸電視】:HK$419', '高級大床房【金可兒床墊+恆温馬桶+可投屏65寸電視】:HK$437', '舒壓雙床房【舒壓床墊枕頭+冷藏小冰箱+拾趣功夫茶具】:HK$456', '舒壓大床房【舒壓床墊枕頭+冷藏小冰箱+法國精油洗護】:HK$474']"
庫爾勒博斯騰賓館,9.7,"['特惠雙床房（有窗）:HK$461', '經典智能大床房+智能客控+加濕器+小冰箱:HK$525', '經典智能雙床房:HK$525', '特惠大床房（加濕器+小冰箱）:HK$536', '智能親子雙床房·智能客控:HK$536']"
庫爾勒美豪尚層酒店（人民廣場店）,9.2,"['擷春|大床房:HK$207', '擷春|雙床房:HK$219', '沐夏|大床房:HK$249', '拾秋|大床房:HK$258']"
麗楓酒店（庫爾勒人民東路店）,9.7,"['豪華大床房（慕斯床墊+淋浴音樂+迷你小冰箱）:HK$327', '高級雙床房（慕斯床墊+淋浴音樂+迷你小冰箱）:HK$367', '商務大床房（慕斯床墊+淋浴音樂+迷你小冰箱）:HK$375', '純凈自然大床房（慕斯床墊+淋浴音樂+迷你小冰箱）:HK$407']"
雅緹酒店（庫爾勒滙嘉時代廣場店）,9.6,"['雅緻內景大床房（全屋智能）:HK$333', '雅緻內景雙床房（全屋智能）:HK$333', '高級大床房:HK$359', '高級雙床房:HK$380']"
庫爾勒金鳳凰商務酒店（大巴扎孔雀河店）,9.3,"['雅緻大床房（無窗）:HK$193', '雅緻雙床房（無窗）:HK$193', '舒適雙床房:HK$241', '舒適大床房:HK$241']"
孔雀海灘月亮灣酒店,9.7,"['普標大床房:HK$578', '家庭親子房（大床+上下鋪）:HK$676', '行政豪華雙床房:HK$676', '榻榻米親子房:HK$676']"
祥和酒店（庫爾勒孔雀河石化大道店）,9.4,"['特惠大床房:HK$260', '特惠標準間:HK$265', '温馨大床房:HK$291', '雅居標準間:HK$294']"
龍苑酒店（焉耆縣人民廣場店）,9.4,"['特選·安心大床房:HK$361', '特選·安心雙床房:HK$374', '至臻·臻享大床房:HK$412', '至臻·臻享雙床房:HK$412']"
ZMAX滿兮酒店（庫爾勒塔指東路店）,9.6,"['兩張床XL:HK$383', '一張床XL:HK$383', '一張床XXL（網紅+時尚）:HK$416', '兩張床XXL:HK$427', '有個浴缸MAX（輕奢大床房）:HK$438']"
庫爾勒璞居酒店（新滙嘉時代店）,9.2,"['標準大床房丨小冰箱+加濕器:HK$315', '標準雙床房丨小冰箱+加濕器:HK$315', '經典大床房丨小冰箱+加濕器:HK$376', '經典雙床房丨小冰箱+加濕器:HK$376', '商務大床房丨小冰箱+加濕器:HK$436']"
庫爾勒康城建國國際酒店,9.1,"['高級大床房:HK$383', '高級雙床房:HK$383', '單人高級套:HK$580', '豪華套房:HK$623', '行政大床房:HK$678', '行政大床套房:HK$1,082']"
庫爾勒希爾頓之約大酒店,8.7,"['特惠大|智能語音+城市夜景:HK$275', '芊芊學子雙床房|智能語音+城市夜景:HK$322', '零壓精緻雙床房|全屋智能+喜臨門床墊:HK$424', '觀景豪華浴缸房|全屋智能+城市夜景:HK$446']"
柏曼酒店（庫爾勒市政府杜鵑河店）,9.7,"['舒適智能單床房（智能聲控+智能化粧鏡）:HK$250', '標準智能大床房（安靜整潔+舒適床品）:HK$297', '智能標準雙床房（輕奢時尚+舒適安靜）:HK$304', '智能高級大床房（智能客控+坐卧沙發）:HK$318']"
桔子酒店（庫爾勒塔指東路店）,9.3,"['加州陽光大床房（金可兒床墊+智能化語音）:HK$437', '月若流金豪華雙床房（金可兒床墊+智能化語音）:HK$437', '豪華大床房（金可兒床墊+智能化語音）:HK$465', '月若流金親子房（金可兒床墊+智能化語音）:HK$493']"
城市便捷酒店（庫爾勒開發區管委會店）,9.6,"['優享大床房:HK$278', '風雅大床房:HK$376', '風雅雙床房:HK$399', '城市之光童馨親子房:HK$429']"
雅朵輕奢酒店,9.0,"['舒適大床房:HK$227', '舒適雙床房:HK$227', '豪華雙床房:HK$260', '豪華大床房:HK$271']"
漢庭酒店（庫爾勒火車站店）,9.4,"['高級大床房【可投屏50寸電視+喜臨門床墊+智能馬桶】:HK$295', '商務大床房【可投屏50寸電視+喜臨門床墊+智能馬桶】:HK$323', '商務雙床房【可投屏50寸電視+喜臨門床墊+智能馬桶】:HK$333', '豪華大床房【可投屏50寸電視+喜臨門床墊+智能馬桶】:HK$343']"
庫爾勒瀾都精品酒店（孔雀河店）,9.4,"['梨城風情標準間（羽絨枕+天鵝夜景+深睡床墊）:HK$353', '孔雀河中式雙床房（孔雀河夜景+羽絨枕）:HK$365', '孔雀河舒適單人間（天鵝夜景+羽絨枕+深睡床墊）:HK$372', '孔雀河中式大床房（羽絨枕+河邊夜景）:HK$386']"
庫爾勒梨城花園酒店,9.0,"['花園套房:HK$4,013']"
如家雲上四季酒店（庫爾勒火車站店）,9.4,"['單人房:HK$227', '大床房:HK$245', '雙床房:HK$262', '家庭房:HK$333']"
維也納國際酒店（庫爾勒天鵝河店）,9.5,"['高級大床房（加濕器）:HK$380', '高級雙人房（加濕器）:HK$380', '豪華大床房（加濕器）:HK$405', '豪華雙人房（加濕器）:HK$438', '商務雙人房（加濕器）:HK$447']"
雲浠民宿,10.0,"['雲浠大床房:HK$205', '雲浠標間—晨曦:HK$216', '雲浠標間—扶搖:HK$249', '雲浠標間—觀瀾:HK$293']"
