酒店名称,评分,房型价格列表
延安兀裏紅謠窯洞酒店,9.1,"['聽風、窯洞玲瓏炕房:HK$379', '倚山、窯洞雙炕房:HK$403', '倚山、窯洞炕桌雙人房:HK$427', '聽風、窯洞雙炕房:HK$442', '聽風、窯洞親子炕房:HK$490']"
延旅·延安賓館,9.5,"['特惠雙床房:HK$348', '特惠大床房:HK$403', '豪華雙床房:HK$424', '豪華大床房:HK$457', '高級雙床房:HK$610', '高級大床房:HK$642']"
延安金澤國際酒店（寶塔山店）,9.3,"['豪華大床房丨大窗户+臨街觀景:HK$260', '豪華標準間丨大窗户+臨街觀景:HK$260', '寶塔景觀標間（俯瞰寶塔夜景+延河河景）:HK$390', '寶塔景觀單間（俯瞰寶塔夜景+延河河景）:HK$390', '汪汪隊親子房:HK$435', '小豬佩奇親子房:HK$435']"
延安麗森酒店（百米大道店）,9.3,"['特惠行政雙床房（雅蘭舒適床墊）:HK$203', '商務雙床房（雅蘭舒適床墊）:HK$283', '特惠行政雙床套房（一室一廳+舒適空間）:HK$296', '零壓舒睡豪華大床房（深睡好眠+零壓床品）:HK$324', '零壓舒睡豪華雙床房（深睡好眠+零壓床品）:HK$324']"
聖鑫酒店（延安寶塔山店）,9.7,"['靜謐雙床房:HK$178', '靜謐大床房:HK$178', '靜雅大床房:HK$190', '雅逸高級大床房:HK$233']"
延安聖鑫酒店（中心街王家坪店）,9.7,"['風尚大床房（私密空間+舒睡好眠+絲滑軟水沐浴 ）:HK$205', '優享大床房（輕奢優選+辦公桌椅+絲滑軟水淋浴）:HK$212', '精選大床房（閣樓設計+獨立茶桌+絲滑軟水沐浴）:HK$221', '精選雙床房（ 閣樓設計+輕盈睡眠+絲滑軟水淋浴）:HK$224', '景緻大床房（安靜深眠+舒緩治癒+絲滑軟水沐浴）:HK$259']"
延安萬達嘉華酒店,9.2,"['窯洞風湖景大床房:HK$691', '窯洞風湖景雙床房:HK$691', '窯洞湖景庭院炕房:HK$1,151', '紅色主題窯洞湖景庭院炕房:HK$1,200', '窯洞風湖景套房:HK$1,334', '窯洞湖景豪華套房:HK$1,576']"
睿恩酒店（寶塔山萬達廣場店）,9.6,"['智慧觀影雙床房（私密空間）:HK$215', '智慧優選雙床房（電視投屏·零壓床墊·智能聲控·中央軟水）:HK$227', '智慧高級大床房（親膚純棉四件套·舒適深眠·零壓床墊·智能聲控·中央軟水）:HK$241', '智慧陽光雙床房（VIP影視會員·零壓床墊·智能聲控·中央軟水）:HK$245']"
延安唐悅酒店（楊家嶺店）,9.7,"['「優選系」舒睡大床房丨大空間+中式格調+休閑吧:HK$269', '「優選系」舒睡雙床房丨大空間+中式格調+休閑吧:HK$269', '「精選系」豪華雙床房丨休閑吧+冰箱+加濕器:HK$489', '「精選系」豪華大床房丨休閑吧+冰箱+加濕器:HK$489']"
聖鑫酒店（延安中心街萬達廣場店）,9.6,"['普通大床房（無窗）:HK$186', '精品大床房:HK$216', '精品標準間:HK$247', '特色觀景標間（陝北窯洞窗户）:HK$247', '商旅雙床房:HK$280']"
延安國勝賓館（雙擁大道寶塔山店）,9.6,"['雅居潔凈雙床房（雅緻靜逸+乾濕分離）:HK$214', '雅居潔凈大床房（雅緻靜逸+乾濕分離）:HK$241', '雅軒恬靜雙床房（簡約時尚+乾濕分離）:HK$252', '雅軒陽光雙床房（充足採光+獨立辦公桌）:HK$262', '雅軒陽光大床房（充足採光+獨立辦公桌）:HK$273']"
延安旅遊大廈（寶塔山夜市二道街店）,9.6,"['靜逸雙床房:HK$204', '靜逸大床房:HK$204', '舒逸雙床房:HK$240', '舒逸大床房:HK$240', '雅緻雙床房:HK$359']"
延安楠林宏越國際大酒店,9.5,"['豪華雙床房:HK$355', '豪華大床房:HK$364', '豪華親子房:HK$395', '行政雙床房:HK$452', '行政大床房:HK$476']"
延安錦海園酒店（楊家嶺革命舊址店）,9.3,"['特惠雙床房（空調）:HK$190', '忘優私密大床房:HK$193', '戀戀不忘圓床房:HK$212', '錦海園大床房（空調）:HK$251']"
延安東聖酒店（寶塔山萬達廣場店）,9.6,"['空境大床房【輕盈好眠+零壓床墊】:HK$238', '隱市大床房【中央軟水＋零壓床墊】:HK$262', '隱市雙床房【中央軟水＋零壓床墊】:HK$262', '山語雙床房【潔凈舒適+盡享城景】:HK$295', '山語大床房【潔凈舒適+商務服務】:HK$295']"
美豪酒店（延安寶塔山店）,9.6,"['私密空間大床房（無窗）:HK$306', '私密空間雙床房（無窗）:HK$306', '維多利亞大床房:HK$376', '維多利亞雙床房:HK$376', '愛丁堡影院大床房:HK$502']"
6號未來酒店（延安寶塔山萬達廣場店）,9.5,"['忘憂私密大床房（無窗）:HK$274', '忘憂觀景大床房:HK$295', '未來商旅雙床房:HK$316', '影院智能大床房:HK$328', '影院民俗大床房:HK$339']"
延安黃土情大酒店,9.3,"['特惠雙床房:HK$183', '陝北炕房:HK$200', '標準雙床房:HK$200', '商務標準間:HK$265']"
清悦酒店（延安火車站店）,9.3,"['舒適雙床房【智能客控+乾濕分離+零壓記憶床墊】:HK$206', '舒適大床房【辦公桌椅+電動窗簾+零壓記憶床墊】:HK$212', '高級雙床房【深度睡眠+親膚床品+乾濕分離】:HK$214', '商務大床房【採光通透+辦公桌椅+乾濕分離】:HK$230']"
延安左末酒店（寶塔山店）,9.6,"['優享大床房（智能客控+通透採光+舒睡好眠）:HK$238', '優享雙床房（智能客控+通透採光+舒睡好眠）:HK$238', '75寸· 影音大床房（智能投屏＋頭等太空沙發）:HK$269', '尊享豪華雙床房（智能客控+頭等太空沙發+舒緩治癒）:HK$269', '尊享山景大床房（180°超大落地窗+頭等太空沙發）:HK$289']"
延安棗園賓館,9.5,"['豪華大床房:HK$326', '豪華雙床房:HK$326', '豪華兩居家庭套房:HK$832', '豪華兩居商務套房:HK$832', '至尊三居景觀套房:HK$1,137']"
金延安·觀舍民宿,8.7,"['悟理大床房:HK$394', '悟安雙床房:HK$435', '悟德大床房:HK$484', '悟空豪華套房:HK$497', '悟靜榻榻米雙床房:HK$544']"
延安治平酒店（清水天河吾悦廣場店）,9.5,"['電競三人間:HK$340', '科幻三人間:HK$340', '靜謐大床房:HK$340', '靜謐雙床房:HK$340', '商務大床房（負離子新風氧氣）:HK$352', '樂享親子間:HK$388']"
延安聖第錦成藝術酒店（百米大道店）,9.2,"['錦綉舒適雙床房（自然眠愈+簡約設計）:HK$397', '錦綉舒適大床房（輕盈美夢+舒睡好眠）:HK$397', '錦致豪華雙床房（潔凈舒適＋採光充足）:HK$457', '錦致豪華大床房（潔凈舒適＋採光充足）:HK$457', '錦致臻選三人房（舒睡好眠+城市夜景）:HK$489']"
延安延飛麗繽酒店,9.4,"['豪華雙床房:HK$251', '豪華大床房:HK$251', '臨河雙床房:HK$263', '商務套房:HK$526', '行政套房:HK$567']"
延安萬達錦華酒店,9.3,"['陝北風情湖景大床房:HK$484', '陝北風情湖景雙床房:HK$484', '陝北風情庭院湖景大床房:HK$727', '陝北風情庭院湖景雙床房:HK$727', '家庭湖景套房:HK$969', '陝北風情湖景套房:HK$1,091']"
延安棗園亞朵酒店,9.6,"['雅緻大床房:HK$394', '高級大床房:HK$421', '高級雙床房:HK$421', '行政大床房:HK$448', '行政雙床房:HK$448']"
美麗豪酒店（延安寶塔山店）,8.7,"['靜謐大床房:HK$228', '靜謐大床房A:HK$261', '精緻大床房:HK$304', '精緻雙床房:HK$304', '雅緻大床房:HK$392']"
延安新區魯藝公園亞朵酒店,9.7,"['雅緻雙床房:HK$376', '高級大床房:HK$394', '高級雙床房:HK$394', '行政大床房:HK$430', '行政雙床房:HK$430']"
延安高第華苑大酒店（中心街寶塔山店）,8.0,"['美式標準間:HK$263', '美式大床房:HK$263', '行政雙床房:HK$311', '豪華影院房:HK$311', '行政大床房:HK$315']"
延安百米大道寶塔山亞朵酒店,9.5,"['雅緻雙床房:HK$349', '高級雙床房:HK$358', '高級大床房:HK$385', '行政雙床房:HK$412', '行政大床房:HK$430']"
亞朵酒店（延安新區市政府店）,9.1,"['雅緻房:HK$394', '高級大床房:HK$412', '高級雙床房:HK$412', '幾木大床房:HK$430', '幾木雙床房:HK$430']"
延安亞聖大酒店（寶塔山店）,9.1,"['豪華單間:HK$245', '豪華標準間:HK$245', '景觀標間:HK$310', '豪華套間:HK$760']"
延安大酒店,8.9,"['標準雙床房:HK$260', '豪華大床房:HK$325', '豪華雙床房:HK$325', '行政雙床房:HK$391', '行政親子房:HK$424']"
歡瑞酒店（延安寶塔山店）,9.6,"['歡瑞|玲瓏靜謐大床房:HK$209', '歡瑞|玲瓏靜謐雙床房:HK$209', '歡悦|舒壓寧靜大床房:HK$209', '歡悦|舒壓寧靜雙床房:HK$209']"
金延安·見山民宿,9.7,"['見山籬下雙床房（優質床品+乾濕分離+蕎麥枕）:HK$185', '見山榻榻米雙床房（優質床+乾濕分離+蕎麥枕）:HK$283', '見山雅緻三人房（親子家庭+乾濕分離+蕎麥枕）:HK$447', '見山温馨四人房（乾濕分離+蕎麥枕）:HK$496']"
延安楓霖酒店,9.1,"['楓韻大床房:HK$223', '楓雅雙床房:HK$248', '楓和家庭房:HK$326', '楓盈家庭房:HK$420']"
延安仟那酒店（新區全民運動中心店）,9.6,"['仕居雙床房:HK$330', '仕居大床房:HK$363', '竹溪雙床房:HK$395', '竹溪大床房:HK$440', '隱仕大床房:HK$550']"
延旅·榮華酒店,9.3,"['特惠雙床房:HK$150', '舒適雙床房:HK$300', '萌趣寶貝親子間:HK$330', '舒適大床房:HK$359', '豪華雙床房:HK$372']"
金延安·竹悦民宿,8.9,"['竹悦大床房:HK$292', '竹悦雙床房:HK$322', '竹溪雙床房:HK$322', '竹裏複式大床房:HK$355']"
延安紅星園國際酒店,9.4,"['優享雙床房:HK$380', '豪華大床房:HK$434', '豪華雙床房:HK$434', '行政大床房:HK$762', '行政雙床房:HK$762', '商務套房:HK$1,002']"
延安王梓酒店,9.6,"['雅緻雙床房（無窗）:HK$323', '雅緻大床房（無窗）:HK$330', '商旅大床房:HK$350', '陽光大床房:HK$373', '商旅雙床房:HK$381']"
如家睿柏·雲酒店（延安寶塔山二道街店）,8.7,"['特惠大床房【獨立空調➕中央軟水】:HK$154', '特惠雙床房【獨立空調➕中央軟水】:HK$154', '精品大床房【獨立空調➕中央軟水】:HK$182', '精品雙床房【獨立空調➕中央軟水】:HK$182']"
PG巴頓·瀾設計師酒店（延安萬達廣場寶塔山店）,7.9,"['欣喜·高級靈動雙床房【零壓酣睡床墊+通透採光】:HK$153', '欣喜·高級靈動大床房【城際夜景+獨立wifl】:HK$153', '悦喜·尊享大床房【舒適環境+絲漣床墊】:HK$191', '悦喜·尊享雙床房【超大活動空間+自然愈眠】:HK$191']"
延旅·延安隆華花園酒店,9.2,"['精選標間:HK$151', '豪華標準間:HK$221', '豪華大床房:HK$358', '豪華套房:HK$970']"
清雅山居窯洞度假民宿,9.5,"['隱仕·山景大床房:HK$267', '隱仕·山景觀嵐閣:HK$434', '隱仕•山景童窯祕境:HK$481', '隱仕•山景粉黛雲居:HK$481']"
延安美居酒店,9.6,"['標準大床房:HK$408', '高級大床房:HK$438', '高級雙床房:HK$438', '豪華大床房:HK$468', '豪華雙床房:HK$468']"
金延安西北旅社,9.4,"['良棲雙床房（品質床墊/乾濕分離/蕎麥枕）:HK$268', '幕棲loft單間（品質床墊/乾濕分離/蕎麥枕）:HK$332', '風情雙床房（陝北窯洞窗户/乾濕分離/蕎麥枕）:HK$332', '幕棲LOFT套房（棋牌室/乾濕分離/蕎麥枕）:HK$559', '幕棲精品套房（超大客廳/乾濕分離/蕎麥枕）:HK$559']"
延安悦星酒店（延大楊家嶺舊址店）,9.6,"['普通標間:HK$287', '雅悦行政大床房:HK$371', '雅悦行政雙床房:HK$402', '悦美豪華親子套房:HK$409', '悦享商旅雙床房:HK$415']"
金延安·淺拾民宿,9.6,"['淺拾靜謐雙床房（乾濕分離+私密空間+蕎麥枕）:HK$213', '淺拾憶夢雙床房（優質床品+乾濕分離+蕎麥枕）:HK$293', '淺拾暮光榻榻米（乾濕分離+優質床品+蕎麥枕）:HK$311', '淺拾温馨家庭親子間（乾濕分離+優質床品+蕎麥枕）:HK$342', '商務大床房丨乾濕分離+愜意浴缸:HK$383']"
