酒店名称,评分,房型价格列表
和頤至尚酒店（張掖西站鐘鼓樓店）,9.6,"['商務大床房A+夢百合墊床+新風系統+加濕器+全屋智能:HK$483', '雙床房A+新風系統+夢百合零壓墊床+冰箱+加濕器+投屏:HK$500', '商務大床房+夢百合墊床+小冰箱+加濕器+全屋智能+投屏:HK$500', '雙床房+夢百合墊床+小冰箱+加濕器+全屋智能+手機投屏:HK$518', '高級大床房+夢百合墊床+小冰箱+加濕器+零壓枕+投屏:HK$527']"
青果果酒店（張掖西站中心廣場店）,9.7,"['特色榻榻米房（小度智能語音客控+進口天然乳膠枕）:HK$277', '精選大床房（全屋智能+加濕器+零圧床墊）:HK$316', '智選大床房（零壓記憶床墊+智能客控+投屏電視）:HK$338', '精選雙床房（天然乳膠枕+投屏電視+乾濕分離）:HK$371']"
張掖金陽國際飯店,9.3,"['靜謐絲路大床房:HK$366', '靜謐絲路雙床房:HK$366', '豪華絲路雙床房:HK$427', '豪華絲路大床房:HK$427', '尊享影音雙床房:HK$452']"
漢庭酒店（張掖西站店）,9.7,"['舒壓高級大床房【金可兒床墊+電視投屏+加濕器】:HK$533', '舒壓高級雙床房【金可兒床墊+電視投屏+加濕器】:HK$654', '舒壓-高級家庭房【金可兒床墊+小冰箱+小童牙具+舒適】:HK$815', '套房【金可兒床墊+電視投屏+會客廳+小冰箱+加濕器】:HK$957']"
張掖旭洲賓館（鐘鼓樓甘州市場店）,9.1,"['特惠·舒適單人間（小空間+一次性馬桶墊）:HK$246', '舒適雙床房（一次性馬桶墊+書桌休閑椅）:HK$251', '豪華大床房（一次性馬桶墊）:HK$251', '高級雙床房（大空間+書桌休閑椅）:HK$268']"
張掖華辰國際大酒店,9.6,"['商務大床房+TOTO衞浴:HK$522', '濕地觀景標間+TOTO衞浴:HK$522', '商務會客房+TOTO衞浴+會客區:HK$544', '雪山觀景標間+TOTO衞浴+落地窗:HK$544', '零壓標間+夢百合床品+TOTO衞浴:HK$555']"
千璽絲路國際酒店（張掖西站店）,9.1,"['舒適大床房:HK$600', '超大床房:HK$600', '舒適城景雙床房:HK$600', '行政城景雙床房:HK$644', '行政城景大床房:HK$644']"
府城四合院,9.9,"['雙床房（蒙古族）:HK$739', '雙床房（堂屋）:HK$739', '雙床房（張掖老屋）:HK$739', '雙床房（法國老屋）:HK$739']"
張掖潤湖假日酒店,9.8,"['精選雙床房:HK$610', '精選大床房:HK$610', '悦逸雙床房（空氣凈化器+小冰箱）:HK$689', '悦享雙床房（膠囊coffee機+小冰箱+徠芬03）:HK$721', '悦動魔鏡運動房（FITURE魔鏡+膠囊coffee機）:HK$733']"
張掖臨澤丹霞灣田園酒店,9.1,"['繽紛田園大床房:HK$551', '繽紛田園雙人房:HK$586', '田園·山景大床房【智能客控】:HK$597', '田園·湖景大床房【智能客控】:HK$597', '田園·彩山雙人房【智能客控】:HK$619']"
天潤金座酒店（張掖高鐵西站店）,9.1,"['樂享雙床房:HK$265', '舒享雙床房:HK$303', '舒享大床房:HK$335', '舒享三床房:HK$418']"
絲路陽光國際酒店（張掖高鐵站店）,9.6,"['行政標準間:HK$630', '奢華標準間:HK$807', '行政大床房:HK$845', '奢華大床房:HK$900', '奢華親子房:HK$919']"
宜尚酒店（張掖西站鐘鼓樓店）,9.5,"['智能標準大床房（智能客控-空氣凈化器+加濕器）:HK$405', '智能高級大床房（智能客控-空氣凈化器+加濕器）:HK$421', '智能高級雙床房（智能客控-凈化器+加濕器）:HK$428', '智能豪華大床房（空氣凈化器+加濕器）:HK$436']"
張掖金豪假日酒店（鐘鼓樓店）,9.1,"['金翎·雲鏡雙床房（零壓床墊+智能客控+靜音加濕器）:HK$400', '金翎 ·雲鏡大床房（零壓床墊+智能客控+靜音加濕器）:HK$413', '鎏金·雲棲雙床房（零壓床墊+智能客控+靜音加濕器）:HK$436', '鎏金·雲棲大床房（零壓床墊+智能客控+靜音加濕器）:HK$436']"
如家酒店·neo（張掖大佛寺明清街店）,9.5,"['大床房（全屋明窗+55寸智能電視投屏）:HK$342', '商務大床房（全屋明窗+55寸智能電視投屏）:HK$358', '雙床房（全屋明窗+55寸智能電視投屏）:HK$366', '高級大床房（全屋明窗+55寸智能電視投屏）:HK$382']"
蘆水灣度假酒店（張掖國家濕地公園店）,9.2,"['靜謐雅居大床房【零壓床枕+智能馬桶】:HK$205', '靜謐雅居雙床房【零壓床枕+智能馬桶】:HK$212', '霞歸雅居大床房【通透採光+零壓床枕+智能馬桶】:HK$316', '霞歸雅居雙床房【通透採光+零壓床枕+智能馬桶】:HK$325']"
張掖丹霞大酒店,9.1,"['普通標間（無窗）:HK$270', '普通大床（無窗）:HK$270', '豪華標間:HK$352', '豪華單間:HK$352', '家庭房:HK$483']"
張掖鑫盛悅國際酒店（張掖高鐵西站店）,9.3,"['精選大床房:HK$422', '鑫悦豪華雙床房:HK$422', '豪華大床房（全屋智能客控）:HK$436', '豪華雙床房（全屋智能客控）:HK$436', '行政豪華雙床房（全屋智能客控）:HK$513']"
漢庭酒店（張掖市政府大佛寺店）,9.5,"['高級大床房（外景窗+金可兒床墊）:HK$349', '雙床房（外景窗+金可兒床墊）:HK$425', '家庭房（外景窗+金可兒床墊）:HK$491', '套房（外景窗+金可兒床墊）:HK$585']"
嘉泰賓館（張掖甘州市場鐘鼓樓店）,8.8,"['舒適雙床房（一次性馬桶墊+書桌休閑椅）:HK$279', '高級雙床房（一次性馬桶墊+大空間）:HK$295', '特大床·舒適零壓大床房（零壓床墊+一次性馬桶墊）:HK$295', '特大床·高級零壓大床房（高端零壓床墊+大空間）:HK$311']"
張掖尚景假日酒店（高鐵站店）,9.4,"['惠致雙床房:HK$437', '惠致大床房:HK$457', '印象尚景雙床房（全屋智能客控+高端床墊+睡到自然醒）:HK$477', '印象尚景大床房（全屋智能客控+高端床墊+智能馬桶+睡到自然醒）:HK$497', '棲遲尚景雙床房（全屋智能客控+高端床墊+睡到自然醒）:HK$517']"
張掖西遇國際酒店,8.9,"['豪華標準間:HK$491', '豪華大床房:HK$491', '商務大床房:HK$491', '商務標間:HK$492', '舒適親子間:HK$569']"
張掖賓館,9.4,"['豪華標準間B:HK$612', '豪華湖景標間B:HK$644', '豪華單間:HK$666', '豪華園景標間:HK$681', '豪華湖景單間:HK$699', '豪華園景單間:HK$757']"
隱山小築,9.6,"['隱山【春居】大床房:HK$293', '【祁連】小築特惠投影雙床房:HK$328', '【合黎】小築特色投影大床房:HK$328', '【焉支】小築豪華投影雙床房:HK$359']"
張掖鼎和國際大酒店,8.9,"['和悦·舒睡大床房:HK$351', '和悦·舒睡雙床房:HK$409', '和景·城景雙床房:HK$433', '和景·城景大床房:HK$433', '和韻·行政雙床房:HK$491']"
恆達麗景酒店（張掖西站店）,9.4,"['景觀精品雙床房:HK$437', '景觀精品大床房:HK$501', '麗景雪山觀景雙床房:HK$566', '麗景雪山觀景大床房:HK$630', '麗景景觀親子房:HK$759']"
張掖璞悅酒店（高鐵西站店）,9.5,"['豪華雅緻大床房:HK$765', '豪華雅緻雙床房:HK$765', '尊享行政大床:HK$996', '尊享行政雙床房:HK$996', '豪華雅緻三人房:HK$1,140']"
望山國際大酒店（張掖西站店）,9.6,"['望山·輕奢雙床房:HK$1,138', '望山·尊享大床房:HK$1,162', '望山·尊享親子房:HK$1,462', '望山·Loft親子房:HK$1,775', '望山·尊貴湖景套房:HK$1,869', '望山·海底小縱隊主題親子房:HK$2,160']"
絲路美華酒店（張掖市政府店）,9.6,"['温馨大床房（零壓深睡眠 靜音加濕器）:HK$276', '驚喜大床房（零壓深睡眠 靜音加濕器）:HK$276', '輕奢大床房（零壓深睡眠 靜音加濕器）:HK$299', '舒適大床房（零壓深睡眠+靜音加濕器）:HK$320']"
張掖絲路行者青年旅舍,9.7,"['普通間（公共衞浴）:HK$132', '標準間:HK$146', '大床房:HK$146', '標準三人間:HK$199']"
公航旅·祁連明珠酒店          （張掖西站張掖國家濕地公園店）,9.1,"['特惠雙床房:HK$471', '特惠大床房:HK$471', '豪華標準間:HK$595', '豪華大床房:HK$595', '丹霞主題標準間:HK$616']"
凱藝酒店（張掖西站店）,9.2,"['高級雙床房:HK$350', '高級大床房:HK$385', '豪華雙床房:HK$420', '豪華大床房:HK$455']"
如家精選酒店（張掖高鐵西站店）,9.6,"['商務大床房:HK$390', '雙床房:HK$399', '高級大床房:HK$416', '高級雙床房:HK$425']"
鑽石國際酒店（張掖高鐵西站店）,9.4,"['鑽石•簡約雙床房:HK$410', '鑽石•經典雙床房（盡享安眠）:HK$428', '鑽石•經典大床房（盡享安眠）:HK$437', '鑽石•雲逸雙床房（專享空氣清新）:HK$475', '鑽石•雲逸大床房（專享空氣清新）:HK$484']"
張掖都城假日酒店（甘州區高鐵西站店）,9.3,"['麗致雙床房:HK$389', '尊享麗致雙床房:HK$443', '馨享雅緻大床房:HK$466', '尊享商務大床房:HK$581', '尊享商務雙床房:HK$581']"
張掖天薇國際酒店（張掖高鐵西站店）,9.2,"['豪華家庭房:HK$389', '豪華單人間:HK$406', '豪華標間:HK$414', '商務標準間:HK$414', '豪華套房:HK$589']"
泓亭國際酒店（張掖西站鐘鼓樓店）,8.8,"['時光長廊尊享套間（乾濕分離衞浴+通透會客區）:HK$215', '都市特惠暢享房（靜音冰箱+乾濕分離衞浴空間）:HK$236', '雙倍舒適甄選房（元氣雙床+乾濕分離衞浴）:HK$258', '雲端舒適大床房（獨立空調+加濕休憩空間）:HK$258']"
張掖智選假日酒店,9.2,"['高級房雙床:HK$373', '高級房大床:HK$373', '高級房雙床城市景觀:HK$467', '高級房大床城市景觀:HK$467', '高級房親子小童主題:HK$561']"
海友酒店（張掖鐘鼓樓明清街店）,9.6,"['大床房（景觀窗+喜臨門床墊）:HK$311', '高級大床間（外景窗+喜臨門床墊）:HK$329', '雙床房（景觀窗+喜臨門床墊）:HK$368', '高級雙床房（外景窗+喜臨門床墊）:HK$396']"
漢庭酒店（張掖市政府店）,9.8,"['舒壓-高級大床房【商務辦公+舒適安睡+金可兒床墊】:HK$458', '舒壓-雙床房【金可兒床墊+加濕器+安靜舒適】:HK$528', '舒壓-家庭房【小童牙具拖鞋+加濕器+金可兒床墊】:HK$588']"
星程酒店（張掖西站區政府店）,9.5,"['雙床房（明亮層高+天然乳膠枕+金可兒床墊）:HK$364', '高級雙床房（明亮層高+尊享商務+金可兒床墊）:HK$420', '高級大床房（明亮層高+舒適睡眠+金可兒床墊）:HK$438', '高級複式套房（明亮層高+Loft+金可兒床墊）:HK$503']"
駿怡精選連鎖酒店（張掖高鐵西站店）,9.0,"['精選高級大床房:HK$229', '尊享大床房:HK$236', '精選高級雙床房:HK$242', '尊享雙床房:HK$249']"
建誠假日酒店（張掖收費站山臨高速出口店）,9.3,"['豪華智慧雙床房（全屋智能+充電停車+高檔布草）:HK$601', '豪華智慧大床房（全屋智能+充電停車+高檔布草）:HK$626', '臻享智慧雙床房（全屋智能+充電停車+高檔布草）:HK$677', '臻享智慧大床房（全屋智能+充電停車+高檔布草）:HK$703', '親子童趣智慧家庭套房（全屋智能+充電停車+高檔布草）:HK$882']"
公航旅·丹霞明珠酒店（張掖七彩丹霞景區店）,9.5,"['豪華雙床房:HK$1,274', '豪華大床房:HK$1,274', '無障礙房:HK$1,274', '豪華家庭房:HK$1,444', '明珠童趣親子房:HK$1,529']"
張掖綠洲假日酒店,9.3,"['假日心怡雙床房:HK$416', '假日心怡大床房:HK$416', '温馨零壓大床房（靜音加濕器+高端床墊）:HK$438', '温馨零壓雙床房（靜音加濕器+高端床墊）:HK$438', '和煦假日大床房（靜音加濕器+高端床墊）:HK$471']"
小辣椒酒店（張掖金座店）,9.1,"['商務單人間:HK$294', '標準雙人間:HK$294']"
張掖高鐵西站希爾頓歡朋酒店,9.7,"['舒適房-大床（舒達床墊+新風系統+智能客控）:HK$769', '高級房-大床（舒達床墊+新風系統+智能客控）:HK$885', '高級房-雙床（舒達床墊+新風系統+智能客控）:HK$904', '豪華房-大床（舒達床墊+新風系統+智能客控）:HK$934', '豪華親子房-大床（舒達床墊+新風系統+親子沙發床）:HK$952']"
張掖興元青年旅舍,9.3,"['大床房:HK$152', '標準間:HK$152']"
銘嘉樂國際酒店（張掖中學高鐵西站店）,9.3,"['智能豪華行政雙床房:HK$398', '智能豪華行政大床房:HK$433', '智能豪華觀景雙床房:HK$454', '智能豪華觀景大床房:HK$489', '智能温馨親子套房:HK$839']"
張掖嘉亨大酒店（市政府大佛寺店）,9.0,"['惠享智能雙床房（全屋智能）:HK$383', '惠享智能大床房（全屋智能）:HK$390', '悦享智能雙床房:HK$406', '悦享智能大床房:HK$422', '尊享智能大床房（全屋智能）:HK$680']"
