酒店名称,评分,房型价格列表
慶陽鉑美洲際酒店,9.8,"['奢享大床房:HK$437', '奢享雙床房:HK$459', '豪華景觀大床房:HK$503', '豪華靜謐大床房:HK$546', '温馨親子房:HK$580']"
華曼酒店（慶陽高鐵站店）,9.8,"['輕奢智能大床房-（全屋智能）:HK$258', '輕奢智能雙床房-（全屋智能）:HK$258', '豪華智能大床房-（全屋智能）:HK$267', '豪華智能雙床房-（全屋智能）:HK$267']"
慶陽宏瑞酒店,9.3,"['舒適大床房:HK$161', '舒適雙床房:HK$167', '豪華大床房:HK$195', '精緻婚房:HK$284']"
慶陽美侖麗致酒店（西峯區小什字商業街店）,9.0,"['優選豪華大床房（通透採光+超大温馨私人空間+獨立空調）:HK$240', '優選大床房（獨立空調+通透採光）:HK$250', '精選豪華超大雙床房（坐卧沙發+辦公桌椅+遮光窗簾）:HK$278', '悦享精緻雙床房（遮光窗簾+辦公桌椅+獨立空調）:HK$278']"
慶陽宏瑞雅居酒店（市政府高鐵站店）,9.5,"['凌空舒適大床房:HK$340', '凌空豪華雙床房:HK$359', '凌空豪華大床房:HK$365', '凌空景觀大床房:HK$383', '凌空景觀雙床房:HK$383']"
慶陽彩虹橋希爾頓歡朋酒店,9.5,"['舒適雙床房:HK$383', '舒適大床房:HK$383', '高級雙床房:HK$420', '高級大床房:HK$420', '豪華大床房:HK$479']"
維也納國際酒店（慶陽澳愷華府店）,9.5,"['標準大床房【小度智控+65寸電視可投屏+電動窗簾】:HK$307', '豪華大床房【乾濕分離+霧化玻璃+電視投屏+中央空調】:HK$325', '豪華雙床房【乾濕分離+霧化玻璃+電視投屏+中央空調】:HK$325', '臻禮大床房【舒適床墊+65寸電視可投屏+坐卧休閑沙發】:HK$344']"
慶陽鳳凰酒店,9.7,"['舒適大床房（東樓）:HK$263', '舒適標準間（東樓）:HK$273', '豪華大床房（東樓）:HK$308', '舒適大床房（西樓）:HK$344', '舒適標準間（西樓）:HK$357']"
維也納酒店（慶陽西峯區北大街店）,9.6,"['高級大床房（暗房外窗無光可通風+智能魔法客控+miniBar）:HK$231', '豪華雙床房【智能大化粧鏡+電動窗簾開合自在+坐卧休閑沙發】:HK$247', '豪華大床房【超通透採光+智能私隱衞士霧化玻璃+中央空調】:HK$247', '商務大床房【科技賦能住宿+大金剛小度掌控全局+暢意聊天】:HK$264']"
悦朋美豪酒店（慶陽高鐵站市政府店）,9.7,"['悦享智能雙床房（智能客控+乾濕分離+55寸電視可投屏）:HK$206', '悦享智能大床房（智能客控+乾濕分離+休閑座椅）:HK$220', '悦雅智能雙床房（智能客控+零壓酣睡床墊+休閑沙發）:HK$231', '悦雅智能大床房（智能客控+零壓酣睡床墊+休閑沙發）:HK$246']"
北辰裏酒店（慶陽市政府店）,9.7,"['悦享智能大床房 [零壓舒眠床墊·助眠記憶枕]:HK$360', '悦享智能雙床房 [零壓舒眠床墊·助眠記憶枕]:HK$360', '奢享智能大床房-[高奢零壓舒眠雲端床墊·如睡雲端Max親膚布草·夢百合深睡記憶枕·地標夜景]:HK$395', '奢享智能雙床房 -[高奢零壓舒眠雲端床墊·如睡雲端Max親膚布草·夢百合深睡記憶枕·地標夜景]:HK$395', '無邊界大床房-[高奢零壓舒眠雲端床墊·如睡雲端Max親膚布草·夢百合深睡記憶枕·地標夜景]:HK$423']"
慶陽陽光雄越大酒店（市政府東方麗晶茂店）,9.4,"['臻至大床房:HK$310', '臻至標準間:HK$310', '精緻商務房:HK$387', '豪華大床房:HK$387', '豪華標準間:HK$387']"
慶陽香榭麗舍大酒店,9.6,"['香榭智能舒適雙床房:HK$297', '香榭智能舒適大床房:HK$299', '香榭智能輕奢雙床房:HK$327', '香榭智能輕奢大床房:HK$348', '香榭智能豪華大床房:HK$399']"
金鉑麗酒店（慶陽高鐵站店）,8.9,"['舒適大床房:HK$208', '豪華歐式大床房:HK$237', '豪華中式大床房:HK$237', '豪華歐式雙床房:HK$237']"
全季酒店（慶陽惠風尚院店）,9.7,"['大床房【電視投屏+智能馬桶】:HK$336', '高級大床房【電視投屏+智能馬桶】:HK$364', '雙床房【電視投屏+智能馬桶】:HK$364', '商務大床房 【電視投屏+智能馬桶】:HK$373']"
慶陽美侖酒店,9.1,"['普通標準間:HK$200', '豪華標準間:HK$235', '豪華大床房:HK$235', '豪華商務大床房:HK$270']"
慶陽賓館,9.0,"['南樓標準間:HK$201', '南樓大床間:HK$207', '南樓套間:HK$361', '西樓大床間:HK$375', '西樓標準間:HK$415']"
安珀酒店（慶陽高鐵站萬輝國際廣場店）,9.5,"['雙床房（全屋智能+獨立空調+乾濕分離+電視投屏）:HK$191', '大床房（全屋智能+獨立空調+暖氣供應）:HK$191', '尊貴大床房（全屋智能+獨立空調+電視投屏+暖氣供應）:HK$226', '高級大床房（全屋智能+獨立空調+貴妃沙發+電視投屏）:HK$261']"
慶陽鳳凰塬舍酒店,9.8,"['聽風·舒適大床房:HK$348', '聽風·温馨雙床房:HK$348', '塬舍特價房:HK$375', '閲山·舒適大床房:HK$647']"
漢庭酒店（慶陽東方麗晶茂店）,9.6,"['大床房（電視投屏+品牌床墊）:HK$362', '高級雙床房（電視投屏+品牌床墊）:HK$382', '高級大床房（電視投屏+品牌床墊）:HK$403']"
慶陽海貝尼斯酒店（皇朝店）,9.6,"['舒適雙床房（全屋智能）:HK$277', '舒適大床房（全屋智能）:HK$282', '豪華大床房（全屋智能）:HK$320', '豪華雙床房（全屋智能）:HK$326', '城市景觀房（全屋智能）:HK$436']"
慶陽森悦智慧酒店（萬輝國際廣場店）,9.6,"['特惠標準間:HK$217', '優選雙床房:HK$228', '豪華標準間:HK$242', '智慧大床房:HK$244']"
如家酒店·neo（慶陽市政府高鐵站店）,9.5,"['商務大床房【品牌床墊+全屋智能】:HK$188', '高級大床房【品牌床墊+全屋智能】:HK$205', '雙床房【品牌床墊+全屋智能】:HK$205', '安心睡大床房【0壓床墊+全屋智能】:HK$231']"
慶陽束雅民宿,9.5,['豪華大床房:HK$184']
瑞洋民宿,8.0,"['優選大床房:HK$112', '優選雙床房:HK$112', '彩虹大床房:HK$112', '彩虹雙床房:HK$112']"
魔王·木葉電競酒店,9.6,"['標準雙床房（加速器l特權萬兆狗2冰箱公區洗衣房）:HK$217', '温馨大床房[所有房間電競椅.電競沙發雙配置]:HK$228', '商務雙大床大床房（ms機械臂.5060.2k260hz.14490.32g）:HK$239', '三人房[ms機械臂.2k260hz.5060Ti.14490.32g]:HK$282']"
慶陽威尼斯國際大酒店,9.2,"['特惠大床房-（電動窗簾）:HK$187', '精美大床房-（電動窗簾）:HK$199', '豪華標準間-（電動窗簾）:HK$222', '豪華大床房-（電動窗簾）:HK$238']"
慶陽鑽石伯爵精品酒店（市人民醫院店）,8.2,"['商務標準間:HK$155', '商務單人間:HK$162', '主題房:HK$162', '歐式標間:HK$169']"
宜尚酒店（慶陽小什字解放東路店）,9.6,"['ECHARM|高級大床房（高清投屏+全景明窗+宜馨特大床）:HK$237', 'ECHARM|豪華大床房（貴妃躺椅+分區私謐+宜享minibar）:HK$263', 'ECHARM|高級雙床房（高清投屏+通透採光+宜享minibar）:HK$266', 'ECHARM|豪華雙床房（貴妃躺椅+HiFi音響+宜享minibar）:HK$290']"
海貝尼斯酒店（九龍路店）,9.4,"['智選大床房:HK$206', '智選雙床房:HK$206', '智雅大床房:HK$228', '智雅雙床房:HK$228']"
桐閣湘賓館（慶陽小什字店）,9.4,"['特惠房:HK$108', '舒適大床房:HK$131', '舒適標間雙人房:HK$138', '豪華標間雙人房:HK$149']"
影流電競公寓（小十字錦綉東方店）,9.0,"['電競投影大床房:HK$196', '電競高配雙人間:HK$196', '尊享電競大床影院:HK$218', '輕奢高配電競大床影院房:HK$219']"
海貝尼斯酒店（慶陽小什字店）,9.1,"['優享大床:HK$151', '優選大床房:HK$184', '精緻大床房:HK$206', '特惠雙床房:HK$206']"
星程酒店（慶陽市政務中心店）,9.9,"['高級雙床房（落地大窗+智能客控）:HK$312', '大床房（落地窗+智能客控）:HK$341', '高級大床房（落地大窗+智能客控）:HK$352', '家庭房（落地大窗+智能客控）:HK$362']"
旅途賓館,6.7,"['舒適大床房:HK$90', '標準雙人間:HK$100', '温馨家庭房:HK$100', '標準三人間:HK$111']"
正寧納蘭迪酒店,9.4,"['特惠大床房:HK$196', '雅緻大床房:HK$217', '雅緻雙床房:HK$224', '豪華大床房:HK$233', '豪華雙床房:HK$248']"
正寧國際酒店,9.3,"['高級雙床房:HK$220', '高級大床房:HK$221', '行政大床房:HK$275', '行政雙床房:HK$275', '特惠大床房:HK$280']"
鎮原四季美納酒店,9.5,"['舒適雙床房:HK$254', '高級雙床房:HK$255', '高級大床房:HK$269']"
環縣鉑悦酒店,8.7,"['特價雙床房:HK$163', '舒適雙床房:HK$195', '舒適大床房:HK$195', '城市觀景大床房:HK$204']"
鎮原賓館,9.2,"['標間:HK$139', '豪華標間:HK$274', '豪華單間:HK$274', '親子房:HK$366']"
慶城義順園國際酒店,9.4,"['精緻雙床房:HK$217', '精緻大床房:HK$260', '商務標間:HK$282', '商務大床房:HK$282', '豪華大床房:HK$315']"
合水波斯頓酒店,8.4,"['雅緻標準間:HK$228', '豪華標準間:HK$260', '智能雅緻大床房:HK$260', '智能豪華大床房:HK$282']"
合水嘉泰賓館,8.6,['三人間:HK$239']
鎮原冠品酒店,9.3,"['舒適大床房:HK$193', '舒適雙床房:HK$193', '豪華大床房:HK$231', '豪華雙床房:HK$231']"
豪泰酒店,9.2,"['特價雙床房（公共衞生間）（無法洗浴）:HK$100', '經濟房:HK$147', '標準雙床房:HK$156', '標準大床房:HK$175']"
禧都大廈賓館,8.6,"['標準單人間:HK$119', '標準雙人間:HK$147', '商務單間:HK$157', '豪華單間:HK$176']"
習苑賓館,7.0,"['標準雙人間:HK$110', '豪華雙床間:HK$119', '豪華大床房:HK$119', '商務套房:HK$221']"
格森商務酒店,8.8,"['特價大床房:HK$130', '舒適大床房:HK$130', '特價標間:HK$146', '舒適標準間:HK$151']"
環縣翼龍大酒店,8.0,"['標準間:HK$228', '豪華標準間:HK$263', '大床房:HK$263', '豪華大床房:HK$271']"
鎮原聖凱商務賓館,8.0,"['標準間:HK$140', '大床房:HK$151', '温馨主題圓床房:HK$184', '商務套房:HK$206']"
