酒店名称,评分,房型价格列表
揭陽舒宸酒店（進賢門店）,9.5,"['特價大床房:HK$325', '特價雙床房:HK$325', '商務大床房|全屋智能|:HK$346', '商務雙床房|全屋智能|:HK$379', '豪華大床房|智能小度+智能化粧鏡|:HK$401']"
全季酒店（揭陽潮汕國際機場店）,9.8,"['大床房:HK$351', '高級大床房:HK$370', '商務大床房:HK$410', '商務雙床房:HK$468']"
揭陽榕城揭陽樓亞朵酒店,9.6,"['雅緻大床房:HK$385', '高級大床房:HK$412', '行政大床房:HK$475', '行政雙床房:HK$502', '幾木江景大床房:HK$511']"
凱里亞德酒店（揭東人民廣場店）,9.4,"['樂享陽光大床房:HK$271', '優享智能大床房:HK$288', '榮享智能大床房:HK$305', '優享智能雙床房:HK$305']"
桔子酒店（揭陽古城進賢門店）,9.5,"['高級大床房:HK$340', '豪華大床房:HK$359', '豪華雙床房:HK$369', '雙床套房:HK$406']"
全季酒店（揭陽大道店）,9.6,"['高級大床房:HK$362', '商務大床房:HK$391', '高級雙床房:HK$441', '商務雙床房:HK$462', '套房:HK$623']"
鉑宸麗致酒店（揭陽潮汕機場店）,9.5,"['商務出差大床房:HK$180', '靜享智能精選影院大床房:HK$188', '雲端智能景觀大床房:HK$196', '巨幕休閑影院大床房:HK$212']"
維也納酒店（揭陽潮汕客運大樓店）,9.6,"['高級大床房:HK$248', '高級雙床房:HK$248', '豪華大床房:HK$272', '豪華雙床房:HK$289']"
維也納國際酒店（揭陽人民大道店）,9.5,"['高級大床房:HK$261', '豪華雙床房:HK$268', '豪華大床房:HK$285', '豪華套房:HK$299']"
揭陽高鐵站希爾頓歡朋酒店,9.5,"['舒適大床房:HK$352', '高級雙床房:HK$374', '高級大床房:HK$374', '豪華雙床房:HK$411', '豪華大床房:HK$411']"
桔子酒店（揭陽大道店）,9.5,"['高級大床房:HK$359', '商務大床房:HK$387', '豪華大床房:HK$416', '高級雙床房:HK$444']"
揭陽榕江大酒店,9.2,"['裙樓高級大床房:HK$387', '裙樓豪華雙床房:HK$416', '裙樓豪華大床房:HK$416', '主樓高級大床房:HK$452', '主樓高級雙床房:HK$453', '主樓豪華雙床房:HK$483']"
維也納國際酒店（揭陽陽美玉都店）,9.6,"['高級雙床房:HK$244', '高級大床房:HK$254', '豪華雙床房:HK$276', '豪華大床房:HK$286']"
亦可棲宿酒店（揭陽進賢門大道中駿世界城店）,9.5,"['悦享大床房（投影儀+手機投屏+乾濕分離）:HK$142', '悦享豪華大床房（投影儀+手機投屏+酒店公區提供洗衣機）:HK$167', '璀璨星空大床房（投影儀+手機投屏+酒店公區提供洗衣機）:HK$171', '浪漫榻榻米投影房（投影儀+手機投屏+酒店公區提供洗衣機）:HK$173']"
鉑頓國際公寓（揭陽喬南玉都店）,9.3,"['城景大床房（俯瞰城景+全棉床品+功夫茶具）:HK$219', '城景雙床房（高空城景+全棉床品+功夫茶具）:HK$227', '豪華雙床房（俯瞰景觀+乾濕分離+功夫茶具）:HK$260', '零壓大床房（夢百合床墊+深睡枕頭+功夫茶具）:HK$261']"
軒輊國際酒店（揭陽潮汕機場店）,9.0,"['特惠精品大床房:HK$125', '臻品高級大床房:HK$141', '智享雅緻豪華大床房:HK$152', '臻品高級雙床房:HK$163']"
全季酒店（揭陽建陽路店）,9.6,"['高級大床房:HK$357', '商務大床房:HK$376', '豪華大床房:HK$396', '商務雙床房:HK$451', '家庭房:HK$499']"
巢院民宿,9.3,"['趣味丨園景大床房5號房:HK$153', '全如丨園景大床房7號:HK$163', '勝杯丨園景大床房6號房:HK$174', '尚雅丨複式家庭房1號:HK$228']"
麗楓酒店（揭陽榕城淡浦店）,9.7,"['雅緻大床房:HK$248', '豪華大床房:HK$289', '豪華雙床房:HK$289', '商務大床房:HK$312']"
麗楓酒店（揭陽榕城區建設大道店）,9.4,"['雅緻大床房（智能客控+慕斯床墊+電視投屏）:HK$207', '豪華大床房（智能客控+慕斯床墊+電視投屏）:HK$228', '商務大床房（智能客控+慕斯床墊+電視投屏）:HK$236', '商務雙床房（智能客控+慕斯床墊+電視投屏）:HK$244']"
嘉虹酒店（揭陽潮汕國際機場店）,9.3,"['高級大床房:HK$321', '高級雙床房:HK$321', '商務艙大床房:HK$341', '商務艙雙床房:HK$341']"
東湖大酒店（揭陽榕城區東湖公園店）,8.9,"['豪華雙床房:HK$381', '豪華大床房:HK$381', '湖景大床房:HK$449', '湖景雙床房:HK$449', 'C棟致尊大床房:HK$461']"
天鵬酒店（揭陽潮汕機場店）,8.8,"['標準雙床房:HK$225', '標準大床房:HK$225', '豪華大床房（新）:HK$288', '豪華雙床房（新）:HK$288']"
揭陽維多麗亞假日商務酒店（廣百廣場實驗中學店）,9.3,"['精緻雙床房（別苑+舒適安靜+乳膠床墊）:HK$213', '精緻大床房（別苑+舒適安靜+乳膠床墊）:HK$213', '智能聲控麗亞雙床房（智能小度+智能投屏+冷暖空調+乳膠床墊）:HK$228', '智能聲控麗亞大床房（智能小度+智能投屏+語音控制+乳膠床墊）:HK$228']"
凱里亞德酒店（揭陽榕城店）,9.6,"['輕享大床房:HK$256', '優享大床房:HK$281', '優享雙床房:HK$298', '榮享景觀套房:HK$381']"
麗楓酒店（揭陽潮汕機場店）,9.4,"['豪華大床房:HK$238', '商務大床房:HK$245', '豪華雙床房:HK$252', '商務雙床房:HK$266']"
希際滙酒店（揭陽潮汕機場店）,9.2,"['高級大床房:HK$163', '智滙大床房:HK$175', '智能大床房:HK$186', '智滙雙床房:HK$191']"
潮汕·歡朋酒店（揭陽潮汕機場店）,9.3,"['一生一世•婚房:HK$961', '十全十美•婚房:HK$1,282']"
維也納酒店（揭陽淡浦路店）,9.3,"['標準單人房（無窗）:HK$242', '高級雙床房:HK$251', '豪華大床房:HK$269', '豪華雙床房:HK$269']"
錦江之星酒店（揭東人民廣場店）,10.0,"['星悦標準大床房:HK$166', '星悦豪華大床房:HK$190', '星選標準雙床房:HK$190', '星選豪華雙床房:HK$206']"
維也納酒店（揭陽榕城萬達廣場店）,9.4,"['豪華大床房-安心休憩+舒適深眠:HK$200', '豪華雙床房-安心四件套+全棉布草:HK$200', '商務雙床房-超大會客面積+商務辦公:HK$220', '商務大床房-安靜睡眠+酒店公區提供洗衣機:HK$220']"
轉角城市酒店（揭陽潮汕國際機場店）,9.3,"['轉角城市.優品大床房【親膚純棉四件套+雙重隔音+安心睡眠】:HK$119', '轉角城市.陽光舒心大床房【親膚純棉四件套+雙重隔音+安心睡眠】:HK$136', '轉角城市.舒心標準雙床房【親膚純棉四件套+零壓床墊+安心睡眠】:HK$143', '轉角城市.品尚景觀大床房【親膚純棉四件套+超大空間+雙重隔音+安心睡眠】:HK$143']"
麗楓酒店（揭陽榕城揭陽樓店）,9.5,"['雅緻大床房:HK$279', '標準大床房:HK$296', '豪華大床房:HK$364', '豪華雙床房:HK$381']"
遇見拾光酒店,9.0,"['拾光丨遇見大床房【零壓床墊+100寸巨幕高清投影】:HK$158', '遇見I温馨大床房【零壓床墊+精緻睡眠+4K巨幕投影】:HK$158', '遇見I温馨雙床房【零壓床墊+安靜睡眠+4K巨幕投影】:HK$172', '遇見|幽靜大床房【全屋智能控制+乳膠床墊頭枕】:HK$179']"
楓江優選酒店（揭陽人民大道店）,9.5,"['智慧優選丨輕享大床房:HK$167', '智慧優選I 雙床房:HK$174', '智慧優選丨高級大床房[獨立滾筒洗衣機|城市街景+舒適明亮]:HK$182', '智慧優選I 榻榻米房:HK$190']"
揭陽萬豪酒店,9.3,"['豪華城景大床房:HK$751', '豪華城景雙床房:HK$815', '豪華江景大床房:HK$879', '豪華江景雙床房:HK$942', '行政大床房:HK$1,083', '豪華廣角江景大床房:HK$1,134']"
悦季酒店（揭陽陽美玉都店）,9.5,"['悦品大床房:HK$242', '悦品雙床房:HK$297', '悦致大床房:HK$344', '悦致雙床房:HK$360']"
揭陽巢滙酒店（仁義路店）,9.3,"['巢享智能大床房:HK$223', '巢享智能雙床房:HK$229', '巢享投影智能大床房:HK$229', '巢享投影智能雙床房:HK$235']"
柏漫歡朋酒店（揭陽陽美玉都店）,9.0,"['緬甸温婉大床房:HK$125', '美朋籃田大床房:HK$131', '喬西·查羅大床房:HK$141', '歡朋黃玉雙床房:HK$155']"
麗楓酒店（揭陽喬南陽美玉都店）,9.6,"['豪華大床房:HK$284', '景觀大床房:HK$293', '豪華雙床房:HK$301', '花園景觀大床:HK$308']"
拾憶酒店（揭陽陽美玉都店）,9.6,"['雅憶影視大床房:HK$135', '雅顏智能影視大床房:HK$164', '靜逸雙床房:HK$182', '温馨家庭親子房:HK$191']"
新一方酒店（揭陽進賢門店）,8.9,"['靜逸大床房:HK$154', '尊享智能大床房:HK$170', '尊享智能雙床房:HK$176']"
雲朵酒店（揭陽潮汕國際機場店）,9.3,"['特惠大床房（親膚布草+舒爽大床+助眠床墊）:HK$98', '豪華大床房（靜心治癒+超大空間+助眠床墊）:HK$107', '城景大床房（暢享夜景+窗台茶居+助眠床墊）:HK$120', '標準雙床房（麗致雅居+休閑放鬆+助眠床墊）:HK$128']"
維也納國際酒店（揭陽樓店）,8.7,"['標準大床房:HK$209', '豪華大床房:HK$247', '豪華雙床房:HK$247', '商務大床房:HK$271']"
維也納國際酒店（揭陽潮汕機場店）,9.6,"['高級大床房:HK$214', '豪華大床房:HK$231', '豪華雙床房:HK$231', '商務套房:HK$342']"
沐光·致雅美宿（揭東人民廣場店）,9.6,"['致雅特惠大床房:HK$118', '致雅豪華大床房:HK$150', '致雅舒適雙床房:HK$155', '致雅影音浴缸大床房:HK$171']"
潮·如一酒店（揭陽天虹購物中心店）,9.3,"['落日丨影視大床房[超清巨幕+智能馬桶+乾濕分離]:HK$141', '清風丨榻榻大床房[超清巨幕+智能馬桶+觀景視野]:HK$151', '如一丨臻選雙床房[超清巨幕+智能馬桶+採光明亮]:HK$161', '沐光丨智能大床房[智能客控+智能馬桶+巨幕觀影]:HK$181']"
商之都酒店（揭陽陽美玉都店）,9.3,"['尊享大床房:HK$221', '尊享雙床房:HK$227', '豪華大床房:HK$245', '現代尊雅大床房:HK$246']"
揭陽6+1酒店（潮汕機場店）,9.2,"['維度大床房:HK$87', '精品大床房:HK$93', '觀景大床房:HK$100', '標準雙床房:HK$125']"
凱利雅德國際公寓（揭陽榕城馬牙路店）,9.4,"['優美豪華大床房（酒店公區提供自助洗衣機+冷暖空調）:HK$132', '全景輕奢大床房（酒店公區提供自助洗衣機+冷暖空調）:HK$140', '臻品靜享茶藝房（舒適採光+全身穿衣鏡+茶居）:HK$163', '巨幕全景影音房（私人影院+巨屏投影）+單人沙發:HK$184']"
