酒店名称,评分,房型价格列表
撫州文昌裏儀廬民宿,9.2,"['商務標準間:HK$217', '豪華大床房:HK$247', '麻將標間:HK$247', 'Loft房:HK$292']"
贛東賓館（撫州長運汽車總站店）,9.1,"['特惠單人間:HK$145', '雲享高層雙床房:HK$211', '雲享高層大床房:HK$225', '暢享影音雙床房:HK$233', '暢享影音大床房:HK$242']"
撫州鑲玉樓酒店（臨川區南昌大學店）,9.3,"['輕享雅緻大床房（小度智能語音）:HK$172', '輕享雅緻雙床房（小度智能語音）:HK$172', '尊享豪華大床房（小度智能語音）:HK$183', '尊享豪華雙床房（小度智能語音）:HK$183']"
希岸酒店（撫州南門路金巢實驗學校店）,9.5,"['希岸豪華雙床房（品牌床墊+超大空間）:HK$226', '希岸純凈大床房（品牌床墊+温馨舒適）:HK$235', '希岸商務雙床房（品牌床墊+超大空間）:HK$244', '顏值Lab（品牌床墊+温馨舒適）:HK$244']"
花之韻酒店（撫州萬達廣場店）,9.5,"['標準雙床房（乳膠床墊+舒適睡眠）:HK$190', '行政單間（記憶棉床墊+舒適睡眠）:HK$218', '棋牌娛樂房（乳膠床墊+舒適睡眠）:HK$245', '輕奢大床房（零壓床墊+蕎麥枕頭）:HK$256']"
格萊登連鎖酒店（撫州東華理工大學南區店）,9.4,"['零壓舒享大床房（零壓枕頭床墊+智能烘乾洗衣機+熟睡遮光窗簾）:HK$151', '甄選高級大床房（超柔親膚布草+實木隔音門+靜謐空間）:HK$162', '零壓舒享雙床房（零壓枕頭床墊+智能烘乾洗衣機+熟睡遮光窗簾）:HK$162', '零壓暢享大床房（零壓枕頭床墊+雙層隔音靜謐+温馨舒適）:HK$173']"
季楓智享酒店（撫州萬達廣場店）,9.3,"['雅緻大床房:HK$211', '雅緻雙床房:HK$211', '豪華大床房:HK$221', '豪華雙床房:HK$221']"
蔓蘭凱瑞酒店（撫州東站店）,9.5,"['高級雙床房（1號樓）:HK$310', '高級雙床房（2號樓）:HK$310', '高級大床房（1號樓）:HK$315', '高級大床房（2號樓）:HK$315', '豪華大床房（1號樓）:HK$329']"
麗楓酒店（撫州高鐵站銅鑼灣店）,9.4,"['特惠大床房（慕思床墊&空氣凈化器&音樂淋浴）:HK$205', '豪華大床房:HK$223', '豪華雙床房（慕思床墊&空氣凈化器&音樂淋浴）:HK$232', '商務大床房（慕思床墊&空氣凈化器&音樂淋浴）:HK$232']"
撫州永生璞琚酒店（大潤發第二人民醫院店）,8.6,"['安靜舒適雙床房【美式加厚床墊+寬敞明亮】:HK$134', '現代時尚雙床房【人體工程學座椅】:HK$150', '愜意空間大床房:HK$160', '璞居概念套房【真皮沙發】:HK$240']"
王府酒店（撫州東華理工大學店）,9.5,"['高級雙床房:HK$190', '高級大床房:HK$190', '雙床房:HK$192', '豪華大床房:HK$250']"
花之韻酒店（撫州一中店）,9.3,"['行政單人房（智能客控+舒適睡眠）:HK$176', '高級雙床房（記憶棉床墊+舒適睡眠）:HK$188', '高級大床房（記憶棉床墊+舒適睡眠）:HK$188', '休閑麻將大床房:HK$188']"
維也納酒店（撫州財富廣場市政中心店）,9.4,"['標準雙床房:HK$213', '標準大床房:HK$213', '影音雙床房:HK$242', '豪華大床房:HK$253']"
撫州鑽石廣場亞朵酒店,9.5,"['高級雙床房（裸麪床品+慢回彈記憶枕+手機投屏）:HK$352', '高級大床房（裸麪床品+慢回彈記憶枕+手機投屏）:HK$352', '行政雙床房（小吧枱+慢回彈記憶枕+手機投屏）:HK$382', '行政大床房（小吧枱+慢回彈記憶枕+手機投屏）:HK$382', '幾木城景大床房（小吧枱+深睡記憶枕+手機投屏）:HK$462']"
維也納酒店（撫州臨川大道萬象新城店）,8.8,"['大床房:HK$144', '高級大床房:HK$155', '高級雙人間:HK$155', '豪華大床房:HK$176']"
撫州保利華章希爾頓逸林酒店,9.2,"['無障礙房:HK$433', '逸林大床房:HK$433', '逸林雙床房:HK$433', '豪華逸林大床房:HK$497', '豪華逸林雙床房:HK$497', '行政大床房:HK$552']"
撫州海若清遠樓酒店,9.5,"['智慧舒適雙床房（全屋智能音控+功夫茶具）:HK$275', '智慧舒適大床房（全屋智能音控+功夫茶具）:HK$284', '智慧商務大床房（全屋智能音控+功夫茶具）:HK$309', '智慧商務套房（全屋智能音控+浴缸）:HK$435', 'B.duck小黃鴨（基礎版）親子套房:HK$474']"
夢湖商務酒店（撫州臨川大道夢湖景區店）,8.6,"['特價單間:HK$107', '景觀標間:HK$120', '大單間:HK$132', '湖景標間:HK$145']"
撫州仙蓋山温德姆至尊豪廷大酒店,8.9,"['園景大床房:HK$305', '園景雙床房:HK$305', '豪華大床房:HK$332', '萌趣親子雙床房:HK$425', '遨遊太空親子雙床房:HK$425']"
翡翠洲際酒店（撫州財富廣場店）,8.9,"['高級大床房:HK$276', '高級雙人房:HK$276', '舒適無煙大床房:HK$326', '舒適無煙雙床房:HK$326', '影音智能大床房:HK$332']"
撫州文昌裏尋夢•昌里民宿,9.4,"['南柯·大床房:HK$532', '紫釵·雙床房（帶茶几）:HK$532', '邯鄲·複式親子房:HK$655', '牡丹亭·一室一廳套房（帶浴缸+沙發）:HK$780']"
撫州君悦皇冠國際酒店,9.2,"['高級雙床房:HK$205', '高級大床房:HK$222', '豪華大床房:HK$257', '行政大床房:HK$267']"
尚客優酒店（撫州文昌裏萬象城店）,9.4,"['高級大床房:HK$120', '高級雙床房:HK$127', '豪華大床房:HK$134', '麻將大床房:HK$138']"
Xhotel青綿酒店（撫州臨川東華理工大學店）,9.1,"['絲綿雅緻高級雙床房（雲感床墊+公區自助洗衣房）:HK$114', '絲綿雅緻高級大床房（雲感床墊+酒店公區提供自助洗衣機）:HK$114', '輕綿雅居大床房（雲感床墊+酒店公區提供自助洗衣機）:HK$120', '槓上開棋牌雙床房（雲感床墊+酒店公區提供自助洗衣機）:HK$130']"
撫州鳳凰世紀名都大酒店,9.3,"['豪華大床房:HK$362', '豪華雙床房:HK$372', '豪華套房:HK$1,188', '鳳凰套房:HK$3,373', '總統套房:HK$8,398']"
撫州壹品電競酒店（華宏萬象新城店）,9.6,"['情侶閨蜜雙人電競大床房〔雲感床墊+32G運行內存+遊戲特權〕:HK$156', '甄選單人電競大床房〔雲感床墊+卓威顯示器+羅技鼠標〕:HK$156', '暢享雙人電競棋牌房〔機械臂+遊戲特權+雲感床墊〕:HK$177', '暢享三人電競棋牌房〔雲感床墊+歡樂競技+羅技鼠標〕:HK$205']"
撫州軍峯大酒店,8.5,"['普通標間:HK$131', '單間:HK$131', '麻將房:HK$144', '豪華標準房:HK$197']"
維也納國際酒店（撫州臨川上頓渡店）,9.6,"['標準大床房:HK$206', '豪華大床房:HK$247', '豪華雙床房:HK$256', '江景大床房:HK$266']"
寓約電競酒店（撫州高鐵站華美立家建材居廣場店）,10.0,"['輕奢電競大床房[加速器+影視會員+Steam特權]:HK$250', '輕奢電競雙床房[加速器+影視會員+Steam特權]:HK$250', '豪華電競大床房[4060TI+加速器+影視會員+Steam特權]:HK$272', '豪華電競雙床套房[3060+加速器+影視會員+Steam特權]:HK$371']"
撫州榮譽國際酒店,9.3,"['特惠雙床房:HK$304', '特惠大床房:HK$304', '高級雙床房:HK$410', '高級大床房:HK$410', '豪華雙床房:HK$448', '豪華大床房:HK$448']"
撫州海賓酒店（夢湖東路店）,9.3,"['精緻丨高級大床房:HK$193', '精緻丨高級雙床房:HK$208', '豪華丨棋牌大床房:HK$208', '城景丨豪華雙人套房:HK$276']"
撫州臨川麗呈酒店,9.3,"['商務大床房:HK$249', '豪華大床房:HK$261', '豪華雙床房:HK$261', '豪華景觀大床房:HK$283', '豪華景觀雙床房:HK$283']"
怡尚酒店（撫州東站東信百貨店）,9.4,"['舒適·Good Dream大床房丨光線明亮丨安靜舒適:HK$193', '舒適·Good Dream雙床房丨光線明亮丨安靜舒適:HK$193', '商務·Good Dream大床房丨光線明亮丨寬敞舒適:HK$221', '商務·Good Dream雙床房丨光線明亮丨安靜寬敞:HK$221']"
尚客優悅酒店（三盛中央公園碩果時代店）,9.4,"['特惠大床房【零壓床墊.智能客控】:HK$156', '智能大床房【零壓床墊.智能客控】:HK$162', '優悦榻榻米大床房【零壓床墊.智能客控】:HK$170', '優悦智能大床房【零壓床墊.智能客控】:HK$187']"
城市便捷酒店（撫州文昌裏撫州一中店）,9.0,"['特惠大床房:HK$126', '特惠雙床房:HK$126', '高級大床房:HK$133', '豪華大床房:HK$140']"
全季酒店（撫州財富廣場店）,9.6,"['高級大床房（65寸大屏可投屏電視+金可兒床墊）:HK$261', '高級雙床房（65寸大屏電視可投屏+金可兒床墊）:HK$261', '商務大床房（65寸大屏液晶電視可投屏+金可兒床墊）:HK$280', '高級特大床房（65寸大屏液晶電視可投屏+金可兒床墊）:HK$298']"
麗楓酒店（撫州萬達店）,9.6,"['豪華雙床房:HK$307', '豪華影音雙床房:HK$339', '豪華影音大床房:HK$339', '浪漫尊享房:HK$422']"
撫州雅居民宿,9.9,"['未來城標準大床房:HK$176', '豪華大床房7:HK$177', '精裝大床房22:HK$177', '精緻大床房6:HK$177']"
希岸酒店（撫州東鄉高鐵站）,9.7,"['玲瓏大床房:HK$179', '希岸高級大床房:HK$202', '希岸豪華大床房:HK$218', '希岸豪華雙床房:HK$218']"
尚客優酒店（撫州碩果時代店）,9.1,"['標準大床房:HK$183', '豪華雙床房:HK$195', '豪華大床房:HK$206', '休閑麻將大床房:HK$239']"
撫州雲季酒店,9.5,"['高級大床房:HK$255', '高級雙床房:HK$255', '豪華大床房:HK$268', '豪華雙床房:HK$268', '麻將大床房:HK$332']"
星辰酒店（撫州東站店）,9.1,['一室一廳雅緻套房（配置麻將桌+獨立卧房）:HK$275']
璞悦酒店（撫州東鄉高鐵站店）,9.4,"['特惠雙床房【公區設有洗衣房·品質源木】:HK$109', '特惠大床房【公區設有洗衣房·品質源木】:HK$111', '雅悦大床房:HK$127', '雅悦雙床房:HK$130']"
麗楓酒店（撫州高鐵站華美立家店）,9.2,"['豪華大床房（音樂淋浴&薰衣草主題&智能客控）:HK$210', '豪華雙床房（音樂淋浴&薰衣草主題&智能客控）:HK$227', '景觀大床房（俯瞰城市夜景&休閑沙發&音樂淋浴）:HK$245', '景觀雙床房（俯瞰城市夜景&音樂淋浴）:HK$280']"
如家素柏·雲酒店（撫州市南昌大學紅星美凱龍店）,9.2,"['標準商務房+高級乳膠床墊:HK$120', '標準大床房＋高級乳膠床墊:HK$124', '標準雙床房+高級乳膠床墊:HK$125', '高級大床房+高級乳膠床墊:HK$152']"
開蔓國際酒店（撫州東鄉火車站店）,9.4,"['特價大床房（小度智能客控）:HK$105', '高級大床房（小度智能客控）:HK$136', '商務大床房（小度智能客控）:HK$159', '商務雙床房（小度智能客控）:HK$159']"
越家酒店（撫州夢湖景區店）,8.4,"['悦享丨高級大床房:HK$136', '悦享丨高級雙床房:HK$144', '悦趣丨麻將大床房:HK$152', '悦奢丨尊享湖景大床房:HK$187']"
格林豪泰酒店（撫州臨川一中智選店）,9.1,"['商務大床房:HK$164', '商務雙床房:HK$172', '雙床房（附屬樓）:HK$185', '高級大床房棋牌:HK$209']"
撫州龍之夢大酒店（東華理工大學店）,9.0,"['特惠大床房（酒店提供洗衣房）:HK$99', '商務大床房（酒店提供洗衣房）:HK$110', '商務雙床房:HK$115', '湖景大床房（景色宜人）:HK$120']"
撫州和園賓館（廣場東路臨川一中店）,9.9,"['惠享丨商務雙床房·零壓睡眠:HK$111', '優享丨豪華大床房·陽光滿屋:HK$112', '樂享丨休閑棋牌雙床房:HK$120', '優享丨豪華雙床房·安心入眠:HK$121']"
