酒店名称,评分,房型价格列表
撫州鳳凰世紀名都大酒店,9.3,"['豪華雙床房:HK$319', '豪華大床房:HK$361', '豪華套房:HK$1,188', '鳳凰套房:HK$3,372', '總統套房:HK$8,395']"
撫州鑽石廣場亞朵酒店,9.5,"['高級雙床房（裸麪床品+慢回彈記憶枕+手機投屏）:HK$278', '高級大床房（裸麪床品+慢回彈記憶枕+手機投屏）:HK$278', '行政雙床房（小吧枱+慢回彈記憶枕+手機投屏）:HK$304', '行政大床房（小吧枱+慢回彈記憶枕+手機投屏）:HK$304', '幾木城景大床房（小吧枱+深睡記憶枕+手機投屏）:HK$376']"
撫州保利華章希爾頓逸林酒店,9.2,"['無障礙房:HK$368', '逸林大床房:HK$368', '逸林雙床房:HK$368', '豪華逸林大床房:HK$422', '豪華逸林雙床房:HK$422', '行政大床房:HK$552']"
撫州文昌裏儀廬民宿,9.2,"['商務標準間:HK$217', '豪華大床房:HK$247', '麻將標間:HK$247', 'Loft房:HK$292']"
撫州文昌裏尋夢•昌里民宿,9.5,"['南柯·大床房:HK$352', '紫釵·雙床房（帶茶几）:HK$390', '邯鄲·複式親子房:HK$463', '牡丹亭·一室一廳套房（帶浴缸+沙發）:HK$581']"
贛東賓館（撫州長運汽車總站店）,9.1,"['特惠單人間:HK$145', '雲享高層雙床房:HK$211', '雲享高層大床房:HK$224', '暢享影音雙床房:HK$233', '暢享影音大床房:HK$242']"
王府酒店（撫州東華理工大學店）,9.5,"['雙床房:HK$193', '高級雙床房:HK$216', '高級大床房:HK$216', '家庭房:HK$274']"
麗楓酒店（撫州高鐵站銅鑼灣店）,9.4,"['特惠大床房（慕思床墊&空氣凈化器&音樂淋浴）:HK$214', '豪華大床房（慕思床墊&空氣凈化器&音樂淋浴）:HK$226', '豪華雙床房（慕思床墊&空氣凈化器&音樂淋浴）:HK$241', '商務大床房（慕思床墊&空氣凈化器&音樂淋浴）:HK$241']"
季楓智享酒店（撫州萬達廣場店）,9.2,"['雅緻大床房:HK$219', '雅緻雙床房:HK$219', '豪華大床房:HK$232', '豪華雙床房:HK$232']"
格萊登連鎖酒店（撫州東華理工大學南區店）,9.5,"['零壓舒享大床房（零壓枕頭床墊+智能烘乾洗衣機+熟睡遮光窗簾）:HK$151', '甄選高級大床房（超柔親膚布草+實木隔音門+靜謐空間）:HK$162', '零壓舒享雙床房（零壓枕頭床墊+智能烘乾洗衣機+熟睡遮光窗簾）:HK$162', '零壓暢享大床房（零壓枕頭床墊+雙層隔音靜謐+温馨舒適）:HK$173']"
撫州榮譽國際酒店,9.3,"['特惠雙床房:HK$304', '特惠大床房:HK$304', '高級雙床房:HK$409', '高級大床房:HK$409', '豪華雙床房:HK$448', '豪華大床房:HK$448']"
蔓蘭凱瑞酒店（撫州東站店）,9.5,"['悦享大床房:HK$229', '高級雙床房（1號樓）:HK$310', '高級雙床房（2號樓）:HK$310', '高級大床房（1號樓）:HK$314', '高級大床房（2號樓）:HK$314']"
翡翠洲際酒店（撫州財富廣場店）,8.9,"['高級大床房:HK$276', '高級雙人房:HK$276', '舒適無煙大床房:HK$326', '舒適無煙雙床房:HK$326', '影音智能大床房:HK$332']"
希岸酒店（撫州碩果購物廣場金巢實驗學校店）,9.5,"['希岸豪華大床房（獨享空間+盡享浪漫）:HK$222', '希岸豪華雙床房（品牌床墊+超大空間）:HK$230', '希岸純凈大床房（品牌床墊+温馨舒適）:HK$235', '希岸商務雙床房（品牌床墊+超大空間）:HK$244']"
撫州鑲玉樓酒店（臨川區南昌大學店）,9.3,"['輕享雅緻大床房（小度智能語音）:HK$157', '輕享雅緻雙床房（小度智能語音）:HK$157', '尊享豪華大床房（小度智能語音）:HK$167', '尊享豪華雙床房（小度智能語音）:HK$167']"
花之韻酒店（撫州萬達廣場店）,9.5,"['標準雙床房（乳膠床墊+舒適睡眠）:HK$190', '行政單間（記憶棉床墊+舒適睡眠）:HK$218', '棋牌娛樂房（乳膠床墊+舒適睡眠）:HK$245', '輕奢大床房（零壓床墊+蕎麥枕頭）:HK$256']"
如家酒店·neo（撫州萬象新城天幕廣場店）,9.6,"['大床房:HK$161', '雙床房:HK$170', '商務大床間:HK$179', '高級大床房:HK$197']"
撫州海若清遠樓酒店,9.5,"['智慧舒適雙床房（全屋智能音控+功夫茶具）:HK$275', '智慧舒適大床房（全屋智能音控+功夫茶具）:HK$284', '智慧商務大床房（全屋智能音控+功夫茶具）:HK$309', '智慧商務套房（全屋智能音控+浴缸）:HK$435', 'B.duck小黃鴨（基礎版）親子套房:HK$473']"
撫州仙蓋山温德姆至尊豪廷大酒店,9.0,"['園景大床房:HK$304', '園景雙床房:HK$304', '豪華大床房:HK$332', '萌趣親子雙床房:HK$425', '遨遊太空親子雙床房:HK$425']"
夢湖商務酒店（撫州臨川大道夢湖景區店）,8.7,"['特價單間:HK$86', '景觀標間:HK$123', '大單間:HK$135', '湖景標間:HK$149']"
維也納酒店（撫州財富廣場市政中心店）,9.4,"['標準雙床房:HK$207', '標準大床房:HK$207', '豪華大床房:HK$253', '影音雙床房:HK$253']"
麗楓酒店（撫州萬達店）,9.5,"['高級大床房:HK$217', '豪華大床房:HK$251', '豪華雙床房:HK$251', '豪華影音雙床房:HK$276']"
撫州君悦皇冠國際酒店,9.1,"['高級雙床房:HK$205', '高級大床房:HK$222', '行政大床房:HK$254', '豪華大床房:HK$257']"
Xhotel青綿酒店（撫州臨川東華理工大學店）,9.1,"['絲綿雅緻高級雙床房（雲感床墊+公區自助洗衣房）:HK$114', '絲綿雅緻高級大床房（雲感床墊+酒店公區提供自助洗衣機）:HK$114', '輕綿雅居大床房（雲感床墊+酒店公區提供自助洗衣機）:HK$119', '槓上開棋牌雙床房（雲感床墊+酒店公區提供自助洗衣機）:HK$130']"
撫州汝水森林賓館,9.4,"['3號樓大床房:HK$321', '3號樓標準間:HK$321', '3號樓行政套房:HK$557']"
撫州永生璞琚酒店（大潤發第二人民醫院店）,8.7,"['安靜舒適雙床房【美式加厚床墊+寬敞明亮】:HK$134', '安靜舒適大床房【美式加厚床墊+寬敞明亮】:HK$134', '現代時尚雙床房【人體工程學座椅】:HK$150', '愜意空間大床房:HK$160']"
維也納酒店（撫州臨川大道萬象新城店）,8.8,"['大床房:HK$144', '高級大床房:HK$160', '高級雙人間:HK$160', '豪華大床房:HK$177']"
麗楓酒店（撫州高鐵站華美立家店）,9.2,"['豪華大床房（音樂淋浴&薰衣草主題&智能客控）:HK$199', '豪華雙床房（音樂淋浴&薰衣草主題&智能客控）:HK$216', '景觀大床房（俯瞰城市夜景&休閑沙發&音樂淋浴）:HK$232', '商務大床房（休閑沙發&辦公桌&空氣凈化器）:HK$266']"
開蔓酒店（撫州金巢大道大潤發店）,9.1,"['智能影音大床房:HK$182', '智能影音雙床房:HK$190', '豪華套房:HK$192', '智能影音棋牌雙床房:HK$228']"
撫州財富廣場開元名庭酒店,9.4,"['名成高級大床房+智能中控+中國茶具+RICKS床墊:HK$337', '名成高級雙床房+智能中控+智能窗簾+RICKS床墊:HK$337', '名成豪華大床房+智能中控+中國茶具+RICKS床墊:HK$370', '名成豪華雙床房+智能中控+智能窗簾+RICKS床墊:HK$370', '名成行政景觀大床房+智能中控+超大落地窗+RICKS床墊:HK$425']"
寓約電競酒店（撫州高鐵站華美立家建材居廣場店）,10.0,"['輕奢電競大床房[加速器+影視會員+Steam特權]:HK$250', '輕奢電競雙床房[加速器+影視會員+Steam特權]:HK$250', '豪華電競大床房[4060TI+加速器+影視會員+Steam特權]:HK$272', '豪華電競雙床套房[3060+加速器+影視會員+Steam特權]:HK$371']"
維也納國際酒店（撫州臨川上頓渡店）,9.6,"['標準大床房:HK$206', '豪華大床房:HK$231', '豪華雙床房:HK$239', '江景大床房:HK$239']"
撫州比亞迪開元名庭酒店,9.3,"['名成高級雙床房:HK$352', '名成高級大床房:HK$352', '名成豪華大床房:HK$395', '名成豪華雙床房:HK$406', '名成行政麻將房:HK$461']"
漢庭酒店（撫州火車東站店）,9.6,"['高級大床房A:HK$141', '高級大床房:HK$160', '雙床房:HK$179', '高級雙床房:HK$198']"
城市便捷酒店（撫州文昌裏撫州一中店）,9.0,"['特惠大床房:HK$129', '特惠雙床房:HK$129', '高級大床房:HK$137', '豪華大床房:HK$144']"
撫州和園賓館（廣場東路臨川一中店）,9.9,"['惠享丨商務雙床房·零壓睡眠:HK$120', '優享丨豪華大床房·陽光滿屋:HK$121', '樂享丨休閑棋牌雙床房:HK$129', '優享丨豪華雙床房·安心入眠:HK$131']"
尚客優酒店（撫州碩果時代店）,9.1,"['標準大床房:HK$183', '豪華雙床房:HK$195', '豪華大床房:HK$206', '休閑麻將大床房:HK$239']"
宿江南酒店（臨川一中店）,9.4,"['特價房+酒店公區自助洗衣:HK$86', '精選標準雙床房--恆温智能馬桶+酒店公區自助洗衣:HK$104', '精選大床房--恆温智能馬桶+酒店公區自助洗衣:HK$110', '商務三人間+酒店公區自助洗衣:HK$117']"
久佳意賓館（撫州晏殊大道店）,8.8,"['商務單間:HK$62', '商務標間:HK$71', '豪華單間:HK$77', '麻將單間:HK$78']"
撫州軍峯大酒店,8.5,"['普通標間:HK$131', '單間:HK$131', '麻將房:HK$144', '豪華標準房:HK$197']"
撫州龍之夢大酒店（東華理工大學店）,9.1,"['特惠大床房（酒店提供洗衣房）:HK$99', '商務大床房（酒店提供洗衣房）:HK$110', '商務雙床房:HK$115', '湖景大床房（景色宜人）:HK$120']"
希岸酒店（撫州東鄉高鐵站）,9.7,"['玲瓏大床房:HK$190', '希岸大床房:HK$198', '希岸高級大床房:HK$215', '希岸豪華大床房:HK$232']"
188連鎖酒店（臨川大道店）,9.2,"['特價房（明窗通風）:HK$75', '舒適大床房（公區自助洗衣機）:HK$81', '標準雙床房（乳膠床墊）:HK$91', '温馨主題房（浪漫風情）:HK$93']"
慈安君大酒店,9.6,"['精品雙床房:HK$140', '電競雙人間:HK$173', '精品大床房:HK$205']"
吉順賓館,7.4,"['舒適單間（公共衞浴）:HK$42', '標準房:HK$59', '標準雙床房:HK$59', '麻將大床房:HK$59']"
清雲客棧,9.5,"['單間:HK$110', '大床房:HK$119', '標間:HK$137', '套房:HK$147']"
拾光民宿,8.8,"['舒適大床房:HK$96', '精品標間:HK$97', '豪華標間:HK$98', '豪華三人間:HK$123']"
撫州鑫達假日酒店,9.1,"['標準大床房（酒店提供自助洗衣房）:HK$102', '標準雙床房（酒店提供自助洗衣房）:HK$111', '豪華麻將大床房（酒店提供自助洗衣房）:HK$127', '豪華麻將雙床房（酒店提供自助洗衣房）:HK$135']"
撫州巴黎麗都賓館,9.0,"['特惠大床房:HK$95', '輕享雙床房:HK$102', '舒適大床房:HK$102', '超享大床房:HK$108']"
撫州凱景酒店（撫州萬達廣場店）,8.4,"['惠享大床房:HK$111', '惠享雙床房:HK$123', '尊享大床房:HK$131', '尊享雙床房:HK$137']"
