酒店名称,评分,房型价格列表
錦江之星酒店（哈密火車站友誼路店）,9.6,"['星悦標準大床房:HK$264', '星悦高級大床房:HK$271', '星悦豪華大床房:HK$279', '星選高級雙床房:HK$287']"
宜必思酒店（哈密市G312國道車碼頭產業園店）,9.0,"['高級大床房（小冰箱+深睡床墊+隔音系統窗+速冷空調）:HK$294', '高級雙床房（小冰箱+深睡床墊+隔音系統窗+速冷空調）:HK$311', '商務大床房（小冰箱+深睡床墊+隔音系統窗+速冷空調）:HK$311', '商務雙床房（小冰箱+深睡床墊+隔音系統窗+速冷空調）:HK$329']"
如家派柏雲酒店（哈密火車站八一北路店）,9.2,"['大床房:HK$281', '商務大床房A:HK$318', '雙床房A:HK$326', '商務大床房:HK$336']"
漢庭酒店（哈密G312國道店）,9.7,"['大床房（喜臨門床墊+電視投屏+智能馬桶）:HK$318', '高級大床房（喜臨門床墊+電視投屏+智能馬桶）:HK$337', '高級雙床房（喜臨門床墊+電視投屏+智能馬桶）:HK$355']"
哈密鑫順源酒店（312國道車碼頭汽服產業園店）,9.3,"['高級雙床房—輕盈睡眠+智能可控+零壓床墊+全屋地暖:HK$185', '高級大床房—拍照出片+親膚布草+零壓床墊+全屋地暖:HK$195', '商務雙床房—舒睡好眠+親膚布草+零壓床墊+全屋地暖:HK$206', '豪華大床房—夜景動人+智能客控+零壓床墊+全屋地暖:HK$234']"
格林豪泰酒店（哈密火車站店）,9.1,"['高級大床房:HK$250', '高級雙床房:HK$261', '商務大床房:HK$273', '商務雙床房:HK$283']"
麗楓酒店（哈密向陽東路店）,9.5,"['高級影音大床房（巨幕投影+觀影體驗好）:HK$420', '高級影音雙床房（巨幕投影+觀影體驗好）:HK$420', '雅緻大床房:HK$429', '豪華大床房:HK$445']"
海逸酒店（哈密G312國道店）,9.7,"['經典大床房:HK$343', '經典雙床房:HK$360', '豪華大床房:HK$370', '豪華雙床房:HK$370']"
哈密新世紀酒店（滙嘉時代店）,9.7,"['高級雙床房:HK$360', '高級大床房:HK$360', '豪華雙床房:HK$412', '城景大床房:HK$423', '高級套房:HK$571']"
麗楓酒店（哈密火車站店）,9.2,"['高級大床房（全屋智能客控）《無窗》:HK$177', '標準單人房（全屋智能客控）:HK$226', '高級精品大床房（巨幕投影+觀影體驗好）《無窗》:HK$244', '豪華大床房（全屋智能客控）:HK$277']"
喆啡酒店（哈密市伊州區迎賓大道店）,9.4,"['醇享大床房（親膚布草+深睡整晚）:HK$360', '醇享雙床房（親膚布草+深睡整晚）:HK$374', '啡凡雙床房（親膚布草+深睡整晚）:HK$391', '啡凡大床房（親膚布草+深睡整晚）:HK$391']"
凱里亞德酒店（哈密公元大觀漫街生活廣場店）,9.7,"['輕享大床房 （夢百合床墊+加濕器+全屋智能客控）:HK$223', '樂享大床房:HK$240', '優享大床房:HK$256', '優享雙床房（夢百合床墊+加濕器+全屋智能客控）:HK$273']"
哈密希爾頓歡朋酒店,9.6,"['舒適大床房:HK$584', '舒適雙床房:HK$623', '高級大床房:HK$661', '高級雙床房:HK$700', '豪華大床房:HK$738']"
海友酒店（哈密火車站店）,9.9,"['大床房（加濕器+電視投屏+獨立空調）:HK$261', '雙床房（加濕器+電視投屏+獨立空調）:HK$298', '商務大床房（加濕器+電視投屏+獨立空調）:HK$318', '家庭房（加濕器+電視投屏+獨立空調）:HK$337']"
唯美上品酒店（哈密皇后天街店）,9.3,"['特價標間:HK$194', '特價大床房:HK$194', '商務大床房:HK$271', '商務標準間:HK$271']"
歡漫酒店（哈密火車站店）,9.6,"['高級大床房（智能客控）:HK$411', '高級雙床房（智能客控）:HK$411', '豪華甄選大床房（全景飄窗+夢百合零壓床墊+安睡枕）:HK$411', '豪華甄選雙床房（夢百合零壓床墊+零壓枕+全景落地窗）:HK$411', '天山景大床房（180度天山景觀+沉睡零壓床墊+安睡枕）:HK$429']"
如家商旅酒店（哈密火車站春天裡店）,9.6,"['商務大床房（決明子功能枕）:HK$377', '高級大床房（決明子功能枕+加濕器）:HK$394', '雙床房（決明子功能枕）:HK$404', '高級雙床房（決明子功能枕+加濕器）:HK$422']"
哈密嘉頓假日酒店（哈密站店）,9.4,"['陽光標準間（助眠乳膠枕+乾濕三分離+明亮大窗户）:HK$306', '陽光大床房（深睡眠乳膠枕+加濕器+明亮大窗户）:HK$306', '商旅標準間（深睡眠乳膠枕+加濕器+乾濕三分離）:HK$420', '商旅大床房（深睡眠乳膠枕+加濕器）:HK$420']"
維也納國際酒店（哈密高鐵站店）,9.6,"['標準大床房 （加濕器+智能客控+智能馬桶）:HK$399', '標準雙床房:HK$426', '商務雙床房 （加濕器+智能客控+智能馬桶+品牌床墊）:HK$436', '城景大床房 （落地窗+加濕器+智能客控+智能馬桶）:HK$461', '商務大床房 （加濕器+智能客控+智能馬桶）:HK$463']"
哈密聖湖國際酒店（火車站店）,9.5,"['舒睡大床房:HK$301', '舒睡雙床房:HK$301', '豪華大床房:HK$375', '豪華雙床房:HK$375', '智能尊享雙床房:HK$465']"
尚客優品酒店（哈密皇后天街店）,9.3,"['特惠雙床房（零壓床墊+安靜）:HK$376', '高級大床房（零壓床墊+安靜）:HK$408', '高級雙床房（零壓床墊+安靜）:HK$408', '商務大床房（零壓床墊+安靜）:HK$434']"
全季酒店（哈密旗艦店）,9.7,"['高級大床房（全景落地窗+75巨幕投屏+全屋智能）:HK$443', '高級雙床房（商務辦公桌+75巨幕投屏+全屋智能）:HK$460', '商務雙床房（全景落地窗+新風換氧+全屋智能）:HK$478', '舒壓高級大床房（舒壓床墊+全景落地窗+智能馬桶）:HK$478']"
亞朵酒店（哈密市政府建國北路店）,9.6,"['雅緻大床房（全屋智能+迷你小冰箱）:HK$475', '高級大床房（迷你小冰箱+全屋智能）:HK$502', '高級雙床房（迷你小冰箱+全屋智能）:HK$519', '行政大床房（迷你小冰箱+全屋智能）:HK$528', '幾木大床房（深睡枕+迷你小冰箱+全屋智能）:HK$556']"
全季酒店（哈密迎賓大道店）,9.7,"['高級大床房（75寸巨幕電視+茶室+小冰箱）:HK$415', '雙床房（75寸巨幕電視+茶室+小冰箱）:HK$435', '舒壓高級大床房（75寸巨幕電視+茶室+小冰箱）:HK$453', '舒壓高級雙床房（75寸巨幕電視+茶室+小冰箱）:HK$463']"
維也納國際酒店（哈密迎賓大道店）,9.7,"['高級雙床房:HK$475', '高級大床房:HK$492', '豪華雙床房:HK$500', '豪華大床房:HK$518', '商務雙床房:HK$534']"
辰泰大酒店（哈密火車站店）,9.5,"['樂享大床房（新風系統+140織新疆長絨棉親膚布草+輕奢舒眠透氣羽絨被）:HK$364', '樂享雙床房（新風系統+140織新疆長絨棉親膚布草+輕奢舒眠透氣羽絨被）:HK$364', '舒適大床房（140織新疆長絨棉親膚布草+輕奢舒眠透氣羽絨被）:HK$413', '舒適雙床房（140織新疆長絨棉親膚布草+輕奢舒眠透氣羽絨被）:HK$413', '甜美大床房（140織新疆長絨棉親膚布草+輕奢舒眠透氣羽絨被）:HK$460']"
華津大酒店（哈密站店）,9.4,"['尊享雙床房:HK$247', '甄選大床房:HK$247', '高級甄選大床房:HK$263', '高級尊享雙床房:HK$263']"
哈密錦江科技精品酒店,9.2,"['輕享精緻大床房:HK$419', '輕享精緻雙床房:HK$419', '臻品精緻雙床房:HK$429', '零壓精緻大床房:HK$429', '漫享時光大床房:HK$439']"
哈密天馬飯店,9.5,"['標準單人房:HK$249', '標準間:HK$271', '豪華單人房:HK$315', '豪華套房:HK$642']"
魔方大酒店（哈密火車站店）,9.5,"['魔力炫雙床房（180度觀景+深睡整晚）:HK$367', '魔力炫大床房（新風系統+深睡整晚）:HK$367', '大海道影音房（新風系統+深睡整晚）:HK$418', '天山行大床房（180度觀景+深睡整晚）:HK$469', '天山行雙床房（180度觀景+深睡整晚）:HK$469']"
哈密豫商大酒店（天馬商場哈密站店）,9.2,"['星耀甜夢大床房（零壓乳膠床墊+補水面膜）:HK$366', '精選商旅雙床房（補水面膜+漱口水）:HK$384', '夢幻光影大床房（深睡床品+視覺聽覺新體驗）:HK$390', '北極光悠眠套房（單獨辦公區域+深睡床品）:HK$426']"
錦江都城酒店（哈密市伊州區行政服務中心店）,9.6,"['精緻大床房（高清投屏+夢百合零壓床墊+落地窗觀景）:HK$545', '精緻雙床房（高清投屏+夢百合零壓床墊+落地窗觀景）:HK$556', '風雅大床房（智能客控+無感鴨絨被+加濕器+乳膠枕頭）:HK$567', '風雅雙床房（智能客控+無感鴨絨被+加濕器+乳膠枕頭）:HK$577', '都會大床房（高清投屏+迷你小冰箱+落地窗觀景）:HK$588']"
星程酒店（哈密公元大觀店）,9.4,"['大床房【加濕器+中央空調+喜臨門床墊】:HK$387', '雙床房 【加濕器+中央空調+喜臨門床墊】:HK$415', '高級大床房【加濕器+中央空調+喜臨門床墊】:HK$426', '高級雙床房【加濕器+中央空調+喜臨門床墊】:HK$444']"
哈密環球大酒店（火車站店）,9.5,"['內景雙床房:HK$252', '商務雙床房:HK$314', '行政雙床房:HK$331', '商務大床房:HK$340', '行政大床房:HK$349']"
哈密電視台桔子水晶酒店,9.7,"['高級大床房（小冰箱+全屋智能客控）:HK$713', '高級雙床房（小冰箱+全屋智能客控）:HK$763', '行政大床房（小冰箱+空氣加濕器+全屋智能客控）:HK$814', '豪華親子房（小冰箱+智能客控+空氣加濕器）:HK$914', '豪華套房（寬敞會客廳+全屋智能客控+手機投屏）:HK$1,195']"
艾扉酒店（哈密新民五路店）,9.6,"['商務大床房A（夢百合零壓床墊+零壓安睡枕）:HK$365', '雙床房A（夢百合零壓床墊+零壓安睡枕）:HK$365', '商務大床房（夢百合零壓床墊+零壓安睡枕）:HK$376', '雙床房（夢百合零壓床墊+零壓安睡枕）:HK$376']"
寶石花酒店（哈密石油基地店）,9.5,"['特惠大床房:HK$204', 'B座商務大床房:HK$229', 'A座高級大床房:HK$229', '特惠標間:HK$292']"
亞朵酒店（哈密伊州區七一夜市店）,9.5,"['高級大床房（語音客控+智能馬桶）:HK$528', '高級雙床房（語音客控+智能馬桶）:HK$601', '行政大床房（語音客控+智能馬桶+小冰箱）:HK$664', '幾木大床房（語音客控+智能馬桶+小冰箱）:HK$690', '幾木雙床房（語音客控+智能馬桶+小冰箱）:HK$726']"
哈密漫薇電競酒店,9.8,"['黑色玫瑰大床房:HK$380', '無畏先鋒雙人間 （夢百合零壓床墊+全屋智能+大冰箱）:HK$392', '戰爭學院三人間:HK$418', '影流太空艙三人間:HK$418']"
哈密天山賓館,8.9,"['商務標準間:HK$118', '豪華標準間:HK$140', '温馨大床房:HK$140', '三人間:HK$173']"
哈密伊北賓館,7.9,"['標準間:HK$96', '三人房（公共衞浴）:HK$118', '家庭房:HK$118']"
太陽民宿,9.6,"['電競雙人間PS遊戲機:HK$402', '侘寂風豪華家庭間:HK$467']"
星旺賓館（哈密二店）,9.5,"['優享雙床房:HK$147', '優享大床房:HK$147', '商務雙床房:HK$252', '商務大床房:HK$252']"
