酒店名称,评分,房型价格列表
哈密新世紀酒店（滙嘉時代店）,9.7,"['高級雙床房:HK$361', '高級大床房:HK$361', '豪華雙床房:HK$412', '城景大床房:HK$423', '高級套房:HK$572']"
歡漫酒店（哈密火車站店）,9.7,"['高級大床房（智能客控）:HK$411', '高級雙床房（智能客控）:HK$411', '豪華甄選大床房（全景飄窗+夢百合零壓床墊+安睡枕）:HK$411', '豪華甄選雙床房（夢百合零壓床墊+零壓枕+全景落地窗）:HK$411', '天山景大床房（180度天山景觀+沉睡零壓床墊+安睡枕）:HK$429']"
哈密希爾頓歡朋酒店,9.6,"['舒適大床房:HK$585', '舒適雙床房:HK$623', '高級大床房:HK$661', '高級雙床房:HK$701', '豪華大床房:HK$739']"
柏麗艾尚國際酒店（哈密火車站店）,9.7,"['大床房（智能客控+手機高清投屏）:HK$393', '商務大床房（智能客控+手機高清投屏）:HK$404', '雙床房（智能客控+手機高清投屏）:HK$415', '高級大床房（智能客控+手機高清投屏）:HK$415']"
海逸酒店（哈密G312國道店）,9.7,"['經典雙床房:HK$343', '經典大床房:HK$343', '豪華大床房:HK$371', '豪華雙床房:HK$371']"
宜必思酒店（哈密市G312國道車碼頭產業園店）,8.9,"['高級大床房（小冰箱+深睡床墊+隔音系統窗+速冷空調）:HK$316', '高級雙床房（小冰箱+深睡床墊+隔音系統窗+速冷空調）:HK$335', '商務大床房（小冰箱+深睡床墊+隔音系統窗+速冷空調）:HK$335', '商務雙床房（小冰箱+深睡床墊+隔音系統窗+速冷空調）:HK$353']"
哈密聖湖國際酒店（火車站店）,9.4,"['舒睡大床房:HK$266', '舒睡雙床房:HK$266', '豪華大床房:HK$358', '豪華雙床房:HK$358', '智能尊享雙床房:HK$435']"
辰泰大酒店（哈密火車站店）,9.5,"['樂享大床房（新風系統+140織新疆長絨棉親膚布草+輕奢舒眠透氣羽絨被）:HK$249', '樂享雙床房（新風系統+140織新疆長絨棉親膚布草+輕奢舒眠透氣羽絨被）:HK$249', '舒適大床房（140織新疆長絨棉親膚布草+輕奢舒眠透氣羽絨被）:HK$268', '舒適雙床房（140織新疆長絨棉親膚布草+輕奢舒眠透氣羽絨被）:HK$268', '甜美大床房（140織新疆長絨棉親膚布草+輕奢舒眠透氣羽絨被）:HK$287']"
喆啡酒店（哈密市伊州區迎賓大道店）,9.4,"['醇享大床房（親膚布草+深睡整晚）:HK$384', '醇享雙床房（親膚布草+深睡整晚）:HK$384', '啡凡雙床房（親膚布草+深睡整晚）:HK$416', '啡凡大床房（親膚布草+深睡整晚）:HK$416']"
哈密嘉頓假日酒店（哈密站店）,9.4,"['優享雙床房:HK$340', '陽光三人間（乾濕三分離）:HK$354', '商旅標準間（深睡眠乳膠枕+加濕器+乾濕三分離）:HK$361', '商旅大床房（深睡眠乳膠枕+加濕器）:HK$361']"
哈密電視台桔子水晶酒店,9.6,"['高級雙床房（小冰箱+全屋智能客控）:HK$673', '高級大床房（小冰箱+全屋智能客控）:HK$693', '行政大床房（小冰箱+空氣加濕器+全屋智能客控）:HK$784', '豪華親子房（小冰箱+智能客控+空氣加濕器）:HK$874', '豪華套房（寬敞會客廳+全屋智能客控+手機投屏）:HK$1,146']"
維也納國際酒店（哈密迎賓大道店）,9.7,"['高級雙床房:HK$476', '高級大床房:HK$492', '豪華雙床房:HK$501', '豪華大床房:HK$518', '商務雙床房:HK$535']"
亞朵酒店（哈密市政府建國北路店）,9.6,"['雅緻大床房（全屋智能+迷你小冰箱）:HK$521', '高級大床房（迷你小冰箱+全屋智能）:HK$551', '幾木大床房（深睡枕+迷你小冰箱+全屋智能）:HK$611', '高級雙床房（迷你小冰箱+全屋智能）:HK$624', '行政大床房（迷你小冰箱+全屋智能）:HK$634']"
維也納國際酒店（哈密高鐵站店）,9.5,"['標準大床房:HK$291', '標準雙床房:HK$299', '商務大床房:HK$361', '商務雙床房:HK$370', '城景大床房:HK$378']"
錦江都城酒店（哈密市伊州區行政服務中心店）,9.7,"['都會大床房（高清投屏+迷你小冰箱+落地窗觀景）:HK$462', '精緻大床房（高清投屏+夢百合零壓床墊+落地窗觀景）:HK$472', '精緻雙床房（高清投屏+夢百合零壓床墊+落地窗觀景）:HK$504', '都會雙床房（高清投屏+迷你小冰箱+落地窗觀景）:HK$516', '風雅大床房（智能客控+無感鴨絨被+加濕器+乳膠枕頭）:HK$522']"
魔方大酒店（哈密火車站店）,9.5,"['魔力炫雙床房（180度觀景+深睡整晚）:HK$302', '魔力炫大床房（新風系統+深睡整晚）:HK$302', '大海道影音房（新風系統+深睡整晚）:HK$313', '天山行大床房（180度觀景+深睡整晚）:HK$323', '天山行雙床房（180度觀景+深睡整晚）:HK$323']"
漢庭酒店（哈密G312國道店）,9.8,"['大床房（喜臨門床墊+電視投屏+智能馬桶）:HK$316', '高級大床房（喜臨門床墊+電視投屏+智能馬桶）:HK$335', '高級雙床房（喜臨門床墊+電視投屏+智能馬桶）:HK$353']"
哈密鑫順源酒店（312國道車碼頭汽服產業園店）,9.4,"['高級雙床房—輕盈睡眠+智能可控+零壓床墊+全屋地暖:HK$131', '高級大床房—拍照出片+親膚布草+零壓床墊+全屋地暖:HK$140', '商務雙床房—舒睡好眠+親膚布草+零壓床墊+全屋地暖:HK$149', '家庭雙床房—智能客控+獨立茶吧+零壓床墊+歡樂親子:HK$187']"
全季酒店（哈密迎賓大道店）,9.7,"['高級大床房（75寸巨幕電視+茶室+小冰箱）:HK$419', '雙床房（75寸巨幕電視+茶室+小冰箱）:HK$438', '舒壓高級大床房（75寸巨幕電視+茶室+小冰箱）:HK$457', '舒壓高級雙床房（75寸巨幕電視+茶室+小冰箱）:HK$467']"
如家商旅酒店（哈密火車站春天裡店）,9.6,"['商務大床房（決明子功能枕）:HK$332', '雙床房（決明子功能枕）:HK$350', '高級大床房（決明子功能枕+加濕器）:HK$350', '高級雙床房（決明子功能枕+加濕器）:HK$368']"
尚客優品酒店（哈密皇后天街店）,9.4,"['特惠雙床房（零壓床墊+安靜）:HK$327', '高級大床房（零壓床墊+安靜）:HK$352', '高級雙床房（零壓床墊+安靜）:HK$360', '商務大床房（零壓床墊+安靜）:HK$376']"
哈密豫商大酒店（天馬商場哈密站店）,9.3,"['精選商旅雙床房（補水面膜+漱口水）:HK$331', '星耀甜夢大床房（零壓乳膠床墊+補水面膜）:HK$343', '夢幻光影大床房（深睡床品+視覺聽覺新體驗）:HK$361', '北極光悠眠套房（單獨辦公區域+深睡床品）:HK$373']"
如家酒店·neo（哈密建國北路客運站店）,9.5,"['大床房A（智能客控+手機投屏）:HK$284', '高級大床房（智能客控+手機投屏）:HK$302', '雙床房（智能客控+手機投屏）:HK$302', '高級雙床房（智能客控+手機投屏）:HK$320']"
華津大酒店（哈密站店）,9.5,['高級尊享雙床房:HK$400']
哈密環球大酒店（火車站店）,9.4,"['內景雙床房:HK$253', '商務雙床房:HK$314', '行政雙床房:HK$331', '商務大床房:HK$340', '行政大床房:HK$349']"
亞朵酒店（哈密伊州區七一夜市店）,9.5,"['高級大床房（語音客控+智能馬桶）:HK$582', '高級雙床房（語音客控+智能馬桶）:HK$661', '行政大床房（語音客控+智能馬桶+小冰箱）:HK$732', '幾木大床房（語音客控+智能馬桶+小冰箱）:HK$762', '幾木雙床房（語音客控+智能馬桶+小冰箱）:HK$802']"
錦江之星酒店（哈密火車站友誼路店）,9.6,"['星悦標準大床房:HK$240', '星悦高級大床房:HK$248', '星悦豪華大床房:HK$264', '星選高級雙床房:HK$264']"
全季酒店（哈密旗艦店）,9.7,"['高級大床房（全景落地窗+75巨幕投屏+全屋智能）:HK$443', '高級雙床房（商務辦公桌+75巨幕投屏+全屋智能）:HK$461', '商務雙床房（全景落地窗+新風換氧+全屋智能）:HK$479', '舒壓高級大床房（舒壓床墊+全景落地窗+智能馬桶）:HK$479']"
哈密天馬飯店,9.5,"['標準單人房:HK$249', '標準間:HK$271', '豪華單人房:HK$315', '豪華套房:HK$643']"
艾扉酒店（哈密新民五路店）,9.6,"['商務大床房A（夢百合零壓床墊+零壓安睡枕）:HK$377', '雙床房A（夢百合零壓床墊+零壓安睡枕）:HK$377', '商務大床房（夢百合零壓床墊+零壓安睡枕）:HK$388', '雙床房（夢百合零壓床墊+零壓安睡枕）:HK$388']"
如家派柏雲酒店（哈密火車站八一北路店）,9.1,"['大床房:HK$315', '商務大床房A:HK$355', '雙床房:HK$362', '雙床房A:HK$366']"
海友酒店（哈密火車站店）,9.9,"['大床房（加濕器+電視投屏+獨立空調）:HK$260', '雙床房（加濕器+電視投屏+獨立空調）:HK$297', '商務大床房（加濕器+電視投屏+獨立空調）:HK$316', '家庭房（加濕器+電視投屏+獨立空調）:HK$335']"
哈密漫薇電競酒店,9.8,"['無畏先鋒雙人間 （夢百合零壓床墊+全屋智能+大冰箱）:HK$393', '黑色玫瑰大床房:HK$397', '戰爭學院三人間:HK$435', '影流太空艙三人間:HK$435']"
格林豪泰酒店（哈密火車站店）,9.1,"['高級大床房:HK$199', '高級雙床房:HK$226', '商務大床房:HK$240', '商務雙床房:HK$250']"
麗楓酒店（哈密火車站店）,9.2,"['高級大床房（全屋智能客控）《無窗》:HK$174', '標準單人房（全屋智能客控）:HK$222', '高級精品大床房（巨幕投影+觀影體驗好）《無窗》:HK$239', '豪華大床房（全屋智能客控）:HK$271']"
寶石花酒店（哈密石油基地店）,9.5,"['特惠大床房:HK$286', '特惠標間:HK$292', 'B座商務大床房:HK$327', 'A座高級大床房:HK$327']"
星程酒店（哈密公元大觀店）,9.4,"['大床房【加濕器+中央空調+喜臨門床墊】:HK$408', '雙床房 【加濕器+中央空調+喜臨門床墊】:HK$408', '高級大床房【加濕器+中央空調+喜臨門床墊】:HK$438', '高級雙床房【加濕器+中央空調+喜臨門床墊】:HK$438']"
凱里亞德酒店（哈密公元大觀漫街生活廣場店）,9.7,"['輕享大床房:HK$203', '樂享大床房:HK$212', '優享大床房:HK$232', '優享雙床房:HK$251']"
哈密天山賓館,8.8,"['商務標準間:HK$118', '豪華標準間:HK$140', '温馨大床房:HK$140', '三人間:HK$173']"
哈密伊北賓館,7.8,"['標準間:HK$96', '三人房（公共衞浴）:HK$118', '家庭房:HK$118']"
太陽民宿,9.5,"['電競雙人間PS遊戲機:HK$402', '侘寂風豪華家庭間:HK$468']"
星旺賓館（哈密二店）,9.5,"['優享雙床房:HK$147', '優享大床房:HK$147', '商務雙床房:HK$252', '商務大床房:HK$252']"
哈密錦江科技精品酒店,9.3,[]
