酒店名称,评分,房型价格列表
希岸酒店（朝陽大街聖達電腦城店）,9.5,"['玲瓏大床房（新風系統）:HK$245', '玲瓏雙床房（新風系統）:HK$262', '希岸雅緻房（新風系統）:HK$270', '希岸豪華大床房:HK$294']"
朝陽燕都國際酒店,8.0,"['無窗大床房:HK$231', '特價大床房:HK$272', '特價雙床房:HK$272', '豪華標間:HK$285', '豪華大床房:HK$285']"
全季酒店（朝陽站店）,9.7,"['大床房:HK$491', '雙床房:HK$491', '高級大床房:HK$502', '舒壓高級大床房（記憶棉墊+枕芯）:HK$541']"
凱里亞德酒店（朝陽大街萬達廣場店）,9.2,"['樂享大床房（全屋智能+電視投屏+凝膠枕體驗）:HK$307', '優享大床房（全屋智能+電視投屏+凝膠枕體驗）:HK$325', '優享雙床房（全屋智能+電視投屏+凝膠枕體驗）:HK$325', '榮享大床房（全屋智能+電視投屏+凝膠枕體驗）:HK$344', '樂享三人房:HK$390']"
漢庭酒店（朝陽友誼大街店）,9.7,"['大床房:HK$240', '高級大床房:HK$251', '雙床房:HK$251', '家庭房:HK$301']"
如家酒店·neo（朝陽財經學校店）,9.2,"['雙床房A:HK$170', '商務大床房A:HK$179', '雙床房:HK$187', '商務大床房:HK$196']"
佳泰連鎖商務賓館（朝陽大街店）,8.7,"['特惠大床房:HK$120', '商務大床房:HK$147', '商務標準房:HK$147', '豪華商務大床房:HK$164']"
漢庭酒店（朝陽站店）,9.7,"['雙床房（智能馬桶+智能窗簾+手機投屏）:HK$234', '大床房（智能馬桶+智能窗簾+手機投屏）:HK$234', '高級大床房（智能馬桶+智能窗簾+手機投屏）:HK$243', '商務雙床房（智能馬桶+智能窗簾+手機投屏）:HK$243']"
如家商旅酒店（黃河路萬達廣場店）,9.6,"['商務大床房A（徠芬高速吹風機+寫字桌）:HK$235', '商務大床房（徠芬高速吹風機+手機投屏）:HK$245', '雙床房（徠芬高速吹風機+單人沙發）:HK$262', '高級大床房（徠芬高速吹風機+單人沙發）:HK$262']"
如家酒店（朝陽新華路商業城店）,9.1,"['全新雙床房A:HK$141', '大床房:HK$149', '商務大床房:HK$158', '雙床房:HK$158']"
朝陽思家公寓,9.6,"['一室一廳家庭房:HK$170', '温馨豪華兩居室:HK$181', '豪華三室一廳套房:HK$360']"
如家素柏·雲酒店（朝陽友誼大街火車站店）,9.5,"['商務大床房:HK$183', '商務雙床房:HK$183', '商務套房:HK$191', '複式商務房:HK$215']"
朝陽雨薇民宿,9.7,"['彩雲觀景陽光大床房《全自動洗衣機+電視+智能密碼鎖》:HK$127', '《雲逸》觀景豪華大床房（滾筒洗衣機+電視會員+冰箱+智能密碼鎖）:HK$128', '精選巨幕投影陽光大床房 （影視會員洗衣機+冰箱+立式空調+智能密碼鎖）:HK$133', '精選乳膠床墊經濟陽光大床房（智能密碼鎖+滾筒洗衣機+電視會員）:HK$139']"
朝陽一見傾心公寓,9.7,"['簡約套房:HK$165', '温馨套房:HK$177', '舒適套房:HK$196']"
睿柏·雲酒店（朝陽佳泰店）,8.0,"['標準雙床房:HK$163', '商務大床房:HK$170', '高級大床房:HK$201', '高級雙床房:HK$201']"
如家酒店·neo（朝陽文化路興隆大家庭店）,8.6,"['雙床房A:HK$155', '大床房:HK$173', '雙床房:HK$181', '商務大床房:HK$189']"
麗楓酒店（朝陽大街店）,9.5,"['雅緻大床房:HK$281', '豪華大床房:HK$290', '純凈自然雙床房:HK$290', '商務大床房:HK$307']"
朝陽繁星時尚快捷賓館,9.4,"['大床房-無窗:HK$65', '標準間:HK$74', '商務標準間:HK$83', '數碼大床間:HK$86']"
朝陽蜂巢電競酒店,8.4,"['電競大床房4060ti+i513400F:HK$194', '電競上下鋪房4060ti+i513400F+屏幕240HZ:HK$194', '電競三人間4060ti+i513400F:HK$267', '電競四人間4060ti+i513400F:HK$315']"
朝陽中亞商務賓館（興隆大家庭客運中心店）,7.6,"['特價標準間:HK$92', '特價大床房:HK$92', '標準間:HK$133', '大床房:HK$133']"
朝陽豪德商務賓館（第三高級中學店）,9.0,"['特價大床房:HK$140', '標準大床房:HK$156', '標準雙床房:HK$156', '豪華大床房:HK$193']"
朝陽遼西快捷賓館,9.3,"['普通雙人間（公共衞浴）:HK$76', '大床房c:HK$87', '大床房B:HK$100', '普通三人間:HK$103']"
朝陽恆屹富達温泉養生賓館,8.3,"['特價大床房:HK$151', '標準間:HK$183', '大床房:HK$183', '套房:HK$216']"
朝陽君啟商務賓館,7.7,"['標準間:HK$151', '大床房:HK$151', '特惠大床房:HK$172', '商務標準間:HK$172']"
OYO朝陽五月花商務賓館,7.3,"['標準間:HK$83', '大床房:HK$83', '標準三人間:HK$105']"
朝陽安心旅館,7.0,"['普通大床房:HK$38', '普通雙床房:HK$49', '標準間:HK$71']"
香蕉公寓（東方銀座店）,5.3,"['法式奶油大床房:HK$147', '夢幻梵曦大床房:HK$147']"
朝陽兩萬衹兔子短租公寓,6.0,"['一室一廳房:HK$157', '兩房一廳套房:HK$173', '豪德兩室一廳套房:HK$182', '豪德一室一廳套房:HK$182']"
晟合旅店,6.6,"['標準雙床房:HK$82', '特價房（無空調）:HK$82', '大床房:HK$98', '三人間:HK$142']"
朝陽鴻緣旅社,5.8,"['普通雙人間:HK$59', '標準大床房:HK$96']"
朝陽宏泰旅館,2.9,['普通間A（公共衞浴）:HK$25']
朝陽宏宇旅館,5.9,"['大床房（公共衞浴）:HK$25', '雙床房（公共衞浴）:HK$44', '普通標間:HK$65', '標準間:HK$84']"
晟興瑞錦酒店,9.2,"['普通大床房{智能客控+智能馬桶}:HK$142', '高級雙床套房{智能客控+會客沙發+智能馬桶}:HK$168', '高級大床房{智能客控+會客沙發+智能馬桶}:HK$175', '舒適大床房{智能客控+會客沙發+智能馬桶}:HK$193']"
維也納酒店（北票騰飛之龍店）,9.9,"['標準大床房（零壓床墊+智能馬桶+語音智能）:HK$226', '高級大床房（零壓床墊+手機投屏+語音智能）:HK$255', '高級雙床房（零壓床墊+手機投屏+語音智能）:HK$255', '豪華大床房（語音智能+零壓床墊）:HK$283']"
山嶼湯温泉度假酒店,9.2,"['室外觀景温泉大床房:HK$800', '雅緻温泉標準間:HK$832', '棋牌温泉大床房:HK$832', '尊享景觀温泉露台大床房:HK$832']"
瑞達·雲悦酒店,9.8,"['簡約大床房（語音小度 +零圧床墊 +加熱馬桶）:HK$169', '簡約雙床房（語音小度 +零圧床墊 +加熱馬桶）:HK$169', '舒適雙床房（語音小度 +零圧床墊 +加熱馬桶）:HK$203', '舒適大床房（語音小度 +零圧床墊 +加熱馬桶）:HK$203']"
喀喇沁左翼大成國際温泉酒店,9.6,"['高級雙床房:HK$326', '高級大床房:HK$327', '零壓靜眠舒適大床房（夢百合零壓床墊+夢百合深睡枕）:HK$392', '零壓靜眠舒適雙床房（夢百合零壓床墊+夢百合深睡枕）:HK$392', '豪華大床房:HK$424']"
麗楓酒店（朝陽建平縣政府店）,9.9,"['高級大床房（無窗）:HK$239', '雅緻大床房:HK$248', '豪華大床房:HK$265', '純凈自然雙床房:HK$273']"
來悦·大院賓館,9.6,"['特色榻榻米房:HK$98', '標準大床房:HK$113', '高級雙床家庭房:HK$121', '高級榻榻米套房:HK$274']"
建平國際酒店,8.8,"['凈雅單床房:HK$163', '高級雙床房:HK$194', '舒適雙床房:HK$206', '尊享大床房:HK$217', '尊享雙床房:HK$249']"
漢庭酒店（喀左客運站店）,9.6,"['高級大床房:HK$224', '雙床房:HK$233', '高級雙床房:HK$252', '套房:HK$298']"
凌源國際酒店,9.0,"['特惠商務雙床房:HK$212', '商務雙床房:HK$309', '商務大床房:HK$318', '家庭房:HK$327']"
如家商旅酒店（朝陽建平火車站鑫宇中央公園店）,9.4,"['大床房:HK$254', '高級大床房（手機電視投屏+沙發+茶几）:HK$262', '高級雙床房（手機電視投屏+沙發+茶几）:HK$262', '家庭房:HK$297']"
漢庭酒店（朝陽建平客運站店）,9.6,"['高級大床房A:HK$215', '高級大床房:HK$243', '雙床房:HK$252', '商務大床房:HK$280']"
凌源成悦國際酒店,9.5,"['豪華雙床房:HK$294', '豪華大床房:HK$346', '豪華家庭房:HK$450', '至尊大床房:HK$901', '豪華套房·浴缸:HK$1,326']"
朝陽縣金園商務酒店,8.9,"['標準間:HK$174', '大床房:HK$174', '商務大床房:HK$221', '商務大標間:HK$221']"
尚客優品酒店（朝陽凌源恆發購物中心店）,9.2,"['特惠大床房-智能客控:HK$189', '優品大床房-智能客控:HK$210', '優馨大床房-智能客控:HK$219', '優享大床房-智能客控:HK$228']"
7天優品酒店（喀左政府店）,9.4,"['特優大床房:HK$124', '優享雙床房:HK$210']"
捷晟賓館,9.6,"['雙床房:HK$108', '大床房:HK$108', '豪華雙床房:HK$199', '豪華大床房:HK$199']"
喀喇沁左翼盛軒賓館,9.6,"['特價房（無窗）:HK$118', '豪華大床房:HK$129', '標準雙床房:HK$132', '商務大床房:HK$151']"
