酒店名称,评分,房型价格列表
東營藍海御華大飯店,9.5,"['雅緻雙床房:HK$523', '高級單人間:HK$530', '雅緻大床房:HK$568', '荷里活大床房:HK$568', '豪華大床房:HK$621', '豪華雙床房:HK$621']"
東營同潤大酒店,9.9,"['高級大床房:HK$392', '商務雙床標準房:HK$403', '高級雙床房:HK$403', '商務大床標準房:HK$414', '荷里活親子特大床房:HK$468']"
東營璞際酒店（沃德中心店）,9.5,"['茶語大床房（全屋智控+零壓床墊+榻榻米茶座）:HK$333', '雅緻大床房（全屋智能客控+零壓床墊+枕頭+休閑茶具）:HK$360', '茶韻大床房（全屋智能客控+零壓床墊+枕頭+休閑茶具）:HK$385', '茶韻雙床房（全屋智能客控+零壓床墊+枕頭）:HK$385', '奢享大床房（全屋智能客控+零壓床墊+枕頭+休閑茶具）:HK$411']"
全季酒店（東營東三路銀座廣場店）,9.7,"['高級大床房（加濕器+手機投屏）:HK$279', '商務大床房（加濕器+手機投屏）:HK$297', '高級雙床房（加濕器+手機投屏）:HK$297', '商務雙床房（加濕器+手機投屏）:HK$325']"
東營希爾頓歡朋酒店,9.7,"['舒適大床房:HK$417', '高級雙床房:HK$417', '高級大床房:HK$443', '豪華雙床房:HK$443', '豪華大床房:HK$509']"
東營富力萬達嘉華酒店,9.4,"['豪華大床房（浴缸+金可兒床墊+Acca Kappa洗護用品）:HK$447', '豪華雙床房（浴缸+金可兒床墊+Acca Kappa洗護用品）:HK$447', '高級豪華大床房（悦享城景+浴缸+金可兒床墊）:HK$480', '高級豪華雙床房（悦享城景+浴缸+金可兒床墊）:HK$480', '影音大床房（智能影音投屏+金可兒床墊+浴缸）:HK$622', '親子雙床房（帳篷頂+搖搖馬+小童洗護用品）:HK$720']"
桔子酒店（東營市政府清風湖店）,9.8,"['高級大床房（獨立空調丨全屋智能丨小冰箱）:HK$291', '商務大床房（全屋智能丨恆温空調丨小冰箱）:HK$311', '高級雙床房（獨立空調丨全屋智能丨小冰箱）:HK$311', '豪華套房（一室一廳丨全屋智能丨小冰箱丨婚房佈置）:HK$412']"
東營西格爾輕奢酒店（振華商場銀座商城店）,9.6,"['惠享智能大床房【智能客控｜零壓床墊｜直飲純凈水機】:HK$230', '樂享智能雙床房【智能客控|零壓床墊|自動換膜馬桶】:HK$243', '樂享智能大床房【智能客控|零壓床墊|直飲純凈水機】:HK$256', '輕奢智能大床房【特大床|投屏電視|獨立辦公區】:HK$268', '浪漫情侶浴缸房【拍照出片|一次性浴缸套|浪漫泡泡浴】:HK$308']"
寶閣麗奢享酒店（東營墾利區繁華里店）,8.7,"['寶閣麗奢享大床房【全屋智能+喜臨門零壓床墊+小冰箱】:HK$241', '寶閣麗設計師大床房【全智能+零壓床墊+直飲機熱水 】:HK$262', '寶閣麗奢享雙床房【全屋智能+喜臨門零壓床墊+小冰箱】:HK$262', '寶閣麗設計師雙床【景觀落地窗+深度睡眠枕+五星級布草】:HK$271', '寶閣麗智享影音大床房【全智能+動感投影+落地窗】:HK$282']"
東營黃河路亞朵酒店,9.8,"['高級雙床房（可投屏電視）:HK$323', '高級大床房（可投屏電視）:HK$340', '行政雙床房（可投屏電視）:HK$349', '幾木雙床房（小冰箱＋可投屏電視）:HK$385', '幾木大床房（小冰箱＋可投屏電視）:HK$412']"
東營聚豐大酒店,9.5,"['高級豪華標準間:HK$272', '高級豪華大床房:HK$283', '行政電腦大床間:HK$294', '豪華大床間:HK$294', '豪華標準間:HK$294']"
東營沃德SOHO酒店,9.5,"['輕奢大床房:HK$167', '豪華大床房:HK$203', '豪華雙床房:HK$228', '奢享套房:HK$311']"
東營百麗酒店（新世紀廣場金融港店）,9.6,"['物超所值雙床房【直飲純凈水機+按摩沙發+零壓記憶枕】:HK$219', '臻選標準雙床房【零壓枕+按摩沙發+智能客控】:HK$252', '健康負氧無煙房【清新負氧+直飲純凈水機+電視投屏】:HK$282', '臻選高級雙床房【星級布草+Mini冰箱+智能換膜馬桶】:HK$283']"
漢庭優佳酒店（東營東城店）,9.4,"['大床房（手機投屏）:HK$167', '高級大床房（手機投屏）:HK$186', '雙床房（手機投屏）:HK$186', '豪華大床房（手機投屏）:HK$204']"
東營賓館,9.5,"['豪華雙床房:HK$425', '商務雙床房:HK$425', '豪華大床房:HK$447', '商務大床房:HK$447', '行政大床房:HK$469']"
東營仙河太璞酒店,9.4,"['全智能商務舒適大床房+助眠床墊:HK$281', '全智能商務舒適雙床房+助眠床墊:HK$335', '全智能豪華專享大床房:HK$335', '全智能行政輕奢大床房:HK$362']"
東營皇冠假日酒店,9.6,"['高級大床房:HK$417', '高級雙床房:HK$417', '高級房:HK$417', '高級大床房湖景:HK$499', '高級雙床房湖景:HK$519', '高級大床湖景行政房:HK$672']"
東營勝利廣場東勝大廈酒店,9.4,"['智能豪華大床房:HK$397', '智能豪華雙床房:HK$397', '豪華雙床房:HK$399', '豪華大床房:HK$410', '商務大床房:HK$415', '夢百合零壓豪華雙床房:HK$428']"
全季酒店（東營河口海寧路店）,9.6,"['高級大床房:HK$308', '高級雙床房:HK$318', '商務大床房:HK$338', '商務雙床房:HK$348']"
東營神州大酒店,8.9,"['別墅式普通大床房-獨立墅區:HK$163', '普通大床房:HK$203', '別墅式豪華大床房-獨立墅區:HK$216', '豪華標準房:HK$230']"
東營會客廳酒店（東城萬達廣場店）,9.6,"['特惠大床房:HK$163', '精品大床房（睡眠級別棉布草+品質床品）:HK$175', '精品雙床房（睡眠級別棉布草+品質床品）:HK$175', '高級大床房（睡眠級別棉布草+手機投屏+無線充）:HK$196']"
全季酒店（東營東城店）,9.8,"['高級大床房:HK$281', '高級雙床房:HK$302', '舒壓-高級大床房:HK$302', '舒壓-高級雙床房:HK$321']"
東營藍海國際大飯店,9.2,"['高級標準間:HK$402', '高級單人間:HK$402', '商務特色房:HK$468', '商務標準間:HK$468', '豪華商務房:HK$544', '行政大床房:HK$588']"
怡程酒店,9.1,"['標準大床房:HK$258', '標準雙人間:HK$306', '高級大床房:HK$306', '豪華大床房:HK$315', '豪華雙床房:HK$335']"
銀座精宿（東營蘇州路凌上新街坊店）,9.6,"['精選大床房:HK$153', '智慧精選大床房:HK$169', '精選雙床房:HK$178', '影音精選大床房:HK$187']"
東營藍海新悦大飯店,8.8,"['藍鑽大床房:HK$163', '藍鑽標準間:HK$163', '商務大床房:HK$262', '商務標準間:HK$294', '豪華大床房:HK$349']"
維也納酒店（東營東城萬達廣場店）,9.2,"['高級大床房【電視投屏+深睡床墊+品牌洗護】:HK$231', '豪華大床房【電視投屏+深睡床墊+品牌洗護】:HK$260', '豪華雙床房【電視投屏+深睡床墊+品牌洗護】:HK$270', '商務大床房【智能客控+電視投屏+深睡床墊+品牌洗護】:HK$281']"
東營藍鑽酒店,9.1,"['高級雙床房:HK$222', '高級大床房:HK$222', '商務大床房:HK$288', '商務雙床房:HK$288']"
歸靜雅居民宿（墾利黃河口鎮店）,9.4,"['舒適大床房:HK$279', '精緻大床房:HK$381', '精緻雙床房:HK$381', '親子雙床房:HK$464']"
如家精選酒店（東營金融港店）,9.6,"['大床房:HK$160', '雙床房:HK$160', '商務大床房:HK$197', '高級雙床房:HK$197']"
地球村大酒店（東營府前大街店）,9.3,"['特惠雙床房:HK$107', '特惠大床房:HK$153', '雙床房:HK$180', '普通雙床房:HK$226']"
東營綠洲印象精品酒店,8.9,"['輕雅單人間:HK$110', '輕途商旅雙床房:HK$128', '景途特惠大床房:HK$128', '逸途商旅雙床房:HK$146']"
東營藍海西城賓館,9.1,"['荷里活大床房:HK$186', '豪華標準間-內窗:HK$186', '豪華標準間:HK$239', '普通標準間:HK$262']"
東營百麗精品酒店（西城萬達廣場店）,9.6,"['温馨·榻榻米大床房【電視投屏＋智能客控＋靜謐安睡】:HK$158', '相濡以沫·水晶圓床房【電視投屏+浪漫滿屋+星級布草】:HK$169', '悠然自得·水床房【恆温水上懸浮床墊+電視投屏】:HK$169', '樂享·智能雙床房【直飲純凈水機＋自動轉膜馬桶】:HK$181']"
漢庭酒店（東營東城眾成和頤新城店）,9.8,"['高級大床房:HK$197', '豪華雙床房:HK$206', '豪華大床房:HK$206', '家庭房:HK$265']"
東營河口賓館,9.2,"['無窗大床房:HK$184', '特惠智能雙床房:HK$204', '智能大床房:HK$308', '智能雙床房:HK$308', '高級雙床房:HK$370']"
如家精選酒店（河口區政府海寧路店）,9.6,"['大床房:HK$208', '雙床房:HK$208', '高級大床房:HK$241', '高級雙床房:HK$241']"
藍海大飯店（東營東城府前大街店）,9.4,"['特惠商務房:HK$108', '商務標準間:HK$151', '商務單人間:HK$151', '普通單人間:HK$173']"
東營興魯職業培訓中心（東營區店）,9.1,['標準雙床房:HK$197']
東營百麗酒店（海通路美食街銀座廣場店）,9.4,"['地中海深睡房【海洋憩息+潔凈新風+一次性馬桶轉膜】:HK$106', '時光荏苒大床房【80代回憶+新風系統+電視投屏+自動換膜馬桶】:HK$115', '温馨榻榻米大床房【一室一廳+榻榻米床+電視投屏+自動一次性馬桶轉膜】:HK$115', 'Coco公主複式房【複式榻榻米+潔凈新風+電視投屏+自動一次性馬桶轉膜】:HK$124']"
沃德Smart酒店（墾利銀座商城店）,9.5,"['高級雙床房（智能馬桶）:HK$180', '高級大床房（智能馬桶）:HK$189', '靜享雙床房（智能馬桶）:HK$198', '靜享大床房（智能客控+智能馬桶）:HK$216']"
東營風華國際酒店,8.9,"['雅緻大床房:HK$214', '雅緻雙床房:HK$239', '豪華大床間:HK$252', '豪華雙床間:HK$265']"
漢庭酒店（東營北二路店）,9.7,"['高級大床房:HK$171', '豪華大床房:HK$179', '豪華雙床房:HK$197', '家庭房:HK$213']"
漢庭酒店（東營墾利振興路店）,9.8,"['高級大床房:HK$166', '高級雙床房:HK$184', '豪華大床房:HK$184', '商務套房:HK$237']"
銀座佳驛精緻酒店（東營西二路銀座商城石油化工學院店）,9.6,"['精緻大床房【舒適地暖+羽絨床品】:HK$139', '精緻雙床間【舒適地暖+羽絨床品】:HK$146', '零壓精選大床房【舒適地暖+零壓助眠】:HK$167', '悦享大床房【舒適地暖+投影大片+隨心所“浴】:HK$170']"
東營墾利賓館,9.6,"['高級標準間:HK$162', '高級大床房:HK$194', '商務標準間:HK$200', '商務大床房:HK$211']"
東營龍鳳祥大飯店,9.4,"['特惠大床間:HK$152', '特惠標準間:HK$152', '舒適標準間:HK$174', '豪華大床房:HK$196']"
如家素柏·雲酒店（東營港經濟開發區店）,9.4,"['惠選雙床房:HK$211', '惠選大床房:HK$211', '高級雙床房:HK$245', '高級大床房:HK$254']"
如家UP華驛精選酒店（東營銀座商城勝利油田中心醫院店）,9.0,"['商務大床房（零壓床墊+安心舒睡+全屋WiFi）:HK$130', '精選雙床房（零壓床墊+安心舒睡+全屋WiFi）:HK$151', '精選大床房（全屋WiFi+瓶裝水+安心舒睡）:HK$151', '高級大床房（安心舒睡+乾濕分離+瓶裝水）:HK$165']"
格林豪泰智選酒店（東營銀座店）,9.4,"['大床房（全屋智能+中央空調）:HK$213', '商務大床房（全屋智能+舒適好夢）:HK$235', '高級大床房（全屋智能+採光明亮）:HK$256', '商務套房（全屋智能+肆意街景）:HK$278']"
