酒店名称,评分,房型价格列表
林芝悦皇冠度假酒店,9.7,"['觀雲聽雨雙床:HK$1,485', '觀雲聽雨雙床房+沙發床:HK$1,626', '雪山雲霧大床:HK$1,636', '供氧雪山雲霧露台大床房+沙發床:HK$1,787', '供氧一室一廳壁爐雙床房+沙發床:HK$1,787', '觀雲聽雨雙床-Loft:HK$1,799']"
山澤居度假酒店（林芝機場店）,9.5,"['桃林房車雙床房:HK$421', '桃林房車大床房:HK$421', '園景大床房:HK$550', '高級江景雙床房:HK$766', '輕奢江景大床房:HK$1,036']"
林芝後客東來酒店,9.6,"['智能彌散供氧雙床房:HK$974', '智能彌散供氧大床房:HK$1,009', '智能彌散供氧豪華雙床房:HK$1,091', '智能彌散供氧星空大床房:HK$1,091', '智能彌散供氧豪華大床房:HK$1,121', '智能彌散供氧親子房:HK$1,473']"
亦嵐酒店（林芝市幸福小區濕地公園店）,9.6,"['簡歐大床房:HK$440', '輕享大床房:HK$464', '輕享雙床房:HK$480', '超享大床房:HK$511', '超享雙床房:HK$535']"
林芝不鳴庭院酒店 （尼洋河店）,9.7,"['忘憂·院景大床房【地暖+零壓床墊+實木桌椅】:HK$428', '自在·榻榻米大床房【地暖+零壓床墊+小米音響】:HK$460', '雲悠·暖陽院景大床房【雲悠·暖陽院景大床房】:HK$529', '星野·180°觀景大床房【地暖+毛筆書法桌+觀景品茗茶塌】:HK$610', '月華·180°觀景雙床房【地暖+卧觀雪山尼洋河景+零壓床墊】:HK$610']"
林芝宇拓路希爾頓惠庭酒店,9.6,"['靈動大床房（加濕器+休閑露台+膠囊coffee機+沙發床）:HK$665', '靈動山景大床房（加濕器+露台+膠囊coffee機+沙發床）:HK$698', '靈動雙床房（加濕器+露台+膠囊coffee機+手持掛燙機）:HK$720', '靈動園景大床房（加濕器+露台+膠囊coffee機+沙發床）:HK$775', '山景套房:HK$1,001']"
全季酒店（林芝南粵大道尼洋時光店）,9.7,"['高級大床房【拾趣茶具+小冰箱+金可兒床墊】:HK$503', '豪華雙床房【拾趣茶具+小冰箱+金可兒床墊】:HK$503', '豪華大床房【拾趣茶具+小冰箱+金可兒床墊】:HK$543', '山景大床房【拾趣茶具+小冰箱+金可兒床墊】:HK$604', '山景豪華雙床房【拾趣茶具+小冰箱+金可兒床墊】:HK$604']"
林芝諾央琳莊園酒店（比日神山店）,9.4,"['特惠精緻標間:HK$239', '精緻標間:HK$246', '精緻觀景標間:HK$263', '豪華河景雙床房:HK$294']"
松贊百巴帳篷營地,9.3,"['帳篷雙人間:HK$2,626']"
麗怡酒店（林芝迎賓大道氂牛廣場店）,9.2,"['標準大床房（中央空調+新風系統）:HK$573', '標準雙床房（中央空調+新風系統）:HK$573', '高級大床房（中央空調+新風系統）:HK$595', '豪華雙床房（彌散式供氧+新風系統）:HK$609', '豪華大床房（彌散式供氧）:HK$623']"
林芝故夢夜泊客棧,9.8,"['庭院地暖大床房:HK$406', '庭院地暖雙床房:HK$465', '半浮生·雪山觀景地暖大床房:HK$512', '半醒·雪山觀景地暖大床房:HK$558']"
全季酒店（林芝八一大街店）,9.6,"['高級大床房（小冰箱+65寸電視投屏）:HK$459', '高級雙床房（小冰箱+65寸電視投屏）:HK$459', '山景高級大床房（小冰箱+65寸電視投屏）:HK$508', '山景高級雙床房（小冰箱+65寸電視投屏）:HK$508']"
林芝喬穆朗宗酒店,9.2,"['商務觀景大床房:HK$930', '雪山城景大床房:HK$1,067', '雪山城景雙床房:HK$1,082', '雪山尼洋河遠景大床房（180°觀景+超大空間）:HK$1,401', '行政觀景智能大床房（智能客控）:HK$1,623', '行政觀景智能雙床房（智能客控）:HK$1,628']"
林芝工布天街林海公園亞朵酒店,9.5,"['高級雙床房（供氧+全屋落地窗＋普蘭特床墊）:HK$548', '高級景觀大床房（供氧+全屋落地窗+普蘭特床墊）:HK$548', '幾木景觀大床房（供氧+落地窗景＋普蘭特床墊）:HK$638', '高級景觀雙床房（供氧+全屋落地窗＋普蘭特床墊）:HK$638', '幾木景觀雙床房（供氧+全屋落地窗＋普蘭特床墊）:HK$728']"
林芝須彌瀾庭酒店,9.6,"['庭院大床房:HK$392', '庭院雙床房:HK$403', '觀景雙床房:HK$578', '觀景大床房:HK$578']"
林芝天宇藏祕主題酒店,8.9,"['神山觀景標準間:HK$885', '尼洋河觀景標間:HK$939']"
嘉悦酒店（比日神山生態景區店）,9.6,"['舒享大床房:HK$388', '靜謐大床房:HK$392', '舒享雙床房:HK$392', '靜謐雙床房:HK$396']"
林芝五洲皇冠酒店,9.3,"['商務觀景標準房:HK$967', '商務觀景大床房:HK$967', '豪華觀景大床房:HK$1,005', '豪華觀景套房:HK$1,042']"
林芝南粵大道錦江都城酒店,9.3,"['精緻大床房:HK$470', '都會大床房:HK$502', '都會雙床房:HK$502', '風雅雙床房（別墅房型）:HK$557', '風雅大床房（別墅房型）:HK$557']"
林芝保利雅途酒店,9.5,"['高級園景大床房:HK$1,300', '高級園景雙床房:HK$1,300', '雪山露台雙床房:HK$1,409', '雪山露台大床房:HK$1,409', '雪山庭院大床別墅:HK$1,957', '雪山庭院雙床別墅:HK$1,957']"
林芝名人酒店,8.3,"['酷角時尚大床房+彌散式智能供氧+釋壓床墊+加濕器:HK$569', '精緻別雅大床房+彌散式智能供氧+釋壓床墊+全景落地窗:HK$726', '精緻別雅雙床房+彌散式智能供氧+釋壓床墊+全景落地窗:HK$726', '行政精英大床房+彌散式智能供氧+釋壓床墊+全景落地窗:HK$804', '行政精英雙床房+彌散式智能供氧+釋壓床墊+全景落地窗:HK$804', '巨幕影音雙床房+彌散式智能供氧+釋壓床墊+全景落地窗:HK$908']"
桔子酒店（林芝氂牛廣場酒店）,9.5,"['加州陽光高級雙床房:HK$352', '加州陽光高級大床房:HK$381', '月若流金高級大床房:HK$411', '月若流金高級雙床房:HK$430', '月若流金家庭房:HK$477']"
美豪酒店（林芝南粵大道尼洋時光店）,9.5,"['靜謐大床房（零壓枕+深睡床墊+智能馬桶）:HK$502', '精緻雙床房（零壓枕+深睡床墊+智能馬桶）:HK$502', '精緻大床房（零壓枕+深睡床墊+智能馬桶）:HK$521', '雅緻雙床房（零壓枕+深睡床墊+智能馬桶）:HK$521', '雅緻大床房（零壓枕+深睡床墊+智能馬桶+迷你冰箱）:HK$601']"
林芝巴宜南粵大道亞朵酒店,9.5,"['高級大床房（65寸投屏電視+加濕器+普蘭特床墊）:HK$467', '高級雙床房（65寸投屏電視+加濕器+普蘭特床墊）:HK$485', '高級山景大床房（65寸投屏電視+加濕器+普蘭特床墊）:HK$511', '高級山景雙床房（65寸投屏電視+加濕器+普蘭特床墊）:HK$529', '幾木山景大床房（65寸可投屏電視+深睡枕PRO+加濕器）:HK$557']"
林芝汀樾觀堂,9.4,"['觀堂雲景大床房:HK$1,489', '觀堂雲景雙床房:HK$1,489', '觀堂湖景雙床房:HK$1,708', '觀堂湖景大床房:HK$1,708', '觀堂家庭房:HK$2,365', '豪華湖景套房:HK$2,584']"
林芝魯朗必居酒店,9.4,"['特惠大床房:HK$579', '特惠雙床房（地暖）:HK$579', '豪華標間（智能客控+零壓床墊）:HK$765', '豪華大床房（智能客控+零壓床墊）:HK$765', '供氧豪華大床房（智能客控+零壓床墊）:HK$874']"
博泰林芝大酒店,9.3,"['精緻雙床房（無窗）:HK$399', '豪華雙床房（園景）:HK$669', '豪華大床房（山景）:HK$669', '豪華大床房（園景）:HK$669', '親子大床房:HK$754', '親子雙床房:HK$754']"
藝龍安悦酒店（林芝雪域江南尼洋河景區店）,9.5,"['高級大床房【零壓床墊+乳膠枕+高清投屏+智能馬桶】:HK$480', '高級雙床房【零壓床墊+乳膠枕+高清投屏+智能馬桶】:HK$505', '豪華大床房【景觀+零壓床墊+乳膠枕+高清投】:HK$570', '豪華雙床房【景觀+零壓床墊+乳膠枕+高清投屏】:HK$570']"
林芝印象酒店,9.6,"['豪華雙床房:HK$435', '豪華觀山江景套房:HK$473', '豪華觀景雙床房:HK$510', '豪華大床房:HK$510', '豪華觀景大床房:HK$542']"
林芝貢布花園酒店,9.1,"['豪華標間（景觀陽台、全屋地暖）:HK$698', '豪華單間（景觀陽台、全屋地暖）:HK$698', '豪華套房（景觀陽台、全屋地暖）:HK$958']"
林芝魯朗珠江國際酒店,9.0,"['雪山觀景大床房:HK$1,040', '雪山觀景雙床房:HK$1,040', '豪華大床房:HK$1,169', '豪華雙床房:HK$1,169', '豪華套房:HK$2,584', '雪山觀景套房:HK$2,817']"
林芝中恆藏吉喜瑪大酒店,9.4,"['商務山景雙床房:HK$635', '豪華商務雙床房:HK$731', '商務山景大床房:HK$743', '豪華商務大床房:HK$757', '豪華商務套房:HK$1,409']"
林芝風情大酒店,9.1,"['豪華單人間:HK$435', '豪華標準間:HK$435', '豪華三人間:HK$644', '豪華套房:HK$1,116']"
林芝萬清堂大酒店,9.2,"['豪華觀景標間:HK$729', '商務觀景標間:HK$729', '豪華觀景單間:HK$729', '高級商務單間:HK$729', '商務觀景套房:HK$851']"
林芝錦鑫酒店,9.0,"['安奢·園景雙床房（地暖）:HK$459', '安奢·園景大床房（地暖）:HK$471', '安奢·觀景大床房（地暖）:HK$493', '安奢·觀景雙床房（地暖）:HK$523', '安奢·豪華大床房（地暖）:HK$523']"
林芝岷山大酒店,8.9,"['特價標間（無窗）:HK$316', '高級標間:HK$359', '高級單間:HK$359', '豪華單間:HK$458', '豪華標間:HK$458']"
維也納國際酒店（林芝桃花源店）,9.4,"['高級大床房:HK$472', '豪華雙床房:HK$489', '行政大床房:HK$505', '行政雙床房:HK$505']"
林芝藏南桃谷酒店,9.7,"['湖畔景舍大床房:HK$547', '湖畔景舍雙床房:HK$657', '木屋別墅兩居室:HK$875', '木屋別墅三居室:HK$1,532', '木屋別墅四居室:HK$1,970']"
林芝喜路酒店,9.3,"['特惠大床房:HK$545', '特惠標準間:HK$545', '高級大床房:HK$655', '高級雙床房:HK$655', '富氧大床房（瀰漫式全屋供氧）:HK$765']"
林芝泰立酒店,9.1,"['豪華大床間:HK$509', '豪華雙人間:HK$509', '豪華套間:HK$1,063']"
林芝東辰錦輝酒店（濱河路店）,7.7,"['高級江景大床房:HK$553', '高級城景雙床房:HK$553', '高級江景雙床房:HK$553', '豪華城景雙床房:HK$831', '豪華情侶房:HK$831']"
林芝恆大酒店,9.3,"['親水園景雙床房（製氧機）:HK$1,055', '親水園景大床房（製氧機）:HK$1,055', '雪山湖景大床房（製氧機）:HK$1,240', '雪山湖景雙床房（製氧機）:HK$1,240', '小黃鴨主題親子套房（製氧機）:HK$1,515', '海底小縱隊主題親子套房（製氧機）:HK$1,515']"
林芝羿隱居度假養心酒店,9.8,"['陽光暖心榻榻米大床房+尊享茶室·全屋地暖·加濕器:HK$438', '陽光暖心大床房+尊享茶室·全屋地暖·加濕器:HK$486', '景觀飄窗+悦茶養心大床房·全屋地暖·加濕器:HK$502', '陽光暖心雙床房+尊享茶室·全屋地暖·加濕器:HK$518']"
加拉白壘峯民宿,9.5,"['豪華全景標準房（電熱毯，空調 智能馬桶）:HK$222', '雪山觀景藏式大床房（空調+電熱毯+智能馬桶）:HK$268']"
林芝桑吉民宿,9.7,"['舒適標間（電熱毯）:HK$268', '豪華全景標準間（地暖）:HK$340', '豪華全景大床房（地暖）:HK$342', '豪華全景三人間（地暖）:HK$433']"
林芝魯朗卓家庭旅館,9.5,"['雪山觀景·雙床房 （空調+電熱毯）:HK$279', '雪山觀景·豪華大床房（空調+電熱毯）:HK$279']"
魯朗洛桑尼瑪家庭民宿,9.4,"['豪華觀景雙床房（空調+電熱毯）:HK$279', '觀景豪華大床房（空調+電熱毯）:HK$288']"
林芝擦貢康桑民宿（魯朗貢措湖景區店）,9.6,"['雅緻·温馨雙人房（茶桌休閑區+電熱毯）:HK$167', '蔚藍·和睦豪華雙人床（牧場景色）:HK$214', '雲上·舒適大床房（可觀日照金山+深睡床墊+鴨絨被芯）:HK$251', '春晴·180度全景家庭套房:HK$307']"
林芝比日神山幺幺柒客棧,8.4,"['舒適大床房:HK$251', '精品雙床房:HK$269']"
林芝鑫源大酒店,9.1,['標準三人間:HK$370']
