酒店名称,评分,房型价格列表
海口鑫源温泉大酒店（日月廣場免税店）,9.1,"['高級雙床房:HK$238', '商務大床房:HK$238', '温泉浴療大床房:HK$316', '温泉浴療雙床房:HK$316', '貴賓雙床房:HK$343']"
WB·拉亞設計師酒店（美蘭國際機場T1T2客運大樓店）,9.6,"['雲端 | 流年大床房:HK$205', '雲染|温馨榻榻米房（巨幕投影+舒適睡眠）:HK$206', '漫心丨舒適大床房（巨幕投影+乾濕分離）:HK$219', '幾木丨影音大床房（巨幕投影+乾濕分離）:HK$225']"
華盛酒店（海口義龍西路騎樓老街店）,9.4,"['樂享華美大床房/全屋智能/4K電視/可投屏/0壓床墊:HK$181', '椰城風雅雙床房/60寸大屏電視/中央空調/遮光窗簾:HK$207', '悦享陽光大床房/全景落地窗/純棉四件套/0壓枕:HK$207', '都市節奏大床房/雙人沙發/一次性馬桶套/美粧發光鏡:HK$220']"
維唐酒店（海口東站龍昆南路店）,9.4,"['維密影音大床房「100寸巨幕投影·暢爽觀影」:HK$178', '大吉大利特價房「舒適睡眠·行政辦公桌」:HK$188', '維景雙床房「75寸小米電視·乳膠床墊」:HK$198', '維汀全景大床房「全景落地窗·觀城景」:HK$198']"
愛麗智慧酒店（海口友誼商業廣場騎樓老街店 ）,9.4,"['輕奢清新房大床或雙床:HK$244', '楓雅大床房（75寸智能電視投屏+全屋智能客控）:HK$265', '憶梵大床房（75寸智能電視投屏+全屋智能客控）:HK$272', '錦華榻榻米房（智能大屏投影+全屋智能客控）:HK$272']"
鵬禧酒店（海口騎樓老街日月廣場免税店）,9.4,"['陽光大床房（席夢思床墊+膳魔師熱水壺+小冰箱）:HK$307', '高級大床房（內景窗）（席夢思床墊+膳魔師熱水壺+小冰箱）:HK$307', '高級雙床房（內景窗）（席夢思床墊+膳魔師熱水壺+小冰箱）:HK$307', '豪華大床房（席夢思床墊+膳魔師熱水壺+小冰箱）:HK$346', '豪華雙標房（席夢思床墊+膳魔師熱水壺+小冰箱）:HK$346']"
維也納酒店（海口國興大道省政府店）,9.6,"['標準大床房（超大床+萊芬吹風筒+小度智控）:HK$224', '高級大床房（超大床+萊芬吹風筒+小度智控）:HK$249', '豪華雙床房（床品舒適+高空美景+小度智控）:HK$249', '豪華大床房（床品舒適+高空美景+小度智控）:HK$280']"
良智滙品酒店（海口美蘭機場金地雲海灣店）,9.5,"['良知·AI舒適大床房（全屋智能）:HK$216', '本心·AI甄選雙床房（全屋智能）:HK$225', 'HK系列·AI輕氧大床房（全屋智能）:HK$235', 'WISE·AI尊享大床房:HK$244']"
柒遇裏酒店（高鐵東站五公祠店）,9.8,"['知遇大床房（靜享安眠+功夫茶具+北歐ins沙發）:HK$236', '知遇雙床房（智能客控+冷暖空調）:HK$236', '際遇大床房（安睡記憶枕+智能客控+冷暖空調）:HK$269', '際遇雙床房（智能客控+冷暖空調）:HK$269']"
海口國貿希爾頓歡朋酒店,9.6,"['舒適雙床房:HK$457', '舒適大床房:HK$457', '荷里活房:HK$480', '高級大床房:HK$512', '高級雙床房:HK$512']"
嶼夕·輕奢海景民宿（榮山寮店）,9.7,"['聆聽潮汐-眺望海景温馨大床房:HK$439', '靜謐星夜-豪華雙人標準間:HK$440', '漁歌唱晚-遠眺海景大床房:HK$553', '夕生為汐-無垠視野海景大床房:HK$771']"
濱江萬璟酒店（椰海大道美蘭機場店）,9.5,"['悦享·康城大床房（護脊床墊+零壓記憶枕+沉浸式觀影）:HK$264', '靜享·深睡雙床房（金可兒加長護脊床墊+全屋智能+零壓記憶枕+徠芬吹風機+天福茶藝）:HK$302', '謐享·深睡大床房（金可兒加長護脊床墊+全屋智能+零壓記憶枕+徠芬吹風機+天福茶藝）:HK$312', '尊享·璟庭大床房（高配版品質進階+法國歐瓏洗護）:HK$394', '舒享·福滿家庭房（高配版品質進階+法國歐瓏洗護）:HK$440']"
海口漫島酒店（海大南門夜市店）,9.8,"['漫怡-智能影視大床房（巨幕投影）:HK$396', '漫欣-智能影視大床房（巨幕投影）:HK$398', '漫悦-巨幕大床房（智能小度）:HK$412', '漫樂-巨幕大床房（智能小度）:HK$419']"
格菲酒店（海口高鐵東站南北水果市場店）,9.6,"['格菲大床房「智能小度+酣暢甜睡」:HK$168', '格菲雙床房「智能小度+酣暢甜睡」:HK$168', '格菲.高級大床房「智能客控+55寸電視投屏+採光通透」:HK$198', '格菲.高級雙床房「智能客控+55寸電視投屏」:HK$198']"
皇馬椰海國際酒店（海口國貿中心萬象城店）,9.6,"['椰韻高級大床房:HK$434', '椰韻高級雙床房:HK$434', '潮起商務大床房:HK$445', '潮起商務雙床房:HK$445', '弄潮親子房:HK$544', '潮悦豪華雙床房:HK$567']"
自在音樂民宿（騎樓老街店）,9.3,"['騎樓丨雅眠雙床房（無窗配有新風系統）:HK$156', '騎樓丨雅眠大床房:HK$156', '騎樓丨院景大床房:HK$167', '騎樓丨院景LOFT複式大床房:HK$173']"
海口美蘭國際機場酒店（T1T2客運大樓店）,9.4,"['標準雙床房:HK$436', '標準大床房:HK$453', '高級大床房:HK$474', '高級雙床房:HK$474', '豪華大床房:HK$524']"
海口東站希爾頓歡朋酒店,9.6,"['舒適大床房:HK$392', '舒適雙床房:HK$392', '高級大床房:HK$425', '高級雙床房:HK$425', '純凈高級大床房:HK$489']"
海口國興大道省政府宜尚酒店,9.4,"['標準大床房（智能客控+舒適典雅+安逸空間）:HK$244', '商務雙床房（智能客控+舒適典雅+安逸空間）:HK$266', '舒適大床房（智能客控+寬敞明亮+安逸空間）:HK$266', '高級大床房（智能客控+全景落地窗+房間冰箱）:HK$287']"
潤泰酒店（海甸島海南大學店）,9.4,"['特惠大床房（舒睡好夢+乾濕分離）:HK$228', '特惠雙床房（乾濕分離+舒睡好夢）:HK$231', '高級雙床房（落地窗+乾濕分離）:HK$258', '高級大床房（落地窗+乾濕分離+舒適好睡）:HK$258', '雅緻大床房（乾濕分離+温馨好睡+床品舒適）:HK$269']"
花築·海口雲海逸境海景民宿（萬綠園海口灣店）,9.0,"['雲海｜晴空園景Loft一居室:HK$211', '雲海|落日海景Loft一居室:HK$224', '雲海|森系海景Loft一居室:HK$236', '雲海|悦享城景Loft兩居室:HK$274']"
芒果水晶酒店（海口美蘭機場店）,9.4,"['林間景緻大床房（智能客控+55寸智能電視+深睡床墊+封閉窗）:HK$227', '景觀舒適雙床房（智能客控+55寸智能電視+深睡床墊+乾濕分離+柔軟床品）:HK$271', '陽光高級大床房（智能客控+55寸智能電視+特大床深睡床墊+乾濕分離）:HK$271', '家庭三人房（智能客控+55寸智能電視+超大空間+深睡床墊+乾濕分離）:HK$304']"
海口韋豪温泉大酒店（省政府日月廣場免税店）,9.2,"['韋豪園景大床房:HK$256', '韋豪園景雙床房:HK$256', '經典舒適雙床房:HK$287', '經典舒適大床房:HK$287', '輕奢園景大床房（冷暖空調+電視投屏）:HK$307']"
藝龍酒店（海口國貿中心友誼陽光城店）,9.5,"['藝龍雅緻大床房（網紅打卡牆+夢百合床墊+客房迷你吧）:HK$317', '心悦·AI大床房（網紅打卡牆+法式淑女管家+夢百合床墊+海口旅遊攻略）:HK$339', '心悦·AI雙床房（網紅打卡牆+法式淑女管家+夢百合床墊+海口旅遊攻略）:HK$339', '藝心·AI雙床房（網紅打卡牆+法式淑女管家+夢百合床墊+海口旅遊攻略）:HK$361', '藝心·AI大床房（網紅打卡牆+法式淑女管家+夢百合床墊+海口旅遊攻略）:HK$372']"
良智海景大酒店（國際會展中心店）,9.3,"['閲潮大床房【温泉+智能客控+記憶枕+智能潔具+一線海景】:HK$455', '悦海大床房【温泉+智能客控+記憶枕+智能潔具+直麪大海】:HK$485', '閲潮雙床房【温泉+智能客控+記憶枕+智能潔具+一線海景】:HK$501', '悦海雙床房【温泉+智能客控+記憶枕+智能潔具】:HK$542', '奢華海景雙床房【陽台海景+智能客控+洗衣機+冰箱】:HK$672', '奢華海景大床房【直麪大海+智能客控+洗衣機+冰箱】:HK$794']"
海南亞泰温泉酒店,8.8,"['雅緻花園庭院雙床房:HK$294', '雅緻花園庭院大床房:HK$294', '池畔私湯温泉雙床房:HK$396', '池畔私湯温泉大床房:HK$396', '雅緻花園零壓好睡雙床房:HK$404', '盈濱海景雙床房:HK$503']"
奧朵酒店（海口秀英港海秀西路店）,9.2,"['舒適大床房（全屋智能+65寸可投屏電視）:HK$261', '觀景豪華大床房（全屋智能+65寸可投屏電視）:HK$267', '舒適雙床房（全屋智能+65寸可投屏電視）:HK$277', '悠享影院大床房（全屋智能+100寸投影幕布+小冰箱）:HK$295']"
温德森酒店（東湖騎樓老街店）,9.4,"['温馨大床房【全屋智能】:HK$218', '雲慕影院大床房【全屋智能】:HK$236', '高級大床房【全屋智能】:HK$249', '竹月雙床房【全屋智能】:HK$266']"
隱沫海岸酒店（海口新埠島碧海銀灘店）,9.3,"['輕奢清新房:HK$175', 'FS星空樂享房（智能小度+巨幕投影+騰訊視頻會員）:HK$205', 'FL酷享大床房（智能小度+巨幕投影+騰訊視頻會員）:HK$230', 'FL酷享雙床房（智能小度+巨幕投影+騰訊視頻會員）:HK$240', 'FM海岸致享大床房（智能小度+巨幕投影+騰訊視頻會員）:HK$251']"
海口灣恆大逸閣度假公寓,9.0,"['園景雙床房:HK$247', '園景大床房:HK$247', '海景大床房:HK$296', '海景雙床房:HK$296', '一居室園景套房:HK$341']"
海口寶發勝意酒店（國貿中心店）,9.2,"['特惠雙床房:HK$271', '市景雙床房:HK$293', '雲端大床房:HK$293', '家庭度假房:HK$326', '豪華商務房:HK$348']"
海口天佑大酒店（西海岸假日海灘）,9.1,"['海景雙床房:HK$419', '海景大床房:HK$419', '行政海景雙床房:HK$468', '行政海景大床房:HK$468', '商務套房:HK$661', '海景套房:HK$803']"
海口華彩洲際酒店,9.6,"['豪華房 雙床:HK$590', '豪華大床-公寓户型:HK$590', '豪華房-公寓户型:HK$590', '豪華海景大床-公寓户型:HK$645', '尊享家庭房-公寓户型:HK$693', '單卧海景套房-公寓户型:HK$710']"
海口中心CitiGO歡閣酒店,9.5,"['歡閣雙床房「小冰箱+智能客控+漢斯格雅淋浴」:HK$255', '歡閣大床房「小冰箱+智能客控+漢斯格雅淋浴」:HK$255', '歡閣豪華大床房「小冰箱+智能客控+漢斯格雅淋浴」:HK$274', '歡逸大床房「小冰箱+智能客控+漢斯格雅淋浴」:HK$293', '歡逸雙床房「小冰箱+智能客控+漢斯格雅淋浴」:HK$293']"
維也納國際酒店（海口濱海大道西秀海灘店）,9.6,"['純凈大床房（小度智能客控）:HK$374', '臻禮大床房（小度智能客控）:HK$383', '臻禮雙床房（小度智能客控）:HK$383', '海景大床房（一線海景+智能客控+mini吧）:HK$426', '海景雙床房（一線海景+智能客控+mini吧）:HK$426']"
海口SKYBIRD嘉虹酒店（騎樓老街店）,9.4,"['舒適大床房（55寸投屏電視+深睡記憶枕）:HK$347', '舒適房雙床房（55寸投屏電視+深睡記憶枕）:HK$347', '商務艙大床房（深睡記憶枕+陽台）:HK$364', '商務艙雙床房（55寸投屏電視+深睡記憶枕）:HK$364', '尊享女生大床房（按摩椅+小冰箱）:HK$398']"
皇馬假日南洋博物館酒店（海口騎樓老街店）,9.3,"['星空巨幕影院房【百寸投屏-杜比環繞-沉浸式追劇觀賽】:HK$381', '南洋風情雙床房【南洋十國風情-大落地窗】:HK$385', '夢迴南洋乳膠房【南洋十國風情-乳膠床品】:HK$388', '南洋庭院大床房【零壓床品】:HK$406', '南洋江景大床房【騎樓老街老字號-觀景落地窗-俯瞰江景】:HK$432']"
海口朗廷酒店,9.4,"['豪華客房:HK$654', '豪華海景客房-大床:HK$718', '豪華海景客房-雙床:HK$718', '親子主題海景房:HK$832', '行政海景客房-雙床:HK$893', '行政海景客房-大床:HK$893']"
時光印城紀酒店（望海國際明珠廣場店）,9.2,"['輕享大床房:HK$138', '輕享雙床房:HK$145', '印享榻榻米大床房:HK$151', '優享大床房:HK$158']"
微瀾間酒店（海口美蘭機場鴻洲江山店）,9.3,"['雲棲┃酣眠大床房:HK$156', '雲舒┃漫享大床房:HK$167', '雲穹┃謐境大床房:HK$184', '雲境┃御居雙床房:HK$199']"
都市花園酒店（美蘭機場店）,9.5,"['舒適大床房:HK$219', '舒適雙床房:HK$240', '商務大床房:HK$243', '商務雙床房:HK$269']"
温德森酒店（海口高鐵東站美蘭機場店）,9.5,"['商務大床房（商務舒適+智能客控+舒睡遮光窗簾）:HK$178', '高級雙床房（全屋智能+坐卧休閑椅+視野廣闊）:HK$183', '雲慕 | 榻榻米投影房（巨幕投影+全屋智能+超強隔音）:HK$184', '高級大床房（全屋智能+零壓枕墊+坐卧休閑椅）:HK$219']"
海口希爾頓酒店,9.4,"['希爾頓雙床房:HK$672', '豬豬俠酷芽開放式公寓套房:HK$714', '超級飛俠酷芽開放式公寓套房:HK$714', '希爾頓大床房:HK$726', '海景大床房:HK$780', '海景雙床房:HK$780']"
海口明光勝意大酒店（高鐵東站龍湖天街店）,9.4,"['雲端景觀雙床房（觀景雲端）:HK$315', '豪華大床房（落地窗+浴缸）:HK$337', '雲端景觀大床房（觀景雲端）:HK$337', '勝意親子主題房（置身童趣樂園）:HK$373', '豪華雙床房（落地窗+浴缸）:HK$392', '100寸巨幕影院大床房（杜比音效，暢享影院級觀影）:HK$480']"
海口國興大道漫心府（省政府店）,9.5,"['心怡標準大床房（絲漣床墊+65寸可投屏電視+小冰箱）:HK$513', '心悦高級大床房（絲漣床墊+65寸可投屏電視+小冰箱）:HK$532', '心悦高級雙床房（絲漣床墊+65寸可投屏電視+小冰箱）:HK$553', '心享豪華大床房（絲漣床墊+65寸可投屏電視+小冰箱）:HK$570', '心享主題親子房（小童用品+絲漣床墊+小冰箱）:HK$590']"
海口騎樓老街騎遇精品酒店,9.3,"['騎遇輕享雙床房:HK$262', '清心拂塵大床房:HK$269', '清心拂塵雙床房:HK$281', '星然智能大床房（全屋智能+智能馬桶）:HK$353']"
良智滙品酒店（海口龍湖天街海職院店）,9.5,"['智雅尊享大床房（巨幕投影）:HK$240', '智享輕氧大床房（乳膠床墊+小度客控）:HK$267', '智美巨幕雙床房（巨幕投影）:HK$267', '智享輕氧雙床房（乳膠床墊+小度客控）:HK$282']"
如家精選酒店（海口國貿中心友誼陽光城店）,9.8,"['商務大床房（智能客控+65寸電視投屏+中央空調）:HK$272', '雙床房（智能客控+65寸電視投屏+智能馬桶）:HK$282', '高級大床房（智能客控+65寸電視投屏+超大落地窗）:HK$291', '高級雙床房（智能客控+採光通透+迷你小冰箱）:HK$310']"
登廷大酒店（海口省政府日月免税店）,9.5,"['悦廷大床房（小度智控+零壓床墊）:HK$281', '悦廷雙床房（小度智控+零壓床墊）:HK$281', '行政大床房（小度智控+高層採光）:HK$299', '行政雙床房（小度智控+高層採光）:HK$299', '苑廷影視大床房（巨幕私人影院+尊享酷喵會員）:HK$324']"
良智滙品酒店（海口秀英會展中心店）,9.7,"['觀景|智睿大床房【智能客控+城市觀景+無線充電】:HK$305', '園景|智美巨幕大床房【無線充電+愛奇藝VIP會員】:HK$333', '城景|智雅大床房【65寸可投屏電視+空中花園】:HK$339', '觀景|智享輕氧大床房【乾濕分離+户外桌椅】:HK$373', '觀景|智享輕氧雙床房【乾濕分離+高層觀景】:HK$373']"
