酒店名称,评分,房型价格列表
淄博知味齋大飯店（周村古商城店）,9.7,"['魯韻·尊享大床房:HK$446', '魯韻·尊享雙床房:HK$468', '魯韻·園林觀景大床房:HK$490', '魯韻·豪華大床房:HK$567', '行政·城景大床房:HK$665', '行政·城景雙床房:HK$665']"
淄博山東理工大學水晶街亞朵酒店,9.8,"['高級大床房（小度智能客控+電視投屏+恆温花灑+小冰箱）:HK$457', '行政大床房（小度智能客控+電視投屏+恆温花灑+小冰箱）:HK$484', '行政雙床房（小度智能客控+電視投屏+恆温花灑+小冰箱）:HK$484', '尊享大床房（小度智能客控+電視投屏+恆温花灑+小冰箱）:HK$511', '尊享雙床房（小度智能客控+電視投屏+恆温花灑+小冰箱）:HK$511']"
淄博大街雅舍民宿,9.9,"['雅舍·樂遊B:HK$534', '雅舍·樂遊A:HK$655', '雅舍·古韻:HK$655', '雅舍·古韻雙床房B:HK$752', '雅舍·敍樂單床房:HK$807']"
喬治莫蘭迪酒店（淄博萬象滙八大局店）,9.3,"['高級大床房（無窗）:HK$331', '商務大床房【零壓床墊】:HK$352', '雅緻大床房【零壓床墊】:HK$373', '商務雙床房【零壓床墊】:HK$374', '豪華大床房【浴缸】【零壓床墊】:HK$414']"
淄博山東理工大學麗呈酒店,9.6,"['舒適大床房（智能馬桶+電動窗簾+小度智能客控）:HK$363', '商務大床房（智能馬桶+電動窗簾+小度智能客控）:HK$402', '商務雙床房（智能馬桶+電動窗簾+小度智能客控）:HK$444', '城景智慧大床房（智能馬桶+電動窗簾+小度智能客控）:HK$444', '城景智慧雙床房（智能馬桶+電動窗簾+小度智能客控）:HK$483']"
知味齋·文昌書院酒店,9.8,"['宿雲軒園景大床房:HK$893', '宿雲軒雅緻雙床房:HK$893', '天海閣庭院雙床房:HK$1,021', '天海閣庭院大床房:HK$1,021', '沁香閣湖景小童大床套房:HK$1,788']"
淄博山東理工大學北京路亞朵酒店,9.7,"['高級大床房（小度智能客控+電視投屏+恆温花灑+小冰箱）:HK$412', '行政雙床房（小度智能客控+電視投屏+恆温花灑+小冰箱）:HK$430', '行政大床房（小度智能客控+電視投屏+恆温花灑+小冰箱）:HK$448', '幾木雙床房（小度智能客控+電視投屏+恆温花灑+小冰箱）:HK$457', '幾木大床房（小度智能客控+電視投屏+恆温花灑+小冰箱）:HK$466']"
淄博張店八大局希爾頓歡朋酒店,9.6,"['舒適大床房:HK$799', '高級大床房:HK$818', '高級雙床房:HK$818', '豪華大床房:HK$857', '豪華雙床房:HK$857']"
亞蘭酒店（山東理工大學宏程國際廣場店）,8.9,"['輕奢城景舒適大床房（空氣通透超美夜景一覽無餘）:HK$133', '雅緻雙人舒適豪華標間房（60寸超清電視-乳膠床墊）:HK$148', '豪華超大舒適大床房（60寸超清電視-超大空間雙人大床-空氣通透）:HK$148', '豪華陽光行政雙床標間房（70寸超清電視-高層視野-空氣通透-超大空間）:HK$167']"
淄博唐莊酒店（中潤大道店）,9.5,"['豪華雙床房:HK$524', '豪華大床房:HK$555', '風尚雙床房:HK$579', '風尚大床房:HK$622']"
山東齊盛國際賓館,9.4,"['豪華標準間:HK$503', '豪華單間:HK$568', '商務單間:HK$620', '豪華兩間套間:HK$1,137']"
麗飴酒店（淄博萬象滙八大局店）,9.4,"['標準大床房:HK$235', '標準雙床房:HK$235', '豪華大床房:HK$268', '豪華雙床房:HK$268']"
淄博萬豪萬楓酒店,9.6,"['商務大床房:HK$447', '商務雙床房:HK$447', '優選大床房:HK$502', '優選雙床房:HK$502', '家庭房:HK$720']"
白玉蘭酒店（淄博周村古商城步行街店）,9.7,"['零壓輕雅大床房:HK$188', '零壓舒雅大床房:HK$205', '零壓舒雅雙床房:HK$222', '零壓靜雅大床房:HK$222']"
淄博八大局莫蘭迪酒店,9.6,"['高級大床房【無窗】（0壓床墊+小冰箱）:HK$316', '商務大床房（0壓床墊+小冰箱）:HK$413', '商務雙床房（0壓床墊+小冰箱）:HK$469', '豪華大床房（0壓床墊+浴缸＋小冰箱）:HK$525', '尊享大床房（0壓床墊+浴缸＋小冰箱）:HK$581']"
淄博齊軒酒店（陶瓷琉璃館山東理工店）,9.8,"['優享大床房（全屋智能客控+新風系統+零壓護脊）:HK$304', '商務大床房（全屋智能客控+新風系統+零壓護脊）:HK$337', '高級大床房（全屋智能客控+零壓護脊+冰箱）:HK$339', '豪華大床房（全屋智能客控+零壓護脊+冰箱）:HK$351']"
淄博銀座華美達大酒店,9.2,"['高級雙床房:HK$480', '高級大床房:HK$491', '豪華大床房:HK$687', '商務套房:HK$731', '海底小縱隊主題房:HK$769']"
CLIFFHUB瀾舫酒店（淄博博山紅葉柿巖店）,9.7,"['商務大床房（鵝絨被+進口床墊+小冰箱+空氣凈化器）:HK$515', '豪華大床房（鵝絨被+進口床墊+小冰箱+空氣凈化器）:HK$617', '豪華雙床房（鵝絨被+進口床墊+小冰箱+空氣凈化器）:HK$721', '家庭房（鵝絨被+進口床墊+小冰箱+空氣凈化器）:HK$1,320', '行政陽光套房（鵝絨被+進口床墊+小冰箱+空氣凈化器）:HK$1,330']"
桔子酒店（淄博柳泉路店）,9.6,"['高級大床房:HK$271', '商務大床房:HK$290', '豪華雙床房:HK$318', '豪華大床房:HK$327']"
淄博鼎成希爾頓花園酒店,9.4,"['豪華雙床房:HK$910', '花園大床房:HK$931', '豪華大床房:HK$975', '尊享雙床房:HK$975', '無障礙客房:HK$975']"
鹿鸝酒店（萬象滙八大局店）,9.7,"['高級影音房【乾濕分離+徠芬吹風機+手機投屏】:HK$343', '特色景觀房【新風系統+智能馬桶+乾濕分離】:HK$369', '高級大床房【智能馬桶+手機投屏+乾濕分離+舒適床品】:HK$399', '高級雙床房【手機投屏+智能馬桶+乾濕分離】:HK$416', '高級影音套房【新風系統+大屏投影+智能馬桶】:HK$458']"
閲山河酒店（淄博八大局火車站店）,9.3,"['躺平治癒大床房（全屋智能）:HK$333', '閲景·智能雙床房（全屋智能+小冰箱）:HK$344', '閲景·智能大床房（全屋智能+小冰箱）:HK$355', '山河·豪華大床房（寬敞舒適+4K高清大屏電視+休閑沙發）:HK$365', '山河·豪華雙床房（休閑沙發+乾濕分離+智能馬桶）:HK$387']"
淄博大學城漫亭花園酒店,9.7,"['舒適大床房:HK$403', '商務大床房:HK$436', '商務雙床房:HK$436', '行政大床房:HK$469', '家庭房:HK$491']"
如家商旅酒店（淄博柳泉路火炬公園店）,9.6,"['大床房:HK$310', '商務大床房A:HK$320', '雙床房A:HK$337', '高級大床房:HK$337']"
淄博觀博陽光酒店（魯泰大道店）,9.6,"['雅緻雙床房（智能投屏+徠芬吹風機+乾濕分離）:HK$332', '雅緻大床房（超大床+手機投屏+乾濕分離）:HK$343', '豪華雙床房（乾濕分離+舒適床品+手機投屏）:HK$365', '觀博大床房（超大床+手機投屏+徠芬吹風機+浴袍）:HK$421', '親子大床房（童趣裝飾+小童專屬洗漱用品+超大床+浴袍）:HK$531']"
全季酒店（淄博萬達廣場海岱樓店）,9.8,"['高級大床房:HK$352', '高級雙床房:HK$352', '商務大床房:HK$402', '商務雙床房:HK$402']"
淄博北京路CBD桔子水晶酒店,9.7,"['大床房（絲漣床墊+電視投屏+小冰箱+浴袍）:HK$573', '商務大床房（絲漣床墊+電視投屏+小冰箱+浴袍）:HK$592', '雙床房:HK$592', '商務雙床房（絲漣床墊+電視投屏+小冰箱+浴袍）:HK$633', '豪華大床房（絲漣床墊+電視投屏+小冰箱+浴袍）:HK$643']"
逸柏國際酒店（淄博萬象滙八大局店）,9.4,"['途選大床房【智能客控】:HK$166', '途選雙床房【智能客控】:HK$166', '途奢大床房【智能客控】:HK$194', '途奢雙床房【智能客控】:HK$194']"
宜尚酒店（淄博八大局萬象滙店）,9.6,"['舒適大床房（新風負氧+智能客控+零壓床墊）:HK$434', '舒適雙床房（新風負氧+智能客控+零壓床墊）:HK$443', '商務智能大床房（智能客控+智能馬桶+零壓床墊）:HK$452', '豪華智能大床房（智能客控+智能馬桶+零壓床墊）:HK$476']"
淄博周村賓館（周村古商城店）,9.6,"['悦賓樓絲緣大床房:HK$271', '迎賓樓絲藴雙床房:HK$315', '迎賓樓絲藴大床房:HK$337', '悦賓樓絲緣豪華大床房:HK$421', '惠賓樓商務標準間:HK$446']"
淄博嘉泰嵐途酒店,9.7,"['商務標準間:HK$219', '輕奢大床房:HK$219', '豪華智能大床房:HK$248', '豪華智能標準間:HK$248']"
淄博海悦瑞景酒店（淄博大學城店）,9.7,"['甄選大床房:HK$407', '甄選雙床房:HK$407', '清新氧吧雙床房:HK$445', '清新氧吧大床房:HK$445', '零壓大床房:HK$462']"
桔子酒店（淄博臨淄大道店）,9.7,"['加州陽光大床房:HK$354', '加州陽光高級大床房:HK$374', '加州陽光觀景雙床房:HK$374', '加州陽光觀景大床房:HK$394']"
全季酒店（淄博新村西路博物館店）,9.7,"['高級大床房:HK$341', '高級雙床房:HK$362', '商務大床房:HK$372', '商務雙床房:HK$391']"
全季酒店（淄博博山西冶街店）,9.9,"['高級大床房（智能客控+小冰箱）:HK$299', '商務大床房（智能客控+小冰箱）:HK$318', '商務雙床房（智能客控+小冰箱）:HK$318', '家庭房（智能客控+小冰箱）:HK$346']"
齊長城清川上酒店,9.6,"['崖壁巖景套房:HK$4,349', '崖壁巖景豪華套房:HK$5,005', '洞穴山景豪華套房:HK$5,005', '崖壁巖景野奢套房:HK$6,425', '洞穴山景野奢套房:HK$6,425', '清川上洞穴山景別墅:HK$17,353']"
柏曼酒店（淄博陶瓷琉璃館山東理工大學店）,8.9,"['高級大床房（品牌洗護+一線景觀）:HK$240', '商務大床房（靜謐臻享+採光通透+城市夜景）:HK$274', '豪華雙床房（靜謐臻享+高層闊景+採光通透）:HK$290', '豪華家庭房（三口之家+深睡床墊+雲端景觀）:HK$316']"
全季酒店（淄博金晶大道八大局市場店）,9.7,"['高級大床房:HK$362', '高級雙床房:HK$381', '商務大床房:HK$391', '商務雙床房:HK$412']"
淄博藍海國際大飯店,8.6,"['雅緻雙床房:HK$316', '雅緻大床房:HK$338', '尊雅雙床房:HK$349', '尊雅大床房:HK$360', '豪華雙床房:HK$404']"
淄博高新區高鐵北站亞朵酒店,9.8,"['高級大床房（手機投屏）:HK$412', '高級雙床房（手機投屏）:HK$412', '行政大床房（手機投屏+小冰箱）:HK$448', '行政雙床房（手機投屏）:HK$448', '幾木雙床房（手機投屏+小冰箱+浴袍）:HK$484']"
曙曼酒店（淄博北站魯泰大道店）,9.0,"['曼島·榻榻米大床房（智能客控|智控投影）:HK$215', '雲渡·雅頌大床房（智能客控|可投屏電視）:HK$258', '安隅·商務雙床房（智能客控|可投屏電視）:HK$269', '格序·悦庭大床房（智能客控|可投屏電視）:HK$280']"
淄博高新區柳泉路亞朵酒店,9.5,"['高級大床房（可手機投屏）:HK$403', '行政大床房（可手機投屏）:HK$430', '高級雙床房（可手機投屏）:HK$448', '幾木大床房（迷你小冰箱+浴袍+手機投屏）:HK$457', '行政雙床房（迷你小冰箱+浴袍+手機投屏）:HK$475']"
全季酒店（淄博上海路海岱樓店）,9.8,"['大床房:HK$365', '雙床房:HK$374', '高級大床房:HK$393', '商務大床房:HK$411']"
中海國際酒店（淄博蒲松齡故居店）,8.8,"['商務雙床房:HK$252', '商務大床房:HK$261', '精選雙床房:HK$306', '精選大床房:HK$325']"
龍韻·悦酒店（淄博八大局印象滙店）,9.1,"['茶悦榻榻米房（茶台）:HK$233', '心悦雙床房（零壓床墊+辦公桌椅）:HK$262', '心悦大床房（零壓床墊+辦公桌椅）:HK$262', '商悦大床房（零壓床墊+辦公桌椅）:HK$297']"
淄博民泰温泉假日酒店,9.3,"['花園大床房:HK$347', '醇享大床房:HK$360', '經濟大床房:HK$414', '尊享行政大床房:HK$468']"
淄博太平洋大飯店,9.7,"['商務大床房:HK$369', '豪華雙床房:HK$369', '豪華大床房:HK$390', '豪華家庭房:HK$467', '豪華套房:HK$839']"
銀座精宿（淄博人民公園八大局店）,9.3,"['惠選雙床房（直飲水機）:HK$264', '惠選大床房（直飲水機）:HK$264', '優選大床房（直飲水機）:HK$281', '優選雙床房（直飲水機）:HK$281']"
淄博上舍度假民宿,10.0,"['觀景大床房:HK$852', '觀景家庭房:HK$962', '山景雙床房:HK$962', '山景大床房:HK$1,289']"
藝龍瑞雲酒店（淄博張店區政府理工大學店）,9.6,"['雲享大床房:HK$189', '雅享大床房:HK$202', '瑞享大床房:HK$224', '瑞享雙床房:HK$224']"
