酒店名称,评分,房型价格列表
楓朵酒店（淮南火車站店）,9.5,"['雅緻大床房:HK$171', '精選大床房:HK$193', '高級雙床房:HK$193', '高級大床房:HK$198']"
環宇花園酒店（謝家集店）,9.4,"['惠享大床房:HK$196', '花園大床房:HK$239', '高級大床房:HK$261', '行政雙床房:HK$283']"
淮南鳳台國際飯店,8.9,"['特價優享大床房:HK$185', '凈馨舒適雙床房:HK$207', '雅緻清新大床房:HK$261', '優享花園雙床房:HK$272', '商務大床房:HK$272']"
藝龍瑞雲酒店（淮南一中吾悦廣場店）,9.3,"['日式榻榻米-慕斯床墊:HK$218', '城市遠景大床房（慕斯床墊）:HK$236', '城市遠景雙床房（慕斯床墊）:HK$244', '舜耕山景落地窗大床房（慕斯床墊）:HK$257']"
淮南A·PAN藝術酒店（安徽理工大學店）,9.4,"['輕奢商務標間（乳膠床墊枕頭+蕎麥枕+80床品）:HK$199', '醇享大床房（65寸液晶+乳膠床墊枕頭+80床品）:HK$205', '輕奢商務大床房（乳膠床墊枕頭+蕎麥枕+80床品）:HK$211', '輕奢景觀大床房（65寸液晶+乳膠床墊枕頭+蕎麥枕）:HK$217']"
淮南火車站商貿文化廣場亞朵酒店,9.7,"['雅緻大床房（可投屏）:HK$309', '高級大床房（可投屏）:HK$360', '高級雙床房（可投屏）:HK$370', '行政大床房（可投屏+小冰箱）:HK$400', '行政雙床房（可投屏+小冰箱）:HK$410']"
泉鑫聯盟酒店（淮南泉山路店）,9.3,"['輕風大床房（無窗）:HK$201', '風尚大床房:HK$275', '風尚雙床房:HK$286', '尚品觀影大床房:HK$297']"
海貝聯盟酒店（安徽理工大學雙創服務中心店）,9.6,"['海貝豪華大床房:HK$263', '海貝豪華標間:HK$263', '海貝商務標間:HK$320', '海貝商務單間:HK$320', '海貝親子套房:HK$342']"
速8精選酒店（淮南春林廣場店）,9.4,"['特惠大床房:HK$177', '商務大床房:HK$201', '商務標準間:HK$207', '豪華大床房:HK$237']"
淮南金茂國際酒店,8.7,"['温馨大床房:HK$192', '温馨標準間:HK$192', '精品單間:HK$216', '精品標準間:HK$216', '行政單間:HK$293']"
君瀾·淮南迎賓館,9.4,"['高級園景雙床房:HK$392', '高級園景大床房:HK$414', '商務園景雙床房:HK$457', '商務園景大床房:HK$479', '小黃鴨親子主題房:HK$555', '海底小縱隊親子主題房:HK$555']"
漢庭酒店（淮南商貿文化廣場店）,9.6,"['高級大床房:HK$215', '高級雙床房:HK$233', '商務大床房:HK$233', '家庭房:HK$252']"
環宇皇宮酒店,9.6,"['惠享大床房:HK$269', '豪華大床房:HK$302', '高級大床房:HK$377', '高級雙床房:HK$377', '行政大床房:HK$409']"
伯爵世家酒店（淮南二中店）,9.2,"['標準大床房（零壓床墊+三區分離+智能衞浴）:HK$220', '高級雙床房（零壓床墊+三區分離+智能衞浴）:HK$234', '高級智能大床房（智能客控+零壓床墊+三區分離）:HK$255', '高級智能雙床房（智能客控+零壓床墊+三區分離）:HK$255']"
淮南維斯頓美程酒店,9.5,"['舒適大床房（無窗）:HK$240', '舒適雙床房（無窗）:HK$240', '商務大床房:HK$250', '行政大床房:HK$305', '商務棋牌房:HK$326']"
淮南維斯頓酒店,9.4,"['温馨大床房（無窗）:HK$175', '商務大床房:HK$186', '城市景觀大床房:HK$197', '城市景觀雙人間:HK$219']"
海貝聯盟酒店（淮南體育館臻選店）,9.5,"['智選標準間:HK$252', '智選大床房:HK$263', '智選影視標準間:HK$275', '智選影視大床房:HK$285', '臻選標準間:HK$308']"
全季酒店（淮南商貿文化廣場店）,9.4,"['大床房:HK$318', '高級雙床房:HK$338', '高級大床房:HK$349', '套房:HK$428']"
維也納國際酒店（淮南經開區國慶東路店）,9.5,"['高級大床房（舒適優享+寬敞明亮）:HK$208', '高級雙床房（舒適優享+寬敞明亮）:HK$225', '豪華大床房（商務辦公+超大飄窗）:HK$255', '豪華雙床房（商務辦公+超大飄窗）:HK$262']"
飛宇S電競酒店（花園店）,9.0,"['惠享單人房【RTX5070+華碩TUF2K260+i7-14790+PS5】:HK$261', '豪華單人房【4080+卓威2746K+PS5+搖臂支架+i7-14790+萬兆到桌面】:HK$304', '舒適大床房【4080+2K320HZ+i7-14790+PS5】:HK$326', '豪華大床房【4080+卓威2746K+PS5+搖臂支架+i7-14790+萬兆到桌面】:HK$348']"
喆啡酒店（淮南體育館安徽工貿技術學院店）,9.8,"['醇享生活房:HK$224', '醇享雙床房:HK$249', '醇享大床房:HK$271', '啡凡大床房:HK$293']"
熹·臻選酒店（淮南商貿文化廣場店）,9.5,"['臻選舒適大床房:HK$191', '臻選精品雙床房:HK$191']"
漢庭酒店（淮南謝家集店）,9.5,"['高級大床房:HK$196', '高級雙床房:HK$215', '套房:HK$271']"
鴻朗酒店,9.5,"['智選舒睡大床房:HK$228', '智慧棲悦大床房:HK$239', '雅居靜謐大床房:HK$250', '智能輕悠雙床房:HK$250']"
飛宇S電競酒店（淮南國慶中路店）,9.7,"['非凡大床房【5070+華碩TUF2K260HZ+網易至尊特權】:HK$229', '驚艷雙床房【5070+華碩TUF2K260HZ+網易至尊特權】:HK$229', '豪華雙床房【5070+華碩TUF2K260HZ+網易至尊特權】:HK$261', '豪華榻榻米雙床房【5070+華碩TUF2K260HZ+網易至尊特權】:HK$283']"
鬥魚雲庭酒店（八公山店）,10.0,"['商務單間【智能客控+4K65寸高清電視+城景大窗】:HK$179', '商務大床Loft:HK$197', '商務標間:HK$197', '電競單間【RTX5070+2K320HZ+搖臂支架+智能客控】:HK$229']"
格林豪泰酒店（淮南市廣場南路一中店）,9.6,"['清馨大床房:HK$185', '景觀大床房:HK$196', '景觀雙床房:HK$207', '商務大床房:HK$217']"
漢庭酒店（淮南安徽理工大學春申裏店）,9.6,"['高級雙床房:HK$168', '高級大床房:HK$187', '商務大床房:HK$196', '家庭房:HK$205']"
全季酒店（淮南師範學院泉山店）,9.5,"['大床房:HK$271', '雙床房:HK$290', '高級大床房:HK$299', '高級雙床房:HK$299']"
維斯頓電競酒店（淮南八佰伴店）,9.5,"['電競特價房【i5-12490f處理器+3070顯卡+165hz顯示器+lol鑽石特權等】:HK$174', '電競兩人單間【i5-12490f處理器+3070顯卡+165hz顯示器+lol鑽石特權等】:HK$196', '電競兩人觀影標間【i5-12490f處理器+3070顯卡+2K260hz顯示器+機械臂+拓展小分屏+lol鑽石特權等】:HK$207', '電競三人間【i5-12490f處理器+3070顯卡+2K165hz顯示器+lol鑽石特權等】:HK$228']"
清風小築民宿,9.6,"['現代風輕奢投影大床房:HK$178', '現代簡約大床房:HK$241', '現代風森系投影大床房:HK$245']"
財萱美藝酒店（潘集店）,8.7,"['靜謐智能大床房:HK$185', '雅緻智能大床房:HK$196', '雅緻智能雙床房:HK$207', '棲悦智能大床房:HK$217']"
飛宇網絡賓館（淮南羅馬廣場店）,9.6,"['電競大床房【愛攻職業電競2K260+RTX3060】:HK$165', '電競豪華大床房【愛攻職業電競2K260+RTX3060】:HK$175', '電競雙床房【愛攻職業電競2K260+RTX3060】:HK$175', '電競豪華雙床房【愛攻職業電競2K260+RTX3060】:HK$186']"
桔子酒店（淮南市政府店）,9.6,"['禪音內景雙床房:HK$271', '月若流金內景大床房:HK$280', '加州陽光大床房:HK$290', '禪音雙床房:HK$299']"
藍森酒店（潘集店）,9.2,"['雅緻大床房:HK$185', '雅緻雙床房:HK$196', '優雅大床房:HK$207', '優雅雙床房:HK$217']"
格林豪泰酒店（淮南金家嶺路四中店）,9.3,"['大床房:HK$182', '雙床房:HK$192', '商務雙床間:HK$202', '商務大床房:HK$202']"
淮南煤礦賓館,9.6,"['商務單間:HK$369', '園景套房:HK$533', '商務套房:HK$962', '行政套房:HK$2,054']"
格麗酒店（淮南火車站體育中心店）,9.0,"['特惠雙床房:HK$123', '格麗商務大床房:HK$151', '格麗商務雙床房:HK$165', '城景商務大床房:HK$185']"
青澄致選酒店（淮南高鐵南站萬茂城金街店）,9.6,"['標準大床房（VIP巨幕影院+皖寶零壓床品）:HK$203', '電競大床房（VIP巨幕影院+皖寶零壓床品+電競頂配置）:HK$205', '闊綽四人間（皖寶零壓床品+電競頂配置）:HK$246', '高級雙床房（VIP巨幕影院+皖寶零壓床品）:HK$252']"
城市綠洲酒店（淮南理工大學店）,9.4,"['大床房:HK$137', '高級大床房:HK$148', '高級雙床房:HK$158', '商務大床房:HK$169']"
瀾騰精品酒店（淮南龍湖公園店）,8.8,"['特享雙床房:HK$131', '特享大床房:HK$131', '美致大床房:HK$149', '雅緻雙床房:HK$149']"
格林豪泰（淮南田家庵區萬達廣場店）,8.6,"['1.8米床大床房（無窗）:HK$89', '大床房:HK$108', '標準間:HK$114', '商務大床房:HK$114']"
淮南萬客來快捷賓館,8.8,"['豪華大床房:HK$133', '豪華標準房:HK$140', '家庭三人房:HK$162']"
晶源賓館,8.5,"['大床房:HK$96', '標準雙床房:HK$107', '三人間:HK$129', '豪華大床房:HK$131']"
淮南愛唯主題賓館,9.0,"['大床房:HK$130', '精品主題間:HK$152', '精品三人間:HK$163', '商務大床房:HK$163']"
淮南麗豐賓館,9.7,"['普通大床房（公共衞浴）:HK$52', '標準間:HK$101', '大床房:HK$107', '豪華大床房:HK$113']"
温莎精品主題賓館,9.6,"['商務大床房:HK$112', '特價房:HK$113', '商務標準間:HK$122', '個性主題房:HK$159']"
淮南夏然賓館,9.7,"['温馨大床房:HK$100', '娛樂麻將房:HK$100', '精品標準間:HK$110']"
瑞祥旅館,9.5,['雅緻大床房:HK$116']
淮南喵小居公寓,4.5,"['星月:HK$140', '童趣:HK$151', '情愫:HK$151', '拾光:HK$151']"
