酒店名称,评分,房型价格列表
柏曼酒店（淮安河下古鎮吳承恩故居店）,9.6,"['智能標準大床房:HK$289', '智能高級大床房（小度智能+全屋新風）:HK$331', '智能高級雙床房:HK$358', '智能豪華雙床房:HK$383']"
全季酒店（淮安萬達廣場河下古鎮店）,9.7,"['大床房:HK$265', '高級大床房:HK$274', '高級雙床房:HK$282', '家庭房:HK$292']"
淮安鼎立國際大酒店,9.1,"['商務標準間:HK$325', '商務大床房:HK$358', '高級標準間:HK$435', '高級大床房:HK$435', '行政套房:HK$555', '豪華大床房:HK$664']"
淮安萬楓酒店,9.5,"['標準雙床房:HK$398', '標準大床房:HK$402', '高級大床房:HK$446', '高級雙床房:HK$478', '豪華大床房:HK$653']"
淮安温德姆花園酒店,9.5,"['雅緻大床房:HK$326', '高級雙床房:HK$345', '高級大床房:HK$363', '豪華雙床房:HK$392', '豪華大床房:HK$410']"
淮安翔盛Pagoda君亭酒店,9.3,"['雲端·豪華大床房:HK$410', '雲端·豪華標準間:HK$416', '雲端·城市景觀房大床房:HK$479', '雲端·城市景觀房雙床房:HK$502', '雲端·運河景觀大床房:HK$533', '雲端·180°景觀大床房:HK$545']"
淮安高鐵金陵大酒店,9.6,"['高級大床房:HK$641', '高級雙床房:HK$641', '豪華雙床房:HK$765', '豪華大床房:HK$765', '行政大床房:HK$889', '行政雙床房:HK$889']"
淮安蕭湖國際大酒店,9.5,"['高級雙床房:HK$489', '高級大床房:HK$489', '湖景大床房:HK$599', '湖景雙床房:HK$599', '特色豪華房:HK$893', '湖景套房:HK$1,734']"
淮安御碼頭花間亭·御守裏,9.7,"['煙波經典大床房:HK$739', '煙波高級雙床房:HK$1,015', '落霞經典大床房:HK$1,015', '落霞景觀高級大床房:HK$1,200', '雙燕景觀高級雙床房:HK$1,292', '嬉荷高級親子房:HK$1,938']"
淮安經開希爾頓歡朋酒店,9.6,"['舒適大床房:HK$423', '高級雙床房:HK$423', '高級大床房:HK$442', '豪華大床房:HK$481', '豪華雙床房:HK$481']"
淮安蘇寧廣場大治路亞朵酒店,9.7,"['雅緻大床房:HK$340', '高級雙床房:HK$359', '高級大床房:HK$380', '幾木大床房（智能馬桶+65寸投屏電視+亞朵深睡枕）:HK$481', '幾木雙床房（智能馬桶+65寸投屏電視+亞朵深睡枕）:HK$481']"
淮安金陵大酒店,9.5,"['舒適大床房:HK$327', '舒適雙床房:HK$327', '標準雙床房:HK$348', '標準大床房:HK$348', '高級大床房:HK$500', '高級雙床房:HK$500']"
淮安希博爾酒店（寶龍商業街店）,9.6,"['豪華大床房（智能馬桶+迷你冰箱+投屏電視+電動窗簾）:HK$283', '豪華雙床房（智能馬桶+迷你冰箱+投屏電視+電動窗簾）:HK$294', '深睡眠大床房（智能馬桶+迷你冰箱+投屏電視+電動窗簾）:HK$305', '深睡眠雙床房（智能馬桶+迷你冰箱+投屏電視+電動窗簾）:HK$316', '智能按摩大床房（智能馬桶+迷你冰箱+電動窗簾+空氣凈化器+投屏電視）:HK$327']"
淮安環亞麗呈華廷酒店（恩來紀念館河下古鎮店）,9.6,"['商務大床房:HK$424', '商務雙床房:HK$424', '零壓速眠大床房:HK$462', '零壓速眠雙床房:HK$464', '180°雲景·行政雙床房:HK$480', '180°·觀景輕奢大床房:HK$483']"
淮安賓館,9.3,"['6號樓標準間:HK$281', '6號樓豪華雙床房:HK$345', '6號樓豪華大床房:HK$345', '6號樓家庭房:HK$345', '5號樓豪華標準間:HK$402']"
淮安國聯奧體明都酒店,9.8,"['高級雙床房:HK$363', '豪華大床房:HK$383', '行政大床房:HK$411', '高級家庭房:HK$411', '豪華家庭套房:HK$508']"
格酈酒店（淮安河下古鎮周恩來紀念館店）,9.5,"['舒適大床房:HK$183', '精緻大床間:HK$192', '精緻雙床房:HK$192', '豪華大床房:HK$227']"
淮安金陵海棠賓館,9.6,"['海棠大床房:HK$425', '高級大床房:HK$453', '豪華大床房:HK$546', '豪華雙床房:HK$546', '豪華套房:HK$1,734']"
淮安大學城陽光湖亞朵酒店,9.8,"['高級大床房（小度+電動窗簾+深睡床墊+深睡枕）:HK$330', '高級雙床房（小度+電動窗簾+深睡床墊+深睡枕）:HK$350', '尊享大床房（小度+電動窗簾+深睡床墊+深睡枕）:HK$359', '尊享雙床房（小度+電動窗簾+深睡床墊+深睡枕）:HK$390', '尊享湖景大床房（小度+電動窗簾+深睡床墊+深睡枕）:HK$410']"
全季酒店（淮安蘇寧廣場店）,9.7,"['大床房:HK$297', '高級大床房:HK$307', '雙床房:HK$316', '商務大床房:HK$335']"
淮安富力萬達嘉華酒店,9.4,"['豪華雙床房:HK$511', '豪華大床房:HK$511', '高級豪華大床房:HK$602', '豪華湖景大床房:HK$668', '行政雙床房:HK$826', '行政大床房:HK$826']"
淮安城市名人酒店,9.6,"['高級雙床房:HK$336', '高級大床房:HK$336', '豪華商務雙床房:HK$402', '豪華商務大床房:HK$402', '行政大床房:HK$500']"
淮安水渡口大道亞朵酒店,9.7,"['雅緻大床房（投屏電視+迷你冰箱+普蘭特床墊）:HK$340', '高級大床房（投屏電視+迷你冰箱+普蘭特床墊）:HK$359', '高級雙床房（投屏電視+迷你冰箱+普蘭特床墊）:HK$370', '行政大床房（投屏電視+迷你冰箱+普蘭特床墊）:HK$400', '行政雙床房（投屏電視+迷你冰箱+普蘭特床墊）:HK$490']"
淮安鉑爾曼酒店,9.3,"['高級雙床房:HK$428', '高級大床房:HK$428', '尊貴大床房:HK$492', '豪華大床房:HK$524', '行政雙床房:HK$667', '行政大床房:HK$667']"
淮安金陵國際酒店,9.3,"['高級雙床房:HK$292', '高級大床房:HK$292', '豪華雙床房:HK$333', '豪華大床房:HK$333', '商務大床房:HK$350', '夢百合零壓大床房（帶0壓床墊+記憶枕）:HK$458']"
淮安迎賓館（淮安市人民大會堂博物館店）,9.4,"['普通雙床房:HK$217', '精緻大床房:HK$279', '電競影音家庭房:HK$434']"
全季酒店（淮安淮海北路曼度廣場店）,9.8,"['高級雙床房:HK$289', '高級大床房:HK$298', '商務大床房:HK$321']"
安元商旅酒店（淮安河下古鎮周恩來紀念館店）,9.6,"['智能大床房:HK$198', '智能高級大床房:HK$204', '智能高級雙床房:HK$210', '智能商務大床房:HK$222']"
曙光薇酒店（淮安大學城店）,9.7,"['高級大床房:HK$271', '高級雙床房:HK$283', '商務城景雙床房:HK$324', '商務城景大床房:HK$324', '豪華景觀雙床房:HK$370']"
全季酒店（淮安生態新城翔宇大道店）,9.9,"['高級雙床房（拾光茶具+65寸電視投屏+智能聲控）:HK$279', '高級大床房（超大辦公桌+65寸電視投屏+智能聲控）:HK$298', '商務大床房（超大辦公桌+迷你冰箱+智能聲控）:HK$307', '套房（大空間會客廳+智能聲控）:HK$371']"
淮安星洲酒店（方特大道店）,9.3,"['舒適大床房（智能語音系統）:HK$330', '高級大床房（智能語音系統）:HK$371', '智能語音雙床房:HK$371', '精緻大床房:HK$423']"
淮安京仕國際酒店,9.3,"['商務大床房:HK$293', '街景雙床房:HK$293', '商務標準間:HK$304', '豪華標準間:HK$336', '親子雙床房:HK$336']"
淮安區萬達廣場錦江都城酒店,9.7,"['精緻大床房（乾濕分離+55寸電視投屏）:HK$281', '風雅大床房（乾濕分離+55寸電視投屏）:HK$298', '風雅雙床房（乾濕分離+55寸電視投屏）:HK$311', '都會大床房（負離子氧吧+乾濕分離+55寸電視投屏）:HK$311', '温馨家庭房（負離子氧吧+乾濕分離+55寸電視投屏）:HK$364']"
美豪酒店（淮安市政府吾悦廣場店）,9.6,"['高級大床房:HK$283', '高級雙床房:HK$300', '暢享影院大床房（VIP沉浸式觀影）:HK$315', '質感大床房（負氧離子森林氧吧）:HK$324', '質感雙床房（負氧離子森林氧吧）:HK$340']"
淮安開元名都大酒店,9.4,"['開元湖景雙床房:HK$422', '開元雙床房:HK$422', '豪華湖景大床房:HK$468', '總統套房（兩卧三廳）:HK$7,525']"
淮安神旺大酒店（淮安萬達廣場花街店）,9.5,"['旺運精緻大床房:HK$327', '旺運精緻雙床房:HK$327', '旺緣湖景大床房:HK$359', '旺緣湖景雙床房:HK$359', '許願旺主題大床房:HK$523']"
全季酒店（淮安周恩來紀念館店）,9.6,"['雙床房:HK$301', '高級大床房:HK$311', '套房:HK$391']"
全季酒店（淮安寶龍商業街店）,9.7,"['高級大床房:HK$311', '商務大床房:HK$321', '雙床房:HK$321', '高級雙床房:HK$341']"
星海辰商務酒店（淮安市政府吾悦廣場店）,9.4,"['簡約無窗大床房（65寸液晶大屏+新風系統+智能馬桶）:HK$190', '舒適零壓大床房（65寸液晶大屏+智能馬桶+乳膠零壓床品）:HK$208', '簡約無窗雙床房（65寸液晶大屏+新風系統+智能馬桶）:HK$208', '質感零壓大床房（65寸液晶大屏+智能馬桶+乳膠零壓床品+智能客控系統）:HK$225']"
桔子酒店（淮安大學城店）,9.7,"['雙床房（全屋智控+金可兒床墊）:HK$267', '高級雙床房（全屋智控+金可兒床墊）:HK$276', '高級大床房（全屋智控+金可兒床墊）:HK$285', '商務大床房（全屋智控+金可兒床墊）:HK$294']"
淮安洪澤藝龍美程酒店,9.5,"['美凈雙床房:HK$196', '美凈大床房:HK$202', '美致大床房:HK$231', '美滿家庭房:HK$256', '藝龍美程套房:HK$526']"
鹿見堂酒店（河下古鎮店）,9.6,"['林靜小居-大床房:HK$721', '古典雅緻-大床房:HK$803', '清風雅舍-商務套房:HK$904', '迷人花園:HK$925']"
維也納國際酒店（淮安市政府河下古鎮店）,9.6,"['高級大床房:HK$278', '高級雙床房:HK$309', '景觀大床房:HK$320', '豪華家庭房:HK$371', '商務大床房:HK$371']"
藝龍安悅酒店（淮安深圳路缽池山公園店）,9.2,"['大床房（智能客控+手機投屏）:HK$220', '高級大床房（智能客控+手機投屏）:HK$229', '高級雙床房（智能客控+超大空間+手機投屏）:HK$240', '影音大床房（智能客控+百寸巨幕投影+手機投屏）:HK$263']"
桔子酒店（淮安蘇寧廣場店）,9.8,"['雙床房:HK$311', '高級大床房:HK$322', '商務大床房:HK$411', '套房:HK$503']"
全季酒店（淮安缽池山公園店）,9.7,"['大床房:HK$293', '高級大床房:HK$302', '雙床房:HK$302', '套房:HK$415']"
全季酒店（淮安區萬達廣場店）,9.8,"['高級大床房:HK$307', '高級雙床房:HK$318', '套房:HK$405']"
格林東方酒店（淮安河下古鎮周恩來紀念館店）,9.6,"['大床房:HK$198', '商務大床房:HK$209', '商務雙床房:HK$209', '豪華雙床房:HK$233']"
全季酒店（淮安大學城淮海南路店）,9.8,"['雙床房:HK$308', '大床房:HK$318', '高級雙床房:HK$329', '高級大床房:HK$338']"
全季酒店（淮安國家高新區店）,9.8,"['高級雙床房:HK$280', '高級大床房:HK$289', '商務大床房:HK$298', '套房:HK$346']"
