酒店名称,评分,房型价格列表
温州麗亭酒店,9.7,"['雅痞活力大床房:HK$424', '雅痞活力雙床房:HK$424', '雅痞都市大床房:HK$479', '温馨家庭房:HK$479', '雅痞高級套房:HK$697']"
温州雲天樓長成雲悦酒店,9.7,"['長成雲悦大床房:HK$619', '長成雲悦雙床房:HK$619', '景緻大床房:HK$648', '至尊大床房:HK$873', '親子家庭房:HK$914', '親子套房:HK$1,003']"
温州雲天樓甌越大酒店,9.7,"['甌越雙床房:HK$538', '甌越大床房:HK$538', '行政雙床房:HK$710', '行政大床房:HK$710', '綠豆蛙主題房:HK$832', '豪華套房:HK$1,233']"
全天候酒店（温州甌海龍霞路店）,9.8,"['靜謐深睡.雅緻大床房【全屋智能聲控+無線充電】:HK$318', '樂享大床房【按摩椅+全屋智能聲控+mini冰箱】:HK$326', '私湯大床房【冰箱浴缸+智能客控+精緻睡眠】:HK$368', '超大滾來滾去大床房【全屋智能聲控+mini吧+智能馬桶】:HK$385', '商務·智能雙床房【mini冰箱+全屋智能聲控+舒適睡眠】:HK$394']"
愛玲·中山雅舍（温州五馬街店）,9.5,"['曉風大床房（小冰箱+空氣凈化器）:HK$379', '逸雲大床房（芝華士沙發+小冰箱）:HK$415', '逸雲雙床房（百寸投影電視+小冰箱）:HK$415', '心悦大床房（茶桌+百寸投影電視）:HK$485']"
泰易智慧酒店（温州五馬街店）,9.6,"['日式優享房｜榻榻米.零壓床墊:HK$300', '奇異雙床房（零壓床墊+安睡枕）:HK$300', '日式樂享大床房｜安睡枕.零壓床墊:HK$315', '日式雅緻房｜茶桌.特色房:HK$321']"
温州開元名都大酒店,9.8,"['開元名都雙床房:HK$962', '開元名都大床房:HK$962', '高級市景雙床房:HK$996', '高級市景大床房:HK$996', '豪華市景雙床房:HK$1,027', '行政市景大床房:HK$1,159']"
温州瑞錦大酒店,9.7,"['清新雅緻大床房【小度智能聲控】:HK$429', '豪華美式大床房【小度智能聲控】:HK$477', '豪華城景大床房【小度智能聲控】:HK$525', '豪華城景雙床房【小度智能聲控】:HK$525', '温馨家庭房【小度智能聲控】:HK$565', '私湯享浴行政大床房【小度智能聲控】:HK$605']"
温度源V酒店（温州甌海梧田老街店）,9.8,"['高級大床房|mini冰箱|全屋聲控|乳膠床墊|智能投屏:HK$363', '高級雙床房|mini冰箱|全屋聲控|乳膠床墊|智能投屏:HK$369', '大小雙床房|mini冰箱|全屋聲控|乳膠床墊|智能投屏:HK$474', '樂享大床房|mini冰箱|全屋聲控|按摩椅|智能投屏:HK$477', '樂享雙床房|mini冰箱|全屋聲控|按摩椅|智能投屏:HK$477']"
温州五馬街步行街亞朵酒店,9.7,"['高級大床房（深睡床墊+深睡枕 PRO+投屏電視 +小冰箱）:HK$551', '高級雙床房（深睡床墊+深睡枕 PRO+投屏電視 +小冰箱）:HK$601', '行政城景大床房（深睡床墊+深睡枕PRO+投屏電視+小冰箱）:HK$601', '行政雙床房（深睡床墊+深睡枕PRO+投屏電視+小冰箱）:HK$651', '深睡尊享城景大床房（深睡床墊+深睡枕PRO+投屏電視+迷你bar）:HK$651']"
溫州樂清希爾頓歡朋酒店,9.7,"['舒適大床房:HK$434', '舒適雙床房:HK$434', '荷里活大床房:HK$434', '高級大床房:HK$605', '高級雙床房:HK$605']"
温州皇冠明悦酒店（龍灣昊域廣場店）,9.5,"['甄選 丨潮流空間全智能-設計師摩登風格:HK$363', '高級丨城景·高空-設計師摩登風格:HK$370', '高級 丨CEO·商務-設計師摩登風格:HK$377', '豪華丨幽蘭漂浮浴缸-設計師摩登風格:HK$425', '豪華 丨網紅漂浮浴缸-設計師摩登風格:HK$425']"
桔子水晶酒店（溫州南站甌海區政府店）,9.7,"['高級大床房:HK$435', '豪華大床房:HK$492', '豪華雙床房:HK$492', '行政雙床房:HK$529', '行政大床房:HK$595']"
温州瑞興大酒店（温州鹿城五馬街商業區店）,9.6,"['精緻大床房 | 小冰箱:HK$291', '慕斯雙床房 | 智能投屏+獨立清潔櫃+舒適辦公:HK$305', '質感大床房 | 泡泡浴缸+智能投屏+小冰箱:HK$315', '質感雙床房 | 智能投屏+雙台盆+小冰箱:HK$344', '祕境大床房 | 獨立衣帽間+泡泡浴缸+小冰箱:HK$355']"
甌悦·悦榕舍非遺藝術酒店（温州甌海梧田老街店）,9.6,"['悦舍·舒適大床房:HK$363', '悦新·雅緻大床房:HK$405', '悦榕·印象大床房（沙發+小冰箱）:HK$432', '悦榕·印象雙床房:HK$439']"
温度源酒店（五馬街公園路店）,9.8,"['私湯享浴大床房丨百寸激光電視丨mini冰箱丨浴缸:HK$371', '樂享大床房|百寸激光電視|mini冰箱|全屋聲控|智能投屏:HK$382', '樂享雙床房|百寸激光電視|mini冰箱|按摩椅|智能投屏:HK$403', '温馨時光親子房|百寸激光電視|mini冰箱|乳膠床墊|智能投屏:HK$457', '復古樸風大床房|百寸激光電視|mini冰箱|按摩椅|智能投屏:HK$468']"
瑞安榮悦豪庭酒店（瑞安動車站店）,9.6,"['悦享大床房︱記憶床墊︱全屋聲控︱記憶枕︱智能投屏:HK$247', '悦享雙床房︱記憶床墊︱全屋聲控︱記憶枕︱智能投屏:HK$247', '悦奢大床房︱記憶床墊︱全屋聲控︱記憶枕︱智能投屏:HK$270', '悦奢雙床房︱記憶床墊︱全屋聲控︱記憶枕︱智能投屏:HK$270', '臻享雙床房︱記憶床墊︱全屋聲控︱記憶枕︱智能投屏:HK$288']"
温州君廷酒店 （温州南站店）,9.5,"['高級大床房:HK$479', '豪華湖景雙床房:HK$555', '豪華大床房:HK$555', '行政湖景雙床房:HK$654', '行政大床房:HK$654', '高級套房:HK$795']"
瑞都·萬融商務大酒店,9.4,"['商務大床房 | 55寸電視可投屏:HK$337', '商務雙床房|55寸電視可投屏:HK$337', '高級商務大床房 | 55寸電視可投屏:HK$390', '高級商務雙床房 | 55寸電視可投屏:HK$423', '豪華大床房 | 55寸電視可投屏:HK$460']"
雍唐花園酒店（溫州五馬街九山公園店）,9.2,"['惠享深睡大床房-奢華鴨絨被-靜怡舒適-夜景動人:HK$212', '樂享陽光大床房-智能投屏-輕盈美夢-温馨舒適-酣暢甜睡:HK$231', '法式樂享雙床房-65寸投屏-親膚布草-舒睡好眠-舒享旅途:HK$250', '高空景觀大床房-品牌床墊-輕盈美夢-夜景動人-温馨出行:HK$270', '高空景觀雙床房（投屏電視+乳膠床墊+電動窗簾）:HK$288']"
温州國際大酒店,9.3,"['標準大床房A:HK$411', '經濟大床房:HK$413', '行政雙床房:HK$479', '行政大床房:HK$479', '童趣親子套房:HK$604']"
温德姆花園酒店（温州南站店）,9.0,"['高級大床房:HK$438', '豪華大床房:HK$474', '湖景雙床房:HK$511', '商務大床房:HK$547', '湖景大床房:HK$583']"
寺前月色酒店（溫州龍灣國際機場寺前街店）,9.8,"['靜謐深睡·體驗房:HK$239', '悦庭·大床房:HK$281', '悦享·大床房:HK$302', '悦心·雙床房:HK$324']"
瑞都E酒店（温州車站大道店）,9.4,"['標準大床房:HK$279', '高級雙床間:HK$295', '高級大床房:HK$316', '花園大床房:HK$317']"
全天候酒店（五馬街紗帽河店）,9.8,"['躺平治癒大床房【全屋聲控+空氣凈化器+智能馬桶】:HK$260', '景觀大床房【透光通風+全屋聲控+按摩椅+瀑布淋浴】:HK$271', '影院大床房[透光通風+百寸巨幕投影+按摩椅+無線充電]:HK$290', '高級大床房【按摩椅+投屏電視+瀑布式頂噴+智能馬桶】:HK$321']"
温度源酒店（温州五馬街大南門店）,9.8,"['高級雙床房|Mini冰箱|乳膠床墊|新風系統:HK$371', '高級大床房|Mini冰箱|乳膠床墊|新風系統:HK$371', '樂享大床房|Mini冰箱|按摩椅|乳膠床墊|新風系統:HK$429', '樂享雙床房|Mini冰箱|按摩椅|乳膠床墊|新風系統:HK$429', '大小雙床房|Mini吧|乳膠床墊|新風系統:HK$429']"
温州華僑飯店,9.3,"['豪華大床房:HK$675', '豪華雙床房:HK$675', '行政大床房:HK$784', '智享雙床房:HK$936', '智享大床房:HK$936', '豪華套房:HK$1,289']"
温度源V酒店（温州花園1956店）,9.8,"['高級大床房|mini冰箱|全屋聲控|乳膠床墊|智能投屏:HK$371', '高級雙床房|mini冰箱|全屋聲控|乳膠床墊|智能投屏:HK$371', '樂享大床房|mini冰箱|按摩椅|新風系統|智能投屏:HK$393', '樂享雙床房|mini冰箱|按摩椅|新風系統|智能投屏:HK$393', '觀景雙床房|mini冰箱|按摩椅|花園景觀|智能投屏:HK$435']"
温州喜來登酒店,9.3,"['豪華大床房:HK$815', '豪華雙床房:HK$815', '高級豪華大床房:HK$879', '高級豪華雙床房:HK$879', '行政俱樂部雙床房:HK$943', '行政俱樂部大床房:HK$943']"
溫州甌景瀾度假酒店,9.7,"['優選大床房:HK$534', '雅緻雙床房:HK$662', 'B.duck小黃鴨親子主題房:HK$863', '悦瀾輕奢LOFT套房:HK$1,108', '悦瀾奢享套房:HK$1,331']"
瑞安國際大酒店,9.7,"['高級雙床房:HK$413', '高級大床房:HK$435', '豪華雙床房:HK$457', '豪華大床房:HK$467', '行政雙床房:HK$521']"
温州永嘉希爾頓惠庭酒店,9.5,"['靈動大床房（沙發床+Coffee機+冰箱+智能馬桶）:HK$380', '靈動豪華大床房（沙發床+Coffee機+冰箱+智能馬桶）:HK$401', '靈動豪華雙床房（豪華沙發+Coffee機+冰箱+舒達床墊）:HK$401', '全能套房（沙發床+Coffee機+雙能效冰箱+智能馬桶）:HK$979']"
永嘉閲溪壹號民宿,9.4,"['繁溪:HK$377', '夢溪:HK$393', '嵐溪:HK$393', '聆溪:HK$475']"
途客國際酒店（温州汽車南站店）,9.5,"['途選大床房【乳膠床墊+精緻睡眠】:HK$202', '途享大床房【寬敞明亮+陽光充足】:HK$240', '途享雙床房【寬敞明亮+陽光充足】:HK$240', '途奢大床房【超大空間+智能投屏】:HK$262']"
溫州南站開元名庭酒店,9.6,"['名成豪華大床房|閑逸沙發|攬景落地窗:HK$423', '名成豪華雙床房|閑逸沙發|攬景落地窗:HK$423', '名成豪華家庭房|閑逸沙發|攬景落地窗:HK$459', '名成行政雙床房|Mini冰箱|閑逸沙發|攬景落地窗:HK$489', '名成行政大床房|Mini冰箱|閑逸沙發|攬景落地窗:HK$489']"
瑞安辰茂陽光酒店,9.3,"['高級大床房（舒適辦公區+乾濕分離+美好睡眠）:HK$315', '高級雙床房（舒適辦公區+乾濕分離+美好睡眠）:HK$315', '豪華大床房（舒適辦公區+乾濕分離+靜謐好眠）:HK$368', '豪華雙床房（舒適辦公區+乾濕分離+靜謐好眠）:HK$368', '高級套房:HK$368']"
温州平陽開元名庭酒店,9.6,"['名成高級大床房（智能客控小度+智能馬桶+智能窗簾+零壓床墊）:HK$347', '名成豪華大床房（智能客控小度+智能馬桶+智能窗簾+零壓床墊）:HK$381', '名成高級雙床房（智能客控小度+智能馬桶+智能窗簾+零壓床墊）:HK$381', '名成豪華雙床房（智能客控小度+智能馬桶+智能窗簾+零壓床墊）:HK$403', '名成行政大床房（智能客控小度+智能馬桶+智能窗簾+零壓床墊）:HK$425']"
温州王朝大酒店,9.2,"['標準大床房:HK$481', '標準雙床房:HK$481', '豪華大床房:HK$554', '豪華雙床房:HK$554', '行政大床房:HK$593']"
温州華僑飯店（柏宴店）,9.5,"['豪華大床房（智能聲控+智能馬桶+深睡美國乳膠床墊）:HK$387', '豪華雙床房（智能聲控+進口智能馬桶+美國乳膠床墊+全景落地窗）:HK$387', '商務B套房（智能聲控+全景落地窗+美國乳膠深睡床墊）:HK$858', '商務A套房（智能聲控+全景落地窗+美國乳膠深睡床墊）:HK$925']"
楽酒店（溫州學院路店）,9.7,"['特惠朝陽間-臨河觀景大床房:HK$646', '朝陽間·臨河觀景大床房:HK$952', '301複式木馬大床房:HK$1,059', '303複式閣樓潛水艇房:HK$1,059']"
雁盪山花語拾光度假民宿,9.8,"['特惠大床房:HK$556', '陽台雙床房:HK$742', '景觀雙床房:HK$835', '家庭親子套房:HK$891']"
樂清天豪君瀾大酒店,9.6,"['豪華雙床房:HK$515', '豪華大床房:HK$515', '行政雙床房:HK$673', '行政大床房:HK$673', '豪華商務套房:HK$1,011', '行政商務套房:HK$1,265']"
温州瑞豪·水心飯店,9.2,"['精緻雙床房:HK$220', '精緻大床房:HK$224', '經典大床房:HK$241', '經典雙床房:HK$241', '行政大床房:HK$262']"
溫州泰易智慧酒店（梧田夜市龍霞路地鐵站店）,9.5,"['【精緻大床房】零壓睡品+全屋智能聲控+mini冰箱+超大液晶電視+智能馬桶:HK$311', '【觀影大床房】零壓睡品+全屋智能聲控+mini冰箱+超大激光投影+智能馬桶:HK$325', '【心悦雙床房】零壓睡品+全屋智能聲控+mini冰箱+超大液晶電視+智能馬桶:HK$347', '【心悦大床房】零壓睡品+全屋智能聲控+mini冰箱+超大液晶電視+智能馬桶:HK$368']"
温州機場開元名庭酒店,9.6,"['名庭高級大床房（高清投屏+智能馬桶）:HK$404', '名庭高級雙床房（高清投屏+智能馬桶）:HK$404', '名庭豪華大床房（高清投屏+智能客控）:HK$459', '名庭豪華雙床房（高清投屏+智能客控）:HK$459', '名庭商務大床房【全景落地窗I智能客控I智能按摩床】:HK$514']"
溫州泰易智慧酒店（印象南塘龍霞路地鐵站店）,9.5,"['日式雙床房:HK$359', '精緻大床房:HK$359', '暖心大床房-抗壓枕:HK$380', '懸浮景觀浴缸房:HK$457']"
永嘉楠溪江楠滙棲竹民宿,9.7,"['木落:HK$395', '空林:HK$395', '晨霧:HK$395', '山中:HK$395']"
平陽開元名都酒店,9.5,"['開元市景雙床房:HK$593', '開元市景大床房:HK$617', '開元家庭標準房:HK$715', '豪華市景大床房:HK$715', '豪華市景雙床房:HK$715', '開元家庭主題房:HK$763']"
美侖酒店（温州金虹美食街店）,9.4,"['高級大床房:HK$384', '高級雙床房:HK$433', '商務大床房:HK$453', '商務雙床房:HK$482']"
德信君亭酒店（溫州南站銀泰百貨店）,9.3,"['豪華大床房+金可兒床墊+mini吧:HK$338', '豪華雙床房+金可兒床墊+mini吧:HK$338', '四季大床房+金可兒床墊+mini吧:HK$377', '行政大床房+金可兒床墊+mini吧:HK$412', '行政雙床房+金可兒床墊+mini吧:HK$412']"
