酒店名称,评分,房型价格列表
莫幹山莫霞開元頤居酒店,9.7,"['頤居大床房:HK$544', '豪華大床房:HK$599', '豪華雙床房:HK$633', '頤居家庭房:HK$744', '景觀家庭房:HK$855']"
博雅·Travel with pets·度假莊園,9.4,"['滄山·松濤·庭院大床房【全屋智能+落地窗+地暖】:HK$496', '雲歸·園景雙床房【全屋智能+落地窗+開闊視野景+地暖】:HK$609', '漁隱·園景大床房【全屋智能+落地窗+開闊視野景+地暖】:HK$609', '探梅·浮玉·親子房【全屋智能+馬歇爾音響+深泡浴缸+地暖】:HK$780', '長煙·豪華庭院大床房【全屋智能+寵物小院+深泡浴缸+地暖】:HK$801']"
湖州松茉酒店（太湖月亮灣店）,9.5,"['松影·悠舍大床房 ｜AI客控+4K投影+零壓舒眠+影視會員:HK$442', '松影·夢澤大床房 ｜AI客控+4k投影+私享庭院+影視會員:HK$484', '松影·月泊大床房｜AI客控+4k投影+私享庭院+智能壁爐:HK$529', '茉語·花漾大床房｜AI客控+4k投影+景觀陽台浴缸+智能壁爐:HK$557', '茉語·流光大床房｜AI客控+4k投影+景觀陽台浴缸+恆温衞浴:HK$664']"
湖州東吳銀泰鳳凰路輕居酒店,9.7,"['舒適大床房（65寸4K高清投屏電視+深睡枕PRO+小冰箱）:HK$330', '標準雙床房（65寸4K高清投屏電視+深睡枕PRO+小冰箱）:HK$350', '標準大床房（65寸4K高清投屏電視+深睡枕PRO+小冰箱）:HK$359', '精選雙床房（65寸4K高清投屏電視+深睡枕PRO+迷你BAR）:HK$370', '精選大床房（65寸4K高清投屏電視+深睡枕PRO+迷你BAR）:HK$380']"
湖州東吳開元頤居酒店,9.6,"['頤享高級大床房:HK$451', '豪華景觀大床房:HK$491', '豪華景觀親子房:HK$567', '豪華雙卧套房:HK$953', '尊享三卧套房:HK$1,467']"
湖州南太湖綠地遊邑度假酒店,9.6,"['靜謐大床房丨酣暢睡眠+新風+檜木私湯:HK$632', '豪華大床房丨印尼進口藤編+榻榻米茶座+智能客控:HK$654', '雅緻雙床房丨子母型雙層彈簧記憶棉床墊+衞浴三區分離:HK$785', '豪華雙床房丨稻草泥批刮牆面+榻榻米茶座+智能馬桶:HK$851', '心悦雅韻大床房丨雙人檜木私湯+侘寂禪意風+Mini冰箱:HK$894']"
湖州東吳開元名庭酒店,9.6,"['名成豪華雙床房:HK$413', '名成豪華大床房:HK$477', '名成景觀大床房:HK$605', '名成商務大床房:HK$605', '名成家庭房:HK$605']"
四季繁花·Flowers in all seasons設計師美宿（南潯古鎮景區店）,9.5,"['Tranquil·零壓好眠大床房【療愈景觀+徠芬吹風機+乾濕分離+智能馬桶】:HK$402', 'Tranquil·IMAX巨幕影院大床房【巨幕投影+舒適好眠+徠芬吹風機+智能馬桶】:HK$476', 'Tranquil·療愈觀景大床房【180°觀景陽台+舒適好眠+徠芬吹風機+智能馬桶+乾濕分離】:HK$534', 'Tranquil·雅緻觀景雙床房【舒適好眠+徠芬吹風機】:HK$590']"
湖州高鐵站希爾頓花園酒店,9.4,"['花園大床房:HK$424', '花園雙床房:HK$424', '無障礙房:HK$424', '花園沙發床房:HK$531', '花園高級雙床房:HK$552']"
花築·潯杉里民宿（南潯百間樓店）,9.4,"['惠風大床房 · 實木桌椅+茶具+智能馬桶:HK$781', '蘭亭丨大床房·廊房+休閑桌椅+茶具+智能馬桶:HK$817', '雲起大床房 · 奢華浴缸+實木桌椅+智能馬桶:HK$902', '長留雙床房· 廊房+休閑桌椅+茶具+智能馬桶:HK$938', '行山雙床房+休閑桌椅+茶具+智能馬桶:HK$938']"
湖州天煌大酒店,9.6,"['高級大床房:HK$315', '高級雙床房:HK$315', '豪華大床房:HK$358', '豪華雙床房:HK$379', '豪華景觀大床房:HK$421']"
花跡·美學民宿·Resort hotel（南潯古鎮景區店）,9.5,"['雪梅大床房（美國舒達床墊+科勒潔具）:HK$320', '舒適大床房（美國舒達床墊+科勒潔具）:HK$360', '溪苑榻榻米房（美國舒達床墊+科勒潔具）:HK$372', '尊享雙床房（美國舒達床墊+科勒潔具）:HK$403', '庭院大床房（美國舒達床墊+科勒潔具）:HK$425']"
聽澗·南潯｜顧裏私湯設計民宿（南潯古鎮景區店）,9.6,"['禮霧漫·大床房｜泳池景:HK$568', '知雲閑·舒適大床房｜北歐極簡風:HK$568', '書雨眠·親子房｜泳池景:HK$638', '書海瀾·大床房｜臨河景觀·新中式:HK$822']"
湖州東吳開元名都酒店,9.6,"['名都雙床房:HK$657', '行政大床房:HK$839', '雲端大床房:HK$1,324', '雙卧套房:HK$1,324', '雲端行政套房:HK$2,478', '雲端商務套房:HK$5,149']"
緣舍·温湯度假民宿（湖州南潯古鎮店）,9.8,"['緣夕·大床房【直飲機＋乳膠床墊＋智能馬桶】:HK$547', '良景·大床房【直飲機＋乳膠床墊＋智能馬桶】:HK$547', '墨染·大床房【直飲機＋乳膠床墊＋智能馬桶】:HK$547', '初見·陽台大床房【私人露台+乳膠床墊+智能馬桶】:HK$645']"
長興開元名都大酒店,9.7,"['開元雙床房:HK$521', '開元大床房:HK$554', '豪華雙床房:HK$554', '豪華大床房:HK$598', '按摩椅大床房:HK$598', '名都雙床房:HK$609']"
一是了·古韻今風丨Canal Courtyard臨河庭院民宿（南潯古鎮店）,9.7,"['西江月高級大床房（科勒衞浴·戴森吹風機·智控）:HK$517', '聲聲慢庭院舒適大床房（智控·戴森吹·金可兒床墊）:HK$560', '鵲橋仙庭院舒適大床房（全屋智控·科勒衞浴·戴森）:HK$581', '永遇樂温馨家庭房（全屋智控·科勒衞浴·戴森吹風機）:HK$581']"
德清莫幹山地信開元名庭大酒店,9.5,"['開元高級雙床房:HK$472', '開元高級大床房:HK$472', '豪華市景大床房:HK$538', '行政市景雙床房:HK$614', '行政市景大床房:HK$614']"
莫幹山賓臨城温泉民宿,9.7,"['雅湘:HK$1,290', '明玕套房:HK$1,399', '修篁:HK$1,399', '望翠庭院私湯房:HK$1,508', '錦玉庭院私湯房:HK$1,617']"
南潯博陽開元名庭度假酒店,9.3,"['開元大床房:HK$629', '標準雙床房:HK$662', '標準大床房:HK$662', '開元雙床房:HK$739', '豪華大床房:HK$848', '豪華雙床房:HK$957']"
湖州藍谷酒店,9.7,"['藍奢豪華大床房（零壓床+乾濕分離+落地窗+好眠枕）:HK$425', '藍逸豪華雙床房（零壓床+三區乾濕分離+落地大窗）:HK$425', '藍享投影大床房（高清投影超大幕布+VIP觀影+零壓床+Mini冰箱）:HK$447', '藍悦零壓探索宇航員主題雙床房（親子拼裝玩具+夢幻星空頂+遊戲地墊+小童洗漱增高凳）:HK$556', '藍悦零壓滑板熊貓主題雙床房（拼裝玩具+遊戲地墊+夢幻星空頂+小童牙刷+智能馬桶+小童凳）:HK$556']"
果然好奇丨中式迴廊設計丨Curious Life輕奢美宿（南潯古鎮景區店）,9.6,"['扶搖·園景大床房【智能客控·金可兒床墊·迷你冰箱】:HK$452', '流嵐·雅緻大床房【智控·金可兒床墊·戴森·小冰箱】:HK$489', '靈澤·温馨園景大床房【智能客控·金可兒床墊·戴森吹風機·迷你冰箱·私享小花園】:HK$489', '寒酥·温馨大床房【智能客控·金可兒床墊·戴森吹風機·迷你冰箱】:HK$489']"
湖州星儷嵐酒店,9.3,"['星儷雙床房:HK$471', '豪華雙床房:HK$499', '豪華大床房:HK$499', '景觀雙床房:HK$565', '景觀大床房:HK$565', '星儷套房:HK$745']"
湖州南潯福朋喜來登酒店,9.6,"['高級大床房:HK$601', '高級雙床房:HK$601', '尊貴大床房:HK$666', '尊貴雙床房:HK$666', '尊貴河景大床房:HK$776']"
悦舍民宿（南潯古鎮景區店）,9.5,"['悦心榻榻米大床房:HK$377', '悦己雅緻大床房:HK$434', '悦來悦欣温馨大床房:HK$517', '悦靜舒適雙床房:HK$541']"
覓隱·長興luxurious設計師生活美學美宿,9.9,"['隱心·優享大床房丨超大觀景落地窗+全屋地暖+智能馬桶:HK$546', '幽竹·輕奢雙床房丨55寸電視+全屋地暖+智能馬桶:HK$656', '闌珊·優享輕奢雙床房丨55寸電視+全屋地暖+智能馬桶:HK$752', '覓居·輕奢優享大床房丨超大觀景落地窗+全屋地暖+智能馬桶:HK$765']"
南潯雲棲瀾亭民宿,9.4,"['籬棲:HK$373', '谷棲:HK$373', '顧棲:HK$389', '泊棲:HK$413', '宿棲:HK$413']"
湖州諾富特酒店,9.2,"['雙床房:HK$355', '大床房:HK$388', '高級雙床房:HK$429', '高級大床房:HK$429', '豪華雙床房:HK$476', '豪華大床房:HK$476']"
南潯花間堂·求恕裏,9.6,"['藏靜雅居大床房:HK$754', '藏靜雅居雙床房:HK$754', '藏墨雅居大床房:HK$942', '藏墨雅居雙床房:HK$942', '藏溪雅居大床房:HK$1,131']"
湖州賓館,9.5,"['豪華雙床房:HK$468', '豪華大床房:HK$479', '行政雙床房:HK$588', '商務大床房:HK$612', '豪華套房:HK$961']"
意百間·臨河觀景·江南水鄉度假民宿（南潯古鎮景區店）,9.7,"['意·水舍大床房【馬歇爾音箱+德龍熱水壺+乳膠床墊】:HK$882', '意·雅緻大床房【獨立休息區+馬歇爾音箱+德龍燒水壺】:HK$882', '意·雲舍大床房【盡享庭院景觀+馬歇爾音箱】:HK$975', '意·園景大床房【休閑沙發+馬歇爾音箱+德龍熱水壺】:HK$975']"
德清莫幹山希爾頓歡朋酒店,9.7,"['舒適雙床房:HK$518', '高級大床房:HK$557', '舒適大床房:HK$576', '高級雙床房:HK$576', '豪華大床房:HK$595']"
南潯巨人君瀾度假酒店,9.5,"['時尚工業大床房:HK$697', '時尚工業雙床房:HK$752', '民國風大床房:HK$806', '民國風雙床房:HK$861', '民國風豪華大床房:HK$916', '民國風豪華雙床房:HK$916']"
太湖雷迪森懌曼酒店,8.7,"['標準雙床房:HK$193', '懌悦大床房:HK$406', '懌悦雙床房:HK$406', '曼悦大床房:HK$465']"
原舍卅那度·度假別院（南潯古鎮景區百間樓店）,9.2,"['樸悦·智能客控·尊享·大床房【全屋輕奢·恬謐雅居】:HK$483', '藍醺·智能客控·尊享古風浴缸家庭房【温馨古樸】:HK$518', '藍醺·獨享庭院·智能客控·古風浴缸家庭房:HK$554', '藍醺·豪華·智能客控·古風浴缸家庭房:HK$554', '桉裏·智能客控·風雅小院【庭院時光·輕奢極簡】:HK$625']"
藕舍·Lake Side庭院美宿（南潯古鎮景區店）,9.3,"['漣白·凌波大床房（科勒潔具+舒適好眠+乾濕分離）:HK$338', '枕溪·景觀大床房（科勒潔具+舒達床墊+乾濕分離）:HK$375', '澄影·舒適雙床房（科勒潔具+舒適好眠+乾濕分離）:HK$401', '泮月·LOFT雙床房（休閑沙發+科勒潔具+乾濕分離）:HK$409']"
落花老屋·江南園林靜謐庭院中式府址園林美宿（南潯古鎮景區店）,9.5,"['蘭菊·古雅韻·雕花雙床親子房:HK$672', '梅竹·梅香居·親子房:HK$672', '百合水仙·芳四溢·臨河大床房:HK$?', '清蓮-紅梅-丁香（舒適雙床房+歐式風格+花園景）:HK$?']"
御墅丨環山祕境溯溪泳池私湯温泉度假酒店 （安吉深溪峽谷漂流店）,9.5,"['SENLIN 「幻竹」庭院特大床房:HK$678', 'SENLIN「聽溪」特大床房:HK$965', 'SENLIN「枕雲」榻榻米特大床房:HK$1,403', 'SENLIN「宿谷」特大床房:HK$1,404']"
莫幹馨悦居温泉美宿,9.5,"['雲舒·觀竹浴缸大床房:HK$873', '雲起·觀竹景觀家庭房:HK$961', '雲來·看山景觀家庭房:HK$1,048', '雲端·全景露台整層三卧家庭套房:HK$2,097']"
湖州太湖君瀾温泉度假酒店,9.6,"['豪華園景大床房:HK$713', '豪華園景雙床房:HK$713', '森林氧吧大床房:HK$806', '森林氧吧雙床房:HK$806', '豪華臨湖大床房:HK$899', '豪華臨湖雙床房:HK$899']"
湖州長興利時廣場麗柏酒店,9.7,"['舒適大床房:HK$319', '舒適雙床房:HK$319', '精緻大床房:HK$343', '精緻雙床房:HK$343', '親子大床房:HK$384']"
南潯江南庭院度假酒店,9.4,"['庭院温馨大床房:HK$337', '庭院奢享大床房:HK$413', '庭院奢享雙床房:HK$413', '庭院豪華陽光大床房:HK$541', '庭院温馨豪華套房:HK$541']"
南潯古鎮夢向庭院民宿,9.0,"['雅緻精品大床房:HK$341', '尊享雙床房:HK$398', '庭院日式榻榻米:HK$423', '庭院露台大床房:HK$472']"
湖州山嶼汐民宿,9.9,"['密悦大床房:HK$577', '晏溪大床房:HK$577', '覓知特色吊牀雙床房:HK$649', '隨遇陽光大床房:HK$649', '戀海特色吊牀雙床房:HK$649']"
古言溪·星空泳池·水墨江南庭院美宿（南潯古鎮店）,9.8,"['山奈· 特惠大床房:HK$792', '雲華·榻榻米大床房:HK$880', '紫荊·榻榻米雙床房:HK$880', '扶搖·浴缸投影大床房:HK$1,099', '杜若·庭院浴缸投影大床房:HK$1,317']"
萬達艾美酒店（南潯古鎮人瑞路店）,9.5,"['豪華大床房（智能客控+minibar）:HK$348', '豪華雙床房（智能客控+minibar）:HK$385', '行政大床間（智能客控+minibar）:HK$386', '行政雙床房（智能客控+minibar）:HK$421', '私享圓床房（智能客控+minibar）:HK$444']"
湖州時間的河·島嶼酒店,8.2,"['沙丘觀影大床房:HK$436', '城堡觀影套房:HK$545', '紀念日大床房:HK$545', '紀念日觀影雙床房:HK$545', '地中海私湯庭院房:HK$656', '盜夢loft套房:HK$656']"
朗麗茲酒店（湖州高鐵站店）,9.4,"['無窗大床房:HK$313', '高級大床房:HK$366', '高級雙床間:HK$366', '豪華大床房:HK$401', '豪華雙床房:HK$446']"
曼居酒店（湖州高鐵站店）,9.5,"['曼選雙床房:HK$347', '曼享大床房:HK$391', '曼享雙床房:HK$391', '曼居大床房【咖香漫步+森林氧吧+全景落地窗】:HK$413', '樂活親子房:HK$457']"
湖州浙北大酒店,9.3,"['高級大床房:HK$267', '高級標準間:HK$267', '豪華大床房:HK$388', '豪華標準間:HK$388', '空氣清新房:HK$537']"
