酒店名称,评分,房型价格列表
歡喜宿·奢享花園度假酒店（南潯古鎮店）,9.5,"['喜願·簡約大床房:HK$501', '喜尚·景觀雙床房-智能家居:HK$585', '喜洽·水墨家庭房:HK$585', '喜樂·景觀大床房-智能家居:HK$609']"
南太湖山莊,9.7,"['豪華園景雙床房:HK$1,459', '園景別墅雙床房:HK$1,701', '園景別墅大床房:HK$1,701', '景觀雙床房:HK$1,701', '景觀別墅雙床房:HK$1,944', '景觀別墅大床房:HK$1,944']"
湖州太湖君瀾温泉度假酒店,9.5,"['豪華園景大床房:HK$713', '豪華園景雙床房:HK$713', '森林氧吧大床房:HK$806', '高級雙床房:HK$806', '豪華臨湖大床房:HK$899', '豪華臨湖雙床房:HK$899']"
湖州東吳開元名都酒店,9.6,"['名都雙床房（全景落地窗+躺卧沙發）:HK$657', '行政大床房（雲端景觀+全景落地窗+浴缸）:HK$839', '雲端大床房（超大圓浴缸+全景落地窗+金可兒床墊）:HK$1,324', '雙卧套房（獨立卧室+全景落地窗+浴缸）:HK$1,324', '雲端行政套房（全景落地窗+金可兒床墊+躺卧沙發）:HK$2,478', '雲端商務套房（金可兒床墊+全景落地窗+躺卧沙發）:HK$5,150']"
宿之極·南樓春曉度假民宿（百間樓店）,9.7,"['月白.巷隱丨舒適大床+戴森吹風機+馬歇爾音響+帕爾馬之水洗護用品:HK$1,080', '晚秋丨庭院園景大床+戴森吹風機+馬歇爾音響+帕爾馬之水洗護用品:HK$1,190', '吟夏丨園景大床房＋戴森吹風機＋馬歇爾音響＋帕爾馬之水:HK$1,190', '春曉丨庭院園景雙床+戴森吹風機+馬歇爾音響+帕爾馬之水洗護用品:HK$1,299', '瑰覓丨雙床房+戴森吹風機+馬歇爾音響+帕爾馬之水洗護用品:HK$1,517']"
緣舍·温湯度假民宿（湖州南潯古鎮店）,9.8,"['緣夕·大床房【直飲機＋乳膠床墊＋智能馬桶】:HK$547', '良景·大床房【直飲機＋乳膠床墊＋智能馬桶】:HK$547', '墨染·大床房【直飲機＋乳膠床墊＋智能馬桶】:HK$547', '初見·陽台大床房【私人露台+乳膠床墊+智能馬桶】:HK$645']"
湖州天煌大酒店,9.6,"['高級大床房:HK$315', '高級雙床房:HK$315', '豪華大床房:HK$358', '豪華雙床房:HK$379', '豪華景觀大床房:HK$421']"
悦舍民宿（南潯古鎮景區店）,9.5,"['悦心榻榻米大床房:HK$377', '悦己雅緻大床房:HK$434', '悦來悦欣温馨大床房:HK$517', '悦靜舒適雙床房:HK$541']"
湖州東吳銀泰鳳凰路輕居酒店,9.7,"['舒適大床房（65寸4K高清投屏電視+深睡枕PRO+小冰箱）:HK$305', '標準雙床房（65寸4K高清投屏電視+深睡枕PRO+小冰箱）:HK$323', '標準大床房（65寸4K高清投屏電視+深睡枕PRO+小冰箱）:HK$332', '精選雙床房（65寸4K高清投屏電視+深睡枕PRO+迷你BAR）:HK$340', '精選大床房（65寸4K高清投屏電視+深睡枕PRO+迷你BAR）:HK$349']"
四季繁花·Flowers in all seasons設計師美宿（南潯古鎮景區店）,9.5,"['Tranquil·零壓好眠大床房【療愈景觀+徠芬吹風機+乾濕分離+智能馬桶】:HK$402', 'Tranquil·IMAX巨幕影院大床房【巨幕投影+舒適好眠+徠芬吹風機+智能馬桶】:HK$476', 'Tranquil·療愈觀景大床房【180°觀景陽台+舒適好眠+徠芬吹風機+智能馬桶+乾濕分離】:HK$534', 'Tranquil·雅緻觀景雙床房【舒適好眠+徠芬吹風機】:HK$590']"
長興開元名都大酒店,9.7,"['開元雙床房:HK$521', '開元大床房:HK$554', '豪華雙床房:HK$554', '豪華大床房:HK$598', '按摩椅大床房:HK$598', '名都雙床房:HK$609']"
瀾庭逸院酒店（南潯古鎮南門店）,9.4,"['特惠雙床房（品牌舒睡床墊+衞生間乾濕分離）:HK$304', '輕奢大床房（品牌舒睡床墊+衞生間乾濕分離+電視投屏）:HK$339', '輕奢雙床房（品牌舒睡床墊+電視投屏+衞生間乾濕分離）:HK$353', '豪華大床房（品牌舒睡床墊+大空間+衞生間乾濕分離）:HK$373']"
南潯博陽開元名庭度假酒店,9.3,"['開元大床房:HK$629', '標準雙床房:HK$662', '標準大床房:HK$662', '開元雙床房:HK$739', '豪華大床房:HK$848', '豪華雙床房:HK$957']"
湖州藍谷酒店,9.7,"['藍奢豪華大床房（零壓床+乾濕分離+落地窗+好眠枕）:HK$400', '藍逸豪華雙床房（零壓床+三區乾濕分離+落地大窗）:HK$400', '藍享投影大床房（高清投影超大幕布+VIP觀影+零壓床+Mini冰箱）:HK$420', '藍悦零壓探索宇航員主題雙床房（親子拼裝玩具+夢幻星空頂+遊戲地墊+小童洗漱增高凳）:HK$498', '藍悦零壓滑板熊貓主題雙床房（拼裝玩具+遊戲地墊+夢幻星空頂+小童牙刷+智能馬桶+小童凳）:HK$498']"
安隅楠舍·Fragrant花園美宿（南潯古鎮景區店）,9.8,"['西川·純凈大床房丨55寸觀影電視+休閑桌椅+茶具:HK$392', '東澤·清新大床房丨55寸觀影電視+休閑桌椅+茶具:HK$413', '春祺·榻榻米大床房丨55寸觀影電視+休閑沙發+茶几空間:HK$446', '夏安·無暇雙床房丨55寸觀影電視+休閑桌椅+茶具:HK$490']"
一是了·古韻今風丨Canal Courtyard臨河庭院民宿（南潯古鎮店）,9.7,"['西江月高級大床房（科勒衞浴·戴森吹風機·智控）:HK$517', '聲聲慢庭院舒適大床房（智控·戴森吹·金可兒床墊）:HK$560', '鵲橋仙庭院舒適大床房（全屋智控·科勒衞浴·戴森）:HK$581', '永遇樂温馨家庭房（全屋智控·科勒衞浴·戴森吹風機）:HK$581']"
南潯沉香會館,9.3,"['梅宅私湯大床套房:HK$853', '顧府私湯大床套房:HK$853', '周宅私湯大床套房:HK$853', '龐府私湯大床套房:HK$853']"
湖州東吳開元名庭酒店,9.6,"['名成豪華雙床房（全景落地窗+躺卧沙發+Mini冰箱）:HK$413', '名成豪華大床房（全景落地窗+躺卧沙發+Mini冰箱）:HK$478', '名成景觀大床房（日式榻榻米特大床+休閑觀景飄窗）:HK$605', '名成商務大床房（舒適特大床＋全景落地窗+躺卧沙發）:HK$605', '名成家庭房（全景落地窗+躺卧沙發）:HK$605']"
湖州南潯福朋喜來登酒店,9.6,"['高級大床房:HK$601', '高級雙床房:HK$601', '尊貴大床房:HK$667', '尊貴雙床房:HK$667', '尊貴河景大床房:HK$776']"
江南賦園林私湯設計師民宿（南潯古鎮店）,9.6,"['香閣大床房:HK$826', '香閣雙床房:HK$826', '宜園景觀大床房:HK$933', '南院·菡庭私湯房:HK$1,039', '南院·蕖庭私湯房:HK$1,039']"
湖州星儷嵐酒店,9.3,"['星儷雙床房:HK$471', '豪華雙床房:HK$499', '豪華大床房:HK$499', '景觀雙床房:HK$565', '景觀大床房:HK$565', '星儷套房:HK$745']"
NA·莫幹山設計師温泉民宿,9.7,"['曼·山景陽台大床房-有私湯-舒適水地暖-戴森吹風機:HK$1,329', '青·星空大床房-有私湯-舒適水地暖-戴森吹風機:HK$1,329', '珊·180°泳池陽台大床房-有私湯-舒適水地暖-戴森吹風機:HK$1,413', '藍·B棟一層270度榻榻米雙床房-有私湯-舒適水地暖:HK$1,413', '珀·270°山景大床房-有私湯-可觀後山全景-舒適水地暖-戴森吹風機:HK$1,651']"
湖州高鐵站希爾頓花園酒店,9.4,"['花園大床房:HK$425', '花園雙床房:HK$425', '無障礙房:HK$425', '花園沙發床房:HK$531', '花園高級雙床房:HK$552']"
湖州東吳開元頤居酒店,9.6,"['頤享高級雙床房:HK$413', '頤享榻榻米雙床房:HK$413', '豪華景觀雙床房:HK$451', '頤享高級大床房:HK$451', '豪華景觀大床房:HK$491']"
果然好奇丨中式迴廊設計丨Curious Life輕奢美宿（南潯古鎮景區店）,9.5,"['扶搖·園景大床房【智能客控·金可兒床墊·迷你冰箱】:HK$452', '流嵐·雅緻大床房【智控·金可兒床墊·戴森·小冰箱】:HK$489', '靈澤·温馨園景大床房【智能客控·金可兒床墊·戴森吹風機·迷你冰箱·私享小花園】:HK$489', '寒酥·温馨大床房【智能客控·金可兒床墊·戴森吹風機·迷你冰箱】:HK$489']"
藕舍·Lake Side庭院美宿（南潯古鎮景區店）,9.3,"['漣白·凌波大床房（科勒潔具+舒適好眠+乾濕分離）:HK$338', '枕溪·景觀大床房（科勒潔具+舒達床墊+乾濕分離）:HK$375', '澄影·舒適雙床房（科勒潔具+舒適好眠+乾濕分離）:HK$401', '泮月·LOFT雙床房（休閑沙發+科勒潔具+乾濕分離）:HK$409']"
原舍卅那度·度假別院（南潯古鎮景區百間樓店）,9.2,"['樸悦·智能客控·尊享·大床房【全屋輕奢·恬謐雅居】:HK$483', '藍醺·智能客控·尊享古風浴缸家庭房【温馨古樸】:HK$519', '藍醺·獨享庭院·智能客控·古風浴缸家庭房:HK$554', '桉裏·智能客控·風雅小院【庭院時光·輕奢極簡】:HK$625', '楠苑·智能客控風範家庭套房【獨立休憩區·奢華配置】:HK$696']"
莫幹山都喜天麗酒店,9.1,"['豪華湖景雙床房:HK$981', '豪華湖景大床房:HK$981', '山居雙床房:HK$1,032', '湖景大床房:HK$1,042', '豪華湖景套房:HK$1,657', '雲鏡獨棟雙卧房:HK$3,302']"
南潯賞玉閣温泉酒店,9.3,"['天樞·榻榻米房:HK$399', '滿天星·古韻標房:HK$492', '搖光-古韻親子房（園景）:HK$492', '開陽·臨河房:HK$529']"
南潯古鎮夢向庭院民宿,9.0,"['雅緻精品大床房:HK$341', '尊享雙床房:HK$398', '庭院日式榻榻米:HK$423', '庭院露台大床房:HK$472']"
南潯古鎮潯書坊民宿（百間樓店）,9.5,"['歸蓮夢:HK$771', '玉嬌梨:HK$771', '錦香亭花園標間:HK$831', '爭春園花園標間:HK$831', '鏡花緣花園大床房:HK$865']"
湖州南潯希爾頓酒店,9.4,"['豪華大床房:HK$1,137', '豪華雙床房:HK$1,137', '無障礙房:HK$1,137', '豪華湖景大床房:HK$1,245', '豪華湖景雙床房:HK$1,245', '尊享大床房:HK$1,300']"
南潯花間堂·求恕裏,9.6,"['藏靜雅居大床房:HK$709', '藏靜雅居雙床房:HK$709', '藏墨雅居大床房:HK$885', '藏墨雅居雙床房:HK$885', '藏溪雅居大床房:HK$1,063']"
南潯巨人君瀾度假酒店,9.5,"['時尚工業大床房:HK$697', '時尚工業雙床房:HK$752', '民國風大床房:HK$806', '民國風雙床房:HK$861', '民國風豪華大床房:HK$916', '民國風豪華雙床房:HK$916']"
聽澗·南潯｜顧裏私湯設計民宿（南潯古鎮景區店）,9.6,"['禮霧漫·大床房｜泳池景:HK$568', '知雲閑·舒適大床房｜北歐極簡風:HK$568', '書雨眠·親子房｜泳池景:HK$638', '書海瀾·大床房｜臨河景觀·新中式:HK$822']"
湖州東吳亞朵酒店,9.7,"['高級雙床房:HK$412', '高級大床房:HK$412', '幾木家庭雙床房:HK$511', '幾木套房:HK$628']"
花跡·美學民宿·Resort hotel（南潯古鎮景區店）,9.5,"['雪梅大床房（美國舒達床墊+科勒潔具）:HK$320', '舒適大床房（美國舒達床墊+科勒潔具）:HK$360', '溪苑榻榻米房（美國舒達床墊+科勒潔具）:HK$372', '尊享雙床房（美國舒達床墊+科勒潔具）:HK$403', '庭院大床房（美國舒達床墊+科勒潔具）:HK$425']"
全季酒店（湖州杭長橋北路店）,9.7,"['高級雙床房:HK$331', '高級大床房:HK$352', '商務雙床房:HK$372', '商務大床房:HK$381']"
德清莫幹山地信開元名庭大酒店,9.5,"['開元高級雙床房:HK$532', '開元高級大床房:HK$532', '豪華市景大床房:HK$598', '行政市景雙床房:HK$674', '行政市景大床房:HK$674']"
落花老屋·江南園林靜謐庭院中式府址園林美宿（南潯古鎮景區店）,9.5,"['蘭菊·古雅韻·雕花雙床親子房:HK$672', '梅竹·梅香居·親子房:HK$672', '百合水仙·芳四溢·臨河大床房:HK$?', '清蓮-紅梅-丁香（舒適雙床房+歐式風格+花園景）:HK$?']"
莫幹山莫霞開元頤居酒店,9.7,"['頤居大床房:HK$534', '豪華大床房:HK$599', '豪華雙床房:HK$633', '頤居家庭房:HK$744', '景觀家庭房:HK$855']"
太湖雷迪森懌曼酒店,8.6,"['標準雙床房:HK$293', '懌悦大床房:HK$372', '懌悦雙床房:HK$372', '曼悦大床房:HK$426']"
曼居酒店（湖州高鐵站店）,9.5,"['曼選雙床房:HK$347', '曼享大床房:HK$391', '曼享雙床房:HK$391', '曼居大床房【咖香漫步+森林氧吧+全景落地窗】:HK$413', '樂活親子房:HK$457']"
湖州浙北大酒店,9.3,"['高級大床房:HK$268', '高級標準間:HK$268', '豪華大床房:HK$388', '豪華標準間:HK$388', '空氣清新房:HK$537']"
湖州長興亞朵酒店,9.5,"['雅緻房:HK$314', '雅緻雙床房:HK$314', '高級大床房:HK$385', '高級雙床房:HK$385']"
湖州大廈酒店（衣裳街愛山銀泰城店）,9.0,"['舒適大床房|LED化粧鏡−智能馬桶:HK$309', '舒適雙床房丨採光通透-夜景:HK$317', '豪華大床房丨三區乾濕分離-朝南陽光好:HK$386', '豪華雙床房丨舒適好眠-商務辦公:HK$386']"
棲星舍民宿（南潯古鎮張靜江故居店）,9.2,"['棲星精緻大床房|智能客控|搖櫓船:HK$467', '棲星大床套間|智能客控|搖櫓船:HK$534']"
莫幹山賓臨城温泉民宿,9.7,"['雅湘:HK$1,291', '明玕套房:HK$1,399', '修篁:HK$1,399', '望翠庭院私湯房:HK$1,509', '錦玉庭院私湯房:HK$1,617']"
南潯古鎮潯瓷坊民宿（百間樓店）,9.5,"['玉嬌梨花園大床房·地暖+休閑桌椅+智能馬桶:HK$525', '鏡花緣花園大床房·地暖+休閑桌椅+智能馬桶:HK$549', '雪月梅花園大床房·地暖+休閑桌椅+智能馬桶:HK$573', '照世杯花園大床房 . 地暖+休閑桌椅+智能馬桶:HK$614']"
莫幹山宿引·SUYIN摩洛哥風情花園美宿（庾村廣場店）,9.7,"['特惠浴缸陽台大床房·摩洛哥風情·201引子:HK$1,093', '特惠極奢大床房~202引南（陽台+浴缸+小冰箱）:HK$1,144', '簡奢榻榻米家庭房~203引玉:HK$1,467', '極奢Loft大床房~301引洋（超大客廳+陽台+浴缸+小冰箱）:HK$1,594']"
