酒店名称,评分,房型价格列表
漢中北岸雲憬酒店,9.6,"['林澗高級大床房:HK$643', '林澗高級雙床房:HK$643', '靈動豪華雙床房:HK$698', '靈動豪華大床房:HK$698', 'LOFT高級複式房:HK$829', '奢華園景雙床房:HK$845']"
漢中景逸之星酒店,9.2,"['雅馨雙床房:HK$301', '雅緻雙床房:HK$318', '舒適景觀大床房:HK$318', '舒雅Loft家庭房:HK$436']"
漢中天漢景逸酒店,9.6,"['高級大床房:HK$620', '庭院雙床房:HK$620', '豪華園景大床房:HK$703', '豪華庭院雙床房:HK$703', '庭院尊享大床房:HK$1,121', '豪華園景套房:HK$1,799']"
古龍酒店（漢中高鐵站/萬邦店）,9.2,"['惠客雙床房:HK$193', '惠客大床房:HK$204', '舒客丨靜謐舒適雙床房「精緻睡眠+採光良好」:HK$239', '怡客丨城景高級雙床房「潔凈舒適+悦享好眠」:HK$262']"
漢中壹境·泊居江灣花園酒店（天漢濕地公園店）,9.5,"['靜謐.園景大床房:HK$255', '寫意·園景大床房丨賞花養眼+躺平治癒>:HK$271', '舒適·園景雙床房:HK$286', '輕奢·泊江大床房 | 親近自然 + 陽光滿屋 >:HK$371', '奢享·獨立庭園江灣大床房 | 花園露台 + 懸空飄窗 >:HK$371']"
漢中榮嘉國際酒店（漢江濕地公園店）,9.2,"['悦江-雅緻標準間:HK$328', '悦江-雅緻大床房:HK$350', '悦江-智能標準間（天貓精靈智能語音控制）:HK$359', '悦江-智能大床房（天貓精靈智能語音控制）:HK$383', '麗致豪華標準間:HK$400']"
艾斯·翡雲酒店（陝西理工大學古漢台店）,9.5,"['祕悦·巨幕投影大床房（智能管家+優酷會員觀影）:HK$329', '悦享·智能零壓大床房（智能管家+夢百合零壓床墊超舒適）:HK$339', '尊享·城景零壓大床房（智能投屏電視+夢百合零壓床墊）:HK$356', '悦享·智能零壓雙床房（智能管家+夢百合零壓床墊超舒適）:HK$365', '尊享·城景零壓雙床房（智能投屏電視+夢百合零壓床墊）:HK$383']"
山居茶宿,9.3,"['山景雙人間:HK$347', '山景大床房:HK$358', '山景家庭房:HK$391']"
漢中郵政大酒店,9.5,"['行政雙床房:HK$286', '行政大床房:HK$290', '豪華雙床房:HK$301', '豪華大床房:HK$335', '行政商務套:HK$505']"
艾斯·柏月酒店（漢中高鐵站中心廣場店）,9.6,"['舒享大床房（零壓床墊+中央空調+明凈大窗）:HK$167', '悦享大床房（零壓床墊+中央空調+投屏電視+城景大窗）:HK$177', '愉享雙床房（零壓床墊+中央空調+投屏電視）:HK$187', '悦享雙床房（零壓床墊+中央空調+投屏電視+全身鏡）:HK$219']"
漢中金宏國際酒店,9.5,"['商務雙床房:HK$425', '雅緻商務房:HK$425', '豪華江景大床房:HK$490', '豪華江景雙床房:HK$490', '影音大床房:HK$490']"
漢中賓館（古漢台拜將壇店）,9.1,"['雅緻大床房（無窗）:HK$151', '雅緻標準間（無窗）:HK$151', '高級大床房:HK$172', '深度睡眠大床房:HK$172']"
玖棲·雅緻酒店（漢中中心廣場高鐵站店）,9.6,"['雅緻零壓大床房:HK$202', '商務零壓大床房:HK$216', '雅緻零壓雙床房:HK$229', '商務零壓雙床房:HK$248', '高級商務雙床房:HK$281']"
漢中漢藝文化酒店,9.3,"['漢雅精緻房:HK$390', '漢風雙床房:HK$444', '漢頌大床房:HK$444', '漢興行政大床房:HK$532', '漢賦行政雙床房:HK$532']"
漢中中心廣場高鐵站雲居酒店,9.5,"['煮雨高級大床房（精緻睡眠+停車場+充電樁+慕思乳膠床墊）:HK$282', '澹懷行政大床房（精緻睡眠+慕思乳膠床墊+停車場+充電樁）:HK$314', '澹懷行政雙床房（精緻睡眠+停車場+充電樁+慕思乳膠床墊）:HK$336', '卧松純凈大床房（高端輕享+空氣凈化器+除蟎儀+智能客控+充電樁+停車場）:HK$369', '卧松日光雙床房（榻榻米+功夫茶具+停車場+充電樁）:HK$369']"
漢中火車站中心廣場桔子水晶酒店,9.7,"['大床房（智能客控+65寸可投屏電視+絲漣床墊）:HK$441', '高級大床房（智能客控+65寸可投屏電視+絲漣床墊）:HK$472', '高級雙床房（智能客控+65寸可投屏電視+絲漣床墊）:HK$502', '豪華大床房（智能客控+65寸可投屏電視+絲漣床墊）:HK$522', '豪華雙床房（智能客控+65寸可投屏電視+絲漣床墊）:HK$562']"
漢中陝飛會展中心酒店,9.5,"['豪華家庭三人間（高清投屏器+零壓力枕+小冰箱）:HK$389', '陽光家庭套房:HK$403', '商務大床房:HK$454', '豪華雙床房（獨立會客廳+零壓力枕+小冰箱）:HK$479', '豪華大床房:HK$511']"
維也納國際酒店（漢中天漢濕地公園天漢樓店）,9.6,"['豪華雙床房（全屋語音智能）:HK$383', '園景雙床房（全屋語音智能）:HK$465', '園景大床房（全屋語音智能）:HK$465', '影音雙床房（全屋語音智能）:HK$526']"
漢中紫薇山莊,9.2,"['特惠山景雙床房:HK$194', '田園·陽光雙床房:HK$314', '田園·家庭三床房:HK$352', '紫薇·園景大床房:HK$379']"
桔子酒店（漢中中心廣場國貿店）,9.8,"['月若流金雙床房（智能客控+冷藏櫃+投屏電視）:HK$277', '加州陽光大床房（智能客控+冷藏櫃+投屏電視）:HK$287', '加州陽光高級大床房（智能客控+冷藏櫃+投屏電視）:HK$318', '月若流金高級雙床房（智能客控+冷藏櫃+投屏電視）:HK$369', '月若流金商務大床房（智能客控+冷藏櫃+投屏電視）:HK$379']"
艾斯雅居酒店（漢中高鐵站店）,9.5,"['雅緻影院大床房:HK$236', '雅緻雙床房:HK$250', '雅居雙床房:HK$278', '雅居大床房:HK$278', '雅居豪華雙床房:HK$306']"
漢中紅葉大酒店,9.2,"['標準雙床房:HK$258', '標準大床房:HK$258', '高級大床套房:HK$385', '家庭親子套房:HK$386', '豪華雙床套房:HK$386']"
玖棲·壹宿酒店（漢中高鐵站中心廣場店）,9.3,"['零壓雅緻單間:HK$163', '零壓時尚大床房:HK$189', '零壓時尚雙床房:HK$196', '零壓雅緻大床房:HK$216']"
漢中田園酒店,9.5,"['豪華雙床房:HK$294', '豪華大床房:HK$317', '豪華商務雙床房:HK$461', '豪華商務大床房:HK$461', '豪華商務景觀房:HK$498']"
全季酒店（漢中北街口店）,9.6,"['高級大床房（金可兒床墊+迷你冰箱+65寸智能電視）:HK$369', '雙床房（金可兒床墊+迷你冰箱+65寸智能電視）:HK$378', '舒壓高級大床房（金可兒床墊+迷你冰箱+65寸智能電視）:HK$415', '舒壓雙床房（金可兒床墊+迷你冰箱+65寸智能電視）:HK$425']"
漢中潮舍酒店,9.4,"['輕奢雙床房:HK$305', '輕奢大床房:HK$305', '新中式大床房:HK$359', '新中式雙床房:HK$359', '家庭雙床房:HK$359']"
漢中濱江花園酒店,9.3,"['雅緻標準房:HK$189', '街景大床房:HK$211', '豪華雙床房:HK$211', '臨江標準間:HK$240', '豪華大床套房:HK$555']"
全季酒店（漢中中心廣場店）,9.4,"['商務雙床房【金可兒床墊+投屏電視+哲品茶具】:HK$249', '大床房【金可兒床墊+投屏電視+哲品茶具】:HK$258', '高級大床房【金可兒床墊+投屏電視+哲品茶具】:HK$288', '舒壓商務雙床房【金可兒床墊+乳膠枕】:HK$308']"
漢中東珅國賓大酒店（古漢台店）,8.9,"['靜怡大床房:HK$183', '舒適雙床房:HK$217', '舒適大床房:HK$225', '影音大床房:HK$248', '休閑標準間:HK$324']"
古柏國際酒店（漢中古漢台拜將壇店）,9.5,"['特惠大床房{智能客房＋零壓睡眠}:HK$201', '舒適大床房{智能客房＋零壓睡眠+大落地窗}:HK$214', '舒適雙床房{智能客房＋零壓睡眠+大落地窗}:HK$230', '豪華雙床房{智能客房＋零壓睡眠+陽台}:HK$261']"
維也納酒店（漢中中心廣場高鐵站店）,9.5,"['豪華大床房:HK$245', '高級雙床房:HK$262', '商務大床房:HK$287', '豪華雙床房:HK$304']"
漢中盛世國際酒店,9.6,"['高級雙床房:HK$249', '高級大床房:HK$260', '影院大床房:HK$292', '行政雙床房:HK$304', '豪華影院大床房:HK$358']"
漢中海棠春酒店,9.2,"['雅緻雙床房:HK$369', '雅緻大床房:HK$369', '樂享景觀雙床房:HK$384', '奢享江景雙床房:HK$478', '尊享行政大床套房:HK$729']"
漢中四海逸家酒店（陝西理工大學店）,9.3,"['逸家·舒適大床房【乳膠零壓床墊+智能客控】:HK$248', '逸雅·甜睡雙床房【乳膠零壓床墊+智能客控】:HK$252', '逸靜.家庭親子雙床房【乳膠零壓床墊+智能客控】:HK$336', '逸寧.遊戲電競影音大床房【乳膠零壓床墊+智能客控】:HK$352', '逸寧.遊戲電競影音雙床房【乳膠零壓床墊+智能客控】:HK$359']"
麗柏酒店（漢中中心廣場高鐵站店）,9.5,"['精緻大床房:HK$215', '精緻雙床房:HK$215', '豪華大床房:HK$235', '豪華雙床房:HK$235', '尊享套房:HK$323']"
漢中艾斯國際酒店,9.3,"['城域·標準雙床房（俯瞰城市美景|100米高空醉美城景）:HK$296', '空境·浪漫圓床房（直徑1.6M浴缸|100米高空醉美江景）:HK$375', '臨水·豪華雙床房（鳥瞰音樂噴泉|100米高空醉美江景）:HK$429', '臨水·豪華大床房（鳥瞰天漢大橋|100米高空醉美江景）:HK$473', '空境·尊享大床房（180°視野賞絕美江景|100米高空醉美江景）:HK$549']"
美天假日酒店（陝西理工大學店）,9.3,"['舒適大床房:HK$151', '舒適雙床房:HK$160', '優享雙床房:HK$188', '優享大床房:HK$188']"
博源·斑馬酒店（漢中高鐵站店）,9.0,"['商旅舒睡大床房（乾濕分離+陽光通風）:HK$234', '商旅舒睡雙床房（乾濕分離+陽光通風）:HK$238', '設計師主題大床房（超大空間+乾濕分離）:HK$241', '獨立別院·庭院大床房（超大空間+落地窗陽光滿屋）:HK$275']"
維也納酒店（漢中高鐵站萬邦時代廣場店）,9.7,"['高級大床房【智能客控+55寸液晶電視+普蘭特床墊】:HK$250', '豪華大床房【智能客控+65寸液晶電視+普蘭特床墊】:HK$283', '商務大床房【智能客控+65寸液晶電視+普蘭特床墊】:HK$316', '商務雙床房【智能客控+65寸液晶電視+普蘭特床墊】:HK$316']"
漢中昌海酒店,9.0,"['玲瓏單人間:HK$202', '雅緻大床房:HK$239', '豪華雙床房:HK$286', '豪華大床房:HK$286', '行政零壓雙床間:HK$332']"
漢中金江大酒店,8.9,"['迷你單間:HK$169', '高級雙床房:HK$189', '高級大床房:HK$194', '豪華雙床房:HK$194', '精緻圓床房:HK$225']"
凱里亞德酒店（漢中高鐵站店）,9.6,"['惠享雙床房:HK$228', '惠享大床房:HK$228', '優享大床房:HK$247', '優享雙床房:HK$247', '榮享大床房:HK$290']"
艾斯酒店（漢中茶城店）,9.0,"['浪漫圓床房（精緻睡眠）:HK$195', '精緻大床房（精緻睡眠+停車場）:HK$206', '豪華大床房（精緻睡眠+停車場）:HK$217', '豪華標間（精緻睡眠）:HK$217']"
漢中黎坪假日酒店,8.7,"['豪華大床房:HK$369', '豪華雙人間:HK$369', '行政雙人間:HK$413', '行政大床房:HK$413']"
百悦國際酒店（漢中高鐵站萬邦時代廣場店）,8.4,"['舒適大床房:HK$170', '玲瓏單間:HK$176', '舒適雙床房:HK$182', '靜雅雙床房:HK$244']"
縵雲影音酒店（漢中高鐵站店）,9.2,"['隱奢.光陰[智能家居+極米超清投影+靜音床墊+乳膠枕]:HK$174', '蒼蘭[智能家居+極米投影+靜音床墊+乳膠記憶枕]:HK$174', '印象.卡薩布蘭卡I暢享影音[智能家居+極米4K超清投影+靜音床墊+乳膠記憶枕]:HK$178', '包豪斯.時空[智能家居+極米超清投影+靜音床墊+乳膠枕]:HK$178']"
漢中春林邁克酒店,8.5,"['景觀大床房:HK$236', '景觀雙床房:HK$236', '榮享大床房:HK$252', '浪漫圓床房:HK$252', '景觀行政套房:HK$408']"
漢中天漢朗月酒店,9.3,"['天漢靜思行政套房:HK$1,101']"
翔龍茶文化酒店（漢中高鐵站萬邦旗艦店）,9.7,"['茶韻丨雙床房:HK$223', '茶雅丨零壓高級大床房-空氣凈化器+直飲水+茶梗香薰爐:HK$286', '茶韻丨大床房:HK$289', '茶雅丨城景高級雙床房-空氣凈化器+直飲水+茶梗香薰爐:HK$296', '茶樂丨家庭親子套房[母子床+超大空間+空氣凈化器]:HK$540']"
漢庭酒店（漢中南鄭大道蜀漢大都會店）,9.3,"['大床房（喜臨門床墊+55寸智能投屏電視）:HK$198', '高級雙床房（喜臨門床墊+55寸智能投屏電視）:HK$207', '高級大床房（喜臨門床墊+55寸智能投屏電視）:HK$217', '家庭房（喜臨門床墊+55寸智能投屏電視）:HK$217']"
