酒店名称,评分,房型价格列表
澳門新濠鋒酒店,9.6,"['澳門海景大床客房:HK$1,184', '澳門海景雙床客房:HK$1,324']"
澳門新濠影滙酒店,9.3,"['明星滙經典景觀大床房:HK$1,486', '明星滙經典雙床客房:HK$1,641', '明星滙經典景觀雙床房:HK$1,644', '明星滙尊尚路氹景觀客房:HK$1,644', '巨星滙尊貴套房:HK$1,799', '明星滙尊尚路氹景觀雙床客房:HK$1,801']"
YOHO荷里活羅斯福酒店,9.0,"['高級橫琴海景雙床客房:HK$898', '高級橫琴海景大床客房:HK$917', '高級橫琴海景客房:HK$917', '豪華金光景雙床客房:HK$964', '豪華金光景大床客房:HK$964', '豪華馬場景客房:HK$964']"
澳門文華東方酒店,9.5,"['豪華景隅客房:HK$2,043', '豪華塔景客房:HK$2,119', '豪華灣海大床客房:HK$2,499', '豪華灣海雙床客房:HK$2,575', '豪華湖景大床客房:HK$2,879', '豪華湖景雙床客房:HK$2,955']"
澳門巴黎人,9.4,"['豪華大床房:HK$1,713', '豪華雙床房:HK$1,835', '艾菲爾大床房:HK$1,958', '艾菲爾雙床房:HK$2,080', '天倫大床客房:HK$2,121', '御匾峯–典雅里昂大床套房:HK$2,325']"
葡京人酒店-LINE FRIENDS PRESENTS CASA DE AMIGO,8.9,"['LINE FRIENDS CONY 高級客房 (大床/雙床):HK$1,142', 'LINE FRIENDS BROWN 豪華客房 (大床/雙床):HK$1,192', 'LINE FRIENDS BROWN 豪華露台客房 (大床/雙床):HK$1,240', 'LINE FRIENDS CONY 高級露台客房 (大床/雙床):HK$1,242', 'LINE FRIENDS CONY 高級豪華房(雙床):HK$1,766']"
澳門葡京人,9.0,"['葡京人高級大床房:HK$983', '葡京人高級雙床房:HK$983', '葡京人高級大床房-無障礙客房:HK$1,038', '葡京人高級豪華雙床房:HK$1,438', '葡京人大床套房:HK$1,782']"
澳門勵宮酒店,9.3,"['高級客房:HK$826', '豪華客房:HK$826', '高級海景客房:HK$913', '高級套房:HK$1,360', '行政客房:HK$1,376', '行政海景客房:HK$1,454']"
澳門倫敦人名滙豪華精選酒店,9.5,"['豪華大床客房:HK$2,108', '豪華雙床客房:HK$2,359', '路氹景觀大床客房:HK$2,410', '路氹景观双床客房:HK$2,661', '查尔斯套房:HK$5,470', '伊丽莎白套房:HK$5,749']"
YOHO名勝世界酒店,9.0,"['純金(名勝世界)湖景雙床房:HK$1,053', '純金(名勝世界)噴泉景雙床房:HK$1,170', '純金 (名勝世界) 煙花海景雙床房:HK$1,198', '純金(名勝世界)湖景大床房:HK$1,198', '純金(名勝世界)噴泉景大床房:HK$1,217', '純金 (名勝世界) 煙花海景大床房:HK$1,235']"
葡京人酒店-歐舒丹主題住宿,9.0,"['歐舒丹高級大床房:HK$1,222', '歐舒丹高級雙床房:HK$1,222', '歐舒丹高級豪華雙床房:HK$2,226', '歐舒丹大床套房:HK$2,692', '歐舒丹雙床套房:HK$2,692']"
君樂皇府公寓式酒店,8.7,"['高級公寓式客房（城景）:HK$566', '豪華公寓式海景客房( 雙床）:HK$764', '豪華公寓式海景客房(大床):HK$816']"
澳門雅辰酒店,9.4,"['豪華客房:HK$722', '豪華雙床房:HK$772', '豪華大床房:HK$812', '尊貴度假村景大床房:HK$827', '尊貴度假村景雙床房:HK$848', '尊貴豪華陽台大床房:HK$996']"
澳門新濠影滙 W 酒店,9.3,"['奇妙客房-城市景觀:HK$1,825', '壯美大床房-城市景觀:HK$1,825', '奇妙客房-路氹城景觀:HK$2,019', '壯美大床房-路氹城景觀:HK$2,165', '壯美雙床房-路氹城景觀:HK$2,165', '酷角大床房:HK$2,262']"
新中央酒店,9.7,"['經典大床客房:HK$1,075', '高級雙床客房:HK$1,083', '經典雙床客房:HK$1,157', '雅致大床客房:HK$1,255', '雅致雙床客房:HK$1,255']"
澳門威尼斯人,9.3,"['豪華皇室套房:HK$1,971', '豪華貝麗套房:HK$2,075', '奢華皇室套房:HK$2,212', '奢華貝麗套房:HK$2,409']"
澳門十六浦索菲特大酒店,9.1,"['高級大床客房:HK$955', '高級雙床客房:HK$955', '豪華大床客房:HK$1,093', '豪華雙床客房:HK$1,093', '索菲特會所高級大床客房:HK$1,212', '索菲特會所豪華大床房:HK$1,330']"
澳門勵庭海景酒店,9.1,"['高級海景客房:HK$654', '標準雙床客房:HK$655', '標準大床客房:HK$657', '標準房:HK$696', '單客房套房:HK$962']"
澳門萊斯酒店,9.2,"['高級城景客房:HK$734', '高級海景客房:HK$815', '豪華城景客房:HK$827', '豪華海景客房:HK$1,001', '尊尚城景套房:HK$1,436']"
藝居酒店,9.2,"['標準雙床房:HK$728', '標準大床房:HK$728', '套房:HK$877']"
澳門藝舍,9.3,"['標準客房:HK$585', '上品客房:HK$612', '高級三人客房:HK$630', '城居客房:HK$675']"
澳門百老匯酒店,9.0,"['百老匯大床客房-城市景觀:HK$1,059', '百老匯雙床客房-城市景觀:HK$1,126', '百老匯大床客房-河畔景觀:HK$1,192', '百老匯雙床客房-河畔景觀:HK$1,258', '百老匯套房:HK$1,391']"
綠悠旅舍,9.4,"['標準大床房:HK$549', '景緻大床房:HK$633', '酷角雙床房:HK$635', '酷角大床房:HK$703']"
英倫遊艇會酒店,8.6,"['豪華城景雙床客房:HK$579', '特色豪華海景雙床客房:HK$793']"
彼寓旅居,9.2,"['高級大床房:HK$495', '高級雙床房:HK$495', '豪華大床房:HK$675', '高級三人房:HK$675']"
澳門利澳酒店,9.0,"['標準大床客房:HK$693', '標準雙床客房:HK$693', '豪華大床客房:HK$861', '豪華雙床客房:HK$861', '家庭客房:HK$904']"
澳門金龍酒店,9.2,"['高級雙床房:HK$638', '高級大床房:HK$651', '海景豪華大床房:HK$824', '海景豪華雙床房:HK$824', '豪華雙床房:HK$827']"
澳門葡京酒店,9.2,"['標準大床客房:HK$822', '標準雙床客房:HK$822', '尊尚大床客房:HK$1,258', '尊尚雙床客房:HK$1,258', '尊尚大床套房:HK$1,692', '豪華套房:HK$1,697']"
澳門駿龍酒店,9.1,"['標準大床房:HK$651', '標準雙床房:HK$651', '豪華雙床房:HK$742', '高級雙床房（馬場景）:HK$760', '高級大床房:HK$768']"
澳門英皇娛樂酒店,9.3,"['高級大床房:HK$896', '豪華大床客房:HK$898', '豪華雙床客房:HK$916', '行政大床房:HK$965', '行政雙床房:HK$965']"
澳門君怡酒店,8.6,"['至尊客房:HK$522', '至尊大床客房:HK$605', '至尊雙床客房:HK$605', '至尊豪華客房（馬場景）:HK$620', '至尊豪華大床客房:HK$632']"
澳門濠璟酒店,8.9,"['典雅雙床房:HK$581', '海景雙床房:HK$629', '典雅大床客房:HK$705', '海景大床房:HK$753', '典雅三床房:HK$774', '海景陽台房:HK$783']"
澳門安達仕酒店,9.5,"['標準客房 (大床):HK$1,676', '標準客房 (大床)(高樓層):HK$1,746', '標準客房 (雙床):HK$1,746', '標準客房 (雙床)(高樓層):HK$1,816', '陽台客房（雙床）:HK$1,956', '安達仕開放式客房:HK$2,305']"
澳門皇冠假日酒店,9.4,"['高級房:HK$935', '高級房-大床:HK$935', '高級房-雙床:HK$935', '豪華雙床房:HK$1,129', '高級海景雙床房:HK$1,323', '海景豪華大床房:HK$1,323']"
澳門雅詩閣,8.9,"['豪華客房:HK$1,731', '豪華大床客房:HK$1,777', '豪華雙床客房:HK$1,777', '行政套房:HK$2,046', '尊享套房:HK$2,675']"
澳門新麗華酒店,9.0,"['標準大床房:HK$530', '標準雙床房:HK$530', '豪華大床房:HK$600', '豪華雙床房:HK$600']"
澳門新東方置地酒店,8.6,"['標準客房:HK$813', '標準大床房:HK$813', '標準雙床房:HK$813', '高級大床房:HK$829', '高級雙床房:HK$829', '高級豪華大床房:HK$906']"
澳門新口岸智選假日酒店,9.3,"['高級房:HK$747', '高級雙人床房:HK$748', '高級大床房:HK$794', '高級加大雙人床房:HK$804']"
澳門盛世酒店,8.9,"['豪華客房:HK$545', '豪華大床房:HK$546', '豪華雙床房:HK$546', '行政客房:HK$590']"
金寶來酒店,8.6,"['標準雙人房:HK$529', '商務套房:HK$920']"
澳門金沙酒店,9.5,"['豪華套房:HK$1,581', '豪華雙床房:HK$1,779', '行政套房:HK$2,372']"
澳門君悦酒店,9.2,"['君悦豪華大床客房:HK$2,240', '君悦動感噴泉景豪華大床客房:HK$2,625', '君悦大床套房:HK$2,707', '君悦雙床套房:HK$2,749', '君悦豪華套房:HK$2,923', '君悦動感噴泉景大床套房:HK$2,923']"
澳門蓮居賓館,8.6,"['標準大床房:HK$498', '標準雙床房:HK$498', '高級大床房:HK$548', '高級雙床房:HK$548']"
京都酒店,8.9,"['標準潮式雙床房:HK$585', '高級中式客房:HK$620', '豪華歐式客房:HK$655', '精選三人客房:HK$861']"
澳門皇都酒店,8.9,"['高級雙床客房:HK$580', '高級大床客房:HK$580', '標準大床客房:HK$624', '豪華雙床客房:HK$722', '豪華大床客房:HK$722', '高級客房:HK$729']"
澳門東望洋酒店,9.1,"['標準房:HK$567', '豪華雙人房:HK$661', '豪華露台房:HK$940', '標準套房:HK$1,110']"
澳門國際酒店,8.7,"['标准大床房:HK$543', '標準雙床房:HK$563', '海景雙床房:HK$613', '海景大床房:HK$662']"
澳門聖地牙哥古堡酒店,8.8,"['1629•古堡風景套房:HK$1,804', '1629·古堡全海景套房（帶露台）:HK$2,272', '1629·古堡全海景套房（雙床房不可挪動）（帶露台）:HK$2,272', '1629▪古堡全海景尊貴套房（兩房一廳）:HK$3,413']"
澳門竹灣精品酒店,8.8,"['標準雙床房:HK$476', '高級大床房:HK$770', '高級雙床房:HK$770', '海景家庭房:HK$980']"
城市客棧,9.2,"['豪華雙床房:HK$863', '豪華大床房:HK$863', '豪華家庭套房:HK$1,151', '豪華套房:HK$1,151']"
