酒店名称,评分,房型价格列表
陌上輕居酒店（濮陽中心廣場人民路店）,9.8,"['品學·雙床房（語音客控+獨立茶室+草堂澗沐浴品）:HK$240', '雅緻·雙床房（語音客控+獨立茶室+草堂澗沐浴品）:HK$315', '雅緻·大床房（語音客控+獨立茶室+草堂澗沐浴品）:HK$315', '靜逸·大床房（語音客控+獨立茶室+草堂澗沐浴品）:HK$344', '靜逸·雙床房（語音客控+獨立茶室+草堂澗沐浴品）:HK$344']"
城市甄選酒店（濮陽東高鐵站店）,9.4,"['特惠大床房（舒適明亮+極簡英倫風+深度睡眠）:HK$162', '零壓雙床房（舒適明亮+極簡英倫風+深度睡眠）:HK$175', '豪華大床房（舒適明亮+極簡英倫風+深度睡眠）:HK$175', '豪華雙床房（舒適明亮+極簡英倫風+深度睡眠）:HK$195']"
全季酒店（新東路店）,9.7,"['雙床房:HK$482', '高級大床房:HK$492', '商務大床房:HK$520', '套房:HK$576']"
濮陽高鐵東站·品悅麗選酒店,9.8,"['相知·雅緻大床房（乳膠床墊+全屋智能+75寸液晶電視）:HK$188', '相識·輕奢大床房（乳膠床墊+全屋智能+75寸液晶電視）:HK$218', '相識·輕奢雙床房（零壓床墊+全屋智能+75寸液晶電視）:HK$218', '相依·豪華大床房（乳膠床墊+全屋智能+75寸液晶電視）:HK$240']"
濮陽高鐵東站美侖酒店,9.7,"['高級大床房:HK$452', '高級雙床房:HK$452', '商務大床房:HK$472', '商務雙床房:HK$472', '豪華大床房:HK$503']"
濮陽悅萊酒店（水秀商業街店）,9.7,"['戀尚榻榻米房:HK$216', '睿途雙人房:HK$239', '悦茗大床房:HK$284', '親子家庭房:HK$325', '致和商旅套房:HK$546']"
濮陽龍都國際酒店（萬嘉360廣場店）,9.6,"['豪華雙床房（貢緞親膚床品+智能客控）:HK$306', '豪華大床房（貢緞親膚床品+智能客控）:HK$317', '行政雙床房（貢緞親膚床品+智能客控）:HK$340', '行政大床房（貢緞親膚床品+智能客控）:HK$351', '電競大床房[騰訊鑽石VIP特權+UU加速器+4070顯卡+i713700CPU +冠捷27寸240Hz]P:HK$363']"
龍居·香榭里舍酒店（濮陽東高鐵站店）,9.4,"['麗致大床房:HK$142', '麗致雙床房:HK$142', '雅緻大床房:HK$154', '雅緻雙床房:HK$154']"
濮陽中原油田賓館,9.6,"['園林•庭院暢享大床房:HK$392', '園林•庭院悦享大床房:HK$452', '園林•庭院暢享雙床房:HK$618', '園林•庭院暢享套房:HK$1,020', '園林•庭院悦享套房:HK$1,020']"
柏維會議中心酒店（濮陽市銀座商城店）,9.6,"['輕享大床房（零壓床墊）:HK$161', '輕享雙床房（零壓床墊）:HK$161', '零壓大床房（靜謐空間）:HK$182', '零壓雙床房（凈謐空間）:HK$182', '商務三人間:HK$217']"
你好酒店（濮陽萬達廣場開州中路店）,9.7,"['舒壓-高級大床房:HK$205', '舒壓-高級雙床房:HK$215', '商務雙床房:HK$233', '商務大床房:HK$252']"
維也納國際酒店（濮陽中原東路高鐵站店）,9.7,"['高級雙床房:HK$279', '高級大床房:HK$293', '豪華雙床房:HK$293', '豪華大床房:HK$311', '行政大床房:HK$328']"
柏維聯華酒店（濮陽汽車站店）,9.7,"['輕享大床房（親水棉枕）:HK$157', '輕享雙床房（親水棉枕）:HK$162', '零壓大床房（瞰景高層）:HK$163', '景觀大床房（大空間零壓床墊）:HK$184']"
濮陽迎賓館,9.4,"['優享大床房:HK$216', '優享雙床房:HK$216', '商務雙床房:HK$361', '商務大床房:HK$361', '豪華雙床房:HK$435']"
濮陽富利酒店（長慶中路萬嘉360廣場店）,9.3,"['高空夜景雙床房（全景落地窗+零壓床墊+空間靜謐）:HK$182', '高空夜景大床房（全景落地窗+零壓床墊+空間靜謐）:HK$192', '豪華影院大床房（高空夜景+零壓床墊+百寸巨幕）:HK$192', '豪華温馨親子房（全景落地窗+零壓床墊+空間靜謐）:HK$201', '零壓按摩大床房（全景落地窗+零壓床墊+高檔按摩椅）:HK$210']"
漢庭酒店（濮陽體育場歷山路店）,9.6,"['舒壓-大床房（智能客控）:HK$221', '舒壓-雙床房（智能客控）:HK$231', '舒壓-高級大床房（智能客控）:HK$240', '豪華套房（智能客控）:HK$341']"
錦江之星酒店（濮陽體育場汽車站店）,9.6,"['標準零壓大床房（無線投屏+全屋智能）:HK$136', '高級零壓大床房（無線投屏+全屋智能）:HK$187', '高級零壓雙床房（無線投屏+全屋智能）:HK$187', '豪華零壓大床房（無線投屏+全屋智能）:HK$204']"
維拉尼卡酒店（濮陽水秀國際大劇院店）,9.5,"['尼卡特惠房:HK$188', '雅緻大床房:HK$205', '雅緻標準間A:HK$205', '精品標準間:HK$219']"
仟那酒店（濮陽市戚城公園店）,9.5,"['仕居大床房（乳膠床墊）:HK$196', '竹溪大床房（乳膠床墊）:HK$219', '竹溪雙床房（乳膠床墊）:HK$219', '隱士雙床房（乳膠床墊）:HK$271']"
濮景酒店（濮陽體育中心正大中心店）,9.7,"['特惠大床房（夢百合零壓床墊+智能馬桶+智能窗簾）:HK$120', '舒適大床房（夢百合零壓床墊+智能馬桶+智能窗簾）:HK$143', '輕奢城景大床房（夢百合零壓床墊+智能馬桶+智能窗簾）:HK$172', '雅緻城景大床房（夢百合零壓床墊+智能馬桶+智能窗簾）:HK$172']"
如家艾扉酒店（濮陽黃河中路店）,9.5,"['大床房（酒店公區提供洗衣房）:HK$130', '雙床房A（中央空調涼風已開）:HK$138', '商務大床房（辦公座椅+輕奢睡眠）:HK$154', '雙床房（中央空調+辦公座椅+安睡體驗）:HK$154']"
濮陽賓館,8.4,"['大床房:HK$235', '標準間:HK$240', '套房:HK$657']"
漢庭酒店（濮陽市中心廣場店）,9.7,"['大床房:HK$160', '雙床房:HK$170', '高級大床房:HK$179', '套房:HK$227']"
柏維輕居酒店（京開大道建設中路店）,9.6,"['輕致丨大床房（一次性馬桶墊）:HK$111', '輕雅|大床房（電視可投屏+一次性馬桶墊）:HK$123', '輕奢|雙床間-（地暖+電視可投屏+公區提供自助洗衣機+一次性馬桶墊）:HK$134', '輕奢|大床房-（地暖+全天朝陽+電視可投屏+公區提供自助洗衣機+一次性馬桶墊）:HK$134']"
漢庭酒店（濮陽黃河路店）,9.5,"['舒壓大床房:HK$168', '雙床房:HK$187', '高級大床房:HK$196', '套房:HK$271']"
春雨酒店（濮陽東高鐵站店）,9.1,"['精品雙床房:HK$115', '精品大床房:HK$119', '商務雙床房:HK$126', '商務大床房:HK$129']"
格林豪泰（濮陽瑞豐園店）,9.8,"['雙床房:HK$178', '大床房:HK$178', '高級雙床房:HK$178', '高級大床房:HK$178']"
甲元商務酒店（濮陽大慶路第三高級中學店）,8.7,"['商務雅韻雙床房:HK$142', '商務雅緻大床房:HK$147', '尊享奢華大套房:HK$216']"
派酒店（濮陽大慶路店）,9.5,"['舒適大床房:HK$127', '商務雙床房:HK$137', '精選雙床房:HK$158']"
濮陽三合賓館,8.7,"['舒適單間:HK$129', '舒適標間:HK$129', '大床房:HK$138', '温馨標間:HK$138']"
濮陽京龍快捷酒店（市人民醫院店）,8.9,"['悦享大床房:HK$96', '悦享雙床房:HK$96', '品悦雙床房:HK$108', '品悦大床房:HK$108']"
濮陽尚霖商務酒店,8.4,"['商務迷你房:HK$69', '商務大床房:HK$90', '商務標間:HK$103', '雅緻尊貴大床房:HK$103']"
濮陽金凱悦酒店,7.8,"['優享特色大床房【酒店公區自助洗衣房】:HK$108', '品享輕奢雙床房【酒店公區自助洗衣房】:HK$130', '品享輕奢大床房【酒店公區自助洗衣房】:HK$130', '尊享豪華雙床房【酒店公區自助洗衣房】:HK$152']"
濮陽遇見民宿,7.2,"['青春永駐:HK$167', '今晚有約:HK$167', '遇見邂逅時光:HK$167', '遇見美好時光:HK$176']"
和諧優選酒店（濮陽長途汽車站店）,7.6,"['特價大床房:HK$95', '商務標準間:HK$114', '精品大床房:HK$115']"
柒月客棧,9.6,"['迷你房:HK$86', '特價大床房:HK$96', '舒適大床房:HK$97', '標準雙床房:HK$99']"
OYO濮陽仁祥賓館,8.3,"['標準大床房:HK$76', '商務大床房:HK$80', '舒適雙床房:HK$80', '商務標準間:HK$83']"
濮陽登峯商務賓館,8.2,"['普通大床房:HK$107', '商務標間:HK$117', '經典三人間:HK$136']"
登峯快捷酒店（勝利路店）,6.8,"['豪華雙床房:HK$174', '豪華大床房:HK$174', '豪華三人間:HK$237', '豪華套房:HK$372']"
陌上輕居酒店（南樂世紀聯華店）,9.7,"['風韻·國潮雙床房-（智能小度）:HK$233', '風韻·全屋智能大床房:HK$235', '雅緻·全屋智能雙床房（獨立茶室）:HK$245', '雅緻·全屋智能落地窗大床房:HK$255']"
清豐頓丘温泉大酒店,9.2,"['精緻影院大床房（智能客控）:HK$278', '精緻影院雙床房（智能客控）:HK$294', '水景高級大床房（智能客控）:HK$395', '雅緻商務大床房（智能客控）:HK$410', '雅緻商務雙床房（智能客控）:HK$410']"
御鼎藍庭國際酒店（濮陽縣上億廣場店）,9.7,"['月光沉睡房:HK$192', '蘭藝大床房:HK$207', '蘭藝雙床房:HK$207', '高級雙床房:HK$230']"
維也納酒店（濮陽台前建德商業步行街店）,9.8,"['豪華大床房（全屋智能客控）:HK$225', '豪華雙床房（全屋智能客控）:HK$225', '商務大床房（全屋智能客控）:HK$243', '商務雙床房（全屋智能客控）:HK$243']"
濮陽華御酒店,9.6,"['豪華大床房:HK$209', '豪華雙床房（85寸液晶電視）:HK$224', '總統套房（超大落地窗）:HK$309']"
漢庭酒店（濮陽縣工業路店）,9.6,"['高級大床房:HK$189', '高級雙床房:HK$198', '商務大床房:HK$207', '商務雙床房:HK$207']"
博碩酒店（範縣大豐國際商場店）,9.5,"['特價丨大床房（品牌床墊+高清投屏）:HK$150', '特價丨雙床房（品牌床墊+高清投屏）:HK$155', '商務丨大床房（酒店公區提供自助洗衣+品牌床墊+高清投屏）:HK$177', '商務丨雙床房（酒店公區提供自助洗衣+品牌床墊+高清投屏）:HK$177']"
格林豪泰酒店（濮陽範縣十字坡大道店）,9.6,"['清馨雙床房:HK$159', '清馨大床房:HK$159', '舒眠零壓大床房:HK$175', '舒眠零壓雙床房:HK$175']"
如家商旅酒店（濮陽台前縣政府店）,9.4,"['雙床房（55寸智能電視+徠芬吹風機+飄窗）:HK$182', '大床房（55寸智能電視+徠芬吹風機）:HK$182', '高級雙床房（55寸智能電視+徠芬吹風機）:HK$190', '高級大床房（55寸智能電視+徠芬吹風機）:HK$190']"
南樂維拉尼卡國際酒店,8.3,"['特惠標間:HK$152', '特惠大床房:HK$163', '商務大床間:HK$174', '三人間:HK$216']"
範縣天悦風雅酒店,9.1,"['商務標準間（瓶裝水）:HK$211', '行政標準房（房間寬敞隨心享+採光充盈暖人心）:HK$310']"
濮陽京開大道銀座亞朵酒店,9.7,"['雅緻大床房:HK$349', '高級大床房:HK$376', '高級雙床房:HK$376', '行政大床房:HK$403', '行政雙床房:HK$403']"
濮陽憶江南·華爾尼酒店,8.5,"['雅緻大床房:HK$114', '豪華套房:HK$164']"
漢庭酒店（濮陽台前縣政府店）,9.8,"['高級大床房:HK$196', '商務雙床房:HK$205', '商務大床房:HK$215', '套房:HK$289']"
