酒店名称,评分,房型价格列表
瀋陽新華天璽酒店,9.2,"['精品高級大床房:HK$207', '精品商務大床房:HK$374', '零壓深睡大床房:HK$374', '精品豪華大床房:HK$392']"
瀋陽雲灣酒店（奧體中心盛京大奧萊店）,9.3,"['麗景雙床房（智能小度+手機投屏+50寸電視）:HK$274', '雲灣觀景雙床房（智能小度+50寸電視+高層景觀）:HK$292', '麗景高級大床房（休閑軟榻+智能小度+手機投屏+50寸電視）:HK$311', '麗景高級雙床房（智能小度+手機投屏+50寸電視）:HK$320', '雲端臻品大床房（休閑軟榻+智能小度+小冰箱）:HK$329']"
和頤至尚酒店（瀋陽故宮中街地鐵站店）,9.5,"['大床房:HK$351', '和頤大床房（65寸投屏電視+記憶床墊）:HK$351', '雙床房:HK$403', '商務大床房:HK$403', '和頤高級大床房（65寸投屏電視+記憶床墊）:HK$438']"
漫季雲尚酒店（瀋陽北站老北市夜市店）,9.3,"['特種兵秒睡大床房|記憶枕+書桌:HK$233', '優選靜謐大床房丨記憶枕+辦公書桌:HK$247', '優選靜謐雙床房丨記憶枕+辦公書桌:HK$247', '樂享雅緻大床房丨記憶枕+書桌+地暖:HK$253']"
奉天緣酒店（瀋陽北站金融中心地鐵站店）,9.5,"['綠苑晴光榻榻米影院房（巨幕投影+零壓床墊+華為智能）:HK$236', '觀景榻榻米雙床房（零壓床墊+華為智能）:HK$319', '城景豪華大床房（零壓床墊+特色品茗+華為智能+辦公）:HK$319', '城景榻榻米影院（零壓床墊+巨幕投影+特色品茗+華為智能）:HK$342']"
瀋陽萬悦半島酒店,9.3,"['靜悦大床房（無窗）:HK$262', '靜悦大床房:HK$283', '雅悦大床房:HK$304', '雅悦標準房:HK$304']"
瀋陽歡喜酒店（瀋陽奧體中心彩霞街地鐵站店）,9.7,"['歡悦·高級智能大床房·超清4k投屏:HK$372', '歡致·豪華智能大床房·自助洗衣:HK$397', '歡致·豪華智能雙床房·零壓床墊:HK$409', '歡漫·臻選智能大床房·冰吧酒櫃:HK$421']"
瀋陽中街x酒店（中街故宮大悅城店）,9.6,"['隱世大床房丨全場乳膠枕+中街故宮旁:HK$414', '街景大床房 丨柏林音響+4K放映巨屏:HK$447', '森林氧吧香睡房丨柏林音響+4K放映巨屏:HK$479', '尊貴豪華大床房丨全屋智能+4.0影院系統+冰箱:HK$524', '零壓雙床房丨全新4.0沉浸式影音:HK$589']"
瀋陽奧體中心希爾頓歡朋酒店,9.6,"['舒適大床房:HK$470', '高級大床房:HK$490', '高級雙床房:HK$490', '豪華大床房:HK$518', '豪華河景房:HK$549']"
瀋陽中街故宮玫瑰亞朵酒店,9.7,"['雅緻大床房（無線電充+手機投屏+中街全景）:HK$664', '高級大床房（無線電充+手機投屏）:HK$700', '雅緻雙床房（無線電充+手機投屏+投屏影音）:HK$709', '高級雙床房（無線充+手機投屏）:HK$736', '幾木街景大床房（無線電充+手機投屏）:HK$736']"
漫季·藍鑽Blue酒店（瀋陽市青年大街地鐵站瀋陽北站店）,9.7,"['躺平治癒旅行大床房（智能客控+空氣凈化器+小冰箱+無線投屏）:HK$437', '設計師商務簡約雙床房（智能客控+無線投屏+小冰箱+空氣凈化器）:HK$458', '設計師商務簡約大床房（智能客控+空氣凈化器+小冰箱+無線投屏）:HK$490', '尊享Relax舒眠浴缸超大床房|浴缸套+智能客控+小冰箱:HK$491', '超清巨幕浴缸大床房（100寸投影超大投屏+愛奇藝會員+智能客控+小冰箱+空氣凈化器+一次性浴缸套）:HK$512']"
瀋陽中心大酒店（瀋陽中街故宮大悅城店）,9.5,"['城市景觀房|全場8K跨屏電影級系統:HK$556', '城市森林氧吧房|全場柏林之聲3D環繞音響:HK$589', '城市景觀雙床房|零壓床墊+乳膠枕+羽絨被:HK$666', '270°觀景行政套房|森林負離子氧吧:HK$775', '家庭親子房|全場全屋智能+無線充電+冰箱:HK$862']"
瀋陽北站南廣場亞朵X酒店,9.8,"['雅緻雙床房（小冰箱+智能馬桶蓋）:HK$430', '高級大床房（小冰箱+智能馬桶蓋）:HK$430', '高級雙床房（小冰箱+智能馬桶蓋）:HK$457', '行政大床房（小冰箱+智能馬桶蓋）:HK$466', '行政雙床房（小冰箱+智能馬桶蓋）:HK$493']"
漫季中街酒店（瀋陽中街故宮大悅城店）,9.3,"['零壓秒睡大床房|空氣凈化器+手機無線投屏+智能客控:HK$393', '特種兵旅行大床房|智能客控+零壓床墊+安睡羽絨枕:HK$393', '躺平治癒大床房|空氣凈化器+雙人沙發+手機無線投屏:HK$428', '靜謐舒眠雙床房|智能客控+零壓床墊+安睡羽絨枕:HK$440', '設計師簡約大床房|智能客控+氛圍燈光+手機無線投屏:HK$463']"
瀋陽沈北大學城希爾頓歡朋酒店,9.7,"['舒適大床房:HK$505', '舒適雙床房:HK$505', '高級大床房:HK$545', '高級雙床房:HK$545', '豪華大床房:HK$586']"
麗柏酒店（瀋陽北站西塔店）,9.2,"['豪華大床房（小度音控·安睡床品·全自動馬桶）:HK$477', '豪華雙床房（小度音控·安睡床品·全自動智能馬桶）:HK$486', '商務大床房（小度音控·超大床·小冰箱）:HK$531', '影音大床房（小度音控·安睡床品·高清投影）:HK$531', '行政大床房（小度音控·茶吧空間·大投屏智慧電視）:HK$584']"
瀋陽世茂希爾頓酒店,9.5,"['高級雙床房:HK$736', '豪華大床房:HK$736', '豪華雙床房:HK$791', '商務大床房:HK$858', '行政雙床房:HK$934', '行政大床房:HK$934']"
美豪麗致酒店（瀋陽北站南廣場地鐵站店）,9.5,"['美豪精緻影院大床房（沉浸觀影）:HK$361', '美豪精緻雙床房（空間舒適+安逸睡眠）:HK$379', '美豪精緻影院雙床房（沉浸觀影）:HK$384', '麗致商務大床房（智能客控+助眠床墊+安靜舒適）:HK$405', '麗致小黃鴨主題房（小童滑梯＋帳篷）:HK$422']"
遼寧賓館,8.9,"['標準雙人間:HK$428', '高級標準間:HK$551', '高級大床房:HK$551']"
瀋陽和平艾美酒店,9.4,"['別緻大床房:HK$740', '別緻雙床房:HK$740', '探索大床房:HK$865', '探索雙床房:HK$865', '豪華行政大床房:HK$990', '豪華行政雙床房:HK$990']"
瀋陽北站智選假日酒店,9.3,"['高級大床房（中庭）:HK$404', '高級雙床房（街景）:HK$406', '高級大床房（街景）:HK$423', '高級房 大床 更大面積 街景:HK$451', '高級房 雙床 更大面積 街景:HK$451']"
瀋陽瑞士酒店,9.5,"['豪華大床房（舒適空間+手機投屏）:HK$708', '豪華雙床房（舒適空間+手機投屏）:HK$708', '瑞士優勢大床房（湖景+手機投屏）:HK$755', '家庭大床房 （ 超大床+手機投屏）:HK$771', '尊享大床房（中心湖景+超大空間+手機投屏）:HK$827', '瑞士精選套房（高樓層+超大空間+手機投屏）:HK$867']"
簡裏古寂酒店（瀋陽站太原街店）,9.7,"['簡春·靜緩大床房（無線投屏+電動窗簾）:HK$350', '裏夏·悠靜大床房（記憶枕+小冰箱+乳膠床墊）:HK$386', '古秋·閑逸雙床房（記憶枕+小冰箱+智能客控）:HK$446', '寂冬·暖暖大床房（網紅全身鏡+電動窗簾+小冰箱）:HK$446']"
全季酒店（瀋陽中街懷遠門地鐵站店）,9.6,"['高級大床房（智能客控+智能馬桶+手機投屏+小冰箱）:HK$472', '雙床房（智能客控+智能馬桶+手機投屏+小冰箱）:HK$472', '高級雙床房（智能客控+智能馬桶+手機投屏+小冰箱）:HK$512', '商務大床房（智能客控+智能馬桶+手機投屏+小冰箱）:HK$512']"
瀋陽威斯汀酒店,9.3,"['威斯汀豪華大床房:HK$797', '威斯汀豪華雙床房:HK$797', '威斯汀尊貴大床房:HK$872', '威斯汀尊貴雙床房:HK$872', '威斯汀套房:HK$1,011', '威斯汀行政大床房:HK$1,118']"
宜尚酒店（瀋陽北站地鐵站店）,9.6,"['智能大床房（北歐風+安靜舒適）:HK$284', '智能雙床房（北歐風+安靜舒適）:HK$284', '智能高級大床房（北歐風+悠享辦公）:HK$388', '智能高級雙床房（北歐風+悠享辦公）:HK$388']"
全季酒店（瀋陽中街故宮店）,9.6,"['大床房A:HK$407', '高級大床房（新風循環+手機投屏+客房小冰箱）:HK$435', '舒壓高級大床房（新風循環+手機投屏+客房小冰箱）:HK$463', '雙床房（新風循環+手機投屏+客房小冰箱）:HK$463']"
瀋陽青年公園希爾頓歡朋酒店,9.6,"['舒適大床房（智能客控+小冰箱+智能馬桶）:HK$490', '舒適雙床房（智能客控+小冰箱+智能馬桶）:HK$518', '高級大床房（智能客控+小冰箱+智能馬桶）:HK$518', '高級雙床房（智能客控+小冰箱+智能馬桶）:HK$547', '豪華商務大床房（智能客控+小冰箱+智能馬桶）:HK$586']"
天潤悦致酒店（瀋陽桃仙機場省博物館店）,9.6,"['豪華大床房（冷藏小冰箱+化粧鏡+無線投屏）:HK$362', '悦享大床房（冷藏小冰箱+化粧鏡+無線投屏）:HK$373', '悦致商務大床房（冷藏小冰箱+化粧鏡+無線投屏）:HK$385', '影音大床房（冷藏小冰箱+化粧鏡+無線投屏+75寸電視）:HK$385', '商旅超寬雙床房（冷藏小冰箱+化粧鏡+無線投屏）:HK$396']"
瀋陽北站青年大街地鐵站SERENDIPIA豪澤希芮迪酒店,9.6,"['雅緻大床房（小冰箱+高層景觀+智能客控+75寸電視無線投屏）:HK$698', '酷享高層城景雙床房（小冰箱+高層景觀+智能客控+75寸電視無線投屏）:HK$722', '酷享·高層城景大床房（小冰箱+高層景觀+智能客控+75寸電視無線投屏）:HK$742', '尊享2.4米大床房:HK$822', '尊享雙1.5米雙床房:HK$862']"
瀋陽華府酒店（瀋陽北站老北市店）,9.4,"['豪華大床房（超大空間+浴缸）:HK$386', '豪華雙床房（超大空間+適合家庭+浴缸）:HK$386', '行政雙床房（高層景觀+適合家庭+高檔備品）:HK$425', '行政大床房（高層景觀+高檔備品）:HK$425', '零壓大床房（助眠床墊+記憶枕）:HK$438']"
瀋陽機場賓館,8.2,"['單人間:HK$260', '標準間:HK$260', '攜喜深睡大床房（零壓床墊）:HK$260', '家庭房:HK$492']"
瀋陽萬豪酒店,9.4,"['豪華大床房:HK$817', '豪華雙床房:HK$817', '尊貴大床房:HK$871', '行政豪華大床房:HK$1,145', '行政豪華雙床房:HK$1,145', '萬豪尊貴套房:HK$1,363']"
瀋陽茂業華美達廣場酒店（瀋陽故宮中街地鐵站店）,8.6,"['高級街景大床房（安靜舒適+中街景觀）:HK$541', '高級街景雙床房（安靜舒適+中街景觀）:HK$541', '行政紅木家居大床房（靜謐舒睡+暖日夕陽）:HK$571', '豪華城景大床房（高樓景觀+繁華中街景）:HK$578', '城景商務大床房（奢華浴缸+俯瞰城景）:HK$599']"
瀋陽香格里拉今旅酒店,9.5,"['豪華雙床間:HK$374', '豪華大床間:HK$374', 'B.duck小黃鴨主題房:HK$515', '一室一廳公寓:HK$572', '行政套房:HK$636']"
瀋陽中街故宮輕居酒店,9.7,"['舒適大床房（手機投屏+智能小度+小冰箱）:HK$457', '精選大床房（手機投屏+全屋智能+無線充電）:HK$502', '高級大床房（手機投屏+智能小度+小冰箱）:HK$592', '精選雙床房（手機投屏+智能小度+小冰箱）:HK$619', '高級雙床房（手機投屏+智能小度+小冰箱）:HK$718']"
如家精選酒店（瀋陽青年大街地鐵站店）,9.6,"['商務大床房A（衣櫃+寫字桌）:HK$294', '商務大床房（衣櫃+寫字桌）:HK$313', '雙床房（衣櫃+寫字桌）:HK$331', '高級大床房（沙發+茶几）:HK$331']"
瀋陽皇朝萬鑫酒店,9.5,"['豪華大床房:HK$490', '商務大床房:HK$490', '豪華雙床房:HK$512', '商務雙床房:HK$544', '經典大床房:HK$610', '經典雙床房:HK$610']"
瀋陽海韻錦江國際酒店,9.4,"['豪華大床房:HK$573', '豪華雙床房:HK$573', '雅緻大床房:HK$625', '雅緻雙床房:HK$625', '空氣凈化大床房:HK$682', '零壓大床房:HK$682']"
塔灣智選假日酒店（瀋陽興順夜市店）,9.3,"['標準房（位於走廊兩端）吸煙:HK$262', '標準房（位於走廊兩端）無煙:HK$262', '標準大床房（無煙）:HK$291', '高級大床房（無煙）:HK$328', '高級大床房（吸煙）:HK$328']"
瀋陽北約客維景國際大酒店,9.4,"['高級大床房:HK$466', '高級雙床房:HK$466', '豪華大床房:HK$531', '豪華雙床房:HK$532', '高級套房（三人入住）:HK$777', '親子家庭房:HK$1,015']"
麗怡酒店（瀋陽中街故宮大悦城店）,9.5,"['高級大床房（新風系統+手機投屏+慕思床墊+智能客控）:HK$369', '豪華大床房（手機投屏+慕思床墊+智能客控+智能馬桶）:HK$394', '豪華雙床房（手機投屏+慕思床墊+智能客控+智能馬桶）:HK$412', '園景大床房（手機投屏+慕思床墊+智能客控+智能馬桶）:HK$420']"
瀋陽太原南街和平廣場亞朵酒店,9.7,"['高級大床房（無線充電+小冰箱+電動窗簾+無線投屏）:HK$457', '高級雙床房（無線充電+小冰箱+電動窗簾+無線投屏）:HK$457', '行政大床房（無線充電+小冰箱+電動窗簾+無線投屏）:HK$502', '行政雙床房（無線充電+小冰箱+電動窗簾+無線投屏）:HK$502', '幾木大床房（無線充電+小冰箱+電動窗簾+無線投屏+浴袍）:HK$547']"
全季酒店（瀋陽西塔店）,9.7,"['高級大床房:HK$433', '高級雙床房:HK$452', '家庭房:HK$473', '豪華大床房:HK$473']"
麥田方城酒店（瀋陽故宮中街懷遠門地鐵站店）,9.3,"['麥香大床房（全屋智能+助眠床墊+冰箱）:HK$323', '麥浪大床房（全屋智能+助眠床墊+冰箱）:HK$344', '麥香雙床房（全屋智能+助眠床墊+冰箱）:HK$354', '麥浪雙床房（全屋智能+助眠床墊+冰箱）:HK$385']"
如家精選酒店（瀋陽火車站西廣場北二路店）,9.4,"['大床房:HK$230', '商務大床房:HK$256', '高級大床房:HK$281', '高級雙床房:HK$281']"
宜必思酒店（瀋陽中街故宮店）,9.4,"['大床房:HK$271', '高級大床房A:HK$291', '高級大床房:HK$331', '雙床房:HK$362']"
希岸Deluxe酒店（瀋陽市政府桃仙國際機場店）,9.8,"['Deluxe豪華雙床房（智控AI+超寬單人床）:HK$405', 'Deluxe豪華大床房（零壓床墊+智能馬桶）:HK$413', '商旅大床房（全屋智能+舒適睡眠）:HK$439', '商旅雙床房（夢百合零壓床墊+全屋智能）:HK$454', 'Deluxe純凈大床房（凈享生活+舒適浴袍）:HK$474']"
和頤酒店（瀋陽渾南奧體中心萬達廣場店）,9.6,"['商務大床房:HK$515', '高級大床房:HK$552', '雙床房:HK$634', '親子雙床房:HK$708']"
瀋陽中街故宮楓渡酒店,9.7,"['祕境大床房（助眠蕎麥枕+慕思床墊+AI智能設施）:HK$382', '經典大床房（安靜好眠+電視投屏+AI智能設施）:HK$411', '故景-純粹大床房（AI智能設施+故宮景+慕思助眠床品）:HK$432', '質感大床房（慕思床墊+夢潔床品+AI智能設施）:HK$467', '質感雙床房（夢潔床品+電視投屏+AI智能設施）:HK$467']"
盛京記憶酒店（瀋陽中街故宮店）,9.5,"['雅緻大床房:HK$399', '豪華大床房:HK$428', '豪華雙床房:HK$428', '家庭房:HK$455']"
瀋陽長白島亞朵酒店,9.8,"['雅緻雙床房（手機投屏+ 智能客控）:HK$439', '高級大床房（手機投屏+智能客控）:HK$493', '高級雙床房（手機投屏+智能客控）:HK$511', '幾木大床房（小冰箱+浴袍+手機投屏）:HK$547', '幾木雙床房（小冰箱+浴袍+智能馬桶）:HK$592']"
如家商旅酒店（瀋陽桃仙機場音樂學院桃仙校區店）,9.5,"['商務大床房:HK$289', '高級大床房:HK$306', '高級雙床房:HK$306', '家庭房:HK$341']"
麗楓酒店（瀋陽故宮中街地鐵站店）,9.6,"['高級大床房:HK$458', '豪華大床房:HK$469', '商務大床房（全屋智控+慕斯床墊）:HK$481', '豪華雙床房:HK$509']"
