酒店名称,评分,房型价格列表
煙台百納瑞汀酒店（第一海水浴場煙台站）,9.7,"['風雅市景大床房:HK$759', '風雅市景0壓大床房（零壓床墊+記憶枕芯）:HK$778', '風雅市景雙床房:HK$805', '風雅0壓雙床房（零壓床墊+記憶枕芯）:HK$814', '商務市景大床房:HK$843', '商務市景雙床房:HK$880']"
煙台麗景海灣酒店（第二海水浴場漁人碼頭店）,9.7,"['舒適雙床房（金可兒床墊+羽絨被+乾濕分離熱帶雨林淋浴）:HK$802', '舒適大床房（金可兒床墊+羽絨被+乾濕分離熱帶雨林淋浴）:HK$802', '聽海雙床房（金可兒床墊+羽絨被+投屏電視+智能馬桶）:HK$864', '臨海超寬荷里活大床房（金可兒床墊+投屏電視+智能馬桶）:HK$926', '陽光海景大床房（金可兒護脊床墊+投屏電視+智能馬桶）:HK$1,049']"
煙台麗景海居酒店（養馬島環島路店）,8.9,"['林景雙床房（安睡蕎麥枕+羽絨被+徠芬吹風機）:HK$836', '林景大床房（安睡蕎麥枕+羽絨被+徠芬吹風機）:HK$836', '海景雙床房（安睡蕎麥枕+羽絨被+徠芬吹風機）:HK$997', '露台海景雙床房（安睡蕎麥枕+羽絨被+徠芬吹風機）:HK$1,196']"
星諾藍灣酒店（煙台大學國際博覽中心店）,9.6,"['品藍大床房『小度智能語控+康乃馨透氣羽絨被』:HK$560', '映藍影音房『金可兒床墊+小度語控+百寸超清投影巨幕』:HK$598', '蔚藍大床房（金可兒30公分厚護脊床墊+小度智能語控）:HK$626', '蔚藍雙床房（金可兒30公分厚護脊床墊+康乃馨羽絨被）:HK$654', '海藍大床房 （金可兒30公分厚護脊床墊+乾濕分離淋浴）:HK$691']"
龍口大酒店·未來,9.9,"['城景舒享大床房:HK$352', '城景舒享雙床房:HK$352', '城景悦享大床房:HK$370', '城景悦享雙床房:HK$388', '摩天輪悦景大床房:HK$388']"
力曼解百納酒店（煙台山景區火車站店）,9.5,"['温馨雅居房-乾濕分離·智能馬桶:HK$568', '靜雅大床房-智能窗簾·電視投屏:HK$607', '靜雅雙床房-親膚床品·智能馬桶:HK$635', '行政大床房-辦公桌椅·親膚床品:HK$664', '行政雙床房-電視投屏·深睡床墊:HK$701']"
蓬萊百納瑞汀酒店（蓬萊閣店）,9.7,"['特價精緻大床房（浴缸）:HK$664', '精緻大床房（浴缸）:HK$730', '特價精緻標準間（浴缸）:HK$778', '古城海景大床房（浴缸）:HK$808', '精緻標準間（浴缸）:HK$854']"
煙台漁人碼頭第二海水浴場亞朵酒店,9.6,"['尊享海景大床房（小度智能客控+智能馬桶+恆温花灑）:HK$834', '行政套房（小度智能客控+智能馬桶+恆温花灑+小冰箱）:HK$834', '尊享海景雙床房（小度智能客控+80°環海+ESPA洗護）:HK$882', '深睡行政海景大床房（小度客控+智能馬桶+恆温花灑）:HK$952', '深睡尊享海景大床房:HK$1,052']"
麗楓酒店（蓬萊閣海水浴場蓬長客港店）,9.5,"['雅緻大床房:HK$563', '純凈自然雙床房:HK$599', '商務大床房:HK$613']"
煙台芝罘楓渡酒店,9.5,"['祕境大床房—小冰箱+AI語音+智能馬桶:HK$628', '純粹園景雙床房—智能投屏電視+智能門鎖:HK$666', '質感街景雙床房—夢潔床品+小冰箱+AI語音+智能馬桶:HK$703', '質感海景大床房—陽光露台+小冰箱+AI語音+智能馬桶:HK$739', '滿悦大床房—親子+AI智能語音+慕思床墊:HK$775']"
煙台金海灣酒店,9.6,"['商務市景大床房:HK$786', '商務市景雙床房:HK$786', '煙台山公園景大床房:HK$843', '煙台山公園景雙床房:HK$895', '海景大床房:HK$956', '陽台觀海大床房:HK$1,174']"
煙台濱海廣場城際酒店,9.7,"['城際高級大床房（智能客控+浴袍+絲漣床墊+小冰箱）:HK$763', '城際高級房-雙床（智能客控+浴袍+絲漣床墊+小冰箱）:HK$763', '城際商務大床房（智能客控+浴袍+絲漣床墊+小冰箱）:HK$800', '城際豪華房-雙床（智能客控+浴袍+絲漣床墊+小冰箱）:HK$838', '城際家庭房（智能客控+浴袍+絲漣床墊+小冰箱）:HK$875']"
黃海賓館,9.4,"['商務大床房:HK$946', '城景大床房:HK$1,020', '商務雙床房:HK$1,134', '雅緻大床房:HK$1,425', '高級大床房:HK$1,533', '陽光高級大床房:HK$1,596']"
喬治莫蘭迪酒店（煙台站吾悦廣場店）,9.6,"['高級大床間（智能客控+智能馬桶+電視投屏+小冰箱）:HK$532', '雅緻雙床房（智能客控+智能馬桶+電視投屏+小冰箱）:HK$586', '雅緻大床房（智能客控+智能馬桶+電視投屏+小冰箱）:HK$586', '豪華大床房（智能客控+智能馬桶+電視投屏+小冰箱）:HK$623', '豪華雙床房（智能客控+智能馬桶+電視投屏+小冰箱）:HK$623']"
和頤至格酒店（煙台火車站店）,9.4,"['大床房:HK$169', '雙床房:HK$205', '商務大床房:HK$213', '特色大床房:HK$224']"
錨泊灣酒店（煙台萬達廣場福海路店）,9.5,"['和風榻榻米房【全屋智控+投屏觀影模式+零壓床墊】:HK$539', '城景智能雙床房【全屋智控+投屏觀影模式+零壓床墊】:HK$588', '行政智能大床房【全屋智控+投屏觀影模式+零壓床墊】:HK$588', '泊雲高級套房【閣樓觀景+落地窗+投屏觀影】:HK$675']"
煙台藍天賓館（漁人碼頭景區店）,9.6,"['聽海雙床房:HK$635', '海景套房:HK$1,279', '行政套房:HK$2,811']"
都市花園酒店（蓬萊機場路店）,9.7,"['精選雅緻大床房（舒適睡眠）:HK$175', '精選雅緻雙床房（舒適睡眠）:HK$184', '花園雅緻大床房（語音客控+舒適睡眠）:HK$184', '花園雅緻雙床房（語音客控+舒適睡眠）:HK$193']"
煙台站萬達廣場漫亭酒店,9.6,"['舒適大床房（投屏+深睡枕+氧吧）:HK$767', '雅緻雙床房（投屏+深睡枕+氧吧）:HK$796', '行政大床房（投屏+深睡枕+小冰箱+氧吧）:HK$838', '樂享家庭房（投屏+深睡枕+氧吧）:HK$910', '尊享家庭房（榻榻米+超大投影+小冰箱+氧吧）:HK$952']"
永蓬海天酒店（八仙渡海濱浴場店）,9.5,"['地中海風·精緻大床（智能客控+舒適零壓枕）:HK$532', '地中海風·精品親子房（智能客控+電視可投屏）:HK$616', '地中海風·輕奢大床房（智能客控+舒適零壓枕）:HK$640', '園林風·高級親子雙床房（智能客控+舒適零壓枕）:HK$699']"
煙臺中澤華羿鉑爾曼酒店,9.6,"['特惠雙床房:HK$911', '特色景觀房:HK$991', '高級海景大床房:HK$1,090', '豪華海景大床房:HK$1,123', '高級大床房:HK$1,196', '高級雙床房:HK$1,196']"
隱居蓬萊酒店,9.4,"['閣樓大床房（森林氧吧）:HK$581', '竹巷園景大床房（森林氧吧）:HK$646', '聆海海景大床房（森林氧吧）:HK$806', '海韻雅緻家庭房（森林氧吧）:HK$831', '隱悦海景豪華大床房:HK$1,049']"
花築·蓬萊灣親子酒店（蓬萊仙島八仙過海景區店）,9.5,"['影音輕奢大床房（投影儀+智能客控）:HK$547', '蜂巢迷宮親子房（投影儀+智能客控）:HK$810', '高級庭院親子房（獨立庭院花園景+智能客控）:HK$884', '輕奢庭院親子房 |獨棟小院+可燒烤+舒適浴缸+智能客控:HK$991']"
長島意心民宿,9.7,"['枕溪·浪漫浴缸房【科勒浴缸+零壓床墊+資生堂洗護】:HK$485', '攏晴·落地窗榻榻米房【零壓床墊+智能馬桶】:HK$485', '怡然·親子家庭房【小童玩具+資生堂洗護】:HK$509', '靜川·臻選標準間【零壓床墊+資生堂洗護】:HK$525']"
煙台百納瑞汀花園酒店（金沙灘海水浴場店）,9.7,"['閣樓優享主題親子房:HK$1,140', '閣樓優享荷里活家庭房:HK$1,140', '樂享園景大床房（浴缸）:HK$1,218', '閣樓複式荷里活房:HK$1,284', '樂享園景雙床房（浴缸）:HK$1,284', '尊享海景大床房（浴缸）:HK$1,328']"
煙台海閣雲舍民宿（濱海廣場店）,9.4,"['Haige Cloud House【灣】高層海景大床房:HK$741', 'Haige Cloud House【雲】一線海景大床房:HK$864', 'Haige Cloud House【瀾】180°無敵海景大床房:HK$1,029', 'Haige Cloud House【閣】市景兩居室雙大床房:HK$1,050']"
朗麗茲酒店（萊陽萬達廣場高鐵站店）,9.8,"['高級大床房（獨立空調+小冰箱+智能馬桶＋投屏＋音箱）:HK$243', '高級雙床房（獨立空調+小冰箱+智能馬桶＋投屏＋音箱）:HK$252', '豪華大床房（獨立空調+小冰箱+智能馬桶＋投屏＋音箱）:HK$271', '豪華雙床房（獨立空調+小冰箱+智能馬桶＋投屏＋音箱）:HK$280', '行政大床房（獨立空調+小冰箱+智能馬桶＋投屏＋音箱）:HK$309']"
煙台碧海飯店（煙台火車站萬達廣場店）,9.5,"['靜逸｜雅居雙床房:HK$397', '靜逸｜行政雙床房:HK$407', '臻享｜舒心大床房:HK$417', 'Tiamo獨立汗蒸+榻榻米房:HK$426', '臻享｜舒心雙床房:HK$426']"
漢庭優佳酒店（煙台萬象滙迎春大街店）,9.7,"['大床房:HK$300', '雙床房:HK$308', '高級大床房:HK$323', '家庭房:HK$374']"
煙台星諾藍海酒店,9.6,"['雲影 · 舒享大床房-180°全景落地窗·電視投屏:HK$436', '雲影 · 舒享雙床房-小度小度·全屋語音控制:HK$483', '映歌 · 影音大床房-迷人海景·百寸巨幕投影:HK$502', '積翠 · 行政大床房-透氣羽絨被·康乃馨全棉床品:HK$549', '柔瀾影音雙床房-瀑布式淋浴·智能馬桶:HK$578']"
龍口天鴻酒店,9.7,"['悦享大床房:HK$312', '0壓大床房（夢百合0壓床墊+0壓記憶枕）:HK$312', '豪華大床房:HK$446', '商務大床房:HK$547', '輕奢城景三人家庭套房:HK$569']"
梧桐悅居酒店（煙台大學萬象滙店）,9.6,"['悦居大床房（智能投屏）:HK$441', '悦享雙床房（智能投屏）:HK$455', '悦致大床房（智能投屏+小冰箱）:HK$468', '悦雅雙床房（智能投屏+小冰箱）:HK$481']"
花築·棲夏度假酒店（蓬萊市海水浴場店）,9.8,"['沐夏-露天花園陽台智能大床房+智能客控:HK$738', '拾光-露天花園陽台大床房+智能客控:HK$738', '承風-温柔橘海院景雙床房+智能客控:HK$855', '南枝A-原木簡約家庭房+智能客控:HK$887']"
煙台芝罘站紅星美凱龍亞朵酒店,9.8,"['高級大床房 （智能客控+洗pp智能馬桶+恆温花灑+投屏）:HK$566', '行政大床房（智能客控+洗pp智能馬桶+恆温花灑小冰箱）:HK$585', '高級雙床房（智能客控+洗pp智能馬桶+恆温花灑小冰箱）:HK$654', '尊享大床房（智能客控+洗pp智能馬桶+恆温花灑小冰箱）:HK$698', '尊享親子房（智能客控+洗pp智能馬桶+恆温花灑小冰箱）:HK$777']"
麗景海岸酒店（煙台火車站大悅城店）,9.5,"['雙窗·舒適大床房-（乾濕分離+雨淋頂噴）:HK$452', '樂享·街機大床房-（暢玩街機+打卡全身鏡）:HK$482', '高空·城景大床房（迷人夜景+舒適睡眠）:HK$526', '雙窗·舒適雙床房-（休閑沙發+三分離衞浴）:HK$528', '高空·城景雙床房（270°觀景+雨淋頂噴）:HK$559']"
棲霞錦舍酒店,9.1,"['精選雙床房:HK$241', '商務大床房:HK$346', '精選大床房:HK$346', '精選套間大床房:HK$404', '家庭房:HK$481']"
山東機械大廈酒店（第一海水浴場火車站店）,9.0,"['雅緻舒適大床房:HK$425', '雅緻舒適雙床房:HK$425', '優選高級大床房:HK$465', '優選高級雙床房:HK$465']"
煙台靜海大酒店（金沙灘公園廣場店）,9.4,"['豪華城景雙床房:HK$616', '豪華海景雙床房:HK$661', '高樓層城景大床房（帶貴妃榻）:HK$733', '高樓層城景雙床房（帶貴妃榻）:HK$775', '高樓層海景大床房（帶貴妃榻）:HK$808']"
朵雅酒店（煙台大學店）,9.5,['雅緻·舒適大床房-（安睡記憶枕+零壓床墊+靜逸舒適）:HK$397']
枕海酒店（金沙灘海水浴場店）,9.1,"['陽光花園大床房:HK$782', '陽光花園雙床房:HK$782', '陽台海景大床房:HK$1,303', '露台海景大床房（浴缸）:HK$1,467']"
鑫山酒店（煙台大學國際博覽中心店）,9.4,"['輕居星光房（夢百合零壓床墊+星空深睡枕+全身鏡）:HK$257', '海天晨曦大床房（夢百合零壓床墊+深睡枕+無線充電）:HK$286', '天際海島大床房（夢百合零壓床墊+深睡枕+羽絨控温被）:HK$315', '晨悦行政雙床房（夢百合零壓床墊+星空深睡枕+全身鏡）:HK$352', '270度海韻翼廊大床房（夢百合零壓床墊+星空深睡枕）:HK$381']"
華僑賓館,9.6,"['都市雅緻雙床房:HK$515', '逸享豪華大床房:HK$515', '唯美陽光家庭房:HK$611', '豪華主題家庭房:HK$694', '城景豪華套房:HK$917']"
煙台麗景半島酒店（煙台港火車站店）,9.5,"['尚雅簡約大床房（全身鏡+絲漣床墊+羽絨被芯）:HK$388', '尚雅簡約雙床房（全身鏡+絲漣床墊+羽絨被芯）:HK$389', '巨幕影音大床房（100寸幕布私人影院+影視會員）:HK$406', '山海文化主題雙床房（軟化水+投屏電視+絲漣床墊）:HK$415', '山海文化主題大床房（軟化水+投屏電視+絲漣床墊）:HK$415']"
如家商旅酒店（長島景區客運碼頭店）,8.9,"['高級大床房（觀海房）:HK$508', '高級雙床房（觀海房）:HK$508', '零壓大床房（觀海房+夢百合床墊）:HK$551', '零壓雙床房（觀海房+夢百合床墊）:HK$551']"
盛園精品四合院民宿（煙台萬達所城裡店）,9.4,"['候月-正房（古典中式架子床及中堂會客區+滾筒洗衣機+智能馬桶+地暖）:HK$945', '椿亭親子房包院（地暖+廚房+滾筒洗衣機+涼亭+鞦韆+沙發床）:HK$1,188', '裏所當然包院（Coffee house+茶室+廚房）:HK$1,607', '盛園包院（地暖+含開放式廚房+茶室+小池塘+桑拿房）:HK$2,738']"
煙臺中心大酒店,9.6,"['雅緻標準雙床房:HK$350', '雅緻標準大床房:HK$350', '雅緻陽光大床房:HK$366', '雅緻陽光雙床房:HK$366', '雅緻精品大床房:HK$377']"
海陽頤和萬麗酒店,9.7,"['高級雙床房:HK$337', '高級大床房:HK$379', '豪華河景大床房:HK$390', '行政大床房:HK$390', '豪華河景家庭房:HK$390']"
喬治莫蘭迪酒店（萊陽市財富中心店）,9.7,"['商務大床房（零壓床墊+電視投屏）:HK$304', '商務雙床房（零壓床墊+電視投屏）:HK$316', '豪華大床房（豪華浴缸+零壓床墊）:HK$334', '豪華雙床房（零壓床墊+落地穿衣鏡）:HK$350', '尊享大床房（豪華浴缸+超大空間）:HK$370']"
煙台金沙灘英迪格酒店,9.7,"['精品大床房無障礙:HK$1,503', '精品雙床房:HK$1,503', '精品大床房:HK$1,608', '豪華精品雙床房:HK$1,709', '精品海景大床房:HK$1,922', '精品海景雙床房:HK$2,232']"
煙台萬豪萬楓酒店,9.7,"['園景大床房:HK$949', '高級園景大床房:HK$981', '海景雙床房:HK$1,215', '海景大床房:HK$1,215', '高級海景大床房:HK$1,308']"
龍口蘭歐尚品酒店（博商購物廣場店）,9.7,"['蘭藝大床房（金可兒床墊+智能語音控制+落地窗）:HK$214', '蘭藝雙床房（金可兒床墊+智能語音控制+落地窗）:HK$218', '行政臻享大床房（金可兒床墊+智能語音控制+落地窗）:HK$236', '行政臻享雙床房（金可兒床墊+智能語音控制+落地窗）:HK$237']"
煙台麗景華僑酒店（第一海水浴場煙台站店）,9.7,"['悠然竹景雙床房（安睡記憶枕+羽絨被芯）:HK$502', '靜雅舒心雙床房（海洋主題+舒適浴缸）:HK$530', '悠然竹景大床房（安睡記憶枕+羽絨被芯）:HK$530', '靜雅舒心大床房（海洋主題+舒適浴缸）:HK$540', '海景商務大床房（安睡記憶枕+羽絨被芯）:HK$550']"
煙台天越灣璞園酒店,9.5,"['高級大床房（金可兒護脊床墊+全屋智能客控）:HK$523', '高級雙床房（金可兒護脊床墊+全屋智能客控）:HK$589', '行政大床房（金可兒護脊床墊+全屋智能客控）:HK$589', '行政雙床房（金可兒護脊床墊+全屋智能客控）:HK$654', '複式大床房（金可兒護脊床墊+全屋智能客控）:HK$654']"
艾盛酒店（煙台大學市政府店）,9.5,"['大床房:HK$273', '標準間:HK$304', '豪華浴缸房:HK$336', '高級大床房:HK$336']"
煙台瑞景海洋酒店,8.7,"['特價精品標間:HK$161', '普通標準間:HK$251', '精品標準間:HK$289', '精品大床房:HK$289']"
合悅觀海影音酒店（煙台大學國際博覽中心店）,9.7,"['玉蘭軒（智能海景）大床房:HK$178', '牡丹軒（巨幕投影智能語音）大床房:HK$178', '薔薇軒（豪華智能語音海景）大床房:HK$183', '清蓮軒（巨幕投影智能語音）雙床房:HK$188']"
煙台海島日記民宿,9.5,"['比海更深:HK$1,311', '步履不停:HK$1,311', '回我的家:HK$1,311', '海街日記:HK$1,311']"
龍口•棠寓酒店（保利廣場店）,9.2,"['都市星辰.臻享大床房【75吋大屏+辦公桌+落地全身鏡】:HK$178', '都市悠居.輕奢大床房【全景飄窗+零壓助眠+乾濕分離】:HK$199', '都市高空.優享大床房【全景飄窗+休閑區+落地鏡】:HK$206', '天倫樂享.親子雙床【全景飄窗+乾濕分離+零壓助眠】:HK$213']"
煙台金海岸希爾頓酒店,9.5,"['高級客房大床房:HK$1,032', '高級客房雙床房:HK$1,032', '高級客房大床房（高樓層）:HK$1,032', '高級客房雙床房（高樓層）:HK$1,032', '行政客房大床房:HK$1,206', '行政客房雙床房:HK$1,206']"
龍口大酒店（通海路店）,9.9,"['特惠大床房:HK$255', '特享大床房:HK$274', '精品雙床房:HK$292', '精品大床房:HK$292', '輕奢雙床房:HK$313']"
全季酒店（煙台開發區金沙灘後沙廣場店）,9.6,"['大床房（地暖）:HK$659', '舒壓-高級大床房（地暖）:HK$736', '舒壓-高級雙床房（地暖）:HK$839', '高級景觀大床房（地暖）:HK$857']"
煙台華僑精品酒店,9.3,"['標準間（無窗）（靜謐空間+舒適睡眠）:HK$276', '舒適標準房（中央空調+星級床品）:HK$329', '舒適大床房（中央空調+星級床品）:HK$349']"
海陽喜客來大酒店,9.3,"['特價甄選雙床房:HK$179', '特價甄選大床房:HK$188', '商務雙床房:HK$217', '喜臨門零壓舒睡雙床房:HK$217']"
途客輕居酒店（煙台開發區萬達廣場店）,9.3,"['途享大床房:HK$358', '途客觀影房:HK$374', '途享雙床房:HK$381', '途奢大床房:HK$395']"
宏達格爾麗都大酒店（煙台國際機場店）,8.2,"['豪華雙床房:HK$208', '高級雙床房:HK$252', '高級大床房:HK$287', '豪華大床房:HK$295']"
煙台東方海洋月亮灣大酒店（月亮灣棧橋店）,9.2,"['聽海雙床房（全遮光窗簾+商務辦公）:HK$428', '聽海大床房（全遮光窗簾+園林景觀）:HK$434', '零壓深睡雙床房（零壓床墊+陽台美景）:HK$449', '臨海園景雙床房（舒適睡眠+乾濕分離洗漱）:HK$450', '臨海露台雙床房（園林美景+舒適睡眠+乾濕分離洗漱）:HK$462']"
誼尚酒店（煙台芝罘區芝罘站店）,9.5,"['雅緻·舒適大床房-（秒睡記憶枕+零壓床墊+靜逸舒適）:HK$470', '欣享·豪華大床房-（深睡零壓枕+零壓床墊+奢華體驗）:HK$482', '豪華影音娛樂房（巨幕影音＋遊戲手柄＋舒逸靜享）:HK$482', '悦享·高級大床房（金可兒床墊＋靜逸好夢）:HK$483']"
柏曼酒店（煙台南大街萬達廣場店）,9.6,"['舒適榻榻米【0壓深睡眠床墊+靜謐隔音+新風系統】:HK$301', '標準大床房【0壓乳膠床墊+護頸助眠枕頭+手機投屏+小度智能】:HK$515', '標準雙床房【小度智能+手機投屏+新風系統】:HK$515', '觀影大床房【120寸巨幕+極光TV會員+小度智能】:HK$524']"
萊州新世紀大酒店,9.5,"['商務大床房:HK$275', '親子特惠房:HK$341', '零壓大床房:HK$378', '尊享商務房:HK$407', '豪華家庭房:HK$470']"
