酒店名称,评分,房型价格列表
禧祿達國際酒店（牡丹江火車站東一步行街店）,9.5,"['豪華雙床房（乳膠枕+斯林百蘭床墊）:HK$301', '豪華大床房（羽絨枕+斯林百蘭床墊）:HK$368', '行政雙床房（斯林百蘭床墊+乳膠枕）:HK$379', '行政大床房（夢百合乳膠枕+斯林百蘭床墊）:HK$451', '行政商務房（乳膠枕+斯林百蘭床墊）:HK$500']"
東方明珠國際大酒店（牡丹江火車站步行街店）,9.4,"['優選大床房:HK$299', '城景雙床房:HK$328', '城景大床房:HK$358', '至尊大床房:HK$428', '至尊雙床房:HK$428']"
麗怡酒店（牡丹江火車站店）,9.8,"['大床房（慕思床墊+智能客控+手機投屏+即熱飲水機+智能馬桶）:HK$240', '標準大床房（慕思床墊+智能客控+手機投屏+即熱飲水機+智能馬桶）:HK$256', '高級大床房（慕思床墊+智能客控+手機投屏+即熱飲水機+智能馬桶）:HK$273', '商務大床房（慕思床墊+智能客控+手機投屏+即熱飲水機+智能馬桶）:HK$306']"
如家驛居酒店（牡丹江火車站步行街店）,9.3,"['大床房:HK$116', '商務大床房:HK$134', '雙床房:HK$134', '高級大床房:HK$170']"
牡丹江萬達奇遇主題公寓,9.6,"['簡約派的温馨小築大床房20518【70寸語音智能大電視/影視會員/充電牀頭櫃/有廚房】:HK$192', '在路上的家地台大床房【星空燈+70寸大電視+極光TV會員+聯通千兆極速網絡】:HK$192', '小仙女的最愛大床房21302【聯通千兆網/70寸大電視/影視會員/星空燈/】:HK$192', '智能觀景影音大床房21508【全屋語音智能+高樓層可觀景+百寸高清投影+影視會員】:HK$192']"
喆啡精選酒店（牡丹江火車站店）,9.6,"['醇享大床房:HK$255', '啡凡大床房:HK$295', '啡凡雙床房:HK$335']"
麗楓酒店（牡丹江火車站人民公園店）,9.6,"['高級大床房（無窗）:HK$244', '豪華大床房:HK$331', '豪華雙床房:HK$331', '商務雙床房:HK$348']"
好彩暮居酒店（牡丹江高鐵站北山公園店）,9.2,"['摩登套房（小度聲控+智能馬桶+超大屏幕）:HK$229', '輕奢雙床房（小度聲控+智能馬桶+超大屏幕）:HK$229', '輕奢大床房XL（小度聲控+智能馬桶+超大屏幕）:HK$251', '輕奢雙床房XL（小度聲控+智能馬桶+超大屏幕）:HK$251']"
全季酒店（牡丹江火車站店）,9.7,"['高級大床房:HK$352', '雙床房:HK$391', '舒壓高級大床房:HK$391', '舒壓雙床房:HK$431']"
牡丹江萬達青桔公寓,9.3,"['特惠温馨大床房:HK$164', '青桔簡愛大床房:HK$169', '舒適陽光大床房:HK$173', '現代簡約大床房:HK$177']"
喆啡酒店（牡丹江火車站步行街店）,9.3,"['醇享大床房:HK$190', '啡凡大床房:HK$222', '啡凡雙床房:HK$245', '商務大床房:HK$277']"
牡丹江飯店（火車站店）,8.6,"['普通大床房:HK$112', '普通標準間:HK$116', '商務大床房:HK$136', '商務標準間:HK$136']"
漢庭酒店（牡丹江火車站店）,9.5,"['高級大床房:HK$261', '雙床房:HK$280', '豪華家庭房:HK$374']"
牡丹江金朵商務酒店（牡丹江萬達廣場店）,9.3,"['醇享商務標準間（智能客控&辦公桌）:HK$307', '尊享大床房（智能客控）:HK$358', '商務大床房（智能客控&辦公桌）:HK$418', '巨幕影音房（高清投影120寸）:HK$447']"
牡丹江樂湯滙温泉酒店（火車站萬達廣場店）,8.5,"['享睡大床房:HK$248', '尊享大床:HK$276', '豪華標間:HK$285', '高層大床房:HK$304']"
如果商旅酒店（牡丹江高鐵站江濱公園店）,9.4,"['特惠標準間（電視投屏&飲用水）:HK$211', '特價大床房（電視投屏&飲用水）:HK$219', '豪華標準房（電視投屏&飲用水）:HK$285', '豪華大床房（電視投屏&飲用水）:HK$292']"
星程酒店（牡丹江火車站店）,9.5,"['大床房:HK$234', '高級大床房:HK$243', '雙床房:HK$254', '家庭房:HK$271']"
花樣年華影音公寓（牡丹江萬達廣場店）,9.7,"['古典寫意中式大床房:HK$105', '現代簡約巨幕影院房（卧虎高級床墊）:HK$113', '驛旅陽光温馨房（貝思曼高級零壓乳膠床墊）:HK$121', '歐式大床房:HK$129']"
桔子酒店（牡丹江火車站步行街店）,9.6,"['月若流金大床房:HK$355', '加州陽光大床房:HK$374', '月若流金雙床房:HK$374', '月若流金套房:HK$444']"
希岸酒店（牡丹江江南市政府店）,9.4,"['希岸高級大床房（智能客控）:HK$334', '希岸豪華雙床房（智能客控）:HK$414', '希岸豪華家庭房:HK$469']"
如家商旅酒店（牡丹江高鐵火車站步行街店）,9.5,"['商務大床房A:HK$312', '雙床房:HK$321', '商務大床房:HK$331', '高級雙床房:HK$348']"
42°c湯泉酒店,9.8,"['温馨雙床間:HK$119', '時尚雙床房:HK$152']"
家旅公寓（牡丹江萬達廣場店）,8.7,"['北歐大床房:HK$110', '精品投影大床房:HK$137']"
漢庭優佳酒店（牡丹江火車站步行街店）,9.6,"['高級大床房（電視投屏）:HK$361', '雙床房（乾濕分離+品牌床墊）:HK$381', '家庭房:HK$421', '套房（休閑沙發）:HK$441']"
牡丹江火車站夏威夷國際大酒店（步行街店）,9.7,"['夏威夷·舒適大床房:HK$763', '夏威夷·舒適雙床房:HK$763', '夏威夷·尊享大床房:HK$885', '夏威夷·尊享雙床房:HK$885', '主題舒適親子房:HK$1,202', '馨享·舒適家庭房:HK$1,202']"
新悦酒店（牡丹江）,9.2,"['高級雙床房:HK$129', '高級大床房:HK$129', '商務大床房:HK$145', '商務標準房:HK$151']"
米朵精品酒店（牡丹江站大商新瑪特店）,8.9,"['特惠大床房:HK$156', '高級大床房:HK$165', '雙床房:HK$174', '豪華娛樂雙床房:HK$184']"
如家派柏·雲酒店（牡丹江高鐵火車站店）,9.2,"['精選大床房:HK$159', '精選多床房:HK$159', '精選商務房:HK$167', '行政套房:HK$239']"
鉑朗國際酒店（牡丹江火車站腫瘤醫院店）,9.1,"['尊享特惠大床房:HK$216', '尊享特惠標準間:HK$216', '尊享商務標準間:HK$227', '尊享商務大床房:HK$227']"
楷淳民宿（牡丹江萬達廣場店）,8.8,"['特惠大床房:HK$164', '精品大床房:HK$174', '尊享商務大床房:HK$184', '巨幕投影大床房:HK$193']"
雅居精品酒店（牡丹江萬達廣場店）,8.3,"['豪華標準間:HK$195', '商務大床房:HK$195', '商務標準間:HK$195', '浪漫圓床房:HK$195']"
你好酒店（牡丹江火車站大商新瑪特店）,9.1,"['大床房:HK$340', '高級大床房:HK$358', '雙床房:HK$378', '商務雙床房:HK$406']"
花園民宿,8.3,"['簡約大床房:HK$152', '舒適大床房:HK$152', '豪華大床房:HK$152', '標準大床房:HK$152']"
牡丹江世茂假日酒店,9.4,"['假日標準雙床房:HK$287', '假日高級房-雙床:HK$287', '假日高級房-大床:HK$287', '假日行政房:HK$418', '假日行政房-大床:HK$418', '假日豪華房:HK$506']"
福順天天大酒店（牡丹江高鐵萬達店）,9.0,"['特價雙床房:HK$161', '特價大床房:HK$163', '商務雙床房:HK$220', '商務三人房:HK$253']"
素柏·雲酒店（牡丹江火車站百貨大樓店）,8.7,"['舒適大床房:HK$118', '商旅雙床房:HK$131', '惠選家庭房:HK$161', '精品大床房:HK$174']"
水木年華公寓,8.4,"['簡約時尚大床房:HK$118', '輕奢時尚大床房:HK$151', '温馨舒適大床房:HK$162', '尊享商務雙床房:HK$183']"
東安賓館（牡丹江火車站步行街店）,8.3,"['舒適圓床房:HK$108', '特價家庭房:HK$108', '舒適家庭房:HK$121', '舒適大床房:HK$133']"
牡丹江吉利酒店（火車站百貨大樓店）,8.6,"['舒適大床房:HK$131', '高級大床房:HK$149', '特價雙床房:HK$154', '高級雙床房:HK$166']"
如家睿柏·雲酒店（牡丹江火車站店）,8.3,"['標準雙床房:HK$200', '全新大床間:HK$202', '全新雙床房:HK$202', '家庭房:HK$237']"
牡丹江心怡短租公寓（萬達廣場店）,9.5,"['心怡常樂大床房:HK$209', '精緻舒適大床房:HK$222', '旅行商務大床房:HK$235', '現代簡約投影房:HK$235']"
大福源酒店（牡丹江步行街店）,8.3,"['標準雙人房:HK$147', '商務標準房:HK$156']"
如家酒店·neo（牡丹江火車站大商新瑪特店）,9.5,"['大床房:HK$179', '雙床房A:HK$206', '商務大床房:HK$206', '雙床房:HK$232']"
牡丹江新瑪特大酒店,7.4,"['標準房:HK$147', '商務套房:HK$319', '行政套房:HK$549']"
崑崙大酒店（牡丹江火車站步行街店）,9.2,"['優選標準間（辦公桌+瓶裝水）:HK$259', '優選大床房（品牌床墊+瓶裝水）:HK$268', '標準大床房:HK$315', '標準雙床房:HK$333']"
智好商務民宿,8.9,"['經典商務大床房:HK$167', '典雅影音大床房:HK$184', '零壓智控影音大床房:HK$217', '零壓智控影音標準間:HK$260']"
牡丹江峯悦中興酒店,8.6,"['優享大床房:HK$315', '標準大床房:HK$358', '標準雙床房:HK$391', '行政套房:HK$500']"
棉花糖民宿,9.8,"['城市浪漫觀景房:HK$145', '棉花糖愛情小屋:HK$145', '簡約北歐風大床房:HK$155', '尊享商務大床房:HK$165']"
假日拾光民宿（牡丹江火車站店）,8.5,"['特惠簡約大床房:HK$105', '假日尊享大床房:HK$129', '清新簡約投影大床房:HK$137', '豪華投影巨幕大床房:HK$144']"
牡丹江㖡生活青奢公寓,8.8,"['高貴浪漫情侶房:HK$123', '北歐輕奢優選大床房B:HK$123', '北歐輕奢優選大床房A:HK$123', 'INS格調情侶房:HK$123']"
