酒店名称,评分,房型价格列表
囊謙勝地酒店,9.8,"['尊享-智氧大床房（辦公書桌+化粧放大鏡）:HK$463', '尊享-智氧雙床房（免費停車+自助洗衣烘乾機）:HK$484', '尊享-商務套房（簡約雙人沙發+免費停車）:HK$629']"
漢庭酒店（玉樹博物館店）,9.4,"['大床房:HK$462', '高級大床房:HK$480', '商務雙床房:HK$490', '家庭房:HK$508']"
玉樹香德尼瑪大酒店,9.1,"['高級大床房:HK$234', '高級雙人房:HK$234', '豪華大床房:HK$332', '豪華雙人房:HK$332']"
玉樹青贛大酒店,8.9,"['富氧標間:HK$427', '富氧大床房:HK$462', '富氧豪華大床房:HK$566', '富氧豪華標間:HK$566']"
贊普靈卡,9.9,['行者標準雙床房:HK$437']
7天酒店（玉樹博物館格薩爾王府廣場店）,8.9,"['新7天自在大床房:HK$406', '新7天舒適大床房:HK$423', '新7天自在雙床房:HK$423', '新7天舒適套房:HK$455']"
玉樹太陽湖假日酒店,8.6,"['豪華大床房:HK$487', '豪華標準間:HK$511', '行政大床房:HK$535', '豪華套房:HK$898']"
玉樹萬信至格酒店,9.1,"['高級雙床房:HK$435', '高級大床房:HK$446', '豪華雙床房:HK$446', '豪華大床房:HK$458']"
橙客連鎖酒店,9.1,"['零壓豪華大床房:HK$190', '零壓雙床房:HK$192', '零壓豪華標間:HK$201', '豪華三人間:HK$263']"
玉樹拉布寺賓館,9.3,"['豪華商務單人間:HK$260', '豪華商務標間:HK$260', '三人間:HK$316', '豪華套間:HK$539']"
玉樹亞特蘭酒店,9.1,"['小標間:HK$205', '精緻大床房:HK$216', '普通標準間:HK$236', '投影大床房:HK$249']"
玉樹結古寺大酒店,7.7,"['豪華大床房:HK$260', '豪華雙床房:HK$269', '豪華套房:HK$464']"
囊謙吉祥飯店,9.0,"['普通標準間:HK$216', '經典雙床房:HK$293', '高級陽台雙床房:HK$326', '高級單人間:HK$326']"
高日酒店,8.7,"['供養豪華大床房:HK$293', '供養豪華精品大床套房:HK$315', '豪華舒適雙床套房:HK$333', '豪華觀景雙床套房:HK$342']"
曲麻萊格薩爾王大酒店,8.9,"['普通標間:HK$517', '氧氣標間:HK$546']"
玉樹尕爾寺酒店,8.6,"['標間:HK$173', '單間:HK$173', '三人間:HK$326']"
玉樹諾布嶺酒店,7.6,"['標間房型一（地暖）:HK$165', '標間房型二（地暖）:HK$175', '大床房房型一（地暖）:HK$177', '中單間房型一（地暖）:HK$178']"
曲麻萊白象商務酒店,8.9,"['標準雙人間:HK$282', '標準大床間:HK$282', '標準三人間:HK$372', '富氧.大床房（全屋瀰漫式醫用級供氧+全屋水暖）:HK$393']"
雜多縣青稞酒店,7.8,"['大床房:HK$294', '標準雙床間:HK$296', '標準間:HK$319']"
囊謙龍珠商務大酒店,8.0,"['普通標間:HK$138', '大床房:HK$154', '豪華標間:HK$163', '豪華大床房:HK$177']"
次第花開•客棧,8.7,"['標準大床房《投影已開通會員》:HK$128', '標準雙床房《投影已開通會員》:HK$128', '豪華大床房《投影+影視會員》:HK$137', '豪華標準雙人房《投影+影視會員》:HK$137']"
雜多縣雪山商務賓館,8.2,"['標準間:HK$158', '景觀大床房:HK$165', '豪華雙床房:HK$180', '豪華大床房:HK$180']"
治多縣振新酒店,7.5,"['標準雙人間:HK$435', '大床房:HK$435', '豪華大床房:HK$544', '高級大床房:HK$872']"
囊謙佐瑪酒店,8.3,"['標準雙人間:HK$149', '高級大床房:HK$184']"
囊謙唐卡酒店,7.5,"['標準雙床房:HK$205', '大床房:HK$205', '三人間:HK$287', '商務套房:HK$399']"
雜多振興大酒店,4.5,"['豪華單間:HK$409', '標準間:HK$410', '豪華套房:HK$730']"
玉樹諾布嘎瓊酒店,6.8,"['富氧舒適雙床房:HK$311', '富氧舒適大床房:HK$311', '富氧豪華套間:HK$511']"
玉樹普措達吉酒店,5.1,"['簡易雙人房（公共衞生間）（無法洗浴）:HK$90', '普通單人間:HK$179', '普通標間:HK$179', '標準間:HK$187']"
諾布嘠瓊酒店（紅衞路店）,4.0,"['雙人間（不帶衞生間）:HK$131', '簡約三人間（公共衞生間）:HK$175', '標準雙床房:HK$195', '舒適雙床房:HK$205']"
楊記客棧,8.8,"['標間:HK$463', '大床房:HK$556', '製氧大床房:HK$1,113']"
曲麻萊母親河酒店,6.9,"['行政標間:HK$269', '普通標準間:HK$278', '豪華大床房:HK$296', '小套房:HK$643']"
好來屋商務賓館,6.8,"['温馨雙床房:HK$422', '舒適標間:HK$424', '舒適三人間:HK$533']"
維也納酒店（玉樹唐蕃古道店）,9.1,[]
