酒店名称,评分,房型价格列表
雲季酒店（上饒萬達廣場店）,9.4,"['雲·甄選大床房:HK$152', '雲·甄選雙床房:HK$162', '雲·臻享大床房:HK$162', '雲·臻享雙床房:HK$172']"
風禾明月松間美宿（水南文化街店）,9.5,"['石上清泉丨大床房【全屋智能+觀景陽台+記憶床墊】:HK$263', '風禾盡起丨大床房【全屋智能+HOMESUN冰箱+記憶床墊】:HK$366', '風禾盡起丨雙床房【全屋智能+HOMESUN冰箱+記憶床墊】:HK$379', '雲隱月明丨街景套房【全屋智能+觀景陽台+記憶床墊】:HK$615']"
楠溪山居民宿（上饒望仙穀風景區店）,9.6,"['鹿鳴·暮野靜悠山景大床房（乾濕分離+靜謐山景+色調燈光控制）:HK$295', '清風攬月·墨蘭居大床房（乾濕分離+靜悠山景+燈光色調控制）:HK$317', '觀山苑·雅韻·山景雙床房【乾濕分離+燈光色調控制】:HK$360', '私享浪漫·全視野山湖景落地蜜月圓床房【茶榻+沙發】:HK$433']"
你好酒店（上饒商貿城鳳凰大道店）,9.6,"['高級大床房:HK$207', '觀影大床房:HK$207', '豪華雙床房:HK$227', '豪華大床房:HK$227']"
上饒·心水漫丨Enjoy·RoManceDesignHOTEL（金龍崗街區步行街店）,9.4,"['躺平治癒榻榻米房【高清投屏·4K電視·遮光窗簾】:HK$174', '驚喜奇遇大床房[巧遇+樂趣好玩］:HK$211', '4K高清投影榻榻米房【百寸巨幕·投影·遮光窗簾·安心好睡】:HK$234', '心水漫·輕奢大床房-免費停車❤雙人沙發❤棒咖啡75折券:HK$245', '心水漫·輕奢雙床房-辦公桌❤小沙發❤免費停車:HK$267']"
山谷小棧民宿（望仙谷景區店）,9.9,"['椿嶺 ｜ 南山原木影音大床房:HK$306', '碧隱 ｜ 山水原木影音雙床房 （ 獨立導台➕百寸巨幕 ）:HK$318', '木寂 ｜ 質簡原木影音雙床房:HK$349', '霧山 ｜ 自然原木影音套房（ 落地山景➕百寸巨幕 ）:HK$642']"
藝龍壹棠酒店（上饒吾悅廣場經開區管委會店）,9.9,"['雅緻大床房（飄窗採光+温感取電+智能客控）:HK$296', '雅緻雙床房（飄窗採光+温感取電+智能客控）:HK$296', '海棠大床房（飄窗採光+掛式吹風機+觸屏智能化粧鏡）:HK$329', '海棠雙床房（飄窗採光+掛式吹風機+觸屏智能化粧鏡）:HK$329']"
格菲酒店（上饒高鐵站店）,9.0,"['格菲特惠大床房:HK$173', '格菲特惠雙床房:HK$183', '格菲高級雙床房:HK$191', '格菲家庭房:HK$200']"
美豪麗致酒店（上饒行政中心萬達廣場店）,9.2,"['雅緻雙床房:HK$236', '麗致大床房:HK$236', '靜雅棋牌複式大床房:HK$259', '麗致行政套房:HK$344']"
四季發現·禪意度假美宿,9.8,"['榻語｜榻榻米雙床房（全屋智能語音客控+零壓床墊）:HK$249', '逸居｜奶油大床房（零壓床墊+智能馬桶+小度智能）:HK$258', '暖居｜奶油雙床房（智能巨幕投影+智能馬桶+小度智能）:HK$268', '暖風｜豪華大床房（巨幕投影+智能客控+全景落地窗）:HK$268']"
桔子酒店（上饒高鐵站店）,9.6,"['月若流金高級大床房:HK$289', '月若流金高級雙床房:HK$289', '加州陽光商務大床房:HK$308', '月若流金豪華大床房:HK$327']"
雲端輕奢·漢服旅拍親子度假美宿,9.8,"['容淺·巨幕投影圓床房:HK$256', '木棲·巨幕投影温馨大床房:HK$268', '天音·暖陽山景巨幕投影大床房:HK$268', '暮何·山景雙床房【星空大露台+現代原木風+巨幕投影】:HK$291']"
上饒嘉萊特沁廬酒店（近萬力時代）,9.3,"['精緻影院大床房:HK$326', '精典高級大床房:HK$327', '精典高級雙床房:HK$327', '落地全景豪華大床房（配獨立衣帽間）:HK$412', '落地全景豪華雙床房（配獨立衣帽間）:HK$412']"
上饒鳳凰大道希爾頓歡朋酒店,9.6,"['舒適大床房:HK$440', '舒適雙床房:HK$452', '高級大床房:HK$498', '高級雙床房:HK$526', '豪華大床房:HK$565']"
暮歸民宿（上饒望仙穀風景區店）,9.7,"['B棟特惠舒眠榻榻米（智能馬桶+乾濕分離+雲端睡眠）:HK$238', 'A棟入夢·山間大床房 休閑懶人躺椅+乾濕分離+雲端睡眠:HK$322', 'A棟田園·暮歸大床房 休閑懶人躺椅+乾濕分離+雲端睡眠:HK$329', 'B棟靜謐·輕奢大床房 休閑懶人躺椅+乾濕分離+雲端睡眠:HK$332']"
速8精選酒店（上饒高鐵站店）,9.5,"['速8智能丨雅緻大床房{全屋智能+寫字桌}:HK$179', '速8智能丨雅緻雙床房{全屋智能+寫字桌}:HK$179', '速8智能丨優致大床房{全屋智能+寫字桌}:HK$185', '速8智能丨優致雙床房{全屋智能+寫字桌}:HK$185']"
晴川行館民宿（望仙谷景區店）,9.5,"['晴回·特惠露台大床房【270°山景+零壓床墊+乾濕分離】:HK$219', '挽晴·舒適雙床房【安睡好物+零壓床墊+乾濕分離】:HK$250', '晴晤·露台雙床房【270°山景+零壓床墊+乾濕分離】:HK$250', '晴牕·180°山景奶油風雙床房【零壓床墊+乾濕分離】:HK$273']"
望山澗·Yumsem山風集民宿（望仙谷景區店）,9.8,"['【山苑】穀雨·大床房｜原木極簡【羽絨被+乳膠墊】:HK$317', '【山梨】榻榻米大床房｜原木雅居【羽絨被+乳膠墊】:HK$361', '【安若】 立夏夏至雙床房｜原木胡桃【羽絨被+乳膠墊】:HK$404', '【安和】落地窗景雙床房｜原木復古【羽絨被+乳膠墊】:HK$448']"
上饒高鐵站智選假日酒店,9.8,"['高級房 超大床:HK$320', '高級房 雙床:HK$320', '高級房·雙床（高樓層）:HK$366', '舒適高級房·超大床:HK$366', '舒適高級房·超大床（高樓層）:HK$394']"
望仙·dream桂園民宿（望仙穀風景區店）,9.8,"['宿谷丨零壓享夢大床房（高清電視+品質床墊+乾濕分離）:HK$230', '鶯語丨樂安樂意大床房（可觀山景+智能馬桶+採光優質）:HK$249', '清筱丨日暮曉看大床房（可觀山景+品質床墊+採光優質）:HK$258', '繁錦丨築夢星空雙床房（簡約風+高清電視+VIP影片）:HK$259']"
逸景·田野山川｜望仙山隱·田間雅舍,9.6,"['拾羽丨舒適大床房（鵝絨床品+深睡乳膠床墊+乾濕分離+院景+影音會員）:HK$279', '繁錦丨一樓院景樂享大床房（高清寬幕投影+鵝絨床品+深睡乳膠床墊+乾濕分離+院景+影音會員）:HK$279', '晨汐丨雅緻大床房（高清巨幕投影+鵝絨床品+深睡乳膠床墊+乾濕分離）:HK$331', '光遇丨輕奢大床房（高清巨幕投影+鵝絨床品+深睡乳膠床墊+乾濕分離+影音會員）:HK$335']"
三合悦致酒店（萬達廣場店）,9.6,"['雅緻大床房:HK$228', '雅緻雙床房:HK$228', '巨幕觀影大床房:HK$228', 'LOFT複式套房:HK$448']"
茂源香澗·360°環山觀景度假美宿（望仙谷店）,9.5,"['芊尋·雅緻田園大床房:HK$217', '悦舍·寧靜雅緻雙床房｜布藝床品｜木製牀頭櫃｜木製電視櫃｜舒適好眠:HK$261', '芊時·舒適山景雙床房:HK$282', '未忘·180°山河景豪華雙床房:HK$338']"
上饒月兔國際大酒店,9.1,"['迷你房（無窗）:HK$186', '浪漫圓床房:HK$195', '雅緻大床房:HK$252', '雅緻雙床房:HK$253']"
美豪怡致酒店（上饒新一中上饒高鐵站店）,9.5,"['麗致大床房:HK$293', '麗致雙床房:HK$302', '雅緻大床房:HK$339', '雅緻雙床房:HK$348', '雅緻套房:HK$394']"
雲崖山居民宿（望仙谷景區店）,9.7,"['遇見歡喜丨180°山景雙床房丨高清投影 | 山間清涼風 | 硅藻泥無甲醛:HK$249', '逍遙自在舒適大床房（靜謐山景+高清投影+奶油ins風+搖搖椅）:HK$249', '雲棲觀景聽風大床房（自然美學+高清投影+大露台無敵景觀）:HK$258', '夜柳扶風丨180°全景雙床房丨清爽乾淨 | 私享影院 | 靜謐時光:HK$277']"
星程酒店（上饒高鐵站店）,9.5,"['高級大床房:HK$196', '商務雙床房:HK$224', '豪華大床房:HK$224', '套房:HK$261']"
谷溪山居（望仙谷景區店）,9.8,"['谷池畔-雙卧休閑陽光屋（河邊落地窗+乾濕分離）:HK$233', '暖陽-温馨親子房（全屋智能+河邊落地窗十小童友好）:HK$260']"
亞朵酒店（上饒信州區政府店）,9.6,"['雅緻大床房【智能客控+65寸智能投屏電視】:HK$313', '高級大床房【智能客控+65寸智能投屏電視】:HK$340', '高級雙床房【智能客控+65寸智能投屏電視】:HK$358', '行政大床房【智能客控+65寸投屏電視+冰箱+浴袍】:HK$403', '行政湖景雙床房【智能客控+65寸投屏電視+冰箱+浴袍】:HK$421']"
嶼你美宿（望仙谷景區店）,9.9,"['舒適睡眠榻榻米床房（巨幕高清投影+智能客控+榻榻米）:HK$258', '悠然觀景榻榻米房（田園景觀+0壓睡眠床墊+高清投影）:HK$281', '逸緻大床房（庭院景觀+智能客埪+高清巨幕投影）:HK$295', '靜雅.雙人居（0壓睡眠床墊+高清巨幕投影+智能客控）:HK$324']"
華熙玻尿酸酒店（上饒高鐵站店）,9.7,"['景觀大床房+洗衣機+冰箱:HK$216', '江景大床房+洗衣機+冰箱:HK$227', '景觀雙床房+洗衣機+冰箱:HK$238', '家庭親子房+洗衣機+冰箱:HK$282']"
甜也·隱山川Lakeside度假休閑民宿（望仙穀風景區店）,10.0,"['風寄月 | 舒適大床房:HK$232', '拾光季 | 旅居親子房:HK$289', '畫堂春\u200c | 陽光雙床房:HK$318', '星辰海 | 4K巨幕投影雙床房:HK$347']"
餘閲山居民宿（望仙谷景區店）,9.8,"['特價~極簡時光大床房:HK$240', '温馨雙床房（小米投影＋小米智控）:HK$300', '巨幕山景大床房（小米投影＋小米智控＋智能馬桶＋新風系統）:HK$333', '雅緻山景雙床房（小米投影＋小米智控＋新風系統）:HK$353']"
維也納智好酒店（上饒步行街和平陽光店）,9.1,"['標準雙床房:HK$165', '標準大床房:HK$165', '高級大床房:HK$184', '高級雙床房:HK$184']"
柒拾貳間·林語山房（上饒望仙谷景區店）,9.5,"['裏安｜零壓大床房 【全屋智能+靜享空間+零壓床墊】:HK$309', '亦居｜榻榻米零壓大床房 【全屋智能+花園景+零壓床墊】:HK$334', '嶼楠｜榻榻米零壓大床房 【全屋智能+全屋軟水+零壓床墊】:HK$373', '松柏靜廬｜榻榻米零壓特大床房 【全屋智能+軟卧沙發】:HK$385']"
上饒茶聖路美侖酒店,9.2,"['大床房:HK$337', '豪華雙床房:HK$337', '高級大床房:HK$355', '豪華大床房:HK$374', '商務大床房:HK$393']"
望仙喜谷民宿,9.5,"['等風·精緻·雙床房·帶洗衣機:HK$275', '攬月·精品·標準間:HK$312', '候雨·豪華雙床房·立式空調:HK$340', '待月·全景窗高級雙床房·投射觀影:HK$340']"
丁丁小舍民宿,9.7,"['温香暖玉大床房:HK$151', '投影温馨大床房:HK$162', '遠山景觀大床房:HK$173', '遠山景觀雙床房:HK$183']"
藝龍安雲酒店（上饒萬達廣場雙塔公園店）,9.3,"['藝享舒心房大床房【璀璨信江夜景+智能馬桶】:HK$119', '藝享風景雙床房【璀璨信江夜景+智能馬桶】:HK$140', '藝享高級風景大床房【璀璨信江夜景+智能馬桶】:HK$140', '藝享全智能雙床房【璀璨信江夜景+智能馬桶】:HK$183']"
東籬棲隱民宿（望仙穀風景區店）,9.5,"['曉春·智能大床房（舒適床墊+投屏電視+空氣能熱水）:HK$208', '雲語·高級大床房（智能客控+投屏電視+智能馬桶）:HK$223', '未央·舒適雙床房（智能客控+家庭影院+乾濕分離）:HK$234', '木槿·豪華雙床房（小度智能+巨幕投影+窗外好景）:HK$245']"
望仙·秋意設計師觀景度假美宿（望仙谷景區店）,9.2,"['知意·特惠經濟大床房:HK$157', '秋瀾 · 觀星大床房【4K高清投影+星級舒適床品+乾濕分離】:HK$219', '秋嵐 · 山景雙床房【4K高清投影+星級舒適床品+乾濕分離】:HK$231', '秋沐 · 觀山大床房【4K高清投影+星級舒適床品+乾濕分離】:HK$231']"
山邊的雲Mt Cloud·風之谷泊心雲舍（望仙谷景區店）,9.7,"['月白｜幾木Cloud影音大床房（全屋軟水+零壓床墊）:HK$267', '雨過山青｜幾木Cloud影音大床房（全屋軟水+零壓床墊+懸浮地台+榻榻米）:HK$280', '縞素｜幾木Cloud影音雙床房（全屋軟水+零壓床墊）:HK$313', '觀風｜幾木Cloud影音雙床房（全屋軟水+零壓床墊+榻榻米）:HK$320']"
上饒遠泉大道晶科光伏亞朵酒店,9.9,"['高級雙床房（Mini小冰箱+投屏電視+深睡枕PRO）:HK$305', '高級大床房（Mini小冰箱+投屏電視+深睡枕PRO）:HK$313', '尊享雙床房（Mini小冰箱+投屏電視+深睡枕PRO）:HK$331', '尊享大床房（Mini小冰箱+投屏電視+深睡枕PRO）:HK$340', '尊享套房（Mini小冰箱+投屏電視+深睡枕PRO）:HK$448']"
維也納酒店（上饒高鐵站店）,9.6,"['愉夢大床房:HK$260', '愉夢雙床房:HK$260', '商務大床房:HK$279', '商務雙床房:HK$279']"
喜來民宿（望仙穀風景區店）,9.8,"['棲溪觀竹丨舒適大床房丨零壓床墊55寸4K超清LED乾濕分離:HK$195', '長安攬月丨舒享大床房丨亞朵同款床墊丨55寸4K超清電視:HK$206', '山禾吞岳丨榻榻米丨智能客控丨巨幕投影乳膠床墊:HK$257', '清風榻榻米 雙床房｜乳膠床墊｜智能客控｜智能馬桶:HK$268']"
望仙谷山水居民宿,9.5,"['花巖底下|舒適大床房+見山景+小度智能:HK$265', '青梅竹馬|舒適大床房+智能客控:HK$276', '溪邊小築|山景大床房【智能馬桶+零重力床墊】:HK$287', '小橋流水|山景大床房+智能馬桶+55寸投屏電視:HK$287']"
五悅·悅心酒店（上饒步行街金龍崗路店）,9.4,"['不期而遇·優選大床房（採光足+落地窗+雲感記憶床墊）:HK$163', '不期而遇·優選雙床房:HK$170', '慵懶之間·臻享雙床房（全新改造+雲感記憶床墊）:HK$177', '慵懶之間·臻享大床房（全新改造+雲感記憶床墊）:HK$185']"
星空民宿（望仙谷景區店）,9.7,"['星晨〡特惠大床房（內窗＋乾濕分離＋高清電視）:HK$208', '仙景〡高級大床房（天然乳膠床墊+休閑桌椅+田園山景+高清電視）:HK$251', '仙景〡高級雙床房（天然乳膠床墊+田園山景+優質採光+高清電視）:HK$256', '白榆〡私享露台景觀大床房（原木風＋星空露台）:HK$283']"
上饒行政中心亞朵酒店,9.3,"['雅緻大床房（記憶枕+亞朵裸棉床品）:HK$287', '高級大床房（記憶枕+亞朵裸棉床品）:HK$313', '高級雙床房（記憶枕+亞朵裸棉床品）:HK$322', '行政雙床房（小冰箱+記憶枕）:HK$358', '幾木大床房（小冰箱+亞朵深睡枕）:HK$367']"
雲上·未聞山｜VILLA度假美宿（望仙谷景區店）,9.8,"['特惠丨清雅大床房（乳膠床墊+智能液晶電視）:HK$239', '拾光丨豪華大床房（乳膠床墊+智能液晶電視）:HK$255', '雨來丨豪華雙床房（乳膠床墊+智能液晶電視）:HK$327', '春澗丨好友麻將房（休閑娛樂+智能液晶電視）:HK$327']"
