酒店名称,评分,房型价格列表
鉑雅悦廷智慧酒店（亳州火車站店）（近譙城區魏武廣場）,9.7,"['悦享·智能大床房智能+一次性安心口杯:HK$197', '悦享·智能雙床房一次性安心口杯+全屋聲控:HK$197', '悦美·零壓大床房智能+記憶棉床墊+雙睡感抗菌零壓枕:HK$210', '悦美·零壓雙床房智能+記憶棉床墊+雙睡感抗菌零壓枕:HK$210', '悦音·巨幕影音房120寸+大眼橙旗艦投影:HK$222']"
鉑雅悅己酒店（亳州高鐵南站康美中葯城店）,9.9,"['雲閣·禪影小院大床房「巨幕觀影+獨立陽台+護脊床墊」:HK$214', '智能pro·ai智控大床房「全屋聲控+除菌凈氧+觀景沙發」:HK$236', '智能pro·ai智控雙床房「全屋聲控+辦公桌椅+觀景沙發」:HK$247', '深睡pro·全景凈氧大床房「俯瞰中葯城+亞朵星球記憶枕」:HK$257', '深睡pro·舒闊凈氧雙床房「俯瞰中葯城+亞朵星球記憶枕」:HK$268']"
亳州賓館,9.4,"['豪華單間:HK$404', '豪華標間:HK$404', '高級豪華標間:HK$632', '高級豪華單間:HK$632', '行政單間:HK$742', '高級行政標間:HK$851']"
南洋都市大酒店（亳州魏武大道店）,9.2,"['特惠大床房（軟包沙發）:HK$150', '特惠標準間（軟包沙發）:HK$150', '商務大床房（辦公寫字桌）:HK$170', '商務雙床房（辦公寫字桌）:HK$170']"
伯爵世家酒店（亳州康美中葯城火車站店）,9.7,"['舒適精選雙床房（商務桌椅+三區分離+護脊床墊）:HK$208', '精選大床房（三區分離+高端洗護+護脊床墊）:HK$208', '高級雙床房（落地窗+新風系統+商務桌椅）:HK$230', '高級大床房（高端洗護+落地窗+三區分離）:HK$245', '雲端觀景雙床房（城市夜景+純棉浴袍+功夫茶具）:HK$252']"
亳州桐禧東方酒店,9.7,"['高級大床房（智能窗簾+投屏）:HK$435', '舒適雙床房（智能窗簾+投屏）:HK$435', '高級雙床房（智能窗簾+投屏）:HK$456', '豪華大床房（智能窗簾+投屏+浴缸）:HK$519', '舒適套房（智能窗簾+投屏+迷你廚房+獨立會客區）:HK$570']"
亳州文化公園希爾頓歡朋酒店,9.5,"['舒適雙床房（舒達床墊+人體工學椅+彼得羅夫洗沐用品）:HK$354', '舒適大床房（舒達床墊+人體工學椅+彼得羅夫洗沐用品）:HK$364', '高級雙床房（舒達床墊+人體工學椅+彼得羅夫洗沐用品）:HK$373', '高級大床房（舒達床墊+人體工學椅+彼得羅夫洗沐用品）:HK$383', '豪華雙床房（舒達床墊+人體工學椅+彼得羅夫洗沐用品）:HK$393']"
全季酒店（亳州北萬達廣場店）,9.6,"['高級大床房:HK$345', '高級雙床房:HK$355', '商務大床房:HK$375', '商務雙床房:HK$375']"
城市精選酒店（亳州萬達廣場店）,9.5,"['標準大床房:HK$170', '標準雙床房:HK$170', '影院大床房:HK$184', '高級大床房:HK$191']"
亳州徽居花戲樓民宿,9.7,"['水香（徽派四合院-商務標準間）:HK$120', '夜安（徽派四合院-特惠標準間）:HK$120', '星源（徽派四合院-特惠大床房）:HK$120', '訪雲（徽派四合院-豪華大床套房）:HK$164']"
南洋精品酒店（亳州魏武大道店）,9.6,"['特惠大床房:HK$108', '特惠標準間:HK$108', '高級精品標準間:HK$120', '高級精品大床房:HK$130']"
維也納國際酒店（亳州市政府店）,9.6,"['豪華雙床房（舒達床墊+美標潔具+素菲詩洗沐用品）:HK$258', '豪華大床房（舒達床墊+美標潔具+素菲詩洗沐用品）:HK$258', '中葯養生雙床房（舒達床墊+美標潔具+素菲詩洗沐用品）:HK$258', '中葯養生大床房（舒達床墊+美標潔具+素菲詩洗沐用品）:HK$258', '商務雙床房（舒達床墊+美標潔具+素菲詩洗沐用品）:HK$270']"
星呈酒店（亳州萬達廣場康美中葯城店）,9.4,"['高級大床房:HK$148', '高級雙床房:HK$155', '商務大床房:HK$179', '景觀大床房:HK$215']"
維納斯國際酒店（亳州萬達廣場店）,9.3,"['豪華大床房｜全景視野+獨立辦公區域:HK$262', '豪華雙床房｜全景視野+獨立辦公區域:HK$262', '商務雙床房｜高層安靜樓層+鵝絨枕+蕎麥枕:HK$328', '商務大床房｜高層安靜樓層+鵝絨枕+蕎麥枕:HK$328', '行政大床房｜高層安靜樓層+視野優勢+鵝絨枕+蕎麥枕:HK$338']"
星際·甘棠酒店（亳州市魏武廣場中葯材市場店）,9.6,"['百合大床房「智能客控|投屏電視|零圧床墊」:HK$127', '琥珀雙床房「智能客控|投屏電視|城市夜景」:HK$127', '當歸榻榻米大床房「智能客控|投屏電視|智能馬桶」:HK$134', '琥珀高級雙床房「智能客控|羽絨枕芯|零圧床墊」:HK$145']"
祥晟邦酒店（亳州學院高鐵南站店）,9.2,"['X·隱|微不足道温馨小廂房:HK$160', 'X·沐|禾風舒月陽光大床房:HK$185', 'X·茗|靜謐雅緻陽光雙床房:HK$185', 'X·觀|落日枕月湖景大床房:HK$208']"
亳州康萊酒店（康美中葯城店）,9.3,"['高級雙床房:HK$328', '高級大床房:HK$338', '豪華雙床房:HK$360', '豪華大床房:HK$371', '影音大床房:HK$427', '行政雙床房:HK$481']"
漢庭酒店（亳州市政府店）,9.8,"['大床房:HK$198', '高級雙床房:HK$218', '高級大床房:HK$227', '商務雙床房:HK$249']"
璞禾酒店（亳州市政府店）,9.2,"['豪華雙床房:HK$351', '豪華大床房:HK$351', '高級豪華大床房:HK$424', '高級豪華雙床房:HK$424']"
亳州亳蕪鐵山賓館,9.8,"['舒適雙床房:HK$324', '商務大床房:HK$347', '高級套房:HK$610', '親子套房:HK$939', '中式雅緻婚房（套房）:HK$1,023']"
亳州湯王温泉酒店,9.1,"['湯屋標準間:HK$435', '樹屋大床房:HK$435', '商務標間:HK$435', '商務大床房:HK$435']"
城市之家·樂享酒店（亳州康美中葯城萬達廣場店）,9.4,"['樂惠雙床房:HK$152', '樂享大床房:HK$169', '尊享大床房:HK$190', '尊享雙床房:HK$190']"
心有所宿智慧酒店,9.3,"['特惠丨精品大床房:HK$147', '落霞丨智能大床房:HK$160', '輕暖丨零壓大床房:HK$165', '秋水丨智能雙床房:HK$169']"
雲逸智慧美宿酒店（亳州市魏武大道中葯材市場店）,9.6,"['雲悦·靜謐大床房（全屋智能+助眠枕）:HK$160', '雲悦·靜謐雙床房（智能客控+香薰助眠枕）:HK$160', '雲逸·永瞬映像大床房:HK$180', '雲悦·城景大床房（城市風景+智能客控）:HK$181']"
亳州盛榮酒店,9.6,"['高級雙床房:HK$294', '高級大床房:HK$294', '行政雙床房:HK$327', '行政大床房:HK$327', '行政家庭雙床房:HK$360']"
鉑雅美宿酒店（亳州魏武廣場店）（近譙城區花戲樓）,9.6,"['雅緻大床房:HK$125', '雅緻雙床房:HK$125', '舒睡雙床房:HK$136', '舒睡零壓大床房:HK$136']"
漢庭酒店（亳州北萬達廣場店）,9.6,"['大床房:HK$236', '高級雙床房:HK$246', '高級大床房:HK$255', '家庭房:HK$255']"
格林東方酒店（亳州萬達廣場店）,9.6,"['特惠大床房:HK$163', '東方高級雙床房:HK$176', '東方高級大床房:HK$176', '豪華雙床房:HK$201']"
宜尚酒店（亳州奧特萊斯亳望府店）,9.7,"['商務雙床房:HK$203', '商務大床房:HK$203', '家庭房:HK$203', '標準大床房:HK$237']"
都市花園智選酒店（亳州南站店）,9.4,"['特惠大床房【全屋智能·含落地窗·舒適床墊】:HK$160', '豪華三人房【全屋智能 .品質床具.舒適床墊】:HK$165', '舒適大床房【超柔親膚布草·品質床具·舒適好眠·】:HK$198', '豪華雙床房【品質床具·全屋智能·超舒適床墊】:HK$214']"
亳州君亭華豐酒店（金橋購物中心大潤發店）,9.3,"['特價標間:HK$206', '豪華標間:HK$232', '豪華大床房:HK$232', '景觀浴缸房:HK$379']"
亳州古井君萊國際酒店,9.4,"['高級大床房:HK$218', '高級雙床房:HK$218', '商務大床房:HK$266', '商務雙床房:HK$266']"
將進酒店·古井貢,10.0,"['客舍ˑ亳大床房:HK$344', '客舍ˑ譙大床房:HK$360', '客舍ˑ亳雙床房:HK$371', '客舍ˑ譙影音大床房:HK$404', '客舍ˑ譙雙床房:HK$426']"
你好酒店（亳州南站中葯城中心店）,9.6,"['高級大床房:HK$205', '商務雙床房:HK$224', '商務大床房:HK$224', '套房:HK$281']"
艾特摩高電競酒店（亳州萬達廣場店）,10.0,"['輕奢智能電競大床房（4070+160HZ+全屋智能）:HK$347', '高奢智能電競大床房（4070super+240HZ+全屋智能）:HK$367', '輕奢智能電競雙床房（4070顯卡+160HZ+全屋智能）:HK$377', '高奢智能電競雙床房（4070Super+240HZ+全屋智能）:HK$397']"
全季酒店（亳州中葯材交易市場店）,9.6,"['高級雙床房（一鍵投屏、智能馬桶）:HK$281', '高級大床房（一鍵投屏、智能馬桶）:HK$281', '商務大床房（一鍵投屏、智能馬桶）:HK$299', '商務雙床房（一鍵投屏、智能馬桶）:HK$299']"
漢庭酒店（亳州康美中葯城方圓薈店）,9.7,"['大床房（全屋智控+智能馬桶+記憶羽絨枕）:HK$208', '商務雙床房（全屋智控+智能馬桶+記憶羽絨枕）:HK$218', '商務大床房（全屋智控+智能馬桶+記憶羽絨枕）:HK$236']"
全季酒店（亳州高新萬達廣場店）,9.8,"['高級大床房:HK$318', '高級雙床房:HK$327', '商務大床房:HK$346', '商務雙床房:HK$355']"
全季酒店（亳州南站養生大道店）,9.8,"['高級大床房（智能馬桶、一鍵投屏、小冰箱）:HK$253', '高級雙床房（智能馬桶、一鍵投屏、小冰箱）:HK$253', '商務雙床房（智能馬桶、一鍵投屏、小冰箱）:HK$262', '商務大床房（智能馬桶、一鍵投屏、小冰箱）:HK$272']"
歡顏酒店（亳州譙城區春雨汽車城店）,8.9,"['L雙床房（雙層隔音玻璃）:HK$120', 'M大床房（全屋智能+雙層隔音玻璃）:HK$120', 'XL雙床房（雙層隔音玻璃）:HK$131', 'L大床房（全屋智能+雙層隔音玻璃）:HK$131']"
亳州古井貢酒·年份原漿主題酒店,9.7,"['高級單間:HK$328', '高級標間:HK$546', '商務套房:HK$983']"
格菲酒店（亳州高鐵南站大學城店）,9.6,"['特惠大床房（A+級抗菌除蟎床品+零壓舒睡床墊+羽絨被芯）:HK$176', '格菲雙床房（A+級抗菌除蟎床品+零壓舒睡床墊+羽絨被芯）:HK$198', '格菲大床房（A+級抗菌除蟎床品+零壓舒睡床墊+羽絨被芯）:HK$198', '景觀大床房（A+級抗菌除蟎床品+零壓舒睡床墊+全屋智控）:HK$249']"
鉑雅晚安智慧酒店（亳州湯王大道店）（近南半球譙城萬達）,9.7,"['晚安小築榻榻米房[私密投屏+零壓床墊]:HK$142', '雅緻智慧大床房[全屋智能+一次性安心口杯]:HK$152', '雅緻智慧雙床房[空氣凈化器＋加濕器]:HK$152', '舒睡零壓大床房[精緻化粧鏡＋私密投屏]:HK$161']"
君萊酒店（亳州建安文化廣場店）,8.8,"['禧悦特惠大床房（零壓床墊+靜音玻璃）:HK$174', '悦惠大床房（雙層靜音玻璃+ 落地市景）:HK$182', '商務大床房（零壓床墊+落地市景）:HK$199', '榻榻米大床房（零壓床墊+雙層靜音玻璃+ 落地市景）:HK$199']"
璞禾酒店（亳州萬達廣場店）,9.4,"['豪華大床房（靜謐治癒）:HK$159', '豪華雙床房:HK$173', '高級豪華大床房（智能按摩椅）:HK$199', '至尊豪華雙床房（智能按摩椅）:HK$233']"
漢庭酒店（亳州南湖公園寶龍廣場店）,8.7,"['高級大床房:HK$208', '商務大床房:HK$218', '高級雙床房:HK$227']"
格林豪泰酒店（亳州康美中葯城萬達廣場店）,9.4,"['輕奢智能大床房:HK$174', '輕奢智能雙床房:HK$174', '高級智能家庭房:HK$238', '商務智能棋牌房:HK$291']"
半山湖景酒店（亳州學院高鐵南站店）,9.9,"['悦享甄選大床房（手機投屏●懶人沙發）:HK$123', '輕奢零壓大床房（75寸手機投屏●懶人沙發●大飄窗）:HK$129', '舒適靜雅雙床房（舒適床墊●零壓睡眠）:HK$135', '雅緻雙床房（舒適床墊●75寸手機投屏●大飄窗）:HK$141']"
維也納國際酒店（亳州高鐵南站大學城店）,9.2,"['高級大床房「智能客控·深睡記憶枕·雙層隔音」:HK$199', '高級雙床房:HK$208', '豪華大床房「雙人沙發·大空間·商務辦公桌/椅」:HK$216', '豪華雙床房「雙人沙發·大空間·商務辦公桌/椅」:HK$225']"
亳州龍華迎賓館,9.2,"['特惠大床房:HK$184', '高級大床房:HK$293', '高級雙床房:HK$293', '豪華大床房:HK$424']"
