酒店名称,评分,房型价格列表
河伊的家民宿（伊寧六星街景區店）,9.7,"['精緻大床房（空間小+極米投影+智能馬桶+中央空調）:HK$698', '異域雙床房（極米投影+智能馬桶+中央空調+舒達床墊）:HK$863', '法式大床房（極米投影+智能馬桶+中央空調+舒達床墊）:HK$950', '温馨榻榻米房（極米投影+智能馬桶+中央空調+舒達床墊:HK$950']"
全季酒店（伊寧機場店）,9.5,"['大床房:HK$623', '雙床房:HK$643', '高級大床房:HK$663', '高級雙床房:HK$683']"
伊寧花田別院民宿（六星街景區店）,9.4,"['半地下精緻大床房:HK$637', '半地下舒適雙床房:HK$684', '半地下温馨親子房:HK$731', '輕奢一室大床房:HK$754', '精緻大床房:HK$802']"
如家酒店·neo（伊寧解放西路上海城店）,9.5,"['大床房（全屋智能+親膚布草+電視投屏）:HK$525', '商務大床房（全屋智能+親膚布草）:HK$525', '高級大床房（全屋智能+超大空間+客卧分離）:HK$542', '高級雙床房（全屋智能+加寬床墊+電視投屏）:HK$552']"
大荒民宿（伊寧機場店）,9.9,"['精選雙床房（智能馬桶-深睡舒眠床墊）:HK$449', '精品大床房（智能馬桶-深睡舒眠床墊）:HK$572', '甄選雙床房（智能馬桶-深睡舒眠床墊）:HK$584', '豪華大床房（智能馬桶-深睡舒眠床墊）:HK$608']"
美伊天酒店（伊寧萬容廣場店）,9.5,"['惠｜選雙床房（全屋智能+新風+超大美容鏡+中央空調）:HK$492', '惠｜選大床房（全屋智能+新風+超大美容鏡+中央空調）:HK$504', '甄選大床房（全屋智能+新風+超大美容鏡+中央空調）:HK$540', '甄選雙床房（全屋智能+新風+超大美容鏡+中央空調）:HK$558']"
漢庭酒店（伊寧六星街景區店）,9.4,"['高級大床房:HK$452', '高級雙床房:HK$483', '商務大床房:HK$483', '商務雙床房:HK$512']"
特克斯禪心易緣居民宿（盛世華疆八卦城之夜景區店）,9.9,"['梵音（壹）·舒適大床房（空調+智能馬桶+智能花灑）:HK$468', '觀南（貳）·舒適雙床房（空調+智能馬桶+智能花灑）:HK$468', '般若（叁）·舒適雙床房（空調+智能馬桶+智能花灑）:HK$468', '禪靜（肆）·舒適雙床房（空調+智能馬桶+智能花灑）:HK$468']"
挽風宿（（伊寧六星美食街店）,9.3,"['君蘭大床房:HK$682', '今喜大床房:HK$711', '雲隱雙床房:HK$730', '雲語雙床房:HK$759']"
肆享星辰民宿（伊寧六星街店）,9.6,"['迷你特惠大床房（空間小+零圧床墊+投影+空調）:HK$422', '半地下特惠大床房（窗户小+零圧床墊+投影空調）:HK$422', '半地下舒適雙床房（窗户小+零圧床墊+投影空調+乾濕分離）:HK$521', '半地下舒享大床房（窗户小+零圧床墊+投影空調+乾濕分離）:HK$521']"
伊寧品睿酒店（六星街店）,9.6,"['舒適大床房:HK$475', '榻榻米舒適房:HK$486', '智能高級大床房:HK$590', '高級大床間:HK$715']"
伊寧環球港六星街麗呈酒店,9.6,"['精選智能大床房『全屋智能+乾濕分離+電視投屏』:HK$1,063', '精選智能雙床房『全屋智能+乾濕分離+電視投屏』:HK$1,203', '安心優眠大床房『全屋智能+乾濕分離+電視投屏』:HK$1,258', '安心優眠雙床房『全屋智能+乾濕分離+電視投屏』:HK$1,258', '尊享智能大床房『全屋智能+乾濕分離+電視投屏』:HK$1,326']"
全季酒店（特克斯八卦城太極壇店）,9.5,"['雙床房:HK$743', '商務大床房:HK$764', '商務雙床房:HK$774', '家庭房:HK$804']"
野牧長歌民宿（伊寧六星街景區店）,9.8,"['秦時明月大床房（印度紅木傢俱+慕思床墊+TOTO潔具）:HK$1,420', '長風萬里大床房（印度紅木傢俱+慕思床墊+TOTO潔具）:HK$1,420', '月滿西山大床房（印度紅木傢俱+慕思床墊+TOTO潔具）:HK$1,420', '落日圓豪華雙床房（印度紅木傢俱+慕思床墊+TOTO潔具）:HK$1,693']"
頤爻酒店（特克斯八卦城太極壇店）,8.7,"['奢華尊享雙床房:HK$451', '奢華尊享大床房:HK$512', '奢華尊享親子間:HK$520', '奢華致享大床房:HK$546', '酷享寵物雙床房:HK$1,160']"
鬱亭軒民宿（伊寧機場六星街景區店）,9.6,"['日照·榻榻米雙床（親膚床品+智能馬桶+空調）:HK$523', '竹影·零壓榻榻米雙床（零壓床墊+智能馬桶+空調）:HK$544', '冬瑞·輕奢大床（零壓床墊+智能馬桶+空調）:HK$577', '晨露·温馨大床（懶人沙發+智能馬桶+空調）:HK$610']"
雪山下·自然居設計師民宿（昭蘇店）,9.8,"['楓林晚·温馨雙床房（雲端記憶枕頭+沉浸式品牌床墊）:HK$571', '起風了·觀景大床房（記憶枕頭+品牌床墊+巨幕投影）:HK$612', '青未了·舒適雙床房（雲端記憶枕頭+沉浸式品牌床墊）:HK$664', '向雲端·豪華觀景大床房（雪山+品牌床品+巨幕投影）:HK$780']"
覓知民宿（伊寧六星街景區店）,9.3,"['巴依小築（大床房）:HK$416', '絲路驛站（標準間）:HK$453', '六星花語（大床房）:HK$453', '喀什古韻（家庭套房）:HK$797']"
伊寧留白村宿民宿,9.7,"['墨韻‖黑色法式大床房:HK$310', '古隅‖侘寂風大床房:HK$310', '風華‖南洋風雙床大床房:HK$333', '精品南洋綠影雙大床房:HK$388']"
桃裏·留墅酒店,9.5,"['喜悦 | 夏日隨心房-清涼一夏:HK$492', '初雨 | 陽光雙床房-智能客控:HK$525', '山止 | 枕院雙床房-庭院觀景:HK$547', '川行 | 攬景大床房-綠林成蔭:HK$558', '朗月 | 樂享親子房-恆温加濕:HK$646']"
鞏留景楓萬豪酒店（人民廣場店）,9.4,"['優選智能雙床房【智能小度+城市廣場景觀+投屏電視】:HK$562', '優選智能大床房【智能小度+零壓床墊+記憶枕+投屏電視】:HK$563', '舒眠智能大床房【智能小度+零壓床墊+記憶枕+投屏電視】:HK$598', '舒眠智能雙床房【智能小度+安靜睡眠+投屏電視】:HK$598']"
星禾悦舍民宿（伊寧六星街景區店）,9.8,"['105・私語精緻大床房|乾濕分離|全屋智能|120寸4K投影:HK$1,284', '201・閣樓浴缸雙床房|乾濕分離|全屋智能|零壓床墊:HK$1,284', '103・浴缸優選大床房|乾濕分離|全屋智能|100寸4K投影:HK$1,377', '101・浴缸優選大床房|乾濕分離|全屋智能|100寸4K投影:HK$1,377']"
花語拾光民宿（六星街景區店）,8.9,"['特價大床房（智能馬桶+0壓床墊+記憶枕）:HK$732', '特價雙床房（智能馬桶+0壓床墊+記憶枕）:HK$732', '豪華雙床房（智能馬桶+0壓床墊+記憶枕）:HK$927', '舒適大床房（智能馬桶+0壓床墊+記憶枕）:HK$927']"
伊寧市政府伊犁河麗呈華廷酒店,9.1,"['麗享·舒心雙床房『慕思人體工學深度睡眠+豐品親膚布草+三生花洗漱用品』:HK$746', '麗享·舒心大床房『慕思人體工學深度睡眠+豐品親膚布草+三生花洗漱用品』:HK$1,268', '呈尊·優眠雙床房（慕思人體工學深度睡眠+豐品親膚布草+三生花洗漱用品+大屏電視+乾濕分離）:HK$1,309', '呈尊·優眠大床房『慕思人體工學深度睡眠+豐品親膚布草+三生花洗漱用品+大屏電視+乾濕分離』:HK$1,341', '華廷·景觀雙床房（180°伊犁河景-慕思人體工學深度睡眠+豐品親膚布草+三生花洗漱用品+乾濕分離）:HK$1,373']"
花間居民宿（六星街店）,9.7,"['巨幕·榻榻米雙床房【1080P高清投影+空調+親膚床品】:HK$846', '歸謐·投影大床房【巨幕影院+空調+乾濕分離】:HK$878', '歸謐·榻榻米大床房【高清投影+空調+乾濕分離】:HK$910', '浮光·輕奢大床房【高清投影+空調+休閑桌椅】:HK$1,017']"
伊寧可贊民宿（喀贊其民俗旅遊區店）,9.3,"['標準露台雙床房（公共衞浴）:HK$193', '特色主題標間:HK$249', '特色主題大床房:HK$249']"
特克斯福佑居民宿,9.6,"['伊雪輕奢大床房（空調+智能客控+智能馬桶+加濕器）:HK$745', '新升輕奢大床房（空調+智能客控+智能馬桶+加濕器）:HK$745', '初航輕奢雙床房（空調+智能客控+智能馬桶+加濕器）:HK$899', '望舟輕奢雙床房（空調+智能客控+智能馬桶+加濕器）:HK$929', '江畔輕奢雙床房（空調+智能客控+智能馬桶+加濕器）:HK$929']"
歸築·Home Haven｜設計師泳池度假美宿（特克斯八卦城店）,9.6,"['知歡·輕奢浴缸智能大床房:HK$756', '木槿·獨院智能雙床房:HK$1,112', '可夏·陽光浴缸智能大床房:HK$1,112', '暄和·景觀智能親子間:HK$1,112', '楠隱·景觀智能親子間:HK$1,112']"
伊寧藍庭別院民宿,9.9,"['商務標間:HK$588', '法式大床房:HK$686', '民族風標間:HK$686', '民族風大床房:HK$686']"
桔子酒店（伊寧六星街景區店）,9.5,"['大床房【金可兒床墊+冷藏小冰箱+電視投屏】:HK$756', '高級大床房【金可兒床墊+冷藏小冰箱+電視投屏】:HK$774', '豪華大床房【金可兒床墊+冷藏小冰箱+電視投屏】:HK$793', '豪華雙床房【金可兒床墊+冷藏小冰箱+電視投屏】:HK$793']"
特克斯八卦城鹿也民宿,9.9,"['鹿鹿高升雙床房空調露台:HK$342', '生財有鹿雙床房空調露台搖椅:HK$342', '絲鹿花語榻榻米大床房空調看窗景:HK$370', '一鹿有你大床房空調露台搖椅:HK$398']"
昭蘇初雪雲澗民宿（夏塔景區店）,9.6,"['庭院舒適標間 （空調+零壓床墊+洗浴）:HK$436', '庭院豪華標間 （空調+零壓床墊+洗浴）:HK$546', '庭院温馨大床房（空調+零壓床墊+洗浴）:HK$546', '庭院親子雙床房（空調+零壓床墊+洗浴）:HK$654']"
嘉昂民宿（昭蘇夏塔景區店）,9.5,"['標準雙床房（智能窗簾＋零壓床墊）:HK$426', '山景雙床房（全屋智能＋180°落地窗）:HK$586', '清雅大床房（智能窗簾+55寸超大電視＋零壓床墊）:HK$633', '山景大床房（全屋智能＋180°落地窗＋零壓床墊）:HK$649']"
慧翔民宿（特克斯八卦城離街店）,9.9,"['温馨舒適雙床房·三色堇【空調】:HK$284', '輕奢舒適大床房·七月菊【空調】:HK$284', '清靜雅緻大床房·六月雪【空調】:HK$284', '特色精緻雙人房·二月蘭【空調】:HK$284']"
伊寧白色之戀巷往民宿（六星街店）,9.0,"['皎玉· 潔凈雙床房:HK$495', '荼白Loft無瑕大床房:HK$508', '摯愛·舒適大床房:HK$508']"
伊寧市上海城解放西路亞朵酒店,9.6,"['雅緻大床房（智能客控+迷你小冰箱+無線充）:HK$987', '高級大床房（深睡體驗+智能客控+迷你小冰箱+無線充）:HK$1,167', '高級雙床房（深睡體驗+智能客控+迷你小冰箱+無線充）:HK$1,347', '尊享大床房（深睡床墊+浴袍+迷你小冰箱+無線充）:HK$1,436', '尊享雙床房（深睡床墊+浴袍+迷你小冰箱+無線充）:HK$1,706']"
漢庭酒店（伊寧喀贊其店）,9.5,"['大床房:HK$533', '高級大床房:HK$624', '高級雙床房:HK$654', '商務雙床房:HK$684']"
一方所民宿（六星街景區店）,9.8,"['靜夜雅緻大床房（半地下）:HK$371', '慕夏雅緻雙床房（半地下）:HK$519', '澄裏陽光榻榻米房:HK$556', '浪漫情懷大床房:HK$705']"
特克斯星來牧野·藝術民宿（八卦城店）,9.6,"['回憶·山野雙大床房（全屋智能+冷暖空調+零圧床墊）:HK$325', '回盼·烏孫特大床房（全屋智能+洗衣機+乾濕分離+零圧床墊）:HK$329', '春熙·悦顏雙大床房（全屋智能+乾濕分離+零圧床墊）:HK$339', '陽春·吾悦特大床房（全屋智能+乾濕分離+零圧床墊+洗衣機）:HK$347']"
民柳民宿（伊寧機場伊寧火車站店）,9.5,"['無憂·樂享標準間:HK$481', '好眠·優享親子房:HK$611', '自在·舒適三人間:HK$624', '旅途温馨·高級標間套房:HK$724']"
伊寧花田雲境民宿,9.8,"['簡•私享露台榻榻米房:HK$863', '野•零壓舒享大床房:HK$1,008', '宿•零壓家庭雙床房:HK$1,053', '享•休閑地台式雙床房:HK$1,245', '緣•温馨家庭親子房:HK$1,366']"
特克斯麗呈明宇酒店（八卦城中心太極壇店）,9.6,"['麗享·舒心雙床房（零壓床墊+全屋智能+Laifen吹風機）:HK$427', '麗享·舒心大床房（零壓床墊+全屋智能+Laifen吹風機）:HK$624', '呈尊·優眠雙床房（零壓床墊+全屋智能+電視投屏）:HK$720', '呈尊·優眠大床房（零壓床墊+全屋智能+mini冰箱）:HK$720']"
特克斯紫荊花麗呈華廷酒店（八卦城太極壇店）,9.5,"['風雅雙床房:HK$460', '風雅大床房:HK$497', '呈享·靜雅雙床房【全屋智能+三區分離+舒適床品】:HK$535', '呈享·靜雅大床房【全屋智能+三區分離+舒適床品】:HK$535', '麗尊·投影雙床房【全屋智能+愛奇藝會員+100寸巨幕投影】:HK$571']"
伊寧娜瀾閣民宿,9.8,"['庫亞西-陽光 -二號院:HK$661', '阿依努爾-月光-二號院:HK$662', '那拉提·家庭房-一號院（舒適床墊+智能馬桶）:HK$1,079', '博斯騰湖·大床房 - 一號院（舒適床品+智能馬桶）:HK$1,189', '阿爾泰山·雙床房 - 一號院（舒適床墊+智能馬桶）:HK$1,299']"
伊寧蘭雅居民宿,9.9,"['豪華單人間:HK$353', '豪華大床房:HK$377', '豪華雙人間:HK$377', '親子房:HK$397']"
徽之韻民宿（夏塔景區店）,9.7,"['特價雙人床（空調，智能窗簾，乾濕分離，零圧床墊）:HK$603', '舒適大床房（空調，智能窗簾，乾濕分離，零圧床墊）:HK$664', '豪華大床房（空調，智能窗簾，乾濕分離，零圧床墊）:HK$695', '豪華雙床房（空調，智能窗簾，乾濕分離，零圧床墊）:HK$695']"
伊寧伊犁賓館,9.0,"['6號樓商務一居室:HK$781', '6號樓精品一居室:HK$806', '6號樓尊享一室一廳:HK$972', '6號樓豪華一居室:HK$972', '6號樓現代2居:HK$1,136']"
特克斯凡舍民宿（八卦城之夜店）,9.7,['家庭套房（空調+智能馬桶+零壓床墊+提供洗衣房）:HK$328']
杏香藍民宿（喀贊其民俗旅遊區店）,9.7,"['阿爾薩斯-大床房（電視機丨智能馬桶）:HK$473', '喀贊其-大床房（巨幕投影丨智能馬桶）:HK$541', '塔蘭其-大床房（巨幕投影丨智能馬桶）:HK$541', '那拉提-標準間（電視機丨智能馬桶）:HK$608']"
伊寧博物館文化路輕居酒店,9.7,"['舒適大床房（投屏電視+智能馬桶+小冰箱）:HK$718', '標準大床房（投屏電視+智能馬桶+小冰箱）:HK$807', '標準雙床房（投屏電視+智能馬桶+小冰箱）:HK$897', '精選大床房（投屏電視+智能馬桶+小冰箱）:HK$897', '精選雙床房（投屏電視+智能馬桶+小冰箱）:HK$987']"
