酒店名称,评分,房型价格列表
中居·雅緻酒店（保山永昌路店）,9.7,"['高級大床房（65寸投屏電視+空氣凈化器+全智能客控）:HK$217', '精選大床房（65寸投屏電視+空氣凈化器+全智能客控）:HK$239', '高級雙床房（65寸投屏電視+空氣凈化器+全智能客控）:HK$260', '行政大床房（65寸投屏電視+空氣凈化器+全智能客控）:HK$260', '尊享大床房（65寸投屏電視+空氣凈化器+全智能客控）:HK$281']"
保山青華海觀景酒店（青華大廈店）,9.3,"['城景大床房（大屏投影+語音聲控+電動窗簾+智能開關+小冰箱）:HK$204', '城景雙床房（大屏投影+語音聲控+電動窗簾+智能開關+小冰箱）:HK$204', '城景特惠房（語音聲控+電動窗簾+智能開關+小冰箱）:HK$205', '海景雙床房（大屏投影+語音聲控+電動窗簾+智能開關+小冰箱）:HK$232']"
保山東涵文化酒店（隆陽區三館廣場店）,9.7,"['影視大床房:HK$205', '商務雙床房:HK$249', '行政大床房:HK$249', '智能小度家庭房:HK$267', '豪華商務套房:HK$293']"
維也納酒店（保山永昌路三館廣場店）,9.6,"['臻禮大床房:HK$249', '臻禮雙床房:HK$249', '豪華大床房:HK$277', '豪華雙床房:HK$277']"
達昌商旅酒店（保山吾悦廣場高鐵站店）,9.6,"['商務大床房:HK$168', '高級大床房:HK$182', '精選雙床房:HK$193', '巨幕影院房:HK$193']"
保山金海堂酒店（隆陽區三館廣場店）,9.5,"['悦享雙床房:HK$159', '樂享大床房（全景賞東方日出）:HK$194', '尊享行政雙床房:HK$200', '尊享一室一廳大床房（桌遊+安靜）:HK$252']"
保山蘭都飯店,9.4,"['特惠標準間:HK$248', '商務標準間:HK$315', '商務大床房:HK$358', '行政標準間:HK$358', '親子單間:HK$358']"
城市便捷酒店（保山永昌路店）,9.6,"['商務大床房（智能馬桶｜手機投屏｜記憶枕頭｜穗寶床墊）:HK$244', '高級大床房（智能馬桶｜手機投屏｜記憶枕頭｜穗寶床墊）:HK$265', '高級雙床房（智能馬桶｜手機投屏｜記憶枕頭｜穗寶床墊）:HK$274', '智能大床房（智能客控｜手機投屏｜記憶枕頭｜穗寶床墊）:HK$296']"
麗楓酒店（保山五洲國際廣場店）,9.6,"['雅緻大床房（55寸投屏電視+空氣凈化器+慕斯床墊）:HK$245', '豪華大床房（55寸投屏電視+空氣凈化器+慕斯床墊）:HK$286', '商務大床房（55寸投屏電視+空氣凈化器+慕斯床墊）:HK$311', '純凈自然雙床房（55寸投屏電視+空氣凈化器+慕斯床墊）:HK$311']"
保山棲悅莊酒店（三館文化廣場店）,9.7,"['商務大床房:HK$166', '純凈自然大床房:HK$199', '雅苑大床房:HK$208', '純凈自然雙床房:HK$223']"
保山隆陽區恆邦大廈亞朵酒店,9.7,"['高級大床房（65寸投屏電視+迷你冰箱+智能傢俱）:HK$314', '行政雙床房（65寸投屏電視+迷你冰箱+智能傢俱）:HK$323', '行政大床房（65寸投屏電視+迷你冰箱+智能傢俱）:HK$340', '尊享雙床房（65寸投屏電視+迷你冰箱+智能傢俱）:HK$358', '尊享大床房（65寸投屏電視+迷你冰箱+智能傢俱）:HK$376']"
維也納國際酒店（保山高鐵站吾悦廣場店）,9.7,"['標準雙床房:HK$239', '商務大床房:HK$268', '商務雙床房:HK$280', '豪華雙床房:HK$313', '豪華大床房:HK$313']"
保山嘉悦蘭庭萬信至格酒店,9.5,"['悦享·輕奢大床房+智控+圍棋:HK$234', '悦享·多彩雙床房+智控+現代風格:HK$234', '禪悦·輕奢大床房+智控+自助茶室:HK$255', '禪悦·多彩雙床房+智控+自助茶室:HK$257', '悦享·親子房+智控:HK$303']"
全季酒店（保山永昌大道店）,9.8,"['大床房（電視65寸投屏|金可兒床墊|智能客控）:HK$309', '高級大床房（電視65寸投屏|金可兒床墊|智能客控）:HK$337', '雙床房（電視65寸投屏|金可兒床墊|智能客控）:HK$337', '商務大床房（電視65寸投屏|金可兒床墊|智能客控）:HK$365']"
保山和平酒店,9.2,"['雅緻雙床房:HK$173', '標準大床房:HK$187', '豪華家庭房:HK$222', '尊享大床房:HK$271']"
保山青華海海景酒店,9.5,"['城景大床房（愜意煙火城景+定製靜眠床品+智能馬桶）:HK$332', '城景輕奢大床房（市井璀璨夜景+定製靜眠床品+智能馬桶）:HK$364', '城景輕奢雙床房（市井璀璨夜景+定製靜眠床品+智能馬桶）:HK$364', '海景輕奢大床房（倚窗搖椅觀海景落日+遙望非遺永子棋院+定製靜眠床品+智能馬桶）:HK$396']"
保山福源興大酒店（板橋古鎮店）,8.6,"['地熱温泉標準雙人間:HK$181', '地熱温泉商務雙人間:HK$192', '地熱温泉標準大床房:HK$202', '地熱温泉商務大床房:HK$213']"
悦辰酒店（保山高鐵站店）,9.7,"['舒適大床房:HK$178', '商務雙床房:HK$178', '悦享大床房:HK$202', '悦享雙床房:HK$202']"
新惠輕享文化酒店（保山九龍店）,8.7,"['優美大床房:HK$118', '特價雙床房:HK$129', '優雅大床房:HK$174', '輕雅大床房:HK$193']"
保山天和假日酒店,9.1,"['高級大床房:HK$169', '浪漫大床房:HK$176', '雅緻大床房:HK$183', '豪華大床房:HK$190']"
雲之尚雲連鎖酒店（保山金馬中運店）,9.5,"['特惠大床房:HK$144', '特惠雙人間:HK$160', 'KT貓:HK$163', '行政雙人間:HK$168']"
明和大酒店（保山九龍路店）,9.3,"['精品特價大床房:HK$216', '精品特價雙床房:HK$260', '舒適雙床房:HK$293', '舒適大床房:HK$293']"
如家商旅酒店（保山五洲國際廣場店）,9.5,"['雙床房:HK$274', '商務大床房:HK$292', '高級雙床房:HK$310', '高級大床房:HK$320']"
美亞酒店（保山市二院百貨大樓店）,9.3,"['精品大床房:HK$184', '豪華大床房:HK$212', '精品標間:HK$221', '豪華標間:HK$230']"
悦公館酒店（保山永昌路店）,9.4,"['温馨榻米房:HK$207', '舒適大床房:HK$244', '雅緻雙床房:HK$244', '行政陽台雙床房:HK$247']"
保山官房大酒店,9.5,"['豪華雙床房:HK$335', '豪華大床房:HK$358', '商務套房:HK$636', '豪華商務套房:HK$852', 'vip套房:HK$1,054']"
希爾貝酒店（保山高鐵站店）,9.4,"['精緻大床房（55寸投屏電視+養生枕+喜臨門床墊）:HK$211', '輕奢大床房（55寸投屏電視+養生枕+喜臨門床墊）:HK$224', '輕奢雙床房（55寸投屏電視+養生枕+喜臨門床墊）:HK$224', '家庭房（55寸投屏電視+養生枕+喜臨門床墊）:HK$260']"
豪園軒酒店（保山高鐵站店）,9.6,"['浪漫温馨特惠房:HK$135', '情侶浪漫大床房:HK$147', '輕奢陽光大床房:HK$158', '豪華精品大床房:HK$172']"
勐赫酒店,9.1,"['公寓-夏日特價單間:HK$282', '公寓樓-標間:HK$435', '公寓樓-單間:HK$436', '公寓樓-套房:HK$501', '主樓-標間:HK$534']"
保山好上居酒店,9.6,"['輕享大床房（全屋智能語音聲控+零壓睡眠+智能馬桶）:HK$167', '豪華大床房（全屋智能聲控+定製零壓睡眠+智能馬桶）:HK$179', '舒適雙床房（智能聲控+零壓睡眠+智能馬桶+65寸電視）:HK$186', '巨幕投影房（全屋智能聲控+定製零壓睡眠+智能馬桶）:HK$198']"
保山佳湖酒店（五洲國際廣場店）,9.5,"['精緻雙人間:HK$175', '精緻大床房:HK$182', '雅緻大床房:HK$185', '悦享雙床房:HK$190']"
漫暉酒店（保山主城區店）,9.1,"['簡約雙床房（乳膠床墊+手機投屏）:HK$162', '輕奢大床房（乳膠床墊+手機投屏+品牌洗護+浴缸）:HK$274', '輕奢雙床房（乳膠床墊+零壓枕頭+手機投屏+品牌洗護）:HK$281']"
保山喜加源大酒店,9.5,"['標準單間:HK$194', '標準雙人間:HK$194', '豪華標間:HK$201', '特惠雙床房:HK$201']"
雲山民宿（百花嶺店）,8.7,"['悦鳥閣（102標準雙床房）:HK$204', '桃源閣—雲棲閣（舒適雙床房）:HK$249', '棲鳥閣（103親子雙床房）:HK$249', '暖心閣—山景閣（舒適大床房）:HK$249']"
保山永昌大酒店,9.4,"['商務雙床房:HK$402', '小童主題標間:HK$435', '商務大床房:HK$440', '行政大床房:HK$577', '全景大床房:HK$577', '小童主題大床房:HK$577']"
保山青華湖發展大廈湖景酒店,9.3,"['高級大床房:HK$226', '行政大床房:HK$252', '行政雙床房:HK$252', '行政親子房:HK$252']"
雲上四季尚品酒店（保山板橋古鎮店）,9.4,"['雙床房:HK$164', '商務大床房:HK$172', '高級雙床房:HK$181', '高級大床房:HK$189']"
錦順天華酒店（保山客運站永昌路店）,9.4,"['新風大床房:HK$154', '輕享大床房:HK$173', '輕享雙床房:HK$173', '輕奢雙床房:HK$193']"
保山富盈逸林花園酒店（五洲國際廣場高鐵站店）,9.7,"['雲端行政大床房:HK$260', '精英行政雙床房:HK$260', '逸林商旅温馨雙床房丨高速WIFI:HK$271', '逸林商旅温馨大床房丨高速雙WiFi:HK$271', '康逸花園雙床房丨花園景觀丨頸椎護理枕:HK$282']"
拾花一境海景酒店（保山青華海濕地公園店）,9.5,"['城景大床房（180°城景+智能馬桶）:HK$210', '城景雙床房（180°城景+智能馬桶）:HK$213', '湖景雙床房（180°湖景+山水田園風光）:HK$228', '湖景浴缸大床房（湖景+全景浴缸）:HK$240']"
保山滿天星酒店,9.3,"['舒適大床房+全屋智能+中央空調+雲感睡眠:HK$151', '豪華雙床房+全屋智能+中央空調+雲感睡眠:HK$165', '豪華大床房+全屋智能+中央空調+雲感睡眠:HK$168', '豪華親子間+全屋智能+中央空調+雲感睡眠:HK$193']"
保山中庭酒店,9.9,"['智享.特惠大床房（智能客控＋大屏投影）:HK$228', '智享.特惠雙床房（智能客控＋大屏投影）:HK$239', '智享.優選大床房（智能客控＋大屏投影）:HK$251', '智享.優選雙床房（智能客控＋大屏投影）:HK$262']"
保山沐藝民宿,10.0,"['雅緻大床房-公共衞浴:HK$91', '舒適大床房-公共衞浴:HK$91', '清新大床房-公共衞浴:HK$91', '温馨親子雙床房:HK$119']"
保山璽澤酒店,9.1,"['精品舒適大床房:HK$336', '精品舒適雙床房:HK$355', '標準大床房:HK$382']"
保山景辰酒店,9.0,"['行政大床房:HK$187', '行政雙床房:HK$191', '高級大床房:HK$196', '高級雙床房:HK$200']"
保山青華海官房花園酒店,9.6,"['西湖園雅緻大床房:HK$555', '西湖園雅緻雙床房:HK$555', '東湖園靜謐温泉浴缸雙床房:HK$648', '東湖園靜謐温泉浴缸大床房:HK$648', '西湖園雅緻套房:HK$817', '西湖園雅緻親子套房:HK$817']"
保山康浩商旅酒店（九龍店）,9.0,"['特惠大床房:HK$114', '簡約大床房:HK$141', '木色雙床房:HK$146', '雅意大床房（智能輕享）:HK$152']"
眾鑫大酒店（板橋古鎮青龍街店）,9.4,"['特惠雙床房:HK$183', '標準雙床房:HK$208', '標準大床房:HK$211', '豪華雙人間:HK$218']"
樂晨酒店（保山辛街店）,9.6,"['樂享特惠房:HK$130', '悦享大床房:HK$152', '悦享雙床房:HK$152', '高級大床房:HK$185']"
保山正東商務酒店,9.0,"['特價大床房:HK$167', '高級大床房:HK$191', '高級雙床房:HK$191', '豪華單人間:HK$238']"
