酒店名称,评分,房型价格列表
愛帕民宿（白沙湖店）,9.0,"['湖棲別院一室一廳圓床房（全屋地暖）:HK$1,308', '湖棲別院雙床房（全屋地暖）:HK$1,308', '別墅一室一廳圓床庭院房（全屋地暖+製氧機+加濕器）:HK$1,417', '別墅庭院雙床房（全屋地暖+製氧機+加濕器）:HK$1,417', '別墅兩室一廳庭院套房（全屋地暖+製氧機+加濕器）:HK$2,291']"
喀拉庫勒湖不周山營地公園,9.6,"['慕峯湖景大床房（絕美雪山+製氧機）:HK$1,289', '雪山湖景大床房（絕美雪山＋製氧機）:HK$1,507', '雪山湖景雙床房（絕美景觀＋製氧機）:HK$1,507', '星空觀景套房（完美景色+製氧機）:HK$2,272']"
阿圖什浙東大酒店,9.5,"['高級雙床房:HK$251', '高級大床房:HK$251', '商務大床房:HK$293', '商務雙床房:HK$293', '景觀大床房:HK$358']"
格林豪泰酒店（阿圖什香港城美食街店）,9.5,"['智能雙床房（全屋智能＋加濕器＋藝術博士睡眠床墊）:HK$257', '智能大床房（全屋智能＋加濕器＋藝術博士睡眠床墊）:HK$268', '商務高級大床房（小度智能客控＋可投屏＋加濕器）:HK$426', '商務高級雙床房（小度智能客控＋可投屏＋加濕器）:HK$426']"
美豪麗致酒店（烏恰人民廣場店）,9.0,"['麗致山景雙床房:HK$344', '麗致山景大床房:HK$351', '雅緻山景大床房:HK$411', '靜雅山景雙床房:HK$450', '雅緻山景雙床房:HK$459']"
全季酒店（阿圖什店）,9.5,"['大床房（冰箱·65寸投屏電視·恆温馬桶·金可兒床墊）:HK$288', '高級大床房（冰箱·65寸投屏·恆温馬桶·金可兒床墊）:HK$335', '商務大床房（冰箱·65寸投屏·恆温馬桶·金可兒床墊）:HK$372', '高級雙床房（冰箱·65寸投屏·恆温馬桶·金可兒床墊）:HK$400']"
慕雲營地（喀拉庫勒湖店）,10.0,"['息羽靜謐雙床房+製氧機:HK$1,255', '棲雲九別雙床房+絕美山景+製氧機:HK$2,128', '慕峯靜謐大床房+絕美山景+製氧機:HK$2,128', '慕峯湖景大床房+絕美山景湖景+製氧機:HK$2,565']"
克州國際大酒店（克孜勒蘇柯爾克孜自治州博物館店）,9.8,"['優享大床房:HK$462', '尊享大床房:HK$499', '尊享雙床房:HK$536', '舒心大床房:HK$574', '舒心雙床房:HK$611']"
阿圖什逸居酒店,9.8,"['逸棲風雅丨內景雙床房:HK$212', '逸棲風雅丨內景大床房:HK$222', '逸風古韻丨內景維風大床房:HK$253', '逸風古韻丨內景維風雙床房:HK$253']"
克州帕米爾大酒店,9.5,"['特惠大床房:HK$388', '特惠雙床房:HK$388', '豪華雙床房:HK$603', '豪華大床房:HK$622', '行政套房:HK$816']"
橙芷·白沙湖,8.5,"['大床房:HK$618', '豪華雙床房:HK$829', '親子套房:HK$1,077', '豪華套房:HK$2,048']"
漢庭酒店（阿圖什店）,9.4,"['大床房（65寸投屏電視·恆温馬桶·金可兒床墊羽絨被）:HK$251', '高級大床房（65寸投屏電視·恆温馬桶·金可兒床墊）:HK$297', '高級雙床房（65寸投屏電視·恆温馬桶·金可兒床墊）:HK$344', '商務雙床房（65寸投屏電視·恆温馬桶·金可兒床墊）:HK$381']"
熱巴的家,9.5,"['榻榻米公主房:HK$416', '標準雙床房:HK$431', '豪華大床房:HK$462', '豪華套房:HK$824']"
阿克陶縣帕米爾國際大酒店,8.7,"['標準雙床間:HK$249', '標準大床房:HK$249', '大床房:HK$267', '豪華大床房:HK$277']"
君享豪庭酒店,9.3,"['特惠大床房:HK$205', '商務大床房:HK$216', '商務雙床房:HK$216', '輕奢雙床房:HK$227']"
遇見慕士塔格公路酒店,9.6,"['山谷大床房|彌散式製氧設備+金可兒床墊+大赫電地暖:HK$1,577', '山谷雙床房|彌散式製氧設備+金可兒床墊+大赫電地暖:HK$1,762', '雪山湖景雙床房|彌散式製氧設備+金可兒床墊+大赫電地暖:HK$2,319', '雪山湖景大床房|彌散式製氧+金可兒床墊+大赫電地暖:HK$2,505', '山谷套房|彌散式製氧設備+金可兒床墊+大赫電地暖:HK$2,571', '親子山谷套房|彌散式製氧設備+金可兒床墊+大赫電地暖:HK$2,965']"
愛帕度假酒店（白沙湖店）,8.0,"['標準大床房:HK$512', '標準雙床房:HK$512', '豪華標準間（電地暖）:HK$545', '景觀大床房（電地暖）:HK$545']"
御景雅居酒店,9.5,"['雅居大床房:HK$511', '雅居雙人間:HK$587', '豪華雙床房:HK$751']"
楨中古城酒店（阿克陶古城遺址店）,10.0,"['舒適雙床房:HK$203', '大床房:HK$219', '湖景雙床房:HK$235', '湖景大床房:HK$259']"
騎仕國際酒店,8.6,"['特價房:HK$217', '豪華大床房:HK$257', '尊享大床房:HK$257', '豪華雙床房:HK$257']"
烏恰國際商務中心,8.5,"['商務標間:HK$194', '行政標間:HK$260', '商務單間:HK$293', '行政套房:HK$633']"
烏恰清源酒店,8.9,"['特惠標準間:HK$273', '標準雙床房:HK$307', '標準大床房:HK$307', '標準三人間:HK$385']"
蘇格慕麗酒店,8.3,"['大床房:HK$231', '標準雙床房:HK$242', '三人間:HK$271']"
速8精選酒店（阿克陶店）,8.9,"['標準大床房:HK$162', '標準雙床房:HK$162', '商務大床房:HK$172', '高級大床房:HK$182']"
西極鉑悦假日酒店,8.9,"['西極時光特價標準間:HK$397', '西極時光雙床房（智能語音管家+裸棉布草）:HK$509', '西極時光大床房（智能語音管家+裸棉布草）:HK$509', '西極霞光豪華大床房（智能語音管家+裸棉布草）:HK$564']"
IU酒店（阿克陶店）,9.5,"['小U·舒適大床房:HK$194', '小U·舒適雙床房:HK$195', 'U+零壓大床房:HK$222', 'U+零壓雙床房:HK$231']"
阿合奇縣賓館,8.5,"['標準大床房:HK$372', '標準雙床房:HK$372', '套房:HK$488']"
木吉千家牧家樂民宿,7.6,['標準雙床房:HK$320']
阿克陶川西客棧,8.2,"['單人間:HK$151', '標準大床房:HK$158', '普通標間:HK$166', '舒適標間:HK$182']"
億森酒店,8.2,"['特惠單人房:HK$250', '標準雙床房:HK$285', '舒適大床房:HK$285', '雅緻大床房:HK$320']"
葱嶺山居民宿,8.8,"['青旅-高級雙人間（公共衞浴）:HK$255', '塔吉克幾何民宿-玉樓小築:HK$589', '塔吉克幾何房-杏花煙雨:HK$589', '塔吉克幾何房-山迴路轉:HK$589']"
塔爾鄉東歸驛站（杏花谷遊客中心店）,8.0,"['三人間（無獨立衞生間）:HK$435', '大床房:HK$467', '標準雙床房:HK$467', '商務套房:HK$742']"
塔爾花兒永遠都這樣紅農家旅館,9.5,"['雙人間（公共洗手間）:HK$217', '家庭房（公共洗手間）:HK$806']"
阿合奇縣鑫鏵陽商務賓館,8.3,"['經濟雙人間:HK$113', '悦享標間:HK$165', '兄弟聯排雙人間:HK$204', '優享商務雙人間:HK$238']"
阿圖什亞星大酒店,8.6,[]
東方酒店（喀什機場迎賓大道店）,9.3,"['智能大床房:HK$352', '智能雙床房:HK$415', '東方大床房:HK$443', '東方高級雙床房:HK$466', '東方高級大床房:HK$470']"
喀什HIYO喜域天台花園民宿,9.6,"['花園大床房（零壓床墊+智能馬桶+獨立空調+品質床品 ）:HK$400', '喜域大床房（零壓床墊+智能馬桶+品質床品 ）:HK$400', '花園榻榻米房（零壓床墊+智能馬桶+獨立空調+地暖）:HK$430', '花園雙床房（零壓床墊+智能馬桶+獨立空調+品質床品 ）:HK$476']"
棲香園民宿館（喀什香妃園景區店）,9.8,"['高級大床房:HK$470', '高級雙床房:HK$502', '豪華大床房:HK$502', '豪華雙床房:HK$535']"
漢庭酒店（喀什古城迎賓大道店）,9.8,"['大床房[喜臨門床墊+護頸記憶枕+智能馬桶]:HK$320', '高級大床房[喜臨門床墊+護頸記憶枕+智能馬桶]:HK$348', '高級雙床房[喜臨門床墊+護頸記憶枕+智能馬桶]:HK$348', '家庭房[喜臨門床墊+護頸記憶枕+智能馬桶]:HK$385']"
喀什大學新泉校區亞朵X酒店,10.0,"['高級大床房（電視投屏+全智能馬桶+小冰箱）:HK$295', '行政大床房（電視投屏+全智能馬桶+小冰箱）:HK$360', '行政雙床房（電視投屏+小冰箱+全智能馬桶）:HK$369', '幾木雙床房（電視投屏+全智能馬桶+小冰箱）:HK$385', '幾木大床房（電視投屏+全智能馬桶+小冰箱）:HK$388']"
悦客之家民宿（喀什香妃園景區店）,9.9,"['悦客豪華大床房:HK$196', '悦客特色大床房:HK$219', '悦客豪華雙床房:HK$230', '悦客特色雙床房:HK$265']"
疆徠民宿（喀什博物館店）,9.6,"['且末·雅居大床房（投影儀+公共衞浴）:HK$483', '墨山·榻榻米房（投影儀+公共衞浴）:HK$489', '依耐·臻品大床房（投影儀+公共衞浴）:HK$544', '烏壘·靜雅大床房（投影儀+公共衞浴）:HK$544']"
拾光牧歌民宿（喀什博物館店）,9.7,"['西域小鎮丨精品大床房（極米投影儀+哈曼卡頓音響+電動投影布）:HK$324', '塔里木丨精品雙床房（極米投影儀+哈曼卡頓音響+電動投影布）:HK$665', '慕士塔格丨精品大床房（極米投影儀+哈曼卡頓音響+電動投影布）:HK$665', '喀什噶爾丨精品雙床房（極米投影儀+哈曼卡頓音響+電動投影布）:HK$665']"
速8精選酒店（騎仕大觀園喀什徠寧國際機場店）,9.5,"['標準大床房:HK$187', '標準雙床房（智能窗簾+優質採光+品質床墊）:HK$187', '商務大床房（智能窗簾+優質採光+品質床墊）:HK$208', '商務雙人房（智能窗簾+優質採光+品質床墊）:HK$208']"
維也納酒店（喀什徠寧國際機場店）,9.9,"['高級大床房:HK$326', '豪華大床房:HK$402', '豪華雙床房:HK$433', '商務大床房:HK$458']"
格林豪泰酒店（喀什機場店）,9.4,"['商務大床房:HK$213', '商務高級大床房:HK$223', '商務雙床房:HK$232', '商務高級雙床房:HK$243']"
喀什菲蘭特國際酒店,9.4,['特價高級雙床房:HK$265']
蘭歐·尚品酒店（喀什徠寧國際機場店）,10.0,"['智能經典大床房:HK$270', '智能經典雙床房:HK$270', '智能豪華大床房:HK$312', '智能豪華雙床房:HK$312']"
麗楓酒店（喀什火炬大廈小亞郎濕地公園店）,9.3,"['私密||雅緻大床房:HK$307', '純凈||自然雙床房:HK$334', '甄選||景觀家庭房:HK$384', '相愛||豪華大床房:HK$878']"
香菲雅舍民宿影宿（喀什徠寧國際機場喀什火車站店）,7.4,"['沐曦大床房（巨幕投影+手機投屏）:HK$209', '暖陽標準間（巨幕投影+手機投屏）:HK$228', '雲夢大床房（巨幕投影+手機投屏）:HK$381']"
