酒店名称,评分,房型价格列表
璞悦酒店（包頭賽罕塔拉城中草原青山區政府店）,9.6,"['舒睡大床房:HK$229', '舒睡雙床房:HK$240', '雅緻雙床房:HK$273', '雅緻大床房（鵝絨被+足浴養生桶）:HK$273']"
包頭雲舍酒店（國際會展中心天福廣場店）,9.4,"['特色大床房「全屋智能+雅蘭零壓床墊+深睡好眠」:HK$283', '古典大床房「花草紋樣+雅蘭零壓床墊+智能客控」:HK$304', '野奢雙床房「巖畫圖案+雅蘭零壓床墊+全屋智能」:HK$304', '蒙古包大床房「勞斯萊斯星空頂+雅蘭零壓床墊」:HK$304']"
包頭賓館 （國賓樓）,8.6,"['國賓樓-高級標間:HK$391', '國賓樓-高級單間:HK$391', '國賓樓-智能商務單間:HK$424', '國賓樓-智能商務標間:HK$424', '國賓樓-家庭套間:HK$491']"
包頭世茂大酒店,8.9,"['尊尚商務大床房:HK$252', '雅緻商務雙床房:HK$329', '悠眠零壓大床房:HK$369', '幻彩主題大床房:HK$413', '蝶影夢境雙床房:HK$424']"
包頭青山賓館迎賓樓,9.6,"['高級太空艙大床房-置身秀美園林景觀:HK$706', '高級大床房-城市中的園林景緻:HK$756', '高級雙床房-城市中的園林景緻:HK$756', '豪華太空艙大床房-豪享270度園林美景:HK$769', '豪華大床房-欣賞城市靜謐中的園林景緻:HK$898', '豪華雙床房-欣賞城市靜謐中的園林景緻:HK$898']"
包頭君悦酒店（包百王府井店）,9.2,"['悦心大床房:HK$156', '悦享大床房:HK$191', '商務雙床房:HK$235', '夢百合零壓大床房:HK$281']"
DOMAINE·德爾曼酒店（包頭青山區萬達廣場店）,9.7,"['曼選大床房「超安靜好睡眠•亞朵款深眠床墊&優質床品」:HK$188', '曼悦大床房「亞朵款深眠床墊•小冰箱•投屏電視•城景」:HK$198', '曼悦雙床房「亞朵款深眠床墊•小冰箱•投屏電視•城景」:HK$198', '曼悦套房「一室一廳&獨立會客&衣帽區•深眠床墊•城景」:HK$256', '曼雅大床房「亞朵款深眠床墊•小冰箱•投屏電視•城景」:HK$424']"
包頭燕然酒店,9.7,"['馨居大床房（高端普蘭特床墊+淋浴乾濕分離+可投屏）:HK$315', '馨居雙床房（高端普蘭特床墊+淋浴乾濕分離+可投屏）:HK$326', '宜居大床套房（高端普蘭特床墊+淋浴乾濕分離+可投屏）:HK$436']"
錦頤優選酒店（包頭稀土高新區店）,9.6,"['小童大床房「慕思床墊+舒睡好眠+朗樂福乳膠枕」:HK$320', '小童雙床房「慕思床墊+舒睡好眠+朗樂福乳膠枕」:HK$320', '雅緻大床房「慕思床墊+Sevenplus高端洗護+高空夜景」:HK$396', '雅緻雙床房「慕思床墊+朗樂福乳膠枕+舒享沙發」:HK$396']"
譽京朋賓館（包頭一機店）,9.6,"['韓式主題房:HK$169', '大床房:HK$187', '標準間:HK$187', '特惠標準間:HK$199']"
包頭晶龍酒店,9.6,"['智能大床房:HK$297', '智能雙床房:HK$297', '影音大床房:HK$319', '智能家庭房:HK$360']"
維也納3好酒店（包頭包鋼店）,9.5,"['標準雙床房（維也納愉夢床墊+加濕器）:HK$176', '標準大床房（維也納愉夢床墊+加濕器）:HK$186', '高級雙床房（維也納愉夢床墊+加濕器）:HK$217', '高級大床房（維也納愉夢床墊+加濕器）:HK$224']"
東臨儷舍酒店（包頭火車站科技大學店）,8.5,"['夕陽美景影院大床房「全屋智能 零壓床墊 俯瞰夜景」:HK$204', '夕陽美景大床房「全屋智能 夢百合零壓床墊 俯瞰夜景」:HK$204', '凌空觀景大床房「全屋智能 夢百合零壓床墊 俯瞰夜景」:HK$225', '凌空觀景雙床房「全屋智能 夢百合零壓床墊 俯瞰夜景」:HK$225']"
銀際酒店（包頭市青山王府井文化路店）,9.1,"['悦享大床房（零壓床墊+零壓記憶枕+電視可投屏）:HK$299', '悦享雙床房（零壓床墊+零壓記憶枕+電視可投屏）:HK$315', '潮派雙床房（零壓床墊+零壓記憶枕+電視可投屏）:HK$358', '行政大床房（零壓床墊+零壓記憶枕+電視可投屏）:HK$360', '270°陽光凌空城景大床房:HK$394']"
五象臻悦酒店（包頭萬達銀河廣場店）,9.1,"['「木槿｜榻榻米」零壓床墊·全屋智能·MINI冰箱·高清投屏:HK$228', '「靜謐系｜Luxury大床房」4K巨幕影院·VIP影視·零壓床墊·洗烘一體·全屋智能:HK$232', '「靜謐系｜大床房」4K巨幕影院•VIP影視•零壓床墊•全屋智能:HK$246', '「180°摩登系｜商務雙床房」4K巨幕影院·零壓床墊·記憶枕芯·全屋智能:HK$273']"
包頭香格里拉大酒店,9.3,"['豪華雙床房 -阿爾丁植物園園景:HK$819', '豪華大床房 – 銀河廣場城市景:HK$819', '海洋主題大床房:HK$1,025', '海洋主題雙床房:HK$1,025', '沙漠主題大床房:HK$1,025', '草原主題大床房:HK$1,025']"
包頭凱賓酒店,9.1,"['商娛大床房5層:HK$196', '商務大床:HK$249', '商務雙床:HK$261', '行政大床:HK$294', '行政雙床:HK$304']"
如家商旅酒店（包頭東站中心醫院店）,9.3,"['大床房:HK$204', '商務大床房:HK$212', '安心睡0壓大床房:HK$245', '雙床房:HK$255']"
包頭茂業萬豪酒店,9.4,"['豪華大床房-繁華都市城景:HK$861', '豪華雙床房-繁華都市城景:HK$861', '尊貴雙床房--靜享城市日出:HK$924', '尊貴大床房-遠眺城市美景:HK$924', '行政大床房-遠眺城市天際線:HK$1,115', '行政雙床房--遠眺城市天際線:HK$1,115']"
如家精選酒店（包頭鋼鐵大街王府井店）,9.7,"['大床房（投屏電視+零壓床墊+小沙發）:HK$253', '雙床房（投屏電視+零壓床墊+小沙發）:HK$253', '高級大床房（投屏電視+零壓床墊+小沙發）:HK$262', '高級雙床房（投屏電視+零壓床墊+小沙發）:HK$262']"
海廈酒店（包頭師範學院科學路店）,9.5,"['鴻瑞雙床房「國風元素」:HK$180', '鴻致大床房「國風元素」:HK$191', '鴻悦大床房「國風元素」:HK$198', '鴻運雙床房「國風元素榻榻米」:HK$221']"
包頭路程酒店（昆都侖區包百商業步行街店）,9.7,"['豪華雙床房（小度全屋聲控+零壓床墊）:HK$238', '超級大床房（小度全屋聲控+純棉面巾）:HK$238', '雅緻大床房（小度全屋聲控+超大頂噴）:HK$278', '高級雙床房（小度全屋聲控+乾濕分離）:HK$279']"
包頭九原大廈酒店,9.4,"['高級大床房:HK$564', '夢百合零壓大床房（帶零壓床墊+記憶枕）:HK$577', '豪華大床房:HK$600', '豪華雙床房:HK$600', '高級雙床房:HK$620', '行政大床房:HK$676']"
ALAN·銀際酒店（包頭市九原政府機場店）,9.3,"['覓靜大床房（親膚床品+舒睡枕）:HK$229', '雅緻雙床房（親膚床品+舒睡枕+負離子吹風機）:HK$240', '雅緻大床房（親膚床品+舒睡枕+負離子吹風機）:HK$252', 'Alan街景雙床房（舒睡枕+香氛加濕器+休閑椅）:HK$262', 'Ａlan街景大床房（舒睡枕+香氛加濕器+休閑椅）:HK$273']"
萬信酒店（包頭會展中心店）,8.8,"['商務大床房-俯瞰城市美景:HK$227', '商務雙床房-沐浴陽光:HK$227', '智能雙床房-全屋智控:HK$236', '智能大床房-全屋智控:HK$236']"
全季酒店（包頭鋼鐵大街萬達廣場店）,9.7,"['雙床房（投屏+小冰箱）:HK$367', '商務雙床房（投屏+小冰箱）:HK$396', '高級大床房（投屏+小冰箱）:HK$396', '商務大床房（投屏+小冰箱）:HK$433']"
錦頤優選酒店（包頭萬達店）,9.6,"['榻榻米「慕思床墊+榻榻米茶台+電視投屏」:HK$339', '雅緻大床房「慕思床墊+sevenplus高端洗護+舒睡好眠」:HK$363', '高級大床房「慕思床墊+sevenplus高端洗護+電視投屏」:HK$386', '高級雙床房「慕思床墊+sevenplus高端洗護+電視投屏」:HK$386']"
維也納國際酒店（包頭正翔國際店）,9.4,"['標準雙床房（維也納之夢床墊）:HK$231', '標準大床房（維也納之夢床墊）:HK$240', '高級雙床房（維也納之夢床墊）:HK$249', '高級大床房（維也納之夢床墊）:HK$258']"
包頭國際會展中心亞朵酒店,9.7,"['雅緻大床房（投屏電視+語音客控+智能馬桶）:HK$457', '高級大床房（投屏電視+語音客控+智能馬桶）:HK$493', '行政雙床房（投屏電視+語音客控+智能馬桶）:HK$493', '行政大床房（投屏電視+語音客控+智能馬桶）:HK$519', '幾木大床房（投屏電視+語音客控+智能馬桶+小冰箱）:HK$547']"
錦江都城酒店（包頭鋼鐵大街萬達廣場店）,9.4,"['時尚大床房【智能馬桶+投屏電視+觀景飄窗茶台】:HK$288', '時尚雙床房【智能馬桶+投屏電視+觀景飄窗茶台】:HK$288', '精緻大床房【智能馬桶+投屏電視+觀景飄窗茶台】:HK$315', '精緻雙床房【智能馬桶+投屏電視+觀景飄窗茶台】:HK$325', '風雅大床房【智能馬桶+投屏電視+觀景飄窗茶台】:HK$347']"
尊悅ZROYAL設計師酒店（正翔國際萬達廣場店）,9.4,"['『城市景觀大床房』勞斯萊斯星空頂·75寸電視:HK$327', '『觀景浴缸大床房』浴缸·無線快充·夢百合零壓床墊:HK$327', '『奢華精英大床房』寶格麗水杯·享意大利沙發·75寸電視:HK$327', '『設計師奢華大床房』寶格麗水杯·水滴龍頭·雙面盆:HK$327', '『設計師奢華三床房』寶格麗水杯·180°城市觀景:HK$327']"
包頭禧瑞都酒店（團結大街店）,9.7,"['舒享雙床房[夢百合零壓床+小度智控+手機投屏]:HK$206', '雅緻大床房[一次性面巾.浴巾+夢百合零壓床+手機投屏]:HK$219', '沉浸式觀影大床房[騰訊視頻VIP+手機投屏+小度智控]:HK$226', '沉浸式觀影雙床房[騰訊視頻VIP+手機投屏+小度智控]:HK$226', '舒享大床房[一次性面巾.浴巾+夢百合零壓床+手機投屏]:HK$233']"
希岸·輕雅酒店（包頭青山萬達廣場店）,9.4,"['希岸高級雙床房（55寸智能投屏+MINI冰箱+化粧鏡+零壓記憶枕）:HK$291', '希岸高級大床房（MINI冰箱+化粧鏡+零壓記憶枕）:HK$291', '希岸豪華大床房（55寸智能投屏+智能客控+MINI冰箱+化粧鏡+零壓記憶枕）:HK$330', '希岸豪華雙床房（智能馬桶+MINI冰箱+零壓記憶枕）:HK$330']"
桔子酒店（包頭文化路王府井店）,10.0,"['高級大床房（投屏電視觀影+小冰箱+金可兒床墊）:HK$346', '雙床房（投屏電視觀影+小冰箱+金可兒床墊）:HK$365', '商務大床房（投屏電視觀影+小冰箱+金可兒床墊）:HK$383', '高級雙床房（投屏電視觀影+小冰箱+金可兒床墊）:HK$402']"
赫瀾詩藝術酒店（包頭青山區萬達廣場店）,9.5,"['星空藝術電影大床房｜打卡香奈兒♦幻影星空頂♦奢享新風:HK$327', '頂奢藝術雙床房｜MLILY0壓床墊♦甄選品質浴袍♦舒睡好眠:HK$337', '藝術星空城景大床房｜香奈兒風♦魅影星空頂♦戴森風機:HK$348', '至尊藝術大床房｜75寸電視♦鑽石水杯♦15W無線快充♦舒眠:HK$360']"
如家艾扉酒店（包頭機場火車東站店）,9.4,"['艾扉商務大床房（藍牙音箱+乳膠床墊）:HK$183', '艾扉特色大床房（藍牙音箱+乳膠床墊）:HK$183', '艾扉雙床房（藍牙音箱+乳膠床墊）:HK$191', '艾扉高級大床房（藍牙音箱+乳膠床墊）:HK$224']"
你好酒店（包頭民族東路店）,9.3,"['大床房:HK$261', '高級大床房:HK$280', '高級雙床房:HK$280', '商務大床房:HK$289']"
錦江都城酒店（包頭火車站科技大學店）,9.6,"['時尚商務房（零壓床墊+記憶枕+香氛精油+加濕器）:HK$268', '精緻商務房（零壓床墊+記憶枕+香氛精油+加濕器）:HK$284', '精緻雙床房（零壓床墊+記憶枕+香氛精油+加濕器）:HK$284', '風雅商務房（零壓床墊+記憶枕+香氛精油+加濕器）:HK$308', '風雅雙床房（零壓床墊+記憶枕+香氛精油+加濕器）:HK$308']"
馨致酒店（包頭火車站金融廣場店）,9.6,"['智控優享雙床房:HK$283', '智控優享大床房:HK$305', '智控輕享商務雙床房:HK$327', '智控悦享商務大床房:HK$351']"
麗楓酒店（包頭萬達廣場店）,9.4,"['豪華大床房（慕思床墊+空氣凈化器+全屋智能）:HK$448', '景觀大床房（慕思床墊+空氣凈化器+全屋智能）:HK$474', '浪漫優享房（慕思床墊+空氣凈化器+全屋智能）:HK$491', '豪華雙床房（慕思床墊+空氣凈化器+全屋智能）:HK$500']"
克麗斯汀酒店（包頭一機集團店）,9.7,"['優選大床房:HK$305', '優選雙床房:HK$305', '行政雙床房:HK$346', '行政大床房:HK$368']"
陌上輕雅酒店（包頭九原萬達廣場會展中心店）,9.5,"['風韻大床房【親膚布草+無線投屏+舒睡床墊+智能客控】:HK$185', '品學大床房【如睡雲端親膚布草+慕思舒睡床墊+親膚浴袍+智能客控】:HK$248', '雅緻雙床房【慕思舒睡床墊+超大茶台+手機投屏】:HK$288', '雅緻大床房【辦公桌椅+慕思舒睡床墊+智能客控+手機投屏】:HK$310', '靜逸·國粹雙床套房【娛樂機麻+礦泉暢飲+慕思舒睡床墊+智能客控】:HK$351']"
宸浦酒店（包頭會展中心天福廣場店）,9.5,"['悦享·智能觀景大床房「全屋智能 夢百合零壓床墊 深睡好眠」:HK$249', '雅享·智控零壓大床房「夢百合零壓床墊+深睡好眠」:HK$265', '尊享·智控雙床房「母子床+夢百合零壓床墊」:HK$283', '雅享·智控浴缸大床房:HK$311']"
全季酒店（包頭青山區文化路店）,9.7,"['雙床房（投屏電視+小冰箱+智能馬桶）:HK$391', '高級大床房（投屏電視+小冰箱+智能馬桶）:HK$422', '商務大床房（投屏電視+小冰箱+智能馬桶）:HK$452', '家庭房（投屏電視+小冰箱+智能馬桶）:HK$522']"
包頭光輝假日酒店（青山區人民政府店）,8.5,"['美式大床房:HK$358', '美式雙床房:HK$358', '豪華商務套房:HK$653', '豪華家庭套房:HK$730', '喜結連理套房:HK$731']"
包頭海德酒店（鋼鐵大街昆區政府店）,9.3,"['特價大床房『舒適睡眠』:HK$349', '特價雙床房『舒適睡眠』:HK$349', '商務大床房『加濕器』:HK$404', '豪華大床房『加濕器』:HK$459', '豪華雙床房『加濕器』:HK$459']"
包頭凱仕悅華酒店（萬達廣場第二附屬醫院師範學院店）,9.3,"['優選大床房:HK$274', '藍光影音房:HK$285', '茶香禪房:HK$297', '智慧高級雙床房:HK$343']"
錦頤優選酒店（包頭東站店）,9.8,"['智能雅緻大床房（慕思床墊+智能客控+恆温馬桶）:HK$307', '智能高級大床房（慕思床墊+智能客控+恆温馬桶）:HK$330', '智能高級雙床房（慕思床墊+智能客控+深睡記憶枕）:HK$341', '智能影音大床房（慕思床墊+智能客控+恆温馬桶）:HK$341']"
維也納國際酒店（包頭火車站店）,9.4,"['標準雙床房（維也納愉夢床墊+加濕器+休閑沙發）:HK$260', '標準大床房（維也納愉夢床墊+加濕器+休閑沙發）:HK$269', '高級雙床房（維也納愉夢床墊+加濕器+休閑沙發）:HK$277', '高級大床房（維也納愉夢床墊+加濕器+休閑沙發）:HK$286']"
錦頤優選酒店（包頭奧林匹克公園店）,9.6,"['雅緻大床房 - 無窗「慕思床墊+工夫茶具＋深睡好眠」:HK$330', '雅緻大床房 - 內景窗「慕思床墊+智能馬桶＋深睡好眠」:HK$341', '影音大床房 - 無窗「慕思床墊+智能投屏＋朗樂福」:HK$351', '高級大床房「慕思床墊+乾濕分離＋工夫茶具」:HK$392']"
