酒店名称,评分,房型价格列表
曙光薇酒店（南京夫子廟老門東店）,9.6,"['氧吧安睡大床房:HK$365', '高級大床房:HK$403', '高級雙床房:HK$433', '豪華大床房:HK$464', '豪華雙床房:HK$505']"
南京棲霞山涵田棲雲山房酒店,9.4,"['禪·悦大床房:HK$575', '禪·悦雙床房:HK$575', '禪·院房-雅緻庭院雙床房:HK$614', '問禪·園林山景雙床房:HK$1,130', '問禪·園林山景大床房:HK$1,130', '山野主題雙床房-複式星河帳篷探險:HK$1,216']"
格林東方酒店（南京祿口機場店）,9.6,"['零壓智能大床房:HK$429', '舒眠零壓智能雙床房:HK$430', '舒眠零壓智能大床房:HK$449', '舒眠零壓智能家庭房:HK$456']"
世紀緣酒店（南京江寧東南大學店）,9.5,"['精緻雙床房:HK$392', '高級雙床房:HK$414', '高級大床房:HK$414', '豪華大床房:HK$435', '豪華雙床房:HK$436']"
孜圖酒店（南京夫子廟景區店）,9.3,"['歸一大床房（零壓床墊+智能投屏）:HK$429', '一休大床房（零壓床墊+智能投屏）:HK$474', '二舍大床房（零壓床墊+智能投屏）:HK$483', '三生大床房（零壓床墊+智能投屏）:HK$547', '四季雙床房（零壓床墊+智能投屏）:HK$547']"
南京西安門智選假日酒店,9.4,"['高級房 超大床 天井內窗:HK$434', '高級房 雙床 天井內窗:HK$434', '高級房 天井內窗:HK$434', '高級房超大床（外窗）:HK$475', '高級房雙床（外窗）:HK$505']"
禧映酒店（南京夫子廟景區老門東店）,9.3,"['尖微大床房 | 65寸智能投屏電視·全景窗:HK$337', '禧悦大床房 | 65寸智能投屏電視·零壓深睡床品:HK$369', '星空榻榻米房 | 65寸智能投屏電視·仰望星空天窗:HK$411', '禧映潮玩電競房 | I7·4070S·32G海盜船·海景房機箱:HK$422']"
南京中山陵風景區麒麟門地鐵站桔子水晶酒店,9.8,"['高級大床房（迷你冰箱+智能客控+無線投屏）:HK$378', '大床房:HK$378', '高級雙床房（迷你冰箱+智能客控+無線投屏）:HK$378', '商務大床房（迷你冰箱+智能客控+無線投屏）:HK$397', '商務雙床房（迷你冰箱+智能客控+無線投屏）:HK$397']"
南京奧體博覽中心美居酒店,9.7,"['標準雙床房:HK$672', '標準大床房:HK$692', '豪華雙床房:HK$713', '豪華大床房:HK$732', '嘉賓大床房:HK$773']"
建國·璞隱酒店（南京夫子廟步行街店）,9.5,"['詠蘭居大床房A[新中式風格+投屏電視]:HK$457', '詠蘭居大床房[新中式風格+投屏電視]:HK$475', '凌霜居雙床房[新中式風格+投屏電視]:HK$493', '暗香居大床房[新中式風格+投屏電視]:HK$502', '幽篁居雙床房[新中式風格+投屏電視]:HK$538']"
沐江南酒店（南京新街口地鐵站友誼廣場店）,9.2,"['智能舒適大床房:HK$366', '智能高級大床房:HK$414', '智能高級雙床房:HK$444', '智能豪華大床房:HK$474']"
寬渡酒店（南京老門東店）,9.5,"['精緻榻榻米房:HK$258', '雅緻大床房:HK$388', '雅緻雙床房:HK$410', '商務大床房:HK$463']"
無同·CHINAR酒店（南京夫子廟店）,9.5,"['紙鳶·大床房:HK$686', '煙歸·城景大床房:HK$751', '雲錦·靜謐家庭房:HK$795', '青黛·街景家庭房:HK$860', '烏衣·花園庭院房:HK$1,057']"
南京泛悅廣場城際酒店,9.8,"['城際高級房-大床（裸睡床品+智能客控+Mini吧）:HK$592', '城際豪華房-大床（裸睡床品+智能客控+Mini吧）:HK$622', '城際豪華房-雙床（裸睡床品+智能客控+Mini吧）:HK$642', '城際行政房-大床（裸睡床品+智能客控+Mini吧）:HK$663', '城際行政房-雙床（裸睡床品+智能客控+Mini吧）:HK$682']"
南京南站逸扉酒店,9.5,"[""高級大床房『Peet's膠囊Coffee機+智能投屏+小冰箱』:HK$457"", ""高級雙床房『Peet's膠囊Coffee機+智能投屏+小冰箱』:HK$457"", ""豪華雙床房『Peet's膠囊Coffee機+智能投屏+小冰箱』:HK$490"", ""豪華大床房『Peet's膠囊Coffee機+智能投屏+小冰箱』:HK$490"", ""行政大床房『戴森吹風機+Peet's膠囊Coffee機+小冰箱』:HK$577""]"
古南都逸居酒店（南京新街口德基廣場店）,9.4,"['逸居大床房:HK$390', '逸居雙床房:HK$390', '公寓大床房:HK$404', '禪茶·雅韻雙床房:HK$461']"
南京金帆萬源酒店（新街口上海路店）,9.5,"['輔樓臻享大床房:HK$326', '高級大床房:HK$392', '商務大床房:HK$392', '高級陽光大床房:HK$423', '高級陽光雙床房:HK$423']"
夜泊秦淮·太傅樓酒店（南京夫子廟老門東店）,9.5,"['雅居·尊享特價大床房（serta舒達深眠舒睡乳膠床墊）:HK$522', '雅居·秦淮賞月觀景大床房 （serta舒達深眠舒睡乳膠床墊）:HK$565', '鶴林玉露·尊享特價雙床房:HK$565', '金陵·八方雅士舒享豪華大床房（浴缸+serta舒達深眠舒睡乳膠床墊）:HK$588']"
全季酒店（南京軟件大道地鐵站店）,9.6,"['雙床房（65寸電視投屏|智能馬桶）:HK$456', '大床房（65寸電視投屏|智能馬桶）:HK$477', '高級大床房（65寸電視投屏|智能馬桶）:HK$487', '舒壓雙床房（65寸電視投屏|智能馬桶）:HK$498']"
建國·璞隱酒店（南京中山陵景區梧桐大道店）,9.6,"['暗香居大床房·新中式風温暖雅居+投屏電視+智能客控:HK$514', '凌霜居雙床房·新中式風温暖雅居+投屏電視+智能客控:HK$540', '詠蘭居大床房 · 新中式風榻榻米+投屏電視+智能客控:HK$576', '暗香居景觀大床房·新中式風陽光庭院+投屏電視+智能客控:HK$576', '幽篁居雙床房·新中式風陽光庭院+投屏電視+智能客控:HK$603']"
南京金陵飯店,9.5,"['金陵樓經典豪華雙床房:HK$742', '金陵樓經典豪華大床房:HK$742', '金陵樓城景豪華大床房:HK$788', '金陵樓逸緻豪華雙床房（煥新設計）:HK$881', '金陵樓逸緻豪華大床房:HK$881', '金陵樓典雅商務大床房:HK$1,067']"
和頤酒店（南京博物院明故宮地鐵站店）,9.4,"['大床房A（中式風格）:HK$275', '大床房（中式風格）:HK$316', '雙床房A（中式風格）:HK$316', '雙床房（中式風格）:HK$332']"
宜尚酒店（南京夫子廟地鐵站店）,9.6,"['舒適大床房『零壓床墊+全屋智能客控』:HK$405', '標準大床房『零壓床墊+全屋智能客控』:HK$427', '高級大床房『零壓床墊+全屋智能客控』:HK$443', '高級雙床房『零壓床墊+全屋智能客控』:HK$450']"
南京寧歸來金陵山水酒店（祿口機場店）,9.0,"['山水精緻單人房:HK$194', '山水温馨單人房:HK$216', '山水温馨雙床房:HK$216', '山水舒適套房:HK$378']"
吉爾福德酒店,9.5,"['高級大床房:HK$701', '豪華家庭房:HK$781', '豪華大床房:HK$786', 'Loft大床房:HK$828', '河景豪華大床房:HK$869']"
南京夫子廟庭冉雲居酒店,9.6,"['香·甘松雙床房（智能客控+絲漣床墊+歐瓏洗護沐）:HK$479', '香·月麟大床房（智能客控+絲漣床墊+歐瓏洗護沐）:HK$505', '棋-玄素大床房:HK$514', '香·鵝梨雙床房（智能客控+絲漣床墊+歐瓏洗護沐）:HK$540', '香·聞思大床房（智能客控+雙人浴缸+歐瓏洗護沐）:HK$645']"
文驛·晉酒店（南京鼓樓廣場雞鳴寺店）,9.6,"['雅居·休閑大床房（智能客控+新風系統+健脊優眠床墊）:HK$409', '雅軒·舒適大床房（智能客控+新風系統+健脊優眠床墊）:HK$505', '麗居·高級大床房（智能客控+新風系統+健脊優眠床墊）:HK$597', '麗軒•景觀大床房（智能客控+新風系統+健脊優眠床墊）:HK$631', '麗居•高級雙床房（智能客控+新風系統+健脊優眠床墊）:HK$647']"
南京中心大酒店,9.6,"['麗景大床房:HK$566', '麗景雙床房:HK$575', '高級大床房:HK$678', '豪華大床房:HK$783', '豪華家庭房:HK$941', '豪華行政房:HK$941']"
南京新街口總統府頤景臻選酒店,9.3,"['智能影音榻榻米·新風·聲控·Mini小冰箱·極米投影:HK$291', '智能影音大床房·新風·聲控·Mini小冰箱·極米投影:HK$309', '智能臻選大床房·新風·聲控·Mini小冰箱·極米投影:HK$318', '陽光落地大床房·聲控·Mini小冰箱·極米投影·落地窗:HK$337']"
江蘇飯店（南京新街口常府街地鐵站店）,9.4,"['鐘山丨商務大床房·靜謐儒雅風:HK$435', '頌雅丨豪華雙床房·電熱毛巾架:HK$445', '秦淮丨商務雙床房·舒享超寬雙床:HK$464', '悦景丨豪華套房:HK$502', '紫金丨特色風情房·私享大空間·硬控民國風:HK$569']"
清沐·禮酒店（南京總統府大行宮地鐵站店）,9.3,"['智能精選大床房:HK$315', '智能舒適大床房:HK$338', '智能高級大床房:HK$360', '智能精選雙床房:HK$370']"
水上樓酒店（南京夫子廟老門東店）,9.5,"['秦淮.河景露台景觀大床房:HK$358', '秦淮.庭院河景精緻大床房:HK$382', '秦淮.河景巨幕大床房:HK$383', '巨幕觀影大床房:HK$383']"
南京頤和芥子園酒店,9.5,"['北院豪華大床間:HK$751', '北院高級雙床房:HK$771', '南園豪華大床房:HK$805', '北院特色大床間:HK$904', '南園特色大床間:HK$1,046', '北院親子特色大床間:HK$1,233']"
南京中山陵逸扉酒店,9.7,"['園景高級大床房:HK$534', '園景豪華大床房:HK$577', '園景豪華雙床房:HK$621', '庭院度假行政大床房:HK$730', '園景度假親子家庭房:HK$730']"
清沐鉑金酒店（南京理工大學中山陵景區店）,9.6,"['智能高級大床房【全屋新風・智能語音聲控・智能馬桶・小冰箱】:HK$274', '智能鉑金大床房【全屋新風 · 智能語音聲控 · 智能馬桶 · 小冰箱】:HK$306', '智能豪華大床房【智能語音聲控 · 智能馬桶 · 小冰箱 · 外窗】:HK$342', '智能豪華雙床房【智能語音聲控 · 智能馬桶 · 小冰箱 · 外窗】:HK$389']"
南京南站北廣場亞朵酒店,9.6,"['高級大床房（空氣凈化器＋智能馬桶）:HK$465', '高級雙床房（空氣凈化器＋智能馬桶）:HK$465', '行政大床房（小冰箱＋智能馬桶）:HK$501', '行政雙床房（小冰箱＋智能馬桶）:HK$501', '幾木大床房（小冰箱＋智能馬桶）:HK$556']"
美璟大酒店（南京光華路苜蓿園大街店）,9.6,"['舒適大床房:HK$200', '舒適雙床房:HK$217', '豪華氧吧大床房:HK$234', '豪華氧吧雙床房:HK$250']"
南京阿爾卡迪亞國際酒店,9.2,"['豪華園景標間:HK$391', '豪華園景大床房:HK$391', '豪華湖景大床房:HK$448', '豪華湖景標間:HK$468', '智眠豪華園景大床房:HK$486', '商務園景大床房:HK$495']"
南京夫子廟夜泊秦淮君亭酒店（大戲院店）,9.6,"['民國電影高級大床房:HK$653', '民國電影豪華大床房:HK$718', '民國電影豪華雙床房:HK$751', '民國風情巨幕影院雙床房:HK$784', '民國風情四季大床房:HK$969', '民國風情巨幕影院大床房:HK$990']"
南京夫子廟老門東漫心府,9.8,"['雅緻大床房:HK$612', '心悦.高級大床房:HK$663', '心悦.高級雙床房:HK$672', '河畔.觀景雙床房:HK$742', '心享.豪華家庭房:HK$763']"
和頤至尚酒店（南京新街口廣場店）,9.5,"['和頤大床房【中式風格+投屏電視+新風系統】:HK$359', '和頤商務大床房【中式風格+投屏電視】:HK$394', '和頤雙床房【中式風格+投屏電視】:HK$411', '商務大床房【歐式風格+投屏電視+智能客控】:HK$438', '高級大床房【歐式風格+投屏電視+智能客控】:HK$473']"
和頤至尚酒店（南京鼓樓玄武湖店）,9.5,"['商務大床房A:HK$350', '雙床房A:HK$359', '高級大床房:HK$375', '雙床房:HK$385', '高級雙床房:HK$410']"
大地君悦酒店（南京總統府大行宮地鐵站店）,9.4,"['舒適大床房:HK$302', '温馨大床房:HK$324', '商務大床房:HK$355', '高級大床房:HK$371']"
世紀緣國際會議中心（百家湖1912店）,9.4,"['特惠單間:HK$356', '特惠標準間:HK$356', '高級商務標準間:HK$415', '豪華景觀大床房:HK$456', '豪華景觀雙床房:HK$456']"
全季酒店（南京鼓樓廣場店）,9.7,"['大床房:HK$374', '高級大床房:HK$394', '雙床房:HK$413', '高級雙床房:HK$433']"
南京湯山涵田·悦酒店,9.7,"['雅緻大床房:HK$749', '尊享雙床房:HK$851', '尊享家庭房:HK$1,463', '堅定的錫兵親子主題房:HK$1,526', '雅緻套房:HK$1,567', '尊享温泉私湯套房:HK$1,671']"
桔子酒店（南京新街口德基廣場店）,9.4,"['高級大床房:HK$421', '商務大床房:HK$452', '高級雙床房:HK$472', '景觀大床房:HK$491']"
全季酒店（南京夫子廟店）,9.5,"['大床房【拾趣茶具+天竺葵芳香洗沐浴露】:HK$369', '高級大床房【拾趣茶具+天竺葵芳香洗沐浴露】:HK$397', '商務大床房【拾趣茶具+天竺葵芳香洗沐浴露】:HK$415', '高級雙床房【拾趣茶具+天竺葵芳香洗沐浴露】:HK$463']"
南京青庭酒店（仙林大學城店）,9.7,"['高級大床房:HK$326', '高級雙床房:HK$349', '豪華景觀大床房:HK$394', '豪華家庭房:HK$478']"
南京夫子廟夜泊秦淮君亭酒店（金陵書畫院店）,9.7,"['秦淮河畔街景四季大床房:HK$762', '秦淮河畔街景四季雙床房:HK$762', '秦淮河畔街景庭院房:HK$981', '秦淮河景大床房:HK$1,308', '秦淮河畔街景家庭房:HK$1,515']"
