酒店名称,评分,房型价格列表
南充嘉舟麗港酒店,9.3,"['普通單間:HK$345', '普通標間:HK$345', '園林單間（9號樓）:HK$436', '園林標間（9號樓）:HK$436', '商務江景單間:HK$497', '商務江景標間:HK$497']"
麗溪酒店（南充高坪機場安漢廣場店）,9.2,"['高級大床房:HK$184', '標準大床房:HK$203', '豪華大床房:HK$230', '純凈大床房:HK$277', '豪華套房:HK$333']"
南充碧桂園鳳悦鳳凰酒店,9.6,"['靜雅陽台大床房:HK$394', '靜雅陽台雙床房:HK$401', '園景陽台大床房:HK$426', '園景陽台雙床房:HK$435', '歡樂親子家庭房:HK$708', '寵物友好大床房:HK$869']"
南充故鄉酒店（1227廣場店）,9.4,"['故鄉精品房:HK$226', '豪華大床房:HK$261', '豪華雙床房:HK$261', '尊享大床房:HK$290']"
南充團結大酒店（泰閤中心火車站店）,8.7,"['特價大床房:HK$125', '舒適大床房:HK$144', '舒適雙床房:HK$144', '高級大床房:HK$153']"
南充天勝酒店（泰閤中心南充火車站店）,9.2,"['精緻雙床房【全景落地窗+貴妃椅+乾濕分離】:HK$185', '精緻大床房【全景落地窗+貴妃椅+乾濕分離】:HK$195', '雅緻雙床房【智能客控+高空城景+深度好眠】:HK$206', '雅緻大床房【超大床墊+高空城景+深度好眠】:HK$216', '豪雅雙床房【歐式風格+全景落地窗+智能客控】:HK$247']"
南充高坪凱悦嘉軒酒店,9.5,"['大床房:HK$478', '雙床房:HK$479', '江景大床房:HK$555', '江景雙床房:HK$555', '豪華大床房:HK$620', '尊享大床房:HK$686']"
南充萬泰大酒店（西華師大行署校區店）,9.6,"['安靜好眠大床房:HK$249', '安靜好眠雙床房:HK$249', '優享舒睡雙床房:HK$277', '悦享城景大床房:HK$305', '悦享城景雙床房:HK$305']"
南充明宇豪雅東方花園酒店,9.4,"['經典雙床房（園林景觀）:HK$324', '經典大床房（山景）:HK$349', '東方雙床房（全景陽台）:HK$363', '東方大床房（森林山景）:HK$392', '豪雅雙床房（靜謐城景）:HK$402', '豪雅大床房（園林景大床）:HK$451']"
宜尚酒店（南充泰閤中心南充火車站店）,9.5,"['舒適大床房（榻榻米+高層）:HK$188', '舒適雙床房（隱祕空間+安靜舒適）:HK$198', '標準大床房（城景視野+舒適布藝沙發）:HK$226', '城景大床房（俯瞰城景風光+高層全景+安靜）:HK$234']"
威思頓酒店（南充火車站店）,9.6,"['【悦享】榻榻米大床房｜零壓床墊｜智能客控:HK$163', '【特惠】舒適大床房｜零壓床墊｜智能客控:HK$174', '【悦享】標準雙床房｜零壓床墊｜智能客控:HK$186', '【優享】榻榻米大床房｜零壓床墊｜智能客控:HK$197']"
N6藝術空間酒店（南充不夜城店）,9.5,"['輕奢大床房:HK$307', '高級雙床房:HK$307', '豪華雙床房:HK$325', '妙趣童心親子房:HK$389', '智雅景觀套房:HK$1,626']"
南充金鴻大酒店,9.4,"['商務標間:HK$321', '商務單間:HK$321', '豪華標間:HK$358', '豪華單間:HK$358', '行政標間:HK$395']"
如家商旅酒店（南充西華師範大學店）,9.3,"['商務大床房:HK$183', '雙床房:HK$183', '高級雙床房:HK$200', '高級大床房:HK$200']"
閲曼湖畔酒店（嘉陵南湖凱旋廣場店）,9.7,"['閲享安睡大床房[零壓床墊｜智能客控］:HK$206', '舒享安睡大床房【零壓床墊｜智能客控】:HK$240', '閲澤雙床房【零壓床墊｜智能客控】:HK$261', '閲茗茶藝大床房【零壓床墊｜智能客控】:HK$293']"
全季酒店（南充西巷文化商業街店）,9.6,"['高級大床房:HK$352', '高級雙床房:HK$352', '商務大床房:HK$381', '商務雙床房:HK$381']"
南充天龍國際酒店,8.7,"['商務單間:HK$139', '商務標間:HK$139', '行政標間:HK$163', '豪華單間:HK$182', '行政單間:HK$186']"
南充天府尚雅酒店,9.4,"['旅行者客房（靜謐舒適）:HK$336', '探索雙床房（150度江景｜俯瞰三橋夜景）:HK$355', '尚雅江景雙床房（180度全江景｜高空視野）:HK$403', '探索大床房（150度江景｜俯瞰三橋夜景）:HK$432', '尚雅江景大床房（180度全江景｜高空視野）:HK$461', '俱樂部雙床房（高空璀璨夜景｜遠眺江景）:HK$480']"
興宇瑞廷西郊S酒店,9.4,"['行政單間:HK$253', '城景行政大床房:HK$275', '豪華怡景雙床房:HK$275', '豪華行政雙床房:HK$275', '豪華行政大床房:HK$301']"
南充閲曼酒店（西華師範大學店）,9.7,"['閲享安睡大床房｜零壓床墊｜智能客控:HK$215', '【閲澤】舒享安睡大床房|零壓床墊|智能客控:HK$224', '閲暢&園景雙床房:HK$224', '閲和&園景親子房:HK$246', '閲澤&園景安睡大床房:HK$257']"
友豪大酒店（南充高坪店）,8.8,"['零壓舒睡大床房（智能客控+乳膠床墊+親膚床品）:HK$130', '零壓舒睡雙床房（智能客控+乳膠床墊+辦公桌）:HK$140', '180°全視野景觀雙床房（智能客控＋舒睡枕+零壓床墊）:HK$150', '行政新中式套房（智能客控+休閑沙發+浴缸化粧鏡）:HK$170']"
楓霖酒店（南充火車北站店）,9.7,"['安睡大床房（新風系統+零壓床墊）:HK$194', '特惠大床房（智能客控）:HK$196', '特惠雙床房（智能客控）:HK$196', '精緻雙床房（智能客控+零壓床墊+55寸可投屏電視）:HK$208']"
南充羅曼酒店（西華師範大學華鳳校區店）,9.0,"['曼逸大床房（智能客控+零壓床墊）:HK$202', '曼悦大床房（智能客控+零壓床墊）:HK$215', '曼雅雙床房（智能客控+零壓床墊）:HK$235', '曼享豪華大床房（智能客控+零壓床墊）:HK$268']"
南充禪驛鳳儀院子,9.8,"['【葉驚秋】福袋大床房:HK$339', '南風丨花朝大床房:HK$493', '錦覓丨清隱雙床房:HK$493', '見山丨與光大床房:HK$557', '雲隱丨琴瑟雙床房:HK$557']"
海月酒店（南充1227廣場店）,9.1,"['海月輕享丨大床房:HK$117', '海月輕享丨雙床房:HK$117', '海月舒享丨雙床房:HK$124', '海月舒享丨大床房:HK$124']"
南充天來大酒店,8.9,"['精緻標間:HK$360', '城景標間:HK$381', '城景特色單間:HK$425', '精緻江景標間:HK$436', '雅緻江景標間:HK$458', '豪華江景標間:HK$480']"
南充大酒店,9.1,"['行政單間:HK$255', '行政標間:HK$255', '行政特價標間:HK$255', '行政特價單間:HK$255', '商務單間:HK$321']"
漢庭酒店（南充濱江大道店）,9.7,"['大床房:HK$227', '高級雙床房:HK$227', '高級大床房:HK$246', '城景大床房:HK$264']"
凱里亞德酒店（南充嘉陵店）,9.5,"['輕享雙床房:HK$234', '輕享大床房:HK$234', '優享雙床房:HK$251', '優享大床房:HK$251', '榮享雙床房:HK$269']"
途麥開心酒店（南充高坪機場店）,9.5,"['舒心│ 特惠大床房:HK$302', '貼心│ 特惠雙床房:HK$302', '暖心│ 高級大床房:HK$317', '順心│ 高級雙床房:HK$317']"
維也納酒店（南充高坪機場川北醫學院店）,9.7,"['高級雙床房:HK$217', '豪華大床房:HK$234', '豪華雙床房:HK$241', '商務大床房:HK$266']"
南充天悦·山海公寓,9.3,"['日出日落城景房:HK$208', '財源滾滾棋牌房:HK$229', '茶香榻榻米房:HK$229', '和風全景雙床房:HK$255']"
江悦酒店（南充中虹國際店）,9.7,"['全智能|簡約大床房（全屋智能+超清影音）:HK$195', '暢享影音|城景大床房（全屋智能+超清影音）:HK$205', '觀日出|江景大床房（全屋智能+超清影音）:HK$215', '宜丨90°全景大床房（全屋智能+超清影音）:HK$226']"
明仁酒店（南充王府井店）,9.3,"['安心大床房:HK$191', '安心雙床房:HK$191', '高級雙床房:HK$208', '豪華大床房:HK$208', '高級大床房:HK$208']"
南充華羅麗景大酒店,9.2,"['高空城景商務雙床房:HK$205', '浮雲高空豪華雙床房:HK$225', '浮雲江景大床房:HK$245', '浮雲高空智能大床房:HK$258']"
南充客來登酒店（金融中心萬達廣場店）,9.0,"['陽光大床房:HK$207', '拾光慢享大床房:HK$231', '清逸悦途雙床房:HK$231', '夢嶼舒眠大床房:HK$255']"
南充貝殼酒店（總商會大廈店）,9.2,['雅緻雙床房:HK$141']
南充江南酒店,9.2,"['特價大床房:HK$114', '精品雙床房:HK$134', '精品大床房:HK$134', '行政雙床房:HK$143']"
南充太陽城精品酒店（五星花園1227購物廣場店）,9.1,"['靜雅精品大床房（酒店提供洗衣房）:HK$136', '靜雅精品雙床房（酒店提供洗衣房）:HK$136', '靜雅特惠大床房（酒店提供洗衣房）:HK$137', '清悦精品大床房（酒店提供自助洗衣）:HK$184']"
麗楓酒店（南充西華師大店）,9.8,"['自在大床房:HK$260', '自在雙床房:HK$260', '商務大床房:HK$287', '商務雙床房:HK$287']"
君逸酒店（恆大綠洲店）,9.9,"['逸.悦享圓床房:HK$163', '君.心享大床房:HK$185', '逸.優享大床房:HK$196', '君.靜雅大床房:HK$207']"
佳鑫電競酒店,9.1,"['簡約雙床房:HK$111', '影音大床房:HK$111', '電競大床房（RTX4060+13代i5+2K顯示屏）:HK$113', '簡約大床房:HK$123']"
南充安宿民宿,10.0,"['豪華套房:HK$?', '201豪華大床房:HK$?', '温馨大床房:HK$?', '雅緻大床房:HK$?']"
摩雲電競酒店（川北醫學院店）,9.4,"['私享單人大床房-3080顯卡LOL特權+洗衣烘乾機+智能家居:HK$210', '歡暢電競雙床房-3080顯卡LOL特權+洗衣烘乾機+智能家居:HK$232', '女神電競雙床房-3080顯卡LOL特權+洗衣烘乾機+智能家居:HK$232', '甜蜜電競大床房-3080顯卡LOL特權+洗衣烘乾機+智能家居:HK$240']"
南充龍城酒店,9.3,"['商務大床房:HK$173', '尊享商務大床房:HK$195', '商務標間:HK$205', '寬奢機麻大床房:HK$205']"
南充鳳儀灣嘉舟麗港酒店,9.3,"['水鎮精品標間:HK$316', '水鎮精品單間:HK$316', '木屋湖景標間:HK$432', '木屋湖景單間:HK$432', '水鎮園林單間:HK$546', '水鎮園林標間:HK$546']"
紳士大酒店（1227購物廣場店）,9.2,"['紳士舒適大床房:HK$249', '紳士悦雅雙床房:HK$263', '紳士觀景大床房:HK$277', '紳士靜眠大床房:HK$294']"
金燕精品酒店,9.1,"['精品大床房:HK$125', '舒適雙床房:HK$128', '豪華大床房:HK$141', '圓床房:HK$187']"
依墁家民宿（宏凌俊峯店）,9.6,"['暖居投影大床房:HK$161', '不晚投影大床房:HK$163', '樂源Loft投影大床房:HK$175', '清風投影大床房:HK$175']"
南充銘尚酒店,9.3,['豪華商務標準間:HK$204']
