酒店名称,评分,房型价格列表
合肥樂富強鉑悦酒店,9.7,"['豪華雙床房:HK$587', '豪華大床房:HK$620', '豪華精選雙床房:HK$631', '豪華精選大床房:HK$664', '星際漫遊親子主題房:HK$762', '浪漫公主親子房:HK$762']"
合肥栢景朗廷酒店,9.8,"['豪華雙床房:HK$905', '豪華大床房:HK$905', '臨空城景豪華大床房:HK$999', '雲端城景行政大床房:HK$1,149', '雲端城景行政雙床房:HK$1,149', '180°臨空行政全景大床房:HK$1,160']"
合肥淮河路步行街市府廣場亞朵酒店,9.8,"['高級大床房-智能客控-65寸可投屏電視:HK$385', '高級雙床房-智能客控-65寸可投屏電視:HK$385', '行政大床房-智能客控-65寸可投屏電視:HK$412', '行政雙床房-智能客控-65寸可投屏電視:HK$412', '幾木大床房-智能客控-65寸可投屏電視-深睡PRO記憶枕:HK$439']"
中央公園酒店（合肥南站駱崗公園店）,9.7,"['沁馨·景觀大床房 [歐舒丹洗護用品+西門子洗烘一體機]:HK$620', '沁馨·景觀雙床房 [歐舒丹洗護用品+西門子洗烘一體機]:HK$620', '沁境·靜謐豪華套房 [歐舒丹洗護套裝+西門子洗烘一體機+星巴克Coffee機+Dreame負離子吹風機]:HK$653', '沁境·靜謐私享套房[40m²超大客廳+歐舒丹洗護套裝+西門子洗烘一體機+星巴克Coffee機]:HK$762', '沁境·靜謐甄選套房[45㎡超大客廳+私享35㎡茶室+歐舒丹洗護套裝+科勒浴缸+西門子洗烘一體機]:HK$871', '沁園·庭院豪華房[獨立32㎡庭院+歐舒丹洗護套裝+西門子洗烘一體機+Dreame負離子吹風機]:HK$871']"
合肥洲際酒店,9.8,"['高級雙床房:HK$1,002', '高級特大床房:HK$1,002', '高級特大床花園景觀房:HK$1,091', '高級雙床城市景觀房:HK$1,091', '行政特大床房:HK$1,347', '行政雙床房:HK$1,347']"
合肥君悦酒店,9.8,"['君悦豪華大床房:HK$1,180', '君悦豪華雙床房:HK$1,180', '嘉賓軒豪華雙床房:HK$1,614', '嘉賓軒豪華大床房:HK$1,614', '嘉賓軒尊享大床房:HK$2,071', '君悦豪華套房:HK$2,514']"
安徽高速徽風皖韻酒店,9.8,"['高級大床房:HK$632', '高級雙床房:HK$632', '精選大床房:HK$654', '豪華大床房:HK$741', '行政雙床房:HK$960', '行政大床房:HK$960']"
合肥高鐵南站北廣場怡程酒店,9.8,"['智能高級大床房（雅蘭床墊+中式茶具+迷你冰箱）:HK$311', '影院高級大床房（雅蘭床墊+中式茶具+百寸影屏）:HK$335', '智能商務大床房（雅蘭床墊+中式茶具+迷你冰箱）:HK$359', '智能商務雙床房（雅蘭床墊+中式茶具+迷你冰箱）:HK$383', '智能豪華大床房（雅蘭床墊+中式茶具+迷你冰箱）:HK$406']"
季晶酒店（駱崗中央公園店）,9.5,"['商務大床房「氧吧+智能馬桶+65寸大電視+可投屏」:HK$298', '高級雙床房「氧吧+65寸電視可投屏+智能馬桶+舒睡空間」:HK$320', '高級大床房「氧吧+4k大屏可投屏+全屋聲控+功夫茶具」:HK$320', '景觀大床房「氧吧+小冰箱+65寸大電視+可投屏+陽光滿屋」:HK$333']"
合肥明珠瑞士酒店,9.6,"['城景豪華特大床房:HK$515', '城景豪華雙床房:HK$515', '瑞士精選特大床房:HK$561', '瑞士行政特大床套房:HK$644', '瑞士精選親子特大床房:HK$831', '豪華套房:HK$1,263']"
合肥淮河路步行街泓瑞美居酒店,9.7,"['高級雙床房（小冰箱+金可兒床墊+65寸投屏電視）:HK$351', '標準大床房（小冰箱+金可兒床墊+65寸投屏電視）:HK$369', '高級大床房（小冰箱+金可兒床墊+65寸投屏電視）:HK$388', '豪華雙床房（小冰箱+金可兒床墊+65寸投屏電視）:HK$388', '豪華大床房（小冰箱+金可兒床墊+65寸投屏電視）:HK$416']"
合肥長江西路科學大道地鐵站亞朵酒店,9.6,"['雅緻大床房（可投屏）:HK$385', '高級雙床房（可投屏）:HK$385', '高級大床房（可投屏）:HK$403', '行政雙床房（可投屏、小冰箱）:HK$403', '行政大床房（可投屏、小冰箱）:HK$430']"
合肥新橋國際機場希爾頓歡朋酒店,9.7,"['高級雙床房:HK$539', '荷里活大床房:HK$539', '舒適大床房:HK$552', '高級大床房:HK$552', '豪華雙床房:HK$615']"
合肥西站四里河華爾頓酒店,9.5,"['精緻大床房:HK$434', '雅緻大床房:HK$445', '麗致大床房:HK$456', '精緻雙床房:HK$467', '雅緻雙床房:HK$478']"
FunGee歡致酒店（合肥淮河路步行街銀泰中心店）,9.7,"['歡言大床房（55寸投屏電視+舒達零壓床墊+小冰箱）:HK$327', '歡欣雙床房（55寸投屏電視+舒達零壓床墊+小冰箱）:HK$337', '歡悦大床房（55寸投屏電視+舒達零壓床墊+小冰箱）:HK$348', '歡暢雙床房（55寸投屏電視+舒達零壓床墊+小冰箱）:HK$359', '歡喜影院榻榻米房（星空頂+100寸高清投屏投影儀+小冰箱）:HK$370']"
安徽世紀金源大飯店,9.3,"['高級大床房:HK$479', '高級雙床房:HK$479', '高級休閑套房:HK$607', '豪華雙床房:HK$676', '豪華大床房:HK$676', '行政豪華間:HK$686']"
曙光薇酒店（合肥天鵝湖店）,9.8,"['廬居城景雙床房:HK$458', '廬居城景大床房:HK$509', '望舒天景雙床房:HK$559', '望舒天景大床房:HK$608', '顧盼心景寬卧房:HK$608']"
合肥創新產業園雲飛路天源迪科國際會議中心酒店,9.6,"['特惠大床房:HK$328', '特惠雙床房:HK$328', '高級大床房:HK$348', '高級雙床房:HK$348', '商務大床房:HK$424']"
合肥世紀緣國際酒店（高新區汽車西站地鐵站店）,9.3,"['特惠大床房:HK$238', '商務大床房（全景落地窗+衞生間乾濕分離+小冰箱）:HK$263', '商務雙床房（全景落地窗+衞生間乾濕分離+小冰箱）:HK$263', '豪華大床房（全景落地窗+小冰箱）:HK$284', '豪華雙床房（全景落地窗+小冰箱）:HK$284']"
合肥兩淮天鵝湖大酒店,9.6,"['高級雙床房:HK$429', '高級大床房:HK$429', '豪華城市景觀大床房:HK$462', '豪華城市景觀雙床房:HK$462', '夢百合0壓大床房:HK$483', '行政大床房:HK$517']"
曼居酒店（合肥濱湖方圓薈店）,10.0,"['曼享高級大床房（智能客控+電視投屏+喜臨門床墊）:HK$326', '曼享豪華大床房（智能客控+電視投屏+喜臨門床墊）:HK$370', '曼享豪華雙床房（智能客控+電視投屏+喜臨門床墊）:HK$402', '曼享行政大床房（智能客控+中式茶具+全景落地窗）:HK$469', '曼享行政雙床房（智能客控+中式茶具+全景落地窗）:HK$469']"
合肥濱湖希爾頓歡朋酒店,9.7,"['舒適雙床房:HK$450', '舒適大床房:HK$450', '高級園景雙床房:HK$478', '高級園景大床房:HK$478', '高級親子房:HK$508']"
合肥經開區希爾頓歡朋酒店,9.5,"['舒適大床房:HK$434', '舒適雙床房:HK$434', '高級雙床房:HK$478', '高級大床房:HK$478', '親子房:HK$500']"
合肥京商商貿城銅陵北路亞朵酒店,9.8,"['高級雙床房（可投屏）:HK$358', '高級大床房（可投屏）:HK$376', '行政雙床房（可投屏）:HK$394', '行政大床房（可投屏）:HK$412', '行政城景雙床房:HK$430']"
合肥銀泰君亭酒店（步行街店）,9.3,"['城景雙床房:HK$382', '城景大床房:HK$382', '豪華雙床房:HK$462', '豪華大床房:HK$462', '雙拼超寬大床房:HK$493', '全景浴缸概念房:HK$561']"
安徽民航君瀾大飯店,9.7,"['高級大床房:HK$410', '高級雙床房:HK$410', '豪華君瀾大床房:HK$477', '行政大床房:HK$509', '豪華套房:HK$785', '行政套房:HK$785']"
及早酒店,9.7,"['不一樣的複式大床房:HK$305', '現在好了-舒適特色雙床房【馬歇爾音響+戴森吹風機+金可兒床墊+可投屏】:HK$360', '捕捉24小時-LOFT複式特色大床房【馬歇爾音響+戴森吹風機+金可兒床墊】:HK$360', '舒適大床房-行吟時刻【馬歇爾音響戴森吹風機+可投屏】:HK$370', '慵懶愜意大床房 【馬歇爾音響+戴森吹風機】:HK$386']"
92·漫步雲景酒店（合肥高鐵南站店）,9.5,"['漫語·初識大床房【全屋語音客控丨65寸投屏電視】:HK$273', '漫語·初識雙床房【全屋語音客控丨65寸投屏電視】:HK$273', '漫選·朝露大床房【超大床丨護髮高速吹風機】:HK$294', '漫選·影音雙床房【高清巨幕投影丨拍照出片】:HK$294', '漫享·私湯大床房【臨窗浴缸丨智能馬桶】:HK$315']"
合肥廬陽萬象滙亞朵酒店,9.7,"['高級雙床房:HK$367', '高級大床房:HK$385', '行政雙床房:HK$403', '行政大床房:HK$421', '幾木大床房:HK$457']"
瑯盛國際酒店（合肥天鵝湖萬達廣場店）,9.6,"['精緻大床房:HK$272', '輕奢大床房:HK$301', '城景雙床房:HK$332', '尊享雅緻大床房:HK$332', '豪華商務湖景雙床房+全景落地:HK$369']"
合肥富力威斯汀酒店,9.5,"['威斯汀大床房:HK$994', '威斯汀雙床房:HK$994', '威斯汀豪華大床房:HK$1,038', '威斯汀豪華雙床房:HK$1,038', '豪華煥彩大床房:HK$1,158', 'B.duck小黃鴨主題親子房:HK$1,199']"
逍·ISVARA酒店（淮河路步行街店）,9.6,"['標準大床房（實木設計師家居+全屋智能語音控制）:HK$307', '隱海大床房（實木設計師家居+智能語音控制+新風系統）:HK$307', '高級大床房（實木設計師家居+智能語音控制+超大采光）:HK$340', '行政雙床房（實木設計師家居+全智能語音+超大落地窗）:HK$373', '逍遙大床房（實木設計師家居+榻榻米超大落地窗+浴缸）:HK$386']"
合肥市府廣場美居酒店,9.8,"['高級房-大床（小冰箱+65寸投屏電視+金可兒床墊）:HK$441', '高級房-雙床（小冰箱+65寸投屏電視+金可兒床墊）:HK$441', '豪華房-大床（小冰箱+65寸投屏電視+金可兒床墊）:HK$472', '豪華房-雙床（小冰箱+65寸投屏電視+金可兒床墊）:HK$472', '嘉賓房-大床（小冰箱+65寸投屏電視+金可兒床墊）:HK$522']"
合肥中科大港航美侖酒店,9.5,"['高級大床房:HK$371', '高級雙床房:HK$371', '商務雙床房:HK$402', '豪華雙床房:HK$421', '豪華大床房:HK$421']"
合肥濱湖富茂大飯店,9.8,"['靜享大床房（新風系統+高美洗護用品+超大浴缸）:HK$391', '舒享雙床房（獨立洗烘一體機+高美洗護用品+超大浴缸）:HK$446', '悦享雙床房（洗烘一體機+超大浴缸+金可兒護脊深睡床墊）:HK$485', '舒享大床房 （獨立洗烘一體機+智能馬桶+超大浴缸）:HK$497', '樂享雙床房（深睡記憶枕+護脊深睡床墊+高美洗護用品）:HK$522', '悦享大床房（獨立洗烘一體機+金可兒護脊深睡床墊）:HK$534']"
合肥中央公園上海路桔子水晶酒店,9.8,"['商務雙床房（小冰箱+65寸投屏電視+Sealy床墊）:HK$371', '大床房:HK$371', '高級大床房:HK$391', '商務大床房（小冰箱+65寸投屏電視+Sealy床墊）:HK$441', '豪華雙床房（小冰箱+65寸投屏電視+Sealy床墊）:HK$472']"
合肥萬象城奧體中心漫心酒店,9.8,"['心享豪華大床房（小冰箱+65寸投屏液晶電視+金可兒床墊）:HK$552', '心怡標準雙床房（小冰箱+65寸投屏液晶電視+金可兒床墊）:HK$572', '心夢尊享大床房（小冰箱+65寸投屏液晶電視+金可兒床墊）:HK$592', '心悦高級家庭房（小冰箱+65寸投屏液晶電視+金可兒床墊）:HK$603', '心享豪華家庭房（小冰箱+65寸投屏液晶電視+金可兒床墊）:HK$642']"
合肥西站四里河希爾頓歡朋酒店,9.7,"['舒適大床房（舒達專利床墊+科勒衞浴+人體工學座椅+辦公書桌）:HK$352', '舒適雙床房（舒達專利床墊+科勒衞浴+人體工學座椅+辦公書桌）:HK$352', '高級大床房（舒達專利床墊+科勒衞浴+人體工學座椅+辦公書桌）:HK$382', '高級雙床房（舒達專利床墊+科勒衞浴+人體工學座椅+辦公書桌）:HK$382', '豪華大床房（舒達專利床墊+科勒衞浴+小冰箱+人體工學座椅+辦公書桌）:HK$413']"
海貝聯盟酒店（合肥濱湖國際會展中心中央公園店）,9.4,"['商務大床房【高清投屏電視】:HK$294', '商務標準間【高清投屏電視】:HK$294', '海貝影視大床房【高清投屏電視】:HK$314', '海貝精品大床房【高清投屏電視】:HK$336', '海貝高級大床房【高清投屏電視】:HK$357']"
靜幽南·廬舍（合肥南站駱崗公園店）,9.8,"['庭院大床房:HK$743', '浴缸園景大床房:HK$853', '園景雙床房:HK$853', '庭院雙床房:HK$961', '浴缸庭院大床房:HK$1,071']"
合肥融創永樂半山酒店,9.4,"['豪華園景大床房:HK$461', '豪華園景雙床房:HK$461', '豪華湖景大床房:HK$517', '豪華湖景雙床房:HK$517', '行政湖景陽台雙床房:HK$645', '行政湖景陽台大床房:HK$645']"
合肥明珠廣場歐風街漫心酒店,9.8,"['心怡大床房（小冰箱+電視可投屏）:HK$397', '心悦景觀雙床房（小冰箱+電視可投屏）:HK$397', '心悦高級大床房（小冰箱+電視可投屏）:HK$417', '心享景觀雙床房（小冰箱+電視可投屏）:HK$437', '心享豪華大床房（小冰箱+電視可投屏）:HK$446']"
合肥明珠廣場桔子水晶酒店,9.8,"['商務雙床房（Sealy床墊+藍牙音響+徠芬吹風機+新風）:HK$402', '商務大床房（Sealy床墊+藍牙音響+徠芬吹風機+新風）:HK$402', '豪華雙床房（Sealy床墊+藍牙音響+徠芬吹風機+新風）:HK$431', '豪華大床房（Sealy床墊+藍牙音響+徠芬吹風機+新風）:HK$431', '行政大床房（Sealy床墊+藍牙音響+徠芬吹風機+新風）:HK$462']"
合肥高新曼斯頓尚品酒店（科學大道地鐵站店）,9.3,"['躺平治癒雙床房（落地窗+投屏電視）:HK$216', '温馨舒適大床房（落地窗+投屏電視）:HK$219', '躺平治癒大床房（小冰箱+落地窗+投屏電視）:HK$243', '設計師行政雙床房（小冰箱+辦公桌椅+投屏電視）:HK$254']"
合肥圩美宿集,9.3,"['悦讀·園景雙床房:HK$653', '悦讀·園景大床房:HK$653', '泊樵·複式雙床房:HK$872', '泊樵·園景大床房:HK$872', '泊樵·園景雙床房:HK$872', '漁舟·園景大床房:HK$872']"
合肥盛捷天鵝湖服務公寓,9.6,"['豪華單房公寓（特大床）:HK$548', '豪華單房公寓（雙床）:HK$560', '一房豪華套房:HK$627', '一房豪華套房（雙床）:HK$627', '一房豪華套婚慶主題房:HK$948']"
合肥濱湖融創樂園沈灣地鐵站亞朵酒店,9.6,"['雅緻大床房（可投屏）:HK$349', '高級大床房（可投屏）:HK$367', '高級雙床房（可投屏）:HK$367', '行政大床房（可投屏）:HK$394', '行政雙床房（可投屏）:HK$394']"
合肥正大廣場繁華大道亞朵X酒店,9.7,"['雅緻大床房（可投屏+小冰箱）:HK$367', '高級雙床房（可投屏+小冰箱）:HK$385', '高級大床房（可投屏+小冰箱）:HK$412', '高級園景大床房（帶陽台+可投屏+小冰箱）:HK$439', '行政雙床房（可投屏+小冰箱）:HK$439']"
麥庭鉑金酒店（合肥工業大學屯溪路校區大鐘樓店）,9.5,"['輕奢舒適大床房·乳膠床墊|乳膠枕頭:HK$213', '輕奢舒適雙床房·乳膠床墊丨乳膠枕頭:HK$213', '輕奢高級大床房·高速吹風機|商務卡座:HK$229', '輕奢高級雙床房·高速吹風機丨商務卡座:HK$229']"
合肥融創鉑爾曼酒店,9.3,"['高級大床房:HK$395', '高級雙床房:HK$395', '豪華湖景大床房:HK$440', '豪華湖景雙床房:HK$440', '行政大床房:HK$597', '行政雙床房:HK$597']"
合肥黃山大廈城市酒店（步行街店）,9.5,"['榻榻米房:HK$239', '舒適雙床房:HK$282', '舒適大床房:HK$317', '菁致雙床房:HK$347', '精選雙床房:HK$358']"
合肥天鵝湖大酒店,9.6,"['高級園景標間:HK$402', '豪華園景單間:HK$511', '高級湖景標間:HK$511', '豪華湖景標間:HK$621', '豪華湖景單間:HK$621', '天鵝湖景單間:HK$730']"
合肥古井假日酒店,9.4,"['商務大床房:HK$347', '高級大床房:HK$356', '高級雙床房:HK$356', '豪華房:HK$371', '豪華房-大床:HK$384', '豪華房-雙床:HK$384']"
合肥肥東高鐵站亞朵酒店,9.5,"['高級大床房:HK$323', '行政大床房:HK$340', '行政雙床房:HK$340', '行政城景大床房:HK$349', '行政城景雙床房:HK$349']"
合肥香格里拉大酒店,9.6,"['都市城景豪華大床房:HK$639', '都市城景豪華雙床房:HK$639', '都市城景尊榮大床房:HK$780', '雲端豪華閣豪華大床房:HK$874', '雲端豪華閣豪華雙床房:HK$874', '雲端豪華閣尊榮大床房:HK$1,109']"
合肥高新區創新產業園頤朵酒店,9.6,"['商務大床房:HK$294', '雅緻大床房:HK$349', '高級雙床房:HK$370', '高級大床房:HK$392', '行政雙床房:HK$403']"
HYGGE且漫酒店（合肥淮河路步行街銀泰中心店）,9.6,"['且歌大床房【新風系統+榻榻米+高清投影】:HK$186', '漫舞雙床房【新風系統+65寸電視投屏】:HK$191', '且觀大床房【榻榻米+高清投影】:HK$191', '漫思大床房【65寸電視投屏】:HK$206']"
合肥包河福朋喜來登酒店,9.3,"['傳統大床房:HK$480', '傳統雙床房:HK$480', '豪華大床房:HK$511', '豪華雙床房:HK$511', '豪華商務客房:HK$565', '精緻套房:HK$694']"
合肥戴斯温德姆酒店（淮河路步行街店）,9.5,"['高級大床房:HK$354', '高級雙床房:HK$386', '豪華大床房:HK$419', '豪華雙床房:HK$453', '行政大床房:HK$520']"
合肥三孝口希爾頓歡朋酒店,9.5,"['舒適大床房:HK$392', '高級雙床房:HK$412', '高級大床房:HK$421', '豪華雙床房:HK$450', '豪華大床房:HK$450']"
合肥高鐵西站東廣場華爾頓酒店,9.5,"['精緻大床房:HK$435', '雅緻大床房:HK$446', '麗致大床房:HK$457', '精緻雙床房:HK$468', '雅緻雙床房:HK$479']"
合肥南站希爾頓惠庭酒店,9.6,"['靈動雙床房（舒達床墊+智能馬桶+雙功能冰箱+膠囊coffee機）:HK$432', '靈動豪華雙床房（舒達床墊+智能馬桶+雙功能冰箱+膠囊coffee機）:HK$480', '靈動大床房（舒達床墊+智能馬桶+雙功能冰箱+膠囊coffee機）:HK$481', '靈動豪華大床房（舒達床墊+智能馬桶+雙功能冰箱+膠囊coffee機）:HK$539', '套房（舒達床墊+智能馬桶+雙功能冰箱+膠囊coffee機）:HK$874']"
合肥蜀山福朋喜來登酒店,9.1,"['傳統雙床房:HK$689', '傳統大床房:HK$689', '豪華雙床房:HK$740', '豪華大床房:HK$740', '精選豪華客房:HK$791', '行政雙床房:HK$893']"
一水灣温泉酒店（廬江湯池温泉度假區店）,9.2,"['東苑•普通雙床房:HK$205', '東苑•普通大床房:HK$205', '東苑•普通棋牌雙床套房:HK$402', '南苑•高級南苑私湯雙床房（室內單人温泉泡池）:HK$435']"
百花賓館（合肥淮河路步行街逍遙津店）,9.3,"['樂致雙床房:HK$202', '景緻大床房:HK$245', '菁致雙床房:HK$259', '靜致雙床房:HK$304']"
朗亭麗致酒店（合肥淮河路步行街銀泰中心店）,9.3,"['精緻英倫大床房丨國巢雙層床墊+蕎麥全棉雙面枕+50寸電視投屏:HK$201', '陽光麗致大床房丨國巢雙層床墊+蕎麥全棉雙面枕+50寸電視投屏+大窗高層夜景:HK$215', '華燈初上雙床房 | 國巢雙層床墊+蕎麥全棉雙面枕+55寸電視投屏+步行街夜景:HK$236', '浪幔影院大床房丨國巢雙層床墊+蕎麥全棉雙面枕+極米投影100寸投屏:HK$257']"
合肥廬陽希爾頓歡朋酒店,9.7,"['舒適大床房:HK$380', '舒適雙床房:HK$380', '高級大床房:HK$424', '高級雙床房:HK$424', '豪華大床房:HK$468']"
合肥栢景藝術酒店（安徽廣播電視台博物館店）,9.6,"['雅緻大床房:HK$414', '雅緻雙床房:HK$414', '商務大床房:HK$432', '商務雙床房:HK$432']"
合肥高新區希爾頓歡朋酒店,9.6,"['舒適雙床房:HK$375', '舒適大床房:HK$382', '高級大床房:HK$412', '高級雙床房:HK$412', '豪華大床房:HK$440']"
全季酒店（合肥淮河路步行街店）,9.5,"['高級大床房:HK$340', '商務大床房:HK$350', '雙床房:HK$350', '商務雙床房:HK$359']"
合肥新站利港喜來登酒店,9.6,"['豪華大床房:HK$637', '豪華雙床房:HK$637', '豪華荷里活房:HK$637', '舒適家庭大床房:HK$637', '特級豪華大床房:HK$691', '特級豪華雙床房:HK$691']"
合肥望江西路洪崗地鐵站亞朵酒店,9.6,"['雅緻房:HK$394', '高級雙床房:HK$412', '高級大床房:HK$430', '幾木大床房:HK$520', '幾木雙床房:HK$520']"
合肥海滙假日酒店,9.4,"['高級城景大床房:HK$357', '高級城景雙床房:HK$357', '豪華觀景大床房:HK$445', '尊貴景觀大床房:HK$557', '尊貴景觀雙床房:HK$557']"
維朵印象酒店（合肥工業大學屯溪路校區大鐘樓店）,9.7,"['雅緻大床房【乳膠枕+智能馬桶】:HK$236', '高級大床房【乳膠枕+智能馬桶】:HK$250', '榻榻米影院大床房【休閑沙發+巨幕投影+智能馬桶】:HK$263', '豪華雙床房【小冰箱+乳膠枕+智能馬桶】:HK$276']"
北季一居酒店,9.4,"['大床房:HK$192', '標準間:HK$192', '摩天輪景觀大床房:HK$205']"
合肥淮河路步行街明光路地鐵站亞朵酒店,9.6,"['雅緻大床房（可投屏）:HK$358', '高級雙床房（可投屏）:HK$376', '高級大床房（可投屏）:HK$394', '行政雙床房（可投屏）:HK$412', '行政大床房（可投屏）:HK$430']"
合肥肥東希爾頓歡朋酒店,9.6,"['舒適大床房:HK$392', '舒適雙床房:HK$392', '高級雙床房:HK$413', '高級大床房:HK$434', '豪華大床房:HK$453']"
合肥蜀山高新產業園長江西路亞朵酒店,9.8,"['高級雙床房（可投屏）:HK$394', '高級大床房（可投屏）:HK$412', '行政雙床房（可投屏）:HK$430', '行政大床房（可投屏）:HK$448', '幾木大床房:HK$484']"
桔子酒店（合肥南站店）,9.7,"['小時光（ 智能客控+小冰箱+65寸投屏電視）:HK$382', '小時光雙床房（ 智能客控+小冰箱+65寸投屏電視）:HK$391', '小時光大床房（ 智能客控+小冰箱+65寸投屏電視）:HK$412', '月若流金雙床房（ 智能客控+小冰箱+65寸投屏電視）:HK$422']"
