酒店名称,评分,房型价格列表
吳忠凱麗精品酒店（萬達廣場店）,9.5,"['温馨舒適大床房:HK$195', '温馨舒適雙床房:HK$195', '精品雙床房:HK$216', '精品大床房:HK$216']"
全季酒店（吳忠光耀美食街店）,9.6,"['大床房:HK$381', '高級大床房:HK$402', '高級雙床房:HK$402', '家庭房:HK$402']"
吳忠楠溪漫悦酒店,8.7,"['蜜悦精緻觀影房:HK$207', '賞心悦目觀影房:HK$207', '悦享豪華觀影房:HK$231', '悦動親子觀影房:HK$280']"
維也納3好酒店（吳忠紅寺堡店）,9.8,"['高級大床房:HK$350', '豪華大床房:HK$350', '商務大床房:HK$378', '商務雙床房:HK$378']"
吳忠嘉悦萬達錦華酒店,9.4,"['荷里活雙床房房-軟硬枕（棉&養麥） +乾濕分離+智能客控:HK$371', '豪華大床房-軟硬枕（棉&養麥） +乾濕分離+智能客控:HK$399', '豪華雙床房-軟硬枕（棉&養麥） +乾濕分離+智能客控:HK$399', '高級豪華大床房-軟硬枕 （棉&蕎麥） +乾濕分離+浴缸+智能客控:HK$424', '高級豪華雙床房-軟硬枕（棉&養麥） +乾濕分離+浴缸+智能客控:HK$424', '親子房:HK$545']"
麗呈朗譽酒店（吳忠兩館一中心店）,9.7,"['精選大床房（加濕器+小度客控+小冰箱）:HK$387', '輕悦大床房（加濕器+小度客控+小冰箱）:HK$440', '輕悦雙床房（加濕器+小度客控+小冰箱）:HK$440', '夢百合0壓舒睡大床房（加濕器+小度客控+小冰箱）:HK$481', '夢百合0壓舒睡雙床房（加濕器+小度客控+小冰箱）:HK$481']"
吳忠浩旺佳飯店,9.1,"['温馨公寓:HK$151', '豪華標間:HK$164', '豪華大床房:HK$164', '豪華三人間:HK$328']"
優家公寓酒店（吳忠萬達廣場店）,9.9,"['特惠大床房（超清SVIP觀影+乳膠床墊+全景落地窗）:HK$165', '舒適觀景大床房｛超清SVIP觀影+乳膠床墊+超大落地窗+榻榻米｝:HK$177', '巨幕觀影清雅大床房｛超清SVIP觀影+乳膠床墊+超大落地窗｝:HK$177', '巨幕觀影清新大床房[超清SVIP觀影+乳膠床墊+全景落地窗+榻榻米]:HK$177']"
萬誠達智能酒店（吳忠萬達廣場店）,9.0,"['主題電影房（智能客控+睡眠床墊+零壓枕頭）:HK$207', '豪華標間（智能客控+睡眠床墊+零壓枕頭）:HK$207', '豪華觀影大床房（智能客控+睡眠床墊+零壓枕頭）:HK$207', '觀景大床房（智能客控+睡眠床墊+零壓枕頭）:HK$240']"
吳忠美誠酒店,8.8,"['優享大床房:HK$114', '標準間:HK$127', '豪華大床房:HK$174', '豪華四人間:HK$184']"
吳忠維爾斯酒店（中達國際廣場店）,9.2,"['優享雙床房:HK$185', '智能悦享大床房:HK$185', '優享大床房:HK$194', '零壓智能大床房:HK$213']"
吳忠豪悦電競酒店,9.7,"['豪華大床房:HK$173', '豪華標準間:HK$182', '家庭房:HK$207', '電競雙人間（4070 顯卡+專業電競屏+海景房機箱）:HK$280']"
吳忠向日葵酒店（北湖花園店）,9.0,['套房:HK$221']
吳忠飛翔連鎖酒店,9.3,"['舒享大床房:HK$137', '舒享雙床房:HK$145', '雅緻大床房:HK$155', '豪華三人間:HK$197']"
超夢電競主題酒店,9.8,"['超夢福利大床房 [4070Ti Super+華碩27寸2k240直麪電競顯示器+UU加速器+影視特權]:HK$237', '電競雙床房[4070Ti super+華碩27寸2k240直麪電競顯示器+UU加速器+影視特權]:HK$255', '電競大床房[4070Ti super+華碩27寸2k240直麪電競顯示器+UU加速器+影視特權]:HK$255', '旗開得勝雙床房[4070Ti super+華碩27寸2k240直麪電競顯示器+UU加速器+影視特權]:HK$255']"
吳忠綠巨人電競酒店,9.4,"['輕奢電競大床房（5060Ti顯卡+32G內存+i711代K+直麪2K屏）:HK$211', '觀影電競大床房（5070顯卡+32G內存+i711代K+直麪2K屏）:HK$220']"
峯派智能酒店（吳忠會展中心店）,8.8,"['尊享智慧大床房+智能客控:HK$217', '尊享智慧雙床房:HK$217', '家庭親子房:HK$286', '尊享智慧套房:HK$628']"
吳忠盛林泊舍酒店,9.2,"['大床房:HK$195', '標準雙床房:HK$205', '標準三人間:HK$293', '星空主題房:HK$293']"
吳吃堡城民宿酒店,9.1,"['智能大床房 【全屋小米智能】:HK$208', '智能雙床房【全屋小米智能】:HK$208', '豪華大床房:HK$322', '豪華三人間:HK$407']"
吳忠米朵酒店（萬達廣場店）,9.6,"['雅緻大床房:HK$283', '觀影房:HK$283', '雅緻雙床房:HK$290', '高級大床房:HK$327']"
吳忠富平園飯店,8.8,"['商務大床房:HK$187', '商務標準間:HK$194', '豪華套房:HK$305', '豪華家庭套房:HK$334']"
蘭花樺酒店（利通店）,8.6,"['特價雙床房:HK$128', '優選雙床房:HK$137', '經濟大床房:HK$137']"
吳忠吉馨韻酒店,9.5,"['全智能標間:HK$214', '全智能大床房:HK$228', '全智能豪華大床房:HK$272', '全智能親子間:HK$283']"
堅果主題酒店,8.8,"['雲庭温馨大床房:HK$109', '雲沁精品大床房:HK$144', '雲馨舒適大床房:HK$151', '雲居雅緻大床房:HK$156']"
博悦賓館,9.1,"['標準大床房:HK$126', '舒適大床房:HK$147', '標準雙床房:HK$147']"
吳忠啟航酒店（光耀美食街店）,9.4,"['特惠大床房:HK$262', '特惠雙床房:HK$262', '標準雙床房:HK$319', '標準大床房:HK$330']"
東昇賓館,8.5,"['大床房:HK$125', '標準房:HK$136', '豪華標準間:HK$172', '親子間:HK$191']"
吳忠浪漫之旅公寓,9.8,"['精品單間:HK$205', '豪華單間:HK$249', '豪華投影房:HK$282', '家庭套房:HK$282']"
吳忠尚巾府酒店,9.4,"['高級觀景大床房:HK$457', '逸居大床觀景房:HK$511', '標準園景雙床房:HK$544', '逸居雙床房:HK$544']"
東塔寺白寺灘民宿,8.5,"['青鳥雙床房:HK$293', '青鳥大床房:HK$293', '青鳥.桂秋:HK$358', '阡陌大床房:HK$358']"
水套賓館,9.6,"['標準間:HK$140', '大床房:HK$150', '套房:HK$162']"
吳忠盛元賓館,7.8,['三人間（公共衞浴）:HK$98']
OYO吳忠尚嘉酒店（街心廣場店）,7.1,"['特惠大床房:HK$106', '特惠雙床房:HK$106', '標準雙床房:HK$136', '標準大床房:HK$146']"
吳忠錦和飯店,8.5,"['商務中式大床房:HK$195', '豪華中式家庭房:HK$216', '豪華中式大床房:HK$237', '豪華中式雙床房:HK$257']"
7天酒店（吳忠紅寺堡政府新區店）,9.4,"['自主大床房:HK$161', '自主雙床房:HK$163', '精選大床房:HK$169', '精選雙床房:HK$169']"
吳忠九江商務賓館,8.7,"['普通雙人間（公共衞浴）:HK$61', '大床房:HK$78', '標準間:HK$86', '普通三人間（公共衞浴）:HK$98']"
吳忠宿月酒店,7.4,"['拾月小眠（全屋智能巨幕投影房）:HK$249', '洛（夕陽燈簡約工業風）:HK$260', '漫夭（巨幕投影全自動洗衣機）:HK$271', '白岸摩洛（全屋智能巨幕投影房）:HK$271']"
吳忠萬豪賓館（萬達廣場店）,7.5,"['經濟大床房（無窗）:HK$92', '普通標間:HK$147', '普通大床房:HK$147', '豪華標間:HK$173']"
吳忠梔馨酒店（萬達廣場店）,8.6,"['惜心:HK$249', '柒染:HK$249', '花惜:HK$261', '梔馨（雙窗觀景）:HK$261']"
吳忠鵬勝賓館,9.2,"['標準大床房:HK$399', '豪華標準間:HK$436', '普通雙人間:HK$448', '舒適標準間:HK$484']"
吳忠秦韻商務賓館,6.4,['特惠房:HK$130']
吳忠青龍湖賓館,6.1,"['特價房:HK$140', '雙床房:HK$162', '大床房:HK$164', '豪華套房:HK$282']"
7天優品Premium（青銅峽青秀園店）,9.5,"['優品大床房:HK$203', '舒享大床房:HK$213', '舒享雙床房:HK$222', '悦享大床房:HK$232']"
塞上沁園村商務賓館,9.7,"['沁園·舒適大床房（睡眠床墊+護頸枕頭+乾濕分離）:HK$325', '沁園·舒適雙床房（睡眠床墊+護頸枕頭+乾濕分離）:HK$325', '沁園·精緻雙床房（深睡記憶棉枕+睡眠床墊+乾濕分離）:HK$351', '沁園·雅緻大床房（深睡記憶棉枕+睡眠床墊+乾濕分離）:HK$351']"
青銅峽漫途酒店,8.9,"['大床房:HK$195', '優選大床房:HK$216', '雙人標準間:HK$260', '雙人電競房:HK$326']"
青銅峽龍海賓館,9.5,"['豪華標準間:HK$271', '親子間:HK$293', '豪華單間:HK$293', '套間:HK$490']"
鹽池德昌大酒店,8.5,"['商務標準間:HK$162', '商務大床房:HK$162']"
青銅峽昊泰酒店,8.3,"['冬日特惠房:HK$140', '舒適三人房:HK$186', '舒適大床房:HK$195', '舒適雙床房:HK$195']"
鹽池賓館,9.5,"['商務標準間:HK$370', '商務大床房:HK$395']"
鹽池君豪酒店（花馬池西街店）,9.2,"['智慧商務標準間:HK$330', '智慧商務大床房:HK$330', '智享行政標準間:HK$348', '智享行政大床房:HK$348']"
