酒店名称,评分,房型价格列表
呼倫貝爾賓館,9.6,"['豪華雙床房:HK$1,189', '豪華大床房:HK$1,189', '名宿大床房:HK$1,407', '名宿雙床房:HK$1,407', '行政大床（一室一廳）:HK$1,845', '家庭子母套房:HK$1,845']"
貝都賓館（海拉爾機場古城店）,9.3,"['尊享·觀影雙床房（極米投影+乳膠床墊+星球枕+觀影會員+乾濕分離）:HK$472', '麗致·觀影大床房（極米投影+乳膠床墊+星空枕+觀影會員）:HK$472', '木韻小築大床房（極米投影+乳膠床墊+星空枕+觀影會員+浴缸）:HK$565', '和風雅舍大床房（極米投影+乳膠床墊+星空枕+觀影會員+浴缸）:HK$565']"
如家睿柏·雲酒店（呼倫貝爾海拉爾機場古城店）,9.4,"['特價大床房無窗:HK$523', '特價雙床房:HK$566', '商務大床房:HK$706', '標準雙床房:HK$749']"
呼倫貝爾德盛大酒店,8.9,"['豪華雙床房:HK$388', '豪華大床房:HK$404', '豪華商務標間:HK$439', '豪華家庭房:HK$474']"
伴山雅居民宿,9.8,"['壹號進口房車克萊爾（大床房）:HK$331', '伍號進口房車露娜（家庭房）:HK$399', '叁號進口房車傑克（家庭房）:HK$474']"
呼倫貝爾海拉爾尼基金酒店,9.5,"['索菲亞·俄羅斯雙床（智控）:HK$887', '瓦列莉亞·俄羅斯大床（智控）:HK$887', '阿利薩·俄式家庭套（智控）:HK$1,196', '米蘭娜·複式親子套房:HK$1,453']"
呼倫貝爾貝爾大酒店,9.5,"['貝爾雙床房:HK$809', '貝爾大床間:HK$809', '貝爾商務套房:HK$1,180', '貝爾親子套房:HK$1,289', '貝爾豪華套房:HK$1,399']"
全季酒店（呼倫貝爾火車站店）,9.2,"['高級大床房:HK$512', '雙床房:HK$542', '商務大床房:HK$553', '商務雙床房:HK$582']"
天信商務酒店,8.7,"['特惠房:HK$281', '標準雙床房:HK$318', '三人間:HK$343', '家庭房:HK$368']"
希岸酒店（呼倫貝爾海拉爾中央大街店）,9.3,"['希岸大床房（夢百合0壓床墊+智能客控+豪華沙發）:HK$593', '希岸豪華大床房（夢百合0壓床墊+智能客控+豪華沙發）:HK$636', '希岸豪華雙床房（夢百合0壓床墊+智能客控+豪華沙發）:HK$653', '希岸豪華套房（夢百合0壓床墊+智能客控+私享浴缸+旋轉電視+會客區）:HK$739']"
呼倫貝爾呼和諾爾酒店,9.2,"['星空star丨房車營地-高級大床房:HK$1,059', '星空star丨房車營地-高級雙床房:HK$1,059', '碧野雲居丨豪華Morden蒙古包雙床房丨含空調:HK$1,059', '哆咪小鎮豪華雙床房:HK$1,434', '藍松湖景房:HK$1,434']"
呼倫貝爾首旅京倫酒店,9.4,"['豪華雙床房:HK$682', '豪華大床房:HK$792', '三人間:HK$1,098', '豪華套房:HK$1,286', '蒙元·明珠親子房:HK$1,286']"
呼倫貝爾六十六頂氈房賓館,9.0,"['標間:HK$248', '高級大床房:HK$248', '温馨親子房:HK$276', '温馨親子影音房:HK$294']"
海拉爾賓館,9.5,"['舒適雙床房:HK$943', '舒適大床房:HK$943', '舒適商務套:HK$1,259']"
呼倫貝爾麗呈睿軒酒店,9.4,"['高級雙床房【夢百合零壓床枕+智能客控+高清投屏】:HK$932', '高級大床房【夢百合零壓床枕+智能客控+高清投屏】:HK$932', '豪華大床房【夢百合零壓床枕+高檔親膚床品+加濕器+小冰箱】:HK$1,012', '豪華雙床房【夢百合零壓床枕+高檔親膚床品+加濕器+小冰箱】:HK$1,012', '高級家庭房【夢百合零壓床枕+智能客控+高清投屏】:HK$1,372']"
呼倫貝爾海拉爾大街希爾頓歡朋酒店,9.7,"['舒適大床房（智能客控+手機投屏）:HK$1,036', '舒適雙床房（智能客控+手機投屏）:HK$1,091', '高級大床房（智能客控+手機投屏）:HK$1,145', '高級雙床房（智能客控+手機投屏）:HK$1,145', '歡友房-配親子沙發床（智能客控+手機投屏）:HK$1,145']"
呼倫貝爾空港藍天大酒店,9.4,"['雲悦 | 大床房:HK$490', '雲海 | 雙床房:HK$646', '雲起 | 大床房「慕思床墊+慕思枕+舒適睡眠」:HK$654', '雲集 | 雙床房 「慕思床墊+慕思枕+舒適睡眠」:HK$654']"
萬朋酒店（呼倫貝爾海拉爾卡樂堡小童樂園店）,8.8,"['舒適標準間:HK$543', '温馨大床房:HK$543', '遊牧之夢·主題雙床房·主題立牌1:HK$556', '豪華標準間:HK$606']"
德薏酒店（呼倫貝爾民族博物館成吉思汗廣場店）,9.6,"['漢韻丨雙床房【夢百合好眠+智慧療愈+電視投屏】:HK$961', '芳華丨大床房【夢百合好眠+白茶香氛+電視投屏】:HK$961', '慕名丨大床房【白茶療愈+親膚康乃馨】:HK$1,006', '雅居丨雙床房【零壓墊枕+電視投屏】:HK$1,006', '童趣丨大床房【童話帳篷+智慧療愈+電視投屏】:HK$1,073']"
呼倫貝爾天啟酒店,9.3,"['舒適雙床房:HK$739', '商務雙床房:HK$761', '商務大床房:HK$761', '豪華雙床房:HK$872', '豪華家庭房:HK$872']"
索倫嘎騏驥酒店,9.3,"['騏驥雙床房【慕思床墊+多種枕芯+全屋智能】:HK$238', '騏驥大床房【慕思床墊+多種枕芯+全屋智能】:HK$258', '影音大床房【慕思床墊+多種枕芯+全屋智能】:HK$279', '家庭親子房【慕思床墊+多種枕芯+全屋智能】:HK$362']"
全季酒店（呼倫貝爾融富花園店）,9.5,"['大床房:HK$496', '高級大床房:HK$543', '商務大床房:HK$589', '商務雙床房:HK$589']"
呼倫貝爾海拉爾希爾頓花園酒店,9.4,"['花園大床房【金可兒床墊+彼得洛夫洗護】:HK$1,083', '豪華大床房【金可兒床墊+彼得洛夫洗護+空氣凈化器】:HK$1,256', '花園高級雙床房【金可兒床墊+彼得洛夫洗護】:HK$1,267', '花園高級大床房【金可兒床墊+彼得洛夫洗護+加濕器】:HK$1,267', '至尊大床房【金可兒床墊+彼得洛夫洗護】:HK$1,343']"
呼倫貝爾山水酒店,9.0,"['商務標準雙床房:HK$425', '商務大床房:HK$425', '商務套房:HK$518']"
漢庭酒店（海拉爾火車站中央大街店）,9.3,"['大床房:HK$337', '高級大床房:HK$374', '雙床房:HK$393', '家庭房:HK$543']"
全季酒店（呼倫貝爾海拉爾成吉思汗廣場店）,9.7,"['高級大床房:HK$524', '商務大床房:HK$570', '高級雙床房:HK$617', '豪華大床房:HK$665']"
呼倫貝爾納蘭賓館,9.4,"['特惠標準間:HK$268', '標準間:HK$323', '大床房:HK$323', '家庭房:HK$370']"
朗麗茲酒店（呼倫貝爾海拉爾店）,9.6,"['麗茲大床房（智能馬桶/智能鏡/自動窗簾）:HK$868', '高級大床房（智能馬桶/智能鏡/自動窗簾）:HK$975', '豪華大床房（智能馬桶/智能鏡/自動窗簾）:HK$1,262', '高級雙床房（智能馬桶/智能鏡/自動窗簾）:HK$1,262', '麗茲家庭房（智能馬桶/智能鏡/自動窗簾）:HK$1,370']"
FunGee 歡致酒店（呼倫貝爾海拉爾火車站店）,9.6,"['歡言大床房丨100寸巨幕投影+全屋智能+記憶枕:HK$818', '歡暢雙床房丨小冰箱+全屋智能+夢百合床墊:HK$935', '歡欣雙床房丨65寸電視+夢百合零壓床墊+小冰箱:HK$1,158', '歡悦大床房丨小冰箱+全屋智能+夢百合床墊:HK$1,158', '歡稚親子房丨小冰箱+全屋智能+夢百合床墊:HK$1,158']"
海友酒店（海拉爾成吉思汗廣場店）,9.6,"['大床房:HK$339', '高級大床房:HK$367', '雙床房:HK$386', '高級雙床房:HK$405']"
漢庭酒店（海拉爾六二六鑫海都市綠洲店）,9.6,"['雙床房:HK$365', '大床房:HK$385', '高級大床房:HK$404', '家庭房:HK$424']"
呼倫貝爾天驕賓館,9.1,"['輕享雙床房（迎賓樓）:HK$830', '輕享大床房（迎賓樓）:HK$830', '行政大床房（主樓）:HK$1,517', '行政雙床房（主樓）:HK$1,517', '兩室兩廳家庭套房（迎賓樓）:HK$1,617', '行政套房（主樓）:HK$1,945']"
舒心別苑民宿,10.0,"['舒適雙人房:HK$243', '精品大床房:HK$243', '豪華雙人間:HK$243', '標準雙人間:HK$243']"
海拉爾不晚民宿,9.8,"['不晚風:HK$458', '不晚晴:HK$469']"
呼倫貝爾四季花園酒店（海拉爾店）,9.3,"['雅緻|日式榻榻米【近觀河景+0壓睡眠+小度智能】:HK$350', '悦致|輕享大床房【0壓睡眠+小度智能+優質布草】:HK$428', '悦致|温馨雙床房【小度智能+0壓睡眠】:HK$453', '雅緻|景觀雙床房【近觀河景+小度智能+全屋地毯】:HK$506']"
你好酒店（海拉爾中央橋古城店）,9.0,"['特價大床房:HK$346', '特價雙床房:HK$346', '大床房:HK$355', '商務大床房:HK$383']"
呼倫貝爾新達賓館,8.3,"['特惠標準間:HK$279', '舒適大床房:HK$279', '舒適家庭房:HK$297', '舒適三人間:HK$325']"
呼倫貝爾米朵智慧酒店,9.4,"['特惠大床房:HK$249', '智能閑舒影院房（無窗）:HK$293', '智能舒適大床房:HK$315', '輕雅影音房:HK$315']"
憶美民宿,9.5,"['大床房:HK$203', '温馨三人間:HK$463', '精品雙床房302室:HK$463', '經濟大床房303室:HK$463']"
呼倫貝爾凱景嘉華酒店,9.2,"['豪華雙床房:HK$1,071', '商務大床房:HK$1,180', '商務套房:HK$1,399', '雙卧家庭套房:HK$1,508', '行政套房:HK$1,508']"
祥悦酒店（海拉爾火車站店）,8.9,"['特價大床房:HK$244', '特價雙床房:HK$295', '舒適大床房:HK$302', '舒適雙床房:HK$318']"
呼倫貝爾檸檬智能酒店,8.8,"['特價房:HK$273', '智能經典標準間:HK$468', '智能甄選大床房:HK$500', '智能温馨家庭房:HK$533']"
山又酒店,9.7,"['精選大床房:HK$1,190', '精選雙床房:HK$1,190', '高級大床房:HK$1,190', '高級大床套房:HK$1,190']"
呼倫貝爾吉祥凱悦主題酒店,9.2,"['商務大床房:HK$426', '商務雙床房:HK$644', '普通套房:HK$644', '豪華套房:HK$688']"
呼倫貝爾嘉世豪酒店,9.4,"['B座-豪華大床房:HK$1,238', 'B座-豪華雙床房:HK$1,238', '望城雙床房-A座:HK$1,970', '望城大床房-A座:HK$1,970', '嘉享大床房:HK$2,123', '城景親子家庭房:HK$2,417']"
呼倫貝爾洲季酒店,9.6,"['高級雙床房:HK$845', '高級大床房:HK$845', '豪華大床房:HK$971', '豪華雙床房:HK$971', '家庭房:HK$1,193']"
金泰大酒店（呼倫貝爾火車站店）,9.2,"['特價標間:HK$481', '特價大床房:HK$492', '商務標間:HK$676', '商務大床房:HK$685']"
這裡有澗民宿（呼倫貝爾歷史博物館店）,9.5,"['歡聚城景家庭套房 | 兩室一廳:HK$207', '豪華景觀陽台套房 | 兩室一廳:HK$219']"
漢庭優佳酒店（呼倫貝爾海拉爾中央路店）,9.5,"['高級大床房:HK$344', '商務大床房:HK$353', '高級雙床房:HK$382', '商務雙床房:HK$402']"
呼倫貝爾陳巴爾虎旗娜慕野奢營地,9.2,"['航母級房車:HK$1,161']"
