酒店名称,评分,房型价格列表
唐山富力洲際酒店,9.4,"['洲際豪華大床房:HK$528', '洲際豪華雙床房:HK$528', '景觀豪華大床房:HK$566', '小熊尼奧親子房:HK$719', '埃及萌神親子房:HK$719', '粉紅寶貝主題房:HK$719']"
唐山北站萬達悦華酒店,9.5,"['高級大床房（冰箱+智能潔具+斯林百蘭床墊+ACCA洗護沐）:HK$295', '豪華大床房（冰箱+智能潔具+斯林百蘭床墊+ACCA洗護沐）:HK$322', '豪華雙床房（冰箱+斯林百蘭床墊+ACCA洗護沐）:HK$322', '親子雙床房（主題床品+小童洗護+小童娛樂+冰箱）:HK$492', '高級豪華家庭房（智能語音控制+小童娛樂+冰箱+豪華衞浴）:HK$528']"
和頤至尚酒店（唐山北新道愛琴海店）,9.7,"['商務大床房（智能客控）:HK$362', '高級大床房（智能客控）:HK$381', '高級雙床房（智能客控）:HK$381', '特色大床房（智能客控）:HK$400', '套房（智能客控）:HK$550']"
全季酒店（唐山火車站店）,9.7,"['大床房:HK$348', '高級大床房:HK$386', '高級雙床房:HK$386', '套房:HK$531']"
唐山文旅鉑爾曼酒店,9.4,"['高級大床房:HK$493', '高級雙床房:HK$493', '豪華大床房:HK$538', '豪華雙床房:HK$538', '行政大床房:HK$643', '行政套房:HK$1,017']"
陌上輕居酒店（唐山河頭老街店）,9.6,"['風韻·宋風花雅大床房（智能客控+乾濕分離+好眠床墊）:HK$349', '雅緻·河燈流螢雙床房（徠芬吹風機+70寸投屏電視）:HK$359', '品學陌畔思歸大床房（臨窗茶桌+智能客控+雨淋頂噴）:HK$381', '品學·文墨雅居雙床房（茶台雅韻+全屋智能+悦享好眠）:HK$402', '雅緻·山水知韻大床房（智能恆温馬桶+徠芬吹風機）:HK$412']"
唐山曹妃甸希爾頓歡朋酒店,9.8,"['舒適雙床房:HK$381', '舒適大床房:HK$416', '高級大床房:HK$451', '高級雙床房:HK$451', '豪華大床房:HK$486']"
唐山宴文旅酒店,9.6,"['豪華大床房:HK$611', '豪華雙床房:HK$611', '浪漫浴缸大床房:HK$611', '雅緻大床房:HK$611', '輕奢大床房:HK$645']"
唐山香格里拉大酒店,9.3,"['豪華城景大床:HK$628', '豪華城景雙床:HK$628', '豪華園景大床:HK$674', '豪華園景雙床:HK$674', '趣味親子大床房:HK$806', '視聽影音大床房（百寸高清丨海量片源）:HK$806']"
桔子酒店（唐山萬達廣場店）,9.6,"['高級大床房（電視投屏&智能客控&小冰箱）:HK$378', '高級雙床房（電視投屏&智能客控&小冰箱）:HK$378', '豪華大床房（電視投屏&智能客控&小冰箱）:HK$419', '豪華雙床房（電視投屏&智能客控&小冰箱）:HK$419']"
唐山國豐維景國際大酒店（河頭老街店）,9.7,"['高級城景大床房:HK$708', '高級城景雙床房:HK$708', '高級湖景大床:HK$796', '高級湖景雙床房:HK$796', '舒適城景大床房:HK$929', '舒適湖景大床房:HK$996']"
唐山曼哈頓酒店,9.5,"['高級大床房:HK$506', '高級雙床房:HK$506', '商務大床房:HK$527', '女神尊享房:HK$608', '親子大床房:HK$731', '親子雙床房:HK$763']"
唐山南湖國際會展酒店,9.5,"['豪華雙床房:HK$369', '豪華大床房:HK$369', '高級豪華大床房:HK$383', '豪華三人間:HK$522', '豪華家庭房:HK$522']"
城市便捷酒店（唐山東方國際會展中心遠洋城店）,9.4,"['智能標準大床房（電視投屏+全屋智能+温馨安靜）:HK$212', '智能標準雙床房（電視投屏+全屋智能+温馨安靜）:HK$212', '智能豪華大床房（電視投屏+全屋智能+温馨安靜）:HK$239', '智能豪華雙床房（電視投屏+全屋智能+温馨安靜）:HK$239']"
唐山會展中心亞朵輕居酒店,9.3,"['舒適大床房（普蘭特床墊+ 記憶枕+裸棉床品）:HK$269', '標準大床房:HK$287', '標準雙床房:HK$322', '高級雙床房:HK$394']"
唐山冀唐開元名庭大酒店,9.2,"['內景雙床房:HK$347', '內景大床房:HK$347', '標準大床房:HK$382', '開元大床房:HK$417', '開元雙床房:HK$463']"
喆啡酒店（唐山愛琴海太陽城店）,9.6,"['醇享雙床房:HK$277', '啡凡大床房:HK$293', '啡凡雙床房:HK$302', '醇享大床房:HK$303']"
SFEEL設計師酒店（唐山愛琴海太陽城店）,9.8,"['靜謐大床房（全智能客控•慕斯床墊•mini冰箱•綠植造景）:HK$263', '輕奢城景大床房（高空瞰景•智能客控•mini冰箱•落地窗）:HK$283', '高級城景大床房（高空閲景•智能客控•落地窗•榻榻米區）:HK$303', '豪華城景大床房（高空攬景•智能客控•mini冰箱•榻榻米）:HK$336']"
宜必思酒店（唐山萬達南湖旅遊景區店）,9.6,"['大床房:HK$197', '雙床房:HK$227', '高級大床房:HK$227', '商務雙床房:HK$261']"
維也納國際酒店（唐山東方國際會展中心遠洋城店）,9.7,"['標準大床房:HK$268', '高級大床房:HK$293', '豪華大床房:HK$313', '豪華雙床房:HK$330']"
柏曼酒店（唐山火車站店）,9.7,"['標準大床房（智能小度）:HK$230', '高級大床房（智能小度）:HK$263', '高級雙床房（智能小度）:HK$281', '豪華大床房（智能小度）:HK$297']"
全季酒店（唐山萬達廣場店）,9.5,"['大床房:HK$426', '雙床房:HK$463', '高級大床房:HK$463', '舒壓高級大床房:HK$481']"
唐山智選假日酒店（愛琴海購物中心店）,9.2,"['智選雙床房:HK$254', '智選大床房:HK$254', '高級雙床房:HK$260', '高級大床房:HK$278']"
漢庭酒店（唐山河頭老街運河西路店）,9.8,"['大床房:HK$285', '高級大床房:HK$335', '高級雙床房:HK$374', '家庭標準間:HK$413']"
唐山世德花園酒店,8.9,"['豪華大床房:HK$435', '豪華雙床房:HK$436', '商務套房:HK$602', '親子套房-森林派對:HK$607', '親子套房-粉色公主:HK$607', '親子套房-夢幻公主:HK$607']"
唐山飯店,9.4,"['特惠迷你雙床房:HK$180', '特惠迷你大床房:HK$180', '普通雙床房:HK$278', '普通大床房:HK$278']"
桔子酒店（唐山北站店）,9.7,"['大床房:HK$277', '豪華大床房:HK$295', '雙床房:HK$295', '豪華雙床房:HK$314']"
唐山豐潤昌盛國際酒店,9.6,"['特惠雙床房:HK$293', '特惠大床房:HK$325', '商務大床房（獨立浴缸+商務辦公桌）:HK$357', '商務雙床房（獨立浴缸+商務辦公桌）:HK$357', '超值智能雙床房:HK$389', '俯瞰城景-精品大床房（獨立浴缸）:HK$390']"
喆緋酒店（唐山火車站店）,8.7,"['精品大床房:HK$250', '精品雙床房:HK$250', '啡凡大床房:HK$293', '啡凡雙床房:HK$293']"
唐山賓館,9.5,"['豪華大床房:HK$408', '豪華雙床房:HK$408', '快樂鴨親子房:HK$1,283', '探索宇航員親子房:HK$1,283', '高級豪華套房:HK$1,387']"
喆·啡酒店（唐山火車站路南區政府店）,8.7,"['啡凡大床房:HK$835', '啡凡雙床房:HK$835', '啡凡豪華雙床房:HK$927', '啡凡家庭房:HK$1,206']"
唐山恆豐大酒店,9.4,"['經濟房:HK$218', '商務大床房:HK$267', '商務雙床房:HK$267', '豪華雙床房:HK$305']"
唐山南湖足球主題酒店,8.9,"['特惠大床房:HK$244', '特惠雙人間:HK$244', '標準雙人間:HK$295', '標準大床房:HK$295', '三人間:HK$434']"
星程酒店（唐山市政府愛琴海店）,9.8,"['大床房:HK$391', '高級大床房:HK$431', '商務雙床房:HK$431', '商務大床房:HK$472']"
格林東方酒店（唐山火車站店）,9.6,"['特惠大床房:HK$283', '特惠雙床房:HK$283', '高級大床房:HK$329', '高級雙床房:HK$329']"
城市便捷酒店（唐山火車站路南區政府店）,9.6,"['標準大床房（温馨安靜|舒適床品|地暖）:HK$175', '商務大床房（寬敞明亮|地暖）:HK$190', '商務雙床房（寬敞明亮|地暖）:HK$190', '豪華大床房（180°全視野|地暖）:HK$206']"
唐山海棠民宿（河頭老街店）,9.9,"['原木奶油兩室家庭房1602:HK$344', '兩室家庭房1801:HK$344', '兩室家庭房901:HK$344', '兩室家庭房802:HK$344']"
漢庭酒店（唐山曹妃甸唐海路店）,9.8,"['大床房（雲夢之床&電視投屏&智能馬桶）:HK$246', '高級大床房（雲夢之床&電視投屏&智能馬桶）:HK$264', '標準雙床房（雲夢之床&電視投屏&智能馬桶）:HK$274']"
唐山金鼎大酒店,9.1,"['特惠商務間（配備加濕器）:HK$282', '精品商務間（配備加濕器）:HK$315', '特價雙床房（B座）（“深睡甄選雅蘭床墊”、私密安靜、加濕器）:HK$348', '商務雙床房（“深睡甄選雅蘭床墊”、雅緻商務，靜謐空間、加濕器）:HK$358', '商務大床房（“深睡甄選雅蘭床墊”、尊享私密、高效休憩的殿堂、加濕器）:HK$358']"
唐山海澳大酒店,8.3,"['高級雙床房:HK$287', '全景浴享大床房:HK$336', '全景浴享雙床房:HK$348', '全景行政套房:HK$634']"
喆啡酒店（唐山店）,9.6,"['醇享生活大床房--零壓床墊:HK$253', '啡凡大床房--零壓床墊:HK$278', '啡凡純凈大床房----零壓床墊:HK$278', '啡凡豪華大床房----零壓床墊:HK$304']"
愛時特套房酒店（唐山會展中心遠洋城店）,9.2,"['特惠房:HK$216', '豪華雙床房｜超大會客空間｜浴缸｜中央空調｜:HK$235', '豪華大床房:HK$242', '零壓助眠雙床房｜夢百合零壓床墊｜超大起居空間｜55寸投屏電視｜浴缸｜:HK$284']"
一宅院子民宿（河頭老街店）,9.7,"['庭院家庭套房1號院:HK$696', '庭院家庭套房2號院:HK$814', '庭院套房3號院（4居室）:HK$814', '庭院套房3號院（三居）:HK$1,051']"
鋭思特酒店（唐山北站店）,9.4,"['鋭舒大床房:HK$140', '鋭享雙床房:HK$148', '鋭奢大床房:HK$151', '鋭奢雙床房:HK$157']"
唐山富島國際酒店,9.1,"['特惠大床房:HK$228', '特惠雙床房:HK$228', '驚喜特惠房:HK$283', '優質大床房:HK$305', '商務雙床房:HK$348']"
麗楓酒店（唐山中心醫院店）,9.7,"['雅緻大床房:HK$301', '純凈自然行政大床房（靜謐首尾房+空氣凈化器）:HK$329', '雅緻雙床房:HK$347', '商務大床房:HK$356']"
唐山曹妃島酒店,9.2,"['木屋別墅精緻標準間:HK$298', '木屋別墅精緻大床間:HK$298', '零壓木屋別墅精緻標準間:HK$360', '零壓木屋別墅精緻大床房:HK$381']"
維也納酒店（唐山豐潤林蔭路店）,9.6,"['標準大床房（智能客控+温馨適宜+舒睡好眠）:HK$245', '標準雙床房（智能客控+温馨適宜+舒睡好眠）:HK$245', '高級大床房（智能客控+温馨適宜+舒睡好眠）:HK$270', '高級雙床房（智能客控+温馨適宜+舒睡好眠）:HK$270']"
唐山長城大酒店,8.5,"['惠民標間:HK$189', '標準雙床房:HK$249', '標準大床房:HK$249', '豪華大床房:HK$305']"
唐山梧舍悦享酒店,9.6,"['公寓特惠標準間（中央空調+速熱花灑+cctv展播床品）:HK$545', '行政標準間（速熱花灑+音響+cctv展播床品）:HK$818']"
