酒店名称,评分,房型价格列表
宜昌阿爾·寶閣麗酒店,9.5,"['凌空全智能雙床房:HK$451', '凌空智能投影大床房:HK$472', '180°臨江·雙床房:HK$558', '180°臨江·大床房:HK$580', '寶閣麗·行政雙床房-270°全景:HK$644', '寶閣麗·江畔大床房-全落地窗視野:HK$687']"
宜昌帥府鉑風酒店（宜昌東站店）,9.8,"['惠享大床房:HK$241', '精品大床房:HK$296', '精品雙床房:HK$318', '温馨家庭房:HK$318']"
濱江壹號大酒店（宜昌濱江公園CBD購物中心店）,9.1,"['城景精緻大床房:HK$320', '城景商務大床房:HK$341', '江景商務雙床房:HK$360', '江景商務大床房:HK$360', '城景豪華雙床房:HK$390']"
你好酒店（宜昌CBD購物中心解放路步行街店）,9.7,"['高級大床房:HK$315', '商務大床房:HK$344', '高級雙床房:HK$373', '家庭房:HK$411']"
長城酒店（宜昌CBD購物中心解放路步行街店）,9.5,"['長城·品心雙床房-商旅首推:HK$315', '長城·品心零壓雙床-臨近解放路步行街+免費大堂吧:HK$326', '長城·品心大床房-宜昌CBD購物中心TOP酒店:HK$354', '長城·品享雙床房:HK$425', '長城·品享零壓雙床房-精緻睡眠首推:HK$501']"
江上酒店（宜昌三峽遊客中心萬達廣場店）,9.5,"['【無窗】深眠大床房（智能投屏+零壓好眠舒睡床墊）:HK$373', '精緻大床房（智能電視+零壓床墊）:HK$400', '雅緻城景大床房（55寸電視+零壓床墊）:HK$413', '豪華家庭雙大床房（1大1中床+55寸電視）:HK$621']"
宜昌富力皇冠假日酒店（三峽遊客中心伍家崗萬達廣場店）,9.3,"['高級市景房:HK$518', '高級市景雙床房（高樓層）:HK$546', '高級市景超大床房:HK$546', '高級市景超大床房（高樓層）:HK$565', '高級市景雙床房:HK$580', '180度江景高級雙床房:HK$649']"
水雲嵐酒店（宜昌三峽遊客中心濱江萬達廣場店）,9.7,"['嵐夕雅緻大床房【零壓床墊+mini小冰箱】:HK$447', '嵐夕雅緻雙床房【零壓床墊+mini小冰箱】:HK$455']"
你好酒店（宜昌星光天地店）,9.7,"['大床房:HK$283', '高級大床房:HK$302', '江景大床房:HK$321', '江景雙床房:HK$321']"
瑞都酒店（宜昌濱江步行街店）,9.5,"['靜惠大床房:HK$323', '靜雅大床房:HK$336', '靜雅雙床房:HK$363', '全視野長江美景大床房A:HK$404']"
曼泊·智S酒店（宜昌東站五一廣場店）,9.6,"['城遇.大床房—電視投屏+夢百合0壓房+智能客控:HK$255', '城遇.雙床房—電視投屏+夢百合0壓房+智能客控:HK$263', '逸景.大床房—電視投屏+夢百合0壓床墊+智能客控:HK$302', '逸景.雙床房—電視投屏+夢百合0壓床墊+智能客控:HK$302', '江景.大床房—電視投屏+夢百合0壓床墊+智能客控:HK$356']"
麗橙酒店·逸（宜昌中南路興發廣場店）,9.5,"['逸寧酣睡大床房·零壓床墊·定製浴袍:HK$315', '逸寧城景雙床房·助眠睡枕·暢快投屏:HK$327', '逸緻城景大床房·私享夜景·舒適軟榻:HK$350', '逸雅行政雙床房·DIY茶道·私享夜景:HK$374', '逸靜森呼吸大床房·空氣凈化器·EVVIVA香氛沐浴:HK$385']"
宜昌三峽賓館,9.7,"['尊享大床房:HK$423', '尊享雙床房:HK$434', '豪華大床房:HK$478', '豪華雙床房:HK$500', '商務大床房:HK$587', '行政大床房:HK$653']"
宜昌京宜酒店（宜昌三峽大學店）,9.6,"['京韻.智能雙床房|智能温控+高速Wifi:HK$198', '京華.輕奢全智能雙床房|智能客控+定製床墊:HK$220', '京韻.智能大床房|智能温控+高速Wifi:HK$220', '京華.輕奢全智能大床房|智能客控+定製床墊:HK$251', '輕享.智能影音大床房|巨幕投影+環繞立體聲:HK$272']"
宜昌長江智選假日酒店（沿江大道店）,9.6,"['高級園景大床房:HK$288', '高級園景雙床房:HK$298', '露台花園大床房:HK$318', '高級露台大床房:HK$318', '露台花園雙床房:HK$336']"
君鼎智尚酒店（宜昌火車東站三峽物流園店）,9.6,"['悦·舒適大床房（乳膠床墊+手機投屏）:HK$208', '悦·舒適雙床房（乳膠床墊+手機投屏）:HK$219', '智·優享陽光大床房（乳膠床墊+手機投屏）:HK$229', '智·優享陽光雙床房（乳膠床墊+手機投屏）:HK$240', '智·靜謐大床房（乳膠床墊+手機投屏）:HK$251']"
宜錦美怡酒店（宜昌濱江公園CBD購物中心店）,9.5,"['怡 · 雅緻大床房-書桌+零度靜音床墊:HK$221', '怡 · 雅緻雙床房-書桌+零度靜音床墊:HK$224', '靜謐品質大床房-零度靜音乳膠床墊:HK$250', '靜謐品質雙床房-書桌+零度靜音床墊:HK$257', '舒適麻將房:HK$315']"
建國璞隱酒店（宜昌店）,9.6,"['詠蘭居大床房:HK$303', '暗香居江景大床房（投屏電視+智能馬桶）:HK$307', '凌霜居城景雙床房（安靜）:HK$307', '凌霜居江景雙床房（投屏電視+智能馬桶）:HK$324', '清蓮居家庭房（江景）:HK$385']"
你好酒店（宜昌三峽大學水悦城店）,9.7,"['大床房:HK$302', '高級大床房:HK$322', '高級雙床房:HK$341', '商務雙床房:HK$361']"
雅格歡聚酒店（宜昌濱江公園CBD購物中心店）,9.5,"['慵懶 · 日系榻榻米房:HK$185', '慵懶 · 極簡ins風雙床房:HK$206', '鬆弛 · 雅緻大床房-乳膠床墊:HK$237', '鬆弛 · 雅緻雙床房-乳膠床墊:HK$271']"
樸宿拾光民宿（宜昌三峽人家風景區店）,9.4,"['隱山·180°遇見山景大床房:HK$249', '拾光紀·温馨江景榻榻米親子房 | 峽谷觀景+江景觀景:HK$359', '閲江·180°一覽江景雙床房 | 峽谷觀景+江景觀景+休閑桌椅:HK$392', '棲雲·樸素江景雙床房 | 峽谷好景色+休閑桌椅:HK$414']"
麗橙酒店·智（宜昌火車東站汽車客運中心站店）,9.7,"['智悦城景大床房-智能客控+零壓床墊+電視投屏:HK$248', '智悟高級大床房-智能客控+零壓床墊+電視投屏:HK$268', '智賞巨幕影視大床房-智能客控+零壓床墊+高清幕布投影:HK$271', '智悦高級雙床房-智能客控+零壓床墊+電視投屏:HK$295']"
麗楓酒店（宜昌中南路新華廣場店）,9.5,"['雅緻大床房:HK$256', '商務雙床房:HK$265', '商務大床房:HK$273', '豪華雙床房:HK$281', '豪華大床房:HK$289']"
麗怡酒店（宜昌中南路長江廣場店）,9.7,"['高級大床房（慕思深睡床墊+暢享投屏+智能馬桶）:HK$289', '高級雙床房（慕思深睡床墊+暢享投屏+智能馬桶）:HK$298', '豪華大床房（慕思定製床墊+暢享投屏+品茗謐境+智能馬桶）:HK$312', '豪華雙床房（慕思定製床墊+暢享投屏+品茗謐境+智能馬桶）:HK$321']"
壹宿酒店（伍家崗萬達廣場店）,9.3,"['歡享智能大床:HK$311', '雅樂輕奢雙床房:HK$323', '歡欣巨幕大床房:HK$336', '雅緻靜謐雙床房:HK$348']"
宜昌均瑤國際酒店（宜昌CBD購物中心夷陵廣場店）,9.5,"['高級雙床房:HK$429', '高級大床房:HK$466', '豪華大床房:HK$496', '豪華雙床房:HK$496', '行政大床房:HK$546', '華麗景觀房:HK$580']"
凱瑞精選江景酒店（宜昌萬達廣場三峽遊客中心店）,9.3,"['IMAX觀影圓床房:HK$211', '精緻城景雙床房:HK$231', '精緻江景雙床房:HK$261', '精緻江景大床房:HK$292', '璀璨城景大床房:HK$362']"
漫步時光酒店（東站五一廣場店）,9.7,"['漫步.悦享影院大床房（小度智能+夢百合零壓床墊）:HK$201', '漫步.躺平雙床房（全屋聲控+迷你冰箱）:HK$209', '時光.電玩投影房（PS手柄遊戲+夢百合零壓床墊）:HK$209', '漫步.悦致影院大床房（按摩椅+投屏+迷你冰箱）:HK$218']"
你好酒店（宜昌火車東站店）,9.6,"['大床房:HK$229', '高級雙床房:HK$229', '高級大床房:HK$239', '商務雙床房:HK$278']"
宜昌峽州夷陵飯店（沿江大道解放路步行街店）,9.3,"['豪華雙床房:HK$315', '豪華大床房:HK$315', '商務大床房:HK$343', '商務雙床房:HK$343', '温馨家庭房:HK$460']"
宜昌夷陵希爾頓花園酒店,9.6,"['花園大床房:HK$390', '花園雙床房:HK$390', '湖景大床房:HK$417', '湖景雙床房:HK$426', '豪華大床房:HK$433']"
宜尚酒店（宜昌火車東站店）,9.6,"['智能大床房（夢百合零壓枕+智能客控）:HK$178', '智能雙床房（夢百合零壓枕+智能客控）:HK$208', '智能高級大床房（夢百合零壓枕+智能客控+落地窗）:HK$220', '智能高級雙床房（夢百合零壓枕+智能客控+落地窗）:HK$244']"
中青·秋果酒店（宜昌火車東站客運中心店）,9.8,"['優享大床房|深度睡眠|全屋智能+乳膠床墊+乾濕分離:HK$210', '優享雙床房|深度睡眠|全屋智能＋乳膠床墊+乾濕分離:HK$216', '明星大床房|私人沙發|乳膠床墊+全屋智能+陽光滿屋:HK$236', '明星雙床房-商務辦公+全屋智能+乾濕分離:HK$242']"
維也納國際酒店（宜昌中南路店）,9.7,"['影音大床房:HK$325', '商務大床房:HK$348', '商務雙床房:HK$359', '園景雙床房:HK$371', '城景雙床房:HK$371']"
國賓半島酒店（宜昌水悦城店）,9.5,"['半.靜怡商務雙床房（深度好眠）:HK$271', '半.靜怡商務大床房（深度好眠）:HK$271', '半.靜悦親子家庭房:HK$391', '半.靜享公務大床房（180°全視野+慕思床墊）:HK$391', '半.靜享公務雙床房（180°全視野+辦公桌椅）:HK$391']"
麗楓酒店（宜昌火車東站店）,9.5,"['豪華大床房（慕斯床墊+智能客控+城市夜景）:HK$250', '標準大床房:HK$259', '豪華雙床房（慕斯床墊+智能客控+城市夜景）:HK$262', '景觀大床房（慕斯床墊+智能客控+180度城市景觀）:HK$283', '雅緻雙床房（慕斯床墊+智能客控）:HK$288']"
宜昌東站鑫鼎亞朵酒店,9.6,"['雅緻大床房-投屏電視+智能客控+小冰箱:HK$304', '高級大床房-投屏電視+智能客控+小冰箱:HK$322', '高級雙床房-投屏電視+智能客控+小冰箱:HK$340', '高級江景大床房-投屏電視+智能客控+小冰箱:HK$377', '高級江景雙床房-投屏電視+智能客控+小冰箱:HK$377']"
宜昌機場桃花嶺飯店,9.6,"['特色雙床房:HK$343', '特色大床房:HK$354', '高級智能雙床房-智能語音客控:HK$364', '豪華智能大床房-智能語音客控:HK$419', '豪華智能雙床房-智能語音客控:HK$419']"
華美達宜昌大酒店（CBD購物中心店）,9.2,"['靜享舒適大床房-舒適格局+獨立辦公桌:HK$297', '靜享舒適雙床房-舒適格局+獨立辦公桌:HK$297', '靜享商務大床房:HK$297', '靜享商務雙床房:HK$297', '豪華景觀大床房-浴缸+180°城景+地標夜景:HK$322']"
宜昌滙豪國際酒店,9.4,"['滙·輕選雙床房:HK$278', '滙·甄選雙床房:HK$289', '滙·景觀雙床房:HK$323', '滙·景觀三人房:HK$334', '滙·甄選大床房:HK$346']"
九州方園大酒店（宜昌萬達濱江店）,9.6,"['城景商務大床房:HK$348', '180°城景小套房+全落地窗視野:HK$358', '180°高空城景雙床房+全落地窗城市盛景:HK$370', '180°高空城景大床房+全落地窗城市風光:HK$381', '城景彩蛋大床:HK$381']"
宜昌國貿大酒店（國貿大廈CBD購物中心店）,8.9,"['城景商務雙床房:HK$280', '城景惠享大床房:HK$280', '城景豪華雙床房:HK$304', '城景商務大床房:HK$316', '城景豪華大床房:HK$353']"
旅程酒店（宜昌三峽遊客中心萬達廣場店）,9.2,"['精緻大床房:HK$214', '城景大床房:HK$230', '側江景大床房:HK$246']"
泊兮·江南酒店,9.5,"['悠悦雙床房:HK$258', '悠悦家庭房:HK$284', '漫調大床房:HK$310', '漫調雙床房:HK$348', '漫調plus大床房:HK$374']"
山莊酒店（宜昌CBD購物中心解放路步行街店）,9.6,"['城·舒適大床房『投屏-零壓床墊』:HK$207', '林·商務大床房『投屏-零壓床墊-眠愈空間』:HK$236', '隱-雅謐雙床房『投屏-眠愈空間-內窗』:HK$236', '林·商務雙床房『零壓床墊-眠愈空間』:HK$242', '山·豪華大床房『投屏-超大空間-特大床-mini冰箱』:HK$329']"
點軍桃花嶺飯店（宜昌一中店）,9.6,"['豪華雙床房:HK$341', '豪華園景房:HK$384', '嘉賓雙床房:HK$399', '嘉賓大床房:HK$399', '家庭親子房:HK$399']"
EHA丨賽博螢火電競酒店（宜昌夷陵萬達廣場店）,10.0,"['艾黎丨電競大床房「RTX5070·全屋智能客控·落地窗」:HK$375', '慕旅丨電競雙床房「RTX5070·金可兒床墊·徠芬吹風機」:HK$375', '大空間FPS全景大床房「5070+7800X3D+卓威400Hz+機械臂」:HK$401', '大空間FPS悦己雙床房「5070+7800X3D卓威400Hz+TCL電視」:HK$401']"
曼泊·智酒店（宜昌三峽遊客中心濱江萬達廣場店）,9.3,"['曼優·玲瓏寶藏特惠房·城遇愛情:HK$153', '曼悦.城景智控大床房—零壓床墊+悦享快樂江景:HK$175', '曼趣.趣美智控大床房—趣享風景:HK$190', '曼咖.城遇智控雙床房—遇見最美的自己:HK$197']"
海友酒店（宜昌CBD國貿購物中心店）,9.5,"['大床房:HK$239', '高級大床房:HK$268', '雙床房:HK$278', '家庭房:HK$288']"
全季酒店（宜昌中南路長江廣場店）,9.7,"['雙床房:HK$322', '大床房:HK$341', '高級大床房:HK$361', '高級雙床房:HK$361']"
