酒店名称,评分,房型价格列表
宜春高鐵站希爾頓歡朋酒店,9.8,"['舒適大床房:HK$380', '舒適雙床房:HK$380', '高級大床房:HK$409', '高級雙床房:HK$409', '豪華大床房:HK$457']"
江湖温泉酒店（宜春温湯鎮店）,8.8,"['副樓-特價大床房【温泉入户+斜躺長浴缸+温馨雅居】:HK$176', '副樓-簡約雙床房【温泉入户+室內浴缸+獨享大空間】:HK$199', '副樓-雅緻河景雙床房【温泉入户+室內浴缸+秀麗河景】:HK$221', '副樓-蓮花泡池大床房【温泉入户+室內泡池+秀麗河景】:HK$242']"
明月驛站度假酒店,9.4,"['棲遲大床房（直飲富硒泉水）:HK$294', '山居-靜享雙床房（可直飲富硒泉水）:HK$426', '雲棲山居大床房（直飲富硒泉水）:HK$426', '創享童年親子房（親子帳篷+親子玩具）:HK$481', '雲軒閣棋牌大床房:HK$481']"
錦安明月酒店（宜春高鐵站萬達店）,9.8,"['甄選江景大床房[全屋智能+喜臨門床+萊芬吹風機]:HK$261', '輕奢智能大床房[全屋智能+喜臨門床+萊芬吹風機]:HK$269', '輕奢智能雙床房[全屋智能+喜臨門床+萊芬吹風機]:HK$269', '雅緻江景大床房[全屋智能+喜臨門床+萊芬吹風機]:HK$269']"
明月山温湯大酒店,8.9,"['樂享精英房:HK$282', '標準雙床房:HK$338', '標準大床房:HK$391', '主題大床房:HK$391', '紅木大床房:HK$501']"
宜春明月山維景國際温泉度假酒店,9.2,"['二號樓公寓雙床房:HK$340', '二號樓公寓大床房:HK$480', '主樓特價小窗雙床房（無浴缸）:HK$524', '主樓高級雙床房:HK$546', '主樓行政雙床房:HK$634', '主樓河景雙床房:HK$655']"
東鵬酒店（宜春秀江東路狀元洲店）,9.5,"['舒適大床房（靜謐空間+配置辦公區+冷藏小冰箱+電視可投屏）:HK$198', '江景大床房（獨立會客區+辦公桌+陽光滿屋+冷藏冰箱+電視可投屏）:HK$215', '舒適雙床房（深度好眠+配置辦公區+電視可投屏）:HK$216', '智慧雙床房（全屋智能+電視可投屏+辦公區+舒適沙發+冷藏冰箱）:HK$265', '江景雙床房（陽光滿屋+獨立會客區+辦公桌+舒適沙發+冷藏冰箱）:HK$271']"
龍灣溫泉酒店（宜春溫湯店）,9.3,"['精選優享大床房:HK$254', '精選優享雙床房:HK$254', '雅居浴缸雙床房「超清投影+智能客控」:HK$303', '雅居浴缸大床房「超清投影+智能客控」:HK$318']"
柏納酒店（宜春萬達高鐵站店）,9.4,"['臻享雙床房（高空美景+大視野）:HK$218', '臻享大床房（高層美景+大視野）:HK$218', '陽光城景大床房（街區城景+大視野）:HK$238', '陽光山景雙床房（絕美山景+大視野）:HK$250']"
宜春紅林大酒店,9.3,"['暢享雙床房:HK$328', '暢享大床房:HK$328', '親子房:HK$546', '舒適套房:HK$666', '豪華套房:HK$819']"
山野温泉酒店（宜春温湯店）,9.3,"['隱居·温泉棋牌廚房投影套房「冰箱洗衣機+可做飯」:HK$233', '祕境·觀影休閑温泉大床房「酣睡床墊+超清投影+小冰箱」:HK$233', '陽光·悠閑温泉無煙雙床房「180°落地窗+温泉浴缸+落日山景」:HK$284', '露台·廚房温泉大床房「180°落地窗+多功能廚房+露台」:HK$284']"
江西礦療温泉酒店,8.8,"['五號樓舒適大床房:HK$337', '四、五號樓舒適雙床房:HK$337', '山水樓園景雙床房:HK$391', '山水樓園景大床房:HK$391']"
明月山湯池温泉酒店,8.9,"['浪漫·私湯温泉大床房:HK$222', '島嶼·私湯湖景大床房:HK$242', '原木·温泉私湯雙床房:HK$257', 'Loft複式·湖景温泉大床房:HK$297']"
錦安酒店（國際商貿城店）,9.4,"['純凈雙床房（空氣凈化機 +靜謐空間+配置辦公區+智能語音控制）:HK$205', '純凈大床房:HK$205', '舒享雙床房（公園觀景+靜謐空間+配置辦公區+智能語音控制）:HK$217', '舒享大床房（城市觀景+靜謐空間+配置辦公區+智能語音控制）:HK$217']"
宜春得泉温泉酒店,9.7,"['温泉街景大床房:HK$467', '温泉街景雙床房:HK$467', '温泉無煙雙床房:HK$488', '温泉複式大床房:HK$531']"
麗楓酒店（宜春經開區店）,9.7,"['雅緻大床房（新風空氣凈化+智能家居）:HK$294', '豪華大床房（慕斯零壓好眠）:HK$320', '純凈大床房（彌散空氣凈化+慕斯零壓好眠）:HK$338', '豪華雙床房（慕斯零壓好眠）:HK$340']"
DUDDEN杜登酒店（宜春行政中心高鐵站店）,9.4,"['舒適雙床房:HK$380', '舒適大床房:HK$380', '城景大床房:HK$413', '城景雙床房:HK$413', '江景大床房:HK$435']"
宜春温湯壹號酒店（明月千古情景區店）,9.1,"['行政大床浴缸房:HK$249', '行政雙床浴缸房:HK$255', '行政雙床泡池房:HK$267', '豪華大床浴缸房:HK$274']"
維也納酒店（宜春行政中心店）,9.5,"['高級大床房:HK$198', '高級雙床房:HK$198', '豪華雙床房:HK$230', '豪華特大床房:HK$230']"
明月山書意温泉酒店,9.0,"['私湯温泉雙床房:HK$207', '河景私湯温泉大床房（富硒温泉+深泡浴缸+乾濕分區）:HK$207', '河景私湯温泉大床房loft（富硒温泉+會客廳+深泡浴缸）:HK$241', '私湯温泉親子房loft（富硒温泉+深泡浴缸+親子主題）:HK$272']"
天沐·江西明月山温泉度假村,8.9,"['明月閣複式雙床房:HK$279', '明月閣複式大床房:HK$388', '天沐閣高級湖景雙床房:HK$431', '天沐閣豪華湖景雙床房【舒脊乳膠床墊】:HK$571', '天沐閣高級湖景麻將房:HK$625']"
温湯鎮軍地人生精品客棧,9.9,"['二號別墅102大床房:HK$465', '二號別墅105大床房:HK$465', '一號別墅202雙床房:HK$558', '二號別墅103大床房:HK$558']"
宜春泉月山莊度假酒店,8.3,"['豪華温泉陽台雙床房（富硒温泉+獨立陽台+瓶裝水+健身房+唱歌機+公用洗衣機+茶室+部分山景+各類棋具球類）:HK$370', '豪華温泉陽台大床房（富硒温泉+獨立陽台+瓶裝水+健身房+唱歌機+公用洗衣機+茶室+部分山景+各類棋具球類）:HK$391', '豪華温泉棋牌雙床套間（麻將+富硒温泉+瓶裝水+健身房+唱歌機+公用洗衣機+茶室+部分山景+各類棋具球類）:HK$588', '豪華温泉親子三床套房（兩室兩衞+富硒温泉+部分獨立陽台+瓶裝水+健身房+唱歌機+茶室+部分山景+各類棋具球類）:HK$872', '行政套房:HK$2,403']"
城市便捷酒店（宜春經開區店）,9.2,"['智能標準大床房:HK$152', '智能高級大床房:HK$168', '智能高級雙床房:HK$168', '智能豪華大床房:HK$183']"
硒源美宿（溫湯古井泉街店）,9.8,"['温馨榻榻米房-温泉私浴+高檔床墊+馬桶墊+浴缸袋:HK$193', '精緻大床房-温泉私浴+高檔床墊+馬桶墊+浴缸袋:HK$222', '舒適雙床房-温泉私浴+高檔床墊+馬桶墊+浴缸袋:HK$251', '豪華雙床房--温泉私浴+高檔床墊+全屋智能+智能馬桶:HK$291']"
宜春温湯雨後温泉民宿,9.9,"['五滴（榻榻米温泉雙床房）:HK$1,054', '九滴（榻榻米温泉雙床房）:HK$1,094', '六滴（露台温泉大床房）:HK$1,450', '七滴（露台温泉大床房）:HK$1,450', '六縷（露台温泉雙床房）:HK$1,450']"
宜春秀江賓館,9.2,"['豪華湖景雙床房:HK$277', '雅緻園景大床房:HK$277', '豪華湖景大床房:HK$286', '尊享行政套房:HK$590']"
宜春迎賓館,9.4,"['高級園景大床房:HK$392', '高級園景雙床房:HK$392', '高級湖景雙床房:HK$424', '高級湖景大床房:HK$424', '熊貓主題園景單間:HK$473', '行政商務雙床房:HK$572']"
維也納酒店（宜春高鐵站萬達店）,9.6,"['標準大床房:HK$200', '豪華大床房:HK$225', '豪華雙床房:HK$240', '棋牌大床房:HK$249']"
宜春硒泉賓館,9.0,"['硒泉街景雙床房:HK$327', '靜謐園景雙床房:HK$338', '硒泉精品大床房:HK$338', '硒泉豪華麻將套房:HK$454']"
宜春明月山假日度假酒店,9.3,"['高級大床房:HK$441', '高級雙床房:HK$441', '高級房:HK$441', '高級超大床私人温泉房:HK$572', '豪華超大床私人温泉房:HK$692']"
宜春硒湯温泉度假酒店（温湯古井泉街店）,8.7,"['高級雙床房（富硒温泉+浴缸+愜意庭院）:HK$171', '私湯温泉雙床房（富硒温泉+室內浴缸+愜意庭院）:HK$203', '私 湯温泉大床房（富硒温泉+室內浴缸+愜意庭院）:HK$203', '景觀温泉雙床房（富硒温泉+室內浴缸+陽台）:HK$205']"
悦空中酒店（宜春潤達國際店）,9.3,"['榻榻米大床房:HK$234', '和悦雙床房（天貓精靈）:HK$246', '空中瑰麗大床房（智能馬桶）:HK$258', '豪華影視大床房（百寸巨幕+影視VIP）:HK$270']"
宜春數圓酒店,9.1,"['精品單間（房間內提供汗蒸室+地暖）:HK$526', '商務套間（房內配備汗蒸室+浴缸+地暖）:HK$610', '湖景商務套房（欣賞湖景+房間內配備汗蒸室+浴缸+地暖）:HK$797', '豪華湖景套房（獨立會客廳+汗蒸室+湖景浴缸）:HK$1,123']"
樸語私湯美墅,9.0,"['野奢私湯大床房:HK$205', '温馨私湯大床房:HK$205', '野奢影院私湯大床房:HK$219', '山景私湯大床房:HK$219', '城景私湯大床房:HK$219']"
漢庭酒店（宜春市政府融薈城店）,9.9,"['大床房「品牌床墊+乳膠枕+LG洗烘機+電視投屏」:HK$190', '商務雙床房「辦公區+喜臨門床墊+LG洗烘機+電視投屏」:HK$209', '高級大床房「辦公桌+喜臨門床墊+LG洗烘機+電視投屏」:HK$209', '商務大床房「採光明亮+休閑沙發+LG洗烘機+電視投屏」:HK$238']"
明月山靈泉精舍藝術民宿,9.9,"['倚風:HK$603', '近水:HK$603', '眠雲:HK$680', '傍山:HK$680']"
麗楓酒店（宜春明月之都店）,9.5,"['雅緻大床房:HK$297', '豪華大床房:HK$328', '豪華雙床房:HK$328', '行政大床房:HK$358', '純凈大床房:HK$363']"
格非酒店（宜春市袁州區高鐵站店）,9.2,"['商務大床房:HK$158', '雅緻雙床房:HK$158', '商務雙床房:HK$185', '城景大床房:HK$186']"
宜春舊雨新知輕奢民宿（明月山温泉度假村店）,9.6,"['榻榻米間:HK$765', '古典小院標準間:HK$1,201', '小院親子大床房:HK$1,202', '普通標準間:HK$1,530', '陽台景觀雙床房木屋（拐棗屋x紅豆杉屋）:HK$1,530']"
麗風酒店（宜春鼓樓步行街店）,8.7,"['豪華大床房:HK$229', '豪華雙床房:HK$229', '雅緻大床房:HK$255', '私人影院房:HK$306']"
維也納酒店（宜春經開區店）,9.5,"['豪華大床房:HK$230', '豪華雙床房:HK$230', '健康大床房:HK$252', '健康雙床房:HK$252']"
温湯璽滿小院民宿,10.0,"['温馨大床房:HK$305', '時光木屋:HK$398', '陽光大床房:HK$435', '尊享雙床房:HK$435']"
安悦酒店（宜春高鐵站萬達店）,9.3,"['Anu.好眠大床房[巨幕投影丨現代輕奢丨深度好眠丨智能客控]:HK$151', 'Anu.黑巖大床房[巨幕投影丨沉浸視聽丨品牌床墊丨:HK$154', 'Anu.悦沐大床房[網絡電視丨靜享閑暇丨品牌床墊丨智能客控]:HK$163', 'Anu.雙宿雙床房[網絡電視丨寬敞明亮丨採光通透丨智能客控]:HK$163']"
心宿·雅苑度假酒店（千古情店）,10.0,"['心宿·山景標準房『激光電視+全屋智能+恆温地暖』:HK$448', '心宿·山景豪華大床房『全屋智能+恆温地暖+舒適浴缸』:HK$494', '心宿·高級山景大床房『全屋智能+恆温地暖+舒適浴缸』:HK$533', '心宿·高級山景雙床房『全屋智能+恆温地暖+舒適浴缸』:HK$533']"
如你所院·民宿（宜春温湯度假區店）,9.4,"['特價大床房丨帶浴缸:HK$217', '如你温馨大床房丨帶浴缸:HK$249', '如你温馨雙床房丨帶浴缸:HK$272', '如你景觀雙床房丨帶浴缸:HK$293']"
曼居酒店（宜春經濟開發區店）,9.2,"['樂活主題房:HK$254', '曼選雙床房:HK$273', '曼享大床房:HK$295', '樂活零壓房:HK$307', '曼居大床房:HK$352']"
宜春花地·貳號院輕奢温泉民宿villa（明月山温泉度假村店）,9.8,"['百合·庭院景觀大床房（全屋地暖）:HK$580', '滿天星·露台湖景套房（全屋地暖）:HK$594', '山玉蘭×青蓮·湖景雙床套房（全屋地暖）:HK$664', '夜曇·湖景大床套房（全屋地暖）:HK$896', '輕奢山野五室包棟:HK$3,099']"
希岸酒店（宜春市政府高鐵站店）,9.0,"['特惠玲瓏大床房（零壓床墊+乳膠枕）:HK$185', '希岸雅緻大床房（全景落地+乳膠枕）:HK$207', '希岸高級雙床房（乳膠枕+舒適辦公區）:HK$217', '希岸豪華大床房（放鬆沙發區+乳膠枕）:HK$229']"
棲心谷民宿（明月山遊客中心店）,9.8,"['世外桃源大床房:HK$520', '世外桃源雙床房:HK$547', '山景大床房:HK$639', '山景雙床房:HK$669']"
