酒店名称,评分,房型价格列表
崇左城府花墅酒店,9.4,"['逸墅·園景雙床房:HK$353', '逸墅·全景大床房:HK$353', '瀾墅·怡景大床房:HK$397', '瀾墅·怡景雙床房:HK$397', '臻墅·影音大床房:HK$418']"
左江泊隱酒店（崇左融創inspark商場店）,9.7,"['臻享城畔·大床房（270°景觀+舒達床墊）:HK$708', '臻享城畔·雙床房（舒達床墊+靜享好眠）:HK$720', '靜覽城華·大床房（超大床+大空間+舒達床墊）:HK$744', '靜覽城華·雙床房（大雙床+大空間+舒達床墊）:HK$756', '陽煦山立·影音大床房（270°景觀+百寸巨幕+望山覽城）:HK$780', '向雲端·影音大床房（270°景觀+百寸巨幕+浴缸觀影）:HK$780']"
崇左凱玄國際大酒店,9.4,"['驚喜標準大床房:HK$357', '驚喜標準雙床房:HK$357', '豪華大床房（智能客控+賞城市景觀+獨享長浴缸）:HK$420', '豪華雙床房（智能客控+賞城市景觀+獨享長浴缸）:HK$420', '江景大床房（智能客控+縱覽一線江景+獨享長浴缸）:HK$486', '江景雙床房（智能客控+縱覽一線江景+獨享長浴缸）:HK$486']"
崇左麗呈華廷酒店（崇左高鐵南站店）,9.4,"['標準大床房（智能客控+山景景觀+親膚浴袍）:HK$642', '豪華靜謐大床房（智能客控+深度好眠超大床墊+親膚浴袍）:HK$702', '高級大床房（智能客控+深度好眠超大床墊+親膚浴袍）:HK$746', '豪華大床房（智能客控+深度好眠超大床墊+減壓浴缸+親膚浴袍）:HK$791', '高級雙床房（智能客控+落地玻璃+親膚浴袍）:HK$791', '小黃鴨親子主題房:HK$1,389']"
廣西崇左祕境麗世度假村,9.8,"['園景雙床套房:HK$5,353', '單卧套房:HK$6,117', '精選麗世套房:HK$6,445', '湖景泳池套房:HK$6,663', '家庭套房:HK$6,663', '河畔別墅:HK$8,302']"
大新明仕山莊,8.7,"['民族特色雙床房:HK$610', '民族特色大床房:HK$610']"
崇左發呆坡雲頂全景度假村,9.6,"['驚.喜度假房:HK$1,058', '雲漫·全景大床房|落地窗山景|冰箱:HK$1,163', '雲棲·山景陽台大床房 |山景陽台|觀山浴缸|冰箱:HK$1,375', '雲棲·山景陽台雙床房 |山景陽台|觀山浴缸|冰箱:HK$1,481', '雲棲·山景陽台家庭房|大雙床|山景陽台|觀山浴缸|冰箱:HK$1,588', '雲見·山景泳池大床房 |觀山全景|私人泳池|冰箱:HK$1,692']"
崇左梅園璞邸酒店（太平古城店）,9.5,"['豪華雙床房:HK$380', '景觀大床房:HK$395', '豪華大床房:HK$398', '精品雙人房:HK$412']"
城市便捷酒店（崇左友誼大道百成國際店）,9.5,"['智能商務雙床房（180°雲端城景+ 全屋聲控+智能馬桶）:HK$207', '智能商務大床房（180°雲端城景+ 全屋聲控+智能馬桶）:HK$215', '智能豪華大床房（180°雲端城景+ 全屋聲控+智能馬桶）:HK$237', '影院大床房（100寸高清影音投影+高空落地景觀+智能客控）:HK$252']"
柏曼酒店（崇左中心步行街民族師範學院店）,9.5,"['標準大床房（採光通透+深度好眠+解壓床墊）:HK$196', '標準雙床房（採光通透+深度好眠+解壓床墊）:HK$202', '高級大床房（採光通透+大空間深度好眠+解壓床墊）:HK$223', '高級雙床房（落地觀景+大空間釋壓舒眠+解壓床墊）:HK$236']"
崇左維納斯度假村酒店（市政府店）,9.5,"['豪華園景雙床房（180°園林景觀·安靜舒適）:HK$244', '豪華園景大床房（180°園林景觀·安靜舒適）:HK$244', '商務景觀大床房（180°景觀別墅園林）:HK$265', '商務景觀雙床房（180°城市景觀·安靜舒適）:HK$265']"
雲麓·映山別院（大新明仕店）,9.6,"['B 越居山景大床房（全畫幅落地窗·全屋智能·復古法式·Mini冰箱·洗衣烘乾機）:HK$468', 'A 山景大床房（一線山景·全畫幅落地窗·全屋智能·復古法式·洗衣烘乾·Mini冰箱）:HK$522', 'A 山景雙床房（180°山景·全畫幅落地窗·復古法式·全屋智能·洗衣烘乾·Mini冰箱·可住2大2小）:HK$522', 'B 越秀山景大床房（一線山景·全屋智能·復古法式·洗衣烘乾·Mini冰箱）:HK$555', 'A 精選山景泡池大床房（全畫幅山景落地窗·獨立陽台）:HK$610']"
明仕那裡酒店（崇左大新店）,9.5,"['那廂雙床房:HK$1,649', '觀山大床房:HK$2,600', '觀山雙床房:HK$2,611', '枕田雙床房:HK$2,819', '枕田大床房:HK$2,819', '戀林大床房:HK$2,868']"
維也納酒店（崇左萬象郡民師院店）,9.5,"['高級大床房（零壓床墊+雙層隔音+獨立辦公桌）:HK$255', '高級雙床房（零壓床墊+雙層隔音+皇室玫瑰洗浴用品）:HK$255', '豪華大床房（零壓床墊+獨立辦公桌+靜謐空間）:HK$274', '豪華雙床房（零壓床墊+雙層隔音+皇室玫瑰洗浴用品）:HK$274']"
大新溯禾·明仕畫廊民宿,9.3,"['清明上河圖·90°竹林景觀大床房:HK$499', '墨菊觀山·90°景觀大床房:HK$499', '北國風光·90°田園景觀大床房:HK$537', '百花齊放·90°田園景觀大床房:HK$537', '睡蓮觀山·90°景觀大床房:HK$628']"
美豪麗致酒店（憑祥汽車站美食街店）,9.6,"['麗致城景大床房:HK$215', '麗致城景雙床房:HK$271', '麗致雙床房:HK$294', '雅緻城景大床房:HK$323', '靜雅城景親子套房:HK$327']"
崇左花山笙美度假村,9.1,"['奇遇VR特色陽台單居景觀客房（觀影+遊戲）:HK$2,203', '陽台單居景觀客房:HK$2,416', '奇遇VR特色私湯單居景觀客房（觀影+遊戲）:HK$2,520', '私湯單居景觀客房:HK$2,635', '奇遇VR特色童趣私湯複式套房（觀影+遊戲）:HK$3,048', '童趣私湯複式套房:HK$3,214']"
大新那美山舍,9.4,"['枕山入夢舒適雙床房:HK$533', '枕山入夢舒適大床房:HK$533', '稻浪聽風山景大床房:HK$653', '雲岫望峯陽台景觀雙床房:HK$762']"
逸喆槿悦酒店（崇左高鐵站店）,9.5,"['逸馨大床房（自助停車+自助洗衣）:HK$199', '逸悦大床房（自助停車場+自助洗衣房）:HK$251', '逸尊大床房（智能客控+城市景觀+舒適沙發）:HK$254', '逸尊豪華大床房（智能客控+城市景觀+舒適沙發）:HK$332']"
崇左天龍灣曼悦酒店（民族師範學院高鐵站店）,9.2,"['豪華大床房【毛巾獨立包裝+0壓床墊+庭院花園景觀】:HK$283', '豪華雙床房【毛巾獨立包裝+0壓床墊+庭院花園景觀】:HK$283', '智能大床房【毛巾獨立包裝+0壓床墊+庭院花園景觀】:HK$317', '智能雙床房【毛巾獨立包裝+0壓床墊+庭院花園景觀】:HK$317', '行政大床房【休閑娛樂花園+毛巾浴巾獨立包裝+小冰箱】:HK$349']"
廣悅尚·老木棉酒店（德天瀑布店）,8.5,"['唯美高級雙床房:HK$872', '唯美高級大床房:HK$872', '典雅大床房:HK$872', '行政大床房:HK$981', '行政雙床房:HK$981']"
大新悦享邊城酒店,9.3,"['雅宿單人間:HK$358', '雅宿雙人房:HK$368', '悦享閲景大床房（智能馬桶+迷你茶台）:HK$389', '尊享閲景雙床房（迷你茶台+智能馬桶）:HK$397']"
崇左國際大酒店（高鐵站市政府店）,9.3,"['標準雙床房（山城觀景高層+遮光安睡）:HK$298', '標準大床房（城景高層+遮光安睡）:HK$298', '輕奢大床房（山城觀景靜謐高層+遮光安睡）:HK$313', '輕奢雙床房（城景靜謐高層+遮光安睡）:HK$313', '臻享商務大床房（氛圍燈效+浴缸+小冰箱+商務辦公桌）:HK$339']"
雅斯特國際酒店（崇左友誼大道高鐵南站店）,9.3,"['高級大床房（高層景觀+藍牙音響）:HK$246', '豪華大床房（城景高層+藍牙音響+舒適沙發）:HK$263', '高級雙床房（城景高層+藍牙音響+電動窗簾）:HK$272', '超級大床房（城景高層+藍牙音響+長沙發）:HK$272']"
維也納國際酒店（大新德天廣場店）,9.1,"['高級大床房:HK$261', '高級雙床房:HK$261', '家庭房:HK$277', '豪華雙床房:HK$294', '豪華大床房:HK$312']"
藝龍安雲酒店（崇左高鐵南站店）,9.4,"['名仕-大床房[65寸8K超清懸浮屏電視+夢百合零壓床墊]:HK$170', '花山-雙床房[乾濕分離+高速護髮負離子吹風機]:HK$180', '德天-高級大床房[65寸8K超清懸浮屏電視+夢百合抗真菌床墊]:HK$202', '太平-高級雙床房[65寸8K超清懸浮屏電視+全屋智能]:HK$213']"
廣西崇左明仕雅居•山水美宿,9.6,"['見山水·河畔親水大床房:HK$2,491', '伴山水·河畔山水大床房:HK$2,818', '歸田園·四季沐陽大床房:HK$2,818', '悦山水·河畔山水家庭房:HK$2,818', '眺星河·星空全景大床房:HK$2,928', '慢時光·四季田園家庭房:HK$2,928']"
大新田間漫步客棧,9.2,"['豪華景觀雙床房:HK$500', '豪華全景大床房:HK$610', '豪華全景雙床房:HK$610', '豪華榻榻米雙床房:HK$620']"
城市便捷酒店（崇左中心步行街店）,9.3,"['高級大床房（採光通透+電視投屏+智能馬桶）:HK$214', '商務大床房（採光通透+電視投屏+智能馬桶）:HK$241', '商務雙床房（採光通透+電視投屏+智能馬桶）:HK$251', '影院大床房（100寸高清投影+騰訊會員+智能馬桶）:HK$288']"
廣西崇左明仕別院•山水院子,9.6,"['山水別院貳號大床房（私享休憩陽台+好眠田園裡）:HK$1,726', '山水別院貳號雙床房（私享休憩陽台+好眠田園裡）:HK$1,726', '山水別院壹號雙床房（觀山休憩陽台+觀晚霞夕照）:HK$1,835', '山水別院壹號家庭房（觀山休憩陽台+LOFT親子空間+觀晚霞夕照）:HK$1,944']"
崇左龍州觀堂酒店,9.4,"['觀悦·棲雲台·露台景觀大床房:HK$1,857', '觀園·倚翠居·精緻大床房·浴缸:HK$2,185', '觀園·沐雲居·精緻雙床房 ·陽台:HK$2,185', '觀心·青禾軒·田園全景大床房·浴缸:HK$2,458', '觀心·麗琅軒·田園全景雙床房· 秀麗花園:HK$2,458', '觀雲·鳴鸞閣·豪華園景大床房·寬敞陽台:HK$2,785']"
崇左在野宿集·野白度假Villa,9.5,"['山野·户外水池大床Villa:HK$2,965', '鄉野·户外水池雙床Villa:HK$3,185', '川野·全景泳池大床villa:HK$3,402', '水野·全景泳池大床Villa:HK$3,512', '森野·複式雙卧家庭Villa:HK$5,368']"
廣悅尚·花舍原鄉（德天瀑布店）,8.6,"['花語園景雙床房:HK$315', '花溪河畔親子房二房一廳:HK$655', '花溪河畔複式套房三房一廳（雙床）:HK$655', '花溪河畔複式套房三房一廳:HK$874']"
城市便捷酒店（崇左友誼大道店）,9.4,"['標準大床房【公區提供自助洗衣房】:HK$182', '高級大床房【公區提供自助洗衣房】:HK$196', '標準雙床房【舒適睡眠+超大雙人床】:HK$202', '豪華大床房【電視投屏+智能馬桶+辦公沙發桌椅】:HK$209']"
崇左在野宿集·萬相度假Villa,9.5,"['在岸邊私享庭院大床房-浴缸+智能馬桶:HK$2,552', '伴山單卧大床獨棟別墅-户外水池+浴缸:HK$2,764', '探祕陽光親子獨棟別墅-户外水池+浴缸+小童帳篷木馬:HK$3,081', '樂山靜謐雙卧獨棟別墅-兩室一廳兩衞+户外水池+浴缸+寬敞空間:HK$5,092']"
天等逸景觀嵐酒店,9.5,"['輕奢大床房:HK$316', '高級大床房:HK$338', '輕奢雙床房:HK$338', '高級雙人房:HK$359', '豪華觀景大床房:HK$359']"
大新那依家民宿（峒那嶼灣景區店）,9.8,"['溪畔·山語大床房（落地玻璃窗+投影影音）:HK$633', '溪畔·山語雙床房:HK$687', '雲棲·星語大床房（投影影音）:HK$753', '雲棲·星語浴缸雙床房:HK$829']"
宜尚酒店（崇左友誼大道高鐵南站店）,9.3,"['標準雙床房（零壓床墊+雙層隔音+安靜舒適）:HK$240', '舒適大床房（零壓床墊+雙層隔音+獨立辦公桌）:HK$240', '標準大床房（躺椅沙發+零壓床墊+雙層隔音）:HK$261', '高級大床房（真空隔音玻璃+斯林柏蘭床墊+躺椅沙發）:HK$283']"
崇左雅閣大酒店,9.4,"['高級雙床房:HK$435', '高級湖景大床房:HK$489', '豪華雙床房:HK$489', '豪華湖景大床房:HK$544', '陽台景觀家庭大床房:HK$817', '陽台景觀家庭雙床房:HK$817']"
天龍灣曼悅酒店（憑祥友誼關大道政務中心店）,9.5,"['舒適大床房:HK$156', '舒適雙床房:HK$199', '景觀商務大床房:HK$225', '景觀商務雙床房:HK$230']"
大新明仕美景客棧,9.0,"['望田單人房:HK$332', '觀山雙人房:HK$370', '望田雙人房:HK$462', '山野家庭房:HK$462']"
宜尚酒店（憑祥市市政府中心店）,9.7,"['高級智能大床房（智能客房+智能馬桶+自然景）:HK$252', '高級智能雙床房（智能客控+智能馬桶+自然景）:HK$264', '豪華智能大床房（智能客控+客房冰箱+自然景）:HK$290', '影院豪華大床房（智能客控+客房冰箱+巨幕觀影）:HK$339']"
德天華悦山水畫廊山景庭院旅拍酒店（德天瀑布店）,9.2,"['悦山靜謐大床房:HK$576', '悦山靜謐雙床房:HK$634', '畔山舒睡大床房:HK$692', '畔山舒睡雙床房:HK$749']"
寧明花山温泉國際酒店,8.9,"['北樓·豪華雙床房:HK$489', '北樓·豪華大床房:HK$489', '豪華行政套房:HK$1,507']"
崇左一千零一個院望·黛院,9.5,"['榻榻米露台大床房-河景陽台+榻榻米茶几:HK$1,103', '景觀露台大床房-直麪黑水河景+浴缸:HK$1,213', '黛水複式家庭套房-觀景陽台+直麪黑水河景:HK$2,195', '全景兩室一廳套房-兩個超大露台+黑水河景+觀景浴缸:HK$2,524', '轟趴四居獨棟別墅-河景陽台+房內小冰箱:HK$4,599']"
CoreSpot丨明月湖度假·酒店（崇左大新縣人民政府德天廣場店）,9.2,"['高級大床房丨零壓床墊丨深睡記憶枕:HK$141', '舒適雙床房丨零壓床墊丨深睡記憶枕丨乾濕分離:HK$152', '豪華大床房丨園林景觀丨零壓床墊丨深睡記憶枕:HK$163', '豪華雙床房丨園林山景丨零壓床墊深睡記憶枕丨中央空調:HK$174']"
崇左天湖大酒店（高鐵南站友誼大道店）,9.1,"['豪華雙床房:HK$168', '豪華總統套房:HK$7,645']"
芳園·大新｜RURAL SCENERY 隱世田園度假美宿（明仕田園店）,9.1,"['芳園|特惠舒睡雙床房:HK$673', '山色宜人|旅居雅緻雙床房（附樓）:HK$826', '山居歲月|温馨標準雙床間:HK$826', '在那山野|旅居舒適雙床房（附樓）:HK$826']"
漢庭酒店（崇左火車南站友誼大道店）,9.8,"['大床房:HK$243', '高級大床房:HK$261', '高級雙床房:HK$271', '豪華景觀大床房:HK$309']"
聖展酒店（崇左新城中心步行街店）,8.9,"['商務雙人房:HK$204', '商務大床房:HK$204', '豪華大床房:HK$240', '豪華雙床房:HK$240', '豪華商務雙人間:HK$266']"
