酒店名称,评分,房型价格列表
常州青果巷文棲酒店,9.8,"['街景大床房:HK$500', '街景雙床房:HK$500', '文亨大床房（地鐵直達）:HK$571', '良棲雙床房（地鐵直達）:HK$574', '名士loft行政閣（鬧中取靜）:HK$859']"
常州火車站南大街亞朵酒店,9.7,"['高級大床房:HK$403', '高級雙床房:HK$403', '行政雙床房:HK$483', '行政大床房:HK$483', '幾木套房:HK$565']"
常州青果巷新棠酒店（常州站店）,9.6,"['雅緻大床房:HK$298', '高級大床房:HK$352', '景觀大床房:HK$382', '豪華雙床房:HK$510', '露台大床房:HK$608']"
常州宋劍湖假日酒店,9.7,"['豪華大床房:HK$354', '豪華雙床房:HK$354', '景觀大床房:HK$373', '景觀雙床房:HK$378', '行政湖景套房（暢享湖景+隨心所浴+高級會客廳）:HK$764']"
常州奧體中心亞朵酒店（環球恐龍城店）,9.8,"['高級雙床房:HK$430', '高級大床房:HK$439', '行政大床房:HK$474', '幾木大床房:HK$519', '行政雙床房:HK$519']"
常州常青里亞朵酒店,9.7,"['高級大床房:HK$403', '行政雙床房:HK$421', '行政大床房:HK$421', '尊享大床房:HK$474', '尊享雙床房:HK$474']"
亞朵酒店（常州恐龍園店）,9.8,"['高級大床房（65寸電視＋投屏）:HK$464', '高級雙床房（65寸電視+投屏）:HK$492', '行政大床房（65寸電視+投屏+深睡記憶枕）:HK$492', '幾木大床房（65寸電視+投屏+冰箱茶飲+浴袍）:HK$576', '幾木雙床房（65寸電視+投屏+冰箱茶飲+浴袍）:HK$586']"
常州嘉宏美爵酒店,9.6,"['豪華大床房:HK$309', '豪華雙床房:HK$309', '高級大床房:HK$350', '精選大床房:HK$363', '精選雙床房:HK$363', '高級雙床房:HK$438']"
尚品錦雲智慧酒店（常州奧體中心新北萬達廣場店）,9.3,"['好眠智能大床房:HK$348', '好眠智能雙床房:HK$348', '豪智鳥籠大床房:HK$374', '豪智影院大床房:HK$377']"
中天西太湖度假酒店,9.9,"['豪華雙床房:HK$458', '豪華大床房:HK$500', '豪華套房:HK$785', '園林別墅:HK$5,042']"
常州開元名都大酒店,9.7,"['開元標準大床房:HK$655', '開元市景大床房:HK$688', '開元市景雙床房:HK$688', '豪華大床房:HK$797', '豪華雙床房:HK$797', '行政大床房:HK$906']"
常州中吳賓館,9.6,"['玉蘭苑豪華雙床房:HK$895', '玉蘭苑豪華大床房:HK$895', '玉蘭苑豪華景觀雙床房:HK$945', '玉蘭苑豪華景觀大床房:HK$945', '玉蘭苑豪華湖景大床房:HK$994', '玉蘭苑豪華湖景雙床房:HK$994']"
常州富力萬達嘉華酒店,9.3,"['豪華雙床房:HK$649', '豪華水慕斯智眠房（可升降按摩床+水慕斯體膜浴機）:HK$651', '高級豪華大床房:HK$682', '高級豪華雙床房:HK$686', '行政豪華大床房:HK$863', '行政豪華雙床房:HK$863']"
常州星河萬麗酒店,9.5,"['高級湖景大床房:HK$1,048', '高級湖景雙床房:HK$1,048', '豪華湖景大床房:HK$1,110', '豪華湖景雙床房:HK$1,110', '行政湖景大床房:HK$1,387', '行政湖景雙床房:HK$1,387']"
常州志逸温德姆花園酒店,9.6,"['高級大床房:HK$432', '高級雙床房:HK$443', '豪華大床房:HK$488', '豪華雙床房:HK$488', '行政大床房:HK$554', '行政雙床房:HK$554']"
常州新城希爾頓酒店,9.6,"['希爾頓大床房:HK$576', '希爾頓雙床房:HK$576', '豪華雙床房:HK$606', '豪華大床房:HK$612', '全景大床房:HK$730', '行政大床房:HK$882']"
常州金壇江南明都國際酒店,9.7,"['高級雙床房:HK$402', '高級大床房:HK$402', '豪華大床房:HK$500', '江南親子房:HK$500', '盼酷親子主題房:HK$544', 'B.duck小黃鴨親子主題房:HK$544']"
常州西廬文棲酒店,9.7,"['豪華大床房:HK$654', '南廂大床房:HK$763', '庭院大床房:HK$993', '庭院雙床房:HK$993', '庭院尊享大床房:HK$1,102']"
常州都喜天麗富都青楓苑酒店,9.4,"['豪華大床房:HK$543', '豪華雙床房:HK$543', '青楓景觀房:HK$565', 'MINANA親子家庭房:HK$746', '青楓瑜伽房:HK$746', '天麗豪華大床房:HK$805']"
常州環球恐龍城恐龍主題度假酒店,9.2,"['海底世界影音房（無窗）:HK$507', '海底世界精選房:HK$584', '商務高級大床房:HK$662', '綠野仙蹤高級大床房:HK$662', '商務高級雙床房:HK$662']"
常州武進科教城亞朵酒店,9.7,"['高級雙床房:HK$421', '高級大床房:HK$439', '行政大床房:HK$457', '幾木雙床房:HK$474', '幾木大床房:HK$492']"
常州文筆酒店（青果巷店）,9.6,"['精品大床房:HK$294', '精品雙床房:HK$294', '景觀大床房:HK$359', '景觀雙床房:HK$359', '商務雙床房:HK$359']"
常州錦江麗亭酒店,9.5,"['高級大床房:HK$392', '高級雙床房:HK$392', '精緻大床房:HK$434', '精緻雙床房:HK$434', '行政大床房:HK$544']"
常州福朋喜來登酒店,9.6,"['標準大床房:HK$445', '標準雙床房:HK$445', '精選雙床房（高樓層）:HK$501', '精選大床房（帶浴缸）:HK$501', '標準家庭房:HK$610']"
雷克泰國際酒店（高鐵北站店）,9.7,"['雅緻舒睡大床房:HK$261', '高級景觀雙床房:HK$268', '豪華景觀雙床房:HK$318', '高級景觀大床房:HK$325', '温馨親子家庭房:HK$368']"
中吳賓館·玖園,10.0,"['玖園庭院雙床房:HK$3,153', '玖園庭院大床房:HK$3,153', '玖園園林套房:HK$5,554', '園林家庭套房:HK$6,646', '園林至尊套:HK$11,013']"
曼美·文禧居酒店（常州高鐵北站店）,9.6,"['零壓商務雙床房:HK$307', '零壓商務大床房:HK$307', '零壓豪華影院大床房:HK$351', '零壓行政大床房:HK$394']"
常州明都大飯店（火車站青果巷店）,9.4,"['商務雙床房:HK$273', '商務大床房:HK$284', '豪華智眠大床房（零壓可升降智能床）:HK$325', '豪華大床房:HK$375', '豪華雙床房:HK$375']"
全季酒店（常州鄒區店）,9.6,"['雙床房A:HK$344', '高級大床房A:HK$355', '高級大床房:HK$364', '商務大床房:HK$394']"
天目湖御湖半島温泉酒店,9.5,"['高級·經典雙床房:HK$654', '高級·經典大床房:HK$654', '伴山·景觀雙床房:HK$763', '高級·湖景雙床房:HK$872', '高級·湖景大床房:HK$872', '伴山·景觀家庭房:HK$981']"
常州富都voco酒店,9.6,"['高級大床房:HK$819', '中式大床房:HK$819', '豪華雙床房:HK$920', '豪華大床房:HK$920', '開放式套房:HK$1,121', '海底小縱隊主題房:HK$1,194']"
洛曼城堡酒店（常州中華恐龍園店）,9.1,"['洛曼城堡洞穴房:HK$373', '洛曼城堡影音房:HK$421', '3D影音房:HK$481', '城堡洞穴主題親子帳篷房【巖石紋理拱形穹頂小童帳篷】:HK$512']"
曼美M酒店（常州奧體中心恐龍園店）,9.5,"['榻榻米大床房【躺平治癒+貼身釋壓床墊+電視投屏+小度智能客控】:HK$207', '悠享大床房【悦享追劇+貼身釋壓床墊+極米高清投影+小度語音客控】:HK$216', '雅緻大床房【陽光滿溢+貼身釋壓床墊+極米巨幕投影+小度語音客控】:HK$222', '商務影院雙床房【商務辦公+零壓床墊+極米高清投影+小度智能聲控】:HK$234']"
蘇珵酒店（金壇新天地店）,9.4,"['精選雙床房:HK$175', '精選大床房:HK$175', '商務大床房:HK$190', '商務雙床房:HK$190']"
天目湖涵田度假村,9.5,"['副樓温泉區大床房:HK$774', '標準雙床房:HK$774', '山景·高級大床房:HK$883', '山景·高級雙床房:HK$883', '樂高積木家庭房:HK$981', '隱山四床房:HK$981']"
天目湖遇·碧波園酒店,9.8,"['雅緻大床房:HK$871', '園景大床房:HK$1,089', '豪華園景大床房:HK$1,199', '湖景大床房:HK$1,526', '豪華湖景大床房:HK$1,635']"
常州經開科創中心輕居酒店,9.8,"['舒適大床房:HK$313', '標準雙床房:HK$313', '標準大床房（65寸電視可投屏、小冰箱、高速吹風機）:HK$340', '精選雙床房:HK$349']"
常州九洲新世界智選假日酒店（青果巷店）,9.7,"['高級房大床（65寸可投屏電視）:HK$281', '智選影音房:HK$281', '高級房雙床（65寸可投屏電視）:HK$295', '高級房超大床更大面積（65寸可投屏電視）:HK$341', '高級房雙床更大面積（65寸可投屏電視）:HK$341']"
常州金壇美居酒店,9.8,"['標準雙床房【金可兒床墊+投屏電視】:HK$312', '高級大床房【金可兒床墊+投屏電視】:HK$312', '行政特大床房【金可兒床墊+投屏電視】:HK$340', '嘉賓大床房【金可兒床墊+投屏電視】:HK$358', '豪華大床房【雙衞生間+金可兒床墊+投屏電視】:HK$358']"
天目湖賓館,9.7,"['雅緻·雙床房:HK$633', '精緻·雙床房:HK$741', '精緻·大床房:HK$741', '精緻·親子房:HK$808', '湖景雙床房:HK$851', '豪華湖景大床房:HK$960']"
雲程逸居酒店（常州恐龍園奧體中心店）,9.6,"['躺平治癒大床房（空氣凈化器+智能投屏+靜逸睡眠）:HK$217', '逸居輕奢大床房（悠享辦公+智能客控+投屏+乾濕分離）:HK$250', '逸居輕奢雙床房（眺望地標夜景+手機投屏+智能客控+通透採光）:HK$250', '零壓深睡大床房（零壓床枕+舒適浴袍+辦公桌椅）:HK$282', '主題親子房（小童滑梯+智能語音+電視投屏+卡通主題）:HK$316']"
文驛·宋酒店（常州恐龍園萬達廣場店）,9.5,"['零壓雅軒大床房【全屋智能客控+安心織物除菌櫃】:HK$385', '零壓麗居雙床房【全屋智能客控+安心織物除菌櫃】:HK$436', '零壓麗居大床房【全屋智能客控+安心織物除菌櫃】:HK$436', '零壓麗軒雙床房【全屋智能客控+安心織物除菌櫃】:HK$475', '零壓麗軒大床房【全屋智能客控+安心織物除菌櫃】:HK$500']"
晴天民宿（常州中華恐龍園店）,9.7,"['恐龍樂園:HK$379', '快樂恐龍:HK$379', '浩瀚星海:HK$379', '遇見恐龍:HK$379']"
花居酒店（常州魏村店）,10.0,"['舒適大床房（智能客控＋55寸電視可投屏＋公區洗衣房）:HK$208', '高級大床房（智能客控＋55寸電視可投屏＋公區洗衣房）:HK$219', '高級雙床房（智能客控＋55寸電視可投屏＋公區洗衣房）:HK$225', '商務大床房（智能客控＋55寸電視可投屏＋城市景觀）:HK$240']"
常州新北薛家亞朵酒店,9.6,"['雅緻房:HK$412', '高級雙床房:HK$430', '高級大床房:HK$457', '行政雙床房:HK$465', '行政大床房:HK$492']"
溧陽藍洋林頓酒店,9.8,"['雅緻雙床房:HK$376', '園景大床房:HK$444', '園景雙床房:HK$485', '豪華大床房:HK$554', '湖景雙床房:HK$581']"
常州恐龍園奧體中心桔子水晶酒店,9.7,"['高級大床房[65寸電視可投屏+藍牙音箱]:HK$429', '豪華大床房[65寸電視可投屏+藍牙音箱]:HK$467', '高級雙床房[65寸電視可投屏+藍牙音箱]:HK$478', '商務大床房[65寸電視可投屏+藍牙音箱]:HK$507', '豪華雙床房[65寸電視可投屏+藍牙音箱]:HK$517']"
全季酒店（常州未來智慧城店）,9.8,"['高級雙床房:HK$325', '大床房:HK$344', '高級大床房:HK$364', '豪華大床房:HK$394']"
龍貓精靈酒店（常州春秋淹城武進高鐵站店）,9.6,"['幽靈公主大床房（靜謐安睡+榻榻米+智能馬桶+新風系統+酒店公區提供洗衣房）:HK$229', '千與千尋大床房（靜謐安睡+榻榻米+智能馬桶+新風系統+酒店公區提供洗衣房）:HK$251', '小月奇遇浴缸房（深泡浴缸+智能馬桶+全明外窗）:HK$254', '布偶夢幻大床房（龍貓主題+舒睡好眠+智能馬桶+酒店公區提供洗衣房）:HK$271']"
常州金壇希爾頓歡朋酒店,9.7,"['舒適大床房:HK$345', '高級大床房:HK$365', '高級雙床房:HK$365', '豪華大床房:HK$383', '豪華雙床房:HK$383']"
