酒店名称,评分,房型价格列表
全季酒店（平頂山佳田新天地店）,9.6,"['高級大床房:HK$292', '高級雙床房:HK$292', '商務雙床房:HK$302', '舒壓高級大床房:HK$312']"
平頂山金凱悦·智慧酒店,9.2,"['日式玲瓏房:HK$130', '時尚主題大床房:HK$179', '觀景智能大床房:HK$188', '觀景智能雙床房:HK$196']"
平頂山翰達酒店（城建學院店）,9.1,"['商務雙床房:HK$317', '商務大床房:HK$317', '親子房:HK$356', '豪華大床房:HK$375', '商務套房:HK$454']"
陌上輕居酒店（平頂山站中駿世界城店）,9.5,"['風韻·大床房（親膚床品+深度睡眠）:HK$204', '品學·大床房（親膚床品+親膚入眠）:HK$226', '雅緻·雙床房（新風系統+辦公書桌）:HK$249', '雅緻·大床房（一室一廳+功夫茶具）:HK$249']"
桔子酒店（平頂山凌雲路白鷺洲公園店）,9.7,"['高級大床房:HK$273', '商務大床房:HK$292', '高級雙床房:HK$292', '精選大床房:HK$302']"
唯歐酒店（平頂山和平路步行街火車站店）,9.3,"['優選雙床房（公區自助洗衣機+採光通透）:HK$121', '優選大床房（酒店公區提供自助洗衣機+深睡記憶枕）:HK$127', '唯歐大床房（巨幕投影＋城市夜景）:HK$136', '温馨大床房（深睡記憶枕+盡攬城市夜景）:HK$158']"
平頂山海悦酒店,8.5,"['温馨雙床房:HK$181', '觀景雙床房:HK$195', '温馨大床房:HK$213', '家庭親子房:HK$225']"
格林豪泰酒店（平頂山萬達廣場店）,9.3,"['商務雙床房:HK$194', '套房:HK$240']"
星程酒店（平頂山光明路店）,9.9,"['榻榻米大床:HK$224', '高級大床房:HK$233', '高級雙床房:HK$243', '商務大床房:HK$252']"
名豪假日酒店（平頂山開源路步行街店）,9.2,"['標準間:HK$151', '大床房:HK$151', '豪華標間:HK$174', '豪華大床房:HK$174']"
平頂山豫達未來大酒店,9.3,"['精緻標間:HK$217', '精緻大床房:HK$228', '豪華標準間:HK$239', '豪華大床房:HK$250', '豪華零壓大床房:HK$316']"
仟那美宿酒店（和平路步行街火車站店）,9.5,"['仕居精緻大床房（手機投屏+記憶枕+電動窗簾）:HK$205', '竹溪精品雙床房（國風古韻+超長沙發+禪意茶香）:HK$213', '竹溪精品大床房（電動窗簾+智能馬桶+親膚浴袍）:HK$249', '隱仕精品大床房（採光充足+記憶枕+禪意茶香）:HK$329']"
平頂山平發開元名庭酒店,9.5,"['名成高級雙床房:HK$435', '名成高級大床房:HK$467', '名成豪華大床房:HK$544', '名成行政套房:HK$729', '名成商務套房:HK$839']"
途客中國輕居酒店（平頂山萬達廣場汽車站店）,9.6,"['輕途大床房+智能小度+零壓床墊:HK$129', '樂途大床房+智能小度+乾濕分離+零壓床墊:HK$148', '樂途雙床房+智能小度+乾濕分離+零壓床墊:HK$148', '品途大床+乾濕分離+智能小度+零壓床墊:HK$167']"
平頂山禾季酒店（建設路東環路店）,9.3,['禾香丨簡約大床房【小度音響+語音控制】:HK$198']
尚客優品酒店（河南城建學院店）,9.8,"['優享雙床房（全屋智能+零壓床墊）:HK$237', '優品大床房（全屋智能+零壓床墊）:HK$248', '優品雙床房（全屋智能+零壓床墊）:HK$248', '優享大床房（全屋智能+零壓床墊）:HK$274']"
靜果酒店（平頂山中駿世界城店）,9.8,"['靜謐雙床房（養生床墊+智能投屏）:HK$222', '靜謐大床房（養生床墊+智能投屏）:HK$231', '靜享雙床房（全套羽絨+養生床墊）:HK$254', '靜享大床房（全套羽絨+養生床墊）:HK$263']"
仟那千尋酒店（平頂山湛河區碧桂園店）,9.5,"['特惠·雅緻大床房【語音智能客控】:HK$195', '竹溪·精品大床房【語音智能客控】:HK$207', '竹溪·精品雙床房【語音智能客控】:HK$207', '仕居·雅緻大床房【語音智能客控】:HK$213']"
尋夢影院酒店,9.8,"['優選影音雙床房:HK$129', '優選影音大床房:HK$138', '商務觀景雙床房:HK$147', '商務觀景大床房:HK$164']"
平頂山藴海錦園大酒店,9.2,"['高級標準間:HK$360', '豪華標準間:HK$511', '麻將套房:HK$620', '湖景標準間:HK$620', '豪華單人間:HK$620', '親子套房:HK$620']"
平頂山中興路萬信至格酒店,9.7,"['商務大床房:HK$217', '高級大床房:HK$242', '高級雙床房:HK$242', '萬信親子房:HK$254']"
平頂山滙源賓館（建設路店）,9.8,"['經濟雙人間:HK$85', '大床房:HK$93', '標準間:HK$96', '三人間:HK$129']"
泡芙電競公寓（平頂山鷹城廣場店）,8.7,"['電競雙床房【3070+27寸直麪2K240Hz+無線鼠標】:HK$206', '舒適電競雙床房【3070+27寸直麪2K240Hz+無線鼠標】:HK$206', '温馨電競雙人間【3070+32寸曲面165Hz+狗屁王】:HK$206', '陽光電競雙人間【3070+27寸直麪2K240Hz+無線鼠標 】:HK$206']"
林溪灣智慧酒店（平頂山白龜湖國家城市濕地公園店）,8.4,"['普通大床房:HK$173', '普通標間:HK$183', '豪華智能大床房:HK$227', '豪華智能標間:HK$238']"
京皇時尚酒店（平頂山貿易廣場店）,9.2,"['主題大床房:HK$87', '特惠雙床房:HK$91', '特惠大床房:HK$97', '浪漫圓床房:HK$105']"
隆庭酒店（高新火炬園店）,7.9,"['商務大床房:HK$157', '商務雙人房:HK$167', '商務三人間:HK$177', '浪漫圓床房:HK$177']"
7天酒店（平頂山名門天街店）,8.2,"['自主雙床房:HK$114', '三人房:HK$168']"
漁我電競酒店（平頂山恆宇東城國際店）,7.7,"['城市觀景電競2人間（3060ti+165HZ）:HK$195', '都市觀景電競大床房（3060TI+280HZ）:HK$195', '都市觀景電競雙床房（4060TI+280HZ）:HK$206', '都市觀景電競3人間（3060+240HZ）:HK$283']"
北辰民宿（大眾路店）,10.0,"['觀景大床房:HK$107', '投影大床房:HK$107', '麻將大床房:HK$107']"
華興米蘭國際酒店（魯山堯山大道店）,9.6,"['米蘭雙床房（全屋智能+巾類凈化櫃+管道循環直飲水+冰箱）:HK$249', '米蘭大床房（全屋智能+巾類凈化櫃+管道循環直飲水+冰箱）:HK$258', '米蘭行政大床房（全屋智能+巾類凈化櫃+管道循環直飲水+冰箱）:HK$286', '米蘭行政雙床房（全屋智能+巾類凈化櫃+管道循環直飲水+冰箱）:HK$286', '米蘭豪華套房（全屋智能+百寸投影+浴缸+冰箱）:HK$854']"
全季酒店（汝州濱河公園店）,9.9,"['高級大床房:HK$246', '商務大床房:HK$264', '高級雙床房:HK$274', '商務雙床房:HK$293']"
格美酒店（平頂山郟縣星辰裏店）,9.8,"['格美大床房:HK$238', '格美雙床房:HK$238', '格美商務大床房:HK$258', '格美商務雙床房:HK$258']"
平頂山魯山萬達美華酒店,9.6,"['高級大床房（全屋智能小度控制+可投屏）:HK$226', '高級雙床房（智能小度控制+可投屏）:HK$226', '豪華大床房（全屋智能+coffee機+冰箱）:HK$248', '豪華雙床房（全屋智能+coffee機+冰箱）:HK$248', '高級豪華大床房（全屋智能+coffee機+冰箱）:HK$305']"
7天假日賓館（郟縣福萬城市廣場店）,9.5,"['特惠大床房:HK$204', '特惠標準間:HK$214', '優享大床房:HK$250', '優享雙床房:HK$257']"
瑞苑酒店,9.2,"['特價大床房:HK$123', '舒適大床房:HK$144', '雙床房:HK$144', '豪華大床房:HK$173']"
漢庭酒店（平頂山郟縣店）,9.7,"['大床房:HK$255', '雙床房:HK$255', '高級大床房:HK$274', '套房:HK$340']"
葉縣橄欖樹時尚酒店（億聯遊樂城店）,9.2,"['時尚雙人間:HK$156', '高級雙床房:HK$165', '時尚大床房:HK$175', '浪漫圓床房:HK$193']"
寶豐宏泰大酒店,9.3,"['商務標間:HK$173', '豪華標間:HK$205', '陽光大床房:HK$216', '行政標間:HK$216', '淑女暖房:HK$238']"
豫美智慧酒店（福萬城市廣場店）,9.8,"['特惠丨雙床房:HK$190', '特惠丨大床房:HK$204', '豫選丨高級大床房（全屋語音智能家居）:HK$212', '豫美丨主題大床房:HK$232']"
仟那美宿酒店（郟縣體育公園店）,9.7,"['仕居雙床房【全屋智能小度+記憶枕+零壓床墊】:HK$215', '竹溪雙床房【全屋智能小度+記憶枕+零壓床墊】:HK$231', '仕居大床房【全屋智能小度+記憶枕+零壓床墊】:HK$235', '竹溪大床房【全屋智能小度+記憶枕+零壓床墊】:HK$265', '隱仕套房【全屋智能小度+記憶枕+零壓床墊】:HK$357']"
維也納國際酒店（平頂山鷹城店）,9.7,"['豪華大床房:HK$236', '豪華雙床房:HK$236', '豪華套房:HK$310']"
寶豐山河花園酒店,9.6,"['清雅雙床房（零壓入眠+合理空間+窗外水景+功夫茶具）:HK$173', '清雅大床房（人體工學床品+科學分區+寵粉）:HK$173', '雅緻零壓大床房（護頸枕+零壓墊+鵝羽被+智能桶+觀景）:HK$184', '致遠精選大床房（挑高新風+科學分區+輕奢深眠+浴缸）:HK$227']"
寶豐非凡酒店,9.3,"['非凡圓床房:HK$256', '非凡景觀套房:HK$1,622']"
知棠·雲庭酒店（寶豐店）,8.8,"['雅緻大床房（全屋智能）:HK$173', '雅緻雙床房（全屋智能）:HK$184', '風雅大床房（全屋智能）:HK$261']"
永立艾維斯酒店（魯山人民路店）,9.2,"['高級雙床房:HK$215', '高級大床房:HK$215', '商務雙床房:HK$232', '商務大床房:HK$232']"
魯山花園四季酒店,9.8,"['特惠大床房:HK$199', '標準大床房:HK$215', '標準雙床房:HK$223', '輕奢大床房:HK$255']"
舞鋼迎賓館,9.5,"['豪華大床房:HK$413', '豪華雙床房:HK$413', '豪華套房:HK$693', '豪華休閑房:HK$724', '豪華休閑套房:HK$1,036']"
格林豪泰酒店（汝州市政府萬滙城商業廣場店）,9.6,"['清馨大床房:HK$192', '清馨雙床房:HK$192', '商務大床房:HK$213', '商務雙床房:HK$213']"
桑尼貝爾連鎖酒店（魯山人民路長途汽車站店）,9.4,"['精選大床房（落地窗+温馨睡眠）:HK$158', '精選雙床房（落地窗+温馨睡眠）:HK$158', '遴選大床房（温馨睡眠）:HK$176', '遴選圓床房（温馨睡眠）:HK$176']"
郟縣錦弘之星賓館,9.8,"['豪華雙床房:HK$141', '豪華大床房:HK$141', '麻將套房:HK$176', '三人間:HK$240']"
