酒店名称,评分,房型价格列表
微八逸居公館（廣州永慶坊沙麪島店）,9.2,"['逸靜·舒睡大床房｜乳膠酣睡床墊·躺平治癒｜:HK$360', '逸品·玲瓏大床房｜深睡乳膠床墊·傳統南國風｜:HK$393', '逸品·玲瓏雙床房｜深睡乳膠床墊·樂爽小冰箱｜:HK$410', '微醺.舒睡投影大床房:HK$445', '逸緻大床房:HK$471']"
廣州北京路步行街美居酒店,9.6,"['標準大床房:HK$864', '嘉賓大床房:HK$879', '高級大床房:HK$914', '嘉賓雙床房:HK$961', '標準雙床房:HK$964']"
廣東空港大酒店（廣州新白雲國際機場直營店）,8.9,"['Luck-特惠大床房-新風系統>:HK$118', '非·凡時尚影音雙床房-超大空間>休閑沙發>高質投影:HK$176', 'Peppa温馨親子主題房-百寸影音:HK$226']"
秋果酒店X（廣州白雲國際機場T1客運大樓店）,9.8,"['明星大床房（超大落地窗+辦公圓桌+舒眠床墊）:HK$224', '明星雙床房（超大落地窗+辦公圓桌+舒眠床墊）:HK$242', '豪華大床房（全景陽台+沙發+mini冰箱+適眠床墊）:HK$261', '豪華雙床房:HK$280', '景觀大床房（超大落地窗+mini冰箱+舒眠床墊）:HK$299']"
逸米米公寓（廣州融創文旅城熱雪奇蹟店）,9.5,"['簡·北歐大床房（絲漣床墊）:HK$405', '雅·北歐雙床房（小度智能）:HK$469', '怡·北歐觀影雙床房（騰訊影視）:HK$501', '悦·北歐親子房（樂園美景）:HK$553']"
廣州國德國際大酒店（太古滙石牌橋地鐵站店）,9.4,"['商務大床房:HK$404', '商務雙床房:HK$466', '行政大床房:HK$629', '家庭房:HK$692', '商務三床房:HK$692']"
廣州華廈大酒店（北京路步行街海珠廣場地鐵站店）,9.1,"['雅緻城景大床房:HK$569', '雅緻城景雙床房:HK$569', '雅緻江景大床房:HK$602', '雅緻江景雙床房:HK$602', '臻品閲城大床房:HK$702']"
廣州K公寓（珠江新城店）,9.1,"['市景電視大床房:HK$480', '特惠LOFT雙床房【陽台+洗衣機+迷你廚房】:HK$564', '江景複式雙床房【巨幕投影+洗衣機+迷你廚房】:HK$679', '兩室一廳投影套房:HK$687']"
滙居酒店（廣州沙麪島海珠廣場店）,9.1,"['新風大床房（電視投屏+安靜睡眠）:HK$217', '玲瓏雅緻雙床房（電視投屏+安靜睡眠）:HK$374', '玲瓏雅緻大床房（電視投屏+安靜睡眠）:HK$374', '城景大床房（明亮視野+温馨舒適）:HK$425']"
亦是酒店（廣州永慶坊上下九步行街店）,9.1,"['亦享大床房:HK$251', '亦致大床房:HK$283', '亦致雙床房:HK$294', '亦致尊享大床房:HK$316']"
維度酒店公寓（廣州北京路步行街越秀公園店）,9.4,"['玲瓏大床房（新風系統+現代簡約+智能投屏）:HK$261', '投影大床房（100寸超大巨幕+智能投屏+温馨舒適）:HK$294', '悦居大床房（親膚床品+舒適睡眠+智能投屏）:HK$327', '悦享大床房（親膚床品+高清化粧鏡+智能投屏）:HK$359']"
嵐語公館（廣州永慶坊上下九步行街店）,8.9,"['標準大床房:HK$236', '高級大床房:HK$268', '豪華大床房:HK$299', '浪漫定製大床房:HK$353']"
迎賓國際酒店（廣州新白雲國際機場店）,9.3,"['舒適大床房（寬敞明亮+零壓床墊）:HK$126', '標準雙床房（零壓床墊+舒適床品）:HK$152', '豪華大床房（零壓床墊+獨享大窗觀景）:HK$175', '豪華雙床房（兩張大床+寬敞明亮）:HK$187']"
外商·藝龍酒店（廣州珠江新城店）,9.0,"['心悦高級雙床房（無線充電+智能客控+電動窗簾）:HK$588', '心悦高級大床房（無線充電+智能客控+電動窗簾）:HK$588', '藝心城景大床房（無線充電+智能客控+智能馬桶）:HK$715', '藝心城景雙床房（無線充電+智能客控+智能馬桶）:HK$715', '草莓音樂星品大床房（全屋主題定製+智能小度+智能馬桶）:HK$754', '不凡行政大床（悦碧施高端洗護+徠芬沙龍級吹護+Lavazza膠囊+智能客控）:HK$806']"
楓季（廣州新白雲國際機場體驗店）,9.6,"['楓季特惠大床房（智能客控+舒適床墊）:HK$159', '楓季投影大床房（超大幕布投影+舒適床墊）:HK$180', '楓季投影雙床房（超大幕布投影+智能客控）:HK$215', '楓季景觀投影大床房（智能客控+網紅打卡）:HK$235']"
尚品假日酒店（廣州新白雲國際機場店）,9.5,"['輕尚大床房:HK$180', '品致雙床房:HK$201', '品致大床房:HK$211', '優眠雙床房:HK$253']"
新月集（廣州新白雲國際機場直營店）,9.4,"['新享大床房（定製舒眠零壓床墊+一級親膚布草+雙層隔音門窗）:HK$176', '新奢高級大床房（空氣凈化器+定製舒眠零壓床墊+一級親膚布草+雙層隔音門窗）:HK$190', '新奢高級雙床房（空氣凈化器+定製舒眠零壓床墊+一級親膚布草+雙層隔音門窗）:HK$192', '新築行政大床房（智能客控+空氣凈化器+定製舒眠零壓床墊+一級親膚布草+雙層隔音門窗）:HK$221']"
品若酒店（廣州市橋地鐵站店）,9.1,"['品心大床房:HK$285', '品心雙床房:HK$322', '品致大床房（化粧鏡+電動窗簾）:HK$348', '品致雙床房（化粧鏡+電動窗簾）:HK$380']"
宏陽·麗悦雲居（廣州塔琶洲會展中心店）,9.5,"['雅緻影視大床房:HK$428', '隱逸一樓豪華大床房:HK$428', '雅緻影視雙床房:HK$449', '首層愛心豪華房:HK$449', '雅緻園景大床房:HK$482']"
無墅文旅公寓（北京路步行街店）,9.0,"['特惠大床房 （乳膠床墊+百寸巨幕）:HK$408', '詫寂｜璞靜大床房（乳膠床墊+百寸巨幕）:HK$469', '簡約|秋日棕大床房（乳膠床墊+百寸巨幕）:HK$469', '中古｜匠心大床房 （乳膠床墊+百寸巨幕）:HK$469']"
逸米公寓（廣州十三行衣服批發市場一德路地鐵站店）,9.1,"['大床房（公區提供自助洗衣機+新風系統+舒適床墊）:HK$191', '高級大床房（公區提供自助洗衣機+新風系統+舒適床墊+辦公桌）:HK$207', '精選大床房（公區提供自助洗衣機+新風系統+舒適床墊+辦公桌）:HK$224', '精選雙床房（公區提供自助洗衣機+新風系統+舒適床墊+辦公桌）:HK$249']"
廣州愛羣大酒店（北京路步行街孫逸仙紀念醫院店）,8.0,"['標準大床房:HK$245', '標準雙床房:HK$247', '江景大床房:HK$280', '江景雙床房:HK$288']"
星倫國際公寓（廣州北京路步行街珠江夜遊店）,9.0,"['悦致雙床房:HK$271', '悦致大床房:HK$281', '禮致大床房:HK$388', '禮致雙床房:HK$388']"
廣州越秀區莊地鐵站CitiGO歡閣酒店,9.5,"['歡閣大床房（智能客控+可投屏65寸電視+小冰箱）:HK$603', '歡逸大床房（智能客控+可投屏65寸電視+小冰箱）:HK$632', '歡閣雙床房（智能客控+可投屏65寸電視+小冰箱）:HK$703']"
逸米精選（廣州華林寺地鐵站店）,9.2,"['謐境·大床房｜釋壓床墊+智能馬桶｜:HK$224', '巷陌·高級大床房｜智能客控+新風系統｜:HK$241', '智享·精選大床房｜天貓精靈+智能馬桶｜:HK$257', '臻享·精選豪華大床房｜親膚床品+釋壓床墊｜:HK$274']"
總統府邸（廣州崗頂地鐵站太古滙店）,9.3,"['悦聽 | 大床房「全屋聲控·安穩入眠」:HK$426', '悦聽 | 雙床房「全屋聲控·零壓枕·負離子吹風機」:HK$451', '樂眠 | 大床房「全屋聲控·零壓枕·負離子吹風機·」:HK$451', '樂眠 | 雙床房「全屋聲控·零壓枕·負離子吹風機」:HK$475']"
天美·Timmy Apartment（廣州太古滙石牌橋地鐵站店）,9.1,"['迷你大床房（靜謐空間+温馨舒適）:HK$279', '日式大床房（榻榻米大床+精緻體驗）:HK$300', '精緻大床房（精緻怡然+乾淨衞生）:HK$340', '舒適大床房（乾淨舒適+城市景觀）:HK$379']"
全季酒店（廣州天河火車東站店）,9.5,"['高級大床房A:HK$394', '高級大床房:HK$421', '商務大床房:HK$448', '雙床房:HK$474']"
廣州琶洲會展城際酒店,9.7,"['城際高級大床房（絲漣床墊+智能馬桶+65寸投屏）:HK$613', '城際高級雙床房（絲漣床墊+智能馬桶+65寸投屏）:HK$613', '城際豪華大床房（絲漣床墊+智能客控+65寸投屏）:HK$663', '城際豪華雙床房（絲漣床墊+智能客控+65寸投屏）:HK$663', '城際行政大床房（長沙發+休閑區+65寸投屏）:HK$763']"
宜尚（廣州北京路公園前地鐵站店）,9.2,"['智能標準大床房【安靜|全屋智能|獨立新風系統】:HK$542', '智能標準雙床房【安靜舒適+全屋智能+獨立新風系統】:HK$561', '智能高級大床房【採光明亮玻璃窗+全屋智能】:HK$582', '智能高級雙床房【採光明亮玻璃窗+全屋智能】:HK$606', '豪華大床房【超大窗户採光明亮+芝華士沙發+全屋智能】:HK$649']"
蘭蒂斯酒店（廣州陳家祠地鐵站西華路店）,9.0,"['榻榻米大床房:HK$326', '大床房:HK$359', '高級大床房:HK$412', '高級雙床房:HK$435']"
宜尚PLUS酒店（廣州北京路步行街大佛古寺店）,8.7,"['Simple簡致•特惠智能大床【智能客控+自然採光】:HK$500', 'Sunshine•尊享大床房【乾濕分離+minibar+採光通透】:HK$541', 'Business•商務大床房【Minibar+智能客控+落地鏡】:HK$581', 'Cinema希雲•觀影大床房【大眼橙v9百寸投影+零壓床墊】:HK$605']"
城南·故里（廣州南站店）,9.5,"['隨遇｜喧囂大床房｜大投影｜零壓床墊｜榻榻米式小茶台:HK$426', '拾餘｜惠風和暢大床房｜大投影｜零壓床墊｜和式小茶台:HK$452', '心景｜温馨小窩雙床房｜大投影｜零壓床墊｜和式小茶台:HK$465', '槿時｜波西米亞風｜智能小度雙床房｜大投影｜異域沙發:HK$489']"
億柏酒店（琶洲會展中心廣州塔店）,9.3,"['商務智能大床房（零壓睡眠·全屋新風）:HK$552', '精品智能雙床房（全屋智控+零壓床墊）:HK$560', '高級智能大床房（走廊窗景·零壓床墊·全屋新風）:HK$584', '品茗優選大床房（茶具·零壓床墊·全屋新風）:HK$627', '全景智控大床房【開闊城景視野·全屋新風·零壓床墊】:HK$659']"
美豪麗致酒店（廣州東站店）,9.3,"['高級大床房:HK$600', '高級雙床房:HK$600', '麗致大床房:HK$643', '麗致雙床房:HK$643', '城景雙床房:HK$709']"
億鉑臻品公寓（廣州火車東站店）,9.1,"['特價房:HK$307', '優選大床房-落地窗+洗烘機一體機:HK$366', '優選雙床房（落地窗+冰箱，洗衣機）:HK$412', '北歐精品大床房（全景落地窗）:HK$471']"
廣州希玥影音酒店（海珠南洲地鐵站店）,8.9,"['優享舒眠觀影大床房（百寸巨幕投影+冰箱洗衣機）:HK$164', '城景觀影舒眠大床房（百寸巨幕投影+冰箱洗衣機）:HK$186', '臻選雙卧大套房（兩房兩衞+百寸投影+冰箱洗衣機）:HK$321', '奢華三房一廳家庭套房（高層江景+冰箱洗衣機+廚房可做飯）:HK$460']"
海員俱樂部（廣州北京路步行街海珠廣場地鐵站店）,8.5,"['舒-純享大床房:HK$296', '適-純享雙床房:HK$314', '至-商務大床房:HK$321', '臻-商務雙床房:HK$339']"
泊隱宜悅酒店（廣州市南沙悅方城萬達廣場店）,9.5,"['一隅悦享高級大床房（零壓床墊·智能客控·高空好景）:HK$332', '隱市靜巷商務雙床房（零壓床墊·靜逸舒適·智能客控）:HK$379', '隱山逸景休閑大床房（零壓床墊·日光沐浴·智能客控）:HK$379', '悦境影院休閑雙床房（影音助眠·智能客控·暢享投屏）:HK$403', '隱逸雅緻商務大床房（零壓床墊·無憂辦公·智能客控）:HK$403']"
逸米公寓（廣州北京路步行街大佛寺店）,9.2,"['大床房:HK$355', '高級大床房:HK$387', '高大投影房:HK$409', '高級雙床房:HK$528']"
珠海特區大酒店（廣州北京路步行街西門口地鐵站店）,9.0,"['特惠大床房:HK$262', '舒適標準雙床房:HK$389', '舒適大床房:HK$401', '豪華中式雙床房:HK$421']"
萊卡酒店（廣州北站花都廣場店）,9.4,"['零壓大床房（零壓舒適床墊+智能投屏+優質睡眠）:HK$209', '城景大床房（智能投屏+休閑商務沙發+俯瞰城市街景）:HK$219', '零壓雙床房（零壓舒適床墊+寬幅掛衣行李架+智能投屏）:HK$230', '巨幕影音大床房（100寸巨幕觀影+愛奇藝會員+HIFI音質）:HK$230']"
廣州花都希爾頓惠庭酒店（馬鞍山公園地鐵站店）,9.6,"['舒適大床房（生活吧+微波爐+帶冷凍功能冰箱）:HK$407', '靈動大床房（生活吧+微波爐+帶冷凍功能冰箱）:HK$437', '豪華靈動雙床房（生活吧+微波爐+帶冷凍功能冰箱）:HK$468', '靈動雙床房（生活吧+微波爐+帶冷凍功能冰箱）:HK$471', '豪華靈動大床房（生活吧+微波爐+帶冷凍功能冰箱）:HK$480']"
美豪麗致酒店（廣州番禺旗艦店）,9.5,"['麗致大床房:HK$512', '麗致雙床房:HK$512', '麗致城景大床房:HK$604', '麗致城景雙床房:HK$604', '麗致浴缸大床房:HK$680']"
青檸檬樹國際公寓（廣州市北京路捷登都會店）,9.0,"['商務遠景大床房:HK$405', '商務遠景雙床房:HK$443', '尊榮遠景大床套房:HK$521', '尊榮遠景雙床套房:HK$561']"
廣州北京路步行街金立輕居,9.6,"['高級大床房:HK$720', '高級雙床房:HK$775', '商務大床房:HK$775', '商務雙床房:HK$829']"
優麗雅客棧（廣州塔琶洲會展中心店）,9.4,"['城央·悦居丨特惠房（智能客控）:HK$606', '城央·悦居丨雅緻大床房（新風系統+智能客控）:HK$654', '城央·悦居丨雅緻雙床房（零壓寢具+智能客控）:HK$688', '雲端·觀塔丨雲棲大床房（零壓寢具+智能客控）:HK$929']"
Plog波普格酒店（廣州北京路步行街大佛寺店）,9.0,"['精選大床房（投影+提供自助洗衣房）:HK$411', '波普格大床房-酒店提供自助洗衣房:HK$457', '波普格落地窗大床房-酒店提供自助洗衣房:HK$495', '波普格落地大床房PLUS（投影+公區提供自助洗衣房）:HK$519']"
廣州北京路天字碼頭蘭歐國際酒店,9.3,"['蘭逸江景高級大床房（珠江夜景+智能客控+喜臨門床墊）:HK$511', '蘭逸城景智能大床房（陽光城景+智能客控+喜臨門床墊）:HK$555', '蘭沁江景豪華大床房（珠江夜景+智能客控+喜臨門床墊）:HK$610', '蘭沁城景豪華雙床房（陽光城景+智能客控+喜臨門床墊）:HK$637', '蘭沁江景豪華雙床房（珠江夜景+智能客控+喜臨門床墊）:HK$697']"
廣州天河希爾頓酒店,9.4,"['希爾頓大床房:HK$861', '希爾頓雙床房:HK$861', '豪華大床房:HK$969', '豪華雙床房:HK$969', '行政大床房:HK$1,186', '行政雙床房:HK$1,186']"
