酒店名称,评分,房型价格列表
聖鑫酒店（延安中心街萬達廣場店）,9.6,"['普通大床房（無窗）:HK$186', '精品大床房:HK$216', '精品標準間:HK$248', '特色觀景標間（陝北窯洞窗户）:HK$248', '商旅雙床房:HK$280']"
6號未來酒店（延安寶塔山萬達廣場店）,9.5,"['忘憂私密大床房（無窗）:HK$274', '忘憂觀景大床房:HK$295', '未來商旅雙床房:HK$317', '影院智能大床房:HK$328', '影院民俗大床房:HK$339']"
聖鑫酒店（延安寶塔山店）,9.8,"['靜謐雙床房:HK$197', '靜謐大床房:HK$197', '靜雅大床房:HK$212', '雅逸高級大床房:HK$233']"
延安聖鑫酒店（中心街王家坪店）,9.7,"['風尚大床房（私密空間+舒睡好眠+絲滑軟水沐浴 ）:HK$205', '優享大床房（輕奢優選+辦公桌椅+絲滑軟水淋浴）:HK$212', '精選大床房（閣樓設計+獨立茶桌+絲滑軟水沐浴）:HK$221', '精選雙床房（ 閣樓設計+輕盈睡眠+絲滑軟水淋浴）:HK$224', '景緻大床房（觀彩虹橋+舒緩治癒+絲滑軟水沐浴）:HK$260']"
延安魯藝窯苑民宿,9.8,"['標準雙人房:HK$277', '標準大床房:HK$277', '豪華套房:HK$373', '家庭套房:HK$383']"
延安黃土情大酒店,9.3,"['特惠雙床房:HK$183', '陝北炕房:HK$220', '標準雙床房:HK$220', '商務標準間:HK$289']"
延安翠泉酒店,9.4,"['翠泉園景豪華雙床房:HK$454', '翠泉園景豪華大床房:HK$454', '貴賓樓·窯洞藝術雙床房:HK$589', '貴賓樓·窯洞藝術大床房:HK$589', '貴賓樓·豪華大床房:HK$634', '貴賓樓·庭院景觀雙床房:HK$677']"
睿恩酒店（寶塔山萬達廣場店）,9.6,"['智慧觀影雙床房（私密空間）:HK$235', '智慧優選雙床房（電視投屏·零壓床墊·智能聲控·中央軟水）:HK$248', '智慧高級大床房（親膚純棉四件套·舒適深眠·零壓床墊·智能聲控·中央軟水）:HK$263', '智慧陽光雙床房（VIP影視會員·零壓床墊·智能聲控·中央軟水）:HK$268']"
延安左末酒店（寶塔山店）,9.6,"['優享大床房（智能客控+通透採光+舒睡好眠）:HK$238', '優享雙床房（智能客控+通透採光+舒睡好眠）:HK$238', '75寸· 影音大床房（智能投屏＋頭等太空沙發）:HK$269', '尊享豪華雙床房（智能客控+頭等太空沙發+舒緩治癒）:HK$269', '尊享山景大床房（180°超大落地窗+頭等太空沙發）:HK$290']"
延旅·延安賓館,9.5,"['特惠雙床房:HK$348', '特惠大床房:HK$403', '豪華雙床房:HK$425', '豪華大床房:HK$457', '高級雙床房:HK$610', '高級大床房:HK$643']"
延安金澤國際酒店（寶塔山店）,9.4,"['豪華大床房丨大窗户+臨街觀景:HK$260', '豪華標準間丨大窗户+臨街觀景:HK$260', '寶塔景觀標間（俯瞰寶塔夜景+延河河景）:HK$391', '寶塔景觀單間（俯瞰寶塔夜景+延河河景）:HK$391', '汪汪隊親子房:HK$436', '小豬佩奇親子房:HK$436']"
延安兀裏紅謠窯洞酒店,9.2,"['聽風、窯洞玲瓏炕房:HK$379', '倚山、窯洞雙炕房:HK$403', '聽風、窯洞雙炕房:HK$417', '倚山、窯洞炕桌雙人房:HK$427', '聽風、窯洞親子炕房:HK$490']"
延安治平四季和光酒店,9.6,"['暮影大床房:HK$346', '暮光榻榻米:HK$366', '晨曦雙床房【明亮採光＋辦公桌椅】:HK$372', '晨曦大床房【親膚純棉四件套】:HK$372', '四季觀景大床房【小度智能＋休閑沙發】:HK$431']"
AI住未來酒店（延安寶塔山店）,9.4,"['AI未來智夢大床房（護頸枕+愛奇藝VIP+巨幕投影）:HK$244', 'AI未來智夢雙床房（護頸枕+愛奇藝VIP+巨幕投影）:HK$246', 'AI未來智領雙床房（智能馬桶+愛奇藝VIP+護頸枕）:HK$269', 'AI未來智領大床房（智能馬桶+愛奇藝VIP+護頸枕）:HK$272']"
延安國勝賓館（雙擁大道寶塔山店）,9.6,"['雅居潔凈雙床房（雅緻靜逸+乾濕分離）:HK$214', '雅居潔凈大床房（雅緻靜逸+乾濕分離）:HK$241', '雅軒恬靜雙床房（簡約時尚+乾濕分離）:HK$252', '雅軒陽光雙床房（充足採光+獨立辦公桌）:HK$262', '雅軒陽光大床房（充足採光+獨立辦公桌）:HK$273']"
延安東聖酒店（寶塔山萬達廣場店）,9.6,"['空境大床房【輕盈好眠+零壓床墊】:HK$238', '隱市大床房【中央軟水＋零壓床墊】:HK$262', '隱市雙床房【中央軟水＋零壓床墊】:HK$262', '山語雙床房【潔凈舒適+盡享城景】:HK$295', '山語大床房【潔凈舒適+商務服務】:HK$295']"
延安楠林宏越國際大酒店,9.5,"['豪華雙床房:HK$355', '豪華大床房:HK$364', '豪華親子房:HK$395', '行政雙床房:HK$452', '行政大床房:HK$476']"
延安延飛麗繽酒店,9.4,"['豪華雙床房:HK$251', '豪華大床房:HK$251', '臨河雙床房:HK$264', '商務套房:HK$527', '行政套房:HK$567']"
漢庭酒店（延安新區吾悦廣場店）,9.7,"['高級大床房 （投屏電視）:HK$292', '商務大床房 （投屏電視）:HK$320', '商務雙床房 （投屏電視）:HK$348', '家庭房 （投屏電視）:HK$386']"
美麗豪酒店（延安寶塔山店）,8.7,"['靜謐大床房:HK$239', '靜謐大床房A:HK$261', '精緻大床房:HK$349', '精緻雙床房:HK$349', '雅緻大床房:HK$382']"
盛唐酒店（延安火車站店）,9.6,"['優享大床房【辦公桌椅+電動窗簾+乾濕分離】:HK$203', '優享雙床房【智能客控+乾濕分離+零壓記憶床墊】:HK$203', '玲瓏大床房【智能客控+乳膠床墊】:HK$207', '商務雙床房【通透採光+辦公桌椅+零壓記憶床墊】:HK$237']"
延安棗園亞朵酒店,9.6,"['雅緻大床房:HK$358', '高級大床房:HK$376', '高級雙床房:HK$394', '行政雙床房:HK$412', '行政大床房:HK$439']"
延安旅遊大廈（寶塔山夜市二道街店）,9.7,"['舒適雙床房:HK$283', '舒逸大床房:HK$304', '雅緻雙床房:HK$347', '商務大床房:HK$359', '雅緻親子間:HK$439']"
延安麗森酒店（百米大道店）,9.3,"['特惠行政雙床房（雅蘭舒適床墊）:HK$246', '商務雙床房（雅蘭舒適床墊）:HK$359', '特惠行政雙床套房（一室一廳+舒適空間）:HK$359', '零壓舒睡豪華大床房（深睡好眠+零壓床品）:HK$411', '零壓舒睡豪華雙床房（深睡好眠+零壓床品）:HK$411']"
延安治平酒店（清水天河吾悦廣場店）,9.5,"['電競三人間:HK$340', '科幻三人間:HK$340', '靜謐大床房:HK$340', '靜謐雙床房:HK$340', '商務大床房（負離子新風氧氣）:HK$352', '樂享親子間:HK$388']"
延安棗園賓館,9.5,"['豪華大床房:HK$326', '豪華雙床房:HK$326', '豪華兩居家庭套房:HK$832', '豪華兩居商務套房:HK$832', '至尊三居景觀套房:HK$1,138']"
延安百米大道寶塔山亞朵酒店,9.5,"['雅緻雙床房:HK$349', '高級雙床房:HK$358', '高級大床房:HK$385', '行政雙床房:HK$412', '行政大床房:HK$430']"
金延安·觀舍民宿,8.7,"['悟理大床房:HK$394', '悟安雙床房:HK$435', '悟德大床房:HK$484', '悟空豪華套房:HK$498', '悟靜榻榻米雙床房:HK$544']"
白玉蘭酒店（延安寶塔山百米大道店）,9.4,"['蘭舒雙床房:HK$237', '蘭舒大床房:HK$257', '蘭舒大床套房:HK$319']"
美豪酒店（延安寶塔山店）,9.6,"['私密空間大床房（無窗）:HK$306', '私密空間雙床房（無窗）:HK$306', '維多利亞大床房:HK$377', '維多利亞雙床房:HK$377', '愛丁堡影院大床房:HK$503']"
延旅·榮華酒店,9.3,"['特惠雙床房:HK$148', '舒適雙床房:HK$300', '萌趣寶貝親子間:HK$330', '舒適大床房:HK$359', '豪華雙床房:HK$372']"
延安高第華苑大酒店（中心街寶塔山店）,8.0,"['美式標準間:HK$273', '美式大床房:HK$273', '行政雙床房:HK$323', '豪華影院房:HK$323', '行政大床房:HK$328']"
歡瑞酒店（延安寶塔山店）,9.6,"['歡瑞|玲瓏靜謐大床房:HK$291', '歡瑞|玲瓏靜謐雙床房:HK$291', '歡悦|舒壓寧靜大床房:HK$291', '歡悦|舒壓寧靜雙床房:HK$291']"
延安美居酒店,9.6,"['標準大床房:HK$408', '高級大床房:HK$438', '高級雙床房:HK$438', '豪華大床房:HK$467', '豪華雙床房:HK$467']"
萬澳酒店（延安寶塔山店）,9.4,"['萬澳高級雙床房（智能客控+氫氧枕安心睡眠）:HK$439', '萬澳景觀雙床房（開闊視野+延河相伴+氫氧枕安心睡眠）:HK$518', '萬澳商務雙床房（窗外好景+智能客房+氫氧枕安心睡眠）:HK$596', '萬澳景觀大床房（三山環繞+智能客控+氫氧枕安心睡眠）:HK$675']"
延安新區魯藝公園亞朵酒店,9.7,"['雅緻雙床房:HK$376', '高級大床房:HK$394', '高級雙床房:HK$394', '行政大床房:HK$430', '行政雙床房:HK$430']"
吉祥花園酒店（延安市政府店）,9.5,"['標準雙床房:HK$435', '高級大床房:HK$468', '高級雙床房:HK$468', '豪華大床房:HK$511', '豪華雙床房:HK$511']"
延安銘滙華庭大酒店（百米大道寶塔山店）,8.8,"['優選雙床房:HK$180', '豪華親子房:HK$254', '商務大床房:HK$275', '商務雙床房:HK$275', '行政大床房:HK$343']"
延安錦海園酒店（楊家嶺革命舊址店）,9.3,"['特惠雙床房（空調）:HK$190', '忘優私密大床房:HK$193', '戀戀不忘圓床房:HK$212', '錦海園大床房（空調）:HK$251']"
延安聖第錦成藝術酒店（百米大道店）,9.2,"['錦綉舒適雙床房（自然眠愈+簡約設計）:HK$398', '錦綉舒適大床房（輕盈美夢+舒睡好眠）:HK$398', '錦致豪華雙床房（潔凈舒適＋採光充足）:HK$457', '錦致豪華大床房（潔凈舒適＋採光充足）:HK$457', '錦致臻選三人房（舒睡好眠+城市夜景）:HK$490']"
亞朵酒店（延安新區市政府店）,9.1,"['雅緻房:HK$394', '高級大床房:HK$412', '高級雙床房:HK$412', '幾木大床房:HK$430', '幾木雙床房:HK$430']"
延安城投木蘭酒店,9.2,"['窯洞標間:HK$209', '標準房:HK$246', '窯洞套房:HK$333']"
延安楓霖酒店,9.1,"['楓韻大床房:HK$204', '楓雅雙床房:HK$227', '楓和家庭房:HK$292', '楓盈家庭房:HK$376']"
延安唐悅酒店（楊家嶺店）,9.7,"['「優選系」舒睡大床房丨大空間+中式格調+休閑吧:HK$269', '「優選系」舒睡雙床房丨大空間+中式格調+休閑吧:HK$269', '「精選系」豪華雙床房丨休閑吧+冰箱+加濕器:HK$489', '「精選系」豪華大床房丨休閑吧+冰箱+加濕器:HK$489']"
延安萬達錦華酒店,9.3,"['陝北風情湖景大床房:HK$485', '陝北風情湖景雙床房:HK$485', '陝北風情庭院湖景大床房:HK$728', '陝北風情庭院湖景雙床房:HK$728', '家庭湖景套房:HK$970', '陝北風情湖景套房:HK$1,092']"
延安大酒店,8.9,"['標準雙床房:HK$261', '豪華大床房:HK$325', '豪華雙床房:HK$325', '行政雙床房:HK$391', '行政親子房:HK$425']"
延安亞聖大酒店（寶塔山店）,9.0,"['豪華單間:HK$245', '豪華標準間:HK$245', '景觀標間:HK$310', '豪華套間:HK$761']"
延安雲朵酒店（新區全民運動中心店）,9.3,"['雲憬雙床房:HK$305', '雲舒大床房:HK$305', '雲嶼景觀雙床房:HK$350', '雲舍景觀套房:HK$350', '雲汀雙床房:HK$350']"
秦合窯洞民宿（鳳凰山景區店）,9.6,"['窯洞標準間:HK$190', '豪華雙床房:HK$228', '窯洞大炕房:HK$243', '豪華窯洞大炕房:HK$281']"
延安棗園雲棲民宿,9.4,"['窯洞標間:HK$215', '佩奇主題親子窯洞:HK$215', '獨院豪華窯洞套房:HK$825']"
