酒店名称,评分,房型价格列表
伯克希爾國際酒店（恩施州文化中心店）,9.5,"['悦享.舒適大床房:HK$348', '悦享.舒適雙床房:HK$369', '臻選.雅緻大床房（高層+浴缸＋冰箱＋保險櫃）:HK$400', '臻選.雅緻雙床房（高層+全屋智能+冰箱＋保險櫃）:HK$420', '尊享.靜謐大床房（全視野景觀+冰箱+浴缸＋保險櫃）:HK$451']"
恩施金楠府合院酒店,9.6,"['棲雲·玲瓏大床房（庭院景觀+智能客控）:HK$609', '清風·古楹雙床房（金絲楠木楹聯裝飾+匾額）:HK$609', '聽雨·青石大床房（獨立庭院+超大落地窗）:HK$631', '月澗·青瓦雙床房:HK$631', '醉月·枕夢大床房（私享露台+謐境浴缸）:HK$642', '楠香弈趣·套房:HK$773']"
金馬國際酒店（恩施火車站店）,9.8,"['特惠大床房:HK$502', '特惠雙床房:HK$502', '商務大床房（語音客控+乳膠床墊）:HK$633', '豪華雙床房（語音客控+乳膠床墊）:HK$633', '行政大床房（語音客控+乳膠床墊）:HK$656']"
恩施染柒·悠南民宿,9.9,"['雲杉·觀景大床房（飛利浦百寸投影+冰箱+零重力枕+鑽石床墊+JBL音響）:HK$503', '雲杉· 觀景陽台大床房（飛利浦百寸投影+冰箱+零重力枕+鑽石床墊+JBL音響）:HK$524', '遠山·觀景陽台雙床房（飛利浦百寸投影+冰箱+零重力枕+鑽石床墊+JBL音響）:HK$536', '銀杏·庭院雙床房（飛利浦百寸投影+冰箱+零重力枕+鑽石床墊+JBL音響）:HK$578', '雲杉·觀景陽台特大床房（飛利浦百寸投影+冰箱+零重力枕+鑽石床墊+JBL音響）:HK$600']"
恩施希爾頓歡朋酒店,9.4,"['舒適大床房:HK$729', '舒適雙床房:HK$729', '高級大床房:HK$773', '高級雙床房:HK$773', '豪華雙床房:HK$808']"
X·Hotel（文化中心店）,9.6,"['臻選•舒適大床房:HK$349', '臻選•舒適雙床房:HK$382', 'Ins·簡約大床房【璀璨城景+小度智能語音】:HK$387', 'Ins·高級大床房【恬靜舒適+小度智能語音】:HK$410', 'Ins·簡約雙床房【繁華城景+恆温智能馬桶】:HK$420']"
恩施大峽谷竹外聽風民宿,9.8,"['山景舒適大床房:HK$329', '峽谷舒適大床房:HK$329', '峽谷雅緻雙床房:HK$367', '陽光雙床房:HK$494']"
慕尚國際酒店（恩施和潤城店）,9.4,"['甄選簡約大床:HK$371', '甄選簡約雙床:HK$404', '高空·景觀大床房（高樓層＋璀璨夜景＋雙感睡眠床墊）:HK$447', '高空·景觀雙床房（超高樓層＋璀璨夜景＋雙面睡感床墊）:HK$456', '高空·江景大床房（俯瞻清江＋超高樓層＋雙感睡眠床墊）:HK$468']"
美豪酒店（恩施許家坪國際機場店）,9.5,['靜謐大床房:HK$325']
恩施染柒半山雲舍,9.8,"['旭日·山景270°觀景陽台雙床房:HK$647', '朝陽·山景270°觀景陽台雙床房:HK$744', '旭日·山景270°觀景陽台大床房:HK$763', '崇山·山景270°觀景陽台大床房:HK$872']"
梵塵裏·民宿（大峽谷店）,9.7,['梵塵.語（絕壁觀景雙床套房）[全屋智能+智能馬桶+大眼橙150平巨幕投影+箭牌衞浴+中央空調暖氣]:HK$947']
恩施山止星空民宿（大峽谷景區店）,9.9,"['小滿·山景陽台雙床房（九牧衞浴+智能客控+智能馬桶+絲雨恆温花灑+零壓床墊+高清投影儀）:HK$549', '小雪·山景陽台大床房（智能客控+智能馬桶+絲雨恆温花灑+零壓床墊+小冰箱+高清投影儀）:HK$549', '白露·Loft山景陽台大床房（智能客控+智能馬桶+絲雨恆温花灑+零壓床墊+小冰箱+高清投影儀）:HK$592', '穀雨·山景陽台大床房（智能客控+智能馬桶+絲雨恆温花灑+零壓床墊+小冰箱+高清投影儀）:HK$629']"
恩施大峽谷清山碧水度假酒店,9.5,"['依山賦·莘莘學子特惠雙床房:HK$385', '青山清·景觀雙床房:HK$459', '登望遠·高級景觀雙床房:HK$509', '山風拂·高級景觀大床房:HK$562']"
恩施眾尚國際大酒店（民大醫院店）,9.1,"['尚景商務大床房（語音智控+辦公桌椅+手機投屏）:HK$344', '尚景商務雙床房（語音智控+辦公桌椅+手機投屏）:HK$344', '尚影臻品大床房（語音智控+會員海量影片+雙面睡感床墊）:HK$358', '尚影臻品雙床房（語音智控+會員海量影片+雙面睡感床墊）:HK$358', '尚睿舒適雙床房（語音智控+靜心舒眠+浴缸+小冰箱）:HK$391']"
恩施怡和國際大酒店,9.3,"['舒適雙床房:HK$450', '悦享·輕奢雙床房（智能客控）:HK$502', '臻享·雅緻雙床房（智能客控+迷你冰箱）:HK$536', '臻享·雅緻大床房（智能客控+迷你冰箱）:HK$547', '智享·榻榻米雙床房（智能客控+迷你冰箱）:HK$597']"
恩施拈山小隱湯泉酒店,9.7,"['山景雙床房:HK$510', '靜逸山景大床房:HK$510', '庭院家庭房:HK$603', '望舒觀景大床房:HK$852']"
武陵國際酒店（恩施文化廣場機場店）,9.6,"['悦享-舒適大床房（全屋聲控-深睡乳膠床墊-手機投屏）:HK$413', '智選•典雅大床房（全屋聲控+深睡乳膠床墊+無線投屏）:HK$435', '悦享-舒適雙床房 （全屋聲控+深睡乳膠墊+全景落地窗）:HK$435', '智選•城景雙床房（全屋聲控+深睡乳膠床墊+手機投屏）:HK$478', '臻選•豪華大床房（全屋聲控+深睡乳膠床墊+無敵視野）:HK$478']"
恩施染柒藝術民宿,9.7,"['普通觀景房:HK$272', '觀景陽台雙床房:HK$312', '觀景陽台大床房:HK$315', '豪華觀景陽台雙床房:HK$328']"
儷晨四季民宿 （恩施大峽谷店）,9.4,"['温馨大床房（乾濕分離+小米電視+落地窗）:HK$620', '温馨雙床房 （乾濕分離+小米電視+小客廳+落地窗）:HK$643', '峽谷景觀大床房（小客廳+75寸小米電視）:HK$664', '峽谷景觀雙床房（乾濕分離+75寸小米電視+落地窗）:HK$686']"
天機洞穴温泉民宿,9.8,"['戌狗·浴缸温泉景觀大床房（落地窗+喜臨門床墊+浴袍）:HK$1,090', '申猴·浴缸温泉景觀大床房（落地窗+喜臨門床墊+浴袍）:HK$1,189', '寅虎·浴缸温泉景觀大床房（落地窗+喜臨門床墊+浴袍）:HK$1,189', '酉雞·浴缸温泉景觀大床房（落地窗+喜臨門床墊+浴袍）:HK$1,189']"
恩施華美達安可酒店（土司城店）,9.4,"['臻選舒適大床房（小度智控+金可兒床墊）:HK$609', '臻選舒適雙床房（小度智控+金可兒床墊）:HK$609', '臻選高級雙床房（小度智控+超大沙發+金可兒床墊）:HK$620', '臻選高級大床房（小度智控+超大沙發+金可兒床墊）:HK$620', '臻選城景豪華大床房 （小度智控+超大沙發+金可兒床墊）:HK$729']"
恩施奧山雅閣酒店,9.4,"['高級雙床房:HK$591', '高級大床房:HK$591', '行政雙床房:HK$643', '行政大床房:HK$643', '弗諾氧深睡大床房（音樂助眠）:HK$643', '親子房:HK$720']"
恩施清馨幽舍精品民宿（恩施大峽谷返程中心店）,9.8,[]
雲水茗心酒店（恩施文化中心機場店）,9.2,"['舒適大床房（零壓床墊+安逸睡眠）:HK$208', '高級大床房（零壓床墊+安逸睡眠）:HK$227', '高級雙床房（零壓床墊+安逸睡眠）:HK$246', '影院大床房（零壓床墊+安逸睡眠+家庭影院）:HK$265']"
恩施大峽谷雲隱湯泉山居（遊客中心店）,9.5,"['泉隱覓境大床房【峽谷觀景+泳池湯泉+浴缸+乳膠床墊+智能馬桶】:HK$653', '林隱祕境雙床房【峽谷觀景+泳池湯泉+乳膠床墊+智能馬桶】:HK$653', '雲漫觀景陽台大床房【峽谷觀景+泳池湯泉+浴缸+乳膠床墊+智能馬桶】:HK$872', '雲棲觀景陽台雙床房【峽谷觀景+泳池湯泉+乳膠床墊+智能馬桶】:HK$872', '雲謠浴缸陽台觀景家庭房【峽谷觀景+泳池湯泉+浴缸+乳膠床墊+智能馬桶】:HK$1,091']"
幸麗野語民宿（恩施大峽谷遊客中心店）,9.7,"['雲語觀景雙床房（全屋智能+庭院+全屋中央空調）:HK$496', '森語觀景親子房（全屋智能+庭院+乳膠床墊+全屋中央空調）:HK$540', '雲語觀景大床房（全屋智能+無敵山景+浴缸+乳膠床墊+全屋中央空調）:HK$601', '山語觀景大床房（全屋智能+無敵山景+浴缸+乳膠床墊+户外陽台+全屋中央空調）:HK$627']"
萬華國際酒店（恩施文化廣場機場店）,9.6,"['智能·輕奢尊享大床房（超大沙發+超高空間+深睡零壓枕+金可兒床墊）:HK$730', '智能·輕奢尊享雙床房（全景落地窗+超高空間+深睡零壓枕+金可兒床墊）:HK$730', '臻選·城景高級雙床房（智能客控+超高空間+深睡零壓枕+金可兒護脊床墊）:HK$763', '臻選·城景高級大床房（智能客控+超高空間+深睡零壓枕+金可兒護脊床墊）:HK$763', '地標高空豪華大床房（小冰箱+零壓枕+金可兒護脊床墊）:HK$806', '地標高空豪華雙床房（小冰箱+零壓枕+金可兒護脊床墊）:HK$806']"
恩施棲隱輕奢美宿,9.7,"['精緻雙床房:HK$409', '輕奢雙床房:HK$445', '輕奢大床房:HK$461', '觀景大床房:HK$504']"
恩施半山觀雲民宿（大峽谷景區店）,9.8,"['疊翠大床180°田園風＋中央空調＋純羽絨被＋智能馬桶:HK$742', '伴山大床180°田園風＋中央空調＋純羽絨被＋智能馬桶:HK$787', '祥雲雙床180°田園風＋中央空調＋純羽絨被＋智能馬桶:HK$819', '煙雲雙床180°山景房中央空調＋純羽絨被＋智能馬桶:HK$871', '雲聚雙床房180°山景房＋中央空調＋純羽絨被＋智能馬桶:HK$871']"
大隱泊森酒店,9.5,"['森然輕奢大床房（智能客控+金可兒床墊）:HK$371', '森然輕奢雙床房（小度智能+金可兒床墊）:HK$371', '山隱藝術房（智能客控+金可兒床墊）:HK$459', '林隱江月大床房（智能客控+金可兒床墊）:HK$459', '林隱江月雙床房（智能客控+金可兒床墊）:HK$459']"
恩施瑞享國際酒店,9.1,"['高級雙床房:HK$795', '高級大床房:HK$795', '豪華雙床房:HK$882', '豪華大床房:HK$882', '行政雙床房:HK$1,046', '行政大床房:HK$1,046']"
錦江之星酒店（恩施女兒城店）,9.2,"['高級大床房-全屋小度智能語音控制-電動窗簾:HK$182', '高級雙床房-全屋小度智能語音控制-電動窗簾:HK$198', '豪華大床房-全屋小度智能語音控制-電動窗簾:HK$222', '豪華雙床房-全屋小度智能語音控制-電動窗簾:HK$238']"
桔子酒店（恩施女兒城店）,9.6,"['高級大床房:HK$355', '高級雙床房:HK$448', '觀景大床房:HK$448', '豪華大床房:HK$495']"
麥里山居民宿 （恩施大峽谷店）,9.9,"['見梢-麻將大床房（絲漣床墊+智能馬桶+智能語音）:HK$1,091', '伴月-陽台觀景雙床房（絲漣床墊+智能馬桶+智能語音）:HK$1,596', '初景-陽台景觀雙床房（絲漣床墊+智能馬桶+智能語音）:HK$1,596', '聽泉-私湯大床房（絲漣床墊+箭牌全智能馬桶+智能語音）:HK$2,183']"
遇見恩施 · 一川森林Tranquil Woods設計師景觀酒店（大峽谷店）,9.5,"['小蠟 | 180°絕壁懸崖山景雅緻大床房:HK$824', '麥李 | 180°絕壁懸崖山景豪華大床房:HK$937', '忍冬 | 180°絕壁懸崖山景大床套房:HK$1,592', '厚朴 | 180°絕壁懸崖山景大床套房:HK$1,592']"
欣之堡·遠山民宿（恩施大峽谷遊客中心店）,9.9,"['暮景·景觀雙人房:HK$803', '丹峯·庭院私湯家庭房:HK$1,112', '天外·泡池大床房:HK$1,177', '遠山·景觀親子房:HK$1,177', '翠雲·270°絕壁景觀家庭房:HK$1,262']"
如家商旅酒店（恩施火車站店）,9.4,"['大床房:HK$281', '雙床房:HK$308', '高級大床房:HK$333', '高級雙床房:HK$350']"
兩三點雨民宿（恩施大峽谷店）,10.0,"['疏星稀雨大床房·舒享大浴缸·智能家居·100寸VIP私享投影·智能馬桶·休閑茶座:HK$396', '鵲驚蟬鳴大床房·舒享大浴缸·智能家居·100寸VIP私享投影·智能馬桶:HK$442', '明月清風大床房·休閑陽台茶座觀山景·舒享大浴缸·智能家居·100寸VIP私享投影·智能馬桶:HK$484', '稻花飄香大床房·智能家居·100寸VIP私享投影·舒享大浴缸·智能馬桶:HK$533']"
怡程酒店（恩施文化中心店）,9.4,"['怡眠.標準大床房-空氣凈化器+智能客控:HK$406', '怡眠.標準雙床房-空氣凈化器+智能客控:HK$406', '怡享.舒適大床房-智能客控+智能馬桶:HK$487', '豪華智能大床房-智能客控+舒適床品:HK$528', '怡奢.豪華智能雙床房-智能客控+舒適床品:HK$528']"
鼎途華美達廣場酒店（恩施火車站店）,9.4,"['高級雙床房-寬敞空間·零壓舒睡:HK$629', '高級大床房-精緻空間·定製床品:HK$629', '豪華大床房-超級大床·盡享自由:HK$696', '温馨家庭房:HK$771', '行政雙床房-高層風景·視野開闊:HK$772']"
恩施大峽谷歡悦山居假日酒店,9.6,"['超大景觀大床房（中央空調+科勒潔具）:HK$719', '超大景觀雙床房（中央空調+科勒潔具）:HK$738', '浪漫景觀大床房（中央空調+科勒潔具+深泡浴缸）:HK$832', '超大景觀套房（中央空調+科勒潔具+深泡浴缸）:HK$869', '至尊景觀雙床房（中央空調+科勒潔具+深泡浴缸）:HK$907']"
恩施萬達美華酒店,9.5,"['驚喜假日高級雙床房（智能投屏+舒適床品+遮光窗簾）:HK$714', '特價雙床房（智能投屏+舒適床品+遮光窗簾）:HK$751', '特價大床房（智能投屏+舒適床品+遮光窗簾）:HK$751', '臻選豪華大床房（舒適浴缸+遮光窗簾+智能投屏）:HK$770', '優享豪華雙床房（遮光窗簾+智能投屏+舒適床品）:HK$770']"
恩施大峽谷女兒寨度假酒店,8.8,"['高級雙床房:HK$593', '高級大床房:HK$593', '觀景陽台雙床房（觀大峽谷全貌）:HK$637', '觀景陽台大床房（觀大峽谷全貌）:HK$637', '雅緻大床房:HK$637']"
怡程酒店（恩施土司城店）,9.6,"['舒適大床房（高樓層+新中式雅典）:HK$478', '舒適雙床房（高樓層+新中式雅典）:HK$478', '標準大床房（高樓層+舒適床品+新中式雅典）:HK$511', '標準雙床房（高樓層+舒適床品+新中式雅典）:HK$511', '城景大床房（超高樓層+璀璨夜景+新中式雅典）:HK$546']"
川見·隱山民宿（恩施雲龍地縫鹿院坪店）,10.0,"['望川•山景雙床房:HK$556', '林棲•庭院山景大床房:HK$687', '歸林•庭院山景大床房:HK$687', '雲染•270°蒼茫山景陽台雙床房:HK$687']"
恩施戴斯温德姆酒店,9.4,"['高級大床房-（小度智能+mini冰箱+高空城景）:HK$467', '商務大床房-（小度智能+膠囊Coffee機+mini冰箱+高空園景）:HK$500', '高級雙床房（小度智能+mini冰箱+高空園景）:HK$500', '商務雙床房-（小度智能+mini冰箱+高空園景）:HK$544', '豪華大床房-（小度智能+膠囊Coffee機+mini冰箱+高空園景）:HK$566']"
盛華國際酒店（恩施火車站店）,9.4,"['特惠標間（中央空調+乾濕分離+貴妃沙發）:HK$402', '豪華雙床房（全屋智能+中央空調+乾濕分離+智能馬桶）:HK$424', '豪華大床房（全屋智能+中央空調+乾濕分離+智能馬桶）:HK$424', '豪華親子房（全屋智能+小童洗護套裝+中央空調+乾濕分離+智能馬桶）:HK$500', '普通親子房（全屋智能+中央空調）:HK$500']"
全季酒店（恩施許家坪機場華龍城店）,9.4,"['大床房:HK$393', '高級大床房:HK$421', '商務大床房:HK$448', '高級雙床房:HK$448']"
住景國際酒店（恩施火車站機場店）,9.5,"['商務大床房（智能客控+乾濕分離）:HK$321', '商務雙床房（智能客控+乾濕分離）:HK$331', '豪華大床房（智能客控+智能馬桶+乾濕分離）:HK$353', '豪華雙床房（智能客控+智能馬桶+乾濕分離）:HK$363', '棋牌大床房（智能客控+棋牌設施+智能馬桶+乾濕分離）:HK$385']"
恩施華龍村大酒店,9.3,"['（特惠）異國風情大床房:HK$314', '特惠雙床房:HK$327', '高級園林雙人房:HK$379', '豪華園林大床房:HK$379', '豪華園林雙人房:HK$392']"
