酒店名称,评分,房型价格列表
撫州鑽石廣場亞朵酒店,9.5,"['高級雙床房（裸麪床品+慢回彈記憶枕+手機投屏）:HK$278', '高級大床房（裸麪床品+慢回彈記憶枕+手機投屏）:HK$278', '行政雙床房（小吧枱+慢回彈記憶枕+手機投屏）:HK$305', '行政大床房（小吧枱+慢回彈記憶枕+手機投屏）:HK$305', '幾木城景大床房（小吧枱+深睡記憶枕+手機投屏）:HK$376']"
撫州文昌花園酒店（文昌裏店）,9.5,"['尋夢大床房:HK$275', '尋夢雙床房:HK$275', '花園大床房:HK$311', '花園雙床房:HK$311', '戲夢休閑大床房:HK$364']"
全季酒店（撫州財富廣場店）,9.6,"['高級大床房（65寸大屏可投屏電視+金可兒床墊）:HK$264', '高級雙床房（65寸大屏電視可投屏+金可兒床墊）:HK$264', '商務大床房（65寸大屏液晶電視可投屏+金可兒床墊）:HK$283', '高級特大床房（65寸大屏液晶電視可投屏+金可兒床墊）:HK$301']"
維也納酒店（撫州財富廣場市政中心店）,9.4,"['標準雙床房:HK$230', '標準大床房:HK$230', '影音雙床房:HK$262', '豪華大床房:HK$273']"
蔓蘭凱瑞酒店（撫州東站店）,9.5,"['高級雙床房（1號樓）:HK$310', '高級雙床房（2號樓）:HK$310', '高級大床房（1號樓）:HK$315', '高級大床房（2號樓）:HK$315', '豪華大床房（1號樓）:HK$329']"
撫州鳳凰世紀名都大酒店,9.3,"['豪華大床房:HK$362', '豪華雙床房:HK$373', '豪華套房:HK$1,189', '鳳凰套房:HK$3,374', '總統套房:HK$8,401']"
撫州榮譽國際酒店,9.3,"['特惠雙床房:HK$304', '特惠大床房:HK$304', '高級雙床房:HK$410', '高級大床房:HK$410', '豪華雙床房:HK$448', '豪華大床房:HK$448']"
如家酒店·neo（撫州萬象新城天幕廣場店）,9.6,"['大床房:HK$161', '雙床房:HK$170', '商務大床間:HK$179', '高級大床房:HK$197']"
季楓智享酒店（撫州萬達廣場店）,9.3,"['雅緻大床房:HK$220', '雅緻雙床房:HK$220', '豪華大床房:HK$234', '豪華雙床房:HK$234']"
麗楓酒店（撫州高鐵站銅鑼灣店）,9.4,"['特惠大床房（慕思床墊&空氣凈化器&音樂淋浴）:HK$214', '豪華大床房（慕思床墊&空氣凈化器&音樂淋浴）:HK$226', '豪華雙床房（慕思床墊&空氣凈化器&音樂淋浴）:HK$242', '商務大床房（慕思床墊&空氣凈化器&音樂淋浴）:HK$242']"
麗楓酒店（撫州萬達店）,9.5,"['高級大床房:HK$205', '豪華大床房:HK$237', '豪華雙床房:HK$237', '豪華影音雙床房:HK$261']"
格萊登連鎖酒店（撫州東華理工大學南區店）,9.4,"['零壓舒享大床房（零壓枕頭床墊+智能烘乾洗衣機+熟睡遮光窗簾）:HK$151', '甄選高級大床房（超柔親膚布草+實木隔音門+靜謐空間）:HK$162', '零壓舒享雙床房（零壓枕頭床墊+智能烘乾洗衣機+熟睡遮光窗簾）:HK$162', '零壓暢享大床房（零壓枕頭床墊+雙層隔音靜謐+温馨舒適）:HK$173']"
翡翠洲際酒店（撫州財富廣場店）,8.9,"['高級大床房:HK$276', '高級雙人房:HK$276', '舒適無煙大床房:HK$326', '舒適無煙雙床房:HK$326', '影音智能大床房:HK$333']"
撫州文昌裏儀廬民宿,9.2,"['商務標準間:HK$217', '豪華大床房:HK$247', '麻將標間:HK$247', 'Loft房:HK$293']"
王府酒店（撫州東華理工大學店）,9.5,"['高級雙床房:HK$198', '高級大床房:HK$198', '雙床房:HK$200', '豪華大床房:HK$262']"
贛東賓館（撫州長運汽車總站店）,9.1,"['特惠單人間:HK$145', '雲享高層雙床房:HK$212', '雲享高層大床房:HK$225', '暢享影音雙床房:HK$233', '暢享影音大床房:HK$242']"
撫州財富廣場開元名庭酒店,9.4,"['名成高級大床房+智能中控+中國茶具+RICKS床墊:HK$338', '名成高級雙床房+智能中控+智能窗簾+RICKS床墊:HK$338', '名成豪華大床房+智能中控+中國茶具+RICKS床墊:HK$370', '名成豪華雙床房+智能中控+智能窗簾+RICKS床墊:HK$370', '名成行政景觀大床房+智能中控+超大落地窗+RICKS床墊:HK$425']"
希岸·輕雅酒店（撫州臨川區政府臨川一中店）,9.4,"['希岸雅緻房:HK$168', '希岸高級大床房:HK$184', '希岸豪華大床房:HK$192', '希岸影音大床房:HK$192']"
希岸酒店（撫州南門路金巢實驗學校店）,9.5,"['希岸豪華大床房（獨享空間+盡享浪漫）:HK$216', '希岸豪華雙床房（品牌床墊+超大空間）:HK$226', '希岸純凈大床房（品牌床墊+温馨舒適）:HK$229', '希岸商務雙床房（品牌床墊+超大空間）:HK$238']"
撫州文昌裏尋夢•昌里民宿,9.5,"['南柯·大床房:HK$390', '紫釵·雙床房（帶茶几）:HK$390', '邯鄲·複式親子房:HK$463', '牡丹亭·一室一廳套房（帶浴缸+沙發）:HK$581']"
撫州海若清遠樓酒店,9.5,"['智慧舒適雙床房（全屋智能音控+功夫茶具）:HK$275', '智慧舒適大床房（全屋智能音控+功夫茶具）:HK$284', '智慧商務大床房（全屋智能音控+功夫茶具）:HK$309', '智慧商務套房（全屋智能音控+浴缸）:HK$435', 'B.duck小黃鴨（基礎版）親子套房:HK$474']"
撫州鑲玉樓酒店（臨川區南昌大學店）,9.3,"['輕享雅緻大床房（小度智能語音）:HK$157', '輕享雅緻雙床房（小度智能語音）:HK$157', '尊享豪華大床房（小度智能語音）:HK$167', '尊享豪華雙床房（小度智能語音）:HK$167']"
花之韻酒店（撫州一中店）,9.3,"['行政單人房（智能客控+舒適睡眠）:HK$208', '高級雙床房（記憶棉床墊+舒適睡眠）:HK$223', '高級大床房（記憶棉床墊+舒適睡眠）:HK$223', '休閑麻將大床房:HK$223']"
維也納國際酒店（撫州東站店）,9.5,"['高級大床房（智能客控）:HK$260', '豪華特大床房:HK$304', '豪華雙床房（智能客控）:HK$314', '豪華大床房（智能客控）:HK$323', '商務雙床房（智能客控）:HK$342']"
麗楓酒店（撫州高鐵站華美立家店）,9.2,"['豪華大床房（音樂淋浴&薰衣草主題&智能客控）:HK$199', '豪華雙床房（音樂淋浴&薰衣草主題&智能客控）:HK$216', '景觀大床房（俯瞰城市夜景&休閑沙發&音樂淋浴）:HK$233', '商務大床房（休閑沙發&辦公桌&空氣凈化器）:HK$266']"
花之韻酒店（撫州萬達廣場店）,9.5,"['標準雙床房（乳膠床墊+舒適睡眠）:HK$190', '行政單間（記憶棉床墊+舒適睡眠）:HK$218', '棋牌娛樂房（乳膠床墊+舒適睡眠）:HK$245', '輕奢大床房（零壓床墊+蕎麥枕頭）:HK$256']"
撫州臨川麗呈酒店,9.0,"['商務大床房:HK$238', '豪華大床房:HK$261', '豪華雙床房:HK$261', '豪華景觀大床房:HK$283', '豪華景觀雙床房:HK$283']"
撫州比亞迪開元名庭酒店,9.3,"['名成高級雙床房:HK$352', '名成高級大床房:HK$352', '名成豪華大床房:HK$396', '名成豪華雙床房:HK$407', '名成行政麻將房:HK$461']"
維也納酒店（撫州臨川大道萬象新城店）,8.8,"['大床房:HK$162', '高級大床房:HK$179', '高級雙人間:HK$179', '豪華大床房:HK$198']"
維也納國際酒店（撫州臨川上頓渡店）,9.6,"['標準大床房:HK$214', '豪華大床房:HK$240', '豪華雙床房:HK$248', '江景大床房:HK$248']"
7天優品Premium（撫州東鄉高鐵站店）,9.7,"['優品大床房:HK$90', '輕享大床房（無窗）:HK$106', '舒享大床房:HK$136', '親子雙床房:HK$166']"
尚客優酒店（撫州文昌裏萬象城店）,9.4,"['高級大床房:HK$120', '麻將大床房:HK$139', '高級雙床房:HK$150', '豪華大床房:HK$150']"
撫州君悦皇冠國際酒店,9.1,"['高級雙床房:HK$205', '高級大床房:HK$222', '行政大床房:HK$255', '豪華大床房:HK$257']"
撫州永生璞琚酒店（大潤發第二人民醫院店）,8.6,"['安靜舒適雙床房【美式加厚床墊+寬敞明亮】:HK$134', '安靜舒適大床房【美式加厚床墊+寬敞明亮】:HK$134', '現代時尚雙床房【人體工程學座椅】:HK$150', '愜意空間大床房:HK$160']"
撫州雲季酒店,9.5,"['高級大床房:HK$255', '高級雙床房:HK$255', '豪華大床房:HK$268', '豪華雙床房:HK$268', '麻將大床房:HK$332']"
尚客優悅酒店（三盛中央公園碩果時代店）,9.5,"['特惠大床房【零壓床墊.智能客控】:HK$165', '智能大床房【零壓床墊.智能客控】:HK$174', '優悦榻榻米大床房【零壓床墊.智能客控】:HK$182', '優悦智能大床房【零壓床墊.智能客控】:HK$191']"
希岸酒店（撫州東鄉高鐵站）,9.7,"['玲瓏大床房:HK$189', '希岸大床房:HK$197', '希岸高級大床房:HK$214', '希岸豪華大床房:HK$231']"
撫州汝水森林賓館,9.4,"['3號樓大床房:HK$322', '3號樓標準間:HK$322', '3號樓行政套房:HK$558']"
開蔓酒店（撫州金巢大道大潤發店）,9.0,"['智能影音大床房:HK$182', '智能影音雙床房:HK$190', '豪華套房:HK$192', '智能影音棋牌雙床房:HK$228']"
寓約電競酒店（撫州高鐵站華美立家建材居廣場店）,10.0,"['輕奢電競大床房[加速器+影視會員+Steam特權]:HK$250', '輕奢電競雙床房[加速器+影視會員+Steam特權]:HK$250', '豪華電競大床房[4060TI+加速器+影視會員+Steam特權]:HK$272', '豪華電競雙床套房[3060+加速器+影視會員+Steam特權]:HK$371']"
撫州壹品電競酒店（華宏萬象新城店）,9.6,"['情侶閨蜜雙人電競大床房〔雲感床墊+32G運行內存+遊戲特權〕:HK$156', '甄選單人電競大床房〔雲感床墊+卓威顯示器+羅技鼠標〕:HK$156', '暢享雙人電競棋牌房〔機械臂+遊戲特權+雲感床墊〕:HK$177', '暢享三人電競棋牌房〔雲感床墊+歡樂競技+羅技鼠標〕:HK$205']"
城市便捷酒店（撫州東華理工大學店）,9.2,"['標準大床房:HK$147', '高級大床房:HK$161', '高級雙床房:HK$161', '豪華大床房:HK$176']"
如家素柏·雲酒店（撫州市南昌大學紅星美凱龍店）,9.2,"['標準商務房+高級乳膠床墊:HK$120', '標準大床房＋高級乳膠床墊:HK$124', '標準雙床房+高級乳膠床墊:HK$125', '高級大床房+高級乳膠床墊:HK$152']"
城市便捷酒店（撫州文昌裏撫州一中店）,9.0,"['特惠大床房:HK$126', '特惠雙床房:HK$126', '高級大床房:HK$133', '豪華大床房:HK$140']"
夢湖商務酒店（撫州臨川大道夢湖景區店）,8.7,"['特價單間:HK$107', '景觀標間:HK$120', '大單間:HK$132', '湖景標間:HK$145']"
星辰酒店（撫州東站店）,9.2,"['高級大床房（舒適沙發+寬敞明亮）:HK$141', '標準大床房（舒適沙發+開闊空間）:HK$149', '豪華大床房（光線明亮+優質床品）:HK$151', '高級雙床房（舒適沙發+乾濕分離）:HK$163']"
Xhotel青綿酒店（撫州臨川東華理工大學店）,9.2,"['絲綿雅緻高級雙床房（雲感床墊+公區自助洗衣房）:HK$117', '絲綿雅緻高級大床房（雲感床墊+酒店公區提供自助洗衣機）:HK$117', '輕綿雅居大床房（雲感床墊+酒店公區提供自助洗衣機）:HK$122', '槓上開棋牌雙床房（雲感床墊+酒店公區提供自助洗衣機）:HK$133']"
格林豪泰酒店（撫州臨川一中智選店）,9.1,"['商務大床房:HK$157', '商務雙床房:HK$169', '雙床房（附屬樓）:HK$178', '高級大床房棋牌:HK$205']"
開蔓國際酒店（撫州東鄉火車站店）,9.4,"['特價大床房（小度智能客控）:HK$105', '高級大床房（小度智能客控）:HK$136', '商務大床房（小度智能客控）:HK$159', '商務雙床房（小度智能客控）:HK$159']"
尚客優酒店（撫州碩果時代店）,9.1,"['標準大床房:HK$184', '豪華雙床房:HK$195', '豪華大床房:HK$206', '休閑麻將大床房:HK$239']"
