酒店名称,评分,房型价格列表
撫順友誼賓館,9.5,"['特惠大床房:HK$320', '園景大床房:HK$382', '園景雙床房:HK$382', '河景雙床房:HK$393', '河景大床房:HK$393', '商務精品園景房:HK$466']"
撫順天寶大廈,9.0,"['純享大床房:HK$232', '純享雙床房:HK$232', '商務雙床房:HK$288', '商務大床房:HK$288', '零壓大床房:HK$288']"
如家精選酒店（撫順北站順城萬達廣場店）,9.6,"['商務大床房A:HK$228', '雙床房:HK$261', '家庭房:HK$261', '商務大床房:HK$270']"
如家精選酒店（撫順石化大學店）,9.6,"['大床房（手機投屏+智能馬桶）:HK$298', '商務大床房（手機投屏+智能馬桶）:HK$327', '雙床房（手機投屏+智能馬桶）:HK$327', '高級大床房（手機投屏+智能馬桶）:HK$377']"
撫順南海綠洲大酒店,9.6,"['豪華大床房:HK$379', '豪華雙床房:HK$425', '豪華家庭房:HK$490', '商務大床房:HK$555']"
雲朵酒店（順城萬達廣場店）,9.4,"['奢縵甄選雙床房:HK$211', '光影巨幕影音房:HK$228', '奢縵甄選大床房:HK$234', '碧泉餘歡影音房:HK$254']"
輕住·愛舍精選酒店（撫順恆大廣場萬達店）,9.4,"['Phaotom光影灰色空間:HK$184', 'Klein Blue 克萊因藍（巨幕投影）:HK$212', 'Bauhaus黑白包豪斯風（巨幕投影）:HK$212', '輕奢投影雙床房（巨幕投影）:HK$249']"
全季酒店（撫順北站新華大街店）,9.7,"['大床房（智能語音+手機投屏+小冰箱）:HK$351', '高級雙床房（智能語音+手機投屏+小冰箱）:HK$351', '高級大床房（智能語音+手機投屏+小冰箱）:HK$390', '商務大床房（智能語音+手機投屏+小冰箱）:HK$399']"
漢庭酒店（撫順萬達廣場店）,9.5,"['大床房:HK$229', '高級大床房:HK$248', '雙床房:HK$267']"
撫順華水賓館,9.2,"['大床房:HK$349', '標準中式雙床房:HK$373', '三人間:HK$511']"
漢庭酒店（撫順天湖橋店）,9.6,"['高級大床房（手機投屏+休閑沙發）:HK$286', '商務大床房（手機投屏+休閑沙發）:HK$324', '高級雙床房（手機投屏+休閑沙發）:HK$362', '套房（會客廳+休閑沙發）:HK$362']"
如家睿柏·雲酒店（撫順北站店）,9.5,"['大床房:HK$120', '高級大床房:HK$129', '商務大床房:HK$140', '高級雙床房:HK$140']"
如家酒店（撫順望花雷鋒紀念館店）,9.3,"['雙床房（手機投屏）:HK$220', '商務大床房（手機投屏）:HK$220', '家庭房（手機投屏）:HK$229', '特色大床房（手機投屏）:HK$229']"
愛你時尚酒店（順城萬達店）,9.5,"['特惠大床房:HK$110', '豪華主題房:HK$119', '愛你電影主題房:HK$147', '麻將房:HK$147']"
蜉蝣山舍·VILLA度假民宿,9.2,"['8號院·兩室兩廳獨立水景房（地熱+麻將機+投影+KTV+燒烤火鍋）:HK$1,516', '7號院·二室二廳獨立湖景房（地熱+麻將機+投影+KTV+燒烤火鍋）:HK$1,734', '9號院·三室兩廳獨立山景房（地熱+麻將機+投影+KTV+燒烤火鍋）:HK$1,843', '6號院·五室三廳獨立湖景房（地熱+麻將機+投影+KTV+燒烤火鍋）:HK$3,372']"
都市之家民宿（萬達廣場店）,8.4,"['悦享大床房（A座）:HK$149', '臻選城景大床房（A座）:HK$174', '臻選城景雙床房（A座）:HK$230', '優享一室一廳套房（E座）:HK$243']"
百合公寓（撫順印象新城店）,9.5,['標準雙床房:HK$137']
陌野民宿（興隆店）,9.9,"['NIS輕奢loft巨幕投影大床房:HK$163', 'Loft秋意巨幕投影大床房:HK$185', 'loft暖春-巨幕投影-越層套房:HK$217', 'loft簡約巨幕投影商務套房:HK$294']"
春天公寓（撫順萬達店）,9.1,"['春天特惠大床房:HK$85', '春天温馨大床房:HK$114', '春天精品影院房:HK$142', '春天娛樂麻將房:HK$148']"
如家派柏·雲酒店（撫順北站永安橋店）,8.6,"['舒適大床房（無窗）:HK$144', '零壓大床房:HK$159', '商務大床房:HK$163', '標準雙人房:HK$163']"
速8精選酒店（撫順北站十二中學店）,9.2,"['標準大床房:HK$210', '標準雙床房:HK$232', '高級大床房:HK$232', '家庭房:HK$253']"
撫順盛昌賓館,9.5,['三人間:HK$129']
漢庭酒店（撫順北站店）,9.5,"['高級大床房:HK$198', '雙床房:HK$217', '商務大床房:HK$217', '家庭房:HK$236']"
如家酒店·neo（撫順將軍橋萬達廣場店）,9.0,"['商務大床房:HK$196', '雙床房:HK$213', '全新大床房:HK$222', '安心睡大床房:HK$230']"
漢庭酒店（撫順石化大學店）,9.5,"['大床房:HK$248', '高級大床房:HK$286', '雙床房:HK$286', '商務大床房:HK$315']"
撫順樂嘉公寓,9.4,"['歐式大床房:HK$117', '精品大床房:HK$147', '影音大床房:HK$165', '舒適家庭房:HK$202']"
撫順隔壁公寓,9.2,"['輕奢主題大床房:HK$163', '家庭影院大床房:HK$206']"
Sandbox沙盒電競民宿,9.7,"['電競[華碩4060ti]+街機搖桿遊戲機+極米百寸投影+冰箱:HK$174', '電競K唱歌[華碩4060ti]+按摩椅+星糖miniKTV+[洗衣機+冰箱]:HK$174', 'Loft[華碩4060ti]+PS4Pro+按摩椅+極米百寸投影:HK$185', 'Loft雙屏電競房[華碩4060ti]+PS4pro+按摩椅+百寸投影:HK$185']"
撫順尚恪主題公寓,9.7,"['現代大床房:HK$107', '尊享大床房:HK$112', '悦享大床房-B:HK$118', '優享大床房:HK$118']"
漢庭優佳酒店（撫順中央大街店）,9.5,"['特價房:HK$220', '高級大床房:HK$238', '雙床房:HK$238', '商務大床房:HK$258']"
怡萊酒店（撫順北站中心醫院店）,9.4,"['高級大床房:HK$159', '雙床房:HK$168', '商務大床房:HK$177', '家庭房:HK$187']"
撫順MiMi主題公寓,9.7,"['温馨主題房:HK$102', '主題大床房:HK$102', '浪漫大床房:HK$102', '情侶大床房:HK$102']"
錦尚都城酒店（撫順北站永安橋店）,8.5,"['雙床房:HK$79', '標準雙床房:HK$89', '舒適大床房:HK$89', '高級大床房:HK$99']"
撫順自如民宿,8.0,"['豪華浴缸大床房:HK$183', '豪華雙人套房:HK$194']"
撫順美郎商務賓館,9.0,"['韓式榻榻米:HK$120', '商務大床房:HK$246', '商務雙床房:HK$277', '豪華圓床房:HK$306']"
撫順金澤緣商務旅館,8.6,"['大床房:HK$54', '雙人間:HK$61', '雙床房a:HK$61', '三人間:HK$67']"
撫順生輝公寓,8.6,"['青旅大床房（公共衞浴）:HK$55', '温馨大床房:HK$80']"
撫順戀之家賓館,8.4,"['標準房:HK$147', '大床房:HK$147', '三人房:HK$165', '親子房:HK$173']"
撫順泰河賓館,8.0,"['特價房:HK$85', '大床房:HK$140', '三人間:HK$173', '標準四人間:HK$205']"
撫順眾信賓館,8.8,"['特惠房:HK$85', '標準大床房B（無窗）:HK$97', '標準雙床房B（無窗）:HK$97', '標準雙床房A:HK$129']"
撫順麗景商務賓館,7.6,"['大床房:HK$81', '標準間:HK$107']"
撫順愛情公寓,6.6,"['地中海主題房:HK$140', '經典雙床房:HK$151', '浴缸房:HK$151']"
撫順宏寬商務賓館,6.2,"['商務大床房:HK$130', '商務標準間:HK$152', '商務三人房:HK$195', '家庭房:HK$217']"
漢庭酒店（撫順清原火車站白雲街店）,9.4,"['雙床房（手機投屏）:HK$349', '高級大床房（手機投屏）:HK$369', '高級雙床房（手機投屏）:HK$378', '家庭房（手機投屏）:HK$415']"
撫順三十三夏校園民宿,8.6,"['帳篷小:HK$390', '情侶大床房:HK$525', '特惠三人榻榻米:HK$525', '中帳篷:HK$525']"
撫順新賓和睦賓館（和睦國家森林公園店）,8.9,"['舒適雙床房:HK$312', '舒適大床房:HK$320', '舒享茶藝大床房:HK$343', '小黃鴨主題親子房:HK$409', '熊貓主題親子房:HK$409']"
清原紅山商務賓館,9.5,"['大床房:HK$145', '標準雙人間:HK$145', '三人間:HK$156', '家庭房:HK$156']"
新賓後金賓館,9.8,"['雅緻古風大床房:HK$218', '標準間:HK$218', '特色榻榻米房:HK$218', '商務套房:HK$364']"
新賓嘉隆精品酒店,9.1,"['標準間（美國舒達床墊）:HK$271', '河景大床房（美國舒達床墊）:HK$271', '標準大床房（美國舒達床墊）:HK$271', '家庭商務房（美國舒達床墊）:HK$293']"
新賓隆昇商務賓館,8.5,"['標準間:HK$173', '大床房:HK$194', '精品大床房:HK$194', '精品標間:HK$205']"
