酒店名称,评分,房型价格列表
海逸酒店（哈密G312國道店）,9.7,"['經典大床房:HK$342', '經典雙床房:HK$360', '豪華大床房:HK$370', '豪華雙床房:HK$370']"
哈密希爾頓歡朋酒店,9.6,"['舒適大床房:HK$584', '舒適雙床房:HK$622', '高級大床房:HK$661', '高級雙床房:HK$700', '豪華大床房:HK$738']"
歡漫酒店（哈密火車站店）,9.7,"['高級大床房（智能客控）:HK$411', '高級雙床房（智能客控）:HK$411', '豪華甄選大床房（全景飄窗+夢百合零壓床墊+安睡枕）:HK$411', '豪華甄選雙床房（夢百合零壓床墊+零壓枕+全景落地窗）:HK$411', '天山景大床房（180度天山景觀+沉睡零壓床墊+安睡枕）:HK$429']"
錦江之星酒店（哈密火車站友誼路店）,9.6,"['星悦標準大床房:HK$225', '星悦高級大床房:HK$232', '星悦豪華大床房:HK$248', '星選高級雙床房:HK$256']"
哈密新世紀酒店（滙嘉時代店）,9.7,"['高級雙床房:HK$360', '高級大床房:HK$360', '豪華雙床房:HK$412', '城景大床房:HK$423', '高級套房:HK$571']"
喆啡酒店（哈密市伊州區迎賓大道店）,9.4,"['醇享大床房（親膚布草+深睡整晚）:HK$383', '醇享雙床房（親膚布草+深睡整晚）:HK$383', '啡凡雙床房（親膚布草+深睡整晚）:HK$416', '啡凡大床房（親膚布草+深睡整晚）:HK$416']"
哈密鑫順源酒店（312國道車碼頭汽服產業園店）,9.4,"['高級雙床房—輕盈睡眠+智能可控+零壓床墊+全屋地暖:HK$163', '高級大床房—拍照出片+親膚布草+零壓床墊+全屋地暖:HK$174', '商務雙床房—舒睡好眠+親膚布草+零壓床墊+全屋地暖:HK$185', '豪華大床房—夜景動人+智能客控+零壓床墊+全屋地暖:HK$211']"
宜必思酒店（哈密市G312國道車碼頭產業園店）,8.9,"['高級大床房（小冰箱+深睡床墊+隔音系統窗+速冷空調）:HK$223', '高級雙床房（小冰箱+深睡床墊+隔音系統窗+速冷空調）:HK$223', '商務大床房（小冰箱+深睡床墊+隔音系統窗+速冷空調）:HK$242', '商務雙床房（小冰箱+深睡床墊+隔音系統窗+速冷空調）:HK$242']"
哈密嘉頓假日酒店（哈密站店）,9.4,"['優享雙床房:HK$339', '陽光三人間（乾濕三分離）:HK$354', '商旅標準間（深睡眠乳膠枕+加濕器+乾濕三分離）:HK$360', '商旅大床房（深睡眠乳膠枕+加濕器）:HK$360']"
柏麗艾尚國際酒店（哈密火車站店）,9.6,"['大床房（智能客控+手機高清投屏）:HK$512', '商務大床房（智能客控+手機高清投屏）:HK$523', '雙床房（智能客控+手機高清投屏）:HK$534', '高級大床房（智能客控+手機高清投屏）:HK$534']"
哈密電視台桔子水晶酒店,9.6,"['高級雙床房（小冰箱+全屋智能客控）:HK$572', '高級大床房（小冰箱+全屋智能客控）:HK$622', '行政大床房（小冰箱+空氣加濕器+全屋智能客控）:HK$682', '豪華親子房（小冰箱+智能客控+空氣加濕器）:HK$773', '豪華套房（寬敞會客廳+全屋智能客控+手機投屏）:HK$1,044']"
錦江都城酒店（哈密市伊州區行政服務中心店）,9.7,"['精緻大床房（高清投屏+夢百合零壓床墊+落地窗觀景）:HK$497', '都會大床房（高清投屏+迷你小冰箱+落地窗觀景）:HK$503', '精緻雙床房（高清投屏+夢百合零壓床墊+落地窗觀景）:HK$542', '都會雙床房（高清投屏+迷你小冰箱+落地窗觀景）:HK$562', '風雅大床房（智能客控+無感鴨絨被+加濕器+乳膠枕頭）:HK$569']"
亞朵酒店（哈密市政府建國北路店）,9.6,"['雅緻大床房（全屋智能+迷你小冰箱）:HK$448', '高級大床房（迷你小冰箱+全屋智能）:HK$475', '高級雙床房（迷你小冰箱+全屋智能）:HK$492', '行政大床房（迷你小冰箱+全屋智能）:HK$510', '行政雙床房（迷你小冰箱+全屋智能）:HK$537']"
哈密聖湖國際酒店（火車站店）,9.4,"['舒睡大床房:HK$301', '舒睡雙床房:HK$301', '豪華大床房:HK$375', '豪華雙床房:HK$375', '智能尊享雙床房:HK$465']"
維也納國際酒店（哈密高鐵站店）,9.5,"['標準大床房:HK$290', '標準雙床房:HK$299', '商務大床房:HK$361', '商務雙床房:HK$369', '城景大床房:HK$400']"
魔方大酒店（哈密火車站店）,9.5,"['魔力炫雙床房（180度觀景+深睡整晚）:HK$301', '魔力炫大床房（新風系統+深睡整晚）:HK$301', '大海道影音房（新風系統+深睡整晚）:HK$312', '天山行大床房（180度觀景+深睡整晚）:HK$323', '天山行雙床房（180度觀景+深睡整晚）:HK$323']"
辰泰大酒店（哈密火車站店）,9.5,"['樂享大床房（新風系統+140織新疆長絨棉親膚布草+輕奢舒眠透氣羽絨被）:HK$248', '樂享雙床房（新風系統+140織新疆長絨棉親膚布草+輕奢舒眠透氣羽絨被）:HK$248', '舒適大床房（140織新疆長絨棉親膚布草+輕奢舒眠透氣羽絨被）:HK$268', '舒適雙床房（140織新疆長絨棉親膚布草+輕奢舒眠透氣羽絨被）:HK$268', '甜美大床房（140織新疆長絨棉親膚布草+輕奢舒眠透氣羽絨被）:HK$287']"
維也納國際酒店（哈密迎賓大道店）,9.6,"['高級雙床房:HK$475', '高級大床房:HK$492', '豪華雙床房:HK$500', '豪華大床房:HK$518', '商務雙床房:HK$534']"
如家酒店·neo（哈密建國北路客運站店）,9.5,"['大床房A（智能客控+手機投屏）:HK$294', '高級大床房（智能客控+手機投屏）:HK$312', '雙床房（智能客控+手機投屏）:HK$312', '高級雙床房（智能客控+手機投屏）:HK$331']"
麗楓酒店（哈密向陽東路店）,9.5,"['高級影音大床房（巨幕投影+觀影體驗好）:HK$420', '高級影音雙床房（巨幕投影+觀影體驗好）:HK$420', '雅緻大床房:HK$428', '豪華雙床房:HK$462']"
如家派柏雲酒店（哈密火車站八一北路店）,9.2,"['大床房:HK$263', '商務大床房A:HK$281', '雙床房A:HK$290', '商務大床房:HK$299']"
全季酒店（哈密迎賓大道店）,9.7,"['高級大床房（75寸巨幕電視+茶室+小冰箱）:HK$409', '雙床房（75寸巨幕電視+茶室+小冰箱）:HK$429', '舒壓高級大床房（75寸巨幕電視+茶室+小冰箱）:HK$447', '舒壓高級雙床房（75寸巨幕電視+茶室+小冰箱）:HK$456']"
華津大酒店（哈密站店）,9.5,"['尊享雙床房:HK$247', '甄選大床房:HK$247', '高級甄選大床房:HK$263', '高級尊享雙床房:HK$263']"
尚客優品酒店（哈密皇后天街店）,9.4,"['特惠雙床房（零壓床墊+安靜）:HK$326', '高級大床房（零壓床墊+安靜）:HK$352', '高級雙床房（零壓床墊+安靜）:HK$359', '商務大床房（零壓床墊+安靜）:HK$376']"
唯美上品酒店（哈密皇后天街店）,9.3,"['特價標間:HK$194', '特價大床房:HK$194', '商務大床房:HK$271', '商務標準間:HK$271']"
如家商旅酒店（哈密火車站春天裡店）,9.6,"['商務大床房（決明子功能枕）:HK$332', '雙床房（決明子功能枕）:HK$349', '高級大床房（決明子功能枕+加濕器）:HK$349', '高級雙床房（決明子功能枕+加濕器）:HK$368']"
格林豪泰酒店（哈密火車站店）,9.1,"['高級大床房:HK$194', '高級雙床房:HK$220', '商務大床房:HK$234', '商務雙床房:HK$244']"
海友酒店（哈密火車站店）,9.9,"['大床房（加濕器+電視投屏+獨立空調）:HK$186', '雙床房（加濕器+電視投屏+獨立空調）:HK$223', '商務大床房（加濕器+電視投屏+獨立空調）:HK$242', '家庭房（加濕器+電視投屏+獨立空調）:HK$260']"
艾扉酒店（哈密新民五路店）,9.6,"['商務大床房A（夢百合零壓床墊+零壓安睡枕）:HK$384', '雙床房A（夢百合零壓床墊+零壓安睡枕）:HK$384', '商務大床房（夢百合零壓床墊+零壓安睡枕）:HK$395', '雙床房（夢百合零壓床墊+零壓安睡枕）:HK$395']"
亞朵酒店（哈密伊州區七一夜市店）,9.5,"['高級大床房（語音客控+智能馬桶）:HK$528', '高級雙床房（語音客控+智能馬桶）:HK$601', '行政大床房（語音客控+智能馬桶+小冰箱）:HK$663', '幾木大床房（語音客控+智能馬桶+小冰箱）:HK$690', '幾木雙床房（語音客控+智能馬桶+小冰箱）:HK$726']"
麗楓酒店（哈密火車站店）,9.2,"['高級大床房（全屋智能客控）《無窗》:HK$174', '標準單人房（全屋智能客控）:HK$221', '高級精品大床房（巨幕投影+觀影體驗好）《無窗》:HK$239', '豪華大床房（全屋智能客控）:HK$271']"
哈密環球大酒店（火車站店）,9.4,"['內景雙床房:HK$252', '商務雙床房:HK$314', '行政雙床房:HK$331', '商務大床房:HK$340', '行政大床房:HK$349']"
哈密天馬飯店,9.5,"['標準單人房:HK$249', '標準間:HK$271', '豪華單人房:HK$314', '豪華套房:HK$642']"
哈密豫商大酒店（天馬商場哈密站店）,9.2,"['精選商旅雙床房（補水面膜+漱口水）:HK$214', '星耀甜夢大床房（零壓乳膠床墊+補水面膜）:HK$226', '北極光悠眠套房（單獨辦公區域+深睡床品）:HK$257', '夢幻光影大床房（深睡床品+視覺聽覺新體驗）:HK$266']"
凱里亞德酒店（哈密公元大觀漫街生活廣場店）,9.7,"['輕享大床房:HK$203', '樂享大床房:HK$212', '優享大床房:HK$237', '優享雙床房:HK$258']"
哈密漫薇電競酒店,9.8,"['無畏先鋒雙人間 （夢百合零壓床墊+全屋智能+大冰箱）:HK$392', '黑色玫瑰大床房:HK$397', '戰爭學院三人間:HK$434', '影流太空艙三人間:HK$434']"
寶石花酒店（哈密石油基地店）,9.5,"['特惠大床房:HK$204', 'B座商務大床房:HK$229', 'A座高級大床房:HK$229', '特惠標間:HK$292']"
星程酒店（哈密公元大觀店）,9.4,"['雙床房 【加濕器+中央空調+喜臨門床墊】:HK$389', '大床房【加濕器+中央空調+喜臨門床墊】:HK$399', '高級大床房【加濕器+中央空調+喜臨門床墊】:HK$428', '高級雙床房【加濕器+中央空調+喜臨門床墊】:HK$428']"
哈密天山賓館,8.8,"['商務標準間:HK$118', '豪華標準間:HK$140', '温馨大床房:HK$140', '三人間:HK$173']"
哈密伊北賓館,7.9,"['標準間:HK$96', '三人房（公共衞浴）:HK$118', '家庭房:HK$118']"
太陽民宿,9.6,"['侘寂風豪華家庭間:HK$727', '電競雙人間PS遊戲機:HK$727']"
星旺賓館（哈密二店）,9.5,"['優享雙床房:HK$147', '優享大床房:HK$147', '商務雙床房:HK$252', '商務大床房:HK$252']"
哈密錦江科技精品酒店,9.3,[]
