酒店名称,评分,房型价格列表
日照蔚藍假日酒店（萬平口東夷小鎮店）,9.5,"['豪華大床房（智能客控+舒達床墊+徠芬吹風機）:HK$643', '豪華雙床房（智能客控+舒達床墊+徠芬吹風機）:HK$643', '豪華親子房（智能客控+舒達床墊+徠芬吹風機）:HK$672', '景觀陽台雙床房（智能客控+舒達床墊+徠芬吹風機）:HK$672', '輕奢大床房（智能客控+舒達床墊+徠芬吹風機）:HK$700']"
日照木棉花酒店（市政府萬象滙店）,9.5,"['城景大床房-智能客控+藝術設計:HK$963', '城景雙床房-智能客控+藝術設計:HK$963', '園景大床房--智能客控+藝術設計:HK$1,059', '園景雙床房-智能客控+藝術設計:HK$1,059', '木棉家庭房·1張大床和1張沙發床:HK$1,107', '豪華客房，1張特大床:HK$1,177']"
日照賓館,9.6,"['特價大床房:HK$569', '特價標準間:HK$569', '商務大床房:HK$664', '商務標準間:HK$664', '別墅大床房:HK$759']"
日照萊頓海景酒店,9.2,"['豪華大床房:HK$1,034', '豪華雙床房:HK$1,130', '商務海景大床（側面看海）:HK$1,130', '商務海景雙床房（側面看海）:HK$1,224', '行政海景大床房（側面看海）:HK$1,225']"
日照大酒店（萬平口世帆基地店）,8.8,"['舒適雙床房:HK$405', '舒適大床房:HK$423', '潮汐海景雙床房:HK$630', '潮汐海景大床房:HK$658', '心悦温馨家庭房:HK$773']"
日照喜來登酒店,9.4,"['海景大床房:HK$1,302', '海景雙床房:HK$1,302', '行政海景大床房:HK$1,508', '行政海景雙床房:HK$1,508', '行政海景套房:HK$2,446', '迎賓海景套房:HK$3,383']"
日照美悦雲禧酒店,9.3,"['雲雅商務大床房-智能客控-智能馬桶:HK$656', '雲雅商務標間-智能客控-智能馬桶:HK$656', '雲書豪華大床房-智能客控-智能馬桶:HK$752', '雲書豪華標間-智能客控-智能馬桶:HK$752', '雲風荷里活房-智能客控-智能馬桶（可拼床）:HK$752']"
安泰海洋美學酒店,9.3,"['禮舍.近海榻榻米:HK$816', '雲舍·謐境榻榻米:HK$816', '雲舍·聽濤小院雙床房:HK$996', '拾海·小築大床房:HK$1,034', '禮舍·親海庭院大床房:HK$1,091']"
花築奢·禔福客棧（日照萬平口東夷小鎮店）,9.2,"['秋意·雅緻雙床房（慕思零壓床墊）:HK$428', '秋意·雅緻大床房（慕思零壓床墊）:HK$428', '春覓·親子雙床房（慕思零壓床墊+純棉貢緞+鵝絨被芯）:HK$492', '春覓·親子大床房（慕思零壓床墊+純棉貢緞+鵝絨被芯）:HK$492', '秋華·湖景雙床房（舒達零壓床墊+TOTO衞浴）:HK$546']"
花築·日照和佰和民宿（山海天旅遊度假區店）,9.8,"['棲心·親子房 | 智能客控+家庭影院+智能馬桶+中央空調:HK$493', '佰和·LOFT雙床房 | 智能客控+家庭影院+智能馬桶:HK$598', '千潯·雙床房 | 智能客控+家庭影院+智能馬桶+中央空調:HK$674', '雲水·家庭滑梯房 | 智能客控+家庭影院+智能馬桶:HK$844']"
日照東湖開元名都大酒店,9.6,"['開元名都雙床房:HK$949', '開元名都大床房:HK$949', '別墅大床房:HK$949', '行政大床房:HK$1,139', '別墅小套房:HK$1,614', '豪華套房:HK$1,995']"
日照百替温德姆花園度假酒店,8.6,"['豪華觀景雙床房:HK$930', '豪華觀景大床房:HK$930', '豪華大床房:HK$949', '海景雲端雙床房:HK$968', '海景雲端大床房:HK$1,063']"
日照海景花園大酒店（萬平口東夷小鎮店）,9.2,"['豪華公寓（無窗）:HK$588', '經濟雙床房:HK$795', '標準大床房:HK$795', '豪華雙床房:HK$956', '商務雙床房:HK$1,156']"
日照天德國際大酒店,8.9,"['高級雙床房:HK$692', '高級大床房:HK$692', '45度海景雙床房:HK$781', '45度海景大床房:HK$781', '180度奢享海景大床房:HK$1,047']"
日照星島奇幻樂園酒店（星島藍碳店）,9.3,"['奇幻樂園親子房（小童樂園+迷你冰箱+徠芬吹風機）:HK$787', '奇幻海洋雙床房（小童樂園+迷你冰箱+徠芬吹風機）:HK$787', '星島海洋親子房（一線海景+小童樂園+迷你冰箱）:HK$977', '海景太空艙大床（海景陽台+小童樂園+智能馬桶）:HK$1,167', '海景太空艙榻榻米（海景落地窗+小童樂園+智能馬桶）:HK$1,167']"
布可不住酒店（日照第三海水浴場店）,9.9,"['雅緻大床房（小冰箱）:HK$808', '高級雙床房（小冰箱）:HK$829', '舒適大床房（小冰箱）:HK$858', '尊享大床房（小冰箱）:HK$877', '海景雙床房（小冰箱）:HK$905']"
日照海景麗呈酒店（萬平口東夷小鎮店）,9.0,"['麗享商務大床房:HK$968', '麗享商務雙床房:HK$968', '麗景豪華大床房（45°海景）:HK$1,093', '麗景豪華雙床房（45°海景）:HK$1,093', '麗舒豪華三床房:HK$1,216']"
M夜柏酒店（日照萬平口風景區店）,9.3,"['雅緻大床房（全屋智能+零壓床墊+智能馬桶）:HK$471', '尊享大床房（全屋智能+零壓床墊+智能馬桶）:HK$492', '尊享雙床房（全屋智能+零壓床墊+智能馬桶）:HK$532', '豪華大床房（全屋智能+零壓床墊+智能馬桶）:HK$559', '豪華雙床房（全屋智能+零壓床墊+智能馬桶）:HK$600']"
日照萬平口景區錦江都城酒店,9.8,"['探索大床房:HK$258', '探索雙床房:HK$258', '行政尊享大床房:HK$295', '行政尊享雙床房:HK$295', '妙想主題大床房:HK$338']"
日照開元森泊度假酒店,9.4,"['高級大床房:HK$1,169', '高級雙床房:HK$1,169', '豪華大床房:HK$1,293', '豪華雙床房:HK$1,293', '城市觀景大床房:HK$1,474', '城市觀景雙床房:HK$1,474']"
歡漫酒店（日照大學城萬平口海濱風景區店）,9.9,"['高級雙床房丨小冰箱+65寸電視+智能小度+智能馬桶:HK$607', '高級大床房丨小冰箱+65寸電視+智能小度+智能馬桶:HK$638', '豪華雙床房丨小冰箱+65寸電視+智能小度+智能馬桶:HK$679', '漫雅套房:HK$730', '豪華大床房丨小冰箱+65寸電視+智能小度+智能馬桶:HK$1,029']"
蘭歐國際酒店（日照大學城安泰廣場店）,9.6,"['蘭逸智能大床房『智能客控+安眠床墊+AI語音』:HK$569', '高級大床房『AI語音+投屏電視+迷你冰箱+近海攬景』:HK$601', '高級雙床房『AI語音+零壓酣眠+迷你冰箱+超大辦公』:HK$601', '豪華大床房『智能音控+投屏電視+迷你冰箱+智能馬桶』:HK$627', '行政大床房『奢闊床眠+智能投屏+迷你冰箱+智能馬桶』:HK$659']"
日照福朋喜來登酒店,9.7,"['高級大床房:HK$997', '高級雙床房:HK$997', '精選大床房:HK$1,035', '精選雙床房:HK$1,035', '城景大床房:HK$1,073', '城景雙床房:HK$1,073']"
日照M美玥酒店,9.4,"['安玥大床房（智能客控+AI音響+落地窗景）:HK$683', '覽玥雙床房（智能客控+AI音響+落地窗景）:HK$716', '覽玥大床房（智能客控+AI音響+落地窗景）:HK$738', '星玥親子房（智能客控+寬敞空間+落地窗景）:HK$741', '城景家庭房:HK$817']"
日照東夷小鎮希爾頓歡朋酒店,9.4,"['舒適雙床房（Serta床墊+彼得羅夫洗護+人體工學椅）:HK$846', '舒適大床房（Serta床墊+彼得羅夫洗護+人體工學椅）:HK$846', '高級大床房（Serta床墊+彼得羅夫洗護+人體工學椅）:HK$1,002', '高級雙床房（Serta床墊+彼得羅夫洗護+人體工學椅）:HK$1,002', '豪華大床房（Serta床墊+彼得羅夫洗護+人體工學椅）:HK$1,187']"
日照蘇寧諾富特酒店,9.3,"['精選大床房（尊享斯林百蘭床墊）:HK$696', '精選雙床房（浴缸享尊貴）:HK$696', '高級大床房（尊享斯林百蘭床墊）:HK$720', '高級雙床房（浴缸享尊貴）:HK$720', '豪華大床房（全景落地窗）:HK$884', '豪華雙床房（全景落地窗）:HK$884']"
日照嵐橋錦江大酒店（山海天浴場太公島牡蠣公園店）,9.3,"['高級園景雙床房:HK$702', '高級海景大床房:HK$702', '豪華海景大床房:HK$749', '豪華海景雙床房:HK$749', '行政海景雙床房:HK$844', '行政海景大床房:HK$844']"
花築·日照雲捲雲舒民宿（日照海濱國家森林公園店）,9.4,"['看雪·大床房「花園庭院」:HK$580', '聽雨·小童滑梯親子房「高清投影+全屋智能+花園庭院」:HK$834', '雲捲雲舒·滑梯親子家庭房 | 高清投影+全屋智能+庭院:HK$834', '觀日·露台LOFT家庭套房「智能客控+花園庭院」:HK$834']"
日照華美酒店（市政府日照火車站店）,9.4,"['特色浴缸房—大床（一次性浴缸套+夢幻泡泡浴液）:HK$399', '特色浴缸房—雙床（一次性浴缸套+夢幻泡泡浴液）:HK$399', '雅緻大床房（智能客控）:HK$440', '商務大床房（城市美景+小冰箱+浴缸）:HK$511', '豪華雙床房（智能客控+電動窗簾）:HK$511']"
日照站萬平口景區亞朵酒店,9.7,"['高級大床房:HK$689', '高級雙床房:HK$742', '行政大床房（語音客控+小冰箱）:HK$742', '幾木大床房（語音客控+小冰箱）:HK$777', '行政雙床房（語音客控+小冰箱）:HK$803']"
山外文元酒店,9.7,"['文元雙床房-美國kingkoil床墊:HK$699', '文元大床房-美國kingkoil床墊:HK$699', '商務大床房-美國kingkoil床墊:HK$779', '套房-美國kingkoil床墊:HK$1,193', '文元家庭房-美國kingkoil床墊:HK$1,354']"
他山藝術酒店（日照萬象滙萬達廣場店）,9.0,"['温馨大床房:HK$641', '舒適大床房（寬敞舒適）:HK$682', '舒適標準間（寬敞舒適）:HK$682', '豪華大床房（大空間+乳膠枕+乳膠床墊）:HK$764']"
花築·趣海雅苑民宿（日照海濱國家森林公園店）,9.4,"['錦海·温罄園夢大床房+智能化粧鏡+智能馬桶:HK$685', '前海·近海雙大床房+智能化粧鏡:HK$831', '山海·奢華家庭親子房+小童帳篷+智能化粧鏡+智能馬桶:HK$973', '林海·套房兩室一廳+沙發+智能化粧鏡+智能馬桶:HK$973']"
日出悅海大酒店（日照萬平口景區店）,9.3,"['商務大床房:HK$763', '商務雙床房:HK$763', '荷里活房:HK$829', '商務海景大床房:HK$909', '行政大床房:HK$909']"
雲海經典海景公寓（日照萬平口燈塔廣場店）,9.6,"['海景兩居雙床套房【投影】:HK$1,104', '豪華海景親子套房:HK$1,120', '日式兩居雙床套房【榻榻米】【投影】:HK$1,211', '休閑鞦韆•投影•積木桌•兩居三床套房（帶榻榻米）:HK$1,508']"
日照雲隱小鎮民宿,9.9,"['星空小院:HK$537', '茶園小院:HK$627', '家庭小院:HK$717', '家庭套房:HK$1,078']"
亞朵酒店（日照市政府萬平口店）,9.6,"['幾木大床房（浴袍+小冰箱）:HK$601', '籃球主題大床房（浴袍+小冰箱）:HK$652', '幾木雙床房（浴袍+小冰箱）:HK$652', '行政家庭雙床房:HK$652', '籃球主題雙床房（浴袍+小冰箱）:HK$702']"
日照金海花園大酒店（萬平口東夷小鎮度假區店）,9.3,"['庭院雙床房:HK$482', '市景雙床房:HK$510', '市景大床房:HK$510', '庭院家庭房:HK$549', '市景家庭房:HK$577']"
全季酒店（日照市政府華潤萬象滙店）,9.7,"['高級大床房（65寸電視投屏+智能化+冰箱）:HK$329', '豪華大床房（65寸電視投屏+智能化+冰箱）:HK$394', '雙床房（65寸電視投屏+智能化+冰箱）:HK$394', '豪華套房（65寸電視投屏+智能化+冰箱）:HK$428']"
花築·潤山左右民宿（日照春風十里店）,9.8,"['月華·雅緻大床房|花園庭院+沙發茶几:HK$426', '素秋·輕奢親子房|花園庭院+沙發茶几:HK$533', '夢蝶·庭院親子房|花園庭院+沙發茶几:HK$747', '卿雲·庭院親子房|花園庭院+沙發茶几:HK$779']"
日照希爾頓花園酒店（大學城店）,9.7,"['花園高級雙床房:HK$612', '花園豪華大床房:HK$612', '花園無障礙客房:HK$627', '花園尊享大床房:HK$636', '花園豪華雙床房:HK$650']"
凱里亞德酒店（日照站萬平口景區店）,9.7,"['尊享大床房【語音客控+智能馬桶】:HK$626', '榮享智能大床房【語音客控+智能馬桶】:HK$695', '榮享智能雙床房【語音客控+智能馬桶】:HK$695', '樂玩心球親子雙床房【語音客控+智能馬桶】:HK$695']"
觀海藝術酒店（日照多島海店）,9.2,"['海景大床房:HK$764', '標準山景雙床房:HK$816', '標準海景大床房:HK$833', '山景大床房:HK$992', '山景雙床房:HK$992', '高級海景大床房:HK$999']"
如家精選酒店（日照濟南路國際金融中心海洋公園店）,9.6,"['商務大床房:HK$375', '雙床房:HK$382', '高級大床房:HK$389', '高級雙床房:HK$396']"
希岸Deluxe酒店（日照市政府萬平口店）,9.7,"['Deluxe雅緻大床房:HK$487', 'Deluxe高級大床房:HK$523', 'Deluxe高級雙床房:HK$544', 'Deluxe豪華大床房:HK$579', 'Deluxe豪華雙床房:HK$600']"
日照十二星座野奢美宿,9.7,"['巨蟹座· 獨棟親子泳池別墅:HK$1,195', '摩羯座· 單卧獨棟情侶泳池別墅:HK$1,277', '天蠍座· 獨棟親子泳池別墅:HK$1,277', '處女座·山景獨棟親子別墅（全屋智能+雙卧室+獨立泳池+雙衞+客廳+庭院）:HK$1,519', '天秤座· 山景獨棟別墅（全屋智能+雙卧室+獨立泳池+雙衞+客廳+庭院寵物友好）:HK$1,519']"
凌海大酒店（日照站大唐廣場店）,9.1,"['特惠臻選標間:HK$265', '雅緻市景標準間:HK$304', '雅緻市景大床房:HK$322', '凌楓豪華大床房（零壓舒眠）:HK$351', '家庭標準間:HK$360']"
亞汀酒店（日照大潤發芒果時代廣場店）,9.6,"['經典大床房（電動窗簾+乳膠床墊）:HK$227', '商務雙床房（電動窗簾+乳膠床墊）:HK$256', '行政大床房（辦公用品+智能馬桶+乳膠床墊）:HK$265', '0壓大床房（夢百合0壓床墊＋0壓記憶枕+智能馬桶）:HK$265', '0壓雙床房（夢百合0壓床墊＋0壓記憶枕+智能馬桶）:HK$284']"
日照海濱城際酒店,9.9,"['大床房:HK$490', '雙床房:HK$498', '高級大床房【Sealy絲漣床墊|Appelles洗護｜智能客控】:HK$533', '豪華大床房【Sealy絲漣床墊|Appelles洗護｜智能客控】:HK$577', '高級雙床房【Sealy絲漣床墊|Appelles洗護｜智能客控】:HK$586']"
魚姬·親子休閑度假Villa美宿（日照海洋公園店）,9.9,"['地中海loft城堡套房|小童娛樂房|浴缸|舒適榻榻米|雙衞:HK$568', 'Loft地中海城堡|浴缸|小童娛樂|雙衞:HK$568', '親子帆船三室海景房|180度觀海|海盜船床|童趣壁畫:HK$630', '270度觀海|日出海景房|三室雙衞|智能馬桶|麻將機:HK$873']"
