酒店名称,评分,房型价格列表
昆明壹林林酒店（南亞風情第一城店）,9.5,"['LOFT·驚喜城景大床房:HK$445', 'LOFT·雅仕城景大床房:HK$467', 'LOFT·親子雙卧城景家庭套房:HK$577', 'LOFT·雅仕城景雙床房:HK$633']"
萬青美宿酒店（昆明長水國際機場店）,9.7,"['青嶼丨輕享電視大床房【零壓床+新風空調+品質好睡眠】:HK$194', '青美丨榮享巨幕影院大床房【微米投影+零壓睡眠+空調】:HK$208', '青嶼丨輕享巨幕影院雙床房【百寸巨幕+微米投影】:HK$215', '青嶼丨輕享巨幕影院大床房【百寸巨幕+微米投影+零壓床+新風空調+休閑椅+品質好睡眠】:HK$222']"
SFEEL設計師酒店（昆明老街南屏步行街店）,9.5,"['靜謐大床房（金可兒床墊）:HK$290', '榻榻米大床房（金可兒床墊）:HK$303', '舒適大床房（金可兒床墊）:HK$303', '舒適陽光大床房（金可兒床墊•mini吧）:HK$317']"
明凡居酒店（昆明霖雨橋地鐵站店）,9.3,"['温馨大床房（慕斯床墊+鵝絨被鵝絨枕+直飲水）:HK$266', '陽光雙床房（慕斯床墊+鵝絨被鵝絨枕+直飲水）:HK$274', '精品大床房（慕斯床墊+鵝絨被鵝絨枕+直飲水）:HK$320', '精品雙床房（慕斯床墊+鵝絨被和枕+直飲水+獨立小書房）:HK$327']"
雲朵·裏酒店（昆明老街翠湖公園店）,9.4,"['智能優選大床房（智能客控+零壓床墊+液晶電視）:HK$404', '智能商務大床房（智能客控+記憶枕+液晶電視）:HK$426', '智能設計師舒適大床房（智能客控+記憶枕+零壓床墊）:HK$447', '智能設計師豪華大床房（智能客控+投影屏+零壓床墊）:HK$469', '智能商務雙床房（智能客控+記憶枕+液晶電視）:HK$491']"
零智景際酒店（昆明長水國際機場店）,9.5,"['智選·感恩驚喜大床房（巨幕視聽+全屋智能+酣睡床墊）:HK$283', '智選·感恩驚喜雙床房（巨幕視聽+全屋智能+酣睡床墊）:HK$283', '景秀·遠山觀景雙床房（巨幕視聽+全屋智能+酣睡床墊）:HK$349', '景秀·遠山觀景大床房（巨幕視聽+全屋智能+酣睡床墊）:HK$349']"
石林易家酒店（石林景區店）,9.4,"['閣樓智能大床房:HK$214', '閣樓智能標間:HK$240', '景觀智能標房:HK$266', '露台景觀標房:HK$306']"
金碧會館酒店（南屏步行街金馬碧雞坊店）,9.6,"['雲初大床房:HK$414', '南見大床房:HK$524', '榻榻米房:HK$579', '文藝歐派套房（一室一廳）:HK$984', '庭院泡池套房（露台花園）:HK$1,093']"
美豪麗致酒店（昆明長水機場店）,9.5,"['雅緻城景大床房（零壓床墊+智能客控）:HK$225', '雅緻城景雙床房（零壓床墊+智能客控）:HK$236', '靜雅城景特大床（零壓床墊+智能客控）:HK$248', '靜雅城景投影雙床房（零壓床墊+智能客控）:HK$259', '麗致茶藝棋牌房（零壓床墊+智能客控）:HK$273']"
閑庭敍酒店（昆明小康大道朗悅灣店）,10.0,"['閑庭逸緻大床房【茶台+空調+靜怡舒適】:HK$144', '閑庭相伴親子雙床房【獨立空調+茶台+寬敞通透】:HK$154', '閑情安逸大床房【茶台+空調+坐卧沙發】:HK$164', '安逸恬靜雙床房【獨立空調+茶台+超大空間】:HK$184']"
18度居智慧酒店（昆明萬科魅力之城廣衞地鐵站店）,9.7,"['悠然|隱逸凈心大床房「全屋智能•55寸4K投屏•乳膠床墊」:HK$166', '悦夢|弧光悦景大床房「全屋智能•55寸4K投屏•乳膠床墊」:HK$176', '星辰|空中暮色大床房「全屋智能•55寸4K•乳膠床墊」:HK$196', '星語|星空守望雙床房「全屋智能•55寸4K投屏•乳膠床墊」:HK$206']"
筠居温泉民宿,9.8,"['舒適大床房:HK$489', '雅緻大床房:HK$573', '雅緻榻榻米房:HK$659', '親子帳篷套房:HK$720']"
龔禧裏·初見酒店（昆明老街店）,9.5,"['禧悦舒適大床房（直飲水機）:HK$286', '禧遇高級大床房（直飲水機）:HK$339', '禧悦日式大床房（直飲水機）:HK$348', '禧裏雙床房（直飲水機）:HK$352']"
楚雲軒酒店（雲南警官學院店）,9.1,"['雅緻精選大床房:HK$260', '雅緻精選雙床房:HK$282', '輕奢高級大床房:HK$315', '輕奢高級雙床房:HK$315']"
昆明滇之南酒店（昆明長水國際機場店）,9.6,"['美致-園景大床房【零壓床+智能客控+商務辦公桌+榻榻米茶台+舒適沙發+落地彩窗】:HK$266', '美致-園景雙床房【零壓床+品質好睡眠+智能客控+榻榻米茶台+商務辦公桌】:HK$285', '雅豪-MAX雲逸投影大床房【巨幕投影+零壓床+觀影VIP會員+智能客控+日式榻榻米茶台+大空間】:HK$290', '雅豪-MAX雲逸投影雙床房【巨幕投影+零壓床+觀影VIP會員+智能客控+商務辦公桌+日式榻榻米+茶台+大空間】:HK$296']"
花宿民宿（昆明市延安醫院七彩之門店）,9.7,"['花宿·有澗:HK$175', '花宿·月下【高清巨幕投影+冰箱+洗衣機】:HK$189', '花宿·淺憶【高清巨幕投影+冰箱+洗衣機】:HK$189', '花宿·伊一【高清巨幕投影+冰箱+洗衣機】:HK$189']"
無二樂居酒店（昆明老街南屏步行街店）,9.5,"['UNIQUE-壹-盲-盒奇遇靜謐大床房:HK$478', 'UNIQUE-貳-暗夜森林大床房（空氣凈化器+冰箱）:HK$491', 'UNIQUE-叁-極光夜語大床房 （新風系統+冰箱）:HK$499', 'UNIQUE-伍-潮流復古大床房（ 百寸投影+冰箱 ）:HK$501']"
龍貓精靈酒店（昆明老街南屏街店）,9.4,"['螢火之森雅緻日式大床房-智能投屏:HK$398', '千與千尋悦享簡約大床房-温馨舒適:HK$416', '天空之城陽光街景浴缸房-城市景觀:HK$441', '龍貓温馨舒適親子雙床房-歡樂時光:HK$460']"
昆明長水機場萬金安酒店,9.3,"['高級雙床房:HK$258', '高級大床房:HK$258', '高級三人房:HK$281', '家庭親子房:HK$281', '行政豪華套房:HK$317']"
茶馬嵐滇酒店（滇池風景區茶馬花街店）,9.5,"['禪修風古雅大床房【地台小複式】:HK$252', '陽光大床房:HK$256', '唐宋禪修豪華標準間【原木桌椅】:HK$275']"
城市便捷酒店（昆明長水國際機場店）,9.7,"['智能標準大床房:HK$250', '智能商務雙床房:HK$274', '智能商務大床房:HK$282', '影院大床房:HK$298']"
江野連鎖酒店（昆明站店）,9.8,"['豪華大床房:HK$240', '豪華雙床房:HK$261', '輕奢浴缸大床房:HK$283', '輕奢浴缸雙床房:HK$316']"
龔禧裏·遇見酒店（南屏步行街金馬碧雞坊店）,9.5,"['禧悦日式大床房（直飲水機）:HK$264', '禧惠大床房（直飲水機）:HK$282', '禧悦高級日式大床房（直飲水機）:HK$301', '禧遇大床房（直飲水機）:HK$319']"
麗怡酒店（昆明長水國際機場店）,9.5,"['高級大床房+智能客控+夢百合床墊:HK$282', '高級雙床房+智能客控+夢百合床墊:HK$338', '豪華大床房+智能客控+夢百合床墊:HK$359', '豪華雙床房+智能客控+夢百合床墊:HK$381', '無障礙大床房+智能客控+夢百合床墊:HK$400']"
昆明官渡豪生Life酒店（昆明國際會展中心雙橋夜市風情街店）,9.6,"['舒適大床房「春城落日晚霞+金可兒床墊+MINIBAR」:HK$351', '高級大床房「時尚靈動空間+會客沙發配套+通透採光」:HK$373', '高級雙床房「沉浸城市夜景+辦公配套區+空間寬敞」:HK$373', '豪華大床房「繁華都市夜景+全屋智能控制+輕盈美夢」:HK$394', '豪華雙床房「俯瞰都市繁華+藍牙音箱+品質優選」:HK$394']"
格麗酒店（昆明老街南屏步行街店）,9.3,"['格麗大床房（新風系統）:HK$247', '格麗大床房（影音房）:HK$255', '智能大床房:HK$286', '格麗高級大床房:HK$307']"
尚藝別院酒店（昆明塘子巷東風廣場地鐵站店）,9.5,"['翠微靜夜大床房（全屋智能＋乾濕分離+洗衣機）:HK$221', '皓月靜夜雙床房（全屋智能＋乾濕分離+洗衣機）:HK$232', '幾時沐光大床房（全屋智能＋乾濕分離+洗衣機）:HK$244', '朗悦靜夜雙床房（全屋智能＋乾濕分離＋休閑椅）:HK$254']"
昆明亞特維斯酒店（融創滇池後海店）,10.0,"['特惠大床房全屋智能+落地窗+智能馬桶+獨立中央空調:HK$244', '舒適大床房+全屋智能+智能馬桶+獨立中央空調:HK$256', '輕奢雙床房百寸巨幕影院全屋智能獨立中央空調智能馬桶:HK$258', '輕奢大床房（全屋智能+智能馬桶+獨立中央空調）:HK$296']"
維也納國際酒店（昆明世博園虹橋地鐵站店）,9.4,"['標準單人間:HK$314', '標準大床房:HK$339', '高級大床房:HK$374', '高級雙床房:HK$381', '豪華大床房:HK$399']"
昱凱·兮畔影音酒店（昆明南屏步行街翠湖公園店）,9.0,"['橘光影音大床房（中央空調+百寸投影）:HK$300', '巷裡影院大床房（酒杯樓拍照打卡+3D投影+中央空調）:HK$323', '微醺私享大床房（氛圍感+電視可投屏+中央空調）:HK$334', '慵懶榻榻米大床房（街景+中央空調+百寸投影）:HK$344']"
尚驀酒店（昆明老街塘子巷地鐵站店）,9.2,"['拾光·城景私享大床房:HK$396', '慵居·浴缸洞穴大床房:HK$440', '獨白·鏡面設計大床房:HK$482', '里約·露台全景浴缸大床房:HK$535']"
宜必思尚品酒店（昆明南屏步行街店）,9.5,"['高級大床房【乾濕分離衞浴】:HK$321', '商務大床房【全景落地窗|乾濕分離衞浴】:HK$359', '高級雙床房【乾濕分離衞浴】:HK$369', '舒壓商務大床房【舒壓床品|全景落地窗|乾濕分離衞浴】:HK$378']"
夕月亮酒店（昆明和諧廣場霖雨橋地鐵站店）,9.5,"['悦享大床房（乳膠枕頭+零壓床墊+雙層隔音）:HK$256', '靜謐大床房（無窗）:HK$269', '優享大床房（智能投屏+中央空調+助眠床墊）:HK$291', '豪華大床房（坐卧沙發+寬敞通透+超大浴缸）:HK$313']"
錦晨智能酒店（同德廣場店）,9.5,"['甄選特價房:HK$221', '簡約投影大床房（小度語音智控+空調+投影會員）:HK$233', '尊享影院大床房（小度語音智控+中央空調+特大床+零壓睡眠+投影會員）:HK$245', '舒雅投影雙床房（小度語音智控+空調）:HK$365']"
花容設計師酒店（昆明南站七彩雲南第壹城店）,9.4,"['彩蛋房（高空觀景|投影|冰箱洗衣機）:HK$195', '虞美人·景觀大床房（巨幕投影|騰訊VIP|冰箱洗衣機）:HK$195', '西江月·浴缸大床房（高空觀景|豪華浴缸|冰箱洗衣機）:HK$229', 'Loft·高空景觀大床房（投影|騰訊VIP|冰箱洗衣機）:HK$232']"
陌上輕雅酒店（昆明高鐵南站市政府店）,9.6,"['品學·高空城景大床房（愜意觀景+智能語音）:HK$393', '品學·高空城景雙床房（愜意觀景+智能語音）:HK$393', '靜逸·童趣萌動甄選親子房（萌趣可愛）:HK$422', '雅緻·茶藝修心大床房（品工夫茶+享慢時光）:HK$442']"
麗致公寓酒店（昆明七彩之門店）,9.8,"['麗致-波西米亞觀景投影房:HK$191', '麗致-輕奢觀景投影房:HK$198', '麗致-精選景觀投影房:HK$198', '麗致-簡約風觀景投影空調房:HK$213']"
如家精選酒店（昆明大商滙店）,9.7,"['大床房:HK$224', '商務大床房:HK$250', '雙床房:HK$250', '高級大床房:HK$275']"
昆明寶悦酒店（廣福路大商滙店）,9.6,"['悠享-城景大床房（智能客控）:HK$384', '悠享-城景雙床房（智能客控）:HK$386', '觀影雙床房 （百寸巨幕+智能客控）:HK$439', '甄選 城景雙床房（智能客控）:HK$488']"
印象雀之靈大酒店（昆明長水國際機場店）,9.5,"['悦享•零壓大床房:HK$195', '靜享•零壓大床房:HK$240', '樂享•零壓三人房:HK$240', '雅緻•零壓大床房:HK$293']"
南強別院酒店（昆明南屏步行街金馬碧雞坊店）,9.4,"['青堂瓦舍大床房:HK$494', '十方小榭大床房:HK$522', '街巷旖旎大床房:HK$563', '里巷小築雙床房:HK$591']"
君遨酒店（南屏步行街店）,9.3,"['遨賞大床房:HK$164', '登贏雙床房:HK$179', '登贏大床房:HK$189', '0壓深睡雙床房（0壓記憶枕+0壓床墊）:HK$211']"
昆明果木酒店（長水國際機場店）,9.5,"['精緻大床房（優質床品）:HK$199', '樂享大床房（優質床品）:HK$229', '樂享雙床房（優質床品）:HK$242', '優享大床房（優質床品）:HK$255']"
錦江都城酒店（昆明西山萬達廣場火車站店）,9.5,"['精緻大床房:HK$400', '精緻城景大床房:HK$439', '精緻城景雙床房:HK$491', '都會大床房:HK$504', '都會雙床房:HK$542']"
溪麓湖畔精品酒店（昆明滇池海埂大壩店）,9.6,"['溪語·雅緻大床房（直面海埂大壩）:HK$415', '溪語·湖畔清風大床房:HK$415', '夏悦·臨湖雙床房（舒適睡枕+乾濕分離）:HK$479', '成長快樂親子房（獨立小童床+乾濕分離）:HK$518']"
昆明博希蘭莊園酒店（長水國際機場店）,9.5,"['棲雲驛•庭院大床房（私享庭院+全屋智控+零壓床墊）:HK$231', '蘭霄驛•景觀雙床房（全屋智控+零壓床墊+品質床品）:HK$231', '疏瀾語•投影大床房（全屋智控+激光投影+零壓床墊）:HK$242', '博霄渡•投影雙床房（全屋智控+激光投影+零壓床墊））:HK$253']"
G·五尚酒店（昆明火車站環城南路地鐵站店）,9.6,"['尚禧大床房【AI客控+小冰箱+直飲水機+商務空間】:HK$235', '尚悦大床房【AI客控+小冰箱+直飲水機+180度全景】:HK$247', '尚品大床房【AI客控+小冰箱+直飲水機+180度全景】:HK$258', '尚禧雙床房【AI客控+小冰箱+直飲水機+休閑空間】:HK$269']"
昆明祥潤亞航酒店（昆明國際長水機場店）,9.4,"['清寧 | 山水甄選大床房【新風空調+零壓床+智能客控+休閑辦公桌+休閑茶台+品質好睡眠】:HK$136', '輕影 | 茶禪 IMAX巨幕影院大床房【休閑茶台+新風空調+巨幕投影+休閑好睡眠+零壓床+智能客控】:HK$141', '清寧 | 山水甄選雙床房【智能管家+新風空調+休閑茶台+零壓床+舒適好睡眠+休閑辦公桌】:HK$142', '輕影 | 歸心IMAX巨幕影院雙床房【新風空調+巨幕投影+零壓床+休閑辦公桌+舒適好舒眠+休閑茶台】:HK$153']"
康鉑酒店（昆明高新西城時代店）,9.4,"['舒適大床房:HK$340', '高級大床房-高空觀景大窗+雙人辦公桌:HK$364', '舒適雙床房:HK$364', '高級雙床房-高空觀景大窗+雙人辦公桌:HK$388', '豪華大床房-全景落地窗+小冰箱+超大會客廳:HK$437']"
航彩民族酒店（昆明國際長水機場店）,9.1,"['航美·甄選大床房【舒適好睡眠+新風空調+零壓床+辦公桌+休閑茶台】:HK$135', '航美·假日商務雙床房【商務辦公桌+休閑茶台+新風空調+零壓床】:HK$142', '航悦·七彩輕奢大床房【新風空調+零壓床+品質好睡眠+休閑桌+休閑茶台】:HK$143', '航影·百寸巨幕影院大床房【巨幕投影+零壓床+辦公桌+休閑茶台+多巴胺彩色風】:HK$155']"
