酒店名称,评分,房型价格列表
昭通畫苑賓館,9.6,"['優享標間:HK$217', '商務單間:HK$257', '商務標間:HK$257', '豪華標間:HK$289']"
昭通洲豪假日酒店（昭通古城省耕文化公園店）,9.1,"['精品大床房:HK$271', '豪華城景雙床房:HK$271', '豪華城景大床房:HK$315', '行政茶韻雙床房:HK$447', '行政茶韻大床房:HK$447']"
惠乾永宏酒店（昭通元寶山公園店）,9.2,"['榻榻米房:HK$123', '雅緻麻將房:HK$135', '雅緻豪華單間:HK$162', '庭院大床房:HK$172']"
康鉑酒店（昭通青年路金融中心店）,9.5,"['舒適大床房:HK$228', '舒適雙床房:HK$228', '高級大床間:HK$237', '高級雙床房:HK$237']"
昭通力豪鳳凰國際酒店,9.3,"['豪華大床房:HK$305', '豪華雙床房:HK$305', '湖景大床房:HK$388', '觀景雙床房:HK$388', '棋牌觀景套房:HK$542']"
昭通皇之城酒店（望海公園店）,9.3,"['樂享·舒適大床房（智能馬桶+零壓助眠）:HK$256', '悦享·高級大床房（智能馬桶+零壓助眠）:HK$272', '悦享·高級雙床房（智能客控+智能馬桶+零壓助眠）:HK$288', '奢享·豪華大床房（智能客控+智能馬桶+零壓助眠）:HK$299']"
維也納酒店（昭通古城市政廣場店）,9.5,"['標準大床房:HK$260', '高級大床房:HK$315', '高級雙床房:HK$315', '豪華大床房:HK$369']"
昭通雲端小築民宿,9.7,"['豪華城景標間:HK$204', '豪華影院單間:HK$214', '豪華城景單間:HK$230', '豪華影院棋牌標間:HK$242']"
泊岸酒店（昭通省耕山水店）,9.6,"['泊岸丨輕享雙床房:HK$147', '泊岸丨靜享大床房:HK$155', '泊岸丨精選雙床房:HK$155', '泊岸丨樂享親子房:HK$169']"
昭通富松大酒店（省耕公園店）,9.5,"['特惠標間:HK$227', '行政標間:HK$238', '豪華大床房:HK$238', '行政大床房:HK$249', '温馨親子房:HK$282']"
昭通紫光精品酒店（金融中心店）,8.8,"['標準單人間:HK$254', '標準雙人間:HK$254', '商務雙人間:HK$266', '主題套房:HK$364', '商務套房:HK$364']"
全季酒店（昭通合景廣場店）,9.6,"['大床房【金可兒床墊|65寸投屏電視|小童洗漱用品】:HK$263', '高級大床房【金可兒床墊|65寸投屏電視|小童洗漱用品】:HK$341', '高級雙床房【金可兒床墊|65寸投屏電視|小童洗漱用品】:HK$352', '商務大床房【金可兒床墊|65寸投屏電視|小童洗漱用品】:HK$381']"
鳳南精品酒店,9.5,"['經濟大床房[新風系統]:HK$177', '精選大床房:HK$209', '豪華大床房:HK$230', '豪華雙床房:HK$230']"
亞蘭酒店（昭通市發達廣場店）,9.3,"['精品標間房:HK$119', '精品大床房:HK$139', '豪華大床房:HK$151', '豪華標間房:HK$161']"
維也納國際酒店（昭通吾悦廣場店）,9.6,"['高級大床房:HK$361', '高級雙床房:HK$371', '豪華大床房:HK$377', '豪華雙床房:HK$387', '行政大床房:HK$471']"
擎天精品酒店（昭通鳳霞路店）,9.6,"['豪華大床房:HK$195', '特惠大床房:HK$195', '高級雙人房:HK$206', '豪華雙人房:HK$219']"
惠乾大酒店（昭通環東路步行街店）,9.4,"['特惠房:HK$130', '主題單間:HK$176', '標準單人間:HK$186', '標準雙人間:HK$196']"
雲居酒店（昭通合景廣場店）,9.6,"['桑榆暮影·大床房（獨立空調丨智能窗簾丨公區提供洗衣房）:HK$189', '標準大床房（獨立空調丨智能窗簾丨公區提供洗衣房）:HK$194', '晨光熹微·豪華大床房（獨立空調丨智能窗簾丨公區提供洗衣房）:HK$214', '攬雲塵·豪華雙人間（獨立空調丨智能窗簾丨公區提供洗衣房）:HK$242']"
昭通紫光大酒店,9.3,"['雅緻大床房:HK$353', '商務單間:HK$353', '商務標間:HK$353', '雅緻雙床房:HK$353', '豪華商務單間:HK$365']"
鉑晶輕奢酒店（省耕公園店）,9.1,"['舒適大床房（智能房控+空氣凈化器）:HK$258', '舒適雙床房（智能房控+空氣凈化器）:HK$258', '雅緻雙床房（陽光城景+空氣凈化器）:HK$280', '雅緻大床房（深度睡眠+空氣凈化器）:HK$280']"
昭通發展大廈酒店,9.1,"['豪華大床房:HK$333', '豪華雙床房:HK$333', '行政一室一廳大床房:HK$556', '尊享一室一廳大床房:HK$619']"
凱里亞德酒店（昭通古城店）,9.6,"['特價大床房:HK$226', '特價雙床房:HK$237', '輕享大床房-智能客控-電霧玻璃:HK$271', '輕享雙床房-智能客控-電霧玻璃:HK$282']"
昭通鳳禧祥瑞大飯店（望海公園店）,9.0,"['商務大床房:HK$306', '豪華雙床房:HK$340', '豪華大床房:HK$340', '望海湖景雙床房:HK$379', '望海湖景大床房:HK$379']"
昭通慧谷村酒店（省耕文化公園合景廣場店）,9.6,"['登贏雙床房:HK$143', '登第雙床房:HK$180', '登贏大床房:HK$185', '0壓登贏雙床房（0壓記憶枕+0壓床墊）:HK$186']"
昭通天悅國際酒店（省耕山水合景廣場店）,9.5,"['巨幕影音榻榻米（80寸巨幕投影+零壓床墊+全屋智能）:HK$229', '悦樂雙床房（65寸電視投屏+零壓床墊+全屋智能）:HK$272', '悦樂大床房（65寸電視投屏+零壓床墊+全屋智能）:HK$272', '悦致雙床房（65寸電視投屏+零壓床墊+全屋智能）:HK$284', '悦享大床房（65寸電視投屏+零壓床墊+全屋智能）:HK$305']"
昭通宏露酒店,9.5,"['拾光青年大床房:HK$218', '舒適靜謐大床房:HK$218', '輕奢雅緻雙床房:HK$230', '舒心愜意雙床房:HK$230']"
豪居酒店（昭通合景廣場店）,8.2,"['特惠大床房:HK$236', '豪華大床房:HK$244', '商務雙床房:HK$253', '投影大床房:HK$253']"
昭通大酒店（金融中心店）,9.0,"['經濟房:HK$149', '舒適大床房:HK$194', '豪華大床房:HK$199', '舒適雙床房:HK$201']"
昭通江山大酒店,9.4,"['豪華單間:HK$380', '豪華標間:HK$380', '行政單間:HK$433', '商務標間:HK$433', '觀景房:HK$509']"
惠乾財通酒店（昭通鳳凰美食城店）,9.5,"['特惠雙床房:HK$250', '精緻單間:HK$259', '雅緻單間:HK$278', '雅緻標間:HK$287']"
雲上雲輕奢酒店（昭通合景廣場店）,9.8,"['全智能温馨房:HK$199', '全智能精品大床房:HK$214', '全智能商務雙床房:HK$253', '全智能親子大床房:HK$253']"
萌青春雲汐酒店（望海公園店）,9.4,"['智尚.惠享大床房:HK$269', '智雅.優選大床房:HK$287', '暢享影音.豪華大床房:HK$322']"
凱楓酒店（昭通錦海建材家居城店）,9.5,"['温馨大床房:HK$114', '温馨家庭套房:HK$213']"
昭通富凰大酒店,8.7,"['優選大床房:HK$149', '特惠雙床房:HK$159', '特惠三人間:HK$176', '舒適大床房:HK$191']"
如家酒店.neo（昭通海樓路店）,8.9,"['商務大床房:HK$154', '雙床房:HK$154', '全新大床房:HK$170', '全新雙床房:HK$170']"
雲海一號客棧（昭通大山包景區店）,9.5,"['經濟雙人床:HK$206', '經濟大床房（電熱毯）:HK$206', '温馨家庭房:HK$315', '舒適大床房:HK$326']"
阿富爾連鎖酒店（昭通富悦店）,9.2,"['精緻大床房（酒店提供自助洗衣房）:HK$287', '田園雙床房（酒店提供自助洗衣房）:HK$345', '雅緻雙床房（酒店提供自助洗衣房）:HK$351', '簡約雙床房（酒店提供自助洗衣房）:HK$367']"
昭通鶴都大酒店（省耕山水店）,8.4,"['輕享·簡約大床房:HK$195', '輕享·簡約雙床房:HK$195', '樂享·雅緻大床房:HK$216', '樂享·雅緻雙床房:HK$227']"
豪錦大酒店（昭通合景廣場店）,9.4,"['錦安舒適大床房（中央空調+品質床墊）:HK$128', '錦和舒適雙床房（智能門鎖+化粧鏡）:HK$140', '錦康豪華大床房（靜享睡眠+羽絨被）:HK$152', '錦悦豪華雙床房（智能門鎖+專線專網:HK$153']"
居嘉酒店（昭通合景廣場店）,9.2,"['特價大床房:HK$111', '高級大床房:HK$126', '豪華雙床房:HK$134', '豪華大床房:HK$137']"
錦月酒店（昭通市民之家店）,9.8,"['特惠雅緻大床房【全屋智能燈控+小智管家】:HK$128', '尊享品致大床房【全屋智能燈控+小智管家】:HK$138', '臻選雅居大床房【全屋智能燈控+小智管家】:HK$147', '密悦雅緻商務套房【全屋智能燈控+小智管家】:HK$156']"
昭通庭院民宿（發達廣場店）,9.3,"['書香大床房:HK$261', '庭院大床房:HK$287', '庭院雙床房:HK$287', '茶韻大床房:HK$287']"
昭通兼愛酒店（古城店）,8.7,"['豪華大床房:HK$141', '豪華標準間:HK$156', '標準套房:HK$212']"
昭通瑞坤酒店,9.5,"['特惠大床房:HK$115', '普通大床房:HK$145', '豪華雙床房:HK$181', '精品大床房:HK$184']"
昭通香山精品酒店,8.9,"['香山|景觀大床房:HK$234', '香山|逸緻經濟房:HK$234', '香山|漫享雙床房:HK$250', '電競情侶暢玩間[RTX3070顯卡+酷睿i7]:HK$262']"
昭陽區省耕大酒店 （昭通學院錦海建材家居城店）,9.5,"['落地玻璃觀景大床房-高速網+空調+羽絨被+酒店公區洗衣機:HK$132', '寬闊窗享景大床房 （公區洗衣機+冷熱空調+羽絨被助眠）:HK$138', '輕享舒適大床房（千兆網絡隨心沖浪+羽絨被助好眠）:HK$142', '悦享高級大床房（空調冷暖可控羽絨被助眠+公區洗衣機）:HK$152']"
昭通萌青春錦泉酒店,9.6,"['特惠大床房:HK$130', '精品大床房:HK$141', '浴缸旋轉房:HK$151', '商務大床房:HK$151']"
尚客優品酒店（實驗中學店）,10.0,"['標準大床房:HK$193', '商務大床房:HK$203', '商務雙床房:HK$212', '高級大床房:HK$225']"
昭通昭陽八景酒店,9.7,"['特惠網紅洞穴風主題房:HK$141', '精緻圓床房:HK$153', '豪華大床房:HK$176', '豪華雙床房:HK$176']"
祥澤大酒店（昭通合景廣場店）,9.3,"['精品大床房·中央空調+千兆網絡+羽絨被:HK$149', '豪華大床房·中央空調+千兆網絡+羽絨被:HK$156', '陽光雙人間·中央空調+千兆網絡+羽絨被:HK$166', '豪華雙人間 【中央空調+千兆網絡+羽絨被】:HK$175']"
