酒店名称,评分,房型价格列表
景德鎮本覺如是民宿（陶溪川文創街區店）,9.6,"['浮光·靜謐大床房:HK$524', '尋夢·福袋大床房:HK$568', '自在·舒適大床房:HK$600', '既見·舒適雙床房:HK$633', '靜享·觀景大床房:HK$677']"
景德鎮祥寶茶宿（陶溪川文創街區店）,9.6,"['月影·智能圓床房｜零壓床墊＋中央空調＋浪漫星空頂:HK$391', '青花·智能大床房｜零壓床墊＋中央空調＋品牌洗護:HK$392', '茶語·豪華大床房｜全屋智能＋零壓床墊＋愜意茶台:HK$426', '陶陽·親子雙床房｜全屋智能＋零壓床墊＋軟硬雙枕:HK$502', '雅韻·家庭雙床房｜全屋智能+零壓床墊＋品牌洗護:HK$513']"
陶溪川國貿飯店,9.4,"['高級雙床房:HK$654', '高級大床房:HK$654', '豪華大床房:HK$698', '豪華雙床房:HK$698', '家庭雙床房:HK$731']"
曼居酒店（景德鎮古窯民俗博覽區店）,9.5,"['曼享舒適雙床房（陽光露台）:HK$399', '曼享舒適大床房（陽光露台）:HK$399', '曼享高級雙床房（迷你冰箱+陽光露台）:HK$432', '曼享高級大床房（迷你冰箱+陽光露台）:HK$432', '曼享豪華大床房（迷你冰箱+陽光露台）:HK$531']"
陶溪川川上行酒店（陶溪川文創街區店）,9.5,"['不遠大床房:HK$1,518', '不遠雙床房:HK$1,518', '不息大床房:HK$1,737', '不息雙床房:HK$1,737', '歸藏套房:HK$2,284', '不捨套房:HK$2,612']"
景德鎮啟蓮精舍民宿（三寶國際陶藝村店）,9.9,"['湧金陶瓷山景雙床房|智能客控+巨幕投影+鵝絨被+智能馬桶+德國高儀衞浴:HK$469', '清歡歸隱大床房|智能客控+巨幕投影+鵝絨被+智能馬桶+德國高儀衞浴:HK$469', '玉堂景觀大床房|智能客控+巨幕投影+鵝絨被+智能馬桶+德國高儀衞浴:HK$545', '梅英歸隱雙床房|智能客控+巨幕投影+鵝絨被+智能馬桶+德國高儀衞浴:HK$622', '無塵景觀大床房|智能客控+巨幕投影+鵝絨被+智能馬桶+德國高儀衞浴:HK$655']"
貳柒玖·里居·Courtyard美宿（景德鎮三寶國際陶藝村店）,9.7,"['如詩·聽雨·私享大床房| 【智能家居+鵝絨被+cohler科勒衞浴】:HK$456', '如磬· 畫閣· 園景大床房| 【智能家居+3D護脊床墊+cohler科勒衞浴+落地景觀】:HK$513', '如玉·丹鳳·豪華雙床房（智能家居+3D護脊床墊+鵝絨被+cohler科勒全套衞浴+智能家居+巨幕投影）:HK$576', '陶然·溪風·豪華大床房| 【智能家居+3D護脊床墊+巨幕投影】:HK$579', '景象·流月·尊貴大床房| 【智能家居+3D護脊床墊+鵝絨被+巨幕投影】:HK$632']"
陶也酒店（陶溪川路陶陽裏店）,8.9,"['水景豪華雙床房（寶格麗洗護·智能客控）:HK$542', '水景豪華大床房（寶格麗洗護·智能客控）:HK$542', '水景豪華超大床房（寶格麗洗護·智能客控）:HK$729', '水景温馨親子房（寶格麗洗護·智能客控）:HK$1,177', '水景温馨親子套房（寶格麗洗護·智能客控）:HK$1,543']"
栩程•景與親子泳池民宿（陶溪川文創街區店）,9.9,"['浴缸大床房（零壓床+記憶枕+乾濕分離+高清投影）:HK$372', '零壓大床房（零壓床+記憶枕 +休閑沙發 +高清投影）:HK$415', '庭院景觀大床房（智能客控+落地窗+搖搖椅+休閑沙發）:HK$470', '零壓雙床房（零壓床+記憶枕+休閑沙發+落地窗+搖搖椅）:HK$547', '泡池大床房（智能客控+記憶枕+休閑沙發+搖搖椅+投影）:HK$602']"
陶舍度假酒店（人民廣場陶陽裏景區店）,9.5,"['舒適單人房【空氣凈化除濕機+乳膠枕】:HK$293', '高級大床房【空氣凈化除濕機+乳膠枕】:HK$315', '豪華大床房【mini冰箱+空氣凈化除濕機+乳膠枕】:HK$337', '奢華大床房【mini冰箱+茗茶榻榻米+智能馬桶除濕機】:HK$359', '觀景大床房【mini冰箱+茗茶榻榻米+智能馬桶除濕機】:HK$392']"
景德鎮陶溪川景見禮酒店（陶陽新村店）,9.2,"['一耶暴富·大床房（會客空間+零壓床墊）:HK$390', '日富一日·雙床房（會客空間+記憶睡眠枕）:HK$402', '好運常在.悦心大床房（陽光城景+乾濕分離）:HK$421', '心想柿成.甄選大床房（靜謐安靜+零壓床墊）:HK$450', '平安喜樂·雙床房（舒適靜謐+全屋智能）:HK$457']"
陶邑東郊酒店（陶溪川文創街區店）,9.3,"['高級雙床房（零壓床墊+康乃馨床品+乾濕分離）:HK$563', '高級大床房（零壓床墊+康乃馨床品+乾濕分離）:HK$563', '豪華雙床房（零壓床墊+康乃馨床品+乾濕分離）:HK$603', '豪華大床房（零壓床墊+康乃馨床品+乾濕分離）:HK$603', '商務雙床房（陽台+零壓床墊+康乃馨床品+乾濕分離）:HK$643']"
景德鎮陶茗居城市民宿（陶陽里人民廣場店）,9.7,"['複式品茗大床房:HK$406', '複式觀景大床房:HK$447', '複式藝術雙床房:HK$465', '複式樂天家庭房:HK$629']"
景德鎮清璞暖居酒店,9.3,"['悦享新風大床房（乳膠枕+零壓床墊）:HK$220', 'Bisque丨青川墨影·甜白釉·藝術典藏房:HK$227', 'Rice-Pattern丨三寶問陶·玲瓏瓷·温馨大床房:HK$253', 'Cloisonne丨景泰藍·琺琅彩·清幽雙床房:HK$253']"
陶邑迎祥酒店（陶陽裏店）,9.5,"['舒適大床房:HK$350', '高級大床房:HK$453', '高級雙床房:HK$483', '豪華大床房（55寸巨幕可投屏）:HK$483', '豪華雙床房:HK$525']"
花築·景德鎮視界陶也民宿（陶溪川三寶店）,9.6,"['茶韻大床房（中式實木傢俱+SEVENPLUS洗護用品）:HK$447', '沐風大床房（中式實木傢俱+SEVENPLUS洗護用品）:HK$486', '茶韻雙床房（中式實木傢俱+SEVENPLUS洗護用品）:HK$548', '主題家庭房（中式實木傢俱+SEVENPLUS洗護用品）:HK$724', '素隱家庭雙床房（中式實木傢俱+SEVENPLUS洗護用品）:HK$863']"
景德鎮此時天度假酒店（三寶國際陶藝村店）,9.3,"['景德慢｜沐心大床房【智能客控+巨幕觀影】:HK$842', '景德慢｜沐心雙床房【智能客控+巨幕觀影】:HK$902', '憑欄處｜花園雙床房【智能客控+巨幕觀影】:HK$962', '憑欄處｜花園大床房【智能客控+巨幕觀影】:HK$962', '沐雲澗｜水幕大床房【智能客控+巨幕觀影】:HK$1,022', '沐雲澗｜水幕親子雙床房【智能客控+巨幕觀影】:HK$1,022']"
景德鎮陶溪川漫心府,9.7,"['心怡標準大床房（絲漣床墊+親膚浴袍+智感取電）:HK$664', '心悦園景大床房（園林美景+高清全身鏡+休閑沙發）:HK$734', '心享豪華大床房（智能馬桶+超大浴缸+超清全身鏡）:HK$794', '心悦高級雙床房（內置冰箱+智能窗簾+徠芬吹風機）:HK$825', '心享豪華家庭房（極佳空間感+內置冰箱+休閑沙發）:HK$895']"
陶邑觀英酒店（陶溪川北路高鐵北站店）,9.4,"['高級大床房（舒適睡眠＋蕎麥枕）:HK$442', '高級雙床房（舒適睡眠＋蕎麥枕）:HK$442', '豪華大床房（明亮寬敞＋榻榻米）:HK$467', '豪華雙床房（明亮寬敞＋榻榻米）:HK$467', '商務大床房（温馨舒適＋迷你冰箱＋保險櫃）:HK$501']"
等風來villa美宿（陶溪川文創街區店）,9.6,"['清風·大床房（全屋智能+智能馬桶+騰訊視頻SVIP）:HK$576', '見山·觀景大床房（落地泳池全景+全屋智能）302:HK$608', '折葉·獨立露台大床房（泳池景觀+全屋智能）402:HK$685', '采霜·陽台大床房（180°泳池景觀+全屋智能）202:HK$685', '向川·觀景雙床房（180°落地泳池全景+全屋智能）303:HK$914']"
境覓·Findpeace民宿（景德鎮陶溪川創意廣場店）,9.7,"['精緻單人房（高清投影+智能馬桶+助眠床墊）:HK$278', '精緻榻榻米雙床房（高清投影+智能馬桶+助眠床墊）:HK$278', '商務大床房（商務辦公+智能馬桶+助眠床墊）:HK$306', '商務雙床房（商務辦公+巨幕投影+智能馬桶+助眠床墊）:HK$320']"
一山半居民宿（三寶國際陶藝村）,9.6,"['一半清歡 | 温馨大床房:HK$511', '一半詩與遠方 | 舒適大床房:HK$511', '一半過往 | 舒適雙床房:HK$530', '一半未來 | 雅緻大床房:HK$530']"
景瀚大酒店（景德鎮陶陽裏景區店）,9.4,"['舒適城景大床房:HK$513', '舒適城景雙床房:HK$513', '尊享城景雙床房:HK$531', '尊享城景大床房:HK$531', '雲端觀景大床房:HK$684', '雲端觀景雙床房:HK$684']"
陶邑松園酒店（景德鎮藝術職業大學高鐵北站店）,9.1,"['高級大床房（記憶枕+沙發床+乾濕分離+松林翠屏）:HK$489', '高級雙床房（蕎麥枕+乾濕分離+松林翠屏）:HK$489', '豪華大床房（記憶枕+沙發床+乾濕分離+觀景陽台）:HK$529', '豪華雙床房（蕎麥枕+乾濕分離+觀景陽台）:HK$529', '商務大床房（記憶枕+沙發床+乾濕分離+超大觀景露台）:HK$568']"
景德鎮青水塘度假酒店（三寶國際陶藝村店）,9.8,"['塘岸庭院優選雙床房:HK$704', '青山水畔優選大床房:HK$735', '青山水畔親子雙床房:HK$781', '青山水畔陽台大床房:HK$861', '青山水畔陽台雙床房:HK$862']"
景德鎮Fuyu浮嶼·白親子House民宿（陶溪川文創街區店）,9.9,"['高嶺-浴缸大床房「零壓床+記憶枕+智能馬桶」:HK$646', '寒溪-童趣親子房「滑滑梯+零壓床枕+101」:HK$726', '御窯-奢享大床房「超大空間+雙人浴缸+特大床」:HK$766', '瓷宮-寬幕雙床房「獨立房間+日照曬進房間+景觀房」:HK$846']"
陶邑紅泥酒店（陶溪川文創街區店）,9.3,"['練泥精緻投影大床房（沙發+零壓床墊+乾濕分離+KOHLER衞浴）:HK$501', '陶洗典雅雙床房（沙發+零壓床墊+乾濕分離+KOHLER衞浴）:HK$654', '施釉流丹複式套房（沙發+零壓床墊+KOHLER衞浴）:HK$720', '刻花温暖家庭套房（沙發+零壓床墊+乾濕分離+KOHLER衞浴）:HK$873']"
景德鎮無用合器美宿（景德鎮陶溪川店）,9.7,"['原野高級大床房:HK$1,145', '和風花園大床房:HK$1,246', '夕照露台雙床房:HK$1,525', '鳳棲竹籬景觀房:HK$1,804', '碧月鈎闌景觀房:HK$1,897', '霧泊露台景觀房:HK$1,897']"
勝家旅居酒店（古窯民俗博覽區店）,9.7,"['惠享園景大床房（智能馬桶）:HK$183', '惠享園景雙床房（智能馬桶）:HK$191', '陽台園景大床房（智能馬桶）:HK$233', '陽台園景雙床房（智能馬桶）:HK$240']"
山瀾·陶源居民宿（景德鎮三寶國際陶藝村店）,9.8,"['清霧丨日式温馨榻榻米房 （智能客控｜慕思零壓床墊｜鵝絨被）:HK$342', '瞻星丨山景靜謐大床房（智能客控丨慕思床墊｜鵝絨被）:HK$350', '初見丨中式大床房（智能客控丨慕思零壓床墊｜鵝絨被）:HK$424', '且聽丨原木大床房（智能客控丨慕思零壓床墊｜鵝絨被）:HK$480']"
水晶璞邸酒店（景德鎮陶溪川店）,9.5,"['負離子榻榻米（投屏電視+新風系統）:HK$243', '小清新大床房（精緻典雅+投屏電視）:HK$295', '榻榻米電競房（日式網咖）:HK$295', '靜謐觀影房（幽靜影院）:HK$308']"
陶邑望南酒店（陶溪川文創街區店）,9.5,"['高級雙床房（舒適睡眠+陽光飄窗）:HK$425', '高級大床房（舒適睡眠+陽光飄窗）:HK$425', '豪華雙床房（陽光飄窗➕榻榻米）:HK$447', '豪華大床房（陽光飄窗➕榻榻米）:HK$447', '商務大床房（智能傢俱+榻榻米）:HK$480']"
巷外藝術酒店（景德鎮御窯景巷陶陽裏景區店）,9.6,"['藝術大床房【零壓床墊&電動窗簾&電視可投屏】:HK$305', '輕奢大床房【零壓床墊&電動窗簾&電視可投屏】:HK$326', '影院大床房【暢享騰訊影視VIP可投屏&零壓床墊】:HK$326', '輕奢雙床房【零壓床墊&電動窗簾&電視可投屏】:HK$359', '輕雅家庭房【零壓床墊&電動窗簾&電視可投屏】:HK$404']"
格林東方酒店（景德鎮國貿廣場店）,8.9,"['東方大床房:HK$254', '東方高級大床房:HK$347', '東方高級雙床房:HK$357', '特色大床房:HK$376']"
陶邑龍珠酒店（陶陽裏歷史文化旅遊區人民廣場店）,9.4,"['別院大床房【別院客廳 | 四間可享獨棟|TOTO智能馬桶】:HK$515', '豪華大床房【TOTO衞浴|恆温花灑|電視投屏】:HK$533', '別院親子房【親子上下鋪|別院客廳 |小童牙刷拖鞋】:HK$564', '温馨親子房【親子上下鋪|小童牙刷拖鞋|TOTO衞浴】:HK$583', '舒適雙床房【TOTO衞浴|恆温花灑|電視投屏】:HK$613']"
景德鎮陶溪川凱悦嘉軒酒店,9.4,"['嘉軒雙床房（帶沙發床）:HK$714', '嘉軒大床房（帶沙發床）:HK$714', '嘉軒雙床角房（帶沙發床）:HK$842', '嘉軒大床角房（帶沙發床）:HK$842', '嘉軒大床大開間（帶沙發床）:HK$1,122']"
景德鎮陶溪川鉑格酒店（陶陽裏步行街店）,9.2,"['雅緻大床房:HK$423', '霽蘭雙床房:HK$433', '玲瓏大床房:HK$454', '青花雙床房:HK$464', '瓷韻投影大床房:HK$515']"
景德鎮一夕言歡民宿,9.5,"['芭蕉-花園大床房:HK$398', '香櫞-榻榻米花園景大床房:HK$409', '古月-園林景觀高級大床房:HK$491', '梔子-輕奢山景雙床房:HK$530']"
景德鎮弗居人文民宿（瑤裏古鎮店）,9.4,"['徽音【歐瓏洗護+Hansgrohe衞浴+戴森吹風機】:HK$1,300', '福履【歐瓏洗護+Hansgrohe衞浴+戴森吹風機】:HK$1,409', '妙徼【歐瓏洗護+Hansgrohe衞浴+戴森吹風機】:HK$1,628', '和光【歐瓏洗護+Hansgrohe衞浴+戴森吹風機】:HK$1,628', '棲遲【歐瓏洗護+Hansgrohe衞浴+戴森吹風機】:HK$1,737']"
景德鎮行山世外·結廬民宿（三寶國際陶藝村店）,9.8,"['休閑雙床房【伊奈馬桶｜徠芬吹風機｜侘寂美學】:HK$1,389', '景觀浴缸大床房【Hansgrohe衞浴｜侘寂美學】:HK$1,399', '休閑大床房【伊奈馬桶+徠芬吹風機+侘寂美學】:HK$1,508', '落地窗景觀浴缸大床房【Hansgrohe衞浴丨徠芬吹風機】:HK$1,641', '落地窗景觀大床房【Hansgrohe衞浴+侘寂美學】:HK$1,641']"
陶邑閶陽酒店（陶陽裏歷史文化旅遊區店）,9.6,"['浮生｜苔痕青瓦（智能馬桶+智能小音響）:HK$426', '浮生｜煙火絮語（智能馬桶+智能小音響）:HK$556', '浮生｜歲瀝檐隙（長沙發+浴缸+智能馬桶+智能小音響）:HK$584', '鎏金｜霓虹里弄（長沙發+浴缸+智能馬桶+智能小音響）:HK$630', '鎏金｜窯磚巷影（長沙發+大浴缸+衣帽間+景觀陽台）:HK$668']"
鋦瓷小院 （景德鎮三寶國際瓷谷景區店）,9.8,"['謙和（精緻雙床）-日式榻榻米房（地暖、茶榻、茶器）:HK$724', '平和-尊貴大床房（地暖、茶桌、沙發、魚池院景）:HK$814', '祥和（地暖、茶桌茶器、魚池院景）-豪華大床房:HK$856', '泰和-豪華大床房（地暖、茶桌茶器、洗頭床）:HK$978']"
雲璟酒店（景德鎮御窯廠人民廣場店）,9.3,"['迷你·智能大床房（智能馬桶+迷你冰箱+智能小度）:HK$187', '舒雅·智能大床房（零壓床墊+迷你冰箱+智能小度）:HK$214', '高級·智能大床房（智能小度+電動窗簾+迷你冰箱）:HK$223', '高級·智能雙床房（零壓床墊+智能小度+電動窗簾）:HK$242', '舒雅·智能雙床房（零壓床墊+迷你冰箱+智能小度）:HK$258']"
一樹時間民宿（景德鎮陶溪川創意廣場店）,9.3,"['精緻舒睡觀影大床房（慕思床墊+記憶枕+智能馬桶）:HK$356', '精選觀影大床房（慕思床墊+記憶枕+智能馬桶）:HK$389', '初見心動觀影大床房（慕思零壓床墊+智能馬桶+浴缸）:HK$432', '親密家庭觀影大床房（慕思床墊+記憶枕+智能馬桶）:HK$464', '瞻星全景觀影大床房 （慕思床墊+記憶枕+智能馬桶）:HK$464']"
楠溪別院花園民宿（景德鎮北站陶溪川北路店）,9.8,"['素影大床房/慕思床墊/乾濕分離/內置冰箱/小米吹風機:HK$450', '枕月法式大床房/慕思床墊/冰箱/乾濕分離/小米吹風機:HK$450', '且陶雅緻雙床房/慕思床墊/乾濕分離/冰箱/小米吹風機:HK$502', '清韻靜謐雙床房/慕思床墊/乾濕分離/冰箱/小米吹風機:HK$554']"
里巷邑宿（景德鎮陶溪川文創街區店）,9.7,"['粉彩-邑宿大床房8202（投影+品牌洗護+智能馬桶）:HK$291', '粉彩-邑宿大床房8302（投影+品牌洗護+智能馬桶）:HK$291', '粉彩-邑宿大床房8402（投影+品牌洗護+智能馬桶）:HK$291', '青花-里巷大床房8201（投影+品牌洗護+智能馬桶）:HK$319']"
景德鎮人民廣場浙江路亞朵酒店,9.4,"['高級大床房:HK$448', '高級雙床房:HK$475', '行政大床房:HK$493', '行政雙床房:HK$520', '幾木大床房:HK$529']"
Echo hotel迴響旅店（三寶國際陶藝村店）,9.9,"['冬青丨山景大床房[全屋智能語音系統+投影儀+鵝絨被+智能小愛音響+智能馬桶]:HK$473', '矢車菊丨山景大床房[全屋智能語音系統+投影儀+鵝絨被+智能小愛音響+智能馬桶]:HK$534', '鳶尾/山景大床房[鵝絨被+智能小愛音響+智能馬桶]:HK$787', '風信子丨陽台山景大床房[全屋智能語音系統+投影儀+鵝絨被+智能小愛音響+智能馬桶]:HK$833']"
景德鎮伴器民宿（陶溪川創意廣場店）,9.8,"['精緻智能大床房（舒達床墊+智能客控）:HK$262', '精選觀影智能大床房（巨幕投影+智能客控+舒達床墊）:HK$319', '精品觀影智能雙床房（巨幕投影+舒達床墊+智能客控）:HK$340', '麥芽糖親子大套房（高清巨幕投影+智能客控+舒達床墊）:HK$582']"
景德鎮·云何長亭|Art pavilion酒店,9.5,"['雲遊|電競雙床房『全屋智能·電競桌椅·高端外設·冰箱』:HK$289', '雲遊|電競大床房『全屋智能·電競桌椅·高端外設·冰箱』:HK$289', '雲享|大床房『全屋智能·戴森吹風·65寸電視·冰箱』:HK$327', '雲享|雙床房『全屋智能·戴森吹風·65寸電視·冰箱』:HK$340']"
