酒店名称,评分,房型价格列表
久治王府優選酒店,9.0,"['大床房:HK$391', '標準間:HK$391', '豪華標間（製氧機+加濕器）:HK$479', '豪華大床房（製氧機+加濕器）:HK$479']"
果洛瑪央國際酒店,8.9,"['有氧標準間（彌散供氧）:HK$624', '有氧豪華大床房（彌散供氧）:HK$650', '有氧豪華雙床房（彌散供氧）:HK$742', '有氧瑪央套房:HK$926', '有氧商務套房:HK$926']"
果洛威斯特大酒店,8.0,"['商務標準間:HK$385', '商務大床房:HK$386', '豪華商務大床房:HK$640', '商務標準套房:HK$806']"
門堂大酒店,9.0,"['豪華雙床房:HK$212', '暖陽豪華雙床房:HK$212', '暖陽精緻三床房:HK$270', '豪華套房:HK$394']"
阿佳拉姆酒店,8.0,"['普通標間:HK$180', '豪華標間:HK$202', '普通套房:HK$216', '豪華套房:HK$238']"
瑪沁高原賓館,8.1,"['豪華單間:HK$163', '標準雙人間:HK$163', '豪華三人套房:HK$245']"
久治玖月商務酒店,8.4,"['商務標間:HK$399', '豪華大床房:HK$402', '商務大床房:HK$424', '温馨三人間:HK$544']"
久治國尚時代酒店,8.7,"['豪華大床房:HK$462', '豪華標準間:HK$462', '豪華三人間:HK$671']"
瑪多扎陵湖酒店,8.8,['舒適富氧雙床房:HK$488']
久治西姆措大酒店,7.9,"['普通標準間:HK$204', '豪華標準間:HK$212', '豪華大床房:HK$212', '豪華大標間:HK$221']"
久治年寶金馬大酒店,8.9,"['特價房:HK$240', '豪華單人間:HK$249', '豪華大標間:HK$277']"
久治忠誠商務大酒店,9.0,"['精品雙床房:HK$360', '精品情侶房:HK$360', '豪華精品氧吧標間:HK$509']"
達日結緣酒店,9.5,"['豪華大床房:HK$216', '標準雙床房:HK$260', '雪景有氧雙床房:HK$260']"
久治月光大酒店,8.5,"['大床房:HK$219', '標準間:HK$219']"
久治瑪域富饒酒店,8.7,"['大床房:HK$315', '標準間:HK$326']"
瑪多天河酒店,8.6,"['標準單人間（氧氣房）:HK$293', '標準雙床房（氧氣房）:HK$293', '套房（氧氣房）:HK$435', '大床房（氧氣房）:HK$447']"
久治陽光酒店,8.7,"['普通大床房:HK$358', '普通雙床房:HK$358', '豪華三人間:HK$424', '豪華大床房:HK$435']"
久治玉澳酒店,8.7,"['標間:HK$424', '單間:HK$435', '榻榻米:HK$447', '小套房:HK$448']"
班瑪蘭木青大酒店,8.1,"['大床間:HK$147', '雙床間:HK$147', '三人間:HK$170']"
久治天珠酒店,8.7,"['標準大床房:HK$317', '標準雙床房:HK$327', '標準三人間:HK$367']"
久治遇見大酒店,8.9,"['普通標間:HK$404', '豪華標間:HK$437', '三人間:HK$492']"
瑪多雲丹康賽大酒店,8.0,"['豪華標間:HK$271', '大床房:HK$282']"
久治寶來來賓館,6.6,"['標準間:HK$167', '大床房:HK$184']"
班瑪循化賓館,2.0,['普通標準間（公共衞浴）:HK$110']
格塘雅棲酒店（果洛瑪沁店）,9.5,[]
