酒店名称,评分,房型价格列表
株洲美柏奢選酒店（天元區炎帝廣場店）,9.8,"['浪漫圓床房:HK$290', '精緻大床房:HK$304', '時光裏·影院大床房:HK$325', '高級雙床房:HK$326', '豪華大床房:HK$351']"
株洲大漢希爾頓酒店,9.5,"['希爾頓城景大床房:HK$541', '希爾頓城景雙床房:HK$541', '希爾頓江景大床房:HK$577', '希爾頓江景雙床房:HK$577', '豪華江景大床房:HK$647', '豪華江景雙床房:HK$647']"
瀟湘王廷酒店（株洲市體育中心店）,9.7,"['尉廷·豪華大床房:HK$271', '尉廷·豪華雙床房:HK$300', '錦廷·超享大床房:HK$305', '御廷·城景大床房:HK$311', '御廷·城景雙床房:HK$311']"
株洲湖景酒店（炎帝廣場神農湖店）,9.5,"['高級大床房:HK$285', '高級雙床房:HK$318', '神農湖景雙床房:HK$341', '神農湖景大床房:HK$341', '湖景.親子雙床房:HK$396']"
株洲湘江風光帶亞朵酒店,9.7,"['高級雙床房:HK$380', '高級大床房:HK$400', '高級江景雙床房:HK$409', '高級江景大床房:HK$430', '行政江景雙床房:HK$440']"
株洲職教城中車亞朵酒店,9.3,"['高級大床房:HK$349', '行政雙床房:HK$380', '行政大床房:HK$380', '尊享大床房:HK$409', '尊享雙床房:HK$409']"
株洲華天大酒店,9.5,"['高級大床房:HK$348', '高級雙床房:HK$348', '豪華大床房:HK$390', '豪華雙床房:HK$390', '智能大床房.負離子空氣凈化器:HK$416', '智能雙床房.負離子空氣凈化器:HK$416']"
株洲華漫酒店（未來雲MALL店）,9.4,"['天際凌空·城景大床房:HK$316', '清風攬月·城景雙拼大床房:HK$316', '水天攬勝·幻境大床房:HK$379', '凝江靜思·江景雙拼大床房:HK$390', '江天映畫·江景大床房:HK$390', '碧波詩語·江景雙拼大床房:HK$401']"
株洲君瑞華盛國際酒店,9.5,"['雅悦·星辰圓影房:HK$198', '雅緻.180度觀景房:HK$206', '雅逸·靜謐怡居大床房:HK$224', '雅苑·靜享怡居雙床房:HK$232', '臻逸·御享行政大床房:HK$248']"
株洲紅旗廣場希爾頓歡朋酒店,9.8,"['舒適大床房:HK$403', '舒適雙床房:HK$419', '舒適園景房:HK$421', '高級雙床房:HK$499', '高級大床房:HK$499']"
FunGee歡致酒店（株洲尚格廣場店）,9.7,"['彩蛋影院大床房:HK$220', '歡愉影院大床房（智能語音控制+品牌床墊+智能馬桶）:HK$230', '歡如影院景觀大床房（全屋智能語音控制+VIP影院+品牌床墊）:HK$240', '歡悦景觀大床房（全屋智能語音控制+高空城景+MINI冰箱）:HK$245']"
株洲匯金酒店（市人民政府神農城店）,9.6,"['滙享簡約大床房.品牌床墊+65寸電視:HK$253', '豪華雅緻雙床房.超寬洗漱台+全景落地窗:HK$278', '豪華雅緻大床房.辦公空間+品牌床墊:HK$280', '商務景觀雙床房.享百項增值服務+空氣凈化器:HK$323', '商務景觀大床房.全景落地窗+空氣凈化器:HK$329']"
柏曼國際酒店（株洲天元區炎帝廣場店）,9.6,"['高級雙床房（寬敞雙人床|品牌床墊|視野開闊|絕美城景）:HK$229', '商務大床房（品牌床墊|視野開闊|特大床|絕美城景）:HK$245', '商務雙床房（品牌床墊|寬敞雙人床|俯瞰城景）:HK$259', '豪華大床房（品牌床墊|視野開闊|特大床|璀璨夜景）:HK$290', '豪華雙床房（視野開闊|品牌床墊|寬敞雙人床|辦公空間）:HK$298']"
株洲美的萬豪酒店,9.2,"['豪華大床房:HK$573', '豪華雙床房:HK$573', '至尊大床房:HK$624', '尊貴大床房:HK$688', '行政大床房:HK$713', '行政雙床房:HK$713']"
株洲美豪歡朋酒店（世貿廣場火車站店）,9.6,"['歡漫精緻大床房丨品牌床墊:HK$169', '歡致商務雙床房:HK$203', '歡悦雅居大床房丨品牌床墊+雙人沙發+電視可投屏:HK$203', '歡趣影院大床房丨VIP巨幕影院+雙人沙發:HK$214']"
逸景大酒店（炎帝廣場店）,9.6,"['迷你小單間:HK$211', '高級大床房:HK$273', '高級雙人房:HK$273', '娛樂雙床房:HK$363', '高級觀景大床房:HK$377']"
株洲東帆國際大酒店（天元區炎帝廣場店）,9.5,"['若蘭清韻.標準雙床房:HK$244', '若蘭清韻.標準大床房:HK$250', '若蘭清韻.豪華雙床房:HK$311', '若蘭清韻.豪華大床房:HK$322', '童趣親子三床房-小童帳篷+浴缸:HK$365']"
株洲國賓酒店,9.4,"['商務單間:HK$327', '商務雙間:HK$327', '豪華單間:HK$380', '豪華雙間:HK$380', '家庭親子房:HK$381']"
株洲延年廣場酒店,9.5,"['延致.商務雙床房:HK$273', '延致.商務大床房:HK$289', '延逸.豪華雙床房:HK$306', '延逸.豪華大床房:HK$321', '延景.行政大床房:HK$358', '延慶.童趣親子房:HK$415']"
銘逸酒店（株洲天元區體育中心店）,9.6,"['逸·致大床房【全景落地窗|金可兒舒眠床墊】:HK$263', '逸·致雙床房【全景落地窗|新風系統|金可兒舒眠床墊】:HK$292', '逸·雅大床房【全景落地窗|金可兒深睡床墊】:HK$295', '逸·健運動大床房【私享健身房|遠大新風系統】:HK$305', '逸·禪大床房【新中式禪意風|新風系統|超大實木茶台】:HK$337']"
雲端電競酒店（未來雲mall店）,10.0,"['暢享城景迷你電競房（2K180HZ+4060Ti+遊戲特權）:HK$254', '暢享雲端投影電競大床房（2K180HZ+4060+遊戲特權）:HK$366', '樂享城景投影電競大床房（2K180HZ+4060+遊戲特權）:HK$374', '樂享雲端城景電競雙床房（2K180HZ+4060+遊戲特權）:HK$374']"
品縵酒店（天元區湖南工業大學店）,9.7,"['品悦·原木智能雙床房（小度語音）:HK$294', '品悦·原木智能大床房（小度語音）:HK$305', '品幽·圓桌茶藝雙床房:HK$326', '品幽·工大觀景大床房:HK$337', '品臻·百寸影音大床房:HK$360']"
鉑林錦尚酒店（株洲火車站世貿廣場店）,9.2,"['錦鯉大床房（全屋智能客控+蕎麥枕+品牌床墊）:HK$208', '錦逸大床房（65寸超清電視+全屋智能客控+智能馬桶）:HK$217', '錦願大床房（百寸巨幕投影+VIP電影權益+全屋智能客控）:HK$228', '錦致雙床房（65寸超清電視+全屋智能客控+護頸蕎麥枕）:HK$239']"
株洲天倫·芳舍酒店,9.5,"['雅緻精品大床房:HK$314', '高級大床房:HK$349', '高級雙床房:HK$349', '院景大床房:HK$382', '院景雙床房:HK$382']"
艾美酒店公寓,10.0,"['雅緻大床房:HK$173', '雅緻雙床房:HK$195', '投影大床房:HK$195', '麻將娛樂房:HK$261']"
莫林風尚酒店（湖南工業大學炎帝廣場店）,9.6,"['愛尚·大床房丨 品牌床墊+65寸電視+智能客控:HK$191', '風尚·大床房丨品牌床墊+65寸電視:HK$202', '風尚·雙床房丨品牌床墊+會客沙發:HK$202', '風趣·觀影大床房丨智能語音控制+VIP巨幕影院:HK$215']"
株洲航空賓館,9.5,"['標準雙床房:HK$336', '高級大床房:HK$371', '豪華大床房:HK$393', '豪華套房:HK$653']"
株洲錦辰酒店（神農城炎帝廣場店）,9.5,"['靜謐·商務大床房（獨棟大樓+65寸超清電視+品牌床墊）:HK$166', '靜謐·商務投影大床房（巨幕+智能馬桶+品牌床墊）:HK$177', '靜謐·商務雙床房（超清電視機+品牌床墊+雙人沙發）:HK$200', '智享·臻選大床房（獨棟大樓+全屋智能客控+品牌床墊）:HK$220']"
希顧酒店（株洲火車站店）,9.7,"['高級大床房（智能客控+零壓枕+65寸智能電視）:HK$205', '豪華大床房（智能客控+零壓枕+品牌床墊）:HK$205', '豪華雙床間（智能客控+零壓枕+智能馬桶）:HK$205', '安適榻榻米房（智能客控+零壓枕+智能馬桶）:HK$218']"
株洲凱悦酒店,9.5,"['城景大床房:HK$504', '城景雙床房:HK$504', '江景單人房:HK$582', '江景雙床房:HK$631', '江景大床房:HK$631', '嘉賓軒城景 大床房:HK$715']"
株洲漢斯酒店（火車站服裝批發市場店）,9.4,"['幸運·特惠大床房（品牌床墊+安靜入眠+俯瞰夜景）:HK$159', '幸運·特惠雙床房（品牌床墊+安靜入眠+俯瞰夜景）:HK$159', '尊享·雅緻雙床房（品牌床墊+安靜入眠+俯瞰夜景）:HK$196', '尊享·雅緻大床房（品牌床墊+安靜入眠+俯瞰夜景）:HK$196']"
株洲卓威電競酒店,10.0,"['豪華電影大床房:HK$271', '豪華雙床房:HK$282', '尊享電競電影大床房[UU加速器+鑽石特權、黑神話：悟空]:HK$415', '尊享電競電影雙床房[UU加速器+鑽石特權、黑神話：悟空]:HK$417']"
維爾斯酒店（株洲西站店）,9.6,"['簡約大床房:HK$157', '精緻大床房:HK$166', '優享大床房:HK$175', '智享影音大床房:HK$194']"
維也納3好酒店（株洲紅旗路田心店）,9.8,"['標準大床房:HK$242', '標準雙床房:HK$242', '豪華大床房:HK$269', '豪華雙床房:HK$269']"
思寓公寓酒店（世貿廣場店）,9.8,"['思域特惠大床房:HK$164', '思念:HK$168', '情思:HK$172', '清風:HK$176']"
候鳥HOME設計師民宿（株洲火車站世貿廣場店）,9.7,"['塞外暖陽:HK$190', '安河橋北:HK$190', '沐雲:HK$191', '無舍:HK$193']"
馬冬梅的民宿（白鶴公館店）,9.7,"['特惠大床房（巨幕投影+VIP百寸巨幕投影）:HK$170', '等你（法式風情+巨幕投影）:HK$191', '春華:HK$191', '夏蟬（日式風情+飲茶台）:HK$191']"
株洲小天鵝戴斯酒店,9.6,"['特惠雙床房:HK$316', '雅緻雙床房:HK$350', '雅緻大床房:HK$388', '行政雙床房:HK$388', '電競雙人間:HK$414']"
株洲福爾萊大酒店,9.3,"['行政城景大床房:HK$300', '行政江景雙人房:HK$300', '新中式城景大床房:HK$314', '新中式江景雙床房:HK$314', '親子房:HK$314']"
雲端電競酒店（天元區政府美的時代廣場店）,9.6,"['樂享雲端城景電競單人房【電競屏240HZ+顯卡4060+網吧遊戲特權+狗屁王外設自選+高空城市風景】:HK$238', '樂享雲端電競投影大床房【電競屏240HZ+顯卡4060+網吧特權+狗屁王外設自選+高空城市風景】:HK$334', '樂享雲端電競電視雙床房【電競屏241HZ+顯卡4060+網吧特權+狗屁王外設自選+高空城市風景】:HK$334', '樂享城景投影電競棋牌大床房【電競房+品牌麻將機+新風系統+巨屏投影+高空城市風景】:HK$358']"
汐悦酒店（湖南工業大學店）,9.4,"['滾來滾去大床房（投屏電視+城景）:HK$330', '汐雲雙床房:HK$330', '設計師悦享大床房（暢享城景+休閑沙發）:HK$340', '躺平自在影視大床房（巨幕投屏+海量VIP電影）:HK$363']"
株洲騰龍大酒店,9.4,"['標準大床房 ︱ （沁人河景+靜謐悠然）:HK$311', '標準雙床房 ︱ （陽光滿滿+寬敞明亮）:HK$311', '豪華大床房 ︱ （靜謐空間+舒適床品）:HK$405', '豪華雙床房︱ （明亮視野+深睡雅居）:HK$405', '棋牌大床房︱（槓上開花+恭喜發財）:HK$409']"
莫林酒店（株洲曼哈頓商業廣場店）,9.6,"['商務大床房:HK$203', '商務雙床房:HK$214', '深睡0壓商務雙床房【零壓床墊+深度睡眠】:HK$214', '主題大床房:HK$225']"
驛居酒店（株洲長江南路中心醫院店）,9.0,"['商務大床房:HK$147', '高級雙床房:HK$181', '高級大床房:HK$184', '家庭房:HK$233']"
株洲華客信頤酒店,9.4,"['高級雙人房:HK$300', '高級大床房:HK$314', '豪華大床房:HK$336', '豪華雙人間:HK$336', '娛樂大床房:HK$391']"
城南智能酒店,9.7,"['迷你小單間 （智能小度+零壓床墊）:HK$121', '簡約大床房 （零圧床墊+智能小度）:HK$139', '優享智能大床房 （智能小度+零壓床墊）:HK$148', '尊享智能大床房 （智能小度+零壓床墊+迷你書桌）:HK$156']"
廷泊酒店（株洲中心廣場店）,9.5,"['特惠優居大床房:HK$324', '雅悦禮居大床房:HK$384', '茗雅禮居大床房:HK$435', '茗雅禮居雙床房:HK$435', '江楓晚居大床房:HK$448']"
銀天國際商務酒店,9.6,"['逸緻大床房「休閑沙發+品牌床墊」:HK$207', '逸趣電競雙機大床房:HK$218', '逸緻雙床房「舒適好眠+優質採光」:HK$227', '逸趣電競雙機雙床房:HK$228', '逸品大床房「安靜入眠+寬敞空間」:HK$246']"
株洲淥口錦江都城酒店,9.5,"['精緻商務房:HK$224', '精緻雙床房:HK$224', '風雅商務房:HK$246', '風雅雙床房:HK$246']"
株洲悦萊酒店（火車站服裝市場店）,9.3,"['商務雙人間:HK$154', '特惠大床房:HK$165', '悦眠雙床房:HK$165', '標準單人間:HK$173']"
