酒店名称,评分,房型价格列表
君嶼酒店（桂林兩江四湖象鼻山店）,9.1,"['靜謐舒享大床房|語音客控+投屏影音+酣睡整夜:HK$610', '君臨王府·城景大床房|秀峯美景+智能客控+投屏影音:HK$788', '君臨王府·城景雙床房|秀峯美景+智能客控+投屏影音:HK$820', '君嶼灕江·景觀山水大床房|灕江美景+智能客控+助眠床墊:HK$892', '君嶼灕江·景觀山水雙床房|灕江美景+智能客控+助眠床墊:HK$923']"
象山璞雲酒店（桂林兩江四湖東西巷店）,9.6,"['山抹微雲-大床房（夢百合床品+智能馬桶）:HK$272', '坐看雲起-大床房（觀街景品茗茶台+夢百合床品+智能馬桶）:HK$316', '靜若幽蘭-雙床房（夢百合床品+智能馬桶）:HK$316', '雲水禪心大床房（超大榻榻米街景品茗茶台+夢百合床品+智能馬桶）:HK$370']"
桂林棲雲江舍（兩江四湖東西巷店）,9.8,"['伴月·舒適投影大床房:HK$421', '寄風·雅緻榻榻米雙床房:HK$455', '撫雲·雅韻温馨大床房:HK$467', '遠黛·禪意榻榻米雙床房:HK$499']"
桂林山水雅庭酒店（兩江四湖火車站店）,9.2,"['紫荊舒適雙床房+智能馬桶+智能補光化粧鏡:HK$290', '紫荊舒適大床房+智能馬桶+智能補光化粧鏡:HK$290', '輕奢智能雙床房+全屋語音智能客控+智能馬桶:HK$309', '豪華智能大床房+全屋語音智能客控+智能馬桶+靜音冰箱:HK$322', '豪華智能雙床房+全屋語音智能客控+智能馬桶+靜音冰箱:HK$322']"
桂林望湖樓民宿（兩江四湖店）,9.7,"['湖畔雅居大床房:HK$622', '煙雨湖畔雙床房:HK$655', '歸隱庭院大床:HK$721', '羅曼蒂克湖景圓床:HK$863']"
港舍屋頂觀景酒店（桂林兩江四湖象鼻山店）,9.7,"['遇見東西巷大床房 | 辦公桌椅+品牌安睡床墊:HK$556', '遇見東西巷雙床房 | 榻榻米茶台+安靜舒眠體驗:HK$578', '電影之夜大床房·Movie Night | 90寸巨幕海量會員觀影+環繞立體聲+浪漫氛圍感:HK$611', '桂花樹下大床房 | 茶韻榻榻米+享步行街明清古巷繁華夜景:HK$644', '桂花樹下雙床房 | 榕蔭城景+面朝王城中軸線:HK$666']"
灕江望月•Quiet Holiday 湖畔酒店（桂林兩江四湖象鼻山景區店）,9.8,"['靜居·榻榻米大床房（禪意茶台+零壓舒眠床墊+mini吧）:HK$612', '逸境·晚霞餘暉大床房（躺擁湖光山色+林語微醺mini吧）:HK$776', '璞月·祕境美景大床房（窗邊發呆小沙發+騰訊VIP觀影）:HK$830', '漫月·樹影清風雙床房（75寸電視vip片源+全屋智能客控）:HK$830', '璞月·祕境美景雙床房（榕湖花園美景+75寸TV+騰訊VIP）:HK$886']"
正陽璞雲酒店（桂林兩江四湖象鼻山景區店）,9.6,"['高級大床房:HK$338', '經典雙床房:HK$338', '悠悠時光·巨幕影院大床房:HK$379', '高級雙床房:HK$381', '行政大床房:HK$381']"
怡程酒店（桂林兩江四湖東西巷店）,9.5,"['舒適大床房｜舒適床品+東方元素+閑暇品茗『功夫茶』:HK$334', '豪華大床房｜東方元素+閑暇品茗『功夫茶』:HK$367', '豪華雙床房｜ 無憂酣睡+零壓床墊+東方元素+閑暇品茗『功夫茶』:HK$367', '江景大床房｜灕江美景+東方元素+閑暇品茗『功夫茶』:HK$400', '江景雙床房｜灕江之畔+日夜相伴+東方元素+閑暇品茗『功夫茶』:HK$424']"
天空花園酒店（桂林兩江四湖東西巷店）,9.4,"['尋幽·日系靜謐大床房〔智能馬桶＋自動窗簾〕:HK$321', '浸藍·東西巷觀景房〔迷人東西巷夜景〕:HK$354', '浮雲 丨 花園大床房（享庭院景觀+看雲捲雲舒）:HK$364', '碧空丨全景大床房+180°俯瞰山景+超大解壓浴缸:HK$397']"
桔子酒店（桂林兩江四湖象鼻山店）,9.6,"['高級大床房（全智能客控+靜謐酣睡）:HK$391', '豪華大床房（全屋智能客控+李宗仁官邸城景）:HK$442', '豪華雙床房（全屋智能客控+李宗仁官邸城景）:HK$462', '觀景大床房（俯瞰兩江四湖日月雙塔景+遠觀卡斯特羣山景）:HK$532', '觀景雙床房（俯瞰兩江四湖日月雙塔、卡斯特地貌景）:HK$542']"
晴嵐山水美學度假酒店（桂海晴嵐店）,9.6,"['晴嵐雅宿榻榻米大床房（雅緻客廳+雲朵躺平沙發）:HK$481', '180° 山景陽台大床房 （觀喀斯特羣山+享陽台愜意時光）:HK$546', '晴嵐藝宿雙卧家庭套房（雙卧雙廳+獨立寫字枱+冷凍冰箱+幽靜閑適）:HK$918', '180°喀斯特羣峯雙卧家庭套房（雙卧雙衞+開放廚房+獨立洗衣機+冷凍冰箱）:HK$1,027']"
歐暇·地中海酒店（桂林象鼻山兩江四湖店）,9.7,"['雅緻大床房（暇想·靜逸）:HK$317', '雅緻雙床房（暇想·靜逸）:HK$317', '舒適城景雙床房（林語街景·舒睡）:HK$349', '舒適城景大床房（林語街景·舒睡）:HK$349', '露台景觀大床房:HK$382']"
全季酒店（桂林火車站店）,9.5,"['高級大床房:HK$382', '高級雙床房:HK$411', '家庭房:HK$458', '套房:HK$535']"
桂林悅城山水之鏡酒店（桂林站萬象城店）,9.6,"['怡·簡約時尚|温馨舒適大床房:HK$337', '怡·高層寬居|零壓豪華大床房:HK$349', '軒·輕奢寬居|智能豪華雙床房:HK$381', '晞·山水之鏡|高層觀景大床房+觀桂林塔羣山水景:HK$381', '軒·山水相依|觀景高級雙床房+觀桂林塔羣山水景:HK$392']"
貴賓舍LUX CABINS一方山水酒店（象鼻山景區兩江四湖店）,9.6,"['雲淡·巨幕影院大床房【百寸巨幕+騰訊會員+舒睡床墊】:HK$315', '靜覓·巨幕影院雙床房【百寸巨幕+騰訊會員+手機投屏】:HK$328', '蘭兮·親子主題家庭房（新風系統+全屋智控+百寸巨幕）:HK$339', '雨眠·投影景觀雙床房（落地觀景玻璃+夢百合零壓床墊+辦公桌椅）:HK$405']"
青三舍藝術客棧（兩江四湖東西巷店）,9.5,"['東西巷·三舍星光大床房:HK$462', '象鼻山·三舍怡情雙床房:HK$560', '象鼻山.古韻景觀大床房:HK$561', '兩江四湖·茶韻榻榻米大床房:HK$613', '兩江四湖·傾茶榻榻米雙床房:HK$619']"
桂林天龍灣璞悦酒店（象鼻山兩江四湖店）,9.6,"['悦享靜逸·雙床房（靜音玻璃+零壓舒眠床墊+小冰箱）:HK$525', '榕蔭四季·大床房（林語綠意街景+自由翻滾舒壓床墊）:HK$525', '衹此青綠·璞悦大床房（綠意林語街景+被鳥叫醒+舒適泡浴+自由翻滾大床墊）:HK$620', '璞悦景觀大床房（攬象山公園勝景+超大落地窗賞巨幅山水灕江晚霞+陽光卧室日出東方）:HK$721', '快樂寶貝小機器人親子房（林語綠意街景+益智繪本積木桌+搖搖馬+親子泡池+小童洗護用品）:HK$721', '觀自在· 舒緩療愈大床房（身心靈SPA放鬆+廣西瑤葯泡浴+沁脾香薰+舒眠床墊）:HK$764']"
怡程酒店（桂林市政府店）,9.5,"['特惠大床房（東方韻味+斯林百蘭皇家床墊+MINI茶具）:HK$335', '特惠雙床房（東方韻味+斯林百蘭皇家床墊+MINI茶具）:HK$335', '標準大床房（奢華東方+YEE茶台+防霧化粧鏡）:HK$392', '標準雙床房（奢華東方+YEE茶台+防霧化粧鏡）:HK$392', '高級大床房（新中式+閑暇品茗+商務辦公桌）:HK$451']"
象鼻山港舍City core漫步·城市中心酒店（桂林兩江四湖店）,9.7,"['安睡雙床房丨獨立辦公桌+投屏電視:HK$359', '安睡大床房丨皇室百蘭床墊+投屏電視:HK$380', '電影之夜大床房丨沉浸式觀影+4K高清巨幕投影+VIP視頻會員:HK$402', '雅緻大床房丨木元素辦公桌椅+酣夢至晨:HK$435', '雅緻雙床房丨木元素辦公桌椅+安睡無憂:HK$435']"
灕江·西岸民宿（桂林象鼻山兩江四湖店）,9.5,"['相思慕語·棲居景觀大床房:HK$424', '天籟之音.浴缸大床房:HK$460', '沐雨聽風·浴缸雙床房:HK$510', '良辰談風·家庭雙床房（親子空間）:HK$552']"
美豪麗致酒店（桂林北站萬達店）,9.4,"['家庭特大床房【零壓枕+電視投屏+特大床】:HK$374', '麗致大床房（零壓枕+電視投屏）:HK$418', '麗致雙床房（零壓枕+電視投屏）:HK$418', '麗致投影大床房（零壓枕+投影儀+浴缸）:HK$497', '麗致三人房（零壓枕+電視投屏）:HK$559']"
桂林智選假日酒店（象鼻山兩江四湖店）,9.4,"['高級房大床:HK$327', '高級房雙床:HK$355', '高級房大床更大面積:HK$374', '高級房雙床更大面積:HK$421', '家庭房:HK$664']"
星悦國際酒店（桂林高新萬達店）,9.3,"['觀景陽台星動高級大床房:HK$263', '觀景陽台星動高級雙床房:HK$263', '觀景陽台悦享豪華大床房:HK$297', '觀景陽台悦享豪華雙床房:HK$297', '觀景陽台山景雙床房:HK$343']"
SYYF詩與遠方·象山有約酒店（桂林象鼻山兩江四湖店）,9.8,"['安伴酣睡||雙床房+全屋語音智控+落地玻璃+休閑茶桌:HK$622', '遠方之旅||暖居大床房+深度好眠超長床墊+辦公桌椅:HK$622', '象山有約||雙床房+減壓浴缸+超大落地窗+恆温衞浴:HK$667', '翻滾自由||超大床房+減壓浴缸+超大落地窗+恆温衞浴:HK$667', '奇夢童趣||雙床房+小童帳篷+搖搖馬+智能温控飲水機:HK$775']"
聚點民宿（桂林火車站萬象城店）,9.6,"['【聚點】幸運開盒大床房:HK$295', '【黑白灰】4K巨幕投影+烘乾洗衣機+智能馬桶:HK$308', '【木紋風】 4K巨幕投影+烘乾洗衣機+智能馬桶:HK$308', '【奶油風】4K巨幕投影+烘乾洗衣機+智能馬桶:HK$308']"
維納斯皇家酒店（桂林象鼻山日月雙塔店）,9.3,"['雅緻大床房（整晚安睡）:HK$474', '雅緻雙床房（整晚安睡）:HK$480', '街景雙床房（林蔭街景）:HK$545', '街景大床房（林蔭街景）:HK$545', '觀景雙床房（園景|休閑沙發|泡澡浴缸）:HK$615']"
星程酒店（桂林兩江四湖象鼻山景區店）,9.7,"['高級大床房（金可兒床墊+靜謐酣睡）:HK$288', '商務大床房（智能投屏+茶空間）:HK$307', '高級雙床房A（金可兒床墊+智能投屏）:HK$307', '高級雙床房（金可兒床墊+智能馬桶）:HK$344']"
桂林華美達酒店,9.3,"['高級城景雙床房（獨立辦公桌+隔音玻璃）:HK$358', '高級城景大床房（整晚安睡+超大床墊）:HK$364', '豪華山景大床房（深度好眠+芝華仕床墊）:HK$418', '豪華山景雙床房（遠眺山巒+芝華仕沙發）:HK$418', '高級城景雙拼主題大床房（小童床圍+小童玩具）:HK$449']"
漢庭優佳酒店（桂林正陽步行街店）,9.5,"['高級大床房:HK$224', '商務大床房:HK$261', '商務雙床房:HK$271', '套房:HK$337']"
臨江有閑別院酒店（桂林兩江四湖店）,9.3,"['秋顏雙床房-茶台:HK$301', '潤色江景房+榻榻米茶台:HK$344', '聽雨雙大床房:HK$370', '碧影灕江觀景房+榻榻米茶台:HK$437']"
灕江畔·晚居別墅·絕美江景觀景台美墅（兩江四湖東西巷店）,9.6,"['玄青丨典雅大床房（美國絲漣席夢思+戴森吹風機+浴缸）:HK$551', '若竹丨雅緻雙床房（美國絲漣乳膠席夢思+Dyson吹風機）:HK$618', '黛丨舒適大床房（美國絲漣席夢思+浴缸）:HK$689', '鳩羽丨露台雙床房（美國絲漣床墊+觀景大露台）:HK$710']"
阿房·妙酒店（桂林兩江四湖東西巷店）,10.0,"['細雨·無名觀影大床房（4K投影+智能馬桶+mini冰箱）:HK$328', '春風·獨享院子大床房（4K投影+智能馬桶+設計綠院）:HK$367', '夏鳴·獨享院子大床房（4K投影+智能馬桶+設計綠院）:HK$387', '虹橋·斜江觀景大床房（4K投影+智能馬桶+mini冰箱）:HK$407']"
宜尚酒店（桂林高新萬達灕江店）,9.1,"['舒適雙床房（北歐舒適風+品牌床墊）:HK$298', '標準大床房（北歐舒適風+品牌床墊）:HK$324', '標準雙床房（北歐舒適風+房間寬敞+品牌床墊）:HK$332', '高級大床房（高層全景視野+房間寬敞+品牌床墊）:HK$367']"
希岸酒店（桂林中心廣場象鼻山景區店）,9.6,"['希岸純凈大床房:HK$373', '希岸豪華大床房:HK$419', '希岸豪華雙床房:HK$430', '希岸商務大床房:HK$470']"
柏曼酒店（桂林兩江四湖象鼻山景區店）,9.6,"['城景大床房（遠觀山景+辦公桌椅+街景寬闊）:HK$289', '城景雙床房（遠觀山景+辦公桌椅+街景寬闊）:HK$289', '舒適大床房（高層開闊視野+城市夜景）:HK$348', '商務大床房（窗外城市夜景+獨立辦公桌椅）:HK$404']"
YOUNG漾酒店（兩江四湖桂林站店）,9.7,"['序·舒適大床房+全屋語音智控+手機無線充電:HK$568', '序·舒適雙床房+全屋語音智控+手機無線充電:HK$568', '轉·180°全景大床房+全屋語音智控+晚安床墊+泡泡浴缸:HK$611', '啟·城景雙床房+落地城景窗+靜音冰箱+舒適沙發:HK$612', '啟·遠眺大床房+雙拼超大深度睡眠床墊+全屋智控:HK$612']"
桂林鉑舍酒店（兩江四湖萬象城店）,9.5,"['輕奢山景雙床房（mini吧+智能馬桶）:HK$480', '輕奢山景大床房（mini吧+智能馬桶）:HK$480', '豪華觀城景雙床房（Mini吧+休閑椅+智能馬桶）:HK$622', '豪華城景大床房（休閑椅+智能馬桶）:HK$622', '和式逸居休閑套房（浴缸+Minibar+休閑椅）:HK$842']"
宜尚酒店（桂林中山中路兩江四湖店）,9.5,"['舒適大床房+北歐商務風+好眠舒適床墊:HK$244', '舒適雙人房+好眠舒適床墊:HK$244', '標準大床房+90度城景+好眠舒適床墊:HK$267', '高級雙床房+高層觀山景視野+舒眠:HK$290']"
桂林大朴樹民宿（灕江高鐵北站店）,9.9,"['竹園大床房:HK$238', '漫尋情侶大床房（記憶枕+帶窗衞生間+電視投屏）:HK$238', '谷秋夏·情侶大床房:HK$263', '凈溪·温馨雙床房:HK$283']"
環球國際酒店（桂林兩江四湖象鼻山店）,9.4,"['靜雅舒睡大床房丨鬧中取靜+簡約靜謐空間:HK$585', '靜雅舒睡雙床房丨鬧中取靜+簡約靜謐空間:HK$585', '鄰江逍遙景觀大床房丨悠享時光+觀逍遙樓夜景:HK$658', '灕江觀日出大床房丨賞七星山景·觀江上日出+徠芬吹風機:HK$754', '灕江觀日出雙床房丨賞七星山景·觀江上日出+徠芬吹風機:HK$754']"
桂林逸居桃源度假酒店,9.1,"['豪華雙床房:HK$355', '豪華大床房:HK$391', '全景大床房:HK$426', '逸居親子房:HK$440']"
惠林頓智隱酒店（桂林北站疊彩萬達店）,9.4,"['智順大床房（全智能客控+超大零壓床墊）:HK$612', '智順雙床房（全智能客控+城景落地窗）:HK$612', '智靜雙床房（全智能客控+零壓床墊+舒適辦公區）:HK$667', '智靜大床房（智能客控+2.0超大零壓床墊+豪華大浴缸）:HK$689', '大吉大利麻將房（雙床）（全智能客控+全自動麻將機）:HK$765', '智享家庭房（1張特大零壓床+1張零壓床）:HK$798']"
宜尚酒店（桂林高鐵北站店）,9.3,"['舒適雙床房（北歐輕奢風格+乾濕分離+採光視野好）:HK$244', '舒適大床房（北歐輕奢風格+乾濕分離）:HK$244', '標準雙床房（北歐輕奢風格+乾濕分離+採光視野好）:HK$290', '高級大床房（北歐輕奢風格+乾濕分離+採光視野好）:HK$313']"
薈語酒店（桂林象鼻山兩江四湖店）,9.5,"['高級大床房（全智能客控+城景山景）:HK$451', '高級雙床房（全智能客控+城景山景）:HK$451', '豪華雙床房（全智能客控+城景山景）:HK$491', '豪華大床房（全智能客控+深泡浴缸）:HK$543', '愉夢雙床房（全智能客控+舒眠靜逸）:HK$569']"
林中雅苑酒店（桂林象鼻山兩江四湖店）,9.5,"['悠享雅居大床房（全屋語音智控+65寸高清投屏電視）:HK$437', '林間綠意湖畔大床房（全屋語音智控+65寸高清投屏電視:HK$459', '湖畔雙塔逸靜大床房（全屋語音智控+65寸高清投屏電視）:HK$469', '林間晨曦湖景雙人間（全屋語音智控+65寸高清投屏電視:HK$513', '悠然湖畔零壓大床房（全屋語音智控+減壓浴缸+65寸電視）:HK$547']"
桂林錦江都城酒店（象鼻山兩江四湖店）,9.5,"['時尚城景大床房丨璀璨城市夜景+無憂酣睡:HK$326', '時尚城景雙床房丨全屋小度語音智控:HK$337', '行政尊享山景大床房丨遠眺山景+靜謐空間:HK$348', '行政尊享山景雙床房丨視野開闊+好眠舒適床品:HK$358', '風雅山景大床房丨靜音玻璃+智能馬桶:HK$435']"
伏波江景度假酒店（桂林兩江四湖象鼻山景區店）,9.2,"['愉夢優享雙床房|全屋智能客控＋休閑桌椅:HK$284', '伏波雙觀大床房|獨立空調|智能馬桶:HK$284', '青峯對語雙床房|自動窗簾:HK$306', '青峯對語大床房|智能馬桶:HK$328']"
宜尚酒店（桂林火車站萬象城店）,9.4,"['高級大床房（北歐輕奢風+乾濕分離+全身落地鏡）:HK$196', '高級雙床房（好眠舒適床墊+全身落地鏡+乾濕分離）:HK$203', '商務大床房（温馨舒適+全身落地鏡+北歐輕奢風格）:HK$212', '商務雙床房（公區自助洗衣機+全身落地鏡）:HK$219']"
桂林灕江雲端酒店（桂林兩江四湖象鼻山店）,9.7,"['雲端大床房|滾來滾去超大床+靜謐酣睡:HK$589', '雲端雙床房|採光通透+獨立辦公桌+65寸投屏電視:HK$633', '林海氧吧超級雙床房|綠樹成蔭:HK$677', '智能客控靜謐雙床房|小度全屋智控+辦公沙發桌椅+採光通透:HK$720', '高層江景大床房|俯瞰桃花江+遠眺喀斯特羣山+小度全屋智控:HK$775']"
