酒店名称,评分,房型价格列表
江上凌雲·青婉酒店（樂山大佛張公橋美食街店）,9.4,"['靜謐·精緻單間（無電視）:HK$151', '靜謐·榻榻米單間:HK$162', '靜謐·舒適單間:HK$173', '靜謐·舒適大床房:HK$217']"
芊芊芒果樹酒店（樂山大佛店）,9.4,"['祕境·雅閣大床房（智能家居·直飲機·小冰箱）:HK$162', '風光無限·豪華江景大床房（推窗見江）:HK$201', '來故·一見傾心大床房（智能家居·直飲機·小冰箱）:HK$210', '千山萬水·唯美雙床房（智能家居·直飲機·小冰箱）:HK$213']"
Mon Chéri ·夢雪麗酒店（樂山市高鐵站世豪廣場店）,9.7,"['極簡丨原木大床房【日式書桌+零壓床墊+乳膠記憶枕】:HK$207', '詫寂風 | 榆木雙床房【語音客控+乳膠記憶枕+小木馬】:HK$217', '詫寂風 | 榆木大床房【智能客控+零壓床墊+小木馬】:HK$228', '奶油風丨卡斯楠木雙床房【語音客控+金可兒床墊】:HK$239', '奶油風 | 卡斯楠木大床房【智能客控+乳膠記憶枕】:HK$250']"
桔子酒店（樂山世豪廣場嘉興路美食街店）,9.6,"['高級大床房（智能客控+小冰箱+電視投屏+金可兒床墊）:HK$362', '高級雙床房（智能客控+小冰箱+電視投屏+金可兒床墊）:HK$381', '親子房（智能客控+小冰箱+電視投屏+金可兒床墊）:HK$412', '家庭房（智能客控+小冰箱+電視投屏+金可兒床墊）:HK$452']"
有樂在樂設計師酒店（張公橋好吃街店）,9.5,"['有楽大床房（智能客控+喜臨門床墊）C:HK$237', 'Esport雙床間（電競模式8G顯卡+I7處理器+海盜船內存）AC:HK$246', '有楽雙床房（智能客控+喜臨門床墊）C:HK$246', '江畔雙床房（蒲團茶座+智能客控）A:HK$302']"
SFEEL設計師酒店（樂山大佛上中順店）,9.6,"['榻榻米大床房:HK$183', '高級大床房:HK$190', '高級雙床房:HK$203', '雅緻大床房:HK$223']"
樂山L私湯江景酒店·City Vacation（樂山上中順店）,9.7,"['綠野榻榻米大床房[180°落地窗觀樂山老街城景/侘寂風/全棉親膚泡泡棉床品/超舒服乳膠記憶床墊/恆温坐墊智能馬桶/電視可投屏追劇]:HK$358', '綠野·城景大床房[180°樂山城景落地窗/超舒服乳膠記憶床墊/全棉親膚泡泡棉床品/高速負離子吹風機/恆温坐墊智能馬桶/三層玻璃隔音好睡眠]:HK$391', '上喜浴缸大床房[觀樂山老街煙火氣|全棉親膚泡泡棉床品|三層隔音窗|超舒服乳膠記憶床墊|自動加熱智能馬桶|浴缸泡泡浴]:HK$402', '綠野·浴缸雙床房[看樂山城景+超舒服乳膠記憶床墊+全棉親膚泡泡棉床品+恆温坐墊智能馬桶]:HK$435', '初居浴缸大床房[躺看美食街夜景+超舒服乳膠記憶床墊+全棉親膚泡泡棉床品+泡泡球浴缸泡泡浴+恆温坐墊智能馬桶+電視可投屏追劇]:HK$478']"
SFEEL設計師酒店（樂山張公橋美食街店）,9.6,"['S舒適大床房:HK$217', 'S高級大床房:HK$243', 'S豪華大床房:HK$263', 'S豪華雙床房:HK$277', 'S設計師精選大床房:HK$310']"
樂山上善居·養心禪景酒店,9.6,"['自在大床房:HK$233', '自在雙床房（超寬雙床）:HK$238', '禪景大床房:HK$258', '禪景雙床房（超寬雙床）:HK$271', '湯屋圓床庭院房（坐忘小院+山水禪台）:HK$282']"
錦聽連鎖.南方大酒店（樂山張公橋美食街店）,9.4,"['優選簡約大床房【助眠床墊+辦公桌】:HK$148', '優選簡約雙床房【助眠床墊+辦公桌】:HK$153', '沉浸式體驗影院房（100寸投影+手機投屏+VIP影片隨心看）:HK$181', '觀山山景大床房【窗外好景+舒適沙發+辦公桌】:HK$200']"
宏遠大酒店（嘉興路美食街店）,9.4,"['特惠大床房（榻榻米）:HK$207', '雅逸雙床房（庭景禪意茶台+榻榻米）:HK$235', '雅逸大床房（榻榻米）:HK$235', '雅靜雙床房:HK$268']"
樂山樂上盡歡酒店（嘉興路美食街店）,9.9,"['高級大床房:HK$326', '高級雙床房:HK$326', '舒適大床房:HK$352', '舒適雙床房:HK$353', '豪華大床房:HK$369']"
清樂府酒店（高鐵站嘉興路美食街店）,9.8,"['清悦•雅緻高級大床房[65寸智能電視投屏｜乾濕分離]:HK$178', '清悦•雅緻高級雙床房[65寸智能電視投屏|乾濕分離]:HK$187', '清悠•逸緻豪華大床房[65寸智能電視投屏|乾濕分離]:HK$204', '清悠•逸緻豪華雙床房[65寸智能電視投屏|乾濕分離]:HK$229']"
樂山湯與禪·享受與養心度假酒店,9.6,"['古缸竹影大床房:HK$299', '古缸竹影雙床房:HK$311', '古缸竹影超級寬床房:HK$311', '貴妃古浴大床房【養顏貴妃湯】:HK$334', '貴妃古浴雙床房【養顏貴妃湯】:HK$346']"
樂山雲上湯池酒店（樂山高鐵站世豪廣場店）,9.6,"['雲上·雅緻大床房【巨幕超清投影+私享浴缸】:HK$298', '浪漫·泡池大床房【私享浴缸＋高清巨幕投影】:HK$320', '禪意·泡池大床房【80寸超清巨幕電視+浴缸+智能客控】:HK$332', '沙嶼·星空大床房 【巨幕超清投影+私享浴缸智能客控】:HK$344', '浪漫·私湯特大床房【超清投影＋雙人私湯+智能客控】:HK$355']"
探啾酒店（張公橋美食街樂山大佛景區店）,9.7,"['A舒享大床房【軟硬記性枕·定製乳膠床墊·全身鏡】:HK$295', 'A舒適大床房【軟硬記憶枕·定製乳膠床墊·全身鏡】:HK$295', 'A 精靈天窗大床房【正常通風采光·電動升降通風玻璃窗·電動遮陽遮光簾·軟硬記憶枕·定製乳膠床墊】:HK$306', 'B 雅緻大床房【復古法式·軟硬記憶枕·乳膠床墊】:HK$316', 'B 雅悦大床房【軟硬記憶枕·乳膠床墊·智能馬桶·全身穿衣鏡·高清投影·商務辦公區】:HK$316']"
江畔小住民宿（樂山大佛店）,9.8,"['凈山佛心大床房:HK$261', '雲影籬下悠然雙床房:HK$326', '江映月白江景大床房:HK$359', '聞香聽濤臨江院景大床房:HK$369']"
樂山逸尚東方·洵懌酒店（樂山大佛店）,9.7,"['輕奢大床房「新中式原木傢俱·自動洗衣機·小冰箱·迷你吧 」:HK$306', '尊享精奢大床房:HK$425', '尊享精奢雙床房（沙發）:HK$469', '尊享精奢親子房（室內浴缸）:HK$655', '尊享臨江大床房（小冰箱）:HK$655']"
江山勝景酒店（樂山大佛美食街店）,9.7,"['樂山樂水雙床房（觀三江夜遊燈光+賞日出晚霞）:HK$445', '觀江聽濤雙床房（觀大佛+全臨江+賞三江夜遊燈光秀）:HK$559', '江山勝景雙床房 （眺峨眉山+觀三江夜遊燈光）:HK$559', '觀江聽濤大床房（觀三江夜遊燈光秀+賞日出晚霞）:HK$559']"
璟晨酒店（樂山張公橋美食街店）,9.4,"['大床房（智能客控+軟水淋浴）:HK$278', '雙床房（智能客控）:HK$306', '榻榻米大床房（軟水淋浴）:HK$333', '高級大床房（智能客控+軟水淋浴）:HK$352']"
樂山廣寒宮酒店（樂山高鐵站嘉興路美食街店）,9.7,"['豪華大床房:HK$218', '豪華雙床房:HK$240', '高級大床房:HK$262', '商務大床房:HK$262', '行政大床房:HK$360']"
閑庭小築,9.7,"['花園榻榻米大床房（100寸超大投影+浴缸+花園+直飲機+智能馬桶+自動窗簾）:HK$249', '花園榻榻米雙床房（100寸超大投影+浴缸+花園+直飲機+智能馬桶+自動窗簾）:HK$305', '清雅花園泡池大床房（100寸超大投影+泡池+獨立花園+直飲機+智能馬桶+自動窗簾）:HK$323', '豪華花園泡池大床房（100寸超大投影+泡池+獨立花園+直飲機+智能馬桶+自動窗簾）:HK$453']"
悦·樂山江景酒店（上中順商業街店）,9.1,"['城景影音大床房（巨幕投影+愛奇藝會員+智能客控）:HK$271', '城景露台大床房（75寸電視+私享露台+智能客控）:HK$326', '江景影音雙床房（正觀禪韻水幕燈光秀+巨幕投影+愛奇藝會員+智能客控）:HK$358', '江景舒適大床房（正觀禪韻水幕燈光秀+75寸電視+智能客控）:HK$358', '城景影音親子房（巨幕投影+愛奇藝會員+智能客控）:HK$358']"
樂山華邑酒店,9.6,"['高級房超大床:HK$565', '高級雙床房:HK$565', '高級房:HK$565', '高級超大床行政房:HK$753', '高級雙床行政房:HK$753', '高級行政超大床房-高樓層:HK$800']"
厚時Hotel Moment（樂山嘉興路美食街店）,9.5,"['精選大床房（舒睡床品+投屏電視+小冰箱）:HK$228', '精選雙床房（舒睡床品+投屏電視+小冰箱）:HK$228', '高級大床房（舒睡床品+投屏電視+小冰箱）:HK$238', '高級雙床房（舒睡床品+投屏電視+小冰箱）:HK$238']"
樂山M設計師智能酒店,9.7,"['雅緻大床房:HK$212', '尊貴雙床房:HK$255', '尊貴大床房:HK$255', '尊享特大床:HK$260']"
樂山COCO雲網紅高空湯池設計師酒店,9.4,"['雅緻·觀景大床房（地暖+高空無遮擋景觀+浴缸+巨幕投影）:HK$267', 'LOFT大床房（地暖+高空無遮擋景觀+巨幕投影+浴缸）:HK$277', '時光浴缸大床房（地暖+智能客控+百寸極米巨幕投影+雙人泡池浴缸）:HK$298', '浪漫浴缸大床房（地暖+高空城市景觀+智能客控+百寸極米巨幕投影）:HK$298']"
一宿酒店（樂山高鐵站店）,9.8,"['舒適雙床房:HK$159', '洋流·雙床房:HK$173', '焦野·浴缸大床房:HK$175', '長夏·觀影親子房:HK$201']"
樂山太和盛世大酒店,9.4,"['豪華標準房:HK$326', '豪華大床房:HK$326', '豪華江景大床房:HK$362', '行政標準間:HK$544', '行政大床房:HK$544']"
8RSR隱市人文民宿（樂山張公橋店）,9.7,"['古楊·輕奢花園大床房（西馬智能馬桶+SPS西普斯水龍頭+極米超大屏投影）:HK$187', '於境·輕奢花園大床房（西馬智能馬桶+SPS西普斯水龍頭+極米超大屏投影）:HK$222', '流長·輕奢花園大床房（西馬智能馬桶+SPS西普斯水龍頭+極米超大屏投影）:HK$258', '隱市·輕奢花園大床房（西馬智能馬桶+SPS西普斯水龍頭+極米超大屏投影）:HK$258']"
山水S酒店（樂山大佛店）,9.7,"['清歡·高級大床房:HK$466', '觀景閣樓·高級大床房:HK$489', '觀景閣樓·豪華大床房:HK$489', '清歡·豪華大床房:HK$489', '清歡小院·高級大床房:HK$497']"
樂山三卿酒店（張公橋美食街店）,9.4,"['雲舒|景庭大床房|語音智能客控+乳膠記憶枕:HK$213', '雲影|雅庭大床房|庭院式休閑旅居美學+拍照出片:HK$243', '歸雲|隱庭大床房|庭院式休閑旅居美學+一拍成片:HK$274', '歸雲|隱庭雙床房|庭院式休閑旅居美學+鬧市中的隱居:HK$282']"
偶得酒店（樂山張公橋美食街店）,9.7,"['致祥·園景大床房（智能客控+智能馬桶）:HK$235', '青雲·舒適大床房（智能客控+智能馬桶）:HK$253', '喜對·特色雙床房（智能客控+智能馬桶）:HK$261', '天禧·舒適雙床房（智能客控+智能馬桶）:HK$288']"
全季酒店（樂山市中區世豪美食街店）,9.7,"['高級大床房（電視投屏+小冰箱+金可兒床墊）:HK$399', '高級雙床房（電視投屏+小冰箱+金可兒床墊）:HK$409', '商務大床房（電視投屏+小冰箱+金可兒床墊）:HK$419', '商務雙床房（電視投屏+小冰箱+金可兒床墊）:HK$428']"
金葉·景盛酒店（樂山高鐵站嘉興路美食街店）,9.4,"['優享旅居單間:HK$105', '旅居單間:HK$130', '旅居標間:HK$137', '商務大床房:HK$144']"
城市精選酒店（樂山體育中心張公橋美食街店）,9.9,"['影院舒適大床房（語音客控+55寸電視投屏+深睡記憶枕）:HK$184', '舒適雙床房（語音客控+55寸電視投屏+深睡記憶枕）:HK$206', '標準大床房（語音客控+55寸電視投屏+深睡記憶枕）:HK$206', '標準雙床房（語音客控+55寸電視投屏+深睡記憶枕）:HK$227']"
樂山廣場智選假日酒店（嘉興路美食街店）,9.6,"['標準大床房:HK$336', '標準雙床房:HK$336', '高級大床房:HK$383', '高級雙床房:HK$383', '家庭房:HK$468']"
樂山金葉·禪驛度假酒店（樂山大佛店）,9.8,"['舒心·園藝禪景大床房:HK$440', '凈心·花園水韻雙床房:HK$525', '凈心·院景禪意大床房:HK$562', '澄心·池畔院景大床房:HK$697', '澄心·沐光景觀雙床房:HK$734']"
歡棲·禮遇酒店（樂山高鐵站世豪廣場店）,9.4,"['城景大床房:HK$180', '雲闕榻榻米大床房:HK$192', '高級大床房:HK$203', '城景雙床房:HK$203']"
樂山鹿溪設計師酒店（上中順店）,9.3,"['「不晚」零壓助眠大床房+智能客控+零壓床墊+中央空調:HK$250', '「歸謐」沐光影院大床房+智能客控+零壓床墊+大金空調+高清投影:HK$250', '「餘歡」180°觀江幾木大床房+智能客控+零壓床墊+大金空調:HK$272', '「且聽」180°觀江影院大床房+智能客控+零壓床墊+中央空調+高清投影:HK$272']"
樂山世紀嘉源大酒店CenturyJiayuanHotel（樂山高鐵站店）,9.0,"['太空尋夢大床房|童夢城堡+夢幻樂園:HK$266', '山景醇享大床房|天然氧吧+清新空氣:HK$266', '高級大床房|靜謐空間+零壓鵝絨被:HK$287', '高級雙床房|雙重隔音窗户:HK$287', '至尊豪華大床房|4k投屏+立體環繞:HK$663']"
九熠Loft影音套房·輕居（樂山高鐵站萬達廣場店）,9.5,"['棲夢.loft一室一廳套房（私享全景夜景+私享手柄遊戲）:HK$250', '錦閣.loft豪華套房（私享獨立客廳+私享冰箱洗衣機）:HK$261', '舒適.複式二室一廳套房:HK$261', '逸居·光影loft温馨兩居（零壓睡眠.落地窗.洗衣機）:HK$272']"
頤尚酒店（樂山高鐵站世豪廣場店）,9.5,"['商務大床房:HK$273', '高級大床房:HK$300', '高級雙床房:HK$354', '豪華套房:HK$448']"
樂山安珀酒店,9.7,"['安納西臻享大床房:HK$764', '盧瓦爾典雅雙床房:HK$764', '安納西臻享雙床房:HK$983', '小黃鴨親子大床房:HK$1,092', '海底小縱隊親子大床房:HK$1,092', '瑪格麗特豪華大床房:HK$1,201']"
樂山一笑新酒店,9.4,"['洞天屋:HK$326', '洞天屋·雙床房:HK$383', '山景大床房:HK$435', '萌趣·親子雙床房:HK$435', '山景套房:HK$861']"
樂山市中區希爾頓花園酒店,9.6,"['花園大床房:HK$364', '花園雙床房:HK$364', '無障礙大床房:HK$364', '豪華大床房:HK$403', '豪華雙床房:HK$403']"
金鷹山莊酒店（樂山高鐵站店）,9.5,"['高級標間:HK$263', '豪華山景標間:HK$283', '豪華山景單間:HK$304', '豪華湖景標間:HK$304', '豪華湖景單間:HK$324']"
樂山瑞豪藝術精品酒店,8.6,"['雅韻大床房:HK$129', '馨享大床房:HK$175', '悦享大床房+帶浴缸:HK$184', '臻選親子套房+180º觀景+帶浴缸+兩個卧室兩個衞生間:HK$220']"
全季酒店（樂山高鐵站店）,9.7,"['高級大床房（功夫茶具+電視投屏+小冰箱+金可兒床墊）:HK$369', '高級雙床房（功夫茶具+電視投屏+小冰箱+金可兒床墊）:HK$378', '商務大床房（功夫茶具+電視投屏+小冰箱+金可兒床墊）:HK$387', '景觀雙床房（功夫茶具+電視投屏+小冰箱+金可兒床墊）:HK$397']"
青嵐酒店（張公橋美食街店）,9.5,"['嵐居.靜謐大床房【新風系統.智能客控.智能馬桶】:HK$183', '嵐喜·精奢大床房【一線江景.智能客控.智能馬桶】:HK$196', '嵐影·輕奢大床房【智能客控.智能馬桶】:HK$215', '嵐逸·沐浴時光大床房【雙人浴缸.智能客控.智能馬桶.雙人沙發】:HK$234']"
