酒店名称,评分,房型价格列表
艾隱酒店（武漢江漢路步行街吉慶街店）,9.5,"['玲瓏大床房+夢神床墊+無卡智控:HK$312', '隱居大床房+夢神床墊+無卡智控:HK$354', '隱歸大床房+夢神床墊+無卡智控:HK$396', '隱歸雙床房+夢神床墊+無卡智控:HK$438', '隱歸家庭房+夢神床墊+無卡智控:HK$480']"
水雲嵐酒店（武漢江漢路步行街店）,9.7,"['嵐夕雅緻大床房-記憶床墊+mini冰箱+徠芬吹風機:HK$480', '嵐夕麗致標準房-記憶床墊+mini冰箱+徠芬吹風機:HK$502', '嵐夕麗致大床房-記憶床墊+mini冰箱+徠芬吹風機:HK$502', '雲夕逸緻標準房-記憶床墊+MINI冰箱+無線投屏:HK$618', '雲夕景觀大床房-記憶床墊+MINI冰箱+無線投屏:HK$643']"
宜庭酒店（江漢路步行街協和醫院店）,9.4,"['輕雅大床房-小度全屋智能客控:HK$189', '精緻大床房-記憶床墊:HK$198', '精緻雙床房-記憶床墊+智能客控:HK$198', '雅緻大床房-陽光明媚+手機投屏:HK$214']"
武漢江漢路步行街保安洋行漫心府,9.7,"['雅緻大床房（萌寵互動+智能投屏+miniBar）:HK$624', '心雅舒適大床房（萌寵互動+智能投屏+打卡拍照）:HK$624', '心怡大床房（民國風韻+萌寵互動+miniBar）:HK$654', '心悦高級大床房（民國風韻+萌寵互動+miniBar）:HK$715', '心悦高級雙床房（民國風韻+萌寵互動+miniBar）:HK$715']"
白玉蘭酒店（武漢江灘南京路科技館店）,9.5,"['靜雅大床房-小冰箱:HK$307', '舒雅大床房-小冰箱:HK$329', '輕雅大床房-小冰箱-智能馬桶:HK$356', '舒雅雙床房-小冰箱-智能馬桶:HK$376']"
桔派S酒店（武漢江漢路步行街江灘店）,9.5,"['悦享逸境大床房+小T智控+記憶枕-無線投屏:HK$306', '樂享安寢大床房+{智能客控+手機投屏+三層隔音玻璃}:HK$327', '陽光致享大床房-全屋聲控-無線投屏-浪漫夜景:HK$348', '逸·智享大床房+{mini冰箱+手機投屏-採光好}:HK$370']"
宜尚酒店（武漢天河機場宋家崗地鐵站店）,9.6,"['舒適大床房:HK$212', '影院雙床房（新尚北歐+小度語音智控+智能投影）:HK$238', '高級大床房（新尚北歐+小度語音智控+希丁安床墊）:HK$246', '影院大床房（新尚北歐+小度語音智控+智能投影）:HK$256']"
捷尼天空大酒店（武漢天河國際機場店）,9.7,"['瞻雲豪華雙床房（智能馬桶+金可爾床墊）:HK$380', '瞻雲豪華大床房（智能馬桶+金可爾床墊）:HK$399', '觀雲機景大床房（觀機落地窗+智能馬桶+金可爾床墊）:HK$447', '巨幕影音大床房（影視會員+金可爾床墊+智能馬桶）:HK$488', '觀雲機景雙床房（觀機落地窗+智能馬桶+金可爾床墊）:HK$519']"
武漢江漢路步行街怡程酒店,9.2,"['智能國風•高級大床房【深度睡眠配置｜城心壯闊景緻】:HK$289', '智能國風•高級雙床房【深度睡眠配置｜城心壯闊景緻】:HK$309', '智能國風•豪華大床房【深度睡眠配置｜城心壯闊景緻】:HK$328', '智能國風•豪華雙床房【深度睡眠配置｜城心壯闊景緻】:HK$349', '智能國風•家庭房【深度睡眠配置｜城心壯闊景緻】:HK$593']"
武漢帝盛酒店（江漢路步行街店）,9.2,"['標準間無窗大床房【ELEMIS】:HK$317', '高級間【ELEMIS】:HK$349', '帝盛薈高級大床房【ELEMIS】:HK$396', '豪華間【ELEMIS+超大面積+二次元】:HK$418', '帝盛薈豪華間【ELEMIS+超大面積】:HK$480']"
武漢香格里拉大酒店,9.4,"['豪華雙床房丨高端配套-尊貴體驗:HK$578', '豪華大床房丨高端配套-尊貴體驗:HK$611', '豪華閣行政大床房丨俯瞰霓虹城景+炫彩歡樂時光:HK$840', '行政套房丨研磨鮮萃制咖機+座温智控電動馬桶+歡樂時光:HK$1,453']"
武漢江漢路步行街亞朵酒店,9.7,"['高級大床房:HK$593', '高級城景大床房:HK$620', '行政城景大床房:HK$647', '高級城景雙床房:HK$674', '高級江景大床房-夜覽燈光秀:HK$710']"
武漢漢口喜來登大酒店,9.6,"['豪華雙床房「寬闊單人床」:HK$692', '高級豪華雙床房（全景落地窗+擁攬城景）:HK$746', '豪華大床房「全景落地窗+俯瞰整座城」:HK$746', '高級豪華大床房「全景落地窗-俯瞰整座城」:HK$801', '100寸超大屏·影音大床房·海量電影隨心看:HK$801', '温馨大床房·金可兒床墊·粉色温馨佈置:HK$812']"
武漢萬達瑞華酒店,9.6,"['荷里活雙床房:HK$983', '豪華大床房-帶按摩椅:HK$1,032', '豪華雙床房:HK$1,032', '高級豪華大床房-都市繁華 璀璨夜景 帶按摩椅:HK$1,147', '高級豪華雙床房- 都市繁華 璀璨夜景:HK$1,147', '行政客房-高空璀璨夜景（帶按摩椅）:HK$1,473']"
武漢高鐵站希爾頓歡朋酒店,9.7,"['舒適大床房（美國舒達床墊+智能客控）:HK$512', '舒適雙床房（美國舒達床墊+智能客控）:HK$512', '高級大床房（美國舒達床墊+智能客控）:HK$567', '高級雙床房（美國舒達床墊+智能客控）:HK$567', '豪華大床房（美國舒達床墊+智能客控）:HK$590']"
武漢馬哥孛羅酒店,9.2,"['高級雙床間 | 城景及側面長江景緻:HK$727', '高級大床間 | 歷史風貌區城景:HK$766', '豪華雙床間 | 城景及燈光秀側江景:HK$793', '豪華大床間 | 城景及燈光秀側江景:HK$832', '豪華市景客房 | 超大床享側面長江景緻:HK$856', '豪華江景大床房 | 正面一線長江景緻:HK$950']"
武漢國際廣場希爾頓歡朋酒店,9.5,"['舒適大床房-美國舒達床墊-智能馬桶:HK$568', '舒適雙床房-美國舒達床墊-智能馬桶:HK$590', '高級大床房-彼得羅夫洗護-美國舒達床墊:HK$623', '高級雙床房-彼得羅夫洗護-美國舒達床墊:HK$645', '荷里活超大床房-美國舒達床墊:HK$645']"
武漢江漢路麗芮酒店,9.6,"['芮享舒適大床房（戴森吹風機+高奢洗護+智能語音客控）:HK$370', '芮享STUDIO大床房（戴森吹風機+高奢洗護+語音客控）:HK$403', '芮享豪華雙床房（戴森吹風機+高奢洗護+智能語音客控）:HK$447', '芮享家庭房（戴森吹風機+高奢洗護+智能語音客控）:HK$501', '臻享行政套房（戴森吹風機+高奢洗護+智能語音客控）:HK$644']"
隨行酒店·臻選（武漢江漢路步行街店）,8.9,"['大床房:HK$237', '商務大床房:HK$260', '商務雙床房:HK$283', '高級大床房（觀景陽台）:HK$321']"
武漢江灘好百年美侖國際酒店,9.6,"['高級大床房「百年建築+朝內幽居」:HK$664', '高級雙床房「鬧中取靜+隱謐沉眠」:HK$715', '商務大床房「遠離喧器+悠享睡眠」:HK$715', '行政大床房「城畔掠影+時光郵差」:HK$765', '豪華雙床房「城市景觀+街道夜景」:HK$785']"
開元大酒店（武漢歡樂谷店）,9.6,"['豪華大床房-慕思床墊+藍牙低音炮:HK$524', '高級雙床房-慕思床墊-坐卧沙發:HK$524', '輕奢影音房-VIP會員觀影+極米百寸巨幕-全屋藍牙音響:HK$556', '開放式大床房-180°落地窗視野-慕思床墊-藍牙低音炮:HK$567', '豪華雙床房-慕思床墊-藍牙低音炮-坐卧沙發:HK$567', '行政大床房-負氧離子空氣凈化-迷你吧:HK$666']"
武漢江漢路步行街萬象城楓渡酒店,9.6,"['經典大床房（慕思床墊+語音智控）:HK$352', '經典雙床房（慕思床墊+語音智控）:HK$371', '祕境大床房（慕思床墊+語音智控）:HK$426', '純粹大床房（慕思床墊+語音智控）:HK$491', '純粹雙床房（慕思床墊+語音智控）:HK$491']"
武漢新世界酒店,9.4,"['豪華雙床房:HK$505', '豪華大床房:HK$527', '超豪華大床房「温馨客房靜謐園景」:HK$548', '高級雙床房:HK$662', '高級大床房:HK$690', '聚賢薈豪華客房「漫賞高空朝暉」:HK$824']"
漢庭酒店（武漢天河國際機場店）,9.6,"['高級大床房:HK$398', '商務大床房:HK$426', '商務雙床房:HK$436', '豪華大床房:HK$454']"
凱萊熙酒店（武漢黃鶴樓曇華林店）,9.5,"['輕享逸緻雙床房（空氣凈化器）:HK$394', '趣享心悦雙床房（空氣凈化器+手機投屏）:HK$394', '輕享逸緻大床房（空氣凈化器）:HK$405', '智享甄品雙床房（舒適床墊+手機投屏）:HK$427', '智享甄品大床房（舒適床墊+手機投屏）:HK$427']"
武漢天河機場皇冠假日酒店,9.7,"['高級房 2張雙人床:HK$506', '高級房 超大床:HK$506', '高級房 2張雙人床 園景:HK$599', '高級房 超大床 園景:HK$599', '豪華房 2張雙人床:HK$763', '豪華房 超大床:HK$763']"
武漢襄投萬豪酒店,9.5,"['東湖景雙床房「遠眺東湖日出全景」:HK$1,152', '沙湖景雙床房「坐擁一片湖光」:HK$1,214', '豪華大床房「盡覽城市地標」:HK$1,224', '開放式大床房「180°繁華都市夜景」:HK$1,245', '東湖景大床房「遠眺東湖日出全景」:HK$1,287', '沙湖景大床房「坐擁一片湖光」:HK$1,328']"
武漢滙豪大酒店（江漢路步行街店）,9.4,"['高級大床房（金可兒床墊+城市景觀）:HK$371', '高級雙床房（金可兒床墊+超大落地窗）:HK$371', '豪華大床房（金可兒床墊+城市景觀）:HK$399', '高級城景大床房（180°觀景+雙面落地窗）:HK$412', '高級商務大床房（超大床+浴缸）:HK$426']"
AMIX安迷酒店（黃鶴樓音樂學院店）,9.8,"['悦享大床房（酣然入夢+全屋聲控）:HK$442', '舒享大床房（心曠神怡＋全屋聲控）:HK$485', '悦享雙床房（安逸舒睡+智能馬桶）:HK$506', '臻享大床房（陽光滿屋+mini冰箱）:HK$538', '臻享雙床房（閒情逸緻+深睡慕思床墊）:HK$581']"
武漢江漢路步行街美侖酒店,9.6,"['高級大床房·民國風【定製床墊+mini吧】:HK$554', '高級雙床房·民國風【定製床墊+mini吧】:HK$583', '商務大床房·民國風【定製床墊+mini吧】:HK$614', '商務雙床房·民國風【定製床墊+mini吧】:HK$644', '豪華景觀大床房·民國風【定製床墊+mini吧】:HK$715']"
武漢漢口金融中心萬象城美侖酒店,9.6,"['雲端大床房（俯瞰高空夜景+智能客控）:HK$492', '雲端高級大床房（俯瞰高空夜景+智能客控）:HK$523', '雲端商務雙床房（俯瞰高空夜景+65寸電視投屏）:HK$543', '雲端商務大床房（俯瞰高空夜景+65寸電視投屏）:HK$564', '雲端豪華大床房（180°俯瞰高空夜景+65寸電視投屏）:HK$593']"
武漢山水富麗華酒店,9.6,"['豪華大床房-乾濕分離-雅蘭蕎麥+羽絨枕:HK$644', '豪華雙床房-乾濕分離-雅蘭蕎麥+羽絨枕:HK$644', '商務大床房-城市景觀-小冰箱:HK$742', '商務雙床房-城市景觀-小冰箱:HK$742', '臻選景觀大床房:HK$786', '臻選景觀雙床房:HK$786']"
武漢漢口火車站戴斯温德姆酒店,9.7,"['雅緻城景大床房:HK$526', '豪華城景雙床房:HK$535', '舒適城景大床房:HK$569', '輕奢城景大床房:HK$612', '豪華城景大床房:HK$645']"
武漢中南街道口希爾頓歡朋酒店,9.6,"['舒適大床房-美國舒達床墊-專屬小冰箱:HK$470', '高級大床房-美國舒達床墊-專屬小冰箱:HK$491', '高級雙床房-美國舒達床墊-專屬小冰箱:HK$491', '豪華大床房-美國舒達床墊-彼得羅夫洗護-專屬小冰箱:HK$560', '豪華雙床房-美國舒達床墊-彼得羅夫洗護-專屬小冰箱:HK$601']"
武漢江漢路步行街漫心酒店,9.7,"['心怡標準大床房（高空俯瞰城市美景+舒適睡眠+mini吧）:HK$492', '江景大床房（遠眺長江+高空俯瞰城市美景+徠芬吹風機）:HK$543', '心悦高級城景雙床房（觀城市美景+安睡新風+徠芬吹風）:HK$583', '心悦高級城景大床房（觀城市美景+安睡新風+徠芬吹風）:HK$583', '心悦高級江景大床房（遠眺長江+覽城市美景+安睡新風）:HK$604']"
武漢楚河漢街東湖萊斯麗呈華廷酒店,9.5,"['雅緻大床房:HK$638', '城景高級雙床房（智能客控+落地景觀+65寸電視投屏）:HK$657', '城景高級大床房（全屋智能+65寸電視投屏+落地窗）:HK$657', '城景豪華雙床房（智能客控+落地景觀+65寸電視投屏）:HK$686', '棋牌大床房:HK$686', '湖景豪華大床房（智能客控+落地景觀+65寸電視投屏）:HK$705']"
武漢江城明珠豪生大酒店,9.3,"['高級雙人房:HK$568', '高級城景大床房:HK$601', '高級江景大床房【燈光秀景觀】:HK$732', '商務江景大床房【燈光秀景觀】:HK$787', '行政大床房【高層俯瞰城市景觀】:HK$929', '行政雙人房【高層俯瞰城市景觀】:HK$929']"
武漢東湖光谷希爾頓歡朋酒店,9.5,"['高級雙床房:HK$546', '舒適大床房:HK$546', '高級大床房:HK$607', '豪華大床房:HK$656', '豪華雙床房:HK$810']"
武漢富力萬達嘉華酒店,9.5,"['豪華雙床房 （全景落地窗，擁抱自然光影 ）:HK$855', '豪華大床房 （全景落地窗，擁抱自然光影 ）:HK$901', '高級豪華雙床房（温馨雅緻，盡享一夜酣眠）:HK$901', '高級豪華大床房（温馨雅緻，盡享一夜酣眠 ）:HK$948', '豪華漢秀景觀雙床房（盡覽地標“紅燈籠”）:HK$951', '高級豪華漢秀景觀雙床房（盡覽地標“紅燈籠”）:HK$1,005']"
武漢廣場漢口金融中心亞朵酒店,9.7,"['幾木江景套房:HK$1,079']"
武漢大學街道口桔子水晶酒店,9.7,"['高級城景大床房（絲漣深睡床墊+助眠香薰+全景落地窗）:HK$473', '高級湖景大床房（絲漣深睡床墊+助眠香薰+一覽東湖）:HK$511', '高級城景雙床房（絲漣深睡床墊+助眠香薰+全景落地窗）:HK$511', '親子高級大床房（絲漣深睡床墊+助眠香薰+覽城市日落）:HK$541', '高級湖景雙床房（絲漣深睡床墊+助眠香薰+一覽東湖）:HK$541']"
武漢丹楓白露酒店,9.6,"['商務雙床房｜超大面積+飄窗+金可兒床墊:HK$487', '豪華大床套房｜多功能客廳+陽台+飄窗+金可兒床墊:HK$568', '豪華大床套房（城景及遠眺江景｜客廳+陽台+金可兒床墊）:HK$699', '影音商務雙床房｜投影+超大面積+飄窗+金可兒床墊:HK$702', '影音豪華大床套房｜投影+多功能客廳+陽台+金可兒床墊:HK$808', '行政商務雙床房｜超大面積+飄窗+金可兒床墊:HK$983']"
武漢白沙洲大道希爾頓歡朋酒店,9.7,"['舒適大床房:HK$437', '高級大床房:HK$470', '高級雙床房:HK$470', '舒適雙床房:HK$483', '豪華大床房:HK$548']"
桔子酒店（武漢江漢路步行街店）,9.3,"['都市節奏:HK$337', '設計師大床房:HK$337', '商務大床房:HK$375', '行政大床房:HK$431']"
武漢玉豐國際酒店（楚河漢街SKP店）,9.4,"['奇玉高級雙床房（靜謐寬敞入住體驗）:HK$534', '奇玉高級大床房（俯瞰繁華的武漢SKP商業街）:HK$535', '金玉商務大床房（縱覽繁華的武漢SKP商業街）:HK$559', '金玉商務雙床房（靜謐舒適入住體驗）:HK$559', '明玉豪華雙床房（寬敞舒適靜謐入住體驗）:HK$577']"
全季酒店（武漢江漢路步行街店）,9.5,"['高級大床房:HK$605', '商務大床房:HK$635', '豪華大床房:HK$685', '江景大床房:HK$765', '豪華雙床房:HK$897']"
武漢東湖楚河漢街希爾頓歡朋酒店,9.5,"['舒適大床房:HK$577', '高級雙床房:HK$577', '高級大床房:HK$598', '荷里活超大床房:HK$634', '豪華大床房:HK$638']"
武漢世茂希爾頓酒店,9.4,"['希爾頓大床房（超軟床墊舒適好眠）:HK$701', '豪華大床房（高空城景景觀）:HK$752', '希爾頓雙床房（温馨客房靜謐空間）:HK$764', '無障礙客房:HK$777', '豪華雙床房（舒適客房悠然愜意）:HK$828', '豪華江景大床房（絕美長江大橋景觀）:HK$879']"
武漢温德姆花園酒店（光谷會展中心大悦城店）,9.6,"['山景大床房-（金可兒護脊床墊+智能加熱馬桶）:HK$470', '山景雙床房-（金可兒護脊床墊+智能加熱馬桶）:HK$470', '優選驚喜大床房（金可兒護脊床墊+智能加熱馬桶）:HK$470', '優選驚喜雙床房（金可兒護脊床墊+智能加熱馬桶）:HK$470', '靜謐大床房-（金可兒護脊床墊+智能加熱馬桶）:HK$502', '靜謐雙床房-（金可兒護脊床墊+智能加熱馬桶）:HK$502']"
武漢黃鶴樓長江大橋亞朵X酒店,9.7,"['雅緻大床房:HK$413', '高級大床房:HK$440', '行政大床房:HK$476', '高級雙床房:HK$503', '幾木大床房:HK$503']"
武漢江灘江漢路步行街輕居酒店,9.6,"['舒適大床房:HK$413', '輕享大床房:HK$449', '樂享大床房:HK$485', '超享大床房:HK$520', '輕享雙床房:HK$584']"
武漢風貌巴公邸酒店,9.7,"['高級大床房:HK$1,531', '高級雙床房:HK$1,640', '精品套房:HK$1,914', '豪華套房:HK$2,297', '臻選套房:HK$2,954', '巴公套房:HK$11,916']"
武漢天河機場假日酒店,9.6,"['高級房 2張雙人床:HK$423', '高級房 超大床:HK$423', '豪華房 2張雙人床:HK$472', '豪華房 超大床:HK$472', '家庭房小童主題:HK$602']"
武漢洪廣大酒店,9.3,"['舒適單人間:HK$385', '優享大床房:HK$450', '優享雙床房:HK$450', '高級大床房:HK$462', '高級雙床房:HK$462', '夢百合零壓商務大床房:HK$505']"
武漢萬楓酒店（街道口理工大學南湖校區店）,9.6,"['楓景大床房「超大空間+可聯網投屏液晶電視」:HK$437', '楓景雙床房「超大空間+可聯網投屏液晶電視」:HK$437', '高空全景標準大床房「180°觀景+可聯網投屏液晶電視」:HK$470', '高空全景豪華大床房「高層+180°觀景+可聯網投屏液晶電視」:HK$502', '高空全景開間大床房「180°巨幕絕美落日晚霞+可聯網投屏液晶電視」:HK$558']"
武漢經開希爾頓歡朋酒店,9.8,"['舒適大床房:HK$454', '舒適雙床房:HK$454', '高級大床房:HK$486', '高級雙床房:HK$486', '豪華大床房:HK$537']"
武漢漢口火車站希爾頓惠庭酒店,9.6,['靈動家庭房:HK$623']
