酒店名称,评分,房型价格列表
汕尾保利雅途·星海度假酒店,8.9,"['設計師主題大床房:HK$640', '舒適園景雙人房:HK$705', '豪華園景雙床房:HK$759', '豪華園景大床房:HK$759', '親子園景雙床房:HK$822']"
汕尾海市蜃樓智能海景度假公寓,9.7,"['高層180度一線海景大床房（躺床看海上日出+巨幕投影+全屋聲控）:HK$821', '高層180度一線海景雙床房（巨幕投影+全屋智能聲控+躺床看海上日出）:HK$821', '高層180度一線海景房（躺床看海上日落+巨幕聲控）:HK$821', '高層180度兩房一廳一線海景房（麻將+巨幕投影+智能聲控+大陽台）:HK$1,172']"
禧悅設計師HOTEL（二馬路美食街中山渡口店）,9.6,"['禧悦温馨大床房（大金空調新風+投屏電視+記憶枕芯+）:HK$484', '禧悦陽光大床房（投屏電視+記憶枕芯）:HK$553', '禧悦家庭雙床套（落地窗城景+投屏電視）:HK$568', '禧悦豪華雙床房（落地窗+小度音控）:HK$612']"
澳斯蘭德國際酒店（汕尾二馬路美食街信利廣場店）,9.3,"['白銀大床【全屋智控+零壓床墊】:HK$397', '鉑金大床房【全屋智控+零壓床墊】:HK$461', '鉑金雙床【全屋智控+零壓床墊】:HK$474', '鑽石親子雙【智能聲控+智能馬桶】:HK$529', '超大床房【智能馬桶+軟卧沙發+東寶深睡床】:HK$542']"
汕尾藝宿高空花園全景設計師S美宿（汕尾高鐵站店）,9.5,"['一室一廳複式大床房（VIP影音·手機投屏）:HK$214', '高空觀景大床房「75寸電視投屏VIP+零壓床墊」:HK$214', '雅緻巨幕大床房「100寸投影VIP+零壓床墊+多風格」:HK$214', '高空奶油大床房 |75寸電視投屏|乳膠床墊|:HK$214']"
柏曼日光全景臻選酒店（汕尾二馬路美食街店）,8.9,"['聆汐丨臨海靜謐舒適雙床房【濱海夜景+護腰床墊】:HK$406', '聆汐丨臨海靜謐舒適大床房【濱海夜景+護腰床墊】:HK$415', '沁灣丨晨曦海景雅居大床房【觀海飄窗+護腰床墊+賞日出】:HK$461', '沁灣丨晨曦海景雅居雙床房【觀海飄窗+護腰床墊+日落】:HK$461']"
鉑頓國際公寓（汕尾城區高鐵站店）,9.4,"['雅緻景觀大床房（靜享景觀+休閑沙發+護頸枕+舒適床墊）:HK$367', '高級景觀大床房（空間寬敞+休閑沙發+護頸枕+舒適床墊）:HK$396', '高級景觀雙床房 （靜享景觀+50寸液晶電視+護頸枕+舒適床墊）:HK$396', '豪華海景雙床房（靜享海景+50寸液晶電視+護頸枕+舒適床墊）:HK$410']"
栢雅朵酒店（汕尾二馬路美食街信利城市廣場店）,9.4,"['精選雅緻大床房『智能客控•通透採光•深睡舒眠床墊』:HK$355', '輕享城景大床房『智能客控•陽光城景』:HK$373', '精選雅緻雙床房『通透採光•深睡舒眠床墊』:HK$394', '栢嘉奢享大床房『智能客控•休閑書桌椅』:HK$427', '雅朵靜謐雙床房『智能客控•輕柔燈光•酒店公區洗烘機』:HK$427']"
維也納國際酒店（汕尾信利中央廣場店）,9.1,"['大床房（無窗）:HK$356', '標準大床房:HK$365', '豪華大床房:HK$374', '商務大床房:HK$400', '商務雙床房:HK$426']"
海藍酒店（汕尾紅海灣店）,9.2,"['簡約大床房:HK$282', '輕奢雙床房:HK$282', '夕陽遠眺海景雙床房:HK$326', '日出海景大床房:HK$326']"
汕尾滿心Funny民宿,8.4,"['大陽台海景房（雙人浴缸+巨幕投影）:HK$587', '一室一廳大床房:HK$587', '一室一廳雙床套房:HK$587', '海景浴缸·親子房·情侶房:HK$587']"
汕尾金町灣阿倫黛爾親子美宿,8.6,"['聽海·一線海景克萊因大床房:HK$237', '聽海·一線海景投影大床房:HK$273', '聽海·一線海景江南雙床房:HK$273', '聽海·一線海景浴缸投影大床房:HK$273']"
藍灣度假公寓（汕尾保利金町灣店）,9.1,"['Nicel漫享海景大床房（大陽台）:HK$468', 'M6|玥海一線海景大床房:HK$1,342', '親海2房1廳3床2衞套房:HK$1,634', '原木風3房2廳2衞三床套房:HK$2,013']"
維也納國際酒店（汕尾高鐵站店）,9.2,"['標準大床房:HK$310', '豪華大床房:HK$326', '豪華雙床房:HK$342', '商務大床房:HK$350']"
汕尾鄰海印象酒店,9.4,"['私享複式180°海景大床房:HK$670', '巨幕投影複式大床房「極米投影儀｜海景」:HK$752', '「寵物友好」複式海景大床房:HK$906', '私享海景複式套房兩房一廳:HK$1,151']"
瀾嶼·民宿（汕尾高鐵站店）,10.0,"['豪華海景大床房【一次性洗浴用品|高樓層海景|洗衣機】:HK$191', '尊享海景大床房【一次性洗浴用品|港灣海景|洗衣機】:HK$191', '優享景觀大床房【一次性洗浴用品|港灣海景|洗衣機】:HK$191', '舒享海景大床房【靜享海景|休閑沙發|舒適床墊|冰箱】:HK$191']"
汕尾紅海灣蜜玥美宿,8.6,"['精品榻榻米房:HK$444', '温馨大床房:HK$667', '温馨雙床房:HK$667', '舒適大床房:HK$667']"
汕尾海濱大道浩輝希爾頓花園酒店,8.7,"['海景大床房:HK$478', '海景雙床房:HK$478', '高級海景大床房:HK$590', '高級海景雙床房:HK$590', '家庭客房:HK$628']"
IU酒店（汕尾城區政府店）,9.0,"['U+觀影大床房（無窗）:HK$178', '小U精緻雙床房:HK$178', '小U舒適雙床房:HK$187', '小U超級大床房:HK$204']"
汕尾星河灣酒店,9.4,"['豪華園景雙床房:HK$1,007', '豪華園景大床房:HK$1,007', '豪華城堡湖景大床房:HK$1,197', '豪華城堡湖景雙床房:HK$1,197', '行政園景大床房:HK$1,197', '行政城堡湖景大床房:HK$1,323']"
尋夢海景公寓（保利金町灣店）,8.8,"['尋夢二線園景大床房:HK$746', '尋夢二線園景雙床房:HK$788', '一線180度近海雙床房:HK$957', '一線180度近海大床房:HK$1,037']"
保利金町灣自然海景公寓,9.2,"['海鷗一線側面海景大床房:HK$679', '（望海）二線觀園景雙床房:HK$679', '海鷗一線側面海景雙床房:HK$737', '海鷗一線海景大床房:HK$814']"
頤灣公寓（汕尾城區高鐵站店）,9.4,"['臻享大床房【電視投屏丨舒適好眠丨休閑沙發丨冰箱】:HK$189', '舒享海景大床房【港灣海景丨功夫茶具丨冰箱洗衣機】:HK$200', '海景投影大床房【港灣海景丨智能投影丨雲感床墊丨冰箱洗衣機】:HK$211', '舒享海景雙床房【港灣海景丨功夫茶具丨冰箱洗衣機】:HK$220']"
雲光·悅舍美宿（保利金町灣店）,9.6,"['Cozy | 温馨大床房（帶觀景陽台）:HK$585', '園景大床房（觀景陽台）:HK$604', 'Cozy | 温馨親子雙床房（高樓層觀景陽台）:HK$744', 'Enjoy | 樂享榻榻米大床房（高層觀景陽台）:HK$1,046']"
汕尾新品清湖大酒店,9.0,"['標準大床房:HK$402', '豪華雙床房:HK$457', '高級雙床房:HK$468', '高級大床房:HK$468', '豪華大床房:HK$522']"
追溯全海景度假美宿（汕尾保利金町灣店）,8.9,"['聽海可可-低層園景兩房三床套房:HK$201', '聽海舒適-一線側海景投影大床房:HK$212', '天譽多巴胺-超一線全海景三房三床麻將套房:HK$248', '月間海-一線海景雙床房:HK$253']"
東粵博洋度假公寓（汕尾保利金町灣店）,8.7,"['椰林夢境·園林大床房:HK$430', '星光嶼海 • 側海景雙床房【近海50米+近觀光小火車+近鯨灣小鎮+近網紅打卡點】:HK$491', '蔚藍海岸·全海景大床房:HK$491', '巨幕影院·海景大床房:HK$491']"
汕尾保利金町灣海景公寓,9.5,"['海上日出·月出豪華海景雙床套間:HK$648', '觀日出·月出豪華海景雙人房:HK$725', '海上日出·月出180度豪華海景大床房:HK$816', '觀海上日出·月出海景二房一廳套房:HK$1,088']"
海景城度假公寓（汕尾保利金町灣店）,8.4,"['輕奢 豪華 兩房一廳:HK$1,672', '天譽疊墅5房7床4衞1廳1廚:HK$3,576', '天璽海景三房兩廳（5床2衞1廚帶自動麻將機）:HK$4,153']"
私享家海景度假公寓（汕尾保利金町灣店）,8.8,"['望海寓·園景雙床房:HK$321', '望海寓·海景大床房:HK$467', '望海寓·海景雙床房:HK$467', '超一線 ·落日餘暉海景雙床房:HK$528']"
潮漫酒店（汕尾二馬路美食街店）,9.2,"['品質大床房無窗（50寸電視+護頸枕+舒適床墊+全身鏡）:HK$247', '漫享高級大床房（50寸電視+護頸枕+舒適床墊+全身鏡）:HK$264', '豪華大床房（50寸電視+護頸枕+舒適床墊+全身鏡）:HK$280', '品質景觀大床房（夜市景+50寸電視+護頸枕+舒適床墊）:HK$289']"
麗岸酒店,9.5,"['雅緻大床房（夕陽城景+休閑花園+智能客控+三區分離）:HK$205', '臻選大床房（舒適睡眠+全屋智能+語音客控+三區分離）:HK$216', '臻選雙床房（舒適睡眠+全屋智能+語音客控+三區分離）:HK$229', '海景大床房（海景+可觀日出+智能客控+三區分離）:HK$240']"
維也納酒店（汕尾翡翠灣二馬路美食街店）,9.4,"['標準大床房（無窗）:HK$381', '高級雙床房:HK$422', '高級大床房:HK$422', '豪華雙床房（45°觀海景）:HK$430']"
汕尾住唄公寓（二馬路美食街店）,9.5,"['舒適大床房:HK$184', '雅緻浴缸大床房:HK$202', '投影大床房:HK$202', '舒適雙人房:HK$212']"
汕尾高鐵站濱海公園亞朵酒店,9.8,"['高級大床房（投屏電視+小冰箱）:HK$577', '高級雙床房（投屏電視+小冰箱）:HK$577', '行政大床房（投屏電視+小冰箱）:HK$628', '行政雙床房（投屏電視+小冰箱）:HK$628', '幾木雙床房（投屏電視+小冰箱）:HK$712']"
汕尾顯達酒店,9.3,"['高級雙人房:HK$427', '高級大床房:HK$427', '豪華雙床房:HK$505', '豪華大床房:HK$514', '海景大床房:HK$645']"
美宿·歡朋智能公寓（二馬路美食街店）,9.2,"['特惠大床房（有窗+高清投影）:HK$185', '輕奢影音大床房（通透採光+高清投影）:HK$206', '靜謐影音大床房（舒適安靜好眠+高清投影）:HK$220', '悠然電動大床房（商務休閑+大沙發）:HK$234']"
佰仕達酒店（汕尾城區二馬路美食街店）,8.7,"['高級大床房:HK$228', '高級零壓大床房:HK$247', '豪華大床房:HK$257', '豪華雙床房:HK$278']"
夏日海景度假別墅,9.5,"['天奕獨棟別墅▪高端簡約風▪6房10床【帶泡池.KTV.燒烤區.街機遊戲.大花園】:HK$4,677', '天奕獨棟海景別墅▪現代輕奢風▪6房12床【帶泳池.KTV.燒烤區.街機遊戲.大花園】:HK$4,786', '無雙A獨棟別墅▪高端現代風8房11床【帶泳池.投影會議室.獨立KTV房.桌球.燒烤區.麻將機.拳皇遊戲機】:HK$4,786', '無雙B·輕奢新中式·獨棟帶電梯8房12床別墅·含1張沙發床【帶泳池+大花園燒烤+獨立KTV+桌球+街機遊戲+自動麻將】:HK$4,918']"
致瀾特公寓（二馬路信利廣場店）,9.4,"['精緻大床房（智能馬桶+乾濕分離）:HK$208', '景觀大床房（高清投影+智能馬桶+乾濕分離）:HK$221', '景觀舒適榻榻米（高清投影+智能馬桶+乾濕分離）:HK$221', '温馨大床房（高清投影+智能馬桶+乾濕分離）:HK$221']"
汕尾藍島酒店,8.7,"['標準大床房:HK$229', '標準雙床房:HK$265', '高級大床房:HK$272', '高級雙床房:HK$294', '豪華大床房:HK$302']"
不晚·民宿（汕尾高鐵站店）,9.4,"['悦己｜巨幕投影大床房（冰箱洗衣機+可做飯）:HK$251', '杏藴 ｜Loft複式/巨幕投影大床房（冰箱洗衣機+可做飯）:HK$254', '歡囍｜巨幕投影大床房（冰箱洗衣機+可做飯）:HK$254', '瑞楓 ｜Loft複式·巨幕投影大床房（冰箱洗衣機+可做飯）:HK$270']"
小城故事美宿（汕尾二馬路美食街店）,8.9,"['韓式榻榻米影音房（高清投影+休閑茶品）:HK$262', '悦享影音大床房（高清投影+海量影視）:HK$288', '商務影音大床房（高清投影+輕奢商務）:HK$315', '雅緻影音大床房（高清投影+深度好眠+海量影視）:HK$350']"
汕尾金町灣瀾墅度假公寓,8.9,"['聽海.日落大床房+冰箱+洗衣機+陽台:HK$316', '聽濤.舒適雙床房+冰箱+洗衣機+陽台:HK$316', '豪華海景雙床房:HK$395', '浪漫豪華海景大床房:HK$396']"
潮漫酒店（汕尾城區海濱大道店）,9.0,"['商務大床房【斯林百蘭床墊+迷人海景】:HK$198', '漫享高級大床房【斯林百蘭床墊+零壓靜音】:HK$206', '豪華大床房【斯林百蘭床墊+繁華街景】:HK$215', '豪華雙床房【斯林百蘭床墊+繁華街景】:HK$235']"
汕尾中聯港灣酒店（城區品清湖店）,8.7,"['標準大床房［金可兒床墊+高壓熱水+舒適睡眠］:HK$229', '高級大床房［金可兒床墊+高壓熱水+舒適睡眠］:HK$243', '標準雙床房［金可兒床墊+高壓熱水+舒適睡眠］:HK$257', '豪華大床房［金可兒床墊+護頸枕頭+舒適睡眠］:HK$285', '豪華雙床房［金可兒床墊+護頸枕頭+舒適睡眠］:HK$299']"
汕尾海景假日酒店,8.3,"['高級雙床房:HK$280', '海景雙床房:HK$298', '海景大床房:HK$298', '海景雅居套房（一房一廳大床）:HK$389']"
琴海公寓（汕尾保利金町灣店）,8.5,"['特惠海景大床房、玥海3棟:HK$437', '特惠海景大床房、4棟:HK$449', '一線海景mini大床房、玥海5棟:HK$486', '特惠、海景雙床房、玥海4棟:HK$486']"
億安民宿,9.5,['親海一線海景公寓:HK$918']
吉來登國際度假公寓（汕尾保利金町灣旅遊度假區店）,8.2,"['親海·一房一廳三床套房（一線正海景）:HK$5,045']"
