酒店名称,评分,房型价格列表
池州碧桂園鳳悦鳳凰酒店（九華山）,9.5,"['園景大床房:HK$348', '園景雙床房:HK$348', '湖景大床房:HK$380', '湖景雙床房:HK$380', '零壓大床房:HK$414', '零壓雙床房:HK$414']"
麗思君亭酒店（池州政務中心商之都店）,9.1,"['智享語音悦享雙床房:HK$249', '智享語音悦享大床房:HK$274', '智享語音高級大床房:HK$360', '智享語音高級雙床房:HK$360', '智享語音行政雙床房:HK$435']"
池州鉑晶國際酒店（江南產業集中區九華山機場店）,9.4,"['高級大床房:HK$329', '高級雙床房:HK$329', '豪華雙床房:HK$360', '豪華大床房:HK$360', '親子雙床房:HK$422']"
格美酒店（池州高鐵站店）,9.1,"['格美雙床房:HK$207', '格美大床房:HK$207', '清馨大床房:HK$232', '清馨雙人房:HK$232']"
漢庭酒店（池州火車站店）,9.7,"['大床房:HK$246', '高級大床房:HK$265', '高級雙床房:HK$286', '套房:HK$305']"
池州開元大酒店,9.5,"['商務大床房:HK$513', '商務雙床房:HK$513', '行政雙床房:HK$546', '行政大床房:HK$567', '豪華套房:HK$634', '商務套房:HK$742']"
池州尚都酒店,9.5,"['精緻大床房:HK$238', '特惠雙床間:HK$238', '行政大床房:HK$275', '行政雙床房:HK$275']"
池州火車站齊山大道亞朵酒店,9.6,"['高級大床房（慢回彈記憶枕+65寸投屏電視）:HK$370', '行政大床房（慢回彈記憶枕+65寸投屏電視）:HK$410', '行政陽台大床房（慢回彈記憶枕+65寸投屏電視+小冰箱）:HK$421', '行政城景雙床房（慢回彈記憶枕+65寸投屏電視+小冰箱）:HK$421', '行政雙床房（慢回彈記憶枕+65寸投屏電視）:HK$431']"
開元名庭池州政務中心酒店,9.2,"['名成豪華雙床房（蕎麥枕頭+風乾機）:HK$298', '名成豪華大床房（蕎麥枕頭+風乾機）:HK$331', '名成商務雙床房（蕎麥枕頭+風乾機）:HK$364', '名成商務大床房（蕎麥枕頭+風乾機）:HK$397', '名成行政雙床房（蕎麥枕頭+風乾機+按摩椅）:HK$429']"
池州大九華賓館（九華山）,9.6,"['池州印象商務精選房:HK$459', '池州印象商務大床房|城景+乾濕分離+新中式風格:HK$494', '池州印象商務雙床房|城景+乾濕分離+新中式風格:HK$494', '恬謐雅居套房|一室一廳+雙衞:HK$508', '池州印象智能大床房|高空城景+小度客控+乾濕三分離:HK$568']"
花築·池州十二時辰民宿（九華天池店）,9.7,"['夜半·特享大床房:HK$452', '日暮·中式精選雙床房:HK$576', '破曉·温馨大床房:HK$576', '旭日·山景大床房:HK$600']"
巴爾頓酒店（池州高鐵站店）,9.3,"['高級大床房:HK$222', '高級雙床房:HK$222', '豪華大床房:HK$236', '豪華雙床房:HK$243']"
沁源假日酒店（池州高鐵站店）,9.3,"['雅緻單間:HK$142', '精品單間:HK$142', '特惠單間（無窗）:HK$142', '精品標間:HK$156']"
花築·九華山悦漫雲沐民宿（九華山上店）,9.5,"['地暖·沐浴陽光·特價安逸大床房:HK$683', '地暖·歲月靜好·拾光雙床房-閣樓:HK$683', '地暖·悦漫小院·觀景雙床房1:HK$753', '地暖·悦漫小院·觀景雙床房2:HK$753']"
池州山水間醉裡頭精品民宿,9.4,"['地暖微醺大床房:HK$501', '地暖微醺雙床房:HK$610', '地暖微醺景觀大床房:HK$752', '正酣庭院大床房:HK$752']"
如家睿柏·雲酒店（池州九華山機場店）,9.6,"['商務大床房:HK$182', '商務雙床房:HK$191', '智能商務大床房:HK$195', '尊享智能雙床房:HK$200']"
星空電競智能酒店（紅森國際大廈店）,10.0,"['商務雙標間:HK$226', '電競大床房【5070+U7265KF+2K300HZ+鑽石特權+加速器】:HK$258', '電競雙床房【5070+U7265KF+2K300HZ+鑽石特權+加速器】:HK$258', '豪華電競雙標間【5070+U7265KF+2K300HZ+鑽石特權】:HK$282']"
池州百歲大酒店,8.6,"['商務單間:HK$216', '普通標準間:HK$293', '豪華標間:HK$333', '豪華單間:HK$333', '家庭標間:HK$447']"
龍雲國際大酒店（池州高鐵站店）,9.1,"['特惠高級雙床房:HK$255', '特惠高級大床房:HK$256', '豪華雙床房:HK$306', '豪華大床房:HK$380']"
巴爾頓酒店（池州九華山機場店）,9.3,"['高級雙床房:HK$244', '高級大床房A:HK$244', '豪華大床房:HK$275', '豪華雙床房:HK$275']"
池州維也納酒店（貴池長江南路濕地公園店）,9.2,"['商務大床房 （保鮮冰箱+會客區+大空間）:HK$197', '標準大床房 （私密空間+深睡助眠枕+酣睡床墊）:HK$198', '豪華大床房 （零壓酣睡床墊+通風采光佳+落地全身鏡）:HK$222', '標準雙床房 （深睡助眠枕+酣睡床墊）:HK$242']"
維也納國際酒店（池州高鐵站店）,9.5,"['高級雙床房:HK$249', '高級大床房（無窗）:HK$258', '商務大床房:HK$299', '豪華家庭房:HK$403']"
尚客優悦酒店（池州高鐵站上海城店）,9.5,"['標準大床房（智能語音客控+零壓酣睡床墊+智能馬桶）:HK$264', '智能舒適雙床房（智能語音客控+酣睡床墊+智能馬桶）:HK$264', '優享·格調大床房（智能語音客控+單人沙發茶几+智能馬桶+獨立洗漱區）:HK$304', '優享·格調雙床房（智能語音客控+單人沙發茶几+智能馬桶+獨立洗漱區）:HK$304']"
格林東方酒店（池州長江中路大潤發店）,9.3,"['大床房:HK$188', '豪華雙床房:HK$243', '豪華大床房:HK$243', '行政大床房:HK$243']"
池州紅專記度假酒店（九華天池店）,8.6,"['山景陽台大床房:HK$683', '山景陽台雙床房:HK$683', '雅緻觀瀾大床房:HK$683', '雅緻觀瀾雙床房:HK$683', '水岸院落雙床房:HK$683', '陽光院落雙床房:HK$683']"
嘉旗觀景酒店（池州生態濕地公園店）,8.7,"['觀景·大床房（高空觀景+智能馬桶）:HK$236', '城景大床房:HK$297', '觀景·雙床房（高空觀景+智能馬桶）:HK$331', '山景時光·圓床房（高空觀景+智能馬桶）:HK$346']"
池州天水灣大酒店（政務中心店）,9.4,"['精品豪標:HK$292', '精品大床間:HK$293', '行政商務雙床房:HK$321', '商務舒適雙床房:HK$356']"
池州瑤池温泉酒店,8.3,"['清雅田園雙床房（書桌+沙發椅）:HK$293', '温雅園景雙床房（陽台+沙發椅+書桌）:HK$326', '温雅園景大床房（陽台+沙發椅+書桌）:HK$326', '和雅親友三床房（沙發椅）:HK$435', '馨雅親子雙床房（子母床+沙發椅+園景）:HK$533']"
君亭水晶酒店（池州政務中心商之都店）,9.4,"['輕享 | 高級雙床房:HK$263', '輕享 | 高級大床房:HK$277', '君享|麗致雙床房:HK$306', '君享|麗致大床房:HK$320']"
尚嘉酒店（財富廣場店）,9.8,"['智享大床房:HK$293', '智尚大床房:HK$313', '智享雙床房:HK$313']"
飛魚電競智能酒店（池州商之都店）,9.4,"['特惠電競雙床房【4070S+i7-14790F+2K260HZ+鑽石特權+UU加速器+全屋智能】:HK$285', '智能電競大床房【4070S+i7-14790F+2K260HZ+鑽石特權+UU加速器+全屋智能】:HK$303', '智能電競雙床房【4070S+i7-14790F+2K260HZ+鑽石特權+UU加速器+全屋智能】:HK$303', '豪華電競雙床房【4070S+i7-14790F+2K260HZ+鑽石特權+UU加速器+全屋智能】:HK$322']"
JAM-O季末酒店（池州大潤發店）,8.6,"['美式帶投影大床房:HK$243', '日式帶投影大床房:HK$243', '田園風帶投影大床房:HK$243', '奶油風帶投影大床房:HK$243']"
漢庭酒店（池州商之都店）,9.8,"['大床房:HK$231', '雙床房:HK$240', '高級大床房:HK$251', '高級雙床房:HK$271']"
池州毓秀賓館,8.8,"['標準大床房:HK$271', '豪華套房:HK$321', '精品大床房:HK$434', '舒適大床房:HK$434']"
紫晶酒店（池州市政務中心店）,9.0,"['躺平治癒大床房:HK$235', '寧靜雙床房:HK$259', '商務大床房:HK$268', '豪華大床房:HK$284']"
美程酒店（池州高鐵站店）,9.1,"['特惠大床房:HK$184', '美凈大床房:HK$315', '美致大床房:HK$337', '美致雙床房:HK$337']"
池州水悦江南温泉酒店,8.4,"['豪華大床房:HK$197', '豪華雙床房:HK$197', '棋牌套房:HK$254']"
溶月樓民宿（九華山店）,9.2,"['豪華標間+全智能客控+全屋地暖+中央空調+慕斯床墊:HK$416', '豪華大床房【智能客控+中央空調+慕斯床墊】:HK$432', '豪華景觀大床房【智能客控+中央空調+品牌洗漱品】:HK$455', '豪華大套房【浴缸+智能客控+全屋地暖+中央空調】:HK$494', '晴空露台大床套房【浴缸+智能客控+地暖+中央空調】:HK$517']"
開園影視酒店,7.6,"['豪華標準間:HK$288', '情侶大床房:HK$305', '豪華大床房:HK$314', '豪華投影大床房:HK$323']"
池州秀山國際大酒店,8.3,"['豪華單人間:HK$264', '三人間:HK$293']"
麗斯未來酒店（遠東國際廣場店）,9.4,"['南柵灣（舒適影院大床房）:HK$186', '藝林（精選影院雙床房）:HK$195', '積木（LOFT影院大床房）:HK$223', '嶺南（LOFT影院大床房）:HK$233']"
九華詩源民宿,9.5,"['落地窗觀景大床房:HK$413', '精品雙床房:HK$435', '行政套房:HK$566']"
都市花園連鎖酒店（池州第十六中學秀山門博物館店）,8.5,"['美致大床房:HK$162', '美致雙床房:HK$168', '舒適大床房:HK$195', '舒適雙床房:HK$207']"
茶鄉里民宿,9.4,"['峽谷祕境山景避暑雙床房:HK$380', '峽谷山景大床房:HK$380', '峽谷山景套房:HK$588']"
格林豪泰（池州高鐵站店）,9.0,"['大床房:HK$152', '雙床房:HK$182', '商務大床房:HK$182', '高級大床房:HK$192']"
拾院酒店,9.9,"['山野大床房:HK$957', '山麓觀景大床房（漢斯格雅衞浴+金可兒床墊+全屋地暖）:HK$1,060', '星迴·庭院套房（一室一廳）:HK$1,080', '山麓觀景雙床房（漢斯格雅衞浴+金可兒床墊+全屋地暖）:HK$1,082', '木下·庭院套房（兩室一廳）:HK$1,518']"
城市快捷酒店（池州高鐵站店）,9.2,"['零壓大床房:HK$133', '輕享大床房:HK$144']"
格林豪泰（池州市政務中心平天湖風景區店）,9.6,"['高級零壓大床房:HK$196', '高級零壓雙床房:HK$196', '舒眠零壓大床房:HK$196', '豪華零壓大床房:HK$207']"
徽楓堂酒店,8.9,"['舒適雙床房:HK$216', '豪華大床房:HK$293', '豪華雙床房:HK$293', '豪華休閑大床房房:HK$315']"
尚美酒店（池州大潤發店）,9.3,"['高級標間:HK$164', '豪華大床房:HK$172', '豪華標間:HK$190', '家庭房:HK$217']"
