酒店名称,评分,房型价格列表
雅斯特酒店（河池金城江店）,9.4,"['雅緻大床房:HK$251', '雅緻雙床房:HK$262', '豪華大床房:HK$294', '觀景雙床房:HK$316']"
金廣國際大酒店（河池市政府廣場店）,8.9,"['特惠雙床房:HK$205', '特惠大床房:HK$206', '商務雙床房:HK$271', '商務大床房:HK$301', '豪華雙人房:HK$310']"
城市便捷酒店（河池金城江白馬步行街店）,9.4,"['特惠大床房（記憶枕芯+城山景）:HK$142', '標準大床房（記憶枕芯+靜謐舒適）:HK$148', '高級大床房（記憶枕芯+休閑辦公+城山景）:HK$162', '標準雙床房（簡約明亮+遠山景）:HK$162']"
柏曼酒店（河池南橋店）,9.4,"['標準大床房（安靜私密+記憶枕芯+智能馬桶）:HK$237', '標準雙床房（記憶枕芯+智能馬桶）:HK$244', '高級大床房（記憶枕芯+智能馬桶）:HK$259', '高級雙床房（深度好眠+記憶枕芯+智能馬桶）:HK$274']"
麗楓酒店（河池澳門國際城店）,9.6,"['雅緻大床房:HK$261', '豪華大床房:HK$277', '商務大床房:HK$293', '商務雙床房:HK$293']"
河池黔安國際酒店（職教中心店）,9.4,"['舒適高級大床房:HK$247', '雅緻豪華大床房（現代雅緻+享悦城市美景）:HK$273', '雅緻豪華雙床房（現代雅緻+靜密空間）:HK$273', '輕奢觀景大床房（180°全景廣場視野）:HK$291', '清靜禪意減壓大床房（零壓枕頭+零壓床墊）:HK$318']"
那美山水酒店（金城江白馬步行街店）,8.8,"['特惠舒適大床房【酣暢沐浴+護脊記憶床】:HK$187', '悦享舒適大床房【新風系統+酣暢沐浴】:HK$194', '靜雅安逸大床房【清新雅緻+酣暢沐浴+深度睡眠】:HK$202', '舒雅精緻單人房【清新雅緻+酣暢沐浴+深度睡眠】:HK$211']"
河池大酒店（第二高級中學市人民醫院店）,8.9,"['標準大床房:HK$202', '標準雙床房:HK$202', '精選單人房（安睡枕+乾濕分離）:HK$211', '舒適大床房（1樓）:HK$222', '舒適雙床房（1樓）:HK$222']"
金源城公寓酒店（河池職教中心店）,9.6,"['城景雙床房:HK$192', 'LOFT山景大床房:HK$200', 'LOFT城景大床房:HK$204', 'LOFT城景套房:HK$272']"
河池三月花國際大酒店,9.4,"['臻選標準大床房:HK$260', '臻選標準雙床房:HK$260', '臻享舒適雙床房:HK$326', '臻享舒適大床房:HK$337', '臻悦智能雙床房:HK$347']"
雅斯特酒店（宜州河池市政中心廣場店）,9.6,"['雅緻大床房（智能客控＋靜謐舒適＋陽光通透）:HK$171', '高級大床房（智能客控＋空間寬敞＋城市景觀）:HK$202', '高級雙床房（智能客控＋舒適床品＋明亮採光）:HK$202', '豪華大床房（智能客控＋獨立冰箱洗衣機＋智能馬桶）:HK$237']"
宜尚酒店（河池宜州市政中心廣場店）,9.6,"['舒適大床房（簡約北歐Style+悠享辦公）:HK$229', '標準雙床房（採光通透+高速WIFI）:HK$236', '標準大床房（採光通透+高速WIFI）:HK$244', '高級雙床房（睛彩大屏+靜謐空間+高速WIFI）:HK$267']"
凱洋大酒店（河池白馬街店）,8.9,"['valatoms 特惠大床房 （商旅推薦必選酒店）:HK$155', '特惠雙床房（零壓乳膠）:HK$167', 'valatoms 商務大床房（零壓乳膠+自助洗衣）:HK$179', 'valatoms 雅緻雙床房 （零壓乳膠+超大空間）:HK$191']"
城市便捷酒店河池宜州市政廣場店,9.1,"['智能舒適大床房（記憶枕|全屋智能|三層隔音）:HK$192', '智能標準大床房【中央空調|靜謐空間|網紅化粧鏡】:HK$209', '智能商務大床房【全屋智能|65寸電視|休閑沙發】:HK$226', '智能高級大床房【全屋智能|休閑沙發|全景飄窗】:HK$243']"
河池胤仁酒店（金城江五中店）,9.5,"['零壓丨榻榻米床房（智能客控+採光優逸）:HK$208', '零壓丨雅緻大床房（智能客控+採光優逸）:HK$235', '零壓丨奢致雙床房（智能客控+採光優逸）:HK$258', '零壓丨奢致大床房（智能客控+採光優逸）:HK$260']"
河池美宿酒店（廣西現代職業技術學院店）,9.9,"['法式歡悦大床房:HK$179', '法式心悦大床房:HK$198', '法式喜悦大床房:HK$220', '法式和悦雙床房:HK$229']"
城市便捷酒店（河池城東店）,9.3,"['特惠大床房:HK$150', '標準大床房（舒適好眠+城山景）:HK$162', '高級大床房（舒適好眠+休閑辦公+城山景）:HK$170', '標準雙床房（舒適好眠+城山景）:HK$182']"
天龍灣曼悅酒店（宜州區河池學院西門店）,9.4,"['曼享榻榻米大床房（助眠零壓床墊+靜謐空間+乾濕分離）:HK$209', '商務大床房（靜謐舒適+沙發辦公桌+助眠床墊）:HK$212', '豪華大床房（空間寬敞採光好+沙發辦公桌+乾濕分離）:HK$227', '豪華雙床房（空間寬敞採光好+沙發辦公桌+乾濕分離）:HK$234', '親子雙床房（温馨舒適+辦公圓桌+55寸電視）:HK$245']"
雅斯特酒店（宜州迎賓路市政中心廣場店）,9.3,"['影音大床房:HK$177', '高級大床房:HK$181', '高級雙床房:HK$189', '超級大床房:HK$189']"
河池鑫悦酒店（金城江站店）,9.3,"['精緻街景大床房（全屋智能+助眠床墊+雙層隔音）:HK$173', '精緻院景大床房（全屋智能+助眠床墊+陽光通透）:HK$180', '雅緻院景雙床房（全屋智能+助眠床墊+陽光通透）:HK$197', '雅緻商務雙床房（全屋智能+辦公桌椅+助眠床墊）:HK$206']"
金城江歸一民宿酒店（河池市職業教育中心學校店）,9.7,"['雅緻大床房:HK$137', '精緻大床房:HK$147', '舒適雙床房:HK$156', '温馨親子房:HK$165']"
河池順泰大酒店（文化廣場金城江公園店）,8.6,"['温馨雙人房:HK$219', '豪華雙床房《雙層隔音+街景》:HK$227', '温馨三人房《雙層隔音+廣場夜景》:HK$297']"
麗呈睿軒酒店（宜州河池學院店）,9.3,"['國風雅緻大床房（智慧客控+古風紅木傢俱）:HK$198', '國風舒適大床房（智慧客控+古風紅木傢俱）:HK$247', '國風經典大床房（智慧客控+古風紅木傢俱）:HK$290', '國風經典雙床房（智慧客控+古風紅木傢俱）:HK$305']"
雅斯特國際酒店（河池職教中心店）,9.2,"['雅緻大床房:HK$277', '豪華大床房:HK$281', '雅緻雙床房:HK$290', '豪華雙床房:HK$316']"
城市便捷酒店（河池中心廣場店）,8.6,"['標準大床房:HK$148', '商務大床房:HK$169', '商務雙床房:HK$175', '豪華大床房:HK$196']"
柏曼酒店（河池職教中心狀元店）,9.4,"['標準大床房（靜謐好眠+零壓床墊+新風系統凈化空氣）:HK$246', '標準雙床房（靜謐好眠+零壓床墊+新風系統凈化空氣）:HK$254', '高級大床房（俯瞰城市美景+零壓床墊+記憶枕芯）:HK$277', '高級雙床房（靜謐舒適+零壓床墊+記憶枕芯）:HK$285']"
河池麗江大酒店,8.6,"['舒新大床房:HK$175', '舒新雙床房:HK$184', '豪華商務單間:HK$212', '温馨親子房:HK$230']"
城市便捷酒店（河池金城江職教中心店）,9.4,"['特惠大床房:HK$122', '標準大床房:HK$129', '高級大床房:HK$144', '高級雙床房:HK$144']"
傅小姐民宿（河池職業中心學校店）,9.5,"['雅緻大床房:HK$211', '歐式大床房:HK$249', '歐式雙床房:HK$258', '雅緻雙床房:HK$258']"
設計師酒店（河池白馬步行街店）,9.3,"['歡漫-迷你單人房:HK$130', '雅緻▪日系榻榻米房（酒店公區提供自助洗衣房）:HK$165', '悦享▪商務雙人房【酒店公區提供自助洗衣房】:HK$165', '悦致-商務大床房（酒店公區提供自助洗衣房）:HK$165']"
維也納國際酒店（河池銅鼓店）,9.6,"['高級大床房（緩壓床墊）:HK$236', '江景雙床房（龍江河風景）:HK$244', '山景大床房（舒適空間）:HK$261', '江景大床房（龍江河風景）:HK$286']"
河池江畔居民宿,9.2,"['江景雙床房—環境温馨+酒店公區提供自助洗衣機:HK$179', '禪意大床房—環境温馨+酒店公區提供自助洗衣機:HK$210', '江景大床房—環境温馨+酒店公區提供自助洗衣機:HK$210', '江景星空房—環境温馨+酒店公區提供自助洗衣機:HK$225']"
精途酒店（河池宜州市政中心廣場店）,9.6,"['零壓大床房（安靜）:HK$137', '商務大床房（安靜舒適）:HK$160', '商務雙床房（舒適安靜）:HK$168', '高級大床房（安靜適合淺睡眠客人）:HK$172']"
米漾米居酒店（河池宜州汽車總站店）,9.4,"['米居舒適大床房-[街景視野+寬敞明亮+記憶棉枕]:HK$157', '米漾輕奢零壓大床房-[零壓床墊+自然眠愈+迷你冰箱]:HK$173', '百里商務零壓雙床房-[零壓床墊+自然眠愈+迷你冰箱]:HK$173', '百里影院雙床房-[100寸巨幕+海量影片+院線效果]:HK$189']"
瑞斯麗假日酒店（河池職業學院店）,9.3,"['悠靜輕奢大床房:HK$161', '悠靜豪華大床房:HK$161', '雅緻舒適雙床房:HK$167', '幽靜豪華雙床房:HK$179']"
城市便捷酒店（河池宜州汽車總站店）,9.3,"['特惠大床房【街景視野+光線明亮+休閑飄窗】:HK$138', '標準大床房【舒適安逸+温馨雅緻+休閑飄窗】:HK$150', '影院標準大床房【100寸巨幕+海量影片+主題風格】:HK$150', '標準雙床房【街景視野+光線明亮+陽光通透】:HK$158']"
河池嘉途公寓,9.8,['標準雙人房:HK$162']
維也納酒店（宜州三棵樹店）,9.4,"['豪華大床房-寬敞空間-辦公桌椅-乾濕分離:HK$208', '豪華雙床房-寬敞空間-辦公桌椅-乾濕分離:HK$228', '商務雙床房:HK$248', '商務大床房-寬敞空間-辦公桌椅-乾濕分離:HK$267']"
大金小棧公寓（金城江匯金國際店）,9.3,"['29投影大床房:HK$184', '12投影一室大床房:HK$185', '60綠肥紅瘦一室大床房:HK$185', '親子雙床房:HK$221']"
雅斯特酒店（宜州龍溪路汽車站店）,9.4,"['雅緻大床房（智能客控＋靜謐舒適）:HK$251', '高級大床房（智能客控＋貴妃椅＋靜謐舒適）:HK$262', '影音大床房（智能客控＋多彩院線）:HK$284', '高級雙床房（智能客控＋貴妃椅）:HK$294']"
河池桐涵公寓,9.0,"['舒適單間:HK$130', '兩室一廳套房:HK$207']"
金睿酒店,9.7,"['輕享大床房:HK$128', '輕奢雙床房:HK$159', '休閑麻將房:HK$179', '輕奢雙床套房:HK$199']"
尚客優酒店（宜州汽車總站店）,9.4,"['標準大床房［智能客控+智能馬桶+休閑飄窗］:HK$111', '商務大床房［智能客控+智能馬桶+深睡記憶枕］:HK$126', '商務雙床房［智能客控+智能馬桶+休閑飄窗］:HK$128', '優享格調大床房［智能客控+智能馬桶+深睡記憶枕］:HK$137']"
河池同心家居主題酒店,9.1,"['簡約大床房（酒店提供自助洗衣房）:HK$152', '小資休閑大床房（酒店提供自助洗衣房）:HK$183', '日式榻榻米房（酒店提供自助洗衣房）:HK$183']"
河池貝加爾酒店,9.1,"['温馨大床房:HK$146', '特惠大床房:HK$167', '商務大床房:HK$189', '商務雙床房:HK$199']"
維也納酒店（中心廣場迎賓大道店）,9.7,"['標準大床房-新風系統+安心睡眠:HK$178', '高級大床房-舒適安逸:HK$198', '豪華大床房-大圓桌+皮質太妃椅:HK$218', '高級雙床房-樂享生活:HK$218']"
呈季酒店（河池宜州龍江二橋店）,9.5,"['致選大床房丨抗菌零壓枕+55寸可投屏電視+智能馬桶丨:HK$190', '輕奢大床房丨抗菌零壓枕+55寸可投屏電視+智能馬桶丨:HK$214', '輕奢雙床房『 柔軟羽絨枕+55寸可投屏電視+智能馬桶』:HK$236', '榻榻米大床房『智能客控+抗菌零壓枕+智能馬桶』:HK$236']"
城市便捷酒店（河池體育廣場店）,7.6,"['易致特惠大床房:HK$193', '特惠雙床房:HK$204']"
爵斯汀主題酒店（河池市政府店）,9.2,"['主題大床房:HK$195', '舒適主題大床房:HK$227', '豪華主題雙床房:HK$247', '豪華主題大床房:HK$260']"
7天酒店（河池金城江火車站店）,9.3,"['自主雙床房:HK$167', '精選大床房:HK$167', '精選雙床房:HK$182', '特色大床房:HK$209']"
