酒店名称,评分,房型价格列表
花築·拙園民宿（泰山紅門登山口店）,9.6,"['庭院舒適大床房:HK$369', '森景氧吧大床房:HK$369', '星空氧吧大床房:HK$369', '庭院舒適浴缸家庭房:HK$467']"
花築·梅園客棧（紅門泰山步行登山口店）,9.6,"['觀景雙床房（陽台）:HK$393', '觀景大床房（陽台+沙發）:HK$393', '景觀大床房（陽台+榻榻米）:HK$393', '院景大床房（陽台）:HK$393']"
花築·景尚山居民宿（泰山步行登山口紅門區店）,9.7,"['庭院舒適大床房:HK$411', '閣樓星空氧吧房-平台可直視南天門+全屋地暖+私人露台:HK$447', '森景氧吧親子房+榻榻米:HK$469', '森景氧吧套房+榻榻米+智能馬桶+沙發:HK$520']"
泰安岱嶽區高鐵站漫亭酒店,9.8,"['雅緻大床房丨小度智能客控:HK$278', '雅緻雙床房丨小度智能客控:HK$278', '零壓大床房丨小度智能客控:HK$361', '零壓雙床房丨小度智能客控:HK$361', '温馨家庭房丨小度智能客控:HK$490']"
花築·沁園民宿（泰山景區紅門登山口店）,9.9,"['初見大床房【智能客控+中央空調+智能馬桶】:HK$614', '沐雨大床房【智能客控+中央空調+智能馬桶】:HK$614', '望山雙床房【智能客控+智能馬桶】:HK$675', '日昕雙床房【智能客控+智能馬桶】:HK$675']"
花築·今禧民宿（泰山紅門登山口店）,10.0,"['柒祥大床房【地暖+舒適好眠床品+智能馬桶】:HK$394', '肆喜大床房【地暖+舒適沙發+智能馬桶】:HK$406', '壹和大床房【地暖+舒適躺椅+智能馬桶】:HK$443', '叁吉雙床房【地暖+舒適好眠床品+智能馬桶】:HK$576']"
泰山賓館（泰安泰山紅門景區店）,9.5,"['大床房:HK$274', '雙床房:HK$279', '高級雙床房（中央空調+智能小度+夢百合床墊）:HK$309', '商務大床房（中央空調+智能小度+夢百合床墊）:HK$309']"
花築·泰山橡薇民宿（紅門登山口店）,9.7,"['秋分·庭院大床房:HK$327', '冬至·觀景大床房:HK$347', '立春·舒適雙床房:HK$410', '穀雨·温馨家庭房:HK$434']"
鳳頤山莊（泰山風景區桃花峪登山口店）,10.0,"['舒適大床房:HK$303', '鳳儀大床房（特大床+智能馬桶+美國舒達床墊）:HK$325', '御泉雙床房（智能馬桶+美國舒達床墊）:HK$391', '山景雙床房（帶陽台可觀泰山景）:HK$391', '觀景大床房（帶觀景陽台）:HK$391']"
泰安格德智慧酒店（泰安高鐵站店）,9.6,"['智能舒適大床房（智能客控+金可兒床墊）:HK$226', '智能舒適雙床房（智能客控+金可兒床墊）:HK$234', '智能豪華大床房（智能客控+金可兒床墊）:HK$272', '智能豪華雙床房（智能客控+金可兒床墊）:HK$272', '智能山景大床房（智能客控+金可兒床墊）:HK$318']"
漢庭酒店（泰安萬達廣場店）,9.7,"['高級大床房（零壓床墊+智能馬桶）:HK$221', '高級雙床房（零壓床墊+智能馬桶）:HK$221', '商務大床房（零壓床墊+智能馬桶）:HK$240', '家庭房（零壓床墊+智能馬桶）:HK$271']"
花築·素羽簡居民宿（泰山景區紅門登山口店）,9.8,"['山水間愜意大床房+智能客控+休憩皮椅+零壓床墊+安心眠:HK$442', '煙波裏·歡樂親子房+智能客控+舒適沙發+安心好眠床品:HK$467', '燕歸巢睡到自然醒雙床房+智能客控+舒適沙發+好眠床墊:HK$467', '竹林草·安心好眠雙床房+智能客控+舒適沙發+零壓床墊:HK$479']"
花築·山舍桃花源民宿（泰山景區桃花源索道店）,9.4,"['【黃石崖】舒適大床房（副樓中古風）|山泉水浴:HK$700', '【踏春】舒適大床房（主院中式四合院）|山泉水浴:HK$823', '【彩石溪】豪華大床房（副樓中古風）|山泉水浴:HK$824', '【一線天】豪華大床房（副樓中古風）|山泉水浴:HK$824']"
泰安泰山景區麗景美侖酒店,9.5,"['高級雙床房（朝陽+可拼床）:HK$298', '高級大床房:HK$337', '豪華雙床房（小冰箱+ 泰山小掛件）:HK$355', '豪華大床房（靜音+小冰箱）:HK$374', '行政大床房（記憶枕+小冰箱）:HK$413']"
花築·曉初民宿（泰山紅門登山口店）,9.8,"['樹影雙床房（全屋智能）:HK$443', '流螢大床房（全屋智能）:HK$467', '雲棲大床房（智能客控+全景落地）:HK$498', '暮雨大床房（全屋智能）:HK$505']"
泰安弗爾曼·海棠酒店,9.6,"['高級雙床房:HK$278', '特惠雙床房:HK$278', '特惠大床房:HK$278', '高級大床房:HK$295', '高級山景雙床房:HK$331']"
泰安溪悦山居酒店,9.7,"['高級大床房:HK$325', '高級雙床房:HK$325', '豪華大床房:HK$369', '豪華雙床房:HK$369', '家庭房:HK$435']"
悦程麗致酒店（泰安萬達廣場會展中心店）,9.3,"['Liz丨Surprise驚喜大床房（手機投屏+語音智能客控）:HK$214', 'Liz丨高級大床房（全屋語音智能+手機投屏+康夫高速吹風機）:HK$225', 'Liz丨沐光大床房（語音智能客控+康夫高速吹風機+沐浴陽光）:HK$237', 'Liz丨豪華智能大床房（全語音智能+大空間+電視投屏）:HK$260']"
全季酒店（泰安泰山景區店）,9.7,"['高級大床房:HK$384', '商務大床房:HK$433', '雙床房:HK$501', '商務家庭房:HK$561']"
如家精選酒店（泰安北上高大街吾悦廣場店）,9.7,"['商務大床房（温馨舒適）:HK$260', '雙床房（朝陽+智能客控+投屏電視）:HK$277', '高級大床房（朝陽+智能客控+投屏電視）:HK$277', '安心睡0壓大床房（夢百合品牌零壓床墊枕頭+智能客控）:HK$323']"
花築·漢涯山居民宿（泰山紅門登山口店）,9.7,"['怡然大床房:HK$363', '悠然弔籃景觀大床房:HK$388', '摯友雙床房:HK$474', '庭院Loft家庭房:HK$474']"
泰安麓垚山居（泰山紅門登山口店）,9.6,"['垚間初識（經典大床房）:HK$436', '垚間青絮（庭院大床房-超大浴缸）:HK$470', '垚庭心悦（精緻大床房）:HK$505', '垚間青絮（尊享庭院大床房-超大浴缸）:HK$516']"
花築奢·泰山水岸青柳民宿（桃花峪店）,9.6,"['西江月·浴缸大床房（湖景陽台）:HK$734', '桃花源·陽台大床房（湖景陽光）:HK$858', '山漸青·舒適家庭房:HK$858', '桃花源·影音大床房（湖景陽台）:HK$983', '山漸青·温馨親子房（山景陽光）:HK$983']"
春天裡度假酒店（泰安九女峯店）,9.5,"['山間精緻雙床房:HK$392', '山間精緻大床房:HK$400', '山間雅緻雙床房:HK$413', '山間雅緻大床房:HK$436', '山間雅緻套房（一室一廳2衞+觀景陽台+浴缸）:HK$579']"
泰安泰山岱廟希岸Deluxe酒店,9.5,"['Deluxe純凈大床房（空氣凈化器+便攜式燒水壺+除蟎儀）:HK$312', 'Deluxe山景大床房（零壓床墊+智能客控+山景+中央空調）:HK$332', 'Deluxe山景雙床房（零壓床墊+智能客控+山景+中央空調）:HK$354', 'Deluxe高級大床房（零壓床墊+可投屏電視+智能客控+中央空調）:HK$400']"
泰安墨玉瓷悦藝術酒店（泰山桃花峪登山口店）,9.7,"['特惠大床房:HK$271', '特惠標準間:HK$271', '豪華山景大床房:HK$394', '豪華湖景大床房（含露台+全屋智能客控+電視投屏+負氧離子發生器 ）:HK$438']"
泰安溪苑山居麗呈酒店,9.5,"['山居星空房:HK$361', '山居高級雙床房:HK$380', '山居高級大床房:HK$380', '山居豪華雙床房:HK$416', '山居豪華大床房:HK$416']"
花築·泰山陌雲民宿,9.2,"['陌雲·大床房:HK$245', '陌雲·榻榻米房:HK$307', '陌雲·景觀大床房:HK$342', '陌雲·庭院大床房:HK$342']"
泰安富力萬達嘉華酒店,9.5,"['豪華雙床房（浴缸+熱帶雨林花灑+Acca Kappa洗護品）:HK$517', '豪華大床房（浴缸+熱帶雨林花灑+Acca Kappa洗護品）:HK$517', '豪華山景大床房（直麪泰山+浴缸+ Acca Kappa洗護品）:HK$594', '家庭雙床房（加寬雙床+浴缸+Acca Kappa洗護品）:HK$642', '豪華影音大床房（直麪泰山+浴缸+100寸超大投屏幕布）:HK$697', '豪華影音雙床房（浴缸+熱帶雨林花灑+100寸投屏幕布）:HK$697']"
花築·拙園山居客棧（泰山紅門登山口店）,9.3,"['庭院·舒適雙床房:HK$369', '青山·觀景大床房:HK$369', '5號院·舒心雙床房:HK$381', '5號院·品質大床房:HK$381']"
泰安泰山景區盤古天地亞朵酒店,9.8,"['高級大床房:HK$421', '高級雙床房:HK$448', '行政大床房:HK$448', '行政雙床房:HK$475', '幾木大床房:HK$475']"
泰安雲棲山麓民宿（泰山景區天外村店）,9.6,"['聽風·輕享零壓超級大床房:HK$343', '雲舒·輕享零壓超級大床房:HK$343', '初心·精選大床房（窗外即山+智控客控+電動窗簾）:HK$375', '覓知·觀岳大床房（窗外即山+智控設備+密碼鎖）:HK$375']"
和頤酒店（泰安泰山紅門岱廟店）,9.3,"['大床房（智能馬桶+夢百合零壓床墊）:HK$292', '高級雙床房（智能馬桶+夢百合零壓床墊）:HK$307', '商務大床房（智能馬桶+夢百合零壓床墊）:HK$307', '景觀大床房（智能馬桶+夢百合零壓床墊）:HK$381', '家庭房（智能馬桶+夢百合零壓床墊）:HK$396']"
泰安泰岳温德姆酒店,9.5,"['豪華大床房:HK$431', '豪華雙床房:HK$456', '豪華園景大床房:HK$475', '豪華園景雙床房:HK$502', '豪華山景大床房:HK$502', '豪華山景雙床房:HK$531']"
泰安麗亭酒店,9.6,"['雅痞活力大床房:HK$297', '雅痞活力雙床房:HK$315', '雅痞都市大床房:HK$357', '海底小縱隊親子雙床房:HK$446', 'B.Duck小黃鴨親子雙床房:HK$446']"
泰安天外村東嶽大街亞朵X酒店,9.3,"['雅緻大床房:HK$262', '雅緻雙床房:HK$262', '高級大床房:HK$294', '高級雙床房:HK$294', '行政大床房:HK$294']"
泰安御座酒店（岱廟店）,9.6,"['舒適雙床房:HK$359', '舒適單人間:HK$359', '豪華雙床房:HK$359', '豪華大床房:HK$415', '豪華套房:HK$743']"
和頤酒店（泰安萬達廣場國際會展中心店）,9.6,"['大床房A（內窗+小冰箱+電視投屏）:HK$187', '雙床房A（內窗+小冰箱+電視投屏）:HK$196', '商務大床房（小冰箱+電視投屏）:HK$205', '高級大床房（小冰箱+電視投屏）:HK$213']"
泰安故鄉的雲民宿,9.5,"['山景雙床房:HK$1,075', '經典大床房:HK$1,232', '舒適大床房:HK$1,396', '甄選大床房:HK$1,514', '山景套房:HK$1,834']"
沐雅美宿酒店（泰安泰山萬達廣場會展中心店）,9.1,"['無聲獨白丨眺望大床房:HK$239', '莫蘭迪丨城景大床房（特惠房+55寸超大電視手機投屏）:HK$250', '沐雨清風智慧房（智能房+藍牙音響+零壓床墊）:HK$272', '滾來滾去特大床房（超大零壓床墊）:HK$272']"
泰安舜耕天澤酒店（泰安高鐵站）,9.4,"['舒適城景大床房:HK$297', '舒適山景雙床房:HK$297', '高級河景雙床房:HK$328', '高級河景大床房:HK$328', '豪華河景雙床房:HK$389']"
泰安泰山國際會展中心亞朵酒店,9.8,"['高級大床房:HK$385', '高級雙床房:HK$385', '行政大床房:HK$421', '行政雙床房:HK$421', '幾木大床房:HK$466']"
泰山大酒店,9.6,"['泰山景觀雙床房:HK$412', '岱廟觀景雙床房:HK$434', '零壓觀景雙床房:HK$434', '泰山景觀大床房:HK$456', '零壓觀景大床房:HK$456']"
泰安泰山萬達廣場美居酒店,9.6,"['標準房雙床（席夢思床墊+小米乳膠枕+小冰箱）:HK$381', '大床房（席夢思床墊+小米乳膠枕+小冰箱）:HK$381', '豪華房大床（席夢思床墊+小米乳膠枕+小冰箱）:HK$431', '高級房雙床（席夢思床墊+小米乳膠枕+小冰箱）:HK$431', '泰山觀景房雙床（席夢思床墊+小米乳膠枕+小冰箱）:HK$482']"
白玉蘭酒店（泰安泰山站店）,9.7,"['零壓輕雅雙床房:HK$239', '零壓舒雅雙床房:HK$254', '零壓輕雅大床房:HK$257', '零壓舒雅大床房:HK$273']"
花築·泰安安遇美宿民宿酒店,9.5,"['園景大床房:HK$297', '園景雙床房:HK$297', '美居大床房:HK$314', '美居雙床房:HK$323']"
若寓國際大酒店（泰安高鐵站店）,9.5,"['雅緻智能大床房（舒達床墊+智能馬桶+羽絨床品）:HK$284', '雅緻智能雙床房（舒達床墊+智能馬桶+羽絨床品）:HK$294', '豪華智能大床房（特大床+智能客控+獨立浴缸）:HK$324', '豪華智能雙床房（智能客控+獨立浴缸）:HK$339', '特色智能大床房:HK$426']"
泰安泰山麗芮酒店,9.6,"['芮享舒適房-雙床（智能客控+戴森吹風機+舒達床墊）:HK$422', '芮享舒適房-大床（智能客控+戴森吹風機+舒達床墊）:HK$422', '芮享高級房-雙床（智能客控+戴森吹風機+舒達床墊）:HK$443', '芮享高級房-大床（智能客控+戴森吹風機+舒達床墊）:HK$443', '芮享豪華房-大床（智能客控+戴森吹風機+舒達床墊）:HK$466']"
泰安中心希爾頓歡朋酒店,9.7,"['舒適大床房:HK$467', '舒適雙床房:HK$467', '高級大床房:HK$490', '高級雙床房:HK$490', '豪華雙人房:HK$514']"
銀座和美酒店（泰安泰山店）,9.6,"['悦居大床房（智能客控）:HK$192', '悦居雙床房:HK$201', '和悦大床房（智能客控）:HK$219', '美居雙床房（智能客控）:HK$219']"
