酒店名称,评分,房型价格列表
洛陽麗印和光酒店（麗景門十字街店）,9.5,"['空山遠·大床房（全屋智能+零壓床墊記憶枕+小冰箱）:HK$361', '雲來去·大床房（全屋智能+零壓床墊記憶枕+小冰箱+含浴缸）:HK$393', '晚風來·雙床房（全屋智能+零壓床墊記憶枕+小冰箱）:HK$393', '靜影沉壁·豪華大床房（全屋智能+零壓床墊記憶枕+小冰箱+含浴缸）:HK$470']"
洛陽雲華裏非遺藝術民宿（洛邑古城十字街店）,9.6,"['瀍壑朱櫻·大床房:HK$458', '滿庭芳·雙床房:HK$491', '午橋碧草·中式大床房:HK$535', '西苑池塘·大床房:HK$568', '如夢令·loft大床房:HK$601']"
洛陽城禮酒店（洛邑古城麗景門店）,9.4,"['雅緻大床房【智能小度+零圧床墊+乾濕分離+中央空調】:HK$346', '智選大床房【智能小度+零圧床墊+乾濕分離+中央空調】:HK$376', '智選家庭房【乾濕分離+中央空調】:HK$376', '智選雙床房【智能小度+零圧床墊+乾濕分離+中央空調】:HK$376', '庭院大床房【智能小度+零圧床墊+乾濕分離+中央空調】:HK$376']"
桔子酒店（洛陽萬達廣場店）,9.5,"['月若流金大床房（智能客控+小冰箱+金可兒床墊）:HK$352', '加州陽光豪華大床房（智能客控+小冰箱+金可兒床墊）:HK$361', '月若流金豪華大床房（智能客控+小冰箱+金可兒床墊）:HK$371', '禪音雙床房（智能客控+小冰箱+頂噴花灑）:HK$371', '極簡時光大床房（智能客控+小冰箱+金可兒床墊）:HK$391']"
麗呈別院·東山龍悅（龍門站龍門石窟店）,9.5,"['晨曦·雙床房（膠囊coffee機+精緻茶具）:HK$542', '望山·大床房（膠囊coffee機+精緻茶具）:HK$542', '浮光·套房（浴缸+膠囊coffee機+精緻茶具）:HK$673', '山嵐·套房（膠囊coffee機+精緻茶具）:HK$700', '龍門逸趣·家庭房:HK$752']"
霽園歡沁酒店（洛邑古城麗景門十字街店）,9.5,"['歡沁·雅悦大床房（智能客控+夢百合零壓床墊+夢百合零壓枕+輕智能馬桶）:HK$281', '歡沁·吾悦大床房（智能客控+夢百合零壓床墊+夢百合零壓枕+輕智能馬桶）:HK$298', '歡沁·陽台大床房（智能客控+夢百合零壓床墊+夢百合零壓枕+輕智能馬桶）:HK$321', '歡沁·雅悦雙床房（智能客控+夢百合零壓床墊+夢百合零壓枕+輕智能馬桶）:HK$328']"
洛陽雲怡酒店（洛邑古城十字街店）,9.2,"['心悦大床房【乾濕分離I支持手機投屏】:HK$258', '心悦雙床房【乾濕分離I支持手機投屏】:HK$278', '旗開得勝心怡大床房【I智能客控I超清投影電視】:HK$291', '前程似錦心怡雙床房【智能客控II超清投影電視】:HK$322', '心享雙床房【輕奢睡眠I零壓床墊I星級床品】:HK$414']"
洛陽餘舍酒店（龍門高鐵站體育中心店）,9.8,"['心·餘舍大床房｜零壓護脊床墊+空氣凈化器+環保傢俱+全屋地暖:HK$437', '心家大床房｜零壓護脊床墊+中央空調+環保傢俱:HK$445', '留餘大床房｜零壓床墊+中央空調+幹泡茶台+0醛環保:HK$507', '留餘雙床房｜零壓護脊床墊+中央空調+城市綠野景觀:HK$578', '捨得大床房（豪華）｜浴缸+黑膠唱片機+城市綠野景觀:HK$676']"
星程酒店（洛陽龍門大道店）,9.7,"['高級大床房（小冰箱+智能馬桶+金可兒床墊）:HK$225', '舒壓-高級大床房（小冰箱+智能馬桶+金可兒床墊）:HK$234', '雙床房（小冰箱+智能馬桶+金可兒床墊）:HK$234', '商務大床房（小冰箱+智能馬桶+金可兒床墊）:HK$244']"
洛陽古都麗印酒店（十字街洛邑古城店）,9.4,"['優享零壓大床房【全屋智能+零壓床墊+乾濕分離】:HK$240', '悦享零壓雙床房【全屋智能+零壓床墊+乾濕分離】:HK$317', '悦享零壓大床房【全屋智能+零壓床墊+乾濕分離】:HK$317', '尊享套房【全屋智能+零壓床墊+乾濕分離】:HK$437', '温馨親子房【全屋智能+零壓床墊+乾濕分離】:HK$480']"
Begonia·晚亭裏酒店（洛邑古城隋唐洛陽城應天門遺址店）,9.6,"['Begonia·輕居晚亭大床房【全屋智能丨乾濕分離】:HK$191', 'Begonia·秋海棠大床房【全屋智能丨乾濕分離】:HK$225', 'Begonia·林野景觀大床房【全屋智能丨乾濕分離】:HK$292', 'Begonia·沐光浴缸大床房【全屋智能丨乾濕分離】:HK$292']"
漫山·璞舍（洛邑古城麗景門店）,9.6,"['雲舒·璞月大床房（零壓床墊I中央空調I智能馬桶）:HK$159', '峯隱·清舍大床房（零壓床墊I中央空調I智能馬桶）:HK$174', '林岸·庭院大床房（獨立花園I零壓床墊I中央空調I智能馬桶）:HK$196', '舍一·時尚大床房（全屋智能·迷你冰箱·超大空間）:HK$196']"
洛陽華茂春松酒店,9.5,"['高級天相·雙床房:HK$673', '高級天樑·大床:HK$673', '豪華始影·親子房:HK$866', '青山外・景觀雙床房:HK$866', '青山外・景觀大床房:HK$866', '青山外・花園大床房:HK$866']"
洛陽牡丹城賓館（牡丹廣場地鐵站店）,9.3,"['商旅大床房:HK$206', '商旅雙床房:HK$214', '零壓舒適大床房:HK$261', '零壓舒適雙床房:HK$261', '雅緻雙床房:HK$284']"
棲遲水岸民宿（洛陽洛邑古城十字街店）,9.7,"['水色·歸心·水景大床房（智能客控+乾濕三分離+冰箱）:HK$284', '遠山·河景大床房（智能+茶台冰箱+浴缸乾濕四分離）:HK$353', '青樸·榻榻米（智能+深睡床墊+浴缸乾濕四分離+冰箱）:HK$353', '三秋·河景大床房（智能+浴缸乾濕四分離+小冰箱）:HK$353']"
洛陽鳳翔溫泉酒店,9.3,"['温泉私湯入户•雙床房:HK$440', '情侶湯屋入户•大床房:HK$440', '温泉私湯入户•大床房:HK$440', '特價雙人房（無泡池）:HK$440', '明月私密小院湯屋•雙床房:HK$510']"
花築·洛陽今古小築民宿（洛邑古城麗景門地鐵站店）,9.5,"['邙山晚眺景觀大床房+智能客控:HK$167', '龍門山色景觀圓床房+智能客控+觀麗景門景:HK$167', '金谷春晴景觀大床房+智能客控+觀麗景門景:HK$202', '洛浦秋風景觀浴缸房+智能客控:HK$202']"
九間房酒店（洛陽應天門明堂景區店）,9.7,"['星河大床房:HK$640', '星河雙床房:HK$640', '九間園景大床房:HK$747', '九間園景大套房:HK$862', '明堂景觀雙床房:HK$862']"
洛陽萌宮都城文化主題酒店（高鐵龍門站店）,9.7,"['天建主題豪華特大床房（智能客控+零壓床墊+乾濕分離）:HK$348', '都城主題豪華雙床房（智能客控+零壓床墊+乾濕分離）:HK$370', '漢魏主題觀景特大床房（窗外水系景+茶台+智能客控）:HK$447', '隋唐主題觀景特大床房（窗外水系景+浴缸+智能客控）:HK$479', '都城主題loft家庭套房B（智能客控+護脊床墊+加濕器）:HK$619']"
洛陽國際大酒店,9.6,"['商務雙床房（智能客控+無線充電）:HK$640', '商務大床房（智能客控+無線充電）:HK$640', '至尊大床房（智能客控+浴缸+膠囊coffee機+空氣凈化）:HK$853', '商務家庭房（智能客控+浴缸+膠囊coffee機）:HK$893', '行政雙床房（智能客控+空氣凈化+戴森高速吹風機）:HK$913', '行政大床房（智能客控+空氣凈化+戴森高速吹風機）:HK$913']"
花築·遊子歸舍（河洛古城楊灣地鐵站店）,9.9,"['錦覓·大床房（四合院庭院景＋中式設計）:HK$343', '浮生·雙床房（四合院庭院景＋中式設計）:HK$368', '流年·大床房（四合院庭院景＋中式設計）:HK$420', '逸歸·雙床房（四合院＋中式設計+庭院景）:HK$470']"
洛陽一見客棧（應天門洛邑古城店）,9.4,"['玲瓏雅筑·漢服大床:HK$213', '明堂夜話·庭院大床:HK$230', '舒居雅韻·雙床客房:HK$230', '明堂映窗·雅筑大床:HK$246']"
成周古裏民宿（洛邑古城十字街麗景門店）,9.7,"['古裏·精緻大床房（零壓護脊床墊+迷你冰箱+智能馬桶）:HK$311', '古裏·優享大床房（零壓護脊床墊+智能馬桶+星級床品）:HK$322', '別院·尊享大床房（零壓護脊床墊+迷你冰箱+智能馬桶）:HK$333', '別院·舒適雙床房（零壓護脊床墊+迷你冰箱+智能馬桶）:HK$376', '古裏·優享雙床房（零壓護脊床墊+智能馬桶+五星床品）:HK$387']"
你好酒店（洛陽龍門大道店）,9.7,"['高級大床房（金可兒床墊+電視投屏）:HK$218', '商務大床房（小冰箱+金可兒床墊+電視投屏）:HK$236', '高級雙床房（記憶深睡枕+金可兒床墊+電視投屏）:HK$265', '家庭房（智能加熱馬桶+金可兒床墊+電視投屏）:HK$284']"
花築·東陌上民宿（洛邑古城麗景門十字街店）,9.8,"['壹和·大床房（獨立庭院+巨幕投影+乳膠床墊+乾濕衞浴+中央空調）:HK$286', '叁吉·大床房（獨立庭院+巨幕投影+乳膠床墊+乾濕衞浴+中央空調）:HK$315', '伍福·大床房（獨立庭院+巨幕投影+乳膠床墊+乾濕衞浴+中央空調）:HK$315', '貳貴·雙床房（獨立庭院+巨幕投影+乳膠床墊+乾濕衞浴+中央空調）:HK$362']"
仟那美宿酒店（洛陽應天門遺址麗景門地鐵站店）,9.3,"['仕居大床房（智能客控+零圧床墊+小冰箱+智能馬桶）:HK$568', '仕居雙床房（智能客控+零圧床墊+小冰箱+智能馬桶）:HK$634', '竹溪大床房（智能客控+零圧床墊+小冰箱+智能馬桶）:HK$634', '竹溪雙床房（智能客控+零圧床墊+小冰箱+智能馬桶）:HK$721']"
雲鼎設計師酒店（十字街應天門遺址店）,9.5,"['星空大床房（星空窗頂+巨幕影院+全屋智能+新風系統）:HK$425', '休閑大床房（獨立休閑區+全屋智能+新風系統）:HK$478', '輕奢大床房（零壓床墊+全屋智能+新風系統）:HK$518', '觀景大床房（龍鼎城景+全屋智能+新風系統）:HK$584']"
全季酒店（洛陽洛邑古城麗景門店）,9.6,"['大床房:HK$412', '高級大床房:HK$431', '商務雙床房:HK$477', '家庭房:HK$496']"
洛陽汀選酒店（洛陽龍門高鐵站店）,9.8,"['商務大床房【遠大新風靜音空調-夢百合零壓床墊-智能客控】:HK$291', '高級大床房【遠大新風靜音空調-夢百合零壓床墊-智能客控】:HK$437', '高級雙床房【遠大新風靜音空調-夢百合零壓床墊-智能客控】:HK$437', '無障礙高級大床房【遠大新風靜音空調-夢百合零壓床墊-智能客控】:HK$437']"
東都十三房民宿（麗景門十字街洛邑古城地鐵站店）,9.6,"['洛邑大床房（全身鏡+一次性浴巾+舒享沐浴）:HK$288', '特大床房（舒享沐浴+一次性浴巾+智能馬桶+全身鏡）:HK$319', '私享花園特大床房（按摩床+舒享沐浴+一次性浴巾+全身鏡）:HK$334', '高級大床房（觀景茶台一次性浴巾+舒享沐浴+智能馬桶）:HK$350']"
花築·竹隱漫居民宿（洛邑古城麗景門十字街店）,9.7,"['山茶.院景大床房（全屋智能+零壓床墊枕頭+中央空調）:HK$417', '花間.院景大床房（零壓床墊+全屋智能+中央空調）:HK$455', '白微.院景雙床房（全屋智能+零壓床墊枕頭+中央空調）:HK$528', '和樂·若水零壓雙床房（乳膠床墊+全屋智能+乾濕三分離+中央空調）:HK$576']"
Asics·叁房柒舍丨設計師屋頂花園·且晚且安民宿（洛邑古城店）,9.8,"['廣利舒適零壓大床房（乳膠床墊+智能馬桶+乾濕分離）:HK$317', '廣達院景雙床房（舒壓護脊乳膠床墊+護頸記憶枕+輕智能馬桶+乾濕3分離）:HK$349', '承福舒適零壓大床房（舒壓護脊乳膠床墊 +護頸乳膠枕 +輕智能馬桶 +乾濕3分離）:HK$360', '承義雅緻零壓雙床房（舒壓護脊乳膠床墊 +護頸乳膠枕 +輕智能馬桶 +乾濕3分離）:HK$371']"
桔子酒店（洛陽洛邑古城店）,9.6,"['高級大床房（小冰箱+小桔功夫茶具）:HK$355', '雙床房（小冰箱+小桔功夫茶具）:HK$365', '豪華大床房（小冰箱+小桔功夫茶具）:HK$375', '豪華雙床房（小冰箱+小桔功夫茶具）:HK$394', '豪華家庭房（小冰箱+小桔功夫茶具）:HK$525']"
七尋酒店（隋唐洛陽城應天門店）,9.7,"['星黎·日常大床房丨智能客控:HK$293', '桃夭·雅緻大床房丨會員觀影:HK$327', '青棠·舒適小套房丨獨立客廳:HK$344', '木堇·高級大床房丨愜意空間:HK$344']"
麗呈文覽酒店（洛陽洛邑古城麗景門十字街店）,9.5,"['文人·智能大床房「靜謐觀景+0壓床品＋亞朵泡泡棉被芯」:HK$228', '特惠雙床房[智能客控+零壓床墊枕芯+亞朵泡泡棉被芯]:HK$228', '雅士·豪華大床房「舒適靜謐+智能客控+零壓床墊枕芯」:HK$283', '文人·靜謐·雙床房「零壓床墊＋0壓枕芯＋智能客控」:HK$294', '雅士·豪華雙床房「舒適寧靜+智能客控+零壓床墊枕芯」:HK$327']"
洛陽中州國際飯店（應天門明堂景區店）,9.0,"['雅緻商務標準間:HK$323', '雅緻商務大床房:HK$323', '尊享商務標準間:HK$367', '尊享商務大床房:HK$367']"
全季酒店（洛陽龍門站前廣場店）,9.7,"['大床房（智能客控+小冰箱+喜臨門床墊）:HK$265', '高級大床房（智能客控+小冰箱+喜臨門床墊）:HK$284', '商務大床房（智能客控+小冰箱+喜臨門床墊）:HK$293', '高級雙床房（智能客控+小冰箱+喜臨門床墊）:HK$312']"
仟那千尋酒店（洛陽洛邑古城麗景門十字街店）,9.4,"['仕居大床房【庭院觀景+乾濕分離】:HK$403', '仕居雙床房【開放景觀+幽靜清心】:HK$436', '竹溪大床房【智能客控+庭院觀景】:HK$457', '竹溪影音大床房【智能客控+私人空間+舒適浴缸】:HK$469']"
花築奢·香山別院私湯度假酒店（龍門高鐵站龍門石窟店）,9.7,"['竹隱居-臻選大床房（冰箱+智能客控+零壓床品+高奢洗護）:HK$738', '聽風居-臻選雙床房（冰箱+智能客控+零壓床品+高奢洗護）:HK$775', '東籬居-臻品大床房（冰箱+智能客控+零壓床品+高奢洗護）:HK$812', '聽松居-臻品大床房（靜音冰箱+智能客控+高奢洗護）:HK$862', '長樂居-舒適雙床房（冰箱+智能客控+零壓床品+高奢洗護）:HK$899', '風月居-浴缸大床房（靜音冰箱+智能客控+高奢洗護）:HK$936']"
九曲觀堂民宿（洛陽洛邑古城店）,9.6,"['庭院大床房:HK$709', '觀景雙床房:HK$709', '觀景影音房:HK$709', '温馨大床房:HK$709']"
藝龍安悦酒店（洛陽洛邑古城麗景門十字街店）,9.3,"['温馨大床房+全屋智能+夢百合零壓床墊:HK$259', '標準雙床間+夢百合零壓床墊+全屋智能+冰箱:HK$284', '高級大床房+夢百合零壓床墊+全屋智能:HK$311', '高級雙床間+夢百合零壓床墊+全屋智能+冰箱:HK$336']"
漫山·裏物民宿（洛邑古城麗景門十字街店）,9.7,"['裏物-舒適大床房:HK$184', '裏物西晉-雅緻大床房:HK$191', '裏物東漢-舒適雙床房:HK$198', '裏物曹魏-舒適雙床房:HK$212']"
古都御景酒店（隋唐應天門店）,9.5,"['輕奢大床房【智能馬桶|超清投屏電視】:HK$229', '輕奢雙床房【智能馬桶|超清投屏電視】:HK$229', '柏林影音大床房【全屋智能客控+影院級巨幕影視】:HK$260', '古都御景大床房【全屋智能+零壓床墊+古都夜景】:HK$345', '古都御景雙床房【全屋智能+零壓床墊+星級床品】:HK$345']"
洛陽亞丁酒店,9.6,"['特價雙床房:HK$656', '特惠大床房:HK$656', '園景行政大床房:HK$798', '園景泡池大床房:HK$798', '家庭親子房:HK$835', '園景豪華雙床房:HK$893']"
洛陽古都漫步酒店（應天門洛邑古城店）,9.4,"['凈素侘寂榻榻米房:HK$273', '至樸和風大床房:HK$301', '至樸典雅雙床房:HK$327', '漫步影院大床房:HK$368', '古都行政套房:HK$502']"
桔子酒店（洛陽洛邑古城應天門店）,9.6,"['大床房:HK$416', '高級大床房:HK$445', '雙床房:HK$473', '觀景高級大床房【動人夜景+拍照出片】:HK$473', '觀景雙床房【動人夜景+拍照出片】:HK$473']"
洛陽伊水大酒店,9.6,"['高級雙床房:HK$690', '高級大床房:HK$690', '豪華雙床房:HK$769', '豪華大床房:HK$769', '家庭房:HK$769', '海底小縱隊親子房:HK$769']"
朱櫻望河花園酒店（十字街店）,9.4,"['朱櫻特惠大床房:HK$188', '朱櫻影音大床房（巨幕投影）:HK$218', '朱櫻笙庭雙床房:HK$232', '朱櫻樂享家庭房:HK$254']"
洛陽香山樂居酒店（洛邑古城天堂明堂店）,9.5,"['樂居·温馨大床房:HK$207', '樂居·風情大床房:HK$210', '樂居·影音雙床房:HK$218', '樂居·風情雙床房:HK$220']"
仟那千尋酒店（洛陽明堂景區應天門店）,9.6,"['仕居智能大床房（智能客控+中式韻味+乳膠床墊）:HK$304', '仕居智能雙床房（智能客控+中式韻味+乳膠床墊）:HK$348', '竹溪智能大床房（智能客控+乾濕分離+智能馬桶）:HK$349', '竹溪智能雙床房（智能客控+乾濕分離+智能馬桶）:HK$394', '隱士智能家庭大床房（特大床）（智能客控+超大空間+中式韻味）:HK$427']"
