酒店名称,评分,房型价格列表
淮南火車站商貿文化廣場亞朵酒店,9.7,"['雅緻大床房（可投屏）:HK$304', '高級大床房（可投屏）:HK$331', '高級雙床房（可投屏）:HK$340', '行政大床房（可投屏+小冰箱）:HK$367', '行政雙床房（可投屏+小冰箱）:HK$376']"
環宇皇宮酒店,9.6,"['惠享大床房:HK$269', '豪華大床房:HK$301', '高級大床房:HK$377', '高級雙床房:HK$377', '行政大床房:HK$409']"
淮南A·PAN藝術酒店（安徽理工大學店）,9.4,"['輕奢商務大床房（乳膠床墊枕頭+蕎麥枕+80床品）:HK$211', '輕奢景觀大床房（65寸液晶+乳膠床墊枕頭+蕎麥枕）:HK$217', '輕奢景觀標間（65寸液晶+乳膠床墊枕頭+蕎麥枕）:HK$217', '輕奢影音房（120寸巨幕投影+乳膠床墊枕頭+蕎麥枕）:HK$217']"
楓朵酒店（淮南火車站店）,9.5,"['雅緻大床房:HK$171', '精選大床房:HK$182', '高級雙床房:HK$193', '高級大床房:HK$198']"
環宇花園酒店（謝家集店）,9.4,"['惠享大床房:HK$195', '花園大床房:HK$239', '高級大床房:HK$261', '行政雙床房:HK$283']"
泉鑫聯盟酒店（淮南泉山路店）,9.4,"['輕風大床房（無窗）:HK$201', '風尚大床房:HK$275', '風尚雙床房:HK$286', '尚品觀影大床房:HK$297']"
淮南鳳台國際飯店,8.9,"['特價優享大床房:HK$185', '凈馨舒適雙床房:HK$206', '雅緻清新大床房:HK$261', '優享花園雙床房:HK$272', '商務大床房:HK$272']"
海貝聯盟酒店（淮南體育館臻選店）,9.5,"['智選標準間:HK$255', '智選大床房:HK$267', '智選影視標準間:HK$277', '智選影視大床房:HK$289', '臻選標準間:HK$312']"
速8精選酒店（淮南春林廣場店）,9.5,"['特惠大床房:HK$175', '商務標準間:HK$182', '商務大床房:HK$189', '豪華大床房:HK$202']"
飛宇S電競酒店（花園店）,8.9,"['惠享單人房【RTX5070+華碩TUF2K260+i7-14790+PS5】:HK$279', '豪華單人房【4080+卓威2746K+PS5+搖臂支架+i7-14790+萬兆到桌面】:HK$326', '豪華大床房【4080+卓威2746K+PS5+搖臂支架+i7-14790+萬兆到桌面】:HK$372', '高級雙人標間【技嘉大雕OLED2K360HZ+RTX4080+I7-14790】:HK$384']"
君瀾·淮南迎賓館,9.5,"['高級園景大床房:HK$414', '商務園景雙床房:HK$457', '商務園景大床房:HK$478', '小黃鴨親子主題房:HK$555', '海底小縱隊親子主題房:HK$555', '山墅豪華雙床房:HK$718']"
藝龍瑞雲酒店（淮南一中吾悦廣場店）,9.3,"['日式榻榻米-慕斯床墊:HK$218', '城市遠景大床房（慕斯床墊）:HK$235', '城市遠景雙床房（慕斯床墊）:HK$244', '舜耕山景落地窗大床房（慕斯床墊）:HK$256']"
飛宇S電競酒店（謝家集店）,9.5,"['惠享單人間【i7-13790+4070S+萬兆到桌面+GPW2+PS5】:HK$295', '電競雙人間【i7-13790+4070S+卓威+萬兆到桌面+PS5】:HK$357', '電競大床房（i7-13790+4070S+卓威+萬兆到桌面GPW2+PS5:HK$357', '高級電競大床房【i7-13790+5070+GPW2+萬兆到桌面+PS5:HK$372']"
伯爵世家酒店（淮南二中店）,9.3,"['標準大床房（零壓床墊+三區分離+智能衞浴）:HK$220', '高級雙床房（零壓床墊+三區分離+智能衞浴）:HK$234', '高級智能大床房（智能客控+零壓床墊+三區分離）:HK$255', '高級智能雙床房（智能客控+零壓床墊+三區分離）:HK$255']"
漢庭酒店（淮南謝家集店）,9.5,"['高級大床房:HK$196', '高級雙床房:HK$215', '套房:HK$271']"
海貝聯盟酒店（安徽理工大學雙創服務中心店）,9.6,"['海貝豪華大床房:HK$263', '海貝豪華標間:HK$263', '海貝商務標間:HK$320', '海貝商務單間:HK$320', '海貝親子套房:HK$342']"
漢庭酒店（淮南商貿文化廣場店）,9.6,"['高級大床房:HK$224', '高級雙床房:HK$243', '商務大床房:HK$243', '家庭房:HK$261']"
淮南維斯頓美程酒店,9.5,"['舒適大床房（無窗）:HK$240', '舒適雙床房（無窗）:HK$240', '商務大床房:HK$250', '行政大床房:HK$305', '商務棋牌房:HK$326']"
維也納國際酒店（淮南經開區國慶東路店）,9.5,"['高級大床房（舒適優享+寬敞明亮）:HK$224', '高級雙床房（舒適優享+寬敞明亮）:HK$225', '豪華大床房（商務辦公+超大飄窗）:HK$255', '豪華雙床房（商務辦公+超大飄窗）:HK$262']"
淮南維斯頓酒店,9.4,"['温馨大床房（無窗）:HK$187', '商務大床房:HK$199', '城市景觀大床房:HK$211', '城市景觀雙人間:HK$234']"
全季酒店（淮南師範學院泉山店）,9.5,"['大床房:HK$280', '雙床房:HK$298', '高級大床房:HK$308', '高級雙床房:HK$308']"
儷楓酒店（淮南火車站一中店）,9.5,"['雅緻大床房-天貓精靈:HK$166', '雅緻雙床房-天貓精靈:HK$166', '高級雙床房-慕思床墊:HK$193', '高級大床房-慕思床墊:HK$193']"
淮南金茂國際酒店,8.7,"['温馨大床房:HK$192', '温馨標準間:HK$192', '精品單間:HK$216', '精品標準間:HK$216', '普通標準間:HK$271']"
桔子酒店（淮南市政府店）,9.6,"['禪音內景雙床房:HK$271', '月若流金內景大床房:HK$280', '加州陽光大床房:HK$289', '禪音雙床房:HK$298']"
凱里亞德酒店（淮南萬達廣場龍湖公園店）,9.4,"['優享雙床房（凝膠枕助眠+空氣凈化器）:HK$181', '優享大床房（凝膠枕助眠+空氣凈化器）:HK$198', '榮享雙床房（凝膠枕助眠+空氣凈化器）:HK$206', '榮享大床房（凝膠枕助眠+空氣凈化器）:HK$222']"
漢庭酒店（淮南安徽理工大學春申裏店）,9.7,"['高級大床房:HK$217', '高級雙床房:HK$217', '商務大床房:HK$236', '家庭房:HK$236']"
飛宇S電競酒店（火車站店）,9.6,"['惠享電競雙人標間【5070+卓威+7800X3D】:HK$419', '高級雙人標間[7800X3D+4080+卓威2746K+萬兆到桌面]:HK$528', '高級loft大床房[7800X3D+4080+卓威2746K+萬兆到桌面]:HK$528', '高級大床房[7800X3D+4080+卓威2746K+萬兆到桌面]:HK$545']"
格美酒店（淮南朝陽東路商貿文化廣場店）,9.3,"['格美大床房:HK$150', '行政大床房:HK$174', '行政雙床房:HK$174', '豪華大床房:HK$197']"
喆啡酒店（淮南體育館安徽工貿技術學院店）,9.8,"['醇享生活房:HK$197', '醇享雙床房:HK$221', '醇享大床房:HK$242', '啡凡大床房:HK$262']"
全季酒店（淮南商貿文化廣場店）,9.4,"['大床房:HK$314', '高級雙床房:HK$334', '高級大床房:HK$344', '套房:HK$423']"
萬茂·悦湖酒店（萬茂城金街店）,9.3,"['精緻大床房:HK$144', '商務大床房:HK$175', '高級商務標間:HK$190', '湖景陽光大床房:HK$213']"
江景聯盟酒店（淮南商貿文化廣場火車站店）,8.7,"['舒適大床房:HK$156', '精品大床房:HK$162', '甄選雙床房:HK$182', '巨幕投影雙床房【手機投屏】:HK$189']"
鴻朗酒店,9.5,"['智選舒睡大床房:HK$228', '智慧棲悦大床房:HK$239', '雅居靜謐大床房:HK$250', '智能輕悠雙床房:HK$250']"
熹·臻選酒店（淮南商貿文化廣場店）,9.5,"['臻選舒適大床房:HK$191', '臻選精品雙床房:HK$191']"
鬥魚雲庭酒店（八公山店）,10.0,"['商務單間【智能客控+4K65寸高清電視+城景大窗】:HK$179', '商務大床Loft:HK$197', '商務標間:HK$197', '電競單間【RTX5070+2K320HZ+搖臂支架+智能客控】:HK$229']"
歸心民宿（淮南田家庵區京澳廣場店）,9.8,"['全屋智能投影套房-01（零壓床墊+酷喵TV會員+洗衣掛燙）:HK$192', '全屋智能投影套房-02（零壓床墊+酷喵TV會員+洗衣掛燙）:HK$243', '巨幕投影1室1廳浴缸智能套房（酷喵TV會員+洗衣烘乾）:HK$253', '巨幕投影智能套房（酷喵TV會員+可唱K+可做飯+洗衣熨燙）:HK$299']"
清風小築民宿,9.6,"['現代簡約大床房:HK$240', '現代風森系投影大床房:HK$245']"
淮南禾木民宿,10.0,"['全屋智能投影套房-02:HK$202', '全屋智能投影套房-01:HK$235', '全屋智能投影套房-03:HK$245', '全屋智能投影浴缸套房:HK$273']"
格麗酒店（淮南火車站體育中心店）,9.1,"['特惠雙床房:HK$119', '格麗商務大床房:HK$147', '格麗商務雙床房:HK$160', '城景商務大床房:HK$180']"
信誼賓館（淮南體育場店）,9.3,"['惠享大床房:HK$161', '惠享雙床房:HK$161', '深度睡眠·智能零壓大床房:HK$195', '深度睡眠·智能零壓雙床房:HK$195']"
淮南煤礦賓館,9.6,"['商務單間:HK$369', '園景套房:HK$533', '商務套房:HK$961', '行政套房:HK$2,052']"
飛宇S電競酒店（淮南國慶中路店）,9.7,"['非凡大床房【5070+華碩TUF2K260HZ+網易至尊特權】:HK$228', '驚艷雙床房【5070+華碩TUF2K260HZ+網易至尊特權】:HK$228', '豪華雙床房【5070+華碩TUF2K260HZ+網易至尊特權】:HK$261', '豪華榻榻米雙床房【5070+華碩TUF2K260HZ+網易至尊特權】:HK$283']"
格林豪泰酒店（淮南市廣場南路一中店）,9.6,"['清馨大床房:HK$166', '景觀大床房:HK$175', '景觀雙床房:HK$185', '商務大床房:HK$194']"
維斯頓電競酒店（淮南八佰伴店）,9.5,"['電競特價房【i5-12490f處理器+3070顯卡+165hz顯示器+lol鑽石特權等】:HK$174', '電競兩人單間【i5-12490f處理器+3070顯卡+165hz顯示器+lol鑽石特權等】:HK$195', '電競兩人觀影標間【i5-12490f處理器+3070顯卡+2K260hz顯示器+機械臂+拓展小分屏+lol鑽石特權等】:HK$206', '電競三人間【i5-12490f處理器+3070顯卡+2K165hz顯示器+lol鑽石特權等】:HK$228']"
美庭商務電競酒店（淮南商貿文化廣場店）,9.7,"['小公寓電競雙人間【4070S+7800X3D+公衞公浴】:HK$184', '小公寓電競三人間【4070S+7800X3D+搖臂支架+華碩電競2k顯示屏+公衞公浴+蜂巢乳膠人體工學專業電競沙發】:HK$206', '高級小公寓電競三人間【4070S+7800X3D+公共衞浴】:HK$228', '高級大床房【4070S+7800X3D+搖臂支架+華碩電競2k顯示屏+蜂巢乳膠人體工學專業電競沙發】:HK$239']"
漢庭酒店（淮南吾悦廣場店）,9.7,"['高級大床房A:HK$207', '商務大床房:HK$217', '高級雙床房:HK$217', '家庭房:HK$255']"
財萱美藝酒店（潘集店）,8.7,"['靜謐智能大床房:HK$184', '雅緻智能大床房:HK$195', '雅緻智能雙床房:HK$206', '棲悦智能大床房:HK$217']"
良棲未來酒店（淮南商貿廣場店）,9.0,"['良棲（loft影咖大床房）:HK$134', '棲遲（中式影咖大床房）:HK$150', '花季（影咖大床房）:HK$158', '原舍（影咖雙床房）:HK$174']"
貝殼酒店（淮南謝家集店）,8.6,"['時尚大床房:HK$165', '時尚雙床房:HK$165', '商務雙床房:HK$181', '影音大床房:HK$181']"
M·S美宿藝術品酒店（淮南第一人民醫院龍湖公園店）,8.9,"['悦·潮晴光雙床房（四層記憶床墊）:HK$164', '樂潮晴光大床房:HK$184', '樂·潮湯泉晴光家庭房:HK$192', '悦·潮大床房:HK$202']"
