酒店名称,评分,房型价格列表
逸棧民宿,9.7,"['山居秋暝:HK$434', '春夜喜雨:HK$490', '雪月相宜:HK$620', '秋涼晚步:HK$620']"
淮安温德姆花園酒店,9.6,"['雅緻大床房:HK$307', '高級大床房:HK$345', '高級雙床房:HK$345', '豪華大床房:HK$391', '豪華雙床房:HK$391']"
淮安曙光國際大酒店,9.6,"['高級標準房:HK$353', '高級大床房:HK$353', '行政大床房:HK$365', '行政標準房:HK$365', '豪華標準房:HK$390']"
淮安萬楓酒店,9.5,"['標準雙床房:HK$397', '標準大床房:HK$402', '高級大床房:HK$446', '高級雙床房:HK$478', '豪華大床房:HK$653']"
淮安翔盛Pagoda君亭酒店,9.3,"['雲端·豪華大床房:HK$409', '雲端·豪華標準間:HK$416', '雲端·城市景觀房大床房:HK$464', '雲端·城市景觀房雙床房:HK$502', '雲端·運河景觀大床房:HK$525', '雲端·180°景觀大床房:HK$545']"
淮安金陵海棠賓館,9.6,"['海棠大床房:HK$425', '高級大床房:HK$453', '豪華大床房:HK$546', '豪華雙床房:HK$546', '豪華套房:HK$1,734']"
鹿見堂酒店（河下古鎮店）,9.6,"['林靜小居-大床房:HK$721', '古典雅緻-大床房:HK$802', '清風雅舍-商務套房:HK$904', '迷人花園:HK$924']"
全季酒店（淮安萬達廣場河下古鎮店）,9.7,"['大床房:HK$283', '高級大床房:HK$292', '高級雙床房:HK$302', '家庭房:HK$312']"
淮安恩來紀念館開元名庭酒店,9.9,"['名成高級大床房（新風系統+智能客控+65寸電視可投屏）:HK$416', '名成高級雙床房（新風系統+智能客控+65寸可投屏）:HK$460', '名成豪華大床房（唐風設計+智能客控+大唐芙蓉香洗護）:HK$460', '名成豪華雙床房（唐風設計+智能客控+大唐芙蓉香洗護）:HK$503', '名成行政大床房（智能窗簾+唐風設計+大唐芙蓉香洗護）:HK$503']"
淮安富力萬達嘉華酒店,9.4,"['豪華雙床房（商業街景+金可兒床墊+ACCA KAPPA洗護）:HK$511', '豪華大床房（商業街景+金可兒床墊+ACCA KAPPA洗護）:HK$511', '高級豪華大床房（商業街景+金可兒床墊+ACCA KAPPA洗護）:HK$599', '豪華湖景大床房（俯瞰公園景觀+金可兒床墊）:HK$668', '行政雙床房（城市景觀+金可兒床墊+ACCA KAPPA洗護）:HK$825', '行政大床房（城市景觀+金可兒床墊+ACCA KAPPA洗護）:HK$825']"
柏曼酒店（淮安河下古鎮吳承恩故居店）,9.6,"['智能標準大床房:HK$289', '智能高級大床房（小度智能+全屋新風）:HK$331', '智能高級雙床房:HK$358', '智能豪華雙床房:HK$382']"
淮安金陵大酒店,9.5,"['舒適大床房:HK$326', '舒適雙床房:HK$326', '標準雙床房:HK$348', '標準大床房:HK$348', '高級大床房:HK$500', '高級雙床房:HK$500']"
淮安水渡口大道亞朵酒店,9.7,"['雅緻大床房（投屏電視+迷你冰箱+普蘭特床墊）:HK$313', '高級大床房（投屏電視+迷你冰箱+普蘭特床墊）:HK$331', '高級雙床房（投屏電視+迷你冰箱+普蘭特床墊）:HK$340', '行政大床房（投屏電視+迷你冰箱+普蘭特床墊）:HK$367', '行政雙床房（投屏電視+迷你冰箱+普蘭特床墊）:HK$448']"
淮安大學城陽光湖亞朵酒店,9.8,"['高級大床房（小度+電動窗簾+深睡床墊+深睡枕）:HK$304', '高級雙床房（小度+電動窗簾+深睡床墊+深睡枕）:HK$322', '尊享大床房（小度+電動窗簾+深睡床墊+深睡枕）:HK$331', '尊享雙床房（小度+電動窗簾+深睡床墊+深睡枕）:HK$358', '尊享湖景大床房（小度+電動窗簾+深睡床墊+深睡枕）:HK$376']"
淮安河下古鎮美居酒店,9.7,"['高級大床房（高空城景+小冰箱+65寸投屏電視+金可兒床墊）:HK$412', '豪華房大床（高空城景+小冰箱+65寸投屏電視+金可兒床墊）:HK$431', '行政豪華房雙床（小冰箱+65寸投屏電視+金可兒床墊）:HK$452', '行政豪華房大床房（高空城景+小冰箱+65寸投屏電視+金可兒床墊）:HK$462', '嘉賓房大床（高空城景+小冰箱+65寸投屏電視+金可兒床墊）:HK$491']"
淮安希博爾酒店（寶龍商業街店）,9.6,"['豪華大床房（智能馬桶+迷你冰箱+投屏電視+電動窗簾）:HK$305', '豪華雙床房（智能馬桶+迷你冰箱+投屏電視+電動窗簾）:HK$316', '深睡眠大床房（智能馬桶+迷你冰箱+投屏電視+電動窗簾）:HK$326', '深睡眠雙床房（智能馬桶+迷你冰箱+投屏電視+電動窗簾）:HK$337', '智能按摩大床房（智能馬桶+迷你冰箱+電動窗簾+空氣凈化器+投屏電視）:HK$348']"
淮安國聯奧體明都酒店,9.8,"['高級雙床房:HK$363', '豪華大床房:HK$382', '行政大床房:HK$411', '高級家庭房:HK$411', '豪華家庭套房:HK$507']"
淮安蘇寧廣場大治路亞朵酒店,9.7,"['雅緻大床房:HK$313', '高級雙床房:HK$331', '高級大床房:HK$349', '幾木大床房（智能馬桶+65寸投屏電視+亞朵深睡枕）:HK$439', '幾木雙床房（智能馬桶+65寸投屏電視+亞朵深睡枕）:HK$439']"
全季酒店（淮安大學城淮海南路店）,9.8,"['雙床房:HK$305', '大床房:HK$315', '高級雙床房:HK$325', '高級大床房:HK$335']"
淮安賓館,9.3,"['6號樓標準間:HK$281', '6號樓豪華雙床房:HK$345', '6號樓豪華大床房:HK$345', '6號樓家庭房:HK$345', '5號樓豪華標準間:HK$402']"
淮安鼎立國際大酒店,9.1,"['商務標準間:HK$325', '商務大床房:HK$358', '行政標準間:HK$435', '行政大床房:HK$435', '行政套房:HK$555', '豪華大床房:HK$664']"
桔子酒店（淮安萬達廣場店）,9.7,"['加州陽光版高級大床房:HK$292', '加州陽光版商務大床房:HK$302', '加州陽光版高級雙床房:HK$311']"
淮安金陵國際酒店,9.4,"['高級雙床房:HK$335', '高級大床房:HK$335', '豪華雙床房:HK$383', '豪華大床房:HK$383', '商務大床房:HK$426', '夢百合零壓大床房（帶0壓床墊+記憶枕）:HK$458']"
全季酒店（淮安寶龍商業街店）,9.7,"['高級大床房:HK$311', '商務大床房:HK$321', '雙床房:HK$321', '高級雙床房:HK$341']"
淮安鉑爾曼酒店,9.3,"['高級雙床房:HK$352', '高級大床房:HK$352', '尊貴大床房:HK$443', '豪華大床房:HK$492', '行政雙床房:HK$635', '行政大床房:HK$635']"
淮安環亞麗呈華廷酒店（恩來紀念館河下古鎮店）,9.6,"['商務大床房:HK$393', '商務雙床房:HK$393', '零壓速眠大床房:HK$415', '零壓速眠雙床房:HK$415', '180°雲景·行政雙床房:HK$479', '180°雲景·行政大床房:HK$523']"
全季酒店（淮安蘇寧廣場店）,9.7,"['大床房:HK$308', '高級大床房:HK$318', '雙床房:HK$328', '商務大床房:HK$341']"
淮安高鐵金陵大酒店,9.6,"['高級大床房:HK$641', '高級雙床房:HK$641', '豪華雙床房:HK$764', '豪華大床房:HK$764', '行政大床房:HK$889', '行政雙床房:HK$889']"
曙光薇酒店（淮安大學城店）,9.7,"['高級大床房:HK$271', '高級雙床房:HK$283', '商務城景雙床房:HK$324', '商務城景大床房:HK$324', '豪華景觀雙床房:HK$370']"
淮安城市名人酒店,9.6,"['高級雙床房:HK$336', '高級大床房:HK$336', '豪華商務雙床房:HK$402', '豪華商務大床房:HK$402', '行政大床房:HK$500']"
桔子酒店（淮安蘇寧廣場店）,9.8,"['雙床房:HK$302', '高級大床房:HK$312', '商務大床房:HK$398', '套房:HK$487']"
淮安區萬達廣場錦江都城酒店,9.7,"['精緻大床房（乾濕分離+55寸電視投屏）:HK$291', '風雅大床房（乾濕分離+55寸電視投屏）:HK$309', '風雅雙床房（乾濕分離+55寸電視投屏）:HK$323', '都會大床房（負離子氧吧+乾濕分離+55寸電視投屏）:HK$323', '温馨家庭房（負離子氧吧+乾濕分離+55寸電視投屏）:HK$378']"
淮安神旺大酒店（淮安萬達廣場花街店）,9.5,"['旺運精緻大床房:HK$326', '旺運精緻雙床房:HK$326', '旺緣湖景大床房:HK$359', '旺緣湖景雙床房:HK$359', '許願旺主題大床房:HK$523']"
全季酒店（淮安缽池山公園店）,9.7,"['大床房:HK$292', '高級大床房:HK$302', '雙床房:HK$302', '套房:HK$415']"
淮安京仕國際酒店,9.3,"['商務大床房:HK$293', '街景雙床房:HK$293', '商務標準間:HK$304', '豪華標準間:HK$336', '親子雙床房:HK$336']"
格酈酒店（淮安河下古鎮周恩來紀念館店）,9.5,"['舒適大床房:HK$183', '精緻大床間:HK$192', '精緻雙床房:HK$192', '豪華大床房:HK$227']"
安元商旅酒店（淮安河下古鎮周恩來紀念館店）,9.7,"['智能大床房:HK$198', '智能高級大床房:HK$204', '智能高級雙床房:HK$210', '智能商務大床房:HK$222']"
淮安迎賓館（淮安市人民大會堂博物館店）,9.4,"['普通雙床房:HK$217', '精緻大床房:HK$271', '商務雙床房:HK$336', '商務大床房:HK$336', '行政豪華雙床房:HK$358']"
淮安印象洪澤國際大酒店,9.5,"['樂享大床房:HK$229', '樂享雙床房:HK$229', '優享雙床房:HK$251', '優享大床房:HK$251', '尊享大床房（含浴缸）:HK$273']"
全季酒店（淮安區萬達廣場店）,9.8,"['高級大床房:HK$298', '高級雙床房:HK$308', '套房:HK$393']"
全季酒店（淮安生態新城翔宇大道店）,9.9,"['商務大床房（超大辦公桌+迷你冰箱+智能聲控）:HK$268', '高級大床房（超大辦公桌+65寸電視投屏+智能聲控）:HK$277', '高級雙床房（拾光茶具+65寸電視投屏+智能聲控）:HK$277', '套房（大空間會客廳+智能聲控）:HK$358']"
淮安大千天鵝灣温泉酒店,9.5,"['高級雙床房:HK$401', '高級大床房:HK$401', '景觀大床房:HK$435', '景觀雙床房:HK$435', '豪華套房:HK$628']"
如家精選酒店（淮安萬達廣場健康東路店）,9.7,"['商務大床房（全屋智能+零壓床墊）:HK$199', '高級大床房（全屋智能+零壓床墊）:HK$216', '雙床房（全屋智能+零壓床墊）:HK$225', '零壓大床房（全屋智能+零壓床墊）:HK$300']"
全季酒店（淮安淮陰工學院北京北路店）,9.7,"['高級大床房:HK$251', '雙床房:HK$260', '套房:HK$341']"
淮安花椒樹雲居民宿,9.6,"['出岫大床房（智能馬桶+智能客控+希丁安床墊+死海精粹洗護）:HK$407', '煮雨雙床房（客房私湯+智能客控+希丁安床墊+死海精粹洗護）:HK$624', '泊舟湖景大床房（湖光景色+配套浴缸+希丁安床墊+死海精粹洗護）:HK$757', '卧松大床套房（大落地窗+智能客控+希丁安床墊+死海精粹洗護）:HK$852', '倚橋親子套房（兩室一廳+智能客控+小童洗護用品+希丁安床墊）:HK$947']"
全季酒店（淮安經濟開發區旭輝廣場店）,9.7,"['大床房（拾光茶具+65寸電視投屏+智能聲控）:HK$299', '高級大床房（拾光茶具+65寸電視投屏+智能聲控）:HK$308', '高級特大床房（拾光茶具+65寸電視投屏+智能聲控）:HK$318', '高級雙床房（拾光茶具+65寸電視投屏+智能聲控）:HK$328']"
維也納國際酒店（淮安市政府河下古鎮店）,9.6,"['高級大床房:HK$271', '高級雙床房:HK$302', '景觀大床房:HK$311', '豪華家庭房:HK$362', '商務大床房:HK$362']"
淮安洪澤藝龍美程酒店,9.5,"['美凈大床房:HK$192', '美致大床房:HK$238', '美凈雙床房:HK$245', '美滿家庭房:HK$358', '藝龍美程套房:HK$515']"
格集曼酒店（淮安人民醫院曼度廣場店）,9.6,"['高級大床房:HK$156', '高級雙床房:HK$156', '豪華大床房:HK$175', '格集曼套房:HK$249']"
希岸酒店（淮安恩來紀念館河下古鎮店）,9.5,"['玲瓏大床房（全屋智能客控系統++新風系統+65寸投屏系統+超靜音睡眠）:HK$193', '希岸大床房（全屋智能客控系統+65寸投屏電視+乾濕分離）:HK$210', '希岸雙床房（全屋智能客控系統+零壓床墊+靜音睡眠）:HK$218', '商務大床房（全屋智能客控系統+65寸投屏電視+零壓床墊）:HK$242']"
