酒店名称,评分,房型价格列表
歡喜宿·奢享花園度假酒店（南潯古鎮店）,9.5,"['喜願·簡約大床房:HK$501', '喜尚·景觀雙床房-智能家居:HK$585', '喜洽·水墨家庭房:HK$585', '喜樂·景觀大床房-智能家居:HK$608']"
安隅楠舍·Fragrant花園美宿（南潯古鎮景區店）,9.8,"['西川·純凈大床房丨55寸觀影電視+休閑桌椅+茶具:HK$392', '東澤·清新大床房丨55寸觀影電視+休閑桌椅+茶具:HK$413', '春祺·榻榻米大床房丨55寸觀影電視+休閑沙發+茶几空間:HK$446', '夏安·無暇雙床房丨55寸觀影電視+休閑桌椅+茶具:HK$490']"
長興開元名都大酒店,9.7,"['開元雙床房:HK$521', '開元大床房:HK$554', '豪華雙床房:HK$554', '豪華大床房:HK$597', '按摩椅大床房:HK$597', '名都雙床房:HK$608']"
湖州東吳開元名庭酒店,9.6,"['名成豪華雙床房（全景落地窗+躺卧沙發+Mini冰箱）:HK$413', '名成豪華大床房（全景落地窗+躺卧沙發+Mini冰箱）:HK$477', '名成景觀大床房（日式榻榻米特大床+休閑觀景飄窗）:HK$605', '名成商務大床房（舒適特大床＋全景落地窗+躺卧沙發）:HK$605', '名成家庭房（全景落地窗+躺卧沙發）:HK$605']"
湖州太湖君瀾温泉度假酒店,9.5,"['豪華園景大床房:HK$713', '豪華園景雙床房:HK$713', '高級大床房:HK$806', '高級雙床房:HK$806', '豪華臨湖大床房:HK$898', '豪華臨湖雙床房:HK$898']"
緣舍·温湯度假民宿（湖州南潯古鎮店）,9.8,"['緣夕·大床房【直飲機＋乳膠床墊＋智能馬桶】:HK$676', '良景·大床房【直飲機＋乳膠床墊＋智能馬桶】:HK$676', '墨染·大床房【直飲機＋乳膠床墊＋智能馬桶】:HK$676', '初見·陽台大床房【私人露台+乳膠床墊+智能馬桶】:HK$797']"
湖州東吳開元名都酒店,9.6,"['名都雙床房（全景落地窗+躺卧沙發）:HK$656', '名都大床房（全景落地窗+躺卧沙發）:HK$716', '行政大床房（雲端景觀+全景落地窗+浴缸）:HK$839', '全景套房（獨立浴缸+獨立會客廳+全景落地窗）:HK$1,202', '雲端大床房（超大圓浴缸+全景落地窗+金可兒床墊）:HK$1,323', '雲端套房（家庭聚會休閑廳+獨立浴缸+金可兒床墊）:HK$1,323']"
南潯博陽開元名庭度假酒店,9.3,"['開元大床房:HK$629', '標準大床房:HK$662', '開元雙床房:HK$738', '豪華大床房:HK$847', '豪華雙床房:HK$957', '名庭大床房:HK$957']"
湖州藍谷酒店,9.7,"['藍奢豪華大床房（零壓床+乾濕分離+落地窗+好眠枕）:HK$420', '藍逸豪華雙床房（零壓床+三區乾濕分離+落地大窗）:HK$420', '藍享投影大床房（高清投影超大幕布+VIP觀影+零壓床+Mini冰箱）:HK$440', '藍悦零壓探索宇航員主題雙床房（親子拼裝玩具+夢幻星空頂+遊戲地墊+小童洗漱增高凳）:HK$522', '藍悦零壓滑板熊貓主題雙床房（拼裝玩具+遊戲地墊+夢幻星空頂+小童牙刷+智能馬桶+小童凳）:HK$522']"
德清莫幹山地信開元名庭大酒店,9.5,"['開元高級雙床房:HK$435', '開元高級大床房:HK$435', '豪華市景大床房:HK$500', '行政市景雙床房:HK$577', '行政市景大床房:HK$577']"
聽澗·南潯｜顧裏私湯設計民宿（南潯古鎮景區店）,9.6,"['禮霧漫·大床房｜泳池景:HK$495', '知雲閑·舒適大床房｜北歐極簡風:HK$495', '書雨眠·親子房｜泳池景:HK$568', '書海瀾·大床房｜臨河景觀·新中式:HK$710']"
南太湖山莊,9.7,"['豪華園景雙床房:HK$1,458', '園景別墅雙床房:HK$1,700', '園景別墅大床房:HK$1,700', '景觀雙床房:HK$1,700', '景觀別墅雙床房:HK$1,943', '景觀別墅大床房:HK$1,943']"
一是了·古韻今風丨Canal Courtyard臨河庭院民宿（南潯古鎮店）,9.7,"['西江月高級大床房（科勒衞浴·戴森吹風機·智控）:HK$488', '聲聲慢庭院舒適大床房（智控·戴森吹·金可兒床墊）:HK$517', '鵲橋仙庭院舒適大床房（全屋智控·科勒衞浴·戴森）:HK$517', '永遇樂温馨家庭房（全屋智控·科勒衞浴·戴森吹風機）:HK$545']"
湖州高鐵站希爾頓花園酒店,9.4,"['花園大床房:HK$424', '花園雙床房:HK$424', '無障礙房:HK$424', '花園沙發床房:HK$530', '花園高級雙床房:HK$552']"
湖州松茉酒店（太湖月亮灣店）,9.5,"['松影·悠舍大床房 ｜AI客控+4K投影+零壓舒眠+影視會員:HK$564', '松影·夢澤大床房 ｜AI客控+4k投影+私享庭院+影視會員:HK$618', '松影·月泊大床房｜AI客控+4k投影+私享庭院+智能壁爐:HK$671', '茉語·花漾大床房｜AI客控+4k投影+景觀陽台浴缸+智能壁爐:HK$717', '茉語·流光大床房｜AI客控+4k投影+景觀陽台浴缸+恆温衞浴:HK$786']"
宿之極·南樓春曉度假民宿（百間樓店）,9.7,"['月白.巷隱丨舒適大床+戴森吹風機+馬歇爾音響+帕爾馬之水洗護用品:HK$1,079', '晚秋丨庭院園景大床+戴森吹風機+馬歇爾音響+帕爾馬之水洗護用品:HK$1,189', '吟夏丨園景大床房＋戴森吹風機＋馬歇爾音響＋帕爾馬之水:HK$1,189', '春曉丨庭院園景雙床+戴森吹風機+馬歇爾音響+帕爾馬之水洗護用品:HK$1,298', '瑰覓丨雙床房+戴森吹風機+馬歇爾音響+帕爾馬之水洗護用品:HK$1,516']"
德清莫幹山希爾頓歡朋酒店,9.7,"['舒適大床房:HK$537', '高級大床房:HK$566', '豪華大床房:HK$605', '豪華園景大床房:HK$633', '高級園景雙床房:HK$662']"
花跡·美學民宿·Resort hotel（南潯古鎮景區店）,9.4,"['雪梅大床房（美國舒達床墊+科勒潔具）:HK$294', '舒適大床房（美國舒達床墊+科勒潔具）:HK$326', '溪苑榻榻米房（美國舒達床墊+科勒潔具）:HK$326', '尊享雙床房（美國舒達床墊+科勒潔具）:HK$359', '庭院大床房（美國舒達床墊+科勒潔具）:HK$403']"
湖州東吳銀泰鳳凰路輕居酒店,9.7,"['舒適大床房（65寸4K高清投屏電視+深睡枕PRO+小冰箱）:HK$304', '標準雙床房（65寸4K高清投屏電視+深睡枕PRO+小冰箱）:HK$322', '標準大床房（65寸4K高清投屏電視+深睡枕PRO+小冰箱）:HK$331', '精選雙床房（65寸4K高清投屏電視+深睡枕PRO+迷你BAR）:HK$340', '精選大床房（65寸4K高清投屏電視+深睡枕PRO+迷你BAR）:HK$349']"
湖州南潯希爾頓酒店,9.4,"['豪華大床房:HK$1,028', '豪華雙床房:HK$1,028', '無障礙房:HK$1,028', '豪華湖景大床房:HK$1,136', '豪華湖景雙床房:HK$1,136', '尊享大床房:HK$1,190']"
湖州南太湖綠地遊邑度假酒店,9.6,"['靜謐大床房丨酣暢睡眠+新風系統+檜木私湯:HK$632', '豪華大床房丨印尼進口藤編+榻榻米茶座+智能客控:HK$741', '雅緻雙床房丨子母型雙層彈簧記憶棉床墊+衞浴三區分離:HK$784', '豪華雙床房丨稻草泥批刮牆面+榻榻米茶座+智能馬桶:HK$850', '心悦雅韻大床房丨雙人檜木私湯+侘寂禪意風+Mini冰箱:HK$894']"
知春·相見歡｜新中式禪意美學民宿（南潯古鎮景區店）,9.6,"['浣溪沙-庭院大床房（金可兒床墊·戴森吹風機·智能馬桶·科勒衞浴）:HK$494', '青玉案-雅緻大床房（金可兒床墊·戴森吹風機·智能馬桶·科勒衞浴）:HK$494', '蝶戀花-禪意大床房（金可兒床墊·禪意茶桌·戴森吹風機·智能馬桶·科勒衞浴）:HK$508', '鳳求凰-温馨大床房（金可兒床墊·戴森吹風機·智能馬桶·科勒衞浴）:HK$508']"
墨桐居·水墨江南·東方美學設計度假美宿（南潯古鎮景區店）,9.5,"['墨裏·千秋·大床房[55寸觀影投屏+智能馬桶+休閑桌椅]:HK$430', '桐花·似錦·大床房[55寸觀影投屏+寵物友好+智能馬桶]:HK$456', '桐葉·飄香·雙床房[55寸觀影投屏+智能馬桶+休閑桌椅]:HK$469', '墨桐·繽紛·大床房[55寸觀影投屏+寵物友好+舒適吊牀]:HK$507']"
湖州太湖喜來登温泉度假酒店（月亮酒店）,9.5,"['別墅羣·天籟單卧靜謐尊享別墅（私密空間）:HK$1,309', '水世界·豪華大床房（小梅山景+景觀陽台）:HK$1,569', '水世界·豪華雙床房（小梅山景+景觀陽台）:HK$1,569', '水世界·180°圓浴景觀大床房（落地臨窗·觀景圓浴缸）:HK$1,695', '水世界·廣角超大豪華雙床房（180°觀景視角）:HK$1,695', '太湖日出·低樓層·湖景大床房:HK$1,729']"
原舍卅那度·度假別院（南潯古鎮景區百間樓店）,9.2,"['樸悦·智能客控·尊享·大床房【全屋輕奢·恬謐雅居】:HK$412', '藍醺·智能客控·尊享古風浴缸家庭房【温馨古樸】:HK$447', '藍醺·獨享庭院·智能客控·古風浴缸家庭房:HK$483', '藍醺·豪華·智能客控·古風浴缸家庭房:HK$483', '桉裏·智能客控·風雅小院【庭院時光·輕奢極簡】:HK$554']"
四季繁花·Flowers in all seasons設計師美宿（南潯古鎮景區店）,9.5,"['Tranquil·零壓好眠大床房【療愈景觀+徠芬吹風機+乾濕分離+智能馬桶】:HK$402', 'Tranquil·IMAX巨幕影院大床房【巨幕投影+舒適好眠+徠芬吹風機+智能馬桶】:HK$476', 'Tranquil·療愈觀景大床房【180°觀景陽台+舒適好眠+徠芬吹風機+智能馬桶+乾濕分離】:HK$533', 'Tranquil·雅緻觀景雙床房【舒適好眠+徠芬吹風機】:HK$590']"
湖州長興亞朵酒店,9.5,"['雅緻房:HK$313', '雅緻雙床房:HK$313', '高級大床房:HK$385', '高級雙床房:HK$385']"
湖州賓館,9.5,"['豪華雙床房:HK$467', '豪華大床房:HK$478', '行政雙床房:HK$587', '商務大床房:HK$611', '豪華套房:HK$961']"
湖州福朋喜來登酒店,9.5,"['標準雙床房:HK$537', '標準大床房:HK$559', '商務雙床房:HK$611', '高級大床房（舒享浴缸）:HK$643', '精選大床房（臻享浴缸）:HK$717', '行政套房:HK$982']"
湖州南潯福朋喜來登酒店,9.6,"['高級大床房:HK$601', '高級雙床房:HK$601', '尊貴大床房:HK$666', '尊貴雙床房:HK$666', '尊貴河景大床房:HK$775']"
江南賦園林私湯設計師民宿（南潯古鎮店）,9.6,"['香閣大床房:HK$826', '香閣雙床房:HK$826', '宜園景觀大床房:HK$932', '南院·菡庭私湯房:HK$1,038', '南院·蕖庭私湯房:HK$1,038']"
悦舍民宿（南潯古鎮景區店）,9.5,"['悦心榻榻米大床房:HK$213', '悦己雅緻大床房:HK$276', '悦來悦欣温馨大床房:HK$334', '悦靜舒適雙床房:HK$352']"
湖州大廈酒店（衣裳街愛山銀泰城店）,9.0,"['舒適大床房|LED化粧鏡−智能馬桶:HK$309', '舒適雙床房丨採光通透-夜景:HK$316', '豪華大床房丨三區乾濕分離-朝南陽光好:HK$386', '豪華雙床房丨舒適好眠-商務辦公:HK$386']"
湖州潞村悦柳酒店,9.6,"['漾漣雙床房:HK$752', '漾漣大床房:HK$752', '湖漣大床房:HK$947', '湖漣雙床房:HK$947', '白鷺親子房:HK$1,049', '錢漾親子房:HK$1,272']"
太湖雷迪森懌曼酒店,8.6,"['標準雙床房:HK$305', '懌悦大床房:HK$372', '懌悦雙床房:HK$372', '曼悦大床房:HK$426']"
湖州浙北大酒店,9.3,"['高級大床房:HK$252', '高級標準間:HK$252', '豪華大床房:HK$364', '豪華標準間:HK$364', '空氣清新房:HK$505']"
南潯蠡施錦民宿（南潯古鎮百間樓店）,9.7,"['色釉、高級大床房:HK$533', '青白·高級大床房:HK$577', '五彩·高級大床房:HK$577', '三彩·高級大床房:HK$577', '紫泥、院景豪華房:HK$653']"
紐曼城市酒店（湖州衣裳街店）,9.6,"['高級大床房|三區乾濕分離衞浴+深睡床墊+橫廳書桌:HK$229', '豪華大床房|三區乾濕分離衞浴+深睡床墊+橫廳書桌:HK$251', '豪華雙人房|三區乾濕分離衞浴+深睡床墊:HK$272', '尊奢大床房（通透採光+深睡床墊+城市夜景）:HK$294']"
湖州喜樂JOY酒店,8.9,"['『JOY·療愈精選』（雙床房）【公區提供自助洗衣+通透採光+舒適好眠+温馨樂享】:HK$207', '『JOY·躺平豪華』（雙床房）【公區提供自助洗衣+舒適好眠+乾濕分離+充足採光】:HK$213', '『JOY·躺平豪華』（特大床）【公區提供自助洗衣+乾濕分離+舒適好眠+商務辦公】:HK$216', '『JOY·歡樂世界』（三床房）【公區提供自助洗衣+乳膠床墊+乾濕分離+超大空間】:HK$249', '『JOY·跑來跑去』（親子雙床）【小童主題大小床+小童帳篷+公區提供自助洗衣+通透採光+舒適好眠】:HK$271']"
落花老屋·江南園林靜謐庭院中式府址園林美宿（南潯古鎮景區店）,9.5,"['蘭菊·古雅韻·雕花雙床親子房:HK$672', '梅竹·梅香居·親子房:HK$672', '百合水仙·芳四溢·臨河大床房:HK$?', '清蓮-紅梅-丁香（舒適雙床房+歐式風格+花園景）:HK$?']"
南潯花間堂·求恕裏,9.6,"['藏靜雅居雙床房:HK$658', '藏靜雅居大床房:HK$715', '藏墨雅居雙床房:HK$753', '藏墨雅居大床房:HK$800', '藏溪雅居大床房:HK$894']"
德清新市古鎮假日酒店,9.5,"['高級房 雙床:HK$601', '高級房 大床:HK$601', '高級房 雙床 運河景觀:HK$677', '高級房 大床 運河景觀:HK$677', '豪華房 大床和上下床 小童主題:HK$983', '單卧套房 大床 客廳:HK$1,037']"
湖州星儷嵐酒店,9.3,"['星儷雙床房:HK$391', '豪華雙床房:HK$415', '豪華大床房:HK$415', '景觀雙床房:HK$543', '景觀大床房:HK$543', '星儷套房:HK$662']"
曼居酒店（湖州高鐵站店）,9.5,"['曼選雙床房:HK$347', '曼享大床房:HK$391', '曼享雙床房:HK$391', '曼居大床房【咖香漫步+森林氧吧+全景落地窗】:HK$413', '樂活親子房:HK$456']"
谷巖·Moor隱山澗·溯溪泳池設計師度假民宿,10.0,"['靜夜-和月投影雙床房+投影+小冰箱:HK$589', '小籬-夢歸陽台雙床房+投影+小冰箱:HK$648', '觀嵐-出岫陽台大床房-投影+小冰箱:HK$707', '椿棠-歸舍陽台親子房-投影+小冰箱:HK$801']"
南潯巨人君瀾度假酒店,9.5,"['時尚工業大床房:HK$697', '時尚工業雙床房:HK$751', '民國風大床房:HK$806', '民國風雙床房:HK$860', '民國風豪華大床房:HK$915', '民國風豪華雙床房:HK$915']"
瀾庭逸院酒店（南潯古鎮南門店）,9.4,"['特惠雙床房（品牌舒睡床墊+衞生間乾濕分離）:HK$304', '輕奢大床房（品牌舒睡床墊+衞生間乾濕分離+電視投屏）:HK$339', '輕奢雙床房（品牌舒睡床墊+電視投屏+衞生間乾濕分離）:HK$353', '豪華大床房（品牌舒睡床墊+大空間+衞生間乾濕分離）:HK$373']"
NA·莫幹山設計師温泉民宿,9.7,"['曼·山景陽台大床房-有私湯-舒適水地暖-戴森吹風機:HK$1,328', '青·星空大床房-有私湯-舒適水地暖-戴森吹風機:HK$1,328', '珊·180°泳池陽台大床房-有私湯-舒適水地暖-戴森吹風機:HK$1,412', '藍·B棟一層270度榻榻米雙床房-有私湯-舒適水地暖:HK$1,412', '珀·270°山景大床房-有私湯-可觀後山全景-舒適水地暖-戴森吹風機:HK$1,649']"
湖州織裏行政中心亞朵酒店,9.9,"['高級大床房:HK$331', '行政大床房:HK$358', '行政雙床房:HK$385', '幾木大床房:HK$412', '幾木雙床房:HK$448']"
南潯古鎮夢向庭院民宿,9.0,"['雅緻精品大床房:HK$325', '尊享雙床房:HK$379', '庭院日式榻榻米:HK$403', '庭院露台大床房:HK$498']"
