酒店名称,评分,房型价格列表
湘潭漫奇酒店（雨湖區湘潭站店）,9.5,"['高級大床房:HK$252', '舒適大床房:HK$269', '舒適雙床房:HK$278', '雅緻大床房:HK$290', '休閑棋牌大床房:HK$295']"
簡途酒店（湘潭華隆步步高店）,9.6,"['巨屏電視大床房4K影視（75寸可投屏電視和影視會員）:HK$283', '巨幕投影大床房4K影視（高空夜景和簡約輕奢）:HK$309', '私募影院大床房4K影視（私密空間和100寸巨幕影視會員）:HK$322', '私享陽台·豪華大床房（4K影視&陽台可觀晨曦及夜景）:HK$335']"
湘潭萬樓華美達廣場酒店,9.6,"['高級雙床房:HK$272', '臻品大床房:HK$283', '高級大床房:HK$327', '行政景觀大床房:HK$327', '行政景觀雙床房:HK$327']"
薈辰酒店（雨湖區湘潭站店）,9.5,"['好眠·星空影院大床房{150寸大屏觀影}:HK$245', '智能語音品質大床房{全房型智能客控}:HK$262', '辰沐城景雙床房{深度睡眠、舒適床墊}:HK$306', '辰居雅悦三人間{深度睡眠、舒適床墊}:HK$332']"
萬眾酒店（湘潭市萬達廣場店）,9.2,"['雅緻大床房:HK$176', '臻選豪華大床房:HK$194', '臻選豪華雙床房:HK$194', '臻選雙人套房:HK$213']"
湘潭君逸美高梅國際大酒店,9.3,"['雅逸大床房:HK$293', '高級雙床房:HK$293', '雅緻大床房:HK$316', '豪華城景大床房:HK$337', '豪華城景雙床房:HK$337']"
湘潭華都國際大酒店,9.4,"['雅緻雙床房:HK$255', '雅緻大床房:HK$257', '甄選豪華雙床房:HK$345', '甄選豪華大床房:HK$352', '甄選商務雙床房:HK$407']"
簡滋酒店（工程學院店）,9.5,"['簡致大床房:HK$184', '簡奢大床房:HK$200', '簡奢雙床房:HK$212', '滾來滾雙拼大床房:HK$227']"
湖南華宇國際大酒店,8.8,"['優選特惠房:HK$219', '雅緻雙床房:HK$227', '雅緻大床房:HK$227', '豪華大床房:HK$271', '豪華雙床房:HK$271']"
曼哈頓酒店,9.5,"['Man享高級大床房（優享大空間）:HK$235', 'Man享觀影大床房（極光tv會員+手機投屏）:HK$252', 'Man享商務雙床房:HK$256', 'Man享影音房（4K畫質+杜比音效）:HK$268']"
鉑林酒店（湘潭市政府萬達廣場店）,9.5,"['商務大床房:HK$268', '商務雙床房:HK$268', '豪華大床房:HK$285', '豪華雙床房:HK$285']"
丹迪斯酒店（湖南科技大學店）,9.6,"['影音主題房[高清投影+騰訊會員]:HK$215', '樂享雙床房:HK$227', '樂享大床房:HK$227', '尊享雙床房:HK$232']"
湘潭百達麗國際酒店（九華管委會公交站湖南科技大學）,9.7,"['精美輕奢雙床房:HK$249', '輕奢大床房:HK$277', '觀景情懷大床房:HK$277', '觀景情懷雙床房:HK$277']"
湘潭銘逸酒店（湘潭醫衞職業技術學院店）,9.7,"['精緻大床房（高空城景）:HK$237', '逸緻大床房:HK$269', '逸.影榻榻米大床房（百寸大屏+影視會員）:HK$286', '雅緻大床房:HK$292', '雅緻雙床房:HK$303']"
湘潭潤豐國際酒店（湘潭二醫院店）,9.1,"['典雅·豪華大床房:HK$236', '典雅·豪華雙床房:HK$236', '靜謐·全景大床房丨舒享城景:HK$254', '靜謐·全景雙床房丨通透採光:HK$254']"
丹戀斯LY酒店（步步高廣場店）,8.9,"['舒適大床房:HK$126', '迷你房:HK$134', '智能國風榻榻米:HK$144', '智能高級大床房:HK$167']"
拾觀譚城酒店,9.3,"['精選·商務雙床房:HK$104', '優選·標準大床房:HK$110', '暢選·豪華雙床房:HK$117', '舒選·商務大床房:HK$119']"
湘潭華銀國際大酒店,9.8,"['行政大床房 • 金可兒床墊:HK$363', '行政雙人間 • 金可兒床墊:HK$364', '豪華商務大床房 • 金可兒床墊:HK$419', '豪華商務雙人間 • 金可兒床墊:HK$454', '行政家庭房:HK$522', '動物派對親子主題房 • 金可兒床墊:HK$573']"
湘潭福星凱萊大酒店,9.3,"['高級雙床房:HK$269', '高級大床房:HK$280', '商務雙床房:HK$319', '優選大床房:HK$319', '商務大床房:HK$329', '休閑麻將套房:HK$426']"
青年陽光酒店（湘潭高新萬達廣場店）,9.7,"['輕奢主題房（高層景觀+韓式風格+日式風格）:HK$219', '景觀雙床房（復古原木+辦公桌+雙人沙發）:HK$234', '雲端投影房（高空城景+百寸投影+辦公桌+單人沙發）:HK$254', '景觀家庭房（高空城景+辦公桌+三人沙發）:HK$283']"
湘潭九華希爾頓惠庭酒店,9.6,"['靈動雙床房（膠囊coffee機+微波爐+雙功能冰箱）:HK$470', '靈動大床房（沙發床+膠囊coffee機+微波爐+雙功能冰箱）:HK$470', '靈動高級雙床房（膠囊coffee機+微波爐+雙功能冰箱）:HK$500', '靈動高級大床房（沙發床+膠囊coffee機+微波爐+雙功能冰箱）:HK$500', '草莓豬親子房:HK$559', '探索宇航員親子房:HK$559']"
湘潭漫湘江民宿,10.0,"['S▪悦景影院大床房【暢享VIP+語音智控】:HK$185', 'L悦景影院雙床房【舒適辦公+巨幕高清】:HK$196', 'M▪觀景影院大床房:HK$218', '觀江景露台影院大床房【陽台躺椅+超大空間】:HK$251']"
亦來酒店（湖南工程學院店）,8.9,"['亦間-優享大床房:HK$140', '好趣|M大床房「簡約、私密]:HK$150', '好眠|L大床房[採光通透、舒適辦公]:HK$162', '好眠|雙人床「深度睡眠、舒適床墊]:HK$172']"
御和酒店（湖南工程學院店）,9.6,"['和·風光景影院大床房 【暢享銀河奇異果星鑽會員+定製男女護理包+智能客控】:HK$261', '和·温馨家庭影院雙床房 【暢享銀河奇異果星鑽會員+定製男女護理包+智能客控】:HK$274', '和·私享巨幕影院大床房 【暢享銀河奇異果星鑽會員+定製男女護理包+智能客控】:HK$287', '御·行政影院大床房:HK$327']"
城市之鑫精品酒店（基建營中心醫院店）,9.3,"['標準大床房:HK$162', '智能影院房:HK$179', '商務大床房:HK$230', '商務雙床房:HK$252']"
加曼酒店,9.5,"['曼品商務大床房:HK$180', '曼悦輕奢雙床房:HK$197', '曼享影院雙床房:HK$210', '曼享温馨親子房:HK$216']"
雲璽酒店（湘潭板塘城鐵站店）,9.7,"['高級大床房:HK$141', '高級雙床房:HK$141', '豪華大床房:HK$250', '豪華雙床房:HK$250']"
湘潭58酒店（板塘站店）,9.2,"['輕奢大床房:HK$142', '精緻雙床房:HK$153', '棋牌雙床房:HK$172', '温馨套房:HK$174']"
御和酒店（湖南軟件學院和平校區店）,9.7,"['御•浮光風景影院大床房:HK$197', '御•沐晚影院雙床房:HK$235', '御•幔影院大床房:HK$235', '御•童夢共繪影院親子房:HK$266', '御•行政影院大床房:HK$271']"
維也納酒店（湘潭九華高鐵北站店）,9.5,"['豪華雙床房（尊享大空間）:HK$260', '棋牌大床房（尊享舒適空間）:HK$313', '棋牌雙床房（優享舒適空間）:HK$313', '豪華特大床房:HK$313']"
維也納酒店（湘潭板塘步步高店）,9.2,"['標準單人間:HK$191', '愉夢大床房:HK$201', '景觀大床房:HK$222', '高級雙床房:HK$222']"
星倫酒店（湖南電氣學院店）,10.0,"['特惠單人間:HK$170', '優選大床房:HK$185', '清雅雙人間:HK$185', '尊享大床房:HK$200']"
華銀生態莊園,9.7,['豪華雙床房:HK$308']
棲郡酒店（湘潭萬達廣場店）,9.6,"['棲享·巨幕投影大床房 （ 智能語音客控）:HK$175', '郡享·密悦影音大床房（高清投影+智能語音客控+公區自助洗衣機）:HK$230', '覓知·輕奢影院雙床房 （巨幕投影+智能語音客控）:HK$240', '隨遇·商務影音大床房（功夫茶+智能語音客控）:HK$277']"
丹戀斯輕奢酒店（電氣職業技術學院店）,9.0,"['悦心娛樂-棋牌房:HK$172', '悦心娛樂-棋牌雙床房:HK$172', '和顏悦色-榻榻米:HK$210', '和顏悦色-迷你房:HK$216']"
筱悠民宿酒店,9.4,"['舒適大床房:HK$138', '觀景大床房:HK$148', '巨幕高清投影房:HK$158', '享住影音房:HK$181']"
湘潭加曼酒店（基建營中心醫院店）,9.3,"['好眠大床房:HK$175', '輕奢大床房:HK$205', '投影大床房:HK$212', '浴缸大床房:HK$240']"
湘潭盤龍山莊大酒店,9.6,"['私享花園露台大床房:HK$321', '景緻花園雙床房:HK$334', '景緻花園大床房:HK$334', '豪華雙床房 • 金可兒床墊:HK$379', '豪華大床房 • 金可兒床墊:HK$379', '小龍人親子房•金可兒床墊:HK$430']"
湘潭亞汀克拉酒店（九華高鐵北站店）,9.1,"['亞汀·商務大床房（現代簡約風）:HK$210', '亞汀·商務雙床房（現代簡約風）:HK$210', '亞汀·標準單間（獨幢景觀）:HK$210', '亞汀·娛樂大床房（現代簡約風+超大空間）:HK$306']"
湘潭藝都酒店,8.3,"['特價房（無窗）:HK$136', '尊享雙床房:HK$212', '尊享棋牌房:HK$214']"
漫鑫酒店（中心醫院湘潭站店）,9.5,"['悦享.無憂大床房:HK$157', '悦享.無憂雙床房:HK$180', '主題房:HK$180', '悦享.浪漫圓床房:HK$205']"
七月民宿（天元璽園店）,9.4,"['臻選行政大床房:HK$136', '特色巨幕大床房:HK$141', '甄選浪漫套房:HK$146', '休閑麻將大床房:HK$157']"
丹戀斯·悅酒店【昭山店】,9.0,"['智能好眠大床房【智能客控+舒適好眠】:HK$154', '智能雅緻大床房【天貓精靈+恆温智能馬桶】:HK$175', '智能巨幕雙床房【智能客控+私享定製床墊】:HK$195', '智能巨幕影音房【天貓魔屏投影+智能客控】:HK$195']"
湘潭小舟輕雅酒店,8.9,"['奢享大床房:HK$130', '暢享投影大床房:HK$150', '歡悦麻將大床房:HK$163', '奢享三床房:HK$163']"
湘潭御花苑大酒店（湖南科技大學）,8.8,"['浪漫主題房:HK$136', '高級大床房:HK$165', '高級雙人房:HK$165', '雅緻大床房:HK$185']"
希岸酒店（湘潭高鐵北站湖南科技大學店）,9.7,"['希岸玲瓏大床房（安睡記憶枕+零壓床墊+絕美化粧鏡）:HK$320', '希岸高級大床房（深睡記憶枕+零壓床墊+定製洗沐護）:HK$330', '棋牌大床房（大籽麻將+可打紅中+空氣凈化）:HK$366', '希岸豪華大床房（迷你冰箱vs舒適休閑椅+超大辦公區）:HK$421', '顏值Lab（舒適休閑椅vs迷你小冰箱）:HK$422']"
雲朵美致酒店,8.9,"['惠享大床房:HK$160', '雅緻大床房（豪華落地窗）:HK$218', '雅緻雙床房:HK$229', '尊享大床房（全景落地窗+高級床墊）:HK$240']"
痞痞熊電競酒店（湘潭火車站店）,9.8,"['痞痞熊丨電競大床麻將房【5060+27寸200Hz+機械臂】:HK$347', '痞痞熊丨電競雙機大床房【5060+27寸200Hz+機械臂】:HK$347', '痞痞熊丨尊享電競雙床房【5060+27寸200Hz+機械臂】:HK$347', '痞痞熊丨電競雙床房【5060+27寸200Hz+機械臂】:HK$347']"
簡滋酒店（湘潭萬達廣場店）,9.4,['簡·單人電競房:HK$180']
世佳豪庭酒店（湖南軟件大學店）,8.8,"['極光TV 巨幕影院房:HK$180', '行政麻將套房:HK$187', '豪華大床房:HK$194', '豪華雙床房:HK$201']"
