酒店名称,评分,房型价格列表
鳳凰夢棲吊腳樓江景民宿,9.8,['山景雙床房:HK$381']
鳳凰青城山水·庭院觀景民宿,9.8,"['星辰·浴缸大床房:HK$360', '瀾庭·陽台大床房:HK$425', '靜謐·山景雙床房:HK$425', '雨墨·觀景陽台大床房:HK$500']"
覓境古城民宿酒店（吉首市乾州古城店）,9.4,"['特惠大床房【雅緻温馨+80支棉紗床品+深睡枕】:HK$302', '特惠雙床房【靜謐後花園+古城特色四合院】:HK$314', '院子裏雙床房【古城特色院落+乳膠床墊+益高衞浴】:HK$350', '陽台大床房【露台玻璃吊球椅+私享後花園+清新雅緻】:HK$387']"
客巢輕奢酒店（鳳凰古城虹橋店）,9.5,"['私密觀影大床房【智能馬桶+沉浸式觀影】:HK$321', '暢享影音雙床房【智能馬桶+巨幕投屏觀影】:HK$336', '一室一廳觀影大床房【自動麻將機+智能馬桶+冰箱】:HK$398', '輕奢智能雙人房【輕享床墊+智能馬桶+小冰箱】:HK$429', '輕奢智能大床房【輕享床墊+智能馬桶+浴缸】:HK$441']"
兮木酒店（芙蓉鎮大瀑布店）,9.5,"['望兮·榻榻米大床房（巨幕投影|深眠乳膠床墊）:HK$249', '來兮·榻榻米內陽台雙床房（巨幕投影｜深眠乳膠床墊）:HK$271', '倩兮·陽台影院大床房（智能馬桶｜巨幕投影）:HK$315', '友兮·陽台街景雙床房（巨幕投影｜深眠乳膠床墊）:HK$326']"
悠悠水畔•高端江景民宿（鳳凰古城景區南華門店）,9.3,"['凡塵清心•江景陽台大床房|江景獨立陽台:HK$272', '江景露台衹若初見雙床房|智能馬桶+享有獨立陽台:HK$293', '江景玻璃南風憶夢大床房|中央空調+玻璃落地可推窗:HK$293', '江景露台煙雨江畔大床房|享有江景獨立陽台:HK$370']"
原舍暮雲閣民宿（鳳凰古城南華里遊客中心店）,9.6,"['曲水 | 精品大床房:HK$151', '輕雲 | 精品雙床房:HK$161', '蔽月 | 精品雙床房:HK$172', '流風 | 精品雙床房:HK$184']"
全季酒店（湘西鳳凰古城店）,9.6,"['高級大床房:HK$504', '高級雙床房:HK$504', '豪華大床房:HK$532', '豪華雙床房:HK$551']"
安萘·魔方酒店（吉首市政府店）,9.4,"['橙堡私湯電影大床房:HK$298', '收藏家豪華雙床房:HK$298', '繁星城景商務大床房:HK$402', '紀光巨幕電影大床房:HK$497', '魔術師高級雙床房:HK$497']"
鳳凰茶言聽雨江景民宿（鳳凰景區南華橋店）,9.6,"['歸野·庭院山景大床房:HK$202', '言·江景陽台智能大床房:HK$256', '雨·江景陽台智能雙床房:HK$278', '茶·豪華浴缸江景陽台親子雙床房:HK$395']"
諾曼輕奢酒店（古城虹橋店）,9.6,"['特價雙人間（全屋智能-箭牌衞浴-乾衣機）:HK$254', '山景智能大床房（全屋智能-箭牌衞浴-乾衣機）:HK$293', '温馨智能大床房（全屋智能-箭牌衞浴-乾衣機）:HK$293', '温馨智能雙床房（全屋智能-箭牌衞浴-乾衣機）:HK$325']"
棲間堂智能民宿（鳳凰古城景區店）,9.6,"['品茗大床房（全屋智能+中央空調+品牌床墊+戴森吹風）:HK$304', '城景雙床房（全屋智能+中央空調+品牌床墊+戴森吹風）:HK$326', '陽台大床房（全屋智能+中央空調+品牌床墊+戴森吹風）:HK$336', '尊享雙床房（全屋智能+中央空調+品牌床墊+戴森吹風）:HK$359']"
素履蓮花·墨蘭禪意江景酒店,9.8,"['至尊江景親子套房:HK$1,115']"
岸芷汀蘭庭院江景民宿（鳳凰古城沱江店）,9.6,"['銜遠山·望江大床房:HK$284', '覽水色·江景大床房:HK$327', '靜影沉璧·江景雙床房:HK$327', '春和景明·江景露台套房-私享花園|私享浴缸:HK$338', '皓月千里·江景露台大床房-私享影音:HK$360']"
喜柿設計師庭院民宿（虹橋店）,9.9,"['一生一柿·智能影音大床房（中央空調.全友乳膠床墊）:HK$219', '萬柿勝意·智能影音大床房（中央空調.全友乳膠床墊）:HK$240', '心想柿成·智能院景大床房（中央空調.全友乳膠床墊）:HK$247', '好柿發生·智能星空頂大床房（中央空調.全友乳膠墊）:HK$282']"
鳳凰最湘西大酒店,9.5,"['智能悦享體驗房:HK$303', '高級雙床房:HK$435', '高級大床房:HK$435', '智能雅緻豪華雙床房:HK$514', '豪華大床房:HK$514']"
青山見江景吊腳樓客棧（鳳凰古城虹橋北門碼頭店）,9.7,"['清歡｜「城景街景大床房」非臨江（中央空調+智能馬桶）:HK$402', '隨心｜「城景街景雙床房」非臨江（中央空調+智能馬桶）:HK$425', '溪橋夜月｜江景大床房（智能客控+超大陽台+投影畫幕）:HK$729', '水畔｜臨水江景180度觀景大床房（超大陽台+小度智能客控+江景一線投影畫幕）:HK$764']"
鳳凰懶貓臨江客棧,9.5,"['獨立陽台全景臨江大床房:HK$377', '豪華臨江大床房:HK$404', '獨立陽台全景臨江雙床房:HK$431', '臨江浪漫大床房:HK$476']"
吉首湘泉陽光酒店,9.4,"['尊享豪華雙床房:HK$420', '尊享豪華大床房:HK$460', '休閑娛樂大床房:HK$480', '豪華單間:HK$489', '豪華標間:HK$489', '行政單間:HK$578']"
棲心閑庭民宿（鳳凰古城旅遊區虹橋店）,9.6,"['雅緻大床房:HK$275', '邊城墨韻•雙床房:HK$311', '閑庭逸居•大雙床房:HK$347', '虹橋映月•三床房（中央空調+乾濕分離）:HK$395']"
天青舍·江景民宿（鳳凰古城沱江店）,9.3,"['遇見·紗幔大床房-休閑茶桌椅+乾濕分離:HK$342', '墨香·一大一小雙床房-休閑沙發:HK$366', '雲頂· Min陽台江景大床房-180°江景陽台+俯瞰沱江:HK$390', '棲雲·江景投影大床房-一線江景+榻榻米茶桌+100寸巨幕:HK$413', '拾憶·江景雙大床房-180°江景+榻榻米休閑區+智能馬桶:HK$437']"
木棉花開見山見景民宿,9.7,"['洛塵·特價大床房:HK$305', '半夏·特價雙床房:HK$319', '青衣·觀景大床房:HK$419', '舒荷·觀景大床房:HK$419']"
百賢居·Encounter·輕奢休閑度假私墅（鳳凰古城店）,9.7,"['雅緻·渾金璞玉雙床房（鳳凰美景+觀景陽台+浴缸悠享+智能馬桶）:HK$253', '浮花·雲逸芙蓉大床房（鳳凰美景+古色古香）:HK$253', '歸來·虞美人影大床房（鳳凰美景+觀景樓台）:HK$293', '致遠·暗香疏影大床房（鳳凰美景+觀景陽台）:HK$317']"
金水岸·慕名主題文創體驗民宿（鳳凰古城店）,9.5,"['一線江景豪華大床房：格力空調+環保床墊+80支棉:HK$195', '一線江景露台大床房：格力空調+環保床墊+80支棉:HK$228', '一線江景露台雙床房：格力空調+環保床墊+80支棉:HK$294', '一線江景雙床三人親子房：格力空調+環保床墊+80支棉:HK$337', '兩室一廳三床四人獨立套房:HK$370']"
鳳凰雲麓江景酒店（鳳凰古城店）,9.7,"['月渡·江景大床房:HK$250', '月渡·江景雙床房:HK$250', '瀾潯·江景露台大床房【全屋智能】:HK$327', '瀾潯·江景露台大床房-大空間【全屋智能】:HK$349']"
白河溪谷客棧（芙蓉鎮大瀑布店）,9.7,"['閑棲山居·特價雙床房:HK$221', '閑棲山居·山景雙床房:HK$293', '清平村居·觀景獨享陽台大床房·280°觀夜景全景:HK$402', '清平村居·觀景獨享陽台雙床房·280°觀夜景全景:HK$424', '清平村居·親子閣樓·280°觀夜景全景:HK$478']"
虹橋故事民宿（鳳凰古城景區虹橋店）,9.8,"['特價雙床房:HK$295', '標準大床房:HK$355', '豪華大床房:HK$383', '標準雙床房:HK$383', '豪華雙床房:HK$401']"
山橋澗江景民宿,9.5,"['標準雙床房:HK$237', '標準大床房（無江景）:HK$300', '舒適江景大床房:HK$344', '江景大床房:HK$383']"
南華里酒店（鳳凰古城南華里遊客中心店）,9.2,"['特惠大床房:HK$310', '舒適大床房:HK$392', '舒適雙人間:HK$407', '豪華觀景雙人房:HK$483']"
悅見山水精品民宿,10.0,"['榻榻米大床房:HK$282', '標準雙床房:HK$358', '精緻雙床房:HK$391', '精緻三人間:HK$424']"
漢庭酒店（鳳凰古城虹橋店）,9.5,"['高級大床房:HK$223', '商務大床房:HK$251', '高級雙床房:HK$270', '商務雙床房:HK$316']"
鳳凰清花觀景庭院民宿,9.8,"['紅楓·陽台大床房【獨享院景+智能馬桶】:HK$503', '風信子·陽台大床房【獨享城景+智能馬桶】:HK$524', '石竹·陽台雙床房【獨享院景+智能馬桶】:HK$571', '四葉草·陽台雙床房【獨享城景+智能馬桶】:HK$580']"
瑞豪酒店（鳳凰古城店）,9.6,"['輕享大床房:HK$350', '輕享雙人間:HK$358', '甄選大床房:HK$376', '甄選雙人間:HK$394']"
吉首煜龍國際酒店,9.4,"['尊享高級大床房:HK$314', '尊享高級雙床房:HK$314', '行政大床房:HK$319', '尊享豪華雙床房:HK$336', '尊享豪華大床房:HK$336']"
鳳凰水雲之澗輕奢民宿,9.7,"['非臨江大床房:HK$239', '非臨江雙床房:HK$267', '非臨江三人親子房:HK$277', '臨江大床房:HK$314']"
芙蓉小築民宿（芙蓉鎮店）,9.7,"['築·山行雙人觀景房:HK$188', '築·流光雙人觀景房:HK$188', '築·禪跡雙人房:HK$202', '築·陽台觀景雙人房:HK$213']"
和沐嘉酒店（吉首乾州古城世紀廣場店）,9.5,"['【恬靜安睡】麗致雙床房（五星級同款床品+定製床墊+羽絨枕+決明子枕）:HK$193', '【靜逸之境】優享窗景大床房（沉浸式獨享180度窗景）:HK$204', '【恭喜發財】麻將大雙房（久坐不累舒適桌椅+空氣自動凈化+全自動麻將桌）:HK$215', '【躺平治癒】舒睡大床房（五星級同款床品+定製床墊+羽絨枕）:HK$226', '【雙人組隊】電競2人房（全場i7-9750+16G內存+2060顯卡2060+27.2寸電競屏+傲風電競座椅+專用冰箱）:HK$346']"
錦陽閣輕奢酒店（鳳凰古城虹橋店）,9.9,"['特惠大床房:HK$373', '高級大床房:HK$404', '高級雙床房:HK$442', '豪華雙床間:HK$495']"
全季酒店（鳳凰古城雲橋店）,9.7,"['高級大床房（智能客控+安靜睡眠）:HK$350', '高級雙床房（智能客控+安靜睡眠）:HK$398', '江景大床房（絕美沱江夜景+房內觀鳳凰樣子煙花秀）:HK$448', '江景雙床房（絕美沱江夜景+房內觀鳳凰樣子煙花秀）:HK$496']"
鳳凰衹如初見民宿,9.6,"['苗城踏雪特價大床房:HK$280', '念念之舍特價大床房:HK$280', '忠義春秋特價大床房:HK$312', '倚欄聽風煮茶豪華大床房:HK$345']"
鳳凰北舍江景智能民宿（鳳凰古城北門碼頭店）,9.0,"['與你·舒適棋牌雙床房（全屋智能+中央空調）:HK$184', '慢慢·家庭親子三床套房（全屋智能+中央空調）:HK$205', '江景陽台智能精選大床房（全屋智能+180°一線江景）:HK$249', '江景陽台智能精選雙床房（全屋智能+180°一線江景）:HK$260']"
土司宣府（芙蓉鎮大瀑布店）,9.5,"['臨江暮雪·花園江景雙床房:HK$1,249', '蝶翅墨羽·庭院青瓦雙人房:HK$1,249', '南夕韶陽·庭院江景雙床房:HK$1,354', '茯葉雲水·庭院江景大床房:HK$1,369']"
吉首凱萊大飯店（乾州古城店）,9.6,"['高級雙床房:HK$428', '高級大床房:HK$448', '豪華雙床房:HK$530', '豪華大床房:HK$530', '無煙山景雙床房:HK$530', '無煙山景大床房:HK$530']"
木禾居·青瓦小院,9.7,"['【見山】榻榻米大床房203:HK$260', '【月圓】投影圓床情侶間202:HK$314', '【星願】複式閣樓天窗親子間301:HK$369', '【瓦語】榻榻米雙床四人間302:HK$402']"
榕域國際酒店（吉首市政府乾州古城店）,9.3,"['商務雙床房（古城夜景（天際城景）+鵝絨被芯+記憶枕）:HK$279', '商務大床房（古城夜景（天際城景）+鵝絨被芯+記憶枕）:HK$279', '行政大床房（古城夜景（天際城景）+鵝絨被芯+記憶枕）:HK$297', '行政雙床房（古城夜景（天際城景）+鵝絨被芯+記憶枕）:HK$297', '休閑棋牌雙床房（古城夜景（天際城景）+乳膠床墊）:HK$304']"
吉首起航大酒店（吉首大學店）,9.2,"['特惠雙床房:HK$230', '商務湖景雙床房:HK$236', '行政湖景大床房:HK$246', '豪華園景雙床房:HK$259']"
米漾米居酒店（吉首大學乾州古城店）,9.4,"['米居舒適大床房【小度語言智能客控+乳膠床墊】:HK$255', '米漾輕奢大床房【辦公桌椅+乾濕分離】:HK$268', '百里商務雙床房【智能客控+靜謐安睡】:HK$281', '繆斯影院大床房【智能客控+新風系統凈化器】:HK$294']"
芙蓉鎮茶兮泰假日酒店,9.5,"['望山·新中式高級雙床房 | 180°全景山林+品茗雅座:HK$485', '望山·新中式高級大床房 | 180°全景山林+品茗雅座:HK$485', '伴水·雅緻雙床房 | 280°私享江景+獨立觀景陽台:HK$552', '伴水·雅緻大床房 | 私湯江景+180°全景深泡浴缸:HK$552', '觀瀑·甄選雙床房 | 270°瀑布山河景+獨立觀景陽台:HK$585', '觀瀑·甄選大床房 | 180°瀑布山河景+獨立觀景陽台:HK$595']"
鳳凰大隱千府民宿（古城店）,9.9,"['園夢·大床房:HK$641', '映竹·雙床房:HK$641', '星月山·陽光大床房:HK$764', '花澗雨·雙床房:HK$773', '窺月·雙床房:HK$773']"
壹號·半居江景民宿,9.7,"['不臨江雙床房:HK$212', '江景温馨大床房:HK$500', '江景投影大標間房:HK$546', '江景投影大床房:HK$698']"
