酒店名称,评分,房型价格列表
漳州薌逸·閩南藝宿酒店（漳州古城北京路店）,9.7,"['文廟熹丨雲享逸眠大床房+智能客控+零壓床墊:HK$310', '文昌門丨悦享大床房+零壓床墊+温控馬桶:HK$322', '芳華里丨沐光高級大床房+零壓床墊+陽光鬧鐘:HK$334', '騎樓街丨古城街景大床房+智能客控+零壓床墊:HK$351']"
沐古設計師酒店,9.4,"['沐城丨城景大床房（帶深泡浴缸＋慕斯睡眠床墊）:HK$325', '沐城丨城景雙床房（慕斯睡眠床墊）:HK$358', '沐檐丨觀景尊貴大床房（深泡浴缸+100寸VIP觀影）:HK$391', '沐溪丨觀景陽台大床房（深泡浴缸+100寸VIP觀影）:HK$402']"
汐月閩南庭院式酒店（漳州古城店）,9.5,"['汐月景觀露台大床房（舒達床墊+智能客控）:HK$382', '汐月庭院大床房（户外浴缸+舒達床墊+温泉私湯）:HK$397', '汐月雙床房（舒達床墊+語音客控）:HK$413', '汐月榻榻米標間（舒達床墊+智能馬桶）:HK$424', '汐月南洋露台大床房（舒達床墊+智能客控）:HK$434']"
貴賓舍酒店（漳州百花村交易大樓龍江樂園店）,9.2,"['驚喜寶藏房（65寸大屏電視+零壓床墊+智能語音控制+自動馬桶+自動窗簾）:HK$241', '精緻大床房:HK$261', '法式舒漫城景大床房（65寸大屏電視+零壓床墊+智能語音控制+人體感應自動馬桶+自動窗簾）:HK$274', '法式優眠大床房（65寸大屏電視+零壓床墊+智能語音控制+人體感應自動馬桶+自動窗簾）:HK$294']"
雙溪雙宿民宿（漳州薌城店）,9.9,"['閩南竹語 . 匠築精緻大床房『夯土傳韻＋攬月枕星』:HK$315', '薌城故里 . 拾光精緻雙床房『枕水聽溪＋閩南戲韻』:HK$623', '漳南雅筑 . 圍樓典雅大床房『古厝遺風+ 夯土築夢』:HK$688', '雙溪畫境 . 聽溪典雅雙床房『紅磚映霞＋星河伴夢』:HK$765', '土樓雲閣 . 枕月豪華套房『黛瓦流韻＋燕尾飛檐』:HK$1,093']"
陌上輕居酒店（漳州古城文昌門店）,9.5,"['品學·陌畔思歸大床房:HK$336', '靜逸·花雅影音大床房:HK$336', '品學·宋風花雅雙床房:HK$367', '雅緻·文廟書韻大床房:HK$367']"
維特酒店（漳州古城店）,9.2,"['雅緻大床房:HK$384', '休閑大床房:HK$405', '休閑雙床房:HK$460', '景觀大床房:HK$460']"
錦江客棧（龍海後港古街店）,9.5,"['紫雲巖大床房（全屋智能+小度聲控）:HK$361', '雙第華僑雙人房:HK$384', '海上田園大床房:HK$438', '羅漢峯大床房:HK$439', '埭美古村落大床房（動人夜景+品牌記憶枕）:HK$445']"
閩南古韻拾光·安楠舍酒店（漳州古城店）,9.5,"['侘寂風和幸大床房（100寸騰訊VIP＋智能語音客控）:HK$340', '侘寂風浴缸大床房（100寸騰訊VIP＋智能語音客控）:HK$360', '户外陽台大床房（户外私人浴缸+100寸騰訊VIP）:HK$372', '侘寂風和喜雙床房（100寸騰訊VIP＋智能語音客控）:HK$372']"
漳州古城九龍大道亞朵酒店,9.6,"['高級大床房:HK$412', '行政大床房:HK$439', '行政雙床房:HK$457', '幾木大床房:HK$466', '幾木雙床房:HK$493']"
花築·高陞館·民國傳承·閩南古厝·歷史文化美宿（漳州古城店）,9.7,"['靜謐大床房【空氣凈化器·小米電視】:HK$441', '古城街景大床房【小米電視·空氣凈化器】:HK$481', '浴缸大床房【小米電視·空氣凈化器·深泡浴缸】:HK$489', '星空城樓景露台大床房【大露台·空氣凈化器·小米電視】:HK$518']"
漳州佰翔圓山酒店（古城店）,9.4,"['精品大床房-270°精品房型，暢享靜謐空間:HK$467', '豪華城景雙床房-觀景大陽台，推窗瞰城廓:HK$486', '尊貴江景大床房-商務旅居，賞一江四橋美景:HK$597', '行政雙床房-慢遊漳州·都市輕奢旅居:HK$652', '行政大床房-觀景大陽台，賞九龍江畔美景:HK$652', '家庭房-親子家庭樂享温馨大空間:HK$708']"
漳州薌江酒店（漳州古城店）,9.5,"['商務雙床房:HK$434', '商務大床房:HK$467', '景觀大床房:HK$577', '景觀雙床房:HK$577', '銀髮商務大床房-專屬長輩慢時光療愈的自在旅居:HK$752', '行政景觀大床房:HK$889']"
漳州浦口商務酒店,9.4,"['特惠寶藏房（55寸大屏電視+智能語音控制+語音電動窗簾+多重場景氛圍燈）:HK$193', '高級大床房（55寸大屏電視+智能語音控制+語音電動窗簾+多重場景氛圍燈）:HK$198', '商務雙床房（55寸大屏電視+智能語音控制+語音電動窗簾+多重場景氛圍燈）:HK$212', '商務大床房（55寸大屏電視+智能語音控制+語音電動窗簾+多重場景氛圍燈）:HK$216']"
南山·悦舍酒店（漳州古城店）,9.4,"['南山秋色:HK$300', '丹溪曉日:HK$309', '鶴嶺晴煙:HK$310', '西浦夕陽【複式套房+獨立茶室】:HK$364']"
漳州大酒店（古城店）,9.3,"['商務雙床房:HK$360', '商務大床房:HK$360', '酷芽豬豬俠主題商務雙床房:HK$553', '酷芽超級飛俠恐龍主題商務雙床房:HK$553', '商務套房:HK$573']"
漳州龍海蘭歐國際酒店,8.7,"['高級大床房（高端洗護+MiNi吧）:HK$380', '高級雙床房（高端洗護+MiNi吧）:HK$380', '豪華大床房（智能客控+MiNi吧+高端洗護）:HK$413', '豪華雙床房（智能客控+MiNi吧+高端洗護）:HK$413', '行政大床房（智能客控+MiNi吧+高端洗護）:HK$413']"
漳州三寶開元名都酒店（古城店）,9.5,"['豪華城景大床房:HK$621', '豪華城景雙床房:HK$621', '豪華江景大床房:HK$687', '豪華江景雙床房:HK$687', '行政大床房:HK$1,124', '行政雙床房:HK$1,124']"
鉑頓元世紀酒店（長泰桃李春風店）,9.2,"['高級庭院大床房（蘇式園林風+功夫茶具+靜音好眠）:HK$391', '高級庭院雙床房（蘇式園林風+功夫茶具+靜音好眠）:HK$391', '園景露台大床房（蘇式園林風+功夫茶具+靜音好眠）:HK$476', '園景露台雙床房（蘇式園林風+功夫茶具+靜音好眠）:HK$476', '豪華園景露台大床房（蘇式園林風+功夫茶具+靜音好眠）:HK$561']"
全季酒店（漳州勝利東路店）,9.5,"['高級大床房:HK$449', '商務大床房:HK$482', '高級雙床房:HK$491', '套房:HK$556']"
漳州賓館（古城店）,9.5,"['凌波樓雅緻大床房:HK$413', '凌波樓雅緻雙床房:HK$413', '天寶樓商務雙床房:HK$467', '天寶樓商務大床房:HK$467', '凌波樓商務大床房:HK$467', '凌波樓商務雙床房:HK$467']"
臨雲酒店（閩南水鄉店）,9.4,"['商務大床房:HK$295', '商務雙床房:HK$304', '豪華雙床房:HK$322', '商務套房:HK$372']"
花間喜園民宿,10.0,"['棲雲-嵐境智能投影高級大床房:HK$346', '忘憂-嵐境智能投影豪華大床房:HK$617', '月見-嵐境智能投影豪華雙床房:HK$617', '朝顏-嵐境智能投影豪華套房:HK$745']"
維也納酒店（漳州金峯商業中心店）,9.4,"['豪華大床房:HK$289', '豪華雙床房:HK$300', '影音大床房:HK$323', '影音雙床房:HK$333', '商務大床房:HK$358']"
花築·棲遲·禪意茶空間·露台觀景·溫泉度假美宿（漳州古城店）,8.5,"['城景|庭院雙床房+智能客控+巨幕投影+智能化粧鏡+智能馬桶:HK$412', '棲霞丨温泉大床房+私湯+智能客控+巨幕投影+智能化粧鏡+智能馬桶:HK$412', '棲雲丨精緻温泉大床房+私湯+智能客控+巨幕投影+智能化粧鏡+智能馬桶:HK$480', '棲山丨庭院温泉大床房+私湯+智能客控+巨幕投影+智能化粧鏡+智能馬桶:HK$489']"
漫雲·悦舍酒店（古城店）,9.3,"['標準大床房:HK$314', '行政大床房:HK$326', '標準雙床房:HK$326', '行政雙床房:HK$369']"
途客數字酒店（漳州閩南水鄉福隆城店）,9.3,"['智能特惠大床房 ▏靜謐空間+65寸高清電視:HK$285', '智能標準大床房 ▏靜謐空間+65寸高清電視:HK$307', '智能高級大床房 ▏靜謐空間+65寸高清電視:HK$324', '夢百合0壓智能標準大床房:HK$324', '智能豪華大床房 ▏甄選品質+65寸高清電視:HK$347']"
片仔癀温泉酒店,9.4,"['豪華雙床房:HK$494', '豪華大床房:HK$494', '行政温泉套房【山覓湖韻・暖泉幽居】:HK$916', '酷芽巴啦啦小魔仙音樂主題豪華雙床房:HK$937', '酷芽超級飛俠星際主題豪華雙床房:HK$937', '酷芽豬豬俠海洋主題豪華雙床房:HK$937']"
明軒商務酒店（漳州古城大潤發店）,9.1,"['明馨榻榻米房:HK$145', '明雅高級大床房:HK$145', '明佳高檔大床房:HK$166', '明瑞高檔雙人房:HK$173']"
漳州市帝中鑫酒店（金峯商業中心店）,9.7,"['窗外好景大床房【品牌零壓床墊+美的中央空調】:HK$205', '巨幕影音大床房【手機投屏+辦公桌+品牌零壓床墊】:HK$219', '拍照出片雙床房【品牌零壓床墊+美的中央空調+可投屏】:HK$232', '温馨童趣親子家庭房【親子帳篷+小童牙刷拖鞋】:HK$245']"
漳州銀佳賓館（古城店）,9.3,"['雅緻-雙床:HK$300', '雅緻-大床:HK$300', '精品房-雙床B:HK$413', '精品房-大床:HK$413']"
漳州鑽石大酒店（古城店）,8.9,"['公務雙床房:HK$292', '公務大床房:HK$298', '商務雙床房:HK$298', '商務大床房:HK$298', '行政雙床房:HK$372']"
ONLYONE温泉度假村,8.5,"['室內私湯大床房:HK$730', '庭院私湯大床房:HK$762', '室內私湯複式大床房:HK$839', '庭院私湯複式大床房:HK$872', '私湯湖景雙床房:HK$904']"
漳州弘晟酒店（古城牛莊店）,8.9,"['優享大床房:HK$208', '標準大床房:HK$226', '温馨親子房:HK$248', '標準雙床房:HK$260']"
漳州萬達嘉華酒店,9.3,"['豪華雙床房:HK$435', '行政大床房:HK$731', '行政雙床房:HK$731', '豪華套房:HK$756', '行政套房:HK$2,029']"
十里明悦度假酒店,9.7,"['副樓大床房:HK$515', '副樓雙床房:HK$515', '有靠山大床房:HK$541', '有靠山雙床房:HK$541']"
全季酒店（漳州悅滙廣場店）,9.4,"['高級大床房:HK$362', '高級雙床房:HK$373', '商務大床房:HK$382', '商務雙床房:HK$391']"
全季酒店（角美火車站店）,9.8,"['大床房:HK$293', '高級大床房:HK$312', '高級雙床房:HK$312', '商務大床房:HK$340']"
漳州幸福酒店（古城牛莊店）,9.3,"['高級大床房:HK$221', '高級雙床房:HK$221', '商務雙床房:HK$245', '商務大床房:HK$245']"
漳州閩南王府庭院式酒店,9.5,"['宜庭雙床房:HK$336', '悦庭豪華大床·觀賞房:HK$381', '妙庭豪華雙床·觀賞房:HK$381', '妙庭尊貴雙人房·庭院房:HK$449', '雅庭尊貴大床·露台房:HK$449']"
花築·海巢美墅（龍海鎮海角店）,9.3,"['蔓蔓青蘿大床房:HK$342', '滄海一粟大床房:HK$378', '依山伴海榻榻米大床房:HK$393', '水天一色海景大床房:HK$452']"
長泰隱山居酒店,8.4,"['獨棟樹屋:HK$532', '心谷大床房:HK$798', '觀雲榻榻米房:HK$798', '觀星大床房:HK$879']"
龍海華僑大酒店（後港古街店）,9.4,"['標準大床房:HK$306', '標準雙床房:HK$306', '主題親子房:HK$484', '豪華套房:HK$612']"
漳州裕元大酒店,9.3,"['山景大床房:HK$277', '高級雙床房:HK$277', '商務雙床房（國際知名品牌床墊＋舒適蕎麥枕）:HK$297', '山景豪華大床房（國際知名品牌床墊＋舒適蕎麥枕）:HK$308', '豪華雙床房 （國際知名品牌床墊＋舒適蕎麥枕）:HK$308']"
青年陽光酒店（漳州萬達廣場店）,9.2,"['S悦享主題房【高層景觀+寫字桌+沙發茶几】:HK$213', 'S暢享舒適雙床房【高層景觀+辦公桌椅】:HK$220', 'S優享特色主題房【多種特色主題風】:HK$220', 'S日式榻榻米大床房【高層景觀+觀景陽台+休閑區】:HK$241']"
漳州融信皇冠假日酒店,9.2,"['城景大床房:HK$374', '城景雙床房:HK$382', '湖景雙床房:HK$457', '湖景大床房:HK$457', '行政雙床房:HK$624', '行政大床房:HK$624']"
麗楓酒店（漳州欣隆盛世廣場店）,9.5,"['浪漫優享房-慕思床墊+空氣凈化器:HK$356', '雅緻大床房-慕思床墊+空氣凈化器:HK$366', '豪華大床房-慕思床墊+空氣凈化器:HK$390', '豪華雙床房-慕思床墊+空氣凈化器:HK$399']"
安若小鎮·跡相民宿,9.6,"['山景雙床房:HK$1,003', '山景大床房:HK$1,188', '山澗浴缸大床房:HK$1,374', '童趣親子大床房:HK$1,560', '跡相景觀套房:HK$1,745']"
全季酒店（漳州長泰店）,9.6,"['高級大床房:HK$308', '高級雙床房:HK$308', '商務大床房:HK$337', '景觀大床房:HK$365']"
悦澗酒店（漳州古城店）,9.3,"['禪意|靈動大床房:HK$287', '清醇|街景大床房:HK$305', '陳香|悦享大床房:HK$315', '蘭香|逸居雙床房:HK$333']"
