酒店名称,评分,房型价格列表
漳州佰翔圓山酒店（古城店）,9.4,"['精品大床房-270°精品房型，暢享靜謐空間:HK$464', '豪華城景雙床房-觀景大陽台，推窗瞰城廓:HK$481', '尊貴江景大床房-商務旅居，賞一江四橋美景:HK$577', '行政雙床房-慢遊漳州·都市輕奢旅居:HK$626', '行政大床房-觀景大陽台，賞九龍江畔美景:HK$626', '家庭房-親子家庭樂享温馨大空間:HK$674']"
漳州萬達嘉華酒店,9.3,"['豪華雙床房:HK$379', '行政大床房:HK$636', '行政雙床房:HK$636', '豪華套房:HK$687', '行政套房:HK$1,846']"
月泊棲城·文化行宿（漳州古城店）,9.5,"['修泊:HK$325', '修文:HK$329', '修城:HK$335', '棲城:HK$340']"
漳州薌逸·閩南藝宿酒店（漳州古城北京路店）,9.7,"['文廟熹丨雲享逸眠大床房+智能客控+零壓床墊:HK$297', '文昌門丨悦享大床房+零壓床墊+温控馬桶:HK$311', '芳華里丨沐光高級大床房+零壓床墊+陽光鬧鐘:HK$328', '騎樓街丨古城街景大床房+智能客控+零壓床墊:HK$339']"
全季酒店（漳州勝利東路店）,9.5,"['高級大床房:HK$400', '商務大床房:HK$428', '高級雙床房:HK$437', '套房:HK$493']"
維特酒店（漳州古城店）,9.2,"['雅緻大床房:HK$388', '休閑大床房:HK$406', '休閑雙床房:HK$454', '景觀大床房:HK$454']"
汐月閩南庭院式酒店（漳州古城店）,9.5,"['汐月景觀露台大床房（舒達床墊+智能客控）:HK$346', '汐月庭院大床房（户外浴缸+舒達床墊+私湯）:HK$360', '汐月雙床房（舒達床墊+語音客控）:HK$378', '汐月榻榻米標間（舒達床墊+智能馬桶）:HK$387', '汐月南洋露台大床房（舒達床墊+智能客控）:HK$397']"
修宿·僑村1956民宿,9.7,"['馬六甲|落地窗大床房:HK$290', '雅加達|落地窗全景房:HK$340', '馬尼拉|落地窗園景房:HK$340', '新山|陽台花園房:HK$352', '仰光|大陽台花園房:HK$365']"
陌上輕居酒店（漳州古城文昌門店）,9.5,"['品學·陌畔思歸大床房:HK$320', '靜逸·花雅影音大床房:HK$320', '品學·宋風花雅雙床房:HK$347', '雅緻·文廟書韻大床房:HK$347']"
沐古設計師酒店,9.4,"['沐城丨城景大床房（帶深泡浴缸＋慕斯睡眠床墊）:HK$283', '沐城丨城景雙床房（慕斯睡眠床墊）:HK$340', '沐溪丨觀景陽台大床房（深泡浴缸+100寸VIP觀影）:HK$369', '沐檐丨觀景尊貴大床房（深泡浴缸+100寸VIP觀影）:HK$369']"
漳州大酒店（古城店）,9.3,"['商務雙床房:HK$314', '商務大床房:HK$314', '酷芽豬豬俠主題商務雙床房:HK$471', '酷芽超級飛俠恐龍主題商務雙床房:HK$471', '商務套房:HK$499']"
安楠舍酒店（漳州古城店）,9.5,"['侘寂風和幸大床房（100寸騰訊VIP＋智能語音客控）:HK$402', '侘寂風浴缸大床房（100寸騰訊VIP＋智能語音客控）:HK$424', '户外陽台大床房（户外私人浴缸+100寸騰訊VIP）:HK$440', '侘寂風和喜雙床房（100寸騰訊VIP＋智能語音客控）:HK$440']"
漫雲·悦舍酒店（古城店）,9.3,"['標準大床房:HK$294', '行政大床房:HK$303', '標準雙床房:HK$303', '行政雙床房:HK$341']"
鉑頓元世紀酒店（長泰桃李春風店）,9.2,"['高級庭院大床房（蘇式園林風+功夫茶具+靜音好眠）:HK$332', '高級庭院雙床房（蘇式園林風+功夫茶具+靜音好眠）:HK$332', '園景露台大床房（蘇式園林風+功夫茶具+靜音好眠）:HK$404', '園景露台雙床房（蘇式園林風+功夫茶具+靜音好眠）:HK$404', '豪華園景露台大床房（蘇式園林風+功夫茶具+靜音好眠）:HK$476']"
漳州融信皇冠假日酒店,9.2,"['城景大床房:HK$376', '城景雙床房:HK$384', '湖景雙床房:HK$460', '湖景大床房:HK$460', '行政雙床房:HK$648', '行政大床房:HK$648']"
漳州三寶開元名都酒店（古城店）,9.4,"['豪華城景大床房:HK$541', '豪華城景雙床房:HK$541', '豪華江景大床房:HK$598', '豪華江景雙床房:HK$598', '行政大床房:HK$978', '行政雙床房:HK$978']"
漳州賓館（古城店）,9.4,"['凌波樓雅緻大床房:HK$359', '凌波樓雅緻雙床房:HK$359', '天寶樓商務雙床房:HK$407', '天寶樓商務大床房:HK$407', '凌波樓商務大床房:HK$407', '凌波樓商務雙床房:HK$407']"
途客數字酒店（漳州閩南水鄉福隆城店）,9.3,"['智能標準大床房 ▏靜謐空間+65寸高清電視:HK$246', '智能特惠大床房 ▏靜謐空間+65寸高清電視:HK$246', '智能高級大床房 ▏靜謐空間+65寸高清電視:HK$258', '夢百合0壓智能標準大床房:HK$258', '智能豪華大床房 ▏甄選品質+65寸高清電視:HK$280']"
漳州裕元大酒店,9.3,"['山景大床房:HK$241', '高級雙床房:HK$241', '商務雙床房（國際知名品牌床墊＋舒適蕎麥枕）:HK$259', '山景豪華大床房（國際知名品牌床墊＋舒適蕎麥枕）:HK$268', '豪華雙床房 （國際知名品牌床墊＋舒適蕎麥枕）:HK$268']"
南山·悦舍酒店（漳州古城店）,9.4,"['鶴嶺晴煙:HK$286', '丹溪曉日:HK$310', '南山秋色:HK$314', '西浦夕陽【複式套房+獨立茶室】:HK$360']"
漳州鑽石大酒店（古城店）,8.9,"['公務雙床房:HK$254', '公務大床房:HK$260', '商務雙床房:HK$260', '商務大床房:HK$260', '行政雙床房:HK$324']"
漳州銀佳賓館（古城店）,9.3,"['雅緻-雙床:HK$262', '雅緻-大床:HK$262', '精品房-雙床B:HK$359', '精品房-大床:HK$359']"
雙溪雙宿民宿（漳州薌城店）,9.8,"['閩南竹語 . 匠築精緻大床房『夯土傳韻＋攬月枕星』:HK$274', '薌城故里 . 拾光精緻雙床房『枕水聽溪＋閩南戲韻』:HK$447', '漳南雅筑 . 圍樓典雅大床房『古厝遺風+ 夯土築夢』:HK$504', '雙溪畫境 . 聽溪典雅雙床房『紅磚映霞＋星河伴夢』:HK$570', '土樓雲閣 . 枕月豪華套房『黛瓦流韻＋燕尾飛檐』:HK$847']"
維也納酒店（漳州金峯商業中心店）,9.4,"['豪華大床房:HK$252', '豪華雙床房:HK$261', '影音大床房:HK$281', '影音雙床房:HK$290', '商務大床房:HK$312']"
星程酒店（漳州碧湖萬達廣場店）,9.2,"['高級大床房:HK$332', '高級雙床房:HK$340', '高級特大床房:HK$350', '商務大床房:HK$358']"
漳州龍海蘭歐國際酒店,8.6,"['高級大床房（高端洗護+MiNi吧）:HK$359', '高級雙床房（高端洗護+MiNi吧）:HK$359', '行政大床房（智能客控+MiNi吧+高端洗護）:HK$377', '豪華大床房（智能客控+MiNi吧+高端洗護）:HK$423', '豪華雙床房（智能客控+MiNi吧+高端洗護）:HK$423']"
聆海.沐晨海墅,9.9,"['雲上 | 日出全海景套房:HK$1,395', '汐音 | 日出全海景套房:HK$1,395', '沐晨.日出全海景套房:HK$1,538', '聆海.日出全海景套房:HK$1,789']"
貴賓舍酒店（漳州百花村交易大樓龍江樂園店）,9.2,"['法式舒漫城景大床房（65寸大屏電視+零壓床墊+智能語音控制+人體感應自動馬桶+自動窗簾）:HK$269', '驚喜寶藏房（65寸大屏電視+零壓床墊+智能語音控制+自動馬桶+自動窗簾）:HK$275', '法式輕奢城景大床房（65寸大屏電視+零壓床墊+智能語音控制+人體感應自動馬桶+自動窗簾）:HK$288', '法式輕奢城景雙床房（65寸大屏電視+零壓床墊+智能語音控制+人體感應自動馬桶+自動窗簾）:HK$288']"
青年陽光酒店（漳州萬達廣場店）,9.2,"['S悦享主題房【高層景觀+寫字桌+沙發茶几】:HK$198', 'S暢享舒適雙床房【高層景觀+辦公桌椅】:HK$204', 'S優享特色主題房【多種特色主題風】:HK$204', 'S日式榻榻米大床房【高層景觀+觀景陽台+休閑區】:HK$222']"
全季酒店（漳州悅滙廣場店）,9.4,"['高級大床房:HK$324', '高級雙床房:HK$332', '商務大床房:HK$340', '商務雙床房:HK$349']"
全季酒店（角美火車站店）,9.8,"['大床房:HK$252', '高級大床房:HK$269', '高級雙床房:HK$269', '商務大床房:HK$293']"
愛客印象酒店（漳州萬達廣場店）,9.4,"['四季如春 | 沐光大床房[零壓床墊+燈光氛圍+大窗採光]:HK$221', '温馨宜人|沐光雙床房[零壓床墊+高清大屏+舒適床品]:HK$240', '温暖如意 | 智能大床房[語音控制+中央空調+舒適氛圍]:HK$258', '温馨如意 | 智能雙床房[自然採光+空氣凈化+電動窗簾]:HK$277']"
11度假別墅（漳州古城店）,8.8,"['投影巨幕大床房:HK$274', '雅緻親子房:HK$341', '智慧親子套房:HK$383', '美墅高奢套房:HK$388']"
漳州浦口商務酒店,9.4,"['特惠寶藏房（55寸大屏電視+智能語音控制+語音電動窗簾+多重場景氛圍燈）:HK$168', '高級大床房（55寸大屏電視+智能語音控制+語音電動窗簾+多重場景氛圍燈）:HK$172', '商務雙床房（55寸大屏電視+智能語音控制+語音電動窗簾+多重場景氛圍燈）:HK$184', '商務大床房（55寸大屏電視+智能語音控制+語音電動窗簾+多重場景氛圍燈）:HK$188']"
花築·高陞館·民國傳承·閩南古厝·歷史文化美宿（漳州古城店）,9.7,"['靜謐大床房【空氣凈化器·小米電視】:HK$529', '古城街景大床房【小米電視·空氣凈化器】:HK$537', '浴缸大床房【小米電視·空氣凈化器·深泡浴缸】:HK$560', '星空城樓景露台大床房【大露台·空氣凈化器·小米電視】:HK$581']"
漳州明發温德姆至尊豪廷大酒店,9.0,"['高級大床房:HK$476', '高級雙床房:HK$476', '豪華大床房:HK$513', '豪華雙床房:HK$513', '豪廷房:HK$533', '豪華套房:HK$937']"
臨雲酒店（閩南水鄉店）,9.5,"['商務大床房:HK$257', '商務雙床房:HK$265', '豪華雙床房:HK$280', '商務套房:HK$324']"
片仔癀温泉酒店,9.4,"['豪華雙床房:HK$541', '豪華大床房:HK$541', '行政温泉大床房【古城畔・雅緻暖泉】:HK$816', '小黃鴨親子房:HK$816', '酷芽巴啦啦小魔仙音樂主題豪華雙床房:HK$816', '酷芽超級飛俠星際主題豪華雙床房:HK$816']"
漳州弘晟酒店（古城牛莊店）,8.9,"['優享大床房:HK$181', '標準大床房:HK$197', '温馨親子房:HK$216', '標準雙床房:HK$226']"
如家商旅酒店（漳州騰飛路古城店）,9.2,"['商務大床房A:HK$222', '雙床房A:HK$230', '商務大床房:HK$239', '雙床房:HK$248']"
龍海華僑大酒店（後港古街店）,9.4,"['標準大床房:HK$266', '標準雙床房:HK$266', '主題親子房:HK$421', '豪華套房:HK$532']"
歐暇·地中海酒店（漳州長泰凱悦廣場店）,9.6,"['歐暇大床房（深睡眠床墊+智能馬桶）:HK$264', '歐暇雙床房（深睡眠床墊+智能馬桶）:HK$264', '暇享温馨大床房（特長睡床+靜音好眠）:HK$294', '暇享親子家庭房（小童樂園+小童帳篷+親子佈置）:HK$324']"
雅家達酒店（漳州古城店）,9.0,"['優享雙床房:HK$211', '優享大床房:HK$221', '標準大床房:HK$234', '豪華大床房:HK$243']"
麗楓酒店（漳州欣隆盛世廣場店）,9.5,"['浪漫優享房-慕思床墊+空氣凈化器:HK$339', '雅緻大床房-慕思床墊+空氣凈化器:HK$348', '豪華大床房-慕思床墊+空氣凈化器:HK$371', '商務大床房-慕思床墊+空氣凈化器:HK$417']"
全季酒店（漳州長泰店）,9.6,"['高級大床房:HK$269', '高級雙床房:HK$269', '商務大床房:HK$293', '景觀大床房:HK$318']"
安若小鎮·跡相民宿,9.6,"['山景雙床房:HK$873', '山景大床房:HK$1,034', '山澗浴缸大床房:HK$1,196', '童趣親子大床房:HK$1,357', '跡相景觀套房:HK$1,519']"
柏曼酒店（漳州悅滙廣場店）,9.5,"['智能榻榻米大床房:HK$261', '智能標準雙床房:HK$318', '智能標準大床房:HK$318', '智能高級大床房:HK$343']"
漳州閩南王府庭院式酒店,9.5,"['悦庭豪華大床·觀賞房:HK$332', '妙庭豪華雙床·觀賞房:HK$332', '妙庭尊貴雙人房·庭院房:HK$391', '雅庭尊貴大床·露台房:HK$391', '逸庭尊貴親子·童話房:HK$485']"
漳州龍佳大酒店,8.9,"['雅緻温泉大床房:HK$465', '雅緻温泉雙床房:HK$471', '豪華温泉景觀大床房（帶獨立泡池）:HK$531', '豪華温泉景觀雙床房（帶獨立泡池）:HK$531', '山莊風景雙床房:HK$591', '小熊尼奧温泉大床房:HK$598']"
宜尚酒店（漳州角美動車站仁和西路店）,9.6,"['標準大床房:HK$200', '標準雙床房:HK$207', '高級大床房:HK$213', '高級雙床房:HK$219']"
