酒店名称,评分,房型价格列表
遼寧賓館,8.9,"['標準雙人間:HK$375', '高級標準間:HK$482', '高級大床房:HK$482']"
瀋陽雲灣酒店（奧體中心盛京大奧萊店）,9.3,"['麗景大床房（智能小度+手機投屏+50寸電視）:HK$264', '麗景雙床房（智能小度+手機投屏+50寸電視）:HK$274', '雲灣觀景大床房（智能小度+50寸電視+高層景觀）:HK$283', '雲灣觀景雙床房（智能小度+50寸電視+高層景觀）:HK$292', '麗景高級大床房（休閑軟榻+智能小度+手機投屏+50寸電視）:HK$310']"
全季酒店（瀋陽中街懷遠門地鐵站店）,9.6,"['大床房（智能客控+智能馬桶+手機投屏+小冰箱）:HK$415', '高級大床房（智能客控+智能馬桶+手機投屏+小冰箱）:HK$444', '雙床房（智能客控+智能馬桶+手機投屏+小冰箱）:HK$444', '高級雙床房（智能客控+智能馬桶+手機投屏+小冰箱）:HK$481']"
天潤悦致酒店（瀋陽桃仙機場省博物館店）,9.6,"['豪華大床房（冷藏小冰箱+化粧鏡+無線投屏）:HK$361', '悦享大床房（冷藏小冰箱+化粧鏡+無線投屏）:HK$373', '悦致商務大床房（冷藏小冰箱+化粧鏡+無線投屏）:HK$385', '影音大床房（冷藏小冰箱+化粧鏡+無線投屏+75寸電視）:HK$385', '商旅超寬雙床房（冷藏小冰箱+化粧鏡+無線投屏）:HK$395']"
如家商旅酒店（瀋陽桃仙機場音樂學院桃仙校區店）,9.5,"['商務大床房:HK$289', '高級大床房:HK$306', '高級雙床房:HK$306', '家庭房:HK$341']"
瀋陽中心大酒店（瀋陽中街故宮大悅城店）,9.5,"['城市景觀房|全場8K跨屏電影級系統:HK$381', '城市森林氧吧房|全場柏林之聲3D環繞音響:HK$414', '城市景觀雙床房|零壓床墊+乳膠枕+羽絨被:HK$480', '270°觀景行政套房|森林負離子氧吧:HK$534', '家庭親子房|全場全屋智能+無線充電+冰箱:HK$588']"
簡裏古寂酒店（瀋陽站太原街店）,9.7,"['簡春·靜緩大床房（無線投屏+電動窗簾）:HK$350', '裏夏·悠靜大床房（記憶枕+小冰箱+乳膠床墊）:HK$385', '古秋·閑逸雙床房（記憶枕+小冰箱+智能客控）:HK$446', '寂冬·暖暖大床房（網紅全身鏡+電動窗簾+小冰箱）:HK$446']"
如家商旅酒店（瀋陽奧體中心地鐵站大奧萊店）,9.5,"['商務大床房A:HK$312', '雙床房A:HK$331', '高級大床房:HK$377', '高級雙床房:HK$377']"
瀋陽榮富飯店（太原街瀋陽站西廣場店）,9.0,"['高級大床房:HK$370', '高級雙床房:HK$370', '豪華大床房:HK$403', '豪華雙床房:HK$403', '行政雙床房:HK$410']"
奉天緣酒店（瀋陽北站金融中心地鐵站店）,9.5,"['綠苑晴光榻榻米影院房（巨幕投影+零壓床墊+華為智能）:HK$236', '觀景榻榻米雙床房（零壓床墊+華為智能）:HK$307', '城景豪華大床房（零壓床墊+特色品茗+華為智能+辦公）:HK$307', '城景榻榻米影院（零壓床墊+巨幕投影+特色品茗+華為智能）:HK$329']"
瀋陽歡喜酒店（瀋陽奧體中心彩霞街地鐵站店）,9.7,"['歡悦·高級智能大床房·超清4k投屏:HK$385', '歡影·巨幕智能大床房·海量片源:HK$398', '歡致·豪華智能大床房·自助洗衣:HK$411', '歡致·豪華智能雙床房·零壓床墊:HK$423']"
盛京記憶酒店（瀋陽中街故宮店）,9.5,"['雅緻大床房:HK$392', '豪華大床房:HK$421', '豪華雙床房:HK$421', '家庭房:HK$447']"
漫季雲尚酒店（瀋陽北站老北市夜市店）,9.3,"['特種兵秒睡大床房|記憶枕+書桌:HK$233', '優選靜謐大床房丨記憶枕+辦公書桌:HK$246', '優選靜謐雙床房丨記憶枕+辦公書桌:HK$246', '樂享雅緻大床房丨記憶枕+書桌+地暖:HK$253']"
如家商旅酒店（瀋陽醫大四院北塔地鐵站店）,9.5,"['商務大床房A（手機投屏+中央空調）:HK$277', '商務大床房（手機投屏+中央空調）:HK$295', '雙床房（手機投屏+中央空調）:HK$295', '高級大床房（手機投屏+中央空調）:HK$314']"
宜尚酒店（瀋陽北站地鐵站店）,9.5,"['智能大床房（北歐風+安靜舒適）:HK$283', '智能雙床房（北歐風+安靜舒適）:HK$283', '智能高級大床房（北歐風+悠享辦公）:HK$388', '智能高級雙床房（北歐風+悠享辦公）:HK$388']"
和頤至尚酒店（瀋陽故宮中街地鐵站店）,9.5,"['大床房:HK$351', '和頤大床房（65寸投屏電視+記憶床墊）:HK$384', '雙床房:HK$393', '商務大床房:HK$393', '和頤高級大床房（65寸投屏電視+記憶床墊）:HK$427']"
全季酒店（瀋陽南陽湖街地鐵站店）,9.6,"['高級大床房:HK$321', '雙床房:HK$321', '舒壓-高級大床房:HK$349', '舒壓-雙床房:HK$349']"
瀋陽新華天璽酒店,9.2,"['精品高級大床房:HK$251', '精品商務大床房:HK$344', '零壓深睡大床房:HK$344', '精品豪華大床房:HK$367']"
瀋陽鐵西廣場保工街地鐵站輕居酒店,9.7,"['精選大床房（深睡床墊+深睡枕+投屏+小冰箱）:HK$295', '高級雙床房（深睡床墊+深睡枕+投屏+小冰箱）:HK$295', '高級大床房（深睡床墊+深睡枕+投屏+小冰箱）:HK$313', '高級城景雙床房（深睡床墊+深睡枕+投屏+小冰箱）:HK$322']"
瀋陽萬悦半島酒店,9.3,"['靜悦大床房（無窗）:HK$266', '靜悦大床房:HK$287', '雅悦大床房:HK$309', '雅悦標準房:HK$309']"
和頤酒店（瀋陽渾南奧體中心萬達廣場店）,9.6,"['商務大床房:HK$404', '雙床房:HK$413', '高級大床房:HK$442', '親子雙床房:HK$490']"
瀋陽中街故宮楓渡酒店,9.7,"['祕境大床房（助眠蕎麥枕+慕思床墊+AI智能設施）:HK$361', '經典大床房（安靜好眠+電視投屏+AI智能設施）:HK$389', '故景-純粹大床房（AI智能設施+故宮景+慕思助眠床品）:HK$410', '質感大床房（慕思床墊+夢潔床品+AI智能設施）:HK$446', '質感雙床房（夢潔床品+電視投屏+AI智能設施）:HK$446']"
根前兒HYGGE酒店（瀋陽中街故宮懷遠門地鐵站店）,9.5,"['蜜糖森林·甄選大床房【百寸投影+mini冰箱】:HK$280', '悦漫·温馨大床房【百寸投影+影視會員+mini冰箱】:HK$303', '向陽花·心選大床房【百寸投影+影視會員+mini冰箱】:HK$326', 'HYGGE·甄選雙床房【百寸投影+影視會員+mini冰箱】:HK$326']"
WJ凱驛酒店（瀋陽北站店）,9.3,"['靜謐觀影房（全屋智能語音+手機投屏）:HK$229', '靜享觀影房（全屋智能+百寸幕布+手機投屏）:HK$241', '慵懶舒適房:HK$252', '驛靜雙眠房:HK$272']"
瀋陽奧體中心楓渡酒店,9.7,"['祕境大床房（超大電視+慕思酣睡床墊+香鑒精緻洗護）:HK$402', '純粹大床房（智能馬桶+夢潔床品+慕思酣睡床墊）:HK$440', '純粹雙床房（智能馬桶+AI客控+minibar）:HK$440', '質感大床房（沈城夜景+慕思酣睡床墊+智能馬桶）:HK$506', '質感雙床房（Mini Bar+智能馬桶+慕思酣睡床墊）:HK$506']"
瀋陽中街故宮玫瑰亞朵酒店,9.6,"['雅緻大床房（無線電充+手機投屏+中街全景）:HK$484', '雅緻雙床房（無線電充+手機投屏+投屏影音）:HK$484', '高級大床房（無線電充+手機投屏）:HK$528', '高級雙床房（無線充+手機投屏）:HK$528', '高級城景大床房（手機投屏+安靜舒適+故宮外全景）:HK$565']"
瀋陽瑞亞酒店（中街地鐵站店）,9.0,"['高級大床房【智能客控+智能馬桶+助眠床墊】:HK$274', '影音大床房 【巨幕高清VIP投影+雙乳膠枕+乾濕分離】:HK$299', '商務雙床房 【小米85寸電視+電視直播】:HK$324', '影音浴缸房 【巨幕投屏+環繞景觀+高彈床墊+一次浴袋】:HK$349']"
亞泰大酒店（瀋陽中街故宮店）,9.0,"['精品雙床房:HK$370', '精品大床房:HK$370', '精品家庭房:HK$418', '豪華家庭房:HK$450']"
和頤酒店（瀋陽三好街盛京醫院店）,9.6,"['商務大床房（零壓枕）:HK$346', '雙床房（零壓枕）:HK$346', '高級大床房（小冰箱+65寸可投屏電視機+零壓枕）:HK$372', '高級雙床房（小冰箱+65寸可投屏電視+零壓枕）:HK$372']"
瀋陽皇朝萬鑫酒店,9.5,"['豪華大床房:HK$490', '商務大床房:HK$490', '豪華雙床房:HK$511', '商務雙床房:HK$543', '經典大床房:HK$609', '經典雙床房:HK$609']"
雲上居酒店（瀋陽桃仙機場店）,9.5,"['商務雙床房:HK$252', '舒適大床房:HK$260', '雅緻大床房:HK$272', '舒適雙床房:HK$273']"
如家精選酒店（瀋陽北站遼寧省政府店）,9.8,"['商務大床房:HK$347', '高級大床房:HK$376', '雙床房:HK$404', '安心睡0壓大床房:HK$413']"
全季酒店（瀋陽西塔店）,9.7,"['大床房:HK$403', '高級大床房:HK$433', '高級雙床房:HK$433', '家庭房:HK$452']"
家文化酒店（瀋陽北站北廣場岐山路地鐵站店）,9.3,"['雅緻輕奢雙床房:HK$227', '榻榻米大床房:HK$243', '雅緻輕奢大床房:HK$243', '雅緻尊貴雙床房:HK$295']"
華人舒與酒店（瀋陽青年大街金廊廣場店）,9.5,"['優選大床房（智能客控/馬桶+零壓記憶枕+助眠床墊）:HK$352', '高級大床房（電動窗簾+智能小度+沙發+小冰箱+圓形桌）:HK$389', '高級雙床房（電動窗簾+智能小度+小冰箱+零壓記憶枕）:HK$389', '商務大床房（獨立辦公學習桌+手機投屏+小冰箱）:HK$409', '商務雙床房（獨立辦公桌+手機投屏+小冰箱+智能客控）:HK$409']"
YUNIK酒店（瀋陽中街大悦城店）,9.7,"['商務大床房（投屏+零壓床墊）:HK$385', '高級大床房（投屏+零壓床墊+智能馬桶）:HK$413', '電競大床房（HKC+RTX4060顯卡+i513400F+170HZ）:HK$423', '高級雙床房（投屏+零壓床墊+智能馬桶）:HK$442']"
奉天故里酒店（瀋陽中街故宮店）,9.2,"['故里｜雲槿大床房（舒適浴缸+極米投影+語音智控）:HK$490', '奉天｜督師大床房（民國風+慕思床墊+影音+語音智控）:HK$503', '故里｜雲楓大床房（沉浸式觀影+慕思床墊+舒適浴缸）:HK$516', '奉天｜督軍大床房（全屋智能客控+舒適浴缸+暢享影音）:HK$529']"
全季酒店（瀋陽太原街地鐵站中山公園店）,9.9,"['商務雙床房:HK$380', '高級大床房:HK$380', '商務大床房:HK$399', '豪華大床房:HK$418']"
豪澤芮茲酒店（瀋陽於洪盛京醫院吉力湖街地鐵站店）,9.5,"['深度秒睡雅緻大床房（不插卡取電+舒適乳膠床墊+電動窗簾+智能馬桶）:HK$239', '躺平治癒零壓豪華大床房（舒適乳膠床墊+電動窗簾+有窗+獨立衣帽間+安睡羽絨枕）:HK$257', '躺平治癒零壓豪華雙床房（舒適乳膠床墊+獨立衣帽間+電動窗簾+不插卡取電）:HK$312', '商旅高級優選超大床房（超大空間+藍牙音箱+有窗+電動窗簾+零壓力床墊+冷藏小冰箱）:HK$330', '旅行優選親子家庭房（一張大床+一張單人床+安睡羽絨枕）:HK$330']"
瀋陽瀋陽站希爾頓歡朋酒店,9.5,"['舒適大床房（智能馬桶+新風+手機投屏+智能客控）:HK$471', '舒適雙床房（智能馬桶+新風+手機投屏+智能客控）:HK$471', '高級大床房（智能馬桶+新風+手機投屏+智能客控）:HK$500', '高級雙床房（智能馬桶+新風+手機投屏+智能客控）:HK$500', '豪華大床房（智能馬桶+新風+智能客控+浴袍+沙發床）:HK$529']"
如家精選酒店（瀋陽青年大街地鐵站店）,9.6,"['商務大床房A（衣櫃+寫字桌）:HK$248', '商務大床房（衣櫃+寫字桌）:HK$264', '高級大床房（沙發+茶几）:HK$281', '雙床房（衣櫃+寫字桌）:HK$291']"
漫季雲帆酒店（瀋陽中街故宮大帥府店）,9.5,"['特種兵影院大床房|愛奇藝會員+投影+零壓床墊+記憶枕:HK$414', '靜謐暢享影院大床房|愛奇藝會員+投影+零壓床墊+記憶枕:HK$478', '樂享雅緻大床房|電動窗簾+零壓床墊+記憶枕+沙發+圓桌:HK$493', '臻選城景大床房·智能客控+零壓+沙發+圓桌+中街故宮旁:HK$613']"
麗楓酒店（瀋陽故宮中街地鐵站店）,9.6,"['高級大床房:HK$401', '豪華大床房:HK$411', '商務大床房（全屋智控+慕斯床墊）:HK$422', '豪華雙床房:HK$448']"
麗柏酒店（瀋陽北站西塔店）,9.5,"['豪華大床房（小度音控·安睡床品·全自動馬桶）:HK$524', '豪華雙床房（小度音控·安睡床品·全自動智能馬桶）:HK$533', '商務大床房（小度音控·超大床·小冰箱）:HK$578', '影音大床房（小度音控·安睡床品·高清投影）:HK$578', '行政大床房（小度音控·茶吧空間·大投屏智慧電視）:HK$631']"
雲想衣裳民宿（瀋陽中街故宮店）,9.7,"['蘭博基尼大床房:HK$369', '法拉利大床房:HK$369', '紀梵希:HK$425', '安縵:HK$425']"
瀋陽長島逸居酒店（華潤·瀋陽長白萬象滙店）,9.4,"['特惠大床房:HK$197', '商務大床房（電動窗簾+手機投屏+浴袍）:HK$246', '奢華大床房（智能客控+電動窗簾+智能馬桶）:HK$272', '商務雙床房（舒適沙發+獨立光纖+酒店公區提供洗衣房）:HK$294']"
你好酒店（瀋陽中街故宮店）,10.0,"['高級大床房:HK$365', '家庭房:HK$393', '商務雙床房:HK$421']"
如家精選酒店（瀋陽火車站西廣場北二路店）,9.3,"['大床房:HK$258', '商務大床房:HK$283', '高級大床房:HK$309', '高級雙床房:HK$309']"
瀋陽於洪廣場地鐵站輕居酒店,9.7,"['標準大床房（小冰箱+手機投屏）:HK$322', '舒適大床房（小冰箱+手機投屏）:HK$340', '舒適雙床房（小冰箱+手機投屏）:HK$358', '精選大床房（小冰箱+手機投屏）:HK$358', '標準雙床房（小冰箱+手機投屏）:HK$376']"
愛致酒店（瀋陽北站金融中心地鐵站店）,9.1,"['經濟大床房:HK$226', '經濟雙床房:HK$238', '商務大床房:HK$250', '高級大床房:HK$262']"
