酒店名称,评分,房型价格列表
烏魯木齊百麗酒店（和田二街店）,9.6,"['風華靚麗雙床房 | 影院式書吧+英倫風:HK$661', '風華靚麗大床房 | 影院式書吧+英倫風:HK$661', '高貴華麗大床房 | 影院式書吧+英倫風:HK$785', '高貴華麗雙床房 | 影院式書吧+英倫風:HK$785', '奢華瑰麗商務套房 | 影院式書吧+英倫風:HK$1,165']"
紅寶石雅緻酒店（新疆國際大巴扎二道橋地鐵站店）,9.1,"['雅緻好眠雙床房（智能客控+空氣加濕器+遮光窗簾）:HK$524', '粉色復古投影大床房（智能客控+空氣加濕器+大屏投影+遮光窗簾）:HK$533', '雅緻輕奢雙床房（智能客控+空氣加濕器）:HK$546', '雅緻輕奢大床房（智能客控+空氣加濕器+遮光窗簾）:HK$554']"
烏魯木齊恆裕國際酒店（德滙萬達廣場長江路店）,9.4,"['舒適大床房|高奢零壓舒眠床墊·深睡記憶枕·全屋智能:HK$473', '高級大床房|零壓舒眠床墊·高空夜景·恆温智能馬桶:HK$550', '舒適雙床房|高奢零壓舒眠床墊·深睡記憶枕·全屋智能:HK$587', '高級雙床房|零壓舒眠床墊·高空夜景·恆温智能馬桶:HK$642', '豪華大床房|全屋智能·高空夜景·遠望日照金山:HK$650']"
艾扉酒店（烏魯木齊人民電影院店）,9.6,"['艾扉大床房:HK$333', '艾扉商務大床房:HK$351', '艾扉雙床房:HK$368', '艾扉高級大床房:HK$377']"
麗婭酒店（烏魯木齊天山國際機場店）,9.0,"['景觀大床房:HK$360', '商務大床房:HK$390', '豪華雙床房:HK$451', '豪華大床房:HK$473', '無障礙大床房:HK$529']"
烏魯木齊海棠酒店（九鼎農產品批發市場店）,9.9,"['33㎡影音大床房（智能客控+零壓床墊+加濕器+保温水壺+小型冰箱）:HK$362', '45㎡豪華大床房（智能客控+零壓床墊+加濕器+保温水壺+小型冰箱）:HK$385', '33㎡温馨雙床房（智能客控+零壓床墊+加濕器+保温水壺+小型冰箱）:HK$390', '家庭雙床房:HK$436']"
烏魯木齊西星大酒店（國際大巴扎店）,8.9,"['普通標準間:HK$422', '精品標準間:HK$521', '精品單人間:HK$540', '精品三人間:HK$688']"
烏魯木齊萬國酒店（國際大巴扎店）,8.8,"['精緻雙床（智能馬桶+舒適床品）:HK$487', '商務雙床（智能馬桶+舒適床品+巨幕投影）:HK$503', '豪華雙床（智能馬桶+舒適床品+巨幕投影）:HK$518', '商務大床（智能馬桶+舒適床品+巨幕投影）:HK$518']"
全季酒店（烏魯木齊紅山店）,9.6,"['高級大床房A【可投屏65寸電視+恆温馬桶】:HK$462', '雙床房A【可投屏65寸電視+恆温馬桶】:HK$490', '高級大床房【可投屏65寸電視+恆温馬桶】:HK$500', '雙床房【可投屏65寸電視+恆温馬桶+小冰箱】:HK$530', '舒壓高級大床房【可投屏65寸電視+記憶棉枕頭床墊】:HK$540']"
美豪·麗致酒店（烏魯木齊萬達廣場高鐵站店）,9.2,"['麗致雙床房丨城市景觀+靜謐空間:HK$555', '麗致大床房丨城市景觀+靜謐空間:HK$555', '麗致影院大床房丨城市景觀+靜謐空間:HK$620', '雅緻雙床房丨城市景觀+靜謐空間:HK$620', '瑪雅灣浴缸房丨城市景觀+靜謐空間:HK$639']"
華航酒店（烏魯木齊機場店）,9.2,"['優享雙床房丨舒適床品+安睡好眠+靜謐空間:HK$339', '優享大床房丨舒適床品+安睡好眠+靜謐空間:HK$339', '逸享雙床房丨舒適床品+安睡好眠+靜謐空間:HK$391', '尊享雙床房丨舒適床品+安睡好眠+靜謐空間:HK$429']"
烏魯木齊奧萊國際酒店,9.3,"['躺平治癒大床房:HK$420', '躺平治癒雙床房:HK$438', '商務深眠大床房:HK$480', '商務深眠雙床房:HK$516', '商務套房:HK$1,201']"
天緣航油酒店（烏魯木齊天山國際機場店）,9.3,"['優享雙床房丨助眠床墊+深度睡眠+躺平自愈:HK$330', '優享大床房丨助眠床墊+深度睡眠+躺平自愈:HK$341', '豪華雙床房丨助眠床墊+深度睡眠+躺平自愈:HK$408', '豪華大床房丨助眠床墊+深度睡眠+躺平自愈:HK$419']"
烏魯木齊上容酒店（火車南站店）,9.0,"['容雲·怡致雙床房（舒睡好眠+超大空間）:HK$429', '簡之·雙床房（舒睡好眠+靜謐空間）:HK$433', '容逸·景緻雙床房（舒睡好眠+超大空間）:HK$581', '容逸·景緻大床房（舒睡好眠+超大空間）:HK$605', '容韻·逸緻雙床房（舒睡好眠+超大空間）:HK$628']"
速8優選酒店（烏魯木齊機場大地窩堡地鐵站店）,9.3,"['特色大床房丨全屋智能客控+舒睡好眠:HK$353', '特色雙床房丨全屋智能客控+舒睡好眠:HK$382', '高級家庭房丨全屋智能客控+舒睡好眠:HK$471']"
全季酒店（烏魯木齊天山國際機場空港店）,9.5,"['高級大床房:HK$603', '舒壓高級大床房:HK$663', '高級雙床房:HK$703', '舒壓高級雙床房:HK$773']"
百世昌歡居酒店（新疆自治區博物館MM美美購物中心店）,9.5,"['悦享大床房（75寸投屏電視｜全屋智控｜助眠床墊）:HK$534', '高級大床房（75寸投屏大電視丨雅山地標景丨全屋智控）:HK$573', '豪華大床房（75寸投屏大電視｜小冰箱｜全屋智控）:HK$603', '城景影院大床房（紅山地標景｜高清投影｜海量片源）:HK$649', '百世親子房（75寸投屏大電視｜智能馬桶｜一大一小床）:HK$680']"
烏魯木齊頤中園酒店（紅山人民公園店）,9.2,"['漫悦賦·影音雙床房〡金可兒舒睡床品+超清觀影:HK$402', '璞雅庭·豪華大床房（金可兒舒睡床品+庭院觀景）:HK$655', '衍辰居·豪華雙床房（金可兒舒睡床品+庭院觀景）:HK$655', '婉珞府·豪華套間（金可兒舒睡床品+庭院觀景）:HK$896']"
紅寶石雅緻酒店（美美MM2購物中心新疆維吾爾自治區博物館店）,9.4,"['温馨治癒大床房（夢百合床墊+75寸投屏電視+智能馬桶+全屋聲控）:HK$605', '光影輕奢雙床房（全屋智能+智能馬桶+乳膠床墊+加濕器）:HK$617', '光影輕奢大床房（全屋智能+智能馬桶+乳膠床墊+加濕器）:HK$630', '智能安睡大床房（夢百合零壓床墊+智能馬桶+智能遮光窗簾+加濕器）:HK$656', '城景豪華雙床房（全屋聲控+智能馬桶+智能遮光窗簾+乳膠床墊+加濕器）:HK$682']"
烏魯木齊高鐵站希爾頓歡朋酒店,9.5,"['舒適大床房:HK$681', '高級大床房:HK$757', '舒適雙床房:HK$825', '高級雙床房:HK$863', '豪華雙床房:HK$921']"
烏魯木齊人民電影院亞朵酒店,9.5,"['雅緻雙床房（深睡枕深睡床墊+親膚布草）:HK$631', '高級大床房（深睡枕深睡床墊+親膚布草）:HK$651', '高級雙床房（深睡枕深睡床墊+親膚布草）:HK$701', '幾木大床房（深睡PRO+迷你小冰箱+親膚布草）:HK$722', '幾木雙床房（深睡PRO+迷你小冰箱+親膚布草）:HK$772']"
烏魯木齊建國璞隱酒店（高鐵站北廣場萬達店）,9.6,"['詠蘭居大床房（夢百合零壓床墊·全屋智能·65寸電視）:HK$477', '暗香居大床房（夢百合零壓床墊｜小度全屋智能｜65寸智能投屏電視）:HK$496', '凌霜居雙床房（夢百合零壓床墊｜小度全屋智能｜65寸智能投屏電視）:HK$496', '幽篁居雙床房（夢百合零壓床墊｜全屋語音智能｜投屏）:HK$524', '清蓮居家庭房（夢百合零壓床墊｜小度全屋智能｜投屏）:HK$552']"
麗怡酒店（烏魯木齊地窩堡國際機場高鐵站店）,9.4,"['高級大床房（全景落地窗＋智能客控＋慕思床墊+65寸電視投屏）:HK$557', '豪華大床房（全景落地窗＋智能客控＋慕思床墊+65寸電視投屏）:HK$592', '純凈大床房（全景落地窗＋智能客控＋慕思床墊+65寸電視投屏）:HK$697']"
速8精選酒店（烏魯木齊揚子江路火車南站店）,9.2,"['經濟大床房:HK$344', '標準大床房:HK$369', '標準雙床房:HK$369', '商務大床房:HK$404']"
玉京崑崙大酒店（國際大巴扎店）,9.2,"['雅緻大床房:HK$384', '雅緻雙床房:HK$412', '豪華大床房:HK$556', '豪華雙床房:HK$586', '商務大床房:HK$633']"
原舍酒店（烏魯木齊軍區總醫院新疆維吾爾自治區博物館店）,9.2,"['舍.伴行雙床房（全屋小度智能客控+親膚床品+靜謐空間）:HK$557', '舍·沐曦大床房（全屋小度智能客控+親膚床品+靜謐空間）:HK$566', '舍·蜜調大床房（全屋小度智能客控+親膚床品+靜謐空間）:HK$602', '舍.靜心品茗雙床房（全屋小度智能客控+親膚床品+靜謐空間）:HK$639']"
百世昌誠和酒店（幸福路大灣北路店）,9.5,"['悦享內景大床房（手機投屏｜記憶枕｜全屋智控）:HK$489', '悦享巨幕大床房（100寸高清巨幕｜海量片源｜手機投屏）:HK$497', '悦享巨幕雙床房（巨幕投影｜小冰箱｜助眠床墊）:HK$497', '高級雙床房（投屏電視｜小冰箱｜全屋智控）:HK$512', '高級大床房（投屏電視｜記憶枕｜全屋智控）:HK$512']"
伊力特酒店（烏魯木齊火車南站德滙萬達店）,9.5,"['（無窗）靜·眠雙床房 【輕奢慕斯床墊+德國貝朗衞浴】:HK$571', '雅緻大床房 【輕奢慕斯床墊+德國貝朗衞浴】:HK$624', '精選商務雙床房 【輕奢慕斯床墊+德國貝朗衞浴】:HK$684', '精選商務大床房【輕奢慕斯床墊+德國貝朗衞浴】:HK$707', '臻選豪華雙床房（輕奢慕斯床墊+德國貝朗衞浴）:HK$760']"
鑫季酒店（烏魯木齊中山路南門地鐵站店）,9.2,"['大床房:HK$436', '雙床房:HK$436', '高級大床房:HK$462', '高級雙床房:HK$462']"
Super8國際酒店（烏魯木齊高鐵站北廣場店）,9.6,"['標準大床房丨高鐵景觀+智能客控+乳膠枕+小冰箱:HK$511', '商務大床房丨高鐵景觀+智能客控+乳膠枕+小冰箱:HK$550', '高級大床房丨高鐵景觀+智能客控+乳膠枕+小冰箱:HK$588', '商務雙床房丨高鐵景觀+智能客控+乳膠枕+小冰箱:HK$636', '高級雙床房丨高鐵景觀+智能客控+乳膠枕+小冰箱:HK$666']"
烏魯木齊高鐵站萬達悦華酒店,9.6,"['豪華大床房（全屋智能+電視投屏+金可兒床墊）:HK$635', '豪華雙床房（全屋智能+電視投屏+金可兒床墊）:HK$696', '高級豪華大床房（全屋智能+電視投屏+金可兒床墊）:HK$746', '尊貴豪華大床房（全屋智能+迷你冰箱+金可兒床墊+膠囊coffee機）:HK$827', '商務家庭尊貴雙床房（全屋智能+電視投屏+金可兒床墊）:HK$928']"
喆菲S酒店（烏魯木齊大西門店）,8.9,"['菲凡惠享大床房丨躺平自愈+深度睡眠:HK$353', '菲凡純享大床房丨躺平自愈+深度睡眠:HK$360', '菲凡惠享雙床房丨躺平自愈+深度睡眠:HK$460', '菲凡尊享大床房丨躺平自愈+深度睡眠:HK$473']"
百世昌酒店（烏魯木齊鐵路局澳龍廣場店）,9.7,"['惠享大床房（投屏電視 | 全屋智控 | 助眠床墊 ）:HK$542', '惠享雙床房（投屏電視 | 全屋智控 | 助眠床墊 ）:HK$557', '高級大床房（投屏電視 | 全屋智控 | 小冰箱）:HK$619', '高級雙床房（投屏電視 | 全屋智控 | 小冰箱）:HK$642', '豪華大床房（65寸投屏大電視 | 全屋智控 | 助眠床墊 ）:HK$642']"
烏魯木齊智雅玥居酒店,9.6,"['特惠雙床房:HK$412', '輕奢大床房（智能客控｜高清投屏｜超大空間）:HK$419', '輕奢雙床房（智能客控｜高清投屏｜零壓床墊）:HK$419', '臻享大床房（智能客控｜零壓床墊｜靜謐空間）:HK$459']"
百世昌徠舍酒店（烏魯木齊機場德港萬達店）,9.5,"['悦享大床房:HK$443', '惠享雙床房:HK$459', '悦享雙床房:HK$474', '尊享大床房 | 智能客控+小冰箱+加濕器+親膚床品:HK$489']"
烏魯木齊八音和酒店（人民電影院店）,9.1,"['簡逸大床房:HK$433', '雙境大床房（採光好）:HK$505', '奢居商務大床房（全景落地窗）:HK$593', '禾語標間（悠享好夢+智能馬桶）:HK$682', '浴缸大床房（私享浴缸）:HK$859']"
凱斯大飯店（烏魯木齊國際大巴扎店）,8.4,"['豪華雙床房 |異域風情+城市景觀:HK$425', '豪華大床房:HK$468']"
桔子酒店（烏魯木齊站衞星路店）,9.8,"['大床房（金可兒床墊+65英寸電視投屏）:HK$399', '高級大床房（金可兒床墊+65英寸電視投屏）:HK$428', '高級雙床房（金可兒床墊+65英寸電視投屏）:HK$438', '家庭房（金可兒床墊+65英寸電視投屏）:HK$496']"
凱悦假日酒店（烏魯木齊萬達廣場高鐵站店）,9.0,"['高級標準間 丨城市景觀+親膚布草:HK$600', '高級大床房 丨城市景觀+親膚布草:HK$600', '行政大床房 丨城市景觀+親膚布草:HK$752', '行政標準間 丨城市景觀+親膚布草:HK$752', '親子房 丨城市景觀+親膚布草:HK$838']"
克拉瑪依政府駐烏辦事處大廈,9.5,"['舒適大床房:HK$577', '舒適雙床房:HK$577', '陽光一居室:HK$630', '雅緻大床房:HK$730']"
新疆崑崙賓館,9.5,"['北樓雙床房+舒適空間+城市夜景:HK$469', '北樓大床房+深睡睡眠+城市夜景:HK$489', '中樓雙床房+深睡睡眠+柔軟親膚布草:HK$609', '中樓大床房+舒適床墊+歷史文物保護建築:HK$642', '南樓雙床房+優質布草+城市夜景:HK$719']"
希柚·SeeYou酒店（烏魯木齊高鐵站店）,9.1,"['希柚·捷運隨行房-時來運轉:HK$211', '希遇·暢遊雙床房-雲樞靜眠:HK$234', '柚享·中轉大床房-有氧新風:HK$244', '希逸·歸心雙床房-歸途有風:HK$266']"
格林東方酒店（烏魯木齊國際大巴扎南門地鐵站店）,9.0,"['東方大床房:HK$398', '東方雙床房:HK$413', '東方高級大床房:HK$428', '東方高級雙床房:HK$443']"
如家精選酒店（烏魯木齊創新廣場店）,9.4,"['大床房（65寸電視投屏+助眠床墊）:HK$482', '雙床房（65寸電視投屏+助眠床墊）:HK$513', '商務大床房（65寸電視投屏+助眠床墊）:HK$513', '高級大床房（全景落地窗+休閑會客區+智能馬桶）:HK$543', '高級雙床房（全景落地窗+65寸電視投屏）:HK$543']"
絢麗酒店（烏魯木齊南站德滙萬達廣場店）,9.6,"['樂享安睡雙床房（全屋聲控+電動遮光窗簾+零壓床墊）:HK$578', '樂享安睡大床房（電動遮光窗簾+智能馬桶+零壓床墊）:HK$589', '奢享豪華雙床房（全屋聲控+電動遮光窗簾+智能馬桶）:HK$610', '奢享豪華大床房（全屋聲控+智能馬桶+電動遮光窗簾）:HK$621', '尊享行政雙床房（獨立會客區+全屋聲控+功夫茶具）:HK$643']"
烏魯木齊機場德港萬達亞朵酒店,9.6,"['高級大床房（小冰箱+全屋智能+電視投屏+深睡PRO）:HK$651', '行政大床房（小冰箱+全屋智能+電視投屏+深睡PRO）:HK$722', '幾木大床房（小冰箱+全屋智能+電視投屏+深睡PRO）:HK$761', '高級雙床房（小冰箱+全屋智能+電視投屏+深睡PRO）:HK$832', '幾木雙床房（小冰箱+全屋智能+電視投屏+深睡PRO）:HK$892']"
善合仁家飯店（國際大巴扎店）,9.3,"['標準雙床房:HK$335', '高級大床房:HK$338', '高級雙床房:HK$347', '豪華大床房:HK$363']"
Super8國際酒店（小童村北晟廣場店）,9.6,"['標準大床房:HK$544', '商務大床房:HK$595', '家庭房:HK$608', '高級雙床房:HK$623', '商務套房:HK$885']"
如家商旅酒店（烏魯木齊新北園春平川路地鐵站店）,9.6,"['大床房:HK$359', '雙床房:HK$367', '商務大床房:HK$375', '高級大床房（智能客控）:HK$392']"
悦享·歡朋酒店（經開萬達廣場高鐵站店）,9.1,"['悦意·原木ins雙床房:HK$400', '悦意·原木ins大床房:HK$411', '享韻·簡約Style雙床房:HK$433', '享韻·簡約Style大床房:HK$444']"
