酒店名称,评分,房型价格列表
煙台麗景海居酒店（養馬島環島路店）,8.9,"['林景雙床房（安睡蕎麥枕+羽絨被+徠芬吹風機）:HK$963', '林景大床房（安睡蕎麥枕+羽絨被+徠芬吹風機）:HK$963', '海景雙床房（安睡蕎麥枕+羽絨被+徠芬吹風機）:HK$1,148', '露台海景雙床房（安睡蕎麥枕+羽絨被+徠芬吹風機）:HK$1,377']"
煙台百納瑞汀酒店（第一海水浴場煙台站）,9.7,"['風雅市景大床房:HK$658', '風雅市景雙床房:HK$670', '風雅市景0壓大床房（零壓床墊+記憶枕芯）:HK$680', '風雅0壓雙床房（零壓床墊+記憶枕芯）:HK$691', '商務市景大床房:HK$734', '商務市景雙床房:HK$744']"
煙台虹口大酒店,9.3,"['山景標間:HK$516', '夢百合零壓山景標準房:HK$516', '海景標間:HK$533', '山景大床房:HK$533', '山景家庭房:HK$570']"
朵雅酒店（煙台大學店）,9.5,"['雅緻·舒適大床房-（安睡記憶枕+零壓床墊+靜逸舒適）:HK$427', '雅緻·舒適雙床房-（安睡記憶枕+零壓床墊+靜逸舒適）:HK$460', '靜謐·優選大床房-《安睡記憶枕+零壓床墊+智能客控》:HK$493', '陽光·高級大床房-《秒睡乳膠枕+零壓床墊+輕奢睡眠》:HK$525']"
永蓬海天酒店（八仙渡海濱浴場店）,9.5,"['地中海風·精緻大床（智能客控+舒適零壓枕）:HK$366', '地中海風·精品親子房（智能客控+電視可投屏）:HK$412', '地中海風·輕奢大床房（智能客控+舒適零壓枕）:HK$419', '新中式風·童趣輕奢親子房（小童玩具+智能客控）:HK$478']"
黃海賓館,9.4,"['商務大床房:HK$1,089', '城景大床房:HK$1,174', '商務雙床房:HK$1,305', '雅緻大床房:HK$1,640', '高級大床房:HK$1,766', '陽光高級大床房:HK$1,837']"
力曼解百納酒店（煙台山景區火車站店）,9.5,"['温馨雅居房-乾濕分離·智能馬桶:HK$435', '靜雅大床房-智能窗簾·電視投屏:HK$468', '靜雅雙床房-親膚床品·智能馬桶:HK$479', '行政大床房-辦公桌椅·親膚床品:HK$501', '行政雙床房-電視投屏·深睡床墊:HK$523']"
都市花園酒店（蓬萊機場路店）,9.7,"['精選雅緻大床房（舒適睡眠）:HK$239', '精選雅緻雙床房（舒適睡眠）:HK$249', '花園雅緻大床房（語音客控+舒適睡眠）:HK$249', '花園雅緻雙床房（語音客控+舒適睡眠）:HK$260']"
麗楓酒店（蓬萊閣海水浴場蓬長客港店）,9.5,"['雅緻大床房:HK$648', '豪華大床房:HK$689', '純凈自然雙床房:HK$714', '商務大床房:HK$747']"
全季酒店（煙台開發區金沙灘後沙廣場店）,9.6,"['大床房（地暖）:HK$568', '舒壓-高級大床房（地暖）:HK$618', '舒壓-高級雙床房（地暖）:HK$648', '高級景觀大床房（地暖）:HK$668']"
煙台天越灣璞園酒店,9.5,"['高級大床房（金可兒護脊床墊+全屋智能客控）:HK$603', '高級雙床房（金可兒護脊床墊+全屋智能客控）:HK$679', '行政大床房（金可兒護脊床墊+全屋智能客控）:HK$679', '行政雙床房（金可兒護脊床墊+全屋智能客控）:HK$754', '複式大床房（金可兒護脊床墊+全屋智能客控）:HK$754']"
煙台萬豪萬楓酒店,9.7,"['園景大床房:HK$430', '高級園景大床房:HK$482', '海景雙床房:HK$533', '海景大床房:HK$533', '高級海景大床房:HK$666']"
煙台金沙灘希爾頓歡朋酒店,9.8,"['舒適園景雙床房:HK$482', '舒適園景大床房:HK$482', '舒適海景大床房:HK$578', '高級園景大床房:HK$578', '高級海景雙床房:HK$674']"
上善若水酒店（蓬萊閣海水浴場店）,9.6,"['A棟寶藏大床房（高端乳膠床墊+乳膠枕+智能用品+榻榻米+巨幕投影）:HK$547', 'B棟：墅級大床房（乳膠床墊+乳膠枕+智能用品+巨幕投影）:HK$589', 'A棟上善觀閣雙床房（高端乳膠床墊+乳膠枕+智能用品+榻榻米+巨幕投影）:HK$633', 'B棟墅級雙床房（乳膠床墊+乳膠枕+智能用品+巨幕投影）:HK$656']"
煙臺中澤華羿鉑爾曼酒店,9.6,"['高級大床房:HK$627', '高級雙床房:HK$627', '豪華大床房:HK$759', '豪華雙床房:HK$759', '高級海景大床房:HK$805', '豪華海景大床房:HK$852']"
錨泊灣酒店（煙台萬達廣場福海路店）,9.4,"['沉浸星空大床房【全屋智控+投屏觀影模式+零壓床墊】:HK$438', '和風榻榻米房【全屋智控+投屏觀影模式+零壓床墊】:HK$621', '城景智能雙床房【全屋智控+投屏觀影模式+零壓床墊】:HK$676', '行政智能大床房【全屋智控+投屏觀影模式+零壓床墊】:HK$676']"
煙台藍天賓館（漁人碼頭景區店）,9.5,"['聽海雙床房:HK$282', '標準大床房:HK$282', '安睡房:HK$322', '安睡套房:HK$508', '灣景海景套房:HK$716']"
蓬萊百納瑞汀酒店（蓬萊閣店）,9.7,"['特價精緻大床房（浴缸）:HK$765', '精緻大床房（浴缸）:HK$841', '特價精緻標準間（浴缸）:HK$896', '古城海景大床房（浴缸）:HK$930', '精緻標準間（浴缸）:HK$983']"
星程酒店（煙台萬達廣場南洪街店）,9.6,"['榻榻米房（地暖＋投屏電視）:HK$379', '高級大床房（地暖＋投屏電視）:HK$418', '高級雙床房（地暖＋投屏電視）:HK$439', '商務大床房（地暖＋投屏電視）:HK$458']"
全季酒店（煙台濱海廣場煙台山公園店）,9.6,"['大床房:HK$442', '高級大床房:HK$523', '雙床房:HK$604', '商務大床房:HK$604']"
煙台海島日記民宿,9.4,"['步履不停:HK$753', '回我的家:HK$753', '海街日記:HK$753', '蟬鳴停歇:HK$753']"
煙台芝罘楓渡酒店,9.5,"['祕境大床房—小冰箱+AI語音+智能馬桶:HK$723', '純粹園景雙床房—智能投屏電視+智能門鎖:HK$767', '滿悦大床房—親子+AI智能語音+慕思床墊:HK$892', '滿悦雙床房—親子-夢潔床品+小冰箱+AI語音+智能馬桶:HK$991', '品味街景套房—慕思床墊+浴缸+小冰箱+AI語音+智能馬桶:HK$1,233']"
隱居蓬萊酒店,9.4,"['閣樓大床房（森林氧吧）:HK$315', '竹巷園景大床房（森林氧吧）:HK$390', '海韻雅緻家庭房（森林氧吧）:HK$452', '隱悦海景豪華大床房:HK$455', '海景露台家庭房:HK$520']"
如家商旅酒店（煙台福山區永達街店）,9.6,"['高級大床房（夢百合床墊+投屏電視+獨立空調）:HK$250', '商務大床房A（夢百合床墊+投屏電視+獨立空調）:HK$250', '安心睡安睡大床房（空氣凈化器+夢百合床墊+獨立空調）:HK$284', '高級雙床房（夢百合床墊+投屏電視+獨立空調）:HK$292']"
煙台濱海廣場城際酒店,9.7,"['城際高級大床房【絲漣床墊·澳洲APPELES洗護】:HK$536', '城際高級房-雙床【絲漣床墊·澳洲APPELES洗護】:HK$536', '城際商務大床房（智能客控+浴袍+絲漣床墊+小冰箱）:HK$579', '城際豪華房-雙床【絲漣床墊·澳洲APPELES洗護】:HK$622', '城際家庭房【絲漣床墊·澳洲APPELES洗護】:HK$664']"
朵蘭達LAB酒店（煙台金沙灘海水浴場店）,9.6,"['Scener新風大床房（無窗）:HK$808', 'Trend靜謐雙床房（無窗）:HK$852', 'Fun樂享園景大床房:HK$959', 'Love朵拉海景大床房（側面看海）:HK$1,067', 'Cool朵拉海景雙床房（正面看海）:HK$1,186']"
枕海酒店（金沙灘海水浴場店）,9.1,"['陽光花園大床房:HK$451', '陽光花園雙床房:HK$451', '陽台海景大床房:HK$751', '露台海景大床房（浴缸）:HK$845']"
山東機械大廈酒店（第一海水浴場火車站店）,9.0,"['雅緻舒適大床房:HK$372', '雅緻舒適雙床房:HK$372', '優選高級大床房:HK$419', '優選高級雙床房:HK$419']"
你好酒店（煙台蓬萊閣景區蓬長客港店）,9.8,"['高級大床房:HK$431', '雙床房:HK$505', '高級雙床房:HK$562', '豪華家庭房:HK$599']"
錦江都城酒店（煙台開發區金沙灘店）,9.4,"['都會城景大床房（智能客控+小冰箱+電視投屏+智能馬桶）:HK$563', '探索海景大床房（智能客控+小冰箱+電視投屏+智能馬桶）:HK$603', '都會城景雙床房（智能客控+小冰箱+電視投屏+智能馬桶）:HK$635', '安舒城景大床房（智能客控+小冰箱+電視投屏+智能馬桶）:HK$647', '探索海景雙床房（智能客控+小冰箱+電視投屏+智能馬桶）:HK$673']"
煙台濱海廣場朝陽街漫心酒店,9.7,"['心雅大床房:HK$405', '雅緻大床房:HK$405', '心雅標準房:HK$425', '心怡大床房:HK$443', '心怡標準房:HK$471']"
煙台站萬達廣場漫亭酒店,9.6,"['舒適大床房（深睡枕+氧吧）:HK$468', '雅緻雙床房（深睡枕+氧吧）:HK$497', '樂享家庭房（深睡枕+氧吧）:HK$511', '行政大床房（深睡枕+小冰箱+氧吧）:HK$525', '尊享家庭房（榻榻米+超大投影+小冰箱+氧吧）:HK$554']"
煙台靜海大酒店（金沙灘公園廣場店）,9.4,"['豪華城景雙床房:HK$315', '高樓層城景大床房（帶貴妃榻）:HK$347', '豪華海景雙床房:HK$347', '高樓層城景雙床房（帶貴妃榻）:HK$347', '高樓層海景大床房（帶貴妃榻）:HK$380']"
煙台芝罘站紅星美凱龍亞朵酒店,9.8,"['高級大床房 （智能客控+洗pp智能馬桶+恆温花灑+投屏）:HK$332', '高級雙床房（智能客控+洗pp智能馬桶+恆温花灑小冰箱）:HK$341', '行政大床房（智能客控+洗pp智能馬桶+恆温花灑小冰箱）:HK$350', '尊享大床房（智能客控+洗pp智能馬桶+恆温花灑小冰箱）:HK$386', '尊享親子房（智能客控+洗pp智能馬桶+恆温花灑小冰箱）:HK$449']"
金海大酒店（煙台火車站吾悦廣場店）,9.4,"['簡約雙床房（乾濕分離+超大落地窗）:HK$386', '陽光城景大床房（乾濕分離+超大落地窗）:HK$416', '陽光雙床房（乾濕分離+超大落地窗）:HK$416', '陽光海景大床房（乾濕分離+超大落地窗）:HK$437', '臻享城景雙床房（休閑沙發+三分離衞浴+浴袍）:HK$453']"
煙台暮藍嶼民宿,9.0,['自白--看海帶投影:HK$359']
煙台東山賓館,9.1,"['6號樓頂層閣樓標準間:HK$359', '內窗標準間:HK$501', '經濟園景標準間:HK$501', '風雅山景標準間:HK$534', '側海景陽光標準間:HK$534']"
煙台金海灣酒店,9.6,"['商務市景大床房:HK$664', '商務市景雙床房:HK$664', '煙台山公園景大床房:HK$755', '煙台山公園景雙床房:HK$758', '海景大床房:HK$837', '陽台觀海大床房:HK$1,105']"
藝龍酒店（煙台火車站大悦城店）,9.5,"['無窗特惠迷你房:HK$545', '雅緻大床房-AI智能語音+斯林百蘭床墊:HK$696', '藝心大床房-AI智能語音+斯林百蘭床墊:HK$743', '藝心雙床房-AI智能語音+斯林百蘭床墊:HK$757']"
花築·蓬萊灣親子酒店（蓬萊仙島八仙過海景區店）,9.4,"['影音輕奢大床房（投影儀+智能客控）:HK$630', '蜂巢迷宮親子房（投影儀+智能客控）:HK$738', '高級庭院親子房（獨立庭院花園景+智能客控）:HK$823', '輕奢庭院親子房 |獨棟小院+可燒烤+舒適浴缸+智能客控:HK$1,141']"
煙台東方海洋月亮灣大酒店（月亮灣棧橋店）,9.2,"['聽海雙床房（全遮光窗簾+商務辦公）:HK$478', '聽海大床房（全遮光窗簾+園林景觀）:HK$484', '零壓深睡雙床房（零壓床墊+陽台美景）:HK$501', '臨海園景雙床房（舒適睡眠+乾濕分離洗漱）:HK$502', '臨海露台雙床房（園林美景+舒適睡眠+乾濕分離洗漱）:HK$516']"
如家素柏·雲酒店（煙台濱海廣場煙台山景區）,9.2,"['大床房:HK$419', '雙床房A:HK$419', '商務大床房:HK$426', '雙床房:HK$434']"
龍口禪雨靜舍酒店,9.8,"['經濟標間:HK$607', '經濟大床房:HK$607', '禪景大床房:HK$744', '禪景標間:HK$744', '精品大床房:HK$826']"
煙台養馬島瑞貝庭公寓酒店,9.2,"['高級大床房:HK$650', '高級雙床房:HK$691', '海景高級大床房:HK$710', '海景豪華大床房:HK$730']"
煙台百納瑞汀天越灣酒店,9.6,"['園景大床房:HK$1,082', '園景標準間:HK$1,082', '海景大床房:HK$1,475', '塔樓180海景房:HK$1,553', '花園露台海景房:HK$1,585', '園景套房:HK$1,805']"
深藍數碼酒店（煙台火車站芝罘萬達廣場店）,8.9,"['深藍丨舒適大床房【乾濕分離】:HK$364', '深藍丨舒適雙床房【乾濕分離】:HK$364', '深藍丨豪華大床房【乾濕分離+單人沙發】:HK$387', '深藍丨精品雙床房【乾濕分離+書桌】:HK$387']"
煙台火車站濱海廣場桔子水晶酒店,9.7,"['高級大床房（電視投屏+小冰箱+浴袍）:HK$442', '高級雙床房（電視投屏+小冰箱+浴袍）:HK$442', '商務大床房（電視投屏+小冰箱+浴袍）:HK$483', '豪華雙床房（電視投屏+小冰箱+浴袍）:HK$492', '豪華大床房（電視投屏+小冰箱+浴袍）:HK$523']"
煙台麗景半島酒店（煙台火車站店）,9.5,"['尚雅簡約雙床房（全身鏡+絲漣床墊+羽絨被芯）:HK$507', '尚雅簡約大床房（全身鏡+絲漣床墊+羽絨被芯）:HK$508', '巨幕影音大床房（100寸幕布私人影院+影視會員）:HK$529', '山海文化主題雙床房（軟化水+投屏電視+絲漣床墊）:HK$539', '山海文化主題大床房（軟化水+投屏電視+絲漣床墊）:HK$539']"
新時代酒店（煙台金沙灘海水浴場店）,9.5,"['陽光貴賓大床房:HK$1,137', '海景貴賓雙床房:HK$1,137', '城海雙景親子房:HK$1,364', '海景貴賓大床房:HK$1,406', '商務城景大床房:HK$1,406']"
煙台碧海飯店（煙台火車站萬達廣場店）,9.5,"['靜逸｜雅居雙床房:HK$352', '靜逸｜行政雙床房:HK$370', '臻享｜舒心大床房:HK$381', 'Tiamo獨立汗蒸+榻榻米房:HK$391', '臻享｜舒心雙床房:HK$391']"
