酒店名称,评分,房型价格列表
上海浦東國際機場迪航酒店,9.0,"['惠選雙床房:HK$174', '起落平安雙床房:HK$181', '起落平安大床房:HK$203', '商務精選雙床房:HK$263']"
新薈城市酒店（上海火車站長壽路地鐵站店）,9.1,"['小薈純睡房「公區自助洗衣機+手機投屏+智能馬桶」:HK$239', '輕奢優享大床房「公區自助洗衣機+手機投屏+智能馬桶」:HK$270', '迎喜商務大床房「洗烘一體機+手機投屏+智能馬桶」:HK$292', '複式Loft投影房丨月牙「洗烘一體機+手機投屏+智能馬桶」:HK$311']"
宜必思酒店（上海虹橋火車站店）,9.4,"['雙床房:HK$205', '家庭房:HK$205', '大床房:HK$214', '高級雙床房:HK$223']"
上海浦東國際機場鉑愛國際酒店,9.0,"['舒適雙床房:HK$173', '舒適大床房:HK$186', '優選河景大床房:HK$216', '優選河景雙床房:HK$241']"
和頤至尚酒店（上海第一八佰伴商城路地鐵站店）,9.4,"['大床房A:HK$294', '商務大床房A:HK$321', '雙床房:HK$321', '商務大床房:HK$367']"
偉樽酒店（上海虹橋火車站國家會展中心店）,9.2,"['特惠大床房:HK$191', '特惠雙床房（內窗）:HK$202', '偉樽大床房:HK$222', '高級雙床房:HK$234']"
和頤至尊酒店（上海人民廣場南京路步行街店）,9.4,"['大床房A（手機投屏+迷你吧）:HK$565', '大床房（手機投屏+迷你吧）:HK$602', '商務大床房（手機投屏+迷你吧）:HK$649', '零壓大床房（手機投屏+迷你吧）:HK$667', '景觀大床房（手機投屏+迷你吧）:HK$667']"
上海外灘盎格酒店,9.2,"['豫園高級大床房:HK$589', '豫園高級雙床房:HK$589', '晶喜豪華大床房:HK$658', '晶喜豪華雙床房:HK$658']"
全季酒店（上海虹橋古北財富中心店）,9.6,"['大床房（手機投屏+小冰箱）:HK$482', '高級大床房（手機投屏+小冰箱）:HK$510', '高級雙床房（手機投屏+小冰箱）:HK$530', '商務大床房（手機投屏+小冰箱）:HK$539']"
素居酒店式公寓（浦東萬達周浦地鐵站店）,9.5,"['高級公寓房（冰箱+廚房+洗衣機+微波爐）:HK$282', '豪華景觀房（冰箱+廚房+洗衣機）:HK$293', '超大投影景觀房（冰箱+廚房+洗烘一體機+極米智能投影）:HK$315', '豪華雙床房（冰箱+廚房+洗衣機+微波爐）:HK$369']"
景萊酒店·臻選（上海同濟醫院新村路地鐵站店）,9.0,"['臻選靜謐大床房:HK$319', '臻選雅緻大床房:HK$332', '臻選高級大床房:HK$353', '臻選高級雙床房:HK$381']"
宜必思酒店（上海世博東明路地鐵站店）,9.5,"['大床房:HK$353', '高級大床房:HK$362', '特價雙床房:HK$382', '雙床房:HK$401']"
全季酒店（上海武寧路地鐵站店）,9.5,"['大床房:HK$349', '高級大床房（智能投屏）:HK$385', '雙床房（智能投屏）:HK$428', '商務大床房（智能投屏）:HK$467']"
陌上雅居美家園藝術酒店（上海虹梅路店）,9.5,"['青逸軒·老街巷陌舒雅大床房（乾濕分離）:HK$358', '滿庭芳·市井靜謐院景大床房（舒睡床墊）:HK$391', '憶江南·河景大床房:HK$424', '畫堂春·禪茶城景雙床房（功夫茶具）:HK$435']"
喆啡酒店（上海虹橋機場虹橋火車站店）,9.4,"['醇享大床房:HK$262', '醇享雙床房:HK$262', '啡凡大床房:HK$313', '啡凡雙床房:HK$313']"
初心莫舍酒店（上海國際旅遊度假區店）,9.6,"['念如初投影大床【AMX當貝百寸投影●會員點播權益】:HK$326', '初相識loft大床【亞朵款床墊●落地大窗户●會員點播】:HK$348', '誰與共●投影懸浮床:HK$369', '比翼飛●投影大床 ▶【AMX百寸投影●亞朵款床墊●落地窗】:HK$369']"
上海初心莫舍設計師民宿,9.5,"['B棟-春雨大床房·四合院:HK$302', 'A棟-特惠大床房:HK$304', 'A棟-初心·舒享大床房:HK$328', 'B棟-女王圓床房•四合院:HK$335']"
格美酒店（上海外灘南京東路步行街店）,8.4,"['特色大床房:HK$492', '格美高級大床房（獨立洗衣機）:HK$526', '特色雙床房:HK$537', '豪華大床房（獨立洗衣機）:HK$688']"
扉縵酒店（上海虹橋機場國家會展中心店）,9.6,"['雙床房（智能馬桶+小度客控+小冰箱）:HK$367', '商務大床房A（智能馬桶+小度客控+小冰箱）:HK$367', '大床房（智能馬桶+小度客控+小冰箱）:HK$404', '高級大床房（智能馬桶+小度客控+小冰箱）:HK$450', '高級雙床房（智能馬桶+小度客控+小冰箱）:HK$450']"
上海古北智選假日酒店,9.6,"['標準雙床房:HK$366', '標準大床房:HK$366']"
豪美優程酒店 HAO MEI YOU CHENG HOTEL（上海國際旅遊度假區店）,9.5,"['樂享投影大床【AMX當貝百寸投影●亞朵款床墊●Economy】:HK$262', '輕享投影標準間【AMX當貝百寸投影●亞朵款床墊●暗窗】:HK$283', '精品投影大床房【AMX當貝百寸投影●亞朵款床墊●大窗】:HK$305', '親子投影大床主題房【AMX當貝百寸投影●亞朵款床墊】:HK$328']"
景萊·輕奢酒店（上海長壽路武寧路雙地鐵站店）,9.5,"['温馨榻榻米房（智能投屏）:HK$365', '時尚大床房（智能投屏）:HK$399', '工作室大床房（智能投屏）:HK$433', '設計師大床房（智能投屏）:HK$466']"
友裏酒店（上海人民廣場店）,9.5,"['精緻大床房:HK$509', '優選大床房:HK$567', '精緻雙床房:HK$688', '豪華大床房:HK$725']"
唯庭世紀酒店（上海北外灘隆昌路地鐵站店）,9.5,"['智能精緻雙床房（手機投屏+小度智能管家+靜音小冰箱）:HK$504', '智能精緻大床房（手機投屏+小度智能管家）:HK$504', '智能閑適雙床房（手機投屏+小度智能管家+靜音小冰箱）:HK$532', '智能閑適大床房（手機投屏+小度智能管家+靜音小冰箱）:HK$532']"
全季酒店（上海隆昌路地鐵站店）,9.7,"['大床房（電視投屏+小冰箱）:HK$384', '高級大床房（電視投屏+小冰箱）:HK$394', '高級雙床房（電視投屏+小冰箱）:HK$404', '商務大床房（電視投屏+小冰箱）:HK$414']"
上海馨樂庭延安西路公寓酒店,9.5,"['豪華大床房（保鮮冰箱+智能馬桶）:HK$471', '豪華雙床房（保鮮冰箱+智能馬桶）:HK$471', '行政客房（保鮮冰箱+智能馬桶）:HK$508', '豪華行政單房公寓（冰箱+洗烘一體機+微波爐+智能馬桶）:HK$658', '一房豪華套房（冰箱+廚房+洗烘一體機+智能馬桶）:HK$753']"
上海溢喜小院（上海浦東機場店）,9.4,"['標準雙床房:HK$339', '標準大床房:HK$353', '豪華雙床房:HK$389', '豪華大床房:HK$389']"
璞爵國際酒店（上海中山公園地鐵站店）,9.1,"['四季小築大床房（無窗）:HK$319', '商務大床房:HK$430', '商務雙床房:HK$452', '親子家庭房:HK$471']"
格美酒店（大寧國際商業區江楊南路店）,9.4,"['高級大床房（落地窗冰箱）:HK$309', '豪華雙床房（陽台落地窗冰箱）:HK$330', '高級複式房（落地窗洗衣機冰箱）:HK$374', '高級雙床房（落地窗冰箱）:HK$378']"
麗呈美利居酒店（上海南京路步行街店）,9.2,"['特惠大床房（無窗）:HK$496', '特惠雙床房（無窗）:HK$569', '高級大床房:HK$617', '高級雙床房:HK$641']"
景萊酒店·輕奢（上海北外灘大悦城店）,8.5,"['大床房:HK$379', '高級大床房:HK$411', '高級雙床房:HK$443', '臻選大床房:HK$474']"
麥新格國際酒店（周浦地鐵站店）,9.7,"['豪華大床房:HK$439', '豪華雙床房:HK$460', '豪華家庭房:HK$481', '親子房:HK$551']"
上海徐家匯CitiGO歡閣酒店,9.6,"['歡享大床房:HK$436', '歡閣大床房:HK$453', '精選歡閣大床房:HK$471', '歡逸雙床房:HK$488', '歡逸大床房:HK$506']"
科冠睿軒酒店（上海虹橋機場中春路地鐵站店）,8.8,"['雅緻大床房:HK$316', '雅緻雙床房:HK$324', '智能大床房:HK$338', '高級大床房:HK$349', '高級雙床房:HK$367']"
上海未來·上居酒店（川沙地鐵站店）,9.6,"['商務大床房:HK$305', '豪華大床房:HK$326', '豪華雙床房:HK$333', '高級大床房:HK$375']"
錦江之星品尚（上海新虹橋店）,8.9,"['特價大床房:HK$217', '特價大小雙床房:HK$217', '標準大小雙床房:HK$247', '標準雙床房:HK$292']"
雲和夜泊酒店（上海浦東國際機場店）,9.7,"['惠享大床房:HK$413', '惠享雙床房:HK$413', '夜泊大床房:HK$434', '夜泊雙床房:HK$434', '雲和大床房:HK$456']"
麥新格精品酒店（上海陸家嘴源深路地鐵站店）,9.5,"['舒適雙床房:HK$501', '舒適大床房:HK$523', '商務大床房:HK$545', '豪華大床房:HK$610', '豪華親子房:HK$632']"
全季酒店（上海長風公園店）,9.6,"['高級雙床房:HK$376', '高級大床房:HK$376', '商務大床房:HK$404', '家庭房:HK$414']"
金澤蘭酒店（外高橋荷蘭風情小鎮店）,9.4,"['影音大床房:HK$276', '高級大床房:HK$306', '豪華湖景大床房:HK$348', '豪華湖景雙床房:HK$408']"
品客服務公寓（上海北外灘店）,8.4,"['品客大床房:HK$376', '品客雙床房:HK$390', '品客家庭房:HK$481', '品客甄選家庭房:HK$565']"
上海圓谷民宿,8.5,"['美式大床房:HK$169', 'A棟雅緻大床房:HK$197', 'A棟園景親子房:HK$219', 'A棟雅院精品大床房:HK$231']"
麗怡酒店（上海火車站店）,9.5,"['豪華大床房:HK$473', '豪華雙床房:HK$491', '臻禮大床房:HK$546', '商務大床間:HK$550', '臻禮雙床房:HK$564']"
途客酒店（上海延安西路店）,9.4,"['途選大床房:HK$371', '途享大床房:HK$391', '途奢大床房（小冰箱+智能客控）:HK$439', '途享雙床房（小冰箱+智能客控）:HK$459']"
上海朗悅茗酒店（二號線川沙地鐵站店）,9.2,"['大床房（獨立洗衣機）:HK$195', '豪華大床房（獨立洗衣機）:HK$206', '普通標準房（獨立洗衣機）:HK$206', '家庭三人間（獨立洗衣機）:HK$217']"
上海華珍閣藝術酒店,9.1,"['特惠大床房:HK$304', '大床房:HK$319', '夢百合零壓大床房:HK$333', '商務大床房:HK$347']"
上海野生動物園荷逸唐酒店（惠南地鐵站店）,9.7,"['荷逸大床房:HK$466', '荷逸雙床房:HK$466', '荷月大床房:HK$534', '荷月雙床房:HK$534', '家庭大床房:HK$567']"
上海海神諾富特大酒店,9.2,"['江景標準房-大床:HK$480', '標準房-雙床:HK$482', '江景高級房-大床:HK$568', '江景高級房-雙床:HK$568', '行政高級房-雙床:HK$575']"
全季酒店（上海虹橋樞紐華新店）,9.6,"['大床房:HK$406', '高級大床房:HK$428', '雙床房:HK$449', '商務雙床房:HK$471']"
上海極樂湯川沙温泉酒店,9.2,"['輕享大床房:HK$373', '煥新高級雙床房:HK$395', '煥新高級大床房:HK$395', '煥新高級家庭房:HK$438', '豪華大床房:HK$446']"
