酒店名称,评分,房型价格列表
中山中心逸衡酒店,9.5,"['高級房 超大床:HK$508', '高級房 2張雙人床:HK$508', '高級大床房帶魔鏡:HK$562', '開放式套房-超大床:HK$1,021', '單卧套房-超大床:HK$1,327']"
中山小欖希爾頓歡朋酒店,9.6,"['舒適大床房:HK$518', '高級雙床房:HK$605', '高級大床房:HK$605', '豪華大床房:HK$672', '豪華雙床房:HK$672']"
中山利和希爾頓酒店,9.4,"['豪華雙床房:HK$682', '豪華大床房:HK$714', '全景超豪華大床房:HK$844', '行政大床房:HK$1,031', '行政雙床房:HK$1,040', '公主夢幻主題親子房:HK$1,451']"
中山長命水麗呈酒店,9.3,"['豪華大床房（智能客控+大陽台）:HK$483', '尊享大床房（智能客控+小冰箱+浴袍+大陽台）:HK$523', '行政豪華大床房（智能客控+小冰箱+浴袍+大陽台）:HK$523', '豪華雙床房（智能客控+大陽台）:HK$562', '豪華至尊套房（單人浴缸+智能客控+會客廳+茶具+小冰箱）:HK$1,034']"
全季酒店（中山興中廣場店）,9.6,"['高級大床房:HK$458', '江景大床房:HK$556', '高級雙床房:HK$575', '江景雙床房:HK$614', '江景家庭房:HK$673']"
中山小欖亞朵酒店,9.6,"['高級大床間（深睡體驗+祼棉床品+投屏電視）:HK$439', '高級雙床房（深睡體驗+祼棉床品+投屏電視）:HK$466', '幾木大床房（深睡體驗+祼棉床品+投屏電視）:HK$466', '幾木雙床房（深睡體驗+祼棉床品+投屏電視）:HK$501', '尊享大床房:HK$601']"
泊閲酒店（華髮商都利和廣場店）,9.4,"['覓知·大床房（智能客控，無線充電，65寸高清投屏大電視）:HK$314', '閲己·大床房（智能客控，無線充電，65寸高清投屏大電視）:HK$327', '覓知·雙床房（智能客控，無線充電，65寸高清投屏大電視）:HK$334', '泊閲親子房（智能客控，無線充電，65寸高清投屏大電視）:HK$353', '泊度·家庭房（智能客控，無線充電，65寸高清投屏大電視）:HK$649']"
麗楓酒店（中山利和廣場店）,9.7,"['豪華大床房（冷凝新風系統）:HK$264', '豪華雙床房（冷凝新風系統）:HK$275', '商務大床房（冷凝新風系統）:HK$299', '商務雙床房（冷凝新風系統）:HK$344']"
中山喜來登酒店,9.2,"['豪華大床房:HK$762', '豪華雙床房:HK$762', '豪華江景大床房:HK$814', '豪華江景雙床房:HK$814', '豪華江園雙景大床房:HK$866', '豪華江園雙景雙床房:HK$866']"
中山翠亨新區希爾頓歡朋酒店,9.4,"['舒適雙床房:HK$476', '舒適大床房:HK$476', '高級大床房:HK$509', '高級雙床房:HK$509', '豪華大床房:HK$563']"
廷泊酒店（中山富逸城中山站店）,9.2,"['雅悦禮居雙床房（智能客控+浴袍+手機投屏+陽台）:HK$449', '雅悦禮居大床房（智能客控+浴袍+手機投屏+陽台）:HK$450', '茗雅禮居雙床房（智能客控+浴袍+手機投屏+陽台）:HK$494', '茗雅禮居大床房（智能客控+浴袍+手機投屏+陽台）:HK$495', '尊享典居大床房（智能客控+浴袍+手機投屏+大陽台+冰箱+功夫茶具+長桌辦公）:HK$564']"
中山古鎮華藝廣場亞朵酒店,9.6,"['雅緻大床房（全景落地窗+智能客控）:HK$475', '高級大床房（小冰箱+全景落地窗+智能客控）:HK$510', '高級雙床房（美麗城景+小冰箱+全景落地窗+智能客控）:HK$510', '行政城景大床房（小冰箱+全景落地窗+智能客控）:HK$574', '行政城景雙床房（小冰箱+全景落地窗+智能客控）:HK$574']"
中山南朗希爾頓歡朋酒店,9.5,"['舒適大床房:HK$450', '舒適雙床房:HK$450', '高級大床房:HK$508', '高級雙床房:HK$508', '豪華大床房:HK$536']"
中山保利艾美酒店,9.1,"['豪華大床房:HK$710', '豪華雙床房:HK$710', '探索大床房:HK$743', '探索雙床房:HK$743', '家庭房:HK$967', 'B.Duck小黃鴨主題房:HK$993']"
全季酒店（中山博覽中心店）,9.5,"['高級大床房:HK$353', '豪華大床房:HK$382', '高級雙床房:HK$382', '商務大床房:HK$411', '商務雙床房:HK$411']"
中山二路利和廣場亞朵酒店,9.6,"['雅緻房:HK$457', '高級大床房（惠威藍牙音響+直飲水+小冰箱+浴袍）:HK$483', '高級雙床房（惠威藍牙音響+直飲水+小冰箱+浴袍）:HK$483', '幾木大床房（惠威藍牙音響+直飲水+空氣凈化器+小冰箱）:HK$537', '幾木雙床房（惠威藍牙音響+直飲水+空氣凈化器+小冰箱）:HK$537']"
中山石岐步行街興中廣場希岸Deluxe酒店,9.4,"['Deluxe大床房:HK$331', 'Deluxe雙床:HK$331', 'Deluxe豪華大床房（小冰箱+浴袍+乾濕分離）:HK$357', 'Deluxe豪華雙床房（小冰箱+乾濕分離）:HK$366', 'Deluxe商務大床房（小冰箱+浴袍+乾濕分離）:HK$383']"
中山温泉賓館,9.1,"['親水園親水房:HK$563', '商務園商務大床房:HK$563', '商務園商務雙床房:HK$563', '高級大床房:HK$563', '高級雙床房:HK$563', '親水園觀景房:HK$852']"
中山橫欄長新時代廣場亞朵酒店,9.6,"['高級大床房:HK$394', '行政大床房（乾濕分離+貴妃沙發+無線投屏+無線電充+小冰箱）:HK$457', '高級雙床房:HK$475', '行政雙床房（乾濕分離+小冰箱+無線投屏+無線電充）:HK$510', '行政親子雙床房（小黃鴨主題）:HK$574']"
中山利和威斯汀酒店,9.4,"['豪華城景雙床房:HK$762', '豪華城景大床房:HK$762', '豪華江景大床房:HK$817', '豪華江景雙床房:HK$817', '草莓音樂大床房:HK$982', '草莓音樂雙床房:HK$982']"
中山北站V-PARK廣場亞朵酒店,9.5,"['雅緻大床房:HK$439', '高級大床房:HK$475', '高級雙床房:HK$475', '行政大床房:HK$528', '行政雙床房:HK$528']"
中山温泉賓館（中心園店）,9.3,"['中心園園景大床:HK$781', '中心園園景雙床:HK$781', '中心園套房:HK$1,398', '中心園豪華套房:HK$1,944', '森林親子主題房:HK$2,380', '海洋親子主題房:HK$2,380']"
中山坦洲亞朵酒店,9.5,"['雅緻雙床房（深睡體驗+裸棉床品+小冰箱）:HK$376', '雅緻大床房（深睡體驗+裸棉床品+小冰箱）:HK$394', '行政雙床間（深睡體驗+裸棉床品+小冰箱）:HK$412', '高級大床房（深睡體驗+裸棉床品+小冰箱）:HK$421', '行政大床間（深睡體驗+裸棉床品+小冰箱）:HK$448']"
麗楓酒店（中山石岐大信新都滙中山北站店）,9.6,"['雅緻大床房（自動窗簾+慕斯床墊）:HK$249', '豪華大床房（深度睡眠+商務辦公）:HK$284', '豪華雙床房（自動窗簾+慕思床墊）:HK$284', '商務大床房（空氣凈化器+冰箱）:HK$328']"
中山青之韻酒店（火炬開發區店）,9.4,"['零壓豪華大床房:HK$313', '零壓雙床房:HK$313', '智能零壓單人房:HK$334', '零壓豪華雙床房:HK$364', '零壓景觀大床房:HK$394']"
中山北站希岸Deluxe酒店,9.4,"['Deluxe大床房:HK$296', 'Deluxe商務大床房（智能客控+零壓床墊）:HK$305', 'Deluxe豪華大床房（智能客控+零壓床墊+乾濕分離）:HK$340', 'Deluxe豪華雙床房（智能客控+乾濕分離+零壓床墊）:HK$348', 'Deluxe純凈房（空氣凈化器+除蟎儀+馬桶凈化器+直飲熱水機）:HK$375']"
中山·希岸｜Xana·ElegantDesignStyle酒店（富華道汽車總站店）,9.6,"['XANA玲瓏大床房「品質床墊＆新風系統＆高清電視投屏」:HK$238', 'XANA希岸雅緻房「品質床墊＆新風系統＆高清電視投屏」:HK$257', 'XANA玲瓏雙床房「品質床墊+新風系統+高清電視投屏」:HK$257', 'XANA希岸高級大床房「新風系統+高清電視投屏+品質床墊」:HK$263', 'XANA希岸高級雙床房「新風系統+高清電視投屏+品質床墊」:HK$286']"
中山君創世紀酒店（利和廣場店）,8.8,"['舒適大床房:HK$363', '舒適雙床房:HK$363', '高級大床房【落地玻璃+安靜舒適】:HK$408', '高級雙床房【落地玻璃+安靜舒適】:HK$408', '豪華大床房【鳥瞰空中花園+體驗靜謐舒適】:HK$451']"
陌上輕居酒店（中山站火炬軟件園店）,9.6,"['風韻·智能大床房（智能客控+無線投屏+小冰箱）:HK$289', '風韻·智能雙床房（智能客控+無線投屏+小冰箱）:HK$297', '品學·舒睡大床房（語音客控+無線投屏+小冰箱）:HK$313', '品學·舒睡雙床房（語音可控+無線投屏+小冰箱）:HK$324', '雅緻·臻禮大床房（語音客控+觀景茶桌+小冰箱）:HK$368']"
中山西區興中廣場亞朵酒店,9.6,"['雅緻大床房:HK$411', '高級雙床房（天然氧吧+花園景觀）:HK$438', '高級大床房（天然氧吧+花園景觀）:HK$438', '行政大床房（天然氧吧+ 花園景觀+小冰箱）:HK$465', '行政雙床房（天然氧吧+花園景觀+ 小冰箱）:HK$465']"
易趣·君臨酒店,9.3,"['高級大床房（落地全景+親膚浴袍+大屏電視）:HK$377', '高級雙床房（mini吧+休閑沙發+乾濕分離衞生間）:HK$399', '豪華大床房（摩登夜景+零壓床墊+全屋智能）:HK$437', '行政大床房（羽絨寢具+臨窗浴缸+茶藝品茗）:HK$503']"
中山東方海悦酒店（興中廣場華髮商都店）,9.1,"['迷你單人房:HK$325', '標準雙床房:HK$413', '標準大床房:HK$413', '迷你江景單人房（觀江景陽台）:HK$435', '行政大床房:HK$435']"
中山盛景尚峯酒店,9.0,"['商務單人房:HK$458', '商務雙人房:HK$470', '金融單人房:HK$482', '金融雙人房:HK$495', '金融商務房:HK$693']"
希亞途花園酒店（中山古鎮國際燈飾批發中心店）,9.5,"['Hiatu 雅緻大床房:HK$207', 'Hiatu 雅緻雙床房:HK$222', 'Hiatu 雅美大床房:HK$232', 'Hiatu 雅美雙床房:HK$252']"
全季酒店（中山北站保利廣場店）,9.8,"['高級大床房:HK$374', '高級雙床房:HK$402', '商務大床房:HK$402', '商務雙床房:HK$430']"
中山圈子藝術酒店（興中廣場孫文步行街店）,8.3,"['精緻山景大床房:HK$231', '豪華江景雙床房:HK$256', '精緻江景大床房:HK$265', '豪華山景大床房:HK$277']"
中山南頭海雅繽紛城亞朵酒店,9.7,"['高級大床房（乾濕分離+無線電充+小冰箱+無線投屏）:HK$394', '高級雙床房（乾濕分離+無線電充+小冰箱+無線投屏）:HK$448', '行政大床房（乾濕分離+無線電充+小冰箱+無線投屏）:HK$457', '行政雙床房:HK$547', '幾木享浴套房（乾濕分離+無線電充+小冰箱+無線投屏）:HK$681']"
中山頤和君利酒店（石岐萬象滙店）,9.0,"['樂享舒睡園景雙床房「落地玻璃+安靜舒適+園林景觀」:HK$303', '君享商旅大床房「安靜舒適」:HK$303', '樂享商旅城景大床房「浴缸+城景」:HK$337', '優享舒睡商務套房「獨立廳室+落地玻璃+安靜舒適+園林景觀」:HK$524', '優享舒睡行政套房「獨立廳室+落地玻璃+安靜舒適」:HK$524']"
凱里亞德酒店（中山南區會議中心店）,9.4,"['輕享大床房:HK$331', '輕享雙床房:HK$331', '優享陽光大床房（全景落地窗）:HK$357', '優享陽光雙床房（全景落地窗）:HK$357', '優享城景雙床房（全景落地窗）:HK$383']"
中山名座假日酒店,9.1,"['高級大床房:HK$510', '高級雙床房:HK$510', '豪華大床房:HK$546', '特色大床房:HK$546', '親子房:HK$546', '豪華雙床房:HK$546']"
鉑頓國際公寓（中山坦洲店）,9.6,"['智能標準大床房（智能客控+舒適温馨+賽諾安納西床墊）:HK$192', '智能標準雙床房（智能客控+電視投屏+賽諾安納西床墊）:HK$207', '智能高級雙床房（智能客控+電視投屏+賽諾安納西床墊）:HK$244', '智能豪華影院大床房（智能客控+100寸巨幕+品牌床墊）:HK$281']"
美宿·雍陌民宿（中山温泉度假區店）,9.6,"['別緻花園大床房:HK$293', '雅緻花園雙床房:HK$435', '尊享沐陽大床房:HK$479', '複式家庭親子房:HK$676']"
中山利和希爾頓花園酒店,9.4,"['標準大床房:HK$346', '標準雙床房:HK$346', '高級大床房:HK$379', '高級雙床房:HK$379', '豪華大床房:HK$433']"
星程酒店（中山坦洲店）,9.6,"['高級雙床房:HK$258', '高級大床房:HK$278', '豪華雙床房:HK$278', '豪華大床房:HK$299']"
漢庭酒店（中山市中醫院店）,9.4,"['大床房:HK$255', '高級大床房:HK$274', '商務大床房:HK$292', '商務雙床房:HK$312']"
須彌山精英企業傢俱樂部酒店,9.1,"['君雅大床房（單人浴缸）:HK$360', '驅車入住-概念主題房:HK$461', '君雅雙床房（單人浴缸）:HK$461', '健康養生-主題濕蒸房【單人浴缸+獨立濕蒸房+小冰箱】:HK$584', '私密空間—花園桑拿濕蒸房（雙人大浴缸+獨立濕蒸房+小冰箱）:HK$699']"
凱里亞德酒店（中山小欖大信新都滙店）,9.4,"['輕享智能大床房:HK$268', '優享智能大床房:HK$286', '優享智能雙床房:HK$286', '榮享景觀大床房:HK$312', '榮享景觀雙床房:HK$321']"
凱里亞德酒店（中山科技大學店）,9.3,"['輕享大床房:HK$306', '樂享雙床房:HK$331', '樂享大床房:HK$331', '榮享大床房:HK$356', '榮享雙床房:HK$356']"
麗楓酒店（中山三角店）,9.5,"['雅緻大床房:HK$260', '高級影視大床房:HK$276', '豪華雙床房（慕思床墊+智能客控）:HK$311', '豪華大床房（慕思床墊+智能客控）:HK$311']"
鉑頓國際公寓（中山黃圃店）,9.6,"['雅緻大床房:HK$229', '高級大床房:HK$251', '豪華大床房:HK$274', '豪華雙床房:HK$290']"
