酒店名称,评分,房型价格列表
五指山鵬來酒店,9.2,"['舒適大床房:HK$282', '舒適雙床房:HK$282', '尊享雙人房:HK$325', '尊享大床房:HK$325']"
方諾寨·雨林生態莊園,9.0,"['黎家·田園別院，梯田景觀，田園風格聯排木屋:HK$674', '星墅·雨林景觀超大床房｜智能客控+除濕機+冰箱:HK$1,343', '雨墅·180度雨林景觀超大床房|雙人洗漱台+智能客控+浴缸+除濕機+冰箱:HK$1,587', '山墅·雨林景觀超大床房 ｜客廳+智能客控+除濕機+浴缸+冰箱:HK$1,587', '楓墅·180度雨林景觀超大床房|雙人搖椅+智能客控+浴缸+除濕機+冰箱:HK$1,587']"
花築·五指山合和館民宿,9.2,"['舒適大床房:HK$208', '觀景陽台大床房:HK$233', '觀景陽台雙床房:HK$246', '家庭套房:HK$494']"
五指山中部大酒店,9.3,"['豪華智控雙床房:HK$382', '豪華智控陽台雙床房:HK$423', '豪華智控陽台大床房:HK$451', '親子雙床房:HK$560']"
五指山茗蘭舍,9.3,"['雨林氧吧觀山雙標房:HK$513', '雨林氧吧觀山大床房:HK$568', '雨林氧吧觀山套房:HK$972', '雨林氧吧觀山別墅:HK$2,916']"
五指山春和酒店,8.7,"['山景榻榻米:HK$170', '山景雙床房:HK$184', '河景雙床房:HK$205', '山景親子房:HK$265']"
全季酒店（五指山三月三大道店）,9.5,"['大床房:HK$311', '高級大床房:HK$341', '雙床房:HK$371', '家庭房:HK$402']"
五指山珠江水晶酒店,9.2,"['特惠雙床房:HK$311', '山景雙床房:HK$325', '特惠大床房:HK$327', '山景大床房:HK$345', '河景雙床房:HK$348']"
五指山清能麗景灣酒店,9.0,"['B1-麗景智控大床房:HK$348', 'B1-麗景智控雙床房:HK$369', '靜謐麗景·智控大床房:HK$404', '靜謐河景·智控雙床房:HK$436', '靜謐河景·智控大床房:HK$436', '水墨麗景·智控大床房:HK$507']"
五指山亞泰雨林酒店,9.1,"['雨林高級山谷雙床房:HK$454', '雨林雅緻別墅雙床房:HK$534', '雨林雅緻別墅大床房:HK$534', '雨林豪華山谷雙床房:HK$719', '雨林豪華山谷大床房:HK$751', '雨林豪華別墅雙床房:HK$822']"
五指山懿品雲景度假酒店,8.7,"['懿品遠景雙床房:HK$258', '懿品觀景大床房:HK$270', '懿品觀景雙床房:HK$277', '懿品雅緻雙床房:HK$292', '懿品雅緻大床房:HK$292']"
五指山水雲居酒店,9.1,"['湖畔豪華套房一室一廳:HK$369', '湖畔豪華一室一廳（雙標）:HK$424', '湖畔豪華套房二室一廳:HK$453', '園景豪華套房一室一廳:HK$497']"
仁帝山雨林酒店,8.4,"['雨林養生雙床房:HK$519', '雨林養生大床房:HK$612', '養生套房兩室一廳:HK$835', '九養雙床房:HK$927']"
璟熙酒店（五指山三月三大道店）,7.9,"['熙遇·園景大床房〔0壓床墊・公區提供自助洗衣機〕:HK$181', '熙悦·園景雙床房〔0壓床墊・公區提供自助洗衣機〕:HK$192', '珺璟·全景大床房〔0壓床墊・公區提供自助洗衣機〕:HK$203', '麗熙·全景雙床房〔0壓床墊・公區提供自助洗衣機〕:HK$214']"
五指山國金大酒店,8.9,"['高級大床房:HK$277', '高級雙床房:HK$277', '豪華大床房:HK$316', '豪華雙標房:HK$316']"
瓦哎嚕酒店（五指山三月三大道店）,8.6,"['木香·清心榻榻米:HK$138', '沐心·靜謐大床房:HK$149', '拾光·浪漫圓床房:HK$160', '風清·望山雙床房:HK$171']"
五指山紅雅民宿,9.4,"['豪華大床房:HK$252', '園景大床房:HK$253', '園景榻榻米:HK$253', '豪華園景大床房:HK$263']"
五指山椰楓家園公寓,7.9,"['特價標準間:HK$126', '標間:HK$137', '豪華套房:HK$149', '豪華家庭套房:HK$221']"
五指山天鶴峪嶺旅居,7.8,"['景觀開間大床房:HK$184', '景觀開間雙床房:HK$202', '豪華一室一廳套房:HK$240', '豪華兩室一廳套房:HK$314']"
五指山六藝王宮別墅,9.5,"['山景單卧室泳池別墅:HK$1,465', '臨河單卧室泳池別墅:HK$1,628', '山景雙卧室泳池別墅套房:HK$1,956', '臨河雙卧室泳池別墅套房:HK$2,202']"
五指山一方酒店,8.3,"['特價雙間:HK$113', '豪華雙間:HK$137', '豪華大床:HK$137', '三人間:HK$195']"
五指山旭日客棧,9.0,"['大床房:HK$130', '標準雙人房:HK$149']"
吉昌賓館,8.0,"['標準雙床間:HK$82', '舒適雙床房:HK$138', '舒適大床房:HK$138']"
五指山福安泰隆酒店,7.8,"['陽台雙床房:HK$104', '二級高級單人房:HK$106', '一級高級單人房:HK$112', '高級套間:HK$120']"
途窩假日酒店（五指山店）,7.0,"['豪華觀景大床房:HK$104', '途窩拾光雙人房:HK$109', '豪華觀景雙床房:HK$119', '麻將套房:HK$228']"
五指山福德萊酒店,8.1,[]
神玉島玉酒店,9.4,"['蝴蝶公主親子房:HK$971', '奶龍親子房:HK$1,079', '櫻桃小丸子親子房:HK$1,079', '喜羊羊與灰太狼親子房:HK$1,079', '奧特曼親子房:HK$1,079', '小熊王子親子房:HK$1,079']"
海南七仙嶺君瀾度假酒店,9.4,"['溪谷宿雙床房（温泉入户+180度雨林景觀）:HK$730', '溪谷宿大床房（温泉入户+180度雨林景觀）:HK$730', '雲鼎別墅大床房（温泉入户+陽光通透）:HK$892', '雨林別墅雙床房（温泉入户+雨林景觀）:HK$970', '雨林別墅大床房（温泉入户+雨林景觀）:HK$970', '雨林親子三人別墅房（温泉入户+户外露台）:HK$1,079']"
保亭七仙嶺雨林仙境温泉度假酒店,9.0,"['高級雨林大床房（獨立私湯温泉+雨林景觀+獨立陽台）:HK$663', '高級雨林雙床房（獨立私湯温泉+雨林景觀+獨立陽台）:HK$663', '豪華雨林大床房（獨立私湯温泉+雨林景觀+獨立陽台）:HK$850', '豪華雨林雙床房（獨立私湯温泉+雨林景觀+獨立陽台）:HK$851', '精品雨林雙床房（獨立私湯温泉+雨林景觀+獨立陽台）:HK$872']"
七仙苗山書雁私湯温泉度假院子,9.6,"['陽光雨林大床房（私湯葯浴温泉+雨林景觀+戴森吹風機）:HK$1,652', '山景雨林雙床房（私湯葯浴温泉+日出景觀+獨立陽台）:HK$2,039', '豪華雨林大床房（私湯葯浴温泉+雨林景觀+獨立陽台）:HK$2,168', '山景雨林大床房（私湯葯浴温泉+日出美景+獨立陽台）:HK$2,297', '270°景觀雨林大床房+私湯葯浴温泉+獨立陽台+日出美景:HK$2,555']"
享水谷熱帶雨林國家公園度假酒店,8.8,"['山谷豪華雙標房:HK$400', '特惠雙床房:HK$400', '山谷豪華蜜月房:HK$416', '山谷豪華套房:HK$708']"
保亭七仙嶺瑪萊温泉度假酒店,8.9,"['豪華温泉雙床房1Lou（私湯温泉+園林景觀+獨立陽台）:HK$293', '雨林温泉雙床房:HK$467', '雨林温泉大床房:HK$467', '山景温泉雙床房:HK$467']"
七仙嶺康樂温泉酒店,9.0,"['豪華半山園景雙床房:HK$293', '豪華雨林園景雙床房:HK$315', '豪華半山温泉雙床房:HK$391', '豪華雨林温泉雙床房5號樓:HK$424']"
茶溪谷大酒店,9.0,"['茶溪普標雙床房:HK$190', '茶溪普標復古大床房:HK$190', '雲棲木屋雙床房:HK$190', '雲棲木屋大床房:HK$190']"
海南七仙嶺龍灣珺唐酒店,9.2,"['景觀雨林大床房（通透設計+私湯温泉+雨林景觀）:HK$680', '景觀雨林雙床房（通透設計+私湯温泉+雨林景觀）:HK$680', '陽光雨林大床房（朗闊空間+私湯温泉+負氧離子1萬+）:HK$757', '陽光雨林雙床房（朗闊空間+私湯温泉+負氧離子1萬+）:HK$757', '花園親子套房（花園小院+私湯温泉+小童主題）:HK$1,255', '豪華套房（一室一廳遠觀山景+VIP尊享）:HK$1,796']"
保亭戴斯酒店,9.1,"['特惠大床房:HK$337', '特惠雙床房:HK$337', '標準大床房:HK$350', '標準雙床房:HK$350', '商務大床房:HK$413']"
保亭仙嶺郡代爾蒙酒店,8.5,"['兩室兩廳度假園景套房:HK$348', '三室兩廳家庭園景套房:HK$479']"
翡麗智慧酒店（保亭店）,9.1,"['新風簡約大床房（智能客控+手機投屏）:HK$159', '雅緻舒適大床房（智能客控+零壓床墊+高樓層）:HK$170', '新風簡約雙床房（智能客控+烘乾一體洗衣機）:HK$176', '雅緻舒適雙床房:HK$181']"
保亭雙大野奢康養酒店,9.3,"['豪華大床房:HK$312', '豪華雙床房:HK$312', '一房一廳家庭套房:HK$334', '一房一廳雙床套房:HK$334', '一房一廳大床套房:HK$334']"
共享智能酒店（保亭縣政府店）,9.3,"['Gl優享特惠房（零壓床墊）:HK$148', 'Gl樂享智能大床房（智能客控+零壓床墊）:HK$158', 'G L 私享智能大床房（享有風景+零壓床墊）:HK$169', 'G L 共享智能大床房（享有風景+智能客控+零壓床墊）:HK$191']"
保亭保城漢亭智能酒店,9.3,['三人間:HK$186']
維也納國際酒店（保亭中心店）,9.5,"['商務大床房:HK$305', '商務雙床房:HK$305', '景觀大床房:HK$322', '景觀雙床房:HK$322']"
天藝精品酒店（保亭七仙廣場店）,8.5,"['尊享陽光大床房【空氣好+乾濕分離+定製洗漱用品】:HK$213', '特惠大床房【靜眠舒睡+辦公桌椅+定製洗漱用品】:HK$237', '高級大床房【大空間+會客區+辦公桌椅】:HK$240', '高級雙床房:HK$267']"
保亭星都精品酒店（七仙廣場店）,9.0,"['舒享單間:HK$151', '温馨大床房:HK$173', '陽光大床房:HK$194', '雅緻雙人房:HK$205']"
九九八智聯商務酒店,9.5,"['特價房:HK$173', '標準單人房:HK$251', '商務雙人房:HK$266', '舒適雙床房:HK$267']"
海南七仙嶺寶亭荔苑温泉酒店,8.0,"['雨林温泉雙床房（私湯温泉+雨林景觀+智能小度）:HK$469', '雨林温泉大床房（私湯温泉+雨林景觀+智能小度）:HK$469', '豪華温泉雙床房（私湯温泉+雨林景觀+智能小度）:HK$509', '豪華温泉大床房（私湯温泉+雨林景觀+智能小度）:HK$509', '豪華雨林温泉套房（私湯温泉+雨林景觀+智能小度）:HK$613']"
海南七仙瑤池温泉度假酒店,7.9,"['山谷大床房:HK$358', '雨林温泉房:HK$392', '豪華雨林温泉房:HK$410', '複式雨林親子房:HK$724']"
保亭七仙嶺南美温泉山莊,8.1,"['新豪華房:HK$533', '仙景雙床房（無泡池）:HK$533', '優選雙床房:HK$566', '園景大床房:HK$620']"
保亭柒月精品酒店,7.8,"['特惠大床房:HK$151', '主題大床房:HK$162', '柒月精品大床房:HK$173', '智能大床房【智能語音控制】:HK$194']"
保亭川鴻智能酒店,10.0,"['GL商務大床（中央空調+智能客控）:HK$128', 'GL共享雙標房（中央空調+智能客控）:HK$137', 'GL輕享大床房（中央空調+智能客控）:HK$137', 'GL優享大床房（中央空調+智能客控）:HK$147']"
