酒店名称,评分,房型价格列表
景咖城市民宿（儋州海花島2號島）,8.6,"['園景大床房A級（廚房+冰箱+洗衣機）:HK$218', '初春踏青·雅棲園景LOFT大床房A級:HK$218', '海景大床房AA級:HK$241', '輕奢LOFT海景雙床房:HK$321']"
海南海花島希爾頓酒店,9.5,"['精選雅緻房:HK$584', '豪華大床房:HK$658', '超級飛俠酷芽太空主題親子房:HK$726', '精選園景大床房:HK$769', '豪華雙床房:HK$921', '精選園景雙床房:HK$1,029']"
全季酒店（儋州汽車站中興大街店）,9.5,"['大床房:HK$260', '高級雙床房:HK$279', '高級大床房:HK$279', '商務大床房:HK$325']"
永嘉大酒店（儋州夏日廣場店）,9.4,"['佳和家庭親子房（安靜舒適+大空間）:HK$272', '佳和大床房（視野廣闊+獨立衣帽間）:HK$272', '豪華大床房（獨立衣帽間+空間大+視野廣闊+乾濕分離）:HK$331', '豪華家庭親子房（安靜舒適+獨立衣帽間+空間大）:HK$331', '行政套房（超大浴缸+乾濕分離+視野廣闊）:HK$513']"
巴里島國際酒店（儋州汽車站夏日廣場店）,9.5,"['風雅丨舒適雙人房:HK$223', '風雅丨舒適大床房:HK$226', '臻選丨商務大床房（乾濕分離+舒適睡眠）:HK$247', '甄選丨商務雙人房（乾濕分離+舒適睡眠）:HK$247']"
儋州蘭洋地質温泉酒店,8.8,"['精選氡泉雙床房:HK$314', '精選氡泉大床房:HK$314', '優選氡泉雙床房:HK$360', '優選氡泉大床房:HK$360', '臻選氡泉大床房:HK$509']"
海花島科拉克拉·CORA設計民宿,9.3,"['一克拉•法式海景投影房:HK$216', '三克拉•海景投影房:HK$216', '八克拉• 海景投影房:HK$271', '六克拉•海景投影房:HK$293']"
印象·江南別墅（儋州海花島3號島店）,9.1,"['三卧園景洋房:HK$913', '三卧海景洋房:HK$1,095', '四卧園景洋房:HK$1,095', '四卧海景複式洋房:HK$1,461']"
宜尚酒店（儋州夏日廣場商業街店）,9.6,"['宜馨大床房:HK$227', '宜悦大床房:HK$240', '宜品大床房（帶窗）:HK$284', '宜品雙床房（帶窗）:HK$299']"
希爾悦酒店（夏日廣場體育館店）,9.3,"['希雅特惠大床房（智能客控-小度睡眠燈光）:HK$197', '希爾商務智能大床房（智能客控-小度睡眠燈光）:HK$222', '希爾休閑智能大床房（小度語音）:HK$226', '希爾智能雙床房（小度語音電視）:HK$240']"
儋州麥客達温德姆酒店（夏日廣場店）,8.8,"['豪華雙床房（一室一廳-零壓床墊-智能馬桶-深睡眠）:HK$234', '舒適大床房（一室一廳-零壓床墊-智能馬桶）:HK$234', '城景雙床房（一室一廳-俯瞰夏日廣場-舒適睡眠）:HK$255', '豪華大床房（獨立客廳-觀夏日地標夜景-乾濕分離-舒適好眠）:HK$297']"
海花島·SANSU三時三宿全海景民宿,9.5,"['INS純白甜甜圈海景投影房:HK$189', '克萊因藍的日落全海景投影房:HK$208', '摩登Chanel風海景投影房:HK$216', 'INS韓系夏日暖陽海景投影房:HK$229']"
海南海花島歐堡酒店,9.1,"['雅緻大床房:HK$435', '雅緻雙床房:HK$435', '海景雙床房:HK$489', '海景大床房:HK$511', '至尊海景大床房:HK$566', '至尊海景雙床房:HK$566']"
維也納國際酒店（儋州洋浦店）,9.2,"['高級大床房（園景大陽台）:HK$207', '豪華大床房（園景大陽台）:HK$231', '高級雙床房（園景大陽台）:HK$231', '海景大床房（海景大陽台）:HK$239', '豪華雙床房（園景大陽台）:HK$255']"
格美酒店（儋州夏日廣場店）,8.4,"['精選大床房:HK$140', '精選雙床房:HK$149', '麻將大床房:HK$166', '豪華大床房:HK$185', '豪華雙床房:HK$202']"
柏曼酒店（儋州那大夏日廣場店）,9.1,"['標準大床房·靜謐空間:HK$190', '高級大床房·靜謐空間:HK$221', '豪華大床房·靈動空間:HK$252', '豪華雙床房·靈動空間:HK$252']"
如家精選酒店（儋州夏日廣場汽車總站店）,9.5,"['雙床房A（無窗）:HK$162', '特色大床房:HK$188', '雙床房:HK$205', '商務大床房:HK$205']"
儋州洋浦美居酒店,9.7,"['標準大床房（65寸可投屏電視+絲漣床墊+智能馬桶）:HK$344', '高級大床房（65寸可投屏電視+絲漣床墊+智能馬桶）:HK$363', '城景雙床房（65寸可投屏電視+絲漣床墊+智能馬桶）:HK$373', '豪華景觀大床房（65寸可投屏電視+絲漣床墊+智能馬桶）:HK$373', '海景大床房（65寸可投屏電視+絲漣床墊+智能馬桶）:HK$382']"
歐斯卡國際酒店（儋州汽車站店）,9.1,"['特惠·大床房:HK$148', '智能·優選大床房:HK$164', '智能·尊享大床房:HK$172', '智能·尊享雙床房:HK$175']"
海岸線海景民宿（儋州海花島店）,9.5,"['簡奢|特惠海景開間:HK$98', '藍天|一線海景大開間:HK$107', '水天一色|超級海景大床房:HK$115', 'LOFT|複式海景單間（觀一號島夜景）:HK$120']"
維也納國際酒店（儋州鼎尚廣場店）,9.3,"['高級大床房:HK$271', '豪華大床房:HK$286', '商務大床房:HK$293', '商務雙床房:HK$293', '棋牌大床房:HK$304']"
全季酒店（儋州洋浦經濟開發區店）,9.6,"['大床房A:HK$321', '大床房:HK$341', '商務雙床房:HK$341', '高級大床房:HK$362']"
儋州佰麗海景酒店（洋浦店）,9.4,"['豪華大床房:HK$271', '豪華雙人房:HK$271', '行政雙標房:HK$391', '行政大床房:HK$391', '三人間套房:HK$424']"
天藝博睿AI酒店（儋州市中心夏日廣場店）,9.2,"['景悦雙床房（180°觀景+辦公桌椅）:HK$232', '温馨大床房（賞歐式小鎮風光）:HK$243', '主題大床房（超大浴缸+慕思床墊+180°觀景）:HK$264', '市景雙床房（180°觀景+辦公桌椅）:HK$275']"
儋州福朋喜來登酒店,9.3,"['雅緻雙床房:HK$448', '雅緻大床房:HK$452', '高級大床房:HK$504', '高級雙床房:HK$504', '豪華大床房:HK$556', '豪華雙床房:HK$556']"
維也納國際酒店（儋州市政府福安大廈店）,9.3,"['浪漫大床房（舒適睡眠+智能客控）:HK$238', '商務大床房（舒適睡眠+採光通透+智能客控）:HK$278', '豪華雙床房（視野廣闊+舒適睡眠+智能客控）:HK$294', '豪華大床房（舒適睡眠+日出日落觀景房+智能客控）:HK$326']"
儋州洋浦灣海景花園酒店,9.0,"['標準雙床房:HK$238', '標準大床房:HK$238', '豪華雙標房:HK$293', '行政套房:HK$533']"
桔子酒店（儋州夏日廣場西部醫院店）,8.6,"['小時光 | 榻榻米大床房（舒適睡眠+乾濕分離）:HK$183', '節奏丨輕享大床房（舒適睡眠）:HK$206', '滄海雙床房（舒適睡眠）:HK$213', '挪威森林家庭房（乾濕分離+大空間）:HK$229']"
儋州新天地酒店（夏日廣場店）,8.5,"['特惠雙床房:HK$232', '特惠大床房:HK$232', '温馨家庭房:HK$391', '別緻城景大床房:HK$436', '別緻城景雙床房:HK$436']"
曼居酒店（海南店）,9.3,"['曼選雙拼大床房:HK$232', '曼居雙床房:HK$244', '曼居大床房:HK$266', '曼享大床房:HK$287']"
麗棲·安縵酒店（儋州夏日廣場汽車總站店）,9.2,"['精選智能大床房（冷暖空調丨高低助眠枕頭）:HK$163', '精選智能雙床房:HK$174', '高級智能大床房（瀑布雨淋|夕陽河景）:HK$174', '豪華智能大床房（會客沙發|移動辦公桌）:HK$184']"
興湖美辰酒店（儋州夏日廣場店）,9.5,"['辰曦大床房（智能客控-小度語音電視）:HK$159', '辰語大床房（智能客控-自動語音燈光）:HK$177', '辰秋大床房（智能客控-小度睡眠燈）:HK$200', '辰秋雙床房（智能自助洗衣機）:HK$200']"
花祺酒店（儋州夏日廣場汽車站店）,9.2,"['嗨致靜謐大床房（一次性面巾）:HK$124', '沉浸式觀影大床房（可投影+影院既視感+視頻會員）:HK$128', '嗨致靜謐雙床房（高低軟硬零壓枕+不透光窗簾）:HK$132', '悦致城景大床房:HK$133']"
維也納酒店（儋州白馬井店）,9.4,"['高級大床房（舒適睡眠+智能客控）:HK$236', '標準大床房（暖光燈-無智能聲控-舒適睡眠+乾濕分離）:HK$236', '豪華大床房（視野廣闊+乾濕分離+智能客控）:HK$254', '豪華雙床房（視野廣闊+乾濕分離+智能客控）:HK$254']"
印象江南別墅酒店（儋州海花島2號島店）,9.0,"['新中式海景三卧公寓套房:HK$875', '新中式三卧觀景洋房:HK$984', '新中式四卧別墅-3號島:HK$1,967', '新中式五卧海景別墅-3號島:HK$2,623']"
易蔓假日酒店（儋州兩院海南大學店）,9.4,"['特惠大床房【電視投屏+零壓床墊+零壓記憶枕】:HK$481', '大床房【電視投屏+零壓床墊+零壓記憶枕】:HK$500', '雙床房【電視投屏+零壓床墊+零壓記憶枕】:HK$509', '豪華大床房【電視投屏+零壓床墊+零壓記憶枕】:HK$537']"
儋州松濤書院民宿,9.0,"['雅緻大床房:HK$436', '雲舍山間木屋大床房:HK$436', '雲舍山間雙標木屋:HK$436', '園景大床房:HK$534']"
潤地國際酒店（儋州夏日廣場體育館店）,9.3,"['智選標準大床房-品質臻享:HK$227', '智選標準雙床房-品質臻享:HK$238', '高級智能大床房-智能語音:HK$249', '高級智能雙床房-智能燈光:HK$260', '豪華智能大床房-智能燈光:HK$271']"
海島露水·Island Dew （儋州海花島店）,9.0,"['棲岸丨輕奢一室大床房:HK$161', '海韻丨Loft海景一室大床套房:HK$174', '晴風丨Loft海景一室雙床房:HK$189', '拾光丨Loft海景一室雙床套房:HK$189']"
盛源御景酒店（儋州汽車總站店）,8.4,"['祕境 | 高級雙床房（舒適睡眠+乾濕分離）:HK$258', '祕境 | 高級大床房（舒適睡眠+乾濕分離）:HK$258', '臻選 | 豪華睡眠雙床房（喜臨門床墊+乾濕分離+大空間）:HK$307', '臻選 | 豪華睡眠大床房（喜臨門床墊+乾濕分離+大空間）:HK$307']"
每好銀灘假日酒店,8.7,"['窗户觀景雙床房:HK$270', '窗户觀景大床房:HK$270', '陽台休閑雙床房:HK$304', '陽台休閑大床房:HK$304', '童趣親子主題房:HK$337']"
嵐康海景大酒店,8.5,"['高級花園大床房:HK$185', '高級花園雙床房:HK$185', '悦享圓床房:HK$205', '高級海景雙床房:HK$205', '高級海景大床房:HK$205']"
森林客棧（儋州植物園熱科院海南大學店）,9.7,"['晨曦·花園雙標房:HK$282', '森林小調房:HK$296', '晨曦·花園大床房:HK$296', '豪華家庭房:HK$313']"
蘭桂坊酒店（儋州夏日廣場店）,9.2,"['蘭芝輕奢大床房:HK$147', '蘭藝雅緻雙床房:HK$157', '蘭若商務大床房:HK$168', '蘭芷商務雙床房:HK$178']"
儋州漫谷禧悦酒店（白馬井店）,8.8,"['樂享 | 舒適雙床房（大空間+舒適睡眠）:HK$132', '樂享 | 舒適大床房（大空間+舒適睡眠）:HK$139', '尊享 | 豪華大床房（超大空間+舒適睡眠）:HK$173', '尊享 | 豪華雙床房（超大空間+乾濕分離）:HK$240']"
儋州諾蘭朵酒店（汽車總站店）,9.7,"['舒適大床房:HK$235', '高級大床房:HK$254', '高級雙床房:HK$284', '摩登浴缸房:HK$290']"
儋州麗思頓大酒店,8.7,"['特惠大床房:HK$249', '行政大床房:HK$304', '特惠雙床房:HK$315', '行政雙床房:HK$326']"
海花島五國温泉別墅酒店,9.6,"['風情私湯單層別墅（I型單卧）:HK$1,479', '風情私湯單層別墅（I型雙卧）:HK$1,847', '親子私湯單層別墅（I型雙卧）:HK$2,125', '至尊私湯複式別墅（II型雙卧）:HK$2,404']"
儋州堡格麗酒店（白馬井店）,9.2,"['高級大床房『全屋智能聲控+ O壓床品+公區自助洗衣機』:HK$125', '豪華大床房『全屋智能聲控+ O壓床品+乾濕分離』:HK$155', '幾木雙床房 『全屋智能聲控+ O壓床品+乾濕分離』:HK$155', '棋牌大床房『全屋智能聲控+ O壓床品+娛樂隨心玩』:HK$167']"
儋耳追光驛站（環島旅遊公路店）,9.4,"['松濤小院·獨立庭院大床房:HK$281', '追光聽海·獨立庭院大床房:HK$304', '海韻鷺鳴·獨立庭院雙床房:HK$372', '松海之境獨棟別墅一層:HK$653', '松海之境獨棟別墅二層:HK$712']"
