酒店名称,评分,房型价格列表
美住·悦檐酒店（南寧會展中心埌西地鐵站店）,9.4,"['悦馨雙床房（智能客控+舒適辦公+電視投屏）:HK$239', '悦惠大床房（智能客控+電視投屏+品味自然芳香）:HK$239', '悦馨大床房（智能客控+舒適辦公+電視投屏）:HK$267', '悦享全景大床房（陽光通透+超大穿衣鏡+品質床墊）:HK$279', '悦享全景雙床房（陽光通透+雙門隔音+LED化粧鏡）:HK$279']"
美豪麗致酒店（南寧火車站明秀路地鐵站店）,9.5,"['麗致榻榻米房丨零壓床墊丨mini冰箱丨舒適床品:HK$327', '麗致大床房丨徠芬負離子吹髮丨浴衣丨mini冰箱:HK$337', '麗致雙床房丨徠芬負離子吹髮丨浴衣丨mini冰箱:HK$337', '雅緻大床房 丨徠芬負離子吹髮丨浴衣丨靜謐舒適:HK$359', '雅緻雙床房丨徠芬負離子吹髮丨浴衣丨靜謐舒適:HK$359']"
吉瑞酒店（南寧火車東站南廣場店）,9.4,"['雅居丨舒適大床房（公區自助洗衣機+簡約舒適）:HK$309', '雅居丨舒適雙床房（公區自助洗衣機+簡約舒適）:HK$351', '靜逸丨城景大床房（落地窗高層俯瞰城市景觀+靜謐睡眠）:HK$374', '靜逸丨城景雙床房（落地窗高層俯瞰城市景觀+靜謐睡眠）:HK$374']"
悦笙酒店（南寧朝陽廣場火車站店）,9.5,"['一見暮卿・格調高級大床房『智能馬桶｜金可兒床墊｜MiNi冰箱｜手機無線充』:HK$328', '一夕一夏·悦享雅緻大床房『智能馬桶｜金可兒床墊｜MiNi冰箱｜手機無線充』:HK$328', '一城美景・縱享觀景大床房『俯瞰180°邕城美景｜智能馬桶｜金可兒床墊｜小度智能客控』:HK$349', '一路生花・格調高級雙床房『智能馬桶｜金可兒床墊｜MiNi冰箱｜手機無線充』:HK$357']"
柏曼酒店（南寧朝陽百盛步行街廣場三街兩巷店）,9.5,"['智能標準大床房（安靜舒適+深睡記憶枕）:HK$289', '智能高級大床房（智能客控+零壓深睡枕）:HK$339', '智能高級雙床房（智能客控+零壓深睡枕）:HK$359', '智能豪華大床房（落地玻璃窗+陽光滿屋+舒適好眠）:HK$378']"
南寧安吉希爾頓歡朋酒店,9.6,"['舒適大床房:HK$411', '高級雙床房:HK$423', '高級大床房:HK$434', '舒適園景雙床房（户外露台）:HK$434', '舒適園景大床房（户外露台）:HK$445']"
南寧南湖名都大酒店,9.5,"['商務雙人間（城市CBD天際景觀）:HK$546', '城市景觀單人間（半湖美景轉角房+豪華浴缸）:HK$589', '城市景觀雙人間（半湖美景）:HK$599', '商務單人間（城市CBD天際景觀）:HK$621', '城景特大床:HK$665', '豪華湖景雙人間（毗鄰城市公園，俯瞰南湖全景）:HK$687']"
南寧中心永恆皇冠假日酒店,9.5,"['豪華房-雙床（舒適浴缸）:HK$588', '高級房-大床:HK$624', '豪華房-大床（舒適浴缸）:HK$661', '景觀房-雙床（俯瞰城市夜景）:HK$720', '景觀房-大床（俯瞰城市夜景）:HK$738', '行政房-大床（高樓層CBD景觀）:HK$882']"
宜尚酒店（廣西體育中心五象航洋城店）,9.6,"['特惠大床房（北歐Style）:HK$326', '城景大床房（高空景觀+大空間）:HK$370', '城景雙床房（高空景觀+大空間）:HK$374', '江景大床房（高空景觀+大空間）:HK$392', '江景雙床房（高空景觀+大空間）:HK$425']"
永恆朗悦精選酒店（南寧火車站朝陽廣場地鐵站店）,9.0,"['特惠大床房（無窗）:HK$165', '舒適高級大床房:HK$187', '高級雙床房:HK$207', '精選大床房:HK$207']"
金慶盛歡住酒店（南寧會展中心鳳嶺地鐵站店）,9.5,"['高級大床房（180°地標城市景觀+大空間設計+豪華浴缸）:HK$330', '高級雙床房（180°地標城市景觀+大空間設計+豪華浴缸）:HK$330', '豪華大床房（舒享浴缸+奢享空間+舒適沙發）:HK$367', '豪華雙床房（舒享浴缸+奢享空間+舒適沙發）:HK$378']"
南寧曼爾頓國際酒店（會展中心金湖廣場地鐵站店）,9.4,"['曼妙·清新雙床房（舒適床墊）:HK$312', '曼妙·清新大床房（時尚簡約）:HK$312', '曼享·城景雙床房（全景落地）:HK$329', '曼享·城景大床房（落地觀景）:HK$350', '曼怡·智能城景雙床房（燈火闌珊）:HK$371']"
金慶盛金鑽酒店（萬象城南寧火車東站店）,9.6,"['金鑽大床房（風格多樣+180°城市景觀+電動窗簾）:HK$402', '悦享大床房（電動窗簾+採光好）:HK$421', '奢享浴缸大床房（180°城市景觀+電動窗簾）:HK$425', '金鑽雙床房（180°城市景觀+電動窗簾）:HK$425', '奢享浴缸雙床房（180°城市景觀+辦公桌椅+電動窗簾）:HK$426', '馨享超大床房（適合家庭出遊+180°城市景觀）:HK$436']"
雅斯特酒店（南寧五象體育中心廣西文化藝術中心店）,9.5,"['高級雙床房『超大落地靜音玻璃 ┃智能馬桶┃全屋智能 』:HK$271', '雅緻大床房『超大落地靜音玻璃 ┃智能馬桶┃全屋智能 』:HK$274', '雅緻雙床房『超大落地靜音玻璃 ┃智能馬桶┃全屋智能 』:HK$274', '高級大床房『超大落地靜音玻璃 ┃智能馬桶┃全屋智能 』:HK$282', '豪華大床房『全景落地靜音玻璃 ┃智能馬桶┃全屋智能 』:HK$315']"
雅斯特國際酒店（南寧朝陽廣場區政府店）,9.2,"['雅緻大床房【房間格局温馨舒適|手機投屏|商務辦公桌】:HK$255', '高級雙床房【極簡輕奢沉浸質感生活|手機投屏|商務辦公桌|貴妃躺椅】:HK$255', '超級大床房【極簡輕奢雙拼大床隨心躺|手機投屏|商務辦公桌】:HK$277', '觀景大床房【透過落地玻璃享受夕陽美景|貴妃躺椅】:HK$288', '觀景雙床房【全景落地玻璃俯瞰邕城夜景|手機投屏|商務辦公桌】:HK$299']"
南寧東站會展中心桔子水晶酒店,9.6,"['大床房（65寸4K超清投屏電視+全屋智能客控）:HK$398', '商務雙床房（65寸4K超清投屏電視+全屋智能客控）:HK$434', '商務大床房（65寸4K超清投屏電視+全屋智能客控）:HK$434', '高級大床房（65寸4K超清投屏電視+全屋智能客控）:HK$470', '觀景雙床房（65寸4K超清投屏電視+全景落地窗）:HK$507']"
南寧東葛路地鐵站亞朵X酒店,9.6,"['雅緻房（普蘭特床墊+記憶枕）:HK$367', '高級大床房（普蘭特床墊+記憶枕）:HK$385', '高級雙床房（普蘭特床墊+記憶枕）:HK$385', '行政大床房（Mini小冰箱+小米智能體重秤+普蘭特床墊+記憶枕）:HK$421', '行政雙床房（Mini小冰箱+小米智能體重秤+普蘭特床墊+記憶枕）:HK$439']"
美豪麗致酒店（南寧會展中心埌西地鐵站店）,9.5,"['麗致城景大床房（小度音響+城市美景+電動窗簾+智能家居）:HK$338', '智能語控雙床房（電動窗簾+時尚簡約+智能家居+小度音響）:HK$367', '智能語控大床房（小度音響+時尚簡約+智能家居+城市美景+電動窗簾）:HK$390', '麗致輕奢雙床房（超大空間+智能家居+電子貓眼+小度音響）:HK$412', '麗致輕奢大床房（智能家居+小度音響+超大空間+電動窗簾）:HK$412']"
怡程酒店（南寧東站華豐城愛琴海城市廣場店）,9.6,"['智能國風高級大床房【安靜秒睡記憶枕|零壓床墊+空氣凈化器+梳粧全身鏡】:HK$412', '智能國風舒適大床房【180度超大落地靜音玻璃+速乾電衣架+零壓按摩床墊】:HK$450', '智能國風高級雙床房【安靜秒睡記憶枕|零壓床墊+小米空氣凈化器+梳粧全身鏡】:HK$450', '智能國風電競大床房【語音客控+遊戲特權4060+空氣凈化器+新風系統】:HK$458', '智能國風影院大床套房【180度超大落地靜音玻璃+空氣凈化器+巨幕投影VIP+速乾電衣架|梳粧全身鏡】:HK$458']"
香榭裏酒店（南寧會展航洋城店）,9.0,"['舒適大床房（雅靜安逸）:HK$381', '舒適雙床房（雅靜安逸）:HK$403', '商務大床房（城市高空夜景+悠享辦公）:HK$403', '商務雙床房（CBD城市高空景觀+悠享辦公）:HK$436', '行政大床房（會展高空夜景+網紅打卡）:HK$436']"
雅斯特國際酒店（南寧萬象城東盟商務區地鐵站店）,9.5,"['雅緻大床房:HK$299', '雅緻雙床房:HK$299', '高級大床房（近盛天地+乾濕分區+免停車費）:HK$332', '高級雙床房（近龍光世紀+智能全屋+自助洗衣房）:HK$332', '豪華大床房（近萬象城+智能全屋+免停車費）:HK$352']"
雅斯特國際酒店（南寧安吉萬達廣場蘇盧地鐵站店）,9.5,"['雅緻大床房（安吉萬達廣場SOHO1號樓—電視投屏+城市夜景+高樓層）:HK$212', '雅緻雙床房（安吉萬達廣場SOHO1號樓—俯瞰城市美景+雙人沙發+電視投屏）:HK$212', '超級大床房（雙人沙發+電視投屏+釋壓床墊）:HK$229', '豪華雙床房（高樓層+雙人位沙發+電視投屏）:HK$229']"
南寧朝陽廣場地鐵站亞朵酒店,9.6,"['雅緻大床房（深睡PRO枕+深睡床品+小冰箱）:HK$421', '高級大床房（深睡PRO枕+深睡床品+小冰箱）:HK$448', '雅緻雙床房（深睡PRO枕+深睡床品+小冰箱）:HK$502', '行政大床房（深睡PRO枕+深睡床品+小冰箱）:HK$511', '高級雙床房（深睡PRO枕+深睡床品+小冰箱）:HK$547']"
雅斯菲爾酒店（南寧東站萬象城地鐵站店）,9.2,"['樂享·清雅大床房（高層城市景觀+超大浴缸+蒸汽熨衣板+MINI冰箱+親膚浴袍）:HK$325', '♛雅斯特酒店高端品牌-雅雙 ❀ 清雅雙床房 ❀ 『城市中央高層落地美景+奢華浴缸+MiNi冰箱+精緻浴衣』:HK$325', '♛雅斯特酒店高端品牌-悦大 ❁ 心悦大床房❁ 『毗鄰萬象城+盛天地美食城+國際會展中心+航洋國際』:HK$338', '菲常動心·城景雙床房（ 豪華浴缸+蒸汽熨衣板+釋壓床墊+親膚浴袍）:HK$390', '菲常動心·城景大床房（豪華浴缸+蒸汽熨衣板+釋壓床墊+ 羽絨枕）:HK$402']"
南寧鳳凰賓館（火車站地鐵站店）,9.6,"['標準雙床房A（簡約）:HK$277', '標準雙床房B（安靜）:HK$307', '精選雙床房（舒適）:HK$339', '童趣親子雙床房:HK$349', '悦享大床房:HK$370']"
南寧邕州飯店（火車站朝陽廣場店）,9.2,"['商務雙床房【簡約大氣+酒店公區提供自助洗衣】:HK$161', '商務大床房【大氣簡約+酒店公區提供自助洗衣】:HK$161', '豪華商務雙床房【房間通透+採光好+靜謐舒適睡眠好】:HK$182', '夢百合零壓雙床房【記憶棉慢回彈零壓床墊+深度睡眠】:HK$182', '智能健康雙床房【智能客控+空氣凈化機】:HK$182']"
南寧K國際酒店,9.6,"['凱欣大床房（智能家居+品質睡眠）:HK$521', '高級雙床房（網紅浴缸+小度智能喚醒）:HK$618', '親子主題房雙人間（多種童心趣玩佈置）:HK$706', '親子主題房大床房（多種童心趣玩佈置）:HK$706', '高級大床房（網紅浴缸+小度智能喚醒）:HK$717', '榻榻米家庭房（超大衞浴空間+兩用榻榻米）:HK$760']"
南寧金水灣國際大酒店（南湖公園麻村地鐵站店）,9.4,"['東南亞原木雙床房（陽光通透+優質床品+高樓層）:HK$261', '東南亞原木大床房（陽光通透+優質床品+高樓層）:HK$261', '豪華大床房（恆温乾衣架+貴妃躺椅）:HK$292', '豪華雙床房（恆温乾衣架+優質床品）:HK$292', '商務雙床房（恆温乾衣架+辦公桌椅+高樓層）:HK$337']"
吉悦水晶酒店（南寧南湖公園青秀山地鐵站店）,9.2,"['樂享隨心 • 優選舒適大床房（浪漫情侶NO.1-毗鄰青秀山+萬象城+國際會展中心+免停車費）:HK$245', '暢享陽光•觀景高級雙床房（免停車費+毗鄰南湖公園+民歌湖+迷你冰箱+精美茶具）:HK$255', '靜覓時光 • 觀景高級大床房（毗鄰會展中心+航洋城+青秀山+免停車費）:HK$275', '悠然自在 • 城景豪華雙床房（免停車費+ 落地全景窗+ 毗鄰五象體育中心+廣西文化藝術館）:HK$287']"
南寧邕江賓館,9.2,"['特惠雙床房--安靜温馨+浴缸:HK$315', '標準大床房-簡約時尚+浴缸:HK$360', '標準雙床房-簡約時尚+浴缸:HK$360', '商務雙床房-安靜舒適+浴缸:HK$425', '豪華行政雙床房-商家推薦:HK$469', '豪華行政大床房-商家推薦:HK$469']"
全季酒店（南寧金湖廣場店）,9.6,"['高級大床房A:HK$412', '高級大床房:HK$431', '高級雙床房:HK$431', '舒壓高級大床房:HK$452', '舒壓高級雙床房:HK$452']"
雲戀季MAX酒店（朝陽廣場南寧火車站店）,9.1,"['舒享大床房（臨近地鐵口+機場大巴+自助洗衣）:HK$207', '舒享雙床房（臨近地鐵口+機場大巴+自助洗衣）:HK$207', '輕奢大床房（臨近地鐵口+機場大巴+自助洗衣）:HK$229', '輕奢影視房（臨近地鐵口+機場大巴+自助洗衣）:HK$271']"
南寧鳳凰賓館（新朝陽大廈朝陽廣場店）,9.5,"['鳳悦雙床房:HK$325', '鳳悦城景大床房:HK$325', '鳳凰尊享大床房:HK$347', '鳳凰尊享雙床房:HK$347', '鳳凰尊享三床房:HK$391']"
南寧江南白沙大道怡程酒店,9.7,"['舒適大床房【東方韻味丨優美城景丨雙層隔音】:HK$261', '高級大床房【2.4雙拼大床丨雙層隔音清享靜謐空間】:HK$271', '豪華大床房【東方韻味丨精緻茶具丨獨享靜謐】:HK$284', '豪華雙床房【東方韻味丨優美城景丨雙層隔音】:HK$284', '城景雙床房【東方韻味丨180°優美城景視野丨精美茶具】:HK$307']"
南寧火車站北湖亞朵酒店,9.7,"['雅緻大床房（裸棉床品+普蘭特床墊+慢回彈記憶枕）:HK$385', '雅緻雙床房（裸麪床品+普蘭特床墊+慢回彈記憶枕）:HK$403', '高級大床房（普蘭特床墊+榻榻米）:HK$421', '高級雙床房（榻榻米+裸棉床品）:HK$439', '行政大床房（Mini冰箱+榻榻米+慢回彈記憶枕）:HK$448']"
遇熹酒店（廣西大學動物園地鐵站店）,9.4,"['愛無止境｜甜蜜大床房【全屋智能客控+65寸高清投屏】:HK$230', '夜闌人靜｜舒睡雙床房【全屋語音智能+環保封裝口杯】:HK$256', '夜闌人靜｜舒睡大床房【品牌高速吹風機+床頭無線充】:HK$262', '朝沐暖陽｜全景大床房【180°俯瞰城市夜景+高端床品】:HK$272', '朝沐暖陽｜全景雙床房【180度落地窗+陽光通透】:HK$272']"
南寧鑫偉萬豪酒店,9.1,"['豪華大床房:HK$571', '豪華雙床房:HK$571', '商務城景大床房:HK$625', '行政大床房:HK$678', '行政雙床房:HK$678', '行政城景大床房:HK$732']"
南寧富力萬達文華酒店,9.5,"['豪華大床房（CLD繁華商業街景）:HK$588', '豪華雙床房（CLD繁華商業街景）:HK$588', '高級豪華大床房（步入式衣帽間）:HK$642', '高級豪華雙床房（步入式衣帽間）:HK$642', '海底小縱隊主題房:HK$861', '豪華家庭房:HK$861']"
優逸酒店（南寧會展中心萬象城地鐵站店）,9.6,"['零壓商務雙床房（星空中庭觀景+深度好眠+智能馬桶）:HK$437', '舒適特大床房（星空中庭觀景+零壓床墊+電熱乾衣架）:HK$437', '精選大床房（零壓床墊 +智能馬桶+電熱乾衣架）:HK$459', '巨幕影音雙床房（沉浸觀影+雙隔音門+電熱乾衣架）:HK$465', '巨幕影音大床房（沉浸觀影+超大沙發+小冰箱）:HK$503', '零壓商務大床房（獨立辦公區+會客茶台+電熱乾衣架）:HK$536']"
之間民宿（南寧朝陽廣場三街兩巷店）,9.6,"['院間·馬賽大床房203【小米智能家居】:HK$387', '院間·温馨大床房205【小米智能家居】:HK$387', '巷間·陽台大床202【小米智能家居】:HK$445', '舍間·青瓦大床房206【小米智能家居】:HK$445']"
漢庭酒店（南寧朝陽廣場地鐵站店）,9.5,"['高級大床房:HK$264', '高級雙床房:HK$283', '商務大床房:HK$283', '家庭房:HK$312']"
優範酒店（南寧朝陽廣場建政路店）,9.6,"['智能城景大床房（乾衣架+沙發+小冰箱）:HK$360', '智能城景雙床房（電熱乾衣架+小冰箱）:HK$381', '智能觀景大床房（城市夜景+沙發+小冰箱）:HK$391', '智能觀景雙床房（城市夜景+電熱乾衣架+小冰箱）:HK$412', '輕奢童趣親子房（小童遊樂設施+超級大床+小童洗浴）:HK$515']"
雲錦智能影院酒店（南寧火車站地鐵口店）,9.3,"['舒適影院大床房【温馨躺平】:HK$230', '雅緻影院大床房:HK$242', '巨幕影院大床房【小度智能聲控房間設備+百寸巨幕】:HK$300', '巨幕影院雙床房:HK$311']"
雅斯菲爾酒店（南寧朝陽廣場中山路店）,9.4,"['清雅大床房:HK$241', '心悦大床房:HK$249', '清雅雙床房:HK$257', '尊享大床房:HK$273', '超級大床房（雙拼）:HK$281']"
雅斯特國際酒店（南寧朝陽廣場地鐵站店）,9.1,"['雅緻大床房（採光好）:HK$371', '高級雙床房（採光好）:HK$393', '高級大床房（採光好）:HK$404', '觀景大床房（城市夜景+化粧鏡）:HK$426', '觀景雙床房（城市夜景+化粧鏡）:HK$436']"
沃笙酒店（萬象城南寧火車東站店）,9.5,"['精緻大床房:HK$424', '高級雙床房（迷你冰箱+親膚浴袍+商務辦公桌椅）:HK$425', '高級大床房（迷你冰箱+親膚浴袍+商務辦公桌椅）:HK$435', '豪華雙床房（迷你冰箱+親膚浴袍+商務辦公桌椅）:HK$512', '豪華大床房（迷你冰箱+親膚浴袍+浴缸+商務辦公桌椅）:HK$523', '主題雙床房（童趣玩具+主題帳篷）:HK$544']"
宜尚PLUS酒店（南寧火車站朝陽廣場店）,9.5,"['智能大床房（180°城市美景|智能客控|安靜温馨）:HK$229', '智能家庭房（180°城市美景|智能客控|安靜温馨）:HK$229', '豪華雙床房（180°美景|智能客控|商務辦公桌|靜謐）:HK$252', '豪華大床房（180°美景|智能客控|靜謐|mini冰箱|沙發）:HK$252', '高級零壓大床房（180°美景|靈動水床|智能|浴袍|沙發）:HK$259']"
雅斯特酒店（南寧朝陽廣場火車站店）,9.4,"['雅緻大床房【藍牙音響＋採光好】:HK$272', '高級大床房【智能客控＋坐卧沙發】:HK$293', '高級雙床房【智能客控＋坐卧沙發】:HK$309', '觀景大床房【俯瞰城市美景＋智能客控＋電視投屏】:HK$313']"
優範酒店（南寧萬象城會展中心青秀山店）,9.6,"['高級大床房『零壓枕頭+陽光通透+金可兒進口床墊』:HK$299', '高級雙床房『零壓枕頭+陽光通透+金可兒進口床墊』:HK$299', '陽光搖籃房『獨立陽台享日光浴+休閑吊椅』:HK$319', '商務雙床房『商務辦公桌+吸水絲滑浴袍+動感藍牙音箱』:HK$339']"
南寧喬頓酒店（南寧萬象城東盟商務區地鐵站店）,9.6,"['青秀大床房（俯瞰邕城美景+採光好）:HK$435', '青秀雙床房（俯瞰邕城美景+採光好）:HK$435', '雲景雙床房（180°俯瞰邕城美景+辦公桌椅+舒適沙發）:HK$478', '雲景大床房（180°俯瞰邕城美景+辦公桌椅+舒適沙發）:HK$478', '御書大床房（180°俯瞰邕城美景+輕奢浴缸+辦公桌椅+舒適沙發）:HK$500']"
