酒店名称,评分,房型价格列表
可克達拉賓館（朱雀湖公園店）,9.9,"['1號樓悦心| 温馨雙床房-快樂安睡:HK$617', '2號樓悦心|温馨雙床房-快樂安睡:HK$617', '3號樓悦心| 温馨雙床房-快樂安睡:HK$617', '1號樓悦心|温馨大床房-快樂安睡:HK$668', '1號樓浴享時光| 時尚雙床房-輕鬆好眠:HK$668']"
可克達拉文遠大酒店,9.5,"['雅緻舒睡大床房:HK$642', '雅緻舒睡雙床房:HK$642', '臻選智能雙床房:HK$970', '臻選智能大床房:HK$970', '智能親子房:HK$1,186']"
可克達拉壹平源居,9.8,"['靜謐大床房:HK$293', '精品雙床房:HK$334', '精品大床房:HK$334', '甄選大床房:HK$400']"
可克達拉市夢鄉酒店,10.0,"['臻選大床房:HK$336', '雅緻舒睡雙床房:HK$336', '臻選三人間:HK$413', '家庭親子間:HK$413']"
可克達拉市綠山緣民宿,9.8,"['温馨大床房:HK$185', '標準雙床房:HK$197', '舒適雙床房:HK$197', '豪華雙床房:HK$261']"
可克達拉朝暮酒店,9.4,"['商務大床房:HK$277', '豪華大床房:HK$369']"
可克達拉大雲華酒店,8.0,[]
品悦酒店,8.8,"['標準雙床房:HK$203', '標準大床房:HK$229', '豪華套房:HK$304']"
華都假日酒店（察布查爾鎮店）,9.2,"['普通標間:HK$218', '普通單間:HK$218', '豪華標間:HK$282', '豪華單間:HK$282']"
七喜酒店,8.3,"['特價雙床房:HK$299', '標準雙床房:HK$330', '標準大床房:HK$340', '商務雙床房:HK$351']"
霍城雲升酒店,9.2,"['舒適標準間:HK$595', '舒適大床房:HK$595', '浪漫大床房:HK$917', '行政豪華標準間:HK$917', '陽光標準間:HK$917']"
漢庭酒店（伊寧喀贊其店）,9.8,"['大床房:HK$522', '高級大床房:HK$610', '高級雙床房:HK$640', '商務雙床房:HK$669']"
桔子酒店（伊寧六星街景區店）,9.5,"['大床房【金可兒床墊+冷藏小冰箱+電視投屏】:HK$756', '高級大床房【金可兒床墊+冷藏小冰箱+電視投屏】:HK$774', '豪華大床房【金可兒床墊+冷藏小冰箱+電視投屏】:HK$792', '豪華雙床房【金可兒床墊+冷藏小冰箱+電視投屏】:HK$792']"
你好酒店（伊寧上海城店）,9.5,"['高級大床房:HK$553', '商務大床房:HK$582', '商務雙床房:HK$613', '家庭雙床房:HK$653']"
圖開沙漠輕奢酒店,9.0,"['漠野景觀大床房:HK$687', '聽沙觀景標間:HK$701', '歡圖親子間:HK$701', '歡圖温馨親子套房:HK$772']"
全季酒店（伊寧山東路萬容壹號街店）,9.6,"['高級雙床房（智能客控.加濕器）:HK$723', '高級大床房（智能客控.加濕器）:HK$743', '高級特大床房（智能客控.加濕器）:HK$783', '商務大床房（智能客控.加濕器）:HK$824']"
海友酒店（伊寧火車站店）,9.8,"['高級大床房:HK$408', '商務大床房:HK$426', '商務雙床房:HK$434', '家庭房:HK$460']"
霍城良棲鄉野民宿,9.3,"['半地下室雙人間:HK$226', '標準大床房:HK$313', '標準雙床房:HK$313', '豪華大床房:HK$373']"
如家酒店·neo（伊寧解放西路上海城店）,9.5,"['大床房（全屋智能+親膚布草+電視投屏）:HK$579', '商務大床房（全屋智能+親膚布草）:HK$606', '高級雙床房（全屋智能+加寬床墊+電視投屏）:HK$635', '安心睡大床房（深睡體驗+全屋智能+電視投屏）:HK$653']"
霍城賽里木湖大酒店,8.7,"['普通標準間:HK$293', '舒適標間:HK$325', '高級標準間:HK$435', '高級單人間:HK$435']"
民柳民宿（伊寧機場伊寧火車站店）,9.5,"['無憂·樂享標準間:HK$366', '旅途温馨·高級標間套房:HK$378', '好眠·優享親子房:HK$432', '自在·舒適三人間:HK$444']"
漢庭酒店（伊寧六星街景區店）,9.7,"['高級大床房:HK$748', '高級雙床房:HK$807', '商務大床房:HK$807', '商務雙床房:HK$846']"
勉家民宿,9.9,"['暮雨大床房:HK$260', '勉家·〔自然三人居〕大客廳｜陽光充沛:HK$295', '勉家·〔圓夢雙床〕｜獨立精裝衞浴:HK$295', '勉家·〔聽蟬親子房〕獨立庭院｜親子出遊｜獨立庭院｜精裝衞浴:HK$295']"
伊寧廣仁郡亞朵酒店,9.7,"['高級大床房:HK$952', '幾木大床房:HK$1,053', '高級雙床房:HK$1,254', '幾木雙床房:HK$1,354', '幾木家庭房:HK$1,455']"
挽風宿（（伊寧六星美食街店）,9.3,"['君蘭大床房:HK$681', '今喜大床房:HK$710', '雲隱雙床房:HK$730', '雲語雙床房:HK$758']"
時宜民宿（霍城店）,10.0,"['紅.舒適大床房:HK$474', '橙.温馨大床房:HK$492', '黃.復古雙床房:HK$511', '靛.法式雙床房:HK$576']"
如家商旅酒店（伊寧機場溫州國際城店）,9.2,"['大床房:HK$471', '商務大床房:HK$490', '雙床房:HK$500', '家庭房:HK$538']"
全季酒店（伊寧機場店）,9.5,"['大床房:HK$793', '雙床房:HK$814', '高級大床房:HK$833', '高級雙床房:HK$854']"
美伊天酒店（伊寧萬容廣場店）,9.5,"['甄選雙床房（全屋智能+新風+超大美容鏡+中央空調）:HK$660', '甄選大床房（全屋智能+新風+超大美容鏡+中央空調）:HK$684', '臻品悦景雙床房（全屋智能+新風+超大美容鏡+城景）:HK$702', '臻品大床房（全屋智能+新風+超大美容鏡+中央空調）:HK$714']"
星程酒店（伊寧寧遠路中苑新城店）,9.8,"['高級雙床房:HK$751', '高級大床房:HK$772', '家庭房:HK$833', '豪華套房:HK$925']"
與君初相識民宿（伊寧機場伊寧火車站店）,9.6,"['青嶼-雅緻雙床房【高清投影】:HK$435', '楓丹悦享大床房【高清投影】:HK$491', '沐風-雅緻大床房【高清投影】:HK$556', '尋歡-温馨親子間【高清投影】:HK$575']"
胡楊問道民宿,9.3,"['優享大床房（零壓力床墊）:HK$295', '靜謐大床房（零壓力床墊）:HK$332', '黑白復古大床房（零壓力床墊）:HK$342', '豪華大床房（零壓力床墊）:HK$407']"
伊寧風旅河谷酒店（行政服務中心店）,9.0,"['河谷雙床房 |躺平自愈+深度睡眠+超大空間:HK$407', '伊河雙床房 |躺平自愈+深度睡眠+超大空間:HK$407', '河谷大床房丨躺平自愈+深度睡眠+超大空間:HK$425', '伊河大床房丨躺平自愈+深度睡眠+超大空間:HK$425']"
伊寧市上海城解放西路亞朵酒店,9.6,"['雅緻大床房（智能客控+迷你小冰箱+無線充）:HK$1,093', '高級大床房（深睡體驗+智能客控+迷你小冰箱+無線充）:HK$1,294', '高級雙床房（深睡體驗+智能客控+迷你小冰箱+無線充）:HK$1,495', '尊享大床房（深睡床墊+浴袍+迷你小冰箱+無線充）:HK$1,596', '尊享雙床房（深睡床墊+浴袍+迷你小冰箱+無線充）:HK$1,897']"
霍城晴木民宿,9.8,"['鄉村•拾光花田庭院露台浪漫大床房:HK$550', '鄉村•繁星花田庭院露台浪漫大床房:HK$550', '鄉村•覓友花田庭院露台雙床房:HK$550', '鄉村•沐光花田雲杉實木温馨親子房:HK$677']"
肆享星辰民宿（伊寧六星街店）,9.6,"['迷你特惠大床房（空間小+零圧床墊+投影+空調）:HK$511', '半地下特惠大床房（窗户小+零圧床墊+投影空調）:HK$511', '半地下舒適雙床房（窗户小+零圧床墊+投影空調+乾濕分離）:HK$630', '半地下舒享大床房（窗户小+零圧床墊+投影空調+乾濕分離）:HK$630']"
一方所民宿（六星街景區店）,9.8,"['靜夜雅緻大床房（半地下）:HK$370', '浪漫情懷大床房:HK$705', '夢幻芭蕾雙床房:HK$742', '瑪麗莎豪華大床房:HK$797']"
古貓寧民宿（伊寧喀贊其民俗旅遊區店）,9.9,"['標準雙床房（獨立衞浴）:HK$464', '大床房（獨立衞浴）:HK$464', '家庭房（獨立衞浴）:HK$696']"
伊寧市行政服務中心亞朵酒店,9.7,"['雅緻房大床房（全屋智能+投屏）:HK$993', '高級大床房（全屋智能+投屏）:HK$1,033', '幾木大床房（深睡RPO+全屋智能+迷你冰箱+投屏）:HK$1,113', '高級雙床房（全屋智能+投屏）:HK$1,184', '幾木套房（深睡RPO+全屋智能+迷你冰箱+投屏）:HK$1,184']"
伊寧雅景酒店,8.8,"['特惠雙床房（親膚布草+超大空間+舒睡好眠）:HK$392', '特惠大床房（親膚布草+超大空間+舒睡好眠）:HK$392', '雅韻大床房（親膚布草+超大空間+舒睡好眠）:HK$482', '雅緻雙床房（親膚布草+超大空間+舒睡好眠）:HK$482']"
伊寧舒途慢舍民宿,9.3,"['標準園景雙床房:HK$249', '標準園景大床房:HK$249', '舒適河景大床房:HK$325', '舒適園景家庭房:HK$358']"
瀾亭題序民宿（伊寧機場伊寧火車站店）,9.5,"['瀾亭舒適雙床房:HK$369', '萬殊.特惠小花園大床房（乾濕三分離＋夢百合零壓床墊親膚床品）:HK$440', '修竹.陽光大床房（門口獨立小花園＋乾濕三分離＋親膚床品夢百合零壓床墊＋帝王衞浴智能馬桶）:HK$546', '悟言雅緻觀景雙床間:HK$713']"
你好酒店（伊寧伊犁州中醫院店）,9.8,"['雙床房:HK$511', '大床房:HK$530', '高級大床房:HK$548', '高級雙床房:HK$548']"
伊寧市景雲亞丁酒店（伊犁河景區店）,9.5,"['高級雙床房（智能客控+乾濕分離）:HK$765', '雅緻大床房（觀景房+全玻璃幕牆+智能客控）:HK$765', '高級大床房（觀景房+落地窗+沙發+智能客控）:HK$784', 'Loft豪華大床房（闊景客廳+雙衞）:HK$924', '行政套房（獨立休息區+套房空間）:HK$924']"
小城外民宿,9.5,"['雅緻雙床房:HK$287', '民族風豪華木藝雙床房:HK$317', '温馨雙床房:HK$326', '庭院清雅高級大床房:HK$365']"
伊寧晴居舍民宿,9.7,"['（紫菊）大床房:HK$370', '（藍雪）榻榻米雙床房:HK$370', '（山茶）塌塌米大床房:HK$417', '（薔薇）陽台大床房:HK$463']"
伊寧環球港六星街錦瑞酒店,9.1,"['瑞享·大床房（舒睡床品+乾濕分離+地暖）:HK$615', '瑞享·雙床房（舒睡床品+乾濕分離+地暖）:HK$615', '錦夢·大床房（超大空間+舒睡床品+乾濕分離+地暖）:HK$702', '錦夢·雙床房（超大空間+舒睡床品+乾濕分離+地暖）:HK$702']"
河伊的家民宿（伊寧六星街景區店）,9.7,"['精緻大床房（空間小+極米投影+智能馬桶+中央空調）:HK$698', '異域雙床房（極米投影+智能馬桶+中央空調+舒達床墊）:HK$862', '法式大床房（極米投影+智能馬桶+中央空調+舒達床墊）:HK$950', '温馨榻榻米房（極米投影+智能馬桶+中央空調+舒達床墊:HK$950']"
伊寧留白村宿民宿,9.7,"['精品黑色法式大床房:HK$437', '精品宅寂風大床房:HK$437', '精品南洋風華雙床大床房:HK$466', '精品南洋綠影雙大床房:HK$466']"
伊寧伊景酒店（六星街景區店）,9.2,"['樂享時光雙床房|零壓床品+中央空調+KOHLER衞浴:HK$546', '臻享時光雙床房 | 零壓床品+中央空調+KOHLER衞浴+迷你吧:HK$676', '臻享時光大床房 | 零壓床品+中央空調+KOHLER衞浴+迷你吧:HK$709', '奢享時光大床房 | 零壓床品+中央空調+KOHLER衞浴+迷你吧:HK$829']"
