酒店名称,评分,房型价格列表
同仁隆務大飯店,9.2,"['臻選特惠房:HK$150', '怡景雙床房:HK$184', '觀景雙床房:HK$193', '悦景大床房:HK$193']"
同仁盛宇天倫酒店,9.4,"['豪華雙床房:HK$472', '行政大床房:HK$611', '行政雙床房:HK$611', '豪華大床房:HK$642', '豪華套房:HK$1,233']"
賽雄諾央賓館,9.7,"['標準雙床房:HK$128', '標準大床房:HK$128', '藏式家庭房:HK$128']"
同仁奧斯曼酒店,8.6,"['精緻大床房:HK$168', '精緻雙床房:HK$205', '尊享雙床房:HK$211', '尊享大床房:HK$301']"
同仁橙悦賓館,8.3,"['豪華大床房:HK$212', '豪華標準間:HK$212', '情侶套房:HK$258', '尊享大床房:HK$258']"
同仁天珠酒店,9.2,"['舒適單人間:HK$162', '特惠雙床房:HK$205', '豪華雙床房:HK$224', '豪華大床房:HK$229']"
同仁明珠賓館,9.2,"['標間:HK$126', '大標間:HK$147', '大床房:HK$147', '三人間:HK$165']"
月光賓館,6.4,"['特價大床房:HK$125', '大床房:HK$137', '舒適標間:HK$141']"
同仁贊丹羅馬賓館,3.9,"['雙床間（無窗）:HK$91', '標準間:HK$104', '三人間:HK$130', '豪華標準間:HK$130']"
同仁麥秀賓館,6.7,"['標準間:HK$139', '大床房:HK$139']"
宗薩里賓館,8.9,[]
牧雲星宿,9.7,"['舒適雙床房:HK$1,232', '舒適大床房:HK$1,232', '景觀大床房:HK$1,345', '山景榻榻米大床房:HK$1,573', '觀景露台親子房:HK$1,801']"
