酒店名称,评分,房型价格列表
吐魯番西域卡思酒店,9.2,"['內景單人間:HK$452', '內景標間:HK$453', '巨幕觀影大床房:HK$556', '巨幕觀影雙床房:HK$556', '悦享單人間:HK$644', '悦享雙人間:HK$644']"
交河華域酒店（吐魯番大巴扎店）,9.5,"['特惠雙床房:HK$432', '雅緻雙床房:HK$465', '靜謐雙床房:HK$465', '雅緻大床房:HK$480']"
坎兒井民俗園酒店（坎兒井民俗園景區店）,9.5,"['民俗特價房:HK$380', '特價標準間:HK$398', '貴賓特價房:HK$426', '時澗畫廊大床房:HK$491']"
宜必思尚品酒店（吐魯番北站廣場店）,9.6,"['高級大床房:HK$331', '商務大床房:HK$362', '豪華大床房:HK$381', '高級雙床房:HK$391']"
喆啡酒店（吐魯番大巴扎交河華域店）,9.5,"['醇享雙床房:HK$504', '醇享大床房:HK$520', '啡凡雙床房:HK$537', '啡凡大床房:HK$553', '啡凡親子房:HK$583']"
吐魯番萬達美華酒店,9.2,"['豪華雙床房（全屋智能+電視投屏+金可兒床墊+AccaKappar洗護）:HK$622', '豪華大床房（全屋智能+電視投屏+金可兒床墊+AccaKappar洗護）:HK$622', '豪華雙床房（荷里活雙床房+全屋智能+金可兒床墊+AccaKappar洗護）:HK$622', '高級豪華大床房（全屋智能+冷藏魔盒冰箱+金可兒床墊+AccaKappar洗護）:HK$641', '親子雙床房（全屋智能+家庭房+金可兒床墊+AccaKappar洗護）:HK$641']"
焰嶺棲舍民宿（吐魯番悦豐宿集店）,9.6,"['焰嶺沐光大床房（dyson吹風機+滾筒洗衣機+浴缸+智控）:HK$790', '嶺上觀焰雙床房（dyson吹風機+滾筒洗衣機+浴缸+智控）:HK$834', '赤焰謐境大床房（dyson吹風機+洗衣機+三角浴缸+智控）:HK$899', '雲棲親子間（mini吧+加濕器+小童洗護套裝浴袍）:HK$943', '雲棲別院（三室一廳+小廚房+小冰箱+小童洗護套浴袍）:HK$1,423']"
吐魯番遲夏民宿（坎兒井源店）,9.4,"['悦池聽風·特惠雙床房（超清觀影+智能音響+加濕器）:HK$458', '星池夜話·雅緻雙床房（超清觀影+智能音響+加濕器）:HK$611', '水漾假期·優選雙床房（超清觀影+智能音響+加濕器）:HK$764', '嬉水時光·童趣親子房（超清觀影+智能音響+加濕器）:HK$993']"
吐魯番火洲美居酒店,9.6,"['高級雙床房（智能客控+金可兒床墊）:HK$603', '高級大床房（智能客控+金可兒床墊）:HK$623', '豪華大床房（智能客控+金可兒床墊+加濕器+景觀優美）:HK$643', '豪華雙床房（智能客控+金可兒床墊+景觀優美）:HK$643', '嘉賓大床房:HK$693']"
吐魯番雙城賓館,9.5,"['高級標間:HK$443', '三人間:HK$499', '商務標間:HK$704', '商務單間:HK$714', '行政套房:HK$1,474']"
桔子酒店（吐魯番綠洲西路店）,9.8,"['加州陽光雙床房【金可兒床墊|電視投屏|加濕器】:HK$419', '月若鎏金雙床房【金可兒床墊|電視投屏|加濕器】:HK$446', '加州陽光大床房【金可兒床墊|電視投屏|加濕器】:HK$446', '月若鎏金大床房【金可兒床墊|電視投屏|加濕器】:HK$474']"
吐魯番悦豐宿集漫心酒店,9.7,"['心悦高級雙床房（mini吧+加濕器+通透景觀）:HK$492', '心悦高級大床房（mini吧+加濕器+浴袍）:HK$513', '特色庭院雙床房（躺椅小院+落地景觀+mini吧）:HK$553', '特色庭院大床房（愜意躺椅小院+民族風格地塌+mini吧）:HK$573', '心享經典大床房（私湯泡池+mini吧+觀景落地窗）:HK$623']"
姆納爾格民宿（吐魯番悦豐宿集店）,9.7,"['絲路築語大床房（dyson加濕器吹風機+BVLGARI洗護沐）:HK$967', '葡光落影大床房（超大泡池+dyson護理+BVLGARI洗護沐）:HK$1,006', '葡鄉掠風大床房（dyson護理家電+私湯+BVLGARI）:HK$1,033', '葡悦靜享雙床房（dyson護理+BVLGARI+觀景露台+私湯）:HK$1,079', '葡藤庭院大床房（dyson加濕器+吹風機+BVLGARI洗護沐）:HK$1,134', '姆納假日小套房（私湯+dyson護理+BVLGARI+親子雙床）:HK$1,555']"
吐魯番八風谷民宿,9.6,"['風語庭院雙床房:HK$1,176', '葡萄庭院窗景大床房:HK$1,176', '風語庭院親子房:HK$1,301', '輕奢露台大床房:HK$1,301', '輕奢家庭浴缸房:HK$1,603']"
吐魯番•再遇美宿（葡萄溝達瓦孜風情園店）,9.6,"['丨花澗丨情侶大床房:HK$444', '丨陌鳴丨葡萄庭院大床房③號院:HK$471', '丨拾光丨商旅雙床房:HK$532', '丨溪畔丨木屋親子房:HK$593']"
吐魯番火山紅酒莊,9.2,"['豪華標間:HK$556', '行政單間:HK$556', '園景大床房:HK$587', '風情酒桶大床房:HK$602', '風情酒桶雙床房:HK$603']"
吐魯番無半Villa民宿,9.4,"['舒心影院榻榻米:HK$385', '子合·精品榻榻米:HK$443', '雅緻大床房:HK$558', '龜茲·標準雙床房:HK$619']"
達卜·九宿民宿,9.5,"['葡萄架下榻榻米大床房·高顏值摩洛哥風·私家庭院:HK$507', '葡萄架下西域大床房·高顏值摩洛哥風·私家庭院:HK$542', '葡萄架下榻榻米雙床房·高顏值摩洛哥風·私家庭院:HK$542', '桑葚樹下榻榻米雙床房·高顏值摩洛哥風·私家庭院:HK$542']"
吐魯番阿凡提莊園,9.7,"['葡萄滕下庭院大床房:HK$1,074', '傳統民族風親子房:HK$1,094', '葡萄滕下庭院雙床房:HK$1,101', '葡萄庭院民族風親子房:HK$1,130']"
吐魯番智選假日酒店（美景天城美食街店）,9.4,"['荷里活雙床房:HK$518', '標準雙床房:HK$569', '標準大床房:HK$569', '高級雙床房:HK$620', '高級套房:HK$874']"
吐魯番希爾頓歡朋酒店,9.7,"['舒適雙床房:HK$767', '舒適大床房:HK$797', '高級雙床房:HK$815', '高級大床房:HK$845', '豪華雙床房:HK$864']"
全季酒店（吐魯番國泰民生廣場店）,9.6,"['大床房（金可兒床墊+中央空調）:HK$389', '雙床房（金可兒床墊+中央空調）:HK$439', '高級大床房（65寸液晶電視+金可兒床墊+中央空調）:HK$448', '高級雙床房（金可兒床墊+中央空調+辦公桌）:HK$477']"
錦江都城酒店（吐魯番行政中心店）,9.4,"['精緻雙床房:HK$483', '精緻商務房:HK$510', '風雅雙床房:HK$529', '都會商務房:HK$556', '風雅商務房:HK$825']"
吐魯番文化西路亞朵酒店,9.5,"['雅緻大床房:HK$510', '雅緻雙床房:HK$510', '高級雙床房:HK$551', '高級大床房:HK$572', '行政大床房:HK$591']"
吐魯番西州國際酒店,8.9,"['普通標準間:HK$300', '商務標間:HK$324', '豪華標間:HK$348', '豪華單間:HK$445']"
吐魯番西域印象民宿坊,9.3,"['古風雙床房:HK$361', '古風大床房:HK$371', '園景雙床房:HK$557', '園景大床房:HK$557']"
吐嚕·吐嚕民宿（吐魯番坎兒井樂園店）,9.5,"['丨青磚雅筑丨雙床房:HK$301', '丨青巷幽居丨大床房:HK$329', '丨青舍黛瓦丨親子房:HK$470']"
吐魯番友誼峯假日酒店,9.3,"['豪華標準間:HK$312', '豪華單人間:HK$312', '三人間:HK$477', '豪華套房:HK$621']"
如家酒店·neo（吐魯番金源路店）,9.6,"['商務大床房A:HK$346', '安心睡大床房:HK$385', '高級雙床房:HK$385', '商務大床房:HK$388']"
全季酒店（吐魯番高昌路店）,9.0,"['雙床房:HK$429', '高級雙床房:HK$457', '高級大床房:HK$496', '舒壓-高級雙床房:HK$496']"
吐魯番綠洲西路桔子水晶酒店,9.6,"['高級大床房【絲漣床墊|侍寢香氛|香凡羅蒂洗護】:HK$643', '高級雙床房【絲漣床墊|侍寢香氛|香凡羅蒂洗護】:HK$673', '豪華大床房【絲漣床墊|侍寢香氛|香凡羅蒂洗護】:HK$692', '豪華雙床房【絲漣床墊|侍寢香氛|香凡羅蒂洗護】:HK$704', '行政大床房【絲漣床墊|侍寢香氛|香凡羅蒂洗護】:HK$732']"
季楓國際酒店（文化西路店）,9.4,"['高級雙床房（智能客控+智能馬桶+洗衣機）:HK$665', '高級大床房（智能客控+智能馬桶+洗衣機）:HK$665', '商務雙床房（智能客控+智能馬桶+沙發椅）:HK$708', '商務大床房（智能客控+智能馬桶+沙發椅）:HK$708']"
維也納酒店（吐魯番文化西路店）,9.1,"['高級大床房:HK$384', '高級雙床房:HK$401', '豪華大床房:HK$425', '豪華雙床房:HK$425']"
吐魯番葡晶國際酒店,8.9,"['雅緻特價大床房:HK$218', '雅緻特價標準雙床房:HK$218', '商務標間:HK$443', '歐式標間:HK$463']"
樂遊Loft旅館（吐魯番悦豐宿集店）,9.3,"['高品Loft家庭房（太空椅+2部高配電腦+獨立空間）:HK$644', 'Loft家庭房（雙人高配電腦+獨立空間+雙卧室）:HK$669']"
宏程大酒店（吐魯番絲綢大道政務服務中心店）,9.2,"['舒適大床房:HK$502', '舒適雙床房:HK$535', '温馨家庭房:HK$577', '樂享三人間:HK$610']"
吐魯番之友·阿達西民宿（葡萄溝景區青蛙巷店）,9.8,"['葡萄園景·庭院雙床房:HK$741', '葡萄樹下·庭院大床房:HK$753', '葡萄庭院·星空雙床房:HK$829', '温馨舒適·家庭大套房:HK$1,199']"
吐魯番萬茂酒店,9.2,['商務標準間:HK$431']
吐魯番融悦酒店,9.7,"['特惠大床房:HK$323', '特惠標準間:HK$333']"
悦庭酒店（吐魯番西環北路店）,9.3,"['大床房:HK$297', '雙床房:HK$345', '高級大床房:HK$355', '家庭房:HK$393']"
吐魯番雅爾的花園民宿,9.6,"['太和普通大床房:HK$743', '曼陀林雙床房:HK$743', '鄯月光高級大床房:HK$963', '卑陸親子房:HK$1,181', '池畔大床房:HK$1,618']"
威斯登度假酒店（吐魯番西域時代廣場店）,8.5,['親子間:HK$305']
千紫小鎮民宿（吐魯番葡萄溝風景區店）,9.9,"['葡下·浮光【暮夏大床房】:HK$339', '葡下·浮光【初陽雙床房】:HK$514', '葡下·浮光【花朝親子三床房】:HK$589', '紫境千絛（loft木屋雙床房+席夢思床墊+智能飲水機）:HK$759']"
吐魯番葡萄泉客棧（葡萄溝景區店）,9.5,"['【柏孜克謠光】簡約大床房:HK$732', '【高昌枕月】雙床房:HK$1,014', '【西驛洞語】大床房:HK$1,108', '【交河星夜】雙床房:HK$1,127']"
吐魯番•心遇民宿（葡萄溝景區店）,9.7,"['獨立庭院大床房:HK$426', '葡萄藤下|獨立庭院大床房:HK$465', '葡萄藤下|獨立庭院雙床房:HK$501', '葡萄藤下|獨立庭院加寬雙床房:HK$547']"
晟態民宿（吐魯番葡萄溝青蛙巷）,10.0,"['晾房風語·温馨標準大床房:HK$387', '葡萄架下·舒適標準雙床房:HK$472', '絲路駝鈴·特色木屋雙人間:HK$472', '青巷蛙鳴·雅緻悠享三人間:HK$592']"
吐魯番葡萄風情小鎮老馬叔客棧,9.1,"['特色雙人房:HK$400', '風情大床房:HK$400', '温馨親子房:HK$504', '網紅大套房:HK$661']"
達卜青年旅舍（吐魯番葡萄小鎮店）,9.5,"['西域風情土炕房:HK$369', '蔚藍庭院大床房:HK$391', '蔚藍庭院雙床房:HK$391', '榻榻米家庭房:HK$448']"
吐魯番葡萄藤下的民宿（葡萄溝達瓦孜民俗風情園店）,9.7,"['歲首│家庭親子房上下床:HK$250', '小滿│標準雙床房:HK$395', '仲春│精品套間大床房:HK$563', '開犁│温馨榻榻米雙床+大床套房:HK$587']"
麗楓酒店（吐魯番大十字店）,8.9,"['高級大床房（慕斯床墊）:HK$319', '雅緻大床房（慕斯床墊）:HK$343', '豪華雙床房（慕斯床墊）:HK$351', '豪華大床房（慕斯床墊）:HK$375']"
