酒店名称,评分,房型价格列表
宜尚酒店（周口高鐵東站華耀城店）,9.3,"['標準雙床房:HK$218', '標準大床房:HK$226', '高級大床房:HK$234', '城景大床房:HK$363', '行政套房:HK$395']"
瑰葆酒店（周口川匯區高鐵東站店）,9.4,"['樂享雙床房（全屋智能+空氣凈化器+零壓床墊）:HK$215', '輕享大床房（全屋智能+空氣凈化器+零壓床墊）:HK$236', '樂享大床房（全屋智能+空氣凈化器+零壓床墊）:HK$263', '優享大床房（全屋智能+空氣凈化器+零壓床墊）:HK$281', '優享雙床房（全屋智能+空氣凈化器+零壓床墊）:HK$285']"
周口淮陽希爾頓花園酒店,9.3,"['花園大床房:HK$282', '花園雙床房:HK$282', '無障礙大床房:HK$282', '花園高級大床房:HK$325', '花園高級雙床房:HK$325']"
城市便捷酒店（周口川滙黃河路店）,9.6,"['標準大床房（安靜舒適＋無噪音＋有窗）:HK$128', '標準雙床房（安靜舒適＋無噪音＋有窗）:HK$128', '高級大床房（安靜＋高速Wi-Fi＋辦公桌）:HK$135', '高級雙床房（安靜＋高速Wi-Fi＋辦公桌）:HK$135']"
中州頤和酒店（周口師範學院店）,9.7,"['頤和輕享大床房:HK$283', '頤和優享雙床房:HK$286', '頤和優享大床房:HK$286', '頤和超享雙床房:HK$305']"
周口百盛國際酒店,9.3,"['特惠大床房 小窗:HK$202', '悦享大床房:HK$221', '臻品大床房:HK$240', '臻品雙床房:HK$240']"
尚客優酒店（周口交通大道碧桂園店）,9.4,"['標準大床房:HK$171', '舒適大床房:HK$183', '舒適雙床房:HK$183', '優享格調大床房:HK$195']"
LONYATT龍悦酒店（周口恐龍歡樂世界店）,9.5,"['高級大床房:HK$315', '高級雙床房:HK$315', '怡園雙床房:HK$392', '沁水大床房:HK$392', '尊賞怡園大床房:HK$470', '尊賞怡園雙床房:HK$470']"
悦居觀影酒店（文理學院天明財富廣場店）,9.6,"['輕奢·景觀大床房:HK$107', '尊享·觀影大床房:HK$118', '舒享·觀影雙床房:HK$144']"
你好酒店（周口東站店）,9.3,"['舒壓-大床房:HK$208', '舒壓-高級大床房:HK$218', '舒壓-高級雙床房:HK$229', '舒壓-豪華大床房:HK$239']"
星程酒店（周口黃河路店）,9.4,"['高級大床房:HK$207', '雙床房:HK$207', '商務雙床房:HK$227', '舒壓高級大床房:HK$227']"
藝龍壹棠酒店（周口川匯區五一文化廣場店）,9.7,"['雅緻大床房 專享獨院停車:HK$195', '海棠雙床房 親膚床品+電視投屏:HK$207', '壹心雙床房 親膚床品+休閑沙發:HK$218', '壹心大床房 樂享時光+電視投屏:HK$218']"
周口宴·喜悦酒店,9.5,"['雅居雙床房:HK$162', '逸居大床房:HK$171', '豪華商務套:HK$326', '影音親子套房:HK$335']"
仟那九合精品酒店（周口漢陽路店）,9.7,"['暖心巨惠仕居精緻雙床房:HK$205', '暖心巨惠仕居精緻大床房:HK$205', '竹溪精品雙床房:HK$258', '竹溪精品大床房:HK$258']"
周口道琚酒店,9.6,"['特惠雙床房:HK$236', '樂琚大床房:HK$294', '善琚雙床房:HK$294', '厚琚大床房:HK$344']"
陌上藝宿酒店（淮陽太昊陵龍湖公園店）,9.5,"['風韻·智能大床房（電視投屏&沉浸舒睡&國潮設計）:HK$332', '品學·城景雙床房（舒適睡眠&茶具&電視投屏）:HK$351', '靜逸·智能大床房（智能客控&坐卧沙發&茶具）:HK$351', '靜逸·榻榻米智能大床房（全屋智能客控&茶具品茗&舒適睡眠）:HK$360']"
維也納國際酒店（周口萬國車世界店）,9.6,"['豪華大床房:HK$243', '豪華雙床房:HK$271', '臻禮大床房:HK$309', '臻禮雙床房:HK$309', '棋牌雙床房:HK$413']"
如家商旅酒店（周口七一路五一廣場店）,9.5,"['大床房【零壓床墊】:HK$187', '雙床房【零壓床墊】:HK$197', '商務大床房【零壓床墊】:HK$205', '家庭房【零壓床墊】:HK$213']"
全季酒店（周口黃河路店）,9.4,"['高級大床房:HK$290', '商務雙床房:HK$309', '商務大床房:HK$309', '豪華大床房:HK$327']"
全季酒店（周口東站店）,9.4,"['高級大床房:HK$278', '商務大床房:HK$299', '雙床房:HK$299', '豪華大床房:HK$318']"
萊朵LOFT酒店（周口佳麗財富中心店）,9.8,"['靜雅大床房（全屋智能+零壓床墊）:HK$154', '景逸雙床房（全屋智能+零壓床墊）:HK$163', '棋悦娛樂大床房（全屋智能+零壓床墊）:HK$211', '致遠LOFT大床房（全屋智能+零壓床墊）:HK$230']"
周口川匯區希爾頓歡朋酒店,10.0,"['高級雙床房:HK$326', '舒適大床房:HK$326', '高級大床房:HK$389', '豪華大床房:HK$460', '豪華雙床房:HK$460']"
仟那美宿酒店（周口川匯區高鐵東站店）,9.7,"['仕居大床房（全屋智能+深睡記憶枕+觀景大窗）:HK$185', '竹溪大床房（全屋智能+乾濕分離+安靜隔音）:HK$196', '竹溪雙床房（全屋智能+中央空調+高層景觀）:HK$196', '隱仕大床房（全屋智能+深睡記憶枕+觀景大窗）:HK$205']"
蔚萊LOFT酒店（周口高鐵東站店）,9.6,"['樂享浪漫大床房（零壓床墊+智能客控）:HK$165', '悦享温馨大床房（零壓床墊+智能客控）:HK$175', '園景陽光大床房（零壓床墊+智能客控）:HK$185', '園景雅緻大床房（零壓床墊+智能客控）:HK$195']"
喜相逢七星假日酒店（淮陽龍湖店）,9.3,"['精品標準間:HK$141', '商務大床房:HK$152', '商務標間:HK$207', '湖景雙人間:HK$217']"
周口飯店（萬順達百貨客運中心站店）,9.0,"['3號樓特惠快捷雙床房:HK$119', '3號樓特惠快捷大床房:HK$119', '2號樓大床房:HK$119', '2號樓標準間:HK$119', '3號樓快捷雙床房:HK$141']"
周口羲皇賓館,9.6,"['豪華雙床房:HK$271', '豪華單間:HK$271', '行政大床房:HK$303', '尊享家庭套房:HK$516', '家庭親子房:HK$516']"
貝殼酒店（周口市中心醫院周口東站店）,9.6,"['雅緻大床房:HK$153', '豪華大床房:HK$173', '豪華雙床房:HK$190']"
周口美軒水晶酒店,9.3,"['精品大床房:HK$256', '精品雙人房:HK$278', '水晶雙人房:HK$295', '水晶大床房:HK$314']"
棲悦精品酒店（藍岳玫瑰園店）,9.7,"['輕奢智能雙床房（智能語音客控）:HK$192', '零壓智能大床房（智能語音客控）:HK$203', '悦享智能影視房（智能語音客控）:HK$203', '尊享智能套房（智能語音客控）:HK$315']"
周口潁河故事民宿,9.9,"['大床房:HK$218', '標準間:HK$218', '棋牌大床房:HK$339', '豪華大床房:HK$407']"
宜必思酒店（周口文昌萬達廣場店）,9.5,"['舒壓高級雙床房:HK$159', '舒壓大床房:HK$168', '舒壓高級大床房:HK$177', '舒壓豪華雙床房:HK$187']"
仟那美宿酒店（周口黃河路店）,8.6,"['品悦精緻雙床房【樂享時光+電視投屏+遮光窗簾+乾濕分離+公區設有洗衣機】:HK$166', '品悦精緻大床房【樂享時光+電視投屏+遮光窗簾+乾濕分離+公區設有洗衣機】:HK$166', '品逸輕享大床房【舒適享受+電視投屏+遮光窗簾+乾濕分離+公區設有洗衣機】:HK$176', '品逸輕享雙床房【舒適享受+電視投屏+遮光窗簾+乾濕分離+公區設有洗衣機】:HK$187']"
周口地中海假日酒店,9.3,"['觀景雙床房:HK$138', '舒適雙床房:HK$142', '舒適大床房:HK$151', '豪華雙床房:HK$161']"
亞森·尚居酒店,9.2,"['特惠輕奢大床房:HK$140', '精緻大床房:HK$149', '豪華雙床房:HK$161', 'VIP尊享雙床房:HK$182']"
周口中州華悦酒店,9.5,"['豪華大床房:HK$288', '豪華雙床房:HK$288', '行政大床房:HK$353', '行政雙床房:HK$353', '豪華親子家庭房:HK$590']"
周口天明錦江國際酒店,9.6,"['高級雙床房:HK$369', '高級大床房:HK$402', '豪華雙床房:HK$481', '豪華大床房:HK$550', '尊貴豪華景觀大床房:HK$629', '行政套房:HK$1,517']"
青絲智慧酒店,9.1,"['智能觀影大床房:HK$170', '智能觀影標準間:HK$170', '豪華觀影大床房:HK$213', '豪華觀影雙床房:HK$213']"
周口市迎賓館,9.4,"['商務雙床房:HK$391', '商務大床房:HK$413', '行政雙床房:HK$511', '貴賓樓雙床房:HK$533', '行政大床間:HK$544']"
周口初念·輕奢酒店（碧桂園城市之光店）,9.7,"['風雅系|花兮RBD大床房:HK$114', '北歐系|ins風觀影大床房:HK$132', '暢享影音|私享IMAX觀影大床房:HK$136']"
藝選酒店（周口關帝上城店）,8.9,"['商務大床房（公區洗衣房+智能小度）:HK$167', '悦景大床房（公區洗衣房+智能小度）:HK$202', '豪華雙床房（公區洗衣房+智能小度）:HK$219', '豪華大床房（公區洗衣房+智能小度）:HK$232']"
雁棲湖假日酒店（周口紅星美凱龍店）,9.1,"['中式風格雙床房:HK$152', '中式風格大床房:HK$152', '禁煙舒適雙床房:HK$152', '地中海風格大床房:HK$165']"
青巢觀影酒店（天明財富廣場店）,9.5,"['遙景雲端觀影房:HK$104', '零壓好眠大床房:HK$131', '好眠觀影雙床房:HK$146', 'IMAX巨幕影院大床房:HK$149']"
蔚萊輕雅酒店（天明財富廣場文理學院店）,9.5,"['麗呈輕雅特惠零壓大床房:HK$119', '雅緻湖景陽光大床房:HK$138', '輕雅特惠零壓雙床房:HK$138', '雅緻觀影大床房:HK$145']"
墨城酒店（周口店）,9.4,"['墨城體驗房:HK$189', '煙墨大床房（全屋智能+投影+零壓枕）:HK$204', '墨白榻榻米:HK$204', '墨染大床房:HK$204']"
周口尚尊精品酒店（周口市政府師範學院店）,9.1,"['特惠大床房（酒店提供公區洗衣房）:HK$128', '特惠雙床房（酒店公區提供洗衣房）:HK$130', '雅居大床房（酒店提供公區洗衣房）:HK$137', '雅居雙床房（酒店提供公區洗衣房）:HK$137']"
宏泰大酒店,9.1,"['特價雙床房:HK$151', '雅緻大床房:HK$177', '商務雙床房:HK$183', '觀影大床房（智能客控+120寸巨幕+騰訊會員+公區提供自助洗衣房）:HK$186']"
喜鵲CC酒店（周口客運中心一峯廣場店）,9.2,"['簡美大床房:HK$129', '艾美大床房:HK$142', '唯美大床房:HK$153', '唯美雙床房:HK$157']"
懿舊夢觀影酒店（天明財富廣場店）,9.2,"['優選陽光大床房:HK$126', '巨幕舒適大床房:HK$128', '智能城景大床房:HK$153', '情侶主題觀影房（百寸智能觀影+騰訊視頻會員）:HK$156']"
凈漫·雅緻酒店（周口關帝廟店）,9.2,"['雅緻大床房:HK$219', '雅緻雙床房:HK$219', '凈雅大床房:HK$219', '凈雅雙床房:HK$219']"
