酒店名称,评分,房型价格列表
舍一茶事文化酒店（呼和浩特大召寺店）,9.5,"['雅緻品茗大床房:HK$493', '雅緻品茗雙床房:HK$507', '觀廟獨修單人房:HK$520', '庭院茶事大床房:HK$686', '庭院陽光雙床房:HK$719']"
花美時酒店（呼和浩特市大召廣場店）,9.4,"['影視圓床房:HK$351', '榻榻米大床房:HK$397', '花遇數碼影視房:HK$429', '花開景觀大床房:HK$457']"
全季酒店（呼和浩特大召寺店）,9.8,"['大床房A:HK$481', '大床房（可投屏-加濕器-小冰箱）:HK$567', '高級大床房（可投屏-加濕器-小冰箱）:HK$614', '商務大床房（可投屏-加濕器-小冰箱）:HK$681']"
眾鑫酒店（呼和浩特站新華西街店）,9.5,"['舒適雙床房:HK$381', '觀影房（智能客控+智能馬桶+電視投屏+加濕器）:HK$381', '高級大床房（智能客控+智能馬桶+電視投屏+加濕器）:HK$416', '高級雙床房（智能客控+智能馬桶+電視投屏+加濕器）:HK$446', '家庭房（智能客控+智能馬桶+電視投屏+加濕器）:HK$537']"
萬浩酒店（呼和浩特東站白塔機場店）,9.3,"['精選雙床房:HK$365', '精選大床房:HK$365', '至尊大床房:HK$405', '望青山·至尊雙床房【日出青山】:HK$430']"
尚華精品酒店（人民醫院將軍衙署地鐵站店）,8.9,"['新蒙式雙床房:HK$297', '新蒙式大床房:HK$304', '精選新蒙式大床房:HK$350', '精選新蒙式家庭房:HK$365', '新蒙式家庭房:HK$396']"
雲上部落蒙元文化酒店（大召歷史文化旅遊區店）,9.8,"['雲上將軍金頂大床房{蒙古風情+全屋智能+古建景觀}:HK$728', '雲上王子雙床房{蒙古風情+零壓床墊全屋智能+古建景觀}:HK$753', '雲上温馨家庭房{蒙古風情+靜心睡眠+小童玩具}:HK$830', '雲上投影家庭房{蒙古風情+百寸幕布零壓床墊+小童玩具}:HK$863']"
朗麗茲酒店（呼和浩特大召寺店）,9.4,"['高級大床房（智能客控+自動窗簾+品牌床墊）:HK$482', '優眠大床房（智能客控+自動窗簾+品牌床墊）:HK$502', '舒適雙床房（智能馬桶+智能客控+自動窗簾+品牌床墊）:HK$509', '舒適大床房（智能馬桶+智能客控+自動窗簾+品牌床墊）:HK$541']"
朵蘭· 潮酒店（呼和浩特機場高鐵東站店）,9.2,"['覓景優享大床房『裸棉棉製品>定製乳膠床墊>全自動恆温馬桶>全屋地暖>全屋小度智能』:HK$355', '巨無霸優享雙床房『裸棉棉製品>定製乳膠床墊>全自動恆温馬桶>全屋地暖>全屋小度智能』:HK$379', '觀景套房『裸棉棉製品>定製乳膠床墊>全自動恆温馬桶>全屋地暖>全屋小度智能』:HK$404', '巨無霸家庭房『裸棉棉製品>定製乳膠床墊>全自動恆温馬桶>全屋地暖>全屋小度智能』:HK$429']"
蔚徠酒店（呼和浩特新華廣場店）,9.6,"['臻選舒適大床房:HK$389', '沉浸觀影大床房（120寸投屏觀影+全平台會員）:HK$401', '臻選舒適雙床房:HK$411', '城景高級大床房（智能客控+55寸電視投屏觀影）:HK$413', '高空行政大床房（智能客控+75寸電視投屏觀影）:HK$448']"
內蒙古烏瀾大酒店,9.6,"['精緻大床房【安睡床墊+小度語音智控】:HK$435', '標準雙床房【安睡床墊+小度語音智控】:HK$523', '標準大床房【安睡床墊+小度語音智控】:HK$523', '豪華大床房【安睡床墊+小度語音智控+浴缸】:HK$610', '行政雙床房【安睡床墊+小度語音智控】:HK$610']"
昭畔棲居民宿（呼和浩特大召寺店）,9.7,"['檐下聽雨·四合院大床房（智能客控）星級床品:HK$667', '垂花別院-四合院雙床房（智能客控）品牌床墊:HK$677', '青磚灰瓦·四合院觀景大床房（智能客控）星級床品:HK$760', '飛檐翹角·四合院品茶雙床房（智能客控）星級床品:HK$770']"
呼和浩特東站智選假日酒店,9.6,"['高級大床房（全屋智能>加濕器>金可兒床墊>投屏>新風）:HK$517', '高級雙床房（金可兒床墊>投屏）:HK$517', '無障礙大床房（加濕器>新風>金可兒床墊>投屏）:HK$521', '高級大床房（豪華>按摩椅>加濕器金可兒床墊>投屏）:HK$570', '高級大床智能化客房（城市景觀帶陽台｜加濕器｜新風）:HK$576']"
喆啡銳品酒店（呼和浩特市政府東站店）,9.6,"['醇享大床房（零壓床墊+辦公空間+記憶枕）:HK$371', '鋭意大床房（阿姆斯躺椅+零壓床墊+辦公空間+記憶枕）:HK$392', '鋭意雙床房（阿姆斯躺椅+零壓床墊+辦公空間+記憶枕）:HK$392', '鋭品大床房（智能客控+零壓床墊+辦公空間+記憶枕）:HK$414', '鋭品雙床房（智能客控+零壓床墊+辦公空間+記憶枕）:HK$414']"
寶晨·智選酒店（呼和浩特通道北街醫科大學附屬醫院店）,9.3,"['優選大床房（智能馬桶+乳膠床墊）:HK$202', '智選零壓雙床房（小度智能客控+55寸投屏電視+智能馬桶+乳膠床墊）:HK$237', '智選臻享雙床房（小度智能客控+55寸投屏電視+智能馬桶+乳膠床墊）:HK$246', '智選零壓大床房（小度智能客控+55寸投屏電視+智能馬桶+乳膠床墊）:HK$246']"
美豪酒店（呼和浩特鼓樓將軍衙署店）,9.4,"['初晴·雅緻大床房（靜謐•智能客控）:HK$442', '初晴·舒適雙床房（智能客控）:HK$580', '初晴·輕奢大床房（城景•智能客控）:HK$608', '♥零壓♥舒睡♥輕奢雙床房（夢百合零壓床墊+零壓記憶枕）:HK$635', '初晴·輕奢雙床房（城景•智能客控）:HK$636']"
美源輕奢酒店（呼和浩特火車東站市政府店）,9.7,"['悠享大床房（智能小度+漢斯格雅衞浴）:HK$371', '悠享雙床房（智能小度+漢斯格雅衞浴）:HK$371', '美奢大床房（智能小度+漢斯格雅衞浴）:HK$389', '美奢行政雙床房（智能小度+漢斯格雅衞浴）:HK$389']"
星程酒店（呼和浩特新華廣場店）,9.8,"['商務大床房:HK$453', '商務雙床房:HK$463', '景觀大床房:HK$481', '景觀雙床房:HK$501']"
閣雅紫居酒店（摩爾城藝術學院地鐵站店）,9.3,"['精緻大床房（負壓秒睡乳膠床墊+洗衣房+投屏+智控）:HK$419', '雅緻大床房（負壓秒睡乳膠床墊+洗衣房+投屏+智控）:HK$469', '雅緻標準間（負壓秒睡乳膠床墊+洗衣房+投屏+智控）:HK$494', '閣雅商務套房（負壓秒睡乳膠床墊+投屏+電動馬桶）:HK$537']"
呼和浩特海亮廣場中山路地鐵站亞朵酒店,9.7,"['高級大床房（語音智控｜電視投屏｜智能馬桶）:HK$655', '行政大床房（語音智控｜電視投屏｜智能馬桶｜小冰箱）:HK$690', '尊享大床房（語音智控｜電視投屏｜智能馬桶｜小冰箱）:HK$753', '行政雙床房（語音智控｜電視投屏｜智能馬桶｜小冰箱）:HK$780', '尊享雙床房（語音智控｜電視投屏｜智能馬桶｜小冰箱）:HK$987']"
曼居酒店（呼和浩特大召無量寺店）,9.3,"['曼享高級大床房（全屋智能+自動窗簾+零壓床墊）:HK$568', '曼享高級雙床房（全屋智能+自動窗簾+零壓床墊）:HK$593', '曼享豪華大床房（全屋智能+自動窗簾+零壓床墊）:HK$684', '曼享豪華雙床房（全屋智能+自動窗簾+零壓床墊）:HK$709']"
呼和浩特大召寺海亮廣場亞朵酒店,9.6,"['雅緻大床房（可投屏/加濕器）:HK$708', '高級大床房（可投屏/加濕器）:HK$744', '雅緻雙床房（可投屏/加濕器）:HK$771', '幾木大床房（深睡PRO枕+可投屏+加濕器+小冰箱）:HK$780', '高級雙床房（可投屏/加濕器）:HK$807']"
海亮廣場大酒店（中山路地鐵站店）,9.1,"['商務大床房:HK$410', '商務雙床房:HK$425', '豪華大床房:HK$485', '豪華雙床房:HK$485', '甄選大床房:HK$497']"
朗格酒店（呼和浩特內大南校區店）,9.6,"['豪華大床房（智能語音 投屏 免密WiFi 加熱馬桶）:HK$296', '舒享大床房（智能語音 投屏 免密WiFi 加熱馬桶）:HK$381', '舒享雙床房（智能語音 投屏 WiFi 加熱馬桶）:HK$381', '竹舍親子房（智能語音 投屏 免密WiFi 加入馬桶）:HK$394']"
雅瀾甄選酒店（呼和浩特內蒙古大學南校區五里營地鐵站店）,9.7,"['零壓優享雙床房【智能調光】:HK$379', '零壓優享大床房:HK$402', '舒壓深睡大床房【智能調光+零圧床墊+空氣凈化器】:HK$426', '高級甜睡雙床房【智能調光+零圧床墊+空氣凈化器】:HK$450']"
CICADA蟬棲酒店（賽罕區金橋店）,9.5,"['精緻大床房-新風系統+慕思床墊:HK$240', '高級大床房-慕思床墊:HK$343', '豪華大床房-慕思床墊:HK$380', '豪華雙床房-慕思床墊:HK$380']"
如家酒店（呼和浩特大召寺塞上老街店）,9.2,"['商務大床房:HK$241', '大床房:HK$249', '全新商務大床房:HK$277', '雙床房:HK$296']"
匚斤民宿（萬達廣場店）,9.4,"['輕享大床房:HK$167', '舒適大床房:HK$182', '標準雙人間:HK$190', '商務大床房:HK$197']"
麗怡酒店（呼和浩特高鐵東站內蒙婦幼保健院店）,9.6,"['標準大床房:HK$368', '高級大床房:HK$394', '豪華大床房:HK$469', '親子雙床房:HK$469', '豪華家庭房:HK$495']"
如家精選酒店PLUS（呼和浩特國際會展中心萬達廣場店）,9.9,"['大床房（電視投屏觀影+零壓床墊+記憶枕）:HK$385', '雙床房（電視投屏觀影+零壓床墊+親膚布草）:HK$402', '商務大床房（電視投屏觀影+零壓床墊+辦公空間）:HK$410', '高級大床房（電視投屏觀影+記憶枕+加濕器）:HK$436']"
呼和浩特鼓樓將軍衙署地鐵站亞朵輕居酒店,9.5,"['輕享大床房（可投屏,小冰箱）:HK$592', '輕享標準房（可投屏）:HK$601', '超享大床房（可投屏，小冰箱）:HK$619', '超享標準房（可投屏，小冰箱）:HK$628', '超享複式套房（可投屏,小冰箱）:HK$646']"
呼和浩特鼓樓立交橋滿都海公園亞朵酒店,9.5,"['雅緻房（可投屏）:HK$528', '高級大床房（可投屏）:HK$574', '雅緻雙床房（可投屏）:HK$574', '幾木大床房（可投屏）:HK$619', '高級雙床房（可投屏）:HK$628']"
美豪酒店（呼和浩特火車東站萬達廣場店）,9.6,"['0壓悦享大床房（夢百合0壓記憶枕+0壓床墊+智能客控）:HK$396', '靜謐大床房（智能客控+55寸可投屏電視）:HK$508', '靜謐雙床房（智能客控+55寸可投屏電視）:HK$518', '精緻大床房（智能客控+55寸可投屏電視+小冰箱）:HK$537', '精緻雙床房（智能客控+55寸可投屏電視+小冰箱）:HK$547']"
萬浩酒店（呼和浩特萬達國際會展中心店）,9.6,"['豪華雅緻大床房（可投屏，有冰箱）:HK$555', '豪華雅緻雙床房（可投屏，有冰箱）:HK$621', '行政雅悦大床房（可投屏，有冰箱）:HK$642', '行政雅悦雙床房（可投屏，有冰箱）:HK$697', 'B.Duck小黃鴨主題親子房（可投屏，有冰箱）:HK$807']"
呼和浩特金隅漢都大酒店,9.3,"['豪華大床房:HK$391', '豪華雙床房:HK$391', '豪華大床房-配備洗衣機:HK$391', '家庭親子安心房:HK$457', '温馨家庭房:HK$533']"
雲頤自在酒店（呼和浩特站店）,9.5,"['雅緻大床房丨沉浸式睡眠體驗（慕思床墊+朗樂福乳膠枕）:HK$404', '高級大床房 - 功夫茶具品香，邂逅新中式雅境:HK$426', '高級雙床房（儲鮮冰箱+功夫茶具+高速辦公版）:HK$459', '行政大床房-漫享沙發愜意身心+辦公桌+高速WiFi:HK$491', '行政雙床房（酣暢睡眠+霓虹夜景）:HK$524']"
逸家酒店（新華廣場呼和浩特站地鐵站店）,9.3,"['精馨大床房（安心睡眠）:HK$267', '豪華雙床房（安心睡眠）:HK$289', '精馨雙床房（安心睡眠）:HK$289', '豪華大床房（安心睡眠）:HK$319']"
石榴花開酒店（大召廣場塞上老街店）,9.2,"['臻享雙床房:HK$402', '悠享大床房:HK$421', '電玩影視|輕奢娛樂大床房:HK$445', '暢享影音雙床房:HK$457']"
錦頤優選酒店（呼和浩特巨海城國際會展中心店）,9.7,"['智能影音大床房-慕思床墊+智能客控➕新風系統:HK$425', '智能影音雙床房-慕思床墊+智能客控➕新風系統:HK$436', '智能雅緻大床房-慕思床墊+智能客控➕朗樂福枕:HK$447', '智能雅緻雙床房-慕思床墊+智能客控➕榻榻米:HK$458', '智能高級大床房-慕思床墊+智能客控➕大牌洗護:HK$468']"
如家酒店·neo（呼和浩特海亮廣場文化宮路店）,9.5,"['大床房A:HK$239', '雙床房A:HK$247', '大床房:HK$247', '雙床房:HK$264']"
內蒙古開元名都大酒店,9.0,"['怡享雙床房:HK$590', '臻選雙床房:HK$607', '怡選雙床房:HK$623', '怡選大床房:HK$788', '怡享大床房:HK$798', '臻享雙床房:HK$801']"
藝龍瑞雲酒店（呼和浩特火車站海亮廣場店）,9.7,"['智享大床房:HK$317', '瑞享大床房:HK$339', '智享影音大床房:HK$339', '瑞享雙床房:HK$360']"
呼和浩特摩爾城新華大街亞朵酒店,9.6,"['雅緻大床房（可投屏、有冰箱）:HK$484', '高級大床房（可投屏、有冰箱）:HK$528', '幾木大床房（可投屏、有冰箱）:HK$574', '尊享大床房（可投屏、有冰箱）:HK$619', '幾木雙床房（可投屏、有冰箱）:HK$646']"
衹此青城酒店（呼和浩特東站國際會展中心店）,9.2,"['青城雙床房-全屋智能|慕思床墊|可投屏:HK$501', '衹此青城大床房『全屋智能·慕思床墊·舒頸記憶枕』:HK$512', '衹此青城雙床房『全屋智能·慕思床墊·舒頸記憶枕』:HK$544', '您好青城大床房-全屋智能|慕思床墊|可投屏:HK$566', '您好青城雙床房『全屋智能·慕思床墊·落地窗景』:HK$581']"
桔子酒店（呼和浩特火車站新華廣場店）,9.8,"['高級大床房（電視投屏、迷你冰箱、金可兒品牌床墊）:HK$374', '商務大床房（電視投屏、迷你冰箱、金可兒品牌床墊）:HK$393', '商務雙床房（電視投屏、迷你冰箱、金可兒品牌床墊）:HK$393', '套房（電視投屏、迷你冰箱、金可兒品牌床墊）:HK$439']"
錦江之星（呼和浩特大召附屬醫院地鐵站店）,9.0,"['商務房C:HK$255', '商務標準房C:HK$286', '商務房B:HK$286', '商務標準房B:HK$305']"
內蒙古職工之家酒店,9.5,"['豪華大床房:HK$377', '高級商務標準間:HK$377', '尊享套房:HK$606', '精選大床房+室內高爾夫:HK$674']"
如家精選酒店（呼和浩特火車站店）,9.5,"['商務大床房A（自助洗衣房+投屏電視）:HK$323', '商務大床房（書桌+乾濕分離浴區+投屏電視）:HK$358', '雙床房（自助洗衣房+投屏電視）:HK$377', '零壓大床房（投屏電視+夢百合記憶床品）:HK$386']"
藝龍酒店（呼和浩特摩爾城藝術學院地鐵站店）,9.6,"['特享大床房（智能客控+手機投屏+夢百合零壓床墊+小冰箱）:HK$487', '心悦大床房（智能客控+夢百合零壓床墊+毛巾除菌櫃+小冰箱）:HK$553', '影音大床房（巨幕影院+奇異果會員+騰訊雲視聽極光VIP）:HK$553', '心悦雙床房（智能客控+夢百合零壓床墊+毛巾除菌櫃+小冰箱）:HK$585', '藝心雙床房（智能客控+夢百合零壓床墊+毛巾除菌櫃+小冰箱）:HK$635']"
內蒙古國航大廈（鼓樓店）,9.5,"['温馨特惠房:HK$677', '商務雙床房:HK$710', '商務大床房:HK$710', '行政貴賓房:HK$946', '行政豪華套房:HK$1,319']"
