酒店名称,评分,房型价格列表
咸陽體育場希爾頓歡朋酒店,9.4,"['舒適雙床房:HK$347', '舒適大床房:HK$358', '高級雙床房:HK$381', '高級大床房:HK$391', '豪華雙床房:HK$411']"
西港航空酒店（西安機場店）,8.9,"['雅緻大床房:HK$287', '雅緻雙床房:HK$338', '高級雙床房:HK$384', '高級大床房:HK$397']"
西安咸陽國際機場臨空會展中心亞朵酒店,9.5,"['雅緻房（亞朵深睡枕PRO＋智能投屏）:HK$314', '高級雙床房（亞朵深睡枕PRO＋智能投屏）:HK$323', '高級大床房（亞朵深睡枕PRO＋智能投屏）:HK$340', '行政雙床房（亞朵深睡枕PRO＋智能投屏）:HK$349', '行政大床房（亞朵深睡枕PRO＋智能投屏）:HK$358']"
星程酒店（咸陽楊凌區政府店）,9.5,"['大床房（65寸智能投屏+恆温馬桶）:HK$217', '高級大床房（65寸智能投屏+恆温馬桶）:HK$246', '高級雙床房（65寸智能投屏+全明户型）:HK$264', '套房（65寸智能投屏+舒適沙發+小冰箱）:HK$349']"
全季酒店（西安咸陽國際機場T5客運大樓店）,9.6,"['高級大床房【寬敞豁亮＋高端床墊＋定製茶具】:HK$363', '高級雙床房【寬敞豁亮＋高端床墊＋定製茶具】:HK$382', '商務大床房【寬敞豁亮＋高端床墊＋定製茶具】:HK$382', '商務雙床房【寬敞豁亮＋高端床墊＋定製茶具】:HK$402', '家庭房【寬敞豁亮＋高端床墊】:HK$440']"
美麗豪酒店（西安咸陽國際機場店）,9.7,"['精緻雙床房:HK$352', '精緻大床房:HK$361', '麗致雙床房:HK$435', '麗致影院大床房:HK$466', '尊享雙床房:HK$508']"
星程酒店（西安咸陽國際機場店）,9.6,"['大床房（絲漣高端床墊+小冰箱+智能投屏電視）:HK$391', '高級大床房（絲漣高端床墊+小冰箱+智能投屏電視）:HK$422', '商務大床房（絲漣高端床墊+小冰箱+智能投屏電視）:HK$432', '商務雙床房（絲漣高端床墊+小冰箱+智能投屏電視）:HK$441']"
咸陽寶德海宇酒店（秦都區萬達廣場店）,9.4,"['雅緻雙床房-超大落地窗+席夢思床墊:HK$393', '雅緻大床房-超大落地窗+席夢思床墊:HK$393', '雅韻雙床房-超大落地窗+席夢思床墊:HK$424', '雅韻大床房-超大落地窗+席夢思床墊:HK$424', '尊享雙床房-超大落地窗+席夢思床墊:HK$458', '尊享大床房-超大落地窗+席夢思床墊:HK$458']"
桔子酒店（西安咸陽國際機場店）,9.6,"['大床房:HK$331', '高級雙床房:HK$331', '高級大床房【金可兒床墊＋小冰箱＋65寸投屏電視】:HK$362', '商務大床房【金可兒床墊＋小冰箱＋65寸投屏電視】:HK$391']"
泊舍酒店（咸陽湖店）,9.3,"['高級雙床房:HK$210', '高級大床房:HK$216', '影院高級雙床房:HK$313', '影院高級大床房:HK$326', '湖景影院親子房:HK$338']"
麗楓酒店（西安咸陽國際機場奧萊店）,9.5,"['高級大床房（慕思床墊+智能客控）:HK$271', '豪華大床房（慕思床墊+智能客控）:HK$297', '豪華雙床房（慕思床墊+智能客控）:HK$297', '浪漫尊享房（慕思床墊+智能客控）:HK$388']"
柏納S酒店（西安咸陽國際機場店）,9.6,"['精選大床房【智能客控+智能馬桶+手機投屏】:HK$243', '商務大床房【全景落地窗+智能客控+三區分離】:HK$275', '商務雙床房【全景落地窗+智能客控+智能馬桶】:HK$307', '臻選大床房【全景落地窗+智能客控+高清投屏】:HK$341', '臻選雙床房【全景落地窗+智能客控+手機投屏】:HK$374']"
西安咸陽國際機場美居酒店,9.7,"['高級大床房【小冰箱+電視投屏+智能客控+配置辦公桌】:HK$353', '高級雙床房【小冰箱+電視投屏+智能客控+高檔洗護】:HK$381', '豪華大床房（雙層隔音玻璃.靜享無憂睡眠）:HK$400', '豪華雙床房（雙層隔音玻璃.靜享無憂睡眠）:HK$409', '嘉賓大床房（超大空間+獨立衣帽間+隔音好）:HK$493']"
建國璞隱酒店（西安咸陽國際機場店）,9.5,"['詠蘭居大床房:HK$271', '凌霜居雙床房:HK$271', '暗香居大床房:HK$306', '幽篁居雙床房:HK$306', '清蓮居親子房:HK$403']"
咸陽麗彩天禧酒店（高鐵西站寶泉路地鐵站店）,9.6,"['舒適雙床房（臻選床品+辦公書桌+輕奢睡眠+乾濕分離）:HK$283', '舒適大床房（臻選床品+辦公書桌+輕奢睡眠+乾濕分離）:HK$298', '高級雙床房（臻選床品+舒睡好眠+採光充足+乾濕分離）:HK$305', '高級大床房（臻選床品+獨立卧室+採光充足+乾濕分離）:HK$319', '豪華大床房（洗衣機+冰箱+落地窗採光充足、空間開闊）:HK$340']"
和頤酒店（西安咸陽國際機場店）,9.4,"['商務大床房【靜謐睡眠+品牌床墊】:HK$278', '雙床房【靜謐睡眠+品牌床墊】:HK$278', '高級大床房【靜謐睡眠+舒軟沙發】:HK$368', '高級雙床房【靜謐睡眠+舒軟沙發】:HK$368']"
咸陽彩虹酒店（匯通十字寶泉路地鐵站店 ）,9.8,"['彩韻大床房（零壓感床墊+高清無線投屏）:HK$333', '虹光雙床房（採光充足+智能語音客控）:HK$355', '璀璨豪華大床房（MINI冰箱+芬香浴缸）:HK$367', '虹耀豪華大床房（行政茶台+多維深睡體驗）:HK$480', '炫虹尊尚套房（俯瞰城市夜景+智能睡眠模式）:HK$516']"
西安咸陽國際機場亞朵酒店,9.6,"['高級大床房:HK$385', '高級雙床房:HK$385', '行政雙床房:HK$421', '行政大床房:HK$430', '行政複式大床房:HK$484']"
咸陽人民路萬達廣場美侖酒店,9.7,"['高級雙床房:HK$327', '高級大床房:HK$391', '豪華雙床房:HK$391', '豪華大床房:HK$412', '家庭房:HK$452']"
全季酒店（西安咸陽國際機場店）,9.6,"['高級大床房【65寸投屏電視+智能馬桶+金可兒床墊】:HK$339', '高級雙床房【65寸投屏電視+禪意茶具+金可兒床墊】:HK$339', '商務雙床房【65寸投屏電視+禪意茶具+金可兒床墊】:HK$348', '舒壓高級大床房【65寸投屏電視+沙發+夢百合記憶棉墊】:HK$367']"
漢庭酒店（西安咸陽國際機場店）,9.6,"['商務雙床房【零壓枕+智能投屏電視】:HK$259', '商務大床房【零壓枕+智能投屏電視】:HK$259', '高級大床房【零壓枕+智能投屏電視】:HK$278', '高級雙床房【零壓枕+智能投屏電視】:HK$278']"
全季酒店（西安咸陽國際機場T3客運大樓店）,9.7,"['高級大床房【金可兒床墊＋小冰箱＋65寸投屏電視】:HK$376', '商務大床房【金可兒床墊＋小冰箱＋65寸投屏電視】:HK$394', '商務雙床房【金可兒床墊＋小冰箱＋65寸投屏電視】:HK$404', '高級特大床房【金可兒床墊＋小冰箱＋270度落地窗】:HK$434']"
咸陽秦皇假日酒店（文林路陝西財經職業技術學院店）,9.4,"['高級大床房「零壓床墊+地標景觀+舒睡好眠+臻選床品」:HK$245', '商務大床房「純棉浴袍+空間開闊+高空夜景+臻選床品」:HK$268', '臻選雙床房「辦公書桌+城市美景+輕奢睡眠+品牌洗護」:HK$291', '臻選大床房 「採光充足+零壓睡眠+休閑沙發+全景視野」:HK$295', '豪華大床房「甄選床品+愜意\u200c泡浴+高空城景+零壓睡眠」:HK$362']"
咸陽珠泉路萬達廣場美侖酒店,9.6,"['大床房:HK$362', '高級大床房:HK$381', '高級雙床房:HK$391', '榻榻米房:HK$402', '豪華大床房:HK$422']"
維也納國際酒店（西安咸陽國際機場旗艦店）,9.6,"['高級大床房:HK$348', '高級雙床房:HK$365', '商務大床房:HK$382', '商務雙床房:HK$405', '行政大床房:HK$425']"
咸陽海泉灣維景國際大酒店,9.2,"['標準雙人間:HK$381', '標準單人間:HK$414', '高級單人間:HK$428', '智慧雙床房:HK$918', '行政套間:HK$1,200']"
咸陽麗彩天祥酒店（秦都萬達店）,9.7,"['舒雅雙床房（超大落地窗+休閑沙發大圓桌）:HK$288', '舒雅大床房（自由投屏+舒適安逸）:HK$303', '豪華大床房（採光充足+全景視野）:HK$331', '精品套房:HK$427', '家庭房（乾濕分離+舒適好眠）:HK$442']"
西安盛捷灃東服務公寓酒店,9.7,"['豪華單房公寓:HK$389', '豪華單房公寓（雙床）:HK$389', '行政單房公寓:HK$445', '豪華行政單房公寓:HK$575', '一房豪華套房:HK$695']"
西安西鹹諾富特酒店,9.6,"['高級大床房:HK$545', '高級雙床房:HK$545', '豪華大床房:HK$664', '豪華雙床房:HK$664', '行政大床房:HK$761', '行政雙床房:HK$761']"
如家精選plus酒店（西安咸陽國際機場T3客運大樓店）,9.6,"['高級雙床房【落地全景大窗+品牌床墊】:HK$254', '高級大床房【落地全景大窗+品牌床墊】:HK$254', '家庭房【落地全景大窗+品牌床墊】:HK$306', '套房【落地全景大窗+品牌床墊】:HK$517']"
西安灃東智選假日酒店,9.6,"['高級房 超大床:HK$319', '高級房 雙床房:HK$319', '高級房超大床（高樓層）:HK$366', '高級房雙床（高樓層）:HK$366', '開放式套房:HK$506']"
川航金熊貓大酒店（西安咸陽國際機場店）,9.8,"['舒適大床房:HK$238', '舒適雙床房:HK$249', '豪華大床房:HK$282', '豪華雙床房:HK$293', '套房:HK$544']"
H水晶酒店（西鹹新區白馬河地鐵站店）,9.8,['水晶 | 高級雙床房[無線投屏+MINI冰箱+智能客控]:HK$269']
喆啡酒店（西安咸陽國際機場店）,9.1,"['醇享大床房:HK$187', '醇享雙床房:HK$187', '啡凡大床房:HK$293', '啡凡雙床房:HK$293']"
西安西鹹大廈地鐵站蘭歐國際酒店,9.7,"['智能高級大床房（無線投屏+窗敍茶台+舒適乳膠枕）:HK$327', '智能豪華大床房（MINI冰箱+窗敍茶台+無線投屏）:HK$385', '智能豪華雙床房（MINI冰箱+窗敍茶台+無線投屏）:HK$385', '尼羅河的饋贈（MINI冰箱+窗敍茶台+無線投屏）:HK$463', '蘭歐主題IP房（MINI冰箱+窗敍茶台+無線投屏）:HK$463']"
咸陽麗彩天祺酒店（麗彩萬達店）,9.7,"['雅緻標間（寧靜安逸+品質床墊+迷你冰箱）:HK$327', '雅緻單間（寧靜安逸+品質床墊+迷你冰箱）:HK$327', '豪華雙床房（超大落地窗+採光充足+獨立浴室）:HK$348', '豪華大床房（全景視野+辦公桌椅+乾濕分離）:HK$348', '豪華套房（深泡浴缸+獨立化粧間+獨立會客茶台）:HK$575', '豪華公寓（洗衣機+冰箱+獨立廚區+私享獨立客卧）:HK$587']"
楊凌國合之禾開元名庭酒店,9.6,"['開元大床房:HK$368', '開元雙床房:HK$368', '豪華大床房:HK$423', '豪華雙床房:HK$423', '豪華家庭房:HK$532']"
咸陽麗彩天祐酒店,9.7,"['商務大床房:HK$311', '豪華標間:HK$332', '豪華大床房:HK$332', '商務套房:HK$586']"
星季酒店（西安咸陽國際機場T5客運大樓店）,9.4,"['高級大床房:HK$267', '高級雙床房:HK$275', '家庭房:HK$319', '行政套房:HK$431']"
中北空港酒店（西安咸陽國際機場店）,9.4,"['商務雙床房:HK$260', '豪華雙床房:HK$293', '豪華商務套房（家庭出行首推）:HK$326', '豪華大床房（商務首推）:HK$369']"
雲隱酒店（西安咸陽國際機場店）,9.7,"['雲居·商務大床房:HK$248', '雲居·舒適雙床房:HK$298', '隱居·高級雙床房:HK$321', '隱居高級大床房:HK$321']"
交大創新港蔓蘭酒店,9.7,"['精品雙床房（明亮落地窗+侍寢香薰+減壓護頸枕）:HK$437', '精品大床房（明亮落地窗+侍寢香薰+減壓護頸枕）:HK$476', '尊雅雙床房（明亮落地窗+侍寢香薰+減壓護頸枕）:HK$511', '尊雅大床房（明亮落地窗+侍寢香薰+減壓護頸枕）:HK$511', '觀景大床房（明亮落地窗+侍寢香薰+減壓護頸枕）:HK$686']"
咸陽鹹通酒店,9.6,"['豪華單間:HK$302', '豪華標間:HK$302', '商務套間:HK$567', '豪華套房:HK$753']"
麗楓酒店（咸陽西站地鐵站店）,9.6,"['豪華大床房:HK$249', '豪華雙床房:HK$273', '商務大床房:HK$278', '商務雙床房:HK$298']"
咸陽和悦假日酒店,9.7,"['普通標間:HK$231', '普通單間:HK$260', '商務標間:HK$261', '商務單間:HK$306']"
不鹽茶宿（中山街店）,9.1,"['奶油榻榻米房202:HK$116', '奶油榻榻米大床房205:HK$119', '奶油榻榻米大床房203:HK$129', '孟菲斯大床房206:HK$129']"
F·HOTEL酒店（楊凌國際會展中心店）,9.5,['特惠房:HK$229']
樂嘉美居酒店（咸陽北平街店）,9.9,"['雅樂城景雙床房（悦享好眠+潔凈清雅+通透採光）:HK$177', '雅美恬靜雙床房（舒睡好眠+通透採光+可投屏電視）:HK$210', '雅美恬靜大床房（舒睡好眠+通透採光+投影影音房）:HK$210', '雅居温馨親子房（靜謐舒適+新風系統+熟睡好眠）:HK$243']"
全季酒店（咸陽創業東路店）,9.7,"['大床房【65寸投屏電視|金可兒床墊|小冰箱】:HK$293', '雙床房【65寸投屏電視|金可兒床墊|小冰箱】:HK$321', '高級大床房【65寸投屏電視|金可兒床墊|小冰箱】:HK$330', '高級雙床房【65寸投屏電視|金可兒床墊|小冰箱】:HK$350']"
咸陽楊凌國際會展中心酒店,9.5,"['標間:HK$233', '單間:HK$234', '豪華單間:HK$522', '豪華套間:HK$662']"
