酒店名称,评分,房型价格列表
紅柳灘民宿,9.4,"['豪華標間:HK$730', '豪華大床房:HK$730', '豪華套房:HK$1,074']"
歡漫酒店（哈密火車站店）,9.7,"['高級大床房（智能客控）:HK$405', '高級雙床房（智能客控）:HK$405', '豪華甄選大床房（全景飄窗+夢百合零壓床墊+安睡枕）:HK$405', '豪華甄選雙床房（夢百合零壓床墊+零壓枕+全景落地窗）:HK$405', '天山景大床房（180度天山景觀+沉睡零壓床墊+安睡枕）:HK$422']"
哈密希爾頓歡朋酒店,9.6,"['舒適大床房:HK$546', '舒適雙床房:HK$585', '高級大床房:HK$623', '高級雙床房:HK$661', '豪華大床房:HK$700']"
魔方大酒店（哈密火車站店）,9.5,"['魔力炫雙床房（180度觀景+深睡整晚）:HK$389', '魔力炫大床房（新風系統+深睡整晚）:HK$389', '大海道影音房（新風系統+深睡整晚）:HK$443', '天山行大床房（180度觀景+深睡整晚）:HK$497', '天山行雙床房（180度觀景+深睡整晚）:HK$497']"
辰泰大酒店（哈密火車站店）,9.5,"['樂享大床房（新風系統+140織新疆長絨棉親膚布草+輕奢舒眠透氣羽絨被）:HK$364', '樂享雙床房（新風系統+140織新疆長絨棉親膚布草+輕奢舒眠透氣羽絨被）:HK$364', '舒適大床房（140織新疆長絨棉親膚布草+輕奢舒眠透氣羽絨被）:HK$413', '舒適雙床房（140織新疆長絨棉親膚布草+輕奢舒眠透氣羽絨被）:HK$413', '甜美大床房（140織新疆長絨棉親膚布草+輕奢舒眠透氣羽絨被）:HK$460']"
全季酒店（哈密旗艦店）,9.7,"['高級大床房（全景落地窗+75巨幕投屏+全屋智能）:HK$443', '高級雙床房（商務辦公桌+75巨幕投屏+全屋智能）:HK$460', '商務雙床房（全景落地窗+新風換氧+全屋智能）:HK$479', '舒壓高級大床房（舒壓床墊+全景落地窗+智能馬桶）:HK$479']"
亞朵酒店（哈密市政府建國北路店）,9.6,"['雅緻大床房（全屋智能+迷你小冰箱）:HK$475', '高級大床房（迷你小冰箱+全屋智能）:HK$502', '高級雙床房（迷你小冰箱+全屋智能）:HK$520', '行政大床房（迷你小冰箱+全屋智能）:HK$529', '幾木大床房（深睡枕+迷你小冰箱+全屋智能）:HK$556']"
錦江都城酒店（哈密市伊州區行政服務中心店）,9.6,"['精緻大床房（高清投屏+夢百合零壓床墊+落地窗觀景）:HK$497', '都會大床房（高清投屏+迷你小冰箱+落地窗觀景）:HK$504', '精緻雙床房（高清投屏+夢百合零壓床墊+落地窗觀景）:HK$542', '都會雙床房（高清投屏+迷你小冰箱+落地窗觀景）:HK$563', '風雅大床房（智能客控+無感鴨絨被+加濕器+乳膠枕頭）:HK$570']"
哈密電視台桔子水晶酒店,9.6,"['高級大床房（小冰箱+全屋智能客控）:HK$743', '高級雙床房（小冰箱+全屋智能客控）:HK$793', '行政大床房（小冰箱+空氣加濕器+全屋智能客控）:HK$844', '豪華親子房（小冰箱+智能客控+空氣加濕器）:HK$944', '豪華套房（寬敞會客廳+全屋智能客控+手機投屏）:HK$1,226']"
亞朵酒店（哈密伊州區七一夜市店）,9.5,"['高級大床房（語音客控+智能馬桶）:HK$502', '高級雙床房（語音客控+智能馬桶）:HK$556', '行政大床房（語音客控+智能馬桶+小冰箱）:HK$619', '幾木大床房（語音客控+智能馬桶+小冰箱）:HK$646', '幾木雙床房（語音客控+智能馬桶+小冰箱）:HK$682']"
宜必思酒店（哈密市G312國道車碼頭產業園店）,8.9,"['高級大床房（小冰箱+深睡床墊+隔音系統窗+速冷空調）:HK$297', '高級雙床房（小冰箱+深睡床墊+隔音系統窗+速冷空調）:HK$316', '商務大床房（小冰箱+深睡床墊+隔音系統窗+速冷空調）:HK$316', '商務雙床房（小冰箱+深睡床墊+隔音系統窗+速冷空調）:HK$335']"
哈密嘉頓假日酒店（哈密站店）,9.4,"['陽光標準間（助眠乳膠枕+乾濕三分離+明亮大窗户）:HK$306', '陽光大床房（深睡眠乳膠枕+加濕器+明亮大窗户）:HK$307', '優享雙床房:HK$340', '陽光三人間（乾濕三分離）:HK$354']"
哈密聖湖國際酒店（火車站店）,9.4,"['舒睡大床房:HK$302', '舒睡雙床房:HK$302', '豪華大床房:HK$375', '豪華雙床房:HK$375', '智能尊享雙床房:HK$466']"
如家商旅酒店（哈密火車站春天裡店）,9.6,"['商務大床房（決明子功能枕）:HK$350', '高級大床房（決明子功能枕+加濕器）:HK$368', '雙床房（決明子功能枕）:HK$377', '高級雙床房（決明子功能枕+加濕器）:HK$394']"
哈密鑫順源酒店（312國道車碼頭汽服產業園店）,9.4,"['高級雙床房—輕盈睡眠+智能可控+零壓床墊+全屋地暖:HK$163', '高級大床房—拍照出片+親膚布草+零壓床墊+全屋地暖:HK$174', '商務雙床房—舒睡好眠+親膚布草+零壓床墊+全屋地暖:HK$185', '豪華大床房—夜景動人+智能客控+零壓床墊+全屋地暖:HK$211']"
如家酒店·neo（哈密建國北路客運站店）,9.5,"['大床房A（智能客控+手機投屏）:HK$294', '高級大床房（智能客控+手機投屏）:HK$313', '雙床房（智能客控+手機投屏）:HK$313', '高級雙床房（智能客控+手機投屏）:HK$331']"
哈密環球大酒店（火車站店）,9.4,"['內景雙床房:HK$253', '商務雙床房:HK$314', '行政雙床房:HK$331', '商務大床房:HK$340', '行政大床房:HK$349']"
全季酒店（哈密迎賓大道店）,9.7,"['高級大床房（75寸巨幕電視+茶室+小冰箱）:HK$428', '雙床房（75寸巨幕電視+茶室+小冰箱）:HK$448', '舒壓高級大床房（75寸巨幕電視+茶室+小冰箱）:HK$467', '舒壓高級雙床房（75寸巨幕電視+茶室+小冰箱）:HK$477']"
維也納國際酒店（哈密迎賓大道店）,9.7,"['高級雙床房:HK$475', '高級大床房:HK$492', '豪華雙床房:HK$500', '豪華大床房:HK$518', '商務雙床房:HK$535']"
漢庭酒店（哈密G312國道店）,9.7,"['大床房（喜臨門床墊+電視投屏+智能馬桶）:HK$297', '高級大床房（喜臨門床墊+電視投屏+智能馬桶）:HK$316', '高級雙床房（喜臨門床墊+電視投屏+智能馬桶）:HK$335']"
維也納國際酒店（哈密高鐵站店）,9.5,"['標準大床房:HK$306', '標準雙床房:HK$315', '商務大床房:HK$380', '商務雙床房:HK$389', '城景大床房:HK$398']"
哈密辰茂鴻福酒店,9.2,"['豪華行政大床房:HK$264', '特惠雙床房:HK$338', '豪華行政雙床房:HK$359', '豪華親子間:HK$539', '高級陽光大床房:HK$539']"
哈密天馬飯店,9.5,"['標準單人房:HK$249', '標準間:HK$271', '豪華單人房:HK$315', '豪華套房:HK$643']"
星程酒店（哈密公元大觀店）,9.4,"['大床房【加濕器+中央空調+喜臨門床墊】:HK$386', '雙床房 【加濕器+中央空調+喜臨門床墊】:HK$414', '高級大床房【加濕器+中央空調+喜臨門床墊】:HK$424', '高級雙床房【加濕器+中央空調+喜臨門床墊】:HK$442']"
格林豪泰酒店（哈密火車站店）,9.1,"['高級大床房:HK$250', '高級雙床房:HK$261', '商務大床房:HK$273', '商務雙床房:HK$283']"
華津大酒店（哈密站店）,9.4,"['尊享雙床房:HK$247', '甄選大床房:HK$247', '高級甄選大床房:HK$263', '高級尊享雙床房:HK$263']"
麗楓酒店（哈密火車站店）,9.2,"['高級大床房（全屋智能客控）《無窗》:HK$178', '標準單人房（全屋智能客控）:HK$226', '高級精品大床房（巨幕投影+觀影體驗好）《無窗》:HK$244', '豪華大床房（全屋智能客控）:HK$277']"
錦江之星酒店（哈密火車站友誼路店）,9.6,"['星悦標準大床房:HK$264', '星悦高級大床房:HK$271', '星悦豪華大床房:HK$279', '星選高級雙床房:HK$287']"
海友酒店（哈密火車站店）,9.9,"['大床房（加濕器+電視投屏+獨立空調）:HK$242', '雙床房（加濕器+電視投屏+獨立空調）:HK$279', '商務大床房（加濕器+電視投屏+獨立空調）:HK$297', '家庭房（加濕器+電視投屏+獨立空調）:HK$316']"
祥和酒店,9.7,"['標準大床房:HK$229', '經濟雙床房:HK$238', '豪華雙床房:HK$254', '豪華大床房:HK$254']"
哈密錦江科技精品酒店,9.3,"['輕享精緻大床房:HK$430', '輕享精緻雙床房:HK$430', '臻品精緻雙床房:HK$440', '零壓精緻大床房:HK$440', '漫享時光大床房:HK$450']"
哈密豫商大酒店（天馬商場哈密站店）,9.2,"['精選商旅雙床房（補水面膜+漱口水）:HK$337', '星耀甜夢大床房（零壓乳膠床墊+補水面膜）:HK$349', '夢幻光影大床房（深睡床品+視覺聽覺新體驗）:HK$367', '北極光悠眠套房（單獨辦公區域+深睡床品）:HK$379']"
凱里亞德酒店（哈密公元大觀漫街生活廣場店）,9.7,"['輕享大床房:HK$203', '樂享大床房:HK$212', '優享大床房:HK$232', '優享雙床房:HK$251']"
喆啡酒店（哈密市伊州區迎賓大道店）,9.4,"['醇享大床房（親膚布草+深睡整晚）:HK$384', '醇享雙床房（親膚布草+深睡整晚）:HK$384', '啡凡雙床房（親膚布草+深睡整晚）:HK$416', '啡凡大床房（親膚布草+深睡整晚）:HK$416']"
麗楓酒店（哈密向陽東路店）,9.5,"['高級影音大床房（巨幕投影+觀影體驗好）:HK$412', '高級影音雙床房（巨幕投影+觀影體驗好）:HK$412', '雅緻大床房:HK$420', '豪華大床房:HK$436']"
悅居智能酒店（公元大觀哈密火車站店）,9.6,"['悦來陽光雙床房（助眠零壓枕+漱口水）:HK$325', '極光星語悠眠大床房（北極氛圍光+補水面膜）:HK$330', '悦慕明星雙床房（支持手機投屏+乳膠床墊+mini冰箱）:HK$336', '璀璨星逸大床房（全套深睡床品+茶葉茶具）:HK$360', '悦享商務三人房（小度語音智控+mini冰箱+6瓶水）:HK$460']"
寶石花酒店（哈密石油基地店）,9.5,"['特惠大床房:HK$204', 'B座商務大床房:HK$230', 'A座高級大床房:HK$230', '特惠標間:HK$292']"
如家派柏雲酒店（哈密火車站八一北路店）,9.2,"['大床房:HK$287', '商務大床房A:HK$325', '雙床房A:HK$333', '商務大床房:HK$343']"
唯美上品酒店（哈密皇后天街店）,9.3,"['特價標間:HK$195', '特價大床房:HK$195', '商務大床房:HK$271', '商務標準間:HK$271']"
哈密樂楠酒店,8.5,['高級雙床房:HK$153']
哈密鑫金倫酒店,9.7,"['大床房:HK$249', '標準間:HK$258', '雅緻大床房:HK$260', '商務標準間:HK$269']"
7天優品酒店（哈密市政府店）,8.9,"['精選特優房:HK$155', '優品大床房:HK$164', '優享大床房:HK$172', '優品雙床間:HK$181']"
尚客優品酒店（哈密皇后天街店）,9.4,"['特惠雙床房（零壓床墊+安靜）:HK$327', '高級大床房（零壓床墊+安靜）:HK$352', '高級雙床房（零壓床墊+安靜）:HK$360', '商務大床房（零壓床墊+安靜）:HK$376']"
太陽民宿,9.6,['電競雙人間PS遊戲機:HK$402']
哈密天山賓館,8.9,"['商務標準間:HK$118', '豪華標準間:HK$140', '温馨大床房:HK$140', '三人間:HK$173']"
哈密漫薇電競酒店,9.8,"['無畏先鋒雙人間 （夢百合零壓床墊+全屋智能+大冰箱）:HK$393', '黑色玫瑰大床房:HK$397', '戰爭學院三人間:HK$434', '影流太空艙三人間:HK$434']"
天域驛客酒店（哈密火車站店）,8.8,"['商務大床房A:HK$231', '商務大床房:HK$241', '雙床房:HK$241']"
哈密金橋賓館,8.7,"['標準間:HK$124', '大床房:HK$124', '豪華標間:HK$159', '豪華大床房:HK$159']"
哈密星旺賓館,9.0,"['優享雙床房:HK$159', '優享大床房:HK$159', '豪華雙床房:HK$190', '豪華大床房:HK$190']"
哈密車友酒店,9.5,"['精品標準間:HK$238', '精品大床房:HK$260', '大海道精品標間:HK$358', '豪華家庭房:HK$402']"
