酒店名称,评分,房型价格列表
商丘信華建國酒店,9.4,"['極簡大床房:HK$338', '極簡雙床房:HK$338', '豪華大床房:HK$463', '豪華雙床房:HK$463', '商務大床房:HK$806', '商務家庭雙床房:HK$806']"
華商維景國際大酒店（商丘古城店）,9.6,"['優選雙床房:HK$290', '豪華雙床房:HK$344', '豪華大床房:HK$344', '商務雙床房:HK$397', '商務大床房:HK$397', '行政雙床房:HK$505']"
商丘古城南湖酒店,9.4,"['精品雙床房:HK$208', '精品大床房:HK$208', '豪華大床房:HK$238', '豪華雙床房:HK$238', '高級雙床房:HK$282']"
商丘古城智選酒店（吾悦廣場店）,9.3,"['特惠大床房（金可兒床墊+軟硬雙枕）:HK$217', '行政大床房（乾濕分離+金可兒床墊+軟硬雙枕）:HK$225', '行政雙床房（金可兒床墊+軟硬雙枕+乾濕分離）:HK$225', '商務大床房（採光視野好+軟硬雙枕+舒適安靜）:HK$265', '商務雙床房（採光視野好+軟硬雙枕+舒適安靜）:HK$265']"
全季酒店（商丘萬象路店）,9.6,"['高級大床房:HK$293', '高級雙床房:HK$293', '商務大床房:HK$321', '舒壓商務大床房:HK$350']"
商丘中良國際酒店,9.6,"['尊貴雙床房:HK$301', '尊貴大床房:HK$301', '湖畔大床房（智能小度+辦公桌）:HK$322', '湖畔雙床房:HK$322', '特色大床房（智能小度+浪漫星空）:HK$354']"
輕築酒店（商丘萬達廣場店）,9.3,"['悦享智慧大床房（小度智能客控）:HK$193', '和悦智慧雙床房（小度智能客控）:HK$199', '風韻智慧大床房（小度智能客控）:HK$217', '雅韻智慧雙床房（小度智能客控）:HK$221']"
商丘國展綠地鉑派酒店,9.4,"['高級雙床房:HK$215', '高級大床房:HK$215', '湖景雙床房:HK$284', '湖景大床房:HK$284', '豪華大床房:HK$328']"
喆啡銳品酒店（商丘萬達廣場建業總部港店）,9.4,"['品致大床房【智能客控】+【零壓床墊】:HK$268', '鋭意大床房【智能客控】+【高清電視投屏】:HK$296', '鋭意雙床房【智能客控】+【高清電視投屏】:HK$296', '鋭趣家庭房【智能客控】+【高清電視投屏】:HK$296', '湖景大床房【智能客控】+【湖景落地窗】:HK$402']"
商丘瑞恆建國飯店,9.6,"['特惠雙床房:HK$304', '豪華大床房:HK$352', '豪華雙床房:HK$361', '商務雙床房:HK$399', '商務大床房:HK$416']"
H水晶酒店（商丘古城第一人民醫院店）,9.7,"['雅緻智能大床房（全屋客控+舒達床墊+智能馬桶）:HK$222', '舒適智能大床房（全屋客控+舒達床墊+智能馬桶）:HK$267', '雅緻智能雙床房（全屋客控+舒達床墊+智能馬桶）:HK$282', '陽光智能景觀大床房（全屋客控+舒達床墊+智能馬桶）:HK$296']"
商丘中泰開元名庭酒店,9.4,"['名成高級雙床房:HK$339', '名成高級大床房:HK$339', '名成豪華大床房:HK$378', '名成商務套房:HK$493']"
陌上輕居酒店（商丘萬達廣場店）,9.6,"['風韻·宋潮花雅大床房（小度音響+智能客控）:HK$272', '品學·江南坡頂雙床房（智能客控+乾濕三分離）:HK$283', '品學·江南坡頂大床房（智能客控+乾濕三分離）:HK$294', '雅緻·舒睡零壓大床房（親膚浴袍+零圧床墊）:HK$316']"
米蘭國際酒店（商丘萬達廣場店）,9.2,"['古韻標準間:HK$191', '古韻大床房:HK$191', '雅緻標準間（豪華按摩椅）:HK$213', '雅緻大床房（豪華按摩椅）:HK$213']"
白玉蘭酒店（商丘高鐵站店）,9.5,"['玉舒大床房:HK$185', '玉舒雙床房:HK$185', '蘭舒雙床房:HK$195', '零壓玉舒大床房:HK$195']"
全季酒店（商丘神火大道商字店）,9.8,"['雙床房:HK$274', '高級大床房:HK$293', '舒壓高級大床房:HK$321', '套房:HK$435']"
艾尚王朝酒店（商丘站店）,9.5,"['豪華大床房:HK$228', '豪華雙床房:HK$228', '商務雙床房（記憶枕）:HK$257', '商務大床房（深度睡眠+原木風格）:HK$257', '智能大床房（小度智能客控）:HK$276']"
全季酒店（商丘古城華夏路店）,9.8,"['大床房:HK$271', '高級大床房:HK$299', '商務大床房:HK$318', '商務雙床房:HK$327']"
亦嵐酒店（商丘市政府萬達廣場店）,9.3,"['簡歐雙床房（智能客控）:HK$136', '簡歐大床房（智能客控）:HK$136', '靜夜大床房（智能客控）:HK$167', '輕享雙床房（智能客控）:HK$183']"
凱里亞德酒店（商丘神火大道萬達廣場店）,9.4,"['輕享大床房:HK$192', '輕享雙床房:HK$192', '樂享大床房:HK$215', '樂享雙床房:HK$215']"
希岸酒店（商丘高鐵站正弘滙店）,9.2,"['希岸豪華雙床房:HK$195', '希岸豪華大床房:HK$195', '希岸影音大床房（無窗）:HK$205', '顏值Lab:HK$254']"
維也納酒店（商丘歸德中路萬達廣場店）,9.5,"['高級大床房:HK$196', '高級雙床房:HK$196', '商務大床房:HK$225', '城景大床房:HK$258']"
凈漫酒店（商丘高鐵站凱旋路店）,9.6,"['私享影音大床房:HK$150', '温馨大床房:HK$169', '舒適雙床房:HK$175', 'IMAX暢享影音大床房:HK$177']"
金士頓國際假日酒店（商丘市政府高鐵站店）,9.4,"['浪漫圓床房:HK$205', '商務大床房（顧家床墊+中央空調+天絲布草）:HK$205', '商務雙床房（顧家床墊+中央空調+天絲布草）:HK$227', '行政雙床房（水晶浴缸+顧家床墊+天絲布草）:HK$249']"
麗楓酒店（商丘高鐵站正弘滙店）,9.0,"['雅緻大床房:HK$191', '雅緻雙床房:HK$191', '豪華雙床房:HK$202', '豪華大床房:HK$202']"
漢庭酒店（商丘站北廣場店）,9.3,"['舒壓-高級大床房:HK$199', '舒壓-高級雙床房:HK$199', '舒壓-商務大床房:HK$218']"
凈漫·輕雅酒店（商丘站市政府店）,9.8,"['IMAX私享影音大床房:HK$195', '商務智能大床房:HK$218', '商務智能標準間:HK$218', '巨幕觀影大床房:HK$236']"
尤岸酒店（商丘高鐵站市政府店）,9.5,"['特惠大床房-中央空調-零壓護頸枕-心之約床墊:HK$168', '特惠雙床房-中央空調-零壓護頸枕-心之約床墊:HK$177', '尤賞智能客控家庭房-中央空調-零壓護頸枕-心之約床墊:HK$256', '尤品智能茶室大套房-中央空調-零壓護頸枕-心之約床墊:HK$367']"
世紀星假日酒店（商丘古城南京路店）,9.1,"['商務雙床房:HK$159', '精品雙床房:HK$170', '零壓大床房:HK$222', '零壓觀影大床房（百幕投影+騰訊vip）:HK$253']"
星程酒店（商丘南京東路店）,9.6,"['高級大床房:HK$205', '商務雙床房 （中式茶具）:HK$215', '商務大床房 （中式茶具）:HK$233', '豪華家庭房 （中式茶具）:HK$233']"
漢庭酒店（商丘神火大道萬達廣場店）,9.8,"['高級大床房（舒適床品+智能客控）:HK$243', '商務雙床房（舒適床品+智能客控）:HK$243', '商務大床房（舒適床品+智能客控）:HK$252', '商務套房（舒適床品+智能客控）:HK$318']"
宜必思酒店（商丘港滙萬達店）,9.5,"['舒壓高級大床房:HK$252', '舒壓高級雙床房:HK$252', '舒壓豪華雙床房:HK$261', '舒壓豪華大床房:HK$271']"
你好酒店（商丘萬達廣場市政府店）,9.6,"['舒壓-大床房:HK$168', '舒壓-高級雙床房:HK$187', '舒壓-高級大床房:HK$187', '舒壓-商務大床房:HK$215']"
維也納3好酒店（商丘高鐵站正弘滙店）,9.5,"['高級大床房:HK$158', '愉夢雙床房:HK$166', '棋牌大床房:HK$195', '豪華大床房:HK$214']"
輕築富臨門酒店（商丘高鐵站市政府店）,9.2,"['輕享大床房（自助洗衣房+延遲退房至14：00）:HK$138', '輕奢大床房:HK$142', '輕奢雙床房:HK$157', '尊享大床房:HK$161']"
普思諾酒店（商丘高鐵站正弘滙店）,9.8,"['精品大床:HK$177', '時尚圓床:HK$180', '精品雙床:HK$187', '豪華大床房:HK$221']"
漢庭酒店（商丘北海東路店）,9.6,"['舒壓大床房:HK$187', '舒壓高級大床房:HK$196', '舒壓雙床房:HK$196', '舒壓家庭房:HK$215']"
米蘭文化精品酒店（商丘高鐵站店）,9.6,"['古韻大床房:HK$185', '雅緻大床房:HK$191', '雅緻標準間A（沙發）:HK$191', '休閑套房:HK$237']"
喜鵲樂居旅館（商丘市一高市政府店）,9.4,"['靜享陽光丨優選雙床房（酒店公區提供自助洗衣機|小冰箱）:HK$142', '靜享陽光丨優選大床房（酒店公區提供自助洗衣機|小冰箱）:HK$142', '温馨唯美丨情侶大床房（酒店公區提供自助洗衣機|小冰箱）:HK$157', '榮享景觀丨舒適家庭房（酒店公區提供自助洗衣機|小冰箱）:HK$157']"
日月楓華酒店（商丘古城店）,9.6,"['優雅大床房:HK$213', '優雅雙床房:HK$214', '楓雅雙床房:HK$229', '楓雅大床房:HK$237']"
藍灣酒店（商丘萬達店）,9.5,"['舒適雙床房（抗菌乳膠床墊+公區提供洗衣房）:HK$180', '舒適大床房（抗菌乳膠床墊+公區提供洗衣房）:HK$188', '豪華雙床房（抗菌乳膠床墊+公區提供洗衣房）:HK$231', '豪華大床房（抗菌乳膠床墊+公區提供洗衣房）:HK$240']"
商丘錦鯉電競酒店,9.6,"['輕奢雙人間[I7+12700KF+32G內存+3070TI+華碩27寸2K]:HK$218', '豪華大床房[I7+12700KF+32G內存+3070TI+華碩27寸2K]:HK$218', '樂享三人間[I7+12700KF+32G內存+3070TI+華碩27寸2K]:HK$307', '對戰四人間[I7+12700KF+32G內存+3070TI+華碩27寸2K]:HK$426']"
帝王精緻酒店（商丘高鐵站正弘滙店）,9.4,"['温馨丨浪漫大床房（酒店公區提供洗衣機+護頸頭枕）:HK$155', '温馨丨金士大床房（酒店公區提供洗衣機+護頸頭枕）:HK$166', '陽光丨時尚雙床房（酒店公區提供洗衣機+護頸頭枕）:HK$176', '陽光丨優享雙床房（酒店公區提供洗衣機+護頸頭枕）:HK$188']"
微電競民宿,9.6,"['輕奢電競大床房:HK$196', '輕奢電競雙人間:HK$207']"
優程酒店（商丘師範學院店）,9.3,"['優雅大床房:HK$152', '優雅雙床房:HK$205', '優悦雙床房:HK$227', '優悦大床房:HK$249']"
厚木酒店（商丘商字店）,10.0,"['景觀大床房【2K260Hz丨羅技GPW2丨9700X丨4060Ti】:HK$273', '高清雙床房【外星人2K280Hz丨ROG遊俠RX紅軸丨羅技GPW2丨颶風2丨AOC機械臂丨9700X丨4070S】:HK$282', '高刷雙床房【卓威400Hz丨小蜜蜂MADE84PRO丨羅技GPW2丨颶風2丨AOC機械臂丨9700X丨4070】:HK$303', '高清三人房【外星人2K280Hz丨ROG遊俠RX紅軸丨羅技GPW2丨颶風2丨AOC機械臂丨9700X丨4070S】:HK$362']"
凈漫·清雅酒店（商丘萬達店）,9.2,"['凈雅大床房:HK$180', '優雅大床房:HK$192', '凈雅雙床房:HK$192', '空氣凈化大床房:HK$204']"
凈漫·輕奢酒店（商丘實驗中學高鐵站店）,9.5,"['凈漫大床房:HK$135', '凈悦大床間:HK$156', '凈悦雙床房:HK$156', '空氣清新房:HK$167']"
派酒店（商丘神火大道第壹茂店）,9.3,"['惠選大床房:HK$99', '商務大床房:HK$101', '商務雙床房:HK$103', '精選雙床房:HK$174']"
光彩四季酒店（文化路老師範店）,9.5,"['雅緻雙床房（全屋智能）:HK$184', '簡約雙床房（全屋智能）:HK$195', '雅緻大床房（全屋智能）:HK$196', '新中式大床房（全屋智能）:HK$202']"
華馳粵海酒店（商丘市政府高鐵站店）,9.3,"['舒雅景觀雙床房（瓶裝水）:HK$102', '智惠標準大床房（一次性拖鞋+洗漱用品獨立包裝+瓶裝水）:HK$108', '舒雅景觀大床房（瓶裝水+公區提供自主洗衣機+洗漱用品獨立包裝）:HK$109', '陽光影視大床房（海量電影+智慧投屏+觀影會員）:HK$126']"
商丘遠洋精品酒店（商丘工學院店）,8.4,"['豪華大床房:HK$203', '豪華雙床房:HK$203', '商務雙床房:HK$215', '商務大床房:HK$215']"
