酒店名称,评分,房型价格列表
地建南山花園酒店（仙娥湖旅遊區店）,9.2,"['江畔·智慧雙床房:HK$425', '江畔·智慧大床房:HK$444', '山居·輕奢雙床房:HK$462', '山居·輕奢大床房:HK$481', '專享行政套房:HK$1,196']"
商洛國際會議中心,9.2,"['標準雙床房:HK$258', '標準大床房:HK$276', '江景雙床房:HK$306', '精品大床房:HK$360', '豪華特大床套房:HK$499']"
如家商旅酒店（商洛市政府商州西路店）,9.3,"['商務大床房【落地大窗 | 可投屏電視】:HK$263', '高級大床房【落地大窗丨可投屏電視】:HK$271', '雙床房【落地大窗丨可投屏電視】:HK$296', '高級雙床房【落地大窗丨可投屏電視】:HK$304']"
如家酒店·neo（商洛市政府萬達廣場店）,9.7,"['雙床房【投屏+夢百合0壓床墊】:HK$210', '商務大床房【投屏+夢百合0壓床墊】:HK$221', '高級雙床房【投屏+夢百合0壓床墊】:HK$221', '景觀大床房【投屏+夢百合0壓床墊】:HK$230']"
商洛皇冠假日酒店,9.6,"['高級大床房:HK$362', '高級雙床房:HK$362', '高級房:HK$362', '高級大床房 高樓層:HK$409', '高級雙床房 高樓層:HK$409', '高級大床房 無障礙:HK$546']"
攜程度假農莊（棣花地球倉聯營店）,9.0,"['鄉愁大床房:HK$1,235', '泉湖親子套房:HK$1,365', '陽湖親子套房:HK$1,560', '憶昔大床親子房:HK$1,755', '悠湖雙間親子套房:HK$2,015']"
都市花園酒店（商洛北客站西崗樓店）,9.0,"['豪華大床房:HK$161', '豪華雙床房:HK$162']"
維也納智好酒店（商洛萬達廣場店）,9.0,"['標準雙床房:HK$244', '標準大床房:HK$253', '豪華大床房:HK$271', '豪華雙床房:HK$283', '商務套房:HK$365']"
漢庭酒店（商洛時代華城店）,9.3,"['大床房【電視投影+舒適空調】:HK$177', '雙床房【電視投影+舒適空調】:HK$196', '高級大床房【電視投影+舒適空調】:HK$205', '高級雙床房【電視投影+舒適空調】:HK$233']"
漢庭酒店（商洛北新街店）,9.6,"['雙床房（55寸智能電視+一鍵投屏）:HK$280', '高級大床房（55寸智能電視+一鍵投屏）:HK$280', '套房（55寸智能電視+一鍵投屏）:HK$335']"
北斗山居民宿,8.7,"['庭院露台大床房:HK$450', '庭院私湯露台大床房:HK$558']"
商洛山水時代酒店（北客站商洛學院店）,8.7,"['高級大床房:HK$218', '高級標準房:HK$218', '茶藝大床房:HK$218', '江景大床房:HK$218']"
商洛印象悦豪酒店,8.6,"['江景雙床房:HK$324', '浴缸大床房:HK$368', '豪華雙床房:HK$374', '浪漫圓床房:HK$437', '觀景套房:HK$743']"
商洛學苑賓館,8.2,"['浪漫圓床房:HK$140', '特價大床房:HK$140', '舒適大床房:HK$151', '豪華雙人間:HK$151']"
商洛老北京大酒店,7.7,"['高級大床房:HK$118', '豪華大床房:HK$129', '高級標準房:HK$140', '豪華標準房:HK$151']"
商洛市商州區沙河子鎮丹水酒店,8.2,"['舒適雙床房:HK$143', '大床房:HK$153', '尊享套房:HK$266']"
福祉酒店,8.3,"['特惠大床房:HK$97', '經典大床房:HK$126', '經典雙人間:HK$137', '商務大床房:HK$141']"
江山景區山水居民宿,8.5,"['舒適標間:HK$142', '山景標間:HK$164', '高級大床房:HK$197', '豪華標間:HK$218']"
商洛喜達新悦假日酒店,7.2,"['豪華標準間:HK$184', '豪華大床房:HK$197', '豪華套房:HK$293', '商務套房:HK$315']"
商洛庭園主題賓館,8.8,"['商務大床房:HK$97', '特惠雙床房:HK$105', '特色雙床房（木桶浴）:HK$129', '温馨情侶房:HK$138']"
商洛腰市鎮金葉賓館,8.4,"['大床房:HK$118', '舒適大床房:HK$118', '標準間:HK$129', '三人間:HK$140']"
商洛在水一方商務賓館,6.9,"['標準間:HK$104', '豪華標準間:HK$109', '大床房:HK$109', '三人間:HK$130']"
福園樂賓館,6.4,"['特價房:HK$102', '標準間:HK$106', '大床房:HK$108', '豪華大床房:HK$322']"
商洛新錦雲商務賓館,4.7,"['標準單間:HK$85', '標準雙間:HK$91', '標準三人間:HK$107']"
鎮安聚秀山莊酒店,9.4,"['悦享·安睡雙床房（智能客控+mini吧+乳膠記憶床墊）:HK$233', '夢璃·休閑雙床房（智能客控+mini吧+乳膠記憶床墊）:HK$284']"
丹鳳三謀庭院民宿（棣花古鎮店）,9.7,"['大床房:HK$144', '標準雙人間:HK$158', '豪華三床房:HK$269']"
商南運通逸雲酒店,9.7,"['山景大床房—品牌健康深睡床墊+舒爽噴湧淋浴:HK$241', '陽光大床房—品牌健康深睡床墊+舒爽噴湧淋浴:HK$272', '山景雙床房—品牌健康深睡床墊+舒爽噴湧淋浴:HK$288', '河景大床房—品牌健康深睡床墊+舒爽噴湧淋浴:HK$288', '河景雙床房—品牌健康深睡床墊+舒爽噴湧淋浴:HK$288']"
鎮安景悦雅緻酒店（鎮安金台山文化旅遊區店）,9.4,"['暮雲大床房『零壓床墊+寬敞明亮+多重隔音助眠』:HK$227', '隱漫.舒心雙床房-商旅特惠:HK$241', '今夕何夕榻榻米房-熱銷房:HK$262', '煙雨.靜居大床房『動人夜景+乾濕分離+舒適好眠』:HK$361']"
維也納酒店（商洛山陽人民廣場店）,9.3,"['標準雙床房:HK$230', '豪華雙床房:HK$240', '標準大床房:HK$249', '豪華大床房:HK$258']"
洛南嘉宏酒店,8.8,"['精緻雙床房:HK$293', '精緻大床房:HK$293', '豪華大床房:HK$369', '行政套房:HK$447', '新娘房:HK$447']"
豐岸假日酒店（商洛山陽華龍車站人民廣場店）,9.2,"['普通雙床房（舒適雙床+乾濕分離+瓶裝水）:HK$164', '普通大床房（舒適大床房+乾濕分離+瓶裝水）:HK$164', '高級特大床房（護脊床墊+乾濕分離+瓶裝水）:HK$184', '高級雙床房（休閑榻榻米+乾濕分離+護脊床墊）:HK$189']"
鎮安開元大酒店,9.4,"['豪華雙床房:HK$295', '豪華大床房:HK$325', '塔雲棲夢雙床房:HK$424', '塔雲棲夢大床房:HK$457', '行政大床房:HK$469']"
洛南華陽國際飯店,9.0,"['商務大床房:HK$295', '中式雙床房:HK$320', '英式雙床房:HK$320', '情侶主題房:HK$332', '豪華親子間:HK$384']"
柞水隱舍客棧,8.9,"['大床房:HK$653', '標間:HK$684', '河景大床房:HK$684', '閣樓房:HK$796']"
瀾·見山集民宿,8.5,"['觀山大床房:HK$392', '觀山露台大床房:HK$436', '陽光雙床房:HK$480', '陽光露台雙床房:HK$545']"
鎮安繽悦大酒店,9.6,"['慧悦雙床房（零壓床墊+手機投屏）:HK$240', '慧悦大床房（零壓床墊+手機投屏）:HK$240', '華悦雙床房（零壓床墊+手機投屏）:HK$294', '尊悦大床房（零壓床墊+手機投屏+小冰箱）:HK$296', '尊悦雙床房（零壓床墊+電視投屏+小冰箱）:HK$296']"
花築·牛背樑度假山莊（柞水店）,8.9,"['蘭茵·温馨大床房（日式茶台+深度睡眠）:HK$883', '楓畔·雅緻大床房（觀景露台+獨立陽台+深度睡眠）:HK$935', '紅樺·雅緻雙床房（榻榻米+休閑沙發+深度睡眠）:HK$974', '檀悦·豪華大床房（私享客廳+浴缸+陽台+深度睡眠）:HK$1,012', '櫨軒·豪華雙床房（獨立客廳+榻榻米+深度睡眠）:HK$1,063']"
丹鳳金山酒店,9.0,"['特惠雙床房:HK$250', '景觀商務標間:HK$325', '景觀豪華標間:HK$358', '景觀豪華親子房:HK$422', '景觀商務套房:HK$756']"
洛南倉聖國際酒店,8.7,"['商務標準間:HK$249', '商務大床房:HK$249', '茶藝單間:HK$271', '親子房:HK$271']"
鎮安金台書院·蘭因酒店,9.3,"['蘭因優享雙床房:HK$224', '蘭因雅景雙床房:HK$271', '蘭因浪漫大床房:HK$283', '蘭因雅琪親子房:HK$307']"
柞水馬房子民宿,9.9,"['山景雙床房（零壓床墊+眺望山景+觀景樓台）:HK$955', '庭院大床房（零壓床墊+中式庭院+山野清曠）:HK$1,027', '禮園·和鳴居獨棟套房（瑞庭別院+眺望山景+歸園田居）:HK$5,661', '義園·采薇居獨棟套房（眺望山景+中式庭院+靜謐優雅）:HK$5,980', '智園·鏡心居獨棟套房（中式庭院+觀荷聽雨+荷塘魚趣）:HK$6,777']"
盛邦華悦酒店（鎮安中心廣場店）,9.5,"['悦享·甜睡影院大床房「超清巨幕+乾濕分離+智能客控」:HK$546', '悦享·漢風榻榻米大床房「品質沐浴+組合沙發+智能客控」:HK$546', '悦享·舒睡精緻大床房「智能客控+新風系統+乾濕三分離」:HK$546']"
柞水山與飛鳥民宿,8.7,"['鹿鳴·園景雙床房:HK$545', '櫻語·私人陽台山景雙床房:HK$607', '塵外·浴缸獨立露台大床房:HK$761', '清盧·休閑度假園景套房:HK$814']"
棣花之都青年公寓,9.4,"['新青年雙床房:HK$274', '新青年大床房:HK$281', '新青年商務雙床房:HK$350', '新青年商務大床房:HK$358']"
商南天鹿酒店,9.3,"['園景雙床房（陽台）:HK$223', '園景大床房（陽台）:HK$294', '園景零壓大床房（陽台）:HK$300', '園景零壓雙床房（陽台）:HK$305', '陽光花園雙床房（陽台）:HK$322']"
柞水望南山居,8.9,"['精緻大床房:HK$861', '景觀大床套房:HK$861', '景觀庭院（雙床）套房:HK$970', '景觀露台大床套房:HK$1,079']"
都市花園酒店（山陽店）,9.1,"['雅緻投影房（巨幕投影+給力空調+靜音床墊）:HK$177', '花園尊享大床房（全屋智能+給力空調）:HK$188', '優享雙床（乾濕分離+智能客控）:HK$188', '花園尊享雙床房（全屋智能+乾濕分離）:HK$224']"
西坡秦嶺度假民宿,9.3,"['黃櫨·經典浴缸大床房:HK$1,079', '黃櫨·經典浴缸雙床房:HK$1,079', '紫藤·精選浴缸大床房:HK$1,298', '紫藤·精選浴缸雙床房:HK$1,298', '紅楓·庭院景觀大床房:HK$1,516']"
柞水南山裡民宿,9.7,"['南山靜謐房:HK$415', '景觀大床房:HK$524', '景觀標準間:HK$524', '南山豪華房:HK$677']"
柞水溪畔創意驛棧,9.8,"['溪畔·棲山木屋小床房:HK$522', '溪畔·棲山特惠親子房:HK$557', '溪畔·棲山木屋大床房:HK$566', '溪畔·露台陽光大床房:HK$1,089']"
