酒店名称,评分,房型价格列表
圖木舒克凱富國際酒店,9.1,"['豪華雙床房:HK$434', '豪華大床房:HK$434', '行政雙床房:HK$488', '行政大床房:HK$488', '影視大床房:HK$544']"
都市花園酒店（圖木舒克客運站店）,9.5,"['特惠大床房:HK$351', '精選雅緻大床房:HK$374', '精選雅緻雙床房:HK$374', '商務大床房:HK$404']"
圖木舒克鑫瑞大酒店,9.4,['豪華商務雙床房丨智能客控+全棉床品+零壓床墊:HK$402']
速8精選酒店（圖木舒克市政府店）,9.2,"['經濟大床房:HK$224', '舒適大床房:HK$244', '舒適雙床房:HK$253', '尊享大床房:HK$253']"
格美酒店（圖木舒克市政府店）,9.6,"['豪華大床房:HK$263', '豪華雙床房:HK$263', '商務大床房:HK$274', '商務雙床房:HK$282']"
7天酒店（圖木舒克店）,9.5,"['新7天自在雙床房:HK$224', '新7天好睡雙床房:HK$247', '新7天好睡大床房:HK$247', '新7天好睡套房:HK$329']"
漢庭酒店（圖木舒克店）,9.6,"['高級大床房:HK$204', '高級雙床房:HK$223', '套房:HK$270', '家庭房:HK$279']"
圖木舒克唐王城迎賓館,9.8,"['標準雙床房:HK$409', '大床房:HK$410', '套房:HK$676']"
海友酒店（圖木舒克政法學院店）,9.6,"['舒適大床房:HK$177', '高級雙床房:HK$187', '高級大床房:HK$196']"
圖木舒克怡鑫商務酒店,8.4,"['優享大床房:HK$186', '優享標間:HK$188', '豪華大床房:HK$214', '豪華標準間:HK$241']"
圖木舒克凱瑞賓館,8.7,[]
悦居酒店（喀什巴楚博物館店）,9.2,"['悦馨 | 精選大床房【零壓床墊+智能客控】:HK$246', '居雅 | 舒適大床房【零壓床墊+智能客控】:HK$246', '初心丨豪華大床房【零壓床墊+智能客控】:HK$269', '碧波丨湖景大床房【零壓床墊+智能客控】:HK$288']"
巴楚名都賓館（巴楚步行街店）,7.5,"['舒適大床房【地暖】:HK$117', '舒適標準間【地暖】:HK$117', '尊享雙床房【地暖】:HK$127', '悦享三人間【地暖】:HK$138']"
