酒店名称,评分,房型价格列表
大連嘉霖精品酒店,9.5,"['城景大床房（投屏+冰箱+智能馬桶）:HK$346', '園景大床房（投屏+冰箱+智能馬桶）:HK$346', '城景雙床房（投屏+冰箱+智能馬桶）:HK$396', '園景雙床房（投屏+冰箱+智能馬桶）:HK$396', '榻榻米家庭房（投屏+冰箱+智能馬桶）:HK$481']"
如家商旅酒店（大連機場店）,9.8,"['商務大床房A（智能客控+夢百合零壓床墊、零壓枕）:HK$493', '商務大床房（智能客控+夢百合零壓床墊、零壓枕）:HK$510', '安心睡0壓大床房（空氣凈化器+智能客控+0壓床墊0壓枕）:HK$535', '標準雙床房（智能客控+夢百合零壓床墊、零壓枕）:HK$544']"
STARRY WAVES星瀾天際海景酒店（中山廣場富麗華國際店）,9.5,"['星耀·半城伴海大床房（零壓床墊+記憶枕）:HK$766', '星瀾·海灣灣景大床房（巨幕投影+零壓床墊+記憶枕）:HK$790', '星海·天際海景大床房（巨幕投影+零壓床墊+記憶枕）:HK$825', '星宿·都市高空觀景雙床房:HK$871']"
大連中山廣場亞朵酒店,9.5,"['雅緻大床房（手機投屏）:HK$807', '高級大床房（手機投屏）:HK$906', '高級雙床房（手機投屏）:HK$987', '幾木大床房（手機投屏+茶几+茶台+浴袍+小冰箱）:HK$1,077', '幾木雙床房（手機投屏+茶几+茶台+浴袍+小冰箱）:HK$1,256']"
大連斐亞國際酒店,9.2,"['標準大床房（冰箱+洗衣機+智能馬桶）:HK$333', '商務大床房（冰箱+洗衣機+智能馬桶）:HK$375', '標準雙床房（冰箱+洗衣機+智能馬桶）:HK$375', '家庭房（冰箱+洗衣機+智能馬桶）:HK$459', '豪華市景套房（兩室一廳+冰箱+洗衣機+智能馬桶）:HK$879']"
大連海擎天酒店（星海廣場店）,9.1,"['温馨大床房:HK$979', '商務大床房:HK$1,205', '雅緻大床房:HK$1,423', '高級雙床房:HK$1,687']"
徐園飯店（大連東港商務區港灣廣場地鐵站店）,8.8,"['甄選優品·舒適大床房—[舒適床墊|安睡好眠]:HK$446', '優選行政·商務大床房—[舒適床墊|精品浴缸|安睡好眠]:HK$567', '優選行政·商務雙床房—[舒適床墊|精品浴缸|安睡好眠]:HK$587', '智享生活·優選大床房—[精品浴缸|全屋智能客控]:HK$608']"
雲棲·海宿（大連東港威尼斯水城店）,9.4,"['朵雲·特惠房:HK$475', '流韻·大床房（城市景觀+舒適睡眠+冰箱洗衣機）:HK$496', '潮汐·海景大床房（遠眺海景+舒適睡眠+冰箱洗衣機）:HK$566', '聽媽媽的話·親子房（家庭樂享+商務標準+冰箱洗衣機）:HK$670']"
青泥8號酒店公寓（大連火車站中山廣場店）,9.2,"['精品大床房 （65寸小米電視 ）:HK$602', '影音市景大床房 （巨幕投影）:HK$632', '影音鳥巢大床房（幕投影+弔籃）:HK$655', '影音商務大床房（巨幕投影+桌子）:HK$678']"
米涵酒店（大連威尼斯水城港東五街店）,9.5,"['影音·大床房:HK$367', '影音·雙床房:HK$489', '影音·豪華雙床房:HK$528', '影音·loft家庭三床房:HK$801']"
全季酒店（大連旅順口白玉山店）,9.9,"['大床房:HK$529', '高級大床房:HK$576', '商務大床房:HK$624', '商務雙床房:HK$671']"
如家商旅酒店（大連火車站友好廣場地鐵站店）,9.7,"['大床房A:HK$575', '大床房:HK$592', '高級大床房:HK$609', '安心睡0壓大床房:HK$642']"
大連凱倫温泉酒店,8.2,"['舒適大床房（小冰箱）:HK$305', '舒適雙床房（小冰箱）:HK$305', '豪華雙床房（小冰箱）:HK$466', '貴賓房:HK$840']"
大連紅星海百仕城酒店（經濟技術開發區店）,9.3,"['舒適特惠大床房（0壓床品＋地暖＋解壓花灑）:HK$275', '舒適特惠雙床房（0壓床品＋地暖＋解壓花灑）:HK$293', '躺平影院大床房（0壓床品+超大幕布＋地暖）:HK$311', '悦享豪華雙床房（0壓床品＋地暖＋獨立化粧台）:HK$336']"
發國大酒店（大連普蘭店火車站店）,9.1,"['普通雙床房:HK$249', '高級雙床房:HK$315', '高級大床房:HK$402', '貴賓大床房:HK$457', '貴賓套房:HK$743']"
凱里亞德酒店（大連萬達安盛購物廣場店）,9.7,"['樂享智能大床房（投屏+冰箱+智能馬桶）:HK$382', '優享智能大床房（投屏+冰箱+智能馬桶）:HK$421', '榮享智能大床房（投屏+冰箱+智能馬桶）:HK$421', '優享智能雙床房（投屏+冰箱+智能馬桶）:HK$459']"
大連昱聖苑國際酒店（羅斯福廣場西安路地鐵站店）,9.0,"['惠享大床房:HK$435', '惠享雙床房:HK$447', '雅緻商務大床房 | 舒闊空間+乾濕分離:HK$534', '雅緻商務雙床房 | 舒闊空間+乾濕分離:HK$545', '凌空豪華大床房 | 休閑沙發+深睡床品+MINI冰箱:HK$611']"
芯瑤海景酒店（大連東港威尼斯水城港東五街店）,9.6,"['特惠海景大床房【90°海景觀海】:HK$598', '豪華海景大床房【90°看海+威尼斯水城夜景】:HK$657', '豪華海景親子大床房【90度觀海+水城夜景+海上日出】:HK$752', '高空豪華海景大床房【90°海景觀日出+威尼斯水城夜景】:HK$801']"
大連開發區安盛廣場亞朵X酒店,9.6,"['雅緻大床房（手機投屏）:HK$385', '高級大床房（手機投屏）:HK$430', '高級雙床房（手機投屏+小冰箱）:HK$430', '幾木大床房（手機投屏+小冰箱+浴袍）:HK$475', '幾木雙床房（手機投屏+小冰箱+浴袍）:HK$520']"
上熙庭院酒店（大連金家街地鐵站店）,9.1,"['特惠房:HK$435', '温馨榻榻米大床房:HK$437', '高級大床房:HK$459', '高級雙床房A:HK$481']"
大連米提亞療愈酒店,9.6,"['舒適大床房:HK$386', '輕奢大床房:HK$605', '山景大床房:HK$689', '景觀情侶房:HK$696']"
宜必思酒店（大連開發區萬達廣場店 ）,9.8,"['高級大床房（金可兒深睡護脊床墊+投屏電視+智能馬桶）:HK$386', '商務大床房（金可兒深睡護脊床墊+投屏電視+智能馬桶）:HK$433', '高級雙床房（金可兒深睡護脊床墊+投屏電視+智能馬桶）:HK$461', '豪華家庭房（金可兒深睡護脊床墊+投屏電視+智能馬桶）:HK$518']"
大連安步·海景復古民宿,9.7,"['抺茶·舒適榻榻米投影房:HK$961', '暖木·園景大床房:HK$961', '煙雨·伴海落日大床房:HK$1,091', '瓦瓦烏·美式浴缸影音房:HK$1,289']"
棲宿酒店（大連軟件園理工大學淩水校區店）,9.2,"['靜謐大床房:HK$433', '靜謐雙床房:HK$433', '臻選大床房:HK$446', '臻選雙床房:HK$466']"
金州賓館,9.6,"['清雅雙床房:HK$383', '苑景大床房:HK$392', '其樂家庭房:HK$431', '富麗套房:HK$647', '豪華套房:HK$696']"
大連不侗桃李民宿（威尼斯水城店）,9.2,"['不侗·幽居霞客:HK$737', '不侗·靜謐幽蘭:HK$803', '不侗·曲徑通幽:HK$819', '不侗·海升明月:HK$819']"
大連人民廣場市政府開元名庭酒店,9.4,"['名成舒適大床房|乾濕分離|MINI冰箱:HK$715', '名成豪華大床房|乾濕分離|MINI冰箱:HK$803', '名成行政大床房|乾濕分離|MINI冰箱|會客區:HK$912', '名成行政家庭房|乾濕分離|MINI冰箱|:HK$1,043', '名成影院房|MINI冰箱|巨幕影院視聽盛宴:HK$1,098']"
大連麗景酒店（大連老虎灘漁人碼頭店）,8.8,"['山景雙床房:HK$611', '山景大床房:HK$611', '海景雙床房:HK$698', '豪華山景雙床房:HK$768', '豪華山景大床房:HK$768']"
大連高新園區騰飛軟件園亞朵X酒店,9.5,"['雅緻大床房（手機投屏+智控）:HK$439', '高級大床房（手機投屏+智控）:HK$457', '高級海景大床房（手機投屏+智控）:HK$475', '高級海景雙床房（手機投屏+半智控）:HK$493', '行政海景大床房（小冰箱+手機投屏+智控）:HK$547']"
桔子水晶酒店（大連開發區萬達廣場店）,9.9,"['觀景大床房（絲漣床墊+小冰箱+舒適浴袍+手機投屏）:HK$463', '觀景高級大床房（絲漣床墊+冰箱+舒適浴袍+手機投屏）:HK$493', '觀景豪華大床房（絲漣床墊+冰箱+舒適浴袍+手機投屏）:HK$528', '行政大床房（絲漣床墊+小冰箱+舒適浴袍+手機投屏）:HK$578', '觀景高級雙床房（絲漣床墊+冰箱+舒適浴袍+手機投屏）:HK$582']"
全季酒店（大連開發區萬達商業街店）,9.9,"['高級大床房（金可兒床墊+小冰箱+手機投屏+智能客控）:HK$487', '雙床房（城市夜景+小冰箱+手機投屏+智能客控）:HK$516', '商務大床房（金可兒床墊+小冰箱+手機投屏+智能客控）:HK$555', '高級雙床房（金可兒床墊+小冰箱+手機投屏+智能客控）:HK$565']"
大連恆力大酒店,9.5,"['豪華城景大床房:HK$1,003', '豪華海景大床房:HK$1,161', '豪華城景二居室:HK$1,425', '豪華城景二居室家庭套房:HK$1,583', '至尊海景大床房:HK$1,689', '豪華海景二居室套房:HK$1,773']"
四季雲酒店（大連雙D港產業園店）,9.7,"['清靜大床房A（零壓床墊+智能客控+電視投屏）:HK$338', '清靜大床房（零壓床墊+智能客控+電視投屏）:HK$360', '清凈雙床房（零壓床墊+智能客控+手機投屏）:HK$371', '温馨大床房（零壓床墊+智能客控+電視投屏）:HK$382']"
大連開發區亞朵酒店,9.7,"['雅緻房（小冰箱+手機投屏）:HK$448', '高級大床房（小冰箱+手機投屏）:HK$475', '行政大床房（小冰箱+手機投屏）:HK$502', '高級雙床房（小冰箱+手機投屏）:HK$520', '幾木大床房（智能馬桶+浴袍+手機投屏）:HK$528']"
大連瑞詩酒店,9.0,"['標準雙床間:HK$619', '標準大床間:HK$637', '一室經濟公寓:HK$669', '標準氧吧大床房:HK$669', '豪華大床房:HK$733', '豪華雙床房:HK$733']"
大工西崗酒店,9.5,"['標準雙床房:HK$462', '標準大床房:HK$475', '高級雙床房:HK$501', '高級大床房:HK$515']"
維也納酒店（大連旅順中心廣場店）,9.5,"['大床房（小度音箱+智能客控+手機投屏）:HK$426', '標準大床房（小度音箱+智能客控+手機投屏）:HK$426', '高級大床房（小度音箱+智能客控+手機投屏）:HK$457', '高級雙床房（小度音箱+智能客控+手機投屏）:HK$481']"
恆悦海景民宿,9.2,"['清新奶油風標準大床房:HK$296', '櫻花主題大床房（2903）:HK$296', '臨波苑標準大床房（2907）:HK$296', '加州陽光海景大床房（3009）:HK$296']"
星程酒店（大連高新萬達廣場店）,9.7,"['大床房（小冰箱+手機投屏）:HK$608', '雙床房（小冰箱+手機投屏）:HK$608', '高級大床房（小冰箱+手機投屏）:HK$636', '商務雙床房（小冰箱+手機投屏）:HK$636']"
大連久棲藍岸民宿,9.9,"['愛琴海大床房:HK$1,957', '輕奢複式海景房:HK$2,097', '餘波庭院海景房:HK$2,657', '星河庭院海景家庭套房:HK$3,216']"
大連大象抱朴酒店（開發區金馬路店）,9.2,"['棲賢商務大床房（小冰箱+詩意空間+多款枕頭）:HK$403', '良朋精品雙床房（小冰箱+中式茶具）:HK$464', '逸隱行政大床房（智能馬桶+詩意空間）:HK$509', '拈花精品大床房（L型4人沙發+詩意空間）:HK$611', '御風豪華大床房（大浴缸+舒適沙發+詩意空間）:HK$654']"
大連國尊王朝大飯店,9.2,"['雅緻大床房:HK$417', '雅緻雙床房:HK$434', '豪華大床房【50寸液晶電視，浴袍】:HK$530', '豪華雙床房【50寸液晶電視，浴袍】:HK$530', '行政間【50寸液晶電視，浴缸，智能馬桶，浴袍】:HK$678']"
大連藍灣賓館,9.0,"['中式榻榻米房:HK$392', '中式輕奢大床房:HK$495', '中式舒適雙床房:HK$535', '親子家庭房:HK$551']"
日月明酒店·精選（大連九六七醫院高爾基路店）,9.5,"['廊畫商旅雙床房（喜臨門釋放脊椎床墊+記憶棉枕頭）:HK$644', '廊畫商旅大床房（喜臨門釋放脊椎床墊＋記憶棉枕頭）:HK$644', '商旅高級雙床房A（倚窗望夕照+喜臨門釋放脊椎床墊+記憶棉枕頭）:HK$923', '商旅高級雙床房B（喜臨門釋放脊椎床墊+記憶棉枕頭）:HK$1,065']"
晴天民宿SUNNYDAY（大連老虎灘漁人碼頭店）,9.8,"['星火中古風.全屋智能＋零壓床墊大床房:HK$974', '星語.全屋智能＋零壓床墊＋觀海大床房:HK$1,002', '星光中古風.全屋智能＋零壓床墊大床房:HK$1,079', '星月中古風.全屋智能＋零壓床墊 大床房:HK$1,079']"
大連漫舍温泉酒店,9.5,"['一池豪華温泉大床房/私湯泡池/全屋智能:HK$590', '戀歌豪華温泉圓床房/私湯泡池/全屋智能:HK$590', '歸舍豪華温泉大床房+私湯泡池+全屋智能:HK$770', '雙棲-心語豪華温泉大床房/私湯泡池/全屋智能:HK$899']"
建國璞隱酒店（大連中山路友好廣場店）,9.5,"['芳草居大床房:HK$683', '蒹葭居大床房:HK$719', '幽篁居大床房:HK$772', '蒹葭居雙床房:HK$800', '幽篁居雙床房:HK$862']"
大連四時鯨語海灘度假酒店,9.4,"['樂享投影大床房:HK$2,013', '海灘・全景雙人間:HK$2,568', '海灘 · 全景大床房:HK$2,568', '日落晚霞大床房:HK$2,568', '海灘・全景家庭超大床房:HK$2,568']"
涵米酒店（大連威尼斯水城港東五街店）,9.3,"['特惠大床房:HK$502', '影音·豪華投影大床房（投屏巨幕）:HK$524', '商務·大床房（電視）:HK$524', '影音·海景豪華大床房（小角度看海+高清巨幕大屏）:HK$546']"
沐漁海景精選公寓式酒店（大連威尼斯水城港東五街店）,9.6,"['沐漁·精美特惠房:HK$658', '看海·海景大床房（90°側面看海+威尼斯水城夜景）:HK$711', '高層90°海景I MAX巨幕影音大床房（威尼斯水城夜景）:HK$781', '輕奢·海景雙床四人間（90°側面看海+威尼斯水城夜景）:HK$995']"
