酒店名称,评分,房型价格列表
婁底418華天大酒店,9.5,"['致·享標準雙床房:HK$324', '致·享標準大床房:HK$347', '尊·享行政大床房:HK$388', '尊·享行政雙床房:HK$388', '典雅智能大床房:HK$412']"
莫林酒店（婁底長青街婁星廣場店）,9.6,"['臻雅大床房:HK$215', '臻品大床房:HK$245', '臻品雙床房:HK$255', '臻享雙床房:HK$314']"
凱旋大酒店（婁底市政府高鐵南站店）,9.4,"['特惠大床房（大窗城景）:HK$177', '輕奢大床房:HK$202', '輕奢雙床房:HK$216', '商旅大床房（城市美景＋中央空調）:HK$231']"
宜尚酒店（婁底店）,9.6,"['標準大床房（北歐輕奢風格）:HK$222', '商務大床房（宜享靜謐空間）:HK$241', '商務雙床房（零壓睡眠+安靜舒適）:HK$241', '城景大床房（自然採光+芝華士休閑沙發）:HK$264', '城景雙床房（視野明亮+陽光城景）:HK$264']"
悦致酒店（婁底市政府店）,9.8,"['高級大床房:HK$279', '城景雙床房:HK$291', '城景大床房:HK$303', '豪華景觀雙床房:HK$337', '影院大床房:HK$349']"
金香大酒店（婁底婁星廣場春園步行街店）,9.6,"['金•悦享大床房:HK$206', '金•悦享雙床房:HK$222', '金•悠享棋牌房:HK$229']"
婁星萬納輕雅酒店（婁底中心醫院職業技術學院店）,9.7,"['波西米亞雅居大床房（靜音謐空+酒店所有房型都vip影視）:HK$165', '輕雅·尊享大床房｜凹凸門設計｜深舒眠｜沙發全新布草:HK$178', '輕雅·尊享雙床房｜靜謐超大空間｜180度城市景觀:HK$178', '雅樂·影音大床房｜巨幕100極米4K｜影視vip片源｜投屏:HK$191']"
豪萊雅酒店（婁底體育館店）,9.5,"['宿雲大床房:HK$221', '綺雲雙床房:HK$253', '棲雲大床房:HK$265', '夢雲主題套房:HK$284']"
婁底智尚輕奢酒店（市政府店）,9.2,"['雲端靜享雙床房（靜謐院景+三區分離）:HK$155', '全景祕境大床房（降噪玻璃+靜謐庭院）:HK$155', '雲端行政雙床房（安靜庭院+高空辦公）:HK$174', '天際線大床房（零壓床墊+180度全景落地窗）:HK$179']"
廷泊酒店（婁底火車站萬豪城市廣場店）,9.5,"['優居大床房:HK$264', '雅悦禮居大床房:HK$304', '尊享典居雙人房:HK$315', '尊享典居大床房:HK$352']"
猛哥萬奇酒店（婁底新體育館職業技術學院店）,9.2,"['簡約大床房:HK$99', '商務雙床房:HK$131', '豪華單間:HK$140', '家庭雙床房:HK$140']"
豪萊雅金和酒店（婁底吾悦廣場高鐵南站店）,9.4,"['高級雙床房【星港床墊+中央空調+新風系統】:HK$200', '高級大床房【星港床墊+酒店公區提供自助洗衣機】:HK$200', '輕奢大床房【智能客控+巨幕投影+沙發會客區】:HK$244', '輕奢雙床房【智能客控+星港床墊+舒適沙發會客區】:HK$252', '輕奢棋牌房【智能客控+星港茶墊+煙霧凈化器】:HK$305']"
三間房瞬間酒店（萬豪春園步行街店）,9.3,"['怡致商務大床房（智能客控）:HK$195', '怡致雙床房（智能客控）:HK$205', '悦致大床房（智能客控）:HK$216', '悦致商務雙床房（智能客控|辦公電腦桌）:HK$226']"
婁星華天假日酒店,9.8,"['高級大床房:HK$328', '高級雙床房:HK$336', '極氪一機位大床房（網吧遊戲權限+4060顯卡+i7cpu+電競椅+電競鼠標+電競耳機）:HK$343', '城景大床房:HK$343', '巨幕影音大床房:HK$351']"
莫林酒店（婁底市政府人文科技學院店）,9.4,"['豪華大床房（乳膠床墊+舒適睡眠）:HK$284', '豪華雙床房（乳膠床墊+舒適睡眠）:HK$294', '豪華巨幕影音房（零壓床墊+100寸巨幕+VIP觀影）:HK$304', '北歐主題大床房（乳膠床墊）:HK$314']"
蘭泊酒店（婁底高鐵南站店）,9.1,"['高級大床房:HK$228', '豪華大床房:HK$236', '豪華雙床房:HK$269', '休閑麻將房:HK$285']"
莫林風尚酒店（婁底步步高廣場中心醫院店）,9.4,"['商務大床房:HK$205', '商務雙床房:HK$235', '豪華娛樂房:HK$255', '主題雙床房:HK$264']"
歡麓麗晨V酒店（婁底人文科技學院春園步行街店）,9.6,"['歡享大床房（洗卸粧用品+潤膚乳+面膜）:HK$181', '麗怡雙床房（智能聲控）:HK$182', '歡致大床房 （乾濕分離+智能客控+裝修精緻）:HK$204', 'Vibrant·歡瑞大床房（床品考究+深度睡眠+智能聲控）:HK$225']"
凱里亞德酒店（婁底市中心醫院職業技術學院店）,9.6,"['榮享雙床房:HK$202', '榮享大床房:HK$202', '榮享雙拼大床房:HK$214', '優享陽光雙床房（小冰箱+加熱毛巾架）:HK$222']"
赫柏臻悦酒店（吉星金融廣場店）,9.7,"['臻.影視大床房.智能小度:HK$272', '逸.影視雙床房.暮光觀景:HK$288', '趣.影視創意房.親子閨蜜:HK$303', '歡.影視暢玩麻將大床房.巨屏投影:HK$317']"
綠意·雅緻酒店（婁底店）,9.4,"['雅緻雙床房:HK$285', '雅緻大床房:HK$293', '逸緻·高級大床房:HK$323', '品致・茶藝大床房:HK$340', '影致·浴缸大床房:HK$345']"
卡爾頓酒店,9.5,"['精緻單間:HK$125', '精緻雙床間:HK$134', '豪華大床房:HK$139', '豪華雙床房:HK$139']"
莫林風尚酒店（婁星廣場春園步行街店）,9.3,"['特惠房:HK$235', '商務大床房:HK$265', '商務雙床房:HK$284', '豪華大床房:HK$284']"
維也納酒店（婁底萬豪城市廣場店）,9.4,"['標準大床房:HK$192', '高級大床房:HK$206', '豪華雙床房:HK$206', '豪華大床房:HK$214']"
財智國際大酒店（婁底春園步行街店）,8.4,"['智享舒適大床房:HK$182', '智悦影院大床房:HK$211', '智雅豪華雙床房:HK$223']"
悦行酒店（婁星廣場春園步行街店）,9.3,"['優選大床房【落地窗+中央空調+星港床墊】:HK$162', '悦致大床房【180°落地窗+中央空調+星港床墊】:HK$182', '悦臻雙床間【180°落地窗+中央空調+星港床墊】:HK$197', '悦臻大床房【180°落地窗+中央空調+星港床墊】:HK$208']"
漢庭酒店（婁底漣鋼店）,9.9,"['高級大床房:HK$196', '豪華大床房:HK$215', '高級雙床房:HK$215', '豪華套房:HK$261']"
赫柏希音酒店（婁底南站店）,9.2,"['XIYIN舒睡智選大床房（智能聲控+零壓床枕）:HK$238', 'XIYIN影音智能雙床房（4K騰訊VIP+可投屏+零壓床枕）:HK$260', 'XIYIN影音智能大床房（4K騰訊VIP+投屏辦公+零壓床枕）:HK$276', 'XIYIN影音智能雙床套房（4K騰訊VIP+可投屏）:HK$323']"
恆豐大酒店,8.4,"['高級雙床房:HK$239', '商務大床房:HK$247', '恐龍親子房:HK$260', '商務雙床房:HK$261', '智能大床房:HK$267']"
赫柏星空酒店（高鐵南站婁底一中店）,9.4,"['星空•私影大床房:HK$191', 'PLUS私影大床房:HK$212', '星空•影院大床房:HK$227', '星空·影視豪華雙床房:HK$227']"
維也納國際酒店（婁底體育館店）,9.2,"['高級大床房:HK$224', '高級雙床房:HK$224', '豪華大床房:HK$263', '豪華雙床房:HK$263', '商務大床房:HK$283']"
赫柏喜悦影視酒店（婁底大漢路店）,9.3,"['星辰MINI大床房｜酣然入夢+零壓床墊:HK$149', '影院雙床房｜深眠乳膠記憶枕｜深眠乳膠床墊｜影視會員:HK$161', '影院大床房｜深眠乳膠記憶枕｜深眠乳膠床墊｜影視會員:HK$209', '歡樂一家｜親子雙床房｜巨幕投影｜深眠乳膠床墊記憶枕:HK$213']"
優程酒店（婁底漣鋼沃爾瑪店）,9.5,"['優享大床房:HK$157', '優雅大床房:HK$176', '優雅雙床房:HK$176', '優悦投影房（高清投影&智能語音）:HK$185']"
競時空電競酒店（高鐵南站店）,9.9,"['JSK暢享天選雙機大床房[無線鼠標+搖臂+新風]:HK$227', 'JSK心享雙機雙床房[27寸直屏180HZ+搖臂+磁動力鍵盤]:HK$247', 'JSK臻享三人房[黑神話悟空暢玩+DTS音效+顯卡4060]:HK$321', 'JSK舒享四人房[玩家專享+全場專線網絡+免享加速器]:HK$381']"
莫林風尚酒店（婁底八中店）,9.2,"['豪華雙床房:HK$206', '豪華大床房:HK$215', '商務大床房:HK$225', '豪華娛樂房:HK$245']"
綠意·博克斯酒店（婁底市政府店）,9.6,"['格悦·輕奢大床房:HK$225', '格悦·輕奢雙床房:HK$225', '臻悦·高級大床房:HK$255', '臻悦·高級雙床房:HK$255']"
開成酒店（婁底吾悦廣場人文科技學院店）,9.3,"['依雲旅居大床房【全屋智能+巨幕投影+手機可投屏+杯具保潔櫃】:HK$167', '依雲旅居雙床房【全屋智能+巨幕投影+手機可投屏+杯具保潔櫃】:HK$167', '汐雲輕居大床房【全屋智能+巨幕投影+手機可投屏+情侶沙發休閑區】:HK$182', '汐雲輕居雙床房【全屋智能+巨幕投影+手機可投屏+休閑辦公區】:HK$182']"
婁底悦泊酒店（五江建材城店）,9.4,"['悦·雅緻大床房:HK$140', '悦.雅緻雙人間:HK$177', '精緻大床房:HK$177', '悦·精緻雙床房:HK$207']"
麗楓酒店（婁底市政府店）,9.4,"['標準單人房:HK$214', '雅緻大床房:HK$230', '豪華大床房:HK$254', '豪華雙床房:HK$262']"
嶼釐Z酒店（婁底關家腦店）,7.1,"['嶼馨影視雙床房:HK$119', '嶼馨影視大床房:HK$125', '嶼逸影視雙床房:HK$167', '嶼逸影視大床房:HK$173']"
婁底萬納悦行酒店（五江碧桂園店）,9.6,"['簡約大床房（紗布草texsoft鵝絨被芯+一次性洗漱用品）:HK$117', '輕居大床房（180°C全景落地窗＋乾濕分離）:HK$125', '輕居舒適雙人間（一次性洗漱用品＋酒店公區提供洗衣機）:HK$133', '雅樂影院大床房（極光4k高清+100寸無框幕布+手機投屏）:HK$149']"
顧德酒店（婁底五江建材家居城二大橋店）,8.3,"['特惠房:HK$133', '商務大床房:HK$163', '商務雙床房:HK$168', '豪華大床房:HK$191']"
飛魚電競酒店（人文科技學院店）,9.1,"['豪華影視電競大床房[3060顯卡+i7CPU+水冷散熱]:HK$228', '豪華影視電競情侶房[3060顯卡+i7CPU+水冷散熱]:HK$228', '豪華影視電競雙床房[3060顯卡+i7CPU+水冷散熱]:HK$237', '豪華電競三人房[3060顯卡+i7CPU+水冷散熱]:HK$274']"
赫柏星空酒店（婁底吾悦廣場人文科技學院店））,9.6,"['悦享影視大床房（記憶床墊+舒適睡眠+4K投屏+100寸幕布）:HK$182', '悦享大屏影視大床房（記憶床墊+舒適睡眠+4K投屏+100寸幕布）:HK$194', '愉享影視大床房（記憶床墊+舒適睡眠+4K投屏+100寸幕布）:HK$206', '愉享影視雙床房（記憶床墊+舒適睡眠+4K投屏+100寸幕布）:HK$213']"
飛魚電競酒店（婁底新市政府店）,9.5,"['陽光雙人大床房:HK$205', '北歐雙人大床房:HK$215', '輕奢雙人雙床房:HK$218', '電競三人成盒上下房:HK$226']"
萬納S酒店（婁底關家腦店）,9.4,"['『歡悦●暢享影院房』-IMAX巨幕4K|極光TV會員|智能衞浴:HK$147', '『歡漫●安全觀影房』智能客控|超大休閑區+沉浸巨幕4K:HK$159', '『陽光●庭院雙床房』4K沉浸式光影+幽靜庭院+智能衞浴:HK$165', '『歡致●零壓庭院房』幽靜庭院|零壓床墊+智能門禁:HK$182']"
幻幕電競影院酒店,10.0,"['精緻影視大床房:HK$135', '高級影視大床房:HK$171', '高級影視雙床房:HK$184', 'HM電競雙機大床天選房:HK$221']"
幻幕電競影院酒店（婁底體育館職業技術學院店）,10.0,"['標準大床房（無電腦）:HK$178', '標準雙床房（無電腦）:HK$190', '娛樂房:HK$205', '星際對決大床房:HK$242']"
城市便捷酒店（婁底體育中心店）,9.2,"['特惠大床房:HK$115', '標準大床房:HK$135', '商務大床房:HK$148', '商務雙床房:HK$155']"
莫淋雨酒店（婁底火車站店）,9.7,"['標準單間:HK$93', '豪華標準單間:HK$104', '豪華大床房:HK$120', '豪華雙床房:HK$120']"
