酒店名称,评分,房型价格列表
明月山禪茶温泉酒店,9.1,"['高級大床房:HK$174', '私湯温泉雙床房（富硒温泉+深泡浴池+乾濕分離）:HK$206', '私湯温泉大床房（富硒温泉+深泡浴池+乾濕分離）:HK$206', '泡池觀景大床房（富硒温泉+圓形泡池+乾濕分離）:HK$238']"
宜春明月山維景國際温泉度假酒店,9.2,"['二號樓公寓雙床房:HK$339', '二號樓公寓大床房:HK$479', '主樓特價小窗雙床房（無浴缸）:HK$523', '主樓高級雙床房:HK$544', '主樓行政雙床房:HK$633', '主樓河景雙床房:HK$654']"
江西礦療温泉酒店,8.8,"['五號樓舒適大床房:HK$292', '四、五號樓舒適雙床房:HK$292', '山水樓園景雙床房:HK$325', '山水樓園景大床房:HK$325']"
錦安明月酒店（宜春高鐵站萬達店）,9.8,"['甄選江景大床房[全屋智能+喜臨門床+萊芬吹風機]:HK$260', '輕奢智能大床房[全屋智能+喜臨門床+萊芬吹風機]:HK$268', '輕奢智能雙床房[全屋智能+喜臨門床+萊芬吹風機]:HK$268', '雅緻江景大床房[全屋智能+喜臨門床+萊芬吹風機]:HK$268']"
明月山書意温泉酒店,9.0,"['私湯温泉雙床房:HK$206', '河景私湯温泉大床房（富硒温泉+深泡浴缸+乾濕分區）:HK$206', '河景私湯温泉大床房loft（富硒温泉+會客廳+深泡浴缸）:HK$240', '私湯温泉親子房loft（富硒温泉+深泡浴缸+親子主題）:HK$272']"
宜春棲韻溫泉度假酒店（溫湯店）,9.4,"['高級大床房【浴缸+富硒温泉】:HK$216', '豪華大床房【富硒温泉】:HK$238', '高級標準間【浴缸+富硒温泉】:HK$293', '庭院雙園景標準間【浴缸+富硒温泉】:HK$325', '庭院雙園景陽光房【浴缸+富硒温泉+户外陽台】:HK$369']"
宜春高鐵站希爾頓歡朋酒店,9.8,"['舒適大床房:HK$380', '舒適雙床房:HK$380', '高級大床房:HK$408', '高級雙床房:HK$408', '豪華大床房:HK$456']"
宜春紅林大酒店,9.2,"['暢享雙床房:HK$327', '暢享大床房:HK$327', '親子房:HK$545', '舒適套房:HK$664', '豪華套房:HK$817']"
城市便捷酒店（宜春經開區店）,9.2,"['智能標準大床房:HK$152', '智能高級大床房:HK$167', '智能高級雙床房:HK$167', '智能豪華大床房:HK$183']"
宜春硒湯温泉度假酒店（温湯古井泉街店）,8.7,"['高級雙床房（富硒温泉+浴缸+愜意庭院）:HK$171', '私湯温泉雙床房（富硒温泉+室內浴缸+愜意庭院）:HK$202', '私 湯温泉大床房（富硒温泉+室內浴缸+愜意庭院）:HK$202', '景觀温泉雙床房（富硒温泉+室內浴缸+陽台）:HK$205']"
明月山温湯大酒店,8.9,"['樂享精英房:HK$281', '標準雙床房:HK$337', '標準大床房:HK$390', '主題大床房:HK$391', '紅木大床房:HK$500']"
江湖温泉酒店（宜春温湯鎮店）,8.8,"['副樓-特價大床房【温泉入户+斜躺長浴缸+温馨雅居】:HK$176', '副樓-簡約雙床房【温泉入户+室內浴缸+獨享大空間】:HK$199', '副樓-雅緻河景雙床房【温泉入户+室內浴缸+秀麗河景】:HK$220', '副樓-蓮花泡池大床房【温泉入户+室內泡池+秀麗河景】:HK$242']"
東鵬酒店（宜春秀江東路狀元洲店）,9.5,"['舒適大床房（靜謐空間+配置辦公區+冷藏小冰箱+電視可投屏）:HK$176', '江景大床房（獨立會客區+辦公桌+陽光滿屋+冷藏冰箱+電視可投屏）:HK$191', '舒適雙床房（深度好眠+配置辦公區+電視可投屏）:HK$198', '江景雙床房（陽光滿屋+獨立會客區+辦公桌+舒適沙發+冷藏冰箱）:HK$241', '智慧雙床房（全屋智能+電視可投屏+辦公區+舒適沙發+冷藏冰箱）:HK$247']"
維也納酒店（宜春行政中心店）,9.5,"['高級大床房:HK$198', '高級雙床房:HK$198', '豪華大床房:HK$230', '豪華雙床房:HK$230']"
DUDDEN杜登酒店（宜春行政中心高鐵站店）,9.4,"['舒適雙床房:HK$380', '舒適大床房:HK$380', '城景大床房:HK$412', '城景雙床房:HK$412', '江景大床房:HK$434']"
布尼頓酒店（宜春高鐵站店）,9.8,"['優選城景大床房【全屋智能+舒達床墊+徠芬吹風機】:HK$262', '臻選城景大床房【全屋智能+舒達床墊+徠芬吹風機】:HK$283', '臻選城景雙床房【全屋智能+舒達床墊+徠芬吹風機】:HK$283', '豪華城景浴缸房【全屋智能+舒達床墊+徠芬吹風機】:HK$338']"
宜春嫦娥宮民宿（溫湯明月千古情景區店）,9.2,"['原古風 | 普通大床房【帶木桶智能馬桶】:HK$237', '宋式風 | 普通雙床房【帶浴缸智能馬桶】:HK$237', '原古風 | 網紅大床房【帶長形浴缸】:HK$295', '原古風 | 網紅雙床房【帶大浴缸】:HK$322']"
宜春市行政中心亞朵酒店,9.6,[]
維也納酒店（宜春高鐵站萬達店）,9.6,"['標準大床房:HK$200', '豪華大床房:HK$225', '棋牌大床房:HK$248', '商務雅緻大床房:HK$250']"
麗楓酒店（宜春明月之都店）,9.5,"['雅緻大床房:HK$293', '豪華大床房:HK$324', '豪華雙床房:HK$324', '行政大床房:HK$342', '純凈大床房:HK$358']"
宜春得泉温泉酒店,9.7,"['温泉街景大床房:HK$445', '温泉街景雙床房:HK$446', '温泉無煙雙床房:HK$466', '温泉複式大床房:HK$516']"
宜春温湯雨後温泉民宿,9.9,"['五滴（榻榻米温泉雙床房）:HK$1,052', '九滴（榻榻米温泉雙床房）:HK$1,092', '六滴（露台温泉大床房）:HK$1,447', '七滴（露台温泉大床房）:HK$1,447', '六縷（露台温泉雙床房）:HK$1,447']"
宜春硒泉賓館,9.0,"['靜謐園景雙床房:HK$215', '硒泉精品大床房:HK$215', '硒泉街景雙床房:HK$221', '硒泉豪華麻將套房:HK$330']"
培訓中心酒店（宜春方特幼專店）,9.5,"['特惠單間:HK$233', '豪華標間:HK$240', '豪華大床房:HK$275', '豪華親子房:HK$275']"
麗楓酒店（宜春經開區店）,9.7,"['雅緻大床房（新風空氣凈化+智能家居）:HK$293', '豪華大床房（慕斯零壓好眠）:HK$320', '純凈大床房（彌散空氣凈化+慕斯零壓好眠）:HK$337', '豪華雙床房（慕斯零壓好眠）:HK$339']"
柏納酒店（宜春萬達高鐵站店）,9.4,"['臻享雙床房（高空美景+大視野）:HK$217', '臻享大床房（高層美景+大視野）:HK$217', '陽光城景大床房（街區城景+大視野）:HK$238', '陽光山景雙床房（絕美山景+大視野）:HK$250']"
宜春明月山假日度假酒店,9.3,"['高級大床房:HK$381', '高級雙床房:HK$381', '高級房:HK$381', '高級超大床私人温泉房:HK$512', '豪華超大床私人温泉房:HK$632']"
温湯鎮軍地人生精品客棧,9.9,"['二號別墅102大床房:HK$464', '二號別墅105大床房:HK$464', '一號別墅202雙床房:HK$556', '二號別墅103大床房:HK$556']"
宜春舊雨新知輕奢民宿（明月山温泉度假村店）,9.6,"['榻榻米間:HK$763', '庭院景觀大床房:HK$963', '古典小院標準間:HK$980', '小院親子大床房:HK$981', '庭院景觀雙床房:HK$1,177']"
宜春秀江賓館,9.2,"['豪華湖景雙床房:HK$276', '雅緻園景大床房:HK$276', '豪華湖景大床房:HK$286', '尊享行政套房:HK$589']"
麗風酒店（宜春鼓樓步行街店）,8.7,"['豪華大床房:HK$219', '豪華雙床房:HK$219', '雅緻大床房:HK$245', '私人影院房:HK$269']"
悦空中酒店（宜春潤達國際店）,9.3,"['榻榻米大床房:HK$221', '和悦雙床房（天貓精靈）:HK$233', '空中瑰麗大床房（智能馬桶）:HK$245', '豪華影視大床房（百寸巨幕+影視VIP）:HK$257']"
希岸酒店（宜春市政府高鐵站店）,9.0,"['特惠玲瓏大床房（零壓床墊+乳膠枕）:HK$184', '希岸雅緻大床房（全景落地+乳膠枕）:HK$206', '希岸高級雙床房（乳膠枕+舒適辦公區）:HK$217', '希岸豪華大床房（放鬆沙發區+乳膠枕）:HK$228']"
樸語私湯美墅,9.0,"['野奢私湯大床房:HK$204', '温馨私湯大床房:HK$204', '街景私湯大床房:HK$204', '野奢影院私湯大床房:HK$218', '山景私湯大床房:HK$218']"
華爾街酒店（宜春鼓樓步行街潤達國際店）,9.6,"['暢享觀影I巨幕城景大床房【全屋智能&負離子高速吹風機&零壓舒睡床品&超大空間&採光明亮】:HK$175', '暢享觀影I巨幕城景雙床房【全屋智能&負離子高速吹風機&零壓舒睡床品&超大空間&採光好】:HK$182', '暢享旅途I舒適大床房【全屋智能&負離子高速吹風機&零壓舒睡床品&超大空間&採光明亮】:HK$194', '暢享旅途I舒適雙床房【全屋智能&負離子高速吹風機&零壓舒睡床品&超大空間&採光明亮】:HK$206']"
你好酒店（宜春潤達國際店）,9.5,"['大床房:HK$198', '高級大床房:HK$207', '高級雙床房:HK$207', '豪華大床房:HK$226']"
宜春明月山書香閑居民宿,9.1,"['閑居|雅緻大床房:HK$298', '閑居|雅緻雙床房:HK$312', '閑居|沐野雙床房:HK$355', '閑居|望野大床房（窗台賞景+懶人躺椅）:HK$399']"
明月山靈泉精舍藝術民宿,9.9,"['倚風:HK$525', '近水:HK$525', '眠雲:HK$602', '傍山:HK$602']"
桔子酒店（宜春站袁州區行政中心店）,9.6,"['加州陽光高級大床房（電視投屏）:HK$390', '加州陽光雙床房:HK$390', '加州陽光豪華大床房:HK$419', '加州陽光觀景雙床房:HK$419']"
宜春泉月山莊度假酒店,8.3,"['豪華温泉陽台雙床房（富硒温泉+獨立陽台+瓶裝水+健身房+唱歌機+公用洗衣機+茶室+部分山景+各類棋具球類）:HK$333', '豪華温泉陽台大床房（富硒温泉+獨立陽台+瓶裝水+健身房+唱歌機+公用洗衣機+茶室+部分山景+各類棋具球類）:HK$391', '豪華温泉棋牌雙床套間（麻將+富硒温泉+瓶裝水+健身房+唱歌機+公用洗衣機+茶室+部分山景+各類棋具球類）:HK$587', '豪華温泉親子三床套房（兩室兩衞+富硒温泉+部分獨立陽台+瓶裝水+健身房+唱歌機+茶室+部分山景+各類棋具球類）:HK$871', '行政套房:HK$2,398']"
華爾街LOFT酒店（宜春市政府融薈城店）,9.3,"['舒享智能丨LOFT雙床房:HK$174', '舒享智能丨LOFT大床房:HK$180', '暢享觀影丨巨幕景觀大床房:HK$197', '暢享觀影丨巨幕景觀雙床房:HK$203']"
龍灣溫泉酒店（宜春溫湯店）,9.3,"['精選優享大床房:HK$250', '精選優享雙床房:HK$250', '雅居浴缸雙床房「超清投影+智能客控」:HK$298', '雅居浴缸大床房「超清投影+智能客控」:HK$312']"
硒源美宿（溫湯古井泉街店）,9.8,"['温馨榻榻米房-温泉私浴+高檔床墊+馬桶墊+浴缸袋:HK$193', '精緻大床房-温泉私浴+高檔床墊+馬桶墊+浴缸袋:HK$231', '舒適雙床房-温泉私浴+高檔床墊+馬桶墊+浴缸袋:HK$259', '豪華雙床房--温泉私浴+高檔床墊+全屋智能+智能馬桶:HK$299']"
天沐·江西明月山温泉度假村,8.9,"['明月閣複式雙床房:HK$279', '明月閣複式大床房:HK$387', '天沐閣高級湖景雙床房:HK$430', '天沐閣豪華湖景雙床房【舒脊乳膠床墊】:HK$570', '天沐閣高級湖景麻將房:HK$623']"
明月山湯池温泉酒店,8.9,"['浪漫·私湯温泉大床房:HK$221', '島嶼·私湯湖景大床房:HK$241', '原木·温泉私湯雙床房:HK$257', 'Loft複式·湖景温泉大床房:HK$296']"
全季酒店（宜春站袁州區行政中心店）,9.7,"['大床房:HK$311', '高級雙床房:HK$322', '高級大床房:HK$331', '商務大床房:HK$351']"
維也納酒店（温湯明月山大道店）,9.0,"['高級大床房（全屋智能）:HK$226', '豪華雙床房（全屋智能）:HK$260', '豪華大床房（全屋智能）:HK$260', '行政雙床房（全屋智能）:HK$281']"
宜春温湯壹號酒店（明月千古情景區店）,9.1,"['行政大床浴缸房:HK$267', '行政雙床浴缸房:HK$267', '豪華大床浴缸房:HK$279', '豪華影院大床浴缸房:HK$304']"
漢庭酒店（宜春市政府融薈城店）,9.9,"['大床房「品牌床墊+乳膠枕+LG洗烘機+電視投屏」:HK$190', '商務雙床房「辦公區+喜臨門床墊+LG洗烘機+電視投屏」:HK$209', '高級大床房「辦公桌+喜臨門床墊+LG洗烘機+電視投屏」:HK$209', '商務大床房「採光明亮+休閑沙發+LG洗烘機+電視投屏」:HK$238']"
維也納酒店（宜春經開區店）,9.5,"['豪華大床房:HK$230', '豪華雙床房:HK$230', '健康大床房:HK$252', '健康雙床房:HK$252']"
