酒店名称,评分,房型价格列表
江上酒店（宜昌三峽遊客中心萬達廣場店）,9.5,"['【無窗】深眠大床房（智能投屏+零壓好眠舒睡床墊）:HK$293', '雅緻城景大床房（55寸電視+零壓床墊）:HK$324', '豪華家庭雙大床房（1大1中床+55寸電視）:HK$488']"
宜昌帥府鉑風酒店（宜昌東站店）,9.8,"['惠享大床房:HK$241', '精品大床房:HK$296', '精品雙床房:HK$318', '温馨家庭房:HK$318']"
怡景美季酒店（宜昌萬達廣場三峽遊客中心店）,9.5,"['驚喜·城景彩蛋房:HK$436', '雲端·高空城景大床房:HK$456', '雲端·高空城景雙床房:HK$466', '驚喜·江景彩蛋房:HK$545', '見江·高空江景大床房-全景落地窗:HK$572']"
國賓半島酒店（宜昌水悦城店）,9.5,"['半.靜怡商務雙床房（深度好眠）:HK$260', '半.靜怡商務大床房（深度好眠）:HK$260', '半.靜悦親子家庭房:HK$391', '半.靜享公務大床房（180°全視野+慕思床墊）:HK$391', '半.靜享公務雙床房（180°全視野+辦公桌椅）:HK$391']"
瑞都酒店（宜昌濱江步行街店）,9.5,"['靜惠大床房:HK$243', '靜雅雙床房:HK$258', '靜雅大床房:HK$258', '全視野長江美景大床房A:HK$296']"
宜昌阿爾·寶閣麗酒店,9.5,"['凌空全智能雙床房:HK$516', '凌空智能投影大床房:HK$537', '180°臨江·大床房:HK$677', '180°臨江·雙床房:HK$742', '寶閣麗·江畔大床房-全落地窗視野:HK$786', '寶閣麗·行政雙床房-270°全景:HK$796']"
宜錦美怡酒店（宜昌濱江公園CBD購物中心店）,9.5,"['靜謐品質大床房-零度靜音乳膠床墊:HK$410', '靜謐品質雙床房-書桌+零度靜音床墊:HK$418', '怡 · 雅緻大床房-書桌+零度靜音床墊:HK$418', '怡 · 雅緻雙床房-書桌+零度靜音床墊:HK$437', '臻享超級大床房-零度靜音床墊:HK$474']"
濱江壹號大酒店（宜昌濱江公園CBD購物中心店）,9.1,"['城景精緻大床房:HK$320', '城景商務大床房:HK$342', '江景商務雙床房:HK$360', '江景商務大床房:HK$360', '城景豪華雙床房:HK$390']"
宜昌東站鑫鼎亞朵酒店,9.6,"['雅緻大床房-投屏電視+智能客控+小冰箱:HK$328', '高級雙床房-投屏電視+智能客控+小冰箱:HK$349', '高級大床房-投屏電視+智能客控+小冰箱:HK$358', '高級江景大床房-投屏電視+智能客控+小冰箱:HK$391', '高級江景雙床房-投屏電視+智能客控+小冰箱:HK$391']"
宜昌夷陵希爾頓花園酒店,9.6,"['花園大床房:HK$376', '花園雙床房:HK$376', '湖景大床房:HK$402', '湖景雙床房:HK$412', '豪華大床房:HK$418']"
麗橙酒店·智（宜昌火車東站汽車客運中心站店）,9.7,"['智悦城景大床房-智能客控+零壓床墊+電視投屏:HK$321', '智悟高級大床房-智能客控+零壓床墊+電視投屏:HK$356', '智賞巨幕影視大床房-智能客控+零壓床墊+高清幕布投影:HK$358', '智悦高級雙床房-智能客控+零壓床墊+電視投屏:HK$388']"
宜昌富力皇冠假日酒店（三峽遊客中心伍家崗萬達廣場店）,9.3,"['高級市景超大床房:HK$644', '高級市景超大床房（高樓層）:HK$671', '高級市景雙床房（高樓層）:HK$699', '高級市景雙床房:HK$759', '180度江景高級超大床房:HK$765', '180度江景高級超大床房（高樓層）:HK$784']"
旅程酒店（宜昌三峽遊客中心萬達廣場店）,9.2,"['精緻大床房:HK$196', '城景大床房:HK$211', '側江景大床房:HK$226']"
宜昌國賓花園酒店,9.7,"['貴賓樓行政大床間:HK$410', '貴賓樓行政標間:HK$416', '迎賓樓美墅園景大床房:HK$432', '迎賓樓美墅園景雙床房:HK$442', '公務大床房:HK$447', '迎賓樓美墅園景豪華套房:HK$1,007']"
長城酒店（宜昌CBD購物中心解放路步行街店）,9.5,"['長城·品心雙床房-商旅首推:HK$320', '長城·品心零壓雙床-臨近解放路步行街+免費大堂吧:HK$332', '長城·品心大床房-宜昌CBD購物中心TOP酒店:HK$359', '長城·品享雙床房:HK$432', '長城·品享零壓雙床房-精緻睡眠首推:HK$509']"
壹宿酒店（伍家崗萬達廣場店）,9.3,"['歡享智能大床:HK$311', '雅樂輕奢雙床房:HK$323', '歡欣巨幕大床房:HK$336', '雅緻靜謐雙床房:HK$349']"
凱盛美季酒店（宜昌CBD購物中心店）,9.5,"['幸運滿貫雙床房:HK$245', '好運滿滿大床房:HK$257', '好事成雙雙床房:HK$290', '平安喜樂大床房:HK$312']"
華美達宜昌大酒店（CBD購物中心店）,9.2,"['靜享舒適雙床房-舒適格局+獨立辦公桌:HK$297', '靜享商務大床房:HK$297', '靜享舒適大床房-舒適格局+獨立辦公桌:HK$323', '豪華景觀大床房-浴缸+180°城景+地標夜景:HK$323', '私享影音雙床套房:HK$339']"
全季酒店（宜昌中南路長江廣場店）,9.7,"['大床房:HK$359', '高級大床房:HK$387', '雙床房:HK$416', '商務大床房:HK$444']"
宜昌均瑤國際酒店（宜昌CBD購物中心夷陵廣場店）,9.5,"['高級雙床房:HK$429', '高級大床房:HK$466', '豪華大床房:HK$496', '豪華雙床房:HK$496', '行政大床房:HK$547', '華麗景觀房:HK$581']"
宜昌峽州夷陵飯店（沿江大道解放路步行街店）,9.2,"['豪華雙床房:HK$320', '豪華大床房:HK$320', '商務大床房:HK$348', '商務雙床房:HK$348', '温馨家庭房:HK$467']"
維也納國際酒店（宜昌中南路店）,9.7,"['商務雙床房:HK$360', '影音大床房:HK$748', '商務大床房:HK$779', '城景大床房:HK$840', '城景雙床房:HK$871']"
建國璞隱酒店（宜昌店）,9.6,"['詠蘭居大床房:HK$321', '凌霜居城景雙床房（安靜）:HK$333', '暗香居江景大床房（投屏電視+智能馬桶）:HK$342', '凌霜居江景雙床房（投屏電視+智能馬桶）:HK$360', '清蓮居家庭房（江景）:HK$445']"
宜昌滙豪國際酒店,9.4,"['滙·輕選雙床房:HK$469', '滙·甄選大床房:HK$491', '滙·甄選雙床房:HK$491', '滙·雅緻大床房（舒達床墊+小冰箱）:HK$502', '滙·景觀雙床房:HK$513']"
曼泊·智酒店（宜昌三峽遊客中心濱江萬達廣場店）,9.3,"['曼優·玲瓏寶藏特惠房·城遇愛情:HK$190', '曼悦.城景智控大床房—零壓床墊+悦享快樂江景:HK$219', '曼趣.趣美智控大床房—趣享風景:HK$285', '曼咖.城遇智控雙床房—遇見最美的自己:HK$314']"
宜昌京宜酒店（宜昌三峽大學店）,9.6,"['京韻.智能雙床房|智能温控+高速Wifi:HK$273', '京華.輕奢全智能雙床房|智能客控+定製床墊:HK$293', '京韻.智能大床房|智能温控+高速Wifi:HK$293', '京華.輕奢全智能大床房|智能客控+定製床墊:HK$325', '輕享.智能影音大床房|巨幕投影+環繞立體聲:HK$347']"
宜昌三峽賓館,9.6,"['尊享大床房:HK$424', '尊享雙床房:HK$435', '豪華大床房:HK$478', '豪華雙床房:HK$501', '商務大床房:HK$588', '行政大床房:HK$653']"
宜昌機場桃花嶺飯店,9.6,"['特色雙床房:HK$344', '特色大床房:HK$354', '高級智能雙床房-智能語音客控:HK$364', '豪華智能大床房-智能語音客控:HK$420', '豪華智能雙床房-智能語音客控:HK$420']"
你好酒店（宜昌星光天地店）,9.7,"['大床房:HK$487', '高級大床房:HK$529', '影音房:HK$560', '江景大床房:HK$610']"
君鼎智尚酒店（宜昌火車東站三峽物流園店）,9.6,"['悦·舒適大床房（乳膠床墊+手機投屏）:HK$200', '悦·舒適雙床房（乳膠床墊+手機投屏）:HK$210', '智·優享陽光雙床房（乳膠床墊+手機投屏）:HK$232', '智·靜謐大床房（乳膠床墊+手機投屏）:HK$243', '智·優享陽光大床房（乳膠床墊+手機投屏）:HK$251']"
運7酒店（宜昌萬達廣場遊客中心店）,9.7,"['惠享大床房【零壓床墊+遮光窗簾】:HK$262', '麗致大床房【心之約零壓床墊+沙發美人靠】:HK$275', '麗致標準房【心之約零壓床墊+酣然入夢】:HK$288', '影院大床房【百寸巨幕觀影+新風循環】:HK$288']"
麗橙酒店·逸（宜昌中南路興發廣場店）,9.5,"['逸寧酣睡大床房·零壓床墊·定製浴袍:HK$347', '逸寧城景雙床房·助眠睡枕·暢快投屏:HK$366', '逸緻城景大床房·私享夜景·舒適軟榻:HK$382', '逸靜森呼吸大床房·空氣凈化器·EVVIVA香氛沐浴:HK$395', '逸夢冥想大床房·助眠香薰·釋壓空間:HK$415']"
宜尚酒店（宜昌火車東站店）,9.6,"['智能大床房（夢百合零壓枕+智能客控）:HK$472', '智能雙床房（夢百合零壓枕+智能客控）:HK$508', '智能高級大床房（夢百合零壓枕+智能客控+落地窗）:HK$515', '智能高級雙床房（夢百合零壓枕+智能客控+落地窗）:HK$545']"
麗楓酒店（宜昌中南路新華廣場店）,9.5,"['雅緻大床房:HK$464', '豪華大床房:HK$506', '商務大床房:HK$580', '豪華雙床房:HK$580', '商務雙床房:HK$663']"
凱盛美季酒店（宜昌濱江店）,9.3,"['雅緻城景雙床房:HK$207', '閲江側景大床房:HK$218', '豪華城景雙床房:HK$285', '夢百合0壓城景雙床房（0壓床墊+0壓助眠枕）:HK$309']"
麗楓酒店（宜昌東站城東大道店）,9.6,"['標準單人房-慕斯床墊+智能客控:HK$364', '商務大床房-慕斯床墊+智能客控:HK$396', '商務雙床房-慕斯床墊+智能客控:HK$396', '景觀大床房-慕斯床墊+智能客控:HK$428']"
點軍桃花嶺飯店（宜昌一中店）,9.6,"['豪華雙床房:HK$310', '豪華園景房:HK$362', '嘉賓雙床房:HK$383', '嘉賓大床房:HK$383', '家庭親子房:HK$383']"
麗楓酒店（宜昌火車東站店）,9.5,"['豪華大床房（慕斯床墊+智能客控+城市夜景）:HK$280', '豪華雙床房（慕斯床墊+智能客控+城市夜景）:HK$291', '景觀大床房（慕斯床墊+智能客控+180度城市景觀）:HK$300', '商務雙床房（慕斯床墊+智能客控+城市夜景）:HK$321', '浪漫尊享房（慕斯床墊+智能客控+城市夜景）:HK$331']"
全季酒店（宜昌夷陵店）,9.6,"['大床房:HK$369', '高級雙床房:HK$407', '高級大床房:HK$407', '舒壓-高級大床房:HK$444']"
山莊酒店（宜昌CBD購物中心解放路步行街店）,9.6,"['城·舒適大床房『投屏-零壓床墊』:HK$219', '林·商務大床房『投屏-零壓床墊-眠愈空間』:HK$248', '隱-雅謐雙床房『投屏-眠愈空間-內窗』:HK$248', '林·商務雙床房『零壓床墊-眠愈空間』:HK$254', '山·豪華大床房『投屏-超大空間-特大床-mini冰箱』:HK$341']"
宜亞酒店（宜昌火車東站店）,9.3,"['特惠大床房（慕思乳膠床墊）:HK$180', '宜雅雙床房—慕思乳膠床墊:HK$205', '宜雅智能複式大床房（慕思乳膠床墊+攜住智能客控）:HK$207', '宜雅大床房—慕思乳膠床墊:HK$217']"
宜昌國貿大酒店（國貿大廈CBD購物中心店）,8.9,"['城景商務雙床房:HK$280', '城景惠享大床房:HK$280', '城景豪華雙床房:HK$304', '城景商務大床房:HK$316', '城景豪華大床房:HK$353']"
星程酒店（宜昌萬達廣場沿江大道店）,9.4,"['雙床房:HK$589', '高級雙床房:HK$634']"
你好酒店（宜昌火車東站店）,9.6,"['大床房:HK$389', '高級大床房:HK$398', '高級雙床房:HK$478', '商務雙床房:HK$528']"
宜昌濱江華美達酒店,9.5,"['城景大床房:HK$444', '豪華雙床房:HK$548', '豪華大床房:HK$584', '江景大床房:HK$702', '江景雙床房:HK$708']"
花築·宜昌湖畔山舍民宿（三峽機場猇亭工業區店）,9.6,"['觀湖·滿庭芳悦享大床房:HK$274', '憶湖·雨打芭蕉大浴缸大床房:HK$336', '樂湖·歸園田居暢居家庭房:HK$497', '戲湖·紫氣東來超視野套房:HK$574']"
宜昌丹楓苑民宿（三峽大壩景區店）,9.7,"['小隱·輕奢大床房·小度智能客控:HK$185', '伴山.輕奢雙床房·小度智能客控:HK$316', '傾城·江影雙床房:HK$371', '傾城·江影大床房·小度智能客控:HK$371']"
悦·泊庭酒店（宜昌東站客運中心店）,9.2,"['靜謐投影雙床:HK$168', '靜謐投影大床:HK$173', '甄選舒適雙床:HK$212', '行政商務雙床房:HK$230']"
東滙雲居酒店（宜昌夷陵萬達廣場店）,9.5,"['雲享舒睡大床房 | 獨立空調+靜謐空間+乾濕分離:HK$216', '雲享雙床房 | 寬敞雙床＋獨立空調＋落地窗景:HK$227', '雲居豪華雙床房 | 品茗茶具＋辦公空間＋落地窗景:HK$260', '雲居豪華大床房 | 品茗茶具＋辦公空間＋落地窗景:HK$283', '親子家庭房 | 童趣主題＋獨立空調＋小童玩具:HK$334']"
麗怡酒店（宜昌中南路長江廣場店）,9.7,"['豪華大床房（慕思定製床墊+暢享投屏+品茗謐境+智能馬桶）:HK$480', '豪華雙床房（慕思定製床墊+暢享投屏+品茗謐境+智能馬桶）:HK$497']"
麗橙酒店·智（宜昌三峽遊客中心濱江萬達店）,9.5,"['智悦大床房-零壓床墊+盡享靜謐:HK$348', '智悦雙床房-零壓床墊+盡享靜謐:HK$359', '智悟大床房-空間進階+零壓床墊+盡享靜謐:HK$370', '智臨城景雙床房-零壓床墊+榻榻米:HK$381', '智臨江景大床房-臨江景觀+零壓床墊+榻榻米:HK$414']"
曼泊酒店（宜昌吾悦廣場居然之家店）,9.2,"['曼優.共贏1+1陽光雙床房:HK$114', '曼趣.趣享遇見雙床房—安靜好睡眠:HK$129', '曼咖.初暖城遇大床房:HK$137', '曼悦.好眠深睡大床房—乳膠零壓床墊+乳膠枕+超大床:HK$152']"
你好酒店（宜昌三峽大學水悦城店）,9.7,"['大床房:HK$449', '高級大床房:HK$468', '高級雙床房:HK$527', '商務雙床房:HK$585']"
全季酒店（宜昌五一廣場國貿新天地店）,9.6,"['大床房:HK$420', '高級大床房:HK$458', '商務大床房:HK$497', '雙床房:HK$517']"
凱瑞精選江景酒店（宜昌萬達廣場三峽遊客中心店）,9.3,"['IMAX觀影圓床房:HK$271', '精緻城景雙床房:HK$292', '精緻江景雙床房:HK$322', '精緻江景大床房:HK$362', '璀璨城景大床房:HK$473']"
你好酒店（宜昌CBD購物中心解放路步行街店）,9.7,"['高級大床房:HK$458', '商務大床房:HK$497', '高級雙床房:HK$535', '家庭房:HK$611']"
曼泊·智S酒店（宜昌東站五一廣場店）,9.6,"['城遇.大床房—電視投屏+夢百合0壓房+智能客控:HK$279', '城遇.雙床房—電視投屏+夢百合0壓房+智能客控:HK$294', '逸景.大床房—電視投屏+夢百合0壓床墊+智能客控:HK$333', '逸景.雙床房—電視投屏+夢百合0壓床墊+智能客控:HK$333', '江景.大床房—電視投屏+夢百合0壓床墊+智能客控:HK$387']"
宜昌小魚電競民宿（三峽遊客中心萬達廣場店）,9.5,"['菘藍3070TI+2K（電競江景投影大床房）:HK$263', '半夏4060TI+2K（電競江景投影大床房）:HK$263', '竹茹3070TI+2K（正江景電競投影大床房）:HK$263', '水蘇3070TI+2K（電競江景投影大床房）:HK$263']"
漫步時光酒店（東站五一廣場店）,9.7,"['漫步.悦享影院大床房（小度智能+夢百合零壓床墊）:HK$201', '漫步.躺平雙床房（全屋聲控+迷你冰箱）:HK$210', '時光.電玩投影房（PS手柄遊戲+夢百合零壓床墊）:HK$210', '漫步.悦致影院大床房（按摩椅+投屏+迷你冰箱）:HK$218']"
7天優品酒店（宜昌火車東站店）,9.5,"['精品大床房（一次性封包浴巾）:HK$182', '優品大床房-雅蘭床墊-落地窗:HK$190', '優品雙床房-雅蘭床墊-落地窗:HK$207', '舒享大床房（一次性封包浴巾）:HK$207']"
宜昌桃花嶺飯店,9.5,"['豪華雙床房:HK$400', '智慧雙床房:HK$408', '尊享大床房:HK$443', '尊享雙床房:HK$443', '商務雙床房:HK$548', '商務大床房:HK$548']"
宜昌峽州賓館（CBD購物中心解放路步行街店）,9.0,"['假日樓經濟普通標間:HK$203', '家園樓豪華單間:HK$264', '假日樓經濟普通單間:HK$276', '家園樓豪華標間:HK$324', '家園樓商務套房:HK$436']"
宜昌桃花嶺飯店（攬勝樓）,9.2,"['特色大床房:HK$258', '特色雙床房:HK$258']"
雅斯特酒店（宜昌解放路步行街店）,9.4,"['雅緻大床房:HK$209', '雅緻雙床房:HK$209', '高級大床房:HK$234', '豪華大床房:HK$251']"
