酒店名称,评分,房型价格列表
大新明仕菩宿,9.2,"['舒適雙床房:HK$712', '格調大圓床房:HK$712', '田園大床房:HK$712', '私密花園大床房:HK$876']"
左江泊隱酒店（崇左融創inspark商場店）,9.7,"['臻享城畔·大床房（270°景觀+舒達床墊）:HK$694', '臻享城畔·雙床房（舒達床墊+靜享好眠）:HK$706', '靜覽城華·大床房（超大床+大空間+舒達床墊）:HK$729', '靜覽城華·雙床房（大雙床+大空間+舒達床墊）:HK$741', '陽煦山立·影音大床房（270°景觀+百寸巨幕+望山覽城）:HK$765', '向雲端·影音大床房（270°景觀+百寸巨幕+浴缸觀影）:HK$765']"
崇左梅園璞邸酒店（太平古城店）,9.5,"['豪華大床房:HK$394', '豪華雙床房:HK$417', '景觀大床房:HK$417', '精品雙人房:HK$464']"
城市便捷酒店（崇左友誼大道百成國際店）,9.5,"['智能商務雙床房（180°雲端城景+ 全屋聲控+智能馬桶）:HK$213', '智能商務大床房（180°雲端城景+ 全屋聲控+智能馬桶）:HK$221', '智能豪華大床房（180°雲端城景+ 全屋聲控+智能馬桶）:HK$244', '影院大床房（100寸高清影音投影+高空落地景觀+智能客控）:HK$259']"
雅斯特國際酒店（崇左友誼大道高鐵南站店）,9.3,"['高級大床房（高層景觀+藍牙音響）:HK$268', '超級大床房（城景高層+藍牙音響+長沙發）:HK$285', '豪華大床房（城景高層+藍牙音響+舒適沙發）:HK$294', '高級雙床房（城景高層+藍牙音響+電動窗簾）:HK$302']"
藝龍安雲酒店（崇左高鐵南站店）,9.4,"['名仕-大床房[65寸8K超清懸浮屏電視+夢百合零壓床墊]:HK$170', '花山-雙床房[乾濕分離+高速護髮負離子吹風機]:HK$180', '德天-高級大床房[65寸8K超清懸浮屏電視+夢百合抗真菌床墊]:HK$202', '太平-高級雙床房[65寸8K超清懸浮屏電視+全屋智能]:HK$213']"
美豪麗致酒店（憑祥汽車站美食街店）,9.6,"['麗致城景大床房:HK$215', '麗致雙床房:HK$294', '雅緻城景大床房:HK$323', '靜雅城景親子套房:HK$327', '麗致城景雙床房:HK$333']"
崇左花山笙美度假村,9.1,"['奇遇VR特色陽台單居景觀客房（觀影+遊戲）:HK$2,201', '陽台單居景觀客房:HK$2,414', '奇遇VR特色私湯單居景觀客房（觀影+遊戲）:HK$2,517', '私湯單居景觀客房:HK$2,632', '奇遇VR特色童趣私湯複式套房（觀影+遊戲）:HK$3,044', '童趣私湯複式套房:HK$3,210']"
崇左天龍灣曼悦酒店（民族師範學院高鐵站店）,9.2,"['豪華大床房【毛巾獨立包裝+0壓床墊+庭院花園景觀】:HK$283', '豪華雙床房【毛巾獨立包裝+0壓床墊+庭院花園景觀】:HK$283', '智能大床房【毛巾獨立包裝+0壓床墊+庭院花園景觀】:HK$316', '智能雙床房【毛巾獨立包裝+0壓床墊+庭院花園景觀】:HK$316', '行政大床房【休閑娛樂花園+毛巾浴巾獨立包裝+小冰箱】:HK$349']"
大新明仕山莊,8.7,"['民族特色雙床房:HK$609', '民族特色大床房:HK$609']"
CoreSpot丨明月湖度假·酒店（崇左大新縣人民政府德天廣場店）,9.2,"['高級大床房丨零壓床墊丨深睡記憶枕:HK$163', '舒適雙床房丨零壓床墊丨深睡記憶枕丨乾濕分離:HK$174', '豪華大床房丨園林景觀丨零壓床墊丨深睡記憶枕:HK$184', '豪華雙床房丨園林山景丨零壓床墊深睡記憶枕丨中央空調:HK$195']"
崇左維納斯度假村酒店（市政府店）,9.5,"['豪華園景大床房（180°園林景觀·安靜舒適）:HK$297', '商務景觀大床房（180°景觀別墅園林）:HK$332', '豪華園景雙床房（180°園林景觀·安靜舒適）:HK$332', '商務景觀雙床房（180°城市景觀·安靜舒適）:HK$355']"
大新村上村宿,9.3,"['那脈榻榻米雙床房:HK$480', '弄朋:HK$480', '那都舒適雙床房:HK$507', '那乙榻榻米雙床房:HK$507']"
逸喆槿悦酒店（崇左高鐵站店）,9.5,"['逸馨大床房（自助停車+自助洗衣）:HK$199', '逸悦大床房（自助停車場+自助洗衣房）:HK$251', '逸尊大床房（智能客控+城市景觀+舒適沙發）:HK$254', '逸尊豪華大床房（智能客控+城市景觀+舒適沙發）:HK$332']"
大新溯禾·明仕畫廊民宿,9.3,"['萬里長城·90°田園景觀大床房:HK$1,140', '清明上河圖·90°竹林景觀大床房:HK$1,140', '北國風光·90°田園景觀大床房:HK$1,269', '百花齊放·90°田園景觀大床房:HK$1,269', '墨菊觀山·90°景觀大床房:HK$1,269']"
明仕那裡酒店（崇左大新店）,9.5,"['那廂雙床房:HK$1,648', '觀山雙床房:HK$2,597', '觀山大床房:HK$2,597', '枕田雙床房:HK$2,816', '枕田大床房:HK$2,816', '戀林大床房:HK$2,865']"
大新悦享邊城酒店,9.3,"['雅宿單人間:HK$358', '雅宿雙人房:HK$368', '悦享閲景大床房（智能馬桶+迷你茶台）:HK$388', '尊享閲景雙床房（迷你茶台+智能馬桶）:HK$396']"
大新枕山水民宿,9.1,"['枕山內景特惠房:HK$336', '枕山聽雨榻榻米大床房:HK$500', '枕山聽禪大床房:HK$576', '枕山全景特色房:HK$849']"
維也納酒店（崇左萬象郡民師院店）,9.5,"['高級大床房（零壓床墊+雙層隔音+獨立辦公桌）:HK$255', '高級雙床房（零壓床墊+雙層隔音+皇室玫瑰洗浴用品）:HK$255', '豪華大床房（零壓床墊+獨立辦公桌+靜謐空間）:HK$274', '豪華雙床房（零壓床墊+雙層隔音+皇室玫瑰洗浴用品）:HK$274']"
大新那美山舍,9.4,"['枕山入夢舒適雙床房:HK$533', '枕山入夢舒適大床房:HK$533', '稻浪聽風山景大床房:HK$653', '雲岫望峯陽台景觀雙床房:HK$762']"
雅美途酒店（憑祥汽車總站越南風情街店）,9.3,"['雅緻雙床房:HK$168', '雅緻大床房:HK$179', '高級雙床房:HK$189', '高級大床房:HK$197']"
雲麓·映山別院（大新明仕店）,9.6,"['B 越居山景大床房（全畫幅落地窗·全屋智能·復古法式·Mini冰箱·洗衣烘乾機）:HK$936', 'A 山景大床房（一線山景·全畫幅落地窗·全屋智能·復古法式·洗衣烘乾·Mini冰箱）:HK$1,046', 'A 山景雙床房（180°山景·全畫幅落地窗·復古法式·全屋智能·洗衣烘乾·Mini冰箱·可住2大2小）:HK$1,046', 'B 越秀山景大床房（一線山景·全屋智能·復古法式·洗衣烘乾·Mini冰箱）:HK$1,100', 'A 精選山景泡池大床房（全畫幅山景落地窗·獨立陽台）:HK$1,297']"
大新花廬酒店,9.5,"['野裏雙床房:HK$625', '野裏高級雙床房:HK$894', '觀山全景大床房:HK$938', '臨風全景大床房:HK$1,345', '重巒全景大床房:HK$1,345']"
大新那依家民宿（峒那嶼灣景區店）,9.8,"['溪畔·山語大床房（落地玻璃窗+投影影音）:HK$632', '溪畔·山語雙床房:HK$687', '雲棲·星語大床房（投影影音）:HK$752', '雲棲·星語浴缸雙床房:HK$828']"
崇左發呆坡雲頂全景度假村,9.6,"['驚.喜度假房:HK$1,690', '雲漫·全景大床房|落地窗山景|冰箱:HK$1,797', '雲棲·山景陽台大床房 |山景陽台|觀山浴缸|冰箱:HK$2,007', '雲棲·山景陽台雙床房 |山景陽台|觀山浴缸|冰箱:HK$2,114', '雲棲·山景陽台家庭房|大雙床|山景陽台|觀山浴缸|冰箱:HK$2,220', '雲見·山景泳池大床房 |觀山全景|私人泳池|冰箱:HK$2,326']"
廣悅尚·花舍原鄉（德天瀑布店）,8.6,"['花語園景雙床房:HK$358', '花溪河畔親子房二房一廳:HK$947', '花溪河畔複式套房三房一廳:HK$1,056', '花溪河畔複式套房三房一廳（雙床）:HK$1,056']"
天龍灣曼悅酒店（憑祥友誼關大道政務中心店）,9.5,"['舒適大床房:HK$156', '舒適雙床房:HK$173', '景觀商務大床房:HK$191', '景觀行政雙床房:HK$208']"
崇左在野宿集·野白度假Villa,9.5,"['山野·户外水池大床Villa:HK$4,054', '鄉野·户外水池雙床Villa:HK$4,272', '川野·全景泳池大床villa:HK$4,491', '水野·全景泳池大床Villa:HK$4,708', '森野·複式雙卧家庭Villa:HK$7,109']"
廣西崇左明仕別院•山水院子,9.6,"['山水別院貳號大床房（私享休憩陽台+好眠田園裡）:HK$1,724', '山水別院貳號雙床房（私享休憩陽台+好眠田園裡）:HK$1,724', '山水別院壹號雙床房（觀山休憩陽台+觀晚霞夕照）:HK$1,833', '山水別院壹號家庭房（觀山休憩陽台+LOFT親子空間+觀晚霞夕照）:HK$1,942']"
大新田間漫步客棧,9.2,"['豪華景觀雙床房:HK$500', '豪華全景大床房:HK$609', '豪華全景雙床房:HK$609', '豪華榻榻米雙床房:HK$620']"
崇左在野宿集·萬相度假Villa,9.5,"['在岸邊私享庭院大床房-浴缸+智能馬桶:HK$3,501', '伴山單卧大床獨棟別墅-户外水池+浴缸:HK$3,712', '探祕陽光親子獨棟別墅-户外水池+浴缸+小童帳篷木馬:HK$4,241']"
崇左一千零一個院望·黛院,9.5,"['榻榻米露台大床房-河景陽台+榻榻米茶几:HK$1,321', '景觀露台大床房-直麪黑水河景+浴缸:HK$1,429', '黛水複式家庭套房-觀景陽台+直麪黑水河景:HK$2,412', '全景兩室一廳套房-兩個超大露台+黑水河景+觀景浴缸:HK$2,739', '轟趴四居獨棟別墅-河景陽台+房內小冰箱:HK$5,467']"
崇左在野宿集·喜空雨林度假Villa,9.6,"['鶴望蘭·雨林水池雙床獨棟Villa-户外水池+園林景觀:HK$3,951', '尤加利·雨林水池大床獨棟Villa-户外水池+園林景觀:HK$3,951', '蔓綠絨·河景水池雙床獨棟Villa-户外水池+寬闊山河景觀:HK$4,168', '藍冰柏·河景水池大床獨棟Villa-花園淋浴+户外水池:HK$4,495', '美人魚·私人泳池鳥巢大床獨棟villa-私人泳池+黑水河景:HK$4,714', '無盡夏·河景家庭雙卧獨棟Villa-兩室一廳兩衞+超大圓形露天水池:HK$6,569']"
崇左大新明仕長留山居,9.6,"['悠然·特選雙床房:HK$2,061', '墨雲軒·特選大床房:HK$2,170', '山語·精選雙床房:HK$2,389', '悦景·臻選雙床房:HK$2,607', '悦景·臻選大床房:HK$2,935', '山居温馨家庭房:HK$3,153']"
崇左麗呈華廷酒店（崇左高鐵南站店）,9.4,"['標準大床房（智能客控+山景景觀+親膚浴袍）:HK$642', '豪華靜謐大床房（智能客控+深度好眠超大床墊+親膚浴袍）:HK$702', '高級大床房（智能客控+深度好眠超大床墊+親膚浴袍）:HK$745', '豪華大床房（智能客控+深度好眠超大床墊+減壓浴缸+親膚浴袍）:HK$790', '高級雙床房（智能客控+落地玻璃+親膚浴袍）:HK$790', '小黃鴨親子主題房:HK$1,388']"
崇左凱玄國際大酒店,9.4,"['驚喜標準大床房:HK$357', '驚喜標準雙床房:HK$357', '豪華大床房（智能客控+賞城市景觀+獨享長浴缸）:HK$419', '豪華雙床房（智能客控+賞城市景觀+獨享長浴缸）:HK$419', '江景大床房（智能客控+縱覽一線江景+獨享長浴缸）:HK$485', '江景雙床房（智能客控+縱覽一線江景+獨享長浴缸）:HK$486']"
大新明仕藝術酒店,8.4,"['閣樓大床房:HK$303', '藝術精品雙床房:HK$303', '特惠標雙:HK$303']"
雅斯特國際酒店（憑祥汽車總站美食街店）,9.5,"['雅緻大床房:HK$239', '影音大床房:HK$261', '高級大床房:HK$261', '高級雙床房:HK$272']"
崇左在野宿集·既見野奢Villa,9.4,"['白月光·超大床villa-浴缸+户外泡池:HK$4,351', '仲夏dream雙床villa（不帶泡池）:HK$4,351', '仲夏dream·雙床villa-藍牙音箱+小冰箱（帶泡池）:HK$4,472', '蜜糖森林·大床villa-獨立泳池+mini吧枱+浴缸:HK$4,685', '一米陽光·套房villa-獨立花園泳池+童話樹屋:HK$6,417', '沉沙谷·複式雙卧villa+浴缸+全景玻璃窗:HK$6,438']"
崇左國際大酒店（高鐵站市政府店）,9.3,"['標準雙床房（山城觀景高層+遮光安睡）:HK$297', '標準大床房（城景高層+遮光安睡）:HK$297', '輕奢大床房（山城觀景靜謐高層+遮光安睡）:HK$312', '輕奢雙床房（城景靜謐高層+遮光安睡）:HK$312', '臻享商務大床房（氛圍燈效+浴缸+小冰箱+商務辦公桌）:HK$339']"
宜尚酒店（憑祥市市政府中心店）,9.7,"['高級智能大床房（智能客房+智能馬桶+自然景）:HK$240', '高級智能雙床房（智能客控+智能馬桶+自然景）:HK$252', '豪華智能大床房（智能客控+客房冰箱+自然景）:HK$290', '影院豪華大床房（智能客控+客房冰箱+巨幕觀影）:HK$339']"
廣西崇左明仕雅居•山水美宿,9.6,"['見山水·河畔親水大床房:HK$2,488', '伴山水·河畔山水大床房:HK$2,815', '歸田園·四季沐陽大床房:HK$2,815', '悦山水·河畔山水家庭房:HK$2,815', '眺星河·星空全景大床房:HK$2,924', '慢時光·四季田園家庭房:HK$2,924']"
田澗美宿,9.2,"['逸休雙床房:HK$472', '逸樂雙床房:HK$730', '逸品觀景大床房:HK$794', '逸緻田園大床房:HK$806']"
崇左雅閣大酒店,9.4,"['高級雙床房:HK$544', '高級湖景大床房:HK$598', '豪華雙床房:HK$598', '豪華湖景大床房:HK$653', '陽台景觀家庭大床房:HK$926', '陽台景觀家庭雙床房:HK$926']"
崇左天湖大酒店（高鐵南站友誼大道店）,9.1,"['豪華雙床房:HK$168', '豪華總統套房:HK$7,637']"
芳園·大新｜RURAL SCENERY 隱世田園度假美宿（明仕田園店）,9.1,"['芳園|特惠舒睡雙床房:HK$672', '山色宜人|旅居雅緻雙床房（附樓）:HK$825', '山居歲月|温馨標準雙床間:HK$825', '在那山野|旅居舒適雙床房（附樓）:HK$825']"
聖展酒店（崇左新城中心步行街店）,8.9,"['商務雙人房:HK$204', '商務大床房:HK$204', '豪華大床房:HK$239', '豪華雙床房:HK$239', '豪華商務雙人間:HK$265']"
天等逸景觀嵐酒店,9.5,"['輕奢大床房:HK$315', '高級大床房:HK$337', '輕奢雙床房:HK$337', '高級雙人房:HK$359', '豪華觀景大床房:HK$359']"
宜尚酒店（崇左友誼大道高鐵南站店）,9.3,"['標準雙床房（零壓床墊+雙層隔音+安靜舒適）:HK$256', '舒適大床房（零壓床墊+雙層隔音+獨立辦公桌）:HK$256', '標準大床房（躺椅沙發+零壓床墊+雙層隔音）:HK$278', '高級大床房（真空隔音玻璃+斯林柏蘭床墊+躺椅沙發）:HK$302']"
大新月上俏民宿,9.7,"['晴玖大床房:HK$762', '曼叁大床房:HK$762', '睦柒雙床房（內窗）:HK$810', '睦柒親子房（內窗）:HK$871']"
