酒店名称,评分,房型价格列表
巴中興合陽光酒店,9.7,"['高級大床房【55寸電視可投屏+深睡床墊+小冰箱+浴缸】:HK$366', '高級雙床房【55寸電視可投屏+深睡床墊+小冰箱+浴缸】:HK$366', '豪華大床房【55寸電視可投屏+深睡床墊+小冰箱+浴缸】:HK$376', '豪華雙床房【55寸電視可投屏+深睡床墊+小冰箱+浴缸】:HK$376', '親子雙床房【小童遊玩設施+小冰箱+浴缸】:HK$440', '小黃鴨主題雙床房【小童遊玩設施+小冰箱+浴缸】:HK$440']"
巴中巴州希爾頓歡朋酒店,9.7,"['舒適大床房:HK$316', '舒適雙床房:HK$316', '高級雙床房:HK$361', '高級大床房:HK$361', '豪華大床房:HK$404']"
巴中秦川大酒店,9.6,"['高級大床房:HK$237', '高級雙床房:HK$237', '豪華大床房:HK$258', '豪華雙床房:HK$258', '豪華行政雙床房:HK$304']"
巴中恩陽花間堂·米倉道,9.7,"['鴻米大床房:HK$630', '鴻米雙床房:HK$630', '澗米觀漣大床房:HK$725', '恬米大床房:HK$818', '巢米親子房:HK$912', '嵐米大床房:HK$1,195']"
維也納國際酒店（巴中大東門店）,9.4,"['標準單人房:HK$225', '標準雙人房（無窗）:HK$225', '豪華單人房:HK$260', '豪華雙人房:HK$270', '觀景大床房:HK$315']"
麗景圖騰酒店（巴中中泉國際廣場店）,9.7,"['特價雙床房:HK$194', '特價大床房:HK$214', '豪華標準間:HK$234', '豪華單間:HK$234', '豪華休閑房:HK$234']"
巴中恆豐飯店,9.5,"['優選大床房:HK$213', '優選雙床房:HK$213', '行政高級大床房:HK$277', '行政高級雙床房:HK$277', '智控高級大床房:HK$312']"
巴中恩陽錦江飯店,9.4,"['河景大床房:HK$305', '城景大床房+觀古鎮:HK$305', '城景大床房:HK$305', '河景雙床房:HK$326', '河景行政大床房:HK$369', '河景雙床房+觀古鎮:HK$403']"
星程酒店（巴中王府井萬達廣場店）,9.8,"['大床房（65寸電視+零壓枕+小冰箱+恆温馬桶+按摩花灑）:HK$220', '高級大床房（65寸4K投屏+超大床+零壓枕+小冰箱）:HK$229', '高級雙床房 （家庭歡聚+65寸投屏+舒壓護頸+按摩花灑）:HK$257', '江景大床房（全景落地窗+65寸4K投屏+零壓枕+小冰箱）:HK$271']"
錦江之星品尚（巴中廣福街店）,9.6,"['（新品）特價大床房:HK$144', '標準雙床房:HK$165', '高級大床房:HK$195', '高級雙床房:HK$195']"
巴中江北賓館,9.6,"['行政大床房:HK$323', '行政雙床房:HK$323', '智慧大床房:HK$341', '智慧雙床房:HK$341', '商務大床房:HK$347']"
麗楓酒店（巴中容邦萬達店）,9.4,"['雅緻大床房:HK$214', '豪華大床房:HK$259', '景觀雙床房:HK$278', '浪漫優享房:HK$303', '純凈大床房:HK$303']"
巴中費爾頓大酒店,9.6,"['優選雙床房:HK$327', '優選大床房:HK$327', '豪華雙床房:HK$359', '豪華大床房:HK$359', '親子大床房:HK$435', '親子雙床房:HK$435']"
全季酒店（巴中南壩店）,9.5,"['高級大床房:HK$280', '商務雙床房（65寸4K投屏+金可兒床墊+專業茶具）:HK$301', '商務大床房（靜謐雅緻+65寸4K投屏+金可兒床墊+小冰箱）:HK$311', '城市景觀雙床房（65寸4K投屏+金可兒床墊+小冰箱）:HK$321']"
巴中利達酒店（城市廣場）,9.3,"['精選大床房:HK$189', '精選雙床客房:HK$189', '豪華單人客房:HK$198', '豪華雙床客房:HK$205', '豪華江景客房:HK$228']"
麗楓酒店（巴中恩陽古鎮店）,9.3,"['豪華大床房（智能客控+慕思床墊）:HK$256', '豪華雙床房（智能客控+慕思床墊）:HK$260', '商務大床房（智能客控+慕思床墊）:HK$260', '商務雙床房（智能客控+慕思床墊）:HK$286']"
月光之星酒店（巴中市火車站財富廣場店）,9.3,"['月光雅緻雙床房·健康純水機+AI醫生服務:HK$215', '月光雅緻大床房（健康純水機-特大床+AI醫生服務）:HK$226', '月光高級大床房（健康純水機-特大床-AI醫生服務）:HK$280', '月光優享大床房（健康純水機-特大床-AI醫生服務）:HK$294', '月光高級雙床房（健康純水機）:HK$294']"
途麥豪斯大酒店（巴中江北店）,9.0,"['漫居|雅悦雙床房【深度好眠&安靜睡眠】:HK$267', '漫居|雅悦大床房【停車無憂& 2米大床】:HK$267', '雲尚|豪華大床房【柔軟床品】:HK$304', '雲尚|豪華雙床房【管家服務 &購物便捷】:HK$304']"
巴中戴斯酒店（王府井萬達廣場店）,9.1,"['躺平治癒·輕奢大床房（辦公桌+沙發椅+minibar）:HK$212', '躺平治癒花園景·清雅雙床房（沙發椅+minibar）:HK$212', '躺着看日落江景·輕奢雙床房（沙發椅+化粧鏡）:HK$223', '躺着看日落·超級大床房（全屋地毯+沙發椅+化粧鏡）:HK$223']"
錦宸柏悦酒店（恩陽古鎮店）,9.4,"['錦宸 甄選大床房:HK$215', '錦宸 豪華大床房:HK$246', '錦宸 豪華雙床房:HK$259', '錦宸 輕奢棋牌房:HK$285']"
巴中麗陽商務酒店（巴州區迴風亭店）,9.2,"['特價房:HK$113', '舒適單間:HK$135', '舒適標準間:HK$135', '豪華單間:HK$148']"
巴中興州酒店,8.5,"['商旅雙床房:HK$222', '商旅大床房:HK$222', '豪華標準間:HK$249', '豪華大床房:HK$249']"
豐裕酒店（巴中西站恩陽機場店）,8.7,"['智能優享大床房:HK$235', '智能靜享大床房:HK$247', '智能優享雙床房:HK$248', '智能靜享雙床房:HK$256', '行政套房:HK$641']"
九寨山秋池酒店,9.7,"['商務大床房:HK$331', '豪華大床房:HK$378', '湖景中式合院:HK$2,201']"
巴中金府賓館,9.1,"['商務大床房:HK$121', '豪華單間:HK$150', '豪華標準房:HK$163', '機麻標間:HK$201']"
巴中錦泰主題酒店,9.7,"['商務標間:HK$156', '商務單間:HK$156', '歐式圓床房（電動床+浴缸）:HK$172', '深海貝殼房（電動床+沖浪浴缸）:HK$172']"
尚客優品酒店（巴中恩陽古鎮馬鞍御都店）,9.1,"['優品大床房（智能小愛+智能馬桶+喜臨門0壓床墊）:HK$202', '優品雙床房（智能小愛+智能馬桶+喜臨門0壓床墊）:HK$232', '優品商務大床房（智能小愛+智能馬桶+喜臨門0壓床墊）:HK$263', '休閑麻將大床房（智能小愛+智能馬桶+喜臨門0壓床墊）:HK$293']"
巴中金鱗酒店（容邦萬達店）,9.2,"['城景雙床房【安睡床墊+酒店公區自助洗衣房】:HK$127', '城景大床房【安睡床墊+酒店公區自助洗衣房】:HK$127', '臻享大床房【安睡床墊+酒店公區自助洗衣房】:HK$138', '臻享雙床房【安睡床墊+酒店公區自助洗衣房】:HK$138']"
巴中小七民宿酒店（南灣國際店）,9.3,"['粉色摩洛哥温馨大床房:HK$103', '粉色摩洛哥舒適大床房:HK$109', '波西米亞温馨大床房:HK$159', '波西米亞舒適大床房:HK$171']"
巴中家園酒店（巴中火車站巴人廣場店）,8.5,"['經濟大床房:HK$114', '商務單人房:HK$128', '豪華單人房:HK$141', '商務雙人房:HK$141']"
可拉熊酒店（巴中容邦萬達廣場中學龍湖校區店）,8.8,"['小熊普通單間【全屋智能+零壓乳膠床墊+公區洗衣機】:HK$198', '小熊商務標間【全屋智能+零壓乳膠床墊+酒店公區洗衣機】:HK$222', '小熊商務單間【全屋智能+零壓乳膠床墊+酒店公區洗衣機】:HK$236', '小熊豪華單間【全屋智能+零壓乳膠床墊+酒店公區洗衣機】:HK$247']"
巴中東華賓館,8.6,"['特價房:HK$129', '商務單間:HK$162', '標間:HK$183', '行政大床房:HK$194']"
雅丁酒店（江北廣場草壩街店）,9.2,"['玲瓏投影大床房:HK$130', '高級大床房:HK$140', '高級雙床房:HK$140', '雅緻大床房:HK$147']"
摘星酒店（巴中高鐵東站店）,9.3,"['舒適雙床房:HK$163', '七彩投影大床房:HK$220', '巨幕投影雙床房:HK$234', '巨幕投影大床房:HK$248']"
巴中華龍賓館,8.7,"['經濟單間:HK$105', '經濟標準間:HK$137', '豪華單間:HK$183', '豪華標準間:HK$205']"
金色時光酒店（巴中火車東站店）,9.5,"['簡約雙人間（舒適床墊+智能馬桶）:HK$186', '精緻大床房（舒適床墊+智能馬桶）:HK$188', '豪華商務房（舒適床墊+智能馬桶+自助洗衣房）:HK$202', '豪華雙人間（舒適床墊+智能馬桶）:HK$210']"
君源酒店,9.3,"['星空大床房:HK$141', '商務標間:HK$151', '街景大床房:HK$163', '婚慶大床房:HK$183']"
巴中福祥居（恩陽古鎮店）,9.6,"['半窗疏影:HK$434', '逸養凡塵:HK$543', '鹿鳴深處:HK$762']"
巴中超浪漫主題酒店（容邦萬達店）,8.8,"['速度激情汽車床房:HK$113', '遊戲人生海盜床房:HK$113', '商務標間:HK$134', '商務單間:HK$134']"
巴中鹽業大酒店,9.0,"['清新雙床房:HK$158', '優雅商務雙床房:HK$170', '優雅商務大床房:HK$171']"
弘恩智能酒店,9.4,"['高級智能大床房:HK$217', '雅緻智能大床房（智能小度）:HK$233', '雅緻智能雙床房（智能小度）:HK$258', '弘恩智能花園房（智能小度）:HK$289']"
米倉驛站酒店（匯金廣場店）,9.6,['親子家庭房:HK$243']
巴中海馨賓館,9.5,"['經濟舒適房:HK$118', '温馨舒適房:HK$129', '休閑舒適房:HK$129', '豪華大床房:HK$151']"
巴中嘉騰酒店,9.4,"['豪華雙床房:HK$322', '精緻大床房:HK$381', '舒適大床房:HK$479', '舒適雙床房:HK$479']"
逸居賓館（巴中城市廣場客運中心店）,9.2,"['普通單間:HK$91', '商務單間:HK$100']"
巴中嘉川旅館,8.4,"['上下床雙人間:HK$64', '小標間:HK$82', '大標間:HK$91']"
巴中凱悦酒店,8.7,"['特惠房:HK$148', '普通單人間:HK$189', '普通標準間:HK$189', '豪華單人間:HK$202']"
巴中金鑫鴻玉酒店（市中醫院巴中中學龍湖校區店）,9.9,"['特惠|經濟大床房（酒店公區提供洗衣房）:HK$156', '特惠|經濟雙床房（酒店公區提供洗衣房）:HK$163', '輕奢|舒適大床房（酒店公區提供洗衣房）:HK$179', '輕奢|舒適雙床房（酒店公區提供洗衣房）:HK$185']"
巴中天越岷山飯店,9.6,"['致臻江景套房:HK$7,832']"
巴中欣瑞旅館,8.2,"['標準間（公共衞浴）:HK$49', '標間:HK$55']"
