酒店名称,评分,房型价格列表
廈門瑞頤大酒店,9.4,"['豪華雙床房:HK$746', '豪華大床房:HK$746', '豪華套房:HK$768', '豪華鼓浪嶼海景大床房:HK$841', '尊貴鼓浪嶼海景大床房:HK$914', '尊貴鼓浪嶼海景雙床房:HK$914']"
MisooHi南夏隱祕海景酒店（廈門環島南路曾厝垵店）,9.4,"['初也泡池大床房:HK$332', '白嶼·大床房:HK$417', '橘夏·泡池大床房:HK$428', '南隅·沙發泡池大床房:HK$460', '海嶼·工業風閣樓浴缸大床房:HK$471']"
VISHAN·維尚設計師潮宿（中山路步行街店）,9.7,"['靜謐·舒眠大床（藝術窗）:HK$621', '縵野·大床房（超大空間+年輕元素）:HK$741', '縵野·雙床房（舒眠床+月亮廊窗）:HK$785', '歸嶼·街景大床房:HK$796', '歸嶼·街景雙床:HK$839']"
廈門翔鷺國際大酒店,8.8,"['高級雙床房-內窗:HK$577', '高級大床房-內窗:HK$577', '豪華雙床房:HK$596', '豪華大床房:HK$596', '經濟大床房-無窗:HK$640', '經濟雙床房-無窗:HK$727']"
景悦海景美墅,9.6,"['南梔I海景大床房（70°海景+小米智能+零圧床墊+投影）:HK$566', '靈澤I全海景大床房（小米智能+零圧床墊+鼓浪嶼夜景）:HK$587', '曦和I海景大床房（70°海景+小米智能+零圧床墊+投影）:HK$621', '泛月I海景大床房（90°海景+小米智能+零圧床+老城景）:HK$642']"
廈門野見海Ibiza民宿,9.1,"['茶趣·豪華大床房:HK$404', '合歡·親子家庭房:HK$436', '初見·海景大床房:HK$544', '既白·海景大床房:HK$599', '破曉·海景大床房:HK$654']"
一宿·光景別院 （廈門中山路步行街店）,9.0,"['春光舍大床房:HK$314', '秋日堂大床房:HK$375', '夏影居大床房:HK$395', '冬陽閣雙床房:HK$426']"
蔦島海景潮宿（廈門中山路步行街輪渡碼頭店）,9.5,"['等風來·復古城景大床房（巨幕投影儀+全屋智能）:HK$728', '溶月·城景商務雙床房:HK$764', '觀風嶼·復古城景大床房（巨幕投影儀+全屋智能）:HK$785', '潮笙眠·森法影音·雙床房（投影儀+浴缸+景觀）:HK$797', '豪華商務·鼓浪嶼雙床房（投影儀+側海景+全屋智能）:HK$904']"
廈門銀海藍酒店（機場店）,8.7,"['豪華商務大床房（雅緻甜睡+靜逸舒適）:HK$377', '豪華商務雙床房（雅緻甜睡+靜逸舒適）:HK$377', '行政大床房（沙發+茶几+空氣凈化）:HK$425', '行政雙床房（沙發+茶几+空氣凈化）:HK$425']"
廈門天仙酒店（中山路步行街店）,9.5,"['Thian Sian·影院大床房:HK$507', 'Wander·露台大床房:HK$554', 'Thian Sian·複式大床房 （會客室）:HK$589', 'Solarium·街景浴缸大床房:HK$612', 'Terrace·露台花園大床房:HK$623']"
廈門鷺江賓館,9.6,"['1958南洋風情海後雙床房:HK$1,191', '1958南洋風情海後大床房:HK$1,191', '南洋風情中山路老街大床房:HK$1,221', '鼓浪嶼海景雙床房（南洋風情）:HK$1,500', '鼓浪嶼海景大床房（南洋風情）:HK$1,500', '鼓浪嶼一線海景大床房（花磚風情）:HK$1,622']"
蔦島SKY美宿（廈門中山路步行街輪渡碼頭店）,9.1,"['陽光老街景大床房:HK$337', '美式鄉村大床房【投影儀】:HK$555', '法式浪漫大床房【投影儀】:HK$580', 'Unit520獨立古堡花園大床房（庭院+浴缸+投影儀）:HK$656']"
風薇瀾曦海景酒店,9.4,"['朝曦｜城景大床房（小米智能+零壓床墊+極米高清投影）:HK$524', '扶光｜城景大床房（小米智能+零壓床墊+極米高清投影）:HK$524', '纖凝｜側海景陽台大床房--小米智能+看郵局鐘樓鼓浪嶼:HK$589', '落暉｜海景大床房（鼓浪嶼夜景+小米智能+絕美日落）:HK$698']"
全季酒店（廈門機場店）,9.6,"['高級大床房A:HK$398', '高級大床房:HK$428', '雙床房:HK$428', '舒壓-雙床房:HK$457']"
北辰民宿（廈門中山路輪渡碼頭店）,9.4,"['觀星|舒適大床房:HK$541', '攬月|舒睡大床房:HK$573', '自在|影音大床房:HK$658', '雲起|格調大床房:HK$658']"
廈門山尋·與海海景酒店,9.7,"['精緻商務大床房（智能客控+智能馬桶+65寸液晶大電視+冰箱）:HK$297', '樂享陽台大床房（智能客控+智能馬桶+巨幕影音+冰箱）:HK$320', '樂享浴缸大床房（智能客控+智能馬桶+巨幕影音+冰箱）:HK$351', '高級商務雙床房（智能客控+智能馬桶+65寸液晶大電視+冰箱）:HK$358', '尊享海景大床房（智能客控+智能馬桶+巨幕影音+冰箱）:HK$374']"
Rare·三海里海景公寓（廈門大學雙子塔店）,9.6,"['邂逅·港灣影音大床房:HK$640', '潮汐·海景影音大床房:HK$825', '雲夕·浩瀚海景智能影院房:HK$950', '枕海·而眠影院圓床房:HK$984']"
Mudita·觀己酒店（廈門中山路步行街店）,9.3,"['自覺·舒眠大床房:HK$509', '安下·中庭露台大床房:HK$530', '閲己·沐光大床房:HK$575', '無由·城景雙床房:HK$677', '愈見·浴缸大床房:HK$826']"
廈門凱裕美爵酒店,9.3,"['標準大床房:HK$482', '標準雙床房:HK$482', '高級大床房:HK$532', '高級雙床房:HK$532', '豪華大床房:HK$562', '邑景豪華大床房:HK$592']"
廈門藍山越海景Hotel（中山路輪渡碼頭店）,9.4,"['景觀大床房（巨幕影院）:HK$590', '豪華海景大床房（70°一線海景＋絕美夜景）:HK$675', '景觀雙床房（巨幕影院）:HK$779', '尊貴海景大床房（180°一線海景＋絕美夜景+可看整個鼓浪嶼）:HK$779', '至尊海景網紅浴缸大床房（270°一線海景+絕美夜景+可看整個鼓浪嶼）:HK$975']"
廈門蘭笙別院（中山路步行街鎮海路地鐵站店）,9.3,"['蘭馨·榻榻米｜時雨閑窗>:HK$463', '萬壽·大床房｜墨香有韻>:HK$484', '織雨·大床房｜南閣聽雨>:HK$531', '虎溪·雙床房｜雲樓幽夢>:HK$607']"
新東亞酒店（廈門國際機場店）,9.2,"['商務標準房B:HK$274', '商務標準房A:HK$297', '商務房A:HK$313', '商務套房A:HK$374']"
廈門中山路宜度·潮宿,9.6,"['靜謐·影院大床房:HK$557', '春和·洞穴大床房（智控+零壓床墊零壓枕衞浴三分離）:HK$580', '覓詩·中古大床房（智控+零壓床墊零壓枕+衞浴三分離）:HK$625', '杏花·中古大床房（智控+零壓床墊零壓枕+衞浴三分離）:HK$671', '祕境·私湯星空大床房:HK$708']"
廈門牡丹港都大酒店（五緣灣店）,9.6,"['雅緻雙床房:HK$566', '雅緻大床房:HK$566', '高級雙床房:HK$631', '高級大床房:HK$631', '行政雙床房:HK$784', '行政大床房:HK$784']"
蘭琴·古厝民宿（中山路步行街鎮海路地鐵站店）,10.0,"['埕月·大床 | 月隱清眠>:HK$609', '鏡台·大床房丨光影有聲>:HK$724', '繞樑·大床丨聲入蘭厝>:HK$839', '墨蘭·大床房丨蘭韻入眠>:HK$1,003']"
廈門中山海濱酒店（中山路輪渡碼頭店）,9.3,"['安心睡大床房:HK$305', '安心睡雙床房:HK$347', '假日大床房:HK$369', '非格系-雅緻大床房:HK$380']"
廈門180°山海故事·全海景度假美宿（環島南路曾厝垵店）,9.0,"['一嶼·極簡大床房（VIP影視+乳膠床墊）:HK$584', '一夕·日落雅緻度假海景房（VIP影視+乳膠床墊）:HK$611', '一月·設計海景房（VIP影視+乳膠床墊）:HK$634', '一瀾·loft海景房（浴缸+VIP影視+乳膠床墊）:HK$672']"
廈門海港英迪格酒店（中山路店）,9.3,"['豪華城景雙床房（城市風情）:HK$775', '豪華城景大床房（城市風情）:HK$775', '高級鼓浪嶼海景大床房（180度海上日落）:HK$874', '高級鼓浪嶼海景雙床房（180度海上日落）:HK$874', '超豪華鼓浪嶼海景大床房（高層海景日落）:HK$987', '270度鼓浪嶼海景房（浴缸日落美景）:HK$1,176']"
宜必思酒店（廈門集美十里長堤店）,9.5,"['榻榻米房:HK$289', '大床房:HK$298', '高級大床房:HK$317', '雙床房:HK$355']"
維尚花園潮宿（廈門中山路步行街來雅百貨店）,9.8,"['歸潯·舒眠雙床房（新風系統+零壓睡眠+全屋智控）:HK$845', '晚棠·南洋中庭大床房（獨立花園露台+全屋智控）:HK$908', '晚棠·南洋中庭雙床房（獨立花園露台+全屋智控）:HK$943', '觀月·窗景大床房（奢享零壓記憶床墊+浴缸+全屋智控）:HK$952', '觀月·窗景雙床房（奢想零壓記憶床墊+浴缸+全屋智控）:HK$987']"
廈門山尋·漁夕海景酒店（杏林灣新陽橋頭店）,9.7,"['精緻商務大床:HK$297', '高級商務大床:HK$320', '尊享海景大床:HK$343', '悦享景觀大床:HK$374', '高級商務雙床:HK$389']"
栩程·唯納海景酒店,9.9,"['投影大床房•1080p高清投影:HK$578', '零壓大床房·記憶枕:HK$654', '景觀大床房•記憶枕•乳膠床墊:HK$742', '陽光浴缸大床房·VIP影視·冰箱:HK$774']"
巢由美居（湖裡萬達店）,9.6,"['侘寂風—靜謐時光（高端深睡護脊床墊+高層景觀+4K超清120寸巨幕投影）:HK$335', '中古風—摩登高級（高端深睡護脊床墊+全屋智能+75寸大屏智能電視）:HK$350', '智享雙床房—全屋智能（高端深睡護脊床墊+深眠記憶棉枕+75寸超大屏電視）:HK$350', '暗黑系—隱祕空間（高端深睡護脊床墊+深睡記憶棉枕+全屋智能）:HK$358']"
全季酒店（廈門集美學村店）,9.6,"['高級大床房:HK$397', '商務大床房:HK$425', '高級雙床房:HK$444', '舒壓高級大床房:HK$453']"
廈門海滄融信海景華邑酒店,9.6,"['高級山景超大床房（飽覽綠意大屏山景）:HK$506', '高級山景雙床房（飽覽綠意大屏山景）:HK$506', '高級海灣景觀雙人床（一線海景度假圓浴缸）:HK$593', '高級房 超大床 海灣景觀 小童主題:HK$593', '高級海灣景觀超大床（一線海景度假圓浴缸）:HK$593', '行政高級山景雙床房:HK$615']"
廈門Annica安妮卡酒店,9.4,"['未遲巨幕大床房:HK$327', '遇見影音大床房:HK$369', '沐舍浴缸大床房:HK$408', '初心影音大床房:HK$413']"
MisooHi花隱祕境酒店,9.6,"['寓言·精選大床房【温馨宜居·獨享投影·精緻體驗】:HK$439', '花伴·舒適大床房【輕奢宜居·個性化佈局·高清投屏】:HK$493', '夢返·高級大床房【巨屏投影·舒適佈局·精心設計】:HK$546', '聆風·豪華浴缸房【獨享浴缸·吸睛佈局·超大卧室】:HK$600', '桃源·至尊大床房【複式雙層●獨享陽台庭院景●愜意温馨】:HK$707']"
廈門山尋·如是海酒店（杏林灣集美學村店）,9.6,"['高級商務大床房（智能客控 +智能馬桶+65寸液晶電視）:HK$297', '浴缸景觀大床房（智能客控+智能馬桶+巨幕影音）:HK$328', '尊享海景大床房（智能客控+智能馬桶+巨幕影音）:HK$358', '高級商務雙床房（智能客控 +智能馬桶+65寸液晶電視）:HK$374', '至尊海景大床房（智能客控+智能馬桶+巨幕影音）:HK$389']"
如家商旅酒店（廈門火車站明發商業廣場店）,8.9,"['商務大床房:HK$261', '雙床房:HK$278', '高級雙床房:HK$321', '高級大床房:HK$329']"
3w·house2號院,9.8,"['一山:HK$434', '一棕:HK$434', '一灰:HK$598', '一池:HK$620']"
廈門中山路步行街鎮海路地鐵站雲居酒店,9.2,"['枕霞雙床房:HK$486', '種玉大床房:HK$486', '影音出岫舒適大床房:HK$569', '影音煮雨舒適雙床房:HK$569']"
廈門喜來登酒店,9.3,"['豪華大床房:HK$606', '豪華雙床房:HK$606', '高級豪華大床房:HK$660', '高級豪華雙床房:HK$660', '行政雙床房:HK$824', '行政大床房:HK$824']"
全季酒店（廈門中山路將軍祠店）,9.6,"['高級大床房:HK$600', '景觀大床房:HK$679', '雙床房:HK$718', '高級雙床房:HK$837']"
美豪麗致酒店（廈門中山路步行街店）,8.9,"['雅緻複式大床房:HK$480', '靜雅大床房【零壓床墊+舒適睡眠】:HK$536', '3D影院複式大床房 【大沙發+投影儀】:HK$567', '麗致雙床房【零壓床墊+舒適睡眠】:HK$577', '靜雅複式大床家庭房【兩用大沙發+零壓床墊】:HK$597']"
鼓浪嶼六悦海景度假酒店,9.7,"['春日向暖:HK$326', '嫻靜大床房:HK$402', '舒適雙床房:HK$435', '悦享大床房:HK$478']"
廈門來雅LAIYA美宿（彩虹沙灘店）,9.7,"['37層海景浴缸房:HK$443', '38層海景浴缸房:HK$516', '37層海景露台大床房:HK$625', '38層海景陽台大床房:HK$625']"
廈門MokaHouse海景度假民宿,9.4,"['別緻投影大床房:HK$249', '榻榻米投影大床房:HK$286', '庭院巨幕影音大床房:HK$304', '陽光浴缸投影大床房:HK$342']"
廈門海尚雅歌酒店（中山路步行街店）,9.3,"['雅歌影院大床房（全屋智控+觀影幕布+獨享私人影院）:HK$501', '雅歌影院雙床房（全屋智控+觀影幕布+獨享私人影院）:HK$556', '陽光街景大床房（全屋智控+享中山路景觀）:HK$589', '温馨甜蜜主題房（全屋智控+情侶主題佈置）:HK$616', '陽光街景雙床房（全屋智控+享城市風光）:HK$632']"
自由空間酒店（廈門湖裡萬達店）,9.2,"['雅緻雙床房:HK$288', '雅緻大床房:HK$288', '輕奢大床房:HK$308', '輕奢雙床房:HK$308']"
一格海景親子酒店（環島路廈大白城店）,9.5,"['投影大床房:HK$545', '親子家庭房:HK$637', '零壓投影大床房:HK$687', '兩室親子套房（滑滑梯）:HK$730']"
