酒店名称,评分,房型价格列表
青桔·設計師酒店（延吉延邊大學水上市場店）,9.5,"[""Qingju ' 智能精緻大床房（全屋智能客控+深度睡眠乳膠床墊+手機投屏）:HK$367"", ""Qingju ' 智能高級大床房（全屋智能客控+深度睡眠乳膠床墊+拍照出片）:HK$388"", ""Qingju ' 智能舒適雙床房（全屋智能客控+深度睡眠乳膠床墊+乳膠零壓枕）:HK$398"", ""Qingju ' 智能豪華大床房（全屋智能客控+深度睡眠乳膠床墊+精美夜景+手機投屏）:HK$442""]"
延吉延邊大學網紅牆桔子水晶酒店,9.9,"['高級大床房（絲漣床墊+助眠香薰晶石+加濕器）:HK$804', '雙床房（絲漣床墊+助眠香薰晶石+加濕器）:HK$874', '商務大床房（絲漣床墊+助眠香薰晶石+加濕器）:HK$893', '商務雙床（絲漣床墊+助眠香薰晶石+加濕器）:HK$934', '行政大床房（手沖coffee+助眠香薰晶石+加濕器）:HK$1,005']"
延吉中心希爾頓歡朋酒店,9.7,"['舒適大床房（智能客控+手機投屏）:HK$970', '舒適雙床房（智能客控+手機投屏）:HK$1,011', '高級大床房（智能客控+手機投屏）:HK$1,081', '高級雙床房（智能客控+手機投屏）:HK$1,141', '豪華大床房（智能客控+手機投屏）:HK$1,304']"
巷遇·復古藝術酒店（延吉延邊大學東方水上市場店）,9.6,"['勃艮第紅瀾·睡眠房（遊戲主場+隨心刷劇＋雙人嗨玩）:HK$368', '勃艮第紅瀾·大床房（雙柄狂歡＋同屏激戰+無線追劇）:HK$467', '牛油果綠漾·雙床房（金可兒床墊+智能客控+手機投屏）:HK$484', '牛油果綠瀾·大床房（金可兒床墊+智能客控+手機投屏）:HK$484']"
延吉紅菊酒店,9.5,"['高空城景·智能語音大床房（全屋智能）:HK$971', '親水遠山·觀景大床房（全屋智能+手機投屏）:HK$1,001', '親水遠山·商務大床房（全屋智能+手機投屏）:HK$1,016', '晚霞似錦·觀景雙床房（全屋智能+手機投屏）:HK$1,077', '高空城景·智能語音家庭房（全屋智能+手機投屏）:HK$1,124', '晚霞似錦·歡樂親子家庭房（小童用品+全屋智能）:HK$1,321']"
木鳥民宿（延邊大學網紅牆店）,9.6,"['702大床房:HK$426', '703大床房:HK$426', '705大床房:HK$426', '706大床房:HK$426']"
延吉華馨宿藝術酒店（延大網紅牆店）,9.2,"['舒適標準間（智能客控+乾濕分離+手機投屏+慕斯床墊）:HK$612', '歡享大床房（智能客控+乾濕分離+手機投屏+慕斯床墊）:HK$651', '馨享標準間（智能客控+洗烘機+手機投屏+慕斯床墊）:HK$666', '輕享商務房（智能客控+乾濕分離+手機投屏+慕斯床墊）:HK$788', '温享親子房（卡通主題+小童用品+手機投屏+慕斯床墊）:HK$850']"
延吉華益卡伊洛斯酒店,9.4,"['韓式大床房:HK$927', '商務大床房:HK$927', '豪華雙床房:HK$1,080', '韓式雙床房:HK$1,080', '觀景三人間:HK$1,419', '豪華套房:HK$1,517']"
小蜜蜂酒店（朝鮮民俗園店）,9.5,"['Bee·零壓大床房（全屋地暖+智能客控+一次性浴巾+零壓床墊+零壓枕+智能電視+乾濕分離+高速吹風機+環境靜謐）:HK$437', 'Bee·零壓雙床房（全屋地暖+智能客控+一次性浴巾+零壓床墊+零壓枕+智能電視+乾濕分離+高速吹風機+環境靜謐）:HK$437', 'Bee·舒適大床房（全屋地暖+智能客控+一次性浴巾+零壓床墊+零壓枕+智能電視+乾濕分離+高速吹風機+環境靜謐）:HK$492', 'Bee·豪華雙床房（全屋地暖+智能客控+一次性浴巾+零壓床墊+零壓枕+智能電視+乾濕分離+高速吹風機+環境靜謐）:HK$655']"
宏煒私湯別院（延吉延邊大學西市場店）,9.4,"['正好Private Soup·私湯泡浴影院雙床房（全屋智能語音客控+深度睡眠乳膠床墊+舒適羽絨床品）:HK$520', '愜意Private Soup·私湯泡浴影院雙床房（全屋智能語音客控+深度睡眠乳膠床墊+舒適羽絨床品）:HK$612', '妥善Private Soup·私湯泡浴庭院親子房（全屋智能語音客控+深度睡眠乳膠床墊+悠閑私人庭院）:HK$737', '俱全Private Soup·私湯泡浴影院雙床房（全屋智能語音客控+深度睡眠乳膠床墊+精美夜景）:HK$975']"
延吉百貨大樓西市場希岸Deluxe酒店,9.6,"['Deluxe豪華大床房（智能客控+智控馬桶+電視投屏）:HK$529', 'Deluxe高級雙床房（智能客控+智控馬桶）:HK$556', 'Deluxe榻榻米房（超大榻榻米+智能客控+智控馬桶）:HK$556', 'Deluxe豪華雙床房（智能客控+超寬單人床+電視投屏）:HK$603']"
長白山藍景國際生態交流中心,9.8,"['高級雙床房 二號樓:HK$1,289', '豪華大床房 一號樓:HK$2,163', '豪華雙床房 一號樓:HK$2,163', '雙床房 三號樓:HK$2,600', '大床房 三號樓:HK$2,600', '特色大床房 三號樓:HK$2,818']"
花築·般藍酒店（延吉朝鮮族民俗園恐龍王國店）,9.7,"['煥森·山景大床房（遠眺帽兒山+全屋智能+手機投屏）:HK$818', '煥森·園景大床房（一覽民俗園+全屋智能+手機投屏）:HK$878', '煥森·舒心沐浴套房（泡泡浴缸+全屋智能+手機投屏）:HK$1,236', '煥森·樹與友親子房（小童用品+全屋智能+手機投屏）:HK$1,588']"
藍素·精選酒店（延吉延邊大學朝鮮族民俗園店）,9.5,"['優眠智能大床房（全智能客控+健背安睡床品+手機投屏）:HK$239', '奢享智能民俗房（全智能客控新風系統+韓式榻榻米電熱墊+乾濕分離）:HK$290', '悠享智能大床房（全智能客控+健背舒睡床品+智能馬桶）:HK$305', '優眠智能雙床房（全智能客控新風系統+健背安睡床品+乾濕分離）:HK$370']"
長白山池隱留白民宿（北景區集散中心店）,9.9,"['泊英·大床房【星辰仰望+老榆木床+慕思床墊+光音影院】:HK$982', '隱露·大床房【榻榻米+慕思床墊+光音影院】:HK$1,090', '泊雪·大床房【榻榻米+慕思床墊+光音影院】:HK$1,090', '泊塵·大床房【林影露台+浴缸+老榆木床+慕思床墊+光音影院】:HK$1,309', '隱壑·家庭房【靜雅庭院+榻榻米+慕思床墊+光音影院】:HK$1,528']"
琿春民族花園國際酒店,9.6,"['花園丨享·雅緻大床房:HK$903', '花園丨享·尊享大床房:HK$945', '童趣丨樂·小豬佩奇親子房（小童用品+嬰兒盆浴）:HK$1,199', '童趣丨樂·Mickey親子房（小童用品+嬰兒盆浴）:HK$1,199', '童趣丨樂·恐龍樂園親子房（小童用品+嬰兒盆浴）:HK$1,199', '花園丨享·豪華套房:HK$1,734']"
潮漫酒店（琿春現代百貨海鮮街店）,9.6,"['嚴選大床房:HK$438', '欣選大床房:HK$471', '温馨家庭房:HK$504', '樂選大床房:HK$614']"
歸隱X酒店（延吉延邊大學網紅牆西市場店）,9.7,"['悠享大床房（智能客控+零壓床墊）:HK$414', '悦居大床房（智能客控+零壓床墊）:HK$454', '舒韻雙床房（智能客控+零壓床墊）:HK$456', '卓逸大床房（智能客控+零壓床墊）:HK$498']"
希岸酒店（延吉朝鮮民俗園恐龍王國店）,9.6,"['玲瓏大床房（智能客控+零壓床墊+智能馬桶）:HK$647', '希岸雅緻房（智能客控+零壓床墊+智能馬桶）:HK$671', '希岸高級雙床房:HK$671', '希岸豪華大床房（智能客控+零壓床墊+智能馬桶）:HK$695']"
康鉑酒店（延邊大學網紅牆水上市場店）,9.7,"['舒適大床房:HK$413', '高級大床房:HK$444', '高級雙床房:HK$459', '豪華大床房:HK$537']"
長白山林溪山居民宿（北景區遊客集散中心店）,9.6,"['溪谷·舒適大床房[智能馬桶+55寸液晶可投屏電視]:HK$686', '溪谷·舒適標間[智能馬桶+55寸液晶可投屏電視]:HK$686', '中式•壁爐大床房[壁爐加濕器+65寸液晶可投屏電視]:HK$796', '中式•泡泡浴大床房[深泡浴缸+65寸液晶可投屏電視]:HK$796', '中式•豪華標間[智能馬桶+65寸液晶可投屏電視]:HK$796']"
喆啡酒店（延吉延邊大學百貨大樓店）,9.7,"['浪漫星空影視大床房:HK$790', '啡凡體驗房:HK$854', '醇享生活房:HK$890', '醇享大床房:HK$937']"
藍溪酒店（延吉延邊大學網紅牆水上市場店）,9.6,"['雅緻大床房（手機投屏+乾濕分離+羽絨床品）:HK$398', '商務大床房（手機投屏+觀景茶台+羽絨床品）:HK$442', '精品大床房（手機投屏+零壓枕芯+靜音冰箱+羽絨床品）:HK$475', '商務雙床房（手機投屏+觀景茶台+羽絨床品）:HK$496']"
漢庭酒店（延吉西站萬達廣場店）,9.8,"['大床房:HK$383', '高級大床房:HK$383', '高級雙床房:HK$476', '家庭房:HK$524']"
拾憶·輕奢網紅觀影民宿（延吉延邊大學網紅牆店）,9.6,"['民俗鞦韆｜陽光大床房「100寸巨幕觀影•乾濕分離」11031:HK$353', '網紅月球｜陽光大床房「投影•減壓床墊•乾濕分離」11032:HK$353', '輕奢｜特大床房「吊椅•投影•減壓床•乾濕分離•城景」1108:HK$353', '温馨｜特大床房「投影•夢百合零壓床墊•乾濕分離」0409:HK$377']"
延吉延邊賓館（朝鮮族民俗園店）,9.6,"['舒適雙床房（智能馬桶+葉黃素蒸汽眼罩）:HK$678', '商務大床房（智能馬桶+葉黃素蒸汽眼罩）:HK$707', '豪華雙床房（智能馬桶+手機投屏）:HK$717', '全景雙床房（智能馬桶+手機投屏）:HK$757', '朝鮮族榻榻米房（小）（智能馬桶+葉黃素蒸汽眼罩）:HK$897', '迎賓樓民俗高級雙床房（智能）:HK$936']"
金凱悦·假日酒店（延吉延邊大學西市場店）,9.5,"['輕奢商務大床房:HK$404', '輕奢商務標準間:HK$404', '輕奢雅緻大床房:HK$450', '輕奢精品大床房:HK$526']"
全季酒店（敦化敖東大街店）,9.6,"['大床房:HK$365', '高級大床房:HK$383', '高級雙床房:HK$402', '商務大床房:HK$421']"
星程酒店（延吉西站萬達廣場店）,9.5,"['高級大床房:HK$542', '高級雙床房:HK$553', '豪華大床房:HK$572', '豪華雙床房:HK$582']"
未見山·庭院度假設計師客棧（延吉師範分院店）,9.7,"['設計師觀影大床房（戴森吹風機+金可兒床墊+漢斯格雅衞浴）:HK$316', '設計師浴缸大床（戴森吹風機+金可兒床墊+漢斯格雅衞浴）:HK$436', '設計師露台大床房（戴森吹風機+金可兒床墊+漢斯格雅衞浴）:HK$572', '設計師露台套房（戴森吹風機+金可兒床墊+漢斯格雅衞浴）:HK$947']"
巴爾魯娜酒店（延吉延邊大學西市場店）,9.6,"['Beln · 望月韓舍大床房（乾濕分離+深度睡眠零壓床墊+手機投屏）:HK$232', 'Beln · 街景商務雙床房（乾濕分離+深度睡眠零壓床墊+手機投屏）:HK$258', 'Beln · 庭院商務大床房（乾濕分離+深度睡眠零壓床墊+手機投屏）:HK$258', 'Beln · 街景商務大床房（乾濕分離+深度睡眠零壓床墊+手機投屏）:HK$320']"
韓風閣民宿（延邊大學網紅牆店）,9.2,"['韓式雙床房:HK$763', '韓風地台雙床房:HK$763', '朝鮮族拉門兩室雙床房:HK$763', '地台大雙床房:HK$763']"
筱曦暖居（延邊大學公園路店）,9.9,"['大床房1610:HK$504', '舒適大床房:HK$504', '市景二室二床房:HK$579', '標準雙床房:HK$579']"
漢庭酒店（延吉朝鮮民俗園恐龍王國店）,9.8,"['大床房:HK$592', '高級大床房:HK$621', '雙床房:HK$688', '套房:HK$706']"
嘉城酒店（延邊大學網紅牆店）,9.8,"['Jia~C有致大床房（無窗）【手機投屏+智能馬桶】:HK$267', 'Jia~C雅緻大床房（無窗）（手機投屏+智能馬桶）:HK$370', 'Jia~C致尚大床房【手機投屏+智能馬桶+零壓床墊】:HK$397', 'Jia~C精緻大床房【手機投屏+智能馬桶+乾濕分離】:HK$434']"
延吉白山大廈酒店,9.4,"['經典輕享大床房:HK$754', '經典輕享雙床房:HK$754', '景觀悦享特大床房:HK$775', '景觀悦享雙床房:HK$775', '景觀尊享特大床房:HK$797']"
延吉喜盈達酒店（百貨大樓西市場店）,9.9,"['高級大床房:HK$576', '行政套房:HK$585', '高級雙床房:HK$595', '豪華親子房:HK$624']"
延吉恐龍溫泉酒店（朝鮮族民俗園恐龍王國店）,8.6,"['雅緻大床房:HK$784', '雅緻雙床房:HK$784', '尊享大床房:HK$1,232', '尊享大床房（室外小院）:HK$1,232', '劇院主題親子房:HK$1,341', '動物主題親子房:HK$1,341']"
全季酒店（延吉西站萬達廣場店）,9.4,"['大床房:HK$690', '雙床房:HK$690', '高級大床房:HK$716', '套房:HK$743']"
延吉長白山大酒店,9.4,"['精緻雙床房（手機投屏）:HK$687', '舒適雙床房（手機投屏）:HK$731', '舒適大床房（手機投屏）:HK$731', '行政大床套房（手機投屏）:HK$807', '行政雙床套房（手機投屏）:HK$807']"
你好酒店（延吉西市場店）,9.6,"['大床房:HK$467', '高級大床房:HK$476', '高級雙床房:HK$495', '家庭房:HK$514']"
長白山璞悦温泉度假酒店,9.3,"['悦·豪華標準間（雙人温泉+智能窗簾+小冰箱）:HK$2,120', '悦·松景標準間（雙人温泉+智能窗簾+小冰箱）:HK$2,249', '悦·豪華大床房（雙人温泉+智能窗簾+小冰箱）:HK$2,249', '悦·松景大床房（雙人温泉+智能窗簾+小冰箱）:HK$2,377', '悦·雅緻大床房（浴缸+雙人温泉+智能窗簾+小冰箱）:HK$2,506', '悦·尊享大床房（浴缸+雙人温泉+智能窗簾+小冰箱）:HK$2,635']"
凱莉登酒店（延吉百貨大樓店）,9.6,"['商務雙床房（智能客控+空氣凈化器+手機投屏+coffee機）:HK$781', '商務大床房（智能客控+空氣凈化器+手機投屏+coffee機）:HK$781', '豪華大床房（智能客控+空氣凈化器+手機投屏+coffee機）:HK$807', '行政大床房（智能客控+空氣凈化器+手機投屏+coffee機）:HK$829']"
全季酒店（延吉西市場百貨大樓店）,9.5,"['大床房:HK$893', '高級大床房:HK$904', '高級雙床房:HK$1,065', '套房:HK$1,145']"
延吉國際飯店,9.2,"['普通大床房:HK$536', '商務大床房:HK$615', '商務標準間:HK$615', '智能雙床房:HK$660', '智能大床房:HK$680']"
山北壹號民宿（長白山北坡集散中心店）,9.8,"['【山野】精選大床房【智能客控+智能馬桶+乾濕分離衞生間+極米投影儀+零壓床墊+記憶枕】:HK$666', '【北島】山海設計師甄選·浴缸大床房【浴缸+智能客控+智能馬桶+乾濕分離衞生間+極米投影儀+零壓床墊+記憶枕】:HK$709', '【山青】設計師甄選·大床房【智能客控+智能馬桶+乾濕分離衞生間+極米投影儀+零壓床墊+記憶枕】:HK$709', '【山海】設計師甄選·大床房【智能客控+智能馬桶+乾濕分離衞生間+極米投影儀+零壓床墊+記憶枕】:HK$709']"
延吉百貨大樓西市場美侖酒店,9.9,"['高級大床房:HK$642', '商務大床房:HK$743', '商務雙床房:HK$743', '豪華雙床房:HK$843', '豪華大床房:HK$843']"
南舍設計師酒店 | Nan'sHotel （延吉西市場百貨大樓店）,9.4,"[""Nan's·靜謐雅緻雙床房（全屋智能客控+深度睡眠金可兒床墊+乾濕分離）:HK$310"", ""Nan's·民俗榻榻米大床房（全屋智能客控+金可兒床墊）:HK$322"", ""Nan's·民俗榻榻米雙床房（全屋智能客控+深度睡眠金可兒床墊+乾濕分離）:HK$322"", ""Nan's·景觀體驗大床房（全屋智能客控+深度睡眠金可兒床墊+乾濕分離）:HK$347""]"
漢庭酒店（延吉參花街水上市場店）,9.8,"['高級大床房:HK$580', '商務大床房:HK$608', '雙床房:HK$608', '商務雙床房:HK$626']"
萊恩·設計師酒店（延吉延邊大學西市場店）,9.5,"['Lion ‘ 悠享雙床房（全屋智能客控丨深度睡眠乳膠床墊丨拍照出片）:HK$376', 'Lion ‘ 酣睡大床房（全屋智能客控丨深度睡眠乳膠床墊丨品牌羽絨床品）:HK$393', 'Lion ‘ 奢享雙床房（全屋智能客控丨深度睡眠乳膠床墊丨品牌羽絨床品）:HK$418', 'Lion ‘ 親情家庭房（全屋智能客控丨深度睡眠乳膠床墊丨品牌羽絨床品）:HK$443']"
