酒店名称,评分,房型价格列表
張家口威尼斯大酒店,9.7,"['商務標準間:HK$499', '商務大床間:HK$503', '豪華標準間:HK$519', '豪華大床房:HK$519', '親子房A:HK$567', '親子房B:HK$567']"
太舞小鎮帕思頓酒店,9.7,"['優享一卧套房【陽台+洗/烘衣機+浴缸+客廳】:HK$1,208', '家庭一卧套房【陽台+洗/烘衣機+浴缸+客廳】:HK$1,427', '安睡一卧套房（智能床墊）【陽台+洗|烘衣機+客廳】:HK$1,711', '優享兩卧套房【陽台+洗/烘衣機+雙衞】:HK$1,755', '邁克狐劇本遊戲親子主題房A:HK$1,755']"
張家口國際大酒店,9.6,"['賓至如歸-豪華標準間:HK$814', '温馨雅緻-豪華大床房:HK$814']"
喆啡酒店（張家口站市政府店）,9.7,"['啡凡體驗房:HK$322', '醇享雙床房:HK$347', '醇享大床房:HK$384', '啡凡大床房:HK$423']"
張家口夢特芳丹假日酒店,9.3,"['高級雙床房:HK$514', '高級大床房:HK$604', '豪華雙床房:HK$604', '豪華大床房:HK$650', '高級家庭房:HK$823']"
張家口山旮裏旯私人野奢温泉酒店,9.3,"['高級大床房:HK$275', '高級雙床房:HK$293', '豪華大床房:HK$293', '精選家庭房:HK$397', '高級家庭房:HK$424']"
崇禮中僑泰合宮酒店,9.5,"['山林曉居雙床房【衞浴乾濕分離】:HK$511', '林影雙棲-雙床房【衞浴乾濕分離】:HK$576', '逸林靜眠-大床房【衞浴乾濕分離】:HK$576', '林麓商韻-雅緻大床房【浴缸+書桌+衞浴乾濕分離】:HK$669', '森語家庭大床房【主題裝飾+浴缸+小童讀物+智能馬桶】:HK$761']"
張家口藍鯨瑞海酒店,9.4,"['高級大床房:HK$524', '高級雙床房:HK$524', '零壓高級大床房:HK$557', '零壓高級雙床房:HK$557', '豪華大床房:HK$928', '豪華套房:HK$1,464']"
張家口湯印温泉假日酒店,9.2,"['高級標準間:HK$709', '高級大床房:HK$763', '豪華標準間:HK$840', '豪華大床房:HK$840', '豪華家庭房:HK$971']"
張家口國際大酒店（B座）,9.7,['B座標準間（現代簡約風）:HK$294']
太舞小鎮南山裡酒店,9.2,"['C棟-園景雙床房:HK$587', 'C棟-園景大床房:HK$587', 'C棟-山景大床房:HK$689', 'C棟-山景雙床房:HK$689', '尊享大床房:HK$689']"
太舞小鎮A＆B HOTEL,9.3,"['特惠兩居雙床房:HK$764', '舒適大床房:HK$819', '一居雙床房:HK$929', '兩居雙床房:HK$1,393', '兩居家庭房:HK$1,393']"
張家口如域·飛鳥假日酒店,9.4,"['舒適大床房:HK$275', '輕享大床房:HK$293', '輕享雙床房:HK$293', '零壓大床房:HK$330']"
崇禮逸衡酒店,9.5,"['高級房 超大床:HK$567', '高級房 2張雙人床:HK$567', '高級房:HK$567', '高級房 超大床 户外起居區域:HK$676', '高級房 2張雙人床 户外起居區域:HK$676']"
崇禮洲際酒店,9.5,"['豪華房 超大床:HK$802', '豪華房 2張雙人床:HK$802', '豪華房 2張雙人床 庭院:HK$1,075', '單卧套房:HK$1,894', '大使套房:HK$2,987', '皇室套房:HK$17,371']"
張家口北辰五洲皇冠酒店,9.7,"['豪華大床房:HK$468', '豪華標準間:HK$468', '行政大床房:HK$654', '行政標準間:HK$654', '哪吒卡通版親子房:HK$752', '埃及萌神親子房:HK$752']"
喆啡酒店（張家口維多利亞廣場五一東大街店）,9.3,"['醇享大床房:HK$352', '醇享雙床房:HK$383', '啡凡雙床房:HK$387', '啡凡大床房:HK$393']"
園景智選假日酒店（張家口林園路第七中學店）,9.5,"['高級房大床:HK$302', '高級房雙床:HK$302', '高級房:HK$302', '高級房 大床 更大面積:HK$329']"
全季酒店（張家口崇禮裕興路店）,9.8,"['大床房（全屋語音客控+智能馬桶+單體空調）:HK$447', '高級大床房（全屋語音客控+智能馬桶+單體空調）:HK$465', '雙床房（全屋語音客控+智能馬桶+單體空調）:HK$492', '舒壓高級大床房（全屋語音客控+智能馬桶+單體空調）:HK$520']"
張家口崇禮太舞凱悦嘉軒酒店,9.0,"['大床房:HK$682', '雙床房:HK$682', '城市街景大床房:HK$702', '城市街景雙床房:HK$702', '標準大床（帶聯通門）:HK$813']"
麗楓酒店（張家口明德北大境門店）,9.4,"['雅緻大床房:HK$356', '雅緻雙床房:HK$364', '豪華大床房:HK$398', '豪華雙床房:HK$437']"
太舞小鎮雪麓居温泉酒店,9.3,"['一居大床房:HK$929', '安睡一居室（床墊軟硬調節+足部加熱+音波枕）:HK$1,038', '兩居大床房:HK$1,393', '兩居家庭房:HK$1,486', '超大兩居室:HK$1,579']"
張家口富龍風鈴樂谷煥活酒店,8.6,"['幽享星空•一抹暖陽•大床房:HK$643', '活力街景•流光溢彩•大床房:HK$752', '活力街景•流光溢彩•雙床房:HK$862', '湖畔謐境•拾光陽台•大床房:HK$862', '枕山逸居•拾光陽台•大床房:HK$862']"
蔓蘭家的四季,9.5,"['尊享大床房:HK$435', '尊享雙床房:HK$435', '桃源複式房:HK$468', '輕奢豪華套房:HK$544']"
崇禮翠雲山皇冠假日度假酒店,9.5,"['高級房 大床:HK$795', '豪華房 大床 山景:HK$850', '豪華房 雙床 山景:HK$850', '豪華房 山景:HK$850', '豪華房 雙床 湖景:HK$959', '豪華房 大床 湖景:HK$959']"
張家口宣化賓館,9.0,"['B座經濟標準間:HK$192', 'B座經濟單人間:HK$192', 'C座精品單間:HK$217', 'C座商務標間:HK$265', 'C座商務單間:HK$265']"
張家口下花園藍鯨麗呈酒店,9.4,"['觀影大床房:HK$240', '觀影雙床房:HK$240', '豪華大床房:HK$261', '豪華標間:HK$261', '優享雙床房:HK$261']"
喆啡酒店（張家口下花園高鐵站店）,9.6,"['醇享生活大床房:HK$206', '醇享大床房:HK$214', '啡凡大床房:HK$238', '啡凡雙床房:HK$254']"
雲頂奧雪公寓,9.5,"['觀景大床房（露台+歺廚具+空調+紗門）:HK$437', '觀景套房（智能馬桶蓋+歺廚具+空調+紗門）:HK$546', '觀景LOFT套房（智能馬桶蓋+歺廚具+浴缸+紗門）:HK$600', '獨院LOFT套房（可燒烤+智能馬桶蓋+浴缸+紗門）:HK$666']"
張家口新華大廈（尚峯廣場店）,9.0,"['特惠大床房:HK$249', '特惠雙床房:HK$249', '商務大床房:HK$325', '商務雙床房:HK$325']"
崇禮悦客公寓式酒店（富龍滑雪場店）,9.7,"['富龍浪漫大床房（地暖+甲魔王推薦攝像頭探測器）:HK$266', '富龍豪華套房（地暖+甲魔王推薦攝像頭探測器）:HK$294', '舒享雙床房（地暖+冰箱+洗衣機+甲魔王推薦攝像頭探測器）:HK$294', '優選精緻兩居套房（雙陽台+地暖+甲魔王推薦攝像頭探測器）:HK$524']"
太舞小鎮太舞酒店,9.2,"['太舞大床房:HK$819', '太舞雙床房:HK$819', '安睡大床房（床墊軟硬調節+足部加熱+ 音波枕）:HK$901', '安睡家庭房（床墊軟硬調節+足部加熱+ 音波枕）:HK$983', '豪華套房:HK$1,229', '夢幻MyRoom主題套房:HK$1,393']"
藍鯨悦海酒店（張家口崇禮店）,8.6,"['高級大床房:HK$449', '高級標準間:HK$520', '豪華大床房:HK$551', '豪華標準間:HK$583', '零壓豪華大床房:HK$619']"
太舞小鎮逅雪民宿,9.8,"['特惠一卧室套房:HK$773', '一卧室陽台套房:HK$829', '複式景觀家庭套房:HK$995', '特惠兩卧室套房:HK$1,216']"
張家口藝海國際商務酒店,9.1,"['舒適雙床房:HK$392', '舒適大床房:HK$392', '豪華標準房:HK$436', '豪華大床房:HK$436', '智能大床房:HK$442']"
你好酒店（張家口宣化一中鼓樓前街店）,9.5,"['大床房:HK$239', '高級大床房:HK$278', '雙床房:HK$299', '高級雙床房:HK$318']"
張家口雪如意睿景酒店,9.1,"['高級雙床房:HK$556', '高級大床房:HK$556', '園景家庭房:HK$696', '如意套房:HK$835']"
張家口英龍秀水灣酒店,9.0,"['豪華大床房:HK$336', '豪華雙床房:HK$336', '豪華家庭房:HK$415', '豪華家庭三床房:HK$415']"
雷神電競酒店（張家口宣化南大街店）,9.0,"['競燃大床房:HK$282', '競燃雙床房:HK$282', '競技三人間:HK$489', '競界五人間:HK$756']"
張家口雲頂世界酒店（雲頂麗苑店）,9.3,"['高級大床房:HK$453', '豪華套房:HK$490', '家庭套房:HK$490', '公寓豪華房:HK$490', '公寓套房:HK$583']"
山麓酒店,9.2,"['非景觀標準大床房:HK$822', '非景觀標準雙床房:HK$822', '非景觀舒適大床房:HK$888', '景觀標準大床:HK$888', '景觀標準雙床房:HK$888', '景觀舒適大床房:HK$955']"
崇禮太舞小鎮源宿酒店,9.4,"['標準大床客房:HK$772', '源宿大床客房:HK$881', '源宿雙床客房:HK$881', '源宿山景大床客房:HK$990', '源宿山景雙床客房:HK$990']"
葉與晨電競電影酒店（新華街尚峯廣場店）,9.7,"['巨幕影音大床房:HK$309', 'PS5電視大床房:HK$324', '優選電競電影大床房（顯卡:RTX4060Ti+CPUi5-12600KF）:HK$409', '優選電競電影雙床房（顯卡:RTX4060Ti+CPUi5-12600KF）:HK$409']"
怡庭酒店（下花園店）,9.7,"['怡享觀景雙床房【小冰箱➕深睡枕➕富氫水➕可投屏電視】:HK$425', '怡享觀景大床房【可投屏65寸電視➕小冰箱➕富氫水】:HK$436', '怡享家庭親子房【小冰箱➕可投屏65寸電視➕富氫水】:HK$512', '怡養觀景套房【小冰箱+富氫水+深睡枕➕可投屏電視】:HK$654']"
張家口興垣維景國際大酒店,9.6,"['高級大床房:HK$776', '高級雙床房:HK$913', '親子房雙床:HK$1,036', '親子房大床:HK$1,036', '行政大床房:HK$1,118', '高級套房:HK$1,407']"
張家口容辰國際假日酒店,8.7,"['零壓高級標準間:HK$533', '零壓高級大床房:HK$544']"
錦頤優選酒店（張家口高鐵站店）,9.8,"['雅緻大床房（慕思床墊+智能客控+高端洗護）:HK$348', '高級雙床房（慕思床墊+智能客控+商務辦公桌）:HK$372', '影音大床房（慕思床墊+智能客控+巨幕投影）:HK$396', '行政雙床房（慕思床墊+智能客控+全景落地窗）:HK$396']"
太舞小鎮鷹巢酒店,9.2,"['悦舞雙床房:HK$437', '悦舞大床房:HK$437', '雪國三劍客:HK$546', '煥舞家庭房:HK$546']"
張家口崇禮富龍四季小鎮度假酒店,9.3,"['高級房大床:HK$1,073', '高級房雙床:HK$1,073', '高級房:HK$1,073', '高級大床房高樓層:HK$1,182', '高級雙床房高樓層:HK$1,182', '豪華大床房:HK$1,379']"
張家口雪如意維景酒店,9.3,"['高級雙床房:HK$603', '高級大床房:HK$603', '特惠雙床房:HK$603', '園景豪華大床房:HK$742', '豪華家庭房:HK$742']"
