酒店名称,评分,房型价格列表
張掖華辰國際大酒店,9.6,"['商務大床房+TOTO衞浴:HK$521', '濕地觀景標間+TOTO衞浴:HK$521', '商務會客房+TOTO衞浴+會客區:HK$543', '雪山觀景標間+TOTO衞浴+落地窗:HK$543', '零壓標間+夢百合床品+TOTO衞浴:HK$554']"
和頤至尚酒店（張掖西站鐘鼓樓店）,9.6,"['商務大床房A+夢百合墊床+新風系統+加濕器+全屋智能:HK$482', '雙床房A+新風系統+夢百合零壓墊床+冰箱+加濕器+投屏:HK$499', '商務大床房+夢百合墊床+小冰箱+加濕器+全屋智能+投屏:HK$499', '雙床房+夢百合墊床+小冰箱+加濕器+全屋智能+手機投屏:HK$518', '高級大床房+夢百合墊床+小冰箱+加濕器+零壓枕+投屏:HK$526']"
張掖璞悅酒店（高鐵西站店）,9.5,"['豪華雅緻大床房:HK$773', '豪華雅緻雙床房:HK$773', '尊享行政大床:HK$995', '尊享行政雙床房:HK$995', '尊享行政親子房:HK$1,139']"
漢庭酒店（張掖西站店）,9.7,"['舒壓高級大床房【金可兒床墊+電視投屏+加濕器】:HK$480', '舒壓高級雙床房【金可兒床墊+電視投屏+加濕器】:HK$593', '舒壓-高級家庭房【金可兒床墊+小冰箱+小童牙具+舒適】:HK$744', '套房【金可兒床墊+電視投屏+會客廳+小冰箱+加濕器】:HK$876']"
絲路美華酒店（張掖市政府店）,9.7,"['温馨大床房（零壓深睡眠 靜音加濕器）:HK$275', '驚喜大床房（零壓深睡眠 靜音加濕器）:HK$275', '輕奢大床房（零壓深睡眠 靜音加濕器）:HK$298', '舒適大床房（零壓深睡眠+靜音加濕器）:HK$320']"
北辰酒店（張掖西站鐘鼓樓店）,9.3,"['雅緻標準間:HK$345', '觀景標準間:HK$369', '典雅大床房:HK$382', '靜雅豪華標準間:HK$405']"
如家酒店·neo（張掖大佛寺明清街店）,9.6,"['大床房:HK$355', '商務大床房:HK$372', '雙床房:HK$380', '高級大床房:HK$397']"
千璽絲路國際酒店（張掖西站店）,9.1,"['超大床房:HK$599', '舒適城景雙床房:HK$599', '行政城景雙床房:HK$643', '舒適城景家庭房:HK$753', '舒適城景套房:HK$818']"
張掖順祥酒店（高鐵西站店）,8.7,"['特惠雙床房-安心好眠:HK$409', '優選商務雙床房:HK$442', '慧選舒適大床房:HK$458', '精選豪華雙床房:HK$491']"
桔子酒店（張掖西站店）,9.6,"['高級大床房（全屋智能+小冰箱+金可兒床墊）:HK$402', '商務大床房（全屋智能+商務辦公+金可兒床墊）:HK$432', '高級雙床房（全屋智能+金可兒床墊+舒適安睡）:HK$462', '家庭親子房（金可兒床墊+全屋智能+舒適安睡）:HK$492']"
張掖君頤臻品酒店（甘州市場店）,9.2,"['尊享影音大床房（超大投影）:HK$297', '尊享影音雙床房（超大投影）:HK$297', '臻品雙床房:HK$350', '臻品大床房:HK$350', '豪華雙床房:HK$455']"
張掖潤湖假日酒店,9.8,"['家庭親子房:HK$1,092', '悦心家庭房:HK$1,408', '行政套房:HK$1,737', '豪華行政套房:HK$2,065']"
7天酒店（張掖高鐵西站店）,9.7,"['新7天自在大床房:HK$326', '新7天舒適大床房:HK$343', '新7天舒適雙床房:HK$343', '新7天影趣大床房:HK$351']"
絲路瑞華酒店（張掖西高鐵站店）,9.3,"['絲路芳華智能雙床房（全屋智能客控+靜音加濕器+高端床墊）:HK$435', '絲路芳華智能大床房（全屋智能客控+靜音加濕器+高端床墊）:HK$453', '絲路瑞華智能雙床房（全屋智能客控+靜音加濕器+高端床墊）:HK$501', '絲路瑞華智能大床房（全屋智能客控+靜音加濕器+高端床墊）:HK$517', '絲路瑞華智能三人間（全屋智能客控+靜音加濕器+高端床墊）:HK$709']"
張掖高鐵西站希爾頓歡朋酒店,9.7,"['舒適房-大床（舒達床墊+新風系統+智能客控）:HK$768', '高級房-大床（舒達床墊+新風系統+智能客控）:HK$884', '高級房-雙床（舒達床墊+新風系統+智能客控）:HK$903', '豪華房-大床（舒達床墊+新風系統+智能客控）:HK$932', '豪華親子房-大床（舒達床墊+新風系統+親子沙發床）:HK$951']"
藝龍瑞雲酒店（張掖西站鐘鼓樓店）,9.6,"['智享觀影雙床房+智能客控+巨幕影視會員+零壓枕+加濕器:HK$459', '臻享觀影大床房+智能客控+巨幕影視會員+零壓枕+加濕器:HK$459', '樂享親子房+智能客控+高端床墊零壓枕+加濕器+智能馬桶:HK$487', '瑞享觀影大床房+智能客控+巨幕影視會員+零壓枕+加濕器:HK$487']"
嘉泰賓館（張掖甘州市場鐘鼓樓店）,8.9,"['舒適雙床房（一次性馬桶墊+書桌休閑椅）:HK$251', '特大床·舒適零壓大床房（零壓床墊+一次性馬桶墊）:HK$267', '特大床·高級零壓大床房（高端零壓床墊+大空間）:HK$284', '高級三人間（一次性馬桶墊+書桌休閑椅）:HK$333']"
鑽石國際酒店（張掖高鐵西站店）,9.4,"['鑽石•簡約雙床房:HK$399', '鑽石•經典雙床房（盡享安眠）:HK$414', '鑽石•經典大床房（盡享安眠）:HK$422', '鑽石•雲逸雙床房（專享空氣清新）:HK$454', '鑽石•雲逸大床房（專享空氣清新）:HK$463']"
隱山小築,9.6,"['【祁連】小築特惠投影雙床房:HK$328', '【合黎】小築特色投影大床房:HK$328', '【焉支】小築豪華投影雙床房:HK$359', '【丹霞】小築loft投影陽光大床房:HK$380']"
張掖旭洲賓館（鐘鼓樓甘州市場店）,9.1,"['特惠·舒適單人間（小空間+一次性馬桶墊）:HK$245', '舒適雙床房（一次性馬桶墊+書桌休閑椅）:HK$251', '豪華大床房（一次性馬桶墊）:HK$251', '高級雙床房（大空間+書桌休閑椅）:HK$267']"
張掖金豪假日酒店（鐘鼓樓店）,9.1,"['金翎·雲鏡雙床房（零壓床墊+智能客控+靜音加濕器）:HK$395', '金翎 ·雲鏡大床房（零壓床墊+智能客控+靜音加濕器）:HK$410', '鎏金·雲棲大床房（零壓床墊+智能客控+靜音加濕器）:HK$435', '鎏金·雲棲雙床房（零壓床墊+智能客控+靜音加濕器）:HK$437']"
張掖丹霞大酒店,9.1,"['普通標間（無窗）:HK$270', '普通大床（無窗）:HK$270', '豪華標間:HK$352', '豪華單間:HK$352', '家庭房:HK$483']"
絲路陽光國際酒店（張掖高鐵站店）,9.6,"['行政標準間:HK$548', '奢華標準間:HK$806', '行政大床房:HK$806', '奢華大床房:HK$890', '奢華親子房:HK$918']"
張掖鼎和國際大酒店,8.8,"['和悦·舒睡大床房:HK$351', '和悦·舒睡雙床房:HK$375', '和景·城景雙床房:HK$433', '和景·城景大床房:HK$433', '和韻·行政雙床房:HK$466']"
途客尚鄰酒店（張掖高鐵西站店）,9.4,"['鋭尊大床房（電動窗簾+天窗觀星）:HK$263', '鋭選大床房（釋壓床墊+臨窗觀景）:HK$280', '鋭奢雙床房（釋壓床墊+臨窗觀景）:HK$281', '鋭享大床房（釋壓床墊+臨窗觀景）:HK$290']"
張掖金陽國際飯店,9.3,"['靜謐絲路大床房:HK$365', '靜謐絲路雙床房:HK$365', '豪華絲路雙床房:HK$426', '豪華絲路大床房:HK$426', '尊享影音雙床房:HK$452']"
張掖賓館,9.4,"['豪華標準間B:HK$611', '豪華湖景標間B:HK$643', '豪華單間:HK$665', '豪華園景標間:HK$692', '豪華湖景單間:HK$698', '豪華園景單間:HK$770']"
星程酒店（張掖西站區政府店）,9.6,"['高級雙床房（明亮層高+尊享商務+金可兒床墊）:HK$419', '高級大床房（明亮層高+舒適睡眠+金可兒床墊）:HK$437', '高級複式套房（明亮層高+Loft+金可兒床墊）:HK$502', '星程親子房:HK$550']"
望山國際大酒店（張掖西站店）,9.7,"['望山·温馨大床房:HK$872', '望山·輕奢雙床房:HK$1,137', '望山·尊享大床房:HK$1,161', '望山·尊享親子房:HK$1,461', '望山·尊貴湖景套房:HK$1,866', '望山·Loft親子房:HK$1,877']"
漢庭酒店（張掖市政府店）,9.9,"['舒壓-高級大床房【商務辦公+舒適安睡+金可兒床墊】:HK$567', '舒壓-雙床房【金可兒床墊+加濕器+安靜舒適】:HK$648', '舒壓-家庭房【小童牙具拖鞋+加濕器+金可兒床墊】:HK$747', '套房:HK$926']"
恆達麗景酒店（張掖西站店）,9.4,"['景觀精品雙床房:HK$436', '景觀精品大床房:HK$500', '麗景雪山觀景雙床房:HK$565', '麗景雪山觀景大床房:HK$630', '麗景景觀親子房:HK$758']"
海友酒店（張掖鐘鼓樓明清街店）,9.7,"['大床房（景觀窗+喜臨門床墊）:HK$357', '高級大床間（外景窗+喜臨門床墊）:HK$377', '雙床房（景觀窗+喜臨門床墊）:HK$377', '高級雙床房（外景窗+喜臨門床墊）:HK$396']"
張掖尚景國際酒店（鐘鼓樓店）,9.0,"['印象尚景雙床房:HK$448', '雅緻雙床家庭房:HK$482', '印象尚景大床房:HK$524', '雲瀾主題親子房:HK$648', '風雲行政套房:HK$710']"
張掖尚景假日酒店（高鐵站店）,9.5,"['惠致雙床房:HK$436', '惠致大床房:HK$456', '印象尚景雙床房（全屋智能客控+高端床墊+睡到自然醒）:HK$476', '印象尚景大床房（全屋智能客控+高端床墊+智能馬桶+睡到自然醒）:HK$496', '棲遲尚景雙床房（全屋智能客控+高端床墊+睡到自然醒）:HK$516']"
如家精選酒店（張掖高鐵西站店）,9.6,"['商務大床房:HK$390', '雙床房:HK$398', '高級大床房:HK$415', '高級雙床房:HK$425']"
全季酒店（張掖西站店）,9.7,"['高級大床房（舒適安睡+智能馬桶+金可兒床墊）:HK$403', '舒壓高級大床房（舒適安睡+天然乳膠枕+金可兒床墊）:HK$453', '雙床房（舒適安睡+智能馬桶+金可兒床墊）:HK$473', '舒壓雙床房（金可兒床墊+舒適安睡+天然乳膠枕）:HK$502']"
公航旅·丹霞明珠酒店（張掖七彩丹霞景區店）,9.5,"['豪華雙床房:HK$1,292', '豪華大床房:HK$1,292', '無障礙房:HK$1,292', '豪華家庭房:HK$1,464', '明珠童趣親子房:HK$1,550']"
張掖都城假日酒店（甘州區高鐵西站店）,9.3,"['麗致雙床房:HK$389', '尊享麗致雙床房:HK$442', '馨享雅緻大床房:HK$465', '尊享商務大床房:HK$580', '尊享商務雙床房:HK$580']"
張掖鑫盛悅國際酒店（張掖高鐵西站店）,9.3,"['精選大床房:HK$469', '温馨圓床房（全屋智能客控）:HK$546', '鑫悦豪華雙床房:HK$546', '豪華大床房（全屋智能客控）:HK$549', '豪華雙床房（全屋智能客控）:HK$549']"
張掖智選假日酒店,9.2,"['高級房雙床:HK$416', '高級房大床:HK$416', '高級房雙床城市景觀:HK$515', '高級房大床城市景觀:HK$515', '高級房親子小童主題:HK$609']"
天潤金座酒店（張掖高鐵西站店）,9.1,"['樂享雙床房:HK$265', '舒享雙床房:HK$303', '舒享大床房:HK$335', '舒享三床房:HK$417']"
金蒂梵爾國際酒店（張掖西站店）,9.4,"['靜謐尊享•雙床房丨加濕器+智能馬桶+蠶絲被+零壓床墊:HK$643', '一覽城景•雙床房丨加濕器+智能馬桶+蠶絲被+零壓床墊:HK$658', '釋壓靜逸•大床房 丨加濕器+智能馬桶+蠶絲被+零壓床墊:HK$662', '城景酣睡•大床房丨加濕器+智能馬桶+蠶絲被+零壓床墊:HK$669', '温馨•親子主題房丨加濕器+智能馬桶+小童用品+零壓床墊:HK$878']"
蘆水灣度假酒店（張掖國家濕地公園店）,9.2,"['靜謐雅居大床房【零壓床枕+智能馬桶】:HK$174', '靜謐雅居雙床房【零壓床枕+智能馬桶】:HK$180', '霞歸雅居大床房【通透採光+零壓床枕+智能馬桶】:HK$250', '霞歸雅居雙床房【通透採光+零壓床枕+智能馬桶】:HK$258']"
府城四合院,9.9,"['雙床房（蒙古族）:HK$738', '雙床房（堂屋）:HK$738', '雙床房（張掖老屋）:HK$738', '雙床房（法國老屋）:HK$738']"
凱藝酒店（張掖西站店）,9.2,"['高級雙床房:HK$350', '高級大床房:HK$385', '豪華雙床房:HK$420', '豪華大床房:HK$455']"
張掖如初EVERSO民宿,9.7,"['星空大床房:HK$400', '院景大床房:HK$566', '院景豪華大床房:HK$662', '榻榻米套房:HK$796']"
宜尚酒店（張掖西站鐘鼓樓店）,9.5,"['智能標準大床房（智能客控-空氣凈化器+加濕器）:HK$405', '智能高級大床房（智能客控-空氣凈化器+加濕器）:HK$420', '智能高級雙床房（智能客控-凈化器+加濕器）:HK$428', '智能豪華大床房（空氣凈化器+加濕器）:HK$435']"
張掖天薇國際酒店（張掖高鐵西站店）,9.2,"['豪華家庭房:HK$384', '豪華單人間:HK$400', '豪華標間:HK$408', '商務標準間:HK$408', '豪華套房:HK$580']"
公航旅·祁連明珠酒店          （張掖西站張掖國家濕地公園店）,9.1,"['特惠雙床房:HK$470', '特惠大床房:HK$470', '豪華標準間:HK$595', '豪華大床房:HK$595', '丹霞主題標準間:HK$615']"
張掖銳馳國際酒店（甘州區區政府張掖西站店）,9.4,"['靜謐\xad\xad\xad零壓雙床房:HK$524', '零壓雙床房:HK$566', '零壓大床房:HK$595', '花海·景觀雙床房:HK$637', '花海·景觀大床房:HK$666']"
