酒店名称,评分,房型价格列表
忻州維也納國際酒店,9.2,"['高級大床房:HK$292', '高級雙床房:HK$314', '豪華大床房:HK$324', '豪華雙床房:HK$335', '行政套房:HK$434']"
柏林未來智能奢品酒店（忻州古城店）,9.3,"['初見·智能大床房|0壓舒睡床墊+一級親膚布草:HK$205', '治癒·影音大床房|巨幕投屏+0壓舒睡床墊＋影視會員:HK$212', '安夢·高級大床房|全屋智能+一級親膚布草+0壓舒睡床墊:HK$216', '愛慕·奢品大床房|全屋智能+一級親膚布草+0壓舒睡床墊:HK$226']"
忻州宏瑞美華酒店（開來欣悦購物廣場店）,9.3,"['高級大床房 | 夢百合零壓床 | 大窗觀景:HK$257', '高級雙床房 | 夢百合零壓床 | 大窗觀景 |:HK$265', '豪華大床房 | 夢百合零壓床 | 大窗觀景:HK$284', '豪華雙床房 | 夢百合零壓床 | 大窗觀景:HK$292']"
桃花島江湖温泉民宿酒店（忻州古城店）,9.9,"['忘憂|安逸大床房•進口洗護•零壓枕床•花園景觀•深睡眠:HK$471', '醉夢|晉韻大床房•高貢緞抗菌床品•進口洗護•陽光温馨>:HK$580', '凌雲|輕逸雙床房•零壓床枕•除菌高貢緞床品•靜謐陽光>:HK$645', '拂塵|花園大床•白瓷温泉•複式聽泉•智能零壓:HK$754', '問劍|花園複式•浴缸温泉•家庭親子•歡朋品茗•智能零壓:HK$973']"
觀山築陌野影宿酒店（忻州古城店）,9.2,"['特惠大床房:HK$151', '投影大床房:HK$167', '温馨精緻大床房:HK$174', '温馨精緻雙床房:HK$174']"
棠華悅酒店（學府世紀廣場店）,9.5,"['特惠大床房:HK$230', '特惠雙床房:HK$230', '精選雙床房:HK$282', '精選大床房:HK$282']"
如家商旅酒店（忻州古城店）,9.5,"['商務大床房:HK$316', '安心睡大床房:HK$351', '雙床房:HK$367', '安心睡雙床房:HK$402']"
忻州實習大酒店,9.4,"['商務標準間:HK$290', '商務大床房:HK$290', '豪華標準間:HK$319', '豪華大床房:HK$319']"
喆非鋭品酒店（忻州泛華城市廣場店）,9.3,"['品致大床房:HK$237', '品致雙床房:HK$237', '鋭意大床房:HK$284', '鋭意雙床房:HK$284', '鋭趣家庭房:HK$393']"
陌上輕居酒店（忻州開來購物廣場店）,9.7,"['風韻大床房:HK$180', '雅緻雙床房:HK$226', '雅緻大床房:HK$229', '品學大床房:HK$230', '品學雙床房:HK$230']"
忻州維也納温泉酒店,9.0,"['高級大床房（温泉水）:HK$238', '高級雙床房（温泉水）:HK$259', '豪華大床房（温泉水）:HK$292', '豪華雙床房（温泉水）:HK$292']"
知忻俯温泉民宿（忻州古城店）,9.4,"['慧遠居丨特惠丨全屋智能丨舒達床墊:HK$436', '管涔居丨特惠丨全屋智能丨舒達床墊:HK$492', '新興閣投影房丨全屋智能丨舒達床墊:HK$546', '禹王居丨親子家庭丨全屋智能丨舒達床墊:HK$655']"
東成里民宿（忻州古城店）,9.8,"['知秋·餘歡觀雲雙床房（全屋智能+高清影視+落地窗）:HK$189', '皎月·覓知輕奢雙床房（智能家居+百寸投影+落地窗）:HK$189', '棲桃·畫堂春朝露大床房（高清影視+180觀景窗）:HK$191', '樸境·歸心日照大床房（智能家居+落地窗+LED化粧鏡）:HK$200']"
花築·陌野月色温泉民宿（忻州古城店）,9.7,"['標準雙床房『全智能+慕思床墊+戴森吹風+法式香氛』:HK$463', '私湯特惠大床房『全智能+慕思床墊+戴森吹風』:HK$603', '私湯大床房『全智能+慕思床墊+戴森吹風』:HK$726', '私湯雙床房『全智能+慕思床墊+戴森吹風機』:HK$849']"
七星精選酒店（忻州體育公園店）,9.7,"['零壓舒睡雙床房（無窗）:HK$133', '零壓舒睡大床房（無窗）:HK$137', '零壓優享大床房（喜臨門床墊+三區分離+酣暢舒睡）:HK$156', '零壓商務大床房（喜臨門床墊+三區分離+酣暢舒睡）:HK$166']"
海瀾瑾程酒店（忻州一中店）,9.2,"['商務標準間:HK$162', '主題大床房:HK$162', '行政標準間:HK$189', '榻榻米大床房:HK$189']"
如你所院民宿（忻州古城南門店）,9.5,"['染冬104（零壓大床房）:HK$171', '沐夏102（零壓大床房）:HK$179', '悦己202（零壓大床房）:HK$187', '居家101（旅居大床房）:HK$187']"
舒然小屋（忻州古城店）,9.4,"['春祺:HK$283', '秋綏:HK$283', '夏安:HK$283', '冬禧:HK$283']"
安隱温泉度假酒店（忻州古城店）,9.8,"['古韻四合·特惠私密大床房:HK$534', '小美滿·酣暢甜睡大床房:HK$695', '窯洞・豪華景觀親子房:HK$762', '庭院景觀·雙床房:HK$763', '古韻四合·親子房:HK$807']"
忻州雨晨民宿（忻州古城店）,9.8,"['精選雙床房8108:HK$156', '豪華大床房8103:HK$222', '豪華棋牌大床房8105:HK$222', '豪華大床房8201:HK$222']"
五台山大酒店（忻州高鐵站開來欣悦購物廣場店）,9.3,"['蘭逸私享雙床房 | 全屋智能 | 茶藝空間 | 舒適好眠:HK$255', '蘭沁豪華雙床房 | 全屋智能 | 茶藝空間 | 舒適好眠:HK$273', '蘭錦行政雙床房 | 全屋智能 | 茶藝空間 | 舒適好眠:HK$301', '蘭錦行政大床房 | 全屋智能 | 茶藝空間 | 超大床墊 | 舒適好眠:HK$310']"
忻州雲棲開元榮景酒店,9.5,"['榮景單人房:HK$382', '園景雙床房:HK$437', '河景雙床房:HK$502', '河景大床房:HK$568', '豪華大床房:HK$776']"
美豪酒店（忻州店）,9.5,"['精緻大床房:HK$322', '英倫風情大床房（可投屏）:HK$334', '維多利亞雙床房（可投屏）:HK$375', '榻榻米大床房（可投屏）:HK$378', '舒享影院雙床房（可投屏）:HK$397']"
且慢湯泉康養民宿溫泉酒店（忻州古城店）,9.8,"['輕奢私湯大床房 · 通風落地窗户:HK$579', '獨院 · 私湯大床房 · 通風落地窗户:HK$688', '豪華私湯大床房 · 通風落地窗户:HK$765', '獨院 · 豪華私湯大床房 · 通風大窗户:HK$808']"
萬信至格酒店（忻州古城店）,9.2,"['主題零壓大床房:HK$193', '舒適零壓大床房:HK$201', '（暢享影音）豪華大床房:HK$209', '優選零壓大床房:HK$209', '舒適雙床房:HK$217']"
容鑫別院（忻州古城店）,9.7,"['806容靜雅舍・簡約單人房丨木質收納+零壓床墊+深度睡眠:HK$119', '808容馨雅居・簡約雙床房丨零壓床墊+深度睡眠+巖石衞浴:HK$204', '809容雅馨居・禪意大床房丨木質衣櫃+液晶電視+零壓床墊:HK$214', '812容錦雅軒・舒居雙床房丨簡約收納+獨立衞浴+觀景明窗:HK$230']"
牧瑤温泉民宿（忻州古城店）,9.6,"['臻品雙床房/全屋智能/温泉淋浴:HK$349', '雲端露台大床房 /全屋智能/温泉淋浴:HK$383', '温馨家庭房 /全屋智能/温泉淋浴:HK$447', '臻品大床房/全屋智能/温泉淋浴:HK$463']"
尚客優酒店（忻州站店）,9.1,"['智能觀影大床房（100寸投影幕布+智能語音客控）:HK$274', '智能豪華雙床房（智能語音客控+品牌床墊）:HK$307', '智能豪華大床房（智能語音客控+品牌床墊）:HK$363', '智能豪華套房（智能語音客控+獨立客廳+品牌床墊）:HK$414']"
蘭亭序温泉民宿（忻州古城店）,9.7,"['四合院私湯舒適雙床房 | 全屋智能:HK$574', '四合院私湯景觀大床房 | 全屋智能:HK$679', '四合院私湯景觀雙床房 | 全屋智能:HK$783', '庭院私湯豪華觀景大床房 | 全屋智能:HK$888']"
希岸酒店（忻州開來欣悅購物廣場店）,9.2,"['希岸雅緻大床房（零壓床墊+電視投屏）:HK$291', '希岸豪華大床房（零壓床墊+電視投屏）:HK$314', '希岸豪華雙床房（零壓床墊+電視投屏）:HK$314', '希岸商務大床房（零壓床墊+電視投屏）:HK$348']"
居然溫泉花園酒店（居然之家忻州高鐵站店）,8.9,['温泉沐浴優享空中閣樓:HK$156']
福田花雨温泉度假酒店（忻州古城店）,9.7,"['温泉私湯觀影雙床房:HK$611', '特惠温泉私湯大床房:HK$699', '温泉私湯觀影大床房:HK$874', '獨院·室內温泉私湯大床房:HK$982', '獨院·陽光滿屋温泉大床房:HK$982']"
忻州科瀾酒店（忻府區店）,9.5,"['瀾知雙床房:HK$326', '瀾定雙床房:HK$358', '瀾清大床房:HK$402', '瀾清雙床房:HK$402', '瀾靜大床房:HK$435']"
十三月溫泉民宿（忻州古城店）,9.8,"['庭院大床房 | 私湯温泉泡池:HK$825', '獨院▪大床房 | 私湯温泉泡池:HK$919', '庭院雙床房 | 私湯温泉泡池:HK$1,013', '獨院▪家庭房 | 私湯温泉泡池:HK$1,201', '尊享獨院▪家庭房||私湯温泉泡池:HK$1,201']"
忻州新紫檀商務酒店（忻府區店）,9.3,"['甄選·舒適大床房【全屋智能客控+零壓深睡床品+55寸智能電視+人體工學辦公桌椅】:HK$283', '高級大床房【全屋智能+親膚床品+自由投屏+靜謐舒適】:HK$298', '高級雙床房【全屋智能+親膚床品+獨立WIFI+靜謐舒適】:HK$299', '臻選·舒適雙床房【全屋智能客控+零壓深睡床品+55寸智能電視+人體工學辦公桌椅】:HK$299']"
全季酒店（忻州雁門大廈店）,9.5,"['高級大床房:HK$402', '舒壓高級大床房:HK$452', '高級雙床房:HK$452', '商務雙床房:HK$502']"
拾宿·設計師·花園式古宅院落民宿（忻州古城店）,9.7,"['八端·智能高級雙床房:HK$545', '五華·觀影精品大床房:HK$653', '九玄·觀影智能大床房:HK$653', '二道·景觀智能大床房:HK$763']"
明悅精選酒店（忻州西站店）,9.7,"['悦享零壓雙床房（親膚布草+夢百合零壓床墊+智能馬桶）:HK$153', '悦享零壓大床房（親膚布草+夢百合零壓床墊+智能馬桶）:HK$153', '悦享尊享大床房（親膚布草+夢百合零壓床墊+智能馬桶）:HK$175', '悦享零壓家庭房（親膚布草+夢百合零壓床墊+智能馬桶）:HK$196']"
忻州澤亨酒店（開來欣悦廣場店）,9.2,"['逸緻優享雙床房:HK$266', '逸緻優享大床房:HK$278', '逸緻茶藝雙床房:HK$307', '雅緻茶藝雙床房:HK$337']"
忻州古城壹城傾宿,9.4,"['烏桕|舒適雙床房（大落地窗·豪華乳膠床墊·科勒衞浴·負離子電吹風·加濕器）:HK$374', '梧桐|舒適大床房（大落地窗·豪華乳膠床墊·科勒衞浴·負離子電吹風·加濕器）:HK$374', '銀樺|輕奢大床房（大落地窗·豪華乳膠床墊·科勒衞浴·負離子電吹風·加濕器）:HK$527', '楓楊|豪華浴缸茶室大套房（大落地窗·豪華乳膠床墊·科勒衞浴·負離子電吹風·加濕器）:HK$639']"
忻州雲景酒店（職業技術學院店）,9.0,"['雅緻·特惠房:HK$167', '雅緻·舒適大床房:HK$196', '雅緻·舒適雙床房:HK$196', '書香清雅大床房:HK$203']"
如院温泉民宿（忻州古城店）,9.6,"['庭院景觀大床房|私湯温泉+泡泡活動+露天觀影:HK$872', '主題大床房|私湯温泉+泡泡活動+露天觀影:HK$908', '豪華景觀雙床房|私湯温泉+泡泡活動+露天觀影:HK$979', '庭院親子房|私湯温泉+泡泡活動+露天觀影:HK$1,121', '超級滑梯Loft閣樓房|私湯温泉+泡泡活動+露天觀影:HK$1,121']"
忻州漢鼎國際酒店,8.1,"['商務雙床房:HK$201', '商務大床房:HK$254', '舒適三人房:HK$394', '親子家庭套房:HK$576']"
忻州泛華酒店主題部,9.2,"['主題樓商務標間:HK$?', '主題樓商務大床:HK$?']"
中輝星睿公寓酒店（忻州新建南路店）,8.5,"['豪華尊享大床房:HK$221', '豪華尊享雙床房:HK$240', '豪華複式家庭房:HK$267']"
九渡覓隱民宿（忻州古城店）,9.2,"['春沃·簡約雙床房:HK$381', '晨夕·簡約大床房:HK$381', '柯昀 · Loft大床房:HK$480', '佳怡·家庭套房·雙床（麻將機）（浴缸）:HK$971']"
漢庭酒店（忻州和平中街店）,9.5,"['大床房:HK$206', '高級大床房:HK$235', '高級雙床房:HK$254', '家庭房:HK$291']"
花美時温泉酒店（忻州古城店）,9.5,"['花蕾雙床房（全屋智能零壓床墊+護頸記憶枕+智能馬桶）:HK$469', '思城大床房（全屋智能+3D零壓床墊+慢回彈護頸記憶枕+全智能馬桶）:HK$469', '享城三人間（全屋智能+3D零壓床墊+慢回彈護頸記憶枕+全智能馬桶）:HK$545', '思城家庭房（全屋智能+3D零壓床墊+慢回彈護頸記憶枕+全智能馬桶）:HK$545', '花蕾複式房（温馨閣樓+私密小童屋）:HK$545']"
漢庭酒店（忻州建設南路店）,9.5,"['高級大床房（投屏電視）:HK$283', '高級雙床房（投屏電視）:HK$337', '家庭房（投屏電視）:HK$373']"
美尚精選酒店（忻州高鐵西站店）,9.5,"['特惠大床房:HK$162', '特惠雙床房:HK$169', '舒適大床房:HK$173', '舒適雙床房:HK$183']"
