酒店名称,评分,房型价格列表
麗楓酒店（揭陽榕城店）,9.5,"['雅緻大床房:HK$351', '豪華大床房:HK$412', '豪華雙床房:HK$447', '純凈雙床房:HK$482', '商務大床房:HK$490']"
全季酒店（揭陽潮汕國際機場店）,9.8,"['大床房:HK$340', '高級大床房:HK$359', '商務大床房:HK$397', '商務雙床房:HK$453']"
揭陽榕城揭陽樓亞朵酒店,9.6,"['雅緻大床房:HK$385', '高級大床房:HK$412', '行政大床房:HK$493', '幾木江景大床房:HK$537', '幾木家庭房:HK$537']"
全季酒店（揭陽建陽路店）,9.6,"['高級大床房:HK$357', '商務大床房:HK$376', '豪華大床房:HK$396', '商務雙床房:HK$451', '家庭房:HK$499']"
揭陽萬豪酒店,9.3,"['豪華城景大床房:HK$751', '豪華城景雙床房:HK$751', '豪華江景大床房:HK$879', '豪華江景雙床房:HK$879', '行政大床房:HK$1,083', '行政雙床房:HK$1,083']"
揭陽高鐵站希爾頓歡朋酒店,9.5,"['舒適大床房:HK$364', '高級雙床房:HK$382', '高級大床房:HK$382', '豪華雙床房:HK$421', '豪華大床房:HK$421']"
揭陽榕江大酒店,9.2,"['裙樓高級大床房:HK$396', '裙樓豪華雙床房:HK$426', '裙樓豪華大床房:HK$426', '主樓高級大床房:HK$463', '主樓高級雙床房:HK$463', '主樓豪華雙床房:HK$494']"
滿希酒店（揭陽進賢門城樓店）,9.5,"['一城繁間大床房:HK$220', '星河入夢投影房:HK$220', '如沐春風浴缸房:HK$241', '朝花夕拾大床房:HK$252']"
麗楓酒店（揭陽榕城淡浦店）,9.7,"['雅緻大床房:HK$241', '豪華大床房:HK$285', '豪華雙床房:HK$285', '商務大床房:HK$311']"
東湖大酒店（揭陽榕城區東湖公園店）,9.0,"['豪華雙床房:HK$390', '豪華大床房:HK$390', '湖景雙床房:HK$455', '湖景大床房:HK$460', 'C棟致尊大床房:HK$471']"
桔子酒店（揭陽大道店）,9.5,"['高級大床房:HK$359', '商務大床房:HK$387', '豪華大床房:HK$415', '高級雙床房:HK$444']"
揭陽迎賓館,9.6,"['高級雙床房:HK$485', '高級大床房:HK$485', '商務雙床房:HK$515', '商務大床房:HK$515', '潮汕主題房:HK$574', '小童主題房:HK$643']"
麗楓酒店（揭陽喬南陽美玉都店）,9.6,"['豪華大床房:HK$299', '景觀大床房:HK$308', '豪華雙床房:HK$317', '花園景觀大床:HK$324']"
麗楓酒店（揭陽潮汕機場店）,9.4,"['豪華大床房:HK$227', '商務大床房:HK$233', '豪華雙床房:HK$240', '商務雙床房:HK$253']"
凱里亞德酒店（揭陽榕城店）,9.6,"['輕享大床房:HK$251', '優享大床房:HK$275', '優享雙床房:HK$292', '榮享景觀套房:HK$373']"
嘉虹酒店（揭陽潮汕國際機場店）,9.3,"['高級大床房:HK$321', '高級雙床房:HK$321', '商務艙大床房:HK$341', '商務艙雙床房:HK$341']"
維也納酒店（揭陽潮汕客運大樓店）,9.6,"['高級大床房:HK$248', '高級雙床房:HK$248', '豪華大床房:HK$272', '豪華雙床房:HK$288']"
鉑頓國際公寓（揭陽喬南玉都店）,9.3,"['城景大床房（俯瞰城景+全棉床品+功夫茶具）:HK$191', '城景雙床房（高空城景+全棉床品+功夫茶具）:HK$200', '豪華雙床房（俯瞰景觀+乾濕分離+功夫茶具）:HK$266', '零壓大床房（夢百合床墊+深睡枕頭+功夫茶具）:HK$267']"
悦季酒店（揭陽陽美玉都店）,9.5,"['悦品大床房:HK$248', '悦品雙床房:HK$305', '悦致大床房:HK$352', '悦致雙床房:HK$369']"
錦江之星酒店（揭東人民廣場店）,10.0,"['星悦標準大床房:HK$166', '星選標準雙床房:HK$190', '星選豪華家庭房:HK$230', '行政大床房:HK$246']"
天鵬酒店（揭陽潮汕機場店）,8.8,"['標準雙床房:HK$225', '標準大床房:HK$225', '豪華大床房（新）:HK$288', '豪華雙床房（新）:HK$288']"
麗楓酒店（揭陽榕城揭陽樓店）,9.5,"['雅緻大床房:HK$285', '標準大床房:HK$303', '豪華大床房:HK$372', '豪華雙床房:HK$390']"
維也納國際酒店（揭陽陽美玉都店）,9.6,"['高級雙床房:HK$249', '高級大床房:HK$260', '豪華雙床房:HK$282', '豪華大床房:HK$293']"
揭陽維多麗亞假日商務酒店（廣百廣場實驗中學店）,9.3,"['精緻雙床房（別苑+舒適安靜+乳膠床墊）:HK$213', '精緻大床房（別苑+舒適安靜+乳膠床墊）:HK$213', '智能聲控麗亞雙床房（智能小度+智能投屏+冷暖空調+乳膠床墊）:HK$228', '智能聲控麗亞大床房（智能小度+智能投屏+語音控制+乳膠床墊）:HK$228']"
維也納國際酒店（揭陽人民大道店）,9.5,"['高級大床房:HK$264', '豪華大床房:HK$271', '豪華雙床房:HK$271', '豪華套房:HK$302']"
揭陽得州花園酒店,8.6,"['智能雅緻大床房:HK$323', '智能豪華大床房:HK$351', '智能輕奢浴缸大床房:HK$360', '智能輕奢浴缸雙床房:HK$379', '智能影音豪華大床房:HK$379']"
希岸酒店（揭陽揭東霖磐店）,9.4,"['惠享·小而美雅緻房（智能客控+藍牙音箱）:HK$238', '樂享·玲瓏大床房（慕斯床墊+智能投屏）:HK$262', '樂享·玲瓏雙床房（慕斯床墊+智能投屏）:HK$286', '尊享·江南大床房（匠心藝景+功夫茶具+小冰箱）:HK$294']"
維也納酒店（揭陽榕城萬達廣場店）,9.4,"['豪華大床房-安心休憩+舒適深眠:HK$218', '豪華雙床房-安心四件套+全棉布草:HK$218', '商務雙床房-超大會客面積+商務辦公:HK$237', '商務大床房-安靜睡眠+酒店公區提供洗衣機:HK$237']"
麗楓酒店（揭陽榕城區建設大道店）,9.4,"['雅緻大床房（智能客控+慕斯床墊+電視投屏）:HK$207', '商務大床房（智能客控+慕斯床墊+電視投屏）:HK$224', '豪華大床房（智能客控+慕斯床墊+電視投屏）:HK$228', '商務雙床房（智能客控+慕斯床墊+電視投屏）:HK$244']"
商之都酒店（揭陽陽美玉都店）,9.3,"['尊享大床房:HK$226', '尊享雙床房:HK$231', '豪華大床房:HK$250', '現代尊雅大床房:HK$251']"
巢院民宿,9.4,"['趣味丨園景大床房5號房:HK$156', '全如丨園景大床房7號:HK$167', '勝杯丨園景大床房6號房:HK$178', '尚雅丨複式家庭房1號:HK$233']"
楓江優選酒店（揭陽人民大道店）,9.5,"['智慧優選丨輕享大床房:HK$159', '智慧優選I 雙床房:HK$167', '智慧優選丨高級大床房[獨立滾筒洗衣機|城市街景+舒適明亮]:HK$174', '智慧優選I 榻榻米房:HK$182']"
揭陽巢滙酒店（仁義路店）,9.3,"['巢享智能大床房:HK$261', '巢享智能雙床房:HK$268', '巢享投影智能大床房:HK$268', '巢享投影智能雙床房:HK$274']"
潮·嶼c酒店（揭陽市政府店）,9.1,"['半夏丨特惠大床房【悦享大床房+安靜舒適+採光明亮】:HK$128', '青巒丨商務景觀大床房【親膚床品+寬敞明亮+百寸音影】:HK$144', '思雨丨榻榻米房【小度語音控制+酒店公區自助洗衣房+舒適雅靜】:HK$151', '落日丨韓式榻榻米【濃情蜜意·情侶榻榻米房+小度語音控制+私人影院vip】:HK$157']"
潮汕·歡朋酒店（揭陽潮汕機場店）,9.3,"['一生一世•婚房:HK$1,393', '十全十美•婚房:HK$1,857']"
鉑宸麗致酒店（揭陽潮汕機場店）,9.5,"['商務出差大床房:HK$184', '靜享智能精選影院大床房:HK$193', '雲端智能景觀大床房:HK$201', '巨幕休閑影院大床房:HK$217']"
鴻悦酒店（揭陽新亨店）,9.0,"['高級大床房:HK$270', '豪華大床房:HK$296', '高級雙床房:HK$297', '豪華雙床房:HK$316']"
沐光·致雅美宿（揭東人民廣場店）,9.6,"['致雅特惠大床房:HK$128', '致雅豪華大床房:HK$148', '致雅影音浴缸大床房:HK$170', '致雅【靜心】茶藝大床房:HK$171']"
亦可美宿酒店（揭陽進賢門大道中駿世界城店）,9.5,"['悦享大床房（投影儀+手機投屏+乾濕分離）:HK$123', '悦享豪華大床房（投影儀+手機投屏+酒店公區提供洗衣機）:HK$135', '浪漫榻榻米投影房（投影儀+手機投屏+酒店公區提供洗衣機）:HK$142', '璀璨星空大床房（投影儀+手機投屏+酒店公區提供洗衣機）:HK$151']"
維也納國際酒店（揭陽潮汕機場店）,9.6,"['高級大床房:HK$222', '豪華大床房:HK$240', '豪華雙床房:HK$240', '商務套房:HK$355']"
棲海·美宿酒店,8.7,"['棲海 | 全景大床房（公區提供自助洗衣機+冷暖空調）:HK$220', '棲海 | 精緻大床房（公區提供自助洗衣機+冷暖空調）:HK$236', '棲海 | 高級大床房（公區提供自助洗衣機+自動馬桶）:HK$252', '棲海|夜景雙床房（公區提供自助洗衣機+乾濕分離）:HK$277']"
華珵S雅居酒店（揭陽陽美玉都店）,9.6,"['雅居優眠大床房:HK$177', '智能影音大床房:HK$188', '智能影音雙人房:HK$200', '豪華商旅三人房:HK$253']"
維也納國際酒店（揭陽高鐵站店）,9.6,"['高級大床房:HK$234', '高級雙床房:HK$251', '豪華大床房:HK$260', '豪華雙床房:HK$269']"
潮·如一酒店（揭陽天虹購物中心店）,9.3,"['落日丨影視大床房[超清巨幕+智能馬桶+乾濕分離]:HK$144', '清風丨榻榻大床房[超清巨幕+智能馬桶+觀景視野]:HK$154', '如一丨臻選雙床房[超清巨幕+智能馬桶+採光明亮]:HK$164', '沐光丨智能大床房[智能客控+智能馬桶+巨幕觀影]:HK$185']"
揭陽特美思酒店,7.1,"['商務大床房:HK$275', '商務雙床房:HK$275', '商務套房:HK$425', '總統套房:HK$3,154']"
非繁城品酒店（揭陽高鐵站馬牙北路店）,9.6,"['温馨大床房·智能客控+夢百合床墊+電視投屏:HK$222', '雅緻大床房·智能客控+夢百合床墊+電視投屏:HK$239', '雅緻雙床房·智能客控+夢百合床墊+電視投屏:HK$255', '非繁高級大床房·智能客控+夢百合床墊+電視投屏:HK$264']"
揭陽半島星季國際酒店,8.6,"['滾來滾去大床房:HK$228', '星季景觀雙床房:HK$283', '星季美好睡眠大床房:HK$283', '星季智能語音大床房:HK$338']"
維也納酒店（揭陽淡浦路店）,9.4,"['標準單人房（無窗）:HK$242', '高級雙床房:HK$251', '豪華大床房:HK$269', '豪華雙床房:HK$269']"
遇見拾光美宿,9.0,"['遇見丨影視大床房（巨幕投影身臨其境）:HK$151', '遇見I温馨大床房:HK$162', '遇見I温馨雙床房:HK$162', '遇見|幽靜大床房:HK$184']"
軒輊國際酒店（揭陽潮汕機場店）,9.0,"['特惠精品大床房:HK$128', '臻品高級大床房:HK$144', '智享雅緻豪華大床房:HK$155', '臻品高級雙床房:HK$166']"
