酒店名称,评分,房型价格列表
龍貓精靈酒店（昆明老街南屏街店）,9.4,"['螢火之森雅緻日式大床房-智能投屏:HK$338', '千與千尋悦享簡約大床房-温馨舒適:HK$354', '天空之城陽光街景浴缸房-城市景觀:HK$376', '龍貓温馨舒適親子雙床房-歡樂時光:HK$391']"
美豪麗致酒店（昆明長水機場店）,9.5,"['雅緻城景大床房（零壓床墊+智能客控）:HK$225', '雅緻城景雙床房（零壓床墊+智能客控）:HK$236', '靜雅城景特大床（零壓床墊+智能客控）:HK$248', '靜雅城景投影雙床房（零壓床墊+智能客控）:HK$259', '麗致茶藝棋牌房（零壓床墊+智能客控）:HK$273']"
明宇麗呈酒店（昆明長水國際機場店）,9.7,"['智能優享大床房:HK$363', '智能雅緻雙床房:HK$381', '智能尊享大床房+投影:HK$460', '智能尊享雙床房+投影:HK$468', '智能尊享温馨親子房:HK$489']"
昆明君安酒店（大學城高鐵南站店）,9.5,"['小度AI｜高級景觀大床房【智能客控+高空外景】:HK$325', '小度AI｜高級景觀雙床房【智能客控+高空外景】:HK$329', '小度AI｜高級投影雙床房【智能客控+高空外景】:HK$360', '小度AI｜豪華影音大床房【智能客控+3D投影+高空外景】:HK$371', '小度AI｜豪華影音雙床房【智能客控+3D投影+高空外景】:HK$382']"
昆明江野度假酒店（滇池大觀公園店）,9.6,"['豪華大床房:HK$468', '豪華雙床房:HK$468', '輕奢大床房:HK$500', '觀景陽台大床房:HK$533', '輕奢雙床房:HK$753', 'LOFT家庭套房:HK$1,189']"
昆明林隱酒店（萬象城店）,9.5,"['舒享雙床房（品質床具+助眠記憶枕+冰箱）:HK$305', '舒享大床房（品質床具+助眠記憶枕＋冰箱）:HK$306', '臻享大床房（品質床具+助眠記憶枕＋冰箱）:HK$316', '巨幕影音大床房（JBL 音響＋冰箱＋雷鳥電視機 ）:HK$338', '電競享玩娛樂大床房（4060ti+專業電競屏+冰箱）:HK$349']"
雲朵·裏酒店（昆明老街翠湖公園店）,9.4,"['智能優選大床房（智能客控+零壓床墊+液晶電視）:HK$437', '智能商務大床房（智能客控+記憶枕+液晶電視）:HK$459', '智能設計師舒適大床房（智能客控+記憶枕+零壓床墊）:HK$480', '智能設計師豪華大床房（智能客控+投影屏+零壓床墊）:HK$502', '智能商務雙床房（智能客控+記憶枕+液晶電視）:HK$524']"
南強別院酒店（昆明南屏步行街金馬碧雞坊店）,9.4,"['青堂瓦舍大床房:HK$463', '十方小榭大床房:HK$489', '街巷旖旎大床房:HK$527', '里巷小築雙床房:HK$553']"
昆明金花玉湖酒店（昆明火車站滇池南亞風情第壹城店）,9.5,"['靜雅舒逸·高級雙床房「記憶床墊+休閑軟沙發+辦公書桌」:HK$300', '靜雅舒逸·高級大床房「記憶床墊+休閑軟沙發+辦公書桌」:HK$322', '城景陽光·輕奢大床房「智能客控+陽光沙發+辦公書桌」:HK$333', '錦市晴光·豪華大床房「智能客控+180°視野+陽光沙發」:HK$355', '商務Loft套房「獨立會客廳+上下樓雙洗漱區+乾濕分離」:HK$388']"
萬青美宿酒店（昆明長水國際機場店）,9.7,"['青嶼丨輕享電視大床房【零壓床+新風空調+品質好睡眠】:HK$194', '青美丨榮享巨幕影院大床房【微米投影+零壓睡眠+空調】:HK$208', '青嶼丨輕享巨幕影院雙床房【百寸巨幕+微米投影】:HK$215', '青嶼丨輕享巨幕影院大床房【百寸巨幕+微米投影+零壓床+新風空調+休閑椅+品質好睡眠】:HK$222']"
龔禧裏·禧見酒店（昆明火車站大樹營地鐵站店）,9.5,"['禧見大床房:HK$542', '禧遇觀景大床房:HK$565', '禧見雙床房:HK$588', '0壓禧遇高級大床房（0壓記憶枕+0壓床墊）:HK$635', '禧迎觀景雙床房:HK$775']"
陌上輕雅酒店（昆明高鐵南站市政府店）,9.6,"['品學·高空城景大床房（愜意觀景+智能語音）:HK$393', '品學·高空城景雙床房（愜意觀景+智能語音）:HK$393', '靜逸·童趣萌動甄選親子房（萌趣可愛）:HK$407', '雅緻·茶藝修心大床房（品工夫茶+享慢時光）:HK$442']"
昆明華顧酒店（長水國際機場鉑港現代廣場店）,9.6,"['優享雙床房（智能小愛管家+深睡眠零壓床）:HK$268', '優享大床房（智能小愛管家+深睡眠零壓特大床）:HK$276', '商旅雙床房（智能小愛管家+深睡眠零壓床+舒適親膚羽絨被）:HK$305', '商旅大床房（智能小愛管家+深睡眠零壓特大床+舒適親膚羽絨被）:HK$305', '樂享親子大床房（智能小愛管家+深睡眠零壓特大床+迷你茶具）:HK$498']"
大埠麗茲花園酒店（官渡區海樂世界店）,9.4,"['高級雙床房 | 冰箱~戴森吹風機:HK$143', '日式原木大床房 | 休閑陽台~藍牙音箱~戴森吹風機:HK$153', '良朋知己三床房:HK$230', '行政雙床房 | 藍牙音箱~品茗功夫茶具~冰箱:HK$291']"
安寧温泉半島酒店,9.2,"['温泉私湯雅居房（含室內泡池）:HK$315', '温泉私湯大床房（含室內温泉泡池）:HK$402', '温泉私湯雙床房（含室內温泉泡池）:HK$402', '泉美私湯大床房（含室內温泉泡池）:HK$435', '泉美私湯雙床房（含室內温泉泡池）:HK$435']"
昆明官渡豪生Life酒店（昆明國際會展中心雙橋夜市風情街店）,9.6,"['舒適大床房「春城落日晚霞+金可兒床墊+MINIBAR」:HK$480', '高級大床房「時尚靈動空間+會客沙發配套+通透採光」:HK$501', '高級雙床房「沉浸城市夜景+辦公配套區+空間寬敞」:HK$501', '豪華大床房「繁華都市夜景+全屋智能控制+輕盈美夢」:HK$523', '豪華雙床房「俯瞰都市繁華+藍牙音箱+品質優選」:HK$523']"
安寧珍溪温泉民宿,9.8,"['泡池雙床房:HK$379', '温馨泡池雙床房:HK$453', '星空泡池大床房:HK$500', '尊享泡池大床房:HK$528']"
昆明滇之南酒店（昆明長水國際機場店）,9.6,"['美致-園景大床房【零壓床+智能客控+商務辦公桌+榻榻米茶台+舒適沙發+落地彩窗】:HK$266', '美致-園景雙床房【零壓床+品質好睡眠+智能客控+榻榻米茶台+商務辦公桌】:HK$285', '雅豪-MAX雲逸投影大床房【巨幕投影+零壓床+觀影VIP會員+智能客控+日式榻榻米茶台+大空間】:HK$290', '雅豪-MAX雲逸投影雙床房【巨幕投影+零壓床+觀影VIP會員+智能客控+商務辦公桌+日式榻榻米+茶台+大空間】:HK$296']"
綠洲大酒店（昆明火車站塘子巷地鐵站店）,9.0,"['舒適大床房:HK$332', '舒適雙床房:HK$332', '尊享大床房:HK$386', '尊享雙床房:HK$386', '商務大床房:HK$500']"
曼居酒店（昆明長水國際機場店）,9.6,"['曼享高級大床房:HK$350', '曼享高級雙床房:HK$350', '曼享豪華大床房:HK$404', '曼享豪華雙床房:HK$404', '曼享行政大床房:HK$568']"
安寧M酒店,9.6,"['舒適雙床房:HK$293', '豪華雙床房:HK$332', '豪華大床房:HK$332', '行政大床房:HK$352', '行政套房:HK$490']"
尚驀酒店（昆明老街塘子巷地鐵站店）,9.2,"['拾光·城景私享大床房:HK$310', '慵居·浴缸洞穴大床房:HK$344', '獨白·鏡面設計大床房:HK$377', '里約·露台全景浴缸大床房:HK$418']"
昆明壹林林酒店（南亞風情第一城店）,9.5,"['LOFT·驚喜城景大床房:HK$445', 'LOFT·雅仕城景大床房:HK$467', 'LOFT·親子雙卧城景家庭套房:HK$577', 'LOFT·雅仕城景雙床房:HK$633']"
錦江都城酒店（昆明西山萬達廣場火車站店）,9.5,"['精緻大床房:HK$414', '精緻城景大床房:HK$446', '精緻城景雙床房:HK$469', '都會大床房:HK$502', '都會雙床房:HK$523']"
昱凱·兮畔影音酒店（昆明南屏步行街翠湖公園店）,9.0,"['橘光影音大床房（中央空調+百寸投影）:HK$350', '巷裡影院大床房（酒杯樓拍照打卡+3D投影+中央空調）:HK$372', '微醺私享大床房（氛圍感+電視可投屏+中央空調）:HK$383', '擱淺影音大床房 （極簡輕奢風+巨幕投影+中央空調）:HK$405']"
昆明火車站環城南路輕居酒店,9.6,"['舒適大床房【亞朵深睡枕Pro+普蘭特床墊】:HK$314', '舒適雙床房【亞朵深睡枕Pro+普蘭特床墊】:HK$332', '標準大床房【亞朵深睡枕Pro+普蘭特床墊】:HK$332', '標準雙床房【亞朵深睡枕Pro+普蘭特床墊】:HK$349', '精選大床房【亞朵深睡枕Pro+Minibar】:HK$349']"
昆明雲泊庭酒店（火車站店）,9.5,"['泊雅高級大床房（中央空調，小冰箱，智能客控，落地大窗）:HK$290', '泊享商務雙床房（中央空調，小冰箱，智能客控，落地大窗）:HK$347', '泊悦高級雙床房（小冰箱，中央空調，智能客控，落地大窗）:HK$403', '泊庭尊享豪華套房（中央空調，小冰箱，智能客控，落地大窗）:HK$432']"
夕月亮酒店（昆明和諧廣場霖雨橋地鐵站店）,9.5,"['悦享大床房（乳膠枕頭+零壓床墊+雙層隔音）:HK$241', '靜謐大床房（無窗）:HK$269', '優享大床房（智能投屏+中央空調+助眠床墊）:HK$291', '豪華大床房（坐卧沙發+寬敞通透+超大浴缸）:HK$313']"
時光漫步S酒店（昆明火車北站穿心鼓樓地鐵站店）,9.7,"['温馨智能大床房（智能客控+智能馬桶+獨立冰箱）:HK$330', '商務智能大床房（智能客控+智能馬桶+獨立冰箱）:HK$347', '行政智能大床房（零壓床墊）:HK$364', '時光輕享雙床房（零壓床墊+智能客控）:HK$370']"
昆明萬象城西姆酒店,9.2,"['清逸優選大床房:HK$354', '清逸舒適大床房:HK$382', '清逸舒適雙床房:HK$382', '清雅高級大床房:HK$410', '清雅觀景雙床房:HK$424']"
筠居温泉民宿,9.8,"['舒適大床房:HK$489', '雅緻大床房:HK$573', '雅緻榻榻米房:HK$659', '親子帳篷套房:HK$720']"
昆明宿説精品酒店（南屏街金馬坊店）,9.5,"['一路金碧丨大床房:HK$386', '一冬滇池丨雅意大床房丨有獨立茶台:HK$455', '一賞翠湖丨設計大床房:HK$528', '一隱西山丨設計雙床房:HK$575']"
昆明金閬苑酒店（南屏步行街金馬碧雞坊店）,9.3,"['悦享大床房-全屋智能:HK$348', '鍾秀·輕逸舒適大床房（全屋智能）:HK$403', '雅閣·軒逸大床房（全屋智能）:HK$468', '鍾秀·輕逸陽光雙床房（全屋智能）:HK$501']"
桔子酒店（昆明昌宏西路華洋家居廣場店）,9.6,"['大床房【功夫茶具｜恆温智能馬桶｜乾濕分離】:HK$372', '高級大床房【辦公桌｜功夫茶具｜乾濕分離】:HK$412', '高級雙床間【辦公桌｜功夫茶具｜乾濕分離】:HK$412', '套房【超大空間｜辦公桌｜功夫茶具｜乾濕分離】:HK$452', '花園陽台雙床房【獨享陽台｜功夫茶具｜乾濕分離】:HK$492']"
城市便捷酒店（昆明長水國際機場店）,9.7,"['智能標準大床房:HK$250', '智能商務雙床房:HK$274', '智能商務大床房:HK$282', '影院大床房:HK$298']"
昆明碧麗精品酒店,9.4,"['舒適雙床房:HK$160', '舒適單間:HK$160', '精選大床房:HK$190', '精選雙床房:HK$190']"
閑庭敍酒店（昆明小康大道朗悅灣店）,10.0,"['閑庭逸緻大床房【茶台+空調+靜怡舒適】:HK$206', '閑庭相伴親子雙床房【獨立空調+茶台+寬敞通透】:HK$215', '閑情安逸大床房【茶台+空調+坐卧沙發】:HK$225', '安逸恬靜雙床房【獨立空調+茶台+超大空間】:HK$246']"
邦宿·滇池鷗遇民宿（滇池海埂大壩店）,9.6,"['舒遇.舒適大床房102（美國舒達床墊+徠芬高速吹風機+智能馬桶）:HK$387', '知遇·私享陽台大床房101（沙發搖椅+舒達床墊+智能馬桶）:HK$466', '相遇·豪華大床房201（舒達床墊+小愛音響+智能馬桶）:HK$492', '邂逅·豪華大床房401（PS5遊戲機+超大露台+小愛音響）:HK$518']"
昆明三茂城市印象酒店,9.4,"['商務大床房:HK$446', '商務標間:HK$446', '東南亞大床房:HK$541', '東南亞標間:HK$541', '新中式大床房:HK$629', '新中式標間:HK$645']"
如家精選酒店（昆明大商滙店）,9.7,"['大床房:HK$291', '商務大床房:HK$317', '雙床房:HK$317', '高級大床房:HK$342']"
金碧會館酒店（南屏步行街金馬碧雞坊店）,9.6,"['雲初大床房:HK$480', '南見大床房:HK$588', '榻榻米房:HK$631', '文藝歐派套房（一室一廳）:HK$1,279', '庭院泡池套房（露台花園）:HK$1,392']"
滇池逸境民宿（昆明滇池海埂大壩店）,9.6,"['特惠雙床房:HK$338', '智能巨幕影音大床房【智能馬桶+巨幕投影】:HK$357', '雅緻雙床房【智能馬桶】:HK$370', '智能巨幕影音雙床房:HK$377']"
昆明博希蘭莊園酒店（長水國際機場店）,9.5,"['棲雲驛•庭院大床房（私享庭院+全屋智控+零壓床墊）:HK$231', '蘭霄驛•景觀雙床房（全屋智控+零壓床墊+品質床品）:HK$231', '疏瀾語•投影大床房（全屋智控+激光投影+零壓床墊）:HK$242', '博霄渡•投影雙床房（全屋智控+激光投影+零壓床墊））:HK$253']"
茶馬花園度假酒店（昆明滇池西山風景區店）,9.5,"['綠蔭·清風︱全屋智能大床房:HK$568', '聽風·望月︱全屋智能雙床房:HK$568', '同框畫境·暖心雙床房:HK$607', '蟲鳴鳥啼·覺醒大床房:HK$710', '月露觀雲·童樂浴缸家庭房:HK$872']"
花宿民宿（昆明市延安醫院七彩之門店）,9.7,"['花宿·有澗:HK$175', '花宿·月下【高清巨幕投影+冰箱+洗衣機】:HK$189', '花宿·淺憶【高清巨幕投影+冰箱+洗衣機】:HK$189', '花宿·伊一【高清巨幕投影+冰箱+洗衣機】:HK$189']"
滇畔覓影酒店（融創滇池後海店）,9.8,"['水華·街景浴缸日式榻榻米大床房:HK$402', '珊瑚·河景浴缸情調大床房:HK$402', '倉落·秋半花園大床房:HK$427', '月魄·玄天陽台河景浴缸大床房:HK$489']"
零智景際酒店（昆明長水國際機場店）,9.6,"['智選·感恩驚喜大床房（巨幕視聽+全屋智能+酣睡床墊）:HK$283', '智選·感恩驚喜雙床房（巨幕視聽+全屋智能+酣睡床墊）:HK$283', '景秀·遠山觀景雙床房（巨幕視聽+全屋智能+酣睡床墊）:HK$349', '景秀·遠山觀景大床房（巨幕視聽+全屋智能+酣睡床墊）:HK$349']"
安寧極簡主義M酒店,9.2,"['風尚大床房:HK$340', '風尚雙床房:HK$361', '極簡私湯大床套房（帶温泉泡池）:HK$548', '極簡雙卧雙床套房:HK$600']"
吉尚酒店（金馬碧雞坊昆華醫院店）,8.8,"['平湖白鷺丨loft大床房:HK$261', '沉魚落雁丨雙床房:HK$299', '蒹葭蒼蒼丨大床房:HK$320', '花晨月夕丨雙床房:HK$351', '朝花夕拾丨雙床房:HK$379']"
宜必思尚品酒店（昆明南屏步行街店）,9.5,"['高級大床房【乾濕分離衞浴】:HK$435', '商務大床房【全景落地窗|乾濕分離衞浴】:HK$520', '高級雙床房【乾濕分離衞浴】:HK$529', '舒壓商務大床房【舒壓床品|全景落地窗|乾濕分離衞浴】:HK$539']"
