酒店名称,评分,房型价格列表
晉城人民廣場漫心酒店,9.8,"['心怡標準大床房（可投屏電視+金可兒床墊）:HK$331', '心悦高級大床房（可投屏電視+金可兒床墊）:HK$352', '心享豪華大床房（可投屏電視+金可兒床墊）:HK$362', '心享景觀大床房（可投屏電視+金可兒床墊）:HK$371', '心享景觀雙床房（可投屏電視+金可兒床墊）:HK$381']"
晉城晗途天美酒店,9.7,"['智能商務大床房（小度智控+小冰箱）:HK$240', '智能影音大床房（智能客控+可投屏）:HK$270', '浪漫圓床浴缸房（智能客控+可投屏+智能馬桶）:HK$278', '高級特大床房:HK$278', '智能商務雙床房（智能客控+小冰箱）:HK$288']"
晉城悦享酒店,9.4,"['悦享•逸居大床房｜智能客控+高清投屏:HK$212', '精選大床房｜智能馬桶+手機投屏:HK$220', '悦瀾•豪逸雙床房｜智能客控+高清投屏:HK$228', '温馨悦意大床房｜零壓床墊+高清投屏:HK$340', '温馨悦意雙床房｜零壓床墊+高清投屏:HK$372']"
晉城海天大酒店,9.4,"['日韓雙床房【迎賓樓】:HK$316', '日韓大床房【迎賓樓】:HK$316', '豪華雙床房:HK$375', '豪華大床房:HK$436', '日韓套房【迎賓樓】:HK$436', '豪華雙床房【森林氧吧】:HK$447']"
藝龍瑞雲酒店（晉城古礦店）,9.5,"['雅享大床房（小度智能客控+可投屏）:HK$200', '雲享大床房（小度智能客控+可投屏）:HK$217', '雅享雙床房（小度智能客控+可投屏）:HK$217', '雲享雙床房（小度智能客控+可投屏）:HK$235']"
晉城蘭花路亞朵酒店,9.5,"['高級大床房（可投屏）:HK$322', '行政雙床房（可投屏）:HK$349', '行政大床房（可投屏）:HK$358', '幾木大床房（可投屏）:HK$394', '幾木雙床房（可投屏）:HK$403']"
星程酒店（晉城澤洲路新鳳展店）,9.7,"['高級大床房:HK$307', '商務大床房:HK$344', '豪華大床房:HK$381', '高級雙床房:HK$446']"
桔子酒店（晉城萬達廣場店）,9.6,"['高級大床房:HK$330', '高級雙床房:HK$359', '豪華大床房:HK$369', '豪華家庭房:HK$406']"
星程酒店（晉城迎賓街店）,9.7,"['高級大床房:HK$243', '高級雙床房:HK$261', '商務大床房:HK$271', '商務雙床房:HK$280']"
如家商旅酒店（晉城人民廣場蘭花城店）,9.7,"['大床房A（可投屏電視+零壓床墊）:HK$247', '高級雙床房（可投屏電視+零壓床墊）:HK$266', '高級大床房（可投屏電視+零壓床墊）:HK$266', '特色大床房（零壓床墊+空氣凈化器）:HK$275']"
晉城浩翔金輦大酒店,9.4,"['豪華大床房:HK$310', '豪華雙床房（浴缸）:HK$310', '行政大床房:HK$362', '行政套房（浴缸）:HK$435', '行政雙床房（浴缸）:HK$435']"
晉城高都大酒店,9.6,"['特價高級標準雙床間:HK$226', '高級大床房（東樓）:HK$270', '高級雙床房（東樓）:HK$270', '豪華大床特價房:HK$375', '豪華雙床房（智能客控）（西樓）:HK$401']"
全季酒店（晉城經濟開發區蘭花路店）,9.7,"['高級大床房:HK$333', '商務大床房:HK$370', '商務雙床房:HK$381', '舒壓豪華大床房:HK$418']"
晉城澤州大酒店,8.7,"['經濟雙床房:HK$237', '標準雙床房:HK$271', '標準大床房:HK$271', '親子房:HK$423', '豪華大床房:HK$424']"
藝龍萬國酒店（晉城新市西街蘭花城店）,9.5,"['智能內景大床房｜新風+投屏+智能客控:HK$181', '智能內景影音房｜新風+投屏+智能客控+影視會員:HK$191', '智能高級大床房｜投屏+智能客控:HK$202', '智能商務大床房｜投屏+智能客控:HK$213']"
晉城陽光麗呈酒店（工人文化宮店）,9.6,"['豪華大床房（小度智能客控+可投屏+舒達床墊）:HK$429', '親子主題房（小度智能客控+可投屏+舒達床墊）:HK$457', '豪華雙床房（小度智能客控+可投屏+舒達床墊）:HK$506', '行政套房（小度智能客控+可投屏）:HK$982', '景觀大床房（小度智能客控+可投屏+舒達床墊）:HK$?']"
華之晉酒店（晉城萬達廣場店）,9.5,"['豪華大床房:HK$221', '豪華雙床房:HK$243', '高級家庭房:HK$306', '棋牌大床房:HK$338']"
YUNIK電競酒店（晉城人民廣場商業步行街店）,9.2,"['大床房:HK$242', '電競大床房:HK$251', '電競雙床房:HK$251', '電競商務大床房:HK$251']"
美景之旅酒店（晉城物貿廣場店）,9.2,"['高級標準間:HK$158', '高級大床房:HK$158', '零壓雙床房:HK$188', '零壓大床房:HK$196']"
藝選酒店（晉城開發區客運東站店）,9.4,"['精緻大床房:HK$241', '精緻雙床房:HK$241', '精選高清影音大床房:HK$250', '精選大床房:HK$277']"
晉城古書院希爾頓花園酒店,9.3,"['花園大床房:HK$325', '高級花園大床房:HK$346', '高級花園雙床房:HK$346', '高級花園遠景大床房:HK$455', '高級花園遠景雙床房:HK$455']"
晉城鳳城國際酒店,9.8,"['高級雙床房:HK$376', '高級大床房:HK$395', '景觀雙床房:HK$415', '全景舒適太空艙:HK$431', '景觀大床房:HK$434', '小白屋:HK$451']"
美豪酒店（晉城澤州路國貿店）,9.4,"['靜謐大床房（可投屏）:HK$289', '精緻雙床房（可投屏）:HK$296', '精緻大床房（可投屏）:HK$296', '雅緻大床房（巨幕影音＋投屏）:HK$317', '雅緻雙床房（巨幕影音＋投屏）:HK$317']"
晉城締景皇冠大酒店,8.7,"['特惠大床房:HK$194', '商務單間:HK$235', '商務標間:HK$235', '豪華單間:HK$294']"
漢庭酒店（晉城澤州路國貿店）,9.8,"['高級大床房:HK$233', '豪華大床房:HK$252', '高級雙床房:HK$261', '豪華雙床房:HK$271']"
山西蘭花大酒店,9.1,"['大床房:HK$315', '標準間:HK$315']"
格林豪泰酒店（晉城智創城店）,9.0,['家庭親子房:HK$318']
晉城頤賓大酒店,9.3,"['普通舒適雙床房:HK$167', '普通舒適大床房:HK$219', '觀景豪華雙床房:HK$230', '觀景豪華大床房:HK$230', '簡約舒適套房:HK$425']"
蜜悦酒店（晉城萬達廣場店）,8.5,"['躺平治癒大床房丨地暖+零壓床墊+一鍵開關:HK$278', '零壓舒眠雙床房丨地暖+樂播投屏+零壓床墊+全屋聲控:HK$278', '滾來滾去大床房丨地暖+零壓床墊+智能電視:HK$306', '設計師輕奢大床房丨地暖+零壓床墊:HK$323']"
如家酒店neo（晉城國貿廣場澤州路店）,9.0,"['雙床房A:HK$166', '大床房:HK$176', '商務大床房A:HK$176', '雙床房:HK$176']"
慕尚酒店（晉城開發區店）,10.0,"['落地窗大床房 【4070+S21耳機+MS機械臂+萬兆光纖】:HK$246', '落地窗雙床房（4070+9600x+S21耳機）:HK$255', '豪華雙床房（卓威-1K400HZ-微星4070Ti）:HK$279', '豪華大床房【4070Ti+7800X3D+GPW2粉色+S21G耳機】:HK$285']"
海友酒店（晉城澤州路國貿店）,9.6,"['大床房:HK$206', '舒適大床房:HK$226', '雙床房:HK$235', '家庭房:HK$254']"
漢庭優佳酒店（晉城澤州路店）,9.2,"['大床房:HK$263', '高級大床房:HK$273', '豪華大床房:HK$300', '雙床房:HK$300']"
晉城翰林大酒店,8.8,"['浪漫大床房:HK$205', '清新雙床房:HK$229', '尊享生態雙床房:HK$249', '品質商務套房:HK$762']"
美景之旅精品酒店（晉城金華店）,9.0,"['標準雙床房:HK$152', '標準大床房:HK$154', '商務標準間:HK$192', '雅美大床房:HK$196']"
晉城鳳城康養中心,9.8,"['雅緻雙床房-悦享舒適:HK$512', '雅緻大床房:HK$512', '園景雙床房:HK$544', '園景大床房:HK$544', '湖景雙床房-龍馬湖勝景:HK$589', '湖景大床房-龍馬湖勝景:HK$589']"
山西·永晉智能公寓酒店（南大街店）,9.5,"['浪漫大床房丨幸運連連丨燃氣灶:HK$161', '公寓大床房丨舒享邂逅丨冰箱+洗衣機+燃氣灶:HK$185', '雙床家庭房丨休閑愜意丨冰箱+洗衣機+燃氣灶:HK$185', '三人間:HK$217']"
晉城春歌家酒店（金太陽傢俱匯展中心店）,8.6,"['春歌家·舒適大床房:HK$157', '豪華商務三人間:HK$332', '豪華商務雙床套房:HK$332']"
晉城華森賓館,8.8,"['標準大床房:HK$96', '標準雙人間:HK$99', '舒適大床房:HK$120', '舒適標準間:HK$142']"
美景之旅連鎖酒店（晉城黃華街店）,8.5,"['特價雙床房:HK$87', '特價大床房:HK$98', '商務標準間:HK$113', '浪漫大床房:HK$117']"
晉城花兒快捷酒店,8.3,"['大床房:HK$140', '標準間:HK$140']"
清新雅居民宿（晉城紅星美凱龍店）,8.5,"['精緻雅居三室二廳套房:HK$306', '舒適雅居三室二廳套房:HK$326']"
晉城紅蘋果快捷酒店,7.3,"['特惠大床房（公共衞浴）:HK$51', '特惠雙床房（公共衞浴）:HK$59', '特價大床房:HK$86', '特價標準間:HK$86']"
晉城唯特主題酒店,7.9,"['極速愛情:HK$110', '標準間:HK$110', '情定夏威夷:HK$110', '小清新:HK$128']"
悦城·逸酒店（晉城富士康店）,7.2,"['榻榻米房:HK$110', '大床房:HK$110', '温馨大床房:HK$137', '陽光標準間:HK$193']"
晉城鑫鑫賓館,8.1,"['普通三人間（公共衞浴）:HK$60', '大床房:HK$73', '標準雙人間:HK$79', '三人間:HK$96']"
晉城華森休閑酒店,8.8,"['普通雙人間（公共衞浴）:HK$118', '特惠雙床房:HK$151', '標準雙人間:HK$162', '豪華套房:HK$216']"
晉城四季怡家酒店（人民廣場店）,8.0,"['特惠房:HK$98', '精緻榻榻米大床房:HK$108', '精緻大床房:HK$108', '榻榻米雙人間:HK$108']"
晉城蝸家精品公寓,4.7,"['特惠房:HK$127', '大床房:HK$135', '標準房:HK$135', '圓床房:HK$135']"
高平鑫辰酒店（紅旗財富大廈店）,9.7,"['智能大床房（小度語音智能客控-65寸大電視）:HK$229', '智能雙床房（小度語音智能客控-65寸大電視）:HK$229', '智能輕奢大床房（小度語音智能客控-65寸大電視）:HK$241', '智能輕奢雙床房（小度語音智能客控-65寸大電視）:HK$241', '智能雅緻大床房（小度智能語音客控-65寸大電視）:HK$268']"
