酒店名称,评分,房型价格列表
柏斯特酒店（曲靖市麒麟區南城門店）,9.7,"['精選大床房【全屋智能客控】【恆温花灑】:HK$219', '晨景大床房【全屋智能客控+恆温花灑+洗衣房】:HK$227', '舒睡大床房【全屋智能客控+恆温花灑+零壓枕】:HK$234', '逸緻雙床房【全屋智能客控+恆温花灑】:HK$253']"
泰豐酒店（曲靖萬達外灘店）,9.5,"['悦享豪華雙床房「絕美花園+獨立彈簧床墊+温馨眼罩」:HK$476', '悦享豪華大床房「助眠耳塞｜小愛同學｜品茗」:HK$504', '城景浴缸雙床房:HK$537', '城景浴缸大床房「絕美花園+獨立彈簧床墊+温馨眼罩」:HK$545', '雅享茶道城景房「絕美花園+温馨眼罩+會客接待」:HK$592', '城景大床套房（帶麻將桌）:HK$714']"
曲靖官房大酒店（南城門廣場店）,9.6,"['精緻雙床房:HK$446', '殘障人士專用雙床:HK$478', '精緻大床房:HK$532', '特色親子房:HK$598', '行政雙床間:HK$642', '零壓智眠大床房（智能馬桶）:HK$642']"
麗景大酒店（曲靖南城門店）,9.3,"['安心小窩大床房（無空調）（綿逸舒墊+頤眠枕）:HK$173', '城景安睡大床房（綿逸舒墊+頤眠枕+伴夢甜心四件套）:HK$201', '城景舒適雙床房（綿逸舒墊+頤眠枕+伴夢甜心四件套）:HK$212', '躺平治癒大床房（綿逸舒墊+頤眠枕+伴夢甜心四件套）:HK$232', '靜謐舒享雙床房（綿逸舒墊+頤眠枕+伴夢甜心四件套）:HK$243']"
曲靖希爾頓歡朋酒店,9.6,"['高級雙床房:HK$431', '舒適大床房:HK$431', '高級大床房:HK$491', '豪華大床房:HK$523', '豪華雙床房:HK$523']"
曲靖標燦悦萊酒店（萬達外灘店）,9.6,"['遠眺雙床房『慕思床墊+全屋智控+臨窗品茗+智能馬桶』:HK$385', '遠眺大床房『慕思床墊+全屋智控+臨窗品茗+智能馬桶』:HK$385', '肆季花園雙床房 慕思床墊+全屋智控+記憶枕+智能馬桶:HK$396', '肆季花園大床房 慕思床墊+全屋智控+記憶枕+智能馬桶:HK$420', '尊享茶道套房 全屋智控+智能馬桶+超大浴缸+衞浴分離:HK$479']"
曲靖金麟灣温泉度假酒店,9.3,"['輕奢商務大床房:HK$369', '輕奢商務雙床房:HK$369', '金麟温泉-大床房:HK$489', '金麟温泉-雙床房:HK$489', '金麟温泉棋牌房:HK$555']"
曲靖麒麟花園南城門亞朵酒店,9.5,"['高級大床房（智能投屏+亞朵記憶枕）:HK$376', '高級雙床房（智能投屏+亞朵記憶枕）:HK$394', '行政大床房（智能投屏+mini冰箱+記憶枕）:HK$394', '行政雙床房（智能投屏+亞朵記憶枕）:HK$412', '高級家庭房（智能投屏+mini冰箱+記憶枕）:HK$592']"
曲靖福邦錦江國際酒店,9.2,"['特惠大床房:HK$260', '特惠豪華大床房:HK$325', '高級雙床房:HK$369', '高級大床房:HK$369', '行政雙床房:HK$427', '行政大床房:HK$443']"
月伴灣酒店（曲靖火車站店）,9.7,"['優享.雙床房:HK$202', '優享.大床房:HK$218', '精選.商務雙床房:HK$235', '精緻.商務大床房:HK$235']"
曲靖齊滙智能酒店（麒麟區花柯夜市店）,9.6,"['齊滙｜特色雙床房（氧吧安睡+夢百合零壓床墊+全屋智能客控）:HK$264', '雅韻｜躺平大床房（氧吧安睡+夢百合零壓床墊+全屋智能客控）:HK$264', '雅意｜輕奢雙床房（夢百合零壓床墊+全屋智能客控）:HK$276', '夢百合零壓大床房（夢百合零壓床墊+全屋智能客控）:HK$276', '雅緻｜輕奢雙床房（夢百合零壓床墊+全屋智能客控）:HK$320']"
漢庭酒店（曲靖麒麟花園店）,9.8,"['大床房【智能投屏|舒適睡眠】:HK$278', '高級大床房【全景落地窗|智能投屏|舒適睡眠】:HK$283', '高級雙床房【全景落地窗|智能投屏|舒適睡眠】:HK$283', '商務雙床房【全景落地窗|智能投屏|零壓床墊】:HK$302']"
維也納國際酒店（曲靖御龍店）,9.6,"['高級雙床房:HK$309', '高級大床房:HK$309', '豪華大床房:HK$330', '豪華雙床房:HK$330', '城景雙床房:HK$351']"
雲康國際大酒店（曲靖萬達外灘店）,9.5,"['豪華雙床房（智能客控）:HK$194', '豪華大床房（智能客控）:HK$204', '精緻雙床房（智能客控）:HK$212', '精緻大床房（智能客控）:HK$213']"
曲靖亞希曼酒店（麒麟區花柯夜市店）,9.5,"['舒心輕奢雙床房【全屋智能客控+靜謐空間】:HK$239', '舒雅安睡大床房【零壓記憶護脊床墊+闊野景觀】:HK$250', '舒適靜謐雙床房【舒眠記憶枕+負離子空氣加濕】:HK$272', '舒享放鬆大床房【270度落地窗+高檔按摩椅】:HK$282', '舒樂童趣親子房【小童帳篷+益智玩具】:HK$282']"
珈霆酒店（曲靖北站店）,9.9,"['珈禾|惠享陽光大床房:HK$105', '霆瀚|惠享陽光雙床房【馬桶墊-乳膠床墊-一次性毛巾】:HK$115', '雲霆|奢享靜謐大床房:HK$126', '霆瀚|悦享舒睡雙床房:HK$137']"
曲靖瑞園酒店（將軍鎮店）,9.7,"['清風墨宿:HK$255', '拾光靜謐:HK$255', '青竹幽居:HK$303', '花間行跡:HK$307']"
東坡書吧酒店（麒麟區金鱗灣愛情小鎮店）,9.5,"['會轉彎的大床房【智能客控+小冰箱+智能馬桶】:HK$162', '陽台書屋大床房【投影+智能客控+零壓床墊】:HK$171', '陽光觀影大床房【山景+智能馬桶+零壓床墊】:HK$180', '與你同行雙床房【語音智能+智能馬桶+小冰箱】:HK$189']"
寥廓精舍酒店,9.1,"['人舍大床房:HK$327', '樸舍榻榻米雙床房:HK$336', '0壓人舍大床房（0壓記憶枕+0壓床墊）:HK$370', '心舍大床房:HK$387', '和舍雙床房:HK$396']"
南城門金利花園酒店（花柯夜市店）,8.9,"['沉浸式雙床房（決明子枕頭+雅蘭床墊）:HK$118', '精品心悦大床房（決明子枕頭+雅蘭床墊）:HK$120', '零壓暢享雙床房（決明子枕頭+雅蘭床墊）:HK$121', '智能優選大床房（智能聲控+飛科吹風機）:HK$128']"
海倫斯酒店,9.8,"['優選大床房（超柔親膚布草+智能小度）:HK$150', '温馨大床房（超柔親膚布草+智能小度）:HK$160', '舒適大床房（超柔親膚布草+智能小度）:HK$172', '温馨雙床房（超柔親膚布草+智能小度）:HK$182']"
雲禧和之家（南城門店）,9.5,"['朝暮－温馨豪華大床房（酒店公區提供洗衣機）:HK$176', '三秋－高級雙床房（酒店公區提供洗衣機）:HK$190', '餘歡－榻榻米親子豪華家庭大床套房（酒店公區提供洗衣機）:HK$211']"
漢庭酒店（曲靖沾益珠江源大道店）,9.7,"['大床房【金可兒床墊|智能投屏】:HK$226', '高級雙床房【金可兒床墊|智能投屏】:HK$226', '高級大床房【金可兒床墊|智能投屏】:HK$255', '商務雙床房【金可兒床墊|智能投屏】:HK$255']"
品優智慧酒店（曲靖南城門店）,9.5,"['輕奢大床單人房（小度全屋智能+空調+TCL55寸高清網絡電視+乳膠床墊+鴨絨被）:HK$138', '優品初見雙床房（小度全屋智能+空調+5G高速WiFi上網+TCL55寸高清網絡電視+乳膠床墊+鴨絨被）:HK$152', '歸心影視雙床房（小度全屋智能+空調+極米高清投影儀+乳膠床墊+鴨絨被）:HK$157', '網紅影視大床房（小度全屋智能+空調+5G高速WiFi上網+極米高清投影儀+乳膠床墊+鴨絨被）:HK$162']"
和悦酒店（曲靖萬達廣場店）,9.5,"['極簡風塵大床房（全屋智能+空調）:HK$140', '歸心好眠舒適大床房（全屋智能＋空調）:HK$172', '梵谷圓夢大床房（全屋智能＋網紅卡座＋空調）:HK$177', '至交歡暢雙床房（全屋智能+空調）:HK$217']"
曲靖晟世仟和酒店（麒麟區翠峯路店）,9.5,"['雅緻大床房:HK$190', '優享雙床房:HK$247', '優享大床房:HK$281', '臻選雙床房:HK$291']"
雅斯特國際酒店（曲靖麒麟區嘉城商業廣場店）,9.5,"['雅緻大床房 | 前程似錦「智能音箱+品質布草+立體軟枕」:HK$338', '高級大床房 | 一帆風順「智能小度+舒適睡眠+乾濕分離」:HK$360', '豪華大床房 | 吉祥如意「智能客控+休閑沙發桌椅+靜謐」:HK$382', '豪華雙床房 | 心想事成「客控+護脊舒眠床墊+視野開闊」:HK$415']"
曲靖麒麟區溪花·遇酒店（外灘文化旅遊區萬達廣場店）,9.6,"['180度陽光城景大床房【安靜好眠+零壓床墊+城市景觀】:HK$161', '躺平治癒雙床房【零壓床墊+酒店公區自助洗衣房+電視投屏】:HK$162', '樂享陽光城景大圓床房【吊椅+親膚床品+電視投屏】:HK$173', '時光靜好帷幔大床房【安靜好眠+日落景觀+拍照出片】:HK$177']"
曲靖旅途精選酒店（麒麟區麒麟花園店）,9.6,"['舒適雙床房+獨立空調+零壓棉床墊（窗户較小）:HK$164', '舒適大床房+獨立空調+零壓棉床墊（窗户較小）:HK$177', '精選大床房+零壓棉床墊+洗臉巾+耳塞:HK$198', '智能麻將雙床套房+智能客控+零壓棉床墊+養生足貼:HK$206']"
長青酒店（曲靖牛街小區店）,9.9,"['輕享.特惠大床房:HK$105', '樂享智能零壓大床房:HK$123', '樂享觀景智控雙床房:HK$129', '舒享智能零壓大床房:HK$131']"
維也納酒店（曲靖高鐵站五館一中心店）,9.5,"['高級大床房:HK$227', '高級雙床房:HK$227', '豪華雙床房:HK$260', '豪華大床房:HK$260']"
曲靖市麒麟區瑞坤瀾庭酒店,9.6,"['標準雙床房（舒適乳膠床墊、獨立空調）:HK$229', '豪華單人房（舒適乳膠床墊、獨立空調）:HK$238', '豪華大床房（舒適乳膠床墊、獨立空調）:HK$248', '靜謐舒適雙人間（舒適乳膠床墊、獨立空調）:HK$258']"
雲南聚馥樓酒店,9.6,"['七彩雲南標準單間（商務單人房）:HK$172', '七彩雲南大床房:HK$176', '曲靖珠江源普洱茶（豪華單人房）:HK$200', '標準雙人房:HK$200']"
君尚酒店（花柯夜市店）,9.4,"['豪華大床房:HK$133', '夢幻投影房:HK$151', '豪華雙床房:HK$161', '娛樂套房:HK$197']"
雲上四季尚品酒店（曲靖火車站店）,9.4,"['標準雙床房:HK$202', '高級雙床房:HK$219', '商務大床房:HK$229', '高級大床房:HK$248']"
曲靖御錦智能酒店（麒麟高中店）,9.9,"['槓上開花-智享大床房:HK$427', '晨光-智享清風大床房:HK$?', '沐風-智享投影雙床房:HK$?', '御錦軒-智享三人間:HK$?']"
曲靖龍聚大酒店（沾益客運站店）,9.1,"['城市景觀雙床房（掛燙機+獨立冷熱風機）:HK$212', '花園景觀大床房（掛燙機+獨立冷熱風機）:HK$212', '花園別墅雙床房（掛燙機+獨立冷熱風機）:HK$256', '花園別墅大床房（掛燙機+獨立冷熱風機）:HK$256']"
曲靖歪巷子· 靜舍酒店,9.4,"['眷戀·陽光大床房【古香古色+藍牙音響+超級安靜雅緻】:HK$232', '臻享·陽光雙床房【古香古色+藍牙音響+超級安靜雅緻】:HK$246', '逸緻·蘭雅大床房【古香古色+藍牙音響+寬敞安靜雅緻】:HK$292', '悦鑒·語風套房【古香古色+浪漫情調+藍牙音響+安靜】:HK$324']"
全季酒店（曲靖安廈集團店）,9.8,"['大床房 【金可兒床墊|65吋智能投屏|功夫茶具】:HK$328', '雙床房【金可兒床墊|零壓舒眠|65吋智能投屏】:HK$340', '高級大床房【金可兒床墊|65吋智能投屏|智能馬桶】:HK$357', '商務大床房【零壓舒眠|65吋智能投屏|小冰箱】:HK$369']"
金鳳凰輕居酒店,9.8,"['雅緻大床房:HK$162', '雅緻雙床房:HK$176', '電競鑽石大床房:HK$180', '電競鑽石雙床房:HK$190']"
百福酒店（曲靖市翠峯東路第一人民醫院店）,9.0,"['特價房:HK$150', '歲寧·舒適大床房（辦公桌椅+高彈枕頭+獨立空調）:HK$162', '歲安·舒適雙床房（沙發+辦公書桌+高彈枕頭+獨立空調）:HK$172', '筠康·高級大床房（辦公桌椅+高彈枕頭+獨立空調）:HK$172']"
御晟智能酒店（南城建材城店）,10.0,"['簡約丨特惠大床房:HK$112', '悦享丨智慧大床房:HK$141', '雲居丨逸眠大床房:HK$153', '零壓丨舒睡雙床房:HK$175']"
曲靖金睿橋尚酒店（西苑小區店）,9.6,"['金睿橋尚|臻享禮賓房（全屋智能+夢百合零壓床墊）:HK$237', 'JR|零壓舒睡大床房（全屋智能+夢百合零壓床墊+零壓枕頭）:HK$274', 'JR|零壓舒睡雙床房（全屋智能+夢百合零壓床墊+零壓枕頭）:HK$274', 'JR|智享靜逸大床房（全屋智能+夢百合零壓床墊+零壓枕頭+手動按摩椅）:HK$299']"
曲靖華泰錦安國際大酒店,8.9,"['商務標間:HK$310', '行政標間:HK$333', '商務單間:HK$356', '行政單間:HK$380', '商務豪華套房:HK$556']"
青樸酒店（曲靖北站民族中學店）,9.5,"['留白｜特價大床房:HK$113', '留白｜治癒大床房（蒸汽眼罩+卸粧巾+洗面奶）:HK$121', '藝阡｜舒適雙床房（蒸汽眼罩+卸粧巾+洗面奶）:HK$121', '藝阡｜零壓雙床房（蒸汽眼罩+卸粧巾+洗面奶）:HK$144']"
曲靖世紀珠源酒店（沾益區政府店）,9.4,"['特色精品圓床房（智能客控）:HK$226', '高級大床房（智能客控）:HK$254', '高級雙床房（智能客控）:HK$254', '豪華大床房（智能客控）:HK$286', '豪華雙床房（智能客控）:HK$286']"
曲靖錦江泊岸酒店（曲靖火車站店）,9.3,"['零壓舒睡大床房:HK$205', '問斜陽|靜謐影院大床房:HK$205', '零壓舒睡雙床房:HK$216', '若水畔|河景影院大床房:HK$216']"
婭舍酒店（曲靖外灘萬達店）,9.4,"['智享閑居大床房（全屋智能聲控+智能馬桶+乳膠床墊+55寸高清電視+手機投屏）:HK$147', '慧居大床房（全屋智能聲控+智能馬桶+乳膠床墊+55寸高清電視+手機投屏）:HK$162', '靜謐大床房（全屋智能聲控＋智能馬桶＋乳膠床墊＋55寸高清電視+手機投屏）:HK$168', '雅緻舒適大床房（全屋智能聲控+智能馬桶+乳膠床墊+55寸高清電視+手機投屏）:HK$198']"
曲靖博泰酒店,8.8,"['行政標間:HK$156', '行政單間:HK$156', '豪華大床間:HK$221', '豪華標準間:HK$221', '商務單間:HK$221']"
曲靖睿智大酒店,9.1,"['舒適大床房:HK$207', '商務雙床房:HK$228', '豪華雙床房:HK$242', '商務三人間:HK$270', '豪華大床房:HK$340']"
