酒店名称,评分,房型价格列表
本溪海聯酒店,9.1,"['精品無窗大床房:HK$138', '商務大床房:HK$156', '商務雙床房:HK$156', '豪華大床房:HK$164']"
本溪溪水嶸園精品酒店,9.8,"['標準大床房:HK$480', '榻榻米房:HK$512', '園景雙床套房:HK$545', '豪華園景大床房:HK$654']"
本溪縣天賜萬豪酒店,9.4,"['豪華山景房+斯林百蘭床墊:HK$326', '豪華雙床房+斯林百蘭床墊:HK$425', '豪華山景大床房+斯林百蘭床墊:HK$425', '沉浸式影音大床房+斯林百蘭床墊+100寸影音巨幕:HK$481', '智享呼吸雙床房+斯林百蘭床墊+空氣凈化系統:HK$481']"
本溪銀億智選酒店,8.7,"['智選簡約特惠房:HK$267', '智選親子上下鋪:HK$305', '智選招牌星空房:HK$326', '智選舒適豪華大床房:HK$387']"
漢庭酒店（本溪火車站二店）,9.6,"['高級大床房:HK$327', '商務大床房:HK$337', '商務雙床房:HK$337', '家庭房:HK$374']"
如家商旅酒店（本溪火車站店）,9.5,"['大床房A:HK$219', '雙床房A:HK$227', '大床房:HK$236', '雙床房:HK$245']"
本溪巴里島國際酒店,8.1,"['特惠大床房:HK$177', '商務大床房:HK$186', '商務雙床房:HK$187', '親子家庭房:HK$216']"
怡萊酒店（本溪客運站店）,9.3,"['大床房:HK$141', '雙床房A:HK$151', '雙床房:HK$161', '高級大床房:HK$161']"
本溪龍鳯酒店,9.6,"['標準大床房:HK$331', '標準雙床房:HK$331', '精品大床房:HK$441', '商務雙床房:HK$441', '行政大套房:HK$774']"
如家酒店·neo（本溪火車站店）,9.6,"['大床房A:HK$263', '雙床房A:HK$272', '大床房:HK$282', '雙床房:HK$291']"
本溪富虹國際飯店,8.6,"['高級大床房:HK$380', '高級河景大床房:HK$402', '高級雙床房:HK$402', '高級河景雙床房:HK$424', '豪華大床房:HK$435', '豪華河景大床房:HK$468']"
本溪雲岫小駐鄉村民宿,8.6,"['知青歲月 .翠花家:HK$116', '知青歲月.會計家:HK$116', '芍葯詩韻小院:HK$294', '知青歲月，書記家:HK$294']"
漢庭酒店（本溪火車站店）,9.4,"['大床房:HK$318', '高級大床房:HK$337', '雙床房:HK$337', '商務大床房:HK$355']"
本溪峪澗吾舍精品民宿,9.8,"['吾舍小榻榻米房:HK$530', '峪澗大床房:HK$628', '峪澗景觀大床房:HK$648', '吾舍聚會榻榻米房:HK$786']"
明山區觀山立舍時尚快捷酒店,8.6,"['標準雙人間:HK$204', '温馨大床房:HK$218', '商務雙床房:HK$237', '親子房:HK$316']"
本溪滙溪湖賓館,9.4,"['商務標準間:HK$424', '豪華標準間:HK$457', '商務大床房:HK$555', '豪華大床間:HK$829', '豪華套房:HK$1,398']"
溪溪里民宿（本溪縣關門山湯溝温泉旅遊區店）,8.6,"['公寓樓温泉大床房:HK$836', '公寓樓輕奢巨幕觀影温泉大床房:HK$836', '公寓樓温泉雙床房:HK$836', '公寓樓巨幕觀影麻將套房:HK$2,089', '公寓樓巨幕觀影麻將温泉家庭套房:HK$2,785']"
如家酒店（本溪客運站店）,8.9,"['商務大床房A:HK$170', '雙床房A:HK$179', '商務大床房:HK$188', '雙床房:HK$197']"
本溪銀億國際酒店,8.8,"['温馨大床房:HK$503', '温馨雙床房:HK$503', '豪華標準間:HK$569', '豪華大床房:HK$569', '商務大床房:HK$855', '商務雙床房:HK$855']"
雲水閣民宿,10.0,"['特價陽光房（公共衞浴）:HK$74', '精品雙床房:HK$108', '精品大床房:HK$113', '榻榻米房:HK$140']"
本溪新瑪特簡愛日租公寓,8.8,"['特價温馨大床房:HK$119', '温馨一室一廳套房:HK$128', '歐式大床房:HK$128', '精緻兩室一廳:HK$156']"
本溪溪鵬賓館,8.4,"['特惠房（無法洗浴）:HK$71', '經濟大床房:HK$87', '標準間（無窗）:HK$109', '大床房:HK$109']"
本溪鑫順賓館,8.6,"['大床房（無窗）:HK$100', '標準間:HK$100', '豪華大床房:HK$119', '榻榻米房:HK$119']"
本溪憩緣旅店,7.6,"['標準雙床房:HK$76', '商務雙床房:HK$98', '舒適三人間:HK$98', '標準大床房:HK$98']"
本溪晟麥休閑別墅,9.0,"['晟麥山谷之橄欖別墅:HK$1,693', '晟麥山谷之月見別墅:HK$1,693', '晟麥山谷之紫蘇別墅:HK$1,803', '晟麥山谷之亞麻別墅:HK$1,912']"
本溪柏林賓館,7.8,['特惠大床房:HK$94']
夢幻微瀾家庭民宿（英勇社區店）,1.0,['異域風情大床房:HK$154']
本溪安鑫旅店,6.3,['雙人標準間:HK$93']
本溪楓葉山莊,9.0,"['一號樓標間:HK$199', '一號樓大床房:HK$199', '二號樓標間:HK$262', '二號樓商務標間:HK$315']"
璟樂居民宿,9.6,"['家庭三人間105:HK$260', '標準雙床房201:HK$260', '舒適大床房102:HK$260', '家庭三人間103:HK$260']"
簡樸寨度假村（大石湖風景區店）,9.0,"['簡舍標準間:HK$326', '簡舍大床房:HK$326', '檐屋標準間:HK$347', '檐屋親子房:HK$402']"
本溪縣萃和園賓館,9.2,"['標準間（前樓）:HK$200', '標準雙人間（前樓）:HK$215', '豪華大床房（前樓）:HK$215', '豪華雙床房:HK$296']"
本溪綠石谷温泉假日酒店,9.5,"['舒適雙床房:HK$336', '舒適大床房:HK$389', '親子三人房:HK$630', '家庭四人房:HK$743']"
觀山居民宿,10.0,"['沐陽山景房:HK$403', '盈月:HK$403', '雲瀾山景房:HK$414', '聽雨山景房:HK$414']"
本溪泓景源民宿,8.0,"['輕享三人房:HK$293', '舒適四人房:HK$358', '家庭五人房:HK$402']"
伴山小築民宿,9.3,"['標準間205:HK$220', '標準大床房201:HK$220', '標準間204:HK$220', '山景大床房202:HK$311']"
本溪湯溝依山壹墅,9.4,"['雙床房:HK$315', '主題大床房:HK$424', '主題親子房:HK$533', '榻榻米房:HK$642']"
浩哥温泉民宿,9.9,"['精品大床榻榻米房1110:HK$468', '精品山景大床榻榻米1012:HK$468', '山景精品大床房1112:HK$489', '山景温泉大床榻榻米房616（投影120寸）:HK$489']"
清雅居民宿,9.9,['清雅居山居温泉家庭房:HK$382']
桓仁金星賓館,9.5,"['電炕榻榻米房:HK$141', '普通標間【全屋智能小度語音控制】:HK$152', '標準大床房【全屋智能小度語音控制】:HK$196', '商務標間【全屋智能小度語音控制+投影】:HK$217']"
桓仁漫谷度假小鎮,9.0,"['森林療愈樹屋精緻雙人房:HK$545', '溪谷雅緻雙床房:HK$545', '城堡園景大床房:HK$545', '溪谷雙床房:HK$654', '城堡山景大床房:HK$655']"
本溪縣玉龍灣度假村,7.8,"['四人間電炕房:HK$165', '平房標準雙標間:HK$184', '平房温馨親子三人間:HK$184', '平房温馨家庭四人間:HK$184']"
本溪縣楓香谷温泉度假酒店,9.2,"['温馨童趣親子房-GIRL:HK$1,200', '温馨童趣親子房-Boy:HK$1,200']"
本溪縣悠然的民宿,8.5,"['大床房:HK$295', '親子大床房:HK$317', '舒適榻榻米房:HK$361', '星空木房:HK$382']"
桓仁蔡龍麟酒莊,8.6,"['簡約標準房:HK$217', '輕奢雙床房:HK$239', '標準雙床房:HK$260', '簡約大床房:HK$260']"
桓仁隆興國際大酒店（音樂噴泉店）,9.2,"['豪華大床房| 深睡床品·乾濕分離:HK$364', '豪華江景雙床房| 深睡床品·乾濕分離:HK$364']"
石屹民宿,9.5,"['舒適大床房:HK$500', '舒適榻榻米房:HK$752', '山景大床房:HK$861', '豪華榻榻米房:HK$970']"
一桐茗宿賓館,9.8,"['榻榻米房:HK$108', '大床房:HK$137', '標準雙人間:HK$137', '家庭間:HK$175']"
本溪縣假日温泉度假酒店,8.7,"['大床麻將房:HK$391', '特價大床房:HK$391', '特價標準間:HK$391', '高端商務標間:HK$450']"
本溪縣楓林小院,9.4,"['標準暖炕房:HK$216', '精品家庭房:HK$282', '六人家庭房:HK$282', '精品榻榻米房:HK$304']"
