酒店名称,评分,房型价格列表
梅州白天鵝迎賓館,9.5,"['商務城景大床房:HK$284', '商務城景雙床房:HK$284', '商務江景雙床房:HK$302', '商務江景大床房:HK$302', '商務江景套房:HK$350']"
梅州皇家名典酒店（嘉應古城店）,8.9,"['豪華雙床房:HK$186', '豪華大床房:HK$186', '影音大床房:HK$205', '影音雙床房:HK$205', '夢百合助眠大床房:HK$205']"
梅州聯邦酒店（客都滙商業文化廣場店）,9.0,"['特惠大床房:HK$134', '特惠雙床房:HK$134', '商務雙床房:HK$145', '豪華雙床房:HK$157']"
梅州金葉戴斯温德姆酒店,9.3,"['舒適城景雙床房:HK$381', '高級城景大床房:HK$396', '高級城景雙床房:HK$396', '豪華雙床房:HK$396', '舒適好眠大床房:HK$396']"
梅州又見民宿,9.1,"['悦林小築丨大床房:HK$96', '美築創意丨大床房:HK$126', '森嶼隱舍丨大床房:HK$154', '伴友同行丨雙床房:HK$161']"
梅州有權國際大酒店（梅江區客都滙商業文化廣場店）,9.4,"['智能標準大床房:HK$224', '智能標準雙床房:HK$224', '智能豪華雙床房:HK$254', '智能豪華大床房:HK$254']"
綠舟酒店（梅州市人民醫院店）,9.3,"['油羅｜特惠大床房（抗菌防蟎親膚布草&深睡鴨絨枕頭）:HK$104', '劍英｜雅緻大床房（抗菌防蟎親膚布草&深睡鴨絨枕頭）:HK$113', '客天下｜温馨雙床房｜抗菌防蟎親膚布草&深睡鴨絨枕頭:HK$123', '客天下｜温馨大床房｜抗菌防蟎親膚布草&深睡鴨絨枕頭:HK$123']"
趣致酒店（梅州梅江區院士廣場店）,9.5,"['趣享輕奢大床房（洗衣機+智能客控+智能馬桶）:HK$171', '致享星空大床房（洗衣機+智能客控+智能馬桶）:HK$188', '趣享江景大床房（景觀陽台+全屋智能+免費洗衣機）:HK$205', '致享江景大床房（景觀陽台+全屋智能+免費洗衣機）:HK$222']"
億嘉酒店（梅州市人民醫院店）,8.6,"['輕居大床房:HK$62', '雅居投影雙床房:HK$87', '雅居大床房:HK$99', '輕居雙床房:HK$106']"
梅州毅新酒店（人民廣場店）,9.4,"['特惠雙床房:HK$143', '特惠大床房:HK$147', '雅緻雙床房:HK$151', '雅緻大床房:HK$154']"
麗悦酒店（梅州店）,9.3,"['標準智能大床房:HK$222', '豪華智能大床房:HK$236', '高級智能雙床房:HK$236', '豪華智能雙人房:HK$237', '行政智能房:HK$288']"
365連鎖酒店（梅州江南店）,9.5,"['特惠房（無窗）:HK$101', '雅緻雙人房:HK$109', '雅韻雙人房:HK$126', '雅韻大床房:HK$126']"
梅州華美達酒店（萬達廣場店）,8.8,"['標準雙人房:HK$177', '標準單人房:HK$191', '豪華雙人房:HK$196', '豪華單人房:HK$196', '行政雙人房:HK$287']"
梅州市中心柏麗廣場亞朵酒店,9.7,"['高級大床房（裸棉床品+投屏+小冰箱）:HK$322', '高級雙床房（裸棉床品+投屏+小冰箱）:HK$339', '行政大床房（裸棉床品+投屏+小冰箱）:HK$348', '幾木大床房（裸棉床品深睡2.0枕+投屏+小冰箱）:HK$383', '幾木雙床房（裸棉床品深睡2.0枕+投屏+小冰箱）:HK$383']"
梅州鴻儒文化精品酒店（客家博物館店）,9.6,"['特惠大床房（自助卡座泡茶）:HK$225', '精品大床房（自助卡座泡茶）:HK$241', '精緻雙床房:HK$257', '陽光大床房（古典與現代結合）:HK$281']"
麗呈睿軒酒店（梅州萬達廣場店）,9.0,"['特惠單人房:HK$204', '標準大床房:HK$227', '標準雙床房:HK$227', '豪華大床房:HK$251']"
365連鎖酒店（梅州新城店）,9.3,"['雅緻大床房:HK$143', '雅緻大床房（無窗）:HK$143', '雅緻雙人房:HK$156', '精選大床房（小度智能語音）:HK$212']"
客天下·萬象國際公寓（梅州萬達廣場店）,8.8,"['優選-輕奢大床房[獨立陽台、洗衣機、小冰箱]:HK$143', '優選-輕奢雙床房[獨立陽台、洗衣機、小冰箱]:HK$143', '輕雅-陽台雙床房[大空間、洗衣機、小冰箱]:HK$161', '輕雅-陽台大床房[大空間、洗衣機、小冰箱]:HK$161']"
城市便捷酒店（梅州萬達廣場店）,9.5,"['標準大床房:HK$183', '高級大床房:HK$197', '高級雙床房:HK$197', '豪華大床房:HK$206']"
梅州誠御酒店（客都滙商業文化廣場店）,9.5,"['精品大床房:HK$199', '高級大床房:HK$226', '高級雙床房:HK$226', '豪華大床房:HK$258', '豪華雙床房:HK$258']"
永客·優悅酒店（梅州梅江區萬達廣場店）,8.8,"['優享影音房（極光TV會員隨心看+私享獨立冰箱洗衣機）:HK$113', '甄享大床房:HK$122']"
博爾曼北歐酒店 （嘉大店）,8.8,"['法式·特惠大床房:HK$136', '法式·純真靜漫大床房:HK$147', '法式·動漫影院大床房:HK$156', '意式·淡雅動感大床房:HK$166']"
梅州強華陋室酒店,9.6,"['豪華大床房:HK$274', '豪華雙床房:HK$274', '行政雙床房:HK$318', '親子雙床房:HK$318', '豪華套房:HK$465']"
如家酒店（梅州百花洲步行街店）,9.5,"['大床房:HK$126', '商務大床房:HK$135', '雙床房:HK$143', '高級大床房:HK$143']"
梅州迪雅酒店,8.6,"['標準大床間:HK$132', '標準雙床房:HK$138', '豪華大床房:HK$158', '豪華雙床房:HK$165']"
梅州天地人花園酒店（梅江梅縣人民廣場店）,9.2,"['天·雅緻大床房:HK$91', '窗外好景大床房:HK$104', '動人夜景雙床房:HK$107', '天·逸緻影視大床房（海量新片+手機巨幕投屏）:HK$123']"
雅瑞斯酒店（梅州梅江區萬達廣場店）,9.1,"['雅惠大床房「精緻睡眠·舒適潔凈」:HK$120', '雅悦零壓豪華大床房「舒睡好眠·高級甜睡」:HK$130', '雅緻雙床房「自然舒眠·商務簡約」:HK$139', '巨幕影院零壓大床房「高清投影·海量片源」:HK$149']"
梅州鬆口印象民宿,9.7,"['櫳辰大床房B:HK$228', '櫳靜雙床房:HK$287', '觀瀾高級大床房:HK$363', '觀瀾江景大床房:HK$430']"
乾坤潤精品酒店（梅州新縣城店）,9.5,"['特惠大床房:HK$140', '特惠雙人間:HK$144', '商務雙人間:HK$164', '商務大床房:HK$164']"
梅州尋麓間,9.5,"['驚喜-特惠大床房:HK$313', '複式套房:HK$379', '輕奢街景房:HK$436', '如畫林間大床房:HK$492', 'Duplex複式雙卧家庭房:HK$492']"
乾坤潤精品酒店（梅州江北店）,9.4,"['經濟單人房:HK$145', '榻榻米房:HK$145', '商務單人房:HK$164', '精品雙人房:HK$179']"
梅珠文創酒店（梅江區客都滙商業文化廣場店）,9.3,"['特惠大床房 （貴族床墊+智能客控+迷你冰箱）:HK$206', '特惠雙床房 （貴族床墊+智能客控+迷你冰箱）:HK$217', '舒適大床房（貴族床墊+智能客控+迷你冰箱）:HK$235', '舒適雙床房 （貴族床墊+智能客控+迷你冰箱）:HK$242']"
梅州栢琚酒店（人民廣場店）,9.1,"['舒適大床房:HK$124', '高級單人房:HK$137', '高級雙人房:HK$137', '豪華單人房:HK$151']"
梅州西站富力中心亞朵酒店,9.8,"['高級大床房:HK$331', '高級雙床房:HK$348', '行政大床房:HK$366', '行政雙床房:HK$383', '幾木大床房:HK$391']"
梅州三舍綜藝民宿,9.5,"['特惠大床房:HK$484', '客家風情大床房:HK$553', '浪漫復古套房:HK$553', '璀璨星空房:HK$617']"
嘉州假日酒店（梅州市中心嘉印拾光樂園店）,8.5,"['商務大床房:HK$117', '商務雙床房:HK$124', '豪華大床房:HK$144', '商務套房:HK$242']"
維也納酒店（梅州市區中心店）,9.0,"['標準單人房:HK$172', '高級雙床房:HK$172', '高級大床房:HK$172', '豪華雙床房:HK$207']"
梅州客天下自在雅居,9.5,"['豪華大床套房:HK$248', '商務套房:HK$325', '精緻二室一廳套房:HK$353', '温馨家庭房:HK$547']"
康祺國際公寓（梅州客天下店）,9.2,['豪華雙床房（洗衣機）:HK$235']
梅州金沙灣國際大酒店,9.3,"['城景雙床房:HK$415', '城景大床房:HK$415', '無障礙大床房:HK$494', '高級雙床房:HK$511', '江景大床房:HK$511', '高級特大床房:HK$559']"
梅州迎賓大酒店,9.3,"['豪華大床房:HK$303', '豪華雙床房:HK$322', '行政大床房:HK$350', '親子豪華大床房:HK$398', '高級套房一房一廳:HK$399', '親子高級套房:HK$456']"
嘉洲酒店（梅縣機場店）,8.8,"['高級雙床房:HK$141', '高級大床房:HK$141', '豪華大床房:HK$160', '豪華雙床房:HK$160']"
梅州金德寶國際酒店,9.1,"['高級大床房:HK$150', '高級雙床房:HK$176', '豪華大床房:HK$185', '豪華雙床房:HK$185', '商務雙人房:HK$211']"
趣致·嘻哈主題公寓（梅州梅江區店）,9.2,"['雅緻大床房[洗衣機+冰箱+陽台+投影儀]:HK$146', '豪華大床房[洗衣機+冰箱+陽台]:HK$158', '暢享影音房（洗衣機+冰箱+陽台+投影儀VIP）:HK$176', '豪華雙床房[洗衣機+冰箱+陽台+投影儀]:HK$182']"
梅州英思廷酒店（梅江萬達廣場店）,8.9,"['廷悦大床房:HK$218', '廷悦雙床房:HK$237', '廷逸大床房:HK$237', '廷逸雙床房:HK$256', '廷逸親子主題雙床房（開心玩偶+迷你帳篷）:HK$294']"
梅州市路家酒店,9.0,"['高級雙人間:HK$132', '高級大床房:HK$134', '豪華雙人間:HK$139', '豪華單人房:HK$152']"
巢漫智能美宿酒店（金利來大街店）,9.2,"['TX 丨舒適智能大床房（智能客控+高清投影）:HK$105', 'TX 丨高級智能大床房（智能客控+高清投影）:HK$124', 'TX 丨高級智能雙床房（智能客控+高清投影）:HK$134', 'TX 丨豪華智能大床房（智能客控+高清投影）:HK$144']"
芭緹陽光連鎖酒店（客都滙文化廣場店）,8.9,"['雅韻大床房「鬧中取靜｜一次性浴巾面巾」:HK$108', '影音精品大床房［泰式風情｜影視會員］:HK$113', '雅韻雙床房『新中式與泰式結合｜公區提供洗衣房|』:HK$119', '影音商務雙床房［影院體驗｜東南亞特色］:HK$133']"
梅州昌盛豪生大酒店,9.5,"['高級雙床房:HK$338', '高級大床房:HK$338', '豪華雙床房:HK$388', '豪華大床房:HK$388', '舒適零壓大床房（夢百合零壓床墊-深度睡眠）:HK$425', '舒適零壓雙床房（夢百合零壓床墊-深度睡眠）:HK$425']"
梅州梅江財盛中心希爾頓歡朋酒店,9.6,"['舒適大床房:HK$469', '舒適雙床房:HK$478', '高級大床房:HK$478', '高級雙床房:HK$489', '豪華大床房:HK$489']"
