酒店名称,评分,房型价格列表
被夢叫醒江景酒店（樂山大佛景區張公橋好吃街店）,9.7,"['簡素雙床房「軟硬乳膠蕎麥枕·小冰箱·智能馬桶·全身鏡 」:HK$337', '纖濃浴缸大床房「乳膠床墊·化粧鏡·全身鏡·小冰箱 」:HK$360', '夭濃泡池大床房「軟硬乳膠蕎麥枕·小冰箱·智能馬桶·全身鏡 」:HK$382', '侘寂大床房「房間巨寬敞 · 小冰箱 · 智能馬桶」:HK$389', '纖濃雙床房「小冰箱·乳膠床墊·化粧鏡·全身鏡·智能馬桶」:HK$412']"
芊芊芒果樹酒店（樂山大佛店）,9.4,"['祕境·雅閣大床房（智能家居·直飲機·小冰箱）:HK$197', '風光無限·豪華江景大床房（推窗見江）:HK$236', '來故·一見傾心大床房（智能家居·直飲機·小冰箱）:HK$246', '千山萬水·唯美雙床房（智能家居·直飲機·小冰箱）:HK$249']"
樂山L私湯江景酒店·City Vacation（樂山上中順店）,9.7,"['綠野榻榻米大床房[180°落地窗觀樂山老街城景/侘寂風/全棉親膚泡泡棉床品/超舒服乳膠記憶床墊/恆温坐墊智能馬桶/電視可投屏追劇]:HK$358', '綠野·城景大床房[180°樂山城景落地窗/超舒服乳膠記憶床墊/全棉親膚泡泡棉床品/高速負離子吹風機/恆温坐墊智能馬桶/三層玻璃隔音好睡眠]:HK$391', '上喜浴缸大床房[觀樂山老街煙火氣|全棉親膚泡泡棉床品|三層隔音窗|超舒服乳膠記憶床墊|自動加熱智能馬桶|浴缸泡泡浴]:HK$402', '綠野·浴缸雙床房[看樂山城景+超舒服乳膠記憶床墊+全棉親膚泡泡棉床品+恆温坐墊智能馬桶]:HK$435', '初居浴缸大床房[躺看美食街夜景+超舒服乳膠記憶床墊+全棉親膚泡泡棉床品+泡泡球浴缸泡泡浴+恆温坐墊智能馬桶+電視可投屏追劇]:HK$478']"
錦聽連鎖.南方大酒店（樂山張公橋美食街店）,9.4,"['優選簡約大床房【助眠床墊+辦公桌】:HK$148', '優選簡約雙床房【助眠床墊+辦公桌】:HK$153', '沉浸式體驗影院房（100寸投影+手機投屏+VIP影片隨心看）:HK$177', '觀山山景大床房【窗外好景+舒適沙發+辦公桌】:HK$196']"
樂山廣寒宮酒店（樂山高鐵站嘉興路美食街店）,9.7,"['豪華大床房:HK$218', '豪華雙床房:HK$240', '高級大床房:HK$262', '商務大床房:HK$262', '行政大床房:HK$360']"
樂山M設計師智能酒店,9.7,"['雅緻大床房:HK$212', '尊貴雙床房:HK$255', '尊貴大床房:HK$255', '尊享特大床:HK$260']"
清樂府酒店（高鐵站嘉興路美食街店）,9.8,"['清悦•雅緻高級大床房[65寸智能電視投屏｜乾濕分離]:HK$211', '清悦•雅緻高級雙床房[65寸智能電視投屏|乾濕分離]:HK$245', '清悠•逸緻豪華大床房[65寸智能電視投屏|乾濕分離]:HK$263', '清悠•逸緻豪華雙床房[65寸智能電視投屏|乾濕分離]:HK$305']"
宏遠大酒店（嘉興路美食街店）,9.4,"['特惠大床房（榻榻米）:HK$164', '雅逸雙床房（庭景禪意茶台+榻榻米）:HK$187', '雅逸大床房（榻榻米）:HK$187', '雅靜雙床房:HK$213']"
宜必思酒店（樂山中心店）,9.6,"['大床房（電視投屏+金可兒床墊）:HK$211', '高級大床房（電視投屏+金可兒床墊）:HK$251', '雙床房（電視投屏+金可兒床墊）:HK$311', '家庭房（電視投屏+金可兒床墊）:HK$412']"
有樂在樂設計師酒店（張公橋好吃街店）,9.5,"['有楽大床房（智能客控+喜臨門床墊）C:HK$237', 'Esport雙床間（電競模式8G顯卡+I7處理器+海盜船內存）AC:HK$246', '有楽雙床房（智能客控+喜臨門床墊）C:HK$246', '江畔雙床房（蒲團茶座+智能客控）A:HK$302']"
樂山上善居·養心禪景酒店,9.6,"['自在大床房:HK$233', '自在雙床房（超寬雙床）:HK$238', '禪景大床房:HK$258', '禪景雙床房（超寬雙床）:HK$271', '湯屋圓床庭院房（坐忘小院+山水禪台）:HK$282']"
城市精選酒店（樂山體育中心張公橋美食街店）,9.9,"['影院舒適大床房（語音客控+55寸電視投屏+深睡記憶枕）:HK$192', '舒適雙床房（語音客控+55寸電視投屏+深睡記憶枕）:HK$215', '標準大床房（語音客控+55寸電視投屏+深睡記憶枕）:HK$215', '標準雙床房（語音客控+55寸電視投屏+深睡記憶枕）:HK$238']"
樂山樂上盡歡酒店（嘉興路美食街店）,9.9,"['高級大床房:HK$326', '高級雙床房:HK$326', '舒適大床房:HK$352', '舒適雙床房:HK$353', '豪華大床房:HK$369']"
偶得酒店（樂山張公橋美食街店）,9.7,"['致祥·園景大床房（智能客控+智能馬桶）:HK$235', '青雲·舒適大床房（智能客控+智能馬桶）:HK$253', '喜對·特色雙床房（智能客控+智能馬桶）:HK$261', '天禧·舒適雙床房（智能客控+智能馬桶）:HK$288']"
樂山COCO雲網紅高空湯池設計師酒店,9.4,"['雅緻·觀景大床房（地暖+高空無遮擋景觀+浴缸+巨幕投影）:HK$244', 'LOFT大床房（地暖+高空無遮擋景觀+巨幕投影+浴缸）:HK$254', '浪漫滿屋大床房（地暖+高清投影）:HK$275', '時光浴缸大床房（地暖+智能客控+百寸極米巨幕投影+雙人泡池浴缸）:HK$287']"
江畔小住民宿（樂山大佛店）,9.8,"['凈山佛心大床房:HK$305', '雲影籬下悠然雙床房:HK$361', '聞香聽濤臨江院景大床房:HK$368', '江映月白江景大床房:HK$368']"
8RSR隱市人文民宿（樂山張公橋店）,9.7,"['古楊·輕奢花園大床房（西馬智能馬桶+SPS西普斯水龍頭+極米超大屏投影）:HK$173', '於境·輕奢花園大床房（西馬智能馬桶+SPS西普斯水龍頭+極米超大屏投影）:HK$206', '流長·輕奢花園大床房（西馬智能馬桶+SPS西普斯水龍頭+極米超大屏投影）:HK$239', '隱市·輕奢花園大床房（西馬智能馬桶+SPS西普斯水龍頭+極米超大屏投影）:HK$239']"
樂山雲上湯池酒店（樂山高鐵站世豪廣場店）,9.6,"['雲上·雅緻大床房【巨幕超清投影+私享浴缸】:HK$298', '禪意·泡池大床房【80寸超清巨幕電視+浴缸+智能客控】:HK$309', '浪漫·泡池大床房【私享浴缸＋高清巨幕投影】:HK$309', '浪漫·私湯特大床房【超清投影＋雙人私湯+智能客控】:HK$320', '雲逸·LOFT雙床房【超清巨幕投影+私享泡池 智能客控】:HK$320']"
桔子酒店（樂山世豪廣場嘉興路美食街店）,9.6,"['高級大床房（智能客控+小冰箱+電視投屏+金可兒床墊）:HK$331', '高級雙床房（智能客控+小冰箱+電視投屏+金可兒床墊）:HK$351', '親子房（智能客控+小冰箱+電視投屏+金可兒床墊）:HK$380', '家庭房（智能客控+小冰箱+電視投屏+金可兒床墊）:HK$419']"
厚時Hotel Moment（樂山嘉興路美食街店）,9.5,"['精選大床房（舒睡床品+投屏電視+小冰箱）:HK$228', '精選雙床房（舒睡床品+投屏電視+小冰箱）:HK$228', '高級大床房（舒睡床品+投屏電視+小冰箱）:HK$238', '高級雙床房（舒睡床品+投屏電視+小冰箱）:HK$238']"
樂山·泥曲 | Ni River高空藏式美學酒店（高鐵站萬達廣場店）,9.4,"['悦灰度大床房（人體力學床墊+恆温熱水+智能客控）:HK$205', '雅灰度高空房（智能客控＋中央空調＋遮光窗簾）:HK$219', '居灰度雙床房（超清電視智能可投屏+零壓床墊+智能客控）:HK$219', '暮灰度城景房（智能客控＋人體力學床墊+全景落地窗）:HK$232']"
樂山新加坡佛萊雅花園酒店（理工大學店）,9.3,"['高級單間:HK$218', '商務標間:HK$268', '商務單間:HK$268', '零壓商務單間:HK$306', '行政標間:HK$333']"
樂山縵境假日酒店,9.5,"['輕奢雙床房:HK$191', '江景大床房:HK$304', '輕奢大床房:HK$312', '江景雙床房:HK$320', '江景影音大床房:HK$398']"
金葉·景盛酒店（樂山高鐵站嘉興路美食街店）,9.4,"['優享旅居單間:HK$124', '旅居單間:HK$150', '旅居標間:HK$157', '商務大床房:HK$163']"
探啾酒店（張公橋美食街樂山大佛景區店）,9.7,"['A舒享大床房【軟硬記性枕·定製乳膠床墊·全身鏡】:HK$295', 'A舒適大床房【軟硬記憶枕·定製乳膠床墊·全身鏡】:HK$295', 'A 精靈天窗大床房【正常通風采光·電動升降通風玻璃窗·電動遮陽遮光簾·軟硬記憶枕·定製乳膠床墊】:HK$306', 'B 雅緻大床房【復古法式·軟硬記憶枕·乳膠床墊】:HK$316', 'B 雅悦大床房【軟硬記憶枕·乳膠床墊·智能馬桶·全身穿衣鏡·高清投影·商務辦公區】:HK$316']"
SFEEL設計師酒店（樂山大佛上中順店）,9.6,"['榻榻米大床房:HK$350', '高級大床房:HK$357', '雅緻大床房:HK$390', '高級雙床房:HK$403']"
悦·樂山江景酒店（上中順商業街店）,9.1,"['城景影音大床房（巨幕投影+愛奇藝會員+智能客控）:HK$271', '城景露台大床房（75寸電視+私享露台+智能客控）:HK$326', '江景影音雙床房（正觀禪韻水幕燈光秀+巨幕投影+愛奇藝會員+智能客控）:HK$358', '江景舒適大床房（正觀禪韻水幕燈光秀+75寸電視+智能客控）:HK$358', '城景影音親子房（巨幕投影+愛奇藝會員+智能客控）:HK$358']"
璟晨酒店（樂山張公橋美食街店）,9.4,"['大床房（智能客控+軟水淋浴）:HK$278', '雙床房（智能客控）:HK$306', '榻榻米大床房（軟水淋浴）:HK$333', '高級大床房（智能客控+軟水淋浴）:HK$352']"
樂山湯與禪·享受與養心度假酒店,9.6,"['古缸竹影大床房:HK$299', '古缸竹影雙床房:HK$311', '古缸竹影超級寬床房:HK$311', '貴妃古浴大床房【養顏貴妃湯】:HK$334', '貴妃古浴雙床房【養顏貴妃湯】:HK$346']"
城市便捷酒店（樂山大佛店）,9.6,"['智能標準大床房（全屋智能｜記憶枕頭｜智能馬桶｜手機投屏）:HK$244', '智能高級大床房（全屋智能｜記憶枕頭｜智能馬桶｜手機投屏）:HK$275', '智能影院大床房（全屋智能｜巨幕投影｜智能馬桶｜手機投屏）:HK$275', '智能落地江景大床房（全屋智能｜落地江景｜智能馬桶｜手機投屏）:HK$305']"
Mon Chéri ·夢雪麗酒店（樂山市高鐵站世豪廣場店）,9.7,"['極簡丨原木大床房【日式書桌+零壓床墊+乳膠記憶枕】:HK$272', '詫寂風 | 榆木大床房【智能客控+零壓床墊+小木馬】:HK$283', '詫寂風 | 榆木雙床房【語音客控+乳膠記憶枕+小木馬】:HK$283', '奶油風丨卡斯楠木雙床房【語音客控+金可兒床墊】:HK$305', '奶油風 | 卡斯楠木大床房【智能客控+乳膠記憶枕】:HK$305']"
柏曼酒店（樂山高鐵站萬達店）,9.5,"['智能舒適大床房（百寸巨幕投影+影視暢享+記憶枕頭）:HK$183', '智能高級雙床房（百寸巨幕投影+影視暢享+記憶枕頭）:HK$198', '智能標準大床房（百寸巨幕投影+影視暢享+記憶枕頭）:HK$206', '智能高級大床房（百寸巨幕投影+影視暢享+記憶枕頭）:HK$236']"
山水S酒店（樂山大佛店）,9.7,"['清歡·高級大床房:HK$466', '觀景閣樓·高級大床房:HK$489', '觀景閣樓·豪華大床房:HK$489', '清歡·豪華大床房:HK$489', '清歡小院·高級大床房:HK$497']"
樂山廣場智選假日酒店（嘉興路美食街店）,9.6,"['標準大床房:HK$336', '標準雙床房:HK$336', '高級大床房:HK$383', '高級雙床房:HK$383', '家庭房:HK$468']"
一宿酒店（樂山高鐵站店）,9.8,"['舒適雙床房:HK$159', '洋流·雙床房:HK$173', '焦野·浴缸大床房:HK$175', '長夏·觀影親子房:HK$201']"
閑庭小築,9.7,"['花園榻榻米大床房（100寸超大投影+浴缸+花園+直飲機+智能馬桶+自動窗簾）:HK$249', '花園榻榻米雙床房（100寸超大投影+浴缸+花園+直飲機+智能馬桶+自動窗簾）:HK$305', '清雅花園泡池大床房（100寸超大投影+泡池+獨立花園+直飲機+智能馬桶+自動窗簾）:HK$323', '豪華花園泡池大床房（100寸超大投影+泡池+獨立花園+直飲機+智能馬桶+自動窗簾）:HK$453']"
御庭酒店（樂山高鐵站店）,9.5,"['高級大床房:HK$195', '高級雙床房:HK$195', '輕奢大床房:HK$236', '輕奢雙床房:HK$252']"
樂山市中區希爾頓花園酒店,9.6,"['花園大床房:HK$364', '花園雙床房:HK$390', '無障礙大床房:HK$390', '豪華大床房:HK$415', '豪華雙床房:HK$415']"
樂山大酒店（嘉興路美食街店）,9.6,"['嵐景·大床房【語音智能客控+零壓床墊+深睡記憶枕】:HK$264', '嵐景·雙床房【語音智能客控+零壓床墊+深睡記憶枕】:HK$264', '豪華雙床房【語音智能客控+零壓床墊+深睡記憶枕】:HK$285', '豪華大床房【語音智能客控+零壓床墊+深睡記憶枕】:HK$285']"
樂山世紀嘉源大酒店CenturyJiayuanHotel（樂山高鐵站店）,9.0,"['太空尋夢大床房|童夢城堡+夢幻樂園:HK$246', '山景醇享大床房|天然氧吧+清新空氣:HK$246', '高級大床房|靜謐空間+零壓鵝絨被:HK$265', '高級雙床房|雙重隔音窗户:HK$265', '至尊豪華大床房|4k投屏+立體環繞:HK$613']"
樂山逸尚東方·洵懌酒店（樂山大佛店）,9.7,"['輕奢大床房「新中式原木傢俱·自動洗衣機·小冰箱·迷你吧 」:HK$306', '尊享精奢大床房:HK$425', '尊享精奢雙床房（沙發）:HK$469', '尊享精奢親子房（室內浴缸）:HK$655', '尊享臨江大床房（小冰箱）:HK$655']"
樂山墨花月白林居精品民宿,9.6,"['空山·星辰（山景）:HK$186', '半夏·雲夢（私享江景）:HK$222', '青山·墨（户外庭院+私享江景）:HK$240', '雲棲·白（户外庭院+私享江景+私享鞦韆）:HK$279']"
樂山錦江嘉州賓館,9.5,"['城景大床房:HK$449', '城景雙床房:HK$449', '江景大床房:HK$600', '江景雙床房:HK$688', '全景大床房:HK$894', '大使套房:HK$2,829']"
樂山安珀酒店,9.7,"['安納西臻享大床房:HK$764', '盧瓦爾典雅雙床房:HK$764', '安納西臻享雙床房:HK$982', '小黃鴨親子大床房:HK$1,092', '海底小縱隊親子大床房:HK$1,092', '瑪格麗特豪華大床房:HK$1,201']"
金葉大酒店（張公橋美食街店）,9.1,"['優享單間【迷你小冰箱】:HK$211', '優享雙床房【迷你小冰箱+舒適軟硬床墊】:HK$212', '商務雙床房【舒睡軟床+迷你小冰箱】:HK$221', '商務單間【舒睡軟床+迷你小冰箱】:HK$221']"
嘉州日記·House輕奢精品民宿（樂山大佛店）,9.6,"['嘉州長卷|舒適大床房:HK$196', '凌雲|觀景大床房:HK$217', '私享花園大床房（冰箱+100寸投影+獨享小花園+休閑椅）:HK$260', '蘇稽|巨幕影音雙床房（100寸投影+榻榻米休閑品茗區）:HK$271']"
樂山三卿酒店（張公橋美食街店）,9.4,"['雲舒|景庭大床房|語音智能客控+乳膠記憶枕:HK$289', '雲影|雅庭大床房|庭院式休閑旅居美學+拍照出片:HK$320', '歸雲|隱庭大床房|庭院式休閑旅居美學+一拍成片:HK$350', '歸雲|隱庭雙床房|庭院式休閑旅居美學+鬧市中的隱居:HK$358']"
SFEEL設計師酒店（樂山張公橋美食街店）,9.6,"['S舒適大床房:HK$383', 'S高級大床房:HK$410', 'S豪華大床房:HK$430', 'S豪華雙床房:HK$477', 'S設計師精選大床房:HK$477']"
樂山華邑酒店,9.6,"['高級房超大床:HK$523', '高級雙床房:HK$523', '高級房:HK$523', '高級超大床行政房:HK$711', '高級雙床行政房:HK$711', '高級行政超大床房-高樓層:HK$758']"
城市便捷酒店（上中順張公橋美食街店）,9.7,"['智能高級大床房（全屋智能｜棋牌休閑｜智能馬桶｜手機投屏）:HK$244', '智能豪華大床房 （全屋智能｜記憶枕頭｜智能馬桶｜手機投屏）:HK$289', '影院大床房 （全屋智能｜迷你冰箱｜巨幕投影｜會員影視暢享｜）:HK$341', '智能高級雙床房 （全屋智能｜棋牌休閑｜智能馬桶｜手機投屏）:HK$341']"
