酒店名称,评分,房型价格列表
武威漢明國際酒店（市醫院紅星時代廣場店）,9.6,"['星幕大床房:HK$301', '星幕雙床房:HK$340', '星瀾大床房:HK$355', '星瀾雙床房:HK$371', '行政尊邸雙床房:HK$394']"
武威涼州希爾頓歡朋酒店,9.5,"['舒適大床房（舒達床墊+小冰箱）:HK$525', '舒適雙床房（舒達床墊+小冰箱+加濕器）:HK$543', '高級大床房（舒達床墊+小冰箱+加濕器）:HK$563', '高級雙床房（舒達床墊+小冰箱+加濕器）:HK$581', '豪華大床房（舒達床墊+小冰箱+加濕器）:HK$601']"
舒雅輕居酒店（武威市步行商業街店）,9.5,"['翠微.優享雙床房（加濕器+一次性香皂毛巾馬桶墊）:HK$191', '晴瀾.輕奢雙床房（加濕器+一次性香皂毛巾馬桶墊）:HK$205', '雅瀾.庭悦大床房（加濕器+一次性香皂毛巾馬桶墊）:HK$206', '悦芽·家庭房（小童拖鞋牙具+一次性香皂毛巾馬桶墊）:HK$268']"
武威星辰四季S酒店（萬達廣場店）,9.7,"['精選零壓雙床房（智能客控+加濕器+落地窗+小冰箱）:HK$360', '甄選零壓雙床房（智能客控+加濕器+落地窗+小冰箱）:HK$392', '甄選零壓大床房（智能客控+加濕器+落地窗+小冰箱）:HK$392', 'PLUS零壓大床房（智能客控+加濕器+落地窗+小冰箱）:HK$424', '温馨零壓親子房（智能客控+加濕器+落地窗+小冰箱）:HK$488']"
武威錦盛源國際酒店（萬達廣場店）,9.6,"['精選雙床房:HK$202', '精選大床房:HK$209', '特色主題雙床房:HK$216', '行政雙床房:HK$223']"
武威興隆飯店（雷台景區店）,9.4,"['商務標準間:HK$195', '商務大床房:HK$195', '豪華親子房:HK$347', '豪華套房:HK$391', '豪華標準間:HK$479']"
武威濱湖酒店（涼州植物園天馬湖景區店）,9.5,"['城景大床房（180°落地窗+天馬之眼全城夜景）:HK$438', '靜謐雙床房（落地窗+日出望湖）:HK$448', '湖景大床房（天馬湖景觀+180°落地窗+一縷陽光）:HK$496', '湖景雙床房（天馬湖景觀+180°落地窗+一縷陽光）:HK$496', '瞰景走廊雙床房（雙景區景觀+涼州夜景+輕氧光合）:HK$623']"
武威金璽國際酒店（市醫院星光購物廣場店）,9.2,"['豪華智能雙床房（小度音響+空氣凈化器+超大格局）:HK$207', '似水年華追憶大床房（粉黛星願+泡泡浴缸）:HK$207', '天幕寰宇臻雅大床房（穹頂+靜謐私湯+全屋智能）:HK$218', '窯月泊.尊享大床房（星幕+靜謐私湯+全屋智能）:HK$229', '浪漫櫻花日式主題房（禪意美學+靜謐私湯+全屋智能）:HK$239']"
武威金瑪銀都國際酒店（萬達廣場店）,9.4,"['悦享.漫居雙宿房（智能場景+零壓床墊+Mini Bar）:HK$216', '天幕.觀瀾大床房（智能全景窗+空中庭院視野+浴缸）:HK$216', '悦享.逸居大床房（零壓床墊+智能場景+Mini Bar）:HK$227', '輕謐雲景雙床房（靜謐私湯＋智能場景＋零壓床墊）:HK$293']"
和頤至尚酒店（武威萬達廣場店）,9.6,"['雙床房【高層安靜+明亮舒適】:HK$319', '商務大床房【高層外景+躺卧沙發】:HK$339', '高級雙床房【陽光充足+躺卧沙發】:HK$347', '套房【超大空間+高層安靜】:HK$414']"
艾扉酒店（武威海藏路店）,9.6,"['雙床房:HK$196', '商務大床房:HK$213', '高級雙床房:HK$239', '高級大床房:HK$248']"
萬嘉國際酒店（武威步行街星光購物中心店）,9.5,"['清漪.甄選雙床房（加濕器+一次性面巾）:HK$147', '清漪.甄選大床房（加濕器+一次性面巾）:HK$153', '霽嵐.舒眠雙床房（加濕器+一次性面巾）:HK$159', '霽嵐.舒眠大床房（加濕器+一次性面巾）:HK$164']"
武威雲曉大酒店（濕地公園政務中心店）,9.3,"['雅緻雙床房-安逸舒睡+電視投屏＋觀景浴缸:HK$379', '雅緻大床房-心曠神怡+觀景浴缸:HK$390', '豪華大床房-陽光滿屋+加寬特大床＋觀景浴缸:HK$404', '豪華雙床房-舒享景觀+電視投屏＋觀景浴缸:HK$404', '景觀雙床房-智能客控+全景落地窗＋觀景浴缸:HK$427', '景觀大床房-加寬特大床+隨心所“浴”浴缸:HK$427']"
星程酒店（武威萬嘉國際廣場店）,9.7,"['大床房（電視投屏+喜臨門床墊+智能馬桶）:HK$428', '高級大床房（電視投屏+喜臨門床墊+智能馬桶）:HK$535', '高級雙床房（電視投屏+喜臨門床墊+智能馬桶）:HK$589', '家庭房（電視投屏+喜臨門床墊+智能馬桶）:HK$650']"
公航旅金陵大酒店（漢唐天馬城景區店）,9.5,"['高級雙床房:HK$540', '高級大床房:HK$540', '高級城市景觀大床房:HK$594', '高級城市景觀雙床房:HK$594', '豪華庭院景觀大床房:HK$649', '豪華庭院景觀雙床房:HK$649']"
時棲酒店（鳩摩羅什寺店）,9.4,"['天馬昂霄丨悦享大床房【乳膠床墊+一次性馬桶墊】:HK$164', '涼州一瞬丨悦享雙床房【乳膠床墊+一次性馬桶墊】:HK$164', '葡萄斟酒丨奢享雙床房【乳膠床墊+一次性馬桶墊】:HK$186', '漢唐入夢丨奢享大床房【乳膠床墊+一次性馬桶墊】:HK$186']"
武威陽光假日大酒店,9.3,"['特惠標準間:HK$147', '特惠大床房:HK$147', '高級大床房:HK$156', '高級雙床房:HK$156']"
武威建隆大酒店（天馬湖景區武威站店）,9.5,"['景緻大床房-180°落地窗+尊貴浴缸房+智能客控窗簾:HK$228', '景緻雙床房-180°落地窗+尊貴浴缸+智能客控窗簾:HK$228', '豪華大床房+超大舒適洗漱間+尊享浴缸+智能窗簾:HK$238', '豪華雙床房+超大舒適洗漱間+尊享浴缸+智能窗簾:HK$238', '尊享雙床房-超大落地窗洗漱間+尊貴浴缸房+智能窗簾:HK$249', '尊享大床房+超大落地窗洗漱間+尊貴浴缸房+智能窗簾:HK$249']"
武威嘉晟假日酒店（紅星時代廣場教育學院店）,9.3,"['温馨舒眠雙床房:HK$165', '品質舒睡大床房:HK$165', '主題房:HK$179', '輕奢雅居雙床房:HK$185']"
武威金都國際酒店,9.2,"['雅緻大床房:HK$203', '雅緻標準間:HK$203', '豪華景觀大床房:HK$257', '豪華景觀雙床房:HK$257', '高級豪華大床房:HK$277']"
武威西涼大酒店,9.1,"['豪華雙人間:HK$358', '豪華套房:HK$525']"
棲悦裏精品酒店（武威市步行商業街店）,9.7,"['棲悦精品雙床房（高級床品+靜享時光+加濕器）:HK$229', '棲悦潮品大床房（高級床品+靜享時光+加濕器）:HK$276', '棲悦精品套房-（高級床品+智能馬桶+加濕器+暢享寬敞空間）:HK$300', '棲悦潮品影院房（高級床品+投影儀+加濕器）:HK$307']"
海錦天輕居酒店（武威步行街鳩摩羅什寺店）,9.5,"['天馬行空・雅緻大床房【舒睡好眠+地標景觀+乾濕分離】:HK$145', '鳩摩羅什・臻享大床房【舒睡好眠+地標景觀+乾濕分離】:HK$154', '鳩摩羅什・臻享雙床房【舒睡好眠+地標景觀+乾濕分離】:HK$154', '銅奔馬躍・逸享大床房【舒睡好眠+地標景觀+乾濕分離】:HK$171']"
武威雲翔國際酒店（雷台店）,9.3,"['靜謐商務大床房:HK$229', '陽光商務雙床房:HK$275', '個性蜜月圓床房:HK$328', '靜謐豪華雙床房:HK$367', '温馨親子房:HK$392']"
海錦天美居酒店（武威星光購物中心店）,9.7,"['逸緻·清雅簡居大床房【靜謐+乾濕分離+陽光通透】:HK$186', '悦致·舒雅寧靜大床房【舒睡好眠+乾濕分離+陽光通透】:HK$205', '悦致·舒雅寧靜雙床房【舒睡好眠+乾濕分離+陽光通透】:HK$205', '麗致·靜奢深睡大床房【零壓床墊+輕奢睡眠+乾濕分離】:HK$222']"
武威凱爾曼國際酒店（市博物館科技館店）,9.0,"['特惠雙床房:HK$288', '豪華雅緻大床房:HK$309', '豪華雅緻雙床房:HK$320', '豪華景觀大床房:HK$331', '豪華景觀雙床房:HK$342']"
公航旅天馬明珠酒店（漢唐天馬城景區店）,9.1,"['商務大床房（舒達床墊+落地窗+加濕器）:HK$324', '商務雙床房（舒達床墊+落地窗+加濕器）:HK$324', '行政雙床房（舒達床墊+落地窗+加濕器）:HK$353', '行政大床房（舒達床墊+落地窗+加濕器）:HK$353', '無障礙大床房（舒達床墊+落地窗+加濕器）:HK$500']"
武威大隱·四合院（天梯山大景區）,9.8,"['天梯古雪（豪華雙床房）:HK$718', '金塔晴霞（豪華大床房）:HK$718', '無為（豪華套房）:HK$1,379', '歸心四合院:HK$2,005']"
武威博雅文華酒店,9.3,"['特惠大床房:HK$259', '高級大床房:HK$331', '高級雙床房:HK$349', '豪華舒適大床房:HK$410']"
武威三元民宿酒店,9.4,"['觀景·靜雅深睡大床房（俯瞰湖景+零壓床）:HK$293', '望湖·靜逸深度睡眠雙床房（天然氧吧+零壓床）:HK$293', '和悦·靜雅深度睡眠家庭房（遙看山景+零壓床）:HK$402', '輕奢·天空之境套房:HK$511']"
漢庭酒店（武威火車站店）,9.4,"['大床房（外景窗+雲夢之床床墊）:HK$203', '高級大床房（外景窗+雲夢之床床墊）:HK$244', '雙床房（外景窗+雲夢之床床墊）:HK$264', '家庭房（外景窗+雲夢之床床墊）:HK$283']"
武威重離子康養民宿,9.8,"['康養小套房:HK$116', '康養大套房:HK$154']"
維也納國際酒店（武威天景上海城店）,9.6,"['高級大床房:HK$330', '高級雙床房:HK$347', '豪華大床房:HK$365', '豪華雙床房:HK$382', '商務大床房:HK$400']"
飛天假日酒店（武威步行街文廟店）,9.3,"['飛天輕奢雙床房:HK$160', '隴闕·輕奢大床房:HK$174', '佑風·尊雅雙床房:HK$187', '佑風·尊雅大床房:HK$201']"
武威天馬賓館,8.2,"['北樓經濟大床房:HK$108', '北樓經濟標間A:HK$151', '南樓標準間:HK$152', '南樓大床房:HK$205', '南樓豪華標準間:HK$293']"
海錦天S酒店（武威萬達廣場店火車站店）,9.7,"['清雅大床房（慕思床墊+乾濕分離+無窗）:HK$215', '悦享雙床房（慕思床墊+陽光通透+乾濕分離）:HK$241', '悦享大床房（慕思床墊+陽光通透+乾濕分離）:HK$241', '悠享時光雙床房（慕思床墊+陽光通透+乾濕分離）:HK$269']"
海錦天商務酒店（武威職業學院店）,9.5,"['武威暖居·馨夢雙床房【乾濕分離+超大空間+舒適安眠】:HK$173', '武威暖居·馨夢大床房【乾濕分離+超大空間+舒適安眠】:HK$173', '温馨武威·甜憩大床房【乾濕分離+舒適安眠+超大空間】:HK$184', '温馨武威·甜憩雙床房【乾濕分離+舒適安眠+超大空間】:HK$184']"
漢武洲際酒店（武威火車站萬達廣場店）,9.2,"['優享雙床房:HK$181', '商務雙床房:HK$206', '商務大床房:HK$206', '豪華雙床房:HK$217']"
小憩民宿（武威天一財富廣場店）,10.0,"['温馨大床房:HK$191', '精緻大床房:HK$191', '經濟大床房:HK$191', '觀影大床房:HK$223']"
三元雅居酒店（文廟景區店）,9.5,"['雅緻雙床房（智能客控+智能馬桶＋加濕器＋零壓床墊）:HK$277', '雅緻大床房（智能客控+智能馬桶＋加濕器＋零壓床墊）:HK$277', '雅緻三人房（智能客控+智能馬桶＋加濕器＋零壓床墊）:HK$326', '觀景親子房（智能客控+智能馬桶＋加濕器＋零壓床墊）:HK$326']"
武威温泉度假村,8.6,"['尊享雙床房:HK$566', '尊享親子房:HK$686', '尊尚雙床房:HK$697', '至尊觀景雙床房:HK$730', '至尊複式親子房:HK$828']"
武威五涼文華酒店,8.8,"['雅緻大床房:HK$207', '雅緻雙床房:HK$207', '豪華大床房:HK$219', '豪華雙床房:HK$219']"
海錦天商務酒店 （武威雷台景區店）,9.5,"['天馬行空・悠逸雅居雙床房【中式風格+全景落地窗】:HK$173', '天馬行空・悠逸雅居大床房【中式風格+全景落地窗】:HK$173', '天馬行空・靜逸輕奢大床房【中式風格+靜謐空間】:HK$206']"
武威瑞一國際酒店,8.4,"['豪華大床房:HK$195', '豪華雙床房:HK$207', '豪華套房:HK$313', '情侶套房:HK$339', '温馨親子房:HK$339']"
涼州夢琪民宿,10.0,['豪華大床房:HK$479']
武威漢武洲際酒店,9.1,"['商務大床房:HK$169', '商務標間:HK$169', '豪華大床房:HK$241', '浪漫情侶房|提供一次性浴缸套:HK$263']"
雲舟煜酒店（萬達廣場店）,9.4,"['棲林雙宿標準間 （喜臨門床墊+巨幕影音+公區自助洗衣機）:HK$283', '經濟棲林雙宿標準間 （喜臨門床墊+巨幕影音+公區自助洗衣機）:HK$283', '雲灣枕月大床房 （喜臨門床墊+巨幕影音+公區自助洗衣機）:HK$284', '雲棲木屋大床房 （喜臨門床墊+巨幕影音+公區自助洗衣機）:HK$296']"
楠山民宿（宣武街店）,9.0,"['錦鯉—沉浸式巨幕大床房:HK$137', '觀瀾—零壓影音大床房:HK$161', '清樸—零壓影音大床房:HK$161', '幽舍—零壓影音大床房:HK$161']"
武威景宸酒店（祁連路小學市博物館店）,9.5,"['輕奢高級大床房（智能客控+深度睡眠枕+零壓床墊）:HK$248', '輕奢高級雙床房（智能客控+深度睡眠枕+零壓床墊）:HK$248', '城景豪華大床房（智能客控+深度睡眠枕頭）:HK$285', '城景豪華標準間（智能客控+深度睡眠枕頭）:HK$285']"
武威山水民宿,9.4,"['輕奢大床房01:HK$139', '輕奢大床房02:HK$149', '精緻大床房1:HK$149', '精選大床房2:HK$158']"
