酒店名称,评分,房型价格列表
泰州老街柳園亞朵酒店,9.6,"['雅緻大床房:HK$322', '高級大床房:HK$331', '高級雙床房:HK$331', '行政景觀大床房（室內造景）:HK$421', '行政大床房（原生態裸棉A類床品）:HK$448']"
泰州萬怡酒店,9.6,"['豪華大床房:HK$452', '豪華雙床房:HK$452', '尊享大床房:HK$516', '尊享雙床房:HK$516', '行政大床房:HK$707', '行政雙床房:HK$707']"
泰州海陵希爾頓歡朋酒店,9.2,"['舒適大床房:HK$365', '舒適雙床房:HK$365', '高級大床房:HK$369', '高級雙床房:HK$369', '豪華雙床房:HK$382']"
世紀緣國際酒店（泰州高港店）,9.6,"['精緻雙床房（智能窗簾+智能馬桶）:HK$270', '夢百合零壓雙床房（帶零壓床墊＋記憶枕）:HK$282', '高級雙床房（智能窗簾+智能馬桶+小冰箱）:HK$309', '高級大床房（智能窗簾+智能馬桶+小冰箱）:HK$309', '夢百合零壓大床房（帶零壓床墊＋記憶枕）:HK$325']"
泰州海陵迎春東路亞朵酒店,9.6,"['雅緻大床房（智能小度+65寸投屏+智能馬桶+慢回彈護頸記憶枕）:HK$304', '高級雙床房（智能小度+65寸投屏+智能馬桶+慢回彈護頸記憶枕）:HK$313', '高級大床房（智能小度+65寸投屏+智能馬桶+慢回彈護頸記憶枕）:HK$313', '行政大床房（智能小度+65寸投屏+Minibar+智能馬桶+慢回彈護頸記憶枕）:HK$430', '幾木大床房（智能小度+Minibar+親膚浴袍+深睡PRO枕+舒享智能按摩器）:HK$439']"
花築奢·泰州老街鳳城河酒店,9.7,"['行政院景大床房【智能客控+小度音響+冰箱】:HK$864', '行政景觀大床房【露天泡池+智能客控+小度音響+冰箱】:HK$1,900', '高級景觀露台大床房【智能客控+小度音響+冰箱】:HK$2,090', '豪華院景大床房【智能客控+小度音響+冰箱】:HK$2,118', '高級院景雙床房【智能客控+小度音響+冰箱】:HK$2,146']"
泰州天德湖賓館,9.5,"['高級雙床房:HK$364', '高級大床房:HK$364', '雅緻大床房:HK$436', '雅緻雙床房:HK$436', '景觀雙床房:HK$586', '景觀大床房:HK$586']"
泰州金姜堰維景國際大酒店,9.5,"['高級大床房:HK$446', '高級雙床房:HK$446', '商務大床房:HK$511', '豪華大床房:HK$653', '行政豪華大床房:HK$839', '行政貴賓套房:HK$1,164']"
泰州茂業天地美侖酒店,9.7,"['大床房（冰箱-電視投屏）:HK$321', '雙床房（冰箱-電視投屏）:HK$341', '高級大床房（浴缸-小冰箱）:HK$352', '商務雙床房（冰箱-電視投屏）:HK$361', '商務大床房（浴缸-小冰箱）:HK$371']"
亞朵酒店（泰州市政府梅蘭東路店）,9.7,"['高級大床房:HK$295', '高級雙床房:HK$304', '行政大床房:HK$349', '行政雙床房:HK$358', '尊享大床房:HK$385']"
泰州維景國際大酒店,9.3,"['城景高級大床房:HK$402', '城景高級雙床房:HK$402', '城景豪華大床房:HK$424', '城景豪華雙床房:HK$424', '城景行政標準大床房:HK$456', '城景行政標準雙床房:HK$456']"
美豪麗致酒店（泰州坡子街店）,9.7,"['城景大床房:HK$369', '雅緻大床房:HK$369', '雅緻雙床房:HK$369', '麗致大床房:HK$403', '影院大床房:HK$446']"
泰州美居酒店（老街萬達廣場店）,9.5,"['標準大床房:HK$298', '高級大床房:HK$346', '高級雙床房:HK$365', '豪華大床房:HK$374', '嘉賓雙床房:HK$393']"
鴻途酒店（海陵坡子街鳳城河景區店）,9.4,"['舒適房:HK$210', '春風大床房:HK$225', '秋月雙床房:HK$225', '夏雨大床房:HK$238']"
泰州老街茂業天地亞朵酒店,9.6,"['高級大床房（普蘭特床墊+慢回彈護頸記憶枕）:HK$304', '高級雙床房（普蘭特床墊+慢回彈護頸記憶枕）:HK$304', '行政雙床房（普蘭特床墊+慢回彈護頸記憶枕+小冰箱）:HK$340', '行政大床房（普蘭特床墊+慢回彈護頸記憶枕+小冰箱）:HK$340', '高級套房（普蘭特床墊+慢回彈護頸記憶枕+小冰箱）:HK$412']"
智選假日酒店（泰州萬象城金融廣場店）,9.4,"['雙床房（內窗.無障礙）:HK$226', '高級房-雙床:HK$234', '大床房（內窗）:HK$234', '高級房-大床:HK$242', '智選高級房-雙床:HK$258']"
泰州國際金陵大酒店,9.4,"['豪華大床間:HK$925', '豪華雙床間:HK$925']"
泰州皇廷國際大酒店,9.4,"['高級大床房:HK$369', '高級雙床房:HK$369', '棋牌房:HK$472', '皇廷特色大床房:HK$482', '舒享大床房:HK$502']"
金東明都酒店,9.4,"['高級雙床房:HK$204', '高級大床房:HK$216', '行政大床房:HK$259', '商務雙床房:HK$277', '商務大床房:HK$294']"
桔子酒店（泰州萬象城金融廣場店）,9.5,"['高級雙床房:HK$283', '大床房:HK$292', '商務高級雙床房:HK$302', '高級大床房:HK$312', '商務高級大床房:HK$330']"
全季酒店（泰州老街鳳城河景區店）,9.5,"['雙床房:HK$264', '高級大床房:HK$274', '商務雙床房:HK$283', '高級特大床房:HK$292']"
全季酒店（泰州萬象城金融中心店）,9.5,"['高級雙床房:HK$302', '大床房:HK$321', '商務雙床房:HK$330', '高級大床房:HK$349']"
納羅蘭電競酒店（泰州萬象城金融廣場店）,9.5,"['舒享-電競大床房 【4060顯卡+32寸2K屏+遊戲特權+全屋智能】:HK$274', '奢享-電競觀影雙床房【4060顯卡+100寸巨幕投影+影視會員+遊戲特權】:HK$320', '靜享-電競觀影大床房 【4060顯卡+100寸巨幕投影+影視會員+遊戲特權】:HK$325', '潮玩-電競觀影大床房 【4060顯卡+100寸巨幕投影+遊戲特權+全屋智能】:HK$332']"
泰州六和境禪意庭院民宿,9.4,"['境悦大床房.新中式庭院景觀+品茗空間+小童活動區+書吧:HK$260', '境享大床房.新中式庭院景觀+窗外景+品茗空間:HK$288', '境享茶道大床房.觀景+品茗空間:HK$316', '境雅雙床房+窗外園林景+品茗空間:HK$413']"
康悅世紀酒店（姜堰三水廣場大潤發店）,10.0,"['舒適大床房【小度智能+深度睡眠】:HK$189', '舒適雙床房【小度智能+深度睡眠】:HK$195', '高級雙床房【小度智能+深度睡眠】:HK$209', '高級大床房【小度智能+深度睡眠】:HK$218']"
文旅·美麗豪酒店（泰州老街鳳城河景區店）,9.4,"['精緻影院房:HK$227', '精緻大床房:HK$230', '麗豪雙床房:HK$247', '電競大床房:HK$252', '電競雙床房:HK$263']"
泰州金黃河大酒店,9.4,"['金尊標間:HK$380', '金尊單間:HK$393', '金尊行政套房:HK$722']"
泰州會賓樓麗呈酒店,9.3,"['行政湖景大床房:HK$380', '行政湖景雙床房:HK$380', '行政城景雙床房:HK$380', '親子房:HK$416', '海底小縱隊親子房:HK$467']"
沐江南酒店（泰州醫葯城店）,9.8,"['靜享 | 高級大床房:HK$217', '尚享 | 豪華大床房:HK$224', '致享 | 商務雙床房:HK$240', '暢享 | 商務套房:HK$306']"
溱湖温泉酒店,8.0,['貴賓樓高級雙床房:HK$414']
全季酒店（姜堰三水廣場大潤發店）,9.6,"['大床房:HK$292', '高級雙床房:HK$302', '高級大床房:HK$312', '商務雙床房:HK$321']"
泰州中國醫葯城智選假日酒店,9.4,"['智選高級雙床房:HK$295', '智選高級大床房:HK$295', '智選豪華大床房:HK$342', '智選豪華雙床房:HK$342', '商務套房:HK$436']"
泰州春蘭國賓館（老街店）,8.9,"['ABC幢商務房:HK$307', '主樓行政雙床房:HK$353', '主樓行政大床房:HK$361', '主樓雅緻大床房:HK$402', '二三號樓高級行政房:HK$425']"
全季酒店（泰州醫葯城會展中心店）,9.5,"['大床房:HK$274', '雙床房:HK$283', '高級大床房:HK$292', '商務雙床房:HK$302']"
泰州鵬欣國際大酒店,9.6,"['高級雙床房:HK$402', '高級大床房:HK$402', '行政大床房:HK$437', '小熊尼奧親子主題房:HK$620', '行政套房:HK$1,407']"
泰州世茂茂御酒店,9.5,"['新區風情·城市景觀雙床房:HK$359', '新區風情·城市景觀大床房:HK$359', '茂御夢境·零壓睡眠房（帶可升降按摩床+空氣凈化器）:HK$413', '植被氧吧·陽台自然雙床房:HK$440', '植被氧吧·陽台自然大床房:HK$440', '24小時行政書房大床房:HK$502']"
全季酒店（泰州高港口岸雕花樓店）,9.6,"['高級大床房:HK$246', '商務大床房:HK$264', '豪華大床房:HK$283', '高級雙床房:HK$292']"
泰州姜堰賓館,9.4,"['喜悦房:HK$282', '雅緻豪華雙床房:HK$325', '雅緻豪華大床房:HK$325', '臻選無煙大床房:HK$350', '尊爵行政大床房:HK$424']"
漢庭酒店（泰州萬象城金融中心店）,9.8,"['大床房:HK$255', '高級大床房:HK$264', '高級雙床房:HK$264', '商務大床房:HK$274']"
全季酒店（泰州步行街稻河景區店）,9.5,"['雙床房:HK$301', '高級大床房:HK$311', '商務大床房:HK$331', '商務雙床房:HK$341']"
潔喆書香酒店,9.3,"['【雅緻智能大床房】智能客控｜天然乳膠記憶枕｜小冰箱:HK$328', '【雅緻智能雙床房】智能客控｜天然乳膠記憶枕｜小冰箱:HK$328', '【書香智能大床房】智能客控｜天然乳膠記憶枕｜小冰箱:HK$472', '【書香智能雙床房】智能客控｜天然乳膠記憶枕｜小冰箱:HK$489', '【雪晴軒庭院大床房】天然乳膠｜文房四寶｜小冰箱:HK$554']"
泰州子墨精品酒店（鳳城河老街店）,9.6,"['子墨·零壓舒適大床房:HK$286', '子墨·零壓舒適雙床房:HK$304', '子墨·雅緻大床房:HK$314', '子墨·星空露台大床房:HK$323']"
泰州賓館,9.1,"['雅緻雙床房:HK$304', '商務雙床房:HK$340', '商務大床房:HK$351', '行政雙床房:HK$375', '行政大床房:HK$396', '家庭房:HK$402']"
宜必思·尚品酒店（泰州姜堰電視台店）,9.5,"['大床房:HK$170', '雙床房:HK$179', '高級大床房:HK$189', '高級雙床房:HK$198']"
泰州日航酒店,9.2,"['高級雙床房:HK$392', '高級大床房:HK$436', '豪華大床房:HK$479', '豪華雙床房:HK$479', '行政套房:HK$687', '日航公寓套房:HK$1,221']"
曼美酒店（姜堰三水廣場大潤發店）,9.5,"['精選大床房[零壓床墊+小度智能]:HK$161', '商務雙床房[零壓床墊+小度智能]:HK$164', '商務大床房[零壓床墊+小度智能]:HK$183', '高級大床房[零壓床墊+小度智能]:HK$194']"
泰州康勃萊鳳凰酒店,9.3,"['豪華大床房:HK$268', '豪華雙床房:HK$277', '三人間:HK$416', '商務套房:HK$416', '行政套房:HK$555']"
泰州萬達廣場錦江都城酒店,9.4,"['時尚大床房:HK$202', '時尚雙床房:HK$202', '精緻雙床房:HK$230', '風雅雙床房:HK$256']"
如家精選酒店（泰州高港揚子江北路店）,9.6,"['大床房【夢百合乳膠床墊+電視可投屏+智能客房+大窗】:HK$151', '雙床房【夢百合乳膠床墊+電視可投屏+智能客房+大窗】:HK$168', '商務大床房【夢百合乳膠床墊+智能客房+大窗】:HK$177', '安心睡零壓雙床房【石墨烯厚墊+智能客房+大窗】:HK$194']"
慢村裡民宿（泰州稻河古街店）,9.7,"['合院雙床房·雙院景+會客廳:HK$1,106', '合院大床房·雙院景+會客廳+景觀陽台:HK$1,303', '庭院大床房·庭院景+茗茶空間+會客廳:HK$1,499', '如意歡喜 · 中式套院+美學小院+會客茶室+休閑麻將+超大浴缸:HK$3,203']"
