酒店名称,评分,房型价格列表
洛陽城禮酒店（洛邑古城麗景門店）,9.4,"['雅緻大床房【智能小度+零圧床墊+乾濕分離+中央空調】:HK$328', '智選大床房【智能小度+零圧床墊+乾濕分離+中央空調】:HK$357', '智選雙床房【智能小度+零圧床墊+乾濕分離+中央空調】:HK$357', '庭院大床房【智能小度+零圧床墊+乾濕分離+中央空調】:HK$357']"
洛陽古都漫步酒店（應天門洛邑古城店）,9.4,"['凈素侘寂榻榻米房:HK$273', '至樸和風大床房:HK$301', '至樸典雅雙床房:HK$326', '漫步影院大床房:HK$368', '古都行政套房:HK$502']"
龍門智選假日酒店（洛陽龍門高鐵站東廣場店）,9.7,"['高級房 超大床（金可兒床墊 小冰箱 電視投屏）:HK$318', '高級房 2張單人床（金可兒床墊+小冰箱+電視投屏）:HK$318', '高級房 2張雙人床（金可兒床墊+小冰箱+電視投屏）:HK$346', '高級房·城景大床（ 金可兒床墊 小冰箱 電視投屏）:HK$346', '高級房 超大床 無障礙:HK$357']"
古都御景酒店（隋唐應天門店）,9.5,"['輕奢大床房【智能馬桶|超清投屏電視】:HK$228', '輕奢雙床房【智能馬桶|超清投屏電視】:HK$228', '柏林影音大床房【全屋智能客控+影院級巨幕影視】:HK$293', '古都御景大床房【全屋智能+零壓床墊+古都夜景】:HK$344', '古都御景雙床房【全屋智能+零壓床墊+星級床品】:HK$344']"
洛陽麗印和光酒店（麗景門十字街店）,9.5,"['空山遠·大床房（全屋智能+零壓床墊記憶枕+小冰箱）:HK$360', '雲來去·大床房（全屋智能+零壓床墊記憶枕+小冰箱+含浴缸）:HK$393', '晚風來·雙床房（全屋智能+零壓床墊記憶枕+小冰箱）:HK$393', '靜影沉壁·豪華大床房（全屋智能+零壓床墊記憶枕+小冰箱+含浴缸）:HK$469']"
洛神銅鵲酒店（應天門南廣場洛邑古城店）,9.6,"['簡美大床房（mini冰箱丨乾濕分離丨零壓床墊）:HK$391', '艾美雙床房（mini冰箱丨乾濕分離丨零壓床墊）:HK$423', '艾美大床房（零壓床墊丨落地窗觀景台、動人夜景）:HK$434', '觀景大床房（零壓床墊丨城市夜景、麗景門景觀）:HK$478', '唯美大床房（零壓床墊丨獨立觀景台丨古城盛景）:HK$511']"
七尋酒店（隋唐洛陽城應天門店）,9.7,"['星黎·日常大床房丨智能客控:HK$293', '桃夭·雅緻大床房丨會員觀影:HK$326', '青棠·舒適小套房丨獨立客廳:HK$344', '木堇·高級大床房丨愜意空間:HK$344']"
洛陽國際大酒店,9.6,"['商務雙床房（智能客控+無線充電）:HK$608', '商務大床房（智能客控+無線充電）:HK$608', '至尊大床房（智能客控+浴缸+膠囊coffee機+空氣凈化）:HK$821', '商務家庭房（智能客控+浴缸+膠囊coffee機）:HK$862', '行政雙床房（智能客控+空氣凈化+戴森高速吹風機）:HK$881', '行政大床房（智能客控+空氣凈化+戴森高速吹風機）:HK$881']"
仟那酒店（洛陽龍門高鐵站市政府店）,9.6,"['仕居大床房【全屋智能小度|65寸液晶電視|乳膠床墊|小冰箱|深睡眠】:HK$323', '竹溪大床房【全屋智能小度|65寸液晶電視|乳膠床墊|小冰箱|深睡眠】:HK$351', '仕居雙床房【全屋智能小度|65寸液晶電視|辦公桌椅|小冰箱】:HK$369', '竹溪雙床房【全屋智能小度|65寸液晶電視|休閑沙發|辦公桌椅|小冰箱|洗漱三分區】:HK$405']"
棲遲水岸民宿（洛陽洛邑古城十字街店）,9.7,"['水色·歸心·水景大床房（智能客控+乾濕三分離+冰箱）:HK$382', '遠山·河景大床房（智能+茶台冰箱+浴缸乾濕四分離）:HK$448', '青樸·榻榻米（智能+深睡床墊+浴缸乾濕四分離+冰箱）:HK$448', '三秋·河景大床房（智能+浴缸乾濕四分離+小冰箱）:HK$449']"
楓葉智選酒店（西工小街應天門地鐵站店）,9.5,"['智選大床房【全屋智能丨冰箱丨乾濕分離丨零壓枕】:HK$308', '高級大床房【全屋智能丨冰箱丨超大落地窗丨零壓枕】:HK$333', '智選雙床房【全屋智能系統丨冰箱丨零壓枕】:HK$357', '行政大床房【全屋智能丨冰箱丨古都夜景丨零壓枕】:HK$367', '高級雙床房【全屋智能丨冰箱丨高層觀景丨零壓枕】:HK$381']"
雲鼎設計師酒店（十字街應天門遺址店）,9.5,"['星空大床房（星空窗頂+巨幕影院+全屋智能+新風系統）:HK$424', '休閑大床房（獨立休閑區+全屋智能+新風系統）:HK$477', '輕奢大床房（零壓床墊+全屋智能+新風系統）:HK$517', '觀景大床房（龍鼎城景+全屋智能+新風系統）:HK$584']"
喜鵲洛神酒店（隋唐城應天門景區店）,9.6,"['智選丨簡美大床房【智能窗簾+洗烘衣機+品牌洗護用品】:HK$397', '臻選丨艾美大床房【迷你冰箱+乳膠床墊+乾濕分離】:HK$473', '臻選丨艾美雙床房【迷你冰箱+乳膠床墊+乾濕分離】:HK$473', '凌空丨精英專享大床房【靜居高閣+乳膠床墊+朗闊雲庭】:HK$527', '凌空丨精英專享雙床房【靜居高閣+乳膠床墊+朗闊雲庭】:HK$527']"
洛陽鳳翔溫泉酒店,9.3,"['温泉私湯入户•雙床房:HK$446', '情侶湯屋入户•大床房:HK$446', '温泉私湯入户•大床房:HK$446', '特價雙人房（無泡池）:HK$446', '明月私密小院湯屋•雙床房:HK$517']"
洛陽雲華裏非遺藝術民宿（洛邑古城十字街店）,9.6,"['瀍壑朱櫻·大床房:HK$458', '滿庭芳·雙床房:HK$491', '午橋碧草·中式大床房:HK$534', '西苑池塘·大床房:HK$567', '如夢令·loft大床房:HK$600']"
漫山·璞舍（洛邑古城麗景門店）,9.6,"['雲舒·璞月大床房（零壓床墊I中央空調I智能馬桶）:HK$158', '峯隱·清舍大床房（零壓床墊I中央空調I智能馬桶）:HK$173', '林岸·庭院大床房（獨立花園I零壓床墊I中央空調I智能馬桶）:HK$196', '舍一·時尚大床房（全屋智能·迷你冰箱·超大空間）:HK$196']"
鼓樓裏·美宿（洛邑古城麗景門十字街店）,9.7,"['永通·舒適大床房|Dyson戴森風筒|慕思床墊:HK$438', '定鼎·露台大床房|Dyson戴森風筒|零壓床墊:HK$460', '長夏·建國|暢享午後雙床房|Dyson戴森風筒|慕思床墊:HK$493', '上東·建陽|優享大床房|Dyson戴森風筒|慕思床墊|新風:HK$641']"
洛陽古都麗印酒店（十字街洛邑古城店）,9.4,"['優享零壓大床房【全屋智能+零壓床墊+乾濕分離】:HK$239', '悦享零壓雙床房【全屋智能+零壓床墊+乾濕分離】:HK$317', '悦享零壓大床房【全屋智能+零壓床墊+乾濕分離】:HK$317', '尊享套房【全屋智能+零壓床墊+乾濕分離】:HK$436', '温馨親子房【全屋智能+零壓床墊+乾濕分離】:HK$480']"
龍門首焉酒店（龍門站龍門石窟店）,9.7,"['首焉•院景大床房（智能客控+記憶枕+零壓床墊+小冰箱）:HK$383', '首焉•街景雙床房（智能客控+記憶枕+零壓床墊+小冰箱）:HK$407', '首焉•安逸大床房（智能客控+記憶枕+零壓床墊+小冰箱）:HK$415', '院景浴缸大床房（智能客控+記憶枕+零壓床墊+小冰箱）:HK$423', '院景浴缸雙床房（智能客控+記憶枕+零壓床墊+小冰箱）:HK$479']"
洛陽覓唐觀景民宿（應天門明堂天堂景區店）,9.6,"['清心雅緻大床房（全屋智能＋高清投影+小冰箱）:HK$306', '靜謐時光大床房（全屋智能＋標配智能馬桶+小冰箱）:HK$321', '一眼千年舒適大床房（全屋智能標配＋中央空調+小冰箱:HK$344', '美輪美奐觀景大床房（觀景浴缸＋小冰箱）:HK$428']"
良驛尋跡民宿（十字街夜市洛邑古城地鐵站店）,10.0,"['尋跡·大床房:HK$321', '尋跡·雙床房:HK$343', '尋跡·豪華大床房:HK$343', '尋跡·舒適雙床房:HK$416', '尋跡·豪華雙床房:HK$482']"
洛陽友誼賓館（牡丹廣場地鐵站店）,9.4,"['舒適大床房:HK$465', '豪華大床房:HK$509', '温馨家庭房:HK$720', '温馨親子主題房:HK$775', '豪華家庭房:HK$829', '豪華行政房:HK$862']"
洛陽一見客棧（應天門洛邑古城店）,9.4,"['玲瓏雅筑·漢服大床:HK$257', '明堂夜話·庭院大床:HK$273', '舒居雅韻·雙床客房:HK$273', '明堂映窗·雅筑大床:HK$295']"
美豪·麗致酒店（洛陽牡丹廣場萬達店）,9.5,"['高空觀景 ▏靜謐大床房 ▏超大空間+全景落地窗:HK$326', '高空觀景 ▏城景大床房 ▏全景落地窗+超大面積活動空間:HK$358', '高空觀景 ▏雅舍大床房房 ▏坐卧兩用鳥籠沙發+巨幕投影:HK$402', '高空觀景 ▏城景雙床房 ▏全景落地窗+超大面積活動空間:HK$424', '天際輕奢Spa大床房 ▏全景落地窗+定製浴缸:HK$468']"
東都十三房民宿（麗景門十字街洛邑古城地鐵站店）,9.6,"['洛邑大床房（全身鏡+一次性浴巾+舒享沐浴）:HK$220', '特大床房（舒享沐浴+一次性浴巾+智能馬桶+全身鏡）:HK$248', '私享花園特大床房（按摩床+舒享沐浴+一次性浴巾+全身鏡）:HK$295', '高級大床房（觀景茶台一次性浴巾+舒享沐浴+智能馬桶）:HK$310']"
茉舍酒店（洛陽應天門店）,9.7,"['雅緻大床房（70寸大屏電視+冰箱+中央空調+影視會員）:HK$326', '清心雙床房（中央空調+智能客控+影視會員+小冰箱）:HK$342', '清心大床房（智能客控+影視會員+小冰箱）:HK$354', '安寧大床房（大屏觀影+全屋智能+冰箱+影視會員）:HK$381']"
洛陽東山賓館,9.4,"['悦享假日大床房:HK$502', '悦享假日雙床房:HK$502', '特惠標準間:HK$600', '特惠大床房:HK$600', '暢享龍門雙床房:HK$655', '暢享龍門大床房:HK$655']"
Begonia·晚亭裏酒店（洛邑古城隋唐洛陽城應天門遺址店）,9.6,"['Begonia·輕居晚亭大床房【全屋智能丨乾濕分離】:HK$190', 'Begonia·秋海棠大床房【全屋智能丨乾濕分離】:HK$224', 'Begonia·林野景觀大床房【全屋智能丨乾濕分離】:HK$291', 'Begonia·沐光浴缸大床房【全屋智能丨乾濕分離】:HK$291']"
洛陽萬怡酒店,9.4,"['豪華雙床房:HK$655', '豪華大床房:HK$687', '行政雙床房:HK$786', '行政大床房:HK$818', '行政尊豪大床房:HK$982', '行政套房:HK$1,529']"
洛陽克麗司汀酒店,9.7,"['豪華大床房【圓床為舒適乳膠床墊+遠大凈化器】:HK$764', '豪華雙床房【CALMAC高美洗護用品+遠大空氣凈化器】:HK$828', '零壓SPA大床房【按摩沖浪浴缸+遠大空氣凈化器】:HK$939', '零壓SPA雙床房【按摩沖浪浴缸+遠大空氣凈化器】:HK$939', '行政房【沙發會客區+遠大空氣凈化器】:HK$1,048', '豪華套房【獨立卧室+浴缸+高美洗護+遠大空氣凈化器】:HK$1,286']"
維多利亞酒店（洛陽大衞天地解放路地鐵站店）,9.4,"['特惠大床房:HK$306', '雅尚大床房:HK$320', '特惠影音大床房:HK$320', '逸緻特惠大床房-助眠:HK$320']"
洛陽餘舍酒店（龍門高鐵站體育中心店）,9.8,"['心·餘舍大床房｜零壓護脊床墊+空氣凈化器+環保傢俱+全屋地暖:HK$436', '心家大床房｜零壓護脊床墊+中央空調+環保傢俱:HK$445', '留餘大床房｜零壓床墊+中央空調+幹泡茶台+0醛環保:HK$507', '留餘雙床房｜零壓護脊床墊+中央空調+城市綠野景觀:HK$577', '捨得大床房（豪華）｜浴缸+黑膠唱片機+城市綠野景觀:HK$675']"
洛陽華陽廣場國際大飯店,9.7,"['商務雙床房:HK$509', '商務大床房:HK$509', '豪華大床房:HK$752', '豪華雙床房:HK$752', '高級雙床房:HK$752', '高級大床房:HK$752']"
洛陽萬豪酒店,9.4,"['豪華大床房:HK$938', '豪華雙床房:HK$938', '豪華湖景大床房:HK$1,047', '豪華湖景雙床房:HK$1,047', '行政大床房:HK$1,375', '行政雙床房:HK$1,375']"
洛陽唐都逸景國際酒店,7.9,"['豪華大床房:HK$467', '豪華雙床房:HK$467', '尊享大床房:HK$628', '行政大床房A:HK$702', '行政雙床房:HK$702', '行政大床房B:HK$812']"
全季酒店（洛陽應天門地鐵站店）,9.7,"['大床房（65寸電視手機投屏-房間超大）:HK$435', '高級大床房（65寸電視無線投屏+房間超大）:HK$463', '商務大床房（智能客控 房間超大）:HK$492', '高級雙床房（智能客控 超大雙床）:HK$492', '商務雙床房（落地大窗）:HK$539']"
洛陽華美達酒店,9.6,"['豪華雙床房:HK$686', '豪華大床房:HK$686', '高級豪華雙床房:HK$719', '高級豪華大床房:HK$719', '行政大床房:HK$1,265', '行政雙床房:HK$1,265']"
九間房酒店（洛陽應天門明堂景區店）,9.7,"['星河大床房:HK$590', '星河雙床房:HK$590', '九間園景大床房:HK$688', '九間園景大套房:HK$795', '明堂景觀雙床房:HK$795']"
洛陽伊水大酒店,9.6,"['高級大床房:HK$689', '豪華雙床房:HK$768', '豪華大床房:HK$768', '家庭房:HK$768', '海底小縱隊親子房:HK$768', '豪華庭院景觀大床房:HK$855']"
洛城花園酒店（洛邑古城十字街夜市店）,9.4,"['零壓智能榻榻米房（百寸投影+幽靜庭院+軟水純凈水+零壓床枕）:HK$236', '零壓輕奢大床房（百寸投影+幽靜庭院+軟水純凈水+零壓床枕）:HK$260', '零壓輕奢雙床房（百寸投影+幽靜庭院+軟水純凈水+零壓床枕）:HK$307', '零壓智能雙床房（百寸投影+幽靜庭院+軟水純凈水+零壓床枕）:HK$342']"
洛陽上陽宮唐文化主題酒店,9.6,"['精緻大床房:HK$437', '園景大床房:HK$567', '園景雙床房:HK$676', '豪華大床房:HK$676', '行政套房:HK$841']"
古都御景酒店（周王城西工小街店）,9.5,"['一舉奪魁大床房:HK$250', '金榜題名雙床房:HK$271', '古都御景大床房【超大空間|古風主題|古都夜景】:HK$313', '古都御景雙床房【超大空間|古風主題|古都夜景】:HK$313', '魏晉風華（投影）大床房【超清投屏|智能聲控|零壓速眠】:HK$327']"
朱櫻望河花園酒店（洛陽洛邑古城麗景門十字街店）,9.4,"['朱櫻特惠大床房:HK$256', '朱櫻影音大床房（巨幕投影）:HK$294', '朱櫻笙庭雙床房:HK$309', '朱櫻笙庭大床房:HK$330']"
桔子酒店（洛陽萬達廣場店）,9.6,"['月若流金大床房（智能客控+小冰箱+金可兒床墊）:HK$331', '加州陽光豪華大床房（智能客控+小冰箱+金可兒床墊）:HK$341', '月若流金豪華大床房（智能客控+小冰箱+金可兒床墊）:HK$351', '禪音雙床房（智能客控+小冰箱+頂噴花灑）:HK$351', '極簡時光大床房（智能客控+小冰箱+金可兒床墊）:HK$370']"
九曲觀堂民宿（洛陽洛邑古城店）,9.6,"['温馨大床房:HK$415', '庭院大床房:HK$433', '庭院雙床房:HK$541', '觀景雙床房:HK$573']"
欣源景緻酒店（洛陽應天門店）,9.4,"['雅緻loft大床房:HK$283', '雅緻loft雙人房:HK$283', '雅緻大床房:HK$294', '雅緻雙人房:HK$294', '零壓商務大床房:HK$360']"
美豪酒店（洛陽火車站應天門地鐵站店）,9.5,"['靜謐雙床房（智能客控+乳膠記憶枕+零壓床墊+小冰箱）:HK$291', '精緻大床房（智能客控+乳膠記憶枕+零壓床墊+小冰箱）:HK$311', '雅緻大床房（智能客控+乳膠記憶枕+零壓床墊+小冰箱）:HK$337', '精緻雙床房（智能客控+乳膠記憶枕+零壓床墊+小冰箱）:HK$363', '雅緻雙床房（智能客控+乳膠記憶枕+零壓床墊+小冰箱）:HK$396']"
洛陽麗呈睿軒酒店（王城公園店）,9.7,"['商務大床房:HK$355', '商務標準間:HK$400', '豪華大床房:HK$527', '豪華三人間:HK$593', '親子房:HK$593']"
怡程酒店（洛陽大學城店）,9.6,"['智能國風高級大床房【零壓床枕|高空景觀|小冰箱】:HK$486', '智能國風豪華大床房【乳膠床墊|高空景觀|秒睡記憶枕】:HK$511', '智能國風商務大床房【秒睡記憶枕|乳膠床墊|高空景觀】:HK$537', '智能國風商務雙床房【秒睡記憶枕|乳膠床墊|高空景觀】:HK$537', '智能國風豪華家庭房【乳膠床墊|高空景觀|秒睡記憶枕】:HK$562']"
Asics·叁房柒舍丨設計師屋頂花園·且晚且安民宿（洛邑古城店）,9.8,"['廣利舒適零壓大床房（乳膠床墊+智能馬桶+乾濕分離）:HK$294', '承福舒適零壓大床房（舒壓護脊乳膠床墊 +護頸乳膠枕 +輕智能馬桶 +乾濕3分離）:HK$337', '尚賢精緻零壓大床房（舒壓護脊乳膠床墊+ 護頸乳膠枕+ 輕智能馬桶 +乾濕3分離）:HK$349', '履道坊陽光零壓雙床房（舒壓護脊乳膠床墊+ 護頸乳膠枕 +輕智能馬桶+ 乾濕3分離）:HK$359']"
