酒店名称,评分,房型价格列表
青海湖高原藍寶石大飯店,9.3,"['豪華山景標準間:HK$507', '豪華山景大床房:HK$553', '豪華湖景標準間:HK$572', '豪華湖景大床房:HK$610']"
喆·非酒店（海北祁連縣人民廣場店）,9.4,"['醇享生活房:HK$545', '啡凡大床房:HK$583', '醇享大床房:HK$584', '醇享雙床房:HK$608']"
祁連吉緣飯店,9.6,"['標間供氧房:HK$966', '大床供氧房:HK$966', '景觀標間供氧房:HK$1,052', '景觀大床供氧房:HK$1,052', '親子供氧房:HK$1,328']"
門源浩城大酒店,9.2,"['商務雙床房:HK$415', '商務大床房:HK$415', '高級雙床房:HK$457', '高級大床房:HK$457']"
剛察蕃域藏城林卡酒店,9.2,"['豪華標準間:HK$742', '豪華大床房:HK$742', '豪華親子間:HK$938', '豪華套房:HK$960']"
宜必思·尚品酒店（祁連店）,9.4,"['雙床房＋品牌床墊＋舒睡好眠:HK$552', '高級雙床房＋品牌床墊＋舒睡好眠:HK$612', '高級大床房＋品牌床墊＋舒睡好眠:HK$662', '套房＋品牌床墊＋陽台:HK$692']"
祁連天域景都度假村,9.4,"['天域景都-普通標間:HK$401', '天域景都-舒適標準間:HK$428', '天域景都-觀景標準間B:HK$510', '天域景都-舒適親子間:HK$531']"
青海湖西海岸假日賓館,8.8,"['草原日落雙人房:HK$388', '湖景日出雙人房:HK$437', '湖景日出大床房:HK$455', '普通三人間:HK$515']"
德吉央宗·輕奢·民宿,9.7,"['小資迷你家庭房（恆温散熱器+無霧加濕器）:HK$544', '小資標準雙床房（恆温散熱器+無霧加濕器）:HK$654', '小資陽光大床房（恆温散熱器+無霧加濕器）:HK$718', '小資原木雙人間（恆温散熱器+無霧加濕器）:HK$718']"
門源浩雲飯店,9.1,"['商務標間:HK$462', '商務大床房:HK$462', '豪華標間:HK$506', '豪華大床房:HK$540', '商務套房:HK$573']"
祁連吉達商務賓館,9.1,"['臻選雙床房:HK$428', '至尊山景大床房:HK$458', '至尊山景雙床房:HK$458', '温馨親子間:HK$514']"
青海湖大酒店,8.6,"['晚霞.雙床房:HK$593', '晚霞.大床房:HK$593', '晚霞·雙塌房:HK$593', '豪華湖景大床房:HK$901']"
青海湖同寶山登山觀湖特色野奢露營民宿,9.6,"['樓梯UFO太空船大床房:HK$354', '太空蘋果艙:HK$753', '地暖空調E5太空艙·180°全景房:HK$753', '太空蘋果艙標準間:HK$753']"
青海湖金沙灣露營基地,8.9,"['豪華標準間:HK$609', '精靈星空標間房（適合觀星）:HK$609', '豪華三人房:HK$630', '蜂巢親子間（視野開闊&觀湖best）:HK$630']"
祁連鼎瑞假日酒店,9.1,"['豪華雙床房（空調）:HK$566', '豪華大床房（空調）:HK$575', '尊享大床房（空調）:HK$594', '温馨親子間（空調）:HK$853', '豪華套房:HK$1,113']"
祁連華悦飯店,9.1,"['輕奢優選雙床房:HK$686', '輕奢雅緻雙床房:HK$739', '輕奢尊享雙床房:HK$776', '輕奢雅緻大床房:HK$776', '零壓尊享大套房:HK$1,029']"
祁連樓外樓假日賓館,9.3,"['輕享雙床房（乾濕分離）:HK$304', '優選雙床房（乾濕分離+舒適睡眠）:HK$329', '精選雙床房（乾濕分離+舒適睡眠）:HK$367', '悦享家庭房（乾濕分離+舒適睡眠）:HK$418']"
祁連鄉間民宿（卓爾山景區店）,9.2,"['舒適標準間 空調:HK$230', '舒適大床房 空調:HK$304', '温馨親子房 空調:HK$313', '觀景雙床房，空調:HK$341']"
海晏達玉國際大酒店,8.6,"['豪華觀景雙床房:HK$657', '豪華觀景大床房:HK$657', '草原集裝箱觀景親子間:HK$695', '草原木屋觀景標間:HK$695']"
祁連新悦賓館,9.0,"['情侶榻榻米房:HK$351', '迷你大床房:HK$351', '陽光山景小標間:HK$369', '豪華標準間:HK$453']"
穆家休閑小院,9.8,"['陽光雙床房:HK$434', '陽光大床房:HK$545', '豪華家庭套房:HK$833', '家庭套房:HK$890']"
祁連山下人家客棧,9.6,"['山景標間:HK$211', '觀景親子間:HK$249', '觀景標間:HK$313', '觀景三人間:HK$371']"
祁連麗景驛站,9.5,"['舒適雙人間:HK$304', '山景標間:HK$341', '觀景親子間:HK$369', '精品三人間:HK$369']"
祁連馳遠賓館,9.0,"['優選雙床房:HK$546', '臻選大床房:HK$583', '雅緻三人房:HK$692']"
剛察紅海賓館,9.0,"['雙人標間:HK$330', '大床房:HK$339', '三人標間:HK$409', '豪華套房:HK$461']"
祁連國雲農莊,9.7,"['標準間:HK$174', '三人間:HK$193', '四人間:HK$267']"
海晏金昊假日賓館,7.7,"['標準間:HK$299', '大床房:HK$309', '三人間:HK$340', '套房:HK$350']"
祁連大酒店,8.2,"['主樓標準間:HK$393', '主樓大床房:HK$415', '貴賓樓標準間:HK$465', '貴賓樓大床房:HK$465']"
青海湖文迦星空祕境酒店,8.5,"['星空祕境雙床房:HK$1,505', '浪漫邂逅大床房:HK$1,614', '星空祕境親子房:HK$1,722', '星空祕境行政套房:HK$1,833']"
朵朵民宿,9.3,"['兩室兩廳套房A:HK$607', '兩室兩廳套房B:HK$607', '兩室兩廳套房C:HK$607']"
祁連望卓園農莊,9.8,"['標準間:HK$156', '三人間:HK$184']"
祁連盛唐翠光飯店,9.2,"['梯旁雅居:HK$424', '老派魅力大床房+亞朵深睡枕:HK$485', '老派魅力三人居:HK$773']"
祁連沁香園農家客棧,9.5,"['落地窗標準間:HK$199', '觀景大床房:HK$214', '觀景房:HK$221', '三人間:HK$236']"
託茂部落·生態營地,9.3,"['蘭亭雨後·獨立庭院標準雙床房:HK$2,488', '永安煙雨·草原美景標準雙床房:HK$2,706', '星河攬月·180°全湖景智能家居大床房:HK$2,925', '晚霞夕陽·270°全湖景智能投影大床房:HK$3,143', '祕境託茂·270°草原湖景大床房:HK$3,470']"
門源穆佰客商務賓館,9.0,"['豪華大標間:HK$239', '豪華套房:HK$323']"
祁連依山伊水農莊,9.8,"['舒適標間:HK$425', '舒適大床房:HK$425', '親子間:HK$555', '大炕房:HK$555']"
祁連裕豐假日賓館（天境印象街店）,8.8,"['商務大床房（地暖）:HK$237', '商務雙床房:HK$237', '舒適雙人間（地暖）:HK$247', '舒適大床房（地暖）:HK$255']"
祁連忠元家庭公寓,9.7,['二室一廳:HK$301']
青海湖恆雅賓館,8.7,"['大床房:HK$267', '親子間:HK$267', '標準間:HK$269', '三人間:HK$278']"
祁連晟元公寓,9.7,"['大床房:HK$212', '標準間:HK$212', '豪華標準間:HK$249', '套房:HK$324']"
南庭東驛賓館,9.6,['標準雙床房:HK$193']
祁連交通賓館,8.9,"['標準間:HK$249', '標準三人間:HK$267']"
剛察海湖灣酒店,7.6,"['豪華標準間:HK$154', '豪華大床房:HK$154', '大床房（星級）:HK$154']"
祁連恆通賓館,8.1,"['特惠房:HK$185', '豪華大床房:HK$239', '標準雙人間:HK$260', '豪華標準間:HK$260']"
祁連伊穆閣農家風情園賓館,10.0,"['標準間:HK$183', '三人間:HK$325', '四人間:HK$423', '豪華套房:HK$619']"
祁連吉紅商務賓館,8.7,"['標間:HK$249', '大床房:HK$260', '三人間:HK$292', '親子間:HK$340']"
祁連聚龍山莊,9.5,"['標準間:HK$128', '親子房:HK$156']"
祁連八寶雲柏民宿,9.8,"['山景雙床房:HK$155', '山景親子間:HK$175', '山景四人間:HK$204', '山景套房:HK$479']"
祁連公安賓館,9.2,"['標準雙床房:HK$172', '大床房:HK$172', '三人間:HK$216']"
祁連蕊騏家庭民宿,7.9,"['二室二廳一衞:HK$249', '三室兩廳一衞:HK$369']"
