酒店名称,评分,房型价格列表
德令哈藍天白雲大酒店（德令哈市中心廣場店）,9.2,"['智能豪華雙人房:HK$905', '智能豪華大床房:HK$905', '智能豪華三人房:HK$1,013', '智能氧吧商務套房:HK$1,407']"
德令哈金陵德都大酒店,9.0,"['靜雅大床房:HK$918', '靜雅雙床房:HK$918', '靜雅豪華雙床房:HK$962', '河景大床房:HK$962', '行政套房:HK$1,094']"
茶卡晚楓酒店,9.0,"['高級雙床房（加濕器）:HK$772', '豪華雙床房（製氧機+加濕器）:HK$878', '豪華大床房（製氧機＋加濕器）:HK$878', '高級大床房（加濕器）:HK$1,010', '三人間（製氧機＋加濕器）:HK$1,340']"
德令哈憶江南民宿,9.5,"['暖居·獨門獨院輕奢休閑大床房（記憶枕+空調+加濕器）:HK$419', '喜樂·如意-輕奢投影星空大床房（記憶枕+空調加濕器）:HK$503', '平安·吉祥-豪華家庭親子套房（記憶枕+空調+加濕器）:HK$623', '家和·獨門獨院豪華家庭套房（記憶枕+空調+加濕器）:HK$761']"
德令哈錦江美墅民宿（德令哈天文科普館）,9.5,"['舒適大床房:HK$630', '美墅大床房:HK$655', '精緻陽光房:HK$664', '温馨大標間:HK$714']"
德令哈星空之城酒店,8.9,"['精緻私密大床房:HK$518', '優享私密雙床房:HK$518', '街景尊享雙床房:HK$548', '甄選尊享三床房:HK$689']"
德令哈中德大酒店,9.3,"['MINI河景大床房:HK$466', '舒適雙床房:HK$491', '豪華標準間:HK$541', '豪華大床房:HK$579']"
大柴旦萬泰大酒店,9.6,"['精緻大床房（冰箱+加濕器）:HK$1,064', '精緻雙床房（冰箱+加濕器）:HK$1,064', '特價大床房:HK$1,064', '特價雙床房:HK$1,064', '豪華大床房（製氧機+冰箱+加濕器）:HK$1,171']"
影湖鑽石星空酒店,9.4,"['夢幻木屋雙床房:HK$966', '夢幻木屋親子房:HK$1,294', '觀星大床房:HK$1,310', '鑽石觀星雙床房:HK$1,310']"
麗呈別院·天慕（格爾木世邦城市廣場店）,9.5,"['落地小築雙人房（供氧+全屋智能+獨立空調+加濕器）:HK$574', '天慕特價大床房（供氧+全屋智能＋獨立空調+加濕器+智能馬桶+地暖）:HK$601', '天慕特價雙床房（供氧+智能+空調+加濕器+智能馬桶）:HK$610', '翡冷景觀大床房（供氧+全屋智能+獨立空調+露台+加濕器）:HK$660', '秋風庭院房（供氧+全屋智能+獨立空調+獨立庭院+加濕器）:HK$662']"
德令哈德勒大酒店,9.3,"['經濟雙床房:HK$555', '河景豪華標準間:HK$653', '精品大床房:HK$653', '温馨三人間:HK$863']"
海西大柴旦聚鑫源大酒店,9.3,"['特價大床房（加濕器）:HK$752', '特價雙床房（加濕器）:HK$752', '豪華標準間（加濕器）:HK$816', '豪華大床房（加濕器）:HK$817', '加氧豪華雙床房（加濕器）:HK$908']"
希岸酒店（格爾木黃河路店）,9.7,"['玲瓏大床房（全屋地暖+夢百合床墊+舒適睡眠+加濕器）:HK$476', '希岸高級大床房（全屋地暖+夢百合床墊+舒適睡眠+加濕器）:HK$510', '希岸豪華大床房（全屋地暖+夢百合床墊+舒適睡眠+加濕器）:HK$516', '希岸女神套房（空調+夢百合床墊+舒適睡眠+加濕器）:HK$536']"
海西大柴旦翡翠湖大酒店,9.3,"['特價大床房（加濕器）:HK$841', '豪華雙床房（加濕器）:HK$841', '豪華大床房（加濕器）:HK$894', '豪華親子間（加濕器）:HK$970', '豪華三人間（加濕器）:HK$970']"
德令哈蘭韻共享小院（碧桂園店）,9.7,"['34平標準間:HK$216', '花海36㎡舒適標間:HK$464', '36親子間:HK$481', '40平中式榻榻米:HK$566']"
茶卡鹽湖君道酒店,8.9,"['君道·輕奢舒適房（製氧機+加濕器）:HK$418', '君道·輕奢雙床房（製氧機+加濕器）:HK$525', '君道·輕奢大床房（製氧機+加濕器）:HK$525', '星落庭院·圓床房（製氧機+加濕器）:HK$546']"
茶卡天空壹號星空客棧,8.5,"['鹽湖標準間:HK$511', '温馨大床房:HK$600', '温馨標準間:HK$600', '鹽湖三人間:HK$639']"
海西大柴旦悅豪尚怡大酒店（翡翠步行街店）,8.8,"['普通標準間（無窗）:HK$751', '雅緻大床房:HK$751', '豪華標準間:HK$904', '豪華大床房:HK$904', '豪華親子間:HK$1,046']"
德令哈德瑞驛汽車酒店（海西會議中心店）,9.5,"['尊享豪華雙床房（聯排別墅+會客沙發+智能衞浴）:HK$763', '尊貴兩室一廳套房（聯排別墅+會客沙發+智能衞浴）:HK$1,311', '豪華家庭兩室一廳套房（聯排別墅+會客沙發+智能衞浴）:HK$1,385', '尊貴三室一廳套房（聯排別墅+會客沙發+智能衞浴）:HK$1,966', '尊貴四室一廳套房（聯排別墅+會客沙發+智能衞浴）:HK$2,840']"
茶卡鹽道酒店,9.1,"['舒適標準間（定製床墊+智能馬桶+移動製氧機）:HK$785', '高級大床房（定製床墊+智能馬桶+移動製氧機）:HK$806', '豪華標準間（定製床墊+智能馬桶+移動製氧機）:HK$806', '榻榻米標間（定製床墊+智能馬桶+移動製氧機）:HK$829', '豪華套房（定製床墊+智能馬桶+移動製氧機）:HK$1,179']"
茶卡樺程大酒店,8.8,"['景觀大床房（氧氣機+加濕器）:HK$837', '景觀豪華大床房（氧氣機+加濕器）:HK$908', '景觀豪華雙床房（氧氣機+加濕器）:HK$908', '景觀豪華親子間（氧氣機+加濕器）:HK$1,135', '景觀豪華三人間（氧氣機+加濕器）:HK$1,135']"
德令哈八瓣格桑民宿,9.5,"['素雅特惠大床房:HK$996', '歸心品質雙床房:HK$1,044', '拾光雅緻大床房:HK$1,088', '藍海雙床房:HK$1,099']"
茶卡金恆基大酒店,9.0,"['富氧商務雙床房（加濕器+凈水器）:HK$769', '富氧觀景雙床房（加濕器+凈水器）:HK$817', '富氧觀景大床房（加濕器+凈水器）:HK$817', '富氧豪華三人間（加濕器+凈水器）:HK$1,161', '富氧豪華親子房（加濕器+凈水器）:HK$1,161']"
德令哈森元巴音河酒店,8.7,"['氧吧大床房:HK$773', '氧吧標準房:HK$773', '氧吧親子房:HK$1,021', '氧吧三人房:HK$1,021', '氧吧豪華套房:HK$1,998']"
海西大柴旦光岳大酒店,9.3,"['高級大床房【製氧機+加濕器】:HK$1,027', '180°山景大床房【雪山景+製氧機】:HK$1,060', '親子房（製氧機+加濕器+地暖）:HK$1,260', '高級三人房（製氧機+加濕器+地暖）:HK$1,366', '180°山景三人間【雪山景+製氧機】:HK$1,483']"
季楓國際酒店（茶卡鹽湖店）,10.0,"['和悦大床房:HK$735', '輕悦大床房:HK$735', '和悦雙床房:HK$764', '輕悦雙床房:HK$764']"
大柴旦麗呈翠星酒店,9.6,"['雅緻雙床房[零壓枕+加濕器+智能客控+製氧機]:HK$1,718', '雅緻大床房[零壓枕+加濕器+智能客控+製氧機]:HK$1,845', '歡聚三床房[零壓枕+加濕器+智能客控+製氧機]:HK$1,996', '歡樂親子房[零壓枕+加濕器+智能客控+製氧機]:HK$1,996', '山景套房[零壓枕+加濕器+智能客控+製氧機]:HK$2,122']"
海西金夢假日酒店（大柴旦翡翠步行街店）,9.3,"['金夢特惠雙床標準間（飲水機&加濕器）:HK$922', '金夢智愛大床房（飲水機&加濕器）:HK$991', '智雅豪華雙床標間（飲水機&加濕器）:HK$991', '富氧豪華大床房（供氧機&飲水機&加濕器）:HK$1,274']"
格爾木市黃河國際大酒店,9.8,"['富氧商務大床房（彌散式供氧+全天中央空調+芳香加濕器）:HK$763', '富氧市景大床房（彌散式供氧+全天中央空調+芳香加濕器）:HK$784', '富氧商務雙床房（彌散式供氧+全天中央空調+芳香加濕器）:HK$784', '富氧純凈大床房（裸棉床品+記憶枕+除蟎儀+凈化器）:HK$784', '富氧純凈雙床房（裸棉床品+記憶枕+除蟎儀+凈化器）:HK$795']"
格爾木火車站黃河中路亞朵酒店,9.7,"['高級大床房（恆温、恆濕、負氧離子健康六恆空間）:HK$860', '高級山景大床房（恆温、恆濕、負氧離子健康六恆空間）:HK$986', '高級雙床房（恆温、恆濕、負氧離子健康六恆空間）:HK$986', '尊享大床房（恆温、恆濕、負氧離子健康六恆空間）:HK$1,040', '尊享山景大床房（恆温、恆濕、負氧離子健康六恆空間）:HK$1,085']"
茶卡白蘭道酒店,9.2,"['舒適雙床房（空調+移動製氧機+加濕器）:HK$885', '舒適大床房（空調+移動製氧機+加濕器）:HK$896', '豪華雙床房（空調+移動製氧機+加濕器）:HK$931', '豪華大床房（空調+移動製氧機+加濕器）:HK$942', '家庭親子間（空調+移動製氧機+加濕器）:HK$1,165']"
格爾木凱邦大酒店,9.3,"['尊享影音大床房（100寸投影+騰訊會員+minibar暢享）:HK$654', '豪華大床房:HK$752', '豪華雙床房:HK$752', '昆崙山景大床房:HK$762', '奧特曼主題房:HK$795', '至尊套房:HK$1,297']"
格爾木樊桐嘉璽酒店（崑崙公園世邦廣場店）,8.8,"['雪浮雲端大床房（空調）:HK$671', '戈壁火光標準間（空調）:HK$671', '山角聽風豪華雙人房（空調）:HK$796', '水往雲來商旅套房（空調）:HK$855']"
茶卡鹽湖星空泡泡屋酒店,8.9,"['星湖祕境|房車供氧大床房-星空天幕:HK$1,122', '星湖祕境|房車供氧雙床房-星空天幕:HK$1,122', '星辰湖畔|泡泡屋雙床房·靜隅-透明星空頂+觀景望遠鏡:HK$1,225', '星河枕夢|泡泡屋大床房-透明星空頂+觀景望遠鏡:HK$1,329']"
茶卡錦天世紀大酒店,8.7,"['富氧·豪華雙床房（彌散供氧+加濕器+中央空調）:HK$863', '富氧·豪華大床房（彌散供氧+加濕器+中央空調）:HK$863', '富氧·尊貴大床套房（彌散供氧+加濕器+中央空調）:HK$990', '富氧豪華女神房（彌散供氧+加濕器+中央空調）:HK$1,039', '富氧·豪華三床房（彌散供氧+加濕器+中央空調）:HK$1,450']"
漢庭酒店（格爾木崑崙廣場店）,9.6,"['高級大床房（獨立空調+加濕器+智能馬桶）:HK$586', '商務大床房（獨立空調+加濕器+智能馬桶）:HK$605', '高級雙床房（獨立空調+加濕器+智能馬桶）:HK$605', '豪華大床房（獨立空調+加濕器+智能馬桶）:HK$623']"
茶卡天鏡瀚海大飯店,8.9,"['豪華山景雙床房（加濕器）:HK$839', '富氧豪華山景雙床房（彌散供氧+加濕器）:HK$892', '富氧豪華湖景雙床房（彌散供氧+加濕器）:HK$906', '富氧豪華大床房（彌散供氧+加濕器）:HK$906']"
海西大柴旦誠悅陽光酒店,9.1,"['特惠雙床房（靜謐·加濕器）:HK$743', '豪華雙人間（雪山景+超柔親膚布草+舒適好眠+加濕器）:HK$807', '豪華大床房（超柔親膚布草+舒適好眠+加濕器）:HK$807', '温馨親子間（超柔親膚布草+舒適好眠+加濕器）:HK$884']"
茶卡鴻鑫大酒店（茶卡鹽湖景區店）,8.6,"['舒適雙床房（舒睡好眠+臨窗觀景）:HK$514', '陽光輕奢雙床房（舒睡好眠+臨窗觀景）:HK$540', '陽光輕奢大床房（舒睡好眠+臨窗觀景）:HK$566', '超享三人行——親子房（釋壓床墊+臨窗觀景）:HK$797']"
茶卡天空壹號酒店（天空壹號景區店）,9.1,"['高級大床房（製氧機+加濕器）:HK$1,387', '高級標準間（製氧機+加濕器）:HK$1,387', '豪華大床房（製氧機+加濕器）:HK$1,414', '豪華標準間（製氧機+加濕器）:HK$1,414', '親子間（製氧機+加濕器）:HK$1,670']"
烏蘭星宿草原星空客棧（茶卡店）,9.0,"['浪漫花園星空影院大床房:HK$374', '全景草原星空影院大床房:HK$430']"
德令哈天諧商務酒店,10.0,"['温馨大床房:HK$411', '豪華標準房:HK$411', '舒適三人間:HK$470', '親子三人間:HK$489']"
茶卡鹽湖星入海大酒店,9.1,"['特價標準間:HK$624', '觀景豪華標準間:HK$653', '豪華大床房:HK$653', '觀景豪華三人間:HK$993']"
海西大柴旦像素酒店,8.8,"['胭脂山 | 靜謐特惠雙床房【親膚床品&安睡床墊】:HK$653', '翡翠湖 | 靜享豪華大床房【安睡加濕器&親膚床品】:HK$795', '察爾汗鹽湖 | 樂享豪華雙床房【安睡加濕器&親膚床品】:HK$795', '黑獨山 | 臻享富氧豪華雙床房【製氧機&安睡加濕器】:HK$904']"
都蘭酒店,8.4,"['標準間:HK$467', '大床房:HK$511', '休閑大床房:HK$511', '豪華標準間:HK$628', '精品大床房:HK$653']"
星程酒店（茶卡鎮店）,9.2,"['高級雙床房（品牌床墊+加濕器）:HK$679', '高級大床房（品牌床墊+加濕器）:HK$754', '覆氧雙床房（品牌床墊+瀰漫式製氧機）:HK$791', '覆氧大床房（品牌床墊+瀰漫式製氧機）:HK$847']"
烏蘭融舍民宿,9.3,"['陽光·投影大床房 （氧氣·星空照·加濕器）:HK$477', '星河·空調星空房 （空調·星空照·加濕器）:HK$492', '綠野·有氧雙床房 （製氧機·星空照·加濕器）:HK$524']"
德令哈詩城花園酒店,9.6,"['豪華大床房:HK$969', '精緻標間:HK$969', '舒適標間:HK$1,025', '舒適大床房:HK$1,025', '豪華標間:HK$1,092']"
德令哈玉豪酒店,8.1,"['商務大床房:HK$428', '商務雙床房:HK$428', '豪華標準間:HK$473', '豪華大床房:HK$473']"
大柴旦柴達木花園酒店,9.1,"['商務大床房（製氧機+地暖+加濕器+高速吹風機）:HK$1,089', '商務雙人間（製氧機+地暖+加濕器+高速吹風機）:HK$1,089', '豪華雙床房（製氧機+地暖+加濕器+高速吹風機）:HK$1,231', '豪華大床房（製氧機+地暖+加濕器+高速吹風機）:HK$1,231', '親子房（製氧機+地暖+加濕器+高速吹風機）:HK$1,450']"
