酒店名称,评分,房型价格列表
西昌邛海將軍府夜泊君亭酒店,9.3,"['將軍府大床房（玲瓏空間+哈曼卡頓音響+金可兒床墊）:HK$1,451', '將軍府輕奢雙床房（哈曼卡頓音響+卡德維獨立浴缸）:HK$1,506', '將軍府輕奢大床房（哈曼卡頓音響+卡德維獨立浴缸）:HK$1,506', '星空泡池單卧套房（下沉露台+BOSE音響+金可兒床墊）:HK$1,779', '將軍府雙卧家庭套房（哈曼卡頓音響+獨立門户連通房）:HK$3,011', '星空泡池雙卧套房（下沉式露台+BOSE音響+金可兒床墊）:HK$4,103']"
西昌千尋唐跡書香世家酒店,9.7,"['雅緻·庭院大床房:HK$884', '茶韻·複式大床房:HK$896', '茶韻·複式雙床房:HK$896', '茶韻·湖景露台大床房:HK$929', '千尋·唐跡湖景露台套房:HK$1,816']"
和悅花園度假酒店（西昌邛海濕地店）,9.6,"['温馨特惠大床（落地窗·乾濕分離·功夫茶具）:HK$314', '雅緻大床房（零壓床墊·浴袍·落地窗）:HK$325', '園景雙床房（靜謐空間·乾濕分離）:HK$325', '園景露台雙床房（獨立觀景落台·乾濕分離）:HK$399', '陽光花園大床房（獨立花園·落地窗）:HK$417']"
西昌邛海17度火把廣場漫心酒店,9.7,"['心怡標準大床房【高清電視投屏+絲漣床墊+辦公區】:HK$462', '心悦高級大床房【電視投屏+小冰箱+獨立辦公區】:HK$491', '心悦高級雙床房【電視投屏+小冰箱+絲漣床墊+休閑區】:HK$522', '心享豪華大床房【電視投屏+小冰箱+貴妃椅+大空間】:HK$531', '心享主題親子大床房:HK$541']"
邛海17度 · 被夢叫醒酒店（西昌火把廣場店）,9.6,"['綠影雙床房『落地窗·辦公桌』:HK$377', '綠影大床房『中央空調·浴袍』:HK$388', '青鸞雙床房『金可兒床墊·浴袍·超大空間』:HK$421', '青鸞大床房『金可兒床墊·超大空間·落地窗』:HK$448', '墨夕套房『超大會客區·中央空調·落地窗』:HK$552']"
冕寧中聯鉑金岷山飯店,9.4,"['精緻大床房:HK$272', '精緻雙床房:HK$282', '高級大床房（安閑自得+超大洗漱台）:HK$308', '高級雙床房（悠閑自在+可投屏電視機）:HK$322', '豪華大床房（悠然自得+躺卧沙發）:HK$333']"
逸尚東方酒店（西昌邛海濕地店）,9.6,"['逸居大床房【乾濕分離.智能馬桶.65吋投屏電視.】:HK$294', '逸景大床房【乾濕分離.智能馬桶.65吋投屏電視】:HK$315', '逸雅影院大床房【奇藝果會員+巨幕觀影+超大空間】:HK$326', '逸雅大床房【乾濕分離.智能馬桶.65吋投屏電視】:HK$348', '豪華大床房【一室一廳.智能馬桶.雙衞.乾濕分離】:HK$457']"
月城大酒店（西昌月亮湖濕地公園店）,9.5,"['靜謐大床房（智能客控+軟硬雙枕+舒適床墊）:HK$258', '樂享雙床房（智能客控+軟硬雙枕+舒適床墊）:HK$297', '明月雙床房（高空城景房-智能客控-全景落地窗）:HK$342', '月城·凌波水床房（智能温控-沉浸式解壓）:HK$369', '明月大床房（高空城景房-智能客控-全景落地窗）:HK$369']"
西昌鉑斯特酒店（沃爾瑪月亮湖濕地公園店）,9.5,"['鉑悦·豪華大床房【智能客控-minibar-雙衞】:HK$426', '鉑悦·豪華雙床房【智能客控-minibar-雙衞-加濕器】:HK$460', '鉑漫·至尊大床房-智能客控-零壓床墊-全景落地窗-minibar-雙衞-高空城市夜景:HK$486', '鉑悦·親子雙床房-客控智能-雙衞-冰箱:HK$554', '鉑雅·女士專屬貴賓雙床房-智能客控-定製床墊-minibar-雙衞-品牌加濕器-城市夜景:HK$556']"
西昌邛海賓館,9.3,"['商務單人間:HK$544', '商務雙床房:HK$544', '舒適雙床房:HK$751', '舒適大床房:HK$751', '山景大床房:HK$947', '山景雙床房:HK$949']"
嶲州·印象酒店（越西嶲州大道高鐵站店）,9.6,"['印象丨尊享豪華大床房（乳膠床墊+智能馬桶+智能客控+負離子高速吹風）:HK$340', '印象丨尊享豪華雙床房（乳膠床墊+智能馬桶+智能客控+負離子高速吹風）:HK$350', '印象丨奢享私湯大床房（乳膠床墊+暖心浴缸+智能馬桶+智能客控+負離子高速吹風）:HK$395', '印象丨歡享親子家庭房（乳膠床墊+智能客控+小童玩具+負離子高速吹風）:HK$395']"
豐源世紀酒店（西昌月亮湖濕地公園店）,9.3,"['舒適大床房:HK$224', '豪華大床房:HK$245', '陽光大床房:HK$265', '豪華雙床房:HK$285', '陽光雙床房:HK$305']"
眾欣·悦動酒店,9.4,"['特惠大床房:HK$276', '豪華大床房:HK$286', '豪華雙床房:HK$313', '山景大床房:HK$341', '山景雙床房:HK$369']"
西昌戀城鉑雅酒店（旅遊集散中心店）,9.5,"['雅歡·驚喜大床房【普蘭特定製床品+小度智能客控】:HK$251', '雅逸智能極簡雙床房【雙層隔音玻璃+普蘭特定製床品】:HK$263', '雅逸·智能極簡大床房【大窗觀西昌城景+mini吧享休閑時光】:HK$286', '雅緻·智能格調雙床房【獨立辦公桌+貴妃側卧躺椅】:HK$292', '雅緻·智能格調大床房【慢回彈記憶枕+貴妃側卧躺椅】:HK$311']"
西昌空港雲享酒店（邛海夢尋花海濕地入口店）,9.3,"['雲樂特惠大床房:HK$544', '雲夢大床房:HK$794', '雲夢雙床房:HK$794', '雲裳露台大床房:HK$871', '雲裳露台雙床房:HK$871', '雲庭庭院大床房:HK$936']"
西昌觀唐大酒店（邛海17度唐園店）,9.5,"['精品大床房（零壓舒睡+65寸投屏電視）:HK$391', '高級雙床房（零壓舒睡+採光明亮+65寸投屏電視）:HK$423', '高級大床房（零壓舒睡+採光明亮+65寸投屏電視）:HK$423', '觀唐大床房（唐園零距離夜景+廣角視唐園全景）:HK$467', '觀唐全景大床房（落地窗+採光明亮+65寸投屏電視）:HK$532']"
西昌邛海灣柏樾酒店,9.0,"['公寓樓落地窗標間:HK$424', '公寓樓園景標間:HK$533', '公寓樓高級側海景雙床房:HK$792', '主樓高級園景雙床房:HK$851', '主樓高級園景大床房:HK$851', '公寓樓高級套房:HK$962']"
西昌觀海聽濤藝術酒店,9.2,"['禪意大床房（全智能化系統）:HK$531', '豪華園景單間:HK$592', '豪華園景標間:HK$592', '豪華閣樓房:HK$592', '豪華海景單間:HK$835']"
西昌山海庭酒店（海河天街火把廣場店）,9.1,"['山嶼·榻榻米大床房|智能客控+小冰箱+羽絨床具|:HK$330', '山嶼·假日陽光大床房|智能客控+小冰箱+羽絨床具|:HK$384', '海市·原木雅院雙床房.|智能客控+小冰箱+羽絨床具|:HK$384', '海市·清風河景大床房|智能客控+小冰箱+羽絨床具|:HK$416', '庭落·200度浴缸河景套房|智能客控+冰箱+蝸居沙發|:HK$588']"
西昌眾欣豪生温泉酒店（西區）,9.1,"['高級雙床房:HK$491', '高級大床房:HK$491', '逸景大床房:HK$545', '逸景雙床房:HK$545', '豪華大床房（投影+浴缸）:HK$654', '親子海景大床房:HK$763']"
瀘山精品酒店（西昌月亮湖濕地公園店）,9.7,"['精品雙床房「零壓床品·自動馬桶墊·65寸投屏電視」:HK$310', '精品大床房「零壓床品·沐浴頂噴·65寸投屏電視」:HK$310', '高級雙床房「雙衣帽間·零壓床品·65寸投屏電視」:HK$331', '高級大床房「零壓床品-頂噴花灑-乾濕分離-投屏電視」:HK$331', '尊享大床房「零壓床品-空氣凈化器-沐浴頂噴-投屏電視」:HK$352']"
如居.山海半島民宿（西昌萬達廣場邛海17度店）,9.6,"['湖景温馨商務大床房（智能客控+記憶枕）:HK$359', '園景温馨商務大床房:HK$377', '觀星月湖景大床房（智能客控+記憶枕）:HK$437', '賞夕陽湖景雙床間（智能客控+記憶枕+日式茶台）:HK$456']"
雲裏·鹿鳴,9.7,"['特惠房:HK$402', '豪華雙床房:HK$437', '豪華大床房:HK$437', '親子房:HK$511']"
漢庭酒店（西昌邛海17度火把廣場店）,9.6,"['大床房（智能馬桶+金可兒皇冠床墊+智能投屏電視）:HK$321', '雙床房（智能馬桶+金可兒皇冠床墊+智能投屏電視）:HK$321', '高級大床房（智能馬桶+金可兒皇冠床墊+智能投屏電視）:HK$340', '高級雙床房（智能馬桶+金可兒皇冠床墊+智能投屏電視）:HK$340']"
冕寧悦泊酒店,9.3,"['悦享大床房（65寸可投屏液晶電視）:HK$309', '尊享大床房（65寸可投屏液晶電視）:HK$375', '特價雙床房（65寸投屏液晶電視）:HK$408', '尊享雙床房（65寸可投屏液晶電視）:HK$424', '雅悦親子套房（65寸可投屏液晶電視+獨立浴缸）:HK$727']"
傳家合院（邛海17°店）,9.7,"['典雅雙床:HK$569', '花園靜逸 雙床:HK$691', '熙雅浴缸大床房:HK$793', '尚雅浴缸大床房:HK$895', '花園·嫻雅浴缸大床房:HK$997']"
西昌眾欣豪生温泉酒店（東區）,9.3,"['山居大床房:HK$653', '山居雙床房:HK$653', '逸雲大床房:HK$763', '逸雲雙床房:HK$763', '綠野大床房:HK$828', '綠野雙床房:HK$828']"
德昌元坤温泉酒店,8.6,"['高級雙床房:HK$358', '豪華雙床房:HK$434', '森林湯屋【私人庭院泡池】:HK$1,078']"
宜尚酒店（西昌航天大道沃爾瑪月亮湖濕地公園店）,9.6,"['標準大床房（乾濕分離+夢百合記憶枕芯+4K高清投屏 ）:HK$328', '高級大床房（舒適靜怡+乾濕分離+4K高清投屏電視 ）:HK$366', '豪華大床房（舒適沙發+夢百合記憶枕芯+4K高清投屏）:HK$389', '高級雙床房（舒適靜怡+乾濕分離+4K高清投屏電視）:HK$427']"
西昌雲夢廬酒店（建昌古城店）,9.5,"['庭院高級大床房:HK$251', '庭院豪華大床房:HK$331', '庭院豪華雙床房:HK$331', '經典豪華大床房:HK$354', '經典景觀雙床房:HK$370']"
德昌美程斯維登度假酒店,9.0,"['陽光大床房:HK$227', '城景雙床房:HK$227', '景觀大床房:HK$271', '豪華雙床房:HK$271']"
西昌優木·彝族風情|新中式禪意設計酒店（邛海17度火把廣場店）,9.4,"['清·浮光大床房|花梨木禪意傢俱|中空隔音玻璃|美粧鏡:HK$233', '樂·闔家歡親子房|小童玩偶|趣味讀物|花梨木禪意傢俱:HK$302', '初見·雅居三人房|功夫茶台|電動窗簾|智能馬桶|美粧鏡:HK$325', '未央·清歡自在全景日出房|270°遠眺廬山景觀|乳膠床墊:HK$374']"
西昌邛海濕地美居酒店,9.6,"['標準雙床房（小冰箱+65寸無線投屏+金可兒床墊）:HK$485', '標準大床房（小冰箱+65寸無線投屏+金可兒床墊）:HK$529', '高級雙床房（小冰箱+65寸無線投屏+金可兒床墊）:HK$567', '高級大床房（小冰箱+65寸無線投屏+金可兒床墊）:HK$567', '豪華大床房（小冰箱+65寸無線投屏+金可兒床墊）:HK$606']"
星程酒店（邛海濕地公園萬達廣場店）,9.5,"['高級大床房（智能馬桶+65寸智能電視+夢神床墊）:HK$435', '高級雙床房（智能馬桶+65寸智能電視）:HK$435', '大床房（智能馬桶+65寸智能電視+夢神床墊）:HK$452', '舒壓-豪華大床房（智能馬桶+65寸智能電視+記憶棉墊）:HK$512']"
維也納國際酒店（西昌邛海濕地萬達廣場店）,9.5,"['高級大床房:HK$433', '高級雙床房:HK$433', '豪華大床房:HK$504', '豪華雙床房:HK$504', '親子大床房:HK$660']"
西昌洲際智選假日酒店,9.4,"['高級雙床房（軟硬雙枕+暢享淋浴+金可兒床墊）:HK$357', '高級大床房（軟硬雙枕+暢享淋浴+金可兒床墊）:HK$357', '城市景觀大床房（軟硬雙枕+暢享淋浴+金可兒床墊）:HK$394', '城市景觀雙床房（軟硬雙枕+暢享淋浴+金可兒床墊）:HK$394', '日出景觀大床房（軟硬雙枕+暢享淋浴+金可兒床墊）:HK$432']"
西昌千里走單騎度假民宿（建昌古城店）,9.6,"['言樹庭院大床房:HK$343', '密悦庭院雙床房:HK$343', '棲雲庭院大床房:HK$436', '隨遇觀景商務套房:HK$538', '月影泡池親子套房:HK$649']"
唯佳•朗燊酒店（西昌火把廣場海河天街店）,9.3,"['特惠智能大床房（智能音控+乳膠記憶床墊+羽絨枕+55寸投屏電視）:HK$216', '閤家歡親子房（智能音控+乳膠記憶床墊+羽絨枕+55寸投屏電視）:HK$238', '優享智能大床房（智能音控+乳膠記憶床墊+羽絨枕+55寸投屏電視）:HK$238', '優享智能雙床房（智能音控+乳膠記憶床墊+羽絨枕+55寸投屏電視）:HK$238']"
桔子酒店（西昌邛海17度火把廣場店）,9.8,"['大床房（智能馬桶+房間冰箱+65寸智能投屏電視）:HK$447', '高級大床房（智能馬桶+冰箱+65寸智能投屏電視）:HK$477', '高級雙床房（智能馬桶+金可兒皇冠床墊+65寸智能投屏電視）:HK$477', '商務大床房（智能馬桶+冰箱+65寸投屏電視）:HK$495']"
星程酒店（西昌邛海濕地店）,9.6,"['大床房（喜臨門床墊+電視投屏+小冰箱）:HK$249', '山景高級大床房（喜臨門床墊+電視投屏+小冰箱）:HK$267', '山景高級雙床房（喜臨門床墊+電視投屏+小冰箱）:HK$267', '遠景豪華大床房（喜臨門床墊+電視投屏+小冰箱）:HK$319']"
西昌天季酒店,9.5,"['高級大床房:HK$404', '高級雙床房:HK$404', '陽光大床房:HK$410', '陽光雙床房:HK$410', '豪華大床房:HK$440']"
星際航天酒店（西昌月亮湖公園店）,9.5,"['領航 | 星河大床房「小度智能語音客控·乾濕分離·慕思床品」:HK$409', '商務 | 星海大床房「VR體驗·慕思床品·超大觀景窗」:HK$495', '0壓|星海大床房「0壓記憶枕+0壓床墊+超大觀景窗」:HK$506', '啟航 | 星河雙床房「慕思床品·負離子高速吹風」:HK$508', '商務 | 星海雙床房「負離子高速吹風·辦公桌椅」:HK$565']"
雲孚裏雲宿·冶勒湖畔私湯民宿（冕寧冶勒湖店）,9.8,"['觀影花園大床房（全屋地暖+智能家居+高清巨幕）:HK$791', '觀山私湯大床房（全屋地暖+智能家居+高清巨幕）:HK$924', '尊享花園湯池大床房（全屋地暖+智能家居+高清巨幕）:HK$990', '花園湯池家庭房（全屋地暖+智能家居+高清巨幕）:HK$1,057']"
桔子酒店（西昌邛海海月裏店）,9.5,"['極簡時光大床房（金可兒床墊+小度語音智能+觀景陽台）:HK$381', '加州陽光雙床房（金可兒床墊+小度語音智能+觀景陽台）:HK$381', '都市節奏大床房（金可兒床墊+小度語音智能+觀景陽台）:HK$411', '加州陽光大床房（金可兒床墊+小度語音智能+觀景陽台）:HK$441']"
西昌美麗陽光凱隆酒店,9.4,"['精緻大床房（無窗）:HK$390', '高級大床房:HK$516', '高級雙床房:HK$516', '豪華大床房:HK$568', '豪華雙床房:HK$568', '至尊大床房:HK$608']"
煙嵐裏·曲水山澗生活美學holiday villa（西昌大石板古村店）,9.7,"['葉驚秋丨花朝大床房:HK$489', '葉醒春丨與光大床房:HK$520', '方覺夏丨伴溪雙床房:HK$555', '韓冬青丨山也雙床房:HK$600', '望繁星丨山月·觀景大床房:HK$643']"
西昌市政務中心亞朵酒店,9.7,"['行政大床房（智能語音+無線投屏+冰箱）:HK$440', '幾木大床房（智能語音+無線投屏+2代深睡POR記憶枕+冰箱+浴袍）:HK$480', '行政雙床房（智能語音+無線投屏+冰箱）:HK$480', '幾木雙床房（2代深睡POR記憶枕+無線投屏+冰箱+浴袍）:HK$520', '幾木庭院大床房（智能語音+2代深睡POR記憶枕+無線投屏+冰箱+浴袍）:HK$520']"
鑫驛大酒店,9.3,"['優享特惠雙床房（蹲廁+乳膠床墊）:HK$238', '尊享景觀標準大床房（智能客控+智能馬桶）:HK$347', '尊享景觀標準雙床房（智能客控+智能馬桶）:HK$347', '歡享家庭親子雙床房（智能客控+智能馬桶）:HK$380', '樂享雅緻雙床房（機麻+蹲廁）:HK$380']"
你好酒店（西昌邛海濕地公園萬達廣場店）,9.6,"['高級大床房（智能馬桶+公區自助洗衣機+金可兒床墊）:HK$418', '高級雙床房（智能馬桶+公區自助洗衣機+金可兒床墊）:HK$438', '商務大床房（智能馬桶+公區自助洗衣機+金可兒床墊）:HK$457', '商務雙床房（智能馬桶+公區自助洗衣機+金可兒床墊）:HK$477']"
西昌岷山飯店（月亮湖濕地公園店）,9.5,"['高級大床間:HK$361', '豪華套房:HK$981', '岷尊套房:HK$1,201']"
