酒店名称,评分,房型价格列表
麗飴酒店（淄博萬象滙八大局店）,9.4,"['標準大床房:HK$235', '標準雙床房:HK$235', '豪華大床房:HK$267', '豪華雙床房:HK$267']"
淄博知味齋大飯店（周村古商城店）,9.7,"['魯韻·尊享大床房:HK$445', '魯韻·尊享雙床房:HK$468', '魯韻·園林觀景大床房:HK$490', '魯韻·豪華大床房:HK$566', '行政·城景大床房:HK$664', '行政·城景雙床房:HK$664']"
知味齋·文昌書院酒店,9.7,"['宿雲軒園景大床房:HK$957', '宿雲軒雅緻雙床房:HK$957', '天海閣庭院雙床房:HK$1,109', '天海閣庭院大床房:HK$1,109', '沁香閣湖景小童大床套房:HK$1,786']"
淄博萬豪萬楓酒店,9.6,"['商務大床房:HK$446', '商務雙床房:HK$446', '優選大床房:HK$501', '優選雙床房:HK$501', '家庭房:HK$719']"
淄博齊軒酒店（陶瓷琉璃館山東理工店）,9.8,"['商務大床房（全屋智能客控+新風系統+零壓護脊）:HK$299', '高級大床房（全屋智能客控+零壓護脊+冰箱）:HK$302', '優享大床房（全屋智能客控+新風系統+零壓護脊）:HK$303', '豪華大床房（全屋智能客控+零壓護脊+冰箱）:HK$350']"
淄博山東理工大學麗呈酒店,9.6,"['舒適大床房（智能馬桶+電動窗簾+小度智能客控）:HK$415', '商務大床房（智能馬桶+電動窗簾+小度智能客控）:HK$454', '商務雙床房（智能馬桶+電動窗簾+小度智能客控）:HK$496', '城景智慧大床房（智能馬桶+電動窗簾+小度智能客控）:HK$496', '城景智慧雙床房（智能馬桶+電動窗簾+小度智能客控）:HK$535']"
淄博山東理工大學水晶街亞朵酒店,9.8,"['高級大床房（小度智能客控+電視投屏+恆温花灑+小冰箱）:HK$385', '行政大床房（小度智能客控+電視投屏+恆温花灑+小冰箱）:HK$412', '行政雙床房（小度智能客控+電視投屏+恆温花灑+小冰箱）:HK$430', '尊享大床房（小度智能客控+電視投屏+恆温花灑+小冰箱）:HK$439', '尊享雙床房（小度智能客控+電視投屏+恆温花灑+小冰箱）:HK$456']"
莫蘭迪酒店（淄博八大局萬象滙店）,9.6,"['高級大床房【無窗】（0壓床墊+小冰箱）:HK$315', '商務大床房（0壓床墊+小冰箱）:HK$413', '商務雙床房（0壓床墊+小冰箱）:HK$469', '豪華大床房（0壓床墊+浴缸＋小冰箱）:HK$524', '尊享大床房（0壓床墊+浴缸＋小冰箱）:HK$580']"
周村錦巷·狀元府（淄博周村古商城店）,9.7,"['墨閣·雅韻觀景大床房:HK$442', '西廂·雅緻大床房:HK$478', '金榜題名·古韻大床房:HK$516', '禪意·古樸雙床房:HK$552']"
山東齊盛國際賓館,9.4,"['豪華標準間:HK$502', '豪華單間:HK$568', '商務單間:HK$619', '豪華兩間套間:HK$1,136']"
閲山河酒店（淄博八大局火車站店）,9.3,"['躺平治癒大床房（全屋智能）:HK$333', '閲景·智能雙床房（全屋智能+小冰箱）:HK$344', '閲景·智能大床房（全屋智能+小冰箱）:HK$355', '山河·豪華大床房（寬敞舒適+4K高清大屏電視+休閑沙發）:HK$365', '山河·豪華雙床房（休閑沙發+乾濕分離+智能馬桶）:HK$386']"
淄博唐莊酒店（中潤大道店）,9.5,"['豪華雙床房:HK$523', '豪華大床房:HK$555', '風尚雙床房:HK$578', '風尚大床房:HK$622']"
淄博銀座華美達大酒店,9.2,"['高級雙床房:HK$403', '高級大床房:HK$403', '豪華大床房:HK$687', '商務套房:HK$730', '海底小縱隊主題房:HK$768']"
淄博喜來登酒店,9.4,"['豪華行政雙床房:HK$884', '大型客房:HK$942', '豪華行政大床房:HK$993', '尊貴豪華行政客房:HK$1,248', '行政套房:HK$1,630', '豪華行政套房:HK$1,821']"
喬治莫蘭迪酒店（淄博萬象滙八大局店）,9.3,"['高級大床房（無窗）:HK$331', '商務大床房【零壓床墊】:HK$351', '雅緻大床房【零壓床墊】:HK$372', '商務雙床房【零壓床墊】:HK$373', '豪華大床房【浴缸】【零壓床墊】:HK$413']"
淄博山東理工大學北京路亞朵酒店,9.7,"['高級大床房（小度智能客控+電視投屏+恆温花灑+小冰箱）:HK$412', '行政雙床房（小度智能客控+電視投屏+恆温花灑+小冰箱）:HK$430', '行政大床房（小度智能客控+電視投屏+恆温花灑+小冰箱）:HK$448', '幾木雙床房（小度智能客控+電視投屏+恆温花灑+小冰箱）:HK$456', '幾木大床房（小度智能客控+電視投屏+恆温花灑+小冰箱）:HK$465']"
CLIFFHUB瀾舫酒店（淄博博山紅葉柿巖店）,9.7,"['商務大床房（鵝絨被+進口床墊+小冰箱+空氣凈化器）:HK$514', '豪華大床房（鵝絨被+進口床墊+小冰箱+空氣凈化器）:HK$617', '豪華雙床房（鵝絨被+進口床墊+小冰箱+空氣凈化器）:HK$720', '家庭房（鵝絨被+進口床墊+小冰箱+空氣凈化器）:HK$1,319', '行政陽光套房（鵝絨被+進口床墊+小冰箱+空氣凈化器）:HK$1,328']"
宜尚酒店（淄博八大局萬象滙店）,9.6,"['舒適大床房（新風負氧+智能客控+零壓床墊）:HK$433', '舒適雙床房（新風負氧+智能客控+零壓床墊）:HK$443', '商務智能大床房（智能客控+智能馬桶+零壓床墊）:HK$451', '豪華智能大床房（智能客控+智能馬桶+零壓床墊）:HK$476']"
淄博觀博陽光酒店（魯泰大道店）,9.6,"['雅緻雙床房（智能投屏+徠芬吹風機+乾濕分離）:HK$332', '雅緻大床房（超大床+手機投屏+乾濕分離）:HK$343', '豪華雙床房（乾濕分離+舒適床品+手機投屏）:HK$365', '豪華大床房（乾濕分離+舒適床品+手機投屏）:HK$409', '觀博大床房（超大床+手機投屏+徠芬吹風機+浴袍）:HK$420']"
淄博周村賓館（周村古商城店）,9.6,"['悦賓樓絲緣大床房:HK$271', '迎賓樓絲藴雙床房:HK$315', '迎賓樓絲藴大床房:HK$337', '悦賓樓絲緣豪華大床房:HK$420', '惠賓樓商務標準間:HK$445']"
全季酒店（淄博萬達廣場海岱樓店）,9.7,"['高級大床房:HK$381', '高級雙床房:HK$381', '商務大床房:HK$412', '商務雙床房:HK$412']"
鈞詩堂酒店（周村古商城店）,9.6,"['温馨舒適大床房（助眠零壓床墊+中央空調）:HK$218', '禪意榻榻米大床房（助眠零壓床墊+中央空調）:HK$229', '商務雙床房（助眠零壓床墊+中央空調）:HK$240', '豪華0壓智能大床房（全屋智控+智能馬桶+小冰箱）:HK$312']"
如家商旅酒店（淄博柳泉路火炬公園店）,9.6,"['大床房:HK$321', '商務大床房A:HK$331', '雙床房A:HK$349', '高級大床房:HK$349']"
全季酒店（淄博新村西路博物館店）,9.7,"['高級大床房:HK$361', '高級雙床房:HK$361', '商務大床房:HK$391', '商務雙床房:HK$391']"
淄博嘉泰嵐途酒店,9.7,"['商務標準間:HK$219', '輕奢大床房:HK$219', '豪華智能大床房:HK$248', '豪華智能標準間:HK$248']"
淄博張店八大局希爾頓歡朋酒店,9.6,"['舒適大床房:HK$544', '高級大床房:HK$574', '高級雙床房:HK$574', '豪華大床房:HK$605', '豪華雙床房:HK$605']"
淄博大學城漫亭花園酒店,9.7,"['舒適大床房:HK$403', '商務大床房:HK$436', '商務雙床房:HK$436', '行政大床房:HK$468', '家庭房:HK$490']"
逸柏國際酒店（淄博萬象滙八大局店）,9.4,"['途選大床房【智能客控】:HK$194', '途選雙床房【智能客控】:HK$231', '途奢大床房【智能客控】:HK$231', '途奢雙床房【智能客控】:HK$259']"
曙曼酒店（淄博北站魯泰大道店）,9.0,"['曼島·榻榻米大床房（智能客控|智控投影）:HK$228', '雲渡·雅頌大床房（智能客控|可投屏電視）:HK$274', '安隅·商務雙床房（智能客控|可投屏電視）:HK$286', '格序·悦庭大床房（智能客控|可投屏電視）:HK$297']"
淄博海悦瑞景酒店（淄博大學城店）,9.7,"['甄選大床房:HK$407', '甄選雙床房:HK$407', '清新氧吧雙床房:HK$444', '清新氧吧大床房:HK$444', '零壓大床房:HK$461']"
淄博民泰温泉假日酒店,9.3,"['花園大床房:HK$347', '醇享大床房:HK$359', '經濟大床房:HK$414', '尊享行政大床房:HK$467']"
柏曼酒店（淄博陶瓷琉璃館山東理工大學店）,8.8,"['高級大床房（品牌洗護+一線景觀）:HK$231', '商務雙床房（高層闊景+品牌床墊）:HK$255', '商務大床房（靜謐臻享+採光通透+城市夜景）:HK$263', '豪華雙床房（靜謐臻享+高層闊景+採光通透）:HK$271']"
桔子酒店（淄博臨淄大道店）,9.7,"['加州陽光大床房:HK$336', '加州陽光高級大床房:HK$354', '加州陽光觀景雙床房:HK$354', '加州陽光觀景大床房:HK$374']"
柏曼酒店（淄博淄川區政府蒲松齡故居店）,9.4,"['高級大床房（零圧床墊+手機投屏+安靜舒適）:HK$299', '高級雙床房（安靜舒適+零圧床墊+手機投屏）:HK$299', '智能高級大床房（零壓床墊+智能客控+安靜舒適）:HK$328', '豪華雙床房（安靜舒適+零壓床墊+手機投屏）:HK$336']"
鹿鸝酒店（萬象滙八大局店）,9.7,"['高級影音房【乾濕分離+徠芬吹風機+手機投屏】:HK$382', '特色景觀房【新風系統+智能馬桶+乾濕分離】:HK$408', '高級大床房【智能馬桶+手機投屏+乾濕分離+舒適床品】:HK$439', '高級雙床房【手機投屏+智能馬桶+乾濕分離】:HK$456', '高級影音套房【新風系統+大屏投影+智能馬桶】:HK$499']"
全季酒店（淄博博山西冶街店）,9.9,"['高級大床房（智能客控+小冰箱）:HK$298', '商務大床房（智能客控+小冰箱）:HK$317', '商務雙床房（智能客控+小冰箱）:HK$317', '家庭房（智能客控+小冰箱）:HK$345']"
如家商旅酒店（淄博火車站和平路店）,9.6,"['大床房（手機投屏+智能馬桶）:HK$284', '商務大床房（手機投屏+智能馬桶）:HK$303', '雙床房（手機投屏+智能馬桶）:HK$303', '高級雙床房（手機投屏+智能馬桶）:HK$321']"
淄博般陽山莊（蒲松齡故居店）,9.6,"['商務標間:HK$325', '商務單間:HK$325', '行政單人間:HK$434', '行政標準間:HK$434', '親子房:HK$434']"
桔子酒店（淄博柳泉路店）,9.6,"['高級大床房:HK$305', '豪華雙床房:HK$324', '商務大床房:HK$333', '豪華大床房:HK$344']"
龍韻·悦酒店（淄博八大局印象滙店）,9.1,"['茶悦榻榻米房（茶台）:HK$233', '心悦雙床房（零壓床墊+辦公桌椅）:HK$261', '心悦大床房（零壓床墊+辦公桌椅）:HK$261', '商悦大床房（零壓床墊+辦公桌椅）:HK$297']"
中海國際酒店（淄博蒲松齡故居店）,8.8,"['商務雙床房:HK$251', '商務大床房:HK$260', '精選雙床房:HK$305', '精選大床房:HK$325']"
全季酒店（淄博臨淄齊文化博物館店）,9.7,"['高級大床房:HK$357', '商務雙床房:HK$378', '商務大床房:HK$378', '家庭房:HK$398']"
全季酒店（淄博上海路海岱樓店）,9.8,"['大床房:HK$367', '高級大床房:HK$378', '雙床房:HK$378', '商務大床房:HK$397']"
陌上輕雅酒店（淄博蒲松齡故居度假區店）,9.5,"['風韻·宋潮花雅大床房:HK$251', '風韻·270°觀景觀影大床房:HK$271', '品學·江南坡頂大床房:HK$282', '雅緻·舒睡零壓雙床房:HK$282']"
淄博北京路CBD桔子水晶酒店,9.7,"['大床房（絲漣床墊+電視投屏+小冰箱+浴袍）:HK$472', '雙床房:HK$491', '商務大床房（絲漣床墊+電視投屏+小冰箱+浴袍）:HK$512', '豪華大床房（絲漣床墊+電視投屏+小冰箱+浴袍）:HK$532', '商務雙床房（絲漣床墊+電視投屏+小冰箱+浴袍）:HK$532']"
如家精選酒店（淄博新村西路萬象滙店）,9.7,"['大床房（智能客控+手機投屏）:HK$331', '雙床房（智能客控+手機投屏）:HK$339', '商務大床房（智能客控+手機投屏）:HK$357', '高級雙床房（智能客控+手機投屏）:HK$367']"
尚客優悦酒店（淄博山東理工大學店）,9.5,"['智能零壓大床房（全屋智能客控+品牌床墊）:HK$510', '智能優悦大床房（全屋智能聲控+品牌床墊）:HK$547', '智能優悦雙床房（全屋智能聲控+品牌床墊）:HK$547', '智能巨幕影音房（高清投影+智能聲控）:HK$547']"
維也納3好酒店（淄博金晶大道八大局市場店）,9.5,"['高級大床房:HK$309', '豪華大床房:HK$326', '高級雙床房:HK$326', '豪華雙床房:HK$343']"
星程酒店（淄博火車站八大局店）,9.2,"['大床房:HK$204', '高級雙床房:HK$214', '高級大床房:HK$224', '商務大床房:HK$234']"
晶璽雲棲酒店（淄博富力萬達廣場店）,9.8,"['Desire即遇｜都市雙床房（會員觀影+寵物友好+大飄窗）:HK$343', 'Dream清夢｜特大床房（巨幕投影+寵物友好+落地飄窗）:HK$344', 'Tourist拾光｜親子雙床房（巨幕投影+寵物友好+飄窗）:HK$358']"
