酒店名称,评分,房型价格列表
渭南貴賓樓酒店,9.5,"['高級大床房:HK$309', '豪華大床房:HK$389', '豪華套房:HK$761']"
桃園·美莎國際酒店（渭南北站店）,9.4,"['高級雙床房:HK$370', '高級大床房:HK$420', '行政雙床房:HK$457', '行政大床房:HK$470', 'B.Duck小黃鴨主題房:HK$569', '靜謐·甜夢套房:HK$581']"
渭南建國飯店（B座）,9.6,"['標準雙床房:HK$295', '高級大床房:HK$308', '豪華圓床房:HK$366', '寵物友好雙床房:HK$378', '豪華間大床間:HK$379']"
曼城花園酒店（渭南倉程路吾悦廣場店）,8.9,"['標準間無浴缸:HK$251', '精品雙床房:HK$275', '精品大床房:HK$281', '休閑標間（麻將房）:HK$288', '麗致大床房:HK$292']"
恆昌歡朋酒店（信達廣場店）,9.0,"['豪華輕奢雙床房:HK$175', '豪華輕奢大床房:HK$186', '商務温馨雙床房:HK$204', '豪華温馨親子套房:HK$217']"
全季酒店（渭南解放路店）,9.6,"['雙床房:HK$419', '大床房:HK$449', '高級雙床房:HK$487', '高級大床房:HK$497']"
渭南中創温德姆至尊豪廷大酒店,9.5,"['電競房（技嘉B760M+I5-13490F盒+2K170HZ曲面）:HK$406', '高級大床房:HK$426', '高級雙床房:HK$435', '豪華大床房:HK$470', '豪華雙床房:HK$470', '豪廷大床房:HK$601']"
印迪格酒店（華州店）,9.5,"['特惠大床房:HK$144', '雅緻大床房:HK$166', '雅緻雙床房:HK$166', '豪華大床房:HK$196', '豪華雙床房:HK$196']"
渭南天啟悦華酒店,9.4,"['商務雙床房:HK$238', '商務大床房:HK$252', '精品雙床房:HK$252', '豪華雙床房:HK$269', '精品大床房:HK$292']"
渭南光明大酒店,8.8,"['舒適雙床房:HK$229', '豪華雙床房:HK$287', '行政大床房:HK$409', '標準大床套房:HK$574']"
渭南青春致美酒店,9.0,"['致美優享雙床房（金可兒床墊+智能客控）:HK$220', '致美優享大床房（金可兒床墊+智能客控）:HK$220', '致美尊享大床房（金可兒床墊+智能客控）:HK$238', '致美尊享雙床房（金可兒床墊+智能客控）:HK$238']"
如家酒店·neo（渭南勝利大街店）,9.4,"['大床房A:HK$192', '商務大床房:HK$216', '雙床房:HK$224', '高級雙床房:HK$233']"
漢庭優佳酒店（渭南北站樂天大街店）,9.8,"['大床房:HK$223', '高級大床房:HK$232', '雙床房:HK$242', '家庭房:HK$251']"
白玉蘭酒店（渭南杜化路海興城店）,9.1,"['玉舒雙床房:HK$217', '玉舒大床房:HK$224', '蘭舒大床房:HK$232', '蘭舒雙床房:HK$232']"
致音酒店（渭南吾悅廣場師範學院店）,9.5,"['致選悠然大床房[暖光小築+促膝夜話+全棉貢緞親膚布草]:HK$161', '致逸優選大床房[寸心暖居+方寸晴空+全棉貢緞親膚布草]:HK$189', '致逸優選雙床房[雙榻沐陽+明窗小築+安眠蕎麥及羽絨枕]:HK$210', '致享商旅大床房[雲程憩港+明窗智滙+沙發桌椅]:HK$223']"
渭南華年酒店（臨渭區高新萬達店）,8.8,"['標準間【一次性馬桶墊+強wifi+】:HK$105', '尊享雙床房【純凈水無限暢飲+全屋貼身一次性用品】:HK$140', '舒適雙床房【一次性馬桶墊+強wifi]+純凈水無限暢飲:HK$149', '單人間:HK$149']"
雲庭智能酒店（渭南師範學院店）,9.5,"['豪華百寸投影雙床房（中央空調+一次性面巾）:HK$201', '豪華百寸投影榻榻米雙床房（中央空調＋落地窗）:HK$209', '豪華百寸投影榻榻米大床房（中央空調＋落地窗）:HK$211', '豪華100寸電競投影榻榻米雙床房（中央空調+落地窗）:HK$215']"
柏寧酒店（渭南臨渭區高新萬達店）,9.1,"['特惠大床房:HK$151', '動感主題房:HK$162', '靜謐觀影大床房:HK$174', '靜謐觀影雙床房:HK$174']"
雲汀智慧酒店,9.6,"['豪華智能大床房:HK$185', '豪華智能雙床房:HK$195']"
渭南華州大酒店,7.7,"['豪華標準間:HK$205', '經濟商務間:HK$238', '商務雙床房:HK$260', '觀景大床房:HK$293']"
L智能酒店（華州站店）,9.5,"['輕奢雙床房:HK$139', '高級智能大床房:HK$155', '高級智能雙床房:HK$162', '尊享雙床房:HK$173']"
渭南京洲肆季酒店（渭南宏帆廣場）,8.4,"['特惠房:HK$160', '行政大床房:HK$190', '行政雙床房:HK$190', '豪華大床房B:HK$231', '豪華雙床房B:HK$231']"
渭南桃花源壹山窯民宿,10.0,"['新中式床炕房:HK$204', '標準雙床房:HK$211', '大床房:HK$353']"
渭南金世特酒店,8.8,"['豪華雙床房（護脊床墊+超大桶純凈水）:HK$156', '特惠雙床房（護脊床墊+超大桶純凈水）:HK$156', '豪華大床房（護脊床墊+超大桶純凈水）:HK$165', '商務雙床房（護脊床墊+超大桶純凈水）:HK$174']"
V＋電玩酒店,7.7,"['電玩影視丨遊戲輕奢雙床房:HK$164', '電玩影視丨遊戲輕奢大床房:HK$171', '電玩影視丨遊戲輕雅雙床房:HK$205', '電玩影視丨遊戲輕雅大床房:HK$205']"
海友酒店（渭南解放路店）,9.7,"['大床房:HK$198', '雙床房:HK$217', '高級大床房:HK$217', '套房:HK$274']"
渭南聖安酒店（信達廣場店）,8.2,"['特惠標準間:HK$159', '精品大床房:HK$159', '特惠大床房:HK$167', '尚品雙床房:HK$174']"
陝化賓館,9.8,"['豪華標準間:HK$204', '套房:HK$204', '豪華大床房:HK$252', '商務套房:HK$411']"
派酒店（渭南吾悦廣場店）,9.7,"['惠選大床房:HK$153', '商務大床房:HK$162', '精選大床房:HK$171', '商務雙床房:HK$171']"
方園麗致民宿,8.5,"['麗致電競大床房{i7-12700KF+GTX4060}:HK$133', '麗致大床房:HK$141', '影音大床房:HK$155', '豪華大床套房:HK$190']"
渭南聖諾酒店（萬達店）,8.2,"['現代豪華大床房:HK$123', '時尚簡約雙床房:HK$123', '温馨浪漫圓床房:HK$123', '至尊商務套房:HK$215']"
美富倫商務酒店（渭南師範學院店）,9.0,"['精選温馨大床房:HK$102', '特價温馨雙床房:HK$102', '精緻舒適雙床房:HK$115', '豪華大床房:HK$128']"
華熙客棧,9.6,"['標準間:HK$119', '温馨大床房:HK$119', '商務套房:HK$141', '舒適三人間:HK$163']"
渭南七格格賓館,9.3,"['大床房:HK$129', '雙人床:HK$151', '多人房:HK$369']"
豪庭酒店（渭南華州區店）,8.6,"['豪華時尚大床房:HK$101', '豪華雙床房:HK$110', '豪華家庭親子房:HK$138', '豪華雙床大套房:HK$333']"
渭南惠歐精選酒店,8.9,"['標準間:HK$125', '圓床房:HK$125', '大床房:HK$125', '豪華大床房:HK$135']"
晴天民宿,8.5,"['小彥家大床房:HK$108', '小安家大床房:HK$108', '十八號電影房:HK$108', '小米院子電影房:HK$108']"
渭南異域風情賓館,8.2,"['歐式雙床房:HK$89', '歐式大床房:HK$97', '浪漫園床房:HK$113', '精選三人間:HK$121']"
渭南年華快捷賓館,8.9,"['特惠房:HK$75', '大床房:HK$81', '標準間:HK$90', '豪華商務間:HK$218']"
渭南萬嘉賓館,9.3,"['特惠標準大床房（單電腦）:HK$72', '標準間大床房（單電腦）:HK$78', '標準間雙床房（雙電腦）:HK$81', '標準三人間（單電腦）:HK$92']"
渭南金派賓館,8.4,"['零壓雙床房:HK$119', '商務標準房:HK$136', '豪華單人房:HK$136', '沖浪套房:HK$274']"
渭南雅林居電競賓館,8.7,"['特惠電競大床房（單電腦）:HK$96', '豪華電競雙床房（單電腦）:HK$108', '豪華電競大床房（單電腦）:HK$108', '舒適電競三人間（單電腦）:HK$121']"
渭南雅軒精品酒店,8.7,"['標準雙床房:HK$129', '清軒大床房:HK$129', '温馨親子房:HK$157', '觀景商務套房:HK$212']"
尚居酒店（渭南西潼路店）,8.5,"['優選雙床:HK$104', '雅緻雙床:HK$129', '雅緻大床:HK$129', '温馨子母間:HK$152']"
渭南誼好客棧,8.5,"['大床房（公共衞浴）:HK$62', '雙人間（公共衞浴）:HK$62', '標準間:HK$75', '三人間（公共衞浴）:HK$75']"
渭南橘子時尚賓館,9.6,"['馨雅大床房:HK$129', '浪漫圓床房:HK$130', '標準雙人間:HK$152', '標準三人間:HK$174']"
渭南少華山福祿客棧,9.3,"['温馨大床房:HK$116', '温馨標間:HK$129', '清新榻榻米:HK$147', '娛樂麻將房:HK$173']"
渭南鮮萍果賓館,8.4,"['精品單人房:HK$68', '標準三人間:HK$68', '標準大床房:HK$83', '標準雙人間:HK$90']"
渭南麗景公寓酒店（高新萬達店）,8.1,"['特惠大床房（冷氣開放）:HK$108', '豪華大床房（冷氣開放）:HK$142', '全景大床房（冷氣開放）:HK$192', '浪漫圓床房（冷氣開放）:HK$195']"
渭南三賢商務賓館,8.0,"['經濟實用房:HK$56', '休閑標準間:HK$88', '休閑大床房:HK$88', '温馨標準間:HK$93']"
