酒店名称,评分,房型价格列表
渭南建國飯店（B座）,9.6,"['標準雙床房:HK$248', '高級大床房:HK$271', '豪華圓床房:HK$307', '豪華間大床間:HK$318', '寵物友好雙床房:HK$330']"
印迪格酒店（華州店）,9.7,"['特惠大床房:HK$125', '雅緻大床房:HK$144', '雅緻雙床房:HK$144', '豪華大床房:HK$170', '豪華雙床房:HK$170']"
漢庭優佳酒店（渭南北站樂天大街店）,9.8,"['大床房:HK$194', '高級大床房:HK$202', '雙床房:HK$211', '家庭房:HK$218']"
宜必思酒店（渭南師範學院信達廣場店）,9.5,"['特價房:HK$148', '大床房:HK$172', '高級雙床房:HK$172', '高級大床房:HK$189']"
渭南天啟悦華酒店,9.5,"['商務雙床房:HK$207', '商務大床房:HK$220', '精品雙床房:HK$220', '豪華雙床房:HK$234', '精品大床房:HK$254']"
渭南建國飯店,9.5,"['豪華大床間:HK$356', '豪華雙床間:HK$356', '高級大床間:HK$388', '高級雙床間:HK$388', '商務大床間:HK$432', '商務雙床間:HK$432']"
渭南光明大酒店,8.8,"['舒適雙床房:HK$199', '豪華雙床房:HK$250', '行政大床房:HK$356', '標準大床套房:HK$499']"
渭南青春致美酒店,9.1,"['致美優享雙床房（金可兒床墊+智能客控）:HK$225', '致美優享大床房（金可兒床墊+智能客控）:HK$225', '致美尊享大床房（金可兒床墊+智能客控）:HK$244', '致美尊享雙床房（金可兒床墊+智能客控）:HK$244']"
全季酒店（渭南解放路店）,9.6,"['雙床房:HK$357', '大床房:HK$382', '高級雙床房:HK$416', '高級大床房:HK$424']"
白玉蘭酒店（渭南杜化路海興城店）,9.1,"['玉舒雙床房:HK$184', '玉舒大床房:HK$190', '蘭舒大床房:HK$196', '蘭舒雙床房:HK$196']"
桃園·美莎國際酒店（渭南北站店）,9.5,"['高級雙床房:HK$322', '高級大床房:HK$366', '行政雙床房:HK$398', '行政大床房:HK$408', 'B.Duck小黃鴨主題房:HK$495', '靜謐·甜夢套房:HK$505']"
曼城花園酒店（渭南倉程路吾悦廣場店）,8.9,"['標準間無浴缸:HK$219', '精品雙床房:HK$239', '精品大床房:HK$245', '休閑標間（麻將房）:HK$251', '麗致大床房:HK$254']"
渭南華年酒店（臨渭區高新萬達店）,8.8,"['標準間【一次性馬桶墊+強wifi+】:HK$96', '尊享雙床房【純凈水無限暢飲+全屋貼身一次性用品】:HK$129', '舒適雙床房【一次性馬桶墊+強wifi]+純凈水無限暢飲:HK$137', '單人間:HK$137']"
致音酒店（渭南吾悅廣場師範學院店）,9.5,"['致選悠然大床房[暖光小築+促膝夜話+全棉貢緞親膚布草]:HK$141', '致逸優選大床房[寸心暖居+方寸晴空+全棉貢緞親膚布草]:HK$164', '致逸優選雙床房[雙榻沐陽+明窗小築+安眠蕎麥及羽絨枕]:HK$183', '致享商旅大床房[雲程憩港+明窗智滙+沙發桌椅]:HK$194']"
如家酒店·neo（渭南勝利大街店）,9.3,"['大床房A:HK$167', '商務大床房:HK$188', '雙床房:HK$195', '高級雙床房:HK$203']"
柏寧酒店（渭南臨渭區高新萬達店）,9.1,"['特惠大床房:HK$132', '動感主題房:HK$141', '靜謐觀影大床房:HK$151', '靜謐觀影雙床房:HK$151']"
廷泊酒店（渭南師範學院店）,9.6,['沉香亭居套房:HK$783']
渭南中創温德姆至尊豪廷大酒店,9.5,"['電競房（技嘉B760M+I5-13490F盒+2K170HZ曲面）:HK$353', '高級大床房:HK$371', '高級雙床房:HK$378', '豪華大床房:HK$409', '豪華雙床房:HK$409', '豪廷大床房:HK$523']"
海友酒店（渭南解放路店）,9.7,"['大床房:HK$180', '雙床房:HK$197', '高級大床房:HK$197', '套房:HK$249']"
雲庭智能酒店（渭南師範學院店）,9.5,"['豪華百寸投影雙床房（中央空調+一次性面巾）:HK$178', '豪華百寸投影榻榻米雙床房（中央空調＋落地窗）:HK$185', '豪華百寸投影榻榻米大床房（中央空調＋落地窗）:HK$186', '豪華100寸電競投影榻榻米雙床房（中央空調+落地窗）:HK$190']"
L智能酒店（華州站店）,9.6,"['輕奢雙床房:HK$121', '高級智能大床房:HK$135', '高級智能雙床房:HK$141', '尊享雙床房:HK$151']"
渭南華州大酒店,7.7,"['豪華標準間:HK$179', '經濟商務間:HK$207', '商務雙床房:HK$226', '觀景大床房:HK$255']"
渭南京洲肆季酒店（渭南宏帆廣場）,8.3,"['特惠房:HK$139', '行政大床房:HK$166', '行政雙床房:HK$166', '豪華大床房B:HK$201', '豪華雙床房B:HK$201']"
渭南桃花源壹山窯民宿,10.0,"['新中式床炕房:HK$205', '標準雙床房:HK$212', '大床房:HK$355']"
渭南金世特酒店,8.8,"['豪華雙床房（護脊床墊+超大桶純凈水）:HK$144', '特惠雙床房（護脊床墊+超大桶純凈水）:HK$144', '豪華大床房（護脊床墊+超大桶純凈水）:HK$152', '商務雙床房（護脊床墊+超大桶純凈水）:HK$161']"
晴天民宿,8.5,"['十八號電影房:HK$246', '小米院子電影房:HK$246', '小彥家大床房:HK$274', '小安家大床房:HK$274']"
方園麗致民宿,8.4,"['麗致電競大床房{i7-12700KF+GTX4060}:HK$116', '麗致大床房:HK$122', '影音大床房:HK$135', '豪華大床套房:HK$166']"
派酒店（渭南吾悦廣場店）,9.7,"['惠選大床房:HK$142', '精選大床房:HK$159', '精選雙床房:HK$191']"
V＋電玩酒店,7.7,"['電玩影視丨遊戲輕奢雙床房:HK$143', '電玩影視丨遊戲輕奢大床房:HK$149', '電玩影視丨遊戲輕雅雙床房:HK$178', '電玩影視丨遊戲輕雅大床房:HK$178']"
渭南聖諾酒店（萬達店）,8.2,"['現代豪華大床房:HK$107', '時尚簡約雙床房:HK$107', '温馨浪漫圓床房:HK$107', '至尊商務套房:HK$187']"
渭南聖安酒店（信達廣場店）,8.2,"['特惠標準間:HK$138', '精品大床房:HK$138', '特惠大床房:HK$145', '尚品雙床房:HK$152']"
美富倫商務酒店（渭南師範學院店）,9.0,"['精選温馨大床房:HK$89', '特價温馨雙床房:HK$89', '精緻舒適雙床房:HK$100', '豪華大床房:HK$111']"
華熙客棧,9.6,"['標準間:HK$104', '温馨大床房:HK$104', '商務套房:HK$123', '舒適三人間:HK$142']"
陝化賓館,9.8,"['豪華標準間:HK$178', '套房:HK$178', '豪華大床房:HK$219', '商務套房:HK$357']"
豪庭酒店（渭南華州區店）,8.6,"['豪華時尚大床房:HK$88', '豪華雙床房:HK$96', '豪華家庭親子房:HK$120', '豪華雙床大套房:HK$290']"
渭南雅軒精品酒店,8.7,"['標準雙床房:HK$112', '清軒大床房:HK$112', '温馨親子房:HK$137', '觀景商務套房:HK$184']"
渭南橘子時尚賓館,9.6,"['馨雅大床房:HK$95', '浪漫圓床房:HK$96', '標準雙人間:HK$112', '標準三人間:HK$128']"
渭南金派賓館,8.4,"['零壓雙床房:HK$118', '商務標準房:HK$135', '豪華單人房:HK$135', '沖浪套房:HK$272']"
渭南雅林居電競賓館,8.7,"['特惠電競大床房（單電腦）:HK$84', '豪華電競雙床房（單電腦）:HK$94', '豪華電競大床房（單電腦）:HK$94', '舒適電競三人間（單電腦）:HK$105']"
渭南鮮萍果賓館,8.4,"['精品單人房:HK$60', '標準三人間:HK$60', '標準大床房:HK$72', '標準雙人間:HK$79']"
尚居酒店（渭南西潼路店）,8.5,"['優選雙床:HK$90', '雅緻雙床:HK$112', '雅緻大床:HK$112', '温馨子母間:HK$132']"
渭南異域風情賓館,8.2,"['歐式雙床房:HK$78', '歐式大床房:HK$84', '浪漫園床房:HK$98', '精選三人間:HK$106']"
渭南萬嘉賓館,9.3,"['特惠標準大床房（單電腦）:HK$62', '標準間大床房（單電腦）:HK$68', '標準間雙床房（雙電腦）:HK$70', '標準三人間（單電腦）:HK$80']"
渭南惠歐精選酒店,8.9,"['標準間:HK$109', '圓床房:HK$109', '大床房:HK$109', '豪華大床房:HK$117']"
渭南七格格賓館,9.3,"['大床房:HK$112', '雙人床:HK$131', '多人房:HK$321']"
渭南麗景公寓酒店（高新萬達店）,8.2,"['特惠大床房:HK$94', '豪華大床房（暖氣）:HK$123', '全景大床房（暖氣）:HK$167', '浪漫圓床房（暖氣）:HK$169']"
渭南誼好客棧,8.5,"['大床房（公共衞浴）:HK$54', '雙人間（公共衞浴）:HK$54', '標準間:HK$66', '三人間（公共衞浴）:HK$66']"
渭南年華快捷賓館,8.9,"['特惠房:HK$66', '大床房:HK$70', '標準間:HK$78', '豪華商務間:HK$190']"
渭南少華山福祿客棧,9.3,"['温馨大床房:HK$101', '温馨標間:HK$112', '清新榻榻米:HK$128', '娛樂麻將房:HK$150']"
渭南宏盛住宿,9.8,"['經濟雙人間:HK$37', '經濟大床房:HK$37', '舒適大床房:HK$66', '特色三人間:HK$75']"
