酒店名称,评分,房型价格列表
硇洲島海雲·設計師海景美宿,9.7,"['90度海景·浴缸輕奢大床房:HK$430', '夕陽露台海景大床房:HK$490', '夕陽·浴缸露台海景大床房:HK$524', '最美夕陽海景雙床房:HK$543']"
藝龍酒店（湛江海灣大橋店）,9.6,"['雅緻大床房（智能客控+超大落地窗）:HK$384', '不凡行政大床房（Max大床+舒適空間）:HK$417', '不凡行政雙床房（智能馬桶+超大落地窗）:HK$417', '不凡商務雙床房（商務茶台+毛巾除菌櫃）:HK$449', '不凡尊享海景大床房（全景落地窗+迷人海景）:HK$449']"
桔子酒店（湛江萬達廣場店）,9.7,"['海景大床房:HK$406', '海景高級大床房:HK$435', '海景觀景雙床房:HK$435', '海景觀景大床房:HK$463', '海景觀景豪華雙床房:HK$463']"
萬鵬酒店（湛江嶺南師範財貿學校店）,8.8,"['雅緻大床房:HK$299', '雅緻雙床房:HK$320', '觀景大床房:HK$323', '雅緻影音大床房（120寸巨幕海豚投屏）:HK$327', '觀景雙床房:HK$355']"
美豪麗致酒店（湛江金沙灣店）,9.4,"['城景陽台大床房:HK$436', '海景大床房:HK$501', '海景雙床房:HK$545', 'C位海景大床房:HK$556', '海景陽台雙床房:HK$588']"
全季酒店（湛江萬達廣場店）,9.4,"['海景大床房:HK$435', '海景高級大床房:HK$463', '海景商務大床房（有陽台）:HK$492', '海景高級雙床房（有陽台）:HK$520']"
湛江禮尚酒店（金沙灣風景區店）,9.3,"['豪華城景大床房（50寸高清手機投屏電視）:HK$328', '豪華海景雙床房（50寸高清手機投屏電視）:HK$396', '豪華城景雙床房（50寸高清手機投屏電視）:HK$430', '豪華海景大床房（50寸高清手機投屏電視）:HK$430']"
湛江金沙灣觀海長廊亞朵酒店,9.8,"['雅緻大床房（深睡床墊、枕頭+裸棉床品+投屏電視）:HK$439', '高級大床房（深睡床墊、枕頭+裸棉床品+投屏電視）:HK$475', '行政海景大床房（深睡床墊、枕頭+裸棉床品+投屏電視）:HK$528', '行政海景雙床房（深睡床墊、枕頭+裸棉床品+投屏電視）:HK$547', '尊享海景大床房（深睡床墊、枕頭+裸棉床品+投屏電視）:HK$601']"
宜尚酒店（湛江椹川大道萬達廣場店）,9.1,"['標準大床房:HK$224', '高級大床房:HK$246', '豪華雙床房:HK$261', '豪華大床房（斯林百蘭床墊+享舒適睡眠）:HK$261']"
湛江明粵公寓,9.4,"['高級大床房:HK$481', '高級雙床房:HK$481', '高級雙拼大床房:HK$481', '豪華雙拼大床房:HK$557']"
熙悦設計師民宿（湛江金沙灣觀海長廊店）,9.7,"['復古藍-法式LOFT高層海景投影大床房（看日出）:HK$368', '復古粉-法式LOFT高層海景投影大床房（高層看日出）:HK$368', '復古綠-法式LOFT高層海景投影大床房（看日出）:HK$368', '奶油綠-輕法式LOFT高層海景投影大床房（看日出）:HK$368']"
麗怡酒店（湛江赤坎老街世貿店）,9.4,"['豪華雙床房（智能客控+慕思床墊）:HK$254', '商務雙床房（智能客控+慕思床墊）:HK$302', '純凈大床房（智能客控+慕思床墊+空氣凈化器）:HK$374', '純凈雙床房（智能客控+慕思床墊+空氣凈化器）:HK$382']"
全季酒店（湛江觀海長廊店）,9.4,"['大床房:HK$374', '商務雙床房:HK$402', '高級大床房:HK$402', '商務大床房:HK$430']"
歡禧智享酒店（湛江萬達廣場金沙灣風景區店）,9.4,"['歡悦大床房-深睡眠床墊+智能馬桶+可手機投屏電視:HK$236', '歡悦雙床房-商務配套+智能客控+深睡眠床墊+辦公桌:HK$238', '歡享大床房-深睡眠床墊+辦公桌+負離子吹風機+投屏電視:HK$249', '歡享雙床房-深睡眠床墊+智能馬桶+辦公桌+手機投屏電視:HK$260']"
無界·尚居海景公寓（湛江金沙灣店）,9.9,"['墨奢丨美居海景大床房（180度海景）:HK$453', '泊奢丨美居海景大床房（180度海景）:HK$474', '雅奢丨美居海景大床房（180度海景）:HK$491', '雲奢丨美居海景大床套房（180度海景）:HK$501']"
美豪麗致酒店（湛江奧體中心軍博園店）,9.6,"['麗致智能大床房+未來感空間+夢幻窗景+祕景房+智能客控:HK$405', '麗致榻榻米大床房+雲眠地台+素心雅榻+雅韻榻+智能客控:HK$444', '麗致智能雙床房+高效空間+極客優選+雲端互聯+智能客控:HK$444', '雅緻影院大床房+星空私享+悦幕之境+獨享巨幕+智能客控:HK$475', '麗致庭院大床房+綠意棲居+閑庭逸境+悦目院景+智能客控:HK$496']"
湛江金沙灣萬達阿拉雲酒店,9.3,"['巨幕影音雙床房:HK$268', '巨幕影音大床房:HK$269', '豪華巨幕影音雙床房:HK$289', '雙拼巨幕影音大床房:HK$289', '豪華巨幕影音大床房:HK$301']"
湛江花園酒店,9.5,"['豪華雙床房:HK$713', '豪華大床房:HK$713', '至尊海景大床房:HK$821', '至尊海景雙床房:HK$821', '豪華套房:HK$1,078', 'B.Duck小黃鴨&YOYO親子主題豪華大床房:HK$1,278']"
湛江金輝煌酒店,9.4,"['優享雙床房:HK$325', '優享大床房:HK$341', '豪華雙床房:HK$369', '豪華大床房:HK$396', '親子樂園雙大床套房:HK$603']"
湛江人民大道希爾頓歡朋酒店,9.6,"['舒適大床房:HK$468', '舒適雙床房:HK$468', '高級大床房:HK$560', '高級雙床房:HK$560', '豪華大床房:HK$616', '豪華雙床房:HK$616']"
宿屋嚴選·經年海景民宿（萬達榮盛中央廣場店）,9.4,"['乘風「海上日出+智能客控+氛圍閲讀區+65寸高清電視+大窗海灣大橋全景」:HK$255', '雲升「智能客控+65寸超清電視+觀景吊椅+大窗海景房+海上日出」:HK$300', '共潮「智能客控＋侘寂風＋會員巨幕觀影+榻榻米觀景＋大窗海景房+海上日出」:HK$313', '觀瀾「氛圍壁爐+圍坐式觀景+會員巨幕觀影+高層海景房看海上日出」:HK$342']"
湛江海濱賓館,9.3,"['園景雙床房:HK$496', '園景大床房:HK$496', '特惠大床房:HK$504', '特色雙床房:HK$617', '豪華大床房:HK$713', '豪華雙床房:HK$713']"
嘉勵國際酒店（湛江鼎盛廣場店）,8.9,"['臻選大床房:HK$203', '商旅雙床房:HK$208', '都市大床房:HK$208', '城景大床房:HK$231']"
希岸·輕雅酒店（湛江海濱大道江南世家店）,9.3,"['高級大床房（智能客控+藍牙音樂）:HK$207', '豪華大床房（智能客控+藍牙音樂）:HK$222', '高級雙床房（智能客控+藍牙音樂）:HK$238', '商務大床房（智能客控+藍牙音樂）:HK$238']"
湛江銀灣國際大酒店（金沙灣店）,9.4,"['高級雙床房:HK$478', '高級大床房:HK$478', '豪華大床房:HK$533', '豪華雙床房:HK$533', '至尊湖景大床房:HK$588']"
湛江麗橙智能,9.1,"['精緻-甜睡雙床房{全屋智能+零壓床墊}:HK$194', '悦致-寧靜雙床房{全屋智能+零壓床墊+乾濕分離}:HK$208', '麗致-靜奢深睡大床房:HK$223', '雅緻-高級甜睡大床房:HK$238']"
湛江阿斯頓酒店（湛江萬達廣場店）,9.2,"['雅緻大床房（特色榻榻米＆舒適睡眠＆智能客控）:HK$314', '城景大床房（舒適空間＆尊享城景＆智能客控）:HK$355', '城景雙床房（經濟舒適＆尊享城景&智能客控）:HK$369', '尊貴大床房（更大空間＆陽台可晾衣&智能客控）:HK$410']"
湛江民大喜來登酒店,9.4,"['豪華大床房:HK$700', '豪華雙床房:HK$700', '豪華海景大床房:HK$738', '豪華海景雙床房:HK$738', '尊貴海景大床房:HK$846', '尊貴海景雙床房:HK$846']"
維斯頓酒店（湛江坡頭店）,8.9,"['特惠大床房:HK$118', '臻享豪華大床房:HK$143', '雅緻豪華大床房:HK$143', '標準豪華雙床房:HK$144']"
等妳設計師民宿（湛江金沙灣店）,9.6,"['（達利）影音投影大床房:HK$260', '（莫蘭迪）LOFT高層投影城景套房（高層陽台）:HK$287', '（庫耶爾）LOFT高層投影城景套房（高層陽台）:HK$287', '（畢沙羅）LOFT高層投影城景套房（高層陽台）:HK$287']"
湛江經開戴斯精選温德姆酒店,8.9,"['優享雙床房:HK$318', '優享大床房:HK$318', '高級智能大床房:HK$393', '豪華智能大床房:HK$425', '豪華智能雙床房:HK$425']"
湛江華和國際酒店,9.4,"['豪華雙床房:HK$459', '園景豪華大床房:HK$459', '園景行政大床房:HK$524', '行政雙床房:HK$524', '夢百合豪華大床房:HK$607', '夢百合豪華雙床房:HK$607']"
柏爵·設計師輕居（湛江金沙灣沙灘風景區店）,9.4,"['海豹—奢華影音投屏海景大床房（高層海景+看日出）:HK$356', '白鯨—奢華100寸投影海景大床房（高層海景+看日出）:HK$364', '白熊—奢華100寸投影海景大床房（高層海景+看日出）:HK$364', '琴螺-奢華影音投屏海景大床房（海景陽台+看日出）:HK$370']"
格林豪泰智選酒店（湛江東海島店）,9.3,"['精選大床房:HK$156', '高級大床房:HK$166', '高級雙床房:HK$168', '豪華雙床房:HK$208']"
湛江人民大道鼎盛廣場亞朵酒店,9.6,"['高級大床房（慢回彈護頸枕+裸棉床品+投屏電視）:HK$439', '高級雙床房（慢回彈護頸枕+裸棉床品+投屏電視）:HK$457', '行政大床房（裸棉床品+貴妃榻+投屏電視）:HK$466', '行政城景大床房（裸棉床品+榻榻米+投屏電視）:HK$510', '行政城景雙床房（裸棉床品+榻榻米+投屏電視）:HK$537']"
金輝煌銀利酒店（湛江鼎盛廣場店）,9.3,"['優享雙床房:HK$217', '優享大床房:HK$229', '商務雙床房:HK$265', '商務大床房:HK$284', '清雅雙床房:HK$284']"
湛江華都滙麗呈酒店,9.4,"['豪華大床房:HK$525', '豪華雙床房:HK$525', '豪華湖景大床房:HK$555', '豪華湖景雙床房:HK$555', '行政大床房:HK$565', '行政雙床房:HK$565']"
美豪麗致酒店（湛江鼎盛廣場民大環宇新天地店）,9.4,"['麗致優雅大床房（奧馬冰箱+65寸小米超大投屏電視）:HK$325', '麗致優雅雙床房（奧馬冰箱+65寸小米超大投屏電視）:HK$347', '麗致豪華大床房（奧馬冰箱+65寸小米超大投屏電視）:HK$369', '麗致豪華雙床房（奧馬冰箱+65寸小米超大投屏電視）:HK$380', '麗致行政大床套房（奧馬冰箱+65寸小米超大投屏電視）:HK$424']"
湛江嘉瑞禾酒店,9.5,"['商務精品房:HK$347', '商務大床房:HK$371', '商務雙人房:HK$371', '豪華大床房:HK$411', '豪華雙床房:HK$411']"
湛江八方君悦酒店（金沙灣鷹展假日廣場店）,8.9,"['優選大床房:HK$192', '優選雙床房:HK$198', '尊選大床房:HK$212', '尊選雙床房:HK$219']"
阿拉雲酒店（湛江赤坎老街金沙灣風景區店）,9.3,"['雅緻大床房:HK$229', '豪華大床房:HK$262', '雅緻影音大床房:HK$295', '豪華雙床房:HK$301']"
觀海·設計師公寓（金沙灣風景區店）,9.3,"['海間- 城景陽台大床房（俯瞰城市景觀+陽台）:HK$263', '海汐- C位海景大床房（看海上日出+180度海景+落地窗）:HK$278', '海晏- C位海景大床房（看海上日出+180度海景+落地窗）:HK$299', '海浪- C位海景大床房（看海上日出+180度海景+落地窗）:HK$299']"
柏爵·設計師輕居（湛江萬達廣場招商花園城店）,9.0,"['海馬-100寸投影海景大床房（迷你冰箱+海景陽台+看日出）:HK$326', '海螺-100寸投影海景大床房（迷你冰箱+海景陽台+看日出）:HK$326', '海豹-100寸投影海景大床房（迷你冰箱+海景陽台+看日出）:HK$326', '珍珠-100寸投影海景大床房（迷你冰箱+海景陽台+看日出）:HK$326']"
鼎盛雲天酒店（湛江鼎盛廣場店）,8.8,"['精品雙床房:HK$268', '標準大床房:HK$307', '標準雙床房:HK$307', '豪華大床房:HK$371', '豪華雙床房:HK$371']"
漢庭酒店（湛江赤坎店）,9.4,"['高級大床房:HK$264', '商務大床房:HK$283', '雙床房:HK$299', '套房:HK$378']"
柏納酒店（湛江金沙灣店）,9.1,"['豪華大床房（熱賣首推）:HK$248', '影院大床房（高清觀影）:HK$248', '豪華雙人家庭優選房:HK$258', '一線海景大床房（迷人海景）:HK$262']"
寧可民宿（萬達榮盛店）,9.5,"['小村之戀（海景投屏大床房）:HK$268', '北國之春（海景投屏大床房）:HK$268', '望春風（海景投屏大床房）:HK$303', '微風細雨（海景投屏大床房）:HK$303']"
柏曼酒店（湛江鼎盛廣場海濱公園店）,9.5,"['舒適大床房（安靜舒適+高質量睡眠）:HK$242', '標準雙床房（光線明亮+通風舒適+安靜）:HK$260', '標準大床房（光線明亮+通風舒適+安靜）:HK$260', '高級大床房（（光線明亮+通風舒適+安靜）:HK$278']"
麗呈睿軒酒店（湛江海濱觀海長廊店）,9.2,"['標準雙床房:HK$231', '高級大床房:HK$252', '高級雙床房:HK$252', '商務大床房:HK$294']"
樂芙·假日酒店（湛江萬達廣場店）,9.2,"['特惠大床房（高清投影可手機投屏+愛奇藝VIP影視+深睡眠床墊）:HK$190', '樂芙悦享大床房（榻榻米坐墊+可手機投屏+愛奇藝影視）:HK$210', '樂芙舒享大床房（100寸投影+小度智控+愛奇藝VIP）:HK$218', '樂芙優享大床房（城景陽台+智能聲控+愛奇藝VIP）:HK$218']"
