酒店名称,评分,房型价格列表
漢中興漢文化精品客棧,9.5,"['標準大床房:HK$444', '標準雙床房:HK$444', '景觀雙床房:HK$490', '豪華大床房:HK$536', '豪華雙床房:HK$536']"
桔子酒店（漢中中心廣場國貿店）,9.8,"['月若流金雙床房（智能客控+冷藏櫃+投屏電視）:HK$268', '加州陽光大床房（智能客控+冷藏櫃+投屏電視）:HK$278', '加州陽光高級大床房（智能客控+冷藏櫃+投屏電視）:HK$308', '月若流金高級雙床房（智能客控+冷藏櫃+投屏電視）:HK$357', '月若流金商務大床房（智能客控+冷藏櫃+投屏電視）:HK$368']"
艾斯雅居酒店（漢中高鐵站店）,9.5,"['雅緻影院大床房:HK$236', '雅緻雙床房:HK$250', '雅居雙床房:HK$278', '雅居大床房:HK$278', '雅居豪華雙床房:HK$306']"
漢中榮嘉國際酒店（漢江濕地公園店）,9.2,"['悦江-雅緻大床房:HK$350', '悦江-智能標準間（天貓精靈智能語音控制）:HK$359', '悦江-智能大床房（天貓精靈智能語音控制）:HK$383', '麗致豪華標準間:HK$400', '麗致豪華大床房:HK$432']"
漢中·靜瀾半舍酒店（天漢濕地公園店）,9.4,"['半隱·清風陽光大床房（智能客控+乾濕分離）:HK$325', '半隱·清風巨幕庭院大床房（百寸影音觀影+獨立庭院露台）:HK$357', '雅舍·親水園景大床房（臨水而居+全景落地窗+舒達床墊）:HK$389', '雅舍·輕奢園景特大床房（臨水園景+舒適靜謐+落地窗）:HK$421', '半隱·中式意境大床房（極簡徽派風+尊享空間+全屋智能）:HK$445']"
漢中天漢景逸酒店,9.6,"['高級大床房:HK$620', '庭院雙床房:HK$620', '豪華園景大床房:HK$703', '豪華庭院雙床房:HK$703', '庭院尊享大床房:HK$1,121', '豪華園景套房:HK$1,799']"
漢中郵政大酒店,9.5,"['行政雙床房:HK$286', '行政大床房:HK$290', '豪華雙床房:HK$301', '豪華大床房:HK$335', '行政商務套:HK$505']"
翔龍茶文化酒店（漢中高鐵站萬邦旗艦店）,9.7,"['茶韻丨雙床房:HK$223', '茶韻丨大床房:HK$289', '茶雅丨零壓高級大床房-空氣凈化器+直飲水+茶梗香薰爐:HK$289', '茶雅丨城景高級雙床房-空氣凈化器+直飲水+茶梗香薰爐:HK$296', '茶緣丨城景高級三人房-舒適温馨+直飲水+茶梗香薰爐:HK$429']"
漢中壹境·泊居江灣花園酒店（天漢濕地公園店）,9.5,"['靜謐.園景大床房:HK$255', '寫意·園景大床房丨賞花養眼+躺平治癒>:HK$271', '舒適·園景雙床房:HK$286', '輕奢·泊江大床房 | 親近自然 + 陽光滿屋 >:HK$371', '奢享·獨立庭園江灣大床房 | 花園露台 + 懸空飄窗 >:HK$371']"
艾斯·翡雲酒店（陝西理工大學古漢台店）,9.4,"['悦享·智能零壓大床房（智能管家+夢百合零壓床墊超舒適）:HK$314', '祕悦·巨幕投影大床房（智能管家+優酷會員觀影）:HK$329', '悦享·智能零壓雙床房（智能管家+夢百合零壓床墊超舒適）:HK$347', '尊享·城景零壓大床房（智能投屏電視+夢百合零壓床墊）:HK$356', '尊享·城景零壓雙床房（智能投屏電視+夢百合零壓床墊）:HK$383']"
漢中金宏國際酒店,9.5,"['商務雙床房:HK$425', '雅緻商務房:HK$425', '豪華江景大床房:HK$490', '豪華江景雙床房:HK$490', '影音大床房:HK$490']"
漢中中心廣場高鐵站雲居酒店,9.5,"['煮雨高級大床房（精緻睡眠+停車場+充電樁+慕思乳膠床墊）:HK$359', '澹懷行政大床房（精緻睡眠+慕思乳膠床墊+停車場+充電樁）:HK$391', '澹懷行政雙床房（精緻睡眠+停車場+充電樁+慕思乳膠床墊）:HK$413', '卧松純凈大床房（高端輕享+空氣凈化器+除蟎儀+智能客控+充電樁+停車場）:HK$445', '卧松日光雙床房（榻榻米+功夫茶具+停車場+充電樁）:HK$445']"
漢中艾斯國際酒店,9.3,"['城域·標準雙床房（俯瞰城市美景|100米高空醉美城景）:HK$296', '空境·浪漫圓床房（直徑1.6M浴缸|100米高空醉美江景）:HK$375', '臨水·豪華雙床房（鳥瞰音樂噴泉|100米高空醉美江景）:HK$429', '臨水·豪華大床房（鳥瞰天漢大橋|100米高空醉美江景）:HK$473', '空境·尊享大床房（180°視野賞絕美江景|100米高空醉美江景）:HK$549']"
全季酒店（漢中國貿店）,9.7,"['高級大床房（智能客控+冷藏櫃+投屏電視）:HK$284', '高級雙床房（智能客控+冷藏櫃+投屏電視）:HK$314', '舒壓高級大床房（智能客控+記憶枕+投屏電視）:HK$345', '商務雙床房（智能客控+冷藏櫃+投屏電視）:HK$345']"
艾斯·柏月酒店（漢中高鐵站中心廣場店）,9.6,"['舒享大床房（零壓床墊+中央空調+明凈大窗）:HK$168', '悦享大床房（零壓床墊+中央空調+投屏電視+城景大窗）:HK$179', '愉享雙床房（零壓床墊+中央空調+投屏電視）:HK$190', '悦享雙床房（零壓床墊+中央空調+投屏電視+全身鏡）:HK$222']"
漢中陝飛會展中心酒店,9.5,"['豪華家庭三人間（高清投屏器+零壓力枕+小冰箱）:HK$389', '陽光家庭套房:HK$403', '商務大床房:HK$454', '豪華雙床房（獨立會客廳+零壓力枕+小冰箱）:HK$479', '豪華大床房:HK$511']"
漢中潮舍酒店,9.4,"['輕奢雙床房:HK$305', '輕奢大床房:HK$305', '新中式大床房:HK$359', '新中式雙床房:HK$359', '家庭雙床房:HK$359']"
漢中景逸之星酒店,9.2,"['雅馨雙床房:HK$301', '雅緻雙床房:HK$318', '舒適景觀大床房:HK$318', '舒雅Loft家庭房:HK$435']"
漢中田園酒店,9.5,"['豪華雙床房:HK$277', '豪華大床房:HK$314', '豪華商務雙床房:HK$450', '豪華商務大床房:HK$450', '豪華商務景觀房:HK$486']"
漢中漢藝文化酒店,9.3,"['漢雅精緻房:HK$388', '漢風雙床房:HK$443', '漢頌大床房:HK$443', '漢興行政大床房:HK$532', '漢賦行政雙床房:HK$532']"
漢中天漢朗月酒店,9.3,"['天漢靜思行政套房:HK$1,101']"
漢中盛世國際酒店,9.6,"['高級雙床房:HK$254', '高級大床房:HK$265', '影院大床房:HK$298', '行政雙床房:HK$310', '豪華影院大床房:HK$364']"
漢中火車站中心廣場桔子水晶酒店,9.7,"['大床房（智能客控+65寸可投屏電視+絲漣床墊）:HK$412', '高級大床房（智能客控+65寸可投屏電視+絲漣床墊）:HK$441', '高級雙床房（智能客控+65寸可投屏電視+絲漣床墊）:HK$472', '豪華大床房（智能客控+65寸可投屏電視+絲漣床墊）:HK$491', '豪華雙床房（智能客控+65寸可投屏電視+絲漣床墊）:HK$532']"
玖棲·雅緻酒店（漢中中心廣場高鐵站店）,9.6,"['雅緻零壓大床房:HK$190', '商務零壓大床房:HK$216', '雅緻零壓雙床房:HK$229', '商務零壓雙床房:HK$248', '高級商務雙床房:HK$281']"
花築·漢中言與言文化酒店（天漢濕地公園店）,9.3,"['隱·致大床房（隱而別緻+寧靜文雅+悦心清境）:HK$370', '不語·禪悦雙床房（秀美風光+尊享闊境+悦爾不語）:HK$442', '歸隱·素悦大床房（滿園風光+觀景卧室+盎然歸來）:HK$442', '同塵•上悦LOFT大床房（複式風情+棋牌娛樂+秀麗江色）:HK$615', '同塵·上舍LOFT大床房（複式風情+攬江入懷+窗外晚霞）:HK$615']"
古龍酒店（漢中高鐵站/萬邦店）,9.2,"['惠客雙床房:HK$193', '惠客大床房:HK$204', '舒客丨靜謐舒適雙床房「精緻睡眠+採光良好」:HK$239', '怡客丨城景高級雙床房「潔凈舒適+悦享好眠」:HK$262']"
漢中賓館（古漢台拜將壇店）,9.1,"['雅緻大床房（無窗）:HK$167', '雅緻標準間（無窗）:HK$167', '特惠大床房:HK$175', '高級大床房:HK$186']"
漢庭優佳酒店（漢中火車站南廣場店）,9.6,"['大床房:HK$189', '商務大床房:HK$198', '高級大床房:HK$199', '高級雙床房:HK$208']"
山居茶宿,9.3,"['山景雙人間:HK$347', '山景大床房:HK$358']"
維也納酒店（漢中高鐵站萬邦時代廣場店）,9.7,"['高級大床房【智能客控+55寸液晶電視+普蘭特床墊】:HK$250', '豪華大床房【智能客控+65寸液晶電視+普蘭特床墊】:HK$283', '商務大床房【智能客控+65寸液晶電視+普蘭特床墊】:HK$316', '商務雙床房【智能客控+65寸液晶電視+普蘭特床墊】:HK$316']"
漢中紅葉大酒店,9.2,"['標準雙床房:HK$258', '標準大床房:HK$258', '高級大床套房:HK$385', '家庭親子套房:HK$385', '豪華雙床套房:HK$386']"
漢中昌海酒店,9.1,"['玲瓏單人間:HK$202', '雅緻大床房:HK$239', '豪華雙床房:HK$286', '豪華大床房:HK$286', '行政零壓雙床間:HK$332']"
九昱漢水温泉度假酒店,8.7,"['豪華雙床房:HK$262', '豪華大床房:HK$262', '商務套房:HK$467', '家庭親子房:HK$467', '特色主題房:HK$751']"
麗柏酒店（漢中中心廣場高鐵站店）,9.5,"['精緻大床房:HK$212', '精緻雙床房:HK$212', '豪華大床房:HK$233', '豪華雙床房:HK$233', '尊享套房:HK$319']"
漢邦酒店（漢中中心廣場古漢台店）,9.4,"['影視雙床房（會員影視+65寸曲面電視+全屋智控）:HK$260', '高層遠眺城景大床房（小度智控+65寸電視投屏+衞生間乾濕分離+大尺寸調光化粧鏡）:HK$355', '智尚情侶房（小度智控+65寸電視投屏+雙人浴缸衞生間乾濕分離+大尺寸調光化粧鏡）:HK$355', '高層遠眺城景雙床房（小度智控+65寸電視投屏+衞生間乾濕分離+大尺寸調光化粧鏡）:HK$364']"
漢中海棠春酒店,9.2,"['雅緻雙床房:HK$369', '雅緻大床房:HK$369', '樂享景觀雙床房:HK$384', '奢享江景雙床房:HK$478', '尊享行政大床套房:HK$729']"
凱里亞德酒店（漢中高鐵站店）,9.6,"['惠享雙床房:HK$215', '惠享大床房:HK$215', '優享大床房:HK$233', '優享雙床房:HK$233', '榮享大床房:HK$274']"
全季酒店（漢中北街口店）,9.6,"['高級大床房（金可兒床墊+冰箱+65寸智能電視）:HK$358', '雙床房（金可兒床墊+冰箱+65寸智能電視）:HK$369', '舒壓高級大床房（金可兒床墊+冰箱+65寸智能電視）:HK$406', '舒壓雙床房（金可兒床墊+冰箱+65寸智能電視）:HK$415']"
維也納國際酒店（漢中天漢濕地公園天漢樓店）,9.6,"['豪華雙床房（全屋語音智能）:HK$364', '園景雙床房（全屋語音智能）:HK$442', '園景大床房（全屋語音智能）:HK$442', '影音雙床房（全屋語音智能）:HK$500']"
玖棲·壹宿酒店（漢中高鐵站中心廣場店）,9.3,"['零壓雅緻單間:HK$163', '零壓時尚大床房:HK$189', '零壓時尚雙床房:HK$196', '零壓雅緻大床房:HK$216']"
宜尚酒店（漢中濕地公園店）,9.5,"['ECHARM智能大床房（舒適空間+智能客控+雲智舒居）:HK$259', '江景大床房（ECHARM璀璨夜景+舒適床品）:HK$274', 'ECHARM智能高級雙床房（靜謐舒適+零壓床墊）:HK$274', 'ECHARM智能高級大床房（側觀江景+貴妃躺椅+採光通透）:HK$290', 'ECHARM江景影院大床房（璀璨夜景+江景影廳+舒適床墊）:HK$290']"
漢中濱江花園酒店,9.3,"['雅緻標準房:HK$239', '街景大床房:HK$267', '豪華雙床房:HK$267', '臨江標準間:HK$304', '豪華大床套房:HK$703']"
漢中四海逸家酒店（陝西理工大學店）,9.3,"['逸家·舒適大床房【乳膠零壓床墊+智能客控】:HK$248', '逸雅·甜睡雙床房【乳膠零壓床墊+智能客控】:HK$252', '逸臻.尊享豪華大床房:HK$595']"
維也納酒店（漢中中心廣場高鐵站店）,9.5,"['豪華大床房:HK$245', '高級雙床房:HK$262', '商務大床房:HK$287', '豪華雙床房:HK$304']"
漢中興周國際酒店,8.8,"['商務雙床房:HK$242', '商務大床房:HK$248', '風情主題大床房:HK$258', '行政雙床房:HK$277', '行政大床房:HK$277']"
漢中東珅國賓大酒店（古漢台店）,8.9,"['靜怡大床房:HK$157', '舒適雙床房:HK$186', '舒適大床房:HK$193', '影音大床房:HK$213', '休閑標準間:HK$278']"
漢邦酒店（漢中高鐵站中心醫院店）,9.6,"['優享雙床房（小度智控+零壓床墊+自動窗簾）:HK$326', '惠享雙床房（小度智控+零壓床墊+自動窗簾）:HK$441', '臻享豪華套房（小度智控+零壓床墊+自動窗簾）:HK$608']"
全季酒店（漢中中心廣場店）,9.4,"['商務雙床房【金可兒床墊+投屏電視+哲品茶具】:HK$246', '大床房【金可兒床墊+投屏電視+哲品茶具】:HK$255', '高級大床房【金可兒床墊+投屏電視+哲品茶具】:HK$285', '舒壓商務雙床房【金可兒床墊+乳膠枕】:HK$304']"
睿居品閣酒店（漢中高鐵站店）,9.0,"['觀景温馨大床房{中央空調+ 落地窗+舒適好眠+零壓床墊}:HK$199', '觀景影音大床房{大屏投影+落地窗+中央空調+零壓床墊}:HK$210', '觀景大床房{方形浴缸 +中央空調+落地窗+靜謐空間}:HK$226', '精緻雙床房{中央空調 +舒適好眠+零壓床墊+明亮空間}:HK$227']"
漢上·觀山別院,9.8,"['360°浪漫觀景|星空泡泡屋大床房:HK$589', '獨棟木屋+全景露台|觀山大床房:HK$861', '獨棟木屋+全景露台|豪華大床房:HK$959', '獨棟木屋+全景露台|Loft親子房:HK$1,069']"
