酒店名称,评分,房型价格列表
錦江都城酒店（漯河高鐵西站萬達廣場店）,9.6,"['時尚大床房:HK$230', '精緻雙床房:HK$241', '精緻商務房:HK$254', '風雅商務房[高層觀景落地大窗]:HK$280']"
陌園·和悦酒店（漯河會展中心店）,9.4,"['LOFT·和雅大床房（中式茶台+鵝絨被枕+全屋智能+落地大窗+手機投屏）:HK$282', 'LOFT·和致雙床房（鵝絨被枕+全屋智能+落地大窗+手機投屏）:HK$293', 'LOFT·和惠雙床房（中式茶台+鵝絨被枕+全屋智能+落地大窗+手機投屏）:HK$315', 'LOFT·和惠大床房（頭等艙沙發+鵝絨被枕+全屋智能+落地大窗+手機投屏）:HK$315']"
漯河金鳳凰大酒店,9.3,"['商務標間【辦公桌】:HK$174', '温馨家庭房【靜謐空間+一大一小雙床】:HK$174', '商務單間【辦公桌+落地窗】:HK$174', '浪漫圓床房【180°全景+夜景+湖景+全景落地窗】:HK$235', '觀景紳士房【180°全景+夜景+湖景+圓形浴缸+全景落地窗】:HK$235']"
城市便捷酒店（漯河火車站昌建君悦府店）,9.5,"['標準大床房（安靜舒適）:HK$137', '商務大床房:HK$160', '高級大床房（明亮雅緻）:HK$160', '光趣影院大床房（大屏觀影）:HK$160']"
漯河亞細亞大酒店（人民路昌建廣場店）,9.7,"['舒享大床房:HK$200', '尊享雙床房:HK$238', '尊享大床房:HK$258', '暢享影音三人間:HK$267', '小黃鴨主題雙床房1.5米床+1.2米床:HK$296']"
全季酒店（漯河市漢江路店）,9.7,"['高級大床房:HK$331', '商務大床房:HK$352', '高級雙床房:HK$371', '舒壓高級大床房:HK$412']"
萬豪酒店（漯河高鐵西站店）,9.1,"['精品商務大床房:HK$155', '豪華商務大床房:HK$169', '智能豪華商務大床房（全屋智能）:HK$183', '智能豪華觀景大床房:HK$190']"
仟那千尋酒店（漯河職業技術學院店）,9.6,"['仕居大床房（可視語音小度+手機投屏+養生枕）:HK$263', '竹溪雙床房（語音管家+採光充足+手機投屏）:HK$266', '隱士大床房（180度城市環景+親膚浴袍+茶几書桌）:HK$274', '隱士雙床房（親子雙床+洗護沐6件套 +大會客區 ）:HK$277']"
漯河谷美酒店,9.2,"['高級雙床房:HK$119', '特惠房:HK$137', '雅緻大床房:HK$146', '雅緻雙床房:HK$146']"
漯河迎賓館,9.5,"['高級大床房:HK$360', '高級雙床房:HK$360', '豪華大床房:HK$407', '豪華雙床房:HK$407', '行政大床房:HK$471', '行政雙床房:HK$471']"
維也納國際酒店（漯河高鐵西站萬達廣場店）,9.5,"['高級大床房:HK$225', '商務大床房:HK$260', '商務雙床房:HK$286', '豪華大床房:HK$347']"
漯河長申一家人酒店,9.3,"['精選大床房:HK$224', '甄選雙床房:HK$265', '甄選大床房:HK$291', '尊享大床房:HK$297', '行政大床房:HK$317']"
漯河金都大酒店,8.6,"['舒適雙床房:HK$186', '舒適大床房:HK$192', '豪華麻將套房:HK$553']"
漯河龍灣商務酒店,9.6,"['商務大床房:HK$174', '商務標準間:HK$174', '精美家庭房:HK$182', '雅緻標準間:HK$184']"
亮奇酒店（漯河市政府店）,9.5,"['簡約標準間:HK$224', '商務大床房:HK$232', '商務雙床房:HK$232', '觀影大床房:HK$232']"
金江之星酒店（漯河人民路店）,9.1,"['商務體驗大床房:HK$119', '商務特惠雙床房:HK$151', '商務房B:HK$224', '商務標準房B:HK$224']"
頤珵樂選酒店（漯河會展中心店）,9.9,"['頤悦雙床房:HK$171', '頤心大床房:HK$178', '頤心雙床房:HK$185', '頤楓商務套房:HK$371']"
漯河楚悦和錦酒店,9.2,"['商務標準間:HK$195', '商務大床房:HK$195', '商務精品雙床房:HK$195', '商務精品大床房:HK$195']"
尚客優酒店（漯河鐘樓廣場店）,9.6,"['特惠大床房:HK$132', '特惠雙床房:HK$132', '高級大床房:HK$145', '高級標準間:HK$145']"
輕雅酒店（漯河高鐵西站萬達廣場店）,9.6,"['玲瓏大床房:HK$135', '雅緻雙床房:HK$149', '雅緻大床房:HK$154', '豪華大床房:HK$177']"
維也納國際酒店（漯河會展中心店）,9.5,"['高級雙床房:HK$206', '高級大床房:HK$222', '臻禮雙床房:HK$230', '臻禮大床房:HK$246']"
古井君萊酒店（漯河會展中心店）,9.2,"['新中式商務大床房:HK$218', '新中式商務標間:HK$218', '商務套房:HK$261', '豪華套房:HK$261', '雲智能75寸電視豪華大床房:HK$261']"
漯河君亨酒店（黃河路店）,9.1,"['特惠大床房:HK$134', '精品商務大床房:HK$150', '豪華商務大床房:HK$158', '豪華影院大床房【愛奇藝VIP+洗衣機】:HK$158']"
格林豪泰智選酒店（漯河高鐵西站萬達廣場店）,9.3,"['格林景觀大床房（全景開闊視野+酒店公區提供洗衣房）:HK$181', '景觀雙床房（全景開闊視野+酒店公區提供洗衣房）:HK$202', '格林風雅大床房（全景開闊視野+酒店公區提供洗衣房）:HK$202', '格林商務景觀套房（全景開闊視野+酒店公區提供洗衣房）:HK$251']"
錦雲宿馨酒店（漯河高鐵西站萬達廣場店）,9.9,"['精緻觀景觀影大床房:HK$152', '奢享觀景觀影大床房:HK$162', '豪華商務全景大床房:HK$180', '奢享觀影陽台大床房:HK$192']"
洲逸國際酒店（漯河國際食品城交易會展中心店）,9.1,"['標準大床房:HK$132', '標準雙床房:HK$137', '輕奢雙床房:HK$140', '輕奢觀影大床房（120寸巨幕+愛奇藝會員）:HK$159']"
漯河星燦電競酒店（君悦府店）,9.3,"['Alienware精品電競大床房[3060Ti顯卡+鑽石特權+2.5G高速網絡+240hz外星人顯示器]+全屋智能:HK$212', 'Alienware智能豪華電競大床房[3060Ti顯卡+鑽石特權+2.5G高速網絡+240hz外星人顯示器]+全屋智能:HK$253', 'Alienware智能豪華電競雙床房[3060Ti顯卡+鑽石特權+2.5G高速網絡+240hz外星人顯示器]+全屋智能:HK$278', 'Alienware奢華電競雙床房[4070顯卡+鑽石特權+2.5G高速網絡+360hz外星人顯示器]+全屋智能:HK$334']"
維詩頓精品酒店（君悦府店）,8.7,"['精品大床房:HK$132', '精品商務大床房:HK$136', '豪華商務大床房:HK$150', '豪華影院大床房（愛奇藝vip+自助洗衣）:HK$157']"
頤珵智旅酒店（漯河人民路昌建廣場店）,9.5,"['頤悦特惠大床房（智能客控）:HK$198', '頤心雙床房（智能客控）:HK$205', '頤景精品大床房（智能客控）:HK$205', '輕奢巨幕影院大床房（智能客控+騰訊VIP會員）:HK$219']"
中州國際飯店（漯河鐘樓廣場店）,9.1,"['特惠雙床房:HK$165', '特惠大床房:HK$165', '豪華大床房:HK$206', '豪華雙床房:HK$206']"
漯河玖玖·晨光酒店（漯河職業技術學院店）,9.2,"['唯美大床房:HK$168', '尚美雙床房:HK$168', '電競二人間[4070顯卡]+酒店提供自助洗衣房:HK$187', '麻將房（酒店提供自助洗衣房）:HK$213']"
維也納酒店（漯河火車站店）,8.5,"['高級大床房:HK$168', '豪華大床房:HK$198', '豪華雙床房:HK$220', '豪華套房:HK$242']"
納雅·美宿酒店,9.5,"['商務大床房【公區自助洗衣房】:HK$126', '商務雙床房【公區自助洗衣房】:HK$138', '麻將大床房【酒店公區自助洗衣房】:HK$152', '豪華雙床房【公區自助洗衣房】:HK$163']"
尚客優酒店（漯河國際食品城交易會展中心店）,9.4,"['特惠房（酒店公區提供自助洗衣機+零壓床墊）:HK$122', '優享大床房（酒店公區提供自助洗衣機+零壓床墊）:HK$134', '優享雙床房（酒店公區提供自助洗衣機+零壓床墊）:HK$134', '優享格調大床房（酒店公區提供自助洗衣機+零壓床墊）:HK$141']"
OHO城隱智惠酒店（漯河會展中心店）,9.8,"['影視智能大床房（全屋智能+乳膠零壓床品+坐卧沙發+騰訊VIP）:HK$212', '拾光漫舍智能大床房（全屋智能+手機投屏+酥眠床墊+騰訊VIP）:HK$229', '城景智能雙床房（全屋智能+坐卧沙發+乳膠零壓床品+騰訊VIP）:HK$229', '芷蘭智能大床房（全屋智能+手機投屏+按摩椅+乳膠零壓床品+騰訊VIP）:HK$289']"
頤珵公寓（漯河高鐵西站店）,9.4,"['精品影院大床房:HK$149', '輕奢巨幕雅緻雙床房:HK$160', '輕奢巨幕雅緻大床房:HK$164']"
漯河悦景民宿（郾城丹尼斯店）,9.2,"['景緻大床房（大屏投影+騰訊VIP視頻會員）:HK$119', '觀景大床房（大屏投影+騰訊VIP視頻會員）:HK$141', '豪華雙床房:HK$162', '豪華大床房（大屏投影+騰訊VIP視頻會員）:HK$190']"
寶麗世家·藝術酒店（漯河高鐵西站萬達廣場店）,9.5,"['特惠雙床房（酒店公區提供自助洗衣房）:HK$131', '雅緻大床房（酒店公區提供自助洗衣房）:HK$142', '雅緻雙床房（酒店公區提供自助洗衣房）:HK$142', '仕居標準間（酒店公區提供自助洗衣房）:HK$152']"
鉑悅連鎖酒店（人民路漯河市第二高級中學店）,9.0,"['特惠雙床房:HK$90', '商務雙床房:HK$94', '商務大床房:HK$96', '商務三人間:HK$136']"
尚客優悦酒店（漯河火車站新天地店）,9.3,"['高級雙床房【零壓床墊+智能客控+智能馬桶】:HK$190', '高級影音房【高清投影+百寸幕布+智能客控+智能馬桶】:HK$207', '高級大床房【零壓床墊+智能客控+智能馬桶】:HK$232', '觀景高級大床房【零壓床墊+智能客控+辦公書桌】:HK$248']"
漯河樂家影視酒店,9.6,"['影視精品大床房（優酷VIP影視會員）:HK$136', '時尚大床房（優酷VIP影視會員）:HK$145', '影視商務大床房（優酷VIP影視會員）:HK$156', '影視商務標準間（優酷VIP影視會員）:HK$166']"
小金屋民宿（漯河昌建東外灘店）,10.0,"['復古簡約居雙人床:HK$141', '鴛鴦戲水大床房:HK$149', '河景温馨大床套房:HK$149', '電動榻榻米大床房:HK$155']"
維詩頓精品酒店（漯河昌建東外灘店）,9.2,"['精品大床房:HK$128', '精品商務大床房:HK$130', '精品影院大床房【愛奇藝VIP】:HK$138', '豪華商務大床房【愛奇藝VIP】:HK$154']"
城市便捷酒店（漯河黃河廣場店）,9.3,"['特惠大床房（酒店公區提供洗衣房）:HK$145', '標準大床房（酒店公區提供洗衣房）:HK$153', '高級大床房（酒店公區提供洗衣房）:HK$170', '高級雙床房（酒店公區提供洗衣房）:HK$174']"
維詩頓精品酒店（漯河會展中心店）,9.0,"['精品大床房:HK$130', '精品商務大床房:HK$140', '豪華影院大床房【愛奇藝VIP】:HK$151', '智能豪華商務大床【愛奇藝VIP】:HK$161']"
黎明電競酒店（漯河職業技術學院醫專店）,8.1,"['舒適電競雙床【RTX4070顯卡+全屋智能+巨幕觀影+外設】:HK$314', '電競大床房【巨幕影視房RTX4070+全屋智能+品牌外設+】:HK$325', '電競三人綜合娛樂房【RTX4070顯卡+PS4遊戲機+巨幕】:HK$423', '電競四人麻將休閑房【RTX4070顯卡+麻將機+全屋智能】:HK$456']"
雲璟酒店（漯河沙北丹尼斯會展中心店）,9.4,"['仕居大床房:HK$140', '雲雙床房（慕斯零壓床）:HK$149', '雲大床房:HK$149', '璟雙床房（慕斯零壓床）:HK$176']"
漯河建業福朋喜來登酒店,9.4,"['舒適大床房:HK$636', '舒適雙床房:HK$636', '高級大床房:HK$712', '福朋大床房:HK$854', '福朋雙床房:HK$854', '豪華套房:HK$909']"
漯河合和萬祥連鎖酒店（雙滙工業園店）,9.5,"['樂享雙床房（酒店公區洗衣機）:HK$107', '樂享大床房（酒店公區洗衣機）:HK$107', '悦享雙床房（酒店公區洗衣機）:HK$129', '悦享大床房（酒店公區洗衣機）:HK$129']"
漯河無界電競酒店（新天地店）,9.1,"['温馨電競兩人間:HK$124', '輕奢電競房雙人間:HK$133', '輕奢電競大床房:HK$143', '豪華電競雙人間[RTX3060+144hz顯示器+i7-10700FCPU]:HK$143']"
