酒店名称,评分,房型价格列表
濟寧高新創新谷希爾頓歡朋酒店,9.8,"['舒適大床房:HK$346', '舒適雙床房:HK$346', '舒適園景大床房:HK$356', '高級大床房:HK$364', '高級雙床房:HK$364']"
濟寧高新區亞朵酒店,9.8,"['雅緻雙床房:HK$320', '雅緻大床房:HK$339', '高級雙床房:HK$349', '高級大床房:HK$370', '幾木雙床房（小冰箱＋浴袍＋投屏）:HK$399']"
濟寧京杭假日飯店,9.4,"['高級雙床房:HK$369', '高級大床房:HK$392', '行政標準間:HK$402', '豪華大床房:HK$455', '豪華雙床房:HK$455', '家庭房:HK$654']"
濟寧任城區火炬路蘭歐國際酒店,9.6,"['豪華大床房【全屋智能+mini冰箱+金可兒床墊】:HK$296', '豪華雙床房【全屋智能+mini冰箱+金可兒床墊】:HK$296', '經典大床房【全屋智能+mini冰箱+金可兒床墊】:HK$308', '行政大床房【全屋智能+mini吧+金可兒床墊】:HK$340', '天使的軌跡【全屋智能+mini冰箱+金可兒床墊】:HK$345']"
水晶酒店（濟寧高新區萬象滙店）,9.6,"['精選榻榻米大床房（小冰箱+智能客控+浴缸浴袍）:HK$260', '豪華大床房（小冰箱+智能客控+浴缸浴袍）:HK$305', '豪華雙床房（小冰箱+智能客控+浴袍）:HK$314', '湖景露台大床房（小冰箱+智能客控+露台+浴缸浴袍）:HK$351', '豪華家庭房（小冰箱+智能客控+露台+浴缸浴袍）:HK$380']"
濟寧大運河希爾頓歡朋酒店,9.7,"['舒適大床房（舒達床墊+投屏電視+可移動辦公桌）:HK$320', '舒適雙床房（舒達床墊+投屏電視+可移動辦公桌）:HK$320', '高級大床房（舒達床墊+縱享好夢記憶枕）:HK$362', '高級雙床房（舒達床墊+縱享好夢記憶枕）:HK$372', '歡朋歡聚三床房（親子沙發床+舒達床墊+小童拖鞋）:HK$400']"
濟寧萬達廣場太白樓東路亞朵輕居酒店,9.8,"['舒適大床房（語音客控+智能馬桶+投屏電視+小冰箱）:HK$279', '標準雙床房（語音客控+智能馬桶+投屏電視+小冰箱）:HK$279', '標準大床房（語音客控+智能馬桶+投屏電視+小冰箱）:HK$299', '精選雙床房（語音客控+智能馬桶+投屏電視+小冰箱）:HK$309']"
濟寧永潤美侖國際酒店,9.8,"['高級大床房（投屏電視+落地窗+小冰箱）:HK$351', '高級雙床房（投屏電視+落地窗+小冰箱）:HK$351', '豪華大床房（投屏電視+鬧中取靜+小冰箱）:HK$381', '行政大床房（投屏電視+浴缸+小冰箱）:HK$421', '豪華家庭房（投屏電視+浴缸+小冰箱）:HK$452']"
美豪酒店（濟寧高新店）,9.6,"['私密影院主題大床房:HK$316', '英倫風情大床房:HK$338', '英倫風情雙床房:HK$338', '維多利亞影院雙床房:HK$347', '維多利亞影院大床房:HK$380']"
圖越縵雲堂酒店（高新區萬象滙店）,9.5,"['雲尚大床房:HK$309', '雲旅雙床房:HK$311', '雲奢大床房:HK$377', '縵雲假日大床房-温馨浴缸房:HK$433', '觀瀾•花園大床房-榻榻米意境禪意品茶:HK$480']"
濟寧太白路萬達廣場桔子水晶酒店,9.8,"['高級大床房 （絲漣床墊+浴袍+小冰箱）:HK$371', '商務雙床房（絲漣床墊+浴袍+小冰箱）:HK$371', '商務大床房 （絲漣床墊+浴袍+小冰箱）:HK$391', '豪華大床房 （絲漣床墊+浴袍+小冰箱）:HK$411', '豪華雙床房 （絲漣床墊+浴袍+小冰箱）:HK$421']"
濟寧太白路萬達廣場亞朵酒店,9.7,"['雅緻大床房（65寸投屏電視、地暖）:HK$329', '雅緻雙床房（65寸投屏電視、地暖）:HK$329', '高級大床房（65寸投屏電視、地暖）:HK$359', '高級雙床房（65寸投屏電視、地暖）:HK$359', '行政雙床房（65寸投屏電視、小冰箱、地暖）:HK$430']"
濟寧任城大道職業技術學院桔子水晶酒店,9.8,"['高級大床房-空調製冷-65寸投屏電視-浴袍-小冰箱:HK$345', '豪華雙床房-空調製冷-65寸投屏電視-浴袍-小冰箱:HK$364', '商務大床房-空調製冷-65寸投屏電視-浴袍-小冰箱:HK$373', '豪華家庭房-空調製冷-65寸投屏電視-浴袍-小冰箱:HK$411', '豪華大床房-空調製冷-65寸投屏電視-浴袍-小冰箱:HK$430']"
濟寧錫龍大廈,9.7,"['豪華大床房:HK$325', '豪華親子房:HK$358', '商務套房:HK$1,090']"
濟寧文化中心智選假日酒店,9.7,"['高級雙床房:HK$269', '特惠大床房:HK$313', '高級大床房:HK$344', '高級湖景雙床房:HK$372', '高級湖景大床房:HK$400']"
如家商旅酒店（兗州茂昌世紀銀座廣場店）,9.6,"['商務大床房（全屋智能客控）:HK$196', '雙床房（全屋智能客控）:HK$204', '高級大床房（全屋智能客控+乾濕分離）:HK$221', '高級雙床房（全屋智能客控+乾濕分離）:HK$239']"
濟寧富力萬達嘉華酒店,9.4,"['豪華雙床房（繁華街景+全景落地窗+斯林百蘭床墊）:HK$689', '豪華大床房（繁華街景+全景落地窗+斯林百蘭床墊）:HK$689', '高級豪華雙床房（繁華街景+全景落地窗+斯林百蘭床墊）:HK$737', '高級豪華大床房（繁華街景+全景落地窗+斯林百蘭床墊）:HK$737', '海底小縱隊親子大床房:HK$892', '海底小縱隊親子雙床房:HK$892']"
如家商旅酒店（濟寧太白樓醫學院附屬醫院店）,9.7,"['大床房[投屏電視+明窗]:HK$179', '雙床房[投屏電視+明窗]:HK$186', '商務大床房[投屏電視+明窗]:HK$186', '高級雙床房[投屏電視+明窗]:HK$194']"
如家商旅酒店（濟寧附屬醫院東門店）,9.6,"['商務大床房（中央空調）:HK$183', '雙床房（中央空調）:HK$209', '高級大床房（智能客控）:HK$218', '高級雙床房（智能客控）:HK$236']"
全季酒店（濟寧高新區海川路店）,9.7,"['高級大床房:HK$395', '舒壓-高級大床房:HK$395', '商務雙床房:HK$395', '商務大床房:HK$413']"
太白酒樓精品花園酒店（濟寧汽車北站職業技術學院店）,9.9,"['Ai特享大床房（智能語控+手機投屏+明窗）:HK$179', 'Ai悦享大床房（智能語控+手機投屏）:HK$218', 'Ai特惠雙床房（智能語控+手機投屏+明窗）:HK$218', 'Ai悦享雙床房（智能語控+手機投屏）:HK$221']"
濟寧香港大廈,9.5,"['行政標準間:HK$314', '行政商務間:HK$314', '精品商務房:HK$434', '精品標準間:HK$434']"
濟寧銀座佳悦精選酒店（南池公園火車站店）,9.3,"['高級雙床房:HK$206', '豪華雙床房:HK$242', '荷里活拼床大床房:HK$250', '豪華大床房:HK$261', '行政零壓大床房:HK$285']"
濟寧建設路領秀城市廣場亞朵酒店,9.7,"['高級大床房（一次性安心杯+投屏電視）:HK$276', '高級雙床房（一次性安心杯+投屏電視）:HK$286', '雅緻大床房（一次性安心杯+投屏電視）:HK$309', '行政大床房（深睡枕+投屏電視+體重稱+小冰箱）:HK$313', '幾木大床房（深睡枕+投屏電視+體重稱+小冰箱）:HK$347']"
凱賽麗楓酒店（濟寧市委黨校大廈店）,9.3,"['特惠大床房:HK$206', '特惠雙床房:HK$206', '豪華雙床房:HK$255', '豪華大床房:HK$269']"
全季酒店（濟寧太白路萬達店）,9.7,"['高級雙床房:HK$330', '高級大床房:HK$357', '舒壓高級大床房:HK$357', '商務雙床房:HK$367']"
濟寧浠爾美酒店,9.5,"['智能豪華雙床房:HK$130', '智能豪華大床房:HK$130', '智能行政雙床房:HK$151', '智能行政大床房:HK$151']"
柏曼酒店（濟寧任城洸河路店）,9.6,"['舒適大床房（城市景觀）:HK$223', '標準大床房（城市景觀）:HK$232', '商務雙床房（朝陽+城市景觀）:HK$256', '商務大床房（朝陽+城市景觀房）:HK$256']"
君臨龍城大酒店（濟寧火車站火炬南路店）,9.5,"['豪華大床房:HK$259', '豪華雙床房:HK$283', '商務雙床房:HK$293', '浪漫優享房:HK$358']"
安縵·卡爾頓影院電競酒店（濟寧萬達廣場店）,9.1,"['聽澗（投影儀▪零壓床墊）:HK$134', '覓星（投影儀▪零壓床墊）:HK$143', '白峪（投影儀▪零壓床墊）:HK$153', '韓熹（投影儀▪零壓床墊）:HK$160']"
如家商旅酒店（濟寧萬達廣場火車站店）,9.6,"['雙床房A（温馨舒適）:HK$159', '商務大床房A（温馨舒適）:HK$159', '商務大床房（寬敞明亮）:HK$174', '高級雙床房（寬敞明亮）:HK$174']"
柏曼酒店（濟寧任城區政府中德廣場店）,9.6,"['舒適大床房（俯瞰森林公園+採光視野好）:HK$175', '標準大床房（朝陽+高樓層城市景觀）:HK$182', '商務雙床房（俯瞰森林公園+高樓層夜景+乾濕分離）:HK$248', '商務大床房（城市景觀+採光視野好）:HK$248']"
白玉蘭酒店（濟寧運河城店）,9.3,"['靜逸大床房（舒適床品+深度睡眠）:HK$154', '玉舒雙床房（舒適深眠+舒適床品）:HK$166', '玉舒大床房（舒適深眠+舒適床品）:HK$166', '蘭舒大床房（舒適深眠+舒適床品）:HK$183']"
白玉蘭酒店（濟寧濟鄒路濟州上城店）,9.7,"['輕雅大床房:HK$221', '靜雅大床房:HK$268', '靜雅雙床房:HK$268', '舒雅大床房:HK$287']"
濟寧聖都國際酒店,9.4,"['高級雙床房:HK$490', '高級大床房:HK$510', '豪華景觀大床房:HK$568', '豪華景觀雙床房:HK$633', '行政大床房:HK$637', '高級套房:HK$1,356']"
濟寧杏壇世家大酒店,9.4,"['雅緻行政大床房:HK$487', '杏壇豪華套房（智能馬桶+浴缸+電視投頻）:HK$744']"
鉑爾曼酒店（濟寧萬達廣場店）,9.5,"['顧裏［投影儀+零圧床墊］:HK$129', '北梔［投影儀+零圧床墊］:HK$139', '雲嶼（投影儀+零圧床墊）:HK$144', '洛夏［投影儀+落地夜景+零圧床墊］:HK$147']"
喆啡酒店（濟寧車站西路南池公園店）,9.3,"['特惠房:HK$186', '醇享大床房:HK$206', '醇享雙床房:HK$212', '啡凡品質房（獨立空調）:HK$219']"
維也納智好酒店（兗州亨利廣場店）,9.6,"['標準大床房:HK$197', '豪華大床房:HK$215', '豪華雙床房:HK$224', '商務大床房:HK$258']"
全季酒店（濟寧兗州建設東路店）,9.6,"['高級大床房:HK$324', '高級雙床房:HK$324', '商務大床房:HK$344', '舒壓-高級大床房:HK$373']"
漢庭優佳酒店（濟寧兗州九洲新天地店）,9.6,"['大床房:HK$215', '高級大床房:HK$224', '高級特大床房:HK$233', '雙床房:HK$233']"
維也納國際酒店（濟寧任城區政務中心店）,9.6,"['高級大床房:HK$267', '高級雙床房:HK$267', '豪華大床房:HK$286', '豪華雙床房:HK$286']"
翠都國際酒店（濟寧任城區政府店）,9.2,['Loft大床房:HK$175']
你好酒店（兗州火車站興隆文化園店）,9.2,"['高級雙床房（智能投屏）:HK$179', '高級大床房（智能投屏）:HK$189', '商務大床房（智能投屏）:HK$198', '商務雙床房（智能投屏）:HK$198']"
V+電競酒店（濟寧萬達廣場店）,9.9,"['柔情大床房[3070顯卡+遊戲特權+10處理器+32G內存+2K曲面屏]:HK$214', '網紅情侶大床房[3070顯卡+遊戲特權+10處理器+32G內存+2K曲面屏]:HK$214', '豪華電競大床房[3070顯卡+遊戲特權+10處理器+32G內存+2K曲面屏]:HK$221', '高端大床房[3070顯卡+遊戲特權+10處理器+32G內存+2K曲面屏]:HK$221']"
濟寧聖地酒店,8.8,"['標準雙人間:HK$345', '標準大床房:HK$345', '行政雙人間:HK$435', '行政大床房:HK$435']"
如家華驛精選酒店（濟寧科苑路店）,9.4,"['凈馨大床房（零壓床墊+智能馬桶）:HK$171', '精選高級商務房:HK$187', '精選高級雙床房（零壓床墊+智能馬桶）:HK$204', '零壓商務大床房:HK$220']"
濟寧君泰大飯店,9.5,"['雅緻大床房:HK$217', '雅緻雙床房:HK$217', '特惠大床房:HK$217', '特惠雙床房:HK$217', '豪華大床房:HK$293']"
濟寧肆季原創民宿,9.7,"['現代奶油風大床房:HK$155', '清新原木風大床房:HK$164', '日式侘寂風大床房:HK$164', '輕奢奶油風大床房:HK$164']"
濟寧科苑酒店,9.4,['商務套房:HK$260']
