酒店名称,评分,房型价格列表
王屋山大酒店（濟源火車站信堯城市廣場店）,9.2,"['商務雙人間:HK$234', '温馨標間:HK$245', '尊享標間:HK$286', '悦享單間:HK$307', '尊享單間:HK$327']"
千與千尋酒店（濟源店）,9.0,"['女神·智能大床房（零壓乳膠床墊+夢百合零壓枕+酒店提供自助洗衣房）:HK$159', '竹溪·智能雙床房（全智能小度+酒店提供自助洗衣房）:HK$159', '竹溪·智能大床房（暖氣+酒店提供自助洗衣房）:HK$159', '隱居·智能雙床房（零壓乳膠床墊+夢百合零壓枕+酒店提供自助洗衣房）:HK$175']"
濟源世紀酒店,9.5,"['商務標準間:HK$271', '豪華雙床房:HK$307', '豪華大床房:HK$313', '三人間:HK$419', '家庭親子房:HK$439']"
你好酒店（濟源沁園路店）,9.7,"['大床房（智慧電視）:HK$177', '雙人床房（智慧電視）:HK$187', '高級大床房（智慧電視）:HK$205', '套房（智慧電視）:HK$252']"
仟那酒店（濟源火車站濟鋼店）,9.6,"['仕居景觀大床房（榻榻米）:HK$260', '仕居零壓大床房:HK$274', '竹溪零壓雙床房:HK$288', '竹溪零壓大床房:HK$303']"
靜果酒店（濟源職業技術學院店）,9.8,"['靜心雙床房【全屋智能小度+觀景大窗】:HK$294', '靜心大床房【全屋智能小度+觀景大窗】:HK$302', '靜觀雙床房【全屋智能小度+觀景大窗】:HK$311', '靜觀大床房【全屋智能小度+觀景大窗】:HK$324']"
維也納智好酒店（濟源湯帝路店）,9.8,"['高級大床房（全屋智能）:HK$269', '影音大床房（全屋智能）:HK$289', '豪華雙床房（全屋智能）:HK$310', '豪華大床房（全屋智能）:HK$310']"
濟源東方建國飯店,9.5,"['豪華雙床房:HK$351', '豪華大床房:HK$402', '行政雙床房:HK$447', '行政大床房:HK$490', '豪華親子大床房:HK$634', '家庭房:HK$634']"
城市便捷酒店（濟源濟水大街濟鋼店）,9.8,"['零壓雙床房（舒適床品+零壓助眠）:HK$163', '零壓大床房（舒適床品+零壓助眠）:HK$178', '豪華雙床房（舒適床品+悠享辦公）:HK$207', '高級大床房（舒適床品+悠享辦公）:HK$215']"
王屋山小十方酒店,9.0,"['大床房:HK$393', '標準間:HK$419', '露台雙床房:HK$445', '露台大床房:HK$470', '庭院雙床房:HK$505']"
濟源旅途有風酒店（八仙街店）,9.6,"['智能景觀雙床房:HK$185', '特惠大床房:HK$187', '時尚輕奢大床房:HK$187', '觀影超級大床房:HK$187']"
濟源小浪底中州國際飯店,9.3,"['高級單人房:HK$413', '商務單人間:HK$579', '商務標準間:HK$579', '行政大床房:HK$944', '豪華套房:HK$1,098']"
濟源宏安大酒店,9.1,"['商務大床房:HK$356', '商務標準房:HK$356', '行政大床房:HK$466', '行政雙床房:HK$466', '商務套房:HK$1,012']"
如家酒店·neo（濟源濟水大街店）,9.7,"['大床房（智能客控+零壓床墊+零壓枕頭）:HK$154', '雙床房（智能客控+零壓床墊+零壓枕頭）:HK$178', '套房（智能客控+零壓床墊+零壓枕頭）:HK$243']"
歸隱･園裡酒店（清趣園店）,9.2,"['隱居智能大床房【全屋富魄力零壓乳膠床墊+零壓枕】:HK$180', '園景陽光大床房（天然氧吧+全屋智能客控）:HK$180', '園景陽光雙床房【全屋智能客控+智能馬桶】:HK$182', '園裡智能雙床房【天然氧吧+全屋智能客控】:HK$204']"
塞納河畔智慧酒店（濟源職業技術學院店）,10.0,"['星光單人電競大床房[3060Ti+AOC2K180Hz+全屋智能]:HK$178', '塞納暢享雙人電競房3060TI+AOC2K180+羅技達爾優雙鼠標:HK$202', '星空雙人電競大床房（4060TI+萬兆桌面+D5 32G+2K180）:HK$214', '星耀電競雙床房（4060TI+萬兆桌面+2K 180HZ+32G內存）:HK$214']"
漢庭酒店（濟源黃河大道店）,9.6,"['大床房（智慧電視）:HK$187', '高級大床房:HK$196', '雙床房:HK$196']"
沐槿電競酒店,9.8,"['暢玩雙人間:HK$270', '電競豪華大床房:HK$293', '競技三人間:HK$432', '尊享雀神五人間:HK$546']"
艾唯·假日酒店（濟源文昌路北海小區店）,8.9,"['迷你大床房:HK$238', '商務大床房:HK$249', '精品大床房:HK$260', '商務雙床房:HK$260']"
濟源市艾特優酒店（職業技術學院店）,9.5,"['優美-特惠大床房:HK$126', '優夢-夢享豪華大床房:HK$137', '優珍-豪華大床房（智能馬桶）:HK$141', '優享-影視精緻大床房:HK$147']"
濟源老兵工酒店,9.7,"['大床房:HK$322', '雙床房:HK$323', '筵席房:HK$332', '商務大床房:HK$431', '商務雙床房:HK$431']"
王屋山西溪嶺悠享鄉村,9.0,"['國際青年旅社大床房:HK$251', '國際青年旅社雙床房:HK$251', '露營帳篷房 獨立庭院 地暖:HK$268', '林夕山房雙床房 （地暖）:HK$443']"
仟那美宿酒店（濟源克井鎮人民政府店）,9.6,"['仕居雙床房（乾濕分離+實木椅子+茶台）:HK$195', '仕居大床房（開放風景+功夫茶台+乾濕分離）:HK$195', '竹溪大床房（坐卧沙發+零壓枕頭+超大空間）:HK$209', '竹溪雙床房（超大空間+液晶電視+開放風景）:HK$209']"
仟那美宿酒店（濟源市政府店）,9.3,"['仕居大床房（觀景落地窗+央視電視）:HK$179', '竹溪雙床房（觀景落地窗+投屏電視）:HK$183', '竹溪大床房（觀景落地窗+投屏電視）:HK$189', '竹溪觀影房（觀景落地窗+投影巨幕）:HK$209']"
龍苑民宿酒店（濟水大街店）,9.7,"['星空房:HK$86', '特惠大床房:HK$93', '舒適大床房:HK$102', '優選大床房:HK$102']"
喜楹智行酒店（濟源職業技術學院沁園校區店）,9.6,"['歡楹-舒適大床房智能客控:HK$118', '樂楹-影視大床房智能客控:HK$134', '美楹-影視大床智能馬桶天貓精靈:HK$142', '好楹-雙床房天貓精靈:HK$150']"
如家酒店（濟源天壇路店）,9.3,"['商務大床房A（中央空調+明窗）:HK$131', '雙床房A（中央空調+明窗）:HK$131', '商務大床房（中央空調+明窗）:HK$148', '雙床房（中央空調+明窗）:HK$148']"
格林豪泰酒店（濟源天壇路信堯廣場店）,9.2,"['雙床房（乳膠床墊&安眠記憶枕）:HK$216', '商務大床房（乳膠床墊&安眠記憶枕）:HK$218', '商務雙床房（乳膠床墊&安眠記憶枕）:HK$218', '大床房（乳膠床墊&安眠記憶枕）:HK$218']"
採石山房民宿,9.6,"['豪華標準間:HK$589', '園林觀景大床房:HK$649', '觀景套房:HK$769', '庭院套房:HK$950']"
王屋山十方青旅,9.2,"['舒適標準間:HK$381', '飄窗舒適大床:HK$458', '庭院舒適大床:HK$458', '庭院舒適雙床:HK$458']"
王屋山小有洞天·山居民宿,9.0,"['小有洞天大床房:HK$925', '山居大床房:HK$925', '小有洞天露台大床房:HK$925', '山居高級大床房:HK$1,130', '小有洞天雙床房:HK$1,130', '小有洞天獨院大床房:HK$1,438']"
濟源希曼精品酒店（職業技術學院店）,9.9,"['特惠單人房:HK$96', '精緻大床房:HK$103', '舒適雙床房:HK$106', '温馨家庭房:HK$122']"
濟源悦舍·輕奢酒店,8.5,"['輕奢大床房:HK$117', '輕奢雙床房:HK$121', '陽光大床房:HK$137', '少女ins風榻榻米房:HK$137']"
7天優品酒店（濟源天壇路信堯城市廣場店）,9.6,"['精選特優房:HK$108', '優品大床房:HK$117', '優享大床房:HK$127', '優品雙床房:HK$137']"
濟源轉角·遇見主題酒店,9.1,"['浪漫大床房:HK$94', '時尚雙床房:HK$101', '情侶主題房:HK$102', 'HelloKitty主題房:HK$108']"
濟源貝克快捷酒店,9.8,"['特惠大床房:HK$112', '輕奢大床房:HK$124', '標準雙床房:HK$126', '浪漫情侶房:HK$136']"
貝殼酒店（濟源市職業技術學院店）,9.6,"['時尚大床房:HK$114', '時尚高級大床房:HK$122', '大床房投影:HK$130', '時尚雙床房:HK$130']"
雅客酒店,9.0,"['智能觀影大床房:HK$139', '影院圓床房:HK$139']"
濟源步棲主題酒店,9.6,"['特惠大床房（乳膠床墊）:HK$85', '豪華大床房（乳膠床墊）:HK$91', '影視大床房（乳膠床墊）:HK$91', '浪漫主題房（乳膠床墊）:HK$91']"
今晨精品酒店（ 濟源大道店）,9.3,"['舒雅雙床房:HK$78', '舒雅大床房:HK$78', '舒適大床房:HK$96', '舒適雙床房:HK$96']"
濟源桐花小築·美宿,7.7,"['山漸青（舒適大床房）:HK$775', '明月引（温馨大床房）:HK$775', '村意遠（舒適套房）:HK$885', '桐心小院1號（温馨家庭房）:HK$899']"
都市易家酒店（濟源文昌路店）,9.6,"['經濟大床房（無窗）:HK$77', '雅緻大床房:HK$111', '極光TV影音大床房:HK$114', '商務大床房:HK$116']"
拾然酒店（濟源市職業技術學院店）,9.3,"['特惠智能大床房:HK$113', '智能商務標間:HK$143', '拾憶·智能觀影大床房:HK$160', '拾光·智能觀影雙床房:HK$166']"
濟源海角七號主題賓館,7.8,"['零壓舒適大床房:HK$79', '零壓輕奢大床房:HK$86', '零壓舒適雙床房:HK$102', '情侶主題房:HK$107']"
緹那美宿酒店,8.8,"['特價大床房（零壓乳膠床墊+45寸智能電視）:HK$83', '雙人輕奢標間（零壓乳膠床墊+智能電視）:HK$91', '標準大床房（零壓乳膠床墊+100寸智能投影）:HK$102', '智雅投影大床房（零壓乳膠床墊+100寸智能投影）:HK$112']"
開蔓酒店（濟源職業技術學院沁園校區店）,9.8,"['特惠大床房:HK$94', '悦享大床房:HK$107', '精選大床房:HK$118', '精選雙床房:HK$118']"
濟源聚源快捷主題酒店,8.7,"['大床房:HK$70', '標準間:HK$72', '風情圓床房:HK$74', '棋牌房:HK$80']"
濟源一嘉紅快捷酒店,8.9,"['商務大床房:HK$96', '標準雙床房:HK$96', '商務雙床房:HK$129', '智能投影大床房:HK$140']"
輕住·城市優選酒店（濟源濟水大街店）,7.9,"['特惠雙床房（無窗）:HK$99', '時尚標準房:HK$107', '豪華雙床房:HK$118', '豪華大床房:HK$118']"
濟源南湖·賓館,9.5,"['標準雙床房:HK$97', '豪華大床房:HK$97', '三人間:HK$119']"
濟源華泰時尚酒店,7.2,"['經濟大床房:HK$91', '豪華大床房:HK$100', '精品標準間:HK$110', '棋牌房:HK$111']"
