酒店名称,评分,房型价格列表
濰坊圖越S縵雲酒店（火車站泰華城店）,9.8,"['雲影大床房|智能馬桶+智能窗簾+高清投影+小冰箱:HK$338', '縵雲大床房|智能馬桶+電視投屏+舒適辦公區+休閑茶桌:HK$348', '雲旅雙床房|舒適辦公區+智能窗簾+智能馬桶+休閑茶台:HK$358', '雲尚大床房|智能馬桶+智能窗簾＋小冰箱+電視投屏:HK$407', '雲奢大床房|休閑浴缸+智能馬桶+智能窗簾+電視投屏冰箱:HK$432']"
華建大酒店,9.6,"['豪華標間（智能馬桶+Simmons床墊+恆温淋浴）:HK$388', '豪華大床（智能馬桶+Simmons床墊+恆温淋浴）:HK$406', '行政大床房（智能馬桶+Simmons床墊+恆温淋浴）:HK$425', '豪華親子房（智能馬桶+Simmons床墊+恆温淋浴）:HK$434', '豪華行政標間（智能馬桶+Simmons床墊+恆温淋浴）:HK$462', '豪華行政大床（智能馬桶+Simmons床墊+恆温淋浴）:HK$480']"
濰坊濰城希爾頓歡朋酒店,9.7,"['簡約舒適大床房:HK$372', '舒適大床房:HK$411', '舒適雙床房:HK$440', '高級大床房:HK$449', '高級雙床房:HK$507']"
濰坊世博國際酒店（濰坊北海路銀座店）,9.6,"['悦享特惠雙床房 | 乾濕分離+電動窗簾:HK$214', '悦享特惠大床房 |乾濕分離+電動窗簾:HK$215', '經濟大床房 |乾濕分離+電動窗簾:HK$295', '經濟雙床房 |乾濕分離+電動窗簾:HK$295', '豪華大床房 |小冰箱+電動窗簾+乾濕分離:HK$352']"
濰坊圖越藝術酒店（陽光100萬達廣場店）,9.8,"['榻榻米房|智能馬桶+小冰箱:HK$261', '美居商務大床房|智能馬桶+小冰箱+辦公書桌:HK$295', '精緻雙床房|智能馬桶+小冰箱+辦公吧桌:HK$295', '美居休閑大床房|智能馬桶+小冰箱:HK$295', '精緻大床房|智能馬桶+休閑沙發+舒適辦公:HK$315']"
濰坊晶舍四合院（濰坊火車站世紀泰華廣場店）,9.7,"['愈見·舒適大床房（智能小愛+乳膠床墊+高端床品）:HK$236', '綉喜·豪華甜酣大床房（智能小愛+乳膠床墊+高端床品）:HK$313', '璞宿·豪華雙床房（智能小愛+乳膠床墊+高清投屏）:HK$314', '院景·舒適大炕房（院景落地大窗+乳膠床墊+智能小愛）:HK$321']"
濰坊富華大酒店（A座）,9.7,"['精選大床房:HK$600', '精選標準房:HK$600', '豪華大床房:HK$672', '豪華標準房:HK$672', '城景特大床房:HK$672', '雅韻瑜伽房:HK$697']"
濰坊澳思汀酒店,9.4,"['標準大床房（乾濕分離+手機投屏）:HK$287', '標準雙床房（落地窗+乾濕分離）:HK$349', '商務大床房（乾濕分離+手機投屏）:HK$371', '親子大床房:HK$403', '休閑大床房（浴缸+落地窗）:HK$442']"
濰坊金茂國際大酒店,9.6,"['豪華大床房:HK$300', '豪華雙床房:HK$300', '陽光雙床房:HK$392', '0壓大床房（夢百合0壓床墊+0壓記憶枕）:HK$434', '0壓雙床房（夢百合0壓床墊+0壓記憶枕）:HK$434', '陽光大床房:HK$449']"
喬治莫蘭迪酒店（濰坊泰華城萬達廣場店）,9.6,['商務雙床房:HK$343']
諸城藍海大飯店,9.7,"['雅緻大床房（全景邊角）:HK$337', '雅緻雙床房（智能客控+金可兒床墊）:HK$337', '商務雙床房（智能客控+金可兒床墊）:HK$405', '荷里活大床房（智能客控+金可兒床墊）:HK$431', '豪華大床房（智能客控+金可兒床墊）:HK$470']"
建國璞隱酒店（青州古城景區店）,9.5,"['詠蘭居大床房:HK$345', '暗香居大床房:HK$390', '凌霜居雙床房:HK$390', '暗香居景觀大床房:HK$416', '清蓮居家庭房:HK$496']"
漫度酒店（濰坊學院谷德廣場店）,9.8,"['特惠大床房（無窗+全屋智能）:HK$228', '漫度靜享雙床房（舒適辦公區+手機投屏+無窗）:HK$241', '漫度商務大床房（多功能辦公桌+全屋智能）:HK$253', '漫度商務雙床房（投屏+全屋智能）:HK$270']"
濰坊東方大酒店（濰坊學院谷德廣場店）,9.7,"['A座標準雙床房:HK$278', '舒適標準間:HK$360', '舒適大床房｜金可兒床墊+自然堂洗護:HK$360', '商務標準間｜康夫吹風機+自然堂洗護:HK$423', '商務大床間｜金可兒床墊+康夫吹風機:HK$423']"
安丘新東方大酒店,9.8,"['優悦大床房:HK$247', '優悦雙床房:HK$247', '輕奢大床房（全棉床品+私享靜謐+乾濕分離）:HK$293', '輕奢雙床房（全棉床品+私享靜謐+乾濕分離）:HK$293', '安心舒眠雙床房（低敏床品+乳膠枕+乾濕分離）:HK$392']"
濰坊漢斯威士酒店（吾悦廣場店）,9.5,"['鳶朵雙床房I富氫水+超大落地窗+徠芬吹風機:HK$326', '鳶朵大床房I富氫水+超大落地窗+徠芬吹風機:HK$337', '影音大床房I哈曼卡頓音響+超大落地窗+l徠芬吹風機:HK$348', '尊享大床房|語音智控+徠芬吹風機+智能馬桶:HK$385', '雲棲大床房 I 浴缸+私享Coffee機+語音智能:HK$439']"
青州古城漫心酒店,9.8,"['心怡標準大床房:HK$324', '心悦高級大床房:HK$353', '心悦高級雙床房:HK$353', '心享豪華大床房:HK$381', '心享豪華家庭房:HK$439']"
偶園青舍民宿（青州古城景區店）,9.2,"['商務標間（智能馬桶＋凈化飲用水+乳膠床墊）:HK$319', '二室一廳家庭套房（智能馬桶＋凈化飲用水+乳膠床墊）:HK$637']"
濰坊金馬路亞朵酒店（市政府店）,9.6,"['雅緻雙床房（安心杯）:HK$339', '雅緻大床房（安心杯）:HK$339', '高級大床房（安心杯）:HK$399', '高級雙床房（安心杯）:HK$399', '行政雙床房（小冰箱+浴袍）:HK$430']"
喬治莫蘭迪酒店（濰坊寒亭高鐵北站店）,9.6,"['温馨大床房:HK$243', '商務大床房:HK$253', '商務雙床房:HK$253', '精緻大床房:HK$274', '行政雙床房:HK$274']"
濰坊正和酒店（歌爾光電園店）,9.5,"['安奢大床房（全屋語音智能客控+小冰箱）:HK$328', '靜奢安眠大床房（全屋語音智能客控+小冰箱）:HK$381', '靜奢安眠雙床房（全屋語音智能客控+小冰箱）:HK$381', '尊奢大床房（全屋智能客控+小冰箱）:HK$434', '豪奢商務套房（全屋語音智能客控+戴森吹風機）:HK$709']"
華爾遜酒店（濰坊印象滙新華路店）,9.6,"['榻榻米房（智能客控+超大落地窗+寬沙發）:HK$243', '舒適大床房（智能客控+休閑雅座+體重秤）:HK$243', '尊享大床房（智能客控+休閑沙發+空氣凈化機）:HK$281', '尊享雙床房（智能客控+休閑茶台+空氣凈化機）:HK$298', '智享大床房（智能客控+小冰箱+空氣凈化機）:HK$321']"
如家精選酒店（濰坊火車站銀泉廣場店）,9.6,"['商務大床房（智能客控+落地飄窗+零壓床墊）:HK$219', '雙床房（智能客控+落地飄窗+零壓床墊）:HK$219', '高級大床房（智能客控+落地飄窗+零壓床墊）:HK$256', '高級雙床房（智能客控+落地飄窗+零壓床墊）:HK$263']"
全季酒店（濰坊東方路谷德廣場店）,9.8,"['高級大床房（語音客控+智能投屏+小冰箱）:HK$361', '高級雙床房（語音客控+智能投屏+小冰箱）:HK$371', '商務大床房（語音客控+智能投屏+小冰箱）:HK$391', '商務雙床房（語音客控+智能投屏+小冰箱）:HK$391']"
濰坊藍谷酒店（濰柴動力園店）,9.5,"['靜享雙床房（乾濕分離+動靜分離+小冰箱）:HK$304', '精品雙床房（乾濕分離+動靜分離+小冰箱）:HK$305', '精品大床房（乾濕分離+動靜分離+小冰箱）:HK$317', '尊享大床房（乾濕分離+動靜分離+小冰箱+手機投屏）:HK$337', '尊享雙床房（乾濕分離+動靜分離+小冰箱+手機投屏）:HK$337']"
濰坊亞詩貝酒店,9.7,"['泛亞舒適大床（絲漣床墊+乳膠枕+小冰箱）:HK$303', '泛亞舒適雙床房（絲漣床墊+乳膠枕+乾濕分離）:HK$312', '智慧大床房（無線充電三合一+絲漣床墊+舒適記憶枕）:HK$368', '智慧雙床房（絲漣床墊+乳膠枕+乾濕分離）:HK$370', '樂享大床房（MINI家庭特大床+絲漣床墊）:HK$372']"
濰坊北海1號麗呈酒店,9.6,"['舒適大床房:HK$267', '雅緻雙床房「 中央空調 +落地窗」:HK$267', '雅緻大床房「 中央空調 +落地窗」:HK$267', '特色榻榻米房「 智能客控+中央空調 +落地窗」:HK$277']"
濰坊富力鉑爾曼酒店,9.6,"['高級大床房（繁華街景+安睡床墊）:HK$645', '高級雙床房（繁華街景+安睡床墊）:HK$645', '豪華雙床房 （開闊河景+安睡床墊）:HK$732', '行政豪華大床房（落地窗+膠囊Coffee機+智能馬桶）:HK$914', '行政豪華雙床房（落地窗+膠囊Coffee機+智能馬桶）:HK$914', '豪華套房 （河景+空氣凈化器+膠囊Coffee機+智能馬桶）:HK$1,176']"
星程酒店（濰坊北海路店）,9.6,"['高級大床房（風信子洗沐-暖氣開放）:HK$220', '商務雙床房（風信子洗沐-暖氣開放）:HK$240', '商務大床房（風信子洗沐-暖氣開放）:HK$251', '豪華大床房（風信子洗沐-暖氣開放）:HK$290']"
濰坊青年路泰華城亞朵酒店,9.8,"['雅緻大床房（智能客控+智能馬桶+小冰箱+電視投屏）:HK$304', '雅緻雙床房（小度智能客控+智能馬桶+電視投屏+小冰箱）:HK$313', '高級大床房（智能客控+智能馬桶+電視投屏+小冰箱）:HK$339', '高級雙床房（智能客控+智能馬桶+電視投屏+小冰箱）:HK$339', '行政大床房（智能客控+電視投屏+小冰箱+浴袍+安心杯）:HK$392']"
濰坊水晶假日主題酒店（濰坊火車站泰華城店）,9.5,"['輕享榻榻米房:HK$202', '精緻大床房（酒店自助洗衣房）:HK$233', '輕享大床房（酒店自助洗衣房）:HK$241', '靜享觀影房（巨幕+暢享VIP影視會員+智能馬桶）:HK$241']"
濰坊臨朐萬達廣場亞朵酒店,9.7,"['高級大床房（小冰箱+可投屏電視）:HK$329', '高級雙床房（小冰箱+可投屏電視）:HK$339', '行政大床房（小冰箱+可投屏電視）:HK$359', '幾木雙床房（小冰箱+可投屏電視）:HK$380', '幾木大床房（小冰箱+可投屏電視）:HK$399']"
濰坊中心智選假日酒店（濰坊站泰華城店）,9.5,"['高級大床房:HK$343', '高級雙床房:HK$343', '荷里活親子房-森林旅遊+海洋探索:HK$366', '荷里活親子房-粉粉免:HK$384', '豪華大床房:HK$389']"
如家商旅酒店（濰坊北宮東街萬達廣場店）,9.4,"['商務大床房（獨立明窗）:HK$211', '雙床房（獨立明窗）:HK$211', '高級雙床房（獨立明窗）:HK$227', '高級大床房（獨立明窗）:HK$227']"
濰坊富華大酒店（B座）,9.7,"['精選大床房:HK$261', '精選標準房:HK$261', '豪華標準房:HK$338', '豪華大床房:HK$338', '商務大床房:HK$401']"
諸城華璽大酒店（恐龍公園店）,9.6,"['商務雙床房:HK$304', '高級大床房:HK$306', '高級雙床房:HK$325', '豪華雙床房:HK$329', '商務大床房:HK$330']"
濰坊H hotel輕奢酒店,9.7,"['Happy榻榻米房（小冰箱+智能客控）:HK$255', 'Hope個性大床房（小冰箱+智能客控）:HK$279', 'Habitat品質大床房（小冰箱+智能客控）:HK$279', 'House豪華雙床房（小冰箱+智能客控）:HK$289']"
全季酒店（濰坊東風東街市政府店）,9.7,"['高級大床房:HK$377', '商務大床房:HK$397', '商務雙床房:HK$397', '舒壓高級大床房:HK$463']"
全季酒店（濰坊保税區高新二路店）,9.8,"['高級大床房（小冰箱+智能馬桶+智能投屏）:HK$301', '高級雙床房（小冰箱+智能馬桶+智能投屏）:HK$301', '大床房（小冰箱+智能馬桶+智能投屏）:HK$301', '高級景觀大床房（小冰箱+智能馬桶+智能投屏）:HK$321']"
濰坊高新區管委會健康東街亞朵酒店,9.4,"['雅緻大床房（智能客控+空調製冷+手機投屏+小冰箱）:HK$359', '高級大床房（智能客控+空調製冷+手機投屏+小冰箱）:HK$389', '高級雙床間（智能客控+空調製冷+手機投屏+小冰箱）:HK$389', '行政大床房（智能客控+空調製冷+手機投屏+小冰箱）:HK$420', '行政雙床房（智能客控+空調製冷+手機投屏+小冰箱）:HK$420']"
漫度精棧酒店（泰華城濰坊站店）,9.7,"['漫度大床房（手機投屏+純棉貢緞）:HK$204', '輕奢大床房（手機投屏+純棉貢緞）:HK$226', '高級巨幕影院房-（海量視頻專享+純棉貢緞）:HK$239', '商務雙床房（冰箱+手機投屏+純棉貢緞）:HK$280']"
桔子酒店（濰坊新華路店）,9.8,"['月若流金大床房（小冰箱+甜橙洗護沐+智能馬桶）:HK$301', '加州陽光大床房（小冰箱+甜橙洗護沐+智能馬桶）:HK$321', '月若流金雙床房（小冰箱+甜橙洗護沐+智能馬桶）:HK$321', '都市雅痞大床房（小冰箱+甜橙洗護沐+智能馬桶）:HK$321']"
如家商旅酒店（青州大潤發古城旅遊景區店）,9.5,"['大床房:HK$183', '商務大床房:HK$192', '雙床房:HK$201', '高級大床房:HK$210']"
星程酒店（濰坊濰城北宮街店）,9.6,"['大床房（風信子洗沐+智能馬桶）:HK$235', '高級雙床房（風信子精油洗沐+智能馬桶）:HK$235', '高級大床房（風信子精油洗沐+智能馬桶）:HK$264', '豪華大床房（風信子精油洗沐+智能馬桶）:HK$283']"
星程酒店（濰坊坊子區政府店）,9.8,"['大床房（風信子沐浴）:HK$214', '雙床房（風信子沐浴）:HK$214', '高級雙床房（風信子沐浴）:HK$232', '高級大床房（風信子沐浴）:HK$232']"
全季酒店（濰坊泰華城店）,9.7,"['大床房:HK$317', '高級雙床房:HK$336', '高級大床房:HK$345', '舒壓-高級大床房:HK$373']"
濰坊普麗斯登酒店（市政府北海路店）,9.2,"['悦享舒適大床房（手機投屏+大落地窗）:HK$259', '悦享舒適雙床房（手機投屏+大落地窗）:HK$264', '優享景緻大床房（手機投屏+大落地窗）:HK$313', '智享豪華雙床房（手機投屏+語音智控+大落地窗）:HK$343']"
濰坊赫爾曼花園酒店（玄武東街文化路店）,9.6,"['曼心大床房:HK$238', '曼心雙床房:HK$241', '曼悦雙床房:HK$271', '曼悦大床房:HK$271', '曼居大床房:HK$281']"
濰坊國際金融大酒店（風箏廣場世紀泰華店）,9.0,"['城市景·雅緻雙床房:HK$193', '凌空景·零壓大床房｜浴缸:HK$193', '江河景·優享雙床房:HK$283', '凌空雙城景大床房:HK$307', '白浪河景觀大床房:HK$334']"
濰坊海瀾國際酒店,9.5,"['經濟雙床房丨金可兒床墊+空氣凈化器:HK$236', '特惠大床房丨金可兒床墊+空氣凈化器:HK$290', '特惠雙床房丨金可兒床墊+空氣凈化器:HK$290', '温馨雙床房丨金可兒床墊+空氣凈化器:HK$320', '温馨大床房丨金可兒床墊+空氣凈化器:HK$320']"
