酒店名称,评分,房型价格列表
濰坊圖越S縵雲酒店（火車站泰華城店）,9.8,"['雲影大床房|智能馬桶+智能窗簾+高清投影+小冰箱:HK$328', '縵雲大床房|智能馬桶+電視投屏+舒適辦公區+休閑茶桌:HK$339', '雲旅雙床房|舒適辦公區+智能窗簾+智能馬桶+休閑茶台:HK$349', '雲尚大床房|智能馬桶+智能窗簾＋小冰箱+電視投屏:HK$370', '雲奢大床房|休閑浴缸+智能馬桶+智能窗簾+電視投屏冰箱:HK$391']"
濰坊晶舍四合院（濰坊火車站世紀泰華廣場店）,9.7,"['愈見·舒適大床房（智能小愛+乳膠床墊+高端床品）:HK$254', '綉喜·豪華甜酣大床房（智能小愛+乳膠床墊+高端床品）:HK$331', '璞宿·豪華雙床房（智能小愛+乳膠床墊+高清投屏）:HK$332', '院景·舒適大炕房（院景落地大窗+乳膠床墊+智能小愛）:HK$340']"
諸城藍海大飯店,9.7,"['雅緻大床房（全景邊角）:HK$337', '雅緻雙床房（智能客控+金可兒床墊）:HK$337', '商務雙床房（智能客控+金可兒床墊）:HK$405', '荷里活大床房（智能客控+金可兒床墊）:HK$431', '豪華大床房（智能客控+金可兒床墊）:HK$471']"
濰坊富華大酒店（A座）,9.7,"['精選大床房:HK$600', '精選標準房:HK$600', '豪華大床房:HK$673', '豪華標準房:HK$673', '城景特大床房:HK$673', '雅韻瑜伽房:HK$698']"
濰坊中心逸扉酒店,9.7,"['高級大床房（私享Coffee機+智能客控+智能語音）:HK$350', '高級雙床房（私享Coffee機+智能客控+智能語音）:HK$350', '豪華雙床房（私享Coffee機+智能客控+智能語音）:HK$394', '豪華大床房（私享Coffee機+智能客控+智能語音）:HK$422', '親子大床房（私享Coffee機+智能客控+智能語音）:HK$435']"
喬治莫蘭迪酒店（濰坊泰華城萬達廣場店）,9.6,['商務雙床房:HK$353']
濰坊濰城希爾頓歡朋酒店,9.6,"['簡約舒適大床房:HK$372', '舒適大床房:HK$412', '舒適雙床房:HK$440', '高級大床房:HK$450', '高級雙床房:HK$508']"
建國璞隱酒店（青州古城景區店）,9.5,"['詠蘭居大床房:HK$346', '暗香居大床房:HK$390', '凌霜居雙床房:HK$390', '暗香居景觀大床房:HK$416', '清蓮居家庭房:HK$496']"
漫度酒店（濰坊學院人民廣場店）,9.8,"['特惠大床房（全屋智能）:HK$228', '漫度靜享雙床房（舒適辦公區+手機投屏+無窗）:HK$241', '漫度商務大床房（多功能辦公桌+全屋智能）:HK$253', '漫度商務雙床房（投屏+全屋智能）:HK$271']"
濰坊圖越S縵庭酒店（益家園店）,9.8,"['縵庭高級雙床房|舒適辦公區+65寸4K電視+小冰箱:HK$381', '嫻庭精緻大床房|小冰箱+智能馬桶+65寸4K電視:HK$392', '縵庭豪華雙床房|語音智控+65寸4K電視+小冰箱:HK$414', '縵庭高級大床房|超寬沙發+65寸4K電視+小冰箱:HK$425', '悠庭假日大床房|休閑客廳+浴缸+語音智控+小冰箱:HK$457']"
濰坊正和酒店（歌爾光電園店）,9.5,"['安奢大床房（全屋語音智能客控+小冰箱）:HK$328', '靜奢安眠大床房（全屋語音智能客控+小冰箱）:HK$381', '靜奢安眠雙床房（全屋語音智能客控+小冰箱）:HK$381', '尊奢大床房（全屋智能客控+小冰箱）:HK$435', '豪奢商務套房（全屋語音智能客控+戴森吹風機）:HK$710']"
濰坊圖越藝術酒店（陽光100萬達廣場店）,9.8,"['榻榻米房|智能馬桶+小冰箱:HK$261', '美居商務大床房|智能馬桶+小冰箱+辦公書桌:HK$295', '精緻雙床房|智能馬桶+小冰箱+辦公吧桌:HK$295', '美居休閑大床房|智能馬桶+小冰箱:HK$295', '精緻大床房|智能馬桶+休閑沙發+舒適辦公:HK$316']"
濰坊臨朐萬達廣場亞朵酒店,9.7,"['高級大床房（小冰箱+可投屏電視）:HK$304', '高級雙床房（小冰箱+可投屏電視）:HK$313', '行政大床房（小冰箱+可投屏電視）:HK$331', '幾木雙床房（小冰箱+可投屏電視）:HK$349', '幾木大床房（小冰箱+可投屏電視）:HK$367']"
濰坊世博國際酒店（濰坊北海路銀座店）,9.5,"['悦享特惠雙床房 | 乾濕分離+電動窗簾:HK$214', '悦享特惠大床房 |乾濕分離+電動窗簾:HK$215', '經濟大床房 |乾濕分離+電動窗簾:HK$295', '經濟雙床房 |乾濕分離+電動窗簾:HK$295', '豪華大床房 |小冰箱+電動窗簾+乾濕分離:HK$353']"
安丘新東方大酒店,9.8,"['優悦大床房:HK$206', '優悦雙床房:HK$206', '輕奢雙床房（全棉床品+私享靜謐+乾濕分離）:HK$212', '輕奢大床房（全棉床品+私享靜謐+乾濕分離）:HK$235', '安心舒眠雙床房（低敏床品+乳膠枕+乾濕分離）:HK$327']"
壽光藍海大飯店,9.5,"['雅緻大床房:HK$336', '豪華雙床房:HK$341', '豪華大床房:HK$369', '商務大床房:HK$420', '親子房:HK$552']"
濰坊市府廣場東方路亞朵X酒店,9.5,['幾木套房（電視投屏+小冰箱 浴袍+體重秤+沙發）:HK$421']
如家精選酒店（濰坊火車站銀泉廣場店）,9.6,"['商務大床房（智能客控+落地飄窗+零壓床墊）:HK$201', '雙床房（智能客控+落地飄窗+零壓床墊）:HK$221', '高級大床房（智能客控+落地飄窗+零壓床墊）:HK$235', '高級雙床房（智能客控+落地飄窗+零壓床墊）:HK$253']"
華爾遜酒店（濰坊印象滙新華路店）,9.6,"['榻榻米房（智能客控+超大落地窗+寬沙發）:HK$243', '舒適大床房（智能客控+休閑雅座+體重秤）:HK$243', '尊享大床房（智能客控+休閑沙發+空氣凈化機）:HK$281', '尊享雙床房（智能客控+休閑茶台+空氣凈化機）:HK$298', '智享大床房（智能客控+小冰箱+空氣凈化機）:HK$321']"
青州古城漫心酒店,9.8,"['心怡標準大床房:HK$380', '心悦高級大床房:HK$410', '心悦高級雙床房:HK$410', '心享豪華大床房:HK$478', '心享豪華家庭房:HK$497']"
全季酒店（濰坊東方路谷德廣場店）,9.7,"['高級大床房（語音客控+智能投屏+小冰箱）:HK$349', '高級雙床房（語音客控+智能投屏+小冰箱）:HK$349', '商務大床房（語音客控+智能投屏+小冰箱）:HK$369', '商務雙床房（語音客控+智能投屏+小冰箱）:HK$369']"
濰坊中心智選假日酒店（濰坊站泰華城店）,9.5,"['高級大床房:HK$284', '高級雙床房:HK$284', '豪華大床房:HK$331', '豪華雙床房:HK$331', '荷里活大床房:HK$359']"
偶園青舍民宿（青州古城景區店）,9.2,"['商務標間（智能馬桶＋凈化飲用水+乳膠床墊）:HK$319', '二室一廳家庭套房（智能馬桶＋凈化飲用水+乳膠床墊）:HK$638']"
濰坊富華大酒店（B座）,9.7,"['精選大床房:HK$261', '精選標準房:HK$261', '豪華大床房:HK$338', '商務大床房:HK$402', '童趣 小童房:HK$402']"
濰坊水晶假日主題酒店（濰坊火車站泰華城店）,9.5,"['輕享榻榻米房:HK$203', '精緻大床房（智能馬桶+高端床品）:HK$233', '精緻雙床房（酒店自助洗衣房）:HK$233', '輕享大床房（智能馬桶+高端床品）:HK$233']"
全季酒店（諸城得利斯世紀城店）,9.6,"['大床房 （智能客控）:HK$302', '高級雙床房 （智能客控）:HK$321', '高級大床房 （智能客控）:HK$330', '商務雙床房 （智能客控）:HK$358']"
全季酒店（濰坊東風東街市政府店）,9.7,"['高級大床房:HK$318', '商務雙床房:HK$338', '商務大床房:HK$368', '舒壓高級大床房:HK$417']"
青州希爾頓歡朋酒店,9.6,"['舒適大床房:HK$372', '舒適雙床房:HK$372', '高級大床房:HK$412', '高級雙床房:HK$412', '豪華大床房:HK$450']"
濰坊掬水台酒店（谷德茂購物中心益家園店）,9.4,"['特惠大床房I乾濕分離+室內直飲水+有窗+可投屏:HK$206', '特惠標準間I乾濕分離+有窗+室內直飲水+可投屏:HK$206', '商務標準間I室內凈化水+沐浴軟化水+可投屏:HK$303', '商務大床房I乾濕分離+沐浴軟化水+迷你飲水機+可投屏:HK$303']"
濰坊鳶飛大酒店,9.4,"['樂享大床房:HK$209', '樂享雙床房:HK$209', 'A座零壓逸緻大床房:HK$289', 'A座逸緻雙床房:HK$311', 'A座雅緻大床房:HK$368']"
星程酒店（濰坊坊子區政府店）,9.8,"['大床房（風信子沐浴）:HK$217', '雙床房（風信子沐浴）:HK$217', '高級雙床房（風信子沐浴）:HK$236', '高級大床房（風信子沐浴）:HK$236']"
龍電競酒店（壽光洛城全福元中心店）,9.5,"['心悦豪華大床房-高層觀夜景:HK$266', '藝心陽台大床房-大空間安心住+高層觀夜景:HK$304', '電競豪華大床房（2台電腦）:HK$325', '電競豪華雙床房（2台電腦）:HK$325', '電競輕奢大床房（3台電腦）:HK$363']"
濰坊H hotel輕奢酒店,9.6,"['Happy榻榻米房（小冰箱+智能客控）:HK$255', 'Hope個性大床房（小冰箱+智能客控）:HK$279', 'Habitat品質大床房（小冰箱+智能客控）:HK$279', 'House豪華雙床房（小冰箱+智能客控）:HK$289']"
濰坊亞詩貝酒店,9.7,"['泛亞舒適大床（絲漣床墊+乳膠枕+小冰箱）:HK$291', '泛亞舒適雙床房（絲漣床墊+乳膠枕+乾濕分離）:HK$312', '樂享大床房（MINI家庭特大床+絲漣床墊）:HK$362', '智慧大床房（無線充電三合一+絲漣床墊+舒適記憶枕）:HK$368', '智慧雙床房（絲漣床墊+乳膠枕+乾濕分離）:HK$370']"
華亞國際酒店（濰坊高鐵北站店）,9.5,"['特價雙床房:HK$184', '特價大床房:HK$184', '標準雙床房:HK$192', '標準大床房:HK$192', '商務雙床房:HK$221']"
華亞國際酒店B座,9.6,"['智能舒適大床房（智能小度+金可兒床墊）:HK$235', '智能温馨榻榻米房（智能小度+金可兒床墊）:HK$235', '智能商務雙床房（智能小度+金可兒床墊）:HK$251', '智能女士雙床房（女士專屬房間）:HK$258', '智能荷里活雙拼大床房（超大床+智能小度+金可兒床墊）:HK$258']"
濰坊澳思汀酒店,9.4,"['標準大床房（乾濕分離+手機投屏）:HK$287', '標準雙床房（落地窗+乾濕分離）:HK$349', '商務大床房（乾濕分離+手機投屏）:HK$371', '親子大床房:HK$403', '休閑大床房（浴缸+落地窗）:HK$442']"
濰坊青年路泰華城亞朵酒店,9.7,"['雅緻大床房（智能客控+智能馬桶+小冰箱+電視投屏）:HK$305', '雅緻雙床房（小度智能客控+智能馬桶+電視投屏+小冰箱）:HK$313', '高級大床房（智能客控+智能馬桶+電視投屏+小冰箱）:HK$340', '高級雙床房（智能客控+智能馬桶+電視投屏+小冰箱）:HK$340', '行政家庭雙床房（智能客控+電視投屏+小冰箱）:HK$357']"
濰坊金茂國際大酒店,9.6,"['豪華大床房:HK$300', '豪華雙床房:HK$300', '陽光雙床房:HK$392', '0壓大床房（夢百合0壓床墊+0壓記憶枕）:HK$434', '0壓雙床房（夢百合0壓床墊+0壓記憶枕）:HK$434', '陽光大床房:HK$449']"
文度hotel（濰坊火車站店）,9.5,"['文華經典大床房:HK$163', '文華品質大床房:HK$187', '歡渡尊享雙床房:HK$207', '文華尊享大床房:HK$229']"
壽光康威爾酒店,9.2,"['遠景大床房-高層觀夜景:HK$268', '陽台外景大床房-高層觀夜景+大空間安心住:HK$293', '陽台外景雙床房-高層觀夜景+大空間安心住:HK$293', '美好生活家庭房（陽台愜意時光）:HK$295', '露台景觀大床房-高層景觀+大空間安心住:HK$308']"
諸城華璽大酒店（恐龍公園店）,9.6,"['商務雙床房:HK$304', '高級大床房:HK$306', '高級雙床房:HK$326', '豪華雙床房:HK$329', '商務大床房:HK$330']"
宜悅尚合酒店（濰坊學院人民廣場店）,9.6,"['特惠雙床房（有窗+乾濕分離）:HK$207', '特惠大床房（有窗+乾濕分離）:HK$207', '宜品大床房（新風系統+舒適雙枕）:HK$267', '宜品雙床房（慕思床墊+新風系統）:HK$284']"
濰坊高新區管委會健康東街亞朵酒店,9.4,"['雅緻大床房（智能客控+空調製冷+手機投屏+小冰箱）:HK$331', '高級大床房（智能客控+空調製冷+手機投屏+小冰箱）:HK$358', '高級雙床間（智能客控+空調製冷+手機投屏+小冰箱）:HK$358', '行政大床房（智能客控+空調製冷+手機投屏+小冰箱）:HK$385', '行政雙床房（智能客控+空調製冷+手機投屏+小冰箱）:HK$385']"
濰坊富力鉑爾曼酒店,9.5,"['高級大床房（繁華街景+安睡床墊）:HK$619', '高級雙床房（繁華街景+安睡床墊）:HK$619', '豪華大床房（開闊河景+安睡床墊）:HK$707', '豪華雙床房 （開闊河景+安睡床墊）:HK$707', '行政豪華大床房（落地窗+膠囊Coffee機+智能馬桶）:HK$888', '行政豪華雙床房（落地窗+膠囊Coffee機+智能馬桶）:HK$888']"
桔子酒店（濰坊新華路店）,9.8,"['月若流金大床房（小冰箱+甜橙洗護沐+智能馬桶）:HK$302', '加州陽光大床房（小冰箱+甜橙洗護沐+智能馬桶）:HK$321', '月若流金雙床房（小冰箱+甜橙洗護沐+智能馬桶）:HK$321', '都市雅痞大床房（小冰箱+甜橙洗護沐+智能馬桶）:HK$321']"
桔子酒店（濰坊泰華城店）,9.7,"['月若流金大床房（小度智控+小冰箱+甜橙精油洗護沐）:HK$302', '月若流金雙床房:HK$321', '月若流金高級大床房（小度智控+小冰箱+甜橙精油洗護沐）:HK$330', '樂活精選大床房（小度智控+小冰箱+甜橙精油洗護沐）:HK$349']"
星程酒店（濰坊北海路店）,9.6,"['高級大床房（風信子洗沐-暖氣開放）:HK$221', '商務雙床房（風信子洗沐-暖氣開放）:HK$240', '商務大床房（風信子洗沐-暖氣開放）:HK$251', '豪華大床房（風信子洗沐-暖氣開放）:HK$290']"
漫度精棧酒店（泰華城濰坊站店）,9.6,"['漫度大床房（手機投屏+純棉貢緞）:HK$205', '輕奢大床房（手機投屏+純棉貢緞）:HK$227', '高級巨幕影院房-（海量視頻專享+純棉貢緞）:HK$239', '商務雙床房（冰箱+手機投屏+純棉貢緞）:HK$281']"
濰坊國際金融大酒店（風箏廣場世紀泰華店）,9.0,"['城市景·雅緻雙床房:HK$193', '凌空景·零壓大床房｜浴缸:HK$193', '江河景·優享雙床房:HK$283', '凌空雙城景大床房:HK$307', '白浪河景觀大床房:HK$334']"
