酒店名称,评分,房型价格列表
濱州濱城區渤海國際廣場亞朵酒店,9.7,"['星曜大床房（智能語音客控+智能馬桶蓋+手機投屏）:HK$269', '星曜雅緻大床房（智能語音客控+智能馬桶+電視投屏）:HK$287', '星曜高級雙床房（智能語音客控+智能馬桶蓋+小冰箱+手機投屏）:HK$287', '星曜高級大床房（智能語音客控+智能馬桶蓋+手機投屏）:HK$304', '星曜行政雙床房（智能語音客控+智能馬桶蓋+小冰箱+手機投屏）:HK$313']"
濱州希爾頓歡朋酒店,9.8,"['舒適雙床房:HK$307', '舒適大床房:HK$317', '高級雙床房:HK$390', '高級大床房:HK$399', '歡友房—配親子沙發床:HK$420']"
濱州濱城萬達廣場美侖酒店,9.8,"['高級雙床房（小冰箱＋65寸可投屏電視）:HK$304', '商務雙床房（小冰箱＋65寸可投屏電視）:HK$321', '高級大床房（小冰箱＋65寸可投屏電視）:HK$329', '商務大床房（小冰箱＋65寸可投屏電視）:HK$346', '豪華雙床房（小冰箱＋65寸可投屏電視）:HK$353']"
藍海鈞華大飯店（濱州白鷺湖店）,9.3,"['雅緻大床房:HK$151', '雅緻雙床房:HK$189', '商務城景雙床房:HK$262', '商務湖景雙床房:HK$286', '商務城景大床房:HK$286']"
濱州佰盛國際酒店（萬達店）,9.5,"['特價雙床房（半窗）:HK$198', '豪華大床房:HK$245', '豪華雙床房:HK$245']"
全季酒店（濱州渤海十一路醫學院店）,9.6,"['高級大床房（智能客控）:HK$236', '高級雙床房（智能客控）:HK$257', '高級特大床房（智能客控）:HK$308', '套房（智能客控）:HK$334']"
濱州中心智選假日酒店（萬達廣場店）,9.3,"['高級房 超大床（斯林百蘭床墊）:HK$288', '高級房 2張雙人床（斯林百蘭床墊）:HK$288', '高級房（斯林百蘭床墊）:HK$297', '高級房·超大床（城市景觀）（斯林百蘭床墊）:HK$326', '高級房 超大床 無障礙（斯林百蘭床墊）:HK$351']"
維也納國際酒店（濱州帝堡廣場銀座茂店）,9.6,"['標準大床房:HK$246', '標準雙床房:HK$255', '商務大床房:HK$263', '商務雙床房:HK$265']"
桔子酒店（濱州萬達廣場店）,9.7,"['月若流金高級雙床房（65寸電視投屏+智能客控+小冰箱）:HK$273', '月若流金高級大床房（65寸電視投屏+智能客控+小冰箱）:HK$281', '月若流金豪華雙床房（65寸電視投屏+智能客控+小冰箱）:HK$281', '加州陽光高級大床房（65寸電視投屏+智能客控+小冰箱）:HK$289']"
濱州大飯店,9.1,"['6號樓公寓商務一室一廳大床房:HK$188', '公寓6號樓—精緻一室一廳大床房:HK$217', '特惠大床房:HK$244', '特惠雙床房:HK$244', '公寓6號樓—海景兩室一廳雙床房:HK$245', '普通大床房:HK$263']"
濱州銀茂大酒店,9.3,"['經濟舒適房:HK$150', '商務標準間:HK$169', '商務單人間:HK$172', '夢百合零壓大床房:HK$188']"
濱州貴苑大酒店,9.1,"['特惠標準房（無窗）:HK$214', 'A座商務大床房:HK$237', 'A座商務標準間:HK$237', 'B座商務標準間:HK$302', 'B座商務大床房:HK$302']"
希岸酒店（濱州渤海國際廣場黃河五路店）,9.7,"['玲瓏大床房（智能客控）:HK$172', '希岸商務大床房（智能客控）:HK$180', '希岸豪華雙床房（智能客控）:HK$182', '希岸豪華大床房（智能客控）:HK$187']"
途客輕居酒店,10.0,"['途享雙床房（智能客控）:HK$152', '途奢雙床房（智能客控）:HK$152', '途享大床房（智能客控）:HK$157', '途奢大床房（智能客控）:HK$157']"
格林東方酒店（濱州中海國際會展中心店）,9.5,"['東方高級大床房:HK$217', '東方高級雙床房:HK$225', '豪華大床房:HK$249', '豪華雙床房:HK$249']"
濱州曙光鉑尊酒店,9.7,"['高級大床房:HK$339', '豪華大床房:HK$359', '豪華雙床房:HK$359', '商務大床房:HK$395', '商務雙床房:HK$395', '行政雙床房:HK$411']"
渤海國際酒店,9.7,"['豪華大床房（全屋智能+中央空調）:HK$220', '尊貴大床房（全屋智能+中央空調）:HK$236', '尊貴雙床房（全屋智能+中央空調）:HK$236', '行政雙床房（全屋智能+中央空調）:HK$256']"
維納斯皇家酒店（濱州黃河十二路店）,9.6,"['豪華大床房:HK$246', '豪華雙床房:HK$246', '行政大床房:HK$271', '行政雙床房:HK$271']"
濱州青藤源大飯店,8.2,"['高級標準間:HK$189', '高級大床房:HK$275', '豪華標準間:HK$303', '豪華大床房:HK$303', '行政大床房:HK$341']"
麗楓酒店（濱州黃河八路人民醫院店）,9.5,"['標準單人房（香薰儀/地暖）:HK$173', '豪華雙床房（香薰儀/地暖）:HK$180', '豪華大床房（香薰儀/地暖）:HK$187', '豪華影音大床房:HK$199']"
漢庭酒店（濱州黃河八路人民醫院店）,9.9,"['大床房:HK$163', '雙床房:HK$170', '高級大床房:HK$178', '套房:HK$219']"
濱州大學飯店,9.4,"['行政標間:HK$319', '豪華單間:HK$445', '行政套房:HK$445']"
雲枕酒店（山東航空學院店）,9.1,"['拾光岸丨特惠房（地暖）:HK$147', '景韻丨特色影音大床房:HK$147', '簡約丨舒睡大床房（地暖）:HK$156', '簡約丨舒睡雙床房（地暖）:HK$156']"
濱州佳泰飯店,8.4,"['特價大床房:HK$135', '豪華大床房:HK$190', '標準間:HK$190', '奢華大床房:HK$217']"
維也納酒店（濱州沾化潤澤廣場店）,9.6,"['豪華大床房（休閑茶室）:HK$223', '商務大床房（休閑茶室）:HK$232', '行政大床房（休閑茶室）:HK$249', '行政雙床房（休閑茶室）:HK$249']"
怡佳麗都酒店（濱州人民醫院大潤發店）,9.4,"['靜思齋·靜謐雅緻大床房（暖氣開放丨床品舒適）:HK$69', '雅韻軒·靜謐悠享雙床房（暖氣開放丨乾淨整潔）:HK$72', '尊榮府·行政商務大床房（暖氣開放）:HK$80', '文淵居·商務精英雙床房（暖氣開放丨獨立衞浴）:HK$85']"
濱州黃河謠假日酒店,9.7,"['特價套房:HK$301', '普通套房:HK$322', '家庭套房:HK$349', '商務套房:HK$386']"
簡愛民宿,9.8,"['簡愛·兩居大床房1302室:HK$175', '簡愛·兩居大床房（302室）:HK$188', '簡愛·兩居大床房603:HK$188', '簡愛·兩居大床房803室:HK$188']"
寄予酒店（濱州汽車總站廣場店）,9.0,"['特惠丨雅緻大床房【酒店公區提供自助洗衣機】:HK$81', '特惠丨雅緻雙床房【酒店公區提供自助洗衣機】:HK$83', '舒適丨陽光大床房【辦公桌椅】:HK$88', '舒適丨陽光雙床房【辦公桌椅】:HK$90']"
漢庭酒店（濱州中百大廈店）,9.7,"['大床房:HK$148', '雙床房:HK$164', '高級大床房:HK$164', '舒壓-大床房:HK$172']"
名雅酒店（渤海國際廣場店）,9.3,"['大床房（智能客控）:HK$78', '雙床房（智能客控）:HK$86', '豪華大床房（智能客控+55寸電視投屏）:HK$97', '豪華雙床房（智能客控+55寸投屏電視）:HK$105']"
漢庭酒店（濱州沾化人民廣場店）,9.7,"['大床房:HK$189', '高級大床房A:HK$189', '高級雙床房:HK$205', '高級大床房:HK$214']"
格林豪泰酒店（濱州萬達廣場黃河十路店）,8.7,"['高級大床房（全屋智能客控）:HK$146', '豪華大床房（全屋智能客控）:HK$154', '高級雙床房（全屋智能客控）:HK$164', '格林星幕大床房【巨幕投影+全屋智能客控】:HK$172']"
濱州愛慕輕奢公寓,9.5,"['慕輕朗大床房:HK$89', '慕輕雅大床房:HK$97', '慕輕韻大床房:HK$105', '慕輕享大床房:HK$113']"
VTOPBG電競酒店,7.3,"['大床房（卓威240Hz+4070Ti）:HK$282', '雙床房（卓威240Hz+4070Ti）:HK$282', '電競三人間（卓威240Hz+4070Ti）:HK$367', '電競四人間（卓威240Hz+4070Ti）:HK$473']"
濱州鼎鑫賓館,9.4,"['優選標準間（暖氣）:HK$66', '優選大床房（暖氣）:HK$71', '精選標準間（暖氣）:HK$74', '三人間（暖氣）:HK$94']"
尚客優酒店（濱州濱北店）,9.0,"['商務大床房:HK$90', '特價大床房:HK$94', '商務雙床房:HK$96', '豪華大床房:HK$104']"
濱州佳誼酒店（山東航空學院店）,9.0,"['特惠大床房:HK$86', '特惠雙床房:HK$94', '商務雙床房:HK$116', '商務大床房:HK$122']"
都市花園酒店（沾化店）,8.7,"['花園雅緻大床房:HK$153', '花園雅緻雙床房:HK$168', '花園尊享零壓雙床房:HK$185', '花園零壓尊享大床房:HK$185']"
楊梅酒店,8.4,"['智選大床房:HK$80', '特價大床房:HK$84', '智選雙床房:HK$107', '智選母子間:HK$127']"
濱州聚力賓館,10.0,"['標準特價房:HK$55', '標準大床房:HK$65', '標準雙床間:HK$74', '豪華大床房:HK$74']"
貝殼酒店（濱州沾化商場路店）,9.0,"['時尚大床房:HK$80', '時尚高級大床房:HK$98', '時尚高級雙床房:HK$107', '時尚家庭房:HK$116']"
濱州同程商務賓館,8.6,"['經濟大床房（無窗）:HK$60', '惠選雙床房:HK$68', '惠選大床房:HK$68', '精選大床房:HK$70']"
棲居•花園民宿（黃河二路店）,7.7,"['星辰大海大床房:HK$81', '心有繁花大床房:HK$81', '玫瑰之約大床房:HK$81', '心情驛站大床房:HK$81']"
濱州供銷賓館,8.8,"['普通雙人間（公共衞浴）:HK$47', '普通大床房（公共衞浴）:HK$47', '大床房:HK$68', '標準間:HK$71']"
源計劃電競酒店（濱州山東航空學院店）,6.4,"['豪華大床房情侶開黑房（3060+12400f+2K144Hz）:HK$161', '雙人開黑標準間（3060+12400f+2K144Hz）:HK$161', '三人遊戲開黑小分隊[（3060+12400f+2k144hz）:HK$204', '四人吃雞小分隊間（3060+12400f+2k144hz）:HK$266']"
輕住·君源精品酒店（山東航空學院店）,6.9,"['簡約大床房:HK$100', '優選標準間:HK$106', '優選大床房:HK$108', '情侶房:HK$111']"
濱州靜園賓館,5.7,"['普通大床房:HK$29', '普通雙人間:HK$29', '普通三人間（公共衞浴）:HK$45', '標準大床房:HK$54']"
濱州新萬里快捷酒店（渤海二十一路店）,2.9,"['大床房:HK$63', '標準大床房:HK$64']"
鄒平魏橋君瀾大飯店,9.7,"['雅緻大床房（恆温泳池+浴缸）:HK$397', '雅緻雙床房:HK$397']"
