酒店名称,评分,房型价格列表
亞棠酒店（焦作高鐵站萬達廣場店）,9.7,"['舒適觀影LOFT大床房（智能客控+百寸巨幕+深度睡眠）:HK$226', '暢享觀影LOFT雙床（智能語音客控+百寸巨幕+零壓床墊）:HK$248', '愜意觀影LOFT浴缸房（超大浴缸+百寸巨幕+潤膚床品+深度睡眠）:HK$259', '樂享觀影LOFT麻將大床房（休閑棋牌+智能語音客控+百寸巨幕+海量片源）:HK$259']"
漫鹿·雲際酒店（焦作高鐵站萬達廣場店）,9.6,"['蘭·雅緻LOFT大床套房（乳膠床墊）:HK$240', '采和·豪華LOFT大床套房（智能馬桶）:HK$262', '芙蓉·歡致LOFT雙卧套房（雙衞生間）:HK$283', '胭脂俏·樂享LOFT大床套房（智能馬桶）:HK$305']"
全季酒店（焦作市政府店）,9.7,"['大床房（智慧電視+獨立小冰箱）:HK$315', '高級大床房（智慧電視+獨立小冰箱）:HK$334', '高級雙床房（智慧電視+獨立小冰箱）:HK$353', '商務大床房（智慧電視+獨立小冰箱）:HK$363']"
美季酒店（焦作高鐵站萬達廣場店）,9.8,"['輕奢大床房【飄窗卡座+巨幕高清投影+全屋智能+辦公桌】:HK$288', '甄選商務雙床房【巨幕高清投影+辦公桌+全屋智能】:HK$312', '暢享影音大床房【高清頭投影+全屋智能+雙人卡座】:HK$342', '休閑娛樂麻將套房【巨幕高清投影+全屋智能+雙人沙發】:HK$366']"
軒成大別山酒店（焦作萬達廣場高鐵站店）,9.4,"['優享雙床房:HK$293', '尊享商務雙床房:HK$316']"
焦作財富中源睿景酒店,9.4,"['標準大床房（無窗）:HK$293', '尊享大床房:HK$337', '尊享雙床房:HK$337', '標準雙床房:HK$370', '標準大床房:HK$370']"
錦江之星酒店（焦作大學人民路店）,9.5,"['星悦標準大床房（深睡眠床墊綠植觀景內窗）:HK$207', '星選標準雙床房（深睡眠床墊綠植觀景內窗）:HK$216', '星悦高級大床房（深睡眠床墊）:HK$225', '星悦豪華大床房（深睡眠床墊）:HK$234']"
焦作迎賓館,9.5,"['臻享豪華雙床房:HK$358', '尊享豪華雙床房:HK$468', '豪華景觀大床房:HK$643', '奧特曼主題家庭房:HK$752', '小黃鴨主題家庭房:HK$861', '豪華景觀套房:HK$2,929']"
希岸酒店（焦作體育館店）,9.6,"['豪華大床房【智能投屏+零壓床墊】:HK$226', '希岸大床房【智能投屏+零壓床墊】:HK$226', '希岸雙床房【智能投屏+零壓床墊】:HK$235', '商務雙床房【智能投屏+零壓床墊】:HK$244']"
壹寶酒店（焦作高鐵站店）,9.6,"['壹寶大床房（獨立小冰箱+舒適床墊）:HK$260', '商務大床房:HK$293', '商務雙床房:HK$293', '商務零壓大床房:HK$303', '豪華巨幕大床房:HK$347']"
維多利亞酒店（焦作高鐵站解放中路店）,9.5,"['悦享舒適大床房（大屏觀影投屏）:HK$173', '雅緻精選雙床房（全景落地窗-舒適床墊）:HK$215', '逸緻精選影幕大床房（大屏觀影-舒適床墊）:HK$215', '雅緻高級零壓大床房（零壓床墊-智能客控）:HK$234']"
焦作中州逸美國際酒店,9.6,"['豪華雙床房:HK$278', '豪華大床房:HK$278', '行政雙床房:HK$291', '行政大床房:HK$291', '豪華觀景大床房:HK$291']"
世紀星酒店（焦作高鐵站建設路店）,9.7,"['精選大床房（舒適睡眠）:HK$154', '精選雙床房（舒適睡眠）:HK$163', '精品雙床房（精緻睡眠）:HK$207', '精品大床房（精緻睡眠）:HK$207']"
愛電競酒店（焦作站萬達廣場店）,9.8,"['零壓電競大床房[4060顯卡+2k 240高刷顯示器+雙鼠標]+全屋智能:HK$303', '零壓電競雙床房[4060顯卡+2k 240高刷顯示器+雙鼠標]+全屋智能:HK$323', '零壓主題大床房[5070顯卡+AMD9700X+機械臂+GPW鼠標]:HK$362', '零壓電競三人間[4060顯卡+高刷顯示器機械臂]+全屋智能:HK$421']"
漢庭酒店（焦作解放中路店）,9.7,"['大床房:HK$177', '雙床房:HK$196', '高級大床房:HK$196', '家庭房:HK$215']"
7天酒店（焦作高鐵站店）,9.5,"['新7天舒適大床房（乳膠床墊+智能馬桶）:HK$154', '新7天高級大床房（乳膠床墊+智能馬桶+獨立小冰箱）:HK$181', '新7天舒適雙床房（乳膠床墊+智能馬桶+獨立冰箱）:HK$186', '新7天舒適家庭房（乳膠床墊+智能馬桶+獨立小冰箱）:HK$213']"
華庭酒店（焦作高鐵站店）,9.4,"['優享雙床房:HK$169', '舒適雙床房（智能馬桶）:HK$173', '舒適大床房:HK$177', '尊享巨幕大床房（智能投影+智能馬桶）:HK$182']"
陌上輕居酒店（焦作高鐵站河南理工大學店）,9.6,"['風韻·大床房【全智能客控+精緻茶台品茗】:HK$274', '風韻·雙床房【全智能客控+精緻茶台品茗】:HK$274', '雅緻·大床房【全智能客控+精緻茶台品茗】:HK$302', '雅緻·雙床房（全智能客控+精緻茶台品茗）:HK$302']"
季楓商旅精品酒店（河南焦作理工大學店）,8.9,"['智能商務大床房:HK$181', '智能商務雙床房:HK$181', '智能內景大床房:HK$188', '智能零壓大床房:HK$201']"
焦作威爾頓酒店（恩州驛店）,9.6,"['優享大床房【瓶裝水+公區提供自助洗衣機】:HK$163', '優享雅居雙床房:HK$163', '樂享大床房:HK$174', '樂享雙床房:HK$186']"
幾禾輕奢酒店（焦作高鐵火車站店）,9.8,"['怡悦·輕享大床房:HK$172', '欣悦·悠享大床房:HK$195', '和悦·逸享雙床房:HK$195', '思悦·靜享榻榻米房:HK$207']"
焦作太極健康養生酒店,9.7,"['商務大床房:HK$268', '商務雙床房:HK$268', '豪華大床房:HK$309', '豪華雙床房:HK$309', '瑜伽豪華大床房:HK$320']"
瑟文酒店（焦作大學店）,9.7,"['太悦大床房-電視投屏和智能客控:HK$243', '太初雙床房-智能客控|休閑辦公區:HK$265', '太易大床房-小冰箱|零壓床墊|電視投屏:HK$276', '太素影視房-100寸超大觀影|會員VIP|智能客控:HK$311', '太始大床房-茶室辦公區|休閑按摩椅:HK$345']"
喜鵲酒店（高鐵站萬達廣場店）,9.6,"['優享大床房【小冰箱+60寸可投屏液晶電視】:HK$267', '艾美大床房【小冰箱+60寸可投屏液晶電視】:HK$285', '唯美大床房【小冰箱+凈化器+60寸可投屏液晶電視】:HK$307', '唯美雙床房【小冰箱+60寸可投屏液晶電視】:HK$307']"
非繁·精品酒店（焦作火車站高鐵站店）,9.6,"['舒適大床房:HK$142', '舒適雙床房:HK$142', '格調雙床房:HK$158', '尊享大床房:HK$167']"
漢庭酒店（焦作市政府店）,9.6,"['舒壓大床房（智慧電視）:HK$284', '舒壓高級大床房（智慧電視）:HK$293', '舒壓雙床房（智慧電視）:HK$302', '舒壓家庭房（智慧電視）:HK$312']"
星程酒店（焦作河南理工大科技園店）,9.6,"['大床房（智慧電視）:HK$233', '高級大床房（智慧電視）:HK$252', '雙床房（智慧電視）:HK$280']"
焦作希悦酒店,9.2,"['智能商務雙床房:HK$164', '智能影音大床房:HK$164', '智能觀景大床房:HK$175', '智能浴缸觀景大床房:HK$196']"
幾禾輕居（焦作高鐵站店）,9.6,"['怡悦輕享大床房:HK$140', '欣悦悠享大床房:HK$151', '和悦悠享雙床房:HK$151', '思悦靜享榻榻米:HK$173']"
仟那林棲酒店（焦作建設路火車站店）,9.6,"['仕居精緻大床房【乳膠床墊+電動窗簾+助眠香薰】:HK$208', '仕居榻榻米房【乳膠床墊+電動窗簾+助眠香薰】:HK$208', '竹溪精品大床房【大落地窗+乳膠床墊+電動窗簾+助眠香薰】:HK$261', '竹溪精品雙床房【大落地窗+乳膠床墊+電動窗簾+助眠香薰】:HK$261']"
漢庭酒店（焦作迎賓路河南理工大學店）,9.4,"['大床房A:HK$227', '舒壓大床房:HK$236', '舒壓高級大床房:HK$246', '舒壓雙床房:HK$255']"
蘭亭驛棧酒店（焦作豐收路店）,9.5,"['舒適大床房:HK$207', '優選大床房:HK$283', '優選雙床房:HK$294', '優選家庭房:HK$294']"
崑崙樂居酒店（焦作高鐵站東方紅廣場店）,9.1,"['樂居雙床房（法式風格+超寬床體+助眠床墊）:HK$173', '樂居大床房（法式風格+九孔空氣枕+助眠床墊）:HK$173', '樂享豪華雙床房（城市夜景+超寬床體+助眠床墊）:HK$189', '樂享豪華大床房（城市夜景+九孔空氣枕+助眠床墊）:HK$200']"
雲端loft公寓（焦作龍源湖店）,10.0,"['中式風情loft大床房:HK$249', '簡歐布藝loft大床房:HK$249', '小清新蝸居loft大床房:HK$249', '中式簡約休閑大床房:HK$249']"
焦作龍佰智慧花園酒店,9.7,"['智能商務大床房（全屋智能語音+小冰箱）:HK$249', '智能豪華雙床房（全屋智能語音+小冰箱）:HK$271', '智能豪華大床房（全屋智能語音+小冰箱）:HK$271', '智能豪華套房（全屋智能語音+小冰箱+浴缸）:HK$511']"
非繁·世紀酒店（焦作理工大學沁泉湖公園店）,9.4,"['影音大床房（高空觀景+90寸幕布投屏+落地窗）:HK$211', '舒適雙床房（高空觀景+落地窗+零圧床墊）:HK$219', '格調大床房（高空觀景+落地窗+零圧床墊）:HK$219', '舒適大床房（高空觀景+零圧床墊）:HK$227']"
尚客優品酒店（焦作高鐵站理工大學北校區店）,9.2,"['優品大床房:HK$163', '優品雙床房:HK$163', '優享大床房:HK$190', '優享雙床房:HK$190']"
瑟文電競酒店（焦作摩登街高鐵站店）,9.8,"['暢享電競大床房[網吧特權+3060顯卡+2.5萬兆網絡]:HK$264', '暢享電競雙床房[網吧特權+3060顯卡+洗衣服務+2.5萬兆網絡]:HK$288', '尊享電競大床房[網吧特權+3060顯卡+洗衣服務+2.5萬兆網絡]:HK$288', '尊享電競雙床房[網吧特權+3060顯卡+2.5萬兆網絡]:HK$314']"
喜鵲CC酒店（焦作十二中實驗小學店）,9.4,"['優美大床房:HK$199', '優美雙床房:HK$212', '簡美大床房【乳膠床墊】:HK$242', '簡美雙床房【迷你冰箱】:HK$268']"
中州精緻酒店（焦作高鐵火車站店）,9.0,"['惠選雙床房:HK$104', '特惠大床房:HK$111', '商務大床房:HK$136', '商務雙床房:HK$140']"
焦作四葉草主題酒店（龍源湖店）,9.0,"['私密|悦享大床房:HK$102', '湖景風-棲風美宿雙床房:HK$160', '湖景風-泊悦清歡大床房:HK$171', '湖景風|覓宿觀景雙床房:HK$183']"
KM輕奢智能酒店（焦作新亞店）,9.8,"['雲上B:HK$228', '雲夢:HK$243']"
白玉蘭商務酒店（焦作遠大未來城高鐵站店）,9.4,"['輕雅雙床房:HK$283', '輕雅大床房:HK$294', '舒雅大床房:HK$327', '舒雅雙床房:HK$327']"
印象假日酒店（焦作火車站高鐵站店）,9.6,"['舒適大床房:HK$106', '舒適標準間:HK$111', '奢華標準房（酒店提供自助洗衣房）:HK$128', '豪華影視大床房:HK$138']"
錦江之星（焦作建設路火車站店）,9.3,"['標準大床房:HK$164', '標準雙床房:HK$164', '高級大床房:HK$181', '高級雙床房:HK$181']"
蔓庭智慧酒店（河南理工大學南校區店）,8.5,"['好眠丨商務雙床房:HK$149', '智能影音丨悦享零壓大床房:HK$160', '智能影音丨臻品精選大床房:HK$174', '智能影音丨臻品精選雙床房:HK$176']"
麗楓酒店（焦作萬方橋高鐵站店）,9.7,"['雅緻大床房（慕斯床墊+香薰機+智能客控+小冰箱）:HK$218', '雅緻雙床房（慕斯床墊+香薰機+智能客控+小冰箱）:HK$218', '豪華雙床房（慕斯床墊+香薰機+智能客控+小冰箱）:HK$245', '豪華大床房（慕斯床墊+香薰機+智能客控+小冰箱）:HK$245']"
焦作杜小姐電競酒店,8.9,"['投影電競大床房5070顯卡++無線鼠標:HK$210', '電競雙人間 5070顯卡+7800X3D+無線鼠標:HK$218', '電競精緻雙人間5070顯卡+7800X3D+無線鼠標:HK$223', '杜小姐電競三人間-5070顯卡+7800X3D+無線鼠標:HK$274']"
焦作迎賓上院酒店,9.7,"['標準雙床房:HK$283', '標準大床房:HK$283', '套房:HK$421']"
焦作多福多國際酒店,9.2,"['商務標間:HK$275', '商務大床房:HK$297', '主題單間:HK$299', '豪華單間:HK$345']"
