酒店名称,评分,房型价格列表
三門峽萬達美華酒店（三門峽高鐵南站店）,9.6,"['豪華大床房（景觀落地窗+AccaKappa洗護用品+羽絨被）:HK$352', '豪華雙床房（智能投屏+斯林百蘭床墊+Acca Kappa 洗護沐）:HK$370', '高級豪華大床房（迷你小冰箱+Acca Kappa洗護用品）:HK$389', 'WanVita Cafe沉浸式大床房（私享Coffee機+迷你冰箱）:HK$408']"
三門峽天鵝城國際酒店（天鵝湖景區高鐵南站店）,9.5,"['優享景觀大床房:HK$308', '優享景觀雙床房:HK$308', '優享精緻景觀單間:HK$316', '優享精緻景觀標間:HK$316', '雲憩豪華雙床房（城市湖景一覽無餘）:HK$403', '雲憩豪華大床房（城市湖景一覽無餘）:HK$403']"
三門峽明珠賓館（市政府店）,9.3,"['經濟標準間（神寶助眠床墊+星級床品+品牌洗沐護）:HK$181', '休閑大床房（夢百合零壓床墊+安睡枕+小冰箱+棋牌休閑）:HK$186', '豪華大床房（安睡枕+小冰箱+星級床品）:HK$204', '豪華商務間（安睡枕+小冰箱+親膚浴袍+負離子吹風機）:HK$229']"
三門峽海聯國際大酒店（三門峽高鐵南站萬達廣場店）,9.2,"['尊享大床房（雲端城景+小冰箱+靜謐暢享浴缸）:HK$399', '尊享雙床房（雲端城景+小冰箱+靜謐暢享浴缸）:HK$399', '商務大床房（雲端城景+小冰箱+靜謐暢享浴缸）:HK$408', '商務雙床房（雲端城景+小冰箱+靜謐暢享浴缸）:HK$408', '豪華大床房（雲端城景+小冰箱+靜謐暢享浴缸）:HK$441']"
博豐·H酒店（三門峽高鐵南站店）,9.5,"['留白閣·精選大床房（中國畫意境）:HK$278', '素履軒·高級雙床房（極簡美學）:HK$278', '墨韻居·豪華大床房（水墨意境）:HK$307', '天工坊·觀景雙床房（巧奪天工）:HK$307']"
維也納國際酒店（三門峽南站店）,9.6,"['標準大床房（（新風系統+愉夢之床+外窗）:HK$233', '高級大床房（新風系統+愉夢之床+外窗）:HK$253', '高級雙床房（新風系統+愉夢之床+外窗）:HK$253', '豪華大床房（新風系統+愉夢之床+外窗）:HK$274']"
四季温泉酒店（三門峽陝州區店）,9.6,"['舒適雙床房（中央空調+全屋陽光）:HK$222', '舒適大床房（中央空調+全棉親膚床品）:HK$237', '靜享雙床房（獨立浴缸+負離子空氣凈化器）:HK$266', '臻品大床房（全屋智能+零壓床墊）:HK$288']"
三門峽天鵝湖國際大酒店（天鵝湖濕地公園店）,9.5,"['3號樓商務單間:HK$345', '3號樓商務標間:HK$345', '2號樓高級單間:HK$345', '2號樓高級標間:HK$345', '2號樓豪華單間【園林風景+視野開闊】:HK$452', '2號樓豪華標間【園林風景+視野開闊】:HK$452']"
桔子酒店（三門峽火車南站店）,9.7,"['觀景大床房:HK$243', '都市雅痞大床房:HK$261', '月若流金豪華大床房:HK$281', '月若流金雙床房:HK$281']"
三門峽天元國際酒店（三門峽陝州區政府店）,8.8,"['陽光大床房:HK$197', '商務精選大床房（獨立網絡+靜謐安睡）:HK$230', '陽光雙人房（落地窗户+中央空調）:HK$236', '商務精選雙床房（落地窗户+獨立網絡）:HK$282']"
澳門天子酒店（三門峽高鐵南站店）,9.7,"['特價大床房:HK$218', '精品單間:HK$261', '精品標間:HK$278', '商務標間:HK$313']"
三門峽天鵝韻國際酒店（廟底溝博物館高鐵南站店）,9.6,"['雲曦商務大床房（手機投屏+智能客控+輕奢城景）:HK$480', '雲曦商務雙床房（手機投屏+全天候酒店公區自助洗衣房）:HK$480', '雲逸豪華大床房（180°全景落地窗+智能語音操控）:HK$480', '雲逸豪華雙床房（觀景落地窗+迷你小冰箱）:HK$480', '零壓雲逸豪華大床房（智能客控+夢百合床品+落地窗）:HK$600', '親子主題雙床房（高空景觀+小童品牌用品）:HK$655']"
雲星2號地坑院民宿,9.6,"['雙炕房（窯洞）:HK$189', '大雙炕房（窯洞）:HK$244', '親子家庭三炕房（窯洞）:HK$298']"
玖熙酒店（三門峽高鐵南站店）,9.5,"['特色山洞大床房（智能投屏+心之約床墊+小冰箱）:HK$260', '高級零壓大床房（100寸投影+心之約零壓床墊）:HK$260', '騎士大床房（65寸投屏電視+心之約床墊+全屋智能）:HK$262', '高級大床房（65寸投屏電視+心之約床墊+全屋智能）:HK$262']"
三門峽高陽山索西亞國際酒店,8.4,"['毓秀温泉大床房:HK$327', '毓秀温泉雙床房:HK$327', '高陽湯泉雙床房（含私湯泡池）:HK$384', '高陽湯泉大床房（含私湯泡池）:HK$384', '親子雙床房:HK$469']"
張家地坑院民宿,9.3,"['親子大雙炕窯房 （獨衞）:HK$192', '娛樂大三炕窯房:HK$468']"
M·旅墅酒店（三門峽高鐵南站店）,9.3,"['慢漫·庭院大床房:HK$307', '一隅·庭院雙床房:HK$307', '躺平大廈·庭院大床房:HK$307', '浮島·庭院套房:HK$559']"
夕漫酒店（陝州區人民政府五彩城購物中心店）,9.6,"['豪華大床房「180°山景+陽光滿屋」:HK$208', '豪華雙床房「180°山景+辦公桌椅」:HK$214', '精選智能大床房「全屋智能+乾濕三分離」:HK$221', '精選智能雙床房「智能投屏+乾濕三分離」:HK$228']"
藝龍安雲酒店（三門峽市政府店）,9.3,"['特惠大床房（中央空調開放+全屋智能）:HK$165', '特惠雙床房（中央空調+全屋智能）:HK$191', '觀景大床房（中央空調開放+全屋智能+觀景陽台）:HK$203', '高級雙床房（中央空調開放+全屋智能）:HK$217']"
田舍窯洞民宿,10.0,"['望山雙床房:HK$216', '望山大床房:HK$216']"
老家印象地坑院民宿,9.6,"['經濟標準雙炕房:HK$184', '舒適特大雙炕房:HK$195', '家庭親子三炕房:HK$282']"
九鼎時尚酒店（三門峽職業技術學院店）,8.9,"['九鼎乳膠零壓特惠大床房:HK$146', '九鼎乳膠零壓大床房:HK$151', '九鼎乳膠零壓雙床房:HK$153', '至尊零壓婚慶房:HK$190']"
7天酒店（三門峽陝州大道示範區店）,9.5,"['自主大床房:HK$107', '自主雙床房:HK$116', '精選雙床房:HK$125', '商務套房:HK$194']"
富貴裏·酒店,9.4,"['特惠標準間:HK$163', '特惠大床房:HK$163', '舒適大床房:HK$179', '舒適標準間:HK$179']"
順祥民宿,9.7,['標準雙床房:HK$131']
棲岸智選酒店（三門峽市政府店）,8.9,"['臻品雙床房:HK$193', '雅緻大床房【獨立靜音空調】:HK$193', '觀景大床房【自然河景+乳膠床品深度睡眠】:HK$205', '家庭房:HK$253']"
上美百合酒店（三門峽市政府店）,9.3,"['上美·大床房:HK$135', '深睡眠-智管家按摩大床房:HK$144', '上美·雙床房:HK$153', '上美·套房:HK$250']"
漢庭酒店（三門峽中心大道店）,9.8,"['高級大床房:HK$205', '商務大床房:HK$215', '商務雙床房:HK$243', '家庭房:HK$271']"
季鉑爾曼酒店（三門峽黃河路店）,7.8,"['爾曼雙床房:HK$101', '季鉑大床房:HK$108', '季鉑舒適雙床房:HK$128', '季鉑舒適大床房:HK$130']"
海聯水世界酒店（三門峽萬達廣場店）,8.1,"['標準大床房:HK$179', '商務標準間:HK$179', '商務大床房:HK$179', '普通標準間:HK$179']"
鉑曼酒店（三門峽市政府店）,9.3,"['特惠標準間:HK$170', '特惠大床房:HK$170', '普通大床房:HK$193', '普通標準間:HK$193']"
星程酒店（三門峽市政府店）,9.3,"['高級大床房:HK$189', '舒壓高級大床房:HK$207', '舒壓-高級雙床房:HK$227', '套房:HK$246']"
漢庭酒店（三門峽火車南站店）,9.5,"['高級大床房A:HK$170', '高級大床房:HK$189', '雙床房:HK$189', '高級雙床房:HK$207']"
崤山賓館（三門峽六峯路店）,9.0,"['北樓優享標間:HK$101', '南樓商務標間:HK$155', '南樓商務大床房:HK$155', '南樓豪華標間:HK$225']"
靈寶紫金宮國際大酒店,8.8,"['標準雙床房:HK$185', '標準大床房:HK$185', '高級雙床房:HK$253', '高級大床房:HK$268', '豪華大床房:HK$351']"
靈寶美豪酒店（金城大道市政府店）,9.5,"['商務雙床房（中央空調）:HK$185', '商務大床房（中央空調）:HK$190', '豪華大床房（中央空調）:HK$191', '豪華雙床房（中央空調）:HK$191']"
全季酒店（靈寶函谷路店）,9.7,"['雙床房:HK$337', '高級大床房:HK$346', '商務大床房:HK$365', '商務雙床房:HK$365']"
仟那酒店（澠池縣政府店）,9.6,"['仕居大床房（中式風格+配備浴袍+品茗茶桌+助眠檀香）:HK$198', '仕居雙床房（中式風格+智能客控+私享茶台+休閑飄窗）:HK$198', '竹溪大床房（智能客控+空氣凈化器+温馨新中式）:HK$264', '竹溪雙床房（智能客控+空氣凈化器+温馨新中式）:HK$264']"
三門峽澠池希爾頓惠庭酒店,9.8,"['靈動大床房（膠囊Coffee機+微波爐+冰箱+舒達床墊+智能馬桶）:HK$337', '靈動雙床房（膠囊Coffee機+微波爐+冰箱+舒達床墊+智能馬桶）:HK$337', '靈動豪華大床房（膠囊Coffee機+微波爐+冰箱+舒達床墊+智能馬桶）:HK$402', '靈動豪華雙床房（膠囊Coffee機+微波爐+冰箱+舒達床墊+智能馬桶）:HK$402', '全能套房（膠囊Coffee機+微波爐+冰箱+舒達床墊+智能馬桶）:HK$766']"
維也納國際酒店（靈寶金城大道市府店）,9.5,"['豪華大床房（智能客控+手機投屏）:HK$232', '豪華雙床房（智能客控+手機投屏）:HK$243', '商務大床房（智能客控+手機投屏）:HK$243', '商務雙床房（智能客控+手機投屏）:HK$264']"
漢庭酒店（三門峽澠池縣店）,9.7,"['高級大床房:HK$177', '豪華大床房:HK$187', '豪華雙床房:HK$196', '豪華套房:HK$318']"
澠池聚宸國際飯店,9.1,"['普通雙床房:HK$154', '雅緻·安居標準間（全屋智能＋零壓入眠）:HK$226', '行政大床房:HK$289', '雅緻·安居商務大床房（全屋智能＋好眠床品）:HK$309', '雅緻·安居行政大床房（全屋智能＋豪華會客區）:HK$341']"
世紀星連鎖都市易家酒店（靈寶市政府火車站店）,9.7,"['特惠大床房（高品質洗護沐+床頭手機快充）:HK$152', '精品雙床房（超長辦公桌+床頭手機快充+大窗好採光）:HK$166', '精品大床房（超長辦公桌+床頭手機快充+大窗好採光）:HK$169', '觀影雙床房（65寸可投屏電視+手機快充+大窗好採光）:HK$181']"
函谷關老子文化養生園,9.7,"['普通雙床房:HK$192', '豪華雙床房:HK$217', '豪華大床房:HK$228', '温泉窯洞雙床房C:HK$369']"
靈寶寶源大酒店,8.9,"['高級單人間:HK$216', '高級標準間:HK$216', '商務大床房:HK$326', '商務雙床房:HK$326']"
尚客優酒店（靈寶尹喜北路文化廣場店）,9.5,"['商務大床房:HK$?', '商務雙床房:HK$?', '時尚圓床房:HK$?', '特惠房:HK$?']"
東寨民宿（函谷關店）,9.9,"['標準大床房:HK$173', '麻將大床房:HK$173', '茶藝大床房:HK$184', '豪華大床房:HK$216']"
陌上輕居酒店（三門峽澠池縣政府萬人廣場店）,9.0,"['品學|大床房【親膚布草+舒眠床墊+智能客控】:HK$175', '雅緻|雙床房【親膚布草+舒眠床墊+智能客控】:HK$191', '雅緻|大床房【親膚布草+舒眠床墊+智能客控】:HK$191', '靜逸|雙床房【親膚布草+舒眠床墊+智能客控】:HK$209']"
漢庭酒店（靈寶市政府店）,9.7,"['雙床房:HK$243', '大床房:HK$243', '高級大床房:HK$261', '家庭房:HK$281']"
清水灣温泉酒店,9.2,"['悠享套房:HK$172', '尊享套房:HK$276']"
