酒店名称,评分,房型价格列表
上饒·心水漫丨Enjoy·RoManceDesignHOTEL（金龍崗街區步行街店）,9.4,"['驚喜奇遇大床房[巧遇+樂趣好玩］:HK$234', '4K高清投影榻榻米房【百寸巨幕·投影·遮光窗簾·安心好睡】:HK$247', '心水漫·輕奢雙床房-辦公桌❤小沙發❤免費停車:HK$279', '42平米落日燈浴缸大床房-免費停車❤棒咖啡75折券:HK$344', '三室一廳漫趴套房+私人露天花園+超大客廳:HK$753']"
上饒饒商誠悦大酒店（上饒高鐵站店）,9.5,"['誠悦高級大床房:HK$512', '誠悦豪華大床房:HK$545', '誠悦高級雙床房:HK$545', '誠悦豪華雙床房:HK$577', '誠悦行政大床房:HK$653', '誠悦行政雙床房:HK$686']"
上饒國際大酒店,9.6,"['高級城景雙床房:HK$523', '高級城景大床房:HK$523', '高級江景雙床房:HK$523', '高級江景大床房:HK$523', '豪華江景大床房:HK$578', '豪華城景雙床房:HK$578']"
麗楓酒店（上饒高鐵站店）,9.7,"['雅緻大床房:HK$254', '豪華大床房:HK$271', '豪華雙床房:HK$271', '商務雙床房:HK$287']"
上饒行政中心亞朵酒店,9.2,"['雅緻大床房（記憶枕+亞朵裸棉床品）:HK$287', '高級大床房（記憶枕+亞朵裸棉床品）:HK$314', '高級雙床房（記憶枕+亞朵裸棉床品）:HK$323', '行政雙床房（小冰箱+記憶枕）:HK$359', '幾木大床房（小冰箱+亞朵深睡枕）:HK$368']"
上饒遠泉大道晶科光伏亞朵酒店,9.9,"['高級雙床房（Mini小冰箱+投屏電視+深睡枕PRO）:HK$305', '高級大床房（Mini小冰箱+投屏電視+深睡枕PRO）:HK$314', '尊享雙床房（Mini小冰箱+投屏電視+深睡枕PRO）:HK$332', '尊享大床房（Mini小冰箱+投屏電視+深睡枕PRO）:HK$341', '尊享套房（Mini小冰箱+投屏電視+深睡枕PRO）:HK$449']"
楓溱酒店（上饒高鐵站店）,9.7,"['榻榻米大床房:HK$241', '舒享雙床房:HK$241', '商務大床房:HK$247', '商務雙床房:HK$247']"
風禾明月松間美宿（水南文化街店）,9.5,"['石上清泉丨大床房【全屋智能+觀景陽台+記憶床墊】:HK$320', '風禾盡起丨大床房【全屋智能+HOMESUN冰箱+記憶床墊】:HK$432', '風禾盡起丨雙床房【全屋智能+HOMESUN冰箱+記憶床墊】:HK$447', '雲隱月明丨街景套房【全屋智能+觀景陽台+記憶床墊】:HK$684']"
上饒悦溪開元觀堂,9.6,"['觀堂大床房:HK$635', '觀堂雙床房:HK$635', '高級園景雙床房:HK$689', '高級園景大床房:HK$689', '博雅山景雙床房:HK$963', '博雅山景大床房:HK$963']"
花築·舒雅暖居民宿（望仙谷景區店）,9.4,"['聽雨-温馨大床房+智能客控+休閑椅子:HK$469', '攬翠-露天花園-温馨大床房+智能客控+觀景露台+户外搖椅+月球壁燈:HK$528', '沁芳-舒適大床房+智能客控+復古藤編櫃+休閑椅:HK$586', '沐風-舒適大床房+智能客控+復古藤編櫃+休閑椅:HK$586']"
楠溪山居民宿（上饒望仙穀風景區店）,9.6,"['鹿鳴·暮野靜悠山景大床房（乾濕分離+靜謐山景+色調燈光控制）:HK$296', '清風攬月·墨蘭居大床房（乾濕分離+靜悠山景+燈光色調控制）:HK$317', '觀山苑·雅韻·山景雙床房【乾濕分離+燈光色調控制】:HK$361', '私享浪漫·全視野山湖景落地蜜月圓床房【茶榻+沙發】:HK$433']"
上饒嘉萊特沁廬酒店（近萬力時代）,9.4,"['精典高級大床房:HK$327', '精典高級雙床房:HK$327', '精緻影院大床房:HK$327', '落地全景豪華大床房（配獨立衣帽間）:HK$413', '落地全景豪華雙床房（配獨立衣帽間）:HK$413']"
仙人閣 XRG | 全景懸崖觀景泳池度假美宿（上饒望仙穀風景區店）,9.7,"['副樓特價雙床房:HK$699', '豪華雅緻大床房:HK$1,060', '豪華山景大床房:HK$1,169', '豪華山景雙床房:HK$1,388']"
維也納酒店（上饒高鐵站店）,9.6,"['愉夢大床房:HK$238', '愉夢雙床房:HK$238', '商務大床房:HK$255', '商務雙床房:HK$255']"
麗楓酒店（上饒寶澤樓萬達廣場店）,9.6,"['自在大床房:HK$284', '自在雙床房:HK$284', '純凈自然大床房:HK$301', '純凈自然商務大床房:HK$318']"
上饒鳳凰大道亞朵酒店,9.7,"['雅緻大床房（記憶枕＋亞朵裸棉床品+電視投屏）:HK$359', '高級大床房（記憶枕＋亞朵裸棉床品+電視投屏）:HK$377', '行政雙床房（記憶枕+亞朵裸棉床品+小冰箱）:HK$449', '行政大床房（記憶枕+亞朵裸棉床品+小冰箱）:HK$449']"
格菲酒店（上饒高鐵站店）,9.0,"['格菲特惠大床房:HK$192', '格菲特惠雙床房:HK$200', '格菲高級雙床房:HK$218', '格菲高級大床房:HK$218']"
上饒富力萬達嘉華酒店（萬達廣場）,9.5,"['豪華大床房-帶浴缸:HK$557', '豪華雙床房-帶浴缸:HK$557', '高級豪華園景大床房-盡覽公園湖景-帶浴缸:HK$590', '高級豪華雙床房-俯瞰繁華夜景-帶浴缸:HK$590', '精選豪華江景大床房-C位俯瞰信江美景-帶浴缸:HK$623', '尊榮豪華雙床房（繁華夜景+歐舒丹洗護+帶浴缸）:HK$634']"
上饒茶聖路美侖酒店,9.2,"['大床房:HK$359', '豪華雙床房:HK$359', '高級大床房:HK$379', '豪華大床房:HK$399', '商務大床房:HK$419']"
上饒吾悦廣場陽光時代亞朵酒店,9.7,"['雅緻大床房（投屏+智能客控）:HK$305', '高級雙床房（投屏+智能客控+小冰箱）:HK$350', '高級大床房（投屏+智能客控+小冰箱）:HK$359', '行政雙床房（投屏+智能客控+小冰箱）:HK$404', '行政大床房（投屏+智能客控+小冰箱）:HK$413']"
山谷小棧民宿（望仙谷景區店）,9.9,"['椿嶺 ｜ 南山原木影音大床房:HK$359', '碧隱 ｜ 山水原木影音雙床房 （ 獨立導台➕百寸巨幕 ）:HK$372', '木寂 ｜ 質簡原木影音雙床房:HK$403', '霧山 ｜ 自然原木影音套房（ 落地山景➕百寸巨幕 ）:HK$696']"
桔子酒店（上饒高鐵站店）,9.6,"['月若流金高級大床房:HK$290', '月若流金高級雙床房:HK$290', '加州陽光商務大床房:HK$309', '月若流金豪華大床房:HK$327']"
全季酒店（上饒廣豐月兔廣場）,9.4,"['高級大床房:HK$290', '商務大床房:HK$309', '高級雙床房:HK$309', '舒壓高級大床房:HK$327']"
維也納智好酒店（上饒步行街和平陽光店）,9.1,"['標準雙床房:HK$165', '標準大床房:HK$165', '高級大床房:HK$184', '高級雙床房:HK$184']"
漢庭酒店（上饒鳳凰大道店）,9.3,"['高級大床房:HK$205', '商務大床房:HK$215', '高級雙床房:HK$225']"
望仙小院（望仙谷景區店）,9.2,"['靜謐-安睡好眠山景大床房:HK$638', '山景雙床房:HK$661', '靜謐-山景親子大標間:HK$741', '超大-靜謐-豪華山景家庭房-loft:HK$773']"
上饒尚綠君瀾大飯店,9.4,"['高級大床房:HK$413', '高級標準間:HK$413', '小黃鴨親子房:HK$611', '奧特曼親子房:HK$611', '君瀾至尊套房:HK$1,033']"
上饒信州開元名庭酒店,9.5,"['名成舒適大床房（空氣凈化器+巨幕投影+充電樁）:HK$326', '名成高級大床房（智能客控+乾濕分離+夢百合床墊）:HK$338', '名成豪華大床房（智能客控+夢百合床墊+手機投屏）:HK$375', '名成豪華雙床房（智能客控+夢百合床墊+手機投屏）:HK$387', '名成豪華家庭房（智能客控+夢百合床墊+乾濕分離）:HK$399']"
上饒江南豪庭國際大酒店,9.1,"['優享單間:HK$169', '優享標間:HK$169', '高級雙床房:HK$221', '高級大床房:HK$228', '豪華雙床房:HK$228']"
藝龍壹棠酒店（上饒吾悅廣場經開區管委會店）,9.9,"['雅緻大床房（飄窗採光+温感取電+智能客控）:HK$297', '雅緻雙床房（飄窗採光+温感取電+智能客控）:HK$297', '海棠大床房（飄窗採光+掛式吹風機+觸屏智能化粧鏡）:HK$330', '海棠雙床房（飄窗採光+掛式吹風機+觸屏智能化粧鏡）:HK$330']"
上饒海源國際酒店（天虹購物中心店）,9.4,"['浪漫影院房:HK$250', '至享大床房:HK$287', '輕奢大床房:HK$352', '輕奢雙床房:HK$352']"
望仙谷山間堂酒店,9.4,"['庭院景觀雙床房:HK$567', '臨溪景觀雙床房:HK$644', '叢峯山景雙床房:HK$721', '叢峯山景大床房:HK$721', '密林景觀大床房:HK$721']"
速8精選酒店（上饒高鐵站店）,9.5,"['速8智能丨雅緻大床房{全屋智能+寫字桌}:HK$191', '速8智能丨雅緻雙床房{全屋智能+寫字桌}:HK$191', '速8智能丨優致大床房{全屋智能+寫字桌}:HK$197', '速8智能丨優致雙床房{全屋智能+寫字桌}:HK$197']"
上饒永利國際大酒店,8.8,"['標準山景雙床房:HK$202', '標準山景大床房:HK$202', '豪華大床房:HK$228', '豪華雙床房:HK$251', '行政大床房:HK$251']"
逸景·田野山川｜望仙山隱·田間雅舍,9.5,"['拾羽丨舒適大床房（鵝絨床品+深睡乳膠床墊+乾濕分離+院景+影音會員）:HK$269', '繁錦丨一樓院景樂享大床房（高清寬幕投影+鵝絨床品+深睡乳膠床墊+乾濕分離+院景+影音會員）:HK$269', '晨汐丨雅緻大床房（高清巨幕投影+鵝絨床品+深睡乳膠床墊+乾濕分離）:HK$308', '光遇丨輕奢大床房（高清巨幕投影+鵝絨床品+深睡乳膠床墊+乾濕分離+影音會員）:HK$312']"
來顆柚主題酒店（上饒市中心廣場步行街店）,8.8,"['愛柚丨特選大床房:HK$92', '愛柚丨優選大床房:HK$101', '愛柚丨優選雙床房:HK$109', '愛柚丨精選大床房:HK$126']"
雲季酒店（上饒萬達廣場店）,9.4,"['雲·甄選大床房:HK$173', '雲·甄選雙床房:HK$183', '雲·臻享大床房:HK$183', '雲·臻享雙床房:HK$193']"
暮歸民宿（上饒望仙穀風景區店）,9.7,"['B棟特惠舒眠榻榻米（智能馬桶+乾濕分離+雲端睡眠）:HK$233', 'A棟入夢·山間大床房 休閑懶人躺椅+乾濕分離+雲端睡眠:HK$312', 'A棟田園·暮歸大床房 休閑懶人躺椅+乾濕分離+雲端睡眠:HK$328', 'B棟靜謐·輕奢大床房 休閑懶人躺椅+乾濕分離+雲端睡眠:HK$338']"
上饒月兔國際大酒店,9.1,"['迷你房（無窗）:HK$186', '浪漫圓床房:HK$195', '雅緻大床房:HK$252', '雅緻雙床房:HK$254']"
上饒紅石王朝國際大酒店（新城吾悦廣場店）,9.1,"['舒適雙床房:HK$250', '悦享雙床房:HK$289', '悦享大床房:HK$291', '尊享雙床房:HK$329', '尊享大床房:HK$341']"
才英緣民宿（望仙穀風景區店）,9.4,"['月影丨特惠大床房（採光優質+品質床墊+圓形化粧鏡）:HK$185', '風雅丨舒適大床房（採光優質+品質床墊+圓形化粧鏡）:HK$201', '星河丨舒適雙床房（採光優質+品質床墊+遮光窗簾）:HK$216', '忘憂丨清新雙床房:HK$225']"
夏沫SUM・觀景度假藝術輕奢設計師美宿（上饒望仙穀風景區店）,9.8,"['夏憶·安睡大床房【投屏電視+智能馬桶+舒適床品+影音會員】:HK$283', '仲夏·觀影大床房【小米巨幕投影+全屋智能+智能馬桶+影音會員】:HK$371', '伴夏·尊享大床房【小米巨幕投影+全屋智能+智能馬桶+影音會員】:HK$371', '夏楓·田園山景大床房【180°全視野落地窗景觀+小米巨幕投影+全屋智能+智能馬桶+影音會員】:HK$437']"
維也納國際酒店（上饒經開區店）,9.7,"['高級大床房:HK$250', '豪華大床房:HK$282', '豪華雙床房:HK$293', '景觀大床房:HK$293']"
你好酒店（上饒商貿城鳳凰大道店）,9.6,"['高級大床房:HK$208', '觀影大床房:HK$208', '豪華雙床房:HK$227', '豪華大床房:HK$227']"
美豪怡致酒店（經濟開發區美地印象店）,9.1,"['怡致迷你房（全景落地窗+智能馬桶）:HK$172', '怡致大床房（全景落地窗+智能馬桶）:HK$193', '麗致大床房（全景落地窗+城市觀景）:HK$207', '雅緻景觀大床房（全景落地窗+寬敞舒適+智能客控）:HK$220', '雅緻景觀雙床房（全景落地窗+陽光房）:HK$228']"
上文旅雷迪森頤墅酒店,9.1,"['宮·陽台大床房:HK$376', '商·陽台雙床房:HK$376', '角·浴缸陽台大床房:HK$408', '徵·落地窗浴缸棋牌大床房:HK$449', '羽·浴缸陽台親子房A:HK$520']"
望仙谷夜吟民宿,9.7,"['瞻星-綺夢間-山（霧）景大床房（智能客控+智能馬桶）:HK$482', '清霧-沐月居 山（霧）景大床房（智能客控+直飲機）:HK$528', '初見-謐境 山（河）景大床房（智能客控十智能馬桶）:HK$556', '見山一知意閣-山（雲）景大床房+智能客控+直飲機:HK$612']"
中茂大酒店（上饒中心廣場步行街店）,9.3,"['輕享純凈丨拾惠大床房:HK$129', '品質睡眠丨精緻大床房:HK$171', '輕享純凈丨拾惠雙床房:HK$173', '品質睡眠丨精緻雙床房:HK$195']"
亞朵酒店（上饒信州區政府店）,9.6,"['雅緻大床房【智能客控+65寸智能投屏電視】:HK$314', '高級大床房【智能客控+65寸智能投屏電視】:HK$341', '高級雙床房【智能客控+65寸智能投屏電視】:HK$359', '行政大床房【智能客控+65寸投屏電視+冰箱+浴袍】:HK$404', '行政湖景雙床房【智能客控+65寸投屏電視+冰箱+浴袍】:HK$422']"
望仙·頤雲｜YIYUN輕奢酒店（望仙穀風景區店）,9.3,"['遂隱 · 舒適大床房【4K巨幕投影+零壓床墊+親膚床品】:HK$465', '山市 · 豪華大床房【4K巨幕投影+零壓床墊+親膚床品】:HK$487', '山客 · 山景雙床房【零壓床墊+親膚床品+乾濕分離】:HK$504', '上川 · 山景雙床房【零壓床墊+親膚床品+乾濕分離】:HK$504']"
