酒店名称,评分,房型价格列表
上饒鳳凰大道希爾頓歡朋酒店,9.6,"['舒適大床房:HK$440', '舒適雙床房:HK$452', '高級大床房:HK$498', '高級雙床房:HK$527', '豪華大床房:HK$565']"
山谷小棧民宿（望仙谷景區店）,9.9,"['椿嶺 ｜ 南山原木影音大床房:HK$306', '碧隱 ｜ 山水原木影音雙床房 （ 獨立導台➕百寸巨幕 ）:HK$319', '木寂 ｜ 質簡原木影音雙床房:HK$349']"
桔子酒店（上饒高鐵站店）,9.6,"['月若流金高級大床房:HK$289', '月若流金高級雙床房:HK$289', '加州陽光商務大床房:HK$309', '月若流金豪華大床房:HK$327']"
風禾明月松間美宿（水南文化街店）,9.5,"['石上清泉丨大床房【全屋智能+觀景陽台+記憶床墊】:HK$263', '風禾盡起丨大床房【全屋智能+HOMESUN冰箱+記憶床墊】:HK$366', '風禾盡起丨雙床房【全屋智能+HOMESUN冰箱+記憶床墊】:HK$379', '雲隱月明丨街景套房【全屋智能+觀景陽台+記憶床墊】:HK$615']"
上饒國際大酒店,9.6,"['高級城景雙床房:HK$522', '高級城景大床房:HK$522', '高級江景雙床房:HK$522', '高級江景大床房:HK$522', '豪華江景大床房:HK$577', '豪華城景雙床房:HK$577']"
上饒遠泉大道晶科光伏亞朵酒店,9.9,"['高級雙床房（Mini小冰箱+投屏電視+深睡枕PRO）:HK$330', '高級大床房（Mini小冰箱+投屏電視+深睡枕PRO）:HK$340', '尊享雙床房（Mini小冰箱+投屏電視+深睡枕PRO）:HK$359', '尊享大床房（Mini小冰箱+投屏電視+深睡枕PRO）:HK$370', '尊享套房（Mini小冰箱+投屏電視+深睡枕PRO）:HK$491']"
上饒嘉萊特沁廬酒店（近萬達廣場）,9.4,"['精緻影院大床房:HK$326', '精典高級大床房:HK$327', '精典高級雙床房:HK$327', '落地全景豪華大床房（配獨立衣帽間）:HK$412', '落地全景豪華雙床房（配獨立衣帽間）:HK$412']"
上饒高鐵站智選假日酒店,9.8,"['高級房 超大床:HK$320', '高級房 雙床:HK$320', '高級房·雙床（高樓層）:HK$366', '舒適高級房·超大床:HK$366', '舒適高級房·超大床（高樓層）:HK$394']"
谷溪雅舍 · 雲間山景度假美宿（望仙穀風景區店）,9.7,"['青溪 | 雅舍 · 巨幕投影中古大床房:HK$416', '青辭 | 雅舍 · 巨幕投影舒適大床房:HK$416', '雲汐 | 雅舍 · 田園山景巨幕投影大床房（奶油風）:HK$481', '雲舒 | 雅舍 · 田園山景巨幕投影大床房（INS風）:HK$481']"
速8精選酒店（上饒高鐵站店）,9.5,"['速8智能丨雅緻大床房{全屋智能+寫字桌}:HK$179', '速8智能丨雅緻雙床房{全屋智能+寫字桌}:HK$179', '速8智能丨優致大床房{全屋智能+寫字桌}:HK$185', '速8智能丨優致雙床房{全屋智能+寫字桌}:HK$185']"
漢庭酒店（上饒鳳凰大道店）,9.3,"['高級大床房:HK$205', '商務大床房:HK$215', '高級雙床房:HK$224']"
山邊的雲Mt Cloud·風之谷泊心雲舍（望仙谷景區店）,9.7,"['雨過山青｜幾木Cloud影音大床房（全屋軟水+零壓床墊+懸浮地台+榻榻米）:HK$267', '月白｜幾木Cloud影音大床房（全屋軟水+零壓床墊）:HK$267', '觀風｜幾木Cloud影音雙床房（全屋軟水+零壓床墊+榻榻米）:HK$294', '縞素｜幾木Cloud影音雙床房（全屋軟水+零壓床墊）:HK$313']"
上饒茶聖路美侖酒店,9.2,"['大床房:HK$359', '高級大床房:HK$378', '豪華大床房:HK$398', '豪華雙床房:HK$398', '商務大床房:HK$419']"
上饒江南豪庭國際大酒店,9.1,"['優享單間:HK$204', '優享標間:HK$204', '高級雙床房:HK$267', '高級大床房:HK$277', '豪華雙床房:HK$277']"
上饒富力萬達嘉華酒店（萬達廣場）,9.5,"['豪華大床房-帶浴缸:HK$556', '豪華雙床房-帶浴缸:HK$556', '高級豪華園景大床房-盡覽公園湖景-帶浴缸:HK$589', '高級豪華雙床房-俯瞰繁華夜景-帶浴缸:HK$589', '精選豪華江景大床房-C位俯瞰信江美景-帶浴缸:HK$622', '尊榮豪華雙床房（繁華夜景+歐舒丹洗護+帶浴缸）:HK$633']"
上饒鳳凰大道亞朵酒店,9.7,"['雅緻大床房（記憶枕＋亞朵裸棉床品+電視投屏）:HK$390', '高級大床房（記憶枕＋亞朵裸棉床品+電視投屏）:HK$410', '行政雙床房（記憶枕+亞朵裸棉床品+小冰箱）:HK$491', '行政大床房（記憶枕+亞朵裸棉床品+小冰箱）:HK$491']"
上饒悦溪開元觀堂,9.6,"['觀堂大床房:HK$568', '觀堂雙床房:HK$568', '高級園景雙床房:HK$623', '高級園景大床房:HK$623', '博雅山景雙床房:HK$896', '博雅山景大床房:HK$896']"
望山澗·Yumsem山風集民宿（望仙谷景區店）,9.8,"['【山苑】穀雨·大床房｜原木極簡【羽絨被+乳膠墊】:HK$317', '【山梨】榻榻米大床房｜原木雅居【羽絨被+乳膠墊】:HK$361', '【安若】 立夏夏至雙床房｜原木胡桃【羽絨被+乳膠墊】:HK$405', '【安和】落地窗景雙床房｜原木復古【羽絨被+乳膠墊】:HK$448']"
亞朵酒店（上饒信州區政府店）,9.6,"['雅緻大床房【智能客控+65寸智能投屏電視】:HK$340', '高級大床房【智能客控+65寸智能投屏電視】:HK$370', '高級雙床房【智能客控+65寸智能投屏電視】:HK$390', '行政大床房【智能客控+65寸投屏電視+冰箱+浴袍】:HK$440', '行政湖景雙床房【智能客控+65寸投屏電視+冰箱+浴袍】:HK$460']"
夏沫SUM・觀景度假藝術輕奢設計師美宿（上饒望仙穀風景區店）,9.8,"['夏憶·安睡大床房【投屏電視+智能馬桶+舒適床品+影音會員】:HK$283', '仲夏·觀影大床房【小米巨幕投影+全屋智能+智能馬桶+影音會員】:HK$349', '伴夏·尊享大床房【小米巨幕投影+全屋智能+智能馬桶+影音會員】:HK$349', '夏楓·田園山景大床房【180°全視野落地窗景觀+小米巨幕投影+全屋智能+智能馬桶+影音會員】:HK$403']"
夢仙河畔·270°觀山景湯泉度假美宿（望仙谷景區店）,9.5,"['夢丨山景·大床房:HK$339', '仙丨山景·雙床房:HK$407', '荷丨山景·雙床房:HK$407', '清丨山景·雙床房:HK$453']"
上饒行政中心亞朵酒店,9.2,"['雅緻大床房（記憶枕+亞朵裸棉床品）:HK$309', '高級大床房（記憶枕+亞朵裸棉床品）:HK$340', '高級雙床房（記憶枕+亞朵裸棉床品）:HK$350', '行政雙床房（小冰箱+記憶枕）:HK$390', '幾木大床房（小冰箱+亞朵深睡枕）:HK$400']"
仙人閣 XRG | 全景懸崖觀景泳池度假美宿（上饒望仙穀風景區店）,9.7,"['副樓特價雙床房:HK$698', '豪華雅緻大床房:HK$1,059', '豪華山景大床房:HK$1,167', '豪華山景雙床房:HK$1,386']"
維也納酒店（上饒高鐵站店）,9.6,"['愉夢大床房:HK$225', '商務大床房:HK$260', '商務雙床房:HK$277', '愉夢雙床房:HK$283']"
雲季酒店（上饒萬達廣場店）,9.4,"['雲·甄選大床房:HK$142', '雲·甄選雙床房:HK$152', '雲·臻享大床房:HK$152', '雲·臻享雙床房:HK$162']"
望仙·dream桂園民宿（望仙穀風景區店）,9.8,"['宿谷丨零壓享夢大床房（高清電視+品質床墊+乾濕分離）:HK$230', '鶯語丨樂安樂意大床房（可觀山景+智能馬桶+採光優質）:HK$249', '清筱丨日暮曉看大床房（可觀山景+品質床墊+採光優質）:HK$258', '繁錦丨築夢星空雙床房（簡約風+高清電視+VIP影片）:HK$259']"
上饒銅鈸山國際酒店,9.2,"['高級大床房:HK$300', '高級雙床房:HK$314', '豪華雙床房:HK$342', '豪華大床房:HK$342', '豪華娛樂房:HK$392']"
花築·舒雅暖居民宿（望仙谷景區店）,9.4,['望月|觀星-露台觀景舒適大床房+新中式茶水櫃+觀景陽台+化粧鏡:HK$711']
星程酒店（上饒高鐵站店）,9.5,"['高級大床房:HK$196', '商務雙床房:HK$224', '豪華大床房:HK$224', '套房:HK$261']"
禾佳·山邊墅裏|圍爐煮茶·山景庭院度假美宿（望仙谷景區店）,9.6,"['自在山野·觀山大床房|巨幕投影+智能客控+影視會員|:HK$323', '隱入山林·山景雙床房|巨幕投影+智能客控+影視會員|:HK$323', '山野小憩·温馨雙床房|全屋智能+智能馬桶+絕美山景|:HK$337', '雲浮半山·豪華雙床房|全屋智能+智能馬桶+絕美山景|:HK$337']"
藝龍壹棠酒店（上饒吾悅廣場經開區管委會店）,9.9,"['雅緻大床房（飄窗採光+温感取電+智能客控）:HK$297', '雅緻雙床房（飄窗採光+温感取電+智能客控）:HK$297', '海棠大床房（飄窗採光+掛式吹風機+觸屏智能化粧鏡）:HK$329', '海棠雙床房（飄窗採光+掛式吹風機+觸屏智能化粧鏡）:HK$329']"
上饒信州開元名庭酒店,9.5,"['名成舒適大床房（空氣凈化器+巨幕投影+充電樁）:HK$326', '名成高級大床房（智能客控+乾濕分離+夢百合床墊）:HK$338', '名成豪華大床房（智能客控+夢百合床墊+手機投屏）:HK$375', '名成豪華雙床房（智能客控+夢百合床墊+手機投屏）:HK$387', '名成豪華家庭房（智能客控+夢百合床墊+乾濕分離）:HK$399']"
上饒心水漫·設計酒店（金龍崗步行街店）,9.4,"['驚喜奇遇大床房[巧遇+樂趣好玩］:HK$211', '4K高清投影榻榻米房【百寸巨幕·投影·遮光窗簾·安心好睡】:HK$225', '心水漫·輕奢雙床房-辦公桌❤小沙發❤免費停車:HK$257', '42平米落日燈浴缸大床房-免費停車❤棒咖啡75折券:HK$322', '三室一廳漫趴套房+私人露天花園+超大客廳:HK$752']"
你好酒店（上饒商貿城鳳凰大道店）,9.6,"['高級大床房:HK$207', '觀影大床房:HK$207', '豪華雙床房:HK$227', '豪華大床房:HK$227']"
三合悦致酒店（萬達廣場店）,9.5,"['雅緻大床房:HK$228', '雅緻雙床房:HK$228', '巨幕觀影大床房:HK$228', 'LOFT複式套房:HK$448']"
晴川行館民宿（望仙谷景區店）,9.5,"['晴回·特惠露台大床房【270°山景+零壓床墊+乾濕分離】:HK$219', '挽晴·舒適雙床房【安睡好物+零壓床墊+乾濕分離】:HK$250', '晴晤·露台雙床房【270°山景+零壓床墊+乾濕分離】:HK$250', '晴牕·180°山景奶油風雙床房【零壓床墊+乾濕分離】:HK$273']"
濱水藍灣民宿（望仙穀風景店）,9.7,"['禪竹｜及暮.山景大床房（原木風設計.舒適乳膠床墊）:HK$308', '鹿鳴丨僕舍 · 山景大床房（原木設計+山景+乳膠床墊+小度智能）:HK$322', '悠居丨悦舍 · 山景大床房（原木設計+山景+乳膠床墊+小度智能）:HK$322', '花朔丨丹青 · 原木雅緻雙床房（原木設計+乳膠床墊+小度智能）:HK$429']"
望仙記憶·春也設計師度假空間美墅（上饒望仙穀風景區店）,9.9,"['「如一」舒適大床房丨4K巨幕觀影+小度智能客控+智能馬桶+乾濕分離:HK$361', '「常樂」舒適大床房丨4K巨幕觀影+小度智能客控+智能馬桶+乾濕分離:HK$361', '「春語」温馨雙床房丨4K巨幕觀影+小度智能客控+智能馬桶+乾濕分離:HK$382', '「清霧」豪華大床房丨4K巨幕觀影+小度智能客控+智能馬桶+乾濕分離:HK$382']"
上饒沐鑫城市酒店（萬達廣場店）,9.2,"['豪華大床房:HK$339', '豪華雙床房:HK$373', '豪華親子房:HK$393', '行政大套房:HK$1,218', '家庭套房:HK$1,218']"
餘閲山居民宿（望仙谷景區店）,9.8,"['特價~極簡時光大床房:HK$240', '温馨雙床房（小米投影＋小米智控）:HK$300', '巨幕山景大床房（小米投影＋小米智控＋智能馬桶＋新風系統）:HK$333', '雅緻山景雙床房（小米投影＋小米智控＋新風系統）:HK$353']"
上饒永利國際大酒店,8.8,"['標準山景雙床房:HK$202', '標準山景大床房:HK$202', '豪華大床房:HK$228', '豪華雙床房:HK$251', '行政大床房:HK$251']"
杏子S酒店（市民休閑公園店）,9.5,"['杏好丨大床房:HK$360', '杏好丨雙床房:HK$382', '杏好丨親子房:HK$480', '杏好丨商務套房:HK$513']"
望仙谷夜吟民宿,9.7,"['瞻星-綺夢間-山（霧）景大床房（智能客控+智能馬桶）:HK$425', '清霧-沐月居 山（霧）景大床房（智能客控+直飲機）:HK$500', '初見-謐境 山（河）景大床房（智能客控十智能馬桶）:HK$527', '見山一知意閣-山（雲）景大床房+智能客控+直飲機:HK$555']"
回禾酒店（上饒高鐵站五三大道店）,9.1,"['温馨舒適 | 特惠大床房:HK$144', '賓至如歸 | 特惠雙床房:HK$167', '安而喜夢 | 精緻大床房:HK$184', '輕享舒適 | 精緻雙床房:HK$201']"
上饒饒商誠悦大酒店（上饒高鐵站店）,9.5,"['誠悦高級大床房:HK$511', '誠悦豪華大床房:HK$544', '誠悦高級雙床房:HK$544', '誠悦豪華雙床房:HK$576', '誠悦行政大床房:HK$652', '誠悦行政雙床房:HK$685']"
遇見望仙・馨緣villa雲間山景設計師酒店（上饒望仙穀風景區店）,9.5,['一生 · 情侶浴缸大床房（雙人浴缸+電動巨幕投影+小愛全屋智能+遙控智能按摩馬桶+零壓深度睡眠床墊+舒適床品+飛科等離子吹風機+空氣能熱水循環）:HK$358']
麗楓酒店（上饒寶澤樓萬達廣場店）,9.6,"['自在大床房:HK$241', '自在雙床房:HK$241', '純凈自然大床房:HK$257', '純凈自然商務大床房:HK$273']"
雲上·未聞山｜VILLA度假美宿（望仙谷景區店）,9.8,"['特惠丨清雅大床房（乳膠床墊+智能液晶電視）:HK$215', '雨來丨豪華雙床房（乳膠床墊+智能液晶電視）:HK$303', '春澗丨好友麻將房（休閑娛樂+智能液晶電視）:HK$303', '初見丨温馨家庭房（乳膠床墊+智能液晶電視+沙發躺椅）:HK$311']"
維也納智好酒店（上饒步行街和平陽光店）,9.1,"['標準雙床房:HK$175', '標準大床房:HK$175', '高級大床房:HK$184', '高級雙床房:HK$184']"
雲崖山居民宿（望仙谷景區店）,9.7,"['遇見歡喜丨180°山景雙床房丨高清投影 | 山間清涼風 | 硅藻泥無甲醛:HK$249', '逍遙自在舒適大床房（靜謐山景+高清投影+奶油ins風+搖搖椅）:HK$249', '雲棲觀景聽風大床房（自然美學+高清投影+大露台無敵景觀）:HK$258', '夜柳扶風丨180°全景雙床房丨清爽乾淨 | 私享影院 | 靜謐時光:HK$277']"
