酒店名称,评分,房型价格列表
宜尚酒店（沔街元泰未來城店）,9.4,"['舒適大床房（北歐風+乾淨舒適）:HK$229', '舒適雙床房（北歐風+乾淨舒適）:HK$238', '標準大床房（高品質體驗+優享辦公）:HK$248', '標準雙床房（北歐風+寬敞明亮）:HK$257']"
金芒果酒店（仙桃商城大廈仙源大道店）,9.5,"['温馨大床房【全屋WiFi＋公區提供洗衣機】:HK$90', '商務大床房【全屋WiFi＋深度好眠】:HK$105', '温馨情侶房【舒適安靜＋情侶圓床】:HK$105', '商務雙床房【靜謐舒適＋零壓床墊】:HK$134']"
城市便捷酒店（仙桃一中店）,9.4,"['標準大床房:HK$127', '商務大床房:HK$144', '商務雙床房:HK$152', '豪華大床房:HK$160']"
維也納酒店（仙桃復州大道店）,9.5,"['標準大床房（智能客控）:HK$205', '標準雙床房（智能客控）:HK$205', '豪華大床房（智能客控）:HK$239', '影音大床房（智能客控）:HK$239']"
漢庭酒店（仙桃錢溝體育館店）,9.7,"['大床房:HK$265', '棋牌大床房:HK$265', '高級大床房:HK$285', '高級雙床房:HK$314']"
你好酒店（仙桃絲寶路婦幼保健院店）,9.8,"['大床房:HK$265', '高級大床房:HK$285', '商務大床房:HK$304', '高級雙床房:HK$304']"
宜尚酒店（仙桃武商體育館店）,9.4,"['高級大床房（動人城景+採光視野好）:HK$167', '高級雙床房（動人城景+採光視野好）:HK$167', '豪華雙床房（房間開闊）:HK$183', '豪華大床房（房間開闊）:HK$183']"
天誠國際大酒店（仙桃沔街店）,8.9,"['休閑麻將房【智能客控-全自動麻將機】:HK$304', '舒適標間:HK$304', '高級大床間【智能客控-採光通風】:HK$319', '高級雙床房【智能客控-採光通風】:HK$330', '商務大床間【智能客控-靜享空間】:HK$370']"
海凡星連鎖酒店（仙桃沔街店）,9.4,"['靜怡單床房:HK$136', '商務雙床房（養生放鬆）:HK$149', '休閑大床房（安心睡眠）:HK$162', '商務大床房（養生放鬆）:HK$174']"
柏曼酒店（仙桃宏達路步行街店）,9.4,"['標準大床房（温馨明亮+舒適床品）:HK$175', '高級大床房（輕奢雅緻+寬敞明亮）:HK$206', '高級雙床房（輕奢雅緻+寬敞明亮）:HK$213', '電競大床房:HK$221']"
仙桃沔街大酒店,9.3,"['輕奢雙床房:HK$392', '輕奢大床房:HK$408', '麻將大床房:HK$463', '麻將雙床房:HK$463']"
仙桃仙苑國際大酒店,9.3,"['豪華大床房:HK$297', '豪華雙人房:HK$297', '麻將標間:HK$452', '貴賓房:HK$463', '江景貴賓房:HK$463']"
桔子酒店（仙桃市政府店）,9.7,"['月若流金雙床房:HK$407', '月若流金大床房:HK$428', '觀景大床房:HK$444', '加州陽光大床房:HK$448', '高級大床房:HK$467']"
藝龍安雲酒店（仙桃錢溝南路天誠緣店）,9.4,"['特惠大床房（支持投屏+舒適外窗）:HK$166', '商務大床房（舒適外窗+支持投屏）:HK$166', '大床房（舒適外窗）:HK$194', '商務雙床房（智能客控+支持投屏）:HK$194']"
蘭歐尚品酒店（和合國際店）,9.5,"['蘭錦智能高級雙床房（智能客控+AI語音+超大辦公）:HK$183', '蘭逸智能豪華麻將雙床房（智能客控+AI語音+娛樂空間）:HK$209', '蘭歐雙人電競棋牌房:HK$217', '蘭歐四人電競棋牌房:HK$279']"
尚客優酒店（仙桃商城大廈步行街店）,9.7,"['智能大床房（小愛同學語言客控）:HK$145', '智能優享大床房（小愛同學語言客控）:HK$156', '智能優享雙床房（小愛同學語言客控）:HK$167', '智能影音大床房（小愛同學語言客控）:HK$167']"
紐賓凱國際酒店（仙桃環球中心店）,9.0,"['特惠大床房:HK$234', '雅緻精品房:HK$247', '數碼影音房:HK$258', '豪華大床房:HK$296']"
白玉蘭酒店（仙桃沔陽小鎮店）,9.4,"['靜雅大床房:HK$343', '靜雅雙床房:HK$361', '舒雅雙床房:HK$370', '輕雅大床房:HK$396']"
瀾斐智能影院酒店（仙桃客運中心店）,9.6,"['標準大床房:HK$111', '特價大床房:HK$111', '觀影大床房:HK$123', '豪華雙床房:HK$132']"
橙子酒店（仙桃錢溝路體育館店）,9.2,"['特惠大床房:HK$159', '特惠雙床房:HK$159', '舒適大床房:HK$167', '精品大床房:HK$174']"
仙桃米家智能酒店（沔陽小鎮景區店）,9.4,['風雅雙人房:HK$462']
仙桃海凡星華冠酒店,9.2,"['靜怡單床房:HK$113', '雅緻大床房:HK$128', '温馨雙床房:HK$137', '情侶影院大床房（100寸投影&VIP暢享）:HK$138']"
仙桃花源酒店,9.1,"['電競大床房:HK$313', '特惠大床房:HK$330', '舒適雙床房:HK$339', '高級大床房:HK$374']"
仙桃榮喜來酒店,9.2,"['豪華雙床房:HK$347', '豪華大床房:HK$357', '特價麻將房:HK$387', '麻將雙床房:HK$436', '麻將大床房:HK$441']"
蘭林格酒店（仙桃商城大廈店）,8.8,"['精緻雙床房:HK$150', '精緻大床房:HK$150', '雅緻房:HK$153', '豪華大床房（智能客控）:HK$213']"
海凡星連鎖酒店（仙桃實驗高中店）,9.4,"['差旅商務大床房:HK$136', '差旅商務雙床房:HK$145', '唐風榻榻米影院房（100寸投影&VIP暢享）:HK$155', '舒適按摩大床房:HK$165']"
雅斯特酒店（仙桃職業學院店）,9.3,"['高級大床房:HK$207', '高級雙床房:HK$218', '豪華大床房:HK$223', '豪華雙床房:HK$224']"
覓·精品酒店（仙桃西橋店）,9.4,"['在河一方主題房:HK$119', '關關雎鳩大床房:HK$130', '求之不得雙床房:HK$134', '槓上開花棋牌大床房:HK$156']"
仙桃甘泉時尚酒店,9.6,"['温馨圓床房:HK$164', '大床房:HK$175', '標準雙床房:HK$178', '商務棋牌房:HK$197']"
覓·精選連鎖酒店（仙桃一中店）,8.1,"['精選雙床房（全景落地窗）:HK$206', '精選大床房:HK$213', '浪漫主題房:HK$213', '豪華雙床房（全景落地窗）:HK$244']"
維也納酒店（仙桃皇宮店）,9.1,"['標準雙床房（無窗）:HK$195', '標準大床房:HK$201', '豪華大床房:HK$209', '豪華雙床房:HK$217']"
致馨梔子花開酒店（仙桃福星城一中店）,9.7,"['馨香梔語大床房（舒適環境）:HK$118', '梔香居雙床房:HK$129', '梔漫日式房:HK$129', '梔花之約大床房:HK$140']"
全季酒店（仙桃沔街店）,9.7,"['大床房:HK$321', '高級大床房:HK$342', '高級雙床房:HK$342', '舒壓高級大床房:HK$372']"
柏曼酒店（仙桃武商體育館店）,8.8,"['標準大床房:HK$146', '電競大床房[2060IT顯卡+120幀高刷]+安靜舒適:HK$160', '標準雙床房:HK$160', '商務大床房（寬敞明亮+滿窗視野好+舒適安靜）:HK$189']"
仙桃麗馨精品酒店,9.3,"['商務標準間:HK$122', '精品單人間[視野開闊+清凈舒適]:HK$122', '電腦標準間:HK$130', '電腦單人間:HK$130']"
仙桃優選酒店（仙源大道店）,9.2,"['經濟【特價】大床房:HK$76', '舒適【簡約】大床房:HK$83', '經濟雙床房:HK$91', '舒適雙床房:HK$102']"
仙桃悦瑟酒店,9.4,"['普通單間（性價比高）:HK$162', '商務標間（出差優選）:HK$194', '麻將單間:HK$216', '麻將標間（休閑必選）:HK$224']"
菇珍莊園賓館,9.7,"['大床房:HK$150', '標準雙床房:HK$151', '豪華大床房:HK$161']"
凱樂國際酒店,8.8,['湖景·親子雙床房:HK$326']
仙桃三三酒店,8.2,"['高級大床房:HK$130', '主題房:HK$135', '高級標準間:HK$143', '麻將單間:HK$178']"
仙桃雲頂酒店,9.1,"['陽光單床房:HK$92', '標準大床房:HK$127', '標準雙床房:HK$134', '棋牌套房:HK$170']"
仙桃天鵝湖度假酒店,9.4,"['高級大床房:HK$538', '高級雙床房:HK$538', '豪華大床房:HK$601', '豪華雙床房:HK$601', '豪華親子房:HK$621', '星空親子房（帶星空頂）:HK$663']"
棲哈智能酒店,8.8,"['特惠房:HK$100', '大床房:HK$115', '豪華雙床房:HK$128', '豪華智能大床房:HK$136']"
柏曼酒店（仙桃漢江路店）,9.5,"['高級大床房（落地景觀+寬敞明亮）:HK$162', '商務大床房（落地景觀+寬敞明亮+安靜舒適）:HK$191', '商務雙床房（落地景觀+寬敞明亮+安靜舒適）:HK$199', '城景大床房（落地景觀+寬敞明亮+休閑麻將）:HK$212']"
致馨梔子花開酒店（仙桃客運站宏達路店）,8.3,"['梔雅大床房（智能客控）:HK$191', '梔馨大床房【智能客控】:HK$288', '梔雅雙床房【智能客控】:HK$288', '棋牌大床房【智能客控】:HK$288']"
致馨梔子花開酒店（仙桃小南店）,9.2,"['梔漫圓床房（約會小屋）:HK$110', '梔馨大床房:HK$119', '梔馨雙床房:HK$137', '敞亮梔雅雙床房（好眠雙床房+大窗通透）:HK$147']"
海之緣商務酒店（仙桃商城大廈文化步行街店）,8.8,"['簡約雙床房（智能43電視+舒適好眠）:HK$101', '簡約大床房（智能43電視+舒適好眠）:HK$101', '温馨商務雙床房（智能43電視+舒適好眠）:HK$122', '投影大床房（VIP影視投影+舒適好眠）:HK$126']"
和平賓館,9.2,"['標準單間:HK$116', '標準雙床房:HK$134', '標準雙人間:HK$152', '麻將雙人房:HK$161']"
海凡星連鎖酒店（仙桃艾尚店）,8.2,"['靜怡大床房:HK$106', '温馨雙床房:HK$136', '温馨大床房:HK$136', '棋牌大床房:HK$145']"
仙桃喜相迎宴賓樓酒店,8.8,"['豪華大床房:HK$140', '麻將大床房:HK$153', '舒適雙床房:HK$194', '麻將雙床房:HK$205']"
