酒店名称,评分,房型价格列表
錦湖酒店（來賓市興賓區政和步行街店）,9.1,"['舒適大床房:HK$268', '豪華大床房:HK$283', '舒適雙床房:HK$285', '豪華投影大床房:HK$298']"
城市便捷酒店（來賓北站政和步行街店）,9.5,"['標準大床房（高品質體驗）:HK$131', '標準雙床房（高品質體驗）:HK$138', '高級大床房（零壓床墊+舒心枕頭+深度好眠）:HK$160', '高級雙床房:HK$170']"
優範酒店（來賓政和步行街火車北站店）,9.4,"['範·高級影音大床房｜100寸巨幕+無線充電+智能客控:HK$209', '範·雅緻大床房｜智能客控+無線充電:HK$226', '範·輕奢大床房｜智能客控+零氧枕頭+助眠床墊:HK$246', '範·高級親子童趣房｜定製舒眠床墊+親子樂園:HK$259']"
來賓裕達國際酒店（來賓市市政府店）,9.3,"['高級標間:HK$192', '高級單間:HK$192', '豪華大床房:HK$245', '豪華雙床房:HK$245', '園景雙間:HK$332']"
來賓玉龍國際酒店（來賓北站店）,8.9,"['商務大床房:HK$160', '商務雙床房:HK$180', '豪華大床房:HK$240', '豪華雙床房:HK$240']"
來賓國投·悦途酒店,9.5,"['特惠雙床房:HK$161', '特惠大床房:HK$170', '高級雙床房:HK$318', '豪華雙床房:HK$332']"
恆豐酒店（來賓市人民政府店）,9.3,"['智能舒享雙床房（智能客控）:HK$176', '智能標準雙床房（智能客控+採光優異）:HK$228', '智能温馨圓床房（智能客控+俯視城市美景）:HK$228', '智能標準大床房（智能客控+採光優異）:HK$256', '智能豪華雙床房（智能客控+寬敞客房空間）:HK$256']"
優悦酒店（來賓北站政和步行街店）,8.5,"['標準單間:HK$205', '標準雙間:HK$216', '藝術主題房:HK$227', '豪華大床房:HK$227']"
漢庭酒店（來賓市政府店）,9.8,"['大床房:HK$187', '高級大床房:HK$216', '雙床房:HK$216', '高級雙床房:HK$236']"
來賓賓館（迎賓廣場店）,8.6,"['商務雙人房:HK$132', '標準雙人房:HK$137', '標準大床房:HK$147', '精選大床房:HK$165']"
雅斯特酒店（來賓北站迎賓廣場店）,9.4,"['雅緻雙床房:HK$207', '雅緻大床房:HK$218', '高級雙床房（智能客控+辦公桌椅+採光好）:HK$229', '高級大床房（智能客控+電視投屏+休閑沙發）:HK$240']"
華庭雲棲酒店（來賓北站政和步行街店）,9.3,"['棲雅大床房（時尚輕奢+辦公座椅+助棉床墊）:HK$196', '棲雅雙床房（時尚輕奢+辦公座椅+助棉床墊）:HK$201', '棲慕舒適大床房（化粧鏡+舒適空間+一次性馬桶套）:HK$207', '棲慕舒適雙床房（化粧鏡+舒適空間+一次性馬桶套）:HK$216']"
來賓飯店,9.0,"['豪華雙間:HK$270', '豪華單間:HK$279', '城景豪華標間:HK$328', '城景豪華單間:HK$328', '江景棋牌房:HK$349']"
來賓格瑞酒店,8.4,"['標準單間:HK$119', '標準雙床間:HK$128', '豪華大床間:HK$128', '豪華雙床間:HK$144']"
藍鯨電競酒店（來賓政和步行街店）,8.1,"['特價大床房（無電腦）:HK$130', '豪華單人電競房:HK$185', '豪華情侶電競房:HK$207', '豪華雙人電競房:HK$218']"
來賓泰安國際酒店（興賓區華僑投資區店）,8.7,"['豪華雙人間:HK$211', '標準單人間:HK$211', '豪華單人間:HK$233', '觀景複式套房:HK$260']"
維也納酒店（來賓北站店）,9.5,"['標準大床房:HK$207', '高級大床房（舒適安心+城市夜景）:HK$243', '豪華家庭房（舒適安心+採光通透）:HK$271', '商務大床房（寬敞明亮+舒適安心+商務辦公）:HK$271']"
來賓城市達人花園大酒店,8.6,"['特惠房:HK$185', '豪華大床房:HK$205', '豪華雙人房:HK$205', '雅緻大床房:HK$206']"
城市便捷酒店（來賓北站迎賓廣場店）,9.4,"['特惠大床房（無窗）簡約温馨+酒店公區自助洗衣機:HK$116', '標準大床房（採光明亮+舒適好眠+酒店公區自助洗衣機）:HK$129', '高級大床房（寬敞空間+商務辦公+酒店公區自助洗衣機）:HK$135', '標準雙床房（寬敞舒適+休閑辦公+酒店公區自助洗衣機）:HK$136']"
來賓尚立城市便捷酒店,8.7,"['舒享 I 温馨大床房:HK$110', '舒享 I 温馨雙床房:HK$114', '優享 I 陽光大床房:HK$122', '優享 I 陽光雙床房:HK$135']"
雅斯特美途酒店（來賓興賓區政和步行街店）,8.8,"['雅緻大床房-高空景觀-『深度睡眠｜乾淨整潔︱超大水壓花灑』:HK$178', '高級大床房-高空景觀-（淋雨超大水｜俯瞰遠景｜靜謐空間i人充電站）:HK$187', '雅緻雙床房-高空景觀-（安靜好睡丨俯瞰城市夜景丨深度好眠超軟床墊）:HK$196', '豪華大床房-高空景觀-（休閑長沙發︱日落美景｜俯瞰城市夜景）:HK$251']"
威尼斯時尚酒店（來賓北站政和步行街店）,8.9,"['標準大床房【乾濕分離+零壓床墊|安靜秒睡+採光通透|簡約時尚】:HK$161', '雅緻大床房【乾濕分離+零壓床墊|安靜秒睡+採光通透|簡約時尚】:HK$174', '雅緻雙床房【乾濕分離+零壓床墊|安靜秒睡+採光通透|簡約時尚】:HK$176', '浪漫圓床房【乾濕分離+零壓床墊|安靜秒睡+採光通透|簡約時尚】:HK$187']"
艾美時尚酒店（來賓市興賓區政和步行街店）,8.9,"['優選大床房（無窗+靜謐空間+深度好眠超軟床墊）:HK$118', '臻選大床房（辦公桌椅+視野開闊採光好）:HK$151', '暢選大床房:HK$151', '臻選雙床房（助力好眠+品質床墊享安心睡眠）:HK$164']"
來賓興賓商務賓館,9.7,"['標準單人間:HK$104', '標準間:HK$104']"
來賓城市達人主題酒店,8.9,"['秀主題房:HK$97', '精品主題房:HK$97', '夢幻紅床主題房:HK$97', '酷主題房:HK$97']"
錦緣大酒店（來賓黨校招待所店）,8.9,"['特惠大床房:HK$183', '豪華大床房:HK$205', '豪華商務標間:HK$205', '商務大床房:HK$358']"
來賓宏都賓館,8.5,"['標準雙人間:HK$84', '商務大床房:HK$84']"
來賓豪勝酒店,8.0,"['特惠單間（無窗）:HK$106', '特價大床房:HK$128', '商務大床房:HK$143', '特價雙床間:HK$147']"
祥居賓館,8.7,"['高級大床房:HK$130', '豪華大床房:HK$148', '豪華圓床房:HK$148', '豪華雙人間:HK$158']"
來賓美鑫酒店,9.1,"['美美大床房（採光明亮+酒店公區自助洗衣房）:HK$153', '美美雙床房（採光明亮+酒店公區自助洗衣房）:HK$158', '商務大床房（舒適安靜+採光明亮+酒店公區自助洗衣房）:HK$201', '商務雙床房（舒適安靜+採光明亮+酒店公區自助洗衣房）:HK$210']"
來賓艾樂時尚酒店,8.4,"['標準單人間:HK$86', '精品雙人間:HK$91', '浪漫大床房:HK$91', '豪華大床房:HK$110']"
來賓萬方商務賓館（來賓高鐵站店）,9.9,"['舒適大床房:HK$85', '商務大床房:HK$96', '商務雙床房:HK$102', '商務三人間:HK$131']"
呈季酒店（來賓高鐵站迎賓廣場店）,9.5,"['致選雙人房『零壓床墊丨羽絨枕頭丨休閑座椅丨格力靜音空調丨乾淨整潔』:HK$207', '優選大床房『零壓床墊丨羽絨枕頭丨深度好眠丨格力靜音空調丨LED化粧鏡』:HK$213', '致選大床房『零壓床墊丨羽絨枕頭丨休閑座椅丨格力靜音空調丨乾淨整潔』:HK$226', '輕奢大床房『零壓床墊丨零壓枕頭丨休閑長沙發丨格力靜音空調丨沐浴陽光』:HK$250']"
來賓伽洲賓館,8.5,"['大床房:HK$96', '雙床房:HK$107']"
來賓融昌賓館（相思園東盟國際商業廣場店）,7.8,"['普通單間（無窗）:HK$54', '商務大床房:HK$72', '雙床房:HK$76', '豪華雙床房:HK$90']"
來賓恆業精品酒店,8.7,"['舒適大床房:HK$90', '標準大床房:HK$104', '温馨大床房:HK$104', '豪華雙床房:HK$124']"
海灣酒店（來賓北站店）,8.2,"['特惠大床房（內窗）:HK$94', '特價大床房:HK$115', '商務大床房:HK$136', '特價雙床房:HK$140']"
晨源賓館,8.3,"['特惠單人房:HK$74', '舒適大床房:HK$96', '舒適雙床房:HK$107', '舒適三人間:HK$118']"
來賓明秀商務酒店,9.7,"['單人間:HK$96', '雙人間:HK$173']"
明珠賓館,9.6,"['普通大床房:HK$64', '舒適大床房:HK$76', '舒適雙人間:HK$76', '舒適三人間:HK$96']"
柏曼酒店（來賓高鐵站沃爾瑪店）,9.4,"['智能舒適大床房（舒適安靜+智能客控）:HK$198', '智能標準大床房（明亮舒適+智能客控）:HK$229', '智能高級大床房（寬敞舒適+智能客控）:HK$259', '智能高級雙床房（寬敞明亮+智能客控）:HK$267']"
南泗常興旅館,9.8,"['特價大床房:HK$96', '豪華大床房:HK$118', '豪華雙人間:HK$118', '豪華三人間:HK$151']"
來賓香洲賓館,10.0,"['商務大床間:HK$86', '標準大床間:HK$97', '豪華大床間:HK$107', '豪華雙床間:HK$118']"
555城市精品酒店（來賓政和路步行街店）,8.0,"['精品舒適大床房+舒適床墊安心睡+靜謐空間:HK$108', '精品舒適豪華房+舒適床墊安心睡+靜謐空間:HK$152', '精品舒適雙床房+舒適床墊安心睡+靜謐空間:HK$152', '精品舒適圓床房+舒適床墊安心睡+靜謐空間:HK$152']"
桔子賓館,10.0,"['特價單間:HK$118', '温馨大床房:HK$129', '豪華大床房:HK$136', '豪華雙床房:HK$140']"
來賓優尚客精品民宿,8.9,"['普通大床房:HK$91', '舒適雙床房:HK$100', '舒適大床房:HK$110']"
來賓逗號民宿,4.9,"['標準大床房:HK$105', '標準雙床房:HK$111', '麻將房:HK$133']"
銀都日租房,6.1,"['普通大床房:HK$76', '舒適大床房:HK$79', '雙床房:HK$103']"
來賓星達旅館,6.8,"['標準大床房:HK$76', '標準雙床房:HK$87', '標準三人間:HK$107']"
柏曼酒店（來賓武宣店）,9.5,"['高級大床房（深睡記憶枕+零壓床墊）:HK$162', '豪華大床房（深睡記憶枕+零壓床墊+安靜）:HK$182', '高級雙床房（深睡記憶枕+零壓床墊+城景）:HK$182', '豪華雙床房（深睡記憶枕+零壓床墊+城景+大空間）:HK$189']"
