酒店名称,评分,房型价格列表
七仙苗山書雁私湯温泉度假院子,9.6,"['陽光雨林大床房（私湯葯浴温泉+雨林景觀+戴森吹風機）:HK$1,652', '山景雨林雙床房（私湯葯浴温泉+日出景觀+獨立陽台）:HK$2,039', '豪華雨林大床房（私湯葯浴温泉+雨林景觀+獨立陽台）:HK$2,168', '山景雨林大床房（私湯葯浴温泉+日出美景+獨立陽台）:HK$2,298', '270°景觀雨林大床房+私湯葯浴温泉+獨立陽台+日出美景:HK$2,427']"
保亭七仙嶺瑪萊温泉度假酒店,8.8,"['豪華温泉雙床房1Lou（私湯温泉+園林景觀+獨立陽台）:HK$293', '雨林温泉雙床房:HK$424', '雨林温泉大床房:HK$424', '山景温泉雙床房:HK$424']"
海南七仙嶺寶亭荔苑温泉酒店,8.0,"['雨林温泉雙床房:HK$469', '雨林温泉大床房:HK$469', '豪華温泉雙床房:HK$510', '豪華温泉大床房:HK$510', '豪華雨林温泉套房:HK$613']"
呀諾達旅遊區雨林一號度假酒店,9.4,"['高級大床房（迷你冰箱+電動窗簾+茶具）:HK$851', '高級雙床房（迷你冰箱+茶具）:HK$860', '豪華大床房（迷你冰箱+茶具）:HK$992', '豪華雙床房（迷你冰箱+茶具）:HK$1,008', '雨林森氧大床房（迷你冰箱+電動窗簾+浴缸+茶具）:HK$1,247']"
七仙嶺康樂温泉酒店,9.0,"['豪華半山園景雙床房:HK$293', '豪華雨林園景雙床房:HK$315', '豪華半山温泉雙床房:HK$391', '豪華雨林温泉雙床房5號樓:HK$424']"
神玉島玉酒店,9.4,"['蝴蝶公主親子房:HK$873', '奶龍親子房:HK$970', '櫻桃小丸子親子房:HK$970', '喜羊羊與灰太狼親子房:HK$970', '奧特曼親子房:HK$970', '小熊王子親子房:HK$970']"
海南七仙嶺龍灣珺唐酒店,9.2,"['景觀雨林大床房（私湯温泉+宜人雨林山景）:HK$681', '景觀雨林雙床房（私湯温泉+宜人雨林山景）:HK$681', '陽光雨林大床房（觀景陽台私湯温泉+深呼吸負氧離子）:HK$757', '陽光雨林雙床房（觀景陽台私湯温泉+深呼吸負氧離子）:HK$757', '花園親子套房（花園小院+私湯温泉+小童主題）:HK$1,256', '豪華套房（一室一廳遠觀山景+VIP尊享）:HK$1,796']"
保亭戴斯酒店,9.0,"['標準大床房:HK$387', '標準雙床房:HK$387', '商務大床房:HK$450', '豪華套房:HK$571']"
那香山雨林度假酒店（保亭呀諾達店）,8.9,"['蜜月單卧泳池別墅:HK$868', '潛山雙卧泳池別墅:HK$1,196']"
翡麗智慧酒店（保亭店）,9.1,"['新風簡約大床房（智能客控+手機投屏）:HK$159', '雅緻舒適大床房（智能客控+零壓床墊+高樓層）:HK$170', '新風簡約雙床房（智能客控+烘乾一體洗衣機）:HK$176', '雅緻舒適雙床房:HK$181']"
紫風鈴雨林療愈莊園,9.7,"['枕雲花園獨院大床房:HK$436', '庭院花園雙床房:HK$463', '景觀大床房:HK$463', '庭院浴缸麻將大床房:HK$514']"
維也納國際酒店（保亭中心店）,9.5,"['商務大床房:HK$331', '商務雙床房:HK$331', '景觀大床房:HK$348', '景觀雙床房:HK$348']"
九九八智聯商務酒店,9.5,"['特價房:HK$173', '標準單人房:HK$251', '商務雙人房:HK$266', '舒適雙床房:HK$267']"
天藝精品酒店（保亭七仙廣場店）,8.5,"['舒適雙床房【小沙發+辦公桌椅+乾濕分離】:HK$299', '特惠大床房【靜眠舒睡+辦公桌椅+定製洗漱用品】:HK$315']"
保亭三道榕樹灣民宿農家院,9.1,"['高級大床房:HK$295', '温馨親子房:HK$314']"
雅布倫田園山莊酒店（保亭呀諾達店）,9.0,"['雨林別墅大床房:HK$381', '雨林別墅雙標房:HK$381', '雨林別墅豪華親子房:HK$565', '雨林別墅豪華套房:HK$792']"
享水谷熱帶雨林國家公園度假酒店,8.6,"['山谷豪華雙標房:HK$400', '特惠雙床房:HK$400', '山谷豪華蜜月房:HK$416', '山谷豪華套房:HK$708']"
保亭雙大野奢康養酒店,9.3,"['豪華大床房:HK$312', '豪華雙床房:HK$312', '一房一廳家庭套房:HK$334', '一房一廳雙床套房:HK$334', '一房一廳大床套房:HK$334']"
保亭玉澗歸宿,7.6,"['庭院101房:HK$500', '庭院102房:HK$527', '玉嬋201房:HK$614', '玉嬋301房:HK$648']"
保亭仙嶺郡代爾蒙酒店,8.5,"['兩室兩廳度假園景套房:HK$348', '三室兩廳家庭園景套房:HK$479']"
保亭七仙嶺南美温泉山莊,8.1,"['新豪華房:HK$533', '仙景雙床房（無泡池）:HK$533', '優選雙床房:HK$566', '園景大床房:HK$620']"
保亭七仙河畔度假酒店,7.8,"['河畔單標房:HK$184', '河畔雙標房:HK$192', '河畔複式豪標房:HK$192', '河畔複式雙標:HK$192']"
茶溪谷大酒店,9.0,"['茶溪普標雙床房:HK$191', '茶溪普標復古大床房:HK$191', '雲棲木屋雙床房:HK$191', '雲棲木屋大床房:HK$191']"
海南七仙瑤池温泉度假酒店,7.8,"['山谷大床房:HK$358', '雨林温泉房:HK$392', '豪華雨林温泉房:HK$410', '複式雨林親子房:HK$724']"
寶徠賓館（保亭市場店）,8.1,"['陽光大床房:HK$133', '商務雙人房:HK$134', '舒適大床房:HK$152', '舒適雙床房:HK$157']"
樂家康養民宿,8.6,"['雅緻大床房:HK$140', '普通標準間:HK$140', '高級大床房:HK$184', '豪華標準間:HK$184']"
保亭七仙家庭旅館,8.7,"['大床房:HK$140', '雙標房:HK$162']"
共享智能酒店（保亭縣政府店）,9.3,"['Gl優享特惠房（零壓床墊）:HK$151', 'Gl樂享智能大床房（智能客控+零壓床墊）:HK$162', 'G L 私享智能大床房（享有風景+零壓床墊）:HK$173', 'G L 共享智能大床房（享有風景+智能客控+零壓床墊）:HK$194']"
保亭三道御景雨林商務酒店,9.0,"['特惠大床房:HK$175', '特惠雙床房:HK$187', '商務大床房:HK$197', '商務雙床房:HK$209']"
保亭柒月精品酒店,7.8,"['特惠大床房:HK$151', '主題大床房:HK$162', '柒月精品大床房:HK$173', '智能大床房【智能語音控制】:HK$184']"
山道園民宿,8.5,['親子温馨榻榻米房:HK$193']
保亭椰香閣酒店,9.1,"['大床房:HK$205', '雙床房:HK$216', '三人間:HK$238']"
保亭星都精品酒店（七仙廣場店）,9.0,"['舒享單間:HK$151', '温馨大床房:HK$173', '陽光大床房:HK$194', '雅緻雙人房:HK$205']"
北緯十八度蔡園民宿,8.1,"['温馨大床房:HK$183', '温馨雙床房:HK$184', '湖景温馨大床房:HK$269', '雨林庭院温馨家庭房:HK$285']"
保亭秀麗山莊,5.3,"['豪華大床房:HK$301', '豪華雙床房:HK$301', '親子房:HK$326', '麻將房:HK$369']"
美全康養酒店（保亭呀諾達店）,8.4,[]
花築·五指山合和館民宿,9.2,"['舒適大床房:HK$208', '觀景陽台大床房:HK$233', '觀景陽台雙床房:HK$246', '家庭套房:HK$494']"
瓦哎嚕酒店（五指山三月三大道店）,8.6,"['木香·清心榻榻米:HK$138', '沐心·靜謐大床房:HK$149', '拾光·浪漫圓床房:HK$160', '風清·望山雙床房:HK$171']"
海南御景酒店,9.2,"['御景特惠雙床房:HK$304', '御景雅緻雙床房:HK$315', '御景山谷雨林雙床房:HK$358', '豪華觀景雙床房:HK$402', '豪華觀景大床房:HK$446']"
五指山春和酒店,8.7,"['山景榻榻米:HK$170', '山景雙床房:HK$184', '河景雙床房:HK$205', '山景親子房:HK$265']"
五指山水雲居民宿酒店,9.1,"['湖畔豪華套房一室一廳:HK$369', '湖畔豪華一室一廳（雙標）:HK$424', '湖畔豪華套房二室一廳:HK$453', '園景豪華套房一室一廳:HK$497']"
五指山珠江水晶酒店,9.2,"['特惠雙床房:HK$311', '山景雙床房:HK$326', '特惠大床房:HK$327', '山景大床房:HK$345', '河景雙床房:HK$348']"
五指山清能麗景灣酒店,9.0,"['B1-麗景智控大床房:HK$348', 'B1-麗景智控雙床房:HK$348', '靜謐麗景·智控大床房:HK$404', '靜謐河景·智控雙床房:HK$436', '靜謐河景·智控大床房:HK$436', '水墨麗景·智控大床房:HK$507']"
全季酒店（五指山三月三大道店）,9.5,"['大床房:HK$301', '高級大床房:HK$331', '雙床房:HK$362', '家庭房:HK$391']"
五指山藝宿裏主題客棧,9.7,"['比鄰·温馨大床房:HK$258', '丘山堂・尊享國風套房:HK$870', '同堂·三室一廳類別墅套房:HK$905']"
五指山茗蘭舍,9.3,"['雨林氧吧觀山雙標房:HK$513', '雨林氧吧觀山大床房:HK$568', '雨林氧吧觀山套房:HK$972', '雨林氧吧觀山別墅:HK$2,917']"
五指山鵬來酒店,9.2,"['舒適大床房:HK$282', '舒適雙床房:HK$282', '尊享雙人房:HK$326', '尊享大床房:HK$326']"
五指山亞泰雨林酒店,9.1,"['雨林高級山谷雙床房:HK$446', '雨林雅緻別墅雙床房:HK$555', '雨林雅緻別墅大床房:HK$555', '雨林豪華山谷雙床房:HK$719', '雨林豪華山谷大床房:HK$752', '雨林豪華別墅雙床房:HK$823']"
五指山中部大酒店,9.3,"['豪華智控雙床房:HK$434', '豪華智控陽台雙床房:HK$481', '豪華智控陽台大床房:HK$512', '親子雙床房:HK$637']"
方諾寨·雨林生態莊園,9.1,"['黎家·田園別院，梯田景觀，田園風格聯排木屋:HK$674', '星墅·雨林景觀超大床房｜智能客控+除濕機+冰箱:HK$1,344', '雨墅·180度雨林景觀超大床房|雙人洗漱台+智能客控+浴缸+除濕機+冰箱:HK$1,587', '山墅·雨林景觀超大床房 ｜客廳+智能客控+除濕機+浴缸+冰箱:HK$1,587', '楓墅·180度雨林景觀超大床房|雙人搖椅+智能客控+浴缸+除濕機+冰箱:HK$1,587']"
