酒店名称,评分,房型价格列表
信陽東站大信廣場亞朵酒店,9.6,"['高級大床房（智能客控+手機投屏）:HK$332', '高級雙床房（智能客控+手機投屏）:HK$332', '行政大床房（智能客控+手機投屏）:HK$367', '幾木雙床房（智能客控+Minibar+PRO深睡枕）:HK$367', '幾木大床房（智能客控+Minibar+PRO深睡枕）:HK$403']"
世紀星酒店（信陽火車站天潤廣場店）,9.7,"['茶藝大床房（65寸投屏電視+全屋聲控冰箱茶台+智能馬桶）:HK$283', '商務大床房（65寸投屏巨幕電視+全屋聲控+智能馬桶）:HK$294', '零壓大床房（65寸投屏巨幕電視+全屋聲控+智能馬桶）:HK$294', '零壓雙床房（65寸投屏巨幕電視+全屋聲控+智能馬桶）:HK$294', '一大一小雙床房（零壓床品+全屋聲控+65寸投屏巨幕電視）:HK$305']"
信陽毛尖酒店（百花園店）,9.6,"['飄香雙床房（無窗）全屋智能+手機投屏+舒達床墊:HK$283', '入香大床房（無窗）全屋智能+手機投屏+舒達床墊:HK$283', '飄香雙床房:HK$292', '入香大床房全屋智能+手機投屏+舒達床墊:HK$292', '含香行政大床房+全屋智能+手機投屏+舒達床墊:HK$329']"
信陽維爾納酒店（信陽平橋世紀廣場店）,9.4,"['雅緻大床房（巨幕投影+記憶床墊+智能客控）:HK$195', '商務雙床房（巨幕投影+記憶床墊+智能客控）:HK$218', '商務大床房（巨幕投影+記憶床墊+智能客控）:HK$240', '景觀雙床房（巨幕投影+記憶床墊+智能客控）:HK$249', '家庭親子房（巨幕投影+記憶床墊+智能客控+小童洗護）:HK$295']"
信陽南灣湖山茶花酒店,9.3,"['雅緻大床房:HK$391', '雅緻雙床房:HK$468', '豪雅雙床房:HK$533', '影視大床房:HK$654', '親子房:HK$796']"
信陽温德姆酒店,9.5,"['高級雙床房:HK$438', '高級大床房:HK$476', '豪華雙床房:HK$503', '豪華大床房:HK$537', '行政雙床房:HK$570', '行政大床房:HK$602']"
麗申光明酒店（信陽東站國際商城店）,9.5,"['特價商務大床房:HK$173', '温馨舒適大床房:HK$202', '温馨舒適雙床房:HK$202', '靜眠舒適大床房:HK$210']"
信陽文新茶村度假酒店,9.5,"['特惠大床房:HK$483', '特惠雙床房:HK$483', '觀景大床:HK$587', '豪華雙床房:HK$587']"
信陽花葉院子裏酒店（信陽火車站天潤廣場店）,9.3,"['設計師行政大床房（零壓床墊）:HK$140', '設計師行政雙床房（懸浮床+零壓床墊）:HK$140', '商旅零壓大床房（零壓床墊）:HK$160', '商旅零壓雙床房（零壓床墊）:HK$160', '舒沐泡泡·浴缸圓床房（零壓床品）:HK$190']"
家園精品酒店（信陽高鐵東站大信廣場店）,9.5,"['大床房A（酒店提供洗衣房）:HK$136', '雙床房A（酒店提供洗衣房）:HK$174', '高級雙床房（酒店提供洗衣房）:HK$188', '高級大床房（酒店提供洗衣房）:HK$188']"
信陽毛尖假日酒店（南灣湖店）,9.6,"['毛尖輕奢大床房:HK$311', '毛尖輕奢雙床房:HK$311', '毛尖輕奢家庭房:HK$329', '毛尖輕奢雙床房（麻將房）:HK$365', '毛尖輕奢套房:HK$554']"
信陽聖德國際酒店,9.6,"['標準雙床房:HK$246', '標準大床房:HK$257', '豪華大床房:HK$354', '豪華雙床房:HK$354', '家庭房:HK$505']"
美豪酒店（信陽火車站市政府店）,9.6,"['精緻大床房:HK$293', '精緻雙床房:HK$304', '城景大床房:HK$352', '城景雙床房:HK$361', '夢百合零重力大床房:HK$406']"
季楓酒店（信陽東站店）,9.5,"['雅緻大床房（智能客控+65寸投屏電視+零壓床墊）:HK$246', '行政大床房（智能客控+65寸投屏電視+零壓床墊）:HK$271', '行政雙床房（智能客控+65寸投屏電視+零壓床墊）:HK$271', '豪華大床房:HK$310']"
全季酒店（信陽火車站天潤廣場店）,9.8,"['高級大床房:HK$267', '商務大床房:HK$277', '舒壓-高級大床房:HK$287', '高級雙床房:HK$305']"
信陽維斯特精選酒店（萬達廣場高鐵東站店）,9.8,"['特惠雙床房:HK$220', '精選雙床房（健康直飲水）:HK$230', '特惠大床房:HK$230', '精選大床房:HK$271']"
信陽平橋中州國際飯店,9.1,"['豪華雙床房:HK$231', '豪華大床房:HK$240', '商務大床房:HK$298', '商務雙床房:HK$298', '行政大床房:HK$341']"
悦居酒店（信陽高鐵東站大信廣場店）,9.4,"['仕居精緻雙床房:HK$172', '仕居影視房（高清巨幕+VIP海量片源）:HK$182', '全景·悦享舒適大床房:HK$226', '全景·悦享舒適雙床房:HK$235']"
陌上輕居酒店（信陽火車站天潤廣場店）,9.5,"['靜逸大床房（全智能客控+50寸可投屏電視）:HK$266', '雅緻雙床房（全智能客控+50寸可投屏電視）:HK$270', '頌語歡聚機麻棋牌套房:HK$290', '雅緻大床房（全智能客控+加濕器+50寸可投屏電視）:HK$294']"
金霞民宿,8.9,"['觀景大床房:HK$214', '温馨雙床房:HK$214', '智能觀景親子房:HK$392']"
柏頓酒店（信陽高鐵東站店）,9.5,"['城景·影音大床房:HK$202', '城景·標準雙床房:HK$214', '180°全景·輕奢影音大床房（高清巨幕）:HK$222', '180°全景·輕奢影音浴缸大床房（高清巨幕）:HK$263']"
信陽寶鵬廣場美居酒店,9.6,"['標準大床房（mini吧+空氣凈化器+加濕器）:HK$210', '高級大床房（空氣凈化器+加濕器+MIni吧）:HK$226', '高級雙床房（空氣凈化器+加濕器+MIni吧）:HK$226', '豪華雙床房（空氣凈化器+加濕器+MIni吧）:HK$241', '豪華大床房（mini吧+空氣凈化器+加濕器）:HK$361']"
錦江都城酒店（信陽火車站新中心醫院店）,9.6,"['精緻大床房（智能客控+冰箱+55寸可投屏電視）:HK$237', '時尚大床房（智能客控+冰箱+55寸可投屏電視）:HK$250', '時尚雙床房（智能客控+冰箱+55寸可投屏電視）:HK$263', '風雅大床房（智能客控+冰箱+55寸可投屏電視）:HK$282']"
金色水岸民宿酒店,9.3,"['影音大床房:HK$201', '影音雙床房:HK$201', '臻享麻將雙床房:HK$227', '臻享親子家庭房:HK$253']"
信陽星宿川沙灘營地,8.7,"['風中之葉-蘑菇屋:HK$962', '天涯海閣-帳篷屋:HK$962', '風中之葉-葉居:HK$1,071']"
申城國際酒店（信陽新十八大街店）,9.1,"['雅緻大床房:HK$186', '雅緻雙床房:HK$192', '標準影音大床房:HK$212', '情侶電動影音大床房:HK$257']"
錦程酒店（信陽北立交橋店）,9.1,"['大床房:HK$148', '高級大床房:HK$157', '高級雙床房:HK$165', '豪華套房:HK$226']"
仟那美宿酒店（信陽火車站溮河區店）,9.6,"['仕居精緻雙床房（零壓記憶枕+智能音控+安然入睡）:HK$262', '仕居精緻大床房（零壓記憶枕+智能音控+安然入睡）:HK$262', '竹溪精品雙床房（城市山景+智能客控+65寸可投屏電視）:HK$317', '竹溪精品大床房（城市山景+智能客控+65寸可投屏電視）:HK$317']"
麗楓酒店（信陽市政府火車站店）,9.1,"['豪華大床房（慕思床墊+安心睡眠）:HK$221', '躺平治癒大床房（慕斯床墊+安心睡眠）:HK$241', '躺平治癒雙床房（慕思床墊+安心睡眠）:HK$241', '景觀大床房（慕思床墊+安心睡眠）:HK$265']"
曼遇主題酒店（信陽火車站站天潤廣場店）,9.6,"['主題圓床房（智能電視投屏+酒店公區提供自助洗衣房）:HK$156', '温馨大床房:HK$156', '豪華大床房（小米電視投屏+酒店公區提供自助洗衣房）:HK$170', '豪華投影大床房（百寸巨幕投影+影視會員:HK$191']"
嘉居·美宿公寓酒店（信陽天潤廣場火車站店）,8.9,"['清馨優選觀影大床房[影視VIP+洗衣機+冰箱+無線投屏]:HK$139', '城景靜雅觀影大床房[影視VIP+120寸幕布+酒店提供自助洗衣服務+無線投屏]:HK$148']"
信陽聖達酒店（火車站店）,9.4,"['豪華大床房（零壓舒睡床墊+智能語音）:HK$278', '豪華雙床房（零壓舒睡床墊+智能語音）:HK$278', '影音大床房（零壓舒睡床墊+投影+智能語音）:HK$318', '商務大床房（零壓舒睡床墊+智能語音控制）:HK$318', '商務套房（零壓舒睡床墊+智能語音+棋牌麻將）:HK$403']"
雞公山星湖之畔酒店,9.1,"['山景雙床房:HK$525', '山景大床房:HK$525', '山景大床套房:HK$962', '山景雙床套房:HK$962']"
維也納國際酒店（信陽市政府火車站店）,9.5,"['標準雙床房（全景落地窗）:HK$246', '標準大床房（全景落地窗）:HK$246', '高級大床房（全景落地窗+零壓舒睡床墊）:HK$282', '高級雙床房（全景落地窗+零壓舒睡床墊）:HK$282', '豪華大床房（零壓舒睡床墊+全景落地窗）:HK$300']"
信陽蘭酒店（市政府羊山外國語小學店）,9.4,"['温馨大床房（獨立冰箱）:HK$182', '温馨雙床房（獨立冰箱）:HK$182', '靜逸大床房（自助洗衣房+獨立冰箱）:HK$201', '靜逸雙床房（自助洗衣房+獨立冰箱）:HK$201']"
駿怡連鎖酒店（信陽火車站店）,9.2,"['優品大床房:HK$159', '優品雙床房:HK$167', '零壓商務大床房:HK$167', '豪華大床房:HK$175']"
信陽橙子精品酒店（和美廣場店）,9.7,"['豪華大床房（品牌床墊+小米空氣凈化器）:HK$255', '豪華雙床房（品牌床墊+小米空氣凈化器）:HK$267', '商務大床房（品牌床墊+小米空氣凈化器）:HK$340', '商務雙床房（品牌床墊+小米空氣凈化器）:HK$340']"
全季酒店（信陽市政府萬達廣場店）,9.7,"['高級大床房:HK$284', '商務大床房:HK$302', '舒壓-高級大床房:HK$321', '雙床房:HK$341']"
雲智酒店（信陽高鐵東站店）,9.5,"['特惠大床房:HK$171', '優享大床房:HK$206', '尊享智能大床房:HK$257', '尊享雙床房:HK$257']"
浠岸Deluxe酒店（信陽萬達店）,9.5,"['Deluxe玲瓏大床房（零壓舒睡床墊）:HK$282', 'Deluxe高級大床房（零壓舒睡床墊）:HK$320', 'Deluxe豪華大床房（零壓舒睡床墊）:HK$372', 'Deluxe豪華雙床房（零壓舒睡床墊）:HK$372']"
信陽華悦假日酒店,9.2,"['豪華雙床房:HK$260', '豪華大床房:HK$260', '娛心棋牌雙床房:HK$369', '豪華套房:HK$501']"
信陽名人藝術酒店,9.0,"['浪漫地中海水床房:HK$219', '舒適大床房:HK$219', '極光影音大床房:HK$226', '零壓上岸大床房:HK$233']"
信陽華庭酒店（和美廣場火車站店）,9.5,"['豪華大床房:HK$211', '豪華雙床房（小冰箱）:HK$243', '商務大床房（徠芬高速吹風機）:HK$253', '商務雙床房（小冰箱）:HK$253']"
漢庭優佳酒店（信陽火車站店）,9.8,"['高級大床房:HK$170', '雙床房:HK$179', '家庭房:HK$207', '套房:HK$236']"
鐵路商務賓館（信陽火車站店）,9.1,"['清新舒睡雙床房:HK$201', '清新舒睡大床房:HK$201', '悠享好夢雙床房:HK$220', '悠享好夢大床房:HK$220']"
信陽建設路賓館（小南門美食街店）,9.0,"['豪華大床房:HK$387', '商務大床房:HK$387', '商務標準間:HK$387']"
全季酒店（信陽東站店）,9.6,"['高級大床房:HK$293', '豪華大床房:HK$312', '商務大床房:HK$330', '高級雙床房:HK$330']"
希岸酒店（信陽師範大學譚山校區店）,9.6,"['希岸大床房:HK$214', '希岸豪華大床房（零壓床品）:HK$246', '希岸豪華雙床房（零壓床品）:HK$246', '希岸商務大床房（零壓床品）:HK$279']"
花葉雅居酒店（信陽平橋六高麗寶廣場店）,9.6,"['清新雙床房:HK$150', '深度睡眠大床房:HK$161', '榻榻米大床房:HK$161', '賞悦雙床房:HK$172']"
星程酒店（信陽火車站天潤廣場店）,9.5,"['高級大床房:HK$179', '高級雙床房:HK$179', '商務大床房:HK$189', '舒壓-高級大床房:HK$198']"
