酒店名称,评分,房型价格列表
雲棲·星辰酒店（內江萬達廣場高鐵站店）,9.2,"['星辰·城景智能大床房:HK$163', '星辰·觀城景智能雙床房:HK$174', '攬星辰·觀景豪華大床房:HK$185', '小城故事·觀景智能私人影院房（180寸巨幕私人影院+vip4k投影）:HK$195']"
內江高鐵北站傳化廣場亞朵酒店,9.7,"['高級大床房（小冰箱+智能客控+投屏電視+四層隔音窗户）:HK$314', '高級雙床房（小冰箱+智能客控+投屏電視+四層隔音窗户）:HK$314', '行政大床房（投屏電視+智能客控+小冰箱+四層隔音窗户）:HK$332', '尊享大床房（品鑒迷你吧+深睡床墊+四層隔音窗户+智能客控+投屏電視）:HK$358', '尊享雙床房（品鑒迷你吧+深睡床墊+四層隔音窗户+智能客控+投屏電視）:HK$358']"
維也納國際酒店（內江萬達廣場店）,9.6,"['高級雙床房（智能客控+智能馬桶+全景落地窗）:HK$278', '高級大床房（智能客控+智能馬桶+全景落地窗）:HK$289', '豪華大床房（智能客控+全景落地窗）:HK$299', '豪華雙床房（智能客控+全景落地窗）:HK$299', '豪華特大床房（智能客控+全景落地窗）:HK$299']"
喆啡酒店（內江吾悦廣場店）,9.6,"['特惠大床房:HK$266', '啡凡體驗房:HK$271', '醇享大床房:HK$293', '醇享雙床房:HK$301', '商務大床房:HK$301']"
甜城國際酒店（內江萬達高鐵站店）,9.2,"['特惠大床房（浴缸+親膚浴袍+雲端城景）:HK$173', '特惠雙床房（親膚浴袍+雲端城景）:HK$173', '商務大床房（智能客控+雲端城景）:HK$205', '奢想·大圓床（浪漫氛圍+歐式長沙發+雲端城景）:HK$214']"
內江濱江假日酒店,9.4,"['城市景觀高級雙床房:HK$290', '高級房:HK$327', '城市景觀高級大床房:HK$327', '豪華城景大床房:HK$355', '江景高級雙床房:HK$363', '舒適高級房:HK$384']"
內江沁園春酒店,9.5,"['特惠大床房:HK$260', '特惠雙床房:HK$271', '智能大床房:HK$315', '智能雙床房:HK$326', '智能行政大床房:HK$338']"
賽豪酒店（內江萬達廣場店）,10.0,"['零壓精選大床房[巨幕投影+騰訊會員]:HK$172', '零壓精選雙床房[大辦公桌+雙人沙發+騰訊影視會員]:HK$191', '愛麗絲巨幕浴缸大床房[泡泡浴套裝+騰訊會員暢享]:HK$216', '一戰成名豪華棋牌房[品牌麻將機+棋牌+舒適空間]:HK$227']"
花漾·星辰智能影院酒店（內江萬達廣場高鐵站店）,9.6,"['吒寂懸浮大床房（舒睡護脊床墊+75寸高清電視投屏+智能客控）:HK$171', '榻榻米夜景大床房（全屋智能+舒適躺椅+高空夜景）:HK$182', '滾來滾去大床房（高空城景+小度管家+全屋智能家居）:HK$193', '馬到成功雙床房（高空城景+75寸高清投屏+全屋智能家居）:HK$203']"
誠泰酒店（內江四方塊店）,9.6,"['高級大床房（智能客控丨天貓精靈丨零壓床墊）:HK$179', '高級雙床房（智能客控丨天貓精靈丨零壓床墊）:HK$195', '商務大床房（智能客控丨天貓精靈丨零壓床墊）:HK$220', '商務雙床房（智能客控丨天貓精靈丨零壓床墊）:HK$244']"
內江艾林大千國際酒店,9.3,"['特價大床房:HK$271', '特價雙床房:HK$271', '江景豪華大床房:HK$315', '城景豪華雙床房:HK$315', '江景豪華雙床房:HK$315']"
花逸酒店（內江大千公園店）,9.6,"['西林望·禪意大床房:HK$242', '特價雙床房:HK$257', '大風堂豪華雙床房:HK$277', '西林望豪華大床房:HK$277', '大風堂豪華單間:HK$278']"
喆啡酒店（內江萬達廣場高鐵北站店）,9.6,"['啡凡體驗房:HK$208', '醇享大床房:HK$230', '商務大床房:HK$260', '商務雙床房:HK$260', '豪華雙床房:HK$280']"
欣怡酒店（內江高鐵北站師範學院店）,9.6,"['温馨大床房丨夜夜好眠舒達床墊+智能客控:HK$228', '高級大床房丨夜夜好眠舒達床墊+智能客控:HK$257', '高級雙床房丨夜夜好眠舒達床墊+智能客控:HK$264', '櫻落時光大床房丨夜夜好眠舒達床墊+智能客控:HK$264']"
城市之間智能酒店（內江萬達廣場店）,9.3,"['180度獨享大床房（全景視野+恆温智能馬桶+100寸投影）:HK$139', '慢漫城裡舒適大床房（高空全景+極米超清120寸投影）:HK$157', '煙火城市大床房（高空城景+全能智能馬桶+180寸高清投影）:HK$174', '奇幻雙床房（高空城景+180寸超清投影+全屋智能客控）:HK$185']"
全季酒店（內江師範學院萬晟城店）,9.7,"['高級大床房（智能客控+投屏電視+小冰箱+深睡床墊）:HK$280', '高級雙床房（智能客控+電視投屏+小冰箱+深睡床墊）:HK$280', '景觀大床房（智能客控+電視投屏+小冰箱+街景）:HK$309', '景觀雙床房（智能客控+電視投屏+小冰箱+街景）:HK$309']"
內江宮禧酒店（內江北站店）,9.3,"['普通單間:HK$268', '普通標準間:HK$287', '豪華單間:HK$296', '商務單間:HK$306']"
花漾·錦瑟智能影院酒店（內江高鐵北站店）,9.6,"['迷你空間大床房【科技智能+體重稱+輕柔羽絨被芯】:HK$195', '滾來滾去大床房【恆温智能馬桶+熟睡護頸枕+體重稱】:HK$210', '躺平治癒雙床房【1.8米雙床+零壓床墊+MINI小冰箱】:HK$219', '巨幕影音大床房【輕柔羽絨被芯+巨幕觀影+MINI小冰箱】:HK$219']"
你好酒店（內江火車北站店）,9.4,"['高級大床房（全屋智能+零壓護頸枕+電視投屏）:HK$187', '商務大床房（全屋智能+深睡床墊+電視投屏）:HK$199', '商務雙床房（全屋智能+深睡床墊+電視投屏）:HK$205', '家庭房（全屋智能+深睡床墊+電視投屏）:HK$224']"
菲利特酒店（內江萬達廣場店）,9.6,"['逸居大床房[近4A級景點大千園+張大千紀念館]:HK$128', '輕奢公寓大床房:HK$138', '零壓好眠雙床房[內江暑期親子出遊度假酒店TOP1]:HK$148', '尊享超級大床房:HK$160']"
內江運亨大酒店,8.4,"['商務標間:HK$143', '迷你單間:HK$144', '豪華大床間:HK$174', '豪華標準間:HK$177', '夢百合零壓標間:HK$236']"
城市雲端酒店,9.7,"['180度特惠影音大床房:HK$163', '舒適智能大床房:HK$185', '輕奢智能大床房:HK$207', '奇幻智能雙床房:HK$212']"
明宇麗雅酒店（內江高鐵北站師範學院店）,9.2,"['輕居大床房丨金可兒床墊+乾濕分離+冰箱:HK$261', '輕居雙床房丨金可兒床墊+乾濕分離+冰箱:HK$261', '麗雅雙床房丨採光好+乾濕分離+金可兒床墊+冰箱:HK$293', '麗雅大床房丨採光好+乾濕分離+金可兒床墊+冰箱:HK$293', '動物樂園主題雙床房丨小童玩具+記憶枕+金可兒床墊:HK$316']"
內江斯特加斯酒店（萬達廣場店）,9.2,"['雲端丨智能大床房【語音控制+休閑茶几】:HK$130', '雲端丨輕氧大床房【舒適好眠+休閑茶几】:HK$142', '雲端丨觀景雙床房【休閑茶几+舒適床品】:HK$142', '180度丨觀景大床房【高空觀景+舒適好眠】:HK$165']"
UG Urban Garden Hotel 都市花園酒店（內江萬達廣場高鐵北站店）,9.2,"['花園園景大床房:HK$120', '都市創意大床房:HK$145', '花園舒適大床房:HK$164', '花園雅緻大床房:HK$177']"
雲端酒店（高鐵北站店）,9.5,"['璀璨城景榻榻米:HK$167', '城景雅悦雙床房:HK$200', '城景風尚大床房:HK$225', '城景智能巨幕影院房:HK$225']"
萊斯·雲尚酒店,9.0,"['靜享·特惠大床房:HK$209', '優享·豪華大床房:HK$223', '暢享·舒適大床房:HK$236', '城景·豪華雙床房:HK$236']"
內江甜城大廈賓館（市中區街心花園店）,8.9,"['單間:HK$122', '優享大床房（落地窗）:HK$141', '豪華單間（夢百合零壓床墊+智能馬桶+TOTO衞浴）:HK$184', '豪華標間（夢百合零壓床墊+智能馬桶+TOTO衞浴）:HK$202']"
冰界電競酒店,9.6,"['樂享暢遊大床房[RTX3060+155hz+2k顯示器]+全屋智能:HK$190', '雅緻經典大床房[RTX3060+155hz+2k顯示器]:HK$193', '雲端大床房[RTX4060+155hz+全屋智能+2k顯示器]:HK$209', '基友開黑雙床房[RTX4060+155hz+電競椅+2k顯示器]:HK$237']"
格調酒店（內江萬達高鐵北站店）,8.7,"['漫雅 高級大床房:HK$218', '銘雅·禮居雙床房:HK$228', '靜雅 豪華大床房:HK$282', '典雅 豪華雙床房:HK$282']"
由裏尚雅智慧酒店（內江市中區第一人民醫院店）,9.2,"['尚雅·智能優選影院大床房（酒店公區提供洗衣房+零壓乳膠床墊+記憶枕+騰訊VIP會員觀影）:HK$97', '尚雅·智能奢享影院大床房（自助洗衣+零壓乳膠床墊/記憶枕+騰訊VIP會員觀影）:HK$103', '尚雅·智能精選影院大床房（自助洗衣+零壓乳膠床墊/記憶枕+騰訊VIP會員觀影）:HK$103', '尚雅·智能奢享影院雙床房（自助洗衣+零壓乳膠床墊/記憶枕+騰訊VIP會員觀影）:HK$108']"
花漾·陌上智能影院酒店（內江高鐵北站店）,9.6,"['夜景榻榻米·迷你空間大床房（智能客控+恆温馬桶）:HK$206', '安靜好眠 ·智能客控大床房（辦公書桌+深睡助眠床墊）:HK$216', '高清投屏·智能客控大床房（休閑沙發+高清手機投屏）:HK$235', '安靜好眠 ·智能客控雙床房（動人夜景+輕柔被芯）:HK$254']"
東籬別院,10.0,"['望月大床套房（浴缸+落地窗）:HK$350', '等風大卧套房:HK$373', '聽雨雙卧包院套房:HK$587', '歡墅雙卧套房（含KTV+麻將+百寸投影）:HK$679']"
色悦主題民宿,10.0,"['夏威夷影院房（4K巨幕投影）電影VIP特權（密碼鎖）:HK$278', '日系影院房（4K巨幕投影）電影VIP特權+密碼鎖:HK$278', '法系風情影院房（4K巨幕投影）電影VIP特權:HK$278', '漢系影院房（4K巨幕投影）電影VIP特權+密碼鎖:HK$278']"
萊茵河畔影院酒店（內江高鐵北站大佛寺店）,9.3,"['偶嶼丨惠致邂逅圓床房[投影+浴缸】:HK$177', '安旅丨投影雙床房[巨幕投影】:HK$183', '歡享丨棋牌大床房（有窗+機麻+投影）:HK$234']"
如家派柏雲酒店（內江萬達廣場店）,9.0,"['大床房B（俯望濕地公園景色+靜謐+酒店提供自助洗衣房）:HK$131', '大床房（俯望濕地公園景色+靜謐+酒店提供自助洗衣房）:HK$140', '雙床房B（城景+酒店提供自助洗衣房）:HK$140', '商務大床房（城景+安心舒適+酒店提供自助洗衣房）:HK$148']"
天韻軒民宿（天悦城店）,9.9,['舒適大床房:HK$175']
內江亞丁楠酒店,8.2,"['豪華大床房:HK$155', '榻榻米圓床房:HK$162', '暢享投影大床房（海量影片、支持投屏）:HK$162', '標準雙人房:HK$169']"
愛琴海酒店（內江市第二人民醫院店）,8.8,"['特惠大床房:HK$130', '普通大床房:HK$156', '豪華大床房:HK$171', '豪華雙床房:HK$177']"
阿富爾連鎖酒店（內江世紀濱江店）,8.9,"['特惠温馨大床房:HK$106', '優享温馨雙床房:HK$129', '優享陽光大床房:HK$147', '優享陽光雙床房:HK$162']"
錦上民宿酒店（內江傳化廣場高鐵北站店）,9.5,"['悦享温馨大床房:HK$126', '素雅温馨投影大床房（優酷VIP）:HK$126', '悦享温馨投影大床房（優酷VIP ）:HK$134', '清雅舒適投影大床房（優酷 VIP）:HK$145']"
內江龍門時尚酒店（市中區大洲廣場店）,8.9,"['優選經濟大床房:HK$96', '甄選雅緻大床房（酒店提供自助洗衣機）:HK$111', '零壓睡眠大床房（酒店提供自助洗衣機）:HK$120', '輕奢舒睡雙床房（酒店提供自助洗衣機）:HK$145']"
回禾酒店（內江市中區大洲廣場店）,8.7,"['特惠大床間:HK$90', '特價標間:HK$96', '舒適大床房:HK$108', '商務標間:HK$114']"
內江歐城商務賓館,9.7,"['迷你大床房:HK$113', '豪華商務雙床房:HK$167', '豪華商務大床房:HK$167', '豪華雙床套房:HK$228']"
錦心閣酒店,9.2,"['高級大床房:HK$149', '憂享大床房:HK$192', '亨享雙床房:HK$195', '尊享棋牌房:HK$260']"
內江玥庭軒民宿酒店,9.1,"['經濟大床房:HK$83', '舒適大床房:HK$107', '豪華大床房:HK$113', '標準雙床房:HK$119']"
禾煦酒店（內江高鐵北站店）,8.8,"['精裝大床房:HK$97', '雅緻投影大床房:HK$113', 'INS風精裝大床房:HK$138', '商務雙人標間:HK$138']"
內江未來商務賓館（市中區店）,8.8,"['優質單間（酒店公區提供洗衣房）:HK$89', '特惠房:HK$110', '豪華大床房（酒店提供洗衣房）:HK$111', '浪漫情侶房（酒店提供洗衣房）:HK$111']"
尚客優精選酒店（內江紅星美凱龍店）,9.2,"['麻將大床房:HK$83', '特惠雙床間:HK$174', '標準大床房:HK$182', '精選大床房:HK$198']"
棲子閣民宿酒店（內江北站傳化廣場店）,9.0,"['棲寓 . 優選大床房（智能客控）:HK$93', '棲品 . 精選大床房（智能客控）:HK$96', '棲享 . 智能投影大床房:HK$104', '棲致 . 隱奢雙床房（智能客控）:HK$115']"
