酒店名称,评分,房型价格列表
雲上四季酒店（六盤水高鐵站人民廣場店）,9.6,"['商務大床房:HK$400', '高級大床房:HK$418', '高級雙床房:HK$436', '景觀大床房:HK$436']"
居是酒店（水城古鎮店）,9.1,"['安睡森系單人房（護腰床墊+新風系統）:HK$432', '安睡森系雙床房（護腰床墊+新風系統）:HK$492', '安睡投影超大床房（小米投影儀+護腰床墊+新風系統）:HK$492', '居是大床房（護腰床墊+自助洗衣房）:HK$546']"
如家酒店（六盤水高鐵站人民廣場店）,9.4,"['商務大床房A:HK$164', '商務大床房:HK$181', '高級大床房:HK$199', '雙床房:HK$199']"
漢庭酒店（六盤水站鐘山大道店）,9.6,"['高級大床房（智能馬桶+記憶枕）:HK$337', '商務大床房（喜臨門床墊+智能馬桶）:HK$355', '高級雙床房（記憶枕+無線電視投屏）:HK$374', '家庭房（喜臨門床墊+記憶枕）:HK$411']"
維也納酒店（六枝休閑廣場高鐵南站店）,9.5,"['高級大床房:HK$247', '標準大床房:HK$247', '高級雙床房:HK$247', '豪華大床房:HK$264']"
濕地裏·觀景美宿（六盤水明湖師範學院店）,9.0,"['半山祕境大床房:HK$228', '無喧山景·影院觀景大床房:HK$252', '賞晚霞·陽台影院大床房（全屋智能+廚房）:HK$274', '望山間 •半山影院大床房（全屋智能）:HK$274']"
六盤水雨田酒店,8.8,"['標準大床房:HK$345', '豪華大床間:HK$513', '商務大床套房:HK$602', '商務雙床套房:HK$602', '行政套房:HK$796']"
攬月居,9.8,"['望月·雲散月明輕奢大床房:HK$427', '逐日·暖居庭院陽光大床房:HK$427', '聽雨·靜謐慵懶舒適雙床房:HK$446', '摘星·星空夜景豪華大床房:HK$474']"
漢庭酒店（六盤水人民廣場鳳凰大道店）,9.5,"['大床房（電視投屏+喜臨門床墊）:HK$423', '高級大床房（辦公桌+記憶枕）:HK$473', '商務大床房（辦公桌+記憶枕）:HK$522', '高級雙床房（電視投屏+記憶枕）:HK$571']"
艾悠酒店（六盤水高鐵站人民廣場店）,9.2,"['小U·精緻大床房:HK$437', '小U·舒適大床房（避暑舒適床）:HK$461', 'U+觀影大床房:HK$469', '小U·舒適雙床房（涼都舒適床）:HK$493']"
六盤水艾蘭國際酒店,9.3,"['高級單間（低樓層）:HK$468', '高級單間:HK$468', '高級標間（低樓層）:HK$511', '高級標間:HK$511', '豪華山景單間:HK$555']"
六盤水福朋喜來登酒店,9.2,"['高級大床房:HK$326', '高級雙床房:HK$326', '豪華雙床房:HK$389', '豪華大床房:HK$389', '商務行政大床房:HK$580', '山景休閑套房:HK$1,517']"
維也納國際酒店（六盤水水城店）,9.4,"['高級大床房:HK$257', '商務大床房:HK$262', '豪華大床房:HK$273', '豪華雙床房:HK$273']"
全季酒店（六盤水萬達廣場店）,9.4,['商務大床房-投屏辦公桌:HK$704']
城裡有院·靜謐時光·隱宿（六盤水萬達廣場店）,9.0,['INS有院. 靜謐優品大床房（電影浴缸+廚房冰箱+靜謐陽光）:HK$530']
鴻昇酒店,8.6,"['高級單人房:HK$377', '豪華單人房:HK$473', '豪華行政大床房:HK$604', '高級套房:HK$686', '行政套房:HK$796']"
尚易智選酒店（六盤水站店）,9.2,"['靜謐大床房:HK$157', '靜謐雙床房:HK$195', '街景大床房:HK$206', '街景雙床房:HK$219']"
元宿酒店（六盤水火車站人民廣場店）,9.7,"['靜謐雙床房:HK$234', '舒適大床房:HK$257', '優享睡眠房:HK$259', '舒適雙床房:HK$284']"
六盤水·錦欣酒店（萬達廣場高鐵站店）,9.0,"['輕奢雅居 | 舒適大床房:HK$635', '輕奢雅居 | 輕享雙床房:HK$635']"
頤程智選酒店（六盤水水城店）,9.2,"['智選mini大床房:HK$304', '智選大床房:HK$330', '智選雙床房:HK$339', '智選豪華大床房:HK$374']"
六盤水星儷恆酒店,9.2,"['商務大床房:HK$402', '商務雙床房:HK$402', '景觀大床房:HK$424', '景觀雙床房:HK$424']"
南海雲天酒店（六盤水鐘山區政府店）,9.2,"['舒適大床房（喜臨門深睡床墊+喜臨門乳膠枕）:HK$435', '觀影大床房（堅果投影+百寸大屏觀影+智能語音+智能客控）:HK$476', '豪華大床房（智能語音+智能客控+喜臨門乳膠枕）:HK$567', '南海大床房（智能語音+智能客控+喜臨門乳膠枕）:HK$583']"
六盤水時代假日酒店,9.0,"['高級雙床房:HK$380', '高級大床房:HK$380', '豪華雙床房:HK$413', '豪華大床房:HK$413', '温馨房:HK$413']"
六盤水涼都印象酒店（愛琴海購物公園店）,9.3,"['高級雙床房【無窗】古典傢俱+深睡床墊:HK$548', '高級大床房【無窗】古典傢俱+深睡床墊:HK$548', '豪華雙床房【花園景+頂噴花灑】:HK$686', '豪華大床房【花園景+頂噴花灑】:HK$714', '行政大床房【超大空間+智能音箱+特色浴缸】:HK$865']"
六盤水雲端逸境酒店（鐘山區政府店）,7.3,"['靜雅休閑標間:HK$260', '藍海雅居雙床房:HK$344', '藍海雅居大床房:HK$355', '舒睡休閑三人間:HK$357']"
水城能投酒店,9.6,"['行政城景大床房:HK$360', '行政城景雙床:HK$388', '商務棋牌雙床:HK$453']"
六盤水月桐酒店,9.5,"['特價單間:HK$205', '舒適大床房:HK$249', '舒適標間:HK$271', '陽光大床房:HK$293']"
六盤水騰龍大酒店,9.4,"['智能大床房:HK$522', '智能雙床房:HK$558', '智能影視雙床房:HK$558', '智能棋牌房:HK$585', '高級行政套房:HK$743']"
捷林豐鑫酒店（六枝人民路店）,9.4,"['大床房:HK$195', '商務大床房:HK$203', '豪華大床房:HK$211', '觀影房:HK$220']"
佲奢藝術酒店（六盤水市高鐵站人民廣場店）,9.4,"['舒適好眠大床房（中式古典-品茗茶具）:HK$250', '舒適好眠雙床房（中式古典-品茗茶具）:HK$263', '靜享輕奢大床房（中式古典-高級床墊-獨立空調）:HK$274', '雅緻觀景大床房（休閑沙發-高級床墊-乾濕分離）:HK$295']"
城市方舟酒店（六盤水站萬達廣場店）,9.3,"['精選大床房（智能馬桶+智能客控）:HK$399', '智能雙床房（智能馬桶+智能客控）:HK$464', '輕居大床房（智能馬桶+智能客控）:HK$530', '輕居雙床房（智能馬桶+智能客控）:HK$530']"
浦江大酒店,9.2,"['雅緻雙床房:HK$282', '雅緻大床房:HK$282', '豪華大床房:HK$315', '雅緻套房:HK$358']"
六枝特區雲晨酒店,7.6,"['特惠大床房:HK$100', '特惠單間:HK$100', '精緻單間:HK$128', '精緻大床房:HK$128']"
華天大酒店（六盤水火車站店）,7.7,"['特惠雙床房（品質床品+一次性浴巾拖鞋）:HK$216', '特惠大床房（品質床品+一次性浴巾拖鞋）:HK$217', '商務雙床房（休閑沙發+一次性浴巾拖鞋）:HK$244', '商務大床房（休閑書桌+一次性浴巾拖鞋）:HK$245']"
夏小姐的名宿（六盤水職業技術學院店）,9.9,"['雲漫大床房〔超大落地窗+洗衣機+空調〕:HK$327', '漫時光套房【落地窗！高清投影！沙發茶几！】:HK$327', '雅緻雙床房【空調+高速上網】:HK$327', '靜謐安睡房【高速上網+空調】:HK$327']"
萬東國際大酒店,9.2,"['豪華大床房:HK$457', '豪華雙床房:HK$457', '休閑大床房:HK$511', '湖景大床房:HK$511', '湖景雙床房:HK$511']"
明遠大酒店,9.1,"['行政標間:HK$238', '行政單間:HK$238', '豪華單間:HK$293']"
美樺花園咖啡·民宿,9.5,"['臻品簡約大床房:HK$270', '臻品雅緻雙床房:HK$273', '臻品城景大床房:HK$299', '臻品豪逸套房:HK$348']"
六盤水星儷嵐酒店,9.0,"['豪華大床房:HK$500', '豪華雙床房:HK$500', '豪華景觀大床房:HK$544', '豪華景觀雙床房:HK$544', '動物樂園幸運房（無邊床）:HK$577', '神奇森林房（有邊床）:HK$588']"
六盤水金海國際大酒店,7.6,"['商務單間:HK$338', '商務標間:HK$338', '豪華行政雙床房:HK$360', '豪華行政大床房:HK$360', '商務套房:HK$436']"
精途商務酒店（六盤水高鐵站店）,7.9,"['【事】·悦享大床房【中式美學水墨畫設計·恆温貼心電熱毯·舒適安眠彈力床墊·恆温速幹吹風機】:HK$181', '【萬】·悦享雙床房【中式美學水墨畫設計·恆温貼心電熱毯·A類純棉親膚舒睡布草·貼心守護飲用水】:HK$185', '【順】·雅緻雙床房【賞市井人間煙火美景·綿柔親膚舒睡布草·清新柔風空調·舒適安眠彈力床墊】:HK$191', '闔家歡·景觀家庭套房【中式典雅水墨畫設計風·清新柔風空調·綿柔親膚舒睡布草·貼心守護飲用水】:HK$248']"
六盤水曉島酒店,7.8,"['靜逸舒心雙床房:HK$337', '時光舒適大床房:HK$346', '雲尚悦享大床房:HK$352']"
六盤水鐘山賓館,8.7,"['特惠商務精品房:HK$205', '標準單間:HK$260', '標準雙床房:HK$282', '商務大床房:HK$326']"
植元裏·花園酒店（六盤水鐘山區政府店）,9.6,"['鳥語花香·植趣大床房:HK$535', '春暖花開·植趣雙床房:HK$568', '春花秋月·植雅大床房:HK$585', '錦上添花·植雅雙床房:HK$626']"
美玲假日酒店（六盤水萬達廣場六盤水站店）,9.4,"['精緻大床房:HK$527', '精緻雙床房:HK$527', '雅緻大床房-大屏電視可投屏+小智管家:HK$559', '雅緻雙床房-大屏電視可投屏+小智管家:HK$559', '輕奢大床房-小智管家智能客控:HK$591']"
途中樂旅遊民宿,9.8,"['特價（花園）大床房:HK$333', '花園大床房:HK$359', '花園標間:HK$404', '簡約套房:HK$611']"
貴州酒店集團六盤水 · 貴州飯店,9.5,"['商務湖景大床房:HK$643', '商務城景雙床房:HK$676', '簡約城景雙床房:HK$676', '雅緻湖景大床房:HK$720', '雅緻城景雙床房:HK$752', '家庭房:HK$752']"
了凡塵居酒店,9.3,"['特惠標間（全屋智能系統）:HK$305', '特惠loft大床房（全屋智能系統客卧分離雙層互動空間）:HK$407', '輕奢陽光雙床房（全屋智能系統）:HK$435', '城市輕奢Loft大床房（小冰箱+洗衣機+廚房-全屋智能）:HK$453']"
六盤水焰燃居民宿,8.7,"['暖居雙人房:HK$156', '初遇大床房:HK$156', '歸心大床房:HK$175', '雅居雙床房:HK$193']"
六盤水三束花開·禧舍（星築中央公園店）,8.3,"['椿嶼▪大床房:HK$402', '（棋牌）覓知▪大床房:HK$446', '蜜悦·雙床房:HK$468', '歸謐·標間:HK$468']"
雲端有院（六盤水人民廣場萬達廣場店）,9.2,"['鳥瞰涼都>城景影院大床房（高空夜景+中式庭院+城際CBD）:HK$344', '向那雲端·山景影院大床房（俯瞰鳳凰山景+獨立廚房+四合庭院）:HK$389', '向那雲端>霞光有院大床房（高空小院+俯瞰廣場+獨立廚房）:HK$434', '家庭親子>大小雙床全景套房（俯瞰夜景+廚房冰箱+棋牌娛樂）:HK$579']"
博雅酒店（六盤水鐘山區政府店）,9.1,"['涼都逸境·樂享城景大床房:HK$466', '涼都逸境·尊享城景雙床房:HK$466', '涼都逸境·行政城景大床房（採光飄窗＋品質洗護）:HK$521', '涼都逸境·行政城景雙床房（採光飄窗＋品質洗護）:HK$521', '愜意悠然·商務城景大床房（光亮浴缸+品質洗護）:HK$532']"
六盤水大河堡涼都花海大酒店,8.9,"['Menta·山野景觀大床房:HK$754', 'Menta·山野景觀雙床房:HK$754', 'Toffee·露台庭院大床房:HK$797', 'Toffee·露台庭院雙床房:HK$797', 'Floyd·祕境花園大床房:HK$863']"
六盤水天空之戀·懸崖酒店,8.7,"['雲鏡別墅景觀雙床房:HK$1,237', '山鏡別墅大床房:HK$2,218', '雲鏡別墅景觀棋牌雙床房:HK$2,352', '霧鏡豪華複式別墅:HK$3,499']"
城市方舟電競民宿（六盤水站萬達廣場店）,9.5,"['榻榻米單人間:HK$433', '優選雙床房:HK$617', '智選電競大床房:HK$617', '開嘿電競雙床房（UU加速器+酒店公區提供自助洗衣房）:HK$739']"
花海星空露營基地,9.8,"['星空輕奢太空艙:HK$855', '林景輕奢太空艙:HK$1,014', '雲隱花房·林間山景輕奢大床房:HK$1,014', '山景奢華太空艙套房A:HK$1,724']"
南飛鼎昂國際大酒店,9.5,"['摩洛哥風情-花園大床房:HK$346', '戈壁灘沙漠-花園大床房:HK$369', '阿爾卑斯-觀景雙床房:HK$449', '熱帶雨林-露台大床房-獨立休閑區-智能客控:HK$471']"
明湖觀景民宿（六盤水師範學院店）,9.7,"['【明湖觀景】丨觀景特惠房:HK$305', '【明湖觀景】丨觀景情侶圓形房:HK$323', '【明湖觀景】丨觀景親子房:HK$425', '【明湖觀景】丨觀景娛樂房 "":HK$463']"
花築·伴山渡酒店,9.6,"['星河綺夢·豪華太空艙親子雙床房【星空夜景】:HK$4,376', '山色雲端·奢華太空艙套房【綠野仙蹤·星空夜景·深度睡眠】:HK$4,376']"
知了民宿,9.7,"['大床房:HK$323', '標準雙床房:HK$323', '標準大床房:HK$323', '標準一室大床房:HK$323']"
六盤水集居七月客棧（水城古鎮店）,7.2,"['楠隱丨精選大床房:HK$534', '酣春丨舒適雙床房:HK$570', '蟬時雨丨三人榻榻米房:HK$570', '薰風丨舒適雙床房:HK$570']"
六盤水黛雅酒店,8.3,"['雅緻大床房（智能馬桶+全屋智能）:HK$407', '雅緻雙床房（智能馬桶+全屋智能）:HK$453', '陽光景觀大床房:HK$500', '陽光花園大床房（智能馬桶+全屋智能）:HK$500']"
