酒店名称,评分,房型价格列表
南平閩北大飯店,9.2,"['高級雙床房:HK$331', '江景大床房:HK$400', '江景雙床房:HK$400', '江景行政大床房:HK$445', '高級套房:HK$635']"
宜尚酒店（南平建發悅城中心建陽站店）,9.5,"['負氧離子舒適大床房「雅瀾高端床墊+舒適睡眠+森林呼吸」:HK$208', '負氧離子舒適雙床房「雅瀾高端床墊+舒適睡眠+森林呼吸」:HK$217', '陽光滿屋高級大床房「安睡零壓枕芯+電視投屏+舒軟沙發」:HK$227', '陽光滿屋高級雙床房「安睡零壓枕芯+電視投屏+舒軟沙發」:HK$236', '童趣時光親子雙床房「家庭温馨小居+180°陽光+乾濕分離」:HK$236']"
維也納國際酒店（南平建陽建平大道店）,9.5,"['山景大床房:HK$261', '景觀大床房:HK$287', '山景雙床房:HK$304', '智能城景大床房:HK$322', '園景大床房:HK$343']"
漢庭酒店（南平市政府店）,9.6,"['大床房:HK$171', '高級雙床房:HK$171', '高級大床房:HK$195', '豪華大床房:HK$212']"
雲宿精品酒店（南平萬達廣場店）,9.5,"['特價大床房:HK$277', '豪華大床房:HK$328', '豪華雙床房:HK$328', '棋牌休閑套房:HK$442', '豪華套房:HK$443']"
南平武夷悦酒店,9.5,"['商務大床房:HK$341', '商務雙床房:HK$341', '高級雙床房:HK$369', '高級大床房:HK$369', '親子房:HK$398', '豪華雙床房:HK$398']"
南平漢歌精品酒店,9.2,"['精緻大床房:HK$194', '精品大床房:HK$240', '精品雙床房:HK$242', 'VIP精品大床房:HK$282']"
南平雅閣國際大酒店,9.1,"['雅閣大床房:HK$379', '雅閣雙床房:HK$379', '豪華江景大床房:HK$569', '豪華江景雙床房:HK$569', '行政江景大床房:HK$892', '行政江景雙床房:HK$892']"
南平御景國際酒店,8.8,"['情侶房:HK$274', '精品標間:HK$274']"
早起的鳥民宿,9.3,"['温馨特價大床房:HK$235', '意式簡約風特價大床房:HK$248', '安靜質樸日式風大床房:HK$290', '温馨浪漫投影大床房:HK$314']"
拾光民宿,10.0,"['拾光荷塘 花園大床房 超清投影 智能語音控制 禪意茶室:HK$255', '拾光花語 南洋大床房 超清投影 智能語音控制 禪意茶室:HK$255', '拾光夢之 豪華大床房 超清投影 語音控制 禪意茶室:HK$255', '拾光清風 意式大床房 超清投影 智能語音控制 禪意茶室:HK$255']"
最佳西方財富酒店（南平建陽悦城店）,9.1,"['精緻大床房:HK$255', '豪華大床房:HK$268', '豪華雙床房:HK$268', '行政雙床房:HK$333', '行政大床房:HK$333']"
南平西城國際大酒店,9.0,"['雅緻大床房（新風系統）:HK$264', '雅緻雙床房（新風系統）:HK$264', '豪華雙床房（新風系統）:HK$283', '豪華大床房（新風系統）:HK$283', '行政雙床房（新風系統）:HK$322']"
南平尚庭智慧酒店（建陽二中店）,8.8,"['輕居致尚大床房:HK$188', '輕居致尚雙床房:HK$198', '温馨小築榻榻米間:HK$202', '觀景影院大床房:HK$222']"
南平九峯大廈,8.9,"['標準大床房:HK$283', '標準雙床房:HK$283', '親子房:HK$339', '商務套房:HK$551']"
南平中都温德姆酒店,8.9,"['豪華大床房:HK$370', '豪華雙床房:HK$370', '高級大床房:HK$415', '高級雙床房:HK$415', '豪華套房:HK$643']"
南平星空影院民宿,9.5,"['温情浪漫房:HK$186', '青葱影院大床房:HK$199', '小清新影院大床房:HK$205', '璽享影院大床房:HK$213']"
棲息北舍公寓（下嚴墩店）,9.8,"['豪華大床房:HK$223', '舒適大床房:HK$223', '陽光大床房:HK$232', '標準雙床房:HK$242']"
南平漢歌誠品酒店（延平站大學城店）,9.4,"['室-寬適超高大床房（深睡記憶枕+乾濕分離）:HK$158', '適-江景大床房（深睡記憶枕+乾濕分離）:HK$200', '適-智能舒睡房（負氧離子床墊+睡眠監測儀+白噪音）:HK$217', '適-江景雙床房（深睡記憶枕+乾濕分離）:HK$227']"
南平繽紛里民宿（卧龍灣花花世界店）,9.7,"['花意自在雙床房:HK$499', '花漾自在雙床房（客廳）:HK$549', '茶香悠然套房:HK$549', '趣享親子家庭房（複式帶滑梯）:HK$628', '繽紛悦居套房（客廳+智能馬桶）:HK$1,284']"
南平延林大酒店,8.7,"['行政雙床房:HK$279', '行政大床房:HK$279', '輕奢智能大床房:HK$351', '輕奢智能雙床房:HK$351']"
南平楠悦左岸酒店,9.0,"['初見·簡約大床房（全景落地窗+休閑沙發）:HK$154', '且聽·簡約雙床房（全景落地窗+商務辦公桌）:HK$154', '初見·豪華大床房（全景落地窗+休閑沙發）:HK$161', '且聽·豪華雙床房（全景落地窗+商務辦公桌）:HK$161']"
藝選酒店（南平建陽汽車站三中店）,8.9,"['舒適大床房:HK$114', '商務大床房:HK$123', '尊享大床房:HK$133', '商務雙床房:HK$133']"
南平億發大酒店,8.5,"['標準大床房:HK$181', '標準雙床房:HK$185', '豪華單人間:HK$204', '豪華標準間:HK$204']"
維也納3好酒店（南平建陽店）,9.3,"['錦享茶舍大床房（智能馬桶+零壓床墊）:HK$192', '高級大床房（智能馬桶+零壓床墊）:HK$197', '豪華雙床房（智能馬桶+零壓床墊）:HK$222', '影院大床房（智能馬桶+零壓床墊）:HK$230']"
臻璽客舍酒店,9.1,"['精品大床房:HK$207', '臻璽商務房:HK$226']"
南平建陽大飯店,9.3,"['普通標準間:HK$103', '行政大床房:HK$131', '行政標準間:HK$138', '三人間:HK$165']"
南平棲息北舍公寓,8.8,['棲息家庭套房:HK$645']
南平富宸國際大酒店,9.0,"['精品榻榻米:HK$144', '豪華大床房:HK$160', '豪華雙床房:HK$176', '行政大床房:HK$192']"
南平金都大酒店（汽車站店）,8.3,"['靜雅丨行政雙床房【街景+浴缸】:HK$132', '臻選丨舒適三人間【環境舒適】:HK$150']"
南平禧悦詩意酒店,9.2,"['舒適大床房:HK$159', '舒適大床A:HK$170', '暢享影音房:HK$182', '精選大床房:HK$187']"
如家派柏·雲酒店（延平大劇院店）,8.5,"['商務大床房:HK$179', '惠享雙床房（無窗-智能馬桶）:HK$179', '商務雙床房:HK$207', '零壓精選雙床房:HK$224']"
姚府民宿（延平大學城店）,9.6,"['豪華大床房:HK$179', '標準雙床房:HK$185', '豪華套房:HK$197']"
南平西方財富酒店,8.5,"['特惠雙人間:HK$246', '特惠單人間:HK$246', '商務大床房:HK$274', '商務雙床房:HK$274', '高級雙人間:HK$303']"
南平知魚公寓,9.1,"['知魚知性大床房:HK$141', '知魚温馨大床房:HK$141', '知魚知樂大床房:HK$141', '知魚親子套房:HK$181']"
南平建陽優睿灣民宿,9.3,"['精緻大床房:HK$145', '精裝大床房:HK$146', '標準大床房:HK$160', '温馨大床房:HK$177']"
拾光民宿（南平延平站大學城店）,9.4,"['温馨雙床間:HK$179', '北歐大床房:HK$179', '豪華觀影北歐大床房:HK$211']"
柏瑞酒店式公寓,9.7,['高級大床房:HK$112']
尚客優悦酒店（南平建陽體育館店）,9.5,"['舒適大床房（落地窗+全屋智能）:HK$209', '智能優悦零壓大床房（超大空間+落地窗+全屋智能）:HK$229', '優悦零壓雙床房（超大空間+落地窗+全屋智能）:HK$229', '麻將大床房（超大空間+落地窗+全屋智能）:HK$243']"
南平武夷山德懋堂度假村,9.5,"['雲院一室一廳（別墅）:HK$1,170', '雲院（獨棟別墅）:HK$1,690', '水院（獨棟別墅）:HK$3,881']"
南平錦園賓館（建陽汽車站店）,9.0,"['舒適大床房:HK$156', '舒適雙床房:HK$165', '温馨三人間:HK$217', '親子房:HK$217']"
南平四賢客棧,9.2,"['楊時:HK$210', '李侗:HK$215', '湖岸:HK$295', '延平大床房:HK$312']"
a5990民宿,9.7,"['簡約大床房103:HK$144', '標準大床房102:HK$160', '標準大床房106:HK$160', '豪華大床房108:HK$184']"
西苑民宿（南平人民西路店）,9.3,"['星河大床房:HK$149', '觀瀾大床房:HK$149', '柏林大床房:HK$149', '正達鹿鳴影院大床房:HK$149']"
南平印象楠林酒店,8.9,"['經濟房:HK$208', '山景大床房:HK$208', '豪華標間:HK$230', '豪華大床房:HK$230']"
南平乾成泰賓館,9.1,"['普通雙人間:HK$160', '豪華雙人間:HK$264', '豪華單間:HK$264']"
南平鼎盛商務酒店（區政府店）,8.9,"['特價房（無車位）:HK$128', '特惠雙床房:HK$132', '簡歐大床房:HK$139', '簡歐雙床房:HK$145']"
愛琴海主題酒店（南平延平汽車站店）,9.3,"['特惠大床房:HK$170', '時尚大床房:HK$194', '商務雙床房:HK$199', '電動床主題房:HK$210']"
朝陽酒店（南平朝陽路店）,9.0,"['特價大床房（無窗）:HK$141', '商務雙床房:HK$188', '舒適大床房:HK$199', '主題房:HK$209']"
南平速9酒店（大劇院店）,8.6,"['精選大床房:HK$186', '零壓精選雙床房:HK$219', '智控大床房:HK$226', '智控雙床房:HK$226']"
