酒店名称,评分,房型价格列表
柏曼酒店（南寧金湖廣場埌西地鐵站店）,9.6,"['商務大床房（零壓床墊+舒適好眠+俯瞰城景）:HK$321', '高級大床房（零壓床墊+陽光滿屋+俯瞰城市景觀）:HK$324', '商務雙床房（零壓床墊+靜謐好眠+採光通透）:HK$344', '高級雙床房（零壓床墊+靜謐好眠+俯瞰城市景觀）:HK$349', '豪華大床房（陽光滿屋+俯瞰城市美景+靜謐好眠）:HK$351']"
金慶盛歡住酒店（南寧會展中心鳳嶺地鐵站店）,9.5,"['高級大床房（180°地標城市景觀+大空間設計+豪華浴缸）:HK$330', '高級雙床房（180°地標城市景觀+大空間設計+豪華浴缸）:HK$330', '豪華大床房（舒享浴缸+奢享空間+舒適沙發）:HK$367', '豪華雙床房（舒享浴缸+奢享空間+舒適沙發）:HK$378']"
優逸酒店（南寧會展中心萬象城地鐵站店）,9.6,"['零壓商務雙床房（星空中庭觀景+深度好眠+智能馬桶）:HK$427', '舒適特大床房（星空中庭觀景+零壓床墊+電熱乾衣架）:HK$427', '精選大床房（零壓床墊 +智能馬桶+電熱乾衣架）:HK$459', '巨幕影音雙床房（沉浸觀影+雙隔音門+電熱乾衣架）:HK$465', '巨幕影音大床房（沉浸觀影+超大沙發+小冰箱）:HK$503', '零壓商務大床房（獨立辦公區+會客茶台+電熱乾衣架）:HK$537']"
怡程酒店（南寧東站華豐城愛琴海城市廣場店）,9.6,"['智能國風高級大床房【安靜秒睡記憶枕|零壓床墊+空氣凈化器+梳粧全身鏡】:HK$370', '智能國風高級雙床房【安靜秒睡記憶枕|零壓床墊+小米空氣凈化器+梳粧全身鏡】:HK$370', '智能國風城景大床房【 180度超大落地靜音玻璃+速乾電衣架+安靜秒睡記憶枕|空氣凈化器】:HK$397', '智能國風舒適大床房【180度超大落地靜音玻璃+速乾電衣架+零壓按摩床墊】:HK$420', '智能國風城景雙床房【180度超大落地靜音玻璃+智能馬桶+速乾電衣架|空氣凈化器】:HK$428']"
美住·悦檐酒店（南寧會展中心埌西地鐵站店）,9.4,"['悦馨雙床房（智能客控+舒適辦公+電視投屏）:HK$240', '悦惠大床房（智能客控+電視投屏+品味自然芳香）:HK$240', '悦馨大床房（智能客控+舒適辦公+電視投屏）:HK$267', '悦享全景大床房（陽光通透+超大穿衣鏡+品質床墊）:HK$280', '悦享全景雙床房（陽光通透+雙門隔音+LED化粧鏡）:HK$280']"
吉瑞酒店（南寧火車東站南廣場店）,9.4,"['雅居丨舒適大床房（公區自助洗衣機+簡約舒適）:HK$320', '雅居丨舒適雙床房（公區自助洗衣機+簡約舒適）:HK$363', '靜逸丨城景大床房（落地窗高層俯瞰城市景觀+靜謐睡眠）:HK$387', '靜逸丨城景雙床房（落地窗高層俯瞰城市景觀+靜謐睡眠）:HK$387']"
美豪麗致酒店（南寧火車站明秀路地鐵站店）,9.5,"['麗致榻榻米房（零壓床墊+mini冰箱）:HK$335', '麗致大床房（金榜提名+全屋智能解放雙手高效便捷）:HK$355', '麗致雙床房（金榜題名+徠芬品牌負離子吹風機）:HK$355', '雅緻大床房（雙層隔音保障舒適睡眠）:HK$386', '雅緻雙床房（徠芬品牌負離子吹風機）:HK$417']"
永恆朗悦精選酒店（南寧火車站朝陽廣場地鐵站店）,9.0,"['特惠大床房（無窗）:HK$165', '舒適高級大床房:HK$187', '高級雙床房:HK$207', '精選大床房:HK$207']"
宜尚酒店（南寧朝陽廣場路橋融創茂店）,9.7,"['ECHARM|高級大床房【180°雲景+頸椎守護者-記憶枕】:HK$252', 'ECHARM|高級雙床房【180°雲景+頸椎守護者-記憶枕】:HK$252', 'ECHARM|影院大床【4K超清巨幕+杜比全景+雲端落地窗】:HK$274', 'ECHARM|豪華大床房【180°雲景+智能客控+Mini冰箱】:HK$274']"
南寧南湖名都大酒店,9.5,"['商務雙人間（城市CBD天際景觀）:HK$546', '城市景觀單人間（半湖美景轉角房+豪華浴缸）:HK$589', '城市景觀雙人間（半湖美景）:HK$600', '商務單人間（城市CBD天際景觀）:HK$622', '城景特大床:HK$666', '豪華湖景雙人間（毗鄰城市公園，俯瞰南湖全景）:HK$688']"
金慶盛金鑽酒店（萬象城南寧火車東站店）,9.6,"['金鑽雙床房（180°城市景觀+電動窗簾）:HK$418', '金鑽大床房（風格多樣+180°城市景觀+電動窗簾）:HK$418', '悦享大床房（電動窗簾+採光好）:HK$432', '奢享浴缸大床房（180°城市景觀+電動窗簾）:HK$441', '奢享浴缸雙床房（180°城市景觀+辦公桌椅+電動窗簾）:HK$441', '馨享超大床房（適合家庭出遊+180°城市景觀）:HK$449']"
南寧東站會展中心桔子水晶酒店,9.6,"['大床房（65寸4K超清投屏電視+全屋智能客控）:HK$392', '商務雙床房（65寸4K超清投屏電視+全屋智能客控）:HK$411', '商務大床房（65寸4K超清投屏電視+全屋智能客控）:HK$411', '高級大床房（65寸4K超清投屏電視+全屋智能客控）:HK$429', '觀景雙床房（65寸4K超清投屏電視+全景落地窗）:HK$449']"
南寧中心永恆皇冠假日酒店,9.5,"['高級房-大床:HK$593', '豪華房-雙床（舒適浴缸）:HK$596', '豪華房-大床（舒適浴缸）:HK$697', '景觀房-雙床（俯瞰城市夜景）:HK$787', '景觀房-大床（俯瞰城市夜景）:HK$814', '行政房-大床（高樓層CBD景觀）:HK$930']"
柏曼酒店（南寧五象總部基地廣西體育中心店）,9.8,"['智能高級大床房（全景落地窗+高速吹風筒+75寸大電視）:HK$294', '智能高級雙床房（全屋客控+75寸大電視+mini冰箱）:HK$303', '智能豪華大床房（功夫茶具+75寸大電視）:HK$318', '影院商務大床房（暢享騰訊視頻+100寸巨幕投屏+冰箱）:HK$350', '智能家庭房（小童樂園 + 爸媽解放區+75寸超大投屏）:HK$383']"
南寧安吉希爾頓歡朋酒店,9.6,"['舒適大床房:HK$411', '高級雙床房:HK$423', '高級大床房:HK$434', '舒適園景雙床房（户外露台）:HK$434', '舒適園景大床房（户外露台）:HK$445']"
之間民宿（南寧朝陽廣場三街兩巷店）,9.6,"['院間·馬賽大床房203【小米智能家居】:HK$387', '院間·温馨大床房205【小米智能家居】:HK$387', '巷間·陽台大床202【小米智能家居】:HK$445', '舍間·青瓦大床房206【小米智能家居】:HK$445']"
雅斯特國際酒店（南寧朝陽廣場區政府店）,9.2,"['雅緻大床房【房間格局温馨舒適|手機投屏|商務辦公桌】:HK$251', '高級雙床房【極簡輕奢沉浸質感生活|手機投屏|商務辦公桌|貴妃躺椅】:HK$251', '超級大床房【極簡輕奢雙拼大床隨心躺|手機投屏|商務辦公桌】:HK$272', '觀景大床房【透過落地玻璃享受夕陽美景|貴妃躺椅】:HK$283', '觀景雙床房【全景落地玻璃俯瞰邕城夜景|手機投屏|商務辦公桌】:HK$305']"
南寧金水灣國際大酒店（南湖公園麻村地鐵站店）,9.4,"['東南亞原木雙床房（陽光通透+優質床品+高樓層）:HK$261', '東南亞原木大床房（陽光通透+優質床品+高樓層）:HK$261', '豪華大床房（恆温乾衣架+貴妃躺椅）:HK$293', '豪華雙床房（恆温乾衣架+優質床品）:HK$293', '商務雙床房（恆温乾衣架+辦公桌椅+高樓層）:HK$337']"
泊寧酒店（南寧青秀山會展中心店）,9.5,"['精緻大床房（迷你冰箱+親膚浴袍+辦公桌椅+護脊床墊）:HK$289', '豪華大床房（靜謐大浴缸+親膚浴袍+護脊床墊）:HK$358', '豪華雙床房（護脊床墊+親膚浴袍+輕奢浴缸+迷你冰箱）:HK$358', '商務雙床房（窗外夜景+乳膠海綿床墊+大辦公桌）:HK$372', '商務大床房（靜謐深度好眠+乳膠海綿床墊+親膚浴袍）:HK$372']"
南寧邕江賓館,9.2,"['特惠雙床房--安靜温馨+浴缸:HK$316', '標準大床房-簡約時尚+浴缸:HK$360', '標準雙床房-簡約時尚+浴缸:HK$360', '商務雙床房-安靜舒適+浴缸:HK$425', '豪華行政雙床房-商家推薦:HK$469', '豪華行政大床房-商家推薦:HK$469']"
雅斯特國際酒店（南寧萬象城東盟商務區地鐵站店）,9.5,"['雅緻大床房:HK$300', '雅緻雙床房:HK$300', '高級大床房（近盛天地+乾濕分區+免停車費）:HK$332', '高級雙床房（近龍光世紀+智能全屋+自助洗衣房）:HK$332', '豪華大床房（近萬象城+智能全屋+免停車費）:HK$352']"
香榭裏酒店（南寧會展航洋城店）,9.0,"['舒適大床房（雅靜安逸）:HK$381', '舒適雙床房（雅靜安逸）:HK$403', '商務大床房（城市高空夜景+悠享辦公）:HK$403', '商務雙床房（CBD城市高空景觀+悠享辦公）:HK$436', '行政大床房（會展高空夜景+網紅打卡）:HK$436']"
美豪麗致酒店（南寧會展中心埌西地鐵站店）,9.5,"['麗致城景大床房（小度音響+城市美景+電動窗簾+智能家居）:HK$338', '智能語控雙床房（電動窗簾+時尚簡約+智能家居+小度音響）:HK$367', '智能語控大床房（小度音響+時尚簡約+智能家居+城市美景+電動窗簾）:HK$390', '麗致輕奢雙床房（超大空間+智能家居+電子貓眼+小度音響）:HK$412', '麗致輕奢大床房（智能家居+小度音響+超大空間+電動窗簾）:HK$412']"
南寧龍光那蓮豪華精選酒店,9.5,"['雲端高空美景丨高級城景大床房:HK$1,080', '雲端高空美景丨高級城景雙床房:HK$1,080', '雲賞青秀山景緻丨高級山景大床房:HK$1,189', '雲賞青秀山景緻丨高級山景雙床房:HK$1,189', '壯美270°天際日出日落窗邊浴缸丨精選大床房:HK$1,408', '壯美270°天際日出日落窗邊浴缸丨精選雙床房:HK$1,408']"
南寧曼爾頓國際酒店（會展中心金湖廣場地鐵站店）,9.4,"['曼妙·清新雙床房（舒適床墊）:HK$314', '曼妙·清新大床房（時尚簡約）:HK$314', '曼享·城景雙床房（全景落地）:HK$330', '曼享·城景大床房（落地觀景）:HK$350', '曼怡·智能城景雙床房（燈火闌珊）:HK$371']"
雲錦智能影院酒店（南寧火車站地鐵口店）,9.3,"['舒適影院大床房【温馨躺平】:HK$231', '雅緻影院大床房:HK$242', '巨幕影院大床房【小度智能聲控房間設備+百寸巨幕】:HK$300', '巨幕影院雙床房:HK$312']"
南寧邕州飯店（火車站朝陽廣場店）,9.2,"['商務雙床房【簡約大氣+酒店公區提供自助洗衣】:HK$161', '商務大床房【大氣簡約+酒店公區提供自助洗衣】:HK$161', '豪華商務雙床房【房間通透+採光好+靜謐舒適睡眠好】:HK$182', '夢百合零壓雙床房【記憶棉慢回彈零壓床墊+深度睡眠】:HK$182', '智能健康雙床房【智能客控+空氣凈化機】:HK$182']"
南寧火車站北湖亞朵酒店,9.7,"['雅緻大床房（裸棉床品+普蘭特床墊+慢回彈記憶枕）:HK$400', '雅緻雙床房（裸麪床品+普蘭特床墊+慢回彈記憶枕）:HK$421', '高級大床房（普蘭特床墊+榻榻米）:HK$441', '高級雙床房（榻榻米+裸棉床品）:HK$460', '行政大床房（Mini冰箱+榻榻米+慢回彈記憶枕）:HK$471']"
南寧香格里拉酒店,9.4,"['臻選豪華雙床房+180°俯瞰綠城景觀:HK$906', '豪華大床房+180°俯瞰綠城景觀:HK$920', '臻選豪華大床房+180°俯瞰綠城景觀:HK$1,013', '豪華閣尊榮大床房+270°俯瞰邕城繁華+日出朝霞或日落雲海:HK$1,431', '泰普爾主題大床房-非凡酣睡體驗+270°俯瞰邕城繁華:HK$1,848', '親子家庭連通房+180°俯瞰綠城景觀:HK$2,658']"
雅斯特國際酒店（南寧朝陽廣場地鐵站店）,9.1,"['雅緻大床房（採光好）:HK$371', '高級雙床房（採光好）:HK$393', '高級大床房（採光好）:HK$404', '觀景大床房（城市夜景+化粧鏡）:HK$426', '觀景雙床房（城市夜景+化粧鏡）:HK$437']"
雅斯特國際酒店（南寧安吉萬達廣場蘇盧地鐵站店）,9.5,"['雅緻大床房（安吉萬達廣場SOHO1號樓—電視投屏+城市夜景+高樓層）:HK$213', '雅緻雙床房（安吉萬達廣場SOHO1號樓—俯瞰城市美景+雙人沙發+電視投屏）:HK$213', '超級大床房（雙人沙發+電視投屏+釋壓床墊）:HK$230', '豪華雙床房（高樓層+雙人位沙發+電視投屏）:HK$230']"
華笙酒店（海吉星江南公園地鐵站店）,9.7,"['庭景大床房:HK$299', '庭景雙床房:HK$299', '園景大床房:HK$319', '園景雙床房:HK$319', '城景大床房:HK$329']"
南寧鳳凰賓館（新朝陽大廈朝陽廣場店）,9.5,"['鳳悦雙床房:HK$325', '鳳悦城景大床房:HK$325', '鳳凰尊享大床房:HK$347', '鳳凰尊享雙床房:HK$347', '鳳凰尊享三床房:HK$391']"
南寧火車站虎邱大廈怡程酒店,9.4,"['標準大床房【東方韻味丨優美城景丨靜謐空間】:HK$311', '標準雙床房【東方韻味丨優美城景丨靜謐空間】:HK$311', '高級大床房【東方韻味丨優美城景丨靜謐空間丨精緻浴衣】:HK$345', '高級雙床房【東方韻味丨優美城景丨靜謐空間丨精緻浴衣】:HK$345', '親子主題房【東方韻味丨優美城景丨靜謐空間丨精緻浴衣】:HK$359']"
全季酒店（南寧金湖廣場店）,9.7,"['高級大床房A:HK$412', '高級大床房:HK$432', '高級雙床房:HK$432', '舒壓高級大床房:HK$453', '舒壓高級雙床房:HK$453']"
南寧朝陽廣場地鐵站亞朵酒店,9.6,"['雅緻大床房（深睡PRO枕+深睡床品+小冰箱）:HK$460', '高級大床房（深睡PRO枕+深睡床品+小冰箱）:HK$491', '雅緻雙床房（深睡PRO枕+深睡床品+小冰箱）:HK$551', '行政大床房（深睡PRO枕+深睡床品+小冰箱）:HK$561', '高級雙床房（深睡PRO枕+深睡床品+小冰箱）:HK$601']"
悦笙酒店（南寧朝陽廣場火車站店）,9.5,"['一見暮卿・格調高級大床房『智能馬桶｜金可兒床墊｜MiNi冰箱｜手機無線充』:HK$328', '一夕一夏·悦享雅緻大床房『智能馬桶｜金可兒床墊｜MiNi冰箱｜手機無線充』:HK$328', '一城美景・縱享觀景大床房『俯瞰180°邕城美景｜智能馬桶｜金可兒床墊｜小度智能客控』:HK$349', '一路生花・格調高級雙床房『智能馬桶｜金可兒床墊｜MiNi冰箱｜手機無線充』:HK$358']"
南寧沃美酒店（萬象城國際會展中心店）,9.1,"['豪華大床房（迷你冰箱+電熱乾衣機）:HK$321', '豪華雙間（迷你冰箱+電熱乾衣機）:HK$351', '商務單間:HK$352', '商務雙間（迷你冰箱+電熱乾衣機）:HK$382', '夢幻雲朵房（迷你冰箱+電熱乾衣機）:HK$398']"
藝龍壹棠酒店（南寧吳圩國際機場店）,9.3,"['海棠雙床房（智能客控）:HK$258', '海棠大床房（智能客控）:HK$258', '棠意大床房:HK$288', '棠意雙床房:HK$288', '壹心大床房:HK$316']"
南寧五象希爾頓歡朋酒店,9.7,"['舒適大床房（美國舒達床墊+小冰箱）:HK$363', '舒適雙床房（美國舒達床墊+小冰箱）:HK$363', '高級大床房（美國舒達床墊+小冰箱）:HK$392', '高級雙床房（美國舒達床墊+小冰箱）:HK$392', '豪華大床房（高樓層+城市景觀）:HK$423']"
南寧喬頓酒店（南寧萬象城東盟商務區地鐵站店）,9.6,"['青秀大床房（俯瞰邕城美景+採光好）:HK$435', '青秀雙床房（俯瞰邕城美景+採光好）:HK$435', '雲景雙床房（180°俯瞰邕城美景+辦公桌椅+舒適沙發）:HK$479', '雲景大床房（180°俯瞰邕城美景+辦公桌椅+舒適沙發）:HK$479', '御書大床房（180°俯瞰邕城美景+輕奢浴缸+辦公桌椅+舒適沙發）:HK$501']"
美豪麗致酒店（南寧朝陽廣場地鐵站三街兩巷店）,9.3,"['遇見三街兩巷大床房|瞰高層景觀+享步行古巷繁華美景:HK$400', '遇見三街兩巷雙床房|温馨舒適+智能客控品牌床墊:HK$400', '零壓·遇見三街兩巷深睡大床房|零壓記憶枕+零壓床墊:HK$427', '麗致輕奢大床房|陽光通透高空城景+安靜舒眠體驗:HK$460', '麗致輕奢雙床房|陽光通透高空城景+安靜舒眠體驗:HK$460']"
安達曼星途酒店（南寧朝陽廣場三街兩巷店）,9.2,"['温馨大床房:HK$148', '精緻大床房:HK$165', '精緻雙床房:HK$183', '影音大床房:HK$253']"
優範Plus·江景酒店（南寧南湖公園中山路店）,9.5,"['雅緻大床房（精緻空間+親膚浴袍+恆温電熱乾衣架）:HK$371', '輕奢江景雙床房（江邊夜景+商務辦公桌+智能馬桶）:HK$402', '輕奢江景大床房（江邊夜景+全景落地窗+電視投屏）:HK$402', '輕奢大床房（商務辦公桌+電視投屏+智能馬桶）:HK$404', '豪華大床房（超大浴缸+零壓枕頭+靜謐好眠）:HK$447']"
南寧鳳凰賓館（火車站地鐵站店）,9.6,"['標準雙床房A（簡約）:HK$277', '標準雙床房B（安靜）:HK$308', '精選雙床房（舒適）:HK$339', '童趣親子雙床房:HK$350', '悦享大床房:HK$370']"
南寧馬可波羅假日酒店（會展中心琅西地鐵站店）,9.2,"['豪華大床房（超大電視+LED化粧鏡+休閑茶具）:HK$308', '豪華雙床房（悦享輕奢生活+時尚簡約+超大電視）:HK$309', '智能豪華大床房（陽光通透+城市景觀+智能客控+辦公桌椅）:HK$374', '智能豪華雙床房（城市景觀+電動窗簾+智能馬桶+舒適床品）:HK$404', '豪華電競雙人房（遊戲特權+加速器）:HK$412']"
南寧東葛路地鐵站亞朵X酒店,9.6,"['雅緻房（普蘭特床墊+記憶枕）:HK$390', '高級大床房（普蘭特床墊+記憶枕）:HK$410', '高級雙床房（普蘭特床墊+記憶枕）:HK$410', '行政大床房（Mini小冰箱+小米智能體重秤+普蘭特床墊+記憶枕）:HK$450', '行政雙床房（Mini小冰箱+小米智能體重秤+普蘭特床墊+記憶枕）:HK$471']"
漢庭酒店（南寧朝陽廣場地鐵站店）,9.5,"['高級大床房:HK$264', '高級雙床房:HK$284', '商務大床房:HK$284', '家庭房:HK$312']"
夏朵酒店（南寧南湖廣場地鐵站店）,9.1,"['夏朵雅緻單人房（舒適辦公+超大化粧鏡）:HK$303', '城景豪華雙人房（俯視城市夜景+舒適辦公）:HK$317', '榻榻米雙人房（陽光通透+品質床品+親子床）:HK$317', '城景豪華大床房（俯視城市夜景+舒適辦公）:HK$317', '湖景休閑大床房（南湖美景+LED化粧鏡+舒適辦公）:HK$349']"
雅斯特國際酒店（南寧南湖公園麻村地鐵站店）,9.4,"['雅緻大床房【時尚輕雅+智能藍牙+高層城市街景】:HK$308', '高級大床房【時尚輕雅+智能藍牙+高層優美城景】:HK$337', '觀景雙床房【時尚輕雅+智能藍牙+高俯南湖公園】:HK$367', '觀景大床房【時尚輕雅+智能藍牙+高俯南湖公園】:HK$367', '超級大床房【時尚輕雅+智能藍牙+高俯南湖湖景】:HK$387']"
