酒店名称,评分,房型价格列表
寶晨·智選酒店（呼和浩特通道北街醫科大學附屬醫院店）,9.4,"['優選大床房（智能馬桶+乳膠床墊）:HK$362', '智選零壓雙床房（小度智能客控+55寸投屏電視+智能馬桶+乳膠床墊）:HK$410', '智選臻享雙床房（小度智能客控+55寸投屏電視+智能馬桶+乳膠床墊）:HK$432', '智選零壓大床房（小度智能客控+55寸投屏電視+智能馬桶+乳膠床墊）:HK$436']"
朵蘭· 潮酒店（呼和浩特機場高鐵東站店）,9.2,"['覓景優享大床房『裸棉棉製品>定製乳膠床墊>全自動恆温馬桶>全屋地暖>全屋小度智能』:HK$623', '巨無霸優享雙床房『裸棉棉製品>定製乳膠床墊>全自動恆温馬桶>全屋地暖>全屋小度智能』:HK$637', '觀景套房『裸棉棉製品>定製乳膠床墊>全自動恆温馬桶>全屋地暖>全屋小度智能』:HK$782', '巨無霸家庭房『裸棉棉製品>定製乳膠床墊>全自動恆温馬桶>全屋地暖>全屋小度智能』:HK$838']"
舍一茶事文化酒店（呼和浩特大召寺店）,9.5,"['雅緻品茗大床房:HK$357', '觀廟獨修單人房:HK$714', '庭院陽光雙床房:HK$870', '雅緻品茗雙床房:HK$925', '温馨家庭房:HK$960']"
雲樂居公寓酒店（呼和浩特火車站附院店）,9.4,"['優享大床房（蕎麥枕助眠+帶廚房可做飯）:HK$250', '華麗大床房（蕎麥枕助眠+帶廚房可做飯）:HK$269', '樂享大床房（蕎麥枕助眠+帶廚房可做飯）:HK$273', '親子雙床房（蕎麥枕助眠+帶廚房可做飯）:HK$273']"
閣雅紫居酒店（摩爾城藝術學院地鐵站店）,9.3,"['精緻大床房（負壓秒睡乳膠床墊+洗衣房+投屏+智控）:HK$605', '精緻標準間（負壓秒睡乳膠床墊+洗衣房+投屏+智控）:HK$634', '雅緻大床房（負壓秒睡乳膠床墊+洗衣房+投屏+智控）:HK$651', '雅緻標準間（負壓秒睡乳膠床墊+洗衣房+投屏+智控）:HK$671']"
逸家酒店（新華廣場呼和浩特站地鐵站店）,9.3,"['精馨大床房（安心睡眠）:HK$417', '豪華雙床房（安心睡眠）:HK$456', '精馨雙床房（安心睡眠）:HK$462', '尊享大床房（安心睡眠）:HK$473']"
悠牧美居民宿（萬象城海亮廣場店）,9.5,"['設計師夏綠大床房（智能馬桶+榻榻米+洗衣機+加濕器）:HK$979', '蒙元鴻運雙床房（榻榻米+洗衣機+加濕器+小童帳篷）:HK$1,005', '蒙元智慧大床房（智能客控+智能馬桶+洗衣機+加濕器）:HK$1,021', '蒙元穹帳家庭房（智能馬桶+榻榻米+洗衣機+加濕器）:HK$1,118']"
萬浩酒店（呼和浩特萬達國際會展中心店）,9.6,"['豪華雅緻雙床房（可投屏，有冰箱）:HK$679', '豪華雅緻大床房（可投屏，有冰箱）:HK$682', '行政雅悦大床房（可投屏，有冰箱）:HK$762', '行政雅悦雙床房（可投屏，有冰箱）:HK$770', '喜羊羊與灰太狼主題親子房（可投屏，有冰箱）:HK$1,024']"
閣雅輕居酒店（人民醫院將軍衙署地鐵站店）,9.2,"['精雅大床房:HK$382', '閣雅雙床房:HK$423', '閣雅大床房:HK$431', '輕雅大床房:HK$468']"
萬浩酒店（呼和浩特東站白塔機場店）,9.3,"['精選大床房:HK$675', '精選雙床房:HK$693', '至尊大床房:HK$747', '望青山·至尊雙床房【日出青山】:HK$865']"
星程酒店（呼和浩特新華廣場店）,9.8,"['高級大床房:HK$516', '高級雙床房:HK$606', '商務大床房:HK$612', '商務雙床房:HK$623']"
如家精選酒店PLUS（呼和浩特國際會展中心萬達廣場店）,9.9,"['大床房（電視投屏觀影+零壓床墊+記憶枕）:HK$297', '雙床房（電視投屏觀影+零壓床墊+記憶枕）:HK$316', '商務大床房（電視投屏觀影+零壓床墊+記憶枕）:HK$325', '高級大床房（電視投屏觀影+記憶枕+加濕器）:HK$352']"
蔚徠酒店（呼和浩特新華廣場店）,9.6,"['臻選舒適雙床房:HK$665', '臻選舒適大床房:HK$668', '沉浸觀影大床房（120寸投屏觀影）:HK$682', '城景高級大床房（智能客控+55寸電視投屏觀影）:HK$748', '城景高級雙床房（智能客控+55寸電視投屏觀影）:HK$748']"
麗楓酒店（呼和浩特南二環呼倫貝爾南路店）,9.7,"['雅緻大床房（慕斯床墊+空氣凈化器+55寸大屏沉浸觀影）:HK$427', '豪華大床房（慕斯床墊+空氣凈化器+55寸大屏沉浸觀影）:HK$458', '豪華雙床房（慕斯床墊+空氣凈化器+55寸大屏沉浸觀影）:HK$481', '純凈自然大床房（慕斯床墊+空氣凈化器+55寸大屏觀影）:HK$491']"
如家精選酒店PLUS（呼和浩特東站市政府店）,9.6,"['雙床房（電視投屏觀影+零壓床墊+記憶枕）:HK$446', '商務大床房（電視投屏觀影+零壓床墊+記憶枕）:HK$459', '高級大床房（電視投屏觀影+零壓床墊+記憶枕）:HK$487', '高級雙床房（電視投屏觀影+零壓床墊+記憶枕）:HK$499']"
朗麗茲酒店（呼和浩特大召寺店）,9.4,"['高級大床房（智能客控+自動窗簾+品牌床墊）:HK$936', '舒適雙床房（智能馬桶+智能客控+自動窗簾+品牌床墊）:HK$971', '優眠大床房（智能客控+自動窗簾+品牌床墊）:HK$1,002', '行政雙床房（智能客控+自動窗簾+品牌床墊）:HK$1,037']"
全季酒店（呼和浩特大召寺店）,9.8,"['大床房（可投屏-加濕器-小冰箱）:HK$669', '雙床房（可投屏-加濕器-小冰箱）:HK$728', '高級大床房（可投屏-加濕器-小冰箱）:HK$747', '商務大床房（可投屏-加濕器-小冰箱）:HK$779']"
呼和浩特鼓樓希爾頓歡朋酒店,9.5,"['高級大床房:HK$644', '高級雙床房:HK$672', '豪華大床房:HK$711', '豪華雙床房:HK$738', '歡朋套房:HK$943']"
希岸·輕雅酒店（呼和浩特金橋店）,9.7,"['玲瓏大床房:HK$444', '雅緻大床房:HK$490', '希岸高級大床房:HK$522', '希岸高級雙床房:HK$565']"
漢庭酒店（呼和浩特東站店）,9.6,"['高級大床房:HK$413', '高級雙床房:HK$436', '商務大床房:HK$450', '商務雙床房:HK$469']"
海亮廣場大酒店（中山路地鐵站店）,9.1,"['商務大床房:HK$472', '商務雙床房:HK$490', '豪華雙床房:HK$553', '豪華大床房:HK$557', '甄選大床房:HK$567']"
內蒙古烏瀾大酒店,9.6,"['精緻大床房【安睡床墊+小度語音智控】:HK$593', '標準雙床房【安睡床墊+小度語音智控】:HK$710', '標準大床房【安睡床墊+小度語音智控】:HK$712', '行政雙床房【安睡床墊+小度語音智控】:HK$824', '豪華大床房【安睡床墊+小度語音智控+浴缸】:HK$829']"
花美時酒店（呼和浩特市大召廣場店）,9.4,"['影視圓床房:HK$435', '榻榻米大床房:HK$450', '花遇數碼影視房:HK$459', '花開景觀大床房:HK$526']"
呼和浩特美居酒店,9.5,"['標準房-大床:HK$743', '標準房-雙床:HK$746', '高級房大床:HK$783', '高級雙床房:HK$784', '嘉賓大床房:HK$841']"
桔子酒店（呼和浩特火車站新華廣場店）,9.7,"['高級大床房（電視投屏、迷你冰箱、金可兒品牌床墊）:HK$398', '商務大床房（電視投屏、迷你冰箱、金可兒品牌床墊）:HK$415', '商務雙床房（電視投屏、迷你冰箱、金可兒品牌床墊）:HK$422', '套房（電視投屏、迷你冰箱、金可兒品牌床墊）:HK$473']"
漢庭酒店（呼和浩特大召寺店）,9.6,"['高級大床房:HK$425', '商務大床房:HK$450', '雙床房:HK$458', '商務雙床房:HK$471']"
內蒙古開元名都大酒店,9.1,"['怡選大床房:HK$563', '怡選雙床房:HK$568', '怡享雙床房:HK$569', '怡享大床房:HK$574', '臻選雙床房:HK$592', '臻選大床房:HK$597']"
呼和浩特海亮廣場中山路地鐵站亞朵酒店,9.7,"['高級大床房（語音智控｜電視投屏｜智能馬桶）:HK$863', '行政大床房（語音智控｜電視投屏｜智能馬桶｜小冰箱）:HK$935', '尊享大床房（語音智控｜電視投屏｜智能馬桶｜小冰箱）:HK$999', '行政雙床房（語音智控｜電視投屏｜智能馬桶｜小冰箱）:HK$1,086', '尊享雙床房（語音智控｜電視投屏｜智能馬桶｜小冰箱）:HK$1,268']"
錦江麗怡酒店（呼和浩特摩爾城內蒙古展覽館店）,9.6,"['豪華大床房（電視投屏+零壓床墊+加濕器）:HK$539', '豪華雙床房（電視投屏+零壓床墊+加濕器）:HK$570', '純凈大床房（電視投屏+零壓床墊+加濕器）:HK$639', '愉夢大床房（電視投屏+零壓床墊+加濕器）:HK$639']"
美源輕奢酒店（呼和浩特火車東站市政府店）,9.7,"['悠享雙床房（智能小度+漢斯格雅衞浴）:HK$648', '悠享大床房（智能小度+漢斯格雅衞浴）:HK$670', '美奢行政雙床房（智能小度+漢斯格雅衞浴）:HK$681', '美奢大床房（智能小度+漢斯格雅衞浴）:HK$700']"
呼和浩特大召寺海亮廣場亞朵酒店,9.6,"['雅緻大床房（可投屏/加濕器）:HK$991', '高級大床房（可投屏/加濕器）:HK$1,043', '雅緻雙床房（可投屏/加濕器）:HK$1,080', '幾木大床房（深睡PRO枕+可投屏+加濕器+小冰箱）:HK$1,099', '高級雙床房（可投屏/加濕器）:HK$1,134']"
7天酒店（呼和浩特大召寺店）,9.5,"['新7天影趣大床房:HK$394', '新7天自在大床房:HK$403', '新7天自在雙床房:HK$409', '新7天舒適雙床房:HK$436']"
昭畔棲居民宿（呼和浩特大召寺店）,9.6,"['垂花別院-四合院雙床房（智能客控）品牌床墊:HK$873', '檐下聽雨·四合院大床房（智能客控）星級床品:HK$888', '飛檐翹角·四合院品茶雙床房（智能客控）星級床品:HK$986', '青磚灰瓦·四合院觀景大床房（智能客控）星級床品:HK$1,001']"
全季酒店（呼和浩特金橋廣場店）,9.8,"['大床房（投屏+加濕器+小冰箱）:HK$627', '高級大床房（投屏+加濕器+小冰箱）:HK$651', '雙床房（投屏+加濕器+小冰箱）:HK$702', '高級雙床房（投屏+加濕器+小冰箱）:HK$773']"
全季酒店（呼和浩特國際會展中心如意廣場店）,9.8,"['高級大床房:HK$434', '雙床房:HK$445', '商務雙床房:HK$460', '商務大床房:HK$468']"
瀾景酒店（萬達廣場C座內蒙古博物館地鐵站店）,8.8,"['輕享大床房:HK$247', '精選大床房:HK$257', '恭喜發財棋牌室:HK$288', '高級商務標間:HK$301']"
石榴花開酒店（大召廣場塞上老街店）,9.2,"['臻享雙床房:HK$752', '悠享大床房:HK$796', '電玩影視|輕奢娛樂大床房:HK$857', '暢享影音雙床房:HK$862']"
維也納智好酒店（呼和浩特賽罕萬達廣場店）,9.2,"['高級大床房:HK$347', '高級雙床房:HK$352', '豪華大床房:HK$377', '豪華雙床房:HK$382']"
藍洋林頓酒店（賽罕政府師大店）,9.5,"['甄選雙床房:HK$780', '雅緻大床房:HK$840', '雅緻雙床房:HK$852', '行政大床房:HK$893', '行政雙床房:HK$898', '甄選家庭房:HK$1,005']"
呼和浩特東站如意和大街亞朵酒店,9.8,"['高級大床房（投屏|加濕器）:HK$781', '行政雙床房（投屏|加濕器|小冰箱）:HK$842', '行政大床房（投屏|加濕器|小冰箱）:HK$852', '幾木大床房（深睡PRO枕|可投屏|小冰箱）:HK$917', '幾木套房（深睡PRO枕|可投屏|小冰箱）:HK$989']"
尚華精品酒店（人民醫院將軍衙署地鐵站店）,8.9,"['新蒙式雙床房:HK$497', '新蒙式大床房:HK$512', '精選新蒙式大床房:HK$589', '精選新蒙式家庭房:HK$609', '新蒙式家庭房:HK$662']"
呼和浩特鼓樓將軍衙署地鐵站亞朵輕居酒店,9.5,"['輕享大床房（可投屏,小冰箱）:HK$775', '輕享標準房（可投屏）:HK$783', '超享大床房（可投屏，小冰箱）:HK$815', '超享標準房（可投屏，小冰箱）:HK$824', '超享複式套房（可投屏,小冰箱）:HK$843']"
呼和浩特鼓樓立交橋滿都海公園亞朵酒店,9.5,"['雅緻房（可投屏）:HK$673', '高級大床房（可投屏）:HK$729', '雅緻雙床房（可投屏）:HK$732', '幾木大床房（可投屏）:HK$783', '高級雙床房（可投屏）:HK$800']"
麗怡酒店（呼和浩特高鐵東站內蒙婦幼保健院店）,9.6,"['標準大床房:HK$497', '高級大床房:HK$529', '豪華大床房:HK$562', '豪華雙床房:HK$598', '親子雙床房:HK$633']"
眾鑫酒店（呼和浩特站新華西街店）,9.5,"['觀影房（智能客控+智能馬桶+電視投屏+加濕器）:HK$919', '高級雙床房（智能客控+智能馬桶+電視投屏+加濕器）:HK$981', '舒適雙床房:HK$987', '高級大床房（智能客控+智能馬桶+電視投屏+加濕器）:HK$988', '家庭房（智能客控+智能馬桶+電視投屏+加濕器）:HK$1,382']"
錦江之星（呼和浩特大召附屬醫院地鐵站店）,9.0,"['商務房C:HK$293', '商務標準房C:HK$298', '商務房B:HK$331', '商務標準房B:HK$340']"
你好酒店（呼和浩特內蒙古農業大學店）,9.5,"['高級大床房:HK$304', '商務大床房:HK$311', '高級雙床房:HK$330', '豪華大床房:HK$355']"
喆啡銳品酒店（呼和浩特市政府東站店）,9.6,"['鋭意大床房（阿姆斯躺椅+零壓床墊+辦公空間+記憶枕）:HK$766', '鋭意雙床房（阿姆斯躺椅+零壓床墊+辦公空間+記憶枕）:HK$767', '醇享大床房（零壓床墊+辦公空間+記憶枕）:HK$819', '鋭品大床房（智能客控+零壓床墊+辦公空間+記憶枕）:HK$843', '鋭品雙床房（智能客控+零壓床墊+辦公空間+記憶枕）:HK$847']"
喆·啡酒店（呼和浩特萬達內蒙古國際會展中心店）,9.3,"['醇享生活大床房（零壓床墊+辦公空間+智能客控）:HK$412', '醇享生活雙床房（零壓床墊+辦公空間+智能客控）:HK$412', '啡凡影視大床房（4K巨幕影院 ▏智能客控）:HK$446', '醇享雙床房（零壓床墊+辦公空間+智能客控）:HK$482']"
呼和浩特羽嘉賓館,9.2,"['精緻大床房:HK$211', '精緻投影大床房:HK$251', '街景投影大床房:HK$274', '朝陽投影大床房:HK$286']"
