酒店名称,评分,房型价格列表
麗怡酒店（哈爾濱中央大街索菲亞教堂店）,9.6,"['舒眠｜標準大床房（空氣凈化器+加濕器+智能馬桶）:HK$386', '舒眠｜標準雙床房（空氣凈化器+加濕器+智能馬桶）:HK$432', '靜謐丨豪華大床房（慕思床墊+全屋智能+辦公書桌+茶具）:HK$477', '靜謐丨豪華雙床房（慕思床墊+全屋智能+辦公書桌+茶具）:HK$523']"
哈爾濱望岳輕呈公寓（融創樂園世茂大道地鐵站店）,10.0,"['望心·臻選大床房（品牌電視+零壓床品+乾濕分離）:HK$197', '望江·影音大床房（百寸幕布+乾濕分離+松花江美景）:HK$219', '望江·歡享浴缸大床房:HK$262', '望雲·家庭榻榻米房:HK$284']"
輕呈高空酒店（哈爾濱西站萬達廣場店）,9.3,"['傾城|甄選大床房（乳膠床墊+舒適單枕）:HK$339', '傾城|臻選親子雙床房（乳膠床墊+舒適單枕）:HK$360', '傾城|悦享大床房（乳膠床墊+記憶枕+自動遮光窗簾）:HK$382', '傾城|巨幕影音大床房（乳膠床墊+記憶枕+自動窗簾）:HK$404']"
哈爾濱繁花百合酒店（哈工業大學師大夜市店）,9.8,"['花裏·隱逸 | 靜謐大床房（慕思床墊+智能⻢桶+加濕器）:HK$293', '花喜·枕夢 | 舒眠大床房（慕思床墊+智能⻢桶+徠芬風機）:HK$334', '花伊·初見 | 舒眠雙床房（慕思床墊+智能⻢桶+徠芬風機）:HK$334', '花滿·不晚 | 享眠雙床房（慕思床墊+智能⻢桶+加濕器）:HK$363', '花夢·莫奈 | 奢眠大床房（慕思床墊+智能⻢桶+加濕器）:HK$392']"
紫居客棧（巴洛克店）,9.0,"['百年小炕房:HK$376', '百年君子房B:HK$461', '百年將軍房:HK$462', '百年廂房:HK$463']"
雪黎酒店（哈爾濱高鐵西站萬達廣場店）,9.6,"['優享城景雙床房（迷你冰箱+浴袍+乾濕分離）:HK$261', '優享城景大床房（迷你冰箱+浴袍+乾濕分離）:HK$277', '舒適城景三人間（迷你冰箱+浴袍+乾濕分離）:HK$498', '舒適城景家庭房（迷你冰箱+浴袍+乾濕分離）:HK$498', '尊享景觀雙床套房（獨立會客廳+迷你冰箱+浴缸+乾濕分離）:HK$540']"
亞季酒店（哈爾濱太平國際機場店）,9.3,"['高級雙床房（智能馬桶）:HK$319', '高級大床房（智能馬桶）:HK$319', '設計師影院大床房（百寸投影大屏）:HK$319', '高級家庭房（智能馬桶）:HK$352', '豪華雙床房（全屋智能）:HK$362']"
輕呈有戲電影酒店（哈爾濱西站哈西萬達店）,9.6,"['歡樂少年·4俠暗黑遊戲麻將房（75寸電視+騰訊會員+樂富豪音響+乳膠床墊）:HK$285', '歡言甄選·有戲大床（百寸極米觀影+騰訊會員+天籟音響+乳膠床墊）:HK$349', '歡享有戲·舒適大床房（百寸極米觀影+騰訊會員+美國JBL音響）:HK$381', '歡欣有戲·浴缸大床房（百寸極米觀影+騰訊會員+天籟音響+乳膠床墊）:HK$423']"
如家精選酒店（哈爾濱林業大學文昌街店）,9.2,"['商務大床房:HK$312', '高級大床房:HK$331', '雙床房:HK$340', '高級雙床房:HK$358']"
曼曼民宿（哈爾濱中央大街索菲亞教堂店）,9.2,"['現代雙床三人間【巨幕投影.獨立WIFI+冰箱+洗衣機】:HK$186', '浪漫雙床三人間【小米可投屏55寸電視+冰箱+洗衣機】:HK$186', '豪華榻榻米房4人間【加濕器+洗衣機+冰箱+智能衞浴】:HK$204', '輕奢智選-雙大床4人間家庭房[宏益床墊.高清投影]:HK$228']"
哈爾濱雪黎優品酒店（中央大街聖索菲亞教堂店）,9.6,"['靜享好睡雙床暗房（加濕器+辦公桌椅）:HK$327', '暗房約會靜享大床房（加濕器+辦公桌椅）:HK$348', '幾何撞色雙床房（辦公桌椅）:HK$392', '幾何靈感大床房（辦公桌椅）:HK$425', 'Interesting奇趣親子房（帳篷+玩偶+圖書）:HK$501']"
哈爾濱悦楓酒店（中央大街地鐵站索菲亞教堂店）,9.7,"['私享·高級大床房（慕斯床墊&凈化器&加濕器）:HK$337', '精奢·高級大床房（慕斯床墊&凈化器&加濕器）:HK$414', '私享·高級雙床房（慕斯床墊&辦公桌&加濕器）:HK$468', '精奢·豪華大床房（慕斯床墊&加濕凈化器&品茗茶具）:HK$501', '精奢·豪華雙床房（慕斯床墊&加濕凈化器&品茗茶具）:HK$533']"
紫居民宿（江畔路店）,9.3,"['灰度·一居室兩人間（高清巨幕觀影VIP）:HK$311', '昧粉•投影一居室四人間（套房可烹飪）:HK$331', '小院壹·二居室四人間（高清巨幕投影+冰箱+洗衣機）:HK$331', '天青·投影四人套房:HK$332']"
哈爾濱松峯山林語酒店,8.9,"['山景標準間:HK$358', '山景大床房:HK$358', '山景家庭房:HK$468', '山景家庭套房:HK$544', '山景娛樂套房:HK$610']"
濟舟·秋果酒店（哈爾濱工程大學店）,9.7,"['舒適榻榻米房（全屋智能+小冰箱+浴袍+加濕器）:HK$271', '舒適大床房（全屋智能+浴袍+小冰箱+加濕器）:HK$333', '高級大床房（全屋智能+浴袍+小冰箱+加濕器）:HK$380', '高級雙床房（全屋智能+浴袍+小冰箱+加濕器）:HK$380', '温馨親子房（全屋智能+浴袍+小冰箱+加濕器）:HK$404']"
悠融酒店（哈爾濱會展中心龍塔店）,8.8,"['悠悦雅緻雙床房（安靜且舒適）:HK$285', '悠選經典大床房（寬敞＋明亮）:HK$339', '悠選經典雙床房（寬敞＋明亮）:HK$339', '悠享商務大床房:HK$394', '悠享商務雙床房:HK$394']"
哈爾濱套娃酒店（中央大街索菲亞教堂店）,9.4,"['特色榻榻米房:HK$368', '睡眠大床房[智能馬桶+零壓床墊]:HK$383', '靜享大床[全屋智能+零壓床墊]:HK$445', '靜享雙床房[全屋智能+零壓床墊]:HK$445']"
素茉和院（哈爾濱太平國際機場店）,9.7,"['温馨零壓大床房:HK$398', '豪華投影大床房:HK$424', '雅緻零壓大床房:HK$424', '奢華大床房[零壓枕]:HK$456']"
祿馬酒店（哈爾濱工程大學地鐵站店）,9.5,"['雅緻大床房:HK$398', '雅緻雙床房:HK$398', '豪華大床房:HK$473', '豪華雙床房:HK$473', '商務大床房:HK$538']"
紅軍街壹號酒店（哈爾濱火車站果戈裏大街店）,9.3,"['輕奢城景·榻榻米大床房（中央空調+落地窗）:HK$255', '輕奢城景·高級大床房（舒適浴缸+中央空調）:HK$292', '輕奢城景·高級雙床房（舒適浴缸+中央空調）:HK$292', '180度雲端觀景豪華大床房（舒適浴缸+中央空調）:HK$330', '高級家庭房（舒適浴缸+中央空調）:HK$353']"
哈爾濱汐悦親子民宿（中央大街索菲亞店）,8.3,"['『汐悦』半夏·親子家庭房（極米百寸投影+瓶裝水）:HK$406', '『汐悦』白露·輕奢大床房（極米百寸投影+瓶裝水）:HK$406', '『汐悦』星河·親子家庭房（極米巨幕投影+瓶裝水）:HK$412', '『汐悦』月光·親子雙床套房（極米百寸投影）:HK$524']"
安悦酒店（哈爾濱高鐵西站城鄉路地鐵站店）,9.5,"['雅緻大床房（金可兒床墊＋電動窗簾）:HK$262', '雅緻雙床房（金可兒床墊＋電動窗簾＋智能馬桶）:HK$296', '尊享大床房（金可兒床墊＋智能馬桶＋電動窗簾＋浴缸）:HK$297', '輕奢大床房（金可兒床墊＋圓形浴缸＋電動窗簾）:HK$360', '優享大床房（金可兒床墊＋電動窗簾）:HK$362']"
巴洛克酒店（哈爾濱中華巴洛克店）,9.2,"['北院靜舒雙床房:HK$286', '巴洛克·主樓靜舒大床房（迷你小冰箱+加濕器+負離子吹風機）:HK$332', '北院博雅大床房:HK$332', '北院博雅雙床房:HK$332']"
哈爾濱慕尚假日酒店（會展中心省醫院店）,8.8,"['靜謐·無窗雙床房:HK$148', '觀影·影音大床房【巨幕投影】:HK$169', '優選大床房:HK$169', '優眠·靜享大床房:HK$169']"
花築·南北Meet設計師民宿（哈爾濱中央大街中華巴洛克文化區店）,9.6,"['泡芙大床房【全屋智能+戴森+席夢思床墊+箭牌衞浴】:HK$491', '星空大床房【全屋智能+戴森吹風機+席夢思+箭牌衞浴】:HK$528', '布朗尼大床房【全屋智能+戴森+席夢思床墊+箭牌衞浴】:HK$564', '提拉米蘇家庭房【全屋智能+戴森+席夢思+箭牌衞浴】:HK$613', '德芙雙床房【全屋智能+戴森+席夢思床墊+箭牌衞浴】:HK$613']"
哈爾濱國際飯店（哈工業大學火車站店）,8.9,"['商務標準間:HK$309', '商務大床房:HK$321', '高級雙床間:HK$422', '畫廊雙人間:HK$460', '高級大床間:HK$495']"
麗怡酒店（哈爾濱工程大學地鐵站店）,9.5,"['舒眠丨標準大床房（智能馬桶+慕思床墊+智能客控）:HK$343', '靜謐丨豪華大床房（智能馬桶+慕思床墊+智能客控）:HK$363', '靜謐丨豪華雙床房（智能馬桶+慕思床墊+智能客控）:HK$382', '智能丨純凈大床房（會客廳+慕思床墊+智能客控）:HK$401']"
哈爾濱中央大街華宿怡舍精品酒店（聖索菲亞教堂店）,9.5,"['智選大床房（智能客控+新風系統+65寸投屏電視+乳膠枕）:HK$362', '精選大床房（智能客控，65寸投屏電視，乳膠枕）:HK$383', '豪華大床房（智能客控，65寸投屏電視，乳膠枕）:HK$404', '豪華雙床房（智能客控，65寸投屏電視，乳膠枕）:HK$425']"
中濠悅際酒店（哈爾濱中華巴洛克道外文化區店）,9.1,"['輕奢雙床房（智能客控+智能馬桶+乳膠床墊+靜音冰箱）:HK$326', '輕奢大床房（智能客控+智能馬桶+乳膠床墊+靜音冰箱）:HK$421', '輕奢精選雙床房（智能客控+智能馬桶+乳膠床墊+冰箱）:HK$580', '輕奢精選大床房（智能客控+智能馬桶+乳膠床墊+冰箱）:HK$592', '輕奢精選家庭房（智能客控+智能馬桶+乳膠床墊+冰箱）:HK$645']"
藍天酒店（哈爾濱太平國際機場店）,9.5,"['尊享雙床房（智能客控+智能馬桶+乾濕分離）:HK$268', '尊享大床房（智能客控+智能馬桶+乾濕分離）:HK$268', '行政大床房（智能客控+智能馬桶+乾濕分離）:HK$290', '尊享家庭房（智能客控+智能馬桶+乾濕分離）:HK$323']"
江野民宿（哈爾濱中央大街步行街店）,9.6,"['園景大床房 [花園洋房]（303）:HK$335', '觀江舒服大床房305（南北通透）:HK$391', '舒適大床房:HK$433', '豪華雙床間302:HK$463']"
飛魚民宿（哈爾濱中華巴洛克風情街店）,9.4,"['飛魚-雲水間（百寸投影+冰箱+空調+浴缸）:HK$395', '飛魚-奶油ins（百寸投影+冰箱+空調+浴缸）:HK$395', '飛魚-雲染浴缸房（百寸投影+冰箱+空調+浴缸）:HK$395', '飛魚-雨青（百寸投影+冰箱+空調+浴缸+洗衣機）:HK$395']"
哈爾濱機場邁凱倫酒店（太平國際機場店）,9.6,"['靜眠大床房（輕智能）:HK$376', '智享經濟大床房（智能客控）:HK$409', 'Loft雙床房（智能客控）:HK$421', '智享大床房（智能客控）:HK$454', '商務雙床房（智能客控）:HK$463']"
凡裏酒店（哈爾濱火車站果戈裏大街店）,9.6,"['麗呈·凡裏影音大床房（激光投影+智能客控+雨淋花灑）:HK$391', '麗呈·凡裏高級大床房（手機投屏+智能客控+智能馬桶）:HK$424', '麗呈·凡裏高級雙床房（手機投屏+全屋智能+智能馬桶）:HK$446', '麗呈·凡裏商務大床房（全屋智能+手機投屏+靜音冰箱）:HK$457', '麗呈·凡裏商務雙床房（全屋智能+手機投屏+靜音冰箱）:HK$468']"
樂曼公寓（哈爾濱冰雪大世界世茂大道地鐵站店）,9.6,"['樂曼·城景舒睡大床房（巨幕投影+會員暢享影音）:HK$285', '樂享·舒適大床房（智能客控+會員暢享影音）:HK$298', '樂馨·觀江奢眠大床房（全景觀江+會員暢享影音）:HK$311', '樂雅·舒情浴缸房（智能客控+會員暢享影音）:HK$330']"
哈爾濱禧悅酒店（中央大街防洪紀念塔店）,9.4,"['悦享大床房（智能客控+電動馬桶+迷你冰箱）:HK$254', '悦享雙床房（智能客控+電動馬桶+迷你冰箱）:HK$254', '舒眠大床房（電動懸浮按摩助眠床+智能客控）:HK$287', 'Loft三床家庭房:HK$398']"
潤亨酒店（哈爾濱羣力遠大體育公園地鐵站店）,9.7,"['潤享·特惠大床房「零壓床墊+智能客控+趣味書籍」:HK$336', '潤致·精品大床房 「零壓床墊+智能客控+趣味書籍」:HK$359', '潤品·優選大床房「零壓床墊+智能客控+趣味書籍」:HK$392', '潤選·雅緻大床房「零壓床墊+智能客控+趣味書籍」:HK$423']"
哈爾濱振寧酒店（中央大街地鐵站索菲亞教堂店）,9.2,"['百 | 精品·迷你大床房（茶具&辦公桌椅）:HK$327', '年 | 精品·雅緻雙床房（茶具&辦公桌椅）:HK$327', '街 | 臻選·茶藝雙床房（茶具&小冰箱）:HK$406', '老 | 臻選·茶藝大床房（茶具&小冰箱）:HK$406', '中 | 開心·陽光棋牌雙床套房（麻將機&茶具&辦公桌椅）:HK$441']"
如家精選酒店（哈爾濱學府路醫大二院地鐵站店）,9.7,"['雙床房A（全屋智能）:HK$449', '雙床房（全屋智能）:HK$494', '商務大床A（全屋智能）:HK$521', '商務大床房（全屋智能）:HK$547']"
哈爾濱如景航運江景酒店（松花江中華巴洛克街區地鐵站店）,9.1,"['航海密室·暗房內艙雙床房:HK$283', '航海密室·暗房內艙大床房:HK$283', '江畔舵手·夥伴雙床房:HK$359', '江畔航旅·江景雙床房:HK$425', '江畔航旅·江景大床房:HK$425']"
哈爾濱中央大街麗澤酒店（索菲亞教堂店）,9.7,"['零壓大床房（零壓床品+小冰箱+智能馬桶）:HK$635', '高級大床房（電動窗簾+小冰箱+投屏電視）:HK$688', '高級雙床房（電動窗簾+小冰箱+投屏電視）:HK$700', '麗澤大床房（速熱恆温熱水+智能馬桶+乾濕分離）:HK$741']"
哈爾濱西站萬達廣場桔子水晶酒店,9.5,"['雙床房:HK$441', '精選大床房:HK$462', '親子特大床房:HK$462', '高級大床房（飄窗+小冰箱）:HK$492', '家庭房（無線充電+小冰箱+保險箱）:HK$492']"
花澗堂酒店（哈爾濱中華巴洛克街區地鐵站店）,9.5,"['花澗雅居大床房 | 高端定製優眠床墊:HK$366', '花澗雅居雙床房 | 高端定製優眠床墊:HK$390', '巴洛克街景大床房 | 高端定製優眠床墊 · 中華巴洛克:HK$390', '花澗雅苑雙床房 | 高端定製優眠床墊:HK$406', '四合院園景大床房 | 高端定製優眠床墊 · 花園景觀:HK$413']"
哈爾濱火車站果戈裏大街漫心酒店,9.8,"['心怡大床房:HK$353', '雅緻標準房:HK$372', '心悦高級大床房:HK$380', '心悦高級標準房:HK$399', '心享豪華大床房:HK$409']"
和頤至尚酒店（哈爾濱火車站博物館地鐵站店）,9.4,"['商務大床房A:HK$206', '雙床房A:HK$224', '大床房:HK$224', '商務大床房:HK$233', '高級雙床房:HK$296']"
秋果酒店（哈爾濱中央大街松花江畔路店）,9.5,"['動感影音房（百寸影院+全屋智能）:HK$253', '舒適大床房（全屋智能+加濕器）:HK$272', '日式和風間（百寸影院+全屋智能）:HK$272', '明星大床房（全屋智能+加濕器）:HK$299', '舒適雙床房（全屋智能+加濕器）:HK$310']"
漢庭酒店（哈爾濱東大直街紅博廣場店）,9.7,"['高級大床房A:HK$312', '高級大床房:HK$340', '雙床房:HK$369', '商務大床房:HK$369']"
美豪麗致酒店（哈爾濱融創樂園店）,8.4,"['旅居麗致房（無窗）:HK$316', '麗致大床房:HK$381', '雅緻影音大床房:HK$435', '麗致雙床房:HK$436', '精緻時光大床房:HK$463']"
鴻泰賓館（哈爾濱太平國際機場店）,9.0,"['特惠大床房:HK$112', '特惠雙床房:HK$112', '標準大床房:HK$134', '標準雙床房:HK$134']"
瑞爾畔酒店（中華巴洛克老道外文化區店）,8.6,"['特惠大床房:HK$287', '特惠雙床房:HK$294', '舒適大床房:HK$326', '精選商務大床房:HK$353']"
