酒店名称,评分,房型价格列表
蘭莓·羲華酒店（天水市政府中心廣場店）,9.3,"['商務大床房:HK$353', '商務標準間:HK$353', '豪華標準間:HK$374', '豪華大床房:HK$374']"
全季酒店（天水南站店）,9.6,"['大床房（金可兒床墊+智慧投屏）:HK$233', '高級大床房（金可兒床墊+智慧投屏）:HK$261', '高級雙床房（金可兒床墊+智慧投屏）:HK$298', '景觀大床房（金可兒床墊+智慧投屏）:HK$308']"
天水麥積山温泉旅遊酒店,9.2,"['臻選雅緻雙床房:HK$391', '臻選雅緻大床房:HK$391', '湯屋私湯房:HK$743', '恆氧園景雙床房:HK$784', '恆氧園景大床房:HK$784']"
天水博亞酒店（高鐵南站盛達廣場店）,9.4,"['雅緻好夢大床房（亞朵釋壓床墊＋亞朵深睡記憶枕）:HK$378', '商務零壓大床房（亞朵釋壓床墊+亞朵深睡記憶枕）:HK$436', '商務零壓雙床房（亞朵釋壓床墊+亞朵深睡記憶枕）:HK$454', '行政深眠大床房（亞朵釋壓床墊＋亞朵深睡記憶枕）:HK$466', '行政深眠雙床房（亞朵釋壓床墊＋亞朵深睡記憶枕）:HK$483']"
安悅庭輕居酒店,9.7,"['悦享大床房:HK$252', '悦庭雙床房:HK$252', '陽光親子間:HK$285']"
麥積山農莊,9.3,"['豪華標準間（空調）:HK$235', '景觀大床房（空調）:HK$235', '温馨親子間（空調）:HK$289', '景觀三人間（空調）:HK$289']"
全季酒店（天水中心廣場店）,9.5,"['大床房（智能投屏）:HK$271', '高級大床房（智能投屏）:HK$289', '雙床房（智能投屏）:HK$298', '舒壓高級大床房（零壓床墊+智能投屏）:HK$308']"
麥積大酒店（天水火車站商埠路步行街店）,9.3,"['高級大床房（無線投屏+智能馬桶）:HK$228', '高級雙床房（無線投屏+智能馬桶）:HK$228', '特惠豪華大床房（無線投屏+智能馬桶）:HK$270', '特惠豪華雙床房（無線投屏+智能馬桶）:HK$270']"
漢庭酒店（天水中心廣場店）,9.6,"['大床房（可投屏）:HK$411', '雙床房（可投屏）:HK$421', '高級大床房（可投屏）:HK$430', '豪華大床房（可投屏）:HK$439']"
秦州羲皇民宿,9.2,"['標準雙床房:HK$244', '大床房:HK$244', '家庭房:HK$326']"
希岸酒店（天水火車站店步行街店）,9.6,"['希岸高級大床房（智能語音客控）:HK$214', '希岸豪華雙床房（智能語音客控）:HK$239', '希岸豪華大床房（智能語音客控）:HK$248', '希岸親子房（智能語音客控）:HK$264']"
絲路萬利酒店（天水高鐵南站盛達廣場店）,9.3,"['高級雙床房（智能客控+獨立辦公區）:HK$358', '景觀雙床房（智能客控+獨立辦公區）:HK$380', '景觀大床房（智能客控+獨立辦公區）:HK$392', '園景家庭房B（超大活動空間+小童浴袍+卡通床品）:HK$566', '温馨親子房（超大活動空間+卡通床品+小童馬桶）:HK$577']"
漢庭酒店（天水南站店）,9.4,"['大床房（公區自助洗衣機+智能投屏）:HK$268', '高級大床房（公區自助洗衣機+智能投屏）:HK$273', '高級雙床房（公區自助洗衣機+智能投屏）:HK$273', '家庭房（公區自助洗衣機+智能投屏）:HK$282']"
麥積山石窟綠茵閣農家樂,9.5,"['舒適標間·空調:HK$202', '舒適大床房·空調:HK$202', '温馨親子間·空調:HK$239', '景觀#圓床房（空調）:HK$249']"
漢庭酒店（天水盛達廣場店）,9.5,"['高級大床房:HK$252', '商務大床房:HK$271', '雙床房:HK$271', '家庭房:HK$298']"
麥積山玉蘭小院民宿,9.7,"['山景標間 （空調）:HK$202', '山景親子間 （空調）:HK$221', '雅緻三人間（空調）:HK$239']"
杏林春賓館（天水四零七醫院伏羲廟店）,9.3,"['精品雙床房（舒眠床品+智能客控+智能空調+輕奢睡眠）:HK$284', '豪華雙床房（智能客控+智能空調+輕奢睡眠+辦公書桌）:HK$291', '豪華大床房（好眠超大床+智能客控+智慧投屏+輕奢睡眠）:HK$334', '河景大床房（一拍出片+智能客控+舒睡好眠+智能空調）:HK$407']"
君至精選酒店（天水市第一人民醫院龍城廣場店）,9.0,"['大床房（獨立空調+零壓床墊+自助洗衣房）:HK$374', '高級大床房（獨立空調+零壓床墊+自助洗衣房）:HK$400', '高級雙床房（獨立空調+零壓床墊+自助洗衣房）:HK$427', '商務大床房（獨立空調+零壓床墊+自助洗衣房）:HK$453']"
龍城假日酒店（市政府蘭天廣場店）,9.2,"['雲錦大床房（超大明窗+獨立空調+全屋暖氣+舒享床品）:HK$200', '閑庭雙床房（超大明窗+獨立空調+全屋暖氣+超大空間）:HK$213', '熙悦大床房（超大明窗+獨立空調+全屋暖氣+舒享床品）:HK$215', '璞悦大床房（超大明窗+獨立空調+全屋暖氣+舒享床品）:HK$241']"
麥積山鳥語花香莊園,9.7,"['覓星·甜蜜大床房（空調）:HK$247', '自在·精品雙床房（空調）:HK$249', '拾光·温馨家庭房（空調）:HK$303', '半日閑·精品三人房（空調）:HK$304']"
天水古城餘歡民宿,9.4,"['高級大床房（無線投屏）:HK$288', '高級雙床房（無線投屏）:HK$325', '豪華大床房（無線投屏）:HK$325', '豪華雙床房（無線投屏）:HK$353']"
公航旅麥積山明珠酒店,9.2,"['尊享大床房:HK$478', '尊享雙床房:HK$478', '尊雅庭院大床房:HK$478', '尊悦親子房:HK$609', '尊睿家庭套房:HK$784', '尊虞行政套房:HK$1,002']"
山裡人家（麥積山景區店）,9.1,"['風跡・温馨大床房（空調）:HK$169', '月棲 · 輕奢標準間（空調）:HK$169', '花澗・家庭親子套房（空調）:HK$199']"
天水印象民宿,8.9,"['豪華標準間:HK$346', '豪華家庭房:HK$417', '豪華三人間:HK$446', '豪華套房:HK$1,002']"
美豪·麗致酒店（天水火車站商埠路步行街店）,9.2,"['靜雅雙床房:HK$260', '靜雅大床房:HK$280', '陽光湖景雙床房:HK$314', '陽光湖景大床房:HK$334']"
天水地質賓館（麥積山機場天水南站店）,9.4,"['零壓雅緻大床房:HK$338', '零壓豪華雙床房:HK$370', '零壓豪華大床房:HK$403', '親子房:HK$435', '零壓行政大床房:HK$468']"
7天酒店（天水火車站店）,9.6,"['新7天三人間:HK$186', '經濟房:HK$310', '臻選大床房:HK$311', '新7天雙床房:HK$319']"
漢庭酒店（天水師範學院店）,9.6,"['高級雙床房（智慧投屏）:HK$288', '商務大床房（智慧投屏）:HK$297', '豪華雙床房（智慧投屏）:HK$316', '豪華大床房（智慧投屏）:HK$325']"
天順閣酒店,9.1,"['特惠標間:HK$221', '標間:HK$248', '大床房:HK$261']"
天水萬達廣場美居酒店,9.6,"['大床房（智能客控+全落地窗+Mini Bar+一鍵投屏）:HK$462', '高級大床房（智能客控+全落地窗+Mini Bar+一鍵投屏）:HK$512', '高級雙床房（智能客控+全落地窗+Mini Bar+一鍵投屏）:HK$512', '嘉賓大床房（智能客控+全落地窗+Mini Bar+浴袍）:HK$562', '嘉賓雙床房（智能客控+全落地窗+Mini Bar+浴袍）:HK$562']"
潮漫酒店（天水火車站商埠路步行街店）,9.2,"['品質欣選大床房:HK$148', '品質欣選雙床房:HK$148', '品質致選雙床房:HK$165', '品質臻選家庭房:HK$182']"
麥積山鄉村小院,9.5,"['豪華標準間（空調）:HK$175', '温馨親子間（空調）:HK$190', '豪華三人間（空調）:HK$209']"
天水凱麗瑞斯酒店,9.4,"['豪華標間:HK$498', '豪華單間:HK$550', '豪華套房:HK$1,028', '行政標間:HK$1,616', '行政套房:HK$1,616']"
維也納酒店（天水高鐵南站橋南國際購物廣場店）,9.2,"['大床房:HK$207', '標準大床房:HK$226', '高級大床房:HK$236', '豪華大床房:HK$245']"
天水金龍大酒店,9.0,"['精選標準間:HK$369', '精選大床房:HK$369', '豪華小套房:HK$453']"
星程酒店（天水中心廣場古城店）,9.5,"['大床房（金可兒床墊）:HK$290', '商務大床房（金可兒床墊）:HK$321', '舒壓-高級雙床房（金可兒床墊）:HK$341', '舒壓-高級大床房（金可兒床墊）:HK$341']"
麥積山壹號客棧,9.5,"['舒適雙床房（空調）:HK$230', '温馨親子間（空調）:HK$249', '豪華三人間（空調）:HK$267']"
天水陽光飯店,8.6,"['（A座）標準間:HK$327', '（A座）商務間:HK$436', '（A座）大床房:HK$436', '（B座）單人間:HK$436', '（B座）標準間:HK$436']"
天水嘉孚酒店,9.0,"['靜謐舒睡大床房:HK$446', '靜謐舒睡雙床房:HK$446', '行政雙床房:HK$511', '尊享嘉賓大床房:HK$588', '陽光豪華大床房:HK$588', '商務套房:HK$1,090']"
天水凱悦麗呈酒店（天水市政府中心廣場店）,8.9,"['靜謐舒睡大床房（智能客控+深睡零壓枕+MiNi冰箱+恆温智能馬桶）:HK$314', '輕奢智能大床房（智能客控+深睡零壓枕+MiNi冰箱+恆温智能馬桶）:HK$372', '輕奢智能雙床房（智能客控+深睡零壓枕+MiNi冰箱+恆温智能馬桶）:HK$382', '奢享智能大床房（智能客控+深睡零壓枕+MiNi冰箱+恆温智能馬桶）:HK$392', '奢享智能雙人床房（智能客控+深睡零壓枕+MiNi冰箱+恆温智能馬桶）:HK$402']"
天水中心智選假日酒店,9.2,"['高級大床房:HK$396', '高級雙床房:HK$396', '高級大床房 城市景觀 高樓層:HK$443', '高級雙床房 城市景觀 高樓層:HK$443']"
嘉楓酒店（天水高鐵站盛達廣場店）,8.5,"['特惠雙床房:HK$387', '悦享|精品雙床房:HK$495', '悦享|精品大床房:HK$510', '靜謐|豪華雙床房:HK$531', '靜謐|豪華大床房:HK$546']"
陌上輕雅酒店（天水古城蘭天城市廣場店）,9.3,"['頌語·親子套房（智能客控+無線投屏）:HK$1,092']"
喆啡酒店（天水南站建材城店）,8.9,"['啡凡雙床房:HK$237', '啡凡豪華大床房:HK$256', '啡凡大床房:HK$258', '啡凡豪華雙床房:HK$275']"
舞季漫步酒店（萬達天御店）,9.0,"['温馨大床房:HK$311', '温馨雙床房:HK$366', '豪華大床房:HK$424', '温馨親子間:HK$434']"
麥積山迷窟民宿,9.4,"['幸運標間:HK$133', '豪華標間（空調）:HK$141', '家庭房（空調）:HK$285']"
天水華天電子賓館,9.0,"['豪華標間:HK$284', '智能單間:HK$371', '智能標間:HK$371', '親子間:HK$601', '商務套A:HK$819']"
山水談民宿（天水麥積山石窟店）,9.6,"['蝶戀花·精品雙床（空調影音房）:HK$317', '長相思·精品大床（空調影音房）:HK$340', '如夢令·精品親子（空調電視房）:HK$354', '沁園春·精品三人（空調影音房）:HK$354']"
麥積山石窟遠方的家,9.6,"['陽光大床房（空調）:HK$105', '輕奢標準間（空調）:HK$105', '家庭親子房（空調）:HK$129', '雅緻三人間（空調）:HK$129']"
維也納酒店（天水中心廣場人民公園店）,9.4,"['高級大床房（投屏電視+零壓恆温安睡床墊）:HK$395', '豪華大床房（智能客控+零壓恆温安睡床墊+投屏電視）:HK$427', '高級雙床房（投屏電視+零壓恆温安睡床墊）:HK$443', '豪華雙床房（智能客控+零壓恆温安睡床墊+投屏電視）:HK$476']"
