酒店名称,评分,房型价格列表
天津津灣廣場桔子水晶酒店,9.7,"['標準大床房（無窗）:HK$420', '榻榻米大床房（小冰箱+65寸一鍵投屏電視）:HK$442', '豪華大床房·小冰箱+65寸一鍵投屏電視+深度睡眠記憶枕:HK$490', '商務大床房（小冰箱+65寸一鍵投屏電視+深度睡眠記憶枕）:HK$539', '高級雙床房（無窗）:HK$558']"
天津站濱江道CitiGO歡閣酒店,9.7,"['歡享大床房（內景）（智能客控+可投屏65寸電視+小冰箱）:HK$431', '歡享大床房（智能客控+可投屏65寸電視+小冰箱）:HK$462', '歡閣大床房（智能客控+可投屏65寸電視+小冰箱）:HK$491', '歡逸大床房（智能客控+可投屏65寸電視+小冰箱）:HK$532', '歡逸雙床房（智能客控+可投屏65寸電視+小冰箱）:HK$582']"
麗怡酒店（天津空港濱海國際機場店）,9.6,"['純凈雙床房-智能客控+空氣凈化器:HK$330', '商務雙床房-智能客控:HK$403', '豪華套房-智能客控+小冰箱:HK$494']"
麗柏酒店（天津站意式風情街店）,9.7,"['舒適大床房（席夢思床墊+65寸超清電視可投屏）:HK$563', '精緻大床房（空氣凈化器+席夢思床墊+65寸電視可投屏）:HK$594', '豪華大床房（席夢思床墊+65寸超清電視可投屏+冰箱）:HK$626', '豪華雙床房（席夢思床墊+65寸超清電視可投屏）:HK$626']"
天津北塘陸院丨班馬家度假酒店,9.2,"['詩雨丨大床私湯房:HK$753', '藝芸丨大床套房【寵物友好】:HK$862', '詩雨丨大床私湯套房:HK$971', '竹茗丨兩室一廳家庭套房:HK$1,375', '藝芸丨兩室一廳家庭套房【寵物友好】:HK$1,408']"
天津濱江道恆隆廣場亞朵S酒店,9.6,"['高級大床房（智能客控+智能馬桶+小冰箱+可投屏65寸電視+空氣凈化器）:HK$475', '高級雙床房（智能客控+智能馬桶+小冰箱+可投屏65寸電視+空氣凈化器）:HK$501', '行政大床房（智能客控+深睡枕+智能馬桶+小冰箱+可投屏65寸電視）:HK$501', '幾木大床房（智能客控+深睡枕+智能馬桶+小冰箱+可投屏65寸電視）:HK$537', '行政雙床房（智能客控+深睡枕+智能馬桶+小冰箱+可投屏65寸電視）:HK$547']"
天津北辰希爾頓歡朋酒店,9.7,"['舒適大床房:HK$456', '舒適雙床房:HK$478', '高級大床房:HK$500', '高級雙床房:HK$522', '豪華大床房:HK$577']"
天津空港濱海國際機場亞朵酒店,9.6,"['雅緻大床房（投屏電視）:HK$331', '高級雙床房（電視投屏）:HK$340', '高級大床（投屏電視）:HK$367', '行政大床房:HK$394', '行政雙床房:HK$394']"
天津金皇大酒店,9.3,"['豪華祕境房|榻榻米:HK$500', '安適雙床間:HK$500', '安適大床間:HK$500', '豪華大床間:HK$545', '豪華雙床間:HK$545', '豪華一室一廳公寓:HK$609']"
麗柏酒店（天津空港濱海國際機場店）,9.6,"['智享舒適大床房（智能客控）:HK$328', '智享巨幕影音大床房（智能客控）:HK$333', '智享精緻大床房（智能客控）:HK$343', '智享豪華雙床房（智能客控）:HK$383', '森氧豪華大床房（智能客控）:HK$400']"
天津藝龍酒店,9.7,"['特享影音大床房（投影儀+智能客控+毛巾除菌櫃）:HK$443', '不凡電競雙床房（智能客控+毛巾除菌櫃+大冰箱）:HK$443', '心悦雙床房（智能客控+毛巾除菌櫃+小冰箱）:HK$471', '心悦大床房（自帶陽台+智能客控+毛巾除菌櫃+小冰箱）:HK$498', '藝心大床房（智能客控+毛巾除菌櫃+小冰箱）:HK$554']"
天津空港Robin諾賓酒店,9.4,"['雅緻大床房|漢斯格雅衞浴+舒達床墊+智能投屏:HK$288', '舒適大床房|漢斯格雅+舒達床墊+智能投屏+Marshall音響:HK$321', '悦享雙床房|漢斯格雅+舒達床墊+智能投屏+Marshall音響:HK$332', '悦享大床房|漢斯格雅+舒達床墊+智能投屏+Marshall音響:HK$364', '甄選雙床房|漢斯格雅+舒達床墊+智能投屏+Marshall音響:HK$386']"
天津南站鵬瑞利明宇麗雅酒店,9.5,"['輕居雙床房（城景落地窗-深睡床墊-投屏電視）:HK$441', '麗雅大床房（城景落地窗-深睡床墊-投屏電視）:HK$441', '麗雅雙床房（落地窗城景-深睡床墊-投屏電視）:HK$441', '輕居大床房（城景落地窗-深睡床墊-投屏電視）:HK$463', '麗雅陽光大床房（270°環幕視野-深睡床墊-投屏電視）:HK$489']"
天津香格里拉大酒店,9.3,"['豪華河景雙床房:HK$3,167', '豪華河景大床房:HK$3,167', '豪華全景大床房:HK$3,266', '豪華閣河景雙床房:HK$3,464', '豪華閣河景大床房:HK$3,464', '行政套房:HK$4,657']"
麗楓酒店（天津小白樓地鐵站五大道文化旅遊區店）,9.7,"['雅緻大床房（智能客控+手機投屏）:HK$312', '豪華大床房（智能客控+小冰箱）:HK$328', '豪華雙床房（智能客控+小冰箱）:HK$352', '商務大床房（手機智能投屏+小冰箱）:HK$368']"
宜必思酒店（天津火車站津灣廣場店）,9.5,"['大床房（房間配有加濕器+金可兒床墊+可投屏電視）:HK$428', '雙床房（配有加濕器+金可兒床墊+可投屏電視）:HK$448', '高級大床房（金可兒床墊+可投屏電視）:HK$457', '高級雙床房（金可兒床墊+可投屏電視）:HK$477']"
麗怡酒店（天津站古文化街店）,9.5,"['大床房（智能客控+慕思床墊）:HK$494', '標準大床房（智能客控+慕思床墊）:HK$522', '高級大床房（智能客控+慕思床墊）:HK$549', '高級雙床房（智能客控+慕思床墊）:HK$585']"
歐航蘭蒂斯酒店（天津濱海國際機場店）,9.2,"['高級大床房:HK$173', '高級雙床房:HK$173', '豪華大床房:HK$199', '豪華雙床房:HK$199']"
天津水遊城麗筠酒店（西北角特色美食街區店）,9.4,"['舒適大床房:HK$653', '高級大床房（落地窗觀民俗街 深睡床墊）:HK$760', '高級雙床房（落地窗觀民俗街 深睡床墊）:HK$760', '豪華房-都市網紅街景:HK$795', '雅緻大床房（高層城市觀景+深睡床墊+小冰箱）:HK$799', '雅緻雙床房（高層觀景+深睡床墊+小冰箱）:HK$818']"
天津濱海新區洞庭路亞朵酒店,9.6,"['高級大床房（65寸小米電視投屏+智能馬桶+深睡枕PRO）:HK$331', '高級雙床房（65寸小米電視投屏+智能馬桶+深睡枕PRO）:HK$349', '行政大床房（全屋智能+金可兒乳膠床墊+深睡枕PRO）:HK$349', '幾木大床房（全屋智能+冰箱迷你Bar+浴袍+深睡枕PRO）:HK$367', '幾木雙床房（全屋智能+冰箱迷你Bar+浴袍+深睡枕PRO）:HK$367']"
天津大學海光寺亞朵酒店,9.6,"['雅緻雙床房（可投屏55寸電視）:HK$358', '雅緻大床房（可投屏55寸電視）:HK$367', '高級雙床房（可投屏55寸電視）:HK$412', '高級大床房（可投屏55寸電視）:HK$421', '行政大床房:HK$430']"
天津麥客達温德姆酒店,9.5,"['商務雙床房（電視投屏+舒達床墊）:HK$521', '商務大床房（電視投屏+舒達床墊）:HK$560', '高級商務大床房（電視投屏+舒達床墊）:HK$613', '多功能大床房（電視投屏+舒達床墊）:HK$652', '豪華商務大床房（電視投屏+舒達床墊）:HK$770']"
天津津灣廣場漫心酒店,9.6,"['雅緻大床房（智能客控+可投屏電視+小冰箱）:HK$420', '經典大床房:HK$421', '心怡大床房（智能客控+可投屏電視+小冰箱）:HK$439', '心悦高級大床房（智能客控+可投屏電視+小冰箱）:HK$478', '心享經典大床房（智能客控+可投屏電視+小冰箱）:HK$518']"
天津融僑套房假日酒店（南開長江道店）,9.5,"['高級大床房 | 津沽CBD夜景 | 超大衞生間，雙洗手盆:HK$537', '高級雙床房 | 津沽CBD夜景 | 超大衞生間，雙洗手盆:HK$537', '高級房 | 津沽CBD夜景 | 超大衞生間，雙洗手盆:HK$537', '無障礙標準雙床房:HK$596', 'City Walk高層大床房｜津沽夜色｜超大衞生間,雙洗手盆:HK$635', 'City Walk高層雙床房｜津沽夜色｜超大衞生間,雙洗手盆:HK$635']"
天津空港濱海國際機場希爾頓歡朋酒店,9.6,"['舒適大床房（舒達床墊+電視投屏+智能馬桶）:HK$475', '高級雙床房（舒達床墊+電視投屏+智能馬桶）:HK$505', '高級大床房（舒達床墊+電視投屏+智能馬桶）:HK$535', '豪華雙床房（舒達床墊+電視投屏+智能馬桶）:HK$565', '豪華大床房（舒達床墊+電視投屏+智能馬桶）:HK$596']"
天津之眼亞朵酒店,9.5,"['高級大床房（手機智能投屏）:HK$592', '行政大床房（超大空間+手機智能投屏）:HK$619', '高級雙床房（手機智能投屏）:HK$619', '行政雙床房（超大空間+手機智能投屏）:HK$681', '幾木家庭雙床房（迷你冰箱+手機智能投屏+深睡枕）:HK$771']"
琯自在·美學·療愈度假民宿（天津薊州西井峪店）,9.8,"['竹塢·扶光 | 小眾禪意零壓房:HK$1,092', '竹塢·碧落 | 小眾禪意零壓房:HK$1,092', '竹塢·柔衹 | 小眾禪意零壓房:HK$1,092', '竹塢·琅軒 | 小眾禪意零壓房:HK$1,092']"
天津天開華苑產業園亞朵酒店,9.6,"['雅緻大床房（可投屏65寸電視+深睡枕深睡床墊+小冰箱）:HK$322', '高級大床房（可投屏65寸電視+深睡枕深睡床墊+小冰箱）:HK$358', '高級雙床房（可投屏65寸電視+深睡枕深睡床墊+小冰箱）:HK$376', '行政大床房（可投屏65寸電視+深睡枕深睡床墊+小冰箱）:HK$394', '高級家庭房（可投屏65寸電視+深睡枕深睡床墊+小冰箱）:HK$403']"
天津富力萬達文華酒店,9.5,"['行政樓層河景大床房（悦享河景+超大浴缸+深睡床墊）:HK$4,267', '行政套房（悦享河景+超大浴缸+深睡床墊）:HK$4,890']"
吉祥院子民宿（天津楊柳青古鎮石家大院店）,9.6,"['大床房:HK$365', '雙床房:HK$514', '雙床套房:HK$713', '大床套房:HK$715']"
天津河東希爾頓歡朋酒店,9.7,"['舒適大床房（舒達床墊+智能投屏電視+智能客控）:HK$672', '舒適雙床房（舒達床墊+智能投屏電視+智能客控）:HK$672', '高級大床房（舒達床墊+智能投屏電視+智能客控）:HK$739', '高級雙床房（舒達床墊+智能投屏電視+智能客控）:HK$739', '豪華大床房（舒達床墊+智能投屏電視+智能客控）:HK$797']"
天津東麗廣場智選假日酒店,9.1,"['智選標準大床房:HK$209', '智選高級雙床房:HK$244', '智選高級大床房:HK$247', '荷里活大床房:HK$323']"
時光漫步S酒店（天津火車站津灣廣場店）,9.8,"['悠然大床房（智能客控+手機投屏+小冰箱）:HK$454', '景觀大床房（智能客控+手機投屏+小冰箱）:HK$476', '行政大床房（超大空間+小冰箱+靜謐睡眠）:HK$487', '尊享大床房（可加沙發床+智能客控+小冰箱）:HK$541']"
天津奧體中心解放南路希爾頓歡朋酒店,9.5,"['舒適大床房（舒達床墊+投屏+彼得羅夫洗沐）:HK$518', '舒適雙床房（舒達床墊+投屏+彼得羅夫洗沐）:HK$576', '高級雙床房（舒達床墊+投屏+彼得羅夫洗沐）:HK$633', '高級大床房（舒達床墊+投屏+彼得羅夫洗沐）:HK$653', '豪華大床房（舒達床墊+投屏+彼得羅夫洗沐）:HK$710']"
全季酒店（天津津南大學城微山南路店）,9.6,"['大床房:HK$341', '雙床房:HK$341', '高級雙床房:HK$361', '高級大床房:HK$371']"
Z漫國際酒店（天津空港經濟區濱海國際機場店）,9.5,"['Z·品質嚴選大床房【智能客控】【自助洗衣】:HK$300', 'Z·品質舒壓電影房【超大幕布】:HK$300', 'Z·品質欣選雙床房【智能客控】【自助洗衣】:HK$311', 'Z·品質欣選大床房【智能客控】【自助洗衣】:HK$322', 'Z·致選行政大床房【超大落地窗】【自助洗衣】:HK$400']"
朗麗茲酒店（天津火車站意式風情街店）,9.7,"['麗茲大床房（65寸可投屏+小冰箱+加熱毛巾桿+智能窗簾）:HK$649', '商務大床房（65寸可投屏+小冰箱+加熱毛巾桿+智能窗簾）:HK$709', '麗茲雙床房（65寸可投屏+小冰箱+加熱毛巾桿+智能窗簾）:HK$757', '意風景觀大床房A（65寸可投屏+小冰箱+加熱毛巾桿+智能窗簾）:HK$769']"
天津濱海于家堡金融區亞朵酒店,9.4,"['雅緻大床房（智能客控+65寸可投屏+小冰箱+2.0深睡枕）:HK$340', '雅緻雙床房（51-54層+65寸可投屏+小冰箱+2.0深睡枕）:HK$340', '行政大床房（51-54層+65寸可投屏+小冰箱+2.0深睡枕）:HK$376', '高級河景雙床房（51-54層+65寸可投屏+冰箱+深睡枕）:HK$403', '行政海景大床房（51-54層+65寸可投屏+冰箱+深睡枕）:HK$403']"
天津中北假日酒店（西青大悦滙店）,9.6,"['高級雙床房:HK$518', '高級大床房:HK$531', '豪華房:HK$640', '行政高級雙床房:HK$815', '行政高級大床房:HK$815']"
全季酒店（天津小白樓徐州道地鐵站店）,9.5,"['高級特大床房【可投屏65寸電視+冰箱+金可兒床墊】:HK$713', '大床房【可投屏65寸電視+冰箱+金可兒床墊】:HK$733', '高級大床房【可投屏65寸電視+冰箱+金可兒床墊】:HK$763', '雙床房【可投屏65寸電視+冰箱+金可兒床墊】:HK$793']"
宜必思酒店（天津古文化街碼頭店）,9.5,"['高級大床房A（55寸投屏電視+品牌抱枕）:HK$333', '雙床房A（55寸投屏電視+小米除濕機+品牌抱枕）:HK$333', '高級大床房（55寸電視投屏+品牌抱枕）:HK$352', '雙床房（55寸投屏電視+品牌抱枕）:HK$352']"
天津濱海三大街MSD亞朵酒店,9.7,"['高級雙床房（65寸投屏電視+智能客控+智能馬桶）:HK$349', '高級大床房（65寸投屏電視+智能客控+智能馬桶）:HK$367', '行政雙床房（65寸可投屏電視+智能客控+智能馬桶）:HK$484', '行政大床房（65寸可投屏電視+智能客控+智能馬桶）:HK$510', '幾木雙床房（小冰箱+65寸投屏電視+智能客控+深睡枕）:HK$547']"
天津五大道希爾頓歡朋酒店,9.6,"['舒適大床房（舒達床墊+投屏+多場景燈光）:HK$546', '高級大床房（舒達床墊+投屏+多場景燈光）:HK$604', '高級雙床房（舒達床墊+投屏+多場景燈光）:HK$632', '豪華大床房（舒達床墊+投屏+多場景燈光）:HK$642', '豪華親子大床房（舒達床墊+投屏+多場景燈光）:HK$642']"
天津陸家嘴萬怡酒店,9.3,"['豪華大床房:HK$788', '豪華雙床房:HK$788', '尊貴大床房:HK$812', '尊貴雙床房:HK$812', '開放式客房:HK$955']"
天津武清希爾頓歡朋酒店,9.6,"['舒適大床房:HK$468', '高級大床房（帶沙發床）:HK$517', '高級雙床房:HK$546', '豪華大床房（帶沙發床）:HK$574', '豪華雙床房:HK$574']"
天津之眼逸扉酒店,9.5,"['靜享大床房（全屋空氣凈化+氧吧+智能語控+電視投屏）:HK$695', '靜享雙床房（全屋空氣凈化+氧吧+智能語控+電視投屏）:HK$791', '高級大床房（智能語音控制+膠囊coffee機+智能馬桶+迷你冰箱+65寸電視投屏）:HK$804', '行政大床房（負氧離子氧吧+智能語音控制+膠囊coffee機+智能馬桶+迷你冰箱+65寸電視投屏）:HK$845', '高級雙床房（智能語音控制+膠囊coffee機+智能馬桶+迷你冰箱+65寸電視投屏）:HK$858']"
天津五大道外國語大學亞朵酒店,9.5,"['高級大床房（智能語音+小冰箱+深睡枕PRO+智能投屏）:HK$547', '行政大床房（智能語音+小冰箱+深睡枕PRO+智能投屏）:HK$637', '行政雙床房（智能語音+小冰箱+深睡枕PRO+智能投屏）:HK$681', '幾木大床房（智能語音+深睡枕PRO+浴袍+智能投屏）:HK$735', '幾木雙床房（智能語音+深睡枕PRO+浴袍+智能投屏）:HK$807']"
格林和美商務酒店（濱海國際機場客運大樓地鐵站店）,9.5,"['精緻大床房:HK$250', '舒適大床房:HK$313', '豪華雙床房:HK$336', '豪華套房:HK$374']"
全季酒店（天津西站北廣場湘潭道店）,9.4,"['大床房:HK$422', '高級雙床房:HK$452', '高級大床房:HK$462', '豪華大床房:HK$502']"
映向城酒店（天津古文化街鼓樓地鐵站店）,9.4,"['特惠雅緻大床房:HK$411', 'Loft雙層複式行政雙床房:HK$459', '舒適商旅大床房:HK$477', '落地窗陽光雙床房:HK$526', 'Loft雙層複式行政大床房:HK$550']"
