酒店名称,评分,房型价格列表
太原湖濱國際大酒店,9.6,"['豪華湖景雙床·俯瞰迎澤湖光盛景:HK$685', '豪華城景雙床·攬勝高空都市景緻:HK$718', '豪華大床房-俯瞰迎澤湖光/都市盛景:HK$718', '湖景超級大床房·滿溢柔軟與尊榮的酣睡天地:HK$965', '湖濱城景大床房·坐擁270°都市絢麗景緻:HK$965', '雲端超大床·奢享天際酣睡空間:HK$965']"
太原晉陽希爾頓歡朋酒店,9.6,"['高級房雙床:HK$479', '豪華房雙床:HK$512', '高級房大床:HK$534', '豪華房大床:HK$566', '豪華商務房大床:HK$642']"
山西華苑賓館（太原站西廣場地鐵站店）,9.4,"['經濟大床房:HK$176', '標準大床房:HK$243', '商務雙床房:HK$243', '夢百合零壓行政雙床房:HK$269']"
柏潤酒店（太原南站武宿機場店）,9.6,"['優享雙床房（全屋智能+護頸記憶枕+加濕器）:HK$209', '優享大床房（全屋智能+護頸記憶枕+巨幕投影+加濕器）:HK$212', '尊享大床房（全屋智能+零壓床墊+護頸記憶枕+冰箱）:HK$229', '尊享雙床房（全屋智能+零壓床墊+護頸記憶枕++小冰箱）:HK$229']"
太原府西街亞朵X酒店,9.8,"['雅緻大床房:HK$394', '高級大床房:HK$430', '高級雙床房:HK$430', '行政大床房:HK$466', '高級套房:HK$592']"
鳳棲九廷酒店（柳巷店）,9.5,"['九廷尋幽●庭院景觀大床房:HK$752', '九廷蒔花●庭院景觀高級大床房:HK$787', '九廷賞月●庭院景觀雙床房:HK$815', '九廷觀雲●庭院景觀家庭房:HK$885', '九廷攬月●清風別苑套房:HK$1,148']"
太原龍城大街希爾頓歡朋酒店,9.6,"['舒適大床房:HK$454', '舒適雙床房:HK$475', '高級大床房:HK$496', '高級雙床房:HK$517', '豪華大床房:HK$536']"
源拓酒店（太原柳巷鐘樓街店）,8.9,"['原粹大床房（智能客控+慕思床墊）:HK$249', '原粹雙床房（智能客控+慕思床墊）:HK$249', '原慧影音大床房（智能客控+慕思床墊）:HK$250', '原璽大床房（智能客控+慕思床墊）:HK$262']"
宇辰商旅酒店（太原南站武宿機場店）,9.9,"['氧吧清新標準間（森林氧吧機+全屋智能+愛馬仕洗護）:HK$271', '氧吧尊享大床房（森林氧吧機+全屋智能+愛馬仕洗護）:HK$318', '氧吧商旅標準間（森林氧吧機+全屋智能+愛馬仕洗護）:HK$318', '氧吧影院大床房:HK$330', '舒適家庭房（森林氧吧機+全屋智能+愛馬仕洗護）:HK$340']"
君宏酒店（太原長風街地鐵站店）,9.5,"['樂享大床房 | 助眠寢具 | 陽光滿屋 | LEOXAO洗護 |:HK$250', '臻享大床房 | 助眠寢具 | 智能客控 | 熱帶雨林花灑 |:HK$283', '臻享雙床房 | 助眠寢具 | 智能客控 | 熱帶雨林花灑 |:HK$283', '商務大床房 | 助眠寢具 | 智能客控 | 熱帶雨林花灑 |:HK$294', '商務雙床房 | 助眠寢具 | 智能客控 | 熱帶雨林花灑 |:HK$294']"
太原柳巷五洲假日酒店 Holiday Inn,9.6,"['高級大床房:HK$363', '豪華大床房:HK$392', '豪華雙床房:HK$438', '豪華房 超大床:HK$438', '豪華城景雙床房:HK$504']"
蔓華酒店（太原南站東廣場店）,9.6,"['治癒系大床房（全網絡覆蓋+鵝絨枕芯+獨立空調）:HK$248', '治癒系雙床房（一夜好眠+全網絡覆蓋+鵝絨枕芯+中央空調+全屋地暖）:HK$255', '蔓華榻榻米（全網絡覆蓋+鵝絨枕芯+獨立空調）:HK$269', '高級大床房（全網絡覆蓋+鵝絨枕芯+獨立空調）:HK$283']"
繁花酒店（太原柳巷開化寺地鐵站店）,9.2,"['舒適大床房:HK$250', '舒適雙床房:HK$250', '高級大床房:HK$302', '高級雙床房:HK$302']"
華港商務酒店（太原萬國汽貿園晉陽湖店）,9.5,"['舒適大床房（電熱馬桶+電視投屏+智能客控）:HK$219', '雅緻雙床房（智能小度客控+智能電加熱馬桶）:HK$241', '雅緻大床房（智能小度客控+智能電加熱馬桶）:HK$241', '行政雙床房（舒適品質床墊+電視投屏+智能客控）:HK$262']"
太原親賢街萬達悦華酒店,9.6,"['豪華大床房（Acca Kappa洗護沐+智能客控+電視投屏）:HK$414', '豪華雙床房（Acca Kappa洗護沐+智能客控+電視投屏）:HK$414', '高級豪華大床房（Acca Kappa洗護沐+智能客控+電視投屏）:HK$458', '高級豪華雙床房（Acca Kappa洗護沐+智能客控）:HK$458', '親子房（Acca Kappa洗護沐+智能客控+電視投屏）:HK$556']"
山西飯店,9.2,"['古巷幽居 【影視雙床房】:HK$526', '百歲華闌【高級閲景大床房】:HK$658', '百年古韻【高級套房】:HK$735', '國風大床房:HK$904', '國風豪華大床房:HK$955', '國風套房:HK$1,355']"
樸寂1900·度假酒店（晉陽湖紅燈籠體育場店）,8.2,"['瑞草魁:HK$454', '楓桷「原頂4.5米挑空｜90°私享湖景｜落地浴缸」:HK$491', '木鳶「LOFT雙層｜90°落地窗私享湖景｜霧化壁爐」:HK$510', '柚坊「LOFT雙層｜90°湖景浴缸｜霧化壁爐」:HK$538', '戲沫「LOFT親子房｜S滑梯泡泡球池浴缸｜90°側窗湖景」:HK$714']"
蔓蘭酒店（太原晉陽湖店）,9.5,"['Seattle丨西雅圖高級雙床房:HK$285', 'Seattle丨西雅圖高級大床房:HK$289', 'MoMc丨一室一廳客息分離大床房:HK$339', 'Miami丨邁阿密湖景豪華雙床房:HK$339']"
美麗豪酒店（太原鐘樓街萬達廣場店）,9.5,"['影院大床房:HK$386', '精緻大床房:HK$396', '精緻家庭房:HK$408', '雅緻棋牌雙床房:HK$461', '雅緻大床房:HK$499']"
山西梧桐公寓酒店,9.6,"['觀影大床房:HK$526', '高級大床房:HK$635', '商務雙床房 高樓層:HK$719', '商務大床房 高樓層:HK$719', '行政大床房:HK$963', '行政雙床房:HK$984']"
御花園金悅酒店（鐘樓街晉商博物院店）,9.5,"['高級大床房丨投屏電視丨解壓床墊丨乾濕分離丨一夜好眠:HK$263', '高級雙床房丨投屏電視丨解壓床墊丨乾濕分離丨一夜好眠:HK$270', '院景大床房丨院落景觀丨舒睡床墊丨乾濕分離丨一夜好眠:HK$284', '院景雙床房丨院落景觀丨零壓床墊丨乾濕分離丨一夜好眠:HK$295']"
晉澤昌文旅酒店,9.5,"['禮樂豪華大床房（全屋智能系統+戴森吹風機+凈化器）:HK$643', '禮樂豪華雙床房（全屋智能系統+戴森吹風機+凈化器）:HK$643', '善信豪雅大床房（全屋智能系統+戴森吹風機+凈化器）:HK$720', '善信豪雅雙床房（全屋智能系統+戴森吹風機+膠囊coffee機+凈化器加濕器）:HK$720', '誠敬尊享大床房 （全屋智能系統+戴森吹風機+凈化器）:HK$1,057', '誠敬尊享雙床房 （全屋智能系統+戴森吹風機+凈化器）:HK$1,057']"
LiuLiu六月六酒店（太原南站武宿機場店）,9.6,"['悦安大床房（一夜好眠+智能聲控+全覆蓋網絡+鵝絨枕芯+中央空調）:HK$324', '悦目影院房（滾來滾去+獨享陽台+巨幕投屏+免.費影片）:HK$351', '悦安雙床房（舒享景觀+金可兒床墊+智能馬桶+私密投屏+mini冰箱）:HK$365', '悦心大床房（好夢相伴+全屋智能+藝術設計+鵝絨枕芯）:HK$379', '悦心雙床房（縱享靜謐+藝術設計+獨立沙發+全覆蓋網絡+金可兒床墊）:HK$393']"
如家商旅酒店（太原世貿中心王村南街地鐵站店）,9.5,"['大床房（可投屏電視）:HK$248', '雙床房（可投屏電視）:HK$248', '商務大床房（可投屏電視）:HK$284', '高級雙床房（可投屏電視）:HK$284']"
嘉利花園酒店（太原南站武宿機場店）,9.6,"['法式丨經典大床房:HK$293', '法式丨經典雙床房:HK$310', '宋式 I 景觀大床房:HK$326', '法式 I 商務大床房:HK$351']"
麗柏酒店（太原站五一廣場店）,9.4,"['舒適大床房【智能馬桶|Regius Care洗護】:HK$321', '舒適雙床房【智能馬桶|Regius Care洗護】:HK$340', '精緻大床房【智能馬桶|斯林百蘭床墊|RegiusCare洗護】:HK$354', '精緻雙床房【智能馬桶|斯林百蘭床墊|RegiusCare洗護】:HK$372', '豪華大床房【凝膠枕|智能馬桶|RegiusCare洗護】:HK$375']"
惠文源酒店（太原高鐵南站長風東街地鐵站店）,9.7,"['精緻大床房（特製乳膠床墊+雙智能客控+雙循環淋浴）:HK$297', '私人定製影院房（巨幕投屏+環繞音響+雙循環淋浴）:HK$302', '商務大床房（雙智能客控+全語音智能馬桶+天然乳膠墊）:HK$346', '商務標準間（雙智能客控+全語音智能馬桶+天然乳膠墊）:HK$346', '尊貴大床房（高級智能客控+影視投屏+全語音智能馬桶）:HK$408']"
千喜東方酒店（太原南站晉陽街店）,9.6,"['行政大床房:HK$436', '行政雙床房:HK$436', '雅靜雙床房:HK$480', '雅靜大床房:HK$480', '至尊行政大床房:HK$515']"
太原龍城凱悅嘉軒酒店,9.4,"['嘉軒大床房:HK$420', '嘉軒雙床房:HK$420', '景觀大床房:HK$548', '景觀雙床房:HK$548', '嘉軒大床套房:HK$936']"
太原南內環亞朵酒店,9.7,"['雅緻大床房（可投屏+新風系統）:HK$412', '高級大床房（可投屏）:HK$421', '高級雙床房（可投屏）:HK$439', '行政大床房（可投屏）:HK$502', '行政雙床房（可投屏）:HK$519']"
山西國貿大飯店（柳巷鐘樓街店）,9.5,"['高級景觀大床房（小度智能語音控制）:HK$467', '豪華雙床房（小度智能語音控制）:HK$467', '高級豪華景觀大床房（小度智能語音控制）:HK$514', '高級豪華景觀雙床房（小度智能語音控制）:HK$514', '高級大床房:HK$562', '行政景觀雙床房（小度智能語音控制）:HK$635']"
如家精選酒店（太原迎澤大街火車站店）,9.6,"['精選大床房（可投屏電視+乾濕分離）:HK$242', '精選商務大床房（可投屏電視+乾濕分離）:HK$257', '精選雙床房（可投屏電視+乾濕分離）:HK$265', '安心睡0壓大床房（可投屏電視+夢百合床墊+乾濕分離）:HK$281']"
桔園假日酒店（古縣城店）,9.3,"['棲桔·靜謐大床房（智能客控+零光干擾）:HK$201', '棲桔·觀影大床房（巨幕投影+負離子吹風機）:HK$226', '棲桔·輕居雙床房（全屋智能+舒睡好眠）:HK$238', '棲桔·雲境大床房（舒適空間+零壓睡眠）:HK$251']"
太原龍城大街漫心酒店,9.6,"['心雅舒適大床房I新風系統:HK$438', '心怡標準大床房I城市景觀:HK$458', '心悦高級大床房I落地窗:HK$462', '心悦高級雙床房I落地窗:HK$482', '心享豪華大床房I超大客房:HK$492']"
太原幷州飯店,9.5,"['標準大床房·東樓:HK$434', '標準雙床房·東樓:HK$434', '商務大床房·南樓:HK$546', '商務雙床房·南樓:HK$547', '甄選家庭房·南樓:HK$620', '行政大床房·南樓:HK$631']"
美豪·麗致酒店（太原南站武宿機場店）,9.5,"['麗致雙床房:HK$424', '麗致大床房:HK$445', '雅緻影院雙床房:HK$466', '維多利亞圓床房:HK$466', '雅緻影院大床房:HK$487']"
太原龍城公園漫心府,9.8,"['綠柳大床房【Sealy絲漣床墊|智能客控|全景落地窗】:HK$452', '雲色高級大床房【Sealy絲漣床墊/智能客控/花園景觀】:HK$522', '錦綉高級雙床房【Sealy絲漣床墊|智能客控|花園景觀】:HK$522', '凝翠豪華大床房【Sealy絲漣床墊|智能可控|coffee機】:HK$572', '凝翠庭院大床房【Sealy絲漣床墊|獨立庭院|私享浴缸】:HK$603']"
威斯登酒店（太原長風商務區萬象城店）,9.2,"['特惠大床房（康乃馨針織親膚布草+投屏電視+全自動洗衣機+冰箱）:HK$217', '精緻景觀房（零分貝乳膠床墊+康乃馨針織親膚布草+投屏電視+全自動洗衣機+冰箱）:HK$280', '悦心高級房（零分貝乳膠床墊+康乃馨針織親膚布草+投屏電視+全自動洗衣機+冰箱）:HK$280', '樂活大床房（康乃馨針織親膚布草+投屏電視+全自動洗衣機+冰箱）:HK$315']"
太原晉陽街萬達悦華酒店,9.6,"['高級大床房（Acca Kappa洗護沐+小度智能客控+小米空氣凈化器+睡眠窗簾）:HK$447', '豪華大床房（Acca Kappa洗護沐+小度智能客控+小米空氣凈化器+睡眠窗簾）:HK$469', '豪華雙床房（Acca Kappa洗護沐+小度智能客控+小米空氣凈化器+睡眠窗簾）:HK$469', '高級豪華大床房（Acca Kappa洗護沐+小度智能客控+小米空氣凈化器+睡眠窗簾）:HK$534', 'Wanvita套房（手磨coffee設備+舒適浴缸+小度智能客控+Acca Kappa洗護沐+小米空氣凈化器）:HK$687']"
太原南站萬達美華酒店,9.6,"['豪華大床房（Acca Kappa洗護沐+迷你吧+智能客控+電視投屏）:HK$425', '豪華雙床房（Acca Kappa洗護沐+迷你吧+智能客控+電視投屏）:HK$458', '高級豪華大床房（Acca Kappa洗護沐+迷你吧+智能客控+電視投屏）:HK$480', 'WanVita Cafe沉浸大床房（私享COFFEE機+智能投屏+迷你小冰箱）:HK$501', '美華套房（Acca Kappa洗護沐+迷你吧+智能客控+電視投屏+戴森吹風機）:HK$763']"
太原南站東廣場萬達美華酒店（武宿機場店）,9.5,"['靜謐大床內景房-金可兒床墊-智能客控-電視投屏:HK$415', '豪華大床房--金可兒床墊-智能客控-電視投屏:HK$426', '豪華雙床房-金可兒床墊-輕盈睡眠-温馨出行:HK$470', '臻選大床房-金可兒床墊-智能客控-電視投屏:HK$481']"
如家商旅酒店（太原高新區學府街地鐵站店）,9.7,"['商務大床房A（可投屏電視）:HK$332', '高級大床房（可投屏電視）:HK$342', '高級雙床房（可投屏電視）:HK$359', '套房（可投屏電視）:HK$517']"
雲溪悦華酒店（太原南站店）,9.5,"['雲溪高級大床房（全屋智能+絲漣床墊+康夫吹風機）:HK$327', '雲溪商務大床房（全屋智能+獨立沙發+落地景觀）:HK$358', '雲溪商務雙床房（全屋智能+全覆蓋網絡+獨立沙發）:HK$370', '悦華行政豪華大床房（全屋智能+絲漣床墊+落地景觀）:HK$413', '雲溪豪華雙床房（全屋智能+全覆蓋網絡+獨立沙發）:HK$435']"
太原萬怡酒店,9.6,"['豪華雙床房:HK$622', '高級豪華大床房:HK$652', '高級豪華雙床房:HK$652', '豪華大床房:HK$654', '尊貴豪華大床房:HK$873', '小黃鴨親子主題房:HK$1,222']"
太原長風商務區萬象城亞朵酒店,9.8,"['雅緻大床房:HK$412', '高級大床房:HK$430', '高級雙床房:HK$448', '行政大床房（小度智能客控+可投屏）:HK$493', '行政雙床房（小度智能客控+可投屏）:HK$493']"
太原湖畔度假酒店,9.9,"['高級大床房:HK$696', '高級雙床房:HK$789', '豪華大床房:HK$975']"
景溦酒店（北美新天地店）,9.7,"['靜謐·甜睡大床房:HK$327', '躺平治癒·大床房「智能客控」:HK$418', '茶禪·高級深睡雙床房「智能客控+乳膠床墊」:HK$446', '精緻·高級大套房「智能客控+會客沙發」:HK$446']"
Y酒店（太原解放路柳巷開化寺地鐵站店）,9.2,"['精緻大床房（手機投屏）:HK$224', '温馨大床房（手機投屏）:HK$230', '温馨雙床房（手機投屏）:HK$235', '時尚雙床房（森林氧吧 手機投屏）:HK$246']"
太原迎澤西大街漫心酒店,9.5,"['雅緻大床房【絲漣床墊+MINI吧+智能客控】:HK$391', '心怡大床房【絲漣床墊+MINI吧+智能客控】:HK$402', '心悦高級標準房【絲漣床墊+MINI吧+智能客控】:HK$414', '心悦高級大床房【絲漣床墊+MINI吧+智能客控】:HK$446', '心享豪華大床房【絲漣床墊+MINI吧+智能客控】:HK$489']"
宜必思酒店（山西大醫院店）,9.7,"['舒壓-高級大床房:HK$254', '舒壓-雙床房:HK$273', '商務大床房:HK$291', '商務雙床房:HK$291']"
