酒店名称,评分,房型价格列表
屯舍·文化酒店（安順大潤發好吃街店）,9.4,"['屯夕 | 城景大床房（零壓床墊）:HK$277', '屯夕|雅緻大床房（零壓床墊）:HK$293', '屯夕 | 雅緻雙床房（零壓床墊）:HK$318', '屯夕 | 浮光大床房（零壓床墊）:HK$318', '槓上花 | 娛樂棋牌房（零壓床墊）:HK$335']"
安順高鐵西站怡程酒店,9.0,"['智能商務大床房（雅蘭床墊+中式茶具+電視投屏）:HK$514', '智能豪華大床房（雅蘭床墊+中式茶具+電視投屏）:HK$563', '智能豪華雙床房（雅蘭床墊+中式茶具+電視投屏）:HK$614', '智能舒適大床房（中式茶具+電視投屏+縱享私湯）:HK$697', '智能豪華套房（雅蘭床墊+中式茶具+電視投屏）:HK$721']"
麗怡酒店（安順古城店）,9.3,"['高級大床房:HK$459', '豪華大床房:HK$484', '豪華雙床房:HK$484', '湖景大床房:HK$509', '園景雙床房:HK$509']"
半山酒店（安順黃果樹大街好吃街店）,9.5,"['山景雙床房:HK$396', '山景大床房:HK$396', '城景大床房:HK$429', '城景雙床房:HK$429', '御觀大床房:HK$493', '御觀雙床房:HK$493']"
和頤至尚酒店（安順黃果樹大街大潤發店）,9.4,"['雙床房:HK$231', '大床房A:HK$239', '商務大床房:HK$264', '高級大床房:HK$291', '高級雙床房:HK$299']"
悦立達大酒店（安順古城店）,9.4,"['古城觀景大床房（全屋智能客控+差旅辦公桌+助眠枕頭）:HK$413', '古城觀景雙床房（全屋智能客控+差旅辦公桌+助眠床墊）:HK$413', '堅果影視大床房（全屋智能客控+百寸巨幕+VIP觀影）:HK$435', '古城全景大床房（全屋智能客控+落地窗觀景+乾濕分離）:HK$457']"
安順神駿風情温泉酒店（安順高鐵西站神駿生態文旅小鎮店）,9.4,"['靜謐舒睡大床房|零壓床墊+親膚床品:HK$271', '旅居時光雙床房|零壓床墊+親膚床品:HK$413', '旅居時光大床房丨零壓床墊+親膚床品:HK$413', '隱悦田園雙床房|自然眠愈+實木傢俱:HK$419']"
天驕度假酒店（安順鎮寧黃果樹瀑布景區博園路店）,9.4,"['精品大床房:HK$327', '精品雙床房:HK$327', '天驕豪華雙床房:HK$371', '天驕豪華大床房:HK$371', '樂享.童話親子雙床房:HK$491']"
花築·安順屯堡院子（雲鷲山店）,9.4,"['精選標間:HK$359', '屯院標間:HK$396', '中式標間:HK$507', '中式觀景大床房:HK$557']"
安順荼樂隱肆民宿（安順西高鐵站店）,9.9,"['縵悦·榻榻米影音房【巨幕投影+智能客控+乾濕分離】:HK$380', '縵奢·清悠別院大床房【智能客控+乾濕分離+實木茶台】:HK$481', '縵奢·清悠別院雙床房【智能客控+乾濕分離+實木茶台】:HK$526', '縵奢·LOFT家庭影音房【巨幕投影+浴缸+全景落地窗】:HK$998']"
維也納酒店（安順黃果樹大街大潤發店）,9.5,"['標準大床房:HK$323', '標準雙床房:HK$323', '高級大床房:HK$353', '高級雙床房:HK$353']"
東城酒店（黃果樹大街西秀區高級中學店）,8.9,"['萌趣悦山親子房:HK$513', '東城豪華雙床房:HK$574', '悦山雙床房:HK$585', '東城尊尚雙床房:HK$589', '東城豪華大床房:HK$596']"
安順美瀾温泉大酒店,9.0,"['商務零壓大床房:HK$226', '精品雙床房:HK$226']"
維也納國際酒店（安順國貿顧府街店）,9.5,"['高級大床房:HK$214', '豪華大床房:HK$230', '豪華雙床房:HK$262', '城景大床房:HK$262']"
安順貴飛酒店,9.7,"['特惠大床房:HK$229', '特惠雙床房:HK$229', '親子雙人房:HK$291', '豪華大床房:HK$304', '豪華雙床房:HK$304']"
久龍壹品酒店（平壩南站區政府店）,9.3,"['智能-高級大床房（全屋智能語音+智能馬桶+電動窗簾+記憶枕）:HK$335', '智能-高級雙床房（全屋智能語音+智能馬桶+電動窗簾+記憶枕）:HK$362', '智能-商務大床房（全屋智能語音+智能馬桶+電動窗簾+記憶枕）:HK$362', '智能-家庭房（全屋智能語音+智能馬桶+電動窗簾+記憶枕）:HK$402']"
全季酒店（安順店）,9.6,"['大床房（65寸電視投屏+拾光茶具）:HK$381', '雙床房（智能客控+辦公桌）:HK$419', '舒適雙床房（小冰箱+零壓床墊）:HK$437', '高級大床房（智能客控+辦公桌）:HK$437']"
花之築酒店（安順火車站店）,9.4,"['舒睡投影大床房【高清投影+手機投屏】:HK$356', '御景投影大床房【巨幕投影+手機投屏】:HK$413', '躺平治癒投影大床房【按摩椅+高清投影+手機投屏】:HK$425', '舒睡投影雙床房【高清投影+手機投屏】:HK$453']"
安順龍宮別苑,8.7,"['善品簡約雙床房:HK$227', '善德普通雙床房:HK$347', '善品簡約大床房:HK$436', '尚院雅緻雙床房:HK$500', '尚院豪華大床房:HK$544']"
安順悅漫致溫泉酒店（平壩高鐵南站區政府店）,9.5,"['270度浴缸投影大床房【私享浴缸泡澡+巨幕會員投影】:HK$432', '祕境觀影大床房【私享會員投影+輕奢床品+辦公桌】:HK$443', '伴山投影大床房【私享會員投影+輕奢床品+深度睡眠】:HK$453', '臨溪觀影雙床房【私享會員投影+深度睡眠+輕奢床品】:HK$511']"
葡華大酒店（安順黃果樹大街好吃街店）,8.9,"['悠享度假雙床房:HK$326', '悠享度假大床房:HK$326', '臻享雅緻雙床房:HK$376', '臻享雅緻大床房:HK$376', '尊享靜逸大床房:HK$410']"
安順拾光民宿（多彩萬象旅遊城店）,9.6,"['拾光·榻榻米投影大床房:HK$263', '拾光·亦柔暢享影音大床房:HK$374', '拾光·夕顏影音大床房:HK$402', '拾光·敍白觀影大床房:HK$513']"
如家精選酒店（安順黃果樹大道新天地店）,9.3,"['商務大床房（落地大窗+城市夜景）:HK$245', '雙床房（落地大窗+城市夜景）:HK$245', '高級大床房（落地大窗+城市夜景）:HK$261', '高級雙床房（落地大窗+城市夜景）:HK$261']"
安順原木·山舍精品民宿,9.6,"['屯風大床房:HK$347', '安月榻榻米雙床房:HK$391', '雙雨雙床房:HK$479', '雲棲大床房:HK$500']"
安順梧桐溫泉養生酒店（西秀區安順西站店）,8.8,"['梧桐丨特惠大床房:HK$241', '庭梧丨輕雅雙床房:HK$294', '青玉丨悦雅雙床房:HK$307', '碧梧丨韻雅雙床房（機麻+茶藝台）:HK$315']"
安順悠然客棧（舊州古鎮店）,10.0,"['悠然大床房:HK$643', '悠然雙床房:HK$643', '屯堡大床房:HK$752', '屯堡雙床房:HK$752']"
安順萬綠城鉑瑞茲酒店,9.3,"['鉑雅大床房:HK$414', '鉑雅雙床房:HK$414', '高級大床房:HK$446', '高級雙床房:HK$446', '豪華大床房:HK$511', '豪華雙床房:HK$511']"
宜尚酒店（安順黃果樹大街大潤發店）,9.1,"['宜馨大床房:HK$424', '宜品大床房:HK$472', '宜悦大床房:HK$500', '宜觀大床房:HK$555']"
遠承雲棲酒店（安順西高鐵站萬象城店）,10.0,"['謐園·智能客控大床房|全屋聲控+智能馬桶+65寸電視|:HK$550', '雲瞰·智能客控大床房♥全屋聲控+智能馬桶+65寸電視♥:HK$567', '輕居·智控投影雙床房|全屋聲控+智能馬桶+100寸投影|:HK$572', '棲景·智能客控雙床房|全屋聲控+智能馬桶+65寸電視|:HK$599', '熙景·智能客控雙床房|全屋聲控+智能馬桶+65寸電視|:HK$609']"
如家驛居酒店（黃果樹大道新天地店）,9.3,"['商務大床房（落地大窗+城市夜景）:HK$233', '家庭房（落地大窗+城市夜景）:HK$269']"
安順夏雲大酒店,9.7,"['豪華智能大床房:HK$199', '豪華智能雙床房:HK$208', '豪華智能套房:HK$313', '豪華智能親子房:HK$313']"
安順麥客達温德姆酒店,8.8,"['悦住·靜然大床房:HK$413', '悦住·靜然雙床房:HK$413', '悦控·智能大床房:HK$455', '悦控·智能雙床房:HK$455', '100寸屏幕·影音大床房:HK$499']"
安順豪生温泉度假酒店,9.1,"['清音雙床房:HK$516', '行政大床房:HK$537', '輕奢雙床房:HK$590', '輕奢大床房:HK$590', '豪華行政套房:HK$1,455', '休旅家庭套房:HK$1,599']"
壹柏·悦美酒店（安順顧府街南馬廣場店）,9.5,"['安睡城景大床房（全屋聲控+電動遮光窗簾+投屏電視）:HK$316', '安睡城景雙床房（全屋聲控+電動遮光窗簾+投屏電視）:HK$337', '躺平治癒大床房（全屋聲控+電動遮光窗簾+投屏電視）:HK$348', '躺平治癒雙床房（全屋聲控+電動遮光窗簾+投屏電視）:HK$368']"
安順永順小舍（高鐵西站店）,9.7,"['半夏I私享觀影大床房:HK$244', '汀蘭I私享觀景大床房:HK$283', '沐月觀影大床房:HK$283', '白芷舒適麻將房:HK$303']"
宜尚酒店（安順機場路店）,9.6,"['標準大床房（北歐風+寬敞明亮）:HK$254', '標準雙床房（北歐風+寬敞明亮）:HK$281', '高級大床房（北歐風+悠享辦公）:HK$281', '高級雙床房（北歐風+悠享辦公）:HK$317']"
花之築酒店（安順黃果樹大街大潤發店）,9.3,"['臻選投影大床房（100寸巨幕投影+手機投屏）:HK$387', '愛麗絲V夢境（100寸巨幕投影+手機投屏）:HK$516']"
安順萬豪大酒店（平壩區高鐵南站店）,8.8,"['雅緻豪華大床房:HK$302', '雅緻豪華雙床房:HK$302', '城市景觀大床房:HK$406', '城市景觀雙床房:HK$406', '雲端智能雙床房:HK$406']"
維也納酒店（安順西高鐵站店）,9.3,"['高級大床房:HK$401', '高級雙床房:HK$401', '豪華大床房:HK$435', '豪華雙床房:HK$446', '商務大床房:HK$457']"
銘晟居酒店（安順黃果樹瀑布景區店）,9.3,"['品茗雅緻雙床房:HK$467', '品茗雅緻大床房:HK$473', '陽台豪華大床房:HK$529', '陽台豪華雙床房:HK$533', '親子豪華雙床房:HK$579']"
桔子酒店（安順黃果樹景區龍宮路店）,9.7,"['大床房（小冰箱+65寸電視投屏）:HK$579', '高級大床房（小冰箱+辦公桌）:HK$702', '露台大床房（智能客控+水吧枱）:HK$732', '雙床房（小冰箱+65寸電視投屏）:HK$742', '露台雙床房（智能客控+水吧枱）:HK$782']"
安頤酒店,9.2,"['精品單間:HK$463', '精品標間:HK$463', '舒適標間:HK$534', '豪華標間:HK$606', '特色風情房:HK$614']"
安順隱居白河酒店（平壩區高鐵南站店）,8.9,"['隱居·浪漫之旅大床房:HK$293', '隱居·庭景池院大床房:HK$315', '隱居·商務行政雙床房:HK$315', '隱居·隱韻休閑大床房:HK$326', '隱居·雅緻浴缸大床房:HK$358']"
尚客優品酒店（安順開發區高鐵西站店）,9.4,"['優品零壓大床房:HK$131', '優享格調零壓雙床房:HK$288', '優享格調零壓大床房:HK$288', '靜謐行政零壓套房:HK$300']"
雲璟•夕照酒店（安順高鐵西站店）,9.9,"['夕照•棲霞大床房:HK$342', '雲璟•觀瀾大床房:HK$379', '虹山•靜軒商務雙床房:HK$388', '屯堡•雲鏡大床房:HK$425']"
泰翔柏麗酒店（安順顧府街南馬廣場店）,8.9,"['巨幕影音大床房:HK$257', '柏麗優選雙床房:HK$269', '柏麗優選大床房:HK$269', '沉浸影音大床房:HK$292', '原木雅居雙床房:HK$313']"
安順華通大酒店,9.0,"['高級大床房:HK$481', '高級雙人房:HK$481', '豪華大床房:HK$507', '豪華雙人房:HK$515', '行政大床房:HK$830', '豪華套房:HK$1,114']"
永棠民宿（安順高鐵西站萬象旅遊城店）,9.4,"['苡棠・迷你影音大床房:HK$219', '柚棠·助眠零壓大床房:HK$237', '栩棠·輕奢智能大床房:HK$254', '可棠·輕享度假雙人標間:HK$372']"
停雲小駐,9.7,"['精緻大床房-星河803:HK$358', '雅緻大床房-暮野801:HK$373', '輕奢大床房-繁間802:HK$373', '園景大床房的-晨熹808:HK$450']"
安順盛世温泉假日酒店,8.4,"['迷你大床房:HK$332', '特價單間:HK$376', '特價標間:HK$376', '普通雙床房:HK$455']"
安順聖豐酒店（顧府街店）,9.1,"['高級城景雙床房:HK$463', '高級城景大床房:HK$464', '無煙城景雙床房:HK$478', '精選城景大床房:HK$518', '精選城景雙床房:HK$518']"
安順百靈希爾頓逸林酒店,9.3,"['逸林大床房:HK$874', '逸林雙床房:HK$874', '湖景大床房:HK$975', '湖景雙床房:HK$975', '行政大床房:HK$1,038', '行政雙床房:HK$1,038']"
龍宮·翠山房,9.7,"['暮雲陽台雙床房:HK$817', '暮雨陽台雙床房:HK$817', '暮雲陽台大床房:HK$817', '修竹庭院浴缸大床房:HK$899', '修竹庭院雙床房:HK$899']"
龍宮棲縵民宿,9.4,"['花園大床房（休閑庭院+星空浴+智能）:HK$874', '闊景大床房（觀景陽台+星空浴+智能）:HK$874', '山野大床房（觀景露台+星空浴+榻榻米+智能）:HK$939', '闊景親子房（智能+小童小屋）:HK$983', '山野雙床房（榻榻米+觀景露台+智能+星空浴）:HK$1,092', '花園家庭房（休閑庭院+星空浴+智能）:HK$1,638']"
貴州安順西站美居酒店,9.7,"['高級大床房【智能客控+minibar】:HK$663', '標準雙床房【智能客控+minibar】:HK$683', '嘉賓大床房【智能客控+minibar】:HK$704', '高級雙床房【智能客控+minibar】:HK$714', '嘉賓雙床房【智能客控+minibar】:HK$743']"
朴樹·四季酒店（安順古城顧府街店）,9.4,"['季·清冬|智控大床房|F棟|獨享靜謐+智能馬桶+65寸電視:HK$463', '季·初夏|聲控雙床房|F棟|獨享靜謐+智能馬桶+65寸電視:HK$474', '季·芳春|聲控大床房|F棟|獨享靜謐+智能馬桶+65寸電視:HK$485', '樹·晨曦|智能客控雙床房|全屋聲控+智能馬桶+65寸電視:HK$502']"
樹漫庭酒店（安順鎮寧黃果樹瀑布景區店）,9.4,"['山景浴缸大床房:HK$960', '零壓舒眠雙床房:HK$996', '山景零壓雙床房:HK$1,076', '全景零壓尊享雙床房:HK$1,199', '山景浴缸套房:HK$1,199']"
安瀾國際酒店（黃果樹大街大潤發店）,8.6,"['安瀾·雙棲居大床房:HK$385', '安瀾.枕星河大床房:HK$397', '安瀾.巨幕影音大床房:HK$397', '安瀾·雙棲居雙床房:HK$416', '安瀾·雲憩居大床房:HK$429']"
漢屯大酒店（安順黃果樹風景名勝區店）,9.1,"['靜謐・Work舒眠雙床房（高低雙枕 + 舒適好眠）:HK$718', '觀野・Sleep舒眠大床房（品牌床墊 + 55寸電視 ）:HK$718', '和風・Zero-Press零壓雙床房:HK$760', '雲汀・Scenic觀景大床房（ 全景落地窗 + 乾濕分離 ）:HK$773', '舒望・Panor270°觀景陽台大床房（270 度觀景陽台）:HK$802']"
星程酒店（安順學院南馬廣場店）,9.4,"['高級大床房（外窗+辦公桌）:HK$227', '高級雙床房 （外窗+金可兒床墊）:HK$227', '商務大床房（金可兒床墊+辦公桌）:HK$246', '商務雙床房:HK$255']"
澳維酒店（西秀區安順西站店）,8.9,"['豪華大床房【浪漫浴缸+全景落地窗】:HK$508', '豪華雙床房【浪漫浴缸+全景落地窗】:HK$508', '行政大床房【浪漫浴缸+智能馬桶+落地窗+電動窗簾】:HK$518', '行政雙床房【浪漫浴缸+智能馬桶+落地窗+電動窗簾】:HK$520', '豪華套房:HK$1,046', '行政套房:HK$1,432']"
安恆閲灣·雲澗悦野Villa·隱市度假民宿,8.9,"['野趣·庭院雙床房:HK$452', '歸隱·悠居雙床房:HK$496', '映畫·星河湖景雙床房:HK$496', '攬月·臨溪露台雙床房:HK$568']"
龍宮布依山景民宿,9.7,"['影院大床房（護頸記憶枕-零壓品質床墊-100寸投影）:HK$489', '雅緻雙床房（護頸記憶枕+零壓品質床墊+鵝絨靠枕）:HK$529', '山景雙床房（護頸記憶枕-零壓深睡品質床墊+鵝絨靠枕）:HK$611', '山景大床房（護頸記憶枕-零壓深睡床墊-100寸投影）:HK$657']"
鑫悦温泉酒店（安順高鐵西站神駿生態文旅小鎮店）,8.5,"['舒壓深睡雙床房·精緻睡眠:HK$524', '舒適潔凈大床間·精緻睡眠:HK$649', '暢享-園景摩天輪雙床房-精緻睡眠:HK$706', '暢享-園景摩天輪大床房-精緻睡眠:HK$759', '悦享-歡樂貝親親子主題雙床房:HK$839']"
索居民宿,9.8,"['豪華大床房:HK$424', '標準雙床房:HK$424', '親子套房:HK$533']"
野渡尚林院（安順高鐵西站店）,10.0,"['沐陽智能大床房【小度全屋智能+零壓枕頭+院景】:HK$864', '禪語豪華雙床房【小度全屋智能+零壓枕頭+家庭影音】:HK$951', '落霞智能大床房【小度全屋智能+零壓枕頭+落日晚霞】:HK$951', '幽靜智能大床房【小度全屋智能+零壓枕頭+幽享空間】:HK$951']"
