酒店名称,评分,房型价格列表
定安熊先生主題香山賓館,8.6,"['熊主題易趣特惠房:HK$91', 'Star炫彩星空大床房:HK$93', '熊主題精品大床房:HK$104', '熊主題温馨雙床房:HK$105']"
愛情樹民宿,8.9,"['紅豆杉 | 舒適大床房:HK$450', '君子蘭 | 舒適大床房:HK$450', '鬱金香 | 園景舒適大床房:HK$482', '蝴蝶蘭 | 園景舒適大床房:HK$482']"
如家派柏·雲酒店（見龍大道店）,9.1,"['特惠大床房+1.5匹變頻冷暖空調+舒適通風透氣:HK$113', '雅緻大床房:HK$121', '特惠雙床房（1.5匹變頻冷暖空調+環境安靜舒適）:HK$121', '雅宿雙床房（1.5匹變頻冷暖空調+環境安靜舒適）:HK$139']"
維也納國際酒店（定安日廣鳳羽林店）,9.4,"['標準大床房:HK$302', '標準雙床房:HK$302', '豪華大床房:HK$318', '豪華雙床房:HK$334']"
定安萊希漫酒店（和平南路店）,9.4,"['龍禧.優享大床房:HK$161', '智享.輕奢雙床房:HK$215', '尊享.禪馨大床房:HK$350', '尊享 禪意雙床房:HK$386']"
羣星賓館（沿江二路店）,9.7,"['舒適大床房:HK$102', '舒適雙床房:HK$113']"
都市花園酒店（定安汽車站店）,9.5,"['輕享大床房:HK$128', '花園雅緻大床房:HK$137', '花園雅緻雙床房:HK$149', '花園尊享雙床房:HK$196']"
定安馨牡丹賓館,8.2,"['標準大床房:HK$137', '豪華電腦單間:HK$147', '豪華電腦標間:HK$165', '豪華棋牌房:HK$184']"
定安潤隆酒店,8.9,"['豪華大床房:HK$216', '豪華雙床房:HK$227', '豪華套房:HK$391']"
定安熊先生智慧客棧,8.4,"['簡約主義大床房:HK$350', '智能輕奢大床房:HK$358', '精緻榻榻米房:HK$362', '智能輕奢雙床房:HK$372']"
定安V8時尚酒店（定安汽車站店）,8.7,"['標準大床房（空調-酒店公區洗衣房）:HK$147', '標準雙人間（空調-酒店公區洗衣房）:HK$151', '甄選都市大床房（空調-酒店公區洗衣房）:HK$167', '商務三人間:HK$186']"
悉時智選酒店（海口定安汽車站店）,8.7,"['拍照出片大床房【温馨浪漫｜安心好眠】:HK$117', '情侶ai約會大床房【中央空調|酒店公區提供洗衣機】:HK$129', '槓上開花大床麻將房【大56號麻將｜中央空調】:HK$129', '窗外好景豪華大床房【視野寬闊｜中央空調】:HK$135']"
麗景度假酒店（定安縣政府店）,9.3,"['豪華圓床房（酒店公區洗衣機+乾濕分離）:HK$254', '標準大床房（酒店公區洗衣機）:HK$317', '標準雙床房（酒店公區洗衣機+乾濕分離）:HK$419', '豪華大床房（公區自助洗衣機+乾濕分離）:HK$451']"
定安皇華賓館（定安汽車站店）,7.6,"['特價房:HK$127', '高級大床房:HK$138', '高級雙床房:HK$154', '豪華大床房（小度智能客控）:HK$159']"
定安蘭亭季賓館,8.6,"['特惠大床房:HK$121', '標準房:HK$137', '豪華麻將房:HK$202']"
海南諾德珺唐酒店,8.7,"['豪華園景雙床房:HK$565', '豪華園景大床房:HK$603', '豪華湖景大床房:HK$648', '麗湖套房:HK$1,243']"
定安燕輝賓館,7.3,"['標準大床房:HK$115', '標準雙人間:HK$130']"
定安華盛智慧酒店（定安汽車站店）,7.7,"['華舒雅緻大床房（公區提供自助洗衣房）:HK$109', '舒享雅緻雙床房（公區提供自助洗衣房）:HK$143', '心悦麗致大床房（公區提供自助洗衣房）:HK$143', '悦享陽光大床房（公區提供自助洗衣房）:HK$161']"
瓊海森林湖大酒店,8.8,"['大床房|大陽台:HK$111', '雙床房|大陽台:HK$111', '豪華一室一廳套房|大陽台:HK$208', '豪華兩室一廳套房|大陽台:HK$234']"
悠谷客棧（定安汽車站店）,8.8,"['佳和雙床房（安靜温馨）:HK$157', '悠品單人房（安靜温馨）:HK$158', '佳和大床房（安靜温馨）:HK$170', '悠逸大床房（安靜温馨）:HK$185']"
定安滙隆大酒店,9.0,"['標準房:HK$175', '豪華大床房:HK$180', '麻將套房:HK$221']"
定安燕鯨賓館,6.7,"['高級大床房:HK$145', '高級雙床房:HK$171']"
定安春陽假日酒店,6.9,"['高級大床房:HK$195', '高級雙床房:HK$195', '豪華大床房:HK$205', '豪華雙床房:HK$205']"
仙都賓館（定安南樓店）,5.7,"['高級大床房:HK$120', '高級標間（全景落地窗+沙發休閑區）:HK$120', '豪華套房:HK$158']"
定安居善觀民宿,9.3,[]
