酒店名称,评分,房型价格列表
強生大酒店（福台景園店）,9.3,"['特價房:HK$238', '樂享大床房:HK$249', '樂享雙床房:HK$260', '陽光少年主題房:HK$293']"
格林豪泰酒店（定西中華路大什字店）,9.5,"['家庭親子房:HK$302', '景觀大床房:HK$310', '景觀雙床房:HK$310', '豪華大床房:HK$310']"
定西龍灣半島國際酒店,9.0,"['普通雙床房:HK$240', '豪華大床房:HK$311', '豪華雙床房:HK$322', '行政雙床房:HK$360', '行政大床房:HK$381']"
TOWO上品酒店（西關市場火車站店）,9.3,"['臻享行政雙床房:HK$311', '臻亨行政豪華套房:HK$311', '臻享行政大床房:HK$311', '悦享高級雙床房:HK$311']"
維也納酒店（定西高鐵萬達廣場店）,9.6,"['高級雙床房:HK$330', '親子雙床房:HK$392', '商務套房:HK$424', '豪華套房:HK$424']"
定西海旺大酒店,9.4,"['豪華大床房:HK$253', '新中式豪華雙床房:HK$301', '新中式豪華大床房:HK$325', '行政豪華大床房:HK$325', '行政豪華雙床房:HK$325']"
麗楓酒店（定西高鐵北站店）,9.6,"['豪華雙床房（智能客控+乾濕分離）:HK$336', '商務大床房（智能客控+乾濕分離）:HK$372', '商務雙床房（智能客控+乾濕分離）:HK$400', '豪華套房（智能客控+乾濕分離）:HK$605']"
定西天慶國際酒店,8.7,"['特價大床房:HK$289', '特價雙床房:HK$289', '豪華單人間:HK$293', '豪華標準間:HK$361', '豪華商務套房:HK$483']"
藝龍萬國酒店（定西中華北路店）,9.6,"['雅享雙床房（65寸智能投屏電視+恆温馬桶+夢百合床墊）:HK$295', '雅享大床房（65寸智能投屏電視+恆温馬桶+夢百合床墊）:HK$312', '瑞享雙床房（65寸智能投屏電視+恆温馬桶+夢百合床墊）:HK$321', '瑞享大床房（65寸智能投屏電視+恆温馬桶+夢百合床墊）:HK$330']"
石榴電競酒店（定西店）,8.7,"['電競大床房:HK$247', '電競雙人間:HK$247', '豪華電競大床房:HK$257', '豪華電競雙人間:HK$257']"
漢庭酒店（定西火車站店）,9.6,"['雙床房（55寸可投屏電視+恆温馬桶）:HK$240', '大床房（55寸可投屏電視+恆温馬桶）:HK$251', '高級雙床房（55寸可投屏電視+恆温馬桶）:HK$261', '高級大床房（55寸可投屏電視+恆温馬桶）:HK$281']"
泰永居酒店（定西第二人民醫院店）,9.2,"['泰永温馨大床房:HK$191', '幻映圓床房:HK$194', '泰永商旅雙床房:HK$203', '商旅大床房:HK$203']"
7天優品酒店（定西火車站店）,8.8,"['精選特優房:HK$131', '優品大床房:HK$154', '優品雙床房:HK$154', '優享大床房:HK$171']"
定西黃河源民宿,8.4,['精緻二室一廳套房:HK$221']
城市座標酒店（定西友誼廣場火車站店）,9.1,"['雅緻清雅大床房（安靜舒眠+深睡床墊+酒店提供洗衣機）:HK$137', '雅緻清雅雙床房（安靜舒眠+深睡床墊+酒店提供洗衣機）:HK$141', '雅緻風雅大床房（安靜舒眠+深睡床墊+酒店提供洗衣機）:HK$142', '雅緻靜雅大床房（安靜舒眠+深睡床墊+酒店提供洗衣機）:HK$151']"
定西公寓樓,9.7,"['豪華大床房:HK$216', '豪華雙床房:HK$216', '行政套房:HK$328']"
品愛精品酒店,8.7,"['特惠房（無窗）:HK$127', '温馨大床房:HK$136', '温馨雙床房:HK$145', '標準大床房:HK$155']"
如家酒店（定西解放路文祥家園店）,9.4,"['大床房A:HK$99', '大床房:HK$116', '商務大床房:HK$133', '雙床房A:HK$133']"
華住快捷賓館（定西高鐵北站店）,9.7,"['經濟雙床房（公共衞生間無淋浴）:HK$78', '大床房:HK$104', '雙床房:HK$106']"
速8酒店（定西火車站民主街店）,9.1,"['經濟雙床間:HK$105', '標準雙床房:HK$136', '標準大床房:HK$140', '商務大床房:HK$182']"
定西錦海賓館,7.7,"['經濟大床房:HK$158', '標準大床房:HK$174', '標準雙床房:HK$199', '經濟親子房:HK$229']"
民族商務賓館,9.5,"['舒適雙床房:HK$173', '舒適大床房:HK$205', '舒適三人間:HK$238', '豪華套房:HK$281']"
定西宏成賓館,9.4,"['家庭房（公共衞浴）:HK$129', '大床房:HK$151', '豪華雙人間:HK$162', '豪華三人間:HK$183']"
金谷賓館（定西站店）,9.4,"['舒適大床房:HK$129', '舒適雙床房:HK$140', '豪華雙床房:HK$162', '豪華大床房:HK$173']"
定西百友商務酒店,7.9,"['温馨親子間:HK$98', '優享舒適大床房:HK$100', '優享舒適雙床房:HK$100', '豪華套房:HK$236']"
定西隆錦賓館,9.5,"['雙人普間（公共衞生間）（無法洗浴）:HK$75', '雙人標間:HK$83']"
安逸賓館（定西永定中路店）,7.8,"['經濟雙人間:HK$122', '標準大床房:HK$131', '標準雙人間:HK$131']"
定西隴欣賓館,7.3,"['標準電腦大床房:HK$143', '商務標準間:HK$143', '標準電腦雙床房:HK$147', '豪華套房:HK$201']"
定西巖烽商務賓館,7.3,"['大床房（無窗）:HK$122', '標準雙人間（無窗）:HK$154', '標準雙人間:HK$174', '大床房:HK$174']"
定西鵬程商務賓館,8.4,"['特惠房（公共衞浴）:HK$84', '普通間（公共衞浴）:HK$86', '標準大床房:HK$88', '標準間:HK$96']"
定西海森賓館,8.0,"['標準雙床房:HK$102', '經濟大床房:HK$105', '經濟標準間:HK$129', '標準三人間:HK$145']"
鑫鑫賓館,8.2,"['普通大床房（公衞）:HK$63', '普通雙床房（公衞）:HK$74', '普通三人間（公衞）:HK$96', '標準大床房:HK$96']"
定西北峯商務賓館,7.0,"['普通大床房（公共衞浴）:HK$78', '標準大床房:HK$101', '普通三人間（公共衞浴）:HK$153', '普通三床房（公共衞浴）:HK$153']"
茂苑賓館,7.2,"['普通大床房:HK$73', '普通三人間:HK$98', '普通雙人間（無衞浴）:HK$102', '特價單間（帶衞生間）:HK$110']"
定西世紀賓館,9.6,"['普通單人間:HK$37', '普通三人間:HK$53', '普通雙人間:HK$75', '標準雙人間:HK$99']"
西煜賓館,7.8,"['大床房:HK$84', '標準間:HK$98']"
定西人和賓館,6.7,"['普通房（公共衞浴）:HK$82', '精美大床房:HK$121', '精美雙床房:HK$121', '精美三人間:HK$157']"
西桓賓館,5.8,"['大床房:HK$79', '標準間:HK$102']"
通渭尚林温泉酒店,9.6,"['雅緻大床房（智能客控）:HK$303', '温泉私湯大床房:HK$334', '家庭歡聚房:HK$360', '行政大床房:HK$380']"
臨洮怡景東方國際大酒店,9.4,"['雅緻雙床房:HK$197', '雅緻大床房:HK$218', '豪華標間:HK$265', '豪華大床房:HK$288']"
星程酒店（定西通渭温泉路店）,9.7,"['高級大床房（品牌床墊+智能客控）:HK$270', '雙床房（品牌床墊+智能客控）:HK$288', '高級雙床房（品牌床墊+智能客控）:HK$316', '商務大床房（（品牌床墊+智能客控））:HK$335']"
隴西華盛國際大酒店（人民廣場店）,9.0,"['雅緻大床房:HK$227', '豪華大床房（超大床+適合家庭）:HK$251', '雅緻雙床房:HK$251', '豪華雙床房:HK$257']"
隴西雷迪森維嘉酒店,9.8,"['雅緻雙床房:HK$347', '雅緻大床房:HK$357', '夢百合零壓大床房:HK$357', '全景雙床房:HK$368', '夢百合零壓雙床房:HK$368']"
漢庭酒店（定西臨洮武昭公園店）,9.8,"['高級雙床房（恆温馬桶+電動窗簾）:HK$177', '大床房（恆温馬桶+電動窗簾）:HK$196', '商務雙床房（恆温馬桶+電動窗簾）:HK$196', '高級大床房（恆温馬桶+電動窗簾）:HK$224']"
隴西恆發國際大酒店,9.3,"['商務大床房:HK$377', '商務雙床房:HK$377', '豪華大床房:HK$384', '豪華套房:HK$1,248', '行政套房:HK$2,410']"
通渭悦心大酒店,9.2,"['普通標間:HK$178', '商務標間:HK$240', '豪華標間:HK$267']"
通渭樂百味大酒店,9.5,"['雙人標準間:HK$188', '商務大床房:HK$189', '套房:HK$300']"
漢庭酒店（隴西橋南店）,9.7,"['高級雙床房（乾濕分離+手機投屏）:HK$201', '大床房（乾濕分離+手機投屏）:HK$221', '高級大床房（乾濕分離+手機投屏）:HK$230', '家庭房（乾濕分離+手機投屏）:HK$240']"
漢庭酒店（隴西人民廣場店）,9.6,"['大床房（電視投屏+空間大+通透明亮）:HK$245', '高級雙床房（電視投屏+空間大+通透明亮）:HK$254', '高級大床房（電視投屏+空間大+通透明亮）:HK$273', '套房（電視投屏+空間大+通透明亮）:HK$329']"
石緣福大酒店（臨洮洮河石文化博物館店）,9.0,"['雅緻雙床房（釋壓床墊+乾濕分離）:HK$162', '雅緻大床房（釋壓床墊+乾濕分離）:HK$162', '景緻雙床房（釋壓床墊+乾濕分離）:HK$189', '景緻大床房（釋壓床墊+乾濕分離）:HK$189']"
