酒店名称,评分,房型价格列表
宿遷蘇宿工業園區亞朵酒店,9.7,"['高級雙床房:HK$287', '高級大床房:HK$295', '幾木雙床房:HK$331', '幾木大床房:HK$339', '幾木家庭房:HK$366']"
宿遷項王故里蘭歐國際酒店,9.7,"['蘭逸高級大床房『智能客控+智能馬桶+小冰箱+AI語音』:HK$226', '蘭沁高級大床房『投屏電視+智能音控+小冰箱+AI語音』:HK$264', '蘭逸豪華雙床房『舒適辦公+智能音控+小冰箱+AI語音』:HK$302', '蘭錦豪華家庭房『温馨親子+智能馬桶+小冰箱+AI語音』:HK$355', '蘭歐主題IP房『超大辦公+智能語音+小冰箱+浴袍奢享』:HK$355']"
宿遷恆峯國際大酒店,9.8,"['精緻雙床房:HK$327', '高級大床房（深泡浴缸丨按摩椅）:HK$345', '高級雙床房（手機投屏丨霧化玻璃）:HK$345', '豪華雙床房（手機投屏|按摩椅）:HK$364', '豪華套房:HK$1,034']"
麗呈曼享酒店（宿遷萬達廣場項王東路店）,9.3,"['曼享丨雅緻大床房（零壓床墊+獨立化粧鏡）:HK$189', '曼享丨雅緻雙床房（辦公桌椅+智能投屏）:HK$189', '麗呈丨高級無煙雙床房（空氣凈化器+智能馬桶）:HK$206', '麗呈丨高級無煙大床房（空氣凈化器+智能馬桶）:HK$206', '望舒丨尊享行政套房（河畔景觀+浴缸空氣凈化器+投屏）:HK$506']"
曼居酒店（宿遷萬達廣場店）,9.4,"['曼選大床房（親膚床品+手機投屏）:HK$216', '曼選雙床房（辦公桌椅+手機投屏）:HK$216', '曼享雙床房（空氣凈化器+休閑沙發）:HK$234', '曼享大床房（空氣凈化器+休閑沙發）:HK$234', '曼享無煙大床房（空氣凈化器+清新無煙+休閑沙發）:HK$234']"
宿遷發展大道亞朵酒店,9.6,"['高級大床房:HK$278', '高級雙床房:HK$278', '幾木雙床房:HK$348', '幾木大床房:HK$348', '幾木套房:HK$522']"
曼居酒店（宿遷經開區店）,9.7,"['曼優雙床房:HK$229', '曼優大床房:HK$235', '曼選大床房（零壓床墊）:HK$294', '曼選雙床房（零壓床墊）:HK$307', '曼居雙床房（空氣凈化器+零壓床墊）:HK$314']"
全季酒店（宿遷吾悦廣場西湖路店）,9.5,"['大床房:HK$243', '高級大床房:HK$251', '高級雙床房:HK$251', '商務大床房:HK$267']"
麗呈言品酒店（宿遷市政府店）,9.5,"['舒適大床房【零壓床墊+全屋智能+智能投屏】:HK$222', '商務大床房【全屋智能+舒睡記憶枕+智能投屏】:HK$246', '商務雙床房【全屋智能+舒睡記憶枕+智能投屏】:HK$254', '豪華大床房【全屋智能+智能投屏+高速吹風機】:HK$262', '豪華雙床房【全屋智能+舒睡記憶枕+智能投屏】:HK$278']"
宿遷遠航大酒店,9.5,"['特惠大床房:HK$186', '特惠雙人房:HK$186', '商務單間:HK$322', '豪華標間:HK$332', '豪華家庭房:HK$350']"
桔子酒店（宿遷寶龍廣場店）,9.7,"['大床房:HK$216', '高級大床房:HK$224', '商務大床房:HK$232', '商務雙床房:HK$232', '家庭房:HK$257']"
宿遷市政府洪澤湖路開元名庭酒店,9.3,"['名成豪華雙床房:HK$199', '名成高級大床房:HK$199', '名成豪華大床房:HK$217', '名成行政大床房:HK$255', '名成行政雙床房:HK$255']"
宿遷蘇寧廣場希爾頓歡朋酒店,9.5,"['舒適大床房:HK$337', '高級雙床房:HK$362', '高級大床房:HK$379', '豪華雙床房:HK$405', '豪華大床房:HK$422']"
錦江都城酒店（宿遷水韻城寶龍廣場店）,9.6,"['精緻大床房（智能語音小度&天然乳膠枕&迷你冰箱）:HK$179', '風雅大床房（智能語音小度&4K電視手機投屏&智能馬桶&天然乳膠枕）:HK$214', '風雅雙床房（智能語音小度&天然乳膠枕）:HK$214', '都會雙床房（智能語音小度&天然乳膠枕&迷你冰箱）:HK$228']"
全季酒店（宿遷洪澤湖西路店）,9.8,"['大床房:HK$239', '高級大床房:HK$246', '高級雙床房:HK$255']"
宿遷金天國際大酒店,9.7,"['高級親子房:HK$363', '高級大床房:HK$363', '高級雙床房:HK$363', '豪華湖景大床房:HK$399', '豪華湖景雙床房:HK$399']"
宿遷書香府邸酒店（蘇州街店）,9.5,"['雅緻·園景大床房:HK$378', '雅緻·園景雙床房:HK$379', '雅緻·水景雙床房:HK$406', '茶韻·園景大床房:HK$435', '茶韻·水景大床房:HK$463']"
宿遷尚陽湖開元大酒店,9.8,"['開元園景雙床房:HK$331', '開元湖景雙床房:HK$359', '豪華園景大床房:HK$388', '豪華園景雙床房:HK$388', '豪華湖景大床房:HK$416']"
宿遷書香世家酒店（蘇宿工業園區店）,9.7,"['雅緻大床房:HK$214', '雅緻雙床房:HK$214', '茶韻大床房:HK$235', '茶韻AI智能雙床房:HK$256', '茶韻AI智能大床房（智能語音+手機投屏）:HK$256']"
宿遷國際飯店,9.7,"['商務雙床房:HK$346', '商務大床房:HK$346', '商務套房:HK$959']"
宿遷西湖路金鷹廣場亞朵酒店,9.7,"['高級大床房:HK$295', '行政雙床房:HK$304', '行政大床房:HK$312', '幾木雙床房:HK$356', '幾木大床房:HK$366']"
宿遷江山大酒店,9.2,"['商務雙床房:HK$207', '豪華雙床房:HK$214', '巨幕影音雙床房:HK$255', '豪華大床房:HK$256', '景觀大床房:HK$261']"
宿遷運河灣半島酒店,9.7,"['水鏡大床房:HK$227', '修心雙床房:HK$227', '水鏡觀景大床房:HK$284', '修心庭院雙床房:HK$284']"
宿遷京東智慧城麗呈酒店,9.6,"['舒適園景大床房（舒適床品+智能馬桶）:HK$193', '舒適園景雙床房（舒適床品+智能馬桶）:HK$202', '商務園景大床房（舒適床品+智能馬桶+手機投屏）:HK$220', '商務園景雙床房（舒適床品+智能馬桶+手機投屏）:HK$230', '豪華園景大床房（舒適床品+智能馬桶+手機投屏+小冰箱）:HK$257']"
蘭歐酒店（洋北宿遷港店）,9.7,"['蘭逸高級大床房（全屋智能語音控制+輕智能馬桶）:HK$209', '蘭逸高級雙床房（全屋智能語音控制+輕智能馬桶）:HK$216', '蘭沁豪華大床房（全屋智能語音控制+輕智能馬桶）:HK$267', '蘭沁豪華雙床房（全屋智能語音控制+輕智能馬桶）:HK$279']"
宿遷雙星國際酒店,9.7,"['高級雙床房:HK$434', '高級大床房:HK$446', '行政大床房:HK$479', '行政雙床房:HK$479', '豪華家庭房:HK$645', '高級套房:HK$749']"
亞朵酒店（宿遷市政府店）,9.3,"['高級大床房:HK$278', '高級雙床房:HK$278', '幾木大床房:HK$366', '行政大床房:HK$366']"
宿遷星辰國際酒店,9.6,"['景觀雙床房:HK$434', '景觀大床房:HK$434', '商務雙床房:HK$463', '商務大床房:HK$463', '行政大床房:HK$501', '攜寵商務雙床房:HK$501']"
鉑麗雲瑞酒店（宿遷寶龍廣場二十四街店）,9.4,"['雲棲星嶼大床房:HK$116', '古黃河｜半隱雙床房┖投屏電視•亞朵級沈眠床墊•舒適┓:HK$116', '楚街｜半隱大床房┖投屏電視•亞朵沈眠床墊•舒適┓:HK$134', '駱馬湖｜全景雙床房┖投屏電視•亞朵級沈眠床墊•城景┓:HK$134']"
宿遷運河金陵大飯店,9.6,"['高級單間:HK$378', '高級標間:HK$378', '豪華單間:HK$406', '豪華標間:HK$406', '高級套房:HK$843']"
宿遷宿城區政府桔子水晶酒店,9.8,"['高級大床房（65寸可投屏電視+Sealy床墊+迷你冰箱）:HK$378', '商務大床房（65寸可投屏電視+Sealy床墊+迷你冰箱）:HK$403', '高級雙床房（65寸可投屏電視+Sealy床墊+迷你冰箱）:HK$411', '商務雙床房（65寸可投屏電視+Sealy床墊+迷你冰箱）:HK$436', '行政大床房（65寸可投屏電視+Sealy床墊+迷你冰箱）:HK$460']"
希岸酒店（宿遷項王故里蘇寧廣場店）,9.2,"['希岸商務大床房（夢百合零壓床墊+蕎麥枕）:HK$166', '希岸豪華雙床房（夢百合零壓床墊+蕎麥枕）:HK$166', '希岸豪華大床房（夢百合零壓床墊+蕎麥枕）:HK$173', '希岸高級大床房（夢百合零壓床墊+蕎麥枕）:HK$174']"
全季酒店（宿遷發展大道店）,9.6,"['雙床房:HK$238', '高級大床房:HK$246', '商務大床房:HK$262', '豪華大床房:HK$304']"
麗楓酒店（宿遷水韻城寶龍廣場店）,9.3,"['高級大床房（無窗）:HK$231', '標準雙床房:HK$240', '雅緻大床房:HK$249', '豪華大床房:HK$294']"
宿遷楓華麗致酒店,9.4,"['商務標準間:HK$169', '商務單人間:HK$266', '豪華單人間:HK$283']"
三台山衲田村度假酒店,9.4,['美境·隱花間豪華大床房:HK$425']
全季酒店（宿遷宿城區政府店）,9.6,"['大床房:HK$246', '高級大床房:HK$262', '雙床房:HK$262', '舒壓高級大床房:HK$279']"
全季酒店（宿遷寶龍廣場店）,9.6,"['雙床房:HK$214', '高級大床房:HK$222', '舒壓高級大床房:HK$230', '舒壓豪華大床房:HK$238']"
宿遷麗呈曼享酒店,9.4,"['樂享純凈大床房（零壓床墊）:HK$228', '樂享純凈雙床房（零壓床墊）:HK$228', '優享深睡大床房（零壓床墊）:HK$260', '曼享呼吸雙床房（零壓床墊）:HK$278']"
全季酒店（宿遷萬達廣場店）,9.5,"['高級雙床房:HK$246', '高級大床房A:HK$246', '高級大床房:HK$260', '商務雙床房:HK$262']"
桔子酒店（宿遷發展大道楚街店）,9.6,"['加州陽光高級大床房:HK$239', '加州陽光商務大床房:HK$248', '加州陽光高級雙床房:HK$264', '加州陽光豪華大床房:HK$347']"
SU·牛角村度假酒店,9.7,"['湖景庭院洞穴房:HK$484', '輕奢湖景庭院房:HK$484', '湖景庭院田園房:HK$484', '湖景庭院陽光房:HK$484', '湖景庭院親子套房:HK$531']"
三台山曬米台度假酒店,9.4,"['豪華大床房:HK$188', '豪華雙床房:HK$188', '豪華複式大床房:HK$340', '高級親子房:HK$340', '豪華複式親子房:HK$378']"
漢庭酒店（宿遷項王故里蘇寧廣場店）,9.6,"['大床房:HK$174', '高級雙床房:HK$174', '高級大床房:HK$190', '商務大床房:HK$207']"
宿遷恆力國際大酒店,9.5,"['豪華大床房:HK$577', '豪華雙床房:HK$577', '親子大床房:HK$710', '親子雙床房:HK$710', '行政大床房:HK$729', '行政套房:HK$1,214']"
宿遷雲瀾曼居酒店（寶龍廣場汽車總站店）,9.4,"['曼享深睡大床房（電視投屏）:HK$124', '雲泊大床房（電視投屏+商務辦公桌）:HK$128', '頤居大床房（電視投屏+休閑沙發+會客區）:HK$150', '雲泊雙床房（商務辦公桌+乾濕分離+電視投屏）:HK$151']"
宿遷激光產業園開元名庭酒店,9.4,"['名成高級大床房（唐風國潮+小冰箱+落地窗）:HK$274', '名成高級雙床房（唐風國潮+小冰箱+落地窗）:HK$283', '名成豪華大床房（唐風國潮+浴袍+小冰箱+落地窗）:HK$321', '名成豪華雙床房（唐風國潮+小冰箱+浴袍+落地窗）:HK$331', '名成行政大床房（唐風國潮+商務辦公+衣帽間+落地窗）:HK$378']"
漢庭酒店（宿遷發展大道店）,9.6,"['高級大床房:HK$169', '商務雙床房:HK$178', '商務大床房:HK$186']"
麗楓酒店（宿遷工業園區店）,9.6,"['雅緻大床房:HK$226', '豪華大床房:HK$233', '豪華雙床房:HK$248', '商務大床房:HK$255']"
宿遷巴里島假日酒店,9.2,"['標準單間:HK$194', '標準大床房:HK$214', '標準雙床房:HK$214', '標準家庭房:HK$214']"
