酒店名称,评分,房型价格列表
平涼廣成大酒店,9.4,"['商務標準間:HK$377', '商務單人間:HK$378', '貴賓標準間:HK$401', '貴賓單人間:HK$401', '豪華標準間:HK$451', '豪華單間:HK$451']"
平涼綠地廣場亞朵酒店,9.5,"['雅緻大床房（亞朵慢回彈記憶枕+ESPA洗護）:HK$332', '高級雙床房（亞朵慢回彈記憶枕+ESPA洗護）:HK$340', '高級大床房（亞朵慢回彈記憶枕+ESPA洗護）:HK$358', '行政雙床房（亞朵慢回彈記憶枕+ESPA洗護）:HK$367', '行政大床房（亞朵慢回彈記憶枕+ESPA洗護）:HK$385']"
伯寓智臻公寓酒店（平涼綠地廣場柳湖公園店）,9.4,"['智選標準間:HK$268', '臻選大床房:HK$288', '智選大床房:HK$315', '臻選標準間:HK$325']"
宜必思酒店（平涼崆峒山綠地廣場店）,9.6,"['高級大床房A（品牌床墊+外窗遮擋）:HK$231', '雙床房A（品牌床墊+外窗遮擋）:HK$240', '高級大床房（品牌床墊+智能馬桶+加濕器）:HK$251', '雙床房（品牌床墊+智能馬桶+外窗）:HK$261']"
麗楓酒店（平涼崆峒大道寶塔廣場店）,9.3,"['豪華大床房:HK$373', '豪華雙床房:HK$373', '商務大床房:HK$381', '商務雙床房:HK$381']"
漢庭酒店（平涼南門什字店）,9.6,"['大床房（安心睡眠）:HK$271', '雙床房（商務辦公&安心睡眠）:HK$281', '高級大床房（商務辦公&安心睡眠）:HK$291']"
平涼融庭酒店,9.4,"['優享雙床房:HK$188', '優享大床房:HK$188', '陽光大床房:HK$247', '陽光雙床房:HK$247']"
如家商旅酒店（平涼柳湖公園綠地廣場店）,9.5,"['商務大床房:HK$230', '高級大床房:HK$247', '高級雙床房:HK$256', '大床房:HK$258']"
全季酒店（平涼景海麗都店）,9.6,"['舒壓高級大床房（舒壓床墊+智能馬桶+投屏+冰箱）:HK$372', '雙床房（金可兒床墊+智能馬桶+投屏+冷藏冰箱）:HK$381', '家庭房（金可兒床墊+智能馬桶+投屏+冷藏冰箱）:HK$432', '套房（金可兒床墊+智能馬桶+投屏+冰箱+加濕器）:HK$462']"
麗楓酒店（平涼政務大廳店）,9.7,"['高級大床房:HK$360', '豪華大床房:HK$386', '豪華雙床房:HK$394', '商務大床房:HK$412']"
平涼喜達假日酒店,9.2,"['陽光大床房（美式風格+加濕器）:HK$209', '陽光雙床房（美式風格+加濕器）:HK$229', '假日雙床房（地中海風格+加濕器）:HK$248', '假日大床房B（地中海風格+加濕器）:HK$271']"
IU酒店（平涼解放路店）,9.7,"['小U舒適大床房（全屋智能）:HK$209', '小U舒適雙床房（全屋智能）:HK$232', '小U超級大床房（全屋智能）:HK$240', '小U超級雙床房（全屋智能）:HK$264']"
歡閲酒店（平涼星泰廣場店）,9.6,"['巨幕投影大床房（新風系統+高清投影+100寸投影+智能客控+靜謐睡眠）:HK$210', '商務尊享大床房（零壓床墊+全屋智能+智能馬桶+品質潤膚露）:HK$222', '商務雙床房（零壓床墊+全屋智能+智能馬桶）:HK$244', '浴享大床房（零壓床墊+全屋調光+智能馬桶+雙人浴缸+一次性浴缸用品+品質潤膚露）:HK$255']"
捷誠智能酒店,9.6,"['雅緻標間（全屋智能）:HK$161', '雅緻大床房（全屋智能）:HK$169', '商務標間（全屋智能）:HK$175', '商務大床房（全屋智能）:HK$175']"
平涼體育公園酒店,8.7,"['特惠大床房:HK$230', '豪華標間:HK$248', '豪華大床房:HK$258', '減壓房:HK$307']"
美達商務酒店（平涼崆峒區汽車西站店）,8.9,"['安心睡大床房:HK$131', '舒適大床房:HK$145', '安心睡雙床房:HK$152', '舒適雙床房:HK$166']"
望軒苡商務賓館,9.4,"['樂享丨温馨大床房【公共衞浴】:HK$152', '精選丨高級大床房【零壓床墊+一次性馬桶墊】:HK$187', '優選丨舒適大床房【零壓床墊+一次性馬桶墊】:HK$194', '精選丨高級雙床房【零壓床墊+一次性馬桶墊】:HK$208']"
平涼紅泉大酒店,8.0,"['高級雙床間:HK$368', '豪華單人間:HK$415', '商務套間:HK$610']"
平涼佰瑞快捷酒店,9.0,"['雅緻大床房:HK$277', '商務雙床房:HK$286', '豪華大床房:HK$305', '豪華商務大床房:HK$342']"
TOWO上品酒店（平涼崆峒區汽車西站店）,8.8,"['途窩拾光雙床房【雅緻靜逸+舒睡好眠】:HK$167', '途窩拾光大床房【品牌床墊+採光明亮】:HK$178', '凈隅拾光雙床房【舒睡好眠+採光明亮】:HK$191', '凈隅拾光大床房【品牌床墊+城市景觀】:HK$203']"
平涼賓館,8.8,"['迎賓樓特惠標準間:HK$142', '迎賓樓普通標間:HK$208', '迎賓樓大床房:HK$262', '迎賓樓標準間:HK$262', '貴賓樓標準間:HK$328']"
平涼瑞士莛尚品酒店（崆峒區南門什字店）,9.1,"['豪華標間B:HK$175', '高級大床房A:HK$175', '豪華大床房B:HK$196', '豪華大床房A:HK$227']"
平涼亨陽假日酒店（火車站汽車東站店）,8.5,"['普通雙床房:HK$171', '標準雙床房:HK$182', '温馨大床房:HK$208', '精品雙床房:HK$208']"
格林豪泰酒店（平涼崆峒區南門十字店）,9.1,"['高級雙床房:HK$182', '商務大床房:HK$202', '高級大床房:HK$223', '豪華大床房:HK$264']"
財神客棧（崆峒山古鎮遊客中心店）,9.4,"['特惠雙床房:HK$151', '舒適雙床房:HK$205', '舒適大床房:HK$205']"
平涼隴東明珠賓館（甘肅醫學院東湖公園店）,9.0,"['特價房:HK$144', '大床房:HK$227', '標準間:HK$227', '商務標準間:HK$282']"
平涼利民商務賓館,9.4,"['商務標準間:HK$184', '陽光標準間:HK$208', '零壓大床房:HK$239', '零壓標準間:HK$239']"
平涼東方賓館,9.3,"['標準雙人房:HK$341', '標準單人房:HK$357', '豪華套房:HK$561']"
平涼萬福源酒店,8.6,"['豪華雙床間:HK$149', '豪華大床房:HK$162', '親子套房:HK$425', '兩室兩廳套房:HK$643']"
平涼宏達國盛酒店,9.1,"['特價大床房:HK$140', '商務標準間A:HK$173', '標準單人間:HK$195', '商務標準間B:HK$195']"
平涼嘉天廈商務酒店（平涼站店）,8.0,"['經濟標準間（無窗）:HK$85', '普通標準間:HK$96', '標準大床房（無窗）:HK$96', '大標間:HK$118']"
平涼雲上花開民宿酒店（崆峒古鎮店）,9.0,"['特惠單人房（公共衞生間）:HK$93', '豪華大床房:HK$167', '普通單間:HK$232', '普通標準間:HK$232']"
平涼鴻萬達賓館,7.7,"['普通大床房（公共衞生間）（無法洗浴）:HK$46', '標準雙人間:HK$48', '標準大床房:HK$62', '標準三人間:HK$66']"
平涼金璽賓館,9.1,"['特惠標準間（公共衞浴）:HK$102', '舒適大床房:HK$130', '舒適三人間:HK$166']"
平涼99快捷商旅賓館,7.9,"['經濟標間:HK$81', '標準間:HK$98', '大床房:HK$98', '三人間:HK$116']"
平涼簡約賓館,6.4,"['陽光雙床房:HK$108', '温馨大床房:HK$108', '甜蜜大床房:HK$118', '雅緻雙床房:HK$118']"
平涼居家快捷賓館,6.5,['大床房:HK$108']
平涼尚家快捷酒店,7.3,"['標準間:HK$108', '標準大床房:HK$118']"
平涼棟之家賓館,6.0,"['温馨普通間:HK$93', '温馨大床房:HK$93']"
平涼來八快捷賓館（汽車東站二中店）,2.2,"['普通標間:HK$107', '普通大床房:HK$107', '商務大床房:HK$118', '商務標間:HK$129']"
泊森美居酒店（金華大廈店）,9.5,"['禪意智能大床房:HK$205', '禪意智能雙床房:HK$205', '禪意智能榻榻米大床房:HK$216', '禪意智能豪華大床房:HK$227']"
華亭賓館,9.0,"['普通標間:HK$188', '普通單間:HK$188', '商務單間:HK$282', '商務標間:HK$282']"
宜必思酒店（靜寧店）,9.5,['特價零壓大床房|智能馬桶:HK$204']
橙香瑤池温泉綜合體,9.3,"['特惠大床房:HK$195', '特惠標間:HK$195', '精品標間:HK$252', '豪華大床房:HK$261', '家庭房（榻榻米）:HK$358']"
靜寧翔宇大酒店,9.3,"['行政雙床房:HK$241', '行政大床房:HK$265', '智能雙床房:HK$277', '智能大床房:HK$291']"
涇川星鼎鉑怡酒店,9.1,"['簡裝公寓套房:HK$184', '特價大床房:HK$216', '特價雙床房:HK$216', '精裝公寓套房（無空調）:HK$238']"
莊浪紫荊賓館,9.2,"['特價標準雙床房:HK$193', '特價大床房:HK$219', '標準雙床房:HK$244', '標準大床房:HK$251']"
崇信季朵酒店,8.7,"['季朵I玲瓏大床房:HK$160', '季朵I舒適雙床房:HK$162', '季朵I影音大床房:HK$170', '季朵I甄選雙床房:HK$173']"
莊浪梯田鉑怡國際酒店,8.5,"['尊享雙床房（慕思床墊+霧化玻璃隔斷+Toto馬桶）:HK$212', '雅緻雙床房-（慕思床墊+霧化玻璃隔斷+Toto馬桶）:HK$283', '豪華景觀大床房-（慕思床墊+霧化玻璃隔斷+Toto馬桶）:HK$307', '行政精英大床房-（慕思床墊+霧化玻璃隔斷+Toto馬桶）:HK$373']"
靜寧鼎邦國際大酒店,7.9,"['特價大床房:HK$184', '行政大床房:HK$260', '行政標準間:HK$260', '智能大床房:HK$326']"
