酒店名称,评分,房型价格列表
廈門來雅LAIYA美宿（彩虹沙灘店）,9.7,"['37層海景浴缸房:HK$531', '38層海景浴缸房:HK$593', '37層海景露台大床房:HK$695', '38層海景陽台大床房:HK$695']"
蔦島海景潮宿（廈門中山路步行街輪渡碼頭店）,9.5,"['等風來·復古城景大床房（巨幕投影儀+全屋智能）:HK$730', '溶月·城景商務雙床房:HK$766', '觀風嶼·復古城景大床房（巨幕投影儀+全屋智能）:HK$787', '潮笙眠·森法影音·雙床房（投影儀+浴缸+景觀）:HK$798', '豪華商務·鼓浪嶼雙床房（投影儀+側海景+全屋智能）:HK$906']"
Blue Islands藍色島嶼·海景度假別墅,9.4,"['無敵海景·私屬超大海景露台·整層度假套房· 1號樓:HK$1,641', '海邊的度假別墅:HK$3,648']"
廈門佰翔五通酒店,9.4,"['豪華城景雙床房-賞城際風華，枕星辰入夢:HK$812', '豪華城景大床房-賞城際風華，枕星辰入夢:HK$853', '豪華伴海大床房-半城半海，廣納五緣海域美景:HK$940', '豪華海景大床房-180°海景落地窗，觀海上日出:HK$984', '豪華海景雙床房-180°海景落地窗，觀海上日出:HK$984', '豪華城景家庭房-主題客房，享帳篷童趣:HK$1,290']"
廈門日月谷温泉渡假村,9.5,"['[養生閣]豪華花園木屋•湯苑:HK$862', '高級温泉大床房:HK$939', '高級温泉雙床房:HK$939', '豪華温泉客房:HK$1,048', '嘉士温泉大床房:HK$1,158', '嘉士温泉雙床房:HK$1,158']"
廈門溪理咖啡海景Villa（環島路店）,9.6,"['樹語投影雙床房·智能客控:HK$752', '樹影巨幕投影大床房·記憶枕:HK$798', '森隱浴缸投影大床房·智能客控·冰箱·記憶枕:HK$845', '親子家庭房·巨幕投影會員·小童枕:HK$938', '日出山海雙景投影大套房·電動沙發床:HK$1,291']"
聆感·聆海1919海景別墅酒店（鼓浪嶼日光巖店）,9.6,"['花園景觀大床房│乾濕分離+解壓記憶棉枕頭+助眠套裝:HK$808', '陽光庭院大床房│乾濕分離+獨立大庭院+解壓記憶棉枕頭:HK$896', '觀海陽台大床房│乾濕分離+賞45°庭院海景+紓解浴缸:HK$940', '庭景家庭雙床套房│乾濕分離+解壓記憶棉枕頭+助眠套裝:HK$940', '院景陽台大床套房│乾濕分離+解壓記憶棉枕頭+助眠套裝:HK$1,006', '院景陽台雙床套房│乾濕分離+解壓記憶棉枕頭+助眠套裝:HK$1,023']"
一格海景親子酒店（環島路廈大白城店）,9.5,"['投影大床房:HK$447', '親子家庭房:HK$559', '零壓投影大床房:HK$619', '兩室親子套房（滑滑梯）:HK$673']"
廈門悦來海景酒店（會展中心黃厝海灘店）,9.5,"['行政大床房:HK$561', '行政雙床房:HK$570', '園景大床房:HK$617', '園景雙床房:HK$626', '度假大床房:HK$663', '度假雙床房:HK$673']"
廈門野見海Ibiza民宿,9.1,"['茶趣·豪華大床房:HK$404', '合歡·親子家庭房:HK$437', '初見·海景大床房:HK$545', '既白·海景大床房:HK$601', '破曉·海景大床房:HK$656']"
廈門巖海巖石海景民宿（曾厝垵店）,8.9,"['未沫-投影浴缸大床房（半地下室）:HK$543', '未晞投影浴缸大床房（半地下室房型）:HK$563', '暮瑟-浴缸投影大床房:HK$590', '璞真-山景浴缸投影大床房:HK$642', '嵐岫-高級露台大床房（巨型古樹+超大露台+浴缸+投影）:HK$696']"
鼓浪嶼李家莊酒店,9.7,"['獨適庭院房:HK$1,139', '見日:HK$1,358', '櫳靜:HK$1,467', '鄰與:HK$1,576', '餘韻:HK$1,796', '閑庭套房:HK$2,124']"
廈門天仙酒店（中山路步行街店）,9.5,"['Thian Sian·影院大床房:HK$567', 'Thian Sian·街景大床房:HK$601', 'Wander·露台大床房:HK$613', 'Thian Sian·複式大床房 （會客室）:HK$648', 'Solarium·街景浴缸大床房:HK$672']"
廈門集美湖商務中心亞朵酒店,9.7,"['雅緻大床房【記憶枕+裸棉床品+普蘭特床墊】:HK$395', '高級雙床房【記憶枕+裸棉床品+普蘭特床墊】:HK$431', '高級大床房【記憶枕+裸棉床品+普蘭特床墊】:HK$431', '行政大床房【配記憶枕+普蘭特床墊+貴妃榻小冰箱】:HK$476', '行政雙床房【配記憶枕+普蘭特床墊+貴妃榻小冰箱】:HK$476']"
廈門帝元維多利亞大酒店（環島路黃厝海灘店）,9.2,"['豪華花園陽台雙床房（獨立觀景陽台）:HK$765', '豪華花園陽台大床房（獨立觀景陽台）:HK$765', '雅緻海景自然雙床房（獨立觀海陽台）:HK$917', '雅緻海景自然大床房（獨立觀海陽台）:HK$917', '至尊海景大床房（獨立觀海陽台）:HK$1,005', '至尊海景雙床房（獨立觀海陽台）:HK$1,005']"
廈門隱居·六合棲公館,9.9,"['尊貴大床房:HK$1,175', '豪華大床房:HK$1,222', '豪華雙床房:HK$1,344', '森林豪華套房:HK$1,927', '花園池畔套房:HK$2,049']"
青葱咖墅（環島路黃厝沙灘店）,9.7,"['兩房兩花園:HK$1,300', '三室一廳家庭房:HK$1,952', '青葱五房整棟:HK$3,524', '青葱海邊獨棟六房一廳咖墅:HK$3,617']"
廈門佳逸希爾頓格芮精選酒店,9.4,"['精選大床房:HK$922', '精選山景大床房:HK$954', '精選雙床房:HK$976', '精選山景雙床房:HK$1,009', '精選海景大床房:HK$1,085', '精選海景雙床房:HK$1,139']"
廈門麗斯海景酒店（環島南路黃厝海灘店）,8.7,"['雅緻大床房:HK$359', '麗斯海景大床房:HK$463', '麗斯親子房:HK$533', '麗斯假日雙床房:HK$578']"
聆感酒店（鼓浪嶼德國領事館店）,9.7,"['柒號房:HK$526', '肆號房:HK$590', '捌號房:HK$591', '玖號房:HK$591', '壹號房:HK$699']"
名巢海景美宿,9.5,"['近海雙床房:HK$874', '高級大床房:HK$1,163', '近海雙大床房:HK$1,172', '近海雙大床小套房:HK$1,228']"
鼓浪嶼黃家花園酒店,9.6,"['黃家·壹捌捌伍（豪華陽台雙床房）:HK$820', '黃家·壹捌玖零（園景陽台大床房）:HK$929', '黃家·壹玖壹肆（花園景觀陽台大床房）:HK$1,039', '黃家·壹玖貳零（童趣主題家庭超大床房+舒享浴缸+智能馬桶）:HK$1,039', '黃家·壹玖壹肆（花園景觀陽台雙床房）:HK$1,039', '黃家·壹玖貳壹（海景家庭超大床房+卡通主題佈置）:HK$1,149']"
廈門北海灣惠龍萬達嘉華酒店,9.5,"['集悦・南洋花園露台大床房:HK$724', '集悦・南洋花園露台雙床房:HK$724', '豪華園景露台家庭房:HK$776', '嘉庚雅筑・推窗即景露台雙床房:HK$783', '集韻・海景露台大床房:HK$820', '集韻・海景露台雙床房:HK$820']"
全季酒店（廈門集美灌口中路店）,9.7,"['高級大床房A:HK$355', '高級大床房:HK$384', '景觀大床房:HK$384', '商務雙床房:HK$384']"
廈門海絲藝術品中心佰翔琨爍酒店,9.5,"['精選大床房:HK$446', '精選雙床房:HK$446', '高級藝術湖景大床房:HK$487', '高級藝術湖景雙床房:HK$487', '豪華藝術湖景大床房（藝術主題+全景落地窗）:HK$545', '豪華藝術湖景雙床房（藝術主題+全景落地窗）:HK$545']"
廈門鷺江·佲家酒店,9.4,"['温馨大床房（別墅內）:HK$437', '精選雙床房（別墅內）:HK$502', '精選大床房（別墅內）:HK$502', '庭院別墅雙床房（水畔別墅內）:HK$557', '鷺江風情雙床房（南洋老錢風+智能馬桶）:HK$589', '悦享城景大床房:HK$612']"
鼓浪嶼頤居酒店（八卦樓三丘田碼頭店）,9.6,"['等風·庭景loft大床房:HK$447', '飲山·至尊大床房:HK$524', '棲海·臻選雙床房:HK$633', '觀語•私享陽台大床房:HK$666', '嶼雲·親子雙床房:HK$677']"
聆感·末凡19世紀德式古堡酒店（鼓浪嶼龍頭路小吃街店）,9.7,"['暖居│雙層大床房:HK$601', '良冶│舒睡大床房:HK$634', '良冶│舒睡親子房:HK$677', '簡清│榻榻米大床房:HK$699', '郎香│庭景陽台房:HK$743']"
廈門銀海藍酒店（機場店）,8.7,"['豪華商務大床房（雅緻甜睡+靜逸舒適）:HK$378', '豪華商務雙床房（雅緻甜睡+靜逸舒適）:HK$378', '行政大床房（沙發+茶几+空氣凈化）:HK$426', '行政雙床房（沙發+茶几+空氣凈化）:HK$426']"
廈門春光酒店（中山路輪渡碼頭店）,9.1,"['精緻大床房:HK$218', '高級大床房:HK$262', '高級雙床房:HK$284', '街景大床房:HK$295', '巨幕影音房:HK$317']"
日落山海泳池海景民宿（廈門環島南路曾厝垵店）,8.8,"['半山·觀山豪華大床房:HK$325', '半山·觀悦沙發浴缸大床房:HK$406', '山頂·私享花園房:HK$518', '半山·觀露浴缸奢享套房:HK$541']"
廈門瑞頤大酒店,9.4,"['豪華雙床房:HK$708', '豪華大床房:HK$708', '豪華套房:HK$732', '豪華鼓浪嶼海景雙床房:HK$805', '豪華鼓浪嶼海景大床房:HK$805', '尊貴鼓浪嶼海景大床房:HK$879']"
鼓浪嶼鼓療度假酒店（菽莊花園觀海園沙灘店）,9.7,"['高級庭院雙床房丨Mini冰箱 丨靜謐舒適:HK$773', '高級庭院大床房丨Mini冰箱丨靜謐舒適:HK$773', '豪華園景雙床房丨獨立觀景陽台丨Mini冰箱:HK$820', '歷史風貌建築房丨Mini 冰箱丨靜謐舒適:HK$1,004', '豪華園景三床房丨雙卧丨獨立觀景陽台丨Mini冰箱:HK$1,050']"
廈門牡丹港都大酒店（五緣灣店）,9.7,"['雅緻雙床房:HK$515', '雅緻大床房:HK$515', '高級雙床房:HK$633', '高級大床房:HK$633', '行政雙床房:HK$786', '行政大床房:HK$786']"
廈門海港英迪格酒店（中山路店）,9.3,"['豪華城景雙床房（城市風情）:HK$858', '豪華城景大床房（城市風情）:HK$858', '高級鼓浪嶼海景大床房（180度海上日落）:HK$956', '高級鼓浪嶼海景雙床房（180度海上日落）:HK$956', '超豪華鼓浪嶼海景大床房（高層海景日落）:HK$1,071', '270度鼓浪嶼海景房（浴缸日落美景）:HK$1,259']"
廈門畔見設計酒店,9.3,"['甜夢•創意樹屋:HK$297', '樂眠•創意樹屋:HK$335', '季白•玲瓏複式房:HK$368', '靜語•陶然複式套房:HK$432', '閑影•寫意複式套房:HK$451']"
廈門茗宿山秋依山望海民宿,9.0,"['靜山謐海堂:HK$280', '暮色觀海軒:HK$280', '月觀海聽濤閣:HK$390', '海風輕語屋:HK$390']"
廈門三石院民宿,8.8,"['兩房一廳獨門獨院私密庭院-大澡池-獨立小童遊樂區-投影-冰箱-洗衣機-做飯-可停車:HK$1,860', '獨門獨院一房一廳，私密庭院-大澡池-投影-冰箱-麻將桌:HK$1,860']"
廈門中山路步行街中華城輕居酒店,9.4,"['舒適大床房（迷你小冰箱）:HK$638', '精選大床房（竹居造景靜謐）:HK$656', '標準街景大床房（外窗）:HK$683', '精選雙床房（竹居內窗景觀）:HK$710', '精選城景大床房（窗外景觀南洋風情步行街）:HK$710']"
MisooHi花隱祕境酒店,9.6,"['寓言·精選大床房【温馨宜居·獨享投影·精緻體驗】:HK$494', '花伴·舒適大床房【輕奢宜居·個性化佈局·高清投屏】:HK$547', '夢返·高級大床房【巨屏投影·舒適佈局·精心設計】:HK$601', '聆風·豪華浴缸房【獨享浴缸·吸睛佈局·超大卧室】:HK$655', '桃源·至尊大床房【複式雙層●獨享陽台庭院景●愜意温馨】:HK$784']"
廈門賓館（中山路萬石植物園店）,9.6,"['尋味廈門大床房『 老廈門風情』:HK$480', '尋味廈門雙床房『老廈門風情』:HK$480', '尋味景觀大床房『老廈門風情+城市景觀』:HK$544', '尋味景觀雙床房『老廈門風情+城市景觀』:HK$544', '尋味簪花城景大床房:HK$546']"
廈門康萊德酒店,9.4,"['豪華鷺島景觀房（雙大床）:HK$1,914', '豪華鷺島景觀大床房:HK$1,914', '無障礙房（海景）:HK$1,914', '超豪華鷺島景觀雙床房:HK$1,914', '超豪華鷺島景觀房（雙大床）:HK$1,979', '超豪華鷺島景觀大床房:HK$1,979']"
MisooHi隱祕之境海景,9.3,"['梔夏·大床房【智能投影·舒適浴缸·迷你冰箱·私密投屏·助眠套裝】:HK$504', '藍嶼·大床房【明窗飄窗山景·獨立衞浴·室內泡池·私享投影】:HK$601', '敍白·大床房【超闊山景·個性化泡池·大冰箱·乾濕分離】:HK$633', '杳然·大床房【超大落地窗·庭院景觀·温馨沙發·精緻浴缸·迷你冰箱】:HK$666', '馥嶼·大床房【明窗庭院景觀·超大泡池·投影投屏·浪漫落日晚霞】:HK$698']"
廈門棲城酒店（集美杏錦路地鐵站店）,9.4,"['影音大床房:HK$348', '影音雙床房:HK$371', '影音麻將雙人房:HK$424', '尊享影音家庭房:HK$469', '尊享麻將影音投影六人房:HK$568']"
漳州美倫山莊,9.5,"['精品花園雙床房:HK$593', '海景大床房:HK$773', '海景雙床房:HK$773', '疊拼海景套房:HK$940', '行政海景套房:HK$1,094']"
鼓浪嶼琴海莊園海景酒店,9.5,"['靜謐大床（巨幕投影+乾濕分離）:HK$571', '睡得香·家庭房（乾濕分離+觀海公區）:HK$625', '舒適·家庭房（獨享露台+乾濕分離）:HK$710', '野奢小院房（獨享露台+紓解浴缸+巨幕投影）:HK$743']"
廈門山禾故事設計師全海景度假酒店,8.5,"['一落·休閑度假舒適大床房:HK$150', '一山·山頂院落度假山海雙床房:HK$178', '一嶼·樹景庭院舒適大床房（VIP影視+乳膠床墊）:HK$178', '一夕·日落海景大床房（VIP影視+乳膠床墊）:HK$210']"
廈門七奢·凡陌海景酒店（集美學村嘉庚公園店）,9.6,"['雅緻大床房:HK$408', '商務大床房:HK$451', '豪華大床房:HK$507', '海景露台簡約套房:HK$521', '商務雙床房:HK$536']"
你好再見咖啡酒館民宿（環島路黃厝沙灘店）,9.5,"['焦糖·高清巨幕投影大床房:HK$403', '寂 投影大床房:HK$403', '美式·超大雙床房:HK$436', '侘寂·家庭房:HK$436']"
望嶼聽海酒店（中山路步行街店）,9.5,"['望嶼聽海-景觀大床房（廈門城景+零壓床墊）:HK$558', '望嶼海景房（巨幕投影+落地海景）:HK$588', '望嶼聽海-70度側海景大床房（零壓床墊＋全屋智能）:HK$631', '70度側海景舒適大床房（配浴缸茶具）:HK$702']"
