酒店名称,评分,房型价格列表
張掖華辰國際大酒店,9.6,"['商務大床房+TOTO衞浴:HK$349', '濕地觀景標間+TOTO衞浴:HK$349', '商務會客房+TOTO衞浴+會客區:HK$371', '雪山觀景標間+TOTO衞浴+落地窗:HK$371', '零壓標間+夢百合床品+TOTO衞浴:HK$381']"
和頤至尚酒店（張掖西站鐘鼓樓店）,9.6,"['商務大床房A+夢百合墊床+新風系統+加濕器+全屋智能:HK$482', '雙床房A+新風系統+夢百合零壓墊床+冰箱+加濕器+投屏:HK$499', '商務大床房+夢百合墊床+小冰箱+加濕器+全屋智能+投屏:HK$499', '雙床房+夢百合墊床+小冰箱+加濕器+全屋智能+手機投屏:HK$517', '高級大床房+夢百合墊床+小冰箱+加濕器+零壓枕+投屏:HK$525']"
張掖璞悅酒店（高鐵西站店）,9.5,"['豪華雅緻大床房:HK$788', '豪華雅緻雙床房:HK$788', '尊享行政大床:HK$922', '尊享行政雙床房:HK$922', '奶龍主題親子房:HK$960']"
漢庭酒店（張掖市政府店）,9.8,"['舒壓-高級大床房【商務辦公+舒適安睡+金可兒床墊】:HK$258', '舒壓-雙床房【金可兒床墊+加濕器+安靜舒適】:HK$278', '舒壓-家庭房【小童牙具拖鞋+加濕器+金可兒床墊】:HK$299', '套房:HK$318']"
北辰酒店（張掖西站鐘鼓樓店）,9.3,"['雅緻標準間:HK$274', '觀景標準間:HK$303', '典雅大床房:HK$317', '靜雅豪華標準間:HK$347']"
張掖御景國際酒店,9.5,"['玲瓏大床房:HK$386', '靜謐雙床房:HK$386', '豪華觀景大床房（法恩莎衞浴+落地窗）:HK$437', '豪華觀景雙床房（法恩莎衞浴+落地窗）:HK$437', '豪華行政大床房（雙洗漱台+浴缸+落地窗）:HK$571']"
桔子酒店（張掖西站店）,9.6,"['高級大床房（全屋智能+小冰箱+金可兒床墊）:HK$372', '商務大床房（全屋智能+商務辦公+金可兒床墊）:HK$400', '高級雙床房（全屋智能+金可兒床墊+舒適安睡）:HK$428', '家庭親子房（金可兒床墊+全屋智能+舒適安睡）:HK$456']"
張掖君頤臻品酒店（甘州市場店）,9.2,"['尊享影音大床房（超大投影）:HK$316', '尊享影音雙床房（超大投影）:HK$316', '臻品雙床房:HK$371', '臻品大床房:HK$371', '豪華雙床房:HK$483']"
張掖金豪假日酒店（鐘鼓樓店）,9.1,"['金翎·雲鏡雙床房（零壓床墊+智能客控+靜音加濕器）:HK$296', '金翎 ·雲鏡大床房（零壓床墊+智能客控+靜音加濕器）:HK$296', '鎏金·雲棲大床房（零壓床墊+智能客控+靜音加濕器）:HK$315', '鎏金·雲棲雙床房（零壓床墊+智能客控+靜音加濕器）:HK$316']"
張掖高鐵西站希爾頓歡朋酒店,9.7,"['舒適房-大床（舒達床墊+新風系統+智能客控）:HK$768', '高級房-大床（舒達床墊+新風系統+智能客控）:HK$816', '高級房-雙床（舒達床墊+新風系統+智能客控）:HK$835', '荷里活房-超大床（舒達床墊+新風系統+智能客控）:HK$883', '豪華房-大床（舒達床墊+新風系統+智能客控）:HK$893']"
望山國際大酒店（張掖西站店）,9.6,"['望山·雅緻雙床房:HK$871', '望山·温馨大床房:HK$871', '望山·輕奢雙床房:HK$1,136', '望山·尊享大床房:HK$1,160', '望山·尊享親子房:HK$1,459', '望山·Loft親子房:HK$1,770']"
如家酒店·neo（張掖大佛寺明清街店）,9.6,"['大床房（全屋明窗+55寸智能電視投屏）:HK$235', '商務大床房（全屋明窗+55寸智能電視投屏）:HK$251', '雙床房（全屋明窗+55寸智能電視投屏）:HK$251', '高級大床房（全屋明窗+55寸智能電視投屏）:HK$275']"
絲路陽光國際酒店（張掖高鐵站店）,9.6,"['行政標準間:HK$453', '行政大床房:HK$485', '奢華標準間:HK$532', '奢華大床房:HK$564', '奢華親子房:HK$660']"
漢庭酒店（張掖西站店）,9.7,"['舒壓高級雙床房【金可兒床墊+電視投屏+加濕器】:HK$367', '舒壓高級大床房【金可兒床墊+電視投屏+加濕器】:HK$367', '舒壓-高級家庭房【金可兒床墊+小冰箱+小童牙具+舒適】:HK$385']"
嘉泰賓館（張掖甘州市場鐘鼓樓店）,8.8,"['舒適雙床房（一次性馬桶墊+書桌休閑椅）:HK$174', '高級雙床房（一次性馬桶墊+大空間）:HK$191', '特大床·舒適零壓大床房（零壓床墊+一次性馬桶墊）:HK$191', '特大床·高級零壓大床房（高端零壓床墊+大空間）:HK$201']"
張掖臨澤丹霞灣田園酒店,9.1,"['繽紛田園大床房:HK$288', '繽紛田園雙人房:HK$288', '田園·山景大床房【智能客控】:HK$295', '田園·湖景大床房【智能客控】:HK$295', '田園·彩山雙人房【智能客控】:HK$310']"
府城四合院,9.9,"['雙床房（蒙古族）:HK$489', '雙床房（堂屋）:HK$489', '雙床房（張掖老屋）:HK$489', '雙床房（法國老屋）:HK$489']"
絲路美華酒店（張掖市政府店）,9.6,"['温馨大床房（零壓深睡眠 靜音加濕器）:HK$275', '驚喜大床房（零壓深睡眠 靜音加濕器）:HK$275', '輕奢大床房（零壓深睡眠 靜音加濕器）:HK$298', '舒適大床房（零壓深睡眠+靜音加濕器）:HK$319']"
張掖順祥酒店（高鐵西站店）,8.7,"['特惠雙床房-安心好眠:HK$277', '優選商務雙床房:HK$326', '慧選舒適大床房:HK$326', '精選豪華雙床房:HK$342']"
途客尚鄰酒店（張掖高鐵西站店）,9.4,"['鋭尊大床房（電動窗簾+天窗觀星）:HK$262', '鋭奢雙床房（釋壓床墊+臨窗觀景）:HK$280', '鋭選大床房（釋壓床墊+臨窗觀景）:HK$280', '鋭享大床房（釋壓床墊+臨窗觀景）:HK$289']"
凱藝酒店（張掖西站店）,9.2,"['高級雙床房:HK$349', '高級大床房:HK$384', '豪華雙床房:HK$419', '豪華大床房:HK$454']"
7天酒店（張掖高鐵西站店）,9.6,"['新7天自在大床房:HK$334', '新7天舒適大床房:HK$351', '新7天舒適雙床房:HK$351', '新7天影趣大床房:HK$360']"
千璽絲路國際酒店（張掖西站店）,9.1,"['舒適大床房:HK$381', '舒適城景雙床房:HK$381', '行政城景雙床房:HK$424', '行政城景大床房:HK$424', '舒適城景家庭房:HK$459']"
品尊國際酒店（甘州區張掖西站店）,9.5,"['品-精選超享驚喜房:HK$494', '品•臻選豪華雙床房丨靜音加濕器:HK$528', '品-臻選豪華雙拼大床房:HK$567', '品•臻選豪華大床房丨靜音加濕器:HK$629', '品尊•歡樂時光童趣親子房:HK$687']"
公航旅·祁連明珠酒店          （張掖西站張掖國家濕地公園店）,9.1,"['特惠雙床房:HK$429', '特惠大床房:HK$429', '豪華標準間:HK$572', '豪華大床房:HK$572', '丹霞主題標準間:HK$594']"
張掖旭洲賓館（鐘鼓樓甘州市場店）,9.1,"['特惠·舒適單人間（小空間+一次性馬桶墊）:HK$136', '舒適雙床房（一次性馬桶墊+書桌休閑椅）:HK$147', '豪華大床房（一次性馬桶墊）:HK$147', '高級雙床房（大空間+書桌休閑椅）:HK$163']"
公航旅·丹霞明珠酒店（張掖七彩丹霞景區店）,9.5,"['豪華雙床房:HK$720', '無障礙房:HK$720', '豪華大床房:HK$737', '豪華家庭房:HK$796', '明珠童趣親子房:HK$881']"
張掖金陽國際飯店,9.3,"['靜謐絲路大床房:HK$398', '靜謐絲路雙床房:HK$398', '豪華絲路雙床房:HK$465', '豪華絲路大床房:HK$465', '尊享影音雙床房:HK$590']"
宜尚酒店（張掖西站鐘鼓樓店）,9.5,"['智能標準大床房（智能客控-空氣凈化器+加濕器）:HK$404', '智能高級大床房（智能客控-空氣凈化器+加濕器）:HK$420', '智能高級雙床房（智能客控-凈化器+加濕器）:HK$427', '智能豪華大床房（空氣凈化器+加濕器）:HK$435']"
張掖鑫盛悅國際酒店（張掖高鐵西站店）,9.3,"['精選大床房:HK$469', '温馨圓床房（全屋智能客控）:HK$546', '鑫悦豪華雙床房:HK$546', '豪華大床房（全屋智能客控）:HK$548', '豪華雙床房（全屋智能客控）:HK$548']"
海友酒店（張掖鐘鼓樓明清街店）,9.7,"['大床房（景觀窗+喜臨門床墊）:HK$273', '高級大床間（外景窗+喜臨門床墊）:HK$291', '雙床房（景觀窗+喜臨門床墊）:HK$311', '高級雙床房（外景窗+喜臨門床墊）:HK$329']"
張掖丹霞大酒店,9.1,"['普通標間（無窗）:HK$222', '普通大床（無窗）:HK$222', '豪華標間:HK$250', '豪華單間:HK$250', '家庭房:HK$398']"
天潤金座酒店（張掖高鐵西站店）,9.1,"['樂享雙床房:HK$265', '舒享雙床房:HK$303', '舒享大床房:HK$315', '舒享三床房:HK$417']"
漢庭酒店（張掖市政府大佛寺店）,9.5,"['高級大床房（外景窗+金可兒床墊）:HK$291', '雙床房（外景窗+金可兒床墊）:HK$367', '家庭房（外景窗+金可兒床墊）:HK$433', '套房（外景窗+金可兒床墊）:HK$527']"
恆達麗景酒店（張掖西站店）,9.4,"['景觀精品雙床房:HK$436', '景觀精品大床房:HK$500', '麗景雪山觀景雙床房:HK$564', '麗景雪山觀景大床房:HK$629', '麗景景觀親子房:HK$757']"
鑽石國際酒店（張掖高鐵西站店）,9.4,"['鑽石•簡約雙床房:HK$179', '鑽石•經典雙床房（盡享安眠）:HK$201', '鑽石•經典大床房（盡享安眠）:HK$211', '鑽石•雲逸雙床房（專享空氣清新）:HK$254', '鑽石•雲逸大床房（專享空氣清新）:HK$265']"
全季酒店（張掖西站店）,9.7,"['高級大床房（舒適安睡+智能馬桶+金可兒床墊）:HK$381', '舒壓高級大床房（舒適安睡+天然乳膠枕+金可兒床墊）:HK$428', '雙床房（舒適安睡+智能馬桶+金可兒床墊）:HK$446', '舒壓雙床房（金可兒床墊+舒適安睡+天然乳膠枕）:HK$474']"
建誠假日酒店（張掖收費站山臨高速出口店）,9.3,"['豪華智慧雙床房（全屋智能+充電停車+高檔布草）:HK$471', '豪華智慧大床房（全屋智能+充電停車+高檔布草）:HK$497', '臻享智慧雙床房（全屋智能+充電停車+高檔布草）:HK$548', '臻享智慧大床房（全屋智能+充電停車+高檔布草）:HK$573', '親子童趣智慧家庭套房（全屋智能+充電停車+高檔布草）:HK$714']"
漢庭酒店（張掖鼓樓店）,9.5,"['大床房【外景窗+金可兒床墊+零壓枕】:HK$552', '高級大床房【外景窗+金可兒床墊+零壓枕】:HK$592', '雙床房【外景窗+金可兒床墊+零壓枕】:HK$632', '家庭房【外景窗+金可兒床墊+零壓枕】:HK$673']"
張掖尚景假日酒店（高鐵站店）,9.4,"['惠致雙床房:HK$479', '惠致大床房:HK$501', '印象尚景雙床房（全屋智能客控+高端床墊+睡到自然醒）:HK$523', '印象尚景大床房（全屋智能客控+高端床墊+智能馬桶+睡到自然醒）:HK$545', '棲遲尚景雙床房（全屋智能客控+高端床墊+睡到自然醒）:HK$567']"
張掖賓館,9.4,"['豪華標準間B:HK$611', '豪華湖景標間B:HK$642', '豪華單間:HK$664', '豪華園景標間:HK$679', '豪華湖景單間:HK$697', '豪華園景單間:HK$756']"
張掖如初EVERSO民宿,9.9,"['星空大床房:HK$453', '院景大床房:HK$546', '院景豪華大床房:HK$768', '榻榻米套房·loft:HK$1,010']"
張掖天薇國際酒店（張掖高鐵西站店）,9.2,"['商務標準間:HK$489', '豪華家庭房:HK$511', '豪華單人間:HK$533', '豪華標間:HK$533', '豪華套房:HK$773']"
隱山小築,9.6,"['隱山【春居】大床房:HK$293', '【祁連】小築特惠投影雙床房:HK$328', '【合黎】小築特色投影大床房:HK$328', '【焉支】小築豪華投影雙床房:HK$358']"
如家精選酒店（張掖高鐵西站店）,9.6,"['商務大床房:HK$320', '雙床房:HK$329', '高級大床房:HK$346', '高級雙床房:HK$354']"
張掖西遇國際酒店,8.7,"['豪華標準間:HK$490', '豪華大床房:HK$490', '商務大床房:HK$490', '商務標間:HK$491', '舒適親子間:HK$568']"
張掖鼎和國際大酒店,8.9,"['和悦·舒睡大床房:HK$236', '和悦·舒睡雙床房:HK$269', '和景·城景雙床房:HK$359', '和景·城景大床房:HK$359', '和韻·行政雙床房:HK$408']"
星程酒店（張掖西站區政府店）,9.6,"['雙床房（明亮層高+天然乳膠枕+金可兒床墊）:HK$270', '高級雙床房（明亮層高+尊享商務+金可兒床墊）:HK$288', '高級大床房（明亮層高+舒適睡眠+金可兒床墊）:HK$297', '高級複式套房（明亮層高+Loft+金可兒床墊）:HK$325']"
金蒂梵爾國際酒店（張掖西站店）,9.5,"['靜謐尊享•雙床房丨加濕器+智能馬桶+蠶絲被+零壓床墊:HK$642', '一覽城景•雙床房丨加濕器+智能馬桶+蠶絲被+零壓床墊:HK$657', '釋壓靜逸•大床房 丨加濕器+智能馬桶+蠶絲被+零壓床墊:HK$662', '城景酣睡•大床房丨加濕器+智能馬桶+蠶絲被+零壓床墊:HK$668', '温馨•親子主題房丨加濕器+智能馬桶+小童用品+零壓床墊:HK$877']"
張掖都城假日酒店（甘州區高鐵西站店）,9.3,"['麗致雙床房:HK$388', '尊享麗致雙床房:HK$442', '馨享雅緻大床房:HK$465', '尊享商務大床房:HK$579', '尊享商務雙床房:HK$579']"
