酒店名称,评分,房型价格列表
徐州彭城飯店,9.5,"['城景大床房:HK$619', '高級雙床間:HK$665', '園景大床房（庭院景觀）:HK$680', '園景雙床間（庭院景觀）:HK$696', '商務大床房:HK$803']"
徐州彭城廣場民主南路輕居酒店,9.8,"['舒適大床房（55寸高清投屏+裸棉床品+智能馬桶）:HK$457', '標準大床房（55寸高清投屏+裸棉床品+智能馬桶）:HK$484', '精選雙床房（55寸高清投屏+裸棉床品+智能馬桶）:HK$511', '精選大床房（55寸高清投屏+裸棉床品+智能馬桶）:HK$511', '高級雙床房（55寸高清投屏+深睡床品）:HK$548']"
徐州環球港高鐵站亞朵酒店,9.6,"['高級大床房:HK$367', '高級雙床房:HK$367', '行政大床房:HK$403', '行政雙床房:HK$403', '行政家庭雙床房:HK$484']"
白玉蘭酒店（徐州雲龍湖風景區店）,9.6,"['零壓舒雅大床房:HK$364', '零壓靜雅大床房:HK$398', '零壓靜雅雙床房:HK$406', '零壓靜雅家庭房:HK$497']"
徐州户部山和平路亞朵酒店,9.8,"['高級大床房（深睡床品+65寸高清投屏+mini冰箱）:HK$592', '行政大床房（深睡床品+65寸高清投屏+mini冰箱）:HK$610', '行政城景大床房（深睡床品+65寸高清投屏+mini冰箱）:HK$628', '尊享大床房（深睡床品+65寸高清投屏+mini冰箱）:HK$655', '高級雙床房（深睡床品+65寸高清投屏+mini冰箱）:HK$718']"
徐州彭城廣場淮海西路亞朵酒店,9.6,"['高級大床房（65寸高清投屏+裸棉床品）:HK$412', '高級雙床房（65寸高清投屏+裸棉床品）:HK$448', '行政大床房（65寸高清投屏+裸棉床品+mini冰箱）:HK$448', '行政雙床房（65寸高清投屏+裸棉床品+mini冰箱）:HK$484', '幾木大床房（65寸高清投屏+裸棉床品+mini冰箱）:HK$484']"
徐州建國東路蘇寧廣場亞朵酒店,9.6,"['高級大床房:HK$412', '高級雙床房:HK$439', '行政大床房（負離子助眠+裸棉床品+MiNi吧）:HK$457', '行政雙床房（負離子助眠+裸棉床品+MiNi吧）:HK$484', '行政城景大床房:HK$502']"
徐州彭城廣場黃河北路亞朵酒店,9.8,"['高級大床房:HK$520', '高級雙床房:HK$538', '行政大床房:HK$548', '行政雙床房:HK$566', '高級庭院大床房:HK$601']"
維也納酒店（徐州淮海戰役紀念塔店）,9.5,"['高級大床房:HK$334', '豪華大床房（智能馬桶）:HK$360', '高級雙床房（智能馬桶）:HK$395', '豪華雙床房（智能馬桶）:HK$421']"
錦江都城（徐州火車站蘇寧廣場楚都店）,9.3,"['時尚商務房+投屏電視:HK$305', '精緻雙床房:HK$318', '精緻商務房+投屏電視:HK$318', '精緻清氧商務房+空氣凈化器:HK$349', '風雅商務房+迷你小冰箱:HK$394']"
徐州東區綠地鉑驪酒店（高鐵東站店）,9.5,"['商務大床房:HK$501', '商務雙床房:HK$501', '豪華大床房:HK$554', '豪華雙床房:HK$554', '行政雙床房:HK$747', '行政大床房:HK$747']"
錦江都城酒店（徐州高鐵站金龍湖地鐵站店）,9.5,"['精緻商務房——訂製冰箱+深睡床墊+高清投屏:HK$294', '風雅商務房——定製冰箱+深睡床品+高清投屏:HK$338', '精緻雙床房——大空間+訂製冰箱+智能馬桶+空氣凈化器:HK$414', '都會雙床房--大窗觀景+訂製冰箱+智能馬桶+空氣凈化器:HK$414', '都會商務房——大空間+智能馬桶+訂製冰箱+空氣凈化器:HK$414']"
徐州雲龍湖途家盛捷酒店,9.3,"['精品大床房-配小冰箱·可提供廚房用品:HK$296', '精品雙床房-房內配小冰箱:HK$305', '氧吧安睡雙床房:HK$315', '氧吧安睡大床房:HK$315', '高級雙床房-配小冰箱:HK$326']"
徐州雲龍萬達廣場亞朵酒店,9.7,"['高級大床房:HK$367', '高級雙床房:HK$367', '行政大床房:HK$412', '行政雙床房:HK$412', '行政城景大床房:HK$502']"
全季酒店（徐州雲龍萬達廣場店）,9.7,"['大床房:HK$384', '高級大床房:HK$404', '商務大床房:HK$432', '雙床房:HK$436']"
徐州伯爵世家酒店（雲龍湖景區店）,9.7,"['精選大床房（超大落地窗+智能馬桶）:HK$394', '精選雙床房（超大落地窗+智能馬桶）:HK$394', '高級大床房（超大落地窗+智能馬桶+記憶枕）:HK$417', '高級雙床房（超大落地窗+智能馬桶+記憶枕）:HK$417', 'RTX4070大床房（4070顯卡+迷你冰箱+智能馬桶）:HK$429']"
和頤至格酒店（徐州蘇寧廣場户部山店）,9.5,"['大床房A（零壓床墊+投屏電視）:HK$333', '大床房（零壓床墊+投屏電視）:HK$360', '零壓大床房（零壓床墊+投屏電視）:HK$386', '零壓雙床房（零壓床墊+投屏電視）:HK$403']"
花築·喜客民宿（徐州市中心蘇寧廣場店）,9.4,"['文廟小景房【花園景觀】高端衞浴+全屋智能:HK$609', '蘇寧小景房【觀景陽台】雙人沙發+舒適躺椅+全屋智能:HK$638', '文廟觀景浴缸房【觀景陽台】高端衞浴+桌椅+全屋智能:HK$667', '文廟觀景房【觀景窗台】高端衞浴+全屋智能:HK$734']"
希岸酒店（徐州雲龍萬達店）,9.5,"['希岸高級大床房:HK$406', '希岸豪華大床房（全屋智控+零壓床墊）:HK$431', '希岸豪華雙床房（全屋智控+零壓床墊）:HK$456', '希岸商務大床房（全屋智控+零壓床墊）:HK$456']"
徐州馨樂庭雲龍湖酒店,9.5,"['精緻大床房-配冰箱+微波爐:HK$436', '精緻雙床房-配冰箱+微波爐:HK$436', '氧吧安睡大床房【森林般呼吸+嬰兒般睡眠】:HK$457', '氧吧安睡雙床房【森林般呼吸+嬰兒般睡眠】:HK$457', '温馨豪華套房-高端廚具家電+洗烘一體機+開放式廚房:HK$632']"
全季酒店（徐州户部山和平路店）,9.8,"['大床房（mini冰箱+65寸投屏+金可兒床墊）:HK$403', '高級大床房（mini冰箱+65寸投屏+金可兒床墊）:HK$423', '豪華大床房（mini冰箱+65寸投屏+金可兒床墊）:HK$443', '高級雙床房（mini冰箱+65寸投屏+金可兒床墊）:HK$453']"
花築·徐州泰璽民宿（雲龍湖風景區店）,9.6,"['靜謐·精緻景觀房【智能客控+舒壓床墊】:HK$284', '幽蘭·精緻雙床房【智能客控+舒壓床墊】:HK$307', '星光·精緻大床房【高清巨幕投影+智能客控】:HK$357', '花語·精緻大床房【落地觀景窗+智能客控】:HK$357']"
徐州市中心喬治莫蘭迪酒店,9.3,"['高級大床房（智能客控+舒適零壓力枕）:HK$374', '商務大床房（智能客控+舒適零壓力枕）:HK$404', '商務雙床房（智能客控+舒適零壓力枕）:HK$404', '豪華大床房（智能客控+舒適零壓力枕）:HK$432', '尊享大床房（智能客控+舒適零壓力枕）:HK$462']"
徐州開元名都大酒店,9.6,"['高級雙床房:HK$774', '高級大床房:HK$774', '豪華雙床房:HK$850', '豪華大床房:HK$850', '行政大床房:HK$894', '豪華湖景大床房:HK$1,003']"
徐州新淮中心希爾頓歡朋酒店,9.7,"['舒適-大床房:HK$518', '舒適-雙床房:HK$518', '高級-大床房:HK$548', '高級-雙床房:HK$548', '荷里活房-超大床:HK$548']"
徐州市中心卡奈花園酒店,9.1,"['商務雙床房（小窗）:HK$375', '商務大床房:HK$414', '行政智能雙床房（小窗）:HK$423', '智能行政大床房:HK$452', '智能行政雙床房:HK$452']"
徐州雲龍山希爾頓歡朋酒店,9.3,"['舒適大床房:HK$501', '高級大床房:HK$533', '舒適雙床房:HK$533', '豪華大床房:HK$566', '高級雙床房:HK$566']"
怡程酒店（徐州蘇寧廣場店）,9.7,"['智能標準大床房（高清投屏+mini冰箱+全智能客控）:HK$646', '智能高級大床房（65寸高清投屏+mini冰箱+全智能客控）:HK$678', '智能高級雙床房（65寸高清投屏+全智能客控+mini冰箱）:HK$710', '城景豪華大床房（65寸高清投屏+浪漫城景+mini冰箱）:HK$741', '影院豪華大床房（巨幕影音+私人浴缸+mini冰箱）:HK$773']"
徐州創拓奧梵礦業大學亞朵酒店,9.5,"['城景|高級大床房（電視投屏+深睡床墊+小冰箱）:HK$484', '城景|高級雙床房（65寸高清電視+深睡床墊+小冰箱）:HK$502', '行政大床房（負離子助眠+深睡裸棉+陽光房）:HK$511', '行政雙床房（負離子助眠+迷你小冰箱+陽光房）:HK$520', '幾木大床房（空氣凈化器+深睡床品+落地窗）:HK$548']"
徐州開元迎賓館大酒店,9.6,"['開元大床房:HK$621', '開元雙床房:HK$621', '開元家庭套房:HK$1,113']"
徐州綠地鉑瑞酒店,9.6,"['豪華露台園景雙床房:HK$828', '豪華露台園景大床房:HK$829', '豪華露台湖景雙床房:HK$937', '豪華露台湖景大床房:HK$937', '行政露台園景大床房:HK$1,157', '行政露台園景雙床房:HK$1,157']"
徐州雅高瑞享酒店,9.5,"['瑞享豪華大床房（智能客控+俯瞰城市景觀+智能馬桶）:HK$468', '瑞享豪華雙床房（智能客控+俯瞰城市景觀+智能馬桶）:HK$468', '瑞享行政大床房（智能客控+甜夢之床）:HK$686', '瑞享行政雙床房（智能客控+甜夢之床）:HK$686', '瑞享豪華親子雙床房（智能客控+智能馬桶+金可兒床墊）:HK$719', '瑞享行政套房（智能客控+戴森吹風機+膠囊coffee機）:HK$1,211']"
徐州海逸國際大酒店,9.0,"['副樓-舒適雙床房:HK$221', '豪華標準間:HK$401', '豪華大床房:HK$412', '行政標準房:HK$445', '行政大床房:HK$456']"
徐州萬豪酒店,9.4,"['豪華大床房:HK$930', '豪華雙床房:HK$930', '豪華湖景大床房:HK$1,160', '豪華湖景雙床房:HK$1,160', '行政豪華雙床房:HK$1,211', '行政豪華大床房:HK$1,211']"
徐州蘇寧銀河國際酒店,9.4,"['城景大床房:HK$1,091', '城景雙床房:HK$1,091', '豪華城景大床房:HK$1,311', '豪華城景雙床房:HK$1,311', '行政城景雙床房:HK$1,528', '行政城景大床房:HK$1,528']"
徐州漢園賓館,9.3,"['標準大床房:HK$442', '豪華大床房:HK$454', '豪華雙床房:HK$486', '豪華深睡大床房:HK$541', '家庭房:HK$683']"
徐州雲龍湖麗芮酒店,9.6,"['芮享高級大床房（戴森吹風機+舒達床品）:HK$439', '芮享豪華大床房（戴森吹風機+舒達床品）:HK$471', '芮享高級雙床房（戴森吹風機+舒達床品）:HK$505', '芮享豪華雙床房（戴森吹風機+舒達床品）:HK$537', '芮享商務雙床房（戴森吹風機+舒達床品）:HK$570']"
徐州寶信君瀾度假酒店,9.3,"['商務大床房:HK$470', '商務雙床房:HK$470', '豪華大床房:HK$603', '豪華雙床房:HK$603', '庭院大床房:HK$787', '庭院雙床房:HK$798']"
徐州喜來登酒店,9.6,"['豪華大床房:HK$829', '豪華雙床房:HK$829', '尊貴大床房:HK$938', '尊貴雙床房:HK$938', '行政大床房:HK$1,156', '行政雙床房:HK$1,156']"
城市精選酒店（徐州彭城廣場富國街店）,9.4,"['標準大床房（英倫風情+乾濕分離）:HK$446', '標準雙床房（英倫風情+乾濕分離）:HK$471', '高級大床房（明亮寬敞+舒適空間）:HK$478', '高級雙床房（明亮寬敞+舒適空間）:HK$487']"
全季酒店（徐州雲龍湖風景區湖北路店）,9.7,"['高級大床房:HK$384', '商務大床房:HK$403', '景觀大床房:HK$443', '高級雙床房:HK$453']"
徐州淮海路希爾頓歡朋酒店,9.5,"['舒適雙床房:HK$519', '高級大床房:HK$539', '高級雙床房:HK$539', '豪華大床房:HK$557', '歡朋套房:HK$770']"
全季酒店（徐州户部山地鐵站店）,9.7,"['大床房（65寸電視+金可兒床墊）:HK$576', '高級大床房（mini冰箱+65寸電視+金可兒床墊）:HK$605', '雙床房（65寸電視+金可兒床墊）:HK$605', '商務大床房（mini冰箱+65寸電視+記憶棉床品）:HK$633']"
徐州三胞廣場礦業大學文昌校區桔子水晶酒店,9.8,"['大床房A（迷你冰箱+智能客控+手機投屏）:HK$341', '雙床房（迷你冰箱+智能客控+手機投屏）:HK$391', '高級大床房（迷你冰箱+智能客控+手機投屏）:HK$422', '高級雙床房（迷你冰箱+智能客控+手機投屏）:HK$432', '豪華大床房（迷你冰箱+智能客控+手機投屏）:HK$453']"
和頤酒店（徐州銅山萬達廣場店）,9.5,"['大床房A:HK$251', '大床房:HK$269', '雙床房:HK$287', '商務大床房:HK$324']"
桔子酒店（徐州火車站地鐵站環城路店）,9.8,"['高級大床房:HK$532', '商務大床房:HK$603', '雙床房:HK$683', '高級雙床房:HK$733']"
亞朵酒店（徐州市政府店）,9.6,"['高級大床房:HK$448', '高級雙床房:HK$448', '幾木大床房:HK$520', '幾木雙床房:HK$520', '親子雙床房:HK$646']"
白玉蘭酒店（徐州蘇寧廣場店）,9.4,"['靜逸大床房:HK$476', '輕雅大床房:HK$496', '舒雅大床房:HK$526', '舒雅雙床房:HK$546']"
柏曼酒店（徐州東站西出站口店）,9.2,"['高級大床房:HK$230', '高級雙床房:HK$230', '商務大床房:HK$252', '商務雙床房:HK$252']"
宜尚酒店（徐州蘇寧廣場店）,9.2,"['標準大床房:HK$319', '標準雙床房:HK$319', '高級大床房:HK$334', '高級雙床房:HK$334']"
