酒店名称,评分,房型价格列表
芒市際洲柏麗酒店,9.4,"['温泉高級大床房:HK$431', '温泉高級雙床房:HK$444', '温泉豪華大床房:HK$444', '温泉行政大床房:HK$478', '温泉私湯房:HK$502']"
芒市江東大酒店（芒市大街機場店）,9.4,"['特惠大床房:HK$219', '高級大床房:HK$254', '特惠雙床房:HK$294', '高級雙床房:HK$304', '豪華大床房:HK$326']"
青榕里美宿（菩提寺樹包塔店）,9.5,"['浮光·輕奢特惠大床房（貝卡特床品+品牌冰箱+智能馬桶）:HK$214', '汐晨·輕奢露台雙床房（貝卡特床品+品牌冰箱+智能馬桶）:HK$296', '夏序·奢華露台大床房（貝卡特床品+品牌冰箱+智能馬桶）:HK$296', '卿憶·輕奢露台雙床房（貝卡特床品+品牌冰箱+智能馬桶）:HK$325']"
芒市城悦酒店（芒市廣場店）,9.6,"['雅緻大床房:HK$291', '輕奢大床房:HK$343', '商務雙床房:HK$350', '行政套房:HK$510']"
錦悦酒店（德宏芒市機場珠寶小鎮店）,9.5,"['泊野·悦享大床房【全屋智能客控+零壓床墊+智能馬桶】:HK$190', '知秋·尊享大床房【全屋智能客控+零壓床墊+智能馬桶】:HK$213', '止安·靜享雙床房【全屋智能客控+零壓床墊+智能馬桶】:HK$225', '悠然·臻享大床房【全屋智能客控+零壓床墊+智能馬桶】:HK$236']"
雲州酒店（傣族古鎮店）,9.4,"['輕享大床房（全屋智能+智能馬桶+零壓床品+鴨絨被）:HK$225', '輕享雙床房（全屋智能+智能馬桶+零壓床品+鴨絨被）:HK$248', '觀影大床房（全屋智能+智能馬桶+零壓床品+鴨絨被）:HK$255', '觀影雙床房（全屋智能+智能馬桶+零壓床品+鴨絨被）:HK$268']"
華竺·觀景美宿（傣族古鎮店）,9.9,"['有眠·大床房【觀古鎮+當貝投影+TOTO衞浴+貢緞床品】:HK$305', '初夏·大床房【私人露台+當貝投影+TOTO衞浴+貢緞床品】:HK$338', '知秋·大床房【觀古鎮+私人露台+TOTO衞浴+貢緞床品】:HK$371', '枕月·大床房【觀古鎮日落+貢緞床品+私人露台+當貝投影+品牌衞浴】:HK$412']"
雅悦柏庭花園酒店（芒市廣場機場店）,9.4,"['高級大床房:HK$186', '高級雙床房:HK$198', '雅悦大床房:HK$210', '雅悦雙床房:HK$223']"
嶼上USUN•HOTEL（芒市廣場店）,9.6,"['花嶼︱御品大床房（冰箱飲料+高端床品+高速WIF）:HK$340', '花嶼 | 御品雙床房（冰箱飲料+高端床品+高速WIF）:HK$340', '木嶼 | 景觀雙床房（冰箱飲料+高端床品+高速WIF）:HK$361', '木嶼 | 景觀大床房（冰箱飲料+高端床品+高速WIF）:HK$383', '温嶼丨親子家庭房（冰箱飲料+高端床品+高速WIF）:HK$425']"
芒市九澗民宿（芒市廣場店）,9.5,"['南亞·特價大床房（慕斯床墊+智能馬桶+九牧潔具）:HK$216', '南亞·雅居大床房（慕思床墊+智能馬桶+九牧潔具）:HK$249', '南亞·雅居雙床房（慕思床墊+智能馬桶+九牧潔具）:HK$282', '南亞·奢居雙床房（慕思床墊+智能馬桶+九牧潔具）:HK$326']"
德宏德安酒店（芒市廣場店）,9.5,"['優享商務雙床房:HK$192', '優享商務大床房:HK$192', '商務雙人房:HK$210', '商務大床房:HK$210', '行政大床房:HK$231']"
雅斯特國際酒店（芒市廣場店）,9.6,"['雅緻大床房（智能客控）:HK$294', '高級大床房（智能客控&電動窗簾）:HK$316', '高級雙床房（高樓層&採光好）:HK$371', '豪華大床房（房間大&採光好）:HK$393', '豪華雙床房（落地窗&智能馬桶）:HK$415']"
芒市快捷酒店（芒市機場珠寶小鎮店）,9.6,"['精緻雙床房（電動窗簾+零壓枕頭）:HK$216', '精緻大床房（電動窗簾+零壓枕頭）:HK$216', '優享親子房（電動窗簾+零壓枕頭）:HK$253', '臻選大床房（電動窗簾+零壓枕頭）:HK$277']"
梵詩酒店（傣族古鎮店）,9.7,"['雅緻雙床房:HK$653', '豪華大床房:HK$752', '豪華雙床房:HK$872', '傣樂温馨大床房:HK$1,090', '豪華家庭房:HK$1,090']"
瑞麗玉景潭國際温泉酒店（彩雲城店）,9.5,"['怦然心動大床房（温泉水質淋浴+優質採光+休閑座椅）:HK$194', '怦然心動雙床房（温泉水質淋浴+優質採光+休閑座椅）:HK$204', '城市之滇大床房（温泉水質淋浴+優質採光+休閑座椅）:HK$214', '城市之滇雙床房（温泉水質淋浴+優質採光+休閑座椅）:HK$224']"
芒市柒柒小築民宿（傣族古鎮景區店）,9.8,"['樑·露台舒適大床房101（享受靜謐時光的園景露台+深睡大床+智能馬桶）:HK$251', '隴·超大露台特色榻榻米203（可坐搖搖椅觀星星月亮的超大露台+深睡大床+智能馬桶）:HK$262', '瑞·超大露台舒適大床房201（比房間還大的超大露台+深睡大床+智能馬桶）:HK$272', '盈·超大露台豪華雙床房202（可躺睡吹風放空的超大露台+深睡大床+智能馬桶）:HK$294']"
嵐予•雲棲謐境丨泰式風情·休閑度假民宿·Villa（傣族古鎮店）,10.0,"['【歸謐·LI觀景大床房】人體工學慕思床墊｜戴森吹風機:HK$1,049', '【歸來·靜謐DL大床房】｜全屋客控｜激光IMAX影廳:HK$1,049', '【密悦·HA觀景大床房】高端床品記憶枕｜戴森吹風機:HK$1,049', '【初心·私享陽台觀景大床房】全屋客控｜韻繞茶台:HK$1,049']"
華竺·Stylist藝術美宿（傣族古鎮金塔店）,9.9,"['Villa·春分丨靜謐雙床房（全屋智能+戴森吹風+TOTO衞浴+巨幕投影+記憶睡枕+貢緞床品+Minibar暢飲）:HK$483', 'Villa·觀星丨星空浴缸大床房（獨立露台+全屋智能+戴森吹風+TOTO衞浴+巨幕投影+記憶睡枕+貢緞床品+Minibar暢飲）:HK$519', 'Villa·白露丨露台山景大床房（全屋智能+戴森吹風+TOTO衞浴+巨幕投影+記憶睡枕+貢緞床品+Minibar暢飲）:HK$566', 'Villa·攬月丨觀金銀塔浴缸大床房（獨立露台+全屋智能+戴森吹風+TOTO衞浴+巨幕投影+記憶睡枕+貢緞床品+Minibar暢飲）:HK$601']"
全季酒店（芒市廣場店）,9.7,"['高級雙床房（金可兒床墊|獨立小冰箱|65寸可投屏電視）:HK$414', '高級大床房（金可兒床墊|獨立小冰箱|65寸可投屏電視）:HK$414', '商務雙床房（金可兒床墊|獨立小冰箱|65寸可投屏電視）:HK$444', '商務大床房（金可兒床墊|獨立小冰箱|65寸可投屏電視）:HK$444']"
聖維雅國際温泉酒店（彩雲城店）,9.6,"['上新怡然雙床房（温泉湯池+智能客控+100寸巨幕投影）:HK$233', '上新怡然大床房（温泉湯池+智能客控+100寸巨幕投影）:HK$233', '問安-悦心雙床房（温泉湯池+智能客控+100寸巨幕投影）:HK$275', '問安-悦心·大床房（温泉湯池+智能客控+100寸巨幕投影+VIP電影）:HK$275']"
芒市枕晴山觀景美宿（傣族古鎮店）,9.7,"['沁園春·南洋復古大床房（深睡床品|智能衞浴|觀院景）:HK$228', '芭蕉雨·舒適大床房（深睡床品|智能衞浴|觀院景）:HK$246', '春不晚·浴缸大床房（深睡床品|智能衞浴|摩天輪景觀）:HK$275', '彩雲歸·雙床房（深睡床品|智能衞浴|觀摩天輪）:HK$306']"
聆湖別院（勐煥大金塔店）,9.5,"['觀山105尊享榻榻米大床房（電動窗簾+智能馬桶+九牧衞浴＋中央空調+記憶睡枕+貢緞床品）:HK$424', '觀山203尊享大床房（獨立陽台+電動窗簾+智能馬桶+九牧衞浴＋中央空調＋大理石浴缸+記憶睡枕+貢緞床品）:HK$442', '觀山303尊享榻榻米大床房（獨立陽台+電動窗簾+智能馬桶+九牧衞浴＋中央空調＋大理石浴缸+記憶睡枕+貢緞床品）:HK$442', '觀山102尊享大床房（獨立陽台+電動窗簾+智能馬桶+九牧衞浴＋中央空調+記憶睡枕+貢緞床品）:HK$479']"
泊納薈舍國際酒店（德宏芒市廣場機場店）,9.5,"['泊納·沐茗雅緻大床房【智能客控+零壓床墊+智能馬桶】:HK$186', '泊納·楠舍雅緻雙床房【智能客控+零壓床墊+智能馬桶】:HK$198', '泊納·梵途精選大床房【智能客控+零壓床墊+智能馬桶】:HK$217', '泊納·夏畔精選雙床房【智能客控+零壓床墊+智能馬桶】:HK$229']"
德宏瑞麗凱里亞德溫泉度假酒店,9.3,"['輕享智能雙床房丨零壓床·AI客控·高端床品·私享靜謐:HK$282', '輕享智能雙拼大床房丨高端床品·AI客控·零壓好眠:HK$282', '輕享智能大床房丨零壓床·助眠枕·AI客控·高端床品:HK$290', '榮享智能大床房丨靜謐空間·零壓特大床·AI客控:HK$312', '趣享智能雙拼親子房丨靜謐適宜·益智玩具·AI客控:HK$349']"
芒市越玲大酒店（芒市廣場店）,9.6,"['C座雅緻雙床房（臨街景觀）:HK$194', 'C座雅緻大床房（臨街景觀）:HK$205', 'C座雅緻金塔觀景雙床房（臨街景觀）:HK$248', 'A座輕享雙床房（蕎麥枕｜電動窗簾｜靜享後花園景觀）:HK$262']"
芒市花間棲民宿（勐煥大金塔店）,9.4,"['202雲眠·奶油治癒大床房（露台+觀金塔+零壓床品+智控）:HK$271', '101花語·奶油露台大床房（花海景觀台+零壓+智控+乳膠）:HK$284', '102花海·奶油露台大床房\u200c（景觀|星空頂零壓深睡+智能）:HK$284', '103星畔·奶油雙床房\u200c（星空頂+觀金塔+零壓乳膠+智控）:HK$313']"
尋隱·謐境民宿（芒市傣族古鎮店）,9.9,"['枕石･榻榻米庭院大床房『VIBERT FRERES洗護丨貢緞床品丨零壓記憶枕&立體雲感軟枕丨智能馬桶』:HK$264', '雲想･悦品大床房『VIBERT FRERES洗護丨貢緞床品丨零壓記憶枕&立體雲感軟枕丨智能馬桶』:HK$271', '山形･庭院大床房 『 VIBERT FRERES洗護丨貢緞床品丨零壓記憶枕&立體雲感軟枕丨智能馬桶 』:HK$292', '與露･露台大床房『VIBERT FRERES洗護丨貢緞床品丨零壓記憶枕&立體雲感軟枕丨智能馬桶』:HK$292']"
芒宿（芒市廣場丙午路店）,9.8,"['【春風】賞月大床房A樓（私定安睡枕|乳膠床墊|100寸投影|乾濕分離|南向）:HK$293', '【聽雨】繁花大床房B樓（私定安睡枕|乳膠床墊|100寸投影|乾濕分離|南向）:HK$293', '【心安】聽風大床房B樓私定安睡枕|乳膠床墊|100寸投影|乾濕分離|:HK$293', '【清夢】閲春大床房B樓（私定安睡枕|乳膠床墊|100寸投影|乾濕分離|南向）:HK$293']"
城市便捷酒店（德宏芒市廣場店）,9.6,"['標準大床房（智控房間｜記憶枕頭｜智能馬桶｜手機投屏）:HK$194', '商務大床房（智控房間｜記憶枕頭｜智能馬桶｜手機投屏）:HK$212', '商務雙床房（智控房間｜記憶枕頭｜智能馬桶｜手機投屏）:HK$222', '高級大床房（智控房間｜記憶枕頭｜智能馬桶｜手機投屏）:HK$232']"
渡春山Villa,9.5,"['歸隱高級大床房（戴森吹風機+Marshall音響+科勒衞浴）:HK$325', '在野高級特大床房（戴森吹風機+Marshall音響+科勒衞浴）:HK$349', '得閑雅緻大床房（戴森吹風機+Marshall音響+科勒衞浴）:HK$429', '樂之特色大床房（戴森吹風機+Marshall音響+科勒衞浴）:HK$438']"
芸朵酒店（傣族古鎮店）,9.3,"['芸享大床房（副樓）:HK$196', '芸朵舒適標準雙床房（主樓）:HK$209', '芸享豪華雙床房（副樓）:HK$221', '芸朵傣煥飄窗時尚大床房（主樓）:HK$222']"
SFEEL設計師酒店（芒市廣場店）,9.7,"['園景大床房（零壓床品+AI智能客控+科勒衞浴+mini冰箱）:HK$305', '悠享園景雙床房（零壓床品+AI智能客控+mini冰箱）:HK$337', '陽光園景大床房（零壓床品+AI智能客控+mini冰箱）:HK$349', '設計師精選大床房（零壓床品+AI智能客控+mini冰箱）:HK$359']"
興順酒店（芒市機場芒市大街店）,9.5,"['菩提街｜高級複式套房:HK$220', '高級雙床房:HK$245', '樹包塔｜豪華雙床房:HK$270', '大銀塔｜嘉賓LOFT套房:HK$287', '大金塔｜豪華LOFT雙床套房:HK$303']"
芒市沐野山宿（孔雀湖店）,9.9,"['肆雲 • 森林山景 | 大床房:HK$468', '壹水 • 森林山景 | 雙床房:HK$512', '吾山 • 森林山景 | 雙床房:HK$512', '玖石 • 森林山景 | 雙床房:HK$512', '倆月 • 山景浴缸 | 大床房:HK$555']"
雙羽民宿.高端花園別墅（芒市傣族古鎮店）,9.7,"['兩全其美•大床房【獨立私密陽台+漢斯格雅沐浴+壁掛懸空KOHLER馬桶+乾濕分離+懸浮氛圍床+鴨絨被+一次性沐浴套裝】:HK$316', '一心一意•雙床房【花園外景+日出晨景+漢斯格雅沐浴+壁掛懸空KOHLER馬桶+乾濕分離+懸浮氛圍床+鴨絨被+一次性沐浴套裝】:HK$346', '四季發財•大床房【賞民族東南亞風格別墅羣+漢斯格雅沐浴+壁掛懸空KOHLER馬桶+乾濕分離+懸浮氛圍床+鴨絨被+一次性沐浴套裝】:HK$346', '三生有幸•雙床房【看日出連綿山景觀古鎮全景陽台+漢斯格雅沐浴+壁掛懸空KOHLER馬桶+乾濕分離+懸浮氛圍床+鴨絨被+一次性沐浴套裝】:HK$384']"
山有一舍民宿（芒市傣族古鎮店）,9.7,"['暮江吟202｜特色榻榻米房｜獨立陽台｜户外桌椅:HK$286', '桃源行101｜舒適大床房｜獨立花園｜户外桌椅｜空調房）:HK$314', '將進酒201｜精緻榻榻米床\u2006｜獨立陽台｜户外桌椅:HK$314', '秋浦歌203｜豪華雙床房｜觀景陽台｜户外桌椅｜空調房:HK$379']"
芒市雲漫山舍民宿（傣族古鎮景區店）,9.9,"['舒適大床房102（深睡大床+乾濕分離+智能馬桶）:HK$276', '陽光大床房101（露台+精緻大床+智能馬桶）:HK$290', '榻榻米201（觀景露台+品質睡床+智能馬桶）:HK$297', '露台雙床套房202（超大露台+浴缸+品質床品+智能馬桶）:HK$489']"
香江大酒店,9.4,"['民宿 貴賓樓大床房:HK$296', '民宿 貴賓樓雙床房:HK$296', '豪華大床房:HK$313', '豪華雙床房:HK$320']"
芒市悦庭民宿（傣族古鎮店）,9.8,"['自在·庭院大床房+獨享小院（101）夢百合零壓床墊+零壓記憶棉枕芯+恆潔輕智能馬桶:HK$281', '知足·精品大床房（203）夢百合零壓床墊+零壓記憶棉枕芯+恆潔輕智能馬桶:HK$283', '常樂·舒適雙床房（201）夢百合零壓床墊+零壓記憶棉枕芯+恆潔輕智能馬桶:HK$298', '且慢·陽光大床房（202）夢百合零壓床墊+零壓記憶棉枕芯+恆潔輕智能馬桶:HK$304']"
芒市小水民宿（傣族古鎮店）,9.7,"['小隱·花園大床房（獨立花園庭院| 夢百合0壓床墊 | 輕奢全棉貢緞床品| 徠芬吹風機）:HK$267', '千尋·陽光大床房（夢百合0壓床墊| 輕奢全棉貢緞床品|徠芬吹風機|乾濕分離）:HK$287', '千與·豪華雙床房（落地全景|喜臨門0壓床墊| 輕奢全棉貢緞床品|徠芬吹風機|乾濕分離）:HK$340', '座山·露台大床房（獨立觀景陽台|夢百合0壓床墊|輕奢全棉貢緞床品|徠芬吹風機|乾濕分離）:HK$372']"
麗楓酒店（芒市金孔雀大街機場店）,9.6,"['標準大床房:HK$575', '雅緻大床房:HK$604', '豪華大床房:HK$619', '豪華雙床房:HK$619', '商務大床房:HK$647']"
肆拾號院堅果樹下民宿,9.7,"['遇己·普通大床房:HK$277', '隨遇·普通大床房:HK$277', '肆意·豪華大床房（零壓深睡護頸枕）:HK$332', '盡歡·豪華大床房:HK$332']"
雅斯特酒店（芒市百思特美食城菩提街店）,9.5,"['高級大床房（屋頂花園+全屋智能+金塔夜景屋頂）:HK$251', '高級雙床房（屋頂花園+全屋智能+金塔夜景屋頂）:HK$273', '豪華大床房（屋頂花園+全屋智能+金塔夜景屋頂）:HK$294', '豪華雙床房（屋頂花園+全屋智能+金塔夜景屋頂）:HK$327']"
芒市觀塔民宿（傣族古鎮店）,9.7,"['雙窗陽光大床房:HK$240', '豪華陽光大床房:HK$252', '觀塔全景套房（帶屋頂花園）:HK$393']"
泊客酒店（玉景潭財富廣場店）,9.7,"['輕奢大床房:HK$161', '輕奢雙床房:HK$166', '高級大床房:HK$174', '高級雙床房:HK$189']"
盛庭智慧酒店（瑞麗店）,9.6,"['迷你大床房（温馨舒適+輕享商務）:HK$173', '迷你雙床房（新風系統+無線快充）:HK$184', '影音大床房（巨幕投影+陽光休閑飄窗+品質睡眠）:HK$206', '智能大床房（陽光休閑飄窗+語音客控+品質睡眠）:HK$217']"
芒市梵溪花園民宿（傣族古鎮店）,9.7,"['梵溪豪華大床房丨櫻花衞浴 丨櫻花智能馬桶丨記憶枕丨:HK$212', '梵溪觀景大床房丨櫻花衞浴 丨櫻花智能馬桶丨記憶枕丨:HK$221', '梵溪豪華雙床房丨櫻花衞浴 丨櫻花智能馬桶丨記憶枕丨:HK$249', '梵溪觀景大套房丨櫻花衞浴 丨櫻花智能馬桶丨記憶枕丨:HK$286']"
棲遲客棧（傣族古鎮店）,9.9,"['餘歡-温馨舒適大床房（全屋智能+TOTO智能衞浴+乾濕分離+亞朵深睡枕）:HK$564', '隨遇-靜謐景觀大床房（全屋智能+恆温馬桶+乾濕分離+深睡枕+TOTO衞浴）:HK$583', '密悦-獨立花園景觀大床房（全屋智能+TOTO智能衞浴+乾濕分離+亞朵深睡枕）:HK$743', '覓知-雅緻紗幔大床房（全屋智能+恆温馬桶+乾濕分離+深睡枕+TOTO衞浴）:HK$743']"
芒市尋木有宿,9.6,"['【得閑】樹下大床房（傣式木樓·零壓深睡床墊·鵝絨被）:HK$399', '【莫忙】花園雙床房·傣式木樓|零壓深睡床墊|鵝絨被:HK$419', '【尋桂】花園雙床房（傣式木樓·零壓深睡床墊·鵝絨被）:HK$419', '【且停】榻榻米大床房（傣式木樓·雙塔觀景·零壓深睡）:HK$432']"
浩楓温德姆酒店（芒市大街勐壠沙公園店）,9.1,"['浩楓靜謐雙床房┃零壓床＋記憶枕＋mini冰箱＋全屋智控:HK$177', '浩楓商務雙床房┃乾濕分離＋記憶枕＋零壓床+冰箱＋智控:HK$194', '浩楓商務大床房┃浴缸+零壓床+記憶枕+冰箱+超大觀景窗:HK$231', '浩楓至尊雙床房┃乾濕分離+記憶枕＋鵝絨被芯+冰箱+智控:HK$234', '浩楓至尊大床房┃浴缸+記憶枕+鵝絨被+冰箱+超大觀景窗:HK$253']"
