酒店名称,评分,房型价格列表
漫悦·閑造十六事城市度假酒店（惠州西湖東站港惠購物中心店）,9.4,"['閑心·豪華城景大床房（功夫茶具、冰箱）:HK$315', '閑造·商務雙床房（功夫茶具、冰箱）:HK$325', '閑時·精品雅緻大床房（功夫茶具、冰箱）:HK$338', '閑情·浴缸房（功夫茶具、榻榻米、浴缸、冰箱）:HK$345', '閑暇·影音房（投影儀、冰箱、功夫茶具）:HK$384']"
惠州惠陽新都會亞朵酒店,9.6,"['雅緻大床房（冰箱+亞朵深睡枕+亞朵專屬普蘭特床墊）:HK$358', '高級雙床房（冰箱+亞朵深睡枕+亞朵普蘭特床墊）:HK$358', '行政雙床房（親子床+亞朵深睡枕+亞朵專屬普蘭特床墊）:HK$367', '高級大床房（冰箱+亞朵深睡枕+亞朵普蘭特床墊）:HK$376', '幾木大床房（頂層+亞朵2.0深睡床品+亞朵普蘭特床墊+冰箱）:HK$412']"
恆遠假日酒店（惠州西湖東站店）,9.3,"['「惠客雅居」安睡特惠房 | 會客小廳+躺平治癒+靜享空間:HK$246', '「豐渚對韻」甜睡雙大床房 | 2張1.5大床+臨園富氧空間:HK$258', '「臨湖攬園」深睡大床房 | 滾來滾去超大床+富氧空間:HK$258', '「森氧泡浴」酣睡雙床房 | 雙1.5大床+浴缸祛乏+開窗觀景:HK$268', '「元氣滿滿」泡浴大床房 | 浴缸助眠+臨園觀景+超大床:HK$268']"
歡季楓酒店（惠州經濟技術學院店）,9.2,"['優享大床房【室內停車-近惠州經濟學院】:HK$238', '雅緻大床房【安靜】:HK$255', '全屋智能大床房【騰訊vip】:HK$272', '高級雙床房:HK$272']"
惠州西湖愛樹·觀湖書院民宿,9.5,"['院落大床房:HK$675', '院落親子房:HK$773', '院落親子套間:HK$871', 'VIP院落大床房:HK$970']"
惠藝酒店（惠州西湖水東街店）,9.1,"['標準雙人房:HK$271', '湖景特價房:HK$285', '豪華雙人房:HK$299', '榻榻米雙人房:HK$299']"
惠州康帝國際酒店,9.7,"['高級江景大床房:HK$630', '高級江景雙床房:HK$631', 'ROG雙排電競房:HK$654', '高級湖景大床房:HK$673', '高級湖景雙床房:HK$674', '豪華江景大床房:HK$693']"
四季楓酒店（惠陽高鐵站星河COCO GARDEN店）,9.5,"['高級大床房（零壓枕頭床墊+小度智能客控）:HK$213', '行政大床房（零壓枕頭床墊+小度智能客控）:HK$247', '江景雙床房（零壓枕頭床墊+小度智能客控）:HK$277', '江景大床房（零壓枕頭床墊+小度智能客控）:HK$282']"
惠州大亞灣惠陽高鐵站錦江都城酒店,9.6,"['精緻大床房（智能語音客控+投屏電視+深度睡眠床墊）:HK$289', '都會雙床房（智能語音客控+投屏電視+深度睡眠床墊）:HK$306', '探索城景大床房（智能語音客控+投屏電視+深度睡眠床墊）:HK$357', '探索雙床房（智能語音客控+投屏電視+深度睡眠床墊）:HK$357', '行政尊享大床房（智能語音客控+迷你冰箱+投屏電視）:HK$408']"
全季酒店（惠州奧林匹克中心店）,9.9,"['大床房:HK$321', '商務雙床房:HK$321', '高級大床房:HK$351', '商務大床房:HK$380']"
漫悦蘭庭酒店（江北佳兆業市政府店）,9.7,"['漫悦商務雙床房（配有小杜智能語音系統+洗衣機）:HK$380', '漫悦高級大床房（配有小度智能語音系統+洗衣機）:HK$380', '漫悦商務大床房（配有小杜智能語音系統+洗衣機）:HK$397', '漫享豪華雙床房（智能馬桶，小杜智能語音系統）:HK$489', '豪華雙拼大床房（洗衣機）:HK$489']"
錦鴻四季酒店（惠州經濟職業技術學院店）,9.2,"['智能客控大床房（零壓枕頭床墊+靜謐舒睡）:HK$219', '零壓舒眠大床房（零壓枕頭床墊+靜謐舒睡）:HK$267', '商務逸居雙床房（零壓枕頭床墊+靜謐舒睡）:HK$274', '行政商旅大床房（（零壓枕頭床墊+靜謐舒睡）:HK$287']"
惠州方直亞汀酒店（金山湖公園店）,9.4,"['商務城景大床房:HK$380', '商務城景雙床房:HK$380', '豪華城景複式雙床房:HK$433', '豪華湖景複式套房:HK$507', '豪華湖景大床房:HK$525']"
惠州仲愷高新區美華酒店,9.4,"['舒適大床房（純棉泡泡被褥+恆温馬桶）:HK$389', '高級大床房（純棉泡泡被褥+恆温馬桶+自由投屏）:HK$441', '豪華大床房（純棉泡泡被褥+智能音控+舒適睡眠）:HK$492', '豪華雙床房（純棉泡泡被褥+智能音控+舒適睡眠）:HK$513', '豪華超級大床房（純棉泡泡被褥+智能音控+俯瞰城景）:HK$515']"
維納斯國際酒店（惠州西湖店）,9.5,"['標準大床房:HK$225', '豪華大床房:HK$233', '標準雙床房:HK$239', '豪華雙床房:HK$242', '商務大床房:HK$261']"
全季酒店（惠州水東街濱江店）,9.6,"['大床房A:HK$363', '大床房:HK$394', '高級大床房:HK$424', '江景雙床房:HK$445']"
惠州佳兆業鉑爾曼酒店,9.6,"['雲錦豪華城景大床房:HK$549', '雲錦豪華城景雙床房:HK$549', '雲錦豪華江景大床房:HK$622', '雲錦豪華江景雙床房:HK$622', '雲天豪華城景大床房:HK$658', '雲天豪華城景雙床房:HK$658']"
惠州西湖漫悦花園酒店（水東街店）,9.2,"['標準花園雙床房（賞西湖荷花）:HK$334', '標準花園單床房（賞西湖花燈）:HK$337', '高級花園大床房（賞西湖荷花）:HK$355', '高級花園雙床房（賞西湖荷花）:HK$355', '漫悦影音標準大床房:HK$355']"
宜尚酒店（惠州博羅園洲店）,9.7,"['標準大床房（靜謐空間+智能客控）:HK$170', '高級大床房（温馨空間+智能客控+舒適睡眠）:HK$199', '高級雙床房（温馨空間+舒適沙發+安心睡眠）:HK$199', '豪華大床房（温馨空間+智能客控+柔軟沙發+舒適睡眠）:HK$228']"
惠州仲愷高新區希爾頓歡朋酒店,9.6,"['舒適大床房:HK$375', '舒適園景大床房:HK$412', '高級大床房:HK$441', '荷里活-超大床房:HK$441', '高級雙床房:HK$459']"
山水S酒店（惠州51新天地店）,9.7,"['愛斯音樂大床房:HK$349', '愛斯高級大床房:HK$359', '俄羅斯方塊大床房:HK$364', '愛斯商務大床房:HK$372', '愛斯商務雙床房:HK$373']"
華斯頓國際酒店（惠州西湖東站港惠店）,9.3,"['豪華雙拼房:HK$401', '商務雙人房:HK$425', '商務大床房:HK$425', '豪華大床房:HK$464', '豪華家庭房:HK$464']"
歐斯卡酒店（惠州淡水惠陽高鐵站店）,9.1,"['【智控】城景大床房:HK$224', '【智控】商旅大床房:HK$224', '【智控】投影大床房:HK$240', '【智控】城景雙床房:HK$249']"
惠州格拉迪酒店（印象城山姆店）,9.2,"['萌趣大床房（金可兒床墊+冰箱+萌趣公仔）:HK$323', '天夢大床房（金可兒床墊+冰箱）:HK$356', '天夢豪華大床房（金可兒床墊+冰箱）:HK$375', '天夢豪華雙床房（金可兒床墊+冰箱）:HK$381', '童趣親子房（金可兒床墊+冰箱+小童主題）:HK$464']"
麗楓酒店（惠州江北店）,9.7,"['標準大床房（慕思床墊+藍牙音箱+辦公方桌）:HK$256', '豪華大床房（慕思床墊+藍牙音箱+辦公方桌）:HK$257', '豪華雙床房（慕思床墊+藍牙音箱+辦公方桌）:HK$287', '棋牌大床房（穩贏）:HK$303']"
惠州西湖英秀·滿庭芳民宿,9.5,"['特惠大床房:HK$147', '日式大床房:HK$170', '時尚大床房:HK$191', '高級大床房:HK$214']"
惠州天悦（柏嘉）大酒店,9.3,"['經典大床房:HK$316', '經典雙床房:HK$316', '高級雙床房:HK$350', '精緻商務房:HK$412', '豪華商務大床房:HK$412']"
金緣國際酒店（惠州西湖麥地店）,9.3,"['國潮丨好眠特選房:HK$337', '電競丨豪華大床房:HK$351', '國潮丨豪華雙床房:HK$358', '歐範丨家庭房:HK$358', '歐範丨豪華大床房:HK$358']"
明志大酒店（惠州三棟高鐵南站店）,9.6,"['暢享大床房:HK$187', '精選豪華大床房:HK$224', '精選豪華雙床房:HK$224', '悦享商務大床房:HK$238']"
惠州英秀·西湖美宿,9.6,"['陽光大床房:HK$224', '陽光休閑親子房:HK$250', '陽光休閑套房:HK$262', '投影陽光休閑親子房:HK$269']"
惠州仲愷天益城亞朵酒店,9.7,"['高級大床房（亞朵記憶枕+亞朵普蘭特床墊）:HK$365', '高級雙床房（亞朵記憶枕+亞朵普蘭特床墊）:HK$381', '行政大床房（冰箱+亞朵記憶枕+亞朵普蘭特床墊）:HK$407', '高級城景大床房（冰箱+亞朵記憶枕+亞朵普蘭特床墊）:HK$423', '行政雙床房（冰箱+亞朵記憶枕+亞朵普蘭特床墊）:HK$423']"
華輝酒店（惠州西湖東站店）,9.5,"['高級大床房（零壓枕乳膠床墊沁入舒心睡眠）:HK$222', '高級雙床房（零壓枕乳膠床墊沁入舒心睡眠）:HK$245', '景觀大床房（零壓枕乳膠床墊沁入舒心睡眠）:HK$245', '豪華大床房（零壓枕乳膠床墊沁入舒心睡眠）:HK$271']"
四時春酒店（羅浮山店）,9.3,"['精選大床房:HK$411', '悦享大床房:HK$495', '悦享雙床房:HK$495', '生態大床房:HK$550', '嶺南街景雙床房:HK$550']"
城市便捷酒店（大亞灣科創惠州軟件園店）,9.6,"['智能舒適大床房:HK$237', '智能標準雙床房:HK$245', '智能高級大床房:HK$245', '智能商務大床房:HK$252']"
海時光·濱海沙灘度假設計美宿（惠州雙月灣濱海旅遊度假區店）,9.6,"['一線正海景 • Second Floor圓床房——秋冬泡泉私湯泡池:HK$779', '一線正海景 • Second Floor大床房——秋冬泡泉私湯泡池:HK$779', '一線正海景•輕奢圓床房——秋冬私湯泡池+絕美海邊沙灘日出:HK$886', '一線正海景•輕奢大床房——秋冬私湯泡池+絕美海邊沙灘日出:HK$993']"
享墅度假酒店（惠東十里銀灘維港灣店）,9.0,"['【海景露台+巨幕投影】臻白現代海景大床影音房 | 冰箱+洗衣機:HK$505', '【海景露台+巨幕投影】青蘿南洋·海景大床影音房 | 冰箱+洗衣機:HK$513', '【海景露台+巨幕投影】瑩白現代·海景雙床影音房 | 冰箱+洗衣機:HK$551', '【海景露台+巨幕投影】嶼夏南洋·海景雙床影音房 | 冰箱+洗衣機:HK$558']"
惠州華潤小徑灣樂程海濱美寓,9.4,"['淺灘甜夢•大床房:HK$465', '近海園景雙床房:HK$465', '原木奶油.正面海景雙床房｜一線近海落地窗:HK$548', '沉浸式高層海景大床房｜百寸高清巨幕一線近海落地窗:HK$585']"
前海人壽幸福小鎮（羅浮山店）,9.3,['雅緻大床房:HK$443']
山水S酒店（惠州新華廣場店）,9.5,"['商務大床房（冰箱）:HK$368', '豪華雙床房（冰箱）:HK$383', '豪華大床房（洗衣機+冰箱）:HK$389', '家庭雙拼房（冰箱）:HK$407', '浪漫智慧房（智能霧化玻璃+冰箱）:HK$488']"
灣區基地商務酒店,9.8,"['商務大床房:HK$322', '商務雙床房:HK$365', '精英雙床房:HK$428', '行政大床房:HK$498', '行政套房:HK$849']"
漢庭酒店（惠州平潭機場店）,9.9,"['大床房:HK$196', '商務大床房:HK$215', '商務雙床房:HK$215', '豪華家庭房:HK$243']"
寫海·日出海景美宿（惠州雙月灣景區虹海灣三期店）,9.4,"['米西米西|日出正海景大床房+大陽台看大大的日出:HK$565', '洛夕|日出正海景|高層大床房+冰箱+弔籃:HK$588', '晨夕|日出正海景|高層大床房+冰箱+弔籃:HK$611', '夕月|日出正海景|高層大床房+冰箱+弔籃:HK$635']"
惠州雙月灣目的地曦岸酒店,9.0,"['特價園景雙床房:HK$231', '園景大床房:HK$267', '園景雙床房:HK$267', '園景子母房:HK$319']"
致寓·湖畔民宿（惠州西湖水東街店）,8.7,"['優享大床房丨躺平治癒安靜舒適+酒店公區自助洗衣房:HK$135', '雅緻湖景大床房丨一線西湖風景+雙層隔音玻璃+可開窗:HK$152', '陽光舒睡大床房丨落地大窗觀景+享西湖自然風光:HK$156', '尊享湖景大床房丨270大視野座擁全景西湖風光+高端床品:HK$175']"
潮漫酒店（惠州西湖店）,9.3,"['簡選大床房:HK$203', '優選大床房:HK$220', '漫享高級大床房:HK$237', '漫享高級雙床房:HK$254']"
24H COLOR酒店（惠州金山湖公園店）,8.8,"['極簡主義｜簡約大床房:HK$289', '現代主義｜温馨大床房:HK$335', '無限空間｜品質大床房:HK$371', '抽象空間｜商務大床房:HK$416']"
蜜悦聖託里尼海景度假酒店（惠州惠東雙月灣店）,9.5,"['涵波·海景大床房:HK$1,308', '碧落·海景大床房:HK$1,420', '若瀾·海景雙床房:HK$1,531', '橙光·海景親子家庭房:HK$1,531', '若曦·海景雙床房:HK$1,531']"
漢庭酒店（惠州港惠購物中心世貿中心店）,9.5,"['單床房:HK$226', '大床房:HK$246', '高級大床房:HK$265', '高級雙床間:HK$296']"
美瀾四季酒店（惠州華昌購物廣場滙樂城店）,8.9,"['好眠|雅悦大床房【靜謐輕奢+烘乾機】:HK$173', '好眠丨美悦大床房【靜謐輕奢+零壓床墊】:HK$183', '好眠丨美悦雙床房【洗衣機+零壓床墊】:HK$195', '攬月丨美韻巨幕影音大床房【百寸影幕+隔音好眠】:HK$195']"
麗呈嘉朵酒店（惠州天益城陳江南站店）,9.4,"['Do-度行智能大床房（智能客控+小度音響+深度睡眠））:HK$325', 'Do-朵趣智能大床房（智能客控+小度音響+深度睡眠）:HK$356', 'La-盡歡智能大床房（智能客控+小度音響+深度睡眠）:HK$358', 'La-盡歡智能雙床房（智能客控+小度音響+深度睡眠）:HK$364']"
