酒店名称,评分,房型价格列表
桔子酒店（揭陽古城進賢門店）,9.5,"['高級大床房:HK$321', '豪華大床房:HK$350', '豪華雙床房:HK$378', '雙床套房:HK$416']"
麗楓酒店（揭陽榕城店）,9.5,"['雅緻大床房:HK$352', '豪華大床房:HK$403', '豪華雙床房:HK$437', '純凈雙床房:HK$471', '商務大床房:HK$480']"
揭陽榕城揭陽樓亞朵酒店,9.6,"['雅緻大床房:HK$385', '高級大床房:HK$412', '行政雙床房:HK$475', '行政大床房:HK$493', '幾木江景雙床房:HK$511']"
揭陽維多麗亞假日商務酒店（廣百廣場實驗中學店）,9.3,"['精緻雙床房（別苑+舒適安靜+乳膠床墊）:HK$213', '精緻大床房（別苑+舒適安靜+乳膠床墊）:HK$213', '智能聲控麗亞雙床房（智能小度+智能投屏+冷暖空調+乳膠床墊）:HK$228', '智能聲控麗亞大床房（智能小度+智能投屏+語音控制+乳膠床墊）:HK$228']"
全季酒店（揭陽潮汕國際機場店）,9.8,"['大床房:HK$369', '高級大床房:HK$387', '商務大床房:HK$416', '商務雙床房:HK$416']"
桔子酒店（揭陽大道店）,9.5,"['高級大床房:HK$340', '商務大床房:HK$369', '高級雙床房:HK$388', '豪華大床房:HK$397']"
全季酒店（揭陽建陽路店）,9.6,"['高級大床房:HK$355', '商務大床房:HK$374', '商務雙床房:HK$384', '豪華大床房:HK$394', '家庭房:HK$433']"
嘉虹酒店（揭陽潮汕國際機場店）,9.3,"['高級大床房:HK$322', '高級雙床房:HK$322', '商務艙大床房:HK$341', '商務艙雙床房:HK$341']"
凱里亞德酒店（揭東人民廣場店）,9.4,"['樂享陽光大床房:HK$264', '優享智能大床房:HK$280', '榮享智能大床房:HK$297', '優享智能雙床房:HK$297']"
揭陽高鐵站希爾頓歡朋酒店,9.5,"['舒適大床房:HK$356', '高級雙床房:HK$374', '高級大床房:HK$374', '豪華雙床房:HK$411', '豪華大床房:HK$411']"
全季酒店（揭陽大道店）,9.6,"['高級大床房:HK$341', '高級雙床房:HK$372', '商務雙床房:HK$372', '商務大床房:HK$372', '套房:HK$553']"
維也納酒店（揭陽潮汕客運大樓店）,9.6,"['高級大床房:HK$264', '高級雙床房:HK$264', '豪華大床房:HK$289', '豪華雙床房:HK$304']"
鉑頓國際公寓（揭陽喬南玉都店）,9.4,"['城景大床房（俯瞰城景+全棉床品+功夫茶具）:HK$219', '城景雙床房（高空城景+全棉床品+功夫茶具）:HK$227', '豪華雙床房（俯瞰景觀+乾濕分離+功夫茶具）:HK$260', '零壓大床房（夢百合床墊+深睡枕頭+功夫茶具）:HK$261']"
悦季酒店（揭陽陽美玉都店）,9.5,"['悦品大床房:HK$242', '悦品雙床房:HK$298', '悦致大床房:HK$344', '悦致雙床房:HK$360']"
麗楓酒店（揭陽榕城揭陽樓店）,9.5,"['雅緻大床房:HK$279', '標準大床房:HK$296', '豪華大床房:HK$364', '豪華雙床房:HK$381']"
錦江之星酒店（揭東人民廣場店）,10.0,"['星悦標準大床房:HK$166', '星悦豪華大床房:HK$190', '星選標準雙床房:HK$190', '星選豪華雙床房:HK$206']"
維也納酒店（揭陽榕城萬達廣場店）,9.4,"['豪華大床房-安心休憩+舒適深眠:HK$168', '豪華雙床房-安心四件套+全棉布草:HK$168', '商務雙床房-超大會客面積+商務辦公:HK$187', '商務大床房-安靜睡眠+酒店公區提供洗衣機:HK$187']"
麗楓酒店（揭陽潮汕機場店）,9.4,"['豪華大床房:HK$227', '商務大床房:HK$233', '豪華雙床房:HK$240', '商務雙床房:HK$253']"
揭陽萬豪酒店,9.3,"['豪華城景大床房:HK$688', '豪華城景雙床房:HK$688', '豪華江景大床房:HK$815', '豪華江景雙床房:HK$815', '行政大床房:HK$1,019', '行政雙床房:HK$1,019']"
凱里亞德酒店（揭陽榕城店）,9.6,"['輕享大床房:HK$262', '優享大床房:HK$287', '優享雙床房:HK$303', '榮享景觀套房:HK$385']"
維也納國際酒店（揭陽陽美玉都店）,9.6,"['高級雙床房:HK$244', '高級大床房:HK$254', '豪華雙床房:HK$276', '豪華大床房:HK$286']"
天鵬酒店（揭陽潮汕機場店）,8.8,"['標準雙床房:HK$225', '標準大床房:HK$225', '豪華大床房（新）:HK$288', '豪華雙床房（新）:HK$288']"
麗楓酒店（揭陽喬南陽美玉都店）,9.6,"['豪華大床房:HK$281', '景觀大床房:HK$290', '豪華雙床房:HK$298', '花園景觀大床:HK$305']"
揭陽榕江大酒店,9.2,"['裙樓高級大床房:HK$375', '主樓高級大床房:HK$375', '主樓高級雙床房:HK$375', '裙樓豪華雙床房:HK$416', '裙樓豪華大床房:HK$416', '主樓豪華雙床房:HK$483']"
麗楓酒店（揭陽榕城區建設大道店）,9.4,"['雅緻大床房（智能客控+慕斯床墊+電視投屏）:HK$207', '豪華大床房（智能客控+慕斯床墊+電視投屏）:HK$228', '商務大床房（智能客控+慕斯床墊+電視投屏）:HK$236', '商務雙床房（智能客控+慕斯床墊+電視投屏）:HK$244']"
東湖大酒店（揭陽榕城區東湖公園店）,9.0,"['豪華雙床房:HK$381', '豪華大床房:HK$381', '湖景大床房:HK$450', '湖景雙床房:HK$450', 'C棟致尊大床房:HK$461']"
揭陽巢滙酒店（仁義路店）,9.3,"['巢享智能大床房:HK$254', '巢享智能雙床房:HK$261', '巢享投影智能大床房:HK$261', '巢享投影智能雙床房:HK$268']"
希岸酒店（揭陽揭東霖磐店）,9.4,"['惠享·小而美雅緻房（智能客控+藍牙音箱）:HK$238', '樂享·玲瓏大床房（慕斯床墊+智能投屏）:HK$262', '樂享·玲瓏雙床房（慕斯床墊+智能投屏）:HK$286', '尊享·江南大床房（匠心藝景+功夫茶具+小冰箱）:HK$294']"
鉑宸麗致酒店（揭陽潮汕機場店）,9.5,"['商務出差大床房:HK$180', '靜享智能精選影院大床房:HK$188', '雲端智能景觀大床房:HK$196', '巨幕休閑影院大床房:HK$212']"
華珵S雅居酒店（揭陽陽美玉都店）,9.6,"['雅居優眠大床房:HK$176', '智能影音大床房:HK$185', '智能影音雙人房:HK$198', '豪華商旅三人房:HK$248']"
揭陽迎賓館,9.6,"['高級雙床房:HK$503', '高級大床房:HK$503', '商務雙床房:HK$533', '商務大床房:HK$533', '潮汕主題房:HK$591', '小童主題房:HK$665']"
楓江優選酒店（揭陽人民大道店）,9.5,"['智慧優選丨輕享大床房:HK$159', '智慧優選I 雙床房:HK$167', '智慧優選丨高級大床房[獨立滾筒洗衣機|城市街景+舒適明亮]:HK$174', '智慧優選I 榻榻米房:HK$182']"
巢院民宿,9.3,"['趣味丨園景大床房5號房:HK$180', '全如丨園景大床房7號:HK$190', '勝杯丨園景大床房6號房:HK$201', '尚雅丨複式家庭房1號:HK$254']"
潮·嶼c酒店（揭陽市政府店）,9.1,"['半夏丨特惠大床房【悦享大床房+安靜舒適+採光明亮】:HK$144', '青巒丨商務景觀大床房【親膚床品+寬敞明亮+百寸音影】:HK$161', '思雨丨榻榻米房【小度語音控制+酒店公區自助洗衣房+舒適雅靜】:HK$169', '落日丨韓式榻榻米【濃情蜜意·情侶榻榻米房+小度語音控制+私人影院vip】:HK$176']"
亦可棲宿酒店（揭陽進賢門大道中駿世界城店）,9.5,"['悦享大床房（投影儀+手機投屏+乾濕分離）:HK$142', '悦享豪華大床房（投影儀+手機投屏+酒店公區提供洗衣機）:HK$167', '璀璨星空大床房（投影儀+手機投屏+酒店公區提供洗衣機）:HK$171', '浪漫榻榻米投影房（投影儀+手機投屏+酒店公區提供洗衣機）:HK$173']"
宜居·美致HOTEL（揭陽萬達廣場店）,9.3,"['清新大床房:HK$160', '優選影音房（影視VIP+1080P投影+自動窗簾）:HK$160', '靜舍榻榻米房:HK$184', '商務雙床房:HK$195']"
拾憶酒店（揭陽陽美玉都店）,9.6,['雅憶影視大床房:HK$128']
軒輊國際酒店（揭陽潮汕機場店）,9.0,"['特惠精品大床房:HK$125', '臻品高級大床房:HK$141', '智享雅緻豪華大床房:HK$152', '臻品高級雙床房:HK$163']"
遇見拾光美宿,9.0,"['拾光丨遇見大床房【零壓床墊+100寸巨幕高清投影】:HK$158', '遇見|幽靜大床房【全屋智能控制+乳膠床墊頭枕】:HK$180', '遇見I温馨大床房【零壓床墊+精緻睡眠+4K巨幕投影】:HK$207', '遇見I温馨雙床房【零壓床墊+安靜睡眠+4K巨幕投影】:HK$207']"
維也納國際酒店（揭陽高鐵站店）,9.6,"['高級大床房:HK$234', '高級雙床房:HK$251', '豪華大床房:HK$260', '豪華雙床房:HK$269']"
麗楓酒店（揭陽榕城淡浦店）,9.7,"['雅緻大床房:HK$279', '豪華大床房:HK$313', '豪華雙床房:HK$313', '商務雙床房:HK$330']"
潮·如一酒店（揭陽天虹購物中心店）,9.3,"['落日丨影視大床房[超清巨幕+智能馬桶+乾濕分離]:HK$141', '清風丨榻榻大床房[超清巨幕+智能馬桶+觀景視野]:HK$151', '如一丨臻選雙床房[超清巨幕+智能馬桶+採光明亮]:HK$161', '沐光丨智能大床房[智能客控+智能馬桶+巨幕觀影]:HK$181']"
揭陽得州花園酒店,8.7,"['智能雅緻大床房:HK$359', '智能豪華大床房:HK$390', '智能輕奢浴缸大床房:HK$400', '智能輕奢浴缸雙床房:HK$421', '智能影音豪華大床房:HK$421']"
柏漫歡朋酒店（揭陽陽美玉都店）,9.0,"['美朋籃田大床房:HK$167', '喬西·查羅大床房:HK$187', '歡顏白晰大床房:HK$197', '歡朋黃玉雙床房:HK$220']"
維也納國際酒店（揭陽潮汕機場店）,9.6,"['高級大床房:HK$230', '豪華大床房:HK$248', '豪華雙床房:HK$248', '商務套房:HK$363']"
商之都酒店（揭陽陽美玉都店）,9.3,"['尊享大床房:HK$221', '尊享雙床房:HK$227', '豪華大床房:HK$245', '現代尊雅大床房:HK$246']"
歡季·美宿,9.1,"['歡顏巨幕影音大床房（乾濕分離+4K高清影院會員）:HK$134', '歡致巨幕影音大床房（隔音玻璃安靜優選+智能馬桶）:HK$148', '歡美巨幕影音智能房（全屋智能語音控制+影院會員）:HK$160', '歡悦影音智能浴缸房（智能語音控制+一次性浴袋+玫瑰沐浴）:HK$185']"
凱利雅德國際公寓（揭陽榕城馬牙路店）,9.4,"['優美豪華大床房（酒店公區提供自助洗衣機+冷暖空調）:HK$132', '全景輕奢大床房（酒店公區提供自助洗衣機+冷暖空調）:HK$140', '臻品靜享茶藝房（舒適採光+全身穿衣鏡+茶居）:HK$163', '巨幕全景影音房（私人影院+巨屏投影）+單人沙發:HK$184']"
鴻悦酒店（揭陽新亨店）,9.0,"['高級大床房:HK$264', '豪華大床房:HK$290', '高級雙床房:HK$291', '豪華雙床房:HK$310']"
非繁城品酒店（揭陽高鐵站馬牙北路店）,9.6,"['温馨大床房·智能客控+夢百合床墊+電視投屏:HK$222', '雅緻大床房·智能客控+夢百合床墊+電視投屏:HK$239', '非繁高級大床房·智能客控+夢百合床墊+電視投屏:HK$264', '非繁高級雙床房·智能客控+夢百合床墊+舒適寬敞:HK$280']"
