酒店名称,评分,房型价格列表
撫順友誼賓館,9.6,"['特惠大床房:HK$320', '園景大床房:HK$382', '園景雙床房:HK$382', '河景雙床房:HK$393', '河景大床房:HK$393', '商務精品園景房:HK$466']"
如家精選酒店（撫順北站順城萬達廣場店）,9.7,"['商務大床房A:HK$233', '商務大床房:HK$277', '高級大床房:HK$285', '雙床房:HK$285']"
全季酒店（撫順北站新華大街店）,9.7,"['大床房（智能語音+手機投屏+小冰箱）:HK$344', '高級雙床房（智能語音+手機投屏+小冰箱）:HK$344', '高級大床房（智能語音+手機投屏+小冰箱）:HK$382', '商務大床房（智能語音+手機投屏+小冰箱）:HK$391']"
撫順富力萬達嘉華酒店,9.4,"['荷里活雙床房（大空間+大浴缸+特大床）:HK$497', '豪華雙床房（大空間+大浴缸+特大床）:HK$525', '豪華大床房（大空間+大浴缸+特大床）:HK$525', '豪華河景大床房（大空間+大浴缸+特大床）:HK$584', '豪華河景雙床房（大空間+大浴缸+特大床）:HK$584', '行政豪華大床房（大空間+大浴缸+特大床）:HK$874']"
如家精選酒店（撫順石化大學店）,9.6,"['大床房（手機投屏+智能馬桶）:HK$314', '商務大床房（手機投屏+智能馬桶）:HK$334', '雙床房（手機投屏+智能馬桶）:HK$334', '高級大床房（手機投屏+智能馬桶）:HK$385']"
藝龍瑞雲酒店（撫順店）,10.0,"['智享特惠大床房:HK$183', '雅享大床房:HK$303', '雅享雙床房:HK$303', '樂享親子房:HK$380']"
撫順南海綠洲大酒店,9.6,"['豪華大床房:HK$379', '豪華雙床房:HK$425', '豪華家庭房:HK$490', '商務大床房:HK$555']"
雲朵酒店（順城萬達廣場店）,9.4,"['奢縵甄選雙床房:HK$293', '光影巨幕影音房:HK$293', '碧泉餘歡影音房:HK$295', '奢縵甄選大床房:HK$317']"
如家睿柏·雲酒店（撫順北站店）,9.5,"['大床房:HK$162', '高級大床房:HK$172', '高級雙床房:HK$172', '特惠雙床房:HK$175']"
漢庭酒店（撫順天湖橋店）,9.5,"['高級大床房（手機投屏+休閑沙發）:HK$286', '商務大床房（手機投屏+休閑沙發）:HK$324', '高級雙床房（手機投屏+休閑沙發）:HK$362', '套房（會客廳+休閑沙發）:HK$362']"
漢庭酒店（撫順萬達廣場店）,9.5,"['大床房:HK$229', '高級大床房:HK$248', '雙床房:HK$267']"
輕住·愛舍精選酒店（撫順恆大廣場萬達店）,9.5,"['Phaotom光影灰色空間:HK$202', '輕奢現代風:HK$221', 'Bauhaus黑白包豪斯風（巨幕投影）:HK$230', 'Klein Blue 克萊因藍（巨幕投影）:HK$267']"
撫順華水賓館,9.2,"['大床房:HK$349', '標準中式雙床房:HK$373', '三人間:HK$511']"
漢庭酒店（撫順石化大學店）,9.5,"['大床房:HK$246', '高級大床房:HK$283', '雙床房:HK$283', '商務大床房:HK$312']"
春天公寓（撫順萬達店）,9.2,"['春天特惠大床房:HK$85', '春天温馨大床房:HK$114', '春天精品影院房:HK$142', '春天娛樂麻將房:HK$148']"
蜉蝣山舍·VILLA度假民宿,9.2,"['8號院·兩室兩廳獨立水景房（地熱+麻將機+投影+KTV+燒烤火鍋）:HK$1,843', '7號院·二室二廳獨立湖景房（地熱+麻將機+投影+KTV+燒烤火鍋）:HK$2,061', '9號院·三室兩廳獨立山景房（地熱+麻將機+投影+KTV+燒烤火鍋）:HK$2,279', '6號院·五室三廳獨立湖景房（地熱+麻將機+投影+KTV+燒烤火鍋）:HK$3,916']"
速8精選酒店（撫順北站十二中學店）,9.2,"['標準大床房:HK$210', '標準雙床房:HK$231', '高級大床房:HK$231', '家庭房:HK$253']"
漢庭優佳酒店（撫順中央大街店）,9.5,"['特價房:HK$220', '高級大床房:HK$238', '雙床房:HK$238', '商務大床房:HK$258']"
漢庭酒店（撫順北站店）,9.5,"['高級大床房:HK$198', '雙床房:HK$217', '商務大床房:HK$217', '家庭房:HK$236']"
愛你時尚酒店（順城萬達店）,9.5,"['特惠大床房:HK$119', '豪華主題房:HK$128', '愛你電影主題房:HK$156', '麻將房:HK$156']"
如家酒店·neo（撫順將軍橋萬達廣場店）,9.0,"['商務大床房:HK$186', '雙床房:HK$186', '家庭房:HK$210', '全新大床房:HK$210']"
都市之家民宿（萬達廣場店）,8.4,"['悦享大床房（A座）:HK$149', '臻選城景大床房（A座）:HK$174', '臻選城景雙床房（A座）:HK$230', '優享一室一廳套房（E座）:HK$243']"
如家酒店（撫順望花雷鋒紀念館店）,9.3,"['雙床房（手機投屏）:HK$219', '商務大床房（手機投屏）:HK$219', '家庭房（手機投屏）:HK$229', '特色大床房（手機投屏）:HK$229']"
陌野民宿（興隆店）,9.9,"['NIS輕奢loft巨幕投影大床房:HK$174', 'Loft秋意巨幕投影大床房:HK$206', 'loft暖春-巨幕投影-越層套房:HK$241', 'loft簡約巨幕投影商務套房:HK$315']"
怡萊酒店（撫順北站中心醫院店）,9.4,"['高級大床房:HK$159', '雙床房:HK$168', '商務大床房:HK$177', '家庭房:HK$187']"
撫順樂嘉公寓,9.4,"['歐式大床房:HK$129', '精品大床房:HK$165', '影音大床房:HK$176', '舒適家庭房:HK$195']"
撫順尚恪主題公寓,9.7,"['現代大床房:HK$129', '尊享大床房:HK$140', '悦享大床房-B:HK$151', '優享大床房:HK$151']"
如家派柏·雲酒店（撫順北站永安橋店）,8.6,"['舒適大床房（無窗）:HK$144', '零壓大床房:HK$159', '商務大床房:HK$163', '標準雙人房:HK$163']"
撫順MiMi主題公寓,9.7,"['温馨主題房:HK$102', '主題大床房:HK$102', '浪漫大床房:HK$102', '情侶大床房:HK$102']"
百合公寓（撫順印象新城店）,9.5,['標準雙床房:HK$137']
Sandbox沙盒電競民宿,9.7,"['電競[華碩4060ti]+街機搖桿遊戲機+極米百寸投影+冰箱:HK$177', '電競K唱歌[華碩4060ti]+按摩椅+星糖miniKTV+[洗衣機+冰箱]:HK$180', 'Loft[華碩4060ti]+PS4Pro+按摩椅+極米百寸投影:HK$191', 'Loft雙屏電競房[華碩4060ti]+PS4pro+按摩椅+百寸投影:HK$191']"
錦尚都城酒店（撫順北站永安橋店）,8.5,"['雙床房:HK$85', '舒適大床房:HK$96', '標準雙床房:HK$101', '高級大床房:HK$112']"
撫順隔壁公寓,9.2,"['輕奢主題大床房:HK$163', '家庭影院大床房:HK$206']"
星星主題公寓（撫順恆大廣場）,9.3,"['星星丨自然清新大床房:HK$165', '星星丨北歐大床房:HK$206']"
撫順聖途公寓,9.1,"['舒適大床房:HK$112', '温馨大床房:HK$137', '豪華精品大床房:HK$184', '主題奢華大床房:HK$212']"
撫順盛昌賓館,9.5,"['特惠大床房:HK$63', '普通大床房:HK$75', '標準間:HK$86', '大床房:HK$86']"
撫順自如民宿,8.0,"['豪華大床房:HK$140', '豪華浴缸大床房:HK$165', '豪華雙人套房:HK$167']"
撫順美郎商務賓館,9.0,"['韓式榻榻米:HK$120', '商務大床房:HK$246', '商務雙床房:HK$277', '豪華圓床房:HK$306']"
撫順馨程旅店,9.7,"['普通雙人間（公共衞浴）:HK$46', '標準雙床房:HK$60', '精裝大床房:HK$61']"
小時代民宿（撫順天朗店）,9.5,"['特惠大床房:HK$75', '大床房:HK$88', '豪華大床房:HK$98', '商務雙床房:HK$128']"
撫順愛爾温馨賓館,9.0,"['經典榻榻米間（無窗）:HK$85', '舒適標準間:HK$118', '温馨大床房:HK$140', '韓式榻榻米間:HK$140']"
撫順戀之家賓館,8.4,"['標準房:HK$147', '大床房:HK$156', '親子房:HK$295', '三人房:HK$304']"
撫順育才壹品民宿,7.1,"['情侶雙人間:HK$140', '家庭雙床房:HK$140', '標準雙床房:HK$140']"
撫順生輝公寓,8.6,"['標準大床房:HK$71', '青旅大床房（公共衞浴）:HK$73', '迷你房:HK$83', '大床房（公共衞浴）:HK$92']"
撫順金澤緣商務旅館,8.6,"['大床房:HK$54', '雙人間:HK$61', '雙床房a:HK$61', '三人間:HK$67']"
撫順泰河賓館,8.0,"['特價房:HK$85', '大床房:HK$140', '三人間:HK$172', '標準四人間:HK$205']"
撫順眾信賓館,8.8,"['特惠房:HK$85', '標準大床房B（無窗）:HK$97', '標準雙床房B（無窗）:HK$97', '標準雙床房A:HK$129']"
撫順緣祥賓館,8.7,"['特惠大床房（無窗）:HK$55', '大床房:HK$74', '家庭三人房:HK$85', '陽光三人間:HK$114']"
撫順麗景商務賓館,7.6,"['大床房:HK$81', '標準間:HK$107']"
撫順愛情公寓,6.6,"['歐式大床房:HK$107', '地中海主題房:HK$107', '經典雙床房:HK$151', '浴缸房:HK$151']"
