酒店名称,评分,房型价格列表
昌吉園林賓館（東方廣場店）,9.7,"['逸林園景大床房（全套零壓床品+品質衞浴+精緻洗護用品）:HK$524', '逸林園景雙床房（全套舒適床品+精緻洗護用品）:HK$545', '零壓行政大床房（全套零壓床品+品質衞浴+房間加濕器）:HK$552', '海棠高級浴缸大床房（零壓床品+高級浴缸+房間加濕器）:HK$566', '豪華景觀浴缸大床房（零壓床品+豪華浴缸+房間加濕器）:HK$588']"
昌吉華東·容錦國際酒店,9.0,"['韓式榻榻米大床房|獨享大空間+城景＋優質床品:HK$286', '舒適大床房|獨享大空間+城景＋優質床品:HK$335', '舒適雙床房|獨享大空間+城景＋優質床品:HK$350', '温馨親子家庭房:HK$436', '零壓行政雙床房|獨享大空間+城景＋優質床品:HK$451']"
昌吉希爾頓歡朋酒店,9.6,"['舒適大床房:HK$680', '舒適雙床房:HK$680', '高級大床房:HK$709', '高級雙床房:HK$709', '豪華大床房:HK$757']"
如家精選酒店（昌吉海棠天街饢文化美食街店）,9.6,"['商務大床房（可投屏）:HK$323', '雙床房（65寸液晶電視+舒適躺椅+辦公區域）:HK$332', '高級大床房（休閑辦公區＋優質床品+雙人沙發）:HK$349', '高級雙床房（安靜睡眠+休閑辦公區+舒適躺椅）:HK$349']"
阜康温德姆花園酒店,9.5,"['高級雙床房丨全屋智能+即熱飲用水+杯具高温烘乾機:HK$615', '高級大床房丨全屋智能+即熱飲用水+杯具高温烘乾機:HK$648', '豪華大床房丨全屋智能+即熱飲用水+杯具高温烘乾機:HK$703', '家庭親子房丨全屋智能+即熱飲用水+杯具高温烘乾機:HK$800', '商務套房丨全屋智能+即熱飲用水+杯具高温烘乾機:HK$1,034']"
昌吉萬博學府亞朵酒店,9.6,"['雅緻大床房（投屏+無線充+空氣凈化器+智能窗簾）:HK$528', '高級大床房 （手機投屏+無線桌充+空氣凈化器+體重秤）:HK$592', '高級雙床房（手機投屏+無線桌充+空氣凈化器+體重秤）:HK$592', '行政大床房（迷你小冰箱 +65寸高清投屏+空氣凈化器）:HK$619', '行政雙床房（迷你小冰箱 +65寸高清投屏+空氣凈化器）:HK$619']"
昌吉迎賓館（北京南路店）,9.7,"['時尚標準間:HK$620', '商務標準間:HK$648', '時尚大床房:HK$648', '温馨親子主題房:HK$1,752', '商務套房:HK$2,031']"
昌吉富友國際酒店,9.1,"['豪華單間（靜謐空間+零壓床墊+智能客控）:HK$321', '套房（獨享大空間+零壓床墊+優質床品）:HK$383']"
瑞吉酒店（昌吉華洋廣場店）,9.4,"['瑞悦大床房丨智能客控+零壓床品:HK$256', '瑞選雙床房丨智能客控+零壓床品:HK$385', '瑞思尊享雙床房丨智能客控+洗衣機+小冰箱:HK$429', '瑞享三人間丨智能客控+洗衣機+小冰箱:HK$462', '瑞闔家庭房A丨智能客控+零壓床品:HK$494']"
吉木薩爾北庭迎賓館,9.7,"['逸林園景雙床房（全套舒適床品+落地鏡+加濕器）:HK$315', '逸林園景行政雙床房全套舒適床品+精緻洗護用品+房間加濕器:HK$326', '逸林園景大床房（全套舒睡+精緻洗護+加濕器）:HK$327', '逸林園景套房全套舒適床品+高級浴缸+會客廳+加濕器:HK$642', '逸林園景豪華套房丨全套舒睡+高級浴缸+落地鏡+加濕器:HK$860']"
呼圖壁迎賓館,9.4,"['商務標間:HK$269', '商務單間:HK$288', '行政標間:HK$288', '行政單間:HK$316', '商務套間:HK$427']"
昌吉昊泰酒店,9.2,"['悠悠家庭房:HK$392', '高級單間:HK$489', '高級標間:HK$489', '豪華單間:HK$514', '豪華影音單間:HK$514']"
昌吉建國飯店,9.7,"['商務套房大床丨私享園林景觀+歐式風格+舒適床品:HK$729', '商務套房雙床丨私享園林景觀+歐式風格+舒適床品:HK$839', '家庭套房雙床丨私享園林景觀+歐式風格+舒適床品:HK$901', '行政套房大床丨私享園林景觀+歐式風格+舒適床品:HK$1,057', '行政套房雙床丨私享園林景觀+歐式風格+舒適床品:HK$1,166', '總統套房大床丨私享園林景觀+歐式風格+舒適床品:HK$20,624']"
昌吉東昇鴻福大飯店,9.1,"['豪華大床房:HK$392', '豪華雙人間:HK$399', '行政雙床房:HK$436', '行政大床房:HK$436']"
昌吉華怡酒店（婦幼保健院中山商務廣場店）,9.4,"['尊享大床房|零壓床墊+舒適床品:HK$327', '豪華大床房|零壓床墊+小冰箱:HK$348', '尊享雙床房|零壓床墊+舒適床品:HK$377', '豪華雙床房|零壓床墊+小冰箱:HK$396', '豪華套房|零壓床墊+會客廳+小冰箱+浪漫浴缸:HK$431']"
昌吉凱森酒店,9.2,"['高級雙床房:HK$610', '豪華雙床房:HK$647', '豪華大床房:HK$703', '高級大床房:HK$703', '影院房:HK$759', '行政豪華套間:HK$1,195']"
雲創花園酒店（奇台古城商業街店）,8.8,"['臻品雅緻雙床房:HK$291', '臻品零壓大床房（零壓床墊+柔軟親膚布草）:HK$346', '臻選豪華套:HK$432', '臻選親子家庭房:HK$432', '臻選商務景觀套房:HK$432']"
呼圖壁富源假日酒店,9.3,"['商務標準間:HK$254', '商務大床房:HK$254', '行政標準間:HK$319', '舒睡0壓標準間（夢百合0壓床墊+0壓記憶枕）:HK$336', '行政單人間:HK$340']"
昌吉樂途雲酒店,9.0,"['歡樂經典雙床房:HK$559', '樂享巨幕觀影房:HK$559', '樂享舒適大床房:HK$574', '快樂陽光親子房:HK$610']"
奇台天和國際酒店,8.8,"['雅緻大床房|柔軟親膚布草:HK$483', '雅緻雙床房|柔軟親膚布草:HK$483', '行政大床房|安靜睡眠＋城市夜景:HK$586', '行政雙床房|安靜睡眠＋城市夜景:HK$586', '景觀雙床房|高空視野＋城市夜景:HK$710']"
阜康博格達酒店,9.1,"['豪華商務雙床房|金可兒床墊+安靜睡眠:HK$393', '豪華至尊雙床房|金可兒床墊+安靜睡眠:HK$399', '豪華至尊大床房|金可兒床墊+安靜睡眠:HK$485', '豪華至尊三床房|金可兒床墊+安靜睡眠:HK$636', '豪華至尊單卧套房|金可兒床墊+安靜睡眠:HK$666']"
星程酒店（昌吉中山路滙嘉時代店）,9.4,"['大床房:HK$302', '雙床房:HK$302', '豪華雙床房:HK$340', '豪華大床房:HK$340']"
遇見小鹿·心靈治癒·西域復古風情設計師花園美宿,9.8,"['駝鈴·慵懶大床房 （西域民族風情設計+定製版獨立輕奢深睡舒眠床墊+A類水洗棉柔軟親膚布草有陽光的味道+松下智能馬桶+WAHIN冰箱+負離子速幹吹風機）:HK$272', '沙海·樂享三人間（新疆民族風手工編織棉麻流蘇桌布+新疆美協手繪+定製版獨立輕奢深睡舒眠床墊+A類水洗棉柔軟親膚布草有陽光的味道+負離子速幹吹風機）:HK$272', '樓蘭·清新雙床房（西域民族風情設計+定製版獨立輕奢深睡舒眠床墊+140新疆長絨棉親膚布草有陽光的味道+WAHIN冰箱+負離子速幹吹風機）:HK$299', '丹霞·觀影大床房（西域風情治癒系花院景觀+100寸高清投影+新疆美協手繪+製版獨立輕奢深睡舒眠床墊+140新疆長絨棉親膚布草有陽光的味道+WAHIN冰箱+小米智能馬桶+負離子速幹吹風機）:HK$301']"
吉木薩爾豪威國際酒店,9.3,"['行政標準間:HK$405', '商務單間:HK$420', '豪華商務單間:HK$477', '豪華商務標準間:HK$495', '零壓大床房:HK$514']"
白玉蘭酒店（阜康百潤時代廣場店）,8.9,"['輕雅雙床房:HK$272', '舒雅雙床房:HK$301', '舒雅大床房:HK$301', '靜雅大床房:HK$311']"
昌吉海大酒店,9.0,"['温馨親子房:HK$506', '高級雙床房:HK$543', '行政雙床房:HK$543', '高級大床房:HK$583', '行政大床房:HK$583']"
維也納國際酒店（吉木薩爾店）,10.0,"['標準大床房:HK$382', '標準雙床房:HK$382', '高級大床房:HK$413', '高級雙床房:HK$413', '豪華套房:HK$590']"
早韶晚韶·鄉土藝宿（江布拉克店）,9.6,"['外溪 | 精緻大床房:HK$982', '晚韶 | 景觀大床房:HK$1,091', '乎乎子丨雅緻雙床房:HK$1,200', '磨野 | 藝術LOFT套房:HK$1,200']"
吉木薩爾麥田酒店,9.4,"['商務標間|安靜睡眠＋舒適床品:HK$293', '豪華標間|安靜睡眠＋舒適床品:HK$358', '商務單間|安靜睡眠＋舒適床品:HK$380', '豪華單間|安靜睡眠＋舒適床品:HK$424', '温馨家庭房|柔軟親膚布草＋安靜睡眠:HK$686']"
昌吉凱森雲尚酒店,9.2,"['商務雙床房:HK$281', '商務大床房:HK$281', '行政標準間:HK$327']"
雲漫酒店,8.9,"['舒適雙床房（智能客控-0壓床墊）:HK$355', '行政雙床房（智能客控-0壓床墊）:HK$382', '智享大床房:HK$423', '巨幕觀影房（堅果100寸投影-智能客控-0壓床墊）:HK$423']"
昌吉鑫悦酒店,9.4,['豪華套房:HK$406']
奇台華逸酒店,9.3,"['舒適大床房:HK$369', '舒適雙床房:HK$369', '商務雙床房:HK$426', '商務大床房:HK$426', '行政雙床房:HK$455']"
昌吉市花兒清舍酒店（北京南路農商銀行大廈店）,9.2,"['普通大床房（智能客控）:HK$220', '普通標間（智能客控）:HK$228', '景觀大床房:HK$274', '商務標間（智能客控）:HK$289']"
阜康雅軒國際酒店,9.5,"['豪華大床房︱臨園風景+舒適睡眠:HK$511', '豪華雙床房︱臨園風景+舒適睡眠:HK$511', '精品三人間︱臨園風景+舒適睡眠:HK$685', '豪華套房︱臨園風景+舒適睡眠:HK$860', '温馨家庭房︱臨園風景+舒適睡眠:HK$860']"
雲杉國際酒店,8.7,"['特惠智能標準間:HK$218', '智能大床房:HK$254', '智能標準間:HK$266', '特惠智能親子間:HK$273']"
維也納國際酒店（準東開發區五彩灣新城店）,9.6,"['標準大床房:HK$357', '標準雙床房:HK$357', '商務大床房:HK$418', '商務雙床房:HK$418', '豪華大床房:HK$444']"
如家酒店·neo（昌吉延安北路店）,9.4,"['大床房:HK$173', '商務大床房:HK$199', '雙床房:HK$207', '家庭房:HK$242']"
呼圖壁縣銘浠茂琚酒店,9.1,"['智享空間·靜雅大床房:HK$341', '智感空間·舒適大床房:HK$362', '智選空間·高級雙床房:HK$362', '巨幕影院·影音大床房:HK$362']"
昌吉禧悅麗華酒店（華洋廣場店）,9.4,"['麗致温馨大床房（零壓床墊+智能窗簾+65寸投屏電視）:HK$202', '舒適觀景雙床房{零壓床墊+零壓舒緩枕頭+65寸投屏電視]:HK$202', '雅緻觀景大床房{零壓床墊+65寸高清投屏電視+智能客控}:HK$209', '優選觀景雙床房{零壓床墊+零壓舒緩枕頭+75寸投屏電視}:HK$217']"
貝殼酒店（昌吉北京南路中醫院店）,9.6,"['智能商務雙床房（智能客控）:HK$180', '智能時尚大床房（觀影體驗好）:HK$199', '智能高級雙床房（智能客控）:HK$217', '智能高級大床房（智能客控）:HK$217']"
阜康天池大酒店,8.7,"['商務標間:HK$323', '商務單間:HK$323', '行政標間:HK$397', '商務套房:HK$497', '行政套房:HK$522']"
奇台華東容錦酒店,8.9,"['舒適雙床房:HK$260', '輕閑雙床房:HK$376', '臻選雙床房:HK$421', '輕閑大床房:HK$422', '臻選大床房:HK$459']"
昌吉玖盛博達酒店,9.0,"['商務標準間:HK$351', '尊享標準間:HK$374', '尊享單人間:HK$374', '商務三人間:HK$450']"
昌吉馨雅居酒店,9.3,"['特惠大床房:HK$185', '特惠雙床房:HK$185', '商務雙床房（乾濕分離+化粧鏡）:HK$200', '商務大床房（乾濕分離+化粧鏡）:HK$200']"
大古主題電競酒店,8.2,"['輕雅大床房:HK$269', '舒雅大床房【巨幕投影+熱銷房型】:HK$288', '靜雅大床房【落地窗觀景投影+熱銷房型】:HK$316', '浪漫圓夢主題房【圓床巨幕投影+婚房立選】:HK$343']"
尚客優品酒店（阜康準噶爾路店）,9.4,"['舒適大床房:HK$309', '舒適雙床房:HK$309', '特惠雙床房:HK$309', '温馨家庭房:HK$556']"
天山天池度假區運動員公寓,8.6,"['雪景雙床房:HK$282', '雪景大床房:HK$304', '雪景三人間:HK$325']"
瑪納斯迎賓館,9.3,"['主樓標間:HK$218', '普通標準間:HK$249', '貴賓樓標間:HK$304', '主樓單間:HK$304']"
昌吉陌麼·逸尚精品酒店,8.2,"['品逸臻品圓床房:HK$260', '復古臻品大床房:HK$261', '漫步影院大床房:HK$271', '復古臻品雙床房:HK$314']"
