酒店名称,评分,房型价格列表
杭州蓮遇酒店,9.4,"['特惠房:HK$677', '森系園景房:HK$811', '森系景觀房:HK$902', '森系園景親子房:HK$947']"
西湖方圓小舍,9.7,"['桂雨:HK$561', '尋芳:HK$581', '聽風:HK$614', '悦溪:HK$666']"
西湖存翠居,9.5,"['高級閣樓大床房502:HK$426', '榻榻米房201、301、402:HK$479', '高級雙床房305:HK$493', '鞦韆大床房501:HK$513']"
曼納德國際酒店（杭州華豐路地鐵站店）,9.4,"['雲感丨商務大床房（智能客控）:HK$344', '雲感丨高級雙床房（智能客控）:HK$387', '雲感丨舒適大床房（智能客控）:HK$387', '雲感丨家庭房（智能客控）:HK$409', '雲端丨悦享套房:HK$430']"
杭州仁和飯店,9.4,"['韻·商務大床房（無窗）:HK$656', '雅·商大床房:HK$722', '暻·雙床房:HK$729', '豪華大床房:HK$771', '漫旅雙床房:HK$799']"
夕霞小築（西湖斷橋店）,9.1,"['舒適大床房:HK$485', '豪華大床房:HK$630', '豪華標準間:HK$656', '獨立庭院大床房:HK$748']"
杭州祺悦西湖宋胤酒店,9.2,"['睡眠榻榻米（無窗）:HK$409', '雅緻大床房:HK$424', '豪華榻榻米:HK$499', '豪華大床房:HK$549']"
杭州西湖湖濱河坊街花築般藍酒店,9.5,"['精選大床房（陽光滿屋+智能音控）:HK$586', '智能大床房（鳥瞰五柳巷景觀）:HK$647', '精選雙床房（陽光滿屋+智能音控）:HK$647', '智能雙床房（陽光滿屋+智能音控）:HK$691', '景觀大床房（動人夜景+小冰箱）:HK$735']"
杭州蘭卡精品酒店（西湖風景區古盪地鐵站）,9.3,"['高級大床房:HK$305', '高級雙床房:HK$305', '商務大床房:HK$415', '精選假日大床房:HK$429', '豪華躍層家庭房:HK$582']"
杭州運河雷迪森維嘉酒店,9.3,"['舒適大床房+智能投屏+舒睡助眠:HK$359', '舒適雙床房+智能投屏+舒睡助眠:HK$359', '豪華雙床房+智能投屏+舒睡助眠:HK$464', '豪華大床房+智能投屏+舒睡助眠:HK$464', '嘉景大床房+智能投屏+舒睡助眠+功夫茶具:HK$505']"
杭州西湖瓏璟心情民宿（太子灣店）,9.8,"['巨幕投影夢幻大床房:HK$670', '花廊雅緻浴缸大床房:HK$706', '熙春精選浴缸大床房:HK$725', '邂逅庭院浴缸雙床房:HK$796']"
杭州祺悦西湖文化酒店,9.0,"['祺悦睡眠大床房:HK$455', '祺悦睡眠雙床房:HK$520', '祺悦豪華大床房:HK$584', '祺悦陽光庭院親子房:HK$639']"
浙江賓館,9.4,"['特價雙床房:HK$787', '特價大床房:HK$831', '商務大床房:HK$938', '商務雙床房:HK$938', '麗景大床房:HK$998']"
杭州東站景諾酒店,9.6,"['景悦雙床房:HK$520', '景悦大床房:HK$520', '景舒大床房:HK$520', '景舒雙床房:HK$520', '景逸雙床房:HK$540', '景華行政大床房:HK$551']"
杭州馬可波羅濱湖酒店（西湖湖濱店）,9.4,"['特惠大床房（無窗）:HK$383', '特惠雙床房（無窗）:HK$383', '豪華大床房:HK$493', '豪華雙床房:HK$525', '商務大床房:HK$547']"
杭州西湖東坡酒店,9.3,"['特惠大床房:HK$372', '精緻雙床房:HK$386', '温馨雙床房:HK$512', '雅緻大床房:HK$517', '悦享標準間:HK$586']"
杭州西湖映象酒店（柳浪聞鶯雷峯塔店）,9.3,"['靈峯舒適浴缸大床房:HK$846', '棲霞觀景浴缸大床房:HK$923', '鳳嶺拾光家庭浴缸房:HK$1,001', '雲棲聽雨雙床浴缸房:HK$1,079']"
和昉·五洋公館（杭州西湖湖濱in77店）,9.3,"['特惠大床房（帶新風系統）:HK$428', '温馨大床房（帶新風系統）:HK$433', '温馨雙床房（帶新風系統）:HK$466', '主題大床房:HK$499']"
洲至奢選杭州武林國大酒店,9.7,"['豪華房・超大床|黑膠唱片機+LVMH品牌備品:HK$1,248', '豪華房·超大床·城市景觀|黑膠唱片機+LVMH旗下品牌備品:HK$1,539', '尊享房・超大床|寬敞空間+黑膠唱片機+LVMH旗下品牌備品:HK$1,643', '尊享房・雙人床|寬敞空間+黑膠唱片機+LVMH旗下品牌備品:HK$1,643', '豪華房・雙人床|黑膠唱片機+LVMH旗下品牌備品:HK$1,654', '奢享房・雙人床|黑膠唱片機+戴森吹風機:HK$1,747']"
宇優溪上度假酒店（杭州西溪濕地店）,9.3,"['零壓無窗雙床:HK$293', '温馨大床房:HK$363', '高級大床房:HK$377', '高級雙床房:HK$377', '觀景大床房:HK$405']"
杭州濱江寶龍藝珺酒店,9.5,"['舒藝雙床房:HK$556', '舒藝大床房:HK$556', '豪華大床房:HK$655', '甄選藝珺親子房:HK$698', '豪華雙床房:HK$709', '甄選行政大床房:HK$841']"
杭州納德世家,9.3,"['特惠標準房+全景玻璃視野:HK$491', '特惠大床房+全景玻璃視野:HK$491', '豪華大床房+全景玻璃視野:HK$546', '豪華標準房+全景玻璃視野:HK$546', '商務大床房+全景玻璃視野:HK$601']"
奇遇派酒店（杭州西湖河坊街店）,9.5,"['弄清影大床房:HK$386', '醉東風大床房:HK$461', '桂花落大床房:HK$468', '晴方好大床房:HK$586']"
杭州中維歌德大酒店,9.5,"['商務大床房【俯瞰繁榮城景·舒睡床墊+漢斯格雅衞浴】:HK$492', '豪華雙床房【俯瞰繁榮城景·舒睡床墊+漢斯格雅衞浴】:HK$492', '高級大床房【俯瞰繁榮城景·舒睡床墊+漢斯格雅衞浴】:HK$556', '悦享高級房【俯瞰繁榮城景+舒睡床墊+智能客控】:HK$556', '豪華大床房【俯瞰繁榮城景·舒睡床墊+漢斯格雅衞浴】:HK$796', '悦享主題房【臻享100寸大屏+私人影院+舒睡床墊+智能客控】:HK$862']"
開元名庭酒店（杭州蕭山國際機場客運大樓店）,9.4,"['開元雙床房 【乳膠床墊 • 小冰箱 • 投屏 • 智能馬桶】:HK$282', '開元大床房【乳膠床墊 • 小冰箱 • 投屏 • 智能馬桶】:HK$282', '高級雙床房【智能馬桶 • 小冰箱 • 投屏 • 乳膠床墊】:HK$333', '高級大床房【智能馬桶 • 小冰箱 • 投屏 • 乳膠床墊】:HK$352', '豪華雙床房【乳膠床墊 • 小冰箱 • 投屏 • 智能馬桶】:HK$400']"
杭州大酒店,9.2,"['陽光大床房+全景玻璃視野+絲漣舒睡:HK$544', '舒適城景大床房+全景玻璃視野+絲漣舒睡:HK$577', '舒適城景雙床房+全景玻璃視野+絲漣舒睡:HK$610', '凌空運河景觀大床房+180°美景+絲漣舒睡+智能潔具:HK$654', '凌空運河景觀雙床房+180°美景+絲漣舒睡+智能潔具:HK$654']"
杭州錢江世紀城國際博覽中心希爾頓歡朋酒店,9.6,"['舒適大床房:HK$556', '甄選舒適大床房:HK$597', '高級大床房:HK$608', '高級雙床房:HK$630', '豪華大床房:HK$662']"
憶泊酒店（杭州西湖店）,9.5,"['雲舍大床房:HK$553', '泊舍大床房:HK$644', '泊舍雙床房:HK$689', '憶舍精彩大床房:HK$1,007']"
萬斯酒店（火車東站機場路店）,9.5,"['高級大床房（尊享戴森吹風機+pm2.5新風+全智能客控+Coffe機+泡澡大浴缸+智能馬桶+冰箱）:HK$742', '高級雙床房（尊享戴森吹風機+pm2.5新風+全智能客控+Coffe機+泡澡大浴缸+智能馬桶+冰箱）:HK$742', '高級大床房（黑神話悟空聯名主題）:HK$742', '高級雙床房（黑神話悟空聯名主題）:HK$742', '豪華雙床房（尊享戴森吹風機+pm2.5新風+全智能客控+Coffe機+泡澡大浴缸+智能馬桶+冰箱）:HK$785']"
杭州棲在度假民宿（西湖風景區滿覺隴店）,9.3,"['經典日式房:HK$460', '桂語山房:HK$496', '山景陽台大床房:HK$637', '院景舒適大床房（榻榻米茶台）:HK$744']"
杭州月亮與六便士民宿（香積寺地鐵站店）,9.6,"['天井天空雙床房:HK$399', '閣樓大床房:HK$418', '暗香庭院大床房:HK$469', '古街巷景雙床房:HK$515']"
西湖竹澗憶塘民宿,9.0,"['簡約雙床房:HK$356', '閣樓星空榻榻米房（帶露台）:HK$363', '特惠大床房:HK$370', '舒適雙床房:HK$391']"
杭州璞憬酒店,9.5,"['智·雅緻大床房 （全屋智控、乳膠床墊、零壓枕頭）:HK$377', '景·甄選城景大床房（全屋智控、乳膠床墊、零壓枕頭）:HK$407', '景·甄選城景雙床房（全屋智控、乳膠床墊、零壓枕頭）:HK$437', '景·全視野凌空城景大床房（全屋智控乳膠床墊零壓枕）:HK$467', '璞·小黃鴨主題親子房（全屋智控、乳膠床墊、零壓枕）:HK$512']"
CityNote希諾酒店（杭州濱江建業路地鐵站店）,9.6,"['樂活大床房（零壓床墊+智能客控+暢享桌球）:HK$403', '希諾大床房（零壓床墊+智能客控+暢享桌球）:HK$436', '希諾雙床房（零壓床墊+智能客控+暢享桌球）:HK$436', '豪華大床房（零壓床墊+智能客控+暢享桌球）:HK$469', '豪華雙床房（零壓床墊+智能客控+暢享桌球）:HK$469']"
西湖枕流居民宿,9.7,"['景明·陽台山景大床房:HK$544', '沐光·陽台山景大床房:HK$584', '青易·露台山景觀影大床房:HK$607', '山嵐·山景露台大床房:HK$645']"
杭州西湖殿影酒店,9.5,"['羅馬假日客房:HK$1,325', '官邸園林客房:HK$1,534', '水晶片場客房:HK$1,743', '星際穿越客房:HK$1,743', '奇夢家庭套房:HK$2,057', '官邸花園泡池房:HK$2,057']"
杭州錢江新城慶春廣場亞朵酒店,9.8,"['雅緻大床房:HK$440', '高級大床房:HK$475', '高級雙床房:HK$484', '幾木大床房:HK$538', '幾木雙床房:HK$584']"
念庭·NiTi 270°茶山觀景花園美宿（西湖靈隱寺店）,9.4,"['茯苓丨花園山景·大床房:HK$354', '剪秋丨觀山景·大床房:HK$354', '澤蘭丨觀山景·大床房:HK$388', '宜笑丨日式風·大床房:HK$410']"
杭州武林萬怡酒店,9.3,"['豪華雙床房:HK$654', '豪華大床房:HK$654', '尊貴大床房:HK$718', '尊貴雙床房:HK$718', '行政雙床房:HK$982']"
杭州丘山民宿（西湖店）,9.6,"['舊林·大床房（小度音響+戴森吹風機）:HK$500', '野際·影音大床房（投影儀+小度音響+戴森吹風機）:HK$516', '榆柳·榻榻米觀景房（小度音響+戴森吹風機）:HK$529', '故淵·暖光大床房（小度音響+戴森吹風機）:HK$565']"
西湖78號紫薇精品小院,9.7,"['榻榻米大床房:HK$461', '山景大床房:HK$494', '陽台精緻大床房:HK$527', '露台大床房:HK$573']"
杭州維景國際大酒店,9.5,"['旅小熊親子房:HK$696', '精選雙床房:HK$707', '精選大床房:HK$707', '家庭房:HK$764', '高級雙床房:HK$771', '高級大床房:HK$771']"
杭州蕭山機場永盛路地鐵站雷迪森世嘉酒店,9.4,"['高級大床房【乳膠床墊 + 智能投屏】:HK$284', '高級雙床房【乳膠床墊 + 智能投屏】:HK$284', '榻榻米大床房【乳膠床墊 + 智能投屏】:HK$345', '商務大床房【乳膠床墊 + 智能投屏+小冰箱】:HK$368', '商務標準房【乳膠床墊 + 智能投屏+小冰箱 】:HK$389']"
浙江三立開元名都大酒店,9.2,"['開元雙床房:HK$546', '開元大床房:HK$602', '園景雙床房:HK$602', '市景雙床房:HK$656', '市景大床房:HK$711', '豪華園景雙床房:HK$711']"
杭州海華大酒店（西湖店）,9.3,"['優享雙床房:HK$480', '優享大床房:HK$480', '悦享雙床房:HK$531', '悦享大床房:HK$531', '臻享湖景大床房:HK$808']"
杭州西湖武林Pagoda君亭設計酒店,9.3,"['豪華大床房+移動式書桌+全景玻璃視野:HK$666', '豪華超大雙床房+全景玻璃視野:HK$688', '概念大床房+橢圓型浴缸+全景玻璃視野:HK$764', '行政大床房+十足空間感+移動式書桌+全景玻璃視野:HK$797', '旅小熊親子主題三人房:HK$848', '和式大床房+榻榻米會客區+全景玻璃視野:HK$874']"
歡迎酒店（杭州蕭山國際機場店）,9.6,"['行政大床房（智能馬桶，乳膠床墊，55寸投屏）:HK$?', '行政雙床房（智能馬桶，乳膠床墊，55寸投屏）:HK$?', '行政套房（智能馬桶，乳膠床墊，55寸投屏）:HK$?', '温馨親子行政套房（智能馬桶，乳膠床墊，55寸投屏）:HK$?', '高級大床房（智能馬桶，乳膠床墊，55寸投屏）:HK$?']"
和頤至尊酒店（杭州西湖湖濱步行街店）,9.4,"['大床房（智能客控+小冰箱）:HK$350', '雙床房（智能客控+小冰箱）:HK$369', '商務大床房（智能客控+小冰箱）:HK$387', '高級雙床房（智能客控+小冰箱）:HK$440']"
杭州西塢雷迪森莊園,9.5,"['竹隱•雙床房:HK$1,299', '山隱•大床房:HK$1,409', '林隱•雙床房:HK$1,518', '林隱•大床房:HK$1,518', '山隱•庭院大床房:HK$1,628', '林隱•庭院雙床房:HK$1,737']"
浙江梅地亞酒店（西湖湖濱店）,9.3,"['特惠標準間:HK$451', '特惠大床房:HK$451', '特惠家庭房:HK$513', '甄選雙床房:HK$547', '甄選大床房:HK$547']"
