酒店名称,评分,房型价格列表
東營希爾頓歡朋酒店,9.7,"['舒適大床房:HK$394', '高級雙床房:HK$394', '高級大床房:HK$423', '豪華雙床房:HK$423', '豪華大床房:HK$481']"
東營同潤大酒店,9.9,"['高級大床房:HK$392', '商務雙床房:HK$403', '高級雙床房:HK$403', '商務大床房:HK$414', '荷里活親子特大床房:HK$468']"
東營富力萬達嘉華酒店,9.4,"['豪華大床房（浴缸+金可兒床墊+Acca Kappa洗護用品）:HK$436', '豪華雙床房（浴缸+金可兒床墊+Acca Kappa洗護用品）:HK$436', '高級豪華大床房（悦享城景+浴缸+金可兒床墊）:HK$480', '高級豪華雙床房（悦享城景+浴缸+金可兒床墊）:HK$480', '親子雙床房（帳篷頂+搖搖馬+小童洗護用品）:HK$720', '親子大床房（帳篷頂+搖搖馬+小童洗護用品）:HK$720']"
東營百麗酒店（新世紀廣場金融港店）,9.6,"['物超所值雙床房【直飲純凈水機+按摩沙發+零壓記憶枕】:HK$219', '臻選標準雙床房【零壓枕+按摩沙發+智能客控】:HK$252', '健康負氧無煙房【清新負氧+直飲純凈水機+電視投屏】:HK$282', '臻選高級雙床房【星級布草+Mini冰箱+智能換膜馬桶】:HK$283']"
全季酒店（東營東三路銀座廣場店）,9.7,"['高級大床房（加濕器+手機投屏）:HK$285', '商務大床房（加濕器+手機投屏）:HK$304', '高級雙床房（加濕器+手機投屏）:HK$304', '商務雙床房（加濕器+手機投屏）:HK$333']"
東營璞際酒店（沃德中心店）,9.5,"['茶語大床房（全屋智控+零壓床墊+榻榻米茶座）:HK$333', '雅緻大床房（全屋智能客控+零壓床墊+枕頭+休閑茶具）:HK$359', '茶韻大床房（全屋智能客控+零壓床墊+枕頭+休閑茶具）:HK$384', '茶韻雙床房（全屋智能客控+零壓床墊+枕頭）:HK$384', '奢享大床房（全屋智能客控+零壓床墊+枕頭+休閑茶具）:HK$411']"
全季酒店（東營金融港店）,9.6,"['高級大床房（小冰箱+手機投屏+加濕器+智能馬桶）:HK$244', '雙床房（小冰箱+手機投屏+加濕器+智能馬桶）:HK$262', '高級特大床房（小冰箱+手機投屏+加濕器+智能馬桶）:HK$262', '高級雙床房（小冰箱+手機投屏+加濕器+智能馬桶）:HK$278']"
東營藍海御華大飯店,9.5,"['雅緻雙床房:HK$523', '高級單人間:HK$530', '雅緻大床房:HK$567', '荷里活大床房:HK$567', '豪華大床房:HK$621', '豪華雙床房:HK$621']"
東營西格爾輕奢酒店（勝利油田中心醫院銀座商城店）,9.6,"['惠享智能大床房【智能客控｜零壓床墊｜直飲純凈水機】:HK$227', '樂享智能雙床房【智能客控|零壓床墊|自動換膜馬桶】:HK$240', '樂享智能大床房【智能客控|零壓床墊|直飲純凈水機】:HK$253', '輕奢智能大床房【特大床|投屏電視|獨立辦公區】:HK$278', '浪漫情侶浴缸房【拍照出片|一次性浴缸套|浪漫泡泡浴】:HK$304']"
桔子酒店（東營市政府清風湖店）,9.8,"['高級大床房（獨立空調丨全屋智能丨小冰箱）:HK$231', '商務大床房（全屋智能丨恆温空調丨小冰箱）:HK$247', '高級雙床房（獨立空調丨全屋智能丨小冰箱）:HK$247', '豪華套房（一室一廳丨全屋智能丨小冰箱丨婚房佈置）:HK$326']"
東營聚豐大酒店,9.5,"['高級豪華標準間:HK$272', '高級豪華大床房:HK$283', '行政電腦大床間:HK$294', '豪華大床間:HK$294', '豪華標準間:HK$294']"
東營黃河路亞朵酒店,9.8,"['高級雙床房（可投屏電視）:HK$350', '高級大床房（可投屏電視）:HK$359', '行政雙床房（可投屏電視）:HK$370', '幾木雙床房（小冰箱＋可投屏電視）:HK$421', '幾木大床房（小冰箱＋可投屏電視）:HK$430']"
東營賓館,9.5,"['豪華雙床房:HK$425', '商務雙床房:HK$425', '豪華大床房:HK$447', '商務大床房:HK$447', '行政大床房:HK$469']"
東營墾利賓館,9.5,"['高級標準間:HK$162', '高級大床房:HK$194', '商務標準間:HK$200', '商務大床房:HK$211']"
怡程酒店,9.2,"['標準大床房:HK$258', '標準雙人間:HK$306', '高級大床房:HK$306', '豪華大床房:HK$315', '豪華雙床房:HK$334']"
全季酒店（東營東城店）,9.8,"['高級大床房:HK$251', '高級雙床房:HK$270', '舒壓-高級大床房:HK$270', '舒壓-高級雙床房:HK$288']"
全季酒店（東營河口海寧路店）,9.6,"['高級大床房:HK$289', '高級雙床房:HK$298', '商務大床房:HK$318', '商務雙床房:HK$327']"
凱里亞德酒店（東營勝利石油管理局店）,9.7,"['輕享大床房:HK$222', '樂享數碼大床房:HK$244', '樂享大床房:HK$259', '樂享雙床房:HK$268']"
東營藍鑽酒店,9.2,"['高級雙床房:HK$222', '高級大床房:HK$222', '商務大床房:HK$287', '商務雙床房:HK$287']"
東營沃德SOHO酒店,9.4,"['輕奢大床房:HK$180', '豪華大床房:HK$216', '豪華雙床房:HK$239', '奢享套房:HK$324']"
柏曼酒店（東營光谷未來城店）,9.4,"['商務大床房:HK$163', '商務雙床房:HK$261', '家庭雙床房:HK$284', '高級大床房:HK$312']"
寶閣麗奢享酒店（東營墾利區繁華里店）,8.8,"['寶閣麗奢享大床房【全屋智能+喜臨門零壓床墊+小冰箱】:HK$261', '寶閣麗設計師大床房【全智能+零壓床墊+直飲機熱水 】:HK$283', '寶閣麗奢享雙床房【全屋智能+喜臨門零壓床墊+小冰箱】:HK$283', '寶閣麗設計師雙床【景觀落地窗+深度睡眠枕+五星級布草】:HK$294', '寶閣麗智享影音大床房【全智能+動感投影+落地窗】:HK$305']"
東營藍海國際大飯店,9.2,"['高級標準間:HK$402', '高級單人間:HK$402', '商務特色房:HK$468', '商務標準間:HK$468', '豪華商務房:HK$544', '行政大床房:HK$588']"
漢庭優佳酒店（東營東城店）,9.4,"['大床房（手機投屏）:HK$167', '高級大床房（手機投屏）:HK$186', '雙床房（手機投屏）:HK$186', '豪華大床房（手機投屏）:HK$204']"
如家精選酒店（東營金融港店）,9.6,"['大床房:HK$178', '雙床房:HK$178', '商務大床房:HK$197', '高級雙床房:HK$197']"
維也納酒店（東營東城萬達廣場店）,9.3,"['高級大床房【電視投屏+深睡床墊+品牌洗護】:HK$230', '豪華大床房【電視投屏+深睡床墊+品牌洗護】:HK$260', '豪華雙床房【電視投屏+深睡床墊+品牌洗護】:HK$270', '商務大床房【智能客控+電視投屏+深睡床墊+品牌洗護】:HK$281']"
京苑雲科酒店,9.2,"['輕享丨特惠大床房:HK$182', '輕享丨 特惠雙床房:HK$182', '輕享丨舒睡雙床房:HK$192', '輕享丨舒睡大床房:HK$192']"
東營臨港普麗思酒店,9.4,"['精選大床房:HK$217', '精選雙床房:HK$229', '智選雙床房:HK$253', '智選大床房:HK$266']"
東營神州大酒店,8.9,"['別墅式普通大床房-獨立墅區:HK$163', '普通大床房:HK$203', '別墅式豪華大床房-獨立墅區:HK$216', '豪華標準房:HK$230']"
東營勝利廣場東勝大廈酒店,9.4,"['智能豪華大床房:HK$397', '智能豪華雙床房:HK$397', '豪華雙床房:HK$399', '豪華大床房:HK$410', '商務大床房:HK$415', '夢百合零壓豪華雙床房:HK$428']"
東營皇冠假日酒店,9.6,"['高級大床房:HK$425', '高級雙床房:HK$425', '高級房:HK$425', '高級大床房湖景:HK$474', '高級雙床房湖景:HK$474', '高級大床湖景行政房:HK$633']"
歸靜雅居民宿（墾利黃河口鎮店）,9.4,"['舒適大床房:HK$334', '精緻大床房:HK$381', '精緻雙床房:HK$381', '親子雙床房:HK$464']"
圖米輕奢酒店,9.2,"['優享丨智能大床房:HK$179', '優享丨智能雙床房:HK$204', '樂享丨智能大床房:HK$229', '樂享丨智能雙床房:HK$237']"
客舍美學酒店,10.0,"['精品大床房:HK$267', '豪華雙床房:HK$287', '睿選豪華大床房:HK$287', '臻選觀景大床房:HK$295']"
如家精選酒店（河口區政府海寧路店）,9.6,"['大床房:HK$202', '雙床房:HK$202', '高級大床房:HK$235', '高級雙床房:HK$235']"
東營仙河太璞酒店,9.4,"['特惠大床房:HK$224', '全智能商務舒適大床房+助眠床墊:HK$281', '全智能商務舒適雙床房+助眠床墊:HK$335', '全智能豪華專享大床房:HK$335']"
東營百麗精品酒店（西城萬達廣場店）,9.6,"['温馨·榻榻米大床房【電視投屏＋智能客控＋靜謐安睡】:HK$158', '相濡以沫·水晶圓床房【電視投屏+浪漫滿屋+星級布草】:HK$169', '悠然自得·水床房【恆温水上懸浮床墊+電視投屏】:HK$169', '樂享·智能雙床房【直飲純凈水機＋自動轉膜馬桶】:HK$181']"
尚巢智慧酒店（東營區店）,9.5,"['特惠大床房（智能客控）:HK$207', '零壓-精選大床房（智能客控+夢百合床墊）:HK$229', '精選大床房（語音控制系統）:HK$230', '精選雙床房（語音控制系統）:HK$235', '商務套房（智能客控+智能馬桶+小冰箱）:HK$319']"
東營會客廳酒店（東城萬達廣場店）,9.6,"['特惠大床房:HK$163', '精品大床房（睡眠級別棉布草+品質床品）:HK$175', '精品雙床房（睡眠級別棉布草+品質床品）:HK$175', '高級大床房（睡眠級別棉布草+手機投屏+無線充）:HK$196']"
東營藍海新悦大飯店,8.8,"['藍鑽大床房:HK$163', '藍鑽標準間:HK$163', '商務大床房:HK$262', '商務標準間:HK$294', '豪華大床房:HK$349']"
東營如家驛禾酒店（西三路樂活城購物廣場店）,9.4,"['商務大床房A【舒睡空間+電視投屏】:HK$121', '雙床房【共享洗衣+舒睡空間】:HK$132', '高級大床房【零壓舒睡+遼闊視野】:HK$143', '高級雙床房:HK$153']"
東營河口賓館,9.2,"['無窗大床房:HK$184', '特惠智能雙床房:HK$204', '智能大床房:HK$308', '智能雙床房:HK$308', '高級雙床房:HK$370']"
漢庭酒店（東營東城眾成和頤新城店）,10.0,"['高級大床房:HK$197', '豪華雙床房:HK$206', '豪華大床房:HK$206', '家庭房:HK$265']"
東營藍海西城賓館,9.1,"['荷里活大床房:HK$185', '豪華標準間-內窗:HK$185', '豪華大床房:HK$218', '普通標準間:HK$245']"
東營風華國際酒店,8.9,"['雅緻雙床房:HK$264', '雅緻大床房:HK$286', '豪華雙床間:HK$297', '豪華大床間:HK$320']"
東營綠洲印象精品酒店,8.9,"['輕雅單人間:HK$110', '輕途商旅雙床房:HK$128', '景途特惠大床房:HK$128', '逸途商旅雙床房:HK$146']"
東營國際人才中心（光谷未來城技師學院店）,9.6,"['標準大床房:HK$141', '標準雙床房:HK$152', '家庭雙床房:HK$164', '行政大床房:HK$174']"
藍海大飯店（東營東城府前大街店）,9.4,"['特惠商務房:HK$108', '商務標準間:HK$151', '商務單人間:HK$151', '普通單人間:HK$173']"
東營百麗酒店（海通路美食街銀座廣場店）,9.4,"['地中海深睡房【海洋憩息+潔凈新風+一次性馬桶轉膜】:HK$97', '時光荏苒大床房【80代回憶+新風系統+電視投屏+自動換膜馬桶】:HK$106', '温馨榻榻米大床房【一室一廳+榻榻米床+電視投屏+自動一次性馬桶轉膜】:HK$106', 'Coco公主複式房【複式榻榻米+潔凈新風+電視投屏+自動一次性馬桶轉膜】:HK$115']"
銀座精宿（東營蘇州路凌上新街坊店）,9.5,"['精選大床房:HK$153', '精選雙床房:HK$178', '智慧精選大床房:HK$196', '影音精選大床房:HK$203']"
