酒店名称,评分,房型价格列表
東莞塘廈粵華花園酒店,9.4,"['主題大床房:HK$539', '商務大床房:HK$550', '商務雙床房:HK$550', '現代大床房:HK$585', '現代雙床房:HK$585']"
錦江都城酒店（東莞市政府中心廣場店）,9.7,"['精緻城景大床房（臨窗觀景+智能客控+100%羽絨好眠）:HK$348', '風雅城景大床房（葱鬱街景+智能客控+100%羽絨好眠）:HK$391', '風雅城景雙床房（靜謐休憩+智能客控+100%羽絨好眠）:HK$391', '都會城景大床房（CBD城景+智能客控+100%羽絨好眠）:HK$426', '都會城景雙床房（靜謐休憩+智能客控+100%羽絨好眠）:HK$426']"
山之葉服務公寓酒店（厚街萬達廣場寮廈地鐵站店）,9.7,"['秋葉大床房（功夫茶具）:HK$412', '秋葉雙床房:HK$412', '秋葉高級雙床房:HK$492', '山意大床房（帶廚房+多功能冰箱）:HK$509', '秋葉套房（開放式廚房+洗烘一體洗衣機+多功能冰箱）:HK$603']"
歐斯卡國際酒店（黃江大道星光城店）,9.9,"['商務大床房【冰箱＋浴袍＋高清投屏＋智能馬桶】:HK$226', '豪華大床房【小度+冰箱＋浴缸＋高清投屏＋智能馬桶】:HK$247', '影音大床房【冰箱＋浴缸＋巨幕投影＋智能馬桶】:HK$253', '影音雙床房【冰箱＋浴袍＋巨幕投影＋智能馬桶】:HK$253', '行政大床套房【冰箱＋浴缸＋高清投屏＋智能馬桶】:HK$371']"
東莞長安雅緻酒店,9.5,"['雅緻·深睡雙床房:HK$457', '雅緻·深睡大床房:HK$479', '潮流·山景大床房:HK$535', '潮流·園景超大床房:HK$535', '潮流·影音大床房（浴缸+高清大屏看電影）:HK$654', '全景·行政大床房+JBL藍牙音響:HK$654']"
麗楓酒店（東莞南城國貿步行街店）,9.6,"['雅緻大床房（智能客控+慕思床墊+新風凈化系統+空氣凈化器）:HK$285', '標準大床房（智能客控+慕思床墊+空器凈化器）:HK$311', '商務雙床房（智能客控+慕思床墊+觀景商務辦公區+小冰箱）:HK$373', '商務大床房（智能客控+雙層隔音玻璃+慕思床墊+商務辦公桌）:HK$373', '浪漫尊享房（智能客控+慕思床墊+空氣凈化器+浪漫布置）:HK$381']"
東莞塘廈高鐵南站錦江都城酒店,9.6,"['精緻城景大床房（零壓床墊+投屏電視+智能客控）:HK$286', '風雅城景雙床房（0壓床墊+投屏電視+智能客空+超大窗户）:HK$304', '風雅城景大床房（0壓床墊+投屏電視+智能客空+超大窗户）:HK$313', '探索城景大床房（0壓床墊+投屏電視+智能客控）:HK$358', '都會城景大床房（0壓床墊+投屏電視+智能客空+超大飄窗）:HK$425']"
東莞西平新地中心亞朵酒店,9.7,"['高級大床房:HK$503', '高級雙人房:HK$503', '行政大床房:HK$553', '行政雙床房:HK$553', '幾木大床房:HK$603']"
宜致酒店（東莞東坑大道北店）,9.6,"['ECHIC|雅緻大床房·小度全屋智能·帶婦洗智能馬桶:HK$282', 'ECHIC|商務大床房·零壓枕頭床品+冰箱+小度+智能馬桶:HK$298', 'ECHIC商務雙床房·大Size雙床+小度+高清投屏+婦洗馬桶:HK$326', 'ECHIC行政大床房·高清投屏+安靜+冰箱+小度+智能馬桶:HK$326', 'ECHIC|行政雙床房·飄窗榻榻米·大Size雙人床·小度:HK$361']"
東莞濱海灣V酒店（濱海灣OPPO園區店）,9.4,"['V享大床房:HK$317', 'V享雙床房:HK$317', '高級雙床房:HK$338', '園景高級大床房（陽台）:HK$372', '高級大床房:HK$394']"
東莞厚街華美達安可酒店,9.5,"['豪華城景大床房（小度語音智控+舒達零壓床墊）:HK$304', '180度城景公務艙（小度語音智控+舒達零壓床墊）:HK$304', '雲端城景大床房（小度語音智控+舒達零壓床墊）:HK$326', '靜音優享雙床房（小度語音智控+舒達零壓床墊）:HK$327', '雲端城景雙床房（小度語音智控+舒達零壓床墊）:HK$425']"
東莞長安華美達安可酒店（長安萬達店）,9.5,"['安可逸景大床房（柔雲承託天然乳膠床墊+舒眠透氣鵝絨被芯+鵝絨護頸舒眠枕+慢回彈記憶棉枕）:HK$267', '安可尊逸大床房（180°慢品人間煙火色城景+柔雲承託天然乳膠床墊+鵝絨護頸舒眠枕+慢回彈記憶棉枕）:HK$277', '安可臻選雙床房（全屋智能客控+東方神韻輕奢美學雅居設計+180°茗香茶韻榻榻米觀景茶台）:HK$287', '安可至尊大床房（全屋智能客控+東寶人體工學深睡床墊+鵝絨逸夢枕+慢回彈記憶棉枕）:HK$309', '安可影院大床房（堅果4K超高清投影+百寸幕布+180°慢品人間煙火色城景+全屋智能可控）:HK$330']"
東莞中心廣場希爾頓歡朋酒店,9.7,"['舒適大床房:HK$517', '舒適雙床房:HK$517', '高級大床房:HK$565', '高級雙床房:HK$565', '豪華大床房:HK$613']"
東莞高埗時興中心錦江都城酒店,9.5,"['精緻城景大床房:HK$283', '風雅城景大床房:HK$304', '風雅城景雙床房:HK$304', '都會城景大床房:HK$315', '行政尊享城景雙床房:HK$371']"
橋興嘉麗酒店,9.7,"['陽光大床房（深睡床墊+智能馬桶+投屏）:HK$202', '舒適大床房（城景+冰箱+深睡床墊）:HK$225', '高級大床房（落地窗+智通馬桶+冰箱+深睡床墊）:HK$236', '商務大床房（落地窗+冰箱+智能馬桶）:HK$265', '商務雙床房（落地窗+功夫茶+冰箱）:HK$283']"
凱里亞德酒店（東莞清溪店）,9.5,"['輕享大床房（小度智控+深度睡眠床墊）:HK$230', '樂享影音大床房（巨幕投影+新風系統+小度智控）:HK$246', '優享陽光大床房（深度睡眠床墊+全景落地窗+小度智控）:HK$262', '優享陽光雙床房（全景落地窗+深度睡眠床墊+小度智控）:HK$262']"
朵蘭達V酒店（東莞松山湖度假區卓為城購物中心店）,9.8,"['零壓智控大床房【冰箱+浴袍+高清投屏+智能馬桶】:HK$276', '零壓智控雙床房【冰箱+浴袍+高清投屏+智能馬桶】:HK$290', 'Cool朵拉智控城景大床房【冰箱+浴袍+高清投屏+智能馬桶】:HK$297', 'Cool朵拉智控城景雙床房【冰箱+浴袍+高清投屏+智能馬桶】:HK$325']"
逸航歡朋酒店,9.5,"['逸享城景房（雙層隔音玻璃 +智能客控投屏）:HK$224', '逸靜山景房（城中靜謐·深睡記憶棉枕·智能客控投屏）:HK$240', '逸緻雙床房（智能客控·深睡記憶棉枕）:HK$271', '逸奢浴缸房（城中謐境+泡澡山景+智能客控）:HK$286']"
麗楓酒店（東莞塘廈天虹購物中心豐騰大廈店）,9.6,"['景觀大床房（智能投屏+慕思床墊+立體環繞藍牙音響）:HK$280', '豪華大床房（智能投屏+慕思床墊+立體環繞藍牙音響）:HK$289', '純凈自然商務雙床房（智能投屏+慕思床墊+立體環繞藍牙音響）:HK$313', '浪漫優享房（智能投屏+慕思床墊+立體環繞藍牙音響）:HK$380']"
樸澍灣酒店（東莞下壩坊鰜魚洲文創園店）,9.6,"['雅逸大床房（智能家居＋65寸屏）:HK$292', '靜逸雙床房（智能家居＋園區風景＋65寸屏）:HK$343', '靜逸大床房（智能家居＋園區風景＋65寸屏）:HK$356', '熊熊探險主題房（智能家居＋園區風景＋65寸屏）:HK$386']"
東莞松山湖希爾頓歡朋酒店,9.6,"['舒適大床房:HK$489', '舒適雙床房:HK$517', '高級大床房:HK$537', '高級雙床房:HK$575', '高級園景大床房:HK$613']"
東莞塘廈萬科廣場華漫酒店,9.7,"['設計師Fans | 智控·大床房:HK$390', '設計師Fans | 智控·雙床房:HK$430', '設計師Fans | 智控·雅緻大床房:HK$439', '設計師Fans | 智控·尊享大床房:HK$493']"
東莞松山湖華美達酒店,9.5,"['高級大床房（普蘭特星級床墊+深睡記憶枕+保鮮小冰箱）:HK$303', '高級雙床房（普蘭特星級床墊+深睡記憶枕+保鮮小冰箱）:HK$313', '行政大床房（普蘭特星級床墊+深睡記憶枕+保鮮小冰箱）:HK$348', '舒適雙床房（普蘭特星級床墊+深睡記憶枕+保鮮小冰箱）:HK$367', '行政雙床房（普蘭特星級床墊+深睡記憶枕+保鮮小冰箱）:HK$370']"
東莞惠普頓文覽酒店（東莞火車站店）,9.5,"['舒適大床房（智能客控+舒適空間+安靜深睡眠）:HK$254', '豪華大床房（智能客控+舒適空間+安靜深睡眠）:HK$275', '豪華雙床房（智能客控+舒適空間+安靜深睡眠）:HK$275', '行政大床房（智能客控+舒適空間+安靜深睡眠）:HK$322']"
金斯頓國際酒店（東莞火車站店）,9.5,"['精緻單人房:HK$226', '標準單人房（客控智能）:HK$256', '標準雙床房（客控智能）:HK$275', '豪華大床房（舒適大空間）:HK$303']"
Ananda嵐酒店（東莞東城33小鎮店）,9.4,"['春嵐大床房|75寸大電視|影視會員|舒睡床品|酒店公區洗衣房|智能加熱馬桶|三分離衞浴:HK$308', '菁嵐影院大床房|激光投影|100寸菲涅爾抗光屏|影視會員|智能客控|酒店公區自助洗衣房:HK$328', '翠嵐城景大床房 |貴妃沙發|深睡乳膠床墊|乳膠枕頭|浴袍|獨立化粧區|舒適辦公位|75寸4KHDR電視|影視會員:HK$348', '風嵐舒睡雙床房 |舒睡床品|乳膠枕頭|智能客控|浴袍|獨立化粧區|帶辦公位|75寸4KHDR電視|影視會員:HK$348']"
全季酒店（東莞東坑店）,9.7,"['大床房:HK$282', '高級大床房:HK$282', '商務雙床房:HK$282', '商務大床房:HK$311']"
全季酒店（東莞南城步行街店）,9.8,"['大床房:HK$344', '高級大床房:HK$372', '商務雙床房:HK$372', '商務大床房:HK$391']"
星洲國際酒店（東莞長安萬達店）,9.5,"['輕奢雙床房（智能客控+大屏電視+機器人）:HK$249', '輕奢大床房（智能客控+大屏電視+機器人）:HK$249', '特惠雙床房（智能客控+大屏電視+機器人）:HK$254', '高級輕奢大床房（智能客控+大屏電視）:HK$271']"
東莞大朗松山湖智榮逸享酒店,9.7,"['高級大床房【深泡浴缸+洗烘一體+冰箱+高清投屏+全屋智能+空氣新風】:HK$224', '商務大床房【深泡浴缸+洗烘一體+冰箱+高清投屏+全屋智能+空氣新風】:HK$245', '豪華大床房【深泡浴缸+洗烘一體+冰箱+高清投屏+全屋智能+空氣新風】:HK$245', '豪華雙床房【洗烘一體+冰箱+高清投屏+全屋智能+空氣新風】:HK$252']"
松湖迎賓裏酒店（東莞松山湖店）,9.7,"['迎賓湖景大床房:HK$515', '迎賓園景雙床房:HK$515', '迎賓親子房:HK$709', '迎賓雅緻大床房:HK$719', '迎賓行政套房:HK$873']"
桔子酒店（東莞市政府店）,9.7,"['高級大床房:HK$372', '商務大床房:HK$391', '行政雙床房:HK$400', '觀景大床房:HK$409', '豪華大床房:HK$437']"
漢庭酒店（東莞石龍滙星商業中心店）,9.7,"['大床房:HK$198', '高級大床房:HK$207', '高級雙床房:HK$207', '商務大床房:HK$227']"
智榮·臻享酒店（碧桂園.裏悦裏購物中心店）,9.7,"['優享單人房【空氣新風+高清電視+柔軟床墊】:HK$164', '舒適雙床房【高清電視+品牌床墊+空氣新風】:HK$169', '優享浴缸房【深泡浴缸+深度好眠+空氣新風】:HK$176', '陽光單人間【品牌床墊+電腦+空氣新風】:HK$176']"
蘭悅東方酒店（東莞大朗松山湖店）,9.6,"['設計師CDD｜商務大床房【智控+智能馬桶+小冰箱】:HK$237', '設計師CDD｜商務雙床房【智控+智能馬桶+小冰箱】:HK$260', '設計師CDD｜豪華大床房【語音客控+智能馬桶】:HK$316', '設計師CDD｜純凈大床房【純凈空氣+加濕器+除蟎儀】:HK$322', '設計師CDD｜商務尊享房【純凈空氣+智控+商務茶台】:HK$371']"
金四喜·萬朋酒店（東莞長安萬達OPPO研發中心店）,9.6,"['優享雅緻大床房（智控空調+智控燈光+智控窗簾+零壓深睡記憶枕）:HK$220', '特享雅緻大床房（智控空調+智控燈光+智控窗簾+零壓深睡記憶枕）:HK$220', '逸緻智能大床房（全屋智能+熟睡床墊+零壓深睡記憶枕）:HK$232', '逸緻智能雙床房（全屋智能+熟睡床墊+零壓深睡記憶枕）:HK$253']"
東莞麻涌希爾頓歡朋酒店,9.7,"['高級雙床房:HK$477', '高級大床房:HK$498', '豪華雙床房:HK$517', '豪華大床房:HK$546', '歡朋套房:HK$709']"
麗楓酒店（東莞市政府國貿店）,9.7,"['標準大床房（智能客控+慕思床墊+空氣凈化器+小冰箱）:HK$309', '豪華大床房（智能客控+慕思床墊+空氣凈化器+小冰箱）:HK$317', '純凈大床房（智能客控+慕思床墊+空氣凈化器+小冰箱+即熱式水壺）:HK$334', '商務大床房（智能客控+慕思床墊+空氣凈化器+小冰箱）:HK$350', '商務雙床房（智能客控+慕思床墊+空氣凈化器+小冰箱）:HK$359']"
維也納酒店（東莞塘廈繽紛廣場店）,9.3,"['標準大床房:HK$230', '豪華雙床房:HK$244', '豪華大床房:HK$244', '影音大床房:HK$295']"
源悦裏公寓酒店（東城萬達店）,9.6,"['雅緻·尊享大床房（廚房+冰箱洗衣機）:HK$160', '悠旅·豪華大床房（陽台+獨立廚房+冰箱洗衣機）:HK$208', '悠旅·商務大床房（景觀陽台+獨立廚房+冰箱洗衣機）:HK$220', '逸居·影音大床房（100寸巨幕+獨立廚房+陽台）:HK$235']"
凱里亞德酒店（東莞厚街會展中心店）,9.5,"['輕享大床房（舒適睡眠+恆温馬桶+智能客控）:HK$250', '樂享雙床房（甄選品質+採光通透+恆温馬桶）:HK$260', '優享智能大床房（私密空間+智能客控+空中賞景）:HK$273', '榮享智能大床房（舒適旅居+獨立辦公）:HK$292']"
東莞石排希爾頓惠庭酒店,9.5,"['靈動雙床房（智能投屏+微波爐+定製希爾頓舒達床墊+膠囊Coffee機）:HK$413', '靈動大床房（超大空間+微波爐+全智能馬桶+定製希爾頓舒達床墊）:HK$434', '靈動豪華雙床房（滑動屏風+微波爐+智能客控+熨斗、熨板）:HK$468', '靈動豪華大床房（行政書桌+微波爐+定製希爾頓舒達床墊+全智能馬桶）:HK$489', '東莞潮流主題房（Mika主題+智能客控+熨斗熨板）:HK$516']"
世朵國際酒店（虎門會展中心店）,9.1,"['豪華大床房（小度智控+零壓枕）:HK$314', '豪華雙床房（小度智控+零壓枕）:HK$314', '雅緻雙拼大床房:HK$353', '商務大床房（小度智控+零壓枕）:HK$360', '商務雙床房（小度智能+零壓枕）:HK$368']"
智榮悦享酒店 （東莞松山湖店）,9.7,"['靜謐大床房【高清投屏+空氣新風+智能馬桶】:HK$220', '豪華大床房【空氣新風+高清投屏+智能馬桶】:HK$246', '悦享浴缸房【深泡浴缸+空氣新風+高清投屏+智能馬桶】:HK$246', '悦享大床房【高清投屏+空氣新風+智能馬桶】:HK$246', '豪華雙人房【空氣新風+高清投屏+智能馬桶】:HK$256']"
東莞虎門君樂滙酒店,9.2,"['高級大床房:HK$325', '高級雙床房:HK$325', '舒適高級大床房:HK$365', '舒適高級雙床房:HK$365', '精緻套房:HK$619']"
美豪麗致酒店（東莞國際展覽中心店）,9.3,"['麗致雙床房（智能客控+靜謐深睡）:HK$315', '麗致大床房（智能客控+靜謐深睡）:HK$315', '雅緻大床房（智能客控+窗外觀景）:HK$348', '雅緻雙床房（智能客控+窗外觀景）:HK$348', '巨幕影院大床房（智能客控+宅享觀影）:HK$348']"
美豪麗致酒店（惠州博羅石灣店）,9.6,"['麗致城景大床房:HK$251', '雅緻城景大床房:HK$291', '雅緻城景雙床房:HK$299', '靜雅零壓親子套房:HK$343', '靜雅城景親子套房:HK$390']"
華美達安可酒店（東莞東城萬達廣場店）,9.4,"['私密影音大床房-智能客控-零壓床墊-超大影音:HK$276', '雅緻大床房-智能客控-零壓床墊:HK$320', '豪華大床房-智能客控-零壓床墊:HK$365', '豪華雙床房-智能客控-零壓床墊:HK$377', '商務大床房-智能客控-零壓床墊:HK$379']"
卡加斯酒店（東莞黃江店）,9.7,"['温馨大床房:HK$285', '豪華大床房:HK$325', '豪華雙床房:HK$340', '商務大床房:HK$382', '行政大床房:HK$395']"
東莞滙華國際飯店（常平站店）,8.9,"['陽台遠景房『絕美落地窗陽台景觀|滿屋通透映晴光』:HK$250', '豪華大床房【城市景觀+商務辦公桌】:HK$276', '豪華雙床房『防蟎親膚輕柔布草|乾濕分離衞浴』:HK$301', '商務大床房『凌空高層景觀|超大浴缸|乾濕分離』:HK$326', '時尚大床房『浴缸|慵懶休閑大沙發|乾濕分離衞浴』:HK$326']"
