酒店名称,评分,房型价格列表
林芝故夢夜泊客棧,9.8,"['庭院地暖大床房:HK$405', '庭院地暖雙床房:HK$464', '半浮生·雪山觀景地暖大床房:HK$511', '半醒·雪山觀景地暖大床房:HK$557']"
山澤居度假酒店（林芝機場店）,9.5,"['桃林房車雙床房:HK$439', '桃林房車大床房:HK$439', '園景大床房:HK$573', '高級江景雙床房:HK$798', '輕奢江景大床房:HK$1,079']"
林芝諾央琳莊園酒店（比日神山店）,9.4,"['特惠精緻標間:HK$239', '精緻標間:HK$246', '精緻觀景標間:HK$262', '豪華河景雙床房:HK$294']"
藝龍安悦酒店（林芝雪域江南尼洋河景區店）,9.5,"['高級大床房【零壓床墊+乳膠枕+高清投屏+智能馬桶】:HK$504', '高級雙床房【零壓床墊+乳膠枕+高清投屏+智能馬桶】:HK$531', '豪華雙床房【景觀+零壓床墊+乳膠枕+高清投屏】:HK$556', '豪華大床房【景觀+零壓床墊+乳膠枕+高清投】:HK$648']"
林芝南粵大道錦江都城酒店,9.3,"['精緻大床房:HK$479', '都會大床房:HK$503', '都會雙床房:HK$503', '風雅雙床房（別墅房型）:HK$565', '風雅大床房（別墅房型）:HK$565']"
阿灑倉酒店（八一鎮人民政府店）,9.5,"['遠觀神山標間:HK$447', '遠觀神山大床房:HK$447', '尼洋河觀景榻榻米大床房:HK$479', '尼洋河觀景榻榻米標間:HK$479', '雪山河景大床房:HK$479']"
全季酒店（林芝南粵大道尼洋時光店）,9.7,"['高級大床房【拾趣茶具+小冰箱+金可兒床墊】:HK$448', '豪華雙床房【拾趣茶具+小冰箱+金可兒床墊】:HK$448', '豪華大床房【拾趣茶具+小冰箱+金可兒床墊】:HK$487', '山景大床房【拾趣茶具+小冰箱+金可兒床墊】:HK$545', '山景豪華雙床房【拾趣茶具+小冰箱+金可兒床墊】:HK$545']"
嘉悦酒店（比日神山生態景區店）,9.6,"['舒享大床房:HK$388', '靜謐大床房:HK$392', '舒享雙床房:HK$392', '靜謐雙床房:HK$395']"
亦嵐酒店（林芝市幸福小區濕地公園店）,9.7,"['簡歐大床房:HK$440', '輕享大床房:HK$463', '輕享雙床房:HK$479', '超享大床房:HK$511', '超享雙床房:HK$534']"
林芝巴宜南粵大道亞朵酒店,9.5,"['高級大床房（65寸投屏電視+加濕器+普蘭特床墊）:HK$466', '高級雙床房（65寸投屏電視+加濕器+普蘭特床墊）:HK$484', '高級山景大床房（65寸投屏電視+加濕器+普蘭特床墊）:HK$511', '高級山景雙床房（65寸投屏電視+加濕器+普蘭特床墊）:HK$529', '幾木山景大床房（65寸可投屏電視+深睡枕PRO+加濕器）:HK$556']"
林芝中星花園酒店（氂牛廣場店）,8.4,"['遠山園景雙人房【窗外見雪山+花園魚池園景】:HK$497', '雪山雲霧大床房【窗外見雪山+中央空調】:HK$547', '雪山雲霧雙床房【窗外見雪山+中央空調】:HK$547', '輕奢商務大床房【窗外見雪山+中央空調】:HK$554', '遠山景觀大床房【窗外見雪山+中央空調】:HK$650']"
林芝須彌瀾庭酒店,9.6,"['庭院大床房:HK$391', '庭院雙床房:HK$402', '觀景雙床房:HK$577', '觀景大床房:HK$577']"
林芝工布天街林海公園亞朵酒店,9.5,"['高級雙床房（供氧+全屋落地窗＋普蘭特床墊）:HK$547', '高級景觀大床房（供氧+全屋落地窗+普蘭特床墊）:HK$547', '幾木景觀大床房（供氧+落地窗景＋普蘭特床墊）:HK$637', '高級景觀雙床房（供氧+全屋落地窗＋普蘭特床墊）:HK$637', '幾木景觀雙床房（供氧+全屋落地窗＋普蘭特床墊）:HK$727']"
林芝後客東來酒店,9.6,"['智能彌散供氧雙床房:HK$972', '智能彌散供氧大床房:HK$1,008', '智能彌散供氧豪華雙床房:HK$1,090', '智能彌散供氧星空大床房:HK$1,090', '智能彌散供氧豪華大床房:HK$1,119', '智能彌散供氧親子房:HK$1,471']"
麗怡酒店（林芝迎賓大道氂牛廣場店）,9.2,"['標準大床房（中央空調+新風系統）:HK$572', '標準雙床房（中央空調+新風系統）:HK$572', '高級大床房（中央空調+新風系統）:HK$594', '豪華雙床房（彌散式供氧+新風系統）:HK$608', '豪華大床房（彌散式供氧）:HK$622']"
全季酒店（林芝八一大街店）,9.6,"['高級大床房（小冰箱+65寸電視投屏）:HK$429', '高級雙床房（小冰箱+65寸電視投屏）:HK$429', '山景高級大床房（小冰箱+65寸電視投屏）:HK$478', '山景高級雙床房（小冰箱+65寸電視投屏）:HK$478']"
林芝天宇藏祕主題酒店,8.9,"['神山觀景標準間:HK$884', '尼洋河觀景標間:HK$938']"
桔子酒店（林芝氂牛廣場酒店）,9.5,"['加州陽光高級雙床房:HK$312', '加州陽光高級大床房:HK$340', '月若流金高級大床房:HK$369', '月若流金高級雙床房:HK$387', '月若流金家庭房:HK$435']"
松贊百巴帳篷營地,9.3,"['帳篷雙人間:HK$2,513']"
林芝印象酒店,9.6,"['豪華雙床房:HK$435', '豪華觀山江景套房:HK$472', '豪華觀景雙床房:HK$474', '豪華大床房:HK$484', '豪華觀景大床房:HK$503']"
林芝藏南桃谷酒店,9.7,"['湖畔景舍大床房:HK$546', '湖畔景舍雙床房:HK$656', '木屋別墅兩居室:HK$874', '木屋別墅三居室:HK$1,530', '木屋別墅四居室:HK$1,967']"
林芝宇拓路希爾頓惠庭酒店,9.6,"['靈動大床房（加濕器+休閑露台+膠囊coffee機+沙發床）:HK$719', '靈動山景大床房（加濕器+露台+膠囊coffee機+沙發床）:HK$752', '靈動雙床房（加濕器+露台+膠囊coffee機+手持掛燙機）:HK$785', '靈動園景大床房（加濕器+露台+膠囊coffee機+沙發床）:HK$828', '山景套房:HK$1,000']"
林芝魯朗必居酒店,9.4,"['特惠大床房:HK$578', '特惠雙床房（地暖）:HK$578', '豪華標間（智能客控+零壓床墊）:HK$764', '豪華大床房（智能客控+零壓床墊）:HK$764', '供氧豪華大床房（智能客控+零壓床墊）:HK$873']"
博泰林芝大酒店,9.3,"['精緻雙床房（無窗）:HK$399', '豪華雙床房（園景）:HK$668', '豪華大床房（山景）:HK$668', '豪華大床房（園景）:HK$668', '親子大床房:HK$753', '親子雙床房:HK$753']"
林芝岷山大酒店,8.9,"['特價標間（無窗）:HK$327', '高級標間:HK$372', '高級單間:HK$372', '豪華單間:HK$474', '豪華標間:HK$474']"
美豪酒店（林芝南粵大道尼洋時光店）,9.5,"['靜謐大床房（零壓枕+深睡床墊+智能馬桶）:HK$526', '精緻雙床房（零壓枕+深睡床墊+智能馬桶）:HK$526', '精緻大床房（零壓枕+深睡床墊+智能馬桶）:HK$546', '雅緻雙床房（零壓枕+深睡床墊+智能馬桶）:HK$546', '雅緻大床房（零壓枕+深睡床墊+智能馬桶+迷你冰箱）:HK$600']"
林芝悦皇冠度假酒店,9.7,"['觀雲聽雨雙床:HK$1,483', '觀雲聽雨雙床房+沙發床:HK$1,623', '雪山雲霧大床:HK$1,633', '供氧雪山雲霧露台大床房+沙發床:HK$1,785', '供氧一室一廳壁爐雙床房+沙發床:HK$1,785', '觀雲聽雨雙床-Loft:HK$1,796']"
林芝喜路酒店,9.3,"['特惠標準間:HK$381', '特惠大床房:HK$402', '高級大床房:HK$479', '高級雙床房:HK$479', '富氧大床房（瀰漫式全屋供氧）:HK$643']"
林芝玉膳府大酒店,8.8,"['標準間:HK$492', '觀景豪華大床房（智能客控）:HK$590', '觀景豪華標準間（智能客控）:HK$656', '豪華家庭房（智能客控）:HK$852', '觀景親子雙床房（智能客控）:HK$852']"
林芝風情大酒店,9.1,"['豪華單人間:HK$370', '豪華標準間:HK$370', '豪華三人間:HK$481', '豪華套房:HK$1,115']"
林芝巖廬雪山富氧別院（尼洋河店）,9.8,"['閑庭·特惠富氧mini大床房-供氧機+高清投屏:HK$245', '風眠·山居大床房丨智能客控+休閑桌椅+供氧機:HK$288', '山月·環幕玻璃觀景大床房丨榻榻米日光浴場+智能客控:HK$342', '雲起·十里雪山雙床房丨休閑桌椅+智能客控+遠眺尼洋閣:HK$395']"
林芝中恆藏吉喜瑪大酒店,9.4,"['商務山景雙床房:HK$634', '豪華商務雙床房:HK$730', '商務山景大床房:HK$742', '豪華商務大床房:HK$756', '豪華商務套房:HK$1,407']"
維也納國際酒店（林芝桃花源店）,9.4,"['高級大床房:HK$471', '豪華雙床房:HK$488', '行政大床房:HK$505', '行政雙床房:HK$505']"
林芝工布天街開元名庭酒店,9.6,"['名成豪華大床房（電視投屏+慕斯床墊+小冰箱）:HK$525', '名成豪華雙床房（智能客控+慕斯床墊+小冰箱）:HK$557', '名成商務大床房（雪山美景+小冰箱+電視投屏）:HK$564', '名成商務雙床房（雪山美景+慕斯床墊+小冰箱）:HK$608', '名成行政大床房（電視投屏+慕斯床墊+小冰箱）:HK$635']"
林芝名人酒店,8.3,"['酷角時尚大床房+彌散式智能供氧+釋壓床墊+加濕器:HK$569', '精緻別雅大床房+彌散式智能供氧+釋壓床墊+全景落地窗:HK$724', '精緻別雅雙床房+彌散式智能供氧+釋壓床墊+全景落地窗:HK$724', '行政精英大床房+彌散式智能供氧+釋壓床墊+全景落地窗:HK$803', '行政精英雙床房+彌散式智能供氧+釋壓床墊+全景落地窗:HK$803', '巨幕影音雙床房+彌散式智能供氧+釋壓床墊+全景落地窗:HK$907']"
林芝錦鑫酒店,9.0,"['安奢·園景雙床房（地暖）:HK$459', '安奢·園景大床房（地暖）:HK$471', '安奢·觀景大床房（地暖）:HK$492', '安奢·觀景雙床房（地暖）:HK$523', '安奢·豪華大床房（地暖）:HK$523']"
林芝泰立酒店,9.3,"['豪華大床間:HK$508', '豪華雙人間:HK$508', '豪華套間:HK$1,061']"
林芝初芽江舍客棧,9.9,"['院景大床房B:HK$424', '中式大床房:HK$550', '江岸大床房:HK$632', '江岸家庭房:HK$653']"
林芝萬清堂大酒店,9.2,"['豪華觀景標間:HK$728', '商務觀景標間:HK$728', '豪華觀景單間:HK$728', '高級商務單間:HK$728', '商務觀景套房:HK$850']"
林芝歸園田居精品客棧,9.7,"['特價雙床房:HK$388', '拉則拉·特價大床房:HK$398', '詹娘舍·雙床房:HK$444', '77680藏式暖氣大床房:HK$501']"
林芝羿隱居度假養心酒店,9.8,"['陽光暖心榻榻米大床房+尊享茶室·全屋地暖·加濕器:HK$437', '陽光暖心大床房+尊享茶室·全屋地暖·加濕器:HK$485', '景觀飄窗+悦茶養心大床房·全屋地暖·加濕器:HK$501', '陽光暖心雙床房+尊享茶室·全屋地暖·加濕器:HK$517']"
林芝桑吉民宿,9.7,"['舒適標間（電熱毯）:HK$268', '豪華全景標準間（地暖）:HK$340', '豪華全景大床房（地暖）:HK$342', '豪華全景三人間（地暖）:HK$433']"
林芝喬穆朗宗酒店,9.2,"['商務觀景大床房:HK$928', '雪山城景大床房:HK$1,080', '雪山城景雙床房:HK$1,080', '雪山尼洋河遠景大床房（180°觀景+超大空間）:HK$1,408', '行政觀景智能大床房（智能客控）:HK$1,626', '行政觀景智能雙床房（智能客控）:HK$1,626']"
加拉白壘峯民宿,9.5,"['豪華全景標準房（電熱毯，空調 智能馬桶）:HK$222', '雪山觀景藏式大床房（空調+電熱毯+智能馬桶）:HK$268']"
瀾卓客棧,9.4,"['瀾·迷你大床房（智能馬桶+空調+加濕器+酒店公區提供洗衣機）:HK$238', '瀾·靜謐大床房（智能馬桶+空調+酒店提供洗衣機+加濕器）:HK$261', '瀾·歸謐大床房（智能馬桶+空調+加濕器+酒店公區提供洗衣機）:HK$261', '瀾·舍居雙人房（智能馬桶+空調+加濕器+酒店公區提供洗衣機）:HK$261']"
林芝五洲皇冠酒店,9.3,"['商務觀景標準房:HK$966', '商務觀景大床房:HK$966', '豪華觀景大床房:HK$1,003', '豪華觀景套房:HK$1,040']"
林芝保利雅途酒店,9.5,"['高級園景大床房:HK$1,298', '高級園景雙床房:HK$1,298', '雪山露台雙床房:HK$1,407', '雪山露台大床房:HK$1,407', '雪山庭院大床別墅:HK$1,954', '雪山庭院雙床別墅:HK$1,954']"
林芝散步去咖啡民宿,9.2,"['春日日暖陽大床房（有暖氣、洗衣機）:HK$372', '春日暖陽雙床房（有暖氣、洗衣機）:HK$372', '春日暖陽家庭房（有暖氣、洗衣機）:HK$464', '春日暖陽三人間（有暖氣、洗衣機）:HK$464']"
林芝貢布花園酒店,9.1,"['豪華標間（景觀陽台、全屋地暖）:HK$697', '豪華單間（景觀陽台、全屋地暖）:HK$697', '豪華套房（景觀陽台、全屋地暖）:HK$957']"
魯朗洛桑尼瑪家庭民宿,9.4,"['豪華觀景雙床房（空調+電熱毯）:HK$279', '觀景豪華大床房（空調+電熱毯）:HK$288']"
