酒店名称,评分,房型价格列表
雅斯特國際酒店（欽州北部灣大道大潤發店）,9.2,"['豪華大床房（智能客控）:HK$285', '豪華雙床房（智能客控）:HK$294', '超級大床房（智能客控）:HK$337', '親子主題房:HK$528']"
格蘭雲天·閲酒店（欽州保税港店）,9.3,"['標準大床房【智能客控+MINI冰箱+影音投屏】:HK$282', '舒適大床房【智能客控+MINI冰箱+影音投屏】:HK$293', '標準雙床房【智能客控+MINI冰箱+影音投屏】:HK$325', '高級大床房【智能客控+MINI冰箱+影音投屏】:HK$369', '高級雙床房【智能客控+MINI冰箱+影音投屏】:HK$369']"
AUSOTEL·雅閣澳斯特酒店（欽州長融世貿廣場店）,9.3,"['星空•陽光雙床房【親膚布草+mini冰箱+高空俯瞰夜景】:HK$239', '豪華•雲景大床房【品質床墊+mini冰箱+城市霓虹夜景】:HK$282', '豪華•雲景雙床房【品質床墊+mini冰箱+盡覽地標夜景】:HK$282', '巨幕•影音大床房【百寸大屏+高清4K投影+沉浸式觀影】:HK$327', '雲夢•深睡大床房【發呆沙發+私享茶室+mini冰箱】:HK$327']"
宜尚酒店（欽州東站世貿廣場店）,9.4,"['舒適大床房（陽光房+舒適北歐風）:HK$316', '標準大床房（城市中心高空夜景+靜謐空間沉浸式體驗）:HK$326', '標準雙床房（城市中心高空夜景+靜謐空間沉浸式體驗）:HK$326', '高級大床房（俯瞰夜景+靜謐空間沉浸式體驗）:HK$360', '高級雙床房（俯瞰夜景+靜謐空間沉浸式體驗）:HK$360']"
君悦瀾酒店（欽州長融世貿廣場欽州東站店）,9.4,"['豪華大床房（深度睡眠+智能天貓精靈+小冰箱）:HK$238', '豪華雙床房（深度睡眠+智能天貓精靈+小冰箱）:HK$249', '商務大床房（城市高空美景+智能天貓精靈+小冰箱）:HK$259', '商務雙床房（城市高空美景+智能天貓精靈+小冰箱）:HK$259']"
欽州悦華·江語湖酒店（白石湖公園吾悦廣場店）,9.0,"['YUE丨特惠大床房:HK$175', 'YUE丨特惠雙床房:HK$184', 'YUE丨悦標大床房:HK$193', 'YUE丨悦標雙床房:HK$203']"
城市便捷酒店（欽州欽北區政府高鐵站店）,9.4,"['標準大床房:HK$137', '標準雙床房:HK$150', '商務大床房:HK$155', '商務雙床房:HK$163']"
萬頤大酒店（欽州東站長融世貿廣場店）,9.3,"['精選雙床房（全景落地窗+零壓床墊+深睡枕頭）:HK$292', '精選大床房（全景落地窗+零壓床墊+深睡枕頭）:HK$292', '商務大床房（全景落地窗+零壓床墊+深睡枕頭）:HK$347', '商務雙床房（全景落地窗+零壓床墊+深睡枕頭）:HK$368', '行政大床房（高層城市觀景+全景落地窗+零壓床墊）:HK$380']"
錦江之星品尚酒店（欽州高鐵東站店）,9.5,"['標準大床房:HK$161', '高級雙床房:HK$164', '豪華雙床房:HK$179', '高級大床房:HK$179']"
雅斯特酒店（欽州犀麗灣店）,9.5,"['高級大床房（智能客控）:HK$272', '豪華大床房（智能客控）:HK$283', '高級雙床房（智能客控）:HK$294', '豪華雙床房（智能客控）:HK$305']"
WON GOLD HOTEL·萬國飯店（欽州灣大道萬國商業廣場店）,9.1,"['舒享雙床房:HK$147', '尊享雙床房:HK$166', '尊享大床房:HK$173', '舒享大床房:HK$175', 'WONLUXE. 行政雙床房:HK$194']"
維也納酒店（欽州保税港店）,9.3,"['標準大床房:HK$248', '標準雙床房:HK$248', '豪華大床房:HK$262', '豪華雙床房:HK$262']"
棲悦裏酒店（欽州灣大道年年豐廣場店）,9.2,"['棲慕品致大床房（助眠床墊+寫字枱）:HK$130', '棲慕品致雙床房（助眠床墊+寫字枱）:HK$130', '棲悦麗致大床房（助眠床墊+寫字枱）:HK$141', '棲悦麗致雙床房（助眠床墊+寫字枱）:HK$141']"
長融豪宜酒店（世貿廣場欽州東站店）,9.1,"['雲辰丨舒適雙床房-高空景觀（辦公室桌椅+舒適床品）:HK$272', '雲辰丨舒適大床房-高空景觀（辦公室桌椅+坐卧沙發+舒適床品）:HK$277', '雲景丨商務雙床房-高空臨景（沉浸式體驗+拍照出片+超美夜景）:HK$316', '雲景丨商務大床房-高空景觀（辦公桌椅+臻選標準床品助您安心舒睡）:HK$322', '雲際丨行政雙床房-高空景觀（舒適床墊+立體超軟枕+空間闊綽）:HK$338']"
沃頓鉑萊酒店（欽州火車東站年年豐廣場店）,8.6,"['鉑雅大床房:HK$174', '鉑逸雙床房:HK$174', '鉑萊大床房:HK$203', '鉑萊精品雙床房:HK$203']"
雅斯特酒店（欽州港店）,9.2,"['豪華大床房:HK$229', '觀景大床房:HK$251', '雅緻雙床房:HK$251', '豪華雙床房:HK$272']"
欽州天驕國際酒店,9.5,"['高級城景大床房+俯瞰城市高空夜景:HK$462', '高級城景雙床房+俯瞰城市高空夜景:HK$462', '高級湖景大床房+俯瞰白石湖夜景:HK$490', '高級湖景雙床房+俯瞰白石湖夜景:HK$490', '豪華湖景大床房+獨立會客廳+俯瞰白石湖夜景:HK$583', '至尊豪華湖景大床房+浴缸+俯瞰白石湖夜景:HK$648']"
欽州華騰酒店（高鐵站店）,9.1,"['行政精選·陽光大床房+乾濕分離+採光好:HK$266', '行政精選·温馨雅緻雙床房+乾濕分離+採光好:HK$278', '躺平治癒·温馨大床房+超大浴缸+採光好:HK$288', '行政精選·輕奢城景雙床房+坐卧沙發+採光好:HK$300', '槓上開花·棋牌主題大床房+超大浴缸+採光好:HK$300']"
欽州奧林酒店（長融世貿廣場欽州東站店）,9.5,"['高級雙床房（mini小冰箱+高層全景落地窗+星級床品）:HK$326', '高級大床房（mini小冰箱+高層全景落地窗+星級床品）:HK$326', '高級特大床房（mini小冰箱+高層全景落地窗+星級床品）:HK$347', '180°景觀大床房（mini小冰箱+高樓層落地窗+一線江景）:HK$380', '180°景觀雙床房（mini小冰箱+高樓層落地窗+一線江景）:HK$380']"
欽州白海豚國際酒店,8.7,"['悦享∣舒適雙床房:HK$323', '陽光∣商務雙床房:HK$368', '陽光∣商務大床房:HK$378', '親子房:HK$389', '觀景∣温馨大床房:HK$420', '觀景∣温馨雙床房:HK$420']"
白玉蘭酒店（欽州灣廣場高鐵東站店）,9.6,"['零壓舒雅大床房【零壓深睡床品|增壓淋浴|商務辦公】:HK$202', '零壓舒雅雙床房【零壓深睡床品|增壓淋浴|商務辦公】:HK$202', '輕雅大床房【穗寶床品|增壓淋浴|商務辦公】:HK$226', '舒雅大床房【穗寶床品|增壓淋浴|商務辦公】:HK$236']"
欽州金灣國際大酒店（欽州恆基廣場店）,8.7,"['靜享精選雙床房（舊款傢俱）:HK$190', '扇形精緻單間:HK$190', '靜享温馨雙床房（無窗）:HK$190', '靜享精選大床房（無窗）:HK$190']"
和程酒店（欽州灣廣場高鐵東站店）,8.7,"['舒適大床房【乾濕分離│增壓淋浴│冰箱】:HK$172', '高級大床房【步入式洗漱間│乾濕分離│增壓淋浴│冰箱】:HK$200', '豪華大床房【步入式洗漱間│乾濕分離│增壓淋浴│冰箱│浴袍│祕靜】:HK$230', '高級雙床房【步入式洗漱間│乾濕分離│增壓淋浴│冰箱】:HK$230']"
江野鹿上花園民宿,8.0,"['綠野仙蹤浴缸投影大床房:HK$142', '南洋復古風浴缸投影豪華大床房:HK$142', '露台景觀雙床房:HK$142', '江景浴缸投影儀·奶油風大床房:HK$209']"
格林豪泰酒店（欽州大花園人民路店）,9.1,"['特惠大床房（無窗）:HK$120', '標準大床房（舒適床墊+時尚簡約）:HK$158', '標準雙床房（靜謐空間+舒適簡約）:HK$158', '商務大床房:HK$183']"
欽州贏家民宿（海月灣旅遊度假區店）,9.3,"['庭院大床房:HK$435', '海景大床房:HK$515', '海景豪華大床房:HK$564', '海景別墅（海月）2房1廳+觀海陽台+日出:HK$1,862']"
翰林輕奢公寓,9.3,"['特惠大床房:HK$99', '標準大床房:HK$114', '落地觀景大床房:HK$137', '商務雙床房:HK$137']"
悦華國際酒店（欽州灣廣場店）,9.4,"['悦惠雙床房:HK$164', '悦惠大床房:HK$167', '華樂影視房:HK$174', '悦標雙床房:HK$196']"
欽州萬麗海景酒店,9.2,"['雅緻大床房:HK$392', '豪華大床房:HK$414', '桂花大床房:HK$414', '豪華雙床房:HK$425', '高級大床房:HK$447']"
觀山悦湖酒店（北部灣大學城店）,9.4,"['陽台大床房:HK$151', '陽台湖景豪華標床套房:HK$249', '陽台湖景豪華標床麻將機套房:HK$282']"
欽州中金大酒店,9.0,"['特惠大床房:HK$230', '陽光大床房:HK$249', '陽光雙床房:HK$267', '行政套房:HK$379']"
維也納國際酒店（欽州灣廣場農墾店）,9.5,"['豪華大床房:HK$252', '健康大床房:HK$296', '愉夢大床房:HK$313', '豪華雙床房:HK$325', '商務雙床房:HK$337']"
欽州6+1便捷酒店（吾悦廣場店）,8.6,"['普通單人間:HK$128', '普通標間:HK$130', '智能雙人間:HK$139', '智能大床房:HK$141']"
三娘灣一好一居民宿,8.1,"['特價雙床房:HK$278', '舒適大床房:HK$309', '舒適雙床房:HK$309', '海景大床房:HK$382']"
雅斯特酒店（欽州人民路大花園店）,9.0,"['雅緻雙床房:HK$240', '雅緻大床房:HK$256', '超級大床房:HK$278', '觀景雙床房:HK$283']"
雅美途酒店（欽州白海豚廣場店）,9.1,"['雅緻大床房:HK$197', '高級大床房:HK$208', '豪華大床房:HK$222', '超級大床房:HK$222']"
時光·麗酒店（欽州年年豐廣場店）,9.1,"['時光I暖心大床房（通風采光好）:HK$217', '時光I悦享大床房（通風采光好+酒店提供自助洗衣機）:HK$259', '時光I悦享雙床房（通風采光好+酒店提供自助洗衣機）:HK$286', '時光I温馨雙床房（酒店提供自助洗衣機）:HK$313']"
雅斯特酒店（欽州汽車南站店）,9.4,"['雅緻大床房:HK$220', '高級大床房:HK$229', '豪華大床房:HK$238', '豪華雙人房:HK$238']"
欽州徊家藝術酒店,8.9,"['精緻大床房（無窗）:HK$130', '榻榻米單人間:HK$155', '湖景單人間:HK$163', '雅緻雙人間:HK$163']"
欽州璞安酒店（東盟生態園店）,9.3,"['豪華雙床房:HK$261', '商務套房:HK$348', '半山度假別墅 家庭房:HK$1,354']"
欽州銘桂生活館（第二人民醫院店）,9.3,"['雅緻休閑大床房（酒店提供自助洗衣房）:HK$156', '尊享娛樂藝術大床房（酒店提供自助洗衣房）:HK$156', '豪華恬靜雙床房-（酒店提供自助洗衣房）:HK$156']"
海邊小築精品民宿（欽州三娘灣西漢出海古碼頭店）,9.3,"['輕奢舒適大床房:HK$233', '輕奢榻榻米雙人間:HK$281', '輕奢豪華親子房:HK$335', '輕奢豪華海景親子房:HK$350']"
東萌大酒店（欽州萬國廣場高鐵東站店）,9.1,"['MENG│萌惠大床房【公區提供自助洗衣房+茶几】:HK$161', 'MENG│萌惠雙床房【公區提供自助洗衣房+茶几】:HK$176', 'MENG│萌雅大床房【公區提供自助洗衣房+零壓席夢思+茶几】:HK$202', 'MENG│萌雅雙床房【公區提供自助洗衣房+零壓席夢思+茶几】:HK$202']"
格林豪泰酒店（欽州欽北人民醫院店）,9.3,"['標準大床房:HK$138', '標準雙人房:HK$143', '高級大床房:HK$157', '豪華雙床房:HK$165']"
貝殼酒店（欽州吾悦廣場店）,8.1,"['標準大床房:HK$142', '標準雙人間:HK$149', '豪華大床房:HK$158', '豪華雙人間:HK$158']"
維也納國際酒店（欽州北區政府高鐵站店）,9.2,"['商務大床房【輕奢舒適透氣羽絨被+零壓床墊】:HK$198', '商務雙床房【舒眠房間丨零壓床墊】:HK$208', '豪華大床房【遠眺山景丨愉夢好眠】:HK$225', '豪華雙床房【遠眺山景丨森林氧吧】:HK$225']"
希雅蘭酒店（欽州年年豐廣場店）,8.6,"['雅惠大床房（酒店提供自助洗衣房+全身鏡）:HK$160', '雅惠雙床房（酒店公區提供自助洗衣房+全身鏡）:HK$160', '雅尚大床房（酒店公區提供自助洗衣房+全身鏡）:HK$178', '雅尚雙床房（酒店公區提供自助洗衣房+全身鏡）:HK$178']"
優程酒店（欽州年年豐廣場店）,9.3,"['特惠I優選雙床房-酒店提供自助洗衣房:HK$144', '特惠 I 優選大床房-酒店提供自助洗衣房:HK$144', '優程 I 商務雙床房-酒店提供自助洗衣房:HK$166', '優程 I 商務大床房-酒店提供自助洗衣房:HK$166']"
呈季酒店（欽州灣廣場火車東站店）,9.3,"['舒適雙床房:HK$204', '致選大床房『抗菌床墊丨鴨絨枕丨LED化粧鏡』:HK$207', '致選雙床房『抗菌床墊丨鴨絨枕丨LED化粧鏡』:HK$219', '輕奢大床房『抗菌護頸零壓枕丨陽光通透丨休閑沙發』:HK$230']"
喜樂酒店（欽州第二人民醫院店）,9.3,"['田園小清新房（採光通透+乳膠床墊+雙層隔音）:HK$129', '浪漫舒馨法式房（採光通透+乳膠床墊+雙層隔音）:HK$129', '純粹簡約雙人房（採光通透+乳膠床墊+雙層隔音）:HK$142', '摩洛哥風情大床房（採光通透+乾濕分離+雙層隔音）:HK$153']"
