酒店名称,评分,房型价格列表
桔派S酒店（武漢江漢路步行街江灘店）,9.5,"['悦享逸境大床房+小T智控+記憶枕-無線投屏:HK$348', '樂享安寢大床房+{智能客控+手機投屏+三層隔音玻璃}:HK$369', '陽光致享大床房-全屋聲控-無線投屏-浪漫夜景:HK$390', '逸·智享大床房+{mini冰箱+手機投屏-採光好}:HK$411']"
雲棲憬悦酒店（江漢路步行街店）,9.6,"['標準影院大床房:HK$393', '標準雙床房:HK$425', '豪華大床房:HK$425', '豪華影院親子房:HK$567']"
艾隱酒店（武漢江漢路步行街吉慶街店）,9.5,"['玲瓏大床房+夢神床墊+無卡智控:HK$354', '隱居大床房+夢神床墊+無卡智控:HK$395', '隱歸大床房+夢神床墊+無卡智控:HK$437', '隱歸雙床房+夢神床墊+無卡智控:HK$479', '隱歸家庭房+夢神床墊+無卡智控:HK$521']"
宜程酒店（武漢江漢路漢口江灘店）,9.4,"['温馨大床房【新風系統+靜謐空間+親膚布草】:HK$356', '高級大床房【新風系統+靜謐空間+夢百合枕芯和床墊】:HK$377', '高級雙床房【新風系統+夢百合枕芯和床墊+智能馬桶】:HK$397', '豪華大床房【全景落地窗+城市景觀+夢百合枕芯和床墊】:HK$404']"
宜庭酒店（江漢路步行街協和醫院店）,9.4,"['輕雅大床房-小度全屋智能客控:HK$239', '精緻大床房-記憶床墊:HK$247', '精緻雙床房-記憶床墊+智能客控:HK$247', '雅緻大床房-陽光明媚+手機投屏:HK$263']"
武漢滙豪大酒店（江漢路步行街店）,9.4,"['高級大床房（金可兒床墊+城市景觀）:HK$382', '高級雙床房（金可兒床墊+超大落地窗）:HK$386', '豪華大床房（金可兒床墊+城市景觀）:HK$412', '高級城景大床房（180°觀景+雙面落地窗）:HK$425', '高級商務大床房（超大床+浴缸）:HK$437']"
武漢天河機場東希爾頓歡朋酒店,9.7,"['舒適大床房:HK$346', '舒適雙床房:HK$413', '高級大床房:HK$418', '高級雙床房:HK$418', '豪華雙床房:HK$465']"
武漢帝盛酒店（江漢路步行街店）,9.2,"['標準間無窗大床房【ELEMIS】:HK$324', '高級間【ELEMIS】:HK$339', '帝盛薈高級大床房【ELEMIS】:HK$390', '豪華間【ELEMIS+超大面積+二次元】:HK$411', '帝盛薈豪華間【ELEMIS+超大面積】:HK$492']"
武漢江漢路步行街怡程酒店,9.2,"['智能國風•高級大床房【深度睡眠配置｜城心壯闊景緻】:HK$288', '智能國風•高級雙床房【深度睡眠配置｜城心壯闊景緻】:HK$308', '智能國風•豪華大床房【深度睡眠配置｜城心壯闊景緻】:HK$327', '智能國風•豪華雙床房【深度睡眠配置｜城心壯闊景緻】:HK$348', '智能國風•家庭房【深度睡眠配置｜城心壯闊景緻】:HK$618']"
隨行酒店·薈品（武漢中南路武商夢時代店）,9.3,"['大床房:HK$306', '商務大床房:HK$333', '商務雙床房:HK$361', '高級大床房:HK$389']"
白玉蘭酒店（武漢江灘南京路科技館店）,9.5,"['靜雅大床房-小冰箱:HK$349', '舒雅大床房-小冰箱:HK$365', '輕雅大床房-小冰箱-智能馬桶:HK$397', '智能輕雅大床房+智能客控+小冰箱+平台景觀:HK$415']"
齡舍1927•江景金庫度假酒店（江漢路漢口江灘店）,9.4,"['公德里·飄窗榻榻米「竹林景觀+投屏電視+智能馬桶 」:HK$1,025', '列爾賓·飄窗大床房「竹林景觀+投屏電視+智能馬桶」:HK$1,134', '信義·城景藝術大床房「老漢口城景+復古浴缸+智能馬桶」:HK$1,353', '珞珈·舒適大床房「老漢口城景+雙床可拆+智能馬桶」:HK$1,462', '寶順·窗景大床房「人文街區街景+浪漫浴缸+智能馬桶」:HK$1,462', '立興·梵克雅寶大床房「人文街區街景+側江景+智能馬桶」:HK$1,681']"
武漢禧徠輕奢酒店（徐家棚地鐵站店）,9.5,"['豪華大床房（巨幕投影帶愛奇藝會員+公區提供洗衣房）:HK$278', '江景輕奢巨幕投影大床房（帶影視會員）:HK$321', '輕奢風LOFT豪華大床房:HK$332', '温馨奶油風巨幕投影雙床房（帶影視會員）:HK$364']"
紅牆琴園酒店（徐東湖北大學地鐵站店）,9.5,"['琴園標準大床房:HK$390', '琴園輕享大床房:HK$423', '琴園輕享雙床房:HK$434', '琴園高級大床房:HK$445', '琴園雅緻大床房:HK$467']"
武漢江漢路步行街萬象城楓渡酒店,9.6,"['經典大床房（慕思床墊+語音智控）:HK$361', '經典雙床房（慕思床墊+語音智控）:HK$370', '祕境大床房（慕思床墊+語音智控）:HK$436', '純粹大床房（慕思床墊+語音智控）:HK$491', '純粹雙床房（慕思床墊+語音智控）:HK$491']"
紐賓凱·尚居酒店（武漢江漢路步行街店）,9.4,"['閣尚·大床房【智能客控+VIP大幕投影+智能馬桶】:HK$340', '智尚·大床房【智能客控+vip大幕投影+智能馬桶】:HK$364', '輕尚·大床房【智能客控+mini冰箱+智能馬桶+記憶枕芯】:HK$388', '樂尚·親子雙床房【智能客控+vip大幕投影+mini冰箱+智能馬桶】:HK$423']"
亞亭酒店（江漢路步行街江灘店）,9.4,"['靈動舒適大床房【小艾智控+極光投影+海量影視隨便看】:HK$297', '逸·靜謐大床房【百寸巨幕+小愛客控+暢想VIP影視】:HK$317', '陽光智享大床房-採光極好-手機投屏-小艾智能:HK$338', '雅緻安寢大床房【採光極好+手機投屏+安靜舒適】:HK$358']"
AMO阿墨設計師公寓（江漢路步行街店）,9.5,"['城景投影大床套房29A （落地窗+冰箱洗衣機）:HK$356', '特惠城景投影大床套房32A （落地窗+冰箱洗衣機）:HK$370', '特惠城景投影大床套房23A（落地窗+冰箱洗衣機）:HK$370', '特惠城景投影大床套房20A （落地窗+冰箱洗衣機）:HK$370']"
武漢黃鶴樓積玉橋地鐵站錦江都城酒店,9.3,"['精緻大床房:HK$361', '安舒大床房:HK$373', '風雅大床房-典雅新中式+即熱式飲水:HK$395', '精緻雙床房:HK$396', '都會大床房-語音智控+Mini吧:HK$419']"
星空酒店（武漢市第一醫院江漢路步行街店）,9.5,"['設計師大床房【靜謐空間+高密度親膚床品】:HK$291', '陽光大床房【陽光滿屋+60寸液晶電視】:HK$325', '陽光雙床房【高速吹風機+歡樂家庭】:HK$338', '行政大床房【深度睡眠床墊+乾濕分離+辦公桌椅】:HK$344']"
憬黎酒店（武漢江漢路武勝路地鐵站店）,9.6,"['躺平治癒大床房（全屋聲控+智能馬桶+冰箱+洗烘一體機）:HK$353', '滾來滾去大床房（全屋聲控+智能馬桶+冰箱+洗烘一體機）:HK$384', '跑來跑去大床房（全屋聲控+智能馬桶+冰箱+洗烘一體機）:HK$417', '樓上樓下複式大床套房（豪華會客廳+全屋聲控+大冰箱）:HK$450', '一大一小親子童趣雙床套房（小童馬桶坐墊+小童帳篷）:HK$538']"
武漢江城明珠豪生大酒店,9.3,"['高級雙人房:HK$567', '高級城景大床房:HK$600', '高級江景大床房【燈光秀景觀】:HK$731', '商務江景大床房【燈光秀景觀】:HK$786', '行政大床房【高層俯瞰城市景觀】:HK$928', '行政雙人房【高層俯瞰城市景觀】:HK$928']"
粵塔H電競酒店（武漢江漢路步行街店）,9.8,"['遊戲大師觀影單人房【黑神話:悟空+RTX4060ti+2K180hz32G】:HK$333', '排位上分電競大床房【黑神話:悟空+RTX4060ti+2K180hz32G+遊戲特權】:HK$344', '排位上分電競雙床房【黑神話:悟空+RTX4060ti+2K180hz32G】:HK$354', '輕奢影院大床房【黑神話:悟空+RTX4060ti+2K180hz32G+高清投影vip會員】:HK$364']"
秋果酒店（武漢漢口火車站香港路地鐵站店）,9.8,"['明星大床房（MINI冰箱+空氣凈化+小度智控+無線投屏）:HK$422', '日式榻榻米投影房（影片隨心看＋空氣凈化+小度智控）:HK$433', '高級商務大床房（深睡好眠+空氣凈化+乳膠床墊+冰箱）:HK$453', '高級商務雙床房（深睡好眠+空氣凈化+乳膠床墊+冰箱）:HK$474', '悦享躺平治癒大床房（空氣凈化＋小度智控+冰箱）:HK$485']"
武漢楠璟花園S酒店（漢口火車站雲飛路地鐵站店）,9.5,"['·S·臻品質大床房【商務辦公+寵物友好】:HK$388', '春書·高級行政城景房【智能客控+辦公寫字桌+冰箱】:HK$400', '夏至·高級影院城景房【智能客控+超大巨幕+全景陽台+冰箱】:HK$411', '雅頌·精緻雙床房【全屋智能+高空陽台+冰箱】:HK$423']"
武漢江灘江漢路步行街輕居酒店,9.6,"['舒適大床房:HK$457', '輕享大床房:HK$493', '樂享大床房:HK$529', '超享大床房:HK$565', '輕享雙床房:HK$628']"
星空花園酒店（武漢江漢路恆隆廣場店）,9.4,"['逸影榻榻米大床房【綠景窗户+巨幕投影+智能客控馬桶】:HK$256', '綠景暖居大床房【智能客控+72寸電視可投屏+助眠睡枕】:HK$275', '沐光小築大床房【陽光滿屋+72寸大電視投屏+乾濕分離】:HK$303', '綠景暖居雙床房【景觀綠植+助眠床墊+智能客控】:HK$474', '暖陽寬敞大床房【辦公桌椅+窗户明亮+自助水吧枱】:HK$506']"
武漢江灘好百年美侖國際酒店,9.6,"['高級大床房「百年建築+朝內幽居」:HK$532', '高級雙床房「鬧中取靜+隱謐沉眠」:HK$583', '商務大床房「遠離喧器+悠享睡眠」:HK$583', '行政大床房「城畔掠影+時光郵差」:HK$633', '豪華雙床房「城市景觀+街道夜景」:HK$654']"
雅樂庭·悦酒店（武漢漢口火車站園博園店）,9.5,"['精緻大床房-躺平治癒+空氣凈化器:HK$229', '精緻雙床房-安逸舒睡+空氣凈化器:HK$241', '商務舒睡大床房-躺椅沙發+辦公桌椅+空氣凈化器:HK$312', '商務舒睡雙床房-躺椅沙發+辦公桌椅+空氣凈化器:HK$323', '行政浴缸特大床房-隨心所“浴”+MINI冰箱+空氣凈化器:HK$335']"
武漢江漢路麗芮酒店,9.6,"['芮享舒適大床房（戴森吹風機+高奢洗護+智能語音客控）:HK$424', '芮享STUDIO大床房（戴森吹風機+高奢洗護+語音客控）:HK$447', '芮享豪華雙床房（戴森吹風機+高奢洗護+智能語音客控）:HK$502', '芮享家庭房（戴森吹風機+高奢洗護+智能語音客控）:HK$557', '臻享行政套房（戴森吹風機+高奢洗護+智能語音客控）:HK$643']"
悠然·江景loft套房酒店（越秀財富中心礄口路地鐵站店）,9.7,"['安睡城景Loft複式大床房 （商務辦公桌椅+烘乾洗衣機+手機投屏）:HK$328', '現代部落loft複式大床房 （小米大屏電視手機可投屏+烘乾洗衣機冰箱廚房）:HK$361', '白雲奇幻Loft複式江景大床房（高空城市夜景+太空吊椅+手機投屏）:HK$384', '半糖主義Loft複式商務雙床房 （安靜通透舒適+烘乾式洗衣機+手機投屏）:HK$417']"
維克多雲享酒店（武漢漢口金融中心萬松園店）,9.4,"['私享投影房（智能客控+影視vip）:HK$281', '驚喜特惠房（恆温智能馬桶+高清投屏）:HK$303', '舒享大床房（坐卧沙發+零壓乳膠床墊）:HK$369', '雲享標準房（乳膠床墊+可移動電視）:HK$390', '舒享家庭房（大小床+智能馬桶）:HK$434']"
星程酒店（武漢天河機場T3客運大樓店）,9.5,"['高級大床房:HK$407', '商務雙床房:HK$427', '商務大床房:HK$539', '豪華雙床房:HK$560']"
麗楓酒店（武漢江漢路吉慶街店）,9.2,"['高級影音大床房-空氣凈化器+小冰箱:HK$326', '高級精品大床房（無窗）-空氣凈化器+小冰箱:HK$326', '豪華大床房-空氣凈化器+小冰箱:HK$366', '豪華影音大床房-空氣凈化器+小冰箱:HK$366']"
洛可可·南法莊園（武漢江漢路地鐵站漢口江灘店）,9.6,"['温馨大床房〖金可兒床墊〗:HK$474', '精緻大床房〖金可兒床墊 • 提供下午茶〗:HK$543', '精品大床房〖金可兒床墊 • 提供下午茶〗:HK$619', '行政大床房〖金可兒床墊 • 提供下午茶〗:HK$688']"
你好酒店（武漢漢口江灘黎黃陂路店）,9.6,"['高級大床房:HK$243', '商務大床房:HK$261', '豪華大床房:HK$281', '雙床房:HK$290']"
星空花園酒店（武漢漢口火車站竹葉山地鐵站店）,9.7,"['設計師大床房【可手機投屏+新風循環系統+人體工學深睡舒眠床墊+天鵝絨被芯+超柔科技親膚布草】:HK$280', '設計師雙床房【靜謐空間+新風循環系統+人體工學深睡舒眠床墊+天鵝絨被芯+超柔科技親膚布草】:HK$287', '陽光大床房【陽光明媚+視野開闊+人體工學深睡舒眠床墊+天鵝絨被芯+超柔科技親膚布草】:HK$300', '陽光雙床房【人體工學深睡舒眠床墊+天鵝絨被芯+超柔科技親膚布草+商務甄選+沐浴陽光】:HK$307']"
辛德拉酒店（武漢市江漢路武勝路地鐵站店）,9.2,"['甄選驚喜房:HK$300', '夏沫舒適大床--智能聲控巨幕影院房:HK$324', '初墨舒適大床-智能聲控巨幕影院房:HK$324', '落辰舒適大床-智能聲控巨幕影院房:HK$324']"
錦悦瑞麗酒店（武漢三陽路地鐵站店）,8.7,"['商務單間:HK$271', '行政單間:HK$293', '商務標間:HK$293', '行政標間:HK$315']"
武漢江漢路步行街保安洋行漫心府,9.7,"['心雅舒適大床房（萌寵互動+智能投屏+打卡拍照）:HK$583', '雅緻大床房（萌寵互動+智能投屏+miniBar）:HK$613', '心怡大床房（民國風韻+萌寵互動+miniBar）:HK$643', '心悦高級大床房（民國風韻+萌寵互動+miniBar）:HK$704', '心悦高級雙床房（民國風韻+萌寵互動+miniBar）:HK$704']"
泊尚精選酒店（武漢江漢路步行街店）,9.0,"['現代簡約智能大床房（小度智能+VIP影視）:HK$194', '雅緻智能大床房 （小度智能）:HK$218', '精選陽光智能大床房（小度智能+VIP影視）:HK$249', '複式智能影院雙床房:HK$306']"
武漢江灘世茂凡象酒店,9.3,"['凡象大床房｜開放式陽台+智能投屏:HK$607', '凡象雙床房｜開放式陽台+智能投屏:HK$607', '凡象側江景大床房｜開放式陽台+燈光秀景觀+智能投屏:HK$655', '知音號大床房｜老漢口主題+智能投屏:HK$693', '知音號雙床房｜開放式陽台+老漢口主題換裝+智能投屏:HK$693']"
如家精選酒店（武漢國際廣場中山公園地鐵站店）,9.6,"['商務大床房（65寸投屏電視+徠芬吹風機+零壓床墊）:HK$358', '高級大床房（65寸投屏大電視+徠芬吹風機+零壓床墊）:HK$377', '高級雙床房（商務會客區+景觀窗景+零壓床墊）:HK$386', '安心睡0壓大床房（語音智控+冰箱+空氣凈化器）:HK$413', '安心睡0壓雙床房（語音智控+冰箱+空氣凈化器）:HK$413']"
麗頓華居酒店（武漢漢口江灘解放公園路店）,9.3,"['雅緻雙床房:HK$358', '雅緻大床房:HK$358', '華悦大床房:HK$443', '華悦雙床房:HK$443', '麗悦大床房:HK$469']"
雲居酒店（武漢吉慶民俗街江漢路地鐵站店）,9.5,"['迷你雅緻大床房（零壓記憶床墊+無線快充+投屏電視）:HK$290', '樂享巨幕大床房（零壓記憶床墊+無線快充+百寸巨幕）:HK$301', '疾風御劍電競房（零壓記憶床墊+無線快充+私密空間）:HK$314', '暢享清新大床房（零壓記憶床墊+無線快充+巨幕電視）:HK$338']"
清能清江飯店（武漢黃鶴樓曇華林店）,9.5,"['精選特惠大床房:HK$436', '精選特惠雙床房:HK$469', '高級大床房（小米電視+舒達乳膠床墊+斯得福布草）:HK$502', '高級雙床房（小米電視+舒達乳膠床墊+斯得福布草）:HK$534', '豪華大床房（小米電視+舒達乳膠床墊+斯得福布草）:HK$578']"
晶萃酒店（武漢黃鶴樓首義廣場店）,9.6,"['高級大床房 | 親膚浴袍+智能投屏+迷你小冰箱:HK$360', '景觀大床房 | 中庭園景+親膚浴袍+智能馬桶:HK$393', '高級標準間 | 睡眠好一歇+迷你小冰箱+智能馬桶:HK$417', '豪華大床房 | 榻榻米茶台+mini Bar+乾濕分離:HK$425']"
桔子酒店（武漢江漢路步行街店）,9.3,"['都市節奏:HK$374', '設計師大床房:HK$374', '商務大床房:HK$411', '行政大床房:HK$468']"
中青·秋果酒店（武漢光谷廣場光谷軟件園店）,9.6,"['明星大床房-零壓酣睡床墊-乾濕分離-Minibar-全屋智能:HK$352', '舒享陽光雙床房-零壓酣睡床墊-Minibar-4K巨幕電視:HK$354', '樂享悠然大床房-雲朵感沙發-零壓酣睡床墊-海信4K電視:HK$365', '心動·情侶大床房-甜蜜浪漫-進口朗樂福床墊-全屋智能:HK$373', '輕奢雙床房-商務尊享-Minibar-全屋智能-海信4K電視:HK$448']"
錦江之星（武漢江漢路地鐵站江灘步行街店）,9.3,"['星悦標準大床房:HK$290', '星選標準雙床房:HK$325', '星悦高級大床房:HK$333', '星選高級雙床房:HK$376']"
