酒店名称,评分,房型价格列表
雲頂海岸·海景度假美宿（汕尾金町灣店）,9.4,"['花園大床房【舒睡優選】:HK$264', '玥海·一線海景大床房【面朝大海+觀景陽台】:HK$347', '玥海·一線海景雙床房【面朝大海+觀景陽台】:HK$384', '玥海·一線海景尊享大床房【面朝大海+觀景陽台】:HK$384']"
汕尾保利雅途·星海度假酒店,8.9,"['設計師主題大床房:HK$640', '舒適園景雙人房:HK$705', '豪華園景雙床房:HK$759', '豪華園景大床房:HK$759', '親子園景雙床房:HK$822']"
汕尾星河灣酒店,9.4,"['豪華園景雙床房:HK$817', '豪華園景大床房:HK$817', '豪華城堡湖景大床房:HK$1,007', '豪華城堡湖景雙床房:HK$1,007', '行政園景大床房:HK$1,007', '行政城堡湖景大床房:HK$1,134']"
澳斯蘭德國際酒店（汕尾二馬路美食街信利廣場店）,9.3,"['白銀大床【全屋智控+零壓床墊】:HK$420', '鉑金大床房【全屋智控+零壓床墊】:HK$487', '鉑金雙床【全屋智控+零壓床墊】:HK$503', '鑽石親子雙【智能聲控+智能馬桶】:HK$557', '超大床房【智能馬桶+軟卧沙發+東寶深睡床】:HK$572']"
曉誠國際公寓酒店,9.3,"['一房一廳標準海景房:HK$680', '一房一廳榻榻米海景複式套房:HK$733', '兩房一廳豪華海景房:HK$908', '三房一廳海景套房:HK$1,292']"
汕尾鄰海印象酒店,9.4,"['私享複式180°海景大床房:HK$670', '巨幕投影複式大床房「極米投影儀｜海景」:HK$752', '「寵物友好」複式海景大床房:HK$907', '私享海景複式套房兩房一廳:HK$1,151']"
汕尾海輪灣度假公寓,9.5,"['優享180度一線海景雙床房:HK$527', '尊享一線海景大床房:HK$561']"
禧悅設計師HOTEL（二馬路美食街中山渡口店）,9.7,"['禧悦温馨大床房（大金空調新風+投屏電視+記憶枕芯+）:HK$485', '禧悦陽光大床房（投屏電視+記憶枕芯）:HK$553', '禧悦家庭雙床套（落地窗城景+投屏電視）:HK$568', '禧悦豪華雙床房（落地窗+小度音控）:HK$612']"
栢雅朵酒店（汕尾二馬路美食街信利城市廣場店）,9.4,"['精選雅緻大床房『智能客控•通透採光•深睡舒眠床墊』:HK$284', '輕享城景大床房『智能客控•陽光城景』:HK$301', '精選雅緻雙床房『通透採光•深睡舒眠床墊』:HK$331', '雅朵靜謐雙床房『智能客控•輕柔燈光•酒店公區洗烘機』:HK$355', '栢嘉奢享大床房『智能客控•休閑書桌椅』:HK$365']"
海藍酒店（汕尾紅海灣店）,9.2,"['簡約大床房:HK$282', '輕奢雙床房:HK$282', '夕陽遠眺海景雙床房:HK$326', '日出海景大床房:HK$326']"
藍灣度假公寓（汕尾保利金町灣店）,9.1,"['Nicel漫享海景大床房（大陽台）:HK$468', 'M6|玥海一線海景大床房:HK$1,342', '親海2房1廳3床2衞套房:HK$1,634', '原木風3房2廳2衞三床套房:HK$2,013']"
柏曼日光全景臻選酒店（汕尾二馬路美食街店）,8.9,"['聆汐丨臨海靜謐舒適雙床房【濱海夜景+護腰床墊】:HK$406', '聆汐丨臨海靜謐舒適大床房【濱海夜景+護腰床墊】:HK$415', '沁灣丨晨曦海景雅居大床房【觀海飄窗+護腰床墊+賞日出】:HK$462', '沁灣丨晨曦海景雅居雙床房【觀海飄窗+護腰床墊+日落】:HK$462']"
汕尾滿心Funny民宿,8.4,"['大陽台海景房（雙人浴缸+巨幕投影）:HK$587', '“泡澡看投影”超大陽台·海景浴缸·親子房:HK$587', '一室一廳大床房:HK$587', '一室一廳雙床套房:HK$587']"
維也納國際酒店（汕尾高鐵站店）,9.2,"['標準大床房:HK$310', '豪華大床房:HK$326', '豪華雙床房:HK$342', '商務大床房:HK$350']"
東粵博洋度假公寓（汕尾保利金町灣店）,8.7,"['椰林夢境·園林大床房:HK$430', '星光嶼海 • 側海景雙床房【近海50米+近觀光小火車+近鯨灣小鎮+近網紅打卡點】:HK$491', '蔚藍海岸·全海景大床房:HK$491', '巨幕影院·海景大床房:HK$491']"
瀾嶼·民宿（汕尾高鐵站店）,10.0,"['豪華海景大床房【一次性洗浴用品|高樓層海景|洗衣機】:HK$191', '尊享海景大床房【一次性洗浴用品|港灣海景|洗衣機】:HK$191', '優享景觀大床房【一次性洗浴用品|港灣海景|洗衣機】:HK$191', '舒享海景大床房【靜享海景|休閑沙發|舒適床墊|冰箱】:HK$191']"
鉑頓國際公寓（汕尾城區高鐵站店）,9.3,"['雅緻景觀大床房（靜享景觀+休閑沙發+護頸枕+舒適床墊）:HK$381', '高級景觀大床房（空間寬敞+休閑沙發+護頸枕+舒適床墊）:HK$411', '高級景觀雙床房 （靜享景觀+50寸液晶電視+護頸枕+舒適床墊）:HK$411', '豪華海景雙床房（靜享海景+50寸液晶電視+護頸枕+舒適床墊）:HK$426']"
汕尾藝宿高空花園全景設計師S美宿（汕尾高鐵站店）,9.5,"['一室一廳複式大床房（VIP影音·手機投屏）:HK$168', '城景LOFT大床房（落地窗+舒適床墊+多風格）:HK$168', 'Loft 躍層|雲夢大床房|4K高清巨幕|大落地窗|多風格:HK$168', '高空觀景大床房「75寸電視投屏VIP+零壓床墊」:HK$168']"
維也納國際酒店（汕尾信利中央廣場店）,9.1,"['大床房（無窗）:HK$356', '標準大床房:HK$365', '豪華大床房:HK$374', '商務大床房:HK$400', '商務雙床房:HK$426']"
汕尾高鐵站濱海公園亞朵酒店,9.8,"['高級大床房（投屏電視+小冰箱）:HK$535', '高級雙床房（投屏電視+小冰箱）:HK$535', '行政大床房（投屏電視+小冰箱）:HK$586', '行政雙床房（投屏電視+小冰箱）:HK$586', '幾木雙床房（投屏電視+小冰箱）:HK$670']"
雲光·悅舍美宿（保利金町灣店）,9.6,"['園景大床房（觀景陽台）:HK$604', 'Cozy | 温馨大床房（帶觀景陽台）:HK$669', 'Cozy | 温馨親子雙床房（高樓層觀景陽台）:HK$745', 'Enjoy | 樂享榻榻米大床房（高層觀景陽台）:HK$1,046']"
覓趣客棧,9.4,"['超一線全海景無遮擋豪華大床房:HK$435', '高樓層超一線全海景雙床房:HK$528', '沿海無遮擋270度超一線海景·大陽台兩室一廳套房:HK$1,179']"
維也納酒店（汕尾翡翠灣二馬路美食街店）,9.4,"['標準大床房（無窗）:HK$211', '高級雙床房:HK$252', '高級大床房:HK$252', '豪華雙床房（45°觀海景）:HK$261']"
粵塔X電競酒店（汕尾二馬路美食街信利城市廣場店）,9.6,"['暢爽電競大床房（I5+4060+2k顯示屏+機械臂+黑神話悟空+UU加速器+LOL特權+Steam特權+語音智能控制）:HK$534', '豪華電競大床房（I7+4080Super+酒店公區洗衣房+2k顯示屏+機械臂+黑神話悟空+UU加速器+LOL特權+Steam特權+語音智能控制）:HK$534', '暢爽電競雙床房（I5+4060+2k顯示屏+機械臂+黑神話悟空+UU加速器+LOL特權+Steam特權+語音智能控制）:HK$534', '臻選電競雙床房（I7+4070+酒店公區洗衣房+2k顯示屏+機械臂+黑神話悟空+UU加速器+LOL特權+Steam特權+語音智能控制）:HK$534']"
追溯全海景度假美宿（汕尾保利金町灣店）,8.8,"['聽海可可-低層園景兩房三床套房:HK$201', '聽海舒適-一線側海景投影大床房:HK$212', '天譽多巴胺-超一線全海景三房三床麻將套房:HK$248', '月間海-一線海景雙床房:HK$253']"
汕尾藍島酒店,8.7,"['標準大床房:HK$229', '標準雙床房:HK$265', '高級大床房:HK$272', '高級雙床房:HK$294', '豪華大床房:HK$303']"
頤灣公寓（汕尾城區高鐵站店）,9.4,"['臻享大床房【電視投屏丨舒適好眠丨休閑沙發丨冰箱】:HK$190', '舒享海景大床房【港灣海景丨功夫茶具丨冰箱洗衣機】:HK$200', '海景投影大床房【港灣海景丨智能投影丨雲感床墊丨冰箱洗衣機】:HK$211', '舒享海景雙床房【港灣海景丨功夫茶具丨冰箱洗衣機】:HK$220']"
汕尾紅海灣蜜玥美宿,8.6,"['精品榻榻米房:HK$445', '温馨大床房:HK$667', '温馨雙床房:HK$667', '舒適大床房:HK$667']"
IU酒店（汕尾城區政府店）,9.0,"['U+觀影大床房（無窗）:HK$178', '小U精緻雙床房:HK$178', '小U舒適雙床房:HK$187', '小U超級大床房:HK$204']"
尋夢海景公寓（保利金町灣店）,8.6,"['尋夢二線園景大床房:HK$1,073', '尋夢二線園景雙床房:HK$1,163', '一線180度近海大床房:HK$1,245', '一線180度近海雙床房:HK$1,252']"
潮漫酒店（汕尾二馬路美食街店）,9.2,"['品質大床房無窗（50寸電視+護頸枕+舒適床墊+全身鏡）:HK$247', '漫享高級大床房（50寸電視+護頸枕+舒適床墊+全身鏡）:HK$264', '豪華大床房（50寸電視+護頸枕+舒適床墊+全身鏡）:HK$280', '品質景觀大床房（夜市景+50寸電視+護頸枕+舒適床墊）:HK$289']"
汕尾顯達酒店,9.3,"['高級雙人房:HK$428', '高級大床房:HK$428', '豪華雙床房:HK$505', '豪華大床房:HK$505', '海景大床房:HK$645']"
私享家海景度假公寓（汕尾保利金町灣店）,8.7,"['望海寓·園景雙床房:HK$321', '望海寓·海景大床房:HK$394', '望海寓·海景雙床房:HK$394', '超一線 ·落日餘暉海景雙床房:HK$457']"
佰仕達酒店（汕尾城區二馬路美食街店）,8.7,"['高級大床房:HK$228', '高級零壓大床房:HK$247', '豪華大床房:HK$257', '豪華雙床房:HK$278']"
汕尾海濱大道浩輝希爾頓花園酒店,8.7,"['海景大床房:HK$478', '海景雙床房:HK$478', '無障礙房:HK$478', '高級海景大床房:HK$587', '高級海景雙床房:HK$587']"
維也納酒店（汕尾紅海灣店）,9.1,"['標準大床房:HK$462', '標準雙床房:HK$491', '豪華雙床房:HK$530', '海景大床房:HK$530']"
億安民宿,9.5,['親海一線海景公寓:HK$918']
麗岸酒店,9.5,"['雅緻大床房（夕陽城景+休閑花園+智能客控+三區分離）:HK$186', '臻選大床房（舒適睡眠+全屋智能+語音客控+三區分離）:HK$196', '臻選雙床房（舒適睡眠+全屋智能+語音客控+三區分離）:HK$208', '海景大床房（海景+可觀日出+智能客控+三區分離）:HK$219']"
汕尾住唄公寓（二馬路美食街店）,9.5,"['舒適大床房:HK$175', '雅緻浴缸大床房:HK$203', '舒適雙人房:HK$203', '投影大床房:HK$212']"
潮漫酒店（汕尾城區海濱大道店）,9.0,"['漫享高級大床房【斯林百蘭床墊+零壓靜音】:HK$198', '豪華大床房【斯林百蘭床墊+繁華街景】:HK$233', '商務大床房【斯林百蘭床墊+迷人海景】:HK$253', '豪華雙床房【斯林百蘭床墊+繁華街景】:HK$260']"
汕尾中聯港灣酒店（城區品清湖店）,8.8,"['標準大床房［金可兒床墊+高壓熱水+舒適睡眠］:HK$233', '高級大床房［金可兒床墊+高壓熱水+舒適睡眠］:HK$247', '標準雙床房［金可兒床墊+高壓熱水+舒適睡眠］:HK$261', '豪華大床房［金可兒床墊+護頸枕頭+舒適睡眠］:HK$290', '豪華雙床房［金可兒床墊+護頸枕頭+舒適睡眠］:HK$304']"
汕尾保利希爾頓逸林酒店,9.2,"['豪華大床房:HK$1,105', '無障礙房:HK$1,105', '豪華雙床房:HK$1,213', '豪華海景大床房:HK$1,213', '豪華海景雙床房:HK$1,322', '尊尚海景大床房:HK$1,322']"
嵐橋雲天海景公寓（汕尾保利金町灣店）,9.5,"['園景大床房（有陽台）:HK$926', '舒適園景雙床房（大陽台）:HK$997', '温馨海景大床房（大陽台）:HK$1,068', '海景陽台雙床房（大陽台）:HK$1,140']"
不晚·民宿（汕尾高鐵站店）,9.3,"['悦己｜巨幕投影大床房（冰箱洗衣機+可做飯）:HK$251', '杏藴 ｜Loft複式/巨幕投影大床房（冰箱洗衣機+可做飯）:HK$254', '歡囍｜巨幕投影大床房（冰箱洗衣機+可做飯）:HK$254', '瑞楓 ｜Loft複式·巨幕投影大床房（冰箱洗衣機+可做飯）:HK$270']"
美宿·歡朋智能公寓（二馬路美食街店）,9.2,"['特惠大床房（有窗+高清投影）:HK$182', '輕奢影音大床房（通透採光+高清投影）:HK$203', '靜謐影音大床房（舒適安靜好眠+高清投影）:HK$217', '悠然電動大床房（商務休閑+大沙發）:HK$231']"
汕尾保利金町灣觀海悦別墅,10.0,"['觀海悦別墅6房11床:HK$4,236', '觀海悦別墅8房17床:HK$4,843', '觀海悦7房13床:HK$5,329', '觀海悦11房20床:HK$6,179']"
汕尾龜齡島海島民宿,9.6,"['高級園景大床房:HK$1,218', '輕奢網紅帳篷大床房:HK$1,527', '輕奢網紅帳篷雙床房:HK$1,527', '豪華海景雙床房:HK$1,527']"
汕尾金町灣阿倫黛爾親子美宿,8.6,"['聽海·一線海景克萊因大床房:HK$237', '聽海·一線海景投影大床房:HK$273', '聽海·一線海景江南雙床房:HK$273', '聽海·一線海景浴缸投影大床房:HK$273']"
保利金町灣自然海景公寓,9.2,"['（望海）二線觀園景雙床房:HK$649', '海鷗一線側面海景大床房:HK$694', '海鷗一線側面海景雙床房:HK$717', '海鷗一線海景雙床房:HK$739']"
佳景觀海公寓,9.4,['善美海景高層大床套房:HK$186']
