酒店名称,评分,房型价格列表
汕頭小公園宜必思酒店,9.4,"['大床房（高質量睡眠）:HK$314', '高級大床房（樓景安靜）:HK$354', '雙床房（沉浸睡眠）:HK$363', '商務大床房（外景房間更大）:HK$393']"
汕頭東海岸萬象滙喆啡鋭品酒店,9.7,"['品韻大床房:HK$447', '品致大床房:HK$480', '品致雙床房:HK$505', '鋭品大床房:HK$555', '鋭趣家庭房:HK$737']"
沐豐裏·公館（小公園汕頭旅社店）,9.8,"['風華絕代·雅緻大床房:HK$621', '僑夢港灣·潮聚雙床房:HK$731', '一夢芳華·韻味大床房:HK$731', '繁花似錦·摩登大床房:HK$840']"
汕頭萬象城會展中心亞朵X酒店,9.5,"['高級大床房:HK$655', '高級雙床房:HK$727', '行政大床房:HK$745', '行政雙床房:HK$817', '幾木大床房:HK$817']"
頤和·永平酒店,9.5,"['舒適大床房:HK$513', '雅緻大床房:HK$546', '雅緻雙床房:HK$589', '豪華雙床房:HK$654', '頤和大床房:HK$863']"
汕頭高鐵站希爾頓歡朋酒店,9.6,"['舒適大床房:HK$532', '舒適雙床房:HK$586', '高級大床房:HK$586', '高級雙床房:HK$693', '豪華大床房（配沙發床）:HK$693']"
汕頭萬象城逸居酒店,9.4,"['逸居智能大床房（騰訊vip影院）:HK$501', '逸景影音大床房（全智能聲控）:HK$544', '逸景影音雙床房（4K影院）:HK$561', '日式榻榻米影音房（日式茶座）:HK$646', '逸居親子雙床房（親子主題）:HK$732']"
樸舍民宿（萬象城店）,9.7,"['大椿 （會員巨幕投影+洗烘一體機）:HK$392', '棲夢 （會員巨幕投影+禪意吧枱+大圓床房）:HK$436', '沐陽 （會員巨幕投影+禪意吧枱）:HK$436', '巖隱 （會員巨幕投影）:HK$458']"
汕頭萬象城黃河路逸扉酒店,9.2,"['高級大床房（私享Coffee機+Minbar+智能語音+智能馬桶）:HK$412', '高級雙床房（私享Coffee機+Minbar+智能語音+智能馬桶）:HK$438', '豪華大床房（私享Coffee機+Minbar+智能語音+智能馬桶）:HK$455', '豪華臻選家庭房【私享coffee機+minibar+智能客控】:HK$480', '豪華雙床房（私享Coffee機+Minbar+智能語音+智能馬桶）:HK$559']"
譽house高空海景Loft公寓（汕頭高鐵站店）,9.5,"['譽House·茉莉花道（高空城景）:HK$262', '譽House·編織夢境（高空城景）:HK$262', '譽House·晚橋暗木（都市城景）:HK$284', '譽House·菲林交卷（都市城景）:HK$284']"
宜必思酒店（汕頭中山中路店）,9.6,"['大床房（精緻户型+minibar）:HK$378', '高級大床房（寧靜酣睡）:HK$408', '豪華雙床房（minibar+寬敞舒適+辦公桌）:HK$408', '商務大床房:HK$438']"
簡愛·設計師酒店（汕頭萬象城珠江路美食街店）,9.1,"['微醺玫瑰丨花絮影視房:HK$257', '春日花序丨標準雙床房:HK$277', '小霧山雨丨豪華影院房:HK$297', '琥珀陽光丨檀香雙床房:HK$328']"
碧海灣酒店（汕頭萬象城小公園店）,9.2,"['聽濤 · 特惠大床房（靜謐空間）:HK$622', '晨雨 · 景觀大床房（高空城景+盡覽繁華）:HK$644', '等風 · 景觀雙床房（高空城景+舊時巷陌）:HK$678', '海思 · 海景大床房（一線海景+碧水藍天）:HK$800']"
汕頭DIOTEL潮酒店,9.5,"['潮雅·春風竹裏（潮雅大床房）:HK$702', '潮雅·品竹彈絲（潮雅雙床房）:HK$702', '潮雅·青竹丹楓（潮雅精緻大床房）:HK$823', '潮風套房:HK$981', '潮雅·松茂竹苞（潮雅套房）:HK$1,180', '潮頌嘉年華大床房:HK$1,484']"
汕頭珠港新城逸扉酒店,9.3,"['豪華大床房（私享Coffee機+智能語音+智能馬桶）:HK$832', '陽光榻榻米房（觀影體驗+私享Coffee機+Minibar+保險箱）:HK$862', '豪華雙床房（私享Coffee機+智能語音+智能馬桶）:HK$969', '豪華臻選家庭房（私享Coffee機+智能語音+智能馬桶）:HK$1,044', '行政海景大床房【內海灣一線觀景+全屋智能客控】:HK$1,163']"
山禾裏·宋代美學庭院（汕頭小公園店）,9.6,"['室外桃園·大床房·一樓庭外:HK$678', '浮生半日·大床房:HK$905', '逸趣生活·雙床房:HK$905', '煙火少城·大床房:HK$1,116', '舒適謐境·豪華大床房·內庭:HK$1,116']"
楓雨國際公寓（汕頭萬象城會展中心店）,9.5,"['雲影小間:HK$279', '格萊美:HK$319', '潘多拉（投影房）:HK$359', '電影家:HK$388']"
深巷（汕頭蘇寧廣場萬象城店）,9.6,"['温馨大床房（202）:HK$453', '精緻大床房（201）:HK$489', '舒適大床房（301）:HK$489', '豪華大床房（102）:HK$517']"
汕頭新濠添大酒店,9.3,"['標準景觀房（雙床）（開闊景觀+舒適體驗）:HK$338', '特惠雙床房:HK$361', '特惠大床房:HK$361', '高級景觀房（悠然觀景+獨享舒適）:HK$378', '豪華景觀房（絕美視野+温馨空間）:HK$419']"
如家商旅酒店（汕頭萬象城龍眼路美食街店）,9.3,"['商務大床房A:HK$360', '商務大床房:HK$404', '雙床房:HK$404', '高級大床房:HK$431']"
汕頭珠港戴斯溫德姆酒店,9.4,"['靜雅舒適大床房:HK$728', '悦享城景大床房:HK$779', '悦享城景雙床房:HK$799', '臻選海景大床房:HK$880', '尊享海景套房:HK$1,310']"
逸居酒店（汕頭萬象城龍眼南路店）,9.1,"['標準大床房（全景觀景）:HK$235', '沉浸式大床房（超大屏幕，vip影片）:HK$240', '商務大床房（酣睡入夢＋商務辦公）:HK$251', '商務雙床間（坐享城景）:HK$261']"
汕頭龍湖賓館,9.5,"['龍湖商務雙床房（南樓）:HK$464', '龍湖商務大床房（南樓）:HK$464', '龍湖高級大床房（東樓）:HK$519', '龍湖高級雙床房（東樓）:HK$519', '龍湖景觀豪華大床房（東樓）:HK$568']"
汕頭潮宏基城際酒店,9.5,"['城際大床房:HK$905', '高級雙床房:HK$985', '高級大床房:HK$985', '高級海景大床房:HK$1,106', '高級海景雙床房:HK$1,106', '山景家庭房:HK$1,358']"
伴景酒店（汕頭和平金豐廣場店）,9.5,"['風景大床房（靜謐空間+定製品牌床墊）:HK$246', '造景大床房（落地高層觀景+定製品牌床墊）:HK$287', '豪華雙床房（落地高層觀景+定製品牌床墊）:HK$318', '影音大床房（私人影院+飄窗觀景+定製品牌床墊）:HK$381']"
星湖蘭庭酒店（澄海店）,9.2,"['高級大床房（新風系統+小廚房+全屋凈水）:HK$178', '行政大床房（舒適沙發+小冰箱+小陽台+全屋凈水）:HK$203', '尊享雙床房（180度高空夜景+小廚房冰箱+超大空間）:HK$228', '雅緻親子套房（會客空間+小廚房冰箱+全屋凈水）:HK$317']"
玟維酒店（汕頭高鐵站珠江路美食街店）,9.4,"['元氣雙床房 [意式掛耳+舒適好眠]:HK$286', '唯美大床房[迷你小冰箱+智能馬桶]:HK$286', '輕奢浴缸大床房 [ 舒緩泡泡液+一次性浴缸套 ]:HK$317', '星耀浴缸大床房[舒適沙發+泡泡浴]:HK$389']"
望亭裏·輕居Hotel（汕頭小公園店）,9.4,"['特惠智能大床房:HK$400', '舒適智能大床房:HK$431', '尊享智能浴缸房:HK$478', 'Loft智能親子房:HK$503']"
汕頭珠港新城亞朵酒店,9.5,"['行政雙床房:HK$861', '行政城景大床房:HK$907', '行政城景雙床房:HK$952', '尊享大床房:HK$997', '尊享雙床房:HK$1,042']"
鉑頓國際公寓（汕頭東海岸萬象滙店）,9.4,"['城景大床房（眺望東海岸+俯瞰城景+全棉床品）:HK$381', '商務大床房（高空城景+助眠零壓+全棉床品）:HK$396', '影院大床房（100寸巨幕投影+視頻vip+助眠零壓）:HK$404', '商務雙床房（一線城景+助眠零壓+全棉床品）:HK$419']"
豪泰輕居酒店（汕頭天山路萬象城店）,9.1,"['輕致單人房:HK$245', '輕奢單人房（副樓）:HK$254', '輕致大床房:HK$290', '輕致雙床房:HK$300']"
凱亞倫酒店 （汕頭澄海店）,9.5,"['輕奢影音大床房+全屋智能+極米投影+哈曼卡頓音響:HK$341', '輕奢影音雙床房+全屋智能+極米投影+哈曼卡頓音響:HK$373', '時尚中庭綠植大床房+全屋智能+極米投影+哈曼卡頓音響:HK$373', '輕奢影音家庭房+全屋智能+極米投影+哈曼卡頓音響:HK$413', '豪華影音雙床房+全屋智能全景+極米投影+哈曼卡頓音響:HK$465']"
汕頭叁號公館酒店（小公園店）,9.3,"['汕音大床房:HK$327', '汕音雙床房（無窗）:HK$327', '汕音雙床房:HK$360', '汕音豪華大床房:HK$382']"
汕頭高鐵站美居酒店,9.4,"['經典大床房:HK$426', '嘉賓浴缸大床房:HK$453', '陽台豪華大床房:HK$453', '豪華大床房:HK$482', '標準雙床房:HK$482']"
鉑晶 | Platinum Crystal 鉑林江景酒店（汕頭高鐵站店）,9.1,"['碧雅·大床房|智能客控|乳膠枕|恆温馬桶:HK$389', '碧雅·雙床房|智能客控|乳膠枕|恆温馬桶:HK$405', '碧悦·高級大床房|智能客控|乳膠枕|恆温馬桶:HK$496', '碧悦·高級雙床房|智能客控|乳膠枕|恆温馬桶:HK$496', '碧歡·親子雙床房|智能客控|乳膠枕|恆温馬桶:HK$513']"
帝豪精品酒店（汕頭萬象城高鐵站店）,9.4,"['尊享大床房:HK$369', '精緻大床房（大落地窗+乾濕分離）:HK$424', '精緻雙床房（大落地窗+乾濕分離）:HK$424', '雅緻大床房（真皮沙發+乾濕分離）:HK$479', '雅緻雙床房（真皮沙發+乾濕分離）:HK$479']"
桐舍·野奢民宿（萬象城店）,9.5,"['覓萩野（AI智能+會員巨幕投影+霧化壁爐+浴缸+洗烘一體機）:HK$644', '椿野（AI智能+會員巨幕投影+天光燈+浴缸+洗烘一體機）:HK$753', '宿棲（AI智能+會員巨幕投影+浴缸+洗烘一體機）:HK$753', '桐趣（AI智能+會員巨幕投影+滑梯+洗烘一體機）:HK$753']"
弘楓酒店（汕頭金平萬達小公園店）,9.1,"['都市療愈大床房『護脊床墊&安靜睡眠』:HK$349', '躺平治癒雙床房『陽光滿屋&舒適雅居』:HK$374', '城景陽光大床房『私密性好&落日餘暉』:HK$386', '安睡零壓大床房『趟上去就想睡的枕頭&落日餘暉』:HK$420', '舒雅零壓雙床房『躺上去就想睡的床墊&明亮視野』:HK$455']"
田園亞輕酒店（汕頭高鐵站珠江路美食街店）,8.9,"['高級大床房（休閑舒適）:HK$268', '豪華大床房（商務枱燈）:HK$318', '豪華雙床房（乾濕分離衞浴）:HK$377', '親子雙床房（童趣親子）:HK$419']"
雅爾登酒店（汕頭高鐵站店）,9.2,"['豪華智能大床房:HK$215', '奢華智能大床房:HK$275', '豪華家庭雙床房:HK$301', '田園投影大床房:HK$322']"
凱亞德酒店（汕頭澄海店）,9.2,"['甄選零壓影音房（高清觀影丨海馬床墊丨羽絨枕芯）:HK$207', '高級零壓大床房（負離子吹風丨智能衞浴丨羽絨枕芯）:HK$245', '高級零壓影音房（極米投影丨海馬零壓床墊丨躺卧沙發）:HK$272', '行政零壓雙床房（智能衞浴丨海馬零壓床墊丨投屏電視）:HK$283']"
譽庭別院（汕頭萬象城龍眼南路美食街店）,9.7,"['譽house·辭音:HK$1,302', '譽house·輕徑:HK$1,302', '譽house·竹茗堂:HK$1,521', '譽house·聞鳧院:HK$1,521', '譽house·長澗舍:HK$1,521']"
桔萊爾酒店（汕頭萬象城高鐵站店）,9.3,"['精選大床房（全屋智能聲控+落地全身鏡）:HK$312', '標準大床房（全屋智能聲控）:HK$340', '標準雙床房（全屋智能聲控）:HK$390', '行政大床房（深泡浴缸+智能小度）:HK$426', '觀影家庭雙床房（100寸巨幕投影+舒適沙發）:HK$460']"
汕頭萬象城黃河路亞朵酒店,9.6,"['高級大床房:HK$557', '行政大床房:HK$646', '幾木大床房:HK$736', '幾木雙床房:HK$781', '幾木家庭房:HK$826']"
汕頭逸居酒店（潮汕路萬達小公園店）,9.1,"['逸居大床房（熟睡床墊）:HK$382', '商旅大床房（好眠＋乳膠枕＋品質床墊）:HK$424', '全智能聲控大床房（智能客控）:HK$444', '逸享雙床房（舒適臻選）:HK$458']"
汕頭中心智選假日酒店,9.1,"['高級房 大床:HK$609', '高級房 雙床:HK$654', '高級房·大床·更大面積:HK$654', '高級房·雙床·更大面積:HK$699', '高級房·1張大床和1張單人床·更大面積:HK$774']"
汕頭萬象城金砂東路亞朵酒店,9.5,"['高級大床房:HK$754', '高級雙床房:HK$843', '行政大床房:HK$843', '行政雙床房:HK$988', '尊享親子大床房:HK$988']"
汕頭金海灣大酒店（萬象城店）,9.2,"['豪華大床房:HK$413', '豪華雙床房:HK$413', '商務豪華大床房:HK$491', '樂享潮味大床房:HK$502', '樂享潮味雙床房:HK$502', '康養公寓房（西式廚房/客廳/冰箱/洗衣機/居家收納）:HK$655']"
汕頭燦爛之家酒店（澄海中駿世界城店）,8.7,"['高級大床房:HK$312', '高級雙床房:HK$324', '豪華大床房:HK$335', '商務豪華套房:HK$382']"
雅斯特國際酒店（汕頭萬象城店）,9.4,"['雅緻大床房【小度音響+乾濕分離】:HK$361', '超級大床房[露天陽台+靜謐書室]:HK$442', '雅緻雙床房[智能客控+乾濕分離]:HK$578', '觀景大床房[城市街景+靜謐書室]:HK$586']"
