酒店名称,评分,房型价格列表
泰州老街茂業天地亞朵酒店,9.6,"['高級大床房（普蘭特床墊+慢回彈護頸記憶枕）:HK$332', '高級雙床房（普蘭特床墊+慢回彈護頸記憶枕）:HK$332', '行政雙床房（普蘭特床墊+慢回彈護頸記憶枕+小冰箱）:HK$359', '行政大床房（普蘭特床墊+慢回彈護頸記憶枕+小冰箱）:HK$359', '高級套房（普蘭特床墊+慢回彈護頸記憶枕+小冰箱）:HK$430']"
泰州老街柳園亞朵酒店,9.6,"['雅緻大床房:HK$323', '高級雙床房:HK$350', '高級大床房:HK$368', '行政景觀大床房（室內造景）:HK$421', '行政大床房（原生態裸棉A類床品）:HK$448']"
泰州中心皇冠假日酒店,9.5,"['高級房 超大床:HK$530', '高級房 2張雙人床:HK$530', '高級房:HK$530', '豪華房 超大床:HK$609', '豪華房 2張雙人床:HK$609', '豪華行政房 超大床:HK$792']"
鴻途酒店（海陵坡子街鳳城河景區店）,9.4,"['舒適房:HK$226', '春風大床房:HK$238', '秋月雙床房:HK$238', '夏雨大床房:HK$249']"
花築奢·泰州老街鳳城河酒店,9.7,"['行政院景大床房【智能客控+小度音響+冰箱】:HK$865', '行政景觀大床房【露天泡池+智能客控+小度音響+冰箱】:HK$1,903', '高級院景大床房【智能客控+小度音響+冰箱】:HK$2,121', '高級景觀露台大床房【智能客控+小度音響+冰箱】:HK$2,188', '豪華院景大床房【智能客控+小度音響+冰箱】:HK$2,216']"
泰州海陵迎春東路亞朵酒店,9.6,"['雅緻大床房（智能小度+65寸投屏+智能馬桶+慢回彈護頸記憶枕）:HK$305', '高級雙床房（智能小度+65寸投屏+智能馬桶+慢回彈護頸記憶枕）:HK$314', '高級大床房（智能小度+65寸投屏+智能馬桶+慢回彈護頸記憶枕）:HK$314', '行政大床房（智能小度+65寸投屏+Minibar+智能馬桶+慢回彈護頸記憶枕）:HK$430', '幾木大床房（智能小度+Minibar+親膚浴袍+深睡PRO枕+舒享智能按摩器）:HK$439']"
泰州海陵希爾頓歡朋酒店,9.2,"['舒適大床房:HK$366', '舒適雙床房:HK$366', '高級大床房:HK$370', '高級雙床房:HK$370', '豪華雙床房:HK$383']"
文旅·美麗豪酒店（泰州老街鳳城河景區店）,9.4,"['精緻影院房:HK$233', '精緻大床房:HK$233', '麗豪雙床房:HK$255', '電競大床房:HK$255', '電競雙床房:HK$266']"
泰州茂業天地美侖酒店,9.7,"['大床房（冰箱-電視投屏）:HK$312', '雙床房（冰箱-電視投屏）:HK$331', '高級大床房（浴缸-小冰箱）:HK$341', '商務雙床房（冰箱-電視投屏）:HK$350', '商務大床房（浴缸-小冰箱）:HK$359']"
泰州美居酒店（老街萬達廣場店）,9.5,"['標準大床房:HK$322', '高級大床房:HK$372', '高級雙床房:HK$391', '豪華大床房:HK$402', '嘉賓雙床房:HK$422']"
全季酒店（泰州老街鳳城河景區店）,9.5,"['雙床房:HK$302', '高級大床房:HK$312', '商務雙床房:HK$322', '高級特大床房:HK$332']"
泰州中國醫葯城智選假日酒店,9.4,"['智選高級雙床房:HK$316', '智選高級大床房:HK$316', '智選豪華大床房:HK$363', '智選豪華雙床房:HK$363', '商務套房:HK$457']"
潔喆書香酒店,9.3,"['【雅緻智能大床房】智能客控｜天然乳膠記憶枕｜小冰箱:HK$328', '【雅緻智能雙床房】智能客控｜天然乳膠記憶枕｜小冰箱:HK$328', '【書香智能大床房】智能客控｜天然乳膠記憶枕｜小冰箱:HK$473', '【書香智能雙床房】智能客控｜天然乳膠記憶枕｜小冰箱:HK$490', '【雪晴軒庭院大床房】天然乳膠｜文房四寶｜小冰箱:HK$555']"
泰州萬怡酒店,9.6,"['豪華大床房:HK$478', '豪華雙床房:HK$478', '尊享大床房:HK$542', '尊享雙床房:HK$542', '行政大床房:HK$733', '行政雙床房:HK$733']"
如家精選酒店（泰州高港揚子江北路店）,9.6,"['大床房【夢百合乳膠床墊+電視可投屏+智能客房+大窗】:HK$160', '雙床房【夢百合乳膠床墊+電視可投屏+智能客房+大窗】:HK$177', '商務大床房【夢百合乳膠床墊+智能客房+大窗】:HK$185', '安心睡零壓雙床房【石墨烯厚墊+智能客房+大窗】:HK$202']"
智選假日酒店（泰州萬象城金融廣場店）,9.3,"['雙床房（內窗.無障礙）:HK$236', '高級房-大床:HK$245', '高級房-雙床:HK$245', '大床房（內窗）:HK$245', '智選高級房-雙床:HK$263']"
亞朵酒店（泰州市政府梅蘭東路店）,9.7,"['高級大床房:HK$323', '高級雙床房:HK$332', '行政大床房:HK$368', '行政雙床房:HK$377', '尊享大床房:HK$412']"
慢村裡民宿（泰州稻河古街店）,9.7,"['合院雙床房·雙院景+會客廳:HK$1,304', '合院大床房·雙院景+會客廳+景觀陽台:HK$1,501', '庭院大床房·庭院景+茗茶空間+會客廳:HK$1,698', '如意歡喜 · 中式套院+美學小院+會客茶室+休閑麻將+超大浴缸:HK$3,863']"
金東明都酒店,9.4,"['高級雙床房:HK$204', '高級大床房:HK$216', '行政大床房:HK$259', '商務雙床房:HK$277', '商務大床房:HK$294']"
桔子酒店（泰州萬象城金融廣場店）,9.5,"['高級雙床房:HK$293', '大床房:HK$302', '商務高級雙床房:HK$312', '高級大床房:HK$321', '商務高級大床房:HK$341']"
全季酒店（泰州醫葯城會展中心店）,9.5,"['大床房:HK$312', '雙床房:HK$321', '高級大床房:HK$331', '商務雙床房:HK$341']"
全季酒店（泰州步行街稻河景區店）,9.5,"['雙床房:HK$302', '高級大床房:HK$312', '商務雙床房:HK$322', '商務大床房:HK$331']"
泰州天德湖賓館,9.5,"['蘇超助力大床房:HK$315', '蘇超助力雙床房:HK$315', '高級雙床房:HK$364', '高級大床房:HK$364', '雅緻大床房:HK$436', '雅緻雙床房:HK$436']"
漢庭酒店（泰州萬象城金融中心店）,9.8,"['大床房:HK$268', '高級雙床房:HK$279', '高級大床房:HK$289', '商務大床房:HK$308']"
泰州國際金陵大酒店,9.4,"['高級雙床房:HK$426', '豪華雙床間:HK$468', '豪華大床間:HK$525', '金陵商務大床間:HK$654', '金陵商務雙床間:HK$654', '行政單間:HK$862']"
康悅世紀酒店（姜堰三水廣場大潤發店）,10.0,"['舒適雙床房【小度智能+深度睡眠】:HK$183', '高級雙床房【小度智能+深度睡眠】:HK$187', '舒適大床房【小度智能+深度睡眠】:HK$190', '高級大床房【小度智能+深度睡眠】:HK$206']"
宜必思·尚品酒店（泰州姜堰電視台店）,9.5,"['大床房:HK$170', '雙床房:HK$179', '高級大床房:HK$189', '高級雙床房:HK$198']"
泰州金姜堰維景國際大酒店,9.5,"['高級大床房:HK$446', '高級雙床房:HK$446', '商務大床房:HK$512', '豪華大床房:HK$654', '行政豪華大床房:HK$840', '行政貴賓套房:HK$1,166']"
沐江南酒店（泰州醫葯城店）,9.8,"['靜享 | 高級大床房:HK$218', '尚享 | 豪華大床房:HK$224', '致享 | 商務雙床房:HK$241', '暢享 | 商務套房:HK$306']"
泰州會賓樓麗呈酒店,9.3,"['行政湖景大床房:HK$381', '行政湖景雙床房:HK$381', '行政城景雙床房:HK$381', '親子房:HK$417', '海底小縱隊親子房:HK$468']"
泰州春蘭國賓館（老街店）,8.9,"['ABC幢商務房:HK$308', '主樓行政雙床房:HK$353', '主樓行政大床房:HK$362', '主樓雅緻大床房:HK$402', '二三號樓高級行政房:HK$426']"
泰州金域國際維景酒店,9.3,"['金域高級大床房:HK$327', '金域高級雙床房:HK$327', '金域商務大床房:HK$404', '金域商務雙床房:HK$404', '金域行政套房:HK$885']"
泰州世茂茂御酒店,9.5,"['新區風情·城市景觀雙床房:HK$360', '新區風情·城市景觀大床房:HK$360', '茂御夢境·零壓睡眠房（帶可升降按摩床+空氣凈化器）:HK$413', '植被氧吧·陽台自然雙床房:HK$491', '植被氧吧·陽台自然大床房:HK$491', '24小時行政書房大床房:HK$528']"
曼美酒店（姜堰三水廣場大潤發店）,9.5,"['精選大床房[零壓床墊+小度智能]:HK$183', '商務雙床房[零壓床墊+小度智能]:HK$185', '商務大床房[零壓床墊+小度智能]:HK$205', '高級大床房[零壓床墊+小度智能]:HK$216']"
全季酒店（泰州萬象城金融中心店）,9.5,"['高級雙床房:HK$326', '大床房:HK$345', '商務雙床房:HK$355', '高級大床房:HK$374']"
泰州六和境禪意庭院民宿,9.4,"['境悦大床房.新中式庭院景觀+品茗空間+小童活動區+書吧:HK$261', '境享大床房.新中式庭院景觀+窗外景+品茗空間:HK$317', '境享茶道大床房.觀景+品茗空間:HK$344', '境雅雙床房+窗外園林景+品茗空間:HK$468']"
桔子酒店（泰州姜堰汽車站人民中路店）,9.4,"['大床房:HK$253', '精選雙床房:HK$262', '精選大床房:HK$281', '套房:HK$327']"
全季酒店（姜堰三水廣場大潤發店）,9.6,"['大床房:HK$293', '高級雙床房:HK$302', '高級大床房:HK$312', '商務雙床房:HK$321']"
全季酒店（泰州高港口岸雕花樓店）,9.6,"['高級大床房:HK$246', '商務大床房:HK$264', '豪華大床房:HK$284', '高級雙床房:HK$293']"
維也納酒店（泰州萬達廣場店）,9.5,"['豪華雙床房:HK$232', '高級大床房:HK$241', '豪華大床房:HK$249', '商務雙床房:HK$258']"
泰州維景國際大酒店,9.3,"['城景高級大床房:HK$402', '城景高級雙床房:HK$402', '城景豪華大床房:HK$424', '城景豪華雙床房:HK$424', '城景行政標準大床房:HK$457', '城景行政標準雙床房:HK$457']"
納羅蘭電競酒店（泰州萬象城金融廣場店）,9.5,"['舒享-電競大床房 【4060顯卡+32寸2K屏+遊戲特權+全屋智能】:HK$314', '奢享-電競觀影雙床房【4060顯卡+100寸巨幕投影+影視會員+遊戲特權】:HK$372', '靜享-電競觀影大床房 【4060顯卡+100寸巨幕投影+影視會員+遊戲特權】:HK$377', '潮玩-電競觀影大床房 【4060顯卡+100寸巨幕投影+遊戲特權+全屋智能】:HK$384']"
世紀緣國際酒店（泰州高港店）,9.6,"['精緻雙床房（智能窗簾+智能馬桶）:HK$271', '夢百合零壓雙床房（帶零壓床墊＋記憶枕）:HK$282', '高級雙床房（智能窗簾+智能馬桶+小冰箱）:HK$309', '高級大床房（智能窗簾+智能馬桶+小冰箱）:HK$309', '夢百合零壓大床房（帶零壓床墊＋記憶枕）:HK$326']"
你好酒店（泰州姜堰溱湖大道店）,9.2,"['高級大床房:HK$196', '雙床房:HK$215', '商務大床房:HK$215', '商務雙床房:HK$233']"
泰州美麗華大酒店,9.0,"['高級雙床房:HK$221', '高級大床房:HK$228', '特價標準間:HK$229', '特價大床房:HK$229', '豪華雙床房:HK$335']"
泰州皇廷國際大酒店,9.4,"['高級大床房:HK$370', '高級雙床房:HK$370', '棋牌房:HK$473', '皇廷特色大床房:HK$483', '舒享大床房:HK$502']"
泰州姜堰賓館,9.4,"['喜悦房:HK$282', '雅緻豪華雙床房:HK$326', '雅緻豪華大床房:HK$326', '臻選無煙大床房:HK$350', '尊爵行政大床房:HK$425']"
泰州會賓樓海棠灣酒店,9.3,"['特惠單間:HK$217', '特惠標間:HK$217', '商務大床房:HK$227', '商務標準間:HK$227']"
鼎豪派酒店（泰州姜堰汽車站人民中路店）,9.7,"['舒適大床房[助眠記憶枕]:HK$112', '舒適雙床房[助眠記憶枕]:HK$112', '家庭親子房[助眠記憶枕]:HK$129']"
貓貓屋智慧酒店（泰州姜堰步行街時代廣場店）,9.3,"['高級智能大床房（全屋智能+乳膠床墊）:HK$142', '雅緻大床房（全屋智能）:HK$142', '豪華智能雙床房（雙人沙發+全屋智能+乳膠床墊）:HK$152', '家庭智能雙床房（大小床+全屋智能+乳膠床墊）:HK$180']"
