酒店名称,评分,房型价格列表
泰州海陵希爾頓歡朋酒店,9.2,"['舒適大床房:HK$318', '舒適雙床房:HK$318', '高級大床房:HK$321', '高級雙床房:HK$321', '豪華雙床房:HK$332']"
花築奢·泰州老街鳳城河酒店,9.7,"['行政院景大床房【智能客控+小度音響+冰箱】:HK$751', '行政景觀大床房【露天泡池+智能客控+小度音響+冰箱】:HK$1,653', '高級院景大床房【智能客控+小度音響+冰箱】:HK$1,759', '高級景觀露台大床房【智能客控+小度音響+冰箱】:HK$1,818', '豪華院景大床房【智能客控+小度音響+冰箱】:HK$1,842']"
泰州老街柳園亞朵酒店,9.6,"['雅緻大床房:HK$304', '高級大床房:HK$312', '高級雙床房:HK$312', '行政景觀大床房（室內造景）:HK$400', '行政大床房（原生態裸棉A類床品）:HK$426']"
世紀緣國際酒店（泰州高港店）,9.6,"['精緻雙床房（智能窗簾+智能馬桶）:HK$235', '夢百合零壓雙床房（帶零壓床墊＋記憶枕）:HK$245', '高級雙床房（智能窗簾+智能馬桶+小冰箱）:HK$269', '高級大床房（智能窗簾+智能馬桶+小冰箱）:HK$269', '夢百合零壓大床房（帶零壓床墊＋記憶枕）:HK$283']"
金東明都酒店,9.4,"['高級大床房:HK$197', '高級雙床房:HK$197', '行政大床房:HK$283', '商務大床房:HK$303', '商務雙床房:HK$303']"
泰州海陵迎春東路亞朵酒店,9.6,"['雅緻大床房（智能小度+65寸投屏+智能馬桶+慢回彈護頸記憶枕）:HK$287', '高級雙床房（智能小度+65寸投屏+智能馬桶+慢回彈護頸記憶枕）:HK$295', '高級大床房（智能小度+65寸投屏+智能馬桶+慢回彈護頸記憶枕）:HK$295', '行政大床房（智能小度+65寸投屏+Minibar+智能馬桶+慢回彈護頸記憶枕）:HK$409', '幾木大床房（智能小度+Minibar+親膚浴袍+深睡PRO枕+舒享智能按摩器）:HK$418']"
鴻途酒店（海陵坡子街鳳城河景區店）,9.4,"['舒適房:HK$190', '春風大床房:HK$204', '秋月雙床房:HK$204', '夏雨大床房:HK$215']"
美豪麗致酒店（泰州坡子街店）,9.7,"['城景大床房:HK$321', '雅緻大床房:HK$321', '雅緻雙床房:HK$321', '麗致大床房:HK$350', '影院大床房:HK$388']"
泰州老街茂業天地亞朵酒店,9.6,"['高級大床房（普蘭特床墊+慢回彈護頸記憶枕）:HK$287', '高級雙床房（普蘭特床墊+慢回彈護頸記憶枕）:HK$287', '行政雙床房（普蘭特床墊+慢回彈護頸記憶枕）:HK$322', '行政大床房（普蘭特床墊+慢回彈護頸記憶枕）:HK$322', '高級套房（普蘭特床墊+慢回彈護頸記憶枕）:HK$391']"
泰州中心皇冠假日酒店,9.6,"['高級房 超大床:HK$487', '高級房 2張雙人床:HK$487', '高級房:HK$487', '豪華房 超大床:HK$567', '豪華房 2張雙人床:HK$567', '豪華行政房 超大床:HK$752']"
泰州美居酒店（老街萬達廣場店）,9.5,"['標準大床房:HK$275', '高級大床房:HK$318', '高級雙床房:HK$335', '豪華大床房:HK$345', '嘉賓雙床房:HK$362']"
泰州天德湖賓館,9.5,"['高級雙床房:HK$316', '高級大床房:HK$316', '雅緻大床房:HK$379', '雅緻雙床房:HK$379', '景觀雙床房:HK$510', '景觀大床房:HK$510']"
全季酒店（泰州老街鳳城河景區店）,9.4,"['雙床房:HK$230', '高級大床房:HK$238', '商務雙床房:HK$246', '高級特大床房:HK$254']"
泰州萬怡酒店,9.6,"['豪華大床房:HK$388', '豪華雙床房:HK$388', '尊享大床房:HK$442', '尊享雙床房:HK$442', '行政大床房:HK$606', '行政雙床房:HK$606']"
泰州世茂茂御酒店,9.5,"['茂御夢境·零壓睡眠房（帶可升降按摩床+空氣凈化器）:HK$378', '新區風情·城市景觀雙床房:HK$379', '新區風情·城市景觀大床房:HK$379', '植被氧吧·陽台自然雙床房:HK$426', '植被氧吧·陽台自然大床房:HK$426', '24小時行政書房大床房:HK$474']"
沐江南酒店（泰州醫葯城東方小鎮店）,9.8,"['靜享 | 高級大床房:HK$175', '尚享 | 豪華大床房:HK$180', '致享 | 商務雙床房:HK$195', '暢享 | 商務套房:HK$252']"
亞朵酒店（泰州市政府梅蘭東路店）,9.6,"['高級大床房:HK$278', '高級雙床房:HK$287', '行政大床房:HK$331', '行政雙床房:HK$339', '尊享大床房:HK$366']"
泰州會賓樓麗呈酒店,9.2,"['行政湖景大床房:HK$331', '行政湖景雙床房:HK$331', '行政城景雙床房:HK$331', '親子房:HK$362', '海底小縱隊親子房:HK$406']"
泰州茂業天地美侖酒店,9.7,"['大床房（冰箱-電視投屏）:HK$321', '高級大床房（浴缸-小冰箱）:HK$347', '雙床房（冰箱-電視投屏）:HK$356', '商務大床房（浴缸-小冰箱）:HK$372', '商務雙床房（冰箱-電視投屏）:HK$381']"
全季酒店（泰州步行街稻河景區店）,9.5,"['雙床房:HK$340', '高級大床房:HK$349', '商務大床房:HK$367', '商務雙床房:HK$375']"
智選假日酒店（泰州萬象城金融廣場店）,9.3,"['雙床房（內窗.無障礙）:HK$229', '高級房-雙床:HK$237', '大床房（內窗）:HK$237', '高級房-大床:HK$245', '智選高級房-雙床:HK$262']"
泰州金姜堰維景國際大酒店,9.5,"['高級大床房:HK$388', '高級雙床房:HK$388', '商務大床房:HK$444', '豪華大床房:HK$568', '行政豪華大床房:HK$729', '行政貴賓套房:HK$1,012']"
泰州春蘭國賓館（老街店）,8.9,"['ABC幢商務房:HK$267', '主樓行政雙床房:HK$307', '主樓行政大床房:HK$314', '二三號樓高級行政房:HK$370', '主樓雅緻大床房:HK$386']"
泰州會賓樓海棠灣酒店,9.3,"['特惠單間:HK$188', '特惠標間:HK$188', '商務大床房:HK$198', '商務標準間:HK$198']"
泰州維景國際大酒店,9.2,"['城景高級大床房:HK$350', '城景高級雙床房:HK$350', '城景豪華大床房:HK$369', '城景豪華雙床房:HK$369', '城景行政標準大床房:HK$397', '城景行政標準雙床房:HK$397']"
泰州今璽酒店,9.5,"['嵐楓大床房:HK$224', '嵐楓標準房:HK$224', '嵐楓影音房:HK$262', '今璽大床房:HK$271', '今璽標準房:HK$271']"
全季酒店（姜堰三水廣場大潤發店）,9.6,"['大床房:HK$254', '高級雙床房:HK$262', '高級大床房:HK$271', '商務雙床房:HK$279']"
貓貓屋智慧酒店（泰州姜堰步行街時代廣場店）,9.4,"['雅緻大床房（全屋智能）:HK$116', '高級智能大床房（全屋智能+乳膠床墊）:HK$124', '豪華智能雙床房（雙人沙發+全屋智能+乳膠床墊）:HK$133', '豪華智能大床房（雙人沙發+全屋智能+乳膠床墊）:HK$140']"
泰州中國醫葯城智選假日酒店,9.4,"['智選高級雙床房:HK$331', '智選高級大床房:HK$331', '智選豪華大床房:HK$386', '智選豪華雙床房:HK$386', '商務套房:HK$495']"
泰州康勃萊鳳凰酒店,9.3,"['豪華大床房:HK$233', '豪華雙床房:HK$241', '三人間:HK$362', '商務套房:HK$362', '行政套房:HK$483']"
全季酒店（泰州醫葯城會展中心店）,9.5,"['大床房:HK$238', '雙床房:HK$246', '高級大床房:HK$254', '商務雙床房:HK$262']"
宜必思·尚品酒店（泰州姜堰電視台店）,9.5,"['大床房:HK$148', '雙床房:HK$156', '高級大床房:HK$164', '高級雙床房:HK$172']"
曼美酒店（姜堰三水廣場大潤發店）,9.5,"['精選大床房[零壓床墊+小度智能]:HK$140', '商務雙床房[零壓床墊+小度智能]:HK$143', '商務大床房[零壓床墊+小度智能]:HK$159', '高級大床房[零壓床墊+小度智能]:HK$169']"
全季酒店（泰州萬象城金融中心店）,9.5,"['高級雙床房:HK$262', '大床房:HK$279', '商務雙床房:HK$287', '高級大床房:HK$304']"
納羅蘭電競酒店（泰州萬象城金融廣場店）,9.5,"['舒享-電競大床房 【4060顯卡+32寸2K屏+遊戲特權+全屋智能】:HK$232', '靜享-電競觀影大床房 【4060顯卡+100寸巨幕投影+影視會員+遊戲特權】:HK$277', '潮玩-電競觀影大床房 【4060顯卡+100寸巨幕投影+遊戲特權+全屋智能】:HK$283', '商務-電競觀影大床房 【4060顯卡+100寸巨幕投影+影視會員+遊戲特權】:HK$283']"
泰州國際金陵大酒店,9.4,"['高級雙床房:HK$370', '豪華雙床間:HK$407', '豪華大床間:HK$456', '金陵商務大床間:HK$568', '金陵商務雙床間:HK$568', '行政單間:HK$748']"
溱湖温泉酒店,8.0,"['貴賓樓高級雙床房:HK$360', '貴賓樓高級大床房:HK$398', '貴賓樓豪華圓床房:HK$417', '貴賓樓豪華套房:HK$759', '貴賓樓複式套房:HK$759']"
泰州六和境禪意庭院民宿,9.5,"['境悦大床房.新中式庭院景觀+品茗空間+小童活動區+書吧:HK$227', '境享大床房.新中式庭院景觀+窗外景+品茗空間:HK$251', '境享茶道大床房.觀景+品茗空間:HK$275', '境雅雙床房+窗外園林景+品茗空間:HK$359']"
泰州陌陌酒店（鳳城河坡子街店）,9.2,"['智能高級大床房（舒適床品+零壓床墊+提供一次性洗臉巾）:HK$131', '豪華智能大床房（零壓床墊+全屋智能+新風系統）:HK$149', '甄選智能雙床房（零壓床墊+全屋智能+手機投屏）:HK$168', '單人電競大床房[3070顯卡+32寸2K曲面屏+144HZ顯示器]:HK$177']"
漢庭酒店（泰州萬象城金融中心店）,9.8,"['大床房:HK$222', '高級大床房:HK$230', '高級雙床房:HK$230', '商務大床房:HK$238']"
全季酒店（泰州高港口岸雕花樓店）,9.5,"['高級大床房:HK$221', '商務大床房:HK$237', '豪華大床房:HK$254', '高級雙床房:HK$263']"
泰州美麗華大酒店,9.0,"['特價標準間:HK$199', '特價大床房:HK$199', '高級大床房:HK$241', '高級雙床房:HK$249', '豪華雙床房:HK$291']"
桔子酒店（泰州萬象城金融廣場店）,9.5,"['高級雙床房:HK$262', '大床房:HK$271', '商務高級雙床房:HK$279', '高級大床房:HK$288', '商務高級大床房:HK$306']"
泰州金黃河大酒店,9.4,"['金尊標間:HK$331', '金尊單間:HK$342', '金尊行政套房:HK$628']"
格林東方酒店（泰州揚子江北路明發國際廣場店）,9.5,"['豪華雙床房:HK$219', '豪華大床房:HK$219', '東方大床房:HK$230', '商務大床房:HK$230']"
泰州凱文大酒店,9.2,"['商務大床房（無窗）:HK$188', '高檔雙床房:HK$198', '行政雙床房:HK$218', '豪華家庭房:HK$283']"
泰州姜堰賓館,9.4,"['喜悦房:HK$245', '雅緻豪華雙床房:HK$283', '雅緻豪華大床房:HK$283', '臻選無煙大床房:HK$312', '尊爵行政大床房:HK$378']"
泰州皇廷國際大酒店,9.4,"['高級大床房:HK$321', '高級雙床房:HK$321', '棋牌房:HK$411', '皇廷特色大床房:HK$420', '舒享大床房:HK$436']"
全季酒店（泰州姜堰區政府店）,9.5,"['高級大床房A:HK$222', '雙床房:HK$230', '高級大床房:HK$238', '商務雙床房:HK$246']"
桔子酒店（泰州姜堰汽車站人民中路店）,9.4,"['大床房:HK$222', '精選雙床房:HK$230', '精選大床房:HK$246', '套房:HK$287']"
