酒店名称,评分,房型价格列表
海口國貿希爾頓歡朋酒店,9.6,"['舒適雙床房:HK$447', '舒適大床房:HK$447', '荷里活房:HK$480', '高級大床房:HK$522', '高級雙床房:HK$522']"
WB·拉亞設計師酒店（美蘭國際機場T1T2客運大樓店）,9.6,"['雲染|温馨榻榻米房（巨幕投影+舒適睡眠）:HK$219', '漫心丨舒適大床房（巨幕投影+乾濕分離）:HK$219', '幾木丨影音大床房（巨幕投影+乾濕分離）:HK$225', '見山丨拉亞大床房（舒適睡眠+乾濕分離）:HK$232']"
海口鑫源温泉大酒店（日月廣場免税店）,9.1,"['高級雙床房:HK$238', '商務大床房:HK$238', '温泉浴療大床房:HK$316', '温泉浴療雙床房:HK$316', '貴賓雙床房:HK$343']"
海口國興大道省政府宜尚酒店,9.4,"['標準大床房（智能客控+舒適典雅+安逸空間）:HK$244', '商務雙床房（智能客控+舒適典雅+安逸空間）:HK$266', '舒適大床房（智能客控+寬敞明亮+安逸空間）:HK$266', '高級大床房（智能客控+全景落地窗+房間冰箱）:HK$287']"
愛麗智慧酒店（海口友誼商業廣場騎樓老街店 ）,9.4,"['輕奢清新房大床或雙床:HK$244', '楓雅大床房（75寸智能電視投屏+全屋智能客控）:HK$265', '憶梵大床房（75寸智能電視投屏+全屋智能客控）:HK$272', '錦華榻榻米房（智能大屏投影+全屋智能客控）:HK$272']"
皇馬椰海國際酒店（海口國貿中心萬象城店）,9.6,"['椰韻高級大床房:HK$434', '椰韻高級雙床房:HK$434', '潮起商務大床房:HK$445', '潮起商務雙床房:HK$445', '弄潮親子房:HK$544', '潮悦豪華雙床房:HK$567']"
海口漫島酒店（海大南門夜市店）,9.8,"['漫怡-智能影視大床房（巨幕投影）:HK$396', '漫欣-智能影視大床房（巨幕投影）:HK$398', '漫悦-巨幕大床房（智能小度）:HK$412', '漫愉-巨幕雙床房（全屋智能）:HK$412']"
嶼夕·輕奢海景民宿（榮山寮店）,9.6,"['聆聽潮汐-眺望海景温馨大床房:HK$439', '靜謐星夜-豪華雙人標準間:HK$440', '漁歌唱晚-遠眺海景大床房:HK$553', '夕生為汐-無垠視野海景大床房:HK$771']"
柒遇裏酒店（高鐵東站五公祠店）,9.8,"['知遇大床房（靜享安眠+功夫茶具+北歐ins沙發）:HK$236', '知遇雙床房（智能客控+冷暖空調）:HK$236', '際遇大床房（安睡記憶枕+智能客控+冷暖空調）:HK$269', '際遇雙床房（智能客控+冷暖空調）:HK$269']"
華盛酒店（海口義龍西路騎樓老街店）,9.4,"['樂享華美大床房/全屋智能/4K電視/可投屏/0壓床墊:HK$249', '悦享陽光大床房/全景落地窗/純棉四件套/0壓枕:HK$283', '華舒雅緻大床房/4K大屏電視/全屋智能/0壓枕/中央空調:HK$293', '都市節奏大床房/雙人沙發/一次性馬桶套/美粧發光鏡:HK$305']"
海南亞泰温泉酒店,8.8,"['雅緻花園庭院雙床房:HK$257', '雅緻花園庭院大床房:HK$257', '池畔私湯温泉雙床房:HK$396', '池畔私湯温泉大床房:HK$396', '雅緻花園零壓好睡雙床房:HK$404', '盈濱海景雙床房:HK$503']"
鵬禧酒店（海口騎樓老街日月廣場免税店）,9.4,"['陽光大床房（席夢思床墊+膳魔師熱水壺+小冰箱）:HK$361', '高級大床房（內景窗）（席夢思床墊+膳魔師熱水壺+小冰箱）:HK$361', '高級雙床房（內景窗）（席夢思床墊+膳魔師熱水壺+小冰箱）:HK$361', '豪華大床房（席夢思床墊+膳魔師熱水壺+小冰箱）:HK$407', '豪華雙標房（席夢思床墊+膳魔師熱水壺+小冰箱）:HK$407']"
海口華彩洲際酒店,9.6,"['豪華房 雙床:HK$534', '豪華大床-公寓户型:HK$534', '豪華房-公寓户型:HK$551', '尊享家庭房-公寓户型:HK$583', '豪華海景大床-公寓户型:HK$584', '單卧海景套房-公寓户型:HK$660']"
良智滙品酒店（海口龍湖天街海職院店）,9.5,"['智雅尊享大床房（巨幕投影）:HK$240', '智享輕氧大床房（乳膠床墊+小度客控）:HK$267', '智美巨幕雙床房（巨幕投影）:HK$267', '智享輕氧雙床房（乳膠床墊+小度客控）:HK$282']"
海口明光勝意大酒店（高鐵東站龍湖天街店）,9.4,"['雲端景觀雙床房（觀景雲端）:HK$315', '豪華大床房（落地窗+浴缸）:HK$337', '雲端景觀大床房（觀景雲端）:HK$337', '勝意親子主題房（置身童趣樂園）:HK$373', '豪華雙床房（落地窗+浴缸）:HK$392', '100寸巨幕影院大床房（杜比音效，暢享影院級觀影）:HK$480']"
良智滙品酒店（海口美蘭機場金地雲海灣店）,9.5,"['良知·AI舒適大床房（全屋智能）:HK$251', '本心·AI甄選雙床房（全屋智能）:HK$262', 'HK系列·AI輕氧大床房（全屋智能）:HK$273', 'WISE·AI尊享大床房:HK$284']"
濱江萬璟酒店（椰海大道美蘭機場店）,9.5,"['悦享·康城大床房（護脊床墊+零壓記憶枕+沉浸式觀影）:HK$264', '靜享·深睡雙床房（金可兒加長護脊床墊+全屋智能+零壓記憶枕+徠芬吹風機+天福茶藝）:HK$302', '謐享·深睡大床房（金可兒加長護脊床墊+全屋智能+零壓記憶枕+徠芬吹風機+天福茶藝）:HK$312', '尊享·璟庭大床房（高配版品質進階+法國歐瓏洗護）:HK$394', '舒享·福滿家庭房（高配版品質進階+法國歐瓏洗護）:HK$440']"
海口美蘭國際機場酒店（T1T2客運大樓店）,9.4,"['標準雙床房:HK$436', '標準大床房:HK$453', '高級大床房:HK$474', '高級雙床房:HK$474', '豪華大床房:HK$524']"
奧朵酒店（海口秀英港海秀西路店）,9.1,"['舒適大床房（全屋智能+65寸可投屏電視）:HK$261', '觀景豪華大床房（全屋智能+65寸可投屏電視）:HK$267', '舒適雙床房（全屋智能+65寸可投屏電視）:HK$277', '悠享影院大床房（全屋智能+100寸投影幕布+小冰箱）:HK$295']"
良智海景大酒店（國際會展中心店）,9.3,"['閲潮大床房【温泉+智能客控+記憶枕+智能潔具+一線海景】:HK$455', '悦海大床房【温泉+智能客控+記憶枕+智能潔具+直麪大海】:HK$485', '閲潮雙床房【温泉+智能客控+記憶枕+智能潔具+一線海景】:HK$501', '悦海雙床房【温泉+智能客控+記憶枕+智能潔具】:HK$542', '奢華海景雙床房【陽台海景+智能客控+洗衣機+冰箱】:HK$790', '海天親子套房【小童主題+温泉+記憶枕+智能客控+一線海景】:HK$918']"
海口朗廷酒店,9.4,"['豪華客房:HK$654', '豪華海景客房-大床:HK$718', '豪華海景客房-雙床:HK$718', '親子主題海景房:HK$832', '行政海景客房-雙床:HK$893', '行政海景客房-大床:HK$893']"
海口天佑大酒店（西海岸假日海灘）,9.1,"['海景雙床房:HK$419', '海景大床房:HK$419', '行政海景雙床房:HK$468', '行政海景大床房:HK$468', '商務套房:HK$661', '行政商務套房:HK$1,015']"
海口五指山國際温泉酒店（騎樓老街日月廣場免税店）,9.3,"['商務大床房（天然淋浴温泉水+小冰箱）:HK$272', '商務雙床房（天然淋浴温泉水+小冰箱）:HK$272', '豪華雙床房（天然淋浴温泉水+智能窗簾+小冰箱）:HK$327', '温泉浴療豪華大床房（天然淋浴温泉水+開放式浴缸）:HK$348', '温泉浴療豪華雙床房（天然淋浴温泉水+開放式浴缸）:HK$348']"
永嘉大酒店（海南省人民醫院汽車西站店）,9.3,"['舒適大床房（智能客控+舒適床品）:HK$294', '高級大床房（智能客控+舒適床品）:HK$328', '高級雙床房（智能客控+舒適床品）:HK$328', '豪華大床房（智能客控+舒適床品）:HK$349', '豪華通用房（智能客控+舒適床品）:HK$349']"
海口希爾頓酒店,9.4,"['開放式公寓套房:HK$672', '希爾頓雙床房:HK$672', '希爾頓大床房:HK$726', '開放式海景公寓套房:HK$780', '海景大床房:HK$780', '海景雙床房:HK$780']"
芒果水晶酒店（海口美蘭機場店）,9.4,"['林間景緻大床房（智能客控+55寸智能電視+深睡床墊+封閉窗）:HK$227', '景觀舒適雙床房（智能客控+55寸智能電視+深睡床墊+乾濕分離+柔軟床品）:HK$271', '陽光高級大床房（智能客控+55寸智能電視+特大床深睡床墊+乾濕分離）:HK$271', '家庭三人房（智能客控+55寸智能電視+超大空間+深睡床墊+乾濕分離）:HK$304']"
皇馬假日南洋博物館酒店（海口騎樓老街店）,9.4,"['星空巨幕影院房【百寸投屏-杜比環繞-沉浸式追劇觀賽】:HK$381', '南洋風情雙床房【南洋十國風情-大落地窗】:HK$385', '夢迴南洋乳膠房【南洋十國風情-乳膠床品】:HK$388', '南洋庭院大床房【零壓床品】:HK$406', '南洋江景大床房【騎樓老街老字號-觀景落地窗-俯瞰江景】:HK$432']"
格菲酒店（海口高鐵東站南北水果市場店）,9.5,"['格菲大床房「智能小度+酣暢甜睡」:HK$168', '格菲雙床房「智能小度+酣暢甜睡」:HK$168', '格菲.高級大床房「智能客控+55寸電視投屏+採光通透」:HK$198', '格菲.高級雙床房「智能客控+55寸電視投屏」:HK$198']"
海口中心CitiGO歡閣酒店,9.5,"['歡閣雙床房「小冰箱+智能客控+漢斯格雅淋浴」:HK$246', '歡閣大床房「小冰箱+智能客控+漢斯格雅淋浴」:HK$246', '歡閣豪華大床房「小冰箱+智能客控+漢斯格雅淋浴」:HK$264', '歡逸大床房「小冰箱+智能客控+漢斯格雅淋浴」:HK$284', '歡逸雙床房「小冰箱+智能客控+漢斯格雅淋浴」:HK$284']"
海口西海岸假日酒店,9.2,"['高級大床房:HK$444', '豪華雙床房:HK$513', '豪華海景超大床房:HK$513', '親子海景超大床房-海底小縱隊:HK$584', '豪華景觀超大床房:HK$619', '單卧海景套房:HK$1,509']"
海口駿豪酒店（國貿中心店）,9.5,"['駿豪高級城際大床房:HK$405', '駿豪高級城際雙床房:HK$405', '駿豪雅緻城際大床房:HK$417', '駿豪雅緻城際雙床房:HK$417', '駿豪精選城際大床房:HK$449', '駿豪精選城際雙床房:HK$449']"
自在音樂民宿（騎樓老街店）,9.3,"['騎樓丨雅眠雙床房（無窗配有新風系統）:HK$162', '騎樓丨雅眠大床房:HK$162', '騎樓丨院景大床房:HK$174', '騎樓丨院景LOFT複式大床房:HK$179']"
海口索菲特大酒店,9.6,"['索菲特景觀大床房:HK$667', '索菲特景觀雙床房:HK$667', '索菲特灣景雙床房:HK$727', '索菲特海景大床房:HK$765', '行政景觀大床房:HK$930', '行政景觀雙床房:HK$930']"
海口博源酒店（騎樓老街雲洞圖書館店）,9.5,"['雅緻大床房:HK$351', '雅緻雙床房:HK$351', '精緻大床房:HK$371', '精緻雙床房:HK$371', '親子雙床房:HK$371']"
海口韋豪温泉大酒店（省政府日月廣場免税店）,9.2,"['韋豪園景大床房:HK$234', '韋豪園景雙床房:HK$234', '經典舒適雙床房:HK$262', '經典舒適大床房:HK$262', '輕奢園景大床房（冷暖空調+電視投屏）:HK$281']"
海口鴻園酒店公寓·雅詩閣臻選,9.4,"['豪華行政大床房-寵物友好-可烹飪+家電廚具+洗烘一體機:HK$438', '豪華行政雙床房-可烹飪+家電廚具+洗烘一體機:HK$438', '豪華行政海景雙床房（可雙拼大）-可烹飪+洗烘一體機:HK$466', '行政海景大床房-可烹飪+家電廚具+洗烘一體機:HK$474', '行政大床房-可烹飪+家電廚具+洗烘一體機:HK$479', '一房行政套房+親子房佈置+可烹飪+洗烘一體機:HK$763']"
海口國貿中心美居酒店,9.7,"['標準房大床（智能客控+65寸可投屏電視+小冰箱）:HK$482', '標準房雙床（智能客控+65寸可投屏電視+小冰箱）:HK$482', '高級房大床（智能客控+65寸可投屏電視+小冰箱）:HK$513', '高級房雙床（智能客控+65寸可投屏電視+小冰箱）:HK$513', '豪華房大床（超大落地窗+智能客控+65寸可投屏電視+小冰箱）:HK$542']"
海口椰喜堂騎樓花園酒店（騎樓老街店）,9.3,"['Coco簡約大床房（新風系統）:HK$303', 'Coco簡約雙床房（新風系統）:HK$334', 'Coco舒適大床房:HK$370', 'Coco舒適雙床房:HK$405']"
寶華海景大酒店（海口國貿中心萬綠園店）,8.9,"['市景雙床房:HK$354', '市景大床房:HK$412', '海景雙床房:HK$412', '高級市景雙床房:HK$412', '海景大床房:HK$479']"
海口SKYBIRD嘉虹酒店（騎樓老街店）,9.4,"['舒適大床房（55寸投屏電視+深睡記憶枕）:HK$347', '舒適房雙床房（55寸投屏電視+深睡記憶枕）:HK$347', '商務艙大床房（深睡記憶枕+陽台）:HK$364', '商務艙雙床房（55寸投屏電視+深睡記憶枕）:HK$364', '尊享女生大床房（按摩椅+小冰箱）:HK$398']"
海口寰海閣騎樓建築博物館酒店,9.8,"['騎樓景觀大床房:HK$948', '騎樓景觀雙床房:HK$1,104', '熱帶花園套房:HK$1,187', '家庭親子天井套房:HK$1,347']"
海榆天悦民宿（海口美蘭機場鴻洲江山店）,9.9,"['無憂丨高級零壓大床房（夢百合床品）:HK$255', '以樂 | 智能特色圓床房（夢百合零壓床墊+枕頭）:HK$270', '歸來| 家庭親子套房（夢百合零壓床墊＋枕頭）:HK$323', '吾悦|景觀智能豪華零壓大床房:HK$338']"
維也納酒店（海口國興大道省政府店）,9.6,"['標準大床房（超大床+萊芬吹風筒+小度智控）:HK$237', '豪華雙床房（床品舒適+高空美景+小度智控）:HK$272', '高級大床房（超大床+萊芬吹風筒+小度智控）:HK$278', '豪華大床房（床品舒適+高空美景+小度智控）:HK$312']"
莜驛酒店（海南大學白沙門公園店）,9.3,"['零壓舒適大床房（智能小度）:HK$166', '零壓舒適雙床房（智能小度）:HK$166', '零壓豪華大床房（智能小度）:HK$181', '零壓豪華雙床房（智能小度）:HK$181']"
海口國興大道漫心府（省政府店）,9.5,"['心怡標準大床房（絲漣床墊+65寸可投屏電視+小冰箱）:HK$402', '心悦高級雙床房（絲漣床墊+65寸可投屏電視+小冰箱）:HK$422', '心悦高級大床房（絲漣床墊+65寸可投屏電視+小冰箱）:HK$432', '心享豪華大床房（絲漣床墊+65寸可投屏電視+小冰箱）:HK$468', '心享主題親子房（小童用品+絲漣床墊+小冰箱）:HK$468']"
海口萬豪酒店,9.3,"['豪華花園大床房:HK$763', '豪華花園雙床房:HK$763', '豪華海景雙床房:HK$888', '豪華海景大床房:HK$888', '奢麗海景大床房（高樓層）:HK$1,076', '奢麗海景雙床房（高樓層）:HK$1,076']"
荷泰酒店（高鐵東站海南師範大學龍昆南校區店）,9.5,"['雅緻雙床房（全景落地窗+俯瞰瓊台夜景+智能投屏）:HK$315', '悦享雙床房（全景落地窗+俯瞰瓊台夜景+智能投屏）:HK$336', '雅緻大床房（全景落地窗+俯瞰瓊台夜景+智能投屏）:HK$357', '悦享大床房（全景落地窗+俯瞰瓊台夜景+智能投屏）:HK$370', '雅居行政房（1張雙人大床+1張單人床，全景落地窗）:HK$370']"
菲爾普斯酒店（海口美蘭國際機場T1T2客運大樓店）,9.2,"['舒適好眠大床房（零壓床墊+全屋智能）:HK$177', '侘寂夜色雙床房（全屋智能+記憶枕）:HK$197', '探趣設計大床房（智能客控+品牌床墊）:HK$209', '趣玩窗景雙床房（三區分離+智能馬桶）:HK$224']"
海口暉廷雲居酒店,9.5,"['穀雨·湖景大床房（全屋智能語音控制+智能馬桶+小冰箱）:HK$375', '白露·日光雙床房（全屋智能語音控制+智能馬桶+小冰箱）:HK$410', '冬至·高級親子房（全屋智能語音控制+智能馬桶+小冰箱+小童洗護用品）:HK$418', '夏至·舒適親子房（全屋智能語音控制+智能馬桶+小冰箱+小童洗護用品）:HK$453', '立秋·高級套房（全屋智能語音控制+浴缸+智能馬桶+小冰箱）:HK$513']"
海口國貿同派酒店,9.7,"['舒適大床房:HK$442', '舒適雙床房:HK$442', '輕享大床房:HK$491', '輕享雙床房:HK$491', '趣享海景大床房:HK$535']"
