酒店名称,评分,房型价格列表
海西大柴旦翡翠湖大酒店,9.3,"['特惠雙床房（加濕器）:HK$382', '特價大床房（加濕器）:HK$382', '豪華大床房（加濕器）:HK$509', '豪華雙床房（加濕器）:HK$509', '豪華親子間（加濕器）:HK$535']"
德令哈藍天白雲大酒店（德令哈市中心廣場店）,9.2,"['智能豪華雙人房:HK$936', '智能豪華大床房:HK$936', '智能豪華三人房:HK$1,014', '智能氧吧商務套房:HK$1,527']"
德令哈金陵德都大酒店,9.0,"['靜雅大床房:HK$918', '靜雅雙床房:HK$918', '靜雅豪華雙床房:HK$963', '河景大床房:HK$963', '行政套房:HK$1,095']"
影湖鑽石星空酒店,9.4,"['夢幻木屋雙床房:HK$928', '夢幻木屋親子房:HK$1,207', '觀星大床房:HK$1,300', '鑽石觀星雙床房:HK$1,300']"
海西大柴旦聚鑫源大酒店,9.3,"['豪華標準間（加濕器）:HK$320', '豪華大床房（加濕器）:HK$321', '親子間（加濕器）:HK$417', '加氧豪華雙床房（加濕器）:HK$417', '豪華三人間（加濕器）:HK$418']"
茶卡樺程大酒店,8.8,"['景觀大床房（氧氣機+加濕器）:HK$369', '景觀豪華大床房（氧氣機+加濕器）:HK$426', '景觀豪華雙床房（氧氣機+加濕器）:HK$426', '景觀豪華親子間（氧氣機+加濕器）:HK$554', '景觀豪華三人間（氧氣機+加濕器）:HK$554']"
德令哈八瓣格桑民宿,9.5,"['素雅特惠大床房:HK$859', '歸心品質雙床房:HK$927', '藍海雙床房:HK$962', '天晴雙床房:HK$962']"
海西金夢假日酒店（大柴旦翡翠步行街店）,9.3,"['金夢特惠雙床標準間（飲水機&加濕器）:HK$446', '金夢智愛大床房（飲水機&加濕器）:HK$474', '智雅豪華雙床標間（飲水機&加濕器）:HK$474', '智美豪華三人間（暖氣房）（飲水機&冰箱&加濕器&酒店提供自助洗衣機）:HK$653']"
德令哈星空之城酒店,8.9,"['精緻私密大床房:HK$518', '優享私密雙床房:HK$518', '街景尊享雙床房:HK$548', '甄選尊享三床房:HK$689']"
德令哈中德大酒店,9.2,"['MINI河景大床房:HK$450', '舒適雙床房:HK$477', '豪華標準間:HK$533', '豪華大床房:HK$559']"
德令哈憶江南民宿,9.5,"['暖居·獨門獨院輕奢休閑大床房（記憶枕+空調+加濕器）:HK$419', '喜樂·如意-輕奢投影星空大床房（記憶枕+空調加濕器）:HK$503', '平安·吉祥-豪華家庭親子套房（記憶枕+空調+加濕器）:HK$539', '家和·獨門獨院豪華家庭套房（記憶枕+空調+加濕器）:HK$762']"
茶卡晚楓酒店,9.0,"['高級雙床房（加濕器）:HK$730', '豪華雙床房（製氧機+加濕器）:HK$822', '豪華大床房（製氧機＋加濕器）:HK$822', '高級大床房（加濕器）:HK$954', '三人間（製氧機＋加濕器）:HK$971']"
海西大柴旦悅豪尚怡大酒店（翡翠步行街店）,8.8,"['雅緻大床房:HK$293', '豪華標準間:HK$326', '豪華大床房:HK$326']"
茶卡白蘭道酒店,9.2,"['舒適雙床房（空調+移動製氧機+加濕器）:HK$791', '舒適大床房（空調+移動製氧機+加濕器）:HK$803', '豪華雙床房（空調+移動製氧機+加濕器）:HK$859', '豪華大床房（空調+移動製氧機+加濕器）:HK$884', '家庭親子間（空調+移動製氧機+加濕器）:HK$1,288']"
茶卡金恆基大酒店,9.0,"['富氧商務雙床房（加濕器+凈水器）:HK$700', '富氧觀景雙床房（加濕器+凈水器）:HK$749', '富氧觀景大床房（加濕器+凈水器）:HK$749', '富氧豪華親子房（加濕器+凈水器）:HK$866', '富氧豪華雙床房（加濕器+凈水器）:HK$866']"
茶卡鹽道酒店,9.1,"['舒適標準間（定製床墊+智能馬桶+移動製氧機）:HK$556', '高級大床房（定製床墊+智能馬桶+移動製氧機）:HK$556', '豪華標準間（定製床墊+智能馬桶+移動製氧機）:HK$577', '榻榻米標間（定製床墊+智能馬桶+移動製氧機）:HK$622', '豪華套房（定製床墊+智能馬桶+移動製氧機）:HK$1,180']"
烏蘭星宿草原星空客棧（茶卡店）,9.0,"['浪漫花園星空影院大床房:HK$374', '全景草原星空影院大床房:HK$431']"
格爾木火車站黃河中路亞朵酒店,9.7,"['高級大床房（恆温、恆濕、負氧離子健康六恆空間）:HK$861', '高級山景大床房（恆温、恆濕、負氧離子健康六恆空間）:HK$987', '高級雙床房（恆温、恆濕、負氧離子健康六恆空間）:HK$987', '尊享大床房（恆温、恆濕、負氧離子健康六恆空間）:HK$1,041', '尊享山景大床房（恆温、恆濕、負氧離子健康六恆空間）:HK$1,086']"
德令哈德瑞驛汽車酒店（海西會議中心店）,9.5,"['尊享豪華大床房（聯排別墅+會客沙發+智能衞浴）:HK$815', '尊享豪華雙床房（聯排別墅+會客沙發+智能衞浴）:HK$827', '尊貴兩室一廳套房（聯排別墅+會客沙發+智能衞浴）:HK$1,421', '豪華家庭兩室一廳套房（聯排別墅+會客沙發+智能衞浴）:HK$1,502', '尊貴三室一廳套房（聯排別墅+會客沙發+智能衞浴）:HK$2,131']"
德令哈德勒大酒店,9.3,"['經濟雙床房:HK$564', '河景豪華標準間:HK$664', '精品大床房:HK$664', '温馨三人間:HK$877']"
希岸酒店（格爾木黃河路店）,9.7,"['希岸豪華雙床房（全屋地暖+夢百合床墊+舒適睡眠+加濕器）:HK$470', '玲瓏大床房（全屋地暖+夢百合床墊+舒適睡眠+加濕器）:HK$476', '希岸高級雙床房（全屋地暖+夢百合床墊+舒適睡眠+加濕器）:HK$496', '顏值LAB（全屋地暖+夢百合床墊+舒適睡眠+加濕器）:HK$500']"
海西大柴旦誠悅陽光酒店,9.1,"['特惠雙床房（靜謐·加濕器）:HK$392', '豪華雙人間（雪山景+超柔親膚布草+舒適好眠+加濕器）:HK$469', '豪華大床房（超柔親膚布草+舒適好眠+加濕器）:HK$469', '温馨親子間（超柔親膚布草+舒適好眠+加濕器）:HK$513']"
德令哈蘭韻共享小院（碧桂園店）,9.7,"['花海36㎡舒適標間:HK$524', '36親子間:HK$582', '40平中式榻榻米:HK$647', '34平標準間:HK$649']"
烏蘭茶卡棲苑民宿,9.4,"['「乳穹眠境」大床房（星空照·氧氣·加濕器）:HK$629', '「鹽畔靜居」雙床房（星空照·氧氣·加濕器）:HK$659', '「雲鏡雙棲」雙床房（星空照·氧氣·加濕器）:HK$852', '「歡語閣」親子套房（星空照·氧氣·加濕器）:HK$889']"
海西雲海天衢酒店,8.8,"['特惠大床房【加濕器】:HK$226', '特惠雙床房【加濕器】:HK$226', '雪山觀景雙床房【樂享雪景-加濕器】:HK$320', '景觀大床房【樂享山景-加濕器】:HK$320', '悦享雙床房【優選品質-智能馬桶】:HK$320']"
海西大柴旦西海明珠大酒店,9.0,"['輕享陽光標準間（製氧機+加濕器+地暖）:HK$425', '行政精英雙床房（製氧機+加濕器+地暖）:HK$496', '精緻別雅大床房（製氧機+加濕器+地暖）:HK$503', '樂享三人—親子間（製氧機+加濕器+地暖）:HK$588', '豪華套房（製氧機+加濕器+地暖）:HK$1,198']"
烏蘭融舍民宿,9.3,"['綠野·有氧雙床房 （製氧機·星空照·加濕器）:HK$238', '星河·空調星空房 （空調·星空照·加濕器）:HK$238', '陽光·投影大床房 （氧氣·星空照·加濕器）:HK$238']"
全季酒店（大柴旦翡翠步行街店）,9.5,"['特價大床房（空調+mini小冰箱+品牌床墊+加濕器）:HK$452', '高級雙床房（空調+mini小冰箱+品牌床墊+加濕器）:HK$482', '豪華雙床房（空調+mini小冰箱+品牌床墊+加濕器）:HK$492', '高級大床房（空調+mini小冰箱+製氧機+品牌床墊+加濕器）:HK$502']"
格爾木市黃河國際大酒店,9.8,"['富氧商務大床房（彌散式供氧+全天中央空調+芳香加濕器）:HK$763', '富氧市景大床房（彌散式供氧+全天中央空調+芳香加濕器）:HK$785', '富氧商務雙床房（彌散式供氧+全天中央空調+芳香加濕器）:HK$785', '富氧純凈大床房（裸棉床品+記憶枕+除蟎儀+凈化器）:HK$785', '富氧純凈雙床房（裸棉床品+記憶枕+除蟎儀+凈化器）:HK$796']"
漢庭酒店（格爾木崑崙廣場店）,9.6,"['高級大床房（獨立空調+加濕器+智能馬桶）:HK$456', '商務大床房（獨立空調+加濕器+智能馬桶）:HK$474', '高級雙床房（獨立空調+加濕器+智能馬桶）:HK$474', '豪華大床房（獨立空調+加濕器+智能馬桶）:HK$493']"
麗呈別院·天慕（格爾木世邦城市廣場店）,9.5,"['落地小築雙人房（供氧+全屋智能+獨立空調+加濕器）:HK$575', '天慕特價大床房（供氧+全屋智能＋獨立空調+加濕器+智能馬桶+地暖）:HK$601', '天慕特價雙床房（供氧+智能+空調+加濕器+智能馬桶）:HK$610', '翡冷景觀大床房（供氧+全屋智能+獨立空調+露台+加濕器）:HK$661', '秋風庭院房（供氧+全屋智能+獨立空調+獨立庭院+加濕器）:HK$662']"
茶卡天空壹號星空客棧,8.5,"['鹽湖標準間:HK$344', '温馨大床房:HK$395', '温馨標準間:HK$395', '鹽湖三人間:HK$434']"
德令哈森元巴音河酒店,8.7,"['氧吧大床房:HK$609', '氧吧標準房:HK$609', '氧吧親子房:HK$803', '氧吧三人房:HK$803', '氧吧豪華套房:HK$1,835']"
茶卡鹽湖星空泡泡屋酒店,8.9,"['星湖祕境|房車供氧大床房-星空天幕:HK$969', '星湖祕境|房車供氧雙床房-星空天幕:HK$969', '星辰湖畔|泡泡屋雙床房·靜隅-透明星空頂+觀景望遠鏡:HK$1,067', '星河枕夢|泡泡屋大床房-透明星空頂+觀景望遠鏡:HK$1,164']"
茶卡錦天世紀大酒店,8.7,"['富氧·豪華雙床房（彌散供氧+加濕器+中央空調）:HK$1,026', '富氧·豪華大床房（彌散供氧+加濕器+中央空調）:HK$1,026', '富氧豪華女神房（彌散供氧+加濕器+中央空調）:HK$1,039', '富氧·尊貴大床套房（彌散供氧+加濕器+中央空調）:HK$1,048', '富氧·豪華三床房（彌散供氧+加濕器+中央空調）:HK$1,588']"
茶卡鹽湖星入海大酒店,9.1,"['特價標準間:HK$327', '觀景豪華標準間:HK$376', '豪華大床房:HK$376', '觀景豪華三人間:HK$561']"
茶卡天空壹號酒店（天空壹號景區店）,9.1,"['豪華大床房（製氧機+加濕器）:HK$1,414', '豪華標準間（製氧機+加濕器）:HK$1,414', '親子間（製氧機+加濕器）:HK$1,568', '豪華套房（製氧機+加濕器）:HK$2,187']"
德令哈詩城花園酒店,9.6,"['豪華大床房:HK$970', '精緻標間:HK$970', '舒適標間:HK$1,026', '舒適大床房:HK$1,026', '豪華標間:HK$1,092']"
茶卡鴻鑫大酒店（茶卡鹽湖景區店）,8.6,"['舒適雙床房（舒睡好眠+臨窗觀景）:HK$335', '陽光輕奢雙床房（舒睡好眠+臨窗觀景）:HK$360', '陽光輕奢大床房（舒睡好眠+臨窗觀景）:HK$386', '超享三人行——親子房（釋壓床墊+臨窗觀景）:HK$527']"
茶卡鹽湖君道酒店,8.9,"['君道·輕奢舒適房（製氧機+加濕器）:HK$140', '君道·輕奢雙床房（製氧機+加濕器）:HK$249', '君道·輕奢大床房（製氧機+加濕器）:HK$249', '星落庭院·圓床房（製氧機+加濕器）:HK$276']"
大柴旦柴達木花園酒店,9.1,"['商務大床房（製氧機+地暖+加濕器+高速吹風機）:HK$686', '商務雙人間（製氧機+地暖+加濕器+高速吹風機）:HK$686', '豪華雙床房（製氧機+地暖+加濕器+高速吹風機）:HK$740', '豪華大床房（製氧機+地暖+加濕器+高速吹風機）:HK$740', '親子房（製氧機+地暖+加濕器+高速吹風機）:HK$795']"
海西大柴旦守信龍之夢大酒店（翡翠步行街店）,9.0,"['豪華標間（加濕器）（地暖）:HK$1,193', '温馨大床房（空調）（加濕器）:HK$1,289', '豪華親子房（加濕器）（地暖）:HK$1,381', '商務家庭房（加濕器）（地暖）:HK$1,381', '夜景親子間（空調）（加濕器）:HK$1,381']"
海西大柴旦像素酒店,8.8,"['胭脂山 | 靜謐特惠雙床房【親膚床品&安睡床墊】:HK$196', '翡翠湖 | 靜享豪華大床房【安睡加濕器&親膚床品】:HK$255', '察爾汗鹽湖 | 樂享豪華雙床房【安睡加濕器&親膚床品】:HK$255', '黑獨山 | 臻享富氧豪華雙床房【製氧機&安睡加濕器】:HK$378']"
星程酒店（幸福路店）,9.2,"['高級大床房（品牌床墊+加濕器）:HK$223', '高級雙床房（品牌床墊+加濕器）:HK$242', '覆氧大床房（品牌床墊+瀰漫式製氧機）:HK$242', '覆氧雙床房（品牌床墊+瀰漫式製氧機）:HK$279']"
大柴旦光影之城野奢帳篷酒店,8.8,"['金草碧波·觀景大床房（地暖+加濕器+高原製氧機）:HK$962', '金草碧波·觀景雙床房（地暖+加濕器+高原製氧機）:HK$962', '暮野湖光·奢華大床房（地暖+加濕器+高原製氧機）:HK$1,508', '暮野湖光·奢華雙床房（地暖+加濕器+高原製氧機）:HK$1,508']"
格爾木莫蘭蒂酒店,9.5,"['豪華大床房丨深睡助眠床墊+加濕器:HK$275', '豪華標準間丨深睡助眠床墊+加濕器:HK$275', '觀影榻榻米房丨深睡助眠床墊+加濕器:HK$307', '休閑三人間丨深睡助眠床墊+加濕器:HK$349']"
德令哈天諧商務酒店,10.0,"['温馨大床房:HK$411', '豪華標準房:HK$411', '舒適三人間:HK$470', '親子三人間:HK$490']"
格爾木凱邦大酒店,9.3,"['尊享影音大床房（100寸投影+騰訊會員+minibar暢享）:HK$654', '豪華大床房:HK$752', '豪華雙床房:HK$752', '昆崙山景大床房:HK$763', '親子房:HK$796', '小黃鴨主題房:HK$796']"
漢庭酒店（茶卡鹽湖店）,9.3,"['雙床房（地暖+加濕器）:HK$567', '高級大床房（地暖+加濕器）:HK$642', '豪華大床房（地暖+加濕器）:HK$661', '豪華家庭房（地暖+加濕器）:HK$679']"
麗呈睿軒酒店（茶卡店）,8.3,"['豪華大床房（彌散式供氧＋智能客控+智能馬桶）:HK$402', '豪華雙床房（彌散式供氧＋智能客控+智能馬桶）:HK$402', '雪山景觀大床房（彌散式供氧＋智能客控+智能馬桶）:HK$435', '雪山景觀雙床房（彌散式供氧＋智能客控+智能馬桶）:HK$435']"
