酒店名称,评分,房型价格列表
全季酒店（淄博上海路海岱樓店）,9.8,"['大床房:HK$365', '雙床房:HK$375', '高級大床房:HK$394', '商務大床房:HK$412']"
知味齋·文昌書院酒店,9.8,"['宿雲軒園景大床房:HK$959', '宿雲軒雅緻雙床房:HK$959', '天海閣庭院雙床房:HK$1,112', '天海閣庭院大床房:HK$1,112', '沁香閣湖景小童大床套房:HK$1,791']"
全季酒店（淄博博山西冶街店）,9.9,"['高級大床房（智能客控+小冰箱）:HK$299', '商務大床房（智能客控+小冰箱）:HK$318', '商務雙床房（智能客控+小冰箱）:HK$318', '家庭房（智能客控+小冰箱）:HK$346']"
淄博觀博陽光酒店（魯泰大道店）,9.6,"['雅緻雙床房（智能投屏+徠芬吹風機+乾濕分離）:HK$377', '雅緻大床房（超大床+手機投屏+乾濕分離）:HK$389', '豪華雙床房（乾濕分離+舒適床品+手機投屏）:HK$410', '豪華大床房（乾濕分離+舒適床品+手機投屏）:HK$421', '豪華荷里活（超大床+手機投屏+乾濕分離）:HK$433']"
桔子酒店（淄博柳泉路店）,9.6,"['高級大床房:HK$284', '商務大床房:HK$303', '豪華雙床房:HK$332', '豪華大床房:HK$341']"
淄博山東理工大學北京路亞朵酒店,9.7,"['高級大床房（小度智能客控+電視投屏+恆温花灑+小冰箱）:HK$449', '行政雙床房（小度智能客控+電視投屏+恆温花灑+小冰箱）:HK$503', '行政大床房（小度智能客控+電視投屏+恆温花灑+小冰箱）:HK$520', '幾木雙床房（小度智能客控+電視投屏+恆温花灑+小冰箱）:HK$520', '幾木大床房（小度智能客控+電視投屏+恆温花灑+小冰箱）:HK$548']"
淄博大街雅舍民宿,9.9,"['雅舍·樂遊B:HK$535', '雅舍·樂遊A:HK$656', '雅舍·古韻:HK$656', '雅舍·古韻雙床房B:HK$753', '雅舍·敍樂單床房:HK$808']"
全季酒店（淄博臨淄齊文化博物館店）,9.7,"['高級大床房:HK$302', '商務雙床房:HK$322', '商務大床房:HK$322', '家庭房:HK$341']"
淄博齊軒酒店（陶瓷琉璃館山東理工店）,9.8,"['優享大床房（全屋智能客控+新風系統+零壓護脊）:HK$270', '商務大床房（全屋智能客控+新風系統+零壓護脊）:HK$300', '高級大床房（全屋智能客控+零壓護脊+冰箱）:HK$304', '豪華大床房（全屋智能客控+零壓護脊+冰箱）:HK$316']"
喬治莫蘭迪酒店（淄博萬象滙八大局店）,9.3,"['高級大床房（無窗）:HK$363', '商務大床房【零壓床墊】:HK$385', '商務雙床房【零壓床墊】:HK$405', '雅緻大床房【零壓床墊】:HK$407', '豪華大床房【浴缸】【零壓床墊】:HK$448']"
山東齊盛國際賓館,9.4,"['豪華標準間:HK$503', '豪華單間:HK$569', '商務單間:HK$621', '豪華兩間套間:HK$1,139']"
逸柏國際酒店（淄博萬象滙八大局店）,9.4,"['途選大床房【智能客控】:HK$194', '途選雙床房【智能客控】:HK$194', '途奢大床房【智能客控】:HK$222', '途奢雙床房【智能客控】:HK$222']"
麗飴酒店（淄博萬象滙八大局店）,9.4,"['標準大床房:HK$236', '標準雙床房:HK$236', '豪華大床房:HK$268', '豪華雙床房:HK$268']"
宜尚酒店（淄博八大局萬象滙店）,9.6,"['舒適大床房（新風負氧+智能客控+零壓床墊）:HK$434', '舒適雙床房（新風負氧+智能客控+零壓床墊）:HK$444', '商務智能大床房（智能客控+智能馬桶+零壓床墊）:HK$452', '豪華智能大床房（智能客控+智能馬桶+零壓床墊）:HK$477']"
桔子酒店（淄博臨淄大道店）,9.7,"['加州陽光大床房:HK$290', '加州陽光高級大床房:HK$309', '加州陽光觀景雙床房:HK$309', '加州陽光觀景大床房:HK$327']"
淄博大學城漫亭花園酒店,9.7,"['舒適大床房:HK$404', '商務大床房:HK$437', '商務雙床房:HK$437', '行政大床房:HK$470', '家庭房:HK$491']"
銀座精宿（淄博人民公園八大局店）,9.3,"['惠選雙床房（直飲水機）:HK$246', '惠選大床房（直飲水機）:HK$246', '優選大床房（直飲水機）:HK$264', '優選雙床房（直飲水機）:HK$264']"
淄博高新區柳泉路亞朵酒店,9.5,"['高級大床房（可手機投屏）:HK$368', '高級雙床房（可手機投屏）:HK$386', '行政大床房（可手機投屏）:HK$404', '行政雙床房（迷你小冰箱+浴袍+手機投屏）:HK$422', '幾木大床房（迷你小冰箱+浴袍+手機投屏）:HK$440']"
淄博民泰温泉假日酒店,9.3,"['花園大床房:HK$348', '醇享大床房:HK$360', '經濟大床房:HK$415', '尊享行政大床房:HK$468']"
全季酒店（淄博金晶大道八大局市場店）,9.7,"['高級大床房:HK$362', '高級雙床房:HK$382', '商務大床房:HK$392', '商務雙床房:HK$413']"
全季酒店（淄博新村西路博物館店）,9.7,"['高級大床房:HK$341', '高級雙床房:HK$362', '商務大床房:HK$372', '商務雙床房:HK$392']"
淄博海悦瑞景酒店（淄博大學城店）,9.7,"['甄選大床房:HK$440', '甄選雙床房:HK$440', '清新氧吧雙床房:HK$477', '清新氧吧大床房:HK$477', '零壓大床房:HK$492']"
淄博張店八大局希爾頓歡朋酒店,9.6,"['舒適大床房:HK$800', '高級大床房:HK$820', '高級雙床房:HK$820', '豪華大床房:HK$858', '豪華雙床房:HK$858']"
星程酒店（淄博火車站八大局店）,9.1,"['大床房:HK$225', '高級雙床房:HK$234', '高級大床房:HK$244', '商務大床房:HK$254']"
淄博八大局莫蘭迪酒店（火車站店）,9.6,"['高級大床房【無窗】（0壓床墊+小冰箱）:HK$358', '商務大床房（0壓床墊+小冰箱）:HK$414', '商務雙床房（0壓床墊+小冰箱）:HK$470', '豪華大床房（0壓床墊+浴缸＋小冰箱）:HK$526', '尊享大床房（0壓床墊+浴缸＋小冰箱）:HK$581']"
淄博銀座華美達大酒店,9.2,"['高級雙床房:HK$480', '高級大床房:HK$491', '豪華大床房:HK$688', '商務套房:HK$732', '海底小縱隊主題房:HK$770']"
淄博萬豪萬楓酒店,9.6,"['商務大床房:HK$448', '商務雙床房:HK$448', '優選大床房:HK$502', '優選雙床房:HK$502', '家庭房:HK$721']"
如家商旅酒店（淄博柳泉路火炬公園店）,9.6,"['大床房:HK$225', '商務大床房A:HK$233', '雙床房A:HK$233', '高級大床房:HK$252']"
亞蘭酒店（山東理工大學宏程國際廣場店）,8.9,"['輕奢城景舒適大床房（空氣通透超美夜景一覽無餘）:HK$148', '豪華超大舒適大床房（60寸超清電視-超大空間雙人大床-空氣通透）:HK$158', '雅緻雙人舒適豪華標間房（60寸超清電視-乳膠床墊）:HK$167', '豪華陽光行政雙床標間房（70寸超清電視-高層視野-空氣通透-超大空間）:HK$187']"
齊長城清川上酒店,9.6,"['崖壁巖景套房:HK$4,356', '崖壁巖景豪華套房:HK$5,012', '洞穴山景豪華套房:HK$5,012', '崖壁巖景野奢套房:HK$6,435', '洞穴山景野奢套房:HK$6,435', '清川上洞穴山景別墅:HK$17,379']"
CLIFFHUB瀾舫酒店（淄博博山紅葉柿巖店）,9.7,"['商務大床房（鵝絨被+進口床墊+小冰箱+空氣凈化器）:HK$515', '豪華大床房（鵝絨被+進口床墊+小冰箱+空氣凈化器）:HK$618', '豪華雙床房（鵝絨被+進口床墊+小冰箱+空氣凈化器）:HK$722', '家庭房（鵝絨被+進口床墊+小冰箱+空氣凈化器）:HK$1,322', '行政陽光套房（鵝絨被+進口床墊+小冰箱+空氣凈化器）:HK$1,332']"
鹿鸝酒店（萬象滙八大局店）,9.7,"['高級影音房【乾濕分離+徠芬吹風機+手機投屏】:HK$278', '特色景觀房【新風系統+智能馬桶+乾濕分離】:HK$304', '高級大床房【智能馬桶+手機投屏+乾濕分離+舒適床品】:HK$334', '高級雙床房【手機投屏+智能馬桶+乾濕分離】:HK$351', '高級影音套房【新風系統+大屏投影+智能馬桶】:HK$393']"
四小衹公寓（淄博火車站八大局店）,9.5,"['城景歡樂家庭房（三室二廳）:HK$791', '輕奢雅緻家庭套房（三室二廳二衞）:HK$791', '輕奢家庭套房（三室二廳二衞）:HK$856']"
柏曼酒店（淄博淄川區政府蒲松齡故居店）,9.4,"['高級大床房（零圧床墊+手機投屏+安靜舒適）:HK$313', '高級雙床房（安靜舒適+零圧床墊+手機投屏）:HK$313', '智能高級大床房（零壓床墊+智能客控+安靜舒適）:HK$344', '豪華雙床房（安靜舒適+零壓床墊+手機投屏）:HK$352']"
淄博唐莊酒店（中潤大道店）,9.5,"['豪華雙床房:HK$525', '豪華大床房:HK$556', '風尚雙床房:HK$580', '風尚大床房:HK$623']"
淄博知味齋大飯店（周村古商城店）,9.7,"['魯韻·尊享大床房:HK$448', '魯韻·尊享雙床房:HK$471', '魯韻·豪華大床房:HK$569', '魯韻·園林觀景大床房:HK$596', '行政·城景雙床房:HK$668', '行政·湖景大床房:HK$766']"
如家商旅酒店（淄博火車站和平路店）,9.6,"['大床房（手機投屏+智能馬桶）:HK$291', '商務大床房（手機投屏+智能馬桶）:HK$311', '雙床房（手機投屏+智能馬桶）:HK$311', '高級雙床房（手機投屏+智能馬桶）:HK$329']"
淄博嘉泰嵐途酒店,9.7,"['商務標準間:HK$219', '輕奢大床房:HK$219', '豪華智能大床房:HK$249', '豪華智能標準間:HK$249']"
全季酒店（淄博臨淄大道人民廣場店）,9.5,"['大床房:HK$302', '高級大床房:HK$302', '高級雙床房:HK$312', '家庭房:HK$341']"
淄博大紅門酒店（山東理工大學博物館店）,9.2,"['特價大炕房:HK$238', '明清大炕房B:HK$259', '明清尊享大炕房（A朝陽）:HK$269', '明清豪華大炕房:HK$280']"
閲山河酒店（淄博八大局火車站店）,9.3,"['躺平治癒大床房（全屋智能）:HK$366', '閲景·智能大床房（全屋智能+小冰箱）:HK$387', '閲景·智能雙床房（全屋智能+小冰箱）:HK$387', '山河·豪華大床房（寬敞舒適+4K高清大屏電視+休閑沙發）:HK$397', '山河·豪華雙床房（休閑沙發+乾濕分離+智能馬桶）:HK$408']"
柏曼酒店（淄博陶瓷琉璃館山東理工大學店）,8.9,"['高級大床房（品牌洗護+一線景觀）:HK$240', '商務雙床房（高層闊景+品牌床墊）:HK$274', '商務大床房（靜謐臻享+採光通透+城市夜景）:HK$274', '豪華雙床房（靜謐臻享+高層闊景+採光通透）:HK$290']"
淄博周村賓館（周村古商城店）,9.6,"['悦賓樓絲緣大床房:HK$271', '迎賓樓絲藴雙床房:HK$315', '迎賓樓絲藴大床房:HK$338', '悦賓樓絲緣豪華大床房:HK$421', '惠賓樓商務標準間:HK$447']"
龍韻·悦酒店（淄博八大局印象滙店）,9.1,"['茶悦榻榻米房（茶台）:HK$233', '心悦雙床房（零壓床墊+辦公桌椅）:HK$262', '心悦大床房（零壓床墊+辦公桌椅）:HK$262', '商悦大床房（零壓床墊+辦公桌椅）:HK$298']"
潭溪山高空酒店,9.3,"['高空大床房:HK$2,188', '小黃鴨主題親子房:HK$2,188']"
全季酒店（淄博人民西路五里橋銀座店）,9.7,"['高級大床房:HK$255', '商務雙床房:HK$255', '商務大床房:HK$265', '舒壓高級大床房:HK$284']"
淄博高新區高鐵北站亞朵酒店,9.8,"['高級大床房（手機投屏）:HK$341', '高級雙床房（手機投屏）:HK$341', '行政大床房（手機投屏+小冰箱）:HK$377', '行政雙床房（手機投屏）:HK$377', '幾木雙床房（手機投屏+小冰箱+浴袍）:HK$413']"
淄博海岱樓希爾頓歡朋酒店,9.5,"['舒適大床房:HK$731', '舒適雙床房:HK$731', '高級大床房:HK$764', '高級雙床房:HK$764', '豪華大床房:HK$797']"
淄博潭溪山莊,9.2,"['舒適雙床間:HK$644', '舒適大床房:HK$753', '舒適三床房:HK$862', '森林木屋單卧標間:HK$1,081', '舒適家庭套房:HK$1,410']"
格美酒店（淄博職業學院店）,9.5,"['高級雙床房:HK$266', '商務大床房:HK$290', '特色大床房:HK$307', '商務雙床房:HK$335']"
