酒店名称,评分,房型价格列表
清遠安野.佩樂温泉民宿,9.6,"['全景觀温泉泡池雙床房丨私家觀景泡池+落地窗庭院景觀:HK$774', '私家影音温泉大床一房套房丨私家泡池+私家投影+榻榻米茶室+落地窗庭院景觀:HK$819', '全景觀温泉泡池大床房丨私家觀景泡池+180度全落地窗庭院景觀:HK$889', '私家庭院温泉雙床套房|私家庭院+庭院户外超大温泉泡池:HK$922', '溪畔野趣私家庭院温泉套房|臨溪獨棟+超大户外温泉泡池+超大雙床+溪畔私家庭院:HK$978']"
清遠人民路希爾頓歡朋酒店,9.7,"['舒適雙床房:HK$402', '舒適大床房:HK$421', '高級雙床房:HK$450', '高級大床房:HK$469', '豪華雙床房:HK$489']"
美林湖温泉大酒店,9.5,"['豪華雙床房|帶浴缸:HK$959', '豪華大床房|帶浴缸:HK$959', '美林套大床房|帶浴缸:HK$1,080', '美林套雙床房|帶浴缸:HK$1,080', '豪華家庭雙床房:HK$1,080', '超級飛俠·恐龍主題豪華雙床房:HK$1,080']"
城市便捷酒店（清遠順盈時代廣場體育館店）,9.6,"['標準大床房（舒適安靜｜記憶枕頭｜手機投屏）:HK$207', '商務大床房 （悠享辦公｜記憶枕頭｜手機投屏）:HK$213', '商務雙床房（寬敞明亮｜記憶枕頭｜手機投屏）:HK$229', '豪華智能大床房（智能客控｜空間闊綽｜手機投屏）:HK$229']"
銀盞君瀾温泉酒店,9.0,"['景觀雙人房:HK$453', '景觀泡池大床房:HK$675', '景觀泡池雙人房:HK$675', '酷芽超級飛俠恐龍主題雙床房:HK$709', '酷芽超級飛俠太空主題雙床房:HK$709']"
芸山雅筑（英西峯林走廊店）,9.8,"['標準雙床房（低樓層）:HK$446', '中層雙床房:HK$492']"
英德芸居度假酒店（英西峯林走廊店）,9.4,"['高級大床房:HK$541', '高級雙床房:HK$541', '山景雙床房:HK$653', '山景大床房:HK$653', '家庭親子房:HK$760']"
全季酒店（清城區清遠大道店）,9.6,"['高級大床房:HK$452', '商務大床房:HK$472', '高級雙床房:HK$503', '家庭房:HK$532', '套房:HK$592']"
宜尚酒店（清遠清城站市政府店）,9.6,"['智能特惠大床房（舒適安靜-手機投屏+智能客控）:HK$267', '豪華大床房（採光明亮-手機投屏-舒適床墊-）:HK$273', '高級大床房（舒適安靜-智能客控-記憶枕頭）:HK$283', '豪華雙床房（優享辦公-智能客控投屏-自助洗衣）:HK$289']"
清遠宮禾元酒店（清遠大道店）,9.2,"['標準雙床房:HK$444', '宮禾雙床房:HK$491', '宮禾大床房:HK$537', '宮禾精選雙床房:HK$537', '頭等艙大床房:HK$537', '宮禾親子家庭房:HK$695']"
有居民宿（清遠太和古洞古龍峽店）,9.4,"['無塵-標準大床房:HK$655', '若谷-園景大床房:HK$764', '雲門-標準雙床房:HK$873', '無為-高級大床房:HK$983']"
清遠清新希爾頓歡朋酒店,9.5,"['高級大床房（帶沙發床）:HK$470', '高級雙床房:HK$470', '豪華大床房（帶沙發床）:HK$558', '豪華雙床房:HK$558', '歡朋套房:HK$995']"
清遠順盈廣百亞朵酒店,9.7,"['雅緻雙床房（無線投屏）:HK$390', '雅緻大床房（無線投屏）:HK$400', '高級雙床房（無線投屏）:HK$421', '高級大床房（無線投屏）:HK$450', '高級城景雙床房（無線投屏）:HK$481']"
維也納酒店（清遠體育館市政府店）,9.5,"['豪華大床房:HK$244', '商務大床房:HK$271', '豪華雙床房:HK$298', '城景大床房:HK$306']"
清遠國際酒店,9.3,"['園景商務雙床房（帶沙發）:HK$559', '江景商務雙床房（帶沙發）:HK$608', '園景商務大床房（帶沙發）:HK$608', '江景商務大床房（帶沙發）:HK$657', '園景行政客房（帶沙發、浴缸）:HK$785', '江景行政客房（帶沙發、浴缸）:HK$839']"
清遠丁香花園酒店,9.4,"['標準雙床房:HK$445', '江景雙床房:HK$494', '標準大床房:HK$598', '江景大床房:HK$637', '標準套房:HK$943', '江景套房:HK$1,160']"
清遠新世界酒店,9.4,"['豪華大床房:HK$1,205', '豪華雙床房:HK$1,205', '豪華庭院大床房:HK$1,393', '豪華庭院雙床房:HK$1,393', '豪華園景大床房:HK$1,393', '豪華園景雙床房:HK$1,393']"
柏納酒店（清遠順盈時代廣場清城站店）,9.4,"['精選雙床房 [智能窗簾+深度好眠+高端床品]:HK$195', '精選大床房 [智能窗簾+深度好眠+高端床品]:HK$195', '豪華大床房 [智能窗簾+超大空間+高端床品]:HK$210', '豪華雙床房 [智能窗簾+超大空間+高端床品]:HK$236']"
凱里亞德酒店（清遠清新體育館飛來湖店）,9.5,"['輕享雙床房（心之安處+智能投屏+辦公桌椅）:HK$296', '輕享大床房（智能投屏+辦公桌椅+甜睡好眠）:HK$297', '優享大床房（璀璨夜景+辦公桌椅+靜謐好眠）:HK$318', '優享雙床房（全免充電器·辦公書桌椅·好眠零壓床）:HK$328']"
希岸Deluxe酒店（清遠高鐵站南岸公園店）,9.5,"['Deluxe玲瓏雙床房:HK$401', 'Deluxe玲瓏大床房（江景）:HK$445', 'Deluxe豪華雙床房:HK$445', 'Deluxe豪華大床房（江景）:HK$477', 'Deluxe商務雙床房（側面江景）:HK$489']"
英德·松香山舍The Rosin Valley Villa & SPA（積慶裏仙湖店）,9.7,"['野奢私享【天然温泉】雙床房:HK$740', '野奢私享【天然温泉】大床房:HK$740', '松香·野奢真温泉別墅4房4私池（大庭院+大燒烤池+KTV+麻雀+智能馬桶+大廚房）:HK$3,380', '松香·野奢真温泉別墅5房5私池（大庭院+大燒烤池+KTV+麻雀+智能馬桶+大廚房）:HK$3,755']"
凱里亞德酒店（清遠城市廣場店）,9.5,"['輕享大床房:HK$270', '榮享雙床房:HK$301', '輕享雙床房:HK$317', '優享城景雙床房:HK$334']"
Z-季沫設計師空中花園江景酒店（清遠市政府順盈時代廣場店）,9.3,"['沫澗雲台·智能語音·百寸投影·大床房06:HK$336', '沫澗雲台·智能語音·百寸投影·大床房09:HK$336', '沫澗山居·智能語音·百寸投影·大床房06:HK$336', '沫澗山居·智能語音·百寸投影·圓床房09:HK$336']"
麗楓酒店（清遠廣清大道清城站店）,9.6,"['標準單人房（自動窗簾+浴室音樂）:HK$216', '豪華雙床房（自動窗簾+浴室音樂）:HK$222', '商務雙床房（自動窗簾+浴室音樂）:HK$231', '豪華大床房（自動窗簾+浴室音樂）:HK$233']"
清遠長隆長頸鹿城堡酒店,9.1,"['斑馬雙床房:HK$1,091', '斑馬大床房:HK$1,091', '鹿趣大床房:HK$1,309', '鹿趣雙床房:HK$1,309', '萌趣大床房:HK$1,528', '鹿趣家庭房:HK$1,747']"
清遠龍森谷民宿,10.0,"['巒光·舒 豪華大床房-室內泡池-120寸投影:HK$1,813', '晴麓·悦 豪華雙床間-室內泡池:HK$1,909', '年輪·眠 閣樓家庭套房-户外泡池-私家後院:HK$1,913', '青椏·暖 閣樓家庭套房-室內泡池-私家後院:HK$2,201']"
清遠遠光雅閣酒店（清新古龍峽店）,9.5,"['園景高級大床房:HK$372', '晨曦夕陽高級雙床房:HK$427', '娛樂歡樂系-國粹大床房:HK$428', '城景豪華大床房:HK$470', '晨曦夕陽豪華雙床房:HK$481']"
秀山一色懸崖山居,9.9,"['湖景陽光星空房:HK$885', '雨花•湖景湯泉大床房:HK$1,137', '湖景湯泉雙床房:HK$1,268', '紅玉•湖景湯泉大床房:HK$1,268']"
麗楓酒店（清遠金碧灣店）,9.4,"['標準單人房:HK$244', '標準雙床房:HK$244', '豪華大床房:HK$250', '豪華雙床房:HK$282']"
清遠佛岡特蘭諾温泉度假酒店,9.5,"['雙床房·慕雲觀山（別墅山景+巨幕投影）:HK$729', '雙床房·行雲流水（網紅浴缸+湖景露台）:HK$870', '超大床·行雲流水·情侶套房（網紅浴缸+湖景露台）:HK$934', '雙床房·熹樂融融家庭房（趣味主題+私家湯池）:HK$1,042', '一室一廳·夜攬星河温泉套房（私家湯池+湖景露台）:HK$1,230']"
全季酒店（清遠英德店）,9.5,"['高級大床房【金可兒床墊+拾趣茶具】:HK$264', '商務大床房【金可兒床墊+拾趣茶具】:HK$293', '高級雙床房【舒適羽絨枕+電視投屏+沙發茶几】:HK$302', '家庭房【金可兒床墊+沙發茶几】:HK$321', '套房【客廳+雙衞+有機洗護用品】:HK$453']"
喆·啡酒店（清遠清城加州花園店）,9.6,"['醇享生活房:HK$276', '醇享大床房:HK$300', '醇享雙床房:HK$316', '啡凡大床房:HK$324']"
鉑頓國際公寓（清遠樵順廣場店）,8.9,"['雅緻城景大床房（城景大陽台+坐卧長沙發+深睡床墊）:HK$209', '輕奢城景大床房（城景大陽台+超大空間+坐卧長沙發）:HK$233', '輕奢城景雙床房（城景大陽台+超大空間+坐卧長沙發）:HK$257', '奢享行政家庭套房（城景大陽台+雙卧室+大會客區）:HK$306']"
麗楓酒店（清遠高鐵站碧桂園店）,9.4,"['豪華大床房（智能客控+智能馬桶+辦公方桌）:HK$316', '景觀大床房（智能客控+智能馬桶+城市景觀）:HK$340', '商務大床套房（商務辦公桌+沙發+智能馬桶）:HK$365', '豪華雙床房（智能客控+智能馬桶+辦公方桌）:HK$377']"
美豪麗致酒店（清遠清城店）,9.1,"['麗致大床房（舒適床墊）:HK$299', '麗致雙床房（舒適床墊）:HK$299', '麗致城景大床房（舒適床墊）:HK$309', '麗致城景雙床房（舒適床墊）:HK$309', '雅緻大床房（舒適床墊+空間寬敞）:HK$330']"
清遠新好來登國際酒店,9.4,"['精品大床房（小度智能）:HK$319', '怡景大床房（智能客控+迷你冰箱）:HK$372', '怡景雙床房（智能客控+迷你冰箱）:HK$372', '江景大床房（小度智能+北江美景）:HK$437', '江景雙床房（小度智能+北江美景）:HK$437']"
清遠獅子湖喜來登度假酒店,9.5,"['豪華園景雙床房 | 帶浴缸:HK$636', '豪華園景大床房|帶浴缸:HK$636', '豪華湖景雙床房 | 帶浴缸:HK$738', '豪華湖景大床房 | 帶浴缸:HK$738', '豪華全湖景大床房 | 帶浴缸:HK$827', '豪華套房 | 帶浴缸:HK$1,273']"
畔山居民宿（古龍峽店）,9.7,"['畔山.藤藝簡約.山景大床房:HK$725', '畔山·簡樸原木風·大床房:HK$749', '畔山·簡樸原木風·雙床房:HK$845', '畔山·原木簡樸·花園山景·大床房:HK$845']"
城市便捷酒店（清遠城市廣場和富東成店）,9.4,"['標準大床房:HK$190', '標準雙床房:HK$198', '商務大床房:HK$206', '商務雙床房:HK$213']"
清遠鳳城希爾頓歡朋酒店,9.7,"['高級大床房:HK$402', '高級園景大床房:HK$402', '高級雙床房:HK$413', '高級園景雙床房:HK$413', '豪華大床房:HK$457']"
成珊酒店,9.4,['高級大床房:HK$534']
富德國際酒店（清遠市體育公園人民醫院店）,9.0,"['精緻大床房:HK$262', '精緻雙床房:HK$262', '高級雙床房:HK$310', '高級大床房:HK$310']"
清遠樵順酒店,9.3,"['雅緻大床房:HK$423', '雅緻雙床房:HK$423', '親子雙床房:HK$423', '親子套房:HK$850']"
清遠博雅酒店（體育公園順盈廣場店）,9.2,"['輕享泊居大床房【品牌床墊丨高級床品】:HK$191', '尊享豪華大床房【零壓床墊丨舒適空間丨高級床品】:HK$205', '尊享豪華雙床房【零壓床墊丨舒適空間丨高級床品】:HK$205', '影院巨幕大床房【奇異果TV會員丨私人影院】:HK$219']"
清遠美林國際酒店（清新古龍峽飛來湖公園店）,9.1,"['舒適雙床房:HK$216', '新裝修高級雙人房:HK$266', '新裝修豪華雙床房:HK$278', '美林·新裝修豪華180°城市景觀大床房:HK$290', '城景舒適大床房（主題設計+城市景觀）:HK$298']"
英德巒上·憩温泉民宿（積慶裏仙湖旅遊度假區店）,9.7,"['戀上十二·3房温泉星雲小院:HK$2,263']"
江瀾·覓灣民宿,9.9,"['【覓•悠岸】江景日落大床房:HK$327', '【覓·清逸】庭院大床房:HK$327', '【瀾·靜恬】江景日落大床房:HK$327', '【覓·自在】超大落地窗江景雙床房:HK$395']"
清遠樂龍温泉民宿,9.2,"['山景私家泡池大床房:HK$555', '山景温泉房（子母床）:HK$599', '山景雙床房:HK$643', '親子套房:HK$960']"
雲漫温泉民宿,9.5,"['雲喜·大床房:HK$371', '雲喜·雙床房:HK$371', '雲喜·陽台雙床房:HK$389', '雲喜·雅緻大床房（帶私家泡池）:HK$545']"
蘭歐酒店（清遠順盈時代清城站店）,9.5,"['蘭藝大床房.全屋智能.金可兒床墊:HK$221', '蘭藝雙床房.金可兒床墊.全屋智能:HK$221', '蘭歐高級大床房.全屋智能.金可兒床墊:HK$261', '蘭歐高級雙床房.全屋智能.金可兒床墊:HK$278']"
