酒店名称,评分,房型价格列表
悦舍民宿（南潯古鎮景區店）,9.5,"['悦心榻榻米大床房:HK$213', '悦己雅緻大床房:HK$277', '悦來悦欣温馨大床房:HK$335', '悦靜舒適雙床房:HK$352']"
湖州太湖君瀾温泉度假酒店,9.5,"['高級大床房:HK$779', '高級雙床房:HK$779', '豪華園景大床房:HK$807', '豪華園景雙床房:HK$807', '豪華臨湖大床房:HK$993', '豪華臨湖雙床房:HK$993']"
一是了·古韻今風丨Canal Courtyard臨河庭院民宿（南潯古鎮店）,9.7,"['西江月高級大床房（科勒衞浴·戴森吹風機·智控）:HK$560', '聲聲慢庭院舒適大床房（智控·戴森吹·金可兒床墊）:HK$589', '鵲橋仙庭院舒適大床房（全屋智控·科勒衞浴·戴森）:HK$589', '永遇樂温馨家庭房（全屋智控·科勒衞浴·戴森吹風機）:HK$589']"
湖州喜樂JOY酒店,8.9,"['『JOY·療愈精選』（雙床房）【公區提供自助洗衣+通透採光+舒適好眠+温馨樂享】:HK$250', '『JOY·躺平豪華』（特大床）【公區提供自助洗衣+乾濕分離+舒適好眠+商務辦公】:HK$269', '『JOY·躺平豪華』（雙床房）【公區提供自助洗衣+舒適好眠+乾濕分離+充足採光】:HK$274', '『JOY·歡樂世界』（三床房）【公區提供自助洗衣+乳膠床墊+乾濕分離+超大空間】:HK$315', '『JOY·跑來跑去』（親子雙床）【小童主題大小床+小童帳篷+公區提供自助洗衣+通透採光+舒適好眠】:HK$326']"
四季繁花·Flowers in all seasons設計師美宿（南潯古鎮景區店）,9.5,"['Tranquil·零壓好眠大床房【療愈景觀+徠芬吹風機+乾濕分離+智能馬桶】:HK$512', 'Tranquil·IMAX巨幕影院大床房【巨幕投影+舒適好眠+徠芬吹風機+智能馬桶】:HK$587', 'Tranquil·療愈觀景大床房【180°觀景陽台+舒適好眠+徠芬吹風機+智能馬桶+乾濕分離】:HK$643', 'Tranquil·雅緻觀景雙床房【舒適好眠+徠芬吹風機】:HK$700']"
南潯理想三旬民宿（百間樓店）,9.7,"['十萬嬉皮特惠花園房:HK$676', '烏蘭巴託花園大床房:HK$711', '牧馬城市花園大床房:HK$782', '貝加爾湖庭院雙床房:HK$782']"
意百間·臨河觀景·江南水鄉度假民宿（南潯古鎮景區店）,9.7,"['意·水舍大床房【馬歇爾音箱+德龍熱水壺+乳膠床墊】:HK$1,023', '意·雅緻大床房【獨立休息區+馬歇爾音箱+德龍燒水壺】:HK$1,023', '意·雲舍大床房【盡享庭院景觀+馬歇爾音箱】:HK$1,116', '意·園景大床房【休閑沙發+馬歇爾音箱+德龍熱水壺】:HK$1,116']"
南潯春景明·弄瓦堂民宿（南潯古鎮景區百間樓居民羣店）,9.9,"['桑落·院景大床房:HK$732', '霜序·院景豪華大床房【深泡浴缸＋智能馬桶】:HK$955', '仲夏·豪華院景大床房【小庭院＋深泡浴缸＋智能馬桶】:HK$999', '長至 院景雙床房:HK$1,066']"
湖州東吳開元頤居酒店,9.6,"['頤享高級雙床房:HK$414', '頤享榻榻米雙床房:HK$414', '豪華景觀雙床房:HK$452', '豪華景觀榻榻米雙床房:HK$452', '頤享高級大床房:HK$452']"
湖州太湖天籟之夢月亮灣温泉VILLA,9.4,"['小竹海·竹徑單卧聯排別墅（絲漣床墊）:HK$1,559', '小竹海·祕境庭院私湯大床別墅【私湯泡池】:HK$1,782', '小竹海·竹居私湯單卧聯排別墅（絲漣床墊）:HK$2,116', '小竹海·竹居私湯單卧雙床聯排別墅（絲漣床墊）:HK$2,116', '小竹海·祕境庭院私湯雙床別墅【私湯泡池】:HK$2,339', '小竹海·竹韻親子私湯雙卧別墅（專享廚房+私湯泡池）:HK$2,728']"
果然好奇丨中式迴廊設計丨Curious Life輕奢美宿（南潯古鎮景區店）,9.5,"['流嵐·雅緻大床房【智控·金可兒床墊·戴森·小冰箱】:HK$563', '寒酥·温馨大床房【智能客控·金可兒床墊·戴森吹風機·迷你冰箱】:HK$563', '翠微·舒適枕水雙床房【智能客控·金可兒床墊·戴森吹風機·迷你冰箱】:HK$607', '滄淵·舒適枕水雙床房【智能客控·金可兒床墊·戴森吹風機·迷你冰箱】:HK$607']"
緣舍·温湯度假民宿（湖州南潯古鎮店）,9.8,"['緣夕·大床房【直飲機＋乳膠床墊＋智能馬桶】:HK$837', '良景·大床房【直飲機＋乳膠床墊＋智能馬桶】:HK$837', '墨染·大床房【直飲機＋乳膠床墊＋智能馬桶】:HK$837', '初見·陽台大床房【私人露台+乳膠床墊+智能馬桶】:HK$958']"
原舍卅那度·度假別院（南潯古鎮景區百間樓店）,9.2,"['樸悦·智能客控·尊享·大床房【全屋輕奢·恬謐雅居】:HK$484', '藍醺·智能客控·尊享古風浴缸家庭房【温馨古樸】:HK$519', '藍醺·獨享庭院·智能客控·古風浴缸家庭房:HK$555', '藍醺·豪華·智能客控·古風浴缸家庭房:HK$555', '桉裏·智能客控·風雅小院【庭院時光·輕奢極簡】:HK$626']"
美凱臻品酒店（湖州吳興區南太湖西苑店）,9.6,"['嚴選原木大床房:HK$327', '高空城景大床房｜乳膠床墊+MINI冰箱+保險箱:HK$375', '高空城景雙床房｜乳膠床墊+MINI冰箱+保險箱:HK$398', '親子歡樂影音房｜高清投影儀+小童馬桶+親子玩具:HK$469', '巨幕影音家庭房｜高清投影儀+乳膠床墊:HK$505']"
博雅·Travel with pets·度假莊園,9.4,"['滄山·松濤·庭院大床房【全屋智能+落地窗+地暖】:HK$709', '雲歸·園景雙床房【全屋智能+落地窗+開闊視野景+地暖】:HK$787', '漁隱·園景大床房【全屋智能+落地窗+開闊視野景+地暖】:HK$787', '長煙·豪華庭院大床房【全屋智能+寵物小院+深泡浴缸+地暖】:HK$853', '探梅·浮玉·親子房【全屋智能+馬歇爾音響+深泡浴缸+地暖】:HK$1,065']"
湖州天煌大酒店,9.6,"['高級大床房:HK$316', '高級雙床房:HK$316', '豪華大床房:HK$358', '豪華雙床房:HK$380', '豪華景觀大床房:HK$422']"
安隅楠舍·Fragrant花園美宿（南潯古鎮景區店）,9.8,"['西川·純凈大床房丨55寸觀影電視+休閑桌椅+茶具:HK$447', '東澤·清新大床房丨55寸觀影電視+休閑桌椅+茶具:HK$491', '春祺·榻榻米大床房丨55寸觀影電視+休閑沙發+茶几空間:HK$523', '夏安·無暇雙床房丨55寸觀影電視+休閑桌椅+茶具:HK$535']"
落花老屋·江南園林靜謐庭院中式府址園林美宿（南潯古鎮景區店）,9.5,"['蘭菊·古雅韻·雕花雙床親子房:HK$813', '梅竹·梅香居·親子房:HK$813', '百合水仙·芳四溢·臨河大床房:HK$?', '清蓮-紅梅-丁香（舒適雙床房+歐式風格+花園景）:HK$?']"
湖州東吳銀泰鳳凰路輕居酒店,9.7,"['舒適大床房（65寸4K高清投屏電視+深睡枕PRO+小冰箱）:HK$305', '標準雙床房（65寸4K高清投屏電視+深睡枕PRO+小冰箱）:HK$323', '標準大床房（65寸4K高清投屏電視+深睡枕PRO+小冰箱）:HK$332', '精選雙床房（65寸4K高清投屏電視+深睡枕PRO+迷你BAR）:HK$341', '精選大床房（65寸4K高清投屏電視+深睡枕PRO+迷你BAR）:HK$350']"
藕舍·Lake Side庭院美宿（南潯古鎮景區店）,9.3,"['漣白·凌波大床房（科勒潔具+舒適好眠+乾濕分離）:HK$394', '枕溪·景觀大床房（科勒潔具+舒達床墊+乾濕分離）:HK$430', '澄影·舒適雙床房（科勒潔具+舒適好眠+乾濕分離）:HK$456', '泮月·LOFT雙床房（休閑沙發+科勒潔具+乾濕分離）:HK$464']"
古言溪·星空泳池·水墨江南庭院美宿（南潯古鎮店）,9.8,"['山奈· 特惠大床房:HK$885', '雲華·榻榻米大床房:HK$995', '紫荊·榻榻米雙床房:HK$995', '扶搖·浴缸投影大床房:HK$1,213', '杜若·庭院浴缸投影大床房:HK$1,323']"
南潯賞玉閣温泉酒店,9.3,"['天樞·榻榻米房:HK$418', '滿天星·古韻標房:HK$549', '搖光-古韻親子房（園景）:HK$549', '開陽·臨河房:HK$586']"
湖州時間的河·島嶼酒店,8.3,"['沙丘觀影大床房:HK$695', '城堡觀影套房:HK$812', '紀念日大床房:HK$812', '紀念日觀影雙床房:HK$812', '地中海私湯庭院房:HK$928', '盜夢loft套房:HK$928']"
湖州威爾斯酒店（織裏吾悦廣場店）,9.6,"['商務雙床房（舒適床墊+智能馬桶+書桌）:HK$200', '精緻大床房（舒適床品+智能馬桶+採光極好）:HK$222', '商務大床房（智能馬桶+通透採光+休閑沙發）:HK$224', '豪華雙床房（書桌+深睡床墊+智能馬桶）:HK$281']"
南潯博陽開元名庭度假酒店,9.3,"['開元大床房:HK$753', '標準雙床房:HK$786', '標準大床房:HK$786', '開元雙床房:HK$862', '豪華大床房:HK$972', '豪華雙床房:HK$1,081']"
觀湖温湯度假酒店,9.7,"['全湖景大床房:HK$1,957', '全湖景雙床房:HK$1,957', '全湖景別墅套房:HK$2,613', '全湖景私湯別墅大床房A:HK$2,832', '全湖景私湯別墅大床房B:HK$3,270', '全湖景LOFT私湯家庭房:HK$3,926']"
南潯蠡施錦民宿（南潯古鎮百間樓店）,9.7,"['色釉、高級大床房:HK$534', '青白·高級大床房:HK$578', '五彩·高級大床房:HK$578', '三彩·高級大床房:HK$578', '紫泥、院景豪華房:HK$654']"
NA·莫幹山設計師温泉民宿,9.7,"['曼·山景陽台大床房-有私湯-舒適水地暖-戴森吹風機:HK$1,506', '青·星空大床房-有私湯-舒適水地暖-戴森吹風機:HK$1,506', '珀·270°山景大床房-有私湯-可觀後山全景-舒適水地暖-戴森吹風機:HK$1,816', '帕·270度山景榻榻米雙床房-有私湯-舒適水地暖:HK$1,917', '鋯·270°山景大床房-有私湯-舒適水地暖-戴森吹風機:HK$1,917']"
全季酒店（湖州杭長橋北路店）,9.7,"['高級大床房:HK$289', '高級雙床房:HK$308', '商務大床房:HK$318', '商務雙床房:HK$339']"
南潯沉香會館,9.3,"['梅宅私湯大床套房:HK$854', '顧府私湯大床套房:HK$854', '周宅私湯大床套房:HK$854', '龐府私湯大床套房:HK$854']"
南潯古鎮夢向庭院民宿,9.0,"['雅緻精品大床房:HK$326', '尊享雙床房:HK$380', '庭院日式榻榻米:HK$404', '庭院露台大床房:HK$499']"
江南賦園林私湯設計師民宿（南潯古鎮店）,9.6,"['香閣大床房:HK$827', '香閣雙床房:HK$827', '宜園景觀大床房:HK$934', '南院·菡庭私湯房:HK$1,040', '南院·蕖庭私湯房:HK$1,040']"
南潯巨人君瀾度假酒店,9.5,"['時尚工業大床房:HK$698', '時尚工業雙床房:HK$753', '民國風大床房:HK$807', '民國風雙床房:HK$862', '民國風豪華大床房:HK$917', '民國風豪華雙床房:HK$917']"
湖州高鐵站希爾頓花園酒店,9.4,"['花園大床房:HK$448', '花園雙床房:HK$448', '無障礙房:HK$448', '花園沙發床房:HK$553', '花園高級雙床房:HK$575']"
聽澗·南潯｜顧裏私湯設計民宿（南潯古鎮景區店）,9.6,"['禮霧漫·大床房｜泳池景:HK$569', '知雲閑·舒適大床房｜北歐極簡風:HK$569', '書雨眠·親子房｜泳池景:HK$639', '書海瀾·大床房｜臨河景觀·新中式:HK$824']"
安吉涵田度假村,9.7,"['半山樸宿大床房:HK$1,303', '半山樸宿雙床房:HK$1,303', '半山温泉大床房:HK$1,412', '半山榻榻米庭院温泉大床房:HK$1,412', '半山温泉高級大床房:HK$1,467', '半山温泉雙床房:HK$1,522']"
莫幹山源宿民宿,9.8,"['「棲嵐山語雙床房」翡翠色山景+巨幕投影:HK$1,019', '「星月圓舞蜜月房」圓床儀式感+情侶浴缸+蜜月主題:HK$1,056', '「雲端泡池觀景房」雲霧山景+特色浴缸+休閑沙發:HK$1,056', '「竹影雙棲家庭房」隔斷設計+山野全景+特色浴缸:HK$1,168']"
南潯古鎮囿舍民宿,9.9,"['囿靜院景花園大床房:HK$879', '囿香河景大床套房:HK$1,078', '囿樂河景高級雙床房:HK$1,078', '囿墨河景大床套房:HK$1,118', '囿趣院景高級雙床房:HK$1,158']"
湖州東吳開元名都酒店,9.6,"['名都雙床房（全景落地窗+躺卧沙發）:HK$718', '名都大床房（全景落地窗+躺卧沙發）:HK$778', '行政大床房（雲端景觀+全景落地窗+浴缸）:HK$900', '全景套房（獨立浴缸+獨立會客廳+全景落地窗）:HK$1,265', '雲端大床房（超大圓浴缸+全景落地窗+金可兒床墊）:HK$1,386', '雲端套房（家庭聚會休閑廳+獨立浴缸+金可兒床墊）:HK$1,386']"
慈雲深處·HolidayVilla野奢度假休閑民宿（烏鎮西柵景區望津堤店）,8.9,"['庭院景觀大床:HK$411', '庭院景觀標間:HK$447', '靜舍星光大床房:HK$473', '靜舍星光雙床房:HK$485']"
花築·潯杉里民宿（南潯百間樓店）,9.3,"['惠風大床房 · 實木桌椅+茶具+智能馬桶:HK$904', '蘭亭丨大床房·廊房+休閑桌椅+茶具+智能馬桶:HK$940', '雲起大床房 · 奢華浴缸+實木桌椅+智能馬桶:HK$1,025', '長留雙床房· 廊房+休閑桌椅+茶具+智能馬桶:HK$1,061', '行山雙床房+休閑桌椅+茶具+智能馬桶:HK$1,061']"
宿之極·南樓春曉度假民宿（百間樓店）,9.7,"['月白.巷隱丨舒適大床+戴森吹風機+馬歇爾音響+帕爾馬之水洗護用品:HK$1,299', '晚秋丨庭院園景大床+戴森吹風機+馬歇爾音響+帕爾馬之水洗護用品:HK$1,410', '吟夏丨園景大床房＋戴森吹風機＋馬歇爾音響＋帕爾馬之水:HK$1,410', '春曉丨庭院園景雙床+戴森吹風機+馬歇爾音響+帕爾馬之水洗護用品:HK$1,518', '瑰覓丨雙床房+戴森吹風機+馬歇爾音響+帕爾馬之水洗護用品:HK$1,737']"
湖州太湖喜來登温泉度假酒店（月亮酒店）,9.5,"['別墅羣·天籟單卧靜謐尊享別墅（私密空間）:HK$1,312', '水世界·豪華大床房（小梅山景+景觀陽台）:HK$1,524', '水世界·豪華雙床房（小梅山景+景觀陽台）:HK$1,524', '水世界·180°圓浴景觀大床房（落地臨窗·觀景圓浴缸）:HK$1,646', '水世界·廣角超大豪華雙床房（180°觀景視角）:HK$1,646', '太湖日出·低樓層·湖景大床房:HK$1,732']"
莫幹山都喜天麗酒店,9.1,"['豪華湖景雙床房:HK$930', '豪華湖景大床房:HK$930', '山居雙床房:HK$930', '湖景大床房:HK$1,219', '豪華湖景套房:HK$1,834', '雲鏡獨棟雙卧房:HK$3,100']"
南太湖山莊,9.7,"['園景別墅雙床房:HK$1,825', '園景別墅大床房:HK$1,825', '景觀雙床房:HK$1,825', '景觀別墅雙床房:HK$2,068', '景觀別墅大床房:HK$2,068', '園景別墅套房:HK$2,345']"
瀾庭逸院酒店（南潯古鎮南門店）,9.4,"['特惠雙床房（品牌舒睡床墊+衞生間乾濕分離）:HK$326', '輕奢大床房（品牌舒睡床墊+衞生間乾濕分離+電視投屏）:HK$374', '輕奢雙床房（品牌舒睡床墊+電視投屏+衞生間乾濕分離）:HK$393', '豪華大床房（品牌舒睡床墊+大空間+衞生間乾濕分離）:HK$414']"
湖州南太湖綠地遊邑度假酒店,9.6,"['靜謐大床房丨酣暢睡眠+新風系統+檜木私湯:HK$677', '豪華大床房丨印尼進口藤編+榻榻米茶座+智能客控:HK$830', '雅緻雙床房丨子母型雙層彈簧記憶棉床墊+衞浴三區分離:HK$884', '豪華雙床房丨稻草泥批刮牆面+榻榻米茶座+智能馬桶:HK$939', '心悦雅韻大床房丨雙人檜木私湯+侘寂禪意風+Mini冰箱:HK$994']"
谷巖·Moor隱山澗·溯溪泳池設計師度假民宿,10.0,"['靜夜-和月投影雙床房+投影+小冰箱:HK$685', '小籬-夢歸陽台雙床房+投影+小冰箱:HK$758', '觀嵐-出岫陽台大床房-投影+小冰箱:HK$824', '椿棠-歸舍陽台親子房-投影+小冰箱:HK$932']"
南潯花間堂·求恕裏,9.6,"['藏靜雅居大床房:HK$896', '藏靜雅居雙床房:HK$943', '藏墨雅居大床房:HK$1,037', '藏墨雅居雙床房:HK$1,084', '藏溪雅居大床房:HK$1,179']"
莫幹竹取亭私湯民宿,9.7,"['夕照榻榻米房:HK$963', '晴嵐榻榻米房:HK$963', '晚鐘榻榻米房:HK$963', '早雲榻榻米房:HK$963', '落雁榻榻米浴缸房:HK$1,072']"
