酒店名称,评分,房型价格列表
七分民宿（鳳凰古城磁浮攬勝站店）,9.7,"['高山·觀景||舒適大床房【私享180°夜景·智能客控·書桌】:HK$291', '高山·江景||景逸大床房【私享180°江景·智能客控·書桌】:HK$348', '高山·江景||豪華大床房【私享180°江景·智能客控·小冰箱·沙發】:HK$457', '高山·江景||靜怡雙床房【私享180°江景·智能客控·智能馬桶·書桌】:HK$491', '高山·江景||豪華雙床房【180°唯美江景·慕思深睡床墊·深泡浴缸·智能客控·書桌】:HK$655']"
鳳凰舒依民宿（鳳凰古城店）,9.7,"['相宜高級大床房:HK$200', '偶然豪華投影大床房:HK$208', '好聚高級雙人間:HK$213', '清閑豪華雙床房:HK$229']"
鳳凰青城山水·庭院觀景民宿,9.7,"['星辰·浴缸大床房:HK$360', '瀾庭·陽台大床房:HK$425', '靜謐·山景雙床房:HK$425', '雨墨·觀景陽台大床房:HK$500']"
鳳凰北舍江景智能民宿（鳳凰古城北門碼頭店）,9.0,"['與你·舒適棋牌雙床房（全屋智能+中央空調）:HK$184', '慢慢·家庭親子三床套房（全屋智能+中央空調）:HK$205', '江景陽台智能精選大床房（全屋智能+180°一線江景）:HK$249', '江景陽台智能精選雙床房（全屋智能+180°一線江景）:HK$260']"
原舍暮雲閣民宿（鳳凰古城南華里遊客中心店）,9.6,"['曲水 | 精品大床房:HK$151', '輕雲 | 精品雙床房:HK$161', '蔽月 | 精品雙床房:HK$172', '流風 | 精品雙床房:HK$184']"
客巢輕奢酒店（鳳凰古城虹橋店）,9.4,"['私密觀影大床房【智能馬桶+沉浸式觀影】:HK$321', '暢享影音雙床房【智能馬桶+巨幕投屏觀影】:HK$336', '一室一廳觀影大床房【自動麻將機+智能馬桶+冰箱】:HK$398', '輕奢智能雙人房【輕享床墊+智能馬桶+小冰箱】:HK$429', '輕奢智能大床房【輕享床墊+智能馬桶+浴缸】:HK$441']"
鳳凰鳴雲國際酒店（鳳凰古城店）,9.5,"['鳴雲·智能舒適大床房:HK$284', '鳴雲·智能舒適雙床房:HK$284', '鳴雲·智能精緻大床房:HK$317', '鳴雲·智能豪華大床房:HK$393', '鳴雲·智能豪華雙床房:HK$393']"
天青舍・江景民宿（鳳凰古城沱江店）,9.3,"['遇見·紗幔大床房-休閑茶桌椅+乾濕分離:HK$327', '墨香·一大一小雙床房-休閑沙發:HK$349', '雲頂· Min陽台江景大床房-180°江景陽台+俯瞰沱江:HK$371', '棲雲·江景投影大床房-一線江景+榻榻米茶桌+100寸巨幕:HK$393', '拾憶·江景雙大床房-180°江景+榻榻米休閑區+智能馬桶:HK$414']"
虹橋故事民宿（鳳凰古城景區虹橋店）,9.8,"['特價雙床房:HK$295', '標準大床房:HK$355', '豪華大床房:HK$383', '標準雙床房:HK$383', '豪華雙床房:HK$401']"
覓境古城民宿酒店（吉首市乾州古城店）,9.4,"['特惠大床房【雅緻温馨+80支棉紗床品+深睡枕】:HK$302', '特惠雙床房【靜謐後花園+古城特色四合院】:HK$314', '院子裏雙床房【古城特色院落+乳膠床墊+益高衞浴】:HK$350', '陽台大床房【露台玻璃吊球椅+私享後花園+清新雅緻】:HK$387']"
花築·鳳語晨曦酒店（鳳凰古城中心店）,9.7,"['鳳·清雅雙床房 （美國舒達床墊+箭牌衞浴）:HK$391', '鳳·蜜月圓床房（美國舒達床墊+箭牌衞浴）:HK$402', '語·沐陽大床房（美國舒達床墊+箭牌衞浴）:HK$468', '晨·沐陽雙床房（美國舒達床墊+箭牌衞浴）:HK$500', '晨·鳳啼木汐浴缸大床房（美國舒達床墊+箭牌衞浴）:HK$577']"
兮木酒店（芙蓉鎮大瀑布店）,9.5,"['望兮·榻榻米大床房（巨幕投影|深眠乳膠床墊）:HK$249', '來兮·榻榻米內陽台雙床房（巨幕投影｜深眠乳膠床墊）:HK$271', '倩兮·陽台影院大床房（智能馬桶｜巨幕投影）:HK$315', '友兮·陽台街景雙床房（巨幕投影｜深眠乳膠床墊）:HK$326']"
棲鳳山隱·1945設計師庭院酒店（鳳凰古城南華門店）,8.2,"['竹影 · 靜雅雙床房｜全屋智能｜4K投影｜:HK$356', '鶴倚 · 陽光雙床房｜全屋智能｜4K投影｜:HK$366', '浮予 · 浴缸大床房｜古城景｜全屋智能｜4K投影｜:HK$384', '天青 · 娛樂套房｜兩室一廳｜:HK$514']"
鳳凰最湘西大酒店,9.5,"['智能悦享體驗房:HK$303', '高級雙床房:HK$435', '高級大床房:HK$435', '智能雅緻豪華雙床房:HK$514', '豪華大床房:HK$514']"
煙雨•雲兮Riverside 江景美學度假酒店（鳳凰古城沱江店）,9.4,"['Sarprise|歡樂彩蛋房「壁爐 ·亞朵同款深睡床墊」:HK$260', '翠色隱｜治癒大床房『氛圍壁爐+亞朵款深睡床墊』:HK$347', '晴嵐翠｜嫻靜舒適大床房 『氛圍壁爐+亞朵款深睡床墊』:HK$372', '青山隱｜靜謐山景雙床房『氛圍壁爐 ·亞朵同款床墊』:HK$384', '碧水雲煙｜絕美江景巨幕電影大床房『4k畫質影視會員』:HK$397']"
水韻雅居江景民宿（鳳凰古城店）,9.6,"['餘霞·江景大床房:HK$205', '澄江·陽台江景雙床房:HK$253', '澄江·陽台江景大床房:HK$268', '春洲·露台江景影院套房:HK$330']"
鳳凰水雲之澗輕奢民宿,9.7,"['非臨江大床房:HK$239', '非臨江雙床房:HK$267', '非臨江三人親子房:HK$277', '臨江大床房:HK$314']"
鳳凰秦庭御苑民宿（鳳凰古城虹橋店）,9.3,"['雅緻大床房-3（全屋智能+高清投影）:HK$184', '雅緻大床房-5（全屋智能+高清投影）:HK$220', '雅緻雙床房201（全屋智能+高清投影）:HK$251', '雅緻雙床房-2（全屋智能+高清投影）:HK$251']"
鳳凰大隱千府民宿（古城店）,9.9,"['園夢·大床房:HK$641', '聽澗·大床房:HK$739', '星月山·陽光大床房:HK$764', '花澗雨·雙床房:HK$773', '窺月·雙床房:HK$773']"
鳳凰衹如初見民宿,9.6,"['苗城踏雪特價大床房:HK$280', '念念之舍特價大床房:HK$280', '忠義春秋特價大床房:HK$312', '倚欄聽風煮茶豪華大床房:HK$345']"
悠悠水畔•高端江景民宿（鳳凰古城景區南華門店）,9.3,"['江景露台凡塵清心大床房|享有江景獨立陽台:HK$272', '江景露台衹若初見雙床房|智能馬桶+享有獨立陽台:HK$293', '江景玻璃南風憶夢大床房|中央空調+玻璃落地可推窗:HK$293', '江景露台煙雨江畔大床房|享有江景獨立陽台:HK$370']"
鳳凰夢棲吊腳樓江景民宿,9.8,['山景雙床房:HK$381']
漢庭酒店（鳳凰古城虹橋店）,9.5,"['高級大床房:HK$224', '商務大床房:HK$252', '高級雙床房:HK$271', '商務雙床房:HK$317']"
鳳凰梵間·人文美學民宿（鳳凰古城景區店）,9.6,"['悠然·素雅·雙床房:HK$229', '椿去·湫來·大床房:HK$339', '歡喜·暖居·雙床房:HK$361', '素影·清心·庭院大床套房:HK$404']"
鳳凰二十六號公館酒店（鳳凰古城景區虹橋店）,8.4,"['舒適智能投影大床房:HK$173', '舒適智能投影雙床房:HK$195', '城景智能投影大床房:HK$216', '尊享智能投影大床房:HK$249']"
左鄰右舍民宿（邊城茶峒景區店）,9.7,"['惠享•舒適雙床房（30CM舒適好眠床墊+智能馬桶）:HK$243', '雲山瞰•山景舒適大床房（30CM舒適好眠床墊+智能馬桶）:HK$289', '靜謐•舒適雙床房（30CM舒適好眠床墊+智能馬桶）:HK$304', '浸斜陽•城景豪華雙床房（30CM舒適好眠床墊+智能馬桶）:HK$319']"
雲居精選江景民宿（鳳凰古城店）,9.6,"['益香閣·舒適大床房【高清智能投影儀+85寸布幕】:HK$305', '南鄉子·沉浸觀影大床房【智能投影儀+茶吧機】:HK$412', '山嶼白·雅緻雙床房【智能投屏電視+智能馬桶】:HK$468', '聽風驛·江景家庭親子房【智能投影儀+120寸布幕+智能馬桶】:HK$623']"
鳳凰風橋雅舍江景民宿,9.7,"['舒適大床房:HK$322', '舒適雙床房:HK$322', '臨江陽台大床房:HK$534', '臨江陽台雙床房:HK$534']"
鳳凰雲麓江景酒店（鳳凰古城店）,9.7,"['月渡·江景大床房:HK$250', '月渡·江景雙床房:HK$250', '瀾潯·江景露台大床房【全屋智能】:HK$327', '瀾潯·江景露台大床房-大空間【全屋智能】:HK$349']"
木棉花開見山見景民宿,9.7,"['洛塵·特價大床房:HK$305', '半夏·特價雙床房:HK$319', '青衣·觀景大床房:HK$419', '舒荷·觀景大床房:HK$419']"
喜柿設計師庭院民宿（虹橋店）,9.9,"['一生一柿·智能影音大床房（中央空調.全友乳膠床墊）:HK$219', '萬柿勝意·智能影音大床房（中央空調.全友乳膠床墊）:HK$240', '心想柿成·智能院景大床房（中央空調.全友乳膠床墊）:HK$247', '好柿發生·智能星空頂大床房（中央空調.全友乳膠墊）:HK$282']"
白河溪谷客棧（芙蓉鎮大瀑布店）,9.6,"['閑棲山居·特價雙床房:HK$209', '閑棲山居·山景雙床房:HK$278', '清平村居·觀景獨享陽台大床房·280°觀夜景全景:HK$380', '清平村居·觀景獨享陽台雙床房·280°觀夜景全景:HK$401', '清平村居·親子閣樓·280°觀夜景全景:HK$452']"
鳳凰懶貓臨江客棧,9.5,"['獨立陽台全景臨江大床房:HK$377', '豪華臨江大床房:HK$404', '獨立陽台全景臨江雙床房:HK$431', '臨江浪漫大床房:HK$476']"
鳳凰春曉Designer庭院民墅（鳳凰古城景區磁懸浮攬勝站店）,9.8,"['春遇精選大床房:HK$205', '春樂浴缸雙床房:HK$216', '春喜小童親子房:HK$260', '空中花園庭院大床房:HK$282']"
吊腳樓客棧（鳳凰古城店）,9.4,"['紫竹軒~城景大床房:HK$314', '馨雅閣~城景雙床房:HK$336', '餘水歡~180度全景獨立大陽台江邊豪華大床房（中央空調）:HK$686', '雲之谷~180度全景獨立大陽台江邊大床房（中央空調）:HK$697']"
安萘·溪州紀酒店（芙蓉鎮景區店）,9.6,"['雅溪·優享雙床房:HK$720', '雅溪·精緻雙床房:HK$763', '雅溪·優享大床房:HK$775', '雅溪·茶藝大床房:HK$830', '野溪·電影大床房:HK$830', '畫溪·茶藝雙床房:HK$874']"
雲水謠民宿（大瀑布店）,9.2,"['船歌·觀景大床房:HK$278', '臨水·陽台觀景標間:HK$296', '碧水間·陽台觀景標間:HK$326', '清境·觀景家庭房:HK$360']"
百賢居·Encounter·輕奢休閑度假私墅（鳳凰古城店）,9.7,"['雅緻·渾金璞玉雙床房（鳳凰美景+觀景陽台+浴缸悠享+智能馬桶）:HK$253', '浮花·雲逸芙蓉大床房（鳳凰美景+古色古香）:HK$253', '歸來·虞美人影大床房（鳳凰美景+觀景樓台）:HK$293', '致遠·暗香疏影大床房（鳳凰美景+觀景陽台）:HK$317']"
鳳凰一泉江景民宿（鳳凰古城沱江店）,9.9,"['禪意靜居·逸居大床房「德國Grohe衞浴 | YORK空調」:HK$467', '畫舫聽雨·浴缸大床房「德國Grohe衞浴 | YORK空調」:HK$515', '橋影晨曦·聽泉大床房「德國Grohe衞浴 | YORK空調」:HK$563', '煙雨流年·苗韻大床房「德國Grohe衞浴 | YORK空調」:HK$600', '亭畔江風·江景大床房「德國Grohe衞浴 | YORK空調」:HK$682']"
安萘·魔方酒店（吉首市政府店）,9.4,"['橙堡私湯電影大床房:HK$298', '紀光巨幕電影大床房:HK$330', '魔術師高級雙床房:HK$341', '收藏家豪華雙床房:HK$351', '幻影城景巨幕電影大床房:HK$375']"
金水岸·慕名主題文創體驗民宿（鳳凰古城店）,9.5,"['一線江景豪華大床房：格力空調+環保床墊+80支棉:HK$195', '一線江景露台大床房：格力空調+環保床墊+80支棉:HK$228', '一線江景露台雙床房：格力空調+環保床墊+80支棉:HK$294', '一線江景雙床三人親子房：格力空調+環保床墊+80支棉:HK$338', '兩室一廳三床四人獨立套房:HK$370']"
鳳凰拙院,9.9,"['望月樓【中央空調+宇航員專用床墊MPE BEDDING+浴缸】:HK$377', '豪華標準房【中央空調+宇航員專用床墊MPE BEDDING】:HK$448', '院景豪華大床房【中央空調+宇航員專用床墊MPE BEDDING】:HK$548', '院景豪華標準房【中央空調+宇航員專用床墊MPE BEDDING】:HK$556']"
你好酒店（湘西虹橋奇峯廣場店）,10.0,"['高級雙床房【LG洗烘機】:HK$285', '高級大床房【自助投屏】:HK$285', '豪華大床房【獨立陽台】:HK$304', '豪華雙床房【獨立陽台】:HK$304']"
鳳凰清花觀景庭院民宿,9.8,"['紅楓·陽台大床房【獨享院景+智能馬桶】:HK$503', '風信子·陽台大床房【獨享城景+智能馬桶】:HK$524', '石竹·陽台雙床房【獨享院景+智能馬桶】:HK$571', '四葉草·陽台雙床房【獨享城景+智能馬桶】:HK$580']"
湘西皇冠國際酒店,9.6,"['高級雙床房:HK$348', '高級大床房:HK$369', '豪華大床房:HK$424', '豪華雙床房:HK$424', '商務雙床房:HK$446', '商務大床房:HK$446']"
岸芷汀蘭庭院江景民宿（鳳凰古城沱江店）,9.6,"['銜遠山·望江大床房:HK$316', '覽水色·江景大床房:HK$360', '靜影沉璧·江景雙床房:HK$360', '皓月千里·江景露台大床房-私享影音:HK$392', '浮光躍金·江景親子房-私享浴缸:HK$458']"
藝龍萬國酒店（鳳凰古城店）,9.3,"['雅享特惠大床房:HK$279', '高級大床房（夜景+視野開闊）:HK$300', '高級雙床房（安靜）:HK$334', '豪華雙床房（智能馬桶+夜景）:HK$365', '家庭套房（高樓層+閣樓）:HK$397']"
伽梵美宿（鳳凰古城店）,9.7,"['等風投影-智能標間:HK$399', '初見-智能大床房:HK$399', '初心-智能大床房:HK$399', '山靜投影-智能大床房:HK$478']"
全季酒店（湘西鳳凰古城店）,9.6,"['高級大床房:HK$504', '高級雙床房:HK$504', '豪華大床房:HK$532', '豪華雙床房:HK$551']"
雲兮精品酒店（鳳凰古城南華門店）,8.9,"['若幽.琴韻雙床房:HK$286', '淺醉.漫居大床房:HK$304', '聽澗侘寂風.畫框觀景雙床房:HK$360', '幾木侘寂風.畫框觀景大床房:HK$369']"
