酒店名称,评分,房型价格列表
桔子酒店（湛江萬達廣場店）,9.7,"['海景大床房:HK$411', '海景高級大床房:HK$440', '海景觀景雙床房:HK$440', '海景觀景大床房:HK$469', '海景觀景豪華雙床房:HK$469']"
湛江智選假日酒店,9.5,"['高級雙床房（舒適空間+智能客控+65寸超大投屏電視）:HK$380', '海景雙人房（一線海景+智能客控+65寸超大投屏電視）:HK$424', '高級大床房（舒適空間+智能客控+65寸超大投屏電視）:HK$455', '海景大床房（一線海景+智能客控+65寸超大投屏電視）:HK$496', '商務海景大床房（高層海景+智能客控+65寸投屏電視）:HK$574']"
湛江金沙灣萬達開元名庭酒店,9.3,"['名成高級大床房（智能客控+靜謐城景+榻榻米茶台）:HK$379', '名成高級雙床房（智能客控+絕美城景）:HK$393', '名成高級城景雙床房（舒適空間++灼灼城景+夜覽星海）:HK$425', '名成豪華海景大床房（C位海景+觀漁船郵輪+看海灣大橋奧體中心）:HK$455', '高級城景親子房（粉色系主題+小童潮用品+帳篷+公仔+城景）:HK$486']"
美豪麗致酒店（湛江鼎盛廣場民大環宇新天地店）,9.4,"['麗致優雅大床房（奧馬冰箱+65寸小米超大投屏電視）:HK$326', '麗致優雅雙床房（奧馬冰箱+65寸小米超大投屏電視）:HK$348', '麗致豪華大床房（奧馬冰箱+65寸小米超大投屏電視）:HK$369', '麗致豪華雙床房（奧馬冰箱+65寸小米超大投屏電視）:HK$380', '麗致行政大床套房（奧馬冰箱+65寸小米超大投屏電視）:HK$424']"
湛江花園酒店,9.5,"['豪華雙床房:HK$646', '豪華大床房:HK$646', '至尊海景大床房:HK$753', '至尊海景雙床房:HK$753', '豪華套房:HK$1,011', 'B.Duck小黃鴨&YOYO親子主題豪華大床房:HK$1,181']"
湛江金沙灣觀海長廊亞朵酒店,9.8,"['雅緻大床房（深睡床墊、枕頭+裸棉床品+投屏電視）:HK$421', '高級大床房（深睡床墊、枕頭+裸棉床品+投屏電視）:HK$457', '行政海景大床房（深睡床墊、枕頭+裸棉床品+投屏電視）:HK$511', '行政海景雙床房（深睡床墊、枕頭+裸棉床品+投屏電視）:HK$538', '尊享海景大床房（深睡床墊、枕頭+裸棉床品+投屏電視）:HK$592']"
美豪麗致酒店（湛江金沙灣店）,9.4,"['城景陽台大床房:HK$436', '海景大床房:HK$502', '海景雙床房:HK$545', 'C位海景大床房:HK$557', '海景陽台雙床房:HK$588']"
湛江禮尚酒店（金沙灣風景區店）,9.3,"['豪華城景大床房（50寸高清手機投屏電視）:HK$328', '豪華海景雙床房（50寸高清手機投屏電視）:HK$396', '豪華城景雙床房（50寸高清手機投屏電視）:HK$431', '豪華海景大床房（50寸高清手機投屏電視）:HK$431']"
湛江金沙灣萬達阿拉雲酒店,9.3,"['巨幕影音雙床房:HK$331', '巨幕影音大床房:HK$332', '豪華巨幕影音雙床房:HK$357', '雙拼巨幕影音大床房:HK$357', '豪華巨幕影音大床房:HK$372']"
硇洲島海雲·設計師海景美宿,9.7,"['90度海景·浴缸輕奢大床房:HK$430', '夕陽露台海景大床房:HK$490', '夕陽·浴缸露台海景大床房:HK$524', '最美夕陽海景雙床房:HK$544']"
全季酒店（湛江觀海長廊店）,9.3,"['大床房:HK$374', '商務雙床房:HK$402', '高級大床房:HK$402', '商務大床房:HK$430']"
美豪麗致酒店（湛江奧體中心軍博園店）,9.7,"['麗致智能大床房+未來感空間+夢幻窗景+祕景房+智能客控:HK$411', '麗致榻榻米大床房+雲眠地台+素心雅榻+雅韻榻+智能客控:HK$444', '麗致智能雙床房+高效空間+極客優選+雲端互聯+智能客控:HK$444', '雅緻影院大床房+星空私享+悦幕之境+獨享巨幕+智能客控:HK$476', '麗致庭院大床房+綠意棲居+閑庭逸境+悦目院景+智能客控:HK$496']"
湛江明粵公寓,9.4,"['高級大床房:HK$481', '高級雙床房:HK$481', '高級雙拼大床房:HK$481', '豪華雙拼大床房:HK$557']"
麗呈朗譽酒店（湛江椹川大道中鼎盛廣場店）,9.3,"['輕奢雅緻單人房（精緻空間+高清極速投屏+品牌床墊）:HK$220', '輕奢靜謐大床房（純棉床品+雙頻空調+ 投屏）:HK$244', '輕奢輕悦大床房（高清極速投屏+乾濕分離+休閑椅）:HK$278', '輕奢輕悦雙床房（酣睡床墊+極簡書桌+休閑椅）:HK$361']"
麗怡酒店（湛江赤坎老街世貿店）,9.4,"['標準大床房:HK$214', '豪華大床房（智能客控+慕思床墊）:HK$230', '豪華雙床房（智能客控+慕思床墊）:HK$254', '商務雙床房（智能客控+慕思床墊）:HK$302']"
熙悦設計師民宿（湛江金沙灣觀海長廊店）,9.7,"['復古藍-法式LOFT高層海景投影大床房（看日出）:HK$369', '復古粉-法式LOFT高層海景投影大床房（高層看日出）:HK$369', '復古綠-法式LOFT高層海景投影大床房（看日出）:HK$369', '奶油綠-輕法式LOFT高層海景投影大床房（看日出）:HK$369']"
湛江人民大道鼎盛廣場亞朵酒店,9.6,"['高級大床房（慢回彈護頸枕+裸棉床品+投屏電視）:HK$421', '高級雙床房（慢回彈護頸枕+裸棉床品+投屏電視）:HK$430', '行政大床房（裸棉床品+貴妃榻+投屏電視）:HK$466', '行政城景大床房（裸棉床品+榻榻米+投屏電視）:HK$502', '行政城景雙床房（裸棉床品+榻榻米+投屏電視）:HK$520']"
湛江阿斯頓酒店（湛江萬達廣場店）,9.2,"['雅緻大床房（特色榻榻米＆舒適睡眠＆智能客控）:HK$314', '城景大床房（舒適空間＆尊享城景＆智能客控）:HK$355', '城景雙床房（經濟舒適＆尊享城景&智能客控）:HK$370', '尊貴大床房（更大空間＆陽台可晾衣&智能客控）:HK$411']"
維也納酒店（湛江東海島店）,9.2,"['高級大床房（智能可控+智能馬桶+抗菌防蟎親膚布草）:HK$388', '豪華大床房（智能可控+智能馬桶+抗菌防蟎親膚布草）:HK$437', '豪華雙床房（智能可控+智能馬桶+抗菌防蟎親膚布草）:HK$437', '商務大床房（高層風景+智能馬桶+抗菌防蟎親膚布草）:HK$481']"
湛江人民大道希爾頓歡朋酒店,9.6,"['舒適大床房:HK$468', '舒適雙床房:HK$468', '高級大床房:HK$560', '高級雙床房:HK$560', '豪華大床房:HK$617', '豪華雙床房:HK$617']"
湛江麗橙智能,9.1,"['精緻-甜睡雙床房{全屋智能+零壓床墊}:HK$180', '悦致-寧靜雙床房{全屋智能+零壓床墊+乾濕分離}:HK$194', '麗致-靜奢深睡大床房:HK$208', '雅緻-高級甜睡大床房:HK$222']"
湛江海濱賓館,9.3,"['園景雙床房:HK$496', '園景大床房:HK$496', '特惠大床房:HK$504', '特色雙床房:HK$618', '豪華大床房:HK$714', '豪華雙床房:HK$714']"
無界·尚居海景公寓（湛江金沙灣店）,9.9,"['泊奢丨美居海景大床房（180度海景）:HK$433', '墨奢丨美居海景大床房（180度海景）:HK$443', '雲奢丨美居海景大床套房（180度海景）:HK$470', '雅奢丨美居海景大床房（180度海景）:HK$480']"
柏曼酒店（湛江世貿大廈高鐵站店）,9.1,"['舒適大床房:HK$170', '舒適雙床房:HK$185', '標準大床房:HK$185', '商務大床房:HK$200']"
湛江華和國際酒店,9.4,"['豪華雙床房:HK$459', '園景豪華大床房:HK$459', '園景行政大床房:HK$525', '行政雙床房:HK$525', '夢百合豪華大床房:HK$607', '夢百合豪華雙床房:HK$607']"
宿屋嚴選·經年海景民宿（萬達榮盛中央廣場店）,9.4,"['乘風「海上日出+智能客控+氛圍閲讀區+65寸高清電視+大窗海灣大橋全景」:HK$255', '雲升「智能客控+65寸超清電視+觀景吊椅+大窗海景房+海上日出」:HK$323', '共潮「智能客控＋侘寂風＋會員巨幕觀影+榻榻米觀景＋大窗海景房+海上日出」:HK$337', '觀瀾「氛圍壁爐+圍坐式觀景+會員巨幕觀影+高層海景房看海上日出」:HK$358']"
嘉勵國際酒店（湛江鼎盛廣場店）,8.9,"['臻選大床房:HK$203', '商旅雙床房:HK$208', '都市大床房:HK$208', '城景大床房:HK$231']"
湛江華都滙麗呈酒店,9.4,"['豪華大床房:HK$525', '豪華雙床房:HK$525', '豪華湖景大床房:HK$555', '豪華湖景雙床房:HK$555', '行政大床房:HK$565', '行政雙床房:HK$565']"
麗楓酒店（湛江金沙灣店）,9.5,"['雅緻大床房（智能客控+慕思舒眠床墊）:HK$312', '雅緻雙床房（智能客控+慕思舒眠床墊）:HK$312', '豪華大床房（智能客控+慕思舒眠床墊）:HK$350', '豪華雙床房（智能客控+慕思舒眠床墊）:HK$350']"
湛江嘉瑞禾酒店,9.5,"['商務精品房:HK$347', '商務大床房:HK$437', '商務雙人房:HK$437', '豪華大床房:HK$483', '豪華雙床房:HK$483']"
湛江經開戴斯精選温德姆酒店,8.8,"['優享雙床房:HK$319', '優享大床房:HK$319', '高級智能大床房:HK$393', '豪華智能大床房:HK$425', '豪華智能雙床房:HK$425']"
等妳設計師民宿（湛江金沙灣店）,9.6,"['（達利）影音投影大床房:HK$328', '（莫蘭迪）LOFT高層投影城景套房（高層陽台）:HK$343', '（庫耶爾）LOFT高層投影城景套房（高層陽台）:HK$343', '（畢沙羅）LOFT高層投影城景套房（高層陽台）:HK$343']"
漢庭酒店（湛江赤坎店）,9.4,"['高級大床房:HK$293', '商務大床房:HK$312', '雙床房:HK$328', '套房:HK$407']"
宜尚酒店（湛江海濱大道中江南世家店）,9.5,"['標準大床房（明亮舒適｜全新床品｜輕鬆好眠｜乾濕分離）:HK$281', '標準雙床房（明亮舒適｜全新床品｜輕鬆好眠｜乾濕分離）:HK$281', '高級大床房（明亮舒適｜全新床品｜輕鬆好眠｜乾濕分離）:HK$318', '高級雙床房（明亮舒適｜全新床品｜輕鬆好眠｜乾濕分離）:HK$318']"
阿拉雲酒店（湛江赤坎老街金沙灣風景區店）,9.3,"['雅緻大床房:HK$230', '豪華大床房:HK$262', '雅緻影音大床房:HK$295', '豪華雙床房:HK$302']"
湛江銀灣國際大酒店（金沙灣店）,9.4,"['高級雙床房:HK$479', '高級大床房:HK$479', '豪華大床房:HK$533', '豪華雙床房:HK$533', '至尊湖景大床房:HK$588']"
金輝煌銀利酒店（湛江鼎盛廣場店）,9.3,"['優享雙床房:HK$205', '優享大床房:HK$209', '商務雙床房:HK$265', '商務大床房:HK$285', '清雅雙床房:HK$285']"
柏曼酒店（湛江鼎盛廣場海濱公園店）,9.5,"['舒適大床房（安靜舒適+高質量睡眠）:HK$215', '標準雙床房（光線明亮+通風舒適+安靜）:HK$233', '標準大床房（光線明亮+通風舒適+安靜）:HK$233', '高級大床房（（光線明亮+通風舒適+安靜）:HK$248']"
富輝酒店（候機樓華都滙店）,8.6,"['豪華大床房（公區自助洗衣機）:HK$143', '豪華雙床房:HK$150', '棋牌娛樂雙床房:HK$200', '行政套房（一房一廳）:HK$209']"
樂芙·假日酒店（湛江萬達廣場店）,9.2,"['特惠大床房（高清投影可手機投屏+愛奇藝VIP影視+深睡眠床墊）:HK$205', '樂芙悦享大床房（榻榻米坐墊+可手機投屏+愛奇藝影視）:HK$225', '樂芙舒享大床房（100寸投影+小度智控+愛奇藝VIP）:HK$232', '樂芙優享大床房（城景陽台+智能聲控+愛奇藝VIP）:HK$232']"
湛江金輝煌酒店,9.4,"['優享雙床房:HK$325', '優享大床房:HK$341', '豪華雙床房:HK$369', '豪華大床房:HK$396', '商務三床套房:HK$583']"
柏爵·設計師輕居（湛江萬達廣場招商花園城店）,9.0,"['海馬-100寸投影海景大床房（迷你冰箱+海景陽台+看日出）:HK$357', '海螺-100寸投影海景大床房（迷你冰箱+海景陽台+看日出）:HK$357', '海豹-100寸投影海景大床房（迷你冰箱+海景陽台+看日出）:HK$357', '珍珠-100寸投影海景大床房（迷你冰箱+海景陽台+看日出）:HK$357']"
湛江民大喜來登酒店,9.4,"['豪華大床房:HK$841', '豪華海景大床房:HK$872', '豪華雙床房:HK$905', '豪華海景雙床房:HK$932', '尊貴海景大床房:HK$981', '行政豪華大床房:HK$1,032']"
城市便捷酒店（湛江海濱公園觀海長廊店）,9.3,"['標準大床房（光線明亮+安靜舒適）:HK$195', '高級大床房（光線明亮+舒適安靜）:HK$205', '高級雙床房（光線明亮+通風舒適+安靜）:HK$205', '商務大床房（寬敞明亮+舒適安靜）:HK$216']"
觀海·設計師公寓（金沙灣風景區店）,9.3,"['海間- 城景陽台大床房（俯瞰城市景觀+陽台）:HK$299', '海晏- C位海景大床房（看海上日出+180度海景+落地窗）:HK$342', '海浪- C位海景大床房（看海上日出+180度海景+落地窗）:HK$342', '海汐- C位海景大床房（看海上日出+180度海景+落地窗）:HK$342']"
喆啡酒店（湛江萬達廣場華都滙店）,9.2,"['啡凡體驗房:HK$246', '醇享大床房:HK$264', '醇享雙床房:HK$286', '啡凡大床房:HK$298']"
鼎盛雲天酒店（湛江鼎盛廣場店）,8.8,"['精品雙床房:HK$268', '標準大床房:HK$307', '標準雙床房:HK$307', '豪華大床房:HK$372', '豪華雙床房:HK$372']"
湛江八方君悦酒店（金沙灣鷹展假日廣場店）,8.9,"['優選大床房:HK$193', '優選雙床房:HK$198', '尊選大床房:HK$212', '尊選雙床房:HK$219']"
格林豪泰智選酒店（湛江東海島店）,9.3,"['精選大床房:HK$156', '高級大床房:HK$166', '高級雙床房:HK$168', '豪華雙床房:HK$208']"
寧可民宿（萬達榮盛店）,9.5,"['小村之戀（海景投屏大床房）:HK$304', '北國之春（海景投屏大床房）:HK$304', '望春風（海景投屏大床房）:HK$329', '微風細雨（海景投屏大床房）:HK$329']"
