酒店名称,评分,房型价格列表
花築·藝術家民宿（潮州古城牌坊街西馬路店）,9.6,"['靜客丨奢享大床房:HK$544', '米蘭丨奢享大床房:HK$599', '半夏丨奢享大床房:HK$599', '忘憂 | 奢享花園大床房:HK$721']"
Urba柏納·國際公寓（潮州古城牌坊街店）,9.4,"['臻選大床房（智能客控+高清投屏電視）:HK$360', '精選雙床房（智能客控+高清投屏電視）:HK$435', '精選大床房（智能客控+高清投屏電視）:HK$435', '影音雙床房（影音巨幕+智控）:HK$501', '豪華雙床房（炫彩波紋燈+智控+高清投屏電視）:HK$544']"
潮州財富中心希爾頓歡朋酒店,9.4,"['豪華大床房:HK$564', '豪華雙床房:HK$610', '豪華商務大床:HK$666', '豪華商務雙床房:HK$666', '親子大床房:HK$792']"
希居（潮州古城廣濟橋江景店）,9.4,"['温馨·高級大床房（全屋智能+雲視聽會員+安靜舒適+助眠零壓床墊+全棉高織床品）:HK$343', '觀影·豪華大床房（側面江景+100寸影院投屏+全屋智能+助眠零壓床墊+全棉高織床品）:HK$376', '温馨·高級雙床房（全屋智能+雲視聽會員+助眠床墊）:HK$408', '江景·浴缸大床房（一線江景+眺望廣濟橋+全屋智能+雲視聽會員+助眠零壓床墊+全棉高織床品）:HK$431']"
潮橙 · Apartment（潮州廣濟橋牌坊街店）,9.4,"['投影精緻大床房 （智能音控 + 乾濕分離 + 影視會員 + 純棉床品）:HK$287', '雅緻大床房 （智能音控 + 乾濕分離 + 純棉床品）:HK$331', '舒適雙床房 （智能音控 + 乾濕分離 + 純棉床品）:HK$353', '豪華大床房 （智能音控 + 乾濕分離 + 純棉床品）:HK$353']"
山禾裏·宋代美學庭院（汕頭小公園店）,9.6,"['室外桃園·大床房·一樓庭外:HK$634', '浮生半日·大床房:HK$853', '逸趣生活·雙床房:HK$853', '煙火少城·大床房:HK$1,058', '舒適謐境·豪華大床房·內庭:HK$1,058']"
潮州人民廣場希岸Deluxe酒店,9.3,"['Deluxe休閑大床房:HK$415', 'Deluxe休閑雙床房:HK$433', 'Deluxe豪華大床房【全屋智控+乾濕分離】:HK$442', 'Deluxe豪華雙床房【全屋智控+乾濕分離】:HK$459', 'Deluxe商務大床房【全屋客控+乾濕分離】:HK$468']"
桔子酒店（潮州古城牌坊街店）,9.3,"['高級大床房:HK$448', '雙床房:HK$496', '豪華大床房:HK$524', '高級雙床房:HK$543']"
蘭歐酒店（潮州古城牌坊街店）,9.1,"['標準大床房:HK$297', '標準雙床房:HK$337', '豪華大床房（私享按摩椅+智能語控）:HK$349', '高級雙床房:HK$386', '豪華雙床房:HK$413']"
韓思·悦酒店（潮州古城牌坊街店）,9.2,"['高級大床房-零壓床品:HK$323', '思悦大床房-零壓床品:HK$367', '豪華大床房-零壓床品:HK$401', '豪華雙床房-零壓床品:HK$469', '思悦雙床房-零壓床品:HK$482']"
潮邑明林府（潮州古城牌坊街店）,9.6,"['鸞凰琴簪•豪華大床房+92寸高清影幕:HK$436', '鳳鳴·智能豪華大床房+户外桌椅+100寸高清巨幕:HK$546', '月圓澄酒·智能輕享複式大床套房:HK$589', '山海丹青·智能輕享景觀複式雙床套房+84寸高清影幕:HK$688']"
桔子美居（潮州古城牌坊街店）,9.3,"['臻選大床房（護脊床墊+記憶枕+小冰箱+功夫茶具）:HK$376', '陽光鮮桔大床房（護脊床墊+記憶枕+小冰箱+功夫茶具）:HK$432', '陽光鮮桔雙床房（護脊床墊+記憶枕+助眠零壓+小冰箱）:HK$498', '尊榮雅居大床房（護脊床墊+記憶枕+小冰箱+功夫茶具）:HK$498', '尊榮雅居雙床房（護脊床墊+記憶枕+助眠零壓+小冰箱）:HK$543']"
潮州Panda·熊貓來了花園,9.2,"['180°大視野大床房（私享浴缸+一線江城景+智能客控）:HK$436', '舒適城景雙床房（智能客控+巨幕投影+一線城景）:HK$491', '豪華城景雙床房（智能客控+巨幕投影+一線城景）:HK$545', '230°景觀雙床房（智能客控+巨幕投影+天空記憶棉）:HK$600', '230°全江景大床房（私享浴池+智能客控+一線江景）:HK$633']"
麗楓酒店（潮州温泉江景店）,9.5,"['雅緻大床房（空氣凈化器+慕斯床墊+投屏電視）:HK$293', '豪華大床房（空氣凈化器+慕斯床墊+投屏電視）:HK$325', '豪華雙床間（空氣凈化器+慕斯床墊+投屏電視）:HK$373', '浪漫大床房（空氣凈化器+慕斯床墊+投屏電視）:HK$388']"
全季酒店（潮州古城人民廣場店）,9.5,"['高級大床房:HK$428', '豪華大床房:HK$477', '高級雙床房:HK$507', '套房:HK$527']"
潮州市盈合酒店（潮州古城人民廣場店）,9.3,"['巧 | 雅緻大床房 | 智能音控+古城街景+陽光滿屋:HK$318', '享 | 精緻大床房 | 智能音控+古城街景+陽光滿屋:HK$359', '優 | 精緻雙床房 | 智能音控+鳥瞰街景+陽光滿屋:HK$412', '馨 | 親子子母雙床房 | 智能音控+古城街景+陽光滿屋:HK$455']"
桔子酒店（潮州古城人民廣場店）,9.3,"['大床房:HK$281', '雙床房:HK$299', '高級大床房:HK$309', '高級雙床房:HK$327']"
關於美宿（潮州古城牌坊街店）,9.3,"['瓷寂｜特惠大床房【天空記憶棉枕➕鵝絨被➕大屏投影】:HK$563', '雲泥｜特惠雙床房【天空記憶棉枕➕鵝絨被➕大屏投影】:HK$717', '硯雪｜標準大床房【天空記憶棉枕➕鵝絨被➕大屏投影】:HK$734', '松煙｜標準雙床房【天空記憶棉枕➕鵝絨被➕大屏投影】:HK$750', '潮生｜陽台大床房【天空記憶棉枕➕鵝絨被➕花園陽台】:HK$750']"
凱里亞德店（潮州古城萬德雲創園店）,9.2,"['輕享大床房（全屋智能+舒適床墊+智能馬桶）:HK$251', '優享大床房（全屋智能+舒適床墊+智能馬桶）:HK$278', '優享雙床房（智能語音客控+全棉床品）:HK$278', '榮享大床房（全屋智能+舒適床墊+智能馬桶）:HK$313']"
洲上·壹叁間民宿（潮州古城廣濟橋店）,9.7,"['靜謐觀影.複式閣樓房（大屏投影+LOFT設計+智能家居）:HK$684', '270°江景奢享大床房（夕陽全景+休閑空間+大屏投影）:HK$684', '180°江景浴缸大床房（夕陽景觀+解壓浴缸+大屏投影）:HK$684', '獨享大露台度假花園房（花園露台+度假躺椅+大屏投影）:HK$795']"
潮州騰瑞皇冠假日酒店,9.5,"['高級山景雙床房:HK$819', '皇冠家族親子山景雙床房:HK$892', '豪華山景大床房:HK$928', '高級江景大床房:HK$1,015', '高級江景雙床房:HK$1,015', '高級廣濟橋景大床房:HK$1,125']"
潮府裏國際酒店（潮州古城牌坊街店）,9.4,"['淺野·雅緻大床房（全屋智能+陽光落地窗+全棉床品）:HK$304', '沐光·舒睡雙床房（全屋智能+陽光落地窗+全棉床品）:HK$359', '月泮·親子家庭套房（全屋智能+陽光落地窗+全棉床品）:HK$468']"
萬斯吉國際酒店（潮汕高鐵站店）,9.2,"['標準大床房:HK$244', '商務大床房:HK$266', '豪華大床房:HK$298', '精緻雙床房:HK$332', '豪華影音大床房:HK$332']"
潮之派酒店（潮州店）,9.1,"['舒適大床房（靜夜好眠+辦公桌椅）:HK$203', '美居雙床房:HK$212', '豪華大床房（全屋智能語音+高層景觀+輕奢沙發）:HK$230', '高級雙床房（全屋智能語音+高層景觀+乾濕分區）:HK$240']"
潮州瀛洲設計酒店,9.7,"['瀛選精緻大床房:HK$853', '瀛選精緻家庭房:HK$1,071', '瀛選景緻雙床房:HK$1,508', '瀛選豪華雙床房:HK$1,508', '瀛選豪華大床房:HK$1,508']"
潮州古城牌坊街漫心酒店,9.7,"['心怡標準大床房:HK$518', '心怡標準雙床房:HK$558', '心悦高級大床房:HK$582', '心悦高級家庭房:HK$622', '心享豪華大床房:HK$645']"
外和裏酒店（潮州古城人民廣場店）,9.5,"['夢嶼·舒適雙床房（全屋新風+芝華仕床品）:HK$537', '簡悦·零壓大床房（全屋新風+乾濕分離+芝華仕床品）:HK$565', '純木·美夢雙床房（全屋新風+乾濕分離+芝華仕床品）:HK$602', '寧馨·安睡雙床房（全屋新風+乾濕分離+芝華仕床品）:HK$602', '潮風·豪華大床房（全屋新風+乾濕分離+芝華仕床品）:HK$630']"
明熙樓客棧（潮州古城牌坊街店）,9.1,"['301｜飄絮大床房（深睡床墊+智能馬桶）:HK$366', '303｜望元榻榻米大床房（開元寺景觀+深睡床墊+智能馬桶）:HK$366', '302｜靜享雙床房（深睡床墊+智能馬桶）:HK$461', '202｜桑落大床房（深睡床墊+智能馬桶）:HK$461']"
凱里亞德酒店（潮州財富中心人民廣場店）,9.4,"['輕享大床房:HK$238', '優享影音大床房:HK$270', '優享大床房:HK$270', '優享雙床房:HK$294']"
駿景國際酒店（潮州韓江人民廣場店）,9.4,['景雅·私享大床房『温馨出行+功夫茶具+自然眠愈被芯』:HK$361']
潮州古城雲居酒店,9.7,"['出岫舒適大床房:HK$462', '點墨商務大床房:HK$680', '卧松日光雙床房:HK$786']"
潮州古城牌坊街開元名庭,8.9,"['名成高級大床房:HK$435', '名成高級雙床房:HK$473', '名成豪華大床房:HK$473', '名成豪華雙床房:HK$513', '名成行政大床房:HK$513']"
財庫S酒店（潮州古城牌坊街店）,9.4,"['古城景觀大床房（記憶棉床墊+智能客控+空氣凈化）:HK$873', '古城景觀雙床房（功夫茶具+休閑沙發+空氣凈化）:HK$1,086', '陽台花園地標古城景大床房（私家花園泡池+功夫茶具）:HK$1,136', '一大一小古城景觀親子房（小童用品+空氣凈化）:HK$1,157']"
花築·歸去來兮客棧（潮州韓文公祠店）,9.4,"['晨兮|輕奢大床房（全屋智能+乾濕分離+巨幕投影）:HK$369', '熹微｜陽光景觀大床房（全屋智能+乾濕分離+高清影視+景觀陽台）:HK$453', '雲藴|奶油風親子房（全屋智能+巨幕投影+乾濕分離）:HK$555', '兮照|温馨親子房（全屋智能+乾濕分離+巨幕投幕）:HK$614']"
柏曼酒店（潮州古城人民廣場店）,9.4,"['標準大床房:HK$309', '商務大床房:HK$331', '商務雙床房:HK$353', '高級大床房:HK$374']"
如南里·美墅（潮州古城牌坊街店）,9.4,"['春澗·觀影大床房:HK$256', '特惠·豪華大床房:HK$256', '挽夏·標準雙床房:HK$310', '秋嶼·雅緻觀影大床房:HK$310']"
潮州希爾頓惠庭酒店,9.1,"['靈動大床房（膠囊coffee機+微波爐+雙功能小冰箱）:HK$513', '靈動雙床房（膠囊coffee機+微波爐+雙功能小冰箱）:HK$513', '靈動高級大床房（膠囊coffee機+微波爐+雙功能小冰箱）:HK$560', '靈動豪華大床房（膠囊coffee機+沙發床+雙功能小冰箱）:HK$607', '靈動豪華雙床房（膠囊coffee機+微波爐+雙功能小冰箱）:HK$607', '套房（膠囊coffee機+一室一廳+雙功能冰箱）:HK$703']"
潮州古城人民廣場亞朵酒店,9.4,"['雅緻大床房:HK$450', '高級大床房:HK$501', '高級雙床房:HK$501', '幾木雙床房:HK$601', '幾木大床房:HK$601']"
麗楓酒店（潮州恆德國際店）,9.0,"['標準大床房:HK$254', '豪華大床房:HK$271', '景觀大床房:HK$279', '商務大床房:HK$313']"
康鉑酒店（潮州古城牌坊街店）,9.4,"['影音大床房:HK$365', '影音雙床房:HK$365', '高級大床房:HK$414', '高級雙床房:HK$414', '舒享Studio:HK$437']"
麗楓酒店（潮州潮安店）,9.5,"['浪漫優享房:HK$294', '豪華大床房:HK$301', '商務大床房:HK$326', '豪華雙床房:HK$326', '商務套房:HK$578']"
花築·東門客棧（潮州廣濟橋牌坊街店）,9.4,"['中式大床房（乳膠床墊+乾濕分離）:HK$293', '中式雙床房（乳膠床墊+乾濕分離）:HK$377', '歐式經典大床房（乳膠床墊+乾濕分離）:HK$516', '歐式豪華大床房（乳膠床墊+乾濕分離）:HK$615']"
TIDE潮酒店（潮州古城牌坊街店）,9.6,"['街景潮悦大床房【智能客控+私享浴缸+俯瞰牌坊街】:HK$1,408', '街景潮悦雙床房【私享浴缸+迷你冰箱+俯瞰潮州古城】:HK$1,408', '潮悦日式小套房【智能客控+私享浴缸+工夫茶具】:HK$1,521', '街景潮悦親子房【俯瞰牌坊街+私享浴缸+迷你冰箱】:HK$1,635', '街景潮悦尊享套房【智能客控+私享浴缸+俯瞰牌坊街】:HK$2,808']"
維也納酒店（潮州潮汕高鐵站店）,9.2,"['標準大床房:HK$236', '商務大床房:HK$302']"
合舍客棧（潮州古城牌坊街廣濟橋店）,9.1,"['情侶大床浴缸房:HK$218', '影院浴缸大床房:HK$229', '榻榻米大床房:HK$273', '家庭雙床房（無窗）:HK$317']"
麗楓酒店（潮汕高鐵站揭陽潮汕國際機場店）,9.6,"['豪華大床房:HK$305', '商務大床房:HK$313', '浪漫優享房:HK$396']"
潮州御酒店,9.6,"['典選湯池客房:HK$2,787', '榻式炕床典選特色雙床房:HK$2,787', '精選湯池客房:HK$3,066', '榻式炕床精選特色雙床房:HK$3,066', '臻選湯池客房:HK$3,530', '榻式炕床臻選特色雙床房:HK$3,530']"
潮州市·熙揚·喜宿·Cloud.Bar花園（潮州古城牌坊街店）,9.3,"['城景逸境大床房（零壓床墊+太空記憶棉+新風系統+高清投屏電視+乾濕分離）>:HK$290', '童趣親子大床房（零壓床墊+太空記憶棉+休閑沙發+新風系統+高清投屏電視+乾濕分離）>:HK$295', '浪漫輕奢浴缸房（深袍浴缸+零壓床墊+太空記憶棉+新風系統+高清投屏電視+乾濕分離）>:HK$302', '簡約投影大床房（零壓床墊+太空記憶棉+新風系統+高清巨幕投影+乾濕分離）>:HK$315']"
潮·莫奈花園（潮州古城牌坊街店）,9.7,"['諾曼底大床房（智能客控+百寸巨幕+私享浴缸+ 太空記憶棉）:HK$819', '盧浮宮圓床房（智能客控+百寸巨幕+私享浴缸+ 太空記憶棉）:HK$950', '180°城景圓床房（智能客控+百寸巨幕+私享浴缸+ 太空記憶棉+唯美夜景）:HK$1,092', '南法假日雙床房（智能客控+百寸巨幕+ 太空記憶棉）:HK$1,092']"
鉑頓國際公寓（潮州韓江人民廣場店）,9.4,"['智能大床房（智能客控+功夫茶具+24小時新風系統）:HK$269', '雅緻雙床房:HK$287', '影院家庭房:HK$298', '智能雙床房（智能客控+功夫茶具+24小時新風系統）:HK$321']"
