酒店名称,评分,房型价格列表
濟南趵突泉亞朵S酒店,9.6,"['雅緻大床房（小冰箱+投屏電視）:HK$656', '高級大床房（小冰箱+智能馬桶+投屏電視）:HK$809', '高級雙床房（小冰箱+可拼床+投屏電視）:HK$908', '行政城景大床房（俯瞰護城河+深睡PRO枕+小冰箱）:HK$908', '行政城景雙床房（俯瞰護城河+深睡PRO枕+小冰箱）:HK$989']"
棠梨褐酒店（濟南大明湖趵突泉店）,9.5,"['雅緻大床房（智能客控+靜享安睡時刻）:HK$456', '碧山大床房（智能客控+繁華都市景色）:HK$489', '沁馨大床房（智能客控+寬敞舒適空間）:HK$521', '碧山雙床房（智能客控+靜享安睡時刻）:HK$598', '沁馨雙床房（智能客控+靜享安睡時刻）:HK$653']"
濟南子曰·明湖酒店,9.7,"['子曰豪華大床房:HK$980', '子曰豪華雙床房:HK$1,082', '子曰LOFT精選大床房:HK$1,111', '子曰庭院大床房:HK$1,111', '安眠·舒睡行政大床房:HK$1,165']"
蔚徠J酒店（濟南萬象城CBD店）,9.4,"['優享大床房（中央空調+靜謐空間）:HK$375', '精選雙床房（中央空調+深度好眠）:HK$375', '精選大床房（中央空調+深度好眠）:HK$424', '精選豪華大床房（中央空調+乾濕分離）:HK$449']"
泉水人家民宿（濟南大明湖店）,9.3,"['流杯5號大床房:HK$578', '流杯2號院景大床房:HK$611', '爭渡2號院景大床房:HK$644', '爭渡1號院景大床房:HK$644', '爭渡3號院景大床房:HK$644']"
濟南吉華大廈（泉城廣場趵突泉店）,9.6,"['輕奢宿心雙床房（烘乾衣架）:HK$414', '輕奢宿心大床房（烘乾衣架）:HK$414', '臻享影院大床房（100寸投影）:HK$499', '悦享景觀大床房（空氣凈化器+智能馬桶）:HK$499', '泉城印象雙床房:HK$522']"
濟南濟陽希爾頓歡朋酒店,9.5,"['舒適標準間:HK$373', '舒適大床房:HK$373', '純凈大床房:HK$441', '高級大床房:HK$442', '高級標準間:HK$442']"
沃德酒店（濟南泉城廣場寬厚裏店）,9.5,"['商務大床房:HK$489', '商務雙床房:HK$489', '雅緻大床房（智能馬桶+小冰箱）:HK$535', '雅緻雙床房（智能馬桶+小冰箱）:HK$554']"
沃德酒店（濟南鳳鳴路鮑山地鐵站店）,9.5,"['商務大床房（深睡慕思床品+智能投屏）:HK$288', '商務雙床房（深睡慕思床品+智能投屏+停車無憂）:HK$297', '雅緻大床房（深睡慕思床品+小冰箱+智能投屏）:HK$314', '雅緻雙床房（深睡慕思床品+小冰箱+智能投屏）:HK$323', '景觀大床房（觀景露台+深睡慕思床品+冰箱+智能投屏）:HK$350']"
濟南泉城廣場寬厚里亞朵酒店,9.7,"['雅緻大床房（小冰箱+投屏電視+智能馬桶）:HK$620', '高級大床房（小冰箱+投屏電視+智能馬桶）:HK$656', '高級雙床房（小冰箱+投屏電視+智能馬桶）:HK$746', '幾木大床房（深睡PRO枕+小冰箱+投屏電視+智能馬桶）:HK$835', '行政大床房（小冰箱+投屏電視+智能馬桶）:HK$835']"
如家商旅酒店（濟南遙牆國際機場店）,9.6,"['雙床房（智能投屏）:HK$254', '商務大床房（智能投屏）:HK$254', '高級大床房（智能投屏）:HK$271', '高級雙床房（智能投屏）:HK$271']"
尚泉歷舍（濟南大明湖景區店）,9.5,"['舒適大床房:HK$731', '叢林鴨主題房:HK$764', '榻榻米大床房:HK$786', '景觀大床房:HK$873', '特色景觀大床房:HK$907']"
濟南大明湖景區輕居酒店,9.7,['標準大床房（智能客控+投屏+小冰箱+獨立空調）:HK$490']
喬治莫蘭迪酒店（濟南奧體中路新濼大街店）,9.6,"['雅緻雙床房『智能語音客控+零壓床墊』:HK$368', '雅緻大床房『智能語音客控+全身鏡』:HK$388', '露台景觀大床房『私享露台+MI 空氣凈化器』:HK$399', '豪華雙床房『智能語音客控+MI 空氣凈化器』:HK$430', '尊享浴缸大床房『泡泡浴套裝+ 雲水•茶空間』:HK$471']"
山東健康麗呈酒店（大明湖泉城廣場店）,9.4,"['雅緻雙床房:HK$410', '雅緻大床房:HK$410', '明湖印象大床房:HK$454', '明湖印象雙床房:HK$454', '尊享雙床房:HK$498']"
濟南泉城大酒店（泉城廣場大明湖店）,9.6,"['豪華大床房:HK$447', '豪華雙床房:HK$448', '泉城智能雙床房-智能客控+小冰箱:HK$556', '泉城智能大床房-智能客控+小冰箱:HK$567', '親子大床房:HK$589']"
濟南國博城綠地鉑驪酒店,9.4,"['高級雙床房:HK$534', '高級大床房:HK$534', '豪華大床房:HK$589', '豪華雙床房:HK$589', '豪華套房:HK$1,082']"
山東麗天大酒店,9.5,"['靜雅雙床房（獨立封裝毛巾浴巾）:HK$394', '靜雅大床房（獨立封裝毛巾浴巾）:HK$405', '雅緻雙床房（Room Plus洗護+隔光窗簾）:HK$418', '雅緻大床房（Room Plus洗護+隔光窗簾）:HK$418', '商務大床房（辦公桌椅+高速WIFI）:HK$482']"
喬治莫蘭迪酒店（濟南山東大學印象城店）,9.5,"['商務大床房（小度智能客控+電視投屏+靜享舒適床品）:HK$351', '商務雙床房（小度智能客控+電視投屏+靜享舒適雙床）:HK$378', '雅緻大床房（小度智能客控+電視投屏+靜享舒適睡眠）:HK$408', '豪華大床房（小度智能客控+浪漫浴缸+靜享安眠時刻）:HK$426', '豪華雙床房（小度智能客控+電視投屏+靜享超大雙床）:HK$433']"
花築·濟南老洋行酒店,9.4,"['標準大床房+小冰箱+COCO-MAT品牌床墊+高清電視+智能衞浴:HK$453', '格調大床房B型+小冰箱+COCO-MAT品牌床墊+高清電視+智能衞浴:HK$502', '格調大床房A型+小冰箱+COCO-MAT品牌床墊+高清電視+智能衞浴:HK$546', '奢享套房+小冰箱+COCO-MAT品牌床墊+高清電視+智能衞浴:HK$769', '尊享家庭房+小冰箱+COCO-MAT品牌床墊+高清電視+智能衞浴:HK$825']"
濟南火車站希爾頓歡朋酒店,9.6,"['舒適大床房:HK$442', '舒適雙床房:HK$442', '高級大床房:HK$471', '高級雙床房:HK$471', '豪華大床房:HK$519']"
濟南趵突泉漫心府,9.7,"['心怡標準大床房:HK$724', '心悦高級大床房:HK$785', '心夢尊享大床房:HK$825', '心享豪華大床房:HK$866', '心享豪華雙床房:HK$926']"
尚泉歷舍泉文化精品酒店,9.6,"['榻榻米景觀大床房:HK$654', '園景大床房:HK$654', '豪華園景房:HK$764', '高級湖景大床房:HK$917', '高級湖景雙床房:HK$1,049']"
濟南銀豐華美達酒店,9.6,"['高級大床房:HK$754', '高級雙床房:HK$765', '高層景觀大床房（含洗烘機+微波爐+冰箱等）:HK$781', '豪華大床房:HK$804', '行政大床房:HK$854', '豪華套房（一室一廳）:HK$940']"
8號院民宿（大明湖泉城廣場店）,9.4,"['悦享大床房（超大床+悠漾浴缸）:HK$468', '舒享大床房（智能客控+香道體驗）:HK$534', '尊享大床房（藍牙音響+品牌衞浴）:HK$611', '優享雙床房（三區分離+舒適空間）:HK$611', '靜享院落大床房（私享庭院）:HK$720']"
濟南中豪大酒店（泉城廣場大明湖店）,9.6,"['悦享豪華雙床房:HK$417', '悦享豪華大床房:HK$458', '臻享行政雙床房:HK$521', '臻享行政大床房:HK$521', '樂享智慧大床房[小度智能音箱+電動窗簾+金可兒床墊]:HK$573']"
濟南大明湖泉城路亞朵酒店,9.6,"['雅緻大床房（投屏電視+小冰箱+智能馬桶）:HK$503', '高級影音大床房（幕布投影+小冰箱+智能馬桶）:HK$503', '高級大床房（投屏電視+小冰箱+智能馬桶）:HK$548', '行政大床房（投屏電視+小冰箱+智能馬桶）:HK$593', '幾木園景大床房（深睡PRO枕+投屏+小冰箱+智能馬桶）:HK$638']"
濟南泉城廣場趵突泉亞朵X酒店,9.4,"['雅緻大床房（電視投屏）:HK$449', '高級雙床房（電視投屏）:HK$485', '高級大床房（電視投屏）:HK$503', '行政雙床房（小冰箱+電視投屏）:HK$575', '行政大床房（小冰箱+電視投屏）:HK$593']"
濟南魯能貴和洲際酒店,9.6,"['洲際豪華房:HK$1,313', '洲際景觀房-大床:HK$1,332', '洲際豪華房-雙床:HK$1,354', '洲際行政房-雙床:HK$1,496', '洲際行政房-大床:HK$1,496', '洲際景觀房-雙床:HK$1,496']"
山東政協大廈維景大酒店（大明湖泉城廣場店）,9.6,"['豪華大床房:HK$529', '豪華雙床房:HK$582', '精緻大床房:HK$591', '行政豪華大床房:HK$635', '泰迪珍藏大床房:HK$834']"
喬治莫蘭迪酒店（濟南大明湖火車站店）,9.4,"['商務大床房（電視投屏+零壓床墊）:HK$433', '雅緻大床房（繁華都市景色+靜享安睡時刻）:HK$468', '商務雙床房（電視投屏+零壓床墊）:HK$493', '行政雙床房:HK$530', '尊享大床房（小冰箱+康乃馨羽絨枕）:HK$546']"
濟南大明湖東關大街亞朵X酒店,9.6,"['雅緻大床房（天景通風采光）:HK$407', '高級大床房（品牌床墊+投屏電視）:HK$439', '雅緻雙床房（天景通風采光）:HK$459', '行政大床房（品牌床墊+投屏電視+小冰箱）:HK$469', '高級雙床房（品牌床墊+投屏電視）:HK$510']"
良友富臨大酒店（濟南泉城廣場大明湖店）,9.3,"['標準雙床房:HK$348', '標準大床房:HK$359', '泉景雙床房:HK$392', '泉景大床房:HK$435', '泉韻雙床房:HK$523']"
濟南子曰·美秀酒店,9.6,"['子曰高級雙床房（智能客控+功夫茶具）:HK$566', '子曰高級大床房（智能客控+功夫茶具）:HK$566', '安眠·行政智能雙床房（智能床墊，深度睡眠）:HK$610', '安眠·行政智能大床房（智能床墊，深度睡眠）:HK$610', '子曰輕奢浴缸大床房（尊享私密浴缸空間）:HK$654', '安眠•深睡輕奢浴缸大床房（負氧離子床墊+睡眠檢測儀+白噪音機）:HK$675']"
沃德酒店（濟南泉城廣場大明湖店）,9.3,"['靜享大床房:HK$524', '靜享雙床房:HK$534', '雅緻大床房:HK$585', '雅緻雙床房:HK$626', '行政雙床房:HK$641']"
白玉蘭酒店（濟南遙牆國際機場店）,9.4,"['舒雅大床房:HK$245', '靜雅雙床房:HK$283', '靜雅雙床套房:HK$302', '靜雅大床套房:HK$302']"
濟南珍珠泉賓館,9.1,"['豪華標準間:HK$457', '商務標準間:HK$457', '商務單人間:HK$457', '商務套房:HK$838']"
濟南大明湖花園路亞朵酒店,9.7,"['雅緻大床房（小冰箱+電視投屏）:HK$386', '雅緻雙床房（小冰箱+電視投屏+可拼床）:HK$386', '高級大床房（小冰箱+電視投屏）:HK$404', '高級雙床房（小冰箱+電視投屏+可拼床）:HK$404', '行政雙床房（小冰箱+電視投屏+可拼床）:HK$422']"
阿曼·莫蘭迪酒店（濟南文化東路店）,9.4,"['高級大床房（電視投屏+空氣凈化器+零壓床墊）:HK$426', '商務大床房（電視投屏+商務卡座+零壓床墊）:HK$456', '雅緻大床房（電視投屏+零壓床墊+商務卡座）:HK$498', '豪華大床房（電視投屏+靜享舒適床品+商務卡座）:HK$540', '豪華雙床房（電視投屏+靜享舒適床品+商務卡座）:HK$540']"
濟南怡豪大飯店（泉城廣場趵突泉店）,9.6,"['高級雙床房:HK$590', '高級大床房:HK$590', '豪華景觀雙床房:HK$656', '豪華景觀大床房:HK$656', '行政大床房:HK$865', '豪華家庭房（沙發床）:HK$1,081']"
尚泉歷舍第一泉文化酒店（趵突泉店）,9.6,"['無窗大床房:HK$436', '街景榻榻米大床房:HK$567', '街景大床房:HK$567', '舒適大床房:HK$611', '枕水大床房:HK$720', '親水露台雙床房:HK$764']"
空港泉享酒店 （濟南遙牆機場店）,9.0,"['泉享標準間:HK$392', '泉享大床房:HK$414', '泉享套房:HK$963']"
美豪酒店（濟南泉城廣場趵突泉店）,9.5,"['雅居小廂房:HK$260', '靜享大床房（乳膠床墊+智能客控）:HK$365', '精緻大床房（乳膠床墊+智能客控）:HK$388', '英倫風情大床房（乳膠床墊+智能客控+地標景觀）:HK$411']"
濟南鳳鳴宋品酒店,9.5,"['雅士單卧大床庭院別墅:HK$1,604', '雅士單卧雙床庭院別墅:HK$1,604', '飲月單卧庭院別墅:HK$1,774', '枕山眠單卧庭院別墅:HK$1,793', '迦境單卧庭院別墅:HK$1,793', '寵遇單卧庭院別墅:HK$1,887']"
濟南大明湖北園大街亞朵酒店,9.7,"['雅緻大床房（小冰箱+投屏電視）:HK$359', '高級大床房（小冰箱+投屏電視）:HK$386', '高級雙床房（小冰箱+投屏電視+雙拼床）:HK$413', '行政大床房（小冰箱+投屏電視）:HK$413', '幾木雙床房（小冰箱+投屏電視+雙拼床+深睡PRO枕）:HK$431']"
濟南趵突泉原拓酒店,9.5,"['原粹大床房【小拓智能客控+空氣凈化器+除蟎儀】:HK$474', '原粹雙床房【小拓智能客控+空氣凈化器+除蟎儀】:HK$510', '原拓大床房【小拓智能客控+智能馬桶】:HK$547', '原璽雙床房【小拓智能客控+智能馬桶】:HK$584']"
和頤至尚酒店（濟南大明湖趵突泉店）,9.6,"['大床房（智能馬桶+保險箱+可投屏電視+化粧鏡）:HK$324', '商務大床房（智能馬桶+小冰箱+保險箱+可投屏電視）:HK$359', '雙床房（智能馬桶+小冰箱+保險箱+可投屏電視）:HK$369', '高級大床房（智能馬桶+小冰箱+保險箱+可投屏電視）:HK$395', '高級雙床房（智能馬桶+保險箱+可投屏電視）:HK$405']"
濟南頤正大廈（泉城廣場店）,9.4,"['城景舒適標準間:HK$348', '城景舒適大床房:HK$348', '陽台觀景大床房（觀景千佛山）:HK$392', '山景小套房17房（觀景千佛山+南向卧室，採光好）:HK$545', '山景陽光套房29房（觀景千佛山+南向客廳+南向卧室）:HK$622']"
曼茲酒店（濟南高新萬達廣場店）,9.8,"['雅緻大床房（阿芙洗護+舒達床墊+空氣凈化器）:HK$398', '豪華大床房（阿芙洗護+舒達床墊+空氣凈化器）:HK$497', '豪華雙床房（阿芙洗護+舒達床墊+空氣凈化器）:HK$497', '家庭雙床房（阿芙洗護+舒達床墊+空氣凈化器）:HK$532', '豪華親子房（阿芙洗護+舒達床墊+空氣凈化器）:HK$571']"
濟南大明湖悦苑酒店,9.4,"['湖悦大床房:HK$589', '湖悦雙床房:HK$589', '泉悦大床房:HK$698', '泉悦雙床房:HK$698', 'B.Duck小黃鴨小黃鴨湖悦親子房:HK$786']"
