酒店名称,评分,房型价格列表
朗麗茲酒店（濟南遙牆國際機場臨港北路地鐵站店）,9.7,"['高級大床房（零壓床墊+智能客控+智能馬桶+自動窗簾）:HK$261', '高級雙床房（零壓床墊+智能客控+智能馬桶+自動窗簾）:HK$276', '麗茲大床房（零壓床墊+智能客控/馬桶+沙發+自動窗簾）:HK$276', '麗茲雙床房（零壓床墊+智能客控+智能馬桶+自動窗簾）:HK$283', '行政大床房（零壓床墊+智能客控+智能馬桶+自動窗簾）:HK$435']"
和頤至尚酒店（濟南大明湖趵突泉店）,9.6,"['大床房（智能馬桶+保險箱+可投屏電視+化粧鏡）:HK$316', '商務大床房（智能馬桶+小冰箱+保險箱+可投屏電視）:HK$350', '雙床房（智能馬桶+小冰箱+保險箱+可投屏電視）:HK$359', '高級大床房（智能馬桶+小冰箱+保險箱+可投屏電視）:HK$385', '高級雙床房（智能馬桶+保險箱+可投屏電視）:HK$395']"
濟南遙牆國際機場希爾頓歡朋酒店,9.6,"['舒適大床房:HK$547', '舒適雙床房:HK$557', '高級大床房:HK$576', '高級雙床房:HK$586', '豪華大床房:HK$605']"
濟南火車站希爾頓歡朋酒店（濼口服裝城店）,9.6,"['舒適大床房:HK$441', '舒適雙床房:HK$441', '高級大床房:HK$470', '高級雙床房:HK$470', '豪華大床房:HK$518']"
8號院民宿（大明湖泉城廣場店）,9.4,"['悦享大床房（超大床+悠漾浴缸）:HK$446', '舒享大床房（智能客控+香道體驗）:HK$500', '尊享大床房（藍牙音響+品牌衞浴）:HK$555', '優享雙床房（三區分離+舒適空間）:HK$555', '靜享院落大床房（私享庭院）:HK$664']"
全季酒店（濟南趵突泉店）,9.6,"['高級大床房:HK$346', '商務大床房:HK$374', '雙床房:HK$383', '舒壓-高級大床房:HK$411']"
溫德姆花園酒店（濟南西站店）,9.9,"['商務大床房:HK$480', '商務雙床房:HK$480', '行政大床房:HK$523', '行政雙床房:HK$523', '豪華大床房:HK$654', '行政套房:HK$873']"
禧悦東方酒店（濟南漢峪金谷店）,9.5,"['商務雙床房:HK$576', '商務大床房:HK$631', '豪華雙床房:HK$653', '豪華大床房:HK$707', '高級套房:HK$839', '夢幻之境親子小童家庭套房:HK$1,243']"
喬治莫蘭迪酒店（濟南春暉路店）,8.6,"['精緻大床房（慕斯床品+智能客控+智能馬桶）:HK$297', '精緻雙床房（慕斯床品+智能客控+智能馬桶）:HK$297', '商務大床房（慕斯床品+智能客控+智能馬桶）:HK$324', '商務雙床（慕斯床品+智能客控+智能馬桶）:HK$324', '時尚大床房（慕斯床品+智能客控+智能馬桶）:HK$370']"
沃德酒店（濟南泉城廣場大明湖店）,9.3,"['特惠大床房:HK$457', '特惠雙床房:HK$481', '雅緻大床房:HK$517', '雅緻雙床房:HK$527', '行政大床房（零壓床墊+小冰箱）:HK$577']"
濟南趵突泉漫心府,9.7,"['心怡標準大床房:HK$503', '心悦高級大床房:HK$542', '心夢尊享大床房:HK$582', '心享豪華大床房:HK$623', '心享豪華雙床房:HK$663']"
尚泉歷舍第一泉文化酒店（趵突泉店）,9.6,"['無窗大床房:HK$435', '街景榻榻米大床房:HK$511', '街景大床房:HK$511', '舒適大床房:HK$544', '親水露台雙床房:HK$653', '枕水大床房:HK$653']"
尚泉歷舍泉文化精品酒店,9.6,"['榻榻米景觀大床房:HK$544', '園景大床房:HK$544', '豪華園景房:HK$598', '高級湖景大床房:HK$763', '高級湖景雙床房:HK$872']"
沃德酒店（濟南鳳鳴路鮑山地鐵站店）,9.5,"['商務大床房（深睡慕思床品+智能投屏）:HK$274', '商務雙床房（深睡慕思床品+智能投屏+停車無憂）:HK$282', '雅緻大床房（深睡慕思床品+小冰箱+智能投屏）:HK$300', '雅緻雙床房（深睡慕思床品+小冰箱+智能投屏）:HK$308', '景觀大床房（觀景露台+深睡慕思床品+冰箱+智能投屏）:HK$334']"
濟南子曰·明湖酒店,9.7,"['子曰豪華大床房:HK$886', '子曰豪華雙床房:HK$988', '子曰LOFT精選大床房:HK$1,016', '子曰庭院大床房:HK$1,016', '安眠·舒睡行政大床房:HK$1,071']"
沃德酒店（濟南泉城廣場寬厚裏店）,9.5,"['商務大床房:HK$397', '商務雙床房:HK$397', '雅緻大床房（智能馬桶+小冰箱）:HK$441', '雅緻雙床房（智能馬桶+小冰箱）:HK$466']"
山東麗天大酒店,9.5,"['靜雅雙床房（獨立封裝毛巾浴巾）:HK$393', '靜雅大床房（獨立封裝毛巾浴巾）:HK$404', '雅緻雙床房（Room Plus洗護+隔光窗簾）:HK$418', '雅緻大床房（Room Plus洗護+隔光窗簾）:HK$418', '商務大床房（辦公桌椅+高速WIFI）:HK$481']"
濟南泉城廣場寬厚里亞朵酒店,9.7,"['雅緻大床房（小冰箱+投屏電視+智能馬桶）:HK$481', '高級大床房（小冰箱+投屏電視+智能馬桶）:HK$551', '高級雙床房（小冰箱+投屏電視+智能馬桶）:HK$551', '行政大床房（小冰箱+投屏電視+智能馬桶）:HK$622', '幾木大床房（深睡PRO枕+小冰箱+投屏電視+智能馬桶）:HK$722']"
喬治莫蘭迪酒店（濟南解放路山東大學店）,9.5,"['高級雙床房（電視投屏+靜享舒適床品）:HK$321', '高級大床房（電視投屏+靜享舒適床品）:HK$331', '商務大床房（電視投屏+靜享舒適床品）:HK$383', '商務雙床房（電視投屏+靜享舒適床品）:HK$383', '雅緻大床房（電視投屏+綿軟浴袍+靜享舒適床品）:HK$446']"
喬治莫蘭迪酒店（濟南泉城廣場大明湖店）,9.4,"['高級大床房（影音房）（智能馬桶+軟飲+零壓深睡眠）:HK$422', '商務大床房（智能馬桶+飲料+零壓深睡眠）:HK$464', '商務雙床房（智能馬桶+飲料+零壓深睡眠）:HK$469', '雅緻大床房（智能馬桶+飲料+零壓深睡眠）:HK$500', '豪華大床房（智能馬桶+Mini吧+零壓深睡眠）:HK$586']"
濟南吉華大廈（泉城廣場趵突泉店）,9.6,"['輕奢宿心雙床房（烘乾衣架）:HK$413', '輕奢宿心大床房（烘乾衣架）:HK$413', '臻享影院大床房（100寸投影）:HK$436', '悦享景觀大床房（空氣凈化器+智能馬桶）:HK$436', '悦享景觀雙床房:HK$436']"
濟南玉泉森信大酒店（泉城廣場趵突泉店）,9.4,"['舒適標準房:HK$294', '舒適大床房:HK$294', '行政雙床房:HK$338', '豪華大床房:HK$359', '豪華雙床房:HK$381']"
濟南中豪大酒店（泉城廣場大明湖店）,9.6,"['悦享豪華大床房:HK$457', '悦享豪華雙床房:HK$457', '臻享行政雙床房:HK$520', '臻享行政大床房:HK$520', '樂享智慧大床房[小度智能音箱+電動窗簾+金可兒床墊]:HK$572']"
濟南子曰·美秀酒店,9.6,"['子曰高級雙床房（智能客控+功夫茶具）:HK$457', '子曰高級大床房（智能客控+功夫茶具）:HK$457', '安眠·行政智能雙床房（智能床墊，深度睡眠）:HK$511', '安眠·行政智能大床房（智能床墊，深度睡眠）:HK$511', '子曰輕奢浴缸大床房（尊享私密浴缸空間）:HK$565', '安眠•深睡輕奢浴缸大床房（負氧離子床墊+睡眠檢測儀+白噪音機）:HK$600']"
濟南大明湖花園路亞朵酒店,9.7,"['雅緻大床房（小冰箱+電視投屏）:HK$380', '雅緻雙床房（小冰箱+電視投屏+可拼床）:HK$380', '高級大床房（小冰箱+電視投屏）:HK$400', '高級雙床房（小冰箱+電視投屏+可拼床）:HK$400', '行政雙床房（小冰箱+電視投屏+可拼床）:HK$421']"
濟南泉城大酒店（泉城廣場大明湖店）,9.6,"['豪華大床房:HK$447', '豪華雙床房:HK$447', '泉城智能雙床房-智能客控+小冰箱:HK$555', '泉城智能大床房-智能客控+小冰箱:HK$566', '親子大床房:HK$587']"
泉水人家民宿（濟南大明湖店）,9.3,"['流杯5號大床房:HK$524', '流杯2號院景大床房:HK$577', '爭渡2號院景大床房:HK$610', '爭渡1號院景大床房:HK$610', '爭渡3號院景大床房:HK$610']"
濟南高新希爾頓花園酒店,9.5,"['花園大床房:HK$408', '花園高級雙床房:HK$408', '花園高級大床房:HK$441', '花園豪華大床房:HK$485', '花園荷里活特大床:HK$503']"
濟南喜來登酒店,9.5,"['高級雙床房:HK$630', '豪華雙床房:HK$695', '高級大床房:HK$739', '豪華大床房:HK$804', '奧體景觀雙床房:HK$804', '奧體景觀大床房:HK$913']"
喬治莫蘭迪酒店（濟南西站國際會展中心店）,9.6,"['商務大床房（語音客控+智能馬桶+零壓床墊）:HK$381', '雅緻大床房（語音客控+智能馬桶+雅緻卡座+零壓床墊）:HK$402', '雅緻雙床房（語音客控+智能馬桶+雅緻卡座+零壓床墊）:HK$402', '豪華大床房（語音客控+智能馬桶+浴缸+零壓床墊）:HK$462', '豪華雙床房（語音客控+智能馬桶+冰箱+零壓床墊）:HK$462']"
濟南大明湖悦苑酒店,9.4,"['湖悦大床房:HK$533', '湖悦雙床房:HK$533', '泉悦大床房:HK$642', '泉悦雙床房:HK$642', 'B.Duck小黃鴨小黃鴨湖悦親子房:HK$730']"
濟南魯能貴和洲際酒店,9.6,"['洲際豪華房-大床:HK$853', '洲際豪華房-雙床:HK$853', '洲際豪華房:HK$853', '洲際尊享房-大床:HK$854', '洲際景觀房-大床:HK$963', '洲際行政房-雙床:HK$1,126']"
濟南香格里拉大酒店,9.4,"['豪華大床房:HK$783', '豪華雙床房:HK$783', '豪華景觀大床房-俯覽城市地標:HK$906', '豪華景觀雙床房-俯覽城市地標:HK$906', '尊享大床房-舒適空間:HK$997', '行政景觀客房-俯覽城市地標:HK$1,096']"
曼茲酒店（濟南高新萬達廣場店）,9.8,"['雅緻大床房（阿芙洗護+舒達床墊+空氣凈化器）:HK$397', '豪華大床房（阿芙洗護+舒達床墊+空氣凈化器）:HK$496', '豪華雙床房（阿芙洗護+舒達床墊+空氣凈化器）:HK$496', '家庭雙床房（阿芙洗護+舒達床墊+空氣凈化器）:HK$531', '豪華親子房（阿芙洗護+舒達床墊+空氣凈化器）:HK$570']"
濟南頤正大廈（大明湖泉城廣場店）,9.4,"['城景舒適標準間:HK$347', '城景舒適大床房:HK$347', '陽台觀景大床房（觀景千佛山）:HK$391', '山景小套房17房（觀景千佛山+南向卧室，採光好）:HK$544', '山景陽光套房29房（觀景千佛山+南向客廳+南向卧室）:HK$621']"
濟南萊蕪希爾頓歡朋酒店,9.7,"['舒適雙床房:HK$350', '舒適大床房:HK$362', '高級雙床房:HK$385', '高級大床房:HK$409', '豪華雙床房:HK$432']"
濟南濟陽希爾頓歡朋酒店,9.5,"['舒適標準間:HK$373', '舒適大床房:HK$373', '純凈大床房:HK$440', '高級大床房:HK$441', '高級標準間:HK$441']"
沃德酒店（濟南經十東路融創文旅城店）,9.7,"['商務大床房（可樂小冰箱+智能客控）:HK$382', '商務雙床房（小冰箱+智能客控）:HK$382', '雅緻大床房（小冰箱+智能客控）:HK$411', '雅緻雙床房（小冰箱+智能客控）:HK$411', '景觀大床房（小冰箱+智能客控）:HK$449']"
柏蔓藝術花園酒店（濟南西站會展中心店）,9.2,"['商務標準間:HK$304', '商務大床房:HK$304', '雅緻靜謐大床房:HK$307', '陽光大床房:HK$383', '豪華大床房:HK$435']"
如家商旅酒店（濟南遙牆國際機場店）,9.7,"['雙床房（智能投屏）:HK$241', '商務大床房（智能投屏）:HK$241', '高級大床房（智能投屏）:HK$258', '高級雙床房（智能投屏）:HK$258']"
濟南國博城綠地鉑驪酒店,9.4,"['高級雙床房:HK$533', '高級大床房:HK$533', '豪華大床房:HK$588', '豪華雙床房:HK$588', '豪華套房:HK$1,080']"
良友富臨大酒店（濟南泉城廣場大明湖店）,9.3,"['標準雙床房:HK$347', '標準大床房:HK$358', '泉景雙床房:HK$391', '泉景大床房:HK$435', '泉韻雙床房:HK$522']"
喬治莫蘭迪酒店（濟南大明湖火車站店）,9.4,"['商務大床房（電視投屏+零壓床墊）:HK$432', '雅緻大床房（繁華都市景色+靜享安睡時刻）:HK$467', '商務雙床房（電視投屏+零壓床墊）:HK$492', '行政雙床房:HK$529', '尊享大床房（小冰箱+康乃馨羽絨枕）:HK$545']"
銀座佳悅精選酒店（濟南融創樂園奧特萊斯店）,9.7,"['智能精緻大床房（全屋智能+中央空調）:HK$282', '智能精選大床房（全屋智能+中央空調）:HK$305', '智能精選雙床房（全屋智能+中央空調）:HK$313', '智能悦享睡眠大床房（全屋智能+中央空調）:HK$320', '智能悦享睡眠雙床房（全屋智能+中央空調）:HK$328']"
濟南奧體中心希爾頓歡朋酒店,9.7,"['舒適大床房:HK$524', '舒適雙床房:HK$524', '高級大床房:HK$576', '高級雙床房:HK$576', '豪華大床房:HK$668']"
濟南大明湖東關大街亞朵X酒店,9.6,"['雅緻大床房（天景通風采光）:HK$376', '高級大床房（品牌床墊+投屏電視）:HK$410', '雅緻雙床房（天景通風采光）:HK$434', '行政大床房（品牌床墊+投屏電視+小冰箱）:HK$445', '高級雙床房（品牌床墊+投屏電視）:HK$491']"
濟南山東大學中心校區輕居酒店,9.9,"['標準大床房（65寸電視投屏+智能客控+深睡床品+冰箱）:HK$320', '標準雙床房（65寸電視投屏+智能客控+深睡床品+冰箱）:HK$330', '精選大床房（65寸電視投屏+智能客控+深睡床品+冰箱）:HK$340', '精選家庭房（65寸電視投屏+智能客控+深睡床品+冰箱）:HK$350']"
濟南趵突泉原拓酒店,9.5,"['原粹雙床房【小拓智能客控+空氣凈化器+除蟎儀】:HK$473', '原璽大床房【小拓智能客控+智能馬桶】:HK$473', '原璽雙床房【小拓智能客控+智能馬桶】:HK$521']"
山東東方大廈（濟南火車站趵突泉店）,9.6,"['城景雙床房『乾濕分區+喜臨門床墊』:HK$421', '城景大床房『高速WIFI+無菌浴巾』:HK$421', '270度城景雙床房『智能馬桶+環形景觀』:HK$479', '270度城景大床房『長條沙發+環形景觀』:HK$479', '親子家庭兩床套房『小童牙刷+小童拖鞋』:HK$590']"
濟南藍海御華大飯店,9.6,"['舒適大床房:HK$474', '商務大床房:HK$593', '商務雙床房:HK$593', '豪華雙床房:HK$643', '豪華大床房:HK$664', '童趣親子特大床房:HK$707']"
