酒店名称,评分,房型价格列表
濰坊青年路泰華城亞朵酒店,9.7,"['雅緻大床房（智能客控+智能馬桶+小冰箱+電視投屏）:HK$305', '雅緻雙床房（小度智能客控+智能馬桶+電視投屏+小冰箱）:HK$314', '高級大床房（智能客控+智能馬桶+電視投屏+小冰箱）:HK$340', '高級雙床房（智能客控+智能馬桶+電視投屏+小冰箱）:HK$340', '行政家庭雙床房（智能客控+電視投屏+小冰箱）:HK$358']"
濰坊正和酒店（歌爾光電園店）,9.5,"['安奢大床房（全屋語音智能客控+小冰箱）:HK$330', '靜奢安眠大床房（全屋語音智能客控+小冰箱）:HK$382', '靜奢安眠雙床房（全屋語音智能客控+小冰箱）:HK$382', '尊奢大床房（全屋智能客控+小冰箱）:HK$435', '豪奢商務套房（全屋語音智能客控+戴森吹風機）:HK$780']"
濰坊臨朐萬達廣場亞朵酒店,9.7,"['高級大床房（小冰箱+可投屏電視）:HK$305', '高級雙床房（小冰箱+可投屏電視）:HK$314', '行政大床房（小冰箱+可投屏電視）:HK$332', '幾木雙床房（小冰箱+可投屏電視）:HK$350', '幾木大床房（小冰箱+可投屏電視）:HK$368']"
濰坊富華大酒店（A座）,9.7,"['精選大床房:HK$601', '精選標準房:HK$601', '豪華大床房:HK$674', '豪華標準房:HK$674', '城景特大床房:HK$674', '雅韻瑜伽房:HK$699']"
濰坊濰城希爾頓歡朋酒店,9.7,"['簡約舒適大床房:HK$373', '舒適大床房:HK$412', '舒適雙床房:HK$441', '高級大床房:HK$451', '高級雙床房:HK$509']"
諸城華璽大酒店（恐龍公園店）,9.6,"['商務雙床房:HK$305', '高級大床房:HK$307', '高級雙床房:HK$326', '豪華雙床房:HK$330', '商務大床房:HK$331']"
星程酒店（濰坊坊子區政府店）,9.8,"['大床房（風信子沐浴）:HK$217', '雙床房（風信子沐浴）:HK$217', '高級雙床房（風信子沐浴）:HK$235', '高級大床房（風信子沐浴）:HK$235']"
濰坊圖越S縵雲酒店（火車站泰華城店）,9.8,"['雲影大床房|智能馬桶+智能窗簾+高清投影+小冰箱:HK$329', '縵雲大床房|智能馬桶+電視投屏+舒適辦公區+休閑茶桌:HK$339', '雲旅雙床房|舒適辦公區+智能窗簾+智能馬桶+休閑茶台:HK$350', '雲尚大床房|智能馬桶+智能窗簾＋小冰箱+電視投屏:HK$371', '雲奢大床房|休閑浴缸+智能馬桶+智能窗簾+電視投屏冰箱:HK$392']"
濰坊圖越S縵庭酒店（益家園店）,9.8,"['縵庭高級雙床房|智能馬桶+舒適辦公區+65寸4K電視:HK$370', '嫻庭精緻大床房|小冰箱+智能馬桶+65寸4K電視:HK$381', '縵庭豪華雙床房|語音智控+舒適辦公區+65寸4K電視:HK$403', '縵庭高級大床房|超寬沙發+舒適辦公區+65寸4K電視:HK$414', '悦庭豪華大床房|休閑客廳+浴缸+語音智控:HK$509']"
喬治莫蘭迪酒店（濰坊泰華城萬達廣場店）,9.5,['商務雙床房:HK$343']
諸城藍海大飯店,9.7,"['雅緻雙床房（智能客控+金可兒床墊）:HK$333', '雅緻大床房（全景邊角）:HK$338', '商務雙床房（智能客控+金可兒床墊）:HK$395', '荷里活大床房（智能客控+金可兒床墊）:HK$420', '豪華大床房（智能客控+金可兒床墊）:HK$460']"
安丘新東方大酒店,9.8,"['優悦雙床房:HK$224', '優悦大床房:HK$229', '輕奢雙床房（全棉床品+私享靜謐+乾濕分離）:HK$263', '輕奢大床房（全棉床品+私享靜謐+乾濕分離）:HK$283', '安心舒眠大床房（低敏床品+乳膠枕+乾濕分離）:HK$391']"
利客來大酒店,9.6,"['舒適雙床房:HK$247', '舒適大床房:HK$247', '雅緻大床房:HK$268', '雅緻雙床房:HK$285', '豪華大床房（智能馬桶+浴缸）:HK$379']"
濰坊恆信拉昆塔温德姆酒店,9.6,"['樂享大床房:HK$390', '樂享雙床房:HK$396', '尊享豪華大床房:HK$519', '尊享豪華雙床房:HK$519', '臻享行政雙床房:HK$707', '臻享行政大床房:HK$707']"
喬治莫蘭迪酒店（濰坊寒亭高鐵北站店）,9.6,"['温馨大床房:HK$243', '商務大床房:HK$254', '商務雙床房:HK$254', '精緻大床房:HK$274', '行政雙床房:HK$274']"
桔子酒店（濰坊新華路店）,9.8,"['月若流金大床房（小冰箱+甜橙洗護沐+智能馬桶）:HK$302', '加州陽光大床房（小冰箱+甜橙洗護沐+智能馬桶）:HK$321', '月若流金雙床房（小冰箱+甜橙洗護沐+智能馬桶）:HK$321', '都市雅痞大床房（小冰箱+甜橙洗護沐+智能馬桶）:HK$321']"
如家商旅酒店（壽光聖城街萬達廣場店）,9.6,"['大床房（電視投屏）:HK$162', '商務大床房（電視投屏）:HK$171', '雙床房（電視投屏）:HK$179', '高級大床房（電視投屏）:HK$179']"
華建大酒店,9.6,"['豪華標間（智能馬桶+Simmons床墊+恆温淋浴）:HK$389', '豪華大床（智能馬桶+Simmons床墊+恆温淋浴）:HK$407', '行政大床房（智能馬桶+Simmons床墊+恆温淋浴）:HK$426', '豪華親子房（智能馬桶+Simmons床墊+恆温淋浴）:HK$435', '豪華行政標間（智能馬桶+Simmons床墊+恆温淋浴）:HK$463', '豪華行政大床（智能馬桶+Simmons床墊+恆温淋浴）:HK$482']"
宜悦尚合酒店（市政府陽光大廈店）,9.6,"['特惠雙床房（有窗+乾濕分離）:HK$231', '特惠大床房（有窗+乾濕分離）:HK$231', '宜品大床房（新風系統+舒適雙枕）:HK$334', '宜品雙床房（慕思床墊+新風系統）:HK$355']"
濰坊中心智選假日酒店（濰坊站泰華城店）,9.5,"['高級大床房:HK$284', '高級雙床房:HK$284', '豪華大床房:HK$331', '豪華雙床房:HK$331', '荷里活親子房-森林旅遊+海洋探索:HK$367']"
濰坊晶舍四合院（濰坊火車站世紀泰華廣場店）,9.7,"['愈見·舒適大床房（智能小愛+乳膠床墊+高端床品）:HK$252', '綉喜·豪華甜酣大床房（智能小愛+乳膠床墊+高端床品）:HK$335', '璞宿·豪華雙床房（智能小愛+乳膠床墊+高清投屏）:HK$336', '院景·舒適大炕房（院景落地大窗+乳膠床墊+智能小愛）:HK$343']"
壽光藍海大飯店,9.5,"['雅緻大床房:HK$337', '豪華雙床房:HK$341', '豪華大床房:HK$370', '商務大床房:HK$421', '親子房:HK$553']"
濰坊鈞瀚國際大酒店,9.4,"['商務大床房:HK$308', '商務雙床房:HK$308', '行政大床房:HK$385', '行政雙床房:HK$385', '夢百合零壓大床房:HK$424']"
濰坊掬水台酒店（谷德茂購物中心益家園店）,9.4,"['特惠大床房I乾濕分離+室內直飲水+有窗+可投屏:HK$206', '商務大床房I乾濕分離+沐浴軟化水+迷你飲水機+可投屏:HK$304', '豪華大床房I室內純凈水+迷你飲水機+乾濕分離+可投屏:HK$325', '豪華親子房I室內純凈水+淋浴軟化水+可投屏:HK$347']"
如家商旅酒店（濰坊東風東街泰華城店）,9.7,"['商務大床房A:HK$210', '大床房（泰華城夜景）:HK$219', '雙床房:HK$228', '商務大床房（泰華城夜景）:HK$237']"
濰坊藍谷酒店（濰柴動力園店）,9.5,"['精品雙床房（乾濕分離+動靜分離+小冰箱）:HK$306', '靜享雙床房（乾濕分離+動靜分離+小冰箱）:HK$315', '精品大床房（乾濕分離+動靜分離+小冰箱）:HK$328', '尊享大床房（乾濕分離+動靜分離+小冰箱+手機投屏）:HK$350', '尊享雙床房（乾濕分離+動靜分離+小冰箱+手機投屏）:HK$350']"
全季酒店（濰坊泰華城店）,9.8,"['大床房:HK$318', '高級雙床房:HK$337', '高級大床房:HK$346', '舒壓-高級大床房:HK$374']"
濰坊市府廣場東方路亞朵X酒店,9.5,['幾木套房（電視投屏+小冰箱 浴袍+體重秤+沙發）:HK$422']
濰坊東方大酒店（濰坊學院谷德廣場店）,9.7,"['A座標準雙床房:HK$279', '舒適標準間:HK$361', '舒適大床房｜金可兒床墊+自然堂洗護:HK$361', '商務標準間｜康夫吹風機+自然堂洗護:HK$424', '商務大床間｜金可兒床墊+康夫吹風機:HK$424']"
桔子酒店（濰坊泰華城店）,9.7,"['月若流金大床房（小度智控+小冰箱+甜橙精油洗護沐）:HK$302', '月若流金雙床房:HK$321', '月若流金高級大床房（小度智控+小冰箱+甜橙精油洗護沐）:HK$331', '樂活精選大床房（小度智控+小冰箱+甜橙精油洗護沐）:HK$350']"
濰坊金馬路亞朵酒店（市政府店）,9.6,"['雅緻雙床房（安心杯）:HK$314', '雅緻大床房（安心杯）:HK$314', '高級大床房（安心杯）:HK$368', '高級雙床房（安心杯）:HK$368', '行政雙床房（小冰箱+浴袍）:HK$395']"
全季酒店（濰坊保税區高新二路店）,9.8,"['高級大床房（小冰箱+智能馬桶+智能投屏）:HK$302', '高級雙床房（小冰箱+智能馬桶+智能投屏）:HK$302', '大床房（小冰箱+智能馬桶+智能投屏）:HK$302', '高級景觀大床房（小冰箱+智能馬桶+智能投屏）:HK$321']"
濰坊圖越藝術酒店（陽光100萬達廣場店）,9.8,"['榻榻米房|智能馬桶+小冰箱:HK$261', '美居商務大床房|智能馬桶+小冰箱+辦公書桌:HK$295', '精緻雙床房|智能馬桶+小冰箱+辦公吧桌:HK$295', '美居休閑大床房|智能馬桶+小冰箱:HK$295', '精緻大床房|智能馬桶+休閑沙發+舒適辦公:HK$316']"
漫度精棧酒店（泰華城濰坊站店）,9.6,"['漫度大床房（手機投屏+純棉貢緞）:HK$216', '輕奢大床房（手機投屏+純棉貢緞）:HK$248', '高級巨幕影院房-（海量視頻專享+純棉貢緞）:HK$251', '商務雙床房（冰箱+手機投屏+純棉貢緞）:HK$281']"
濰坊中心逸扉酒店,9.7,"['高級大床房（私享Coffee機+智能客控+智能語音）:HK$351', '高級雙床房（私享Coffee機+智能客控+智能語音）:HK$351', '豪華雙床房（私享Coffee機+智能客控+智能語音）:HK$395', '豪華大床房（私享Coffee機+智能客控+智能語音）:HK$423', '親子大床房（私享Coffee機+智能客控+智能語音）:HK$436']"
全季酒店（濰坊高新谷德茂店）,9.8,"['高級大床房（小冰箱+65寸智能投屏電視+智能馬桶）:HK$302', '高級雙床房（小冰箱+65寸智能投屏電視+智能馬桶）:HK$302', '大床房（小冰箱＋65寸智能投屏電視＋智能馬桶）:HK$302', '商務雙床房（小冰箱+65寸智能投屏電視+智能馬桶）:HK$331']"
全季酒店（諸城得利斯世紀城店）,9.6,"['大床房 （智能客控）:HK$322', '高級大床房 （智能客控）:HK$341', '商務大床房 （智能客控）:HK$372', '高級雙床房 （智能客控）:HK$372']"
建國璞隱酒店（青州古城景區店）,9.5,"['詠蘭居大床房:HK$507', '暗香居大床房:HK$551', '凌霜居雙床房:HK$560', '暗香居景觀大床房:HK$577', '清蓮居家庭房:HK$666']"
華爾遜酒店（濰坊印象滙新華路店）,9.6,"['榻榻米房（智能客控+超大落地窗+寬沙發）:HK$245', '舒適大床房（智能客控+休閑雅座+體重秤）:HK$245', '尊享大床房（智能客控+休閑沙發+空氣凈化機）:HK$283', '尊享雙床房（智能客控+休閑茶台+空氣凈化機）:HK$300', '智享大床房（智能客控+小冰箱+空氣凈化機）:HK$323']"
壽光國際會展中心亞朵酒店,9.8,"['雅緻大床房（可投屏電視+小冰箱+近電梯）:HK$278', '雅緻雙床房（可投屏電視+小冰箱）:HK$278', '高級大床房（可投屏電視+小冰箱）:HK$305', '幾木大床房（深睡枕+城景+小冰箱+可投屏電視+浴袍+體重秤）:HK$332', '高級雙床房（可投屏電視+小冰箱）:HK$332']"
安丘希爾頓歡朋酒店,9.6,"['舒適雙床房:HK$337', '高級雙床房:HK$347', '舒適大床房:HK$347', '高級大床房:HK$404', '豪華雙床房:HK$432']"
壽光康威爾酒店,9.2,"['遠景大床房-高層觀夜景:HK$269', '陽台外景大床房-高層觀夜景+大空間安心住:HK$294', '陽台外景雙床房-高層觀夜景+大空間安心住:HK$294', '美好生活家庭房（陽台愜意時光）:HK$295', '露台景觀大床房-高層景觀+大空間安心住:HK$309']"
濰坊亞詩貝酒店,9.7,"['泛亞舒適大床（絲漣床墊+乳膠枕+小冰箱）:HK$304', '泛亞舒適雙床房（絲漣床墊+乳膠枕+乾濕分離）:HK$313', '智慧大床房（無線充電三合一+絲漣床墊+舒適記憶枕）:HK$369', '智慧雙床房（絲漣床墊+乳膠枕+乾濕分離）:HK$371', '樂享大床房（MINI家庭特大床+絲漣床墊）:HK$373']"
濰坊金茂國際大酒店,9.6,"['豪華大床房:HK$301', '豪華雙床房:HK$301', '陽光雙床房:HK$393', '0壓大床房（夢百合0壓床墊+0壓記憶枕）:HK$435', '0壓雙床房（夢百合0壓床墊+0壓記憶枕）:HK$435', '陽光大床房:HK$450']"
全季酒店（濰坊東方路谷德廣場店）,9.8,"['高級大床房（語音客控+智能投屏+小冰箱）:HK$341', '高級雙床房（語音客控+智能投屏+小冰箱）:HK$350', '商務大床房（語音客控+智能投屏+小冰箱）:HK$369', '商務雙床房（語音客控+智能投屏+小冰箱）:HK$369']"
濰坊鳶飛大酒店,9.4,"['樂享大床房:HK$210', '樂享雙床房:HK$210', 'A座零壓逸緻大床房:HK$290', 'A座逸緻雙床房:HK$312', 'A座雅緻大床房:HK$369']"
濰坊桂水逸扉酒店,9.7,"['靜享大床房:HK$326', '豪華大床房（智能語音+智能潔具）:HK$349', '豪華雙床房（智能語音+智能潔具）:HK$349', '行政大床房（Dyson吹風機+NESPRESSO COFFEE機）:HK$383', '行政雙床房（NESPRESSO COFFEE機+智能客控）:HK$383', '小黃鴨主題行政房:HK$547']"
濰坊北海1號麗呈酒店,9.6,"['舒適大床房:HK$268', '雅緻雙床房「 中央空調 +落地窗」:HK$268', '雅緻大床房「 中央空調 +落地窗」:HK$268', '特色榻榻米房「 智能客控+中央空調 +落地窗」:HK$278']"
濰坊富華大酒店（B座）,9.7,"['精選大床房:HK$262', '精選標準房:HK$262', '豪華標準房:HK$339', '豪華大床房:HK$339', '商務大床房:HK$403']"
全季酒店（諸城恐龍公園店）,9.2,"['大床房（電視投屏+智能客控）:HK$407', '高級大床房（電視投屏+智能客控）:HK$426', '高級雙床房（電視投屏+智能客控）:HK$426', '商務大床房（電視投屏+智能客控）:HK$445']"
