酒店名称,评分,房型价格列表
塞北驛站（烏蘭哈達火山塔拉店）,9.0,"['豪華雙床蒙古包（空調+乾濕分離+無線網）:HK$216', '豪華大床蒙古包（空調+乾濕分離+無線網）:HK$216', '觀景雙床蒙古包（空調+乾濕分離+無線網）:HK$260', '觀景大床蒙古包（空調+乾濕分離+無線網）:HK$260']"
塞北民宿•草原蒙古情（輝騰錫勒草原黃花溝店）,8.9,"['草原傳統家庭包:HK$283', '草原豪華大床包:HK$381', '草原豪華雙床包:HK$381', '草原豪華親子包:HK$402']"
烏蘭察布映山飯店（集寧南火車站店）,9.1,"['蒙式特色雙床房:HK$163', '悦享舒適大床房:HK$244', '悦享舒適雙人間:HK$244', '行政商務標準間:HK$333']"
烏蘭察布日光草原大河灣度假酒店,8.6,"['高級雙床房:HK$731', '高級大床房:HK$731', '景觀大床房:HK$808', '景觀雙床房:HK$808']"
烏蘭察布高鐵站亞朵酒店,9.6,"['高級大床房:HK$439', '高級雙床房:HK$457', '幾木大床房:HK$492', '幾木雙床房:HK$510', '幾木套房:HK$1,076']"
漢庭酒店（烏蘭察布市政府店）,9.4,"['高級大床房:HK$198', '高級雙床房:HK$217', '商務大床房:HK$217', '家庭房:HK$274']"
貝殼酒店（烏蘭察布高鐵站集寧六中店）,9.2,"['時尚大床情侶房:HK$223', '時尚大床房音影房:HK$243', '時尚雙床房:HK$263', '時尚高級大床房:HK$284']"
輝騰錫勒草原民宿之星度假村,9.1,"['蘇和家草原木屋大床房-空調:HK$250', '巴圖家豪華遊牧包-乳膠床墊+空調:HK$282', '吉雅家豪華花景雙床包-空調:HK$315', '託婭家豪華花景星空大床包-空調:HK$358']"
吉緣君來酒店（集寧一中萬達店）,9.5,"['特惠雙床房:HK$371', '浪漫尊享大床房（全屋智能-乾濕分離）:HK$407', '休閑娛樂棋牌房【全屋智能丨乾濕分離丨智能馬桶】:HK$549', '商旅大床房（全屋智能）:HK$590']"
輝騰錫勒牧馬人蒙元文化度假酒店,8.8,"['天驕露台觀景大床包:HK$304', '傳統王爺星空大床包（智能馬桶）:HK$453', '傳統王爺星空觀景雙床包（智能馬桶）:HK$453', '戰車豪華星空雙床包:HK$555']"
北國春火山商旅酒店,9.0,"['瑞享.舒適大床房:HK$153', '臻享.温馨三人間:HK$197', '尊享.豪華家庭套房:HK$233', '恬靜·親子家庭房:HK$236']"
藍城·榕舍古韻智能酒店（烏蘭察布集寧南站店）,9.5,"['智雅商務雙床房（深睡減壓床墊+75寸高清電視）:HK$229', '智享行政大床房:HK$241', '智能行政雙床房（手機/語音雙智控+乾濕分離）:HK$262', '古街觀景大床房（清晨寧靜+古街韻味）:HK$294']"
塞北驛站（烏蘭哈達火山娜仁店）,9.3,"['火山風情雙床房（空調+獨立衞浴+無線網）:HK$216', '火山風情大床房（空調+獨立衞浴+無線網）:HK$216', '火山風情家庭房（空調+獨立衞浴+無線網）:HK$304', '家庭雙床星空包（空調+獨立衞浴+無線網）:HK$392']"
烏蘭察布佳慧民宿酒店（春天商廈中心廣場店）,9.0,"['温馨家庭房:HK$434', '尊享雙床套房:HK$527']"
塞北驛站（輝騰錫勒草原明珠店）,7.8,"['窩闊台部豪華雙床包:HK$230', '察合台部豪華大床包:HK$230', '窩闊台部觀景雙床包:HK$334', '塞北民宿觀景親子房:HK$416']"
鈺倫酒店（烏蘭察布之夜高鐵站店）,9.7,"['精選雙床房（小度語音+智能客控）:HK$478', '精選大床房（小度語音+智能客控）:HK$490', '臻選影視大床房（小度語音+智能客控）:HK$558', '麗致親子房（小度語音+智能客控）:HK$619']"
如家酒店·neo（烏蘭察布集寧南站中心廣場店）,9.3,"['大床房:HK$197', '雙床房A:HK$213', '雙床房:HK$230', '家庭房:HK$274']"
烏蘭察布華新優品酒店（集寧南站店）,9.0,"['精品大床房:HK$228', '優品雙床房:HK$233', '優品大床房:HK$233', '優品套房:HK$310']"
察右中旗察哈爾部落,9.0,"['傳統豪華王爺大床包:HK$648', '傳統豪華王爺炕包:HK$713', '察哈爾觀景親子包:HK$713', '察哈爾星空大床包:HK$926']"
大屋小棧民宿,9.8,"['小棧-浪漫溶洞大床房（201）:HK$213', '小棧-陽光精緻大床房（202）:HK$314', '小棧-影音豪華雙床房（205）:HK$314', '小棧-尊享豪華大床房（206）:HK$314']"
梓湘苑民宿（察哈爾廣場店）,10.0,"['特大床尊享舒適智能房（全屋智能客控＋空調）:HK$400', '全屋智能超大雙床房（全屋智能客控＋空調+智能馬桶）:HK$410', 'Loft複式智能家庭房（全屋智能客控＋空調+智能馬桶）:HK$432', '豪華智能家庭套房（全屋智控+空調+智能馬桶）:HK$474']"
金泰酒店,8.9,"['商務雙床房:HK$184', '商務大床房:HK$184', '陽光雙床房:HK$202', '陽光大床房:HK$202']"
普爾森國際酒店（高鐵站萬達店）,9.5,"['特價大床房:HK$654', '特價雙床房:HK$654', '智能甄選大床房『智能小度+智能馬桶+電視投屏』:HK$731', '智能甄選雙床房『智能小度+智能馬桶+電視投屏』:HK$731', '智能商務大床房『智能小度+智能馬桶+電視投屏』:HK$796']"
藝龍瑞雲酒店（烏蘭察布之夜高鐵站店）,9.6,"['雅享大床•零壓智能房:HK$329', '雅享雙床房·零壓智能房:HK$372', '瑞享大床房·零壓智能房:HK$394', '瑞享雙床•零壓智能房:HK$427']"
塞北民宿（輝騰錫勒青牧草原店）,8.8,"['草原標準雙床（民宿房）:HK$250', '草原可汗王爺包:HK$360', '草原可汗王爺包（電熱炕）:HK$404', '草原觀景王爺包:HK$436']"
如家酒店·neo（烏蘭察布興和縣景觀大道農行興和支行店）,9.6,"['商務大床房A:HK$233', '商務大床房:HK$258', '雙床房:HK$258', '安心睡大床房:HK$283']"
如家酒店（烏蘭察布集寧火車站站前廣場店）,9.5,"['商務大床房A:HK$118', '大床房:HK$143', '商務大床房:HK$152', '雙床房:HK$160']"
烏蘭察布察右後旗火山草原自駕營地,8.3,"['小清新膠囊房（公共衞浴）:HK$342', '輕奢民謠帳篷:HK$659', '薩日朗大床房:HK$711', '薩日朗親子間:HK$729']"
雲棲野宿（烏蘭哈達火山地質公園店）,8.7,"['私享星辰·尊享大床房+舒適好眠:HK$294', '四季·豪華蒙古包+舒適好眠（冷熱空調）:HK$335', '山禾寄月·悠享親子房+舒適好眠:HK$342', '清風小築·臻享雙床房+舒適好眠:HK$390']"
如家商旅酒店（烏蘭察布興和縣政府店）,9.7,"['商務大床房A:HK$249', '高級大床房:HK$258', '高級雙床房:HK$275', '家庭房:HK$308']"
白泉山莊（烏蘭察布市政府萬達店）,9.2,"['行政套房:HK$588', '親子套房:HK$786', '家庭套房:HK$884']"
察哈爾右翼後旗玖號火山營地,9.8,"['風情木屋親子房:HK$648', '傳統蒙古包:HK$702', '特色蒙古包:HK$702', '豪華親子間:HK$719']"
金桔酒店（集寧南站維多利廣場店）,9.4,"['特惠大床房:HK$157', '特惠雙床房:HK$175', '舒適大床房:HK$175', '智能大床房:HK$194']"
烏蘭察布多蒙德豪生大酒店（烏蘭察布之夜高鐵站店）,9.4,"['高級雙床房:HK$633', '高級大床房:HK$633', '高級零壓雙床房:HK$671', '家庭房:HK$738', '豪華大床房:HK$762', '豪華雙床房:HK$762']"
如家驛居酒店（察哈爾右翼中旗店）,10.0,"['高級雙床房:HK$162', '家庭房:HK$162', '商務大床房A:HK$202']"
烏蘭察布泰昌智能酒店（烏蘭察布高鐵站萬達店）,9.3,"['標準智能雙床房:HK$507', '高級智能雙床房:HK$544', '高級智能大床房:HK$569', '高級智能夢百合0壓雙床房（0壓 枕+0壓床墊）:HK$581', '高級智能夢百0壓大床房（0壓枕+0壓床墊）:HK$606']"
你好酒店（烏蘭察布集寧萬達廣場店）,9.6,"['高級大床房:HK$240', '高級雙床房:HK$240', '商務大床房:HK$261', '家庭房:HK$290']"
辰龍居時尚酒店（師範學院幸福廣場店）,9.4,"['浪漫大床房（智能小度+自動恆温+零壓床墊+智能馬桶）:HK$155', '豪華大床房（智能小度+自動恆温+零壓床墊+智能馬桶）:HK$155', '智選雙床房（智能小度+自動恆温+零壓床墊+智能馬桶）:HK$163', '豪華雙床房（智能小度+自動恆温+零壓床墊+智能馬桶）:HK$191']"
山裡民舍（烏蘭哈達火山地質公園店）,9.6,"['遠山·舒適雙床房·地暖+空調:HK$313', '竹塢·經典情侶大床房 地暖+空調:HK$333', '雲棲·親子大床房·地暖+空調:HK$333', '韶光·親子大床·地暖+空調:HK$333']"
如家酒店·neo（烏蘭察布集寧師範學院萬達廣場店）,9.3,"['大床房:HK$224', '雙床房:HK$224', '商務大床房:HK$233', '家庭房:HK$260']"
赫晟大酒店,10.0,"['特價大床房:HK$171', '特價雙床房:HK$171', '豪華雙床房:HK$234', '豪華大床房:HK$234']"
花貝殼酒店（烏蘭察布市政府萬達廣場店）,8.9,"['影音大床房（VIP會員+海量片源）無窗:HK$271', '優選大床房:HK$306', '優選標準間:HK$320', '優享大床房:HK$334']"
火山友旺度假農莊（烏蘭哈達火山店）,9.3,"['哈達雲影·觀景雙人房（恆温水暖炕+高清投影）:HK$246', '草原物語·情侶大床房（高清投影）:HK$246', '敖包星語·星空濛古包大床房:HK$292', '敖包星語·星空濛古包雙人間:HK$292']"
百悦甄選酒店（萬達廣場師範學院店）,9.7,"['靜雅舒適雙床房【奧克斯直飲水機+加濕器】:HK$315', '清雅温馨大床房【奧克斯直飲水機+加濕器】:HK$315', '臻品豪華大床房【奧克斯直飲水機+加濕器】:HK$339', '臻巧浪漫大床房【奧克斯直飲水機+加濕器】:HK$339']"
山宿沐陽星辰民宿,10.0,"['【星辰】星空泡泡屋大床房+手可摘星辰+獨立衞浴+空調:HK$423', '【沐陽】三角木屋+獨立衞浴+空調+投影:HK$550', '【星辰】星空泡泡屋親子房+手可摘星辰+獨立衞浴+空調:HK$579', '【沐陽】家庭房+獨立衞浴+空調+投影+落地窗:HK$608']"
麗楓酒店（烏蘭察布萬達廣場店）,8.9,"['雅緻大床房（地暖+凈化器+慕斯床墊+智能小度）:HK$445', '豪華大床房（地暖+凈化器+慕斯床墊+智能小度）:HK$485', '商務大床房（地暖+凈化器+慕斯床墊+智能小度）:HK$509', '浪漫優享房（地暖+凈化器+慕斯床墊+智能小度）:HK$509']"
囍·柚電競酒店（烏蘭察布體育場店）,9.5,"['電競大床房曲屏競技（lintel I5+顯卡RTX3060+240hz專業高刷+UU專業加速器+全網吧特權）:HK$261', '電競標準間曲屏競技（lintel I5+顯卡RTX3060+240hz專業高刷+UU專業加速器+全網吧特權）:HK$272', '電競三人間曲屏競技（lintel I5+顯卡RTX3060+240hz專業高刷+UU專業加速器+全網吧特權）:HK$414', '電競四人間曲屏棋牌（lintel I5+顯卡RTX3060+240hz專業高刷+UU專業加速器+全網吧特權）:HK$480']"
時光火山民宿,9.5,"['【冬戀】温馨大床房（空調）:HK$275', '【相思】豪華大床房（空調）:HK$340', '【歲月】特色雙人間（空調）:HK$368', '【相憶】精緻雙人房（空調）:HK$386']"
雲裳民宿（市政府店）,9.5,['舒適空調大床房:HK$213']
輝騰錫勒蒙漢部落度假中心,9.3,"['那達慕傳統蒙古包:HK$246', '温馨親子蒙古包:HK$322']"
