酒店名称,评分,房型价格列表
無錫南長街古運河麗芮酒店,9.5,"['芮享舒適大床房:HK$388', '芮享高級大床房:HK$436', '芮享高級雙床房:HK$464', '芮享豪華大床房:HK$483', '芮享豪華雙床房:HK$512']"
漫湖雲帆·公寓（太湖店）,9.7,"['高級大床房:HK$284', '高級雙床房:HK$322', '雲帆·城景套房:HK$350', '雲帆·270°景觀套房:HK$378']"
無錫詩曼汀公寓（三陽廣場店）,9.3,"['精緻城景大床房（鵝絨被+冰箱）:HK$325', '高層影院大床房:HK$331', '精緻夜景公寓式大床房:HK$343', '高層夜景大床房:HK$384']"
無錫羅卡斯酒店（南長街店）,9.5,"['新尚·主題房:HK$370', '目翠·主題半套房:HK$370', '服務式·商務單間:HK$399', '溺愛·主題套房:HK$494', '璨放·主題房:HK$494', '羅卡斯行政套房:HK$503']"
雲韻·星閣（無錫三陽廣場火車站店）,9.4,"['雲際·高空舒適大床房（高空景觀+安靜好眠+影視會員）:HK$489', '雲上·高空觀景大床房（智能客控+零壓床墊+影視會員）:HK$526', '雲端·高空夜景投影房（激光投影+影視會員+地標夜景）:HK$601', '270°環幕全景套房『全視野觀景+璀璨樑溪+靜謐無擾』:HK$661']"
SY·宿也高空觀景設計師度假美宿（無錫濱湖萬象滙太湖西大道店）,9.6,"['寶藏·幸運觀景房【全新貢緞床品+影視會員】:HK$294', '含月·高空觀景大床房【雙人浴缸+巨幕影院+戴森吹風機】:HK$303', '極簡·高空湖景包豪斯一室一廳套房【雲端觀景+私享影院+戴森吹風機】:HK$351', '清風·180度無敵高空觀景一室一廳套房【雲端觀景+巨幕觀影+戴森吹風】:HK$360']"
無錫君來湖濱飯店,9.5,"['A樓標準雙床房:HK$475', 'A樓標準大床房:HK$570', 'B樓高級雙床特價房:HK$570', 'B樓高級大床特價房:HK$570', 'A樓標準湖景雙床房:HK$665', 'B樓高級雙床房:HK$760']"
無錫雲隱東方·莫宅酒店,9.6,"['雲居沐陽大床房:HK$874', '雲舍幽靜雙床房:HK$950', '雲熙園景大床房:HK$1,139', '雲熙院景大床房:HK$1,235', '雲居家庭房:HK$1,596', '雲奢儒雅家庭房:HK$2,279']"
美麗豪酒店（無錫廣益東亭店）,9.7,"['高級城景大床房（全景落地窗+電視投屏+小冰箱）:HK$288', '高級城景雙床房（全景落地窗+電視投屏+小冰箱）:HK$288', '行政城景大床房（全景落地窗+電視投屏）:HK$315', '行政城景雙床房（全景落地窗+電視投屏+小冰箱）:HK$315', '豪華城景大床房（全景落地窗+電視投屏+小冰箱）:HK$360']"
無錫德根飯店（三陽廣場南長街店）,9.3,"['商務單人房-舒適淋浴:HK$407', '高級大床房-高樓層:HK$436', '高級雙床房-靠窗沙發:HK$436', '高級影音大床房-無線投屏:HK$483', '高級影音雙床房-無線投屏:HK$483', '豪華大床房-超大床:HK$512']"
全季酒店（三陽廣場南長街店）,9.6,"['大床房【電視投屏+智能客控】:HK$300', '高級大床房A【電視投屏+智能客控】:HK$306', '高級雙床房【電視投屏+智能客控】:HK$318', '高級大床房【電視投屏+智能客控】:HK$327']"
無錫南長古韻漫心府,9.7,"['心怡標準大床房（智能客控+金可兒床墊+MiniBAR）:HK$489', '心悦高級大床房（全景落地窗+智能客控+MiniBAR）:HK$559', '心夢尊享大床房（舒適浴缸+智能客控+MiniBAR）:HK$629', '心享豪華雙床房（全景落地窗+智能客控+MiniBAR）:HK$646', '特色院景大床房（獨立小院+舒適浴缸+全景落地窗）:HK$699']"
無錫拈家灣客棧（靈山大佛拈花灣店）,9.9,"['忘憂高級大床房（星光城堡帳篷）:HK$243', '歸心雅緻榻榻米房（零壓床墊+180°觀山景陽台）:HK$258', '拾憶豪華大床房（泡泡燈暖帳篷＋品茗茶桌）:HK$273', '望月豪華大床房（藤織吊椅＋品茗茶桌）:HK$273']"
無錫太湖新城英迪格酒店,9.5,"['精品房 超大床:HK$1,152', '精品房 2張雙人床:HK$1,152', '精品房:HK$1,152', '精品房 2張雙人床 園景:HK$1,340', '精品房 超大床 園景:HK$1,342', '單卧套房:HK$2,576']"
無錫新區太湖大道亞朵X酒店,9.6,"['高級雙床房:HK$313', '高級大床房:HK$331', '行政大床房:HK$374', '幾木雙床房:HK$383', '幾木大床房:HK$400']"
無錫三陽廣場CitiGO歡閣酒店（勝利門店）,9.7,"['歡享大床房[智能客控+小冰箱+電視可投屏]:HK$292', '歡閣大床房[智能客控+小冰箱]:HK$307', '歡享雙床房[智能客控+小冰箱+電視可投屏]:HK$307', '歡閣雙床房[智能客控+小冰箱]:HK$324', '歡閣高級大床房[智能客控+小冰箱+電視可投屏]:HK$332']"
桔子酒店（無錫三陽廣場南長街店）,9.7,"['高級雙床房【65寸電視投屏+智能客控】:HK$253', '大床房【65寸電視投屏+智能客控】:HK$265', '商務大床房【65寸電視投屏+智能客控】:HK$271', '高級大床房【65寸電視投屏+智能客控】:HK$279', '月若流金精選雙床房【65寸電視投屏+智能客控】:HK$279']"
無錫君來世尊酒店,9.6,"['標準雙床房（簡約雅韻之居，靜享温馨休憩時光）:HK$475', '高級大床房（光陰流轉，自在如家）:HK$523', '高級雙床房（光陰流轉，自在如家）:HK$523', '豪華大床房城市喧囂繁華之隅，靜棲一方寧謐之境:HK$542', '豪華雙床房城市喧囂繁華之隅，靜棲一方寧謐之境:HK$542', '豪華園景大床房:HK$587']"
無錫魯能萬豪酒店,9.6,"['豪華雙床房:HK$1,005', '豪華大床房:HK$1,005', '高級豪華雙床房:HK$1,060', '尊享湖景雙床房:HK$1,278', '尊享湖景大床房:HK$1,278', '行政雙床房:HK$1,333']"
凱泊酒店（無錫南長街南禪寺地鐵站店）,9.2,"['簡約大床:HK$185', '簡約標間:HK$199', '寓·大床房:HK$228', '寓·標間:HK$235']"
雅麗豪酒店（樑溪萬達火車站店）,9.2,"['商務大床房（全景落地窗）:HK$270', '精緻雙床房（全景落地窗）:HK$288', '高級大床房（全景落地窗）:HK$308', '高級雙床房（全景落地窗）:HK$308', '豪華大床房（全景落地窗）:HK$345']"
無錫蘇寧凱悦酒店,9.4,"['標準大床房-坐擁都市繁華天際:HK$599', '標準雙床房-坐擁都市繁華天際:HK$599', '山景大床房-遠眺惠山天際美景:HK$809', '山景雙床房-遠眺惠山天際美景:HK$809', '嘉賓軒大床房-高空俯瞰都市繁華夜景:HK$1,006', '嘉賓軒雙床房-高空俯瞰都市繁華夜景:HK$1,006']"
雲和夜泊酒店（無錫靈山大佛拈花灣店）,9.6,"['特惠大床房:HK$344', '特惠雙床房:HK$344', '雅緻大床房:HK$379', '雅緻雙床房:HK$379', '雲和雙床房:HK$413']"
宜尚PLUS酒店（無錫長江北路太湖花園地鐵站店）,9.4,"['標準大床房（寬敞明亮+個性沙發）:HK$284', '標準雙床房（寬敞明亮+舒適辦公+小冰箱）:HK$293', '商務大床房:HK$302', '高級大床房（獨立起居空間+舒適浴缸+小冰箱）:HK$342', '豪華大床房（北歐風格客房+無間隔起居空間+觀景浴缸）:HK$379']"
SUISU隨宿·設計師酒店（無錫寶龍廣場旺莊地鐵站店）,9.6,"['梵凈·豪華大床房【暢享會員巨幕投屏影音丨智能入住丨智能客控丨夢百合零壓記憶床墊丨親膚布草】:HK$225', '夢之·豪華大床房【智能入住丨智能客控丨夢百合零壓記憶床墊丨親膚布草丨電視可投屏】:HK$234', '心憩·尊享大床房【暢享會員巨幕投屏影音丨智能入住丨智能客控丨夢百合零壓記憶床墊丨親膚布草】:HK$246', '靜夜·尊享雙床房【暢享會員巨幕投屏影音丨智能入住丨智能客控丨夢百合零壓記憶床墊丨親膚布草】:HK$246']"
無錫三陽廣場亞朵酒店,9.6,"['高級大床房:HK$391', '高級雙床房:HK$391', '行政大床房:HK$444', '幾木雙床房:HK$479', '幾木大床房:HK$505']"
無錫南長街亞朵S酒店,9.6,"['高級大床房:HK$418', '行政大床房:HK$444', '幾木大床房:HK$487', '幾木養生大床房:HK$541', '高級雙床房:HK$689']"
雲際·高空觀景美宿（無錫三陽廣場崇安寺店）,9.2,['高空觀景大床房【雲端觀景+私享影院+至臻床品】:HK$259']
無錫火車站春申路亞朵酒店,9.6,"['高級大床房:HK$313', '高級雙床房:HK$313', '行政大床房（小冰箱）:HK$391', '行政雙床房（小冰箱）:HK$409', '幾木套房:HK$864']"
宜尚酒店（無錫高新開發區碩放機場店）,9.5,"['精緻大床房【電視投屏|夢百合零壓床墊】:HK$200', '精緻雙床房【電視投屏|夢百合零壓床墊】:HK$206', '雅緻大床房【電視投屏|夢百合零壓床墊】:HK$225', '家庭房【電視投屏|夢百合零壓床墊】:HK$229']"
無錫雲宿一宅（三陽廣場店）,9.7,"['雲｜城市景觀大床房:HK$274', '雲｜現代尊享套房:HK$304', '雲｜甄選夜景套房:HK$325', '雲｜270度巨幕投影套房:HK$415']"
無錫海岸城亞朵酒店,9.6,"['高級大床房:HK$397', '高級雙床房:HK$397', '行政大床房:HK$507', '幾木大床房:HK$514', '幾木雙床房:HK$514']"
無錫南長街三陽廣場漫心酒店,9.6,"['心怡大床房（智能客控+小冰箱）:HK$332', '心悦高級雙床房（智能客控+小冰箱）:HK$340', '心悦高級大床房（智能客控+休閑沙發+小冰箱）:HK$358', '心享豪華雙床房（智能客控+小冰箱）:HK$358', '心享卡通標準房（智能客控+小冰箱+主題玩偶）:HK$375']"
木子臻選酒店（無錫市南長街人民醫院店）,9.3,"['靜謐大床房:HK$180', '靜謐雙床房:HK$191', '高級大床房A:HK$211', '高級大床房B:HK$232']"
無錫太湖飯店,9.7,"['高級大床房:HK$665', '高級雙床房:HK$665', '標準雙床房:HK$741', '高級園景大床房:HK$741', '高級園景雙床房:HK$741', '豪華大床房:HK$779']"
全季酒店（無錫長江北路星光裏店）,9.6,"['高級大床房A:HK$260', '高級大床房:HK$274', '雙床房:HK$292', '商務大床房:HK$334']"
花築·悦庭雅居客棧（無錫靈山大佛拈花灣店）,9.7,"['神奈川榻榻米房·可觀天空閣樓房·簡約輕奢標配:HK$311', '北海道榻榻米房·可觀天空閣樓房·輕奢標配:HK$339', '奈良小標間·温馨簡約雙床房:HK$407', '布拉格標間·雙床房·大視野·簡約輕奢標配:HK$517']"
全季酒店（無錫三陽廣場店）,9.5,"['大床房【55寸電視投屏】:HK$329', '高級雙床房【55寸電視投屏】:HK$353', '高級大床房【55寸電視投屏】:HK$353', '商務高級雙床房【55寸電視投屏】:HK$378']"
無錫凱萊大飯店（塘鐵橋地鐵站IN有街市店）,9.4,"['高級雙床房:HK$379', '高級大床房:HK$379', '標準雙床房:HK$379', '商務大床房:HK$426', '親子大床房:HK$454']"
無錫南長街古運河漫心酒店,9.6,"['心怡大床房（智能客控，小冰箱）:HK$371', '心悦高級大床房（智能客控，小冰箱）:HK$391', '心悦高級標準房（智能客控，小冰箱）:HK$391', '河景心享豪華大床房（運河景觀，智能客控，小冰箱）:HK$412', '河景心享豪華標準房（運河景觀，智能客控，小冰箱）:HK$412']"
無錫錫上雲端,9.6,"['雲中景觀大床房:HK$315', '雲端行政套房:HK$388', '雲臻商務套房:HK$452']"
無錫東站美居酒店,9.7,"['高級大床房（電視智能投屏+小冰箱）:HK$384', '豪華大床房（電視智能投屏+小冰箱）:HK$427', '豪華雙床房（電視智能投屏+小冰箱）:HK$427', '嘉賓大床房（電視智能投屏+小冰箱）:HK$471', '家庭房（電視智能投屏+小冰箱）:HK$541']"
無錫瑞廷西郊酒店,9.5,"['高級低敏大床房（Acca Kappa洗護用品）:HK$476', '高級低敏雙床房（Acca Kappa洗護用品）:HK$476', '豪華低敏大床房（Acca Kappa洗護用品）智能馬桶:HK$516', '豪華低敏雙床房（Acca Kappa洗護用品）智能馬桶:HK$516', '高級正湖景低敏房（Acca Kappa洗護用品）:HK$612', '辰睡深睡房:HK$621']"
無錫南長街三陽廣場輕居酒店,9.7,"['舒適大床房（內窗-65寸投屏電視-亞朵裸眠床品）:HK$313', '精選大床房（小冰箱-投屏電視-JOLOVES洗護用品）:HK$339', '標準雙床房（內窗-65寸投屏電視-JOLOVES洗護用品）:HK$339', '高級大床房（深睡枕Pro-小冰箱-LELABO洗護用品）:HK$383']"
橙子酒店（碩放機場店）,9.9,"['經濟間:HK$154', '舒適大床房:HK$211', '高級雙床房:HK$211', '三人間:HK$258']"
U悦精品酒店,9.9,"['舒適休閑大床房:HK$204', '幾木景觀大床房:HK$217', '高級景觀大床房:HK$245', '尊享景觀大床房:HK$276']"
無錫吳越水街萬達美華酒店,9.6,"['高級大床房丨落地窗+小度全屋智能+ACCA·KAPPA洗護用品:HK$303', '豪華大床房丨落地窗+小度全屋智能+ACCA·KAPPA洗護用品:HK$330', '豪華雙床房丨落地窗+小度全屋智能+ACCA·KAPPA洗護用品:HK$330', '高級豪華大床房 | 迷你小冰箱+超大浴缸+小度全屋智能:HK$401', '雅緻榻榻米大床房 | 迷你小冰箱+超大浴缸+親子空間:HK$401']"
花築·祝家花園民宿（南長街店）,9.0,"['奚閲·園林景觀大床房:HK$509', '池鶴·園林古典雙床房:HK$544', '守歲·花園玲瓏大床房:HK$566', '蘭亭·典雅開闊雙床房:HK$610']"
無錫萬達頤華酒店（三陽廣場南長街店）,8.9,"['高級雙床房（睡眠窗簾+智能投屏+Acca Kappa洗護用品）:HK$404', '高級大床房（睡眠窗簾+智能投屏+Acca Kappa洗護用品）:HK$404', '豪華大床房（睡眠窗簾+智能投屏+Acca Kappa洗護用品）:HK$565', '豪華雙床房（睡眠窗簾+智能投屏+Acca Kappa洗護用品）:HK$565', '頤華大床房（落地窗+智能投屏+Acca Kappa洗護用品）:HK$807']"
璽雲·高空Hotel（無錫三陽廣場店）,9.2,"['天際舒適大床房『天際視野+靜謐舒適』:HK$262', '高空舒適大床房『鵝絨床具+智能光控』:HK$283', '天際影音大床房『俯瞰錫城+遙望太湖』:HK$323', '雲上觀景輕奢套房 『環幕城景+定製床品』:HK$355']"
