酒店名称,评分,房型价格列表
營口中天國際酒店,9.4,"['舒適雙床房（無窗）智能客控+乾濕分離:HK$336', '舒適大床房（無窗）智能客控+乾濕分離:HK$336', '商務大床房·智能語音客控+智能馬桶:HK$404', '商務雙床房·智能語音客控+智能馬桶:HK$404', '沐光大床房·全屋智能+浴缸:HK$474']"
營口國際酒店,9.1,"['商務雙床房:HK$305', '商務大床房:HK$305', '麗景雙人房:HK$305', '麗景大床房:HK$305', '河景雙人房:HK$361']"
盤錦遼濱海景酒店,9.0,"['海景大床房（智能馬桶+電動窗簾）:HK$327', '河景雙床房（智能馬桶+電動窗簾）:HK$370', '海景0壓大床房（智能馬桶+電動窗簾）:HK$424', '商務麗景大床房（電動馬桶+智能窗簾）:HK$437', '豪華商務套房（智能馬桶+電動窗簾）:HK$1,061']"
柏麗艾尚酒店（營口富甲凱旋門店）,9.6,"['高級雙床房:HK$301', '高級大床房:HK$301', '特色大床房:HK$341', '家庭房:HK$349']"
YHotel翊諾酒店,9.5,"['標準大床房+智能客控+智能馬桶+温泉水:HK$468', '高級大床房+智能客控+智能馬桶+温泉水:HK$566', '高級雙床房+智能客控+智能馬桶+温泉水:HK$610', '環景家庭房+智能客控+智能馬桶+温泉水:HK$672', '行政大床房+智能客控+智能馬桶+温泉水:HK$713']"
營口萬隆智選假日酒店,9.4,"['高級房 雙床:HK$327', '高級房 大床:HK$327', '高級家庭房:HK$467', '高級親子房:HK$607']"
營口鏡湖精緻酒店,9.2,"['經濟型標準間-新風系統-中式茶台:HK$239', '舒適大床房-新風系統:HK$240', '精緻大床房（俯瞰公園+智能馬桶+乾濕分離）:HK$270', '滾來滾去超級大床房（朝南+中式大茶桌+智能馬桶+乾濕分離）:HK$299', '豪華大床房（中式茶台+俯瞰湖景+智能馬桶+乾濕分離）:HK$300']"
營口皇家園林酒店,9.0,"['標準雙人房:HK$360', '街景大床房:HK$435']"
葡萄酒店（營口青花大街店）,9.2,"['高級雙床房:HK$228', '高級大床房:HK$233', '超級大床房:HK$255', '主題家庭房:HK$365']"
營口華天大飯店,9.4,"['大床房:HK$203', '普通大床房:HK$304', '普通雙床房:HK$304', '商務雙床房-帶浴缸:HK$343', '商務大床房-帶浴缸:HK$343']"
營口新紅運酒店,9.3,"['優選大床房:HK$360', 'Hello Kitty公主房:HK$369', '海洋祕境雙床房:HK$386', '奇幻森林大床房:HK$386', '豪華雙床房:HK$396']"
營口望兒山水樂園,8.8,"['標準雙床房:HK$533', '標準大床房:HK$533', '榻榻米房:HK$533', '家庭房:HK$752', '高級親子房:HK$752']"
營口萬達頤華酒店,9.8,"['高級海景雙床房（獨立海景陽台+觀海落地窗+Acca Kappa洗護用品+舒達床墊）:HK$1,092', '豪華海景雙床房（獨立觀海陽台落地窗+舒達床墊）:HK$1,201', '高級海景大床房（獨立海景陽台+觀海落地窗+Acca Kappa洗護用品+舒達床墊+浴缸）:HK$1,201', '豪華海景大床房（獨立海景陽台+觀海落地窗+Acca Kappa洗護用品+舒達床墊+浴缸）:HK$1,310', '行政豪華海景大床房（高層獨立海景陽台+觀海落地窗+Acca Kappa洗護用品+舒達床墊+迷你吧+浴缸）:HK$1,529', '行政豪華海景雙床房（高層獨立海景陽台+觀海落地窗+Acca Kappa洗護用品+舒達床墊+迷你吧）:HK$1,529']"
營口憶江南酒店,8.6,"['湯舍標準雙人間:HK$350', '湯舍標準單人間:HK$350', '單人間:HK$403', '標準間:HK$403', '湯舍家庭房:HK$449']"
桔子酒店（營口鮁魚圈萬達廣場店）,9.7,"['雙床房:HK$390', '高級大床房A:HK$390', '高級大床房:HK$419', '高級雙床房:HK$429']"
棲海·設計師魔法温泉主題海景公寓（山海廣場店）,9.4,"['近海·品質大床房（帶隊趕海+商務休閑）:HK$281', '棲海·高級設計師特大床房（舒達床墊+陽光露台）:HK$301', '親海·設計師主題親子家庭房（步行到海邊+趕海工具）:HK$329', '雲海・尊貴設計師特雙床房（遊玩攻略+助眠舒睡）:HK$363']"
艾居藝術酒店（營口理工學院奧體中心店）,9.7,"['清新簡約大床房【小冰箱+可投屏55寸電視】:HK$209', '清新簡約雙床房【小冰箱+可投屏55寸電視】:HK$209', '商旅舒睡大床房【小冰箱+可投屏55寸電視】:HK$230', '商旅舒睡雙床房【小冰箱+茶具+可投屏55寸電視】:HK$230']"
桔子酒店（營口鮁魚圈營口港店）,9.9,"['加州陽光雙床房:HK$359', '加州陽光大床房:HK$378', '加州陽光商務大床房:HK$426', '加州陽光家庭房:HK$463']"
漢庭酒店（營口中心街店）,9.6,"['高級大床房:HK$227', '大床房:HK$227', '雙床房:HK$236', '套房:HK$330']"
營口五礦豪生大酒店,9.2,"['棋牌室:HK$183', '高級大床房+全景落地窗+科勒浴缸:HK$282', '高級雙床房+全景落地窗+科勒浴缸:HK$282', '零壓——高級大床房:HK$296', '輕奢私湯豪華雙床房+泡浴產品+懶人沙發:HK$305']"
漢庭酒店（營口火車站遼河大街店）,9.8,"['雙床房（手機投屏）:HK$217', '高級大床房（手機投屏）:HK$236', '影音大床房（手機投屏）:HK$246', '豪華大床房（手機投屏+小冰箱）:HK$312']"
遼海假日酒店,9.0,"['智能大床房:HK$224', '智能雙床房:HK$224', '智能大床房（獨立泡池）:HK$363', '智能雙床房（獨立泡池）:HK$404']"
一米花海民宿（山海廣場魔法温泉店）,9.4,"['面朝大海·全海景豪華大床房-花澗裏:HK$548', '面朝大海·全海景親子主題上下鋪房大型遊戲機-裏物:HK$548', '海景·雙露台落地窗·親子上下鋪大型遊戲機套房:HK$548', '面朝大海·全海景奶油風大床房-甜也:HK$548']"
艾居連鎖酒店（營口遼河公園新興大街店）,9.5,"['雅居日式大床房（獨立空調+地熱）:HK$160', '悠享大床房【獨立空調+地熱】:HK$167']"
營口金海灣酒店,9.2,"['優選大床房:HK$217', '優選雙床房:HK$217', '臻選大床房:HK$251', '臻選雙床房:HK$251', '精選大床房:HK$251']"
聽瀾小棧（營口鮁魚圈山海廣場店）,9.2,"['星空觀海-大床房:HK$527', '攬海日落-親子房:HK$546', '精品海景親子房:HK$618', '夏日特惠大床房:HK$620']"
拾光海景民宿（山海廣場萬科店）,9.4,"['丨拾光相伴丨輕奢園景大床房:HK$237', '丨拾光樹下丨温馨榻榻米房:HK$268', '丨拾光丨海景大床房（180度全面海景+直麪大海）:HK$275', '丨拾光微風丨園景温馨雙床房（小童泳池）:HK$275']"
如家商旅酒店（營口鮁魚圈萬隆商業大廈店）,9.6,"['全新大床房:HK$213', '全新雙床房:HK$213', '商務大床房:HK$231', '雙床房:HK$231']"
艾居連鎖酒店（營口老邊營大路南店）,9.6,"['特惠雙床房:HK$136', '舒睡陽光大床房:HK$168', '舒睡陽光雙床房:HK$168', '超享浪漫浴缸套房:HK$247']"
鮁魚圈·萬科海邊兒全海景公寓（營口山海廣場店）,9.5,"['初見山海丨標準雙人間【花園景觀+森林吸氧】:HK$280', '面朝大海丨首排180°海景大床房【無遮看海+拍照出片】:HK$326', '面朝大海丨首排180°海景榻榻米房【帶娃愛住+躺着看海】:HK$346', '拾光山海丨輕奢雙床房【商務休閑+配有冰箱】:HK$385']"
藍奢印象公寓（營口萬達廣場中天國際店）,8.3,"['商務複式大床房:HK$199', '豪華複式大床房:HK$210', '愛上電影主題影院房（巨幕）:HK$222', '豪華雙床房:HK$259']"
營口一品閣海景公寓（鮁魚圈山海廣場店）,9.5,"['精品優選海岸線海景大床房（帶廚房可蒸煮+洗衣機+冰箱）:HK$354', '精選温馨觀海榻榻米三室8人棋牌套房（帶廚房可蒸煮+洗衣機）:HK$2,130']"
鮁魚圈大吉民宿,9.8,"['園景大床房:HK$370', '山景大床房:HK$474', '山景兩室套房:HK$756', '整棟9間房庭院別野 （燒烤＋露營地＋團建會議＋麻將）:HK$5,003']"
如家驛居酒店（營口鮁魚圈山海廣場店）,9.5,"['大床房:HK$196', '高級大床房:HK$205', '雙床房:HK$213', '高級雙床房:HK$222']"
輕雲小築海景公寓（山海廣場魔法温泉店）,9.2,"['唯美·陽光觀海大床房（陽台+冰箱+廚房）:HK$556', '簡約·正面觀海雙床房（陽台+冰箱+廚房）:HK$649', '夏日·海岸豪華四人間（陽台海景+冰箱+廚房）:HK$742', '豪華·270°側面觀海套房（雙陽台+廚房+獨立卧室）:HK$835']"
如家商旅酒店（營口金牛山大街萬達廣場店）,8.8,"['大床房:HK$157', '雙床房:HK$166', '高級大床房:HK$175', '高級雙床房:HK$183']"
萬科拉維海岸·沐陽海景公寓（鮁魚圈店）,9.8,"['「沐陽舒怡」萬科園景雙床房「白色床品+四人間」:HK$298', '「沐陽時光」高級海景大床房「白色床品+手機投屏+小米超大電視」:HK$308', '「沐陽流年」觀海榻榻米家庭房「白色床品+安睡床墊+洗衣做飯」:HK$348', '「沐陽夕舍」高級海景雙床房 「白色床品+小米電視投屏」:HK$380']"
漢庭酒店（營口鮁魚圈世紀廣場店）,9.7,"['高級大床房:HK$248', '雙床房:HK$248', '高級雙床房:HK$296', '套房:HK$324']"
營口萬達酒店式公寓,9.0,"['舒適大床房:HK$147', '歐式大床房:HK$156', '玫瑰之約主題房:HK$156', '地中海風情房:HK$162']"
營口晟鼎裕龍閣商務酒店（萬達廣場金剛山店）,9.1,"['特惠大床房:HK$142', '精緻大床房:HK$163', '精緻雙床房:HK$163', '巨屏影音房（優酷會員）:HK$183']"
艾居璞雅精品酒店（營口鮁魚圈區月亮湖公園店）,9.7,"['日光大床房【茶具+可投屏電視】:HK$270', '悦享大床房【茶具+可投屏電視】:HK$277', '雅緻雙床房【茶具+可投屏電視】:HK$277', '靜雅大床房【茶具+可投屏電視】:HK$277']"
營口頤湯會館,9.2,"['傾心·湯泉套房:HK$373', '榻榻米親子湯泉套房:HK$404', '假日·湯泉套房:HK$404']"
如家海濱日租公寓（營口鮁魚圈山海廣場店）,9.7,"['三室兩廳兩衞空調麻將房:HK$1,196']"
棲悦·海景酒店式公寓（營口山海廣場店）,9.7,"['棲悦·簡約園景大床房（臨海觀景丨開放式廚房）:HK$218', '棲悦·精選海景大床房（180度海景丨夕陽餘暉）:HK$240', '棲悦·北歐主題海景大床房（室內可觀鮁魚公主）:HK$262', '棲悦·日式主題海景大床房（180度高空海景丨躺着就能看海）:HK$284']"
驛家酒店式公寓（萬達廣場店）,9.2,"['温馨大床房:HK$163', '商務標準雙床房:HK$184', '豪華商務大床房:HK$184', '影音大床房:HK$187']"
觀海聽濤海景公寓（營口山海廣場萬科店）,9.6,"['特惠海景房（空調+廚房）:HK$242', '「精選180°」海景·大床房（高層海景）:HK$288', '「海景巨幕影院」影視VIP會員大床房:HK$308', '豪華差旅大床房:HK$311']"
鑫源家禾酒店式公寓（營口萬達店）,8.3,"['悦享大床房:HK$158', '優享大床房:HK$182', '浪漫圓床房:HK$214', '高級大床房:HK$214']"
鯨喜海景公寓（山海廣場魔法温泉店）,10.0,"['藍海郡·近海榻榻米房:HK$434', '藍海郡·投影大床房:HK$453', '無遮擋180°海景房:HK$713']"
千尋海景民宿,9.7,"['|千尋|聽海築夢海景大床房:HK$405', '|千尋|碧海尊榻閣首排看海榻榻米:HK$412', '|千尋| 日式原木榻榻米房:HK$415', '|千尋|滄瀾御海居投影日式看海大床房:HK$426']"
如家酒店（營口盼盼路南湖公園店）,9.5,"['大床房:HK$197', '雙床房:HK$215', '商務大床房:HK$215', '家庭房:HK$241']"
