酒店名称,评分,房型价格列表
三明賓館·天元國際,9.3,"['豪華大床房:HK$427', '行政城景大床房:HK$501', '豪華江景套房:HK$639', '行政貴賓城景套房:HK$1,141', '天元總統套房:HK$10,582']"
三鋼萬壽巖學院,9.6,"['標準雙床房:HK$423', '標準大床房:HK$423']"
全季酒店（三明三元區店）,9.5,"['高級大床房:HK$322', '商務大床房:HK$351', '景觀大床房:HK$380', '高級雙床房:HK$380']"
三明香米拉軍轉賓館（麒麟山公園店）,9.3,"['特色大床房（潔凈温馨 +乾濕分離）:HK$208', '温馨大床房（舒適沐浴 +精緻睡眠）:HK$216', '精品雙床房:HK$243', '智能大床房（語音小度+品牌床墊）:HK$260']"
廣和酒店（沙縣東門古街店）,9.3,"['特價輕居大床房:HK$225', '輕居大床房:HK$247', '輕奢大床房:HK$288', '輕居雙床房:HK$313']"
麗呈朗譽酒店（三明北高鐵站沙縣機場店）,8.9,"['輕奢怡悦大床房（雲端客房+電動窗簾+智能客控&馬桶）:HK$310', '輕奢輕悦大床房（雲端客房+電動窗簾+智能客控&馬桶）:HK$349', '輕奢愉悦大床房（雲端客房+電動窗簾+智能客控&馬桶）:HK$389', '輕奢和悦大床房 （雲端客房+電動窗簾+智能客控&馬桶）:HK$427', '輕奢和悦雙床房（雲端客房+電動窗簾+智能客控&馬桶）:HK$466']"
三明沙縣廣容大酒店,9.1,"['普通大床房:HK$306', '普通雙人房:HK$306', '高級雙床房:HK$417', '高級大床房:HK$417', '高級套房:HK$690']"
沙縣温德姆花園酒店,9.1,"['商務大床房:HK$412', '商務雙床房:HK$420', '豪華大床房:HK$481', '商務套房:HK$718', '花園套房:HK$1,263']"
三明明城國際大酒店,9.2,"['雅緻無窗大床房:HK$245', '標準大床房:HK$439', '行政大床房:HK$547']"
三明皇廷麗景酒店,8.9,"['靜謐大床房:HK$333', '靜謐雙床房:HK$333', '精品大床房:HK$371', '精品雙床房:HK$371', '山景大床房:HK$397']"
怡程酒店（三明市大潤發店）,9.0,"['怡享雙床房:HK$326', '怡馨大床房:HK$327', '怡馨雙床房:HK$327', '怡享大床房:HK$362', '怡觀雙床房:HK$386']"
梅園·悦竹酒店（三明列東店）,9.3,"['瑞竹大床房:HK$257', '瑞竹雙床房:HK$257', '瑞竹豪華大床房:HK$315', '瑞竹豪華雙床房:HK$315']"
雅斯特酒店（三明列東街店）,9.1,"['雅緻大床房:HK$173', '高級大床房:HK$206', '高級雙床房:HK$217', '豪華大床房:HK$228']"
鑫悦智慧酒店（三元區三明站店）,9.6,"['投影智能大床房（智能控客+乾濕分離+舒適好睡眠）:HK$214', '投影智能雙床房（高清投屏+智能控客+乾濕分離+品質好睡眠）:HK$217', '豪華智能大床房（高清投屏+智能控客+乾濕分離+品質好睡眠）:HK$227', '豪華智能雙床房（超大面積+高清投屏+智能馬桶）:HK$232']"
三明城南酒店（三元區店）,8.8,"['樂享丨標準大床房【鬧中取靜+舒適助眠】:HK$194', '樂享丨標準雙床房【鬧中取靜+舒適助眠】:HK$194', '江景丨標準雙床房【一線江景+落地窗+舒適温馨】:HK$205', '江景丨標準大床房【一線江景+落地窗+舒適温馨】:HK$205']"
三明明城新都滙酒店（萬達廣場店）,9.3,"['豪華大床房:HK$305', '複式大床房:HK$322', '特惠房:HK$330', '親子房:HK$359', '複式子母房:HK$381']"
梅園·悦竹酒店（三明東新五路店）,9.1,"['經濟大床房:HK$271', '瑞竹大床房:HK$278', '瑞竹雙床房:HK$278', '瑞竹套房:HK$504']"
三明明城台江酒店,9.0,"['商務大床房:HK$224', '特惠標準雙床房:HK$235', '特惠標準大床房:HK$290', '商務雙床房:HK$317', '親子房（無窗）:HK$320']"
三明列西賓館（三鋼大數據中心店）,9.5,"['豪華雙床房:HK$219', '豪華大床房:HK$233', '豪華套房:HK$262']"
維也納3好酒店（三明列東街店）,9.3,"['標準大床房:HK$209', '標準雙床房:HK$209', '豪華大床房:HK$231', '豪華雙床房:HK$231']"
三明Enjoy Time·元立時尚設計師城景酒店（三元一中店）,9.4,"['Surprise｜驚·喜奇遇寶藏房·樂趣好玩+90s潔凈親膚布草:HK$187', 'Enjoy｜樂享·旅居商務靜音大床房 【智能便捷超清化粧鏡+中式現代休閑愜意品茶+精氣滿滿深睡品牌床墊+潔凈親膚布草+手機超清投屏】:HK$203', 'Delight ｜悦享·商務茶桌雙床房【軟綿綿愜意沙發】:HK$203', 'Premium｜臻享·輕奢茶桌圍坐大床房【中式格調泡茶台桌+Q彈飽滿豪華可躺可卧沙發+愜意觀景休閑椅+手機超清投屏】:HK$224']"
三明國貿賓館（夏商百貨列東店）,9.0,"['舒適雙床房:HK$184', '特惠舒適雙床房:HK$184', '舒適大床房:HK$191', '精品大床房（帶陽台）:HK$191']"
維也納酒店（三明站店）,9.5,"['標準大床房:HK$240', '標準雙床房:HK$240', '豪華大床房:HK$278', '豪華雙床房:HK$278']"
柏曼酒店（三明列東店）,8.8,"['舒適大床房.採光極佳:HK$213', '標準雙床房（光線充足）:HK$221', '高級大床房.明亮視野:HK$244', '高級雙床房（通透明亮）:HK$251']"
三明格美國際酒店,8.0,"['格美雙床房（深度好眠）:HK$145', '格美高級大床房（超大視野+行政沙發）:HK$188', '格美高級雙床房（超大視野+行政沙發）:HK$188', '格美大床房（深度好眠）:HK$240']"
三明奕澤酒店（萬達店）,9.1,"['智能大床房丨夢百合零壓床墊:HK$258', '尊享大床房丨夢百合零壓床墊:HK$369', '豪華雙床房丨夢百合零壓床墊:HK$369', '尊享雙人房丨夢百合零壓床墊:HK$369']"
好莉來大酒店（三明一中店）,9.4,"['特惠雙床房:HK$174', '優選大床房（無窗）:HK$180', '優選雙床房:HK$182', '精選雙床房:HK$200']"
金谷酒店（三明列東街店）,9.1,"['精選標間:HK$212', '精選大床房:HK$212', '商務標準間:HK$235', '商務大床房:HK$237']"
三明馨居智慧酒店（沙縣文化小吃城店）,9.1,"['舒適.時尚大床房（智能客控+電動窗簾）:HK$165', '舒享生活·觀影智能大床房（智能客控+智能馬桶+百寸巨幕+電動窗簾）:HK$174', '巨幕影音舒享大床房（智能客控+智能馬桶+百寸巨幕+電動窗簾）:HK$184', '尊享生活.投影智能大床房（智能客控+智能馬桶+百寸巨幕+電動窗簾）:HK$211']"
漢庭酒店（三明萬達廣場店）,9.6,"['大床房:HK$246', '高級大床房:HK$265', '高級雙床房:HK$344', '豪華大床房:HK$344']"
三明閩光大酒店,9.4,"['小樓閩光苑經濟大床房:HK$183', '小樓閩光苑大床房:HK$216', '小樓閩光苑雙床房:HK$216', '主樓商務大床房:HK$314']"
三明好莉來景觀酒店（三元區店）,9.2,"['雅緻雙床房（面積超大+舒適好睡眠）:HK$170', '雅緻大床房（品牌床墊+乾濕分離）:HK$177', '精品雙床間（超大面積+乾濕分離）:HK$200', '精品大床房:HK$208']"
沙縣明城新城酒店,9.1,"['標準大床房:HK$309', '標準雙床房:HK$342', '行政套房:HK$693', '豪華套房:HK$1,066', '親子雙床房:HK$?']"
馨居電競酒店,8.8,"['舒享.簡約主題房:HK$161', '精緻.電竟麻將雙人房（5070+32+I7+27寸2K）:HK$281', '尊享.豪華投影雙人電競大床房（5070+32G+I7+27寸2K）:HK$336', '尊享.榻榻米雙床投影雙人電競房（5070+32g+i7+27寸2k）:HK$386']"
沙縣君華大酒店,8.3,"['普通大床房:HK$228', '普通雙床房:HK$228', '行政大床房:HK$275', '行政雙人房:HK$275', '行政兩間套:HK$459']"
三明天元廬山酒店（三元區市第一醫院店）,9.2,['中式標準大床房:HK$242']
三明列西飯店（梅列大橋店）,8.9,"['特價標間:HK$172', '普通雙床房:HK$205', '精緻雙床房:HK$216', '精緻大床房:HK$238']"
三明加樂比酒店（三明一中店）,8.6,"['經典中式雙床房:HK$182', '經典中東雙床房:HK$221', '豪華中東大床房:HK$239', '精品科幻大床房:HK$239']"
三明五一大酒店,8.4,"['商務大床房:HK$175', '商務雙床房:HK$182', '精品大床房:HK$194', '精品雙床房:HK$194']"
三明明城丹蓉酒店,9.0,"['標準雙床房:HK$242', '標準大床房:HK$242', '豪華雙床房:HK$335', '豪華大床房:HK$347']"
奇寓半山私影民宿,9.9,"['高層景觀影音大床房:HK$150', '輕奢風影音大床房:HK$150', '心動信號影音大床房:HK$150', '温馨風影音大床房:HK$150']"
華盛精品酒店,8.7,"['精品單人間:HK$291', '精品雙人房:HK$291', '行政單人房:HK$324', '行政雙人房:HK$324']"
十里平流民宿（曲巷店）,9.1,"['標準一室二床房:HK$212', '休閑一室大床房:HK$238', '舒適一室大床房:HK$252', '温馨一室大床房:HK$265']"
沙縣仙舟大酒店,7.7,"['豪華大床房:HK$269', '豪華雙床房:HK$269', '行政大床房:HK$299', '親子家庭房:HK$319']"
吉佳酒店 （三明職教園店）,9.3,"['豪華大床房:HK$239', '豪華雙人間:HK$239']"
三明宜家複式公館,9.1,['套房:HK$262']
逸柏國際酒店（三明北站沙縣店）,9.0,"['途選大床房（喜臨門床墊深度睡眠+智能馬桶）:HK$168', '途享大床房（喜臨門床墊深度睡眠+智能馬桶）:HK$177', '途享雙床房（喜臨門床墊深度睡眠+智能馬桶）:HK$188', '途奢大床房（百寸巨幕投影+智能客控+智能馬桶）:HK$202']"
鑫王子公寓（沙縣步行街店）,10.0,"['舒適大床房:HK$134', '豪華大床房:HK$141', '温馨雙床房:HK$155']"
十里平流曉出民宿（羅家巷店）,9.8,"['簡約榻榻米房:HK$193', '陽光榻榻米房:HK$203', '雅緻雙床房:HK$214', '主題大床房:HK$221']"
聚元快捷賓館（三明大潤發愛琴海店）,9.0,"['聚元丨精選大床房:HK$160', '聚元丨精選雙床房:HK$166', '聚元丨臻選子母房:HK$184', '聚元丨臻選雙床房:HK$184']"
