酒店名称,评分,房型价格列表
和頤至尊酒店（上海人民廣場南京路步行街店）,9.4,"['大床房A（手機投屏+迷你吧）:HK$640', '大床房（手機投屏+迷你吧）:HK$677', '商務大床房（手機投屏+迷你吧）:HK$724', '高級雙床房（手機投屏+迷你吧）:HK$733', '零壓大床房（手機投屏+迷你吧）:HK$742']"
麥新格國際酒店（周浦地鐵站店）,9.7,"['豪華大床房:HK$481', '豪華雙床房:HK$509', '豪華家庭房:HK$537', '親子房:HK$606']"
上海雲和夜泊酒店,9.8,"['惠享大床房:HK$574', '雅緻大床房:HK$595', '夜泊大床房:HK$617', '雲和大床房:HK$645', '夜泊雙床房:HK$666']"
上海哆唻咪夢夢屋民宿（國際旅遊度假區浦東機場店）,9.6,"['暖光谷地大床小套房:HK$521', '綠野仙蹤大床房:HK$566', '暖光谷地親子房:HK$592', '綠野仙蹤親子房:HK$672', '綠野仙蹤雙大床房:HK$676', '藍夢暖居親子滑趣套房（內窗）:HK$787']"
上海外灘盎格酒店,9.2,"['豫園高級大床房:HK$658', '豫園高級雙床房:HK$658', '晶喜豪華大床房:HK$726', '晶喜豪華雙床房:HK$726']"
陸家嘴｜釋家·設計師城市全景民宿（上海陸家嘴店）,9.3,"['迎秋丨IMAX大床高清投影:HK$712', '白茶 | IMAX投影:HK$712', '夕陽丨IMAX投影:HK$712', '簡愛｜IMAX高清投影房四人居:HK$917']"
麗怡酒店（上海火車站店）,9.5,"['豪華大床房:HK$420', '豪華雙床房:HK$438', '商務大床間:HK$466', '商務雙床房:HK$492', '臻禮大床房:HK$536']"
上海裕景大飯店,9.2,"['高級房:HK$690', '豪華雙床房:HK$702', '豪華大床房:HK$764', '行政房:HK$837', '裕景房:HK$953']"
上海國際旅遊度假區福朋喜來登酒店,9.3,"['傳統大床房:HK$704', '雅緻大床房:HK$791', '雅緻雙床房:HK$791', '尊貴大床房:HK$831', '尊貴雙床房:HK$831']"
上海錦江都城南京飯店,9.5,"['時尚商務房:HK$752', '時尚雙床房:HK$752', '精緻商務房:HK$850', '精緻雙床房:HK$850', '風雅雙床房:HK$915']"
宿適輕奢酒店（上海外灘城隍廟店）,9.2,"['大床房:HK$570', '高級大床房:HK$580', '豪華大床房:HK$590', '雙床房:HK$690']"
全季酒店（上海人民廣場店）,9.5,"['大床房A:HK$662', '大床房:HK$689', '商務大床房:HK$725', '高級大床房:HK$751']"
上海古象杉麗酒店,9.5,"['私享大床房:HK$763', '悠享大床房:HK$872', '私享雙床房:HK$937', '悠享雙床房:HK$1,047', '醇享套房:HK$1,364']"
桔子酒店（上海世博中心店）,9.6,"['月若流金大床房:HK$546', '加州陽光大床房:HK$626', '月若流金大床景觀房:HK$676', '月若流金雙床房:HK$706']"
格美酒店（上海外灘南京東路步行街店）,8.5,"['特色大床房:HK$492', '格美高級大床房（獨立洗衣機）:HK$526', '特色雙床房:HK$537', '豪華大床房（獨立洗衣機）:HK$688']"
麥新格精品酒店（上海陸家嘴源深路地鐵站店）,9.5,"['精品雙床房:HK$501', '精品大床房:HK$501', '舒適大床房:HK$523', '商務大床房:HK$545', '豪華親子房:HK$610']"
雲和夜泊酒店（上海浦東國際機場店）,9.7,"['惠享大床房:HK$413', '惠享雙床房:HK$413', '夜泊大床房:HK$434', '夜泊雙床房:HK$434', '雲和大床房:HK$456']"
上海麗笙精選海侖賓館,9.1,"['麗笙精選標準大床房:HK$916', '麗笙精選標準雙床房:HK$916', '麗笙精選高級大床房:HK$964', '麗笙精選高級雙床房:HK$964', '麗笙精選豪華大床房:HK$1,107']"
野生動物園亞朵X酒店,9.6,"['高級大床房（浴缸房+投屏電視+亞朵記憶枕）:HK$492', '高級雙床房（投屏電視+亞朵記憶枕）:HK$519', '行政大床房（浴缸房+亞朵記憶枕+小冰箱）:HK$519', '高級親子雙床房（投屏電視+亞朵記憶枕+小冰箱）:HK$547', '幾木大床房（浴缸房+亞朵深睡枕Pro+小冰箱）:HK$574']"
桂客酒店（上海真如環宇城中寧路地鐵站店）,9.1,"['桂選大床房（智能馬桶+零壓記憶枕+自動烘洗機）:HK$311', '桂享大床房（智能馬桶+零壓記憶枕+自動烘洗機）:HK$355', '桂享雙床房（智能馬桶+零壓記憶枕+自動烘洗機+大屏幕投影儀）:HK$377', '桂臻大床房（智能馬桶+零壓記憶枕+自動烘洗機+大幕投影儀）:HK$377']"
上海極樂湯川沙温泉酒店,9.2,"['輕享大床房:HK$373', '煥新高級雙床房:HK$395', '煥新高級大床房:HK$395', '煥新高級家庭房:HK$438', '豪華大床房:HK$446']"
和頤酒店（上海陸家嘴金融街區芳甸路地鐵站店）,9.3,"['大床房:HK$485', '商務大床房:HK$502', '高級大床房:HK$538', '雙床房:HK$592']"
和頤至尊酒店（上海五角場地鐵站店）,9.5,"['雙床房（舒適床品+智能投屏）:HK$404', '大床房A（舒適床品+智能投屏）:HK$414', '大床房（舒適床品+智能投屏）:HK$460', '高級雙床房（舒適床品+智能投屏）:HK$479']"
上海豫園萬麗酒店,9.3,"['外灘景觀大床房:HK$1,337', '外灘景觀雙床房:HK$1,337', '行政大床房:HK$1,527', '行政雙床房:HK$1,527', '尊貴家庭多人房:HK$1,591', '外灘江景行政雙床房:HK$1,782']"
上海人民廣場南京東路步行街珍寶酒店,9.4,"['珍寶大床房 （智能客控+手機投屏）:HK$752', '珍寶舒適大床房（智能客控+手機投屏）:HK$828', '珍寶高級大床房（智能客控+手機投屏）:HK$903', '珍寶高級雙床房（智能客控+手機投屏）:HK$978', '珍寶豪華大床房（智能客控+手機投屏+迷你吧）:HK$1,054']"
上海美利居酒店（人民廣場店）,9.1,"['商務靜謐大床房「助眠床墊+辦公桌椅+行李架」:HK$509', '商務靜謐雙床房「助眠床墊+辦公桌椅+行李架」:HK$509', '豪華陽光大床房「助眠床墊+辦公桌椅+minibar」:HK$548', '豪華陽光雙床房「助眠床墊+辦公桌椅+minibar」:HK$548']"
景萊酒店·輕奢（上海外灘南京東路步行街店）,9.5,"['輕奢大床房:HK$744', '海派大床房:HK$801', '舒適大床房:HK$851', '步行街景觀房:HK$900']"
上海華美國際酒店（新天地人民廣場店）,8.8,"['豪華大床房:HK$479', '豪華雙床房:HK$502', '城景豪華大床房:HK$502', '豪華家庭房:HK$588']"
上海虹橋機場佰翔花園酒店,9.4,"['佰翔花園臻享大床房:HK$557', '佰翔花園臻享雙床房:HK$557', '佰翔花園尊悦雙床房:HK$623', '佰翔花園尊悦大床房:HK$623', '佰翔花園陽光大床房:HK$680']"
上海靜安逸扉酒店,9.5,"['靜享大床房（智能語音+私享Coffee機）:HK$663', '靜享電競大床房（電競電腦+智能語音+私享Coffee機）:HK$700', '高級大床房（智能語音+私享Coffee機）:HK$755', '高級雙床房（智能語音+私享Coffee機）:HK$801', '豪華大床房（智能語音+私享Coffee機）:HK$820']"
麗呈睿軒上海國際旅遊度假區川沙酒店,9.2,"['心享內景大床房（夏普凈化器+乾濕分離+迷你小冰箱）:HK$431', '心享影音大床房（夏普凈化器+乾濕分離+迷你小冰箱）:HK$456', '輕享高級雙床房（迷你小冰箱+窩輪增壓噴淋）:HK$475', '臻享精選大床房（迷你小冰箱+乾濕分離）:HK$490', '臻享精選雙床房（迷你小冰箱+乾濕分離）:HK$512']"
萬信酒店（上海國際旅遊度假區川沙地鐵站店）,9.5,"['商務大床房:HK$389', '商務雙床房:HK$411', '豪華大床房:HK$412', '豪華雙床房:HK$488', '行政大床房:HK$564']"
維也納國際酒店（上海浦東機場店）,9.4,"['純凈大床房:HK$434', '高級大床房:HK$445', '純凈雙床房:HK$456', '高級雙人房:HK$498', '豪華套房:HK$539']"
全季酒店（上海江寧路地鐵站店）,9.4,"['大床房（乳膠枕+智能投屏）:HK$482', '高級大床房（乳膠枕+智能投屏）:HK$503', '商務大床房（乳膠枕+智能投屏）:HK$544', '高級雙床房（乳膠枕+智能投屏）:HK$565']"
上海金辰大酒店,8.9,"['陽光大床房:HK$581', '淮海路街景大床房:HK$635', '甜蜜時刻房:HK$651', '淮海路街景雙床房:HK$689']"
雲和夜泊酒店（上海野生動物園店）,9.8,"['雅緻大床房:HK$461', '雅緻雙床房:HK$493', '豪華親子房:HK$525', '小黃鴨主題房:HK$644', '夜泊大床房:HK$751']"
白玉蘭酒店（上海浦東機場凌空路地鐵站店）,9.4,"['靜逸單人房:HK$358', '靜雅大床房:HK$393', '靜雅雙床房:HK$405', '舒雅大床房:HK$406']"
上海周浦萬達桔子水晶酒店（繁榮路地鐵站店）,9.6,"['水晶豪華大床房:HK$452', '豪華榻榻米大床房:HK$482', '荷塘月色親子房:HK$490', '豪華雙床房:HK$505', '商務大床房:HK$512']"
全季酒店（上海四川北路地鐵站店）,9.3,"['大床房（舒適床品+智能投屏+獨立冰箱）:HK$616', '高級大床房（舒適床品+智能投屏+獨立冰箱）:HK$666', '雙床房（舒適床品+智能投屏+獨立冰箱）:HK$786']"
上海大眾空港賓館,8.4,"['北樓特價大床房:HK$550', '北樓普通雙床房:HK$610', '南樓普通雙床房:HK$653', '南樓特價大床房:HK$653']"
上海極樂湯旅籠溫泉酒店（國際旅遊度假區川沙地鐵站店）,9.3,"['商務大床房（智能馬桶+冰箱+投屏）:HK$356', '和風大床房（智能馬桶+冰箱+投屏）:HK$382', '複式大床套房（智能馬桶+冰箱+投屏）:HK$512', '和風雙床房（智能馬桶+冰箱+投屏）:HK$512']"
全季酒店（上海外灘九江路店）,9.2,"['大床房A（無窗）:HK$825', '大床房:HK$885', '高級大床房:HK$945', '商務大床房:HK$1,144']"
麥新格精品酒店（上海浦東機場川沙地鐵站店）,9.7,"['高級圓床房:HK$490', '大床房:HK$490', '豪華大床房:HK$523', '豪華雙床房:HK$523']"
上海野生動物園美侖酒店,9.6,"['美侖雙床房（智能馬桶+感應取電+加濕器）:HK$358', '美侖大床房（智能馬桶+感應取電+加濕器）:HK$387', '豪華雙床房（智能馬桶+空氣凈化器+加濕器）:HK$387', '豪華大床房（智能馬桶+空氣凈化器+加濕器）:HK$415', '家庭房（智能馬桶+空氣凈化器+加濕器）:HK$453']"
唯庭酒店（上海外灘南京東路步行街店）,8.8,"['智能精緻大床房:HK$851', '智能都市大床房:HK$922', '智能設計師大床房:HK$1,064', '智能輕奢雙床房:HK$1,206']"
如家精選酒店（上海外灘金陵東路店）,9.3,"['大床房:HK$545', '商務大床房:HK$581', '高級大床房:HK$599', '安心睡0壓大床房:HK$636']"
上海徐家匯CitiGO歡閣酒店,9.6,"['歡享大床房:HK$541', '歡閣大床房:HK$567', '精選歡閣大床房:HK$593', '歡逸雙床房:HK$619', '歡逸大床房:HK$645']"
麗呈美利居酒店（上海南京路步行街店）,9.2,"['特惠大床房（無窗）:HK$678', '特惠雙床房（無窗）:HK$714', '高級大床房:HK$835', '豪華大床房:HK$1,005']"
上海外灘W酒店,9.2,"['奇妙雙床客房:HK$2,520', '奇妙大床客房:HK$2,520', '酷角客房:HK$2,648', '非凡超大床客房:HK$2,775', '非凡大床客房:HK$2,775', '外灘景觀酷角客房:HK$3,157']"
素居酒店式公寓（周浦萬達店）,9.5,"['高級公寓房（冰箱+廚房+洗衣機+微波爐）:HK$293', '豪華景觀房（冰箱+廚房+洗衣機）:HK$293', '超大投影景觀房（冰箱+廚房+洗烘一體機+極米智能投影）:HK$314', '豪華雙床房（冰箱+廚房+洗衣機+微波爐）:HK$369']"
