酒店名称,评分,房型价格列表
映·時光電影酒店,8.0,"['映客雙床房:HK$317', '映客親子間:HK$353', '映客家庭房:HK$437']"
中衛璞悅酒店（沙坡頭景區店）,9.6,"['簡約雙床房:HK$173', '舒適大床房:HK$203', '舒適雙床房:HK$203', '榻榻米雙床:HK$215']"
中衞穀雨茉莉酒店（鼓樓向陽步行街店）,9.6,"['穀雨大床房:HK$701', '茉莉大床房:HK$741', '穀雨雙床房:HK$780', '茉莉悦享雙床房:HK$1,311', '穀雨家庭套房:HK$1,975']"
中衞凱滙泊爾酒店（鼓樓東街店）,9.4,"['城夢大床房:HK$643', '城夢雙床房:HK$666', '城遇景觀大床房:HK$769', '巨幕影音房:HK$793', '城遇景觀雙床房:HK$912', '城趣時光親子房:HK$1,177']"
中衞市萊諾大酒店（豐安東路店）,9.1,"['行政雙床房:HK$318', '零壓雙床房:HK$345', '觀景雙床房:HK$345', '温馨家庭房:HK$374', '輕奢大床房:HK$374']"
物華天閱酒店（中衛鼓樓南街店）,9.2,"['品悦·舒適雙床房（乾濕分離+自助洗衣）:HK$298', '品逸·高級雙床房（乾濕分離+自助洗衣）:HK$320', '品逸·高級大床房（乾濕分離+自助洗衣）:HK$320', '品樂·豪華親子房（小童洗漱用品+乾濕分離）:HK$342']"
禹都樂滋酒店（中衞鼓樓向陽步行街店）,9.0,"['卓美大床房（陽光滿屋+搓澡巾+乾濕分離）:HK$448', '艾美雙床房（陽光滿屋+搓澡巾+乾濕分離）:HK$481', '瑰麗大床房（室內綠色景觀+靜謐睡眠）:HK$524', '瑰麗親子房（超大床墊+浴缸+親子時光）:HK$679', '艾美親子三人房（陽光滿屋+搓澡巾+乾濕分離）:HK$722']"
中衞市優派萊斯酒店,9.2,"['行政大床房:HK$489', '行政雙床房:HK$489', '豪華家庭房:HK$518', '豪華大床房（零壓床墊+零壓枕）:HK$602', '雅緻親子房:HK$653']"
星程酒店（中衞鼓樓店）,9.4,"['雙床房【全屋智能+定製床墊】:HK$479', '大床房【全屋智能+定製床墊】:HK$508', '高級雙床房【全屋智能+定製床墊】:HK$527', '高級大床房【全屋智能+定製床墊】:HK$546']"
中衞金土木國際酒店（中衞鼓樓店）,9.1,"['輕享陽光雙床房（臨窗觀景+釋壓床墊+乾濕分離）:HK$496', '輕享陽光大床房（臨窗觀景+釋壓床墊+乾濕分離）:HK$496', '行政精英雙床房（臨窗觀景+釋壓床墊+乾濕分離）:HK$704', '行政精英大床房（臨窗觀景+釋壓床墊+乾濕分離）:HK$704', '樂享温馨家庭房（臨窗觀景+釋壓床墊+乾濕分離）:HK$744', '樂享三人行——兩間房（臨窗觀景+釋壓床墊+乾濕分離）:HK$927']"
星星宿集沙漠露營地,8.8,"['星悦 | 摘星帳篷大床房（通電|通網）（公共衞浴）:HK$282', '星悦 | 摘星帳篷雙床房（通電|通網）（公共衞浴）:HK$311', '星享 | 摘星帳篷家庭房（通電|通網）（公共衞浴）:HK$340', '星辰 | 輕奢沙景大床房 | 180°沙景+獨立衞浴+空調:HK$1,375']"
中衛黃河希遇酒店（城市景觀店）,9.8,"['隱於市·城遇大床房:HK$798', '隱於市·城遇河景雙床房:HK$856', '隱於市·城逸大床房:HK$903', '隱於市·城悦河景雙床房:HK$906', '隱於市·城享河景大床房:HK$988', '隱於市·城漫花園星空套房:HK$3,256']"
沙漠星星親子帳篷露營地,9.3,"['沙海觀星雙床帳篷（熱水+通電+公共衞浴）:HK$322', '沙海觀星大床帳篷（熱水+通電+公共衞浴）:HK$322', '温馨觀星家庭帳篷（循環熱水+無線WIFI+通電）:HK$418', '蓮花星空親子營賬（循環熱水+無線WIFI+通電）:HK$443']"
沙之船露營酒店,9.5,"['摩洛哥網紅帳篷大床房（公共衞浴）（帳篷通電）:HK$578', '摩洛哥網紅帳篷雙床房（公共衞浴）（帳篷通電）:HK$703', '摩洛哥網紅帳篷親子房（公共衞浴）（帳篷通電）:HK$758', '星星故鄉·榻榻米木屋空調房（公共衞浴）:HK$1,106']"
星語谷沙漠酒店,10.0,"['星語 | 摩洛哥雙床帳篷 | 通電+通網:HK$313', '星語 | 摩洛哥親子帳篷 | 通電+通網:HK$342', '星語谷 | 獨棟大床小木屋 | 空調+通電+通網:HK$717', '星語谷 | 180°全景大床房 | 空調+獨立衞浴:HK$1,084']"
順來露營基地,9.7,"['沙海雙床帳舍:HK$280', '沙海大床帳舍:HK$338', '漠上雙床穹頂帳篷:HK$416', '漠野沙景木屋（空調）:HK$556']"
希岸酒店（中衞鼓樓店）,9.5,"['希岸高級大床房（夢百合安睡床墊+零壓枕）:HK$585', '希岸雅緻雙床房:HK$585', '希岸豪華大床（夢百合安睡床墊+零壓枕）:HK$642', '希岸豪華雙床房（夢百合安睡床墊+零壓枕）:HK$642']"
文脈湖景酒店（寧夏大學中衞校區店）,9.4,"['臻享特惠房:HK$305', '悦居雙棲·臻享雙床房:HK$487', '奢雅大床房:HK$510', '奢雅雙床房:HK$510', '沐光湖居•雙床觀景房:HK$517']"
星玥野奢露營地,8.8,"['星空蓮花帳篷:HK$466', '小木屋大床房:HK$687', '沙景觀星雙床房（乾濕分離）:HK$1,178', '沙景觀星大床房（乾濕分離）:HK$1,315']"
中衛未見之美酒店,10.0,"['未見雙床房（全屋智能+零壓安睡床墊+零壓枕）:HK$510', '之美雙床房（全屋智能+零壓安睡床墊+零壓枕）:HK$546', '未見家庭房（全屋智能+零壓安睡床墊+零壓枕）:HK$583', '未見大床房（全屋智能+零壓安睡床墊+零壓枕）:HK$601', '之美家庭房（全屋智能+零壓安睡床墊+零壓枕）:HK$620']"
野奢雲端全景民宿,9.5,"['Moon | 野奢雲端雙人摩洛哥房 | 通網+通電:HK$306', 'Moon | 野奢雲端大床摩洛哥房 | 通網+通電:HK$314', 'Moon | 野奢雲端親子摩洛哥房 | 通網+通電:HK$341', 'Moon | 野奢雲端四人摩洛哥房 | 通網+通電:HK$383']"
中衞市沙中沙藝術酒店（沙坡頭區向陽步行街店）,9.2,"['沙語—星辰戀語單床房:HK$228', '沙汐—沐汐淺夢雙床房:HK$228', '沙影—唯美陽光雙床房:HK$266', '沙戀—暖愛大床房:HK$266']"
望月沙漠露營地,9.2,"['網紅摩洛哥標準帳篷:HK$306', '網紅水滴蓮花標準帳篷:HK$382', '網紅水滴蓮花家庭帳篷:HK$420', '觀景小木屋:HK$764']"
拾暮沙漠營地,9.9,"['Moon拾暮 | 蓮花大床帳篷:HK$478', 'Moon拾暮 | 蓮花雙床帳篷:HK$510', 'Moon拾暮 | 蓮花親子帳篷:HK$526', 'BlackMoon拾暮 | 180°全景大床房 | 空調:HK$1,275']"
Love Star月光寶盒沙漠露營基地,9.4,"['漫天星光雙床帳篷「通電+wifi+循環熱水+電熱毯」:HK$305', '親吻星光大床帳篷「通電+wifi+循環熱水+電熱毯」:HK$323', '彩色童年親子房帳篷「通電+wifi+循環熱水+電熱毯」:HK$347', '星海銀河四人帳篷「通電+wifi+循環熱水+電熱毯」:HK$390']"
中衞鯤鵬智能酒店,9.5,"['舒適雙床房:HK$354', '豪華大床房:HK$393', '豪華親子房:HK$422', '豪華套房:HK$604']"
Desert漠野星圖沙漠度假營地,10.0,"['Star·風情帳篷雙床房（露天觀星＋沙漠露營）:HK$372', 'Star·綺夢帳篷親子間（露天觀星＋沙漠露營）:HK$422', 'Star·歡聚帳篷4人間（露天觀星＋沙漠露營）:HK$559', '星圖·銀河沙景雙床房（浪漫觀星＋獨立衞浴）:HK$1,489']"
中衞沙都酒店（沙坡頭景區店）,9.0,"['精選智能標準間:HK$281', '悦享·度假家庭房:HK$304', '私人影院大床房:HK$341', '棋牌榻榻米:HK$341', '沙都三人間:HK$453']"
大漠星驛露營地,9.3,"['星驛-Moon摩洛哥全景視野雙床房帳篷\u200b\u200b｜{通電+通網}:HK$304', '星驛-Moon摩洛哥全景視野大床帳篷 \u200b\u200b{通電+通網}:HK$304', '星驛-Moon摩洛哥親子帳篷{通電+通網}:HK$304', '星驛奢-LoveMoon180°全景獨棟雙床房{空調+通電}:HK$975']"
駝鈴聲聲客棧,9.0,"['漠風逸景大床房:HK$215', '漠風逸景雙床房:HK$228', '花園庭院·兩居室套房:HK$372', '晨曦星闌·兩居室套房:HK$392']"
遠方有約星空露營基地,9.8,"['「沙海星辰」摩洛哥大床房帳篷（通電+公共衞浴）:HK$268', '「沙丘祕語」摩洛哥雙床房帳篷（通電+公共衞浴）:HK$294', '「落日綺夢」摩洛哥親子房帳篷（通電+公共衞浴）:HK$333', '「銀河私語」浪漫星空小木屋:HK$693']"
沙海追夢露營基地,10.0,"['沙海丨摩洛哥大床房帳篷（通電+公共衞浴）:HK$286', '沙丘丨摩洛哥雙床房帳篷（通電+公共衞浴）:HK$312', '落日丨摩洛哥親子房帳篷（通電+公共衞浴）:HK$326', '星空丨浪漫星空小木屋（通電+公共衞浴）:HK$717']"
林溪公寓（中衞鼓樓東街店）,8.3,"['親子家庭房:HK$176', '豪華大床房:HK$176', '商務雙床房:HK$176', '豪華標間:HK$205']"
集野星空露營基地,9.6,"['摩洛哥帳篷大床房（公共衞浴）（帳篷通電）:HK$526', '大漠孤煙摩洛哥帳篷房（公共衞浴）（帳篷通電）:HK$526', '蘋果倉 | 沙景大床房（空調丨通電丨通網）:HK$1,214', '蘋果倉 | 沙景雙床房（空調丨通電丨通網）:HK$1,290']"
中衛希玥知悠酒店,9.7,"['希玥·高級大床房（全屋智能+零壓安睡床墊+零壓枕）:HK$640', '希玥·標準雙床房（全屋智能+零壓安睡床墊+零壓枕）:HK$668', '希玥·豪華雙床房（全屋智能+零壓安睡床墊+零壓枕）:HK$696', '希玥·高級雙床房（全屋智能+零壓安睡床墊+零壓枕）:HK$729', '希玥·親子主題房（全屋智能+零壓安睡床墊+零壓枕）:HK$761']"
中衞泊奧大酒店,9.3,"['臻品大床房:HK$663', '臻品雙床房:HK$704', '泊奧大床房:HK$764', '泊奧雙床房:HK$791', '豪華大床房:HK$970', '豪華雙床房:HK$1,079']"
一嶼星河沙漠露營民宿,9.4,"['民族風摩洛哥星空帳篷（帳篷通電）:HK$268', '一嶼星河沙漠雙床房:HK$1,070', '一嶼星河沙漠大床房:HK$1,108', '一嶼星河沙漠親子房:HK$1,185']"
隅·星空露營地,9.1,"['又見 Ins觀星雙人帳篷:HK$260', '挽風 沙漠星空情侶帳篷:HK$278', '淡月 摩洛哥輕奢湖景帳篷:HK$297', '南瓜主題四人帳篷:HK$427']"
寧夏黃河金岸花園大酒店,9.3,"['生態豪華標間:HK$512', '生態豪華單間:HK$512', '生態普標:HK$512', '金岸親子主題房:HK$668', '鳥巢星空房:HK$694']"
中衛兩顆棗樹民宿（黃河沙坡頭景區店）,9.3,"['棗樹 | 雙床房:HK$155', '棗樹 | 大床房:HK$155', '庭院親子房:HK$203', '庭院風景| 雙床房:HK$203']"
騰格裏沙漠星星國際露營酒店,9.2,"['大床蓮花帳篷｜通電+網絡覆蓋｜循環熱水:HK$533', '雙床蓮花帳篷｜通電+網絡覆蓋｜循環熱水:HK$533', '親子蓮花帳篷｜通電+網絡覆蓋｜循環熱水:HK$581', '四人蓮花帳篷｜通電+網絡覆蓋｜循環熱水:HK$617']"
星賜露營基地,9.6,"['摩洛哥 | 觀星大床房帳篷（通電+通網+循環熱水）:HK$294', '摩洛哥 | 觀星雙床房帳篷（通電+通網+電熱毯）:HK$326', '摩洛哥 | 觀星家庭房帳篷（通電+通網+循環熱水）:HK$391', '180度觀景沙景大床房（獨立衞浴+空調）:HK$1,081']"
中衞星岸酒店（鼓樓西街店）,9.5,"['行政大床房:HK$833', '行政雙床房:HK$847', '星空巨幕房:HK$907', '星岸雙床房:HK$996', '尊享雙床房:HK$1,035']"
野奢天際全景沙漠露營地,9.1,"['天際丨Moon摩洛哥雙床房 | 通網+通電:HK$321', '天際丨Moon摩洛哥大床房 | 通網+通電:HK$321', '天際丨Moon摩洛哥親子房 | 通網+通電:HK$398', '天際丨Moon摩洛哥四人房 | 通網+通電:HK$419']"
夕陽小築沙漠觀星酒店,10.0,"['自在舒適丨帳篷大床房:HK$409', '忘憂雙棲丨帳篷雙床房:HK$423', '晨嶼温馨丨帳篷親子房:HK$487', '斜陽沙景丨浪漫大床房:HK$1,441']"
老闆娘的沙漠觀景酒店,9.5,"['摩洛哥親子帳篷:HK$458', '摩洛哥雙床帳篷:HK$458', '摩洛哥大床帳篷:HK$458', '蓮花星空帳篷四人間:HK$608']"
中衞水岸雲天觀景酒店,9.0,"['雲天商務雙床房:HK$619', '雲天商務大床房:HK$619', '雲天觀景豪華雙床房:HK$716', '雲天觀景豪華大床房:HK$716', '豪華親子房:HK$931', '雲天觀景行政雙床房:HK$1,038']"
中衞騰格裏沙漠沙泉露營民宿,9.1,"['星空露營. 野奢雙床摩洛哥帳篷（公共衞浴）:HK$312', '180°星空獨棟沙景房（雙床）:HK$840', 'VIP景觀.180°星空獨棟情侶沙景房（大床）:HK$840', '180°星空獨棟沙景房（親子間）:HK$900']"
星月傳奇沙漠宿集露營地,8.5,"['月映湖畔·觀景大床帳篷（通電、通網、電熱毯）:HK$398', '星空逐夢·家庭親子帳篷（通電、通網、電熱毯）:HK$398', '星月傳奇·四人觀景帳篷（通電、通網、電熱毯）:HK$405', '沙海觀星.雙床觀景帳篷（通網、通電、電熱毯）:HK$405']"
西北故事酒店（沙坡頭景區店）,9.0,"['大河濤濤·雙床房:HK$413', '愛在萬夏·雙床房:HK$413', '相忘江湖·雙床房:HK$413', '行在漠北·雙床房:HK$413', '愛在萬夏·大床房:HK$437']"
