酒店名称,评分,房型价格列表
禹都樂滋酒店（中衞鼓樓向陽步行街店）,8.8,"['卓美大床房（超大床墊+搓澡巾+乾濕分離）:HK$448', '艾美雙床房（陽光滿屋+搓澡巾+乾濕分離）:HK$481', '瑰麗大床房（室內綠色景觀+靜謐睡眠）:HK$525', '瑰麗親子房（超大床墊+浴缸+親子時光）:HK$679', '艾美親子三人房（陽光滿屋+搓澡巾+乾濕分離）:HK$723']"
中衞凱滙泊爾酒店（鼓樓東街店）,9.4,"['城夢大床房:HK$589', '城夢雙床房:HK$610', '巨幕影音房:HK$727', '城遇景觀大床房:HK$770', '城遇景觀雙床房:HK$835', '城趣時光親子房:HK$1,078']"
中衞市優派萊斯酒店,9.2,"['行政大床房:HK$490', '行政雙床房:HK$490', '豪華家庭房:HK$519', '豪華大床房（零壓床墊+零壓枕）:HK$603', '雅緻親子房:HK$653']"
沙之船露營酒店,9.5,"['摩洛哥網紅帳篷大床房（公共衞浴）（帳篷通電）:HK$578', '摩洛哥網紅帳篷雙床房（公共衞浴）（帳篷通電）:HK$704', '摩洛哥網紅帳篷親子房（公共衞浴）（帳篷通電）:HK$758', '星星故鄉·榻榻米木屋空調房（公共衞浴）:HK$1,107']"
中衞金土木國際酒店（中衞鼓樓店）,9.1,"['舒適大床房（釋壓床墊+乾濕分離）:HK$271', '舒適雙床房（釋壓床墊+乾濕分離）:HK$271', '輕享陽光雙床房（臨窗觀景+釋壓床墊+乾濕分離）:HK$496', '輕享陽光大床房（臨窗觀景+釋壓床墊+乾濕分離）:HK$496', '行政精英雙床房（臨窗觀景+釋壓床墊+乾濕分離）:HK$704', '行政精英大床房（臨窗觀景+釋壓床墊+乾濕分離）:HK$704']"
物華天閱酒店（中衛鼓樓南街店）,9.2,"['品悦·舒適雙床房（乾濕分離+自助洗衣）:HK$298', '品逸·高級雙床房（乾濕分離+自助洗衣）:HK$321', '品逸·高級大床房（乾濕分離+自助洗衣）:HK$321', '品樂·豪華親子房（小童洗漱用品+乾濕分離）:HK$343']"
騰格裏沙漠星星國際露營酒店,9.2,"['大床蓮花帳篷｜通電+網絡覆蓋｜循環熱水:HK$534', '雙床蓮花帳篷｜通電+網絡覆蓋｜循環熱水:HK$534', '親子蓮花帳篷｜通電+網絡覆蓋｜循環熱水:HK$582', '四人蓮花帳篷｜通電+網絡覆蓋｜循環熱水:HK$618']"
伊丁酒店（中衞沙坡頭景區店）,9.2,"['西北的夢雙人間:HK$142', '北歐簡約大床房:HK$153', '豪華標準間:HK$155', '輕奢典雅大床房:HK$199']"
中衞星岸酒店（鼓樓西街店）,9.5,"['行政大床房:HK$834', '行政雙床房:HK$847', '星空巨幕房:HK$908', '星岸雙床房:HK$997', '尊享雙床房:HK$1,036']"
中衞市萊諾大酒店（豐安東路店）,9.1,"['行政雙床房:HK$318', '零壓雙床房:HK$345', '觀景雙床房:HK$345', '温馨家庭房:HK$374', '輕奢大床房:HK$374']"
中衞鯤鵬智能酒店,9.5,"['舒適雙床房:HK$354', '豪華大床房:HK$393', '豪華親子房:HK$423', '豪華套房:HK$605']"
星程酒店（中衞鼓樓店）,9.4,"['雙床房【全屋智能+定製床墊】:HK$480', '大床房【全屋智能+定製床墊】:HK$508', '高級雙床房【全屋智能+定製床墊】:HK$527', '高級大床房【全屋智能+定製床墊】:HK$547']"
文脈湖景酒店（寧夏大學中衞校區店）,9.4,"['臻享特惠房:HK$306', '臻享特惠雙床房:HK$458', '悦居雙棲·臻享雙床房:HK$488', '奢雅雙床房:HK$510', '奢雅大床房:HK$511']"
映·時光電影酒店,8.0,"['電影主題雙床房:HK$317', '電影主題親子間:HK$353', '電影主題家庭房:HK$438']"
中衞沙都酒店（沙坡頭景區店）,9.0,"['精選智能標準間:HK$281', '悦享·度假家庭房:HK$304', '私人影院大床房:HK$341', '棋牌榻榻米:HK$341', '沙都三人間:HK$453']"
中衞泊奧大酒店,9.3,"['臻品大床房:HK$488', '臻品雙床房:HK$488', '泊奧大床房:HK$764', '泊奧雙床房:HK$791', '豪華大床房:HK$970', '豪華雙床房:HK$1,080']"
中衛未見之美酒店（鼓樓東街店）,9.9,"['未見雙床房（全屋智能+零壓安睡床墊+零壓枕）:HK$511', '之美雙床房（全屋智能+零壓安睡床墊+零壓枕）:HK$546', '未見家庭房（全屋智能+零壓安睡床墊+零壓枕）:HK$583', '未見大床房（全屋智能+零壓安睡床墊+零壓枕）:HK$602', '之美家庭房（全屋智能+零壓安睡床墊+零壓枕）:HK$620']"
中衞哲維斯·假日酒店,9.2,"['舒適雙床房:HK$182', '豪華雙床房（乾濕分離）:HK$218', '豪華大床房（乾濕分離）:HK$290', '歡享親子房（乾濕分離）:HK$290']"
希岸酒店（中衞鼓樓店）,9.5,"['希岸高級大床房（夢百合安睡床墊+零壓枕）:HK$585', '希岸雅緻雙床房:HK$585', '希岸豪華大床（夢百合安睡床墊+零壓枕）:HK$642', '希岸豪華雙床房（夢百合安睡床墊+零壓枕）:HK$642']"
中衛希玥知悠酒店,9.8,"['希玥·高級大床房（全屋智能+零壓安睡床墊+零壓枕）:HK$513', '希玥·標準雙床房（全屋智能+零壓安睡床墊+零壓枕）:HK$535', '希玥·豪華雙床房（全屋智能+零壓安睡床墊+零壓枕）:HK$557', '希玥·高級雙床房（全屋智能+零壓安睡床墊+零壓枕）:HK$583', '希玥·親子主題房（全屋智能+零壓安睡床墊+零壓枕）:HK$609']"
中衞伊丁·鉑曼智慧酒店（沙坡頭景區店）,9.2,"['鉑曼智慧雙床房:HK$436', '鉑曼智慧大床房:HK$472', '鉑曼智慧親子房:HK$523', '鉑曼歡樂家庭房:HK$551', '鉑曼智慧三人間:HK$585']"
中衞水岸雲天觀景酒店,9.0,"['雲天商務雙床房:HK$558', '雲天商務大床房:HK$558', '雲天觀景豪華雙床房:HK$716', '雲天觀景豪華大床房:HK$716', '豪華親子房:HK$931', '雲天觀景行政雙床房:HK$1,039']"
中衞風情園民宿,7.7,"['臨波·水上露台大床房（落地窗+露台美景+安穩睡眠）:HK$222', '湖光酌·星空露台雙床房（落地窗+露台美景+安穩睡眠）:HK$236', '年輪·時光別墅榻榻米（落地窗+草地花田+户外樂園）:HK$597']"
大漠星驛露營地,9.3,"['星驛-Moon摩洛哥全景視野雙床房帳篷\u200b\u200b｜{通電+通網}:HK$305', '星驛-Moon摩洛哥全景視野大床帳篷 \u200b\u200b{通電+通網}:HK$305', '星驛-Moon摩洛哥親子帳篷{通電+通網}:HK$305', '星驛奢-LoveMoon180°全景獨棟雙床房{空調+通電}:HK$975']"
寧夏黃河金岸花園大酒店,9.3,"['生態豪華標間:HK$513', '生態豪華單間:HK$513', '生態普標:HK$513', '金岸親子主題房:HK$669', '鳥巢星空房:HK$694']"
西北故事酒店（沙坡頭景區店）,9.0,"['大河濤濤·雙床房:HK$413', '愛在萬夏·雙床房:HK$413', '相忘江湖·雙床房:HK$413', '行在漠北·雙床房:HK$413', '愛在萬夏·大床房:HK$438']"
沙漠龍門客棧,9.0,"['特惠摩洛哥湖景雙人帳篷（通網+通電）:HK$245', '摩洛哥湖景大床帳篷（通網+通電）:HK$437', '摩洛哥古樹大床帳蓬（通網+通電）:HK$437', '摩洛哥古樹雙人帳篷（通網+通電）:HK$480']"
野奢雲端全景民宿,9.4,"['Moon | 野奢雲端雙人摩洛哥房 | 通網+通電:HK$306', 'Moon | 野奢雲端大床摩洛哥房 | 通網+通電:HK$314', 'Moon | 野奢雲端親子摩洛哥房 | 通網+通電:HK$341', 'Moon | 野奢雲端四人摩洛哥房 | 通網+通電:HK$383']"
星玥野奢露營地,8.8,"['星空蓮花帳篷:HK$467', '小木屋大床房:HK$688', '沙景觀星雙床房（乾濕分離）:HK$1,179', '沙景觀星大床房（乾濕分離）:HK$1,316']"
星星宿集沙漠露營地,8.8,"['星悦 | 摘星帳篷大床房（通電|通網）（公共衞浴）:HK$283', '星悦 | 摘星帳篷雙床房（通電|通網）（公共衞浴）:HK$311', '星享 | 摘星帳篷家庭房（通電|通網）（公共衞浴）:HK$340', '星辰 | 輕奢沙景大床房 | 180°沙景+獨立衞浴+空調:HK$1,376']"
中衞金沙海火車主題旅館,9.2,"['A區·火車懷舊標間:HK$1,004', 'A區·火車創意單間:HK$1,004', 'A區·火車主題標間:HK$1,188', 'A區·火車總統套房:HK$1,743']"
露途野奢大漠宿集,9.9,"['摩洛哥親子間:HK$310', '摩洛哥大床:HK$335', '摩洛哥帳篷4人間:HK$335', '浪漫主題火箭艙（通網+通電）:HK$1,027']"
Love Star月光寶盒沙漠露營基地,9.4,"['漫天星光雙床帳篷「通電+wifi+循環熱水+電熱毯」:HK$305', '親吻星光大床帳篷「通電+wifi+循環熱水+電熱毯」:HK$323', '彩色童年親子房帳篷「通電+wifi+循環熱水+電熱毯」:HK$348', '星海銀河四人帳篷「通電+wifi+循環熱水+電熱毯」:HK$390']"
集野星空露營基地,9.6,"['摩洛哥帳篷大床房（公共衞浴）（帳篷通電）:HK$526', '大漠孤煙摩洛哥帳篷房（公共衞浴）（帳篷通電）:HK$526', '蘋果倉 | 沙景大床房（空調丨通電丨通網）:HK$1,215', '蘋果倉 | 沙景雙床房（空調丨通電丨通網）:HK$1,291']"
沙漠星星親子帳篷露營地,9.3,"['沙海觀星雙床帳篷（熱水+通電+公共衞浴）:HK$326', '沙海觀星大床帳篷（熱水+通電+公共衞浴）:HK$326', '温馨觀星家庭帳篷（循環熱水+無線WIFI+通電）:HK$423', '蓮花星空親子營賬（循環熱水+無線WIFI+通電）:HK$447']"
沙海追夢露營基地,10.0,"['沙海丨摩洛哥大床房帳篷（通電+公共衞浴）:HK$286', '沙丘丨摩洛哥雙床房帳篷（通電+公共衞浴）:HK$313', '落日丨摩洛哥親子房帳篷（通電+公共衞浴）:HK$326', '星空丨浪漫星空小木屋（通電+公共衞浴）:HK$718']"
漠客·漠途露營地,9.6,"['摩洛哥大床帳篷（公共衞浴）:HK$599', '摩洛哥雙床帳篷（公共衞浴）:HK$688', '摩洛哥親子帳篷（公共衞浴）:HK$697', '家庭小木屋（公共衞浴）:HK$1,067']"
北斗星野民宿,8.7,"['星球帳篷（內設空調+Wi-Fi+窗户+露營桌椅+公共衞浴）:HK$763', '沙景大床房180度觀景—獨立衞浴+巨幕投影+全屋智能:HK$2,819', '沙景雙床房180度觀景—獨立衞浴+巨幕投影+全屋智能:HK$2,928', '沙景親子房180度觀景——獨立衞浴+巨幕投影+全屋智能:HK$3,584']"
拾暮沙漠營地,9.9,"['Moon拾暮 | 蓮花大床帳篷:HK$479', 'Moon拾暮 | 蓮花雙床帳篷:HK$511', 'Moon拾暮 | 蓮花親子帳篷:HK$526', 'BlackMoon拾暮 | 180°全景大床房 | 空調:HK$1,276']"
全季酒店（中衞豐安東路店）,9.7,"['大床房:HK$524', '高級大床房:HK$580', '雙床房:HK$636', '商務雙床房:HK$711']"
中衞騰格里星野沙海露營帳篷酒店,9.8,"['沙海帳篷丨輕奢雙床帳篷房（通電+公共衞浴）:HK$421', '月影沙丘丨漠野家庭帳篷房（通電+公共衞浴）:HK$456', '沙漠雅居丨奢野四人帳篷房（通電+公共衞浴）:HK$502', '沙丘怡舍丨漠野火箭倉:HK$815']"
沙漠星星伴旅露營地,9.5,"['伴旅大床房帳篷（公共衞浴）（通電+通網+品質床品）:HK$513', '伴旅親子帳篷（公共衞浴）（通電+通網+品質床品）:HK$567', '伴旅四人房帳篷（公共衞浴）（通電+通網+品質床品）:HK$622', '伴旅温馨小木屋（空調+通電+循環熱水+品質床品）:HK$972']"
沙漠星谷酒店,8.9,"['沙漠帆船帳篷雙床房:HK$1,560', '沙漠帆船帳篷大床房:HK$1,560', '沙漠天台觀星雙床房:HK$1,678', '沙漠天台觀星大床房:HK$1,678', '沙漠帆船帳篷親子房:HK$1,692']"
駝鈴夢境沙漠露營酒店,9.7,"['駝鈴 | Moon摩洛哥雙床房 | 帳篷通電:HK$383', '駝鈴 | Moon摩洛哥大床房 | 帳篷通電:HK$383', '駝鈴 | Moon摩洛哥親子房 | 帳篷通電:HK$433', '駝鈴 | Moon蓮花雙床房 | 帳篷通電:HK$503']"
6號星空帳篷酒店,9.2,"['波光躍影大床帳|通電|通網:HK$534', '波光躍影雙床帳|通電|通網:HK$534', '觀瀾聽泉親子帳|通電|通網:HK$576', '觀瀾聽泉家庭帳|通電|通網:HK$618']"
逸沙星域露營基地,9.6,"['大漠露營·星宿雙床帳篷（帳篷通電）:HK$461', '星域空間·摩洛哥風情親子帳篷（帳篷通電）:HK$530', '星域•小木屋（帶空調）:HK$792', '星夢居.駝鈴帳大床房（獨立衞浴）:HK$957']"
大漠之城民宿,9.9,"['大漠-星空雙床帳篷-通電+通網:HK$496', '大漠-星空大床帳篷-通電+通網:HK$497', '大漠-星空親子帳篷-通電+通網:HK$595', '大漠之城-野奢180°觀景大床房-空調+獨立衞浴+露台:HK$1,612']"
漠西戈·沙漠宿集露營地,9.0,"['摩洛哥主題星空大帳（帳篷通電）:HK$464', '沙景獨棟木屋（公共衞浴）:HK$929', '夢幻太空艙:HK$1,068', '浪漫星際房車:HK$1,068']"
野奢天際全景沙漠露營地,9.1,"['天際丨Moon摩洛哥雙床房 | 通網+通電:HK$321', '天際丨Moon摩洛哥大床房 | 通網+通電:HK$321', '天際丨Moon摩洛哥親子房 | 通網+通電:HK$398', '天際丨Moon摩洛哥四人房 | 通網+通電:HK$420']"
星野尋祕露營酒店,9.2,"['Moon星野 | 雙床蓮花帳篷 | 帳篷通電:HK$391', 'Moon星野 | 大床蓮花帳篷 | 帳篷通電:HK$391', 'Moon星野 | 親子蓮花帳篷 | 帳篷通電:HK$415', 'Moon | 星野180°榻榻米大床小木屋 | 空調+通電+通網:HK$798']"
