酒店名称,评分,房型价格列表
保定秀蘭飯店,9.7,"['A座商務大床房:HK$404', '甄選雙床房:HK$479', '甄選大床房:HK$479', '深睡眠雙床房:HK$557', '深睡眠大床房:HK$557', '甄選行政大床房:HK$644']"
保定星光國際酒店,9.7,"['B座中式大床房（寬敞舒適、乾濕分離）:HK$545', 'B座中式雙床房（寬敞舒適、乾濕分離）:HK$573', 'A座輕奢商務雙床房（康乃馨床品、科勒潔具）:HK$683', 'A座輕奢商務大床房（康乃馨床品、科勒潔具）:HK$723', 'B座豪華雙床房:HK$731', 'A座浪漫臻享大床房（康乃馨床品、歐舒丹洗護）:HK$795']"
保定華中假日酒店,9.6,"['豪華大床房:HK$402', '豪華標準間:HK$402', '日式大床房:HK$433', '豪華家庭房:HK$533', '輕奢大床房:HK$545']"
吾朵蘭閲酒店（保定軍校廣場河北大學店）,9.5,"['輕奢大床房:HK$206', '奢雅雙床房:HK$215', '奢雅大床房:HK$238', '舒享大床房:HK$259']"
鉑漫酒店（保定西大街火車站店）,9.6,"['經濟大床房（智能語音客控）:HK$229', '舒享大床房（智能語音客控）:HK$251', '豪華景觀大床房（智能語音客控）:HK$273', '豪華大床房（智能語音客控）:HK$274']"
保定深圳園美輪美奐酒店,9.8,"['商務大床房（中央空調+高端寢具+落地窗）:HK$482', '商務雙床房（中央空調+高端寢具+落地窗）:HK$482', '豪華大床房（中央空調+高端寢具+落地窗）:HK$532', '豪華雙床房（中央空調+高端寢具+落地窗）:HK$532', '行政大床房（中央空調+高端寢具+落地窗）:HK$613', '家庭房（中央空調+高端寢具+落地窗）:HK$613']"
保定樂凱南大街希爾頓歡朋酒店,9.8,"['舒適房-大床（語音智控+65寸投屏電視+落地窗+小冰箱）:HK$403', '舒適房-雙床（語音智控+65寸投屏電視+落地窗+小冰箱）:HK$403', '高級房-大床（語音智控+65寸投屏電視+落地窗+小冰箱）:HK$431', '高級房-雙床（語音智控+65寸投屏電視+落地窗+小冰箱）:HK$431', '豪華房-大床（語音智控+65寸投屏電視+落地窗+小冰箱）:HK$489']"
保定電谷國際酒店,9.5,"['豪華靜謐大床房（乾濕分離）:HK$436', '高級城景雙床房（陽面+睡蓮東方之夢床墊）:HK$545', '高級城景大床房（睡蓮東方之夢床墊）:HK$545', '全景商務雙床房（高樓層+智能馬桶+戴森吹風機）:HK$621', '全景商務大床房（高樓層+智能馬桶+戴森吹風機）:HK$621', '豪華舒適大床房（乾濕分離）:HK$655']"
保定萬豪萬楓酒店,9.6,"['標準雙床房（舒達床墊、華夫格床品）:HK$365', '標準大床房（舒達床墊、華夫格床品）:HK$365', '高級大床房（舒達床墊、華夫格床品）:HK$420', '高級雙床房（舒達床墊、華夫格床品）:HK$420', '弗諾氧·深度睡眠雙床房（舒達床墊、華夫格床品）:HK$498']"
保定卓正國際酒店,9.9,"['商務標準雙床房:HK$630', '商務標準大床房:HK$649', '豪華雙床房:HK$655', '豪華大床房:HK$692', '行政豪華雙床房:HK$752', '行政豪華大床房:HK$789']"
吾朵酒店（保定直隸總督署火車站店）,9.6,"['輕奢大床房:HK$279', '精品雙床房:HK$279', '臻品大床房:HK$290', '行政雙床房:HK$293']"
麗呈東谷酒店（保定市朝陽北大街保百購物廣場店）,9.7,"['雅緻大床房「高速WIFI+護頸記憶枕+零壓深睡床墊+SEVEN PLUS茶語洗護用品」:HK$329', '雅緻雙床房「電視投屏+護頸記憶枕+零壓深睡床墊+SEVEN PLUS茶語洗護用品」:HK$329', '商務大床房「電視投屏+護頸記憶枕+零壓深睡床墊+SEVEN PLUS茶語洗護用品」:HK$383', '商務雙床房「高速WIFI+護頸記憶枕+零壓深睡床墊+SEVEN PLUS茶語洗護用品」:HK$383', '寬境闊睡房「情侶闊睡+護頸記憶枕+嬰幼兒超寬床+SEVEN PLUS茶語洗護用品」:HK$405']"
萬瓏酒店（保定高新區保百購物廣場店）,9.6,"['雅奢無窗大床房:HK$318', '精選榻榻米:HK$331', '積木雙拼大床房:HK$362', '商務大床房:HK$392']"
桃莆酒店（保定浪味仙保百購物廣場店）,9.5,"['臻享標準間:HK$263', '臻享雙拼房:HK$263', '精品雙拼房:HK$285', '智慧標準間:HK$299', '智慧大床房:HK$307']"
保定希悦國際商務酒店,9.6,"['豪華標準間:HK$519', '豪華大床房:HK$548', '商務休閑房:HK$548', '行政標準間:HK$687', '行政大床房:HK$716']"
保定宴直隸文旅酒店,9.5,"['直隸高級大床房（金可兒床墊·乾濕分離·坐擁繁華城景）:HK$494', '直隸高級雙床房（米家加濕器·乾濕分離·科勒潔具）:HK$494', '無障礙雙床房（金可兒床墊+米家加濕器+科勒潔具）:HK$523', '直隸豪華雙床房（米家加濕器·乾濕分離·坐擁繁華城景）:HK$599', '直隸童趣親子房（金可兒床墊·家庭樂享·小童洗護）:HK$686', '直隸城景合床房:HK$687']"
保定中銀大廈柏嘉酒店（萬博廣場店）,9.5,"['悦享雙床房:HK$348', '悦享大床房:HK$348', '臻享雙床房:HK$381', '臻享大床房:HK$381', '臻享三人房:HK$381']"
保定禧瑞酒店（萬博廣場店）,9.1,"['尊享|商務大床房:HK$323', '尊享|豪華雙床房:HK$340', '臻享|零壓大床房（0壓夢百合床墊+0壓枕）:HK$356', '臻享|景觀大床房:HK$377', '臻享|景觀雙床房:HK$377']"
麗呈東谷酒店（保定客運中心裕華東路店）,9.6,"['高級大床房（深睡床墊+護頸記憶枕+乾濕分離）:HK$263', '豪華大床房（高速WIFI+定製洗護+中央空調）:HK$296', '豪華雙床房（深睡床墊+乾濕分離+雨淋頂噴）:HK$318', '城景大床房（落地窗+中央空調+雨淋頂噴）:HK$340', '城景雙床房（落地窗+乾濕分離+深睡床墊）:HK$340']"
悦為智酒店（保定高新區保百購物廣場店）,9.5,"['雅惠雙床房:HK$231', '雅緻大床房:HK$251', '智享舒適雙床房:HK$272', '輕奢大床房:HK$294', '智享精品雙床房:HK$317']"
保定東站河大新校區亞朵酒店,9.7,"['雅緻大床房（深睡床墊|深睡枕+智能客控）:HK$367', '高級大床房（深睡床墊|深睡枕+智能客控）:HK$403', '高級雙床房（深睡床墊|深睡枕+智能客控）:HK$403', '行政大床房（深睡床墊|深睡枕+小冰箱）:HK$439', '行政雙床房（深睡床墊|深睡枕+小冰箱）:HK$439']"
慕湖酒店梵森納（保定東站河大新區店）,9.4,"['舒適大床房（智能客控+電視投屏+護頸記憶枕）:HK$278', '舒適雙床房（智能客控+電視投屏+護頸記憶枕）:HK$289', '高級雙床房（智能客控+電視投屏+落地窗）:HK$300', '景觀大床房（智能客控+電視投屏+護頸記憶枕）:HK$321', '豪華大床房（智能客控+落地窗+電視投屏）:HK$331']"
全季酒店（保定朝陽北大街店）,9.8,"['高級大床房（65寸電視可投屏+加濕器）:HK$593', '舒壓高級大床房（65寸電視可投屏+加濕器）:HK$613', '高級雙床房（65寸電視可投屏+加濕器）:HK$613', '舒壓高級雙床房（65寸電視可投屏+加濕器）:HK$633']"
吾朵酒店（保定高鐵東站河大新區店）,9.3,"['舒享大床房:HK$213', '優享雙床房:HK$224', '悦享大床房:HK$246', '悦享家庭房:HK$310']"
悦為智·榕酒店（保定萬博廣場店）,9.4,"['優享觀景大床房（夢百合零壓式床墊+乾濕分離）:HK$245', '舒享休閑大床房（夢百合零壓式床墊+乾濕分離）:HK$281', '樂享暢休大床房（夢百合零壓式床墊+乾濕分離）:HK$305', '悦享深睡雙床房（夢百合零壓式床墊+乾濕分離）:HK$329']"
旅途唯美酒店（復興路店）,9.5,"['舒享大床房（智能語音客控）:HK$279', '舒享雙床房（智能語音客控）:HK$289', '精品大床房（智能語音客控）:HK$299', '精品雙床房（智能語音客控）:HK$308', '行政大床房（智能語音客控+商務辦公）:HK$318']"
全季酒店（保定萬博廣場店）,9.6,"['大床房（65寸電視可投屏＋加濕器）:HK$427', '高級大床房（65寸電視可投屏＋加濕器）:HK$457', '舒壓高級特大床房（65寸電視可投屏＋加濕器）:HK$477', '舒壓雙床房:HK$487']"
保定東站河北大學漫心酒店,9.9,"['心雅大床房（絲漣健康享睡舒適床墊+65寸投屏電視）:HK$361', '心悦大床房（絲漣健康享睡舒適床墊+65寸投屏電視）:HK$412', '心雅雙床房（絲漣健康享睡舒適床墊+65寸投屏電視）:HK$412', '心悦雙床房（絲漣健康享睡舒適床墊+65寸投屏電視）:HK$421', '心怡大床房（絲漣健康享睡舒適床墊+65寸投屏電視）:HK$441']"
悦為智酒店（保定東站河大新區店）,9.6,"['智享輕奢大床房:HK$264', '舒享精品雙床房:HK$275', '智享雅緻大床房:HK$308', '智享精品雙床房:HK$329', '智享精品大床房:HK$341']"
灰鯨智能酒店（軍校廣場店）,9.6,"['榻榻米智能大床房（騰訊會員VIP·全屋語音智控+5.0環繞音響）:HK$205', '經典智能大床房（暢享騰訊VIP會員+全屋語音智能+5.0環繞音箱）:HK$212', '輕奢智能大床房（小度全屋智控+騰訊會員vip+5.0環繞聲道）:HK$220', '輕奢智能雙床房（騰訊VIP會員+5.0投屏環繞音響+全屋語音智能）:HK$220']"
葉與晨電競電影酒店（保定北國先天下店）,9.7,"['巨幕影音大床房（5.1聲道杜比環繞音響+騰訊影視會員+小度全屋智控）:HK$277', '棋牌電競電影五人間（4070顯卡＋卓威顯示器＋麻將桌）:HK$638']"
華美滙酒店（保定市朝陽北大街火炬產業園店）,8.9,"['中式雅緻丨靜謐大床房:HK$185', '中式雅緻丨靜謐雙床房:HK$198', '拾光娛樂丨巨幕觀影大床房:HK$206', '中式雅奢丨酣眠大床房:HK$228']"
保定中博希爾頓逸林酒店,9.4,"['豪華雙床房:HK$660', '豪華大床房:HK$714', '無障礙房:HK$714', '高級豪華大床房:HK$768', '高級豪華雙床房:HK$768', '埃及萌神主題房:HK$872']"
遨越酒店（保定滿城惠友商場店）,9.1,"['優享雙床房 [公區自助洗衣房]:HK$105', '智能影音大床房 [智能語音+投影投屏+靜音乳膠床墊]:HK$116', '輕享大床房 [公區自助洗衣房]:HK$126', '輕享雙床房 [公區自助洗衣房]:HK$126']"
邂逅·愛舍民宿（保定未來石萬達廣場店）,10.0,"['舒享觀影大床房:HK$220', '悦享觀影大床房:HK$220']"
維也納酒店（保定誠明大廈店）,9.4,"['高級大床房:HK$260', '豪華雙床房:HK$280', '豪華大床房:HK$280', '豪華家庭房:HK$312']"
星程酒店（保定東風中路直隸總督署店）,9.4,"['大床房:HK$312', '雙床房:HK$340', '高級大床房:HK$340', '舒壓大床房:HK$369']"
太美酒店（保定火車站萬博廣場店）,9.2,"['高級大床房:HK$287', '高級家庭房:HK$326', '行政大床房:HK$346']"
馨庭智能酒店（長城北大街巨力總部店）,9.7,"['豪華智能大床房（酒店公區提供洗衣房+全屋智能+智能馬桶）:HK$146', '豪華智能雙床房（全屋智能+智能馬桶+酒店公區提供洗衣房）:HK$146', '商務智能雙床房（全屋智能+智能馬桶+酒店公區洗衣房）:HK$163', '商務智能大床房（全屋智能+智能馬桶+酒店公區洗衣房）:HK$163']"
摩登水晶酒店（火車站直隸總督署店）,8.9,"['摩登S大床房:HK$175', '摩登S雙床房:HK$175', '摩登優選雙床房:HK$192', '摩登優選大床房:HK$192']"
ATSONS·艾臣氏酒店（保定北國先天下保百購物廣場店）,8.7,"['ATSONS·榻榻米茶道房:HK$142', 'ATSONS·雅緻大床房（乳膠床墊+舒適睡眠）:HK$165', 'ATSONS·雅緻雙床房（乳膠床墊+舒適睡眠）:HK$199', 'ATSONS·主題房:HK$207']"
保定市競秀區三木酒店,9.9,"['大床房兩居室:HK$323', '棋牌三居室:HK$451', '三室一廳套房:HK$451']"
維也納國際酒店（保定裕華路店）,9.5,"['高級大床房:HK$270', '高級雙床房:HK$270', '豪華大床房:HK$297', '豪華雙床房:HK$297']"
悦為漫酒店（保定火車站裕華西路店）,9.2,"['悦·精品漫享雙床房:HK$179', '悦·輕奢百合房:HK$179', '漫遇雙床房（無窗）:HK$191', '漫遇大床房（無窗）:HK$191']"
吾朵酒店（保定徐水小學火車站店）,9.6,"['輕奢臻品房（獨立空調+乾濕分區+品質床墊）:HK$178', '書香臻品房（乾濕分區+獨立空調+品質床墊）:HK$189', '百合臻品房（全身鏡+辦公桌椅+品牌床墊）:HK$211', '行政經典房（全身鏡+獨立空調+品牌床墊）:HK$221']"
保定深圳園馨樂庭酒店,9.6,"['特價大床房（洗烘一體+落地窗+乾濕分離）:HK$251', '單房公寓（乾濕分離+洗烘一體機+投屏電視）:HK$320', '單房公寓雙床房（洗烘一體機+落地窗+乾濕分離）:HK$320', '豪華單房公寓（乾濕分離+洗烘一體機+投屏電視）:HK$357', '家庭房（乾濕分離+洗烘一體機+投屏電視）:HK$395']"
泰9酒店（保定國家大學科技園科創分園店）,9.5,"['優享大床房（乾濕分離+落地窗）:HK$283', '商務標準間（乾濕分離+落地窗）:HK$316', '商務大床房（乾濕分離）:HK$316', '優享三人間（乾濕分離+落地窗）:HK$392']"
雲隸假日酒店（保定東站河大新區店）,9.3,"['豪華大床房:HK$190', '臻品豪華大床房:HK$195', '豪華商務雙床房:HK$201', '臻品豪華雙床房:HK$206']"
IU酒店（保定市政府時代店）,9.5,"['小U·精緻大床房（無窗）:HK$148', '小U·舒適大床房:HK$160', '小U·超級雙床房:HK$178']"
維也納智好酒店（保定恆通財富中心店）,9.1,"['高級大床房:HK$219', '高級雙床房:HK$219', '豪華雙床房:HK$247', '豪華大床房:HK$271']"
