酒店名称,评分,房型价格列表
印象·江南別墅（儋州海花島3號島店）,9.1,"['三卧園景洋房:HK$913', '三卧海景洋房:HK$1,096', '四卧園景洋房:HK$1,096', '四卧海景複式洋房:HK$1,461']"
儋州洋浦美居酒店,9.7,"['標準大床房（65寸可投屏電視+絲漣床墊+智能馬桶）:HK$359', '高級大床房（65寸可投屏電視+絲漣床墊+智能馬桶）:HK$378', '城景雙床房（65寸可投屏電視+絲漣床墊+智能馬桶）:HK$387', '豪華景觀大床房（65寸可投屏電視+絲漣床墊+智能馬桶）:HK$387', '海景大床房（65寸可投屏電視+絲漣床墊+智能馬桶）:HK$397']"
儋州蘭洋地質温泉酒店,8.8,"['優選氡泉雙床房:HK$361', '優選氡泉大床房:HK$361', '悦享氡泉別墅套房:HK$695', '尊享氡泉總統別墅套房:HK$1,717']"
永嘉大酒店（儋州夏日廣場店）,9.4,"['佳和家庭親子房（安靜舒適+大空間）:HK$272', '佳和大床房（視野廣闊+獨立衣帽間）:HK$272', '豪華大床房（獨立衣帽間+空間大+視野廣闊+乾濕分離）:HK$331', '豪華家庭親子房（安靜舒適+獨立衣帽間+空間大）:HK$331', '行政套房（超大浴缸+乾濕分離+視野廣闊）:HK$513']"
儋州洋浦希爾頓花園酒店,9.4,"['花園城景大床房:HK$379', '花園城景雙床房:HK$379', '花園海景大床房:HK$426', '花園海景雙床房:HK$426', '花園家庭房:HK$596']"
全季酒店（儋州汽車站中興大街店）,9.6,"['大床房:HK$292', '高級雙床房:HK$311', '高級大床房:HK$311', '商務大床房:HK$357']"
儋州佰麗海景酒店（洋浦店）,9.4,"['豪華大床房:HK$271', '豪華雙人房:HK$271', '行政雙標房:HK$391', '行政大床房:HK$391', '三人間套房:HK$424']"
海南海花島歐堡酒店,9.1,"['雅緻大床房:HK$426', '雅緻雙床房:HK$435', '海景雙床房:HK$479', '海景大床房:HK$501', '至尊海景大床房:HK$554', '至尊海景雙床房:HK$554']"
維也納國際酒店（儋州洋浦店）,9.1,"['高級大床房（園景大陽台）:HK$226', '豪華大床房（園景大陽台）:HK$253', '高級雙床房（園景大陽台）:HK$253', '海景大床房（海景大陽台）:HK$261', '豪華雙床房（園景大陽台）:HK$279']"
印象江南別墅酒店（儋州海花島2號島店）,9.0,"['新中式海景三卧公寓套房:HK$875', '新中式三卧觀景洋房:HK$984', '新中式四卧別墅-3號島:HK$1,968', '新中式五卧海景別墅-3號島:HK$2,624']"
海花島科拉克拉·CORA設計民宿,9.2,"['一克拉•法式海景投影房:HK$216', '三克拉•海景投影房:HK$216', '八克拉• 海景投影房:HK$271', '六克拉•海景投影房:HK$293']"
海岸線海景民宿（儋州海花島店）,9.5,"['簡奢|特惠海景開間:HK$98', '藍天|一線海景大開間:HK$107', '水天一色|超級海景大床房:HK$115', 'LOFT|複式海景單間（觀一號島夜景）:HK$120']"
海花島·SANSU三時三宿全海景民宿,9.5,"['INS純白甜甜圈海景投影房:HK$189', '克萊因藍的日落全海景投影房:HK$208', '摩登Chanel風海景投影房:HK$216', 'INS韓系夏日暖陽海景投影房:HK$230']"
海花島五國温泉別墅酒店,9.6,"['風情私湯單層別墅（I型單卧）:HK$1,479', '風情私湯單層別墅（I型雙卧）:HK$1,847', '親子私湯單層別墅（I型雙卧）:HK$2,126', '至尊私湯複式別墅（II型雙卧）:HK$2,405']"
景咖城市民宿（儋州海花島2號島）,8.6,"['園景大床房A級（廚房+冰箱+洗衣機）:HK$218', '初春踏青·雅棲園景LOFT大床房A級:HK$218', '海景大床房AA級:HK$241', '輕奢LOFT海景雙床房:HK$321']"
儋州福朋喜來登酒店,9.3,"['雅緻大床房:HK$446', '雅緻雙床房:HK$446', '高級大床房:HK$504', '高級雙床房:HK$504', '豪華大床房:HK$556', '豪華雙床房:HK$556']"
巴里島國際酒店（儋州汽車站夏日廣場店）,9.5,"['風雅丨舒適雙人房:HK$223', '風雅丨舒適大床房:HK$226', '臻選丨商務大床房（乾濕分離+舒適睡眠）:HK$247', '甄選丨商務雙人房（乾濕分離+舒適睡眠）:HK$247']"
格美酒店（儋州夏日廣場店）,8.4,"['精選大床房:HK$146', '精選雙床房:HK$155', '麻將大床房:HK$173', '豪華大床房:HK$192', '豪華雙床房:HK$210']"
全季酒店（儋州洋浦經濟開發區店）,9.6,"['大床房A:HK$352', '大床房:HK$372', '商務雙床房:HK$391', '高級大床房:HK$391']"
儋州麥客達温德姆酒店（夏日廣場店）,8.8,"['豪華雙床房（一室一廳-零壓床墊-智能馬桶-深睡眠）:HK$238', '舒適大床房（一室一廳-零壓床墊-智能馬桶）:HK$238', '城景雙床房（一室一廳-俯瞰夏日廣場-舒適睡眠）:HK$259', '豪華大床房（獨立客廳-觀夏日地標夜景-乾濕分離-舒適好眠）:HK$302']"
儋州新天地酒店（夏日廣場店）,8.5,"['特惠雙床房:HK$232', '特惠大床房:HK$232', '温馨家庭房:HK$391', '別緻城景大床房:HK$436', '別緻城景雙床房:HK$436']"
宜尚酒店（儋州夏日廣場店）,9.6,"['宜馨大床房:HK$221', '宜悦大床房:HK$236', '宜品大床房（帶窗）:HK$267', '宜品雙床房（帶窗）:HK$267']"
維也納國際酒店（儋州鼎尚廣場店）,9.3,"['城景大床房:HK$249', '高級大床房:HK$271', '豪華大床房:HK$286', '商務大床房:HK$293', '商務雙床房:HK$293']"
希爾悦酒店（夏日廣場體育館店）,9.3,"['希雅特惠大床房（智能客控-小度睡眠燈光）:HK$197', '希爾商務智能大床房（智能客控-小度睡眠燈光）:HK$222', '希爾休閑智能大床房（小度語音）:HK$226', '希爾智能雙床房（小度語音電視）:HK$240']"
歐斯卡國際酒店（儋州汽車站店）,9.1,"['特惠·大床房:HK$148', '智能·優選大床房:HK$164', '智能·尊享大床房:HK$172', '智能·尊享雙床房:HK$175']"
儋州·海花島汐上宿,9.8,"['佛系發呆·現代花園四居別墅:HK$2,044', '樂享棋牌-麻將娛樂度假四居別墅:HK$2,137', '潮玩轟趴館四居別墅·K歌泳池燒烤聚會:HK$2,973', '佳期如夢-椰樹風情四居別墅:HK$2,973']"
潤地國際酒店（儋州夏日廣場體育館店）,9.4,"['智選標準大床房-品質臻享:HK$227', '智選標準雙床房-品質臻享:HK$238', '高級智能大床房-智能語音:HK$249', '高級智能雙床房-智能燈光:HK$260', '豪華智能大床房-智能燈光:HK$271']"
每好銀灘假日酒店,8.7,"['窗户觀景雙床房:HK$270', '窗户觀景大床房:HK$270', '陽台休閑雙床房:HK$304', '陽台休閑大床房:HK$304', '童趣親子主題房:HK$337']"
儋州堡格麗酒店（白馬井店）,9.1,"['高級大床房『全屋智能聲控+ O壓床品+公區自助洗衣機』:HK$125', '豪華大床房『全屋智能聲控+ O壓床品+乾濕分離』:HK$155', '幾木雙床房 『全屋智能聲控+ O壓床品+乾濕分離』:HK$155', '棋牌大床房『全屋智能聲控+ O壓床品+娛樂隨心玩』:HK$167']"
花築·海花島江南里別墅,9.7,"['三房度假別墅（庭院）:HK$1,217', '四房度假別墅（庭院）:HK$1,704', '四房度假別墅（麻將機+庭院）:HK$1,825', '四房度假別墅（陽光房茶室+麻將機+庭院）:HK$1,947']"
儋州洋浦灣海景花園酒店,9.0,"['標準雙床房:HK$238', '標準大床房:HK$238', '豪華雙標房:HK$293', '行政套房:HK$533']"
柏曼酒店（儋州那大夏日廣場店）,9.0,"['標準大床房·靜謐空間:HK$177', '高級大床房·靜謐空間:HK$205', '豪華大床房·靈動空間:HK$234', '豪華雙床房·靈動空間:HK$234']"
如家精選酒店（儋州夏日廣場汽車總站店）,9.5,"['雙床房A（無窗）:HK$166', '特色大床房:HK$192', '雙床房:HK$210', '商務大床房:HK$210']"
蘭桂坊酒店（儋州夏日廣場店）,9.2,"['蘭芝輕奢大床房:HK$147', '蘭藝雅緻雙床房:HK$157', '蘭若商務大床房:HK$168', '蘭芷商務雙床房:HK$178']"
海島露水·Island Dew （儋州海花島店）,9.0,"['海韻丨Loft海景一室大床套房:HK$271', '晴風丨Loft海景一室雙床房:HK$295', '拾光丨Loft海景一室雙床套房:HK$295', '蔚藍丨海景一室一廳套房（觀一號島）:HK$295']"
嵐康海景大酒店,8.5,"['高級花園大床房:HK$185', '高級花園雙床房:HK$185', '悦享圓床房:HK$205', '高級海景雙床房:HK$205', '高級海景大床房:HK$205']"
天藝博睿AI酒店（儋州市中心夏日廣場店）,9.2,"['景悦雙床房（180°觀景+辦公桌椅）:HK$232', '温馨大床房（賞歐式小鎮風光）:HK$243', '主題大床房（超大浴缸+慕思床墊+180°觀景）:HK$265', '市景雙床房（180°觀景+辦公桌椅）:HK$275']"
維也納國際酒店（儋州市政府福安大廈店）,9.3,"['浪漫大床房（舒適睡眠+智能客控）:HK$260', '商務大床房（舒適睡眠+採光通透+智能客控）:HK$304', '豪華雙床房（視野廣闊+舒適睡眠+智能客控）:HK$321', '豪華大床房（舒適睡眠+日出日落觀景房+智能客控）:HK$356']"
螢火電競酒店（夏日廣場店）,8.3,"['影院大床房:HK$113', '單人電競大床房[2K180hz電競顯示器+鑽石網吧特權+2.5G電競網卡]:HK$133', '單人電競影院大床房[2K180hz電競顯示器+鑽石網吧特權+2.5G電競網卡]:HK$143', '雙人電競影院大床房[2K180hz電競顯示器+鑽石網吧特權+2.5G電競網卡]:HK$172']"
桔子酒店（儋州夏日廣場西部醫院店）,8.7,"['小時光 | 榻榻米大床房（舒適睡眠+乾濕分離）:HK$191', '節奏丨輕享大床房（舒適睡眠）:HK$215', '滄海雙床房（舒適睡眠）:HK$223', '挪威森林家庭房（乾濕分離+大空間）:HK$239']"
儋州諾蘭朵酒店（汽車總站店）,9.7,"['舒適大床房:HK$243', '高級大床房:HK$263', '高級雙床房:HK$295', '摩登浴缸房:HK$301']"
盛源御景酒店（儋州汽車總站店）,8.4,"['祕境 | 高級雙床房（舒適睡眠+乾濕分離）:HK$258', '祕境 | 高級大床房（舒適睡眠+乾濕分離）:HK$258', '雀神 | 棋牌麻將大床房（福氣滿滿+超大空間+新風換氣）:HK$340', '臻選 | 豪華睡眠雙床房（喜臨門床墊+乾濕分離+大空間）:HK$343']"
御墅苑別墅（儋州海花島店）,8.6,"['四居連院歐式度假別墅:HK$929', '四居輕奢美式度假別墅（院內野炊）:HK$929', '四居豪華歐式度假別墅:HK$929', '四居豪華中式度假別墅:HK$929']"
壹號島民宿,9.8,"['海景雙床房:HK$196', '精緻城景套房二室二廳二衞:HK$256', '精緻海景家庭套房二室二廳二衞:HK$338']"
儋耳追光驛站（環島旅遊公路店）,9.4,"['松濤小院·獨立庭院大床房:HK$281', '追光聽海·獨立庭院大床房:HK$304', '海韻鷺鳴·獨立庭院雙床房:HK$372', '松海之境獨棟別墅一層:HK$653', '松海之境獨棟別墅二層:HK$712']"
V8智尚酒店（儋州那大鎮夏日廣場店）,9.7,"['悦享陽光大床房/60寸電視可投屏/雙人沙發/採光通風優:HK$167', '都市節奏大床房/全屋智能/美粧發光鏡/刷臉開門/零壓床:HK$180', '雅緻雙床房/全屋智能/雙重隔音/換氧新風/4K電視可投屏:HK$204', '摩登時尚大床房/雙人沙發/零壓枕/4K高清電視/超大空間:HK$221']"
漫漫浪·民宿（海花島店）,9.0,"['海花島·複式挑高大床房A+帳篷:HK$242', '漫漫浪·雲上海景2居室A:HK$284', '漫漫浪·雲上海景3居室C:HK$391', '漫漫浪·海島別墅·邊户大院子:HK$1,421']"
森林客棧（儋州植物園熱科院海南大學店）,9.7,"['晨曦·花園雙標房:HK$282', '森林小調房:HK$296', '晨曦·花園大床房:HK$296', '豪華家庭房:HK$313']"
維也納酒店（儋州白馬井店）,9.4,"['高級大床房（舒適睡眠+智能客控）:HK$216', '標準大床房（暖光燈-無智能聲控-舒適睡眠+乾濕分離）:HK$216', '豪華大床房（視野廣闊+乾濕分離+智能客控）:HK$232', '豪華雙床房（視野廣闊+乾濕分離+智能客控）:HK$232']"
易蔓假日酒店（儋州兩院海南大學店）,9.4,"['雙床房【電視投屏+零壓床墊+零壓記憶枕】:HK$427', '大床房【電視投屏+零壓床墊+零壓記憶枕】:HK$427', '特惠大床房【電視投屏+零壓床墊+零壓記憶枕】:HK$427', '親子房【電視投屏+零壓床墊+零壓記憶枕】:HK$446']"
