酒店名称,评分,房型价格列表
美玲假日酒店（六盤水萬達廣場六盤水站店）,9.4,"['精緻大床房:HK$527', '精緻雙床房:HK$527', '雅緻大床房-大屏電視可投屏+小智管家:HK$559', '雅緻雙床房-大屏電視可投屏+小智管家:HK$559', '輕奢大床房-小智管家智能客控:HK$591']"
居是酒店（水城古鎮店）,9.1,"['安睡森系單人房（護腰床墊+新風系統）:HK$432', '安睡森系雙床房（護腰床墊+新風系統）:HK$492', '安睡投影超大床房（小米投影儀+護腰床墊+新風系統）:HK$492', '居是大床房（護腰床墊+自助洗衣房）:HK$546']"
六盤水艾蘭國際酒店,9.3,"['高級單間（低樓層）:HK$468', '高級單間:HK$468', '高級標間（低樓層）:HK$512', '高級標間:HK$512', '豪華山景單間:HK$555']"
博雅酒店（六盤水鐘山區政府店）,9.1,"['涼都逸境·樂享城景大床房:HK$466', '涼都逸境·尊享城景雙床房:HK$466', '涼都逸境·行政城景大床房（採光飄窗＋品質洗護）:HK$521', '涼都逸境·行政城景雙床房（採光飄窗＋品質洗護）:HK$521', '愜意悠然·商務城景大床房（光亮浴缸+品質洗護）:HK$532']"
六盤水·錦欣酒店（萬達廣場高鐵站店）,9.0,"['輕奢雅居 | 舒適大床房:HK$635', '輕奢雅居 | 輕享雙床房:HK$635']"
六盤水大河堡涼都花海大酒店,8.9,"['Menta·山野景觀大床房:HK$754', 'Menta·山野景觀雙床房:HK$754', 'Toffee·露台庭院大床房:HK$797', 'Toffee·露台庭院雙床房:HK$797', 'Floyd·祕境花園大床房:HK$864']"
攬月居,9.8,"['望月·雲散月明輕奢大床房:HK$427', '逐日·暖居庭院陽光大床房:HK$427', '聽雨·靜謐慵懶舒適雙床房:HK$446', '摘星·星空夜景豪華大床房:HK$474']"
如家酒店（六盤水高鐵站人民廣場店）,9.4,"['商務大床房A:HK$316', '商務大床房:HK$333', '高級大床房:HK$350', '雙床房:HK$368']"
六盤水騰龍大酒店,9.4,"['智能大床房:HK$522', '智能雙床房:HK$558', '智能影視雙床房:HK$558', '智能棋牌房:HK$585', '高級行政套房:HK$743']"
六盤水雨田酒店,8.8,"['標準大床房:HK$345', '豪華大床間:HK$513', '商務大床套房:HK$602', '商務雙床套房:HK$602', '行政套房:HK$796']"
六盤水涼都印象酒店（愛琴海購物公園店）,9.3,"['高級雙床房【無窗】古典傢俱+深睡床墊:HK$548', '高級大床房【無窗】古典傢俱+深睡床墊:HK$548', '豪華雙床房【花園景+頂噴花灑】:HK$686', '豪華大床房【花園景+頂噴花灑】:HK$714', '行政大床房【超大空間+智能音箱+特色浴缸】:HK$866']"
艾悠酒店（六盤水高鐵站人民廣場店）,9.2,"['小U·精緻大床房:HK$437', '小U·舒適大床房（避暑舒適床）:HK$461', 'U+觀影大床房:HK$469', '小U·舒適雙床房（涼都舒適床）:HK$493']"
六盤水星儷嵐酒店,9.0,"['豪華大床房:HK$829', '豪華雙床房:HK$829', '豪華景觀大床房:HK$872', '豪華景觀雙床房:HK$872', '動物樂園幸運房（無邊床）:HK$905', '神奇森林房（有邊床）:HK$916']"
全季酒店（六盤水萬達廣場店）,9.5,['商務大床房-投屏辦公桌:HK$704']
南飛鼎昂國際大酒店,9.5,"['摩洛哥風情-花園大床房:HK$346', '戈壁灘沙漠-花園大床房:HK$369', '阿爾卑斯-觀景雙床房:HK$450', '熱帶雨林-露台大床房-獨立休閑區-智能客控:HK$471']"
鴻昇酒店,8.6,"['高級單人房:HK$441', '豪華單人房:HK$539', '豪華行政大床房:HK$652', '高級套房:HK$764', '行政套房:HK$872']"
六盤水三束花開·禧舍（星築中央公園店）,8.3,"['椿嶼▪大床房:HK$391', '（棋牌）覓知▪大床房:HK$424', '蜜悦·雙床房:HK$446', '歸謐·標間:HK$446']"
六盤水星儷恆酒店,9.2,"['商務大床房:HK$424', '商務雙床房:HK$424', '景觀大床房:HK$446', '景觀雙床房:HK$446']"
漢庭酒店（六盤水站鐘山大道店）,9.6,"['高級大床房（智能馬桶+記憶枕）:HK$421', '商務大床房（喜臨門床墊+智能馬桶）:HK$439', '高級雙床房（記憶枕+無線電視投屏）:HK$463', '家庭房（喜臨門床墊+記憶枕）:HK$496']"
雲上四季酒店（六盤水高鐵站人民廣場店）,9.6,"['商務大床房:HK$400', '高級大床房:HK$418', '高級雙床房:HK$436', '景觀大床房:HK$436']"
南海雲天酒店（六盤水鐘山區政府店）,9.2,"['舒適大床房（喜臨門深睡床墊+喜臨門乳膠枕）:HK$435', '觀影大床房（堅果投影+百寸大屏觀影+智能語音+智能客控）:HK$476', '豪華大床房（智能語音+智能客控+喜臨門乳膠枕）:HK$564', '南海大床房（智能語音+智能客控+喜臨門乳膠枕）:HK$583']"
頤程智選酒店（六盤水水城店）,9.2,"['智選mini大床房:HK$304', '智選大床房:HK$331', '智選雙床房:HK$339', '智選豪華大床房:HK$374']"
植元裏·花園酒店（六盤水鐘山區政府店）,9.6,"['鳥語花香·植趣大床房:HK$535', '春暖花開·植趣雙床房:HK$568', '春花秋月·植雅大床房:HK$585', '錦上添花·植雅雙床房:HK$626']"
漢庭酒店（六盤水人民廣場鳳凰大道店）,9.5,"['大床房（電視投屏+喜臨門床墊）:HK$428', '高級大床房（辦公桌+記憶枕）:HK$478', '商務大床房（辦公桌+記憶枕）:HK$528', '高級雙床房（電視投屏+記憶枕）:HK$577']"
六盤水天空之戀·懸崖酒店,8.7,"['雲鏡別墅景觀雙床房:HK$1,238', '山鏡別墅大床房:HK$2,219', '雲鏡別墅景觀棋牌雙床房:HK$2,353', '霧鏡豪華複式別墅:HK$3,500']"
六盤水時代假日酒店,9.0,"['高級大床房:HK$380', '温馨房:HK$413', '商務單間:HK$435', '奢華大床房:HK$468', '行政套房:HK$697']"
六盤水福朋喜來登酒店,9.2,"['高級大床房:HK$643', '高級雙床房:HK$697', '豪華大床房:HK$706', '豪華雙床房:HK$761', '商務行政大床房:HK$898', '山景休閑套房:HK$1,517']"
城市方舟酒店（六盤水站萬達廣場店）,9.3,"['精選大床房（智能馬桶+智能客控）:HK$399', '智能雙床房（智能馬桶+智能客控）:HK$464', '輕居大床房（智能馬桶+智能客控）:HK$530', '輕居雙床房（智能馬桶+智能客控）:HK$530']"
尚易智選酒店（六盤水站店）,9.2,"['靜謐大床房:HK$397', '街景雙床房:HK$429', '靜謐雙床房:HK$429', '街景大床房:HK$445']"
花海星空露營基地,9.8,"['星空輕奢太空艙:HK$855', '林景輕奢太空艙:HK$1,014', '雲隱花房·林間山景輕奢大床房:HK$1,014', '山景奢華太空艙套房A:HK$1,725']"
元宿酒店（六盤水火車站人民廣場店）,9.7,"['舒適大床房:HK$257', '優享睡眠房:HK$259', '舒適雙床房:HK$284', '豪華大床房:HK$292']"
維也納國際酒店（六盤水水城店）,9.4,"['高級大床房:HK$585', '豪華大床房:HK$590', '高級雙床房:HK$612', '商務大床房:HK$627']"
城市方舟電競民宿（六盤水站萬達廣場店）,9.5,"['榻榻米單人間:HK$433', '優選雙床房:HK$617', '智選電競大床房:HK$617', '開嘿電競雙床房（UU加速器+酒店公區提供自助洗衣房）:HK$739']"
水城能投酒店,9.6,"['行政城景大床房:HK$361', '行政城景雙床:HK$388', '商務棋牌雙床:HK$453']"
精途商務酒店（六盤水高鐵站店）,7.9,"['【事】·悦享大床房【中式美學水墨畫設計·恆温貼心電熱毯·舒適安眠彈力床墊·恆温速幹吹風機】:HK$182', '【萬】·悦享雙床房【中式美學水墨畫設計·恆温貼心電熱毯·A類純棉親膚舒睡布草·貼心守護飲用水】:HK$185', '【順】·雅緻雙床房【賞市井人間煙火美景·綿柔親膚舒睡布草·清新柔風空調·舒適安眠彈力床墊】:HK$191', '闔家歡·景觀家庭套房【中式典雅水墨畫設計風·清新柔風空調·綿柔親膚舒睡布草·貼心守護飲用水】:HK$248']"
六盤水曉島酒店,7.8,"['靜逸舒心雙床房:HK$337', '時光舒適大床房:HK$346', '雲尚悦享大床房:HK$352']"
維也納酒店（六枝休閑廣場高鐵南站店）,9.5,"['標準大床房:HK$397', '高級大床房:HK$422', '高級雙床房:HK$439', '豪華大床房:HK$447']"
六盤水焰燃居民宿,8.7,"['暖居雙人房:HK$156', '初遇大床房:HK$156', '歸心大床房:HK$175', '雅居雙床房:HK$193']"
六盤水豪林商務酒店（水城區政府雙水廣場店）,8.3,"['舒睡-以沫大床房:HK$274', '優享-觀影大床房·超清4K電視:HK$325', '優享-觀影雙床房·超清4K電視:HK$325', '樂享-景觀大床房·超清4k電視:HK$444']"
濕地裏·觀景美宿（六盤水明湖師範學院店）,9.0,"['半山祕境大床房:HK$228', '無喧山景·影院觀景大床房:HK$252', '賞晚霞·陽台影院大床房（全屋智能+廚房）:HK$274', '望山間 •半山影院大床房（全屋智能）:HK$274']"
萬東國際大酒店,9.2,"['豪華大床房:HK$457', '豪華雙床房:HK$457', '休閑大床房:HK$512', '湖景大床房:HK$512', '湖景雙床房:HK$512']"
六盤水雲端逸境酒店（鐘山區政府店）,7.3,"['靜雅休閑標間:HK$260', '藍海雅居雙床房:HK$344', '藍海雅居大床房:HK$355', '舒睡休閑三人間:HK$357']"
六盤水集居七月客棧（水城古鎮店）,7.3,"['楠隱丨精選大床房:HK$535', '酣春丨舒適雙床房:HK$571', '蟬時雨丨三人榻榻米房:HK$571', '薰風丨舒適雙床房:HK$571']"
六盤水爵士酒店（人民廣場六盤水站店）,8.0,"['優雅紳士大床房:HK$331', '浪漫圓床房（無窗）:HK$331', '優雅紳士雙床房:HK$339', '貴族圓床房:HK$348']"
六盤水鐘山賓館,8.7,"['特惠商務精品房:HK$206', '標準單間:HK$260', '標準雙床房:HK$282', '商務大床房:HK$326']"
華天大酒店（六盤水火車站店）,7.7,"['特惠雙床房（品質床品+一次性浴巾拖鞋）:HK$216', '特惠大床房（品質床品+一次性浴巾拖鞋）:HK$217', '商務雙床房（休閑沙發+一次性浴巾拖鞋）:HK$244', '商務大床房（休閑書桌+一次性浴巾拖鞋）:HK$245']"
六盤水黛雅酒店,8.3,"['雅緻大床房（智能馬桶+全屋智能）:HK$407', '雅緻雙床房（智能馬桶+全屋智能）:HK$453', '陽光景觀大床房:HK$500', '陽光花園大床房（智能馬桶+全屋智能）:HK$500']"
浦江大酒店,9.2,"['雅緻雙床房:HK$282', '雅緻大床房:HK$282', '豪華大床房:HK$315', '雅緻套房:HK$359']"
六盤水春江花園商務酒店,8.5,"['商務標間:HK$184', '商務單間:HK$184', '行政套房:HK$249', '大圓床房:HK$249']"
六盤水金海國際大酒店,7.6,"['商務單間:HK$338', '商務標間:HK$338', '豪華行政雙床房:HK$360', '豪華行政大床房:HK$360', '商務套房:HK$436']"
