酒店名称,评分,房型价格列表
北屯紅景天大酒店,9.5,"['調和·輕氧雙床房（獨立陽台+電動窗簾）:HK$469', '元氣·雲境大床房:HK$504', '歸元·頤養雙床房:HK$504', '清心·簡雅雙床房:HK$504', '養生·舒眠大床房（全屋智能+100寸投影+智能按摩椅）:HK$520']"
格林東方酒店（北屯步行街店）,9.6,"['東方雙床房:HK$319', '東方大床房:HK$341', '東方高級大床房:HK$534', '東方高級雙床房:HK$534', '東方豪華大床房:HK$646']"
北屯市華瀾星茂酒店,9.0,"['君悦·商務雙床房『全屋智能·高速吹風機·舒眠床墊』:HK$495', '君睿·商務大床房『全屋智能·高速吹風機·舒眠床墊』:HK$524', '君合·零壓雙床房『全屋智能·高速吹風機·舒眠床墊』:HK$583', '君卿·情侶大床房『全屋智能·高速吹風機·舒眠床墊』:HK$612', '君享·靜謐雙床房『全屋智能·高速吹風機·舒眠床墊』:HK$689']"
雅居酒店（北屯購物公園店）,9.4,"['雅緻.豪華單間（智能客控.零壓記憶棉床墊）:HK$538', '雅集.舒適單間（智能客控.零壓記憶棉床墊）:HK$538', '雅緻.輕奢大床房（智能可控.零壓記憶棉床墊）:HK$558', '雅頌.豪華雙床房（智能客控.舒眠床墊）:HK$558', '雅瀾.特惠雙床房（智能客控.舒眠床墊）:HK$558']"
北屯金廷國際酒店,8.8,"['標準大床間:HK$332', '標準雙人間:HK$348', '豪華雙人間:HK$363', '標準三人間:HK$474']"
北屯得仁山花園酒店,9.4,"['商務單間:HK$540', '商務標間:HK$540', '豪華單間:HK$617', '豪華標間:HK$617', '豪華套間:HK$756']"
北屯萬豪假日酒店,8.8,"['普通標準間:HK$661', '豪華標準間:HK$758', '豪華大床房:HK$758', '三人間:HK$854']"
北屯湘溢海川國際酒店,8.4,"['豪華標間:HK$476', '行政標間:HK$528', '豪華單間:HK$604', '行政套房:HK$763']"
北屯北國春城酒店（市政府店）,9.1,"['特價標準間（安心睡眠+零壓床墊）:HK$395', '特惠大床房（安心睡眠+零壓床墊）:HK$411', '豪華標準間（安心睡眠+零壓床墊）:HK$420', '温馨大床房（安心睡眠+零壓床墊）:HK$425']"
北屯新程酒店,8.1,"['高級大床房:HK$392', '雙床間:HK$392', '家庭房:HK$432', '三人間:HK$490']"
維也納酒店（北屯玉帶河店）,9.4,"['標準大床房:HK$395', '標準雙床房:HK$395', '高級雙床房:HK$436', '高級大床房:HK$436']"
北屯新洲景緻大酒店,9.0,"['標準間:HK$341', '大床房:HK$341', '家庭房:HK$531', '標準三人間:HK$531']"
北屯錦冠國際大酒店,8.7,"['豪華雙床房:HK$686', '豪華大床房:HK$785', '家庭親子房:HK$812', '豪華三人間:HK$981']"
北屯水潤酒店,9.7,"['素簡 ·逸居雙床房（綠色環保+安睡保障）:HK$354', '簡致 ·悠夢大床房（環保宜居+酣睡呵護）:HK$373', '童夢 ·樂居親子間（環保築家+温馨安睡）:HK$373', '樸雅 ·逸境套房（奢適空間+舒眠配置）:HK$411']"
尚客優品酒店（北屯華陽路店）,8.6,"['優品高級雙床房:HK$279', '優品豪華大床房:HK$310', '優品高級家庭房:HK$383', '優品商務三人間:HK$383']"
格林豪泰酒店（北屯廣美建材城店）,8.9,"['特價雙床房:HK$391', '高級標準間:HK$402', '豪華大床房:HK$415', '豪華雙床房:HK$415']"
北屯福瑞祥酒店,8.7,"['普通標準間:HK$184', '豪華大床房:HK$282', '豪華標準間:HK$293', '豪華三人間:HK$347']"
北屯豪庭酒店,8.3,"['標間:HK$309', '大床房:HK$309', '三人間:HK$413', '舒適四人間:HK$413']"
北屯凡世酒店,8.1,"['時尚大床房:HK$174', '時尚標間:HK$174', '親子家庭房:HK$174', '時尚小單間:HK$174']"
宏鑫酒店,8.8,"['舒適雙床房（鬆軟枕頭+安睡床墊）:HK$128', '舒適大床房（鬆軟枕頭+安睡床墊）:HK$182', '豪華雙床房（鬆軟枕頭+安睡床墊）:HK$182', '旅行三人間（鬆軟枕頭+安睡床墊）:HK$182']"
北屯市鴻福賓館,8.7,"['標準間:HK$122', '大床房:HK$122']"
北屯君邦電競快捷酒店,8.1,"['輕享簡約雙床房:HK$120', '單人電競休閑大床房:HK$151', '單機電競雙床房:HK$156', '頂配單機電競房[雙床13代I7處理器+4070顯卡+32G內存+2K180赫茲顯示器]:HK$192']"
北屯商旅賓館,6.9,"['大床房:HK$97', '標間:HK$97']"
北屯添禧嘉福大酒店,8.9,[]
