酒店名称,评分,房型价格列表
四季國際酒店（十堰北京中路大學城店）,9.5,"['高級大床房【坐卧沙發+舒睡好眠】:HK$194', '高級雙床房【深睡好眠+乳膠床墊】:HK$202', '豪華雙床房【2張超大雙人床+記憶枕+乳膠床墊】:HK$215', '商務大床房【商務辦公桌+小冰箱】:HK$217', '商務雙床房【辦公用品+獨立辦公區+坐卧沙發】:HK$223']"
維也納國際酒店（十堰五堰步行街店）,9.2,"['高級大床房:HK$231', '高級雙床房:HK$231', '豪華雙床房:HK$250', '豪華大床房【商務辦公桌+坐卧沙發】:HK$254', '城景雙床房【商務辦公桌+落地城景大窗】:HK$292']"
AI未來住·智能酒店（十堰五堰商場人民醫院店）,9.6,"['AI·高級舒壓大床房【全屋智能+智能馬桶+休閑躺椅】:HK$260', 'AI·豪華甄選大床房【全屋智能+辦公書桌+智能馬桶】:HK$272', 'AI·豪華智享雙床房【全屋智能+商務方桌+智能馬桶】:HK$284', 'AI·靜奢深睡大床房【全屋智能+雙人沙發+零壓床墊】:HK$309']"
你好酒店（十堰人民路店）,9.7,"['大床房:HK$267', '高級大床房:HK$273', '雙床房:HK$277', '高級雙床房:HK$309']"
十堰美盛假日酒店（上海路大學城店）,9.7,"['美盛雙床房（深睡床墊）:HK$353', '美盛雅緻雙床房:HK$353', '美盛大床房（深睡床墊）:HK$370', '商務套房B（超大會客辦公區+深睡床墊）:HK$425', '商務套房A（超大會客辦公區+深睡床墊+浴缸）:HK$447']"
十堰武當國際酒店,9.6,"['豪華大床房:HK$325', '山景大床房:HK$468', '山景雙床房:HK$468', '家庭親子房:HK$512', '行政大床房:HK$578', '行政雙床房:HK$578']"
十堰棲悦酒店（人民廣場店）,9.6,"['棲悦大床房（暖氣+全屋智能+休閑躺椅）:HK$175', '棲悦雙床房（暖氣+全屋智能+休閑茶台）:HK$195', '零壓晨景大床房（暖氣+全屋智能+休閑躺椅）:HK$228', '零壓悦慕大床房（暖氣+辦公桌椅+休閑躺椅）:HK$241']"
璞曼山居院子（武當山入口店）,9.6,"['悠景大床房:HK$262', '庭院花園大床房:HK$306', '悠景雙床房:HK$306', '庭院花園雙床房:HK$327']"
星程酒店（十堰天津路店）,9.8,"['高級大床房:HK$256', '商務大床房:HK$262', '高級雙床房:HK$286', '商務雙床房:HK$315']"
十堰大嘉國際酒店,9.6,"['雅緻大床房:HK$367', '豪華大床房:HK$411', '園林雙床房:HK$483', '園林大床房:HK$508', '家庭大床房:HK$595']"
十堰楓渡酒店（陽光棲谷鄖陽中學店）,9.6,['純粹大床房（房全屋智能+零壓床墊+夢潔布草+小冰箱）:HK$301']
萬達悦華酒店·七俠武驛（武當山景區入口店）,9.5,"['問道大床房（智能馬桶+Acca Kappa洗護用品）:HK$304', '問道雙床房（智能馬桶+Acca Kappa洗護用品）:HK$304', '悟道大床房（智能馬桶+Acca Kappa洗護用品）:HK$391', '悟道雙床房（智能馬桶+Acca Kappa洗護用品）:HK$391', '行道親子房（智能馬桶+Acca Kappa洗護用品+道茶品茗+親子床型）:HK$644']"
白玉蘭酒店（十堰五堰步行街店）,9.2,"['靜逸大床房（無窗兩米大床）:HK$167', '輕舒大床房（可投屏+房間獨立wifi）:HK$169', '零壓輕舒大床房（可投屏+房間獨立wifi）:HK$176', '舒雅大床房（懷舊遊戲影視+可投屏+騰訊會員）:HK$179']"
十堰鄖陽國際酒店（鄖陽區政府店）,9.4,"['隱逸雙床房:HK$201', '隱逸大床房:HK$201', '舒適大床房（智能窗簾+街景+院景）:HK$225', '雅居大床房（智能小度+榻榻米·小陽台）:HK$248']"
武當山賓館,9.5,"['高級大床房:HK$370', '高級雙床房:HK$370', '豪華大床房:HK$447', '豪華雙床房:HK$447', '高級套房:HK$645']"
十堰綠洲美景國際酒店（五堰商場人民醫院店）,9.3,"['歡致·標準寧靜大床房【辦公桌椅+舒睡好眠】:HK$178', '歡致·商旅甜睡大床房【辦公圓桌+零壓床墊+地標景觀】:HK$190', '甄選·商旅甜睡雙床房【辦公圓桌+地標景觀+落地大窗】:HK$203', '悦致·豪華靜謐大床房【零壓床墊+自然眠愈+坐卧沙發】:HK$215']"
十堰萬德國際大酒店（六堰人民商場店）,8.9,"['舒居-雅緻雙床房（舒睡床品-靜享舒睡-璀璨夜景）:HK$224', '甄選-豪華舒眠雙床房（靜享舒睡-高級城景-零壓床墊）:HK$252', '甄選-豪華舒眠大床房（靜享舒睡-高層觀景-養生枕頭）:HK$252', '逸居-雅緻大床房（春日限定+深度睡眠床墊+辦公桌椅）:HK$254', '悦居-行政雙床房（全屋智能-靜音地毯-深度睡眠床墊）:HK$313']"
麗楓酒店（十堰武商人民商場店）,9.6,"['高級大床房:HK$210', '景觀大床房:HK$223', '豪華雙床房:HK$237', '豪華大床房:HK$264']"
時光臻選酒店（十堰人民廣場店）,9.4,"['槓上花棋牌娛樂套房:HK$320', '時光臻選温馨親子房:HK$324', '時光臻選零壓大床房:HK$328', '時光臻選雙床房:HK$349']"
維也納國際酒店（十堰萬達高鐵站店）,9.3,"['高級大床房:HK$277', '標準大床房:HK$278', '高級雙床房:HK$284', '豪華大床房【智能客控+全景落地窗】:HK$298']"
十堰嘉華假日酒店（五堰商場人民醫院店）,9.3,"['高級城景雙床房:HK$171', '高級城景大床房:HK$178', '山景陽光雙床房（可觀自然山景）:HK$185', '山景陽光大床房（可觀自然山景）:HK$201']"
十堰鄖陽希爾頓歡朋酒店,9.4,"['舒適大床房（安靜舒適+舒達專利床墊+科勒衞浴+人體工學椅+辦公書桌）:HK$352', '高級江景雙床房（一線江景+舒達專利床墊+科勒衞浴+人體工學椅+辦公書桌）:HK$383', '豪華大床房（親子沙發床+舒達專利床墊+科勒衞浴+人體工學椅+辦公書桌）:HK$383', '高級江景大床房（一線江景+舒達專利床墊+科勒衞浴+人體工學椅+辦公書桌）:HK$404', '豪華江景大床房（一線江景+親子沙發床+舒達專利床墊+科勒衞浴+人體工學椅+辦公書桌）:HK$433']"
十堰上海路亞朵酒店,9.6,"['行政大床房—投屏電視+小冰箱:HK$359', '行政雙床房—投屏電視+小冰箱:HK$383', '幾木大床房—投屏電視+智能客控+小冰箱:HK$413', '幾木養生大床房—投屏電視+智能客控+小冰箱:HK$458', '幾木套房—投屏電視+智能客控+小冰箱:HK$503']"
十堰萬達廣場桔子水晶酒店,9.8,"['高級大床房（絲漣+俯瞰城市夜景）:HK$379', '高級雙床房（安睡香薰晶石+絲漣）:HK$388', '豪華雙床房（安睡香薰晶石+絲漣）:HK$407', '觀景高級大床房（絲漣+俯瞰城市夜景）:HK$416', '行政大床房（絲漣+俯瞰城市夜景）:HK$454']"
麗楓酒店（十堰上海路店）,9.5,"['雅緻大床房:HK$218', '豪華大床房:HK$243', '複式大床房:HK$251', '豪華雙床房:HK$259']"
全季酒店（十堰上海路酒店）,9.7,"['大床房:HK$362', '高級大床房:HK$392', '高級雙床房:HK$392', '舒壓-高級雙床房:HK$422']"
宜尚酒店（十堰上海路漢江師範學院店）,9.7,"['標準大床房（簡約北歐風+飄窗採光）:HK$264', '高級大床房（舒適沙發+高層自然採光）:HK$296', '高級雙床房（舒適床品，寬敞明亮）:HK$304', '豪華大床房（舒適沙發+高層採光+城市美景）:HK$327']"
EHA輝月電競酒店（十堰萬達廣場店）,9.7,"['Moon丨輝月電競雙床房[i7CPU]騰訊特權+巨幕投影+品質床墊:HK$424', 'Moon丨輝月電競大床房[RTX4070]+全屋智能+巨幕投影+舒適床墊:HK$424', '高奢丨盡在此隅電競雙床房[2K顯示器+騰訊特權]+巨幕投影+品質床墊:HK$438', '甄選丨巨幕投影電競情侶房[RTX4070+遊戲特權]+雙開門冰箱+舒適床墊:HK$438']"
維也納酒店（十堰世紀山水店）,9.6,"['豪華大床房（落地窗+超大床）:HK$230', '商務大床房（超大床+落地窗）:HK$246', '商務雙床房（安靜舒適+落地窗）:HK$270', '行政大床房（智能客控+落地窗）:HK$294']"
十堰百強國際大酒店,9.1,"['豪華標準間:HK$361', '山景豪華大床房:HK$399', '行政大床間:HK$448', '山景豪華大床房（南樓）:HK$552', '高級行政大床房:HK$566', '高級行政雙床房:HK$566']"
如家商旅酒店（十堰人民南路三堰店）,9.5,"['商務大床房:HK$194', '高級大床房:HK$211', '雙床房:HK$211', '高級雙床房（夢百合床墊）:HK$228']"
景怡美辰酒店（十堰北京中路漢江師範學院店）,9.7,"['良辰│舒睡大床房【高清投屏+靜謐空間+深度睡眠】:HK$174', '美景│舒睡雙床房【高清投屏+辦公桌椅+乳膠記憶枕】:HK$174', '星辰│零壓大床房（高清投屏+零壓床墊+乳膠記憶枕）:HK$195', '美意│零壓雙床房:HK$195']"
白玉蘭酒店（十堰體育中心店）,9.4,"['靜逸大床房:HK$207', '靜雅大床房:HK$232', '靜雅雙床房:HK$232', '舒雅雙床房:HK$265']"
城市便捷酒店（十堰鄖陽區政府店）,9.5,"['高級大床房（零圧床墊+記憶枕+辦公桌+酒店公區提供自助洗衣房）:HK$191', '高級雙床房（零圧床墊+記憶枕+辦公桌+酒店公區提供自助洗衣房）:HK$191', '標準大床房（零圧床墊+記憶枕+辦公桌+酒店公區提供自助洗衣房）:HK$192', '智能豪華大床房（智能客控+零圧床墊+記憶枕）:HK$219']"
瑞和酒店（十堰環球港行政服務中心店）,9.4,"['舒居·商務大床房（舒適床品+夜晚好眠+靜謐優享）:HK$181', '舒居·商務雙床房（零壓床墊+自然眠愈+落日餘暉）:HK$181', '甄選·豪華大床房（辦公桌椅+乾濕分離+空氣清新）:HK$202', '甄選·豪華雙床房（辦公桌椅+落日餘暉+恬夢熟睡）:HK$202']"
十堰重慶路亞朵X酒店,9.5,"['高級大床房-投屏電視:HK$305', '行政雙床房-投屏電視:HK$305', '行政大床房-投屏電視:HK$323', '幾木大床房-投屏電視+小冰箱:HK$359', '高級套房-投屏電視+小冰箱:HK$449']"
十堰希爾頓花園酒店,9.5,"['花園雙床房:HK$336', '花園大床房:HK$347', '花園高級大床房（高層）:HK$369', '花園高級雙床房（高層）:HK$369', '花園家庭大床房:HK$464']"
桔子酒店（十堰人民路店）,9.7,"['月若流金大床房-小度智能客控+小帥投屏:HK$332', '月若流金商務雙床房-小度智能客控+小帥智能投屏:HK$352', '月若流金商務大床房-小度智能客控+小帥智能投屏:HK$362', '月若流金豪華雙床房-小度智能客控+小帥智能投屏:HK$382']"
城市便捷酒店（十堰火車站北廣場店）,9.5,"['標準大床房（零壓床墊+軟硬枕可選+梳粧全身鏡）:HK$169', '高級雙床房（夢百合床墊+落地街景）:HK$180', '豪華大床房（180度觀景陽台+中央空調）:HK$189', '標準雙床房（夢百合床墊+落地街景+辦公桌）:HK$200']"
錦江之星風尚（十堰北京中路店）,9.6,"['精選標準房A:HK$223', '精選商務房B:HK$223', '豪華商務房:HK$255', '豪華標準房A:HK$255']"
如家商旅酒店（十堰北京路漢江師範學院店）,9.7,"['大床房A:HK$183', '大床房:HK$208', '高級雙床房:HK$216', '高級大床房:HK$225']"
武當山驛雲鄉居（武當山入口店）,9.7,"['逍遙（舒適標間）:HK$447', '清韻（觀景大床房）:HK$492', '靜心（豪華標間）:HK$585', '明德（親子套房）:HK$707', '巖居川觀（獨棟小木屋）:HK$707']"
瑜泓酒店 （十堰京東路店）,9.0,"['商務大床房:HK$200', '商務雙床房:HK$200', '行政大床房:HK$225', '行政雙床房:HK$225']"
麗楓酒店（十堰東風大道武當山機場店）,9.2,"['雅緻雙床房:HK$218', '豪華大床房:HK$225', '豪華雙床房:HK$243', '浪漫優享房:HK$310']"
白玉蘭酒店（十堰火車站店）,9.6,"['舒雅雙床房:HK$214', '舒雅大床房:HK$214', '靜雅大床房:HK$230', '零壓靜雅大床房:HK$302']"
十堰三贏酒店,9.5,"['零壓好眠大床房（零壓床墊+落地街景）:HK$247', '零壓好眠雙床（零壓床墊+深度睡眠+落地街景）:HK$268', '怦然心動網紅圓床房（電動）:HK$300', '樂享棋牌大床房（中央空調+俯瞰夜景）:HK$338']"
美景·四季酒店（十堰五堰人民醫院店）,9.2,"['四季·靜謐大床房:HK$132', '四季·靜雅大床房·公區自助洗衣房:HK$132', '四季·靜享圓床房·浪漫私享:HK$139', '四季·銀河落幕影院房·3D音效·激光投影:HK$154']"
澳斯特精選酒店（十堰火車站店）,9.1,"['商務大床房:HK$143', '精選標準房:HK$164', '精選大床房:HK$254', '行政大床房:HK$307']"
十堰武當國際酒店（商務酒店樓）,9.3,"['特價大床房:HK$129', '時尚大床房（無窗）:HK$151', '商務大床房:HK$204', '商務雙床房:HK$204']"
城市便捷酒店（十堰步行街店）,9.3,"['標準大床房:HK$152', '高級大床房:HK$165', '高級雙床房:HK$175', '豪華大床房:HK$201']"
