酒店名称,评分,房型价格列表
雲宿精品酒店（南平萬達廣場店）,9.5,"['特價大床房:HK$266', '豪華大床房:HK$362', '豪華雙床房:HK$362', '豪華套房:HK$488', '棋牌休閑套房:HK$488']"
南平閩北大飯店,9.2,"['高級雙床房:HK$381', '江景大床房:HK$459', '江景雙床房:HK$459', '江景行政大床房:HK$512', '高級套房:HK$731']"
南平佰翔大酒店,9.4,"['高級標準大床房:HK$534', '高級標準雙床房:HK$534', '豪華園景大床房:HK$567', '豪華溪景大床房:HK$588', '豪華溪景雙床房:HK$588', '豪華園景雙床房:HK$599']"
南平御景國際酒店,8.9,"['情侶房:HK$315', '精品標間:HK$315']"
尚客優悦酒店（南平建陽體育館店）,9.5,"['舒適大床房（落地窗+全屋智能）:HK$220', '智能優悦零壓大床房（超大空間+落地窗+全屋智能）:HK$256', '優悦零壓雙床房（超大空間+落地窗+全屋智能）:HK$256', '麻將大床房（超大空間+落地窗+全屋智能）:HK$273']"
南平中都温德姆酒店,8.9,"['豪華大床房:HK$423', '豪華雙床房:HK$431', '高級大床房:HK$477', '高級雙床房:HK$477', '豪華套房:HK$738']"
南平富宸國際大酒店,9.0,"['精品榻榻米:HK$166', '豪華大床房:HK$184', '豪華雙床房:HK$203', '行政大床房:HK$221']"
漢庭酒店（南平市政府店）,9.6,"['大床房:HK$205', '高級大床房:HK$233', '高級雙床房:HK$244', '豪華大床房:HK$253']"
南平九峯大廈,8.9,"['標準大床房:HK$326', '標準雙床房:HK$326', '親子房:HK$389', '商務套房:HK$633']"
宜尚酒店（南平建發悅城中心建陽站店）,9.5,"['負氧離子舒適大床房「雅瀾高端床墊+舒適睡眠+森林呼吸」:HK$238', '負氧離子舒適雙床房「雅瀾高端床墊+舒適睡眠+森林呼吸」:HK$249', '陽光滿屋高級大床房「安睡零壓枕芯+電視投屏+舒軟沙發」:HK$260', '陽光滿屋高級雙床房「安睡零壓枕芯+電視投屏+舒軟沙發」:HK$271', '童趣時光親子雙床房「家庭温馨小居+180°陽光+乾濕分離」:HK$271']"
南平武夷悦酒店,9.5,"['商務大床房:HK$392', '商務雙床房:HK$392', '高級雙床房:HK$424', '高級大床房:HK$424', '親子房:HK$457', '豪華雙床房:HK$457']"
拾光民宿（建發悅城店）,10.0,"['荷塘別墅/花園大床房/超清投影/智能語音控制/禪意茶室:HK$293', '拾光花語 南洋大床房 超清投影 智能語音控制 禪意茶室:HK$293', '夢之/別墅/超大落地窗大床房超清投影智能語音禪意茶室:HK$293', '清風別墅/意式大床房/超清投影/智能語音控制/禪意茶室:HK$293']"
南平億發大酒店,8.5,"['標準大床房:HK$208', '標準雙床房:HK$212', '豪華單人間:HK$235', '豪華標準間:HK$235']"
南平尚庭智慧酒店（建陽二中店）,8.8,"['輕居致尚大床房:HK$216', '輕居致尚雙床房:HK$228', '温馨小築榻榻米間:HK$232', '觀景影院大床房:HK$256']"
南平西城國際大酒店,9.0,"['雅緻大床房（新風系統）:HK$304', '雅緻雙床房（新風系統）:HK$304', '豪華雙床房（新風系統）:HK$326', '豪華大床房（新風系統）:HK$326', '行政雙床房（新風系統）:HK$370']"
南平金都大酒店（汽車站店）,8.4,"['靜雅丨行政雙床房【街景+浴缸】:HK$183', '臻選丨舒適三人間【環境舒適】:HK$208']"
南平漢歌精品酒店,9.2,"['精緻大床房:HK$259', '精品大床房:HK$322', '精品雙床房:HK$324', '精妙圓床房:HK$359']"
最佳西方財富酒店（南平建陽悦城店）,9.1,"['精緻大床房:HK$271', '豪華大床房:HK$282', '豪華雙床房:HK$282', '行政雙床房:HK$359', '行政大床房:HK$359']"
南平楠悦左岸酒店,9.0,"['初見·簡約大床房（全景落地窗+休閑沙發）:HK$177', '且聽·簡約雙床房（全景落地窗+商務辦公桌）:HK$177', '初見·豪華大床房（全景落地窗+休閑沙發）:HK$184', '且聽·豪華雙床房（全景落地窗+商務辦公桌）:HK$184']"
南平星空影院民宿,9.5,"['温情浪漫房:HK$169', '青葱影院大床房:HK$180', '小清新影院大床房:HK$185', '璽享影院大床房:HK$193']"
早起的鳥民宿,9.3,"['温馨特價大床房:HK$270', '意式簡約風特價大床房:HK$285', '安靜質樸日式風大床房:HK$334', '温馨浪漫投影大床房:HK$361']"
棲息北舍公寓（下嚴墩店）,9.8,"['豪華大床房:HK$256', '舒適大床房:HK$256', '陽光大床房:HK$267', '標準雙床房:HK$278']"
維也納3好酒店（南平建陽店）,9.3,"['高級大床房（智能馬桶+零壓床墊）:HK$179', '江景豪華大床房（智能馬桶+零壓床墊）:HK$194', '豪華雙床房（智能馬桶+零壓床墊）:HK$201', '影院大床房（智能馬桶+零壓床墊）:HK$209']"
南平漢歌誠品酒店（延平站大學城店）,9.4,"['室-寬適超高大床房（深睡記憶枕+乾濕分離）:HK$182', '適-江景大床房（深睡記憶枕+乾濕分離）:HK$230', '適-智能舒睡房（負氧離子床墊+睡眠監測儀+白噪音）:HK$249', '適-江景雙床房（深睡記憶枕+乾濕分離）:HK$261']"
西苑民宿（南平人民西路店）,9.3,"['星河大床房:HK$171', '觀瀾大床房:HK$171', '柏林大床房:HK$171', '正達鹿鳴影院大床房:HK$171']"
藝選酒店（南平建陽汽車站三中店）,9.0,"['舒適大床房:HK$157', '商務大床房:HK$170', '尊享大床房:HK$183', '商務雙床房:HK$183']"
a5990民宿,9.7,"['簡約大床房103:HK$166', '標準大床房102:HK$184', '標準大床房106:HK$184', '豪華大床房108:HK$212']"
臻璽客舍酒店,9.1,"['精品大床房:HK$238', '臻璽商務房:HK$260']"
南平建陽優選民宿,10.0,"['舒適大床房:HK$129', '舒心大床房:HK$141']"
南平知魚公寓,9.1,"['知魚知性大床房:HK$143', '知魚温馨大床房:HK$143', '知魚知樂大床房:HK$143', '知魚智能影院房:HK$165']"
南平雅閣國際大酒店,9.1,"['雅閣大床房:HK$435', '雅閣雙床房:HK$435', '豪華江景大床房:HK$654', '豪華江景雙床房:HK$654', '行政江景大床房:HK$1,026', '行政江景雙床房:HK$1,026']"
南平星空酒店,8.7,"['特惠大床房:HK$100', '温馨舒適大床房:HK$113', '恬靜雙床房:HK$113', '豪華大床房:HK$138']"
南平棲息北舍公寓,8.8,['棲息家庭套房:HK$742']
南平禧悦詩意酒店,9.2,"['舒適大床房:HK$182', '舒適大床A:HK$196', '暢享影音房:HK$209', '精選大床房:HK$215']"
姚府民宿（延平大學城店）,9.6,"['豪華大床房:HK$236', '標準雙床房:HK$250', '豪華套房:HK$264']"
南平棲息北舍公寓（江晟店）,7.8,"['精品大床房:HK$175', '豪華大床房:HK$203', '觀影大床房:HK$212', '精品雙床房:HK$221']"
南平建陽大飯店,9.3,"['普通標準間:HK$126', '行政大床房:HK$158', '行政標準間:HK$166', '三人間:HK$206']"
柏瑞酒店式公寓,9.7,"['標準大床房:HK$118', '高級大床房:HK$129', '高級雙床房:HK$140', '豪華大床房:HK$162']"
南平延林大酒店,8.7,"['行政雙床房:HK$278', '行政大床房:HK$278', '輕奢智能大床房:HK$351', '輕奢智能雙床房:HK$351']"
千禧商務賓館,9.6,"['豪華大床房:HK$140', '豪華雙床房:HK$160']"
南平府邸大酒店,8.2,"['經濟雙人房:HK$108', '豪華雙床房:HK$133', '豪華大床房:HK$133', '景觀套房:HK$147']"
南平繽紛里民宿（卧龍灣花花世界店）,9.7,"['花意自在雙床房:HK$459', '花漾自在雙床房（客廳）:HK$569', '茶香悠然套房:HK$569', '趣享親子家庭房（複式帶滑梯）:HK$678', '繽紛悦居套房（客廳+智能馬桶）:HK$745']"
南平印象楠林酒店,8.9,"['經濟房:HK$208', '山景大床房:HK$208', '豪華標間:HK$230', '豪華大床房:HK$230']"
南平乾成泰賓館,9.1,"['普通雙人間:HK$184', '豪華雙人間:HK$304', '豪華單間:HK$304']"
南平錦園賓館（建陽汽車站店）,8.9,"['舒適大床房:HK$156', '舒適雙床房:HK$165', '温馨三人間:HK$217', '親子房:HK$217']"
南平武夷山德懋堂度假村,9.5,"['雲院一室一廳（別墅）:HK$1,345', '雲院（獨棟別墅）:HK$1,944', '水院（獨棟別墅）:HK$4,463']"
南平建陽優睿灣民宿,9.3,"['精緻大床房:HK$108', '精裝大床房:HK$108', '標準大床房:HK$119', '温馨大床房:HK$132']"
徐家小院,10.0,"['標準雙床房:HK$206', '大床房:HK$327']"
南平98快捷賓館,8.0,"['標準單間:HK$129', '標準間:HK$158', '特惠單間:HK$171', '特惠標間:HK$184']"
溫馨公寓,9.7,"['高級大床房:HK$91', '標準雙人間:HK$116', '商務大床房:HK$155', '豪華三人間:HK$155']"
