酒店名称,评分,房型价格列表
南充北湖賓館,9.5,"['北湖城景大床房:HK$335', '北湖城景雙床房:HK$335', '北湖湖景大床房:HK$356', '北湖湖景雙床房:HK$356', '行政無煙大床房:HK$509']"
南充萬泰大酒店（西華師大行署校區店）,9.5,"['安靜好眠大床房:HK$220', '安靜好眠雙床房:HK$220', '優享舒睡雙床房:HK$244', '悦享城景大床房:HK$269', '悦享城景雙床房:HK$269']"
南充明宇豪雅東方花園酒店,9.4,"['經典雙床房（園林景觀）:HK$324', '經典大床房（山景）:HK$349', '東方雙床房（全景陽台）:HK$363', '東方大床房（森林山景）:HK$393', '豪雅雙床房（靜謐城景）:HK$402', '豪雅大床房（園林景大床）:HK$452']"
南充天勝酒店（泰閤中心南充火車站店）,9.2,"['精緻雙床房【全景落地窗+貴妃椅+乾濕分離】:HK$192', '精緻大床房【全景落地窗+貴妃椅+乾濕分離】:HK$202', '雅緻雙床房【智能客控+高空城景+深度好眠】:HK$213', '雅緻大床房【超大床墊+高空城景+深度好眠】:HK$224', '豪雅雙床房【歐式風格+全景落地窗+智能客控】:HK$256']"
南充嘉舟麗港酒店,9.2,"['普通單間:HK$371', '普通標間:HK$371', '園林單間（9號樓）:HK$436', '園林標間（9號樓）:HK$436', '商務江景單間:HK$497', '商務江景標間:HK$497']"
南充碧桂園鳳悦鳳凰酒店,9.6,"['靜雅陽台大床房:HK$394', '靜雅陽台雙床房:HK$401', '園景陽台大床房:HK$426', '園景陽台雙床房:HK$435', '歡樂親子家庭房:HK$708', '寵物友好大床房:HK$869']"
宜尚酒店（南充泰閤中心南充火車站店）,9.5,"['舒適大床房（榻榻米+高層）:HK$183', '舒適雙床房（隱祕空間+安靜舒適）:HK$193', '標準大床房（城景視野+舒適布藝沙發）:HK$223', '城景大床房（俯瞰城景風光+高層全景+安靜）:HK$232']"
南充故鄉酒店（1227廣場店）,9.4,"['故鄉精品房:HK$226', '豪華大床房:HK$261', '豪華雙床房:HK$261', '尊享大床房:HK$290']"
興宇瑞廷西郊S酒店,9.4,"['行政單間:HK$253', '城景行政大床房:HK$275', '豪華怡景雙床房:HK$275', '豪華行政雙床房:HK$275', '豪華行政大床房:HK$301']"
漢庭酒店（南充濱江大道店）,9.7,"['大床房:HK$227', '高級雙床房:HK$227', '高級大床房:HK$246', '城景大床房:HK$264']"
全季酒店（南充西巷文化商業街店）,9.6,"['高級大床房:HK$327', '高級雙床房:HK$327', '商務大床房:HK$355', '商務雙床房:HK$355']"
N6藝術空間酒店（南充不夜城店）,9.5,"['輕奢大床房:HK$307', '高級雙床房:HK$307', '豪華雙床房:HK$325', '妙趣童心親子房:HK$389', '智雅景觀套房:HK$1,626']"
如家商旅酒店（南充西華師範大學店）,9.3,"['商務大床房:HK$197', '雙床房:HK$197', '高級雙床房:HK$215', '高級大床房:HK$215']"
麗溪酒店（南充高坪機場安漢廣場店）,9.2,"['高級大床房:HK$184', '標準大床房:HK$203', '豪華大床房:HK$230', '純凈大床房:HK$277', '豪華套房:HK$333']"
威思頓酒店（南充火車站店）,9.6,"['【悦享】榻榻米大床房｜零壓床墊｜智能客控:HK$158', '【特惠】舒適大床房｜零壓床墊｜智能客控:HK$169', '【悦享】標準雙床房｜零壓床墊｜智能客控:HK$180', '【優享】榻榻米大床房｜零壓床墊｜智能客控:HK$191']"
南充天來大酒店,8.9,"['精緻標間:HK$360', '城景標間:HK$381', '城景特色單間:HK$425', '精緻江景標間:HK$436', '雅緻江景標間:HK$458', '豪華江景標間:HK$480']"
南充閲曼酒店（西華師範大學店）,9.7,"['閲享安睡大床房｜零壓床墊｜智能客控:HK$218', '【閲澤】舒享安睡大床房|零壓床墊|智能客控:HK$227', '閲暢&園景雙床房:HK$227', '閲和&園景親子房:HK$250', '閲澤&園景安睡大床房:HK$261']"
南充金鴻大酒店,9.4,"['商務標間:HK$317', '商務單間:HK$317', '豪華標間:HK$353', '豪華單間:HK$353', '行政標間:HK$390']"
南充大酒店,9.1,"['行政單間:HK$256', '行政標間:HK$256', '行政特價標間:HK$256', '行政特價單間:HK$256', '商務單間:HK$321']"
明仁酒店（南充王府井店）,9.2,"['安心大床房:HK$191', '安心雙床房:HK$191', '高級雙床房:HK$208', '豪華大床房:HK$208', '高級大床房:HK$208']"
楓霖酒店（南充火車北站店）,9.7,"['安睡大床房（新風系統+零壓床墊）:HK$194', '特惠大床房（智能客控）:HK$196', '特惠雙床房（智能客控）:HK$196', '精緻雙床房（智能客控+零壓床墊+55寸可投屏電視）:HK$208']"
南充團結大酒店（泰閤中心火車站店）,8.7,"['特價大床房:HK$114', '舒適大床房:HK$132', '舒適雙床房:HK$132', '高級大床房:HK$140']"
南充天龍國際酒店,8.7,"['商務單間:HK$139', '商務標間:HK$139', '行政標間:HK$164', '豪華單間:HK$182', '行政單間:HK$186']"
維也納酒店（南充高坪機場川北醫學院店）,9.7,"['高級雙床房:HK$225', '豪華大床房:HK$245', '豪華雙床房:HK$253', '商務大床房:HK$257']"
麗楓酒店（南充西華師大店）,9.8,"['自在大床房:HK$270', '自在雙床房:HK$270', '商務大床房:HK$298', '商務雙床房:HK$298']"
閲曼湖畔酒店（嘉陵南湖凱旋廣場店）,9.7,"['閲享安睡大床房[零壓床墊｜智能客控］:HK$206', '舒享安睡大床房【零壓床墊｜智能客控】:HK$240', '閲澤雙床房【零壓床墊｜智能客控】:HK$261', '閲茗茶藝大床房【零壓床墊｜智能客控】:HK$293']"
友豪大酒店（南充高坪店）,8.8,"['零壓舒睡大床房（智能客控+乳膠床墊+親膚床品）:HK$130', '零壓舒睡雙床房（智能客控+乳膠床墊+辦公桌）:HK$140', '180°全視野景觀雙床房（智能客控＋舒睡枕+零壓床墊）:HK$150', '行政新中式套房（智能客控+休閑沙發+浴缸化粧鏡）:HK$170']"
舒妤馨悦酒店（南充1227廣場店）,8.8,"['馨悦雙床房:HK$160', '舒妤雙床房:HK$160', '舒妤大床房:HK$160', '馨悦大床房:HK$160']"
江悦酒店（南充中虹國際店）,9.7,"['全智能|簡約大床房（全屋智能+超清影音）:HK$195', '暢享影音|城景大床房（全屋智能+超清影音）:HK$205', '觀日出|江景大床房（全屋智能+超清影音）:HK$215', '宜丨90°全景大床房（全屋智能+超清影音）:HK$226']"
金燕精品酒店,9.1,"['精品大床房:HK$125', '舒適雙床房:HK$128', '豪華大床房:HK$141', '圓床房:HK$187']"
南充羅曼酒店（西華師範大學華鳳校區店）,9.0,"['曼逸大床房（智能客控+零壓床墊）:HK$189', '曼悦大床房（智能客控+零壓床墊）:HK$202', '曼雅雙床房（智能客控+零壓床墊）:HK$222', '曼享豪華大床房（智能客控+零壓床墊）:HK$254']"
凱里亞德酒店（南充嘉陵店）,9.5,"['輕享雙床房:HK$234', '輕享大床房:HK$234', '優享雙床房:HK$251', '優享大床房:HK$251', '榮享雙床房:HK$269']"
海月酒店（南充1227廣場店）,9.2,"['海月輕享丨大床房:HK$117', '海月輕享丨雙床房:HK$117', '海月舒享丨雙床房:HK$124', '海月舒享丨大床房:HK$124']"
南充華羅麗景大酒店,9.2,['浮雲江景親子套房:HK$358']
南充客來登酒店（金融中心萬達廣場店）,9.0,"['陽光大床房:HK$207', '拾光慢享大床房:HK$231', '清逸悦途雙床房:HK$231', '夢嶼舒眠大床房:HK$255']"
南充貝殼酒店（總商會大廈店）,9.2,['雅緻雙床房:HK$141']
途麥開心酒店（南充高坪機場店）,9.5,"['舒心│ 特惠大床房:HK$302', '貼心│ 特惠雙床房:HK$302', '暖心│ 高級大床房:HK$317', '順心│ 高級雙床房:HK$317']"
隆祥智慧酒店（南充五星花園店）,8.2,"['悦享丨舒適大床房:HK$107', '智能丨品質大床房+小度智控:HK$129', '智慧丨高級大床房+小度智控:HK$162', '智享丨豪華大床房+小度智控:HK$162']"
南充雲麓假日酒店（川北醫學院附屬醫院新院區店）,8.9,"['標準大床房:HK$105', '標準雙床房:HK$113', '豪華大床房:HK$127', '豪華雙床房:HK$131']"
夢迴酒店（南充高坪區店）,8.8,"['樂享 大床房:HK$114', '雅緻 大床房:HK$126', '雅緻 雙床房:HK$138', '輕奢丨棋牌大床房（機麻、休閑娛樂）:HK$169']"
南充卡門金泰酒店,8.7,"['特惠大床房:HK$195', '靜雅悦享大床房:HK$216', '靜雅悦享雙床房:HK$238', '豪雅尊享大床房:HK$271']"
南充鳳儀灣嘉舟麗港酒店,9.3,"['水鎮精品標間:HK$316', '水鎮精品單間:HK$316', '木屋湖景標間:HK$432', '木屋湖景單間:HK$432', '水鎮園林單間:HK$547', '水鎮園林標間:HK$547']"
南充江南酒店,9.2,"['舒適大床房:HK$114', '精品雙床房:HK$134', '精品大床房:HK$134', '行政雙床房:HK$143']"
大川酒店（南充市高坪區龍門街道店）,8.7,['豪華機麻房:HK$252']
南充近江時光酒店（王府井店）,9.3,"['豪華大床房:HK$195', '豪華江景雙床房:HK$195', '豪華江景大床房:HK$205', '子母房:HK$214']"
佳鑫電競酒店,9.1,"['簡約雙床房:HK$111', '影音大床房:HK$111', '電競大床房（RTX4060+13代i5+2K顯示屏）:HK$113', '簡約大床房:HK$123']"
紳士大酒店（1227購物廣場店）,9.2,"['紳士舒適大床房:HK$249', '紳士悦雅雙床房:HK$263', '紳士觀景大床房:HK$277', '紳士靜眠大床房:HK$294']"
7天連鎖·派酒店（西華師範大學北湖校區店）,8.6,"['雅緻純凈陽光雙床房:HK$63', '滾來滾去大床房:HK$63', '雅緻純凈陽光大床房:HK$81', '雅潔舒適商旅雙床房:HK$81']"
南充銘尚酒店,9.3,['豪華商務標準間:HK$204']
君逸酒店（恆大綠洲店）,9.9,"['君.心享大床房:HK$161', '逸.優享大床房:HK$163', '逸.悦享圓床房:HK$163', '君.輕奢江景大床房:HK$167']"
