酒店名称,评分,房型价格列表
南昌滕王閣希爾頓歡朋酒店,9.2,"['舒適大床房:HK$404', '舒適雙床房:HK$413', '高級大床房:HK$432', '高級雙床房:HK$446', '豪華江景大床房:HK$462']"
南昌東方豪景花園酒店（滕王閣八一廣場店）,8.6,"['內景大床房（內庭有窗+浴缸）:HK$358', '內景雙床房（內庭有窗+浴缸）:HK$402', '城景大床房（一米陽光+浴缸靠窗）:HK$435', '城景雙床房（一米陽光+浴缸靠窗）:HK$468', '夢百合0壓大床房（帶0壓床墊+0壓記憶枕）:HK$479', '江景大床房（隱於市井中望江+浴缸靠窗）:HK$500']"
宜必思酒店（南昌滕王閣萬壽宮店）,9.3,"['大床房:HK$207', '高級大床房:HK$227', '雙床房A:HK$246', '雙床房:HK$264']"
錦江都城酒店（南昌滕王閣八一廣場店）,9.5,"['精緻大床房（電視投屏+高空觀景）:HK$357', '風雅雙床房（180°落地窗+Mini Bar小冰箱+一鍵投屏）:HK$392', '風雅大床房（180°落地窗+Mini Bar小冰箱+一鍵投屏）:HK$392', '巨幕投影大床房（100寸巨幕+影音會員+全屋智能）:HK$417']"
南昌滕王閣美居酒店,9.5,"['標準房-大床（ FlorisLand洗護套裝+MiniBar）:HK$492', '高級房-大床（ FlorisLand洗護套裝+MiniBar）:HK$523', '高級房-雙床（ FlorisLand洗護套裝+MiniBar）:HK$533', '豪華房-雙床（ FlorisLand洗護套裝+MiniBar）:HK$583', '豪華江景房-大床（滕王閣夜景+一線江景）:HK$593']"
南昌銅鑼灣廣場開元名庭酒店,9.6,"['名成高級大床房:HK$424', '名成高級雙床房:HK$424', '名成豪華大床房:HK$457', '名成豪華雙床房:HK$457', '名成行政大床房:HK$490']"
南昌西站國博萬達悦華酒店,9.5,"['高級雙床房（景觀落地窗+Acca Kappa洗護用品+智能投屏）:HK$337', '高級大床房（雙面景觀落地窗+Acca Kappa洗護用品+智能投屏）:HK$370', '豪華雙床房（景觀落地窗+Acca Kappa洗護+智能投屏）:HK$393', '豪華大床房（景觀落地窗+Acca Kappa洗護+智能投屏）:HK$426', '棋牌大床房（落地窗+Acca Kappa洗護用品+智能投屏）:HK$447']"
集合民宿（南昌紅谷灘萬達店）,8.7,"['初現居-乳膠床墊:HK$255', '未見居-乳膠床墊:HK$255', '隱世居-乳膠床墊:HK$255', '初心居-乳膠床墊:HK$297']"
南昌香格里拉大酒店,9.5,"['豪華江景雙床房:HK$744', '豪華江景大床房:HK$776', '行政江景大床房:HK$853', '豪華閣江景大床房:HK$1,072', '豪華閣江景雙床房:HK$1,072', '森林奇旅主題親子房:HK$1,111']"
南昌嘉萊特精選酒店（紅谷灘綠地雙子塔店）,9.5,"['嘉悦|城景大床房（俯瞰夜景）:HK$389', '嘉商|舒睡大床房（乾濕分離）:HK$410', '嘉商|舒睡雙床房（安靜好眠）:HK$410', '嘉豪|闊氣雙床房（樂享茶道）:HK$420', '嘉庭|温馨舒適家庭房（卡通主題）:HK$470']"
桔子酒店（南昌滕王閣萬壽宮店）,9.6,"['商務大床房（落地窗+智能客控投屏+小冰箱）:HK$468', '江景大床房（180°落地窗+贛江美景+智能客控投屏）:HK$547', '精選雙床房（180°落地窗+智能客控投屏+小冰箱）:HK$567', '豪華雙床房（多方位落地窗+智能客控投屏+小冰箱）:HK$645', '江景豪華雙床房（多方位落地窗+滕王閣贛江美景）:HK$722']"
南昌龍鼎茶都解放東路亞朵酒店,9.6,"['高級大床房（投屏電視）:HK$359', '高級雙床房（投屏電視）:HK$377', '行政大床房（投屏電視）:HK$386', '行政雙床房（投屏電視）:HK$404', '幾木大床房（Mini小冰箱+投屏電視+深睡PRO）:HK$413']"
皇鉑酒店（南昌八一館萬壽宮店）,9.3,"['特惠大床房【智能家居+3D護脊床墊+慢回彈護頸枕】:HK$327', '舒適大床房【智能家居+3D護脊床墊+慢回彈護頸枕】:HK$338', '尊享智慧雙床房【智能家居+3D護脊床墊+慢回彈護頸枕】:HK$338', '尊享閨蜜機大床房【智能家居+閨蜜機+護脊床墊枕】:HK$338']"
南昌喜來登酒店,9.4,"['豪華城景雙床房:HK$774', '豪華城景大床房:HK$774', '尊貴豪華江景雙床房:HK$902', '尊貴豪華江景大床房:HK$902', '行政城景雙床客房:HK$1,029', '行政城景大床客房:HK$1,029']"
皇鉑酒店（南昌滕王閣店）,9.4,"['舒適大床房【全智能沖洗馬桶+護脊床墊+回彈護頸枕】:HK$309', '智慧大床房【全智能沖洗馬桶+護脊床墊+回彈護頸枕】:HK$360', '豪華大床房【全智能沖洗馬桶+護脊床墊+回彈護頸枕】:HK$412', '智慧雙床房【全智能沖洗馬桶+護脊床墊+回彈護頸枕】:HK$464']"
南昌西站智選假日酒店（綠地國際博覽中心店）,9.5,"['高級大床房（乾濕分離+斯得福軟硬枕+辦公桌椅）:HK$327', '高級雙床房（乾濕分離+斯得福軟硬枕+辦公桌椅）:HK$327', '舒適高級大床房（乾濕分離+斯得福軟硬枕+辦公桌椅）:HK$365', '舒適高級雙床房（乾濕分離+斯得福軟硬枕+辦公桌椅）:HK$365', '豪華大床房（乾濕分離+斯得福軟硬枕+沙發椅+辦公桌椅）:HK$421']"
全季酒店（南昌紅谷灘萬達廣場店）,9.6,"['高級大床房:HK$440', '商務大床房:HK$469', '高級特大床房:HK$498', '高級雙床房:HK$516']"
格林縵旅大酒店（八一廣場一附院店）,9.5,"['商務雙床房（小冰箱+乾濕分離）:HK$347', '商務大床房（乾濕分離）:HK$349', '優選雙床房（小冰箱+乾濕分離）:HK$383', '高級大床房（小冰箱+55寸投屏電視+空氣凈化器）:HK$394', '高級雙床房（小冰箱+55寸投屏電視）:HK$406']"
南昌紅谷灘萬象城漫心酒店,9.6,"['心享城景雙床房（城景+金可兒深睡床墊）:HK$442', '心悦城景大床房（城市夜景+金可兒深睡床墊）:HK$463', '心夢尊享江景雙床房（江景+金可兒深睡床墊）:HK$463', '心享江景大床房（金可兒深睡床墊+兩岸璀璨燈光夜景）:HK$482', '心夢尊享江景家庭房（摩天輪夜景+金可兒深睡床墊）:HK$482']"
麗怡酒店（南昌昌北國際機場店）,9.8,"['高級雙床房（慕思床墊+iFagrance洗護用品）:HK$236', '豪華家庭房（慕思床墊+iFagrance洗護用品）:HK$285', '會晤套房（慕思床墊+iFagrance洗護用品）:HK$351']"
南昌高新艾溪湖亞朵酒店,9.8,"['雅緻大床房（慢回彈護頸記憶枕）:HK$377', '高級大床房（慢回彈護頸記憶枕）:HK$404', '高級雙床房（慢回彈護頸記憶枕）:HK$404', '行政大床房（Mini小冰箱）:HK$439', '幾木雙床房（Mini小冰箱+深睡枕PRO）:HK$439']"
南昌萬怡酒店（滕王閣陽明公園地鐵站店）,9.2,"['高級大床房:HK$472', '商務大床房:HK$515', '商務雙床房:HK$515', '豪華大床房:HK$580', '豪華雙床房:HK$580']"
新大澤城市酒店（南昌滕王閣萬壽宮店）,8.9,"['精選大床房[投屏電視●熟睡床墊●強力空調】:HK$268', '甄選雙床房:HK$281', '城景大床房:HK$294', '娛樂棋牌房【槓上開花●國粹娛樂】:HK$308']"
中洲國際酒店（江西農業大學城旭輝中心店）,9.2,"['梅嶺·舒眠影音大床房（薰香+眼罩+深度睡眠）:HK$216', '梅嶺·舒眠影音雙床房【竹海明珠+獅子峯+櫻花谷】:HK$226', '中洲甄選驚喜大床房:HK$244', '滕王閣·觀影大床房:HK$254', '紅谷灘·高級雙床房:HK$263']"
柏納酒店（南昌八一廣場武商購物中心店）,9.3,"['臻享大床房（小巧玲瓏+靜謐空間）:HK$459', '臻選大床房:HK$480', '精選大床房（深度好眠+獨立辦公）:HK$502', '景觀大床房（城市夜景+獨立辦公）:HK$524']"
漢庭酒店（南昌儒樂湖昌北機場店）,9.6,"['高級大床房:HK$255', '商務大床房:HK$275', '雙床房:HK$275', '家庭房:HK$312']"
錦江都城酒店（南昌紅谷灘萬達廣場衛東地鐵站店）,9.2,"['精緻大床房:HK$306', '精緻雙床房:HK$309', '風雅雙床房【落地窗+國潮設計+智能小度+智能馬桶】:HK$323', '風雅大床房【落地窗+國潮設計+智能小度+智能馬桶】:HK$340']"
南昌瀾悅滕王閣智選酒店（國威路地鐵站店）,9.4,"['舒享陽光大床房:HK$198', '舒享陽光雙床房:HK$240', '夢百合零壓大床房:HK$240', '智能巨幕投影大床房:HK$261', '夢百合零壓雙床房:HK$261']"
城市便捷酒店（南昌紅谷灘翠苑路地鐵站店）,9.4,"['智能標準大床房（智能客控+舒適睡眠+VIP投影投屏）:HK$183', '智能商務大床房（智能客控+舒適睡眠）:HK$207', '智能商務雙床房（智能客控+舒適睡眠）:HK$215', '智能高級大床房（智能客控+舒適睡眠）:HK$232']"
宜尚酒店（南昌滕王閣萬壽宮地鐵站店）,9.4,"['智能舒適大床房:HK$287', '智能舒適雙床房:HK$287', '智能標準大床房:HK$311', '智能標準雙床房:HK$327']"
南昌逸居酒店（萬壽宮店）,9.3,"['精緻大床房:HK$196', '精緻雙床房:HK$204', '高級大床房:HK$204', '親子房（雙床）:HK$218']"
阿道夫·S酒店（南昌八一廣場地鐵站店）,9.5,"['滕王閣 | 舒適大床房（深睡床墊+一鍵投屏）:HK$315', '萬壽宮 | 高級大床房（亞朵款深睡床墊+一鍵投屏）:HK$348', '美術館 | 觀影大床房（極米高清投影+智能客控）:HK$370', '繩金塔 |豪華大床房（亞朵款床墊+記憶深睡枕+小冰箱）:HK$392']"
伴思緣輕奢美宿,9.6,"['淺溪·山景庭院雙床房:HK$841', '雲野·山湖景觀露台私湯房:HK$918', '踏月·觀景私湯大床房:HK$994', '望湖·觀景庭院大床房:HK$1,071']"
中森國際酒店（南昌大橋東地鐵站店）,9.1,"['秋色舒適大床房:HK$288', '秋色舒適雙床房:HK$288', '韓式巨幕舒眠大床房:HK$312', '韓式好眠雙床房:HK$312', '秋暮高級大床房:HK$332']"
南昌滕王閣萬壽宮漫心酒店,9.6,"['心怡標準大床房（65寸電視一鍵投屏+小冰箱+親膚浴袍）:HK$442', '心享豪華大床房（一鍵投屏+小冰箱+mini Bar）:HK$482', '心享商務家庭房（65寸電視智能投屏+mini Bar+小冰箱）:HK$503', '心夢尊享大床房（智能投屏+小冰箱+mini Bar+城景）:HK$523', '心夢景觀大床房（觀滕王閣夜景+一鍵投屏+小冰箱）:HK$583']"
麗楓酒店（南昌滕王閣萬壽宮地鐵站店）,9.2,"['雅緻大床房（慕思床墊+專屬薰衣草洗護+智能投屏）:HK$365', '豪華大床房（慕思床墊+專屬薰衣草洗護+智能投屏）:HK$405', '商務大床房（慕思床墊+專屬薰衣草洗護+智能投屏）:HK$445', '浪漫優享房（慕思床墊+專屬薰衣草洗護+智能投屏）:HK$477']"
南昌朝陽中心希爾頓歡朋酒店,9.6,"['高級園景雙床房:HK$458', '高級園景大床房:HK$458', '高級側江景大床房:HK$524', '荷里活超大床房:HK$525', '豪華側江雙床房:HK$579']"
宜尚酒店（南昌滕王閣王府井店）,9.5,"['智能高級大床房·茗享空間·全屋智控:HK$289', '智能影院大床房·4K高清幕布·無憂觀影:HK$319', '智能豪華大床房·ARILAND床墊·沙發套件:HK$319', '智能高級雙床房·180°全視野·全屋智控:HK$334', '智能商務大床房·180°全視野·頭等座艙:HK$356']"
城市便捷酒店（南昌江西財經大學孔目湖地鐵站店）,9.6,"['智能高級大床房（舒適靜謐｜全屋智能）:HK$198', '智能高級雙床房（舒適睡眠｜全屋智能）:HK$198', '智能商務大床房（全屋智能｜悠享辦公）:HK$221', '智能商務雙床房（全屋智能｜悠享辦公）:HK$221']"
漫朵酒店（南昌滕王閣萬壽宮店）,9.1,"['漫朵大床房:HK$314', '漫朵影音大床房:HK$323', '漫朵影音休閑房:HK$349', '漫朵影音雙床房:HK$358']"
麗楓酒店（南昌向塘鹿港星城店）,9.2,"['豪華大床房:HK$265', '純凈自然商務雙床房:HK$294', '行政大床房:HK$294', '景觀大床房:HK$324']"
南昌八一廣場美侖酒店,9.1,"['舒適大床房:HK$327', '舒適雙床房:HK$360', '美侖大床房:HK$371', '美侖雙床房:HK$404', '尊享大床房:HK$414']"
南昌八一廣場智選假日酒店（火車站店）,9.4,"['標準大床房（乾濕分離+金可兒床墊+斯得福軟硬枕）:HK$299', '標準雙床房（乾濕分離+金可兒床墊+斯得福軟硬枕）:HK$299', '高級大床房（乾濕分離+金可兒床墊+斯得福軟硬枕）:HK$327', '高級雙床房（乾濕分離+金可兒床墊+斯得福軟硬枕）:HK$327', '精緻套房（金可兒床墊+斯得福軟硬枕+辦公桌椅）:HK$552']"
凱里亞德酒店（南昌紅谷灘萬達廣場綠地雙子塔店）,9.1,"['優享陽光大床房:HK$305', '榮享城景雙床房:HK$323', '榮享主題大床房:HK$331', '優享星光大床房:HK$340']"
安義為邦理想酒店（南昌職業大學市民廣場店）,9.4,"['優悦城景大床房（辦公書桌+乾濕分離衞浴）:HK$232', '優悦城景雙床房（辦公書桌+乾濕分離衞浴）:HK$232', '深睡舒享大床房（城景景觀+零壓釋壓床墊+助眠乳膠枕）:HK$266', '深睡舒享雙床房（城景景觀+零壓釋壓床墊+助眠乳膠枕）:HK$266', '行政全景大床套房（獨立客廳+雲端景觀+解壓浴缸）:HK$299']"
凱里亞德酒店（南昌八一廣場地鐵站美術館店）,8.3,"['樂享大床房（全景落地窗+智能客控 ）:HK$382', '優享影音大床房（百寸VIP投影+智能客控）:HK$408', '優享大床房（舒適床品+智能客控）:HK$434', '優享雙床房（舒適床品+智能客控）:HK$462']"
漢庭酒店（南昌八一廣場美術館店）,9.6,"['大床房:HK$284', '高級大床房:HK$302', '雙床房:HK$341', '家庭房:HK$378']"
南昌朝陽大橋西湖萬達亞朵酒店,9.6,"['高級雙床房（投屏電視）:HK$413', '高級大床房 （投屏電視）:HK$413', '行政大床房（Mini小冰箱+投屏電視）:HK$448', '行政雙床房（投屏電視+Mini小冰箱）:HK$448', '幾木大床房（Mini小冰箱+投屏電視+深睡枕PRO）:HK$484']"
南昌賓呈國際酒店（青山湖萬達廣場店）,9.4,"['沉浸觀影大床房（智能客控+手機投屏）:HK$222', '舒適大床房（智能客控+功夫茶具+安睡蕎麥枕）:HK$283', '舒適雙床房（智能客控+功夫茶具+安睡蕎麥枕）:HK$285', '雅悦高級大床房（智能客控+功夫茶具+高層景觀）:HK$309', '雅悦高級雙床房（智能客控+功夫茶具+高層景觀）:HK$309']"
美豪麗致酒店（萬壽宮滕王閣店）,9.6,"['高級大床房:HK$480', '麗致豪華雙床房:HK$535', '麗致豪華大床房:HK$535', '影音大床房:HK$535', '江景豪華超大床房:HK$589']"
