酒店名称,评分,房型价格列表
天町未來酒店（吉安人民廣場店）,9.3,"['靜謐雙床房（全智能客控＋空氣凈化＋65寸超大屏電視）:HK$228', '靜謐大床房（新風凈化全智能＋舒適睡眠＋65寸超大電視）:HK$228', 'V豪華大床房（全智能客控＋舒適睡眠＋65寸超大電視）:HK$298', 'V豪華雙床房（全智能客控）（深睡眠）:HK$298', 'V豪華棋牌房（千兆網絡＋超大麻將＋全智能客控）:HK$328']"
吉安希爾頓歡朋酒店,9.2,"['舒適雙床房:HK$358', '舒適大床房:HK$378', '豪華雙床房:HK$392', '豪華大床房:HK$411', '高級大床房:HK$422']"
吉安文山國際大酒店,9.3,"['特價標準大床房:HK$215', '豪華大床房:HK$303', '豪華雙床房:HK$303', '標準雙床房:HK$304', '標準大床房:HK$304']"
吉安廬陵東方賓館,9.5,"['豪華雙床房:HK$411', '豪華大床房:HK$411', '夢百合0壓大床房（帶0壓床墊+0壓記憶枕）:HK$472', '豪華親子大小床房:HK$816', '商務大床套房:HK$860']"
全季酒店（吉安吉州大道店）,9.6,"['商務大床房:HK$292', '豪華大床房:HK$321', '商務雙床房:HK$349', '豪華家庭房:HK$377']"
吉安井岡大業酒店,9.2,"['經濟温馨房:HK$218', '商務雙床房:HK$262', '商務大床房:HK$272', '豪華雙床房:HK$272', '影院大床房:HK$272']"
吉安東悦天懿酒店,9.7,"['高級園景雙床房:HK$515', '豪華湖景大床房:HK$515', '高級湖景大床房:HK$515', '豪華園景大床房:HK$521', '商務智能園景大床房:HK$568', '商務智能園景雙床房:HK$568']"
吉安賓館,9.2,"['商務標間:HK$371', '夢百合0壓商務標間（帶0壓床墊+0壓記憶枕）:HK$407', '豪華標間:HK$409', '豪華單間:HK$409', '高級行政標間:HK$434']"
吉安釣源十里芳菲村落,9.8,"['芳扉巷道陽光雙床房:HK$1,296', '芳扉特色大床房:HK$1,296', '芳扉特色雙床房:HK$1,296', '芳扉暖居庭院雙床房:HK$1,514', '芳扉私享園景大床房:HK$1,732', '芳扉暖居兩房別院:HK$2,387']"
濠江悦品連鎖酒店（吉安市政府店）,9.5,"['悦享豪華大床房（全景落地窗&沙發大茶几）:HK$272', '悦享豪華雙床房（全景落地窗&沙發大茶几）:HK$272', '舒享高級大床房（獨立烘衣機&舒適辦公）:HK$293', '舒享高級雙床房（獨立烘衣機&舒適辦公）:HK$293']"
萬庭酒店（濱江生態公園吉安火車站店）,9.3,"['特惠大床房（智能客控）:HK$201', '優選雙床房（智能客控）:HK$213', '江景雅緻大床房（智能客控）:HK$238', '江景豪華大床房（智能客控）:HK$262', '豪華雙床房（智能客控）:HK$262']"
桔子酒店（吉安人民廣場店）,9.7,"['加州陽光豪華大床房:HK$292', '加州陽光商務雙床房:HK$292', '加州陽光商務大床房:HK$312', '加州陽光豪華家庭房:HK$387']"
雅朵美濠酒店（吉安市政府店）,9.5,"['優享大床房（喜臨門床墊+智能客控）:HK$210', '靜眠高級大床房（喜臨門床墊+環保馬桶墊）:HK$225', '靜眠高級雙床房（喜臨門零壓床墊+全景落地窗）:HK$234', '零壓靜眠大床房（零壓床墊+零壓記憶枕）:HK$243']"
錦江都城酒店（吉安人民廣場店）,9.4,"['時尚大床房:HK$207', '風雅雙床房:HK$228', '風雅大床房:HK$228', '安舒大床房（夢百合零壓床）:HK$255']"
萬博洲際酒店（吉安火車站店）,9.0,"['雅緻大床房:HK$163', '情侶主題房:HK$166', '高級大床房:HK$182', '高級雙床房:HK$182']"
希岸酒店（吉安人民廣場文山步行街店）,9.4,"['希岸雅緻房:HK$188', '高級大床房:HK$203', '高級零壓雙床房:HK$203', '希岸豪華大床房:HK$213']"
希岸酒店（吉安市政府店）,9.4,"['玲瓏大床房:HK$208', '希岸大床房:HK$216', '希岸景觀雙床房:HK$255', '希岸景觀大床房:HK$255']"
吉安港儷智選酒店（城南行政中心店）,9.7,"['智選大床房:HK$267', '智選雙床房:HK$267', '零壓大床房:HK$313', '智選棋牌房:HK$313']"
美麗豪酒店（吉安人民廣場店）,9.4,"['優享雙床房（零壓床墊+高速WiFi）:HK$226', '麗豪大床房（智能客控+零壓床墊）:HK$237', '優享影院大床房（巨幕私享+沉浸觀影）:HK$237', '麗豪雙床房（商務辦公+零壓床墊）:HK$257']"
吉安海聯國際飯店,8.8,"['高級大床房:HK$184', '國際樓·豪華標準間:HK$291', '國際樓·豪華大床房:HK$291', '國際樓·豪華雙開套房:HK$747', '國際樓·豪華三開套房:HK$1,013']"
雲天麓谷結廬半間民宿,9.7,"['漁翁（温馨古建雙床+舒適床品）:HK$719', '樵客古建院景房（温馨大床+超大浴缸+舒服床品）:HK$849', '芝蘭友:HK$981', '銜風谷:HK$981', '一枝客:HK$981', '藏秋月:HK$1,199']"
舊雨新知民宿（吉安釣源古村店）,9.8,"['普通標準間:HK$437', '清幽雅苑雙床房:HK$527', '庭院標準間:HK$527', '靜雅雙床房:HK$527']"
漢庭酒店（吉安吉州廬陵文化生態園店）,9.7,"['豪華大床房:HK$215', '豪華雙床房:HK$231', '高級大床房:HK$241', '套房:HK$289']"
東昇美濠酒店（吉安人民廣場能仁巷店）,9.3,"['舒適大床房:HK$167', '優選大床房（品牌床墊舒適睡眠）:HK$181', '高級雙床房（品牌床墊舒適睡眠）:HK$188', '高級大床房（品牌床墊舒適睡眠）:HK$202']"
吉安米中酒店（吉安火車站店）,9.4,"['商務雙床房（智能客控）:HK$181', '商務大床房（智能客控）:HK$181', '棋牌大床房:HK$293']"
昌泰國際酒店（吉安八中韶山路校區吉州大道店）,8.6,"['特惠標間:HK$216', '特惠單間:HK$216', '商務休閑標間:HK$237', '商務休閑單間:HK$237', '豪華標間:HK$259']"
芒果酒店（吉安火車站井岡山大學店）,9.9,"['特價豪華三床房:HK$140', '親子大床房:HK$175', '雅逸大床房:HK$175', '雅居·芒果三床房:HK$184']"
吉安海倫酒店,10.0,"['豪華大床房:HK$174', '商務大床房:HK$209', '公寓大床房:HK$226']"
吉安愷蒂國際大酒店,9.0,"['智能豪華雙床房:HK$349', '智能豪華大床房:HK$353', '夢百合零壓大床房（帶0壓床墊+記憶枕）:HK$388', '智能行政大床房:HK$398', '智能休閑麻將雙床房:HK$398', '親子標準間:HK$453']"
吉安百納酒店（火車站青原思源學校店）,9.3,"['祥迷藍享商務大床房:HK$183', '百享悦動商務雙床房:HK$205', '銘動樂享豪華大床房:HK$205', '納情智享豪華雙床房（智能客控）:HK$227']"
吉安釣源十里山房民宿,10.0,"['巷道陽光房-雙床:HK$1,525', '暖居庭院房雙床房:HK$1,782', '情侶套房:HK$2,424', '名門雅緻套房:HK$3,195']"
吉安迪威樂國際酒店（吉安火車站店）,8.4,"['高級大床房:HK$154', '高級雙床房:HK$154', '豪華大床房:HK$154', '豪華雙床房:HK$154']"
吉安華僑國際酒店,8.5,"['標準大床房（附樓）:HK$146', '愛尚主題房b（附樓）:HK$196', '愛尚主題房a（附樓）:HK$196', '棋牌套房（附樓）:HK$235']"
維也納酒店（吉安火車站店）,9.7,"['標準大床房:HK$150', '商務大床房:HK$174', '高級大床房:HK$181', '豪華雙床房:HK$189']"
維也納酒店（吉安吉州區城北店）,9.6,"['標準大床房:HK$220', '高級大床房:HK$250', '豪華雙床房:HK$250', '棋牌大床房:HK$260']"
吉安仁達文化酒店（吉安火車站店）,9.1,"['景觀大床房:HK$228', '特惠商務大床房:HK$229', '景觀雙床房:HK$280', '江景雙床房:HK$300']"
城市便捷酒店（吉安人民廣場店）,9.7,"['標準大床房:HK$209', '高級大床房:HK$247', '高級雙床房:HK$266', '豪華大床房:HK$266']"
吉安市凱美龍酒店（人民廣場文山步行街店）,9.2,"['吉州-温馨時尚大床房（智能電視可投屏+酒店公區提供自助洗衣機+零壓床墊+休閑桌椅+變頻空調+化粧鏡）:HK$141', '舒適浪漫情侶房（簡約時尚+電視可投屏+化粧鏡）:HK$147', '精緻豪華大床房（平躺沙發+零壓床墊+休閑桌椅+化粧鏡）:HK$147', '輕奢優選雙床房（零壓床墊+休閑桌椅+兩張大床+化粧鏡）:HK$167']"
漢庭酒店（吉安人民廣場店）,9.5,"['高級大床房:HK$230', '大床房:HK$230', '雙床房:HK$230']"
東棠怡楓酒店（吉安青原區火車站店）,9.2,"['臻選 | 輕居大床房 （商務辦公桌+全身鏡+便捷晾衣桿）:HK$203', '輕居雙床房:HK$211', '輕奢 | 雲居大床房（品牌零壓床墊+45寸大電視+休閑小沙發）:HK$220', '雲居雙床房:HK$228']"
吉安泉龍酒店,10.0,['精緻大床房:HK$164']
海天滙智能酒店（吉安火車站店）,9.2,"['商務雙床房（酒店提供自助洗衣機）:HK$193', '智能豪華大床房（送一次性刮鬍刀＋茶葉＋辦公桌＋軟卧沙發）:HK$253', '城景智能豪華雙床房（送茶葉、自助洗衣+送一次性刮鬍刀）:HK$267', '影音大床房（辦公桌+送茶葉+自助洗衣）:HK$272']"
廬陵印象酒店（吉安文山步行街店）,8.9,"['悦享特惠大床房【60S親膚床品+瓶裝水+公區洗衣機】:HK$133', '樂享清新大床房【大電視+一次性毛巾拖鞋+瓶裝水】:HK$161', '臻享商務大床房【超大辦公桌+大水量花灑】:HK$168', '樂享舒適雙床房【休閑沙發+大水量洗浴+寬大辦公桌】:HK$182']"
吉安開通商務賓館,9.0,"['精選大床房:HK$113', '精選雙床房:HK$118', '尊享大床房:HK$121', '尊享雙床房:HK$130']"
廬陵印象酒店（吉安人民廣場店）,9.1,"['悦享精品大床房【42寸大電視】:HK$126', '悦享特惠大床房【獨立包裝浴巾+品質床墊+乾濕分離】:HK$133', '樂享清新大床房【42寸大電視+商務辦公桌+乾濕分區】:HK$161', '臻享商務大床房【商務辦公桌+乾濕分離+潔凈親膚布草】:HK$168']"
漢庭酒店（吉安井岡山大道店）,9.6,"['大床房:HK$177', '雙床房:HK$196', '高級大床房:HK$205']"
廬陵印象酒店（吉安火車站店）,9.3,"['精品大床房【全新空調+全身鏡+大辦公桌】:HK$128', '舒適大床房【全新空調+瓶裝水+零壓床墊】:HK$142', '樂享清新大床房【分區衞浴+一次性毛巾拖鞋+零壓床墊】:HK$163', '臻享商務大床房【分區衞浴+零壓床墊+一次性毛巾拖鞋】:HK$170']"
吉安沐思智能電競酒店（吉安站店）,9.4,"['沐思單人特價電競房:HK$199', '沐思智能電競大床房（ I5-12400F 2.50 GHz，GeForce RTX 4060顯卡）:HK$241', '沐思智能電競雙人房:HK$253', '沐思智能電競三人房:HK$297']"
吉軒培訓中心酒店,8.5,"['豪華雙床房:HK$216', '豪華大床房:HK$227']"
五月花酒店（吉安火車站濱江生態公園店）,9.4,"['好眠·靜謐雙床房『零壓床墊+原木沙發椅+寬敞明亮』:HK$167', '好眠·靜謐特大床房『大落地窗+零壓床墊+原木沙發椅』:HK$180', '270°城景浴缸房『全景落地窗+化粧鏡+超寬敞雙人浴缸』:HK$193', '巨幕·影院特大床房『騰訊SVIP+巨幕投影+深度睡眠』:HK$193']"
