酒店名称,评分,房型价格列表
吉林江南廈門街亞朵X酒店,9.8,"['雅緻大床房-智能投屏:HK$349', '高級大床房-智能投屏:HK$382', '高級雙床房-智能投屏:HK$382', '樂享大床房-智能投屏:HK$412', '行政雙床房-智能投屏、小冰箱:HK$421']"
桔子酒店（吉林財富廣場大東門店）,9.7,"['精選大床房:HK$357', '豪華大床房:HK$386', '行政雙床房:HK$405', '豪華套房:HK$463']"
吉林義德源大酒店,9.4,"['靜逸雙床房:HK$315', '靜逸大床房:HK$315', '內景雙床房（沙發茶几）:HK$315', '高級大床房（沙發茶几）:HK$367', '高級雙床房（沙發茶几）:HK$367', '商務大床房（沙發茶几+小冰箱）:HK$413']"
吉林財富廣場亞瀾朵酒店（火車站店）,9.7,"['尊享大床房（零壓慢回彈枕+安心舒睡+智能馬桶）:HK$384', '高級大床房（零壓慢回彈枕+安心舒睡+智能馬桶）:HK$427', '行政大床房（零壓慢回彈枕+安心舒睡+智能馬桶）:HK$427', '行政雙床房（零壓慢回彈枕+安心舒睡+智能馬桶）:HK$427']"
吉林萬錦凇江鉑蘭酒店,9.5,"['望江 . 標準大床房:HK$307', '望江 . 高級雙床房:HK$371', '望山 . 高級大床房（浴缸）:HK$371', '望江 . 高級大床房:HK$371', '望山 . 商務套房（浴缸）:HK$481']"
吉林吉林大街希爾頓歡朋酒店,9.7,"['舒適大床房:HK$374', '舒適雙床房:HK$374', '高級雙床房:HK$417', '高級大床房:HK$417', '豪華雙床房:HK$479']"
你好酒店（吉林財富廣場店）,9.7,"['高級大床房:HK$246', '高級雙床房:HK$275', '家庭房:HK$314', '商務大床房:HK$335']"
萬科松花湖雲麓酒店,9.8,"['雲度舒適房（温馨小户型+獨立陽台+廚房區）:HK$409', '雲旅山景家庭房（雙陽台觀景+廚房+獨立衣帽間）:HK$442', '雲旅山景雙床套房（超大空間+廚房）:HK$475', '雲旅山景特大床套房（超大空間+廚房+雙拼床）:HK$475', '雲享雙床套房（雙陽台觀景+獨立衣帽間）:HK$508']"
全季酒店（吉林萬達廣場店）,9.6,"['大床房:HK$331', '高級大床房:HK$351', '雙床房:HK$351', '舒壓高級大床房:HK$380']"
麗柏酒店（吉林北山人民廣場店）,9.5,"['舒適大床房【席夢思床墊+安睡好眠】:HK$347', '精緻雙床房【席夢思床墊+床品至柔】:HK$364', '豪華大床房【席夢思床墊+安睡好眠】:HK$391', '豪華雙床房【席夢思床墊+安睡好眠】:HK$408', '行政大床房【席夢思床墊+軒敞明亮】:HK$434']"
維也納國際酒店（吉林大街火車站店）,9.6,"['高級大床房:HK$281', '豪華大床房:HK$318', '豪華雙床房:HK$318', '商務雙床房:HK$346', '行政大床房（小冰箱）:HK$468']"
吉林火車站戴斯温德姆酒店,9.1,"['標準大床房:HK$391', '高級大床房:HK$407', '高級雙床房:HK$412', '豪華雙床房:HK$476', '豪華大床房:HK$476', '行政雙床房:HK$540']"
吉林紫光苑華美達酒店（萬達廣場店）,9.3,"['温馨雙床房:HK$368', '温馨大床房:HK$368', '高級雙床房:HK$434', '高級大床房:HK$434', '豪華大床房:HK$543', '豪華商務套房:HK$871']"
維也納國際酒店（吉林國投中東店）,9.4,"['高級大床房（安心舒睡）:HK$256', '高級雙床房（安心舒睡）:HK$272', '豪華大床房（記憶深睡枕＋景觀）:HK$289', '豪華雙床房（記憶深睡枕＋景觀）:HK$306', '暢遊-豪華大床房（房間很大＋安心舒睡）:HK$413']"
漢庭優佳酒店（吉林天津街店）,9.8,"['高級大床房:HK$302', '雙床房:HK$321', '商務大床房:HK$321', '商務雙床房:HK$340']"
億龍酒店（吉林火車站財富廣場店）,9.7,"['舒適大床房（小冰箱+零壓床墊+羽絨被+獨立空調+雙層隔音門）:HK$226', '舒適雙床房（小冰箱+零壓床墊+羽絨被+獨立空調+雙層隔音門）:HK$240', '高級大床房（小冰箱+零壓床墊+羽絨被+獨立空調+雙層隔音門）:HK$264', '高級家庭房（小冰箱+零壓床墊+羽絨被+獨立空調+雙層隔音門）:HK$264']"
吉林松花湖瞻雲SALOMON酒店,8.9,"['嘉樂雙床房:HK$434', '嘉享一居大床:HK$553', '悦享大床房:HK$555', '嘉享一居標間:HK$555', '小奶龍親子主題房:HK$609']"
YAMU·言木民宿（吉林萬科松花湖滑雪場店）,9.5,"['一房一廳言悦大床房:HK$283', '一房一廳言悦雙床房:HK$283', '一房一廳言享榻榻米大床房:HK$329', '一房一廳言享榻榻米雙床房:HK$329']"
宜必思酒店（吉林市政府北山公園店）,9.4,"['大床房:HK$202', '高級大床房:HK$222', '雙床房:HK$241', '家庭房:HK$280']"
你好酒店（吉林江南廈門街店）,9.5,"['大床房:HK$224', '高級雙床房:HK$234', '高級大床房:HK$243', '家庭房:HK$283']"
松花湖西武王子大飯店,9.3,"['園景高級大床房:HK$758', '園景高級雙床房:HK$758', '山景高級大床房:HK$881', '山景高級雙床房:HK$881', '園景豪華大床房:HK$1,248', '園景豪華雙床房:HK$1,248']"
吉林可以居烏拉文化主題酒店,8.9,"['舒適雙床房:HK$297', '高級雙床房（無窗）【浴缸】:HK$332', '高級家庭房（無窗）:HK$353', '高級大床房:HK$375', '豪華主題套房（無窗）:HK$375']"
萬科松花湖亦間雪景別墅,9.3,"['青山公寓二期雙床房:HK$164', '青山公寓二期大床房:HK$164', '二期樓王雪景一居大床房:HK$219', '二期樓王雪景兩居套房:HK$437']"
如家商旅酒店（吉林大潤發四店蓮山路店）,9.8,"['商務大床房:HK$202', '雙床房:HK$219', '安心睡零壓大床房:HK$228', '安心睡零壓雙床房:HK$245']"
吉林恆陽大飯店（北華大學醫葯學院店）,9.4,"['商務大床房:HK$271', '行政大床房:HK$281', '行政雙床房:HK$281', '商務雙床房:HK$281']"
賽菲爾聽雪酒店（吉林火車站西廣場財富廣場店）,9.6,"['輕奢·影院大床房（巨幕高清投影+無限會員+沉浸觀影）:HK$217', '聽雪·商旅大床房（零壓床墊+鵝絨被+多功能桌）:HK$222', '聽雪·優選大床房（零壓床墊+鵝絨被+冰箱+轉角沙發）:HK$249', '聽雪·優選雙床房（零壓床墊+鵝絨被+多功能桌+沙發）:HK$263']"
星程酒店（吉林中東琿春中街店）,9.7,"['雙床房:HK$202', '高級大床房:HK$202', '高級特大床房:HK$222', '商務大床房:HK$240']"
全季酒店（吉林江南火炬大廈店）,9.4,"['大床房:HK$328', '高級大床房:HK$347', '雙床房:HK$347', '舒壓-高級大床房:HK$366']"
如家商旅酒店（吉林江南店）,9.6,"['高級大床房:HK$219', '高級雙床房:HK$238', '零壓大床房:HK$257', '親子大床房:HK$257']"
雲川簡奢私享公寓,9.5,"['雲熙市景大床房:HK$175', '雲楓市景智能房:HK$191', '雲漫市景智能房:HK$191', '雲帆江景智能房:HK$223']"
陽光100假日酒店（解放西路吉林一中店）,9.6,"['特價大床房（全屋智能）:HK$169', '雙床房（全屋智能）:HK$190', '大床房（全屋智能）:HK$190', '高級雙床房（全屋智能）:HK$204']"
賽菲爾商務酒店（吉林火車站東廣場店）,9.2,"['舒適大床房:HK$154', '標準大床房:HK$175', '商旅大床房:HK$195', '商旅雙床房:HK$208']"
吉林倫威克酒店（北華大學醫葯學院店）,9.5,"['温馨大床房:HK$206', '貴賓大床房:HK$237', '尊享大床房:HK$237', '貴賓雙床房:HK$249']"
全季酒店（吉林大街火車站店）,9.4,"['雙床房:HK$280', '大床房:HK$280', '高級大床房:HK$318', '舒壓-雙床房:HK$318']"
吉林利雅德飯店,9.2,"['優享雙床房:HK$240', '優享大床房:HK$240', '豪華大床房:HK$253', '高級雙床房:HK$253', '商務雙床房:HK$313']"
風華公寓（吉林萬科松花湖度假區店）,9.6,"['Ⅱ期-雪景大床套房（全景觀雪景+全屋地暖+廚房）:HK$273', 'Ⅱ期-風華雙人標間:HK$293', '一期一居豪華大床套房（全屋地暖+廚房）:HK$303', '一期-豪華雙床套房（超大室內空間+全屋地暖+廚房）:HK$325']"
吉林霧凇賓館,8.9,"['A座標準雙床房:HK$289', 'A座標準大床房:HK$342', 'A座標準特色大床房:HK$433', 'A座標準套房:HK$679', 'D座行政套房:HK$916']"
吉林松花湖假日酒店,9.5,"['假日三期大床套房（室外觀景陽台+零壓床墊+地暖+加濕器）:HK$267', '假日三期雙床套房（室外觀景陽台+零壓床墊+地暖+加濕器）:HK$267', '假日三期家庭套房（室外觀景陽台+零壓床墊+地暖+加濕器）:HK$332', '青山-聯排別墅（戲雪庭院+觀景景觀+廚房）:HK$564']"
吉林探探·藝術公寓酒店（財富購物廣場火車站店）,9.5,"['螢星【AI語音+巨幕激光投影+可愛冰箱】:HK$206', '意式智慧房【AI語音+75寸高刷電視+冰箱】:HK$206', '拾光星辰【AI語音+巨幕投影+環繞音響+冰箱】:HK$206', '熙雲智慧房【AI語音+75寸高刷電視+環繞音響+冰箱】:HK$206']"
漢庭酒店（吉林江南世紀廣場店）,9.8,"['高級大床房:HK$234', '商務大床房:HK$253', '高級雙床房:HK$253', '商務雙床房:HK$274']"
吉林盛沐湯泉度假酒店,9.5,"['豪華標準間:HK$359', '豪華大床房:HK$359', '麻將雙人間:HK$392', '麻將大床房:HK$392']"
青山公寓（萬科松花湖滑雪場店）,9.4,"['青山大床房:HK$195', '青山雙床房:HK$546', '青山一室一廳套房:HK$1,019']"
如家酒店NEO（吉林龍潭區政府江北公園店）,9.4,"['商務大床房A【無窗】:HK$192', '商務大床房:HK$211', '雙床房:HK$211', '安心睡大床房:HK$238']"
吉林星月山莊,10.0,"['豪華大床房:HK$496', '大床房:HK$496', '標準大床房:HK$496']"
青山美居公寓（萬科松花湖滑雪度假區店）,9.5,"['青山大床房:HK$184', '青山雙床房:HK$360', '青山兩室一廳套房:HK$555', '青山一室一廳套房:HK$611']"
VSKI青山公寓（萬科松花湖度假區店）,8.5,['VSKI青山標準間:HK$216']
泊宿.遇見民宿（吉林財富廣場店）,9.8,"['夜幕觀景投影大床房:HK$151', '藍山城景投影大床房:HK$162', '楓驛觀景投影大床房:HK$162', '蜜戀城景大床房:HK$162']"
萬科松花湖新故事套房酒店,9.6,"['舒適雙床房（獨立露台+手機投屏+地暖+加濕器）:HK$275', '山景高級大床套房（獨立露台+手機投屏+地暖+加濕器）:HK$330', '山景高級雙床套房（獨立露台+手機投屏+地暖+加濕器）:HK$330', '庭院房（獨立庭院+圍爐燒烤+户外桌椅）:HK$386', '山景網紅沙發大床套房（獨立露台+手機投屏+地暖）:HK$386']"
漢庭酒店（吉林萬科醫葯學院店）,9.6,"['大床房（B棟）:HK$260', '高級大床房:HK$280', '雙床房（B棟）:HK$289', '商務雙床房:HK$299']"
萬科松花湖蘭喬聖菲別墅,9.0,"['二期公寓雪景精品雙床房（空調+地暖+洗衣機）:HK$186', '二期公寓雪景精品大床房（空調＋地暖＋洗衣機）:HK$186', '高層雪景親子家庭房（空調＋地暖＋洗衣機）:HK$222', '高層山景大床房（空調＋地暖＋洗衣機）:HK$222']"
