酒店名称,评分,房型价格列表
麗怡酒店（咸寧傳媒大廈市博物館店）,9.5,"['標準大床房+慕思床墊+暢享投屏:HK$258', '豪華大床房+慕思床墊+暢享投屏:HK$306', '豪華雙床房+慕思床墊+暢享投屏:HK$318', '純凈大床房:HK$348', '行政大床房:HK$368']"
秋果酒店（咸寧火車站咸寧高鐵北站店）,9.4,"['舒享驚喜大床房-小度語音智控+乳膠床墊+無線投屏+MINI冰箱:HK$295', '舒享驚喜雙床房-小度語音智控+乳膠床墊+無線投屏+按摩椅智能馬桶:HK$319', '樂享悠然大床房-小度語音智控+乳膠床墊+MINI冰箱+無線投屏:HK$343', '輕奢商務雙床房-小度語音智控+乳膠床墊+無線投屏+按摩椅+智能馬桶:HK$366', '輕奢商務大床房-小度語音智控+乳膠床墊+無線投屏+乾濕分離+智能馬桶:HK$390']"
如家精選酒店（咸寧銀泉大道同惠廣場店）,9.4,"['商務大床房（零壓床墊+助眠記憶枕+無線投屏）:HK$227', '高級大床房（零壓床墊+助眠記憶枕+無線投屏）:HK$245', '高級雙床房（零壓床墊+助眠記憶枕+無線投屏）:HK$271', '安心睡安睡大床房（零壓床墊+助眠記憶枕+空氣凈化器）:HK$289']"
咸寧藍海龍悦酒店（萬達廣場店）,9.2,"['馨悦雅緻智能大床房:HK$293', '詩悦精緻智能雙床房:HK$302', '舒悦精緻智能大床房:HK$304', '熙悦景觀智能大床房:HK$315', '怡悦雅緻智能雙床房:HK$358']"
咸寧華信大酒店,9.4,"['豪華尊享大床房:HK$311', '豪華尊享雙床房:HK$312', '豪華行政大床房:HK$344', '棋牌娛樂大床房:HK$475', '豪華景觀大床房:HK$475', '豪華尊享套房:HK$655']"
全季酒店（咸寧銀泉大道店）,9.7,"['高級大床房（65寸可投屏電視+迷你冰箱+KINGKOLL床墊）:HK$299', '商務大床房（65寸可投屏電視+迷你冰箱+KINGKOLL床墊）:HK$318', '高級雙床房（65寸可投屏電視+迷你冰箱+KINGKOLL床墊）:HK$318', '商務雙床房（65寸可投屏電視+迷你冰箱+KINGKOLL床墊）:HK$337']"
咸寧藍海金盾大酒店,9.2,"['藍逸·靜致商務雙床房:HK$238', '藍逸·靜致商務大床房:HK$238', '藍悠·智慧豪華雙床房（語音智能聲控）:HK$282', '藍悠·智慧豪華大床房（語音智能聲控）:HK$282']"
咸寧温泉谷大酒店（潛山國家森林公園店）,8.6,"['旖旎清新舒適雙床房:HK$345', '潛山氧吧大床房:HK$367', '潛山氧吧雙床房:HK$367', '林間漫步商務大床房:HK$484', '全景潛山商務套房:HK$652']"
漢庭酒店（咸寧銀泉大道十六潭公園店）,9.6,"['大床房:HK$218', '高級大床房:HK$236', '高級雙床房:HK$255', '商務大床房:HK$264']"
咸寧聯投公園道酒店（潛山商業街潛山森林公園店）,9.3,"['悦享時光雙床房:HK$304', '清新鳥鳴雙床房-舒適好眠+小冰箱+自然採光+獨立空調:HK$334', '鳥瞰潛山大床房-山景房+保險箱+迷你小冰箱:HK$356', '綠色氧吧雙床房·自然採光+浴缸+獨立空調:HK$376', '綠色氧吧大床房-零壓床墊+獨立辦公區域+獨立空調:HK$397', '鳥鳴氧吧高級套房-1室1廳+視野開闊+浴缸+270°全景飄窗:HK$529']"
漢庭酒店（咸寧銀泉大道店）,9.6,"['大床房:HK$328', '高級大床房:HK$330', '高級雙床房:HK$350', '商務大床房:HK$369']"
香城冰雪營地·太空艙民宿,9.8,"['雲棲艙獨立花園+180°全景窗+私享露台:HK$274', '星棲艙園景套房+獨立花園+270°全景窗+休閑大陽台:HK$304']"
麗楓酒店（咸寧温泉中心花壇店）,9.6,"['豪華大床房:HK$296', '豪華雙床房:HK$314', '純凈大床房:HK$331', '純凈自然雙床房:HK$349']"
城市便捷酒店（咸寧温泉路沃爾瑪廣場店）,9.2,"['標準大床房:HK$141', '商務雙床房:HK$151', '商務大床房:HK$160', '豪華大床房:HK$177']"
全季酒店（咸寧市政府新區店）,9.6,"['高級大床房:HK$325', '商務大床房:HK$327', '豪華大床房:HK$346', '商務雙床房:HK$346']"
麗楓酒店（咸寧同惠廣場店）,9.4,"['豪華大床房:HK$236', '豪華雙床房:HK$243', '景觀大床房:HK$260', '景觀雙床房:HK$268']"
非繁城品酒店（咸寧萬達廣場店）,9.2,"['非繁高級雙床房:HK$196', '影院大床房（無窗）:HK$196', '非繁高級大床房:HK$206', '非繁零重力雙床房:HK$243']"
咸寧恆立温泉酒店,8.9,"['尊享智能雙床房（慕斯床墊+小度房間智能語音控制）:HK$290', '尊享智能大床房（慕斯床墊+小度房間智能語音控制）:HK$306', '豪華智能大床房（慕斯床墊+小度房間智能語音控制）:HK$315', '太空艙智能親子房（慕斯床墊+小度房間智能語音控制）:HK$321']"
歡漫酒店（咸寧温泉中心花壇店）,9.7,"['漫致-高級大床房（小度語音+智能客控）:HK$284', '漫洋-商務大床房（小度語音+智能客控）:HK$305', '漫享-高級雙床房（小度語音+零壓舒睡）:HK$316', '漫境-影院豪華大床房（巨幕投屏+會員觀影）:HK$329']"
喜客城市酒店（咸寧實驗外國語學校店）,9.2,"['雅緻大床房:HK$201', '喜悦大床房:HK$224', '喜悦雙床房:HK$247', '輕奢大床房:HK$259']"
城市便捷酒店（咸寧湖北科技學院店）,9.5,"['智能商務大床房（智能客控+零壓床墊+高清投屏）:HK$181', '智能高級大床房（智能客控+零壓床墊+高清投屏）:HK$220', '智能商務雙床房（智能客控+零壓床墊+高清投屏）:HK$238', '智能高級雙床房（智能客控+零壓床墊+高清投屏）:HK$257']"
白玉蘭酒店（咸寧萬達廣場龍潭裡店）,9.5,"['舒雅大床房（夢百合零壓床墊+助眠記憶枕）:HK$224', '輕舒大床房（夢百合零壓床墊+助眠記憶枕）:HK$245', '靜雅雙床房（夢百合零壓床墊+助眠記憶枕）:HK$246', '輕雅大床房（深睡眠零壓床墊+窗外好景）:HK$266']"
城市便捷酒店（咸寧中百倉儲銀泰百貨店）,8.9,['智能高級大床房:HK$228']
城市便捷酒店（咸寧鹹安店）,9.0,"['標準大床房:HK$134', '商務雙床房:HK$141', '商務大床房:HK$141', '零壓大床房:HK$148']"
宜尚酒店（咸寧温泉中心花壇店）,9.4,"['舒適大床房（温馨安靜-非温感0壓棉記憶枕）:HK$212', '高級大床房（北歐簡約風-非温感0壓棉記憶枕）:HK$234', '高級雙床房（北歐簡約風-非温感0壓棉記憶枕）:HK$234', '商務雙床房（通透明亮﹣非温感0壓棉記憶枕）:HK$255']"
途客中國酒店（咸寧北高鐵站店）,9.3,"['樂途大床房-MINI冰箱+空氣凈化器:HK$216', '樂途雙床房-MINI冰箱+空氣凈化器:HK$216', '品途大床房-MINI冰箱+空氣凈化器:HK$228', '品途雙床房-MINI冰箱+空氣凈化器:HK$228', '途尊大床房-夢百合床墊+零壓枕+MINI冰箱+空氣凈化器:HK$325']"
咸寧陽光酒店,8.9,"['城景雙床房:HK$360', '城景大床房:HK$360', '行政大床房:HK$398', '貴賓套間:HK$686']"
城市便捷酒店（咸寧南站萬達店）,9.2,"['標準大床房:HK$136', '商務大床房:HK$158', '商務雙床房:HK$165', '家庭房:HK$172']"
奈思電競酒店（咸寧南站萬達店）,8.3,"['電競大床房4060:HK$214', '電競雙人間4060:HK$214', '獨孤投影電競大床房:HK$214', '投影電競大床房:HK$227']"
7天優品酒店（咸寧温泉購物公園店）,9.5,"['優品大床房:HK$183', '優品雙床房:HK$183', '高級大床房:HK$200', '高級雙床房:HK$200']"
宜品酒店（咸寧站店）,10.0,"['舒適大床房【舒睡好眠•公區提供洗衣機】:HK$145', '晨光零壓大床房【舒睡好眠•公區提供洗衣機】:HK$175', '喜上眉梢娛樂房【舒睡好眠•公區提供洗衣機】:HK$204', '陽光家庭套房【舒睡好眠•公區提供洗衣機】:HK$225']"
泊園酒店（咸寧職業技術學院人民廣場店）,9.5,"['特惠單人間:HK$165', '精緻大床房:HK$176', '商務雙人間:HK$195', '休閑棋牌室房:HK$286']"
福臨酒店（咸寧火車站店）,9.4,"['特惠大床房:HK$129', '特惠雙床房:HK$129', '高級大床房:HK$136', '高級雙床房:HK$136']"
雅斯特酒店（咸寧温泉沃爾瑪廣場店）,9.4,"['雅緻大床房（喜臨門床墊+無線投屏）:HK$196', '豪華雙床房（喜臨門床墊+無線投屏）:HK$251', '高級大床房（喜臨門床墊+無線投屏）:HK$251', '豪華套房（喜臨門床墊+無線投屏）:HK$295']"
咸寧青年四季酒店（咸寧南站十六潭公園店）,8.9,"['豪華雙床房:HK$206', '豪華大床房:HK$216', '行政雙床房:HK$228', '行政大床房:HK$239', '親子家庭房:HK$282']"
咸寧家宴新天麗大酒店,8.6,"['高級雙床房:HK$216', '高級大床房:HK$227', '棋牌複式LOFT公寓:HK$304']"
城市宜居酒店（咸寧萬達店）,9.1,"['特惠大床房:HK$200', '標準大床房:HK$231', '高級大床房:HK$237', '標準雙床房:HK$248']"
維也納酒店（咸寧中心花壇店）,9.3,"['城景大床房:HK$205', '城景雙床房:HK$216', '商務大床房:HK$238', '商務雙床房:HK$249']"
咸寧米德爾大酒店,8.9,"['普通標準間:HK$174', '商務單人間:HK$196', '商務標準間:HK$207', '家庭房:HK$228']"
城市便捷酒店（咸寧銀泉大道店）,9.3,"['高級大床房:HK$157', '豪華大床房:HK$165', '豪華雙床房:HK$174', '標準雙床房:HK$183']"
咸寧桂泉國際酒店,7.8,"['陽光舒適大床房:HK$169', '豪華雅緻大床房:HK$275', '豪華商務雙人間:HK$275', '尊享商務大床房:HK$338']"
灰鯨酒店（咸寧同惠店）,9.4,"['主題大床房C:HK$207', '主題大床房E:HK$207', '主題大床房D:HK$207', '特惠觀影房:HK$207']"
泊客城市酒店（湖北科技學院店）,9.5,"['温馨大床房（新風系統+親柔布草+靜謐睡眠床墊）:HK$177', '商務大床房（璀璨夜景+睡眠床墊+商務辦公+高清投屏）:HK$198', '商務雙床房（城市夜景+睡眠床墊+商務辦公+高清投屏）:HK$216', '豪華大床房（璀璨城市夜景+睡眠床墊+超軟沙發）:HK$226']"
仙鶴湖·鶴鳴山居民宿（賀勝橋東站店）,9.4,"['普通標間:HK$514', '豪華單間:HK$544', '豪華標間:HK$544', '棋牌房:HK$576']"
喜來客商務酒店（咸寧站店）,9.2,"['優享雙床房:HK$171', '標準大床房:HK$171', '標準雙床房:HK$179', '景緻圓床房:HK$183']"
錦江之星（咸寧銀泉大道店）,9.5,"['標準大床房:HK$130', '標準雙床房:HK$135', '高級雙床房:HK$162', '標準零壓大床房:HK$163']"
太乙洞智住民宿,9.6,"['標準單間:HK$221', '豪華單間:HK$460', '標準雙人間:HK$460', '豪華套間:HK$485']"
咸寧星雨竹院民宿,9.3,"['影院單間（帶壁爐）:HK$326', '舒適雙人間:HK$341', '豪華套房:HK$461']"
羅曼智慧電競酒店（咸寧南站店）,9.9,"['情侶圓床電競房（智能客控+投影）[RTX3060Ti+2K+155HZ+32G]:HK$220', '電競大床房（智能客控+電視）:HK$220', '電競標間（智能客控）[RTX3060Ti+2K+155HZ+32G]:HK$220', '主題電競標間（智能客控+投影+棋牌52號玉石麻將）:HK$233']"
常明閣酒店（咸寧南站店）,8.3,"['優選大床房:HK$152', '雅緻雙床房:HK$169', '投影大床房:HK$177']"
