酒店名称,评分,房型价格列表
和頤至尚酒店（哈爾濱火車站博物館地鐵站店）,9.4,"['商務大床房A:HK$196', '雙床房A:HK$213', '大床房:HK$213', '商務大床房:HK$222', '高級雙床房:HK$281']"
漢庭酒店（哈爾濱火車站南廣場滬士大廈店）,9.5,"['大床房:HK$170', '高級大床房:HK$211', '雙床房:HK$251', '家庭房:HK$331']"
暮冬青年旅舍（哈爾濱中央大街店）,9.7,"['智選街景大床房（慕思零壓床墊+新風+智能客控）:HK$387', '智選街景標準間（雅蘭零壓床墊+新風+智能客控）:HK$387', '甄選中央大街景緻大床房（慕思零壓床墊+新風+智能客控）:HK$432']"
吉子酒店（哈爾濱站博物館地鐵站店）,8.9,"['温馨榻榻米房:HK$155', '氛圍榻榻米房:HK$169', '氛圍大床房:HK$199', '高級雙床房:HK$199']"
金爵精品酒店（哈爾濱西站萬達廣場店）,9.5,"['影音大床房（100寸投影）:HK$220', '輕奢城景大床房（觀景台）:HK$307', '輕奢城景雙床房（沙發）:HK$319', '精奢觀景大床房（沙發）:HK$341', '陽光親子家庭房（小童休憩沙發區）:HK$395']"
鋭恆酒店（哈爾濱冰雪大世界融創樂園店）,9.7,"['無窗特惠房:HK$156', '特惠大床房:HK$199', '情侶輕奢大床房:HK$208', '投影大床房:HK$217']"
柏悦酒店（哈爾濱西站哈西萬達廣場店）,9.0,"['精品標準間（全屋智能+乾濕分離+智能馬桶+零壓床墊）:HK$216', '優享大床房（全屋智能+乾濕分離+智能馬桶+零壓床墊）:HK$315', '優選大床房（全屋智能+乾濕分離+智能馬桶+零壓床墊）:HK$315', '豪華大床房（全屋智能+乾濕分離+智能馬桶+零壓床墊）:HK$424']"
輕域酒店（哈爾濱火車站機場巴士站店）,9.3,"['標準雙床房:HK$179', '高級雙床房:HK$257', '高級大床房:HK$286', '城景雙床房:HK$315']"
尚景酒店（哈爾濱火車站中華巴洛克老道外文化區店）,9.0,"['尚景丨靜眠大床房:HK$152', '尚景丨靜眠雙床房:HK$160', '尚逸丨商務大床房:HK$163', '尚逸丨商務雙床房:HK$176']"
哈爾濱瑤遇民宿（中央大街紅專街早市店）,9.5,"['特惠大床房:HK$230', '温馨大床房:HK$242', '陽光大床房:HK$277', '商旅雙人間:HK$300']"
維也納酒店（哈爾濱太平國際機場店）,9.6,"['高級大床房（智能客控）:HK$245', '高級雙床房（智能客控）:HK$245', '豪華大床房（智能客控）:HK$270', '豪華雙床房（智能客控）:HK$270']"
裕龍大酒店（哈爾濱太平國際機場店）,9.2,"['特惠標準間:HK$195', '特惠浪漫圓床房:HK$199', '輕奢標準間:HK$216', '輕奢大床房:HK$227', '甄選雙床房:HK$227']"
喜悦賓館（哈爾濱太平國際機場店）,9.3,"['標準間:HK$138', '舒適大床房:HK$148', '高級大床房:HK$155', '行政大床:HK$200']"
悠家民宿（哈爾濱冰雪大世界店）,9.5,"['特價大床房:HK$135', '奶油風影音智享房:HK$210', '現代風影音智享房:HK$210', '舒適風智享房:HK$210']"
望岳輕呈酒店（哈爾濱西站城鄉路地鐵站店）,9.5,"['『輕呈』雅緻大床房（小冰箱+洗凈精靈）:HK$158', '『輕呈』甄選大床房（智能客控+Minibar）:HK$169', '『輕呈』影音大床房（巨幕投影+智能客控）:HK$180', '『輕呈』輕奢浴缸大床房（百寸投影+智能客控）:HK$191']"
葉之藍主題公寓（哈西萬達店）,9.6,"['北歐清新投影房:HK$334', '遊戲機大床房:HK$339', '原木日式主題房:HK$342', '摩洛哥大床房:HK$344']"
L'酒店（中央大街步行街索菲亞教堂店）,9.2,"['高級大床房:HK$424', '豪華大床房:HK$443', '豪華雙床房:HK$443', '家庭房:HK$490']"
斯遇假日公寓（哈爾濱西站店）,9.4,"['斯遇-優選大床房:HK$138', '斯遇-輕奢大床房:HK$150', '西雅圖巨幕影視大床房:HK$161', '斯遇-精品大床房:HK$172']"
紅軍街壹號酒店（哈爾濱火車站果戈裏大街店）,9.3,"['輕奢城景·榻榻米大床房（中央空調+落地窗）:HK$353', '輕奢城景·高級大床房（舒適浴缸+中央空調）:HK$383', '輕奢城景·高級雙床房（舒適浴缸+中央空調）:HK$398', '180度雲端觀景豪華大床房（舒適浴缸+中央空調）:HK$428', '龍塔觀景設計師大床房（城景浴缸+中央空調）:HK$481']"
紫居民宿（江畔路店）,9.2,"['灰度·一居室兩人間（高清巨幕觀影VIP）:HK$245', '昧粉•投影一居室四人間（套房可烹飪）:HK$296', '小院壹·二居室四人間（高清巨幕投影+冰箱+洗衣機）:HK$296', '天青·投影四人套房:HK$297']"
魔方公寓（哈爾濱中央大街索菲亞教堂店）,9.1,"['特惠大床房:HK$201', '觀江大床房:HK$262', '豪華大床房:HK$295', '家庭雙床4人房:HK$393']"
思漫民宿（哈爾濱西站城鄉路地鐵站店）,9.8,"['思漫好眠大床房:HK$216', '巨幕影音投影大床房（戴森吹風機）:HK$252', '浪漫情侶浴缸大床房:HK$288', '家庭雙床四人房:HK$324']"
藍天酒店（哈爾濱太平國際機場店）,9.6,"['尊享雙床房（智能客控+智能馬桶+乾濕分離）:HK$283', '尊享大床房（智能客控+智能馬桶+乾濕分離）:HK$283', '行政大床房（智能客控+智能馬桶+乾濕分離）:HK$305', '尊享家庭房（智能客控+智能馬桶+乾濕分離）:HK$359']"
尚如酒店（哈爾濱西站西廣場城鄉路地鐵站店）,9.7,"['雅緻大床房:HK$391', '高級大床房:HK$405', '高級雙床房:HK$405', '行政大床房:HK$425', '行政家庭房:HK$425']"
君辰酒店（哈爾濱西站萬達廣場店）,9.5,"['特惠大床房（全屋智能+零壓床墊+記憶枕+投屏電視）:HK$186', '舒適大床房（乾濕分離+零壓床墊+記憶枕+投屏電視）:HK$215', '躺平大床房（全屋智能+零壓床墊+記憶枕+投屏電視）:HK$226', '智能尊享大床房（乾濕分離+零壓床墊+記憶枕+投屏電視）:HK$266']"
如家商旅酒店（哈爾濱火車站地鐵站店）,9.7,"['大床房:HK$279', '雙床房:HK$295', '商務大床房:HK$295', '高級大床房:HK$338']"
弘閣賓館（哈爾濱太平國際機場店）,9.5,"['弘閣丨輕奢大床房:HK$93', '弘閣丨旅選大床房:HK$98', '弘閣丨標準雙人房:HK$125', '弘閣丨美宿家庭房:HK$135']"
宜尚PLUS酒店（哈爾濱中央大街索菲亞教堂店）,9.5,"['舒適大床房｢雅蘭床墊+零壓枕+Minibar+温潤加濕器｣:HK$603', '商務大床房｢雅蘭床墊+Minibar+花園內景+温潤加濕器｣:HK$672', '商務雙床房｢雅蘭床墊+Minibar+花園內景+温潤加濕器｣:HK$724', '豪華大床房｢雅蘭床墊+零壓枕+Minibar+温潤加濕器｣:HK$733', '豪華雙床房｢雅蘭床墊+零壓枕+Minibar+温潤加濕器｣:HK$759']"
錦江都城酒店（哈爾濱哈西高鐵站萬達廣場店）,9.5,"['風雅商務房（零壓舒眠床墊）:HK$406', '風雅雙床房（零壓舒眠床墊）:HK$465', '風雅清氧商務房（空氣凈化器+零壓舒眠床墊）:HK$465', '城景風雅商務房（空氣凈化器+零壓舒眠床墊）:HK$523']"
哈爾濱國際飯店（哈站南廣場博物館地鐵站店）,8.8,"['商務標準間:HK$182', '商務大床房:HK$194', '畫廊雙人間:HK$325', '高級雙床間:HK$357', '高級大床間:HK$357']"
理想假日酒店（中央大街步行街哈站北廣場店）,8.9,"['逸居丨負一大床房（通透採光+舒睡床墊+臻選品質）:HK$182', '逸居丨負一雙床房:HK$188', '逸居丨負一家庭房（舒睡床墊+通透採光+臻選品質）:HK$201', '温馨丨親子家庭房（通透採光+舒睡床墊+臻選品質）:HK$265']"
慧庭國際酒店（哈爾濱火車站地鐵站店）,9.6,"['温馨標準間:HK$234', '温馨大床房:HK$257', '温馨家庭房:HK$281', '商務標準間:HK$305']"
哈爾濱望岳輕呈公寓（融創樂園世茂大道地鐵站店）,8.8,"['望江·影音大床房（百寸幕布+乾濕分離+松花江美景）:HK$291', '望心·臻選大床房（品牌電視+零壓床品+乾濕分離）:HK$291', '望安·優品大床房（品牌電視+零壓床品+乾濕分離）:HK$291', '望江·歡享浴缸大床（百寸幕布定製浴缸+松花江美景）:HK$304']"
哈爾濱機場邁凱倫酒店（太平國際機場店）,9.6,"['靜眠大床房（輕智能）:HK$375', '智享經濟大床房（智能客控）:HK$409', 'Loft雙床房（智能客控）:HK$421', '商務雙床房（智能客控）:HK$451', '智享大床房（智能客控）:HK$466']"
哈爾濱行宿青年旅舍（中央大街店）,9.1,"['行宿大床房-空調:HK$192', '行宿家庭房-空調:HK$214']"
潮漫酒店（哈爾濱火車站機場巴士站店）,9.3,"['品質欣選大床房:HK$264', '品質欣選雙床房:HK$279', '品質致選大床房:HK$294', '品質致選雙床房:HK$294']"
楓棲酒店（哈爾濱火車站地鐵站店）,8.6,"['楓棲單人間:HK$177', '楓棲大床房:HK$207', '楓棲雙床房:HK$207', '商務雙床房:HK$236']"
哈爾濱中央大街華宿怡舍精品酒店（聖索菲亞教堂店）,9.5,"['智選大床房（智能客控+新風系統+65寸投屏電視+乳膠枕）:HK$327', '精選大床房（智能客控，65寸投屏電視，乳膠枕）:HK$348', '豪華大床房（智能客控，65寸投屏電視，乳膠枕）:HK$369', '豪華雙床房（智能客控，65寸投屏電視，乳膠枕）:HK$390']"
哈爾濱繁花百合酒店（哈工業大學師大夜市店）,9.8,"['花裏·隱逸 | 靜謐大床房（慕思床墊+智能⻢桶+加濕器）:HK$514', '花喜·枕夢 | 舒眠大床房（慕思床墊+智能⻢桶+徠芬風機）:HK$580', '花伊·初見 | 舒眠雙床房（慕思床墊+智能⻢桶+徠芬風機）:HK$590', '花滿·不晚 | 享眠雙床房（慕思床墊+智能⻢桶+加濕器）:HK$612', '花夢·莫奈 | 奢眠大床房（慕思床墊+智能⻢桶+加濕器）:HK$667']"
錦之星酒店（哈站南廣場醫大四院店）,9.2,"['商務大床房:HK$170', '精選雙床房:HK$184', '精選大床房:HK$191', '精選家庭房:HK$227']"
荷塘漁村酒店（哈爾濱太平國際機場店）,9.7,"['舒適標準間:HK$216', '舒適大床房:HK$216', '豪華大床房:HK$238', '豪華家庭套房:HK$315']"
聖羅灣酒店（哈爾濱西站西廣場店）,9.3,"['躺平治癒大床房（乾濕分離+智能馬桶+投屏+定製床墊）:HK$190', '安靜雙床房（乾濕分離+智能馬桶+電視投屏+定製床墊）:HK$212', '輕奢大床房（乾濕分離+智能馬桶+電視投屏+定製床墊）:HK$267', '雅緻雙床房（乾濕分離+智能馬桶+電視投屏+定製床墊）:HK$283']"
富華酒店（哈爾濱西站萬達廣場店）,9.4,"['優選大床房（全屋智能+零壓床墊+記憶枕+投屏電視）:HK$207', '智選大床房（全屋智能+零壓床墊+記憶枕+投屏電視）:HK$224', '舒適雙床房（全屋智能+零壓床墊+記憶枕+投屏電視）:HK$241', '精品四人間（全屋智能+零壓床墊+記憶枕+投屏電視）:HK$276']"
安悦酒店（哈爾濱高鐵西站城鄉路地鐵站店）,9.4,"['雅緻大床房（金可兒床墊＋電動窗簾）:HK$453', '優享雙床房（金可兒床墊＋電動窗簾＋智能馬桶）:HK$473', '尊享大床房（金可兒床墊＋智能馬桶＋電動窗簾＋浴缸）:HK$518', '雅緻雙床房（金可兒床墊＋電動窗簾＋智能馬桶）:HK$557', '輕奢大床房（金可兒床墊＋圓形浴缸＋電動窗簾）:HK$557']"
紫居客棧（巴洛克店）,9.0,"['百年小炕房:HK$355', '百年君子房B:HK$524', '百年將軍房:HK$526', '百年廂房:HK$527']"
哈爾濱悅佳季酒店（師大夜市學府路地鐵站店）,8.7,"['舒眠安靜大床房:HK$185', '悦享雅緻大床房:HK$217', '悦享雅緻雙床房:HK$250', '臻享商務大床房:HK$283']"
和興電競賓館（哈爾濱中華巴洛克街區地鐵站店）,9.2,"['精品大床房（55寸電視+乾濕分離+酒店公區提供自助洗衣機）:HK$228', '精品雙床房（55寸電視+乾濕分離+酒店公區提供自助洗衣機）:HK$250', '電競大床房（55寸電視+乾濕分離+酒店公區提供自助洗衣機）:HK$271', '電競雙床房（上下鋪）（55寸電視+乾濕分離+酒店公區提供自助洗衣機）:HK$298']"
君庭酒店（哈爾濱西站萬達廣場店）,9.2,"['經濟大床房（智能馬桶+乾濕分離+投屏電視+定製床墊）:HK$219', '温馨大床房（智能馬桶+乾濕分離+投屏電視+定製床墊）:HK$253', '全智能輕奢大床房（全屋智能+乾濕分離+定製床墊）:HK$298', '全智能尊享雙床房（全屋智能+乾濕分離+定製床墊）:HK$390']"
哈爾濱東龍大酒店,8.9,"['經濟標間（公共衞浴）:HK$249', '尚居大床房:HK$324', '單人間（無窗）:HK$324', '經濟三人間（公共衞浴）:HK$358', '標準間B:HK$369']"
悠融酒店（哈爾濱會展中心龍塔店）,8.8,"['悠悦雅緻雙床房（安靜且舒適）:HK$285', '悠選經典大床房（寬敞＋明亮）:HK$339', '悠選經典雙床房（寬敞＋明亮）:HK$339', '悠享商務大床房:HK$394', '悠享商務雙床房:HK$394']"
