酒店名称,评分,房型价格列表
嘉峪關賓館（富強市場店）,9.4,"['簡約雙床房:HK$174', '舒適雙床房:HK$217', '精簡大床房（香港雅瀾床墊+獨立加濕器）:HK$284', '逸緻雙床房（香港雅瀾床墊+泊純洗護+舒睡枕）:HK$293', '嘉賓雙床房（香港雅瀾床墊+小米吹風+加濕器）:HK$347']"
嘉峪關土築酒店（雄關廣場市政府店）,9.2,"['土築漠隱·素居（大床）:HK$392', '土築黑山·寂泊（大床）:HK$487', '土築黑山·寂泊（雙床）:HK$495', '土築蒼漠·暮歸（大床）:HK$572', '土築蒼漠·暮歸（雙床）:HK$579']"
如家精選酒店（嘉峪關迎賓西路店）,9.5,"['商務大床房（可投屏電視+全屋外窗）:HK$274', '高級大床房（可投屏電視+全屋外窗）:HK$283', '雙床房（可投屏電視+全屋外窗）:HK$283', '高級雙床房（可投屏電視+全屋外窗+部分可視湖景）:HK$291']"
桔子酒店（嘉峪關市政府城市博物館店）,9.6,"['高級大床房〔金可兒床墊-舒適睡眠〕:HK$490', '商務大床房〔金可兒床墊-電視投屏-舒適好睡眠〕:HK$556', '雙床房〔樂享生活-這就是桔子〕:HK$565', '高級雙床房:HK$630']"
嘉峪關長城謠民宿,9.6,"['紫荊:HK$634', '葦澤:HK$634', '陽關:HK$634', '居庸:HK$634']"
酒泉賓館,9.6,"['靜享大床房:HK$347', '致享大床房:HK$408', '致享雙床房:HK$408', '臻享大床房:HK$519', '尊享大床房:HK$541', '致享套房:HK$752']"
嘉峪關漠落客棧,9.8,"['河景標間:HK$397', '標準間:HK$425', '大床:HK$425', '戈壁標間:HK$462']"
嘉峪關名嘉滙諾金國際酒店,9.6,"['諾金商務房:HK$636', '諾金精選景觀房:HK$714', '諾金豪華湖景房:HK$714', '諾金湖景大床房:HK$714', '諾金豪華湖景大床房:HK$1,024', '諾金豪華套房:HK$1,303']"
美豪麗致酒店（嘉峪關富強市場火車站店）,9.3,"['麗致智能大床房:HK$592', '麗致智能雙床房:HK$592', '雅緻智能大床房:HK$720', '雅緻智能雙床房:HK$720', '雅緻影院大床房:HK$753']"
嘉峪關青年國際大酒店（大唐美食街迎賓湖店）,9.6,"['商務大床房（全屋智能語音客控+乳膠床墊+空氣加濕器）:HK$622', '商務標間（全屋智能語音客控+乳膠床墊+空氣加濕器）:HK$622', '舒適大床房（全屋智能語音客控+乳膠床墊+空氣加濕器）:HK$631', '舒適標間（全屋智能語音客控+乳膠床墊+空氣加濕器）:HK$631', '觀景大床房（全屋智能語音客控+乳膠床墊+空氣加濕器）:HK$633', '觀景標間（全屋智能語音客控+乳膠床墊+空氣加濕器）:HK$633']"
嘉峪關開通大廈,9.4,"['舒適大床房（全屋智能化+深度睡眠0壓枕）:HK$437', '舒適雙床房（全屋智能化+深度睡眠0壓枕）:HK$437', '觀景大床房（全屋智能化+深度睡眠0壓枕）:HK$450', '觀景雙床房（全屋智能化+深度睡眠0壓枕）:HK$450', '行政大床房（全屋智能化+深度睡眠0壓枕）:HK$703', '行政雙床房（全屋智能化+深度睡眠0壓枕）:HK$703']"
嘉峪關鉑悦國際酒店（大唐美食街市政府店）,9.3,"['心悦大床房語音智控:HK$458', '高級雙床房-語音智控:HK$515', '商務大床房-語音智控:HK$573', '豪華雙床房-語音智控:HK$646', '豪華大床房-語音智控:HK$663']"
酒泉萬禧國際酒店（市政府萬達廣場店）,9.5,"['商務大床房（高端衞浴+解壓慕思床墊+獨立陽台）:HK$427', '行政雙床房（高端衞浴+解壓慕思床墊+智能馬桶）:HK$511', '豪華大床房（高端衞浴+解壓慕思床墊+智能馬桶）:HK$526', '豪華行政大床房（高端衞浴+解壓慕思床墊+智能馬桶）:HK$534', '行政城景雙床房（高端衞浴+解壓慕思床墊+智能馬桶）:HK$630', '豪華城景大床房（智能語音控制+解壓慕思床墊+智能馬桶）:HK$679']"
嘉峪關美侖國際酒店,9.4,"['高級大床房:HK$642', '高級雙床房:HK$673', '豪華大床房:HK$693', '豪華雙床房:HK$723', '豪華家庭房:HK$1,025']"
酒鋼賓館（嘉峪關富強市場東方百盛店）,9.4,"['翼樓·致遠雙床房（電視無線投屏+安心舒睡枕）:HK$207', '翼樓·時光單人房（衞浴乾濕隔離+院內園景）:HK$215', '翼樓·簡致雙床房（零壓床墊+無線投屏+安心舒睡枕）:HK$267', '西樓.中式街景雙床房（雅瀾床墊+迷你冰箱）:HK$316', '中式園景雙床房（雅瀾床墊+安心舒睡枕+迷你冰箱）:HK$336']"
全季酒店（嘉峪關市政府店）,9.7,"['大床房（金可兒床墊+舒適辦公）:HK$518', '商務雙人房（金可兒床墊+舒適辦公）:HK$527', '高級大床房（金可兒床墊+商務辦公）:HK$536', '商務大床房（金可兒床墊+舒適辦公）:HK$546']"
嘉峪關宜好精選酒店（嘉峪關汽車站名嘉滙店）,9.4,"['悦享舒適大床房（潔凈舒適＋乾濕分離＋景觀內窗＋大屏電視）:HK$327', '悦享舒適雙床房（潔凈舒適＋乾濕分離＋景觀內窗＋大屏電視）:HK$329', '悦享精選雙床房（潔凈舒適＋乾濕分離＋寬敞明亮＋大屏電視）:HK$381', '悦享精選大床房（潔凈舒適＋乾濕分離＋寬敞明亮＋大屏電視）:HK$381']"
嘉峪關晨楓大酒店,9.5,"['優選智雅雙床房:HK$621', '豪華智雅雙床房-智能客控:HK$643', '豪華智雅大床房-智能客控:HK$643', '豪華套房:HK$1,090']"
全季酒店（嘉峪關迎賓湖店）,9.7,"['高級大床房【金可兒床墊+舒適辦公】:HK$603', '景觀大床房【金可兒床墊+湖水碧綠】:HK$632', '商務雙床房【金可兒床墊+舒適辦公】:HK$653', '家庭房【金可兒床墊+舒適辦公】:HK$764']"
嘉峪關酒鋼賓館（東樓）,9.5,"['靜雅歸真雙床房（雅瀾床墊+安睡枕+加濕器+劇幕投影）:HK$342', '甄選大床房:HK$492', '如意雅緻雙床房（靜享空間+加濕器+投屏劇幕）:HK$563', '如意雅緻大床房（靜享空間+加濕器+投屏劇幕）:HK$575', '樂享親子套房:HK$1,361']"
坤逸·時光酒店（嘉峪關雄關東湖生態景區店）,9.4,"['臻品雙床房（芝華仕床墊+無窗香薰+加濕器）:HK$334', '臻品大床房（芝華仕床墊+無窗香薰+加濕器）:HK$334', '玲瓏大床房（芝華仕床墊）:HK$358', '麗致雙床房（芝華仕床墊）:HK$434', '麗致大床房（芝華仕床墊）:HK$434']"
酒泉絲路文華假日酒店（市政府萬達廣場店）,8.9,"['絲路特惠大床房（舒適深睡床墊+衞生間乾濕分離）:HK$281', '絲路特惠雙床房（舒適深睡床墊+衞生間乾濕分離）:HK$281', '絲路印象雙床房（舒適深睡床墊+衞生間乾濕分離）:HK$335', '絲路印象大床房（舒適深睡床墊+衞生間乾濕分離）:HK$335', '文華甄享大床房（舒適深睡床墊+衞生間乾濕分離）:HK$380']"
宜必思酒店（嘉峪關火車站店）,9.5,"['舒壓高級雙床房（夢百合床墊+舒適辦公）:HK$320', '舒壓高級大床房（夢百合床墊+舒適辦公）:HK$320', '舒壓豪華雙床房（夢百合床墊+舒適辦公）:HK$336', '舒壓豪華大床房（夢百合床墊+舒適辦公）:HK$352']"
嘉峪關白鹿隱居度假酒店（關城方特絲路神畫店）,9.2,"['雪山雙床房:HK$293', '浴缸大床房:HK$326', '圓湯標準間:HK$348', '輕奢圓湯大床房:HK$391', '小汽車親子房:HK$511']"
公航旅嘉峪明珠酒店（嘉峪關市高鐵南站店）,9.5,"['豪華大床房（智能客控+鴨絨被+加濕器+保險櫃+熨衣架）:HK$621', '豪華標準間（智能客控+鴨絨被+加濕器+保險櫃+熨衣設備）:HK$675', '無障礙大床房（智能客控+無障礙設施+鴨絨被+加濕器+保險櫃+熨衣設備）:HK$698', '豪華親子房（智能客控+小童用品+學習機+高低床+鴨絨被+加濕器+保險櫃+熨衣架）:HK$939', '豪華商務套房（智能客控+鴨絨被+加濕器+保險櫃+熨衣設備+棋牌桌）:HK$1,408', '豪華行政套房（智能客控+鴨絨被+加濕器+保險櫃+熨衣設備+電腦+棋牌桌）:HK$1,932']"
嘉峪關水墨名關假日酒店,9.7,"['墨居輕奢雙床房（潔凈舒適+景觀外窗+獨立加濕器）:HK$547', '墨居輕奢大床房（潔凈舒適+景觀外窗+獨立加濕器）:HK$547', '墨居至臻雙床房（潔凈舒適+景觀外窗+獨立加濕器）:HK$593', '墨居至臻大床房（潔凈舒適+景觀外窗+獨立加濕器）:HK$593']"
滙力商務公寓（嘉峪關東湖景區大唐美食街店）,9.3,"['特價雙床房:HK$243', '麗景精選雙床房（雅蘭床墊）:HK$263', '雅緻雙床房（雅蘭床墊）:HK$280', '雅緻大床房（雅蘭床墊）:HK$283', '精緻行政大床房（雅蘭床墊）:HK$390']"
全季酒店（嘉峪關步行街店）,9.4,"['雙床房A（無窗）（金可兒床墊+內景窗）:HK$478', '高級大床房A（無窗）（金可兒床墊＋內景窗）:HK$478', '雙床房（金可兒床墊+商務辦公）:HK$495', '大床房（温馨舒適+商務辦公）:HK$503']"
嘉峪關瑞程融創酒店,9.5,"['清舒雙床房（芝華仕床墊,小冰箱）:HK$481', '時光邂逅雙床房（芝華仕床墊,小冰箱,全景落地窗:HK$544', '靜怡雙床房（芝華仕床墊,小冰箱）:HK$544', '悦享城景大床房（芝華仕床墊,小冰箱,加濕器,全景落地窗:HK$633', '靜怡大床房（芝華仕床墊,小冰箱,加濕器）:HK$633']"
Super8國際酒店（嘉峪關店）,9.6,"['高級智能雙床房:HK$577', '高級智能大床房:HK$577', '尊享智能大床房:HK$653', '尊享智能雙床房:HK$653', '智能家庭房:HK$708']"
星程酒店（嘉峪關大劇院東方百盛店）,9.4,"['商務大床房【安逸睡眠+潔凈舒適+乾濕分離】:HK$456', '商務雙床房【安逸睡眠+潔凈舒適+乾濕分離】:HK$474', '豪華大床房【安逸睡眠+潔凈舒適+乾濕分離】:HK$521', '豪華雙床房【安逸睡眠+潔凈舒適+乾濕分離】:HK$521']"
嘉峪關珠城酒店,9.4,"['格調商務雙床房:HK$428', '格調雅緻大床房:HK$428', '格調高級雙床房:HK$463', '格調商務套房:HK$588', '歡聚假日三人房:HK$642']"
海友酒店（嘉峪關店）,9.7,"['大床房（舒適乾淨+乾濕分離）:HK$320', '高級大床房（雲之夢床墊+大屏手機投屏電視+乾濕分離）:HK$367', '雙床房（金可兒雲夢之床+大屏手機投屏電視+乾濕分離）:HK$376', '家庭房（雲之夢床墊+大屏手機投屏電視+乾濕分離）:HK$433']"
嘉峪關印象雄關概念酒店,9.1,"['尊享雅緻雙床房-（慕思床墊+舒適乾淨）:HK$227', '尊享雅緻大床房-（慕思床墊+舒適乾淨）:HK$234', '尊享舒適雙床房-（慕思床墊+舒適乾淨）:HK$241', '尊享舒適大床房-（慕思床墊+舒適乾淨）:HK$248']"
7天酒店（嘉峪關大唐美食街店）,10.0,"['新7天自在大床房:HK$337', '新7天好睡大床房:HK$354', '新7天自在雙床房:HK$372', '新7天影趣大床房:HK$424']"
嘉峪關福瑞精品酒店,9.2,"['舒適大床房:HK$368', '舒適標準間:HK$368', '精選標準間:HK$397', '精選大床房:HK$418']"
星程酒店（嘉峪關誠信廣場店）,9.2,"['高級雙床房（舒適睡眠）:HK$391', '高級大床房（舒適睡眠）:HK$409', '豪華雙床房（舒適睡眠+小冰箱）:HK$419', '豪華大床房（舒適睡眠+小冰箱）:HK$428']"
嘉峪關景都假日酒店（東湖景區大唐美食街店）,8.8,"['簡約雙床房:HK$282', '商務雙床房:HK$353', '觀景雙床房:HK$353', '豪華雙床房:HK$457']"
漢庭酒店（嘉峪關迎賓湖店）,9.6,"['大床房:HK$448', '高級大床房:HK$488', '高級雙床房:HK$507', '家庭房:HK$577']"
天商酒店（嘉峪關大唐美食街東湖景區店）,9.3,"['雅緻雙床房:HK$311', '臻選商務雙床房:HK$341', '臻選商務大床房:HK$341', '至尊豪華大床房:HK$382', '至尊豪華雙床房:HK$382']"
嘉峪關楠舍客棧（方特絲路神話嘉峪關關城店）,9.4,"['楠舍精品大床房:HK$238', '楠舍浪漫大床房:HK$262', '楠舍雙床標準間:HK$293', '楠舍尊享大床房:HK$293']"
嘉峪關國際大酒店,9.3,"['精緻大床房:HK$401', '温馨舒適雙床房:HK$401', '親子間:HK$450', '臻品商務單間:HK$660', '優享舒適套間:HK$744']"
三生一宅城市名宿,9.6,"['微醺:HK$524', '瑤池:HK$524', '曠野:HK$524', '颯蜜:HK$524']"
又見雄關酒店（嘉峪關富強市場店）,9.5,"['迷你雙床房:HK$110', '至尊雙床房:HK$292', '特價大床房:HK$295', '特價雙床房:HK$351']"
嘉峪關關雎別院民宿,9.1,"['別院精品大床房:HK$413', '別院精品標間:HK$445', '別院高級家庭房:HK$597', '別院家庭套房A:HK$1,754']"
嘉峪關東潤酒店,9.2,['雅緻套房:HK$557']
嘉峪關南湖大廈,9.3,"['精選大床房:HK$475', '精選標準間:HK$475', '豪華標準間:HK$503', '豪華單人間:HK$503', '親子間:HK$587']"
嘉峪關東方賓館,8.9,"['精選雙床房:HK$277', '舒適雙床房:HK$277', '舒適大床房:HK$314', '温馨家庭房:HK$342']"
嘉峪關廣場假日酒店,8.6,"['錦綉標間（無窗）:HK$293', '迷你標間:HK$300', '錦綉標間:HK$334', '豪華標間:HK$468', '豪華單間:HK$563']"
嘉峪關涵舍民宿,9.7,"['簡約榻榻米大房:HK$202', '美式榻榻米大房:HK$240', '獨立陽台北歐大床景觀房:HK$332', '中式尊享大床房:HK$360']"
