酒店名称,评分,房型价格列表
都市花園酒店（定安汽車站店）,9.5,"['輕享大床房:HK$128', '花園雅緻大床房:HK$137', '花園雅緻雙床房:HK$148', '花園尊享雙床房:HK$196']"
定安萊希漫酒店（和平南路店）,9.3,"['龍禧.優享大床房:HK$161', '智享.輕奢雙床房:HK$176', '尊享.禪馨大床房:HK$286', '尊享 禪意雙床房:HK$316']"
維也納國際酒店（定安日廣鳳羽林店）,9.5,"['標準大床房:HK$307', '標準雙床房:HK$307', '豪華大床房:HK$323', '豪華雙床房:HK$339']"
愛情樹民宿,8.9,"['紅豆杉 | 舒適大床房:HK$450', '君子蘭 | 舒適大床房:HK$450', '鬱金香 | 園景舒適大床房:HK$481', '蝴蝶蘭 | 園景舒適大床房:HK$481']"
海南諾德珺唐酒店,8.7,"['豪華園景雙床房:HK$564', '豪華園景大床房:HK$602', '豪華湖景大床房:HK$648', '麗湖套房:HK$1,242']"
麗景度假酒店（定安縣政府店）,9.3,"['豪華圓床房（酒店公區洗衣機+乾濕分離）:HK$254', '標準大床房（酒店公區洗衣機）:HK$317', '標準雙床房（酒店公區洗衣機+乾濕分離）:HK$418', '豪華大床房（公區自助洗衣機+乾濕分離）:HK$451']"
如家派柏·雲酒店（見龍大道店）,9.1,"['特惠大床房+1.5匹變頻冷暖空調+舒適通風透氣:HK$120', '雅緻大床房:HK$129', '特惠雙床房（1.5匹變頻冷暖空調+環境安靜舒適）:HK$129', '雅宿雙床房（1.5匹變頻冷暖空調+環境安靜舒適）:HK$147']"
定安熊先生智慧客棧,8.7,"['簡約主義大床房:HK$252', '智能輕奢大床房:HK$263', '簡約主義雙標房:HK$294', '精緻榻榻米房:HK$316']"
羣星賓館（沿江二路店）,9.7,"['舒適大床房:HK$102', '舒適雙床房:HK$113']"
悉時智選酒店（海口定安汽車站店）,8.7,"['拍照出片大床房【温馨浪漫｜安心好眠】:HK$136', '情侶ai約會大床房【中央空調|酒店公區提供洗衣機】:HK$151', '窗外好景豪華大床房【視野寬闊｜中央空調】:HK$167', '動人夜景雙床房【家庭親子|酒店公區提供自助洗衣房】:HK$182']"
悠谷客棧（定安汽車站店）,8.8,"['佳和雙床房（安靜温馨）:HK$157', '悠品單人房（安靜温馨）:HK$158', '佳和大床房（安靜温馨）:HK$170', '悠逸大床房（安靜温馨）:HK$184']"
定安熊先生主題香山賓館,8.6,"['熊主題易趣特惠房:HK$91', '熊主題温馨雙床房:HK$104', '熊主題精品大床房:HK$104', 'Star炫彩星空大床房:HK$104']"
定安馨牡丹賓館,8.2,"['標準大床房:HK$137', '豪華電腦單間:HK$147', '豪華電腦標間:HK$165', '豪華棋牌房:HK$184']"
定安皇華賓館（定安汽車站店）,7.6,"['特價房:HK$103', '高級大床房:HK$112', '高級雙床房:HK$125', '豪華大床房（小度智能客控）:HK$129']"
定安潤隆酒店,8.9,"['豪華大床房:HK$216', '豪華雙床房:HK$227', '豪華套房:HK$391']"
定安V8時尚酒店（定安汽車站店）,8.7,"['標準大床房（空調-酒店公區洗衣房）:HK$139', '標準雙人間（空調-酒店公區洗衣房）:HK$152', '甄選都市大床房（空調-酒店公區洗衣房）:HK$159', '商務三人間:HK$186']"
定安華盛智慧酒店（定安汽車站店）,7.6,"['華舒雅緻大床房（公區提供自助洗衣房）:HK$109', '舒享雅緻雙床房（公區提供自助洗衣房）:HK$143', '心悦麗致大床房（公區提供自助洗衣房）:HK$143', '悦享陽光大床房（公區提供自助洗衣房）:HK$161']"
瓊海森林湖大酒店,8.8,"['大床房|大陽台:HK$111', '雙床房|大陽台:HK$111', '豪華一室一廳套房|大陽台:HK$208', '豪華兩室一廳套房|大陽台:HK$234']"
定安蘭亭季賓館,8.6,"['特惠大床房:HK$121', '標準房:HK$137', '豪華麻將房:HK$202']"
定安燕輝賓館,7.3,"['標準大床房:HK$114', '標準雙人間:HK$130']"
定安滙隆大酒店,9.0,"['標準房:HK$175', '豪華大床房:HK$180', '麻將套房:HK$221']"
定安燕鯨賓館,6.7,"['高級大床房:HK$145', '高級雙床房:HK$171']"
定安春陽假日酒店,6.9,"['高級大床房:HK$194', '高級雙床房:HK$194', '豪華大床房:HK$205', '豪華雙床房:HK$205']"
仙都賓館（定安南樓店）,5.7,"['高級大床房:HK$120', '高級標間（全景落地窗+沙發休閑區）:HK$120', '豪華套房:HK$158']"
定安居善觀民宿,9.3,[]
海口東溪稻香度假酒店,9.8,"['院景雙床房:HK$360', '院景大床房:HK$379', '觀稻雙床房:HK$388', '湖景雙床房:HK$406']"
金泉智慧電影酒店（永發店）,9.6,"['高級大床房:HK$174', '豪華大床房:HK$186', '景觀雙床房:HK$195', '棋牌大床房:HK$195']"
海口南國温德姆花園酒店,8.9,"['巴洛克花園大床房:HK$356', '巴洛克花園雙床房:HK$356', '曲溪江景大床房:HK$410', '曲溪江景雙床房:HK$410', '智能助眠大床房:HK$468', '智能助眠雙床房:HK$468']"
觀家度假公寓（海口觀瀾湖新城店）,9.1,"['樂享一室套房〔獨立客廳∙廚房冰箱洗衣機〕:HK$170', '輕享一室套房〔獨立客廳∙廚房冰箱洗衣機〕:HK$214', '奢享一室套房〔室外陽台落地觀景〕:HK$246', '親子兩室套房〔親膚純棉四件套∙採光通風〕:HK$268']"
海口暉廷雲居酒店,9.5,"['穀雨·湖景大床房（全屋智能語音控制+智能馬桶+小冰箱）:HK$375', '白露·日光雙床房（全屋智能語音控制+智能馬桶+小冰箱）:HK$409', '冬至·高級親子房（全屋智能語音控制+智能馬桶+小冰箱+小童洗護用品）:HK$417', '夏至·舒適親子房（全屋智能語音控制+智能馬桶+小冰箱+小童洗護用品）:HK$452', '立秋·高級套房（全屋智能語音控制+浴缸+智能馬桶+小冰箱）:HK$512']"
海南歸園田居民宿,9.0,"['森夏·棲璟雙床房:HK$360', '雲遊·樂享大床房:HK$373', '沐光·輕奢温泉泡池大床房:HK$579', '悠悠·日式榻榻米親子房:HK$604']"
茗滙酒店（海口獅子嶺工業園火炬橫路店）,9.5,"['茗馨悠然大床房:HK$246', '茗悦商務雙床房:HK$268', '茗悦商務大床房:HK$284', '茗馨歡致親子房:HK$290']"
都市花園酒店（美蘭機場店）,9.5,"['舒適大床房:HK$218', '舒適雙床房:HK$240', '商務大床房:HK$243', '商務雙床房:HK$269']"
觀瀾新城度假公寓（海口觀瀾湖新城上東區店）,9.1,"['特價房:HK$225', '特大床套房:HK$240', '商務2居套房:HK$348', '高爾夫三居景觀套房:HK$404']"
懂宿酒店（海口觀瀾湖電影公社店）,9.0,"['陽光大床房:HK$158', '騎士精神大床房:HK$169', '騎士精神雙床房:HK$184', '馬術甄選大床房:HK$207']"
艾爾温民宿（海口馮小剛電影公社店）,8.9,"['南洋丨攬景丶閣樓大床房:HK$371', '南洋丨奢享丶閣樓雙床房:HK$377', '南洋丨奢享丶閣樓大床房:HK$389', '南洋丨親子丶悠享套房:HK$599']"
海口遠方度假公寓,9.2,"['豪華一室一廳大床房:HK$248', '温馨親子二室一廳套房:HK$347', '豪華二室二廳套房:HK$401', '豪華三室一廳套房:HK$654']"
海口星之家酒店,8.7,"['豪華大床房:HK$206', '雅緻大床房:HK$245', '豪華雙床房:HK$245', '雅緻雙床房:HK$260']"
海口觀瀾湖度假酒店,9.5,"['豪華大床客房:HK$686', '豪華雙床客房:HK$686', '高級豪華大床客房:HK$795', '高級豪華雙床客房:HK$795', '親子主題大床房:HK$904', '尊尚大床客房:HK$904']"
小園•圍屋•人家,9.0,"['圍屋大床房:HK$610', '圍屋雙床房:HK$610', '圍園套房:HK$872', '圍園雙床房:HK$872']"
海口合和居度假酒店公寓,8.2,"['觀景大床房:HK$311', '雅緻雙床房:HK$350', '温馨親子房:HK$363', '麻將房:HK$376']"
海口合和居度假酒店公寓（觀瀾湖新城免税店）,10.0,['水悦三室套房:HK$581']
海口萬麗酒店,9.6,"['高級雙床房:HK$718', '高級大床房:HK$718', '豪華大床房:HK$772', '豪華雙床房:HK$772', '高爾夫景觀大床房:HK$931', '高爾夫景觀雙床房:HK$931']"
海口麗思卡爾頓酒店,9.3,"['豪華房:HK$1,262', '豪華高爾夫景雙床房:HK$1,360', '豪華高爾夫景大床房:HK$1,360', '行政高爾夫景大床房:HK$2,046', '行政高爾夫景雙床房:HK$2,046', '行政大床房:HK$2,120']"
海口聖澤康養酒店,8.8,"['舒適大床房:HK$183', '標準陽台雙床房:HK$183', '尊享大床房:HK$183', '尊享雙大床房:HK$183']"
海口25Miles民宿,9.7,"['靜謐大床房:HK$673', '雅緻雙床房:HK$764', '尊貴套房:HK$902']"
桔子酒店（海口美蘭機場靈山寺店）,9.3,"['大床房:HK$280', '豪華雙床房:HK$308', '高級大床房:HK$308', '豪華大床房:HK$326']"
楓雅智慧旅居（三門坡店）,7.7,"['舒適豪華大床房[酒店公區洗衣機]:HK$197', '精選豪華雙人房【酒店公區洗衣機+環境舒適】:HK$227', '精選智能雙床房【酒店公區洗衣機+智能客控】:HK$260', '貼心智能大床房:HK$260']"
海口榮蓮酒店,8.8,"['舒適大床房:HK$198', '舒適雙床房:HK$217']"
海口星影智慧民宿,8.0,"['智慧舒適雙床房:HK$144', '智慧舒適大床房:HK$144', '星影舒適雙床房:HK$159', '星影舒適大床房:HK$159']"
