酒店名称,评分,房型价格列表
宜賓敍府賓館,9.6,"['舒適大床房:HK$382', '豪華大床房:HK$414', '豪華雙床房:HK$480', '陽台景觀房:HK$544', '城市景觀房:HK$610']"
宜賓大學城希爾頓歡朋酒店,9.6,"['舒適大床房:HK$361', '舒適雙床房:HK$383', '舒適山景大床房:HK$383', '高級雙床房:HK$415', '高級景觀大床房:HK$423']"
宜賓高鐵站希爾頓歡朋酒店,9.7,"['舒適大床房:HK$402', '舒適雙床房:HK$402', '高級雙床房:HK$431', '高級大床房:HK$431', '豪華大床房:HK$460']"
景湖酒店（宜賓西站宜賓市政務中心店）,9.3,"['清風丨高級大床房-智能客控:HK$229', '映月丨優享大床房-智能客控:HK$349', '靜湖丨甄選大床房-智能客控:HK$392', '上善丨行政套房-智能客控:HK$502']"
宜賓千弋酒店（萬達廣場店）,9.8,"['城市景觀房:HK$402', '豪華大床房:HK$435', '豪華雙床房:HK$435', '行政大床房:HK$533']"
宜賓凱爾頓豪庭酒店（萊茵春天店）,9.5,"['特惠房:HK$190', '普通單人房:HK$234', '豪華特惠房:HK$238', '普通標準間:HK$260', '豪華大床房:HK$317']"
宜賓瑞柏儷國際酒店（宜賓西站原著薈店）,9.3,"['高級大床房【全屋智能+迷你冰箱】:HK$250', '柏儷精品雙床房【智能客控+浴室乾濕分離】:HK$265', '柏儷豪華大床房【全屋智能+智能馬桶+小冰箱】:HK$316', '柏儷豪華全景大床房【180°全景+浴室乾濕分離】:HK$350', '柏儷輕奢套房【270°全景+複式套房+智能馬桶+小冰箱】:HK$376']"
宜賓高鐵西站亞朵酒店,9.7,"['雅緻雙床房（投屏電視+語音客控）:HK$296', '雅緻大床房（投屏電視+語音客控）:HK$314', '高級雙床房（投屏電視+語音客控）:HK$341', '高級大床房（投屏電視+語音客控）:HK$359', '行政大床房（投屏電視+語音客控）:HK$394']"
全季酒店（宜賓西站店）,9.6,"['城市景觀高級大床房（65寸投屏液晶電視+金可兒床墊）:HK$335', '城市景觀雙床房（65寸可投屏液晶電視+金可兒床墊）:HK$335', '舒壓山景雙床房（七星山景+零壓酣睡床墊+小冰箱）:HK$364', '舒壓山景高級大床房（七星山景+零壓酣睡床墊+小冰箱）:HK$374']"
薈庭酒店（宜賓西站原著薈店）,9.6,"['臻選大床房-全屋智能+慕思床墊+乾濕分離:HK$310', '薈雅＊舒適大床房-智能客控+慕思床墊+高檔羽絨被:HK$342', '薈雅＊智能雙床房-全屋客控+慕思床墊+乾濕分離:HK$342', '薈棲-城景雙床房-慕思床墊+智能客控:HK$342']"
宜賓臨港大學城會展中心亞朵酒店,9.8,"['雅緻大床房（智能投屏+智能馬桶）:HK$296', '高級雙床房（智能投屏+智能馬桶）:HK$323', '高級大床房（智能投屏+智能馬桶）:HK$350', '行政雙床房（智能投屏+智能馬桶+小冰箱+空氣凈化器）:HK$385', '行政大床房（智能投屏+智能馬桶+小冰箱）:HK$412']"
柏曼酒店（宜賓大觀樓冠英古街店）,9.2,"['高級雙床房:HK$249', '高級大床房:HK$259', '豪華雙床房:HK$268']"
宜賓禪棲酒店（合江門廣場店）,9.2,"['禪語特價房[禪意風格│零壓品牌床墊]:HK$180', '禪緣大床房[禪意風格│零壓品牌床墊]:HK$240', '禪緣雙床房[禪意風格│零壓品牌床墊]:HK$248', '雅墨江景大床房[禪意風格│零壓品牌床墊]:HK$262']"
星程酒店（宜賓萊茵店）,9.5,"['大床房（55英寸液晶大屏電視可投屏+金可兒床墊）:HK$227', '雙床房（55英寸液晶大屏電視可投屏+貴妃沙發）:HK$274', '高級大床房（55英寸液晶大屏電視可投屏+金可兒床墊）:HK$274', '舒壓-高級大床房（55英寸電視可投屏+記憶海綿床墊）:HK$293']"
宜賓智選假日酒店,9.4,"['高級房大床:HK$284', '高級房雙床:HK$284', '高級大床房庭院景觀:HK$328', '高級雙床房庭院景觀:HK$328', '高級大床房城市景觀:HK$372']"
十玥酒店（宜賓西區原著薈店）,9.7,"['舒適大床房-全屋智能客控-乾濕分離-高樓層享安靜:HK$206', '精品雙床房-獨立辦公桌-觀城市夜景-65寸投屏小米電視:HK$241', '臻選大床房-超大化粧鏡-觀城景-米家投屏電視-智能客控:HK$241', '優享雙床房-獨立辦公桌-高樓層享安靜-全屋小米智控:HK$264']"
宜賓聖芳丹酒店,9.6,"['精品雙床房:HK$424', '精品大床房:HK$424', '高級雙床房:HK$533', '高級大床房:HK$533', '豪華浴缸大床房:HK$643', '伯多祿豪華套房:HK$2,064']"
宜賓高鐵站麓柏酒店,9.8,"['商務大床房:HK$316', '商務雙床房:HK$316', '豪華雙床房:HK$370', '豪華大床房:HK$370']"
S雲竹酒店,9.5,"['高級商務大床房:HK$241', '高級商務雙床房:HK$251', '甄選家庭房:HK$257', '親子套房:HK$378']"
莫爾納酒店（宜賓大學城會展中心店）,9.7,"['M·特惠大床房:HK$176', 'M·精緻雙床房（飄窗台）:HK$205', 'M·舒適大床房:HK$212', '驚喜特惠房:HK$212']"
棲悦裏·璞遇酒店（宜賓大學城智能終端產業園店）,9.5,"['璞舍·精選大床房:HK$203', '棲語·景觀大床房:HK$239', '樂享·精緻智能雙床房:HK$251', '棲悦·雅緻智能大床房:HK$277']"
吉菲酒店（宜賓臨港大學城會展中心店）,9.4,"['蕙蘭·疊萃雙床房-助眠枕頭-落地大窗:HK$292', '瑰夏·舒享大床房-助眠枕頭-落地大窗:HK$293', '耶加雪菲·臻享雙床房-助眠枕頭-落地大窗:HK$322', '阿拉比卡·臻享大床房-助眠枕頭-落地大窗:HK$322']"
桂輪坊（李莊古鎮店）,9.5,"['霞月-特色洞穴風主題房:HK$424', '霞月-大床房:HK$435', '瑤月-套房:HK$533', '瑤月-豪華套房:HK$643']"
全季酒店（宜賓西站站前廣場店）,9.6,"['高級雙床房（智能客控+電視投屏+金可兒床墊）:HK$350', '高級大床房（智能客控+180°景觀+電視投屏）:HK$369', '商務雙床房（智能客控+電視投屏+小冰箱）:HK$378', '商務大床房（智能客控+電視投屏+冰箱）:HK$397']"
宜賓城市名人酒店,9.4,"['優選特惠大床房:HK$436', '優選特惠雙床房:HK$436', '豪華城景雙床房:HK$453', '臨江觀景大床房:HK$453', '暮江影音多功能房:HK$558', '行政大床房（ 一線江景）:HK$614']"
宜賓華邑酒店,9.6,"['高級房 雙床:HK$596', '高級房 超大床:HK$596', '高級房:HK$596', '高級房 超大床 城景:HK$634', '高級房 雙床 城景:HK$634', '高級房 超大床 江景:HK$738']"
宜賓魯能皇冠假日酒店,9.5,"['高級大床房:HK$509', '高級房:HK$509', '高級雙床房:HK$509', '豪華雙床房:HK$569', '豪華大床房:HK$569', '行政房:HK$766']"
宜賓美居酒店（大學城會展中心店）,9.7,"['標準大床房（智能客控+夢百合零壓床墊+雨林頂噴）:HK$391', '高級雙床房（智能客控+夢百合零壓床墊+雨林頂噴）:HK$391', '豪華雙床房（智能客控+夢百合零壓床墊+雨林頂噴）:HK$422', '高級大床房（智能客控+夢百合零壓床墊+雨林頂噴）:HK$422', '豪華大床房（智能客控+夢百合零壓床墊+雨林頂噴）:HK$462']"
樂善酒店（宜賓西站店）,9.5,"['景悦悠然丨陽台大床房丨智能客控丨乳膠床墊:HK$209', '陽光愜意丨陽台雙床房丨智能客控丨乳膠床墊:HK$220', '靜謐雅居丨豪華大床房丨觀景陽台丨親膚鴨絨被:HK$230', '舒逸暖舍丨豪華雙床房丨觀景陽台丨親膚鴨絨被:HK$241']"
宜賓恆旭國際大酒店,9.5,"['高級大床房:HK$457', '高級雙人房:HK$457', '豪華大床房:HK$554', '豪華雙人房:HK$554', '高級豪華大床房:HK$635', '高級豪華雙人房:HK$635']"
宜賓竹韻裏酒店,9.6,"['高級大床房（全屋智能客控+Nespresso膠囊機）:HK$544', '高級雙床間（全屋智能客控+Nespresso膠囊機）:HK$544', '豪華大床房（全屋智能客控+Nespresso膠囊機）:HK$621', '豪華雙床房（全屋智能客控+Nespresso膠囊機）:HK$654', '豪華觀景大床房（全屋智能客控+Nespresso膠囊機）:HK$864', '高級套房A（全屋智能客控+Nespresso膠囊機）:HK$906']"
月亮半島輕居酒店（宜賓臨港國際會展中心店）,9.5,"['樂享大床房:HK$247', '樂享雙床房:HK$248', '智選大床房:HK$266', '智選雙床房:HK$266']"
海月星酒店（宜賓高鐵西站店）,9.7,"['大吉大利.智能大床房【零壓床墊-高清電視】:HK$253', '星辰大海.觀影大床房【超大投影-俯瞰西站】:HK$264', '百事從歡.隨意翻滾觀影房【帶按摩椅】:HK$275', '步步高昇.舒享雙床房【城市夜景-投屏電視】:HK$279']"
安隅精品酒店（大觀樓冠英古街店）,9.3,"['舒適榻榻米房:HK$108', '舒適大床房:HK$119', '輕享大床房:HK$131', '精緻雙床房:HK$131']"
宜賓拾舍·竹裏館（宜賓西站店）,9.7,"['拾·安靜謐雙床房:HK$307', '拾·意觀影大床房:HK$328', '拾·竹觀影雙床房:HK$350', '拾·念巨幕大床房:HK$371', '拾·逸露台大床房:HK$413']"
你好酒店（宜賓西站店）,9.5,"['高級大床房（智能客控+55英寸液晶大屏電視可投屏）:HK$271', '高級雙床房（智能客控+55英寸液晶大屏電視可投屏）:HK$271', '城景大床房（智能客控+城市街景+55英寸液晶大屏電視）:HK$291', '套房（智能客控+LOFT户型+55英寸液晶大屏電視可投屏）:HK$312']"
宜賓翠屏山酒店,9.5,"['驚喜福袋房:HK$343', '豪華單間:HK$440', '豪華標間:HK$448', '豪華山景房（單間）:HK$553', '豪華山景房（標間）:HK$553']"
7天優品酒店（宜賓翠屏山景區店）,9.0,"['精選特優房:HK$92', '優品大床房:HK$108', '優享大床房:HK$125', '優品雙床房:HK$125']"
凱悦金沙酒店（宜賓敍州政務中心店）,9.6,"['米妮大床房·小時光:HK$201', '城景地標大床房·政務中心:HK$227', '小悦觀景雙床房·享城市夜景:HK$227', '甄選舒睡大床房·都市節奏:HK$259']"
宜賓君御酒店（東方時代廣場店）,9.3,"['行政雙床間:HK$349', '精品大床房:HK$375', '豪華大床房:HK$410', '全景大床房A:HK$446', '全景大床房B（俯瞰夜景+浴缸）:HK$471']"
如家商旅酒店（宜賓魯能鑫悦灣店）,9.5,"['大床房（安心睡0壓床墊）:HK$215', '高級大床房（安心睡0壓床墊）:HK$242', '雙床房（安心睡0壓床墊）:HK$260', '商旅特色雙床房（安心睡0壓床墊+小冰箱+浴缸）:HK$341']"
宜賓凱爾頓國際酒店,9.8,"['城市景觀雙床房:HK$369', '城市景觀大床房:HK$369', '陽光景觀套房:HK$501']"
宜賓天悦酒店（宜賓第二人民醫院臨港院區店）,9.5,"['舒適睡眠大床房『智能客控＋鴨絨被芯＋公區洗衣機』:HK$157', '舒適睡眠雙床房『智能客控＋鴨絨被芯＋新風系統』:HK$167', '豪華安睡大床房『觀景外窗＋智能客控＋鴨絨被芯』:HK$189', '豪華安睡雙床房『城市夜景＋智能客控＋鴨絨被芯』:HK$199']"
格林東方酒店（宜賓新城市廣場店）,9.5,"['東方雙床房-舒適好眠+遮光窗簾:HK$230', '特惠東方大床房-助眠床墊+乾濕分離:HK$333', '東方大床房-舒適好眠+自然採光:HK$333', '特惠東方雙床房-助眠床墊+乾濕分離:HK$333']"
宜賓維多利亞大酒店（大觀樓店）,8.7,"['雅秀標間:HK$209', '雅秀單間:HK$209', '雅緻雙床房:HK$272', '雅緻大床房:HK$272']"
敘龍·HOTEL（五糧液酒廠店）,9.6,"['輕奢·智能大床房『好眠乳膠床墊·智能馬桶·辦公桌』:HK$210', '豪華·智能雙床房『觀景大窗·智能馬桶·獨立辦公桌』:HK$232', '豪華·智能大床房『觀景大窗·智能馬桶·獨立辦公桌』:HK$232', '輕奢·智能雙床房『好眠乳膠床墊·智能馬桶·辦公桌』:HK$254']"
南溪.錦江賓館,9.6,"['高級雙床房:HK$218', '高級大床房:HK$230', '商務街景雙床房:HK$251', '商務街景大床房:HK$259', '豪華江景雙床房:HK$284']"
宜尚酒店（宜賓敍州政務中心鷺湖宮店）,9.7,"['ECHARM|標準大床房【輕盈美夢+全屋智能+零壓床墊】:HK$241', 'ECHARM|標準雙床房【輕盈美夢+全屋智能+零壓床墊】:HK$248', 'ECHARM|高級大床房【科德吹風+全屋智能+深睡床墊】:HK$255', 'ECHARM|豪華大床房【商務辦公+全屋智能+私享陽台】:HK$272']"
李莊月亮田星河星藝術酒店,9.8,"['冬·墨花月白 大床房:HK$1,517', '夏·圓荷 大床套房:HK$2,064', '秋·嬋娟 大床套房:HK$2,064', '春·四月天·高奢套房:HK$2,938']"
安邸酒店（宜賓高鐵西站店）,9.5,"['舒適精品大床房·高清電視+乳膠床墊:HK$152', '好睡大床房·高清電視+乳膠床墊:HK$167', '商旅大床房·影音投影+靜音電動窗簾:HK$176', '喜樂樂商務雙床房·高清電視+靜音電動窗簾:HK$182']"
緹沃利露台酒店（大學城會展中心店）,9.7,"['精緻freesia•小蒼蘭大床房:HK$202', '覓靜Cattleya·卡特蘭大床房:HK$215', '輕享Hooppine•南洋杉大床房:HK$215', '驚喜特惠房:HK$228']"
麗楓酒店（宜賓大學城會展中心店）,9.5,"['雅緻大床房【天然氧吧+異形空間+落地大窗】:HK$258', '標準單人房【天然氧吧+180°公園夜景+異形空間】:HK$273', '豪華大床房【天然氧吧+智能馬桶+落地大窗】:HK$297', '豪華雙床房【天然氧吧+智能馬桶+落地大窗】:HK$313']"
城市快捷酒店（合江門翠屏山店）,9.1,"['特惠大床房（浴室乾濕分離）:HK$91', '優選大床房（軟硬四枕+ 酒店公區提供洗衣房）:HK$109', '優選雙床房（乾濕分離+品牌床墊）:HK$121', '精選大床房（沙發圓桌+安靜舒眠）:HK$140']"
