酒店名称,评分,房型价格列表
山南美康國際大飯店,9.2,['陽光親子間：（製氧機+智能音控+加濕器+深睡床墊）:HK$641']
山南火車站雅江天街亞朵酒店,9.8,"['高級大床房（65寸投屏電視+加濕器+智能馬桶）:HK$501', '高級雙床房（65寸投屏電視+加濕器+智能馬桶）:HK$547', '幾木大床房（65寸投屏電視+加濕器+迷你小冰箱）:HK$574', '幾木雙床房（65寸投屏電視+加濕器+迷你小冰箱）:HK$619', '幾木享浴大床房（65寸投屏電視+迷你小冰箱+浴缸）:HK$708']"
維也納國際酒店（山南店）,9.5,"['標準大床房:HK$378', '標準雙床房:HK$378', '供氧大床房:HK$432', '供氧雙床房:HK$432', '商務套房:HK$543']"
龍馬大酒店（山南市政府店）,9.4,"['智能舒適雙床房（副樓）:HK$304', '智能舒適大床房（小度智能音響+乾濕分離）（副樓）:HK$306', '智能商務雙床房（小度智能音響+乾濕分離+零壓床墊）:HK$314', '智能商務大床房（小度智能音響+乾濕分離+零壓床墊）:HK$338']"
北境電競酒店,9.5,"['電競雙人間:HK$424', '電競大床房:HK$424', '電競FPS臻享雙人間:HK$467', '電競FPS臻享三人間:HK$533']"
山南香曲花園酒店,8.6,"['豪華大床房:HK$349', '豪華標間:HK$349', '普通套房:HK$632', '豪華套房:HK$796']"
柏曼酒店（山南客運站店）,9.2,"['高級大床房:HK$276', '高級雙床房:HK$283', '豪華大床房:HK$297', '豪華雙床房:HK$304']"
喜雅酒店,8.7,"['豪華標間:HK$322', '豪華大床房:HK$346', '豪華套房:HK$432']"
山南繁花似錦民宿,7.5,"['豪華大床房:HK$98', '牆暖簡約雙床房:HK$113', '簡約經濟四人間（淋浴獨衞）:HK$118', '風格暖氣大床房:HK$119']"
山南金城賓館,6.3,"['豪華標準間:HK$148', '豪華大床房:HK$173', '豪華三人間:HK$216', '尊享大床房:HK$325']"
岷山尚領空港大酒店,9.0,"['悦享智能雙床房:HK$594', '安逸智能大床房:HK$653', '安逸智能雙床房:HK$653', '行政智能套房:HK$2,775']"
蘭歐國際酒店（拉薩貢嘎機場店）,9.5,"['蘭沁高級大床房（獨立便攜式供氧 ＋中央空調+全屋智控 ＋mini吧＋加濕器）:HK$332', '蘭沁市景雙床房（獨立便攜式供氧＋中央空調+全屋智控＋mini吧＋加濕器）:HK$369', '休閑家庭房（獨立便攜式供氧＋中央空調+全屋智控＋mini吧＋加濕器）:HK$369', '電競大床房（地暖+全屋智控+mini吧+加濕器）:HK$383', '蘭錦豪華彌散供氧大床房（中央空調+全屋智控+mini吧+加濕器）:HK$397']"
維也納國際酒店（拉薩貢嘎機場店）,9.4,"['高級雙床房（智能客控+加濕器+地暖）:HK$373', '高級大床房（智能客控+加濕器+地暖）:HK$391', '豪華雙床房（智能客控+加濕器+地暖）:HK$408', '豪華大床房（智能客控+加濕器+地暖）:HK$426']"
維也納國際酒店（山南加查縣中心店）,9.3,"['高級大床房:HK$470', '高級雙床房:HK$496', '豪華大床房:HK$579', '豪華雙床房:HK$632']"
格爾東贊大酒店,9.7,"['日式風格豪華標間:HK$497', '日式風格豪華單間:HK$497', '中式豪華單間:HK$497', '藏式風格豪華單間:HK$497', '中式豪華豪標:HK$497']"
桑耶寺賓館,8.6,"['普通大床房:HK$304', '普通標間:HK$306', '豪華大床房:HK$328', '豪華標間:HK$328']"
扎囊安逸賓館,8.8,"['豪華大床房:HK$182', '豪華雙人間:HK$185', '温暖大床房地暖:HK$246', '豪華三人間:HK$260']"
洛扎隴巴莊園酒店,8.8,"['豪華標準間:HK$360', '豪華套房:HK$502', '三人間:HK$502']"
扎西鄰快捷酒店,8.9,"['大床房:HK$229', '雙床房:HK$240', '三人間:HK$278', '豪華標間:HK$546']"
加查達爾谷酒店,7.9,"['豪華大床房:HK$284', '豪華雙床房:HK$284', '豪華套房:HK$511']"
勒啦酒店,10.0,"['豪華山景雙床房:HK$306', '豪華山景大床房:HK$306']"
貢嘎祥和賓館,9.5,"['舒適大床房:HK$183', '經濟標間:HK$211', '普通標準間:HK$217', '豪華雙人間:HK$233']"
加查斯邁時尚酒店,8.1,['榻榻米房:HK$316']
隆子鑫隆商務賓館,8.7,"['雙床房:HK$333', '大床房:HK$333']"
浪卡子酷途星空營地,7.1,"['標間:HK$306', '湖景星空情侶帳篷（公共衞浴）:HK$415', '四人間:HK$524', '湖景星空家庭帳（舒適型）（公共衞浴）:HK$961']"
浪卡子羊湖部落家庭旅館,8.1,"['高級大床房:HK$260', '豪華雙床房:HK$260']"
加查伊卓特色賓館,8.3,"['豪華標間:HK$188', '豪華大床房:HK$197']"
祥隆賓館,9.0,"['舒適標間:HK$213', '豪華雙床房:HK$246', '豪華四人房:HK$323']"
措珍家庭民宿,9.6,"['大床房:HK$284', '雙床房:HK$284']"
浪卡子浪泰商務賓館,9.1,"['標準中式大床房:HK$212', '標間:HK$228', '豪華三人房:HK$327']"
貢嘎星途酒店,8.4,"['精品大床房:HK$183', '精品雙床房:HK$185', '精品三人間:HK$185', '有氧大床房:HK$293']"
加查拉姆拉措家庭旅館,8.3,"['豪華山景雙床房（公共衞生間）:HK$188', '三人間（公共衞浴）:HK$244']"
錯那勒布溝遊客服務中心酒店,8.2,"['大床房:HK$332', '標間:HK$332', '商務套房:HK$388']"
邊巴鄉單增幸福賓館,8.0,"['標準大床房:HK$197', '標準雙床房:HK$260']"
嘎瑪雪域家庭旅館,8.4,"['基礎雙床房（公衞無浴室）:HK$200', '普通雙人房（公衞可沐浴）:HK$218', '舒適雙床房（獨立衞浴）:HK$218', '温馨三人間（公衞可沐浴）:HK$328']"
瓊日賓館,8.8,"['普通標間:HK$142', '標間:HK$186', '單間:HK$186']"
玉麥鄉重慶江湖賓館,7.2,"['商務雙人間:HK$197', '豪華大床房:HK$197']"
羊湖蕃聖度假山莊,8.1,"['普通大床房:HK$82', '高級標準間:HK$165', '3560m低海拔高級大床房:HK$165', '有氧標準間（配備製氧機）:HK$184']"
浪卡子羊湖酒店,6.7,"['豪華單間:HK$328', '豪華標間:HK$413', '豪華套房:HK$637']"
裕豐家庭旅館,9.7,[]
