酒店名称,评分,房型价格列表
如家商旅酒店（庫爾勒交通西路人民廣場店）,9.7,"['大床房（智能客控+夢百合零壓床墊）:HK$317', '雙床房（智能客控+夢百合零壓床墊）:HK$350', '高級大床房（智能客控+夢百合零壓床墊）:HK$358', '高級雙床房（智能客控+夢百合零壓床墊）:HK$375']"
庫爾勒君潤酒店（庫爾勒站店）,9.6,"['特惠雙床房‖全屋智控+酒水吧枱小冰箱:HK$433', '特惠大床房‖VIP沉浸視聽+杜比音效:HK$433', '君逸雙床房‖全屋智控+酒水吧枱小冰箱:HK$470', '君尚影音日式輕居榻榻米‖高清巨幕VIP沉浸視聽+杜比音效:HK$470', '君悦雙床房‖全屋智控+酒水吧枱小冰箱:HK$507']"
錦江都城酒店（庫爾勒孔雀河樓蘭不夜城店）,9.5,"['都會雙床房:HK$364', '風雅大床房:HK$373', '影院大床房:HK$399', '時尚大床房:HK$399', '行政套房:HK$449']"
全季酒店（庫爾勒領尚幸福天地店）,9.7,"['大床房【小米加濕器+可投屏65寸電視+電動窗簾】:HK$353', '高級雙床房【小米加濕器+可投屏65寸電視+電動窗簾】:HK$353', '高級大床房【小米加濕器+可投屏65寸電視+電動窗簾】:HK$372', '舒壓高級雙床房【小米加濕器+可投屏65寸電視】:HK$372']"
希玥酒店（庫爾勒孔雀河人民廣場店）,9.2,"['智能輕奢大床房丨語音客控+乾濕分離+小冰箱:HK$404', '智能豪華大床間丨語音客控+乾濕分離+小冰箱:HK$445', '智能豪華標間丨語音客控+乾濕分離+小冰箱+加濕器:HK$465', '智能豪華陽光大床房＋270度全景落地窗+城市夜景:HK$521', '智能豪華陽光雙床房＋270度全景落地窗+城市夜景:HK$541']"
柏雅酒店（庫爾勒塔里木油田項目公司店）,9.4,"['高級大床房:HK$280', '影音雙床房:HK$297', '行政大床房:HK$297', '高級雙床房:HK$315']"
全季酒店（庫爾勒九鼎市場店）,9.6,"['大床房:HK$503', '雙床房:HK$503', '高級大床房:HK$522']"
庫爾勒孔雀河公園亞朵酒店,9.5,"['高級大床房（記憶枕+可觀景+可投屏）:HK$475', '幾木雙床房（深睡枕+冰箱+觀景）:HK$537', '行政大床房（記憶枕+冰箱+觀景）:HK$537', '幾木親子雙床房（深睡枕+冰箱+觀景）:HK$628', '幾木大床房（深睡枕+小冰箱+可觀景）:HK$691']"
庫爾勒半城酒店（孔雀河店）,9.2,"['高級優享雙床房（智能客控||新風循環）:HK$501', '高級優享大床房（智能客控||新風循環）:HK$501', '高級內景景觀大床房（新風系統+智能客控）:HK$534', '高級內景景觀雙床房（新風系統+智能客控）:HK$534', '豪華大床房（全屋智能客控）:HK$665']"
你好酒店（庫爾勒市政府店）,9.6,"['高級大床房【65寸智能可投屏電視+金可兒床墊】:HK$298', '商務大床房【65寸智能可投屏電視+金可兒床墊】:HK$348', '高級雙床房【65寸智能可投屏電視+恆温馬桶】:HK$358', '商務雙床房【65寸智能可投屏電視+金可兒床墊】:HK$388']"
庫爾勒金鳳凰商務酒店（大巴扎孔雀河店）,9.3,"['雅緻大床房（無窗）:HK$238', '雅緻雙床房（無窗）:HK$238', '舒適雙床房:HK$296', '舒適大床房:HK$296']"
庫爾勒福潤德·萬達錦華酒店,8.8,"['精緻大床房·內景大空間:HK$453', '精緻雙床房·內景大空間:HK$459', '高級大床房·內景大空間:HK$497', '高級雙床房·內景大空間:HK$513', '豪華大床房·獨享大空間+全景落地窗:HK$706', '豪華雙床房·獨享大空間+全景落地窗:HK$776']"
欐楓都城酒店（庫爾勒孔雀河石化大道店）,9.1,"['靜享丨零壓舒眠大床房（深度睡眠+智能客控+新風循環）:HK$218', '輕氧丨雙床靜音房（深度睡眠+智能客控+新風循環）:HK$241', '輕奢丨智享大床房（深度睡眠+智能客控+舒適床品）:HK$316', '輕奢丨智享雙床房（深度睡眠+智能客控+舒適床品）:HK$349', '臻享丨雲端深睡大床房（智能客控+舒適床品）:HK$361']"
如家酒店·neo（庫爾勒石化大道9號倉店）,9.7,"['高級大床房（可投屏55寸電視+酒店提供自助洗衣房）:HK$251', '商務大床房（可投屏65寸電視+酒店提供自助洗衣房）:HK$277', '雙床房（可投屏65寸電視+酒店提供自助洗衣房）:HK$296', '安心睡大床房（夢百合零壓床墊+記憶枕+酒店提供自助洗衣房）:HK$314']"
庫爾勒石化大道蘭歐國際酒店,9.6,"['智能經典大床房（冰箱+智能客控）:HK$319', '街景智能高級大床房（冰箱+記憶枕+智能客控）:HK$347', '街景智能高級雙床房（冰箱+記憶枕+智能客控）:HK$356', '街景智能豪華大床房（冰箱+喜臨門床墊+智能客控）:HK$365']"
麗楓酒店（庫爾勒石化大道店）,9.5,"['雅緻雙床房【慕斯床墊+空氣凈化+香薰加濕+淋浴音樂】:HK$283', '雅緻大床房【慕斯床墊+空氣凈化+香薰加濕+淋浴音樂】:HK$294', '豪華雙床房【慕斯床+香薰加濕+凈化器+冰箱+淋浴音樂】:HK$326', '豪華親子房【慕斯床+香薰加濕+凈化器+冰箱+淋浴音樂】:HK$337']"
希岸酒店（庫爾勒機場路東方物探店）,9.7,"['希岸高級大床房（智能客控+電動窗簾+加濕器）:HK$297', '玲瓏大床房（智能客控+電動窗簾+加濕器）:HK$313', '希岸高級雙床房（智能客控+電動窗簾+加濕器）:HK$324', '希岸豪華大床房（智能客控+電動窗簾+加濕器）:HK$353']"
全季酒店（庫爾勒市政府店）,9.6,"['雙床房【金可兒床墊+乾濕分離衞浴+可投屏65寸電視】:HK$381', '高級大床房【金可兒床墊+恆温馬桶+可投屏65寸電視】:HK$400', '舒壓雙床房【舒壓床墊枕頭+冷藏小冰箱+拾趣功夫茶具】:HK$419', '舒壓大床房【舒壓床墊枕頭+冷藏小冰箱+法國精油洗護】:HK$437']"
正軒酒店（天鵝河市政府店）,9.7,"['特惠大床房:HK$486', '高級大床房:HK$521', '高級雙床房:HK$521', '豪華雙床房:HK$538']"
季楓酒店（庫爾勒人民廣場店）,9.5,"['特惠雙床房（65寸可投屏電視+乾濕分離衞浴）:HK$367', '特惠大床房（65寸可投屏電視+乾濕分離衞浴）:HK$367', '高級大床房（恆温馬桶+65寸可投屏電視）:HK$393', '高級雙床房（恆温馬桶+65寸可投屏電視）:HK$393']"
庫爾勒博斯騰賓館,9.6,"['特惠雙床房（有窗）:HK$461', '經典智能大床房+智能客控+加濕器+小冰箱:HK$525', '經典智能雙床房:HK$525', '特惠大床房（加濕器+小冰箱）:HK$536', '智能親子雙床房·智能客控:HK$536']"
艾尚酒店（庫爾勒交通西路人民廣場店）,9.7,"['艾尚迷你間:HK$310', '艾尚豪華雙床房:HK$396', '艾尚豪華大床房:HK$404', '艾尚豪華套房:HK$646']"
博雅麗景酒店（巴音布魯克店）,9.7,"['特惠雙床房（全屋地暖+三區分離+智能窗簾+智能馬桶）:HK$721', '輕奢斜頂影院雙床房（電動天簾+投影+浴缸+智能馬桶）:HK$754', '行政豪華雙床房（全屋地暖+三區分離+智能窗簾+智能馬桶）:HK$883', '博雅高級大床房（全屋地暖+三區分離+智能窗簾+智能馬桶）:HK$940', '高級四人電競房（全屋地暖+三區分離+智能窗簾+智能馬桶）:HK$1,082']"
希岸酒店（庫爾勒天山東路店）,9.4,"['希岸玲瓏大床房（零壓床墊+全屋智能）:HK$328', '希岸玲瓏雙床房（零壓床墊+全屋智能）:HK$380', '希岸商務大床房（零壓床墊+全屋智能）:HK$397', '希岸商務雙床房（零壓床墊+全屋智能）:HK$474', '希岸豪華家庭房（零壓床墊+全屋智能）:HK$785']"
柏曼酒店（庫爾勒孔雀河店）,9.4,"['舒適單床房（空氣凈化器）:HK$227', '標準大床房（空氣凈化器）:HK$255', '商務大床房:HK$269', '商務雙床房:HK$305']"
巴音布魯克吉日格勒大酒店,9.3,"['民族特惠風情雙床房（投屏電視+全屋地暖+智能馬桶）:HK$598', '榻榻米民族雙床房（投屏電視+全屋地暖+智能馬桶）:HK$732', '雅緻舒睡雙床房（投屏電視+全屋地暖+智能馬桶）:HK$768', '靜享空間大床房（投屏電視+全屋地暖+智能馬桶）:HK$833', '商務大床房（投屏電視+全屋地暖+智能馬桶）:HK$841']"
尉犁太陽古城蘭歐國際酒店,9.6,"['智能高級雙床房（智能客控+智能馬桶+MINI冰箱）:HK$360', '蘭錦豪華雙床房（智能客控+智能馬桶+MINI冰箱）:HK$384', '蘭錦豪華大床房（智能客控+智能馬桶+MINI冰箱）:HK$407', '蘭錦行政雙床房（智能客控+智能馬桶+MINI冰箱）:HK$407', '蘭錦行政大床房（智能客控+智能馬桶+飛科加濕器）:HK$439']"
麗楓酒店（庫爾勒人民東路店）,9.7,"['高級雙床房（慕斯床墊+淋浴音樂+迷你小冰箱）:HK$367', '商務大床房（慕斯床墊+淋浴音樂+迷你小冰箱）:HK$375', '純凈自然大床房（慕斯床墊+淋浴音樂+迷你小冰箱）:HK$407', '豪華雙床房（慕斯床墊+淋浴音樂+迷你小冰箱）:HK$407']"
雅緹酒店（庫爾勒滙嘉時代廣場店）,9.6,"['雅緻內景大床房（全屋智能）:HK$392', '雅緻內景雙床房（全屋智能）:HK$392', '高級大床房:HK$423', '高級雙床房:HK$447']"
桔子酒店（庫爾勒塔指東路店）,9.3,"['加州陽光大床房（金可兒床墊+智能化語音）:HK$409', '月若流金豪華雙床房（金可兒床墊+智能化語音）:HK$409', '豪華大床房（金可兒床墊+智能化語音）:HK$437', '月若流金親子房（金可兒床墊+智能化語音）:HK$465']"
焉耆天福酒店,9.2,"['瑞福軒-雙床房:HK$347', '錦福軒-大床房:HK$391', '映福軒-湖景雙床房:HK$424', '福悦童趣-豪華親子房:HK$642', '福臻雲邸-豪華套房:HK$752']"
ZMAX滿兮酒店（庫爾勒塔指東路店）,9.6,"['一張床XL:HK$407', '一張床XXL（網紅+時尚）:HK$438', '兩張床XL:HK$445', '有個浴缸MAX（輕奢大床房）:HK$483', '兩張床XXL:HK$497']"
巴音布魯克E-home·一泓錦華度假酒店,9.7,"['知秋 | 微風驚喜房:HK$636', '撫春 | 陽光優享房-智能客控:HK$705', '攬星 | 怡致雙床房-享席夢思:HK$838', '抱月 | 怡致大床房-舒睡好眠:HK$838', '夕拾 | 景緻雙床房-遠觀山瀾:HK$980']"
蘭歐酒店（博湖人民政府店）,9.6,"['蘭歐智能大床房（智能客控+小冰箱）:HK$264', '蘭歐豪華大床房（智能客控+小冰箱+沙發）:HK$279', '蘭歐智能雙床房（智能客控+小冰箱）:HK$288', '蘭歐豪華雙床房（智能客控+小冰箱+空間大）:HK$295']"
西海半島度假酒店,9.7,['豪華時尚套房:HK$318']
龍苑酒店（焉耆縣人民廣場店）,9.4,"['特選·安心大床房:HK$361', '特選·安心雙床房:HK$374', '至臻·臻享大床房:HK$412', '至臻·臻享雙床房:HK$412']"
和靜喜悦酒店,9.2,"['特惠房:HK$303', '靜謐雙床房（新風系統+品牌床墊+乾濕分離+投屏）:HK$382', '靜謐大床房（新風系統+品牌床墊+乾濕分離+投屏）:HK$382', '欣悦三人間（新風系統+品牌床墊+乾濕分離+投屏）:HK$505', '行政雙床房（新風系統+品牌床墊+乾濕分離+投屏）:HK$526']"
庫爾勒梨城花園酒店,9.0,"['花園套房:HK$4,011']"
星程酒店（庫爾勒石化大道店）,9.4,"['大床房:HK$372', '高級雙床房:HK$400', '高級大床房:HK$419', '套房:HK$465']"
庫爾勒康城建國國際酒店,9.1,"['高級大床房:HK$383', '高級雙床房:HK$383', '單人高級套:HK$579', '豪華套房:HK$623', '行政大床房:HK$678', '行政大床套房:HK$1,082']"
孔雀海灘月亮灣酒店,9.8,"['普標大床房:HK$578', '家庭親子房（大床+上下鋪）:HK$676', '行政豪華雙床房:HK$676', '榻榻米親子房:HK$676']"
庫爾勒瀾都精品酒店（孔雀河店）,9.4,"['梨城風情標準間（羽絨枕+天鵝夜景+深睡床墊）:HK$353', '孔雀河中式雙床房（孔雀河夜景+羽絨枕）:HK$365', '孔雀河舒適單人間（天鵝夜景+羽絨枕+深睡床墊）:HK$372', '孔雀河中式大床房（羽絨枕+河邊夜景）:HK$386']"
庫爾勒璞居酒店（新滙嘉時代店）,9.2,"['標準大床房丨小冰箱+加濕器:HK$315', '標準雙床房丨小冰箱+加濕器:HK$315', '經典大床房丨小冰箱+加濕器:HK$376', '經典雙床房丨小冰箱+加濕器:HK$376', '商務大床房丨小冰箱+加濕器:HK$436']"
維也納國際酒店（庫爾勒天鵝河店）,9.5,"['高級大床房（加濕器）:HK$380', '高級雙人房（加濕器）:HK$380', '豪華大床房（加濕器）:HK$405', '豪華雙人房（加濕器）:HK$438', '商務雙人房（加濕器）:HK$447']"
如家派柏雲酒店（庫爾勒孔雀河店）,9.1,"['心怡大床房:HK$216', '優選雙床房:HK$240', '温馨親子房:HK$256']"
萬信至格酒店（庫爾勒二師醫院巴州衞校店）,9.7,"['靜謐雙床房:HK$187', '舒適大床房:HK$287', '舒適雙床房:HK$292', '高級大床房:HK$307']"
城市便捷酒店（庫爾勒開發區管委會店）,9.6,"['優享大床房:HK$290', '風雅大床房:HK$392', '風雅雙床房:HK$416', '城市之光童馨親子房:HK$448']"
焉耆銀都商務酒店（人民廣場美食街夜市店）,9.4,"['巨幕·投影逸趣大床房【智能客控+小冰箱+100寸巨幕】:HK$284', '巨幕·投影逸趣雙床房【100寸巨幕+智能客控+小冰箱】:HK$295', '未來·雅韻尊享大床房【卡座沙發+mini冰箱+智能客控】:HK$307', '未來·雅韻尊享雙床房【mini冰箱+智能客控+卡座沙發】:HK$319']"
庫爾勒美豪尚層酒店（人民廣場店）,9.1,"['擷春|大床房:HK$207', '擷春|雙床房:HK$219', '沐夏|大床房:HK$249', '拾秋|大床房:HK$258']"
漢庭酒店（庫爾勒市政府店）,8.5,"['大床房:HK$265', '高級大床房:HK$285', '高級雙床房:HK$285', '家庭房:HK$354']"
