酒店名称,评分,房型价格列表
梵詩酒店（傣族古鎮店）,9.7,"['雅緻雙床房:HK$653', '豪華大床房:HK$751', '豪華雙床房:HK$871', '傣樂温馨大床房:HK$1,090', '豪華家庭房:HK$1,090']"
華竺·觀景美宿（傣族古鎮店）,9.9,"['有眠·大床房【觀古鎮+當貝投影+TOTO衞浴+貢緞床品】:HK$305', '初夏·大床房【私人露台+當貝投影+TOTO衞浴+貢緞床品】:HK$338', '知秋·大床房【觀古鎮+私人露台+TOTO衞浴+貢緞床品】:HK$370', '枕月·大床房【觀古鎮日落+貢緞床品+私人露台+當貝投影+品牌衞浴】:HK$412']"
芒市城悦酒店（芒市廣場店）,9.6,"['雅緻大床房:HK$291', '輕奢大床房:HK$342', '商務雙床房:HK$350', '行政套房:HK$510']"
嵐予•雲棲謐境丨泰式風情·休閑度假民宿·Villa（傣族古鎮店）,10.0,"['【歸謐·LI觀景大床房】人體工學慕思床墊｜戴森吹風機:HK$1,048', '【歸來·靜謐DL大床房】｜全屋客控｜激光IMAX影廳:HK$1,048', '【密悦·HA觀景大床房】高端床品記憶枕｜戴森吹風機:HK$1,048', '【初心·私享陽台觀景大床房】全屋客控｜韻繞茶台:HK$1,048']"
華竺·Stylist藝術美宿（傣族古鎮金塔店）,9.9,"['Villa·春分丨靜謐雙床房（全屋智能+戴森吹風+TOTO衞浴+巨幕投影+記憶睡枕+貢緞床品+Minibar暢飲）:HK$524', 'Villa·觀星丨星空浴缸大床房（獨立露台+全屋智能+戴森吹風+TOTO衞浴+巨幕投影+記憶睡枕+貢緞床品+Minibar暢飲）:HK$571', 'Villa·白露丨露台山景大床房（全屋智能+戴森吹風+TOTO衞浴+巨幕投影+記憶睡枕+貢緞床品+Minibar暢飲）:HK$607', 'Villa·攬月丨觀金銀塔浴缸大床房（獨立露台+全屋智能+戴森吹風+TOTO衞浴+巨幕投影+記憶睡枕+貢緞床品+Minibar暢飲）:HK$644']"
芒市翡華酒店,9.3,"['雅緻大床房:HK$513', '雅緻雙床房:HK$513', '雅緻豪華大床房:HK$835', '雅緻豪華雙床房:HK$835', '雅緻閣樓雙床房:HK$835']"
聆湖別院（勐煥大金塔店）,9.5,"['觀山105尊享榻榻米大床房（電動窗簾+智能馬桶+九牧衞浴＋中央空調+記憶睡枕+貢緞床品）:HK$423', '觀山203尊享大床房（獨立陽台+電動窗簾+智能馬桶+九牧衞浴＋中央空調＋大理石浴缸+記憶睡枕+貢緞床品）:HK$442', '觀山303尊享榻榻米大床房（獨立陽台+電動窗簾+智能馬桶+九牧衞浴＋中央空調＋大理石浴缸+記憶睡枕+貢緞床品）:HK$442', '觀山102尊享大床房（獨立陽台+電動窗簾+智能馬桶+九牧衞浴＋中央空調+記憶睡枕+貢緞床品）:HK$479']"
芒市來因酒店,9.5,"['庭院•浴缸陽台｜大床房:HK$870', '豪華•山景浴缸｜大床房:HK$943', '金塔•浴缸陽台｜大床房:HK$977', '山景•泡池陽台｜雙床房:HK$1,070', '豪華•兩室一廳｜套房:HK$1,087']"
雅斯特國際酒店（芒市廣場店）,9.6,"['雅緻大床房（智能客控）:HK$222', '高級大床房（智能客控&電動窗簾）:HK$238', '高級雙床房（高樓層&採光好）:HK$279', '豪華大床房（房間大&採光好）:HK$296', '豪華雙床房（落地窗&智能馬桶）:HK$312']"
芒市尋木有宿,9.6,"['【得閑】樹下大床房（傣式木樓·零壓深睡床墊·鵝絨被）:HK$399', '【莫忙】花園雙床房·傣式木樓|零壓深睡床墊|鵝絨被:HK$419', '【尋桂】花園雙床房（傣式木樓·零壓深睡床墊·鵝絨被）:HK$419', '【且停】榻榻米大床房（傣式木樓·雙塔觀景·零壓深睡）:HK$432']"
德宏瑞麗凱里亞德溫泉度假酒店,9.3,"['輕享智能雙床房丨零壓床·AI客控·高端床品·私享靜謐:HK$282', '輕享智能雙拼大床房丨高端床品·AI客控·零壓好眠:HK$282', '輕享智能大床房丨零壓床·助眠枕·AI客控·高端床品:HK$290', '榮享智能大床房丨靜謐空間·零壓特大床·AI客控:HK$312', '趣享智能雙拼親子房丨靜謐適宜·益智玩具·AI客控:HK$349']"
雙羽民宿.高端花園別墅（芒市傣族古鎮店）,9.7,"['兩全其美•大床房【獨立私密陽台+漢斯格雅沐浴+壁掛懸空KOHLER馬桶+乾濕分離+懸浮氛圍床+鴨絨被+一次性沐浴套裝】:HK$354', '四季發財•大床房【賞民族東南亞風格別墅羣+漢斯格雅沐浴+壁掛懸空KOHLER馬桶+乾濕分離+懸浮氛圍床+鴨絨被+一次性沐浴套裝】:HK$384', '一心一意•雙床房【花園外景+日出晨景+漢斯格雅沐浴+壁掛懸空KOHLER馬桶+乾濕分離+懸浮氛圍床+鴨絨被+一次性沐浴套裝】:HK$385', '三生有幸•雙床房【看日出連綿山景觀古鎮全景陽台+漢斯格雅沐浴+壁掛懸空KOHLER馬桶+乾濕分離+懸浮氛圍床+鴨絨被+一次性沐浴套裝】:HK$422']"
芒市鉑璽酒店,9.8,"['輕享大床房（貴妃椅+智能客控）:HK$228', '輕享雙床房（智能客控）:HK$251', '陽光城景靜謐大床房（貴妃椅+智能客控）:HK$276', '陽光城景靜謐雙床房（智能客控）:HK$304', '金塔觀景大床房（貴妃椅+智能客控）:HK$334']"
嶼上USUN•HOTEL（芒市廣場店）,9.6,"['花嶼︱御品大床房（冰箱飲料+高端床品+高速WIF）:HK$393', '花嶼 | 御品雙床房（冰箱飲料+高端床品+高速WIF）:HK$393', '木嶼 | 景觀雙床房（冰箱飲料+高端床品+高速WIF）:HK$421', '木嶼 | 景觀大床房（冰箱飲料+高端床品+高速WIF）:HK$425', '温嶼丨親子家庭房（冰箱飲料+高端床品+高速WIF）:HK$468']"
麗楓酒店（芒市金孔雀大街機場店）,9.6,"['標準大床房:HK$575', '雅緻大床房:HK$604', '豪華大床房:HK$618', '豪華雙床房:HK$618', '商務大床房:HK$647']"
棲遲客棧（傣族古鎮店）,9.9,"['餘歡-温馨舒適大床房（全屋智能+TOTO智能衞浴+乾濕分離+亞朵深睡枕）:HK$590', '隨遇-靜謐景觀大床房（全屋智能+恆温馬桶+乾濕分離+深睡枕+TOTO衞浴）:HK$608', '密悦-獨立花園景觀大床房（全屋智能+TOTO智能衞浴+乾濕分離+亞朵深睡枕）:HK$793', '覓知-雅緻紗幔大床房（全屋智能+恆温馬桶+乾濕分離+深睡枕+TOTO衞浴）:HK$793']"
雲尚居民宿（傣族古鎮店）,9.7,"['拾秋301 · 觀景影院大床房（高清投影+乳膠記憶枕+智能馬桶）:HK$494', '沐夏302 · 觀景影院大床房（投影+記憶睡眠枕+浴缸+智能馬桶）:HK$537', '挽風101·庭院觀景大床房（高清投影+乳膠記憶枕+泡池+智能馬桶+私人小院）:HK$546', '攬月102 · 露台舒適雙床房（高清投影+乳膠記憶枕+浴缸+智能馬桶）:HK$574']"
SFEEL設計師酒店（芒市廣場店）,9.7,"['園景大床房（零壓床品+AI智能客控+科勒衞浴+mini冰箱）:HK$304', '悠享園景雙床房（零壓床品+AI智能客控+mini冰箱）:HK$337', '陽光園景大床房（零壓床品+AI智能客控+mini冰箱）:HK$348', '設計師精選大床房（零壓床品+AI智能客控+mini冰箱）:HK$359']"
宜尚酒店（芒市廣場店）,9.7,"['智能高級大床房（180°全景落地窗|金塔景觀|明堂疏朗）:HK$230', '智能豪華大床房（舒躺椅I支持手機投屏I冰箱I採光好）:HK$259', '智能高級雙床房（全智控I支持手機投屏I安靜I採光好）:HK$259', '智能大床房（智能客控|支持手機投屏|通風采光好）:HK$282', '智能豪華雙床房（全智控I手機投屏I落地窗I風景好）:HK$297']"
朵蘭達V酒店（芒市機場芒市大街店）,9.6,"['零壓智能語音大床房:HK$299', '零壓智能語音雙床房:HK$324', 'Scener靜謐大床房:HK$362', 'Scener靜謐雙床房:HK$386', 'Cool朵拉城景大床房:HK$437']"
芒市柒柒小築民宿（傣族古鎮景區店）,9.8,"['樑·露台舒適大床房101（享受靜謐時光的園景露台+深睡大床+智能馬桶）:HK$251', '隴·超大露台特色榻榻米203（可坐搖搖椅觀星星月亮的超大露台+深睡大床+智能馬桶）:HK$262', '瑞·超大露台舒適大床房201（比房間還大的超大露台+深睡大床+智能馬桶）:HK$272', '盈·超大露台豪華雙床房202（可躺睡吹風放空的超大露台+深睡大床+智能馬桶）:HK$294']"
花語温泉民宿,9.4,"['歸田園雙床房:HK$325', '温泉湯屋大床房:HK$391', '温泉湯屋榻榻米雙床房:HK$391', '温泉湯屋親子房:HK$391']"
厚一民宿,9.9,"['紅酒| 小一室【進口白蠟木傢俱＋高端定製床品】:HK$440', '肉豆蔻| 院景雙床房【進口白蠟木傢俱＋高端定製床品】:HK$529', '橙| 院景落地窗一室【進口白蠟木傢俱＋高端定製床品】:HK$640', '香葉| 一院一室【進口白蠟木傢俱＋高端定製床品】:HK$640']"
錦悦酒店（德宏芒市機場珠寶小鎮店）,9.5,"['泊野·悦享大床房【全屋智能客控+零壓床墊+智能馬桶】:HK$190', '知秋·尊享大床房【全屋智能客控+零壓床墊+智能馬桶】:HK$213', '止安·靜享雙床房【全屋智能客控+零壓床墊+智能馬桶】:HK$225', '悠然·臻享大床房【全屋智能客控+零壓床墊+智能馬桶】:HK$236']"
全季酒店（芒市廣場店）,9.7,"['高級大床房（金可兒床墊|獨立小冰箱|65寸可投屏電視）:HK$414', '商務大床房（金可兒床墊|獨立小冰箱|65寸可投屏電視）:HK$472', '高級雙床房（金可兒床墊|獨立小冰箱|65寸可投屏電視）:HK$492', '商務雙床房（金可兒床墊|獨立小冰箱|65寸可投屏電視）:HK$513']"
德宏德安酒店（芒市廣場店）,9.5,"['優享商務雙床房:HK$192', '優享商務大床房:HK$192', '商務雙人房:HK$210', '商務大床房:HK$210', '行政大床房:HK$231']"
尋隱·謐境民宿（芒市傣族古鎮店）,9.9,"['雲想･悦品大床房『VIBERT FRERES洗護丨貢緞床品丨零壓記憶枕&立體雲感軟枕丨智能馬桶』:HK$347', '枕石･榻榻米庭院大床房『VIBERT FRERES洗護丨貢緞床品丨零壓記憶枕&立體雲感軟枕丨智能馬桶』:HK$347', '山形･庭院大床房 『 VIBERT FRERES洗護丨貢緞床品丨零壓記憶枕&立體雲感軟枕丨智能馬桶 』:HK$397', '與露･露台大床房『VIBERT FRERES洗護丨貢緞床品丨零壓記憶枕&立體雲感軟枕丨智能馬桶』:HK$397']"
芒市乘象漫途民宿（傣族古鎮店）,9.8,"['喜遇&豪華大床房（202）#休閑躺椅+獨立露台+零壓床墊+品牌衞浴#:HK$302', '拾緣&觀景豪華大床房（201）#獨立觀景大露台+零壓床墊+品牌衞浴+休閑躺椅#:HK$325', '挽星&精緻雙床房（203）超大露台+零壓床墊+品牌衞浴:HK$348', '闌珊&家庭尊享雙床套房301（獨立客廳+休閑小陽台+觀景超大陽台+零壓床墊+品牌衞浴）:HK$557']"
芒市江東大酒店（芒市大街機場店）,9.4,"['特惠大床房:HK$219', '高級大床房:HK$253', '特惠雙床房:HK$294', '高級雙床房:HK$304', '豪華大床房:HK$326']"
芒市花間棲民宿（勐煥大金塔店）,9.4,"['202雲眠·奶油治癒大床房（露台+觀金塔+零壓床品+智控）:HK$271', '101花語·奶油露台大床房（花海景觀台+零壓+智控+乳膠）:HK$284', '102花海·奶油露台大床房\u200c（景觀|星空頂零壓深睡+智能）:HK$284', '103星畔·奶油雙床房\u200c（星空頂+觀金塔+零壓乳膠+智控）:HK$313']"
山有一舍民宿（芒市傣族古鎮店）,9.7,"['暮江吟202｜特色榻榻米房｜獨立陽台｜户外桌椅:HK$286', '桃源行101｜舒適大床房｜獨立花園｜户外桌椅｜空調房）:HK$304', '將進酒201｜精緻榻榻米床\u2006｜獨立陽台｜户外桌椅:HK$304', '秋浦歌203｜豪華雙床房｜觀景陽台｜户外桌椅｜空調房:HK$323']"
芒市小水民宿（傣族古鎮店）,9.7,"['小隱·花園大床房（獨立花園庭院| 夢百合0壓床墊 | 輕奢全棉貢緞床品| 徠芬吹風機）:HK$267', '千尋·陽光大床房（夢百合0壓床墊| 輕奢全棉貢緞床品|徠芬吹風機|乾濕分離）:HK$287', '千與·豪華雙床房（落地全景|喜臨門0壓床墊| 輕奢全棉貢緞床品|徠芬吹風機|乾濕分離）:HK$339', '座山·露台大床房（獨立觀景陽台|夢百合0壓床墊|輕奢全棉貢緞床品|徠芬吹風機|乾濕分離）:HK$372']"
芒市枕晴山觀景美宿（傣族古鎮店）,9.7,"['沁園春·南洋復古大床房（深睡床品|智能衞浴|觀院景）:HK$228', '芭蕉雨·舒適大床房（深睡床品|智能衞浴|觀院景）:HK$246', '春不晚·浴缸大床房（深睡床品|智能衞浴|摩天輪景觀）:HK$275', '彩雲歸·雙床房（深睡床品|智能衞浴|觀摩天輪）:HK$306']"
芒市明日島·villa（新玩廠店）,9.7,"['短笛-Piccolo温馨雙床房（戴森吹風機+漢斯格雅衞浴+馬歇爾音響+HCK冰吧+蕾絲0壓床墊）:HK$442', '拿鐵-Latte景觀大床房（戴森吹風機+漢斯格雅衞浴+馬歇爾音響+HCK冰吧+蕾絲0壓床墊）:HK$442', '澳白Falt-white舒適大床房（浴缸+戴森吹風機+漢斯格雅衞浴+馬歇爾音響+HCK冰吧+蕾絲0壓床墊）:HK$480', '冷萃Cold-brew豪華大床房（浴缸戴森吹風機+漢斯格雅衞浴+馬歇爾音響+HCK冰吧+蕾絲0壓床墊）:HK$562']"
雲州酒店（傣族古鎮店）,9.4,"['輕享大床房（全屋智能+智能馬桶+零壓床品+鴨絨被）:HK$225', '輕享雙床房（全屋智能+智能馬桶+零壓床品+鴨絨被）:HK$248', '觀影大床房（全屋智能+智能馬桶+零壓床品+鴨絨被）:HK$255', '觀影雙床房（全屋智能+智能馬桶+零壓床品+鴨絨被）:HK$267']"
籬笆宿（金塔店）,9.7,"['特價雙床房｜智能衞浴+品質床品+過道窗户:HK$252', '枕山｜塔景大床房（星級床墊+智能衞浴+優美景觀）:HK$379', '小築｜舒適雙床房（智能衞浴+星級床品）:HK$383', '山舍｜花園大床（獨立花園陽台+洗衣機+智能衞浴+星級床品）:HK$399']"
渡春山Villa,9.5,"['歸隱高級大床房（戴森吹風機+Marshall音響+科勒衞浴）:HK$325', '在野高級特大床房（戴森吹風機+Marshall音響+科勒衞浴）:HK$349', '得閑雅緻大床房（戴森吹風機+Marshall音響+科勒衞浴）:HK$429', '樂之特色大床房（戴森吹風機+Marshall音響+科勒衞浴）:HK$438']"
蘭歐酒店（芒市金塔水鄉機場店）,9.6,"['商旅豪華大床房（智能機器人）:HK$332', '商旅豪華雙床房（出遊專選）:HK$347', '景觀輕奢大床房（觀景金塔丨全屋智能丨零壓床品）:HK$425', '景觀輕奢雙床房（觀景金塔丨全屋智能丨零壓床品）:HK$448', '親子家庭雙床房（寶媽出遊）:HK$487']"
芒市攬花畔民宿（傣族古鎮店）,9.7,"['温歡·豪華大床房（金可兒床品丨智能家居丨Le Labo33洗護套裝丨戴森吹風機丨智能馬桶丨獨立觀景台）:HK$470', '潤心·豪華大床房（金可兒床品丨智能家居丨Le Labo33洗護套裝丨戴森吹風機丨智能馬桶丨獨立觀景台）:HK$510', '畔間·豪華大床房（金可兒床品丨智能家居丨Le Labo33洗護套裝丨戴森吹風機丨智能馬桶丨獨立小花園）:HK$542', '花塢·豪華大床房（金可兒床品 | 智能家居 | Le Labo33洗護套裝 | 戴森吹風機 | 智能馬桶 | 泡池 | 獨立觀景台 ）:HK$662']"
香江大酒店,9.4,"['民宿 貴賓樓大床房:HK$296', '民宿 貴賓樓雙床房:HK$296', '豪華大床房:HK$313', '豪華雙床房:HK$320']"
別山居·隱世莊園酒店（勐煥大金塔店）,9.0,"['米甸打·精緻大床房｜安睡床墊｜TOTO衞浴｜智能馬桶:HK$568', '蘇早哩·舒適大床房｜觀園景｜安睡床墊｜巨幕投影:HK$648', '蘇早哩·舒適雙床房｜觀園景｜安睡床墊｜巨幕投影:HK$648', '哨哆哩·山景大床房｜山谷景｜安睡床墊｜巨幕投影:HK$728']"
興順酒店（芒市機場芒市大街店）,9.5,"['菩提街｜高級複式套房:HK$220', '高級雙床房:HK$245', '樹包塔｜豪華雙床房:HK$270', '大銀塔｜嘉賓LOFT套房:HK$287', '大金塔｜豪華LOFT雙床套房:HK$303']"
芒市觀塔民宿（傣族古鎮店）,9.7,"['雙窗陽光大床房:HK$231', '豪華陽光大床房:HK$243', '觀塔全景套房（帶屋頂花園）:HK$378']"
石頭記·綠野仙蹤民宿（傣族古鎮大金塔店）,9.9,"['小小甄選/温馨情侶大床【中央空調·泳池派對】:HK$335', '風吟望山·攬園景大床房【中央空調·夜景泳池】:HK$373', '山野·落地窗雙床房【中央空調·乳膠床墊】:HK$435']"
浩楓温德姆酒店（芒市大街勐壠沙公園店）,9.1,"['浩楓靜謐雙床房┃零壓床＋記憶枕＋mini冰箱＋全屋智控:HK$177', '浩楓商務雙床房┃乾濕分離＋記憶枕＋零壓床+冰箱＋智控:HK$194', '浩楓商務大床房┃浴缸+零壓床+記憶枕+冰箱+超大觀景窗:HK$231', '浩楓至尊雙床房┃乾濕分離+記憶枕＋鵝絨被芯+冰箱+智控:HK$234', '浩楓至尊大床房┃浴缸+記憶枕+鵝絨被+冰箱+超大觀景窗:HK$253']"
芸朵酒店（傣族古鎮店）,9.3,"['芸享大床房（副樓）:HK$196', '芸朵舒適標準雙床房（主樓）:HK$209', '芸享豪華雙床房（副樓）:HK$220', '芸朵傣煥飄窗時尚大床房（主樓）:HK$222']"
達柏酒店（芒市廣場店）,9.4,"['商旅.舒適雙床房:HK$310', '商旅.舒適大床房:HK$313', '商旅.悦享雙床房（功夫茶具）:HK$514', '商旅.悦享大床房（功夫茶具）:HK$526', '商旅.悦享大床套房（功夫茶具.浴缸）:HK$598']"
芒市越玲大酒店（芒市廣場店）,9.6,"['C座雅緻雙床房（臨街景觀）:HK$194', 'C座雅緻大床房（臨街景觀）:HK$205', 'C座雅緻金塔觀景雙床房（臨街景觀）:HK$248', 'A座輕享雙床房（蕎麥枕｜電動窗簾｜靜享後花園景觀）:HK$262']"
雅悦柏庭花園酒店（芒市廣場機場店）,9.4,"['高級大床房:HK$185', '高級雙床房:HK$198', '雅悦大床房:HK$210', '雅悦雙床房:HK$223']"
芒市麗景酒店（多彩德宏傣王宮店）,8.8,"['園景舒適雙床房:HK$221', '園景雅緻雙床房:HK$267', '園景雅緻大床房:HK$267', '園景輕奢雙床房（乾濕分離+雙洗漱台）:HK$360', '花園私湯大床房（功夫茶桌+智能藍牙音響+乾濕分離）:HK$731']"
