酒店名称,评分,房型价格列表
隱陌半尺花園酒店（瘦西湖東關街店）,9.0,"['豪華大床房:HK$244', '豪華雙床房:HK$282', '四水歸堂—豪華親子房:HK$328', '一品大員官邸—隱陌棋牌房:HK$611']"
重構·冰甌館人文度假民宿（揚州東關街店）,9.5,"['大隱於市·內庭·大床房:HK$696', '四水歸堂·串樓·雙床房:HK$763', '四水歸堂·庭院·大床房:HK$807', '小隱觀己·內庭·大床房:HK$919', '五嶽朝天·親子·LOFT大床房:HK$963', '進士及第·串樓·大床房:HK$1,029']"
揚州晚清珍園酒店,9.8,"['珍園景觀豪華雙床房:HK$564', '珍園景觀豪華大床房:HK$564', '珍園景觀套房（按摩椅）:HK$764', '珍園星空露台景觀房（按摩椅+浴缸+露台搖椅）:HK$1,003', '珍園景觀家庭房:HK$1,003']"
揚州君燁國際酒店,9.5,"['行政景觀大床房 「乳膠床墊+私享浴缸+智能馬桶」:HK$580', '高級大床房 「落地景觀+65寸電視投屏」:HK$?', '高級雙床房 「落地景觀+65寸電視投屏」:HK$?']"
揚州東關街長樂客棧,9.4,"['長樂雙床房:HK$413', '街南雙床房:HK$467', '街南大床房:HK$467', '糖果飛屋親子大床房:HK$522', '長樂家庭房:HK$577']"
花築·東關裏客棧（揚州東關街個園店）,9.6,"['扶光·舒適大床房【中式簡約風】:HK$393', '望舒·舒適雙床房【中式簡約風】:HK$442', '坤靈·高級大床房【中式簡約風】:HK$442', '玉橋·高級雙床房【中式簡約風】:HK$480']"
揚州東關街雲來民宿,9.3,"['一念ICHINEN大床房（魚池窗景+投影）:HK$306', '奕居YIGEN大床房（院景+投影）:HK$306', '聽雨RAIN大床房（入户花園）:HK$306', '青果Loft（SWEETFRUIT）大床房（景觀陽台+主題茶台）:HK$306']"
揚州東關街何園方寸客棧,9.8,"['清宿景觀大床房:HK$460', '方寸雅緻大床房:HK$547', '清宿豪華大床房:HK$547', '方寸景觀大床房:HK$623', '方寸標準雙床房:HK$625']"
江河潮酒店（揚州高鐵東站店）,9.6,"['靜雅大床房:HK$300', '靜雅雙床房:HK$300', '雅緻大床房:HK$312', '雅緻雙床房:HK$312']"
花築 · 揚州徐家庭院民宿（瘦西湖東關街店）,9.7,"['春色滿園大床房（智能馬桶+智能客控）:HK$224', '床前明月大床房（智能馬桶+智能客控）:HK$248', '清風徐來大床房（智能馬桶+智能客控）:HK$323', '流水人家大床房（智能馬桶+智能客控）:HK$323']"
恆廬酒店（揚州個園東關街景區店）,9.4,"['竹裏館全屋智能大床房:HK$209', '二十四橋全屋智能中央空調大床房:HK$218', '卷石洞天全屋智能+投影標準間:HK$218', '全屋智能大床房+投影+零壓床:HK$218']"
水竹居小秦淮酒店（揚州文昌閣東關街景區店）,9.4,"['全景大床房+全屋智能+零壓床:HK$222', '水竹居大床房+全屋智能+零壓床:HK$231', '小秦淮標間+全屋智能+零壓床:HK$240', '竹裏館榻榻米大床房+零壓床+投影:HK$240']"
瘦西湖中集行政公寓酒店,9.5,"['高級大床房（臻眠裸感床品+慕思床墊+Mini吧）:HK$489', '高級雙床房（臻眠裸感床品+慕思床墊+Mini吧）:HK$489', '豪華大床房（臻眠裸感床品+慕思床墊+Mini吧+浴缸）:HK$609', '豪華雙床房（臻眠裸感床品+慕思床墊+Mini吧）:HK$609', '行政大床房（臻眠裸感床品+慕思床墊+Mini吧+浴缸）:HK$664', '行政雙床房（臻眠裸感床品+慕思床墊+Mini吧+浴缸）:HK$664']"
揚州瘦西湖大明寺福慧精舍酒店,9.5,"['福慧輕靜大床房:HK$412', '福慧輕雅雙床房:HK$412', '福慧塔景靜逸大床房:HK$448', '福慧塔景靜謐雙床房:HK$448', '福慧舒適家庭房:HK$480']"
揚州迎賓館·瘦西湖紅園酒店,9.4,"['雅緻雙床房:HK$578', '雅緻大床房:HK$578', '景觀大床房:HK$617', '景觀豪華大床房:HK$707', '景觀雙床房:HK$707', '雅緻家庭房:HK$836']"
揚州瘦西湖Intercity城際酒店,9.8,"['城際高級大床房:HK$406', '城際大床房:HK$422', '城際雙床房:HK$482', '城際豪華大床房:HK$512', '城際高級雙床房（舒眠）:HK$522']"
竹隱花緣度假酒店,9.9,"['Villa湖景樹屋:HK$642', 'Loft森林樹屋:HK$752', '園林庭院豪華雙床房:HK$861', '園林庭院豪華大床房:HK$861', '園林庭院家庭套房:HK$1,189']"
花築·巷往美學民宿（揚州東關街個園店）,9.8,"['吃吃看巷-大床房:HK$435', '達士巷-大床房:HK$435', '蒸籠巷-大床房:HK$435', '學府-大床房:HK$435']"
揚州東高鐵站精英酒店,9.7,"['精英大床房【精巧雅緻+實居鮮享】:HK$359', '金灣雙床房【暮輝夕照+金可兒床墊+戴森吹風機】:HK$370', '萬福雙床房【廊畔甜韻+Minibar+助眠床枕+戴森吹風機】:HK$403', '金灣大床房【暮輝夕照+金可兒床墊+戴森吹風機】:HK$435', '萬福大床房【廊畔甜韻+Minibar+助眠床枕+戴森吹風機】:HK$458']"
夜泊君亭·揚州瘦西湖度假酒店,9.7,"['畫橈.園景大床房:HK$676', '綴白·園景雙床房:HK$744', '涵秋·園景四季大床房:HK$744', '浯溪·庭院雙床房:HK$812', '芹溪·庭院四季大床房:HK$880', '芸台·園景家庭房:HK$947']"
內向酒店（揚州東關街店）,9.2,"['露台·觀景雙床房（觀秦淮河+古城全景）:HK$655', '露台·觀景大床房（觀秦淮河+古城全景）:HK$655', '露台·城景大床房（觀古城日落景，高層180°視野露台）:HK$764', '庭院·觀景大床房:HK$872', '庭院·秦淮河觀景大床房:HK$982']"
揚州瘦西湖君亭酒店,9.5,"['標準大床房:HK$435', '設計大床房:HK$469', '設計雙床房:HK$501', '四季都市大床房:HK$501', '行政大床房:HK$534', '四季概念房:HK$567']"
揚州瘦西湖畔花間堂·新潮裏,9.8,"['幾靜大床房:HK$754', '茉竹庭院大床房:HK$801', '夢溪語豪華超大床房:HK$819', '斜日豪華陽台大床房:HK$848', '涵碧高級陽台大床房:HK$895', '閲翠高級陽台大床房:HK$941']"
揚州東關街碧園酒店,9.4,"['翡翠大床房:HK$294', '翡翠雙床房:HK$294', '精品大床房:HK$336', '特色大床房:HK$336', '複式套房:HK$402']"
如家精選酒店（揚州中國大運河博物館店）,9.6,"['高級大床房（小陽台+迷你冰箱）:HK$341', '高級雙床房（小陽台+迷你冰箱）:HK$341', '景觀大床房（景觀+小陽台+迷你冰箱）:HK$368', '安心睡0壓大床房（零壓床墊+小陽台+迷你冰箱）:HK$376']"
揚州瘦西湖東關街美侖酒店,9.6,"['商務大床房（電動窗簾+小冰箱）:HK$331', '豪華大床房（電動窗簾+小冰箱）:HK$352', '豪華雙床房（電動窗簾+小冰箱）:HK$352', '豪華套房（電動窗簾+小冰箱）:HK$391']"
揚州廣陵有熊酒店,9.7,"['有熊高級雙床房:HK$702', '有熊庭院大床房:HK$702', '有熊豪華大床房:HK$772', '有熊豪華庭院大床房:HK$780', '有熊庭院雙床房:HK$780', '有熊庭院loft房:HK$858']"
建國璞隱酒店（揚州瘦西湖店）,9.4,"['芳草居大床房:HK$259', '蒹葭居大床房:HK$283', '幽篁居大床房:HK$301', '蒹葭居雙床房:HK$301', '幽篁居雙床房:HK$349']"
揚州摩世智能酒店,9.0,"['智能舒適大床房:HK$275', '智能舒適雙床房:HK$275', '智能豪華大床房:HK$290', '智能豪華雙床房:HK$290']"
揚州西園飯店,9.6,"['清涼大床房:HK$500', '清涼雙床房:HK$500', '豪華大床房:HK$577', '豪華雙床房:HK$577', '雅緻大床房:HK$796', '尊享大床房:HK$807']"
萬斐·新空間酒店（揚州瘦西湖東關街店）,9.4,"['清氧雙床房:HK$359', '高級大床房:HK$359', '商務大床房:HK$392', '商務雙床房:HK$414', '星空大床房:HK$436']"
揚州音你而來客棧（何園東關街店）,9.8,"['音樂之夢大床房[戴森吹風機+戴森凈化器+85寸4K電視]:HK$358', '音符之韻家庭套房[戴森吹風機+戴森凈化器+85寸4K電視]:HK$609', '音夢之旅親子套房[戴森吹風機+戴森凈化器+85寸4K電視]:HK$697']"
揚州瘦西湖沛喜酒店,9.6,"['喜悦大床房（智能客控+徠芬吹風機）:HK$316', '靜夜·園景大床房（智能客控+徠芬吹風機）:HK$370', '雲隱·園景雙床房（智能客控+徠芬吹風機）:HK$392', '月棲·雅緻雙床房（智能客控+徠芬吹風機）:HK$435']"
揚州恆春源大酒店（邗江萬達廣場店）,9.3,"['雙床房:HK$212', '商務標準間:HK$305', '豪華標準間:HK$369', '豪華大床房:HK$369', '雙卧親子房:HK$369']"
彌佗樂居（揚州個園東關街店）,9.7,"['福緣高級大床房:HK$359', '妙道休閑大床房:HK$359', '無界商務大床房:HK$359', '惜緣標準雙床房:HK$381']"
揚州瘦西湖萬豪萬楓酒店,9.5,"['標準大床房:HK$468', '標準雙床房:HK$468', '豪華大床房:HK$500', '花園景觀大床房:HK$639', '花園景觀雙床房:HK$693']"
花築·揚州福園民宿（東關街個園店）,9.8,"['田園精緻大床房:HK$343', '田園高級雙床房:HK$417', '田園豪華套房:HK$540', '田園尊享套房:HK$590']"
揚州東關街個園漫心酒店,9.6,"['榻榻米房（Minibar+空氣凈化器+投影儀+金可兒床墊）:HK$381', '雅緻大床房（Minibar+金可兒床墊+投影儀）:HK$402', '心怡大床房（Minibar+金可兒床墊+電視投屏）:HK$422', '心悦高級大床房（Minibar+金可兒床墊+電視投屏）:HK$441', '心悦高級雙床房（Minibar+金可兒床墊+電視投屏）:HK$482']"
揚州頤和酒店（京華城火車站店）,9.3,"['影音大床房:HK$285', '高級大床房:HK$316', '雅緻雙床房:HK$324', '夢百合零壓高級大床房（帶零壓床墊+記憶枕）:HK$340', '親子家庭房:HK$340']"
揚州東關街逸扉酒店,9.6,"['高級大床房⌈智能客控+智能潔具+徠芬吹風機+MiniBar⌋:HK$383', '豪華大床房⌈智能客控+絲漣床墊+徠芬吹風機+MiniBar⌋:HK$415', '豪華雙床房⌈智能客控+絲漣床墊+徠芬吹風機+MiniBar⌋:HK$447', '行政大床房⌈智能客控+絲漣床墊+戴森吹風機+MiniBar⌋:HK$479', '行政雙床房⌈智能客控+絲漣床墊+徠芬吹風機+MiniBar⌋:HK$512']"
揚州隱居瘦西湖温泉度假酒店,9.4,"['庭院温泉大床房（私湯入户）:HK$1,246', '靜享温泉雙床房（私湯入户）:HK$1,246', '庭院温泉雙床房（私湯入户）:HK$1,311', '園景温泉大床房（私湯入户）:HK$1,453', '園景温泉雙床房（私湯入户）:HK$1,529', '湖景温泉大床房（私湯入户）:HK$1,748']"
揚州瘦西湖文昌中路亞朵酒店,9.8,"['高級大床房（普蘭特床墊+慢回彈記憶枕）:HK$471', '幾木大床房（普蘭特床墊+深睡枕）:HK$521', '高級雙床房（普蘭特床墊+慢回彈記憶枕）:HK$550', '高級套房（普蘭特床墊+慢回彈記憶枕）:HK$550', '幾木雙床房（普蘭特床墊+深睡枕）:HK$651']"
萃園城市酒店（瘦西湖文昌閣店）,9.1,"['商務雙床房:HK$278', '商務大床房:HK$375', '豪華親子房:HK$633', '豪華套間:HK$852']"
揚州香格里拉大酒店,9.4,"['豪華市景大床房-縱享活力都市景觀:HK$556', '豪華市景雙床房-縱享活力都市景觀:HK$556', '豪華湖景大床房-飽覽揚州園林景觀和迷人湖景:HK$616', '豪華湖景雙床房-飽覽揚州園林景觀和迷人湖景:HK$616', '小黃鴨湖景大床房:HK$846', '海底小縱隊湖景大床房:HK$846']"
揚州方正國際大酒店,9.6,"['商務雙床房:HK$416', '商務大床房:HK$425', '豪華雙床房:HK$462', '豪華大床房:HK$472', '超寬大床房:HK$472', '卡通主題家庭房:HK$564']"
揚州正誼居文化民宿,9.6,"['南有嘉魚:HK$596', '蒹葭蒼蒼:HK$699', '菁菁者莪:HK$731', '整棟:HK$3,039']"
揚州東高鐵站中青國際酒店,9.5,"['中青標準大床房（全屋智能+助眠零壓枕）:HK$283', '商務舒適大床房（全屋智能+助眠零壓枕）:HK$366', '商務舒適雙床房（全屋智能+助眠零壓枕）:HK$366', '陽光豪華大床房（全屋智能+助眠零壓枕）:HK$404', '中青0壓舒適大床房（全屋智能+夢百合床墊+枕頭）:HK$404']"
運河邊民宿（東關街店）,9.6,"['院靜（零柒）單門獨院庭院家庭房:HK$735', '六居室·獨棟別墅:HK$2,317', '柒居室 獨棟別墅:HK$3,158']"
星際文華酒店,8.9,"['商務大床房:HK$282', '商務雙床房:HK$293', '豪華大床房:HK$303', '豪華雙床房:HK$326', '行政大床房:HK$358']"
揚州東關街七間房設計酒店,9.5,"['水·雅緻大床房:HK$314', '山（高級大床房）:HK$342', '金·親子家庭房:HK$407', '愜（河景露台大床房）:HK$425', '書（180度河景家庭房）:HK$469']"
