酒店名称,评分,房型价格列表
星程酒店（朔州平魯李林中學店）,9.9,"['豪華大床房:HK$236', '豪華雙床房:HK$236', '家庭房:HK$295', '套房:HK$353']"
白玉蘭酒店（朔州民福東街店）,9.0,"['舒雅雙床房:HK$171', '靜雅大床房:HK$205', '靜雅雙床房:HK$205', '靜雅大床套房:HK$271']"
朔州御宸源大酒店,8.7,"['豪華大床房:HK$247', '豪華標準間:HK$249', '特惠大床房（無淋浴）:HK$249', '商務套間:HK$467']"
朔州四季平朔大酒店,9.0,"['商務大床房:HK$370', '商務標準間（浴缸）:HK$370', '行政大床房:HK$518', '行政標準間（浴缸）:HK$518', '豪華大床房（浴缸）:HK$647', '行政豪華大床房（浴缸）:HK$694']"
途客輕居酒店（朔州師範山西工學院店）,8.7,"['輕途大床房:HK$139', '輕途雙床房:HK$153', '樂途大床房:HK$155', '樂途雙床房:HK$175']"
朔州萬通源大酒店,8.5,"['B樓舒適大床間:HK$238', 'B樓舒適標準間:HK$238', 'A樓豪華標準間:HK$325', 'A樓豪華大床間:HK$325', '商務套房:HK$543', '豪華單套房:HK$956']"
朔州Ai電競商務酒店,9.4,"['電競大床房[13代CPU+32G內存+4060TI顯卡]:HK$297', '雙人電競房[13代CPU+32G內存+4060TI顯卡]:HK$297', '永劫電競三人間[13代CPU+32G內存+4060顯卡]:HK$434', '私密四人吃雞房[13代CPU+32G內存+4060顯卡（無窗）]:HK$575']"
時光驛棧酒店（朔州老城店）,9.2,"['智能語音懸浮大床房:HK$151', '主題房:HK$207', '智能語音棋牌房:HK$216', '豪華商務大套間:HK$225']"
慧源酒店（朔州大醫院店）,9.6,"['舒適大床房（公區提供自助洗衣房）:HK$195', '舒適標準間（公區提供自助洗衣房）:HK$195', '經濟標準間（公區提供自助洗衣房）:HK$195', '親子家庭房（公區提供自助洗衣房）:HK$272']"
朔州博客驛站,8.8,"['特惠雙床房:HK$141', '園景雅緻雙床房:HK$153', '温馨雙床房:HK$168', '舒適大床房:HK$181']"
朔州靜雅智能酒店,9.1,"['清幽雅緻·豪華大床房（休閑沙發+智控窗簾+智能馬桶）:HK$150', '溪風流月·恬靜大床房（休閑沙發+智控窗簾+智能馬桶）:HK$154', '詩情畫意·舒適大床房（休閑沙發+智控窗簾+智能馬桶）:HK$154']"
朔州泰勝源大酒店,8.9,"['特價雙床房:HK$131', '商務標準間:HK$156', '商務大床房:HK$156', '豪華雙床房:HK$228']"
朔州鑫滿圓酒店（居然之家店）,8.7,"['標準雙床房:HK$151', '標準大床房:HK$172', '商旅三人間:HK$216', '商旅大床房:HK$260']"
勁鬆快捷酒店（朔州開發南路店）,9.0,"['普通大床B:HK$60', '精品大床房:HK$63', '商務大床房:HK$65', '商務大床房A:HK$72']"
朔州宏茂快捷酒店,10.0,"['好眠｜舒適豪華標準房:HK$131', '簡約｜舒適商務標準房:HK$140', '好眠｜舒適豪華大床房:HK$151']"
朔州天宇快捷酒店（豪德貿易廣場店）,9.0,"['普通大床房（無窗）:HK$79', '商務標準間:HK$91', '商務大床房:HK$91', '標準三人間:HK$140']"
芙蓉輕奢時尚酒店（朔州豪德廣場店）,9.3,"['輕奢沉睡標間:HK$124', '輕奢沉睡大床:HK$124', '輕奢靜悦大床房:HK$124', '輕奢精緻標間:HK$137']"
朔州愛琴海無人智能公寓,9.7,"['優享智能語音大床房:HK$140', '優享智能語音雙床房:HK$140', '尊享智能語音大床房:HK$162', '尊享智能語音雙床房:HK$172']"
城市Home互聯公寓（朔州萬象城店）,7.5,"['萬象奢華大床房:HK$134', '萬象標準雙床房:HK$149']"
朔州吉祥旅館,9.7,['標間:HK$68']
朔州東方商務酒店,7.6,"['豪華大床房:HK$150', '豪華標準間:HK$150', '商務標準房:HK$161', '商務大床房:HK$161']"
寄居蟹公寓（朔州火車站店）,9.5,['遊子歸心巨幕影院房:HK$202']
朔州三鑫時尚酒店,8.1,"['大床房:HK$96', '雙床房:HK$96', '三人間:HK$118', '棋牌室:HK$129']"
朔州眾旺賓館,9.6,"['特價房:HK$78', '標準間:HK$86', '豪華大床房:HK$96', '豪華標準間:HK$104']"
勁鬆快捷賓館（朔州馬邑路店）,8.7,"['經濟大床房（無窗）:HK$58', '特惠房:HK$74', '商務大床房:HK$75', '標準間:HK$79']"
朔州振華賓館,9.8,"['普通雙床房:HK$102', '豪華大床房:HK$102', '商務標準間:HK$102', '空調標準間:HK$112']"
朔州恆通招待所,9.6,"['普通雙床房（公共衞浴）:HK$45', '大床房:HK$75', '標準間:HK$78', '三人間:HK$81']"
朔州惠豐賓館,8.5,"['標準大床間:HK$49', '標準雙人間:HK$55']"
朔州萬通源平魯賓館,6.9,"['豪華標準間:HK$183', '豪華大床房:HK$205']"
朔州白雲賓館,4.1,"['普通大床房（公衞）:HK$49', '普通雙床房（公衞）:HK$49', '標準大床房:HK$81', '標準雙床房:HK$81']"
朔州富豪快捷賓館,6.6,"['普通大床房（公共衞浴）:HK$44', '普通雙床房:HK$52', '標準大床房:HK$65', '標準雙床房:HK$65']"
朔州鼎盛賓館,4.8,"['普通雙床間（公共衞浴）:HK$74', '普通大床房（公共衞浴）:HK$74', '精品標準間:HK$85', '精品大床房:HK$85']"
平安快捷賓館（朔州火車站一部）,3.6,"['大床房:HK$49', '標準間:HK$50']"
朔州五八快捷賓館,6.4,"['普通間（公共衞浴）:HK$63', '普通四人間（公共衞浴）:HK$85']"
賦美東方酒店,9.5,"['丁香雙床房丨城市景觀+零壓床品+智能客控+mini冰箱丨:HK$304', '丁香大床房丨景觀露台+零壓床品+智能客控+mini冰箱丨:HK$319', '繁花雙床房丨城市景觀+零壓床品+巨幕影院+浪漫浴缸丨:HK$411', '繁花大床房丨城市景觀+零壓床品+智能客控+浪漫浴缸丨:HK$411', '翠堤套房丨城市景觀+零壓床品+智能客控+巨幕影院丨:HK$701']"
稚真酒店,9.8,"['豪華大床房（慕思床墊+九牧潔具+零壓乳膠枕）:HK$245', '標準雙床房（慕思床墊+九牧潔具+零壓乳膠枕）:HK$283', '豪華雙床房（慕思床墊+九牧潔具+零壓乳膠枕）:HK$309', '温馨家庭房（慕思床墊+九牧潔具+零壓乳膠枕）:HK$335']"
右玉永昌國際酒店,9.0,"['商務雙床房:HK$435', '商務大床房:HK$435', '豪華大床房:HK$468', '商務套房:HK$708']"
雲泮雅居酒店,9.7,"['檀韻國風兩居套房〖城市景觀+洗衣機+冰箱+雙衞+茶室〗:HK$377', '時光商務兩居套房〖城市景觀+洗衣機+冰箱+雙衞+廚房〗:HK$377', '田園三居家庭房〖套房+城市凌空景觀+洗衣機+冰箱+廚房〗:HK$428', '喜悦三居親子房〖套房+城市凌空景觀+洗衣機+冰箱+廚房〗:HK$428']"
應縣國利假日酒店（應縣木塔景區店）,8.5,"['大床房:HK$248', '特惠標準間:HK$248']"
國仁御華酒店,9.3,"['觀影大床房（智能投屏）:HK$337', '觀影雙床房（智能投屏）:HK$337', '景觀大床房（智能投屏）:HK$370', '景觀雙床房（智能投屏）:HK$370', '親子家庭房（智能投屏）:HK$479', '總統套房（智能投屏）:HK$4,800']"
應縣萬豪凱悦國際酒店,9.2,"['高級標準間:HK$456', '高級大床房:HK$456', '豪華大床房:HK$511', '行政套房（獨立客廳）:HK$751']"
泰和源大酒店（應縣木塔景區店）,8.4,"['特惠大床房:HK$216', '標準雙床房:HK$238', '豪華大床房:HK$259', '標準大床房:HK$260']"
漢庭酒店（朔州右玉民福南路店）,9.8,"['高級大床房:HK$206', '豪華大床房:HK$246', '豪華雙床房:HK$246', '舒壓大床房:HK$285']"
漢庭酒店（朔州懷仁仁愛路店）,9.8,"['商務雙床房（智能客控+可投屏電視）:HK$376', '商務大床房（智能客控+可投屏電視）:HK$376', '豪華大床房（智能客控+可投屏電視）:HK$394', '豪華家庭房:HK$412']"
潮漫酒店（朔州應縣店）,9.2,"['品質致選大床房:HK$361', '品質優選大床房:HK$361', '品質致選雙床房:HK$366', '品質臻選大床房:HK$393']"
維也納酒店（朔州山陰南站御龍國際店）,9.3,"['高級智能大床房:HK$280', '高級智能雙床房:HK$301', '豪華智能大床房:HK$301', '豪華智能雙床房:HK$321']"
懷仁金沙嘉和酒店（懷仁東站店）,8.9,"['商務大床房（浴缸）:HK$208', '商務雙床房:HK$216', '豪華雙床房（浴缸）:HK$216', '棋牌雙人間:HK$226', '豪華大床房（浴缸）:HK$249']"
右玉玉龍國際酒店,9.0,"['商務標間:HK$332', '商務單間:HK$345']"
懷仁神隆酒店公寓,9.2,"['優選丨簡約大床房丨廚卧分區丨酣眠享睡:HK$178', '輕居丨精緻大床房丨一室一廳丨乾濕分離:HK$185', '輕居丨精緻雙床房丨一室一廳丨舒適沙發:HK$199', '雀神丨休閑棋牌房丨暢享娛樂丨槓上開花:HK$207']"
右玉南山美郡生態酒店,9.4,"['普通大床房:HK$260', '普通標準間:HK$260', '商務標準間:HK$303', '普通套房:HK$336']"
