酒店名称,评分,房型价格列表
浙江飯店,9.5,"['精緻大床房:HK$509', '精緻雙床房:HK$570', '城景大床房:HK$597', '城景雙床房:HK$645', '名人悦享大床房:HK$722']"
杭州仁和飯店,9.4,"['韻·商務大床房（無窗）:HK$545', '暻·雙床房:HK$617', '雅·商大床房:HK$673', '豪華大床房:HK$720', '漫旅雙床房:HK$749']"
夕霞小築（西湖斷橋店）,9.1,"['舒適大床房:HK$484', '豪華大床房:HK$628', '豪華標準間:HK$654', '獨立庭院大床房:HK$747']"
CityNote希諾酒店（杭州西湖武林門地鐵站店）,9.4,"['舒適大床房（零壓床墊+智能客控+智能潔具）:HK$454', '樂活大床房（零壓床墊+智能客控+智能潔具）:HK$498', '樂活雙床房（零壓床墊+智能客控+智能潔具）:HK$521', '希諾大床房（零壓床墊+智能客控+智能潔具）:HK$542', '希諾雙床房（零壓床墊+智能客控+智能潔具）:HK$565']"
杭州祺悦西湖宋胤酒店,9.2,"['睡眠榻榻米（無窗）:HK$402', '雅緻大床房:HK$419', '豪華榻榻米:HK$498', '豪華大床房:HK$518']"
杭州運河雷迪森維嘉酒店,9.3,"['舒適大床房+智能投屏+舒睡助眠:HK$358', '舒適雙床房+智能投屏+舒睡助眠:HK$358', '豪華雙床房+智能投屏+舒睡助眠:HK$463', '豪華大床房+智能投屏+舒睡助眠:HK$463', '嘉景大床房+智能投屏+舒睡助眠+功夫茶具:HK$504']"
杭州西湖湖濱河坊街花築般藍酒店,9.5,"['精選大床房（陽光滿屋+智能音控）:HK$471', '精選雙床房（陽光滿屋+智能音控）:HK$541', '智能大床房（鳥瞰五柳巷景觀）:HK$558', '智能雙床房（陽光滿屋+智能音控）:HK$602', '景觀大床房（動人夜景+小冰箱）:HK$646']"
杭州西湖東坡酒店,9.3,"['特惠大床房:HK$447', '精緻雙床房:HK$482', '雅緻大床房:HK$654', '温馨雙床房:HK$654', '悦享標準間:HK$688']"
6698水晶酒店（杭州四季青慶菱路地鐵站店）,9.4,"['靜謐深睡大床房（雙層隔音窗）:HK$326', '靜謐雅緻雙床房（雙層隔音窗）:HK$347', '高級城景大床房（雙層隔音落地窗）:HK$368', '榻榻米大床房（雙層隔音落地窗）:HK$368', '豪華城景大床房（私享浴缸+雙層隔音落地窗）:HK$409']"
杭州蓮遇酒店,9.4,"['特惠房:HK$585', '森系園景房:HK$720', '森系景觀房:HK$810', '森系園景親子房:HK$855']"
杭州濱江寶龍藝珺酒店,9.5,"['舒藝雙床房:HK$555', '舒藝大床房:HK$555', '豪華大床房:HK$653', '甄選藝珺親子房:HK$697', '豪華雙床房:HK$708', '甄選行政大床房:HK$839']"
杭州西湖瓏璟心情民宿（太子灣店）,9.8,"['巨幕投影夢幻大床房:HK$555', '花廊雅緻浴缸大床房:HK$592', '熙春精選浴缸大床房:HK$613', '邂逅庭院浴缸雙床房:HK$679']"
杭州馬可波羅濱湖酒店（西湖湖濱店）,9.4,"['特惠大床房（無窗）:HK$328', '特惠雙床房（無窗）:HK$328', '豪華大床房:HK$437', '豪華雙床房:HK$470', '商務大床房:HK$491']"
曼納德國際酒店（杭州華豐路地鐵站店）,9.4,"['雲感丨商務大床房（智能客控）:HK$332', '雲感丨舒適大床房（智能客控）:HK$376', '雲感丨高級雙床房（智能客控）:HK$387', '雲感丨家庭房（智能客控）:HK$408', '雲端丨悦享套房:HK$419']"
憶泊酒店（杭州西湖店）,9.5,"['雲舍大床房:HK$507', '泊舍大床房:HK$552', '泊舍雙床房:HK$643', '憶舍精彩大床房:HK$960']"
杭州丘山民宿（西湖店）,9.6,"['舊林·大床房（小度音響+戴森吹風機）:HK$385', '野際·影音大床房（投影儀+小度音響+戴森吹風機）:HK$409', '榆柳·榻榻米觀景房（小度音響+戴森吹風機）:HK$480', '故淵·暖光大床房（小度音響+戴森吹風機）:HK$491']"
宇優溪上度假酒店（杭州西溪濕地店）,9.3,"['零壓無窗雙床:HK$292', '温馨大床房:HK$362', '高級大床房:HK$376', '高級雙床房:HK$376', '觀景大床房:HK$404']"
杭州納德世家,9.3,"['特惠標準房+全景玻璃視野:HK$545', '特惠大床房+全景玻璃視野:HK$545', '豪華大床房+全景玻璃視野:HK$600', '豪華標準房+全景玻璃視野:HK$600', '商務大床房+全景玻璃視野:HK$655']"
M酒店（杭州黃龍體育中心店）,9.4,"['精緻大床房:HK$360', '高級大床房:HK$392', '覓趣都市大床房:HK$437', '覓享河畔大床房:HK$491', '覓趣都市雙床房:HK$491']"
開元名庭酒店（杭州蕭山國際機場客運大樓店）,9.4,"['開元雙床房 【乳膠床墊 • 小冰箱 • 投屏 • 智能馬桶】:HK$282', '開元大床房【乳膠床墊 • 小冰箱 • 投屏 • 智能馬桶】:HK$282', '高級雙床房【智能馬桶 • 小冰箱 • 投屏 • 乳膠床墊】:HK$332', '高級大床房【智能馬桶 • 小冰箱 • 投屏 • 乳膠床墊】:HK$352', '豪華雙床房【乳膠床墊 • 小冰箱 • 投屏 • 智能馬桶】:HK$400']"
城市西遊裏酒店（西湖湖濱店）,9.6,"['西遊裏大床房:HK$578', '大聖歸來大床房:HK$633', '大聖歸來雙床房:HK$658', '榻榻米·家庭房:HK$892', '榻榻米•三床房:HK$947']"
杭州西湖映象酒店（柳浪聞鶯雷峯塔店）,9.3,"['靈峯舒適浴缸大床房:HK$1,550', '棲霞觀景浴缸大床房:HK$1,705', '鳳嶺拾光家庭浴缸房:HK$1,860', '雲棲聽雨雙床浴缸房:HK$2,015']"
浙江賓館,9.4,"['特價雙床房:HK$720', '特價大床房:HK$785', '商務大床房:HK$840', '商務雙床房:HK$840', '麗景大床房:HK$900']"
杭州中維歌德大酒店,9.5,"['高級大床房【俯瞰繁榮城景·舒睡床墊+漢斯格雅衞浴】:HK$555', '悦享高級房【俯瞰繁榮城景+舒睡床墊+智能客控】:HK$555', '商務大床房【俯瞰繁榮城景·舒睡床墊+漢斯格雅衞浴】:HK$664', '豪華雙床房【俯瞰繁榮城景·舒睡床墊+漢斯格雅衞浴】:HK$740', '豪華大床房【俯瞰繁榮城景·舒睡床墊+漢斯格雅衞浴】:HK$795', '悦享主題房【臻享100寸大屏+私人影院+舒睡床墊+智能客控】:HK$861']"
西湖存翠居,9.5,"['榻榻米房201、301、402:HK$378', '高級雙床房305:HK$398', '鞦韆大床房501:HK$425', '山景大床房203、303:HK$425']"
杭州海華大酒店（西湖店）,9.3,"['優享雙床房:HK$512', '優享大床房:HK$512', '悦享雙床房:HK$632', '悦享大床房:HK$632', '臻享湖景大床房:HK$894']"
杭州友好飯店,9.6,"['和風雅緻房:HK$609', '商務雙床房:HK$686', '湖景雅緻房:HK$852', '翡麗女神房:HK$862', '豪華大床房:HK$950']"
杭州大酒店,9.2,"['陽光大床房+全景玻璃視野+絲漣舒睡:HK$434', '舒適城景大床房+全景玻璃視野+絲漣舒睡:HK$467', '舒適城景雙床房+全景玻璃視野+絲漣舒睡:HK$499', '凌空運河景觀大床房+180°美景+絲漣舒睡+智能潔具:HK$653', '凌空運河景觀雙床房+180°美景+絲漣舒睡+智能潔具:HK$653']"
杭州浙大紫金港校區君尚酒店,9.4,"['高級大床房:HK$300', '高級雙床房:HK$321', '豪華大床房:HK$332', '豪華雙床房:HK$353', '行政大床房:HK$429']"
如家商旅酒店（杭州西湖湖濱步行街店）,8.9,"['大床房:HK$478', '雙床房:HK$496', '商務大床房:HK$513', '高級大床房:HK$581']"
杭州璞憬酒店,9.5,"['智·雅緻大床房 （全屋智控、乳膠床墊、零壓枕頭）:HK$338', '景·甄選城景大床房（全屋智控、乳膠床墊、零壓枕頭）:HK$368', '景·甄選城景雙床房（全屋智控、乳膠床墊、零壓枕頭）:HK$399', '景·全視野凌空城景大床房（全屋智控乳膠床墊零壓枕）:HK$429', '璞·小黃鴨主題親子房:HK$474']"
杭州月亮與六便士民宿（香積寺地鐵站店）,9.6,"['天井天空雙床房:HK$398', '閣樓大床房:HK$418', '暗香庭院大床房:HK$468', '古街巷景雙床房:HK$515']"
奇遇派酒店（杭州西湖河坊街店）,9.5,"['弄清影大床房:HK$326', '醉東風大床房:HK$385', '桂花落大床房:HK$431', '晴方好大床房:HK$510']"
杭州西溪温德姆花園酒店,9.5,"['豪華大床房:HK$389', '豪華雙床房:HK$389', '尊享大床房:HK$569', '商務套房:HK$674', '尊享套房:HK$1,035']"
浙江大酒店,9.5,"['高級雙床房:HK$544', '高級大床房:HK$544', '精緻大床房:HK$665', '精緻雙床房:HK$665', '豪華大床房:HK$818']"
浙江梅地亞酒店（西湖湖濱店）,9.3,"['特惠標準間:HK$417', '特惠大床房:HK$417', '特惠家庭房:HK$480', '甄選雙床房:HK$513', '甄選大床房:HK$513']"
林隱西廬民宿（杭州西湖河坊街店）,9.4,"['舒適大床房（浴缸）:HK$917', '特惠大床房（浴缸）:HK$1,194', '温馨榻榻米房（親子雙床房型）:HK$1,219', '設計師經典浴缸大床房:HK$1,227']"
杭州西湖武林Pagoda君亭設計酒店,9.3,"['豪華大床房+移動式書桌+全景玻璃視野:HK$632', '豪華超大雙床房+全景玻璃視野:HK$665', '概念大床房+橢圓型浴缸+全景玻璃視野:HK$762', '行政大床房+十足空間感+移動式書桌+全景玻璃視野:HK$796', '旅小熊親子主題三人房:HK$846', '和式大床房+榻榻米會客區+全景玻璃視野:HK$872']"
杭州領軍酒店（錢江新城店）,9.5,"['智能現代簡約大床房:HK$576', '城景商務大床房:HK$608', '景觀親子家庭房:HK$743', '景觀投影大床房:HK$780', '智能江景大床房:HK$812']"
杭州金溪山莊,9.6,"['馨雅房-大床:HK$929', '馨雅房-雙床:HK$929', '庭雅雙床房:HK$929', '庭雅大床房:HK$929', '日光小築-大床:HK$1,090']"
杭州西湖米蘭酒店,9.4,"['陽光榻榻米房（智能語音+私享Coffee機+智能潔具）:HK$525', '靜享大床房（智能語音+私享Coffee機+智能潔具）:HK$557', '高級大床房（智能語音+私享Coffee機+智能潔具）:HK$621', '高級雙床房（智能語音+私享Coffee機+智能潔具）:HK$697', '豪華大床房（城市景觀+智能語音+私享Coffee機+智能潔具）:HK$697']"
杭州望湖賓館,9.4,"['特價大床房:HK$610', '特價雙床房:HK$610', '高級大床房:HK$665', '高級雙床房:HK$665', '陽台雙床房:HK$737', '陽台大床房:HK$737']"
一豎酒店（杭州西湖湖濱店）,9.4,"['大床房:HK$338', '高級大床房:HK$369', '庭院大床房:HK$400', '榻榻米大床房:HK$400']"
杭州寶盛賓館,9.5,"['雲端大床房（智能馬桶+深睡眠床墊）:HK$392', '睿選大床房（智能馬桶+深睡眠床墊）:HK$414', '睿選雙床房（智能馬桶+深睡眠床墊）:HK$414', '精選雙床房（智能馬桶+深睡眠床墊）:HK$470', '精選大床房（智能馬桶+深睡眠床墊+浴缸）:HK$505']"
杭州西溪紫金港希爾頓歡朋酒店,9.6,"['舒適大床房:HK$554', '高級大床房:HK$721', '高級雙床房:HK$721', '豪華大床房:HK$769', '豪華雙床房:HK$769']"
西湖枕流居民宿,9.7,"['景明·陽台山景大床房:HK$505', '沐光·陽台山景大床房:HK$544', '青易·露台山景觀影大床房:HK$583', '山嵐·山景露台大床房:HK$606']"
歡迎酒店（杭州蕭山國際機場店）,9.6,"['行政大床房（智能馬桶，乳膠床墊，55寸投屏）:HK$?', '行政雙床房（智能馬桶，乳膠床墊，55寸投屏）:HK$?', '行政套房（智能馬桶，乳膠床墊，55寸投屏）:HK$?', '温馨親子行政套房（智能馬桶，乳膠床墊，55寸投屏）:HK$?', '高級大床房（智能馬桶，乳膠床墊，55寸投屏）:HK$?']"
和昉·五洋公館（杭州西湖湖濱in77店）,9.3,"['特惠大床房（帶新風系統）:HK$315', '温馨大床房（帶新風系統）:HK$321', '温馨雙床房（帶新風系統）:HK$354', '主題大床房:HK$387']"
杭州蘭卡精品酒店（西湖風景區古盪地鐵站）,9.3,"['高級大床房:HK$305', '高級雙床房:HK$305', '商務大床房:HK$378', '精選假日大床房:HK$393', '豪華躍層家庭房:HK$545']"
杭州新僑飯店,9.4,"['高級雙床房:HK$590', '高級大床房:HK$590', '豪華雙床房:HK$730', '側西湖大床房·高樓層側湖景:HK$805', '側西湖雙床房·高樓層側湖景:HK$805']"
