酒店名称,评分,房型价格列表
東莞東城33小鎮亞朵酒店,9.6,"['高級大床房（小度客控+小冰箱）:HK$407', '高級雙床房（小度客控+小冰箱）:HK$407', '行政大床房（小度客控+小冰箱）:HK$449', '尊享大床房（小度客控+小冰箱）:HK$492', '尊享雙床房（小度客控+小冰箱）:HK$492']"
逸航歡朋酒店,9.5,"['逸享城景房（雙層隔音玻璃 +智能客控投屏）:HK$213', '逸靜山景房（城中靜謐·深睡記憶棉枕·智能客控投屏）:HK$228', '逸緻雙床房（智能客控·深睡記憶棉枕）:HK$257', '逸奢浴缸房（城中謐境+泡澡山景+智能客控）:HK$271']"
東莞塘廈粵華花園酒店,9.4,"['主題大床房:HK$509', '商務大床房:HK$519', '商務雙床房:HK$519', '現代大床房:HK$553', '現代雙床房:HK$553']"
歐斯卡國際酒店（黃江大道星光城店）,9.9,"['商務大床房【冰箱＋浴袍＋高清投屏＋智能馬桶】:HK$234', '豪華大床房【小度+冰箱＋浴缸＋高清投屏＋智能馬桶】:HK$255', '影音大床房【冰箱＋浴缸＋巨幕投影＋智能馬桶】:HK$262', '影音雙床房【冰箱＋浴袍＋巨幕投影＋智能馬桶】:HK$262', '行政大床套房【冰箱＋浴缸＋高清投屏＋智能馬桶】:HK$385']"
橋興嘉麗酒店,9.7,"['陽光大床房（深睡床墊+智能馬桶+投屏）:HK$192', '舒適大床房（城景+冰箱+深睡床墊）:HK$214', '高級大床房（落地窗+智通馬桶+冰箱+深睡床墊）:HK$225', '商務大床房（落地窗+冰箱+智能馬桶）:HK$251', '商務雙床房（落地窗+功夫茶+冰箱）:HK$269']"
金斯頓國際酒店（東莞火車站店）,9.5,"['精緻單人房:HK$220', '標準單人房（客控智能）:HK$248', '標準雙床房（客控智能）:HK$265', '豪華大床房（舒適大空間）:HK$293']"
東莞塘廈萬科廣場華漫酒店,9.7,"['設計師Fans | 智控·大床房:HK$382', '設計師Fans | 智控·雙床房:HK$422', '設計師Fans | 智控·雅緻大床房:HK$430', '設計師Fans | 智控·尊享大床房:HK$482']"
東莞塘廈高鐵南站錦江都城酒店,9.6,"['風雅城景雙床房（0壓床墊+投屏電視+智能客空+超大窗户）:HK$304', '精緻城景大床房（零壓床墊+投屏電視+智能客控）:HK$316', '風雅城景大床房（0壓床墊+投屏電視+智能客空+超大窗户）:HK$339', '探索城景大床房（0壓床墊+投屏電視+智能客控）:HK$358', '都會城景大床房（0壓床墊+投屏電視+智能客空+超大飄窗）:HK$425']"
東莞康帝國際酒店,9.7,"['高級都市景緻雙床房（神農架富鍶天然礦物質飲用水）:HK$741', '高級都市景緻大床房（神農架富鍶天然礦物質飲用水）:HK$741', '豪華城市華燈雙床房（神農架富鍶天然礦物質飲用水）:HK$817', '豪華城市華燈大床房（神農架富鍶天然礦物質飲用水）:HK$817', '商務都市繁華大床房（神農架富鍶天然礦物質飲用水）:HK$916', '行政雲悦大床房（神農架富鍶飲用水、歐瓏洗護用品）:HK$1,025']"
東莞長安雅緻酒店,9.5,"['雅緻·深睡雙床房:HK$457', '雅緻·深睡大床房:HK$479', '潮流·山景大床房:HK$535', '潮流·園景超大床房:HK$535', '潮流·影音大床房（浴缸+高清大屏看電影）:HK$654', '全景·行政大床房+JBL藍牙音響:HK$654']"
錦江都城酒店（東莞市政府中心廣場店）,9.7,"['精緻城景大床房（臨窗觀景+智能客控+100%羽絨好眠）:HK$330', '風雅城景大床房（葱鬱街景+智能客控+100%羽絨好眠）:HK$372', '風雅城景雙床房（靜謐休憩+智能客控+100%羽絨好眠）:HK$372', '都會城景大床房（CBD城景+智能客控+100%羽絨好眠）:HK$405', '都會城景雙床房（靜謐休憩+智能客控+100%羽絨好眠）:HK$405']"
全季酒店（東莞東坑店）,9.7,"['大床房:HK$307', '高級大床房:HK$307', '商務大床房:HK$335', '商務雙床房:HK$363']"
宜致酒店（東莞東坑大道北店）,9.6,"['ECHIC|雅緻大床房·小度全屋智能·帶婦洗智能馬桶:HK$282', 'ECHIC|商務大床房·零壓枕頭床品+冰箱+小度+智能馬桶:HK$298', 'ECHIC商務雙床房·大Size雙床+小度+高清投屏+婦洗馬桶:HK$326', 'ECHIC行政大床房·高清投屏+安靜+冰箱+小度+智能馬桶:HK$326', 'ECHIC|行政雙床房·飄窗榻榻米·大Size雙人床·小度:HK$361']"
凱里亞德酒店（東莞南城國貿店）,9.4,"['輕享大床房（Vienna款零壓床枕+靜謐空間）:HK$271', '優享雙床房（洗衣機+掛燙機+品牌專屬護頸回彈記憶枕+採光通透）:HK$297', '榮享大床房（靜謐商務+舒享睡眠+零壓床枕）:HK$323', '榮享雙床房（靜謐商務+舒享睡眠+零壓床枕）:HK$323']"
如家精選酒店（東莞寮步店）,9.8,"['商務大床房A:HK$205', '商務大床房:HK$230', '雙床房:HK$230', '高級大床房:HK$256']"
桔子酒店（東莞市政府店）,9.7,"['高級大床房:HK$377', '商務大床房:HK$396', '行政雙床房:HK$405', '觀景大床房:HK$414', '豪華大床房:HK$442']"
麗楓酒店（東莞南城國貿步行街店）,9.6,"['雅緻大床房（智能客控+慕思床墊+新風凈化系統+空氣凈化器）:HK$285', '標準大床房（智能客控+慕思床墊+空器凈化器）:HK$311', '商務雙床房（智能客控+慕思床墊+觀景商務辦公區+小冰箱）:HK$373', '商務大床房（智能客控+雙層隔音玻璃+慕思床墊+商務辦公桌）:HK$373', '浪漫尊享房（智能客控+慕思床墊+空氣凈化器+浪漫布置）:HK$381']"
東莞松山湖希爾頓歡朋酒店,9.6,"['舒適大床房:HK$537', '舒適雙床房:HK$565', '高級大床房:HK$585', '高級雙床房:HK$623', '高級園景大床房:HK$661']"
康鉑酒店（東莞東城萬達廣場店）,9.6,"['高級大床房（房內產品無憂使用）:HK$203', '高級雙床房（房內產品無憂使用）:HK$203', '豪華雙床房（助眠床墊+零重力枕頭）:HK$229', '影音大床房（巨幕觀影+助眠床墊+零重力枕頭）:HK$237']"
東莞濱海灣V酒店（濱海灣OPPO園區店）,9.4,"['V享大床房:HK$383', 'V享雙床房:HK$383', '高級雙床房:HK$393', '園景高級大床房（陽台）:HK$426', '高級大床房:HK$459']"
名悦酒店（厚街萬達廣場店）,9.4,"['標準大床房:HK$195', '商務大床房:HK$214', '豪華大床房:HK$229', '商務雙床間:HK$236']"
世博國際酒店（東莞東城地鐵站萬達廣場店）,9.4,"['智能影音大床房:HK$317', '智能雙拼特大床房:HK$317', '特惠智能雙床房:HK$358', '智能豪華雙床房:HK$380', '智能豪華大床房:HK$380']"
世亞酒店（東莞珠三角汽車博覽中心店）,9.6,"['特惠輕奢大床房（智能客控+商務辦公桌）:HK$213', '特惠輕奢雙床房（智能客控+商務辦公桌）:HK$223', '靜雅大床房（智能客控+舒適大空間+安睡床墊）:HK$245', '靜雅雙床房（智能客控+安睡床墊+商務辦公桌）:HK$266']"
星洲國際酒店（東莞長安萬達店）,9.5,"['輕奢雙床房（智能客控+大屏電視+機器人）:HK$223', '輕奢大床房（智能客控+大屏電視+機器人）:HK$223', '特惠雙床房（智能客控+大屏電視+機器人）:HK$249', '高級輕奢大床房（智能客控+大屏電視）:HK$249']"
東莞石排希爾頓惠庭酒店,9.5,"['靈動雙床房（智能投屏+微波爐+定製希爾頓舒達床墊+膠囊Coffee機）:HK$390', '靈動大床房（超大空間+微波爐+全智能馬桶+定製希爾頓舒達床墊）:HK$411', '靈動豪華雙床房（滑動屏風+微波爐+智能客控+熨斗、熨板）:HK$442', '靈動豪華大床房（行政書桌+微波爐+定製希爾頓舒達床墊+全智能馬桶）:HK$463', '東莞潮流主題房（Mika主題+智能客控+熨斗熨板）:HK$504']"
麗楓酒店（東莞石碣嘉榮購物廣場店）,9.5,"['高級大床房（靜夜好眠+薰衣草香氛）:HK$238', '高級雙床房（靜夜好眠+薰衣草香氛）:HK$238', '雅緻大床房:HK$246', '豪華大床房:HK$271']"
樸澍灣酒店（東莞下壩坊鰜魚洲文創園店）,9.6,"['雅逸大床房（智能家居＋65寸屏）:HK$277', '靜逸雙床房（智能家居＋園區風景＋65寸屏）:HK$326', '靜逸大床房（智能家居＋園區風景＋65寸屏）:HK$337', '熊熊探險主題房（智能家居＋園區風景＋65寸屏）:HK$365']"
東莞寮步松山湖大道希爾頓歡朋酒店,9.8,"['舒適大床房:HK$456', '高級雙床房:HK$490', '高級大床房:HK$490', '豪華雙床房:HK$554', '豪華大床房:HK$554']"
東莞滙麗華酒店（常平南站百花時代店）,9.0,"['豪華大床房【全景落地窗+柔軟親膚床品】:HK$211', '豪華雙床房【乾濕分離衞浴+慵懶沙發】:HK$218', '商務大床房【深睡記憶枕+專用辦公網絡】:HK$250', '日式禪修茶藝房【禪座蒲團+禪修靜謐空間+鳴泉茶器】:HK$261', '商務雙床房【深睡記憶枕+專用辦公網絡】:HK$261']"
東莞中心廣場希爾頓歡朋酒店,9.7,"['舒適大床房:HK$534', '舒適雙床房:HK$534', '高級大床房:HK$581', '高級雙床房:HK$581', '豪華大床房:HK$628']"
東莞松山湖華美達酒店,9.5,"['高級大床房（普蘭特星級床墊+深睡記憶枕+保鮮小冰箱）:HK$303', '高級雙床房（普蘭特星級床墊+深睡記憶枕+保鮮小冰箱）:HK$313', '行政大床房（普蘭特星級床墊+深睡記憶枕+保鮮小冰箱）:HK$348', '舒適雙床房（普蘭特星級床墊+深睡記憶枕+保鮮小冰箱）:HK$367', '行政雙床房（普蘭特星級床墊+深睡記憶枕+保鮮小冰箱）:HK$370']"
東莞厚街華美達安可酒店,9.5,"['豪華城景大床房（小度語音智控+舒達零壓床墊）:HK$305', '180度城景公務艙（小度語音智控+舒達零壓床墊）:HK$305', '雲端城景大床房（小度語音智控+舒達零壓床墊）:HK$326', '靜音優享雙床房（小度語音智控+舒達零壓床墊）:HK$327', '雲端城景雙床房（小度語音智控+舒達零壓床墊）:HK$425']"
東莞安延國際酒店,9.7,"['豪華大床房（全景落地窗+功夫茶具）:HK$372', '豪華雙床房（全景落地窗+功夫茶具）:HK$394', '行政大床房（浴缸+全景落地窗+功夫茶具）:HK$459', '行政雙床房（浴缸+全景落地窗+功夫茶具）:HK$503', '行政套房（公園景+全景落地窗+保鮮小冰箱+功夫茶具）:HK$700']"
東莞高埗時興中心錦江都城酒店,9.4,"['精緻城景大床房:HK$277', '風雅城景大床房:HK$297', '風雅城景雙床房:HK$297', '都會城景大床房:HK$308', '行政尊享城景雙床房:HK$362']"
東莞嘉映玥酒店（國際展覽中心珊美地鐵站店）,9.0,"['高級大床房:HK$319', '高級雙床房:HK$319', '豪華大床房（零壓睡眠）:HK$343', '豪華雙床房:HK$343', '巨幕影音大床房 | 影視VIP暢享直播:HK$343']"
朵蘭達V酒店（東莞松山湖度假區卓為城購物中心店）,9.8,"['零壓智控大床房【冰箱+浴袍+高清投屏+智能馬桶】:HK$262', '零壓智控雙床房【冰箱+浴袍+高清投屏+智能馬桶】:HK$275', 'Cool朵拉智控城景大床房【冰箱+浴袍+高清投屏+智能馬桶】:HK$281', 'Cool朵拉智控城景雙床房【冰箱+浴袍+高清投屏+智能馬桶】:HK$308']"
東莞虎門君樂滙酒店,9.2,"['高級大床房:HK$319', '高級雙床房:HK$319', '舒適高級大床房:HK$358', '舒適高級雙床房:HK$358', '精緻套房:HK$607']"
東莞翡珞麗酒店,9.8,"['城景大床房:HK$253', '城景雙床房:HK$253', '尊享超大床房:HK$265', '高級園景大床房:HK$301']"
麗楓酒店（東莞塘廈天虹購物中心豐騰大廈店）,9.5,"['景觀大床房（智能投屏+慕思床墊+立體環繞藍牙音響）:HK$280', '豪華大床房（智能投屏+慕思床墊+立體環繞藍牙音響）:HK$297', '浪漫優享房（智能投屏+慕思床墊+立體環繞藍牙音響）:HK$380', '商務套房（智能投屏+慕思床墊+立體環繞藍牙音響）:HK$471']"
東莞稻鄉喜舍酒店,9.5,"['特惠大床房:HK$349', '舒適大床房:HK$358', '舒適雙床房:HK$397', '湖景温馨大床房（窗明幾凈、安靜舒適）:HK$407', '湖景大床房（窗明幾凈，安靜舒適）:HK$408']"
恆新商務酒店（東莞厚街萬達廣場店）,9.4,"['特惠大床房:HK$190', '靜韻大床房:HK$197', '雅緻大床房:HK$219', '雅緻雙床房:HK$227']"
東莞大朗松山湖智榮逸享酒店,9.7,"['高級大床房【深泡浴缸+洗烘一體+冰箱+高清投屏+全屋智能+空氣新風】:HK$229', '商務大床房【深泡浴缸+洗烘一體+冰箱+高清投屏+全屋智能+空氣新風】:HK$250', '豪華大床房【深泡浴缸+洗烘一體+冰箱+高清投屏+全屋智能+空氣新風】:HK$250', '豪華雙床房【洗烘一體+冰箱+高清投屏+全屋智能+空氣新風】:HK$257']"
全季酒店（東莞南城步行街店）,9.8,"['大床房:HK$372', '高級大床房:HK$391', '商務大床房:HK$419', '商務雙床房:HK$419']"
麗楓酒店（東莞塘廈天虹高鐵南站店）,9.5,"['豪華大床房（智能客控+電視投屏+慕思床墊+助眠香薰）:HK$262', '豪華雙床房（智能客控+慕思床墊+薰衣草香薰助眠）:HK$263', '商務大床房（慕思床墊+智能客控+電視投屏+全景落地窗）:HK$289', '商務雙人房（智能客控+慕思床墊+薰衣草香薰助眠）:HK$289']"
東莞西平新地中心亞朵酒店,9.7,"['高級大床房:HK$441', '高級雙人房:HK$441', '行政大床房:HK$483', '行政雙床房:HK$483', '幾木大床房:HK$526']"
歐斯卡國際酒店（莞城可園店）,9.6,"['OSK丨高級影音房[智能客控+百寸幕布+極光tv海量電影]:HK$176', 'OSK丨智享輕奢大床房[智能客控+投屏電視]:HK$193', 'OSK丨豪華影音房[智能客控+百寸幕布+極光tv海量電影]:HK$218', 'OSK丨臻享巨幕影音房[全屋智能化+120寸屏+極光tv海量電影]:HK$242']"
東莞麻涌希爾頓歡朋酒店,9.7,"['高級雙床房:HK$487', '高級大床房:HK$506', '豪華雙床房:HK$525', '豪華大床房:HK$562', '歡朋套房:HK$741']"
蘭悅東方酒店（東莞大朗松山湖店）,9.6,"['設計師CDD｜商務大床房【智控+智能馬桶+小冰箱】:HK$294', '設計師CDD｜豪華大床房【語音客控+智能馬桶】:HK$305', '設計師CDD｜商務雙床房【智控+智能馬桶+小冰箱】:HK$316', '設計師CDD｜純凈大床房【純凈空氣+加濕器+除蟎儀】:HK$322', '設計師CDD｜商務尊享房【純凈空氣+智控+商務茶台】:HK$371']"
東莞歐亞國際酒店（常平高鐵站店）,9.2,"['商務大床房:HK$372', '臻選巨幕影音大床房:HK$392', '臻選巨幕影音雙床房:HK$392', '商務雙床房:HK$403', '豪華大床房:HK$416', '豪華雙床房:HK$437']"
松湖迎賓裏酒店（東莞松山湖店）,9.7,"['迎賓湖景大床房:HK$555', '迎賓雅緻大床房:HK$712', '迎賓親子房:HK$918', '迎賓行政套房:HK$1,083']"
