酒店名称,评分,房型价格列表
簡途酒店（湘潭華隆步步高店）,9.6,"['巨屏電視大床房4K影視（75寸可投屏電視和影視會員）:HK$283', '巨幕投影大床房4K影視（高空夜景和簡約輕奢）:HK$309', '私募影院大床房4K影視（私密空間和100寸巨幕影視會員）:HK$322', '私享陽台·豪華大床房（4K影視&陽台可觀晨曦及夜景）:HK$335']"
湘潭萬樓華美達廣場酒店,9.6,"['高級雙床房:HK$321', '臻品大床房:HK$331', '高級大床房:HK$332', '超寬超大豪華房:HK$338', '行政景觀大床房:HK$344']"
湘潭九華希爾頓惠庭酒店,9.6,"['靈動雙床房（膠囊coffee機+微波爐+雙功能冰箱）:HK$460', '靈動大床房（沙發床+膠囊coffee機+微波爐+雙功能冰箱）:HK$460', '靈動高級雙床房（膠囊coffee機+微波爐+雙功能冰箱）:HK$489', '靈動高級大床房（沙發床+膠囊coffee機+微波爐+雙功能冰箱）:HK$489', '草莓豬親子房:HK$546', '探索宇航員親子房:HK$546']"
薈辰酒店（雨湖區湘潭站店）,9.5,"['好眠·星空影院大床房{150寸大屏觀影}:HK$245', '智能語音品質大床房{全房型智能客控}:HK$262', '辰沐城景雙床房{深度睡眠、舒適床墊}:HK$306', '辰居雅悦三人間{深度睡眠、舒適床墊}:HK$332']"
湘潭百達麗國際酒店（九華管委會公交站湖南科技大學）,9.7,"['精美輕奢雙床房:HK$249', '輕奢大床房:HK$277', '觀景情懷大床房:HK$277', '觀景情懷雙床房:HK$277']"
湘潭盤龍山莊大酒店,9.6,"['私享花園露台大床房:HK$298', '景緻花園雙床房:HK$310', '景緻花園大床房:HK$310', '豪華雙床房 • 金可兒床墊:HK$379', '豪華大床房 • 金可兒床墊:HK$379', '小龍人親子房•金可兒床墊:HK$430']"
湘潭君逸美高梅國際大酒店,9.2,"['雅逸大床房:HK$293', '高級雙床房:HK$293', '雅緻大床房:HK$316', '豪華城景大床房:HK$337', '豪華城景雙床房:HK$337']"
湘潭漫湘江民宿,10.0,"['S▪悦景影院大床房【暢享VIP+語音智控】:HK$185', 'L悦景影院雙床房【舒適辦公+巨幕高清】:HK$196', 'M▪觀景影院大床房:HK$218', '觀江景露台影院大床房【陽台躺椅+超大空間】:HK$251']"
湘潭漫奇酒店（雨湖區湘潭站店）,9.4,"['高級大床房:HK$249', '舒適大床房:HK$266', '休閑棋牌大床房:HK$266', '雅緻大床房:HK$282', '舒適雙床房:HK$282']"
湘潭華天大酒店,8.8,"['高級大床房:HK$225', '高級雙床房:HK$238', '豪華精選大床房:HK$257', '豪華精選雙床房:HK$257', '巨幕影音大床房:HK$302']"
曼哈頓酒店,9.5,"['Man享高級大床房（優享大空間）:HK$235', 'Man享觀影大床房（極光tv會員+手機投屏）:HK$252', 'Man享商務雙床房:HK$256', 'Man享影音房（4K畫質+杜比音效）:HK$268']"
鉑林酒店（湘潭市政府萬達廣場店）,9.5,"['商務大床房:HK$268', '商務雙床房:HK$268', '豪華大床房:HK$285', '豪華雙床房:HK$285']"
湘潭華都國際大酒店,9.4,"['雅緻雙床房:HK$255', '雅緻大床房:HK$262', '甄選豪華雙床房:HK$345', '甄選豪華大床房:HK$352', '甄選商務雙床房:HK$407']"
萬眾酒店（湘潭市萬達廣場店）,9.1,"['雅緻大床房:HK$176', '臻選豪華大床房:HK$194', '臻選豪華雙床房:HK$194', '臻選雙人套房:HK$213']"
御和酒店（湖南軟件學院和平校區店）,9.7,"['御•浮光風景影院大床房:HK$197', '御•沐晚影院雙床房:HK$235', '御•幔影院大床房:HK$235', '御•童夢共繪影院親子房:HK$266', '御•行政影院大床房:HK$271']"
湘潭潤豐國際酒店（湘潭二醫院店）,9.1,"['典雅·豪華大床房:HK$236', '典雅·豪華雙床房:HK$236', '靜謐·全景大床房丨舒享城景:HK$254', '靜謐·全景雙床房丨通透採光:HK$254']"
湘潭銘逸酒店（湘潭醫衞職業技術學院店）,9.7,"['精緻大床房（高空城景）:HK$237', '逸緻大床房:HK$269', '逸.影榻榻米大床房（百寸大屏+影視會員）:HK$286', '雅緻大床房:HK$292', '雅緻雙床房:HK$303']"
湘潭福星凱萊大酒店,9.3,"['高級雙床房:HK$269', '高級大床房:HK$280', '商務雙床房:HK$319', '優選大床房:HK$319', '商務大床房:HK$329', '休閑麻將套房:HK$426']"
湖南華宇國際大酒店,8.8,"['優選特惠房:HK$216', '雅緻雙床房:HK$227', '雅緻大床房:HK$227', '商務大床房:HK$234', '商務雙床房:HK$234']"
丹戀斯·悅酒店【昭山店】,9.0,"['智能好眠大床房【智能客控+舒適好眠】:HK$154', '智能雅緻大床房【天貓精靈+恆温智能馬桶】:HK$175', '智能巨幕雙床房【智能客控+私享定製床墊】:HK$195', '智能巨幕影音房【天貓魔屏投影+智能客控】:HK$195']"
希岸酒店（湘潭高鐵北站湖南科技大學店）,9.7,"['希岸玲瓏大床房（安睡記憶枕+零壓床墊+絕美化粧鏡）:HK$320', '希岸高級大床房（深睡記憶枕+零壓床墊+定製洗沐護）:HK$330', '棋牌大床房（大籽麻將+可打紅中+空氣凈化）:HK$366', '希岸豪華大床房（迷你冰箱vs舒適休閑椅+超大辦公區）:HK$421', '顏值Lab（舒適休閑椅vs迷你小冰箱）:HK$422']"
湘潭歐萊酒店,9.6,"['商務影院雙床房【超大空間+巨幕高清】:HK$227', '百寸巨幕影院大床房:HK$227', '全景飄窗大床房【語音智控+會客茶台】:HK$239', '全景高清影院大床房【採光通透+舒適辦公】:HK$249']"
青年陽光酒店（湘潭高新萬達廣場店）,9.6,"['輕奢主題房（高層景觀+韓式風格+日式風格）:HK$219', '景觀雙床房（復古原木+辦公桌+雙人沙發）:HK$234', '雲端投影房（高空城景+百寸投影+辦公桌+單人沙發）:HK$254', '景觀家庭房（高空城景+辦公桌+三人沙發）:HK$283']"
棲郡酒店（湘潭萬達廣場店）,9.6,"['棲享·巨幕投影大床房 （ 智能語音客控）:HK$175', '郡享·密悦影音大床房（高清投影+智能語音客控+公區自助洗衣機）:HK$230', '覓知·輕奢影院雙床房 （巨幕投影+智能語音客控）:HK$240', '隨遇·商務影音大床房（功夫茶+智能語音客控）:HK$277']"
丹迪斯酒店（湖南科技大學店）,9.6,"['影音主題房[高清投影+騰訊會員]:HK$215', '樂享雙床房:HK$227', '樂享大床房:HK$227', '尊享雙床房:HK$232']"
簡滋酒店（工程學院店）,9.5,"['簡致大床房:HK$184', '簡奢大床房:HK$200', '簡奢雙床房:HK$212', '滾來滾雙拼大床房:HK$227']"
加曼酒店,9.5,"['曼品商務大床房:HK$185', '曼悦輕奢雙床房:HK$198', '曼享影院雙床房:HK$211', '曼享温馨親子房:HK$218']"
西海岸民宿（華隆步步高廣場店）,9.6,"['暮色黃昏投影房:HK$247', '花晨月夕[巨幕投影]:HK$255', '左岸雲間[巨幕投影房]:HK$255', '浮生若夢[巨幕投影房]:HK$260']"
御和酒店（湖南工程學院店）,9.6,"['和·風光景影院大床房 【暢享銀河奇異果星鑽會員+定製男女護理包+智能客控】:HK$261', '和·温馨家庭影院雙床房 【暢享銀河奇異果星鑽會員+定製男女護理包+智能客控】:HK$274', '和·私享巨幕影院大床房 【暢享銀河奇異果星鑽會員+定製男女護理包+智能客控】:HK$287', '御·行政影院大床房:HK$327']"
丹戀斯酒店（湘潭板塘站店）,8.9,['商務大床房:HK$360']
湘潭松濤山莊（湘潭大學店）,9.8,"['特惠大床房:HK$203', '特惠雙床房:HK$203', '標準大床房:HK$222', '標準雙床房:HK$222']"
湘潭加曼酒店（基建營中心醫院店）,9.1,"['好眠大床房:HK$175', '輕奢大床房:HK$205', '投影大床房:HK$212', '浴缸大床房:HK$240']"
博克電競主題酒店（湘潭柏麗廣場店）,9.9,"['電競大師雙人房（內景）[飛利浦2K170HzRTX4070+i713700F]:HK$261', '電競大師大床房（內景）[飛利浦2K170HzRTX4070+i713700F]:HK$261', '電競大師雙人房[玩家國度1K500Hz+1K380Hz+RTX4070+i713700F]:HK$299', '電競豪華大床房[英雄聯盟定製版2K170HzRTX4070+i713700F]:HK$299']"
湘潭亞汀克拉酒店（九華高鐵北站店）,9.1,"['亞汀·商務大床房（現代簡約風）:HK$210', '亞汀·商務雙床房（現代簡約風）:HK$210', '亞汀·標準單間（獨幢景觀）:HK$210', '亞汀·娛樂大床房（現代簡約風+超大空間）:HK$306']"
華銀生態莊園,9.7,['豪華雙床房:HK$308']
城市之鑫精品酒店（基建營中心醫院店）,9.3,"['商務大床房:HK$184', '商務雙床房:HK$201', '智能影院房:HK$210', '標準大床房:HK$219']"
本色電競酒店（岳塘步步高廣場店）,9.5,"['高端單排大床房:HK$241', '單人電競大床房:HK$250', '高端豪華雙排雙床房:HK$259']"
亦來酒店（湖南工程學院店）,8.9,"['亦間-優享大床房:HK$140', '好趣|M大床房「簡約、私密]:HK$150', '好眠|L大床房[採光通透、舒適辦公]:HK$162', '好眠|雙人床「深度睡眠、舒適床墊]:HK$172']"
雲璽酒店（建鑫廣場湘潭醫衞學院店）,9.5,"['雲間大床房:HK$193', '雲間雙床房:HK$193', '高清影視房:HK$274', '哆啦A夢主題親子房:HK$274']"
湘潭故里居國際大飯店,8.7,"['標準雙人間:HK$248', '高級商務雙人間:HK$279', '高級商務大床間:HK$279', '負離子雙床房:HK$358', '負離子大床房:HK$358']"
漫點洋房民宿（湘潭大學東門店）,9.9,"['愜意生活+高清投影+陽台大床房:HK$174', '民國風情+私家花園+百寸巨幕觀影大床房:HK$174', '法式浪漫+私享浴缸+麻將機+高清投影+豪華兩居室大床房:HK$182', '野居榻榻米+茶室+高清投影+舒適兩居室大床房:HK$182']"
丹戀斯LY酒店（步步高廣場店）,8.9,"['舒適大床房:HK$126', '迷你房:HK$132', '智能國風榻榻米:HK$142', '智能高級大床房:HK$164']"
丹戀斯臻選酒店【湖南軟件學院店】,9.4,"['臻悦|影音大床房【智能客控+天貓精靈】:HK$197', '臻品|巨幕影音房【智能客控+恆温馬桶】:HK$219', '臻雅|悦享雙人間【智能客控+舒適床墊】:HK$233', '臻享|影音雙床房【全屋智能+天貓精靈】:HK$247']"
拾觀譚城酒店,9.3,"['精選·商務雙床房:HK$104', '優選·標準大床房:HK$110', '暢選·豪華雙床房:HK$117', '舒選·商務大床房:HK$119']"
逗魚電競酒店,9.4,"['浪漫圓床單人電競房:HK$199', '麋鹿大床房:HK$226', 'Ins麻將大床房:HK$234', '純白浴缸私影大床房:HK$234']"
雲朵美致酒店,8.9,"['惠享大床房:HK$160', '雅緻大床房（豪華落地窗）:HK$218', '雅緻雙床房:HK$229', '尊享大床房（全景落地窗+高級床墊）:HK$240']"
雅美酒店（湘潭友誼店）,9.4,"['豪華大床房:HK$184', '豪華雙床房:HK$184', '豪華親子房:HK$193', '尊享大床房:HK$197']"
城市農夫精選酒店（湘潭華隆步步高廣場店）,9.4,"['温馨輕居大床房:HK$193', '親子家庭房:HK$216', '雀友棋牌麻將大床房:HK$234', '輕奢智雅大床房:HK$237']"
漫鑫酒店（中心醫院湘潭站店）,9.5,"['悦享.無憂大床房:HK$157', '悦享.無憂雙床房:HK$180', '主題房:HK$180', '悦享.浪漫圓床房:HK$205']"
湘潭喵喵酒店（九華經開區湖南軟件學院店）,9.5,"['舒享·高級大床房（品牌床墊+舒適好眠）:HK$175', '舒享·高級雙床房（品牌床墊+舒適好眠）:HK$196', '臻享·商旅大床房（品牌床墊+舒適好眠）:HK$203', '悦享·禪茶大床房（品牌床墊+舒適好眠+榻榻米茶台）:HK$217']"
