酒店名称,评分,房型价格列表
蘇寧雅悦酒店（滁州琅琊山蘇寧廣場店）,9.2,"['B座高級大床房:HK$227', 'B座豪華大床:HK$242', 'B座豪華雙床:HK$242', '豪華大床房:HK$272', '雅悦大床房:HK$308']"
滁州蘇滁高新區亞朵X酒店,9.7,"['高級大床房（小度智能+電視投屏）:HK$341', '行政雙床房（小度智能+電視投屏）:HK$341', '行政大床房（小度智能+電視投屏）:HK$359', '幾木大床房（小度智能+迷你吧）:HK$394', '幾木影音大床房（小度智能+迷你吧）:HK$430']"
如家商旅酒店（滁州蘇寧廣場店）,9.3,"['大床房A:HK$156', '大床房:HK$172', '商務大床房:HK$189', '雙床房:HK$189']"
滁州高鐵站萬楓酒店,9.3,"['標準大床房 （金可兒品牌床墊+小冰箱）:HK$435', '豪華大床房（金可兒品牌床墊+小冰箱）:HK$490', '豪華雙床房（金可兒品牌床墊+小冰箱）:HK$490']"
滁州金鵬廣場酒店,9.4,"['特惠精選雙床房:HK$293', '特惠精選大床房:HK$293', '城景商務大床房:HK$326', '城景商務雙床房:HK$326', '舒適行政大床房:HK$402']"
滁州白雲賓館,9.5,"['簡約大床房（無窗）:HK$141', '舒適大床房:HK$174', '甄選雙床房:HK$221', '甄選大床房:HK$233']"
全季酒店（滁州萬達廣場店）,9.3,"['高級大床房:HK$346', '商務雙床房:HK$355', '商務大床房:HK$365']"
琅琊山榮逸山水酒店,9.3,"['豪華雙床房:HK$306', '豪華大床房:HK$306', '湖景雙床房:HK$393', '湖景大床房:HK$393', '客房通-豪華大床房:HK$425']"
滁州亭好酒店（萬達廣場店）,9.7,"['亭·悦高級大床房:HK$197', '亭·悦高級雙床房:HK$197', '亭·靜商務大床房:HK$216', '亭·雅棋牌套房:HK$286']"
滁州君家酒店（滁州學院南門店）,9.4,"['豪華大床間 （尊享床墊+親膚床品+自然眠愈）:HK$293', '豪華標準間（尊享床墊+親膚床品+自然眠愈）:HK$293', '豪華家庭房（尊享床墊+親膚床品+自然眠愈）:HK$323', '商務景觀間（尊享床墊+親膚床品+自然眠愈）:HK$324', '高級標準間（高效辦公+尊享浴缸+自然眠愈）:HK$345']"
東昇湖假日酒店,9.7,"['高級大床房:HK$348', '高級雙床房:HK$348', '豪華大床房:HK$415', '豪華雙床房:HK$415', '行政大床房:HK$481']"
如家商旅酒店（滁州天長路步行街店）,9.5,"['大床房A:HK$169', '大床房:HK$185', '雙床房:HK$194', '商務大床房:HK$202']"
格林東方酒店（滁州市政府花園東路店）,9.4,"['清馨大床房:HK$234', '東方高級大床房:HK$236', '東方高級雙床房:HK$241', '豪華大床房:HK$251']"
滁州茂業華美達廣場酒店,8.9,"['城景標準大床房（尊享浴缸、可遠觀琅琊閣）:HK$250', '城景標準雙人房（奢華體驗）:HK$250', '尊享高級雙床房（尊享浴缸、面積大、窗外好景）:HK$283', '尊享高級大床房（尊享浴缸）:HK$283', '豪華家庭房--親子房（尊享浴缸-特色主題佈置）:HK$344']"
璞真國際酒店（滁州北站蘇寧廣場店）,9.1,"['清新大床房（乳膠床墊+智能客控+温馨空間）:HK$249', '豪華大床房（乳膠床墊+自動窗簾+智能燈光）:HK$282', '豪華雙床房（乳膠床墊+自動窗簾+智能燈光）:HK$282', '乳膠行政大床房（乳膠床品+智能馬桶+迷你小冰箱）:HK$315', '乳膠行政雙床房（乳膠床品+智能馬桶+迷你小冰箱）:HK$315']"
滁州凱迪温德姆至尊豪廷大酒店,9.5,"['高級雙床房:HK$457', '高級大床房:HK$500', '豪華雙床房:HK$554', '豪華大床房:HK$576', '至尊大床房:HK$630', '行政雙床房:HK$806']"
花築·太平裏酒店 （全椒太平古城店）,8.5,"['特惠舒適大床房:HK$326', '舒適庭院大床房:HK$344', '豪華雙床房:HK$354', '豪華大床房:HK$354', '豪華套房:HK$400']"
滁州萬瑞四季酒店,9.1,"['普通單間:HK$272', '商務標間:HK$316', '商務大床房:HK$316', '豪華標間:HK$349']"
滁州樸巢春舍酒店（雙洪生態文化公園店）,9.4,"['三人間:HK$220', '家庭房:HK$220', '樸明高級大床房:HK$275', '樸靜高級大床房:HK$285']"
滁州碧桂園歐洲城鳳悦鳳凰酒店,8.9,"['精選雙床房:HK$271', '精選大床房:HK$271', '歡樂麻將房:HK$555']"
去湖去民宿（滁州北湖公園店）,9.6,"['晨曦-休閑大床房+智能投影+零壓床墊+輕盈好夢:HK$137', '【梧桐】豪華大床房+零壓床墊+智能投影+温馨雅緻:HK$226', '【竹喧】湖景大床房+零壓床墊+智能投影+私密空間:HK$243', '【水墨】豪華湖景大床房+大落地窗+實木傢俱+智能投影:HK$307']"
柏悦朗廷酒店（滁州高鐵站店）,9.5,"['商務雙床房:HK$228', '商務大床房:HK$269', '夢百合零壓雙床房:HK$279', '夢百合零壓大床房:HK$286']"
紅三環大酒店（滁州北站店）,9.6,"['特惠雙床房:HK$173', '雅緻雙床房:HK$195', '雅緻大床房:HK$228', '商務大床房:HK$271']"
滁州金地大酒店,8.3,"['商務標間:HK$172', '行政標間:HK$213', '行政單間:HK$263']"
你好酒店（滁州琅琊山蘇寧廣場店）,9.2,"['高級雙床房:HK$196', '高級大床房:HK$205', '套房:HK$215', '家庭房:HK$224']"
滁州港滙喜來登酒店,9.2,"['豪華雙床房:HK$381', '豪華大床房:HK$436', '商務豪華雙床房:HK$436', '商務豪華大床房:HK$491', '尊貴豪華雙床房:HK$491', '尊貴豪華大床房:HK$545']"
願景·詩集嶺野奢狩獵酒店,9.2,"['陽台雙床房:HK$710', '犬屋:HK$907', '景觀大床房:HK$1,399', '景觀雙床房:HK$1,399', '景觀親子房:HK$1,617']"
滁州琅琊山宿,9.7,"['四時庭院雙床房:HK$435', '意在露台庭院房大床房:HK$511', '怡亭露台觀景雙床房:HK$577', '怡亭露台觀景大床房:HK$577', '蔚然豪華露台庭院雙床房:HK$948']"
如家商旅酒店（滁州市政府世貿大廈店）,9.3,"['大床房:HK$204', '高級雙床房:HK$222', '商務大床房:HK$222', '特色大床房:HK$299']"
萬順酒店（滁州學院會峯校區長江商貿城店）,9.3,"['智能舒適大床房:HK$271', '智能舒適雙人房:HK$271', '智能觀影房:HK$282', '智能商務大床房（帶茶桌）:HK$282']"
維也納酒店（滁州政務中心店）,9.6,"['標準大床房:HK$208', '高級大床房（無窗）:HK$216', '商務雙床房:HK$234', '影音大床房:HK$234']"
遵陽隱舍美宿酒店（南湖公園店）,9.8,"['【立夏】榻榻米大床房+喜臨門零壓床墊+智能客控:HK$240', '【冬至】躺平大床房+私密空間+輕盈好夢:HK$332', '【夏至】愜意浴缸大床房+智能客控+喜臨門零壓床墊:HK$332', '【穀雨】豪華大床房:HK$332']"
博華酒店（南譙區政府店）,9.6,"['特惠大床房:HK$173', '零壓大床房:HK$216', '商務大床房（0壓床墊+0壓記憶枕）:HK$260', '商務雙床房（0壓床墊+0壓記憶枕）:HK$271']"
如家酒店（滁州豐樂大道店）,9.4,"['大床房:HK$136', '商務大床房:HK$162', '高級雙床房:HK$162', '高級大床房:HK$171']"
星程酒店（滁州市政府店）,9.7,"['高級大床房:HK$246', '商務雙床房:HK$255', '商務大床房:HK$264']"
維也納酒店（滁州琅琊新區玖玖廣場店）,9.3,"['高級大床房:HK$237', '標準雙床房:HK$237', '影音大床房:HK$246', '豪華雙床房:HK$255']"
悠然·影院公寓（蘇寧廣場店）,9.4,"['浮塵 | 投影大床房:HK$153', '綠茵 | 投影大床房:HK$167', '麗蘭 | 投影大床房:HK$167', '泛月 | 投影家庭雙床房:HK$182']"
尚客優悦酒店（滁州蘇滁產業園店）,9.4,"['特惠大床房（內窗）（智能客控，小愛音箱，智能馬桶）:HK$161', '榻榻米大床房（智能客控，小愛音箱，智能馬桶）:HK$186', '重返校園房（智能客控，智能馬桶，小愛同學）:HK$186', '標準大床房（智能客控，小愛音箱，智能馬桶）:HK$202']"
如家睿柏雲酒店（滁州蘇滁商務中心地鐵站店）,9.8,"['雅緻大床房:HK$154', '影音大床房:HK$166', '高級大床房:HK$171', '商務雙床房:HK$174']"
滁州玟維酒店（揚子工業園揚子路小學店）,9.5,"['大床房:HK$253', '高級大床房:HK$276', '高級雙床房:HK$278', '豪華大床房:HK$321', '豪華親子房:HK$429']"
YUE·君庭民宿（滁州凱迪廣場世貿大廈店）,9.9,"['影院輕奢套房【零壓乳膠床+VIP觀影】:HK$238', '設計師行政套房【零壓乳膠床+一次性洗具】:HK$255', '温馨家庭親子房【萌趣帳篷+小童洗護用品+小童讀物】:HK$294']"
溪邊小築民宿（印象菱溪店）,9.2,"['景觀大床房:HK$121', '精品雙床房:HK$138']"
滁州明湖逸菲酒店,9.2,"['標準雙床房:HK$362', '豪華大床套房:HK$486', '豪華套房:HK$746']"
格林豪泰酒店（滁州北站蘇寧廣場店）,9.5,"['智能大床房:HK$204', '智能高級大床房:HK$215', '智能高級雙床房:HK$226', '舒眠0壓家庭房:HK$233']"
駿怡酒店（滁州南譙區行政服務中心店）,9.5,"['經典智能大床房:HK$165', '甄選影視大床房:HK$170', '甄選影視雙床房:HK$170', '高級零壓智能大床房:HK$181']"
蝸牛商務酒店（長江商貿城滁州學院店）,9.1,"['蕙選超軟助眠零壓雙床房:HK$163', '蕙選超軟助眠零壓大床房:HK$163', '超軟零壓商務大床房:HK$168', '影視房:HK$168']"
如家華驛精選酒店（滁州學院店）,9.2,"['精選大床房:HK$148', '精選雙床房:HK$148', '豪華雙床房:HK$156', '豪華大床房:HK$156']"
臻禧輕奢影院酒店（滁州凱迪市政府店）,9.3,"['高級零壓大床房:HK$151', '惠享零壓大床房:HK$161', '舒適零壓大床房（水生態空調）:HK$163', '豪華零壓大床房（水生態空調+環繞音響）:HK$188']"
維也納3好酒店（滁州蘇滁店）,9.4,"['豪華大床房:HK$245', '豪華雙床房:HK$245', '純凈大床房:HK$293', '豪華套房:HK$322']"
如家華驛精選酒店（滁州港滙吾悦廣場店）,9.6,"['榻榻米房（酒店提供自助洗衣房）:HK$163', '精選雙床房（酒店提供自助洗衣房）:HK$192', '精選大床房（酒店提供自助洗衣房）:HK$192', '智能大床房（酒店提供自助洗衣房）:HK$201']"
