酒店名称,评分,房型价格列表
琅琊山榮逸山水酒店,9.4,"['豪華雙床房:HK$305', '豪華大床房:HK$305', '湖景雙床房:HK$393', '湖景大床房:HK$393', '客房通-豪華大床房:HK$425']"
滁州金鵬廣場酒店,9.4,"['特惠精選雙床房:HK$293', '特惠精選大床房:HK$293', '城景商務大床房:HK$325', '城景商務雙床房:HK$325', '舒適行政大床房:HK$402']"
東昇湖假日酒店,9.7,"['高級大床房:HK$348', '高級雙床房:HK$348', '豪華大床房:HK$414', '豪華雙床房:HK$414', '行政大床房:HK$481']"
滁州亭好酒店（萬達廣場店）,9.7,"['亭·悦高級大床房:HK$197', '亭·悦高級雙床房:HK$197', '亭·靜商務大床房:HK$216', '亭·雅棋牌套房:HK$249']"
滁州君家酒店（滁州學院南門店）,9.3,"['豪華大床間 （尊享床墊+親膚床品+自然眠愈）:HK$292', '豪華標準間（尊享床墊+親膚床品+自然眠愈）:HK$297', '豪華家庭房（尊享床墊+親膚床品+自然眠愈）:HK$323', '商務景觀間（尊享床墊+親膚床品+自然眠愈）:HK$329', '高級標準間（高效辦公+尊享浴缸+自然眠愈）:HK$345']"
滁州琅琊山宿,9.7,"['四時庭院雙床房:HK$435', '意在露台庭院房大床房:HK$511', '怡亭露台觀景雙床房:HK$577', '怡亭露台觀景大床房:HK$577', '蔚然豪華露台庭院雙床房:HK$948']"
開元曼居酒店（滁州水石廣場店）,9.5,"['曼選大床房（自在空間+馬桶濕巾+安然眠睡）:HK$270', '曼享雙床房（自在空間+馬桶濕巾+安然眠睡）:HK$304', '曼享大床房（自在空間+馬桶濕巾+安然眠睡）:HK$304', '曼居大床房（商務辦公+空氣凈化器+迷你小冰箱）:HK$337', '0壓曼居大床房（零壓床品+空氣凈化器+迷你小冰箱）:HK$369']"
滁州高鐵站萬楓酒店,9.3,"['標準大床房 （金可兒品牌床墊+小冰箱）:HK$435', '豪華大床房（金可兒品牌床墊+小冰箱）:HK$489', '豪華雙床房（金可兒品牌床墊+小冰箱）:HK$489']"
滁州茂業華美達廣場酒店,8.9,"['城景標準大床房（尊享浴缸、可遠觀琅琊閣）:HK$250', '城景標準雙人房（奢華體驗）:HK$250', '尊享高級雙床房（尊享浴缸、面積大、窗外好景）:HK$283', '尊享高級大床房（尊享浴缸）:HK$283', '豪華家庭房--親子房（尊享浴缸-特色主題佈置）:HK$344']"
滁州港滙喜來登酒店,9.2,"['豪華大床房:HK$436', '商務豪華雙床房:HK$436', '商務豪華大床房:HK$490', '尊貴豪華雙床房:HK$490', '尊貴豪華大床房:HK$545', '行政雙床房:HK$709']"
滁州蘇滁高新區亞朵X酒店,9.7,"['高級大床房（小度智能+電視投屏）:HK$370', '行政雙床房（小度智能+電視投屏）:HK$370', '行政大床房（小度智能+電視投屏）:HK$390', '幾木大床房（小度智能+迷你吧）:HK$430', '幾木影音大床房（小度智能+迷你吧）:HK$471']"
滁州碧桂園歐洲城鳳悦鳳凰酒店,8.8,"['精選雙床房:HK$271', '精選大床房:HK$271', '歡樂麻將房:HK$555']"
全季酒店（滁州萬達廣場店）,9.5,"['高級大床房:HK$346', '商務雙床房:HK$355', '商務大床房:HK$365']"
如家商旅酒店（滁州天長路步行街店）,9.5,"['大床房A:HK$158', '大床房:HK$173', '雙床房:HK$182', '商務大床房:HK$190']"
願景·詩集嶺野奢狩獵酒店,9.2,"['陽台雙床房:HK$710', '景觀大床房:HK$1,398', '景觀雙床房:HK$1,398', '景觀親子房:HK$1,616', '庭院大床房:HK$1,835']"
柏悦朗廷酒店（滁州高鐵站店）,9.5,"['商務雙床房:HK$228', '商務大床房:HK$269', '夢百合零壓雙床房:HK$278', '夢百合零壓大床房:HK$286']"
花築·太平裏酒店 （全椒太平古城店）,8.5,"['特惠舒適大床房:HK$326', '舒適庭院大床房:HK$344', '豪華雙床房:HK$354', '豪華大床房:HK$354', '豪華套房:HK$400']"
YUE·君庭民宿（滁州凱迪廣場世貿大廈店）,10.0,"['影院輕奢套房【零壓乳膠床+VIP觀影】:HK$238', '設計師行政套房【零壓乳膠床+一次性洗具】:HK$255', '温馨家庭親子房【萌趣帳篷+小童洗護用品+小童讀物】:HK$294']"
格林東方酒店（滁州市政府花園東路店）,9.4,"['清馨大床房:HK$224', '東方高級大床房:HK$225', '東方高級雙床房:HK$230', '豪華大床房:HK$240']"
如家商旅酒店（滁州蘇寧廣場店）,9.3,"['大床房A:HK$156', '大床房:HK$172', '商務大床房:HK$189', '雙床房:HK$189']"
璞真國際酒店（滁州北站蘇寧廣場店）,9.1,"['清新大床房（乳膠床墊+智能客控+温馨空間）:HK$249', '豪華大床房:HK$282', '豪華雙床房（乳膠床墊+自動窗簾+智能燈光）:HK$282', '乳膠行政大床房（乳膠床品+智能馬桶+迷你小冰箱）:HK$315', '乳膠行政雙床房（乳膠床品+智能馬桶+迷你小冰箱）:HK$315']"
滁州阿爾卡迪亞酒店,9.0,"['特惠陽光露台大床房:HK$447', '特惠陽光露台雙床房:HK$447', '深系豪華家庭房:HK$479', '粉系童趣家庭房:HK$479', '客房通-豪華大床房:HK$523', '客房通-豪華雙床房:HK$523']"
滁州萬瑞四季酒店,9.1,"['普通單間:HK$272', '商務標間:HK$316', '商務大床房:HK$316', '豪華標間:HK$348']"
滁州樸巢春舍酒店（雙洪生態文化公園店）,9.5,"['三人間:HK$220', '家庭房:HK$220', '樸明高級大床房:HK$275', '樸靜高級大床房:HK$285']"
滁州井楠茗宿,9.3,"['草長·特惠雙床房:HK$472', '鶯飛·特惠大床房:HK$472', '繁花·舒適雙床房:HK$596', '似錦·舒適大床房:HK$596', '自樂·麻將機套房:HK$657']"
蘇寧雅悦酒店（滁州琅琊山蘇寧廣場店）,9.3,"['B座高級大床房:HK$227', 'B座豪華大床:HK$242', 'B座豪華雙床:HK$242', '豪華大床房:HK$272', '雅悦大床房:HK$308']"
滁州白雲賓館,9.5,"['簡約大床房（無窗）:HK$141', '舒適大床房:HK$174', '甄選雙床房:HK$221', '甄選大床房:HK$236']"
滁州玟維酒店（揚子工業園揚子路小學店）,9.5,"['大床房:HK$253', '高級大床房:HK$276', '高級雙床房:HK$277', '豪華大床房:HK$321', '豪華親子房:HK$429']"
星程酒店（滁州市政府店）,9.7,"['高級大床房:HK$236', '商務雙床房:HK$246', '商務大床房:HK$255']"
去湖去民宿（滁州北湖公園店）,9.6,"['晨曦-休閑大床房+智能投影+零壓床墊+輕盈好夢:HK$137', '【梧桐】豪華大床房+零壓床墊+智能投影+温馨雅緻:HK$227', '【竹喧】湖景大床房+零壓床墊+智能投影+私密空間:HK$249', '【水墨】豪華湖景大床房+大落地窗+實木傢俱+智能投影:HK$268']"
伯爵世家酒店（滁州全椒火車站店）,9.7,"['精選大床房（三區分離+落地大窗+智能馬桶）:HK$273', '精選雙床房（三區分離+落地大窗+智能馬桶）:HK$273', '甄選大床房（超大落地窗+三區分離+精緻茶具）:HK$292', '甄選雙床房（超大落地窗+三區分離+記憶枕）:HK$292', '豪華大床房（浴袍+記憶枕＋智能馬桶）:HK$332']"
滁州冠景泊悦酒店（琅琊山店）,8.9,"['標準大床房:HK$282', '標準雙人房:HK$282', '温馨家庭房:HK$315', '豪華大床房:HK$392', '豪華雙人房:HK$392']"
維也納酒店（滁州政務中心店）,9.6,"['標準大床房:HK$208', '高級大床房（無窗）:HK$216', '商務雙床房:HK$234', '影音大床房:HK$234']"
漢庭優佳酒店（滁州吾悦廣場港滙店）,9.6,"['大床房:HK$211', '雙床房:HK$221', '高級大床房:HK$230']"
遵陽隱舍美宿酒店（南湖公園店）,9.8,"['【立夏】榻榻米大床房+喜臨門零壓床墊+智能客控:HK$240', '【冬至】躺平大床房+私密空間+輕盈好夢:HK$332', '【夏至】愜意浴缸大床房+智能客控+喜臨門零壓床墊:HK$332', '【穀雨】豪華大床房:HK$332']"
萬順酒店（滁州學院會峯校區長江商貿城店）,9.3,"['智能舒適大床房:HK$271', '智能舒適雙人房:HK$271', '智能觀影房:HK$282', '智能商務大床房（帶茶桌）:HK$282']"
如家商旅酒店（滁州市政府世貿大廈店）,9.3,"['大床房:HK$212', '高級雙床房:HK$230', '商務大床房:HK$230', '特色大床房:HK$310']"
金鵬皇慶湖湖畔民宿,8.7,"['水雲船屋大床房:HK$370', '湖心漫居雙床房:HK$370', '湖心漫居親子房:HK$370', '時光太空艙大床房:HK$370']"
如家睿柏雲酒店（滁州蘇滁商務中心地鐵站店）,9.8,"['雅緻大床房:HK$156', '影音大床房:HK$168', '高級大床房:HK$173', '商務雙床房:HK$176']"
滁州袋鼠電競酒店（環滁商務中心店）,8.8,"['商務大床房:HK$240', '輕奢電競大床房【i5-13490+4060+顯示器2k170+內存32G】:HK$258', '特價電競大床房【4060顯卡+i5+32G】:HK$258', '輕奢電競標間【4070顯卡+i5-13490+內存32G】:HK$267']"
駿怡酒店（滁州南譙區行政服務中心店）,9.5,"['經典智能大床房:HK$165', '甄選影視大床房:HK$170', '甄選影視雙床房:HK$170', '高級零壓智能大床房:HK$181']"
紅三環大酒店（滁州北站店）,9.6,"['特惠雙床房:HK$173', '雅緻雙床房:HK$195', '雅緻大床房:HK$227', '商務大床房:HK$271']"
轉角Iove公寓酒店（蘇寧廣場店）,9.0,"['温馨大床房:HK$328', '舒適大床房:HK$328', '精緻大床房:HK$328']"
滁州迦娜電競酒店,8.0,"['電競大床房:HK$246', '2人電競智能基友間:HK$246', '發燒電競智能基友間:HK$279', '發燒電競大床房:HK$279']"
格林豪泰酒店（滁州北站蘇寧廣場店）,9.5,"['智能大床房:HK$198', '智能高級大床房:HK$209', '智能高級雙床房:HK$219', '舒眠0壓家庭房:HK$226']"
滁州金地大酒店,8.3,"['商務標間:HK$172', '行政標間:HK$213', '行政單間:HK$263']"
滁州明湖逸菲酒店,9.2,"['標準雙床房:HK$362', '豪華大床套房:HK$486', '豪華套房:HK$746']"
維也納酒店（滁州琅琊新區玖玖廣場店）,9.3,"['高級大床房:HK$223', '標準雙床房:HK$223', '影音大床房:HK$231', '豪華雙床房:HK$239']"
悠然影院公寓（滁州北站店）,8.7,"['時溪 | 投影大床房:HK$153', '初時 | 投影大床房:HK$167', '殘月 | 投影大床房:HK$167', '子歸 | 投影家庭雙床房:HK$182']"
滁州好家商務賓館,9.6,"['普通大床房:HK$116', '普通標間:HK$119', '商務大床房:HK$163', '商務標間:HK$174']"
