酒店名称,评分,房型价格列表
雙溪雙宿民宿（漳州薌城店）,9.9,"['閩南竹語 . 匠築精緻大床房『夯土傳韻＋攬月枕星』:HK$315', '薌城故里 . 拾光精緻雙床房『枕水聽溪＋閩南戲韻』:HK$623', '漳南雅筑 . 圍樓典雅大床房『古厝遺風+ 夯土築夢』:HK$689', '雙溪畫境 . 聽溪典雅雙床房『紅磚映霞＋星河伴夢』:HK$766', '土樓雲閣 . 枕月豪華套房『黛瓦流韻＋燕尾飛檐』:HK$1,095']"
南山·悦舍酒店（漳州古城店）,9.4,"['鶴嶺晴煙:HK$322', '南山秋色:HK$349', '丹溪曉日:HK$364', '西浦夕陽【複式套房+獨立茶室】:HK$426']"
修宿·僑村1956民宿,9.7,"['雅加達|落地窗全景房:HK$290', '馬六甲|落地窗大床房:HK$323', '馬尼拉|落地窗園景房:HK$374', '吉隆坡|落地窗花園房:HK$374', '新山|陽台花園房:HK$387']"
漳州薌逸·閩南藝宿酒店（漳州古城北京路店）,9.7,"['文廟熹丨雲享逸眠大床房+智能客控+零壓床墊:HK$310', '文昌門丨悦享大床房+零壓床墊+温控馬桶:HK$322', '芳華里丨沐光高級大床房+零壓床墊+陽光鬧鐘:HK$335', '騎樓街丨古城街景大床房+智能客控+零壓床墊:HK$352']"
花築·高陞館·民國傳承·閩南古厝·歷史文化美宿（漳州古城店）,9.7,"['靜謐大床房【空氣凈化器·小米電視】:HK$402', '古城街景大床房【小米電視·空氣凈化器】:HK$438', '浴缸大床房【小米電視·空氣凈化器·深泡浴缸】:HK$445', '星空城樓景露台大床房【大露台·空氣凈化器·小米電視】:HK$472']"
汐月閩南庭院式酒店（漳州古城店）,9.5,"['汐月景觀露台大床房（舒達床墊+智能客控）:HK$403', '汐月庭院大床房（户外浴缸+舒達床墊+温泉私湯）:HK$420', '汐月雙床房（舒達床墊+語音客控）:HK$435', '汐月榻榻米標間（舒達床墊+智能馬桶）:HK$446', '汐月南洋露台大床房（舒達床墊+智能客控）:HK$457']"
月泊棲城·文化行宿（漳州古城文廟店）,9.5,"['修泊:HK$284', '修文:HK$289', '修城:HK$295', '棲城:HK$301']"
漳州佰翔圓山酒店（古城店）,9.4,"['精品大床房-270°精品房型，暢享靜謐空間:HK$468', '豪華城景雙床房-觀景大陽台，推窗瞰城廓:HK$486', '尊貴江景大床房-商務旅居，賞一江四橋美景:HK$598', '行政雙床房-慢遊漳州·都市輕奢旅居:HK$653', '行政大床房-觀景大陽台，賞九龍江畔美景:HK$653', '家庭房-親子家庭樂享温馨大空間:HK$709']"
維特酒店（漳州古城店）,9.2,"['雅緻大床房:HK$385', '休閑大床房:HK$405', '休閑雙床房:HK$460', '景觀大床房:HK$460']"
貴賓舍酒店（漳州百花村交易大樓龍江樂園店）,9.2,"['驚喜寶藏房（65寸大屏電視+零壓床墊+智能語音控制+自動馬桶+自動窗簾）:HK$241', '法式舒漫城景大床房（65寸大屏電視+零壓床墊+智能語音控制+人體感應自動馬桶+自動窗簾）:HK$274', '法式優眠大床房（65寸大屏電視+零壓床墊+智能語音控制+人體感應自動馬桶+自動窗簾）:HK$294', '法式輕奢城景大床房（65寸大屏電視+零壓床墊+智能語音控制+人體感應自動馬桶+自動窗簾）:HK$296']"
沐古設計師酒店,9.4,"['沐城丨城景大床房（帶深泡浴缸＋慕斯睡眠床墊）:HK$326', '沐城丨城景雙床房（慕斯睡眠床墊）:HK$359', '沐檐丨觀景尊貴大床房（深泡浴缸+100寸VIP觀影）:HK$392', '沐溪丨觀景陽台大床房（深泡浴缸+100寸VIP觀影）:HK$403']"
聆海.沐晨海墅,9.9,"['雲上 | 日出全海景套房:HK$1,606', '汐音 | 日出全海景套房:HK$1,606', '沐晨.日出全海景套房:HK$1,770', '聆海.日出全海景套房:HK$2,059']"
漳州三寶開元名都酒店（古城店）,9.5,"['豪華城景大床房:HK$622', '豪華城景雙床房:HK$622', '豪華江景大床房:HK$688', '豪華江景雙床房:HK$688', '行政大床房:HK$1,126', '行政雙床房:HK$1,126']"
鉑頓元世紀酒店（長泰桃李春風店）,9.2,"['高級庭院大床房（蘇式園林風+功夫茶具+靜音好眠）:HK$382', '高級庭院雙床房（蘇式園林風+功夫茶具+靜音好眠）:HK$382', '園景露台大床房（蘇式園林風+功夫茶具+靜音好眠）:HK$465', '園景露台雙床房（蘇式園林風+功夫茶具+靜音好眠）:HK$465', '豪華園景露台大床房（蘇式園林風+功夫茶具+靜音好眠）:HK$548']"
陌上輕居酒店（漳州古城文昌門店）,9.5,"['品學·陌畔思歸大床房:HK$337', '靜逸·花雅影音大床房:HK$337', '品學·宋風花雅雙床房:HK$368', '雅緻·文廟書韻大床房:HK$368']"
漳州萬達嘉華酒店,9.3,"['豪華雙床房:HK$436', '行政大床房:HK$732', '行政雙床房:HK$732', '豪華套房:HK$791', '行政套房:HK$2,124']"
漳州龍海蘭歐國際酒店,8.6,"['高級大床房（高端洗護+MiNi吧）:HK$372', '高級雙床房（高端洗護+MiNi吧）:HK$372', '行政大床房（智能客控+MiNi吧+高端洗護）:HK$391', '豪華大床房（智能客控+MiNi吧+高端洗護）:HK$438', '豪華雙床房（智能客控+MiNi吧+高端洗護）:HK$438']"
漳州薌江酒店（漳州古城店）,9.5,"['商務雙床房:HK$435', '商務大床房:HK$468', '景觀大床房:HK$577', '景觀雙床房:HK$577', '銀髮商務大床房-專屬長輩慢時光療愈的自在旅居:HK$753', '行政景觀大床房:HK$891']"
途客數字酒店（漳州閩南水鄉福隆城店）,9.3,"['智能特惠大床房 ▏靜謐空間+65寸高清電視:HK$285', '智能標準大床房 ▏靜謐空間+65寸高清電視:HK$307', '智能高級大床房 ▏靜謐空間+65寸高清電視:HK$324', '夢百合0壓智能標準大床房:HK$324', '智能豪華大床房 ▏甄選品質+65寸高清電視:HK$348']"
安若小鎮·跡相民宿,9.6,"['山景雙床房:HK$1,004', '山景大床房:HK$1,190', '山澗浴缸大床房:HK$1,376', '童趣親子大床房:HK$1,562', '跡相景觀套房:HK$1,748']"
安楠舍酒店（漳州古城店）,9.5,"['侘寂風和幸大床房（100寸騰訊VIP＋智能語音客控）:HK$462', '侘寂風浴缸大床房（100寸騰訊VIP＋智能語音客控）:HK$488', '户外陽台大床房（户外私人浴缸+100寸騰訊VIP）:HK$506', '侘寂風和喜雙床房（100寸騰訊VIP＋智能語音客控）:HK$506']"
漳州銀佳賓館（古城店）,9.3,"['雅緻-雙床:HK$303', '雅緻-大床:HK$303', '精品房-雙床B:HK$417', '精品房-大床:HK$417']"
片仔癀温泉酒店,9.4,"['豪華雙床房:HK$622', '豪華大床房:HK$622', '行政温泉大床房【古城畔・雅緻暖泉】:HK$939', '小黃鴨親子房:HK$939', '酷芽巴啦啦小魔仙音樂主題豪華雙床房:HK$939', '酷芽超級飛俠星際主題豪華雙床房:HK$939']"
漳州鑽石大酒店（古城店）,8.9,"['公務雙床房:HK$292', '公務大床房:HK$299', '商務雙床房:HK$299', '商務大床房:HK$299', '行政雙床房:HK$373']"
全季酒店（漳州勝利東路店）,9.5,"['高級大床房:HK$461', '商務大床房:HK$503', '高級雙床房:HK$546', '套房:HK$568']"
漳州美倫山莊,9.5,"['精品花園雙床房:HK$593', '海景大床房:HK$772', '海景雙床房:HK$772', '疊拼海景套房:HK$940', '行政海景套房:HK$1,094']"
漳州賓館（古城店）,9.5,"['凌波樓雅緻大床房:HK$413', '凌波樓雅緻雙床房:HK$413', '天寶樓商務雙床房:HK$468', '天寶樓商務大床房:HK$468', '凌波樓商務大床房:HK$468', '凌波樓商務雙床房:HK$468']"
漳州道田素食溫泉度假酒店,8.8,"['酷芽超級飛俠恐龍大床房:HK$879', '超級飛俠恐龍主題山景親子房:HK$983', '酷芽超級飛俠恐龍榻榻米温泉房:HK$1,487']"
歐暇·地中海酒店（漳州長泰凱悦廣場店）,9.6,"['歐暇大床房（深睡眠床墊+智能馬桶）:HK$322', '歐暇雙床房（深睡眠床墊+智能馬桶）:HK$322', '暇享温馨大床房（特長睡床+靜音好眠）:HK$357', '暇享親子家庭房（小童樂園+小童帳篷+親子佈置）:HK$398']"
全季酒店（角美火車站店）,9.8,"['大床房:HK$293', '高級大床房:HK$312', '商務大床房:HK$341', '高級雙床房:HK$350']"
龍海白居驛民宿,8.3,"['留夏海景房:HK$227', '小半時尚大床房:HK$227', '漫心親子房:HK$329', '池上山景投影大床房:HK$439']"
漳州大酒店（古城店）,9.3,"['商務雙床房:HK$361', '商務大床房:HK$361', '酷芽豬豬俠主題商務雙床房:HK$541', '酷芽超級飛俠恐龍主題商務雙床房:HK$541', '商務套房:HK$574']"
星程酒店（漳州碧湖萬達廣場店）,9.3,"['高級大床房:HK$322', '高級雙床房:HK$341', '高級特大床房:HK$341', '商務大床房:HK$352']"
維也納酒店（漳州金峯商業中心店）,9.4,"['豪華大床房:HK$290', '豪華雙床房:HK$301', '影音大床房:HK$324', '影音雙床房:HK$334', '商務大床房:HK$359']"
漳州裕元大酒店,9.3,"['山景大床房:HK$278', '高級雙床房:HK$278', '商務雙床房（國際知名品牌床墊＋舒適蕎麥枕）:HK$298', '山景豪華大床房（國際知名品牌床墊＋舒適蕎麥枕）:HK$308', '豪華雙床房 （國際知名品牌床墊＋舒適蕎麥枕）:HK$308']"
漳州融信皇冠假日酒店,9.2,"['城景雙床房:HK$363', '城景大床房:HK$363', '湖景雙床房:HK$458', '湖景大床房:HK$458', '行政雙床房:HK$626', '行政大床房:HK$626']"
漫雲·悦舍酒店（古城店）,9.3,"['標準大床房:HK$315', '行政大床房:HK$326', '標準雙床房:HK$326', '行政雙床房:HK$370']"
如家商旅酒店（漳州騰飛路古城店）,9.3,"['商務大床房A:HK$219', '雙床房A:HK$227', '商務大床房:HK$237', '雙床房:HK$245']"
漳州浦口商務酒店,9.4,"['特惠寶藏房（55寸大屏電視+智能語音控制+語音電動窗簾+多重場景氛圍燈）:HK$193', '高級大床房（55寸大屏電視+智能語音控制+語音電動窗簾+多重場景氛圍燈）:HK$198', '商務雙床房（55寸大屏電視+智能語音控制+語音電動窗簾+多重場景氛圍燈）:HK$212', '商務大床房（55寸大屏電視+智能語音控制+語音電動窗簾+多重場景氛圍燈）:HK$217']"
龍海華僑大酒店（後港古街店）,9.4,"['標準大床房:HK$306', '標準雙床房:HK$306', '主題親子房:HK$485', '豪華套房:HK$613']"
漳州龍佳大酒店,8.9,"['雅緻温泉大床房:HK$534', '雅緻温泉雙床房:HK$541', '豪華温泉景觀大床房（帶獨立泡池）:HK$611', '豪華温泉景觀雙床房（帶獨立泡池）:HK$611', '山莊風景雙床房:HK$680', '小熊尼奧温泉大床房:HK$688']"
花築·海巢美墅（龍海鎮海角店）,9.3,"['蔓蔓青蘿大床房:HK$308', '滄海一粟大床房:HK$345', '依山伴海榻榻米大床房:HK$359', '水天一色海景大床房:HK$418']"
青年陽光酒店（漳州萬達廣場店）,9.2,"['S悦享主題房【高層景觀+寫字桌+沙發茶几】:HK$214', 'S暢享舒適雙床房【高層景觀+辦公桌椅】:HK$221', 'S優享特色主題房【多種特色主題風】:HK$221', 'S日式榻榻米大床房【高層景觀+觀景陽台+休閑區】:HK$241']"
漳州弘晟酒店（古城牛莊店）,8.9,"['優享大床房:HK$208', '標準大床房:HK$226', '温馨親子房:HK$248', '標準雙床房:HK$260']"
雅斯特酒店（龍海旗艦店）,9.1,"['豪華大床房:HK$348', '豪華雙床房:HK$348', '高級大床房:HK$371', '高級雙床房:HK$371']"
漳州明發温德姆至尊豪廷大酒店,9.0,"['高級大床房:HK$552', '高級雙床房:HK$552', '豪華大床房:HK$595', '豪華雙床房:HK$595', '豪廷房:HK$618', '豪華套房:HK$1,088']"
柏曼酒店（漳州悅滙廣場店）,9.5,"['智能榻榻米大床房:HK$233', '智能標準大床房:HK$287', '智能標準雙床房:HK$295', '夢百合0壓智能標準雙床房:HK$301']"
全季酒店（漳州長泰店）,9.6,"['高級大床房:HK$321', '商務大床房:HK$359', '高級雙床房:HK$371', '景觀大床房:HK$418']"
長泰往來莊民宿,9.1,"['六角磚·觀影舒適大床房「山景+投影儀+智能馬桶+音響」:HK$572', '森呼吸·舒適情侶大床房「山景+浴缸+沙發+bose音響」:HK$572', '數星閣·閣樓雙床房「山景竹林+浴缸+bose音響」:HK$572', '平貴·臨水Loft雙床房（湖景+陽台+bose音響）:HK$572']"
漳州閩南王府庭院式酒店,9.5,"['宜庭雙床房:HK$311', '悦庭豪華大床·觀賞房:HK$382', '妙庭豪華雙床·觀賞房:HK$382', '妙庭尊貴雙人房·庭院房:HK$449', '雅庭尊貴大床·露台房:HK$449']"
