酒店名称,评分,房型价格列表
漳州佰翔圓山酒店（古城店）,9.4,"['精品大床房-270°精品房型，暢享靜謐空間:HK$467', '豪華城景雙床房-觀景大陽台，推窗瞰城廓:HK$485', '尊貴江景大床房-商務旅居，賞一江四橋美景:HK$597', '行政雙床房-慢遊漳州·都市輕奢旅居:HK$652', '行政大床房-觀景大陽台，賞九龍江畔美景:HK$652', '家庭房-親子家庭樂享温馨大空間:HK$707']"
沐古設計師酒店,9.4,"['沐城丨城景大床房（帶深泡浴缸＋慕斯睡眠床墊）:HK$325', '沐城丨城景雙床房（慕斯睡眠床墊）:HK$358', '沐檐丨觀景尊貴大床房（深泡浴缸+100寸VIP觀影）:HK$391', '沐溪丨觀景陽台大床房（深泡浴缸+100寸VIP觀影）:HK$402']"
漳州萬達嘉華酒店,9.3,"['豪華雙床房:HK$435', '行政大床房:HK$730', '行政雙床房:HK$730', '豪華套房:HK$781', '行政套房:HK$2,088']"
維特酒店（漳州古城店）,9.2,"['雅緻大床房:HK$384', '休閑大床房:HK$404', '休閑雙床房:HK$459', '景觀大床房:HK$459']"
月泊棲城·文化行宿（漳州古城文廟店）,9.5,"['修泊:HK$283', '修文:HK$288', '修城:HK$294', '棲城:HK$300']"
修宿·僑村1956民宿,9.7,"['馬六甲|落地窗大床房:HK$291', '雅加達|落地窗全景房:HK$348', '馬尼拉|落地窗園景房:HK$348', '新山|陽台花園房:HK$362', '仰光|大陽台花園房:HK$376']"
陌上輕居酒店（漳州古城文昌門店）,9.5,"['品學·陌畔思歸大床房:HK$336', '靜逸·花雅影音大床房:HK$336', '品學·宋風花雅雙床房:HK$367', '雅緻·文廟書韻大床房:HK$367']"
漳州大酒店（古城店）,9.3,"['商務雙床房:HK$360', '商務大床房:HK$360', '酷芽豬豬俠主題商務雙床房:HK$540', '酷芽超級飛俠恐龍主題商務雙床房:HK$540', '商務套房:HK$572']"
青年陽光酒店（漳州萬達廣場店）,9.2,"['S悦享主題房【高層景觀+寫字桌+沙發茶几】:HK$213', 'S暢享舒適雙床房【高層景觀+辦公桌椅】:HK$220', 'S優享特色主題房【多種特色主題風】:HK$220', 'S日式榻榻米大床房【高層景觀+觀景陽台+休閑區】:HK$241']"
汐月閩南庭院式酒店（漳州古城店）,9.5,"['汐月大床房（舒達床墊+智能客控）:HK$393', '汐月景觀露台大床房（舒達床墊+智能客控）:HK$402', '汐月庭院大床房（户外浴缸+舒達床墊+私湯）:HK$418', '汐月雙床房（舒達床墊+語音客控）:HK$434', '汐月榻榻米標間（舒達床墊+智能馬桶）:HK$444']"
漳州薌逸·閩南藝宿酒店（漳州古城北京路店）,9.7,"['文廟熹丨雲享逸眠大床房+智能客控+零壓床墊:HK$309', '文昌門丨悦享大床房+零壓床墊+温控馬桶:HK$321', '芳華里丨沐光高級大床房+零壓床墊+陽光鬧鐘:HK$334', '騎樓街丨古城街景大床房+智能客控+零壓床墊:HK$351']"
安楠舍酒店（漳州古城店）,9.5,"['侘寂風和幸大床房（100寸騰訊VIP＋智能語音客控）:HK$461', '侘寂風浴缸大床房（100寸騰訊VIP＋智能語音客控）:HK$487', '户外陽台大床房（户外私人浴缸+100寸騰訊VIP）:HK$505', '侘寂風和喜雙床房（100寸騰訊VIP＋智能語音客控）:HK$505']"
漫雲·悦舍酒店（古城店）,9.3,"['標準大床房:HK$314', '行政大床房:HK$325', '標準雙床房:HK$325', '行政雙床房:HK$369']"
漳州裕元大酒店,9.3,"['山景大床房:HK$277', '高級雙床房:HK$277', '商務雙床房（國際知名品牌床墊＋舒適蕎麥枕）:HK$297', '山景豪華大床房（國際知名品牌床墊＋舒適蕎麥枕）:HK$308', '豪華雙床房 （國際知名品牌床墊＋舒適蕎麥枕）:HK$308']"
漳州融信皇冠假日酒店,9.2,"['城景大床房:HK$373', '城景雙床房:HK$382', '湖景雙床房:HK$457', '湖景大床房:HK$457', '行政雙床房:HK$644', '行政大床房:HK$644']"
漳州三寶開元名都酒店（古城店）,9.4,"['豪華城景大床房:HK$621', '豪華城景雙床房:HK$621', '豪華江景大床房:HK$686', '豪華江景雙床房:HK$686', '行政大床房:HK$1,123', '行政雙床房:HK$1,123']"
漳州賓館（古城店）,9.4,"['凌波樓雅緻大床房:HK$412', '凌波樓雅緻雙床房:HK$412', '天寶樓商務雙床房:HK$467', '天寶樓商務大床房:HK$467', '凌波樓商務大床房:HK$467', '凌波樓商務雙床房:HK$467']"
全季酒店（漳州勝利東路店）,9.5,"['高級大床房:HK$459', '商務大床房:HK$502', '高級雙床房:HK$545', '套房:HK$566']"
金松麗景酒店（漳州萬達店）,8.9,"['雅緻大床房[一個獨立優雅的空間]:HK$202', '雅緻雙床房 （呵護安全感+65寸大電視）:HK$214', '185°觀景大床房（不想起床的賞藍天看星空+拍照出片+看劇）:HK$226', '尊享豪華大床房[休閑的躺着看藍天白雲和城市夜景+高層沐浴陽光+拍照出片]:HK$238']"
漳州銀佳賓館（古城店）,9.3,"['雅緻-雙床:HK$300', '雅緻-大床:HK$300', '精品房-雙床B:HK$412', '精品房-大床:HK$412']"
途客數字酒店（漳州閩南水鄉福隆城店）,9.3,"['智能標準大床房 ▏靜謐空間+65寸高清電視:HK$283', '智能特惠大床房 ▏靜謐空間+65寸高清電視:HK$283', '智能高級大床房 ▏靜謐空間+65寸高清電視:HK$296', '夢百合0壓智能標準大床房:HK$296', '智能豪華大床房 ▏甄選品質+65寸高清電視:HK$321']"
漳州鑽石大酒店（古城店）,8.9,"['公務雙床房:HK$291', '公務大床房:HK$298', '商務雙床房:HK$298', '商務大床房:HK$298', '行政雙床房:HK$372']"
南山·悦舍酒店（漳州古城店）,9.4,"['鶴嶺晴煙:HK$334', '南山秋色:HK$362', '丹溪曉日:HK$363', '西浦夕陽【複式套房+獨立茶室】:HK$424']"
漳州浦口商務酒店,9.4,"['特惠寶藏房（55寸大屏電視+智能語音控制+語音電動窗簾+多重場景氛圍燈）:HK$193', '高級大床房（55寸大屏電視+智能語音控制+語音電動窗簾+多重場景氛圍燈）:HK$198', '商務雙床房（55寸大屏電視+智能語音控制+語音電動窗簾+多重場景氛圍燈）:HK$211', '商務大床房（55寸大屏電視+智能語音控制+語音電動窗簾+多重場景氛圍燈）:HK$216']"
聆海.沐晨海墅,9.9,"['雲上 | 日出全海景套房:HK$1,602', '汐音 | 日出全海景套房:HK$1,602', '沐晨.日出全海景套房:HK$1,766', '聆海.日出全海景套房:HK$2,054']"
11度假別墅（漳州古城店）,8.8,"['投影巨幕大床房:HK$315', '雅緻親子房:HK$392', '智慧親子套房:HK$440', '美墅高奢套房:HK$445']"
雙溪雙宿民宿（漳州薌城店）,9.8,"['閩南竹語 . 匠築精緻大床房『夯土傳韻＋攬月枕星』:HK$314', '薌城故里 . 拾光精緻雙床房『枕水聽溪＋閩南戲韻』:HK$622', '漳南雅筑 . 圍樓典雅大床房『古厝遺風+ 夯土築夢』:HK$687', '雙溪畫境 . 聽溪典雅雙床房『紅磚映霞＋星河伴夢』:HK$764', '土樓雲閣 . 枕月豪華套房『黛瓦流韻＋燕尾飛檐』:HK$1,092']"
花築·高陞館·民國傳承·閩南古厝·歷史文化美宿（漳州古城店）,9.7,"['靜謐大床房【空氣凈化器·小米電視】:HK$426', '古城街景大床房【小米電視·空氣凈化器】:HK$464', '浴缸大床房【小米電視·空氣凈化器·深泡浴缸】:HK$472', '星空城樓景露台大床房【大露台·空氣凈化器·小米電視】:HK$500']"
漳州弘晟酒店（古城牛莊店）,8.9,"['優享大床房:HK$207', '標準大床房:HK$226', '温馨親子房:HK$248', '標準雙床房:HK$260']"
愛客印象酒店（漳州萬達廣場店）,9.4,"['四季如春 | 沐光大床房[零壓床墊+燈光氛圍+大窗採光]:HK$226', '温馨宜人|沐光雙床房[零壓床墊+高清大屏+舒適床品]:HK$247', '温暖如意 | 智能大床房[語音控制+中央空調+舒適氛圍]:HK$268', '温馨如意 | 智能雙床房[自然採光+空氣凈化+電動窗簾]:HK$289']"
如家商旅酒店（漳州騰飛路古城店）,9.2,"['商務大床房A:HK$221', '雙床房A:HK$230', '商務大床房:HK$239', '雙床房:HK$247']"
漳州明發温德姆至尊豪廷大酒店,9.0,"['高級大床房:HK$551', '高級雙床房:HK$551', '豪華大床房:HK$594', '豪華雙床房:HK$594', '豪廷房:HK$617', '豪華套房:HK$1,085']"
星程酒店（漳州碧湖萬達廣場店）,9.2,"['高級大床房:HK$321', '高級雙床房:HK$340', '高級特大床房:HK$340', '商務大床房:HK$351']"
黛隱·良棲民宿（漳州古城店）,8.8,"['特價101舒適大床房:HK$296', '特價202舒適大床房:HK$296', '201舒適雙床房:HK$412', '301舒適大床房:HK$547']"
全季酒店（漳州悅滙廣場店）,9.4,"['高級大床房:HK$372', '商務大床房:HK$401', '高級雙床房:HK$420', '商務雙床房:HK$439']"
全季酒店（角美火車站店）,9.8,"['大床房:HK$289', '高級大床房:HK$308', '商務大床房:HK$336', '高級雙床房:HK$345']"
貴賓舍酒店（漳州百花村交易大樓龍江樂園店）,9.2,"['法式舒漫城景大床房（65寸大屏電視+零壓床墊+智能語音控制+人體感應自動馬桶+自動窗簾）:HK$287', '驚喜寶藏房（65寸大屏電視+零壓床墊+智能語音控制+自動馬桶+自動窗簾）:HK$294', '法式輕奢城景大床房（65寸大屏電視+零壓床墊+智能語音控制+人體感應自動馬桶+自動窗簾）:HK$309', '法式輕奢城景雙床房（65寸大屏電視+零壓床墊+智能語音控制+人體感應自動馬桶+自動窗簾）:HK$309']"
漳州龍海蘭歐國際酒店,8.6,"['高級大床房（高端洗護+MiNi吧）:HK$412', '高級雙床房（高端洗護+MiNi吧）:HK$412', '行政大床房（智能客控+MiNi吧+高端洗護）:HK$433', '豪華大床房（智能客控+MiNi吧+高端洗護）:HK$486', '豪華雙床房（智能客控+MiNi吧+高端洗護）:HK$486']"
雅家達酒店（漳州古城店）,9.0,"['優享雙床房:HK$242', '優享大床房:HK$254', '標準大床房:HK$269', '豪華大床房:HK$279']"
片仔癀温泉酒店,9.4,"['豪華雙床房:HK$621', '豪華大床房:HK$621', '酷芽巴啦啦小魔仙音樂主題豪華雙床房:HK$936', '酷芽超級飛俠星際主題豪華雙床房:HK$936', '酷芽豬豬俠海洋主題豪華雙床房:HK$936', '酷芽超凡小英雄主題豪華雙床房:HK$936']"
臨雲酒店（閩南水鄉店）,9.5,"['商務大床房:HK$295', '商務雙床房:HK$304', '豪華雙床房:HK$321', '商務套房:HK$372']"
麗楓酒店（漳州欣隆盛世廣場店）,9.5,"['浪漫優享房-慕思床墊+空氣凈化器:HK$338', '雅緻大床房-慕思床墊+空氣凈化器:HK$347', '豪華大床房-慕思床墊+空氣凈化器:HK$370', '商務大床房-慕思床墊+空氣凈化器:HK$417']"
安若小鎮·跡相民宿,9.6,"['山景雙床房:HK$1,002', '山景大床房:HK$1,187', '山澗浴缸大床房:HK$1,373', '童趣親子大床房:HK$1,558', '跡相景觀套房:HK$1,744']"
龍海華僑大酒店（後港古街店）,9.4,"['標準大床房:HK$306', '標準雙床房:HK$306', '主題親子房:HK$483', '豪華套房:HK$611']"
怡悦鴻大酒店（閩南水鄉店）,9.5,"['豪華大床房:HK$215', '高級大床房:HK$246', '高級雙床房:HK$254', '豪華雙床房:HK$270']"
歐暇·地中海酒店（漳州長泰凱悦廣場店）,9.6,"['歐暇大床房（深睡眠床墊+智能馬桶）:HK$315', '歐暇雙床房（深睡眠床墊+智能馬桶）:HK$315', '暇享温馨大床房（特長睡床+靜音好眠）:HK$350', '暇享親子家庭房（小童樂園+小童帳篷+親子佈置）:HK$386']"
全季酒店（漳州長泰店）,9.6,"['高級大床房:HK$312', '商務大床房:HK$349', '高級雙床房:HK$358', '景觀大床房:HK$406']"
山而棲CafeTea民宿（漳州古城文廟店）,9.6,"['鹿鳴-山山而棲大床房:HK$284', '森羅-榻榻米雙床房:HK$326', '海印:HK$435', '如雀:HK$435']"
漳州龍佳大酒店,8.9,"['雅緻温泉大床房:HK$533', '雅緻温泉雙床房:HK$540', '豪華温泉景觀大床房（帶獨立泡池）:HK$610', '豪華温泉景觀雙床房（帶獨立泡池）:HK$610', '山莊風景雙床房:HK$678', '小熊尼奧温泉大床房:HK$686']"
古城巷韻民宿（漳州古城店）,9.2,"['深慄｜204情侶房:HK$261', '棠梨｜205蠟筆小新主題親子房:HK$261', '檀褐｜206大落地窗深睡房:HK$261', '蒼艾｜203日系復古主題大床房:HK$268']"
