酒店名称,评分,房型价格列表
棠梨褐酒店（濟南大明湖趵突泉店）,9.5,"['雅緻大床房（智能客控+靜享安睡時刻）:HK$491', '碧山大床房（智能客控+繁華都市景色）:HK$524', '沁馨大床房（智能客控+寬敞舒適空間）:HK$557', '碧山雙床房（智能客控+靜享安睡時刻）:HK$633', '沁馨雙床房（智能客控+靜享安睡時刻）:HK$688']"
濟南趵突泉亞朵S酒店,9.6,"['雅緻大床房（小冰箱+投屏電視）:HK$529', '高級大床房（小冰箱+智能馬桶+投屏電視）:HK$656', '高級雙床房（小冰箱+可拼床+投屏電視）:HK$709', '行政城景大床房（俯瞰護城河+深睡PRO枕+小冰箱）:HK$745', '行政城景雙床房（俯瞰護城河+深睡PRO枕+小冰箱）:HK$772']"
濟南子曰·明湖酒店,9.7,"['子曰豪華大床房:HK$887', '子曰豪華雙床房:HK$989', '子曰LOFT精選大床房:HK$1,018', '子曰庭院大床房:HK$1,018', '安眠·舒睡行政大床房:HK$1,072']"
喬治莫蘭迪酒店（濟南唐冶盛唐薈店）,9.7,"['高級大床房（智能客控+電視投屏+深睡羽絨床品）:HK$360', '時尚大床房（智能客控+電視投屏+深睡羽絨床品）:HK$382', '商務大床房（智能客控+電視投屏+智能馬桶）:HK$404', '精緻雙床房（智能客控+電視投屏+深睡羽絨床品）:HK$415', '尊享大床房（電視投屏+小冰箱+浴缸+獨立會客廳）:HK$458']"
濟南濟陽希爾頓歡朋酒店,9.5,"['舒適標準間:HK$373', '舒適大床房:HK$373', '純凈大床房:HK$441', '高級大床房:HK$442', '高級標準間:HK$442']"
濟南泉城廣場寬厚里亞朵酒店,9.7,"['雅緻大床房（小冰箱+投屏電視+智能馬桶）:HK$484', '高級大床房（小冰箱+投屏電視+智能馬桶）:HK$529', '高級雙床房（小冰箱+投屏電視+智能馬桶）:HK$529', '行政大床房（小冰箱+投屏電視+智能馬桶）:HK$593', '幾木大床房（深睡PRO枕+小冰箱+投屏電視+智能馬桶）:HK$683']"
濟南火車站希爾頓歡朋酒店,9.6,"['舒適大床房:HK$442', '舒適雙床房:HK$442', '高級大床房:HK$470', '高級雙床房:HK$470', '豪華大床房:HK$518']"
泉水人家民宿（濟南大明湖店）,9.3,"['流杯5號大床房:HK$525', '流杯2號院景大床房:HK$578', '爭渡2號院景大床房:HK$610', '爭渡1號院景大床房:HK$610', '爭渡3號院景大床房:HK$610']"
桔子酒店（濟南CBD中央商務區店）,9.7,"['樂活大床房（智能客控）:HK$351', '月若流金雙床房（智能客控）:HK$351', '加州陽光大床房（智能客控）:HK$370', '月若流金高級大床房（智能客控）:HK$390']"
尚泉歷舍第一泉文化酒店（趵突泉店）,9.6,"['無窗大床房:HK$392', '舒適大床房:HK$436', '街景榻榻米大床房:HK$468', '街景大床房:HK$544', '露台大床房:HK$654', '枕水大床房:HK$654']"
濟南大明湖花園路亞朵酒店,9.7,"['雅緻大床房（小冰箱+電視投屏）:HK$395', '雅緻雙床房（小冰箱+電視投屏+可拼床）:HK$395', '高級大床房（小冰箱+電視投屏）:HK$413', '高級雙床房（小冰箱+電視投屏+可拼床）:HK$413', '行政雙床房（小冰箱+電視投屏+可拼床）:HK$431']"
濟南大明湖景區輕居酒店,9.7,['標準大床房（智能客控+投屏+小冰箱+獨立空調）:HK$490']
濟南大明湖東關大街亞朵X酒店,9.6,"['雅緻大床房（天景通風采光）:HK$387', '高級大床房（品牌床墊+投屏電視）:HK$418', '雅緻雙床房（天景通風采光）:HK$439', '行政大床房（品牌床墊+投屏電視+小冰箱）:HK$448', '高級雙床房（品牌床墊+投屏電視）:HK$489']"
喬治莫蘭迪酒店（濟南奧體中路新濼大街店）,9.6,"['雅緻雙床房『智能語音客控+零壓床墊』:HK$368', '雅緻大床房『智能語音客控+全身鏡』:HK$388', '露台景觀大床房『私享露台+MI 空氣凈化器』:HK$399', '豪華雙床房『智能語音客控+MI 空氣凈化器』:HK$430', '尊享浴缸大床房『泡泡浴套裝+ 雲水•茶空間』:HK$471']"
如家商旅酒店（濟南遙牆國際機場店）,9.7,"['雙床房（智能投屏）:HK$254', '商務大床房（智能投屏）:HK$254', '高級大床房（智能投屏）:HK$271', '高級雙床房（智能投屏）:HK$271']"
濟南大明湖泉城路亞朵酒店,9.6,"['雅緻大床房（投屏電視+小冰箱+智能馬桶）:HK$457', '高級大床房（投屏電視+小冰箱+智能馬桶）:HK$502', '高級影音大床房（幕布投影+小冰箱+智能馬桶）:HK$502', '行政大床房（投屏電視+小冰箱+智能馬桶）:HK$529', '幾木園景大床房（深睡PRO枕+投屏+小冰箱+智能馬桶）:HK$593']"
喬治莫蘭迪酒店（濟南大明湖火車站店）,9.4,"['商務大床房（電視投屏+零壓床墊）:HK$433', '雅緻大床房（繁華都市景色+靜享安睡時刻）:HK$468', '商務雙床房（電視投屏+零壓床墊）:HK$493', '行政雙床房:HK$529', '尊享大床房（小冰箱+康乃馨羽絨枕）:HK$546']"
濟南怡豪大飯店（泉城廣場趵突泉店）,9.6,"['高級雙床房:HK$578', '高級大床房:HK$578', '豪華景觀雙床房:HK$643', '豪華景觀大床房:HK$643', '行政大床房:HK$864', '豪華家庭房（沙發床）:HK$1,081']"
沃德酒店（濟南CBD萬象城店）,9.5,"['商務大床房:HK$324', '雅緻大床房:HK$347', '雅緻雙床房:HK$369', '行政大床房:HK$369', '雅緻家庭房:HK$460']"
山東政協大廈維景大酒店（大明湖泉城廣場店）,9.6,"['豪華大床房:HK$528', '豪華雙床房:HK$582', '精緻大床房:HK$590', '行政豪華大床房:HK$634', '泰迪珍藏大床房:HK$834']"
濟南吉華大廈（泉城廣場趵突泉店）,9.6,"['輕奢宿心雙床房（烘乾衣架）:HK$413', '輕奢宿心大床房（烘乾衣架）:HK$413', '臻享影院大床房（100寸投影）:HK$499', '悦享景觀大床房（空氣凈化器+智能馬桶）:HK$499', '泉城印象雙床房:HK$521']"
濟南國博城綠地鉑驪酒店,9.4,"['高級雙床房:HK$534', '高級大床房:HK$534', '豪華大床房:HK$589', '豪華雙床房:HK$589', '豪華套房:HK$1,081']"
沃德酒店（濟南泉城廣場寬厚裏店）,9.5,"['商務大床房:HK$412', '商務雙床房:HK$412', '雅緻大床房（智能馬桶+小冰箱）:HK$457', '雅緻雙床房（智能馬桶+小冰箱）:HK$483']"
沃德酒店（濟南鳳鳴路鮑山地鐵站店）,9.5,"['雅緻大床房（深睡慕思床品+小冰箱+智能投屏）:HK$306', '商務大床房（深睡慕思床品+智能投屏）:HK$325', '商務雙床房（深睡慕思床品+智能投屏+停車無憂）:HK$335', '雅緻雙床房（深睡慕思床品+小冰箱+智能投屏）:HK$365', '景觀大床房（觀景露台+深睡慕思床品+冰箱+智能投屏）:HK$396']"
濟南趵突泉漫心府,9.7,"['心怡標準大床房:HK$563', '心悦高級大床房:HK$604', '心夢尊享大床房:HK$643', '心享豪華大床房:HK$684', '心享豪華雙床房:HK$724']"
濟南泉城大酒店（泉城廣場大明湖店）,9.6,"['豪華大床房:HK$447', '豪華雙床房:HK$447', '泉城智能雙床房-智能客控+小冰箱:HK$555', '泉城智能大床房-智能客控+小冰箱:HK$567', '親子大床房:HK$588']"
濟南大觀園亞朵酒店,9.8,"['高級雙床房（投屏電視+小冰箱+智能馬桶）:HK$471', '雅緻大床房（投屏電視+小冰箱+智能馬桶）:HK$471', '高級大床房（投屏電視+小冰箱+智能馬桶）:HK$484', '行政大床房（投屏電視+小冰箱+智能馬桶）:HK$511', '高級親子雙床房（投屏電視+小冰箱+智能馬桶）:HK$511']"
濟南西站東廣場亞朵酒店,9.8,"['高級雙床房（語音客控+空氣凈化器）:HK$413', '雅緻大床房（語音客控+空氣凈化器）:HK$413', '高級大床房（語音客控+空氣凈化器）:HK$422', '行政大床房（語音客控+空氣凈化器+小冰箱）:HK$448', '行政雙床房（語音客控+空氣凈化器+小冰箱）:HK$448']"
喬治莫蘭迪酒店（濟南奧體西路店）,9.6,"['商務大床房:HK$386', '雅緻大床房:HK$417', '豪華大床房:HK$467', '豪華雙床房:HK$467', '尊享套房:HK$508']"
和頤至尚酒店（濟南大明湖趵突泉店）,9.6,"['大床房（智能馬桶+保險箱+可投屏電視+化粧鏡）:HK$377', '商務大床房（智能馬桶+小冰箱+保險箱+可投屏電視）:HK$413', '雙床房（智能馬桶+小冰箱+保險箱+可投屏電視）:HK$431', '高級大床房（智能馬桶+小冰箱+保險箱+可投屏電視）:HK$450', '高級雙床房（智能馬桶+保險箱+可投屏電視）:HK$467']"
尚泉歷舍（濟南大明湖景區店）,9.5,"['舒適大床房:HK$621', '叢林鴨主題房:HK$654', '榻榻米大床房:HK$731', '景觀大床房:HK$764', '特色景觀大床房:HK$802']"
濟南高新希爾頓歡朋酒店,9.6,"['舒適雙床房:HK$491', '舒適大床房:HK$500', '高級大床房:HK$575', '高級雙床房:HK$575', '高級親子家庭房:HK$672']"
濟南開元名都大酒店,9.8,"['開元雙床房:HK$525', '開元大床房:HK$569', '市景大床房:HK$613', '市景雙床房:HK$613', '行政大床房:HK$722']"
濟南銀豐華美達酒店,9.6,"['高級大床房:HK$595', '高級雙床房:HK$595', '高層景觀大床房（含洗烘機+微波爐+冰箱等）:HK$616', '豪華大床房:HK$645', '行政大床房:HK$694', '高級套房:HK$794']"
濟南中豪大酒店（泉城廣場大明湖店）,9.6,"['悦享豪華雙床房:HK$416', '悦享豪華大床房:HK$458', '臻享行政雙床房:HK$521', '臻享行政大床房:HK$521', '樂享智慧大床房[小度智能音箱+電動窗簾+金可兒床墊]:HK$573']"
禧悦東方酒店（濟南漢峪金谷店）,9.5,"['商務雙床房:HK$631', '商務大床房:HK$686', '豪華雙床房:HK$708', '豪華大床房:HK$763', '高級套房:HK$894', '夢幻之境親子小童家庭套房:HK$1,277']"
8號院民宿（大明湖泉城廣場店）,9.4,"['悦享大床房（超大床+悠漾浴缸）:HK$610', '優享雙床房（三區分離+舒適空間）:HK$643', '舒享大床房（智能客控+香道體驗）:HK$643', '尊享大床房（藍牙音響+品牌衞浴）:HK$665', '漫享親子房（主題房+小童玩具）:HK$665']"
濟南山東大學中心校區輕居酒店,9.9,"['標準大床房（65寸電視投屏+智能客控+深睡床品+冰箱）:HK$368', '標準雙床房（65寸電視投屏+智能客控+深睡床品+冰箱）:HK$395', '精選大床房（65寸電視投屏+智能客控+深睡床品+冰箱）:HK$404', '精選家庭房（65寸電視投屏+智能客控+深睡床品+冰箱）:HK$440']"
寬簡酒店（濟南西站山東國際會展中心店）,9.6,"['智能舒眠大床房（全屋智能-舒達床墊-全系配備小冰箱）:HK$369', '智能舒眠雙床房（全屋智能-舒達床墊-全系配備小冰箱）:HK$382', '謐境｜煥活大床房（全房型標配舒達床墊-電動窗簾）:HK$399', '簡雅｜商務雙床房（乾濕分離-舒達床墊-電動馬桶）:HK$399', '童趣｜親子主題房（小童洗漱包-小童繪本-小童帳篷）:HK$429']"
山東麗天大酒店,9.5,"['靜雅雙床房（獨立封裝毛巾浴巾）:HK$394', '靜雅大床房（獨立封裝毛巾浴巾）:HK$405', '雅緻雙床房（Room Plus洗護+隔光窗簾）:HK$418', '雅緻大床房（Room Plus洗護+隔光窗簾）:HK$418', '商務大床房（辦公桌椅+高速WIFI）:HK$481']"
濟南泉城廣場趵突泉亞朵X酒店,9.4,"['雅緻大床房（電視投屏）:HK$413', '高級雙床房（電視投屏）:HK$448', '高級大床房（電視投屏）:HK$466', '行政雙床房（小冰箱+電視投屏）:HK$511', '行政大床房（小冰箱+電視投屏）:HK$529']"
山東健康麗呈酒店（大明湖泉城廣場店）,9.4,"['雅緻雙床房:HK$410', '雅緻大床房:HK$410', '明湖印象大床房:HK$454', '明湖印象雙床房:HK$454', '尊享雙床房:HK$498']"
沃德酒店（濟南泉城廣場大明湖店）,9.3,"['靜享大床房:HK$459', '靜享雙床房:HK$487', '雅緻大床房:HK$534', '雅緻雙床房:HK$544', '行政大床房（零壓床墊+小冰箱）:HK$574']"
喬治莫蘭迪酒店（濟南山東大學印象城店）,9.6,"['商務大床房（小度智能客控+電視投屏+靜享舒適床品）:HK$335', '雅緻大床房（小度智能客控+電視投屏+靜享舒適睡眠）:HK$372', '商務雙床房（小度智能客控+電視投屏+靜享舒適雙床）:HK$377', '豪華大床房（小度智能客控+浪漫浴缸+靜享安眠時刻）:HK$419', '豪華雙床房（小度智能客控+電視投屏+靜享超大雙床）:HK$433']"
全季酒店（濟南趵突泉店）,9.6,"['高級大床房:HK$398', '雙床房:HK$464', '商務大床房:HK$473', '舒壓-雙床房:HK$492']"
溫德姆花園酒店（濟南西站店）,9.8,"['商務大床房:HK$480', '商務雙床房:HK$480', '行政大床房:HK$524', '行政雙床房:HK$524', '豪華大床房:HK$655']"
濟南大明湖北園大街亞朵酒店,9.7,"['雅緻大床房（小冰箱+投屏電視）:HK$368', '高級雙床房（小冰箱+投屏電視+雙拼床）:HK$395', '高級大床房（小冰箱+投屏電視）:HK$395', '行政大床房（小冰箱+投屏電視）:HK$413', '幾木雙床房（小冰箱+投屏電視+雙拼床+深睡PRO枕）:HK$431']"
全季酒店（濟南遙牆國際機場店）,9.4,"['大床房:HK$355', '高級雙床房:HK$404', '高級大床房:HK$424', '舒壓高級雙床房:HK$434']"
濟南子曰·美秀酒店,9.6,"['子曰高級雙床房（智能客控+功夫茶具）:HK$609', '子曰高級大床房（智能客控+功夫茶具）:HK$609', '安眠·行政智能雙床房（智能床墊，深度睡眠）:HK$653', '安眠·行政智能大床房（智能床墊，深度睡眠）:HK$653', '子曰輕奢浴缸大床房（尊享私密浴缸空間）:HK$697', '安眠•深睡輕奢浴缸大床房（負氧離子床墊+睡眠檢測儀+白噪音機）:HK$716']"
濟南山東國際會展中心宜家亞朵酒店,9.7,"['雅緻大床房（智能小度+投屏電視+高層景觀）:HK$368', '高級大床房（智能小度+投屏電視+高層景觀）:HK$413', '高級雙床房（智能小度+投屏電視+高層景觀）:HK$440', '幾木大床房（智能小度+投屏電視+小冰箱+高層景觀）:HK$457', '幾木雙床房（智能小度+深睡PRO枕+小冰箱+高層景觀）:HK$484']"
