酒店名称,评分,房型价格列表
濱州府右街希爾頓歡朋酒店,9.7,"['舒適大床房:HK$379', '舒適雙人房:HK$384', '高級大床房:HK$404', '高級雙床房:HK$423', '豪華大床房:HK$564']"
途客輕居酒店,10.0,"['途享雙床房（智能客控）:HK$174', '途奢雙床房（智能客控）:HK$174', '途享大床房（智能客控）:HK$178', '途奢大床房（智能客控）:HK$178']"
濱州佰盛國際酒店（萬達店）,9.5,"['特價雙床房（半窗）:HK$227', '豪華大床房:HK$282', '豪華雙床房:HK$282']"
濱州濱城萬達廣場美侖酒店,9.8,"['高級雙床房（小冰箱＋65寸可投屏電視）:HK$349', '商務雙床房（小冰箱＋65寸可投屏電視）:HK$369', '高級大床房（小冰箱＋65寸可投屏電視）:HK$378', '商務大床房（小冰箱＋65寸可投屏電視）:HK$397', '豪華雙床房（小冰箱＋65寸可投屏電視）:HK$406']"
濱州希爾頓歡朋酒店,9.8,"['舒適雙床房:HK$356', '舒適大床房:HK$368', '高級雙床房:HK$452', '高級大床房:HK$463', '歡友房—配親子沙發床:HK$487']"
全季酒店（濱州渤海十一路醫學院店）,9.6,"['高級大床房（智能客控）:HK$271', '高級雙床房（智能客控）:HK$285', '高級特大床房（智能客控）:HK$345', '套房（智能客控）:HK$384']"
濱州貴苑大酒店,9.2,"['特惠標準房（無窗）:HK$246', 'A座商務大床房:HK$272', 'A座商務標準間:HK$272', 'B座商務標準間:HK$347', 'B座商務大床房:HK$347']"
濱州銀茂大酒店,9.3,"['經濟舒適房:HK$173', '商務標準間:HK$194', '商務單人間:HK$198', '夢百合零壓大床房:HK$216']"
希岸酒店（濱州渤海國際廣場黃河五路店）,9.7,"['玲瓏大床房（智能客控）:HK$209', '希岸商務大床房（智能客控）:HK$217', '希岸豪華雙床房（智能客控）:HK$221', '希岸豪華大床房（智能客控）:HK$226']"
濱州大飯店,9.1,"['6號樓公寓商務一室一廳大床房:HK$216', '公寓6號樓—精緻一室一廳大床房:HK$249', '特惠大床房:HK$281', '特惠雙床房:HK$281', '公寓6號樓—海景兩室一廳雙床房:HK$282', '普通大床房:HK$302']"
格林東方酒店（濱州中海國際會展中心店）,9.5,"['東方高級大床房:HK$260', '東方高級雙床房:HK$270', '豪華大床房:HK$300', '豪華雙床房:HK$300']"
濱州中心智選假日酒店（萬達廣場店）,9.3,"['高級房 超大床（斯林百蘭床墊）:HK$284', '高級房 2張雙人床（斯林百蘭床墊）:HK$284', '高級房（斯林百蘭床墊）:HK$293', '高級房·超大床（城市景觀）（斯林百蘭床墊）:HK$321', '高級房 超大床 無障礙（斯林百蘭床墊）:HK$342']"
維也納國際酒店（濱州帝堡廣場銀座茂店）,9.6,"['標準大床房:HK$283', '標準雙床房:HK$293', '商務大床房:HK$302', '商務雙床房:HK$305']"
藍海御華大飯店（濱州中海湖畔店）,9.5,"['2號樓商務雙床房:HK$348', '2號樓商務大床房:HK$392', '2號樓雅緻雙床房:HK$404', '2號樓雅緻大床房:HK$426', '2號樓豪華雙床房:HK$448', '2號樓豪華大床房:HK$470']"
桔子酒店（濱州萬達廣場店）,9.7,"['月若流金高級雙床房（65寸電視投屏+智能客控+小冰箱）:HK$314', '月若流金高級大床房（65寸電視投屏+智能客控+小冰箱）:HK$323', '月若流金豪華雙床房（65寸電視投屏+智能客控+小冰箱）:HK$323', '加州陽光高級大床房（65寸電視投屏+智能客控+小冰箱）:HK$332']"
維納斯皇家酒店（濱州黃河十二路店）,9.6,"['豪華大床房:HK$283', '豪華雙床房:HK$283', '行政大床房:HK$312', '行政雙床房:HK$312']"
漢庭酒店（濱州黃河八路人民醫院店）,9.9,"['大床房:HK$187', '雙床房:HK$196', '高級大床房:HK$205', '套房:HK$252']"
濱州佳泰飯店,8.4,"['特價大床房:HK$155', '豪華大床房:HK$218', '標準間:HK$218', '奢華大床房:HK$249']"
漢庭酒店（濱州中百大廈店）,9.7,"['大床房:HK$170', '雙床房:HK$189', '高級大床房:HK$189', '舒壓-大床房:HK$198']"
濱州青藤源大飯店,8.2,"['高級標準間:HK$217', '高級大床房:HK$316', '豪華標準間:HK$348', '豪華大床房:HK$348', '行政大床房:HK$392']"
渤海國際酒店,9.7,"['豪華大床房（全屋智能+中央空調）:HK$253', '尊貴大床房（全屋智能+中央空調）:HK$271', '尊貴雙床房（全屋智能+中央空調）:HK$271', '行政雙床房（全屋智能+中央空調）:HK$295']"
雲枕酒店（山東航空學院店）,9.1,"['拾光岸丨特惠房（地暖）:HK$147', '景韻丨特色影音大床房:HK$147', '簡約丨舒睡大床房（地暖）:HK$156', '簡約丨舒睡雙床房（地暖）:HK$156']"
源計劃電競酒店（濱州山東航空學院店）,9.4,"['豪華大床房情侶開黑房（3060+12400f+2K144Hz）:HK$227', '雙人開黑標準間（3060+12400f+2K144Hz）:HK$227', '三人遊戲開黑小分隊[（3060+12400f+2k144hz）:HK$288', '四人吃雞小分隊間（3060+12400f+2k144hz）:HK$376']"
麗楓酒店（濱州黃河八路人民醫院店）,9.5,"['標準單人房（香薰儀/地暖）:HK$217', '豪華雙床房（香薰儀/地暖）:HK$226', '豪華大床房（香薰儀/地暖）:HK$235', '豪華影音大床房:HK$250']"
怡佳麗都酒店（濱州人民醫院大潤發店）,9.3,"['靜思齋·靜謐雅緻大床房（暖氣開放丨床品舒適）:HK$79', '雅韻軒·靜謐悠享雙床房（暖氣開放丨乾淨整潔）:HK$82', '尊榮府·行政商務大床房（暖氣開放）:HK$92', '文淵居·商務精英雙床房（暖氣開放丨獨立衞浴）:HK$98']"
寄予酒店（濱州汽車總站廣場店）,9.0,"['特惠丨雅緻大床房【酒店公區提供自助洗衣機】:HK$93', '特惠丨雅緻雙床房【酒店公區提供自助洗衣機】:HK$95', '舒適丨陽光大床房【辦公桌椅】:HK$101', '舒適丨陽光雙床房【辦公桌椅】:HK$104']"
蝸居民宿,9.7,"['舒適大床房:HK$89', '特惠大床房:HK$108', '舒適雙床房:HK$141', '豪華大床套房:HK$163']"
簡愛民宿,9.8,"['簡愛·兩居大床房（302室）:HK$216', '簡愛·兩居大床房603:HK$216', '簡愛·兩居大床房803室:HK$216', '簡愛·兩居大床房1302室:HK$216']"
濱州大學飯店,9.4,"['行政標間:HK$319', '豪華單間:HK$444', '行政套房:HK$444']"
名雅酒店（渤海國際廣場店）,9.3,"['大床房（智能客控）:HK$86', '雙床房（智能客控）:HK$95', '豪華大床房（智能客控+55寸電視投屏）:HK$105', '豪華雙床房（智能客控+55寸投屏電視）:HK$114']"
濱州愛慕輕奢公寓,9.6,"['慕輕朗大床房:HK$102', '慕輕雅大床房:HK$111', '慕輕韻大床房:HK$121', '慕輕享大床房:HK$130']"
維也納酒店（濱州沾化潤澤廣場店）,9.6,"['豪華大床房（休閑茶室）:HK$256', '商務大床房（休閑茶室）:HK$267', '行政大床房（休閑茶室）:HK$286', '行政雙床房（休閑茶室）:HK$286']"
格林豪泰酒店（濱州萬達廣場黃河十路店）,8.7,"['高級大床房（全屋智能客控）:HK$171', '豪華大床房（全屋智能客控）:HK$180', '高級雙床房（全屋智能客控）:HK$192', '格林星幕大床房【巨幕投影+全屋智能客控】:HK$202']"
濱州鼎鑫賓館,9.4,"['優選標準間（暖氣）:HK$75', '優選大床房（暖氣）:HK$82', '精選標準間（暖氣）:HK$85', '三人間（暖氣）:HK$108']"
濱州佳誼酒店（山東航空學院店）,9.0,"['特惠大床房:HK$99', '特惠雙床房:HK$108', '商務雙床房:HK$133', '家庭房:HK$140']"
楊梅酒店,8.4,"['智選大床房:HK$91', '特價大床房:HK$96', '智選雙床房:HK$123', '智選母子間:HK$145']"
尚客優酒店（濱州濱北店）,9.0,"['商務大床房:HK$104', '特價大床房:HK$108', '高級單間:HK$109', '商務雙床房:HK$110']"
VTOPBG電競酒店,7.3,"['大床房（卓威或外星人240Hz+4070Ti）:HK$324', '雙床房（卓威或外星人240Hz+4070Ti）:HK$324', '電競三人間（卓威或外星人240Hz+4070Ti）:HK$421', '電競四人間（卓威或外星人240Hz+4070Ti）:HK$544']"
漢庭酒店（濱州沾化人民廣場店）,9.3,"['大床房:HK$207', '高級大床房A:HK$207', '高級大床房:HK$236', '高級雙床房:HK$236']"
濱州黃河謠假日酒店,9.3,"['特價套房:HK$516', '普通套房:HK$617', '家庭套房:HK$668', '商務套房:HK$751']"
濱州曙光鉑尊酒店,9.7,"['高級大床房:HK$342', '豪華大床房:HK$364', '豪華雙床房:HK$364', '商務大床房:HK$394', '商務雙床房:HK$394', '行政雙床房:HK$411']"
濱州聚力賓館,10.0,"['標準特價房:HK$63', '標準大床房:HK$74', '標準雙床間:HK$85', '豪華大床房:HK$85']"
都市花園酒店（沾化店）,8.7,"['花園雅緻大床房:HK$175', '花園雅緻雙床房:HK$193', '花園尊享零壓雙床房:HK$213', '花園零壓尊享大床房:HK$213']"
貝殼酒店（濱州沾化商場路店）,9.0,"['時尚大床房:HK$93', '時尚高級大床房:HK$113', '時尚高級雙床房:HK$124', '時尚家庭房:HK$134']"
濱州同程商務賓館,8.6,"['經濟大床房（無窗）:HK$86', '惠選雙床房:HK$97', '惠選大床房:HK$97', '精選大床房:HK$100']"
棲居•花園民宿（黃河二路店）,7.7,"['星辰大海大床房:HK$93', '心有繁花大床房:HK$93', '玫瑰之約大床房:HK$93', '心情驛站大床房:HK$93']"
濱州供銷賓館,8.8,"['普通雙人間（公共衞浴）:HK$47', '普通大床房（公共衞浴）:HK$47', '大床房:HK$68', '標準間:HK$71']"
輕住·君源精品酒店（山東航空學院店）,6.9,"['簡約大床房:HK$111', '情侶房:HK$111', '優選標準間:HK$117', '優選大床房:HK$119']"
濱州靜園賓館,5.7,"['普通大床房:HK$33', '普通雙人間:HK$33', '普通三人間（公共衞浴）:HK$52', '標準大床房:HK$62']"
濱州新萬里快捷酒店（渤海二十一路店）,2.9,"['大床房:HK$72', '標準大床房:HK$73']"
