酒店名称,评分,房型价格列表
無錫君來湖濱飯店,9.5,"['A樓標準雙床房:HK$546', 'A樓標準大床房:HK$655', 'B樓高級雙床特價房:HK$655', 'B樓高級大床特價房:HK$655', 'A樓標準湖景雙床房:HK$765', 'B樓高級雙床房:HK$873']"
無錫南長街亞朵S酒店,9.6,"['高級大床房:HK$510', '行政大床房:HK$560', '幾木大床房:HK$622', '幾木養生大床房:HK$682', '高級雙床房:HK$792']"
無錫諾富特酒店,9.7,"['高級雙床房:HK$470', '高級大床房:HK$489', '豪華雙床房:HK$509', '豪華大床房:HK$528', '嘉賓高級大床房:HK$592']"
美麗豪酒店（無錫廣益東亭店）,9.7,"['高級城景大床房（全景落地窗+電視投屏+小冰箱）:HK$352', '高級城景雙床房（全景落地窗+電視投屏+小冰箱）:HK$352', '行政城景大床房（全景落地窗+電視投屏）:HK$383', '行政城景雙床房（全景落地窗+電視投屏+小冰箱）:HK$383', '豪華城景大床房（全景落地窗+電視投屏+小冰箱）:HK$435']"
楓雨（無錫三陽廣場南長街店）,9.6,"['單間公寓式客房:HK$393', '高層單間公寓式客房:HK$448', '城市景觀公寓式客房:HK$502', '崇安寺景觀公寓式客房:HK$557', '270度高層無敵景觀公寓式客房:HK$666']"
SY·宿也高空觀景設計師度假美宿（無錫濱湖萬象滙太湖西大道店）,9.6,"['寶藏·幸運觀景房【全新貢緞床品+影視會員】:HK$338', '含月·高空觀景大床房【雙人浴缸+巨幕影院+戴森吹風機】:HK$348', '極簡·高空湖景包豪斯一室一廳套房【雲端觀景+私享影院+戴森吹風機】:HK$403', '清風·180度無敵高空觀景一室一廳套房【雲端觀景+巨幕觀影+戴森吹風】:HK$414']"
無錫海岸城亞朵酒店,9.6,"['高級大床房:HK$531', '高級雙床房:HK$551', '行政大床房:HK$570', '幾木大床房:HK$638', '幾木雙床房:HK$638']"
雲韻·星閣Hotel（無錫三陽廣場火車站店）,9.4,"['雲際·高空舒適大床房（高空景觀+安靜好眠+影視會員）:HK$496', '雲上·高空觀景大床房（智能客控+零壓床墊+影視會員）:HK$533', '雲端·高空夜景投影房（激光投影+影視會員+地標夜景）:HK$609', '270°環幕全景套房『全視野觀景+璀璨樑溪+靜謐無擾』:HK$671']"
雅麗豪酒店（樑溪萬達火車站店）,9.2,"['商務大床房（全景落地窗）:HK$311', '精緻雙床房（全景落地窗）:HK$332', '高級大床房（全景落地窗）:HK$354', '高級雙床房（全景落地窗）:HK$354', '豪華大床房（全景落地窗）:HK$396']"
無錫新區太湖大道亞朵X酒店,9.6,"['高級雙床房:HK$400', '高級大床房:HK$421', '行政大床房:HK$471', '幾木雙床房:HK$481', '幾木大床房:HK$500']"
無錫太湖飯店,9.7,"['高級大床房:HK$765', '高級雙床房:HK$765', '高級園景大床房:HK$852', '高級園景雙床房:HK$852', '豪華大床房:HK$896', '豪華雙床房:HK$896']"
漫湖雲帆·公寓（太湖店）,9.7,"['高級大床房:HK$326', '高級雙床房:HK$370', '雲帆·城景套房:HK$402', '雲帆·270°景觀套房:HK$435']"
無錫雲隱東方·莫宅酒店,9.6,"['雲居沐陽大床房:HK$1,005', '雲舍幽靜雙床房:HK$1,092', '雲熙園景大床房:HK$1,310', '雲熙院景大床房:HK$1,421', '雲居家庭房:HK$1,836', '雲奢儒雅家庭房:HK$2,620']"
無錫南長街三陽廣場輕居酒店,9.6,"['舒適大床房（內窗-65寸投屏電視-亞朵裸眠床品）:HK$359', '精選大床房（小冰箱-投屏電視-JOLOVES洗護用品）:HK$390', '標準雙床房（內窗-65寸投屏電視-JOLOVES洗護用品）:HK$390', '高級大床房（深睡枕Pro-小冰箱-LELABO洗護用品）:HK$440']"
無錫南長古韻漫心府,9.7,"['心怡標準大床房（智能客控+金可兒床墊+MiniBAR）:HK$632', '心悦高級大床房（全景落地窗+智能客控+MiniBAR）:HK$713', '心夢尊享大床房（舒適浴缸+智能客控+MiniBAR）:HK$793', '心享豪華雙床房（全景落地窗+智能客控+MiniBAR）:HK$814', '特色院景大床房（獨立小院+舒適浴缸+全景落地窗）:HK$874']"
無錫德根飯店（三陽廣場南長街店）,9.3,"['商務單人房-舒適淋浴:HK$468', '高級大床房-高樓層:HK$501', '高級雙床房-靠窗沙發:HK$501', '高級影音大床房-無線投屏:HK$556', '高級影音雙床房-無線投屏:HK$556', '豪華大床房-超大床:HK$589']"
無錫三陽廣場亞朵酒店,9.6,"['高級雙床房:HK$521', '高級大床房:HK$531', '行政大床房:HK$591', '幾木雙床房:HK$622', '幾木大床房:HK$661']"
無錫三陽廣場CitiGO歡閣酒店（勝利門店）,9.7,"['歡享大床房[智能客控+小冰箱+電視可投屏]:HK$472', '歡閣大床房[智能客控+小冰箱]:HK$492', '歡享雙床房[智能客控+小冰箱+電視可投屏]:HK$492', '歡閣雙床房[智能客控+小冰箱]:HK$512', '歡閣高級大床房[智能客控+小冰箱+電視可投屏]:HK$522']"
無錫太科園震澤路亞朵酒店,9.5,"['高級大床房（小冰箱+智能客控）:HK$421', '高級雙床房（小冰箱+智能客控）:HK$421', '行政大床房（小冰箱+智能客控）:HK$450', '行政雙床房（小冰箱+智能客控）:HK$450', '尊享大床房（小冰箱+智能客控）:HK$481']"
無錫詩曼汀公寓（三陽廣場店）,9.3,"['精緻城景大床房（鵝絨被+冰箱）:HK$374', '高層影院大床房:HK$380', '精緻夜景公寓式大床房:HK$394', '高層夜景大床房:HK$441']"
全季酒店（三陽廣場南長街店）,9.6,"['大床房【電視投屏+智能客控】:HK$386', '高級大床房A【電視投屏+智能客控】:HK$391', '高級雙床房【電視投屏+智能客控】:HK$406', '高級大床房【電視投屏+智能客控】:HK$416']"
無錫拈家灣客棧（靈山大佛拈花灣店）,9.9,"['忘憂高級大床房（星光城堡帳篷）:HK$279', '歸心雅緻榻榻米房（零壓床墊+180°觀山景陽台）:HK$296', '拾憶豪華大床房（泡泡燈暖帳篷＋品茗茶桌）:HK$314', '望月豪華大床房（藤織吊椅＋品茗茶桌）:HK$314']"
桔子酒店（無錫三陽廣場南長街店）,9.7,"['大床房【65寸電視投屏+智能客控】:HK$315', '商務大床房【65寸電視投屏+智能客控】:HK$331', '高級大床房【65寸電視投屏+智能客控】:HK$341', '高級雙床房【65寸電視投屏+智能客控】:HK$341', '月若流金精選雙床房【65寸電視投屏+智能客控】:HK$362']"
無錫魯能萬豪酒店,9.6,"['豪華雙床房:HK$1,210', '豪華大床房:HK$1,210', '高級豪華雙床房:HK$1,274', '高級豪華大床房:HK$1,274', '尊享湖景雙床房:HK$1,528', '尊享湖景大床房:HK$1,528']"
無錫羅卡斯酒店（南長街店）,9.5,"['新尚·主題房:HK$426', '目翠·主題半套房:HK$426', '服務式·商務單間:HK$459', '溺愛·主題套房:HK$568', '璨放·主題房:HK$568', '羅卡斯行政套房:HK$579']"
全季酒店（無錫長江北路星光裏店）,9.6,"['高級大床房A:HK$331', '高級大床房:HK$345', '雙床房:HK$366', '商務大床房:HK$417']"
無錫日航飯店,9.4,"['高級大床房:HK$675', '高級雙床房:HK$675', '城市景觀高級大床房:HK$712', '城市景觀高級雙床房:HK$712', '新氧高級大床房（空氣凈化系統）:HK$769', '新氧高級雙床房（空氣凈化系統）:HK$769']"
凱泊酒店（無錫南長街南禪寺地鐵站店）,9.2,"['簡約大床:HK$213', '簡約標間:HK$229', '寓·大床房:HK$262', '寓·標間:HK$270']"
無錫麗笙精選酒店,9.6,"['精選高級大床房:HK$686', '精選高級雙床房:HK$686', '精選尊貴雙床房:HK$773', '精選尊貴大床房:HK$773', '小熊尼奧主題親子大床房:HK$921', '小黃鴨主題親子大床房:HK$921']"
無錫東亭希爾頓歡朋酒店,9.7,"['舒適大床房:HK$494', '舒適雙床房:HK$494', '高級大床房:HK$548', '高級雙床房:HK$548', '豪華大床房:HK$592']"
雲和夜泊酒店（無錫靈山大佛拈花灣店）,9.6,"['特惠大床房:HK$396', '特惠雙床房:HK$396', '雅緻大床房:HK$435', '雅緻雙床房:HK$435', '雲和雙床房:HK$474']"
無錫東站希爾頓歡朋酒店,9.6,"['舒適雙床房:HK$461', '舒適大床房:HK$480', '高級雙床房:HK$517', '高級大床房:HK$536', '豪華雙床房:HK$575']"
宜尚酒店（無錫高新開發區碩放機場店）,9.5,"['精緻大床房【電視投屏|夢百合零壓床墊】:HK$229', '精緻雙床房【電視投屏|夢百合零壓床墊】:HK$237', '雅緻大床房【電視投屏|夢百合零壓床墊】:HK$259', '家庭房【電視投屏|夢百合零壓床墊】:HK$264']"
無錫萬達頤華酒店（三陽廣場南長街店）,8.9,"['高級雙床房（睡眠窗簾+智能投屏+Acca Kappa洗護用品）:HK$464', '高級大床房（睡眠窗簾+智能投屏+Acca Kappa洗護用品）:HK$464', '豪華大床房（睡眠窗簾+智能投屏+Acca Kappa洗護用品）:HK$650', '豪華雙床房（睡眠窗簾+智能投屏+Acca Kappa洗護用品）:HK$650', '頤華大床房（落地窗+智能投屏+Acca Kappa洗護用品）:HK$928']"
無錫君來世尊酒店,9.6,"['標準雙床房（簡約雅韻之居，靜享温馨休憩時光）:HK$546', '高級大床房（光陰流轉，自在如家）:HK$601', '高級雙床房（光陰流轉，自在如家）:HK$601', '豪華大床房城市喧囂繁華之隅，靜棲一方寧謐之境:HK$623', '豪華雙床房城市喧囂繁華之隅，靜棲一方寧謐之境:HK$623', '豪華園景大床房:HK$675']"
無錫新區長江北路亞朵酒店,9.8,"['高級雙床房:HK$380', '高級大床房:HK$390', '行政雙床房:HK$460', '行政大床房:HK$481', '幾木大床房:HK$511']"
SUISU隨宿·設計師酒店（無錫寶龍廣場旺莊地鐵站店）,9.6,"['梵凈·豪華大床房【暢享會員巨幕投屏影音丨智能入住丨智能客控丨夢百合零壓記憶床墊丨親膚布草】:HK$259', '夢之·豪華大床房【智能入住丨智能客控丨夢百合零壓記憶床墊丨親膚布草丨電視可投屏】:HK$269', '心憩·尊享大床房【暢享會員巨幕投屏影音丨智能入住丨智能客控丨夢百合零壓記憶床墊丨親膚布草】:HK$283', '靜夜·尊享雙床房【暢享會員巨幕投屏影音丨智能入住丨智能客控丨夢百合零壓記憶床墊丨親膚布草】:HK$283']"
無錫惠山希爾頓惠庭酒店,9.6,"['舒適雙床房（coffee機+冷凍雙功能冰箱+微波爐）:HK$424', '靈動大床房（coffee機+冷凍雙功能冰箱+微波爐）:HK$435', '靈動雙床房（coffee機+冷凍雙功能冰箱+微波爐）:HK$457', '靈動豪華大床房（冷凍雙功能冰箱+微波爐+coffee機）:HK$478', '套房（智能客控+coffee機+微波爐+投屏電視+冷凍雙功能立式冰箱）:HK$664']"
宜尚PLUS酒店（無錫長江北路太湖花園地鐵站店）,9.4,"['標準大床房（寬敞明亮+個性沙發）:HK$326', '標準雙床房（寬敞明亮+舒適辦公+小冰箱）:HK$337', '商務大床房:HK$348', '高級大床房（獨立起居空間+舒適浴缸+小冰箱）:HK$393', '豪華大床房（北歐風格客房+無間隔起居空間+觀景浴缸）:HK$436']"
錦江之星品尚（無錫南禪寺東林書院店）,9.6,"['巨幕影院大床房B（海量影片無線投屏）:HK$530', '巨幕影院大床房A（海量影片無線投屏）:HK$538', '商務房B（智能馬桶）:HK$554', '商務標準房B（智能馬桶）:HK$582']"
無錫東站美居酒店,9.7,"['豪華雙床房（電視智能投屏+小冰箱）:HK$512', '高級大床房（電視智能投屏+小冰箱）:HK$542', '豪華大床房（電視智能投屏+小冰箱）:HK$603', '嘉賓大床房（電視智能投屏+小冰箱）:HK$663', '家庭房（電視智能投屏+小冰箱）:HK$683']"
無錫東站智選假日酒店,9.7,"['高級房（超大床）（帶小冰箱）:HK$343', '高級房（雙床）（帶小冰箱）:HK$343']"
無錫蘇寧凱悦酒店,9.4,"['標準大床房-坐擁都市繁華天際:HK$800', '標準雙床房-坐擁都市繁華天際:HK$800', '山景大床房-遠眺惠山天際美景:HK$998', '山景雙床房-遠眺惠山天際美景:HK$998', '嘉賓軒大床房-高空俯瞰都市繁華夜景:HK$1,228', '嘉賓軒雙床房-高空俯瞰都市繁華夜景:HK$1,228']"
無錫洛城美侖酒店,9.6,"['高級大床房:HK$412', '高級雙床房:HK$412', '商務大床房:HK$441', '商務雙床房:HK$441', '豪華大床房:HK$482']"
無錫雲宿一宅（三陽廣場店）,9.7,"['雲｜城市景觀大床房:HK$315', '雲｜現代尊享套房:HK$350', '雲｜甄選夜景套房:HK$374', '雲｜270度巨幕投影套房:HK$477']"
無錫火車站春申路亞朵酒店,9.6,"['高級大床房:HK$380', '高級雙床房:HK$380', '行政大床房（小冰箱）:HK$471', '行政雙床房（小冰箱）:HK$471', '幾木套房:HK$993']"
無錫瑞廷西郊酒店,9.5,"['高級低敏大床房（Acca Kappa洗護用品）:HK$573', '高級低敏雙床房（Acca Kappa洗護用品）:HK$573', '豪華低敏大床房（Acca Kappa洗護用品）智能馬桶:HK$629', '豪華低敏雙床房（Acca Kappa洗護用品）智能馬桶:HK$629', '高級正湖景低敏房（Acca Kappa洗護用品）:HK$704', '豪華正湖景低敏房（Acca Kappa洗護用品）智能馬桶:HK$760']"
無錫錫山智選假日酒店,9.7,"['高級房·超大床（品牌洗護+電視投屏）:HK$430', '高級房·雙床（智能馬桶+電視投屏）:HK$430', '高級房（智能馬桶+電視投屏+品牌洗護+電動窗簾）:HK$437', '高級房·超大床·更大面積（智能馬桶+電動窗簾）:HK$466', '高級房·雙床·更大面積（品牌洗護+電視投屏）:HK$466']"
無錫凱萊大飯店（塘鐵橋地鐵站IN有街市店）,9.4,"['高級雙床房:HK$436', '高級大床房:HK$436', '標準雙床房:HK$436', '商務大床房:HK$489', '親子大床房:HK$522']"
全季酒店（無錫三陽廣場店）,9.5,"['大床房【55寸電視投屏】:HK$378', '高級雙床房【55寸電視投屏】:HK$406', '高級大床房【55寸電視投屏】:HK$406', '商務高級雙床房【55寸電視投屏】:HK$435']"
