酒店名称,评分,房型价格列表
邁典民宿（牡丹江會展中心市政府店）,9.5,"['温馨覓靜大床房:HK$121', '安-靜庭大床房（高層視野好）:HK$155', '好夢雅緻大床房（舒適沙發）:HK$168', '桃花源巨幕影音大床房（巨幕投影）:HK$178']"
東方明珠國際大酒店（牡丹江火車站步行街店）,9.4,"['優選大床房:HK$299', '城景雙床房:HK$328', '城景大床房:HK$358', '至尊大床房:HK$428', '至尊雙床房:HK$428']"
牡丹江萬達奇遇主題公寓,9.6,"['簡約派的温馨小築大床房20518【70寸語音智能大電視/影視會員/充電牀頭櫃/有廚房】:HK$193', '在路上的家地台大床房【星空燈+70寸大電視+極光TV會員+聯通千兆極速網絡】:HK$193', '小仙女的最愛大床房21302【聯通千兆網/70寸大電視/影視會員/星空燈/】:HK$193', '智能觀景影音大床房21508【全屋語音智能+高樓層可觀景+百寸高清投影+影視會員】:HK$193']"
如家驛居酒店（牡丹江火車站步行街店）,9.3,"['大床房:HK$114', '商務大床房:HK$131', '雙床房:HK$131', '高級大床房:HK$166']"
海悅星辰管家式民宿,9.9,"['簡約大床房:HK$111', '雲端大床房（高層視野好）:HK$142', '悠閑大床房（舒適沙發）:HK$153', '星晚巨幕影音大床房:HK$164']"
牡丹江飯店（火車站店）,8.6,"['普通大床房:HK$112', '普通標準間:HK$116', '商務大床房:HK$136', '商務標準間:HK$136']"
希岸酒店（牡丹江機場海浪路店）,9.8,"['希岸園景大床房「零壓床墊+全屋智能+即熱飲水機+安心除蟎儀+優雅梳粧鏡」:HK$290', '希岸高級大床房「零壓床墊+全屋智能+即熱飲水機+安心除蟎儀+優雅梳粧鏡」:HK$323', '豪華園景雙床房「零壓床墊+全屋智能+安心除蟎儀+即熱飲水機」:HK$356', '希岸豪華大床房「零壓床墊+全屋智能+即熱飲水機+安心除儀+優雅梳粧鏡」:HK$365']"
喆啡精選酒店（牡丹江火車站店）,9.6,"['醇享大床房:HK$255', '啡凡大床房:HK$295', '啡凡雙床房:HK$335']"
牡丹江金朵商務酒店（牡丹江萬達廣場店）,9.3,"['醇享商務標準間（智能客控&辦公桌）:HK$307', '尊享大床房（智能客控）:HK$358', '商務大床房（智能客控&辦公桌）:HK$418', '巨幕影音房（高清投影120寸）:HK$447']"
麗楓酒店（牡丹江火車站人民公園店）,9.6,"['高級大床房（無窗）:HK$223', '豪華大床房:HK$303', '豪華雙床房:HK$303', '商務雙床房:HK$319']"
花樣年華影音公寓（牡丹江萬達廣場店）,9.7,"['古典寫意中式大床房:HK$105', '現代簡約巨幕影院房（卧虎高級床墊）:HK$113', '驛旅陽光温馨房（貝思曼高級零壓乳膠床墊）:HK$121', '歐式大床房:HK$129']"
華隆大酒店（牡丹江高鐵站步行街店）,9.4,"['行政標準房:HK$239', '雅緻大床房:HK$276', '商務大床房:HK$332', '豪華大床房:HK$400']"
好彩暮居酒店（牡丹江高鐵站北山公園店）,9.2,"['摩登套房（小度聲控+智能馬桶+超大屏幕）:HK$191', '輕奢雙床房（小度聲控+智能馬桶+超大屏幕）:HK$191', '輕奢大床房XL（小度聲控+智能馬桶+超大屏幕）:HK$216', '輕奢雙床房XL（小度聲控+智能馬桶+超大屏幕）:HK$216']"
漢庭酒店（牡丹江火車站店）,9.5,"['高級大床房:HK$264', '雙床房:HK$283', '豪華家庭房:HK$378']"
新悦酒店（牡丹江）,9.2,"['高級雙床房:HK$129', '高級大床房:HK$129', '商務大床房:HK$145', '商務標準房:HK$151']"
牡丹江萬達青桔公寓,9.3,"['特惠温馨大床房:HK$164', '青桔簡愛大床房:HK$169', '舒適陽光大床房:HK$173', '現代簡約大床房:HK$177']"
牡丹江相約日租公寓,8.9,"['金粉巨幕投影房:HK$179', '特惠大床房:HK$190', '商務舒適大床房:HK$201', '精品格調影音房:HK$211']"
喆啡酒店（牡丹江火車站步行街店）,9.3,"['醇享大床房:HK$191', '啡凡大床房:HK$223', '啡凡雙床房:HK$247', '商務大床房:HK$279']"
牡丹江樂湯滙温泉酒店（火車站萬達廣場店）,8.5,"['享睡大床房:HK$248', '尊享大床:HK$276', '豪華標間:HK$285', '高層大床房:HK$304']"
星程酒店（牡丹江火車站店）,9.5,"['大床房:HK$234', '高級大床房:HK$243', '雙床房:HK$254', '家庭房:HK$271']"
全季酒店（牡丹江火車站店）,9.7,"['高級大床房:HK$352', '雙床房:HK$391', '舒壓高級大床房:HK$391', '舒壓雙床房:HK$432']"
如果商旅酒店（牡丹江高鐵站江濱公園店）,9.4,"['特惠標準間（電視投屏&飲用水）:HK$212', '特價大床房（電視投屏&飲用水）:HK$219', '豪華標準房（電視投屏&飲用水）:HK$285', '豪華大床房（電視投屏&飲用水）:HK$292']"
42°c湯泉酒店,9.8,"['温馨雙床間:HK$119', '時尚雙床房:HK$152']"
桔子酒店（牡丹江火車站步行街店）,9.6,"['月若流金大床房:HK$366', '加州陽光大床房:HK$381', '月若流金雙床房:HK$381', '月若流金套房:HK$452']"
朵雲酒店（牡丹江火車站店）,9.2,"['朵雲·好眠大床房（無窗）:HK$93', '朵雲·舒壓雙床房:HK$99', '朵雲·舒壓大床房（辦公桌）:HK$125', '朵雲·高級雙床房:HK$134']"
愛達公寓,8.2,"['時光畫境投影大床房:HK$128', '温馨大床房:HK$147', '特價大床房:HK$147', '愛琴海巨幕投影大床房:HK$175']"
家旅公寓（牡丹江萬達廣場店）,8.7,"['北歐大床房:HK$110', '精品投影大床房:HK$137']"
牡丹江遇見歸宿民宿,9.7,"['特價房:HK$107', '舒適大床房:HK$118', '温馨大床房:HK$118', '清新投影大床房:HK$118']"
棲木影音主機公寓,9.4,"['安娜與國王:HK$129', '一米陽光:HK$129', '【朝夕】高清投影+視頻會員+Xbox360懷舊遊戲+波西米亞:HK$153', '【薄荷塘】PS4遊戲+雙人成行+胡鬧廚房+旗艦投影+江景:HK$170']"
你好酒店（牡丹江火車站大商新瑪特店）,9.1,"['大床房:HK$321', '高級大床房:HK$350', '雙床房:HK$359', '豪華大床房:HK$378']"
如家商旅酒店（牡丹江高鐵火車站步行街店）,9.5,"['商務大床房A:HK$236', '雙床房:HK$245', '商務大床房:HK$254', '高級雙床房:HK$271']"
牡丹江火車站夏威夷國際大酒店（步行街店）,9.7,"['夏威夷·舒適大床房:HK$764', '夏威夷·舒適雙床房:HK$764', '夏威夷·尊享大床房:HK$886', '夏威夷·尊享雙床房:HK$886', '主題舒適親子房:HK$1,203', '馨享·舒適家庭房:HK$1,203']"
希岸酒店（牡丹江江南市政府店）,9.4,"['希岸高級雙床房（智能客控）:HK$358', '希岸豪華家庭房:HK$469', '希岸影音大床房（智能客控）:HK$470', '希岸女神套房（智能客控）:HK$720']"
7天酒店（牡丹江百貨大樓店）,9.3,"['新7天自在大床房:HK$119', '新7天自在雙床房:HK$126', '新7天好睡大床房:HK$182']"
如家派柏·雲酒店（牡丹江高鐵火車站店）,9.2,"['精選大床房:HK$159', '精選多床房:HK$159', '精選商務房:HK$167', '行政套房:HK$239']"
水木年華公寓,8.4,"['簡約時尚大床房:HK$118', '輕奢時尚大床房:HK$151', '温馨舒適大床房:HK$162', '尊享商務雙床房:HK$184']"
牡丹江驛戀民宿,8.3,"['詩篇（深咖奶油風+百寸投影會員）:HK$150', '詩恩:HK$150', '十二籃:HK$150', '愛馬仕橙（元氣橙+百寸投影會員）:HK$150']"
東安賓館（牡丹江火車站步行街店）,8.3,"['舒適圓床房:HK$125', '特價家庭房:HK$125', '舒適家庭房:HK$139', '舒適大床房:HK$153']"
素柏·雲酒店（牡丹江火車站百貨大樓店）,8.7,"['舒適大床房:HK$113', '商旅雙床房:HK$125', '惠選家庭房:HK$154', '精品大床房:HK$167']"
維也納智好酒店（牡丹江火車站步行街店）,8.3,"['高級大床房:HK$164', '高級雙床房:HK$166', '商務大床房:HK$191', '商務雙床房:HK$201']"
米朵精品酒店（牡丹江站大商新瑪特店）,8.9,"['特惠大床房:HK$156', '高級大床房:HK$165', '雙床房:HK$175', '豪華娛樂雙床房:HK$184']"
心怡民宿,9.1,"['大床房:HK$97', '豪華大床房:HK$110', '標準大床房:HK$110', '商務套房:HK$139']"
七禧賓館（牡丹江火車站店）,9.3,"['特價大床房:HK$138', '大床房:HK$164', '標準間:HK$197']"
福順天天大酒店（牡丹江高鐵萬達店）,9.0,"['特價雙床房:HK$161', '特價大床房:HK$163', '商務雙床房:HK$220', '商務三人房:HK$254']"
如家酒店（牡丹江第二人民醫院恆豐紙業乾元大廈店）,9.7,"['商務大床房A:HK$175', '雙床房A:HK$183', '商務大床房:HK$192', '雙床房:HK$201']"
安然的民宿,9.5,['精緻一室大床房:HK$128']
鉑朗國際酒店（牡丹江火車站腫瘤醫院店）,9.1,"['尊享特惠大床房:HK$216', '尊享特惠標準間:HK$216', '尊享商務標準間:HK$228', '尊享商務大床房:HK$228']"
花園民宿,8.3,"['簡約大床房:HK$152', '舒適大床房:HK$152', '豪華大床房:HK$152', '標準大床房:HK$152']"
假日拾光民宿（牡丹江火車站店）,8.5,"['特惠簡約大床房:HK$106', '假日尊享大床房:HK$129', '清新簡約投影大床房:HK$137', '豪華投影巨幕大床房:HK$145']"
牡丹江南江酒店,8.4,"['温馨雙床房:HK$176', '商務大床房:HK$180', '商務標準間:HK$184', '無窗家庭房:HK$264', '尊享家庭房:HK$290']"
