酒店名称,评分,房型价格列表
恆鑫酒店,9.3,"['舒適單間:HK$193', '標準雙床房:HK$230']"
瓊中永和酒店,9.0,"['舒適大床房:HK$183', '豪華山景大床房:HK$216', '豪華山景雙床房:HK$216', '豪華行政套房:HK$358']"
瓊中潤豐商務酒店,8.5,"['特價雙人房:HK$138', '精緻雙人房:HK$152', '豪華單人房:HK$152', '豪華雙人房:HK$152']"
麗楓酒店（瓊中汽車站店）,9.3,"['雅緻大床房（慕思床墊+陽光舒適）:HK$233', '豪華大床房（特大慕思床墊+陽光舒適）:HK$264', '豪華雙床房（慕思床墊+陽光舒適）:HK$264', '浪漫優享房（特大慕思床墊+陽光舒適）:HK$303']"
佳捷精品酒店（瓊中汽車總站店）,9.2,"['温馨大床房:HK$163', '佳和雙標房:HK$195', '佳和大床房:HK$206']"
瓊中奔哥內24小時連鎖酒店,9.3,"['温馨情調房:HK$194', '全景雙標房（全幕朝陽）:HK$205', '園林雙標房（180°園林觀景）:HK$216', '全景大床房（全幕朝陽）:HK$238']"
君海商務酒店,9.1,"['精緻大床房:HK$183', '特價單人房:HK$183', '豪華雙床房:HK$205', '豪華大床房:HK$205']"
椰風商務酒店（瓊中汽車站店）,9.6,"['特價大床房（無窗）:HK$113', '特惠雙床房（無窗）:HK$120', '豪華温馨大床房:HK$149', '標準舒適雙床房:HK$149']"
瓊中三泰源隆商務酒店,8.4,"['標準大床房:HK$164', '標準雙床房:HK$204', '豪華大床房:HK$205', '高級雙床房:HK$205']"
山水居森林瀑布營地（百花嶺店）,9.2,"['露營地丨半山合院大床房:HK$719', '露營地丨半山親子大床房:HK$862', '露營地丨半山康養大床房:HK$862', '露營地丨半山合院套房:HK$1,080', '露營地丨半山親子套房:HK$1,200']"
瓊中什寒民宿,9.1,"['奔格內雙床房:HK$268', '觀雲雙床房:HK$336', '奔格內親子房:HK$342', '觀雲親子房:HK$405']"
瓊中瑞廷酒店（瓊中汽車總站店）,9.3,"['精緻大床房:HK$174', '觀影雙床房:HK$192', '雅緻大床房:HK$208', '豪華雙床房:HK$238']"
瓊中雲宿房車營地,9.1,"['攬月房車:HK$402', '溪畔房車:HK$478']"
瓊中福朋喜來登酒店,9.5,"['園墅大床房:HK$437', '園墅雙床房:HK$437', '山墅大床房:HK$502', '山墅雙床房:HK$502', '園墅家庭房:HK$620']"
瓊中德潤商務酒店（瓊中汽車站三月三廣場店）,9.2,"['貼心高級雙床房:HK$139', '貼心高級大床房:HK$139', '暖心豪華大床房:HK$150', '暖心豪華雙床房:HK$150']"
瓊中金椰島商務酒店,9.1,"['特價雙人房:HK$102', '特惠大床房:HK$102', '豪華大床房:HK$325', '豪華雙床房:HK$325']"
瓊中賓館,8.9,"['豪華雙人間:HK$238', '豪華大床房:HK$238', '豪華套房:HK$358']"
瓊中石臼民宿,9.3,[]
五指山亞泰雨林酒店,9.1,"['雨林高級山谷雙床房:HK$445', '雨林雅緻別墅雙床房:HK$555', '雨林雅緻別墅大床房:HK$555', '雨林豪華山谷雙床房:HK$718', '雨林豪華山谷大床房:HK$751', '雨林豪華別墅雙床房:HK$822']"
海南御景酒店,9.2,"['御景特惠雙床房:HK$304', '御景雅緻雙床房:HK$314', '御景山谷雨林雙床房:HK$358', '豪華觀景雙床房:HK$402', '豪華觀景大床房:HK$445']"
方諾寨·雨林生態莊園,9.1,"['黎家·田園別院，梯田景觀，田園風格聯排木屋:HK$674', '星墅·雨林景觀超大床房｜智能客控+除濕機+冰箱:HK$1,343', '雨墅·180度雨林景觀超大床房|雙人洗漱台+智能客控+浴缸+除濕機+冰箱:HK$1,586', '山墅·雨林景觀超大床房 ｜客廳+智能客控+除濕機+浴缸+冰箱:HK$1,586', '楓墅·180度雨林景觀超大床房|雙人搖椅+智能客控+浴缸+除濕機+冰箱:HK$1,586']"
