酒店名称,评分,房型价格列表
天億酒店（白沙縣政府店）,9.3,"['商務大床房（有窗+安靜睡+高樓層可看山景）:HK$143', '親子雙床房（1.5床+有窗+WiFi）:HK$157', '豪華雙床房（陽台+觀景）:HK$178', '豪華大床房（安靜睡+沙發+客桌）:HK$184']"
格盟酒店（白沙縣政府店）,9.5,"['特惠大床房:HK$203', '智能大床房【河景房+落地窗+智能語音】:HK$216', '智能雙床房【落地窗+智能語音】:HK$228', '商務雙床房【全自動麻將桌】:HK$255']"
鴻興大酒店,8.8,"['智享大床房:HK$175', '尊享大床房:HK$175']"
白沙奧運村酒店,9.7,"['豪華大床房:HK$450', '豪華雙床房:HK$450', '套房:HK$643']"
格林豪泰酒店（白沙縣民族博物館店）,9.5,"['舒眠零壓大床房（智能客控+零壓床墊）:HK$152', '舒眠零壓雙床房（智能客控+零壓床墊）:HK$152', '商務大床房（智能客控+零壓床墊）:HK$183', '商務雙床房（智能客控+零壓床墊）:HK$190']"
白沙金凱大酒店,8.6,"['特惠大床房:HK$203', '特惠雙床房:HK$203', '沫·光景大床房:HK$242', '漫·莫奈雙床房:HK$242']"
白沙歸田民宿,9.7,"['歸心大床房:HK$260', '歸野雙床房:HK$282']"
鉑悦度假酒店,9.6,['特惠雙床房:HK$249']
雅斯特國際酒店（白沙縣政府店）,9.0,"['雅悦·舒心大床房:HK$156', '雅緻·舒適雙床房:HK$198', '雅韻·高級大床房:HK$208', '雅樂·高級雙床房:HK$236']"
麗楓酒店（白沙店）,9.2,"['高級大床房:HK$217', '雅緻大床房:HK$236', '標準單人間:HK$255', '豪華大床房:HK$274']"
格麗酒店（白沙文化公園店）,9.4,"['豪華智能大床房:HK$169', '格麗商務大床房:HK$198', '格麗商務雙床房:HK$203', '格麗家庭房:HK$212']"
佳捷精品酒店（白沙縣政府店）,9.0,"['情侶圓床房（雙層隔音玻璃安靜睡）:HK$130', '佳和大床房:HK$137', '佳和大床房（雙層隔音玻璃安靜睡+有窗+wifi）:HK$138', '佳和雙床房（温馨舒適+雙層隔音玻璃安靜睡+wifi）:HK$138']"
白沙牙叉大溪地花園酒店,9.1,"['舒適零壓標準間:HK$140', '舒眠零壓大床房:HK$194', '舒眠零壓優享標間:HK$194', '舒眠零壓豪華家庭房:HK$293']"
雲鏡酒店（白沙縣民族博物館店）,8.0,"['優雅雙床房:HK$148', '語音雙床房:HK$156', '棋牌大床房:HK$180', '優雅大床房:HK$188']"
白沙鉑瑞精品酒店,8.9,"['大床房:HK$158', '標準間:HK$167', '豪華大床房:HK$202']"
學而山房·邦溪水院民宿（白沙邦溪鎮南牙店）,9.5,[]
