酒店名称,评分,房型价格列表
驛居酒店（石嘴山大武口步行街店）,9.0,"['大床房A:HK$166', '雙床房A:HK$183', '大床房:HK$183', '高級大床房:HK$219']"
維也納酒店（石嘴山大武口店）,9.6,"['標準大床房:HK$322', '標準雙床房:HK$322', '高級雙床房:HK$398', '高級大床房:HK$408']"
石嘴山鼎源酒店,8.8,"['經濟標準間:HK$165', '商務標準間:HK$182', '鑽石豪華大床房:HK$195', '主題房:HK$198']"
石嘴山金冠酒店,8.6,"['豪華單人間:HK$267', '豪華標準間:HK$277', '行政大床房:HK$325', '行政標間:HK$334']"
石嘴山夢思特酒店（惠農區文景廣場店）,8.7,"['優享雙床房［零壓床墊+酒店公區提供自助洗衣機］:HK$145', '尊享雙床房［零壓床墊+酒店公區提供自助洗衣機］:HK$151', '優享大床房［零壓床墊+酒店公區提供自助洗衣機］:HK$156', '尊享大床房［零壓床墊+酒店公區提供自助洗衣機］:HK$163']"
石嘴山萬盛大酒店,8.9,"['特價單間:HK$131', '豪華大床房:HK$238', '新商務單間:HK$293', '新大床房:HK$293']"
石嘴山萬德隆酒店,8.3,"['經典標間（無窗）:HK$143', '經典標間:HK$164', '豪華套房:HK$299']"
石嘴山君泰商務賓館（光明中學店）,9.1,"['經濟大床間:HK$185', '商務雙床房:HK$204', '優品大床房:HK$204', '巨幕觀影圓床房（電動床）:HK$209']"
石嘴山君悦錦秀酒店,9.2,"['錦秀大床房（睡眠床墊+舒適枕頭+乾濕分離）:HK$439', '特惠大床房:HK$521', '特惠雙床房:HK$521', '錦秀豪華套房（睡眠床墊+舒適枕頭+乾濕分離）:HK$559']"
美墅智聯酒店（石嘴子濕地公園店）,9.7,"['雅緻巨幕雙床房8102［智能客控+零壓床墊+深睡枕PRO］:HK$267', '暢享巨幕大床房8101［智能客控+零壓床墊+深睡枕PRO］:HK$267', '雅居巨幕雙床房8103［智能客控+零壓床墊+深睡枕PRO］:HK$267', '至尊巨幕大床房8203［智能客控+零壓床墊+深睡枕PRO］:HK$267']"
漫逸酒店（理工大學店）,9.0,"['特價大床房:HK$140', '特價標準間:HK$140', '標準雙床房:HK$151', '大床房:HK$151']"
石嘴山萬事達酒店,9.3,"['特惠大床房:HK$120', '特惠雙床房:HK$120', '經濟大床房:HK$148', '經濟標準間:HK$148']"
小暖居,9.5,"['宿島:HK$183', '棲溪居:HK$306', '小暖居:HK$426']"
石嘴山雲海酒店（大武口區店）,8.3,"['普通標準間＞定製床墊+蕎麥深睡枕:HK$120', '普通大床房＞定製床墊+蕎麥深睡枕:HK$140', '陽光標準間＞定製床墊+蕎麥深睡枕:HK$140', '舒適標準間＞定製床墊+蕎麥深睡枕:HK$151']"
亞諾舒適酒店,9.3,"['尊享舒適大床房【零壓超舒適床墊+零壓睡眠枕頭+一次性刮鬍刀+酒店提供自助洗衣房】:HK$152', '尊享舒適雙床房【零壓超舒適床墊+零壓睡眠枕頭+ 一次性刮鬍刀+酒店提供自助洗衣房】:HK$152', '精緻尊享豪華大床房【零壓超舒適床墊+零壓睡眠枕頭+一次性刮鬍刀+酒店提供自助洗衣房】:HK$157', '精緻尊享豪華雙床房【零壓超舒適床墊+零壓睡眠枕頭+一次性刮鬍刀+酒店提供自助洗衣房】:HK$157']"
悠尚伯閣酒店（寧夏理工學院店）,8.9,"['特價大床:HK$131', '標準間:HK$157', '大床房:HK$161']"
石嘴山茂祥商務賓館,8.2,"['標準間:HK$190', '大床房:HK$190']"
石嘴山永峯商務酒店,9.1,"['標準間（無窗）:HK$109', '特價單間:HK$129', '標準間:HK$142', '單間（無窗）:HK$151']"
怡楓酒店,8.2,"['舒適標準間:HK$107', '舒適大床房:HK$140', '兄弟開黑房[3060黑金至尊+i512400f十二代處理器+32G雙通道高頻內存條+165hz高刷顯示器+RGB青軸機械鍵盤]:HK$227', '情侶電競開黑房[3060黑金至尊+i512400f十二代處理器+32G雙通道高頻內存條+165hz高刷顯示器+RGB青軸機械鍵盤]:HK$227']"
坤達賓館（石嘴山步行街店）,8.5,"['特價房:HK$93', '温馨雙人房:HK$104', '豪華大床房:HK$115', '豪華雙人間:HK$126']"
石嘴山林之橋酒店,9.3,"['特惠雙床房:HK$102', '標準雙人間:HK$119', '商務雙床房:HK$127', '商務大床房:HK$131']"
金鑫源賓館,7.6,"['特價房:HK$96', '普通標準間:HK$96', '商務標準間:HK$140', '主題大床房:HK$140']"
安和園賓館（石嘴山市第一中學店）,8.0,['普通大床房:HK$96']
沙湖假日酒店,9.5,"['優享大床房:HK$486', '優享雙床房:HK$486', '小型別墅:HK$1,953', '親子別墅:HK$2,062', '中型別墅:HK$2,827']"
沙湖美魚別墅（沙湖景區店）,9.3,"['倫敦霧:HK$434', '青花瓷:HK$555', '天使愛美麗:HK$555', '藍色地中海:HK$648']"
平羅宿泊連鎖酒店（家和春天店）,9.0,"['特惠浪漫圓床房+一次性馬桶墊+遮光窗簾+瓶裝水:HK$162', '舒適雙人間+一次性馬桶墊+遮光窗簾+瓶裝水:HK$173', '舒適大床房++一次性馬桶墊+遮光窗簾+瓶裝水:HK$183', '電競標準間+一次性馬桶墊+遮光窗簾+瓶裝水:HK$205']"
平羅子宸智能酒店（陽光商業廣場店）,9.1,"['精選雙床房［智能客控+零壓床墊+深睡枕PRO］:HK$226', '陽光大床房［智能客控+零壓床墊+深睡枕PRO］:HK$226', '高清巨幕影音房［智能客控+VIP影視會員+深睡枕PRO］:HK$263', '幸福美滿家庭房［智能客控+零壓床墊+深睡枕PRO］:HK$273']"
平羅金湖國際大酒店,9.1,"['商務大床房:HK$262', '商務雙床房:HK$285', '豪華雙床房:HK$312', '豪華大床房:HK$312']"
柒喵酒店（陽光商業廣場店）,9.9,"['一硯梨花雨［小愛音箱+一次性面巾+遮光窗簾+氛圍燈］:HK$128', '我以愛之名［小愛音箱+一次性面巾+遮光窗簾+氛圍燈］:HK$128', '是無所替代［小愛音箱+一次性面巾+遮光窗簾+氛圍燈］:HK$128', '玫瑰和克萊因藍［小愛音箱+遮光窗簾+氛圍燈］:HK$128']"
平羅悦源快捷酒店,9.7,"['特價大床房:HK$129', '特價標準間:HK$129', '行政商務標間:HK$140', '景觀大床房:HK$151']"
途窩假日酒店（平羅沙湖景區店）,8.7,"['凈隅特價雙床房:HK$118', '途窩特價大床房:HK$129', '凈隅拾光雙床房:HK$147', '凈隅拾光三人間:HK$227']"
平羅Glamping沙島集美露營酒店（沙湖景區店）,9.2,"['金字塔三角帳篷房:HK$269', '印第安觀景帳篷房:HK$352', '沙島摩洛哥雙床帳篷:HK$409', '集美小川屋大床帳篷:HK$524']"
平羅沙湖夜酷商務賓館,9.3,"['標準間:HK$129', '大床房:HK$129', '三人間:HK$173', '親子房:HK$173']"
派酒店（平羅民族大街店）,9.2,"['惠選大床房:HK$136', '惠選雙床房:HK$145', '商務大床房:HK$145', '商務雙床房:HK$154']"
平羅曼貝驕子酒店,9.0,"['特價行政大床房:HK$108', '行政商務大床房:HK$123', '行政商務標間:HK$123', '行政豪華標間:HK$162']"
平羅悦尚之家客棧,8.8,"['精緻大床房:HK$87', '靜謐雙床房:HK$94', '優選三人間:HK$119']"
德泓公寓酒店,9.4,"['豪華雙床房［酒店公區提供自助洗衣機］:HK$135', '特惠大床房［酒店公區提供自助洗衣機］:HK$143', '豪華大床房[酒店公區提供自助洗衣機]:HK$160']"
平羅青鹿Ins.酒店（唐華麗景店）,8.1,"['優選悦享雙床房［小愛音箱+一次性面巾+遮光窗簾］:HK$110', '行政尊享雙床房［小愛音箱+一次性面巾+遮光窗簾］:HK$126', '雲端輕奢大床房［小愛音箱+一次性面巾+遮光窗簾］:HK$132', '臻選精緻三人間［小愛音箱+一次性面巾+遮光窗簾］:HK$162']"
平羅澤明苑食府客房部,7.9,"['特惠大床房:HK$90', '商務雙床房:HK$106', '商務大床房:HK$106', '豪華大床房:HK$144']"
平羅伊蘭假日酒店,8.5,"['商務標準間:HK$105', '商務大床房:HK$105', '豪華標準間:HK$129']"
泊汀商務賓館,9.5,"['標準大床房:HK$137', '標準雙床房:HK$140', '標準三人間:HK$147', '標準四人間:HK$194']"
豐達酒店,7.3,"['商務標準間:HK$118', '商務大床房:HK$118', '親子間:HK$140', '商務三人間:HK$162']"
森曼酒店（滙融新天地店）,6.7,"['觀景舒適大床房「酒店公區提供自助洗衣機」:HK$132', '觀景舒適雙床房「酒店公區提供自助洗衣機」:HK$132', '城景雙床房「全屋地暖+深睡床墊+淋浴頂噴」:HK$146', '城景大床房「全屋地暖+深睡床墊+淋浴頂噴」:HK$146']"
石嘴山愛佳飯店,8.2,[]
