酒店名称,评分,房型价格列表
喆啡酒店（石河子大學店）,9.6,"['醇享大床房:HK$341', '啡凡大床房:HK$346', '啡凡純凈大床房:HK$364', '啡凡純凈雙床房:HK$398']"
石河子恆和華星酒店,9.2,"['豪華雙床房 I 舒適空間+城市景觀:HK$411', '豪華大床房 I 舒適空間+城市景觀:HK$426', '觀景大床房 I 自在空間+俯瞰城景+加濕器:HK$445', '行政大床房 I 寬逸安寢大床+紓解浴缸+城市景觀:HK$497', '商務雙床房 I 自在空間+俯瞰城景:HK$498']"
亞悅酒店（石河子幸福路店）,10.0,"['優享格調大床房（4K高清電視投屏）:HK$193', '優享格調雙床房:HK$206', '優享高級音影房（巨幕投屏）:HK$218', '商務三人間:HK$269']"
石河子萬都國際酒店,8.8,"['特價標間:HK$261', '大床房:HK$305', '豪華標間:HK$326', '舒睡大床房（喜臨門乳膠床墊）:HK$326']"
石河子天富美侖酒店,9.5,"['商務大床房:HK$452', '商務雙床房:HK$491', '豪華大床房:HK$512', '豪華雙床間:HK$532', '行政套房:HK$632']"
石河子潤昌大飯店,9.3,"['特色雙床房【深睡床墊+蕎麥/羽絨兩用枕＋舒享空間】:HK$323', '標準大床房:HK$360', '標準雙床房【深睡床墊+蕎麥/羽絨兩用枕】:HK$360', '商務雙床房【深睡床墊+蕎麥/羽絨兩用枕+小冰箱+浴缸】:HK$388', '商務大床房【深睡床墊+蕎麥/羽絨兩用枕+小冰箱+浴缸】:HK$388']"
魔方酒店（石河子火車站店）,9.0,"['超級大床房:HK$491', '商務標間:HK$493', '漫廷大床房:HK$503', '詫寂大床房:HK$503']"
全季酒店（石河子店）,9.4,"['雙床房（外景窗）:HK$412', '高級大床房（外景窗）:HK$452', '舒壓-高級大床房（外景窗）:HK$472', '高級套房（外景窗）:HK$491']"
石河子云臻酒店,9.3,"['悠閑舒適雙床房〈半落地大窗＋智能客控＋智能馬桶〉:HK$253', '雅緻甄選大床房（半落地大窗＋中央空調＋智能馬桶）:HK$258', '豪華零壓雙床房〈半落地大窗＋智能客控＋智能馬桶〉:HK$286', '豪華零壓大床房〈半落地大窗＋全屋地暖＋智能馬桶〉:HK$293']"
漫途民宿（南二路店）,9.6,"['【治癒系】loft復古風公寓:HK$222', '【INS風】Loft温馨公寓:HK$222', '【星空之約】loft公寓/浪漫大床房/星空頂/情侶約會:HK$222', '【悦來悦好】loft公寓 ／浪漫 情侶／ 約會／聚會:HK$222']"
璟悦國際酒店（石河子大學北區店）,9.2,"['璟悦觀影標間丨巨幕影院+影視會員+零壓床墊丨:HK$374', '璟悦行政單間丨巨幕影院+影視會員+零壓床墊丨:HK$491', '璟悦行政標間丨巨幕影院+影視會員+零壓床墊+全屋智能丨:HK$491', '璟悦親子房丨巨幕影院+影視會員+零壓床墊+全屋智能丨:HK$706', '璟悦三人間丨巨幕影院+影視會員+零壓床墊+全屋智能丨:HK$706']"
雲上四季民宿（石河子大學市政府店）,9.6,"['特惠大床房:HK$146', '優選雙床房:HK$161', '商務大床房:HK$192', '温情主題房:HK$192']"
石河子暴走熊電競酒店,10.0,"['頂配雙人競技房（intel原盒+技嘉B6602.5G+3060ti）:HK$227', '絢麗雙人夜景房（3060ti+泰坦32寸電競顯示器）:HK$271', '浪漫尊享大床房（3060ti+泰坦32寸電競顯示器）:HK$282', '情同手足三人間（3060ti顯卡+泰坦32寸電競顯示器）:HK$314']"
逸鳴酒店,8.2,"['特惠大床房:HK$121', '舒適雙床房:HK$121', '精品大床房:HK$129', '精品雙床房:HK$129']"
麗楓酒店（石河子店）,9.3,"['豪華雙床房:HK$304', '豪華大床房:HK$304', '商務大床房:HK$312', '商務雙床房:HK$312']"
石河子潤邦大酒店（石河子市大學北區店）,8.7,"['特價房:HK$194', '普通標間:HK$244', '榻榻米房:HK$259', '豪華標準間:HK$269']"
石河子一城驛站酒店,9.1,"['温馨大床房:HK$148', '温馨雙床房:HK$148', '舒適大床房:HK$148', '舒適雙床房:HK$148']"
漢庭酒店（石河子萬達廣場店）,9.6,"['高級雙床房:HK$295', '高級大床房:HK$324', '豪華雙床房:HK$335', '家庭房:HK$458']"
速8精選酒店（石河子世紀廣場店）,8.9,"['經濟大床房:HK$185', '標準大床房:HK$195', '標準雙床房:HK$228', '商務雙床房:HK$282']"
7天優品酒店（石河子游憩廣場軍墾博物館店）,8.6,"['精選特優房:HK$191', '優品大床房:HK$227', '優享大床房:HK$250', '優品雙床房:HK$256']"
希岸酒店（石河子大學軍墾博物館店）,9.1,"['希岸大床房:HK$194', '希岸商務大床房:HK$225', '希岸高級大床房:HK$228', '女神浪漫大床房:HK$249']"
凱悅酒店（石河子第一中學店）,9.0,"['標準雙床房:HK$130', '商務雙床房:HK$184', '大床房:HK$184', '圓床房:HK$193']"
石河子歐美麗都大酒店,8.9,"['內景單間（無窗）:HK$119', '內景標間:HK$119', '普通標間:HK$162', '普通單間:HK$167']"
大唐賓館（石河子老街店）,8.2,"['惠選大床房:HK$152', '舒適雙床房:HK$174', '舒適大床房:HK$174', '温馨圓床房:HK$238']"
如家酒店（石河子東五路開發區客運站店）,9.0,"['商務大床房A:HK$134', '大床房:HK$152', '雙床房A:HK$152', '雙床房:HK$161']"
公爵酒店,8.5,"['舒適大床房:HK$111', '標準雙床房:HK$111', '尊享大床房:HK$119', '精選雙床房:HK$119']"
石河子新時代快捷賓館,9.4,"['温馨舒適大床:HK$314', '商務標準雙床房:HK$336', '巨幕投影雙床房:HK$347', '巨幕投影大床房:HK$347']"
石河子愛友酒店（開發區職業技術學院店）,8.9,['小U舒適大床房:HK$212']
金巨成電競酒店,8.5,"['電競標準雙人間:HK$177', '尊貴雙床房:HK$186', '電競三人間:HK$270', '情侶電競房:HK$290']"
石河子百緣佳賓館,8.6,"['精選雙床房:HK$228', '優選雙床房:HK$240', '雅緻大床房:HK$265', '豪華套房:HK$313']"
石河子綠珠賓館,7.9,"['標準間:HK$151', '豪華大床間:HK$151', '豪華標準間:HK$173', '主題標準間:HK$173']"
石河子寓見民宿,7.1,"['豪華兩室一廳套房:HK$293', '温馨兩室一廳套房:HK$336']"
石河子九州瑾程酒店,8.4,"['家庭套房:HK$536', '豪華家庭套房:HK$618', '行政套房:HK$699']"
石河子珍愛賓館,8.2,"['大床房:HK$109', '標準間:HK$131', '豪華大床房:HK$142']"
石河子祥瑞商務賓館,7.9,"['標準間:HK$119', '大床房:HK$133', '三人房:HK$145']"
石河子網事如風賓館,7.3,"['標準間:HK$143', '三人間:HK$164']"
石河子泓源商務賓館,6.6,"['標準雙床房:HK$183', '標準大床房:HK$194', '豪華套房:HK$293']"
天富數字公寓酒店,8.9,[]
瑪納斯西海酒店,9.2,"['陽光大床房:HK$238', '陽光雙床房:HK$238', '豪華陽光大床房:HK$369', '豪華高級套房:HK$555']"
石河子蟠桃商務賓館,9.3,"['普通標準間:HK$131', '大標準間:HK$151', '大床房:HK$151']"
