酒店名称,评分,房型价格列表
建水一水湫法式民宿（紫陶街店）,9.6,"['法式古典大床房:HK$227', '優享花園大床房:HK$260', '花園洋樓大床房:HK$292', '謐靜洋樓大床房:HK$314']"
憬悦雲圖酒店（元陽2號店）,9.5,"['日出觀景特色大床房:HK$468', '日出觀景雙床房:HK$576', '日出觀景大床房:HK$576']"
建水望舒民宿,9.7,"['待月大床房:HK$311', '向晴雙床房:HK$320', '待月大床房（帶花園）:HK$325', '向晴雙床房（帶花園）:HK$329']"
壹宅·侘寂民宿（建水古城文廟店）,9.8,"['全屋微水泥·浴缸大床房【智能馬桶+中央空調+人造石浴缸】:HK$279', '全屋微水泥·陽台浴缸房【智能馬桶+中央空調+人造石浴缸】:HK$325', '全屋微水泥·滑梯大床房【智能馬桶+中央空調+私人滑梯】:HK$325', '全屋微水泥·花園泡池房【智能馬桶+中央空調+私人泡池+休閑空間】:HK$422']"
彌勒湖泉拾月柏雅溫泉酒店（湖泉生態園紅河水鄉店）,9.2,"['天窗逸居大床房（零壓床墊+高清投屏+乾濕分離）:HK$402', '頤靜|玲瓏舒適大床房（零壓床墊+乾濕分離+智能馬桶）:HK$424', '頤靜丨深度好眠大床房（零壓床墊+靜謐深睡+智能馬桶）:HK$501', '頤靜丨深度好眠雙床房:HK$533', '柏雅豪華雙床房（零壓床墊+全景落地窗+乾濕分離）:HK$566']"
建水午拾風民宿（古城小桂湖店）,9.5,"['和風·私享大床房（金可兒床墊+極米投影）:HK$277', '畫風·沁暖雙床房（金可兒床墊+極米投影）:HK$369', '春風·陽光親子房（金可兒床墊+極米投影）:HK$396']"
雲端名宿（建水古城店）,9.6,"['吟風·庭院雙床房（帶私享庭院茶空間+休閑陽台）:HK$480', '小樓·家庭雙床房（帶休閑陽台）:HK$523', '窗前·庭院大床房（帶私享庭院茶空間+園林院景）:HK$577', '春風·湖畔觀景大床房（帶觀景陽台）:HK$621']"
靜逸時光民宿（建水古城店）,9.8,"['特價雙床房:HK$287', '望月暖陽雙床房（含棋牌）:HK$328', '凝湖湖景雙床房:HK$339', '觀雲湖景雙床房:HK$381']"
一溪私湯温泉度假酒店（湖泉生態園店）,9.4,"['悦己·大床房（温泉私湯+全屋智能+中央空調+舒達床墊+進口鵝絨被）:HK$471', '蒹葭·大床房（温泉私湯+全屋智能+中央空調+舒達床墊+進口鵝絨被）:HK$492', '由時·雙床房（温泉私湯+全屋智能+中央空調+舒達床墊+進口鵝絨被）:HK$502', '今夕·觀影大床房（温泉私湯+高清投影+全屋智能+中央空調+舒達床墊+進口鵝絨被）:HK$536']"
玖福度假酒店（建水紫陶街店）,9.3,"['Loft豪華大床房（全屋智能）:HK$234', '豪華雙床房（全屋智能）:HK$284', '私享大床房（全屋智能+浴缸）:HK$298', '尊享大床房（全屋智能+浴缸）:HK$305']"
阡陌里民宿（建水古城店）,9.6,"['在宥雙床房:HK$146', '若素陽光大床房:HK$164', '物外雙床房:HK$217', '無盡大床套房:HK$270']"
國盛酒店（建水朝陽樓小火車店）,9.2,"['燕洞・清和舒適大床房:HK$310', '朝陽·仲夏豪華大床房:HK$347', '花園·伏月豪華雙床房:HK$362', '雙塔·高秋親子閣樓房:HK$392']"
雲水居私湯温泉度假酒店（彌勒湖泉生態園店）,9.5,"['雲舒·温泉大床房（智能馬桶+樓頂星空泡池+電動窗簾+超柔親膚布草）:HK$368', '雲端温泉雙床房（三區分離+智能馬桶+電動窗簾+樓頂星空泡池）:HK$368', '雲起·躺平治癒温泉大床房（智能馬桶+獨立泡池）:HK$404', '雲起温泉大床房（池中淋浴+深睡床墊+中央空調+泡池）:HK$404', '雲漫·温泉大床房（獨立大泡池+電動窗簾+中央空調）:HK$404']"
石屏畫屏里民宿,9.5,"['夏凊-特惠露台沐浴陽光大床房（實木大床，獨立露台）:HK$331', '春華-觀景雙床房（黑胡桃木床，空調 ，恆潔衞浴）:HK$362', '幽蘭--樹影婆娑鳥兒鳴大床房（空調，窗外百年古樹）:HK$362', '秋實特惠寬景雙床房（空調，實木大床）:HK$362']"
建水縣古月裏庭院別墅（建水古城店）,9.6,"['特惠大床房:HK$271', '特惠雙床房:HK$294', '品質雙床房:HK$315', '庭院·露台大床房:HK$326']"
元陽雲上梯田酒店,9.3,"['温馨榻榻米大床房:HK$238', '田園舒適大床房:HK$282', '雲上舒適大床間:HK$358', '雲上豪華大床房:HK$478', '雲上露台大床房:HK$478']"
裏塵民宿（建水古城店）,9.5,"['203立秋·大床房:HK$162', '102立春·雙床房:HK$222', '103春分·雙床房:HK$222', '202大暑·雙床房:HK$222']"
建水供銷旅社（古城小火車店）,9.5,"['供銷記憶大床房【語音智控+智能馬桶+老牌國貨洗護】:HK$277', '供銷記憶雙床房【語音智控+智能馬桶+老牌國貨洗護】:HK$277', '供銷行政大床房【語音智控+智能馬桶+老牌國貨洗護】:HK$308', '供銷行政雙床房【語音智控+智能馬桶+老牌國貨洗護】:HK$308', '家庭親子房【語音智控+智能馬桶+老牌國貨洗護】:HK$391']"
彌勒丨和也樸舍·温泉民宿（熙和中路店）,9.5,"['金湯暖煦·深泡大床房【氤氲礦物質温泉+希爾頓天然乳膠床墊+樂視投屏電視+亞朵深睡記憶枕】:HK$381', '清潤泉·雅居大床【温潤沁心硫磺温泉+鏤空氛圍燈電視櫃+希爾頓天然乳膠床墊】:HK$436', '冬陽暖憶·舒享雙床房【治癒身心天然温泉+希爾頓天然乳膠床墊+樂視投屏電視+亞朵深睡記憶枕】:HK$457', '冬韻雪·綺夢雙床房【鏤空氛圍燈電視櫃+天然硫磺温泉+希爾頓天然乳膠床墊+亞朵深睡記憶枕】:HK$512']"
元陽梯田民宿（多依樹梯田景區店）,9.4,"['近元陽日出觀景台丨冷暖空調丨大落地窗丨智能馬桶:HK$219', '近多依樹日出觀景台丨冷暖空調丨大落地窗丨智能馬桶:HK$236', '舒適雙床房丨冷暖空調丨大落地窗丨智能馬桶丨:HK$246', '精品雙床房丨冷暖空調丨大落地窗丨智能馬桶丨:HK$254']"
元陽新都酒店（多依樹景區店）,9.3,"['簡宿·特惠雙床房|朝西採光+柔軟床墊+冷暖空調|1號樓:HK$193', '暖陽·簡居雙床房|日出東山+温馨裝飾+落地大窗|1號樓:HK$199', '向陽·雅緻雙床房|日出東昇+雅室軒敞+休閑桌椅|1號樓:HK$227', '東旭·精品大床房|柔光撫臉+小巧書桌+素色床品|2號樓:HK$267']"
憬悦雲圖酒店（元陽1號店）,9.5,"['梯田景觀大床房:HK$500', '日出梯田觀景大床房:HK$575', '日出梯田觀景雙床房:HK$575']"
竹葉軒客棧（建水古城店）,9.8,"['豪華榻榻米單間:HK$908', '清楓白露雙床房:HK$1,374', '庭院榻榻米家庭房:HK$1,485', '蘭秀菊方大床房:HK$1,652']"
四塵緣度假酒店（建水古城朝陽樓店）,9.5,"['雅緻大床房 ▏魚池景觀+大金空調:HK$532', '老宅·清雅大床房 ▏老宅景觀+舒達黑鑽床墊+紅木傢俱:HK$559', '和熙大床房 ▏九牧衞浴+魚池景觀+大金空調:HK$627', '老宅·古韻大床房 ▏ 九牧衞浴+墨香古韻+紅木傢俱:HK$631']"
雅璽客棧（建水古城店）,9.5,"['半夏105【舒享庭院、慕思床墊、電動窗簾、智能馬桶】:HK$260', '無憂201【慕思床墊、電動窗簾、智能馬桶】:HK$260', '等風106【舒享庭院、慕思床墊、電動窗簾、智能馬桶】:HK$271', '如願202【慕思床墊、電動窗簾、智能馬桶】:HK$271']"
留苑民宿（建水古城店）,9.7,"['慈雨:HK$142', '溪山:HK$178', '拈花:HK$229', '知度:HK$229']"
元陽流雲閣客棧（多依樹景區店）,9.4,"['空調雙床標間（二號樓）:HK$132', '榻榻米空調房:HK$197', '空調家庭房:HK$197', '景觀空調標間:HK$260']"
柒棲丨雲舒·Serendipity·風吹日落度假美宿（建水十七孔橋店）,9.4,"['Warm·瞻星丨優享·觀景大床房「高織床品+冷暖隨心]>:HK$348', 'Warm·棲悦丨森氧·陽光大床房「零壓床墊+冷暖隨心]>:HK$371', 'Warm·鹿鳴丨雅緻·温馨雙床房「高織床品+冷暖隨心]>:HK$417', 'Warm·望舒丨尊享·豪華觀景大床「零壓床墊+冷暖隨心]>:HK$420']"
琰憶居民宿（建水古城店）,9.7,"['特價大床房（室外露台·電動窗簾）:HK$163', '優享丨舒適雙床房:HK$204', '尊享丨温馨雙床房（電動窗簾）:HK$204', '尊享丨日式榻榻米大床房:HK$239']"
滙源樓客棧（建水古城朱家花園店）,9.4,"['特惠單間:HK$354', '特惠大床房:HK$367', '特惠雙床房:HK$380', '雅緻大床房:HK$395']"
清院民宿（建水古城小火車店）,9.7,"['冬至-舒適大床房（舒達床墊+智能馬桶）:HK$220', '寒露-投影大床房（全屋軟水+舒達床墊+高清投影）:HK$220', '白露-雙床房（LED化粧鏡+全屋軟水+舒達床墊）:HK$238', '穀雨-温暖大床房（LED化粧鏡+全屋軟水+舒達床墊）:HK$238']"
石屏水雲居客棧,9.6,"['普通標準間:HK$633', '標準套房:HK$742', '標準豪華套房:HK$961']"
箇舊易玄莊半山民宿,9.4,"['秋風清:HK$284', '相見歡:HK$306', '如夢令:HK$540', '碧雲深泡池大床房:HK$546']"
建水樹德堂客棧（建水古城店）,9.4,"['雅緻舒適大床房:HK$243', '雅緻舒適雙床房:HK$261', '雅緻輕奢大床房:HK$272', '雅舍初心大床房:HK$294']"
蒔歡·French style villa輕奢療愈度假美墅（建水古城文廟店）,9.7,"['街景大床房|金可兒床墊+温碧泉洗護+中央空調+古城瞰景:HK$397', '酣眠雙床房|金可兒床墊+温碧泉洗護+中央空調+酣眠枕:HK$454', '古城觀景雙床房|露台+智能電視+中央空調+定製酣眠枕:HK$574', '輕奢雙床房|浴缸+温碧泉洗護+中央空調+定製酣眠枕:HK$601']"
元陽原舍慕拉雅民宿（梯田景區店）,9.2,"['雲上梯田閣樓房:HK$334', '雲上梯田大床房:HK$360', '雲上梯田叢林景觀房:HK$456', '雲上梯田豪華觀景套房:HK$568']"
蒙自薄荷驛民宿（南湖公園店）,8.6,"['特惠大床房（巨幕投影+智能客控）:HK$182', '側湖景陽光大床房 210（巨幕投影+智能客控）:HK$195', '側湖景loft雙床房（巨幕投影+智能客控）:HK$221', '藝術loft特惠大床房:HK$235']"
建水雅頌民宿（建水古城文廟店）,9.7,"['桑柔大床房（科勒衞浴、慕斯床墊、智能馬桶）:HK$148', '采薇大床房（科勒衞浴、慕斯床墊、智能馬桶）:HK$206', '鴻雁大床房（科勒衞浴、慕斯床墊、智能馬桶）:HK$213', '敬之親子房（科勒衞浴、慕斯床墊、智能馬桶）:HK$306']"
昌源大酒店（建水縣縣政府店）,9.4,"['豪華商務雙床房（智能馬桶+慕思床墊）:HK$304', '特惠雙床房（慕思床墊）:HK$304', '高級商務雙床房（慕思床墊）:HK$325', '高級商務大床房（智能馬桶+慕思床墊）:HK$337']"
石屏屏緣別院,9.3,"['智能雙床房（智能客控+智能馬桶+鴨絨被+小冰箱）:HK$371', '智能品茗大床房（智能客控+智能馬桶+鴨絨被+小冰箱+榻榻米茶台）:HK$408', '智能品酒大床房（智能客控+智能馬桶+小冰箱+小吧枱）:HK$408', '智能親子房（智能客控+智能馬桶+鴨絨被+小冰箱）:HK$594']"
麗景·都瑪大酒店（綠春縣高級中學店）,9.4,"['零壓舒睡雙床房【小度智能客控+全自動洗衣機】:HK$128', '零壓舒睡大床房【小度智能客控+全自動洗衣機】:HK$128', '180°山景落日大床房【小度智能客控+全自動洗衣機】:HK$138', '180°山景落日雙床房【小度智能客控+全自動洗衣機】:HK$138']"
臨漢雅集度假酒店（建水古城東門店）,9.3,"['舒適雙床房:HK$478', '精選大床房:HK$544', '精選雙床房:HK$544', '湖景大床房:HK$620', '尊享陽台湖景雙床房:HK$697']"
赤雅樓酒店（鳳凰湖公園店）,9.4,"['城景大床房（助眠床品+漢斯格雅衞浴）:HK$293', '院景大床房（助眠床品+靜怡院景+小冰箱+漢斯格雅衞浴）:HK$320', '城景雙床房（助眠床品+漢斯格雅衞浴）:HK$344', '院景雙床房（助眠床品+靜怡院景+小冰箱+漢斯格雅衞浴）:HK$356', '院景豪華大床房（助眠床品+小冰箱+漢斯格雅衞浴）:HK$371']"
貴澤酒店（建水古城店）,9.5,"['清嶼閑雅大床房·席夢思床墊:HK$199', '清嶼閑雅雙床房·席夢思床墊:HK$208', '鉑華尊享大床房·席夢思床墊:HK$243', '鉑華尊享雙床房·席夢思床墊:HK$260']"
新都庭院（普高老寨民俗村店）,9.6,"['安逸丨精品大床房丨冷暖空調丨三區分離丨網紅弔籃椅:HK$226', '巴適丨榻榻米精品雙人房丨空調丨三區分離丨舒適沙發:HK$267']"
靜和北院（建水古城小火車店）,9.6,"['月棲204·投影大床房:HK$402', '漱石101·雙床房:HK$420', '尋隱205·雙床房:HK$471', '風跡206·雙床房:HK$509']"
桂香湖居民宿（建水古城店）,8.9,"['樂享拾光雙床房（小桂湖畔景觀+金可兒床墊）:HK$205', '樂享拾光大床房（小桂湖畔景觀+金可兒床墊）:HK$205', '湖景榻榻米大床房（小桂湖畔景觀+金可兒床墊）:HK$247', '湖景榻榻米雙床房（金可兒床墊）:HK$247']"
建水臨安客棧,9.2,"['特惠單人間:HK$173', '特惠標準間:HK$173', '標準間:HK$183', '單人間:HK$183']"
元陽梯田玫瑰酒莊假日酒店,8.7,"['温馨雙床房（辦公桌椅＋獨立冷暖空調）:HK$272', '温馨大床房（辦公桌椅＋獨立冷暖空調）:HK$325', '園景雙床房（落地窗推拉門＋私享露台）:HK$380', '温馨親子房（辦公桌椅＋獨立冷暖空調）:HK$434', '棋牌雙床房（棋牌室＋私享露台＋落地窗推拉門）:HK$462']"
元陽雲嶺梯田民宿（阿者科店）,9.3,"['露台大床房:HK$314', '景觀智慧標間:HK$369']"
