酒店名称,评分,房型价格列表
舟山朱家尖禪露·瀾庭海景別墅酒店,9.0,"['聞濤·園景大床房:HK$435', '聞濤.園景標準房:HK$501', '聞濤·園景家庭房:HK$545', '高級海景大床房:HK$610', '高級海景家庭房:HK$654']"
舟山環球酒店,9.5,"['酷角質感大床房:HK$686', '酷角質感雙床房:HK$686', '奇妙都市大床房:HK$730', '奇妙都市雙床房:HK$730', '非凡花園大床房:HK$795', '非凡花園雙床房:HK$795']"
森亞·S智能海景度假酒店（綠城東沙度假村店）,9.2,"['月庭花園雙床房（全屋聲控+電視投屏+觀景陽台）:HK$719', '月庭花園親子房（全屋聲控+投屏電視+觀景陽台）:HK$773', '嵐之遠山雙床房（全屋聲控+小冰箱+投屏電視）:HK$828', '嵐之遠山親子房（全屋聲控+小冰箱+投屏電視）:HK$883', '智選·側海景雙床房（全屋聲控+低樓層觀海平面+花園景）:HK$938']"
舟山隱沫書苑酒店（普陀客運中心店）,9.7,"['智能舒適大床房（智能全屋聲控+65寸電視+保險箱）:HK$566', '智能舒適雙床房（智能家居聲控+65寸電視+保險箱）:HK$566', '智能商務大床房（智能家居+65寸電視+保險箱）:HK$687', '智能商務雙床房（65寸電視+智能家居聲控+保險箱）:HK$687', '智能豪華大床房（65寸電視+智能家居聲控+保險箱）:HK$752', '智能豪華雙床房（65寸電視+智能家居+保險箱）:HK$752']"
普陀山百步壹號海景酒店（普濟寺百步沙店）,9.3,"['松間聽海高級大床房（智能客控+高清投影+賞心山景）:HK$1,525', '望佛海景高級大床房（賞海景日出+智能客控+高清投影）:HK$2,049', '望佛海景高級大床房（賞海景日出+私享海景花園小院+高清投影）:HK$2,206', '望佛海景高級雙床房（賞海景日出+私享海景花園小院+高清投影）:HK$2,215', '望佛海景豪華大床套房（賞海上日出+海景露台+智能客控+高清投影）:HK$2,905']"
普陀半升洞碼頭希爾頓歡朋酒店,9.5,"['舒適大床房:HK$654', '舒適雙床房:HK$697', '舒適園景雙床房:HK$751', '高級園景雙床房:HK$795', '高級園景大床房:HK$828']"
借茶問·有茶有海海景民宿,9.7,"['靜·背海榻榻米大床房｜超白幕牆氮氣隔音玻璃+助眠蕎麥枕+全屋凈水+80織原棉床品:HK$591', '品·庭院大床房｜#寵物友好#+C位海景+超白幕牆氮氣隔音玻璃+助眠蕎麥枕+全屋凈水+80織原棉床品:HK$771', '見·C位日出榻榻米大床房｜180°海景+超白幕牆氮氣隔音玻璃+助眠蕎麥枕+全屋凈水+80織原棉床品:HK$849', '慢·經典榻榻米大床房｜270°海景+迷你陽台+超白幕牆氮氣隔音玻璃+助眠蕎麥枕+全屋凈水+80織原棉床品:HK$887']"
美居酒店（普陀山機場朱家尖蜈蚣峙碼頭店）,9.6,"['高級房大床（65寸投屏電視+小冰箱+智能客控）:HK$698', '高級房雙床（65寸可投屏電視+小冰箱+智能客控）:HK$758', '嘉賓房雙床（65寸可投屏電視+小冰箱+浴袍+智能客控）:HK$823', '豪華房大床（65寸可投屏電視+小冰箱+智能客控）:HK$854', '嘉賓房大床（65寸可投屏電視+小冰箱+浴袍+智能客控）:HK$884']"
舟山綠城玫瑰園酒店,9.6,"['城景單人房:HK$557', '豪華海景雙床房:HK$808', '豪華海景大床房:HK$808', '尊貴海景大床房:HK$917', '豪華海景親子房:HK$1,027', '豪華湖景家庭房:HK$1,518']"
舟山新城希爾頓歡朋酒店,9.4,"['舒適大床房-人體工學床墊+彼得羅夫洗護:HK$618', '舒適雙床房-人體工學床墊+彼得羅夫洗護:HK$618', '高級大床房-AI智慧客房+彼得羅夫洗護:HK$620', '高級雙床房-AI智慧客房+彼得羅夫洗護:HK$620', '高級園景雙床房-彼得羅夫洗護+記憶深睡枕:HK$703']"
樸海 · Facing The Sea 180°超一線躺看日出·海景泳池別墅,9.9,"['Huawei·赤茶橘景觀特大床房:HK$775', 'Hermes·愛馬仕橙180°日出海景特大床房（超大榻榻米）:HK$919', 'Titanic·海洋之心180°星空海景日出景觀特大床房（巨幕投影）:HK$1,019', 'LAMER·海藍之謎180°日出海景親子房:HK$1,075']"
知山温泉.設計民宿,9.6,"['庭院浴缸雙床房丨春夏苑（浴缸温泉，無泡池）:HK$631', '庭院私湯大床房丨風花苑:HK$774', '雙庭院私湯大床房丨四季苑:HK$901', '庭院私湯雙床房丨秋冬苑:HK$972']"
花築·烏塘潮音民宿（小烏石塘店）,9.3,"['外甩山·輕奢雅緻大床房:HK$763', '黃礁·輕奢舒適大床房:HK$763', '上盤·觀星攬山大床房:HK$849', '浪崗山·輕奢雅緻雙床房:HK$923']"
舟山朱家尖綠城威斯汀度假酒店,9.3,"['山景客房:HK$1,401', '經典側海景大床房:HK$2,165', '經典側海景雙床房:HK$2,165', '豪華正海景大床房:HK$2,419', '豪華正海景雙床房:HK$2,419', '煥新套房:HK$2,674']"
舟山鉑爾曼酒店,9.5,"['高級海景大床房:HK$1,018', '高級海景雙床房:HK$1,018', '豪華海景大床房:HK$1,114', '豪華海景雙床房:HK$1,114', '豪華海景家庭房:HK$1,364', '行政海景大床房:HK$1,498']"
舟山璞緹海酒店,9.1,"['園景大床房:HK$612', '園景雙床房:HK$612', '歐式典雅大床房:HK$673', '海景大床房:HK$726', '海景雙床房:HK$726']"
嘉之會艾海度假酒店（朱家尖綠城東沙店）,8.8,"['舒適園景家庭房:HK$661', '特惠家庭房:HK$661', '豪華園景大床房:HK$721', '豪華園景家庭房:HK$721', '舒適海景大床房:HK$781']"
舟山朱家尖息耒·朵麗思度假村,8.6,"['精緻大床房:HK$511', '園景雙床房:HK$613', '園景大床房:HK$613', '豪華大床房:HK$686', '海景大床房:HK$730']"
舟山喜來登綠城酒店,9.3,"['豪華城景大床房:HK$713', '豪華城景雙床房:HK$713', '豪華海景大床房:HK$840', '豪華海景雙床房:HK$840', '行政雙床房:HK$1,095', '行政大床房:HK$1,095']"
舟山海中洲國際大酒店,9.6,"['豪華雙床房:HK$695', '悦享雙床房:HK$706', '家庭親子房:HK$784', '豪華大床房:HK$795', '海景雙床房:HK$804', '悦享大床房:HK$816']"
舟山希爾頓酒店,9.6,"['高級湖景大床房:HK$961', '高級湖景雙床房:HK$961', '豪華湖景大床房:HK$1,015', '豪華湖景雙床房:HK$1,015', '蟹大寶主題湖景大床房:HK$1,178', '高級海景大床房:HK$1,232']"
舟山市朱家尖禾集民宿,9.8,"['藕絲秋半｜海景庭院雙床房:HK$922', '緗葉｜一線日出海景大床房:HK$1,844', '茶色｜一線日出星空海景｜超大露台:HK$1,954', '月魄｜一線日出海景露台大床房:HK$1,997']"
綠城直營·朱家尖東沙度假村·半山灣海景度假酒店,9.2,"['特惠家庭房:HK$399', '雅·山景大床房:HK$498', '雅·園景雙床房:HK$553', '雅·山景家庭房:HK$609']"
舟山融悦庭酒店（定海古城店）,9.6,"['舒雅大床房（釋壓深睡床墊）:HK$328', '舒雅雙床房（釋壓深睡床墊）:HK$328', '融悦大床房（釋壓深睡床墊）:HK$350', '融悦雙床房（釋壓深睡床墊）:HK$350', '高級大床房（釋壓深睡床墊）:HK$371']"
舟山桃花島瀾舍·桃花灣民宿,9.2,"['逸居・精緻大床房『乾濕分離+深度睡眠』:HK$428', '翠影・露台大床房『乾濕分離+深度睡眠+獨立陽台』:HK$672', '聽潮・庭院側海景雙床房『乾濕分離+獨立陽台』:HK$789', '海語・庭院側海景大床房『乾濕分離+獨立陽台』:HK$789']"
帛嶼·鉑驪酒店,9.4,"['智能科技豪華大床房:HK$326', '智能科技豪華棋牌房:HK$340', '智能科技豪華雙床房:HK$345', '海洋綺夢-智能科技親子房:HK$570']"
朱家尖但上觀·日矢院 Riya Courtyard（大青山景區店）,9.2,"['白藏·雲海海景大床:HK$463', '蘇芳·海景陽台大床房:HK$579', '不皂·海景陽台大床房:HK$579', '大樹下·海景浴缸露台大床房:HK$694']"
舟旅南苑海上絲綢之路酒店·海天台温湯庭院,9.3,"['園景雙床房:HK$1,461', '園景大床房:HK$1,461', '影音大床房A:HK$1,527', '影音大床房B:HK$1,527', '影音雙床房:HK$1,527']"
曼居酒店（舟山新城小童公園店）,9.4,"['曼享舒適大床房:HK$480', '曼享高級大床房:HK$512', '曼享高級雙床房:HK$545', '曼享豪華大床房（智能窗簾+投屏電視）:HK$556', '曼享豪華雙床房（智能窗簾+投屏電視）:HK$583']"
舟山普陀花間府·水街莊園,9.5,"['菱波高級大床房（65寸可投屏電視+小冰箱+智能馬桶）:HK$528', '水韻經典雙床房（65寸可投屏電視+小冰箱+戴森吹風機）:HK$528', '水韻豪華大床房（65寸可投屏電視+小冰箱+戴森吹風機）:HK$565', '菱波豪華雙床房（65寸可投屏電視+小冰箱+戴森吹風機）:HK$583', '水韻豪華親子房（65寸可投屏電視+小冰箱+戴森吹風機）:HK$640']"
朱家尖一宿一海COFFEE海景度假別墅（小烏石塘東沙風景區店）,9.9,"['澤·山海景大床房（90° 海景+智能馬桶+智能投影）:HK$684', '潯·微海景榻榻米雙床房（智能馬桶+智能電視）:HK$684', '滸·星空海景超大榻榻米（一線海景+星空頂+智能馬桶+智能電視+乳膠床墊+小童繪本）:HK$760', '澗.浪漫星空海景超大榻榻米（一線雙海景+輕奢大浴缸+智能馬桶+乳膠床墊）:HK$988']"
舟山舟旅南苑海上絲綢之路酒店,9.6,"['尊享庭院大床房:HK$2,393', '尊享庭院雙床房:HK$2,393', '東南亞 · 雙陽台大床房:HK$2,393', '海星寶主題房:HK$2,828', '豪華套房:HK$4,249']"
東極·心安會·Peace of mind超一線海景懸崖度假民宿,8.9,"['觀瀾·海景大床房（180°海景+賞落日歸海+智能馬桶+智能窗簾）:HK$620', '嶼夕·海景大床房（180°海景+賞落日歸海+智能馬桶+智能窗簾）:HK$676', '蔚藍·海景大床房（180°海景+賞落日歸海+智能馬桶+智能窗簾）:HK$676', '聆海·海景大床房（180°海景+私家小院+賞落日歸海+小米投屏+智能窗簾+智能馬桶）:HK$731']"
舟山定海美侖國際酒店,9.7,"['高級景觀雙床房（全景落地窗+高空城景+品牌床墊）:HK$645', '豪華景觀雙床房（全景落地窗+品牌床墊+高空城景）:HK$682', '高級景觀大床房（全景落地窗+高空城景+品牌床墊）:HK$682', '豪華景觀大床房（全景落地窗+高空城景+品牌床墊）:HK$720', '行政雙床房（全景落地窗+品牌床墊+麻將桌）:HK$758']"
全季酒店（舟山朱家尖蜈蚣峙碼頭店）,9.3,"['大床房:HK$567', '雙床房:HK$587', '舒壓雙床房:HK$607', '高級雙床房:HK$627']"
舟山普陀拉斐特·城堡度假莊園,9.8,"['榮興閣·高級雙床房（科勒衞浴+城堡高層湖景）:HK$653', '博鄰閣·商務雙床房（科勒智能衞浴+古典書櫃）:HK$719', '雙悦閣·豪華雙床房（mini冰箱+科勒智能衞浴+古式密碼保險箱+藝術油畫沙發）:HK$741', '匯金閣·雅緻園景輕奢套房（科勒智能衞浴+古式密碼保險箱+氣派壁畫+深泡浴缸+城堡中央陽台）:HK$839', '禧辰閣·旅行家微醺套房-大床（mini冰箱+科勒智能衞浴+古式密碼保險箱+mini酒吧吧枱+深泡浴缸+湖景陽台）:HK$839']"
舟山財富大酒店,9.2,"['高級雙床房:HK$603', '高級大床房:HK$603', '豪華雙床房:HK$696', '豪華大床房:HK$696', '臻選雙床房:HK$696', '臻選大床房:HK$696']"
朱家尖曼夏雲間·海景度假別墅（小烏石塘店）,9.7,"['覓星·輕奢大床房:HK$509', '清淺.輕奢家庭房:HK$524', '烏石藍·海景大床房（90°海景）:HK$565', '之夏.輕奢家庭房:HK$587']"
舟山沈家門大酒店,9.5,"['舒適雙床房:HK$327', '商務雙床房:HK$358', '商務大床房:HK$381', '豪華大床房:HK$419']"
普陀山柏沅酒店,9.2,"['南行|豪華大床房（禪意攝影）:HK$1,528', '南行|豪華雙床房（禪意攝影）:HK$1,528', '觀修|庭院大床房（禪意攝影）:HK$1,747', '觀修|庭院雙床房（禪意攝影）:HK$1,747', '梵音|複式茶室大床房（禪意攝影）:HK$2,293', '柏木|複式雙大床房B（禪意攝影）:HK$2,293']"
舟山普陀萬楓酒店,9.3,"['標準大床房:HK$583', '標準雙床房:HK$583', '高級大床房:HK$627', '高級雙床房:HK$627', '行政大床房:HK$671']"
朱家尖汐沐·民宿（蜈蚣峙碼頭觀音法界店）,9.5,"['401閣樓斜頂大床房（記憶床墊+舒適好眠）:HK$412', '402閣樓斜頂大床房（記憶床墊+舒適好眠）:HK$459', '101捻舊·風淡雲輕雙床房（巨幕投影+智能客控）:HK$582', '203悦兮·一簾幽夢雙床房（巨幕投影+智能客控）:HK$590']"
桃花島出桃漫生活,9.9,"['看海.情侶温馨大床房:HK$821', '漫漫.海景温馨標準房:HK$1,053', '悠悠.海景舒適標準房:HK$1,053', '慢慢來.海景輕奢套房:HK$1,255']"
舟山普陀希爾頓歡朋酒店,9.5,"['舒適雙床房:HK$605', '高級雙床房:HK$671', '高級大床房:HK$671', '豪華大床房:HK$707', '歡小朋家庭房:HK$807']"
舟山普陀聖地亞美侖國際酒店,9.5,"['高級雙床房:HK$610', '高級大床房:HK$659', '豪華雙床房:HK$661', '森林氧吧大床房:HK$704', '高級景觀大床房:HK$728', '高級景觀雙床房:HK$733']"
朱家尖花樹·coffee騎行設計師美墅（烏石塘店）,9.8,"['B1號·星空頂大床房｜獨立庭院｜投屏電視｜星空頂｜:HK$2,061', 'B10號·智能影音大床房｜巨幕投屏｜大浴缸｜:HK$2,061', 'B3 號·智能雙大床｜舒適大床｜投屏電視｜零壓枕｜零壓床墊｜:HK$2,061', 'B12號·海景大套房｜落地窗｜巨幕投影｜浴缸:HK$2,402']"
遇見蓮民宿（觀音法界蜈蚣峙碼頭店）,9.8,"['春華·精緻大床房:HK$458', '小清新大床房:HK$458', '白駒·圓床房:HK$458', '近海·院景可投屏大床房:HK$589']"
舟山普陀元生大酒店,9.4,"['臻選雙床房（落地窗）:HK$505', '臻選大床房（落地窗）:HK$505', '豪華市景大床房（小冰箱+落地窗）:HK$537', '豪華市景雙床房（小冰箱+落地窗）:HK$537', '行政市景大床房（小冰箱+落地窗+智能客控+智能馬桶）:HK$578']"
舟山錦鯉酒店,9.6,"['優選雙床:HK$489', '飛黃騰達-大床房:HK$773', '飛黃騰達-雙床房:HK$773', '鯉魚躍龍門-雙床房:HK$773']"
舟山悦來度假酒店,9.3,"['温馨大床房:HK$653', '塵心雙床房:HK$653', '悦心雙床房:HK$707', '禪意大床房:HK$730', '禪意雙床房:HK$730']"
