酒店名称,评分,房型价格列表
菏澤水邑嘉年華酒店（火車站牡丹區店）,9.7,"['恬逸雙床房（180°全景窗+空氣凈化器）:HK$257', '恬逸大床房（180°全景窗+空氣凈化器）:HK$257', '邑悦城景雙床房（鵝絨枕+鵝絨被+空氣凈化器）:HK$297', '邑悦城景大床房（鵝絨枕+鵝絨被+空氣凈化器）:HK$307', '零壓大床房（夢百合0壓床墊+0壓記憶枕）:HK$326']"
星程酒店（菏澤大學城店）,9.1,"['高級大床房:HK$211', '高級雙床房:HK$211', '商務大床房:HK$230', '商務雙床房:HK$230']"
山東儒雅酒店,9.9,"['舒適大床房:HK$311', '行政大床房:HK$357', '行政雙床房:HK$365', '尊享行政大床:HK$403', '豪華套房:HK$779']"
菏澤萬達美華酒店,9.6,"['豪華雙床房（大尺寸雙床+金可兒床墊+智能投屏+睡眠窗簾）:HK$298', '豪華大床房（特大床+金可兒床墊+智能投屏+睡眠窗簾）:HK$309', '高級豪華大床房（特大床+迷你吧+智能投屏+睡眠窗簾）:HK$351', '高級豪華雙床房（金可兒床墊+大尺寸雙床+迷你吧+睡眠窗簾）:HK$351', 'Wan Vita Cafe沉浸大床房（私享Coffee機+智能投屏+迷你小冰箱）:HK$392']"
銀盛國際酒店（菏澤火車站萬達廣場店）,8.8,"['尊享大床房:HK$217', '尊享雙床房:HK$217', '智選大床房:HK$268', '智選雙床房:HK$268', '商務套房:HK$382']"
水邑澳洲酒店（曹縣店）,9.6,"['悦享雙床房【高密度遮光窗簾+0壓床墊+助眠床墊】:HK$260', '悦享大床房【夢百合0亞床品+安逸舒坦+超大床】:HK$260', '商悦大床房【助眠零壓床墊+舒睡鵝絨被+舒適天絲床品】:HK$314', '商務雙床房【羽絨被+天絲床品+0壓記憶枕】:HK$314', '高級大床房【助眠零壓床墊+超大空間+舒睡鵝絨被】:HK$314']"
菏澤佳和城智選假日酒店,9.1,"['高級房大床無障礙:HK$285', '高級大床房:HK$285', '高級房雙床:HK$285', '高級房:HK$285', '高級房大床高樓層:HK$309']"
菏澤萬達廣場美侖酒店,9.6,"['高級大床房:HK$262', '高級雙床房:HK$269', '高級雙床房（投屏電視+小冰箱）:HK$321', '高級大床房（投屏電視+小冰箱）:HK$331', '豪華大床房（投屏電視+小冰箱）:HK$352']"
華瑞酒店（菏澤火車站長江路店）,9.6,"['簡約生活房:HK$154', '舒適親子房:HK$160', '簡約大床房:HK$163', '豪華雙床房:HK$172']"
菏澤和平大酒店,9.1,"['商務標間:HK$314', '商務單間:HK$314', '豪華單間:HK$448', 'VIP單間:HK$601', '豪華套間:HK$1,048']"
全季酒店（菏澤鉅野高鐵北站店）,9.8,"['高級大床房:HK$281', '商務大床房:HK$301', '雙床房:HK$301', '豪華大床房:HK$321']"
東方儒家天宏酒店（菏澤佳和城店）,9.7,"['儒雅經典雙床房-普蘭特零壓床墊:HK$293', '儒雅行政雙床房（普蘭特零壓床墊+智能客控）:HK$315', '儒雅品質大床房-普蘭特零壓床墊:HK$315', '儒雅行政大床房（普蘭特零壓床墊+空氣凈化器+智能客控）:HK$348', '儒雅豪華套房（空氣凈化器+迷你冰箱+浴缸）:HK$861']"
沃德酒店（曹州牡丹園菏澤大學城店）,9.4,"['商務大床房:HK$197', '商務雙床房:HK$197', '雅緻大床房:HK$206', '雅緻雙床房:HK$206']"
桔子酒店（菏澤人民路店）,9.6,"['大床房（小冰箱）:HK$260', '雙床房（小冰箱）:HK$279', '森林狂歡（小冰箱）:HK$289', '滄海雙床房（小冰箱）:HK$298']"
水邑·柏青酒店（菏澤佳和城火車站店）,9.6,"['優享大床房-【高密度遮光窗簾+特大床】:HK$268', '優享雙床房-【自然眠愈被芯】:HK$316', '輕奢雙床房-【高密度遮光窗簾+自然舒眠床墊】:HK$351', '零壓助眠大床房-【人體工學舒眠床墊+超柔親膚布草】:HK$396', '舒雅大床房-【高密度遮光窗簾+自然眠愈被芯】:HK$399']"
成武成湖大酒店,9.5,"['儒家豪華雙人房（小度智能客控+智能馬桶）:HK$251', '儒風湖景大床房（小度智能客控+智能馬桶）:HK$261', '閨蜜房:HK$292', '摯愛主題小童房:HK$328']"
菏澤長江東路桔子水晶酒店,9.6,"['商務雙床房·小冰箱+智能客控+電視投屏:HK$321', '高級大床房·小冰箱+智能客控+電視投屏:HK$321', '商務大床房·小冰箱+智能客控+電視投屏:HK$350', '行政雙床房·小冰箱+智能客控+電視投屏:HK$350', '行政大床房·小冰箱+智能客控+電視投屏+浴缸:HK$399']"
鉅野龍城國際大酒店,9.4,"['特惠大床房:HK$168', '商務標準間:HK$198', '商務大床房:HK$205', '豪華大床房:HK$269']"
如家商旅酒店（菏澤定陶萬泰城店）,9.1,"['商務大床房（智能投屏電視+夢百合零壓床墊）:HK$151', '雙床房（智能投屏電視+夢百合零壓床墊）:HK$161', '高級大床房（智能客控+客房休閑茶吧區）:HK$179', '家庭房（夢百合零壓床墊+智能客控）:HK$206']"
鄆城鄆州大酒店,8.8,"['豪華雙床房:HK$270', '豪華大床房:HK$274', '行政大床房:HK$323', '行政雙床房:HK$323', '行政豪華套房:HK$736']"
牡丹大酒店（菏澤火車站店）,9.3,"['標準大床房:HK$218', '商務標準間:HK$237', '商務大床房:HK$244', '國色天香:HK$310']"
軒巖國際酒店（舜師東路銀座商城店）,9.2,"['高級大床房:HK$234', '高級雙床房:HK$234', '商務大床房:HK$282', '商務雙床房:HK$282', '景觀大床房:HK$305']"
喆啡酒店（曹縣店）,9.8,"['醇享大床房:HK$317', '啡凡大床房:HK$364', '啡凡雙床房:HK$375', '啡凡純凈大床房:HK$405']"
麗楓酒店（菏澤定陶店）,9.6,"['豪華大床房:HK$284', '商務雙床房:HK$293', '純凈自然大床房:HK$359', '浪漫優享房:HK$388']"
水邑伯樂大酒店（成武縣黨校店）,9.7,"['雅緻園景特大雙床房（智能馬桶+智能窗簾）:HK$335', '雅緻園景大床房（智能馬桶+智能窗簾）:HK$355', '清奢園景雙床房（浴缸+迷你冰箱+智能馬桶+智能窗簾）:HK$361', '清奢園景大床房（浴缸+迷你冰箱+ 智能馬桶+智能窗簾）:HK$364', '小恐龍主題房（迷你冰箱+智能馬桶+智能窗簾）:HK$457']"
崬月酒店（菏澤定陶汽車站店）,9.6,"['星辰丨舒適大床房【靜謐空間+手機投屏+整晚安睡】:HK$165', '星辰丨舒適雙床房【靜謐空間+手機投屏+整晚安睡】:HK$165', '星光丨觀影雅緻大床房【零壓床墊+高清投影+深度好眠】:HK$176', '星光丨觀影雅緻雙床房【零壓床墊+高清投影+深度好眠】:HK$176']"
南湖賓館,9.8,"['普通大床房:HK$381', '普通標準間:HK$381', '豪華湖景標準間（超大陽台景色秀麗）:HK$435', '零壓大床房（床品服帖靜享安逸）:HK$435', '零壓標準間（湖光山色一覽無餘床品服帖）:HK$448']"
鉅野開元名都酒店,9.6,"['特價雙床房:HK$380', '開元大床房:HK$413', '開元雙床房:HK$435', '行政園景大床房:HK$511', '開元小童房:HK$533']"
白玉蘭酒店（菏澤大學城店）,9.7,"['零壓輕雅大床房:HK$209', '零壓靜雅家庭房:HK$258', '零壓靜雅大床套房:HK$429']"
全季酒店（菏澤單縣雲數中心店）,9.6,"['雙人間:HK$301', '高級大床房:HK$301', '商務大床房:HK$321', '豪華套房:HK$371']"
陶花元酒店（萬達廣場店）,9.9,"['陶花·清新智能大床房【全屋語音智能+智能馬桶+窗簾】:HK$261', '陶花·輕奢智能大床房【全屋語音智能+智能馬桶+窗簾】:HK$268', '陶花·悠享智能雙床房【全屋語音智能+智能馬桶+窗簾】:HK$275', '陶花·尊享智能雙床房【全屋語音智能+智能馬桶+窗簾】:HK$282']"
水邑嘉年華酒店（鄄城店）,9.7,"['優享商務雙床房:HK$312', '尊享商務大床房（鵝絨枕+輕盈鵝絨被）:HK$345', '行政大床房（鵝絨枕+輕盈鵝絨被）:HK$366', '輕享標準間:HK$384']"
宜尚酒店（東明汽車站曙光路店）,9.8,"['智能特價大床房:HK$237', '智能高級大床房:HK$278', '智能高級雙床房:HK$278', '智能商務大床房:HK$318']"
菏澤五洲國際大酒店（火車站 ）,9.4,"['動雅大床房（智能客控+智能馬桶）:HK$294', '動雅雙床房（智能客控+智能馬桶）:HK$294', '動雅行政大床房（智能客控+智能馬桶）:HK$428', '動雅行政雙床房（智能客控+智能馬桶）:HK$428', '動雅行政套房（智能客控+智能馬桶）:HK$858']"
麗楓酒店（菏澤大學路店）,9.6,"['標準大床房:HK$219', '豪華雙床房:HK$224', '商務大床房:HK$259', '豪華大床房:HK$271']"
鉅野佳和酒店,9.2,"['商務雙床房:HK$205', '優享雙床房:HK$205', '豪華大床房:HK$216', '豪華雙床房:HK$216']"
愛尚電競酒店（菏澤火車站店）,9.4,"['電競大床房:HK$217', '電競雙人房:HK$240', '電競三人間:HK$294']"
銀座精宿（菏澤佳和城二十一中店）,9.5,"['優選大床房:HK$192', '優選雙床房:HK$192', '智慧精選大床房:HK$211', '智慧精選雙床房:HK$211']"
鄆城萬達美華酒店,9.3,"['特惠大床房（智能投屏）:HK$247', '豪華大床房（智能投屏+斯林百蘭床墊）:HK$278', '豪華雙床房（智能投屏+斯林百蘭床墊）:HK$278', '高級豪華大床房（智能投屏+智能馬桶+迷你吧+保險箱）:HK$377', '美華套房（智能投屏+智能馬桶+沙發）:HK$671']"
非繁歐樂酒店（菏澤曹縣馬金鳳大戲樓店）,9.5,"['雅緻大床房:HK$219', '雅緻雙床房:HK$226', '豪華大床房:HK$234', '豪華雙床房:HK$241']"
喆啡酒店（菏澤定陶店）,9.8,"['啡凡體驗房:HK$240', '啡凡豪華大床房:HK$292', '啡凡純凈大床房:HK$310', '啡凡喆熊大床房:HK$349']"
漢庭酒店（鄄城汽車站店）,9.8,"['高級大床房:HK$233', '雙床房:HK$233', '商務大床房:HK$252']"
如家商旅酒店（菏澤廣州路鑫凱國際家居廣場店）,9.6,"['商務大床房（電動窗簾+直飲水）:HK$170', '雙床房（電動窗簾+直飲水）:HK$170', '高級大床房（電動窗簾+直飲水）:HK$213', '高級雙床房（電動窗簾+直飲水）:HK$213']"
桔子酒店（單縣人民路店）,9.7,"['高級大床房:HK$301', '高級雙床房:HK$301', '行政大床房:HK$311', '行政雙床房:HK$321']"
星程酒店（菏澤鄆城水滸好漢城店）,9.6,"['高級大床房:HK$171', '雙床房:HK$171', '商務大床房:HK$190', '商務雙床房:HK$199']"
喆非酒店（成武翡翠城店）,9.4,"['特惠大床房:HK$186', '醇享大床房（小度智能）:HK$196', '啡凡大床房（小度智能）:HK$206', '啡凡豪華大床房（小度智能）:HK$217']"
鄆城泰舟酒店,9.2,"['泰舟特價房:HK$256', '泰舟商務大床房:HK$293', '泰舟豪華大床房:HK$345', '泰舟豪華雙床房:HK$345', '泰舟行政大床房:HK$370']"
菏澤魯西南温泉酒店,7.2,"['豪華大床間:HK$252', '豪華標準間:HK$252', '家庭房:HK$330', '套房:HK$636']"
維也納國際酒店（單縣湖西公園店）,9.5,"['標準大床房:HK$209', '高級雙床房:HK$229', '高級大床房:HK$229', '豪華雙床房:HK$246']"
中衡酒店（莊寨政府店）,9.3,"['簡雅大床房:HK$154', '影音大床房:HK$162', '影音雙床房:HK$162', '致雅大床房:HK$168']"
