酒店名称,评分,房型价格列表
萍鄉天鵝時尚酒店,9.5,"['特價高級雙床房:HK$208', '高級大床房:HK$222', '豪華雙床房:HK$265', '豪華大床房:HK$280']"
藍天精品酒店（萍鄉火車站潤達廣場店）,9.7,"['精品單間:HK$126', '雅緻大床房:HK$149', '雅緻雙人間:HK$149', '影視雅緻單間【騰迅視屏無限看+可投屏+超大熒幕】:HK$162']"
萍鄉沁廬精品酒店（潤達國際店）,9.2,"['特惠大床房:HK$174', '精品大床房:HK$183', '特惠雙床房:HK$185', '精品雙床房:HK$195']"
萍鄉格蘭雲天國際酒店,9.3,"['高級雙床房:HK$413', '高級大床房:HK$435', '豪華大床房:HK$509', '豪華棋牌大床房:HK$509', '商務大床房:HK$536', '親子家庭房:HK$561']"
萍鄉安源天虹廣場亞朵酒店,9.7,"['高級大床房（智能客控+亞朵記憶枕）:HK$394', '高級雙床房 （智能客控+亞朵記憶枕）:HK$403', '行政雙床房（智能客控+落地窗+亞朵記憶枕）:HK$421', '行政大床房（智能客控+落地窗+亞朵記憶枕）:HK$430', '幾木大床房（智能客控+minibar+亞朵深睡枕）:HK$483']"
柏喬酒店（萍鄉潤達國際店）,9.2,"['柏選-精選大床房:HK$198', '柏優-優選大床房:HK$217', '柏庭-家庭大床雙人房:HK$222', '柏享-按摩椅大床房:HK$232']"
萍鄉雅緻精選酒店,9.1,"['舒適大床房:HK$219', '高級大床房:HK$248', '娛樂房:HK$255', '豪華雙人房:HK$255', '豪華大床房:HK$255']"
萍鄉梅園國際大酒店,9.4,"['瑞竹觀景雙床房（智能馬桶+智能客控+小冰箱）:HK$304', '瑞竹觀景大床房（智能馬桶+小冰箱+智能客控）:HK$348', '漆語觀景大床房（（智能馬桶+智能客控+小冰箱）:HK$381', '漆語觀景雙床房（（智能馬桶+智能客控+小冰箱）:HK$381', '金色童年親子大床房（智能馬桶+智能客控+小冰箱）:HK$500']"
維也納酒店（萍鄉潤達國際步行街店）,9.2,"['標準單人間:HK$199', '標準雙床房:HK$216', '豪華大床房:HK$224', '棋牌雙床房:HK$229']"
維爾森空中酒店（萍鄉潤達國際店）,9.2,"['智選雙床房:HK$200', '智選大床房:HK$209', '優選大床房:HK$219', '慧選大床房:HK$229']"
Gathering集雅東方酒店,9.2,"['升月大床房:HK$225', '和風大床房:HK$294', '和風雙床房:HK$294', '幔雲大床房:HK$304', '子悦棋牌房:HK$313']"
宜尚酒店（萍鄉火車站天虹廣場店）,9.5,"['標準大床房·智能客控+智能音箱:HK$213', '高級大床房·智能客控+寬敞舒適+智能音箱:HK$236', '高級雙床房·智能客控+寬敞舒適+智能音箱:HK$236', '豪華大床房·智能客控+寬敞明亮+智能音箱:HK$267']"
萍鄉迎賓館,9.7,"['雅緻大床房:HK$518', '休閑雙床房:HK$518', '綠色健康房:HK$557', '親子大床房:HK$557', '景緻套房:HK$1,045']"
悦空中酒店（萍鄉秋收廣場店）,9.4,"['精選大床房:HK$251', '山景大床房:HK$288', '和悦雙床房:HK$312', '秋收大床房:HK$323', '影視大床房:HK$333']"
萍鄉宏基大酒店,9.5,"['高級單間:HK$245', '標準雙人間:HK$249', '標準單間:HK$250', '高級棋牌房:HK$282', '商務電腦單間:HK$301']"
維朵酒店（萍鄉潤達國際店）,9.0,"['雲朵優享大床房:HK$196', '和風輕奢大床房:HK$199', '舒心全景大床房:HK$202', '豪華行政大床房:HK$240']"
萍鄉潤達國際酒店,9.1,"['高級麻將房:HK$210', '高級大床房:HK$215', '高級雙床房:HK$267', '行政豪華大床房:HK$301', '豪華麻將房:HK$321']"
安曼森國際酒店（萍鄉步行街夢想天街店）,9.2,"['城景智選大床房（全屋智能，零壓枕芯）:HK$152', '智選雙床房（全屋智能，零壓枕芯）:HK$152', '城景慧選大床房（全屋智能，零壓枕芯）:HK$171', '智選麻將雙床房（全屋智能，零壓枕芯）:HK$200']"
榕港國際大酒店（萍鄉學院天虹店）,9.3,"['雅居雙床房-窗外美景+靜謐舒適+温馨助眠+零壓床品:HK$191', '雅居大床房-窗外美景+靜謐舒適+温馨助眠+零壓床品:HK$207', '甄選智能大床房-小度語控+智能家居+恆温馬桶+商務辦公:HK$260', '甄選智能雙床房-小度語控+智能家居+恆温馬桶+商務辦公:HK$260', '甄選輕奢浴缸房-高層美景+深度好眠+解壓浴缸+超大空間:HK$276']"
德萊文電競酒店,9.9,"['D1暢玩智能電競影視大床房:HK$219', 'D23精選智能投影電競大床房:HK$238', 'D2暢玩智能影視電競雙人房:HK$272', 'D9精選智能影視電競雙人房:HK$289']"
悦空中酒店（萍鄉潤達國際店）,9.1,"['空中瑰麗大床房:HK$238', '空中·豪華娛樂房:HK$238', '空中·精選大床房:HK$238', '空中和悦雙床房:HK$248']"
梅生嘉華酒店,9.5,"['精品單間:HK$213', '精品標間:HK$213', '行政標間:HK$267', '行政單間:HK$267', '智優娛樂雙床房（一房一棋牌室）:HK$371']"
悦凱國際酒店（萍鄉翡翠城世紀廣場店）,8.8,"['特享大床房（陽光温馨）:HK$233', '特享雙床房（潔凈舒適）:HK$245', '景觀大床房（視野開闊）:HK$259', '景觀雙床房（俯瞰夜景）:HK$269']"
華玉輕居酒店（萍鄉市政府店）,8.8,"['特惠無窗大床房:HK$141', '城景大床房（零壓乳膠床墊 | 親膚鴨絨被 | 高清電視）:HK$154', '城景雙床房（高清網絡電視丨親膚舒睡床品丨明亮寬敞）:HK$154', '湖景棋牌大床房（親膚鴨絨被丨高清網絡電視丨棋牌娛樂丨超大空間）:HK$168']"
凱里亞德酒店（萍鄉萬龍灣店）,9.6,"['輕享大床房（榻榻米）:HK$188', '優享雙床房:HK$221', '優享大床房:HK$243', '樂享數碼大床房（棋牌房）:HK$245']"
馭界電競酒店,8.9,"['Y1暢享智能電競大床房:HK$260', 'Y2輕奢城景電競大床房:HK$282', 'Y6精選輕奢雙床電競房:HK$287', 'Y3智能影視棋牌電競大床房:HK$304']"
麗楓酒店（萍鄉潤達國際高鐵站店）,9.5,"['豪華大床房:HK$232', '豪華雙床房:HK$253', '商務大床房:HK$269', '自在雙床房:HK$302']"
美華酒店（火車站潤達國際店）,9.6,"['特惠雙床房（智能馬桶、乾濕分離、零壓床墊）:HK$185', '舒適大床房（陽光大窗、智能馬桶、零壓床墊）:HK$190', '豪華大床房（陽光大窗、智能馬桶、零壓床墊）:HK$202', '雅緻雙床房（智能馬桶、乾濕分離、零壓床墊）:HK$217']"
甜貓酒店,9.1,"['樂享棋牌房:HK$206', '輕享雙床房:HK$206', '輕享大床房:HK$214', '尊享榻榻米房:HK$230']"
壹號公館（人民醫院店）,8.7,"['休閑單人間:HK$160', '標準雙人間:HK$160', '高檔雙人間:HK$195', '棋牌大床房:HK$195']"
萍鄉凱光美爵酒店,9.3,"['精選高級大床房:HK$335', '高級山景大床房:HK$337', '高級山景雙床房:HK$337', '高級池畔雙床房:HK$381', '高級池畔大床房:HK$381']"
萍鄉鼎盛國際酒店（萍鄉學院店）,9.0,"['韻致精選大床房:HK$135', '韻致精選雙床房:HK$135', '美宿臻選大床房:HK$148', '美宿臻選雙床房:HK$148']"
萍鄉天利園國際大酒店,8.7,"['標準大床房:HK$195', '標準雙床房:HK$205', '休閑麻將房:HK$205']"
米萊臻選酒店,9.2,"['滾來滾去大床房（我們在等你）:HK$120', '暢贏棋牌房（一壺清茶，三五好友，來個牌局）:HK$155', '舒適睡眠大床房（這一刻，時光正好，感受城市的浪漫）:HK$155', '歡心安逸雙床房（聆聽綠葉交織）:HK$163']"
維卡國際酒店（湘東店）,8.9,"['拾光雅韻娛樂房:HK$215', '特惠大床房:HK$216', '維卡智享雙人房:HK$219', '維卡尊享行政房:HK$290']"
萍鄉曼頤精品酒店（翡翠城萍鄉學院店）,9.1,"['曼享温馨大床房:HK$148', '曼享温馨雙床房:HK$148', '曼享臻品大床房:HK$166', '曼享臻品雙床房:HK$166']"
萍鄉池上電競酒店,9.4,"['影咖大床房:HK$163', '影咖雙床房:HK$163', '麻將標準間:HK$172', '豪華麻將大床房:HK$204']"
如家酒店·NEO（萍鄉綠茵廣場步行街店）,9.5,"['大床房:HK$125', '雙床房:HK$141', '商務大床房:HK$141', '高級大床房:HK$182']"
萍鄉温特電競酒店,9.3,"['影視vip丨單人電競房[3060t顯卡+i710代+32GB內存]:HK$221', '特價丨電競雙人間:HK$258', '特價丨電競大床房:HK$258', '影音電競丨城景大床房[3060T顯卡+10代cpu+32GB]:HK$281']"
萍鄉蘇州印象酒店（市人民醫院店）,9.4,"['特惠大床房:HK$144', '新單人印象房:HK$151', '特惠雙床房:HK$151', '新單人舒適房:HK$159']"
天池臻選酒店（萍鄉步行街店）,9.2,"['輕居格調大床房:HK$164', '百寸巨幕超清投影兩米大床房:HK$193']"
萍鄉夢之精品酒店（高鐵站店）,9.6,"['夢之臻選榻榻米房:HK$137', '夢之臻選娛樂套房:HK$137', '夢之臻選大床房:HK$161', '夢之臻品商務標間:HK$161']"
遇見精品酒店（市人民醫院店）,9.2,"['迷你榻榻米房:HK$121', '舒適大床房:HK$141', '舒適標準間:HK$141', '精品大床房:HK$148']"
夢之精品酒店（步行街店）,9.1,"['夢之精選大床房:HK$138', '夢之精品商務標間:HK$155', '夢之精品商務單間:HK$155', '夢之精品複式標準娛樂房:HK$171']"
萍鄉天歌商務賓館（高鐵站店）,9.3,"['娛樂大床房:HK$158', '優選大床房:HK$160', '優選雙床房:HK$160', '智選大床房:HK$175']"
天城賓館（萍鄉火車站潤達國際店）,8.7,"['惠享·舒適潔凈大床房:HK$124', '悦享·舒暢甜睡雙床房·温馨舒適:HK$135', '悦享·舒暢甜睡大床房·温馨舒適:HK$135', '趣享·情侶主題房·精緻睡眠:HK$140']"
雲上智慧公寓酒店（新市政府店）,9.3,"['智慧大床房 | 智能客控| 特大陽台| 高清電視:HK$204', '智慧豪華大床房| 智能客控| 特大陽台|乾濕分離衞浴:HK$208', '智慧豪華雙人房 |乾濕分離衞浴 | 智能客控 | 高清電視:HK$217', '智慧複式大床房| 智能客控| 特大陽台|舒適柔軟床品:HK$217']"
天城賓館（萍鄉學院天虹購物中心店）,8.5,"['惠享·舒適潔凈大床房:HK$100', '悦享·舒暢甜睡雙床房·温馨舒適:HK$108', '悦享·舒暢甜睡大床房·温馨舒適:HK$108', '趣享·情侶圓床房·精緻睡眠:HK$108']"
愛度精緻酒店（萍鄉學院店）,8.7,"['極簡智享·商務房:HK$179', '星辰夢境·大床房:HK$196', '幻境時空·主題房:HK$213', '悦享雙棲·雙人房:HK$229']"
艾尚吾家酒店（萍鄉火車站店）,8.7,"['特惠大床房:HK$148', '温馨大床房:HK$156', '豪華大床房:HK$163', '豪華雙床房:HK$163']"
