酒店名称,评分,房型价格列表
葫蘆島大潤發愛心公園麗呈睿軒酒店,9.3,"['零壓-逸境大床房丨智能客控:HK$281', '零壓-逸緻雙床房|智能客控:HK$301', '零壓-高級大床房丨智能客控:HK$398', '零壓-高級雙床房丨智能客控:HK$421', '零壓-商務大床房丨智能客控:HK$530']"
漢庭酒店（葫蘆島飛天廣場店）,9.8,"['高級大床房:HK$292', '高級雙床房:HK$312', '影音大床房:HK$358', '套房:HK$406']"
凱麗酒店（葫蘆島龍灣濱海店）,9.3,"['甄選雙床房（温馨空間+北歐風格）:HK$328', '雅緻大床房（温馨空間+北歐風格）:HK$328', '商務大床房（優質睡眠+夢百合床墊+零壓記憶枕）:HK$342', '零壓尊享雙床房（優質床品+零壓記憶枕+夢百合床墊）:HK$360', '零壓尊享大床房（優質床品+零壓記憶枕+夢百合床墊）:HK$360']"
漢庭酒店（葫蘆島中央路店）,9.7,"['塌塌米房:HK$264', '高級大床房:HK$283', '雙床房:HK$292', '家庭房:HK$340']"
全季酒店（葫蘆島文興南路店）,9.7,"['大床房:HK$365', '高級大床房:HK$402', '雙床房:HK$402', '高級雙床房:HK$448']"
陸號温泉酒店,8.3,"['温泉大床房:HK$399', '豪華温泉大床房:HK$578', '豪華温泉標準間:HK$579', '豪華家庭親子套房:HK$589']"
白玉蘭酒店（葫蘆島市政府店）,9.4,"['輕舒大床房（無窗）:HK$291', '輕舒雙床房（無窗）:HK$299', '玉舒雙床房:HK$324', '蘭舒大床房:HK$339']"
葫蘆島縉雲小築公寓,9.2,"['格調投影房:HK$355', '戀夏大床房:HK$355', '空谷幽蘭:HK$355', '染指年華:HK$392']"
全季酒店（葫蘆島市政府店）,9.7,"['高級大床房A:HK$387', '高級大床房:HK$406', '雙床房:HK$406', '舒壓高級大床房:HK$453']"
葫蘆島國際酒店（龍灣海濱店）,8.6,"['甄選雙床房（温馨空間+全套TOTO潔具+浴缸+山景海景）:HK$227', '悦選大床房（舒適超大床+全套TOTO潔具+浴缸+山景海景）:HK$314', '精選三人間（温馨空間+全套TOTO潔具+浴缸+山景海景）:HK$393', '尊享商務套房（優質睡眠+全套TOTO潔具+浴缸+山景海景）:HK$491', '致享行政套房（優質睡眠+全套TOTO潔具+浴缸+山景海景）:HK$601']"
漢庭酒店（葫蘆島玉皇商城店）,9.8,"['榻榻米房:HK$274', '高級大床房:HK$292', '高級雙床房:HK$312', '家庭房:HK$349']"
白玉蘭酒店（葫蘆島客運總站店）,9.8,"['靜逸大床房:HK$274', '零壓舒雅雙床房:HK$274', '輕雅大床房:HK$291', '舒雅大床房:HK$309']"
葫蘆島維景大酒店,8.6,"['維愛休閑大床房（無窗）:HK$215', '維享標準雙人間:HK$300', '維馨高級大床房:HK$309', '維雅商務大床:HK$420', '維尊商務雙人間-狀元房:HK$420']"
如家商旅酒店（葫蘆島連山大街店）,9.4,"['大床房A:HK$283', '雙床房:HK$309', '大床房:HK$309', '零壓大床房:HK$333']"
格林豪泰智選酒店（葫蘆島客運總站店）,9.5,"['特價雙床房（無窗）:HK$255', '商務大床房:HK$298', '商務雙床房:HK$309', '高級雙床房:HK$342']"
希岸酒店（葫蘆島市政府店）,9.5,"['希岸大床房/智能客控:HK$295', '希岸雙床房/智能客控:HK$367', '豪華大床房/智能客控:HK$367', '希岸雅緻房/智能客控:HK$369']"
全季酒店（葫蘆島連山區政府店）,9.8,"['高級大床房A:HK$326', '高級大床房:HK$355', '雙床房:HK$374', '商務大床房:HK$403']"
葫蘆島百大萬美温泉酒店,9.2,"['特色套房:HK$1,091']"
如家酒店·neo（葫蘆島火車站店）,9.6,"['大床房:HK$368', '商務大床房:HK$403', '雙床房:HK$420', '安心睡大床房:HK$429']"
東方麗都酒店（葫蘆島龍灣海濱店）,8.8,"['智選房:HK$293', '商務大床房:HK$330', '商務標準間:HK$330', '零壓商務大床房:HK$344']"
維也納酒店（葫蘆島百貨大樓市中心店）,9.7,"['豪華大床房:HK$338', '豪華雙床房:HK$347', '商務大床房:HK$364', '商務雙床房:HK$364']"
驛居酒店（葫蘆島北站高新五路店）,9.5,"['雙床房:HK$210', '驛居雙床房:HK$219', '商務大床房:HK$235', '驛居高級雙床房:HK$235']"
漢庭酒店（葫蘆島火車站店）,9.4,"['大床房:HK$217', '高級大床房:HK$236', '雙床房:HK$246', '高級雙床房:HK$274']"
葫蘆島老姐輕奢民宿（大潤發店）,9.6,"['美式奢華風大床房【影院】:HK$219', '法式輕奢高端75寸大屏幕電視套房:HK$228', '高端貴式風格太子床房【影院】:HK$236', '尊享精品私人影院套房:HK$244']"
如家派柏·雲酒店（葫蘆島客運總站店）,8.4,"['大床房A:HK$129', '商務大床房:HK$154', '標準雙床房:HK$154', '大床房:HK$154']"
華驛精選酒店（葫蘆島龍灣海濱風景區店）,6.5,"['雙床房:HK$255', '榻榻米房:HK$255', '景觀雙床房:HK$255', '家庭房:HK$362']"
喆啡酒店（興城海濱浴場覺華島碼頭店）,9.6,"['醇享生活大床房（觀日出｜瞰海潮｜望漁船）:HK$446', '醇享生活雙床房（賞夕陽｜覽景區｜沐海風）:HK$462', '啡凡海景大床房（賞夕陽｜覽景區｜沐海風）:HK$470', '啡凡高級海景大床房（觀日出｜瞰海潮｜望漁船）:HK$487']"
海宸堡,9.6,"['海景陽台·温泉私湯·雙床房II-I:HK$827', '星空雲頂·温泉私湯·大床房II:HK$915', '星空雲頂·温泉私湯·大床房I:HK$915', '海景陽台·温泉私湯·看日出·雙大床房II-III:HK$991']"
京海酒店,9.6,"['精品大床房:HK$325', '精品雙床房:HK$325', '0壓大床房:HK$369', '豪華大床房:HK$383']"
興城米來海景民宿,9.3,"['全海景三室套房270°觀海大露台:HK$749', '觀海景複式三房四床:HK$966']"
東戴河花嶼海輕奢度假酒店式海景公寓,9.6,"['特惠海景家庭房:HK$464', '180°全海景零壓舒睡大床房:HK$496', '一線海景家庭房:HK$496', '180°全海景家庭親子房:HK$519']"
JIUZHOU九州·海景度假公寓（東戴河白金海店）,9.5,"['雲花·清新園景大床房（園區景觀·帶陽台）:HK$300', '雲棲·180°海景大床房【2分鐘到達海邊·免費停車·超大陽台】:HK$405', '雲逸·悦享海景雙大床房【躺在床上看海·觀海陽台·可蒸煮海鮮】:HK$504', '雲居·靜雅海景親子房【一線海景·一室一廳套房·超大陽台】:HK$694']"
覺華島幸福家源賓館,9.2,"['精美聯排家庭間:HK$437', '精美聯排四人間:HK$491', '輕享海景獨棟家庭間:HK$718', '輕享海景獨棟四人麻將間:HK$718']"
安嶼·假日海景酒店公寓（佳兆業四期店）,9.6,"['舒適海景雙床房（低層·前排·海景）:HK$408', '一線海景甄選大床房（前排·露台·觀海）:HK$457', '一線海景甄選雙床房（高層·日出·露台）:HK$457', '一線海景甄選四人間（寬敞·露台·日出）:HK$490']"
藍水熊·海景酒店公寓（東戴河白金海店）,9.4,"['特惠海景大床房:HK$319', '智選海景大床房:HK$365', '智選海景家庭房:HK$434', '智選海景一室一廳套房:HK$663']"
覺華島小海星海景民宿,8.7,"['唯美·海景房丨極佳海景+夜觀星辰+獨立陽台:HK$603', '精美·海景房丨無敵海景+夜觀星辰+獨立陽台:HK$696', '多人·麻將房丨雙空調+麻將機+小童滑梯:HK$789']"
藍色港灣度假民宿,8.8,"['海景一室一廳家庭套房:HK$325', '海景兩室一廳家庭套房:HK$474', '海景三室一廳豪華套房:HK$568']"
東戴河聖畔海岸酒店,9.1,"['園景標準間:HK$400', '園景大床房:HK$432', '海景露台標準間:HK$491', '海景露台大床房:HK$523']"
麗楓酒店（興城市政府海濱旅遊風景區店）,9.5,"['雅緻大床房:HK$414', '商務大床房:HK$431', '商務雙人間:HK$440', '純凈自然大床房:HK$526']"
海之韻·精選海景酒店公寓（東戴河佳兆業店）,9.8,"['特惠·精選海景雙大床房:HK$266', '精選大落地窗海景四人間（高層觀海）:HK$274', '精選·智能影音海景雙大床房（巨幕+投屏+會員影片）:HK$289', '特惠·一線海景陽台家庭房（前排-觀海-觀日出）:HK$312']"
覺華島歲月嶼海民宿,8.7,"['舒適海景家庭間:HK$267', '舒適海景榻榻米:HK$304', '雅緻海景家庭間:HK$360', '雅緻海景四人間:HK$369']"
戀上海·Travel海景美宿（東戴河白金海店）,9.7,"['特惠一室一廳家庭房（無海景）:HK$556', '270度觀海龍頭一室一廳房:HK$741']"
斯維登海景度假公寓（東戴河佳兆業店）,9.4,"['精品海景大床房:HK$319', '精品海景雙大床房:HK$319', '一線180°海景露台家庭房（前排樓王·日出·觀海）:HK$357', '一線180°海景露台雙大床房（前排樓王·日出·觀海）:HK$395']"
東戴河御龍灣大酒店A座,8.3,"['標準間:HK$381', '海景標間:HK$427', '三人海景間:HK$458', '親子套房:HK$504']"
葫蘆島龍興路希爾頓花園酒店,9.5,"['花園大床房:HK$728', '無障礙大床房:HK$728', '花園雙床房:HK$754', '高級大床房:HK$779', '高級雙床房:HK$804']"
綏中銀泰魔方集創意酒店,9.4,"['集裝箱·園景大床房:HK$455', '集裝箱·園景雙床間:HK$455', '集裝箱·海景大床房:HK$491', '集裝箱·海景雙床房:HK$491']"
瀾雅灣·海景公寓（東戴河白金海店）,9.3,"['特惠海景大床房（園景景觀帶露台）:HK$251', '一線輕奢海景大床房（大露台＋前排樓王位置＋躺在床上觀海）:HK$350', '温馨一線海景親子家庭雙床房（樓王·高層觀海帶大露台·躺在床上看海）:HK$389', '雲雅海景4人間（一線海景高層帶大露台＋躺在房間看海＋前排樓王位置）:HK$429']"
興城海上海酒店,8.4,"['斜陽觀山雙床房:HK$434', '夢百合零壓山景雙床房:HK$500', '星辰嶼海雙床房:HK$544', '星辰嶼海大床房:HK$653', '夢百合零壓海景大床房:HK$718']"
豪情港灣海景公寓（遼寧東戴河佳兆業店）,9.6,"['花園景色雙床房:HK$281', '精品豪華海景雙床房:HK$374', '豪華海景套房:HK$468', '舒適兩室一廳兩衞套房-小童安全滑梯:HK$545']"
温情假日·精品海景酒店公寓（東戴河佳兆業店）,9.6,"['優選·海景兩室一廳套房-封閉大陽台＋小童安全+麻將機:HK$1,474']"
