酒店名称,评分,房型价格列表
頤朋酒店（蕪湖香格里拉店）,9.8,"['雅緻大床房（百寸影音）（堅果投影儀+4K解碼+愛奇藝VIP會員）:HK$353', '行政雙床房:HK$393', '行政大床房（百寸影音）（堅果投影儀+4K解碼+愛奇藝VIP會員）:HK$397', '電競雙人房[RTX 4060Ti+165Hz+i5 13400F+專線網絡+電競椅]:HK$421', '高級大床房:HK$439']"
蕪湖富力萬達嘉華酒店,9.5,"['豪華大床房:HK$590', '豪華雙床房:HK$590', '高級豪華大床房:HK$659', '高級豪華雙床房:HK$659', '豪華湖景大床房:HK$820', '豪華湖景雙床房:HK$820']"
蕪湖星悦廣場龍湖路亞朵酒店,9.6,"['高級雙床房:HK$314', '高級大床房:HK$332', '行政雙床房:HK$341', '行政大床房:HK$350', '幾木雙床房:HK$358']"
徽簡尚酒店（中御弋江南漫步街店）,9.4,"['商務雙床房（投屏電視+電動窗簾+護椎床墊+智能馬桶）:HK$260', '商務大床房（投屏電視+電動窗簾+護椎床墊+智能馬桶）:HK$260', '影音大床房（百寸投影+4K解碼+騰訊VIP會員）:HK$282', '影音雙床房（百寸投影+4K解碼+騰訊VIP會員）:HK$282', '景觀雙床房（投屏電視+小冰箱+護椎床墊+飄窗茶台）:HK$303']"
蕪湖新百金陵大酒店,9.2,"['經濟商旅雙床房:HK$304', '經濟商旅大床房:HK$304', '豪華雙床房:HK$307', '豪華大床房:HK$307', '經濟江景大床房:HK$326']"
艾唯尚品酒店（中山路步行街蕪湖高鐵站店）,9.5,"['商務大床房:HK$202', '商務雙床房:HK$202', '湖景露台房:HK$222', '高級大床房:HK$232']"
美豪酒店（蕪湖高新區大學城中央城店）,9.2,"['精緻大床房:HK$313', '3D影院大床房:HK$323', '景觀大床房:HK$334', '雅緻雙床房:HK$345', '雅緻大床房:HK$408']"
蕪湖中山路步行街亞朵X酒店,9.4,"['高級大床房（小度客控+記憶枕+可投屏）:HK$403', '高級雙床房（小度客控+記憶枕+可投屏）:HK$403', '行政大床房（小度客控+記憶枕+小冰箱+可投屏）:HK$448', '行政雙床房（小度客控+記憶枕+小冰箱+可投屏）:HK$448', '幾木大床房（小度客控+深睡PRO枕+小冰箱+可投屏）:HK$493']"
花築奢·蕪湖泊樂藝術酒店（濱江公園店）,9.6,"['雙流·豪華江景雙床房丨180°江景陽台+智能客控:HK$1,079', '青夢·豪華江景大床房丨超大江景落地窗+智能客控:HK$1,079', '徽雨·豪華江景大床房丨180°江景陽台+智能客控:HK$1,200', '暗香·豪華江景大床房丨超大江景落地窗+智能客控:HK$1,200', '水韻·豪華江景大床房丨超大江景落地窗+智能客控:HK$1,321']"
麗楓酒店（蕪湖中山路步行街蕪湖站店）,9.3,"['高級大床（慕斯床墊+智能客控+堅果K30高清投影）:HK$280', '雅緻大床房（慕斯床墊+智能客控+可投屏）:HK$297', '豪華大床房（慕斯床墊+智能客控+可投屏）:HK$334', '豪華雙床房（慕斯床墊+智能客控+可投屏）:HK$349']"
全季酒店（蕪湖步行街九華中路店）,9.8,"['大床房：65寸投屏電視+智能客控+小冰箱:HK$418', '高級雙床房：65寸投屏電視+智能客控+小冰箱:HK$428', '高級大床房：65寸投屏電視+智能客控+小冰箱:HK$438', '商務大床房：65寸投屏電視+智能客控+小冰箱:HK$457']"
蕪湖安奇戴斯酒店,9.3,"['高級大床房:HK$265', '高級雙床房:HK$265', '零壓大床房:HK$284', '商務大床房:HK$363', '主題家庭親子房:HK$451']"
維也納國際酒店（蕪湖灣沚高鐵站店）,9.5,"['高級大床房:HK$256', '高級雙床房:HK$256', '豪華大床房:HK$308', '豪華雙床房:HK$308']"
美豪麗致酒店（蕪湖步行街鏡湖公園店）,9.3,"['麗致大床房（智能客控+小冰箱+電子秤）:HK$276', '雅緻大床房（智能客控+小冰箱+電子秤）:HK$312', '雅緻雙床房（智能客控+小冰箱+電子秤）:HK$312', '雅緻湖景大床房（智能客控+小冰箱+電子秤）:HK$347']"
蕪湖鐵山賓館,9.2,"['紫嵐閣標間:HK$276', '煙嵐樓標間:HK$295', '煙嵐樓單間:HK$347', '竹苑標間:HK$409', '竹苑單間:HK$426']"
柏曼酒店（蕪湖高鐵站店）,9.7,"['智能高級雙床房（全屋智能客控+電視投屏）:HK$230', '智能高級大床房（智能客控+電視投屏+舒適沙發）:HK$230', '智能豪華大床房（靜謐空間+深睡記憶枕）:HK$252', '智能豪華雙床房（智能客控+零壓床墊+深睡記憶枕）:HK$252']"
Suisse Place瑞貝庭酒店（蕪湖中山路步行街八佰伴店）,9.7,"['高級大床房A[零壓床品+愛奇藝VIP投屏+新風系統+投影]:HK$321', '榻榻米大床房【零壓床品+激光投影+愛奇藝VIP+星空頂】:HK$341', '舒適-高級大床房[零壓床品+智能客控+愛奇藝VIP會員]:HK$362', '行政雙床房【零壓床品+愛奇藝VIP投影+冰箱+智能馬桶】:HK$362']"
康鉑酒店（蕪湖方特政務中心店）,9.5,"['高級大床房:HK$308', '豪華大床房:HK$354', '商務大床房:HK$363', '影音大床房:HK$373']"
蕪湖世茂希爾頓逸林酒店,9.5,"['逸林大床房:HK$521', '逸林雙床房:HK$521', '逸林豪華雙床房:HK$575', '高級大床房:HK$699', '逸林豪華江景大床房:HK$699', '逸林豪華江景雙床房:HK$699']"
蕪湖新華聯綠心谷酒店,8.8,"['庭院景觀大床房:HK$531', '庭院景觀雙床房:HK$531', '庭院景觀休閑套房:HK$587', '庭院景觀家庭房:HK$718', '豪華獨棟別墅:HK$2,331']"
蕪湖新華聯麗景酒店,9.3,"['豪華大床房:HK$420', '豪華雙床房:HK$420', '豪華湖景雙床房:HK$525', '荷里活湖景超大床房:HK$566', '豪華湖景大床房:HK$632', '荷里活湖景超大床房（陽台）:HK$652']"
非繁城品酒店（蕪湖經開區店）,9.5,"['雅緻大床房:HK$228', '温馨大床房:HK$239', '非繁高級大床房:HK$250', '非繁高級雙床房:HK$250']"
桔子酒店（蕪湖站萬達廣場店）,9.7,"['高級大床房：小冰箱+65寸投屏電視+金可兒床墊:HK$350', '商務雙床房：小冰箱+65寸投屏電視+金可兒床墊:HK$369', '商務大床房：小冰箱+65寸投屏電視+金可兒床墊:HK$378', '露台大床房：小冰箱+65寸投屏電視+金可兒床墊:HK$397']"
繁昌溪地阿蘭若度假村落,9.4,"['阿蘭若瀉湖庭院野奢大床房:HK$1,046', '阿蘭若野奢泳池景觀開放式套房:HK$1,152', '阿蘭若野奢竹林景觀開放式套房:HK$1,193', '阿蘭若野奢庭院一居室別墅:HK$1,363', '阿蘭若野奢庭院雙居別墅:HK$2,026', '阿蘭若山谷豪華院落雙居別墅:HK$2,777']"
蕪湖頤和尚水酒店,9.2,"['特惠大床房:HK$228', '特惠雙床房:HK$228', '文居靜享大床房:HK$240', '商務大床房:HK$261', '商務雙床房:HK$261']"
蕪湖海悦未來酒店（方特樂園鳩茲古鎮店）,9.7,"['靜逸智能大床房:HK$241', '高級智能大床房:HK$262', '高級智能雙床房:HK$262', '觀影智能大床房:HK$283', '觀影智能雙床房:HK$283']"
蕪湖中凱酒店（弋江路瑞豐商博城店）,9.2,"['經濟 ▏優享雙床房 （優質大床+舒適用品）:HK$190', '商務丨優選雙床房（休閑沙發+商務辦公桌+大飄窗城景）:HK$206', '商務丨優選大床房（休閑沙發+商務辦公桌+大飄窗城景）:HK$213', '行政 ▏甄選雙床房（優質床品+大飄窗城景）:HK$221']"
蕪湖新華僑國際酒店（繁昌大潤發店）,9.3,"['雅緻大床房:HK$250', '精緻雙床房:HK$250', '精緻大床房:HK$261', '雅緻雙床房:HK$349']"
您好酒店（蕪湖高鐵站萬達廣場店）,9.4,"['特價大床房（大屏電視+全屋智能+夢百合床墊+小冰箱）:HK$233', '舒適大床房（大屏電視+全屋智能+夢百合床墊+小冰箱）:HK$267', '舒適雙床房（大屏電視+全屋智能+夢百合床墊+小冰箱）:HK$270', '商務大床房（大屏電視+全屋智能+夢百合床墊+小冰箱）:HK$275']"
雲緋酒店（蕪湖中山路步行街八佰伴店）,9.6,"['悦目大床房｜夢百合零壓房+電視影視會員+小度智能:HK$216', '觀影大床房｜巨幕觀影+愛奇藝VIP+夢百合零壓房+小度:HK$222', '商務大床房｜夢百合零壓房+電視影視會員+小度智能:HK$234', '高級大床房｜夢百合零壓房+電視影視會員+小度智能:HK$252']"
鳩茲灣·鳳還巢民宿,9.9,"['夏半·豪華大床房:HK$246', '語雙·休閑標準間:HK$262', '夏半·休閑大床房:HK$268', '春望·景觀大床房:HK$333', '夏半·豪華標間:HK$333']"
蕪湖海螺商旅酒店,9.6,"['優享標間:HK$238', '優享單間:HK$269', '優悦標間:HK$275', '優悦單間:HK$311', '優悦家庭房:HK$518']"
蕪湖華邑酒店,9.5,"['高級大床房:HK$575', '高級雙床房:HK$575', '豪華雙床房:HK$618', '豪華大床房:HK$618', '高級江景大床房:HK$704', '高級江景雙床房:HK$704']"
維也納國際酒店（蕪湖政務中心方特店）,9.6,"['豪華大床房:HK$299', '行政大床房:HK$348', '行政雙床房:HK$348', '影音大床房:HK$446']"
蕪湖和眾觀景酒店（中山路步行街濱江公園店）,9.0,"['經濟大床房:HK$310', '經濟雙床房:HK$379', '豪華雙床房:HK$381', '豪華大床房:HK$381']"
維也納國際酒店（蕪湖經開區店）,9.4,"['高級雙床房:HK$295', '高級大床房:HK$305', '棋牌大床房:HK$308', '豪華雙床房:HK$314']"
蕪湖開元名都大酒店,9.6,"['高級大床房:HK$424', '開元名都雙床房:HK$479', '開元名都大床房:HK$533', '行政商務大床房:HK$752', '棋牌雙床房:HK$971', '棋牌大床房:HK$971']"
蕪湖灣沚綠地鉑驪酒店,9.7,"['高級大床房:HK$326', '高級雙床房:HK$326', '豪華大床房:HK$348', '豪華雙床房:HK$348', '影音大床房:HK$348']"
漢庭酒店（蕪湖古城店）,9.4,"['大床房:HK$227', '商務大床房:HK$236', '雙床房:HK$246', '高級大床房:HK$255']"
蕪湖君尚雲逸酒店,8.9,"['雲逸大床房:HK$278', '街景大床房:HK$328', '街景雙床房:HK$328', '城景大床房:HK$349', '城景雙床房:HK$349']"
清沐鉑金酒店（蕪湖灣沚德科商業廣場店）,9.7,"['精選大床房（65寸投屏電視+乳膠床墊零壓枕+全屋客控）:HK$233', '精選雙床房（65寸投屏電視+乳膠床墊零壓枕+全屋客控）:HK$233', '豪華影音大床房（堅果投影100寸+乳膠床墊+全屋客控）:HK$252', '豪華影音雙床房（堅果投影100寸+乳膠床墊+全屋客控）:HK$252']"
蕪湖站鏡湖萬達廣場錦江都城酒店,9.2,"['精緻大床房:HK$250', '精緻雙床房:HK$258', '精緻健養大床房:HK$276', '探索大床房:HK$295']"
漢庭酒店（蕪湖八佰伴店）,9.8,"['高級大床房A：55投屏電視+智能馬桶:HK$321', '高級大床房:55寸投屏電視+智能馬桶:HK$352', '商務雙床房：55投屏電視+智能馬桶:HK$352', '高級特大床房：55投屏電視+智能馬桶:HK$362']"
全季酒店（蕪湖南翔萬商商貿城方特樂園店）,9.6,"['高級雙床房：65寸投屏電視+智能馬桶+一鍵客控+小冰箱:HK$372', '高級大床房：65寸投屏電視+智能馬桶+一鍵客控+小冰箱:HK$385', '商務大床房：65寸投屏電視+智能馬桶+一鍵客控+小冰箱:HK$386', '豪華大床房：65寸投屏電視+一鍵客控+小冰箱+浴缸:HK$432']"
雲縵未來酒店（蕪湖高鐵站安工程店）,9.5,"['雅緻大床房（巨幕4K投影+騰訊VIP會員+全屋智能+夢百合零壓床墊+新風系統+小冰箱）:HK$251', '高級大床房（巨幕4K投影+騰訊VIP會員+全屋智能+夢百合零壓床墊+新風系統+小冰箱）:HK$276', '商務雙床房（巨幕4K投影+騰訊VIP會員+全屋智能+夢百合零壓床墊+小冰箱）:HK$284', '商務大床房（巨幕4K投影+騰訊VIP會員+全屋智能+夢百合零壓床墊+新風系統+小冰箱）:HK$301']"
維亞納公寓酒店,9.3,"['温馨雙床房:HK$315', '好眠大床房:HK$337', '温馨大床房:HK$345', '舒適雙床房:HK$358']"
蕪湖中央城大酒店,9.3,"['豪華標間:HK$350', '高級豪華標間:HK$351', '特惠豪華標間:HK$392', '行政單間:HK$455', '商務套間:HK$538']"
全季酒店（蕪湖萬春商業街店）,9.9,"['高級大床房：65寸投屏電視+智能馬桶+智能客控+小冰箱:HK$359', '商務大床房：65寸投屏電視+智能馬桶+智能客控+小冰箱:HK$378', '商務雙床房：65寸投屏電視+智能馬桶+智能客控+小冰箱:HK$378', '套房：65寸投屏電視+智能馬桶+智能客控+小冰箱:HK$482']"
城市便捷酒店（蕪湖步行街高鐵站店）,9.2,"['智能雙床房（智能客控+語音助手+休閑沙發）:HK$185', '智能大床房（智能客控+休閑沙發）:HK$185', '智能高級雙床房（智能客控+寬敞舒適+明亮採光）:HK$206', '智能高級大床房（智能客控+零壓助眠枕）:HK$206']"
你好酒店（蕪湖步行街鏡湖公園店）,9.6,"['大床房 （電視投屏）:HK$274', '湖景雙床房 （電視投屏）:HK$284', '湖景大床房 （電視投屏）:HK$293', '家庭房 （電視投屏）:HK$312']"
