酒店名称,评分,房型价格列表
縵吉酒店（衡陽南嶽衡山景區店）,9.7,"['縵享丨雅悦大床房:HK$205', '縵享丨雅悦雙床房:HK$205', '縵吉丨輕奢大床房:HK$205', '縵樂丨温馨親子房:HK$249']"
宜尚酒店（衡陽南嶽衡山南嶽裏景區店）,9.0,"['舒適大床房（小度智能+智能馬桶:HK$230', '智能標準大床房（小度智能+智能馬桶）:HK$230', '智能高級大床房（小度智能+金可兒床墊+智能馬桶+記憶乳膠枕）:HK$255', '智能高級雙床房（小度智能+金可兒床墊+智能馬桶+記憶乳膠枕）:HK$255', '智能豪華大床房（小度智能+金可兒床墊+智能馬桶+記憶乳膠枕）:HK$281']"
向雲端·南嶽丨TOWARDS  CLOUD設計師咖啡美宿（南嶽大廟景區店）,9.5,"['雲遊·榻榻米大床房（全屋智能+中央空調+巨幕投影+乾濕分離+全景大落地窗）:HK$275', '雲舒·舒適大床房（全屋智能+中央空調+巨幕投影+乾濕分離+全景大落地窗）:HK$275', '雲聽·智能舒適雙人房（全屋智能+中央空調＋巨幕投影+乾濕分離+全景大落地窗）:HK$282', '雲悦·智能觀影大床房（全屋智能+中央空調+全景大落地窗+乾濕三分離）:HK$282']"
花之築德泉酒店（衡陽火車站店）,9.3,"['輕雅丨高級大床房【巨幕影院+智能馬桶+顧家床墊】:HK$159', '輕雅丨高級雙床房【巨幕影院+智能馬桶+顧家床墊】:HK$162', '臻選丨香郁大床房【巨幕影院+智能馬桶+顧家床墊】:HK$166', '臻選丨香郁雙床房【巨幕影院+智能馬桶+顧家床墊】:HK$172']"
衡陽蒸湘怡呈酒店（步步高廣場店）,9.3,"['韶光·零壓深眠大床房【全屋智能+極速上網】:HK$227', '旭日·智尊全景大床房【全屋智能+乾濕分離】:HK$238', '花朝·輕奢商務雙床房【智能投屏+窗外好景】:HK$238', '晨曦·靜謐舒享雙床房【深睡零壓床墊+謐境城景】:HK$249', '雁鳴·豪華麻將大床房【紅中麻將·新風系統】:HK$259']"
衡陽華雲裏酒店（南華大學東門店）,9.5,"['精緻大床房:HK$167', '輕奢大床房:HK$189', '雲倦影院大床房:HK$209', '輕奢雙床房:HK$234']"
衡陽神龍大酒店,9.4,"['高級雙床房:HK$204', '高級大床房:HK$204', '商務雙床房:HK$257', '商務大床房:HK$257', '智能雙床房:HK$278']"
維也納國際酒店（衡陽蔡倫大道華耀城店）,9.7,"['豪華雙床房:HK$272', '豪華大床房:HK$273', '商務雙床房:HK$307', '商務大床房:HK$307', '棋牌大床房:HK$327']"
廷泊酒店（衡陽星美紅星美凱龍店）,9.7,"['雅悦禮居大床房（極速上網+乾濕分離+超大落地窗）:HK$258', '茗雅禮居雙床房（全景落地窗+精緻化粧鏡+開放式衣櫃）:HK$259', '茗雅禮居大床房（高空城市夜景+全身化粧鏡+乾濕分離）:HK$277', '尊享典居大床房（全屋智能+全景落地窗+全身化粧鏡）:HK$308', '尊享典居雙床房（全屋智能+全景落地窗+超大空間）:HK$318']"
衡陽與山如願酒店（南嶽風景名勝區大廟店）,9.7,"['【如願】舒適大床房（中央空調+全屋智能+高清投影+茶台觀景）:HK$206', '【如玉】精品雙床房（中央空調+全屋智能+乾濕分離+智能馬桶）:HK$206', '【如山】雅緻雙床房（中央空調+巨幕高清投影+智能馬桶+智能客控）:HK$206', '【如花】舒適雙床房（中央空調+巨幕高清投影+乾濕分離+智能客控）:HK$222']"
歡季酒店·衡陽高鐵東站酃湖萬達店,9.7,"['標準大床房[高配洗衣房·全屋智能]:HK$171', '湖景Ⅱ標準大床房[天幕湖景·智能馬桶]:HK$180', '高級大床房[金可兒床墊·卡座沙發]:HK$191', '摩天輪Ⅱ高級大床房[摩天輪湖景·大全身鏡]:HK$201']"
衡陽西湖飯店,8.6,"['高級雙間:HK$185', '雅緻大床房:HK$195', '商務雙間:HK$216', '商務單間:HK$248', '智能大床房:HK$258']"
五月陽光酒店（衡陽火車站店）,9.4,"['夢陽丨雅緻雙床房『舒睡床墊丨投屏電視丨享靜謐』:HK$124', '暖陽丨影院大床房『巨幕投影丨智能語音丨舒睡床墊』:HK$130', '夢陽丨影院大床房『巨幕影院丨智能家居丨享舒適』:HK$136', '悦陽丨字牌雙人房『豪華字牌桌丨超棒空調丨排煙系統』:HK$149']"
衡陽西湖山莊（西湖公園店）,8.9,"['高級雙人間:HK$216', '城景雙人間:HK$315', '城景大床房:HK$315', '豪華單間:HK$326']"
衡陽解放西路亞朵酒店,9.5,"['雅緻大床房:HK$370', '高級大床房:HK$421', '高級雙床房:HK$450', '幾木大床房:HK$481', '幾木雙床房:HK$510']"
語溪聖景·生態民宿（南嶽衡山風景區南嶽大廟店）,9.4,['古鎮街景-露台大床房（中央水機+雙人搖椅賞月乘涼）:HK$389']
廷泊酒店（衡陽船山大道店）,9.4,"['雅悦禮居大床房【全景落地窗+乾濕分離+古色茶台】:HK$379', '茗雅禮居大床房【全景落地窗+乾濕分離+智能小度】:HK$392', '茗雅禮居雙床房:HK$407', '尊享典居大床房【全景落地窗+智能馬桶+乾濕分離】:HK$421', '尊享典居雙床房【高空城市夜景+語音小度+乾濕分離】:HK$435']"
衡陽十三悅舍（南嶽大廟景區店）,9.3,"['舒適大床房（投影/智能/裸感床品）:HK$196', '悦來悦喜·雙床房（巨幕投影/全屋智能/裸感床品）:HK$229', '悦樂-陽台大床房（高清投影+全屋智能+景觀陽台）:HK$278', '悦喜·精品大床房（巨幕投影/乾濕分離/中央空調）:HK$328']"
衡陽悦萊花園酒店,9.6,"['高級大床房【南苑】:HK$369', '高級雙床房【南苑】:HK$382', '臻品大床房【北苑】:HK$424', '豪華大床房【北苑】:HK$474', '豪華雙床房【北苑】:HK$505', '悦景花園大床房【北苑】:HK$697']"
衡陽安逸居公寓（金鐘大雁城南華大學店）,9.4,"['特價房（乳膠床墊）:HK$239', '高層大床房（乳膠床墊）:HK$250', '舒適大套房（乳膠床墊）:HK$267', '高層大套房（乳膠床墊）:HK$284']"
衡陽星昇酒店,9.3,"['繁星·行政雙床房[舒達床墊+全屋智能+全景落地窗]:HK$403', '星空·影院大床房[舒達床墊記憶枕+全屋智能+星空頂]:HK$433', '繁星·行政大床房[舒達床墊+全屋智能+巨幕投影]:HK$447', '濤昇·國粹麻將雙床房[舒達床墊+暢享停車+全屋智能]:HK$467']"
言溪·Dream現代美學山墅（南嶽衡山風景名勝區店）,9.7,"['拾光花朝丨望山靜享大床房【原木家居+高清電視+品質床墊】:HK$397', '棲心孟春丨望山靜享大床房【全景落地窗+採光優質+高清電視】:HK$411', '靜軒清和丨且聽風吟大床房【全景落地窗+森林氧吧+品質床墊】:HK$475', '巖溪天中丨家庭雙床房【觀景露台+森林氧吧+休閑桌椅】:HK$613']"
衡陽嚮往裡民宿（南嶽裏店）,9.8,"['山景雙床房 （全屋智控+新風系統）:HK$281', '星空湖景大床房:HK$294', '優享雙床房（全屋智能+超厚床墊乳膠枕）:HK$322', '現代美學雙床房（全屋智能+窗外夜景+超厚乳膠枕）:HK$322']"
蔚徠酒店（衡陽石鼓區政府店）,9.5,"['國潮精選大床房（高空城景+全景落地窗）:HK$249', '國潮精選全景雙床房（全景落地窗+極速上網）:HK$260', '國潮豪華大床房（超大浴缸+高空觀景+超大落地窗）:HK$271', '國潮零壓深睡大床房（酣然入夢+自在睡眠）:HK$271']"
美宿歡致酒店（南華大學附一石鼓書院店）,9.5,"['歡悦影院大床房:HK$225', '歡喜星空影院榻榻米房:HK$245', '歡愉影院大床房:HK$245', '歡樂影院雙床房:HK$246']"
衡陽安發麗亭酒店,9.5,"['活力大床房（膠囊coffee機+舒達床墊）:HK$529', '都市大床房（膠囊coffee機+舒達床墊）:HK$594', '活力雙床房（膠囊coffee機+舒達床墊）:HK$594', '都市雙床房（膠囊coffee機+舒達床墊）:HK$610', '精英大床房（浴缸+膠囊coffee機+舒達床墊）:HK$639', '麗亭約|告白主題|精英大床房（浴缸+舒達床墊）:HK$661']"
衡陽蒸湘華美達酒店,9.3,"['輕奢臻選大床房（深睡雅居+靜謐空間）:HK$326', '江景靜悦雅緻雙床房（樂覽星河+江景好眠）:HK$337', '江景高級大床房（乾濕分離+星河景觀）:HK$347', '江景行政大床房（一線江景+一覽星河）:HK$358', '180度江景高級雙床房（一線江景）:HK$369']"
CSS思季海棠酒店（衡陽高鐵東站酃湖萬達店）,9.5,"['豪華雙人間【55寸電視投屏+商務書桌】:HK$244', '豪華影音大床房【百寸投影+深眠床墊】:HK$244', '高空湖景豪華影音大床房【百寸投影+深眠床墊】:HK$253', '棋牌室大床房【空氣凈化+舒適座椅】:HK$261']"
花之築星晨酒店（衡陽站南華大學店）,9.2,"['甄選|高級大床房【休閑座椅+巨幕影院+高織純棉床品】:HK$130', '甄選|高級雙床房【居家床墊+商務座椅+巨幕影院】:HK$140', '相遇|好久不見大床房【休閑舒適沙發+私人影院+懸浮床】:HK$153', '荷里活|影院大床房【巨幕影院+休閑沙發+居家床墊】:HK$164']"
維也納國際酒店（衡陽雁棲湖公園凱旋湖景水岸店）,9.6,"['高級大床房:HK$253', '商務大床房:HK$282', '商務雙床房:HK$282', '湖景大床房:HK$296', '湖景雙床房:HK$296']"
衡陽蒸湘希爾頓惠庭酒店,9.6,"['靈動大床房（迷你冰箱+coffee機+微波爐）:HK$458', '靈動雙床房（迷你冰箱+coffee機+微波爐）:HK$458', '靈動豪華大床房（迷你冰箱+膠囊coffee機+蒸汽掛燙機）:HK$511', '靈動豪華雙床房（迷你冰箱+膠囊coffee機+蒸汽掛燙機）:HK$511', '套房（浴缸+冷凍雙功能冰箱+蒸汽掛燙機+膠囊coffee機）:HK$885']"
衡陽華新麥客達温德姆酒店,9.5,"['温馨大床房:HK$301', '忘憂·高級大床房:HK$323', '忘憂高級雙床房:HK$323', '優眠·茶藝大床房:HK$339', '温馨·家庭大床房:HK$365']"
維也納國際酒店（衡陽船山大道店）,9.3,"['豪華大床房:HK$269', '豪華雙床房:HK$269', '商務大床房:HK$298', '愉夢大床房:HK$303']"
維也納3好酒店（南嶽衡山路店）,9.5,"['高級大床房【新風系統+全屋智能】:HK$251', '豪華雙床房【新風系統+全屋智能】:HK$269', '豪華大床房【新風系統+全屋智能】:HK$286', '愉夢雙床房【新風系統+全屋智能】:HK$321']"
衡陽高新智選假日酒店,9.5,"['智選高級雙床房:HK$242', '智選高級大床房:HK$242', '智選行政大床房:HK$301', '無障礙大床房:HK$354', '智選特色雙床房:HK$354']"
維也納國際酒店（衡陽高鐵東站店）,9.3,"['豪華大床房丨維也納羽絨枕+舒適睡眠:HK$294', '豪華雙床房丨維也納羽絨枕+舒適睡眠:HK$302', '愉夢大床房丨維也納羽絨枕+舒適睡眠:HK$339', '影音大床房丨維也納羽絨枕+舒適睡眠:HK$339', '棋牌雙床房丨維也納羽絨枕+舒適睡眠:HK$356']"
米樂酒店（南華大學店）,9.5,"['舒壓寧靜大床房[全智能管家+零壓床墊+電視投屏]:HK$150', '睡到自然醒雙床房[55寸電視投屏+零壓床墊+安靜]:HK$157', '繁星觀影榻榻米[負氧離子空氣凈化系統+騰訊VIP+沉浸式觀影體驗]:HK$157', '靜奢深睡大床房[品牌零壓床墊+私密安靜]:HK$164']"
諾頓酒店（酃湖萬達廣場店）,9.8,"['深睡丨舒適景觀大床房（高空夜景+65寸電視）:HK$155', '靜逸丨智慧影音大床房（VIP會員+智能小度+高清投影）:HK$159', '尊享丨商務影音大床房（乳膠床墊+智能小度+VIP會員）:HK$160', '尊享丨高級行政雙床房（智能客控+乳膠床墊）:HK$179']"
衡陽蒸湘福朋喜來登酒店,9.4,"['市景雙床房（智能馬桶+金可兒床墊+康乃馨床品）:HK$502', '市景大床房（智能馬桶+金可兒床墊+康乃馨床品）:HK$502', '標準雙床房（智能馬桶+金可兒床墊+康乃馨床品）:HK$534', '標準大床房（智能馬桶+金可兒床墊+康乃馨床品）:HK$534', '商務雙床間:HK$566']"
途漫酒店（高新開發區湘南湘西高新軟件園店）,9.8,"['漫享丨零壓大床房【智能客控丨舒睡床墊丨一鍵投屏】:HK$187', '漫影丨觀影大床房【巨幕投影丨智能客控|舒睡床墊】:HK$194', '漫居丨雅緻大床房【智能客控丨投屏電視丨享靜謐】:HK$201', '漫享丨雅緻雙床房【智能語音丨舒睡床墊丨享舒適】:HK$201']"
衡陽南嶽清卿酒店,9.2,"['豪華大床房:HK$245', '豪華雙床房:HK$293', '童樂主題房:HK$326', '雅緻套房:HK$359', '複式家庭房:HK$368']"
衡陽雁城賓館,8.9,"['商務雙床房:HK$356', '商務大床房:HK$360', '高級大床房:HK$403', '高級雙床房:HK$457', '豪華雙床房:HK$501']"
麗楓酒店（衡陽南嶽衡山景區南嶽裏店）,9.5,"['高級大床房（無窗）（智能窗簾+慕思床墊+香薰空氣凈化器+小冰箱）:HK$262', '標準雙床房（智能窗簾+慕思床墊+香薰空氣凈化器+小冰箱）:HK$278', '豪華大床房（智能窗簾+慕思床墊+香薰空氣凈化器+小冰箱）:HK$294', '豪華雙床房（智能窗簾+慕思床墊+香薰空氣凈化器+小冰箱）:HK$317', '商務大床房（智能窗簾+慕思床墊+香薰空氣凈化器+小冰箱）:HK$317']"
城市便捷酒店（衡陽湘江解放路店）,9.0,"['高級大床房【10秒快速上網】:HK$178', '豪華大床房【0壓俯瞰城景】:HK$178', '豪華雙床房【靜謐俯瞰城景】:HK$188', '標準大床房【靜謐舒適】:HK$207']"
廷泊酒店（時通商城店）,9.5,"['雅悦禮居大床房【小度智控+零壓睡眠床墊】:HK$350', '茗雅禮居大床房【180°全景落地窗+恆温智能馬桶】:HK$365', '茗雅禮居雙床房:HK$413', '茗雅影院大床房【270°全景落地窗+高清投影】:HK$431']"
窩享酒店式公寓（衡陽高鐵站酃湖萬達店）,9.4,"['格調大床房【全套洗漱用品+零壓秒睡床墊】:HK$172', '輕奢舒適大床房【親膚布草+人體工學舒適枕】:HK$184', '零壓行政雙床房【零壓秒睡床墊+超大空間】:HK$184', '輕奢舒適雙床房【親膚布草+人體工學舒適枕】:HK$196']"
衡陽米墅梧桐谷,9.5,"['和風|雅緻雙床房:HK$374', '攬星|景觀陽台大床房:HK$698', '林語|景觀陽台雙床房:HK$698', '雲澗|私湯陽台大床房:HK$901', '泉韻|私湯陽台雙床房:HK$901']"
喆啡酒店（衡陽解放路口先鋒碼頭店）,9.4,"['啡凡體驗房｜（深度好眠+舒適床墊）:HK$203', '醇享大床房｜（歐式風格+醇享cafe文化）:HK$213', '醇享雙床房｜（歐式風格+醇享cafe文化）:HK$224', '啡凡大床房｜（自然眠愈+舒適床墊）:HK$234']"
麗呈和一酒店（衡陽火車站店）,9.2,"['麗呈舒適大床房（靜逸舒適 + 零壓床墊）:HK$173', '麗雅高級大床房（靜逸舒適 + 零壓床墊）:HK$195', '麗雅高級雙床房（靜逸舒適 + 零壓床墊）:HK$195', '麗嘉豪華大床房（日照暖陽 + 城市景觀）:HK$216']"
衡陽幸福裏·民宿（南嶽大廟店）,9.7,"['舒適大床房.【高清投影+中央空調+乾濕三分離+全屋智能】:HK$213', '舒適雙床房【全屋智能+裸感床品+高清投影】:HK$220', '陽台大床房.【舒適床品+巨幕投影+臨廟陽台+乾濕三分離】:HK$228', '浴缸觀影雙床.【中央空調+浴缸+乳膠床墊+巨幕觀影】:HK$259']"
