酒店名称,评分,房型价格列表
南楓酒店（西安鐘鼓樓回民街店）,9.4,"['躺平治癒大床房（靜謐空間+65寸電視+輕智馬桶）:HK$407', '心悦長安大床房（65寸電視+電動窗簾+輕智馬桶）:HK$428', '心悦長安雙床房（65寸電視+電動窗簾+輕智馬桶）:HK$428', '長安城景大床房（樂享茶藝+65寸電視+輕智馬桶）:HK$503', '其樂融融親子房（小童洗護+電動窗簾+輕智馬桶）:HK$632']"
橙羽橙皓酒店（西安鐘樓永寧門地鐵站店）,9.5,"['優選大床房「寧靜酣睡·乾濕分離·靜謐無窗」>:HK$459', '至樸大床房「中式雅筑·採光明亮·寬敞通透」 >:HK$510', '煥新大床房〖新穎時尚+空間寬敞+明亮窗户〗:HK$536', '至樸雙床房「中式雅筑·採光明亮·寬敞通透」 >:HK$561', '煥新雙床房「新穎時尚·空間寬敞·明亮窗户」>:HK$587']"
西安諾世嘉頓酒店,9.7,"['典雅新中式靜謐大床房:HK$577', '法式舒適大床房:HK$577', '典雅新中式靜謐雙床房:HK$577', '度假精緻大床房:HK$605', '法式精緻雙床房:HK$605', '度假精緻雙床房:HK$605']"
西安廣成大酒店（大唐西市地鐵站西稍門機場大巴店）,9.5,"['無窗標準間:HK$295', '無窗大床房:HK$333', '豪華標準間:HK$440', '舒適大床房:HK$447', '貴賓標準間:HK$531', '貴賓單人間:HK$543']"
西安賽瑞喜來登大酒店（龍首原地鐵站店）,9.6,"['豪華雙床房:HK$709', '豪華大床房:HK$709', '尊貴雙床房:HK$764', '尊貴大床房:HK$764', '行政雙床房:HK$893', '行政大床房:HK$893']"
禧唐酒店（西安大雁塔大唐不夜城店）,9.4,"['福禧大床房:HK$509', '新禧大床房:HK$542', '福禧雙床房:HK$542', '新禧雙床房:HK$576', '嘉禧家庭房:HK$743']"
西安大明宮諾富特酒店（龍首原地鐵站店）,9.5,"['高級大床房（高空全景落地窗+智能客控+記憶枕）:HK$545', '高級雙床房（高空全景落地窗+智能客控+記憶枕）:HK$611', '豪華大床房（高空全景落地窗+高端洗護+MINI吧）:HK$688', '豪華雙床房（高空全景落地窗+高端洗護+MINI吧）:HK$764', '行政套房（高空全景落地窗+浴缸+MINI吧+記憶枕）:HK$1,091', '豪華雙卧家庭套（高空全景落地窗+浴缸+MINI吧+記憶枕）:HK$1,309']"
西安鐘樓森德酒店,9.5,"['玲瓏大床房:HK$325', '輕奢雙床房（直飲水機+速幹羽風筒）:HK$366', '輕奢大床房（直飲水機+速幹羽風筒）:HK$389', '雅奢雙床房（直飲水機+速幹羽風筒）:HK$450', '影院大床房（私享百寸投影+按摩椅）:HK$475']"
西安逸華國際酒店（高新區科技二路地鐵站店）,9.5,"['精緻大床房:HK$286', '精品商務大床房（超大空間+小冰箱+電視投屏）:HK$339', '巨幕影院大床房（沉靜觀影+辦公桌椅+小冰箱）:HK$345', '雅緻舒適雙床房（辦公桌椅+會客區沙發+小冰箱+全景窗+電視投屏）:HK$577', '空氣清新大床房（辦公桌椅+會客區沙發+小冰箱+全景窗+電視投屏）:HK$584']"
歐傑西假日酒店（西安鐘樓地鐵站店）,9.2,"['靜謐深睡大床間·舒睡好眠:HK$299', '雅緻悠享標準間·潔凈温馨:HK$343', '雅緻悠享大床房·潔凈温馨:HK$343', '高級格調大床房:HK$372']"
悅新居民宿（西安鐘鼓樓永寧門地鐵站店）,9.4,"['悦享大床房:HK$462', '謐長安·悦享大床房:HK$490', '謐長安·悦享雙床房:HK$639', '謐長安·悦樂大床房:HK$746', '望長安·悦和城牆大床房:HK$966', '望長安·悦心城牆大床房:HK$1,172']"
清瀾居·東方唐韻民宿（西安華清池地鐵站店）,9.4,"['明威-閣樓榻榻米大床房（乾濕分離+智能+零壓深睡體驗）:HK$365', '楚辭-東方星空大床房（浩瀚星空+零壓深睡體驗+純唐風）:HK$482', '漢賦-中式舒適大床房（乾濕分離+智能+零壓深睡體驗）:HK$526', '唐風-中式温馨親子房（乾濕分離+智能+零壓深睡體驗）:HK$623']"
西安鐘樓麗柏酒店,9.5,"['舒適大床房（智能客控+夢百合0壓床墊+小冰箱）:HK$402', '精緻大床房（智能客控+夢百合0壓床墊+小冰箱）:HK$479', '豪華雙床房（智能客控+夢百合0壓床墊+小冰箱）:HK$501', '行政大床房（智能客控+夢百合0壓床墊+小冰箱）:HK$533', '行政雙床房（智能客控+夢百合0壓床墊+小冰箱）:HK$555']"
西安經開瑾程酒店（文景路地鐵站店）,9.4,"['温馨·城景大床房:HK$437', '高級·城景雙床房:HK$479', '商務·城景雙床房:HK$546', '商務·城景大床房:HK$546', '行政·城景大床房:HK$577', '豪華·城景大床房:HK$610']"
西安玥汐酒店（大雁塔大唐不夜城店）,9.3,"['苑景大床房（藍牙音箱+智能馬桶）:HK$590', '享浴大床房（浴缸+藍牙音箱+智能馬桶）:HK$623', '苑景家庭房（藍牙音箱+智能馬桶）:HK$623', '享浴雙床房（浴缸+藍牙音箱+智能馬桶）:HK$643', '露台大床房（藍牙音箱+智能馬桶）:HK$688']"
西安鐘樓永寧門雅緻酒店,9.5,"['雅緻·永寧謐境大床房【高清投影+智能客控+慕思床墊】:HK$979', '雅緻·大唐盛世大床房【智能客控+深睡產品+慕思床墊】:HK$1,008', '雅緻·永寧謐境雙床房【高清投影+智能客控+慕思床墊】:HK$1,046', '雅緻·城牆景觀大床房【智能客控+窗外絕美城牆夜景】:HK$1,075', '雅緻·城牆景觀私湯房【智能客控+窗外絕美城牆夜景】:HK$1,104', '雅緻·城牆景觀小套房【智能客控+窗外絕美城牆夜景】:HK$1,142']"
雲和夜泊酒店（西安鐘鼓樓南門店）,9.8,"['夜泊雅緻大床房:HK$776', '雅緻雙床房:HK$798', '夜泊大床房:HK$808', '夜泊豪華親子房:HK$830', '雲和豪華大床房:HK$841']"
西安鐘樓地鐵站含舍·美素酒店,9.2,"['輕享 · 靜悦大床房「全屋富氧凈化器＋沉浸式助眠床品」:HK$353', '雅舍 · 好眠大床房「全屋富氧凈化器＋沉浸式助眠床品」:HK$370', '美致 · 靜逸大床房「全屋智能客控＋零壓酣睡床墊」:HK$487', '雅舍 · 好眠雙床房「全屋富氧凈化器＋沉浸式助眠床品」:HK$489', '美致 · 樂享家庭房「全屋富氧凈化器＋零壓酣睡床墊」:HK$510']"
西安地建南山温泉酒店（野生動物園店）,8.9,"['南山苑大床房:HK$655', '南山苑多主題親子房:HK$655', '南山苑雙床房:HK$655', '南山苑私湯套房（全新客房）:HK$1,080', '南山苑270度觀景豪華套房:HK$1,912']"
秦唐一號酒店（西安鐘鼓樓回民街店）,9.2,"['豪華雙床房-安閑自得【潔凈温馨+採光盈室】:HK$354', '豪華大床房-高枕無憂【舒適安寧+四通八達】:HK$354', '零壓大床房-酣然入夢【零壓床墊+零壓枕頭+身心放鬆】:HK$380', '零壓雙床房-安然入睡【零壓枕頭+零壓床墊+一枕黑甜】:HK$380']"
長安·麗酒店（西安鐘樓永寧門地鐵站店）,9.5,"['麗瑞-智能大床房:HK$349', '麗楓-智能高級大床房:HK$446', '麗享-智能雙床房:HK$448', '麗景-智能城景高級大床房:HK$487', '麗都-智能高級雙床房:HK$501']"
西安東舍酒店（鐘鼓樓回民街店）,9.5,"['東舍雅緻雙床房（充足採光+藍牙音箱）:HK$587', '東舍雅緻超大床房:HK$587', '東舍商務雙床房（空氣凈化器+藍牙音箱）:HK$708', '東舍雅緻家庭雙床房:HK$798', '東舍雅緻家庭三床房:HK$819', '東舍豪華家庭三床房（空氣凈化器+藍牙音箱）:HK$931']"
西安鐘樓飯店,9.0,"['舒適雙床房:HK$466', '精緻大床房:HK$466', '街景雙床房:HK$500', '豪華鐘樓全景大床房:HK$632', '雅悦大床套房:HK$653']"
花容悦酒店（長安大學城廣場南路店）,9.4,"['輕享大床房[全屋聲控+深睡羽絨枕+輕柔羽絨被]:HK$260', '輕享雙床房[酣暢甜睡+零壓乳膠床墊+護頸功能枕]:HK$278', '暢享大床房[品牌衞浴+泊為吹風機+65寸投屏電視]:HK$282', '超享大床房[酣暢甜睡+零壓乳膠床墊+護頸功能枕]:HK$304', '超享雙床房[會客沙發+超大空間+休閑躺椅]:HK$304']"
帛薇酒店（西安大唐不夜城大雁塔店）,9.7,"['雅韻榻榻米大床房（金可兒床墊|智能馬桶|minibar）:HK$403', '星幕大床房（巨幕投影|新風系統|星空氛圍）:HK$425', '智能高級大床房（深度睡眠|TOTO智能馬桶|新風系統）:HK$447', '豪華大床房（意式磨咖機|TOTO智能馬桶|minibar）:HK$469']"
西安Mc麥悦·城市別院,9.7,"['M1悦享大床房:HK$388', 'M1雅居大床房:HK$409', 'M1雅居露台大床房:HK$432', 'M1麥悦露台花園房:HK$529', 'M2悦享雙床房:HK$572']"
執隱酒店（西安大唐不夜城大雁塔店）,9.4,"['執隱大床房:HK$1,107', '隱於心·雅緻大床房:HK$1,320', '隱於心·尊享大床房:HK$1,427', '隱於市·毗塔大床房:HK$1,640', '隱於心·雁塔雙床房:HK$1,640', '隱於市·毗塔雙床房:HK$1,746']"
雅縵東方庭院酒店（西安大雁塔大唐不夜城店）,9.6,"['精緻榻榻米大床房:HK$1,325', '城市景觀露台·榻榻米大床房:HK$1,459', '庭院景觀雙床房:HK$1,495', '園林景觀露台·沐池大床房:HK$1,644', '園林景觀家庭房（2大+2小）:HK$1,735']"
宜尚PLUS酒店（西安龍首原大明宮西地鐵站店）,9.4,"['標準大床房（零壓床墊記憶枕｜高空景緻｜智能客控）:HK$451', '標準雙床房（零壓床墊記憶枕｜高空景緻｜智能客控）:HK$489', '高級大床房（零壓床墊記憶枕｜高空景緻｜智能客控）:HK$516', '高級雙床房（零壓床墊記憶枕｜高空景緻｜智能客控）:HK$532', '影視大床房（零壓床墊記憶枕｜智能客控｜巨幕投屏）:HK$539']"
西安鐘樓地鐵站舒與酒店,9.5,"['高級大床房【智能客控+夢百合0壓床墊+極光背景】:HK$441', '商務大床房【智能客控+夢百合0壓床墊+落地窗】:HK$497', '高級雙床房【智能客控+夢百合0壓床墊+幕布投影】:HK$506', '商務雙床房【智能客控+夢百合0壓床墊+極光背景】:HK$534', '行政大床房【落地窗+星空露台+全屋智能客控】:HK$562']"
西安鐘樓原拓酒店,9.6,"['原慧大床房【空氣凈化器+慕思床墊+戴森吹風機】:HK$337', '原韻大床房【慕思床墊+戴森吹風機+智能客控】:HK$490', '原拓城景大床房【慕思床墊+戴森吹風機+智能客控】:HK$522', '原粹雙床房【慕思床墊+戴森吹風機+智能客控】:HK$555', '原粹大床房【慕思床墊+戴森吹風機+小冰箱+智能客控】:HK$599']"
喆啡酒店（西安鐘樓大差市地鐵站旗艦店）,9.6,"['醇享大床房【智能客控+電視投屏】:HK$460', '啡凡大床房【智能客控+電視投屏】:HK$505', '啡凡奢華大床房【智能客控+電視投屏】:HK$543', '啡凡雙床房【智能客控+電視投屏】:HK$559']"
西安鐘樓回民街逸扉酒店,9.3,"['靜享大床房【智能新風 | 皮爺coffee機 | 智能馬桶】:HK$535', '高級大床房【全屋智能新風 | 皮爺coffee機 | 智能馬桶】:HK$568', '豪華大床房【全屋智能客控 | 舒適浴袍 | 皮爺coffee機:HK$622', '高級雙床房【全屋智能新風 | 皮爺coffee機 | 智能馬桶】:HK$644', '陽光榻榻米房【全屋智能客控 | 電視投屏 | 皮爺coffee機】:HK$687']"
西安高新軟件新城美居酒店,9.6,"['高級大床房【絲漣護脊床墊＋65寸智能電視＋MINI吧】:HK$412', '高級雙床房【絲漣護脊床墊＋65寸智能電視＋MINI吧】:HK$441', '豪華大床房【絲漣護脊床墊＋65寸智能電視＋MINI吧】:HK$472', '豪華雙床房【絲漣護脊床墊＋65寸智能電視＋MINI吧】:HK$503', '嘉賓大床房【絲漣護脊床墊＋65寸智能電視＋MINI吧】:HK$532']"
幸福里民宿（西安大雁塔大唐不夜城地鐵站店）,9.7,"['一水間閣樓飄逸大床房:HK$370', '玲瓏榻榻米大床房:HK$370', '長相依閣樓大床房:HK$411', '偶遇陽光大床房:HK$431']"
西安南門古城牆希爾頓歡朋酒店,9.5,"['舒適大床房:HK$798', '舒適雙床房:HK$798', '高級雙床房:HK$827', '高級大床房:HK$827', '豪華雙床房:HK$865']"
麗怡酒店（西安大唐不夜城大雁塔地鐵站店）,9.6,"['高級大床房【新風系統+智能客控+慕思床墊】:HK$453', '臻禮大床房【智能客控+慕思床墊+舒適安睡】:HK$557', '豪華大床房【新風系統+智能客控+慕思床墊】:HK$621', '純凈大床房【智能客控+慕思床墊+舒適安睡】:HK$621', '臻禮雙床房【智能客控+慕思床墊+舒適安睡】:HK$629']"
美豪酒店（西安大明宮國家公園龍首原地鐵站店）,9.4,"['精緻時光大床房:HK$449', '暢享影音大床房（高清影院+組合沙發+會客區）:HK$493', '暢享影音雙床房（高清影院+坐卧倆用沙發）:HK$501', '雅緻格調大床房（坐卧倆用沙發+獨立化粧區）:HK$513', '雅緻格調雙床房（坐卧倆用沙發+會客區）:HK$536']"
西安盛捷新地城服務公寓（省體育場店）,9.5,"['豪華行政單房公寓（獨立廚房+洗烘一體機）:HK$765', '一房豪華套房（獨立廚房+洗烘一體機）:HK$775', '兩房豪華套房（獨立廚房+洗烘一體機）:HK$1,668', '兩房豪華行政套房（兩室一廳兩衞+獨立廚房+洗烘一體機）:HK$1,733']"
吳先生的酒店（西安雁塔區科技路地鐵站店）,9.7,"['高級大床房【辦公桌椅+全景床】:HK$410', '商務行政套房【會客廳+小冰箱+戴森吹風機】:HK$415', '高級雙床房【全景窗+辦公桌】:HK$424', '商務大床房【全景窗+舒適浴袍+智能馬桶】:HK$435', '商務雙床房【全景窗+舒適浴袍+智能馬桶】:HK$465']"
鴻臚花園酒店（西安鐘鼓樓回民街店）,9.5,"['憶長安·靜謐雙床房（中式體驗+精緻睡眠）:HK$379', '悦長安·主題觀影親子房（小童主題帳篷+堅果投影）:HK$413', '望長安·城牆全景大床房（城牆夜景+精緻睡眠）:HK$447', '悦長安·城牆全景大床房（城牆夜景+精緻睡眠）:HK$482', '望長安·城牆全景雙床房（城牆夜景+精緻睡眠）:HK$551']"
悦今夕酒店（西安鐘鼓樓永寧門地鐵站店）,9.3,"['今夕·悦幽席居大床房「靜享私密|零壓睡眠」:HK$469', '今夕· 悦享大床房「靜謐甜睡|新風凈化」:HK$495', '今夕·悦欣雙床房「夜傍暮鼓|自然眠愈」:HK$545', '今夕·悦景席居大床房「長安街景|夜色入眠」:HK$635', '今夕· 悦享雙床房「品質睡眠|舒適零壓」:HK$686']"
美豪麗致酒店（西安電視塔東儀路地鐵站店）,9.9,"['麗致大床房:HK$364', '麗致雙床房:HK$375', '雅緻智能大床房:HK$397', '雅緻智能雙床房:HK$408', '雅緻影院大床房:HK$582']"
西安行政中心雲朵X酒店,9.7,"['高級大床房:HK$490', '高級雙床房:HK$490', '行政大床房:HK$511', '行政雙床房:HK$511', '行政城景大床房:HK$516']"
樂客民宿（西安鐘鼓樓永寧門地鐵站店）,9.3,"['承天·城牆觀景親子套房（城牆夜景+陽光露台）:HK$688', '安上·城牆複式親子套房（小閣樓+中式房中房）:HK$764', '朱雀·城牆複式家庭套房（城牆夜景+家庭套房）:HK$795', '延禧·古風複式家庭套房（院景陽台+舒適睡眠）:HK$841']"
璞隱酒店（西安鐘樓南門王府井店）,9.7,"['芄蘭居精緻大床房【禪意謐境】:HK$494', '芳草居大床房【禪意謐境】:HK$503', '芳草居雙床房【禪意謐境】:HK$530', '蒹葭居大床房【禪意謐境】:HK$530', '蒹葭居雙床房【禪意謐境】:HK$547']"
西安永寧門大景城堡酒店,9.2,"['高級大床房:HK$491', '高級雙床房:HK$491', '城牆景觀大床房:HK$600', '城牆景觀雙床房:HK$600', '行政大床房:HK$632', '行政雙床房:HK$632']"
西安鐘樓永寧門萬達美華酒店,9.6,"['豪華大床房（語音智控+Acca·Kappar洗護+金可兒床墊）:HK$610', '高級豪華大床房（語音智控+Acca·Kappar洗護+金可兒床墊）:HK$643', '豪華雙床房（語音智控+寬適雙床+Acca·Kappar洗護）:HK$643', '高級豪華雙床房（語音智控+寬適雙床+Acca·Kappar洗護）:HK$676', 'MOMO親子雙床房（語音智控+小童專屬備品+卡通萌趣）:HK$970']"
西安金花大酒店（通化門地鐵站）,9.6,"['高級雙床房:HK$472', '高級大床房:HK$533', '豪華雙床房:HK$534', '豪華大床房:HK$534', '行政大床房:HK$644', '行政雙床房:HK$644']"
西安金茂酒店（鐘鼓樓回民街南門店）,9.3,"['活力大床房:HK$519', '煥新大床房:HK$597', '煥新雙床房:HK$663', '歡聚家庭房:HK$730', '270°全景套房:HK$786']"
