酒店名称,评分,房型价格列表
許昌三鼎華悦大酒店（胖東來天使城時代廣場店）,9.6,"['舒適雙床房:HK$396', '商務雙床房（藝術奢華）:HK$444', '商務大床房（藝術奢華）:HK$445', '女士主題大床房（温馨甜美+女士專屬）:HK$482', '運動主題大床房（落地全景+動感器械）:HK$502', '按摩主題大床房（舒適解壓+智能床墊）:HK$503']"
H酒店（許昌曹魏古城胖東來人民店）,9.5,"['甄選舒睡大床房（可手機投屏）:HK$309', '智能投影大床房（可手機投屏）:HK$342', '悠享湖景大床房（可手機投屏）:HK$366', '輕奢湖景影視大床房（可手機投屏）:HK$388']"
H酒店（許昌萬達胖東來天使城店）,9.7,"['內景舒適影視大床房（120寸高清投影+徠芬吹風機）:HK$239', '舒適大床房（享零壓床品+徠芬吹風機+智能客控）:HK$239', '高級大床房（享零壓床品+徠芬吹風機）:HK$253', '豪華景觀雙床房（享零壓床品+徠芬吹風機+智能客控）:HK$273']"
許昌北海美侖國際酒店,9.6,"['高級雙床房:HK$339', '高級大床房:HK$339', '豪華大床房:HK$369', '豪華雙床房:HK$369', '行政大床房:HK$389']"
許昌瑞貝卡芙蓉園酒店（芙蓉湖地鐵站店）,9.7,"['崇朗·雙床房（乾濕分離+休閑陽台）:HK$520', '崇朗·大床房:HK$578', '瑞園大床房「智能客控+庭院別墅」:HK$586', '知園·瑞園豪華大床房「落地陽台+庭院別墅」:HK$662', '情侶圓床房（智能客控+露台花園+庭院別墅）:HK$788', '崇朗·家庭親子套房「一室一廳+乾濕分離+大浴缸」:HK$1,024']"
晨曦酒店（許昌萬達胖東來天使城店）,9.5,"['清新大床房（新風系統）:HK$185', '影視大床房（巨幕投影+影視 VIP）:HK$195', '精緻內窗雙床房:HK$217', '雅緻大床房:HK$237']"
慕楓酒店（許昌胖東來天使城萬達廣場店）,9.8,"['靜謐大床房:HK$228', '景觀雙床房:HK$263', '輕奢大床房:HK$272', '温馨家庭房:HK$333']"
齊祺L酒店（許昌火車站曹魏古城店）,9.6,"['精緻大床房:HK$188', '精緻雙床房:HK$197', '麗致大床房:HK$206', '麗致雙床房:HK$214']"
月伴灣酒店（許昌許繼大道店）,8.9,"['致選舒適雙床房:HK$212', '致選舒適大床房:HK$224', '祥和喜慶大床套房:HK$476']"
鴻寶大酒店（許昌曹魏古城胖東來時代廣場店）,9.4,"['特惠大床房:HK$262', '時尚榻榻米（慕思床墊）:HK$327', '商務大床房（慕思床墊）:HK$327', '高級雙床房（可投屏）:HK$327', '高級大床房（可投屏）:HK$327']"
魏風酒店（許昌曹魏古城胖東來時代廣場店）,9.7,"['尊享•大床複式套房【戴森+新風+凈水熱飲機+大冰箱】:HK$984', '尊享•雙床複式套房【戴森+新風+凈水熱飲機+大冰箱】:HK$984', '樂享•觀景大床房【新風+凈水熱飲機+大冰箱+金可兒】:HK$984', '臻享•雙大床複式套房【2張大床+陽台+戴森+新風+冰箱】:HK$984']"
全季酒店（許昌建安大道天使城店）,9.6,"['高級大床房:HK$350', '舒壓-高級大床房:HK$416', '商務大床房:HK$436', '商務雙床房:HK$464']"
許昌和瑞酒店（芙蓉湖店）,9.5,"['高清投影大床房（VIP影視會員+巨幕投屏+零壓床墊）:HK$208', '巨幕投影雙床房（VIP影視會員+巨幕投屏+零壓床墊）:HK$212', '零壓雙床房（安睡護脊床墊+智能客控）:HK$222', '零壓大床房（安睡護脊床墊+智能客控）:HK$231']"
藝龍海雅酒店（許昌胖東來曹魏古城店）,9.2,"['標準大床房:HK$293', '標準雙床房:HK$304', '豪華大床房:HK$337', '豪華雙床房:HK$359']"
H酒店（許昌六一路胖東來時代廣場店）,9.7,"['慧選大床房（百寸投屏+零壓床墊）:HK$237', '靜謐大床房（可手機投屏+零壓床墊）:HK$251', '舒適影視大床房（百寸投影投屏+零壓床墊）:HK$272', '舒適大床房（可手機投屏+零壓床墊）:HK$289']"
維也納國際酒店（許昌芙蓉湖店）,9.5,"['高級大床房（智能客控+落地窗+城景+智能馬桶+新風系統+零壓床墊）:HK$302', '高級雙床房（智能客控+落地窗+城景+智能馬桶+新風系統+零壓床墊）:HK$302', '豪華大床房（智能客控+落地窗+城景+智能馬桶+新風系統+零壓床墊）:HK$345', '豪華雙床房（智能客控+落地窗+城景+智能馬桶+新風系統+零壓床墊）:HK$345', '湖景大床房（智能客控+落地窗+芙蓉湖景+智能馬桶+新風系統+零壓床墊）:HK$361']"
晨曦酒店（曹魏古城胖東來生活廣場店）,9.6,"['雅緻大床房:HK$218', '商務雙床房:HK$251', '唯美大床房:HK$251', '圓床家庭房（小童床+小童帳篷）:HK$273']"
許昌胖東來時代廣場曹魏古城亞朵酒店,10.0,"['高級大床房（投屏+智能客控+小冰箱）:HK$395', '高級雙床房（投屏+智能客控+小冰箱）:HK$431', '行政大床房（投屏+智能客控+小冰箱）:HK$431', '行政雙床房:HK$467', '尊享大床房:HK$467']"
麗楓酒店（許昌胖東來時代廣場曹魏古城店）,9.6,"['雅緻大床房「慕思床墊+智能客控+自動馬桶」:HK$316', '豪華大床房「慕思床墊+智能客控+自動馬桶」:HK$327', '純凈豪華雙床房「慕思床墊+空氣凈化器+自動馬桶」:HK$359', '純凈商務雙床房「慕思床墊+空氣凈化器+自動馬桶」:HK$414']"
許昌百瑞國際酒店,8.8,"['標準雙床房:HK$260', '標準大床房:HK$359', '觀景雙床房:HK$359', '麻將單床房:HK$413', '親子房:HK$414']"
全季酒店（許昌胖東來時代廣場店）,9.6,"['大床房:HK$356', '高級大床房:HK$386', '舒壓-高級大床房:HK$438', '商務大床房:HK$459']"
晨曦酒店（七一路胖東來時代廣場店）,9.6,"['悦享大床房:HK$311', '悦雅大床房（緊鄰胖東來時代廣場）:HK$342', '特惠影音大床房:HK$373', '靜謐影音大床房（温馨舒適+vip影視會員）:HK$384']"
許昌航空大酒店,9.5,"['豪華大床房:HK$356', '豪華雙床房:HK$356', '景觀大床房:HK$365', '商旅豪華大床房:HK$393', '豪華套房:HK$608']"
海龍大酒店（胖東來生活廣場店）,9.0,"['特惠大床房:HK$218', '青春大床房:HK$284', '青春雙床房:HK$284', '商務大床房:HK$371']"
藝選安來酒店（許昌曹魏古城胖東來人民店）,9.2,"['大床房（4K高清投屏）（冷藏櫃）:HK$259', '高級大床（冷藏櫃）:HK$284', '雙床房（冷藏櫃）:HK$297', '高級雙床房（4K高清投屏）（冷藏櫃）:HK$297']"
許昌天使城逸扉酒店,9.6,"['高級大床房（品牌專屬28CM零壓床墊+裸棉貼膚床品+私享Coffee機+智能語音+MiniBar專享）:HK$399', '高級雙床房（品牌專屬28CM零壓床墊+裸棉貼膚床品+私享Coffee機+智能語音+MiniBar專享）:HK$410', '豪華大床房（城市夜景+品牌專屬28CM零壓床墊+裸棉貼膚床品+Ora2皓樂齒牙膏+網紅浴袍+徠芬吹風機+私享Coffee機+智能語音）:HK$435', '豪華雙床房（城市夜景+品牌專屬28CM零壓床墊+裸棉貼膚床品+Ora2皓樂齒牙膏+網紅浴袍+徠芬吹風機+私享Coffee機+智能語音）:HK$439', '行政大床房（高空城景+品牌專屬28CM零壓床墊+定製天絲床品四件套+Ora2皓樂齒牙膏+戴森吹風機+網紅浴袍+私享Coffee機+智能語音+MiniBar專享）:HK$505', '行政雙床房（高空城景+品牌專屬28CM零壓床墊+裸棉貼膚床品+Ora2皓樂齒牙膏+戴森吹風機+網紅浴袍+私享Coffee機+智能語音+MiniBar專享）:HK$549']"
許昌中原國際飯店,9.6,"['經典雙床房（小窗）:HK$460', '經典大床房:HK$480', '經典雙床房:HK$480', '經典湖景大床房:HK$500', '經典湖景雙床房:HK$500', '舒適雙床房（小窗）:HK$500']"
許昌萬達廣場蓮城大道亞朵酒店,9.6,"['高級大床房（智能客控投屏+普蘭特床墊+小冰箱）:HK$422', '行政大床房（智能客控投屏+普蘭特床墊+小冰箱）:HK$449', '幾木城景大床房（智能客控投屏+普蘭特床墊+小冰箱）:HK$494', '幾木城景雙床房（智能客控投屏+普蘭特床墊+小冰箱）:HK$529', '幾木親子雙床房（智能客控投屏+普蘭特床墊+小冰箱）:HK$566']"
許昌俊欣民宿（胖東來天使城店）,9.1,"['蘭花—特惠大床房【輕奢觀景+真皮沙發+乾濕分離】:HK$207', '優選複式親子套房（一室一廳+冰箱+上下兩層客卧分離）:HK$317', '舒適複式禪茶親子套房（一室一廳+茶台+冰箱+洗衣機）:HK$317', '時尚複式雙床親子套房（一室一廳+上下兩層客卧分離）:HK$345']"
荷為貴酒店（許昌東站店）,9.2,"['普通大床房:HK$184', '普通雙床房:HK$184', '商務大床房:HK$206', '商務雙床房:HK$206', '豪華大床房:HK$262']"
頌錦大酒店（許昌高鐵東站店）,9.2,"['頌楓｜高級雙床房:HK$371', '頌桂｜行政雙床房:HK$388', '頌棠｜豪華雙床房:HK$391', '頌桂｜行政大床房:HK$411', '頌梧｜家庭雙床房:HK$506']"
悦梧桐酒店（許昌曹魏古城胖東來人民店）,9.5,"['悦心·榻榻米大床房（可手機投屏+小度智能控制+智能馬桶+影視VIP）:HK$524', '悦心·90度大床房（近水上公交+智能馬桶）:HK$603', '悦心·大床房（近曹魏古城+小度智能控制+100寸大屏投影）:HK$641', '悦心·湖景雙床房（停車場+自助洗衣+烘乾機+俯瞰西湖美景）:HK$700']"
漢庭酒店（許昌胖東來天使城店）,9.6,"['商務大床房:HK$234', '商務雙床房:HK$281', '豪華大床房:HK$281', '家庭房:HK$290']"
麗楓酒店（許昌金滙廣場胖東來天使城店）,9.6,"['雅緻大床房:HK$314', '豪華大床房:HK$324', '豪華雙床房:HK$324', '商務大床房:HK$365']"
蘭歐尚品酒店（許昌曹魏古城胖東來勞動店）,9.4,"['蘭藝大床房（金可兒床墊+手機投屏）:HK$280', '蘭藝雙床房（超清液晶電視+手機投屏）:HK$301', '蘭歐高級大床房（好眠乳膠枕+超大空間寬敞明亮）:HK$301', '蘭歐豪華大床房（小度智能控制+熨燙機）:HK$322']"
維也納國際酒店（許昌胖東來天使城時代廣場店）,9.5,"['高級大床房（電動窗簾+智能馬桶）:HK$297', '豪華大床房（電動窗簾+智能馬桶+沙發椅）:HK$322', '豪華雙床房（電動窗簾+智能馬桶+沙發椅）:HK$347', '商務大床房（電動窗簾+智能馬桶+貴妃椅）:HK$347', '商務雙床房（電動窗簾+智能馬桶+貴妃椅）:HK$372']"
賽菲爾大酒店（許繼大道胖東來店）,9.5,"['季享·零壓深睡大床房（零壓床墊+零壓護頸枕+智能馬桶+55寸小米智能電視）:HK$185', '季享·零壓深睡雙床房（零壓床墊+零壓護頸枕+智能馬桶+55寸小米智能電視）:HK$201', '智享·高級智能大床房（全屋智能小度客控+智能窗簾+智能燈光+智能馬桶+品牌專屬28CM零壓床墊+零壓枕）:HK$217', '悦享·美居家庭親子房（零壓床墊+零壓枕+智能馬桶+小童牙刷拖鞋）:HK$263']"
漢庭酒店（許昌胖東來時代廣場店）,9.5,"['高級大床房:HK$309', '商務大床房:HK$337', '豪華大床房:HK$384', '商務雙床房:HK$412']"
景歸·智慧觀影酒店,9.3,"['尊享影音大床房:HK$126', '城景觀影大床房:HK$135', '温莎觀影大床房:HK$140', '城景觀影雙床房:HK$143']"
瀾韻酒店（胖東來時代廣場店）,9.6,"['觀瀾大床房【全屋智能+智能馬桶+公區自助洗衣機】:HK$164', '雲染雙床房【全屋智能+智能馬桶+公區自助洗衣機】:HK$184', '瞻星觀影大床房（全屋智能+巨幕投影VIP+智能馬桶）:HK$214', '清霧浴缸大床房【全屋智能+一次性浴缸套和浴鹽】:HK$245']"
喜鵲愉家酒店（許昌高鐵東站店）,9.3,"['艾美大床房【品牌床品+Minibar】:HK$238', '簡美雙床房【觀景落地窗+品牌床品+Minibar】:HK$238', '舒適大床房【品牌床品+Minibar】:HK$286', '舒適雙床房【品牌床品+Minibar】:HK$292']"
許昌棠悦美居酒店（胖東來時代廣場店）,9.6,"['靜雅大床房（天貓客控+智能馬桶）:HK$290', '靜雅雙床房（天貓智控+小冰箱+零壓羽絨床品）:HK$311', '美享大床房（零壓床品）:HK$332', '美雅大床房（零壓羽絨床品）:HK$363']"
雲棲酒店（曹魏古城店）,9.2,"['喜樂·温馨豪華麻將房[一次性浴巾]:HK$162', '觀影大床房[超大空間|100寸巨幕觀影會員]:HK$162', '覓知—100寸觀影大床房[影視會員|手機投屏]:HK$162', '初心—100寸觀影大床房[影視會員|一次性浴巾]:HK$162']"
北岸酒店（許昌芙蓉湖英才花園店）,9.6,"['輕享大床房（酒店提供自助洗衣機）:HK$162', '舒適大床房（酒店提供自助洗衣機）:HK$168', '尊享商務雙床房（酒店提供自助洗衣機）:HK$183', '輕奢套房（酒店提供自助洗衣機）:HK$311']"
桔作酒店（許昌東站胖東來天使城店）,9.7,"['雅仕大床房「電視投屏+金可兒床墊+智能客房」:HK$304', '雅仕雙床房「窗外好景+金可兒床墊+智能客房」:HK$337', '觀影榻榻米「巨幕投影+金可兒床墊+智能客房」:HK$393', '經典大床房「配小冰箱+金可兒床墊+智能客房」:HK$439', '城景大床房「高空城景+金可兒床墊+智能客房」:HK$477']"
芸夢酒店（許昌胖東來時代廣場曹魏古城店）,8.9,"['千燈之約 | 城景影音大床房【洗衣機+落地窗】:HK$132', '心之所動丨會員觀影大床房【百寸巨幕+配備冰箱】:HK$142', '日落城邊丨輕奢影音大床房【超大空間+影視會員】:HK$152', '一攬星河丨商務影音雙床房【高清投影+手機投屏】:HK$171']"
星途雲觀酒店（胖東來天使城店）,7.0,"['雲觀-舒心雅緻大床房（智能客控+浪漫夜景.安靜睡眠）:HK$135', '雲觀-暢享影音大床房（百寸巨幕+深度睡眠+浪漫夜景）:HK$144', '雲觀--雅緻巨幕投影雙床房【智能客控+巨幕投影】:HK$181', '雲觀-商務巨幕雙床房（百寸巨幕+智能暢享+浪漫夜景）:HK$279']"
都市花園酒店（胖東來時代廣場店）,9.8,"['雅緻大床房:HK$452', '雅緻雙床房:HK$481', '花園大床房:HK$548', '花園雙床房:HK$577']"
許昌金登豪源大酒店（胖東來金滙店）,8.4,"['商務標準間:HK$217', '商務單間:HK$217', '普通麻將房:HK$278', '觀景情侶房:HK$278']"
花原·禮酒店（許昌芙蓉湖英才花園店）,9.2,"['舒享雙床房:HK$166', '好運連連麻將房:HK$211', '影音大床房:HK$279']"
