酒店名称,评分,房型价格列表
凱亞德酒店（貴陽龍洞堡機場砂之船奧特萊斯店）,9.5,"['雲逸・榻榻米影院房（高清觀影+乾濕分離+VIP會員）:HK$319', '雲尚・高級大床房（65寸大屏電視丨智能馬桶丨高空城景）:HK$426', '雲尚・高級雙床房（負離子吹風丨深睡床墊丨獨立辦公區）:HK$457', '雲舒・影音大床房（IMAX觀影丨智能化粧鏡丨多功能淋浴）:HK$457']"
美岸·燕舍河畔觀景民宿（貴陽甲秀樓青雲市集店）,9.7,"['燕飛·陽台休閑度假雙床房（慕思乳膠床墊+河畔露台觀四季之美）:HK$827', '燕巢·270度獨立庭院親子觀景大床房（慕思乳膠床墊+獨立庭院觀景+河畔露台觀四季之美）:HK$887', '燕雅·河景度假大床房（慕思乳膠床墊+河畔露台觀四季之美）:HK$895', '燕亭·270度獨立庭院觀景大床房（慕思乳膠床墊+河畔露台觀四季之美）:HK$896', '燕蓮·河景度假大床房（慕思乳膠床墊+河畔星空觀四季之美）:HK$922']"
在敘·縵居·S酒店（貴陽觀山湖金融城店）,9.5,"['侗.鄉居大床房:HK$616', '赤水.竹居套房:HK$671', '苗.村居.套房:HK$724', '山.沐雲城景套房:HK$760', '野.蝶居行政套房:HK$786']"
全季酒店（貴陽大十字中山西路地鐵站店）,9.5,"['大床房A【噴水池|65寸投屏電視|金可兒床墊|加濕器】:HK$586', '高級大床房A【65寸投屏電視|金可兒床墊|功夫茶具】:HK$664', '大床房【65寸投屏電視|金可兒床墊|茶具】:HK$683', '榻榻米房【65寸投屏電視|金可兒床墊|功夫茶具】:HK$683']"
YUNSHUO·高空私湯酒店（花果園白宮松花路地鐵站）,9.3,"['觀山·語月（AI智控+100寸巨幕+智能馬桶）:HK$697', '逸雲·聆風（慕思床墊尊享優眠+AI智控+超清會員私人影院）:HK$720', '星前·月下（俯瞰花果園夢幻夜景+TOTO衞浴+100寸巨幕）:HK$742', '萬象·浩天（歡聚麻將樂在其中+慕思床墊尊享優眠）:HK$764']"
SAN HE叄合酒店（貴陽甲秀樓大十字廣場店）,9.6,"['秀甲·一樓大床房:HK$599', '秀甲·書香榻榻米大床房（巨幕投影+影視會員+冰箱）:HK$644', '秀甲·登科大床房（巨幕投影+影視會員+冰箱）:HK$676', '秀甲·及第大床房（巨幕投影+影視會員+冰箱）:HK$721', '秀甲·玲瓏浴缸大床（超大泡池+影視會員+冰箱）:HK$763']"
采雲·椿敍高空觀景城市民宿（花果園白宮購物中心店）,9.3,"['夕顏墨眉·舒適大床房:HK$436', '文藝漫宅·觀城景浪漫風情吊牀房（高空城景）:HK$468', '柚嶼情梔·觀城景榻榻米影音房（超清投影+高空城景）:HK$479', '書香霓裳·舒適商務雙床房（精緻雙床+安靜舒適）:HK$512']"
如家精選酒店（貴陽噴水池大十字店）,9.5,"['大床房:HK$453', '高級大床房:HK$491', '雙床房:HK$512', '安心睡0壓大床房:HK$559']"
維也納酒店（貴陽花溪公園學士路地鐵站店）,9.4,"['標準單人房:HK$318', '大床房:HK$318', '高級大床房:HK$357', '豪華大床房:HK$404']"
貴陽·歡住｜Soong·CinemaBathtub設計酒店（噴水池地鐵站甲秀樓店）,9.4,"['噴水池｜高級大床房「FUXIN冰箱•亞朵款深眠床墊•城景」:HK$722', '觀山湖｜觀影大床房「極米巨幕投影•亞朵款床墊•綠植」:HK$747', '大十字｜豪華大床房「極米投影•亞朵款深眠床墊•城景」:HK$767', '甲秀樓｜浴缸房A「極米投影•泡泡浴&玫瑰花瓣•城景」:HK$838']"
安奈高空湯池酒店（貴陽華潤萬象滙店）,9.7,"['湯池高級房E:HK$766', '湯池高級房A2:HK$859', '湯池高級房A1:HK$859', '湯池套房F:HK$1,018']"
那墅OT Villa·花園泳池酒店（貴陽泉湖公園店）,9.6,"['享墅·精緻藝術大床「乳膠枕頭護頸椎+鵝絨被+全屋智能」:HK$642', '聽墅·優選投影大床房「乳膠枕頭護頸椎+80寸高清觀影」:HK$674', '雲墅·花園泳池陽台房「雲柔鵝絨被+後花園景觀大露台」:HK$716', '見墅·私享豪華大床房「休閑卡座功夫茶+恆温智能馬桶+全屋語音客控+小冰箱」:HK$716', '閑墅.觀景陽台超大床房「2.4滾滾大床+恆温智能馬桶+全屋語音客控」:HK$748']"
武岳酒店（青雲市集店）,8.9,"['標準單間:HK$395', '標準雙床房:HK$417', '豪華標準房:HK$493', '豪華大床房:HK$525']"
貴陽市白雲區花嶼湖庭院民宿,9.6,"['舒適大床房:HK$409', '豪華大床房:HK$428', '豪華雙床房:HK$435']"
在敘·縵居（觀山湖區國際生態會議中心地鐵站店）,9.5,"['藺·席居大床房（零壓乳膠床墊+辦公桌）:HK$513', '侗·鄉居大床房（零壓乳膠床墊+辦公桌）:HK$538', '苗·村居園景房（零壓乳膠床墊+辦公桌）:HK$547', '野·竹居城套房（零壓乳膠床墊+冰箱+辦公桌）:HK$581']"
林溪酒店（貴陽噴水池甲秀樓店）,9.2,"['歡顏-悦萌智能大床房:HK$657', '落慄--悦奢智能大床房:HK$710', '水碧-城景影音大床房（智能客控+超大投影+VIP觀影）:HK$762', '合歡-私享浴缸大床房（智能客控+巨幕投影+VIP觀影）:HK$1,079']"
燕舍城市民宿（貴陽甲秀樓青雲市集店）,9.5,"['念恩·精緻大床房「慕思乳膠床墊｜公區提供洗衣機｜日式茶台」:HK$378', '藏情·舒適榻榻米大床房「慕思乳膠床墊｜日式茶台」:HK$388', '墨問·雅緻大床房「慕思乳膠床墊｜公共區域提供洗衣機｜飄窗茶台」:HK$397', '沐月·豪華大床房「慕思乳膠床墊｜日式茶台｜可洗衣」:HK$419']"
50HZ赫茲酒店（甲秀樓青雲市集店）,9.5,"['輕享智能大床房:HK$309', '悦享舒適雙床房:HK$327', '尊享浴缸大床房:HK$402']"
凱里亞德酒店（貴陽花溪大學城店）,9.5,"['樂享大床房-智能客控-電霧玻璃:HK$400', '樂享雙床房-智能客控-新風系統:HK$434', '優享大床房-智能客控-電霧玻璃:HK$451', '優享雙床房-智能客控-新風系統:HK$519', '榮享大床房-智能客控-電霧玻璃:HK$519']"
貴陽貴龍飯店,9.3,"['高級標間:HK$424', '商務單間:HK$520', '高級單間:HK$526', '豪華標間:HK$550', '高級套間:HK$666']"
藝龍酒店（貴陽噴水池店）,9.5,"['巨幕影院房（無窗）（VIP影視暢享觀影+全智能語音小愛同學+小冰箱）:HK$648', '雅緻大床房（全智能語音小愛同學+智能馬桶+小冰箱）:HK$714', '心悦大床房（全智能語音小愛同學+智能馬桶+小冰箱）:HK$784', '心悦雙床房（全智能語音小愛同學+智能馬桶+小冰箱）:HK$784', '不凡觀景大床（全智能語音小愛同學+智能馬桶+小冰箱）:HK$808']"
ANDZO·安嶼洲X酒店（貴陽萬象城購物中心青雲市集店）,9.6,"['X•小美滿榻榻米【全屋智能】:HK$349', 'An•舒享大床房【智能馬桶+Mini冰箱】:HK$371', 'An•舒享雙床房【全屋智能+Mini冰箱吧】:HK$401', 'An•悦享大床房【零壓深睡床墊+Mini冰箱】:HK$408', 'An•悦享雙床房【Mini冰箱吧+超清投影】:HK$423']"
貴陽黔靈大酒店（黔靈山公園地鐵站店）,9.2,"['精品大床房:HK$483', '精品標間:HK$483', '山景標間:HK$483', '山景大床房:HK$517']"
清晨時光酒店（貴陽花果園購物中心店）,9.3,"['時光大床房:HK$327', '時光智選大床房（智能客控）:HK$468', '時光雙床房:HK$503', '時光智享大床房（智能客控）:HK$514']"
如家商旅酒店（貴陽龍洞堡機場中興地鐵站店）,9.4,"['商務大床房:HK$282', '雙床房:HK$316', '高級大床房:HK$316', '高級雙床房:HK$351']"
華聯大酒店（貴陽噴水池地鐵站店）,9.4,"['豪華大床房:HK$605', '豪華雙床房:HK$661', '行政大床房:HK$683', '行政雙床房:HK$738', '商務套房:HK$1,046']"
Mcsrh麥嘉·拾趣酒店（貴陽噴水池地鐵站店）,9.3,"['M1悦享榻榻米大床房:HK$350', 'M1雅居大床房:HK$382', 'M1巨幕影音大床房:HK$414', 'M2雅居雙床房:HK$446']"
貴陽林城大酒店（省政府黔靈公園店）,9.4,"['標準房:HK$457', '豪華房:HK$457', '高級雙床房:HK$501', '尊享單間:HK$501', '商務房:HK$566']"
巢精選酒店（甲秀樓青雲市集店）,9.1,"['漢唐·韻丘大床房:HK$595', '漢唐·東笙大床房:HK$630', '漢唐·江清河景房:HK$691', '漢唐·閑遊至尊房:HK$770']"
麗怡酒店（貴陽噴水池地鐵站店）,9.2,"['標準大床房:HK$738', '純凈大床房:HK$779', '高級大床房:HK$820', '高級雙床房:HK$820']"
貴陽柒號花園酒店（太平路噴水池地鐵站店）,9.1,"['甄選·精緻大床房【高清投屏】:HK$565', '舒適・雅緻大床房【飛利浦音箱】:HK$588', '逸享舒適雙床房【Mini冰箱】:HK$618', '輕奢商務大床房【高清投屏】:HK$641']"
水雲天酒店（貴陽大十字甲秀樓店）,9.1,"['精品雅緻雙床房:HK$416', '雅緻榻榻米大床房:HK$540', '品閑行政雙床房:HK$540', '念靜景觀雙床房:HK$638']"
錦江白玉蘭酒店（貴陽噴水池地鐵站店）,9.2,"['輕雅大床房:HK$507', '靜逸大床房:HK$548', '舒雅雙人房:HK$564', '舒雅大床房:HK$589']"
See City·雲翼高空酒店（貴陽甲秀樓民生路店）,9.5,"['City地標星空大床房|高空城景-浴缸-戴森吹風機:HK$1,408', 'City豪華高空品茶大床房|紫砂品茗觀城景-浴缸-戴森吹風機:HK$1,519', 'City豪華觀景雙床房|高空城景-浴缸-戴森吹風機-小童淘氣堡-床很大:HK$1,627', '翼·Plus高空大床房|高空城景-床超大-戴森吹風機-浴缸:HK$1,737', '雲·夢幻童趣家庭房|小童帳篷-床很大-小童淘氣堡:HK$1,846']"
中濠國際酒店（貴陽噴水池大十字店）,9.6,"['輕奢靜謐房:HK$858', '輕奢大床房:HK$889', '輕奢雙床房:HK$937', '輕奢超大床房:HK$937', '輕奢甄選房:HK$937']"
Mcsrh麥嘉·拾趣酒店（貴陽噴水池小十字店）,9.3,"['M1靜謐大床房:HK$311', 'M1雅居大床房:HK$344', 'M1悦享大床房:HK$376', 'M2巨幕影音雙床房:HK$408']"
貴陽萬象温泉度假酒店,9.2,"['標準雙床房:HK$622', '豪華雙床房:HK$666', '豪華大床房:HK$688', '豪華浴缸雙床房:HK$688', '童趣親子房:HK$786', '豪華套房:HK$1,125']"
LIFE境·美術館（貴陽花果園購物中心松花路地鐵站店）,9.7,"['木妍·大床房（慕斯床墊+智能馬桶+小度智能客控）:HK$513', '星月夜·大床房C（慕斯床墊+智能馬桶+哈士奇冰箱+小度智能客控）:HK$534', '仲夏之夜｜大床房（慕斯床墊+智能馬桶+哈士奇冰箱+小度智能客控）:HK$557', '青花·大床房（慕斯床墊+智能馬桶+哈士奇冰箱+小度智能客控）:HK$578']"
貴州雅天大酒店,9.1,"['高級雙床房:HK$435', '高級大床房:HK$435', '豪華大床房:HK$533', '行政雙床間:HK$533', '標準套房:HK$654', '高級套房:HK$719']"
ANDZO·安嶼洲酒店（觀山湖公園貴陽市政府店）,9.5,"['An•舒享大床房【智能馬桶+徠芬吹風機】:HK$636', 'An•智享影音大床房【全屋智能+影視會員】:HK$659', 'An•舒享雙床房【全屋智能】:HK$672', 'An•樂享影音大床房【超清投影+Mini冰箱吧】:HK$683', 'An•悦享雙床房【全屋智能+Mini冰箱吧】:HK$719']"
貴陽空旅·接送酒店（龍洞堡國際機場奧特萊斯店）,9.5,"['雅緻·旅行家大床房+全屋聲控:HK$395', '智享·旅行大床房（輕奢床品I深度優質睡眠）:HK$417', '智享·旅行雙床房（輕奢床品I深度優質睡眠）:HK$417', '悦享·雲端沐足大床房（沐足沙發）:HK$428']"
貴陽Minn Hotel（甲秀樓青雲市集店）,9.6,"['Vintage 街景大床房:HK$1,011', 'Vintage 豪華雙床房:HK$1,197', 'Vintage 豪華街景大床房:HK$1,290', 'Vintage 復古180°河景套房:HK$1,754', 'Vintage 復古鄉村風180°河景套房:HK$1,754']"
貴陽東榆大酒店（龍洞堡機場店）,9.4,"['優享大床房（智能恆温馬桶、一次性面巾）:HK$286', '馨享大床房（電視可觀看直播、支持手機投屏）:HK$299', '尊享大床房（護頸枕、一次性面巾）:HK$306', '靜謐大床房（提供高質洗護用品、一次性面巾）:HK$323']"
浩宇都城酒店（觀山湖區北京師範大學貴陽附屬中學店）,9.6,"['靜雅大床房（全屋智能+零壓床墊+酣然入夢）:HK$450', '靜雅雙床房（全屋智能+零壓床墊+酣然入夢）:HK$473', '靜雅親子房（全屋智能+零壓床墊+酣然入夢）:HK$496', '臻品·靜享大床房（高空城景+全屋智能+零壓床墊）:HK$519', '閑逸·槓上開花麻將房（國粹會友+氧大師空氣凈化+全屋智能）:HK$554']"
貴陽會展中心希爾頓歡朋酒店,9.7,"['高級大床房:HK$658', '高級雙床房:HK$658', '豪華大床房:HK$717', '豪華雙床房:HK$717', '歡朋套房:HK$914']"
溢彩甲秀美宿酒店（貴陽大十字甲秀樓店）,9.7,"['美宿·流水潺潺雙床房（河景+地暖）:HK$591', '美宿·白鷺翩翩大床房（河景+地暖）:HK$625', '甲秀·近水樓台大床房（甲秀樓景觀 | 河景 | 地暖）:HK$775', '溢彩·綠水人家家庭房（河景+地暖）:HK$776']"
木西舍民宿（貴陽一中萬象滙店）,9.7,"['雲棲·觀景大床房:HK$446', '南枝·高空觀景雙床房:HK$481', '木澤·休閑大床房:HK$547', '木槿·休閑雙床房:HK$590']"
貴陽空港生態酒店（貴陽龍洞堡機場店）,9.5,"['MINI大床房:HK$315', '園林大床房:HK$359', '園林雙床房:HK$362', 'MINI雙床房:HK$383', '精品四人間:HK$392']"
錦逸·Graceful Elegance｜空中溯野·北站接送酒店（貴陽北站店）,9.1,"['山嵐丨靜謐景觀大床房「180°觀景-智能客控-高品質床品」:HK$432', '雲卷丨甄選景觀大床房「180°觀景-智能客控-辦公桌」:HK$442', '望月丨休閑景觀大床房「休閑茶台-智能客控-高品質床品」:HK$452', '星辰丨休閑景觀雙床房「180°觀景-智能客控-高品質床品」:HK$452']"
貴陽保利國際温泉酒店,9.5,"['豪華標間（帶陽台）:HK$691', '豪華大床房（帶陽台）:HK$691', '湖景大床房（帶陽台）:HK$921', '湖景雙床房（帶陽台）:HK$921', '湖景陽光房（帶陽台）:HK$1,097', '酷芽豬豬俠主題家庭套房（帶陽台）:HK$1,202']"
