酒店名称,评分,房型价格列表
贛州沃爾頓ACA酒店（達芬奇城市中心萬象城店）,9.5,"['城景·摩登雅韻新中式大床房（舒眠忱+天然裸棉床品）:HK$421', '城景·摩登雅韻新中式雙床房（舒眠忱+天然裸棉床品）:HK$431', '湖韻·摩登新中式臨湖大床房（舒眠忱+天然裸棉床品）:HK$441', '湖韻·摩登新中式臨湖雙床房（舒眠忱+天然裸棉床品）:HK$451', '湖韻·摩登雅韻新中式大床房（舒眠忱+天然裸棉床品）:HK$461']"
贛州贛南賓館（章貢區江南宋城歷史文化旅遊區店）,9.2,"['特惠雙床房:HK$213', '雅緻大床房:HK$213', '商務雙床房:HK$224', '雅緻雙床房:HK$235']"
觀己宋詞民宿（江南宋城歷史文化旅遊區）,9.2,"['水景庭院-香氛複式特價大床房-朝暮:HK$582', '水景庭院-香氛複式大床房-碧雲:HK$658', '水景庭院-大空間複式投影大床房-悦心:HK$765', '水景庭院-大空間複式投影大床房-如夢:HK$765']"
城市便捷酒店（贛州火車站華東城店）,9.5,"['商務大床房:HK$180', '標準大床房:HK$183', '商務雙床房:HK$188', '豪華大床房:HK$195']"
贛州沃爾頓WO酒店（萬象城店）,9.5,"['城景·新中式禪意雅閣大床房（舒眠枕+天然裸眠床品）:HK$371', '城景·新中式禪意雅閣雙床房（舒眠枕+天然裸眠床品）:HK$393', '湖韻·新中式禪意雅閣大床房（舒眠枕+天然裸眠床品）:HK$393', '歡聚·親子主題大床房（舒眠枕+天然裸眠床品+小童用品）:HK$435', '歡聚·親子主題雙床房（舒眠枕+天然裸眠床品+小童用品）:HK$435']"
贛州康博諾七星酒店,9.2,"['甄享大床房【慕思床墊+法國羅斯琳洗護】:HK$441', '甄享雙床房【慕思床墊+法國羅斯琳洗護】:HK$441', '尊享大床房【慕思床墊+意大利愛格尼洗護】:HK$461', '尊享雙床房【慕思床墊+意大利愛格尼洗護】:HK$461', '豪華大床房【舒達床墊+意大利愛格尼洗護】:HK$481', '豪華雙床房【慕思床墊+意大利愛格尼洗護】:HK$481']"
贛州沃爾頓東方文化酒店（萬象城中央公園店）,9.6,"['城景·東方禪韻棲居雙床房（舒眠深睡枕+天然裸眠床品）:HK$371', '城景·東方禪韻棲居大床房（舒眠深睡枕+天然裸眠床品）:HK$371', '湖韻·東方禪韻棲居大床房（舒眠枕+天然裸眠床品）:HK$391', '園林·東方禪韻雅閣大床房（舒眠枕+天然裸眠床品）:HK$391', '湖韻·東方禪韻270°湖景大床房（舒眠枕+天然裸眠床品）:HK$433']"
贛州章江新區希爾頓歡朋酒店,9.5,"['舒適大床房:HK$420', '舒適雙床房:HK$420', '高級大床房:HK$454', '高級雙床房:HK$454', '歡友大床配沙發床房:HK$513']"
贛州温德姆花園酒店（萬象城店）,8.8,"['舒享大床房:HK$382', '舒享雙床房:HK$382', '悦享大床房:HK$415', '悦享雙床房:HK$415', '奢享大床房:HK$448', '奢享雙床房:HK$448']"
贛州香江文華酒店（萬象城中央公園店）,9.5,"['凌空城景高級大床房（慕思床墊+智能客控）:HK$415', '凌空城景高級雙床房（慕思床墊+智能客控）:HK$415', '凌空湖景豪華大床房（慕思床墊+智能客控）:HK$437', '凌空湖景豪華雙床房（慕思床墊+智能客控）:HK$437', '城景行政大床房（慕思床墊+智能客控）:HK$459']"
全季酒店（贛州江南宋城店）,9.7,"['高級大床房（手機投屏+智能客控+小冰箱）:HK$331', '豪華大床房（手機投屏+智能客控+小冰箱）:HK$350', '高級雙床房（手機投屏+智能客控+小冰箱）:HK$350', '江景大床房（手機投屏+智能客控+小冰箱）:HK$370']"
贛州凱亞酒店（萬象城店）,9.5,"['商務大床房:HK$329', '商務雙床房:HK$329', '高級大床房:HK$360', '高級雙床房:HK$360', '豪華雙床房:HK$392']"
香江灣星瀾STAR酒店（贛州萬象城中央公園店）,9.6,"['城景高級大床房【智能客控】:HK$331', '城景高級雙床房【智能客控】:HK$331', '湖景豪華大床房【智能客控】:HK$352', '湖景豪華雙床房【智能客控】:HK$352', '城景行政大床房【智能客控】:HK$373']"
贛州香江灣國際酒店（章貢區江南宋城歷史文化旅遊區店）,9.3,"['商務電腦大床房:HK$245', '行政雙床房（凌空城景+三線充電器+辦公書桌+休閑椅）:HK$261', '行政大床房（三線充電器+辦公書桌+休閑椅）:HK$272', '江景麻將雙床房:HK$342', '江景浴缸房（一線江景+品牌浴缸+一次性浴缸套）:HK$374']"
櫻鷺客棧（贛州東站梅林古鎮店）,9.4,"['雅緻丨城景大床房（慕思床墊+智能客控）:HK$191', '好眠丨舒適睡眠大床房（零壓床墊+全屋智能）:HK$216', '豪華丨江景大床房（全景落地窗+智能客控）:HK$228', '尊享丨江景雙床房（慕思床墊+智能客控）:HK$240']"
觀己·拙然居民宿（江南宋城歷史文化旅遊區古城牆店）,9.1,"['歸隱·超大TV榻榻米特價大床房【智能家居】:HK$303', '閑庭·侘寂風榻榻米大床房【智能家居庭院景觀】:HK$325', '安然·輕工業風設計高清投影大床房【智能家居】:HK$379', '體驗價 沐光·高清投影大床房【中古設計智能家居】:HK$409']"
贛州沃爾頓W酒店（達芬奇萬象城店）,9.3,"['高級園景大床房【甜夢床墊+城市美景】:HK$330', '高級園景雙床房【甜夢床墊+城市美景】:HK$330', '輕奢複式大床房【按摩椅+城市美景】:HK$366', '豪華園景大床房【甜夢床墊+城市美景】:HK$392', '豪華園景雙床房【甜夢床墊+城市美景】:HK$392']"
贛州山水大廈（江南宋城歷史文化旅遊區店）,9.5,"['躺平治癒雙床房（乾濕分離+品質床品）:HK$237', '悠然自得雙床房（乾濕分離+辦公桌+休閑椅+品質床品）:HK$265', '滾來滾去超大床房（超大床+辦公桌+休閑椅+品質床品）:HK$277', '靜享時光大床房（超大床+休閑椅+辦公桌+品質床品）:HK$286', '靜享時光雙床房（休閑椅+辦公桌+辦公椅+品質床品）:HK$294']"
沃爾頓國際酒店（贛州黃金機場迎賓大道店）,9.5,"['雅奢·現代風尚高級雙床房（舒眠忱+天然裸棉床品）:HK$303', '智享·商務電腦大床房（舒眠深睡忱+天然裸棉床品）:HK$313', '智享·商務電腦雙床房（舒眠深睡忱+天然裸棉床品）:HK$313', '雅奢·現代風尚豪華大床房（舒眠忱+天然裸棉床品）:HK$314', '舒眠·零壓安睡大床房（舒眠深睡枕+天然裸眠床品）:HK$314']"
縵廷酒店（贛州市政中心萬象城店）,9.5,"['特惠雙床房（乾濕分離+辦公桌）:HK$223', '特惠單間（乾濕分離+辦公桌）:HK$223', '高級雙床房（高級辦公桌+臻品城景）:HK$259', '高級大床房（高級辦公桌+臻品城景）:HK$259', '家庭大床房（特大床+靜享空間）:HK$315']"
贛州贛甸大廈（江南宋城歷史文化旅遊區店）,9.5,"['高級大床房:HK$285', '高級雙床房:HK$285', '豪華大床房:HK$337', '豪華雙床房:HK$337', '零壓雙床房:HK$337']"
贛州藍璞酒店（市政府九方購物中心店）,9.5,"['璞麗大床房（乾淨清爽+名著書籍+幽香蘭花）:HK$307', '璞麗雙人房（悦享城景·零壓睡眠）:HK$332', '璞景大床房（開闊視野+高空美景+幽香蘭花）:HK$347', '璞景雙人房（高空美景+飽讀詩書+迷你小冰箱）:HK$347', '巨幕影音房（120寸高清巨幕）:HK$440']"
沃爾頓國際酒店（贛州站店）,9.6,"['雅居·現代風尚城景大床房（舒眠枕+天然裸眠床品）:HK$286', '雅居·新中式城景大床房（舒眠枕+天然裸眠床品）:HK$296', '雅居·現代風尚江景雙床房（舒眠枕+天然裸眠床品）:HK$296', '雅居·新中式江景大床房（舒眠枕+天然裸眠床品）:HK$297', '雅居·新中式江景雙床房（舒眠枕+天然裸眠床品）:HK$307']"
維也納國際酒店（贛州CBD萬象城中央公園店）,9.4,"['高級大床房【智能客控+零圧床墊】:HK$310', '高級雙床房【智能客控+零圧床墊】:HK$310', '豪華大床房【智能客控+零圧床墊】:HK$320', '豪華雙床房【智能客控+零圧床墊】:HK$328', '豪華特大床房【超大床+零圧床墊】:HK$344']"
贛州格蘭雲天國際酒店（萬象城南河古浮橋店）,9.4,"['豪華大床房:HK$480', '豪華雙床房:HK$480', '超豪華大床房:HK$509', '豪華影音大床房（100寸大幕布）:HK$532', '商務大床房:HK$536', '商務雙床房:HK$536']"
希格酒店（贛州江南宋城歷史文化旅遊區步步高新天地店）,9.4,"['暢享大床房（智能客控＋品牌床品床墊＋智能馬桶）:HK$164', '豪華超大雙床房（智能客控＋品牌床品床墊＋超大空間）:HK$185', '閲享大床房（智能客控＋品牌床品床墊＋智能馬桶）:HK$185', '親子家庭雙床房（智能客控＋品牌床品床墊＋大雙床）:HK$207']"
贛州康萊博國際酒店（江南宋城歷史文化旅遊區店）,9.4,"['特惠大床房（寬敞舒適+品質床墊+小冰箱）:HK$216', '特惠雙床房（寬敞舒適+品質床墊+小冰箱）:HK$216', '標準大床房（全景落地窗+乾濕分離+辦公桌+品質床墊）:HK$261', '標準雙床房（全景落地窗+乾濕分離+辦公桌+品質床墊）:HK$261', '高級雙床房（全景落地窗+小冰箱+品質床墊）:HK$282']"
全季酒店（贛州贛縣區政府店）,9.2,"['高級大床房（迷你冰箱+65寸智能電視）:HK$281', '商務大床房（迷你冰箱+65寸智能電視）:HK$309', '豪華雙床房（迷你冰箱+65寸智能電視）:HK$309', '豪華大床房（迷你冰箱+65寸智能電視）:HK$337']"
贛州香江城跡酒店（萬象城店）,9.1,"['城景雙床房（冰箱+洗衣機）:HK$228', '城跡園景大床房（冰箱+洗衣機）:HK$233', '城跡城景大床房（冰箱+洗衣房）:HK$255', '凌空城景雙床房:HK$255', '凌空園景大床房{冰箱+洗衣機}:HK$278']"
贛州康萊博精品酒店（章貢區贛州站店）,9.0,"['精緻單床房（全景窗 舒適好眠）:HK$233', '尊享雙床房（寬敞空間+俯瞰城景）:HK$233', '高級大床房（全景窗+舒適好眠）:HK$250', '高級雙床（（全景窗+舒適好眠））:HK$250']"
格蘭雲天閲酒店（贛州萬象城凱賓店）,9.4,"['温馨大床房（安心愜意＋精緻典雅）:HK$273', '高級大床房（至臻舒享＋怡然自得）:HK$283', '商務雙床房（商務尊享＋安適如常）:HK$284', '豪華雙床房（現代簡約沙發＋尊雅韻卧）:HK$324', '至尊大床房（現代簡約沙發＋超級大床）:HK$355']"
贛州恆瑞藍灣大酒店（萬象城店）,9.5,"['城央悦享大床房:HK$392', '高級大床房:HK$415', '高級雙床房:HK$415', '豪華大床房:HK$436', '豪華雙床房:HK$436', '錦程和悦大床房:HK$479']"
沃爾頓國際酒店（寶能城贛州站店）,9.5,"['舒眠·零壓安睡大床房（舒眠深睡枕+天然裸眠床品）:HK$322', '舒眠·零壓安睡雙床房（舒眠深睡枕+天然裸眠床品）:HK$332', '奢華·現代風尚雅居雙床房（舒眠深睡枕+天然裸眠床品）:HK$339', '至尊·現代風尚雅居大床房（舒眠深睡枕+天然裸眠床品）:HK$447', '至尊·現代風尚雅居套房（舒眠安睡枕+天然裸眠床品）:HK$663']"
康萊博國際酒店（贛州贛縣區人民政府梅林古鎮店）,9.2,"['精緻大床房【美國舒達床墊】:HK$220', '商務城景雙床房【美國舒達床墊】:HK$236', '商務大床房【美國舒達床墊】:HK$252', '豪華城景雙床房【美國舒達床墊】:HK$259', '豪華城景大床房【美國舒達床墊】:HK$285']"
全季酒店（贛州經開區萬達廣場店）,9.6,"['雙床房:HK$403', '大床房:HK$403', '高級大床房:HK$422', '舒壓雙床房:HK$422']"
贛州半江霞民宿（客家文化城店）,9.6,"['驚喜大床房【私享庭院|沙發|浴缸|雙盆盥洗|羅斯林洗護】:HK$371', '采綠·庭院大床房【私享庭院|雙盆盥洗|羅斯林洗護】:HK$447', '書蘭·江景大床房【觀景露台|沙發|雙盆盥洗|羅斯林洗護】:HK$447', '幻雲拾翠·江景大床房【觀景露台|沙發|浴缸|雙盆盥洗|羅斯林洗護】:HK$480', '憶香識草·庭院大床房【私享庭院|雙盆盥洗|浴缸|羅斯林洗護】:HK$480']"
贛州章江賓館（萬象城店）,9.7,"['特惠大床房:HK$390', '商務大床房:HK$391', '商務雙床房:HK$391', '商務大床房A:HK$391', '行政大床房:HK$425']"
贛州紐豪花園酒店（江南宋城歷史文化旅遊區店）,9.4,"['高級大床房:HK$201', '高級雙床房:HK$201', '園景大床房:HK$230', '園景親子房:HK$241', '商務大床房:HK$252']"
虔美酒店（贛州火車站店）,9.3,"['高級大床房（記憶枕）:HK$240', '高級雙床房（暢遊WIFI+瓶裝水）:HK$262', '豪華大床房（智能投屏+超大景觀窗）:HK$262', '觀影大床房（智能投屏+騰訊會員+百寸巨幕）:HK$262']"
贛州嘉萊特沁廬酒店（市政府萬象城店）,9.3,"['凌空精選大床房:HK$327', '凌空城景大床房:HK$360', '凌空城景雙床房:HK$360', '凌空尊享浴缸大床房:HK$393', '多媒體雙床房:HK$393']"
雅緻禧悦酒店（江南宋城步步高新天地店）,9.1,"['特惠大床房:HK$151', '禧·雅悦温馨大床房（天然乳膠床墊）:HK$166', '禧·雅悦舒心榻榻米房（天然乳膠床墊）:HK$175', '禧·雅悦格調大床房（配手機充電器）:HK$184']"
沃爾頓城市酒店（贛州站店）,9.5,"['雅奢·臻選大床房（舒眠深睡枕+天然裸眠床品）:HK$217', '雅奢·臻選雙床房（舒眠深睡枕+天然裸眠床品）:HK$217', '雅奢·高級大床房:HK$253', '雅奢·高級雙床房（舒眠深睡枕+天然裸眠床品）:HK$253']"
贛州曼思君斕國際酒店,9.3,"['精緻單床房:HK$280', '舒適特惠雙床房:HK$288', '豪華雙床房（亞朵記憶枕|衞浴乾濕分離/辦公桌）:HK$333', '豪華茶藝大床房（衞浴乾濕分離/辦公桌）:HK$341', '家庭親子房:HK$357']"
緣分四季酒店（贛州萬達廣場店）,9.5,"['靈動雙床房（55寸投屏電視）:HK$264', '優享大床房（55寸投屏電視）:HK$264', '至尊大床房（夢百合零壓床墊+枕頭）:HK$282', '豪享雙床房（夢百合零壓床墊+枕頭）:HK$336', '江景大床房（酒店提供自助洗衣機）:HK$336']"
璞爾頓酒店（贛縣區七鯉古鎮度假區店）,8.9,"['全智能客控高級大床房（冰箱加洗衣烘乾）:HK$212', '全智能客控豪華大床房（冰箱加洗衣烘乾）:HK$218', '全智能客控行政套房（冰箱加洗衣烘乾）:HK$243', '智能客控行政標準間（冰箱加洗衣烘乾）:HK$243']"
贛州皇冠假日酒店,9.6,"['高級園景大床房:HK$668', '豪華庭院景觀大床房:HK$761', '高級園景雙床房:HK$785', '豪華庭院景觀雙床房:HK$877', '豪華江景大床房:HK$1,075', '豪華江景雙床房:HK$1,095']"
曼思國際酒店（贛州萬達廣場店）,9.0,"['舒適大床房:HK$233', '舒適雙床房:HK$241', '豪華大床房:HK$264', '豪華雙床房:HK$278', '行政大床房:HK$332']"
贛州康萊博國際酒店（江南宋城步步高新天地店）,8.8,"['精緻單人房:HK$207', '特惠雙床房-全景落地窗·金可兒床墊:HK$207', '商務雙床房-全景落地窗·金可兒床墊:HK$237', '商務大床房-安心睡眠·金可兒床墊:HK$237']"
贛州逸豪酒店（江南宋城步步高新天地店）,9.3,"['優選大床房（小冰箱+品質床品）:HK$220', '雅緻雙床房（小冰箱+舒適沙發+浴缸+辦公桌+乾濕分離）:HK$312', '雅緻大床房（超大床+浴缸+小冰箱+辦公桌+舒適沙發+乾濕分離）:HK$312', '豪華大床房（超大床+浴缸+乾濕分離+小冰箱+舒適沙發+辦公桌）:HK$312']"
虔美酒店（江南宋城步步高新天地店）,9.1,"['豪華大床房（坐躺兩用沙發+靜謐睡眠）:HK$174', '豪華雙床房（商務尊享+通透採光）:HK$174', '行政雙床房（全屋智能客控+靜謐睡眠）:HK$196', '行政大床房（全屋智能客控+靜謐睡眠）:HK$196']"
