酒店名称,评分,房型价格列表
通遼希爾頓歡朋酒店,9.6,"['舒適大床房:HK$605', '高級大床房:HK$634', '高級雙床房:HK$634', '豪華大床房 （沙發床）:HK$692', '豪華河景大床房 （沙發床）:HK$749']"
麗楓酒店（通遼火車站民族大學店）,9.7,"['豪華大床房（全屋智能+慕斯床墊+浴室音樂）:HK$247', '商務大床房（全屋智能+慕斯床墊+浴室音樂）:HK$346', '商務雙床房（全屋智能+慕斯床墊+浴室音樂）:HK$363', '純凈自然大床房（全屋智能+慕斯床墊+空氣凈化器+即熱式飲水機）:HK$371']"
維也納國際酒店（通遼市政府店）,9.8,"['舒適雙床房（深睡眠床墊+智能馬桶+電動窗簾）:HK$333', '舒適大床房（深睡眠床墊+智能客控+手機投屏）:HK$340', '豪華大床房（深睡眠床墊+智能客控+手機投屏）:HK$434', '豪華雙床房（深睡眠床墊+智能馬桶+電動窗簾）:HK$460', '商務大床房（深睡眠床墊+超大空間+65寸電視投屏觀影）:HK$554']"
通遼火車站民航路亞朵酒店,9.4,"['雅緻大床房（冰箱＋投屏＋智能馬桶＋深睡床墊深睡枕）:HK$322', '高級大床房（冰箱＋投屏＋智能馬桶＋深睡床墊深睡枕）:HK$340', '尊享大床房（冰箱＋投屏＋全智能馬桶＋電動窗簾）:HK$358', '高級雙床房（冰箱＋投屏＋智能馬桶＋深睡床墊深睡枕）:HK$358', '尊享雙床房（冰箱＋投屏＋全智能馬桶＋電動窗簾）:HK$385']"
人禾大酒店（通遼市萬達廣場店）,9.6,"['經濟丨舒適雙床房:HK$138', '商務丨奢享雙床房:HK$194', '商務丨悠享大床房:HK$240', '經濟丨舒適三人間:HK$250']"
全季酒店（通遼明仁大街店）,9.7,"['雙床房丨手機投屏+小冰箱:HK$340', '大床房 | 手機投屏+小冰箱:HK$360', '高級雙床房 |智能客控+小冰箱:HK$369', '高級大床房 |智能客控+小冰箱:HK$389']"
通遼鬱錦香酒店,9.7,"['妙趣觀景大床房（無線充電+電視投屏+智能馬桶）:HK$391', '妙趣雅緻雙床房（全屋智能+呼吸燈控+智能馬桶）:HK$391', '妙趣雅緻大床房（無線充電+電視投屏+智能馬桶）:HK$402', '趣享豪華大床房（智能馬桶+全屋智能）:HK$412', '趣享豪華雙床房（全屋智能+呼吸燈控+智能馬桶）:HK$412']"
通遼萬達廣場亞朵酒店,9.5,"['星曜雅緻大床房（手機投屏+智能客控）:HK$376', '星曜雙床房（手機投屏+智能客控）:HK$403', '星曜大床房（手機投屏+智能客控）:HK$421', '星曜高級大床房（手機投屏+智能客控+小冰箱）:HK$465', '星曜家庭房（手機投屏+智能客控）:HK$510']"
麗楓酒店（通遼市政府店）,9.7,"['豪華雙床房（慕斯床墊+電動窗簾+浴室音樂）:HK$333', '豪華大床房（慕思床墊+電動窗簾+浴室音樂）:HK$367', '行政大床房（2米超大慕斯床墊+電動窗簾+藍牙音響）:HK$399', '商務雙床房（慕斯床墊+電動窗簾+藍牙音響）:HK$407']"
桔子酒店（通遼萬達廣場店）,9.6,"['高級大床房:HK$382', '商務大床房:HK$411', '高級雙床房:HK$411', '行政雙床房:HK$458']"
通遼壹方城·喜來酒店（萬達廣場店）,9.6,"['悦享大床房:HK$460', '悦享雙床房:HK$533', '陽光大床房:HK$557', '尊享影音房:HK$594', '親子家庭房:HK$679']"
通遼鑫達國際酒店,9.5,"['精選大床房:HK$425', '精選雙床房:HK$425', '景緻大床房:HK$440', '景緻雙床房:HK$440', '城際景觀套房:HK$548']"
盛世祥龍滿蒙文化主題酒店,9.6,"['蒙古包套房:HK$216', '中式標間:HK$257', '舒適中式大床房:HK$267', '古典架子大床房:HK$267']"
通遼吉雅·生態酒店（通遼機場店）,9.5,"['氧吧 | 大床房【纖塵不染+超大觀景窗+東方美學設計】:HK$198', '氧吧 | 雙床房【負氧離子豐富+窗明幾凈+零壓床墊】:HK$209', '涼亭·花園丨大床房【露營+户外吧枱+綠草如茵】:HK$245', '草坪·庭院 | 雙床房【私享花園+觀星賞月+纖塵不染】:HK$256']"
美嵐酒店（通遼明仁大街火車站店）,9.6,"['輕享榻榻米大床房|智能小度+零壓床墊+全屋地暖:HK$318', '超享大床房|智能小度+零壓床墊+乾濕分離+洗烘一體機:HK$340', '超享雙床房|智能小度+零壓床墊+乾濕分離+洗烘一體機:HK$340', '氧吧大床房|空氣凈化器+零壓床墊+採光充足:HK$358']"
維也納國際酒店（通遼科爾沁店）,9.3,"['高級雙床房:HK$215', '豪華大床房:HK$228', '豪華雙床房:HK$234', '城景大床房:HK$247']"
麗楓酒店（通遼附屬醫院霍林河大街店）,9.8,"['雅緻雙床房（智能客控+慕斯床墊+零壓記憶枕+背景音樂）:HK$282', '雅緻大床房（智能客控+慕斯床墊+零壓記憶枕+背景音樂）:HK$300', '純凈自然雙床房（智能客控+慕斯床墊+零壓記憶枕+空氣凈化器+即熱式飲水機+背景音樂）:HK$308', '豪華大床房（智能客控+慕斯床墊+零壓記憶枕+背景音樂）:HK$326']"
全季酒店（通遼火車站店）,9.8,"['大床房:HK$336', '雙床房:HK$354', '高級大床房:HK$382', '高級雙床房:HK$411']"
星程酒店（通遼明仁大街店）,9.3,"['大床房:HK$382', '高級大床房:HK$382', '雙床房:HK$393', '三人間:HK$402']"
全季酒店（通遼清河大街店）,10.0,"['雙床房（智能客控+智能馬桶+手機投屏+小冰箱）:HK$321', '高級大床房（智能客控+智能馬桶+手機投屏+小冰箱）:HK$349', '高級雙床房（智能客控+智能馬桶+手機投屏+小冰箱）:HK$358', '商務大床房（智能客控+智能馬桶+手機投屏+小冰箱）:HK$378']"
如家商旅酒店（通遼一中火車站店）,9.7,"['大床房A（投屏電視+零壓床墊）:HK$247', '大床房（投屏電視+零壓床墊）:HK$264', '雙床房（投屏電視+零壓床墊）:HK$308', '家庭房（投屏電視+零壓床墊）:HK$341']"
錦江之星（通遼建國路店）,9.6,"['標準房B:HK$189', '商務房B:HK$195', '標準房A:HK$203', '零壓商務房A:HK$256']"
驛居酒店（通遼火車站店）,9.9,"['大床房:HK$165', '雙床房:HK$165', '商務大床房:HK$183', '高級雙床房:HK$183']"
漢庭酒店（通遼民族大學附屬醫院店）,9.7,"['高級大床房:HK$271', '商務大床房:HK$289', '雙床房:HK$289', '家庭房:HK$308']"
如家商旅酒店（通遼萬達廣場店）,9.4,"['商務大床房:HK$350', '雙床房:HK$350', '高級大床房:HK$376', '高級雙床房:HK$386']"
全季酒店（通遼市政府店）,9.3,"['高級大床房A:HK$402', '高級大床房:HK$420', '雙床房:HK$420', '商務雙床房:HK$430']"
芮麗酒店（通遼市政府店）,9.7,"['豪華大床房（客控系統+電動窗簾+慕斯床墊）:HK$275', '行政大床房（客控系統+電動窗簾+慕斯床墊）:HK$328', '豪華雙床房（客控系統+電動窗簾+慕斯床墊）:HK$346', '商務大床房（客控系統+電動窗簾+慕斯床墊）:HK$365']"
如家酒店·neo（通遼附屬醫院萬達廣場店）,9.4,"['大床房:HK$186', '商務大床房:HK$210', '雙床房:HK$210', '家庭房:HK$235']"
7天酒店（通遼大潤發店）,9.3,"['經濟房（無窗）:HK$145', '輕選大床房:HK$160', '自主大床房:HK$187', '自主雙床房:HK$196']"
通遼速8酒店（火車站人民公園店）,8.9,"['智享商旅大床房:HK$123', '惠享大床房:HK$184', '惠享雙床房:HK$184', '暢享陽光三人間:HK$189']"
漢庭酒店（通遼明仁大街店）,9.5,"['高級大床房A:HK$255', '高級大床房:HK$274', '雙床房:HK$321', '家庭房:HK$349']"
如家酒店·neo（通遼火車站店）,9.5,"['商務大床房A:HK$224', '雙床房A:HK$224', '商務大床房:HK$233', '雙床房:HK$233']"
漢庭酒店（通遼火車站店）,9.7,"['大床房:HK$252', '高級大床房:HK$261', '高級雙床房:HK$271', '商務大床房:HK$280']"
如家酒店（通遼霍林河大街民族大學附屬醫院店）,9.6,"['商務大床房A:HK$166', '商務大床房:HK$174', '雙床房:HK$182']"
如家酒店·neo（通遼科爾沁大街人民公園店）,9.1,"['商務大床房:HK$177', '雙床房:HK$194', '家庭房:HK$210']"
維也納酒店（通遼開發區店）,9.3,"['標準大床房（斜頂）:HK$153', '大床房（斜頂）:HK$253', '豪華雙床房:HK$309', '商務大床房:HK$309']"
錦江之星（通遼創業大道河西市醫院店）,9.5,"['星悦標準大床房:HK$200', '星選高級雙床房:HK$289', '星悦高級大床房:HK$300', '星選標準家庭房:HK$332']"
漢庭酒店（通遼建國北路店）,9.9,"['高級大床房:HK$267', '高級雙床房:HK$286', '豪華雙床房:HK$305', '家庭房:HK$333']"
如家精選酒店PLUS（通遼市政府店）,9.6,"['高級大床房（小冰箱+安睡床品+智能控制）:HK$328', '高級雙床房（小冰箱+安睡床品+智能控制）:HK$328', '安心睡0壓大床房（小冰箱+安睡床品+助眠凈化器）:HK$372', '家庭房（小冰箱+安睡床品）:HK$372']"
漢庭酒店（通遼西順路店）,9.6,"['高級大床房:HK$274', '雙床房:HK$283', '豪華家庭房:HK$292']"
如家驛居酒店（通遼和平路百貨大樓店）,9.2,"['特惠大床房（無窗）:HK$111', '商務大床房:HK$130', '高級商務大床房:HK$148', '高級商務雙床房:HK$148']"
漢庭酒店（通遼河西創業大道店）,9.9,"['大床房:HK$235', '高級大床房:HK$246', '雙床房:HK$264', '家庭房:HK$283']"
瑞庭賓館（市醫院店）,9.6,"['特價大床房:HK$130', '大床房:HK$135', '雙床房:HK$182', '舒適大床房:HK$186']"
通遼嘉宇酒店,8.7,"['特惠雙床房（一次性毛巾+自助洗衣房）:HK$109', '特惠大床房（一次性毛巾+自助洗衣房+冷暖開放）:HK$109', '舒適雙床房（一次性毛巾+自助洗衣房）:HK$133', '舒適大床房（一次性毛巾+自助洗衣房+冷暖開放）:HK$133']"
通遼中天賓館,8.1,"['特價房:HK$138', '大床房:HK$147', '舒適大床房:HK$148', '精品大床房:HK$155']"
悦尚賓館（通遼火車站店）,9.6,['特惠大床房【好眠床墊+智能電視】:HK$100']
品睿酒店（通遼綠島花園店）,8.9,"['品怡智能雙床房:HK$238', '品和高級大床房:HK$268', '品怡高級雙床房:HK$268', '蘭歐雙床房:HK$289']"
派柏·雲酒店（通遼市政府店）,9.3,"['商務大床房:HK$167', '家庭房:HK$167', '雙床房B:HK$173', '標準雙床房:HK$177']"
通遼吉祥賓館（民族大學店）,8.7,"['城景簡約大床房:HK$141', '特惠雙床房:HK$152', '豪華温馨大床房:HK$164', '高空觀景loft雙床房:HK$164']"
卡爾的電競酒店,9.7,"['電競大床房（單台電腦）:HK$267', '雙人電競loft複式房:HK$323', '電競三人loft複式間:HK$388', '電競三人間（獨立三卧室）:HK$388']"
