酒店名称,评分,房型价格列表
遂寧皇瑞大酒店,9.4,"['特惠房:HK$142', '高級大床房（冰箱）:HK$152', '豪華大床房（冰箱）:HK$163', '高級雙床房（冰箱）:HK$163']"
全季酒店（遂寧中央商務區步行街店）,9.8,"['高級雙床房（超大65寸投屏電視+專業茶具）:HK$301', '大床房（超大65寸投屏電視+專業茶具）:HK$321', '商務雙床房（超大65寸投屏電視+專業茶具）:HK$321', '高級大床房（超大65寸投屏電視+專業茶具）:HK$351', '商務大床房（超大65寸投屏電視+落地窗）:HK$380']"
遂寧萬德菲酒店（船山區政府店）,9.5,"['悦致·舒壓寧靜大床房【零壓床墊+舒適好眠+繁華都城】:HK$291', '悦致·舒壓智能雙床房【零壓床墊+靜謐甜睡+温馨潔凈】:HK$305', '麗致·高級甜睡雙床房【零壓床墊+靜奢深睡+內院靜享】:HK$313', '麗致·高級甜睡大床房【零壓床墊+靜奢深睡+內院靜享】:HK$338']"
花築·菊汐酒店（萬達廣場政務服務中心店）,9.5,"['黃字二號·禪意大床房（全景落地窗+智能客控+智能馬桶）:HK$241', '黃字一號·靜雅大床房（全景落地窗+智能客控+智能馬桶）:HK$254', '玄字·汐顏雙床房（全景落地窗+智能客控+智能馬桶）:HK$268', '玄字·汐顏大床房（零壓床墊+智能客控+智能馬桶）:HK$268']"
遂寧坦孚酒店,9.0,"['舒睡大床（低樓層）:HK$293', '舒睡雙床房（低樓層）:HK$293', '城景大床房:HK$339', '城景雙床房:HK$350', '雲頂大床房:HK$361', '雲頂雙床房:HK$383']"
遂寧柏尚景悅酒店（中央商務區步行街第一人民醫院店）,9.3,"['柏尚·優享大床房（無窗）:HK$146', '柏尚·輕奢大床房:HK$167', '柏尚·雅緻大床房:HK$182', '柏尚·雅緻雙床房:HK$182']"
遂寧宜思酒店,9.6,"['優享大床房:HK$133', '優享雙床房:HK$141', '景觀大床房:HK$148', '景觀雙床房:HK$179']"
翰林酒店（遂寧萬達廣場店）,9.7,"['雅緻雙床房+智能客控+65寸投屏電視:HK$216', '雅緻大床房+智能客控+65寸投屏電視:HK$236', '高級大床房+一次性浴巾+智能馬桶+智能客控:HK$258', '高級雙床房+一次性浴巾+智能馬桶+智能客控:HK$280', '豪華大床房+一次性浴巾+智能馬桶+智能客控:HK$290']"
星程半島酒店（萬象滙店）,9.5,"['優享·大床房:HK$195', '優享·雙床房:HK$198', '輕享·景觀大床房+落地窗+可投屏:HK$238', '輕享·景觀雙床房+落地窗+可投屏:HK$249']"
維克維爾·棠悦酒店（遂寧萬達廣場店）,9.6,"['悦尚大床房【智能客控+65寸投屏電視+零壓床墊記憶枕】:HK$272', '悦致雙床房【智能客控+65寸投屏電視+零壓床墊記憶枕】:HK$273', '悦享大床房【智能客控+65寸投屏電視+零壓床墊記憶枕】:HK$349', '尊享豪華大床房【120寸巨幕投影+冰箱+智能語音客控】:HK$384', '樂享温馨雙卧套房【智能語音客控+65寸投屏電視+冰箱】:HK$385']"
闌珊居假日酒店（遂寧萬達廣場店）,9.7,"['闌珊高級雙床房:HK$225', '闌珊精品雙床房:HK$229', '闌珊高級大床房:HK$235', '闌珊精品大床房:HK$239']"
外灘·荷韻主題酒店（鼎盛國際萬達廣場店）,9.3,"['悠享智能大床房（智能客控+全景落地窗+舒適躺椅）:HK$190', '悠享智能雙床房:HK$190', '江景智能大床（智能客控+江景落地窗+舒適躺椅）:HK$207', '尊享智能雙床房:HK$223']"
遂寧維克維爾·尚城酒店（遂寧萬達廣場店）,9.4,"['尚城.雅緻大床房:HK$224', '尚城高級大床房:HK$261', '尚城.高級雙床房:HK$261', '尚城豪華大床房:HK$298', '尚城温馨親子房:HK$326']"
遂寧首座萬豪酒店,9.3,"['豪華園景雙床房:HK$501', '豪華園景大床房:HK$533', '高級園景雙床房:HK$533', '高級園景大床房:HK$566', '精選江景雙床房:HK$566', '精選江景大床房:HK$599']"
中歐國際酒店（遂寧安居區政府店）,9.7,"['悦品-智能經典大床房（金可兒床墊+智能客控+智能馬桶）:HK$197', '蘭逸-智能豪華大床房（金可兒床墊+智能客控+智能馬桶）:HK$216', '悦品-智能經典雙床房（金可兒床墊+智能客控+智能馬桶）:HK$223', '蘭逸-智能豪華雙床房（金可兒床墊+智能客控+休閑椅）:HK$247']"
沉香堂江景藝術酒店（遂寧鼎盛國際萬達廣場店）,9.5,"['舒適陽光雙床房【超寬空間+舒睡好眠】:HK$180', '露台觀景雙床房【地標城景+觀景陽台+户外休閑桌椅】:HK$202', '玲瓏觀景大床房【地標景觀+夢裡水鄉】:HK$208', '輕享觀景大床【全景落地窗+深睡好眠】:HK$213', '輕享觀景雙床【全景落地窗+舒壓好眠】:HK$224']"
蓮子酒店（遂寧中央商務區步行街店）,8.7,"['特價舒適大床房（乾濕分離）:HK$132', '高級雙床房（乾濕分離+沙發）:HK$146', '高級大床房（乾濕分離）:HK$152', '豪華雙床房（乾濕分離+沙發）:HK$166']"
漢庭酒店（遂寧五彩繽紛濕地公園店）,9.8,"['高級雙床房（安睡記憶枕+55寸智能投屏電視）:HK$240', '大床房（安睡記憶枕+55寸智能投屏電視）:HK$251', '高級大床房（安睡記憶枕+55寸智能投屏電視）:HK$271', '江景大床房（全景落地窗+55寸智能投屏電視+安睡記憶枕:HK$291']"
君豪陽光酒店（遂寧高鐵站店）,9.5,"['陽光雙床房:HK$217', '臻享陽光雙床房:HK$256', '臻享陽光大床房:HK$262', '豪華大床房:HK$351', '臻享陽光高級大床房:HK$354']"
維克維爾·香江酒店（遂寧濕地公園店）,9.6,"['雅緻大床房【高清投屏電視】:HK$217', '高級大床房【高清投屏電視】:HK$273', '商務雙床房【高清投屏電視】:HK$280', 'Loft複式大床房【高清投屏電視】:HK$285', '悠享商務大床房【高清投屏電視】:HK$297']"
遂寧索非特酒店,9.1,"['惠選大床房:HK$187', '精選大床房:HK$220', '精選雙床房:HK$228', '地中海大床房:HK$261']"
麗楓酒店（遂寧和平西路店）,9.5,"['高級大床房（無窗）:HK$195', '高級雙床房:HK$206', '商務大床房:HK$268', '商務雙床房:HK$268', '景觀雙床房:HK$299']"
築哲·悦築精品酒店（遂寧蓮裏公園店）,9.4,"['悦築·智能優享大床房（智能客控+乾濕分離+乳膠床墊）:HK$200', '悦築·智能安睡雙床房（智能客控+乾濕分離+乳膠床墊）:HK$213', '悦築·智能卡通親子房（智能客控+乾濕分離+乳膠床墊）:HK$233', '悦築·智能陽光雙床房（智能客控+乾濕分離+乳膠床墊+沙發）:HK$240']"
藝龍璽程國際酒店（遂寧國際會展中心店）,9.9,"['藝心大床房（小度語音+智能馬桶+一次性馬桶墊）:HK$253', '藝心雙床房（小度語音+智能馬桶+一次性馬桶墊）:HK$253', '藝凡大床房（小度語音+智能馬桶+55寸電視投屏）:HK$266', '藝凡雙床房（小度語音+智能馬桶+55寸電視投屏）:HK$281', '雅緻大床房（小度語音+智能馬桶+沙發）:HK$294']"
TheRoom·霧裡設計師民宿,8.2,['天潯·江景觀影大床房:HK$182']
遂寧黃峨國際大酒店,9.2,"['特惠單間:HK$217', '特惠標間:HK$217', '豪華單間:HK$259', '江景豪華雙床房:HK$301', '零壓大床房:HK$302']"
遂寧船山高鐵站亞朵酒店,9.6,"['雅緻雙床房（投屏電視）:HK$328', '雅緻大床房（投屏電視）:HK$358']"
沉香堂·水月蓮裏湖畔酒店（蓮裏公園店）,9.7,"['舒睡雙床房:HK$283', '舒睡大床房:HK$293', '行政雙床房:HK$313', '行政大床房:HK$313', '120寸高清影院房（負離子空氣凈化器+影視會員+投屏電視）:HK$313', '廊景陽台雙床房:HK$362']"
城市便捷酒店（遂寧安居區店）,9.9,"['智能高級雙床房（全屋智能-智能馬桶）:HK$170', '智能標準大床房（全屋智能-智能馬桶）:HK$178', '智能豪華雙床房（全屋智能+智能馬桶）:HK$192', '智能豪華大床房（全屋智能-智能馬桶）:HK$200']"
遂寧桐岸讀水民宿,9.7,"['晴波·豪華下沉浴缸大床房:HK$405', '稻香·簡約大床房:HK$405', '鄉趣·簡約大床房:HK$405', '瓦舍鄉野雙床房:HK$405', '煙雲·豪華私湯大床房:HK$453']"
RIVER·既雲裏設計師酒店,9.2,"['宿·觀影設計大床房:HK$140', '歸·泡池大床房:HK$163', '雲·泡池設計大床房:HK$169']"
遂寧河東新區希爾頓歡朋酒店,9.5,"['高級大床房:HK$411', '高級雙床房:HK$411', '豪華大床房:HK$460', '豪華雙床房:HK$460', '豬豬俠酷芽親子雙床房:HK$467']"
艾米智能江景酒店（鼎盛國際河東萬達廣場店）,8.9,"['Amy城景大床房（智能客控+SVIP4K巨幕投影+零壓床墊）:HK$152', 'Amy江景大床房（智能客控+SVIP4K巨幕投影+零壓床墊）:HK$164', 'Amy城景雙床房（智能客控+SVIP4K巨幕投影+零壓床墊）:HK$174', '江景雙床房（智能客控＋SVIP4K巨幕投影＋零壓床墊）:HK$186']"
遂寧永正國際酒店,9.6,"['商務大床房:HK$217', '高級雙床房:HK$217', '精品雙床房:HK$293', '精品大床房:HK$294', '豪華雙床房:HK$305']"
裏屋温泉民宿（龍鳳古鎮店）,9.5,"['枕畔·精緻大床房（小度智能客控）:HK$249', '歸心·園景大床房（小度智能客控）:HK$278', '浣塵·棲月大床房（小度智能客控）:HK$278', '裏屋·若水親子家庭房（小度智能客控）:HK$371']"
富麗東方假日酒店,9.4,"['普通大床房:HK$142', '普通雙床房:HK$150', '豪華大床房:HK$158', '豪華雙床房:HK$174']"
遂寧東旭陽光國際大酒店,9.3,"['豪華標準間:HK$436', '豪華大床房:HK$469', '豪華江景標準間:HK$565', '豪華江景大床房:HK$576', '航天主題-江景雙床房:HK$611', '萌寵主題-江景雙床房:HK$611']"
遂寧江語城酒店（河東萬達廣場職業技術學院店）,9.0,"['靜謐安睡大床房「鵝絨被·辦公桌椅·酒店公區提供洗衣房」:HK$173', '優選舒適大床房「鵝絨被·辦公桌椅·酒店公區提供洗衣房」:HK$222', '優選舒適雙床房「鵝絨被·辦公桌椅·酒店公區提供洗衣房」:HK$243', '精選觀景大床房「鵝絨被·全景窗台·辦公桌椅·酒店公區提供洗衣房」:HK$264']"
米朵電競酒店（遂寧火車站店）,9.4,"['暴富矩陣雙人間【顯示器外星人360赫茲+13代CPU+4060TI+32G+羅技鼠標+永劫無間英雄聯盟特權UU加速器】:HK$182', '暴富雙人電競房【顯示器外星人360赫茲+13代CPU+4060TI+32G+羅技鼠標+永劫無間英雄聯盟特權UU加速器】:HK$209', '沉浸電競大床房 萬兆光速5060ti華碩27寸2K300hz顯示器:HK$222', '未來戰場雙人間:HK$263']"
遂寧瑰麗酒店（遂寧市第一人民醫院店）,9.2,"['簡約大床房（酒店公共區域提供自助洗衣機+乾濕分離）:HK$78', '舒適大床房（酒店公共區域提供自助洗衣機+乾濕分離）:HK$87', '舒適雙床房（酒店公共區域提供自助洗衣機+乾濕分離）:HK$90', '低碳大床房（無空調+公共區域提供自助洗衣機+乾濕分離）:HK$102']"
速8酒店（遂寧西山北路一品天下店）,9.5,"['標準大床房:HK$129', '經濟雙床間:HK$136', '高級大床房:HK$144', '高級雙床間:HK$151']"
路亞酒店,9.6,"['簡約大床房:HK$98', '舒適雙床房:HK$108', '舒適大床房:HK$114', '影音大床:HK$130']"
七號電競酒店（鼎盛國際萬達廣場店）,9.1,"['江景電競雙人房（公共衞浴）[外星人240赫茲+32G內存]:HK$159', '特價電競房（江景+英雄聯盟全英雄特權+UU加速器+永劫無間全英雄皮膚特權+外星人顯示器+3080TI）:HK$177', '豪華單人電競大床房[英雄聯盟全英雄特權+UU加速器+永劫無間全英雄皮膚特權+外星人顯示器+3080TI]+投影:HK$190', '高配豪華單人電競大床房（卓威2566K360赫茲+狗屁王鼠標+顯卡3080ti+32g內存雙通道+搭載DyAc+技術Fast TN技術+高端FPS玩家卓威黑科技體驗）:HK$203']"
四月天歡朋酒店（遂寧物流港健坤城店）,9.5,"['好運來雙床房[高清智能投屏+舒眠床墊]:HK$171', '好運來大床房[高清智能投屏+靜夜舒眠]:HK$175', '美美睡浴缸套房-會客廳+功夫茶具:HK$239', '躺平治癒大床房[智能投屏電視+沙發+瓶裝水]:HK$248']"
遂寧海上明月大酒店（鼎盛國際萬達廣場店）,8.7,"['優享雙床房:HK$186', '優享大床房:HK$186', '精選·豪華商務大床房:HK$221', '精選·豪華商務雙床房:HK$229']"
遂寧一米電競酒店,9.5,"['家庭房:HK$128', '傲遊影院標準間（UU加速器+羅技鼠標+騰訊鑽石特權）:HK$169', '傲遊影院電競大床房（UU加速器+羅技鼠標+騰訊鑽石特權）:HK$186', '玩家國度影院電競大床房（UU加速器+羅技鼠標+騰訊特權）:HK$189']"
東成假日酒店（遂寧市安居區店）,9.3,"['特價雙床房:HK$157', '標準大床房:HK$169', '舒適大床房:HK$169', '豪華大床房:HK$180']"
桃花山九思山房民宿,9.5,"['嶽麓標準雙床房:HK$293', '龍溪標準大床房:HK$293', '紫金露台雙床房:HK$337', '鵝湖遠景大床房:HK$337']"
縱橫假日大酒店（遂寧物流港店）,8.9,"['靜雅大床房:HK$121', '舒適大床房:HK$129', '休閑大床房:HK$136', '特惠雙床房:HK$136']"
DragonCat龍貓星球•温暖治癒系•大屏影音酒店（安居店）,8.8,"['小小迷你龍貓大床房:HK$127', '精緻龍貓大床房:HK$134', '靜靜龍貓大床房:HK$145', '陽光龍貓大床房:HK$156']"
