酒店名称,评分,房型价格列表
達州鳳凰國際大酒店,9.3,"['鳳凰臻選:HK$360', '龍潭幻月-高級雙床房（瞭望鐵山秀美風光）:HK$438', '龍潭幻月-高級大床房（享城市美景攬鳳凰山紅色地標）:HK$463', '巴山夜雨-商務雙床房（瞭望鐵山秀美風光）:HK$471', '巴山夜雨-商務大床房（享城市美景攬鳳凰山紅色地標）:HK$489', '赤色征途-豪華雙床房（瞭望鐵山秀美風光）:HK$507']"
璞裏酒店（達州市羅浮廣場火車站店）,9.5,"['精緻城景大床房:HK$256', '精緻城景雙床房:HK$275', '精緻山景大床房:HK$275', '甄選城景大床房:HK$275', '精緻全景大床房:HK$295']"
達州桔子水晶酒店（昇華廣場店）,9.8,"['豪華雙床房（絲漣床墊+電視投屏+雨淋頂噴）:HK$381', '行政雙床房（絲漣床墊+電視投屏+雨淋頂噴）:HK$402', '高級大床房（絲漣床墊+電視投屏+雨淋頂噴）:HK$402', '商務大床房（絲漣床墊+電視投屏+雨淋頂噴）:HK$412', '豪華大床房（絲漣床墊+電視投屏+雨淋頂噴）:HK$431']"
星程酒店（達州羅浮廣場店）,9.7,"['山景雙床房（落地大窗+秀美山景+喜臨門乳膠床墊）:HK$271', '大床房（落地大窗+智能投屏+喜臨門乳膠床墊）:HK$271', '山景大床房（落地大窗+秀美山景+喜臨門乳膠床墊）:HK$298', '豪華雙床房（落地大窗+雅緻城景+喜臨門乳膠床墊）:HK$298']"
達州臻選鉑悦酒店（四川文理學院蓮花湖校區店）,9.5,"['特惠大床房:HK$290', '雅居·高級大床房（智能客控）:HK$317', '雅居·高級雙床房（智能客控）:HK$342', '雅緻·豪華大床房（零壓床墊）:HK$365', '雅緻·豪華雙床房（零壓床墊）:HK$370']"
麗楓酒店（達州仁和新城店）,9.7,"['商務大床房（慕思床墊+智能投屏）:HK$321', '雅緻大床房（慕思床墊+智能投屏）:HK$322', '豪華雙床房（慕思床墊+智能投屏）:HK$340', '豪華大床房（慕思床墊+智能投屏）:HK$347', '商務雙床房（慕思床墊+智能投屏）:HK$372']"
達州華夏康年大酒店,9.2,"['舒適雙床房:HK$286', '豪華大床房:HK$314', '温馨親子房:HK$342', '行政套房:HK$388', '尊享套房:HK$1,019']"
達州華陽大酒店（城市中心廣場店）,9.2,"['優選雙床房:HK$159', '優選大床房:HK$165', '經濟特惠雙床房:HK$177', '經濟特惠大床房:HK$184', '精選雙床房:HK$225']"
達州靜嘉酒店（通川區火車站文理學院店）,9.5,"['靜嘉丨温馨大床房（獨立辦公桌+電視可投屏）:HK$197', '靜嘉|城景雙床房:HK$206', '靜嘉丨城景大床房（超大辦公桌）:HK$216', '温馨丨浪漫親子房（智能書本·小童玩具·會走路的木馬）:HK$239']"
達州希尚酒店（四川文理學院蓮湖校區店）,9.6,"['雅緻雙床房:HK$245', '雅緻大床房:HK$250', '豪華雙床房:HK$283', '豪華大床房:HK$288']"
達州渠縣財富中心亞朵酒店,9.6,"['雅緻大床房（語音客控+智能馬桶+65寸智能投屏）:HK$330', '高級雙床房（語音客控+智能馬桶+65寸智能投屏）:HK$359', '高級大床房（語音客控+智能馬桶+65寸智能投屏）:HK$359', '行政大床房（語音客控+迷你冰箱+65寸智能投屏）:HK$400', '行政雙床房（語音客控+迷你冰箱+65寸智能投屏）:HK$400']"
達州仁和新城巴渠東路亞朵酒店,9.7,"['高級大床房（智能客控+智能投屏）:HK$343', '高級雙床房（智能客控+智能投屏）:HK$343', '幾木大床房（亞朵深睡枕+智能客控+冰箱）:HK$400', '幾木雙床房（亞朵深睡枕+智能客控+冰箱）:HK$400', '行政大床房（亞朵深睡枕+智能客控+冰箱）:HK$440']"
開江錦華酒店,9.4,"['豪華雙床房（乾濕分離+全景落地窗）:HK$356', '豪華大床房（全景落地窗+舒適沙發+獨立浴缸）:HK$379', '行政雙床房（乾濕分離+舒適沙發）:HK$423', '行政大床房（舒適沙發+小冰箱）:HK$445', '豪華行政雙床房（全景落地窗+舒適沙發）:HK$466']"
悅森·宜美家酒店（通川橋昇華廣場店）,9.6,"['舒逸 | 零壓大床房（智能馬桶+喜臨門床墊+投屏電視）:HK$215', '清逸 | 高級雙床房（投屏電視+軟硬枕芯+智能馬桶）:HK$223', '浪漫情侶大床房（智能馬桶+喜臨門床墊+投屏電視）:HK$223', '隱逸 | 高級大床房（喜臨門床墊+投屏電視+智能馬桶）:HK$247']"
途麥菲樾酒店（達州中青傢俱廣場店）,9.2,"['樾馨 |陽光大床房「城市街景+衞浴分離+親膚床品」:HK$199', '樾馨 |陽光雙床房「180°採光大窗+定製睡眠床品」:HK$213', '鉑樾 |輕居大床房「LED燈光美容鏡+智能門鎖+休閑沙發」:HK$233', '樾雅 |輕奢雙床房「深睡級床品+遮光窗簾」:HK$246']"
達州華夏大酒店,9.2,"['豪華雙床房:HK$228', '舒適單間:HK$236', '豪華大床房:HK$244', '豪華單套:HK$388', '臻享套房:HK$846']"
陌上輕雅酒店（達州昇華廣場店）,9.6,"['風韻·陌畔思歸全景大床房（中式宋潮風+全屋AI語音智控+坐卧沙發）:HK$261', '品學·古韻巴蜀市景大床房（臨窗2米茶桌品茗+看雲霧通州美景）:HK$283', '品學·古韻巴蜀市景雙床房（臨窗八仙茶桌品茗+徠芬吹風機+智能馬桶衞浴分離）:HK$283', '雅緻·禪茶靜心側山景雙床房（喜臨門零壓酣睡床墊+康乃馨親膚床品+舒睡記憶枕）:HK$305', '雅緻·禪茶靜心側山景大床房（喜臨門零壓酣睡床墊+康乃馨親膚床品+舒睡記憶枕）:HK$305']"
途麥迪爾酒店（城市中心廣場店）,9.4,"['DeeL樂選榻榻米房（智能客控+智能馬桶+舒適空間）:HK$209', 'DeeL智選大床房（智能客控+大窗採光+乾濕分離）:HK$294', 'DeeL智選雙床房（高清電視+LED燈光鏡+小度管家）:HK$327', 'DeeL甄選雙床房（智能馬桶+小度管家+大窗採光）:HK$376']"
途麥智繪·未來酒店（達州火車站店）,9.3,"['聖慕|雅居大床房【智能客控+新風系統】:HK$208', '隱逸|馨雅雙床房【智能客控+新風系統】:HK$208', '雲逸|雅潔大床房【智能客控+新風系統】:HK$251', '鶯語|雅緻雙床房【安心舒睡&智能客控+新風系統】:HK$259']"
途麥豪斯大酒店（達州達川區三裏古街店）,8.9,"['淺行丨雅緻大床房《高清投屏+洗烘一體機+語音小度》:HK$336', '淺行丨雅緻雙床房《全屋智能+獨立辦公+人臉識別系統》:HK$344', '淺敍丨優居大床房《落地大窗+衞生間乾濕分離》:HK$358', '淺敍丨優居雙床房《手機投屏+躺卧休閑椅+全屋智能》:HK$366', '覓安丨棋牌大床房《落地大窗+64號玉石麻將+恆温馬桶》:HK$369']"
達州昇華國際大酒店,9.2,"['華·Wander温馨豪華雙床房丨全景落地窗+超大生活空間:HK$478', '華·Modern温馨雙床房丨全景落地窗+超大生活空間:HK$487', '昇·Wander舒適大床房丨全景落地窗+超大生活空間:HK$487', '昇·Wander舒適豪華大床房丨全景落地窗+超大生活空間:HK$492', '昇·Wander甄選浴缸大床房丨全景落地窗+超大生活空間:HK$519', '昇·Wander行政大床房丨全景落地窗+超大生活空間:HK$534']"
渠縣文鋒悠築酒店,9.7,"['悠居大床房-智能悠閑:HK$221', '標準雙床房-商務經典:HK$249', '標準大床房-舒適精緻:HK$258', '景觀雙床房-月影觀戲:HK$277', '景觀大床房-廊檐露台:HK$277']"
全季酒店（達州宣漢億聯國際商貿城店）,9.4,"['大床房（全屋客控+智能投屏+恆温馬桶）:HK$246', '高級雙床房（全屋客控+智能投屏+恆温馬桶）:HK$274', '高級大床房（全屋客控+智能投屏+恆温馬桶）:HK$274', '套房（全屋客控+智能投屏+恆温馬桶）:HK$340']"
悦森·憶致酒店（文理學院蓮湖店）,9.8,"['Senior零壓大床房（全屋智能+鵝絨被芯）:HK$308', 'Administration景逸大床房（智能小度+鵝絨被芯+加熱馬桶）:HK$353', 'Quiet景逸雙床房（全屋智能+鵝絨被芯+超大投屏電視）:HK$357', '270度觀景大床房（全屋智能+鵝絨被芯）:HK$364', '270度觀景雙床房（全屋智能+鵝絨被芯）:HK$371']"
達州紫荊名人酒店（達州市羅浮廣場火車站店）,9.6,"['智享|商務雙床房（聲控小度+智能馬桶+投屏電視）:HK$273', '智享|商務大床房（聲控小度+智能馬桶+投屏電視）:HK$283', '智享|觀景雙床房（聲控小度+智能馬桶+榻榻米茶台+投屏電視）:HK$305', '智享機麻房（聲控小度+投屏電視）:HK$305', '智享|雅緻大床房-休閑沙發+全屋智能+投屏電視:HK$315']"
旅青春·L設計師民宿（四川文理學院蓮湖校區店）,9.3,"['侘寂丨山景影院大床房（180°C瞭望一線山景+全屋智能客控+100寸幕布+享用會員權益）:HK$207', '侘寂〡梵音影院大床房（180°C瞭望一線山景+全屋智能客控+100寸幕布+享用會員權益）:HK$207', '靜謐〡私湯影院大床房（100寸幕布+影視會員）:HK$227', '洞穴〡風貌影院大床房（100寸巨幕影音+享用會員權益）:HK$250']"
宣漢金城大酒店,8.7,"['心怡大床房:HK$268', '心怡雙床房:HK$268', '心奢雙床房:HK$309', '心悦大床房:HK$309', '心悦雙床房:HK$309']"
途麥豪斯大酒店（渠縣文峯山店）,9.5,"['特惠丨初瑤温馨大床房《落地大窗+靜心好眠》:HK$263', '淺檸丨舒適雙床房《高清投屏電視+雲感羽絲絨被芯》:HK$269', '淺檸丨舒適大床房《落地大窗+衞生間乾濕分離》:HK$304', '晨曦丨豪華大床房《商務會客區+雲感羽絲絨被芯》:HK$420', '吾悦丨馨享三人房《深睡記憶枕+高品質洗漱用品》:HK$423']"
西楠大酒店（四川文理學院蓮湖校區店）,9.5,"['悦享 • 精緻大床房:HK$217', '尊享 • 行政大床房:HK$229', '尊享 • 高級雙床房:HK$229', '奢享 • 豪華大床房:HK$283']"
大竹喜悦來酒店,9.6,"['喜悦高級大床房（智能客控）:HK$270', '標準雙人間（智能客控+艾草泡腳）:HK$280', '喜悦精緻大床房（智能客控）:HK$301', '豪華雙床房（智能客控+艾草泡腳）:HK$311', '商務雙床房（智能客控）:HK$322']"
達州渠縣萬興大酒店（財富中心店）,9.3,"['城景單人間:HK$239', '城景雙人間:HK$239', '山景雙人間:HK$263', '山景單人間:HK$263', '270度觀景雙人間:HK$293']"
悦森·菲尼亞大酒店（達州市羅浮廣場火車站店）,9.7,"['優享城景大床房（鵝絨被芯+超大投屏電視）:HK$260', '180°觀景大床房（城市夜景+輕柔床品+可投屏電視）:HK$307', '180°觀景雙床房（城市夜景+輕柔床品+可投屏電視）:HK$307', '高空全景大床房（喜臨門床墊+270°高空夜景+投屏電視）:HK$317', '高空全景雙床房（喜臨門床墊+270°高空夜景+投屏電視）:HK$317']"
漢庭酒店（達州宣漢店）,9.8,"['大床房（智能投屏+零壓枕）:HK$251', '雙床房（智能投屏+零壓枕）:HK$271', '高級大床房（智能投屏+零壓枕+落地窗）:HK$281', '高級雙床房（智能投屏+零壓枕+超大落地窗）:HK$321']"
全季酒店（達州三裏古街店）,9.7,"['高級大床房（智能客控+自助投屏+智能馬桶）:HK$352', '高級雙床房（智能客控+自助投屏+智能馬桶）:HK$352', '商務大床房（智能客控+自助投屏+智能馬桶）:HK$381', '江景大床房（智能客控+自助投屏+智能馬桶）:HK$412']"
途麥雲端酒店（賨人裏地旺廣場店）,9.6,"['Clods智能大床房（全屋智能+落地大窗）:HK$231', 'Clods智能雙床房（安心熟睡+直飲機）:HK$231', 'Clods智能投影大床房（超大投影+手機投屏）:HK$272', 'Clods智能機麻大床房（（智能客控+洗護烘乾機））:HK$272']"
泊野民宿酒店（四川文理學院蓮湖校區店）,9.7,"['景觀影院大床房（120寸超大影院屏幕+智能客控+移動VIP影院）:HK$206', '精品影院大床房（120寸超大影院屏幕+智能客控+移動VIP影院）:HK$221', '和風影院大床房（120寸超大影院屏幕+智能客控+移動VIP影院）:HK$221', '陽光影院大床房（120寸超大影院屏幕+智能客控+移動VIP影院）:HK$236']"
麗呈別院·六藝（達州城市中心廣場店）,9.1,"['輕居.舒適大床房:HK$204', '別苑.雅緻雙床房:HK$212', '別苑.雅緻大床房:HK$221', '輕居.靜謐大床房:HK$221', '輕居.靜謐雙床房:HK$221']"
竹禧酒店,9.4,"['特惠房:HK$191', '高級大床房:HK$217', '高級雙床房:HK$217', '豪華大床房:HK$260']"
旅青春暮光酒店（達州奧萊廣場店）,9.3,"['黑風-祕居山景大床房（助眠零壓+全屋智能小杜+125寸巨幕投影）:HK$185', '時光-山景大床房（助眠零壓+全屋智能小杜+125寸巨幕投影）:HK$197', '無為-祕居榻榻米山景大床房（助眠零壓+全屋智能小杜+125寸巨幕投影）:HK$197', '晨曦-晨露山景大床房（助眠零壓+全屋智能小杜+125寸巨幕投影）:HK$207']"
悦森·憶致酒店（城市中心廣場達一中朝陽校區店）,9.5,"['憶致大床房（城市街景+親膚床品+衞浴分離）:HK$234', '憶致雙床房（城市街景+親膚床品+衞浴分離）:HK$236', '院景大床房（喜臨門床墊+超大投屏電視+衞浴分離）:HK$240', '浪漫情侶大床房:HK$270', '淳靜高級雙床房（喜臨門床墊+超大投屏電視+休閑沙發）:HK$279']"
悦森·禧致酒店（城市中心廣場老達一中店）,9.6,"['心悦大床房（安心舒睡+衞浴分離）:HK$154', '靜悦大床房（淳靜院景+深睡安眠枕）:HK$164', '舒悦大床房（城市街景+大窗採光）:HK$175', '舒悦雙床房（城市街景+零壓安眠枕）:HK$186']"
大竹多貝爾酒店,9.4,"['高級雙床房:HK$250', '高級大床房:HK$316', '浪漫圓床房:HK$338', '豪華大床房:HK$392']"
塗塗民宿（仁和新城店）,9.5,"['奶油風投影一居室:HK$175', '小清新投影儀一居室:HK$175', '簡約投影儀一居室:HK$175', '簡約星空投影一居室:HK$175']"
曼居酒店（達州店）,9.5,"['曼享舒適大床房:HK$281', '曼享高級大床房:HK$303', '曼享高級雙床房:HK$303', '曼享行政大床房:HK$327']"
達州港捷國際酒店,9.0,"['商務大床房:HK$330', '商務雙床房:HK$330', '商務套房:HK$473']"
維也納國際酒店（宣漢店）,9.3,"['高級大床房:HK$309', '高級雙床房:HK$309', '豪華大床房:HK$330', '豪華雙床房:HK$330']"
維也納國際酒店（大竹金利美廣場店）,9.7,"['標準雙床房:HK$230', '標準大床房:HK$230', '高級雙床房:HK$270', '高級大床房:HK$281', '豪華雙床房:HK$286']"
拾貳.智能民宿（文理學院蓮湖校區店）,9.0,"['智能管家投影大床房:HK$225', '榻榻米投影智能大床房:HK$243', '豪華浴缸投影大床房:HK$252', '輕奢智能投影大床房:HK$255']"
達州華洲大酒店（城市中心廣場達一中店）,9.0,"['機麻雙床房·64號玉石麻將:HK$202', '雅緻大床房（浪漫歐式+冰箱+安靜舒睡）:HK$229', '舒適親子房+小童拖鞋+小童牙具+寬敞舒適:HK$229', '悦享雙床房:HK$321']"
熊貓王子酒店（達州羅浮廣場店）,8.9,"['輕居樂享-熊貓温馨大床房:HK$203', '輕居樂享-熊貓温馨雙床房:HK$224', '槓上花-熊貓機麻雙床房:HK$250', '舒適悦享-熊貓高級雙床房:HK$250']"
