酒店名称,评分,房型价格列表
遼源經開區智選假日酒店,9.2,"['高級雙床房:HK$255', '高級大床房:HK$273', '豪華雙床房:HK$273', '豪華大床房:HK$292', '開放式套房:HK$397']"
遼源麗峯酒店,8.8,"['舒適大床房:HK$177', '豪華大床房:HK$209', '豪華雙床房:HK$209', '浪漫優享房:HK$280']"
白玉蘭酒店（遼源福民大街玉圭園店）,9.7,"['零壓舒雅大床房:HK$250', '零壓舒雅雙床房:HK$281', '零壓靜雅大床房:HK$295', '零壓靜雅雙床房:HK$305']"
遼源七夕時尚賓館（凱瑪店）,8.8,"['特惠大床房:HK$99', '特價房:HK$101', '標準雙床房:HK$102', '特惠温馨房:HK$102']"
遼源美侖酒店,9.6,"['商務雙床房:HK$290', '商務大床房:HK$301', '豪華雙床房:HK$331', '豪華大床房:HK$341', '行政雙床房:HK$371']"
遼源A派凱勒酒店,9.0,"['高級大床房B:HK$187', '高級大床房:HK$206', '凱勒雙床房:HK$239', '行政套房:HK$469']"
歡喜客棧,9.2,"['標準大床房:HK$131', '無障礙大床房:HK$197', '豪華大床房:HK$197', '商務大床房:HK$222']"
麗楓酒店（遼源魁星樓店）,9.4,"['豪華大床房:HK$263', '商務雙床房:HK$291', '商務大床房:HK$299', '純凈自然大床房:HK$331']"
如家酒店（遼源西寧大路三百貨郵局店）,9.3,"['商務大床房A:HK$107', '大床房:HK$124', '商務大床房:HK$143', '雙床房:HK$143']"
維也納國際酒店（遼源福民大街店）,9.5,"['愉夢大床房:HK$286', '豪華大床房:HK$331', '臻禮雙床房:HK$356', '臻禮大床房:HK$356', '景觀大床房:HK$373']"
遼源四季酒店,9.3,"['雅緻簡約房:HK$216', '零壓大床房:HK$260', '豪華大床房:HK$293', '豪華雙床房:HK$303']"
遼源賓館,9.1,"['標準大床房:HK$307', '標準雙人房:HK$307', '豪華大床房:HK$386', '豪華雙人房:HK$386', '奢華商務大床房:HK$421']"
遼源鉑悦薈酒店,9.6,"['高級雙床房（芝華士乳膠床墊+55寸電視）:HK$226', '高級大床房（芝華士乳膠床墊+55寸電視）:HK$226', '豪華影視大床房:HK$236', '豪華影視雙床房:HK$236', '智能影視大床房:HK$247']"
遼源小幸運民宿,10.0,"['網紅星空主題愛奇藝會員高清投影大床房:HK$229', '網紅古風主題騰訊會員高清投影電動大床房浴缸智能馬桶:HK$229']"
7天酒店（遼源火車站西寧大路店）,9.2,"['新7天自在大床:HK$146', '新7天舒適大床:HK$161', '新7天自在雙床:HK$169', '新7天好睡大床:HK$197']"
希岸酒店（遼源火車站婦嬰醫院店）,9.7,"['希岸雅緻房:HK$194', '玲瓏大床房:HK$206', '玲瓏雙床房:HK$206', '希岸豪華雙床房:HK$218']"
遼源雲頂電競酒店,9.1,"['暢玩電競|投影雙人間:HK$205', '暢玩電競|投影三機房:HK$314', '暢玩電競|投影4人間:HK$445', '暢玩電競|投影5人間:HK$533']"
遼源清幽小住公寓,8.8,"['特價房:HK$103', '温馨地中海房:HK$120', '清新田園房:HK$140', '濃情東南亞房:HK$141']"
藝龍萬國酒店（遼源火車站中醫院店）,8.6,"['智享大床房:HK$147', '雅享大床房:HK$189', '雅享雙床房:HK$197', '瑞享家庭房:HK$198']"
遼源歡樂頌民宿,9.7,"['高清投影儀大床房:HK$88', '浪漫簡歐高清投影儀空調大床房:HK$106', '高清投影儀空調大床房:HK$122', '雅緻空調大床房:HK$137']"
遼源遇見芳華酒店,7.4,['日式塌塌米大床房:HK$218']
遼源喜答酒店,9.3,"['舒適大床房:HK$109', '豪華大床房:HK$127', '標準雙床房:HK$147', '休閑棋牌套房:HK$155']"
遼源De+賓館,9.2,"['時尚大床房:HK$97', '浪漫圓床房:HK$97', '標準間:HK$97', '三人間:HK$165']"
遼源萊芭賓館,7.8,"['娛樂房:HK$86', '舒適大床房:HK$88', '標準雙床房:HK$88', '韓式榻榻米房:HK$92']"
遼源七夕時尚酒店,8.6,"['無窗標準間:HK$80', '舒適大床房:HK$80', '舒適雙床房:HK$90', '無窗大床房:HK$95']"
遼源嘉裕民宿,8.8,"['豪華大床房:HK$82', '標準三人間:HK$111', '高級大床房:HK$119']"
遼源頤和晟源洗浴民宿,9.0,"['大床房:HK$96', '雙床房:HK$107', '標準房娛樂棋牌房:HK$118']"
素柏.雲酒店（遼源火車站店）,9.4,"['大床房:HK$119', '高級大床房:HK$145', '標準雙床房:HK$149', '高級雙床房:HK$152']"
西塢里民宿,9.5,"['東南亞復古房:HK$121', '麻將娛樂間:HK$129', '浪漫圓床房:HK$170']"
天澤酒店（遼源火車站店）,9.0,"['夢澤·商務大床房[舒適好眠+全屋地暖]:HK$95', '雲澤·豪華大床房[智能客控+智能馬桶]:HK$131', '夢澤·商務雙床房[智能客控+全屋地暖+深睡床枕]:HK$137', '雲澤·豪華雙床房[智能客控+全屋地暖+深睡床枕]:HK$142']"
遼源金港時尚健足賓館,8.7,"['普通大床房（公共衞生間）:HK$50', '普通雙床房:HK$54', '標準大床房:HK$79', '標準雙床房:HK$84']"
遼源格林豪泰商務酒店,8.7,"['特價大床房:HK$148', '大床房:HK$172', '雙床房:HK$183', '高級大床房:HK$220']"
遼源立德99商務賓館,8.0,"['標準間（無窗）:HK$74', '大床房（無窗）:HK$75', '温馨大床房:HK$85', '標準房:HK$85']"
遼源郵源招待所,6.9,"['普通標準間（公共衞浴）:HK$58', '特惠大床房:HK$58', '大床房:HK$73', '標準間:HK$74']"
格林豪泰酒店（東豐店）,8.4,"['特價房:HK$112', '商務大床房（無窗）:HK$143', '大床房:HK$153', '商務大床房:HK$163']"
當歸民宿（中國關葯博物館店）,9.9,"['當歸｜輕奢大床房:HK$236', '當歸丨野奢雙床房:HK$358', '當歸丨野奢大床房:HK$358', '當歸｜野奢家庭房:HK$370', '當歸丨野奢豪華大床房:HK$391']"
東豐客家賓館,9.5,"['特價房（無窗）:HK$57', '普通標準間:HK$72', '特價大床房:HK$76', '豪華大床房:HK$83']"
東豐漫居酒店,9.8,"['零壓精緻大床房【零壓床墊+智能可控】:HK$174', '零壓雙床房【零壓床墊+全屋智能可控】:HK$184', '零壓高級大床房【零壓床墊+全屋智能可控】:HK$184', '零壓家庭房【零壓床墊+全屋智能可控】:HK$202']"
東遼意達時尚賓館,10.0,['大床房:HK$87']
東豐柒朵賓館（中醫院店）,8.0,"['特價單間:HK$108', '普通大床房:HK$127', '標準大床房:HK$133', '標準雙床房:HK$146']"
東豐正大商務賓館,7.2,"['經濟大床房（無窗）:HK$56', '豪華大床房:HK$79', '豪華標準間:HK$79', '温馨三人間:HK$101']"
江誠賓館,6.8,"['標準雙床房:HK$249', '溶洞主題大床房:HK$336', '冰雪主題套房:HK$565', '森林主題套房:HK$565']"
東遼宇宣旅館,6.1,['經濟榻榻米房（公共衞浴）:HK$74']
遼源鑫達時尚賓館,9.7,[]
