酒店名称,评分,房型价格列表
重慶景慕心悦江景酒店（解放碑洪崖洞店）,9.6,"['JM·心悦大床房「逸韻雅緻」:HK$226', 'JM·純然大床房「清新舒適」:HK$245', 'JM·慢時光大床房「巨幕影音+VIP會員片源」:HK$280', 'JM·柔光大床房「江景+零壓床墊」:HK$295']"
重慶JETBEAR設計師酒店（解放碑洪崖洞店）,9.6,"['沉浸特惠大床房:HK$231', '沉浸巨幕影院房「獨立新風系統+極米高清投影+乾濕分離衞生間+定製床墊」:HK$244', '雲鏡·臨窗榻榻米「山城夜景+定製床墊+深度好眠+電視投屏」:HK$270', '雲霧·景觀大床房「都市景觀+電視投屏+定製床墊+深度睡眠」:HK$293']"
重慶鉑港酒店,9.4,"['雅緻標間:HK$370', '雅緻單間:HK$379', '精緻單間:HK$398', '精緻標間:HK$398']"
歡璽中古藝術酒店（重慶合川高鐵區政府店）,10.0,"['優選大床房（瑋蘭床墊+乾濕分離衞生間+智能客控）:HK$205', '寧靜大床房（巨幕投影+親膚床品+清幽靜謐）:HK$233', '寧靜標間（瑋蘭床墊+瀑布式頂噴淋浴+智能馬桶）:HK$249', '日式大床房（智能管家小度+日式小沙發+空氣凈化器）:HK$279', '景觀單間（坐卧小沙發+輕奢洗護+落日景觀）:HK$310']"
Mcsrh麥嘉·拾趣酒店（重慶解放碑朝天門店）,9.7,"['M1靜謐大床房:HK$311', 'M2靜謐雙床房:HK$344', 'M1悦享大床房:HK$354', 'M1江景大床房:HK$387', 'M1江景浴缸大床房:HK$419']"
相檸酒店（重慶解放碑步行街洪崖洞店）,9.6,"['簡約大床房:HK$249', '温馨大床房:HK$260', '雅緻大床房:HK$282', '舒適大床房:HK$293']"
麗呈君頓酒店（重慶解放碑步行街洪崖洞店）,9.4,"['精緻大床房:HK$243', '精緻雙床房:HK$254', '精選大床房:HK$265', '精選雙床房:HK$287']"
景瀚·光年酒店（重慶沙坪壩高鐵站三峽廣場店）,9.5,"['光年·拾光大床房（全屋智能+慕思床墊+羽絨寢具）:HK$196', '光年·拾光雙床房（兩張大床+大落地窗+山城夜景）:HK$215', '雲隱·天際大床房（65寸投屏電視+高空景觀+慕思床墊）:HK$225', '雲隱·天際雙床房（兩張大床+大落地窗+單門小冰箱）:HK$245', '山月斜光·山景大床房（慕思床墊+深泡浴缸+大落地窗）:HK$265']"
沃林凈旅酒店（洪崖洞碼頭嘉陵江濱江路店）,9.8,"['雅緻大床房:HK$467', '臻選大床房:HK$499', '雅緻雙床房:HK$509', '臻選雙床房:HK$540', '臻選江景大床房:HK$572']"
隱時光江景酒店（解放碑洪崖洞店）,9.5,"['隱時光丨流影城景大床房（城市夜景+舒適辦公桌）:HK$314', '隱時光丨零壓輕奢大床房（城市燈光夜景+高奢衞浴）:HK$337', '隱時光丨璀璨江景大床房（眺望大橋遠景+定製床墊）:HK$360', '隱時光丨唯美夜景大床房（8D魔幻城市夜景+輕奢衞浴）:HK$382']"
賽亞江景酒店（重慶解放碑洪崖洞店）,9.5,"['彼岸·時尚大床房【通風外窗+65寸大屏電視+坐卧沙發】:HK$332', '舒適·山城大床房【通風外窗+65寸大屏電視+化粧鏡】:HK$355', '霧都·城景大床房【地標城景+全景落地窗+化粧鏡】:HK$377', '星光·江景大床房【遠眺江景、雙子塔+全身鏡】:HK$421', '邂逅·浴缸大床房【私享地標城景+靠窗浪漫浴缸】:HK$477']"
奕朵江景酒店（重慶解放碑洪崖洞店）,9.6,"['迷你精緻大床房（智能客控+乳膠床墊+高速吹風機+手機投屏）:HK$307', '霧隱江景·大床房（智能客控+乳膠床墊+手機投屏）:HK$345', '優選影院大床房（極米4K巨幕投影+智能客控+乳膠床墊+記憶枕+城景）:HK$370', '270°城景·影院大床房（地標城景+乳膠床墊+極米4K巨幕投影）:HK$422']"
TheMove江景酒店（重慶解放碑洪崖洞店）,9.5,"['柔軟·舒適大床房【採光通透+休閑沙發+乾濕分離】:HK$349', '初遇·霧海大床房【通透外窗+化粧放大鏡+大屏電視】:HK$371', '雲卷·藝術景觀房【山城夜景+通透外窗+高清大屏電視】:HK$393', '雲舒·地標夜景房【俯瞰山城景觀+通透外窗+大屏電視】:HK$426', '星光·一線江景房【摩登夜景+觀雙子塔】:HK$458']"
聖名國際大酒店（重慶江北機場T3客運大樓店）,9.5,"['特惠雙床房:HK$228', '主題圓床房:HK$228', '特惠大床房:HK$228', '行政雙床房:HK$327', '行政大床房:HK$327']"
如家商旅酒店（重慶解放碑洪崖洞步行街店）,9.5,"['雙床房A（新風系統＋徠芬吹風）:HK$269', '雙床房（徠芬吹風）:HK$308', '商務大床房A（新風系統＋徠芬吹風）:HK$316', '商務大床房（洪崖洞景區＋徠芬吹風機）:HK$422']"
雲見棲舍酒店（重慶觀音橋步行街九街店）,9.7,"['棲心·大床房（全屋智能+羽絨被芯+錦緞床品）:HK$260', '棲雅·大床房（全屋智能+乳膠床墊+山城城景）:HK$302', '棲悦·大床房（高清智能投屏+遠眺觀音橋城市夜景）:HK$323', '棲舍·巨幕投影機麻大床房（COLMO直飲機+巨幕投影）:HK$354']"
天晴高空江景酒店（重慶解放碑洪崖洞店）,9.6,"['瞻·城景大床房:HK$329', 'MINI雲幕江景房:HK$373', '瞰·江景大床房:HK$419', '北歐輕奢夜景大床房（遙瞰雙子塔夜景+全景落地窗）:HK$454', '攬·夜景浴缸大床房（浪漫泡泡浴+山城夜景）:HK$474']"
隴藤酒店,9.5,"['祕境大床房:HK$190', '祕境雙床房:HK$206', '臨空大床房:HK$224', '臨空雙床房:HK$253']"
重慶陸海國際Pagoda君亭設計酒店,9.6,"['Pagoda3人主題大床房+智能客控:HK$655', '山景豪華大床房+山城8D景觀+可移動辦公桌:HK$695', '江景豪華大床房+180°俯瞰山城江景+榻榻米會客區:HK$717', '山景豪華雙床房+霧都特色山景+智能客控:HK$782', '江景豪華雙床房+180°俯瞰山城江景+可卧可坐榻榻米:HK$804', '概念大床房+270°俯瞰山城江景+8D魔幻都市全景:HK$1,142']"
沃林凈旅酒店（解放碑洪崖洞店）,9.5,"['雅緻大床房:HK$394', '雅緻雙床房:HK$425', '城景大床房:HK$447', '夜景大床房:HK$458', '城景雙床房:HK$469']"
THE HUMBLE 厚居高空江景酒店 （重慶解放碑洪崖洞店）,9.5,"['「江嶼山」· 精緻夜景大床房【半島風光+堅果投影】>:HK$358', '「江嶼城」· 城市高空江景大床房【遠眺江景+觀霧都】>:HK$393', '「江嶼霧」· 流光夜景雙床房【山城美景+智能客控】>:HK$442', '「江嶼雲」· 天幕解放碑夜景大床房【絕美拍照+小冰箱】:HK$461', '「江嶼橋」· 星光江景雙床房【遠眺雙子塔+魔幻霧都】>:HK$487']"
重慶亞善高空江景酒店（解放碑來福士廣場店）,9.3,"['精緻專享投影大床房（冰箱）:HK$417', 'LOFT.180°精品城景投影套房（巨幕投影+浴缸+冰箱）:HK$482', 'LOFT.180°半島江景投影套房（江景+巨幕投影+浴缸）:HK$545', '180°水晶橫廊榻榻米景觀房（地標江景+投影儀+冰箱）:HK$610', 'LOFT.遠山浮雲180°江景投影套房（絕美江景+巨幕投影+浴缸+櫃藏式冰箱）:HK$674']"
藍奢空中酒店（重慶沙坪壩高鐵站三峽廣場店）,9.6,"['雲霧·城景大床房【65寸液晶電視＋高空璀璨城景＋金可兒床墊】:HK$293', '藍奢·高空景觀大床房【地標高空景觀＋65寸液晶電視＋金可兒床墊】:HK$317', '雲霧·城景雙床房【65寸液晶電視＋高空璀璨城景＋金可兒床墊】:HK$317', '藍奢·高空景觀雙床房【地標高空景觀＋65寸液晶電視＋金可兒床墊】:HK$340']"
重慶雲汐酒店 （汽博中心金童路輕軌站店）,9.8,"['精緻雙床房（雙人辦公桌+雙人休閑沙發+轉椅）:HK$275', '精緻大床房（舒適圓桌+雙人休閑沙發+單人轉椅）:HK$299', '輕奢大床房（超讚辦公桌+智能投屏+彈簧乳膠床墊）:HK$344', '寬悦大床房（超寬助眠床墊+體重稱）:HK$369']"
重慶NASITING·納斯汀酒店（解放碑洪崖洞店）,9.5,"['「星燦」天幕夜景大床房（璀璨夜景+俯瞰山城+智能客控）:HK$487', '「星燦」活力大床房【俯瞰璀璨夜景+全屋智能+大魔鬼打卡】:HK$538', '「夕下」天際伴山浴缸房（8D重慶夜景+全屋智能客控+清涼泡泡浴）:HK$575', '「拂曉」瀾山浮島浴缸房（俯瞰渝中半島+智能客控+清涼泡泡浴）:HK$613', '「風清」世野攬江大床房（遠眺江河美景+全屋智能+俯瞰渝中半島夜景）:HK$664']"
重慶假日江景酒店（解放碑洪崖洞店）,9.4,"['舒睡單人房「新風系統」:HK$316', '都市大床房「璀璨都市丨霧都晨瞰」:HK$373', '側景大床房「側面觀江丨市井煙火」:HK$373', '都市雙床房「璀璨都市丨霧都晨瞰」:HK$410', '江景大床房「一線江景丨千廝門霓虹」:HK$501']"
浩廷·高空江景酒店（解放碑洪崖洞店）,9.4,"['浮光·高空觀景大床房（體感智控+雲端睡感+山城夜景）:HK$315', '星瞰·高空城景大床房（高空夜景+全屋聲控+乳膠奢睡）:HK$349', '星軌·高空觀景雙床房（智能聯動+承託床墊+超大空間）:HK$402', '摘星·高空江景浴缸大床房（觀景浴缸+泡泡浴）:HK$437']"
桉樹林電影主題酒店（重慶江北國際機場店）,9.5,"['舒享隨心大床房:HK$260', '主題標準房:HK$269', '特惠大床房:HK$294', '湖景標準房:HK$302']"
重慶渝北逸扉酒店（江北國際機場店）,9.5,"['高級大床房（全語音智能客控+膠囊Coffee機+65寸TV）:HK$392', '高級雙床房（全語音智能客控+膠囊Coffee機+65寸TV）:HK$392', '豪華大床房（智能客控+Coffee機+65寸TV+私享陽台）:HK$431', '豪華雙床房（全語音智能客控+膠囊Coffee機+65寸TV）:HK$431', '豪華親子房（語音智能客控+Coffee機+小童主題佈置）:HK$471']"
瀾庭・悦雲兮設計酒店（重慶兩路口地鐵站店）,9.6,"['樸風特惠閣｜大床房（獨立新風+智能客控+乳膠床墊+電動馬桶）:HK$239', '簡逸幽夢｜榻榻米影院房（獨立新風+智能客控+巨幕投影+乳膠床墊+電動馬桶）:HK$250', '樸韻雅情·大床房（獨立新風+智能客控+65寸電視+乳膠床墊+電動馬桶）:HK$271', '素靜和悦丨雙床房（獨立新風+智能客控+乳膠床墊）:HK$271']"
Sky·雲際智能影院酒店（重慶萬象城楊家坪地鐵站店）,9.4,"['治癒躺平觀影智能大床房（8K高清投影+120寸巨幕+MINI冰箱+全屋科技智控+訂製好眠床品）:HK$261', '觀城景·智能影院大床房（8K高清投影+120寸巨幕+MINI冰箱+全屋科技智控+訂製好眠床品）:HK$272', '觀城景·智能浴缸影院大床房（全視野景觀深泡浴缸+8K高清投影+120寸巨幕+MINI冰箱+全屋科技智控）:HK$284', '高空城景·智能影院浴缸大床房（全視野景觀深泡浴缸+8K高清投影+120寸巨幕+MINI冰箱+全屋科技智控）:HK$296']"
K·W高空觀景酒店（重慶解放碑步行街洪崖洞店）,9.4,"['故里丨靜眠大床房『獨立新風系統+深度好眠+乾淨整潔』:HK$272', '莫寧丨舒適大床房『獨立新風系統+深度好眠+安靜睡眠』:HK$283', '北里丨沐眠大床房『新風系統+LED化粧鏡+休閑座椅』:HK$294', '日和丨山城大床房『獨立新風系統+瑋蘭深睡零壓床墊』:HK$305']"
SENSE SCENE三時森印酒店（重慶解放碑洪崖洞店）,9.6,"['風尚園景大床房（深睡床品+智能客控）:HK$428', '風尚園景雙床房（深睡床品+智能客控）:HK$428', '風尚城景大床房（深睡床品+智能客控）:HK$465', '尊享城景雙床房（深睡床品+APPELLES洗護）:HK$502', '尊享城景大床房（深睡床品+APPELLES洗護）:HK$502']"
麗楓酒店（重慶西站站前廣場店）,9.6,"['高級大床房（新風系統+投屏觀影+智能馬桶）:HK$304', '豪華雙床房（慕思床墊+投屏觀影+智能馬桶）:HK$304', '豪華大床房（慕思床墊+投屏觀影+藍牙音樂）:HK$336', '商務大床房（薰衣草香鑒洗護+投屏觀影+智能馬桶）:HK$367']"
Sniff·思耐酒店（重慶觀音橋步行街觀音橋地鐵站店）,9.3,"['Tide·波特大床房<「手機投屏+小冰箱」:HK$250', 'Meri·蘭蒂大床房<「都市夜景+手機投屏」:HK$294', 'Garden·花園大床房 <「獨立小院夜觀都市星辰+智能馬桶」:HK$360', 'Film·電影大床房 <「騰訊VIP視頻觀影+智能馬桶」:HK$414', 'Negroni·地標雙床房<「哈士奇冰箱+手機投屏」:HK$458']"
A·Home歸程酒店（重慶解放碑步行街店）,9.4,"['驚喜大床房「巨幕投影＋零壓床墊＋智能客控＋客房冰箱」:HK$314', '歸敬·馬到成功大床房「巨幕投影＋零壓式床墊＋智能客控＋冰箱」:HK$327', '歸慕·浴缸大床房「巨幕投影+浪漫浴缸+零壓式床墊＋冰箱」:HK$380', '歸來·城景大床房「智能客控+零壓式床墊+客房冰箱」:HK$404']"
D&F設計師酒店（重慶龍門浩老街長江索道店）,9.4,"['DF丨龍門古韻靜謐大床房 [綠植景觀+休閑椅]:HK$295', 'DF丨南濱情調舒適雙床房[温馨氛圍燈+乾濕分離]:HK$308', 'DF丨龍門旖旎精緻雙床房[零壓記憶枕+LED化粧鏡]:HK$321', 'DF丨春和景明悠然大床房[綠植景觀+手機投屏]:HK$321']"
重慶MAX·範思酒店（解放碑來福士廣場店）,9.3,"['地標壹號·大床房【高清巨幕投影】:HK$282', '雲際山城·大床房【智能馬桶·金可兒床墊·巨幕投影·乳膠雙枕】:HK$315', '雲際星空·大床房【智能馬桶·金可兒床墊·巨幕投影·乳膠雙枕】:HK$336', '伴山星辰·大床房【滾來滾去超大床·巨幕投影】:HK$370']"
寬念酒店（重慶西站高鐵站店）,9.8,"['特惠｜沐光大床房【深睡零壓乳膠床墊+小米智能空調】:HK$198', '欣｜優選大床房【深睡零壓乳膠床墊+小米智能空調】:HK$204', '欣｜優選雙床房【深睡零壓乳膠床墊+小米智能空調】:HK$208', '暢｜精選大床房【深睡零壓乳膠床墊+小米智能空調】:HK$215']"
小淏酒店（重慶解放碑步行街洪崖洞店）,9.6,"['奶茶碑景豪華大床房:HK$319', '奶茶輕奢江景房:HK$357', '奶茶碑景尊享大床房:HK$376', '奶茶豪華江景大床房:HK$376']"
南傾·一島高空江景酒店（重慶解放碑洪崖洞店）,9.2,"['阿芙羅·洞穴江景房A[網紅洞穴+高空江景]:HK$336', '海王星·摩天浴缸房A[臨窗浴缸+高空觀山城夜景]:HK$370', '阿芙羅·洞穴江景房B【高空璀璨江景＋直麪來福士】:HK$391', '小蒼蘭·臨窗江景浴缸房【全落地窗·180度江景】:HK$424']"
芸汐酒店（大坪龍湖時代天街店）,9.5,"['芸汐丨靜逸大床房【沉浸零光干擾+獨立新風】:HK$164', '芸汐・優選大床房【定製深睡床墊・零壓護頸枕】:HK$182', '芸汐・思眠大床房【辦公桌椅・隔音門窗】:HK$196', '芸汐・城景雙床房【隔音深睡・親膚貢緞床品】:HK$206']"
宜必思酒店（重慶江北國際機場店）,9.4,"['大床房（電視投屏）:HK$245', '高級雙床房（電視投屏）:HK$245', '高級大床房（電視投屏）:HK$257', '商務大床房（深睡記憶枕+零壓床墊）:HK$291']"
格雷斯精選酒店（重慶江北國際機場中心店）,9.6,"['商務大床房（酣暢入眠+陽光滿屋+拍照出片）:HK$270', '商務雙床房（悠閑入夢+高層城景+雅蘭床墊）:HK$330', '豪華大床房（安然入夢+軌道城景+休閑躺椅）:HK$371', '豪華雙床房（安靜舒適+乾濕分離+深度好眠）:HK$371', '豪華家庭房:HK$431']"
芸縵酒店（袁家崗地鐵站重醫附一院店）,9.5,"['雅緻大床房「定製深睡床墊・零壓護頸枕」:HK$196', '舒適大床房「乾濕分離衞浴・隔音門窗」:HK$215', '舒適雙床房「隔音深睡・親膚貢緞床品」:HK$235', '高級大床房「一次性面巾浴巾・50寸高清投屏」:HK$235']"
FF酒店（重慶解放碑步行街店）,9.6,"['舊時·魔幻山城景觀家庭房（觀重慶您好+4K高清+騰訊會員）:HK$287', '幸運盲選房:HK$402', '零壓靜夜街景大床房（4k高清投影+智能馬桶乾濕分離）:HK$425', '高空城景地標大床房（觀解放碑+4K高清+騰訊會員）:HK$450']"
嘉奈酒店（重慶觀音橋步行街店）,9.5,"['嘉奈·午逅大床房【全屋智能+百寸影院+零壓床墊】:HK$250', '嘉奈·巷夢大床房【全屋智能+投屏電視+零壓床墊】:HK$261', '嘉奈·雅裏雙床房【全屋智能+百寸影院+零壓床墊】:HK$272', '嘉奈·木嶼大床房【全屋智能+百寸影院+零壓床墊】:HK$283']"
重慶解放碑洪崖洞恩季M酒店,9.6,"['雲鏡榻榻米大床房【4D巨幕影院·智能馬桶·金可兒床墊】:HK$268', '雲鏡影院大床房【巨幕投影影院·小冰箱·智能馬桶】:HK$308', '雲際臨窗榻榻米大床房【小冰箱·智能馬桶·金可兒床墊】:HK$333', '雲際地標大床房【小冰箱·智能馬桶·金可兒床墊】:HK$373']"
宜尚PLUS酒店（重慶南岸區工商大學輕軌站店）,9.6,"['宜居大床房（輕奢北歐風+貼心浴袍+投屏悦享）:HK$307', '宜居雙床房（輕奢北歐風+高空夜景+投屏悦享）:HK$330', '宜適大床房（輕奢北歐風+貼心浴袍+投屏悦享）:HK$364', '宜適雙床房（輕奢北歐風+高空夜景+投屏悦享）:HK$387', '宜景大床房（輕奢北歐風+浪漫浴缸+投屏悦享）:HK$456']"
如家精選酒店（重慶李子壩牛角沱輕軌站店）,9.4,"['商務大床房A:HK$245', '雙床A:HK$253', '雙床房:HK$270', '商務大床房:HK$287']"
