酒店名称,评分,房型价格列表
金昌錦都國際酒店,9.0,"['精品標準間（前樓）:HK$316', '精品雙人間（前樓）:HK$326', '精品單人間（前樓）:HK$326', '豪華單人間（後樓）:HK$358', '豪華雙人間（後樓）:HK$358']"
海友酒店（金昌金川文化街店）,9.5,"['大床房:HK$214', '豪華大床房:HK$232', '雙床間:HK$242', '豪華雙床間:HK$242']"
東承尚品酒店,9.3,"['影院式大床房（零壓被褥）:HK$185', '影院式雙床房（零壓被褥）:HK$196', '豪華影院式雙床房（零壓被褥）:HK$217']"
金昌火星1號基地-馬爾斯宿營地,9.0,"['MCS-P行星帳（公共衞浴）:HK$639', 'MCS-S恆星帳（公共衞浴）:HK$732', '3D打印火星巢穴居所:HK$2,125']"
金昌飯店,8.3,"['悦賓樓普通單間:HK$205', '主樓標準單間:HK$227', '悦賓樓普通雙人間:HK$227', '主樓標準雙人間:HK$238']"
星程酒店（金昌市人民醫院店）,9.6,"['大床房【安靜睡眠+寬敞明亮】:HK$270', '高級大床房【安靜睡眠+商務辦公】:HK$288', '高級雙床房【安靜睡眠+喜臨門床墊】:HK$307', '家庭房【安靜睡眠+喜臨門床墊】:HK$307']"
名仕滙臻品酒店（龍首湖公園店）,9.2,"['影音大床房（百寸巨幕|0壓安睡床墊）:HK$245', '高級大床房（270度環繞觀景|0壓安睡床墊）:HK$260', '行政大床房（0壓安睡床墊|助眠記憶枕|獨立空調）:HK$271', '行政雙床房（0壓安睡床墊|助眠記憶枕|獨立空調）:HK$279']"
品睿豪庭酒店（金川區政府店）,9.8,"['智控安睡大床房【貢緞床品+南北通透+舒適衞浴】:HK$164', '智控安睡雙床房【貢緞床品+南北通透+舒適衞浴】:HK$172', '智控舒眠雙床房【貢緞床品+南北通透+舒適衞浴】:HK$211', '智控茶韻大床房【貢緞床品+零壓睡眠+舒心辦公】:HK$211']"
金昌悦廷花園酒店,8.8,"['高級大床房:HK$293', '標準雙人房:HK$357', '豪華大床房:HK$357', '行政套房:HK$565']"
金昌金滙國際酒店,8.0,"['商務單間:HK$246', '商務標間:HK$263', '行政套房:HK$499']"
至臻酒店（金昌店）,8.5,"['臻享·大床房:HK$215', '臻享·雙床房:HK$249', '行政大床房:HK$277', '至臻·套房:HK$907']"
唯嫚酒店（青泰世紀廣場店）,9.0,"['輕奢悦致雙床房【語音窗簾+記憶棉枕+智能馬桶】:HK$211', '尊享悦致大床房【語音窗簾+記憶棉枕+智能馬桶】:HK$220', '尊享榻榻米大床房【語音窗簾+記憶棉枕+智能馬桶】:HK$239', '麗致浴缸榻榻米【大浴缸+語音窗簾+記憶棉枕+智能馬桶】:HK$259']"
金昌大漠金酒店,7.3,"['拾光大床房:HK$184', '拾光雙床房:HK$193', '凈隅豪華大床房:HK$230', '凈隅拾光麻將房:HK$230']"
永昌金滙國際酒店,8.8,"['夢幻圓床房:HK$238', '特惠單間:HK$251', '特惠標間:HK$251', '歐式主題房:HK$255']"
名仕滙酒店（永昌店）,9.5,"['高級大床房（零壓助眠床墊+深睡記憶枕+高清投屏）:HK$189', '豪華大床房（零壓床墊+深睡記憶枕+高清投屏）:HK$200', '豪華雙床房（零壓床墊+深睡記憶枕+高清投屏）:HK$213', '豪華棋牌套房（棋牌娛樂+行政接待+客卧分離）:HK$279']"
永昌芸溪酒店（河西堡金昌火車站店）,8.9,"['大床房:HK$190', '豪華雙床房:HK$214', '高級大床房:HK$225', '豪華大床房:HK$279']"
錦豐賓館,9.0,"['温馨大床房:HK$157', '商務標準間:HK$157', '家庭影音房:HK$199', '家庭房:HK$206']"
永昌金水漢庭賓館,8.3,"['舒適大床房:HK$100', '舒適標準間:HK$119', '舒適三人間:HK$130']"
永昌君豪酒店,8.8,"['特價大床房:HK$109', '特價標準間:HK$109', '豪華標準間:HK$175', '標準三人間:HK$193']"
永昌驪都大酒店,7.5,"['標準間:HK$156', '大床房:HK$165', '商務標準間-大床:HK$212', '普通三人間:HK$221']"
永昌五洲大酒店,7.9,"['商務休閑房-雙床:HK$146', '舒適大床房:HK$150', '普通標準間:HK$173', '豪華商務標準間:HK$185']"
永昌大酒店,9.0,[]
