酒店名称,评分,房型价格列表
三亞哈曼度假酒店,9.4,"['高級雙床房:HK$545', '高級大床房:HK$545', '港灣房:HK$654', '豪華海景房:HK$764', '汪星人友好房:HK$764', '港灣家庭房（三人間）:HK$764']"
果尚·暮光裏度假酒店（三亞鳳凰機場店）,9.4,"['商務大床房:HK$283', '特惠商務大床房:HK$305', '商務雙床房:HK$347', '陽台池景大床房:HK$382']"
三亞梧桐九里·Aromatic海景藝宿（天涯海角店）,9.8,"['隱海椰林·影院大床房:HK$449', '絢爛晚霞·海景影院大床房:HK$503', '綠野仙蹤·影院大床房:HK$558', '夢幻彩霞·海景影院露台房:HK$613', '賞青悦目·家庭影院雙床房:HK$668']"
三亞大東海酒店,9.5,"['高級大床房:HK$588', '高級雙床房:HK$588', '海灣大床房:HK$648', '海灣雙床房:HK$648', '聽海觀景大床房:HK$687', '聽海觀景雙床房:HK$687']"
若逸ROY（ 三亞灣椰夢長廊店）,9.4,"['美式鄉村池畔花園大床房:HK$239', '花園雙床房:HK$895']"
三亞銀韻海景度假酒店,9.2,"['一樓舒適大床房:HK$313', '一樓舒適雙床房:HK$324', '特惠大床房:HK$327', '特惠雙床房:HK$338', '高級園景大床房:HK$355']"
三亞鹿嶺海灣維景國際大酒店,9.2,"['美麗傳説山景大床房:HK$370', '美麗傳説山景雙床房:HK$370', '遊艇港灣大床房:HK$403', '遊艇港灣雙床房:HK$403', '瑰麗遊艇海景大床房:HK$435', '瑰麗遊艇海景雙床房:HK$436']"
三亞海立方度假酒店,9.0,"['園景雙床房:HK$334', '園景雙拼大床房:HK$334', '雅緻海景雙床房:HK$366', '雅緻海景雙拼大床房:HK$366', '豪華園景雙床房:HK$399', '豪華園景大床房:HK$399']"
三亞海棠灣雲頂海景空中別墅,9.3,"['豪華海景兩房一廳套房:HK$853', '至尊海景雙卧套房（高層+180度海景 +日出+小童護欄及座椅）:HK$863', '至尊海景兩房一廳套房（海上日出+亞特夜景）:HK$924', '180°全海景兩房一廳套房（超高層海景+觀海陽台）:HK$963']"
海旅·君瀾三亞灣迎賓館,9.3,"['迷你房:HK$315', '高級花園雙床房:HK$501', '高級花園大床房:HK$501', '陽光套房:HK$548', '海景大床房:HK$590', '海景雙床房:HK$590']"
Min香謐設計美宿（三亞鳳凰機場店）,9.5,"['隱卧大床房（乾濕分離+零壓床墊）:HK$195', 'Min·簡約大床房（乾濕分離+零壓床墊）:HK$216', 'Min·甄選時尚雙床房（4層隔音+乾濕分離+落地窗）:HK$242', 'Min·風尚景緻大床房（4層隔音+乾濕分離+落地窗）:HK$247']"
三亞海天盛筵國際遊艇港度假公寓（中服免税第一市場店）,9.3,"['蔚藍·海岸輕奢海景一室套房:HK$279', '流夢·時代港灣海景兩室套房:HK$440', '望海-帆歸-海景兩室家庭套房:HK$468', '維多利亞-港灣璀璨三室輕奢套房:HK$602']"
三亞海棠灣濱海望海景酒店式公寓（亞特度假區店）,9.4,"['豪華海景雙卧套房（觀海陽台+小童護欄及座椅+洗衣機）:HK$712', '陽光園景兩房一廳套房（獨立觀景陽台+洗衣機+小童護欄及座椅）:HK$803', '豪華海景兩房一廳套房（海上日出+觀海陽台+小童護欄及座椅+洗衣機）:HK$850', '180°至尊海景兩房一廳套房（主卧看海+亞特夜景+小童護欄及座椅+洗衣機）:HK$911']"
三亞天成中央海岸海景酒店,9.6,"['舒適海景大床房（獨立觀海陽台+洗衣機）:HK$703', '舒適海景雙床房（獨立觀海陽台+洗衣機）:HK$703', '北歐風情海景房（獨立觀海陽台+洗衣機）:HK$769', '山海天成海景房（高層獨立觀海陽台+洗衣機）:HK$813', '北歐海景家庭房（獨立觀海陽台+洗衣機）:HK$908', '豪華海景套房兩房一廳（獨立觀海陽台+主卧看海+地標景觀+洗衣機）:HK$977']"
三亞勝意海景度假酒店,9.0,"['特惠大床房:HK$334', '特惠雙床房:HK$336', '城市景觀雙床房:HK$356', '城市景觀大床房:HK$356', '精選海景大床房:HK$388', '精選海景雙床房:HK$388']"
三亞棲楠山酒店（南山寺店）,9.7,"['山景·高級大床房:HK$498', '庭院·高級大床房:HK$530', '山景·露台大床房:HK$573', '庭院·浴缸大床房:HK$636', '山景·豪華浴缸大床房:HK$680']"
三亞灣洛克鉑金海景酒店,9.4,"['高級大床房（城市景觀+獨立陽台+小冰箱）:HK$403', '高級雙床房（城市景觀+獨立陽台+小冰箱）:HK$403', '豪華海景雙床房（洗衣機+觀海陽台+小冰箱）:HK$479', '豪華海景大床房（洗衣機+觀海陽台+小冰箱）:HK$479', '超級海景大床房（洗衣機+日落海景+椰夢長廊+太空枕）:HK$523', '超級海景雙床房（洗衣機+日落海景+椰夢長廊+太空枕）:HK$523']"
三亞海韻度假酒店,9.4,"['豪華園景大床房:HK$655', '豪華園景雙床房:HK$655', '豪華園景一房一廳雙床套房:HK$705', '高級海景大床房:HK$705', '高級海景雙床房:HK$705', '豪華海景大床房:HK$751']"
三亞華源温泉海景酒店,9.0,"['華源標準雙床房:HK$338', '豪華園景雙床房:HK$370', '豪華海景大床房:HK$425', '豪華海景雙床房:HK$425', '高級海景雙床套房:HK$490']"
三亞鳳凰島度假酒店,9.2,"['高級海景大床房:HK$621', '高級海景雙床房:HK$621', '豪華海景大床房:HK$668', '豪華海景雙床房:HK$668', '豪華海景開放式小套房:HK$733', '全海景大床房:HK$761']"
三亞君吉海景酒店,9.7,"['豪華園景雙床房:HK$732', '童趣親子房（1張大床+1張單人床）:HK$732', '豪華園景大床房:HK$732', '聽海園景大床房:HK$818', '聽海園景雙床房:HK$818', '豪華家庭房（1張大床+1張單人床）:HK$818']"
三亞崖州灣皇冠假日酒店,9.7,"['高級大床房:HK$554', '高級雙床房:HK$598', '高級房:HK$600', '高級海景大床房:HK$686', '高級海景雙床房:HK$686', '皇冠主題親子房（帶高低床）:HK$704']"
三亞月光海豚設計師海景藝宿,9.1,"['舒適山景大床房:HK$425', '舒適山景雙床房:HK$513', '合歡家庭三人房:HK$579', '椰風側海大床房:HK$644']"
三亞南中國大酒店,9.4,"['標準雙床房:HK$480', 'A樓-雅緻園景大床房:HK$545', 'A樓-雅緻園景雙床房:HK$545', '附樓迷你大床房無景觀:HK$545', 'C樓-高級大床房:HK$588']"
三亞灣雲居觀海海景公寓 （椰夢長廊海月廣場店）,9.3,"['雲居丨園景大床房:HK$129', '雲居丨園景雙床房:HK$140', '雲居丨高級海景大床房:HK$151', '雲居丨高級海景雙床房:HK$162']"
三亞灣仙居府海景酒店,9.0,"['特惠休閑雙床房:HK$298', 'B棟-雅緻海景大床房:HK$310', 'B棟—城市景觀雙床房:HK$338', 'B棟-城市景觀大床房:HK$338', 'A棟-180度全海景大床房:HK$359']"
三亞君達海景酒店,9.2,"['標準園景雙床房:HK$316', '標準園景大床房:HK$316', '精選園景雙床房:HK$568', '高級海景大床房:HK$599', '高級海景雙床房:HK$600']"
My覓柚·設計美宿（三亞西島店）,9.5,"['拾光·圓床大床房（小度智能+巨幕觀影+騰訊VIP）:HK$377', '浪花·浴缸大床房（小度智能+巨幕觀影+騰訊VIP）:HK$423', '朝霞·舒適雙床房（小度智能+巨幕觀影+騰訊VIP）:HK$443', '如夢·圓床大床房（小度智能+騰訊VIP+高樓層觀景）:HK$489']"
三亞沐子泰式精品民宿（千古情景區店）,9.7,"['花田坐隱｜高級大床房:HK$417', '沐光田園｜高級雙床房:HK$441', '靜享舒眠｜陽台大床房:HK$458', '靜謐花園｜陽台大床房:HK$499']"
三亞玉華苑海景酒店,9.0,"['高級園景大床房:HK$315', '高級園景雙床房:HK$315', '豪華海景大床房:HK$424', '豪華海景雙床房:HK$424', '超級觀海房:HK$479']"
三亞海拾泳池設計民宿（西島旅遊景區店）,9.7,"['清歡院景影音大床房:HK$720', '雲影輕奢影音雙床房:HK$763', '宿約輕奢影音大床房:HK$821', '晨嶼舒適大床房:HK$835']"
樹下·薩瓦呢CAHWAM海景民宿（三亞西島店）,9.7,"['Blangs風·舒適親水庭院大床房:HK$976', 'Dhaeus島·舒適親水露台特大床房:HK$988', 'Cei貝·舒適親水陽台特大床房:HK$1,011', 'Dheekfas雲·私享花園豪華浴缸特大床房:HK$1,330', 'Gins金·薩瓦呢家庭房:HK$1,377']"
三亞楚道洪賓假日酒店,9.2,"['高級雙床房:HK$326', '豪華雙床房:HK$371', '豪華大床房:HK$371', '豪華海景大床房:HK$436', '家庭親子房:HK$534']"
三亞西島鯨禧海景民宿,9.5,"['追浪大床房:HK$495', '飲月大床房:HK$495', '初心大床房:HK$531', '賦閑大床房:HK$531']"
嶼川海景酒店（三亞灣椰夢長廊機場店）,9.4,"['陽光一室一廳家庭套房:HK$296', '椰林一室一廳家庭套房:HK$328', '園景兩室一廳家庭套房:HK$372', '輕奢兩室一廳家庭套房:HK$427']"
三亞宿棠月海景度假酒店,9.4,"['豪華海景兩室一廳套房（觀海上日出+除濕機+洗衣機）:HK$679', '至尊高層海景兩室一廳套房（大陽台+親子套房）:HK$704', '輕奢海景兩室兩廳套房（亞特夜景+廚房+洗衣機）:HK$873', '尊享高層海景兩室兩廳套房（亞特夜景+洗衣機）:HK$925']"
三亞海棠灣喜棠民宿（國際免税城店）,9.4,"['椰海·智能大床房:HK$183', '水光·池景大床房:HK$203', '閲景·浴缸大床房:HK$203', '森夏·浴缸大床房:HK$222']"
三亞鳳凰島海洋之星度假酒店,8.9,"['夏威夷海景度假房:HK$392', '普羅旺斯海景度假房（陽台網紅浴缸）:HK$446', '布拉格中層海景大床房（打卡網紅浴缸）:HK$501', '豪華海景雙床房:HK$501', '愛琴海尊貴海景大床房:HK$556']"
三亞麗思海景酒店（鳳凰機場店）,9.1,"['雅緻[雙標房]:HK$220', '雅緻[大床房]:HK$220', '池景雙床房:HK$239', '池景大床房:HK$240']"
宜必思尚品酒店（三亞鳳凰機場店）,9.3,"['雙床房（獨立陽台+小冰箱+乾濕分離衞浴）:HK$372', '大床房（獨立陽台落地窗+法國高端洗護+金可兒床墊）:HK$382', '高級雙床房（智能機器人+獨立陽台）:HK$392', '高級大床房（法國高端洗護+獨立陽台）:HK$412']"
三亞與海共眠超一線海景私湯美宿,9.7,"['【絕美日落】180°超一線無敵海景圓床房+浪漫吊牀+觀海私湯:HK$998', '【海天一片】270°超一線無敵海景（正面看海）+觀海私湯:HK$1,388', '【與海為鄰】270°超一線無敵海景大圓床房（正面看海）+觀海私湯:HK$1,545', '與海共眠-壹號院:HK$1,857']"
三亞荷泰潮悦海景酒店,9.4,"['智惠大床房:HK$348', '城市景觀大床房:HK$363', '城市景觀雙床房:HK$363', '悦享園景大床房:HK$417', '悦享園景雙床房:HK$417']"
三亞東方嘉韻酒店（三亞灣椰夢長廊店）,9.6,"['恆華-投影大床房:HK$185', '嘉韻-投影大床房:HK$196', '嘉莉-投影雙床房:HK$208', '吉美-投影大床房:HK$229']"
三亞天澤海韻度假酒店,8.9,"['池景花園大床房:HK$391', '池景花園雙床房:HK$391', '豪華精品海景雙床房:HK$458', '豪華精品海景大床房:HK$458', '親子幻遊太空雙標房:HK$480']"
直麪大海・三亞海棠灣棠岸海景公寓（亞特免税城店）,9.4,"['低層園林景小兩室一廳一衞公寓:HK$560', '輕奢海景兩房一廳兩衞套房:HK$659', '高層面朝大海·小兩室一廳一衞公寓:HK$700', '高層面朝大海·大兩室一廳兩衞公寓:HK$840']"
三亞星岸度假民宿,9.5,"['銀礫浴缸海景大床房:HK$1,146', '銀浦浴缸海景大床房:HK$1,263', '點含泡池海景大床房:HK$1,728', '屑金泡池海景大床房:HK$1,728', '白榆泡池海景大床房:HK$1,844']"
三亞峯創假日酒店（市政府店）,9.6,"['峯創丨高級大床房-夢百合零壓枕頭+康乃馨床品+冰箱:HK$286', '峯創丨高級雙床房-夢百合零壓床墊+康乃馨床品+冰箱:HK$300', '峯創丨豪華大床房-夢百合零壓床墊+智能客控+冰箱:HK$327', '峯創丨豪華河景雙床房-康乃馨床品+智能客控+乾濕分離:HK$368']"
三亞福朋喜來登酒店,9.1,"['城市景觀大床房:HK$668', '城市景觀雙床房:HK$668', '高級城市景觀大床房:HK$733', '高級城市景觀雙床房:HK$733', '高級海景大床房:HK$806', '180度豪華海景雙床房:HK$806']"
三亞亞龍灣瑞吉度假酒店,9.4,"['園林景觀大床房:HK$2,436', '園林景觀雙床房:HK$2,436', '山海景觀大床房:HK$2,670', '山海景觀雙床房:HK$2,671', '豪華海景大床房:HK$2,806', '豪華海景雙床房:HK$2,933']"
三亞珠江花園酒店,9.6,"['經典雅緻房:HK$706', '時尚雅緻房:HK$759', '花園海景雙床房:HK$866', '花園親子房:HK$866', '小熊尼奧親子主題房:HK$866', '豪華海景房:HK$920']"
