酒店名称,评分,房型价格列表
三亞哈曼度假酒店,9.4,"['高級雙床房:HK$544', '高級大床房:HK$544', '港灣房:HK$654', '豪華海景房:HK$763', '汪星人友好房:HK$763', '港灣家庭房（三人間）:HK$763']"
三亞灣雲居觀海海景公寓 （椰夢長廊海月廣場店）,9.3,"['雲居丨園景大床房:HK$129', '雲居丨高級海景大床房:HK$151', '雲居丨高級海景雙床房:HK$162', '雲居丨豪華海景大床房:HK$173']"
棲雲·瀾海恆温泳池設計美宿（三亞灣鳳凰機場店）,9.4,"['高級大床房「智能客控+隔音窗户+品牌床墊+鴨絨被」:HK$281', '巨幕投影大床房「隔音窗户+品牌床墊+100寸投影」:HK$313', '海灣大床房「隔音窗户+鴨絨被+65寸電視+遠眺海景」:HK$341', '巨幕投影雙床房「隔音窗户+品牌床墊+100寸投影」:HK$341']"
三亞灣椰夢長廊非繁城品酒店,9.2,"['非繁高級雙床房（臨街觀市景+大空間+迷你冰箱）:HK$171', '非繁高級大床房（商務舒適+臨街觀景+迷你冰箱）:HK$177', '商務大床房（簡約寬敞+乳膠床墊+迷你冰箱）:HK$187', '商務雙床房（簡約寬敞+採光通透+迷你冰箱）:HK$187']"
三亞海天盛筵國際遊艇港度假公寓（中服免税第一市場店）,9.3,"['蔚藍·海岸輕奢海景一室套房:HK$279', '流夢·時代港灣海景兩室套房:HK$440', '望海-帆歸-海景兩室家庭套房:HK$468', '維多利亞-港灣璀璨三室輕奢套房:HK$602']"
三亞宿寐·無邊泳池海景酒店,9.5,"['智享·影院大床房【投影儀＋小冰箱】:HK$439', '沙丘·浴缸影院大床房:HK$464', '夏意·影院家庭房:HK$516', '伊亞·120度海景影院大床房:HK$702']"
三亞ZRS自然誦·沐白之境海景民宿,9.6,"['伴茗·露台大床房:HK$468', '鉛華·露台親子房:HK$578', '船屋·日落海景房:HK$578', '仲夏·浴缸海景房:HK$863', '佛曉·圓浴缸海景房:HK$1,015']"
三亞熊貓愛上海·海景輕奢美宿（天涯海角店）,9.5,"['巨幕浴缸-街景大床房-全屋智能:HK$423', '巨幕浴缸-街景大床房（可看海）-全屋智能:HK$460', '巨幕影院-街景雙床房（可看海）-全屋智能:HK$535', '巨幕影院-雙面側海景家庭雙床房-全屋智能:HK$610']"
藝龍酒店（三亞灣店）,9.5,"['雅緻·AI大床房【夢百合床墊+軟硬記憶枕+毛巾消殺櫃】:HK$342', '藝心·AI雙床房【軟硬記憶枕+夢百合床墊+毛巾消殺櫃+徠芬吹風機】:HK$355', '藝心·AI大床房【軟硬記憶枕+夢百合床墊+毛巾消殺櫃+徠芬吹風機】:HK$362', '不凡·AI雙床房【全景落地窗+夢百合床墊+軟硬記憶枕+毛巾消殺櫃】:HK$368', '城際·AI大床房【全景落地窗+夢百合床墊+軟硬記憶枕+毛巾消殺櫃】:HK$394']"
三亞星野•懸浮泳池海景設計民宿,9.6,"['智享·影院大床房:HK$265', '微巒·山景影院浴缸大床房:HK$297', '友聚·影院雙床房:HK$303', '浮光·池景影院大床房:HK$322']"
三亞雲海里海景公寓,9.3,"['高級海景雙床房［海景陽台|小冰箱］:HK$271', '豪華海景雙床房［海景陽台/洗衣機］:HK$312', '豪華海景大床房［獨立大陽台/洗衣機］:HK$312', '豪華海景三人間［海景陽台|冰箱］:HK$352']"
三亞ZRS自然誦·風白之境海景酒店,9.6,"['杳然·街景大床房:HK$468', '吾悠·街景雙床房:HK$578', '船屋·日落海景大床房:HK$643', '蔚藍·開放式露台海景大床房:HK$862', '見夏·庭院泡池海景大床房:HK$862']"
三亞ZRS自然誦·藍洞之境海景民宿,9.7,"['海鳴·側海景大床房:HK$688', '洞穴·開放式露台330°海景房:HK$1,518', '洞穴·開放式露台330°海景親子房:HK$1,627', '雲洞·開放式露台330°海景房:HK$1,825']"
三亞美亞四季酒店（大悦城海免店）,8.9,"['舒適大床房:HK$184', '舒適雙床房:HK$195', '高級大床房:HK$206', '高級雙床房:HK$218']"
三亞海上生明月·設計師海景美宿,9.3,"['特惠·大床房【零壓床墊+小冰箱】:HK$263', '清歡·街景大床房【零壓床墊+小冰箱】:HK$281', '沐風·家庭房【零壓床墊+小冰箱】:HK$299', '千廬·街景大床房【零壓床墊+小冰箱】:HK$317']"
三亞SUMMER悠悠夏日長·設計師全海景藝宿（天涯海角店）,9.5,"['初夏·親海落日海景大床房:HK$390', '驚喜房:HK$390', '長夏.海景大床房:HK$434', '純夏·落日海景露台超大榻榻米雙床房:HK$490']"
果尚·暮光裏度假酒店（三亞鳳凰機場店）,9.4,"['商務大床房:HK$282', '特惠商務大床房:HK$305', '商務雙床房:HK$347', '陽台池景大床房:HK$382']"
三亞禾睦海景度假美宿（南山寺崖州灣科技城店）,9.6,"['情侶優享·輕奢一房一廳大床房·洗衣機+冰箱+景觀陽台:HK$260', '商務專享·園林景觀兩房一廳套房（洗衣機+冰箱+陽台）:HK$293', '錦時·豪享側海景兩房一廳一衞套房（超大景觀陽台）:HK$326', '錦時·豪享側海景三房一廳兩衞套房（超大海景陽台）:HK$369']"
宜必思尚品酒店（三亞鳳凰機場店）,9.4,"['雙床房【獨立陽台+小冰箱+乾濕分離衞浴】:HK$361', '大床房【獨立陽台落地窗+法國高端洗護+金可兒床墊】:HK$370', '高級雙床房（智能機器人+獨立陽台）:HK$381', '高級大床房【法國高端洗護+獨立陽台】:HK$400']"
三亞海立方度假酒店,9.0,"['園景雙床房:HK$301', '園景雙拼大床房:HK$301', '雅緻海景雙床房:HK$333', '雅緻海景雙拼大床房:HK$333', '豪華園景雙床房:HK$366', '豪華園景大床房:HK$366']"
三亞海的院子民宿（蜈支洲島後海度假村店）,9.5,"['雅緻· 街景大床房:HK$283', '暖心·親子家庭房:HK$326', '日式·側海景雙床房（榻榻米）:HK$370', '觀山·側海景大床房:HK$371']"
若逸ROY（ 三亞灣椰夢長廊店）,9.4,"['美式鄉村池畔花園大床房:HK$239', '花園雙床房:HK$894']"
三亞梧桐九里·Aromatic海景藝宿（天涯海角店）,9.8,"['隱海椰林·影院大床房:HK$448', '絢爛晚霞·海景影院大床房:HK$502', '綠野仙蹤·影院大床房:HK$558', '夢幻彩霞·海景影院露台房:HK$612', '賞青悦目·家庭影院雙床房:HK$667']"
宜尚酒店（三亞千古情景區海旅免税城店）,9.3,"['零壓大床房（55寸大電視投屏+品牌床墊）:HK$287', '高級大床房（舒適安靜+優享睡眠+品質床品）:HK$305', '零壓雙床房（55寸大電視投屏+品牌床墊）:HK$325', '豪華大床房（寬敞空間+柔軟床品+舒適享受）:HK$325']"
島嶼夏日·海景美宿（三亞天涯海角店）,9.2,"['街景大床房-超高性價比:HK$271', '聽海投影房-經濟舒適:HK$295', '温馨家庭房-家庭出行:HK$318', '180度海景房丨海景丨陽台丨浴缸丨夕陽:HK$816']"
三月柳臻選美宿（三亞鳳凰機場店）,9.4,['臨海 | 攬愛 Loft親子家庭套房:HK$253']
三亞宿棠月海景度假酒店,9.4,"['豪華海景兩室一廳套房（觀海上日出+除濕機+洗衣機）:HK$737', '至尊高層海景兩室一廳套房（大陽台+親子套房）:HK$793', '輕奢海景兩室兩廳套房（亞特夜景+廚房+洗衣機）:HK$848', '尊享高層海景兩室兩廳套房（亞特夜景+洗衣機）:HK$925']"
三亞京海國際假日酒店,9.3,"['精選景觀雙床房:HK$316', '精選景觀大床房:HK$316', '椰夢海景大床房:HK$370', '椰夢海景雙床房:HK$370', '豪華園景雙床房:HK$436', '豪華園景大床房:HK$436']"
桔子酒店（三亞鳳凰機場店）,9.4,"['大床房:HK$347', '高級大床房:HK$376', '行政大床房:HK$404', '豪華雙床房:HK$404']"
Min香謐設計美宿（三亞鳳凰機場店）,9.5,"['隱卧大床房（乾濕分離+零壓床墊）:HK$195', 'Min·簡約大床房（乾濕分離+零壓床墊）:HK$216', 'Min·甄選時尚雙床房（4層隔音+乾濕分離+落地窗）:HK$241', 'Min·風尚景緻大床房（4層隔音+乾濕分離+落地窗）:HK$247']"
海旅·君瀾三亞灣迎賓館,9.3,"['迷你房:HK$315', '高級花園雙床房:HK$501', '高級花園大床房:HK$501', '陽光套房:HK$547', '海景大床房:HK$589', '海景雙床房:HK$589']"
三亞鹿嶺海灣維景國際大酒店,9.2,"['美麗傳説山景大床房:HK$293', '美麗傳説山景雙床房:HK$293', '遊艇港灣大床房:HK$326', '遊艇港灣雙床房:HK$326', '瑰麗遊艇海景大床房:HK$369', '瑰麗遊艇海景雙床房:HK$370']"
三亞天成中央海岸海景酒店,9.6,"['舒適海景大床房（獨立觀海陽台+洗衣機）:HK$644', '舒適海景雙床房（獨立觀海陽台+洗衣機）:HK$644', '北歐風情海景房（獨立觀海陽台+洗衣機）:HK$710', '山海天成海景房（高層獨立觀海陽台+洗衣機）:HK$753', '北歐海景家庭房（獨立觀海陽台+洗衣機）:HK$907', '豪華海景套房兩房一廳（獨立觀海陽台+主卧看海+地標景觀+洗衣機）:HK$976']"
三亞半山壹號海景洋房別墅（大東海遊艇碼頭店）,9.7,"['尊享標準一居室:HK$255', '尊享電競五排投影房:HK$421', '尊享歐式智能家居精緻海景兩房:HK$510', '簡約海浪海景二居:HK$519']"
三亞一念·海景沖浪設計民宿,9.4,"['特惠·大床房【零壓床墊+小冰箱】:HK$198', '雲涯·大床房【零壓床墊+小冰箱】:HK$233', '迷泥·海景陽台大床房【零壓床墊+小冰箱】:HK$253', '望山·海景陽台大床房【零壓床墊+小冰箱】:HK$288']"
三亞月光海豚設計師海景藝宿,9.1,"['舒適山景大床房:HK$425', '舒適山景雙床房:HK$513', '合歡家庭三人房:HK$578', '椰風側海大床房:HK$644']"
KOALA考拉設計酒店（三亞亞龍灣店）,9.6,"['KL·迷你森嶼大床房:HK$326', 'KL·輕奢大床房:HK$391', 'KL·豪華池景大床房:HK$446', 'KL·侘寂風陽台大床房:HK$490']"
三亞亞特蘭蒂斯酒店,9.6,"['海景大床房:HK$2,938', '至尊海景大床房:HK$3,048', '海景雙床房:HK$3,157', '至尊海景雙床房:HK$3,266', '皇傢俱樂部海景大床房:HK$3,415', '皇傢俱樂部海景雙床房:HK$3,623']"
三亞宿言海景美宿（三亞灣機場店）,9.8,"['芒果•園景一室一廳臨海套房（洗烘一體機+廚房+冰箱）:HK$218', '木瓜•園景一室一廳臨海套房（洗烘一體機+廚房+冰箱）:HK$259']"
三亞鳳凰島海洋之星度假酒店,8.9,"['夏威夷海景度假房:HK$391', '普羅旺斯海景度假房（陽台網紅浴缸）:HK$446', '布拉格中層海景大床房（打卡網紅浴缸）:HK$501', '豪華海景雙床房:HK$501', '愛琴海尊貴海景大床房:HK$555']"
三亞奧克伍德碧軒酒店（三亞大悅城店）,9.2,"['城景大床房（一室一廳一衞+廚房+洗衣機）:HK$375', '城景雙床房（兩床一衞+廚房+洗衣機）:HK$422', '城景兩居室（兩室一廳一衞+茶台+廚房+洗衣機）:HK$473', '城景行政套房:HK$508', '家庭三居室（三室一廳兩衞+茶台+廚房+洗衣機）:HK$528', '城景豪華套房（浴缸）:HK$528']"
三亞寶宏尚海華廷精品酒店,9.2,"['豪華池景雙床房:HK$304', '豪華池景大床房:HK$304', '高級海景雙床房:HK$326', '高級陽台雙床房:HK$337', '高級陽台大床房:HK$337', '高級海景大床房:HK$348']"
亮庭奢·鉑悦中心酒店公寓（三亞大悦城店）,9.5,"['晨曦·豪華二居室套房（陽台+冰箱+洗衣機+廚房）:HK$352', '摩登格·100寸巨幕投影二居室套房（陽台+冰箱+洗衣機+廚房）:HK$372', '舒適·三居室套房（陽台+冰箱+洗衣機+廚房）:HK$408', '歡聚·高層輕奢影院三居室套房（陽台+冰箱+洗衣機+廚房）:HK$438']"
三亞君達海景酒店,9.2,"['標準園景雙床房:HK$316', '標準園景大床房:HK$316', '精選園景雙床房:HK$568', '高級海景大床房:HK$599', '高級海景雙床房:HK$600']"
三亞沐子泰式精品民宿（千古情景區店）,9.7,"['花田坐隱｜高級大床房:HK$514', '沐光田園｜高級雙床房:HK$523', '靜享舒眠｜陽台大床房:HK$539', '靜謐花園｜陽台大床房:HK$580']"
三亞海棠灣濱海望海景酒店式公寓（亞特度假區店）,9.4,"['豪華海景雙卧套房（觀海陽台+小童護欄及座椅+洗衣機）:HK$712', '陽光園景兩房一廳套房（獨立觀景陽台+洗衣機+小童護欄及座椅）:HK$803', '豪華海景兩房一廳套房（海上日出+觀海陽台+小童護欄及座椅+洗衣機）:HK$849', '180°至尊海景兩房一廳套房（主卧看海+亞特夜景+小童護欄及座椅+洗衣機）:HK$911']"
三亞銀韻海景度假酒店,9.2,"['一樓舒適大床房:HK$313', '一樓舒適雙床房:HK$324', '特惠大床房:HK$327', '特惠雙床房:HK$338', '高級園景大床房:HK$355']"
My覓柚·設計美宿（三亞西島店）,9.5,"['拾光·圓床大床房（小度智能+巨幕觀影+騰訊VIP）:HK$371', '浪花·浴缸大床房（小度智能+巨幕觀影+騰訊VIP）:HK$416', '朝霞·舒適雙床房（小度智能+巨幕觀影+騰訊VIP）:HK$435', '如夢·圓床大床房（小度智能+騰訊VIP+高樓層觀景）:HK$480']"
暮卿·MOON&SUN設計民宿（太陽灣路店）,9.6,"['網紅特惠房:HK$331', '原宿·全景浴缸大床房:HK$362', '暮白·全景影院榻榻米:HK$384', '梔月·全景椰林親子房:HK$417']"
嶼川海景酒店（三亞灣椰夢長廊機場店）,9.4,"['陽光一室一廳家庭套房:HK$296', '椰林一室一廳家庭套房:HK$328', '園景兩室一廳家庭套房:HK$372', '輕奢兩室一廳家庭套房:HK$426']"
