酒店名称,评分,房型价格列表
丹東錦禾酒店（鴨綠江斷橋店）,9.7,"['高級大床房:HK$483', '高級雙床房:HK$505', '行政雙床房:HK$530', '行政大床房:HK$574', '行政家庭房:HK$716']"
丹東江濱國際酒店（鴨綠江斷橋景區火車站店）,9.2,"['高級大床房:HK$361', '高級雙床房:HK$361', '一線江景大床房:HK$437', '一線江景雙床房:HK$437', '豪華江景雙床套房:HK$611']"
丹東鴨綠江大廈萬信至格酒店,9.0,"['舒適雙床房:HK$294', '舒適大床房:HK$294', '豪華大床房:HK$339', '豪華雙床房:HK$339', '舒適套房:HK$642']"
丹東五龍國際高爾夫俱樂部,9.7,"['球場山景標間（陰面）:HK$361', '球場風光温泉房:HK$389', '豪華套房:HK$745', '西式別墅:HK$7,453', '中式別墅:HK$8,737']"
丹東雲上酒店,9.6,"['雲舒大床房（智能客控+助眠記憶枕+手機投屏）:HK$528', '雲享大床房（智能客控+助眠記憶枕+手機投屏）:HK$643', '雲語雙床房（智能客控+助眠記憶枕+手機投屏）:HK$643', '雲喜家庭房（智能客控+助眠記憶枕+手機投屏）:HK$720', '雲景側江大床房（智能客控+助眠記憶枕+手機投屏）:HK$759']"
丹東火車站鴨綠江斷橋亞朵酒店,9.4,"['高級大床房（深睡床品+智能客控+迷你冰箱）:HK$651', '高級雙床房（深睡床品+智能客控+迷你冰箱）:HK$651', '行政大床房（深睡床品+智能客控+迷你冰箱）:HK$701', '行政雙床房（深睡床品+智能客控+迷你冰箱）:HK$701', '尊享大床房（深睡床品+智能客控+迷你冰箱）:HK$751']"
丹東萬達廣場安東老街亞朵酒店,9.5,"['高級大床房（深睡床墊+深睡枕+智能客控+手機投屏）:HK$560', '高級雙床房（深睡床墊+深睡枕+智能客控+手機投屏）:HK$610', '行政大床房（深睡床墊+深睡枕+智能客控+手機投屏）:HK$610', '尊享大床房（深睡床墊+深睡枕+智能客控+手機投屏）:HK$681', '尊享家庭房（深睡床墊+深睡枕+智能客控+手機投屏）:HK$782']"
如家商旅酒店（丹東鴨綠江大橋斷橋景區火車站店）,9.2,"['大床房:HK$321', '商務大床房:HK$348', '雙床房:HK$358', '景觀大床房:HK$377']"
藝龍萬國酒店（丹東抗美援朝紀念館店）,9.3,"['智享大床房-智能客控+温泉水+手機投屏:HK$482', '雅享榻榻米-智能客控+温泉水+手機投屏:HK$514', '雅享大床房-智能客控+温泉水+手機投屏:HK$531', '雅享雙床房-智能客控+温泉水+手機投屏:HK$564', '瑞享大床房-智能客控+温泉水+手機投屏:HK$613']"
丹東栗子小院,9.6,"['舒適温馨大床房:HK$359', '精緻温馨大床房:HK$359', '舒適大床房:HK$412', '觀景大床房:HK$493']"
全季酒店（丹東火車站店）,9.4,"['單床房:HK$391', '高級大床房:HK$420', '雙床房:HK$439', '舒壓高級大床房:HK$458']"
如家商旅酒店（丹東火車站郵電大廈店）,9.5,"['商務大床房:HK$331', '雙床房:HK$348', '高級大床房:HK$358', '高級雙床房:HK$377']"
國門臻選酒店（鴨綠江斷橋火車站店）,9.6,"['附樓商務大床房:HK$426', '附樓商務雙床房:HK$426', '商務大床房:HK$560', '商務家庭房:HK$599']"
丹東中心智選假日酒店,9.7,"['高級房:HK$437', '高級房大床:HK$437', '高級房雙床:HK$437', '高級房雙床更大面積:HK$488', '高級房大床更大面積:HK$488']"
丹東華美滙酒店,8.6,"['城市風景温泉大床房（靜謐舒適+助眠床墊+温泉水）:HK$405', '城市風景温泉雙床房（靜謐舒適+助眠床墊+温泉水）:HK$405', '豪華精品温泉大床房（靜謐舒適+助眠床墊+温泉水）:HK$438', '豪華精品温泉家庭房（靜謐舒適+助眠床墊+温泉水）:HK$582', '豪華精品尊享大床房（靜謐舒適+助眠床墊+温泉水）:HK$582']"
丹東憩園賓館（鴨綠江斷橋店）,9.4,"['庭院花園大床房:HK$486', '一線江景露台雙床房:HK$600', '一線江景露台大床房:HK$600', '庭院豪華大床+電熱榻榻米房:HK$634']"
維也納國際酒店（丹東江景之都店）,9.3,"['標準大床房:HK$389', '景觀雙床房:HK$436', '景觀大床房:HK$436', '行政雙床房:HK$463', '行政大床房:HK$463']"
丹東福瑞德大酒店,9.2,"['江景大床房:HK$611', '江景雙床房:HK$611', '高級江景大床房:HK$648', '高級江景雙床房:HK$648', '豪華家庭房:HK$731', '親子房A:HK$824']"
丹東滙僑希爾頓花園酒店,8.8,"['花園雙床房:HK$520', '花園大床房:HK$541', '無障礙大床房:HK$637', '江景雙床房:HK$812', '花園江景大床房:HK$877']"
丹東花園酒店,8.5,"['大床房:HK$240', '普通標準房:HK$240', '商務大床房:HK$271', '親子家庭房:HK$402']"
丹東富力萬達嘉華酒店,9.3,"['豪華雙床房（斯林百蘭床墊+ACCA洗護用品+獨立浴缸）:HK$603', '豪華大床房（斯林百蘭床墊+ACCA洗護用品+獨立浴缸）:HK$603', '豪華荷里活雙床房（房間寬敞+斯林百蘭床墊+獨立浴缸）:HK$620', '高級豪華雙床房（斯林百蘭床墊+ACCA洗護用品+獨立浴缸）:HK$667', '高級豪華大床房（斯林百蘭床墊+ACCA洗護用品+獨立浴缸）:HK$667', '行政豪華大床房（斯林百蘭床墊+ACCA洗護用品+獨立浴缸）:HK$784']"
丹東迪豪商務酒店（鴨綠江斷橋店）,9.3,"['優選大床房:HK$325', '精選雙床房:HK$325', '甄選大床房:HK$360', '甄品雙床房:HK$360']"
丹東金海度假公寓,9.1,"['商務大床房:HK$293', '商務標準房:HK$338', '精品標準房:HK$338', '精品大床房:HK$370']"
丹東詩途大酒店,7.8,['高級大床房:HK$353']
悦己·清齋江景民宿（丹東月亮島店）,9.5,"['輕奢江景套房270度觀景落地窗:HK$384', '舒適江景套房一線室外觀景陽台:HK$427', '豪華江景套房室外觀景陽台:HK$491', '月亮島270度一線觀景陽台2室麻將套房:HK$676']"
丹東中朝鴨綠江大橋桔子水晶酒店,9.7,"['高級大床房:HK$462', '行政大床房（智能客控+手機投屏）:HK$482', '江景雙床房（智能客控+手機投屏）:HK$482', '江景高級大床房（智能客控+手機投屏）:HK$522', '江景豪華大床房:HK$562']"
丹東威尼斯建國飯店,8.7,"['界河高級大床房:HK$324', '界河商務大床房:HK$415', '界河商務雙床房:HK$415', '界河江景商務大床房:HK$520', '界河江景商務雙床房:HK$520']"
丹東丹鐵大酒店,8.6,"['標準雙床房:HK$170', '標準大床房:HK$170', '家庭房:HK$261', '標準四人間:HK$320']"
禾楓酒店,9.2,"['清雅大床房:HK$332', '雲舒大床房:HK$385', '雲舒雙床房:HK$411', '楓嶼家庭房:HK$517']"
丹東假日錦軒酒店,7.2,"['錦軒大床房:HK$282', '錦軒雙床房:HK$282']"
白玉蘭酒店（丹東鴨綠江店）,9.1,"['輕舒大床房:HK$247', '輕舒雙床房:HK$255', '玉舒大床房:HK$263', '玉舒雙床房:HK$271']"
丹東一諾客棧,9.4,"['舒適雙床特價房:HK$370', '舒適特價大床房:HK$370', '精緻大床房:HK$398', '精緻標準間:HK$398']"
丹東新天地賓館,8.8,"['特價大床房:HK$170', '普通雙標間:HK$178', '普通大床房:HK$178', '豪華大床房:HK$295']"
丹東鑫亮民宿（中朝鴨綠江大橋店）,9.6,"['江景雙床房:HK$190', '江景影視大床房:HK$210', '江景家庭套房:HK$295', '江景娛樂套房:HK$328']"
月亮島小魚兒之家公寓,9.7,"['月亮島一線江景北歐風二室一廳套房A:HK$579', '月亮島一線江景温馨浪漫兩室一廳B:HK$579', '月亮島一線江景家庭房—兩室三床:HK$677', '丹東艦.新鴨綠江大橋新中式三室兩廳兩衞户型C:HK$710']"
丹東逸客棧（鴨綠江斷橋店）,9.6,"['中式温馨大床房:HK$337', '舒適家庭房雙床房:HK$370', '江景榻榻米大床房-和式電炕:HK$392', '温馨麻將小屋:HK$403']"
如家商旅酒店（丹東鴨綠江江畔安東老街店）,9.5,"['大床房A:HK$221', '大床房:HK$239', '雙床房A:HK$264', '高級大床房:HK$264']"
丹東名戶江景溫泉公寓（江戶城店）,9.2,"['榻榻米温泉大床房:HK$262', '地中海温泉大床房:HK$262', '全江景榻榻米温泉房B:HK$349', '江景家庭温泉套房:HK$349']"
半江.雲居客棧（斷橋景區店）,9.7,"['温馨家庭雙床房:HK$598', '一線江景套房:HK$817']"
如家素柏·雲酒店（丹東鴨綠江月亮島安東老街店）,9.1,"['大床房:HK$263', '商務大床房:HK$297', '標準雙床房:HK$297', '景觀大床房（鴨綠江江景）:HK$348']"
丹東市花開忘憂民宿,9.2,"['精緻大床房:HK$240', 'Ins奶油風大床房:HK$259', '投影大床房:HK$277', '商務雙床房:HK$352']"
丹東水禮温泉酒店,9.0,"['尊享大床房:HK$214', '尊享貴賓套房:HK$1,843']"
如家商旅酒店（丹東中朝鴨綠江大橋江景店）,9.7,"['大床房A:HK$230', '大床房:HK$247', '雙床房:HK$256', '高級大床房:HK$264']"
漢庭優佳酒店（丹東步行街店）,9.7,"['高級大床房:HK$246', '雙床房:HK$274', '家庭房:HK$321']"
丹東拾光民宿,9.3,"['温泉精油泡泡玫瑰花瓣浴房:HK$204', '鹿羚莊輕奢温馨大床房:HK$211', '鹿羚莊日式温泉榻榻米房:HK$304']"
丹東希悦酒店式公寓（天賜未來城店）,8.3,"['温馨大床房:HK$318', '高級標準間:HK$343', '豪華大床房:HK$355', '超大家庭房:HK$443']"
丹東五龍背温泉酒店式公寓,9.6,"['家庭温泉大床房:HK$216', '温泉温馨大床房:HK$260', '經典温泉榻榻米房:HK$282', '精品温泉房:HK$293']"
丹東盛庭酒店式公寓,9.0,"['特惠大床房:HK$93', '歐式豪華大床房A:HK$110', '温馨家庭大床房:HK$110', '歐式大床房:HK$119']"
萬年春意想人生民宿（丹東火車站店）,9.2,"['特價標準間:HK$219', '合室榻榻米房:HK$238', '標準間:HK$247', '標準三人間:HK$321']"
丹東藝海商務賓館,8.3,"['特惠雙床房（無窗）:HK$541', '特惠大床房（無窗）:HK$541', '精選高級大床房:HK$558', '三人間:HK$584']"
丹東新安東大飯店,9.2,"['雍華麗景雙床房:HK$449', '半島風情雙床房:HK$577', '半島風情大床房:HK$577']"
禾楓酒店（鴨綠江斷橋店）,9.1,"['清雅大床房:HK$332', '雲舒大床房:HK$385', '雲舒雙床房:HK$412', '楓嶼家庭房:HK$518']"
驛居酒店（丹東火車站郵電大廈店）,9.3,"['大床房:HK$256', '商務大床房:HK$273', '雙床房:HK$291', '家庭房:HK$376']"
錦江之星（丹東鴨綠江興五路店）,8.9,"['標準大床房:HK$353', '標準雙床房:HK$380', '高級單床房:HK$380', '高級雙床房:HK$398']"
丹東名户公寓（天賜未來城店）,9.6,"['地中海大床房:HK$246', '地中海雙床房:HK$246', '榻榻米大床房:HK$295', '榻榻米雙床房:HK$295']"
漢庭酒店（丹東新城區五金城店）,9.5,"['雙床房:HK$255', '高級大床房A:HK$255', '高級大床房:HK$284', '家庭房:HK$321']"
丹東江庭賓館（鴨綠江斷橋店）,8.8,"['榻榻米房:HK$293', '精品大床房A:HK$304', '精品雙床房A:HK$326', '精品大床房B:HK$358']"
丹東櫻吉公寓（江户城店）,9.7,"['園景榻榻米温泉房:HK$207', '園景地中海温泉大床房:HK$207', '園景精裝家庭雙床房:HK$217', '側江景露台陽光房:HK$293']"
