酒店名称,评分,房型价格列表
桔子酒店（九江火車站店）,9.7,"['月若流金大床房:HK$295', '月若流金高級大床房:HK$315', '月若流金雙床房:HK$315', '加州陽光高級大床房:HK$336', '月若流金豪華大床房:HK$366']"
九江潯陽希爾頓歡朋酒店,9.8,"['舒適大床房:HK$393', '影音房--百寸投影+享會員觀影:HK$393', '高級大床房:HK$469', '高級雙床房:HK$469', '豪華雙床房:HK$524']"
般藍酒店（九江火車站萬達廣場店）,9.7,"['臻享·城景大床房（獨享私密空間+65寸高清可投屏電視+慕思床墊）:HK$260', '悦心·精選大床房（科勒潔具+慕思床墊+智能家居）:HK$315', '靜心·豪華大床房（智能家居+迷你小冰箱）:HK$348', '靜心·豪華雙床房（智能家居+辦公桌+茶台）:HK$370', '潔雅·臻選豪華大床房（愛奇藝會員+慕思床墊+科勒潔具）:HK$370']"
天海鉑塘酒店（九江八里湖新區體育中心店）,9.6,"['柏美大床房（乳膠記憶床墊+智能客控+65寸電視投屏）:HK$238', '柏雅城景高級雙床房（乳膠床墊+65寸電視投屏+辦公桌）:HK$238', '悦影巨幕影視大床房（百寸投影+乳膠床墊+智能客控）:HK$262', '柏靜雙床房（遠眺LU山風景+乳膠床墊+超大空間+辦公會客區）:HK$271', '柏悦家庭房（獨立衣櫥+休閑沙發）:HK$355']"
廬山碧龍潭·舍精品民宿,9.8,"['日午·標準大床房:HK$391', '日正·標準雙床房:HK$402', '日生·園景大床房:HK$402', '豪華大床房:HK$435', '日始·高級大床房:HK$435']"
九江遠洲逸廷酒店,9.2,"['廷享雙床房:HK$350', '廷享湖景大床房:HK$350', '廷享湖景雙床房:HK$350', '廷悦大床房:HK$393', '廷悦雙床房:HK$393']"
九江快樂城長江大道亞朵酒店,9.7,"['高級大床房（Mini小冰箱+慢回彈記憶枕+智能家居）:HK$333', '高級雙床房（Mini小冰箱+慢回彈記憶枕+智能家居）:HK$341', '行政大床房（Mini小冰箱+慢回彈記憶枕+智能家居）:HK$359', '行政雙床房（Mini小冰箱+慢回彈記憶枕+智能家居）:HK$368', '幾木城景大床房（Mini冰箱+裸棉床品&深睡枕pro+智控）:HK$386']"
悅兮湖大酒店（九江市體育中心八里湖新區店）,9.4,"['星塵•雲端大床房|乾濕分離|高空視角|大空間:HK$257', '180°湖幕•雲霄大床房|中央空調|俯視湖景|一線湖景:HK$266', '180°湖幕•凌空雙床房|中央空調|俯視湖景|一線湖景:HK$266', '星塵•天際雙床房|雙重隔音|高空賞景|輕辦公:HK$267', '觀瀾•雲境大床房|高層觀瀾|高空全景|Urban Oasis:HK$312']"
九江嘉萊特精選酒店（八里湖外國語學校店）,9.6,"['遠山 | 雙床房（户型方正+全屋智控+遠眺廬山）:HK$305', '精選 | 大床房:HK$316', '精選 | 雙床房:HK$316', '遼闊 | 家庭房（特大床+全屋智控+65寸彩電）:HK$360', '歡樂 | 小童房:HK$393']"
潯•陽︱Grandioso•Academia•歡悅MAX酒店（九江站九江學院店）,9.4,"['潯陽樓•投影玲瓏大床房|高定床品|恆温空調|零壓床墊:HK$197', '鎖江樓•巨幕零壓大床房|智能客控|卧式沙發|乾濕分離:HK$209', '煙水亭•巨幕零壓雙床房|多重隔音|恆温馬桶|大空間:HK$209', '甘棠湖•巨幕娛樂大床房|電動麻將桌|智能客控:HK$221', '天花井•巨幕榻榻米大床房|激光投影|超大幕布|舒適空間:HK$231']"
九江火車站長虹大道亞朵酒店,9.6,"['高級大床房（裸棉床品+小度智控+手機投屏）:HK$332', '高級雙床房（裸棉床品+小度智控+手機投屏）:HK$350', '行政大床房（裸棉床品+小度智控+手機投屏）:HK$350', '幾木大床房（裸棉床品+小度智控+手機投屏+小冰箱）:HK$368', '幾木雙床房（裸棉床品+小度智控+手機投屏+小冰箱）:HK$386']"
九江長虹大道希爾頓歡朋酒店,9.7,"['舒適雙床房:HK$393', '舒適大床房:HK$393', '高級大床房:HK$414', '高級雙床房—美國舒達床墊:HK$414', '豪華大床房-專屬小冰箱:HK$480']"
皇庭四季酒店（九江火車站店）,9.4,"['零壓豪華大床房【零壓床墊+科勒衞浴+絕美市景】:HK$209', '零壓豪華雙床房【零壓床墊+辦公桌椅+中央熱水】:HK$222', '四季精選大床房【功夫禪茶+零壓床墊+270°市景】:HK$225', '行政靜享雙床房【辦公桌椅+零壓床墊+中央熱水】:HK$228', '家庭親子房（零壓床墊+科勒衞浴）:HK$300']"
九江百嘉洲際酒店（潯陽樓大中路步行街店）,9.1,"['百悦•舒適大床房「高織親膚布草+精緻睡眠」:HK$195', '百悦•舒適雙床房「高織親膚布草+精緻睡眠」:HK$195', '嘉悦•商務雙床房「品質深睡床墊+凈心好眠」:HK$218', '嘉悦•商務大床房「品質深睡床墊+凈心好眠」:HK$218', '鉑雅•高級雙床房「觀城市煙火+乾濕分區」:HK$262']"
九江LEJNN酈瑾酒店（九江火車站大中路步行街店）,9.5,"['墨軒∥雙床房『大落地窗+大面積+自動窗簾+60寸4k電視』:HK$182', '雅舍||大床房『0壓床墊|羽絨枕|舒適好眠|小而美』:HK$193', '墨軒∥大床房『大落地窗+大面積+自動窗簾+60寸4k電視』:HK$205', '帳篷營地∥探險房『零壓床墊|獨享50°大空間|電動窗簾』:HK$227', '茶隱∥投影MAX雙床房【零壓床墊|100寸巨幕|50°大面積】:HK$227']"
花築·廬山大路王山莊民宿（廬山索道東林寺店）,9.6,"['花語複式大床房（帶户外小院）:HK$369', '清風豪華舒適標間:HK$426', '明月豪華舒適標間:HK$426', '暮霞帶搖搖椅豪華標間:HK$451']"
如家精選酒店（九江學院萬達廣場店）,9.8,"['高級大床房:HK$227', '雙床房:HK$235', '景觀大床房（夢百合床墊+智能客控+城景）:HK$251', '景觀雙床房（夢百合床墊+山景）:HK$259']"
維納斯皇家酒店（九江火車站萬達廣場店）,9.6,"['高級大床房（愉夢床墊+智能家居）:HK$326', '商務雙床房（舒適典雅）:HK$351', '豪華大床房（舒適+温馨）:HK$351', '商務大床房（城景+休閑）:HK$376', '影音大床房（品質豪華）:HK$392']"
美豪麗致酒店（九江站九江學院店）,9.7,"['麗致山景大床房【德化樓夜景丨私享Mini吧丨零壓床墊】:HK$256', '麗致城景雙床房【瀑布淋浴丨4K投屏丨零壓乳膠枕】:HK$270', '特惠大床房:HK$271', '雅緻山景大床房【全景視覺丨零壓床墊丨專屬冰箱】:HK$280', '巨幕影音大床房【專屬冰箱丨瀑布淋浴丨180°全景】:HK$298']"
全季酒店（九江火車站廣場店）,9.6,"['大床房:HK$284', '高級大床房:HK$312', '雙床房:HK$312', '舒壓雙床房:HK$341']"
祥生馨逸酒店（聯盛快樂城八里湖店）,9.6,"['浪漫浴缸圓床房:HK$186', '高級雙床房:HK$186', '高級大床房:HK$186', '高級商務雙床房:HK$235']"
九江濂溪開元名都酒店,9.7,"['開元大床房:HK$694', '開元雙床房:HK$749', '豪華園景大床房（陽台+鞦韆吊椅）:HK$793', '豪華雙床房（陽台+鞦韆吊椅）:HK$848', '行政大床房（超大浴缸）:HK$869', '豪華園景親子房:HK$935']"
晨楓臻品酒店（九江火車站長虹立交橋店）,9.6,"['巨幕·大床房（愛奇藝會員+全屋智能）:HK$226', '巨幕·雙床房（愛奇藝會員+全屋智能）:HK$226', '巨幕·日落大床房（愛奇藝會員+全屋智能）:HK$256', '巨幕·城景雙床房（愛奇藝會員+全屋智能）:HK$256', '巨幕·陽光滿屋大床房（愛奇藝會員+全屋智能）:HK$270']"
格麗酒店（九江火車站廬山大道店）,9.7,"['大床房「智能客控+辦公區+私享定製床墊」:HK$190', '高級大床房「智能客控+辦公區+私享定製床墊」:HK$201', '高級雙床房「智能客控+辦公區+私享定製床墊」:HK$201', '智能大床房「智能客控+城景視野+私享定製床墊」:HK$233']"
九江樂態莊園民宿（廬山索道東林寺店）,9.6,"['浮雲大床房·山景氧吧:HK$214', '白雲全景大床房·超大浴缸:HK$493', '陽台院景温馨大床房:HK$510', '雲夢庭院大床房·陽台山景:HK$557']"
九江九龍雲境酒店（八里湖新區店）,9.6,"['雲舒·小度智控大床房【全屋智控+乾濕分離+零壓床墊】:HK$190', '雲逸·祕密花園圓床房【電動床墊+全屋智控+MINI冰箱】:HK$190', '雲溪·榻榻米超大床房【落地全景+零壓床墊+全屋智控】:HK$190', '雲舒·小度智控雙床房【全屋智控+零壓床墊+乾濕分離】:HK$190', '雲享·江景零壓大床房【高空景觀+全屋智控+乳膠床墊】:HK$205']"
榮華建國酒店（九江學院十里萬達店）,9.5,"['商務大床房:HK$305', '商務雙床房:HK$316', '甄選豪華雙床房:HK$349', '商務景觀大床房:HK$360', '夢幻主題親子房:HK$390']"
雲上洲際酒店（九江火車站廬山風景區店）,9.5,"['悦景丨慕斯大床房（乳膠床墊+全景視覺+65寸電視投屏）:HK$196', '全景丨臻選大床房（遠眺山景+智能家居+65寸電視投屏）:HK$207', '悦景丨慕斯雙床房（辦公桌+乳膠床墊+65寸電視投屏）:HK$209', '全景丨臻選雙床房（遠眺廬山+智能家居+65寸電視投屏）:HK$217', '智選丨巨幕影院大床房（高清視效+休閑沙發+無線投屏）:HK$268']"
天海柏唐酒店（九江火車站廬山大道店）,9.4,"['城悦·智選大床房『舒眠床品｜靜謐空間』:HK$182', '城悦·智選雙床房『乾濕分離｜電視投屏』:HK$182', '城韻·覽景大床房『180°全景｜智能馬桶』:HK$194', '城逸·智享大床房『新風系統｜卧式沙發』:HK$230', '城韻·覽景雙床房『180°全景｜商務辦公桌』:HK$247']"
廬隱酒店（九江火車站廣場店）,9.7,"['雲廬·優選大床房（夢百合床墊+記憶枕助好眠）:HK$221', '雲廬·優選雙床房（夢百合床墊+智能衞浴）:HK$240', '雲隱·精選大床房:HK$249', '雲隱·精選雙床房（夢百合床墊+記憶枕助好眠）:HK$277']"
鉑悦·仙境酒店（九江火車站萬達廣場店）,9.4,"['精緻大床房 【雅蘭床墊＋高端衞浴＋松下智能馬桶】:HK$234', '清雅城景雙床房【雅蘭床墊＋休閑沙發＋松下智能馬桶】:HK$328', '清雅城景大床房【雅蘭床墊+休閑沙發＋松下智能馬桶】:HK$336', '睿選潯陽大床房【雅蘭床墊+小冰箱＋松下智能衞浴】:HK$384', '睿選潯陽雙床房【高端衞浴+小冰箱＋超大空間】:HK$384']"
晨楓酒店（九江學院十里大道店）,9.4,"['巨幕┃夢甜大床房（智能客控+安心熟睡+騰訊極光VIP）:HK$242', '巨幕LOFT┃雅緻大床房（暢快觀影＋休閑沙發+複式雙層）:HK$256', '巨幕LOFT┃雅緻雙床房（暢快觀影＋休閑沙發+複式雙層）:HK$256', '巨幕┃怡致大床房（大型落地窗+智能客控+騰訊極光VIP）:HK$290', '浮生┃精緻大床房（智能客控+喜臨門床墊+騰訊極光VIP）:HK$315']"
溪客民宿（東林寺店）,9.6,"['叁拾壹丨畔山日式榻榻米房:HK$359', '叁拾叁丨景觀露台大床房:HK$402', '叁拾貳丨田園臨溪大床房:HK$424', '叁拾陸丨全景露台大床房:HK$435', '叁拾伍丨棲山雙床套房:HK$501']"
柏唐·旗艦聆湖美景設計師酒店（九江八里湖店）,9.3,"['悦享‖城景大床房（高清電視投屏+強勁冷氣+強壓熱水）:HK$220', '悦享‖城景雙床房（商務辦公+強勁冷氣+電視投屏）:HK$220', '悦心‖城景巨幕影院大床房（騰訊VIP海量片源+零壓床墊+全屋智控）:HK$229', '悦尚‖湖景大床房（聆湖美景+全屋智能+零壓床墊）:HK$238', '悦心‖城景巨幕影院雙床房（騰訊VIP海量片源+零壓床墊+全屋智能）:HK$265']"
九江半島賓館（八里湖店）,9.7,"['高級園景大床房:HK$469', '高級園景雙床房:HK$469', '商務園景雙床房:HK$533', '180°商務湖景大床房:HK$576', '行政園景雙床房:HK$640', '行政園景大床房:HK$640']"
希岸酒店（九江廬山高鐵站店）,9.6,"['希岸大床房:HK$262', '希岸雅緻房:HK$270', '希岸高級雙床房:HK$286', '希岸豪華大床房:HK$302']"
如家精選酒店（九江火車站站前廣場店）,9.7,"['大床房（夢百合床墊+安睡整晚）:HK$214', '商務大床房（夢百合床墊+安睡整晚）:HK$222', '高級大床房（沙發+夢百合床墊）:HK$255', '高級雙床房（夢百合床墊+記憶枕助好眠）:HK$263']"
新旅樾+酒店（九江火車站大中路步行街店）,9.4,"['舒睡大床房『記憶枕|AI量體定製|小冰箱』:HK$255', '臻享大床房『AI量體定製|休閑沙發|小冰箱』:HK$262', '臻享雙床房『大落地窗|AI量體定製|小冰箱』:HK$275', '悦覽湖景大床房『大落地窗|開闊視野|小冰箱』:HK$288', '悦覽湖景雙床房『大落地窗|開闊視野|小冰箱』:HK$295']"
賓呈國際酒店（廬山高鐵站中華賢母園店）,9.6,"['呈馨大床房（智能客控）:HK$247', '呈馨雙床房（智能客控）:HK$247', '呈雅大床房（智能客控）:HK$256', '呈雅雙床房（智能客控）:HK$256']"
晨楓臻品酒店（九江火車站萬達廣場店）,9.5,"['日式 | 榻榻米大床房【茶台+巨幕投影】:HK$196', '舒享 | 陽光大床房【巨幕暢享觀影】:HK$210', '舒享 | 安睡雙床房【巨幕暢享觀影】:HK$210', '靜謐 | 商務雙床房【大空間+暢享觀影】:HK$267', '悦景 | 城景大床房【休閑沙發+暢享觀影】:HK$267']"
花築·廬山枕泉居度假村（三疊泉瀑布店）,9.9,"['竹言雙床房+山景+智能馬桶+舒適好眠床品:HK$725', '滄瀾豪華觀景雙床房+智能客控+山景+智能鏡:HK$800', '西樓豪華榻榻米觀景雙床房+山景+日式榻榻米+智能馬桶:HK$824', '棲遲觀景親子房+智能客控+陽台+山景+躺椅:HK$971', '雲舍觀景親子房+陽台+智能客控+山景+躺椅:HK$971']"
花築·來歸大路王民宿（東林寺廬山索道店）,9.7,"['雪韻複式園景大床房:HK$354', '雲景窗景大床房:HK$364', '心悦精品豪華雙床房:HK$394', '棋聲景觀豪華套房（帶茶室）:HK$640']"
全季酒店（九江廬山高鐵站店）,9.6,"['高級大床房:HK$302', '商務大床房:HK$321', '雙床房:HK$321', '景觀大床房:HK$341']"
CityWalk●柏唐｜潯城美學設計師●慕酒店（九江火車站聯盛快樂城店）,9.5,"['City┃霧漫觀景大床房【璀璨夜景+小度智控+MINI冰箱】:HK$293', 'City┃霧漫觀景雙床房【智能客控+0壓床墊+恆温馬桶】:HK$293', 'Dream┃悦夢舒眠大床房【恆壓淋浴+都市夜景+小度智控】:HK$314', 'Max┃行止觀影大床房【高清巨幕+手機投屏+深度好眠】:HK$328', 'Joy┃雀悦娛樂麻將房【獨立棋牌房+空氣凈化機+MINI吧】:HK$328']"
廬山開元名庭度假酒店,9.6,"['特惠雙床房 | 無窗 | 舒睡床墊:HK$430', '園景大床房 | 舒適床墊:HK$452', '開元大床房 | 舒適床墊:HK$474', '山居雙床房 | 可控地暖:HK$484', '棋牌大床房 | 樂享棋趣:HK$506']"
天藝·睿酒店（九江職業大學九江學院店）,9.3,"['雅緻雙床房:HK$236', '雅緻大床房【潯城消暑+輕智能家居】:HK$284', '悦享·陽光雙床房【璀璨夜景+慕思床墊+智能馬桶】:HK$299', '悦享·陽光大床房【璀璨夜景+大穿衣鏡】:HK$313', '靜享·山景大床房【賞廬山美景+慕斯床墊+智能馬桶】:HK$327']"
全季酒店（九江廬山站中華賢母園店）,9.5,"['高級大床房:HK$299', '商務大床房:HK$327', '高級雙床房:HK$355', '景觀大床房:HK$374']"
花築·廬逸香村（九江廬山北海度假區店）,9.4,"['商務大床房:HK$393', '商務雙床房:HK$393']"
九江潯陽快樂城麥谷酒店,9.6,"['MINI大床房『休閑桌椅』:HK$212', '浴缸榻榻米房『浴缸+茶具』:HK$223', '麥谷雙床房『芝華仕床墊+茶具』:HK$231', '麗致大床房『休閑沙發+辦公枱』:HK$231', '靜眠大床房『寬敞舒適+辦公枱』:HK$265']"
牽想又庭酒店（九江火車站南湖公園店）,9.4,"['商務大床房（整體衞浴+舒適+安靜）:HK$151', '商務雙床房（城景+舒適）:HK$158', '夢百合0壓大床房（帶0壓床墊+0壓記憶枕）:HK$172', '智能按摩舒睡大床房（智能按摩床墊+無憂解壓+舒適睡眠）:HK$187']"
