酒店名称,评分,房型价格列表
你好酒店（仙桃絲寶路婦幼保健院店）,9.8,"['大床房:HK$206', '高級大床房:HK$226', '商務大床房:HK$246', '高級雙床房:HK$246']"
柏曼酒店（仙桃宏達路步行街店）,9.4,"['標準大床房（温馨明亮+舒適床品）:HK$175', '高級大床房（輕奢雅緻+寬敞明亮）:HK$206', '高級雙床房（輕奢雅緻+寬敞明亮）:HK$213', '電競大床房:HK$221']"
維也納酒店（仙桃皇宮店）,9.1,"['標準雙床房（無窗）:HK$201', '標準大床房:HK$209', '豪華大床房:HK$218', '豪華雙床房:HK$226']"
城市便捷酒店（仙桃大道武商MALL店）,9.1,"['標準大床房（温馨舒適+乾濕分離）:HK$164', '商務大床房（安靜好眠+乾濕分離）:HK$175', '標準雙床房（安靜舒適+乾濕分離）:HK$183', '商務雙床房（安靜舒適+寬敞明亮）:HK$203']"
尚客優酒店（仙桃商城大廈步行街店）,9.7,"['智能大床房（小愛同學語言客控）:HK$129', '智能優享大床房（小愛同學語言客控）:HK$138', '智能優享雙床房（小愛同學語言客控）:HK$138', '智能影音大床房（小愛同學語言客控）:HK$148']"
宜尚酒店（沔街元泰未來城店）,9.4,"['舒適大床房（北歐風+乾淨舒適）:HK$229', '舒適雙床房（北歐風+乾淨舒適）:HK$239', '標準大床房（高品質體驗+優享辦公）:HK$249', '標準雙床房（北歐風+寬敞明亮）:HK$257']"
城市便捷酒店（仙桃漢江路稅務局店）,9.3,"['標準大床房（全屋智能 +温馨雅緻）:HK$175', '高級大床房（全屋智能+寬敞明亮）:HK$204', '豪華套房（全屋智能+商務休閑）:HK$242', '豪華家庭套房（歡樂親子+休閑娛樂）:HK$269']"
天誠國際大酒店（仙桃沔街店）,8.9,"['休閑麻將房【智能客控-全自動麻將機】:HK$283', '舒適標間:HK$283', '高級大床間【智能客控-採光通風】:HK$296', '情侶主題房:HK$299', '高級雙床房【智能客控-採光通風】:HK$306']"
金芒果酒店（仙桃商城大廈仙源大道店）,9.5,"['温馨大床房【全屋WiFi＋公區提供洗衣機】:HK$98', '商務大床房【全屋WiFi＋深度好眠】:HK$113', '温馨情侶房【舒適安靜＋情侶圓床】:HK$113', '商務雙床房【靜謐舒適＋零壓床墊】:HK$142']"
紐賓凱國際酒店（仙桃環球中心店）,9.0,"['特惠大床房內窗:HK$234', '雅緻精品房（有窗）:HK$247', '數碼影音房（有窗）:HK$258', '豪華大床房（有窗）:HK$296']"
橙子酒店（仙桃錢溝路體育館店）,9.2,"['特惠大床房:HK$159', '特惠雙床房:HK$159', '舒適大床房:HK$167', '精品大床房:HK$174']"
宜尚酒店（仙桃武商體育館店）,9.4,"['高級大床房（動人城景+採光視野好）:HK$168', '高級雙床房（動人城景+採光視野好）:HK$168', '豪華雙床房（房間開闊）:HK$183', '豪華大床房（房間開闊）:HK$183']"
仙桃榮喜來酒店,9.2,"['豪華雙床房:HK$348', '豪華大床房:HK$357', '特價麻將房:HK$387', '麻將雙床房:HK$436', '麻將大床房:HK$442']"
全季酒店（仙桃沔街店）,9.7,"['大床房:HK$335', '高級大床房:HK$354', '高級雙床房:HK$354', '舒壓高級大床房:HK$384']"
柏曼酒店（仙桃漢江路店）,9.5,"['高級大床房（落地景觀+寬敞明亮）:HK$183', '商務大床房（落地景觀+寬敞明亮+安靜舒適）:HK$215', '商務雙床房（落地景觀+寬敞明亮+安靜舒適）:HK$223', '城景大床房（落地景觀+寬敞明亮+休閑麻將）:HK$239']"
城市便捷酒店（仙桃一中店）,9.5,"['標準大床房:HK$144', '商務大床房:HK$162', '商務雙床房:HK$172', '豪華大床房:HK$181']"
漢庭酒店（仙桃錢溝體育館店）,9.7,"['棋牌大床房:HK$286', '大床房:HK$305', '高級大床房:HK$325', '高級雙床房:HK$354']"
雅斯特酒店（仙桃職業學院店）,9.3,"['高級大床房:HK$180', '高級雙床房:HK$190', '豪華大床房:HK$199', '豪華雙床房:HK$218']"
桔子酒店（仙桃市政府店）,9.7,"['觀景大床房:HK$435', '月若流金雙床房:HK$438', '月若流金大床房:HK$457', '加州陽光大床房:HK$478', '高級大床房:HK$517']"
仙桃沔街大酒店,9.3,"['輕奢雙床房:HK$294', '輕奢大床房:HK$307']"
蘭歐尚品酒店（和合國際店）,9.5,"['蘭錦智能高級雙床房（智能客控+AI語音+超大辦公）:HK$183', '蘭逸智能豪華麻將雙床房（智能客控+AI語音+娛樂空間）:HK$209', '蘭歐雙人電競棋牌房:HK$217', '蘭歐四人電競棋牌房:HK$279']"
瀾斐智能影院酒店（仙桃客運中心店）,9.5,"['特惠大床房:HK$119', '標準大床房:HK$131', '標準雙床房:HK$131', '暢享影音I 臻享大床房:HK$143']"
柏曼酒店（仙桃武商體育館店）,8.8,"['標準大床房:HK$146', '電競大床房[2060IT顯卡+120幀高刷]+安靜舒適:HK$160', '標準雙床房:HK$160', '商務大床房（寬敞明亮+滿窗視野好+舒適安靜）:HK$190']"
仙桃花源酒店,9.1,"['電競大床房:HK$313', '特惠大床房:HK$330', '舒適雙床房:HK$339', '高級大床房:HK$374']"
仙桃海凡星華冠酒店,9.2,"['雅緻大床房:HK$118', '靜怡單床房:HK$128', '温馨雙床房:HK$137', '雅緻商務雙床房:HK$147']"
致馨梔子花開酒店（仙桃福星城一中店）,9.7,"['梔漫日式房:HK$109', '馨香梔語大床房（舒適環境）:HK$119', '梔香居雙床房:HK$129', '梔花之約大床房:HK$129']"
藝龍安雲酒店（仙桃錢溝南路天誠緣店）,9.4,"['特惠大床房（支持投屏+舒適外窗）:HK$166', '商務大床房（舒適外窗+支持投屏）:HK$166', '大床房（舒適外窗）:HK$194', '雙床房（舒適外窗+支持投屏）:HK$213']"
海之緣商務酒店（仙桃商城大廈文化步行街店）,8.8,"['簡約雙床房（智能43電視+舒適好眠）:HK$101', '簡約大床房（智能43電視+舒適好眠）:HK$101', '温馨商務雙床房（智能43電視+舒適好眠）:HK$122', '投影大床房（VIP影視投影+舒適好眠）:HK$126']"
仙桃海凡星城市民宿,9.7,"['特惠大床房（安靜舒適）:HK$111', '茶吧高級大床房（寬敞明亮&好友小聚）:HK$136', '巨幕投影房（100寸投影&VIP暢享）:HK$140', '特惠雙床房（採光超好&安靜舒適）:HK$148']"
仙桃悦瑟酒店,9.4,"['普通單間（性價比高）:HK$162', '商務標間（出差優選）:HK$195', '麻將單間:HK$216', '麻將標間（休閑必選）:HK$224']"
仙桃米家智能酒店（沔陽小鎮景區店）,9.4,"['風雅雙人房:HK$457', '複式麻將大床房:HK$566', '網紅大床房（帶浴缸）:HK$610', '親子家庭房（帶浴缸+陽台）:HK$666']"
海凡星連鎖酒店（仙桃實驗高中店）,9.4,"['差旅商務大床房:HK$113', '差旅商務雙床房:HK$123', '唐風榻榻米影院房（100寸投影&VIP暢享）:HK$127', '舒適按摩大床房:HK$137']"
海凡星連鎖酒店（仙桃沔街店）,9.4,"['靜怡單床房:HK$137', '商務雙床房（養生放鬆）:HK$150', '休閑大床房（安心睡眠）:HK$163', '商務大床房（養生放鬆）:HK$175']"
蘭林格酒店（仙桃商城大廈店）,8.8,"['雅緻房:HK$105', '精緻雙床房:HK$127', '精緻大床房:HK$127', '豪華大床房（智能客控）:HK$148']"
白玉蘭酒店（仙桃沔陽小鎮店）,9.4,"['靜雅大床房:HK$352', '靜雅雙床房:HK$370', '舒雅雙床房:HK$379', '輕雅大床房:HK$406']"
仙桃瑞珀酒店,9.5,"['特價單間:HK$173', '豪華單間:HK$205', '豪華標間:HK$227', '特價麻將房:HK$227']"
雲柏酒店（仙桃復州大道店）,9.4,"['雲靜大床房:HK$94', '特惠大床房（安靜舒適）:HK$101', '雲惠雙床房:HK$104', '温馨大床房（安靜舒適）:HK$116']"
致馨梔子花開酒店（仙桃小南店）,9.2,"['梔漫圓床房（約會小屋）:HK$107', '梔馨大床房:HK$125', '梔馨雙床房:HK$134', '敞亮梔雅雙床房（好眠雙床房+大窗通透）:HK$143']"
覓·精品酒店（仙桃西橋店）,9.4,"['在河一方主題房:HK$107', '關關雎鳩大床房:HK$117', '求之不得雙床房:HK$121', '槓上開花棋牌大床房:HK$141']"
明大酒店（仙桃一中店）,8.6,"['輕享大床房:HK$143', '標準大床房:HK$145', '標準雙床房:HK$145', '豪華大床房丨機麻娛樂:HK$157']"
仙桃甘泉時尚酒店,9.6,"['温馨圓床房:HK$173', '標準雙床房:HK$184', '大床房:HK$184', '商務棋牌房:HK$205']"
仙桃麗馨精品酒店,9.3,"['標準雙人間:HK$115', '單間:HK$115', '商務標準間:HK$119', '精品單人間[視野開闊+清凈舒適]:HK$119']"
仙桃翡岸酒店,9.5,"['智能城景大床房:HK$207', '智能城景雙床房:HK$207']"
覓·精選連鎖酒店（仙桃一中店）,8.1,"['精選雙床房（全景落地窗）:HK$206', '精選大床房:HK$213', '浪漫主題房:HK$213', '豪華雙床房（全景落地窗）:HK$244']"
仙桃天鵝湖度假酒店,9.3,"['高級大床房:HK$539', '高級雙床房:HK$539', '豪華大床房:HK$602', '豪華雙床房:HK$602', '豪華親子房:HK$622', '星空親子房（帶星空頂）:HK$664']"
凱樂國際酒店,8.8,['湖景·親子雙床房:HK$327']
仙桃喜相迎宴賓樓酒店,8.8,"['豪華大床房:HK$140', '麻將大床房:HK$153', '舒適雙床房:HK$195', '麻將雙床房:HK$205']"
仙桃三三酒店,8.2,"['主題房:HK$117', '高級大床房:HK$117', '高級標準間:HK$130', '麻將單間:HK$161']"
仙桃優選酒店（仙源大道店）,9.2,"['經濟【特價】大床房:HK$76', '舒適【簡約】大床房:HK$83', '經濟雙床房:HK$91', '舒適雙床房:HK$102']"
如家派柏·雲酒店（仙桃仙源大道店）,8.4,['特惠雙床房:HK$62']
