酒店名称,评分,房型价格列表
佛山順德瀧居酒店,9.5,"['高級大床房:HK$600', '高級雙床房:HK$622', '豪華大床房:HK$688', '經典雙床房:HK$750', '開放式套房:HK$821', '江景大床房:HK$933']"
佛山順德香雲紗園林酒店,9.4,"['精緻大床房:HK$468', '精緻雙床房:HK$468', '雅緻客房:HK$576', '園景精緻大床房:HK$576', '園景精緻雙床房:HK$576']"
織夢園·織隅民宿（佛山順德清暉園店）,9.5,"['日式Lofo雙床房:HK$835', '花園複式雙床房:HK$938', '獨享花園投影房:HK$1,051', '佳景織夢房:HK$1,154', '園景美夢房:HK$1,154']"
萬瑞達M酒店（佛山祖廟創意產業園店）,9.5,"['高級大床房【智能客控+深睡眠床墊】:HK$306', '高級雙床房【智能客控+深睡眠床墊】:HK$307', '豪華大床房【深睡眠床墊+助眠記憶枕+全屋智能】:HK$329', '豪華雙床房【深睡眠床墊+助眠記憶枕+全屋智能】:HK$329', '影音大床房【4K高清巨幕投影+影視會員+助眠記憶枕】:HK$339']"
佛山王府井紫薇港逸扉酒店,9.4,"['影音大床房【無窗+智能投屏+智能衞浴+小冰箱】:HK$510', '影音雙床房【無窗+智能投屏+智能衞浴+小冰箱】:HK$510', '高級大床房【智能投屏+私享Coffee機+冰箱+智能衞浴】:HK$513', '陽光榻榻米房【和風榻榻米+功夫茶具+冰箱+智能衞浴】:HK$591', '豪華大床房【私享Coffee機+智能客控+冰箱+網紅浴袍】:HK$591']"
戴斯温德姆酒店（廣州南站三龍灣大道店）,9.4,"['特惠雙床房（智能客控+慕思床墊）:HK$381', '特惠大床房（智能客控+慕思床墊）:HK$392', '豪華大床房（智能客控+慕思床墊+園林景觀）:HK$404', '豪華雙床房（智能客控+慕思床墊+城市景觀）:HK$404', '商務大床房（智能客控+慕思床墊+城市景觀）:HK$425']"
佛山南海金鉑中心希岸Deluxe酒店,9.6,"['Deluxe高級大床房:HK$353', 'Deluxe豪華大床房:HK$377', 'Deluxe豪華雙床房:HK$377', 'Deluxe景觀大床房:HK$409', 'Deluxe景觀雙床房:HK$409']"
佛山源林酒店,9.6,"['高級大床房（絲漣床墊+TOTO智能馬桶+Mini吧軟飲）:HK$542', '高級雙床房（絲漣床墊+TOTO智能馬桶+Mini吧軟飲）:HK$542', '高級江景大床房（絲漣床墊+TOTO智能馬桶+Mini吧軟飲）:HK$551', '高級江景雙床房（絲漣床墊+TOTO智能馬桶+Mini吧軟飲）:HK$551', '無障礙大床房（絲漣床墊+TOTO智能馬桶+Mini吧軟飲）:HK$554', '無障礙雙床房（絲漣床墊+TOTO智能馬桶+Mini吧軟飲）:HK$554']"
佛山南海廣佛智城雅緻酒店,9.2,"['高級大床房:HK$411', '豪華大床房:HK$431', '豪華雙床房:HK$431', '行政大床房:HK$452', '行政雙床房:HK$452', '城景大床房-高空觀景:HK$512']"
安喜曼·元宿酒店（佛山祖廟瀾石地鐵站店）,9.8,"['狀元·凌雲閣:HK$307', '狀元·寧雅居｜深度好眠床墊｜巨幕投影｜智能客控:HK$367', '狀元·翰林居｜深度好眠床墊｜高清巨幕投屏｜全屋智能:HK$396', '狀元·品茗軒｜功夫茶具｜巨幕投影｜超大落地窗:HK$417']"
桔子酒店（順德清暉園華蓋路店）,9.7,"['大床房:HK$381', '高級大床房:HK$412', '豪華大床房:HK$442', '商務大床房:HK$472', '高級雙床房:HK$472']"
麗怡酒店（佛山祖廟地鐵站嶺南新天地店）,9.4,"['標準大床房【深度好眠床墊+全棉貢緞織造床品+智能家居】:HK$332', '標準雙床房【深度好眠床墊+全棉貢緞織造床品+智能家居】:HK$341', '影音大床房【高清投影+環繞立體音效+席夢思甜夢床】:HK$349', '高級大床房【超大空間+席夢思甜夢床+智能家居】:HK$349', '高級雙床房【超大空間+深度好眠床墊+智能家居】:HK$366']"
佛山德悦高酒店,9.4,"['豪華雙床房:HK$515', '豪華大床房:HK$536', '女神專享大床房:HK$563', '女神專享雙床房:HK$563', '德悦雙床房:HK$566']"
維納斯皇家酒店（佛山魁奇路地鐵站創意產業園店）,9.4,"['影音大床房（沉浸式觀影+巨幕投屏+環繞立體音效）:HK$353', '豪華大床房（智能客控+高空璀璨城景+霧化玻璃+功夫茶具）:HK$394', '豪華雙床房（智能客控+高空璀璨城景+霧化玻璃）:HK$402', '行政大床房（高空璀璨城景+智能語音+65寸智能電視+功夫茶具）:HK$415', '行政雙床房（超大空間+智能語音+高空璀璨城景）:HK$422']"
佛山新凱廣場萬楓酒店,9.5,"['標準大床房:HK$423', '高級雙床房:HK$457', '高級大床房:HK$457', '豪華雙床房:HK$491', '豪華大床房:HK$491']"
佛山祖廟疊滘地鐵站亞朵酒店,9.7,"['高級大床房【深睡床墊、枕頭+裸棉床品+小冰箱】:HK$430', '高級城景大床房【深睡床墊、枕頭+裸棉床品+小冰箱】:HK$457', '行政大床房【深睡床墊、枕頭+裸棉床品+小冰箱】:HK$493', '行政雙床房 【深睡床墊、枕頭+裸棉床品+小冰箱】:HK$493', '尊享大床房【深睡全系列+全棉浴袍+投屏電視+小冰箱】:HK$538']"
佛山順德均安希爾頓歡朋酒店,9.3,"['舒適大床房-美國舒達床墊-專屬小冰箱:HK$431', '舒適雙床房-美國舒達床墊-專屬小冰箱:HK$443', '高級雙床房-美國舒達床墊-專屬小冰箱:HK$479', '歡朋套房-豪華浴缸-專屬小冰箱:HK$684']"
逸柏國際美居（佛山千燈湖環宇城店）,9.2,"['逸緻家庭套房（180°高層遠景-坐卧沙發-助眠記憶床枕）:HK$876', '逸享城央大床房（180°高層遠景-坐卧沙發-記憶床枕）:HK$876', '逸奢湖景大床房（高層靜謐湖景-坐卧沙發-記憶床枕）:HK$876', '逸奢城央雙床房（180°高層遠景-坐卧沙發-記憶床枕）:HK$876']"
佛山順德美的臻品之選酒店,9.7,"['豪華大床房:HK$1,275', '豪華雙床房:HK$1,275', '精英大床房:HK$1,331', '精英雙床房:HK$1,331', '花園雙床房:HK$1,452', '花園大床房:HK$1,452']"
佛山保利洲際酒店,9.4,"['豪華房-雙床:HK$649', '豪華房-大床:HK$649', '舒適豪華房-大床:HK$756', '舒適豪華房-雙床:HK$756', '糖果飛屋豪華湖景大床房（樂高牆丨俏皮魚嘴）:HK$870', '糖果飛屋豪華湖景雙床房A（樂高牆丨俏皮魚嘴）:HK$870']"
佛山三龍灣希爾頓歡朋酒店,9.5,"['高級大床房:HK$460', '高級雙床房:HK$460', '豪華大床房:HK$512', '豪華雙床房:HK$512', '純凈舒適大床房:HK$512']"
美豪麗致酒店（佛山南海千燈湖店）,9.6,"['麗致城景大床房:HK$327', '麗致城景雙床房:HK$327', '麗致庭院大床房:HK$349', '麗致庭院雙床房:HK$349', '靜雅浴缸套房:HK$582']"
佛山嶺南天地康得思酒店,9.0,"['高級雙床客房:HK$485', '高級大床客房:HK$485', '豪華大床客房:HK$551', '尊貴大床客房:HK$667', '行政高級大床客房:HK$916', '行政高級雙床客房:HK$916']"
敏卓酒店（佛山創意產業園南風古灶店）,9.4,"['高級大床房（城景景觀+小冰箱+智能馬桶）:HK$361', '高級雙床房（舒適辦公+私享靜謐+寬敞明亮）:HK$361', '豪華雙床房（城市夜景+小冰箱+嶺南風格）:HK$383', '豪華大床房（城市夜景+智能馬桶+寬敞明亮）:HK$383', '親子雙床房（温馨主題+樂伴空間+小童用品）:HK$383']"
至美·雲端酒店（佛山嶺南天地祖廟路萬科金融中心店）,9.3,"['驚喜房:HK$311', '雲端之魅.影院「智能客控-4k高清投影-環繞立體音效」:HK$325', '雲端之魅.茶事「小冰箱+慕斯床墊+雙層隔音」:HK$367', '雲端之魅.靜語「小冰箱+慕斯床墊+雙層隔音」:HK$367']"
希居花園酒店（廣東千古情西樵山店）,9.5,"['高空花園城景大床房（一線城景-全屋智能）:HK$375', '高空花園城景雙床房（一線城景-全屋智能）:HK$375', '180°雲端山景大床房（遠眺西樵觀音大佛-全景落地窗）:HK$409', '180°雲端山景雙床房（遠眺西樵觀音大佛-全景落地窗）:HK$444', '4K巨幕投影大床房（可投屏-百寸巨幕-沉浸觀影）:HK$524']"
華德里舍郵政主題民宿（佛山順德清暉園店）,9.6,"['郵逸聽雨豪標大床房:HK$525', '郵漾茶語豪華大床房:HK$687', '郵哉景觀大床房（獨立小陽台）:HK$788', '郵哉愜意豪華大床房（榻榻米小茶語）:HK$796']"
佛山順德海駿達希爾頓酒店,9.4,"['希爾頓高級雙床房:HK$678', '豪華雙床房:HK$732', '270度城景高級大床房:HK$867', '無障礙大床房:HK$867', '270度城景豪華大床房:HK$975', '行政大床房:HK$1,083']"
佛山祖廟嶺南天地亞朵酒店,9.6,"['雅緻清氧大床房（深睡床品+空氣凈化器+投屏電視）:HK$502', '雅緻清氧雙床房（深睡床品+空氣凈化器+投屏電視）:HK$502', '高級大床房（深睡床墊、枕頭+裸棉床品+投屏電視）:HK$529', '行政大床房（深睡床墊、枕頭+裸棉床品+投屏電視）:HK$557', '高級家庭房（深睡床墊、枕頭+裸棉床品+投屏電視）:HK$557']"
百合壹庭酒店（佛山祖廟創意產業園店）,9.6,"['高級大床房（智能客控+智能馬桶）:HK$283', '城景大床房（城景+智能客控+智能馬桶）:HK$305', '影音大床房（巨幕影院+智能客控+智能馬桶）:HK$326', '豪華雙床房（智能馬桶+智能客控）:HK$326', '臻選雙床房（冰箱+智能客控+智能馬桶）:HK$347']"
佛山順德陳村希爾頓歡朋酒店,9.6,"['舒適園景大床房:HK$438', '高級園景雙床房:HK$482', '高級江景大床房:HK$486', '豪華江景大床房:HK$592', '豪華江景雙床房:HK$592']"
新君悦國際酒店（廣州南站錦龍地鐵站店）,9.4,"['高級大床房:HK$424', '高級雙床房:HK$424', '豪華大床房:HK$492', '豪華雙床房:HK$534', '家庭雙床房:HK$544', '親子套房:HK$664']"
佛山裡水希爾頓惠庭酒店,9.6,"['靈動大床房（微波爐+冷藏、冷凍冰箱+私享coffee機+舒達床墊+智能馬桶）:HK$387', '靈動雙床房（微波爐+冷藏、冷凍冰箱+私享coffee機+舒達床墊+智能馬桶）:HK$418', '靈動豪華大床房（微波爐+冷藏、冷凍冰箱+私享coffee機+舒達床墊+智能馬桶）:HK$418', '靈動山景大床房（微波爐+冷藏、冷凍冰箱+私享coffee機+舒達床墊+智能馬桶）:HK$470', '套房（微波爐+冷藏、冷凍冰箱+私享coffee機+舒達床墊+智能馬桶）:HK$621']"
佛山順德雅詩閣東平服務公寓,9.5,"['單房公寓:HK$567', '豪華單房公寓:HK$641', '一房豪華套房:HK$753', '一房豪華套房（雙床）:HK$791', '一房行政套房:HK$799', '一房行政套房（雙床）:HK$846']"
佛山三水鉑頓元世紀酒店,9.5,"['雅緻大床房（陽台景觀+全景大玻璃窗+抗菌防蟎布草）:HK$320', '雅緻雙床房（陽台景觀+全景大玻璃窗+抗菌防蟎布草）:HK$330', '高級大床房（陽台景觀+全景大玻璃窗）:HK$343', '高級雙床房（陽台景觀+全景大玻璃窗+抗菌防蟎布草）:HK$349', '豪華大床房（智能客控+陽台景觀+全景大玻璃窗）:HK$363']"
全季酒店（佛山新城世紀蓮體育中心店）,9.7,"['高級大床房:HK$378', '商務大床房:HK$407', '景觀大床房:HK$435', '商務雙床房:HK$464', '家庭房:HK$464']"
佛山奧克伍德華庭酒店公寓,9.4,"['高級特大床客房:HK$598', '高級特大床單間公寓:HK$634', '糖果飛屋高級特大床單間公寓:HK$715', '豪華特大床單間公寓:HK$746', '一居室高級公寓:HK$845', '糖果飛屋一居室高級公寓:HK$874']"
佛山順德清暉園亞朵酒店,9.6,"['高級大床房:HK$548', '高級雙床房:HK$584', '行政影音大床房:HK$601', '行政大床房:HK$601', '行政影音雙床房:HK$637']"
佛山順德喜來登酒店,9.2,"['豪華城景大床房:HK$711', '豪華城景雙床房:HK$711', '豪華江景大床房:HK$838', '豪華江景雙床房:HK$838', 'B. duck小黃鴨親子江景大床房:HK$1,064', '行政城景大床房:HK$1,093']"
悦暉燕園別墅（佛山順德逢簡水鄉店）,9.7,"['泳池景房:HK$348', '陽台房:HK$453', '園景雙床房:HK$494', '園景尊貴套房:HK$686']"
佛山禪城華美達安可酒店（創意產業園店）,9.5,"['歡享高級大床房:HK$285', '悦享豪華雙床房-智能客控+SLEEMON床墊:HK$345', '悦享豪華大床房-智能客控+迷你小冰箱:HK$345', '悦享超級大床房-智能客控+SLEEMON床墊:HK$385', '尊享行政大床房-智能馬桶+SLEEMON床墊:HK$405']"
佛山金沙洲萬達金鉑天地佑約酒店,9.3,"['尊享雙床房（全景落地窗+徠芬吹風機+小冰箱+電視投屏）:HK$326', '尊享大床房（全景落地窗+徠芬吹風機+小冰箱+電視投屏）:HK$327', '設計師A款大床房（松型沙發+原木茶几+徠芬吹風機+小冰箱+電視投屏）:HK$330', '設計師B款大床房（庭院飄窗+徠芬吹風機+小冰箱+電視投屏）:HK$371']"
美麗豪酒店（佛山順德錦龍地鐵站店）,9.6,"['舒適大床房（80寸投影+Mini Bar+全屋智能語音）:HK$340', '高級大床房（80寸投影+Mini Bar+全屋智能語音）:HK$368', '高級雙床房（80寸投影+Mini Bar+全屋智能語音）:HK$382', '豪華大床房（超大床+Mini Bar+100寸投影）:HK$409', '豪華雙床房（100寸投影+Mini Bar+全屋智能語音）:HK$423']"
佛山皇冠假日酒店,9.4,"['皇冠高級房:HK$435', '高級雙床房:HK$435', '高級大床房:HK$435', '豪華大床房:HK$544', '豪華雙床房:HK$544', '行政大床房:HK$708']"
佛山南海千燈湖桂城亞朵酒店,9.6,"['高級大床房:HK$367', '行政雙床房:HK$385', '行政大床房:HK$430', '幾木品茗大床房:HK$502', '幾木城景大床房:HK$575']"
佛山順德東平保利洲際酒店,9.5,"['豪華大床房:HK$803', '豪華雙床房:HK$803', '豪華經典房:HK$803', '豪華園景大床房:HK$910', '豪華園景雙床房:HK$910', '舒適豪華經典房:HK$910']"
桔子酒店（佛山順德華僑城歡樂海岸PLUS店）,9.6,"['高級大床房:HK$378', '豪華大床房:HK$408', '高級雙床房:HK$457', '豪華雙床房:HK$528', '觀景大床房:HK$607']"
美致酒店（佛山順德美的總部店）,9.3,"['美致標準大床房（智能客控+小冰箱+零壓枕）:HK$326', '美致標準雙床房（智能客控+小冰箱+零壓枕）:HK$359', '美致豪華大床房（智能客控+小冰箱+電視投屏+零壓枕）:HK$381', '美致荷里活大床房（智能客控+小冰箱+零壓枕）:HK$381']"
佛山安喜曼酒店（創意產業園區店）,9.1,"['高級大床房:HK$244', '巨幕影音大床房【巨幕影院+沉浸式觀影】:HK$277', '巨幕影院雙人房【巨幕影院+沉浸式觀影】:HK$287', '舒適大床房:HK$318', '炫彩空間大床房【智能客控+智能馬桶+冰箱+65寸4K智能電視】:HK$370']"
佛山千燈湖君亭酒店,9.5,"['高級大床房:HK$413', '四季都市大床房:HK$425', '豪華大床房:HK$435', '豪華雙床房:HK$435', '概念大床房:HK$457']"
