酒店名称,评分,房型价格列表
全季酒店（儋州汽車站中興大街店）,9.5,"['大床房:HK$293', '高級雙床房:HK$312', '高級大床房:HK$312', '商務大床房:HK$359']"
景咖城市民宿（儋州海花島2號島）,8.6,"['園景大床房A級（廚房+冰箱+洗衣機）:HK$218', '初春踏青·雅棲園景LOFT大床房A級:HK$218', '海景大床房AA級:HK$241', '輕奢LOFT海景雙床房:HK$321']"
海南海花島希爾頓酒店,9.5,"['精選雅緻房:HK$575', '豪華大床房:HK$650', '豪華雙床房:HK$652', '超級飛俠酷芽太空主題親子房:HK$717', '巴啦啦小魔仙酷芽公主主題房:HK$717', '精選園景大床房:HK$769']"
永嘉大酒店（儋州夏日廣場店）,9.4,"['佳和家庭親子房（安靜舒適+大空間）:HK$272', '佳和大床房（視野廣闊+獨立衣帽間）:HK$272', '豪華大床房（獨立衣帽間+空間大+視野廣闊+乾濕分離）:HK$329', '豪華家庭親子房（安靜舒適+獨立衣帽間+空間大）:HK$329', '行政套房（超大浴缸+乾濕分離+視野廣闊）:HK$513']"
儋州蘭洋地質温泉酒店,8.8,"['精選氡泉雙床房:HK$314', '精選氡泉大床房:HK$314', '優選氡泉雙床房:HK$361', '優選氡泉大床房:HK$361', '臻選氡泉大床房:HK$509']"
海花島科拉克拉·CORA設計民宿,9.3,"['一克拉•法式海景投影房:HK$216', '三克拉•海景投影房:HK$216', '八克拉• 海景投影房:HK$271', '六克拉•海景投影房:HK$293']"
巴里島國際酒店（儋州汽車站夏日廣場店）,9.5,"['風雅丨舒適雙人房:HK$223', '風雅丨舒適大床房:HK$226', '臻選丨商務大床房（乾濕分離+舒適睡眠）:HK$247', '甄選丨商務雙人房（乾濕分離+舒適睡眠）:HK$247']"
儋州洋浦希爾頓花園酒店,9.4,"['花園城景大床房:HK$379', '花園城景雙床房:HK$379', '花園海景大床房:HK$426', '花園海景雙床房:HK$426', '花園家庭房:HK$596']"
森林客棧（儋州植物園熱科院海南大學店）,9.7,"['晨曦·花園雙標房:HK$282', '森林小調房:HK$296', '晨曦·花園大床房:HK$296', '豪華家庭房:HK$313']"
宜尚酒店（儋州夏日廣場商業街店）,9.6,"['宜馨大床房:HK$227', '宜悦大床房:HK$240', '宜品大床房（帶窗）:HK$284', '宜品雙床房（帶窗）:HK$300']"
維也納國際酒店（儋州鼎尚廣場店）,9.3,"['高級大床房:HK$271', '豪華大床房:HK$286', '商務大床房:HK$293', '商務雙床房:HK$293', '棋牌大床房:HK$304']"
花祺酒店（儋州夏日廣場汽車站店）,9.2,"['嗨致靜謐大床房（一次性面巾）:HK$124', '沉浸式觀影大床房（可投影+影院既視感+視頻會員）:HK$128', '嗨致靜謐雙床房（高低軟硬零壓枕+不透光窗簾）:HK$132', '悦致城景大床房:HK$133']"
希爾悦酒店（夏日廣場體育館店）,9.3,"['希雅特惠大床房（智能客控-小度睡眠燈光）:HK$197', '希爾商務智能大床房（智能客控-小度睡眠燈光）:HK$222', '希爾休閑智能大床房（小度語音）:HK$226', '希爾智能雙床房（小度語音電視）:HK$240']"
柏曼酒店（儋州那大夏日廣場店）,9.1,"['標準大床房·靜謐空間:HK$152', '高級大床房·靜謐空間:HK$160', '豪華大床房·靈動空間:HK$168', '豪華雙床房·靈動空間:HK$175']"
潤地國際酒店（儋州夏日廣場體育館店）,9.3,"['智選標準大床房-品質臻享:HK$227', '智選標準雙床房-品質臻享:HK$238', '高級智能大床房-智能語音:HK$249', '高級智能雙床房-智能燈光:HK$260', '豪華智能大床房-智能燈光:HK$271']"
海花島五國温泉別墅酒店,9.6,"['風情私湯單層別墅（I型單卧）:HK$1,479', '風情私湯單層別墅（I型雙卧）:HK$1,847', '親子私湯單層別墅（I型雙卧）:HK$2,126', '至尊私湯複式別墅（II型雙卧）:HK$2,405']"
麗棲·安縵酒店（儋州夏日廣場汽車總站店）,9.2,"['精選智能大床房（冷暖空調丨高低助眠枕頭）:HK$163', '精選智能雙床房:HK$174', '高級智能大床房（瀑布雨淋|夕陽河景）:HK$174', '豪華智能大床房（會客沙發|移動辦公桌）:HK$184']"
儋州麥客達温德姆酒店（夏日廣場店）,8.8,"['舒適大床房（一室一廳-零壓床墊-智能馬桶）:HK$233', '豪華雙床房（一室一廳-零壓床墊-智能馬桶-深睡眠）:HK$247', '豪華大床房（獨立客廳-觀夏日地標夜景-乾濕分離-舒適好眠）:HK$247', '城景大床房（尊享客廳-看璀璨夜景+酣暢睡眠）:HK$261']"
印象·江南別墅（儋州海花島3號島店）,9.1,"['三卧園景洋房:HK$913', '三卧海景洋房:HK$1,096', '四卧園景洋房:HK$1,096', '四卧海景複式洋房:HK$1,461']"
儋州佰麗海景酒店（洋浦店）,9.4,"['豪華大床房:HK$271', '豪華雙人房:HK$271', '行政雙標房:HK$391', '行政大床房:HK$391', '三人間套房:HK$424']"
曼居酒店（海南店）,9.3,"['曼選雙拼大床房:HK$232', '曼居雙床房:HK$244', '曼居大床房:HK$266', '曼享大床房:HK$287']"
如家精選酒店（儋州夏日廣場汽車總站店）,9.5,"['雙床房A（無窗）:HK$162', '特色大床房:HK$183', '雙床房:HK$205', '商務大床房:HK$205']"
花築·海花島江南里別墅,9.7,"['三房度假別墅（庭院）:HK$1,217', '四房度假別墅（庭院）:HK$1,704', '四房度假別墅（麻將機+庭院）:HK$1,825', '四房度假別墅（陽光房茶室+麻將機+庭院）:HK$1,947']"
儋州凱萊登酒店（白馬井店）,9.0,"['商務影視大床房[手機投影+巨幕影院+沉浸式視聽]:HK$113', '精緻大床房[零壓床墊]:HK$113', '舒適大床房[乳膠床墊+品質床品+舒適安逸]:HK$125', '商務雙床房[零壓床品+秒睡記憶枕+洗漱區三區分離]:HK$137']"
儋州福朋喜來登酒店,9.3,"['雅緻雙床房:HK$448', '雅緻大床房:HK$453', '高級雙床房:HK$504', '高級大床房:HK$509', '豪華雙床房:HK$547', '豪華大床房:HK$555']"
儋州洋浦美居酒店,9.7,"['標準大床房（65寸可投屏電視+絲漣床墊+智能馬桶）:HK$359', '高級大床房（65寸可投屏電視+絲漣床墊+智能馬桶）:HK$378', '城景雙床房（65寸可投屏電視+絲漣床墊+智能馬桶）:HK$387', '豪華景觀大床房（65寸可投屏電視+絲漣床墊+智能馬桶）:HK$387', '海景大床房（65寸可投屏電視+絲漣床墊+智能馬桶）:HK$397']"
儋耳追光驛站（環島旅遊公路店）,9.4,"['松濤小院·獨立庭院大床房:HK$281', '追光聽海·獨立庭院大床房:HK$304', '海韻鷺鳴·獨立庭院雙床房:HK$372', '松海之境獨棟別墅一層:HK$653', '松海之境獨棟別墅二層:HK$712']"
格美酒店（儋州夏日廣場店）,8.4,"['精選大床房:HK$105', '精選雙床房:HK$114', '麻將大床房:HK$133', '豪華大床房:HK$141', '豪華雙床房:HK$151']"
海花島·SANSU三時三宿全海景民宿,9.5,"['INS純白甜甜圈海景投影房:HK$189', '克萊因藍的日落全海景投影房:HK$208', '摩登Chanel風海景投影房:HK$216', 'INS韓系夏日暖陽海景投影房:HK$230']"
維也納酒店（儋州白馬井店）,9.4,"['高級大床房（舒適睡眠+智能客控）:HK$216', '標準大床房（暖光燈-無智能聲控-舒適睡眠+乾濕分離）:HK$216', '豪華大床房（視野廣闊+乾濕分離+智能客控）:HK$232', '豪華雙床房（視野廣闊+乾濕分離+智能客控）:HK$232']"
維也納國際酒店（儋州市政府福安大廈店）,9.3,"['浪漫大床房（舒適睡眠+智能客控）:HK$247', '商務大床房（舒適睡眠+採光通透+智能客控）:HK$289', '豪華雙床房（視野廣闊+舒適睡眠+智能客控）:HK$305', '豪華大床房（舒適睡眠+日出日落觀景房+智能客控）:HK$339']"
歐斯卡國際酒店（儋州汽車站店）,9.1,"['特惠·大床房:HK$137', '智能·優選大床房:HK$164', '智能·尊享大床房:HK$172', '智能·尊享雙床房:HK$175']"
桔子酒店（儋州夏日廣場西部醫院店）,8.6,"['小時光 | 榻榻米大床房（舒適睡眠+乾濕分離）:HK$183', '節奏丨輕享大床房（舒適睡眠）:HK$206', '滄海雙床房（舒適睡眠）:HK$213', '挪威森林家庭房（乾濕分離+大空間）:HK$229']"
儋州新天地酒店（夏日廣場店）,8.6,"['特惠雙床房:HK$232', '特惠大床房:HK$232', '温馨家庭房:HK$391', '別緻城景大床房:HK$436', '別緻城景雙床房:HK$436']"
全季酒店（儋州洋浦經濟開發區店）,9.6,"['大床房A:HK$327', '大床房:HK$346', '商務雙床房:HK$365', '高級大床房:HK$365']"
印象江南別墅酒店（儋州海花島2號島店）,9.0,"['新中式海景三卧公寓套房:HK$875', '新中式三卧觀景洋房:HK$984', '新中式四卧別墅-3號島:HK$1,968', '新中式五卧海景別墅-3號島:HK$2,624']"
海岸線海景民宿（儋州海花島店）,9.5,"['簡奢|特惠海景開間:HK$78', '水天一色|超級海景大床房:HK$96', '藍天|一線海景大開間:HK$107', '無敵|一室一廳海景套房（單床）:HK$118']"
儋州松濤書院民宿,9.0,"['雅緻大床房:HK$436', '雲舍山間木屋大床房:HK$436', '雲舍山間雙標木屋:HK$436', '園景大床房:HK$535']"
天藝博睿AI酒店（儋州市中心夏日廣場店）,9.2,"['景悦雙床房（180°觀景+辦公桌椅）:HK$232', '温馨大床房（賞歐式小鎮風光）:HK$243', '主題大床房（超大浴缸+慕思床墊+180°觀景）:HK$265', '市景雙床房（180°觀景+辦公桌椅）:HK$275']"
維也納國際酒店（儋州洋浦店）,9.2,"['豪華大床房（園景大陽台）:HK$253', '海景大床房（海景大陽台）:HK$261', '豪華雙床房（園景大陽台）:HK$279', '高級大床房（園景大陽台）:HK$281', '棋牌大床房（園景大陽台）:HK$287']"
興湖美辰酒店（儋州夏日廣場店）,9.4,"['辰曦大床房（智能客控-小度語音電視）:HK$198', '辰語大床房（智能客控-自動語音燈光）:HK$220', '辰秋大床房（智能客控-小度睡眠燈）:HK$248', '辰秋雙床房（智能自助洗衣機）:HK$248']"
儋州麗思鉑曼酒店（白馬井店）,9.0,"['高級大床房:HK$163', '高級雙床房:HK$174', '豪華大床房:HK$185', '豪華雙床房:HK$196']"
儋州洋浦灣海景花園酒店,9.1,"['標準雙床房:HK$238', '標準大床房:HK$238', '豪華雙標房:HK$293', '行政套房:HK$533']"
每好銀灘假日酒店,8.7,"['窗户觀景雙床房:HK$270', '窗户觀景大床房:HK$270', '陽台休閑雙床房:HK$304', '陽台休閑大床房:HK$304', '童趣親子主題房:HK$337']"
儋州暖庭酒店（白馬井店）,9.7,"['純凈大床房（0壓床品|記憶頭枕|酒店提供公區洗衣房）:HK$125', '純凈雙床房（0壓床品-秒睡記憶頭枕-洗護套裝）:HK$141', '高級大床房（0壓床品-記憶頭枕-星級布草）:HK$157']"
儋州漫谷禧悦酒店（白馬井店）,8.8,"['樂享 | 舒適雙床房（大空間+舒適睡眠）:HK$132', '樂享 | 舒適大床房（大空間+舒適睡眠）:HK$139', '尊享 | 豪華大床房（超大空間+舒適睡眠）:HK$173', '尊享 | 豪華雙床房（超大空間+乾濕分離）:HK$240']"
亦朵·海景民宿（儋州海花島店）,9.0,"['特惠迷你 I 海景開間:HK$82', '休閑陽台大床房丨園區景觀:HK$84', '海景大床房丨一線景觀、樓王觀海:HK$96', '高層海景露台大床房丨超美夜景、繁星燈光:HK$110']"
小鹿辰客酒店（儋州那大鎮夏日廣場店）,9.2,"['特惠大床房（優質高清影院+浪漫觀影+乾濕分離）:HK$209', '特惠影音雙床房（優質高清影院+景觀大窗+熱水）:HK$234', '温馨家庭影音房-盡享親子觀影時光:HK$255', '輕奢陽光影音大床房（熱水穩定+乾濕分離+空調冷暖）:HK$273']"
海島露水·Island Dew （儋州海花島店）,9.0,"['棲岸丨輕奢一室大床房:HK$161', '海韻丨Loft海景一室大床套房:HK$174', '晴風丨Loft海景一室雙床房:HK$189', '拾光丨Loft海景一室雙床套房:HK$189']"
嵐康海景大酒店,8.5,"['高級花園大床房:HK$185', '高級花園雙床房:HK$185', '悦享圓床房:HK$205', '高級海景雙床房:HK$205', '高級海景大床房:HK$205']"
