酒店名称,评分,房型价格列表
全季酒店（阿圖什店）,9.5,"['大床房（冰箱·65寸投屏電視·恆温馬桶·金可兒床墊）:HK$288', '高級大床房（冰箱·65寸投屏·恆温馬桶·金可兒床墊）:HK$335', '商務大床房（冰箱·65寸投屏·恆温馬桶·金可兒床墊）:HK$372', '高級雙床房（冰箱·65寸投屏·恆温馬桶·金可兒床墊）:HK$400']"
格林豪泰酒店（阿圖什克州體育中心香港城美食街店）,9.5,"['智能雙床房（全屋智能＋加濕器＋藝術博士睡眠床墊）:HK$268', '智能大床房（全屋智能＋加濕器＋藝術博士睡眠床墊）:HK$359', '商務高級大床房（小度智能客控＋可投屏＋加濕器）:HK$445', '商務高級雙床房（小度智能客控＋可投屏＋加濕器）:HK$445']"
阿圖什萬達美華酒店,9.5,"['高級大床房（金可兒床墊+Acca Kappa洗護+智能投屏）:HK$295', '豪華大床房（Acca Kappa洗護用品+金可兒床墊+智能投屏）:HK$348', '豪華雙床房（Acca Kappa洗護用品+金可兒床墊+智能投屏）:HK$348', '高級豪華雙床房（Acca Kappa洗護用品+小冰箱+智能投屏+智能馬桶）:HK$381', '豪華親子雙床房（親子主題+Acca Kappa洗護用品+金可兒床墊）:HK$392']"
漢庭酒店（阿圖什店）,9.4,"['大床房（65寸投屏電視·恆温馬桶·金可兒床墊羽絨被）:HK$254', '高級大床房（65寸投屏電視·恆温馬桶·金可兒床墊）:HK$300', '高級雙床房（65寸投屏電視·恆温馬桶·金可兒床墊）:HK$348', '商務雙床房（65寸投屏電視·恆温馬桶·金可兒床墊）:HK$385']"
克州帕米爾大酒店,9.5,"['特惠大床房:HK$388', '特惠雙床房:HK$388', '豪華雙床房:HK$603', '豪華大床房:HK$622', '行政套房:HK$816']"
橙芷·白沙湖,8.5,"['大床房:HK$618', '豪華雙床房:HK$829', '親子套房:HK$1,077', '豪華套房:HK$2,049']"
君享豪庭酒店,9.3,"['特惠大床房:HK$205', '商務大床房:HK$216', '商務雙床房:HK$216', '輕奢雙床房:HK$227']"
阿克陶縣帕米爾國際大酒店,8.7,"['標準雙床間:HK$249', '標準大床房:HK$249', '大床房:HK$267', '豪華大床房:HK$277']"
烏恰國際商務中心,8.5,"['商務標間:HK$194', '特惠行政標間:HK$249', '行政標間:HK$260', '商務單間:HK$293']"
熱巴的家,9.5,"['榻榻米公主房:HK$416', '標準雙床房:HK$431', '豪華大床房:HK$462', '豪華套房:HK$824']"
在雲端星空營地民宿（白沙湖店）,9.3,"['伴山觀景大床房（絕美湖景+製氧機）:HK$1,312', '沙海觀景大床房（絕美湖景+製氧機）:HK$1,877']"
愛帕度假酒店（白沙湖店）,7.9,"['標準大床房:HK$512', '標準雙床房:HK$512', '豪華標準間（電地暖）:HK$545', '景觀大床房（電地暖）:HK$545']"
楨中古城酒店（阿克陶古城遺址店）,10.0,"['舒適雙床房:HK$203', '大床房:HK$219', '湖景大床房:HK$259', '湖景雙床房:HK$281']"
御景雅居酒店,9.5,"['雅居大床房:HK$511', '雅居雙人間:HK$588', '豪華雙床房:HK$751']"
阿圖什浙東大酒店,9.5,"['高級雙床房:HK$322', '高級大床房:HK$322', '商務大床房:HK$332', '商務雙床房:HK$332', '景觀大床房:HK$393']"
西極鉑悦假日酒店,8.9,"['西極時光雙床房（智能語音管家+裸棉布草）:HK$572', '西極時光大床房（智能語音管家+裸棉布草）:HK$572', '西極霞光豪華大床房（智能語音管家+裸棉布草）:HK$620', '西極霞光豪華雙床房（智能語音管家+裸棉布草）:HK$629']"
IU酒店（阿克陶店）,9.5,"['小U·舒適大床房:HK$178', '小U·舒適雙床房:HK$179', 'U+零壓大床房:HK$203', 'U+零壓雙床房:HK$212']"
美豪麗致酒店（烏恰人民廣場店）,9.1,"['麗致山景雙床房:HK$344', '麗致山景大床房:HK$351', '雅緻山景大床房:HK$411', '靜雅山景雙床房:HK$450', '雅緻山景雙床房:HK$459']"
騎仕國際酒店,8.6,"['特價房:HK$217', '豪華大床房:HK$257', '尊享大床房:HK$257', '豪華雙床房:HK$257']"
烏恰清源酒店,8.9,"['特惠標準間:HK$273', '標準雙床房:HK$307', '標準大床房:HK$307', '標準三人間:HK$385']"
速8精選酒店（阿克陶店）,8.9,"['標準大床房:HK$242', '標準雙床房:HK$263', '商務大床房:HK$263', '高級雙床房:HK$273']"
億森酒店,8.2,"['特惠單人房:HK$250', '標準雙床房:HK$285', '舒適大床房:HK$285', '雅緻大床房:HK$320']"
蘇格慕麗酒店,8.3,"['大床房:HK$232', '標準雙床房:HK$242', '三人間:HK$271']"
阿克陶川西客棧,8.2,"['單人間:HK$151', '標準大床房:HK$158', '普通標間:HK$166', '舒適標間:HK$182']"
愛帕民宿（白沙湖店）,9.0,"['湖棲別院一室一廳圓床房（全屋地暖）:HK$1,308', '湖棲別院雙床房（全屋地暖）:HK$1,308', '別墅一室一廳圓床庭院房（全屋地暖+製氧機+加濕器）:HK$1,418', '別墅庭院雙床房（全屋地暖+製氧機+加濕器）:HK$1,418', '別墅兩室一廳庭院套房（全屋地暖+製氧機+加濕器）:HK$2,291']"
慕雲營地（喀拉庫勒湖店）,10.0,"['息羽靜謐雙床房+製氧機:HK$1,671', '棲雲九別雙床房+絕美山景+製氧機:HK$2,108', '慕峯靜謐大床房+絕美山景+製氧機:HK$2,108', '慕峯湖景大床房+絕美山景湖景+製氧機:HK$2,545']"
遇見慕士塔格公路酒店,9.6,"['望山·棲谷大床房「Lelabo洗護+智能馬桶」:HK$1,774', '山谷套房|彌散式製氧設備+金可兒床墊+大赫電地暖:HK$1,980', '雪山湖景大床房|彌散式製氧+金可兒床墊+大赫電地暖:HK$1,996', '閲湖·覽峯雙床房「大赫電地暖+雪域盛景」:HK$2,108', '慕山·星谷親子套房「温馨舒適+夜觀星河」:HK$2,451', '雪山湖景家庭房|彌散式製氧設備+金可兒床墊+大赫電地暖:HK$2,662']"
喀拉庫勒湖不周山營地公園,9.6,"['慕峯湖景大床房（絕美雪山+製氧機）:HK$1,835', '雪山湖景大床房（絕美雪山＋製氧機）:HK$2,054', '雪山湖景雙床房（絕美景觀＋製氧機）:HK$2,054', '星空觀景套房（完美景色+製氧機）:HK$3,146']"
木吉千家牧家樂民宿,7.6,['標準雙床房:HK$340']
塔爾鄉東歸驛站（杏花谷遊客中心店）,8.0,"['三人間（無獨立衞生間）:HK$435', '大床房:HK$467', '標準雙床房:HK$467', '商務套房:HK$743']"
葱嶺山居民宿,8.8,"['青旅-高級雙人間（公共衞浴）:HK$255', '塔吉克幾何民宿-玉樓小築:HK$589', '塔吉克幾何房-杏花煙雨:HK$589', '塔吉克幾何房-山迴路轉:HK$589']"
阿合奇縣鑫鏵陽商務賓館,8.3,"['經濟雙人間:HK$113', '悦享標間:HK$165', '兄弟聯排雙人間:HK$204', '優享商務雙人間:HK$238']"
杏味民宿館,9.5,"['標準雙床間:HK$201', '標準四人間:HK$419']"
塔爾花兒永遠都這樣紅農家旅館,9.5,"['雙人間（公共洗手間）:HK$217', '大床房:HK$242', '家庭房（公共洗手間）:HK$806']"
阿圖什亞星大酒店,8.6,[]
