酒店名称,评分,房型价格列表
克州國際大酒店（克孜勒蘇柯爾克孜自治州博物館店）,9.8,"['優享大床房:HK$353', '尊享大床房:HK$382', '尊享雙床房:HK$410', '舒心大床房:HK$438', '舒心雙床房:HK$467']"
阿圖什萬達美華酒店,9.5,"['高級大床房（金可兒床墊+Acca Kappa洗護+智能投屏）:HK$295', '豪華大床房（Acca Kappa洗護用品+金可兒床墊+智能投屏）:HK$348', '豪華雙床房（Acca Kappa洗護用品+金可兒床墊+智能投屏）:HK$348', '高級豪華雙床房（Acca Kappa洗護用品+小冰箱+智能投屏+智能馬桶）:HK$381', '豪華親子雙床房（親子主題+Acca Kappa洗護用品+金可兒床墊）:HK$392']"
喀拉庫勒湖不周山營地公園,9.6,"['慕峯湖景大床房（絕美雪山+製氧機）:HK$1,833', '雪山湖景大床房（絕美雪山＋製氧機）:HK$2,051', '雪山湖景雙床房（絕美景觀＋製氧機）:HK$2,051', '星空觀景套房（完美景色+製氧機）:HK$3,143']"
在雲端星空營地民宿（白沙湖店）,9.3,"['伴山觀景大床房（絕美湖景+製氧機）:HK$1,310', '沙海觀景大床房（絕美湖景+製氧機）:HK$1,875', '泊岸觀景家庭房（絕美湖景+製氧機）:HK$2,260']"
慕雲營地（喀拉庫勒湖店）,10.0,"['息羽靜謐雙床房+製氧機:HK$1,200', '棲雲九別雙床房+絕美山景+製氧機:HK$2,073', '慕峯靜謐大床房+絕美山景+製氧機:HK$2,073', '慕峯湖景大床房+絕美山景湖景+製氧機:HK$2,510']"
美豪麗致酒店（烏恰人民廣場店）,9.1,"['麗致山景雙床房:HK$344', '麗致山景大床房:HK$369', '雅緻山景大床房:HK$411', '靜雅山景雙床房:HK$450', '雅緻山景雙床房:HK$459']"
阿圖什逸居酒店,9.7,"['逸棲風雅丨內景雙床房:HK$212', '逸棲風雅丨內景大床房:HK$221', '逸風古韻丨內景維風大床房:HK$253', '逸風古韻丨內景維風雙床房:HK$253']"
全季酒店（阿圖什店）,9.5,"['大床房（冰箱·65寸投屏電視·恆温馬桶·金可兒床墊）:HK$288', '高級大床房（冰箱·65寸投屏·恆温馬桶·金可兒床墊）:HK$335', '商務大床房（冰箱·65寸投屏·恆温馬桶·金可兒床墊）:HK$372', '高級雙床房（冰箱·65寸投屏·恆温馬桶·金可兒床墊）:HK$400']"
克州帕米爾大酒店,9.5,"['特惠大床房:HK$388', '特惠雙床房:HK$388', '豪華雙床房:HK$603', '豪華大床房:HK$621', '行政套房:HK$815']"
格林豪泰酒店（阿圖什香港城美食街店）,9.5,"['智能雙床房（全屋智能＋加濕器＋藝術博士睡眠床墊）:HK$257', '智能大床房（全屋智能＋加濕器＋藝術博士睡眠床墊）:HK$352', '商務高級大床房（小度智能客控＋可投屏＋加濕器）:HK$426', '商務高級雙床房（小度智能客控＋可投屏＋加濕器）:HK$426']"
阿克陶縣帕米爾國際大酒店,8.9,"['標準雙床間:HK$249', '標準大床房:HK$249', '大床房:HK$267', '豪華大床房:HK$276']"
君享豪庭酒店,9.3,"['特惠大床房:HK$205', '商務大床房:HK$216', '商務雙床房:HK$216', '輕奢雙床房:HK$227']"
楨中古城酒店（阿克陶古城遺址店）,10.0,"['舒適雙床房:HK$203', '大床房:HK$218', '湖景雙床房:HK$234', '湖景大床房:HK$259']"
遇見慕士塔格公路酒店,9.6,"['山谷大床房|彌散式製氧設備+金可兒床墊+大赫電地暖:HK$1,205', '雪山湖景雙床房|彌散式製氧設備+金可兒床墊+大赫電地暖:HK$1,947', '雪山湖景大床房|彌散式製氧+金可兒床墊+大赫電地暖:HK$2,132', '山谷套房|彌散式製氧設備+金可兒床墊+大赫電地暖:HK$2,585', '雪山湖景家庭房|彌散式製氧設備+金可兒床墊+大赫電地暖:HK$2,956', '親子山谷套房|彌散式製氧設備+金可兒床墊+大赫電地暖:HK$3,049']"
熱巴的家,9.5,"['榻榻米公主房:HK$415', '標準雙床房:HK$430', '豪華大床房:HK$462', '豪華套房:HK$823']"
橙芷·白沙湖,8.8,"['大床房:HK$618', '豪華雙床房:HK$828', '親子套房:HK$1,076', '豪華套房:HK$2,047']"
漢庭酒店（阿圖什店）,9.4,"['大床房（65寸投屏電視·恆温馬桶·金可兒床墊羽絨被）:HK$251', '高級大床房（65寸投屏電視·恆温馬桶·金可兒床墊）:HK$297', '高級雙床房（65寸投屏電視·恆温馬桶·金可兒床墊）:HK$344', '商務雙床房（65寸投屏電視·恆温馬桶·金可兒床墊）:HK$381']"
烏恰國際商務中心,8.5,"['商務標間:HK$194', '行政標間:HK$260', '商務單間:HK$292', '行政套房:HK$633']"
騎仕國際酒店,8.6,"['特價房:HK$217', '豪華大床房:HK$257', '尊享大床房:HK$257', '豪華雙床房:HK$257']"
烏恰清源酒店,8.9,"['特惠標準間:HK$273', '標準雙床房:HK$307', '標準大床房:HK$307', '標準三人間:HK$385']"
愛帕度假酒店（白沙湖店）,7.9,"['標準大床房:HK$512', '標準雙床房:HK$512', '豪華標準間（電地暖）:HK$544', '景觀大床房（電地暖）:HK$544']"
IU酒店（阿克陶店）,9.5,"['小U·舒適大床房:HK$194', '小U·舒適雙床房:HK$195', 'U+零壓大床房:HK$221', 'U+零壓雙床房:HK$231']"
速8精選酒店（阿克陶店）,8.9,"['標準大床房:HK$242', '標準雙床房:HK$263', '商務大床房:HK$263', '高級雙床房:HK$273']"
御景雅居酒店,9.5,"['雅居大床房:HK$511', '雅居雙人間:HK$587', '豪華雙床房:HK$751']"
蘇格慕麗酒店,8.2,"['大床房:HK$231', '標準雙床房:HK$242', '三人間:HK$271']"
阿合奇縣賓館,8.5,"['標準大床房:HK$372', '標準雙床房:HK$372', '套房:HK$488']"
木吉千家牧家樂民宿,7.6,['標準雙床房:HK$319']
西極鉑悦假日酒店,8.9,"['西極時光雙床房（智能語音管家+裸棉布草）:HK$572', '西極時光大床房（智能語音管家+裸棉布草）:HK$572', '西極霞光豪華大床房（智能語音管家+裸棉布草）:HK$620', '西極霞光豪華雙床房（智能語音管家+裸棉布草）:HK$628']"
阿克陶川西客棧,8.2,"['單人間:HK$151', '標準大床房:HK$158', '普通標間:HK$166', '舒適標間:HK$182']"
億森酒店,8.2,"['特惠單人房:HK$250', '標準雙床房:HK$285', '舒適大床房:HK$285', '雅緻大床房:HK$320']"
塔爾鄉東歸驛站（杏花谷遊客中心店）,8.0,"['三人間（無獨立衞生間）:HK$434', '大床房:HK$524', '標準雙床房:HK$524', '商務套房:HK$742']"
葱嶺山居民宿,8.8,"['青旅-高級雙人間（公共衞浴）:HK$254', '塔吉克幾何民宿-玉樓小築:HK$588', '塔吉克幾何房-杏花煙雨:HK$588', '塔吉克幾何房-山迴路轉:HK$588']"
阿合奇縣鑫鏵陽商務賓館,8.3,"['經濟雙人間:HK$113', '悦享標間:HK$165', '兄弟聯排雙人間:HK$204', '優享商務雙人間:HK$238']"
塔爾花兒永遠都這樣紅農家旅館,9.5,"['雙人間（公共洗手間）:HK$217', '大床房:HK$242', '家庭房（公共洗手間）:HK$805']"
阿圖什亞星大酒店,8.6,[]
全季酒店（喀什徠寧機場自由貿易試驗區店）,9.5,"['高級大床房（智能客控+冰箱）:HK$335', '高級雙床房（智能客控+冰箱）:HK$372', '商務大床房（智能客控+冰箱）:HK$391', '商務雙床房（智能客控+冰箱）:HK$428']"
全季酒店（喀什徠寧機場店）,9.7,"['大床房（金可兒床墊+茶空間+智能客控）:HK$288', '高級大床房（金可兒床墊+茶空間+智能客控）:HK$325', '高級雙床房（金可兒床墊+茶空間+智能客控）:HK$325', '商務雙床房（金可兒床墊+茶空間+智能客控）:HK$363']"
東方酒店（喀什機場迎賓大道店）,9.3,"['智能大床房:HK$351', '智能雙床房:HK$415', '東方大床房:HK$443', '東方高級雙床房:HK$466', '東方高級大床房:HK$469']"
喀什HIYO喜域天台花園民宿,9.6,"['花園大床房（零壓床墊+智能馬桶+獨立空調+地暖）:HK$399', '喜域大床房（零壓床墊+智能馬桶+地暖）:HK$399', '花園榻榻米房（零壓床墊+智能馬桶+獨立空調+地暖）:HK$430', '花園雙床房（零壓床墊+智能馬桶+獨立空調+地暖）:HK$476']"
棲香園民宿館（喀什香妃園景區店）,9.8,"['高級大床房:HK$469', '高級雙床房:HK$502', '豪華大床房:HK$502', '豪華雙床房:HK$535']"
喀什徠寧國際機場亞朵酒店,9.9,"['高級大床房（電視投屏+加濕器+半智能馬桶）:HK$573', '高級雙床房（電視投屏+加濕器+半智能馬桶）:HK$633', '幾木大床房（電視投屏+加濕器+小冰箱+半智能馬桶）:HK$633', '幾木雙床房（電視投屏+加濕器+小冰箱+半智能馬桶）:HK$703', '幾木親子房（電視投屏+加濕器+小冰箱+半智能馬桶）:HK$803']"
漢庭酒店（喀什古城迎賓大道店）,9.8,"['大床房[喜臨門床墊+護頸記憶枕+智能馬桶]:HK$319', '高級大床房[喜臨門床墊+護頸記憶枕+智能馬桶]:HK$348', '高級雙床房[喜臨門床墊+護頸記憶枕+智能馬桶]:HK$348', '家庭房[喜臨門床墊+護頸記憶枕+智能馬桶]:HK$385']"
格林豪泰酒店（喀什機場店）,9.4,"['商務大床房:HK$208', '商務高級大床房:HK$218', '商務雙床房:HK$227', '商務高級雙床房:HK$237']"
疆徠民宿（喀什博物館店）,9.6,"['且末·雅居大床房（投影儀+公共衞浴）:HK$483', '墨山·榻榻米房（投影儀+公共衞浴）:HK$489', '依耐·臻品大床房（投影儀+公共衞浴）:HK$544', '烏壘·靜雅大床房（投影儀+公共衞浴）:HK$544']"
維也納酒店（喀什徠寧國際機場店）,9.9,"['高級大床房:HK$321', '豪華大床房:HK$396', '豪華雙床房:HK$432', '商務大床房:HK$457']"
拾光牧歌民宿（喀什博物館店）,9.7,"['西域小鎮丨精品大床房（極米投影儀+哈曼卡頓音響+電動投影布）:HK$323', '塔里木丨精品雙床房（極米投影儀+哈曼卡頓音響+電動投影布）:HK$664', '慕士塔格丨精品大床房（極米投影儀+哈曼卡頓音響+電動投影布）:HK$664', '喀什噶爾丨精品雙床房（極米投影儀+哈曼卡頓音響+電動投影布）:HK$664']"
悦客之家民宿（喀什香妃園景區店）,9.9,"['悦客豪華大床房:HK$240', '悦客特色大床房:HK$268', '悦客豪華雙床房:HK$282', '悦客特色雙床房:HK$325']"
速8精選酒店（騎仕大觀園喀什徠寧國際機場店）,9.5,"['標準大床房:HK$194', '標準雙床房（智能窗簾+優質採光+品質床墊）:HK$194', '商務大床房（智能窗簾+優質採光+品質床墊）:HK$216', '商務雙人房（智能窗簾+優質採光+品質床墊）:HK$216']"
喀什大學新泉校區亞朵X酒店,10.0,"['高級大床房:HK$295', '行政大床房:HK$360', '行政雙床房:HK$369', '幾木雙床房:HK$385', '幾木大床房:HK$388']"
麗楓酒店（喀什火炬大廈小亞郎濕地公園店）,9.4,"['私密||雅緻大床房:HK$259', '純凈||自然雙床房:HK$281', '甄選||景觀家庭房:HK$324', '相愛||豪華大床房:HK$740']"
阿圖什浙東大酒店,9.5,"['高級雙床房:HK$251', '高級大床房:HK$251', '商務大床房:HK$294', '商務雙床房:HK$294', '景觀大床房:HK$359']"
杏味民宿館,9.5,"['標準雙床間:HK$201', '標準四人間:HK$420']"
海友酒店（喀什火車站店）,9.6,"['高級大床房可投屏:HK$260', '商務大床房可投屏:HK$288', '高級雙床房可投屏:HK$316', '家庭房.可投屏:HK$354']"
柏曼酒店（喀什華凌國際綜合市場店）,9.6,"['智控高級大床房:HK$246', '智控豪華大床房:HK$456', '智控高級雙床房:HK$463', '智控影院大床房:HK$478', '智控豪華雙床房:HK$492']"
愛帕民宿（白沙湖店）,9.0,"['湖棲別院一室一廳圓床房（全屋地暖）:HK$1,310', '湖棲別院雙床房（全屋地暖）:HK$1,310', '別墅一室一廳圓床庭院房（全屋地暖+製氧機+加濕器）:HK$1,419', '別墅庭院雙床房（全屋地暖+製氧機+加濕器）:HK$1,419', '別墅兩室一廳庭院套房（全屋地暖+製氧機+加濕器）:HK$2,294']"
格林豪泰酒店（阿圖什克州體育中心香港城美食街店）,9.5,"['智能雙床房（全屋智能＋加濕器＋藝術博士睡眠床墊）:HK$268', '智能大床房（全屋智能＋加濕器＋藝術博士睡眠床墊）:HK$368', '商務高級大床房（小度智能客控＋可投屏＋加濕器）:HK$445', '商務高級雙床房（小度智能客控＋可投屏＋加濕器）:HK$445']"
三意合招待所,6.2,[]
喀什大隱藝術影音酒店,9.7,"['豪華雙床房（全屋智能）:HK$241', '高級智能大床房（巨幕影院+觀影好）:HK$250', '輕享智能大床房（巨幕影院+觀影好）:HK$250', '精選大床房（全屋智能+觀景）:HK$250']"
喀什邱歌民宿,9.6,"['舒適大床房:HK$376', '高級標間:HK$460', '豪華大床房:HK$484', '寵物友好套房:HK$496']"
亞朵酒店（火炬大廈小亞郎濕地公園店）,9.2,"['雅緻大床房:HK$419', '行政大床房:HK$507', '幾木大床房:HK$534', '高級大床房:HK$583', '幾木影視大床:HK$588']"
喀什印象古巷民宿,9.8,"['古巷特惠大床房:HK$163', '古巷雙床房:HK$195', '古巷高級大床房:HK$217', '古巷家庭房:HK$271']"
喀什美華酒店（火炬大廈店）,9.6,"['觀景大床房（全屋智控+全景落地窗）:HK$574', '高級大床房:HK$597', '高級雙床房:HK$625', '商務雙床房:HK$625', '行政大床房:HK$640']"
喀什天緣國際酒店,9.2,"['豪華雙人間:HK$872', '商務套房:HK$1,509', '豪華套房:HK$1,950']"
歌珊美宿民宿（喀什古城店）,9.4,"['民族風精緻標間:HK$260', '民族風高級大標間:HK$277', '民族風豪華大標間:HK$312', '民族風豪華家庭套房:HK$418']"
蘭亭輕奢酒店（喀什博物館店）,9.0,"['優選特惠房（零壓床）:HK$270', '輕奢大床房（零壓床+智能客控）:HK$299', '舒雅雙床房（零壓床+智能客控）:HK$312', '雅緻家庭房（零壓床+智能客控）:HK$394']"
雲尚柏庭酒店（喀什徠寧機場店）,9.2,"['雲夢大床房:HK$205', '雲享大床房:HK$216', '雲端雙床房:HK$216', '雲錦雙床房:HK$216']"
