酒店名称,评分,房型价格列表
漢庭酒店（六安城南鎮政府店）,9.8,"['大床房:HK$215', '商務雙床房:HK$215', '商務大床房:HK$233']"
六安聆心谷温泉度假酒店,9.4,"['聆心大床房:HK$568', '聆心雙床房:HK$568', '高級山景雙床房:HK$612', '豪華園景大床房:HK$678', '豪華園景雙床房:HK$678', '山景温泉別墅:HK$973']"
麗鉑輕居酒店（六安市政務中心店）,9.5,"['行政商務大床房（全屋智能）:HK$293', '行政商務雙床房（全屋智能）:HK$305', '行政零壓家庭房（全屋智能）:HK$315', '百寸巨幕影院大床房（全屋智能）:HK$315', '180度觀景浴缸大床房（全屋智能）:HK$369']"
柏曼酒店（六安文滙店）,9.5,"['標準大床房:HK$180', '標準雙床房:HK$219', '豪華大床房:HK$229', '家庭房:HK$300']"
舒城一杭國際大酒店,9.5,"['商務大床房:HK$245', '商務雙床房:HK$267', '豪華大床房:HK$282', '豪華雙床房:HK$304', '行政大床房:HK$317']"
六安南湖白鷺園酒店,9.6,"['園景大床房:HK$475', '園景標準房:HK$475', '逸景標準間:HK$566', '逸景大床房:HK$585', '豪華景觀標準房:HK$633', '豪華景觀大床房:HK$662']"
漢庭酒店（六安新都會環球廣場店）,9.6,"['大床房:HK$224', '商務雙床房:HK$224', '高級大床房:HK$233', '商務大床房:HK$243']"
安徽建工新時代大酒店（六安火車站政務中心店）,9.4,"['高級標準間:HK$263', '高級大床間:HK$263', '豪華大床間:HK$309', '行政大床間:HK$312', '行政標準間:HK$329']"
維也納3好酒店（六安萬達銀泰店）,9.6,"['高級大床房:HK$182', '高級雙床房:HK$192', '豪華大床房:HK$201', '豪華雙床房:HK$211']"
漢庭酒店（六安八公山路萬達廣場店）,9.5,"['高級雙床房:HK$246', '高級大床房:HK$255', '商務大床房:HK$266']"
格林東方酒店（金寨蓮花山路店）,9.4,"['東方高級雙床房:HK$212', '東方高級大床房:HK$235', '東方雙床房:HK$240', '豪華大床房:HK$246']"
六安晟誠開元名庭酒店,9.6,"['名成高級雙床房:HK$367', '名成高級大床房:HK$379', '名成豪華雙床房:HK$391', '名成豪華河景大床房-一線河景-唯美夜景:HK$402', '名成豪華行政大床房-超大浴缸-唯美夜景:HK$448']"
六安環月萬乘國際酒店,9.4,"['特惠標準間:HK$247', '特惠大床房:HK$247', '觀景標間:HK$261', '觀景單間:HK$261']"
六安索伊國際大酒店,9.3,"['豪華雙床房:HK$371', '景觀雙床房:HK$380', '豪華大床房:HK$397', '君瀾豪華大床房:HK$412', '景觀大床房:HK$423', '家庭豪華大床客房:HK$443']"
六安皖西賓館,9.6,"['城景雙床房:HK$326', '城景高級雙床房:HK$338', '城景高級大床房:HK$370', '城景豪華雙床房:HK$383', '城景豪華大床房:HK$417', '豪華景觀圓床房:HK$426']"
六安都市風景花園賓館,9.5,"['特惠雙床房:HK$216', '商務標準間:HK$230', '商務大床房:HK$230', '豪華雙床房:HK$240']"
舒城未一酒店,9.8,"['智能樂享大床房:HK$228', '臻選雅緻雙床房:HK$272', '臻選雅緻大床房:HK$272', '負離子靜雅雙床房:HK$305']"
你好酒店（六安皋街店）,9.8,"['大床房:HK$177', '高級大床房:HK$187', '高級雙床房:HK$196', '景觀大床房:HK$205']"
全季酒店（六安市政府政務中心店）,9.7,"['雙床房:HK$362', '大床房:HK$372', '高級雙床房:HK$391', '高級大床房:HK$402']"
92·柒心海棠酒店（金寨大別山玉博園店）,9.7,"['花語輕奢雙床房|護髮高速吹風機·愜意辦公:HK$192', '花語輕奢大床房| 潔凈舒適·助眠床墊·衣櫃衣架:HK$198', '柒心影院雙床房|120寸巨幕VIP·可投屏·縱觀外景:HK$204', '海棠物語雙床房|全景落地窗·乾濕分離:HK$209', '海棠物語大床房|全景飄窗·陽光通透:HK$214']"
六安西晟開元名庭酒店,9.7,"['名成高級雙床房-大落地窗-全屋智能:HK$337', '名成高級大床房-大落地窗-全屋智能:HK$337', '名成豪華雙床房-大落地窗-全屋智能-璀璨夜景:HK$380', '名成豪華大床房-大落地窗-全屋智能-璀璨夜景:HK$380', '名成行政大床房-高空璀璨夜景-全屋智能:HK$446']"
金寨鴻福花園粵海酒店,9.4,"['標準大床房（無窗）:HK$288', '標準雙床房（無窗）:HK$288', '豪華標準間:HK$320', '豪華單間:HK$320', '行政單間:HK$409']"
海友酒店（六安金安區萬達廣場店）,9.5,"['大床房:HK$159', '高級大床房:HK$167', '雙床房:HK$176', '家庭房:HK$186']"
六安葉集區城投商務中心酒店,8.8,"['杉語聽瀾大床房丨浴缸丨電視投屏丨乾濕分離丨充電線頭:HK$209', '杉語聽瀾雙床房丨酒店公區提供洗衣房丨雨傘丨體重秤:HK$219', '雲棲別院套房丨電視投屏丨乾濕分離丨浴缸丨浴袍:HK$366', '棲梧臻境套房丨浴缸丨電視投屏丨乾濕分離丨智能馬桶:HK$482']"
漢庭酒店（六安裕安區萬達廣場店）,9.6,"['高級大床房:HK$215', '高級雙床房:HK$224', '商務大床房:HK$233', '商務雙床房:HK$243']"
全季酒店（六安紅街步行街店）,9.2,"['豪華雙床房:HK$345', '高級大床房:HK$365', '家庭房:HK$374', '豪華大床房:HK$385']"
奧斯汀酒店（六安高鐵南站店）,9.1,"['優選·智影大床房:HK$260', '優選·智影雙床房:HK$260', '氧吧·智影大床房:HK$277', '氧吧·智影雙床房:HK$277']"
霍山迎駕金陵大酒店,9.1,"['輕奢大床房:HK$512', '輕奢雙床房:HK$523', '雅緻大床房:HK$566', '雅緻雙床房:HK$577', '河畔大床房:HK$621', '河畔雙床房:HK$632']"
莫泰酒店（六安皖西路紅街步行街店）,9.2,"['雙床房A:HK$138', '大床房A:HK$138', '大床房:HK$155', '商務大床房:HK$164']"
你好酒店（六安國際汽車城店）,9.9,"['高級大床房:HK$207', '商務大床房:HK$218', '商務雙床房:HK$227', '家庭房:HK$236']"
天堂寨月夏山居庭院民宿,9.8,"['月半·標間:HK$305', '月竹·大床房:HK$370', '月清·大床房:HK$398', '半夏·大床房:HK$398']"
法姬娜大酒店（霍邱汽車站店）,9.5,"['行政雙床房:HK$269', '高級大床房:HK$291', '豪華雙床房:HK$305', '豪華大床房:HK$337', '行政套房:HK$476']"
六安茶閲夜酒店,9.1,"['茶閲雅緻雙床房（全屋智能）:HK$261', '療愈養生大床房（全屋智能浴足）:HK$293', '馥郁行政大床房（全屋智能浴缸）:HK$402', '清歡庭院景觀房（全屋智能浴缸）:HK$402', '馥郁休閑套房（全屋智能浴缸）:HK$589']"
楓雅酒店（六安浙東商貿城店）,9.2,"['軒逸大床房:HK$123', '軒逸雙床房（足浴桶）:HK$123', '輕雅大床房（足浴桶）:HK$139', '公主大床房（足浴桶）:HK$139']"
全季酒店（六安霍邱萬達廣場店）,9.7,"['高級大床房:HK$290', '高級雙床房:HK$290', '商務大床房:HK$327']"
金寨華安國際假日酒店,9.2,"['高級雙床房:HK$321', '高級大床房:HK$321', '豪華園景雙床房:HK$344', '豪華園景大床房:HK$344', '豪華山景大床房:HK$369']"
金寨國際酒店,9.5,"['金韻大床房:HK$321', '金尊雙床房:HK$350', '金尊大床房:HK$370', '景觀套房:HK$545', '臻品連通家庭房:HK$761']"
萬乘·皓彩大酒店（六安霍山店）,9.4,"['躍動·霓虹大床房丨金可兒床墊丨肯特吹風機丨有線快充:HK$241', '悦動·霓虹雙床房丨多線頭快充丨乾濕分離丨刮鬍刀:HK$241', '筒索萬境套房丨刮鬍刀丨乾濕分離丨多線頭快充丨雨傘:HK$347', '滑梯童趣屋丨巨幕投影丨電動窗簾丨乾濕分離丨有線快充:HK$410']"
艾希電競酒店（海心沙店）,9.9,"['精選電競大床房:HK$275', '精選電競雙床房:HK$275', '精品電競雙床房:HK$310', '精品電競大床房:HK$310']"
92漫步雲景酒店（金寨金粵大廈店）,9.5,"['漫語温馨丨大床房丨親膚床品·中央空調:HK$191', '漫語温馨丨雙床房丨乾濕分離·舒心夜眠:HK$193', '漫選城景丨雙床房丨商務桌椅·潔凈舒適:HK$195', '漫選城景丨大床房丨窗外好景·助眠床墊:HK$212']"
漢庭酒店（六安皖西大道國際汽車城店）,9.8,"['雙床房:HK$177', '大床房:HK$196', '高級大床房:HK$215', '高級雙床房:HK$226']"
漢庭酒店（霍山迎賓大道店）,9.6,"['商務雙床房:HK$243', '商務大床房:HK$254', '家庭房:HK$263']"
漢庭酒店（六安金安區行政中心北區店）,9.8,"['大床房:HK$196', '高級雙床房:HK$196', '高級大床房:HK$205']"
維也納國際酒店（六安百盛東金城店）,9.3,"['豪華大床房:HK$212', '豪華雙床房:HK$212', '棋牌雙人房:HK$299', '家庭房:HK$306']"
六安萬乘·和諧園酒店（六安市政府店）,9.2,"['舒適大床房:HK$236', '豪華大床房:HK$403', '行政套房:HK$606']"
維也納酒店（六安火車站政務中心店）,9.5,"['城景雙床房:HK$239', '豪華雙床房:HK$261', '豪華大床房:HK$283', '商務雙床房:HK$305']"
尚品智慧酒店（六安銀泰萬達店）,9.2,"['智能標準大床房（羽絨被芯+零壓床墊）:HK$204', '智能標準雙床房（羽絨被芯+零壓床墊）:HK$211', '智能高級大床房（羽絨被芯+零壓床墊）:HK$219', '智能高級雙床房（羽絨被芯+零壓床墊）:HK$226']"
六安永泰酒店,8.6,"['高級大床房:HK$175', '高級雙床房:HK$181', '商務大床房:HK$194', '豪華大床房:HK$229']"
韻庭酒店（六安政務中心山水奧萊星河店）,9.8,"['智景｜悠享標間65寸電視+羽絨被芯+夢百合零壓床墊:HK$249', '雲智｜闊景套房+智能客控+羽絨被芯+夢百合零壓床墊:HK$385']"
六安銀杏葉精選酒店（萬達廣場店）,9.6,"['商務暢享雙床房（零壓床墊·緩解疲勞+空氣凈化）:HK$209', '精選大床房（温柔舒睡·享好夢+空氣凈化）:HK$221', '精英尊享雙床房（零壓床墊·健康護脊+空氣凈化）:HK$221', '浪漫臻選房（私享浴缸·街景+空氣凈化）:HK$239']"
六安新錦成開元名都酒店,9.6,"['開元市景雙床房:HK$350', '開元市景大床房:HK$370', '豪華市景雙床房:HK$391', '開元尊享大床房:HK$395', '豪華市景大床房:HK$411', '行政市景大床房:HK$472']"
六安曙光鉑尊酒店,9.5,"['豪華園景大床房:HK$357', '豪華湖景雙床房:HK$374', '豪華湖景大床房:HK$414', '湖景巨幕影音大床房:HK$453', '行政湖景大床房:HK$492', '雅緻園景大床房:HK$542']"
瑞安豪泰酒店（六安建業店）,9.1,"['雙床房:HK$110', '家庭房:HK$119', '高級大床房:HK$119', '高級雙床房:HK$119']"
金寨飯店,9.7,"['豪華雙床房:HK$397', '高級大床房:HK$398', '豪華大床房:HK$425', '豪華景觀大床房:HK$473', '豪華樂享大床房:HK$473', '豪華全景大床房:HK$500']"
六安藍溪花園度假酒店,9.0,"['觀景·高級雙床房（大落地窗+高端床品+深泡浴缸）:HK$326', '觀景·高級大床房（大落地窗+高端床品+深泡浴缸）:HK$326', '湖景·豪華大床房（觀湖陽台+高端床品+深泡浴缸）:HK$380', '湖景·豪華雙床房（大落地窗+高端床品+深泡浴缸）:HK$380', 'LOFT·家庭套房（高端床品+深泡浴缸）:HK$610', '城市度假·尊享套房（觀湖陽台+高端床品+深泡浴缸）:HK$839']"
歌遙·南山慢居酒店,9.4,"['舒適大床房:HK$326', '雅緻園景大床房:HK$360', '悦享園景榻榻米大床房:HK$383', '精緻景觀休閑大床房:HK$394', '雅緻園景雙床房:HK$428']"
霍山輝隆君瀾度假酒店,9.6,"['商務大床房:HK$381', '商務雙床房:HK$403', '景觀大床房:HK$425', '景觀雙床房:HK$447', '豪華大床房:HK$502', '豪華雙床房:HK$523']"
藝龍酒店（六安雙創大廈店）,9.5,"['美凈雙床房「寬景大窗+品牌床墊零壓枕」:HK$232', '美致雙床房「寬景大窗+品牌床墊零壓枕」:HK$257', '美致大床房「寬景大窗+品牌床墊零壓枕」:HK$265', '行政大床房「寬景大窗+品牌床墊零壓枕+冰箱」:HK$327', '豪華行政套房「寬景大窗+浴缸+品牌床墊零壓枕+冰箱」:HK$480']"
鉑萊精品酒店（六安解放路萬達廣場店）,9.3,"['浪漫主題圓床房（乳膠床墊）:HK$163', '特惠大床房:HK$163', '特惠雙床房:HK$163', '精品大床房（乳膠床墊）:HK$173']"
天堂寨遇見未遲民宿,9.6,"['遇見・雅緻雙人房:HK$251', '精緻·原木·雙人房:HK$251', '自閑·榻榻米精緻大床房:HK$255', '遇見·雲棲大床房:HK$255']"
