酒店名称,评分,房型价格列表
北海醒在海里｜Awakening in the sea高端海景酒店,9.9,"['Drunken Beauty·洞穴海景空中恆温泡池雙床房∣私享空中海景超大院子∣A08:HK$1,293', 'Enjoy·海景空中恆温泡池超大床套房∣私享空中海景大院子∣A02:HK$1,394', 'Seawater·180度海景空中恆温泡池超大床套房∣私享空中海景超大院子∣A03:HK$1,413', 'Beach·180度海景空中恆温泡池超大床套房∣私享空中海景陽台∣A06:HK$1,440', 'Coast·180度海景空中恆温泡池超大床套房∣私享空中海景陽台∣A07:HK$1,440']"
北海銀灘8861濱海度假酒店,9.9,"['法式靜謐大床房（智能聲控+泡泡浴+30公分美國蕾絲床墊）:HK$621', '法式紫霞陽台大床房（智能聲控+75寸高清電視+30公分美國蕾絲床墊）:HK$653', '法式攬日陽台大床房（智能聲控+75寸高清電視+30公分美國蕾絲床墊）:HK$653', '庭院法式投影大床房（智能聲控+100寸投影+30公分美國蕾絲床墊）:HK$685', '庭院複式大床房（智能聲控+75寸高清電視+30公分美國蕾絲床墊）:HK$685']"
北海8861花墅設計酒店（高鐵站店）,9.8,"['舒適大床房:HK$360', '庭院大床房:HK$393', '舊上海衣車大床房:HK$425', 'Ins風温馨大床房:HK$458']"
怡程酒店（北海海底世界金灘店）,9.3,"['舒適大床房（城景落地窗+安靜舒適好眠+功夫茶具）:HK$378', '高級大床房（親膚浴袍+秒睡零壓床墊+功夫茶具）:HK$408', '高級雙床房（親膚浴袍+秒睡零壓床墊+功夫茶具）:HK$408', '豪華大床房（超大空間+秒睡零壓床墊+功夫茶具）:HK$428', '城景大床房（遠眺北部灣1號海景+零壓床墊+功夫茶具）:HK$499']"
北海辰茂海灘酒店（銀灘潮雕廣場店）,9.0,"['特惠雙床房（悦享睡眠+迷你冰箱）:HK$492', '園景雙床房（舒適睡眠+迷你冰箱）:HK$527', '高級雙床房（觀景陽台+迷你冰箱）:HK$562', '高級大床房（觀景陽台+迷你冰箱）:HK$562', '行政海景雙床房（枕海而眠+悦享海景+迷你冰箱）:HK$620']"
北海亨Home民宿,9.9,"['舒適大床房:HK$535', '舒適雙床房:HK$581', '星空大床房:HK$629', '雅緻雙床房:HK$673']"
三衹企鵝民宿（北海銀灘店）,9.7,"['清沐大床房+私享露台:HK$501', '璞悦大床房+私享露台:HK$534', '西西里大床房+膚感浴缸+寬景陽台:HK$578', '寬居套房+膚感浴缸+美學衞浴室+XGIMI投影+私享陽台:HK$599']"
夏樹·院子民宿（僑港風情街店）,9.8,"['夏樹｜極米投影浴缸高級大床房（小愛智能聲控+智能馬桶+親膚浴缸）:HK$731', '夏樹｜輕奢投影浴缸大床房（智能馬桶+園林景觀+智能聲控）:HK$774', '院子｜雅緻私人小泳池高級大床房（極米投影電動巨幕+智能馬桶+智能聲控+小童小泳池）:HK$808', '夏樹｜温馨雙床房（侘寂設計+巨幕高清投影+智能馬桶+智能聲控）:HK$885']"
宜尚酒店（北海旗艦店）,9.7,"['舒適大床房（智能客控，0壓記憶枕，除蟎保護罩）:HK$430', '高級大床房（智能客控，Mini冰箱，0壓記憶枕，VIP電視會員&除蟎保護罩&精美茶具&）:HK$462', '高級雙床房（智能客控，Mini冰箱，0壓記憶枕，VIP電視會員&除蟎保護罩&精美茶具）:HK$516', '豪華大床房（180°眺望海景，智能客控，Mini冰箱，）:HK$527', '豪華雙床房（（智能客控，Mini冰箱，0壓記憶枕，VIP電視會員&除蟎保護罩&精美茶具）:HK$559']"
椰子海景花園露台公寓（北海海底世界店）,9.7,"['城景大床房（獨立城景陽台）:HK$202', '精品城景雙床房（一覽全城+高層獨立城景陽台+無敵城市夜景）:HK$223', '精品海景大床房（高層無敵海景+海景陽台）:HK$242', '豪華海景大床房（古城落日+獨立觀海陽台）:HK$262']"
海岸線coastline∣設計師Yuri|高端度假酒店（銀灘國際客運港店）,9.9,"['海岸貝殼summer高級超大床房∣獨享露台∣獨享洗烘洗衣機:HK$806', '海岸星辰beach高級雙床房∣獨享露台∣獨享洗烘洗衣機∣:HK$806', '海岸海星 Coral高級親子樂趣超大雙床房∣露台∣科勒衞浴:HK$870', '海岸浪花-Wave高級私人泳池露台超大床房∣洗烘洗衣機:HK$1,056', '海岸潮汐-Melody高級私人泳池雙床房∣露台∣洗烘洗衣機:HK$1,083']"
夢想家·Dream House民宿（北海銀灘國際客運港店）,9.8,"['輕奢大床房（全屋小度智能+智能馬桶+智能化粧鏡+徠芬吹風機+席夢思床墊）:HK$507', '豪華大床房（全屋小度智能+智能馬桶+智能化粧鏡+徠芬吹風機+席夢思床墊）:HK$559', '景觀大床房（全屋小度智能+智能馬桶+智能化粧鏡+徠芬吹風機+席夢思床墊）:HK$584', '投影浴缸大床房（太空艙按摩椅+全屋小度智能+智能馬桶+智能化粧鏡+徠芬吹風機+席夢思床墊+豪華浴缸）:HK$673']"
北海聖淘沙海景酒店公寓.瀾亭天際店,9.6,"['舒適側海景大床房-帶觀海景大陽台+冰箱+洗衣機:HK$380', '觀夕陽180度豪華海景大床房--帶觀海景大陽台+冰箱+洗衣機:HK$553', '觀夕陽180度豪華海景一房一廳大床房-觀海景大陽台+冰箱+洗衣機:HK$553', '觀夕陽180度舒適海景標準間-帶觀海景大陽台+冰箱+洗衣機:HK$553']"
柏曼酒店（北海北部灣廣場老街店）,9.3,"['呈｜標準雙床房-（慢回彈記憶枕&浴室乾濕分離&温馨舒適&電視可投屏）:HK$425', '呈｜高級大床房（電視可投屏&舒適好眠&乾淨整潔&零壓深睡床墊&浴室乾濕分離）:HK$458', '呈｜高級雙床房（電視可投屏&陽光滿屋&魅力城景&獨立茶包&獨立空調）:HK$498', '呈｜豪華雙床房（遠眺海岸線海景&安靜秒睡零壓床墊）:HK$561']"
Silver Beach·樸悅·設計師民宿（北海銀灘國際客運港店）,9.8,"['樸悦大床房（智能聲控+75寸高清電視+30公分美國蕾絲床墊）:HK$689', '池畔大床房（智能聲控+75寸高清電視+30公分美國蕾絲床墊）:HK$739', '蜜月大床房（智能聲控+75寸高清電視+30公分美國蕾絲床墊）:HK$777', '暗黑榻榻米大床房（智能聲控+75寸高清電視+帶浴缸+30公分美國蕾絲床墊）:HK$800', '私享庭院房（智能聲控+75寸高清電視+私人庭院+30公分美國蕾絲床墊）:HK$847']"
長風民宿（潿洲島海景木屋店）,9.4,"['森林庭院大床房:HK$1,540', '森林庭院雙床房:HK$1,650', '面朝大海庭院大床房:HK$1,704', '側海景露台投影大床房:HK$1,704', '海景露台投影大床房:HK$1,858']"
北海銀灘·悦色民宿,9.8,"['精品雙床房（75寸智能高清電視+30公分美國蕾絲床墊）:HK$768', '園景大床房（75寸智能高清電視+30公分美國蕾絲床墊）:HK$781', '園景陽台大床房（75寸智能高清電視+網紅陽台）:HK$798', '星空蜜月榻榻米（75寸智能高清電視+30公分美國蕾絲床墊）:HK$809', '園景浴缸大床房（75寸智能高清電視+30公分美國蕾絲床墊）:HK$834']"
北海銀灘十里有廬·溪風精品民宿（北海國際客運港店）,9.6,"['溪風樸嶼大床房:HK$589', '溪風雅緻雙床房:HK$622', '溪風景觀大床房:HK$654', '溪風親子雙床房:HK$698']"
柏曼酒店（北海大道高鐵站店）,9.1,"['呈│標準大床房（輕奢簡約+温馨舒適）:HK$324', '呈│豪華大床房（高樓城景+坐卧沙發）:HK$340', '呈│標準雙床房（輕奢簡約+温馨舒適）:HK$367', '呈│家庭親子房（高空觀景+歡樂親子）:HK$425']"
北海銀灘拂沙酒店（潮雕廣場店）,9.7,"['流雲高級大床房（智能聲控+金可兒床墊+美標衞浴）:HK$754', '辰溪豪華大床房（智能聲控+金可兒床墊+美標衞浴）:HK$808', '晚風豪華雙床房（智能聲控+戴森電吹風+金可兒床墊+美標衞浴）:HK$918', 'Giraffe親子房（小麒麟親子套裝+智能聲控+戴森電吹風+金可兒床墊+美標衞浴）:HK$918', '落霞浴缸大床房（智能聲控+戴森電吹風+迷你冰箱+金可兒床墊）:HK$1,038']"
北海亞嶼民宿（銀灘旅遊度假區店）,9.5,"['浪嶼 I 雅緻大床房（全屋智能聲控+LANSAM電吹風+金可兒床墊+美標衞浴）:HK$776', '暮嶼|露台高級大床房（全屋智能客控+金可兒乳膠床墊）:HK$809', '暮塵 I 高級大床房（全屋智能客控+LANSAM電吹風+金可兒乳膠床墊）:HK$830', '竹光 I 輕奢雙床房（全屋智能客控+LANSAM電吹風+金可兒床墊乳膠床墊）:HK$918', '鯨沙 I 浴缸觀景大床房（全屋智能客控+戴森電吹風+迷你冰箱+金可兒零壓床墊）:HK$984']"
不是山 Micro cement inn民宿（潿洲島店）,9.8,"['聊復·投影露台舒適標準間（智能客控+乾濕分離+觀景露台）:HK$919', '既定·浴缸投影海景大床房（智能客控+浴缸+乾濕分離+落地觀景）:HK$958', '物融·浴缸露台投影私享海景大床房（智能客控+浴缸+乾濕分離+觀景露台）:HK$1,001', '白藏·浴缸露台投影私享海景套房（智能客控+浴缸+乾濕分離+觀景露台）:HK$1,037']"
北海銀灘叁時度假民宿,9.8,"['時澤投影大床房:HK$617', '若時投影雙床房:HK$709', '爾時陽台投影大床房:HK$759', '叁曉陽台大床房:HK$851']"
宜尚酒店（北海銀灘店）,9.5,"['舒適大床房（北歐風格+精緻舒適）:HK$301', '行政套房（ 斯林百蘭床墊+會客廳+高層觀景）:HK$341', '標準大床房（高空觀景+坐卧沙發）:HK$367', '標準雙床房（獨立陽台+舒適沙發）:HK$389']"
潿洲島一執·全海景輕奢度假別墅,9.6,"['燦鴻·日出海景温馨大床房（乾濕分離+落地觀景）:HK$627', '南希·日出海景大床房（乾濕分離+落地觀景）:HK$663', '洛克· 榻榻米一線海景觀房:HK$849', '古超·榻榻米一線海景觀房（乾濕分離+榻榻米茶歇）:HK$907']"
北海銀灘海軒酒店,9.8,"['憑海·豪華臨海大床特價房:HK$644', '倚欄·靜逸陽台庭院大床房:HK$676', '隔岸·獨享陽台庭院大床房:HK$709', '臨風·豪華臨海大床房:HK$709']"
北海香格里拉大酒店,9.3,"['豪華城景大床房:HK$714', '豪華城景雙床房:HK$714', '高級城景雙床房:HK$714', '高級城景大床房:HK$714', '高級海景大床房:HK$818', '高級海景雙床房:HK$818']"
潿洲島雲宿海景民宿,9.8,"['島景標間:HK$482', '島景榻榻米標間:HK$504', '微海景親子間:HK$643', '島景親子房:HK$654']"
宜尚酒店（北海高鐵站北部灣廣場店）,9.3,"['舒適大床房（舒適好眠&乾淨整潔&75寸智能高清電視）:HK$371', '標準大床房（舒適好眠&75寸高清電視&浴室乾濕分離）:HK$382', '標準雙床房（酣暢甜睡&輕奢空間&浴室乾濕分離）:HK$393', '高級大床房（開闊視野&貴妃椅&75寸高清電視&自然採光）:HK$404']"
北海銀灘和樂苑（僑港國際客運碼頭店）,9.7,"['嶼風·露台榻榻米雙床房（智能聲控+智能馬桶+金可兒床墊）:HK$531', '和風·中式大床房（智能聲控+可兒床墊+智能馬桶）:HK$649', '漫漫·精品雙床房（智能聲控+金可兒床墊）:HK$708', 'LOFT浪漫圓床親子房（智能客控+複式）:HK$767']"
金皇冠柏曼酒店（北海旗艦店）,9.6,"['標準大床房（城景落地窗+全屋智能+0壓枕+投屏觀影）:HK$519', '高級大床房（城景落地窗+全屋智能+功夫茶具+冰箱）:HK$557', '豪華特大大床房（冰箱冷飲+0壓綿記憶枕+功夫茶具）:HK$565', '標準雙床房（城景落地窗+全屋智能+0壓枕+投屏觀影）:HK$572', '豪華大床房（180度全景落地窗+遠眺海岸線+全屋智能）:HK$580']"
北海和安麗灣海景酒店,9.4,"['觀海豪華大床房（一房一廳+獨立海景陽台）:HK$410', '漫海主題套房（奢彩夕陽）:HK$420', '觀海豪華雙人房（360度全海景+智能馬桶+沙發）:HK$442', '聽海親子套房（榻榻米露台+冰箱）:HK$516', '親海家庭套房（海景2房+廚房+冰箱）:HK$558']"
廣悦華北海冠嶺山莊,9.1,"['錦綉園景雙床房:HK$1,027', '錦綉園景大床房:HK$1,027', '豪華海景大床房:HK$1,284', '豪華海景雙床房:HK$1,284', '行政海景大床房:HK$1,521']"
憶棲今時·AT PRESENT藝術設計泳池度假民宿（潿洲島五彩灘店）,9.7,"['今夕·香氛浴缸大床房+智能客控+HCK冰箱+睡到自然醒:HK$1,547', '今回·浴缸全景大床房+語音智控+高層瞰景+智能馬桶:HK$1,770', '今語·圓形泡池大床房+語音智控+中國航天直白吹風機:HK$1,881', '今夜·臻享闊榻ProMax雙床房+智能客控+慢享度假時光:HK$1,992', '今時·私人泳池露台大床房+全屋智能+哈士奇冰箱:HK$2,103']"
夏樹·旅拍海景民宿（北海僑港店）,9.7,"['時光機榻榻米迷你房:HK$502', '三年二班大床房:HK$523', '珊瑚海大床房:HK$546', '晴天大床房[90度看日落]:HK$568']"
北海銀灘陌緣度假酒店,9.5,"['陌緣.雅緻大床房:HK$479', '私享.庭院大床房:HK$534', '隱奢.浴缸大床房:HK$589', '輕奢.浴缸大床房:HK$621', '陌緣.標緻雙床房:HK$643']"
北海銀灘榕舍度假酒店,9.6,"['精緻大床房:HK$443', '雅緻大床房:HK$456', '陽光大床房:HK$467', '星空庭院大床房:HK$470']"
北海銀灘一如清莉民宿（銀灘國際客運港店）,9.6,"['不捨大床房（小冰箱，高端私人定製床墊）:HK$553', '攬月閣樓榻榻米大床房（帶浴缸，小冰箱，高端私人定製床墊）:HK$553', '淺雲大床房（落地玻璃，小冰箱，高端私人定製床墊）:HK$553', '林韻大床房（帶露台，小冰箱，高端私人定製床墊）:HK$598']"
麗柏酒店（北海銀灘大道僑港碼頭店）,9.3,"['舒適雙床房【空調+温馨舒適+冰箱】:HK$408', '舒適大床房【零壓枕頭+舒適睡眠+冰箱】:HK$408', '精緻雙床房【零壓枕頭+舒適睡眠】:HK$416', '精緻大床房【高樓層+中央空調】:HK$416', '豪華大床房【專屬浴缸空間+高樓層觀景】:HK$493']"
北海銀灘及岸酒店,9.4,"['桑染·大床房:HK$538', '鳩羽·大床房【詫寂風+零壓深睡床墊+陽光自動窗簾】:HK$571', '山吹·豪華雙床房【陽光自動窗簾+詫寂風+網紅觀景落地玻璃】:HK$614', '菖蒲·豪華大床房【網紅觀景落地玻璃+詫寂風+陽光自動窗簾】:HK$647', '紺青·陽台套房【暮浴陽台+詫寂風+零壓深睡床墊】:HK$724']"
北海銀灘ONE MO度假酒店,9.3,"['舒適大床房&55寸高清液晶電視:HK$741', '輕奢大床房（浴缸&投影）:HK$899', '輕奢大床房（浴缸&55寸高清液晶電視）:HK$908', '園林海景大床房（銀灘半海景&浴缸）:HK$986']"
北海銀灘居山海度假民宿,9.6,"['山野大床房:HK$432', '竹景雙床房:HK$444', '雲傾浴缸大床房:HK$477', '山野綠景雙床房:HK$510', '星空庭院大床房（私享樓頂大露台）:HK$554']"
北海鹿·雲隱海景民宿（銀灘旅遊度假區店）,9.6,"['雲汐丨園林輕奢大床房（休閑陽台丨獨立客廳丨小冰箱）:HK$404', '星悦丨影音大床房（巨幕投影丨獨立客廳陽台丨小冰箱）:HK$404', '雲汐丨園林輕奢雙床房（休閑陽台丨獨立客廳丨小冰箱）:HK$425', '星悦丨影音雙床房（巨幕投影丨獨立客廳陽台丨小冰箱）:HK$459']"
花築·北海潿洲島清奢酒店,9.7,"['精緻大床房:HK$742', '精緻雙床房:HK$776', '庭院大床房:HK$807', '庭院雙床房:HK$840']"
古里美度假酒店（北海銀灘店）,9.3,"['舒適大床房:HK$481', '舒適雙床房:HK$535', '豪華雙床房:HK$611', '古里美家庭房:HK$1,300']"
北海潿洲島悠時光海景酒店（滴水丹屏店）,9.6,"['靜逸·園景大床房:HK$530', '靜逸·園景雙床房:HK$576', '觀海·海景榻榻米大床房:HK$797', '觀海·海景榻榻米雙床房:HK$814']"
北海銀灘劉先生遇范小姐度假民宿,9.7,"['蜜月陽台投影大床房（私享陽台+浴缸+100寸高清投影）:HK$614', '拾光陽台投影大床房（私享陽台+100寸高清投影）:HK$633', '隱野陽台投影親子房（私享陽台+100寸高清投影）:HK$755', '泳畔投影大床房（泳池景觀+100寸高清投影）:HK$808', '浴缸陽台親子房:HK$808']"
北海銀灘一號國際會議中心酒店（僑港海灘店）,8.9,"['輕雅雙床房:HK$413', '城景陽台大床房:HK$474', '城景陽台雙床房:HK$474', '雅居雙床陽台套房（一室一廳）:HK$535', '親子陽台主題套房（親子空間1室1廳2大床）:HK$669']"
北海木裡旅行家民宿,9.1,"['晚風.花園船屋擼貓房:HK$196', '海風裡.聽海大床房:HK$222', '歸隱. 靜享家庭雙床房:HK$222', '憶念.歸人禪意雙床房:HK$235']"
北海銀灘智選假日酒店,9.5,"['高級大床房:HK$482', '高級雙床房:HK$482', '高級房:HK$482', '高級房 雙床 海景 高樓層:HK$737', '家庭房 一個大床及一個雙層床:HK$849']"
