酒店名称,评分,房型价格列表
柏曼酒店（南寧朝陽百盛步行街廣場三街兩巷店）,9.5,"['智能標準大床房（安靜舒適+深睡記憶枕）:HK$251', '智能高級大床房（智能客控+零壓深睡枕）:HK$295', '智能高級雙床房（智能客控+零壓深睡枕）:HK$312', '智能豪華大床房（落地玻璃窗+陽光滿屋+舒適好眠）:HK$329']"
鉑森酒店（南寧站廣西大學地鐵站店）,9.1,"['特惠大床房（精緻温馨+零壓床墊）:HK$166', '高級大床房（陽光通透+休閑沙發）:HK$184', '標準雙床房（靜謐空間+乾濕分離）:HK$194', '影院大床房（高清投影+新風系統）:HK$202']"
永恆朗悦精選酒店（南寧火車站朝陽廣場地鐵站店）,9.0,"['特惠大床房（無窗）:HK$144', '舒適高級大床房:HK$162', '高級雙床房:HK$180', '精選大床房:HK$180']"
雅斯特酒店（南寧五象體育中心廣西文化藝術中心店）,9.7,"['高級雙床房『超大落地靜音玻璃 ┃智能馬桶┃全屋智能 』:HK$236', '雅緻大床房『超大落地靜音玻璃 ┃智能馬桶┃全屋智能 』:HK$238', '雅緻雙床房『超大落地靜音玻璃 ┃智能馬桶┃全屋智能 』:HK$238', '高級大床房『超大落地靜音玻璃 ┃智能馬桶┃全屋智能 』:HK$245', '豪華大床房『全景落地靜音玻璃 ┃智能馬桶┃全屋智能 』:HK$274']"
美住·悦檐酒店（南寧會展中心埌西地鐵站店）,9.4,"['悦馨雙床房（智能客控+舒適辦公+電視投屏）:HK$209', '悦惠大床房（智能客控+電視投屏+品味自然芳香）:HK$209', '悦馨大床房（智能客控+舒適辦公+電視投屏）:HK$233', '悦享全景大床房（陽光通透+超大穿衣鏡+品質床墊）:HK$243', '悦享全景雙床房（陽光通透+雙門隔音+LED化粧鏡）:HK$243']"
南寧邕州飯店（火車站朝陽廣場店）,9.2,"['商務雙床房【簡約大氣+酒店公區提供自助洗衣】:HK$143', '商務大床房【大氣簡約+酒店公區提供自助洗衣】:HK$148', '豪華商務雙床房【房間通透+採光好+靜謐舒適睡眠好】:HK$161', '夢百合零壓雙床房【記憶棉慢回彈零壓床墊+深度睡眠】:HK$161', '智能健康雙床房【智能客控+空氣凈化機】:HK$161']"
柏曼酒店（南寧吳圩國際機場店）,9.5,"['智能大床房（智能客控+智能馬桶+高層山景）:HK$219', '智能高級大床房（天貓精靈+助眠床墊+高層山景）:HK$236', '智能高級雙床房（智能客控+智能馬桶+高層山景）:HK$244', '智能巨幕浴缸大床房（智能客控+超大空間+高層山景）:HK$311']"
雅斯特國際酒店（南寧江南萬達廣場店）,9.5,"['雅緻大床房 【時尚輕雅丨舒適空間丨自動窗簾丨優美城景】:HK$193', '豪華雙床房 【時尚輕雅丨自動窗簾丨優美城景丨精緻全身鏡】:HK$214', '高級大床房 【時尚輕雅丨休閑沙發丨自動窗簾丨優美城景】:HK$246', '豪華大床房【時尚輕雅丨自動窗簾丨優美城景丨精緻全身鏡】:HK$267']"
宜尚酒店（南寧朝陽廣場江景店）,9.2,"['舒適江景大床房【高層賞璀璨江畔|雲端視野|慵懶時光】:HK$224', '標準江景大床房【邕江畫卷|水韻詩意|都市謐境】:HK$250', '豪華江景大床房【賞180°一線江景|靜謐療愈|迷你冰箱】:HK$283', '高級江景大床房【高樓層180°江景|陽光通透|迷你冰箱】:HK$299', '豪華家庭房【俯瞰江景|暢享童趣|親子時光|温馨聚落】:HK$399']"
米朵酒店（南寧安吉萬達廣場蘇盧地鐵站店）,9.7,"['智識大床房【全屋智能丨65寸電視投屏】:HK$178', '哲涵高級雙床房【輕奢風格丨智能馬桶】:HK$190', '哲涵高級大床房【俯瞰城市夜景丨定製床品】:HK$190', '宓雅淑心大床房【雙重門禁丨乳膠記憶枕】:HK$208']"
柏曼酒店（南寧金湖廣場埌西地鐵站店）,9.5,"['商務大床房（零壓床墊+舒適好眠+俯瞰城景）:HK$290', '高級大床房（零壓床墊+陽光滿屋+俯瞰城市景觀）:HK$292', '豪華大床房（陽光滿屋+俯瞰城市美景+靜謐好眠）:HK$316', '商務雙床房（零壓床墊+靜謐好眠+採光通透）:HK$319', '高級雙床房（零壓床墊+靜謐好眠+俯瞰城市景觀）:HK$326']"
城市便捷酒店（南寧五一路天街店）,9.6,"['標準大床房（舒適明亮+悠享辦公）:HK$148', '智能高級大床房（舒適床品+寬敞明亮）:HK$168', '智能商務雙人房（舒適床品+寬敞安靜）:HK$187', '智能豪華大床房（舒適床品+悠享辦公）:HK$219']"
維也納國際酒店（南寧朝陽廣場劇場地鐵站店）,9.4,"['標準大床房（精緻空間+140織新疆長絨棉親膚布草+輕奢舒棉透氣羽絨被）:HK$210', '標準雙床房（舒適空間+140織新疆長絨棉親膚布草+輕奢舒棉透氣羽絨被）:HK$246', '商務大床房（温馨安靜+140織新疆長絨棉親膚布草+輕奢舒棉透氣羽絨被）:HK$277', '商務雙床房（舒適床墊+140織新疆長絨棉親膚布草+輕奢舒棉透氣羽絨被））:HK$286']"
怡程酒店（南寧東站華豐城愛琴海城市廣場店）,9.6,"['智能國風高級大床房【安靜秒睡記憶枕|零壓床墊+空氣凈化器+梳粧全身鏡】:HK$359', '智能國風舒適大床房【180度超大落地靜音玻璃+速乾電衣架+零壓按摩床墊】:HK$392', '智能國風高級雙床房【安靜秒睡記憶枕|零壓床墊+小米空氣凈化器+梳粧全身鏡】:HK$392', '智能國風電競大床房【語音客控+遊戲特權4060+空氣凈化器+新風系統】:HK$399', '智能國風影院大床套房【180度超大落地靜音玻璃+空氣凈化器+巨幕投影VIP+速乾電衣架|梳粧全身鏡】:HK$399']"
柏納酒店（南寧安吉萬達蘇盧地鐵站店）,9.6,"['商務大床房（75寸高清投屏電視+俯瞰高空美景+辦公區域配置）:HK$162', '商務雙床房（75寸高清投屏電視+辦公區域配置）:HK$162', '豪華商務大床房（榻榻米+75寸高清投屏電視+辦公區域配置）:HK$171', '臻選大床房（愜意小茶台+75寸高清投屏電視+榻榻米）:HK$189']"
雲戀季MAX酒店（朝陽廣場南寧火車站店）,9.1,"['舒享大床房（臨近地鐵口+機場大巴+自助洗衣）:HK$207', '舒享雙床房（臨近地鐵口+機場大巴+自助洗衣）:HK$207', '輕奢大床房（臨近地鐵口+機場大巴+自助洗衣）:HK$229', '輕奢影視房（臨近地鐵口+機場大巴+自助洗衣）:HK$272']"
雲錦智能影院酒店（南寧火車站地鐵口店）,9.3,"['舒適影院大床房【温馨躺平】:HK$189', '雅緻影院大床房:HK$199', '巨幕影院大床房【小度智能聲控房間設備+百寸巨幕】:HK$246', '巨幕影院雙床房:HK$256']"
遇熹酒店（廣西大學動物園地鐵站店）,9.3,"['愛無止境｜甜蜜大床房【全屋智能客控+65寸高清投屏】:HK$200', '夜闌人靜｜舒睡雙床房【全屋語音智能+環保封裝口杯】:HK$223', '夜闌人靜｜舒睡大床房【品牌高速吹風機+床頭無線充】:HK$228', '朝沐暖陽｜全景大床房【180°俯瞰城市夜景+高端床品】:HK$237', '朝沐暖陽｜全景雙床房【180度落地窗+陽光通透】:HK$237']"
雅斯特國際酒店（南寧萬象城東盟商務區地鐵站店）,9.5,"['雅緻大床房:HK$300', '雅緻雙床房:HK$300', '高級大床房（近盛天地+乾濕分區+免停車費）:HK$332', '高級雙床房（近龍光世紀+智能全屋+自助洗衣房）:HK$332', '豪華大床房（近萬象城+智能全屋+免停車費）:HK$352']"
美住·璞境酒店（南寧東盟開發區客運站小帽山店）,9.4,"['境馨大床房（舒適空間+休閑椅）:HK$206', '境馨雙床房（陽光通透 +休閑沙發）:HK$218', '境悦大床房（陽光通透+舒適休閑椅）:HK$241', '境悦雙床房（陽光通透+舒適休閑椅）:HK$253']"
南寧金水灣國際大酒店（南湖公園麻村地鐵站店）,9.4,"['東南亞原木雙床房（陽光通透+優質床品+高樓層）:HK$214', '東南亞原木大床房（陽光通透+優質床品+高樓層）:HK$214', '豪華大床房（恆温乾衣架+貴妃躺椅）:HK$243', '豪華雙床房（恆温乾衣架+優質床品）:HK$243', '商務雙床房（恆温乾衣架+辦公桌椅+高樓層）:HK$302']"
Mussi·霂斯酒店（南寧東葛路地鐵站店）,9.3,"['輕悦大床房（智能體驗+乾濕分離+電視投屏）:HK$160', '舒悦雙床房（智能體驗+超寬浴鏡+電視投屏）:HK$188', '舒悦大床房（智能體驗+超寬浴鏡+電視投屏）:HK$188', '臻悦大床房（智能體驗+乾濕分離+電視投屏）:HK$227']"
雅斯特國際酒店（南寧朝陽廣場區政府店）,9.2,"['雅緻大床房【房間格局温馨舒適|手機投屏|商務辦公桌】:HK$214', '超級大床房【極簡輕奢雙拼大床隨心躺|手機投屏|商務辦公桌】:HK$242', '高級雙床房【極簡輕奢沉浸質感生活|手機投屏|商務辦公桌|貴妃躺椅】:HK$242', '觀景大床房【透過落地玻璃享受夕陽美景|貴妃躺椅】:HK$251', '觀景雙床房【全景落地玻璃俯瞰邕城夜景|手機投屏|商務辦公桌】:HK$270']"
柏曼酒店（南寧火車站衡陽東路店）,9.3,"['高級大床房（靜謐空間｜陽光滿屋｜舒適床品）:HK$199', '高級雙床房（靜謐空間｜定製洗護｜舒適床品）:HK$206', '商務大床房（投屏觀影｜寬敞明亮｜靜謐空間）:HK$226', '商務雙床房（俯看夜景｜舒適床品｜悠享辦公）:HK$232']"
優範酒店（南寧江南萬達廣場店）,9.6,"['高級大床房（恆温電熱乾衣架+舒適雙人沙發）:HK$191', '高級雙床房（恆温電熱乾衣架+舒適雙人沙發）:HK$200', '休閑商務大床房（小范休閑茶具+商務辦公枱）:HK$229', '影音大床房（百寸巨幕+觀影大沙發）:HK$247']"
金慶盛歡住酒店（南寧會展中心鳳嶺地鐵站店）,9.5,"['高級大床房（180°地標城市景觀+大空間設計+豪華浴缸）:HK$287', '高級雙床房（180°地標城市景觀+大空間設計+豪華浴缸）:HK$287', '豪華大床房（舒享浴缸+奢享空間+舒適沙發）:HK$320', '豪華雙床房（舒享浴缸+奢享空間+舒適沙發）:HK$329']"
雅斯特國際酒店（南寧安吉萬達廣場蘇盧地鐵站店）,9.5,"['雅緻大床房（安吉萬達廣場SOHO1號樓—電視投屏+城市夜景+高樓層）:HK$233', '雅緻雙床房（安吉萬達廣場SOHO1號樓—俯瞰城市美景+雙人沙發+電視投屏）:HK$233', '豪華雙床房（高樓層+雙人位沙發+電視投屏）:HK$250', '觀景大床房（180°闊景視野+一覽城市夜景+雙人沙發+電視投屏）:HK$250']"
逸臣陽光酒店（南寧青秀萬達店）,9.0,"['陽光舒適大床房:HK$226', '陽光城景大床房（記憶枕+Mini冰箱）:HK$240', '陽光高級雙床房（商務辦公桌椅+休閑沙發茶几）:HK$253', '陽光高級大床房（商務辦公桌椅+休閑沙發茶几）:HK$274']"
吉悦水晶酒店（南寧南湖公園青秀山地鐵站店）,9.2,"['樂享隨心 • 優選舒適大床房（浪漫情侶NO.1-毗鄰青秀山+萬象城+國際會展中心+免停車費）:HK$245', '暢享陽光•觀景高級雙床房（免停車費+毗鄰南湖公園+民歌湖+迷你冰箱+精美茶具）:HK$256', '靜覓時光 • 觀景高級大床房（毗鄰會展中心+航洋城+青秀山+免停車費）:HK$275', '悠然自在 • 城景豪華雙床房（免停車費+ 落地全景窗+ 毗鄰五象體育中心+廣西文化藝術館）:HK$287']"
雅斯菲爾酒店（南寧朝陽廣場中山路店）,9.4,"['心悦大床房:HK$210', '清雅大床房:HK$224', '清雅雙床房:HK$231', '尊享大床房:HK$244', '菲常觀景雙床房:HK$244']"
萬悦麗庭酒店（廣西區人民醫院南湖公園店）,9.4,"['優享時光·萬麗大床房（舒適辦公桌+簡約時尚+陽光通透）:HK$164', '悦享時光·商務旅居雙床房（商務簡約+舒適長椅+柔軟床墊）:HK$178', '暢享陽光·萬悦大床房（舒適辦公桌+城市美景+陽光通透）:HK$194', '暢享陽光 ·萬悦雙床房（舒適沙發+簡約時尚+柔軟床墊）:HK$212', '悦享時光·零壓大床房（零壓花灑+簡約時尚+柔軟床墊）:HK$212']"
南寧安吉希爾頓歡朋酒店,9.7,"['舒適大床房:HK$357', '高級雙床房:HK$368', '高級大床房:HK$377', '舒適園景雙床房（户外露台）:HK$377', '舒適園景大床房（户外露台）:HK$387']"
城市便捷酒店（南寧會展中心航洋城地鐵站店）,9.4,"['呈丨標準大床房:HK$197', '呈丨高級雙床房:HK$203', '呈丨高級大床房（高層安靜+浴室水壓大）:HK$215', '呈丨豪華雙床房:HK$221']"
邕江假日酒店（南寧東站店）,9.4,"['舒享大床房（舒適安靜+零壓床墊）:HK$274', '悦享假日大床房（親膚浴袍+ 零壓床墊+小冰箱）:HK$294', '優享豪華大床房（俯城美景+舒享浴缸+小冰箱）:HK$312', '優享豪華雙床房（城市景觀+親膚浴袍+睡眠床墊+冰箱）:HK$322', '雙享空間房（親子床墊+公園城景+親膚浴袍+小冰箱）:HK$332']"
宜尚酒店（南寧朝陽廣場路橋融創茂店）,9.7,"['ECHARM|高級大床房【180°雲景+頸椎守護者-記憶枕】:HK$234', 'ECHARM|高級雙床房【180°雲景+頸椎守護者-記憶枕】:HK$234', 'ECHARM|影院大床【4K超清巨幕+杜比全景+雲端落地窗】:HK$248', 'ECHARM|電競大床房【RTX4070+VIP遊戲特權+除菌濕巾】:HK$250']"
雅斯特國際酒店（南寧萬泰隆金凱路地鐵站店）,9.5,"['雅緻大床房（空間大+智能客控+採光好）:HK$192', '雅緻雙床房（空間大+智能客控+採光好）:HK$211', '高級雙床房（空間大+智能客控+視野好）:HK$230', '高級大床房（空間大+智能客控+視野好）:HK$250']"
千禧國際大酒店（廣西大學南寧動物園店）,9.1,"['千悦丨精緻大床房（陽光通透）:HK$110', '千禧丨城景雙床房（視野開闊+商務辦公）:HK$119', '千禧丨城景大床房（陽光通透+靜謐舒適）:HK$119', '千雅丨豪華雙床房（視野開闊+商務辦公+深度好眠）:HK$126', '千雅丨豪華大床房（商務辦公+視野開闊）:HK$126']"
南寧禧悦昇酒店,9.5,"['特惠大床房（露天陽台）:HK$205', '特惠雙床房（露天陽台）:HK$205', '高級大床房（露天陽台）:HK$219', '高級雙床房（露天陽台）:HK$219', '商務大床房（露天陽台）:HK$241']"
南寧邕桂萬誼酒店（北湖南路地鐵站店）,9.2,"['高級大床房（優美城市風景）:HK$207', '豪華大床房（俯視城市夜景+單人沙發）:HK$226', '豪華雙床房（優美城市風景）:HK$226', '時尚豪華大床房（俯視城市夜景+辦公書桌）:HK$245', '尊榮行政大床房（俯視城市夜景+迷你冰箱+浴衣）:HK$293']"
浙商大酒店（南寧朝陽廣場火車站地鐵店）,9.4,"['精緻大床房（智能客控+55寸電視+雙層隔音+電動窗簾）:HK$207', '高級大床房（智能客控+65寸電視+雙層隔音+電動窗簾）:HK$224', '高級雙床房（智能客控+65寸電視+雙層隔音+電動窗簾）:HK$232', '休閑家庭房（智能客控+65寸電視+雙層隔音）:HK$241', '巨幕觀影大床房（智能客控+4K激光機+110寸高清屏）:HK$264']"
柏曼酒店（南寧五象總部基地廣西體育中心店）,9.8,"['智能高級大床房（全景落地窗+高速吹風筒+75寸大電視）:HK$256', '智能高級雙床房（全屋客控+75寸大電視+mini冰箱）:HK$264', '智能豪華大床房（功夫茶具+75寸大電視）:HK$277', '影院商務大床房（暢享騰訊視頻+100寸巨幕投屏+冰箱）:HK$305', '智能家庭房（小童樂園 + 爸媽解放區+75寸超大投屏）:HK$333']"
華笙酒店（海吉星江南公園地鐵站店）,9.7,"['庭景大床房:HK$260', '庭景雙床房:HK$269', '園景大床房:HK$277', '園景雙床房:HK$280', '城景大床房:HK$287']"
雅斯特國際酒店（南寧東站農產品交易中心店）,9.2,"['雅緻雙床房（藍牙音箱）:HK$229', '雅緻大床房（藍牙音箱）:HK$229', '高級雙床房:HK$244', '高級大床房:HK$244', '豪華雙人房（南寧東站接站送站+毗鄰九曲灣温泉 + 免停車費+藍牙音箱）:HK$262']"
維也納酒店（南寧人民公園民主路店）,9.2,"['商務大床房（温馨乾淨+舒適床品）:HK$203', '商務雙床房（温馨乾淨+舒適床品）:HK$211', '行政雙床房（悠享辦公+高鐵城景）:HK$265', '行政大床房（城市高空夜景+安靜舒適）:HK$274']"
南寧飯店,9.4,"['高級雙床房（全景落地觀朝陽景觀）:HK$308', '高級大床房（全景落地窗）:HK$330', '商務大床房（舒適辦公+採光充足）:HK$357', '家庭房三人房（獨立床位，舒靜好眠）:HK$385', '假日親子遊樂雙人房（親子主題佈置+帳篷玩具）:HK$385', '雙拼超級大床房（開闊視野景觀）:HK$385']"
城市便捷酒店（南寧安吉萬達廣場億鼎中心店）,9.4,"['標準大床房【仿庭院柔光私密新風系統小屋+零壓枕】:HK$153', '影院標準大床房【84寸VIP大屏+柔光私密新風沙發小屋】:HK$159', '標準雙床房:HK$159', '高級大床房【超高層城際夜景+零壓記憶床枕+房間管家】:HK$165']"
南寧明園飯店（火車站朝陽廣場店）,9.0,"['商務雙床房|1號樓+商務配套+靜謐好眠:HK$152', '商務大床房|1號樓+商務配套+視野開拓:HK$172', '園景雙床房|2號樓+園林景觀+舒適沙發:HK$209', '園景超大床房|2號樓+園林景觀+天然氧吧:HK$219', '園景大床房|2號樓+陽台景觀+天然氧吧:HK$248']"
新皇庭·簡韻酒店（南寧江南萬達廣場店）,9.3,"['輕享大床房-充電樁+自助洗衣服務:HK$163', '輕享雙床房（記憶護頸枕+深睡承託墊+裸棉床品）:HK$172', '優享大床房-爆款推薦:HK$182', '優享雙床房（記憶護頸枕+深睡承託墊）:HK$191']"
智恆國際酒店（南寧火車東站店）,9.3,"['典雅大床房（安靜好眠）:HK$204', '典雅雙床房（安靜好眠）:HK$204', '清新雙床房（熙暖明亮）:HK$215', '清新大床房（熙暖明亮）:HK$215', '一見傾心情侶大床房（高速WiFi）:HK$248']"
柏曼酒店（南寧醫科大一附院教育路店）,9.4,"['智能標準大床房（全屋智能｜休閑榻榻米｜助眠床墊）:HK$166', '智能高級大床房（全屋智能｜百變空間｜縱享靜謐）:HK$192', '智能豪華大床房（舒適沙發｜優美夜景｜全屋智能）:HK$203', '智能高級雙床房（全屋客控｜城區夜景｜助眠床墊）:HK$216']"
