酒店名称,评分,房型价格列表
鷗凱雅風酒店（建業凱旋廣場店）,9.6,"['巨幕影視大床房【影視VIP+新風系統+私密空間】:HK$203', '風雅大床房【富氧離子新風系統】:HK$204', '風雅雙床房【富氧離子新風系統】:HK$223', '陽光大床房 【智能客控+富氧離子小屋】:HK$277', '陽光雙床房【智能客控+富氧離子小屋】:HK$288']"
喜苑·國際飯店（南陽火車站新華城市廣場店）,9.6,"['輕享零壓雙床房:HK$229', '輕享園景大床房:HK$243', '暢享園景大床房:HK$256', '尊享園景大床房:HK$304', '奢華零壓套房:HK$327']"
南陽梅溪國際酒店,9.4,"['國際樓行政雙床房:HK$348', '國際樓行政大床房:HK$446', '行政套房:HK$806']"
鷗凱印象酒店（南陽萬達廣場醫聖祠店）,9.5,"['尋夢庭院·特惠庭景雙床房【私享靜謐+智能客控】:HK$174', '尋夢庭院·特惠庭景大床房【私享靜謐+智能客控】:HK$185', '巨幕影音大床房（影視VIP+唯美園景）:HK$200', '觀芷攬月·綺夢觀景大床房【地標美景+酣然入夢】:HK$221']"
夕街七號美宿（南陽新華城市廣場店）,9.7,"['山予歸隱房:HK$204', '露台陽光房:HK$228', '輕享陽光房:HK$252', '臻品庭院房:HK$277', '院景陽台房:HK$280']"
牧原酒店（南陽牧原集團總部店）,9.7,"['0壓闊境大床房（智能客控+智能馬桶+0壓床墊）:HK$392', '舒適城景雙床房（智能馬桶）:HK$414', '森林物語親子房（智能客控+智能馬桶）:HK$425', '歡樂海洋親子房（智能客控+智能馬桶）:HK$425', '闊境大床房（智能客控+智能馬桶）:HK$436']"
果嶺19號S酒店（南陽七一路卧龍崗店）,9.7,"['果嶺大床房（智能客控+新風系統+無線投屏）:HK$196', '雅緻大床房（智能客控+新風系統+無線投屏）:HK$228', '智能大床房（空氣凈化系統+智能客控+65寸電視）:HK$275', '高級智能大床房（城市景觀+65寸電視投屏+智能客控）:HK$321']"
南陽名門未來智慧酒店（車站路店）,9.5,"['輕奢大床房:HK$190', '現代標準間:HK$251', '中式標準間:HK$319', '新中式大床房:HK$352']"
喜鵲愉家酒店（南陽市政府萬悦城店）,9.7,"['鵲美商務大床房（小冰箱+投屏電視+空氣凈化系統+靜謐空間）:HK$256', '簡美宜居雙床房（小冰箱+投屏電視）:HK$273', '艾美景觀大床房（小冰箱+投屏電視+慕思床墊）:HK$290', '簡美輕奢大床房（小冰箱+投屏電視+落地窗＋慕思床墊）:HK$298']"
南陽津海酒店（獨山大道店）,9.6,"['零壓城景雙床房:HK$222', '零壓城景大床房:HK$232', '智能城景大床房【全房型智能小度客控+全房型清爽鵝絨枕+全房型小米加濕器】:HK$263', '落地窗城景大床房【180°無敵夜景+全房型乳膠記憶枕+全房型徠芬吹風機】:HK$286', '零壓商務雙床房【全房除菌抗蟎零壓記憶床墊+全房型九牧智能馬桶+全房型九牧衞浴】:HK$339']"
漢庭酒店（南陽紅都時代廣場店）,9.5,"['大床房:HK$217', '雙床房:HK$217', '高級大床房:HK$246', '豪華雙床房:HK$246']"
果嶺19號酒店（南陽大橋店）,9.7,"['雅緻智能大床房（富氧離子新風+智能客控）:HK$246', '臻選智能大床房（富氧離子新風+智能客控+乾濕分離）:HK$278', '臻選智能雙床房（富氧離子新風+智能客控+乾濕分離）:HK$279', '高級智能大床房（按摩床墊+迷你小冰箱+智能客控）:HK$351', '高級智能雙床房（乾濕分離+迷你小冰箱+智能客控）:HK$352']"
南陽天潤富瑞閣國際酒店,9.0,"['特價房:HK$315', '豪華大床房:HK$369', '豪華雙床房:HK$369', '豪華套房:HK$533', '親子主題房:HK$642']"
蘭亭小築精品酒店（南陽獨山大道張衡路店）,9.7,"['悦享大床房（全屋智能+萊芬吹風機+金可兒零壓床墊）:HK$222', '臨雲汀大床房（全屋智能+萊芬吹風機+金可兒零壓床墊）:HK$238', '玲瓏月大床房（全屋智能+萊芬吹風機+金可兒零壓床墊）:HK$247', '闌珊語雙床房（全屋智能+萊芬吹風機+金可兒零壓床墊）:HK$263']"
南陽豫見中美酒店,9.3,"['豫見商務大床房:HK$181', '豫見商務標準間:HK$187', '豫見行政標準間:HK$208', '豫見行政大床房:HK$216']"
如家商旅酒店（南陽人民路信臣路店）,9.7,"['商務大床房:HK$182', '商務雙床房{零壓枕頭+徠芬吹風機}:HK$190', '高級大床房:HK$199', '高級雙床房{零壓枕頭+徠芬吹風機}:HK$199']"
南陽仲景大道亞朵酒店,9.6,"['雅緻大床房（投屏+智能客控+迷你冰箱）:HK$380', '高級大床房（投屏+智能客控+迷你冰箱）:HK$410', '行政雙床房（投屏+智能客控+迷你冰箱）:HK$410', '行政大床房（投屏+智能客控+迷你冰箱）:HK$440', '幾木大床房（投屏+智能客控+迷你冰箱）:HK$471']"
南陽市政府漫心酒店,9.8,"['雅緻大床房（投屏+智能客控+迷你冰箱）:HK$371', '心怡大床房（投屏+智能客控+迷你冰箱）:HK$402', '心怡標準房（投屏+智能客控+迷你冰箱）:HK$402', '心悦高級標準房（投屏+智能客控+迷你冰箱）:HK$431', '心悦高級大床房（投屏+智能客控+迷你冰箱）:HK$431']"
錦玉酒店（南陽市政府店）,9.5,"['陽光智能舒適雙床房（全屋客控）:HK$184', '特享房:HK$191', '陽光智能高級大床房（全屋客控）:HK$234', '陽光智能豪華大床房（全屋客控）:HK$255']"
世紀星假日酒店（南陽火車站師範學院店）,9.6,"['商務大床房（私享靜謐空間+精緻睡眠）:HK$182', '商務雙床房（私享靜謐空間+獨立辦公）:HK$182', '零壓大床房（科學減壓深度睡眠+採光極佳）:HK$216', '豪華雙床房（獨立衣帽間+小冰箱）:HK$228']"
西柚酒店（南陽火車站府衙店）,9.6,"['雅緻大床房:HK$172', '零壓雙床房:HK$172', '輕奢大床房:HK$197', '智享雙床房:HK$249']"
畫朗酒店（南陽市政府店）,9.6,"['小度智控梵高奇遇大床房:HK$247', '小度智控梵高初見大床房:HK$293', '小度智控畢加索逸途雙床房:HK$293', '小度智控梵高心動大床房:HK$317']"
凱里亞德酒店（南陽市政府萬悦城店）,9.6,"['樂享大床房【智能客控+電視投屏】:HK$266', '優享大床房[智能客控+徠芬吹風機+電視投屏]:HK$295', '榮享大床房[智能客控+凝膠記憶枕]:HK$325', '榮享雙床房【智能客控+凝膠記憶枕】:HK$325']"
維也納酒店（南陽獨山大道店）,9.5,"['高級雙床房:HK$235', '高級大床房:HK$243', '豪華大床房:HK$274', '豪華雙床房:HK$274']"
全季酒店（南陽中關村產業園）,9.7,"['高級大床房（智能客控+金可兒床品）:HK$261', '商務大床房（智能客控+落窗街景）:HK$280', '舒壓高級大床房（零壓乳膠枕+靜謐空間）:HK$289', '雙床房（智能客控+無線投屏）:HK$298']"
鷗凱雅苑（南陽萬達廣場醫聖祠店）,9.6,"['雅居大床房【唯美園景+靜謐空間】:HK$251', '雅苑大床房:HK$294', '雅苑雙床房:HK$301', '雅悦行政大床房:HK$337']"
南陽唯尚精選酒店（火車站建設西路店）,9.6,"['輕築大床房:HK$156', '輕築雙床房:HK$174', '城景大床房:HK$191', '城景雙床房:HK$209']"
鷗凱酒店（南陽市政府店）,9.6,"['古風·庭院大床房（智能家居+洗衣機、烘乾機）:HK$197', ""翰墨'温馨雙床房（智能家居+洗衣房、烘乾機）:HK$244"", '舒適雙床房（洗衣機、烘乾機）:HK$271', '親子家庭房（童趣帳篷+小童用品）:HK$283']"
蘭歐·尚品酒店（南陽獨山大道店）,9.6,"['智能大床房:HK$215', '智能雙床房:HK$224', '蘭藝影音房（投影儀+智能客控）:HK$224', '蘭逸智能大床房:HK$240']"
星程酒店（南陽姜營機場店）,9.7,"['高級大床房:HK$255', '商務雙床房:HK$274', '商務大床房:HK$274', '豪華家庭房:HK$302']"
麒御酒店（南陽建業凱旋廣場店）,9.6,"['林間·舒適大床房:HK$171', '謐林·影視大床房:HK$192', '森語·陽台大床房:HK$192', '綠語·商務雙床房:HK$192']"
南陽行園酒店（萬悦城店）,9.7,"['智能高級大床房:HK$214', '智能高級雙床房:HK$224', '智能行政大床房:HK$244', '智能行政雙床房:HK$254']"
經緯智慧酒店（南陽卧龍崗師範學院店）,9.3,"['智慧大床房:HK$172', '雅緻觀影房:HK$172', '風雅觀景房:HK$201', '陽光標準間:HK$262']"
南陽信臣東路市檢察院漫心酒店,9.8,"['心雅舒適大床房（投屏+智能客控+迷你冰箱）:HK$321', '心怡標準雙床房（投屏+智能客控+迷你冰箱）:HK$321', '心怡標準大床房（投屏+智能客控+迷你冰箱）:HK$352', '心悦高級雙床房（投屏+智能客控+迷你冰箱）:HK$352', '心悦高級大床房（投屏+智能客控+迷你冰箱）:HK$381']"
南陽南山茉舍酒店（市政府萬悦城店）,9.5,"['楠溪大床房:HK$183', '青松雙床房:HK$195', '芳菊大床房（小冰箱+投屏電視）:HK$204', '孤雲豪華特大床房（享靜逸浴缸泡浴）:HK$274', '園居商務特大床房（隔斷小客廳）:HK$284']"
西柚麗呈酒店（南陽仲景大道店）,9.7,"['零壓大床房「 小度智能家居+無線投屏 」:HK$218', '智能雙床房「智能客控+零壓床墊」:HK$229', '智能大床房「 徠芬吹風機+品牌洗護用品 」:HK$235', '臻享雙床房「 榻榻米軟墊+智能音控+電視投屏 」:HK$251']"
全季酒店（南陽鳥巢體育中心店）,9.8,"['商務大床房:HK$376', '舒壓-高級大床房:HK$396', '高級雙床房:HK$405', '套房:HK$517']"
南陽建業森林半島假日酒店,9.6,"['假日高級客房:HK$440', '高級雙床房（園林景觀）:HK$440', '高級大床房（園林景觀）:HK$469', '高級雙床房（湖景）:HK$469', '高級雙床房（白河景觀）:HK$496', '高級大床房（湖景）:HK$496']"
麒御酒店（南陽人民路店）,9.5,"['精緻大床房:HK$133', '雅緻雙床房:HK$150', '夢幻影視大床房:HK$161', '靜享觀景大床房:HK$162']"
月季花園酒店（南陽院士小鎮姜營機場店）,8.5,"['高級大床房:HK$331', '高級雙床房:HK$331', '行政套房:HK$776', '臨湖獨棟別墅:HK$1,747']"
南陽王府飯店（府衙店）,9.3,"['商務大床房:HK$185', '商務標間:HK$185', '豪華商務標間B:HK$196', '豪華商務標間A:HK$216']"
桔子酒店（南陽張衡大道店）,9.5,"['大床房:HK$359', '高級大床房（電動窗簾+智能衞浴）:HK$368', '雙床房（電動窗簾+智能衞浴）:HK$368', '豪華大床房:HK$378']"
南陽千潯酒店（仲景路張衡路店）,9.8,"['舒心・暢享大床房（零壓床墊+飛科吹風機+凈化新風）:HK$191', '明燦•怡享大床房（零壓床墊+全屋智能+凈化新風）:HK$238', '晴光・怡享雙床房（零壓床墊+全屋智能+凈化新風）:HK$238', '雅韻攬城・悦享雙床房（零壓床墊+全屋智能+凈化新風）:HK$310']"
花園裡精選酒店（南陽師範學院卧龍崗景區店）,9.6,"['歡朋嚴選雙床房:HK$151', '榻榻米大床房:HK$151', '普通智能雙床房:HK$167', '智慧優選大床房（智能客控）:HK$167']"
南陽念念西柚酒店（人民北路南航大廈店）,9.8,"['念念大床房:HK$204', '西柚大床房:HK$212', '智能大床房:HK$260', '城景大床房:HK$287']"
南陽金凱悦東方酒店,8.6,"['精緻單人間:HK$184', '商務標間:HK$260', '雅緻標準間:HK$293', '凱悦單間:HK$327']"
南陽梅溪美侖酒店,9.6,"['大床房:HK$510', '雙床房:HK$510', '豪華雙床房:HK$529', '豪華大床房:HK$529', '豪華套房:HK$652']"
全季酒店（南陽市政府光武大橋店）,9.8,"['高級大床房:HK$318', '高級雙床房:HK$327', '舒壓-高級大床房:HK$337', '舒壓-高級雙床房:HK$355']"
棲悦酒店（南陽府衙淯陽橋店）,9.0,"['河畔逸居榻榻米B-酒店提供自助洗衣房:HK$133', '清風雅居雙床房-酒店提供自助洗衣房:HK$149', '水湄幽夢榻榻米A-酒店提供自助洗衣房:HK$149', '臨河聽瀾飄窗房-酒店提供自助洗衣房:HK$172']"
南陽仲景書院,9.4,['艾品行政套房:HK$970']
途客都市酒店（南陽卧龍店）,9.6,"['途享大床房：{AI智能+乾濕分離+智能馬桶}:HK$202', '途奢大床房：{AI智能+商務辦公+智能馬桶+乾濕分離}:HK$229', '途享雙床房：{AI智能+乾濕分離+智能馬桶}:HK$229', '途客影音房：{AI智能+乾濕分離+100寸巨幕投屏}:HK$267']"
南都賓館（南陽火車站新華城市廣場店）,9.3,"['普通標準房:HK$125', '精品標準房:HK$157', '精品大床房:HK$159', '優選雙床房:HK$174']"
銀河賓館（南陽火車站新華城市廣場店）,9.2,"['經濟標準間C:HK$144', '經濟大床房C:HK$144', '經濟標準間B:HK$166', '經濟大床房B:HK$166']"
南陽蘭亭酒店（北京大道光武西路店）,9.4,"['特惠雙床房:HK$174', '精選雙床房:HK$205', '精選大床房:HK$227', '雅緻大床房:HK$250']"
桔子酒店（南陽光武大道店）,9.7,"['高級大床房:HK$305', '豪華大床房:HK$325', '行政大床房:HK$327', '高級雙床房:HK$345']"
南陽卧龍印象酒店（卧龍師院店）,9.4,"['智能雅緻大床房【智能客控＋無線投屏+0壓床墊】:HK$145', '智能雙床房【智能客控+0壓床墊】:HK$145', '智能尊享雙床房【智能客控＋無線投屏+0壓床墊】:HK$179', '智能精品大床房【智能客控＋0壓床墊＋無線投屏】:HK$179']"
維也納酒店（南陽人民路店）,9.5,"['高級雙床房:HK$211', '高級大床房:HK$211', '豪華雙床房:HK$243', '豪華大床房:HK$243']"
南陽阿爾特精緻酒店（南陽火車站武侯祠店）,9.2,"['精緻大床房:HK$127', '精緻雙床房:HK$143', '豪華大床房:HK$153', '豪華雙床房:HK$164']"
南陽盛世開元喜宴酒店（人民北路店）,9.4,"['簡約大床房:HK$117', '簡約雙床房:HK$164', '行政雙床房:HK$236', '休閑大床房:HK$257']"
