酒店名称,评分,房型价格列表
安徽世紀金源大飯店,9.3,"['高級大床房:HK$480', '高級雙床房:HK$480', '高級休閑套房:HK$608', '豪華雙床房:HK$667', '豪華大床房:HK$667', '行政大床房:HK$680']"
合肥樂富強鉑悦酒店,9.7,"['豪華雙床房:HK$588', '豪華大床房:HK$621', '豪華精選雙床房:HK$632', '豪華精選大床房:HK$664', '星際漫遊親子主題房:HK$763', '浪漫公主親子房:HK$763']"
合肥淮河路步行街市府廣場亞朵酒店,9.8,"['行政大床房-智能客控-65寸可投屏電視:HK$412', '行政雙床房-智能客控-65寸可投屏電視:HK$412', '幾木大床房-智能客控-65寸可投屏電視-深睡PRO記憶枕:HK$439', '幾木雙床房-智能客控-65寸可投屏電視-深睡PRO記憶枕:HK$439', '幾木套房-智能客控-65寸可投屏電視-深睡PRO記憶枕:HK$718']"
合肥高鐵南站北廣場怡程酒店,9.8,"['智能高級大床房（雅蘭床墊+中式茶具+迷你冰箱）:HK$311', '影院高級大床房（雅蘭床墊+中式茶具+百寸影屏）:HK$335', '智能商務大床房（雅蘭床墊+中式茶具+迷你冰箱）:HK$359', '智能商務雙床房（雅蘭床墊+中式茶具+迷你冰箱）:HK$383', '智能豪華大床房（雅蘭床墊+中式茶具+迷你冰箱）:HK$407']"
合肥銀泰君亭酒店（步行街店）,9.3,"['城景雙床房:HK$382', '城景大床房:HK$382', '豪華雙床房:HK$462', '豪華大床房:HK$462', '雙拼超寬大床房:HK$494', '全景浴缸概念房:HK$556']"
合肥明珠瑞士酒店,9.6,"['城景豪華特大床房:HK$515', '城景豪華雙床房:HK$515', '瑞士精選特大床房:HK$561', '瑞士行政特大床套房:HK$645', '瑞士精選親子特大床房:HK$832', '豪華套房:HK$1,264']"
合肥兩淮天鵝湖大酒店,9.6,"['高級雙床房:HK$430', '高級大床房:HK$430', '豪華城市景觀大床房:HK$462', '豪華城市景觀雙床房:HK$462', '夢百合0壓大床房:HK$483', '行政大床房:HK$517']"
92·漫步雲景酒店（合肥高鐵南站店）,9.5,"['漫語·初識大床房【全屋語音客控丨65寸投屏電視】:HK$273', '漫語·初識雙床房【全屋語音客控丨65寸投屏電視】:HK$273', '漫選·朝露大床房【超大床丨護髮高速吹風機】:HK$299', '漫選·影音雙床房【高清巨幕投影丨拍照出片】:HK$299', '漫享·私湯大床房【臨窗浴缸丨智能馬桶】:HK$320']"
中央公園酒店（合肥南站駱崗公園店）,9.7,"['沁馨·景觀大床房 [歐舒丹洗護用品+西門子洗烘一體機]:HK$621', '沁馨·景觀雙床房 [歐舒丹洗護用品+西門子洗烘一體機]:HK$621', '沁境·靜謐豪華套房 [歐舒丹洗護套裝+西門子洗烘一體機+星巴克Coffee機+Dreame負離子吹風機]:HK$653', '沁境·靜謐私享套房[40m²超大客廳+歐舒丹洗護套裝+西門子洗烘一體機+星巴克Coffee機]:HK$763', '沁境·靜謐甄選套房[45㎡超大客廳+私享35㎡茶室+歐舒丹洗護套裝+科勒浴缸+西門子洗烘一體機]:HK$872', '沁園·庭院豪華房[獨立32㎡庭院+歐舒丹洗護套裝+西門子洗烘一體機+Dreame負離子吹風機]:HK$872']"
合肥君悦酒店,9.8,"['君悦豪華大床房:HK$1,252', '君悦豪華雙床房:HK$1,252', '嘉賓軒豪華雙床房:HK$1,847', '嘉賓軒豪華大床房:HK$1,847', '嘉賓軒尊享大床房:HK$2,394', '君悦豪華套房:HK$2,593']"
合肥高新區創新產業園頤朵酒店,9.6,"['商務大床房:HK$294', '雅緻大床房:HK$349', '高級雙床房:HK$370', '高級大床房:HK$392', '行政雙床房:HK$403']"
安徽民航君瀾大飯店,9.7,"['高級大床房:HK$411', '高級雙床房:HK$411', '豪華君瀾大床房:HK$477', '行政大床房:HK$509', '豪華套房:HK$786', '行政套房:HK$786']"
合肥及早酒店,9.7,"['不一樣的複式大床房:HK$305', '現在好了-舒適特色雙床房【馬歇爾音響+戴森吹風機+金可兒床墊+可投屏】:HK$360', '捕捉24小時-LOFT複式特色大床房【馬歇爾音響+戴森吹風機+金可兒床墊】:HK$360', '舒適大床房-行吟時刻【馬歇爾音響戴森吹風機+可投屏】:HK$371', '慵懶愜意大床房 【馬歇爾音響+戴森吹風機】:HK$386']"
尚品花園酒店（合肥火車站生態公園店）,9.4,"['舒適大床房 | 【乾濕分離+一次性馬桶墊】:HK$188', '舒適雙床房 | 【乾濕分離+一次性馬桶墊】:HK$188', '精選大床房 | 【舒適好眠+全景落地窗】:HK$224', '精選雙床房 | 【舒適好眠+全景落地窗】:HK$224']"
合肥濱湖富茂大飯店,9.8,"['靜享大床房（新風系統+高美洗護用品+超大浴缸）:HK$391', '舒享雙床房（獨立洗烘一體機+高美洗護用品+超大浴缸）:HK$447', '悦享雙床房（洗烘一體機+超大浴缸+金可兒護脊深睡床墊）:HK$484', '舒享大床房 （獨立洗烘一體機+智能馬桶+超大浴缸）:HK$497', '樂享雙床房（深睡記憶枕+護脊深睡床墊+高美洗護用品）:HK$522', '悦享大床房（獨立洗烘一體機+金可兒護脊深睡床墊）:HK$534']"
合肥融創永樂半山酒店,9.4,"['豪華園景大床房:HK$462', '豪華園景雙床房:HK$462', '豪華湖景大床房:HK$517', '豪華湖景雙床房:HK$517', '行政湖景陽台雙床房:HK$646', '行政湖景陽台大床房:HK$646']"
FunGee歡致酒店（合肥淮河路步行街銀泰中心店）,9.7,"['歡言大床房（55寸投屏電視+舒達零壓床墊+小冰箱）:HK$327', '歡欣雙床房（55寸投屏電視+舒達零壓床墊+小冰箱）:HK$338', '歡悦大床房（55寸投屏電視+舒達零壓床墊+小冰箱）:HK$348', '歡暢雙床房（55寸投屏電視+舒達零壓床墊+小冰箱）:HK$360', '歡喜影院榻榻米房（星空頂+100寸高清投屏投影儀+小冰箱）:HK$370']"
合肥洲際酒店,9.8,"['高級雙床房:HK$967', '高級特大床房:HK$967', '高級特大床花園景觀房:HK$1,055', '高級雙床城市景觀房:HK$1,055', '行政特大床房:HK$1,310', '行政雙床房:HK$1,310']"
合肥高鐵西站東廣場華爾頓酒店,9.5,"['精緻大床房:HK$435', '雅緻大床房:HK$446', '麗致大床房:HK$457', '精緻雙床房:HK$468', '雅緻雙床房:HK$479']"
逍·ISVARA設計師酒店（淮河路步行街店）,9.3,"['標準大床房（實木設計師家居+全屋智能語音控制）:HK$308', '隱海大床房（實木設計師家居+智能語音控制+新風系統）:HK$308', '高級大床房（實木設計師家居+智能語音控制+超大采光）:HK$340', '行政雙床房（實木設計師家居+全智能語音+超大落地窗）:HK$373', '逍遙大床房（實木設計師家居+榻榻米超大落地窗+浴缸）:HK$386']"
合肥戴斯温德姆酒店（淮河路步行街店）,9.5,"['高級大床房:HK$354', '高級雙床房:HK$386', '豪華大床房:HK$419', '豪華雙床房:HK$453', '行政大床房:HK$520']"
合肥栢景朗廷酒店,9.8,"['豪華雙床房:HK$906', '豪華大床房:HK$906', '臨空城景豪華大床房:HK$1,000', '雲端城景行政大床房:HK$1,150', '雲端城景行政雙床房:HK$1,150', '180°臨空行政全景大床房:HK$1,161']"
合肥融創鉑爾曼酒店,9.3,"['高級大床房:HK$395', '高級雙床房:HK$395', '豪華湖景大床房:HK$440', '豪華湖景雙床房:HK$440', '行政大床房:HK$598', '行政雙床房:HK$598']"
合肥香格里拉大酒店,9.6,"['都市城景豪華大床房:HK$639', '都市城景豪華雙床房:HK$639', '都市城景尊榮大床房:HK$780', '雲端豪華閣豪華大床房:HK$874', '雲端豪華閣豪華雙床房:HK$874', '雲端豪華閣尊榮大床房:HK$1,109']"
合肥富力威斯汀酒店,9.5,"['威斯汀大床房:HK$995', '威斯汀雙床房:HK$995', '威斯汀豪華大床房:HK$1,039', '威斯汀豪華雙床房:HK$1,039', '豪華煥彩大床房:HK$1,159', 'B.duck小黃鴨主題親子房:HK$1,200']"
合肥濱湖會展中心錦綉大道亞朵S酒店,9.7,"['行政雙床房-投屏+深睡系列+智能客控+LELABO洗護沐:HK$430', '尊享大床房-投屏+深睡系列+智能客控+LELABO洗護沐:HK$448', '尊享雙床房-投屏+深睡系列+智能客控+LELABO洗護沐:HK$448', '尊享城景大床房-投屏+深睡系列+智能客控+LELABO洗護沐:HK$466', '行政套房-投屏+深睡系列+智能客控+LELABO洗護沐:HK$493']"
合肥古井假日酒店,9.4,"['高級大床房:HK$305', '高級雙床房:HK$305', '商務大床房:HK$347', '豪華大床房:HK$360', '豪華房-大床:HK$360', '豪華房-雙床:HK$360']"
合肥西站四里河希爾頓歡朋酒店,9.7,"['舒適大床房（舒達專利床墊+科勒衞浴+人體工學座椅+辦公書桌）:HK$352', '舒適雙床房（舒達專利床墊+科勒衞浴+人體工學座椅+辦公書桌）:HK$352', '高級大床房（舒達專利床墊+科勒衞浴+人體工學座椅+辦公書桌）:HK$382', '高級雙床房（舒達專利床墊+科勒衞浴+人體工學座椅+辦公書桌）:HK$382', '豪華大床房（舒達專利床墊+科勒衞浴+小冰箱+人體工學座椅+辦公書桌）:HK$413']"
合肥世紀緣國際酒店（高新區汽車西站地鐵站店）,9.3,"['特惠大床房:HK$239', '商務大床房（全景落地窗+衞生間乾濕分離+小冰箱）:HK$263', '商務雙床房（全景落地窗+衞生間乾濕分離+小冰箱）:HK$263', '豪華大床房（全景落地窗+小冰箱）:HK$284', '豪華雙床房（全景落地窗+小冰箱）:HK$284']"
瑯盛國際酒店（合肥天鵝湖萬達廣場店）,9.6,"['精緻大床房:HK$272', '輕奢大床房:HK$301', '城景雙床房:HK$332', '尊享雅緻大床房:HK$332', '豪華商務湖景雙床房+全景落地:HK$370']"
合肥經開區希爾頓歡朋酒店,9.5,"['舒適大床房:HK$435', '舒適雙床房:HK$435', '高級雙床房:HK$479', '高級大床房:HK$479', '親子房:HK$500']"
合肥駱崗中央公園上海路亞朵酒店,9.8,"['行政雙床房（可投屏）:HK$340', '高級大床房（可投屏）:HK$349', '行政大床房（可投屏）:HK$367', '行政城景雙床房（可投屏）:HK$367', '行政城景大床房（可投屏）:HK$385']"
合肥市府廣場美居酒店,9.8,"['高級房-大床（小冰箱+65寸投屏電視+金可兒床墊）:HK$438', '高級房-雙床（小冰箱+65寸投屏電視+金可兒床墊）:HK$438', '豪華房-大床（小冰箱+65寸投屏電視+金可兒床墊）:HK$467', '豪華房-雙床（小冰箱+65寸投屏電視+金可兒床墊）:HK$467', '嘉賓房-大床（小冰箱+65寸投屏電視+金可兒床墊）:HK$516']"
合肥蜀山福朋喜來登酒店,9.1,"['傳統雙床房:HK$715', '傳統大床房:HK$715', '豪華雙床房:HK$766', '豪華大床房:HK$766', '精選豪華客房:HK$817', '行政雙床房:HK$919']"
安徽飯店,9.3,"['特價雙床房:HK$358', '特價大床房:HK$392', '商務景觀雙床房（靜謐空間+環城河景）:HK$424', '商務雙床房:HK$424', '商務單間:HK$479']"
合肥正大廣場繁華大道亞朵X酒店,9.7,"['雅緻大床房（可投屏+小冰箱）:HK$367', '高級雙床房（可投屏+小冰箱）:HK$385', '高級大床房（可投屏+小冰箱）:HK$412', '高級園景大床房（帶陽台+可投屏+小冰箱）:HK$439', '行政雙床房（可投屏+小冰箱）:HK$439']"
合肥明珠廣場桔子水晶酒店,9.8,"['商務雙床房（Sealy床墊+藍牙音響+徠芬吹風機+新風）:HK$422', '商務大床房（Sealy床墊+藍牙音響+徠芬吹風機+新風）:HK$422', '豪華雙床房（Sealy床墊+藍牙音響+徠芬吹風機+新風）:HK$452', '豪華大床房（Sealy床墊+藍牙音響+徠芬吹風機+新風）:HK$452', '行政大床房（Sealy床墊+藍牙音響+徠芬吹風機+新風）:HK$482']"
曼居酒店（合肥濱湖方圓薈店）,10.0,"['曼享高級大床房（智能客控+電視投屏+喜臨門床墊）:HK$326', '曼享豪華大床房（智能客控+電視投屏+喜臨門床墊）:HK$370', '曼享豪華雙床房（智能客控+電視投屏+喜臨門床墊）:HK$402', '曼享行政大床房（智能客控+中式茶具+全景落地窗）:HK$470', '曼享行政雙床房（智能客控+中式茶具+全景落地窗）:HK$470']"
合肥新站利港喜來登酒店,9.6,"['豪華大床房:HK$615', '豪華雙床房:HK$615', '豪華荷里活房:HK$615', '舒適家庭大床房:HK$615', '特級豪華大床房:HK$668', '特級豪華雙床房:HK$668']"
合肥海滙假日酒店,9.4,"['高級城景大床房:HK$357', '高級城景雙床房:HK$357', '豪華觀景大床房:HK$445', '尊貴景觀大床房:HK$557', '尊貴景觀雙床房:HK$557']"
合肥濱湖希爾頓歡朋酒店,9.7,"['舒適雙床房:HK$440', '舒適大床房:HK$450', '高級園景雙床房:HK$469', '高級園景大床房:HK$479', '高級親子房:HK$508']"
合肥濱湖銀泰城雲谷路亞朵酒店,9.8,"['高級雙床房（65寸投屏電視）:HK$376', '高級大床房（65寸投屏電視）:HK$394', '幾木雙床房（65寸投屏電視+深睡Pro枕+小冰箱）:HK$412', '幾木大床房（65寸投屏電視+深睡Pro枕+小冰箱）:HK$430', '幾木親子房（65寸投屏電視+深睡Pro枕+小冰箱）:HK$457']"
合肥望江西路洪崗地鐵站亞朵酒店,9.6,"['雅緻房:HK$394', '高級雙床房:HK$412', '高級大床房:HK$430', '幾木大床房:HK$520', '幾木雙床房:HK$520']"
海貝聯盟酒店（合肥濱湖國際會展中心中央公園店）,9.4,"['商務大床房【高清投屏電視】:HK$306', '商務標準間【高清投屏電視】:HK$306', '海貝影視大床房【高清投屏電視】:HK$339', '海貝精品大床房【高清投屏電視】:HK$350', '海貝高級大床房【高清投屏電視】:HK$373']"
安徽高速徽風皖韻酒店,9.7,"['高級大床房:HK$633', '高級雙床房:HK$633', '精選大床房:HK$655', '豪華大床房:HK$742', '行政雙床房:HK$961', '行政大床房:HK$961']"
北尚世紀金源大飯店,9.7,"['高級單間:HK$470', '高級標間:HK$470', '高級景觀單間:HK$525', '豪華單間:HK$557', '豪華標間:HK$557', '豪華景觀單間:HK$612']"
合肥創新產業園雲飛路天源迪科國際會議中心酒店,9.6,"['特惠大床房:HK$328', '特惠雙床房:HK$328', '高級大床房:HK$349', '高級雙床房:HK$349', '商務大床房:HK$424']"
合肥蜀山高新產業園長江西路亞朵酒店,9.8,"['高級雙床房（可投屏）:HK$394', '高級大床房（可投屏）:HK$412', '行政雙床房（可投屏）:HK$430', '行政大床房（可投屏）:HK$448', '幾木大床房:HK$484']"
合肥中科大港航美侖酒店,9.5,"['高級大床房:HK$352', '高級雙床房:HK$352', '商務雙床房:HK$381', '豪華雙床房:HK$400', '豪華大床房:HK$402']"
合肥富茂國際酒店（明珠廣場店）,9.5,"['特惠心享大床房【洗烘一體機+智能馬桶】:HK$283', '安享大床房【洗衣機+金可兒床墊】:HK$316', '安享雙床房【洗衣機+金可兒床墊】:HK$316', '舒享高級雙床房【洗衣機+金可兒床墊+超大落地窗】:HK$332', '舒享高級大床房【洗衣機+金可兒床墊】:HK$332']"
