酒店名称,评分,房型价格列表
桔子酒店（吐魯番綠洲西路店）,9.7,"['加州陽光雙床房【金可兒床墊|電視投屏|加濕器】:HK$437', '月若鎏金雙床房【金可兒床墊|電視投屏|加濕器】:HK$465', '加州陽光大床房【金可兒床墊|電視投屏|加濕器】:HK$465', '月若鎏金大床房【金可兒床墊|電視投屏|加濕器】:HK$493']"
吐魯番希爾頓歡朋酒店,9.7,"['舒適雙床房:HK$767', '舒適大床房:HK$796', '高級雙床房:HK$815', '高級大床房:HK$844', '豪華雙床房:HK$863']"
交河華域酒店（吐魯番大巴扎店）,9.5,"['特惠雙床房:HK$432', '雅緻雙床房:HK$464', '靜謐雙床房:HK$464', '雅緻大床房:HK$480']"
宜必思尚品酒店（吐魯番北站廣場店）,9.6,"['高級大床房:HK$331', '商務大床房:HK$362', '豪華大床房:HK$381', '高級雙床房:HK$391']"
吐魯番萬達美華酒店,9.2,"['豪華雙床房（全屋智能+電視投屏+金可兒床墊+AccaKappar洗護）:HK$622', '豪華大床房（全屋智能+電視投屏+金可兒床墊+AccaKappar洗護）:HK$622', '豪華雙床房（荷里活雙床房+全屋智能+金可兒床墊+AccaKappar洗護）:HK$622', '高級豪華大床房（全屋智能+冷藏魔盒冰箱+金可兒床墊+AccaKappar洗護）:HK$640', '親子雙床房（全屋智能+家庭房+金可兒床墊+AccaKappar洗護）:HK$640']"
吐魯番悦豐宿集漫心酒店,9.7,"['心悦高級雙床房（mini吧+加濕器+通透景觀）:HK$492', '心悦高級大床房（mini吧+加濕器+浴袍）:HK$512', '特色庭院雙床房（躺椅小院+落地景觀+mini吧）:HK$553', '特色庭院大床房（愜意躺椅小院+民族風格地塌+mini吧）:HK$572', '心享經典大床房（私湯泡池+mini吧+觀景落地窗）:HK$623']"
吐魯番西域卡思酒店,9.2,"['內景單人間:HK$452', '巨幕觀影大床房:HK$555', '巨幕觀影雙床房:HK$555', '悦享單人間:HK$643', '悦享雙人間:HK$643', '豪華三人間:HK$862']"
吐魯番文化西路亞朵酒店,9.5,"['雅緻大床房:HK$510', '雅緻雙床房:HK$510', '高級雙床房:HK$551', '高級大床房:HK$571', '行政大床房:HK$591']"
如家酒店·neo（吐魯番金源路店）,9.6,"['商務大床房A:HK$346', '安心睡大床房:HK$385', '高級雙床房:HK$385', '商務大床房:HK$388']"
全季酒店（吐魯番國泰民生廣場店）,9.6,"['大床房（金可兒床墊+中央空調）:HK$389', '雙床房（金可兒床墊+中央空調）:HK$438', '高級大床房（65寸液晶電視+金可兒床墊+中央空調）:HK$448', '高級雙床房（金可兒床墊+中央空調+辦公桌）:HK$477']"
吐魯番雙城賓館,9.5,"['高級標間:HK$443', '三人間:HK$499', '商務標間:HK$704', '商務單間:HK$713', '行政套房:HK$1,473']"
坎兒井民俗園酒店（坎兒井民俗園景區店）,9.5,"['民俗特價房:HK$380', '特價標準間:HK$397', '貴賓特價房:HK$425', '時澗畫廊大床房:HK$490']"
焰嶺棲舍民宿（吐魯番悦豐宿集店）,9.6,"['焰嶺沐光大床房（dyson吹風機+滾筒洗衣機+浴缸+智控）:HK$789', '嶺上觀焰雙床房（dyson吹風機+滾筒洗衣機+浴缸+智控）:HK$834', '赤焰謐境大床房（dyson吹風機+洗衣機+三角浴缸+智控）:HK$899', '雲棲親子間（mini吧+加濕器+小童洗護套裝浴袍）:HK$942', '雲棲別院（三室一廳+小廚房+小冰箱+小童洗護套浴袍）:HK$1,422']"
吐魯番火洲美居酒店,9.6,"['高級雙床房（智能客控+金可兒床墊）:HK$603', '高級大床房（智能客控+金可兒床墊）:HK$623', '豪華大床房（智能客控+金可兒床墊+加濕器+景觀優美）:HK$642', '豪華雙床房（智能客控+金可兒床墊+景觀優美）:HK$642', '嘉賓大床房:HK$693']"
錦江都城酒店（吐魯番行政中心店）,9.4,"['精緻雙床房:HK$449', '精緻商務房:HK$474', '風雅雙床房:HK$492', '都會商務房:HK$517', '風雅商務房:HK$767']"
赤亭驛民宿（吐魯番悦豐宿集店）,9.6,"['赤亭·山色萬里 雙床房:HK$403', '赤亭·塞外天曉大床房:HK$403']"
達卜·九宿民宿,9.4,"['葡萄架下榻榻米大床房·高顏值摩洛哥風·私家庭院:HK$506', '葡萄架下西域大床房·高顏值摩洛哥風·私家庭院:HK$541', '葡萄架下榻榻米雙床房·高顏值摩洛哥風·私家庭院:HK$541', '桑葚樹下榻榻米雙床房·高顏值摩洛哥風·私家庭院:HK$541']"
季楓國際酒店（文化西路店）,9.4,"['高級雙床房（智能客控+智能馬桶+洗衣機）:HK$664', '高級大床房（智能客控+智能馬桶+洗衣機）:HK$664', '商務雙床房（智能客控+智能馬桶+沙發椅）:HK$708', '商務大床房（智能客控+智能馬桶+沙發椅）:HK$708']"
吐魯番阿凡提莊園,9.7,"['葡萄滕下庭院大床房:HK$1,074', '傳統民族風親子房:HK$1,093', '葡萄滕下庭院雙床房:HK$1,101', '葡萄庭院民族風親子房:HK$1,129']"
姆納爾格民宿（吐魯番悦豐宿集店）,9.7,"['絲路築語大床房（dyson加濕器吹風機+BVLGARI洗護沐）:HK$892', '葡光落影大床房（超大泡池+dyson護理+BVLGARI洗護沐）:HK$928', '葡鄉掠風大床房（dyson護理家電+私湯+BVLGARI）:HK$953', '葡藤庭院大床房（dyson加濕器+吹風機+BVLGARI洗護沐）:HK$1,046', '姆納假日小套房（私湯+dyson護理+BVLGARI+親子雙床）:HK$1,553', '萄樂榻榻米家庭套房（私湯+童趣洗護套+dyson護理）:HK$1,852']"
吐魯番•再遇美宿（葡萄溝達瓦孜風情園店）,9.6,"['丨花澗丨情侶大床房:HK$444', '丨陌鳴丨葡萄庭院大床房③號院:HK$470', '丨拾光丨商旅雙床房:HK$532', '丨溪畔丨木屋親子房:HK$592']"
全季酒店（吐魯番高昌路店）,9.0,"['雙床房:HK$429', '高級雙床房:HK$456', '高級大床房:HK$495', '舒壓-高級雙床房:HK$495']"
吐魯番智選假日酒店（美景天城美食街店）,9.4,"['荷里活雙床房:HK$518', '標準雙床房:HK$569', '標準大床房:HK$569', '高級雙床房:HK$619', '高級套房:HK$874']"
吐魯番八風谷民宿,9.6,"['風語庭院雙床房:HK$1,176', '葡萄庭院窗景大床房:HK$1,176', '葡萄晾房風親子房:HK$1,242', '風語庭院親子房:HK$1,301', '輕奢露台大床房:HK$1,301']"
吐魯番火山紅酒莊,9.2,"['豪華標間:HK$556', '行政單間:HK$556', '園景大床房:HK$587', '風情酒桶大床房:HK$602', '風情酒桶雙床房:HK$603']"
吐魯番綠洲西路桔子水晶酒店,9.6,"['高級大床房【絲漣床墊|侍寢香氛|香凡羅蒂洗護】:HK$642', '高級雙床房【絲漣床墊|侍寢香氛|香凡羅蒂洗護】:HK$673', '豪華大床房【絲漣床墊|侍寢香氛|香凡羅蒂洗護】:HK$691', '豪華雙床房【絲漣床墊|侍寢香氛|香凡羅蒂洗護】:HK$703', '行政大床房【絲漣床墊|侍寢香氛|香凡羅蒂洗護】:HK$732']"
吐魯番友誼峯假日酒店,9.2,"['豪華標準間:HK$312', '豪華單人間:HK$312', '三人間:HK$476', '豪華套房:HK$620']"
吐魯番西州國際酒店,8.9,"['普通標準間:HK$300', '商務標間:HK$324', '豪華標間:HK$348', '豪華單間:HK$445']"
吐魯番融悦酒店,9.7,"['特惠大床房:HK$323', '特惠標準間:HK$332']"
吐魯番西域印象民宿坊,9.3,"['古風雙床房:HK$361', '古風大床房:HK$370', '園景雙床房:HK$556', '園景大床房:HK$556']"
吐魯番遲夏民宿（坎兒井源店）,9.4,"['悦池聽風·特惠雙床房（超清觀影+智能音響+加濕器）:HK$457', '星池夜話·雅緻雙床房（超清觀影+智能音響+加濕器）:HK$610', '水漾假期·優選雙床房（超清觀影+智能音響+加濕器）:HK$763', '嬉水時光·童趣親子房（超清觀影+智能音響+加濕器）:HK$992']"
吐魯番葡晶國際酒店,8.9,"['雅緻特價大床房:HK$218', '雅緻特價標準雙床房:HK$218', '商務標間:HK$443', '歐式標間:HK$462']"
吐魯番無半Villa民宿,9.1,"['舒心影院榻榻米:HK$384', '子合·精品榻榻米:HK$443', '雅緻大床房:HK$557', '龜茲·標準雙床房:HK$619']"
吐魯番箜篌小院·宿夏民宿,9.3,"['宿夏特色雙床房:HK$294', '宿夏葡景大床房:HK$380', '宿夏特色木雕大床房:HK$380', '宿夏特色木雕雙人房:HK$380']"
維也納酒店（吐魯番文化西路店）,9.1,"['高級大床房:HK$384', '高級雙床房:HK$401', '豪華大床房:HK$424', '豪華雙床房:HK$424']"
悦庭酒店（吐魯番西環北路店）,9.3,"['大床房:HK$297', '雙床房:HK$345', '高級大床房:HK$355', '家庭房:HK$393']"
晟態民宿（吐魯番葡萄溝青蛙巷）,10.0,"['晾房風語·温馨標準大床房:HK$387', '葡萄架下·舒適標準雙床房:HK$472', '絲路駝鈴·特色木屋雙人間:HK$472', '青巷蛙鳴·雅緻悠享三人間:HK$591']"
吐嚕·吐嚕民宿（吐魯番坎兒井樂園店）,9.4,"['丨青磚雅筑丨雙床房:HK$301', '丨青巷幽居丨大床房:HK$329', '丨青舍黛瓦丨親子房:HK$470']"
吐魯番之友·阿達西民宿（葡萄溝景區青蛙巷店）,9.8,"['葡萄園景·庭院雙床房:HK$741', '葡萄樹下·庭院大床房:HK$752', '葡萄庭院·星空雙床房:HK$828', '温馨舒適·家庭大套房:HK$1,198']"
達卜青年旅舍（吐魯番葡萄小鎮店）,9.5,"['西域風情土炕房:HK$368', '蔚藍庭院大床房:HK$391', '蔚藍庭院雙床房:HK$391', '榻榻米家庭房:HK$447']"
吐魯番雅爾的花園民宿,9.6,"['太和普通大床房:HK$743', '曼陀林雙床房:HK$743', '鄯月光高級大床房:HK$962', '卑陸親子房:HK$1,180', '池畔大床房:HK$1,617']"
樂遊Loft旅館（吐魯番悦豐宿集店）,9.3,"['高品Loft家庭房（太空椅+2部高配電腦+獨立空間）:HK$643', 'Loft家庭房（雙人高配電腦+獨立空間+雙卧室）:HK$669']"
宏程大酒店（吐魯番絲綢大道政務服務中心店）,9.2,"['舒適大床房:HK$501', '舒適雙床房:HK$534', '温馨家庭房:HK$577', '樂享三人間:HK$610']"
吐魯番萬茂酒店,9.2,['商務標準間:HK$430']
千紫小鎮民宿（吐魯番葡萄溝風景區店）,9.5,"['葡下·浮光【暮夏大床房】:HK$339', '葡下·浮光【初陽雙床房】:HK$514', '葡下·浮光【花朝親子三床房】:HK$589', '紫境千絛（loft木屋雙床房+席夢思床墊+智能飲水機）:HK$758']"
溪畔民宿（吐魯番葡萄溝風景區店）,9.7,['葡藤逸居·葡萄藤下獨棟木屋（木屋loft+智能馬桶）:HK$806']
吐魯番萬星商務酒店,10.0,"['輕奢雙床房:HK$402', '豪華大床房:HK$402', '温馨親子間:HK$478']"
威斯登度假酒店（吐魯番西域時代廣場店）,8.5,['親子間:HK$305']
吐魯番葡萄泉客棧（葡萄溝景區店）,9.5,"['【柏孜克謠光】簡約大床房:HK$732', '【高昌枕月】雙床房:HK$1,013', '【西驛洞語】大床房:HK$1,107', '【交河星夜】雙床房:HK$1,126']"
吐魯番•心遇民宿（葡萄溝景區店）,9.8,"['獨立庭院大床房:HK$426', '葡萄藤下|獨立庭院大床房:HK$464', '葡萄藤下|獨立庭院雙床房:HK$501', '葡萄藤下|獨立庭院加寬雙床房:HK$546']"
