酒店名称,评分,房型价格列表
周口美軒水晶酒店,9.3,"['精品大床房:HK$256', '精品雙人房:HK$277', '水晶雙人房:HK$295', '水晶大床房:HK$313']"
世紀星精品酒店（周口紅星美凱龍店）,9.5,"['精品雙床房（新中式+羅漢椅）:HK$196', '精品大床房（（透氣舒爽羽絨被+寫字枱）:HK$211', '城景商務三人間:HK$229', '按摩大床房-智能按摩床墊:HK$229']"
LONYATT龍悦酒店（周口恐龍歡樂世界店）,9.5,"['高級大床房:HK$314', '高級雙床房:HK$314', '怡園雙床房:HK$434', '沁水大床房:HK$434', '尊賞怡園大床房:HK$477', '尊賞怡園雙床房:HK$477']"
瑰葆酒店（周口川匯區高鐵東站店）,9.4,"['樂享雙床房（全屋智能+空氣凈化器+零壓床墊）:HK$214', '輕享大床房（全屋智能+空氣凈化器+零壓床墊）:HK$236', '樂享大床房（全屋智能+空氣凈化器+零壓床墊）:HK$263', '優享大床房（全屋智能+空氣凈化器+零壓床墊）:HK$281', '優享雙床房（全屋智能+空氣凈化器+零壓床墊）:HK$284']"
周口淮陽希爾頓花園酒店,9.3,"['花園大床房:HK$281', '花園雙床房:HK$281', '無障礙大床房:HK$281', '花園高級大床房:HK$324', '花園高級雙床房:HK$324']"
星程酒店（周口黃河路店）,9.4,"['高級大床房:HK$217', '雙床房:HK$217', '商務雙床房:HK$235', '舒壓高級大床房:HK$235']"
中州頤和酒店（周口師範學院店）,9.7,"['頤和輕享大床房:HK$283', '頤和優享雙床房:HK$286', '頤和優享大床房:HK$286', '頤和超享雙床房:HK$304']"
尚客優酒店（周口交通大道碧桂園店）,9.4,"['標準大床房:HK$194', '舒適大床房:HK$207', '舒適雙床房:HK$207', '優享格調大床房:HK$221']"
7天酒店（周口五一廣場市中心醫院店）,9.6,"['經濟大床房:HK$119', '舒選雙床房:HK$126', '舒選大床房:HK$130', '精選大床房:HK$146']"
周口道琚酒店,9.6,"['特惠雙床房:HK$236', '樂琚大床房:HK$293', '善琚雙床房:HK$293', '厚琚大床房:HK$344']"
周口川匯區希爾頓歡朋酒店,10.0,"['舒適大床房:HK$345', '高級大床房:HK$388', '高級雙床房:HK$388', '豪華大床房:HK$459', '豪華雙床房:HK$459']"
仟那九合精品酒店（周口漢陽路店）,9.7,"['暖心巨惠仕居精緻雙床房:HK$205', '暖心巨惠仕居精緻大床房:HK$205', '竹溪精品雙床房:HK$257', '竹溪精品大床房:HK$257']"
藝龍壹棠酒店（周口川匯區五一文化廣場店）,9.6,"['雅緻大床房 專享獨院停車:HK$195', '海棠雙床房 親膚床品+電視投屏:HK$206', '壹心雙床房 親膚床品+休閑沙發:HK$218', '壹心大床房 樂享時光+電視投屏:HK$218']"
如家商旅酒店（周口七一路五一廣場店）,9.5,"['大床房【零壓床墊】:HK$169', '雙床房【零壓床墊】:HK$176', '商務大床房【零壓床墊】:HK$184', '家庭房【零壓床墊】:HK$192']"
貝殼酒店（周口市中心醫院周口東站店）,9.6,"['雅緻大床房:HK$161', '豪華大床房:HK$169', '豪華雙床房:HK$184']"
周口宴·喜悦酒店,9.5,"['雅居雙床房:HK$162', '逸居大床房:HK$171', '豪華商務套:HK$325', '影音親子套房:HK$334']"
仟那美宿酒店（周口黃河路店）,9.0,"['品悦精緻雙床房【樂享時光+電視投屏+遮光窗簾+乾濕分離+公區設有洗衣機】:HK$165', '品悦精緻大床房【樂享時光+電視投屏+遮光窗簾+乾濕分離+公區設有洗衣機】:HK$165', '品逸輕享大床房【舒適享受+電視投屏+遮光窗簾+乾濕分離+公區設有洗衣機】:HK$176', '品逸輕享雙床房【舒適享受+電視投屏+遮光窗簾+乾濕分離+公區設有洗衣機】:HK$186']"
亞森·尚居酒店,9.2,"['特惠輕奢大床房:HK$140', '精緻大床房:HK$149', '豪華雙床房:HK$161', 'VIP尊享雙床房:HK$182']"
仟陌·雲境酒店,9.3,"['上品雙床房:HK$110', '仟陌大床房:HK$110', '上境大床房:HK$153', '特價大床房:HK$158']"
你好酒店（周口東站店）,9.3,"['舒壓-大床房:HK$268', '舒壓-高級大床房:HK$278', '舒壓-高級雙床房:HK$288', '舒壓-豪華大床房:HK$298']"
周口潁河故事民宿,9.9,"['大床房:HK$217', '標準間:HK$217', '棋牌大床房:HK$339', '豪華大床房:HK$406']"
周口飯店（萬順達百貨客運中心站店）,9.0,"['3號樓特惠快捷雙床房:HK$119', '3號樓特惠快捷大床房:HK$119', '2號樓大床房:HK$119', '2號樓標準間:HK$119', '3號樓快捷雙床房:HK$141']"
喜相逢七星假日酒店（淮陽龍湖店）,9.2,"['精品標準間:HK$141', '商務大床房:HK$152', '商務標間:HK$206', '湖景雙人間:HK$217']"
城市便捷酒店（周口川滙黃河路店）,9.6,"['標準大床房（安靜舒適＋無噪音＋有窗）:HK$134', '標準雙床房（安靜舒適＋無噪音＋有窗）:HK$134', '高級大床房（安靜＋高速Wi-Fi＋辦公桌）:HK$141', '高級雙床房（安靜＋高速Wi-Fi＋辦公桌）:HK$141']"
周口百盛國際酒店,9.3,"['特惠大床房 小窗:HK$226', '悦享大床房:HK$247', '臻品大床房:HK$267', '臻品雙床房:HK$267']"
陌上藝宿酒店（淮陽太昊陵龍湖公園店）,9.5,"['風韻·智能大床房（電視投屏&沉浸舒睡&國潮設計）:HK$331', '品學·城景雙床房（舒適睡眠&茶具&電視投屏）:HK$350', '靜逸·智能大床房（智能客控&坐卧沙發&茶具）:HK$350', '靜逸·榻榻米智能大床房（全屋智能客控&茶具品茗&舒適睡眠）:HK$360']"
萊朵LOFT酒店（周口佳麗財富中心店）,9.8,"['靜雅大床房（全屋智能+零壓床墊）:HK$154', '景逸雙床房（全屋智能+零壓床墊）:HK$163', '棋悦娛樂大床房（全屋智能+零壓床墊）:HK$211', '致遠LOFT大床房（全屋智能+零壓床墊）:HK$230']"
蔚萊LOFT酒店（周口高鐵東站店）,9.6,"['樂享浪漫大床房（零壓床墊+智能客控）:HK$165', '悦享温馨大床房（零壓床墊+智能客控）:HK$175', '園景陽光大床房（零壓床墊+智能客控）:HK$185', '園景雅緻大床房（零壓床墊+智能客控）:HK$194']"
此拾酒店（周口市政府文理學院店）,9.0,"['零壓觀影大床房[1080P分辨率+內置音響]+零壓床墊+100寸幕布+手機投屏:HK$137', '湖景陽光大床房[零壓床墊+1080P分辨率+內置音響]+100寸幕布+手機投屏:HK$162', '湖景陽光商務雙床房（零壓床墊+1080P分辨率+內置音響+100寸幕布+手機投屏）:HK$173', '恭喜發財休閑大床房[1080P分辨率+內置音響+手機投屏+100寸幕布]:HK$203']"
維也納國際酒店（周口萬國車世界店）,9.5,"['豪華大床房:HK$260', '豪華雙床房:HK$260', '臻禮大床房:HK$311', '臻禮雙床房:HK$311', '棋牌雙床房:HK$429']"
周口尚尊精品酒店（周口市政府師範學院店）,9.1,"['特惠大床房（酒店提供公區洗衣房）:HK$128', '特惠雙床房（酒店公區提供洗衣房）:HK$130', '雅居大床房（酒店提供公區洗衣房）:HK$136', '雅居雙床房（酒店提供公區洗衣房）:HK$136']"
宜必思酒店（周口文昌萬達廣場店）,9.5,"['舒壓大床房:HK$168', '舒壓高級雙床房:HK$168', '舒壓豪華雙床房:HK$177', '舒壓高級大床房:HK$187']"
青巢觀影酒店（天明財富廣場店）,9.5,"['遙景雲端觀影房:HK$104', '零壓好眠大床房:HK$131', '好眠觀影雙床房:HK$145', 'IMAX巨幕影院大床房:HK$149']"
蔚萊輕雅酒店（天明財富廣場文理學院店）,9.6,"[':HK$119', ':HK$137', ':HK$137', ':HK$145']"
偶遇觀影酒店,9.3,"['優選特惠大床房:HK$108', '尊享舒適觀影房:HK$121', '高雅商務雙床房（洗衣機）:HK$135', '輕奢主題觀影房:HK$152']"
海唐酒店（天明城店）,9.5,"['精選特惠觀影大床房:HK$135', '悦享巨幕投影大床房:HK$142', '豪華巨幕觀影大床房:HK$158', '優選巨幕觀影大床房:HK$158']"
仟那美宿酒店（周口川匯區高鐵東站店）,9.7,"['仕居大床房（全屋智能+深睡記憶枕+觀景大窗）:HK$184', '竹溪大床房（全屋智能+乾濕分離+安靜隔音）:HK$195', '竹溪雙床房（全屋智能+中央空調+高層景觀）:HK$195', '隱仕大床房（全屋智能+深睡記憶枕+觀景大窗）:HK$205']"
藝選酒店（周口關帝上城店）,8.9,"['商務大床房（公區洗衣房+智能小度）:HK$167', '悦景大床房（公區洗衣房+智能小度）:HK$202', '豪華雙床房（公區洗衣房+智能小度）:HK$219', '豪華大床房（公區洗衣房+智能小度）:HK$232']"
周口美景商務酒店,8.7,"['特價大床房:HK$82', '特價雙床房:HK$94', '普通標準間:HK$96', '普通大床房:HK$96']"
周口琚上酒店（天明財富廣場店）,8.8,"['輕居大床房:HK$135', '樂居大床房:HK$152', '雅居雙床房:HK$162', '上居大床房:HK$173']"
周口中州華悦酒店,9.5,"['豪華大床房:HK$288', '豪華雙床房:HK$288', '行政大床房:HK$353', '行政雙床房:HK$353', '豪華親子家庭房:HK$589']"
尚客優酒店（周口川匯區周口大道市政府店）,9.4,"['特惠精選大床房:HK$130', '特惠精選雙床房:HK$130', '特惠大床房:HK$138', '標準大床房:HK$146']"
周口羲皇賓館,9.6,"['豪華雙床房:HK$271', '豪華單間:HK$271', '行政大床房:HK$302', '尊享家庭套房:HK$515', '家庭親子房:HK$515']"
全季酒店（周口黃河路店）,9.5,"['高級大床房:HK$308', '商務雙床房:HK$326', '商務大床房:HK$326', '豪華大床房:HK$345']"
周口市迎賓館,9.4,"['商務雙床房:HK$391', '商務大床房:HK$412', '行政雙床房:HK$511', '貴賓樓雙床房:HK$532', '行政大床間:HK$543']"
周口元坤國際酒店,7.6,"['無煙大床房（無窗）:HK$249', '豪華雙床房:HK$313', '商務大床間:HK$313', '行政雙床房:HK$313']"
周口天明錦江國際酒店,9.6,"['高級雙床房:HK$369', '高級大床房:HK$401', '豪華雙床房:HK$480', '豪華大床房:HK$549', '尊貴豪華景觀大床房:HK$628', '行政套房:HK$1,514']"
周口初念·輕奢酒店（碧桂園城市之光店）,9.7,"['風雅系|花兮RBD大床房:HK$114', '北歐系|ins風觀影大床房:HK$132', '暢享影音|私享IMAX觀影大床房:HK$136']"
維也納酒店（周口漢陽路店）,9.3,"['高級雙床房:HK$176', '高級大床房:HK$176', '豪華雙床房:HK$201', '豪華大床房:HK$201']"
周口地中海假日酒店,9.3,"['觀景雙床房:HK$142', '舒適雙床房:HK$163', '舒適大床房:HK$173', '豪華雙床房:HK$183']"
亞果精緻酒店（周口紅星美凱龍店）,9.3,"['雅緻大床房（記憶棉床墊+3層隔音玻璃）:HK$199', '雅緻雙床房（記憶棉床墊+3層隔音玻璃）:HK$199', '巨幕觀影房+高清百寸巨幕+VIP海量片源:HK$224', '精緻大床房（記憶棉床墊+3層隔音玻璃）:HK$225']"
宜尚酒店（周口高鐵東站華耀城店）,9.3,"['標準雙床房:HK$215', '標準大床房:HK$223', '高級大床房:HK$231', '城景大床房:HK$358', '行政套房:HK$390']"
喜鵲CC酒店（周口客運中心一峯廣場店）,9.2,"['簡美大床房:HK$129', '艾美大床房:HK$142', '唯美大床房:HK$153', '唯美雙床房:HK$157']"
漢庭酒店（周口太昊路店）,9.4,"['大床房:HK$138', '舒壓-高級大床房:HK$148', '舒壓-雙床房:HK$148', '舒壓-豪華大床房:HK$187']"
青絲智慧酒店,9.1,"['智能觀影大床房:HK$171', '智能觀影標準間:HK$171', '豪華觀影大床房:HK$213', '豪華觀影雙床房:HK$213']"
墨城酒店（周口店）,9.4,"['墨城體驗房:HK$189', '煙墨大床房（全屋智能+投影+零壓枕）:HK$204', '墨白榻榻米:HK$204', '墨染大床房:HK$204']"
漢庭酒店（周口五一廣場店）,9.4,"['舒壓-大床房:HK$196', '雙床房:HK$205', '舒壓-高級大床房:HK$205', '商務大床房:HK$224']"
如家酒店（周口交通路五一路商業街店）,9.4,"['雙床房A【電視投屏+徠芬吹風機】:HK$148', '商務大床房A【電視投屏+徠芬吹風機】:HK$148', '商務大床房【電視投屏+徠芬吹風機】:HK$166', '安心睡零壓大床房【電視投屏+徠芬吹風機】:HK$193']"
悦居觀影酒店（文理學院天明財富廣場店）,9.6,"['輕奢·景觀大床房:HK$104', '尊享·觀影大床房:HK$118', '舒享·觀影雙床房:HK$144']"
麗呈睿軒酒店（周口文昌萬達師範學院店）,9.4,"['雙床房（無窗）:HK$227', '高級大床房:HK$270', '高級雙床房:HK$270', '零壓靜享雙床房:HK$294']"
格林豪泰酒店（久鴻萬洋店）,9.3,"['商務大床房:HK$197', '商務雙床房:HK$207', '景觀大床房:HK$215', '景觀雙床房:HK$215']"
漢庭酒店（周口建設大道關帝廟景區店）,9.0,"['舒壓大床房:HK$151', '舒壓雙床房:HK$151', '舒壓高級大床房:HK$161', '舒壓-高級雙床房:HK$161']"
