酒店名称,评分,房型价格列表
如家精選酒店（咸寧銀泉大道同惠廣場店）,9.5,"['商務大床房（零壓床墊+助眠記憶枕+無線投屏）:HK$233', '高級大床房（零壓床墊+助眠記憶枕+無線投屏）:HK$251', '高級雙床房（零壓床墊+助眠記憶枕+無線投屏）:HK$278', '安心睡安睡大床房（零壓床墊+助眠記憶枕+空氣凈化器）:HK$296']"
咸寧藍海龍悦酒店（萬達廣場店）,9.2,"['馨悦雅緻智能大床房:HK$260', '舒悦精緻智能大床房:HK$293', '詩悦精緻智能雙床房:HK$302', '熙悦景觀智能大床房:HK$315', '怡悦雅緻智能雙床房:HK$359']"
歡漫酒店（咸寧温泉中心花壇店）,9.7,"['漫致-高級大床房（小度語音+智能客控）:HK$247', '漫洋-商務大床房（小度語音+智能客控）:HK$270', '漫享-高級雙床房（小度語音+零壓舒睡）:HK$282', '漫境-影院豪華大床房（巨幕投屏+會員觀影）:HK$315']"
麗怡酒店（咸寧傳媒大廈市博物館店）,9.5,"['標準大床房+慕思床墊+暢享投屏:HK$258', '豪華大床房+慕思床墊+暢享投屏:HK$306', '豪華雙床房+慕思床墊+暢享投屏:HK$318', '純凈大床房:HK$348', '行政大床房:HK$368']"
咸寧温泉谷大酒店（潛山國家森林公園店）,8.6,"['旖旎清新舒適雙床房:HK$345', '潛山氧吧大床房:HK$367', '潛山氧吧雙床房:HK$367', '林間漫步商務大床房:HK$484', '全景潛山商務套房:HK$653']"
麗楓酒店（咸寧同惠廣場店）,9.5,"['豪華大床房:HK$263', '豪華雙床房:HK$271', '景觀大床房:HK$288', '景觀雙床房:HK$296']"
咸寧楚天瑤池温泉度假酒店,8.1,"['豪華標準房:HK$206', '豪華大床房:HK$206', '豪華棋牌房:HK$315', '商務套房:HK$315']"
仙鶴湖·鶴鳴山居民宿（賀勝橋東站店）,9.4,"['普通標間:HK$514', '豪華單間:HK$544', '豪華標間:HK$544', '棋牌房:HK$576']"
白玉蘭酒店（咸寧萬達廣場龍潭裡店）,9.6,"['舒雅大床房（暢享投屏+夢百合零壓床墊+助眠記憶枕）:HK$237', '輕舒大床房（暢享投屏+夢百合零壓床墊+助眠記憶枕）:HK$259', '靜雅雙床房（暢享投屏+夢百合零壓床墊+助眠記憶枕）:HK$260', '輕雅大床房（暢享投屏+深睡眠零壓床墊+窗外好景）:HK$280']"
秋果酒店（咸寧火車站咸寧高鐵北站店）,9.4,"['舒享驚喜大床房-小度語音智控+乳膠床墊+無線投屏+MINI冰箱:HK$295', '舒享驚喜雙床房-小度語音智控+乳膠床墊+無線投屏+按摩椅智能馬桶:HK$319', '樂享悠然大床房-小度語音智控+乳膠床墊+MINI冰箱+無線投屏:HK$343', '輕奢商務雙床房-小度語音智控+乳膠床墊+無線投屏+按摩椅+智能馬桶:HK$366', '輕奢商務大床房-小度語音智控+乳膠床墊+無線投屏+乾濕分離+智能馬桶:HK$390']"
城市便捷酒店（咸寧南站萬達店）,9.2,"['標準大床房:HK$138', '商務大床房:HK$160', '商務雙床房:HK$168', '家庭房:HK$175']"
非繁城品酒店（咸寧萬達廣場店）,9.2,"['非繁高級雙床房:HK$196', '影院大床房（無窗）:HK$196', '非繁高級大床房:HK$206', '非繁零重力雙床房:HK$243']"
城市便捷酒店（咸寧温泉路沃爾瑪廣場店）,9.2,"['標準大床房:HK$152', '商務雙床房:HK$162', '商務大床房:HK$172', '豪華大床房:HK$191']"
全季酒店（咸寧銀泉大道店）,9.7,"['高級大床房（65寸可投屏電視+迷你冰箱+KINGKOLL床墊）:HK$302', '商務大床房（65寸可投屏電視+迷你冰箱+KINGKOLL床墊）:HK$321', '高級雙床房（65寸可投屏電視+迷你冰箱+KINGKOLL床墊）:HK$321', '商務雙床房（65寸可投屏電視+迷你冰箱+KINGKOLL床墊）:HK$341']"
奈思電競酒店（咸寧南站萬達店）,8.3,"['電競大床房4060:HK$238', '電競雙人間4060:HK$238', '投影電競大床房:HK$238', '獨孤投影電競大床房:HK$238']"
麗楓酒店（咸寧温泉中心花壇店）,9.6,"['豪華大床房:HK$290', '豪華雙床房:HK$307', '純凈大床房:HK$325', '純凈自然雙床房:HK$342']"
喜客城市酒店（咸寧實驗外國語學校店）,9.2,"['雅緻大床房:HK$198', '喜悦大床房:HK$221', '喜悦雙床房:HK$243', '輕奢大床房:HK$255']"
咸寧星雨竹院民宿,9.3,"['影院單間（帶壁爐）:HK$326', '舒適雙人間:HK$342', '豪華套房:HK$461']"
漢庭酒店（咸寧銀泉大道十六潭公園店）,9.6,"['高級大床房:HK$236', '高級雙床房:HK$255', '商務大床房:HK$264', '家庭房:HK$284']"
咸寧陽光酒店,8.9,"['城景雙床房:HK$361', '城景大床房:HK$361', '商務雙床房:HK$374', '行政大床房:HK$398']"
泊園酒店（咸寧職業技術學院人民廣場店）,9.5,"['特惠單人間:HK$165', '精緻大床房:HK$176', '商務雙人間:HK$195', '休閑棋牌室房:HK$286']"
城市便捷酒店（咸寧湖北科技學院店）,9.6,"['智能商務大床房（智能客控+零壓床墊+高清投屏）:HK$181', '智能高級大床房（智能客控+零壓床墊+高清投屏）:HK$215', '智能商務雙床房（智能客控+零壓床墊+高清投屏）:HK$230', '智能高級雙床房（智能客控+零壓床墊+高清投屏）:HK$249']"
喜來客商務酒店（咸寧站店）,9.2,"['標準大床房:HK$130', '標準雙床房:HK$136', '優享雙床房:HK$155', '景緻圓床房:HK$166']"
全季酒店（咸寧市政府新區店）,9.6,"['高級大床房:HK$309', '商務大床房:HK$327', '豪華大床房:HK$346', '商務雙床房:HK$346']"
梓山湖江南里,8.2,"['江南合院2房2衞:HK$1,237', '江南合院3房2衞:HK$1,444', '江南合院3房3衞:HK$1,651']"
太乙洞智住民宿,9.6,"['標準單間:HK$221', '豪華單間:HK$460', '標準雙人間:HK$460', '豪華套間:HK$486']"
宜尚酒店（咸寧温泉中心花壇店）,9.4,"['舒適大床房（温馨安靜-非温感0壓棉記憶枕）:HK$218', '高級大床房（北歐簡約風-非温感0壓棉記憶枕）:HK$239', '高級雙床房（北歐簡約風-非温感0壓棉記憶枕）:HK$239', '商務雙床房（通透明亮﹣非温感0壓棉記憶枕）:HK$275']"
咸寧恆立温泉酒店,8.9,"['森氧智能雙床房（慕斯床墊+小度房間智能語音控制）:HK$272', '森氧智能大床房（慕斯床墊+小度房間智能語音控制）:HK$273', '尊享智能雙床房（慕斯床墊+小度房間智能語音控制）:HK$290', '尊享智能大床房（慕斯床墊+小度房間智能語音控制）:HK$306']"
漢庭酒店（咸寧銀泉大道店）,9.7,"['大床房:HK$339', '高級大床房:HK$341', '高級雙床房:HK$359', '商務大床房:HK$378']"
咸寧華信大酒店,9.4,"['豪華尊享雙床房:HK$312', '豪華尊享大床房:HK$312', '豪華行政大床房:HK$344', '棋牌娛樂大床房:HK$476', '豪華景觀大床房:HK$476', '豪華尊享套房:HK$655']"
城市便捷酒店（咸寧中百倉儲銀泰百貨店）,8.5,"['舒適大床房:HK$186', '智能高級大床房:HK$195', '智能高級雙床房:HK$218', '行政套房:HK$259']"
咸寧水晶湖酒店（際華冰雪店）,8.6,"['中式3房豪華別墅:HK$938', '中式3房棋牌別墅:HK$1,047', '中式3房茶室別墅:HK$1,189', '中式3房親子別墅:HK$1,189', '中式3房家庭別墅:HK$1,189']"
嘉格商務酒店（湖北科技學院店）,9.0,"['特惠舒適大床房:HK$154', '精品商務大床房:HK$173', '豪華商務大床房:HK$179', '精品商務雙床房:HK$183']"
安麗酒店（咸寧火車站永安大道店）,9.4,"['特惠大床房（舒適睡眠+零壓床墊）:HK$96', '精選雙床房（舒適睡眠+靜謐辦公）:HK$100', '精選大床房（舒適睡眠+靜謐辦公）:HK$111', '影院雙床房（高清投影+手機投屏）:HK$133']"
咸寧青年四季酒店（咸寧南站十六潭公園店）,8.9,"['豪華雙床房:HK$206', '豪華大床房:HK$216', '行政雙床房:HK$228', '行政大床房:HK$239', '親子家庭房:HK$282']"
咸寧藍海金盾大酒店,9.2,"['藍逸·靜致商務雙床房:HK$238', '藍逸·靜致商務大床房:HK$238', '藍悠·智慧豪華雙床房（語音智能聲控）:HK$282', '藍悠·智慧豪華大床房（語音智能聲控）:HK$282']"
城市便捷酒店（咸寧銀泉大道店）,9.3,"['標準雙床房:HK$185', '高級大床房:HK$185', '標準大床房:HK$185', '豪華大床房:HK$194']"
途客中國酒店（咸寧北高鐵站店）,9.3,"['樂途大床房-MINI冰箱+空氣凈化器:HK$216', '樂途雙床房-MINI冰箱+空氣凈化器:HK$216', '品途大床房-MINI冰箱+空氣凈化器:HK$228', '品途雙床房-MINI冰箱+空氣凈化器:HK$228', '途尊大床房-夢百合床墊+零壓枕+MINI冰箱+空氣凈化器:HK$325']"
7天優品酒店（咸寧温泉購物公園店）,9.5,"['優品大床房:HK$194', '優品雙床房:HK$194', '高級大床房:HK$213', '高級雙床房:HK$213']"
香城冰雪營地·太空艙民宿,9.8,"['雲棲艙獨立花園+180°全景窗+私享露台:HK$274', '星棲艙園景套房+獨立花園+270°全景窗+休閑大陽台:HK$305']"
福臨酒店（咸寧火車站店）,9.4,"['特惠大床房:HK$134', '特惠雙床房:HK$134', '高級大床房:HK$141', '高級雙床房:HK$141']"
錦江之星（咸寧銀泉大道店）,9.5,"['標準大床房:HK$130', '標準雙床房:HK$135', '高級雙床房:HK$162', '標準零壓大床房:HK$163']"
咸寧錦華酒店（光谷廣場店）,9.1,"['商務單間（無窗）:HK$141', '商務標間（無窗）:HK$148', '豪華單間:HK$167', '商務複式標間（無窗）:HK$167']"
雅斯特酒店（咸寧温泉沃爾瑪廣場店）,9.4,"['雅緻大床房（喜臨門床墊+無線投屏）:HK$167', '豪華雙床房（喜臨門床墊+無線投屏）:HK$213', '高級大床房（喜臨門床墊+無線投屏）:HK$213', '豪華套房（喜臨門床墊+無線投屏）:HK$250']"
城市宜居酒店（咸寧萬達店）,9.1,"['特惠大床房:HK$179', '標準大床房:HK$207', '高級大床房:HK$212', '標準雙床房:HK$222']"
城市便捷酒店（咸寧鹹安店）,9.0,"['標準大床房:HK$134', '商務雙床房:HK$141', '商務大床房:HK$141', '零壓大床房:HK$148']"
泊客城市酒店（湖北科技學院店）,9.5,"['温馨大床房（新風系統+親柔布草+靜謐睡眠床墊）:HK$133', '商務大床房（璀璨夜景+睡眠床墊+商務辦公+高清投屏）:HK$144', '商務雙床房（城市夜景+睡眠床墊+商務辦公+高清投屏）:HK$167', '豪華大床房（璀璨城市夜景+睡眠床墊+超軟沙發）:HK$167']"
宜品酒店（咸寧站店）,10.0,"['優享舒適大床房 [一次性浴毛巾+公區提供洗衣房]:HK$142', '晨光觀景大床房 [睡眠床墊+隔音窗+投屏電視]:HK$172', '逸居臻享套房 [獨立會客區+超軟沙發+冰箱]:HK$226', '八方來財娛樂套房 [獨立棋牌房+空氣凈化+玉石麻將]:HK$228']"
咸寧聯投公園道酒店（潛山商業街潛山森林公園店）,9.3,"['悦享時光雙床房:HK$304', '清新鳥鳴雙床房-舒適好眠+小冰箱+自然採光+獨立空調:HK$329', '鳥瞰潛山大床房-山景房+保險箱+迷你小冰箱:HK$351', '綠色氧吧雙床房·自然採光+浴缸+獨立空調:HK$370', '綠色氧吧大床房-零壓床墊+獨立辦公區域+獨立空調:HK$390', '鳥鳴氧吧高級套房-1室1廳+視野開闊+浴缸+270°全景飄窗:HK$521']"
新悦酒店（咸寧南站店）,9.2,"['新悦大床房:HK$149', '新悦雙床房:HK$164', '雅緻雙床房:HK$171', '0壓新悦大床房（夢百合0壓床墊+0壓記憶枕）:HK$171']"
