酒店名称,评分,房型价格列表
如家精選酒店（咸寧銀泉大道同惠廣場店）,9.4,"['商務大床房（零壓床墊+助眠記憶枕+無線投屏）:HK$183', '高級大床房（零壓床墊+助眠記憶枕+無線投屏）:HK$197', '高級雙床房（零壓床墊+助眠記憶枕+無線投屏）:HK$218', '安心睡安睡大床房（零壓床墊+助眠記憶枕+空氣凈化器）:HK$233']"
歡漫酒店（咸寧温泉中心花壇店）,9.7,"['漫致-高級大床房（小度語音+智能客控）:HK$247', '漫洋-商務大床房（小度語音+智能客控）:HK$265', '漫享-高級雙床房（小度語音+零壓舒睡）:HK$275', '漫境-影院豪華大床房（巨幕投屏+會員觀影）:HK$286']"
麗怡酒店（咸寧傳媒大廈市博物館店）,9.5,"['標準大床房+慕思床墊+暢享投屏:HK$234', '豪華大床房+慕思床墊+暢享投屏:HK$262', '純凈大床房:HK$300', '豪華家庭房:HK$321', '行政大床房:HK$338']"
咸寧藍海龍悦酒店（萬達廣場店）,9.2,"['馨悦雅緻智能大床房:HK$255', '詩悦精緻智能雙床房:HK$262', '舒悦精緻智能大床房:HK$264', '熙悦景觀智能大床房:HK$274', '怡悦雅緻智能雙床房:HK$312']"
秋果酒店（咸寧火車站咸寧高鐵北站店）,9.4,"['輕奢商務雙床房-小度語音智控+乳膠床墊+無線投屏+按摩椅+智能馬桶:HK$379', '輕奢商務大床房-小度語音智控+乳膠床墊+無線投屏+乾濕分離+智能馬桶:HK$404']"
咸寧温泉谷大酒店（潛山國家森林公園店）,8.6,"['旖旎清新舒適雙床房:HK$294', '潛山氧吧大床房:HK$312', '潛山氧吧雙床房:HK$312', '林間漫步商務大床房:HK$411', '全景潛山商務套房:HK$555']"
白玉蘭酒店（咸寧萬達廣場龍潭裡店）,9.5,"['舒雅大床房（夢百合零壓床墊+助眠記憶枕）:HK$206', '輕舒大床房（夢百合零壓床墊+助眠記憶枕）:HK$225', '靜雅雙床房（夢百合零壓床墊+助眠記憶枕）:HK$226', '輕雅大床房（深睡眠零壓床墊+窗外好景）:HK$244']"
宜尚酒店（咸寧温泉中心花壇店）,9.3,"['舒適大床房（温馨安靜-非温感0壓棉記憶枕）:HK$185', '高級大床房（北歐簡約風-非温感0壓棉記憶枕）:HK$203', '高級雙床房（北歐簡約風-非温感0壓棉記憶枕）:HK$203', '商務雙床房（通透明亮﹣非温感0壓棉記憶枕）:HK$222']"
麗楓酒店（咸寧同惠廣場店）,9.4,"['豪華大床房:HK$205', '豪華雙床房:HK$212', '景觀大床房:HK$226', '景觀雙床房:HK$233']"
非繁城品酒店（咸寧萬達廣場店）,9.2,"['非繁高級雙床房:HK$161', '影院大床房（無窗）:HK$161', '非繁高級大床房:HK$169', '非繁零重力雙床房:HK$201']"
太乙洞智住民宿,9.6,"['標準單間:HK$192', '豪華單間:HK$399', '標準雙人間:HK$399', '豪華套間:HK$422']"
咸寧恆立温泉酒店,8.9,"['尊享智能雙床房（慕斯床墊+小度房間智能語音控制）:HK$200', '尊享智能大床房（慕斯床墊+小度房間智能語音控制）:HK$210', '豪華智能大床房（慕斯床墊+小度房間智能語音控制）:HK$246', '太空艙智能親子房（慕斯床墊+小度房間智能語音控制）:HK$265']"
咸寧藍海金盾大酒店,9.2,"['藍逸·靜致商務雙床房:HK$207', '藍逸·靜致商務大床房:HK$207', '藍悠·智慧豪華雙床房（語音智能聲控）:HK$245', '藍悠·智慧豪華大床房（語音智能聲控）:HK$245']"
麗楓酒店（咸寧温泉中心花壇店）,9.6,"['豪華大床房:HK$257', '豪華雙床房:HK$273', '純凈大床房:HK$288', '純凈自然雙床房:HK$303']"
喜來客商務酒店（咸寧站店）,9.2,"['優享雙床房:HK$125', '標準大床房:HK$129', '景緻圓床房:HK$134', '標準雙床房:HK$135']"
咸寧陽光酒店,8.9,"['城景雙床房:HK$313', '城景大床房:HK$313', '行政大床房:HK$346', '貴賓套間:HK$596']"
咸寧華信大酒店,9.4,"['豪華尊享雙床房:HK$271', '豪華尊享大床房:HK$271', '豪華行政大床房:HK$299', '棋牌娛樂大床房:HK$413', '豪華景觀大床房:HK$413', '豪華尊享套房:HK$569']"
福臨酒店（咸寧火車站店）,9.4,"['特惠大床房:HK$107', '特惠雙床房:HK$107', '高級大床房:HK$112', '高級雙床房:HK$112']"
漢庭酒店（咸寧銀泉大道十六潭公園店）,9.6,"['大床房:HK$189', '高級大床房:HK$205', '高級雙床房:HK$222', '商務大床房:HK$230']"
城市便捷酒店（咸寧中百倉儲銀泰百貨店）,8.9,['智能高級大床房:HK$199']
城市便捷酒店（咸寧湖北科技學院店）,9.5,"['智能商務大床房（智能客控+零壓床墊+高清投屏）:HK$157', '智能高級大床房（智能客控+零壓床墊+高清投屏）:HK$191', '智能商務雙床房（智能客控+零壓床墊+高清投屏）:HK$207', '智能高級雙床房（智能客控+零壓床墊+高清投屏）:HK$224']"
宜品酒店（咸寧站店）,10.0,"['舒適大床房【舒睡好眠•公區提供洗衣機】:HK$155', '晨光零壓大床房【舒睡好眠•公區提供洗衣機】:HK$188', '喜上眉梢娛樂房【舒睡好眠•公區提供洗衣機】:HK$219', '陽光家庭套房【舒睡好眠•公區提供洗衣機】:HK$241']"
城市便捷酒店（咸寧南站萬達店）,9.2,"['標準大床房:HK$134', '商務大床房:HK$156', '商務雙床房:HK$163', '家庭房:HK$170']"
全季酒店（咸寧市政府新區店）,9.6,"['高級大床房:HK$282', '商務大床房:HK$300', '豪華大床房:HK$316', '商務雙床房:HK$316']"
奈思電競酒店（咸寧南站萬達店）,8.3,"['電競大床房4060:HK$186', '電競雙人間4060:HK$186', '獨孤投影電競大床房:HK$186', '投影電競大床房:HK$198']"
城市便捷酒店（咸寧温泉路沃爾瑪廣場店）,9.2,"['標準大床房:HK$123', '商務雙床房:HK$131', '商務大床房:HK$139', '豪華大床房:HK$154']"
城市便捷酒店（咸寧銀泉大道店）,9.3,"['高級大床房:HK$137', '豪華大床房:HK$144', '豪華雙床房:HK$151', '標準雙床房:HK$159']"
全季酒店（咸寧銀泉大道店）,9.7,"['高級大床房（65寸可投屏電視+迷你冰箱+KINGKOLL床墊）:HK$260', '商務大床房（65寸可投屏電視+迷你冰箱+KINGKOLL床墊）:HK$276', '高級雙床房（65寸可投屏電視+迷你冰箱+KINGKOLL床墊）:HK$276', '商務雙床房（65寸可投屏電視+迷你冰箱+KINGKOLL床墊）:HK$293']"
漢庭酒店（咸寧銀泉大道店）,9.6,"['大床房:HK$282', '高級大床房:HK$284', '高級雙床房:HK$301', '商務大床房:HK$317']"
咸寧家宴新天麗大酒店,8.6,"['高級雙床房:HK$188', '高級大床房:HK$198', '棋牌複式LOFT公寓:HK$264']"
城市宜居酒店（咸寧萬達店）,9.1,"['特惠大床房:HK$200', '標準大床房:HK$231', '高級大床房:HK$237', '標準雙床房:HK$248']"
泊客城市酒店（湖北科技學院店）,9.5,"['温馨大床房（新風系統+親柔布草+靜謐睡眠床墊）:HK$148', '商務大床房（璀璨夜景+睡眠床墊+商務辦公+高清投屏）:HK$165', '商務雙床房（城市夜景+睡眠床墊+商務辦公+高清投屏）:HK$179', '豪華大床房（璀璨城市夜景+睡眠床墊+超軟沙發）:HK$188']"
香城冰雪營地·太空艙民宿,9.8,"['雲棲艙獨立花園+180°全景窗+私享露台:HK$238', '星棲艙園景套房+獨立花園+270°全景窗+休閑大陽台:HK$265']"
城市便捷酒店（咸寧鹹安店）,9.0,"['標準大床房:HK$117', '商務雙床房:HK$123', '商務大床房:HK$123', '零壓大床房:HK$129']"
咸寧米德爾大酒店,8.9,"['普通標準間:HK$151', '商務單人間:HK$170', '商務標準間:HK$180', '家庭房:HK$199']"
7天優品酒店（咸寧温泉購物公園店）,9.5,"['優品大床房:HK$159', '優品雙床房:HK$159', '高級大床房:HK$174', '高級雙床房:HK$174']"
嘉格商務酒店（湖北科技學院店）,9.0,"['特惠舒適大床房:HK$134', '精品商務大床房:HK$151', '豪華商務大床房:HK$155', '精品商務雙床房:HK$159']"
常明閣酒店（咸寧南站店）,8.3,"['優選大床房:HK$132', '雅緻雙床房:HK$147', '投影大床房:HK$154']"
咸寧桂泉國際酒店,7.8,"['陽光舒適大床房:HK$147', '豪華雅緻大床房:HK$240', '豪華商務雙人間:HK$240', '尊享商務大床房:HK$294']"
途客中國酒店（咸寧北高鐵站店）,9.3,"['樂途大床房-MINI冰箱+空氣凈化器:HK$188', '樂途雙床房-MINI冰箱+空氣凈化器:HK$188', '品途大床房-MINI冰箱+空氣凈化器:HK$198', '品途雙床房-MINI冰箱+空氣凈化器:HK$198', '途尊大床房-夢百合床墊+零壓枕+MINI冰箱+空氣凈化器:HK$283']"
泊園酒店（咸寧職業技術學院人民廣場店）,9.5,"['特惠單人間:HK$144', '精緻大床房:HK$153', '商務雙人間:HK$170', '休閑棋牌室房:HK$249']"
咸寧星雨竹院民宿,9.3,"['影院單間（帶壁爐）:HK$283', '舒適雙人間:HK$297', '豪華套房:HK$401']"
真皮電競酒店（咸寧湖北科技學院店）,8.6,"['好眠丨臻品深睡大床房:HK$84', '零壓丨輕奢商旅雙床房:HK$98', '史遇丨欣享巨幕超級影視大床房:HK$105', '私享—CP電競優品大床房:HK$113']"
咸寧錦華酒店（光谷廣場店）,9.1,"['商務單間（無窗）:HK$119', '商務標間（無窗）:HK$125', '豪華單間:HK$141', '商務複式標間（無窗）:HK$141']"
仙鶴湖·鶴鳴山居民宿（賀勝橋東站店）,9.4,"['普通標間:HK$528', '豪華單間:HK$555', '豪華標間:HK$555', '棋牌房:HK$581']"
羅曼智慧電競酒店（咸寧南站店）,9.9,"['情侶圓床電競房（智能客控+投影）[RTX3060Ti+2K+155HZ+32G]:HK$185', '電競大床房（智能客控+電視）:HK$185', '電競標間（智能客控）[RTX3060Ti+2K+155HZ+32G]:HK$185', '主題電競標間（智能客控+投影+棋牌52號玉石麻將）:HK$196']"
錦江之星（咸寧銀泉大道店）,9.5,"['標準大床房:HK$113', '標準雙床房:HK$117', '高級雙床房:HK$141', '標準零壓大床房:HK$142']"
青年四季酒店（咸寧市中心醫院店）,8.9,"['豪華雙床房:HK$179', '豪華大床房:HK$188', '行政雙床房:HK$198', '行政大床房:HK$208', '親子家庭房:HK$246']"
品悅酒店（咸寧火車站店）,9.2,"['舒享大床房:HK$110', '舒享雙床房:HK$116', '親子雙床房:HK$125', '尊享巨幕影院大床房:HK$139']"
雅斯特酒店（咸寧温泉沃爾瑪廣場店）,9.4,"['雅緻大床房（喜臨門床墊+無線投屏）:HK$170', '豪華雙床房（喜臨門床墊+無線投屏）:HK$218', '高級大床房（喜臨門床墊+無線投屏）:HK$218', '豪華套房（喜臨門床墊+無線投屏）:HK$256']"
