酒店名称,评分,房型价格列表
華商維景國際大酒店（商丘古城店）,9.6,"['優選雙床房:HK$289', '豪華雙床房:HK$344', '豪華大床房:HK$344', '商務雙床房:HK$396', '商務大床房:HK$396', '行政雙床房:HK$505']"
商丘瑞恆建國飯店,9.6,"['特惠雙床房:HK$304', '豪華大床房:HK$352', '豪華雙床房:HK$360', '商務雙床房:HK$399', '商務大床房:HK$416']"
商丘中良國際酒店,9.6,"['尊貴雙床房:HK$301', '尊貴大床房:HK$301', '湖畔大床房（智能小度+辦公桌）:HK$322', '湖畔雙床房:HK$322', '特色大床房（智能小度+浪漫星空）:HK$354']"
商丘古城智選酒店（吾悦廣場店）,9.3,"['特惠大床房（金可兒床墊+軟硬雙枕）:HK$217', '行政大床房（乾濕分離+金可兒床墊+軟硬雙枕）:HK$225', '行政雙床房（金可兒床墊+軟硬雙枕+乾濕分離）:HK$225', '商務大床房（採光視野好+軟硬雙枕+舒適安靜）:HK$265', '商務雙床房（採光視野好+軟硬雙枕+舒適安靜）:HK$265']"
陌上輕居酒店（商丘萬達廣場店）,9.6,"['風韻·宋潮花雅大床房（小度音響+智能客控）:HK$272', '品學·江南坡頂雙床房（智能客控+乾濕三分離）:HK$283', '品學·江南坡頂大床房（智能客控+乾濕三分離）:HK$294', '雅緻·舒睡零壓大床房（親膚浴袍+零圧床墊）:HK$316']"
商丘信華建國酒店,9.4,"['極簡大床房:HK$337', '極簡雙床房:HK$337', '豪華大床房:HK$544', '豪華雙床房:HK$544', '商務大床房:HK$806', '商務家庭雙床房:HK$806']"
商丘古城南湖酒店,9.4,"['精品雙床房:HK$203', '精品大床房:HK$203', '豪華大床房:HK$232', '豪華雙床房:HK$232', '景觀大床房:HK$247']"
喆啡銳品酒店（商丘萬達廣場建業總部港店）,9.4,"['品致大床房【智能客控】+【零壓床墊】:HK$254', '鋭意大床房【智能客控】+【高清電視投屏】:HK$281', '鋭意雙床房【智能客控】+【高清電視投屏】:HK$281', '鋭趣家庭房【智能客控】+【高清電視投屏】:HK$281', '湖景大床房【智能客控】+【湖景落地窗】:HK$382']"
米蘭國際酒店（商丘萬達廣場店）,9.2,"['古韻標準間:HK$191', '古韻大床房:HK$191', '雅緻標準間（豪華按摩椅）:HK$213', '雅緻大床房（豪華按摩椅）:HK$213']"
輕築酒店（商丘萬達廣場店）,9.3,"['悦享智慧大床房（小度智能客控）:HK$193', '和悦智慧雙床房（小度智能客控）:HK$199', '風韻智慧大床房（小度智能客控）:HK$217', '雅韻智慧雙床房（小度智能客控）:HK$221']"
艾尚王朝酒店（商丘站店）,9.6,"['豪華大床房:HK$228', '豪華雙床房:HK$228', '商務雙床房（記憶枕）:HK$257', '商務大床房（深度睡眠+原木風格）:HK$257', '智能大床房（小度智能客控）:HK$276']"
商丘中泰開元名庭酒店,9.4,"['名成高級雙床房:HK$339', '名成高級大床房:HK$339', '名成豪華大床房:HK$378', '名成商務套房:HK$493']"
H水晶酒店（商丘古城第一人民醫院店）,9.7,"['雅緻智能大床房（全屋客控+舒達床墊+智能馬桶）:HK$222', '舒適智能大床房（全屋客控+舒達床墊+智能馬桶）:HK$267', '雅緻智能雙床房（全屋客控+舒達床墊+智能馬桶）:HK$281', '陽光智能景觀大床房（全屋客控+舒達床墊+智能馬桶）:HK$296']"
世紀星假日酒店（商丘古城南京路店）,9.2,"['商務雙床房:HK$159', '精品雙床房:HK$170', '零壓大床房:HK$222', '零壓觀影大床房（百幕投影+騰訊vip）:HK$253']"
商丘國展綠地鉑派酒店,9.4,"['高級雙床房:HK$215', '高級大床房:HK$215', '湖景雙床房:HK$284', '湖景大床房:HK$284', '豪華大床房:HK$328']"
全季酒店（商丘萬象路店）,9.6,"['高級大床房:HK$302', '高級雙床房:HK$302', '商務大床房:HK$330', '舒壓商務大床房:HK$359']"
宜必思酒店（商丘港滙萬達店）,9.5,"['舒壓高級大床房:HK$252', '舒壓高級雙床房:HK$252', '舒壓豪華雙床房:HK$261', '舒壓豪華大床房:HK$271']"
尤岸酒店（商丘高鐵站市政府店）,9.5,"['特惠大床房-中央空調-零壓護頸枕-心之約床墊:HK$168', '特惠雙床房-中央空調-零壓護頸枕-心之約床墊:HK$177', '尤賞智能客控家庭房-中央空調-零壓護頸枕-心之約床墊:HK$256', '尤品智能茶室大套房-中央空調-零壓護頸枕-心之約床墊:HK$367']"
白玉蘭酒店（商丘高鐵站店）,9.5,"['玉舒大床房:HK$185', '玉舒雙床房:HK$185', '蘭舒雙床房:HK$195', '零壓玉舒大床房:HK$195']"
全季酒店（商丘神火大道商字店）,9.8,"['雙床房:HK$283', '高級大床房:HK$302', '舒壓高級大床房:HK$330', '套房:HK$444']"
全季酒店（商丘古城華夏路店）,9.8,"['大床房:HK$271', '高級大床房:HK$298', '商務大床房:HK$318', '商務雙床房:HK$327']"
金士頓國際假日酒店（商丘市政府高鐵站店）,9.4,"['浪漫圓床房:HK$205', '商務大床房（顧家床墊+中央空調+天絲布草）:HK$205', '商務雙床房（顧家床墊+中央空調+天絲布草）:HK$227', '行政雙床房（水晶浴缸+顧家床墊+天絲布草）:HK$249']"
凈漫·輕雅酒店（商丘站市政府店）,9.8,"['IMAX私享影音大床房:HK$195', '商務智能大床房:HK$218', '商務智能標準間:HK$218', '巨幕觀影大床房:HK$236']"
維也納酒店（商丘歸德中路萬達廣場店）,9.5,"['高級大床房:HK$196', '高級雙床房:HK$196', '商務大床房:HK$225', '城景大床房:HK$258']"
漢庭酒店（商丘神火大道萬達廣場店）,9.8,"['高級大床房（舒適床品+智能客控）:HK$255', '商務大床房（舒適床品+智能客控）:HK$264', '商務雙床房（舒適床品+智能客控）:HK$264', '商務套房（舒適床品+智能客控）:HK$330']"
希岸酒店（商丘高鐵站正弘滙店）,9.2,"['希岸豪華雙床房:HK$205', '希岸豪華大床房:HK$205', '希岸影音大床房（無窗）:HK$216', '顏值Lab:HK$268']"
喜鵲樂居旅館（商丘市一高市政府店）,9.4,"['靜享陽光丨優選雙床房（酒店公區提供自助洗衣機|小冰箱）:HK$156', '靜享陽光丨優選大床房（酒店公區提供自助洗衣機|小冰箱）:HK$156', '温馨唯美丨情侶大床房（酒店公區提供自助洗衣機|小冰箱）:HK$173', '榮享景觀丨舒適家庭房（酒店公區提供自助洗衣機|小冰箱）:HK$173']"
漢庭酒店（商丘站北廣場店）,9.3,"['舒壓-高級大床房:HK$199', '舒壓-高級雙床房:HK$199', '舒壓-商務大床房:HK$218']"
輕築富臨門酒店（商丘高鐵站市政府店）,9.2,"['輕享大床房（自助洗衣房+延遲退房至14：00）:HK$143', '輕奢大床房:HK$147', '輕奢雙床房:HK$162', '尊享大床房:HK$166']"
凈漫酒店（商丘高鐵站凱旋路店）,9.6,"['私享影音大床房:HK$150', '舒適雙床房:HK$175', '温馨大床房:HK$175', 'IMAX暢享影音大床房:HK$177']"
凱里亞德酒店（商丘神火大道萬達廣場店）,9.4,"['輕享大床房:HK$220', '輕享雙床房:HK$220', '優享大床房:HK$220', '樂享大床房:HK$246']"
星程酒店（商丘南京東路店）,9.6,"['高級大床房:HK$205', '商務雙床房 （中式茶具）:HK$215', '商務大床房 （中式茶具）:HK$233', '豪華家庭房 （中式茶具）:HK$233']"
維也納3好酒店（商丘高鐵站正弘滙店）,9.5,"['高級大床房:HK$162', '愉夢雙床房:HK$170', '棋牌大床房:HK$201', '豪華大床房:HK$220']"
普思諾酒店（商丘高鐵站正弘滙店）,9.7,"['精品大床:HK$175', '時尚圓床:HK$180', '精品雙床:HK$185', '豪華大床房:HK$221']"
米蘭文化精品酒店（商丘高鐵站店）,9.6,"['古韻大床房:HK$185', '雅緻大床房:HK$191', '雅緻標準間A（沙發）:HK$191', '休閑套房:HK$237']"
你好酒店（商丘萬達廣場市政府店）,9.6,"['舒壓-大床房:HK$177', '舒壓-高級雙床房:HK$196', '舒壓-高級大床房:HK$196', '舒壓-商務大床房:HK$224']"
麗楓酒店（商丘高鐵站正弘滙店）,9.0,"['雅緻大床房:HK$191', '雅緻雙床房:HK$191', '豪華雙床房:HK$202', '豪華大床房:HK$202']"
亦嵐酒店（商丘市政府萬達廣場店）,9.3,"['簡歐雙床房（智能客控）:HK$183', '簡歐大床房（智能客控）:HK$183', '靜夜大床房（智能客控）:HK$192', '輕享大床房（智能客控）:HK$216']"
帝王精緻酒店（商丘高鐵站正弘滙店）,9.4,"['温馨丨浪漫大床房（酒店公區提供洗衣機+護頸頭枕）:HK$155', '温馨丨金士大床房（酒店公區提供洗衣機+護頸頭枕）:HK$166', '陽光丨時尚雙床房（酒店公區提供洗衣機+護頸頭枕）:HK$176', '陽光丨優享雙床房（酒店公區提供洗衣機+護頸頭枕）:HK$188']"
凈漫·輕奢酒店（商丘實驗中學高鐵站店）,9.5,"['凈漫大床房:HK$135', '凈悦大床間:HK$156', '凈悦雙床房:HK$156', '空氣清新房:HK$166']"
厚木酒店（商丘商字店）,10.0,"['景觀大床房【2K260Hz丨羅技GPW2丨9700X丨4060Ti】:HK$273', '高清雙床房【外星人2K280Hz丨ROG遊俠RX紅軸丨羅技GPW2丨颶風2丨AOC機械臂丨9700X丨4070S】:HK$282', '高刷雙床房【卓威400Hz丨小蜜蜂MADE84PRO丨羅技GPW2丨颶風2丨AOC機械臂丨9700X丨4070】:HK$303', '高清三人房【外星人2K280Hz丨ROG遊俠RX紅軸丨羅技GPW2丨颶風2丨AOC機械臂丨9700X丨4070S】:HK$362']"
藍灣酒店（商丘萬達店）,9.5,"['舒適雙床房（抗菌乳膠床墊+公區提供洗衣房）:HK$145', '舒適大床房（抗菌乳膠床墊+公區提供洗衣房）:HK$154', '豪華雙床房（抗菌乳膠床墊+公區提供洗衣房）:HK$179', '豪華大床房（抗菌乳膠床墊+公區提供洗衣房）:HK$188']"
優程酒店（商丘師範學院店）,9.3,"['優雅大床房:HK$152', '優雅雙床房:HK$205', '優悦雙床房:HK$227', '優悦大床房:HK$249']"
華馳粵海酒店（商丘市政府高鐵站店）,9.3,"['舒雅景觀雙床房（瓶裝水）:HK$115', '智惠標準大床房（一次性拖鞋+洗漱用品獨立包裝+瓶裝水）:HK$116', '舒雅景觀大床房（瓶裝水+公區提供自主洗衣機+洗漱用品獨立包裝）:HK$118', '陽光影視大床房（海量電影+智慧投屏+觀影會員）:HK$142']"
日月湖山水酒店（商丘火車南站店）,8.8,"['惠選大床房:HK$144', '惠選雙床房:HK$144', '山水雙床房:HK$165', '山水套房:HK$269']"
商丘錦鯉電競酒店,9.6,"['輕奢雙人間[I7+12700KF+32G內存+3070TI+華碩27寸2K]:HK$218', '豪華大床房[I7+12700KF+32G內存+3070TI+華碩27寸2K]:HK$218', '樂享三人間[I7+12700KF+32G內存+3070TI+華碩27寸2K]:HK$307', '對戰四人間[I7+12700KF+32G內存+3070TI+華碩27寸2K]:HK$426']"
日月楓華酒店（商丘古城店）,9.6,"['優雅大床房:HK$213', '優雅雙床房:HK$214', '楓雅雙床房:HK$229', '楓雅大床房:HK$237']"
商丘遠洋精品酒店（商丘工學院店）,8.4,"['豪華大床房:HK$203', '豪華雙床房:HK$203', '商務雙床房:HK$214', '商務大床房:HK$214']"
微電競民宿,9.6,"['輕奢電競大床房:HK$196', '輕奢電競雙人間:HK$206']"
凈漫·清雅酒店（商丘萬達店）,9.2,"['凈雅大床房:HK$180', '優雅大床房:HK$192', '凈雅雙床房:HK$192', '空氣凈化大床房:HK$204']"
商丘明泉智慧酒店,9.7,"['智享商務大床房:HK$347', '智享豪華大床房:HK$358', '智享豪華雙床房:HK$369', '智享行政大床房:HK$391', '智享行政雙床房:HK$402']"
商丘萬達廣場雪苑路亞朵酒店,9.8,"['高級雙床房（深睡床品+小冰箱+電視投屏）:HK$340', '高級大床房（深睡床品+小冰箱+電視投屏）:HK$340', '行政雙床房（深睡床品+小冰箱+電視投屏）:HK$367', '行政大床房（深睡床品+小冰箱+電視投屏）:HK$367', '尊享大床房（深睡床品+小冰箱+電視投屏）:HK$412']"
商丘清沐四季酒店（五洲城店）,9.6,"['優享雙床房:HK$138', '商務雙床房:HK$162', '商務大床房:HK$167']"
明錦精品酒店（商丘南站工學院店）,9.0,"['商務雙床房:HK$105', '商務大床房:HK$114', '雅緻雙床房:HK$120', '雅緻大床房:HK$126']"
尚客優品酒店（古城第一人民醫院店）,9.2,"['時尚圓床房（無窗）:HK$154', '時尚大床房（無窗）:HK$156', '艾家親子房:HK$186', '精緻大床房:HK$270']"
繽果酒店（商丘古城店）,9.2,"['悠享 I 大床房【巨幕投影+影視VIP】:HK$127', '輕旅 I 大床房【巨幕投影+影視VIP】:HK$138', '豪華 I 雙床房【兩張1.5大床】:HK$159', '親子 I 雙床房【兩張1.5大床+影視會員】:HK$173']"
華人易居公寓（商丘萬達廣場店）,7.2,"['奧林清朗大床房（吊牀+洗衣機+可做飯）:HK$155', '奧林清韻大床房（做飯+洗衣機）:HK$163', '奧林清俊大床房（茶室+洗衣機+可做飯）:HK$235', '奧林套房二居室（冰箱+洗衣機+可做飯）:HK$254']"
