酒店名称,评分,房型价格列表
樂巢居客棧（大同古城華嚴寺店）,9.7,"['樂巢·舒適榻榻米房（古色古香+加濕器）:HK$379', '樂巢·精緻榻榻米房（古色古香+加濕器）:HK$397', '樂巢·舒適大床房（古色古香+加濕器）:HK$500', '樂巢·雅緻大床房（古色古香+加濕器）:HK$527']"
達旦酒店（大同古城店）,9.6,"['日落小床房【一次性舒適巾類+馬油洗護】:HK$311', '繁星觀影房【高清全音效投影、泡湯浴缸】:HK$311', '日出大床房【一次性舒適巾類+馬油洗護】:HK$363', '達旦大床房【一次性舒適巾類+馬油洗護】:HK$415']"
老城根四合院民宿（大同古城代王府店）,9.7,"['春暉·超大榻榻米·採光超好·水潤空氣精靈:HK$610', '棲夢·極光巨幕大床房·水潤空氣精靈·乾濕分離:HK$652', '花竹·清逸榻榻米大床房·金可兒床墊·乾濕分離:HK$980', '觀城·古城觀景大床房·巨幕投影·水潤空氣精靈:HK$1,093']"
兮曼酒店（大同古城樑思成紀念館店）,9.4,"['熹微居大床房（智能客控+可投屏電視+智能馬桶）:HK$487', '風飄居雙床房（智能客控+可投屏電視+智能馬桶）:HK$487', '周遙居雙床房（智能客控+可投屏電視+智能馬桶）:HK$529', '倚南居大床房（智能客控+可投屏電視+智能馬桶）:HK$529', '遐觀居豪華套房（智能客控+可投屏電視+智能馬桶）:HK$724']"
仁義客棧（大同古城華嚴寺店）,9.7,"['臻選雅緻大床房:HK$512', '庭院高級複式大床套房:HK$643', '華嚴鐘聲複式觀景雙床套房-陽台:HK$840', '華嚴鐘聲複式觀景大床套房-陽台:HK$840']"
花築·雲客軒客棧（大同古城牆華嚴寺店）,9.6,"['知寒大床房·輕奢標配:HK$531', '舒適大床房·智能客控·帶衣櫃衣櫥:HK$684', '舒適雙床房·智能客控·帶衣櫃衣櫥:HK$716', '觀景大床房·可觀古城景·智能客控·大視野:HK$797']"
花築·演真居四合院民宿（大同古城鼓樓店）,9.5,"['温馨大床房（二進院）:HK$673', '温馨家庭炕房（二進院）:HK$822', '舒適標準間（三進院）:HK$848', '輕奢標準間（一進院）:HK$947']"
全季酒店（大同大有廣場店）,9.8,"['榻榻米房（智能客控、可投屏65寸電視+新風系統）:HK$562', '高級大床房 A （智能客控、可投屏65寸電視+新風系統）:HK$591', '高級大床房 （智能客控、可投屏65寸電視+新風系統）:HK$628', '舒壓高級大床房 （智能客控+可投屏65寸電視+新風系統）:HK$666']"
建國扉縵酒店旗艦店（大同東信國際店）,9.7,"['商務大床房（智能客控+零壓床墊+加濕器）:HK$557', '高級大床房（智能客控+零壓床墊+加濕器）:HK$592', '高級雙床房（智能客控+零壓床墊+加濕器）:HK$628', '特色雙床房（65寸可投屏電視+健身按摩器械+加濕器）:HK$689', '套房（智能客控+零壓床墊+加濕器）:HK$700']"
古韻小舍·觀景四合院（大同古城華嚴寺店）,9.7,"['拾光·榻榻米房|小院夜景+深度睡眠:HK$560', '來客·榻榻米|180度四合院觀景+高級睡眠:HK$560', '蜜悦·雅緻舒雅大床房|小院夜景·智能客控·深度睡眠:HK$718', '盡歡·雅緻景觀大床房|四合院·古城觀景·沉靜睡眠:HK$720']"
雲邸·九間房民宿（大同古城店）,9.8,"['曹國舅中式古典雙床標間（戴森空氣凈化器·智能馬桶）:HK$496', '漢鍾離中式大炕房（禪意榻榻米·零壓床墊·智能馬桶）:HK$586', '張果老中式大炕房（禪意榻榻米·零壓床墊·智能馬桶）:HK$586', '鐵枴李中式大炕房（禪意榻榻米·零壓床墊·智能馬桶）:HK$586', '韓湘子中式大炕房（禪意榻榻米·零壓床墊·智能馬桶）:HK$698']"
迦南賓館（大同古城鐘樓店）,9.4,"['特惠房:HK$349', '複式原木大床房:HK$489', '原木雙床房:HK$489', '複式原木家庭房:HK$664']"
玩途·藝述民宿（代王府店）,9.6,"['見山·星空私湯·巨幕投影·商務大床房:HK$471', '觀瀾·踏踏米茶座全陽光豪華親子房:HK$611', '扶搖·陽台花園搖椅觀景親子房:HK$667', '雲染·城牆觀景· 全屋智能親子房:HK$682']"
沐瀾居古城原創設計師民宿,10.0,"['攬月內景大床房（愛意零壓床墊+安吉爾軟水+新風系統）:HK$640', '興元內窗雙床房（愛意零壓床墊+安吉爾軟水+新風系統）:HK$640', '宴月內景大床房（愛意零壓床墊+安吉爾軟水+新風系統）:HK$640', '聽蘭院景雙床間（愛意零壓床墊+安吉爾軟水+新風系統）:HK$1,217', '翠陌院景大床房（愛意零壓床墊+安吉爾軟水+新風系統）:HK$1,217']"
大同賓館,9.2,"['精緻大床房（斯林百蘭床墊）:HK$402', '精緻標間（斯林百蘭床墊）:HK$402', '觀景雙床房（斯林百蘭床墊）:HK$413', '高級觀景大床房（斯林百蘭床墊）:HK$424', '高級觀景雙床房（斯林百蘭床墊）:HK$424']"
三盛庭院（大同古城店）,9.8,"['陸順·標準雙人間·小度智能客控:HK$333', '捌瑞·温馨榻榻米大床房·小度智能客控:HK$413', '柒祥·休閑娛樂大床房·小度智能客控:HK$413', '肆喜·四合院·庭院景豪華大床房:HK$774', '貳貴·四合院·城牆景庭院景豪華親子雙床房:HK$774']"
玩途民宿（大同古城店）,9.7,"['肆喜·全屋智能·茶座·天空頂·巨幕投影·精緻標間:HK$510', '叁吉·全屋智能·私湯·巨幕投影·天空頂精品大床房:HK$567', '伍福·全屋地暖·智能客控·觀景大床房:HK$567', '貳貴·私湯·天空頂·巨幕投影·全屋智能精品標間:HK$591', '柒祥·庭院全觀景陽光雙床榻榻米:HK$625']"
半鬥文軒客棧（大同古城牆華嚴寺店）,9.6,"['魏陵煙雨大床房丨冰箱丨慕斯床墊丨德立浴房丨全屋軟水:HK$678', '寶塔凝煙大床房（無窗）丨冰箱丨慕斯床墊丨德立浴房:HK$753', '石窟梵音大床房丨冰箱丨慕斯床墊丨德立浴房丨全屋軟水:HK$877', '玉橋官柳大床房丨冰箱丨慕斯床墊丨德立浴房丨全屋軟水:HK$1,013', '桑乾晚渡大床房丨冰箱丨慕思床墊丨德立浴房丨全屋軟水:HK$1,161']"
龍軒居民宿（大同古城店）,9.6,"['軒龍榻榻米（慕思床品+科勒衞浴+3M軟水+戴森吹風機）:HK$732', '梓龍雙床房（慕思床品+科勒衞浴+3M軟水+戴森吹風機）:HK$732', '龍悦大床房（慕思床品+科勒衞浴+3M軟水+戴森吹風機）:HK$732', '皓龍大床房（慕思床品+科勒衞浴+3M軟水+戴森吹風機）:HK$825']"
頤原居（大同古城店）,9.5,"['雲苓温馨大床房|落地窗|慕斯床墊:HK$547', '丁香標準大床房|乾濕分離|慕斯床墊:HK$572', '半夏標準雙床房|榻榻米|慕斯床墊:HK$597', '白芷觀景大床房|乾濕分離|慕斯床墊:HK$647']"
建國璞隱酒店旗艦店（大同高鐵站萬達廣場店）,9.6,"['詠蘭居大床房（夢百合零壓床品+加濕器+超大空間）:HK$558', '幽篁居雙床房（夢百合零壓床品+加濕器+超大空間）:HK$587', '暗香居大床房（夢百合零壓床墊&枕頭+榻榻米茶藝區）:HK$587', '暗香居觀景大床房（智能客控+棋牌桌）:HK$731', '芳草居套房（夢百合零壓床品+一室一廳）:HK$972']"
古城怡景民宿,9.5,"['【雲硯】觀景豪華雙床房:HK$426', '【紫晨】舒適温馨雙床房:HK$433', '【漫享】豪華浪漫雙床房:HK$459', '【怡景】觀景温馨套房（三床一衞一陽台）:HK$524']"
流連民宿（大同古城店）,9.2,"['流連·信步:HK$354', '流連·芭東:HK$354', '流連·仙本那:HK$354', '流連·克里斯欽:HK$404']"
大同平城福朋喜來登酒店,9.2,"['高級大床房:HK$861', '高級雙床房:HK$883', '臻選大床房:HK$915', '臻選雙床房:HK$937', '古城景觀大床房:HK$970']"
雲夢閣酒店（大同古城店）,9.6,"['雲海仙蹤㇑舒適榻榻米房:HK$527', '雲生緣起㇑舒適榻榻米房:HK$527', '雲捲雲舒㇑觀景榻榻米房:HK$542', '雲遊四海㇑觀景榻榻米房:HK$542']"
古城裡酒店（大同古城華嚴寺店）,9.4,"['棲心·觀影雙床房（米家智能客控+24小時在線管家）:HK$600', '卧榻·大床（温馨地台榻榻米+米家智能客控+九龍壁步行可達）:HK$624', '歸謐·大床房（米家智能客控+華嚴寺步行可達）:HK$686', '歸謐·雙床（米家智能客控+華嚴寺步行可達）:HK$722']"
達觀樓禪意酒店（大同古城華嚴寺店）,9.4,"['忘心·零壓大床房（休閑小榻·古城牆景觀）:HK$389', '無為·零壓大床房（休閑小榻&古城牆景觀）:HK$447', '無憂·零壓大床房（陽光滿屋&可投屏65寸電視）:HK$484', '心遠·零壓雙床房（電視可調節方向&古城牆景觀）:HK$527']"
75棲吾酒店（大同古城和陽門廣場店）,9.4,"['星空影音大床房:HK$602', '豪華大床房:HK$827', '豪華雙床房:HK$859', '豪華棋牌房:HK$904']"
星季酒店（御河西路店）,9.5,"['高級大床房:HK$392', '豪華大床房:HK$409', '豪華雙床房:HK$417', '星空大床房:HK$433']"
花築·古家客棧（大同古城華嚴寺店）,8.8,"['古雅-福居特色炕:HK$447', '古韻-壽庭特色炕:HK$447', '古風-祿苑特色炕:HK$447', '古謐-元曲雙床房:HK$556']"
拾光雲墅・古城牆畔丨碧潭天井・設計師觀景酒店（大同古城華嚴寺店）,9.8,"['雲遊·庭院雙床房【漢朝佈景設計+智能客控+智能馬桶】:HK$645', '雲笙·觀景大床房【智能客控+智能馬桶】:HK$831', '雲程·古意雙床房【漢代宮廷設計+全屋智能+智能馬桶】:HK$941', '雲雨·靜奢大床房【漢代宮廷設計+全屋智能+智能馬桶】:HK$941', '雲弈·古雅雙床房【180°古城街景+智能客控+智能馬桶】:HK$1,082']"
雲頂鴿緣民宿（大同古城鼓樓店）,9.9,"['鴿緣·夏種 丨觀景大床房:HK$402', '鴿緣·冬藏 丨雅居大床房:HK$632', '鴿緣·秋錦丨悦享大床房:HK$632', '鴿緣·禧禾丨帷幔大床房:HK$717']"
泊雲小築民宿（大同古城牆華嚴寺店）,9.8,"['雲逸·清朗·大床|MiNi吧|地暖|智能投屏電視:HK$898', '雲望·玉砌·大床|百寸高清投影|智能馬桶|MiNi吧:HK$1,078', '雲憬·小窗觀浮雲·度假大床|MiNi吧|全地暖|智能馬桶:HK$1,118', '雲庭·映霞滿院·度假大床|MiNi吧|智能馬桶|百寸大屏:HK$1,258', '雲裳雲縵·馨逸·家庭雙床|MiNi吧|全屋智能|百寸投影:HK$1,546']"
維也納3好酒店（大同古城華嚴寺店）,9.2,"['標準雙床房:HK$582', '標準大床房:HK$603', '高級大床房:HK$611', '高級雙床房:HK$611']"
清霖閣民宿（大同古城代王府店）,9.6,"['清音丨悠享大床房丨智能客控丨帶衣櫃衣櫥丨乾濕分離:HK$549', '清心丨舒適大床房丨智能客控丨帶衣櫃衣櫥丨乾濕分離:HK$578', '清麗丨舒適雙床房丨智能客控丨帶衣櫃衣櫥丨乾濕分離:HK$578', '清風丨悠享大床房丨智能客控丨帶衣櫃衣櫥丨乾濕分離:HK$578']"
艾扉酒店（大同高鐵南站萬達廣場店）,9.3,"['大床房（好眠記憶枕+智能衞浴）:HK$282', '商務大床房（好眠記憶枕+智能衞浴）:HK$290', '高級大床房（眠記憶枕+智能衞浴+獨立卧室）:HK$325', '高級雙床房（好眠記憶枕+智能衞浴）:HK$333']"
大同凱悦主題客棧（（大同古城華嚴寺店）,9.7,"['波西尼亞一室一廳（高清投影+洗衣機冰箱+3D床墊）:HK$214', '落曉星空大床房（全屋智能+高清投影+洗衣機冰箱+3D床墊）:HK$293', '海棠醉日180°浴缸大床房（全屋智能+高清投影+洗衣機冰箱+3D床墊）:HK$293', '西西里奶油風一室一廳2607（全屋智能+高清投影+冰箱+3D床墊）:HK$293']"
志芳·古城裡四合院酒店（大同古城牆鼓樓東街店）,9.0,"['清雅特價雙床房:HK$376', '清雅雙床房|四合院夜景+沉浸睡眠:HK$433', '精品雙床房|四合院-沉靜睡眠:HK$473']"
漢庭酒店（大同古城清遠南門店）,9.5,"['大床房:HK$563', '商務大床房:HK$592', '商務雙床房:HK$610', '豪華家庭房:HK$639']"
花築·興茂客棧（大同古城華嚴寺店）,9.5,"['雅緻大床房-暖氣·智能客控·帶衣櫥櫃:HK$569', '閣望大床房-暖氣·智能客控·極簡輕奢:HK$622', '麗正坊雙床房-暖氣·智能客控·帶衣櫥櫃·輕奢標配:HK$656', '典雅大床房-暖氣·智能客控·茶台·帶衣櫥櫃:HK$688']"
古城故事·Designer·東方美學四合院（大同古城店）,9.5,"['和瑞·城景大床房（全屋智能·鳥瞰城景）:HK$549', '和瑾·觀景庭院雙床房（全屋智能·慕斯零壓床墊）:HK$558', '和軒·親子房（獨立庭院·慕斯零壓床墊）:HK$558', '雲影·棲遲雙床房（超清4K巨幕投影· 智能客控· 慕思零壓床墊· 夢澤絲絨舒逸織錦布草· 徠芬吹風機）:HK$560', '雲境·棲語PUS大床房（禪意品茗茶桌· 慕斯零壓床墊）:HK$560']"
大白商務酒店（大同平城街店）,9.8,"['輕雅零壓大床房（夢百合超靜音零壓床墊+親膚床品）:HK$297', '舒雅零壓雙床房（夢百合超靜音零壓床墊+可投屏電視）:HK$312', '靜雅零壓大床房（夢百合超靜音零壓床墊+可投屏電視）:HK$319', '閑雅零壓親子房（夢百合超靜音零壓床墊+親膚床品）:HK$368']"
博雅商務酒店（大同南城牆帶狀音樂噴泉北魏明堂遺址公園店）,9.5,"['博享雙床房【舒睡記憶枕】:HK$354', '博享大床房【舒睡記憶枕】:HK$354', '博享智能雙床房【舒睡記憶枕+小度智能客控系統】:HK$375', '博享智能大床房【舒睡記憶枕+小度語音智能客控系統】:HK$375']"
鳳棲合院（大同古城鼓樓店）,9.8,"['雨墨·影音浴缸大床房『小度智能+絲漣床墊+諾頓系列洗漱品+科勒衞浴』:HK$1,226', '雲蓮·影音浴缸大床房『小度智能+絲漣床墊+諾頓系列洗漱品+科勒衞浴』:HK$1,226', '蘭庭·星空浴缸大床房『小度智能+絲漣床墊+諾頓系列洗漱品+科勒衞浴』:HK$1,328', '青舍·loft三卧親子套房『小度智能+絲漣床墊+諾頓系列洗漱品+科勒衞浴』:HK$1,791', '夢舍·loft雙卧家庭套房『小度智能+絲漣床墊+諾頓系列洗漱品+科勒衞浴』:HK$1,867']"
南北LOFT酒店（大同南站平城萬達廣場店）,9.7,"['Loft大床房（小藝智能管家+零壓床墊）:HK$550', 'Loft棋牌房（智能管家+棋牌+一室雙床）:HK$614', 'Loft浴缸大床房B（智能管家+浪漫浴缸）:HK$623', 'Loft浴缸大床房A（智能管家+浪漫浴缸）:HK$632']"
大同魏都國際酒店,9.2,"['高級大床房（無窗）:HK$450', '精緻無窗大床房:HK$488', '豪華標準間:HK$771', '豪華大床間:HK$771', '商務大床房:HK$771']"
和頤至尚酒店旗艦店（大同高鐵站萬達廣場店）,9.7,"['商務大床房（夢百合零壓床品+加濕器）:HK$587', '高級大床房（夢百合零壓床品+加濕器+平城夜景）:HK$616', '高級雙床房（夢百合零壓床品+加濕器+超大空間）:HK$616', '家庭房（夢百合零壓床品+適合家庭大小床+加濕器）:HK$664', '套房（夢百合零壓床品+一室一廳）:HK$1,001']"
魏京兆民宿（大同古城代王府店）,9.9,"['院巷丨安枕舒適大床房丨智能客控丨零壓床墊丨鵝絨被:HK$815', '和陽丨曦光臻享大床房丨智能客控丨零壓床墊丨鵝絨被:HK$866', '鼓樓丨暮色晨曦雙床房丨懶人沙發丨零壓床墊丨智能客控:HK$980', '永泰丨黑甜優享雙床房丨智能客控丨零壓床墊丨鵝絨被:HK$1,005', '清遠丨夢閣商務大床套房丨鵝絨被丨智能客控丨零壓床墊:HK$1,018']"
大同平城智選假日酒店,9.7,"['高級房·超大床【金可兒床墊King-Laifen徠芬吹風機】:HK$734', '高級房2張雙人床【金可兒床墊King-Laifen徠芬吹風機】:HK$734', '高級房 超大床 無障礙:HK$734', '高級房超大床更大面積【金可兒床墊-徠芬吹風機】:HK$778', '高級房·2張雙人床更大面積【金可兒床墊-徠芬吹風機】:HK$778']"
拾光雲墅（大同古城二店）,9.9,"['拾安·舒適雙床房|中央空調|新風系統:HK$462', '雲軒·尊享大床房|輕奢浴缸|新風系統|中央空調:HK$513', '雲樂·舒享雙床房|中央空調|新風系統:HK$550', '雲芊·舒享雙床房|中央空調|新風系統:HK$563']"
