酒店名称,评分,房型价格列表
建國鉑萃酒店（天津之眼店）,9.6,"['萃逸大床房（小度控制 +智能潔具+冰箱+柔軟浴袍+電視投屏）:HK$529', '萃雅商務雙床房（全屋智能小度控制 +智能潔具+冰箱+柔軟浴袍+電視投屏）:HK$538', '萃雅商務大床房（小度控制 +智能潔具+冰箱+柔軟浴袍+電視投屏）:HK$548', '萃韻景觀雙床房（全屋智能小度控制 +智能馬桶+冰箱+柔軟浴袍+電視投屏）:HK$616', '萃韻景觀大床房（全屋智能小度控制 +智能馬桶+冰箱+柔軟浴袍+電視投屏）:HK$644']"
美豪麗致酒店（天津五大道營口道地鐵站店）,9.5,"['麗致小廂房（小愛智能客控+可投屏65寸電視+乳膠床墊）:HK$352', '悦致大床房（無窗）（小愛智能客控+可投屏65寸電視+乳膠床墊+小冰箱+小客廳）:HK$387', '麗致大床房（小愛智能客控+可投屏65寸電視+乳膠床墊+小冰箱+小客廳）:HK$407', '雅緻大床房（小愛智能客控+可投屏65寸電視+乳膠床墊+小冰箱）:HK$462', '雅緻雙床房（小愛智能客控+可投屏65寸電視+乳膠床墊+小冰箱）:HK$482']"
天津藝龍酒店,9.7,"['特享影音大床房（投影儀+智能客控+毛巾除菌櫃）:HK$429', '不凡電競雙床房（智能客控+毛巾除菌櫃+大冰箱）:HK$429', '心悦雙床房（智能客控+毛巾除菌櫃+小冰箱）:HK$457', '心悦大床房（自帶陽台+智能客控+毛巾除菌櫃+小冰箱）:HK$485', '藝心大床房（智能客控+毛巾除菌櫃+小冰箱）:HK$540']"
麗柏酒店（天津站意式風情街店）,9.6,"['舒適大床房（席夢思床墊+65寸超清電視可投屏）:HK$437', '舒適雙床房（席夢思床墊+65寸超清電視可投屏）:HK$467', '精緻大床房（空氣凈化器+席夢思床墊+65寸電視可投屏）:HK$492', '精緻雙床房（席夢思床墊+65寸超清電視可投屏）:HK$527']"
天津站希爾頓花園酒店,9.6,"['花園大床房:HK$573', '花園雙床房:HK$611', '花園景觀大床房:HK$611', '花園豪華雙床房:HK$624', '花園豪華大床房:HK$700']"
時光漫步S酒店（天津火車站津灣廣場店）,9.8,"['悠然大床房（智能客控+手機投屏+小冰箱）:HK$419', '景觀大床房（智能客控+手機投屏+小冰箱）:HK$450', '行政大床房（超大空間+小冰箱+靜謐睡眠）:HK$480', '尊享大床房（可加沙發床+智能客控+小冰箱）:HK$511']"
天津金皇大酒店,9.3,"['豪華祕境房|榻榻米:HK$500', '安適雙床間:HK$500', '安適大床間:HK$500', '豪華大床間:HK$545', '豪華雙床間:HK$545', '豪華一室一廳公寓:HK$609']"
天津南站鵬瑞利明宇麗雅酒店,9.5,"['輕居雙床房（城景落地窗-深睡床墊-投屏電視）:HK$441', '麗雅大床房（城景落地窗-深睡床墊-投屏電視）:HK$441', '麗雅雙床房（落地窗城景-深睡床墊-投屏電視）:HK$441', '輕居大床房（城景落地窗-深睡床墊-投屏電視）:HK$463', '麗雅陽光大床房（270°環幕視野-深睡床墊-投屏電視）:HK$489']"
天津站桔子水晶酒店,9.8,"['大床房（智能客控+65寸電視可投屏+絲漣床墊+記憶枕）:HK$532', '高級大床房（智能客控|65寸電視可投屏|絲漣床墊）:HK$572', '高級雙床房（智能客控+65寸電視可投屏+絲漣床墊+記憶枕）:HK$603', '商務大床房（智能客控+65寸電視可投屏+絲漣床墊）:HK$623', '商務雙床房（智能客控+65寸電視可投屏+絲漣床墊+記憶枕）:HK$653']"
朗麗茲酒店（天津火車站意式風情街店）,9.6,"['麗茲大床房（65寸可投屏+小冰箱+加熱毛巾桿+智能窗簾）:HK$637', '商務大床房（65寸可投屏+小冰箱+加熱毛巾桿+智能窗簾）:HK$696', '麗茲雙床房（65寸可投屏+小冰箱+加熱毛巾桿+智能窗簾）:HK$743', '意風景觀大床房A（65寸可投屏+小冰箱+加熱毛巾桿+智能窗簾）:HK$755']"
天津站希爾頓歡朋酒店,9.6,"['高級大床房:HK$720', '舒適河景雙床房:HK$763', '高級親子房:HK$785', '豪華大床房:HK$807', '商務豪華大床房:HK$873']"
天津濱江道恆隆廣場亞朵S酒店,9.6,"['高級大床房（智能客控+智能馬桶+小冰箱+可投屏65寸電視+空氣凈化器）:HK$385', '高級雙床房（智能客控+智能馬桶+小冰箱+可投屏65寸電視+空氣凈化器）:HK$403', '行政大床房（智能客控+深睡枕+智能馬桶+小冰箱+可投屏65寸電視）:HK$421', '行政雙床房（智能客控+深睡枕+智能馬桶+小冰箱+可投屏65寸電視）:HK$439', '幾木大床房（智能客控+深睡枕+智能馬桶+小冰箱+可投屏65寸電視）:HK$457']"
維也納國際酒店（天津鼓樓店）,9.6,"['商務大床房（180°城景+智能）:HK$359', '豪華大床房（180°城景+智能）:HK$391', '豪華雙床房（180°城景+智能）:HK$413', '景觀大床房（180°城景+森林氧吧+智能+小冰箱）:HK$447', '景觀雙床房（180°城景+森林氧吧+智能+小冰箱）:HK$469']"
天津麗思卡爾頓酒店,9.5,"['豪華雙床房丨歐式復古風:HK$1,908', '豪華大床房丨歐式復古風:HK$1,908', '豪華空中庭院大床房丨私享户外庭院:HK$2,035', '豪華超級大床房:HK$2,035', '豪華空中庭院房丨超級大床:HK$2,162', '行政豪華大床房:HK$2,544']"
天津之眼亞朵酒店,9.5,"['高級大床房（手機智能投屏）:HK$592', '行政大床房（超大空間+手機智能投屏）:HK$619', '高級雙床房（手機智能投屏）:HK$619', '行政雙床房（超大空間+手機智能投屏）:HK$682', '幾木家庭雙床房（迷你冰箱+手機智能投屏+深睡枕）:HK$771']"
天津五大道希爾頓歡朋酒店,9.6,"['高級大床房（舒達床墊+投屏+多場景燈光）:HK$544', '豪華大床房（舒達床墊+投屏+多場景燈光）:HK$623', '高級雙床房（舒達床墊+投屏+多場景燈光）:HK$640', '豪華親子大床房（舒達床墊+投屏+多場景燈光）:HK$640', '豪華親子雙床房（舒達床墊+投屏+多場景燈光）:HK$640']"
宜必思酒店（天津火車站津灣廣場店）,9.5,"['大床房（房間配有加濕器+金可兒床墊+可投屏電視）:HK$348', '高級大床房（金可兒床墊+可投屏電視）:HK$378', '雙床房（配有加濕器+金可兒床墊+可投屏電視）:HK$378', '高級雙床房（金可兒床墊+可投屏電視）:HK$407']"
天津五大道小白樓地鐵站輕居酒店,9.5,"['舒適大床房:HK$322', '標準大床房:HK$349', '標準雙床房:HK$349', '精選大床房:HK$376']"
天津香格里拉大酒店,9.3,"['豪華河景雙床房:HK$1,038', '豪華河景大床房:HK$1,038', '豪華全景大床房:HK$1,147', '豪華閣河景雙床房:HK$1,365', '豪華閣河景大床房:HK$1,365', '小黃鴨親子客房:HK$1,638']"
天津鼓樓諾富特酒店,9.7,"['大床房:HK$632', '雙床房:HK$632', '高級大床房:HK$673', '高級雙床房:HK$692', '豪華大床房:HK$713']"
天津津灣廣場漫心酒店,9.6,"['雅緻大床房（智能客控+可投屏電視+小冰箱）:HK$430', '經典大床房:HK$430', '心怡大床房（智能客控+可投屏電視+小冰箱）:HK$447', '心悦高級大床房（智能客控+可投屏電視+小冰箱）:HK$465', '心享經典大床房（智能客控+可投屏電視+小冰箱）:HK$500']"
天津津灣廣場桔子水晶酒店,9.7,"['標準大床房（無窗）:HK$385', '榻榻米大床房（小冰箱+65寸一鍵投屏電視）:HK$402', '豪華大床房·小冰箱+65寸一鍵投屏電視+深度睡眠記憶枕:HK$452', '商務大床房（小冰箱+65寸一鍵投屏電視+深度睡眠記憶枕）:HK$481', '高級雙床房（無窗）:HK$522']"
天津陸家嘴萬怡酒店,9.3,"['豪華大床房:HK$738', '豪華雙床房:HK$738', '尊貴大床房:HK$763', '尊貴雙床房:HK$763', '小黃鴨主題雙床房:HK$815']"
天津璞麗東方酒店（靜海區第一中學店）,9.5,"['豪華雙床房（鵝絨安睡枕+定製甜夢床墊）:HK$308', '豪華大床房（鵝絨安睡枕+定製甜夢床墊+超大浴缸）:HK$313', '行政大床房（超大浴缸+負氧離子空氣凈化器+等離子加濕器）:HK$339', '行政雙床房（鵝絨安睡枕+定製甜夢床墊+75寸電視）:HK$343', '尊享雙床房（負氧離子凈化器+等離子加濕器+75寸電視）:HK$368']"
歐航蘭蒂斯酒店（天津濱海國際機場店）,9.2,"['高級大床房:HK$160', '高級雙床房:HK$160', '豪華大床房:HK$186', '豪華雙床房:HK$186']"
全季酒店（天津濱江道商業街店）,9.5,"['特價大床房（躺平治癒+金可兒床墊）:HK$331', '高級大床房（躺平治癒）:HK$360', '雙床房（新風系統 可投屏65寸電視+金可兒床墊）:HK$369', '商務雙床房（可投屏65寸電視+金可兒床墊）:HK$409']"
全季酒店（天津小白樓徐州道地鐵站店）,9.5,"['高級特大床房【可投屏65寸電視+冰箱+金可兒床墊】:HK$522', '大床房【可投屏65寸電視+冰箱+金可兒床墊】:HK$542', '高級大床房【可投屏65寸電視+冰箱+金可兒床墊】:HK$572', '雙床房【可投屏65寸電視+冰箱+金可兒床墊】:HK$603']"
國家會展中心天津福朋喜來登酒店,9.5,"['精緻大床房:HK$840', '精緻雙床房:HK$840', '尊貴大床房:HK$904', '尊貴雙床房:HK$904', '標準套房:HK$1,286']"
天津富力萬達文華酒店,9.5,"['高級豪華雙床房（悦享城景+超大浴缸+深睡床墊）:HK$710', '高級豪華大床房（悦享城景+超大浴缸+深睡床墊）:HK$710', '高級豪華河景大床房（悦享河景+超大浴缸+深睡床墊）:HK$803', '豬豬俠主題房:HK$835', '超級飛俠主題雙床房:HK$835', '行政樓層大床房（悦享城景+超大浴缸+深睡床墊）:HK$965']"
天津五大道佟樓地鐵站亞朵酒店,9.7,"['高級大床房（可投屏65寸電視＋智能客控＋智能馬桶）:HK$412', '行政大床房（智能客控＋可投屏65寸電視＋智能馬桶＋小冰箱）:HK$537', '行政雙床房（智能客控＋可投屏65寸電視＋智能馬桶＋小冰箱）:HK$592', '幾木雙床房（深睡枕+小冰箱＋智能客控＋可投屏65寸電視＋智能馬桶）:HK$682', '幾木大床房（深睡枕+小冰箱＋智能客控＋可投屏65寸電視＋智能馬桶）:HK$682']"
天津泛太平洋大酒店,9.3,"['豪華城市景觀大床房丨哏都風貌丨舒適觀景貴妃榻:HK$568', '至尊城市景觀雙床房丨哏都風貌丨舒適觀景貴妃榻:HK$568', '豪華河景大床房丨海河夜色丨舒適觀景貴妃榻:HK$634', '至尊河景雙床房丨海河夜色丨舒適觀景貴妃榻:HK$634', '一室一廳公寓丨靈動空間丨開放式廚房:HK$728', '行政城市景觀大床房丨俯瞰天津衞丨舒適觀景貴妃榻:HK$739']"
凱里亞德酒店（天津奧體中心店）,9.7,"['樂享大床房:HK$392', '優享大床房（康萊斯床墊+鵝絨枕）:HK$436', '優享雙床房（康萊斯床墊+鵝絨枕）:HK$436', '榮享雙床房（康萊斯床墊+鵝絨枕）:HK$479']"
天津社會山會議酒店（天津南站社會山廣場店）,8.9,"['城市酒店·輕奢舒眠房（非主樓）:HK$420', '豪華商務雙床房:HK$480']"
天津五大道三十六號酒店,9.5,"['舒享一室一廳大床房:HK$336', '尊享一室一廳大床房:HK$396', '舒謐一室一廳浴缸大床房I超大空間:HK$396', '奢享雙床房:HK$396', '露台陽光一室一廳大床房:HK$418']"
天津北塘陸院丨班馬家度假酒店,9.2,"['詩雨丨大床私湯房:HK$535', '藝芸丨大床套房【寵物友好】:HK$643', '詩雨丨大床私湯套房:HK$753', '竹茗丨兩室一廳家庭套房:HK$938', '藝芸丨兩室一廳家庭套房【寵物友好】:HK$971']"
映向城酒店（天津古文化街鼓樓地鐵站店）,9.4,"['特惠雅緻大床房:HK$386', 'Loft雙層複式行政雙床房:HK$423', '舒適商旅大床房:HK$435', '落地窗陽光雙床房:HK$484', 'Loft雙層複式行政大床房:HK$509']"
ZMAX滿兮酒店（天津奧體中心水上公園地鐵站店）,9.7,"['一張床 L（全屋智能+65寸電視可投屏）:HK$277', '一張床 XL（全屋智能+65寸電視可投屏）:HK$296', '兩張床 L（全屋智能+陽光充盈+65寸電視可投屏）:HK$333', '一張床 XXL（全屋智能+陽光充盈+65寸電視可投屏）:HK$343', '有個客廳 MAX（全屋智能+65寸電視可投屏）:HK$352']"
柏曼酒店（天津漁陽鼓樓獨樂寺店）,9.7,"['智能標準大床房（智能客控+夢百合枕+智慧電視）:HK$343', '智能高級大床房（智能客控+夢百合枕+智慧電視）:HK$374', '智能高級雙床房（智能客控+親膚床品+智慧電視）:HK$389', '智能豪華大床房（智能客控+迷你冰箱+採光通透）:HK$412']"
天津空港Robin諾賓酒店,9.4,"['雅緻大床房|漢斯格雅衞浴+舒達床墊+智能投屏:HK$288', '舒適大床房|漢斯格雅+舒達床墊+智能投屏+Marshall音響:HK$325', '悦享雙床房|漢斯格雅+舒達床墊+智能投屏+Marshall音響:HK$347', '悦享大床房|漢斯格雅+舒達床墊+智能投屏+Marshall音響:HK$368', '甄選雙床房|漢斯格雅+舒達床墊+智能投屏+Marshall音響:HK$409']"
天津空港濱海國際機場希爾頓歡朋酒店,9.6,"['舒適大床房（舒達床墊+電視投屏+智能馬桶）:HK$475', '高級雙床房（舒達床墊+電視投屏+智能馬桶）:HK$505', '高級大床房（舒達床墊+電視投屏+智能馬桶）:HK$535', '豪華雙床房（舒達床墊+電視投屏+智能馬桶）:HK$565', '豪華大床房（舒達床墊+電視投屏+智能馬桶）:HK$596']"
天津河東麥客達温德姆酒店,9.5,"['高級客房-大床（舒適床品+手機投屏+語音智能）:HK$393', '高級客房-雙床（舒適床品+手機投屏+語音智能）:HK$401', '商務客房-大床 （舒適床品+手機投屏+語音智能）:HK$435', '商務客房-雙床 （舒適床品+手機投屏+語音智能）:HK$435', '精緻客房-雙床:HK$472']"
喆啡酒店（天津意式風情區古文化街店）,9.5,"['醇享生活房:HK$436', '醇享大床房:HK$462', '啡凡影視大床房:HK$479', '啡凡大床房:HK$514']"
天津瑞吉金融街酒店,9.4,"['高級城景大床房丨哏都金街風貌:HK$1,182', '高級河景雙床房 | 旖旎海河景觀:HK$1,284', '高級河景大床房丨旖旎海河景觀:HK$1,309', '尊貴海河全景客房丨超大落地窗:HK$1,538', '瑞吉套房:HK$2,201', '州長套房:HK$2,901']"
麗怡酒店（天津站古文化街店）,9.5,"['大床房（智能客控+慕思床墊）:HK$365', '標準大床房（智能客控+慕思床墊）:HK$393', '高級大床房（智能客控+慕思床墊）:HK$422', '豪華大床房（智能客控+慕思床墊）:HK$450']"
天津政協俱樂部,9.0,"['商務標準間:HK$435', '商務大床間:HK$479', '商務套間:HK$828']"
天津濱江道步行街桔子水晶酒店,9.4,"['大床房（智能客控+可投屏65寸電視）:HK$341', '商務大床房（智能客控+可投屏65寸電視）:HK$371', '高級大床房（智能客控+可投屏65寸電視）:HK$402', '行政大床房（智能客控+可投屏65寸電視）:HK$472', '雙床房（智能客控+可投屏65寸電視）:HK$491']"
麗怡酒店（天津空港濱海國際機場店）,9.6,"['高級大床房-智能客控:HK$274', '豪華大床房-智能客控:HK$293', '純凈大床房-智能客控+空氣凈化器:HK$301', '純凈雙床房-智能客控+空氣凈化器:HK$330']"
天津融僑套房假日酒店（南京路海光寺地鐵站店）,9.5,"['高級大床房 | 津沽CBD夜景 | 超大衞生間，雙洗手盆:HK$542', '高級雙床房 | 津沽CBD夜景 | 超大衞生間，雙洗手盆:HK$542', '無障礙標準雙床房:HK$542', '高級房 | 津沽CBD夜景 | 超大衞生間，雙洗手盆:HK$542', 'City Walk高層大床房｜津沽夜色｜超大衞生間,雙洗手盆:HK$651', 'City Walk高層雙床房｜津沽夜色｜超大衞生間,雙洗手盆:HK$651']"
天津西站逸扉酒店,9.5,"['靜享大床房（全屋空氣凈化氧吧+膠囊coffee機+小冰箱）:HK$315', '逸扉高級大床房（親膚床品+膠囊Coffee機+小冰箱）:HK$333', '高級雙床房 （城市景觀+親膚床品+膠囊Coffee機+小冰箱）:HK$343', '高級大床房（城市景觀+皮爺膠囊Coffee機+小冰箱）:HK$443', '行政大床房（城市觀景+Coffee機+智能語控+小冰箱）:HK$492']"
天津五大道外國語大學亞朵酒店,9.5,"['高級大床房（智能語音+小冰箱+深睡枕PRO+智能投屏）:HK$502', '行政大床房（智能語音+小冰箱+深睡枕PRO+智能投屏）:HK$592', '行政雙床房（智能語音+小冰箱+深睡枕PRO+智能投屏）:HK$628', '幾木大床房（智能語音+深睡枕PRO+浴袍+智能投屏）:HK$717', '幾木雙床房（智能語音+深睡枕PRO+浴袍+智能投屏）:HK$861']"
