酒店名称,评分,房型价格列表
蘭莓·羲華酒店（天水市政府中心廣場店）,9.3,"['商務大床房:HK$321', '商務標準間:HK$321', '豪華標準間:HK$363', '豪華大床房:HK$363']"
萬信至格酒店（天水伏羲廟店）,9.4,"['商務大床房（智能客控）:HK$361', '豪華大床房（智能客控）:HK$379', '豪華雙床房（智能客控）:HK$379', '行政大床房（智能客控）:HK$416']"
天水凱麗瑞斯酒店,9.4,"['豪華標間:HK$492', '豪華單間:HK$542', '豪華套房:HK$1,013', '行政標間:HK$1,592', '行政套房:HK$1,592']"
全季酒店（天水中心廣場店）,9.5,"['大床房（智能投屏）:HK$317', '高級大床房（智能投屏）:HK$336', '雙床房（智能投屏）:HK$345', '舒壓高級大床房（零壓床墊+智能投屏）:HK$354']"
公航旅麥積山明珠酒店,9.2,"['尊享雙床房:HK$478', '尊悦親子房:HK$609', '尊睿家庭套房:HK$783', '尊虞行政套房:HK$1,002', '明珠套房:HK$1,395']"
天水麥積山温泉旅遊酒店,9.2,"['臻選雅緻雙床房:HK$391', '臻選雅緻大床房:HK$391', '湯屋私湯房:HK$742', '恆氧園景雙床房:HK$784', '恆氧園景大床房:HK$784']"
麥積大酒店（天水火車站商埠路步行街店）,9.3,"['高級大床房（無線投屏+智能馬桶）:HK$307', '高級雙床房（無線投屏+智能馬桶）:HK$307', '特惠豪華大床房（無線投屏+智能馬桶）:HK$338', '特惠豪華雙床房（無線投屏+智能馬桶）:HK$338']"
美豪麗致酒店（天水南站盛達廣場店）,9.5,"['麗致大床房:HK$445', '麗致雙床房:HK$467', '雅緻大床房:HK$511', '靜雅大床房:HK$740', '靜雅親子間:HK$914']"
全季酒店（天水南站店）,9.6,"['大床房（金可兒床墊+智慧投屏）:HK$476', '高級大床房（金可兒床墊+智慧投屏）:HK$504', '高級雙床房（金可兒床墊+智慧投屏）:HK$514', '景觀大床房（金可兒床墊+智慧投屏）:HK$542']"
漢庭酒店（天水盛達廣場店）,9.5,"['高級大床房:HK$255', '商務大床房:HK$274', '雙床房:HK$274', '家庭房:HK$301']"
天水嘉孚酒店,9.0,"['靜謐舒睡大床房:HK$445', '靜謐舒睡雙床房:HK$445', '行政雙床房:HK$511', '尊享嘉賓大床房:HK$588', '陽光豪華大床房:HK$588', '商務套房:HK$1,089']"
漢庭酒店（天水中心廣場店）,9.6,"['大床房（可投屏）:HK$411', '雙床房（可投屏）:HK$421', '高級大床房（可投屏）:HK$430', '豪華大床房（可投屏）:HK$439']"
尚客優酒店（天水南站店）,9.6,"['智能標準大床房:HK$205', '智能舒適大床房:HK$226', '智能高級大床房:HK$247', '智能舒適雙床房:HK$258']"
麥積山石窟綠茵閣農家樂,9.5,"['舒適標間·空調:HK$202', '舒適大床房·空調:HK$202', '温馨親子間·空調:HK$239', '景觀#圓床房（空調）:HK$249']"
7天酒店（天水火車站店）,9.6,"['新7天三人間:HK$186', '經濟房:HK$309', '臻選大床房:HK$310', '新7天雙床房:HK$318']"
天水萬達廣場美居酒店,9.6,"['大床房（智能客控+全落地窗+Mini Bar+一鍵投屏）:HK$491', '高級大床房（智能客控+全落地窗+Mini Bar+一鍵投屏）:HK$541', '嘉賓大床房（智能客控+全落地窗+Mini Bar+浴袍）:HK$591', '豪華套房（智能客控+全落地窗+Mini Bar+浴缸&浴袍）:HK$1,093']"
天水中心智選假日酒店,9.2,"['高級大床房:HK$407', '高級雙床房:HK$457', '高級大床房 城市景觀 高樓層:HK$503', '高級雙床房 城市景觀 高樓層:HK$503']"
希岸酒店（天水火車站店步行街店）,9.6,"['希岸高級大床房（智能語音客控）:HK$289', '希岸豪華大床房（智能語音客控）:HK$323', '希岸豪華雙床房（智能語音客控）:HK$333', '顏值Lab（智能語音客控）:HK$350']"
天水地質賓館（麥積山機場天水南站店）,9.4,"['零壓雅緻大床房:HK$320', '零壓豪華雙床房:HK$370', '零壓豪華大床房:HK$402', '零壓行政大床房:HK$431', '親子房:HK$435']"
水晶花園酒店（天水古城伏羲廟店）,9.0,"['雙床房:HK$373', '大床房（無窗）:HK$392', '雅緻雙床房:HK$415', '雅緻大床房:HK$427']"
杏林春賓館（天水四零七醫院伏羲廟店）,9.3,"['精品雙床房（舒眠床品+智能客控+智能空調+輕奢睡眠）:HK$284', '豪華雙床房（智能客控+智能空調+輕奢睡眠+辦公書桌）:HK$291', '豪華大床房（好眠超大床+智能客控+智慧投屏+輕奢睡眠）:HK$334', '河景大床房（一拍出片+智能客控+舒睡好眠+智能空調）:HK$406']"
逸鹿山居民宿,9.5,"['湖景大床房:HK$467', '湖景大床房-逸山居:HK$467', '四合院大床房·歡喜:HK$467', '親子主題大床房:HK$491']"
陌上輕雅酒店（天水古城蘭天城市廣場店）,9.3,"['品學·智能大床房（無線投屏+智能客控+親膚床品）:HK$546', '風韻·智能雙床房（無線投屏+智能客控+親膚床品）:HK$546', '雅緻·智能大床房（無線投屏+智能客控+獨立茶台）:HK$589', '雅緻·智能雙床房（無線投屏+智能客控+獨立茶台）:HK$589', '靜逸·智能大床房（無線投屏+智能客控+獨立茶台）:HK$654']"
秦州羲皇民宿,9.2,"['標準雙床房:HK$244', '大床房:HK$244', '家庭房:HK$326']"
潮漫酒店（天水火車站商埠路步行街店）,9.2,"['品質欣選大床房:HK$198', '品質欣選雙床房:HK$198', '品質致選大床房:HK$215', '品質致選雙床房:HK$215']"
龍城假日酒店（市政府蘭天廣場店）,9.2,"['雲錦大床房（超大明窗+獨立空調+全屋暖氣+舒享床品）:HK$247', '閑庭雙床房（超大明窗+獨立空調+全屋暖氣+超大空間）:HK$260', '熙悦大床房（超大明窗+獨立空調+全屋暖氣+舒享床品）:HK$262', '璞悦大床房（超大明窗+獨立空調+全屋暖氣+舒享床品）:HK$288']"
絲路萬利酒店（天水高鐵南站盛達廣場店）,9.3,"['高級雙床房（智能客控+獨立辦公區）:HK$358', '景觀雙床房（智能客控+獨立辦公區）:HK$380', '景觀大床房（智能客控+獨立辦公區）:HK$392', '園景家庭房B（超大活動空間+小童浴袍+卡通床品）:HK$566', '温馨親子房（超大活動空間+卡通床品+小童馬桶）:HK$576']"
美豪·麗致酒店（天水火車站商埠路步行街店）,9.2,"['靜雅雙床房:HK$256', '靜雅大床房:HK$276', '陽光湖景雙床房:HK$309', '陽光湖景大床房:HK$329']"
海友酒店（天水第一人民醫院店）,9.8,"['大床房:HK$192', '雙床房:HK$200', '家庭房:HK$218']"
天水古城餘歡民宿,9.4,"['高級大床房（無線投屏）:HK$288', '高級雙床房（無線投屏）:HK$325', '豪華大床房（無線投屏）:HK$325', '豪華雙床房（無線投屏）:HK$352']"
漢庭酒店（天水南站店）,9.4,"['大床房（公區自助洗衣機+智能投屏）:HK$331', '高級大床房（公區自助洗衣機+智能投屏）:HK$364', '高級雙床房（公區自助洗衣機+智能投屏）:HK$403', '家庭房（公區自助洗衣機+智能投屏）:HK$431']"
漢庭酒店（天水師範學院店）,9.6,"['商務大床房（智慧投屏）:HK$419', '高級雙床房（智慧投屏）:HK$419', '豪華雙床房（智慧投屏）:HK$437', '豪華大床房（智慧投屏）:HK$456']"
君至精選酒店（天水市第一人民醫院龍城廣場店）,9.0,"['大床房（獨立空調+零壓床墊+自助洗衣房）:HK$367', '高級大床房（獨立空調+零壓床墊+自助洗衣房）:HK$392', '高級雙床房（獨立空調+零壓床墊+自助洗衣房）:HK$418', '商務大床房（獨立空調+零壓床墊+自助洗衣房）:HK$444']"
嘉楓酒店（天水高鐵站盛達廣場店）,8.5,"['特惠雙床房:HK$386', '悦享|精品雙床房:HK$494', '悦享|精品大床房:HK$510', '靜謐|豪華雙床房:HK$530', '靜謐|豪華大床房:HK$546']"
維也納酒店（天水中心廣場人民公園店）,9.4,"['高級大床房:HK$395', '豪華大床房:HK$427', '高級雙床房:HK$443', '豪華雙床房:HK$476']"
天水金龍大酒店,9.0,"['精選標準間:HK$369', '精選大床房:HK$369', '豪華小套房:HK$453']"
麥積山農莊,9.3,"['豪華標準間（空調）:HK$235', '景觀大床房（空調）:HK$235', '温馨親子間（空調）:HK$289', '景觀三人間（空調）:HK$289']"
麥積山逸居民宿,10.0,"['逸居山景雙床房:HK$265', '逸居舒適大床房:HK$265', '逸居1室1廳陽光大床房:HK$333', '逸居1室1廳豪華雙床房:HK$333']"
麥積山玉蘭小院民宿,9.7,"['山景標間 （空調）:HK$202', '山景親子間 （空調）:HK$221', '雅緻三人間（空調）:HK$239']"
麥積山壹號客棧,9.5,"['舒適雙床房（空調）:HK$230', '温馨親子間（空調）:HK$249', '豪華三人間（空調）:HK$267']"
天水皇城國際飯店,8.8,"['皇城商務雙床房:HK$441', '皇城商務大床房:HK$441', '皇城高級雙床房:HK$474', '皇城高級大床房:HK$474', '皇城行政雙床房:HK$508']"
鈴蘭酒店（天水火車站市第二人民醫院店）,9.2,"['特惠大床房:HK$249', '商務標準間:HK$304', '商務大床房:HK$304', '豪華投影房:HK$304']"
喆啡酒店（天水南站建材城店）,8.9,"['啡凡雙床房:HK$237', '啡凡豪華大床房:HK$256', '啡凡大床房:HK$258', '啡凡豪華雙床房:HK$275']"
天水陽光飯店,8.6,"['（A座）標準間:HK$327', '（A座）商務間:HK$435', '（A座）大床房:HK$435', '（B座）單人間:HK$435', '（B座）標準間:HK$435']"
星程酒店（天水中心廣場古城店）,9.5,"['大床房（金可兒床墊）:HK$402', '商務大床房（金可兒床墊）:HK$462', '舒壓-高級大床房（金可兒床墊）:HK$502', '舒壓-高級雙床房（金可兒床墊）:HK$582']"
海友酒店（天水南站橋南建材城店）,9.2,"['高級大床房（智能投屏+乾濕分離）:HK$242', '商務大床房（智能投屏+乾濕分離）:HK$260', '雙床房（智能投屏+乾濕分離）:HK$270', '家庭房（智能投屏+乾濕分離）:HK$297']"
維也納酒店（天水高鐵南站橋南國際購物廣場店）,9.2,"['大床房（智能客控+零壓恆温床墊+徠芬高速吹風機）:HK$226', '標準大床房（智能客控+零壓恆温床墊+徠芬高速吹風機）:HK$245', '高級大床房（智能客控+零壓恆温床墊+徠芬高速吹風機）:HK$264', '豪華大床房（智能客控+零壓恆温床墊+徠芬高速吹風機）:HK$274']"
天水超音速電競酒店,9.7,"['電競膠囊雙人間【華碩240HZ顯示器|4070顯卡|遊戲特權|全場無線鼠標|共享衞浴】:HK$283', '電競膠囊大床房【華碩240HZ顯示器+4070顯卡|遊戲特權|全場無線鼠標|共享衞浴】:HK$283', '電競膠囊卓威房【卓威顯示器400HZ+4070顯卡|遊戲特權|全場無線鼠標|共享衞浴】:HK$314', '智能電競大床房【華碩240HZ顯示器+4070S顯卡+遊戲特權+全場無線鼠標】:HK$378']"
濱河大酒店（天水高鐵南站店）,9.2,"['濱河舒適雙床房:HK$260', '濱河舒適大床房:HK$260', '豪華大床房:HK$303', '豪華雙床房:HK$303', '親子房:HK$369']"
麥積山鄉村小院,9.5,"['豪華標準間（空調）:HK$219', '温馨親子間（空調）:HK$233', '豪華三人間（空調）:HK$250']"
