酒店名称,评分,房型价格列表
威海百納瑞汀酒店（劉公島幸福門店）,9.5,"['時尚雙床房:HK$644', '時尚大床房:HK$644', '時尚影音房（90寸巨幕投屏）:HK$656', '風雅雙床房（語音智控+零壓床墊）:HK$688', '風雅大床房（語音智控+金可兒床墊）:HK$688']"
威海希爾維亞酒店,9.2,"['豪華商務大床房:HK$730', '行政商務大床房:HK$764', '豪華城景大床房:HK$840', '豪華城景雙床房:HK$840', '行政城景大床房:HK$873']"
楓丹海景民宿（劉公島碼頭店）,9.5,"['城景日式大床房-零壓睡感:HK$472', '側海景優享大床房-零壓睡感:HK$484', '晨曦海景特大床房-加寬床墊-零壓睡感:HK$521', '180°超一線海景雅緻大床房-看日出-頂層海景:HK$714']"
桔子酒店（威海山東大學火炬八街店）,9.6,"['高級大床房:HK$1,106', '豪華大床房:HK$1,196', '高級雙床房:HK$1,287', '親子房:HK$1,368']"
山海雲汀酒店（半月灣貓頭山店）,9.6,"['山海-高級大床房-智能客控:HK$840', '山海-高級雙床房-智能客控:HK$869', '聽濤·豪華大床房-智能客控:HK$917', '庭院·豪華大床房:HK$1,064', '庭院·豪華雙床房:HK$1,113']"
威海金沙灘學府酒店,9.4,"['標準房:HK$1,301', '大床房:HK$1,301', '家庭房:HK$1,738', '海景露台標準房:HK$2,066', '海景露台大床房:HK$2,066']"
九龍晟大酒店（威海高鐵站韓樂坊店）,9.6,"['商務景觀標準間:HK$752', '經典景觀大床:HK$782', '0壓安睡雙床房:HK$841', '尊尚景觀標間:HK$865', '0壓安睡大床房:HK$896']"
花築·威海海馨居民宿（威海國際海水浴場店）,9.5,"['皇后鎮 · 270°觀景+蔚藍海景+智能馬桶:HK$837', '因特拉肯 · 親子主題房+上下鋪+海景陽台+舒適浴缸+智能馬桶:HK$1,080', '科爾馬 · 家庭套房+私人觀海景陽台+智能馬桶:HK$1,202', '斯特拉福德 · 田園風+海景陽台+智能馬桶:HK$1,226']"
臻庭酒店（威海高鐵站韓樂坊店）,9.4,"['臻庭大床房（迷你小冰箱+投屏55寸電視+智能馬桶+功夫茶）:HK$1,218', '臻庭高級大床房（迷你小冰箱+投屏55寸電視+智能馬桶+功夫茶）:HK$1,370', '臻庭行政雙床房（迷你小冰箱+投屏55寸電視+智能馬桶+功夫茶）:HK$1,566', '臻庭行政大床房（迷你小冰箱+投屏55寸電視+智能馬桶+功夫茶）:HK$1,629', '臻庭商務套房（戴森吹風機+迷你小冰箱+投屏55寸電視+智能馬桶）:HK$1,916']"
威海金海雅閣度假酒店,9.0,"['特惠雙床房:HK$534', 'A座園景雙床房:HK$644', 'B座園景大床房:HK$644', '精選海景雙床房:HK$644', 'B座豪華海景大床房:HK$807']"
花築·如海客棧（威海國際海水浴場火炬八街店）,9.6,"['園景·精緻大床房【園林景觀+智能客控+智能馬桶】:HK$777', '園景·甄選大床房【園林景觀+奶油風沙發+智能客控】:HK$925', '園景·雙床房【園林景觀+安靜舒適+小度音箱】:HK$1,046', '園景·浴缸大床房【園林景觀+智能客控+智能馬桶】:HK$1,094']"
花築·橘子海民宿（海宴台店）,9.5,"['【秋詞】海景露台庭院別墅+廚房+浴缸+麻將:HK$3,872', '【夏樹】意式180°海景露台別墅+全景+麻將:HK$4,122', '【春潮】陽光玻璃房觀海別墅+廚房+浴缸+麻將:HK$4,122', '【冬青】海景露台花園別墅+影音+麻將+KTV:HK$4,122']"
威海國際海景城酒店（國際海水浴場火炬八街店）,8.9,"['松山觀嵐大床房（松林市景+陽光充足+零壓好睡眠）:HK$633', '林景雙床家庭房（松林市景+陽光充足+零壓好睡眠）:HK$699', '林景二卧聯通套房（城市遠景+零壓好睡眠）:HK$830', '觀海聽濤大床房（180°大窗觀海+零壓好睡眠）:HK$939']"
宜必思酒店（威海山東大學海水浴場店）,9.3,"['高級雙床房:HK$700', '商務大床房:HK$756', '豪華雙床房:HK$833', '豪華大床房:HK$851']"
花築·禪驛雲本院子（威海環翠樓公園店）,9.7,"['驚喜房【智能客控】:HK$1,108', '雲無大床房|金可兒床墊+智能馬桶+茶台+禪意療愈:HK$1,180', '雲覺大床房|金可兒床墊+智能馬桶+茶台+禪意療愈:HK$1,306', '雲影家庭房|金可兒床墊+智能馬桶+茶台+禪意療愈:HK$1,473', '雲影大床房|金可兒床墊+智能馬桶+茶台+禪意療愈:HK$1,612']"
花築·夕下清野民宿（葡萄灘海水浴場店）,9.7,"['竹影·大床房+巨幕投影+庭院竹林景觀+小愛客控音箱:HK$493', '清禾·大床房+清新ins風+浪漫搖椅:HK$520', '伴月·舒適大床房+舒適ins風+雲朵沙發:HK$593', '見山·山景大床房+户外景觀陽台+智能語音客控:HK$751']"
這有海·TheSea日出海景酒店（威海半月灣海水浴場店）,8.8,"['治癒影音大床房（零壓床墊+小冰箱+minibar）:HK$641', '園景影音大床房（零壓床墊+小冰箱+百寸投影）:HK$650', '治癒清新雙床房（零壓床墊+小冰箱+minibar）:HK$678', '清新影音大床房（可看海+百寸投影+小冰箱+百寸投影）:HK$862', '一室一廳三人套房（小冰箱+minibar+智能馬桶）:HK$939']"
花築·威海愛麗絲民宿（海上公園店）,9.8,"['晨熹街景大床房+速幹吹風機+智能化粧鏡:HK$701', '拾秋陽台花園大床房 +星球好眠記憶枕pro+智能化粧鏡:HK$812', '繁間新中式庭院大床房+星球好眠記憶枕pro+智能化粧鏡:HK$899', '染冬陽台花園親子套房+花園陽台+休閑桌椅+中式小茶几:HK$1,354']"
麗楓酒店（威海幸福門威高廣場店）,8.8,"['標準單人間:HK$841', '雅緻雙床房:HK$866', '豪華大床房:HK$875', '豪華雙床房:HK$892']"
山海雲宿（威海半月灣沙灘環海路店）,9.6,"['秋實·山景雙床房:HK$453', '晨曦·山海景觀大床房:HK$490', '雲景·舒適山景大床房:HK$490', '流年·山海景觀大床房:HK$490']"
威海天沐温泉度假區,9.3,"['悦馨閣大床房:HK$382', '悦馨閣雙床房:HK$382', '悦馨閣家庭房:HK$491', '天沐閣園景標準房:HK$600', '天沐閣園景大床間:HK$600', '天沐閣湖景標準房:HK$708']"
威海東山賓館,9.6,"['商務樓山景標準間:HK$736', '商務樓山景單間:HK$736', '商務樓海景標準間:HK$852', '商務樓家庭房:HK$852', '迎賓樓院景標準間:HK$922']"
威海國際商務大酒店（劉公島店）,9.2,"['城韻·精緻標準間:HK$626', '180°觀海·海景標準間:HK$634', '翠巒·商旅三人間:HK$879', '鎏金落日·海景大床房:HK$903', '雅逸·怡居大床房:HK$917']"
韋爾曼花園酒店（威海國際海水浴場火炬八街店）,9.5,"['海雲天·尊享雙床房【全屋智能+巨幕投影+地暖供熱】:HK$981', '海雲天·尊享大床房【全屋智能+巨幕投影+地暖供熱】:HK$1,039', '海上月·海景大床房【全屋智能+海景日落+全屋地暖】:HK$1,226', '海上月·海景雙床房【全屋智能+海景日落+全屋地暖】:HK$1,226', '海雲天·尊享親子房【全屋智能+巨幕投影+地暖供熱】:HK$1,226']"
如家精選酒店（威海市政府威高廣場店）,9.8,"['商務大床房（可投屏電視+徠芬吹風機+夢百合0壓床墊）:HK$649', '雙床房（可投屏電視+徠芬吹風機+茶吧+夢百合0壓床墊）:HK$649', '高級大床房（智能客控+可投屏電視+徠芬吹風機+茶吧）:HK$676', '高級雙床房（智能客控+可投屏電視+徠芬吹風機+茶吧）:HK$676']"
威海貓咪森林·湫水民宿（國際海水浴場山東大學店）,9.6,"['蒼葭·新風大床房（50寸投屏電視+中央空調）:HK$610', '月白·特惠單人房（50寸投屏電視+中央空調）:HK$645', '少艾·幾木大床房（50寸投屏電視+中央空調）:HK$681', '竹月·零壓大床房（50寸投屏電視+中央空調）:HK$716']"
香庭酒店（威海幸福門威高廣場店）,9.5,"['特惠雙床房（中央空調冷氣）:HK$461', '特惠大床房（中央空調冷氣）:HK$467', '温馨雙床房（中央空調冷氣）:HK$467', '温馨大床房（中央空調冷氣）:HK$477']"
花築·海上月墅民宿（威海海上公園店）,9.4,"['特惠大床房:HK$884', '朝海明月大床房:HK$964', '靜雅舒心標準間:HK$982', '靜雅舒心大床房:HK$1,012']"
威海藍天賓館,9.4,"['高級海景單人間（一號樓）:HK$687', '高級海景標準間（一號樓）:HK$687', '休閑海景套間（一號樓）:HK$874', '豪華景觀標準間（二號樓）:HK$874', '豪華景觀大床間（二號樓）:HK$874']"
花築·海嶼壹村民宿二店,9.6,"['舒適榻榻米大床房:HK$553', '豪華榻榻米大床房:HK$602', '陽光露台大床房:HK$627', '温馨榻榻米親子房:HK$738']"
沃德酒店（威海國際海水浴場火炬八街店）,9.2,"['商務大床房:HK$885', '雅緻大床房:HK$926', '雅緻庭院大床房:HK$966', '雅緻雙床房:HK$1,027']"
花築·海上公園2號民宿（威海火車站店）,9.1,"['臨海聽風標準間:HK$932', '雅緻大床房:HK$932', '臨海聽風温馨大床房:HK$961', '特惠標準間:HK$961']"
花築·悦海緣酒店（威海劉公島大相框店）,9.7,"['淺雅漸夢大床房（語音客控+智能馬桶）:HK$683', '初見雅緻雙床房（語音客控+智能馬桶）:HK$696', '雲過山海大床房（語音客控+智能馬桶+陽台）:HK$779', '雲海貴妃椅大床房（語音客控+智能馬桶+陽台）:HK$803']"
花築·威海平懷民宿（葡萄灘海水浴場店）,9.4,"['致遠·舒適大床房+超大書櫃+臨窗+全景+休憩茶桌+全屋地暖:HK$1,343', '禪居·舒適大床房+開放式長桌+超大沙發+庭院景觀+全屋地暖:HK$1,639', '山海·舒適海景大床房+山海景觀+舒適沙發+超大開放式衣櫃+壁爐設計+全屋地暖:HK$1,639', '聽海·舒適海景大床房+面朝大海+全景落地窗+休憩茶桌+全屋地暖:HK$1,996']"
曼朵輕奢智能影音酒店（威海火炬八街國際海水浴場店）,9.8,"['惠享·大床房【助眠枕·高清影視·品牌床墊】:HK$468', '零壓·大床房【零壓床墊·高清影視】:HK$479', '投影·大床房【百寸巨幕投影·品牌床墊】:HK$490', '惠享·雙大床房【助眠枕·高清影視·品牌床墊】:HK$501']"
威海抱海大酒店（威海公園劉公島店）,9.6,"['商務標準間:HK$789', '商務大床間:HK$857', '觀景標準間:HK$857', '觀景大床間:HK$910', '海洋主題大床房-智能客控:HK$999']"
威海衞大廈（威高廣場幸福門店）,9.4,"['商務大床間:HK$664', '商務標準間:HK$664', '豪華大床房:HK$773', '豪華標準間:HK$773', '豪華海景大床間:HK$828']"
威海高鐵站韓樂坊錦江都城酒店,9.6,"['時尚商務房（無窗）:HK$714', '安舒雙床房（無窗）:HK$714', '精緻商務房:HK$755', '精緻雙床房:HK$797', '風雅大床房:HK$805']"
海心緣民宿,10.0,"['橙色舒適大床房:HK$435', '靜意海景大床房:HK$484', '藍調海景雙床房:HK$722', '奶油風海景雙床房:HK$738']"
觀海宿集酒店,9.5,"['私密庭院大床房:HK$1,931', '私密庭院雙床房:HK$2,039', '遠山露台大床房:HK$2,039', '遠山露台雙床房:HK$2,145', '庭院套房:HK$2,682']"
威海金海灣度假酒店（國際海水浴場火炬八街店）,8.8,"['靜享大床房:HK$545', '靜享雙床房:HK$545', '家庭房:HK$654', '温馨家庭套房:HK$764']"
花築·木叨叨民宿（葡萄灘海水浴場店）,9.6,"['驚喜彩蛋房:HK$509', 'BHMS·榻榻米大床房+智能化粧鏡:HK$567', 'GDBB·AZZD·榻榻米大床房+智能化粧鏡+智能馬桶:HK$649', 'DBNC·【陽光露台】山景大床房+巨幕投影+智能化粧鏡+智能馬桶:HK$776']"
威海陽光大廈（環翠樓店）,9.3,"['標準間:HK$598', '商務大床房:HK$667', '精品商務房:HK$695', '精品標準房:HK$695', '零壓大床房:HK$732']"
花築·海嶼壹村民宿（威海葡萄灘海水浴場店）,9.8,"['琉璃·雅緻大床房:HK$578', '蒼蒼·榻榻米大床房:HK$738', '柔藍淺·精緻大床房:HK$873', '水天藍·高級大床房:HK$985']"
威海威高温泉酒店,9.5,"['親子房:HK$1,091', '豪華套房:HK$1,419', '四合院:HK$1,419', '家庭套房:HK$4,323']"
白玉蘭酒店（威海火炬八街國際海水浴場店）,9.1,"['輕雅大床房:HK$802', '靜雅家庭房:HK$819', '舒雅大床房:HK$852', '靜雅大床房:HK$901']"
瀚月.山海居民宿（威海市政府北山路店）,9.9,"['瀚月.地字號山海大床房:HK$891', '人字壹號·山海相依陽台大床房:HK$1,006', '和字號·特色膠東大炕:HK$1,006', '人字叁號·林海雙床房:HK$1,119']"
宜必思酒店（威海威高廣場幸福門店）,9.8,"['大床房（智能客控+智能馬桶+小冰箱）:HK$818', '高級大床房（智能客控+智能馬桶+小冰箱）:HK$857', '雙床房（智能客控+智能馬桶+小冰箱）:HK$897', '商務大床房（智能客控+智能馬桶+小冰箱）:HK$938']"
威海藍海御華大飯店（威海公園劉公島店）,9.3,"['市景雙床房:HK$1,108', '海景雙床房:HK$1,147', '側海景大床房:HK$1,160', '海景商務雙床房:HK$1,396', '側海景商務大床:HK$1,421', '韓式家庭房（榻榻米）:HK$1,618']"
花築·聆海花園別墅（海上公園店）,9.2,"['池冬大床房（北向）:HK$1,166', '閲川超大床房+60寸液晶電視可投屏+小冰箱+記憶枕:HK$1,467', '扶搖雙床房+南向朝陽落地窗+60寸液晶電視投屏+小冰箱:HK$1,506', '春嶼躍層大床房+小冰箱+記憶枕+超大沙發（南向）:HK$1,535']"
