酒店名称,评分,房型价格列表
屯舍·文化酒店（安順大潤發好吃街店）,9.4,"['屯夕 | 城景大床房（零壓床墊）:HK$523', '屯夕|雅緻大床房（零壓床墊）:HK$539', '屯夕 | 雅緻雙床房（零壓床墊）:HK$564', '屯夕 | 浮光大床房（零壓床墊）:HK$564', '槓上花 | 娛樂棋牌房（零壓床墊）:HK$581']"
銘晟居酒店（安順黃果樹瀑布景區店）,9.3,"['品茗雅緻雙床房:HK$454', '品茗雅緻大床房:HK$461', '陽台豪華大床房:HK$515', '陽台豪華雙床房:HK$519', '親子豪華雙床房:HK$563']"
安頤酒店,9.2,"['精品單間:HK$277', '精品標間:HK$277', '舒適標間:HK$361', '豪華標間:HK$409', '特色風情房:HK$421']"
貴州安順西站美居酒店,9.7,"['高級大床房【智能客控+minibar】:HK$663', '標準雙床房【智能客控+minibar】:HK$683', '嘉賓大床房【智能客控+minibar】:HK$704', '高級雙床房【智能客控+minibar】:HK$714', '嘉賓雙床房【智能客控+minibar】:HK$743']"
安順高鐵西站怡程酒店,9.0,"['智能商務大床房（雅蘭床墊+中式茶具+電視投屏）:HK$515', '智能豪華大床房（雅蘭床墊+中式茶具+電視投屏）:HK$563', '智能豪華雙床房（雅蘭床墊+中式茶具+電視投屏）:HK$614', '智能舒適大床房（中式茶具+電視投屏+縱享私湯）:HK$697', '智能豪華套房（雅蘭床墊+中式茶具+電視投屏）:HK$721']"
安順麥客達温德姆酒店,8.8,"['悦住·靜然大床房:HK$413', '悦住·靜然雙床房:HK$413', '悦控·智能大床房:HK$455', '悦控·智能雙床房:HK$455', '100寸屏幕·影音大床房:HK$499']"
麗怡酒店（安順古城店）,9.2,"['高級大床房:HK$646', '豪華大床房:HK$672', '豪華雙床房:HK$672', '湖景大床房:HK$697', '園景雙床房:HK$697']"
東城酒店（黃果樹大街西秀區高級中學店）,8.9,"['東城尊尚雙床房:HK$489', '萌趣悦山親子房:HK$553', '東城豪華雙床房:HK$574', '悦山雙床房:HK$585', '東城豪華大床房:HK$596']"
全季酒店（安順店）,9.6,"['大床房（65寸電視投屏+拾光茶具）:HK$689', '高級大床房（智能客控+辦公桌）:HK$736', '舒壓—高級大床房（小冰箱+零壓床墊）:HK$764', '雙床房（智能客控+辦公桌）:HK$783']"
漢屯大酒店（安順黃果樹風景名勝區店）,9.1,"['觀野・Sleep舒眠大床房（品牌床墊 + 55寸電視 ）:HK$718', '和風・Zero-Press零壓雙床房:HK$760']"
花築·安順屯堡院子（雲鷲山店）,9.4,"['精選標間:HK$359', '屯院標間:HK$396', '中式標間:HK$507', '中式觀景大床房:HK$557']"
維也納國際酒店（安順國貿顧府街店）,9.5,"['高級大床房:HK$334', '豪華大床房:HK$374', '豪華雙床房:HK$374', '城景雙床房:HK$414']"
安順荼樂隱肆民宿（安順西高鐵站店）,9.9,"['縵悦·榻榻米影音房【巨幕投影+智能客控+乾濕分離】:HK$435', '縵奢·清悠別院大床房【智能客控+乾濕分離+實木茶台】:HK$479', '縵奢·清悠別院雙床房【智能客控+乾濕分離+實木茶台】:HK$501', '縵奢·LOFT家庭影音房【巨幕投影+浴缸+全景落地窗】:HK$767']"
如家驛居酒店（黃果樹大道新天地店）,9.3,"['商務大床房（落地大窗+城市夜景）:HK$376', '家庭房（落地大窗+城市夜景）:HK$465']"
安順貴飛酒店,9.7,"['特惠大床房:HK$230', '特惠雙床房:HK$230', '豪華大床房:HK$272', '豪華雙床房:HK$282', '親子雙人房:HK$291']"
龍宮·翠山房,9.7,"['暮雲陽台雙床房:HK$818', '暮雨陽台雙床房:HK$818', '暮雲陽台大床房:HK$818', '修竹庭院浴缸大床房:HK$899', '修竹庭院雙床房:HK$899']"
久龍壹品酒店（平壩南站區政府店）,9.3,"['智能-高級大床房（全屋智能語音+智能馬桶+電動窗簾+記憶枕）:HK$335', '智能-高級雙床房（全屋智能語音+智能馬桶+電動窗簾+記憶枕）:HK$362', '智能-商務大床房（全屋智能語音+智能馬桶+電動窗簾+記憶枕）:HK$362', '智能-家庭房（全屋智能語音+智能馬桶+電動窗簾+記憶枕）:HK$402']"
朴樹·四季酒店（安順古城顧府街店）,9.3,"['季·清冬|智控大床房|F棟|獨享靜謐+智能馬桶+65寸電視:HK$463', '季·初夏|聲控雙床房|F棟|獨享靜謐+智能馬桶+65寸電視:HK$474', '季·芳春|聲控大床房|F棟|獨享靜謐+智能馬桶+65寸電視:HK$485', '樹·晨曦|智能客控雙床房|全屋聲控+智能馬桶+65寸電視:HK$502']"
安順萬綠城鉑瑞茲酒店,9.3,"['鉑雅大床房:HK$414', '鉑雅雙床房:HK$414', '高級大床房:HK$446', '高級雙床房:HK$446', '豪華大床房:HK$511', '豪華雙床房:HK$511']"
天驕度假酒店（安順鎮寧黃果樹瀑布景區博園路店）,9.4,"['精品大床房:HK$525', '精品雙床房:HK$525', '天驕豪華雙床房:HK$557', '天驕豪華大床房:HK$557', '樂享.童話親子雙床房:HK$643']"
葡華大酒店（安順黃果樹大街好吃街店）,8.9,"['悠享度假大床房:HK$329', '悠享度假雙床房:HK$366', '臻享雅緻大床房:HK$378', '臻享雅緻雙床房:HK$393', '尊享靜逸大床房:HK$413']"
和頤至尚酒店（安順黃果樹大街大潤發店）,9.4,"['大床房A:HK$552', '商務大床房:HK$579', '雙床房:HK$589', '高級大床房:HK$607', '特色大床房:HK$635']"
樹漫庭酒店（安順鎮寧黃果樹瀑布景區店）,9.5,"['山景浴缸大床房:HK$960', '零壓舒眠雙床房:HK$996', '山景零壓雙床房:HK$1,076', '全景零壓尊享雙床房:HK$1,199', '山景浴缸套房:HK$1,199']"
安順神駿風情温泉酒店（安順高鐵西站神駿生態文旅小鎮店）,9.3,"['靜謐舒睡大床房|零壓床墊+親膚床品:HK$267', '旅居時光雙床房|零壓床墊+親膚床品:HK$407', '旅居時光大床房丨零壓床墊+親膚床品:HK$407', '隱悦田園雙床房|自然眠愈+實木傢俱:HK$419']"
安順悅漫致溫泉酒店（平壩高鐵南站區政府店）,9.5,"['270度浴缸投影大床房【私享浴缸泡澡+巨幕會員投影】:HK$432', '祕境觀影大床房【私享會員投影+輕奢床品+辦公桌】:HK$443', '伴山投影大床房【私享會員投影+輕奢床品+深度睡眠】:HK$454', '臨溪觀影雙床房【私享會員投影+深度睡眠+輕奢床品】:HK$511']"
龍宮棲縵民宿,9.4,"['山野大床房（觀景露台+星空浴+榻榻米+智能）:HK$764', '闊景大床房（觀景陽台+星空浴+智能）:HK$874', '山野雙床房（榻榻米+觀景露台+智能+星空浴）:HK$983', '花園大床房（休閑庭院+星空浴+智能）:HK$1,092', '花園家庭房（休閑庭院+星空浴+智能）:HK$1,202', '闊景親子房（智能+小童小屋）:HK$1,310']"
泰翔柏麗酒店（安順顧府街南馬廣場店）,8.9,"['巨幕影音大床房:HK$376', '柏麗優選雙床房:HK$383', '柏麗優選大床房:HK$383', '沉浸影音大床房:HK$416', '原木雅居雙床房:HK$426']"
花之築酒店（安順火車站店）,9.4,"['舒睡投影大床房【高清投影+手機投屏】:HK$363', '御景投影大床房【巨幕投影+手機投屏】:HK$422', '躺平治癒投影大床房【按摩椅+高清投影+手機投屏】:HK$435', '舒睡投影雙床房【高清投影+手機投屏】:HK$465']"
安順龍宮別苑,8.7,"['善品簡約雙床房:HK$227', '善品簡約大床房:HK$436', '尚院雅緻雙床房:HK$501', '尚院豪華大床房:HK$544', '善德普通雙床房:HK$545']"
安順豪生温泉度假酒店,9.2,"['清音雙床房:HK$546', '行政大床房:HK$568', '輕奢雙床房:HK$590', '輕奢大床房:HK$590', '豪華行政套房:HK$1,492', '休旅家庭套房:HK$1,636']"
如家精選酒店（安順黃果樹大道新天地店）,9.3,"['商務大床房（落地大窗+城市夜景）:HK$392', '高級大床房（落地大窗+城市夜景）:HK$409', '雙床房（落地大窗+城市夜景）:HK$441', '高級雙床房（落地大窗+城市夜景）:HK$459']"
壹柏·悦美酒店（安順顧府街南馬廣場店）,9.5,"['安睡城景大床房（全屋聲控+電動遮光窗簾+投屏電視）:HK$301', '安睡城景雙床房（全屋聲控+電動遮光窗簾+投屏電視）:HK$321', '躺平治癒大床房（全屋聲控+電動遮光窗簾+投屏電視）:HK$331', '躺平治癒雙床房（全屋聲控+電動遮光窗簾+投屏電視）:HK$351']"
維也納酒店（安順西高鐵站店）,9.3,"['高級大床房:HK$512', '高級雙床房:HK$512', '豪華大床房:HK$548', '豪華雙床房:HK$557', '商務大床房:HK$566']"
維也納酒店（安順黃果樹大街大潤發店）,9.5,"['標準大床房:HK$353', '標準雙床房:HK$353', '高級大床房:HK$400', '高級雙床房:HK$400']"
宜尚酒店（安順機場路店）,9.6,"['標準大床房（北歐風+寬敞明亮）:HK$332', '標準雙床房（北歐風+寬敞明亮）:HK$359', '高級大床房（北歐風+悠享辦公）:HK$359', '高級雙床房（北歐風+悠享辦公）:HK$393']"
宜尚酒店（安順黃果樹大街大潤發店）,9.1,"['宜馨大床房:HK$378', '宜品大床房:HK$426', '宜悦大床房:HK$446', '宜悦雙床房:HK$488']"
文雅酒店（安順西高鐵站店）,9.7,"['標準雙床房:HK$240', '特價大床房:HK$240', '舒適大床房:HK$268', '迷你大床房:HK$268']"
花之築酒店（安順黃果樹大街大潤發店）,9.3,"['臻選投影大床房（100寸巨幕投影+手機投屏）:HK$413', '愛麗絲V夢境（100寸巨幕投影+手機投屏）:HK$551']"
尚客優品酒店（安順開發區高鐵西站店）,9.4,"['豪華娛樂套房:HK$329', '優品零壓大床房:HK$359', '優享格調零壓大床房:HK$371', '優享格調零壓雙床房:HK$377']"
安順原木·山舍精品民宿,9.6,"['屯風大床房:HK$348', '安月榻榻米雙床房:HK$391', '雙雨雙床房:HK$479', '雲棲大床房:HK$501']"
安順夏雲大酒店,9.7,"['豪華智能大床房:HK$212', '豪華智能雙床房:HK$221', '豪華智能套房:HK$333', '豪華智能親子房:HK$333']"
半山酒店（安順黃果樹大街好吃街店）,9.4,"['山景雙床房:HK$558', '山景大床房:HK$558', '城景大床房:HK$612', '城景雙床房:HK$612', '御觀大床房:HK$666', '御觀雙床房:HK$666']"
安瀾國際酒店（黃果樹大街大潤發店）,9.0,"['安瀾·雙棲居大床房:HK$345', '安瀾.巨幕影音大床房:HK$358', '安瀾·雲憩居大床房:HK$371', '安瀾·雙棲居雙床房:HK$391', '安瀾.枕星河大床房:HK$391']"
停雲小駐,9.7,"['精緻大床房-星河803:HK$358', '雅緻大床房-暮野801:HK$373', '輕奢大床房-繁間802:HK$373', '園景大床房的-晨熹808:HK$450']"
桔子酒店（安順黃果樹景區龍宮路店）,9.7,"['大床房（小冰箱+65寸電視投屏）:HK$956', '高級大床房（小冰箱+辦公桌）:HK$1,078', '露台大床房（智能客控+水吧枱）:HK$1,108', '雙床房（小冰箱+65寸電視投屏）:HK$1,119', '露台雙床房（智能客控+水吧枱）:HK$1,160']"
悦立達大酒店（安順古城店）,9.5,"['古城觀景大床房（全屋智能客控+差旅辦公桌+助眠枕頭）:HK$686', '古城觀景雙床房（全屋智能客控+差旅辦公桌+助眠床墊）:HK$686', '堅果影視大床房（全屋智能客控+百寸巨幕+VIP觀影）:HK$708', '古城全景大床房（全屋智能客控+落地窗觀景+乾濕分離）:HK$728']"
咖薩麗睿安·百合輕奢驛站（安順高鐵西路站店）,10.0,"['咖薩～睿致大床房:HK$357', '咖薩～睿雅大床房:HK$450', '咖薩～睿意大床房:HK$487', '咖薩～睿歡大床房:HK$557']"
楠庭酒店（安順高鐵西站店）,9.3,"['雲享大床房:HK$261', '舒眠大床房:HK$283', '和悦大床房:HK$297', '星怡大床房（落地窗）:HK$318']"
城市便捷（安順平壩區政府店）,9.2,"['特惠大床房:HK$152', '標準大床房:HK$178', '標準雙床房:HK$178', '高級大床房:HK$194']"
安順拾光民宿（多彩萬象旅遊城店）,9.6,"['拾光·榻榻米投影大床房:HK$265', '拾光·夕顏影音大床房:HK$340', '拾光·亦柔暢享影音大床房:HK$340', '拾光·敍白觀影大床房:HK$467']"
