酒店名称,评分,房型价格列表
中原賓館,8.4,"['行政大床房:HK$385', '行政雙床房:HK$392', '家庭親子房:HK$511', '商務套房:HK$660', '行政套房:HK$1,402']"
安陽富力萬達嘉華酒店,9.3,"['豪華大床房（金可兒床墊+Acca Kappar洗護）:HK$541', '豪華雙床房（金可兒床墊+Acca Kappar洗護）:HK$541', '高級豪華大床房（金可兒床墊+Acca Kappar洗護）:HK$600', '高級豪華雙床房（金可兒床墊+Acca Kappar洗護）:HK$600', '童趣小童豪華雙床房:HK$732', '童趣小童豪華大床房:HK$732']"
桔子酒店（安陽市政府萬達廣場店）,9.6,"['大床房（65寸投屏電視+迷你冰箱+落地窗）:HK$315', '高級大床房（65寸投屏電視+迷你冰箱+落地窗）:HK$334', '高級雙人間（65寸投屏電視+迷你冰箱+觀景落地窗）:HK$334', '行政大床房（65寸投屏電視+迷你冰箱+落地窗）:HK$353']"
麗楓酒店（安陽沃金萬達廣場店）,9.4,"['雅緻大床房:HK$189', '豪華大床房:HK$217', '豪華雙床房:HK$237', '商務雙床房:HK$246']"
安陽吉麗東堂酒店,9.2,"['仕居大床房（零壓床墊+智能馬桶）:HK$286', '仕居雙床房（零壓床墊+智能馬桶）:HK$286', '竹溪大床房（全屋智能+零壓床墊+智能馬桶）:HK$308', '竹溪雙床房（全屋智能+零壓床墊+智能馬桶）:HK$308', '隱士親子套房 （全屋智能+零壓床墊+智能馬桶）:HK$558']"
安陽迎賓館（文峯大道迎賓公園店）,9.6,"['高級大床房:HK$699', '豪華雙床房:HK$769', '豪華大床房:HK$769', '豪華大床觀景房:HK$907', '行政大床房:HK$929', '行政雙床房:HK$929']"
安陽世貿中心美居酒店,9.7,"['高級雙床房（智能客控+智能馬桶+冰箱）:HK$389', '高級大床房（智能客控+智能馬桶+冰箱）:HK$389', '豪華大床房（智能客控+智能馬桶+冰箱+加濕器）:HK$438', '豪華雙床房（智能客控+智能馬桶+冰箱+加濕器）:HK$438', '嘉賓大床房（智能客控+智能馬桶+冰箱+浴袍+加濕器）:HK$496']"
攜程度假農莊（河南安陽林州石板巖店）,9.8,"['青巒觀景大床房:HK$1,573', '空谷觀景大床房:HK$1,809', '雲岫觀景家庭房:HK$2,281']"
全季酒店（安陽東站文明大道店）,9.8,"['高級大床房A:HK$280', '高級雙床房:HK$298', '高級大床房:HK$318', '舒壓高級大床房:HK$346']"
桔子酒店（安陽文體中心店）,9.7,"['月若大床房（全屋智能語音控制+智能馬桶+小冰箱）:HK$331', '月若高級大床房（全屋智能語音控制+智能馬桶+小冰箱）:HK$352', '加州陽光雙床房（全屋智能語音控制+智能馬桶+小冰箱）:HK$352', '加州豪華大床房（全屋智能語音控制+智能馬桶+小冰箱）:HK$371', '商務大床房（語音控制+智能馬桶+浴缸+小冰箱+沙發床）:HK$391']"
喆啡鋭品酒店（安陽高鐵站吾悦廣場店）,9.5,"['品致大床房（全屋智能+舒睡床墊+零壓記憶枕）:HK$245', '品致雙床房（全屋智能+舒睡床墊+零壓記憶枕）:HK$263', '鋭意大床房（全屋智能+舒睡床墊+零壓記憶枕）:HK$277', '鋭意雙床房（全屋智能+舒睡床墊+零壓記憶枕）:HK$308', '鋭意親子房（全屋智能+舒睡床墊+零壓記憶枕）:HK$316']"
喆啡酒店（安陽中國文字博物館店）,9.6,"['特惠大床房:HK$257', '啡凡體驗房:HK$274', '醇享大床房:HK$314', '啡凡高級大床房:HK$355']"
安陽賓館,8.8,"['高級雙床房:HK$260', '行政雙床房:HK$369', '行政大床房:HK$424', '高級套房:HK$544', '商務套房:HK$762']"
宜尚酒店（安陽萬達碧桂園店）,9.6,"['標準大床房 （落地窗+高空景觀+金可兒床墊）:HK$215', '城景大床房（落地窗+高空景觀+金可兒床墊）:HK$237', '城景雙床房（落地窗+高空景觀+金可兒床墊）:HK$237', '高級大床房 （落地窗+高空景觀+金可兒床墊）:HK$259']"
安陽華強諾華廷酒店（文體中心體育場店）,9.5,"['高級大床房:HK$411', '高級雙床房:HK$411', '豪華大床房:HK$435', '豪華雙床房:HK$435', '行政大床房:HK$461']"
知未酒店（安陽萬達廣場博物館店）,9.4,"['知未大床房:HK$136', '知行雙床房（乳膠床墊+全屋智能+舒適睡眠）:HK$162', '知誼雙床房:HK$344', '知合大床房:HK$344']"
沐林酒店（安陽高鐵站吾悦廣場店）,9.5,"['沐林精選IMAX巨幕大床房:HK$171', '沐歌輕享IMAX投影雙床房:HK$171', '沐友高級IAX巨幕大床房:HK$180', '沐森優選IMAX投影雙床房:HK$180']"
白玉蘭酒店（安陽安漳大道店）,9.5,"['零壓舒雅大床房（無窗）:HK$178', '零壓舒雅雙床房（無窗）:HK$178', '零壓靜逸大床房:HK$201', '零壓靜逸雙床房:HK$201']"
安陽中州假日酒店（文字博物館店）,8.8,"['特價雙床房:HK$208', '雅居悦享雙床房:HK$218', '優選温馨大床房:HK$218', '甄選統凈大床房:HK$218']"
柒月酒店（安陽CBD公園萬達店）,9.5,"['柒月醇享景觀大床房（高端布草，公園景觀，落地窗）:HK$162', '柒月醇享舒適大床房（高端布草，公園景觀）:HK$163', '柒月醇享雅緻豪華大床房（高端布草，公園景觀）:HK$180', '柒月醇享商務大床房（高端布草，公園景觀）:HK$180']"
孤勇者電競酒店（安陽萬達廣場店）,9.5,"['沉浸影音大床房-哈曼卡頓音響:HK$138', '專享電競影音房[RTX3070+32G+12490F+2K 165HZ]+投影+影視會員:HK$182', '智能影音大床房（哈曼卡頓音響+巨幕）:HK$199', '樂享智能電競大床房[RTX3070+32G+12490F+2K 165HZ+投影員]:HK$234']"
安陽洹水灣國際大酒店,8.9,"['尊享雙床房:HK$282', '高級雙床房:HK$402', '豪華大床房:HK$424', '豪華雙床房:HK$424', '行政大床房:HK$457']"
漢庭酒店（安陽殷都區水冶鎮店）,9.9,"['高級大床房A:HK$187', '高級大床房:HK$196', '高級雙床房:HK$205', '舒壓-高級雙床房:HK$224']"
星程酒店（安陽黃河大道店）,9.0,"['大床房（無窗）:HK$261', '雙床房（無窗）:HK$261', '高級雙床房:HK$289', '商務雙床房:HK$309']"
貝殼酒店（安陽倉巷街景區北大街店）,9.3,"['零壓觀影大床房（全屋聲控+巨幕投影+零壓床枕）:HK$155', '商務零壓景觀大床房（全屋聲控+巨幕投影+天幕景觀）:HK$170', '高級零壓大床房（全屋聲控+巨幕投影+深度睡眠）:HK$190', '高級零壓雙床房（全屋聲控+天幕雪景+巨幕投影）:HK$202']"
城市便捷酒店（安陽火車站店）,9.6,"['高級大床房:HK$176', '商務大床房:HK$186', '商務雙床房:HK$186', '豪華大床房:HK$227']"
睡蓮酒店（萬達廣場碧桂園天滙店）,8.7,"['睡蓮-舒適大床房:HK$115', '睡蓮-舒適雙床房:HK$115', '睡蓮-特價雙床間:HK$118', '睡蓮-特價大床房:HK$118']"
艾尚精品酒店（安陽華強新天地店）,9.0,"['大床房（酒店公區提供洗衣機）:HK$140', '特惠大床房（舒適純棉布草）:HK$162', '精緻大床房（安心睡眠）:HK$162', '豪華大床房（浴缸 巨幕投影）:HK$194']"
新印象主題公寓（安陽火車站店）,9.8,"['一室一廳情侶投影房（帶廚房冰箱洗衣機地暖）:HK$125', '一室一廳大床房（帶廚房冰箱洗衣機地暖）:HK$125', '一室一廳投影大床房（帶廚房冰箱洗衣機地暖）:HK$125', '經濟大床房（帶廚房冰箱洗衣機地暖）:HK$125']"
萬華5G酒店（安陽北大街解放大道店）,8.1,"['智享經濟房:HK$130', '豪華大床房:HK$152', '智享標準間:HK$163', '智尊影音大床房:HK$163']"
世紀星連鎖都市易家酒店（安陽火車站倉巷街店）,9.4,"['商務大床房 （採光通風好+公區自助洗衣機+全棉枕芯）:HK$101', '商務雙床房 （採光通風好+公區自助洗衣機+全棉枕芯）:HK$107', '精品大床房（寬敞明亮+超長辦公桌+公區自助洗衣機）:HK$114', '精品雙床房（寬敞明亮+超長辦公桌+公區自助洗衣機）:HK$114']"
錦江之星（安陽工學院店）,9.3,"['商務房C:HK$202', '標準房C:HK$202', '商務房B:HK$223', '標準房B:HK$223']"
九魚電競酒店（安陽萬達廣場碧桂園天滙店）,9.6,"['電競單人拼房（一人一機一床）:HK$216', '電競雙床房[RTX3080獨顯+12代i7處理器+華碩27寸2k顯示器32G高頻內存]:HK$227', '電競大床房[RTX3080獨顯+12代i7處理器+華碩27寸2k顯示器32G高頻內存]:HK$227', '電競影音雙人間[RTX3080獨顯+12代i7處理器+華碩27寸2k顯示器32G高頻內存]:HK$242']"
安陽藍庭公寓酒店（萬達廣場店）,9.2,"['特惠大床房:HK$115', '舒適精選大床房:HK$135', '格調精選雙床房:HK$152', '奢享精選雙床房:HK$154']"
海鹽自助民宿,7.6,"['半分糖舒睡大床房（投影vip+一次性馬桶墊+洗面奶）:HK$116', '景觀房（投影vip+一次性馬桶墊+洗面奶）:HK$119', '特價房（投影vip+一次性馬桶墊+洗面奶）:HK$130', '海鹽ins奶油風大床房（投影vip+一次性馬桶墊+洗面奶）:HK$133']"
逸軒酒店（安陽柏莊萬金大道店）,9.0,"['特惠大床房:HK$127', '商務大床房:HK$149', '豪華雙床房:HK$158', '三人間:HK$205']"
安陽仕源酒店（龍安區店）,9.6,"['商務大床房:HK$137', '商務標準間:HK$141', '商務套房:HK$184']"
尚客優酒店（安陽縣水冶鎮鎮中心店）,9.0,"['普通大床房:HK$119', '商務標準間:HK$143', '語音智能雙床房:HK$176', '商務大床房:HK$185']"
向新客棧,9.6,"['大床房:HK$66', '雙人間:HK$66']"
錦江之星（安陽火車站店）,9.0,"['商務房C:HK$117', '標準房C:HK$125', '商務房B:HK$134', '標準房B:HK$142']"
速8酒店（安陽東工路師範學院店）,9.3,"['特色大床房:HK$152', '標準雙床房（新風系統）:HK$163', '數碼大床房（新風系統）:HK$163', '商務大床房（新風系統）:HK$174']"
雲頂商務主題酒店（安陽師範學院華強新天地店）,8.4,"['輕奢舒適大床房:HK$65', '現代簡約大床房:HK$72', '雅緻投影大床房:HK$101', '尊享奢華雙床房:HK$148']"
安陽紅門酒店（師範學院店）,9.8,"['紅門裡安逸大床房:HK$55', '紅門裡愜意居:HK$84', '紅門裡全屋智能舒適大床房:HK$100', '紅門裡全屋智能、新風，陽台大床房:HK$110']"
駿怡連鎖酒店（安陽火車站文峯塔景區店）,9.0,"['特惠大床房（集中供暖·酒店公區提供洗衣房）:HK$99', '標準大床房（酒店公區提供洗衣房）:HK$107', '家庭房:HK$110', '商務雙床房（集中供暖·酒店公區提供洗衣房）:HK$117']"
秋小喵民宿（安陽後營師範學院店）,8.3,"['精選大床房:HK$48', '標準大床房:HK$62', '温馨主題大床房:HK$72', '陽光大床房:HK$72']"
尚客優酒店（安陽紅旗渠廣場店）,8.7,"['惠優樂享大床房:HK$104', '經濟輕享雙床房:HK$130', '輕奢雅緻大床房:HK$139', '商務高級雙床房:HK$139']"
安陽藍雀民宿,9.7,['雙人間:HK$54']
安陽縣水冶賓館,9.1,"['特惠房:HK$108', '普通標準間:HK$129', '普通大床房:HK$129', '高級大床房:HK$151']"
安陽澳華賓館,7.6,"['雅緻標間:HK$95', '情侶大床房:HK$106']"
簡單單觀影民宿（安陽後營師範學院店）,8.2,"['蝸居影視大床房:HK$64', '竹林細雨觀影大床房:HK$74', '竹中君子觀影大床房:HK$98', '青竹丹楓觀影大床房:HK$98']"
麗楓酒店（安陽沃金店）,9.4,"['雅緻大床房:HK$181', '豪華大床房:HK$209', '豪華雙床房:HK$227', '商務雙床房:HK$236']"
安陽康家快捷旅館,9.0,"['舒適大床房:HK$62', '舒適雙床房:HK$75', '三人間:HK$75']"
駿怡連鎖酒店（安陽水冶政府店）,8.9,"['標準大床房:HK$83', '標準雙床房:HK$143', '温馨家庭房:HK$143', '商務大床房:HK$154']"
