酒店名称,评分,房型价格列表
楠棲藝術酒店（宜春高鐵站人民政府店）,9.3,"['棲尚丨全景180度雙床房「甄品家居丨寫字枱」:HK$141', '幾木丨酣睡景觀大床房「甄品家居」:HK$146', '棲雅丨城景180度雙床房「寫字枱丨甄品家居」:HK$169', '棲雅丨城景180度大床房「智能客控丨寫字枱丨甄品家居」:HK$177']"
布尼頓酒店（宜春高鐵站店）,9.8,"['優選城景大床房【全屋智能+舒達床墊+徠芬吹風機】:HK$263', '臻選城景大床房【全屋智能+舒達床墊+徠芬吹風機】:HK$284', '臻選城景雙床房【全屋智能+舒達床墊+徠芬吹風機】:HK$284', '豪華城景浴缸房【全屋智能+舒達床墊+徠芬吹風機】:HK$339']"
江湖温泉酒店（宜春温湯鎮店）,8.8,"['副樓-特價大床房【温泉入户+斜躺長浴缸+温馨雅居】:HK$143', '副樓-簡約雙床房【温泉入户+室內浴缸+獨享大空間】:HK$199', '副樓-蓮花泡池大床房【温泉入户+室內泡池+秀麗河景】:HK$199', '副樓-豪華雙床房【温泉入户+廚房+冰箱+洗衣機+河景】:HK$219']"
錦安明月酒店（宜春高鐵站萬達店）,9.7,"['甄選江景大床房[全屋智能+喜臨門床+萊芬吹風機]:HK$261', '輕奢智能大床房[全屋智能+喜臨門床+萊芬吹風機]:HK$269', '輕奢智能雙床房[全屋智能+喜臨門床+萊芬吹風機]:HK$269', '雅緻江景大床房[全屋智能+喜臨門床+萊芬吹風機]:HK$269']"
樸語私湯美墅,9.0,"['温馨私湯大床房:HK$205', '街景私湯大床房:HK$205', '野奢私湯大床房:HK$240', '山景私湯大床房:HK$240', '城景私湯大床房:HK$240']"
江西礦療温泉酒店,8.8,"['五號樓舒適大床房:HK$293', '四、五號樓舒適雙床房:HK$293', '山水樓園景雙床房:HK$326', '山水樓園景大床房:HK$326']"
宜春硒湯温泉度假酒店（温湯古井泉街店）,8.7,"['高級雙床房（富硒温泉+浴缸+愜意庭院）:HK$192', '私湯温泉雙床房（富硒温泉+室內浴缸+愜意庭院）:HK$199', '私 湯温泉大床房（富硒温泉+室內浴缸+愜意庭院）:HK$199', '景觀温泉雙床房（富硒温泉+室內浴缸+陽台）:HK$210']"
明月驛站度假酒店,9.4,"['棲遲大床房（直飲富硒泉水）:HK$294', '山居-靜享雙床房（可直飲富硒泉水）:HK$426', '雲棲山居大床房（直飲富硒泉水）:HK$426', '創享童年親子房（親子帳篷+親子玩具）:HK$476', '雲軒閣棋牌大床房:HK$476']"
城市便捷酒店（宜春經開區店）,9.3,"['智能標準大床房:HK$152', '智能高級大床房:HK$168', '智能高級雙床房:HK$168', '智能豪華大床房:HK$183']"
東鵬酒店（宜春秀江東路狀元洲店）,9.5,"['舒適大床房（靜謐空間+配置辦公區+冷藏小冰箱+電視可投屏）:HK$164', '舒適雙床房（深度好眠+配置辦公區+電視可投屏）:HK$188', '江景大床房（獨立會客區+辦公桌+陽光滿屋+冷藏冰箱+電視可投屏）:HK$191', '江景雙床房（陽光滿屋+獨立會客區+辦公桌+舒適沙發+冷藏冰箱）:HK$242', '智慧雙床房（全屋智能+電視可投屏+辦公區+舒適沙發+冷藏冰箱）:HK$248']"
東鵬酒店（宜春市政府天虹店）,9.5,"['舒適大床房（配置舒適躺椅-配置辦公區）:HK$179', '智慧臻享大床房（可投屏-配置舒適躺椅-辦公區域）:HK$185', '舒適雙床房（可投屏-配置辦公區）:HK$192', '家庭親子房（安靜好睡眠-部分房型有隔斷）:HK$205']"
宜春温湯壹號酒店（明月千古情景區店）,9.2,"['行政大床浴缸房:HK$268', '行政雙床浴缸房:HK$268', '豪華大床浴缸房:HK$280', '豪華影院大床浴缸房:HK$305']"
DUDDEN杜登酒店（宜春行政中心高鐵站店）,9.4,"['舒適雙床房:HK$381', '舒適大床房:HK$381', '城景大床房:HK$414', '城景雙床房:HK$414', '江景大床房:HK$435']"
維也納酒店（宜春市政府店）,9.6,"['標準大床房:HK$217', '高級雙床房:HK$234', '豪華大床房:HK$252', '豪華雙床房:HK$260']"
明月山温湯大酒店,8.9,"['樂享精英房:HK$282', '標準雙床房:HK$338', '標準大床房:HK$392', '主題大床房:HK$392', '舒適雙床房:HK$392']"
宜春嫦娥宮民宿（溫湯明月千古情景區店）,9.2,"['原古風 | 普通大床房【帶木桶智能馬桶】:HK$237', '宋式風 | 普通雙床房【帶浴缸智能馬桶】:HK$237', '原古風 | 網紅大床房【帶長形浴缸】:HK$296', '原古風 | 網紅雙床房【帶大浴缸】:HK$322']"
宜春得泉温泉酒店,9.7,"['温泉街景大床房:HK$446', '温泉街景雙床房:HK$447', '温泉無煙雙床房:HK$468', '温泉複式大床房:HK$517']"
宜春硒泉賓館,9.0,"['靜謐園景雙床房:HK$215', '硒泉精品大床房:HK$215', '硒泉街景雙床房:HK$222', '硒泉豪華麻將套房:HK$331']"
花築·宜春且縵雲上山泉靜墅民宿,9.7,"['春台曉日·大床房:HK$368', '化成晚鐘·大床房:HK$442', '袁山聳翠·大床房:HK$492', '雲谷飛瀑·大床房『硒泉水浴』:HK$614']"
天沐·江西明月山温泉度假村,8.9,"['明月閣複式雙床房:HK$302', '明月閣複式大床房:HK$388', '天沐閣高級湖景雙床房:HK$430', '天沐閣豪華湖景雙床房【舒脊乳膠床墊】:HK$571', '天沐閣高級湖景麻將房:HK$625']"
東鵬酒店（宜春國際商貿城店）,9.4,"['悦景舒適大床房【北湖風光+辦公區域+辦公桌椅+休閑躺椅+電視可投屏】:HK$231', '悦靜舒適雙床房【辦公區域+辦公桌椅+休閑躺椅+電視可投屏】:HK$237', '雅緻高級雙床房【辦公區域+辦公桌椅+休閑躺椅+落地窗+電視可投屏+地毯】:HK$259', '茗香雅緻大床房【俯瞰北湖風光+大板茶桌+茶具+落地窗+電視可投屏】:HK$280']"
温湯維希酒店（明月千古情店）,8.9,"['舒適雙床房（浴缸+富硒温泉）:HK$247', '陽光雙浴缸雙人房:HK$321', '雅緻影院大床房（泡池+超清投影+富硒温泉）:HK$321', '雅緻私湯大床房（泡池+富硒温泉）:HK$321', '雅緻私湯雙床房（泡池+富硒温泉）:HK$321']"
明月山禪茶温泉酒店,9.1,"['高級大床房:HK$175', '私湯温泉雙床房（富硒温泉+深泡浴池+乾濕分離）:HK$207', '私湯温泉大床房（富硒温泉+深泡浴池+乾濕分離）:HK$207', '泡池觀景大床房（富硒温泉+圓形泡池+乾濕分離）:HK$239']"
麗楓酒店（宜春經開區店）,9.8,"['雅緻大床房（新風空氣凈化+智能家居）:HK$274', '豪華大床房（慕斯零壓好眠）:HK$298', '純凈大床房（彌散空氣凈化+慕斯零壓好眠）:HK$306', '純凈雙床房（彌散空氣凈化+慕斯零壓好眠）:HK$306']"
硒源美宿（溫湯古井泉街店）,9.8,"['温馨榻榻米房-温泉私浴+高檔床墊+馬桶墊+浴缸袋:HK$193', '精緻大床房-温泉私浴+高檔床墊+馬桶墊+浴缸袋:HK$232', '舒適雙床房-温泉私浴+高檔床墊+馬桶墊+浴缸袋:HK$248', '豪華雙床房--温泉私浴+高檔床墊+全屋智能+智能馬桶:HK$279']"
宜春明月山維景國際温泉度假酒店,9.2,"['主樓特價小窗雙床房（無浴缸）:HK$327', '二號樓公寓雙床房:HK$340', '二號樓公寓大床房:HK$480', '主樓高級雙床房:HK$546', '主樓行政雙床房:HK$635', '主樓河景雙床房:HK$656']"
明月山書意温泉酒店,9.0,"['私湯温泉雙床房:HK$207', '河景私湯温泉大床房（富硒温泉+深泡浴缸+乾濕分區）:HK$207', '河景私湯温泉大床房loft（富硒温泉+會客廳+深泡浴缸）:HK$219', '私湯温泉親子房loft（富硒温泉+深泡浴缸+親子主題）:HK$272']"
温湯尚品酒店公寓（温湯店）,9.3,"['温馨標準間（天然温泉▪帶廚房▪浴缸▪洗衣機）:HK$299', '日光丨豪華商務大床房（天然温泉·浴缸·洗衣機廚房）:HK$366', '4號樓丨舒適標準間（親子·天然温泉·浴缸·洗衣機）:HK$366', '山河故里丨臻選園景套房（天然温泉·兩房兩廳·浴缸）:HK$655']"
維也納酒店（宜春行政中心店）,9.4,"['高級大床房:HK$198', '高級雙床房:HK$198', '豪華大床房:HK$225', '豪華雙床房:HK$225']"
華爾街LOFT酒店（宜春市政府融薈城店）,9.3,"['舒享智能丨LOFT雙床房:HK$174', '舒享智能丨LOFT大床房:HK$181', '暢享觀影丨巨幕景觀大床房:HK$198', '暢享觀影丨巨幕景觀雙床房:HK$204']"
宜春市行政中心亞朵酒店,9.6,"['雅緻雙床房（慢回彈記憶枕+手機投屏+裸眠床品）:HK$314', '雅緻大床房（慢回彈記憶枕+手機投屏+裸眠床品）:HK$314', '高級大床房（慢回彈記憶枕+手機投屏+裸眠床品）:HK$332', '高級雙床房（慢回彈記憶枕+裸眠床品）:HK$332', '幾木雙床房（亞朵深睡枕+minibar+裸眠床品）:HK$368']"
泊曼酒店（宜春鼓樓步行街店）,9.0,"['曼-Mini單床房【零壓床墊+迷你温馨+乾濕分離+網紅化粧鏡】:HK$116', '曼-甄選大床房【東方韻味+乾濕分區+零壓床墊+舒適辦公桌+網紅化粧鏡】:HK$139', '曼-甄選雙床房【舒適辦公桌+寬敞明亮+乾濕分區+零壓床墊+東方元素】:HK$146', '曼-輕奢大床房【乾濕分區+舒適辦公桌+零壓床墊+網紅化粧鏡】:HK$181']"
柏納酒店（宜春萬達高鐵站店）,9.4,"['臻享雙床房（高空美景+大視野）:HK$179', '臻享大床房（高層美景+大視野）:HK$179', '陽光城景大床房（街區城景+大視野）:HK$197', '陽光山景雙床房（絕美山景+大視野）:HK$206']"
宜春高鐵站希爾頓歡朋酒店,9.8,"['舒適大床房:HK$381', '舒適雙床房:HK$381', '高級大床房:HK$409', '高級雙床房:HK$409', '豪華大床房:HK$457']"
如你所院·民宿（宜春温湯度假區店）,9.4,"['特價大床房丨帶浴缸:HK$218', '如你温馨大床房丨帶浴缸:HK$249', '如你温馨雙床房丨帶浴缸:HK$272', '如你景觀雙床房丨帶浴缸:HK$293']"
宜春美樹酒店,9.5,"['温馨大床房:HK$150', '商務雙床房:HK$162', '商務大床房:HK$162', '尊貴雙床房:HK$175']"
宜春明月山假日度假酒店,9.3,"['高級大床房:HK$382', '高級雙床房:HK$382', '高級房:HK$382', '高級超大床私人温泉房:HK$513', '豪華超大床私人温泉房:HK$633']"
希岸酒店（宜春市政府高鐵站店）,9.1,"['特惠玲瓏大床房（零壓床墊+乳膠枕）:HK$185', '希岸雅緻大床房（全景落地+乳膠枕）:HK$207', '希岸高級雙床房（乳膠枕+舒適辦公區）:HK$218', '希岸豪華大床房（放鬆沙發區+乳膠枕）:HK$229']"
温湯鎮軍地人生精品客棧,9.9,"['二號別墅102大床房:HK$511', '二號別墅105大床房:HK$511', '一號別墅202雙床房:HK$558', '二號別墅103大床房:HK$651']"
錦安酒店（國際商貿城店）,9.4,"['純凈雙床房（空氣凈化機 +靜謐空間+配置辦公區+智能語音控制）:HK$173', '純凈大床房:HK$173', '舒享雙床房（公園觀景+靜謐空間+配置辦公區+智能語音控制）:HK$185', '舒享大床房（城市觀景+靜謐空間+配置辦公區+智能語音控制）:HK$185']"
柏宸酒店（宜春市政府店）,9.7,"['特惠大床房:HK$148', '特惠雙床房:HK$167', '豪華大床房:HK$183', '豪華雙床房:HK$183']"
桔子酒店（宜春站袁州區行政中心店）,9.7,"['加州陽光高級大床房（電視投屏）:HK$293', '加州陽光雙床房:HK$293', '加州陽光豪華大床房:HK$322', '加州陽光觀景雙床房:HK$322']"
東鵬酒店（宜春鼓樓步行街潤達國際店）,9.4,"['靜悦舒適大床房（緊鄰潤達國際購物中心+配置辦公區+電視可投屏）:HK$149', '靜悦舒適雙床房（近鼓樓步行街+配置辦公區+電視可投屏）:HK$149', '悠享智慧大床房（全屋智能+電視可投屏+辦公區+躺椅）:HK$167', '悠享智慧雙床房（全屋智能+電視可投屏+辦公區+躺椅）:HK$177']"
漢庭酒店（宜春市政府融薈城店）,9.8,"['大床房「品牌床墊+乳膠枕+LG洗烘機+電視投屏」:HK$193', '商務雙床房「辦公區+喜臨門床墊+LG洗烘機+電視投屏」:HK$212', '高級大床房「辦公桌+喜臨門床墊+LG洗烘機+電視投屏」:HK$212', '商務大床房「採光明亮+休閑沙發+LG洗烘機+電視投屏」:HK$241']"
半山溫泉度假別墅,8.9,"['清風-温泉泡池大床房:HK$326', '朝陽-温泉泡池大床房:HK$413', '入畫-温泉泡池大床房:HK$498', '晚霞-露天温泉泡池雙床房:HK$605']"
心宿·雅苑度假酒店（千古情店）,10.0,"['心宿·山景標準房『激光電視+全屋智能+恆温地暖』:HK$449', '心宿·山景豪華大床房『全屋智能+恆温地暖+舒適浴缸』:HK$495', '心宿·高級山景大床房『全屋智能+恆温地暖+舒適浴缸』:HK$533', '心宿·高級山景雙床房『全屋智能+恆温地暖+舒適浴缸』:HK$533']"
樸語山居酒店（宜春袁山公園店）,9.2,"['優選大床房（舒適空間+超敞亮）:HK$103', '優選雙床房（酒店公區提供自助洗衣房）:HK$103', '影院大床房（小米投影.百寸影幕+立體聲效）:HK$103', '浪漫圓床浴缸房（夢中情人，浪漫之夜）:HK$109']"
山野温泉酒店（宜春温湯店）,9.3,"['祕境·觀影休閑温泉大床房「酣睡床墊+超清投影+小冰箱」:HK$168', '隱居·温泉棋牌廚房投影套房「冰箱洗衣機+可做飯」:HK$233', '森林·露天陽台温泉泡池雙大床房「露天超氧温泉+零壓超大雙床+全屋智能客控」:HK$262', '曠野·巨幕影院陽台泡池大床房「山景私湯温泉+超清投影VIP+觀景休閑陽台」:HK$276']"
格非酒店（宜春市袁州區高鐵站店）,9.2,"['商務大床房:HK$124', '雅緻雙床房:HK$124', '城景大床房:HK$144', '商務雙床房:HK$144']"
麗楓酒店（宜春明月之都店）,9.5,"['雅緻大床房:HK$294', '豪華大床房:HK$325', '豪華雙床房:HK$325', '行政大床房:HK$342', '純凈大床房:HK$359']"
