酒店名称,评分,房型价格列表
宜賓高鐵站希爾頓歡朋酒店,9.7,"['舒適大床房:HK$350', '舒適雙床房:HK$350', '高級雙床房:HK$374', '高級大床房:HK$374', '豪華大床房:HK$400']"
宜賓大酒店（合江門大觀樓店）,9.0,"['相宜｜舒適大床房（助眠枕頭+全景落地視野+乾濕分離）:HK$215', '皆宜｜精雅雙床房（親膚棉絨被+全景落地視野+辦公桌椅）:HK$226', '皆宜｜精雅大床房（親膚棉絨被+全景落地視野+休閑沙發）:HK$238', '宜然｜精選雙床房（喜臨門深睡舒眠床墊+商務辦公+超大全身鏡）:HK$249']"
宜賓千弋酒店（萬達廣場店）,9.8,"['城市景觀房:HK$350', '豪華大床房:HK$378', '豪華雙床房:HK$378', '行政大床房:HK$464']"
景湖酒店（宜賓西站宜賓市政務中心店）,9.4,"['清風丨高級大床房-智能客控:HK$199', '映月丨優享大床房-智能客控:HK$304', '靜湖丨甄選大床房-智能客控:HK$341', '上善丨行政套房-智能客控:HK$461']"
月亮半島輕居酒店（宜賓臨港國際會展中心店）,9.5,"['樂享大床房:HK$247', '樂享雙床房:HK$248', '智選大床房:HK$266', '智選雙床房:HK$266']"
桂輪坊（李莊古鎮店）,9.5,"['霞月-特色洞穴風主題房:HK$369', '霞月-大床房:HK$378', '瑤月-套房:HK$464', '瑤月-豪華套房:HK$559']"
宜賓拾舍·竹裏館（宜賓西站店）,9.7,"['拾·安靜謐雙床房:HK$307', '拾·意觀影大床房:HK$328', '拾·竹觀影雙床房:HK$350', '拾·念巨幕大床房:HK$371', '拾·逸露台大床房:HK$413']"
宜賓大學城希爾頓歡朋酒店,9.6,"['舒適大床房:HK$314', '舒適雙床房:HK$333', '舒適山景大床房:HK$333', '高級雙床房:HK$361', '高級景觀大床房:HK$368']"
宜賓魯能皇冠假日酒店,9.5,"['高級大床房:HK$512', '高級房:HK$512', '高級雙床房:HK$512', '豪華雙床房:HK$574', '豪華大床房:HK$574', '行政房:HK$768']"
宜賓瑞柏儷國際酒店（宜賓西站原著薈店）,9.3,"['高級大床房【全屋智能+迷你冰箱】:HK$217', '柏儷精品雙床房【智能客控+浴室乾濕分離】:HK$230', '柏儷豪華大床房【全屋智能+智能馬桶+小冰箱】:HK$275', '柏儷豪華全景大床房【180°全景+浴室乾濕分離】:HK$304', '柏儷輕奢套房【270°全景+複式套房+智能馬桶+小冰箱】:HK$327']"
十玥酒店（宜賓西區原著薈店）,9.7,"['舒適大床房-全屋智能客控-乾濕分離-高樓層享安靜:HK$176', '精品雙床房-獨立辦公桌-觀城市夜景-65寸投屏小米電視:HK$206', '臻選大床房-超大化粧鏡-觀城景-米家投屏電視-智能客控:HK$207', '優享雙床房-獨立辦公桌-高樓層享安靜-全屋小米智控:HK$226']"
柏曼酒店（宜賓大觀樓冠英古街店）,9.2,"['高級雙床房:HK$215', '高級大床房:HK$223', '豪華雙床房:HK$231']"
宜賓外山竹月民宿,9.4,"['標準雙床房:HK$205', '豪華大床房:HK$241', '露台套房:HK$314', '精緻套房:HK$322', '豪華套房:HK$475']"
宜賓敍龍酒店（五糧液酒廠店）,9.5,"['高級大床房:HK$200', '豪華單人房:HK$220', '豪華雙床房:HK$230', '豪華套房:HK$276']"
宜賓翠屏山酒店,9.5,"['驚喜福袋房:HK$309', '豪華單間:HK$396', '豪華標間:HK$402', '豪華山景房（單間）:HK$481', '豪華山景房（標間）:HK$481']"
宜賓禪棲酒店（合江門廣場店）,9.2,"['禪緣大床房[禪意風格│零壓品牌床墊]:HK$264', '雅墨江景大床房[禪意風格│零壓品牌床墊]:HK$283', '雅墨江景雙床房[禪意風格│零壓品牌床墊]:HK$283', '禪語特價房[禪意風格│零壓品牌床墊]:HK$302']"
南溪.錦江賓館,9.6,"['高級雙床房:HK$190', '高級大床房:HK$200', '商務街景雙床房:HK$218', '商務街景大床房:HK$225', '豪華江景雙床房:HK$247']"
宜賓聖芳丹酒店,9.7,"['精品雙床房:HK$369', '精品大床房:HK$369', '高級雙床房:HK$464', '高級大床房:HK$464', '豪華浴缸大床房:HK$559', '伯多祿豪華套房:HK$1,795']"
宜賓高鐵站麓柏酒店,9.8,"['商務大床房:HK$311', '商務雙床房:HK$311', '豪華雙床房:HK$364', '豪華大床房:HK$364']"
SFEEL設計師酒店（宜賓未來廣場店）,10.0,"['舒適大床房（智能客控·落地大窗·徠芬吹風·智能馬桶）:HK$235', '高級大床房（智能客控·城市街景·mini冰箱·智能馬桶）:HK$246', '豪華大床房（智能客控·落地大窗·mini冰箱·智能馬桶）:HK$270', '高級雙床房（智能客控·城市觀景·徠芬吹風·智能馬桶）:HK$287']"
宜賓阿爾特斯酒店（高鐵站店）,9.4,"['精品雙床房:HK$299', '精品大床房:HK$299', '豪華大床房:HK$312', '豪華雙床房:HK$312', '行政大床房:HK$459']"
宜賓城市名人酒店,9.5,"['優選特惠大床房:HK$379', '優選特惠雙床房:HK$379', '豪華城景雙床房:HK$394', '臨江觀景大床房:HK$394', '暮江影音多功能房:HK$485', '行政大床房（ 一線江景）:HK$534']"
宜賓君御酒店（東方時代廣場店）,9.3,"['行政雙床間:HK$303', '精品大床房:HK$326', '豪華大床房:HK$357', '全景大床房A:HK$388', '全景大床房B（俯瞰夜景+浴缸）:HK$410']"
宜賓凱爾頓豪庭酒店（萊茵春天店）,9.5,"['特惠房:HK$165', '普通單人房:HK$203', '豪華特惠房:HK$207', '普通標準間:HK$226', '豪華大床房:HK$274']"
港榮·星港酒店（時代滙店）,9.6,"['標準大床房:HK$289', '標準雙床房:HK$289', '行政套房:HK$435', '家庭套房:HK$464']"
空港·花漫嶺酒店（宜賓五糧液機場店）,9.1,"['特惠房:HK$238', '商務房:HK$278', '精品標間:HK$421', '雅緻雙床房:HK$440']"
宜賓竹韻裏酒店,9.6,"['高級大床房（全屋智能客控+Nespresso膠囊機）:HK$473', '高級雙床間（全屋智能客控+Nespresso膠囊機）:HK$473', '豪華大床房（全屋智能客控+Nespresso膠囊機）:HK$540', '豪華雙床房（全屋智能客控+Nespresso膠囊機）:HK$569', '豪華觀景大床房（全屋智能客控+Nespresso膠囊機）:HK$751', '高級套房A（全屋智能客控+Nespresso膠囊機）:HK$788']"
薈庭酒店（宜賓西站原著薈店）,9.6,"['臻選大床房-全屋智能+慕思床墊+乾濕分離:HK$270', '薈雅＊舒適大床房-智能客控+慕思床墊+高檔羽絨被:HK$298', '薈雅＊智能雙床房-全屋客控+慕思床墊+乾濕分離:HK$298', '薈棲-城景雙床房-慕思床墊+智能客控:HK$298']"
全季酒店（宜賓西站站前廣場店）,9.6,"['高級雙床房（智能客控+電視投屏+金可兒床墊）:HK$329', '高級大床房（智能客控+180°景觀+電視投屏）:HK$346', '商務雙床房（智能客控+電視投屏+小冰箱）:HK$354', '商務大床房（智能客控+電視投屏+冰箱）:HK$370']"
宜賓臨港大學城會展中心亞朵酒店,9.8,"['雅緻大床房（智能投屏+智能馬桶）:HK$278', '高級雙床房（智能投屏+智能馬桶）:HK$304', '高級大床房（智能投屏+智能馬桶）:HK$331', '行政雙床房（智能投屏+智能馬桶+小冰箱+空氣凈化器）:HK$366', '行政大床房（智能投屏+智能馬桶+小冰箱）:HK$392']"
凱悦金沙酒店（宜賓敍州政務中心店）,9.6,"['米妮大床房·小時光:HK$175', '城景地標大床房·政務中心:HK$197', '小悦觀景雙床房·享城市夜景:HK$197', '甄選舒睡大床房·都市節奏:HK$225']"
如家商旅酒店（宜賓魯能鑫悦灣店）,9.5,"['大床房（安心睡0壓床墊）:HK$169', '高級大床房（安心睡0壓床墊）:HK$198', '雙床房（安心睡0壓床墊）:HK$213', '商旅特色雙床房（安心睡0壓床墊+小冰箱+浴缸）:HK$279']"
宜賓阿茲博蘭酒店（一曼公園店）,9.2,"['舒適大床房［super大窗+夢百合零壓床墊］:HK$195', '高級雙床房［夢百合·零壓床墊］:HK$223', '高級大床房［夢百合·零壓床墊］:HK$224', '豪華大床房［夢百合·零壓床墊］:HK$251', '豪華雙床房［夢百合·零壓床墊］:HK$261']"
棲悦裏·璞遇酒店（宜賓大學城智能終端產業園店）,9.6,"['樂享·精緻智能雙床房:HK$268', '奢享·休閑機麻套房:HK$362', '棲趣·浪漫投影套房（私享浴缸+巨幕投影+寬景空間）:HK$399']"
緹沃利露台酒店（大學城會展中心店）,9.7,"['精緻freesia•小蒼蘭大床房:HK$176', '覓靜Cattleya·卡特蘭大床房:HK$187', '輕享Hooppine•南洋杉大床房:HK$187', '靜享Hyacinth•風信子雙床房:HK$193']"
李莊四悦酒店,9.6,"['夢蓮·高級大床房:HK$654', '夢蓮·高級雙床房:HK$654', '悦園.高級合院大床房:HK$654', '悦園.高級合院雙床房:HK$654', '悦園.高級合院平層套房:HK$1,319', '悦園.高級合院複式套房:HK$1,319']"
宜賓高鐵西站亞朵酒店,9.7,"['雅緻雙床房（投屏電視+語音客控）:HK$278', '雅緻大床房（投屏電視+語音客控）:HK$296', '高級雙床房（投屏電視+語音客控）:HK$322', '高級大床房（投屏電視+語音客控）:HK$339', '行政大床房（投屏電視+語音客控）:HK$374']"
S雲竹酒店,9.5,"['高級商務大床房:HK$210', '高級商務雙床房:HK$219', '甄選家庭房:HK$224', '親子套房:HK$329']"
莫爾納酒店（宜賓大學城會展中心店）,9.7,"['M·特惠大床房:HK$154', 'M·精緻雙床房（飄窗台）:HK$178', 'M·舒適大床房:HK$184', '驚喜特惠房:HK$184']"
品睿酒店（宜賓李莊古鎮店）,9.4,"['品和大床房（智能語音客控+零壓乳膠床墊+智能馬桶）:HK$308', '品和高級大床房（智能語音客控+榻榻米茶桌茶具+零壓乳膠床墊）:HK$406', '品怡高級雙床房（語音客控+零壓乳膠床墊+智能馬桶）:HK$430', '品靜景觀投影大床房（智能語音客控+100寸投影幕布+手機投屏）:HK$463']"
李莊月亮田星河星藝術酒店,9.8,"['冬·墨花月白 大床房:HK$1,319', '夏·圓荷 大床套房:HK$1,795', '秋·嬋娟 大床套房:HK$1,795', '春·四月天·高奢套房:HK$2,555']"
星程酒店（宜賓萊茵店）,9.5,"['大床房（55英寸液晶大屏電視可投屏+金可兒床墊）:HK$187', '雙床房（55英寸液晶大屏電視可投屏+貴妃沙發）:HK$226', '高級大床房（55英寸液晶大屏電視可投屏+金可兒床墊）:HK$226', '舒壓-高級大床房（55英寸電視可投屏+記憶海綿床墊）:HK$241']"
格林東方酒店（宜賓新城市廣場店）,9.5,"['東方雙床房-舒適好眠+遮光窗簾:HK$200', '特惠東方大床房-助眠床墊+乾濕分離:HK$285', '東方大床房-舒適好眠+自然採光:HK$285', '特惠東方雙床房-助眠床墊+乾濕分離:HK$285']"
宜賓維多利亞大酒店（大觀樓店）,8.7,"['雅秀單間:HK$209', '雅秀標間:HK$219', '雅緻雙床房:HK$272', '雅緻大床房:HK$272']"
全季酒店（宜賓西站店）,9.6,"['城市景觀雙床房（65寸可投屏液晶電視+金可兒床墊）:HK$384', '城市景觀高級大床房（65寸投屏液晶電視+金可兒床墊）:HK$402', '舒壓山景雙床房（七星山景+零壓酣睡床墊+小冰箱）:HK$411', '舒壓山景高級大床房（七星山景+零壓酣睡床墊+小冰箱）:HK$428']"
宜賓玖玥民宿酒店（雙子星店）,9.2,"['Ins風智能大床房（零壓床墊）:HK$148', '輕奢智能投影大床房（零壓床墊）:HK$163', '奶油風智能大床房（全屋智能＋超大落地窗）:HK$178']"
你好酒店（宜賓西站店）,9.5,"['高級大床房（智能客控+55英寸液晶大屏電視可投屏）:HK$227', '高級雙床房（智能客控+55英寸液晶大屏電視可投屏）:HK$227', '城景大床房（智能客控+城市街景+55英寸液晶大屏電視）:HK$244', '套房（智能客控+LOFT户型+55英寸液晶大屏電視可投屏）:HK$262']"
天樞苑（李莊古鎮店）,9.5,"['街景大床房:HK$283', '閣樓大床:HK$283', '江景雙床房:HK$378', '江景大床房:HK$445']"
宜賓恆朵酒店（翠屏山景區店）,9.8,"['靜享雙床房+全屋智能+迷你冰箱:HK$235', '觀享大床房+全屋智能+迷你冰箱+現磨coffee:HK$241', '270°江景大床房+全屋智能+迷你冰箱:HK$261', '江景大床套房+全屋智能+迷你冰箱+泡泡浴:HK$276']"
宜賓雲天酒店（敍州萬興現代城店）,9.4,"['精緻特惠房-流暢觀影+城市夜景:HK$153', '舒適大床房-舒適好眠+智控窗簾:HK$172', '高級大床房-舒適採光+環境優美+智控窗簾+流暢觀影:HK$197', '高級雙床房-舒適採光+環境優美+智控窗簾+流暢觀影:HK$197']"
