酒店名称,评分,房型价格列表
納蘭迪酒店（寶雞南站店）,9.6,"['雅緻雙床房:HK$255', '雅緻大床房:HK$281', '觀影大床房:HK$300', '觀影雙床房:HK$300', '豪華大床房:HK$303']"
寶雞東嶺皇冠假日酒店,9.6,"['高級雙床房:HK$607', '高級大床房:HK$607', '高級河景大床房:HK$649', '高級河景雙床房:HK$695', '高級行政大床房:HK$774', '親子雙床房:HK$824']"
寶雞恆源國際酒店,9.3,"['惠享特價雙床房:HK$185', '源悦雙床房:HK$193', '恆美雙床房:HK$201', '惠享特價大床房:HK$208', '源悦大床房:HK$216', '恆美大床房:HK$225']"
寶雞建國飯店,9.5,"['高級標準間:HK$402', '商務雙床房:HK$420', '商務大床房:HK$420', '行政大床房:HK$527', '豪華大床房:HK$550', '歡樂親子雙床房:HK$676']"
泊辛頓酒店（寶雞高新高鐵南站店）,9.2,"['璽悦和風榻榻米:HK$173', '凱悦中式大床房:HK$195', '凱悦男士大床房:HK$195', '中式雙床房:HK$195', '凱悦女士大床房:HK$203']"
喆啡酒店（寶雞高新高鐵南站店）,9.5,"['醇享大床房:HK$235', '啡凡雙床房:HK$244', '啡凡大床房:HK$261', '商務雙床房:HK$279']"
印迪格酒店（寶雞南站店）,9.5,"['雅緻大床房:HK$251', '雅緻雙床房:HK$251', '高級大床房:HK$295', '高級雙床房:HK$295', '影視雙床房:HK$299']"
恆源國際酒店（鳳翔店）,9.4,"['高級雙床房:HK$202', '豪華大床房:HK$295', '高級三人房:HK$322', '豪華套房:HK$396']"
寶雞萬福國際酒店,8.9,"['標準雙床房:HK$206', '豪華雙床房:HK$232', '豪華河景雙床房:HK$256', '豪華城景雙床房:HK$256', '行政大床房:HK$268']"
容海·夢酒店（寶雞南站店）,9.2,"['高級標間:HK$220', '高級單間:HK$220', '商務標間:HK$260', '商務單間:HK$260']"
金翎假日酒店（寶雞令氏家外家店）,9.6,"['高級大床房:HK$407', '高級雙床間:HK$407', '假日大床房:HK$433', '景觀大床房（浴缸）:HK$454', '豪華影院大床房（浴缸）:HK$478']"
麗姿雅緻酒店（寶雞陳倉大道中醫院東院區店）,9.4,"['靜謐丨逸軒大床房（零壓乳膠+恆温馬桶+65寸投屏電視）:HK$240', '華庭丨雅敍雙床房（零壓乳膠+恆温馬桶+65寸投屏電視）:HK$252', '山嵐丨清闕大床房（山景吸氧+智能馬桶+65寸投屏電視）:HK$309', '翠微丨泊月雙床房（山景吸氧+智能馬桶+65寸投屏電視）:HK$316', '天倫丨悦享親子家庭房（智能馬桶+65寸投屏電視）:HK$360']"
寶雞海棠假日酒店,9.6,"['假日高級大床房:HK$381', '假日高級雙床房:HK$381', '假日高樓層高級大床房:HK$427', '假日高樓層高級雙床房:HK$427', '假日城市景觀豪華雙床房:HK$521']"
西建酒店（寶雞行政中心店）,9.0,"['悦享精品城景雙床房（慕斯床墊+都市霓虹+高空景觀）:HK$217', '悦享躺平治癒大床房（靜謐空間+65寸超大電視）:HK$217', '樂享陽光雙床房（慕斯床墊+辦公桌椅）:HK$243', '豪享城景雙床房（慕斯床墊+城市景觀+大面積活動空間）:HK$260']"
寶雞行政中心高鐵南站亞朵酒店,9.5,"['雅緻大床房:HK$331', '高級雙床房:HK$349', '高級大床房:HK$367', '行政雙床房:HK$412', '行政大床房:HK$430']"
寶雞大正國際酒店（鳳翔店）,9.5,"['高級雙床房（斯得福床品+智能客控系統）:HK$260', '特價大床房（智能客控）:HK$260', '豪華大床房（斯得福床品+智能客控系統）:HK$347', '行政套房（商務辦公+聚會+浴缸+智能客控系統）:HK$598', '歡樂親子套房（家庭聚會+浴缸+智能客控系統+智能馬桶）:HK$620']"
寶雞大酒店（開元商城火車站店）,9.3,"['簡約雙床房:HK$179', '新中式大床房（全身鏡+乾濕分離）:HK$192', '新中式雙床房（全身鏡+乾濕分離）:HK$193', '雅緻雙床房（乾濕分離+手機投屏）:HK$214']"
寶雞豪門酒店,9.2,"['普通大床房:HK$161', '商務大床房:HK$183', '商務標準間:HK$183', '豪華標準間:HK$207']"
如家商旅酒店（寶雞行政大道中醫院東院區店）,9.5,"['商務大床房【智能馬桶+新風系統+65寸投屏電視】:HK$178', '雙床房【酣然入眠+智能馬桶+新風系統+65寸投屏】:HK$178', '高級大床房【舒適大空間+智能馬桶+65寸投屏電視】:HK$194', '高級雙床房【舒適大空間+智能馬桶+65寸投屏電視】:HK$194']"
星程酒店（寶雞南站吾悦廣場店）,9.6,"['大床房【星夢空間床墊】:HK$369', '高級大床房【記憶棉枕+投屏電視】:HK$387', '高級雙床房【記憶棉枕+投屏電視】:HK$387', '家庭房【星夢空間+喚醒活力】:HK$406']"
全季酒店（寶雞火車站店）,9.5,"['雙床房:HK$292', '高級雙床房:HK$312', '大床房:HK$318', '高級大床房:HK$321']"
歡漫酒店（寶雞金台大道店）,9.7,"['豪華大床房:HK$220', '豪華城景大床房:HK$242', '豪華城景雙床房:HK$242', '影院大床房:HK$287', '漫馨親子房:HK$298']"
星程酒店（寶雞火車站國貿店）,9.7,"['高級大床房【星夢空間+酣然好夢】:HK$283', '高級雙床房【星夢空間+喚醒活力】:HK$301', '商務大床房【星夢空間+雲端夢境】:HK$330', '套房【星夢空間床墊】:HK$397']"
如家酒店·neo（寶雞鳳翔東湖北門店）,9.6,"['大床房【智能客控+55寸投屏電視】:HK$141', '雙床房【智能客控+55寸投屏電視】:HK$149', '商務大床房【智能客控+55寸投屏電視】:HK$158', '安心睡雙床房【智能客控+助眠床墊記憶枕】:HK$174']"
維也納國際酒店（寶雞高鐵站店）,9.6,"['高級雙床房:HK$220', '高級大床房:HK$220', '豪華大床房:HK$252', '豪華雙床房:HK$252', '浪漫大床房:HK$273']"
歐凱羅酒店（寶雞銀泰城店）,8.5,"['商務雙床房:HK$292', '靜馨雙人間:HK$314', '時尚大床房:HK$325', '清馨大床房:HK$336']"
艾扉酒店（寶雞火車南站文理學院店）,9.5,"['艾扉大床房A:HK$158', '艾扉大床房:HK$174', '艾扉雙床房A:HK$174', '艾扉雙床房:HK$191']"
如家酒店·neo（寶雞英達路體育場店）,9.1,"['雙床房【卡座沙發+55寸投屏電視】:HK$162', '商務大床房【商務寫字桌+55寸投屏電視】:HK$170', '高級雙床房【安靜舒適+乾濕分離+55寸投屏電視】:HK$179', '高級大床房【私密空間+55寸投屏電視】:HK$187']"
寶雞三迪華美達酒店,9.4,"['商務大床房:HK$249', '商務雙床房:HK$249', '高級雙床房:HK$258', '高級大床房:HK$258', '清風凈化大床房:HK$304']"
H酒店（寶雞火車站經二路店）,9.5,"['精選·酣睡大床房 | 靜謐空間+手機投屏:HK$187', '精選·影院大床房|靜謐空間+巨幕投影:HK$196', '甄選·山景大床房|超大落地窗:HK$201', '甄選·山景雙床房|超大落地窗:HK$209']"
IU酒店（寶雞雍城大道東湖店）,9.5,"['舒適大床房:HK$212', '酷玩大床房:HK$212', '舒適雙床房:HK$220', '超級大床房:HK$228']"
桔子酒店（宏業大廈店）,9.4,"['加州陽光大床房:HK$321', '加州陽光雙床房:HK$340', '月若流金大床房:HK$340', '月若流金雙床房:HK$358']"
奧斯頓酒店（寶雞會展中心店）,9.4,"['豪華雙床房（帶浴缸）:HK$391', '臻享豪華雙床房（帶浴缸）:HK$434', '親子家庭雙床房（帶浴缸）:HK$543', '輕奢豪華大床房（帶浴缸）:HK$718', '輕奢大床套房:HK$1,012', '尊尚大床套房（帶浴缸）:HK$1,090']"
你好酒店（寶雞高新火車南站店）,9.6,"['大床房:HK$261', '高級雙床房:HK$261', '高級大床房:HK$280', '套房:HK$361']"
漢庭酒店（寶雞體育場石壩河新界步行街店）,9.6,"['大床房:HK$207', '高級大床房:HK$226', '雙床房:HK$226', '家庭房:HK$255']"
寶雞高新君悦國際酒店,9.1,"['雅緻雙床房:HK$215', '雅緻大床房:HK$236', '尊享大床房:HK$380', '豪華景觀套間:HK$494', '親子家庭房:HK$715']"
未來生活酒店（金台大道店）,9.3,"['未來-雅緻大床房（通透採光+靜謐安眠+零壓床墊）:HK$167', '未來-雅緻雙床房（雙塌沐陽+靜謐安眠+零壓床墊）:HK$167', '未來-巨幕觀影大床房（3D環繞+靜謐安眠+零壓床墊）:HK$178', '未來-行政大床房（全景落地窗+靜謐安眠+零壓床墊）:HK$188']"
寶雞三迪酒店（行政中心店）,9.3,"['星選標準雙床房『獨立空調』:HK$155', '星悦標準大床房『獨立空調』:HK$162', '星悦高級大床房『獨立空調+公區提供自助洗衣機』:HK$170', '星選高級雙床房『獨立空調+公區提供自助洗衣機』:HK$170']"
漢庭酒店（寶雞高新火車南站店）,9.5,"['大床房:HK$257', '雙床房:HK$267', '高級大床房:HK$277']"
嘉隆國際酒店（寶雞火車站店）,9.2,"['雅緻標間:HK$205', '高級大床房:HK$216', '豪華套房:HK$409', '舒適三人間:HK$532']"
寶雞梵海酒店（金台大道唐潮城店）,9.5,"['輕奢酣睡雙床房（記憶床墊+65寸電視+投屏+淋浴軟水）:HK$190', '山景陽光大床房（記憶床墊+65寸電視+投屏+淋浴軟水）:HK$195', '城景零壓大床房 （記憶床墊+65寸電視+投屏+淋浴軟水）:HK$197', '奢華大空間大床房 （記憶床墊+65寸電視+投屏+淋浴軟水）:HK$202']"
三迪佩斯酒店（寶雞行政中心高鐵站店）,8.8,"['特惠標準間C:HK$164', '景美商務間B:HK$176', '景美標準間B:HK$187', '靜享商務間A:HK$195']"
寶雞皮皮蝦電競酒店,9.5,"['電競雙床房:HK$237', '電競大床房:HK$250']"
中悦酒店（第五大道店）,8.9,"['精品大床房:HK$113', '雅緻雙床房:HK$120', '豪華大床房:HK$132', '舒適大床房:HK$146']"
IU酒店（寶雞中國青銅器博物館陳倉老街店）,9.2,"['精緻大床房:HK$299', '精緻雙床房:HK$309', '舒適大床房:HK$309', '舒適雙床房:HK$320']"
牧馬星辰民宿,10.0,"['歡樂麻將大床房:HK$156', '美式豪華大床房:HK$177', '奢華大床房:HK$177', '觀景大床房:HK$177']"
錦江之星（寶雞高鐵站店）,8.9,"['標準間B:HK$159', '商務間B:HK$169', '標準間A:HK$179', '零壓標準房B:HK$179']"
温漫居酒店（寶雞高新區文理學院店）,8.9,"['漫安居-淺微甜睡大床房「舒心安睡+乳膠床墊+高速WIFI」:HK$141', '漫語妙-玲瓏舒睡大床房「寧靜酣睡+乳膠床墊+採光明亮」:HK$152', '漫翠微-靜謐零壓大床房「雅緻靜逸+精緻睡眠+新風無霾」:HK$163', '漫煙嵐-靜謐零壓雙床房「雅緻靜逸+精緻睡眠+新風無霾」:HK$173']"
寶雞怡和酒店,8.3,"['舒適雙床房:HK$172', '豪華雙床房:HK$185', '豪華大床房:HK$212', '家庭套房:HK$359']"
雍州靈山·禪悦谷民宿,9.7,"['禪棲古韻雙床房:HK$545', '禪思觀景大床房:HK$545', '禪語山水景觀套房（日式禪意私湯）:HK$916', '禪心星辰湯池房:HK$916', '禪語無念景觀套房:HK$916']"
