酒店名称,评分,房型价格列表
恆源國際酒店（鳳翔店）,9.3,"['高級雙床房:HK$202', '豪華大床房:HK$295', '高級三人房:HK$322', '豪華套房:HK$396']"
V 時代酒店（英達路店）,9.3,"['舒悦麗致大床房:HK$208', '輕悦麗致大床房:HK$216']"
寶雞大酒店（開元商城火車站店）,9.2,"['簡約雙床房:HK$179', '新中式大床房（全身鏡+乾濕分離）:HK$192', '新中式雙床房（全身鏡+乾濕分離）:HK$193', '雅緻雙床房（乾濕分離+手機投屏）:HK$214']"
寶雞恆源國際酒店,9.3,"['惠享特價雙床房:HK$185', '源悦雙床房:HK$193', '恆美雙床房:HK$201', '惠享特價大床房:HK$208', '源悦大床房:HK$216', '恆美大床房:HK$225']"
印迪格酒店（寶雞南站店）,9.5,"['雅緻大床房:HK$251', '雅緻雙床房:HK$251', '高級大床房:HK$295', '高級雙床房:HK$295', '影視雙床房:HK$299']"
容海·夢酒店（寶雞南站店）,9.2,"['高級標間:HK$217', '高級單間:HK$217', '商務標間:HK$257', '商務單間:HK$257']"
泊辛頓酒店（寶雞高新高鐵南站店）,9.2,"['璽悦和風榻榻米:HK$173', '凱悦中式大床房:HK$195', '凱悦男士大床房:HK$195', '中式雙床房:HK$195', '凱悦女士大床房:HK$203']"
喆啡酒店（寶雞高新高鐵南站店）,9.5,"['醇享大床房:HK$236', '啡凡雙床房:HK$244', '啡凡大床房:HK$261', '商務雙床房:HK$279']"
寶雞萬福國際酒店,8.9,"['標準雙床房:HK$206', '豪華雙床房:HK$232', '豪華河景雙床房:HK$256', '豪華城景雙床房:HK$256', '行政大床房:HK$268']"
納蘭迪酒店（寶雞南站店）,9.6,"['雅緻雙床房:HK$255', '雅緻大床房:HK$281', '觀影大床房:HK$300', '觀影雙床房:HK$300', '豪華大床房:HK$304']"
寶雞大正國際酒店（鳳翔店）,9.5,"['高級雙床房（斯得福床品+智能客控系統）:HK$260', '特價大床房（智能客控）:HK$260', '豪華大床房（斯得福床品+智能客控系統）:HK$347', '行政套房（商務辦公+聚會+浴缸+智能客控系統）:HK$599', '歡樂親子套房（家庭聚會+浴缸+智能客控系統+智能馬桶）:HK$620']"
星程酒店（寶雞火車站國貿店）,9.7,"['高級大床房【星夢空間+酣然好夢】:HK$302', '高級雙床房【星夢空間+喚醒活力】:HK$321', '商務大床房【星夢空間+雲端夢境】:HK$349', '套房【星夢空間床墊】:HK$415']"
寶雞高新君悦國際酒店,9.1,"['雅緻雙床房:HK$213', '雅緻大床房:HK$236', '尊享大床房:HK$380', '豪華景觀套間:HK$494', '親子家庭房:HK$716']"
維也納國際酒店（寶雞高鐵站店）,9.6,"['高級雙床房:HK$220', '高級大床房:HK$220', '豪華大床房:HK$252', '豪華雙床房:HK$252', '浪漫大床房:HK$273']"
星程酒店（寶雞南站吾悦廣場店）,9.6,"['大床房【星夢空間床墊】:HK$349', '高級大床房【記憶棉枕+投屏電視】:HK$378', '高級雙床房【記憶棉枕+投屏電視】:HK$397', '家庭房【星夢空間+喚醒活力】:HK$426']"
寶雞三迪華美達酒店,9.4,"['商務大床房:HK$249', '商務雙床房:HK$249', '高級雙床房:HK$258', '高級大床房:HK$258', '清風凈化大床房:HK$305']"
西建酒店（寶雞行政中心店）,9.0,"['悦享精品城景雙床房（慕斯床墊+都市霓虹+高空景觀）:HK$214', '悦享躺平治癒大床房（靜謐空間+65寸超大電視）:HK$214', '樂享陽光雙床房（慕斯床墊+辦公桌椅）:HK$240', '豪享城景雙床房（慕斯床墊+城市景觀+大面積活動空間）:HK$257']"
寶雞豪門酒店,9.2,"['普通大床房:HK$161', '商務大床房:HK$184', '商務標準間:HK$184', '豪華標準間:HK$207']"
如家商旅酒店（寶雞行政大道中醫院東院區店）,9.5,"['商務大床房【智能馬桶+新風系統+65寸投屏電視】:HK$178', '雙床房【酣然入眠+智能馬桶+新風系統+65寸投屏】:HK$178', '高級大床房【舒適大空間+智能馬桶+65寸投屏電視】:HK$194', '高級雙床房【舒適大空間+智能馬桶+65寸投屏電視】:HK$194']"
牧馬星辰民宿,10.0,"['歡樂麻將大床房:HK$156', '美式豪華大床房:HK$177', '奢華大床房:HK$177', '觀景大床房:HK$177']"
IU酒店（寶雞雍城大道東湖店）,9.6,"['酷玩大床房:HK$212', '舒適雙床房:HK$221', '超級雙床房:HK$245']"
三迪佩斯酒店（寶雞行政中心高鐵站店）,8.8,"['特惠標準間C:HK$150', '景美商務間B:HK$161', '景美標準間B:HK$171', '靜享商務間A:HK$178']"
如家酒店·neo（寶雞英達路體育場店）,9.1,"['雙床房【卡座沙發+55寸投屏電視】:HK$160', '商務大床房【商務寫字桌+55寸投屏電視】:HK$168', '高級雙床房【安靜舒適+乾濕分離+55寸投屏電視】:HK$177', '高級大床房【私密空間+55寸投屏電視】:HK$185']"
寶雞建國飯店,9.5,"['高級標準間:HK$402', '商務雙床房:HK$421', '商務大床房:HK$421', '行政大床房:HK$527', '豪華大床房:HK$551', '歡樂親子雙床房:HK$676']"
奧斯頓酒店（寶雞高新區吉利工業園店）,9.1,"['姿享雙床房:HK$236', '姿享大床房:HK$244', '豪華商務大床房:HK$301', '親子主題房:HK$326']"
艾扉酒店（寶雞火車南站文理學院店）,9.5,"['艾扉大床房A:HK$163', '艾扉雙床房A:HK$163', '艾扉大床房:HK$182', '艾扉雙床房:HK$182']"
如家酒店·neo（寶雞鳳翔東湖北門店）,9.6,"['大床房【智能客控+55寸投屏電視】:HK$140', '雙床房【智能客控+55寸投屏電視】:HK$147', '商務大床房【智能客控+55寸投屏電視】:HK$156', '安心睡雙床房【智能客控+助眠床墊記憶枕】:HK$172']"
未來生活酒店（金台大道店）,9.3,"['未來-雅緻大床房:HK$174', '未來-雅緻雙床房:HK$174', '未來-巨幕觀影大床房:HK$184', '未來-行政大床房:HK$195']"
漢庭酒店（寶雞高新火車南站店）,9.5,"['雙床房:HK$264', '大床房:HK$264', '高級大床房:HK$283']"
寶雞行政中心高鐵南站亞朵酒店,9.5,"['雅緻大床房:HK$359', '高級雙床房:HK$380', '高級大床房:HK$400', '行政雙床房:HK$450', '行政大床房:HK$471']"
寶雞首宿電競酒店,9.3,"['投影大床房:HK$162', '棋牌雙床房:HK$181', '電競雙人床:HK$230', '電競大床房:HK$240']"
嘉隆國際酒店（寶雞火車站店）,9.2,"['雅緻標間:HK$205', '高級大床房:HK$216', '豪華套房:HK$410', '舒適三人間:HK$533']"
如家驛居酒店（鳳翔南大街時代廣場店）,9.4,"['高級大床房:HK$149', '高級雙床房:HK$149', '安心睡大床房:HK$174', '安心睡雙床房:HK$174']"
如家酒店（寶雞紅旗路勝利橋北店）,9.4,"['商務大床房:HK$141', '雙床房:HK$141', '高級大床房:HK$149', '高級雙床房:HK$149']"
中悦酒店（第五大道店）,8.9,"['精品大床房:HK$120', '雅緻雙床房:HK$120', '豪華大床房:HK$132', '舒適大床房:HK$146']"
寶雞海島王電競公寓,9.0,['輕奢五人電競間:HK$228']
歡漫酒店（寶雞金台大道店）,9.7,"['豪華大床房:HK$220', '豪華城景大床房:HK$242', '豪華城景雙床房:HK$242', '影院大床房:HK$287', '漫馨親子房:HK$298']"
錦江之星品尚（寶雞新福路店）,9.3,"['商務房C:HK$186', '商務房B:HK$206', '商務標準房B:HK$206', '商務房A:HK$217']"
如家酒店（鳳翔南大街時代廣場店）,9.6,"['大床房:HK$143', '商務大床房:HK$152', '雙床房:HK$161', '家庭房:HK$179']"
寶雞東嶺皇冠假日酒店,9.6,"['高級雙床房:HK$583', '高級大床房:HK$583', '高級河景大床房:HK$625', '高級河景雙床房:HK$671', '高級行政大床房:HK$774', '親子雙床房:HK$824']"
歐凱羅酒店（寶雞銀泰城店）,8.5,"['商務雙床房:HK$293', '靜馨雙人間:HK$315', '時尚大床房:HK$326', '清馨大床房:HK$336']"
寶雞九龍山國際温泉酒店,8.1,"['小溪山景·雙床房:HK$457', '温馨家庭房:HK$544', '清幽·大床房:HK$617', '山水一景·大床套房:HK$730']"
寶雞怡和酒店,8.3,"['舒適雙床房:HK$173', '豪華雙床房:HK$186', '豪華大床房:HK$212', '家庭套房:HK$359']"
全季酒店（寶雞火車站店）,9.5,"['大床房:HK$308', '高級大床房:HK$312', '雙床房:HK$321', '高級雙床房:HK$340']"
温漫居酒店（寶雞高新區文理學院店）,8.9,"['漫安居-淺微甜睡大床房「舒心安睡+乳膠床墊+高速WIFI」:HK$141', '漫語妙-玲瓏舒睡大床房「寧靜酣睡+乳膠床墊+採光明亮」:HK$152', '漫翠微-靜謐零壓大床房「雅緻靜逸+精緻睡眠+新風無霾」:HK$163', '漫煙嵐-靜謐零壓雙床房「雅緻靜逸+精緻睡眠+新風無霾」:HK$174']"
寶雞瀚瀾酒店,8.5,"['標準雙床房:HK$120', '標準大床房:HK$128', '主題圓床房:HK$136', '時尚豪華套房:HK$171']"
寶雞三迪酒店（行政中心店）,9.3,"['星選標準雙床房『獨立空調』:HK$155', '星悦標準大床房『獨立空調』:HK$163', '星悦高級大床房『獨立空調+公區提供自助洗衣機』:HK$170', '星選高級雙床房『獨立空調+公區提供自助洗衣機』:HK$170']"
鳳翔鐘樓酒店,9.4,"['輕奢舒適雙床房:HK$155', '臻選巨幕投影大床房:HK$159', '輕奢舒適大床房:HK$172', '尊享行政雙床房:HK$186']"
如家酒店·neo（寶雞火車站開元商城店）,9.5,"['雙床房A:HK$153', '大床房:HK$162', '高級雙床房:HK$179', '高級大床房:HK$179']"
寶雞有你民宿（三迪廣場店）,9.2,"['貳貴雙人大床房:HK$131', '壹和雙人大床房:HK$132', '伍福投影大床房:HK$134', '十美4K雙人投影大床房:HK$134']"
