酒店名称,评分,房型价格列表
巴中恩陽花間堂·米倉道,9.7,"['鴻米大床房:HK$630', '鴻米雙床房:HK$630', '澗米觀漣大床房:HK$725', '恬米大床房:HK$819', '巢米親子房:HK$913', '嵐米大床房:HK$1,196']"
巴中巴州希爾頓歡朋酒店,9.7,"['舒適大床房:HK$324', '舒適雙床房:HK$324', '高級雙床房:HK$368', '高級大床房:HK$368', '豪華大床房:HK$413']"
巴中恆豐飯店,9.5,"['優選大床房:HK$213', '優選雙床房:HK$213', '行政高級大床房:HK$278', '行政高級雙床房:HK$278', '智控高級大床房:HK$312']"
巴中利達酒店（城市廣場）,9.3,"['木韻靜居·輕居大床房（實木傢俱+獨立茶區）:HK$186', '木韻靜居·輕居雙床房（全實木+辦公桌）:HK$186', '木韻靜居·凈心大床房（全實木+辦公桌+大浴室鏡）:HK$195', '木韻靜居·凈心雙床房（實木傢俱+辦公桌+大浴室鏡）:HK$203', '江景雅居·舒心大床房（全實木-沙發-辦公桌-浴缸）:HK$218']"
巴中江北賓館,9.6,"['行政大床房:HK$323', '行政雙床房:HK$323', '智慧大床房:HK$342', '智慧雙床房:HK$342', '商務大床房:HK$347']"
巴中費爾頓大酒店,9.6,"['優選雙床房:HK$328', '優選大床房:HK$328', '豪華雙床房:HK$359', '豪華大床房:HK$359', '親子大床房:HK$436', '親子雙床房:HK$436']"
巴中秦川大酒店,9.6,"['高級大床房:HK$254', '高級雙床房:HK$254', '豪華大床房:HK$277', '豪華雙床房:HK$277', '豪華行政雙床房:HK$326']"
九寨山秋池酒店,9.7,"['商務大床房:HK$322', '豪華大床房:HK$379', '湖景大床房（西區）:HK$495', '湖景雙床房（西區）:HK$495']"
星程酒店（巴中王府井萬達廣場店）,9.8,"['大床房（65寸電視+零壓枕+小冰箱+恆温馬桶+按摩花灑）:HK$215', '高級大床房（65寸4K投屏+超大床+零壓枕+小冰箱）:HK$224', '高級雙床房 （家庭歡聚+65寸投屏+舒壓護頸+按摩花灑）:HK$252', '江景大床房（全景落地窗+65寸4K投屏+零壓枕+小冰箱）:HK$265']"
麗景圖騰酒店（巴中中泉國際廣場店）,9.7,"['特價雙床房:HK$205', '特價大床房:HK$214', '豪華標準間:HK$234', '豪華單間:HK$234', '豪華休閑房:HK$234']"
巴中智選假日酒店（王府井萬達廣場店）,9.3,"['高級房·超大床:HK$250', '高級房·2張雙人床:HK$250', '高級房:HK$250', '高級房（超大床，高樓層）:HK$299', '高級房（2張雙人床，高樓層）:HK$299']"
巴中興合陽光酒店,9.7,"['高級大床房【55寸電視可投屏+深睡床墊+小冰箱+浴缸】:HK$366', '高級雙床房【55寸電視可投屏+深睡床墊+小冰箱+浴缸】:HK$366', '豪華大床房【55寸電視可投屏+深睡床墊+小冰箱+浴缸】:HK$377', '豪華雙床房【55寸電視可投屏+深睡床墊+小冰箱+浴缸】:HK$377', '親子雙床房【小童遊玩設施+小冰箱+浴缸】:HK$440', '小黃鴨主題雙床房【小童遊玩設施+小冰箱+浴缸】:HK$440']"
麗楓酒店（巴中容邦萬達店）,9.4,"['豪華雙床房:HK$222', '雅緻大床房:HK$222', '豪華大床房:HK$239', '景觀大床房:HK$255', '景觀雙床房:HK$255']"
魔電未來酒店（中交王府景店）,9.9,"['Luxe浴缸大床房（4070顯卡+小度語音全智能）:HK$273', 'M.輕奢大床房（4060TI顯卡+小度語音全智能+酒店公區自助洗衣機）:HK$290', 'Luxe.輕奢雙床房（4070顯卡+小度語音全智能+酒店公區自助洗衣機）:HK$306', 'M.競技三人間（4060TI顯卡+小度語音全智能+酒店公區自助洗衣機）:HK$405']"
巴中嘉騰酒店,9.4,"['豪華雙床房:HK$323', '精緻大床房:HK$382', '舒適大床房:HK$480', '舒適雙床房:HK$480']"
維也納國際酒店（巴中大東門店）,9.4,"['標準單人房:HK$214', '標準雙人房（無窗）:HK$214', '豪華單人房:HK$247', '豪華雙人房:HK$256', '觀景大床房:HK$300']"
月光之星酒店（巴中市火車站財富廣場店）,9.3,"['月光雅緻雙床房·健康純水機+AI醫生服務:HK$207', '月光雅緻大床房（健康純水機-特大床+AI醫生服務）:HK$218', '月光高級大床房（健康純水機-特大床-AI醫生服務）:HK$270', '月光優享大床房（健康純水機-特大床-AI醫生服務）:HK$283', '月光高級雙床房（健康純水機）:HK$283']"
智逸假日酒店（巴中高鐵東站店）,9.3,"['特惠智逸大床房:HK$171', '特惠智逸雙床房:HK$182', '智逸大床房:HK$194', '智逸雙床房:HK$198']"
麗楓酒店（巴中恩陽古鎮店）,9.3,"['豪華大床房（智能客控+慕思床墊）:HK$256', '豪華雙床房（智能客控+慕思床墊）:HK$260', '商務大床房（智能客控+慕思床墊）:HK$260', '景觀大床房（智能客控+慕思床墊）:HK$286']"
錦宸柏悦酒店（恩陽古鎮店）,9.3,"['錦宸 甄選大床房:HK$215', '錦宸 豪華大床房:HK$246', '錦宸 豪華雙床房:HK$260', '錦宸 輕奢棋牌房:HK$285']"
金色時光酒店（巴中火車東站店）,9.5,"['簡約雙人間（舒適床墊+智能馬桶）:HK$187', '精緻大床房（舒適床墊+智能馬桶）:HK$188', '豪華商務房（舒適床墊+智能馬桶+自助洗衣房）:HK$203', '豪華雙人間（舒適床墊+智能馬桶）:HK$210']"
巴中福祥居（恩陽古鎮店）,9.6,"['半窗疏影:HK$435', '逸養凡塵:HK$544', '鹿鳴深處:HK$763']"
全季酒店（巴中南壩店）,9.5,"['高級大床房:HK$274', '商務雙床房（65寸4K投屏+金可兒床墊+專業茶具）:HK$293', '商務大床房（靜謐雅緻+65寸4K投屏+金可兒床墊+小冰箱）:HK$302', '城市景觀雙床房（65寸4K投屏+金可兒床墊+小冰箱）:HK$312']"
錦江之星品尚（巴中廣福街店）,9.6,"['（新品）特價大床房:HK$144', '標準雙床房:HK$165', '標準大床房:HK$185', '高級大床房:HK$195']"
豐裕酒店（巴中西站恩陽機場店）,8.7,"['智能優享大床房:HK$232', '智能優享雙床房:HK$245', '智能靜享大床房:HK$248', '智能靜享雙床房:HK$257', '行政套房:HK$634']"
巴中戴斯酒店（王府井萬達廣場店）,9.1,"['躺平治癒·輕奢大床房（辦公桌+沙發椅+minibar）:HK$212', '躺平治癒花園景·清雅雙床房（沙發椅+minibar）:HK$212', '躺着看日落江景·輕奢雙床房（沙發椅+化粧鏡）:HK$223', '躺着看日落·超級大床房（全屋地毯+沙發椅+化粧鏡）:HK$223']"
巴中興州酒店,8.5,"['商旅雙床房:HK$222', '商旅大床房:HK$222', '豪華標準間:HK$249', '豪華大床房:HK$249']"
途麥豪斯大酒店（巴中江北店）,9.0,"['漫居|雅悦大床房:HK$217', '漫居|雅悦雙床房【舒適睡眠】:HK$230', '雲尚|豪華大床房【柔軟床品】:HK$236', '雲尚|豪華雙床房【管家服務 &購物便捷】:HK$248']"
巴中金鑫鴻玉酒店（市中醫院巴中中學龍湖校區店）,9.9,"['特惠|經濟大床房（酒店公區提供洗衣房）:HK$156', '特惠|經濟雙床房（酒店公區提供洗衣房）:HK$163', '輕奢|舒適大床房（酒店公區提供洗衣房）:HK$180', '輕奢|舒適雙床房（酒店公區提供洗衣房）:HK$185']"
巴中錦泰主題酒店,9.7,"['商務標間:HK$156', '商務單間:HK$156', '歐式圓床房（電動床+浴缸）:HK$173', '深海貝殼房（電動床+沖浪浴缸）:HK$173']"
巴中天越岷山飯店,9.6,"['致臻江景套房:HK$7,841']"
巴中婲主題酒店（中泉國際廣場店）,9.5,"['普通大床房（酒店公區提供自助洗衣）:HK$156', '普通雙床房（酒店公區提供自助洗衣）:HK$163', '温馨大床房（酒店公區提供自助洗衣）:HK$180', '温馨雙床房（酒店公區提供自助洗衣）:HK$185']"
米倉驛站酒店（匯金廣場店）,9.6,"['豪華大床房:HK$138', '豪華雙床房:HK$156', '親子家庭房:HK$243']"
可拉熊酒店（巴中容邦萬達廣場中學龍湖校區店）,8.9,"['小熊普通單間【全屋智能+零壓乳膠床墊+公區洗衣機】:HK$198', '小熊商務標間【全屋智能+零壓乳膠床墊+酒店公區洗衣機】:HK$223', '小熊商務單間【全屋智能+零壓乳膠床墊+酒店公區洗衣機】:HK$236', '小熊豪華單間【全屋智能+零壓乳膠床墊+酒店公區洗衣機】:HK$248']"
巴中金鱗酒店（容邦萬達店）,9.1,"['城景雙床房【安睡床墊+酒店公區自助洗衣房】:HK$127', '城景大床房【安睡床墊+酒店公區自助洗衣房】:HK$127', '臻享大床房【安睡床墊+酒店公區自助洗衣房】:HK$138', '臻享雙床房【安睡床墊+酒店公區自助洗衣房】:HK$138']"
君源酒店,9.3,"['星空大床房:HK$141', '商務標間:HK$151', '街景大床房:HK$163', '婚慶大床房:HK$184']"
巴中小七民宿酒店（南灣國際店）,9.3,"['粉色摩洛哥温馨大床房:HK$103', '粉色摩洛哥舒適大床房:HK$109', '波西米亞温馨大床房:HK$159', '波西米亞舒適大床房:HK$171']"
鴻運·千禧酒店（巴中市中心醫院店）,9.2,"['鴻運-雅緻單間:HK$119', '千禧-清雅雙床房:HK$129', '千禧-清雅大床房:HK$139', '逸緻-都市街景大床房:HK$169']"
巴中雲上青山民宿,9.8,"['豪華觀景標準間:HK$216', '獨棟套房套一:HK$293', '豪華獨棟親子套房套二:HK$424', '豪華森林小院大床房:HK$424']"
巴中麗陽商務酒店（巴州區迴風亭店）,8.8,"['特價房:HK$114', '舒適單間:HK$136', '舒適標準間:HK$136', '豪華單間:HK$148']"
文錦酒店公寓（恩陽店）,9.5,"['舒適套房:HK$145', '精品雙床房:HK$156', '精品小套房:HK$165', '清幽三居室:HK$267']"
弘恩智能酒店,9.4,"['高級智能大床房:HK$217', '雅緻智能大床房（智能小度）:HK$234', '雅緻智能雙床房（智能小度）:HK$258', '弘恩智能花園房（智能小度）:HK$289']"
巴中海馨賓館,9.5,"['經濟舒適房:HK$118', '温馨舒適房:HK$129', '休閑舒適房:HK$129', '豪華大床房:HK$151']"
雅丁酒店（江北廣場草壩街店）,9.2,"['玲瓏投影大床房:HK$112', '雅緻大床房:HK$119', '高級大床房:HK$136', '高級雙床房:HK$136']"
茂源賓館,8.8,"['大床房:HK$128', '豪華雙人間:HK$136', '家庭房:HK$234', '豪華大床房:HK$303']"
巴中心園賓館,9.4,"['特惠單人間:HK$137', '豪華單人間:HK$157', '豪華標準麻將房:HK$217', '豪華大床麻將房:HK$217']"
巴中金府賓館,9.1,"['商務大床房:HK$123', '豪華單間:HK$152', '豪華標準房:HK$166', '機麻標間:HK$204']"
巴中茗道商務酒店（巴中東高鐵站店）,8.8,"['豪華大床房:HK$170', '輕奢大床房:HK$194', '星空房:HK$197', '豪華雙人間:HK$213']"
巴中鹽業大酒店,9.0,"['清新雙床房:HK$158', '優雅商務雙床房:HK$170', '優雅商務大床房:HK$171']"
金來福賓館（巴中萬達廣場店）,9.2,"['清新格調大床房:HK$98', '輕雅舒適雙床房:HK$109', '豪華大床房:HK$112', '温馨靜雅大床房:HK$112']"
