酒店名称,评分,房型价格列表
柏雅酒店（庫爾勒塔里木油田項目公司店）,9.4,"['特惠雙床房:HK$252', '高級大床房:HK$280', '影音雙床房:HK$297', '行政大床房:HK$297']"
庫爾勒金鳳凰商務酒店（大巴扎孔雀河店）,9.3,"['雅緻大床房（無窗）:HK$208', '雅緻雙床房（無窗）:HK$208', '舒適雙床房:HK$259', '舒適大床房:HK$259']"
庫爾勒楓丹白露國際酒店,9.8,"['風吟全景雙床房（釋壓床墊+解壓逍遙椅+零壓記憶枕）:HK$434', '風吟全景大床房（釋壓床墊+解壓逍遙椅+零壓記憶枕）:HK$434', '雅敍私享雙床房（智能客控+零壓床墊+解壓逍遙椅）:HK$489', '雅敍私享大床房（智能客控+零壓床墊+解壓逍遙椅）:HK$489', '頌章尊享雙床房（智能客控+慕思床墊+按摩椅+小冰箱）:HK$566', '頌章尊享大床房（智能客控+記憶枕+慕思床墊+小冰箱）:HK$566']"
如家酒店·neo（庫爾勒石化大道9號倉店）,9.7,"['高級大床房（可投屏55寸電視+酒店提供自助洗衣房）:HK$251', '商務大床房（可投屏65寸電視+酒店提供自助洗衣房）:HK$277', '雙床房（可投屏65寸電視+酒店提供自助洗衣房）:HK$296', '安心睡大床房（夢百合零壓床墊+記憶枕+酒店提供自助洗衣房）:HK$314']"
正軒酒店（天鵝河市政府店）,9.7,"['特惠大床房:HK$486', '高級大床房:HK$521', '高級雙床房:HK$521', '豪華雙床房:HK$538']"
希岸酒店（庫爾勒機場路東方物探店）,9.7,"['希岸高級大床房（智能客控+電動窗簾+加濕器）:HK$297', '玲瓏大床房（智能客控+電動窗簾+加濕器）:HK$302', '希岸高級雙床房（智能客控+電動窗簾+加濕器）:HK$312', '希岸豪華大床房（智能客控+電動窗簾+加濕器）:HK$351']"
欐楓都城酒店（庫爾勒孔雀河石化大道店）,9.1,"['靜享丨零壓舒眠大床房（深度睡眠+智能客控+新風循環）:HK$218', '輕氧丨雙床靜音房（深度睡眠+智能客控+新風循環）:HK$240', '輕奢丨智享大床房（深度睡眠+智能客控+舒適床品）:HK$316', '輕奢丨智享雙床房（深度睡眠+智能客控+舒適床品）:HK$349', '臻享丨雲端深睡大床房（智能客控+舒適床品）:HK$361']"
庫爾勒君潤酒店（庫爾勒站店）,9.6,"['特惠雙床房‖全屋智控+酒水吧枱小冰箱:HK$433', '特惠大床房‖VIP沉浸視聽+杜比音效:HK$433', '君逸雙床房‖全屋智控+酒水吧枱小冰箱:HK$470', '君尚影音日式輕居榻榻米‖高清巨幕VIP沉浸視聽+杜比音效:HK$470', '君悦雙床房‖全屋智控+酒水吧枱小冰箱:HK$507']"
西海半島度假酒店,9.7,"['豪華大床房:HK$301', '豪華雙床房:HK$310', '豪華時尚套房:HK$318', '時尚雙床房:HK$355']"
全季酒店（庫爾勒領尚幸福天地店）,9.6,"['大床房【小米加濕器+可投屏65寸電視+電動窗簾】:HK$372', '高級雙床房【小米加濕器+可投屏65寸電視+電動窗簾】:HK$372', '高級大床房【小米加濕器+可投屏65寸電視+電動窗簾】:HK$391', '舒壓高級雙床房【小米加濕器+可投屏65寸電視】:HK$391']"
希玥酒店（庫爾勒孔雀河人民廣場店）,9.2,"['智能輕奢大床房丨語音客控+乾濕分離+小冰箱:HK$404', '智能豪華大床間丨語音客控+乾濕分離+小冰箱:HK$444', '智能豪華標間丨語音客控+乾濕分離+小冰箱+加濕器:HK$465', '智能豪華陽光大床房＋270度全景落地窗+城市夜景:HK$521', '智能豪華陽光雙床房＋270度全景落地窗+城市夜景:HK$541']"
漢庭酒店（庫爾勒市政府店）,9.0,"['大床房:HK$265', '高級大床房:HK$285', '高級雙床房:HK$285', '家庭房:HK$354']"
庫爾勒摩登四季酒店（新滙嘉店）,9.3,"['旅居浪漫大床房:HK$297', '豪華商務雙床房:HK$309', '豪華商務大床房:HK$328', '陽光行政親子房:HK$417', '豪華浴缸大床房:HK$476']"
庫爾勒孔雀河公園亞朵酒店,9.5,"['高級大床房（記憶枕+可觀景+可投屏）:HK$475', '幾木雙床房（深睡枕+冰箱+觀景）:HK$537', '行政大床房（記憶枕+冰箱+觀景）:HK$537', '幾木親子雙床房（深睡枕+冰箱+觀景）:HK$628', '幾木大床房（深睡枕+小冰箱+可觀景）:HK$691']"
焉耆天福酒店,9.2,"['瑞福軒-雙床房:HK$347', '錦福軒-大床房:HK$391', '映福軒-湖景雙床房:HK$424', '福悦童趣-豪華親子房:HK$642', '福臻雲邸-豪華套房:HK$752']"
柏曼酒店（庫爾勒孔雀河店）,9.4,"['舒適單床房（空氣凈化器）:HK$226', '標準大床房（空氣凈化器）:HK$255', '商務大床房:HK$269', '商務雙床房:HK$305']"
庫爾勒半城酒店（孔雀河店）,9.2,"['高級優享雙床房（智能客控||新風循環）:HK$501', '高級優享大床房（智能客控||新風循環）:HK$501', '高級內景景觀大床房（新風系統+智能客控）:HK$534', '高級內景景觀雙床房（新風系統+智能客控）:HK$534', '豪華大床房（全屋智能客控）:HK$731']"
和靜喜悦酒店,9.2,"['特惠房:HK$303', '靜謐雙床房（新風系統+品牌床墊+乾濕分離+投屏）:HK$382', '靜謐大床房（新風系統+品牌床墊+乾濕分離+投屏）:HK$382', '欣悦三人間（新風系統+品牌床墊+乾濕分離+投屏）:HK$505', '行政雙床房（新風系統+品牌床墊+乾濕分離+投屏）:HK$526']"
祥和酒店（庫爾勒孔雀河石化大道店）,9.4,"['特惠大床房:HK$259', '特惠標準間:HK$265', '温馨大床房:HK$291', '雅居標準間:HK$294']"
季楓酒店（庫爾勒人民廣場店）,9.5,"['特惠雙床房（65寸可投屏電視+乾濕分離衞浴）:HK$367', '特惠大床房（65寸可投屏電視+乾濕分離衞浴）:HK$367', '高級大床房（恆温馬桶+65寸可投屏電視）:HK$393', '高級雙床房（恆温馬桶+65寸可投屏電視）:HK$393']"
庫爾勒瀾都精品酒店（孔雀河店）,9.4,"['梨城風情標準間（羽絨枕+天鵝夜景+深睡床墊）:HK$353', '孔雀河中式雙床房（孔雀河夜景+羽絨枕）:HK$365', '孔雀河舒適單人間（天鵝夜景+羽絨枕+深睡床墊）:HK$372', '孔雀河中式大床房（羽絨枕+河邊夜景）:HK$386']"
蘭歐酒店（博湖人民政府店）,9.6,"['蘭歐智能大床房（智能客控+小冰箱）:HK$204', '蘭歐豪華大床房（智能客控+小冰箱+沙發）:HK$216', '蘭歐智能雙床房（智能客控+小冰箱）:HK$222', '蘭歐豪華雙床房（智能客控+小冰箱+空間大）:HK$228']"
ZMAX滿兮酒店（庫爾勒塔指東路店）,9.6,"['兩張床XL:HK$383', '一張床XL:HK$383', '一張床XXL（網紅+時尚）:HK$416', '兩張床XXL:HK$427', '有個浴缸MAX（輕奢大床房）:HK$438']"
如家派柏雲酒店（庫爾勒孔雀河店）,9.2,"['心怡大床房:HK$240', '優選雙床房:HK$272', '温馨親子房:HK$304']"
錦江都城酒店（庫爾勒孔雀河樓蘭不夜城店）,9.5,"['都會雙床房:HK$360', '風雅大床房:HK$373', '時尚大床房:HK$389', '影院大床房:HK$398', '行政套房:HK$448']"
庫爾勒希爾頓之約大酒店,8.8,"['特惠大|智能語音+城市夜景:HK$275', '芊芊學子雙床房|智能語音+城市夜景:HK$322', '零壓精緻雙床房|全屋智能+喜臨門床墊:HK$424', '觀景豪華浴缸房|全屋智能+城市夜景:HK$445']"
焉耆銀都商務酒店（人民廣場美食街夜市店）,9.5,"['巨幕·投影逸趣大床房【智能客控+小冰箱+100寸巨幕】:HK$251', '巨幕·投影逸趣雙床房【100寸巨幕+智能客控+小冰箱】:HK$261', '未來·雅韻尊享大床房【卡座沙發+mini冰箱+智能客控】:HK$272', '未來·雅韻尊享雙床房【mini冰箱+智能客控+卡座沙發】:HK$283']"
萬和酒店（庫爾勒塔里木油田公司孔雀河店）,9.2,"['經濟雙床房:HK$283', '主題大床房（無窗）:HK$283', '標準雙床房:HK$389', '高級雙床房:HK$410']"
尉犁太陽古城蘭歐國際酒店,9.5,"['智能高級雙床房（智能客控+智能馬桶+MINI冰箱）:HK$360', '蘭錦豪華雙床房（智能客控+智能馬桶+MINI冰箱）:HK$384', '蘭錦豪華大床房（智能客控+智能馬桶+MINI冰箱）:HK$407', '蘭錦行政雙床房（智能客控+智能馬桶+MINI冰箱）:HK$407', '蘭錦行政大床房（智能客控+智能馬桶+飛科加濕器）:HK$439']"
巴州庫爾勒雲季酒店,9.4,"['悦享觀影標準房（小度全屋智能）:HK$192', '悦享觀影大床房（全屋智能）:HK$197', '雅緻觀影大床房（全屋智能）:HK$229', '雅緻觀影標準房（全屋智能）:HK$229']"
龍苑酒店（焉耆縣人民廣場店）,9.4,"['特選·安心大床房:HK$360', '特選·安心雙床房:HK$374', '至臻·臻享大床房:HK$412', '至臻·臻享雙床房:HK$412']"
全季酒店（庫爾勒九鼎市場店）,9.6,"['大床房:HK$461', '雙床房:HK$461', '高級大床房:HK$480']"
庫爾勒博斯騰賓館,9.7,"['特惠雙床房（有窗）:HK$461', '經典智能大床房+智能客控+加濕器+小冰箱:HK$525', '經典智能雙床房:HK$525', '特惠大床房（加濕器+小冰箱）:HK$536', '智能親子雙床房·智能客控:HK$536']"
萬信至格酒店（庫爾勒二師醫院巴州衞校店）,9.7,"['靜謐雙床房:HK$187', '舒適大床房:HK$351', '豪華大床房:HK$357', '舒適雙床房:HK$359']"
你好酒店（庫爾勒市政府店）,9.6,"['高級大床房【65寸智能可投屏電視+金可兒床墊】:HK$279', '商務大床房【65寸智能可投屏電視+金可兒床墊】:HK$325', '高級雙床房【65寸智能可投屏電視+恆温馬桶】:HK$335', '商務雙床房【65寸智能可投屏電視+金可兒床墊】:HK$363']"
全季酒店（庫爾勒市政府店）,9.6,"['雙床房【金可兒床墊+乾濕分離衞浴+可投屏65寸電視】:HK$409', '高級大床房【金可兒床墊+恆温馬桶+可投屏65寸電視】:HK$428', '舒壓雙床房【舒壓床墊枕頭+冷藏小冰箱+拾趣功夫茶具】:HK$446', '舒壓大床房【舒壓床墊枕頭+冷藏小冰箱+法國精油洗護】:HK$465']"
庫爾勒美豪尚層酒店（人民廣場店）,9.5,"['擷春|大床房:HK$207', '擷春|雙床房:HK$219', '沐夏|大床房:HK$249', '拾秋|大床房:HK$258']"
雅緹酒店（庫爾勒滙嘉時代廣場店）,9.6,"['雅緻內景大床房（全屋智能）:HK$333', '雅緻內景雙床房（全屋智能）:HK$333', '高級大床房:HK$359', '高級雙床房:HK$380']"
城市便捷酒店（庫爾勒開發區管委會店）,9.6,"['優享大床房:HK$290', '風雅大床房:HK$392', '風雅雙床房:HK$416', '城市之光童馨親子房:HK$448']"
焉耆天塞酒莊,9.9,['標準雙床房丨主樓:HK$518']
麗楓酒店（庫爾勒石化大道店）,9.5,"['雅緻雙床房【慕斯床墊+空氣凈化+香薰加濕+淋浴音樂】:HK$279', '雅緻大床房【慕斯床墊+空氣凈化+香薰加濕+淋浴音樂】:HK$290', '豪華雙床房【慕斯床+香薰加濕+凈化器+冰箱+淋浴音樂】:HK$322', '豪華親子房【慕斯床+香薰加濕+凈化器+冰箱+淋浴音樂】:HK$333']"
摩登S酒店,8.6,"['摩登旅居浪漫大床房:HK$307', '摩登豪華雙床房:HK$324', '摩登豪華大床房:HK$324', '摩登行政大床房:HK$342']"
博雅麗景酒店（巴音布魯克店）,9.7,"['輕奢斜頂雙床房（電動天簾+智能馬桶）:HK$732', '輕奢斜頂影院雙床房（電動天簾+投影+浴缸+智能馬桶）:HK$754', '行政豪華雙床房（全屋地暖+三區分離+智能窗簾+智能馬桶）:HK$773', '特惠雙床房（全屋地暖+三區分離+智能窗簾+智能馬桶）:HK$874', '博雅高級大床房（全屋地暖+三區分離+智能窗簾+智能馬桶）:HK$939']"
桔子酒店（庫爾勒市政府店）,9.5,"['高級大床房【65寸可投屏電視+金可兒床墊+冷藏小冰箱】:HK$480', '高級雙床房【65寸可投屏電視+金可兒床墊+冷藏小冰箱】:HK$480', '商務大床房【65寸可投屏電視+金可兒床墊+冷藏小冰箱】:HK$499', '商務雙床房【65寸可投屏電視+金可兒床墊+冷藏小冰箱】:HK$518', '套房【65寸可投屏電視+金可兒床墊+冷藏小冰箱】:HK$669']"
庫爾勒西尼爾大酒店（梨城機場店）,9.3,"['舒適雙床房:HK$249', '舒適大床房:HK$271', '豪華榻榻米房:HK$271', '豪華套房:HK$375']"
和靜陌然酒店,8.5,"['商務雙床房（全屋智控+恆温馬桶+凈水系統）:HK$381', '無障礙雙床房（全屋智控+恆温馬桶+凈水系統）:HK$396', '豪華雙床房（全屋智控+恆温馬桶+凈水系統）:HK$398', '豪華大床房:HK$398', '巨幕親子雙床房（全屋智控+恆温馬桶+凈水系統）:HK$519']"
庫爾勒梨城百和酒店,9.2,"['商務單間:HK$347', '豪華單間:HK$347', '豪華標間:HK$358', '商務標間:HK$358']"
庫爾勒璞居酒店（新滙嘉歡樂海岸店）,9.2,"['標準大床房丨小冰箱+加濕器:HK$315', '標準雙床房丨小冰箱+加濕器:HK$315', '經典大床房丨小冰箱+加濕器:HK$376', '經典雙床房丨小冰箱+加濕器:HK$376', '商務大床房丨小冰箱+加濕器:HK$436']"
庫爾勒樓蘭賓館,9.2,"['標準間:HK$324', '大床房:HK$324', '商務單間:HK$402', '商務標間:HK$402', '小套間:HK$634']"
桔子酒店（庫爾勒塔指東路店）,9.3,"['加州陽光大床房（金可兒床墊+智能化語音）:HK$465', '月若流金豪華雙床房（金可兒床墊+智能化語音）:HK$465', '豪華大床房（金可兒床墊+智能化語音）:HK$493', '月若流金親子房（金可兒床墊+智能化語音）:HK$521']"
