酒店名称,评分,房型价格列表
常州武進科教城亞朵酒店,9.7,"['高級雙床房:HK$421', '高級大床房:HK$439', '行政大床房:HK$457', '幾木雙床房:HK$475', '幾木大床房:HK$493']"
常州青果巷松健堂酒店,9.7,"['秀毓大床房:HK$542', '秀毓雙床房:HK$584', '松珀軒複式房:HK$894', '月恆居庭院大床房:HK$900', '松珀軒複式庭院房:HK$1,036']"
常州恐龍園奧體中心桔子水晶酒店,9.8,"['高級大床房[65寸電視可投屏+藍牙音箱]:HK$420', '豪華大床房[65寸電視可投屏+藍牙音箱]:HK$458', '高級雙床房[65寸電視可投屏+藍牙音箱]:HK$468', '商務大床房[65寸電視可投屏+藍牙音箱]:HK$497', '豪華雙床房[65寸電視可投屏+藍牙音箱]:HK$506']"
九洲環宇大酒店（常州火車站天寧寺店）,9.5,"['高級大床房:HK$304', '主題標準房:HK$326', '主題影院大床房:HK$348', '豪華大床房:HK$402', '豪華雙床房:HK$402']"
常州文璞酒店,9.6,"['豪華雙床房:HK$726', '豪華大床房:HK$727', '尊享大床房:HK$839', '悠享大床房:HK$839', '行政大床房:HK$949', '文悦園景套房:HK$1,057']"
亞朵酒店（常州恐龍園店）,9.8,"['高級大床房（65寸電視＋投屏）:HK$464', '高級雙床房（65寸電視+投屏）:HK$492', '行政大床房（65寸電視+投屏+深睡記憶枕）:HK$492', '幾木大床房（65寸電視+投屏+冰箱茶飲+浴袍）:HK$576', '幾木雙床房（65寸電視+投屏+冰箱茶飲+浴袍）:HK$586']"
常州常青里亞朵酒店,9.7,"['高級大床房:HK$403', '行政雙床房:HK$421', '行政大床房:HK$421', '尊享大床房:HK$475', '尊享雙床房:HK$475']"
常州青果巷新棠酒店（常州站店）,9.6,"['雅緻大床房:HK$320', '高級大床房:HK$356', '景觀大床房:HK$425', '豪華雙床房:HK$567', '露台大床房:HK$676']"
常州文雋精選酒店（環球恐龍城萬達廣場店）,9.6,"['高級大床房（投屏電視+空氣凈化器）:HK$358', '高級雙床房（投屏電視+空氣凈化器）:HK$368', '豪華大床房（投屏電視+空氣凈化器）:HK$394', '豪華雙床房（投屏電視+空氣凈化器）:HK$442', '豪華單房公寓（投屏電視+空氣凈化器）:HK$534']"
中天西太湖度假酒店,9.9,"['豪華雙床房:HK$458', '豪華大床房:HK$500', '豪華套房:HK$785', '園林別墅:HK$5,045']"
常州火車站南大街亞朵酒店,9.7,"['高級大床房:HK$403', '高級雙床房:HK$403', '行政雙床房:HK$484', '行政大床房:HK$484', '幾木套房:HK$565']"
常州火車站青果巷漫心酒店,9.8,"['心享豪華雙床房（Sealy絲漣床墊+智能客控+電視可投屏）:HK$362', '心怡標準大床房（Sealy絲漣床墊+智能客控+電視可投屏）:HK$362', '城市海岸雙床房（Sealy絲漣床墊+智能客控+電視可投屏）:HK$422', '心悦高級大床房（Sealy絲漣床墊+智能客控+電視可投屏）:HK$422', '心享豪華大床房（Sealy絲漣床墊+智能客控+電視可投屏）:HK$491']"
常州中吳賓館,9.6,"['玉蘭苑豪華雙床房:HK$896', '玉蘭苑豪華大床房:HK$896', '玉蘭苑豪華景觀雙床房:HK$945', '玉蘭苑豪華景觀大床房:HK$945', '玉蘭苑豪華湖景大床房:HK$995', '玉蘭苑豪華湖景雙床房:HK$995']"
常州星河萬麗酒店,9.5,"['高級湖景大床房:HK$739', '高級湖景雙床房:HK$739', '豪華湖景大床房:HK$802', '豪華湖景雙床房:HK$802', '行政湖景大床房:HK$1,057', '行政湖景雙床房:HK$1,057']"
常州新城希爾頓酒店,9.6,"['希爾頓大床房:HK$576', '希爾頓雙床房:HK$576', '豪華雙床房:HK$606', '豪華大床房:HK$613', '全景大床房:HK$731', '行政大床房:HK$882']"
常州金壇希爾頓歡朋酒店,9.7,"['舒適大床房:HK$345', '高級大床房:HK$365', '高級雙床房:HK$365', '豪華大床房:HK$383', '豪華雙床房:HK$383']"
常州遠洲酒店,9.5,"['高級大床房:HK$430', '高級雙床房:HK$430', '商務雙床房:HK$466', '商務大床房:HK$467', '豪華大床房:HK$482', '行政大床房:HK$636']"
常州開元名都大酒店,9.7,"['開元標準大床房:HK$655', '開元市景大床房:HK$688', '開元市景雙床房:HK$688', '豪華大床房:HK$797', '豪華雙床房:HK$797', '行政大床房:HK$906']"
曼美·文禧居酒店（常州高鐵北站店）,9.6,"['零壓商務雙床房:HK$308', '零壓商務大床房:HK$308', '零壓豪華影院大床房:HK$351', '零壓行政大床房:HK$395']"
常州西廬文棲酒店,9.7,"['豪華大床房:HK$654', '南廂大床房:HK$764', '庭院大床房:HK$993', '庭院雙床房:HK$993', '庭院尊享大床房:HK$1,102']"
晴天民宿（常州中華恐龍園店）,9.7,"['恐龍樂園:HK$379', '快樂恐龍:HK$379', '浩瀚星海:HK$379', '遇見恐龍:HK$379']"
雷克泰國際酒店（高鐵北站店）,9.7,"['雅緻舒睡大床房:HK$261', '高級景觀雙床房:HK$268', '豪華景觀雙床房:HK$318', '高級景觀大床房:HK$325', '温馨親子家庭房:HK$368']"
麗呈別院酒店（常州春秋淹城新天地公園地鐵站店）,9.6,"['豪華大床房「冰箱+智能音控+零壓床墊」:HK$474', '豪華雙床房「冰箱+智能音控+零壓床墊」:HK$474', '影音房「100寸硬屏巨幕+JBL環繞音響+冰箱 +零壓床墊」:HK$508', '全景大床房「落地窗+智能音控+冰箱+零壓床墊」:HK$508', '景觀大床房「開闊視野落地窗+智能音控+冰箱+零壓床墊」:HK$593']"
常州金陵江南大飯店,8.8,"['高級標準間:HK$306', '高級大床間:HK$306', '商務標準間:HK$413', '商務大床間:HK$413', '豪華標準間:HK$511', '豪華大床間:HK$511']"
常州富力萬達嘉華酒店,9.3,"['豪華雙床房（全景落地窗+斯林百蘭床墊+Acca Kappa洗護）:HK$640', '豪華水慕斯智眠房（可升降按摩床+水慕斯體膜浴機）:HK$651', '高級豪華大床房（全景落地窗+Acca Kappa洗護）:HK$672', '高級豪華雙床房（全景落地窗+Acca Kappa洗護）:HK$686', '行政豪華大床房:HK$863', '行政豪華雙床房（全景落地窗+Acca Kappa洗護+高樓層）:HK$863']"
恐龍人俱樂部酒店（常州中華恐龍園官方店）,9.5,"['部落高級大床間:HK$840', '部落高級雙人間:HK$840', '考古帳篷高級大床間:HK$949', '部落花園大床房:HK$949', '部落花園雙床房:HK$949']"
常州九洲新世界智選假日酒店（青果巷店）,9.7,"['高級房大床（65寸可投屏電視）:HK$300', '高級房雙床（65寸可投屏電視）:HK$300', '智選影音房:HK$301', '高級特大床房（可投屏電視）:HK$332', '高級房超大床更大面積（65寸可投屏電視）:HK$362']"
常州華美達國際大酒店,9.4,"['高級大床房:HK$413', '商務雙床房:HK$494', '商務大床房:HK$494', '豪華大床房:HK$557', '豪華雙床房:HK$558', '景觀大床房:HK$574']"
美豪酒店（常州恐龍園旗艦店）,9.7,"['英倫大床房:HK$315', '英倫雙床房:HK$326', '影院雙床房:HK$337', '雅緻影院房:HK$392', '影院大床房:HK$417']"
常州嘉宏美爵酒店,9.6,"['豪華大床房:HK$309', '豪華雙床房:HK$309', '高級大床房:HK$351', '精選大床房:HK$363', '精選雙床房:HK$363', '高級雙床房:HK$373']"
曼美M酒店（常州奧體中心恐龍園店）,9.5,"['榻榻米大床房【躺平治癒+貼身釋壓床墊+電視投屏+小度智能客控】:HK$222', '悠享大床房【悦享追劇+貼身釋壓床墊+極米高清投影+小度語音客控】:HK$232', '雅緻大床房【陽光滿溢+貼身釋壓床墊+極米巨幕投影+小度語音客控】:HK$238', '商務影院雙床房【商務辦公+零壓床墊+極米高清投影+小度智能聲控】:HK$251']"
天目湖遇·碧波園酒店,9.8,"['雅緻大床房:HK$872', '園景大床房:HK$1,090', '豪華園景大床房:HK$1,199', '湖景大床房:HK$1,527', '豪華湖景大床房:HK$1,636']"
常州奧體明都國際飯店,9.7,"['高級大床房:HK$501', '高級雙床房:HK$501', '親子大床房:HK$533', '夢百合0壓大床房（帶0壓床墊+記憶枕）:HK$541', '夢百合0壓雙床房（帶0壓床墊+記憶枕）:HK$541']"
文驛·宋酒店（常州恐龍園萬達廣場店）,9.5,"['零壓雅軒大床房【全屋智能客控+安心織物除菌櫃】:HK$379', '零壓麗居雙床房【全屋智能客控+安心織物除菌櫃】:HK$430', '零壓麗居大床房【全屋智能客控+安心織物除菌櫃】:HK$430', '零壓麗軒雙床房【全屋智能客控+安心織物除菌櫃】:HK$468', '零壓麗軒大床房【全屋智能客控+安心織物除菌櫃】:HK$493']"
常州經開科創中心輕居酒店,9.8,"['舒適大床房:HK$304', '標準雙床房:HK$313', '標準大床房:HK$322', '精選雙床房:HK$349']"
常州志逸温德姆花園酒店,9.6,"['高級大床房:HK$432', '高級雙床房:HK$443', '豪華大床房:HK$488', '豪華雙床房:HK$488', '行政大床房:HK$555', '行政雙床房:HK$555']"
天目湖御湖·璞悦半山温泉酒店,9.6,"['海底小縱隊主題家庭房:HK$1,113', '棲遲別院私湯大床房【露台+獨立私湯泡池】:HK$1,297', '棲遲別院私湯家庭房【露台+獨立私湯泡池】:HK$1,516', '疊棟三居室別墅【會客廳+棋牌】:HK$3,918', '水岸山居·三居泳池別墅【私人泳池+棋牌】:HK$4,683', '疊棟五居室別墅【會客廳+露台】:HK$5,775']"
全季酒店（常州科教城店）,9.7,"['大床房:HK$415', '高級大床房:HK$444', '高級雙床房:HK$472', '豪華家庭房:HK$529']"
常州萬怡酒店,9.6,"['豪華大床房:HK$750', '豪華雙床房:HK$750', '精選大床房:HK$860', '精選雙床房:HK$860', '花園大床房:HK$861', '行政大床房:HK$1,079']"
溧陽藍洋林頓酒店,9.8,"['雅緻雙床房:HK$376', '園景大床房:HK$444', '園景雙床房:HK$486', '豪華大床房:HK$554', '湖景雙床房:HK$581']"
常州派禾町酒店（新北萬達店）,9.7,"['惠享零壓大床房【巨幕投影·騰訊會員·洗衣機】:HK$213', '靜享零壓大床房【顧家床墊·巨幕投影·騰訊會員·洗衣機】:HK$232', '靜享零壓雙床房【深睡眠·顧家床墊·巨幕投影·騰訊會員·洗衣機】:HK$250', '甄享豪華影院大床房【舒適好眠·巨幕投影·騰訊會員·洗衣機·休閑沙發】:HK$268']"
雲程逸居酒店（常州恐龍園奧體中心店）,9.6,"['躺平治癒大床房（空氣凈化器+智能投屏+靜逸睡眠）:HK$217', '逸居輕奢大床房（悠享辦公+智能客控+投屏+乾濕分離）:HK$250', '逸居輕奢雙床房（眺望地標夜景+手機投屏+智能客控+通透採光）:HK$250', '零壓深睡大床房（零壓床枕+舒適浴袍+辦公桌椅）:HK$282', '主題親子房（小童滑梯+智能語音+電視投屏+卡通主題）:HK$316']"
常州恐龍園桔子水晶酒店,9.6,"['豪華雙床房:HK$341', '豪華大床房:HK$352', '榻榻米雙床房:HK$362', '商務大床房:HK$371', '禪音:HK$391']"
常州福朋喜來登酒店,9.5,"['標準大床房:HK$446', '標準雙床房:HK$446', '精選雙床房（高樓層）:HK$518', '精選大床房（帶浴缸）:HK$518', '標準家庭房:HK$642']"
飛碼電競酒店（常州恐龍園萬達廣場店）,10.0,"['兄弟開黑上下鋪【ROG2K+機械臂+萬兆+新風+客控】:HK$345', '零壓大床房【ROG2K+機械臂+萬兆+新風+客控】:HK$369', '零壓雙床房【ROG2K+羅技+機械臂+萬兆+新風+客控】:HK$369', '零壓豪華大床房【ROG2K+GPW2+機械臂+萬兆+新風+客控】:HK$444']"
漢庭酒店（常州青果巷店）,9.7,"['大床房:HK$274', '雙床房:HK$283', '高級大床房:HK$293', '高級雙床房:HK$302']"
常州文筆酒店（青果巷店）,9.6,"['精品大床房:HK$294', '足球賽事雙床房:HK$294', '景觀大床房:HK$359', '景觀雙床房:HK$359', '商務雙床房:HK$359']"
無居無墅民宿（金壇東方鹽湖城店）,9.9,"['簡禾·輕奢雅緻大床房:HK$310', '樸境·風景投影大床房:HK$464', '藴空·浴缸投影大床房:HK$518', '若初·風景投影大床房:HK$535']"
常州橫林智選假日酒店,9.1,"['高級房:HK$328', '高級房·超大床（無障礙）:HK$328', '高級房·超大床:HK$328', '高級房·雙床:HK$328', '高級房·超大床（高樓層）:HK$372']"
全季酒店（常州青果巷店）,9.6,"['雙床房:HK$359', '高級大床房:HK$378', '商務大床房:HK$406', '套房:HK$481']"
