酒店名称,评分,房型价格列表
風薇瀾曦海景酒店,9.5,"['朝曦｜城景大床房（小米智能+零壓床墊+極米高清投影）:HK$525', '扶光｜城景大床房（小米智能+零壓床墊+極米高清投影）:HK$525', '纖凝｜側海景陽台大床房--小米智能+看郵局鐘樓鼓浪嶼:HK$589', '落暉｜海景大床房（鼓浪嶼夜景+小米智能+絕美日落）:HK$698']"
廈門空港佰翔花園酒店,9.5,"['棲雲樓標準大床房（ 暢享影音）無窗:HK$359', '棲雲樓躺平治癒大床房（暢享影音+圓床）無窗:HK$402', '棲雲樓商務雙床房 『金可兒床墊+零壓舒睡枕 』:HK$502', '棲雲樓商務大床房 （金可兒床墊+零壓舒睡枕）:HK$502', '棲雲樓標準雙床房:HK$502', '棲雲樓雅緻大床房:HK$502']"
美豪麗致酒店（廈門中山路步行街店）,9.0,"['雅緻複式大床房:HK$480', '靜雅大床房【零壓床墊+舒適睡眠】:HK$536', '3D影院複式大床房 【大沙發+投影儀】:HK$568', '麗致雙床房【零壓床墊+舒適睡眠】:HK$577', '靜雅複式大床家庭房【兩用大沙發+零壓床墊】:HK$598']"
廈門火車站植物園美侖酒店,9.1,"['商務大床房:HK$563', '豪華大床房:HK$613', '商務雙床房:HK$613', '豪華雙床房:HK$664', '家庭房:HK$774']"
MisooHi南夏隱祕海景酒店（廈門環島南路曾厝垵店）,9.4,"['初也泡池大床房:HK$332', '西柚·泡池大床房:HK$386', '白嶼·大床房:HK$417', '橘夏·泡池大床房:HK$428', '南隅·沙發泡池大床房:HK$460']"
廈門風薇海景酒店（中山路步行街店）,9.6,"['青棠丨海景大床房（星空燈+90°海景+觀日落）:HK$643', '紫藴丨海景大床房（一線120°角海景+賞鼓浪嶼夜景）:HK$676', '碧落丨海景大床房（星空頂月球燈+側海景+老廈門城景）:HK$698', '餘暉丨海景大床房（一線海景+觀鼓浪嶼夜景）:HK$720']"
華夏麗呈酒店（廈門火車站萬象城店）,9.6,"['高清投屏觀影大床房〔激光電視+環繞音響+投屏〕:HK$557', '雲端城景悦心大床房〔閩南茶具+沙發+乾濕分離+智能客控〕:HK$585', '高空城景旅居大床房〔閩南茶具+休閑沙發+辦公桌+藍牙音箱〕:HK$693', '雲端城景悦心雙床房〔閩南茶具+休息沙發+智能客控+乾濕分離〕:HK$774', '高空城景温馨家庭房〔大小床+閩南茶具+沙發+藍牙音箱+乾濕分離〕:HK$819']"
廈門藍山越海景Hotel（中山路輪渡碼頭店）,9.4,"['景觀大床房（巨幕影院）:HK$590', '豪華海景大床房（70°一線海景＋絕美夜景）:HK$676', '景觀雙床房（巨幕影院）:HK$779', '尊貴海景大床房（180°一線海景＋絕美夜景+可看整個鼓浪嶼）:HK$779', '至尊海景網紅浴缸大床房（270°一線海景+絕美夜景+可看整個鼓浪嶼）:HK$976']"
廈門國際會議中心諾富特酒店,9.3,"['高級大床房:HK$623', '豪華大床房:HK$643', '豪華雙床房:HK$643', '行政大床房:HK$683', '行政雙床房:HK$683', '行政海景大床房:HK$704']"
蔦島海景潮宿（廈門中山路步行街輪渡碼頭店）,9.5,"['等風來·復古城景大床房（巨幕投影儀+全屋智能）:HK$589', '觀風嶼·復古城景大床房（巨幕投影儀+全屋智能）:HK$655', '溶月·城景商務雙床房:HK$742', '潮笙眠·森法影音·雙床房（投影儀+浴缸+景觀）:HK$764', '橘子海·森法海景·大床房（投影儀+浴缸+鼓浪嶼海景）:HK$841']"
廈門海尚雅歌酒店（中山路步行街店）,9.3,"['雅歌影院大床房（全屋智控+觀影幕布+獨享私人影院）:HK$501', '雅歌影院雙床房（全屋智控+觀影幕布+獨享私人影院）:HK$556', '陽光街景大床房（全屋智控+享中山路景觀）:HK$589', '温馨甜蜜主題房（全屋智控+情侶主題佈置）:HK$617', '陽光街景雙床房（全屋智控+享城市風光）:HK$633']"
廈門野見海Ibiza民宿,9.1,"['茶趣·豪華大床房:HK$404', '合歡·親子家庭房:HK$436', '初見·海景大床房:HK$545', '既白·海景大床房:HK$600', '破曉·海景大床房:HK$655']"
廈門天仙酒店（中山路步行街店）,9.5,"['Thian Sian·影院大床房:HK$508', 'Thian Sian·街景大床房:HK$543', 'Wander·露台大床房:HK$555', 'Thian Sian·複式大床房 （會客室）:HK$589', 'Cityscape·街景親子房:HK$601']"
廈門佰翔五通酒店,9.4,"['豪華城景雙床房-賞城際風華，枕星辰入夢:HK$740', '豪華城景大床房-賞城際風華，枕星辰入夢:HK$776', '豪華伴海大床房-半城半海，廣納五緣海域美景:HK$866', '豪華海景大床房-180°海景落地窗，觀海上日出:HK$972', '豪華海景雙床房-180°海景落地窗，觀海上日出:HK$972', '豪華城景家庭房-主題客房，享帳篷童趣:HK$1,260']"
廈門鷺江賓館,9.6,"['1958南洋風情海後雙床房:HK$1,192', '1958南洋風情海後大床房:HK$1,192', '南洋風情中山路老街大床房:HK$1,223', '鼓浪嶼海景雙床房（南洋風情）:HK$1,501', '鼓浪嶼海景大床房（南洋風情）:HK$1,501', '鼓浪嶼一線海景大床房（花磚風情）:HK$1,624']"
廈門180°山海故事·全海景度假美宿（環島南路曾厝垵店）,9.0,"['一嶼·極簡大床房（VIP影視+乳膠床墊）:HK$585', '一夕·日落雅緻度假海景房（VIP影視+乳膠床墊）:HK$611', '一月·設計海景房（VIP影視+乳膠床墊）:HK$634', '一瀾·loft海景房（浴缸+VIP影視+乳膠床墊）:HK$673']"
廈門賓館（中山路萬石植物園店）,9.6,"['尋味廈門大床房『 老廈門風情』:HK$579', '尋味廈門雙床房『老廈門風情』:HK$579', '尋味景觀大床房『老廈門風情+城市景觀』:HK$620', '尋味景觀雙床房『老廈門風情+城市景觀』:HK$620', '尋味簪花城景大床房:HK$655']"
新東亞酒店（廈門國際機場店）,9.2,"['商務標準房B:HK$275', '商務標準房A:HK$298', '商務房A:HK$313', '商務套房A:HK$374']"
廈門環島南路美侖酒店（黃厝海灘店）,9.4,"['商務大床房:HK$704', '商務雙床房:HK$724', '豪華大床房:HK$754', '豪華雙床房:HK$774', '高級景觀大床房:HK$805']"
廈門五緣灣萬達廣場亞朵酒店,9.4,"['雅緻大床房:HK$460', '雅緻雙床房:HK$460', '高級大床房:HK$460', '高級雙床房:HK$460', '行政大床房:HK$541']"
廈門中山路步行街海景美居酒店,9.2,"['標準大床房:HK$583', '複式套房:HK$683', '高級大床房:HK$704', '高級雙床房:HK$754', '豪華側海景大床房:HK$754']"
夏商·新語酒店（中山路第一碼頭店）,9.5,"['雅緻大床房（徠芬吹風機+全屋小度智控）:HK$456', '舒適大床房（小度智控+徠芬吹風機+茶歇茶具+記憶枕）:HK$485', '景觀大床房（小度智控+徠芬吹風機+記憶枕+茶具+浴袍）:HK$543', '景觀雙床房（小度智控+徠芬吹風機+記憶枕+閩南茶具）:HK$582', '汗蒸大床房（房間自帶汗蒸屋+徠芬吹風機+冰箱+閩南茶具）:HK$617']"
廈門畔見設計酒店,9.3,"['甜夢•創意樹屋:HK$296', '樂眠•創意樹屋:HK$334', '季白•玲瓏複式房:HK$367', '靜語•陶然複式套房:HK$432', '閑影•寫意複式套房:HK$450']"
廈門火車站南廣場亞朵X酒店,9.5,"['高級大床房（深睡枕Pro）:HK$601', '行政大床房（深睡床墊+深睡枕Pro）:HK$651', '高級雙床房（深睡床墊+深睡枕Pro）:HK$661', '尊享大床房（深睡床墊+深睡枕Pro）:HK$702', '行政雙床房（深睡床墊+深睡枕Pro）:HK$712']"
廈門喜來登酒店,9.3,"['豪華大床房:HK$583', '豪華雙床房:HK$583', '高級豪華大床房:HK$632', '高級豪華雙床房:HK$632', '行政雙床房:HK$778', '行政大床房:HK$778']"
廈門海港英迪格酒店（中山路店）,9.3,"['豪華城景雙床房（城市風情）:HK$776', '豪華城景大床房（城市風情）:HK$776', '高級鼓浪嶼海景大床房（180度海上日落）:HK$875', '高級鼓浪嶼海景雙床房（180度海上日落）:HK$875', '超豪華鼓浪嶼海景大床房（高層海景日落）:HK$988', '270度鼓浪嶼海景房（浴缸日落美景）:HK$1,177']"
Mudita·觀己酒店（廈門中山路步行街店）,9.3,"['自覺·舒眠大床房:HK$509', '安下·中庭露台大床房:HK$530', '閲己·沐光大床房:HK$576', '無由·城景雙床房:HK$677', '愈見·浴缸大床房:HK$827']"
一格海景親子酒店（環島路廈大白城店）,9.5,"['投影大床房:HK$546', '親子家庭房:HK$638', '零壓投影大床房:HK$688', '兩室親子套房（滑滑梯）:HK$731']"
廈門麗斯海景酒店（環島南路黃厝海灘店）,8.7,"['雅緻大床房:HK$358', '麗斯海景大床房:HK$462', '麗斯親子房:HK$532', '麗斯假日雙床房:HK$577']"
朵友酒店（廈門火車站萬象城店）,9.5,"['雅緻大床房【甄選床品+65寸超清投屏電視】:HK$397', '高級大床房【甄選床品+65寸超清投屏電視】:HK$435', '豪華大床房【甄選床品+65寸超清投屏電視】:HK$474', '高級雙床房【甄選床品+65寸超清投屏電視】:HK$497']"
廈門璞雲酒店（中山路步行街輪渡碼頭店）,9.1,"['靜謐-舒睡大床房:HK$399', '靜謐-舒睡雙床房:HK$445', '城景-零壓舒睡大床房:HK$487', '城景-零壓舒睡雙床房:HK$535']"
蔦島SKY美宿（廈門中山路步行街輪渡碼頭店）,9.1,"['陽光老街景大床房:HK$337', '美式鄉村大床房【投影儀】:HK$556', '法式浪漫大床房【投影儀】:HK$581', 'Unit520獨立古堡花園大床房（庭院+浴缸+投影儀）:HK$657']"
廈門蘭庭別院（中山路步行街中山公園地鐵站店）,9.5,"['蘭庭·大床房（沉浸式投影+品牌床墊+內窗）:HK$403', '蘭庭·大床房（沉浸式投影+品牌床墊+原棉床品）:HK$436', '蘭庭·MINI榻榻米房（品牌床墊+原棉床品）:HK$447', '蘭庭·豪華大床房（巨幕投影+品牌床墊+原棉床品）:HK$457']"
廈門集美湖商務中心亞朵酒店,9.7,"['雅緻大床房【記憶枕+裸棉床品+普蘭特床墊】:HK$460', '高級雙床房【記憶枕+裸棉床品+普蘭特床墊】:HK$501', '高級大床房【記憶枕+裸棉床品+普蘭特床墊】:HK$501', '行政大床房【配記憶枕+普蘭特床墊+貴妃榻小冰箱】:HK$551', '行政雙床房【配記憶枕+普蘭特床墊+貴妃榻小冰箱】:HK$551']"
廈門春光酒店（中山路輪渡碼頭店）,9.1,"['精緻大床房:HK$458', '高級大床房:HK$511', '高級雙床房:HK$537', '街景大床房:HK$550', '巨幕影音房:HK$576']"
廈門海絲藝術品中心佰翔琨爍酒店,9.5,"['精選大床房:HK$446', '精選雙床房:HK$446', '高級藝術湖景大床房:HK$490', '高級藝術湖景雙床房:HK$490', '豪華藝術湖景大床房（藝術主題+全景落地窗）:HK$544', '豪華藝術湖景雙床房（藝術主題+全景落地窗）:HK$544']"
廈門海滄融信海景華邑酒店,9.6,"['高級山景超大床房（飽覽綠意大屏山景）:HK$520', '高級山景雙床房（飽覽綠意大屏山景）:HK$520', '高級海灣景觀雙人床（一線海景度假圓浴缸）:HK$630', '高級房 超大床 海灣景觀 小童主題:HK$630', '高級海灣景觀超大床（一線海景度假圓浴缸）:HK$630', '行政高級山景雙床房:HK$684']"
鼓浪嶼頤居酒店（八卦樓三丘田碼頭店）,9.6,"['等風·庭景loft大床房:HK$446', '飲山·至尊大床房:HK$523', '棲海·臻選雙床房:HK$632', '觀語•私享陽台大床房:HK$666', '嶼雲·親子雙床房:HK$676']"
桔子酒店（廈門觀音山廣場環島東路店）,9.7,"['商務大床房:HK$516', '商務雙床房:HK$516', '豪華大床房:HK$535', '豪華雙床房:HK$557']"
廈門國際會議中心酒店,9.6,"['高級CBD景觀大床房（陽台）:HK$644', '高級CBD景觀雙床房（陽台）:HK$644', '豪華CBD景觀大床房（陽台）:HK$709', '豪華CBD景觀雙床房（陽台）:HK$709', '高級海景大床房（陽台）:HK$830', '高級海景雙床房（陽台）:HK$830']"
璞悦居酒店（中山路步行街店）,8.3,"['鷺島陽光大床房『舒適愜意+開放客廳』:HK$537', '複式丨雅夢影苑套房『獨立投影+靜享空間』:HK$558', '複式丨悠夢浴缸套房『玉石浴缸+極光投影』:HK$584', '複式丨雲端影居套房『遮光窗簾+温馨浪漫空間』:HK$608']"
一宿·光景別院 （廈門中山路步行街店）,9.0,"['見晴台榻榻米房:HK$252', '春光舍大床房:HK$314', '秋日堂大床房:HK$375', '夏影居大床房:HK$396']"
廈門來雅LAIYA美宿（彩虹沙灘店）,9.7,"['37層海景浴缸房:HK$471', '38層海景浴缸房:HK$533', '37層海景露台大床房:HK$635', '38層海景陽台大床房:HK$635']"
宜必思酒店（廈門東渡客運碼頭東渡路店）,9.5,"['大床房:HK$186', '高級大床房A:HK$204', '雙床房A:HK$204', '高級大床房:HK$223']"
廈門機場SM城市廣場雲睿@酒店,9.5,"['元氣智享大床房（雙層玻璃隔音+智能客控）:HK$349', '治癒森林大床房（辦公空間+智能客控）:HK$371', '慵懶花園大床房（城市景觀+智能客控）:HK$393', '治癒森林雙床房（深度好眠+智能客控）:HK$415']"
廈門泰谷酒店,9.2,"['鷺江城景大床房:HK$669', '鷺江城景雙床房:HK$669', '鷺江海景大床房:HK$778', '鷺江海景雙床房:HK$778']"
栩程·唯納海景酒店,9.9,"['投影大床房•1080p高清投影:HK$578', '零壓大床房·記憶枕:HK$677', '景觀大床房•記憶枕•乳膠床墊:HK$742', '零壓雙床房•記憶枕•乳膠床墊:HK$830']"
廈門湖濱南路希爾頓歡朋酒店,9.4,"['標準大床房:HK$655', '舒適大床房（城景）:HK$677', '高級大床房:HK$706', '臻選大床房:HK$720', '豪華大床房:HK$755', '豪華湖景大床房（側湖景）:HK$805']"
全季酒店（廈門機場店）,9.6,"['高級大床房A:HK$428', '高級大床房:HK$457', '雙床房:HK$457', '舒壓-雙床房:HK$488']"
廈門蓮阪明發廣場亞朵酒店,9.6,"['高級大床房「亞朵深睡枕」:HK$551', '高級雙床房「亞朵深睡枕」:HK$551', '雅緻大床房「亞朵深睡枕」:HK$574', '幾木雙床房「亞朵深睡枕pro+小冰箱」:HK$582', '幾木大床房「亞朵深睡枕pro+小冰箱」:HK$582']"
廈門SM廣場區政府亞朵X酒店,9.6,"['高級大床房（Mini小冰箱+投屏電視）:HK$502', '高級雙床房（Mini小冰箱+投屏電視）:HK$529', '行政大床房（Mini小冰箱+投屏電視）:HK$529', '幾木大床房（Mini小冰箱+投屏電視+深睡枕）:HK$565', '幾木雙床房（Mini小冰箱+投屏電視+深睡枕）:HK$592']"
VISHAN·維尚設計師潮宿（中山路步行街店）,9.7,"['靜謐·舒眠大床（藝術窗）:HK$566', '縵野·大床房（超大空間+年輕元素）:HK$687', '縵野·雙床房（舒眠床+月亮廊窗）:HK$731', '歸嶼·街景大床房:HK$742', '歸嶼·街景雙床:HK$785']"
Rare·三海里海景公寓（廈門大學雙子塔店）,9.6,"['邂逅·港灣影音大床房:HK$640', '潮汐·海景影音大床房:HK$826', '雲夕·浩瀚海景智能影院房:HK$951', '枕海·而眠影院圓床房:HK$984']"
廈門蘭笙別院（中山路步行街鎮海路地鐵站店）,9.3,"['蘭馨·榻榻米｜時雨閑窗>:HK$392', '萬壽·大床房｜墨香有韻>:HK$411', '織雨·大床房｜南閣聽雨>:HK$450', '虎溪·雙床房｜雲樓幽夢>:HK$515']"
廈門悦來海景酒店（會展中心黃厝海灘店）,9.5,"['行政大床房:HK$581', '行政雙床房:HK$591', '園景大床房:HK$643', '園景雙床房:HK$653', '度假大床房:HK$694', '度假雙床房:HK$705']"
廈門瑞頤大酒店,9.4,"['豪華雙床房:HK$746', '豪華大床房:HK$746', '豪華套房:HK$768', '尊貴鼓浪嶼海景大床房:HK$915', '尊貴鼓浪嶼海景雙床房:HK$915', '豪華陽台雙床房:HK$915']"
廈門山尋·與海海景酒店,9.7,"['精緻商務大床房（智能客控+智能馬桶+65寸液晶大電視+冰箱）:HK$298', '樂享陽台大床房（智能客控+智能馬桶+巨幕影音+冰箱）:HK$321', '樂享浴缸大床房（智能客控+智能馬桶+巨幕影音+冰箱）:HK$351', '高級商務雙床房（智能客控+智能馬桶+65寸液晶大電視+冰箱）:HK$359', '尊享海景大床房（智能客控+智能馬桶+巨幕影音+冰箱）:HK$374']"
廈門雲海·遇璽複式套房酒店公寓（兩岸金融中心店）,9.6,"['芭比主題·兩室一廳套房（投影）:HK$620', '舒適清新兩室一廳複式套房（大冰箱+洗衣機）:HK$665', '海景兩室一廳複式套房（投影）:HK$690', '全景落地兩室兩衞複式套房（大冰箱+洗衣機）:HK$727']"
廈門IMAY設計師海景公寓（世茂雙子塔店）,9.4,"['雲端·海灣大床房-超高層:HK$398', '晨曦·半城煙火大床房:HK$424', '鷺汐·面朝大海大床房:HK$437', '蔚藍·全海景投影大床-高層:HK$539']"
景悦海景美墅,9.6,"['南梔I海景大床房（70°海景+小米智能+零圧床墊+投影）:HK$567', '靈澤I全海景大床房（小米智能+零圧床墊+鼓浪嶼夜景）:HK$588', '曦和I海景大床房（70°海景+小米智能+零圧床墊+投影）:HK$621', '泛月I海景大床房（90°海景+小米智能+零圧床+老城景）:HK$643']"
嶼海·即山居酒店（鼓浪嶼日光巖店）,9.9,"['時境 |奢野浴缸大床房:HK$807', '探雲|優選浴缸大床房:HK$894', '隱夏|觀景浴缸大床房:HK$1,003', '霧尋 | 臻選浴缸大床房:HK$1,025', '雲蔓|靜享庭院大床房:HK$1,135']"
廈門山尋·漁夕海景酒店（杏林灣新陽橋頭店）,9.7,"['精緻商務大床:HK$298', '高級商務大床:HK$321', '尊享海景大床:HK$343', '悦享景觀大床:HK$374', '高級商務雙床:HK$389']"
廈門Annica安妮卡酒店,9.4,"['未遲巨幕大床房:HK$327', '遇見影音大床房:HK$370', '沐舍浴缸大床房:HK$409', '初心影音大床房:HK$413']"
廈門言海Littorral（環島路黃厝沙灘店）,9.5,"['陽台大床房:HK$644', '海景大床房:HK$755', '海景眺台大床房:HK$867', '露台星空大床房:HK$978']"
廈門集美新城智選假日酒店,8.9,"['高級房（智能投屏電視+小冰箱）:HK$365', '高級房大床（智能投屏電視+小冰箱）:HK$365', '無障礙大床房（無障礙淋浴間+無障礙洗手間）:HK$365', '高級房大床帶陽台（智能投屏電視+小冰箱）:HK$378', '高級房雙床帶陽台（智能投屏電視+小冰箱）:HK$378']"
維尚花園潮宿（廈門中山路步行街來雅百貨店）,9.8,"['歸潯·舒眠大床房（新風系統+零壓睡眠+全屋智控）:HK$801', '歸潯·舒眠雙床房（新風系統+零壓睡眠+全屋智控）:HK$845', '晚棠·南洋中庭大床房（獨立花園露台+全屋智控）:HK$909', '晚棠·南洋中庭雙床房（獨立花園露台+全屋智控）:HK$944', '觀月·窗景大床房（奢享零壓記憶床墊+浴缸+全屋智控）:HK$953']"
廈門金瑞佳泰酒店（會展中心加州商業廣場店）,9.1,"['精緻大床房:HK$447', '精緻雙床房:HK$447', '舒享雙床房:HK$457', '舒享大床房:HK$457', '商務大床房:HK$479']"
MisooHi花隱祕境酒店,9.6,"['寓言·精選大床房【温馨宜居·獨享投影·精緻體驗】:HK$439', '花伴·舒適大床房【輕奢宜居·個性化佈局·高清投屏】:HK$493', '夢返·高級大床房【巨屏投影·舒適佈局·精心設計】:HK$546', '聆風·豪華浴缸房【獨享浴缸·吸睛佈局·超大卧室】:HK$600', '桃源·至尊大床房【複式雙層●獨享陽台庭院景●愜意温馨】:HK$708']"
北辰民宿（廈門中山路輪渡碼頭店）,9.4,"['觀星|舒適大床房:HK$542', '攬月|舒睡大床房:HK$573', '自在|影音大床房:HK$659', '雲起|格調大床房:HK$659']"
廈門八適客廳民宿（中山路步行街八市店）,9.6,"['皆喜八適丨安適簡約大床房（零壓床墊+乾濕分離）:HK$481', '皆喜八適丨恬適大床房（零壓床墊零壓枕+乾濕分離）:HK$545', '皆喜八適丨舒適大床房（帶榻榻米茶室+乾濕分離）:HK$610', '皆喜八適丨閑適雙床房（零壓床墊零壓枕+乾濕分離）:HK$720']"
雅斯特國際酒店（廈門海滄中滄工業園店）,9.8,"['高級大床房【零壓床墊+智能客控+城市景觀】:HK$327', '高級雙床房【零壓床墊+智能客控+山景】:HK$371', '豪華大床房【零壓床墊+智能客控+閩南茶具】:HK$392', '豪華雙床房【零壓床墊+智能客控+閩南茶具】:HK$425', '豪華套房【沙發茶座+零壓床墊+智能客控】:HK$514']"
廈門Sky High雲尚天際酒店（思明區環島路店）,9.6,"['雲尚·庭院大床房:HK$654', '雲尚·花園大床房+日光浴缸:HK$666', '天際·環幕日出大床房-270°海景:HK$873', '驚喜海景房:HK$874', '天際·頂樓露台loft大床房-私享觀海平層:HK$1,190']"
廈門山尋·如是海酒店（杏林灣集美學村店）,9.7,"['高級商務大床房（智能客控 +智能馬桶+65寸液晶電視）:HK$283', '浴缸景觀大床房（智能客控+智能馬桶+巨幕影音）:HK$328', '尊享海景大床房（智能客控+智能馬桶+巨幕影音）:HK$359', '高級商務雙床房（智能客控 +智能馬桶+65寸液晶電視）:HK$374', '至尊海景大床房（智能客控+智能馬桶+巨幕影音）:HK$389']"
廈門無二·隱舍輕奢海景度假美墅,9.1,"['優享大床房:HK$317', '茶趣豪華大床房:HK$350', '茶趣豪華雙床房:HK$365', '茶趣豪華家庭房:HK$400']"
廈門湖裡國際航運中心亞朵酒店,9.7,"['雅緻大床房:HK$484', '高級大床房:HK$502', '高級城景大床房:HK$565', '行政城景大床房:HK$592', '行政山景大床房:HK$619']"
蘭琴·古厝民宿（中山路步行街鎮海路地鐵站店）,10.0,"['埕月·大床 | 月隱清眠>:HK$559', '鏡台·大床房丨光影有聲>:HK$576', '繞樑·大床丨聲入蘭厝>:HK$683', '墨蘭·大床房丨蘭韻入眠>:HK$806']"
麗楓酒店（廈門翔安馬巷店）,9.7,"['豪華大床房（智能客控，空氣凈化器 ，無線投屏）:HK$335', '豪華雙床房（智能客控，空氣凈化器，藍牙音樂，無線投屏）:HK$335', '商務大床房（慕思床墊，智能客控，藍牙音樂，無線投屏）:HK$391', '商務雙床房（智能客控，空氣凈化器，無線投屏）:HK$391', '純凈自然商務雙床房（即熱式開水機，電子除蟎儀，PM2.5空氣凈化）:HK$427']"
廈門MokaHouse海景度假民宿,9.5,"['別緻投影大床房:HK$249', '榻榻米投影大床房:HK$286', '庭院巨幕影音大床房:HK$305', '陽光浴缸投影大床房:HK$342']"
Blue Islands藍色島嶼·海景度假別墅,9.4,"['無敵海景·私屬超大海景露台·整層·度假套房· 1號樓:HK$1,365', '海邊的度假別墅:HK$3,643']"
廈門靈玲大酒店,9.0,"['城景大床房:HK$444', '城景雙床房:HK$444', '園景大床房:HK$537', '園景雙床房:HK$555', '湖景雙床房:HK$555', '湖景大床房:HK$555']"
