酒店名称,评分,房型价格列表
長禧家民宿（沙灣古鎮店）,9.3,"['靜謐茶韻雙床房:HK$505', '街景大床房:HK$611', '庭院觀景榻榻米大床房:HK$821', '古鎮觀景雙床房:HK$821']"
廣州K公寓（珠江新城店）,9.1,"['市景電視大床房:HK$373', '特惠LOFT雙床房【陽台+洗衣機+迷你廚房】:HK$450', '江景複式雙床房【巨幕投影+洗衣機+迷你廚房】:HK$495', '兩室一廳投影套房:HK$572']"
廣州華廈大酒店（北京路步行街海珠廣場地鐵站店）,9.2,"['雅緻城景大床房:HK$569', '雅緻城景雙床房:HK$569', '雅緻江景大床房:HK$602', '雅緻江景雙床房:HK$602', '臻品閲城大床房:HK$702']"
富域酒店（廣州白雲站三元里大道店）,9.4,"['清新雙床房 【新風系統+自然深眠+乾濕分離】:HK$263', '城景雙床房 [遮光窗簾+坐卧減壓沙發+商務辦公]:HK$263', '清新大床房 【新風系統+自然深眠+乾濕分離】:HK$265', '城景大床房 [特大床+遮光窗簾+商務座椅]:HK$265']"
唯梵公寓（廣州永慶坊如意坊地鐵站店）,9.1,"['一線江景一室一廳兩衞豪華大床房（洗烘一體機+廚房）:HK$490', '一線江景兩居室套房（冰箱+洗烘一體機+廚房）:HK$503', '特惠兩居室套房（冰箱+洗烘一體機+廚房）:HK$503', '一線江景兩居室巨幕投影套房（冰箱+洗烘一體機+廚房）:HK$534']"
總統府邸（廣州崗頂地鐵站太古滙店）,9.3,"['悦聽 | 大床房「全屋聲控·安穩入眠」:HK$460', '悦聽 | 雙床房「全屋聲控·零壓枕·負離子吹風機」:HK$471', '樂眠 | 大床房「全屋聲控·零壓枕·負離子吹風機·」:HK$493', '樂眠 | 雙床房「全屋聲控·零壓枕·負離子吹風機」:HK$503']"
城南·故里（廣州南站店）,9.5,"['隨遇｜喧囂大床房｜大投影｜零壓床墊｜榻榻米式小茶台:HK$426', '拾餘｜惠風和暢大床房｜大投影｜零壓床墊｜和式小茶台:HK$452', '心景｜温馨小窩雙床房｜大投影｜零壓床墊｜和式小茶台:HK$465', '槿時｜波西米亞風｜智能小度雙床房｜大投影｜異域沙發:HK$489']"
宜尚（廣州北京路公園前地鐵站店）,9.2,"['智能標準大床房【安靜|全屋智能|獨立新風系統】:HK$570', '智能標準雙床房【安靜舒適+全屋智能+獨立新風系統】:HK$593', '智能高級大床房【採光明亮玻璃窗+全屋智能】:HK$614', '智能高級雙床房【採光明亮玻璃窗+全屋智能】:HK$628', '豪華大床房【超大窗户採光明亮+芝華士沙發+全屋智能】:HK$666']"
廣東空港大酒店（廣州新白雲國際機場直營店）,8.9,"['Luck-特惠大床房-新風系統>:HK$118', '非·凡時尚影音雙床房-超大空間>休閑沙發>高質投影:HK$168', 'Peppa温馨親子主題房-百寸影音:HK$215']"
美豪麗致酒店（廣州東站店）,9.3,"['高級大床房:HK$632', '高級雙床房:HK$632', '麗致大床房:HK$676', '麗致雙床房:HK$676', '城景雙床房:HK$742']"
宏陽·麗悦雲居（廣州塔琶洲會展中心店）,9.5,"['雅緻影視大床房:HK$428', '隱逸一樓豪華大床房:HK$428', '雅緻影視雙床房:HK$449', '首層愛心豪華房:HK$449', '雅緻園景大床房:HK$482']"
廣州國德國際大酒店（太古滙石牌橋地鐵站店）,9.4,"['商務大床房:HK$415', '商務雙床房:HK$504', '行政大床房:HK$629', '家庭房:HK$692', '商務三床房:HK$692']"
青檸檬樹國際公寓（廣州市北京路捷登都會店）,9.0,"['商務遠景大床房:HK$343', '商務遠景雙床房:HK$398', '尊榮遠景大床套房:HK$459', '尊榮遠景雙床套房:HK$502']"
美麗豪酒店（廣州番禺長隆萬博中心店）,9.8,"['舒適大床房（智能語音+投屏電視+冰箱+全屋新風）:HK$532', '高級大床房（智能語音+投屏電視+冰箱+深睡枕）:HK$590', '豪華大床房（智能語音+投屏電視）:HK$695', '行政大床房（智能語音+投屏電視+冰箱+長沙發）:HK$741', '豪華雙床房（智能語音+投屏電視+冰箱）:HK$788']"
凱旋龍酒店（廣州區莊地鐵站北京路步行街店）,9.3,"['凱歌陽光雙床房-安靜舒適+採光好:HK$386', '凱歌陽光大床房-安靜舒適+採光好:HK$386', '凱歌靜謐雙人房-高品質床墊+採光好+南北空氣對流:HK$407', '凱悦豪華雙人房-悠閑貴妃椅+全外景:HK$451']"
宜尚PLUS酒店（廣州達鏢國際中心昌崗地鐵站店）,9.0,"['輕享城景大床房（高層景緻+乾濕分離）:HK$486', '輕奢城景大床房（羊城天際線景緻+典雅明亮）:HK$525', '豪華城景榻榻米房（180°天際線視野+獨立起居空間）:HK$622', '輕奢城景雙床房（羊城天際線景緻+典雅明亮）:HK$631', '行政城景大床房（休閑長沙發+舒適浴缸）:HK$719']"
廣州北京路步行街金立輕居,9.6,"['高級大床房:HK$666', '高級雙床房:HK$721', '商務大床房:HK$721', '商務雙床房:HK$776']"
宜尚酒店（廣州永慶坊長壽路地鐵站店）,9.4,"['舒適大床房:HK$389', '智能標準大床房:HK$412', '智能高級大床房:HK$435', '智能高級雙床房:HK$435']"
禮途酒店（廣州淘金地鐵站店）,9.3,"['禮悦大床房:HK$451', '巨幕影音大床房:HK$518', '享浴雙床房:HK$520', '享浴大床房:HK$558', '樂途大床房:HK$573']"
亦是酒店（廣州永慶坊上下九步行街店）,9.1,"['亦享大床房:HK$218', '亦致大床房:HK$239', '亦致雙床房:HK$250', '亦致尊享大床房:HK$262']"
CityNote希諾輕居（廣州體育西路地鐵站店）,8.9,"['舒適大床房【零壓床墊+新風系統+私享靜謐】:HK$475', '希諾光影房【堅果VIP投影+新風系統+舒適好眠】:HK$535', '希諾和風房【榻榻米房+零壓床墊+幽夢好眠】:HK$582', '希諾大床房【明亮視野+動人夜景+靜逸舒適】:HK$629', '希諾雙床房【巨幕堅果VIP投影+零壓床墊+私享靜謐】:HK$653']"
廣州S&L公館（北京路公園前地鐵站店）,9.3,"['經濟大床房（冰箱+烘乾洗衣機）:HK$366', '舒適一室大床房（智能馬桶+洗衣機+冰箱）:HK$382', '影音舒適套房（投影設備+智能馬桶+烘乾機）:HK$420', '豪華一室一廳套房:HK$435']"
廣州賓館（北京路步行街海珠廣場地鐵站店）,9.2,"['嶺南雅緻大床房:HK$668', '嶺南雅緻雙床房:HK$668', '花城活力雙床房:HK$715', '花城活力大床房:HK$715', '嶺居創享公寓高層江景單間:HK$743']"
外商·藝龍酒店（廣州珠江新城店）,9.0,"['心悦高級雙床房（無線充電+智能客控+電動窗簾）:HK$642', '心悦高級大床房（無線充電+智能客控+電動窗簾）:HK$642', '藝心城景大床房（無線充電+智能客控+智能馬桶）:HK$760', '藝心城景雙床房（無線充電+智能客控+智能馬桶）:HK$760', '草莓音樂星品大床房（全屋主題定製+智能小度+智能馬桶）:HK$806', '不凡行政大床（悦碧施高端洗護+徠芬沙龍級吹護+Lavazza膠囊+智能客控）:HK$852']"
廣州北京路天字碼頭蘭歐國際酒店,9.3,"['蘭逸江景高級大床房（珠江夜景+智能客控+喜臨門床墊）:HK$511', '蘭逸城景智能大床房（陽光城景+智能客控+喜臨門床墊）:HK$555', '蘭沁江景豪華大床房（珠江夜景+智能客控+喜臨門床墊）:HK$609', '蘭沁城景豪華雙床房（陽光城景+智能客控+喜臨門床墊）:HK$637', '蘭沁江景豪華雙床房（珠江夜景+智能客控+喜臨門床墊）:HK$697']"
隱舍酒店（廣州江南西昌崗地鐵站店）,9.4,"['標準大床房:HK$540', '投影大床房:HK$611', '標準雙床房:HK$611', '投影雙床房:HK$660', '商務大床房:HK$696']"
廣州珠江新城太古滙麗呈格芮酒店,9.3,"['高空城景大床房·動人夜景:HK$647', '高級大床房·安靜舒適·幽夢好眠:HK$677', '商務大床房·智能家居·高效辦公空間:HK$703', '行政雙床房·璀璨夜景·夜觀車水馬龍:HK$730', '商務雙床房·幽夢好眠·私享靜逸:HK$754', '180°景觀大床房·雲端全景環視·夜攬小蠻腰:HK$780']"
勾途設計師酒店（廣州江南西燕崗地鐵站店）,9.1,"['「元氣森林」超級大床房|深睡乳膠床墊+洗烘一體洗衣機>:HK$357', '「精緻輕奢」超級大床｜巨幕投影+洗烘洗衣機+乳膠床墊>:HK$391', '「光影時刻」巨幕投影套房｜深睡乳膠床墊+洗烘一體機>:HK$414', '「時尚摩登」雙床房｜深睡乳膠床墊+洗烘洗衣機+移動電視:HK$461']"
泊隱宜悅酒店（廣州市南沙悅方城萬達廣場店）,9.6,"['一隅悦享高級大床房（零壓床墊·智能客控·高空好景）:HK$332', '隱市靜巷商務雙床房（零壓床墊·靜逸舒適·智能客控）:HK$372', '隱山逸景休閑大床房（零壓床墊·日光沐浴·智能客控）:HK$372', '悦境影院休閑雙床房（影音助眠·智能客控·暢享投屏）:HK$394', '隱逸雅緻商務大床房（零壓床墊·無憂辦公·智能客控）:HK$394']"
廣東勝利賓館 （沙麪島店）,9.4,"['粵逸大床房-歲月悠悠，經典韻味長存:HK$555', '粵逸雙床房-歲月悠悠，經典韻味長存:HK$555', '粵享大床房-歐式浪漫，悠享假日時光:HK$609', '粵享雙床房-歐式浪漫，悠享假日時光:HK$609', '粵雅大床房-奢睡體驗+享太空記憶棉床墊:HK$643']"
逸米米公寓（廣州融創文旅城熱雪奇蹟店）,9.5,"['簡·北歐大床房（絲漣床墊）:HK$360', '雅·北歐雙床房（小度智能）:HK$411', '怡·北歐觀影雙床房（騰訊影視）:HK$430', '悦·北歐親子房（樂園美景）:HK$476']"
廣州東方賓館,9.2,"['豪華客房-雙床:HK$586', '尊榮房-雙床:HK$616', '豪華客房-大床:HK$618', '豪華大床房公寓:HK$633', '精英雙床房:HK$660', '尊榮園景大床房:HK$670']"
廣州北京路公園前地鐵站宜致美居,9.5,"['宜致雅緻大床房【65寸電視投屏+新風系統+迷你冰箱】:HK$495', '宜致影視大床房【高清投影+海量影視資源+靜謐空間】:HK$521', '宜致商務大床房【零壓睡眠床墊+全屋智能+幽眠好夢】:HK$546', '宜致商務雙床房【零壓睡眠床墊+全屋智能+輕奢風格】:HK$573', '宜致行政大床房【明亮城景+超大電視投屏+迷你冰箱】:HK$599']"
廣州荔灣健康方舟騎士物語酒店,9.6,"['踏燕大床房（語音智控•巨幕觀影•迷你冰箱）:HK$501', '踏燕雙床房（語音智控•巨幕觀影•迷你冰箱）:HK$520', '追影大床房（語音智控•巨幕觀影•迷你冰箱）:HK$560', '追影雙床房（語音智控•巨幕觀影•迷你冰箱）:HK$581', '親子大床房（語音智控•巨幕觀影•迷你冰箱）:HK$601', '臨風大床房（語音智控•巨幕觀影•迷你冰箱）:HK$671']"
宿雲雅居國際公寓（廣州北京路捷登都會店）,8.9,"['雅緻大床房:HK$370', '夢幻輕奢大床房:HK$414', '雅緻雙床房:HK$480', '禪意和風雙床房:HK$523']"
廣州安漫四季公寓（廣州北京路步行街大佛寺店）,9.1,"['迷你單人房:HK$343', '雅緻大床房（帶巨幕投影+投屏）:HK$358', '雲季大床房:HK$385', '輕奢大床房（帶巨幕投影+wifi投屏 ）:HK$399']"
星都國際智能酒店（廣州江南西昌崗地鐵站店）,9.1,"['星都豪華大床房-智能投屏+小度智控+品質床墊+防蚊紗窗:HK$318', '星都麗雅雙床房（智能投屏+小度智控+品質床墊+防蚊紗窗:HK$354', '星都品質大床房（智能投屏+小度智控+品質床墊+防蚊紗窗:HK$361', '星都逸緻雙床房-智能投屏+小度智控+品質床墊+防蚊紗窗:HK$469']"
One&One國際公寓（廣州北京路步行街公園前地鐵站店）,9.2,"['優享大床房（舒適好眠）:HK$502', '歡享景觀影院房（迷你冰箱+無線投屏）:HK$525', '尊享商務大床房（迷你冰箱+舒適好眠）:HK$549', '尊享商務雙床房（迷你冰箱+舒適好眠）:HK$597']"
廣州白雲站機場路怡程酒店,9.6,"['智能國風豪華大床房【零壓床墊記憶枕】:HK$450', '智能國風豪華雙床房【零壓床枕|落地景觀窗】:HK$450', '智能國風高級大床房【零壓床枕】:HK$452', '智能國風影音大床房【零壓床枕|百寸2K影屏】:HK$465', '智能國風商務雙床房【零壓床枕|落地大窗】:HK$480']"
荔豐酒店（廣州火車站APM時代國際服裝城店）,9.1,"['豪華大床房:HK$564', '豪華雙床房:HK$629', '豪華三床房:HK$973']"
Plog波普格酒店（廣州北京路步行街大佛寺店）,9.0,"['精選大床房（投影+提供自助洗衣房）:HK$373', '波普格高級大床房-酒店提供自助洗衣房:HK$378', '波普格大床房-酒店提供自助洗衣房:HK$419', '波普格落地窗大床房-酒店提供自助洗衣房:HK$455']"
泊客心築公寓（廣州番禺長隆南村萬博地鐵站店）,9.6,"['臻享城景·中空大床房（65寸高清電視+小童帳篷+辦公桌）:HK$518', '莫蘭迪· 商務複式套房（商務辦公桌+洗衣機+茶吧枱+投屏）:HK$569', '幾何幻想·臻品大床房（決明子枕頭+功夫茶具+65寸高清電視可投屏）:HK$577', '幾何幻想· 臻品雙床房（商務辦公桌+功夫茶具+65寸高清電視可投屏）:HK$631']"
優麗雅客棧（廣州塔琶洲會展中心店）,9.4,"['城央·悦居丨特惠房（智能客控）:HK$606', '城央·悦居丨雅緻大床房（新風系統+智能客控）:HK$654', '城央·悦居丨雅緻雙床房（零壓寢具+智能客控）:HK$688', '雲端·觀塔丨雲棲大床房（零壓寢具+智能客控）:HK$929']"
秋果酒店X（廣州白雲國際機場T1客運大樓店）,9.7,"['明星大床房（超大落地窗+辦公圓桌+舒眠床墊）:HK$224', '明星雙床房（超大落地窗+辦公圓桌+舒眠床墊）:HK$242', '豪華大床房（全景陽台+沙發+mini冰箱+適眠床墊）:HK$261', '豪華雙床房:HK$280', '景觀大床房（超大落地窗+mini冰箱+舒眠床墊）:HK$299']"
陽光國際公寓（廣州北京路金潤鉑宮店）,8.8,"['複式豪華大床套房:HK$401', '複式豪華雙床套房:HK$467', '複式豪華2房1廳套房:HK$544', '複式豪華三床5人套房:HK$544']"
菲凡國際酒店（廣州陳家祠地鐵站永慶坊店）,9.1,"['精緻大床房:HK$420', '高級大床房（高空城景+獨立陽台）:HK$452', '高級雙床房（高空城景+獨立陽台）:HK$474', '智能豪華大床房（高空城景+獨立陽台）:HK$506']"
CityNote希諾酒店（廣州北京路步行街地鐵站店）,9.0,"['樂活大床房（零壓床墊+記憶枕）:HK$478', '舒適大床房（零壓床墊+記憶枕）:HK$510', '希諾大床房（零壓床墊+記憶枕）:HK$541', '樂活雙床房（零壓床墊+記憶枕）:HK$541']"
IF House民宿（廣州珠江新城店）,9.0,"['光鏡藝術系列投影大床房:HK$389', '侘寂美學投影大床房:HK$411', '歐式復古經典系列-投影大床房:HK$411', '暮色熙光系列投影大床房:HK$411']"
天維酒店（廣州增城中新地鐵站店）,9.7,"['高級大床房（全屋智能客控+隔音玻璃）:HK$421', '家庭套房（兩室連通房+小朋友浴袍）:HK$628', '豪華套房（一室一廳木地板+浴缸）:HK$669']"
From·K歡凱酒店（廣州珠江新城體育西路店）,9.3,"['歡遇 · 精緻大床房:HK$538', '歡遇 · 繽紛大床房:HK$568', '歡怡 · 園景雙床房:HK$598', '歡怡 · 園景大床房:HK$598', '繽紛香眠大床房:HK$627']"
漫豪思酒店（廣州北京路天字碼頭店）,9.4,"['舒適大床房:HK$279', '標準大床房:HK$315', '惠選江景房:HK$333', '標準雙床房:HK$361']"
嵐語公館（廣州永慶坊上下九步行街店）,8.9,"['標準大床房:HK$240', '高級大床房:HK$267', '藍調大床房:HK$291', '浪漫專享房:HK$317']"
晟煜公寓（廣州塔海珠萬達廣場店）,8.8,"['迷你大床房（城景）暢享影音（B户型）:HK$154', '行政大床房（洗衣機+WiFi投屏）:HK$176', '商務大床房（陽台+WiFi投屏）:HK$198', '舒適雙床房（洗衣機+冰箱）:HK$198']"
迪茂精品公寓（北京路店）,9.1,"['江景三房兩衞套房（一套2房1衞+一套單間一衞）:HK$932', '複式三床投影麻將房A:HK$932', '複式三床投影麻將房C:HK$1,030', '卧看大佛寺複式四床公寓投影麻將房:HK$1,095']"
廣州北京路步行街美居酒店,9.6,"['標準大床房:HK$780', '高級大床房:HK$828', '嘉賓大床房:HK$834', '標準雙床房:HK$858', '嘉賓雙床房:HK$889']"
CityNote希諾酒店（廣州北京路大佛寺公園前地鐵站店）,9.2,"['舒適大床房（零壓床墊）:HK$502', '希諾大床房（零壓床墊）+（獨立空氣凈化新風系統）:HK$519', '希諾雙床房（零壓床墊）+（獨立空氣凈化新風系統）:HK$567', '樂活雙床房（零壓床墊）+（獨立空氣凈化新風系統）:HK$567', '豪華大床房（零壓床墊）+（獨立空氣凈化新風系統）:HK$633']"
逸方公寓（廣州北京路步行街孫逸仙醫院店）,9.6,"['踏青·特惠大床房:HK$325', '閑·優享大床房【智能客控】:HK$462', '雅緻大床房:HK$462', '情·悦享大床房【智能客控】:HK$507']"
宜尚PLUS酒店（廣州北京路步行街大佛古寺店）,8.7,"['Simple簡致•特惠智能大床【智能客控+自然採光】:HK$452', 'Sunshine•尊享大床房【乾濕分離+minibar+採光通透】:HK$492', 'Business•商務大床房【Minibar+智能客控+落地鏡】:HK$533', 'Cinema希雲•觀影大床房【大眼橙v9百寸投影+零壓床墊】:HK$557']"
CityNote希諾酒店（廣州永慶坊西門口地鐵站店）,9.3,"['舒適大床房【全屋智控+新風系統+零壓枕+迷你冰箱】:HK$348', '希諾大床房【全屋智控+冰箱+零壓枕+落地窗+全身鏡】:HK$385', '希諾影音大床房【全屋智控+新風系統+零壓枕+巨幕投影投屏+冰箱】:HK$394', '希諾影音雙床房【全屋智控+新風系統+零壓枕+巨幕投影投屏+冰箱】:HK$402']"
珠海特區大酒店（廣州北京路步行街西門口地鐵站店）,9.0,"['特惠大床房:HK$262', '舒適標準雙床房:HK$369', '舒適大床房:HK$382', '豪華中式雙床房:HK$402']"
全季酒店（廣州天河火車東站店）,9.5,"['高級大床房A:HK$490', '高級大床房:HK$518', '商務大床房:HK$546', '雙床房:HK$573']"
廣州愛羣大酒店（北京路步行街孫逸仙紀念醫院店）,8.1,"['標準雙床房:HK$239', '標準大床房:HK$245', '江景大床房:HK$280', '江景雙床房:HK$282']"
ZMAX滿兮酒店（廣州珠江新城五羊邨地鐵站店）,9.3,"['一張床L（智能客控+舒適睡眠+mini小冰箱）:HK$460', '一張床XL（智能客控+電視可投屏+mini冰箱）:HK$484', '一張床XXL（智能客控+舒適睡眠+電視可投屏）:HK$509', '兩張床XL（智能客控+舒適睡眠+電視可投屏）:HK$565', '兩張床·親子XXL（智能客控+舒適睡眠+迷你冰箱）:HK$565']"
栢裏酒店（廣州華林寺地鐵站上下九步行街店）,9.2,"['逸裏驚喜大床房（零壓舒適床墊+無窗安靜深度睡眠）:HK$245', '栢裏大床房（舒睡空間+小度全屋智能+採光好）:HK$268', '逸裏輕奢雙床房（無窗安靜+大水壓花灑）:HK$294', '雅裏大床房（速幹負離子吹風機+前台提供化粧鏡）:HK$301']"
梵鉑（廣州白雲機場體驗店）,9.5,"['梵享特價大床房:HK$226', '梵享特價雙床房:HK$246', '悦境豪華單人房:HK$258', '新境豪華大床房:HK$260', '新境豪華雙床房:HK$303']"
環逸酒店（廣州永慶坊沙麪島店）,8.9,"['恬逸·大床房:HK$258', '品逸·大床房（通透採光）:HK$282', '閑逸·大床房（通透採光）:HK$327', '恬逸·雙床房（通透採光）:HK$342']"
廣州天河太古滙麗呈睿軒酒店,9.4,"['高級大床房（落地玻璃+安靜舒適）:HK$416', '商務大床房（靜謐學習+舒適休憩）:HK$450', '商務雙床房（靜謐學習+舒適休憩）:HK$461', '豪華大床房（雙層隔音玻璃+斯林百蘭床墊）:HK$484']"
豐寧花園酒店（北京路步行街西門口地鐵站店）,9.0,"['花園精選大床房·全屋智控·無線充電:HK$299', '花園智享大床房·全屋智控·無線充電:HK$325', '花園輕奢大床房·迷你冰箱·全屋智控·巨幕投影:HK$359', '花園智享雙床房·全屋智控·巨幕投影:HK$379']"
雅閣·維福頓輕居（廣州北京路步行街西門口地鐵站店）,9.5,"['維雅特惠大床房（智能客控）:HK$486', '維雅大床房（智能客控+智能馬桶）:HK$509', '維雅高級大床房（智能客控+開闊明亮）:HK$531', '維雅豪華大床房（小度智能客控+超大落地玻璃窗）:HK$553']"
蘭蒂斯酒店（廣州陳家祠地鐵站西華路店）,9.0,"['榻榻米大床房:HK$282', '大床房:HK$316', '高級大床房:HK$368', '高級雙床房:HK$403']"
麗楓酒店（廣州健康方舟店）,9.7,"['豪華大床房:HK$376', '豪華雙床房:HK$392', '行政大床房:HK$409', '行政雙床房:HK$425', '江景大床房:HK$442']"
維也納酒店（廣州北京路步行街大佛寺店）,9.0,"['標準大床房:HK$425', '高級大床房:HK$499', '高級雙床房:HK$517', '園景大床房:HK$525']"
良友啟程酒店（廣州西門口地鐵站北京路步行街店）,9.4,"['啟程商務大床房:HK$384', '啟程高級大床房:HK$412', '啟程商務雙床房:HK$444', '啟程豪華大床房:HK$480']"
廣州萬晟·品未酒店（北京路步行街店）,9.1,"['標準大床房:HK$399', '高級大床房:HK$433', '豪華大床房:HK$495', '榻榻米房:HK$513']"
潮漫酒店（廣州上下九步行街永慶坊店）,9.2,"['品質大床房（智能客控+零壓床墊+內窗靜謐睡眠）:HK$316', '品質優選大床房（智能客控+零壓床墊+內窗靜謐睡眠）:HK$336', '品質嚴選大床房（智能客控+零壓床墊）:HK$367', '品質優選雙床房（智能客控+零壓床墊+內窗靜謐睡眠）:HK$377']"
麗楓酒店（廣州天河石牌東路崗頂地鐵站店）,9.6,"['高級精品大床房（無窗）:HK$379', '雅緻大床房:HK$412', '豪華大床房:HK$441', '純凈自然雙床房:HK$472']"
御庭PLUS酒店（廣州上下九步行街華林寺地鐵站店）,9.0,"['舒適大床房：新風自然系統:HK$428', '影音大床房：巨幕投影觀影:HK$502', '城景大床房：智能小度客控:HK$543', '輕奢雙床房：安睡品質床墊:HK$596']"
CityNote希諾酒店（廣州北京路步行街公園前地鐵站店）,9.1,"['希諾榻榻米房（智能客控+零壓床墊+冰箱）:HK$612', '希諾影音大床房（智能客控+零壓床墊+冰箱+百寸投影）:HK$632', '希諾影音雙床房（智能客控+零壓床墊+冰箱+百寸投影）:HK$655', '豪華大床房（智能客控+零壓床墊+冰箱+智能新風系統）:HK$741']"
喆啡酒店（廣州北京路地鐵站步行街店）,9.3,"['醇享體驗房（無窗）:HK$414', '醇享生活大床房（無窗）:HK$455', '醇享大床房（無窗）:HK$505', '醇享雙床房:HK$536', '啡凡大床房:HK$576']"
致品 PIN （廣州北京路步行街農講所地鐵站店）,9.3,"['榻榻米大床房（百寸高清巨幕+小度語音）:HK$319', '觀影大床房（百寸高清巨幕+全屋智能客控）:HK$346', '高級大床房（小度語音+全屋智能客控+城市觀景）:HK$366', '觀影雙床房（百寸高清巨幕+全屋智能客控）:HK$371']"
廣州白雲山如家精選PLUS酒店,9.6,"['商務大床房（採光通透+智能客控+迷你水吧）:HK$350', '雙床房（採光通透+商務辦公桌椅+智能客控）:HK$359', '高級大床房（採光通透+智能客控+迷你水吧）:HK$377', '高級雙床房（採光通透+智能客控+商務辦公桌椅）:HK$387', '安心睡0壓大床房（靜謐舒適+石墨烯床墊+空氣凈化器）:HK$404']"
億鉑臻品公寓（廣州火車東站店）,9.1,"['特價房:HK$307', '優選大床房-落地窗+洗烘機一體機:HK$366', '優選雙床房（落地窗+冰箱，洗衣機）:HK$412', '北歐精品大床房（100寸高清投影+全景落地窗）:HK$471']"
超時光潮玩設計酒店（廣州北京路步行街大佛寺店）,9.0,"['歡享時光大床房【零壓床品+智能客控+冰箱+騰訊SVIP】:HK$495', '影院大床房【巨幕投影+影視VIP特權+零壓床墊+網紅冰箱+可投屏】:HK$534', '高級大床房 【65寸大電視+騰訊SVIP+零壓床墊+網紅冰箱+自然採光】:HK$588', '高級雙床房【零壓床墊+智能客控+冰箱+騰訊SVIP】:HK$697']"
天美·Timmy Apartment（廣州太古滙石牌橋地鐵站店）,9.1,"['迷你大床房（靜謐空間+温馨舒適）:HK$316', '日式大床房（榻榻米大床+精緻體驗）:HK$339', '精緻大床房（精緻怡然+乾淨衞生）:HK$360', '舒適大床房（乾淨舒適+城市景觀）:HK$378']"
宜尚酒店（廣州崗頂地鐵站暨南大學店）,9.1,"['智能標準大床房（舒適休憩+靜謐好眠）:HK$366', '高級大床房:HK$418', '標準雙床房（雙重隔音+靜謐學習）:HK$426', '豪華大床房（明亮視野+智能客控）:HK$463']"
