酒店名称,评分,房型价格列表
喆啡酒店（廣安加德天街店）,9.7,"['啡凡體驗房:HK$226', '醇享大床房:HK$247', '醇享雙床房:HK$247', '啡凡大床房:HK$268', '啡凡雙床房:HK$278']"
廣安思源酒店（市政府中天國際店）,9.1,"['豪華雙床房:HK$303', '豪華大床房:HK$303', '景觀大床房:HK$332', '雅緻大床房:HK$381', '家庭套房:HK$657', '行政套房:HK$755']"
全季酒店（廣安南站店）,9.6,"['高級大床房（禪意美學+品牌床墊+智能客控）:HK$321', '高級雙床房（品質舒眠+靜謐安然+商旅皆宜）:HK$321', '商務大床房（東韻西技+潔雅逸趣）:HK$340', '豪華套房（東方雅韻+智享舒居+靜謐安然）:HK$438']"
廣安希爾頓逸林酒店,8.8,"['無障礙大床房:HK$463', '逸林大床房:HK$463', '高級大床房:HK$510', '高級雙床房:HK$510', '行政大床房:HK$615', '行政雙床房:HK$615']"
禧滿鴻福酒店（廣安鄰水現代生活館店）,9.6,"['高級城景雙床房（瑋蘭零壓床墊+臨窗貴妃軟椅子+100%鵝絨被）:HK$266', '高級智能大床房（語音客控+2.7超大床+100%鵝絨被）:HK$287', '高級智能雙床房（語音客控+臨窗貴妃軟椅+100%鵝絨被）:HK$309', '豪華臻選大床房（瑋蘭零壓床墊+100%鵝絨被+三區分離）:HK$331', '歡聚家庭大床房（2.7超寬大床房+瑋蘭零壓床墊+100%鵝絨被）:HK$363']"
豪非特酒店（廣安吾悦廣場店）,9.4,"['標準雙床房-智能客控:HK$205', '標準大床房-智能客控:HK$216', '舒雅大床房-智能客控-零感床墊:HK$221', '靜雅雙床房-智能客控-靜謐輕奢:HK$221', '臻品大床房-智能客控-獨立辦公桌:HK$249']"
廣安富盈酒店,9.6,"['景觀大床房:HK$435', '景觀雙床房:HK$435', '商務房:HK$642', '豪華套房:HK$1,079', '行政套房:HK$2,499', '富盈套房:HK$3,591']"
岳池歡宅鑽石酒店,9.6,"['歡宅.特惠大床房:HK$281', '歡宅.精品雙床房:HK$286', '歡雅.精品大床房:HK$287', '歡雅.豪華雙床房:HK$303', '歡享.景觀大床房:HK$317']"
萬貫財富酒店（廣安南站店）,9.6,"['輕享大床房:HK$152', '輕享雙床房:HK$152', '悦享大床房:HK$184', '悦享雙床房:HK$184']"
廣安東陽國際大酒店,8.9,"['温馨大床房:HK$293', '特價標間:HK$293', '豪華大床房:HK$315', '豪華雙床房:HK$325', '觀景大床房:HK$325']"
御食小築,9.6,"['高級雙床房:HK$147', '舒適雙床間:HK$147']"
廣安億林豪生酒店,9.5,"['億林高級大床房:HK$369', '億林高級雙床房:HK$369', '億林特價大床房:HK$378', '億林豪華大床房:HK$424', '億林豪華雙床房:HK$424']"
武勝安泰印山錦江賓館,9.6,"['精緻大床房:HK$358', '精緻雙床房:HK$369', '雅緻雙床房:HK$390', '雅緻江景大床房:HK$401', '豪華江景大床房:HK$423']"
廣安南站錦江都城酒店,9.6,"['精緻商務房:HK$205', '精緻雙床房:HK$215', '風雅商務房:HK$216', '風雅雙床房:HK$278', '都會雙床房:HK$297']"
帝倫汀酒店（鄰水宏帆廣場汽車客運中心店）,9.7,"['精緻·智享大床房（智能設備＋中央空調）:HK$239', '精緻·智享雙床房（智能馬桶＋舒適棉床品）:HK$249', '雅緻·智享大床房（智能客控+電視可投屏）:HK$262', '尊享·超寬豪華大床房（全屋AI智能+電視可投屏）:HK$272']"
廣安金福國際大酒店,9.4,"['高級大床房:HK$325', '高級雙床房:HK$325', '豪華大床房:HK$411', '行政大床房:HK$850']"
華鎣山大酒店,8.6,"['豪華單間:HK$541', '豪華標間:HK$542', '特價大標間:HK$542']"
廣安遇見民宿,10.0,"['精品大床房:HK$124', '温馨大床房:HK$128', '豪華大床房:HK$132']"
蘭歐尚品酒店（吾悅廣場華西廣安醫院店）,9.5,"['蘭歐高級雙床房（品牌床墊+智能客控+乾濕分離）:HK$185', '蘭歐高級大床房（全屋智能控制+乾濕分離）:HK$185', '蘭歐豪華大床房（宜真養生睡眠床墊+全屋智能語音控制）:HK$369', '蘭歐豪華雙床房（全屋語音控制+電視投屏+助眠枕）:HK$369']"
武勝嘉豪大酒店,9.0,"['商務標準間:HK$281', '江景豪華親子房:HK$533']"
好客精選酒店（武勝假日廣場店）,9.5,"['精選智能大床房（功夫茶具+全屋智能+65寸高清電視投屏）:HK$182', '精選智能雙床房（功夫茶具+全屋智能+65寸高清電視投屏）:HK$190', '雅緻智能大床房（公區自助洗衣機+全屋智能+65寸高清電視投屏）:HK$218', '精選智能親子房（家庭大小床+全屋智能+65寸高清電視投屏）:HK$258']"
會江樓·美輪美奐酒店,9.2,['曦月府雙床房:HK$427']
華冠酒店（廣安吾悦廣場店）,9.1,"['智能單人房丨智能客控+手機投屏+席夢思床墊:HK$208', '豪華單人房丨智能客控+手機投屏+席夢思床墊:HK$231', '豪華雙床房丨智能客控+手機投屏+席夢思床墊:HK$231', '行政大床房丨智能客控+手機投屏+席夢思床墊:HK$231']"
海友酒店（廣安北辰汽車總站店）,9.4,"['大床房A（公區洗衣房+無線電視投屏+靜謐舒適）:HK$130', '雙床房A（公區洗衣房+無線電視投屏+靜謐舒適）:HK$130', '大床房（公區洗衣房+無線電視投屏+靜謐舒適）:HK$140', '高級雙床房（公區洗衣房+無線電視投屏+靜謐舒適）:HK$151']"
世紀大酒店（岳池火車站人民法院店）,9.3,"['全智能語音系統-優選雙床房（乳膠床墊+貴妃椅+獨立辦公桌）:HK$204', '全智能語音系統-優選大床房（輕奢舒適+獨立辦公桌）:HK$224', '高級商務-行政雙床房（深睡眠+獨立辦公椅）:HK$233', '180度景觀茶藝大床房（一覽城景+高端茶具）:HK$243']"
速8精選酒店（廣安思源廣場市政府店）,9.3,"['智能大床房（智能客控+電視投屏）:HK$202', '智能雙床房（智能客控+電視投屏）:HK$202', '商務大床房（智能客控+電視投屏+衞生間三區分離）:HK$230', '尊享雙床房（超大空間+零壓床墊+全智能客控）:HK$251']"
安泰世紀酒店（岳池火車站師大天街店）,9.6,"['特惠大床房:HK$184', '特惠標間:HK$184', '精品商務標間:HK$195', '精品商務大床房:HK$206', '舒享標間:HK$217']"
維也納酒店（廣安小平故居店）,9.5,"['高級大床房:HK$225', '高級雙床房:HK$241', '豪華大床房:HK$249', '行政棋牌大床房:HK$254']"
如家酒店·neo（廣安金安大道市民廣場店）,9.2,"['雙床房A:HK$130', '商務大床房:HK$138', '雙床房:HK$138', '高級大床房:HK$162']"
廣安凌雲華冠酒店,9.5,"['智慧豪華大床房:HK$199', '智慧豪華標間:HK$199', '智慧至尊大床房:HK$225', '智慧至尊標間:HK$225']"
武勝華府大酒店,9.2,"['行政標間:HK$278', '行政單間:HK$287', '商務單間:HK$313', '豪華機麻套房:HK$557']"
維也納國際酒店（廣安吾悦廣場店）,9.5,"['高級大床房:HK$251', '高級雙床房:HK$251', '商務大床房:HK$269', '豪華大床房:HK$286']"
凰騰築夢酒店（廣安鄰水宏帆廣場店）,9.6,"['智享丨城景大床房（Ai智能客控+4K高清大屏電視+喜臨門零壓床墊）:HK$264', '智享丨城景雙床房（Ai智能客控+錦緞床品+100%鵝絨被）:HK$271', '暢享丨榻榻米雙床房（智能語音客控+智能馬桶+65寸投屏電視）:HK$313', '樂享丨榻榻米親子房（智能語音客控+卡通主題+加熱馬桶）:HK$320', '尊享丨城景豪華套房（Ai智能客控+全景環幕視角+獨立客廳+功夫茶具+舒適浴缸）:HK$514']"
駿怡連鎖酒店（廣安火車站店）,8.8,"['特價大床房:HK$122', '特價雙床房:HK$132', '商務大床房:HK$142', '智能投影大床房（天貓精靈智能客控+品牌床墊+蕎麥枕）:HK$142']"
嘉仕頓酒店（廣安市民廣場店）,9.2,"['特惠雙床房:HK$193', '商務大床房:HK$202', '雅緻雙床房:HK$202', '豪華大床房:HK$221']"
尚客優品酒店（廣安華鎣店）,9.5,"['優|智能雙床房:HK$339', '優|高級大床房:HK$340', '優|智能大床房:HK$344', '優|智能影音房:HK$353']"
麗楓酒店（廣安金瑞國際廣場店）,9.4,"['高級大床房（無窗）:HK$208', '商務大床房:HK$252', '景觀大床房:HK$295', '浪漫尊享房:HK$304']"
廣安金梅國際酒店（神龍山巴人古堡店）,9.4,"['豪華雙床房:HK$213', '豪華大床房:HK$213', '雅緻大床房:HK$239', '雅緻雙床房:HK$239']"
尋彌禧宅民宿,9.8,"['青絲 | 温馨親子房:HK$325', '瓊芳丨豪華標準房:HK$532']"
維也納3好酒店（廣安鄰水現代生活館店）,9.5,"['高級大床房:HK$239', '豪華雙床房:HK$262', '豪華大床房:HK$284', '豪華家庭房:HK$302']"
良港輕居酒店（廣安思源廣場吾悅廣場店）,9.8,"['高級大床房（全智能客控+衞生間三區分離+零壓床墊）:HK$179', '高級雙床房（全智能客控+電視投屏+零壓床墊助眠）:HK$179', '豪華大床房（自助洗衣房+公共健身房+衞生間三區分離）:HK$198', '豪華雙床房（衞生間三區分離+電視可投屏+零壓床墊助眠）:HK$198']"
沐光·美居民宿酒店（廣安吾悦廣場店）,9.8,"['「沐光·Air」影院大床房丨100寸激光投影丨深眠乳膠床墊丨影視會員:HK$181', '「沐光·Pro」影院大床房丨100寸激光投影丨深眠零壓床墊丨獨享洗衣丨影視會員:HK$192', '「沐光·Max」巨幕浴缸大床房丨120寸激光巨幕丨深眠乳膠床墊丨舒享浴缸丨獨享洗衣機丨影視會員:HK$202', '「沐光·Pro Max」·巨幕浴缸大床房丨120寸巨幕丨深眠零壓床墊丨靜享泡泡浴丨獨享洗衣機丨影視會員:HK$214']"
聽澗民宿（廣安職業技術學院店）,9.8,"['【童話裏】高清豪華投影大床房:HK$220', '精品雙床房:HK$225', '江景豪華大床房:HK$229', '【童話裏】高清投影大床房:HK$305']"
維也鈉酒店（廣安南站店）,9.3,"['標準單人間:HK$169', '高級大床房:HK$188', '高級雙床房:HK$188', '豪華雙床房:HK$190']"
藍舍酒店（武勝縣政府店）,9.3,"['拾光丨格調大床房:HK$156', '簡影丨風尚雙床房:HK$169', '拾光丨格調雙床房:HK$181', '萌趣丨歡樂親子房:HK$205']"
風格時尚酒店（鄰水宏帆廣場縣政府店）,9.2,"['好眠大床房（空氣凈化器+負離子）:HK$98', '城景大床房（三玻隔音+觀城景）:HK$119', '零壓雙床房（零壓床墊+辦公桌）:HK$127', '温存圓床房:HK$127']"
鄰水銀鼎酒店,9.3,"['樂選怡悦陽光大床房:HK$134', '樂選怡悦雅緻雙床房:HK$134', '優選舒怡玲瓏大床房:HK$155', '舒眠零壓園景雙床房:HK$155', '暢眠零壓山景雙床房:HK$179']"
岳池豪庭假日酒店,9.1,"['經濟雙床房:HK$154', '標準雙床房:HK$164', '商務雙床房:HK$187', '商務大床房:HK$187']"
漢庭酒店（廣安華鎣店）,9.5,"['高級大床房:HK$197', '城景雙床房（智能馬桶+投屏電視+超大落地窗）:HK$197', '城景大床房（陽光滿屋+投屏電視+智能馬桶）:HK$217', '豪華大床房:HK$226']"
希岸酒店（廣安南站店）,9.6,"['豪華雙床房【智能客控+煥新】:HK$183', '希岸大床房【智能客控+煥新】:HK$183', '豪華大床房【智能客控+煥新】:HK$205', '顏值Lab【智能客控+煥新】:HK$227']"
