酒店名称,评分,房型价格列表
延旅·延安賓館,9.5,"['特惠雙床房:HK$347', '特惠大床房:HK$403', '豪華雙床房:HK$424', '豪華大床房:HK$457', '高級雙床房:HK$609', '高級大床房:HK$642']"
延安金澤國際酒店（寶塔山店）,9.4,"['豪華大床房丨大窗户+臨街觀景:HK$260', '豪華標準間丨大窗户+臨街觀景:HK$260', '寶塔景觀標間（俯瞰寶塔夜景+延河河景）:HK$390', '寶塔景觀單間（俯瞰寶塔夜景+延河河景）:HK$390', '雅緻親子房（小童用具+温馨雙床）:HK$642', '豪華套房（特大床+會客廳+長沙發+商務休閑+開闊視野）:HK$652']"
延安東聖酒店（寶塔山萬達廣場店）,9.6,"['空境大床房【輕盈好眠+零壓床墊】:HK$238', '隱市大床房【中央軟水＋零壓床墊】:HK$262', '隱市雙床房【中央軟水＋零壓床墊】:HK$262', '山語雙床房【潔凈舒適+盡享城景】:HK$295', '山語大床房【潔凈舒適+商務服務】:HK$295']"
漢庭酒店（延安新區吾悦廣場店）,9.7,"['高級大床房 （投屏電視）:HK$301', '商務大床房 （投屏電視）:HK$330', '商務雙床房 （投屏電視）:HK$360', '家庭房 （投屏電視）:HK$398']"
延安聖鑫酒店（中心街王家坪店）,9.7,"['風尚大床房（私密空間+舒睡好眠+絲滑軟水沐浴 ）:HK$205', '優享大床房（輕奢優選+辦公桌椅+絲滑軟水淋浴）:HK$211', '精選大床房（閣樓設計+獨立茶桌+絲滑軟水沐浴）:HK$221', '精選雙床房（ 閣樓設計+輕盈睡眠+絲滑軟水淋浴）:HK$224', '景緻大床房（觀彩虹橋+舒緩治癒+絲滑軟水沐浴）:HK$259']"
延安左末酒店（寶塔山店）,9.6,"['優享大床房（智能客控+通透採光+舒睡好眠）:HK$238', '優享雙床房（智能客控+通透採光+舒睡好眠）:HK$238', '75寸· 影音大床房（智能投屏＋頭等太空沙發）:HK$269', '尊享豪華雙床房（智能客控+頭等太空沙發+舒緩治癒）:HK$269', '尊享山景大床房（180°超大落地窗+頭等太空沙發）:HK$289']"
延安翠泉酒店,9.4,"['翠泉園景豪華雙床房:HK$453', '翠泉園景豪華大床房:HK$453', '貴賓樓·窯洞藝術雙床房:HK$588', '貴賓樓·窯洞藝術大床房:HK$588', '貴賓樓·豪華大床房:HK$633', '貴賓樓·庭院景觀雙床房:HK$676']"
聖鑫酒店（延安寶塔山店）,9.8,"['靜謐雙床房:HK$212', '靜謐大床房:HK$212', '靜雅大床房:HK$228', '雅逸高級大床房:HK$251']"
亞朵酒店（延安新區市政府店）,9.1,"['雅緻房:HK$394', '高級大床房:HK$412', '高級雙床房:HK$412', '幾木大床房:HK$429', '幾木雙床房:HK$429']"
延安旅遊大廈（寶塔山夜市二道街店）,9.7,"['雅緻雙床房:HK$419', '商務大床房:HK$419', '舒適雙床房:HK$424', '舒逸大床房:HK$424', '雅緻親子間:HK$438']"
延安棗園賓館,9.5,"['豪華大床房:HK$325', '豪華雙床房:HK$325', '豪華兩居家庭套房:HK$831', '豪華兩居商務套房:HK$831', '至尊三居景觀套房:HK$1,136']"
延安萬達嘉華酒店,9.2,"['窯洞風湖景大床房:HK$690', '窯洞風湖景雙床房:HK$690', '窯洞湖景庭院炕房:HK$1,150', '紅色主題窯洞湖景庭院炕房:HK$1,199', '窯洞風湖景套房:HK$1,332', '窯洞湖景豪華套房:HK$1,575']"
延安治平四季和光酒店,9.6,"['暮影大床房:HK$346', '暮光榻榻米:HK$365', '晨曦雙床房【明亮採光＋辦公桌椅】:HK$372', '晨曦大床房【親膚純棉四件套】:HK$372', '四季觀景大床房【小度智能＋休閑沙發】:HK$431']"
延安美居酒店,9.6,"['標準大床房:HK$407', '高級大床房:HK$437', '高級雙床房:HK$437', '豪華大床房:HK$467', '豪華雙床房:HK$467']"
睿恩酒店（寶塔山萬達廣場店）,9.6,"['智慧觀影雙床房（私密空間）:HK$215', '智慧優選雙床房（電視投屏·零壓床墊·智能聲控·中央軟水）:HK$227', '智慧高級大床房（親膚純棉四件套·舒適深眠·零壓床墊·智能聲控·中央軟水）:HK$241', '智慧陽光雙床房（VIP影視會員·零壓床墊·智能聲控·中央軟水）:HK$245']"
6號未來酒店（延安寶塔山萬達廣場店）,9.5,"['忘憂私密大床房（無窗）:HK$274', '忘憂觀景大床房:HK$295', '未來商旅雙床房:HK$316', '影院智能大床房:HK$327', '影院民俗大床房:HK$338']"
延安棗園亞朵酒店,9.6,"['雅緻大床房:HK$394', '高級大床房:HK$420', '高級雙床房:HK$420', '行政大床房:HK$447', '行政雙床房:HK$447']"
延安楠林宏越國際大酒店,9.5,"['豪華雙床房:HK$355', '豪華大床房:HK$364', '豪華親子房:HK$395', '行政雙床房:HK$451', '行政大床房:HK$476']"
AI住未來酒店（延安寶塔山店）,9.4,"['AI未來智夢大床房（護頸枕+愛奇藝VIP+巨幕投影）:HK$243', 'AI未來智夢雙床房（護頸枕+愛奇藝VIP+巨幕投影）:HK$245', 'AI未來智享大床房（智能馬桶+愛奇藝VIP+護頸枕）:HK$253', 'AI未來智領雙床房（智能馬桶+愛奇藝VIP+護頸枕）:HK$268']"
ZMAX 滿兮酒店（延安百米大道寶塔山店）,9.3,['兩張床 親子XXL:HK$581']
延安治平酒店（清水天河吾悦廣場店）,9.5,"['電競三人間:HK$340', '科幻三人間:HK$340', '靜謐大床房:HK$340', '靜謐雙床房:HK$340', '商務大床房（負離子新風氧氣）:HK$351', '樂享親子間:HK$387']"
延安王梓酒店,9.6,"['雅緻雙床房（無窗）:HK$356', '雅緻大床房（無窗）:HK$362', '商旅大床房:HK$378', '陽光大床房:HK$397', '商旅雙床房:HK$404']"
美豪酒店（延安寶塔山店）,9.6,"['私密空間大床房（無窗）:HK$305', '私密空間雙床房（無窗）:HK$305', '維多利亞大床房:HK$376', '維多利亞雙床房:HK$376', '愛丁堡影院大床房:HK$502']"
延安新區魯藝公園亞朵酒店,9.7,"['雅緻雙床房:HK$376', '高級大床房:HK$394', '高級雙床房:HK$394', '行政大床房:HK$429', '行政雙床房:HK$429']"
延安兀裏紅謠窯洞酒店,9.2,"['聽風、窯洞玲瓏炕房:HK$379', '倚山、窯洞雙炕房:HK$403', '聽風、窯洞雙炕房:HK$416', '倚山、窯洞炕桌雙人房:HK$426', '聽風、窯洞親子炕房:HK$489']"
延安國勝賓館（雙擁大道寶塔山店）,9.6,"['雅居潔凈雙床房（雅緻靜逸+乾濕分離）:HK$214', '雅居潔凈大床房（雅緻靜逸+乾濕分離）:HK$241', '雅軒恬靜雙床房（簡約時尚+乾濕分離）:HK$251', '雅軒陽光雙床房（充足採光+獨立辦公桌）:HK$262', '雅軒陽光大床房（充足採光+獨立辦公桌）:HK$272']"
美麗豪酒店（延安寶塔山店）,8.7,"['靜謐大床房:HK$239', '靜謐大床房A:HK$261', '精緻大床房:HK$348', '精緻雙床房:HK$348', '雅緻大床房:HK$381']"
歡瑞酒店（延安寶塔山店）,9.5,"['歡瑞|玲瓏靜謐大床房:HK$291', '歡瑞|玲瓏靜謐雙床房:HK$291', '歡悦|舒壓寧靜大床房:HK$291', '歡悦|舒壓寧靜雙床房:HK$291']"
延安仟那酒店（新區全民運動中心店）,9.6,"['仕居雙床房:HK$326', '仕居大床房:HK$359', '竹溪雙床房:HK$391', '竹溪大床房:HK$435', '隱仕大床房:HK$545']"
清悦酒店（延安火車站店）,9.3,"['精緻大床房【智能客控+乳膠床墊】:HK$147', '舒適雙床房【智能客控+乾濕分離+零壓記憶床墊】:HK$195', '舒適大床房【辦公桌椅+電動窗簾+零壓記憶床墊】:HK$201', '高級雙床房【深度睡眠+親膚床品+乾濕分離】:HK$203']"
延安萬達錦華酒店,9.2,"['陝北風情湖景大床房:HK$484', '陝北風情湖景雙床房:HK$484', '陝北風情庭院湖景大床房:HK$727', '陝北風情庭院湖景雙床房:HK$727', '家庭湖景套房:HK$968', '陝北風情湖景套房:HK$1,090']"
延安延飛麗繽酒店,9.4,"['豪華雙床房:HK$255', '豪華大床房:HK$255', '臨河雙床房:HK$267', '商務套房:HK$534', '行政套房:HK$575']"
延安魯藝窯苑民宿,9.8,"['標準雙人房:HK$271', '標準大床房:HK$271', '豪華套房:HK$365', '家庭套房:HK$374']"
白玉蘭酒店（延安寶塔山百米大道店）,9.4,"['蘭舒雙床房:HK$249', '蘭舒大床房:HK$271', '蘭舒大床套房:HK$335', '玉舒家庭房:HK$335']"
萬澳酒店（延安寶塔山店）,9.4,"['萬澳高級雙床房（智能客控+氫氧枕安心睡眠）:HK$347', '萬澳景觀雙床房（開闊視野+延河相伴+氫氧枕安心睡眠）:HK$409', '萬澳商務雙床房（窗外好景+智能客房+氫氧枕安心睡眠）:HK$471', '萬澳景觀大床房（三山環繞+智能客控+氫氧枕安心睡眠）:HK$534']"
延安百米大道寶塔山亞朵酒店,9.5,"['雅緻雙床房:HK$349', '高級雙床房:HK$358', '高級大床房:HK$385', '行政雙床房:HK$412', '行政大床房:HK$429']"
延安大酒店,8.9,"['標準雙床房:HK$260', '豪華大床房:HK$325', '豪華雙床房:HK$325', '行政雙床房:HK$391', '行政親子房:HK$424']"
延安聖第錦成藝術酒店（百米大道店）,9.2,"['錦綉舒適雙床房（自然眠愈+簡約設計）:HK$397', '錦綉舒適大床房（輕盈美夢+舒睡好眠）:HK$397', '錦致豪華雙床房（潔凈舒適＋採光充足）:HK$457', '錦致豪華大床房（潔凈舒適＋採光充足）:HK$457', '錦致臻選三人房（舒睡好眠+城市夜景）:HK$489']"
延安麗森酒店（百米大道店）,9.3,"['特惠行政雙床房（雅蘭舒適床墊）:HK$246', '商務雙床房（雅蘭舒適床墊）:HK$359', '特惠行政雙床套房（一室一廳+舒適空間）:HK$359', '零壓舒睡豪華大床房（深睡好眠+零壓床品）:HK$411', '零壓舒睡豪華雙床房（深睡好眠+零壓床品）:HK$411']"
延安楓霖酒店,9.1,"['楓韻大床房:HK$204', '楓雅雙床房:HK$227', '楓和家庭房:HK$292', '楓盈家庭房:HK$376']"
延旅·榮華酒店,9.3,"['特惠雙床房:HK$148', '舒適雙床房:HK$300', '萌趣寶貝親子間:HK$330', '舒適大床房:HK$359', '豪華雙床房:HK$372']"
延安黃土情大酒店,9.3,"['特惠雙床房:HK$156', '陝北炕房:HK$187', '標準雙床房:HK$187', '商務標準間:HK$248']"
潤風酒店（延安寶塔山中心街萬達廣場店）,9.5,"['優享智能客控親子房（親子童趣➕歡樂親子時光）:HK$227', '浪漫純享大床房（靜謐舒適+電視投屏）:HK$290', '豪華雙床房（小度智能+零壓記憶床墊）:HK$342', '觀景大床房（觀寶塔山延河景觀+辦公桌椅+小度智能）:HK$354']"
延安錦海園酒店（楊家嶺革命舊址店）,9.3,"['特惠雙床房（空調）:HK$190', '忘優私密大床房:HK$192', '戀戀不忘圓床房:HK$212', '錦海園大床房（空調）:HK$250']"
延安紅星園國際酒店,9.4,"['優享雙床房:HK$379', '豪華大床房:HK$434', '豪華雙床房:HK$434', '行政大床房:HK$761', '行政雙床房:HK$761', '商務套房:HK$1,002']"
金延安半隱民宿,9.5,"['靜舒大床房:HK$413', '靜安雙床房:HK$413', '酷吖LOFT親子房:HK$589', '花築套房:HK$589']"
秦合窯洞民宿（鳳凰山景區店）,9.6,"['窯洞標準間:HK$189', '豪華雙床房:HK$228', '窯洞大炕房:HK$243', '豪華窯洞大炕房:HK$281']"
吉祥花園酒店（延安市政府店）,9.5,"['標準雙床房:HK$413', '高級大床房:HK$444', '高級雙床房:HK$444', '豪華大床房:HK$485', '豪華雙床房:HK$485']"
漢庭酒店（延安大學楊家嶺店）,9.6,"['大床房【投屏電視】:HK$224', '高級大床房【投屏電視】:HK$242', '高級雙床房【投屏電視】:HK$253', '家庭房【投屏電視】:HK$272']"
延安悦星酒店（延大楊家嶺舊址店）,9.5,"['普通標間:HK$286', '雅悦行政大床房:HK$371', '雅悦行政雙床房:HK$402', '悦美豪華親子套房:HK$408', '悦享商旅雙床房:HK$415']"
