酒店名称,评分,房型价格列表
張家口威尼斯大酒店,9.7,"['商務標準間:HK$498', '商務大床間:HK$502', '豪華標準間:HK$518', '豪華大床房:HK$518', '親子房A:HK$566', '親子房B:HK$566']"
亞朵酒店（張家口市政府清水河南路店）,9.8,"['高級大床房（投屏電視+語音客控+小冰箱）:HK$387', '行政大床房（投屏電視+語音客控+智能馬桶+小冰箱）:HK$420', '高級雙床房（投屏電視+語音客控+智能馬桶+小冰箱）:HK$449', '幾木大床房（投屏電視+語音客控+小冰箱+深睡枕PRO）:HK$490', '行政景觀雙床房（投屏電視+語音客控+智能馬桶+小冰箱）:HK$650']"
張家口藍鯨瑞海酒店,9.4,"['高級大床房:HK$523', '高級雙床房:HK$523', '零壓高級大床房:HK$557', '零壓高級雙床房:HK$557', '豪華大床房:HK$926', '豪華套房:HK$1,462']"
太舞小鎮帕思頓酒店,9.7,"['優享一卧套房【陽台+洗/烘衣機+浴缸+客廳】:HK$1,207', '家庭一卧套房【陽台+洗/烘衣機+浴缸+客廳】:HK$1,425', '安睡一卧套房（智能床墊）【陽台+洗|烘衣機+客廳】:HK$1,709', '優享兩卧套房【陽台+洗/烘衣機+雙衞】:HK$1,752', '邁克狐劇本遊戲親子主題房A:HK$1,752']"
張家口高鐵站市民中心亞朵酒店,9.8,"['高級大床房（智能投屏+獨立辦公桌+裸棉床品）:HK$359', '行政大床房（深睡枕PRO+裸棉床品+智能投屏+獨立辦公桌）:HK$420', '高級雙床房（智能投屏+獨立辦公桌+裸棉床品）:HK$449', '幾木大床房（深睡枕PRO+小冰箱+智能投屏+獨立辦公桌）:HK$490', '幾木雙床房（深睡枕PRO+小冰箱+智能投屏+獨立辦公桌）:HK$530']"
張家口國際大酒店（B座）,9.7,"['B座標準間（現代簡約風）:HK$298', 'B座大床間（現代簡約風）:HK$298', 'B座豪華大床房（安枕而卧）:HK$351', 'B座親子房LOFT（複式空間）:HK$372']"
園景智選假日酒店（張家口林園路第七中學店）,9.5,"['高級房大床:HK$301', '高級房雙床:HK$301', '高級房:HK$301', '高級房 大床 更大面積:HK$328']"
張家口北辰五洲皇冠酒店,9.7,"['豪華大床房:HK$440', '豪華標準間:HK$440', '行政大床房:HK$653', '行政標準間:HK$653', '埃及萌神親子房:HK$751', '喜羊羊與灰太狼親子房:HK$751']"
太舞小鎮A＆B HOTEL,9.3,"['特惠兩居雙床房:HK$763', '舒適大床房:HK$818', '一居雙床房:HK$927', '兩居雙床房:HK$1,391', '兩居家庭房:HK$1,391']"
張家口富龍風鈴樂谷煥活酒店,8.6,"['幽享星空•一抹暖陽•大床房:HK$642', '活力街景•流光溢彩•大床房:HK$751', '活力街景•流光溢彩•雙床房:HK$861', '湖畔謐境•拾光陽台•大床房:HK$861', '枕山逸居•拾光陽台•大床房:HK$861']"
崇禮洲際酒店,9.5,"['豪華房 超大床:HK$801', '豪華房 2張雙人床:HK$801', '豪華房 2張雙人床 庭院:HK$1,074', '單卧套房:HK$1,892', '大使套房:HK$2,983', '皇室套房:HK$17,348']"
蔓蘭家的四季,9.5,"['尊享大床房:HK$434', '尊享雙床房:HK$434', '桃源複式房:HK$467', '輕奢豪華套房:HK$543']"
喆啡酒店（張家口站市政府店）,9.7,"['啡凡體驗房:HK$323', '醇享雙床房:HK$350', '醇享大床房:HK$384', '啡凡大床房:HK$425']"
喆啡酒店（張家口維多利亞廣場五一東大街店）,9.3,"['醇享大床房:HK$325', '醇享雙床房:HK$342', '啡凡大床房:HK$351', '啡凡商旅行政房:HK$360']"
張家口夢特芳丹假日酒店,9.3,"['高級雙床房:HK$514', '高級大床房:HK$603', '豪華雙床房:HK$603', '豪華大床房:HK$649', '高級家庭房:HK$822']"
崇禮逸衡酒店,9.5,"['高級房 超大床:HK$577', '高級房 2張雙人床:HK$577', '高級房:HK$577', '高級房 超大床 户外起居區域:HK$686', '高級房 2張雙人床 户外起居區域:HK$686']"
錦頤優選酒店（張家口高鐵站店）,9.8,"['雅緻大床房（慕思床墊+智能客控+高端洗護）:HK$347', '高級雙床房（慕思床墊+智能客控+商務辦公桌）:HK$372', '影音大床房（慕思床墊+智能客控+巨幕投影）:HK$396', '行政雙床房（慕思床墊+智能客控+全景落地窗）:HK$396']"
麗楓酒店（張家口明德北大境門店）,9.4,"['雅緻雙床房:HK$373', '純凈自然雙床房:HK$451', '浪漫尊享房:HK$850']"
張家口雲瑧金陵翠雲山酒店,9.5,"['高級雙床園景房:HK$898', '高級大床房園景房:HK$898', '高級雙床山景房:HK$1,027', '高級大床山景房:HK$1,027', '豪華大床房:HK$1,155', '豪華翠狍親子大床房:HK$1,539']"
全季酒店（張家口崇禮裕興路店）,9.8,"['高級大床房（全屋語音客控+智能馬桶+單體空調）:HK$462', '大床房（全屋語音客控+智能馬桶+單體空調）:HK$462', '雙床房（全屋語音客控+智能馬桶+單體空調）:HK$508', '舒壓高級大床房（全屋語音客控+智能馬桶+單體空調）:HK$536']"
太舞小鎮太舞酒店,9.2,"['太舞大床房:HK$818', '太舞雙床房:HK$818', '安睡大床房（床墊軟硬調節+足部加熱+ 音波枕）:HK$900', '安睡家庭房（床墊軟硬調節+足部加熱+ 音波枕）:HK$982', '豪華套房:HK$1,227', '夢幻MyRoom主題套房:HK$1,391']"
張家口如域·飛鳥假日酒店,9.4,"['舒適大床房:HK$274', '輕享大床房:HK$293', '輕享雙床房:HK$293', '零壓大床房:HK$329']"
張家口雪如意維景酒店,9.3,"['園景高級雙床房:HK$602', '特惠雙床房:HK$602', '園景豪華大床房:HK$741', '豪華家庭房:HK$741', '豪華套房:HK$926']"
張家口崇禮太舞凱悦嘉軒酒店,9.0,"['標準雙床（帶聯通門）:HK$724', '標準大床（帶聯通門）:HK$800', '大床房:HK$851', '雙床房:HK$851', '城市街景大床房:HK$876']"
麗楓酒店（張家口市政府店）,9.7,"['豪華雙床房:HK$400', '商務大床房:HK$455', '純凈自然大床房:HK$471', '浪漫優享房:HK$489']"
葉與晨電競電影酒店（新華街尚峯廣場店）,9.7,"['巨幕影音大床房:HK$309', 'PS5電視大床房:HK$323', '優選電競電影大床房（顯卡:RTX4060Ti+CPUi5-12600KF）:HK$408', '優選電競電影雙床房（顯卡:RTX4060Ti+CPUi5-12600KF）:HK$408']"
張家口下花園藍鯨麗呈酒店,9.4,"['觀影大床房:HK$239', '觀影雙床房:HK$239', '豪華大床房:HK$261', '豪華標間:HK$261', '優享雙床房:HK$261']"
張家口崇禮富龍四季小鎮度假酒店,9.3,"['高級房大床:HK$989', '高級房雙床:HK$989', '高級房:HK$989', '高級大床房高樓層:HK$1,099', '高級雙床房高樓層:HK$1,099', '豪華大床房:HK$1,295']"
崇禮悦客公寓式酒店（富龍滑雪場店）,9.6,"['富龍浪漫大床房（地暖+甲魔王推薦攝像頭探測器）:HK$265', '富龍豪華套房（地暖+甲魔王推薦攝像頭探測器）:HK$293', '舒享雙床房（地暖+冰箱+洗衣機+甲魔王推薦攝像頭探測器）:HK$293', '優選精緻兩居套房（雙陽台+地暖+甲魔王推薦攝像頭探測器）:HK$524']"
張家口宣化賓館,9.1,"['B座經濟標準間:HK$192', 'B座經濟單人間:HK$192', 'C座精品單間:HK$217', 'C座商務標間:HK$265', 'C座商務單間:HK$265']"
張家口山旮裏旯私人野奢温泉酒店,9.3,"['高級大床房:HK$274', '高級雙床房:HK$293', '豪華大床房:HK$293', '精選家庭房:HK$397', '高級家庭房:HK$423']"
張家口密苑太子酒店,9.0,"['公寓雙床房:HK$419', '公寓大床房:HK$444', '公寓一室一廳套房:HK$524', '公寓親子套房:HK$524']"
崇禮翠雲山皇冠假日度假酒店,9.5,"['高級房 大床:HK$753', '豪華房 大床 山景:HK$807', '豪華房 雙床 山景:HK$807', '豪華房 山景:HK$807', '豪華房 雙床 湖景:HK$916', '豪華房 大床 湖景:HK$916']"
太舞小鎮雪麓居温泉酒店,9.3,"['一居大床房:HK$927', '安睡一居室（床墊軟硬調節+足部加熱+音波枕）:HK$1,036', '兩居大床房:HK$1,391', '兩居家庭房:HK$1,484', '超大兩居室:HK$1,577']"
雲頂奧雪公寓,9.5,"['觀景大床房（露台+歺廚具+空調+紗門）:HK$436', '觀景套房（智能馬桶蓋+歺廚具+空調+紗門）:HK$545', '觀景LOFT套房（智能馬桶蓋+歺廚具+浴缸+紗門）:HK$600', '獨院LOFT套房（可燒烤+智能馬桶蓋+浴缸+紗門）:HK$665']"
張家口藝海國際商務酒店,9.3,"['舒適雙床房:HK$196', '舒適大床房:HK$196', '豪華標準房:HK$218', '豪華大床房:HK$218', '商務套房:HK$249']"
張家口雪如意睿景酒店,9.1,"['高級雙床房:HK$555', '高級大床房:HK$555', '園景家庭房:HK$695', '如意套房:HK$834']"
崇禮太舞小鎮源宿酒店,9.4,"['標準大床客房:HK$733', '源宿大床客房:HK$842', '源宿雙床客房:HK$842', '源宿山景大床客房:HK$951', '源宿山景雙床客房:HK$951']"
怡庭酒店（下花園店）,9.8,"['怡享觀景雙床房【小冰箱➕深睡枕➕富氫水➕可投屏電視】:HK$424', '怡享觀景大床房【可投屏65寸電視➕小冰箱➕富氫水】:HK$435', '怡享家庭親子房【小冰箱➕可投屏65寸電視➕富氫水】:HK$512', '怡養觀景套房【小冰箱+富氫水+深睡枕➕可投屏電視】:HK$654']"
張家口新華大廈（尚峯廣場店）,9.0,"['特惠大床房:HK$249', '特惠雙床房:HK$249', '商務大床房:HK$325', '商務雙床房:HK$325']"
藍鯨悦海酒店（張家口崇禮店）,8.5,"['高級大床房:HK$448', '高級標準間:HK$519', '豪華大床房:HK$550', '豪華標準間:HK$582', '零壓豪華大床房:HK$618']"
張家口容辰國際假日酒店,8.8,"['零壓高級標準間:HK$532', '零壓高級大床房:HK$543']"
喆啡酒店（張家口下花園高鐵站店）,9.5,"['醇享生活大床房:HK$204', '醇享大床房:HK$212', '啡凡大床房:HK$236', '啡凡雙床房:HK$252']"
你好酒店（張家口宣化一中鼓樓前街店）,9.5,"['大床房:HK$240', '高級大床房:HK$280', '雙床房:HK$301', '高級雙床房:HK$321']"
崇禮萬怡酒店,9.4,"['山景大床房:HK$980', '山景雙床房:HK$980', '雪景大床房:HK$1,127', '山景家庭雙床房:HK$1,176', '雪景家庭雙床房:HK$1,274', '卡通主題大床:HK$1,274']"
張家口和平驛站,9.0,"['特價標準房:HK$314', '高級雙床房:HK$402', '高級大床房:HK$424', '豪華套房:HK$533']"
太舞小鎮逅雪民宿,9.8,"['特惠一卧室套房:HK$772', '一卧室陽台套房:HK$828', '複式景觀家庭套房:HK$994', '特惠兩卧室套房:HK$1,214']"
勝光酒店（市政府高鐵站店）,9.5,"['標準雙床房:HK$182', '標準大床房:HK$189', '豪華大床房:HK$212', '豪華雙床房:HK$212']"
右衛客棧（張家口市萬全右衛城店）,9.9,"['精緻大床房:HK$330', '舒適雙床間:HK$330', '雅緻家庭房:HK$423', '豪華大床房:HK$451']"
張家口英龍秀水灣酒店,9.0,"['豪華大床房:HK$335', '豪華雙床房:HK$335', '豪華家庭房:HK$415', '豪華家庭三床房:HK$415']"
