酒店名称,评分,房型价格列表
懷化皇聖逸林酒店（懷化火車站通程廣場店）,9.3,"['時尚大床房:HK$176', '時尚雙人間:HK$185', '雅逸麻將房:HK$225']"
懷化懷仁養生酒店（火車站步步高廣場店 ）,9.6,"['雅緻大床房（花園景觀＋落地鏡＋深度好眠）:HK$137', '雅緻雙床房（花園景觀＋自助洗衣＋深度好眠）:HK$137', '特惠大床房（花園景觀＋落地鏡）:HK$149', '娛樂休閑套房（套房設計＋超大空間 ）:HK$215']"
懷化皇聖臻品酒店,9.1,"['品臻單間:HK$119', '品臻雙間:HK$132', '豪臻單間:HK$143', '豪臻雙間:HK$152']"
沄臻酒店（懷化火車站新天地廣場店）,8.6,"['沄丨麗悦和宜雙床房:HK$195', '沄丨麗悦和宜大床房:HK$211', '臻丨尚悦如頤雙床房:HK$225', '臻丨尚悦如頤大床房:HK$240']"
懷化蘇豪仕酒店（懷化高鐵南站體育中心店）,9.2,"['臻·輕奢大床房（零壓床墊+智能客控+親膚床品）:HK$249', '仕·商務主題套房（零壓床墊+智能客控+潔凈床品）:HK$369', '仕·婚宴主題房:HK$844']"
懷化華泰鳳凰國際酒店,9.6,"['輕奢舒眠大床房:HK$349', '輕奢舒眠雙床房:HK$349', '豪華城景大床房:HK$375', '豪華城景雙床房:HK$375', '臻選景觀大床房:HK$419', '臻選景觀雙床房:HK$419']"
佑蘭酒店（懷化火車站新天地廣場店）,9.1,"['高級大床房（零壓床墊+靜謐空間+中央空調）:HK$160', '巨幕影院房（零壓床墊+VIP視頻會員+高清一鍵投屏）:HK$164', '巨幕影音雙床房（零壓床墊+VIP視頻會員+高清一鍵投屏）:HK$164', '豪華雙人房（零壓床墊+靜謐空間+中央空調）:HK$179', '情侶圓床房（零壓床墊+靜謐空間+中央空調）:HK$182']"
維也納國際酒店（懷化市政府廣場店）,9.7,"['標準單人間【獨棟&園景】:HK$275', '豪華大床房【獨棟&園景】:HK$310', '豪華雙床房【獨棟&園景】:HK$310', '商務雙床房【獨棟&園景】:HK$318']"
柏曼酒店（懷化高鐵南站萬達廣場店）,9.5,"['高級大床房丨超大空間:HK$226', '高級雙床房 丨 大隱於市:HK$241', '商務大床房 丨 甄選品質:HK$267', '商務雙床房 丨 寬敞明亮:HK$282', '親子主題家庭房 丨 歡樂時光+超大空間:HK$322']"
懷化金磊優佳酒店,9.5,"['高級單床房:HK$283', '高級雙床房:HK$283', '豪華雙床房:HK$302', '豪華大床房:HK$323', '豪華舒適客房:HK$384', '商務娛樂套房:HK$493']"
懷化Modern美美酒店,9.5,"['美馨江景大床房:HK$302', '美豪江景大床房:HK$304', '美馨園景雙床房:HK$317', '美豪園景雙床房:HK$321', '美馨休閑字牌房:HK$330', '美美江景大床房:HK$332']"
維也納國際酒店（懷化城市中央店）,9.4,"['豪華大床房【城市夜景&舒適空間】:HK$219', '豪華雙床房【城市夜景&舒適空間】:HK$219', '商務大床房【城市夜景&舒適空間】:HK$237', '商務雙床房【城市夜景&舒適空間】:HK$237']"
懷化半島國際酒店,9.8,"['豪華單間:HK$287', '豪華雙間:HK$287', '景觀單間:HK$336', '棋牌單間:HK$345', '棋牌雙間:HK$345']"
懷化高鐵南站亞朵酒店,9.7,"['雅緻大床房:HK$295', '高級大床房:HK$322', '高級雙床房:HK$322', '行政大床房:HK$348', '幾木大床房:HK$374']"
漢庭優佳酒店（懷化高鐵南站萬達店）,9.6,"['大床房:HK$200', '高級大床房:HK$209', '高級雙床房:HK$209']"
海逸國際酒店（懷化火車站新天地廣場店）,9.4,"['經典大床房:HK$154', '精緻大床房:HK$168', '精品雙人間:HK$169', '精緻雙人間:HK$185', '雅緻大床房:HK$200']"
全季酒店（懷化濱江路店）,9.6,"['高級大床房:HK$244', '高級雙床房[免F洗衣服務+免F地下停車場]:HK$244', '舒壓-高級大床房[免F洗衣服務+免F地下停車場]:HK$262', '舒壓-高級雙床房[免F洗衣服務+免F地下停車場]:HK$262']"
凱里亞德酒店（懷化高鐵南站體育中心店）,9.1,"['榮享城景大床房（零壓床墊+智能客控+靜音吹風機）:HK$223', '樂享大床房（零壓床墊+智能客控+靜音吹風機）:HK$232', '優享智能雙床房（零壓床墊+智能客控+靜音吹風機）:HK$234', '優享陽光大床房（零壓床墊+智能客控+靜音吹風機）:HK$245', '榮享城景雙床房（零壓床墊+智能客控+靜音吹風機）:HK$251']"
廷泊酒店（懷化高鐵南站萬達廣場店）,9.4,"['雅悦禮居大床房（高空城景-手機投屏）:HK$368', '雅悦禮居雙床房（東方雅韻-舒適辦公）:HK$388', '茗雅禮居大床房（陽光滿屋-乾濕分離）:HK$388', '悠然閑居棋牌房（品牌麻將-休閑娛樂）:HK$388', '尊享典居影院房（巨屏暢享-影視會員）:HK$417']"
禧宿酒店（懷化南站萬達廣場店）,9.3,"['特惠房【電視可投屏】:HK$106', '雅緻房【零壓床墊+電視可投屏+自助洗衣機】:HK$124', '商務房【安靜舒適+電視可投屏+冰箱+洗衣機】:HK$132', '棋牌房【零壓床墊+安靜舒適】:HK$141']"
希悦酒店（懷化高鐵南站體育中心店）,9.5,"['悦享大床房:HK$200', '悦景雙人房:HK$214', '悦景大床房:HK$223', '娛樂大床房:HK$251', '温馨大床房:HK$256']"
悦致酒店（懷化市政府店）,9.6,"['如許高級大床房-智能客控:HK$262', '零壓好夢大床房-零壓床墊-智能客控:HK$284', '曉夢豪華雙床房-智能客控-高空城景:HK$290', '妙趣豪華影院雙床房-巨幕投影-智能客控:HK$294', '夢蝶影院大床房-巨幕投影-智能客控:HK$299']"
懷化珈禾至尊酒店,9.5,"['品質大床房:HK$296', '品質雙床房:HK$296', '豪華大床房:HK$322', '豪華雙床房:HK$322', '行政大床房:HK$349', '娛樂雙床房:HK$404']"
萬象大酒店（懷化火車站國際商貿城國貿店）,9.2,"['雅緻單間無窗（智能客控∣深眠床墊）:HK$230', '豪華大床房（智能客控∣落地窗∣深眠床墊）:HK$233', '豪華套房（智能客控∣落地窗∣深眠床墊）:HK$341', '一卧一廳娛樂大床房（智能客控∣落地窗∣深眠床墊）:HK$350']"
漢庭酒店（懷化火車站新天地廣場店）,9.4,"['大床房:HK$164', '高級大床房:HK$180', '高級雙床房:HK$188', '主題房:HK$196']"
維也納國際酒店（懷化河西紫園店）,9.7,"['高級大床房:HK$228', '高級雙床房:HK$228', '豪華大床房:HK$248', '豪華雙床房:HK$248']"
懷化逅山四季酒店（懷化高鐵南站體育中心店）,9.6,"['禮居雙床房:HK$294', '禮居大床房:HK$294', '歡夢棋牌大床房:HK$313', '歡夢麻將大床房:HK$332', '閑雅城景大床房:HK$332', '悦享城景大床房:HK$379']"
漢庭酒店（懷化火車站通程廣場店）,9.6,"['大床房:HK$155', '高級雙床房:HK$164', '高級大床房:HK$172', '主題房:HK$180']"
懷化青年酒店（高鐵南站進站口店）,9.1,"['特惠雙人間:HK$151', '標準單人間:HK$159', '標準雙人間:HK$167', '豪華雙人間:HK$199']"
柏曼酒店（懷化河西紫園店）,9.3,"['舒適大床房（小度智能客控+中央空調+酒店公區提供洗衣房）:HK$117', '標準大床房（小度智能客控+中央空調+酒店公區提供洗衣房）:HK$129', '標準雙床房（小度智能客控+中央空調+酒店公區提供洗衣房）:HK$129', '商務大床房（小度智能客控+商務沙發+酒店公區提供洗衣房）:HK$148']"
懷化萬象大酒店（火車站新天地店）,9.0,"['特惠大床房:HK$245', '豪華雙人間:HK$251', '特惠雙床房:HK$257', '豪華大床房:HK$259', '行政單間:HK$284']"
懷化凱瑞達酒店（火車站國際商貿城店）,9.3,"['雅緻雙人房（城市夜景+酒店公區提供洗衣房）:HK$172', '雅緻大床房（城市夜景+辦公桌+酒店公區提供洗衣房）:HK$175', '城景雙人房（城市夜景+辦公桌+酒店公區提供洗衣房）:HK$207', '高級零壓大床房（城市夜景+酒店提供自助洗衣房）:HK$214']"
懷化華美國際酒店,9.3,"['品質單人間（零壓床墊+潔凈親膚床品+全景落地窗）:HK$237', '豪華雙人間（零壓床墊+潔凈親膚床品+全景落地窗）:HK$246', '豪華單人間（零壓床墊+潔凈親膚床品+全景落地窗）:HK$265', '娛樂雙間（零壓床墊+潔凈親膚床品+全景落地窗）:HK$341', '浴缸雙間（零壓床墊+潔凈親膚床品+全景落地窗）:HK$341']"
花之築酒店（懷化新中醫院高鐵站店）,9.5,"['甄選-影院大床房:HK$115', '休閑-影院雙床房:HK$122', '雅緻-影院大床房:HK$131', '精品-影院雙床房:HK$140']"
王府大酒店（懷化火車站步步高廣場店）,9.2,"['王府·星城特惠雙床房 | Smart Saver Twin:HK$129', '王府臻選·舒眠雙床房 | Chic Style Twin:HK$139', '王府臻選·雲端舒眠大床房 | Cloud Like King:HK$149', '城市祕境雙床房:HK$179']"
懷化煌族國際大酒店,9.2,"['特惠雙床房:HK$219', '特惠大床房:HK$219', '巨幕影音標雙:HK$221', '豪華標準間:HK$225', '巨幕影音大床房:HK$236']"
芸隱酒店（懷化高鐵南站萬達廣場店）,9.5,"['雅緻大床房（舒適睡枕+零壓睡眠床墊+智能馬桶可加熱）:HK$189', '麗致雙床房（舒適睡枕+零壓睡眠床墊+智能馬桶可加熱）:HK$189', '麗致大床房（舒適睡枕+零壓睡眠床墊+智能馬桶可加熱）:HK$217', '景緻觀影房（巨幕4K投屏+愛奇藝VIP點播+智能馬桶）:HK$225']"
懷化君逸凱悦酒店（德天廣場店）,9.5,"['雅緻雙床房:HK$113', '雅緻大床房:HK$116', '逸緻大床房:HK$133', '逸緻雙床房:HK$133']"
泊樂酒店（懷化火車站汽車西站店）,9.1,"['特惠大床房:HK$158', '豪華雙床房:HK$167', '豪華大床房:HK$167', '麻將大床房:HK$234']"
懷化宸源國際陸港大酒店,8.9,"['優享大床房:HK$180', '優享雙床房:HK$180', '智能巨幕影音大床房（智能客控）:HK$213', '榮享大床房:HK$249', '榮享雙床房:HK$253']"
莫林酒店（鶴城區政府懷化學院店）,9.6,"['雅緻大床房:HK$273', '商務觀景大床房:HK$290', '商務觀景雙床房:HK$298', '豪華影視大床房:HK$307']"
沐林酒店（懷化高鐵南站體育中心店）,9.8,"['全景幕牆圓床房（超大落地窗+採光好+夜景優美）:HK$156', '豪華大床房（高清投屏+舒適好眠）:HK$164', '豪華雙床房（零壓床墊+高清投屏+舒適辦公）:HK$164', '行政大床房（坐卧沙發+特大床+甜睡好眠）:HK$184']"
四季風尚酒店（懷化高鐵南站體育中心店）,9.1,"['優選智能雙床房「星級零壓床墊+辦公桌+公區提供洗衣房」:HK$119', '舒睡影院大床房「4k投屏電視+觀影會員+智能語音客控」:HK$129', '【四季特惠】全屋智能大床房「4k投屏電視+影視VIP」:HK$139', '雅緻豪華雙床房「一級潔凈床品+4k投屏電視」:HK$151']"
CL大城小愛酒店（市政府店）,9.5,"['優享大床房:HK$154', '雅緻大床房:HK$171', '品致雙人房:HK$182', '茶藝雙人房:HK$182']"
國臣酒店（懷化紅星南路店）,8.9,"['靜謐丨雅居雙床房（舒適床墊&乾濕分離）:HK$101', '靜謐丨雅居大床房（舒適床墊&辦公桌椅&雙層隔音）:HK$107', '臻選丨豪華大床房（大床&零壓床墊）:HK$131', '臻選丨豪華雙床房（城景&零壓床墊）:HK$149']"
懷化雅緻酒店,9.5,"['雅緻·逸享大床房【舒適空間&智能馬桶】:HK$264', '雅緻·逸享雙床房【舒適空間&智能馬桶】:HK$283', '雅緻·景觀大床房【城市夜景&休閑空間&智能馬桶】:HK$302', '雅緻·景觀雙床房【城市夜景&休閑空間&智能馬桶】:HK$302', '雅緻·城景大床房【城市夜景&休閑空間&智能馬桶】:HK$340']"
尚品優客酒店（懷化高鐵南站湖天一色店）,9.5,"['簡約丨清新大床房:HK$159', '輕奢丨旅居雙床房:HK$161', '悦享丨豪華大床房:HK$165', 'Enjoy丨暢玩電競套房:HK$182']"
歡漫酒店（懷化天星坪湖醫附一店）,9.7,"['豪華大床房（全屋智能）:HK$200', '影院大床房（全屋智能）:HK$222', '豪華雙床房（全屋智能）:HK$222', '行政大床房（全屋智能）:HK$267']"
晨龍168酒店（懷化河西店）,9.1,"['情丨都市特惠大床房:HK$136', '怡丨都市城景雙床房:HK$148', '逸丨都市城景大床房:HK$148', '卓丨都市商務雙床房:HK$159']"
悦逸酒店（懷化南站體育中心店）,9.5,"['悦致舒睡雙床房（雙1米5+mian fei洗衣服）:HK$225', '悦致靜謐大床房【mianfei停車+近體育中心】:HK$234', '悦然心動情侶房【步行3分鐘即湖南醫葯學院+送0.01計生用品:HK$243', '逸享零壓大床房【步行10分鐘即宏宇中學+步行12分鐘即湖天中學】:HK$252']"
夜穩酒店（太平橋華盛堂店）,9.4,"['夜穩-智能投影迷你大床房（全屋智能+深睡零壓枕頭）:HK$115', '夜穩-智能舒適大床房（大電視投屏+深睡親膚床品）:HK$125', '夜穩-智能舒適雙床房（智能聲控+電視投屏+雲端床墊）:HK$135', '夜穩-智能豪華大床房（100寸巨幕+視頻會員+超清投屏）:HK$154']"
