酒店名称,评分,房型价格列表
拉薩熱孜巴賓館（布達拉宮八廓街店）,9.5,"['八廓印象·特惠大床房:HK$261', '八廓印象·特惠雙床房:HK$285', '八廓印象·舒適雙床房:HK$294']"
拉薩多如倉酒店（布達拉宮店）,9.4,"['吉祥欣喜房:HK$293', '富氧·雅緻大床房:HK$533', '富氧·雅緻雙床房:HK$555', '富氧·雅韻大床房:HK$578']"
拉威國際酒店（布達拉宮店）,9.1,"['悠享大床房（智能客控+加濕）:HK$329', '高級雙床房（智能客控+空調+加濕）:HK$391', '高級大床房（智能客控+加濕）:HK$494', '高級家庭房（智能客控+空調+加濕）:HK$552', 'B.duck小黃鴨主題親子房:HK$588']"
拉薩瑞吉度假酒店,9.5,"['供氧經典豪華大床房:HK$1,764', '供氧經典豪華雙床房:HK$1,764', '供氧尊貴豪華大床房:HK$1,868', '供氧尊貴豪華雙床房:HK$1,868', '供氧經典套房:HK$2,284', '供氧尊貴布宮景豪華大床房:HK$2,387']"
平措康桑觀景酒店（布達拉宮店）,9.5,"['非觀景·供氧舒睡大床房（加濕器+醫用級供氧）:HK$775', '非觀景·供氧舒睡雙床房（加濕器+醫用級供氧）:HK$786', '聖城街景·供氧精選大床房（加濕器+醫用級供氧）:HK$852', '無遮擋花園景·供氧陽光雙床房（視野開闊+採光好）:HK$874', '無遮擋花園景·供氧陽光家庭房（功夫茶具+採光好）:HK$983']"
拉薩歸・來精品觀景民宿（布達拉宮店）,9.6,"['簡約供氧標間（供氧加濕器空調）:HK$355', '簡約供氧大床房（加濕器空調）:HK$355', '特價供氧大床房:HK$402', '布宮觀景供氧大床房（供氧加濕器空調）:HK$497']"
維羅納國際酒店（拉薩天空之境布達拉宮供氧店）,9.4,"['天空之鏡供氧雙床房（配一次性毛巾浴巾+製氧機）:HK$632', '天空之鏡供氧無窗大床房（配一次性毛巾浴巾+製氧機）:HK$632', '天空之境供氧影音大床房（配一次性毛巾浴巾+製氧機）:HK$654', '天空之鏡供氧影音雙床房（配一次性毛巾浴巾+製氧機）:HK$654', '天空之鏡供氧温馨雙床房（配一次性毛巾浴巾+製氧機）:HK$668']"
拉加里·雪龍莊園度假酒店,9.8,"['彌散供氧莊園特色大床房:HK$776', '彌散供氧莊園陽光雙床房:HK$786', '瀰漫供氧山景雙床房:HK$994', '彌散供氧莊園親子房:HK$1,332', '彌散供氧豪華雙床房:HK$1,365']"
拉薩柳梧萬達亞朵酒店,9.3,"['雅緻景觀大床房（觀景供氧+遠眺布達拉宮）:HK$723', '高級山景雙床房（觀景供氧+智能客控）:HK$773', '高級景觀大床房（觀景供氧+遠眺布達拉宮）:HK$773', '幾木山景雙床房（觀景供氧+智能客控）:HK$823', '幾木山景大床房（觀景供氧+智能客控）:HK$823']"
拉薩扎西曲塔風情酒店（布達拉宮八廓街店）,9.6,"['豪華雙床房（加濕器+冰箱）:HK$479', '豪華大床房（加濕器+冰箱）:HK$490', '供氧雙床房（製氧機+加濕器+冰箱）:HK$566', '供氧大床房（製氧機+加濕器+冰箱）:HK$577']"
拉薩八寶賓館（八廓街大昭寺店）,9.6,"['吉祥八寶標間（暖氣加濕器吸氧洗衣）:HK$305', '吉祥八寶大床房（暖氣加濕器吸氧洗衣）:HK$305', '吉祥陽光標間（暖氣加濕器吸氧洗衣）:HK$381', '吉祥陽光大床房（暖氣加濕器吸氧洗衣）:HK$381']"
春秋富氧酒店（拉薩布達拉宮八廓街店）,9.7,"['素木彌散供氧大床房:HK$830', '凈居富氧雙床房:HK$873', '哈達富氧大床房:HK$895', '雅居富氧雙床房:HK$961', '山居茶藝富氧大床房:HK$983']"
西藏唐卡酒店（大昭寺布達拉宮店）,9.3,"['古倉普通雙床房丨藏式美學設計+夢百合0壓深眠床墊+全棉親膚舒滑床品+加濕器+化粧放大鏡:HK$508', '古倉普通大床房丨藏式美學設計+夢百合0壓深眠床墊+全棉親膚舒滑床品+加濕器+化粧放大鏡:HK$508', '古倉豪華雙床房丨藏式美學設計+夢百合0壓深眠床墊+全棉親膚舒滑床品+加濕器+化粧放大鏡:HK$573', '古倉豪華大床房丨藏式美學設計+夢百合0壓深眠床墊+全棉親膚舒滑床品+加濕器+化粧放大鏡:HK$573', '彌散供氧·古倉氧吧大床房丨藏式美學設計+高原專用製氧機+夢百合0壓深眠床墊+全棉親膚舒滑床品+加濕器+化粧放大鏡:HK$666']"
拉薩聖地天堂洲際大飯店,9.4,"['含氧豪華雙床房:HK$977', '含氧豪華大床房:HK$977', '豪華房:HK$977', '含氧豪華城景大床房:HK$1,086', '含氧豪華城景雙床房:HK$1,086', '甄選豪華房:HK$1,086']"
拉薩邦達倉古建酒店（大昭寺店）,9.4,"['特惠·舒適雙床房（加濕器）:HK$638', '庭院景（暖氣）舒適雙床房《公共供氧+加濕器》:HK$709', '庭院景（暖氣）舒適大床房《公共供氧+加濕器》:HK$709', '庭院景·貴族暖氣大床房（供氧+加濕器）:HK$797']"
西藏廓爾喀精品酒店（大昭寺八廓街店）,9.5,"['古城雅緻雙床房（供氧+加濕器）:HK$647', '古城雅緻大床房（供氧+加濕器）:HK$647', '古城庭院雙床房（供氧+加濕器）:HK$773', '古城庭院大床房（供氧+加濕器）:HK$773', '供氧鳥語花香大床套房+加濕器+超大客廳:HK$1,100']"
拉薩吾思藏酒店（大昭寺店）,9.7,"['特惠丨藏式主題丨雙床房（製氧機+加濕器）:HK$380', '沁氧·藏式主題丨陽光·雙床房（製氧機+加濕器）:HK$499', '沁氧·藏式主題丨觀景·大床房（製氧機+加濕器）:HK$499', '沁氧·藏式主題丨院景·雙床房（製氧機+加濕器）:HK$499', '沁氧·藏式主題丨豪華·三人房（製氧機+加濕器）:HK$808']"
拉薩林倉精品酒店,9.6,"['瀰漫式供氧藏式大床房:HK$1,003', '瀰漫式供氧藏式雙床房:HK$1,003', '瀰漫式供氧林仁布欽會客殿大套房:HK$1,651']"
吉彩國際酒店（拉薩布達拉宮店）,9.4,"['花園景•優享大床房 ▏全屋彌散供氧-加濕器-深睡床墊:HK$611', '悦享雙床房 ▎全屋彌散供氧- 深睡床墊-加濕器:HK$611', '臻享豪華雙床房 ▎ 全屋彌散供氧-深睡床墊-加濕器:HK$644', '山景•陽光樂享雙床房 ▎全屋彌散供氧-深睡床墊-加濕器:HK$666', '花園景•靜怡商務雙床房-全屋彌散供氧-深睡床墊-小冰箱:HK$666']"
拉薩德喜富氧觀景酒店（布達拉宮八廓街店）,9.1,"['供氧暖氣·靜居大床房（高原專用製氧機+加濕器+靜音純乳膠床墊）:HK$360', '供氧暖氣·靜居標準間（高原專用製氧機+加濕器+靜音純乳膠床墊）:HK$367']"
拉薩卓瑪拉宮客棧,9.2,"['古藏三人間:HK$367', '藏式修行大床房:HK$367', '藏式瑜伽親子間:HK$520', '藏式阿里古格套房:HK$520']"
凈途·山遇民宿,9.7,"['閲途·觀影大床房（80寸投影+供氧+加濕器+智能馬桶+喜臨門零壓舒睡）:HK$379', '在野·觀影大床房（100寸投影+供氧+空調+加濕器+智能馬桶+喜臨門零壓舒睡）:HK$389', '且喜·觀影雙床房（100寸投影+供氧+空調+加濕器+智能馬桶+喜臨門零壓舒睡）:HK$429', '吾悦·觀影雙床房（100寸投影+供氧+空調+加濕器+智能馬桶+喜臨門零壓舒睡）:HK$429']"
宜尚酒店（拉薩布達拉宮店）,9.5,"['舒適大床房（製氧機供氧+加濕器）:HK$302', '舒適雙床房（製氧機供氧+加濕器）:HK$302', '標準大床房（製氧機供氧+加濕器）:HK$324', '標準雙床房（製氧機供氧+加濕器）:HK$324']"
棠鵬民宿（布達拉宮店）,9.5,"['標準間:HK$164', '大床房:HK$197']"
拉薩塔瑞頗章酒店（八廓街店）,8.6,"['供氧·特惠街景雙床房（乳膠床墊+加濕器）:HK$356', '供氧·特惠大床房（乳膠床墊+加濕器）:HK$356', '供氧·雙床房（乳膠床墊+加濕器）:HK$411', '供氧·大床房（乳膠床墊+加濕器）:HK$434']"
平措康桑青年旅舍（布達拉宮大昭寺店）,9.4,"['甄選院景大床房（加濕器+舒眠床墊）:HK$272', '滾來滾去輕奢大床房（加濕器+舒眠床墊）:HK$294', '互不打擾雙床房（加濕器+舒眠床墊）:HK$392', '叁人從眾三床房（加濕器+舒眠床墊）:HK$546']"
蘭歐國際酒店（拉薩貢嘎機場店）,9.5,"['蘭沁高級大床房（獨立便攜式供氧 ＋中央空調+全屋智控 ＋mini吧＋加濕器）:HK$351', '休閑家庭房（獨立便攜式供氧＋中央空調+全屋智控＋mini吧＋加濕器）:HK$370', '蘭沁市景雙床房（獨立便攜式供氧＋中央空調+全屋智控＋mini吧＋加濕器）:HK$384', '電競大床房（地暖+全屋智控+mini吧+加濕器）:HK$384', '蘭錦豪華彌散供氧大床房（中央空調+全屋智控+mini吧+加濕器）:HK$398']"
拉薩千里走單騎·六悦民宿（布達拉宮店）,9.8,"['悦棲·供氧大床房-[彌散&鼻吸供氧-藤編長凳-mini茶台]:HK$754', '悦憩·供氧雙床房-[彌散供氧-戴森吹風機-馬歇爾音響]:HK$863', '悦笙·供氧大床房-[中古軟椅-茶歇休閑區-馬歇爾音響]:HK$863', '悦茵·花園露台大床房-[供氧-法式藤椅-户外休閑區]:HK$973', '悦謐·膚感浴缸大床房-[彌散&鼻吸供氧-觀影會客區]:HK$973']"
拉薩空港佰翔花園酒店,9.0,"['供氧特惠｜雙床房+製氧機+加濕器:HK$435', '供氧靜謐｜豪華雙床房+製氧機+加濕器:HK$447', '供氧陽光｜豪華雙床房+製氧機+加濕器:HK$458', '供氧靜謐｜豪華大床房+製氧機+加濕器:HK$470', '供氧陽光｜豪華大床房+製氧機+加濕器:HK$482']"
西藏岷山飯店（布達拉宮店）,9.6,"['供氧豪華雙床房（瀰漫式氧氣機+加濕器）:HK$648', '供氧豪華大床房（瀰漫式氧氣機+加濕器）:HK$648', '供氧行政大床房（瀰漫式氧氣機+加濕器）:HK$701', '供氧行政雙床房（瀰漫式氧氣機+加濕器）:HK$701', '供氧布達拉宮觀景大床房（遠眺布宮+加濕器）:HK$882']"
西藏木雅康桑富氧酒店（拉薩布達拉宮店）,9.6,"['巨幕·供氧大床房『130寸極光投影投屏+清涼舒爽製冷』:HK$699', '智能·供氧大床房『彌散+鼻息供氧+清涼舒爽製冷』:HK$729', '悠然·智能供氧大床房『彌散+鼻息供氧+清涼舒爽製冷』:HK$758', '悠然·智能供氧雙床房『彌散+鼻息供氧+清涼舒爽製冷』:HK$789', '居清·智能供氧大床房『自動窗簾+鼻息供氧+高效製冷』:HK$803']"
拉薩飯店,9.3,"['高級樓彌散供氧雙床房+加濕器:HK$478', '高級樓彌散供氧大床房+加濕器:HK$478', '藏式樓彌散供氧雙床房+加濕器:HK$579', '藏式樓彌散供氧大床房+加濕器:HK$579']"
腔調藏式客棧（拉薩大昭寺古城店）,9.5,"['藏齡加都豪華家庭房（製氧機+加濕器+電熱毯）:HK$333', '原山唐卡雙床房（加濕器+電熱毯）:HK$340', '供氧-壇城雪蓮豪華大床房（加濕器+電熱毯+供氧）:HK$346']"
拉薩平措康桑自駕聖地富氧國際度假酒店,9.6,"['優享·精選雙床房-大堂吸氧+迷你吧:HK$555', '優享·精選大床房-免費停車+迷你吧:HK$555', '樂享·雅緻雙床房-辦公桌+大堂吸氧+迷你吧:HK$579', '樂享·雅緻大床房-辦公桌+免費停車+迷你吧:HK$579', '超享·舒眠雙床房-私享供氧+免費停車+迷你吧:HK$674', '超享·舒眠大床房-私享供氧+免費停車+迷你吧:HK$674']"
拉薩遠豐河北飯店（布達拉宮店）,9.3,"['輕旅特惠雙床房（加濕器）:HK$352', '豪華雙床房（加濕器）:HK$379', '豪華大床房（加濕器）:HK$388', '富氧大床房（加濕器+鼻吸式供氧）:HK$414']"
殊勝·歸藏莊園富氧酒店（布達拉宮八廓街店）,9.3,"['陽光殊勝·甄選大床房+彌散供氧+加濕器:HK$764', '陽光殊勝·甄選雙床房+彌散供氧+加濕器:HK$764', '歸藏無憂·園景大床房·彌散供氧+加濕器＋古樹庭院景觀:HK$777', '歸藏無憂·園景雙床房·彌散供氧+加濕器＋古樹庭院景觀:HK$777', '歸藏無憂·高級雙床房·彌散供氧+加濕器+浴缸+冰箱:HK$785']"
拉薩列桑富氧觀景民俗酒店（布達拉宮店）,9.3,"['藏式標準供氧雙床房（醫用供氧+加濕器+地暖+零壓床墊）:HK$311', '藏式雅緻供氧大床房（醫用供氧+加濕器+地暖+零壓床墊:HK$325', '藏式舒適供氧雙床房（供氧+加濕器）:HK$340', '藏式雅緻供氧雙床房（醫用供氧+加濕器+地暖+零壓床墊:HK$340']"
如家精選酒店（拉薩布達拉宮店）,9.6,"['高級大床房（24小時瀰漫供氧+地暖+加濕器）:HK$607', '安心睡零壓大床房（瀰漫供氧+地暖+加濕器）:HK$645', '高級雙床房（24小時瀰漫供氧+地暖+加濕器）:HK$645', '安心睡零壓雙床房（瀰漫供氧+加濕器+地暖）:HK$683']"
岷山西藏民族飯店（扎基寺店）,8.6,"['供氧雅緻大床房（加濕器）:HK$355', '供氧雅緻雙床房（加濕器）:HK$361', '供氧布達拉宮觀景雙床房（加濕器）:HK$446', '吉祥三寶布達拉宮觀景三人間（供養+加濕器）:HK$511', '商務舒適套房（供氧+加濕器）:HK$711']"
拉薩格桑花香家居酒店,9.3,"['特惠標準間:HK$307', '普通大床房:HK$320', '普通標準間:HK$327', '舒適大床房（空調）:HK$359']"
西藏迎賓館（布達拉宮大昭寺店）,9.2,"['標準間 （加濕器 ）:HK$437', '含氧商務標間 （加濕器 ）:HK$511', '商務標間 （加濕器）:HK$519', '陽光三人間:HK$539', '商務單間 （加濕器 ）:HK$604']"
拉薩布達拉宮亞朵酒店,9.3,"['雅緻房:HK$752', '高級大床房:HK$812', '高級雙床房:HK$812', '行政大床房:HK$862', '行政雙床房:HK$862']"
拉薩布達拉宮廣場亞朵酒店,9.4,"['高級大床房（彌散&鼻吸供氧+加濕器+電視投屏+獨立空調）:HK$856', '高級雙床房（彌散&鼻吸供氧+加濕器+電視投屏+獨立空調）:HK$913', '幾木大床房（彌散&鼻吸供氧+加濕器+電視投屏+獨立空調+深睡pro枕2.0）:HK$971', '幾木雙床房（彌散&鼻吸供氧+加濕器+電視投屏+獨立空調+深睡pro枕2.0）:HK$1,027', '幾木景觀大床房（彌散&鼻吸供氧+加濕器+電視投屏+獨立空調+深睡pro枕2.0）:HK$1,142']"
拉薩布達拉宮大昭寺蘭歐尚品酒店,9.5,"['蘭藝供氧大床房:HK$632', '蘭藝供氧雙床房:HK$650', '蘭歐供氧豪華大床房（智能客控+加濕器）:HK$709', '蘭歐供氧豪華雙床房（智能客控+加濕器）:HK$737']"
瓊吉拉·宮畔別院（布達拉宮店）,9.3,"['宮畔·梵塵謐居供氧雙床房（彌散供氧+地暖+巨幕影院）:HK$957', '宮畔·經廊靜居供氧大床房（彌散供氧+地暖+巨幕影院）:HK$973', '宮畔·梵風露居供氧雙床房（彌散供氧+地暖+巨幕影院）:HK$992', '宮畔·雪域巷望供氧雙床房（彌散供氧+地暖+巨幕影院）:HK$1,005']"
拉薩嘎吉林酒店,8.8,"['舒適大床房【瀰漫式供氧+加濕器+舒達床墊】:HK$463', '舒適雙床房【瀰漫式供氧+加濕器+舒達床墊】:HK$463', '高級大床房（瀰漫式供氧+加濕器+舒達床墊）:HK$500', '高級雙床房（瀰漫式供氧+加濕器 舒達床墊）:HK$518', '豪華大床房（瀰漫式供氧+加濕器+舒達床墊）:HK$583']"
拉薩洲際智選假日酒店,9.1,"['聖城日光大床房+加濕器+金可兒大牌床墊+親膚布草:HK$407', '聖城祥雲雙床房+加濕器+金可兒大牌床墊+親膚布草:HK$423', '吉祥八寶大床房+加濕器+金可兒床墊+親膚布草+彌散供氧:HK$459', '雙湖映雪雙床房+加濕器+金可兒床墊+親膚布草+彌散供氧:HK$474', '格桑花開家庭房+加濕器+金可兒床墊+親膚布草+彌散供氧:HK$592']"
拉薩八廓街德康富氧觀景民宿（大昭寺店）,9.5,"['禦寒供氧·自在清境雙床房（新風系統+加濕器＋防高反制氧機+千兆獨立網絡+保險箱+冰箱）:HK$517', '禦寒供暖供氧·舒睡商旅大床房（新風系統+加濕器＋防高反制氧機+千兆獨立網絡+保險箱+冰箱）:HK$541', '禦寒供氧·90°視野雲凈天空遠觀山城景大床房（新風系統+加濕器＋防高反制氧機+沐浴陽光躺椅+保險箱+冰箱）:HK$644', '禦寒供氧·90°視野隱居繁華觀山景雙床房（新風系統+加濕器＋防高反制氧機+沐浴陽光躺椅+保險箱+冰箱）:HK$676']"
西藏賽康大酒店（布達拉宮店）,9.3,"['特價雙床房:HK$743', '豪華供氧大床房+小度智能+中央空調+彌散式供氧:HK$962', '豪華供氧雙床房+小度智能+中央空調+彌散式供氧:HK$962', '豪華親子房+小度智能+中央空調+彌散式供氧:HK$1,071', '觀景供氧大床房+小度智能+中央空調+彌散式供氧:HK$1,180']"
楓藍·富氧酒店（大昭寺八廓街店）,9.5,"['楓藍·舒適大床房（製氧機供氧+智能客控）:HK$426', '楓藍·舒適雙床房（製氧機供氧+智能客控）:HK$426', '楓藍·高級供氧大床房（彌散·鼻吸供氧+智能客控）:HK$460', '楓藍·高級供氧雙床房（彌散·鼻吸供氧+智能客控）:HK$460']"
