酒店名称,评分,房型价格列表
揚州瘦西湖温泉度假村,9.6,"['寧景大床房:HK$608', '寧景雙床房:HK$641', '園景大床房:HK$685', '園景雙床房:HK$718', '雅緻大床房（雅緻樓）:HK$794', '雅緻·陽台大床房（雅緻樓）:HK$861']"
重構·冰甌館人文度假民宿（揚州東關街店）,9.5,"['大隱於市·內庭·大床房:HK$696', '四水歸堂·串樓·雙床房:HK$763', '四水歸堂·庭院·大床房:HK$807', '小隱觀己·內庭·大床房:HK$919', '五嶽朝天·親子·LOFT大床房:HK$963', '進士及第·串樓·大床房:HK$1,029']"
揚州瘦西湖畔花間堂·新潮裏,9.8,"['幾靜大床房:HK$754', '茉竹庭院大床房:HK$801', '夢溪語豪華超大床房:HK$819', '斜日豪華陽台大床房:HK$848', '涵碧高級陽台大床房:HK$895', '閲翠高級陽台大床房:HK$938']"
揚州瘦西湖石榴酒店,9.8,"['若雲大床房（徠芬吹風機+智能客控）:HK$512', '卿雲高級大床房（徠芬吹風機+智能客控）:HK$610', '月棲湖畔景觀高級雙床房（徠芬吹風機+智能客控）:HK$673', '翠微湖畔景觀豪華大床房（徠芬吹風機+凈化器）:HK$729']"
揚州隱居瘦西湖温泉度假酒店,9.4,"['靜享温泉大床房（私湯入户）:HK$906', '靜享温泉雙床房（私湯入户）:HK$1,031', '庭院温泉大床房（私湯入户）:HK$1,188', '庭院温泉雙床房（私湯入户）:HK$1,303', '園景温泉大床房（私湯入户）:HK$1,445', '園景温泉雙床房（私湯入户）:HK$1,521']"
揚州君燁國際酒店,9.6,"['高級大床房 「落地景觀+65寸電視投屏」:HK$354', '高級雙床房 「落地景觀+65寸電視投屏」:HK$367', '景觀大床房 「遠眺七湖八島」:HK$558', '行政景觀大床房 「乳膠床墊+私享浴缸+智能馬桶」:HK$630', '豪華大床套房「俯瞰三河六岸」:HK$999']"
揚州廣陵有熊酒店,9.6,"['有熊高級雙床房:HK$738', '有熊庭院大床房:HK$738', '有熊豪華大床房:HK$738', '有熊庭院雙床房:HK$738', '有熊豪華庭院大床房:HK$836', '有熊庭院loft房:HK$934']"
揚州迎賓館·瘦西湖紅園酒店,9.4,"['雅緻雙床房:HK$578', '雅緻大床房:HK$578', '景觀大床房:HK$617', '景觀豪華大床房:HK$707', '景觀雙床房:HK$707', '雅緻家庭房:HK$836']"
揚州迎賓館·運河三灣酒店（大運河博物館店）,9.5,"['水韻雙床房:HK$576', '水韻大床房:HK$576', '水韻庭院雙床房:HK$959', '水韻庭院大床房:HK$959', 'LOFT大床房:HK$959', 'LOFT親子房:HK$1,200']"
揚州東關街美居酒店,9.7,"['榻榻米房-戴森吹風機:HK$542', '河景大床房:HK$592', '高級雙床房:HK$613', '景觀大床房:HK$642', '豪華雙床房:HK$673', '綠色低敏大床房:HK$703']"
揚州晚清珍園酒店,9.8,"['珍園景觀豪華雙床房:HK$564', '珍園景觀豪華大床房:HK$564', '珍園景觀套房（按摩椅）:HK$764', '珍園星空露台景觀房（按摩椅+浴缸+露台搖椅）:HK$1,003', '珍園景觀家庭房:HK$1,003']"
揚州瘦西湖文昌中路亞朵酒店,9.8,"['高級大床房（普蘭特床墊+慢回彈記憶枕）:HK$430', '高級雙床房（普蘭特床墊+慢回彈記憶枕）:HK$475', '幾木大床房（普蘭特床墊+深睡枕）:HK$475', '高級套房（普蘭特床墊+慢回彈記憶枕）:HK$475', '幾木雙床房（普蘭特床墊+深睡枕）:HK$565']"
方序·FANGXU·民宿,9.6,"['輕和榻榻米房[ins風設計+全屋智能+投影+徠芬吹風機]:HK$434', '輕悦大床房[ins風設計+全屋智能+投影+徠芬吹風機]:HK$526', '輕逸雙床房[ins風設計+全屋智能+投影+徠芬吹風機]:HK$561', '輕語浴缸大床房[ins風設計+全屋智能+投影+徠芬吹風機]:HK$617']"
揚州皇冠假日酒店,9.6,"['皇冠高級房-雙床-城市景觀:HK$529', '皇冠高級房-大床-城市景觀:HK$529', '皇冠高級房 城市景觀:HK$569', '皇冠豪華房-雙床-湖景:HK$622', '皇冠豪華房-大床-湖景:HK$622', '皇冠行政房-大床:HK$734']"
建國璞隱酒店（揚州瘦西湖店）,9.4,"['芳草居大床房:HK$273', '蒹葭居大床房:HK$298', '蒹葭居雙床房:HK$307', '幽篁居大床房:HK$316', '幽篁居雙床房:HK$359']"
揚州西園飯店,9.6,"['清涼大床房:HK$500', '清涼雙床房:HK$500', '豪華大床房:HK$577', '豪華雙床房:HK$577', '雅緻大床房:HK$730', '尊享大床房:HK$752']"
揚州迎賓館（11號樓）,9.5,"['高級大床房:HK$763', '高級雙床房:HK$840', '園景大床房:HK$949', '家庭房:HK$949', '親子房:HK$949', '園景庭院大床房:HK$1,200']"
揚州瘦西湖Intercity城際酒店,9.8,"['城際大床房:HK$404', '城際高級大床房:HK$462', '城際雙床房:HK$512', '城際豪華大床房:HK$532', '城際高級雙床房（舒眠）:HK$592']"
揚州東高鐵站精英酒店,9.7,"['精英大床房【精巧雅緻+實居鮮享】:HK$359', '金灣雙床房【暮輝夕照+金可兒床墊+戴森吹風機】:HK$370', '金灣大床房【暮輝夕照+金可兒床墊+戴森吹風機】:HK$403', '萬福雙床房【廊畔甜韻+Minibar+助眠床枕+戴森吹風機】:HK$403', '萬福大床房【廊畔甜韻+Minibar+助眠床枕+戴森吹風機】:HK$436']"
夜泊君亭·揚州瘦西湖度假酒店,9.7,"['綴白·園景雙床房:HK$768', '涵秋·園景四季大床房:HK$768', '浯溪·庭院雙床房:HK$838', '芹溪·庭院四季大床房:HK$908', '芸台·園景家庭房:HK$978', '倚晴·園景四季家庭房:HK$1,118']"
揚州東關街何園方寸客棧,9.8,"['清宿景觀大床房:HK$460', '方寸雅緻大床房:HK$547', '清宿豪華大床房:HK$547', '方寸景觀大床房:HK$623', '方寸標準雙床房:HK$625']"
內向酒店（揚州東關街店）,9.2,"['露台·觀景雙床房（觀秦淮河+古城全景）:HK$654', '露台·觀景大床房（觀秦淮河+古城全景）:HK$654', '露台·城景大床房（觀古城日落景，高層180°視野露台）:HK$764', '庭院·觀景大床房:HK$872', '庭院·秦淮河觀景大床房:HK$982']"
花築 · 揚州徐家庭院民宿（東關街店）,9.7,['鶯啼燕語雙床房（智能客控）:HK$421']
全季酒店（揚州職業大學瘦西湖校區店）,9.4,"['大床房（智能客控）:HK$391', '高級大床房（智能客控）:HK$414', '雙床房（智能客控）:HK$433', '商務大床房（智能客控）:HK$463']"
揚州東關街長樂客棧,9.4,"['長樂雙床房:HK$413', '長樂大床房:HK$413', '街南雙床房:HK$467', '街南大床房:HK$467', '糖果飛屋親子大床房:HK$522']"
揚州敍棠温泉度假村,9.2,"['私湯庭院大床房:HK$763', '私湯景觀露台大床房:HK$763', '私湯庭院雙床房:HK$763', '私湯景觀露台雙床房:HK$763', '私湯露台舒適雙床房:HK$763', '私湯庭院奢逸大床房:HK$1,200']"
揚州東關街何園輕居酒店,9.6,"['標準大床房（普蘭特床墊+祖瑪瓏洗護沐+慢回彈記憶枕）:HK$322', '高級大床房（普蘭特床墊+亞朵深睡枕+祖瑪瓏洗護沐）:HK$358', '標準雙床房（普蘭特床墊+祖瑪瓏洗護沐+慢回彈記憶枕）:HK$376', '高級雙床房（普蘭特床墊+亞朵深睡枕+祖瑪瓏洗護沐）:HK$412']"
瘦西湖中集行政公寓酒店,9.5,"['高級大床房（臻眠裸感床品+慕思床墊+Mini吧）:HK$489', '高級雙床房（臻眠裸感床品+慕思床墊+Mini吧）:HK$489', '豪華大床房（臻眠裸感床品+慕思床墊+Mini吧+浴缸）:HK$609', '豪華雙床房（臻眠裸感床品+慕思床墊+Mini吧）:HK$609', '行政大床房（臻眠裸感床品+慕思床墊+Mini吧+浴缸）:HK$664', '行政雙床房（臻眠裸感床品+慕思床墊+Mini吧+浴缸）:HK$664']"
揚州摩世智能酒店,9.1,"['智能舒適大床房:HK$222', '智能舒適雙床房:HK$222', '智能豪華大床房:HK$290', '智能豪華雙床房:HK$290']"
揚州東關街文昌閣桔子水晶酒店,9.7,"['商務大床房（絲漣床墊+徠芬吹風機+Mini吧+助眠音箱）:HK$460', '小院大床房（絲漣床墊+徠芬吹風機+Mini吧+助眠音箱）:HK$491', '豪華大床房（絲漣床墊+徠芬吹風機+Mini吧+助眠音箱）:HK$513', '豪華雙床房（絲漣床墊+徠芬吹風機+Mini吧+助眠音箱）:HK$524', '行政大床房（絲漣床墊+徠芬吹風機+Mini吧+助眠音箱）:HK$545']"
揚州東關街逸扉酒店,9.6,"['高級大床房⌈智能客控+智能潔具+徠芬吹風機+MiniBar⌋:HK$383', '豪華大床房⌈智能客控+絲漣床墊+徠芬吹風機+MiniBar⌋:HK$415', '豪華雙床房⌈智能客控+絲漣床墊+徠芬吹風機+MiniBar⌋:HK$447', '行政大床房⌈智能客控+絲漣床墊+戴森吹風機+MiniBar⌋:HK$479', '行政雙床房⌈智能客控+絲漣床墊+徠芬吹風機+MiniBar⌋:HK$511']"
揚州香格里拉大酒店,9.4,"['豪華市景大床房-縱享活力都市景觀:HK$554', '豪華市景雙床房-縱享活力都市景觀:HK$554', '豪華湖景大床房-飽覽揚州園林景觀和迷人湖景:HK$616', '豪華湖景雙床房-飽覽揚州園林景觀和迷人湖景:HK$616', '小黃鴨湖景大床房:HK$846', '海底小縱隊湖景大床房:HK$846']"
水竹居小秦淮酒店（揚州瘦西湖東關街景區店）,9.4,"['小秦淮標間+全屋智能+零壓床:HK$203', '水竹居大床房+全屋智能+零壓床:HK$212', '竹裏館榻榻米大床房+零壓床+投影:HK$212', '水雲間標間+全屋智能+投影:HK$235']"
JO&JOE酒店（萬達廣場運河博物館店）,9.7,"['你的大床房:HK$273', '你的雙床房:HK$276', '非凡大床房:HK$299', '非凡雙床房:HK$299']"
揚州東關街何園香樟樹酒店,9.8,"['摘月超級視野古運河風光景觀陽台電動大床房:HK$411', '觀塵竹景氧吧大床房:HK$442', '雙棲竹景氧吧親子雙床房:HK$554', '悦色古運河風光景觀雙床房:HK$634', '歸私隱域親子家庭房:HK$678']"
揚州瘦西湖NOVOTEL諾富特酒店,9.7,"['標準大床房:HK$523', '標準雙床房:HK$523', '高級雙床房:HK$532', '高級大床房:HK$553', '城景高級雙床房:HK$562', '園景豪華大床房:HK$663']"
揚州鳳隱梧桐温泉度假酒店（鳳凰島生態旅遊區店）,9.2,"['舒適大床房:HK$541', '沐野温泉舒適大床房（浴缸温泉）:HK$608', '沐野温泉舒適雙床房（浴缸温泉）:HK$608', '沐野私湯舒適大床房（泡池温泉）:HK$755', '沐野私湯舒適雙床房（泡池温泉）:HK$755']"
揚州瘦西湖萬豪萬楓酒店,9.5,"['標準大床房:HK$468', '豪華大床房:HK$500', '標準雙床房:HK$522', '花園景觀大床房:HK$639', '花園景觀雙床房:HK$693']"
揚州正誼居文化民宿,9.6,"['南有嘉魚:HK$481', '蒹葭蒼蒼:HK$565', '菁菁者莪:HK$591', '整棟:HK$2,110']"
竹隱花緣度假酒店,9.9,"['Villa湖景樹屋:HK$780', 'Loft森林樹屋:HK$912', '園林庭院豪華雙床房:HK$1,045', '園林庭院豪華大床房:HK$1,045', '園林庭院家庭套房:HK$1,708']"
花築·揚州瑞芝園輕奢民宿（瘦西湖東關街店）,9.7,"['紫蘇標準雙床房:HK$437', '辛夷標準雙床房:HK$437', '橘絡-loft家庭房（沙發可展開+地暖）:HK$632', '空青-loft家庭房（沙發可展開）:HK$632']"
揚州金陵大飯店,9.4,"['雅韻高級雙床房:HK$399', '雅韻高級單人房:HK$399', '雅韻高級大床房:HK$511', '悦享豪華雙床房:HK$566', '悦享豪華單人房:HK$566', '悦享豪華大床房:HK$621']"
花居酒店（揚州東關街皮市街店）,9.7,"['雅緻雙床房:HK$283', '雅緻大床房:HK$283', '悦享露台雙床房:HK$312', '尊享景觀大床房:HK$332']"
星際文華酒店,8.9,"['商務大床房:HK$282', '商務雙床房:HK$293', '豪華大床房:HK$303', '豪華雙床房:HK$326', '行政大床房:HK$358']"
花築·揚州猛獁酒店（東關街個園店）,9.6,"['薄霧·設計師大床房[金可兒床墊+徠芬吹風]:HK$614', '松風·設計師大床房[金可兒床墊+徠芬吹風]:HK$614', '松風·設計師雙床房[金可兒床墊+徠芬吹風]:HK$688', '薄霧·設計師雙床房[金可兒床墊+徠芬吹風]:HK$688']"
揚州文昌路希爾頓歡朋酒店,9.7,"['舒適大床房:HK$414', '舒適雙床房:HK$414', '高級大床房:HK$488', '高級雙床房:HK$488', '豪華大床房:HK$536']"
揚州一二山居民宿（瘦西湖店）,9.8,"['北院·大床房（全屋暖氣+戴森吹風機）:HK$481', '見山·大床房（全屋暖氣+巨幕投影+戴森吹風機）:HK$481', '松風· 大床房（全屋暖氣+巨幕投影+戴森吹風機）:HK$631', '日夕·大床房（全屋暖氣+巨幕投影+戴森吹風機）:HK$631']"
揚州東關街個園漫心酒店,9.6,"['榻榻米房（Minibar+空氣凈化器+投影儀+金可兒床墊）:HK$381', '雅緻大床房（Minibar+金可兒床墊+投影儀）:HK$402', '心怡大床房（Minibar+金可兒床墊+電視投屏）:HK$422', '心悦高級大床房（Minibar+金可兒床墊+電視投屏）:HK$441', '心悦高級雙床房（Minibar+金可兒床墊+電視投屏）:HK$482']"
你好酒店（揚州東關街個園店）,9.7,"['高級大床房（新風系統）:HK$289', '商務大床房:HK$298', '高級雙床房:HK$335', '家庭房:HK$345']"
花築·巷往美學民宿（揚州東關街個園店）,9.8,"['吃吃看巷-大床房:HK$442', '達士巷-大床房:HK$442', '蒸籠巷-大床房:HK$442', '學府-大床房:HK$442']"
