酒店名称,评分,房型价格列表
宜尚酒店（文山光大廣場店）,9.6,"['標準大床房（北歐輕奢風+落地窗+舒適床品+乾濕三分離）:HK$213', '標準雙床房（北歐輕奢風+落地窗+舒適床品+乾濕三分離）:HK$228', '高級大床房（北歐輕奢風+超大落地窗+舒適床品+乾濕三分離）:HK$244', '高級雙床房（北歐輕奢風+超大落地窗+舒適床品+乾濕三分離）:HK$267', '豪華大床房（北歐輕奢風+超大落地窗+舒適床品+乾濕三分離）:HK$282']"
文山皇庭大酒店（三七國際交易市場城南汽車客運站店）,9.6,"['舒適雙床房（品牌零壓床墊枕頭+獨立新空調+舒適安靜）:HK$120', '舒適大床房（品牌零壓床墊枕頭+獨立新空調+舒適安靜）:HK$121', '舒雅影院大床房（巨幕投影+無線投屏+超柔親膚布草）:HK$134', '舒雅豪華雙床房（零壓床墊枕頭+獨立新空調+舒適安靜）:HK$147']"
陌上輕雅酒店（文山光大廣場普陽西路店）,9.6,"['品學雙床房（國潮風+全屋智能+功夫茶具+乾濕三分離）:HK$213', '靜逸·投影大床房（極米投影+影視VIP）:HK$239', '雅緻·雙床房（全屋智能+功夫茶具+蕎麥羽絨枕+親膚羽絨被）:HK$251', '雅緻·大床房（全屋智能+功夫茶具+蕎麥羽絨枕+親膚羽絨被）:HK$262']"
文山佰漫智慧酒店（七花廣場市人民醫院店）,9.6,"['悦心隱逸大床房:HK$164', '舒適智能雙床房（小愛同學~休閑沙發~書桌~衞浴分離）:HK$180', '智能舒適大床房:HK$180', '悦致影院大床房（智能客控＋百寸VIP投屏+JBL音響）:HK$189']"
玉景潭酒店（文山多弗城店）,9.2,"['怦然心動雙床房:HK$235', '怦然心動大床房:HK$235', '高級雙床房:HK$261', '高級大床房:HK$261', '尊享豪華雙床房:HK$294']"
全季酒店（文山店）,9.7,"['雙床房（金可兒床墊丨拾趣茶具）:HK$336', '大床房（金可兒床墊丨拾趣茶具）:HK$336', '舒壓雙床房（金可兒床墊丨拾趣茶具丨乳膠枕頭床墊）:HK$364', '高級大床房（金可兒床墊丨拾趣茶具）:HK$364']"
美豪麗致酒店（文山光大購物中心店）,9.7,"['精緻大床房:HK$271', '靜謐大床房:HK$282', '精緻雙床房:HK$282', '靜謐雙床房:HK$304', '歡樂親子房:HK$325']"
維也納酒店（文山州一中西華公園店）,9.5,"['Warmth·高級雙床房V5.0＋舒適愉夢+沉浸式深睡床墊+天鵝絨被芯+超柔科技親膚床品:HK$222', 'Warmth·高級大床房V5.0＋舒適愉夢+沉浸式深睡床墊+天鵝絨被芯+超柔科技親膚床品:HK$230', 'Refined·豪華雙床房V5.0（新中式風格+歐陸風情設計+慕思人體工學深睡眠床墊+天鵝絨被芯+超柔科技親膚床品+小度語音全智能）:HK$232', 'Exquisite·豪華大床房V5.0（新中式風格+歐陸風情設計+慕思人體工學深睡眠床墊+天鵝絨被芯+超柔科技親膚床品+小度語音全智能）:HK$240']"
億豪酒店（文山學院光大廣場店）,9.7,"['特惠大床房:HK$129', '温馨大床房:HK$135', '優雅大床房【隔音玻璃】:HK$165', '優雅雙床房【隔音玻璃】:HK$165']"
維也納酒店（文山城南客運站店）,9.4,"['標準大床房:HK$214', '高級雙床房:HK$230', '豪華大床房:HK$247', '高級大床房:HK$259']"
麗庭酒店（文山光大廣場步行街店）,9.7,"['高級大床房:HK$206', '高級雙床房:HK$206', '舒適大床房:HK$217', '舒適雙床房:HK$217']"
文山峯邦花園酒店,9.7,"['特惠大床房（軟水系統+恆温馬桶+智能客控）:HK$226', '雅悦大床房（軟水系統+恆温馬桶+智能客控）:HK$246', '雅悦雙床房（軟水系統+恆温馬桶+智能客控）:HK$246', '臻品浴缸大床房（軟水泡澡+一次性泡澡袋+全智能馬桶）:HK$275', '親子套房:HK$288']"
文山詩達酒店,9.2,"['高級雙床房:HK$271', '高級大床房:HK$271', '豪華雙床房:HK$347', '豪華大床房:HK$347', '行政大床房:HK$401']"
文山雲上纖默精品酒店,9.7,"['豪華城景大床房（採光通風+舒適沙發+輕奢儒雅）:HK$168', '豪華城景雙床房（換氧新風+酣暢甜睡）:HK$168', '甄選城景雙床房（柔軟舒適棉品+舒適零床墊）:HK$181', '休閑娛樂套房:HK$188']"
麗呈睿軒酒店（文山東風路步行街店）,8.8,"['經典大床房（慕思床墊+電動窗簾）:HK$278', '舒適大床房（慕思床墊+電動窗簾）:HK$294', '舒適雙床房（慕思床墊+電動窗簾）:HK$294', '雅緻大床房（慕思床墊+電動窗簾）:HK$326']"
文山帝豪酒店,9.3,"['主題房（無窗）:HK$183', '商務標間（高級乳膠床墊）:HK$183', '行政標間（高級乳膠床墊）:HK$227', '行政單間（高級乳膠床墊）:HK$227']"
文山華錫酒店,8.5,"['特惠單間:HK$190', '特惠標間:HK$190', '豪華單間:HK$214', '豪華標間:HK$214']"
IU酒店（文山三七國際交易市場店）,9.6,"['小U·精緻大床房【酒店公區提供自助洗衣機+微波爐+舒適沙發+安靜無聲】:HK$149', '小U·舒適大床房【酒店公區提供自助洗衣機+微波爐+舒適沙發+安靜無聲】:HK$159', '小U·舒適雙床房【酒店公區提供自助洗衣機+微波爐+安靜舒適+城景】:HK$159', '小U·超級雙床房【酒店公區提供自助洗衣機+微波爐+舒適沙發+山景】:HK$171']"
文山希雅印象主題酒店,9.4,"['舒適大床房:HK$104', '優選雙床房:HK$131', '主題商務大床房:HK$142', '輕奢大床房:HK$164']"
同輝花園酒店（文山環城西路店）,9.4,"['雅緻中式雙床房（舒適安靜+零壓床墊）:HK$131', '雅緻中式大床房（舒適安靜+零壓床墊）:HK$142', '輕奢山景大床房（舒適安靜+零壓床墊）:HK$152', '輕奢城景雙床房（舒適安靜+深睡零壓床墊）:HK$152']"
錦都大酒店（文山七花廣場店）,9.5,"['K-特價房:HK$176', '尊享·豪華雙床房:HK$204', '尊享·豪華大床房:HK$204', '商旅·精選雙床房:HK$223']"
志合酒店（文山光大廣場壹然廣場店）,9.3,"['輕享-舒適大床房 零壓床墊-空調:HK$125', '優享-雅緻大床房 深度好眠、零壓床墊-空調:HK$136', '輕享-舒適雙床房 零壓床墊-空調:HK$147', '優享-雅緻雙床房 深度好眠、零壓床墊-空調:HK$158']"
龍成商務酒店（光大步行街店）,9.3,"['雅緻豪華大床房:HK$176', '致尚輕奢雙床房:HK$182', '尊享零壓大床房:HK$201', '尊享豪華大床房:HK$211']"
凰季酒店（文山七都古鎮店）,9.7,"['夢享| 特惠大床房:HK$205', '舒享| 舒適大床房[電動窗簾|智能馬桶|中央空調]:HK$219', '悦享| 素茗特惠雙床房:HK$219', '奢享|雅緻豪華大床房[電動窗簾|智能馬桶|中央空調]:HK$252']"
文山錦盟酒店,9.3,"['雅緻大床房（舒睡好眠&舒適空調&辦公桌椅）:HK$190', '雅緻雙床房（舒睡好眠&舒適空調&辦公桌椅）:HK$205', '豪華單間（休閑沙發&採光通透&舒適空調）:HK$234', '豪華標間（休閑沙發&採光通透&舒適空調）:HK$237']"
文山湘都大酒店（三七國際交易市場城南汽車客運站店）,9.1,"['幽居雅間大床房（全屋智能+舒睡記憶枕+空調）:HK$129', '舒致靜居雙床房（全屋智能+舒適好眠）:HK$132', '陽光逸緻大床房（全屋智能+空調+舒睡記憶枕）:HK$151', '輕奢和韻雙床房（全屋智能+舒睡記憶枕+空調）:HK$162']"
文山安悦智慧酒店（七花廣場店）,9.8,"['智能特惠大床房:HK$142', '温馨精品大床房:HK$158', '智能舒適陽光雙床房:HK$167', '智能舒適大床房:HK$167']"
文溪大酒店（文山學院西華公園店）,9.6,"['精選舒適大床房（深睡零壓特大床.舒適安靜.獨立空調.）:HK$154', '精選舒適雙床房（零壓床墊.舒適安靜.獨立空調）:HK$154', '靜謐觀景大床房（酣睡床墊.舒適安靜.獨立空調 ）:HK$166', '靜謐觀景雙床房（酣睡床墊.舒適安靜.獨立空調）:HK$166']"
泓錦酒店（文山七花廣場店）,9.5,"['特惠大床房:HK$118', '標準大床房:HK$128', '優享大床房:HK$150', '優享雙床房:HK$150']"
恆亞唯泰麗鑫酒店（文山城南客運站店）,9.3,"['唯悦 靜謐雅緻雙床房（電梯樓層+酒店公共提供自助洗衣機+星級乳膠床墊+全新空調）:HK$122', '唯悦 靜謐雅緻大床房（酒店公區提供自助洗衣機+星級乳膠床墊+全新空調）:HK$137', '唯景 深睡好眠假日大床房（星級乳膠床墊+酒店公區提供自助洗衣機+全新空調）:HK$139', '唯景 深睡好眠假日雙床房（星級乳膠床墊+電梯樓層+全新空調）:HK$139']"
文山欣鋭精品酒店（七花廣場店）,9.7,"['美好體驗房【舒適空調+護頸枕】:HK$132', '雅緻大床房【舒適空調+護頸枕】:HK$157', '雅緻雙床房【舒適空調+護頸枕】:HK$162', '靜享好夢大床房【智能客控+護頸枕】:HK$166']"
富泰智慧酒店（文山第四中學店）,9.3,"['精品雙床房:HK$130', '智能精品大床房:HK$142', '智能豪華大床房:HK$153', '智能豪華雙床房:HK$153']"
無隱良居酒店（文山光大廣場店）,9.5,"['隱奢·特惠大床房【茶藝工具+深睡親膚床品+洗衣機+烘乾機】:HK$274', '隱奢·景觀大床房【茶藝工具+深睡親膚床品+洗衣機+烘乾機】:HK$300', '隱奢·環景大床房【茶藝工具+深睡親膚床品+洗衣機+烘乾機】:HK$312', '隱奢·城景大床房【茶藝工具+深睡親膚床品+洗衣機+烘乾機】:HK$330']"
文山締龍酒店（三七國際交易市場城南汽車客運站店）,8.7,"['豪華單人間:HK$126', '豪華雙人間:HK$166', '情侶浪漫圓床房:HK$188', '豪華套房（帶棋牌）:HK$206']"
文山三佳時尚酒店（城南客運站店）,9.5,"['特惠單間:HK$212', '温馨單間:HK$230', '温馨標間:HK$230', '舒適標間:HK$238']"
文山宏盛精品酒店,9.7,"['標準單人間[空調+酒店公區提供自助洗衣機]:HK$115', '精選雙人間[空調+酒店公區提供自助洗衣機]:HK$134', '精選單人間[空調+酒店公區提供自助洗衣機]:HK$145', '投影大床房[空調+酒店公區提供自助洗衣機]:HK$153']"
文山大隱民宿,10.0,"['復古風觀影大床房（120寸幕布+1080P分辨率）:HK$201', '輕奢簡約風觀影大床房（120寸幕布+1080P分辨率）:HK$201', '北歐風觀影大床房（120寸幕布+1080P分辨率）:HK$229', '現代藝術風觀影大床房（120寸幕布+1080P分辨率）:HK$229']"
成長時代AI酒店（州人民醫院店）,9.6,"['日式大床房:HK$165', '舒適標間:HK$174', '舒適單間:HK$174', '家庭套房:HK$230']"
文山富芝苑智慧酒店,9.5,['智能主題大床房:HK$223']
文山舒然酒店（城南汽車客運站店）,9.1,"['商務雙床房:HK$129', '靜謐雙床房:HK$137', '温馨大床房:HK$137', '豪華大床房:HK$154']"
軍供酒店（文山市政府七花廣場店）,9.6,"['普通單間:HK$137', '普通標間:HK$137', '豪華標間:HK$165', '豪華單間:HK$165']"
明悦酒店（文山城南汽車客運站店）,8.6,"['陽光精選大床房·星級酣睡床墊-空調-酒店公區提供自助洗衣房:HK$104', '城景舒適大床房·星級酣睡床墊-空調-酒店公區提供自助洗衣房:HK$114', '城景舒適雙床房·星級酣睡床墊-空調-酒店公區提供自助洗衣房:HK$114', '優享高級大床房·星級酣睡床墊-空調-酒店公區提供自助洗衣房:HK$129']"
文山印象大酒店（光大廣場店）,9.4,"['豪華單間:HK$152', '豪華標間:HK$152', '精品雙床房:HK$161', '精品大床房:HK$161']"
百靈酒店（文山七花廣場店）,9.1,"['悦享大床房:HK$?', '優享大床房:HK$?', '慢享雅韻雙床房（小愛同學智能客控）:HK$?', '慢享雅韻雙床麻將房（小愛同學智能客控）:HK$?']"
文山普陽大酒店,9.3,"['豪華小單間:HK$165', '豪華標間:HK$204', '豪華大單間:HK$204']"
恆悅輕奢酒店（城南客運站店）,9.3,"['HYW 輕享雅緻大床房:HK$106', 'HYW 輕享雅緻雙床房:HK$114', '唯悦-舒享假日大床房:HK$123', '唯悦-舒享假日雙床房:HK$132']"
文山龍潭温泉生態度假村,8.3,"['商務温泉雙床房:HK$281', '商務温泉大床房:HK$281', '攬月.木屋雙床房:HK$281', '豪華温泉雙床房:HK$314', '豪華温泉大床房:HK$314']"
文山36號公寓（七花廣場光大步行街店）,9.9,"['陽光大床房（品牌護脊床墊+全棉親膚床品+舒適空調）:HK$155', '復古|輕奢大床房（品牌護脊床墊+親膚床品+品質洗護）:HK$155', '榻榻米大床房（品牌護脊床墊+親膚床品+品質洗護）:HK$155', '靜享大床房（品牌護脊床墊+超柔親膚床品+衞浴分離）:HK$155']"
文山鵬博大酒店,9.3,"['全智能行政大床房:HK$205', '全智能豪華大床房:HK$207', '特惠雙床房:HK$207', '全智能行政雙床房:HK$218']"
文山圓大酒店,9.4,"['特價單間:HK$121', '豪華單間:HK$134', '行政標間:HK$134', '行政單間:HK$137']"
億豪酒店（文山學院光大步行街店）,9.7,"['特惠大床房:HK$129', '温馨大床房:HK$136', '優雅大床房【隔音玻璃】:HK$166', '優雅雙床房【隔音玻璃】:HK$166']"
文山鳳凰酒店,9.5,"['標準雙床房:HK$359', '高級雙床房:HK$418', '高級大床房:HK$428', '高級景觀大床房:HK$464', '高級景觀雙床房:HK$464', '主題親子套房:HK$488']"
文山智閣公寓,10.0,"['特價雙床房:HK$121', '普通大床房:HK$133', '豪華雙床房:HK$146', '豪華大床房:HK$146']"
開尚泰豪尚景主題酒店（七花廣場店）,9.1,"['精選雙床房:HK$115', '輕奢大床房:HK$130', '輕奢雙床房:HK$132', '田園榻榻米房:HK$145']"
文山千賦酒店,9.0,"['特價單間:HK$143', '特惠標準間:HK$162', '豪華單間:HK$162', '豪華標間:HK$177']"
文山楊凱之星精品酒店（城南客運站店）,9.0,"['商務單間:HK$154', '豪華標間:HK$162', '豪華單間:HK$171']"
文山好客酒店（七花廣場第四中學店）,10.0,"['享宿｜特惠雙床房:HK$80', '精選｜雙床房:HK$86', '商務｜雙床房:HK$96', '精品｜大床房:HK$100']"
文山豐華酒店（七花廣場店）,9.6,"['輕奢大床房:HK$138', '特價房:HK$155', '優享大床房:HK$163', '輕奢雙床房:HK$177']"
春和酒店,8.7,"['特惠雙床房:HK$95', '商務大床房:HK$110', '商務雙床房:HK$114', '豪華雙床房:HK$138']"
泰康酒店（客運站店）,9.8,"['悦享雙床房:HK$116', '歐雅大床房:HK$118']"
宇佳快捷酒店（文山城南客運站三七國際交易市場店）,8.9,"['沐光·優選雙床房【通風采光|公區提供洗衣房】:HK$139', '沐光·優選大床房【通風采光|公區提供洗衣房】:HK$139', '參眠·臻享雙床房【舒適床墊|公區提供洗衣房】:HK$146', '參眠·臻享大床房【舒適床墊|公區提供洗衣房】:HK$146']"
文山天圓酒店,8.4,"['特惠精品單間:HK$139', '精品單間:HK$154', '精品標間:HK$154', '豪華單間:HK$181']"
金亭酒店（中天世紀大廈文山州政府店）,8.2,"['商務大床房:HK$260', '湖景大床房:HK$293', '豪華雙床房:HK$315', '湖景雙床房:HK$326']"
文山魔方電競酒店,9.0,"['豪華大床房[騰訊特權+LOL全英雄皮膚+RTX3070顯卡]:HK$291', '電競高低床房[騰訊特權+LOL全英雄皮膚+RTX3060顯卡]:HK$304', '輕奢雙人間[騰訊特權+LOL全英雄皮膚+RTX3060顯卡]:HK$326', '電競雙人間[騰訊特權+LOL全英雄皮膚+RTX3070顯卡]:HK$350']"
文山怡家酒店,9.0,"['怡享-特惠大床:HK$149', '馨怡-特惠雙床:HK$154', '怡悦-精品大床:HK$174', '熙怡-精品雙床:HK$188']"
阿富爾連鎖酒店（文山七花廣場侗德店）,9.9,"['優享大床房:HK$145', '優享雙床房:HK$145', '樂享大床房:HK$167', '樂享雙床房:HK$167']"
文山萊曼酒店（七花廣場店）,9.4,"['小築·特惠房:HK$184', '拾光·舒適雙床房（深度好眠+智能客控）:HK$265', '臻享·輕奢套房（智能客控）:HK$418']"
文山成惠公寓（城南客運站店）,9.3,"['普通單間【舒適床墊】:HK$85', '精品標間【舒適床墊】:HK$106', '豪華標間【舒適床墊】:HK$109', '精品單間【舒適床墊】:HK$109']"
綠陽住吧（文山七花廣場店）,9.7,"['特價房:HK$47', '優享大床房:HK$61', '優享雙床房:HK$81', '空調大床房:HK$92']"
欣樺酒店（文山七花廣場店）,9.2,"['豪華單人間（隔音玻璃+舒適空調+酒店公區提供洗衣機）:HK$97', '豪華雙床房（隔音玻璃+舒適空調+酒店公區提供洗衣機）:HK$104', '豪華大床房（隔音玻璃+舒適空調+酒店公區提供洗衣機）:HK$111', '優雅大床房（五星床墊+隔音玻璃+酒店公區提供洗衣機）:HK$130']"
文山錦宏酒店（七花廣場店）,9.1,"['特價大床房【公區自助洗衣機】:HK$110', '簡約雙床房【公區自助洗衣機】:HK$123', '簡約大床房【公區自助洗衣機】:HK$123', '商務大床房【公區自助洗衣機】:HK$125']"
