酒店名称,评分,房型价格列表
桔作酒店（新鄉東站市政府店）,9.6,"['觀影榻榻米【金可兒床墊＋智能客控＋空氣凈化器】:HK$215', '雅仕大床房「電視投屏+金可兒床墊+智能客房」:HK$246', '觀影大床房「百寸投影+金可兒床墊+智能客房」:HK$256', '經典雙床房「智能馬桶+金可兒床墊+智能客房」:HK$267']"
仟那美宿酒店（新鄉市政府高鐵東站店）,9.6,"['仕居大床房+獨立辦公區|夢百合零壓床墊|零壓枕頭|全屋智能小度|電視投屏|超大LED化粧鏡|冷暖空調開放|落地窗:HK$282', '仕居雙床房+獨立辦公區|夢百合零壓床墊|零壓枕|全屋智能小度|電視投屏|超大LED化粧鏡|冷暖空調開放|落地窗:HK$290', '竹溪雙床房+獨立辦公區|夢百合零壓床墊|零壓枕頭全屋智能小度|電視投屏|超大LED化粧鏡|冷暖空調開放|落地窗:HK$314', '竹溪大床房+獨立辦公區|夢百合零壓床墊|零壓枕|全屋智能小度|電視投屏|超大LED化粧鏡|冷暖空調開放|落地窗:HK$314']"
新鄉中州國際飯店,8.5,"['普通標間:HK$163', '商務雙床房:HK$207', '商務大床房:HK$215', '高級雙床房:HK$259']"
新鄉高新區亞朵X酒店,9.4,"['雅緻大床房（記憶深睡枕+可投屏、位置在頭尾）:HK$305', '高級雙床房（記憶深睡枕+可投屏+觀景）:HK$332', '高級大床房（記憶深睡枕+可投屏+觀景）:HK$341', '行政雙床房（記憶深睡枕+可投屏+觀景）:HK$350', '行政大床房（記憶深睡枕+可投屏+觀景）:HK$367']"
新鄉上禧酒店（寶龍廣場店）,9.3,"['上禧體驗房（全屋智能+獨立冰箱、洗衣機）:HK$196', '高級行政大床房（全屋智能+獨立冰箱、洗衣機）:HK$226', '上禧商務大床房（全屋智能+獨立冰箱、洗衣機）:HK$226', '輕致大床房（全屋智能+獨立冰箱、洗衣機）:HK$241']"
偶遇觀影酒店（新鄉高鐵東站店）,9.4,"['優享景緻影音房（影視會員+乳膠床墊+公區自助洗衣機）:HK$108', '尊享曼居大床房（影視會員+乳膠床墊+洗衣機）:HK$122', '奢享品質大床房（影視會員+乳膠床墊+洗衣機）:HK$129', '尊享商務雙床房（影視會員+乳膠床墊+洗衣機）:HK$138']"
尚客優品酒店（新鄉牧野大道南環路店）,9.7,"['優品大床房:HK$152', '優享雙床房:HK$196', '優享大床房:HK$219', '優悦影音大床房:HK$251']"
陌上輕居酒店（新鄉南環店）,9.7,"['風韻·雙床房【親膚布草+舒眠床墊+智能客控】:HK$221', '風韻·大床房【親膚布草+舒眠床墊+智能客控】:HK$221', '品學大床房【親膚布草+舒眠床墊+智能客控】:HK$239', '品學·雙床房【親膚布草+舒眠床墊+智能客控】:HK$248']"
仟那美宿酒店（新鄉店）,9.3,"['仕居·大床房（零壓枕頭+投屏電視+智控窗簾）:HK$216', '仕居·雙床房（零壓枕頭+投屏電視+智控窗簾）:HK$238', '竹溪·大床房（零壓枕頭+投屏電視+智控窗簾）:HK$249', '4K巨幕影院·大床房-電影暢享&百寸超清熒屏＋智能客控:HK$260']"
新鄉賓館（胖東來二胖店）,9.2,"['樂選雙床房:HK$219', '優選雙床房:HK$269', '優選大床房:HK$285', '逸選大床房:HK$343', '逸選雙床房:HK$343']"
森元酒店（新鄉河師大萬達廣場店）,9.3,"['商務大床房（金可兒床墊+智能馬桶）:HK$152', '輕奢大床房（金可兒床墊+智能馬桶）:HK$164', '行政標準間（金可兒床墊+智能馬桶）:HK$164', '舒適標準間（金可兒床墊+智能馬桶）:HK$174']"
新鄉米諾斯酒店（寶龍廣場店）,9.2,"['特惠單人房:HK$196', '舒適雙床房:HK$294', '精緻大床房:HK$294', '舒適大床房:HK$294']"
藍湖商務酒店（新鄉職業技術學院店）,9.6,"['大床房（辦公圓桌+安睡床墊）:HK$164', '雙床房（辦公圓桌+安睡床墊）:HK$172', '豪華大床房（全景落地窗+零壓床墊+辦公桌）:HK$172', '商務大床房（一次性毛巾浴巾+冰箱+零壓床墊）:HK$187']"
金邁酒店（新鄉市政府高鐵東站店）,9.3,"['悦賞觀景大床房【全屋智能管家+電視投屏+冷暖空調開放+24小時循環熱水】:HK$199', '悦賞觀景雙床房【全屋智能管家+電視投屏+冷暖空調開放+24小時循環熱水】:HK$199', '悦享觀景大床房【全屋智能管家+電視投屏+冷暖空調開放+24小時循環熱水】:HK$210', '悦享觀景雙床房【全屋智能管家+電視投屏+冷暖空調開放+24小時循環熱水】:HK$210']"
新鄉芸棲麗景酒店（市政府寶龍廣場店）,9.2,"['悦棲—高級雙床房:HK$160', '筱棲—高級大床房:HK$173', '景棲—豪華大床房:HK$173', '雅棲—豪華雙床房:HK$180']"
陌上輕居酒店（新鄉河師大平原湖校區店）,9.8,"['風韻·雙床房【親膚布草+舒眠床墊+智能客控】:HK$205', '風韻·大床房【親膚布草+舒眠床墊+智能客控】:HK$205', '品學·大床房【落地窗+親膚布草+舒眠床墊+智能客控】:HK$215', '雅緻·大床房【落地窗+親膚布草+舒眠床墊+智能客控】:HK$234']"
墨家印象酒店（寶龍大學城店）,9.5,"['尊享體驗大床房（城景落地大窗|中央空調）:HK$165', '尊享體驗雙床房（城景落地大窗|中央空調）:HK$173', '墨·清和（投影大床房智能設備+落地大窗+中央空調）:HK$195', '墨·靜嫻（原木風雙床房+城景落地大窗+中央空調）:HK$197']"
新鄉安泊酒店,9.3,"['商務大床房「金可兒床墊＋電視投屏+乾濕分離」:HK$256', '行政大床房「金可兒床墊＋智能馬桶+迷你冰箱」:HK$273', '行政雙床房「金可兒床墊＋智能馬桶+乾濕分離」:HK$273', '豪華浴缸房「金可兒床墊＋超大浴缸+浴袍」:HK$321', '豪華觀景房「金可兒床墊＋全景落地窗+電視投屏」:HK$343']"
新鄉來旺達輕居酒店（DL胖東來·大胖店）,9.1,"['宜居大床房:HK$236', '高級商務大床房:HK$249', '雅緻雙床房:HK$277', '雅緻大床房:HK$277']"
仟那旅途酒店（新鄉大學城店）,9.5,"['仕居雙床房（投屏電視+園林美景）:HK$222', '仕居大床房（投屏電視+園林美景）:HK$222', '竹溪大床房（投屏電視+園林美景）:HK$239', '竹溪雙床房:HK$288']"
尚客優品酒店（新鄉市政府高鐵東站店）,9.5,"['優品休閑大床房（加濕器）:HK$210', '優品休閑雙床房（加濕器）:HK$210', '優品豪華大床房（空氣凈化器+加濕器）:HK$238', '優品豪華雙床房（空氣凈化器+加濕器）:HK$238']"
新鄉上禧酒店（DL胖東來店）,9.0,"['商務大床房（全屋智能/獨立冰箱/洗衣機）:HK$231', '行政大床房（全屋智能/獨立冰箱/洗衣機）:HK$254', '豪華雙人間（全屋智能/獨立冰箱/洗衣機）:HK$289']"
麗呈酒店（新鄉市政府高鐵東站店）,9.6,"['高級大床房（零壓床墊+零壓枕+全屋智能+落地窗）:HK$347', '高級雙床房（零壓床墊+零壓枕+全屋智能+落地窗）:HK$360', '行政城景大床房（零壓床品+全屋智能落地床）:HK$385', '行政城景雙床房（零壓床品+全屋智能落地窗）:HK$422', '豪華觀影套房（85寸液晶投屏電視+大空間+小冰箱+零壓床墊+零壓枕+全屋智能+落地窗+徠芬吹風機）:HK$519']"
鹿小鹿PLUS酒店（新鄉華蘭大道店）,9.4,"['鹿璟-內景大床:HK$192', '鹿林-城市雙床房（零壓床墊）:HK$210', '鹿林-城市大床房（零壓床墊）:HK$216', '鹿隱-幽靜雙床房（零壓床墊）:HK$226']"
新鄉和頤鑫地飯店（大橋悦時代廣場店）,9.4,"['商務雙床房:HK$162', '商務大床房:HK$184', '零壓商務雙床房:HK$252', '零壓商務大床房:HK$252', '高級大床房:HK$271']"
新鄉大酒店（DL胖東來·大胖店）,8.5,"['舒適大床房:HK$294', '舒適雙床房:HK$294', '高級雙床房:HK$369', '高級大床房:HK$369']"
新鄉藝悦酒店（寶龍城市廣場店）,9.4,"['藝術空間大床房:HK$278', '藝術空間雙床房:HK$278', '主題大床房:HK$332', '主題雙床房:HK$332', '商務零壓大床房:HK$342']"
漢庭酒店（新鄉華蘭大道店）,9.8,"['大床房:HK$200', '高級大床房:HK$220', '高級雙床房:HK$229', '家庭房:HK$249']"
子沐智能酒店（新鄉寶龍瓏寓店）,9.4,"['優享大床房（巨幕影院+VIP影視會員+冰箱）:HK$129', '主題大床房（巨幕影院+VIP影視會員+冰箱）:HK$157', '高級行政大床房（巨幕影院+VIP影視會員+冰箱）:HK$171', '智能大床房（全屋智能+巨幕影院+VIP影視會員+冰箱）:HK$185']"
華美酒店（新鄉市政府高鐵東站店）,9.4,"['尊享智能大床房【全屋智能+電視投屏+舒睡好眠】:HK$252', '尊享智能雙床房【全屋智能+冷暖空調+酣暢甜睡】:HK$256', '奢享觀景大床房【全屋智能+電視投屏+冷暖空調+加濕器+180°景觀】:HK$308', '靜享商務三人間【全屋智能+電視投屏+冷暖空調+加濕器+歡樂親朋】:HK$327']"
格林豪泰（新鄉勞動南街臧營橋店）,9.5,"['特價大床房:HK$150', '大床房:HK$171', '豪華大床房:HK$180', '雙床房:HK$180']"
藝龍安雲酒店（新鄉牧野大道店）,9.1,"['標準大床房（零圧床墊+電視投屏+暗窗）:HK$186', '標準雙床房（零圧床墊+電視投屏+暗窗）:HK$208', '高級雙床房（零圧床墊+商務辦公+明窗）:HK$249', '高級大床房（零圧床墊+商務辦公+明窗）:HK$262']"
全季酒店（新鄉市政府店）,9.8,"['雙床房A:HK$350', '高級大床房A:HK$359', '雙床房:HK$369', '高級大床房:HK$378']"
芸熙酒店（新鄉金穗大道寶龍廣場店）,10.0,"['特惠電視大床房【中央空調+洗衣機+冰箱】:HK$103', '特惠觀影大床房【中央空調+一次性面巾+一次性拖鞋】:HK$112', '夜瀾投影大床房【中央空調+一次性面巾+一次性拖鞋】:HK$124', '芸熙·朝露陽光投影房【巨幕觀影+中央空調+一次性面巾]:HK$136']"
仟那酒店（新鄉華蘭大道胖東來購物廣場店）,9.4,"['仕居精緻大床房（獨立辦公區丨休閑桌椅茶具丨電視投屏）:HK$223', '竹溪精品雙床房（獨立辦公區丨可拼床）:HK$260', '零壓竹溪大床房（獨立辦公區丨夢百合零壓床墊枕頭丨休閑桌椅茶具丨電視投屏）:HK$269', '零壓竹溪雙床房（夢百合零壓床墊丨可拼床）:HK$288']"
暖逸民宿（新鄉市政府店）,9.7,"['雅緻大床房:HK$185', '高級雙床房:HK$185', '舒適大床房:HK$185']"
新鄉鴻門夜月酒店（大學城店）,9.2,"['特價大床房:HK$164', '特惠房:HK$182', '商務大床房:HK$201', '商務標間:HK$201']"
漢庭酒店（新鄉市政府店）,9.7,"['高級大床房A（電視投屏）:HK$252', '雙床房（電視投屏）:HK$261', '高級大床房（電視投屏）:HK$272', '高級雙床房（電視投屏）:HK$296']"
鹿小鹿酒店（新鄉高鐵東站店）,9.1,"['鹿林城市雙床房（智能馬桶+零壓床墊）:HK$192', '鹿林城市大床房（智能馬桶+零壓床墊）:HK$194', '鹿隱幽靜雙床房（智能馬桶+零壓床墊）:HK$209', '鹿璟空間大床房（智能馬桶+零壓床墊）:HK$246']"
希維酒店（寶龍廣場店）,9.2,"['智能大床房（智能小度語音+中央空調）:HK$216', '豪華大床房（城市地標夜景+中央空調）:HK$230', '豪華雙床房（智能小度語音+中央空調）:HK$245', '休閑大床房（全屋智能+麻將機）:HK$245']"
星程酒店（新鄉新飛大道店）,9.7,"['大床房（智慧電視可投屏）:HK$261', '高級大床房（智慧電視可投屏）:HK$281', '高級雙床房（智慧電視可投屏）:HK$290', '家庭房（智慧電視可投屏）:HK$337']"
華怡酒店（新鄉高鐵東站店）,9.2,"['優選特惠房:HK$125', '輕奢觀影大床房:HK$136', '輕奢觀影雙床房:HK$143', '元-舒睡大床房（55寸智能電視|影視VIP）:HK$152']"
佛力得假日酒店（新鄉平原路胖東來店）,7.8,"['特價房:HK$87', '標準間:HK$94', '精品雙床房:HK$103', '標準大床房:HK$103']"
米朵酒店（寶龍廣場店）,9.4,"['精品大床房（投影儀+百寸幕布）:HK$153', '舒適大床房（多風格）:HK$166', '家庭雙床房:HK$186']"
華美宜居酒店（新鄉大學城高鐵東站店）,8.7,"['宜居大床房【獨立辦公+休閑沙發】:HK$175', '宜居雙床房【獨立辦公+休閑沙發】:HK$175', '宜居主題房【酣暢甜睡+電視投屏】:HK$175', '宜居輕奢房【舒睡好眠+電視投屏】:HK$175']"
新鄉熹格精品酒店,9.3,"['熹樂大床房:HK$98', '熹樂標準間:HK$107', '熹悦大床房:HK$123', '熹悦標準間:HK$133']"
美宜家連鎖酒店（新鄉新區市政府店）,9.3,"['雅緻大床房【公區提供自助洗衣機+瓶裝水】:HK$155', '雅悦大床房【公區提供自助洗衣機+瓶裝水】:HK$174', '雅悦雙床房【公區提供自助洗衣機+瓶裝水】:HK$174', '精選大床房【公區提供自助洗衣機+瓶裝水】:HK$210']"
新鄉歐雅酒店,8.8,"['精品大床房:HK$182', '精品標間:HK$182', '豪華大床房:HK$197', '行政大床房:HK$213']"
袋鼠的家民宿（新鄉寶龍廣場店）,9.6,"['豪華大床房:HK$184', '豪華投影大床房:HK$186', '江南夜色雙床房:HK$186', '温馨舒適雙床房:HK$219']"
維也納酒店（新鄉金穗大道寶龍廣場店）,9.6,"['豪華雙床房（零壓床墊+鵝絨枕+電視投屏）:HK$315', '高級大床房（零壓床墊+鵝絨枕+電視投屏）:HK$339', '豪華大床房（零壓床墊+鵝絨枕+電視投屏）:HK$351', '商務大床房（零壓床墊+鵝絨枕+電視投屏+城景）:HK$391']"
