酒店名称,评分,房型价格列表
建國璞隱酒店（普洱茶源廣場店）,9.6,"['詠蘭居大床房A:HK$358', '暗香居大床房:HK$384', '凌霜居雙床房:HK$393', '暗香居景觀大床房:HK$409']"
茶香院子民航酒店,9.6,"['私密好眠大床房（母嬰級親膚鵝絨床品+入眠不覺金可兒床墊+深睡怡眠記憶枕+恆温馬桶+釋壓解困精油洗護品+小度全屋智能+絲滑綿柔SPA級沐浴花灑）:HK$202', '私密影院大床房（母嬰級親膚鵝絨床品+入眠不覺金可兒床墊+深睡怡眠記憶枕+恆温馬桶+釋壓解困精油洗護品+小度全屋智能+絲滑綿柔SPA級沐浴花灑）:HK$209', '入眠不覺大床房（母嬰級親膚鵝絨床品+入眠不覺金可兒床墊+深睡怡眠記憶枕+恆温馬桶+釋壓解困精油洗護品屏+小度全屋智能+絲滑綿柔SPA級沐浴花灑）:HK$216', '舒心影院大床房（母嬰級親膚鵝絨床品+入眠不覺金可兒床墊+深睡怡眠記憶枕+恆温馬桶+釋壓解困精油洗護品+小度全屋智能+絲滑綿柔SPA級沐浴花灑）:HK$223']"
普洱香土故事香印酒店（思茅茶馬古鎮店）,9.4,"['特惠房:HK$207', '街景陽光雙床房（舒適·金可兒護脊床墊）:HK$221', '榻榻米特大床房（特大床·金可兒護脊床墊）:HK$245', '街景陽光大床房（舒適·金可兒護脊床墊）:HK$260']"
普洱沐雲花園酒店（思茅區高鐵站店）,9.9,"['古巴風情甄選大床房（全屋智能小度+鵝絨枕芯被芯）:HK$775', '德里奧園景庭院大床房（全屋智能小度+鵝絨枕芯被芯）:HK$836', '哈瓦娜風情甄選大床房（全屋智能小度+鵝絨枕芯被芯）:HK$897', '阿維拉園景庭院大床房（全屋智能小度+鵝絨枕芯被芯）:HK$897', '馬亞里甄選影院雙床房（全屋智能小度+鵝絨枕芯被芯）:HK$932']"
鑫盈酒店,9.4,"['靜享智能大床房:HK$208', '靜謐智能雙床房:HK$208', '沉夜入夢豪華智能雙床房:HK$249', '久別逢春豪華智能大床房:HK$250']"
普洱方洲國際酒店（思茅梅子湖店）,9.6,"['高級大床房·落地窗·高速吹風機:HK$392', '露天雙床房·舒適床品·非落地窗:HK$425', '商務大床房·迷你冰箱·智能馬桶·體脂秤:HK$435', '高級雙床房·落地窗·高速吹風機:HK$457', '商務雙床房·迷你冰箱·智能馬桶·保險箱:HK$491']"
普洱思茅智選假日酒店（戴家巷店）,9.4,"['高級房·超大床:HK$268', '高級房·超大床（無障礙）:HK$374', '高級房:HK$415', '高級房·荷里活雙床:HK$415', '高級房·雙床:HK$415']"
普洱德庭精品酒店（思茅區茶馬古城店）,9.7,"['優選高級大床房（房間好住+窗外好景）:HK$435', '暢享大床房（中草葯包泡腳桶+康乃馨床品）:HK$490', '悦享大床房（沐浴晨光+中草葯包泡腳桶+鵝絨被）:HK$544', '優選高級雙床房（房間好＆窗外好景）:HK$544', '暢享雙床房（中草葯包泡腳桶+康乃馨床品）:HK$599']"
普洱善念客棧（萬人體育廣場店）,9.2,"['温馨親子套房:HK$143', '精緻豪華三人間:HK$143']"
普洱南嶺客棧（茶馬古城店）,9.5,"['經典大床房:HK$155', '經典雙床房:HK$164', '藝術大床房:HK$195', '雅緻大床房:HK$226']"
普洱隱心居·藝術酒店,9.1,"['雲隱青棲大床房（好眠記憶棉枕+小度全屋智能）:HK$222', '無隱青棲大床房（好眠記憶棉枕+小度全屋智能）:HK$222', '無隱清歡大床房A户型:HK$239', '無隱清歡大床房C户型（好眠記憶棉枕+小度全屋智能）:HK$259']"
普洱鉑曼酒店（高鐵站店）,9.1,"['咖享|商務大床房【金可兒床墊＋康乃馨布草＋智能馬桶】:HK$265', '咖享|商務雙床房【金可兒床墊＋康乃馨布草＋智能馬桶】:HK$308', '茶享|豪華標間【金可兒床墊＋康乃馨布草＋智能馬桶】:HK$378', '童趣親子房【金可兒床墊＋康乃馨布草＋智能馬桶窗簾】:HK$481', '茶享|豪華三人間【金可兒床墊＋康乃馨布草＋智能馬桶】:HK$481']"
普洱金曼酒店,8.9,"['悦致·安逸大床房「舒適深眠+採光通風」:HK$146', '悦致·舒適雙床房「辦公座椅+遮光窗簾」:HK$148', '星辰·豪華行政三床房「辦公桌椅+柔軟親膚四件套」:HK$209']"
朝林大酒店（普洱思茅區戴家巷古建築羣店）,9.5,"['福利寶藏房:HK$217', '睡到自然醒大床房（夜晚好眠+乾濕分離）:HK$239', '睡到自然醒雙床房（夜晚好眠+乾濕分離）:HK$250', '森系雙床房:HK$271']"
普洱歡季酒店（思茅區鼎城國際店）,9.1,"['舒適大床房【輕奢床墊+徠芬吹風機+雲朵羽絨被】:HK$186', '高級雙床房【輕奢床墊+徠芬吹風機+雲朵羽絨被】:HK$201', '高級大床房【輕奢床墊+徠芬吹風機+雲朵羽絨被】:HK$219', '行政大床房【輕奢床墊+徠芬吹風機+雲朵羽絨被】:HK$256']"
夢景雅格酒店（思茅區茶馬古城店）,9.7,"['悠享•零壓雙床房:HK$534', '悠享•零壓大床房:HK$534', '靜享•雅緻大床房:HK$575', '靜享•雅緻雙床房:HK$575', '暢享•巨幕影院大床房:HK$643']"
住在咖啡廳假日酒店,9.1,"['特價雙床房:HK$216', '濃縮時光（輕奢雙床房）:HK$248', '咖.啡OFFLCE（輕奢雙床房）:HK$248', '咖.啡爵士（輕奢雙床房）:HK$248']"
普洱凱冠酒店（創基尚城梅子湖店）,9.6,"['高級大床房:HK$223', '高級雙床房:HK$223', '豪華市景大床房:HK$266', '豪華市景雙床房:HK$266']"
普洱雲璟國際花園酒店,9.3,"['雲瑞雙床房-森林氧吧、超大落地窗:HK$388', '雲瑞大床房-森林氧吧、超大落地窗:HK$388', '雲璟大床房（180°山景陽台）:HK$519', '雲璟雙床房（180°山景陽台）:HK$537', '雲祥雙床房（沐浴池，超大山景陽台）:HK$577']"
龍源智慧酒店,9.5,"['緣棲•智慧清新雙床房:HK$211', '緣逸•智慧清新大床房:HK$223', '緣選•智慧清新豪華雙床房:HK$236', '緣享•智慧清新豪華大床房:HK$253']"
思茅茶靈酒店（普洱學院店）,9.7,"['茶語大床房（小度智能+手機投屏）:HK$365', '茶語雙床房（小度智能+手機投屏）:HK$365', '茶享大床房（小度智能+手機投屏）:HK$388', '茶享雙床房（小度智能+手機投屏）:HK$388', '茶顏綠茵大床房（私享浴缸+森林氧吧+小度智能）:HK$445']"
BOON泊恩酒店（普洱創基尚城店）,9.2,"['暴富將至.陽台大床房丨冰淇淋+現磨Coffee+零食:HK$277', '日進斗金.舒睡雙床房丨冰淇淋+現磨Coffee+零食:HK$277', '得償所願.美式復古大床房丨冰淇淋+現磨Coffee+零食:HK$306', '錢程似錦.家庭影音房丨120寸高清會員投影丨:HK$316']"
普洱金鳳大酒店,9.1,"['行政標間:HK$293', '行政豪華標間:HK$347', '商務標間:HK$402', '商務單間:HK$424', '三人家庭房:HK$642']"
維也納國際酒店（普洱思茅機場店）,9.5,"['高級大床房:HK$293', '親子雙床房:HK$334', '豪華大床房:HK$343', '豪華雙床房:HK$343']"
普洱鉑曼酒店（創基尚城店）,8.4,"['行政精品大床房:HK$175', '行政標間:HK$199', '行政大床房:HK$199', '行政單間套房:HK$231']"
濮溪酒店（普洱高鐵站店）,9.3,"['樂享雙床房（酒店公區提供自助洗衣房）:HK$126', '雅緻雙床房（酒店公區提供自助洗衣房）:HK$157', '雅緻大床房（酒店公區提供自助洗衣房）:HK$168', '雅緻三人間（酒店公區提供自助洗衣房）:HK$250']"
錦緣智慧酒店（普洱高鐵站店）,9.0,"['精選特惠大床房（小度全屋智慧+獨立空調+深度睡眠）:HK$227', '錦瑟-至尊大床房（小度全屋智慧+零壓床墊+中央空調）:HK$239', '錦鯉-商務雙床房（小度全屋智慧+深度睡眠+零壓床墊）:HK$239', '錦華華庭大床房（小度全屋智慧+深度睡眠+優選床品）:HK$324']"
普洱西鳳大酒店,9.3,"['雅緻大床房:HK$172', '雅緻三人間:HK$205', '普通標間:HK$237', '豪華單間:HK$259']"
蔚景溫德姆酒店（普洱思茅區茶馬古鎮店）,9.4,"['温德姆·觀山影院大床房|專屬會員|大空間|品牌床墊:HK$492', '温德姆·觀山影院雙床房|專屬會員|大空間|品牌床墊:HK$492', 'WINGATE·高級大床房|貢緞床品|智能客控|新風系統:HK$497', 'WINGATE·高級雙床房|貢緞床品|智能客控|新風系統:HK$497', '蔚景·豪華大床房|四層隔音|全景落地窗|負離子吹風:HK$549']"
普洱恆悅酒店（思茅區創基尚城店）,9.6,"['零壓睡眠大床房 |智能客控+三分離衞浴+零壓枕:HK$243', '豪華尊享雙床房 |智能客控+三分離衞浴+零壓枕:HK$266', '豪華尊享大床房 |智能客控+三分離衞浴+零壓枕:HK$266', '主題親子家庭房 |智能客控+三分離衞浴+零壓枕:HK$318']"
普洱九思素源酒店（普洱高鐵站店）,9.4,"['九思特惠房:HK$217', '九思精選雙床房+浴缸+一次性面巾浴巾:HK$300', '九思舒適大床房+浴缸+一次性面巾浴巾:HK$300', '素源高級大床房+浴缸+一次性面巾浴巾:HK$357']"
曼臻酒店（普洱高鐵站店）,9.6,"['精品雙床房:HK$238', '臻選雙床房:HK$298', '臻選大床房:HK$298', '慕思大床房:HK$319']"
融舍民宿（思茅一中戴家巷店）,9.4,"['豪華大床房:HK$164', '親子雙床房:HK$218']"
普洱倚象山營地暨半山酒店,9.2,"['雲上茶田.大房車（兩室一廳帶空調）:HK$1,112', '茶田·獨棟木屋雙床房.帶户外露台:HK$1,635', '茶田·獨棟木屋大床房.帶户外露台:HK$1,635', '雲境·獨棟帳篷大床房·帶户外露台:HK$1,692', '雲境·獨棟帳篷露台雙床房:HK$1,840']"
普洱松縵酒店（思茅區悦城時光裏購物公園店）,9.6,"['松縵·拾逸大床房:HK$492', '松縵·拾光大床房（浴缸）:HK$524', '松縵·拾途雙床房:HK$532', '松縵·拾影大床房（浴缸+智能馬桶）:HK$628', '松縵·拾松親子房:HK$683']"
暖裏酒店（思茅區創基尚城店）,8.6,"['陽光小築·行政大床房（浴缸+智能系統+陽台）:HK$199', '焦糖海鹽·行政雙床房（光照充足+智能系統+陽台）:HK$219', '遺落森林·花園豪華套房（露台）:HK$249', '隨影鞦韆·花園日式冥想房（露台+智能系統）:HK$279']"
如家商旅酒店（普洱人民路店）,9.5,"['大床房A:HK$178', '商務大床房:HK$210', '雙床房A:HK$218', '高級大床房:HK$243']"
普洱1974酒店（墨江路蘭花美食街店）,9.3,"['特惠豪華標間:HK$205', '豪華標間:HK$216', '行政單間:HK$238', '零壓雙床房:HK$238']"
鼎融酒店（普洱高鐵站店）,8.8,"['精品特價房:HK$130', '舒適大床房:HK$152', '舒適雙床房:HK$152', '豪華大床房:HK$206']"
普洱凱邦酒店（梅子湖小童醫院店）,9.4,"['凱悦·景緻大床房（副樓）:HK$209', '凱悦·景緻雙床房（副樓）:HK$209', '凱雅·城景雙床房:HK$250', '凱雅·城景大床房:HK$275']"
普洱曼悦酒店（悦城時光裏購物公園店）,9.4,"['悦享景觀雙床房:HK$325', '悦享豪華景觀大床房:HK$325']"
普洱曼城商務酒店（陽光新城店）,9.2,"['樂享雙床房:HK$200', '樂享大床房:HK$211', '舒適雙床房:HK$230', '清新大床房:HK$252']"
普洱鴻錦客棧,9.6,"['鴻錦榻榻米大床房:HK$196', '鴻錦院景雙床間:HK$198', '鴻錦標準雙床房:HK$225', '鴻錦豪華雙床房:HK$256']"
全季酒店（普洱茶苑路店）,9.7,"['高級大床房（智能語音客控|小冰箱|65寸智能投屏電視）:HK$357', '商務大床房（智能語音客控|小冰箱|65寸智能投屏電視）:HK$417', '商務雙床房（智能語音客控|小冰箱|65寸智能投屏電視）:HK$516', '家庭房（智能語音客控 | 小冰箱 | 65寸智能投屏電視）:HK$616']"
普洱花竺酒店（普洱高鐵站店）,8.5,"['特惠雙床房:HK$202', '特惠大床房:HK$202', '高級雙床房:HK$215', '高級大床房:HK$221']"
宜必思尚品酒店（普洱茶馬古鎮店）,9.7,"['商務大床房【65寸智能投屏電視 | 金可兒床墊】:HK$271', '商務雙床房【65寸智能投屏電視|金可兒床墊】:HK$289', '家庭房（65寸智能投屏電視 | 金可兒床墊）:HK$336']"
普洱執安客棧,9.3,"['標準雙床房:HK$182', '經濟大床房:HK$182', '雅緻雙床房:HK$229', '雅緻大床房:HK$229']"
普洱欣普智慧酒店（茶馬古鎮思茅機場店）,9.7,"['休閑麻將房「寬敞通透+智能客控+電動麻將桌」:HK$271', '靜雅智慧大床房「舒睡助眠床墊+休閑軟沙發+智能客控」:HK$271', '靜雅智慧雙床房（舒睡助眠床墊+休閑軟沙發+辦公桌椅）:HK$271', '悠靜智慧雙床房「陽光滿屋+休閑軟沙發+辦公桌椅」:HK$281']"
有戲電影酒店（普洱白雲路機場店）,9.2,"['舒適大床房:HK$242', '舒適雙床房:HK$247', '荷里活電影大床房（智能客控+智能投影）:HK$267', '荷里活電影雙床房（智能客控+智能投影）:HK$289']"
普洱德庭花園酒店（思茅區戴家巷店）,9.8,"['特惠大床房（迷你Bar＆街景落地窗）（2號樓）:HK$610', '特惠雙床房（迷你Bar＆街景落地窗）（2號樓）:HK$632', '暢享大床房（街景落地窗＆迷你Bar）（2號樓）:HK$654', '暢享雙床房（街景落地窗＆迷你Bar）（2號樓）:HK$675', '陽光大床房（迷你小冰箱＆深睡記憶枕）:HK$697']"
普洱曼迪酒店,9.5,"['曼尊精品雙床房:HK$230', '曼享雅緻大床房:HK$232', '曼尊雅緻大床房:HK$250', '曼尊精品大床房:HK$262', '曼享精品雙床房:HK$267']"
普洱花弄裏酒店,9.2,"['禪意豪華大床房:HK$634', '花園水景大床房:HK$687', '庭院高級大床房:HK$752', '庭院豪華大床房（戴森吹風機）:HK$818', '禪意泡池大床房（戴森吹風機）:HK$894']"
普洱森泉·養心逸境·輕奢度假美宿（茶馬古城店）,9.7,"['巨幕投影大床房+智能馬桶+漢斯格雅淋浴+乳膠枕:HK$579', '泉語·巨幕投影雙床房+智能馬桶+漢斯格雅淋浴+乳膠枕:HK$637', '雙棲·Loft豪華大床房+智能馬桶+漢斯格雅淋浴+乳膠枕:HK$671', '青巒·茶台浴缸大床房+智能馬桶+漢斯格雅淋浴+乳膠枕:HK$741']"
普洱建華酒店（創基尚城店）,9.4,"['舒適大床房:HK$401', '精緻雙床房:HK$439', '舒適雙床房:HK$453', '精緻大床房:HK$513']"
普洱和園,9.4,['豪華大床房:HK$436']
茶靈酒店（茶馬古城南部集散中心店）,9.7,"['茶語大床房（小度智能+手機投屏）:HK$366', '茶語雙床房（小度智能+手機投屏）:HK$366', '茶享大床房（小度智能+手機投屏）:HK$389', '茶享雙床房（小度智能+手機投屏）:HK$389', '茶顏綠茵大床房（私享浴缸+森林氧吧+小度智能）:HK$446']"
普洱天玉莊咖啡園,9.8,"['遠山.日出大床房:HK$1,595', '遠山.日出家庭房:HK$1,675', '遠山.日落家庭房:HK$1,675', '遠山.日落大床房:HK$1,755']"
悦宿·山瀾酒店,9.7,"['霞雲獨享大床房【智能客控】:HK$568', '霞移輕奢雙床房【浴缸I智能客控】:HK$675', '霞光尊享大床房【慕思床墊I智能客控I迷你冰箱I浴缸I吸頂音響I智能護理衣櫃】:HK$852', '霞光家庭親子房+童趣帳篷【慕思床墊I迷你冰箱I浴缸I智能護理衣櫃】:HK$923', '雲弄尊享大床房【慕思床墊I智能客控I戴森吹風機I迷你冰箱I浴缸I吸頂音響I智能護理衣櫃】:HK$1,136']"
普洱乾合大酒店,9.1,"['精品標間:HK$239', '温馨單人房:HK$247', '商務單間:HK$271', '商務標間:HK$280']"
柏懿酒店,9.3,"['行政大床房:HK$281', '行政標間:HK$304', '高級標間:HK$326', '舒適三人間:HK$372']"
金孔雀酒店（普洱思茅機場店）,9.0,"['特惠旅居雙床房:HK$267', '雅緻大床房（1號樓）:HK$307', '雅緻雙床房（1號樓）:HK$320', '典雅大床房（1號樓）:HK$339']"
普洱梅子湖度假酒店,9.4,"['靜謐雙床房:HK$730', '靜謐大床房:HK$730', '森林雙床房:HK$948', '森林大床房:HK$948', '陽台全景大床房:HK$1,077', '陽台全景雙床房:HK$1,077']"
普洱雷霆酒店,8.8,"['輕享大床房（舒眠布草+酣然入夢）:HK$94', '輕享雙床房（舒眠布草+酣然入夢）:HK$94', '悦享大床房（舒眠布草+酣然入夢）:HK$114', '悦享雙床房（舒眠布草+酣然入夢）:HK$114']"
普洱豪城大酒店,9.1,"['特惠雙床房:HK$239', '特惠大床房:HK$245', '豪華雙床房:HK$263', '豪華大床房:HK$269']"
普洱景蘭大酒店（中心商務區店）,8.8,"['普通單間:HK$260', '普通標準間:HK$260', '豪華單間:HK$303', '豪華標間:HK$303', '行政套房:HK$393']"
博煜智慧酒店（茶馬古鎮機場店）,9.6,"['煜夜入眠雙床房（全屋智能·鵝絨除蟎床品·九牧衞浴）:HK$153', '煜夜入眠大床房（全屋智能·鵝絨除蟎床品·九牧衞浴）:HK$216', '煜.樂融融親子房（全屋智能+鵝絨除蟎床品+九牧衞浴））:HK$230', '煜境聽風大床房（全屋智能·鵝絨除蟎床品·九牧衞浴）:HK$234']"
錦泊酒店（茶馬古城店）,8.8,"['玉蕊特價房:HK$203', '雅緻雙床房:HK$223', '輕奢唯美雙床房:HK$224', '雅緻大床房:HK$252']"
普洱長祿酒店（陽光悦城戴家巷古建築羣店）,9.4,"['精品智能大床房:HK$317', '新中式套房（非智能）（按摩椅）:HK$317', '輕奢智能雙床房:HK$338', '輕奢智能大床房:HK$338', '全景智能雙床房:HK$365']"
普洱薈莊酒店,9.6,"['尊享大床房（愜意浴缸＆窗外美景）:HK$669', '行政大床房（超安睡＆空間高）:HK$675', '行政雙床房:HK$907', '園景套房（超高空間＆獨立會客廳＆視野開闊）:HK$1,255']"
慵懶客棧,9.8,"['暖居雙床房:HK$212', '一笑梨窩大床房:HK$226', '初心投影大床房:HK$252', '且慢大床房:HK$254']"
普洱1974酒店（高鐵站店）,9.2,"['特惠雙床房:HK$173', '豪華單間:HK$195', '豪華標間:HK$206', '零壓大床房:HK$227']"
普洱青雲別院,9.2,"['103大床房:HK$137', '303大床房:HK$144', '202大床房:HK$144', '301陽台大床房:HK$150']"
普洱文港酒店（創基尚城店）,9.3,"['悦享大床房:HK$175', '輕奢雙床房:HK$187', '尊品大床房:HK$205', '優選雙床房:HK$214']"
