酒店名称,评分,房型价格列表
桔子酒店（東營市政府清風湖店）,9.8,"['高級大床房（獨立空調丨全屋智能丨小冰箱）:HK$251', '商務大床房（全屋智能丨恆温空調丨小冰箱）:HK$268', '高級雙床房（獨立空調丨全屋智能丨小冰箱）:HK$268', '豪華套房（一室一廳丨全屋智能丨小冰箱丨婚房佈置）:HK$354']"
東營會客廳酒店（東城萬達廣場店）,9.6,"['特惠大床房:HK$163', '精品大床房（睡眠級別棉布草+品質床品）:HK$175', '精品雙床房（睡眠級別棉布草+品質床品）:HK$175', '高級大床房（睡眠級別棉布草+手機投屏+無線充）:HK$196']"
東營璞際酒店（沃德中心店）,9.5,"['茶語大床房（全屋智控+零壓床墊+榻榻米茶座）:HK$333', '雅緻大床房（全屋智能客控+零壓床墊+枕頭+休閑茶具）:HK$360', '茶韻大床房（全屋智能客控+零壓床墊+枕頭+休閑茶具）:HK$385', '茶韻雙床房（全屋智能客控+零壓床墊+枕頭）:HK$385', '奢享大床房（全屋智能客控+零壓床墊+枕頭+休閑茶具）:HK$411']"
全季酒店（東營東三路銀座廣場店）,9.7,"['高級大床房（加濕器+手機投屏）:HK$302', '商務大床房（加濕器+手機投屏）:HK$321', '高級雙床房（加濕器+手機投屏）:HK$321', '商務雙床房（加濕器+手機投屏）:HK$352']"
東營同潤大酒店,9.9,"['商務雙床標準房:HK$350', '商務大床標準房:HK$359', '高級雙床房:HK$384', '高級大床房:HK$392', '荷里活親子特大床房:HK$406']"
東營希爾頓歡朋酒店,9.7,"['舒適大床房:HK$418', '高級雙床房:HK$418', '高級大床房:HK$443', '豪華雙床房:HK$443', '豪華大床房:HK$510']"
東營沃德SOHO酒店,9.5,"['輕奢大床房:HK$167', '豪華大床房:HK$203', '豪華雙床房:HK$228', '奢享套房:HK$311']"
東營西格爾輕奢酒店,9.6,"['輕奢智能大床房【特大床|投屏電視|獨立辦公區】:HK$189', '靜享大床房【裸棉布草|全智能馬桶臀洗婦洗功能】:HK$210', '靜享雙床房【零壓床墊|智能客控|全智能馬桶】:HK$220', '樂享智能雙床房【智能客控|零壓床墊|自動換膜馬桶】:HK$236', '智享三人間【智能客控|零壓床墊|自動換膜馬桶】:HK$241']"
維也納酒店（東營東城萬達廣場店）,9.3,"['高級大床房【電視投屏+深睡床墊+品牌洗護】:HK$231', '豪華大床房【電視投屏+深睡床墊+品牌洗護】:HK$260', '豪華雙床房【電視投屏+深睡床墊+品牌洗護】:HK$270', '商務大床房【智能客控+電視投屏+深睡床墊+品牌洗護】:HK$281']"
東營大明大廈酒店,9.7,"['高級標準間:HK$282', '高級大床房:HK$282', '行政標準間:HK$359', '行政大床房:HK$359', '豪華大床房:HK$391']"
東營藍海御華大飯店,9.5,"['雅緻雙床房:HK$523', '高級單人間:HK$531', '雅緻大床房:HK$568', '荷里活大床房:HK$568', '豪華大床房:HK$622', '豪華雙床房:HK$622']"
銀座精宿（東營蘇州路凌上新街坊店）,9.6,"['精選大床房:HK$146', '智慧精選大床房:HK$167', '影音精選大床房:HK$174', '智慧精選雙床房:HK$174']"
東營百麗精品酒店（西城萬達廣場店）,9.6,"['温馨·榻榻米大床房【電視投屏＋智能客控＋靜謐安睡】:HK$145', '相濡以沫·水晶圓床房【電視投屏+浪漫滿屋+星級布草】:HK$156', '悠然自得·水床房【恆温水上懸浮床墊+電視投屏】:HK$156', '樂享·智能大床房【直飲純凈水機＋一次性馬桶轉膜】:HK$166']"
全季酒店（東營東城店）,9.7,"['高級大床房:HK$273', '高級雙床房:HK$293', '舒壓-高級大床房:HK$293', '舒壓-高級雙床房:HK$312']"
如家精選酒店（東營金融港店）,9.6,"['大床房:HK$272', '雙床房:HK$272', '商務大床房:HK$305', '高級雙床房:HK$305']"
東營聚豐大酒店,9.5,"['高級豪華標準間:HK$272', '高級豪華大床房:HK$283', '行政電腦大床間:HK$294', '豪華大床間:HK$294', '豪華標準間:HK$294']"
京苑雲科酒店,9.2,"['輕享丨特惠大床房:HK$161', '輕享丨 特惠雙床房:HK$161', '輕享丨舒睡雙床房:HK$170', '輕享丨舒睡大床房:HK$170']"
東營神州大酒店,8.9,"['別墅式普通大床房-獨立墅區:HK$164', '普通大床房:HK$204', '別墅式豪華大床房-獨立墅區:HK$217', '豪華標準房:HK$230']"
地球村大酒店（東營府前大街店）,9.3,"['特惠雙床房:HK$107', '特惠大床房:HK$153', '雙床房:HK$180', '普通雙床房:HK$226']"
藍海大飯店（東營東城府前大街店）,9.5,"['特惠商務房:HK$108', '商務標準間:HK$151', '商務單人間:HK$151', '普通單人間:HK$173']"
東營仙河太璞酒店,9.4,"['全智能商務舒適大床房+助眠床墊:HK$281', '全智能商務舒適雙床房+助眠床墊:HK$335', '全智能豪華專享大床房:HK$335', '全智能行政輕奢大床房:HK$362']"
東營百麗酒店（海通路美食街銀座廣場店）,9.4,"['地中海深睡房【海洋憩息+潔凈新風+一次性馬桶轉膜】:HK$106', '時光荏苒大床房【80代回憶+新風系統+電視投屏+自動換膜馬桶】:HK$115', '温馨榻榻米大床房【一室一廳+榻榻米床+電視投屏+自動一次性馬桶轉膜】:HK$115', 'Coco公主複式房【複式榻榻米+潔凈新風+電視投屏+自動一次性馬桶轉膜】:HK$124']"
銀座佳驛精緻酒店（東營西二路銀座商城石油化工學院店）,9.5,"['精緻大床房【舒適地暖+羽絨床品】:HK$127', '精緻雙床間【舒適地暖+羽絨床品】:HK$133', '零壓精選大床房【舒適地暖+零壓助眠】:HK$152', '悦享大床房【舒適地暖+投影大片+隨心所“浴】:HK$155']"
漢庭優佳酒店（東營東城店）,9.4,"['大床房（手機投屏）:HK$141', '高級大床房（手機投屏）:HK$157', '雙床房（手機投屏）:HK$157', '豪華大床房（手機投屏）:HK$172']"
東營藍海新悦大飯店,8.8,"['藍鑽標準間:HK$163', '藍鑽大床房:HK$164', '商務大床房:HK$262', '商務標準間:HK$295', '豪華大床房:HK$349']"
寶閣麗奢享酒店（東營墾利區繁華里店）,8.7,"['寶閣麗奢享大床房【全屋智能+喜臨門零壓床墊+小冰箱】:HK$241', '寶閣麗設計師大床房【全智能+零壓床墊+直飲機熱水 】:HK$262', '寶閣麗奢享雙床房【全屋智能+喜臨門零壓床墊+小冰箱】:HK$262', '寶閣麗設計師雙床【景觀落地窗+深度睡眠枕+五星級布草】:HK$272', '寶閣麗智享影音大床房【全智能+動感投影+落地窗】:HK$282']"
全季酒店（東營金融港店）,9.7,"['高級大床房（小冰箱+手機投屏+加濕器+智能馬桶）:HK$277', '雙床房（小冰箱+手機投屏+加濕器+智能馬桶）:HK$296', '高級特大床房（小冰箱+手機投屏+加濕器+智能馬桶）:HK$296', '高級雙床房（小冰箱+手機投屏+加濕器+智能馬桶）:HK$316']"
東營勝利廣場東勝大廈酒店,9.4,"['智能豪華大床房:HK$397', '智能豪華雙床房:HK$397', '豪華雙床房:HK$399', '豪華大床房:HK$410', '商務大床房:HK$415', '夢百合零壓豪華雙床房:HK$429']"
全季酒店（東營河口海寧路店）,9.6,"['高級大床房:HK$307', '高級雙床房:HK$317', '商務大床房:HK$337', '商務雙床房:HK$346']"
喆啡酒店（東營府前大街店）,9.5,"['醇享生活大床房:HK$169', '醇享大床房:HK$186', '醇享雙床房:HK$202', '啡凡大床房:HK$202']"
東營皇冠假日酒店,9.6,"['高級大床房:HK$441', '高級雙床房:HK$441', '高級房:HK$441', '高級大床房湖景:HK$523', '高級雙床房湖景:HK$542', '高級大床湖景行政房:HK$695']"
如家UP華驛精選酒店（東營銀座商城勝利油田中心醫院店）,9.0,"['商務大床房（零壓床墊+安心舒睡+全屋WiFi）:HK$130', '精選雙床房（零壓床墊+安心舒睡+全屋WiFi）:HK$151', '精選大床房（全屋WiFi+瓶裝水+安心舒睡）:HK$151', '高級大床房（安心舒睡+乾濕分離+瓶裝水）:HK$165']"
東營墾利賓館,9.6,"['高級標準間:HK$162', '高級大床房:HK$194', '商務標準間:HK$200', '商務大床房:HK$211']"
錦江之星品尚（東營墾利石化大廈店）,9.4,"['精選商務房C:HK$176', '商務標準房B:HK$176', '商務標準房A:HK$207', '精選商務房B:HK$207']"
東營綠洲印象精品酒店,8.9,"['輕雅單人間:HK$93', '輕途商旅雙床房:HK$108', '景途特惠大床房:HK$108', '逸途商旅雙床房:HK$123']"
東營賓館,9.6,"['豪華雙床房:HK$425', '商務雙床房:HK$425', '豪華大床房:HK$442', '商務大床房:HK$447', '行政大床房:HK$469']"
凱里亞德酒店（東營勝利石油管理局店）,9.7,"['輕享大床房【智能馬桶|零壓床墊】:HK$212', '樂享大床房【智能馬桶|零壓床墊|電視投屏】:HK$227', '樂享數碼大床【智能客控|智能馬桶|零壓床墊】:HK$243', '優享智能大床房【智能客控|智能馬桶|零壓床墊】:HK$259']"
東營黃河路亞朵酒店,9.8,"['高級雙床房（可投屏電視）:HK$323', '高級大床房（可投屏電視）:HK$341', '行政雙床房（可投屏電視）:HK$350', '幾木雙床房（小冰箱＋可投屏電視）:HK$386', '幾木大床房（小冰箱＋可投屏電視）:HK$412']"
柏曼酒店（東營光谷未來城店）,9.4,"['商務大床房:HK$163', '商務雙床房:HK$183', '家庭雙床房:HK$199', '高級大床房:HK$219']"
東營藍海國際大飯店,9.2,"['高級標準間:HK$402', '高級單人間:HK$402', '商務特色房:HK$468', '商務標準間:HK$468', '豪華商務房:HK$545', '行政大床房:HK$588']"
歸靜雅居民宿（墾利黃河口鎮店）,9.4,"['舒適大床房:HK$279', '精緻大床房:HK$381', '精緻雙床房:HK$381', '親子雙床房:HK$465']"
怡程酒店,9.1,"['標準大床房:HK$258', '標準雙人間:HK$306', '高級大床房:HK$306', '豪華大床房:HK$316', '豪華雙床房:HK$335']"
東營藍海西城賓館,9.2,"['荷里活大床房:HK$186', '豪華標準間-內窗:HK$186', '豪華標準間:HK$239', '普通標準間:HK$262']"
麗楓酒店（東營吾悅廣場黃河國際會展中心店）,9.8,"['雅緻大床房:HK$360', '豪華大床房:HK$390', '豪華雙床房:HK$390', '景觀純凈大床房:HK$419']"
客舍美學酒店,10.0,"['精品大床房:HK$268', '豪華雙床房:HK$287', '睿選豪華大床房:HK$287', '臻選觀景大床房:HK$296']"
圖米輕奢酒店,9.2,"['優享丨智能大床房:HK$196', '優享丨智能雙床房:HK$221', '樂享丨智能大床房:HK$245', '樂享丨智能雙床房:HK$253']"
東營如家驛禾酒店（西三路樂活城購物廣場店）,9.4,"['商務大床房A【舒睡空間+電視投屏】:HK$119', '雙床房【共享洗衣+舒睡空間】:HK$130', '高級大床房【零壓舒睡+遼闊視野】:HK$141', '高級雙床房:HK$151']"
東營風華國際酒店,8.9,"['雅緻大床房:HK$220', '雅緻雙床房:HK$246', '豪華大床間:HK$259', '豪華雙床間:HK$273']"
漢庭酒店（東營墾利振興路店）,9.8,"['高級大床房:HK$167', '高級雙床房:HK$185', '豪華大床房:HK$185', '商務套房:HK$239']"
沃德Smart酒店（墾利銀座商城店）,9.5,"['高級雙床房（智能馬桶）:HK$180', '高級大床房（智能馬桶）:HK$189', '靜享雙床房（智能馬桶）:HK$198', '靜享大床房（智能客控+智能馬桶）:HK$216']"
