酒店名称,评分,房型价格列表
株洲湘江風光帶亞朵酒店,9.7,"['高級雙床房:HK$349', '高級大床房:HK$367', '高級江景雙床房:HK$376', '高級江景大床房:HK$394', '行政江景雙床房:HK$403']"
株洲華天大酒店,9.5,"['高級大床房:HK$348', '高級雙床房:HK$348', '豪華大床房:HK$390', '豪華雙床房:HK$390', '智能大床房.負離子空氣凈化器:HK$416', '智能雙床房.負離子空氣凈化器:HK$416']"
株洲華漫酒店（未來雲MALL店）,9.4,"['天際凌空·城景大床房:HK$293', '清風攬月·城景雙拼大床房:HK$293', '水天攬勝·幻境大床房:HK$352', '凝江靜思·江景雙拼大床房:HK$362', '江天映畫·江景大床房:HK$362', '碧波詩語·江景雙拼大床房:HK$372']"
株洲湖景酒店（炎帝廣場神農湖店）,9.5,"['高級大床房:HK$261', '高級雙床房:HK$291', '神農湖景雙床房:HK$313', '神農湖景大床房:HK$313', '湖景.親子雙床房:HK$363']"
株洲匯金酒店（市人民政府神農城店）,9.6,"['滙享簡約大床房.品牌床墊+65寸電視:HK$253', '豪華雅緻雙床房.超寬洗漱台+全景落地窗:HK$278', '豪華雅緻大床房.辦公空間+品牌床墊:HK$280', '商務景觀雙床房.享百項增值服務+空氣凈化器:HK$318', '商務景觀大床房.全景落地窗+空氣凈化器:HK$324']"
瀟湘王廷酒店（株洲市體育中心店）,9.7,"['尉廷·豪華大床房:HK$286', '御廷·城景大床房:HK$379', '宣廷·行政大床房:HK$392', '樂廷·棋牌大床房:HK$476', '雲廷·棋牌套房:HK$876']"
株洲大漢希爾頓酒店,9.5,"['希爾頓城景大床房:HK$542', '希爾頓城景雙床房:HK$542', '希爾頓江景大床房:HK$577', '希爾頓江景雙床房:HK$577', '豪華江景大床房:HK$648', '豪華江景雙床房:HK$648']"
株洲國賓酒店,9.4,"['商務單間:HK$327', '商務雙間:HK$327', '豪華單間:HK$380', '豪華雙間:HK$380', '家庭親子房:HK$381']"
株洲延年廣場酒店,9.5,"['延致.商務大床房:HK$270', '延致.商務雙床房:HK$270', '延逸.豪華大床房:HK$300', '延逸.豪華雙床房:HK$300', '延景.行政大床房:HK$331', '延慶.童趣親子房:HK$381']"
株洲芳舍酒店（美的時代廣場店）,9.1,"['高級大床房:HK$238', '高級雙床房:HK$238', '舒適大床房:HK$238', '舒適雙床房:HK$238']"
株洲美的萬豪酒店,9.3,"['豪華大床房:HK$487', '豪華雙床房:HK$487', '尊貴大床房:HK$538', '至尊大床房:HK$597', '行政大床房:HK$666', '行政雙床房:HK$666']"
株洲紅旗廣場希爾頓歡朋酒店,9.8,"['舒適大床房:HK$403', '舒適雙床房:HK$420', '舒適園景房:HK$422', '高級雙床房:HK$499', '高級大床房:HK$499']"
株洲美豪歡朋酒店（世貿廣場火車站店）,9.6,"['歡漫精緻大床房丨品牌床墊:HK$164', '歡致商務雙床房:HK$197', '歡悦雅居大床房丨品牌床墊+雙人沙發+電視可投屏:HK$197', '歡趣影院大床房丨VIP巨幕影院+雙人沙發:HK$208']"
株洲錦辰酒店（神農城炎帝廣場店）,9.5,"['靜謐·商務大床房（獨棟大樓+65寸超清電視+品牌床墊）:HK$167', '靜謐·商務投影大床房（巨幕+智能馬桶+品牌床墊）:HK$178', '靜謐·商務雙床房（超清電視機+品牌床墊+雙人沙發）:HK$200', '智享·臻選大床房（獨棟大樓+全屋智能客控+品牌床墊）:HK$220']"
株洲東帆國際大酒店（天元區炎帝廣場店）,9.5,"['若蘭清韻.標準雙床房:HK$244', '若蘭清韻.標準大床房:HK$250', '若蘭清韻.豪華雙床房:HK$311', '若蘭清韻.豪華大床房:HK$322', '童趣親子三床房-小童帳篷+浴缸:HK$366']"
株洲漢斯酒店（火車站服裝批發市場店）,9.4,"['幸運·特惠大床房（品牌床墊+安靜入眠+俯瞰夜景）:HK$152', '幸運·特惠雙床房（品牌床墊+安靜入眠+俯瞰夜景）:HK$152', '尊享·雅緻雙床房（品牌床墊+安靜入眠+俯瞰夜景）:HK$192', '尊享·雅緻大床房（品牌床墊+安靜入眠+俯瞰夜景）:HK$192']"
廷泊酒店（天元區湖南工業大學店）,9.5,"['雅悦禮居大床房:HK$263', '雅悦禮居雙床房:HK$266', '雅悦影視大床房-百寸巨幕觀影:HK$284', '尊享典居大床房:HK$302', '尊享典居雙床房:HK$302']"
FunGee歡致酒店（株洲尚格廣場店）,9.7,"['彩蛋影院大床房:HK$200', '歡愉影院大床房（智能語音控制+品牌床墊+智能馬桶）:HK$210', '歡如影院景觀大床房（全屋智能語音控制+VIP影院+品牌床墊）:HK$220', '歡悦景觀大床房（全屋智能語音控制+高空城景+MINI冰箱）:HK$230']"
柏曼國際酒店（株洲天元區炎帝廣場店）,9.6,"['高級雙床房（寬敞雙人床|品牌床墊|視野開闊|絕美城景）:HK$225', '商務大床房（品牌床墊|視野開闊|特大床|絕美城景）:HK$241', '商務雙床房（品牌床墊|寬敞雙人床|俯瞰城景）:HK$277', '豪華大床房（品牌床墊|視野開闊|特大床|璀璨夜景）:HK$287', '豪華雙床房（視野開闊|品牌床墊|寬敞雙人床|辦公空間）:HK$294']"
鉑林錦尚酒店（株洲火車站世貿廣場店）,9.1,"['錦鯉大床房（全屋智能客控+蕎麥枕+品牌床墊）:HK$196', '錦逸大床房（65寸超清電視+全屋智能客控+智能馬桶）:HK$208', '錦願大床房（百寸巨幕投影+VIP電影權益+全屋智能客控）:HK$217', '錦致雙床房（65寸超清電視+全屋智能客控+護頸蕎麥枕）:HK$229']"
株洲金域半島酒店（世貿廣場火車站店）,9.4,"['優享∙高級雙床房（品牌床墊+舒適好眠）:HK$250', '優享∙高級大床房（品牌床墊+舒適好眠）:HK$256', '零壓∙深睡大床房（品牌床墊+舒適好眠）:HK$291', '零壓∙深睡雙床房（品牌床墊+舒適好眠）:HK$291', '臻選∙商務大床房（品牌床墊+舒適好眠）:HK$306']"
維爾斯酒店（株洲西站店）,9.6,"['簡約大床房:HK$157', '精緻大床房:HK$166', '優享大床房:HK$176', '智享影音大床房:HK$194']"
株洲天倫·芳舍酒店,9.3,"['雅緻精品大床房:HK$315', '高級大床房:HK$350', '高級雙床房:HK$350', '院景大床房:HK$382', '院景雙床房:HK$382']"
銘逸酒店（株洲天元區體育中心店）,9.6,"['逸·致大床房【全景落地窗|金可兒舒眠床墊】:HK$260', '逸·致雙床房【全景落地窗|新風系統|金可兒舒眠床墊】:HK$271', '逸·雅大床房【全景落地窗|金可兒深睡床墊】:HK$280', '逸·健運動大床房【私享健身房|遠大新風系統】:HK$283', '逸·禪大床房【新中式禪意風|新風系統|超大實木茶台】:HK$317']"
締景酒店（株洲西站店）,8.9,"['圓床房:HK$230', '商務大床房:HK$241', '商務雙床房:HK$241', '巨幕影院圓床房:HK$251']"
銀天國際商務酒店,9.6,"['逸緻大床房「休閑沙發+品牌床墊」:HK$207', '逸趣電競雙機大床房:HK$218', '逸緻雙床房「舒適好眠+優質採光」:HK$227', '逸趣電競雙機雙床房:HK$228', '逸品大床房「安靜入眠+寬敞空間」:HK$246']"
逸景大酒店（炎帝廣場店）,9.6,"['迷你小單間:HK$211', '高級大床房:HK$273', '高級雙人房:HK$273', '娛樂雙床房:HK$363', '高級觀景大床房:HK$377']"
株洲職教城中車亞朵酒店,9.3,"['高級大床房:HK$323', '行政雙床房:HK$349', '行政大床房:HK$349', '尊享大床房:HK$376', '尊享雙床房:HK$376']"
驛居酒店（株洲長江南路中心醫院店）,9.0,"['商務大床房:HK$155', '高級雙床房:HK$181', '高級大床房:HK$184', '特色大床房:HK$236']"
株洲君瑞華盛國際酒店,9.5,"['雅悦·星辰圓影房:HK$192', '雅緻.180度觀景房:HK$199', '雅逸·靜謐怡居大床房:HK$216', '雅苑·靜享怡居雙床房:HK$223', '臻逸·御享行政大床房:HK$239']"
株洲華客信頤酒店,9.4,"['高級雙人房:HK$301', '高級大床房:HK$315', '豪華大床房:HK$337', '豪華雙人間:HK$337', '娛樂大床房:HK$391']"
株洲高科慧谷酒店（美的時代廣場店）,9.3,"['雅悦行政大床房:HK$173', '雅悦行政雙床房:HK$184', '惠享優品大床房:HK$185', '臻選品質大床房:HK$195']"
廷泊酒店（株洲中心廣場店）,9.5,"['特惠優居大床房:HK$324', '雅悦禮居大床房:HK$384', '茗雅禮居大床房:HK$435', '茗雅禮居雙床房:HK$435', '江楓晚居大床房:HK$448']"
漢庭酒店（株洲泰山路炎帝廣場店）,9.8,"['高級大床房（投屏電視+中空隔音）:HK$246', '高級雙床房（投屏電視+中空隔音）:HK$255', '商務大床房（投屏電視+中空隔音）:HK$264', '行政套房（投屏電視+小冰箱）:HK$340']"
悦時光酒店（株洲火車站店）,9.4,"['彩蛋大床房:HK$150', '春風十里:HK$161', '一朵雲書:HK$161', '海棠未眠:HK$161']"
相遇歡影酒店（株洲火車站中心廣場店）,9.0,"['M-趣惠大床房（沉浸式高清熒幕+安靜舒睡）:HK$157', 'M-微光大床房（4K熒幕大床+舒適床品+乾濕分離）:HK$166', 'M-歡致大床房（65寸高清電視+動人夜景+優選床品）:HK$182', 'M-隱閣大床房（雙層複式+高清熒幕+尊享VIP）:HK$182']"
莫林錦尚酒店（株洲大道尚格廣場店）,9.4,"['儷錦商務大床房（全屋語音客控+迷你書桌）:HK$209', '儷錦大床房（深度睡眠+舒適床墊）:HK$415', '意錦.影音房（高清影音+巨幕觀影+舒適床墊）:HK$451', '儷錦.豪華大床房（全屋智能語音客控+深度睡眠+舒適床墊）:HK$491']"
雅美酒店（株洲火車站服裝市場店）,9.4,"['雅美·特惠大床房（安靜入眠+俯瞰夜景）:HK$179', '雅美·特惠雙床房（安靜入眠+俯瞰夜景）:HK$186', '尊享·豪華大床房（安靜入眠+俯瞰夜景）:HK$199', '尊享·豪華雙床房（安靜入眠+俯瞰夜景）:HK$206']"
鉑悦輕奢酒店（株洲天元區政府店）,9.2,"['豪華電影大床房:HK$227', '豪華雙人房:HK$227', '豪華智能棋牌大床:HK$249', '舒適雙人棋牌房:HK$271']"
候鳥HOME設計師民宿（株洲火車站世貿廣場店）,9.7,"['安河橋北:HK$159', '特惠大床房:HK$160', '沐雲:HK$160', '塞外暖陽:HK$160']"
維也納3好酒店（株洲紅旗路田心店）,9.8,"['標準大床房:HK$230', '標準雙床房:HK$230', '豪華大床房:HK$255', '豪華雙床房:HK$255']"
曼居酒店（株洲天元區美的城時代廣場店）,9.1,"['曼享高級雙床房:HK$244', '曼享高級大床房:HK$244', '曼享豪華棋牌房:HK$271', '曼享豪華雙床房:HK$320', '曼享豪華大床房:HK$342']"
株洲皇聖臻品酒店,9.0,"['景臻房:HK$185', '品臻大床房:HK$216', '品臻雙床房:HK$229', '逸臻圓床房:HK$268']"
莫林風尚酒店（湖南工業大學炎帝廣場店）,9.6,"['愛尚·大床房丨 品牌床墊+65寸電視+智能客控:HK$188', '風尚·大床房丨品牌床墊+65寸電視:HK$200', '風尚·雙床房丨品牌床墊+會客沙發:HK$200', '風趣·觀影大床房丨智能語音控制+VIP巨幕影院:HK$212']"
馬冬梅的民宿（白鶴公館店）,9.7,"['特惠大床房（巨幕投影+VIP百寸巨幕投影）:HK$159', '等你（法式風情+巨幕投影）:HK$170', '春華:HK$170', '夏蟬（日式風情+飲茶台）:HK$170']"
星程酒店（株洲天元區中心醫院店）,9.7,"['大床房（65寸大電視-全景落地窗-小冰箱）:HK$281', '高級雙床房（65寸大電視-全景落地窗-小冰箱）:HK$302', '高級大床房（65寸大電視-全景落地窗-小冰箱）:HK$302', '豪華大床房（65寸大電視-全景落地窗-小冰箱）:HK$321']"
株洲小天鵝戴斯酒店,9.7,"['特惠雙床房:HK$316', '雅緻雙床房:HK$350', '雅緻大床房:HK$389', '行政雙床房:HK$389', '電競雙人間:HK$414']"
希顧酒店（株洲火車站店）,9.7,"['高級大床房（智能客控+零壓枕+65寸智能電視）:HK$193', '豪華大床房（智能客控+零壓枕+品牌床墊）:HK$193', '豪華雙床間（智能客控+零壓枕+智能馬桶）:HK$193', '安適榻榻米房（智能客控+零壓枕+智能馬桶）:HK$204']"
亞汀海悦酒店（天元區株洲站店）,9.2,"['悦居·高級大床房（獨棟小院）:HK$130', '悦居·高級雙床房（獨棟小院）:HK$142', '悦雅·商務大床房（原木簡約風）:HK$163', '悦馨·豪華雙床房（深藍清新風）:HK$165']"
城南智能酒店,9.7,"['迷你小單間 （智能小度+零壓床墊）:HK$122', '簡約大床房 （零圧床墊+智能小度）:HK$139', '優享智能大床房 （智能小度+零壓床墊）:HK$148', '尊享智能大床房 （智能小度+零壓床墊+迷你書桌）:HK$156']"
