酒店名称,评分,房型价格列表
梅州有權國際大酒店（梅江區客都滙商業文化廣場店）,9.4,"['智能標準大床房:HK$257', '智能標準雙床房:HK$257', '智能豪華雙床房:HK$292', '智能豪華大床房:HK$292']"
泊溪酒店（梅州西高鐵站店）,9.5,"['高級大床房:HK$212', '城景大床房:HK$228', '超級大床房:HK$234', '城景雙床房:HK$246']"
梅州又見民宿,9.1,"['悦林小築丨大床房:HK$110', '美築創意丨大床房:HK$145', '森嶼隱舍丨大床房:HK$177', '伴友同行丨雙床房:HK$185']"
365連鎖酒店（梅州江南店）,9.5,"['特惠房（無窗）:HK$115', '雅緻雙人房:HK$125', '雅韻雙人房:HK$145', '雅韻大床房:HK$145']"
梅州毅新酒店（人民廣場店）,9.4,"['特惠雙床房:HK$164', '特惠大床房:HK$169', '雅緻雙床房:HK$173', '雅緻大床房:HK$177']"
綠舟酒店（梅州市人民醫院店）,9.3,"['油羅｜特惠大床房（抗菌防蟎親膚布草&深睡鴨絨枕頭）:HK$119', '劍英｜雅緻大床房（抗菌防蟎親膚布草&深睡鴨絨枕頭）:HK$130', '客天下｜温馨雙床房｜抗菌防蟎親膚布草&深睡鴨絨枕頭:HK$141', '客天下｜温馨大床房｜抗菌防蟎親膚布草&深睡鴨絨枕頭:HK$141']"
博爾曼北歐酒店 （嘉大店）,8.8,"['法式·特惠大床房:HK$156', '法式·純真靜漫大床房:HK$168', '法式·動漫影院大床房:HK$179', '意式·淡雅動感大床房:HK$191']"
趣致酒店（梅州梅江區院士廣場店）,9.5,"['趣享輕奢大床房（洗衣機+智能客控+智能馬桶）:HK$196', '致享星空大床房（洗衣機+智能客控+智能馬桶）:HK$216', '趣享江景大床房（景觀陽台+全屋智能+免費洗衣機）:HK$236', '致享江景大床房（景觀陽台+全屋智能+免費洗衣機）:HK$255']"
梅州金葉戴斯温德姆酒店,9.3,"['舒適城景雙床房:HK$437', '舒適好眠大床房:HK$442', '高級城景大床房:HK$455', '高級城景雙床房:HK$455', '豪華雙床房:HK$455']"
麗呈睿軒酒店（梅州萬達廣場店）,9.0,"['特惠單人房:HK$235', '標準大床房:HK$261', '標準雙床房:HK$261', '豪華大床房:HK$288']"
梅州市路家酒店,9.0,"['高級雙人間:HK$151', '高級大床房:HK$154', '豪華雙人間:HK$160', '豪華單人房:HK$174']"
永客·優悅酒店（梅州梅江區萬達廣場店）,8.8,"['優享影音房（極光TV會員隨心看+私享獨立冰箱洗衣機）:HK$129', '優享大床房（電視投屏·飄窗+私享獨立冰箱洗衣機）:HK$140', '甄享大床房:HK$140', '悦享大床房（電視投屏·飄窗+私享獨立冰箱洗衣機）:HK$150']"
梅州栢琚酒店（人民廣場店）,9.1,"['舒適大床房:HK$142', '高級單人房:HK$158', '高級雙人房:HK$158', '豪華單人房:HK$174']"
365連鎖酒店（梅州新城店）,9.3,"['雅緻大床房:HK$164', '雅緻大床房（無窗）:HK$164', '雅緻雙人房:HK$179', '精選大床房（小度智能語音）:HK$243']"
乾坤潤精品酒店（梅州新縣城店）,9.5,"['特惠大床房:HK$160', '特惠雙人間:HK$165', '商務雙人間:HK$188', '商務大床房:HK$188']"
梅州白天鵝迎賓館,9.5,"['商務城景大床房:HK$326', '商務城景雙床房:HK$326', '商務江景雙床房:HK$347', '商務江景大床房:HK$347', '商務江景套房:HK$401']"
客天下·萬象國際公寓（梅州萬達廣場店）,8.8,"['優選-輕奢大床房[獨立陽台、洗衣機、小冰箱]:HK$163', '優選-輕奢雙床房[獨立陽台、洗衣機、小冰箱]:HK$163', '輕雅-陽台雙床房[大空間、洗衣機、小冰箱]:HK$185', '輕雅-陽台大床房[大空間、洗衣機、小冰箱]:HK$185']"
如家酒店（梅州百花洲步行街店）,9.5,"['大床房:HK$126', '商務大床房:HK$134', '雙床房:HK$143', '高級大床房:HK$143']"
全季酒店（梅州PCI未來社區店）,9.6,"['高級大床房A:HK$321', '高級大床房:HK$340', '雙床房:HK$340', '高級雙床房:HK$360']"
梅州金德寶國際酒店,9.1,"['高級大床房:HK$172', '高級雙床房:HK$202', '豪華大床房:HK$212', '豪華雙床房:HK$212', '商務雙人房:HK$243']"
梅州鴻儒文化精品酒店（客家博物館店）,9.6,"['特惠大床房（自助卡座泡茶）:HK$258', '精品大床房（自助卡座泡茶）:HK$276', '精緻雙床房:HK$295', '陽光大床房（古典與現代結合）:HK$323']"
梅州天地人花園酒店（梅江梅縣人民廣場店）,9.2,"['天·雅緻大床房:HK$105', '窗外好景大床房:HK$119', '動人夜景雙床房:HK$123', '天·逸緻影視大床房（海量新片+手機巨幕投屏）:HK$142']"
芭緹陽光連鎖酒店（客都滙文化廣場店）,8.9,"['雅韻大床房「鬧中取靜｜一次性浴巾面巾」:HK$122', '影音精品大床房［泰式風情｜影視會員］:HK$130', '雅韻雙床房『新中式與泰式結合｜公區提供洗衣房|』:HK$137', '影音商務雙床房［影院體驗｜東南亞特色］:HK$155']"
城市便捷酒店（梅州萬達廣場店）,9.5,"['標準大床房:HK$183', '高級大床房:HK$197', '高級雙床房:HK$197', '豪華大床房:HK$205']"
梅州皇家名典酒店（嘉應古城店）,8.9,"['豪華雙床房:HK$214', '豪華大床房:HK$214', '影音大床房:HK$235', '影音雙床房:HK$235', '夢百合助眠大床房:HK$235']"
梅州益航酒店,9.4,"['特價單人房:HK$96', '標準大床房:HK$104', '豪華大床房:HK$111', '標準雙人房:HK$111']"
梅州四季尚品酒店,8.5,"['温馨大床房:HK$171', '尚品大床房:HK$184', '四季景觀雙床房:HK$195', '雅緻雙床房:HK$208']"
山居湖景民宿（保利江南和府店）,9.9,"['舒適大床套房有客廳冰箱洗衣機可做飯:HK$147', '舒適兩個房間兩張床四人套房有客廳冰箱洗衣機可做飯:HK$240', '舒適三個房間三張床六人套房有客廳冰箱洗衣機可做飯:HK$259', '標準四個房間四張床八人套房有客廳冰箱洗衣機可做飯:HK$295']"
柏曼酒店（梅州梅縣機場店）,9.3,"['標準雙床房（酒店提供洗衣房）:HK$180', '標準大床房（酒店提供洗衣房）:HK$180', '高級大床房（酒店提供洗衣房）:HK$191', '高級雙床房（酒店提供洗衣房）:HK$191']"
梅州誠御酒店（客都滙商業文化廣場店）,9.5,"['精品大床房:HK$229', '高級大床房:HK$260', '高級雙床房:HK$260', '豪華大床房:HK$296', '豪華雙床房:HK$296']"
乾坤潤精品酒店（梅州江北店）,9.4,"['經濟單人房:HK$167', '榻榻米房:HK$167', '商務單人房:HK$189', '精品雙人房:HK$205']"
麗悦酒店（梅州店）,9.3,"['標準智能大床房:HK$255', '豪華智能大床房:HK$271', '高級智能雙床房:HK$271', '豪華智能雙人房:HK$272', '行政智能房:HK$331']"
棲雅民宿（梅州法政路店）,9.2,"['時光不語:HK$136', '竹搖花香:HK$169', '煙火年年:HK$182', '盛世芳華【家庭親子套房】:HK$202']"
梅州市中心柏麗廣場亞朵酒店,9.7,"['高級大床房（裸棉床品+投屏+小冰箱）:HK$370', '高級雙床房（裸棉床品+投屏+小冰箱）:HK$389', '行政大床房（裸棉床品+投屏+小冰箱）:HK$399', '幾木大床房（裸棉床品深睡2.0枕+投屏+小冰箱）:HK$440', '幾木雙床房（裸棉床品深睡2.0枕+投屏+小冰箱）:HK$440']"
梅州中悦酒店（客都滙商業文化廣場店）,9.0,"['標準大床房:HK$126', '優選雙人房:HK$132', '標準雙床房:HK$137', '豪華雙床房:HK$148']"
嘉洲酒店（梅縣機場店）,8.8,"['高級雙床房:HK$161', '高級大床房:HK$161', '豪華大床房:HK$183', '豪華雙床房:HK$183']"
梅州天藍酒店（嘉應古城店）,8.6,"['尊享大床房【採光通透大空間+深睡枕頭+乾濕分離】:HK$119', '高級大床房【採光通透空間大+深睡枕頭+乾濕分離】:HK$143', '尊享雙床房【採光通透大空間 +深睡枕頭+乾濕分離】:HK$150', '舒適大床房【採光通透空間大 +深睡枕頭+乾濕分離】:HK$166']"
億嘉酒店（梅州市人民醫院店）,8.6,"['輕居大床房:HK$107', '雅居大床房:HK$121', '輕居雙床房:HK$128', '樂居投影大床房:HK$135']"
漢庭酒店（梅州東山谷店）,9.6,"['大床房:HK$224', '高級大床房（智能客控）:HK$243', '雙床房:HK$243', '高級雙床房（智能客控）:HK$252']"
維也納酒店（梅州市區中心店）,8.9,"['標準單人房:HK$201', '高級雙床房:HK$201', '高級大床房:HK$201', '豪華雙床房:HK$241']"
維也納國際酒店（梅州錠子橋店）,9.3,"['標準單人房（無窗）:HK$217', '標準雙床房:HK$219', '標準大床房:HK$233', '豪華大床房:HK$244']"
梅州美居尚品酒店,8.6,"['高級雙床房:HK$144', '高級大床房:HK$151', '豪華大床房:HK$165', '商務大床房:HK$172']"
嘉州假日酒店（梅州市中心嘉印拾光樂園店）,8.5,"['商務大床房:HK$135', '商務雙床房:HK$142', '豪華大床房:HK$165', '商務套房:HK$278']"
棲悅裏公寓（梅州市人民醫院店）,9.7,"['特惠大床房（沉浸觀影+舒壓沐浴）:HK$135', '雅緻大床房（抗菌親膚布草+舒適睡眠）:HK$151', '豪華大床房（沉浸觀影+舒壓美膚沐浴）:HK$156', '温馨大床房（抗菌親膚布草+舒適睡眠）:HK$162']"
康祺國際公寓（梅州客天下店）,9.2,"['商務大床房:HK$222', '豪華大床房（投影+陽台）:HK$229', '商務雙床房:HK$229', '豪華雙床房（洗衣機）:HK$270']"
梅州迪雅酒店,8.6,"['標準大床間:HK$151', '標準雙床房:HK$159', '豪華大床房:HK$182', '豪華雙床房:HK$189']"
梅州華美達酒店（萬達廣場店）,8.8,"['標準雙人房:HK$205', '標準單人房:HK$220', '豪華單人房:HK$227', '豪華雙人房:HK$241', '行政雙人房:HK$333']"
365公寓酒店（梅州萬達廣場店）,9.2,"['標準大床房:HK$145', '雅緻大床房:HK$152', '標準雙人房:HK$152', '日式房:HK$167']"
趣致·嘻哈主題公寓（梅州梅江區店）,9.2,"['雅緻大床房[洗衣機+冰箱+陽台+投影儀]:HK$146', '豪華大床房[洗衣機+冰箱+陽台]:HK$158', '暢享影音房（洗衣機+冰箱+陽台+投影儀VIP）:HK$176', '豪華雙床房[洗衣機+冰箱+陽台+投影儀]:HK$181']"
梅州強華陋室酒店,9.6,"['豪華大床房:HK$314', '豪華雙床房:HK$314', '行政雙床房:HK$365', '親子雙床房:HK$365', '豪華套房:HK$534']"
梅州聯邦酒店（客都滙商業文化廣場店）,9.0,"['特惠大床房:HK$152', '特惠雙床房:HK$152', '商務雙床房:HK$165', '豪華雙床房:HK$177']"
菲繁臻品酒店（梅州東滙城火車站店）,9.1,"['臻品·複式特惠大床房（獨立冰箱洗衣機&採光生活陽台）:HK$140', '臻品.複式優選大床房（獨立冰箱洗衣機&採光生活陽台）:HK$163', '複式大床+榻榻米房:HK$175', '臻品.高級複式雙床房（獨立冰箱洗衣機&採光生活陽台）:HK$187']"
梅珠文創酒店（梅江區客都滙商業文化廣場店）,9.3,"['特惠大床房 （貴族床墊+智能客控+迷你冰箱）:HK$232', '特惠雙床房 （貴族床墊+智能客控+迷你冰箱）:HK$245', '舒適大床房（貴族床墊+智能客控+迷你冰箱）:HK$265', '舒適雙床房 （貴族床墊+智能客控+迷你冰箱）:HK$274']"
梅州東谷朵米酒店（梅江區院士廣場店）,9.5,"['雅緻雙床房:HK$367', '雅緻大床房:HK$385', '精選雙床房:HK$421', '精選大床房:HK$439']"
梅州英思廷酒店（梅江萬達廣場店）,8.9,"['廷悦大床房:HK$245', '廷悦雙床房:HK$266', '廷逸大床房:HK$266', '廷逸雙床房:HK$288', '廷逸親子主題雙床房（開心玩偶+迷你帳篷）:HK$330']"
雅瑞斯酒店（梅州梅江區萬達廣場店）,9.1,"['雅惠大床房「精緻睡眠·舒適潔凈」:HK$135', '雅悦零壓豪華大床房「舒睡好眠·高級甜睡」:HK$146', '雅緻雙床房「自然舒眠·商務簡約」:HK$156', '巨幕影院零壓大床房「高清投影·海量片源」:HK$167']"
途享智能公寓（梅縣人民廣場店）,8.6,"['TX丨城景智能大床房（智能客控+高清投影）:HK$188', 'TX丨豪華智能大床房（智能客控+高清投影+城市夜景）:HK$199', 'TX丨輕奢智能大床房（智能客控+高清投影）:HK$212', 'TX丨甄選智能行政大床房（智能客控+高清投影）:HK$259']"
凱里亞德酒店（梅州高鐵站店）,8.7,"['輕享大床房:HK$206', '優享大床房:HK$214', '優享雙床房:HK$214', '榮享大床房:HK$230']"
梅州鬆口印象民宿,9.7,"['櫳辰大床房B:HK$238', '櫳辰大床房A:HK$239', '櫳靜雙床房:HK$239', '觀瀾高級大床房:HK$408', '觀瀾江景大床房:HK$483']"
梅州客都大酒店,8.9,"['高級大床房:HK$138', '高級雙人房:HK$212', '豪華大床房:HK$374', '豪華雙床房:HK$374']"
企程AI酒店（梅州畲江廣梅產業園店）,9.2,"['尊享Ai大床房（智能小度+電動窗簾+巨幕投影+榻榻米床+手機投屏+空氣凈化器+安靜好眠）:HK$226', '180°日落江景尊享Ai大床房（智能小度+電動窗簾+巨幕投影+榻榻米床+手機投屏+空氣凈化器+安靜好眠）:HK$253', '靜謐之居Ai大床房（和風雅室+智能小度+電動窗簾+巨幕投影+榻榻米床+空氣凈化器）:HK$299', '智享Ai雙床房（智能小度+電動窗簾+巨幕投影+榻榻米床+手機投屏+空氣凈化器）:HK$314']"
365城市酒店（梅縣華僑中學店）,9.6,"['雅緻大床房:HK$136', '雅緻雙床房:HK$136', '雅韻雙床房:HK$141', '雅韻大床房:HK$147']"
麗楓酒店（梅州市區中心店）,9.5,"['雅緻大床房（無窗）:HK$231', '高級大床房:HK$247', '豪華雙床房:HK$280', '豪華大床房:HK$297']"
