酒店名称,评分,房型价格列表
樂安國際酒店（縣政府店）,8.9,"['特惠雙床房:HK$184', '商務大床房:HK$249', '商務雙床房:HK$249', '高級智能特惠雙床房:HK$271']"
樂東鶯歌海拾光旅租,9.2,"['標準雙床房:HK$147', '舒適大床房:HK$156', '大床房:HK$156', '海景大床房:HK$174']"
龍棲灣觀海宿公寓,8.8,"['全海景二室雙床套房305:HK$211', '全海景二室二廳三床套房401:HK$211', '全海景二室三床套房302:HK$211', '至尊全海景二室三床套房1005:HK$239']"
麗思頓國際酒店（樂東高鐵站店）,9.1,"['AI智享·輕奢陽光大床房[秒睡記憶枕+喜臨門床墊+中央空調+星級洗護]:HK$203', 'IMAX影院大床房[秒睡記憶枕+喜臨門床墊+中央空調+洗護套裝]:HK$206', 'AI智選·輕奢陽光雙床房[秒睡記憶枕+喜臨門床墊+中央空調+星級洗護套裝]:HK$209', 'AI智美·IMAX影院雙床房[秒睡記憶枕+喜臨門床墊+中央空調+星級洗護套裝]:HK$210']"
希爾曼麗致酒店（樂東高鐵站店）,9.3,"['麗致 • 智能大床房 【中央空調-智能客控-全景落地窗-記憶深睡枕頭】:HK$233', '麗致・智能雙床房 【中央空調-智能客控-全景落地窗-記憶深睡枕頭】:HK$256', '麗致 • 輕奢影院房-中央空調-全景落地窗-150寸巨幕投影-乳膠睡眠床墊】:HK$281', '麗致・麻將大床房【中央空調-落地窗-休閑區-全新大麻將】:HK$287']"
棲岸智慧酒店（樂東高鐵站店）,8.6,"['高級陽光雙床房[零壓床墊 +全房型智能聲控+城市景觀]:HK$135', '高級陽光大床房[全房型智能聲控+加大閑適空間+零壓床墊 ]:HK$146', '豪華親子房[洗漱區二區分離 +秒睡記憶枕+全房型智能聲控]:HK$201', '豪華套房[零壓床品+全房型智能聲控+優質睡感]:HK$233']"
樂東棲曼智慧酒店（黃流車站店）,9.6,"['茶藝棋牌室:HK$117', '純凈自然大床房（全屋智能客控＋零壓助眠床墊＋中央空調）:HK$152', '純凈自然雙床房（全屋智能客控＋零壓助眠床墊＋中央空調）:HK$164', '浪漫投影大床房（全屋智能客控＋零壓助眠床墊＋巨幕投影＋中央空調）:HK$164']"
昌發商務大酒店（樂東人民醫院店）,8.4,"['高級大床房:HK$199', '高級雙床房:HK$199', '豪華大床房:HK$216', '豪華雙床房:HK$234']"
城市便捷酒店（樂東汽車站店）,8.2,"['豪華大床房:HK$190', '豪華雙床房:HK$190', '標準大床房:HK$190', '商務大床房:HK$209']"
樂東華瑞酒店（黃流店）,9.5,"['陽光雙床房:HK$223', '音響大床房:HK$235', '智能雙標房:HK$260']"
樂東卡爾頓智選酒店（黃流店）,9.2,"['臻選•智能大床房【零壓記憶床墊-客控-冰箱-中央空調】:HK$170', '臻選•智能雙床房【零壓記憶床墊-客控-冰箱-中央空調】:HK$173', '臻選•影院大床房【乳膠記憶床墊-客控-冰箱-中央空調】:HK$188', '尊享•豪華雙床房【乳膠記憶床墊-客控-冰箱-中央空調】:HK$221']"
艾扉酒店（樂東綠之南感恩路店）,9.0,"['雙床房:HK$179', '商務大床房:HK$206', '高級雙床房:HK$216', '高級大床房:HK$235']"
樂東悦萊客棧（黃流店）,9.3,"['經濟單人房:HK$76', '特惠雙床房:HK$82', '舒適大床房:HK$94', '舒適雙床房:HK$96']"
樂東華逸酒店,8.3,"['攬逸特惠大床房:HK$196', '攬逸大床房:HK$295', '攬逸雙床房:HK$295', '奢逸家庭套房:HK$542']"
樂東亞朵·芮梵酒店（利國店）,9.4,"['梵 L 輕奢智能投影大床房:HK$189', '梵 L 靜雅智能麻將套房:HK$286']"
樂東東青商務賓館（黃流鎮店）,9.1,"['特價大床房（乾濕分離）:HK$193', '特價雙床房:HK$193', '豪華大床房（乾濕分離）:HK$211', '豪華雙床房（乾濕分離）:HK$211']"
樂東觀海主題客棧,8.6,"['標準雙床房:HK$119', '標準大床房:HK$119', '一線海景雙床房:HK$156', '一線海景大床房:HK$156']"
樂東鶯歌海有客民宿,9.8,['標準雙床房:HK$142']
樂東金鉑曼酒店（利國店）,9.1,"['舒適大床房（零壓床墊+冰箱）:HK$138', '舒適雙床房（零壓床墊+冰箱）:HK$149', '高級大床房（零壓助眠床墊+休閑大飄窗+冰箱）:HK$161', '高級雙床房（零壓助眠床墊+休閑大飄窗+冰箱）:HK$172']"
樂東西岸·雅居（黃流店）,8.5,"['書香文藝·雙床房:HK$129', '中式水墨山水·超大拼接床:HK$130', '復古文藝·豪華陽台雙床房:HK$136']"
維也納酒店（樂東公園店）,9.0,"['標準大床房【泡腳桶+生薑包】:HK$207', '豪華雙床房【山景+自然風光景+品牌床墊】:HK$224', '高級大床房【靜謐內窗+安享睡眠】:HK$224', '行政大床房【瓷磚地面+泡腳桶（生薑包）】:HK$241']"
樂東吾逅陽光智能酒店（黃流鎮店）,8.9,"['高級陽光大床房[洗漱區三區分離+零壓床品+公區洗衣機]:HK$120', '高級陽光雙床房[洗漱區三區分離+零壓床品+秒睡記憶枕]:HK$132', '豪華浴缸大床房[洗漱區三區分離+秒睡記憶枕+零壓床品]:HK$143', '豪華家庭親子套房[洗漱區三區分離+記憶枕+零壓床品]:HK$155']"
宜勝茶舍民宿（尖峯嶺店）,10.0,"['特價雙床房:HK$213', '舒適大床房:HK$223', '舒適雙床房:HK$223', '標準雙床房:HK$223']"
東順源酒店（樂東利國鎮店）,9.6,"['園景智能大床房（全屋智能+投屏電視+中央空調+0壓床墊+酒店公區提供洗烘機）:HK$146', '園景智能雙床房（全屋智能+投屏電視+中央空調+0壓床墊+酒店公區提供洗烘機）:HK$146', '全景智能雙床房（全屋智能+投屏電視+中央空調+0壓床墊+酒店公區提供洗烘機）:HK$165', '全景智能大床房（全屋智能+投屏電視+中央空調+0壓床墊+酒店公區提供洗烘機）:HK$165']"
樂東椰林灣農家樂,9.1,"['普通雙床房:HK$267', '普通大床房:HK$267', '豪華雙床房:HK$330', '豪華大床房:HK$330']"
樂東驛客家酒店（黃流店）,8.2,"['麻將大床房（乾濕分離）:HK$197', '親子三人間:HK$233', '舒適套房（乾濕分離）:HK$268', '豪華套房（乾濕分離）:HK$289']"
樂東希岸智享客房,9.4,"['Al·輕奢影音大床房【小度智能客控+巨幕投影+零壓睡眠】:HK$174', 'Al·尊享影音大床房【小度智能客控+巨幕投影+零壓睡眠】:HK$184', 'Al·尊享影音雙床房【小度智能客控+巨幕投影+零壓睡眠+公區自助洗衣】:HK$184', 'Al·豪華影音親子房【小度智能客控+巨幕投影零壓睡眠】:HK$193']"
樂東海榆精選酒店,9.5,"['暖心豪華大床房:HK$137', '豪華大床房:HK$139', '豪華雙床房:HK$147', '舒適特價雙床房:HK$147']"
樂東凱利柏爾假日酒店,9.3,"['高級大床房【靜謐空間安全感拉滿】:HK$325', '高級花園大床房【花園景觀+靜謐舒適】:HK$347', '豪華花園大床房【自助洗衣烘乾+舒適園區景觀】:HK$369', '豪華江景大床房【近可賞江遠可觀山+寬敞舒適+雙洗漱台】:HK$402', '行政大床房【多面賞園景+視野超讚+浴缸】:HK$532', '豪華江景通用房【大空間+臨江眺山景+雙洗漱台】:HK$604']"
樂東海佳順賓館,8.9,"['温馨大床房:HK$156', '雙標房:HK$156', '麻將雙床房:HK$360']"
樂東瑞爾酒店（利國店）,9.0,"['優選大床房（酒店提供洗衣房）:HK$195', '尊享雙床房（酒店提供自助洗衣房）:HK$204', '尊享大床房（酒店提供自助洗衣房）:HK$204', '奢華麻將房（酒店提供洗衣房）:HK$306']"
樂東九所泊雲華美達安可酒店,8.8,"['普通雙床房:HK$314', '普通大床房:HK$347', '商務雙床房（帶廚房）:HK$355', '商務大床房（帶廚房）:HK$356', '豪華大床房（帶廚房）:HK$384']"
樂東亞斯特智能酒店（利國店）,9.1,"['智能大床房（小度全屋語音智能+冰箱+酒店提供自助洗衣機）:HK$211', '智能雙床房（小度全屋語音智能+冰箱+酒店提供自助洗衣機）:HK$211', '尊享智能大床房（小度全屋語音智能＋洗衣機）:HK$239', '尊享智能雙床房（小度全屋語音智能＋洗衣機）:HK$239']"
樂東假日美地酒店,8.9,"['標準雙床房:HK$217', '豪華雙床房:HK$234', '標準大床房:HK$235', '豪華大床房:HK$266']"
尖峯燕子旅居,9.5,"['雅緻大床房:HK$107', '豪華雙床房:HK$107', '普通雙床房:HK$123', '麻將房:HK$190']"
雙隆温泉酒店（龍沐灣店）,7.7,"['園景雙床房:HK$148', '園景三床房:HK$158', '海景雙床房:HK$164', '海景大床房:HK$169']"
悦季酒店（樂東黃流店）,9.1,"['AI智享｜輕奢陽光大床房［零壓床墊-品質床品-舒適睡眠］:HK$181', 'AI智選｜輕奢陽光雙床房［零壓床墊-乾濕分離］:HK$185']"
樂東金港酒店,8.7,"['大床房:HK$85', '標準間:HK$106', '家庭房:HK$149', '簡約三人房:HK$149']"
樂東希悦智享酒店（利國店）,9.5,['浪漫投影大床房[巨幕投影+全屋智能+冰箱]:HK$211']
樂東融泰商務酒店,7.9,"['特價大床房（無窗）:HK$133', '標準大床房:HK$166', '標準雙床房:HK$166', '麻將雙床房:HK$218']"
樂東宏運四季酒店（九所店）,7.9,"['豪華大床房:HK$126', '豪華雙床房:HK$133']"
樂東華庭客棧（黃流鎮店）,8.1,['温馨雙床房（乾濕分離）:HK$134']
樂東州樂國際酒店（黃流店）,9.5,"['陽台標準雙人間:HK$91', '標準大床房:HK$91']"
樂東仙境假日酒店,9.0,"['陽台標準間（全景大陽台+休閑發呆）:HK$125', '豪華陽台大床房:HK$147', '豪華陽台標準間:HK$162', '豪華麻將套房（陽台+落地窗）:HK$214']"
樂東龍騰海灣花園酒店,9.3,"['經濟大床房:HK$130', '高級大床房（乾濕分離）:HK$137', '高級雙床房（乾濕分離）:HK$146']"
樂東隆鑫大酒店,8.1,"['普通大床房（落地窗+乾濕分離）:HK$115', '普通雙床房（落地窗+乾濕分離）:HK$115', '豪華雙床房（落地窗+乾濕分離）:HK$134', '豪華大床房（落地窗+乾濕分離）:HK$134']"
樂東諾華商務酒店,8.4,"['豪華大床房:HK$140', '豪華雙床房:HK$140', '豪華三床房:HK$218', '豪華麻將房:HK$268']"
樂東富華豪庭酒店（黃流店）,8.5,"['大床房:HK$92', '影院大床房:HK$96', '特價雙標房:HK$103', '標準間:HK$117']"
鶯歌踏浪船屋民宿,8.8,['船屋庭院湖景麻將大床房:HK$543']
伯豪智選假日酒店（樂東佛羅店）,9.6,"['茶藝棋牌房:HK$127', '輕奢智能大床房【中央空調-智能聲控-冰箱-光線好】:HK$159', '麗致豪華影院房【中央空調-巨幕投影-智能聲控-冰箱-陽台】:HK$175', '尊享大床房【中央空調-智能聲控-小冰箱-全景】:HK$175']"
