酒店名称,评分,房型价格列表
星空花園酒店（武漢漢口火車站竹葉山地鐵站店）,9.7,"['設計師大床房【可手機投屏+新風循環系統+人體工學深睡舒眠床墊+天鵝絨被芯+超柔科技親膚布草】:HK$233', '設計師雙床房【靜謐空間+新風循環系統+人體工學深睡舒眠床墊+天鵝絨被芯+超柔科技親膚布草】:HK$240', '陽光大床房【陽光明媚+視野開闊+人體工學深睡舒眠床墊+天鵝絨被芯+超柔科技親膚布草】:HK$253', '陽光雙床房【人體工學深睡舒眠床墊+天鵝絨被芯+超柔科技親膚布草+商務甄選+沐浴陽光】:HK$260']"
悦湖公館·loft湖景酒店（武漢金銀湖恆大城市廣場店）,9.7,"['特惠大床房【2號公寓】:HK$128', '甄品·巨幕影音大床房【平層2號公寓·120寸極米投影】:HK$143', '灰調·巨幕影音LOFT複式零壓套房【1號公寓·1室1廳·120寸極米投影】:HK$153', '現代·巨幕影音LOFT複式零壓套房【1號公寓·1室1廳·冰箱·洗衣機】:HK$164']"
金泰酒店（武漢世界城光谷步行街華中科技大學店）,9.3,"['靜謐幽夢大床房【私密空間&躺平自愈&小黑屋】:HK$128', '安享舒睡大床房【温馨舒適&品牌床墊】:HK$147', '滾來滾去大床房【品牌床墊&視野開闊】:HK$159', '臻選雅緻雙床房【陽光滿屋&品牌床墊】:HK$165']"
武漢江漢路步行街保安洋行漫心府,9.7,"['心雅舒適大床房（文藝復興+智能投屏+miniBar）:HK$673', '雅緻大床房（文藝復興+智能投屏+miniBar）:HK$703', '心怡大床房（文藝復興+智能投屏+miniBar）:HK$733', '心悦高級大床房（文藝復興+智能投屏+miniBar）:HK$793', '心悦高級雙床房（文藝復興+智能投屏+miniBar）:HK$793']"
武漢江漢路步行街萬象城楓渡酒店,9.6,"['經典大床房（慕思床墊+語音智控）:HK$352', '經典雙床房（慕思床墊+語音智控）:HK$370', '祕境大床房（慕思床墊+語音智控）:HK$425', '純粹大床房（慕思床墊+語音智控）:HK$490', '純粹雙床房（慕思床墊+語音智控）:HK$490']"
星呈酒店（武漢未來智滙城店）,9.7,"['優選大床房（乳膠床墊-LG洗烘-空氣凈化器-智能電視）:HK$174', '商務標間（金可兒床墊-空氣凈化器-LG洗烘-智能電視）:HK$186', '電競大床房[4060+i5+2K165+32G+LG洗烘+空氣凈化器]:HK$186', '商務大床房（乳膠床墊-LG洗烘-空氣凈化器-智能電視）:HK$197']"
隨行酒店·薈品（武漢中南路武商夢時代店）,9.3,"['大床房:HK$221', '商務大床房:HK$236', '商務雙床房:HK$259', '高級大床房:HK$282']"
武漢天河機場東希爾頓歡朋酒店,9.7,"['舒適大床房:HK$413', '舒適雙床房:HK$413', '高級雙床房:HK$461', '高級大床房:HK$479', '豪華雙床房:HK$488']"
紐賓凱·尚居酒店（武漢蔡甸奓山街店）,9.8,"['豪華雙床房（智能音控+乾濕分離）:HK$221', '豪華大床房（智能音控+乾濕分離）:HK$226', '商務大床房[全屋智能+網絡專線+辦公桌]:HK$245', '商務雙床房[全屋智能+網絡專線+辦公桌]:HK$245', '棋牌大床房 [棋樂無窮+牌憂解南]:HK$271']"
此間民宿（越秀IFC國金天地店）,9.5,"['孟菲斯·影院大床房【喜臨門床墊+馬歇爾音響】:HK$436', '中古·精緻大床房【金可兒床墊+喜臨門零壓枕+120寸巨幕投影+馬歇爾音響+全景落地窗】:HK$451', '中古·商務雙床房【金可兒床墊+ 喜臨門零壓枕 120寸巨幕投影+馬歇爾音響+全景落地窗】:HK$451', '蒙德里安·影院大床房【特大床+浴缸+全景落地窗】:HK$504']"
武漢禧徠輕奢酒店（徐家棚地鐵站店）,9.5,"['豪華大床房（巨幕投影帶愛奇藝會員+公區提供洗衣房）:HK$203', '江景輕奢巨幕投影大床房（帶影視會員）:HK$265', '輕奢風LOFT豪華大床房:HK$273', '温馨奶油風巨幕投影雙床房（帶影視會員）:HK$289']"
尚居花園酒店（江漢路步行街店）,9.3,"['怡然自得|大床房（雙屏+小度全屋智能+記憶頭枕+超清電視投屏）:HK$152', '閑情雅緻|大床房（全屋智能+小度全屋智能+超清極米投影）:HK$173', '明月清風|大床房（全屋智能+舒服床品+超清極米投影）:HK$195', '一見鍾情|大床房（雙屏+全屋智能+記憶枕芯+舒適床品好入眠）:HK$217']"
艾隱酒店（武漢江漢路步行街吉慶街店）,9.5,"['玲瓏大床房+夢神床墊+無卡智控:HK$311', '隱居大床房+夢神床墊+無卡智控:HK$353', '隱歸大床房+夢神床墊+無卡智控:HK$395', '隱歸雙床房+夢神床墊+無卡智控:HK$437', '隱歸家庭房+夢神床墊+無卡智控:HK$479']"
紅牆琴園酒店（徐東湖北大學地鐵站店）,9.5,"['琴園標準大床房:HK$357', '琴園輕享大床房:HK$379', '琴園輕享雙床房:HK$390', '琴園高級大床房:HK$401', '琴園雅緻大床房:HK$423']"
洛可可·南法莊園（武漢江漢路地鐵站漢口江灘店）,9.6,"['温馨大床房〖金可兒床墊〗:HK$360', '精緻大床房〖金可兒床墊 • 提供下午茶〗:HK$413', '精品大床房〖金可兒床墊 • 提供下午茶〗:HK$480', '行政大床房〖金可兒床墊 • 提供下午茶〗:HK$533']"
如家精選酒店（武漢中南地鐵站夢時代店）,9.5,"['商務大床房A（新風系統）:HK$248', '大床房A:HK$285', '雙床房A（新風系統）:HK$302', '安心睡安睡大床房（安睡床墊+空氣凈化器）:HK$312']"
武漢天地Loft影視公寓,9.2,"['甄選大床房:HK$162', '鹿鳴江景大床房:HK$172', '星辰高空江景大床房:HK$186', '夢嶼清新LOFT影院大床房:HK$213']"
武鋼賓館（武漢高鐵站科技大學青山校區店）,9.5,"['附樓大床房:HK$222', '附樓雙床房:HK$267', '時尚大床房:HK$286', '簡約大床房:HK$305', '附樓家庭房:HK$428']"
武漢江漢路步行街漫心酒店,9.7,"['心怡標準大床房—高空俯瞰城市美景+舒適睡眠:HK$491', '江景大床房（遠眺長江+高空俯瞰城市美景+徠芬吹風機）:HK$552', '心悦高級城景大床房（觀城市美景+安睡新風+徠芬吹風）:HK$592', '心悦高級城景雙床房（觀城市美景+安睡新風+徠芬吹風）:HK$612', '心悦高級江景大床房（遠眺長江+覽城市美景+安睡新風）:HK$612']"
柏雅智能酒店（江漢路地鐵步行街夜市店）,9.6,"['MINI房（小巧玲瓏）:HK$144', '小度智能觀影大床房（超清巨幕投影+小度智能客控+空氣凈化系統）:HK$160', '小雅觀影智能大床房（VIP影庫隨心看+手機可投屏+小度智能客控）:HK$179', '雅緻觀影智能大床房（超清巨幕投影+VIP影庫隨心看+手機可投屏+小度智能客控）:HK$203']"
武漢楠璟花園S酒店（漢口火車站雲飛路地鐵站店）,9.5,"['·S·臻品質大床房【商務辦公+寵物友好】:HK$237', '春書·高級行政城景房【智能客控+辦公寫字桌+冰箱】:HK$249', '夏至·高級影院城景房【智能客控+超大巨幕+全景陽台+冰箱】:HK$260', '雅頌·精緻雙床房【全屋智能+高空陽台+冰箱】:HK$272']"
雲棲憬悦酒店（江漢路步行街店）,9.6,"['小複式影院大床房（VIP影視+雙投影+小冰箱）:HK$535', '高級影院親子房（VIP影視+放大化粧鏡）:HK$583', '高級影院複式雙床房（VIP影視+雙投影+放大化粧鏡）:HK$693', '豪華家庭複式大套房B（雙投影）:HK$787']"
瑞泰酒店式公寓（武漢天河機場航空總部地鐵站店）,9.5,"['輕奢品質雙床房（智能窗簾+LED防霧化粧鏡）:HK$211', '輕奢品質大床房（智能窗簾+LED防霧化粧鏡+通透大窗）:HK$222', '驚喜家庭套房（2 室2 廳+挑空客廳+廚房）:HK$293', '奢享家庭套房（2 室2 廳+挑空客廳+廚房+整面落地窗）:HK$316']"
雅樂庭·悦酒店（武漢漢口火車站園博園店）,9.5,"['精緻大床房-躺平治癒+空氣凈化器:HK$241', '商務舒睡大床房-躺椅沙發+辦公桌椅+空氣凈化器:HK$264', '商務舒睡雙床房-躺椅沙發+辦公桌椅+空氣凈化器:HK$288', '行政浴缸特大床房-隨心所“浴”+MINI冰箱+空氣凈化器:HK$311', '百寸巨幕投影閨蜜三人房+暢享VIP投影+空氣凈化器:HK$335']"
雲居酒店（武漢吉慶民俗街江漢路地鐵站店）,9.6,"['迷你雅緻大床房（零壓記憶床墊+無線快充+投屏電視）:HK$195', '樂享巨幕大床房（零壓記憶床墊+無線快充+百寸巨幕）:HK$205', '暢享清新大床房（零壓記憶床墊+無線快充+巨幕電視）:HK$216', '疾風御劍電競房（零壓記憶床墊+無線快充+私密空間）:HK$216']"
捷尼天空大酒店（武漢天河國際機場店）,9.7,"['瞻雲豪華雙床房（智能馬桶+金可爾床墊）:HK$427', '瞻雲豪華大床房（智能馬桶+金可爾床墊）:HK$450', '觀雲機景大床房（觀機落地窗+智能馬桶+金可爾床墊）:HK$493', '巨幕影音大床房（影視會員+金可爾床墊+智能馬桶）:HK$538', '觀雲機景雙床房（觀機落地窗+智能馬桶+金可爾床墊）:HK$568']"
金泰酒店（武漢光谷華師一附中楓葉國際學校店）,9.6,"['悦享大床房【品牌床墊&酣然入夢&無線投屏】:HK$199', '悦享雙床房【安逸舒適&視野開闊&無線投屏】:HK$217', '臻享大床房【陽光滿屋&超大陽台&無線投屏】:HK$230', '臻享雙床房【天然氧吧&深度睡眠&無線投屏】:HK$243']"
維克多雲享酒店（武漢漢口金融中心萬松園店）,9.4,"['私享投影房（智能客控+影視vip）:HK$281', '驚喜特惠房（恆温智能馬桶+高清投屏）:HK$298', '舒享大床房（坐卧沙發+零壓乳膠床墊）:HK$368', '雲享標準房（乳膠床墊+可移動電視）:HK$384', '舒享家庭房（大小床+智能馬桶）:HK$427']"
憬黎酒店（武漢泛海CBD漢口火車站店）,9.6,"['高級大床房（高空城景陽台+金可兒床墊+智能客控+無線充電）:HK$413', '豪華大床房（高空城景陽台+金可兒床墊+智能客控+無線充電+超大空間+加寬大床）:HK$445', '豪華雙床房（高空城景陽台+金可兒床墊+智能客控+無線充電+超大空間+寬敞雙床）:HK$519', '悦聚家園套房 | 豪華客廳+兩室一廳+乳膠床墊:HK$625', '悦享康居按摩套房 | 按摩椅+獨立客廳+全屋智能:HK$644']"
隨行酒店·臻選（漢口金融中心協和醫院店）,8.7,"['大床房（深度好睡眠+mini冰箱）:HK$190', '標準雙床房（深度好睡眠+mini冰箱）:HK$220', '豪華大床房（深度好睡眠+mini冰箱）:HK$220', '豪華雙床房（深度好睡眠+mini冰箱）:HK$251']"
艾盛酒店（武漢大學東湖店）,9.4,"['驚喜縱享舒適大床房:HK$168', '甄選主題投影大床房:HK$192', '商務雙床房:HK$198', '旅遊度假家庭房:HK$222']"
武漢帝盛酒店（江漢路步行街店）,9.2,"['標準間無窗大床房【ELEMIS】:HK$317', '高級間【ELEMIS】:HK$389', '帝盛薈高級大床房【ELEMIS】:HK$414', '豪華間【ELEMIS+超大面積+二次元】:HK$440', '情侶豪華大床房【ELEMIS+氛圍燈+毛絨玩具】:HK$475']"
武漢白沙洲大道希爾頓歡朋酒店,9.7,"['舒適大床房:HK$436', '高級大床房:HK$468', '高級雙床房:HK$468', '舒適雙床房:HK$481', '豪華大床房:HK$547']"
武漢同濟醫學院寶豐路亞朵酒店,9.8,"['高級大床房（亞朵深睡系列＋投屏）:HK$439', '高級雙床房（亞朵深睡系列＋投屏）:HK$439', '行政大床房（亞朵深睡系列＋投屏）:HK$457', '尊享大床房（亞朵深睡系列+小冰箱＋投屏）:HK$501', '尊享雙床房（亞朵深睡系列＋小冰箱＋投屏）:HK$501']"
桔派S酒店（武漢江漢路步行街江灘店）,9.5,"['悦享逸境大床房+小T智控+記憶枕-無線投屏:HK$316', '樂享安寢大床房+{智能客控+手機投屏+三層隔音玻璃}:HK$337', '陽光致享大床房-全屋聲控-無線投屏-浪漫夜景:HK$381', '尊·臻選豪華大床房{智能客控+手機投屏+採光極好}:HK$403']"
武漢二妃山莊湖畔花園酒店（光谷生物城科技會展中心店）,9.7,"['高級大床房（全屋智能客控+零壓床墊+智能馬桶）:HK$349', '精選高級大床房（零壓床墊+花園景觀+智能馬桶）:HK$374', '豪華雙床套房（獨立客廳+超大落地窗+花園景）:HK$374', '豪華大床房（專屬小冰箱+花園+零壓床墊）:HK$434', '行政雙床套房（超大落地窗+花園景+獨立客廳）:HK$450']"
入楓酒店（武漢黃鶴樓中南財大首義校區店）,9.5,"['楓致·大床房（智能客控+冰箱+記憶枕+智能馬桶）:HK$254', '楓雅·高級雙床房（智能客控+乳膠床墊+智能恆温馬桶）:HK$274', '楓雅·高級大床房（智能客控+乳膠床墊+智能恆温馬桶）:HK$285', '楓靜·豪華雙床房（AI互動+柔軟羽絨被+超強隔音）:HK$315']"
星程酒店（武漢天河機場T3客運大樓店）,9.5,"['高級大床房:HK$382', '商務雙床房:HK$401', '商務大床房:HK$506', '豪華雙床房:HK$525']"
全季酒店（武漢湖北大學沙湖大橋店）,9.8,"['高級大床房:HK$402', '商務大床房:HK$431', '高級雙床房:HK$452', '商務雙床房:HK$481']"
亞亭酒店（江漢路步行街江灘店）,9.4,"['靈動舒適大床房【小艾智控+極光投影+海量影視隨便看】:HK$256', '逸·靜謐大床房【百寸巨幕+小愛客控+暢想VIP影視】:HK$276', '陽光智享大床房-採光極好-手機投屏-小艾智能:HK$296', '雅緻安寢大床房【採光極好+手機投屏+安靜舒適】:HK$317']"
武漢江灘好百年美侖國際酒店,9.6,"['高級大床房「百年建築+朝內幽居」:HK$603', '高級雙床房「鬧中取靜+隱謐沉眠」:HK$653', '商務大床房「遠離喧器+悠享睡眠」:HK$653', '行政大床房「城畔掠影+時光郵差」:HK$703', '豪華雙床房「城市景觀+街道夜景」:HK$723']"
青陌酒店（武漢漢口火車站長港路地鐵站店）,9.0,"['智能暢享大床房【陽光沐浴+乳膠床墊+城市街景】:HK$183', '智能暢享雙床房【商務辦公+高速WiFi+乾濕分離】:HK$205', '智能暢享温馨親子房【親子時光+親膚布草+安靜舒睡】:HK$227', '百戰百勝棋牌大床房【空間寬敞+專業麻將桌+身心愉悦】:HK$281']"
棲哈酒店（武漢循禮門地鐵站江漢路步行街店）,9.1,"['優選大床房:HK$143', '日系榻榻米大床房:HK$152', '舒適大床房:HK$161', '優享影院大床房:HK$169']"
武漢楚河漢街東湖萊斯麗呈華廷酒店,9.5,"['雅緻大床房:HK$636', '城景高級雙床房（智能客控+落地景觀+65寸電視投屏）:HK$655', '城景高級大床房（全屋智能+65寸電視投屏+落地窗）:HK$655', '城景豪華雙床房（智能客控+落地景觀+65寸電視投屏）:HK$684', '棋牌大床房:HK$684', '湖景豪華大床房（智能客控+落地景觀+65寸電視投屏）:HK$703']"
金路·易酒店（武漢江漢路大洋百貨店）,8.5,"['易惠大床房:HK$106', '易選大床房:HK$117', '易優影院大床房:HK$123', '易惠智能大床房（智能客控）:HK$128']"
武漢歡樂谷萊亞中庭酒店（武漢高鐵站店）,9.5,"['深眠丨雅緻大床房（智能客控+乳膠床墊+輕柔鴨絨被）:HK$284', '深眠丨雅緻雙床房（乳膠床墊+輕柔鴨絨被+智能馬桶）:HK$284', '自在丨零壓特大床房（智能客控+乳膠床墊+輕柔鴨絨被）:HK$315', '尊享丨豪華雙床房（乳膠床墊+乾濕三分離+智能馬桶）:HK$348', '尊享丨豪華大床房（180°全景落地+智能客控+乳膠床墊）:HK$348']"
星空花園酒店（武漢江漢路恆隆廣場店）,9.4,"['逸影榻榻米大床房【綠景窗户+巨幕投影+智能客控馬桶】:HK$240', '綠景暖居大床房【智能客控+72寸電視可投屏+助眠睡枕】:HK$259', '沐光小築大床房【陽光滿屋+72寸大電視投屏+乾濕分離】:HK$285', '綠景暖居雙床房【景觀綠植+助眠床墊+智能客控】:HK$463', '暖陽寬敞大床房【辦公桌椅+窗户明亮+自助水吧枱】:HK$495']"
宜尚酒店（武漢天河機場宋家崗地鐵站店）,9.6,"['舒適大床房:HK$205', '影院雙床房（新尚北歐+小度語音智控+智能投影）:HK$231', '高級大床房（新尚北歐+小度語音智控+希丁安床墊）:HK$238', '影院大床房（新尚北歐+小度語音智控+智能投影）:HK$248']"
武漢空港中心逸衡酒店（天河機場店）,9.9,"['高級大床房:HK$336', '高級雙床房:HK$356', '高級湖景大床房:HK$378', '高級湖景雙床房:HK$378', '高級庭院大床房:HK$378']"
紐賓凱N+國際酒店（武漢中山公園雪松路店）,9.5,"['高級大床房:HK$372', '高級雙床房:HK$372', '商旅雙床房:HK$392', '樂享雙床房:HK$392', '雅緻商務套房:HK$441']"
隨行酒店·臻選（武漢江漢路步行街店）,8.9,"['大床房:HK$236', '商務大床房:HK$259', '商務雙床房:HK$282', '高級大床房（觀景陽台）:HK$321']"
宜程酒店（武漢江漢路漢口江灘店）,9.4,"['温馨大床房【新風系統+靜謐空間+親膚布草】:HK$335', '高級大床房【新風系統+靜謐空間+夢百合枕芯和床墊】:HK$356', '高級雙床房【新風系統+夢百合枕芯和床墊+智能馬桶】:HK$376', '豪華大床房【全景落地窗+城市景觀+夢百合枕芯和床墊】:HK$383']"
漢庭酒店（武漢菱角湖萬達店）,9.6,"['大床房:HK$254', '雙床房:HK$254', '高級大床房:HK$263', '高級雙床房:HK$273']"
白玉蘭酒店（武漢江灘南京路科技館店）,9.5,"['靜雅大床房-小冰箱:HK$308', '舒雅大床房-小冰箱:HK$330', '輕雅大床房-小冰箱-智能馬桶:HK$357', '智能輕雅大床房+智能客控+小冰箱+平台景觀:HK$375']"
武漢滙豪大酒店（江漢路步行街店）,9.4,"['高級大床房（金可兒床墊+城市景觀）:HK$371', '高級雙床房（金可兒床墊+超大落地窗）:HK$371', '豪華大床房（金可兒床墊+城市景觀）:HK$399', '高級城景大床房（180°觀景+雙面落地窗）:HK$412', '高級商務大床房（超大床+浴缸）:HK$425']"
SFEEL設計師酒店（武漢東湖湖北省博物館店）,9.7,"['豪華大床房（一覺到天亮+享舒眠床墊）:HK$429', '豪華雙床房（一覺到天亮＋享舒眠床墊）:HK$452', '臻選大床房（小憩飄窗+智能窗簾）:HK$452', '臻選茶室大床房（日式榻榻米+mini小冰箱）:HK$522']"
齡舍1927•江景金庫度假酒店（江漢路漢口江灘店）,9.4,"['公德里·飄窗榻榻米「竹林景觀+投屏電視+智能馬桶 」:HK$1,025', '列爾賓·飄窗大床房「竹林景觀+投屏電視+智能馬桶」:HK$1,134', '信義·城景藝術大床房「老漢口城景+復古浴缸+智能馬桶」:HK$1,352', '珞珈·舒適大床房「老漢口城景+雙床可拆+智能馬桶」:HK$1,462', '寶順·窗景大床房「人文街區街景+浪漫浴缸+智能馬桶」:HK$1,462', '立興·梵克雅寶大床房「人文街區街景+側江景+智能馬桶」:HK$1,681']"
武漢江漢路麗芮酒店,9.6,"['芮享舒適大床房（戴森吹風機+高奢洗護+智能語音客控）:HK$382', '芮享STUDIO大床房（戴森吹風機+高奢洗護+語音客控）:HK$413', '芮享豪華雙床房（戴森吹風機+高奢洗護+智能語音客控）:HK$480', '芮享家庭房（戴森吹風機+高奢洗護+智能語音客控）:HK$502', '臻享行政套房（戴森吹風機+高奢洗護+智能語音客控）:HK$643']"
如家精選酒店（武漢國際廣場中山公園地鐵站店）,9.6,"['商務大床房（65寸投屏電視+徠芬吹風機+零壓床墊）:HK$358', '高級大床房（65寸投屏大電視+徠芬吹風機+零壓床墊）:HK$377', '高級雙床房（商務會客區+景觀窗景+零壓床墊）:HK$386', '安心睡0壓大床房（語音智控+冰箱+空氣凈化器）:HK$413', '安心睡0壓雙床房（語音智控+冰箱+空氣凈化器）:HK$413']"
同興·木子公館（武漢江漢路步行街黎黃陂路店）,9.4,"['天福裏-大床房--金可兒床品&70寸電視:HK$495', '長怡裏-精品大床套房--金可兒床品&70寸電視:HK$557', '輔仁裏-浴缸親子雙床房--金可兒床品&70寸電視:HK$557', '輔德里-精品親子雙床房--金可兒床品&70寸電視:HK$651']"
憬黎酒店（武漢江漢路武勝路地鐵站店）,9.6,"['躺平治癒大床房（全屋聲控+智能馬桶+冰箱+洗烘一體機）:HK$311', '滾來滾去大床房（全屋聲控+智能馬桶+冰箱+洗烘一體機）:HK$342', '跑來跑去大床房（全屋聲控+智能馬桶+冰箱+洗烘一體機）:HK$375', '樓上樓下複式大床套房（豪華會客廳+全屋聲控+大冰箱）:HK$408', '一大一小親子童趣雙床套房（小童馬桶坐墊+小童帳篷）:HK$496']"
紐賓凱國際酒店（解放大道同濟醫院店）,9.5,"['幽靜深眠大床房（智能客控+手機投屏+智能馬桶）:HK$315', '幽靜深眠雙床房（智能客控+手機投屏+智能馬桶）:HK$315', '沉浸影音大床房（智能客控+大幕投屏+智能馬桶）:HK$336', '悦享麗致大床房（智能客控+手機投屏+智能馬桶）:HK$378']"
武漢米嵐酒店（同濟醫院礄口路地鐵站店）,9.2,"['謐居·舒適大床房【視頻會員+零壓床墊+安心睡枕】:HK$262', '謐境·新氧大床房【TV靈動投屏+百寸觀影體驗】:HK$273', '隱奢·甄選大床房【視頻會員+辦公卡座+零壓床墊】:HK$309', '嵐影·影音大床房【百寸觀影+TV靈動投屏+視頻會員】:HK$321']"
AMIX安迷酒店（黃鶴樓音樂學院店）,9.8,"['悦享大床房（酣然入夢+全屋聲控）:HK$441', '舒享大床房（心曠神怡＋全屋聲控）:HK$484', '悦享雙床房（安逸舒睡+智能馬桶）:HK$505', '臻享大床房（陽光滿屋+mini冰箱）:HK$538', '臻享雙床房（閒情逸緻+深睡慕思床墊）:HK$581']"
凱萊熙酒店（武漢黃鶴樓曇華林店）,9.5,"['輕享逸緻雙床房（空氣凈化器）:HK$425', '趣享心悦雙床房（空氣凈化器+手機投屏）:HK$425', '輕享逸緻大床房（空氣凈化器）:HK$436', '智享甄品雙床房（舒適床墊+手機投屏）:HK$458', '智享甄品大床房（舒適床墊+手機投屏）:HK$458']"
宜庭酒店（江漢路步行街協和醫院店）,9.4,"['輕雅大床房-小度全屋智能客控:HK$189', '精緻大床房-記憶床墊:HK$197', '精緻雙床房-記憶床墊+智能客控:HK$197', '雅緻大床房-陽光明媚+手機投屏:HK$214']"
武漢江漢路步行街怡程酒店,9.2,"['智能國風•高級大床房【深度睡眠配置｜城心壯闊景緻】:HK$422', '智能國風•高級雙床房【深度睡眠配置｜城心壯闊景緻】:HK$474', '智能國風•豪華大床房【深度睡眠配置｜城心壯闊景緻】:HK$499', '智能國風•豪華雙床房【深度睡眠配置｜城心壯闊景緻】:HK$559', '智能國風•家庭房【深度睡眠配置｜城心壯闊景緻】:HK$592']"
武漢江灘世茂凡象酒店,9.3,"['凡象大床房｜開放式陽台+智能投屏:HK$546', '凡象雙床房｜開放式陽台+智能投屏:HK$546', '知音號大床房｜老漢口主題+智能投屏:HK$598', '知音號雙床房｜開放式陽台+老漢口主題換裝+智能投屏:HK$598', '凡象側江景大床房｜開放式陽台+燈光秀景觀+智能投屏:HK$650']"
武漢漢口火車站戴斯温德姆酒店,9.7,"['雅緻城景大床房:HK$525', '豪華城景雙床房:HK$535', '舒適城景大床房:HK$568', '輕奢城景大床房:HK$611', '豪華城景大床房:HK$644']"
武漢GOYA酒店（江灘黎黃陂路店）,9.6,"['GOYA 前衞・大床房:HK$272', 'GOYA 前衞・雙床房:HK$307', 'GOYA Loft・大床房[超大空間 | 全智能客控 | 智能馬桶]:HK$342', 'GOYA Loft・雙床房[超大空間 | 全智能客控 | 智能馬桶]:HK$375']"
東湖喜堂客舍,9.3,"['香舍·特惠大床房:HK$193', '香舍·特享大床房:HK$201', '香舍·觀院大床房:HK$224', '香舍·小院大床房:HK$231']"
紐賓凱·尚居酒店（武漢江漢路步行街店）,9.4,"['閣尚·大床房【智能客控+VIP大幕投影+智能馬桶】:HK$285', '智尚·大床房【智能客控+vip大幕投影+智能馬桶】:HK$311', '輕尚·大床房【智能客控+mini冰箱+智能馬桶+記憶枕芯】:HK$336', '樂尚·親子雙床房【智能客控+vip大幕投影+mini冰箱+智能馬桶】:HK$373']"
H酒店（武漢沌口體育中心店）,9.7,"['智能商務大床房（舒達床墊+智能客控）:HK$327', '智能商務雙床房（舒達床墊+智能客控）:HK$337', '智能豪華大床房（舒達床墊+智能客控）:HK$357', '智能豪華雙床房（舒達床墊+智能客控）:HK$368']"
粵塔H電競酒店（武漢江漢路步行街店）,9.8,"['遊戲大師觀影單人房【黑神話:悟空+RTX4060ti+2K180hz32G】:HK$291', '排位上分電競大床房【黑神話:悟空+RTX4060ti+2K180hz32G+遊戲特權】:HK$301', '排位上分電競雙床房【黑神話:悟空+RTX4060ti+2K180hz32G】:HK$312', '輕奢影院大床房【黑神話:悟空+RTX4060ti+2K180hz32G+高清投影vip會員】:HK$322']"
武漢黃鶴樓積玉橋地鐵站錦江都城酒店,9.3,"['精緻大床房:HK$361', '安舒大床房:HK$373', '風雅大床房-典雅新中式+即熱式飲水:HK$394', '精緻雙床房:HK$396', '都會大床房-語音智控+Mini吧:HK$419']"
星程酒店（武漢武勝路凱德廣場店）,9.6,"['大床房:HK$243', '高級大床房:HK$280', '雙床房:HK$309', '商務大床房:HK$309']"
武漢雲山居公寓（取水樓地鐵站店）,9.8,"['洞穴湖景浴缸大床房:HK$365', '包豪斯湖景浴缸大床房:HK$365', '超大浴缸湖景大床房:HK$365', '墨白湖景浴缸大床房:HK$367']"
晶萃酒店（武漢黃鶴樓首義廣場店）,9.5,"['高級大床房 | 親膚浴袍+智能投屏+迷你小冰箱:HK$331', '景觀大床房 | 中庭園景+親膚浴袍+智能馬桶:HK$363', '高級標準間 | 睡眠好一歇+迷你小冰箱+智能馬桶:HK$387', '豪華大床房 | 榻榻米茶台+mini Bar+乾濕分離:HK$395']"
武漢江灘江漢路步行街輕居酒店,9.6,"['舒適大床房:HK$412', '輕享大床房:HK$448', '樂享大床房:HK$484', '超享大床房:HK$520', '輕享雙床房:HK$583']"
武漢黃鶴樓希爾頓歡朋酒店,9.7,"['舒適大床房:HK$700', '舒適雙床房:HK$729', '舒適江景大床房:HK$749', '高級大床房:HK$767', '高級雙床房:HK$797']"
武漢江漢路步行街美侖酒店,9.6,"['高級大床房·民國風【定製床墊+mini吧】:HK$653', '商務大床房·民國風【定製床墊+mini吧】:HK$714', '高級雙床房·民國風【定製床墊+mini吧】:HK$764', '豪華景觀大床房·民國風【定製床墊+mini吧】:HK$834', '商務雙床房·民國風【定製床墊+mini吧】:HK$874']"
