酒店名称,评分,房型价格列表
汕頭萬象城逸居酒店,9.4,"['逸居智能大床房（騰訊vip影院）:HK$377', '逸景影音大床房（全智能聲控）:HK$414', '逸景影音雙床房（4K影院）:HK$429', '日式榻榻米影音房（日式茶座）:HK$503', '逸享影音棋牌套房（配置小冰箱）:HK$614']"
汕頭小公園宜必思酒店,9.4,"['大床房（高質量睡眠）:HK$262', '高級大床房（樓景安靜）:HK$315', '商務大床房（外景房間更大）:HK$358', '雙床房（沉浸睡眠）:HK$402']"
汕頭小公園宿町酒店,9.7,"['榻榻米大床房-有窗:HK$368', '經典大床房-有窗:HK$450', '經典雙床房-通風窗:HK$450', '雅緻大床房-有窗:HK$505']"
桔萊爾酒店（汕頭萬象城高鐵站店）,9.3,"['精選大床房（全屋智能聲控+落地全身鏡）:HK$271', '標準大床房（全屋智能聲控）:HK$295', '標準雙床房（全屋智能聲控）:HK$339', '行政大床房（深泡浴缸+智能小度）:HK$370', '觀影家庭雙床房（100寸巨幕投影+舒適沙發）:HK$400']"
汕頭高鐵站希爾頓歡朋酒店,9.5,"['舒適大床房:HK$463', '舒適雙床房:HK$509', '高級大床房:HK$509', '高級雙床房:HK$602', '豪華大床房（配沙發床）:HK$602']"
譽house高空海景Loft公寓（汕頭高鐵站店）,9.4,"['譽House·茉莉花道（高空城景）:HK$265', '譽House·編織夢境（高空城景）:HK$265', '譽House·晚橋暗木（都市城景）:HK$293', '譽House·菲林交卷（都市城景）:HK$293']"
沐豐裏·公館（小公園汕頭旅社店）,9.8,"['風華絕代·雅緻大床房:HK$474', '僑夢港灣·潮聚雙床房:HK$560', '一夢芳華·韻味大床房:HK$560', '繁花似錦·摩登大床房:HK$655']"
鉑晶 | Platinum Crystal 鉑林江景酒店（汕頭高鐵站店）,9.1,"['碧雅·大床房|智能客控|乳膠枕|恆温馬桶:HK$338', '碧雅·雙床房|智能客控|乳膠枕|恆温馬桶:HK$352', '碧悦·高級大床房|智能客控|乳膠枕|恆温馬桶:HK$431', '碧悦·高級雙床房|智能客控|乳膠枕|恆温馬桶:HK$431', '碧歡·親子雙床房|智能客控|乳膠枕|恆温馬桶:HK$446']"
瑞然酒店（汕頭萬象城店）,9.1,"['豪華大床房:HK$400', '巨幕影音房:HK$420', '豪華雙床房:HK$460', '標準家庭房:HK$470', '豪華套房:HK$585']"
簡愛·設計師酒店（汕頭萬象城珠江路美食街店）,9.1,"['微醺玫瑰丨花絮影視房:HK$189', '春日花序丨標準雙床房:HK$209', '小霧山雨丨豪華影院房:HK$227', '琥珀陽光丨檀香雙床房:HK$246']"
山禾裏·宋代美學庭院（汕頭小公園店）,9.6,"['室外桃園·大床房·一樓庭外:HK$552', '浮生半日·大床房:HK$742', '逸趣生活·雙床房:HK$742', '煙火少城·大床房:HK$920', '舒適謐境·豪華大床房·內庭:HK$920']"
碧海灣酒店（汕頭萬象城小公園店）,9.2,"['聽濤 · 特惠大床房（靜謐空間）:HK$444', '晨雨 · 景觀大床房（高空城景+盡覽繁華）:HK$463', '等風 · 景觀雙床房（高空城景+舊時巷陌）:HK$493', '海思 · 海景大床房（一線海景+碧水藍天）:HK$599']"
汕頭珠港新城逸扉酒店,9.3,"['陽光榻榻米房（觀影體驗+私享Coffee機+Minibar+保險箱）:HK$562', '豪華大床房（私享Coffee機+智能語音+智能馬桶）:HK$589', '豪華雙床房（私享Coffee機+智能語音+智能馬桶）:HK$655', '豪華臻選家庭房（私享Coffee機+智能語音+智能馬桶）:HK$721', '行政海景大床房【內海灣一線觀景+全屋智能客控】:HK$824']"
鉑頓國際公寓（汕頭東海岸萬象滙店）,9.4,"['城景大床房（眺望東海岸+俯瞰城景+全棉床品）:HK$324', '商務大床房（高空城景+助眠零壓+全棉床品）:HK$337', '影院大床房（100寸巨幕投影+視頻vip+助眠零壓）:HK$343', '商務雙床房（一線城景+助眠零壓+全棉床品）:HK$356']"
汕頭東海岸萬象滙喆啡鋭品酒店,9.7,"['品韻大床房:HK$384', '品致大床房:HK$413', '品致雙床房:HK$434', '鋭品大床房:HK$477', '鋭趣家庭房:HK$634']"
樸舍民宿（萬象城店）,9.7,"['大椿 （會員巨幕投影+洗烘一體機）:HK$322', '棲夢 （會員巨幕投影+禪意吧枱+大圓床房）:HK$341', '沐陽 （會員巨幕投影+禪意吧枱）:HK$341', '巖隱 （會員巨幕投影）:HK$359']"
楓雨國際公寓（汕頭萬象城會展中心店）,9.5,"['雲影小間:HK$193', '格萊美:HK$212', '潘多拉（投影房）:HK$239', '電影家:HK$266']"
汕頭龍湖賓館,9.5,"['龍湖商務大床房（南樓）:HK$420', '龍湖商務雙床房（南樓）:HK$449', '龍湖高級大床房（東樓）:HK$471', '龍湖高級雙床房（東樓）:HK$508', '龍湖景觀豪華大床房（東樓）:HK$516']"
汕頭潮宏基城際酒店,9.5,"['城際大床房:HK$699', '高級雙床房:HK$769', '高級大床房:HK$769', '高級海景大床房:HK$874', '高級海景雙床房:HK$874', '山景家庭房:HK$1,093']"
汕頭珠港戴斯溫德姆酒店,9.6,"['靜雅舒適大床房:HK$646', '悦享城景大床房:HK$693', '悦享城景雙床房:HK$712', '臻選海景大床房:HK$786', '尊享海景套房:HK$1,182']"
凱亞倫酒店 （汕頭澄海店）,9.5,"['輕奢影音大床房+全屋智能+極米投影+哈曼卡頓音響:HK$313', '輕奢影音雙床房+全屋智能+極米投影+哈曼卡頓音響:HK$342', '時尚中庭綠植大床房+全屋智能+極米投影+哈曼卡頓音響:HK$342', '輕奢影音家庭房+全屋智能+極米投影+哈曼卡頓音響:HK$380', '豪華影音雙床房+全屋智能全景+極米投影+哈曼卡頓音響:HK$428']"
汕頭萬象城黃河路逸扉酒店,9.2,"['高級大床房（私享Coffee機+Minbar+智能語音+智能馬桶）:HK$488', '高級雙床房（私享Coffee機+Minbar+智能語音+智能馬桶）:HK$511', '豪華大床房（私享Coffee機+Minbar+智能語音+智能馬桶）:HK$526', '豪華臻選家庭房【私享coffee機+minibar+智能客控】:HK$550', '行政城景大床房【私享coffee機+minibar+智能客控】:HK$650']"
帝豪精品酒店（汕頭萬象城高鐵站店）,9.4,"['尊享大床房:HK$321', '精緻大床房（大落地窗+乾濕分離）:HK$368', '精緻雙床房（大落地窗+乾濕分離）:HK$368', '尊雅大床房:HK$445', '尊雅雙床房:HK$445']"
汕頭國廈萬豪酒店,9.5,"['豪華城景大床房:HK$942', '城市海灣雙景大床房:HK$1,053', '豪華城景雙床房:HK$1,053', '城市海灣雙景雙床房:HK$1,163', '海灣全景大床房:HK$1,274', '海灣全景雙床房:HK$1,274']"
玟維酒店（汕頭高鐵站珠江路美食街店）,9.4,"['好眠 | 元氣雙床房 [智能馬桶]:HK$250', '星環 | 唯美大床房[迷你小冰箱]:HK$250', '輕潮 | 輕奢浴缸大床房 [ 舒緩泡泡液 ]:HK$280', '潮系 | 星耀浴缸大床房:HK$348']"
山禾裏·侘寂美學民宿（萬象城店）,9.6,"['標準房:HK$426', '標準大床房:HK$531', '雙床房:HK$606', '豪華大床房:HK$692']"
桐舍·野奢民宿（萬象城店）,9.6,"['覓萩野（AI智能+會員巨幕投影+霧化壁爐+浴缸+洗烘一體機）:HK$531', '宿棲（AI智能+會員巨幕投影+浴缸+洗烘一體機）:HK$560', '桐趣（AI智能+會員巨幕投影+滑梯+洗烘一體機）:HK$560', '椿野（AI智能+會員巨幕投影+天光燈+浴缸+洗烘一體機）:HK$655']"
豪逸酒店（潮州潮安店）,9.0,"['雅緻大床房:HK$218', '精選大床房:HK$244', '精選雙床房:HK$252', '輕奢雙床房:HK$278', '輕奢親子雙床房:HK$320']"
汕頭新濠添大酒店,9.3,"['標準景觀房（雙床）（開闊景觀+舒適體驗）:HK$294', '特惠雙床房:HK$315', '特惠大床房:HK$315', '高級景觀房（悠然觀景+獨享舒適）:HK$329', '豪華景觀房（絕美視野+温馨空間）:HK$364']"
星湖蘭庭酒店（澄海店）,9.2,"['高級大床房（新風系統+小廚房+全屋凈水）:HK$163', '行政大床房（舒適沙發+小冰箱+小陽台+全屋凈水）:HK$185', '尊享雙床房（180度高空夜景+小廚房冰箱+超大空間）:HK$207', '雅緻親子套房（會客空間+小廚房冰箱+全屋凈水）:HK$252']"
國際會展圖卡思酒店（汕頭蘇寧廣場萬象城店）,8.7,"['舒適大床房（小巧精緻）:HK$382', '精選大床房:HK$468', '精選雙床房:HK$483', '景觀大床房:HK$489']"
汕頭逸居酒店（潮汕路萬達小公園店）,9.1,"['逸居大床房（熟睡床墊）:HK$212', '商旅大床房（好眠＋乳膠枕＋品質床墊）:HK$241', '逸享雙床房（舒適臻選）:HK$251', '全智能聲控大床房（智能客控）:HK$256']"
弘楓酒店（汕頭金平萬達小公園店）,9.1,"['都市療愈大床房『護脊床墊&安靜睡眠』:HK$303', '躺平治癒雙床房『陽光滿屋&舒適雅居』:HK$325', '城景陽光大床房『私密性好&落日餘暉』:HK$336', '安睡零壓大床房『趟上去就想睡的枕頭&落日餘暉』:HK$365', '舒雅零壓雙床房『躺上去就想睡的床墊&明亮視野』:HK$396']"
汕頭萬象城會展中心亞朵X酒店,9.5,"['高級大床房:HK$724', '行政大床房:HK$829', '高級雙床房:HK$864', '幾木大床房:HK$925', '行政雙床房:HK$960']"
汕頭叁號公館酒店（小公園店）,9.3,"['汕音大床房:HK$256', '汕音雙床房（無窗）:HK$256', '汕音雙床房:HK$284', '汕音豪華大床房:HK$304']"
望亭裏·輕居Hotel（汕頭小公園店）,9.4,"['特惠智能大床房:HK$323', '舒適智能大床房:HK$342', '尊享智能浴缸房:HK$371', 'Loft智能親子房:HK$409']"
汕頭媽嶼藍MASULAND民宿,9.8,"['【雲海】園林景上下鋪:HK$872', '【寸光】園林景大床房:HK$872', '【雨停】海景雙床房:HK$953', '【辰央】海景雙床房:HK$953', '【微藍】海景大床房:HK$953']"
逸居酒店（汕頭萬象城龍眼南路店）,9.1,"['標準大床房（全景觀景）:HK$200', '沉浸式大床房（超大屏幕，vip影片）:HK$205', '商務大床房（酣睡入夢＋商務辦公）:HK$214', '商務雙床間（坐享城景）:HK$246']"
汕頭珠港新城亞朵酒店,10.0,"['行政雙床房:HK$785', '行政城景大床房:HK$829', '行政城景雙床房:HK$872', '尊享大床房:HK$916', '尊享雙床房:HK$960']"
譽庭別院（汕頭萬象城龍眼南路美食街店）,9.7,"['譽house·辭音:HK$1,037', '譽house·輕徑:HK$1,037', '譽house·竹茗堂:HK$1,227', '譽house·聞鳧院:HK$1,227', '譽house·長澗舍:HK$1,227']"
如家商旅酒店（汕頭萬象城龍眼路美食街店）,9.3,"['商務大床房A:HK$293', '商務大床房:HK$331', '雙床房:HK$331', '高級大床房:HK$354']"
伴景酒店（汕頭和平金豐廣場店）,9.6,"['風景大床房（靜謐空間+定製品牌床墊）:HK$227', '造景大床房（落地高層觀景+定製品牌床墊）:HK$265', '豪華雙床房（落地高層觀景+定製品牌床墊）:HK$294', '影音大床房（私人影院+飄窗觀景+定製品牌床墊）:HK$352']"
汕頭中心智選假日酒店,9.1,"['高級房 大床:HK$528', '高級房 雙床:HK$575', '高級房·大床·更大面積:HK$575', '高級房·雙床·更大面積:HK$622', '高級房·1張大床和1張單人床·更大面積:HK$699']"
Platinum Crystal 鉑晶大酒店（汕頭高鐵站珠江路美食街店）,8.8,"['標準大床房:HK$345', '高級大床房:HK$377', '高級雙床房:HK$377', '豪華大床房:HK$453', '親子圓床房:HK$507']"
柏高酒店（汕頭高鐵站店）,9.6,"['高級大床房:HK$261', '影音豪華大床房:HK$334', '影音豪華雙床房:HK$334', '尊享影音豪華大床房:HK$381', '影音行政大床房:HK$385']"
凱亞德酒店（汕頭澄海店）,9.1,"['甄選零壓影音房（高清觀影丨海馬床墊丨羽絨枕芯）:HK$183', '高級零壓大床房（負離子吹風丨智能衞浴丨羽絨枕芯）:HK$217', '高級零壓影音房（極米投影丨海馬零壓床墊丨躺卧沙發）:HK$241', '行政零壓雙床房（智能衞浴丨海馬零壓床墊丨投屏電視）:HK$252']"
宜必思酒店（汕頭中山中路店）,9.6,"['大床房（精緻户型+minibar）:HK$277', '高級大床房（寧靜酣睡）:HK$303', '豪華雙床房（minibar+寬敞舒適+辦公桌）:HK$303', '商務大床房:HK$329']"
山禾裏·侘寂自然風民宿（澄海店）,9.7,"['「特惠大床房」全屋智能+高清電視:HK$407', '「標準雙床房」全屋智能+巨幕投影:HK$493', '「浪漫大床房」全屋智能+浴缸+投影:HK$493', '「輕奢大床房」全屋智能+浴缸+巨幕:HK$648']"
潮韻麗呈鉑銳酒店（汕頭金平萬達廣場店）,9.0,"['高級大床房:HK$349', '高級雙床房:HK$349', '豪華大床房:HK$372', '豪華雙床房:HK$372']"
全季酒店（汕頭東海岸萬象滙店）,9.5,"['大床房:HK$303', '高級大床房:HK$320', '高級雙床房:HK$352', '商務大床房:HK$352']"
