酒店名称,评分,房型价格列表
隅花原設計酒店（海口美蘭機場鴻洲江山店）,9.4,"['歲月精品大床房【品質床品+落地大窗+乾濕分離】:HK$210', '歲月精品雙床房【品質床品+落地大窗+乾濕分離】:HK$216', '木棉大床房【加大空間+辦公桌椅+品質床品】:HK$219', '偶遇雙床房【加大空間+乾濕分離+品質床品】:HK$233', '時光三人房【獨立三床+品質床品+乾濕分離】:HK$245']"
WB·拉亞設計師酒店（美蘭國際機場T1T2客運大樓店）,9.6,"['雲端 | 流年大床房:HK$205', '雲染|温馨榻榻米房（巨幕投影+舒適睡眠）:HK$206', '漫心丨舒適大床房（巨幕投影+乾濕分離）:HK$219', '幾木丨影音大床房（巨幕投影+乾濕分離）:HK$225']"
嶼夕·輕奢海景民宿（榮山寮店）,9.7,"['聆聽潮汐-眺望海景温馨大床房:HK$385', '靜謐星夜-豪華雙人標準間:HK$433', '漁歌唱晚-遠眺海景大床房:HK$502', '夕生為汐-無垠視野海景大床房:HK$676']"
藝龍瑞雲酒店（海口日月廣場免税店）,9.0,"['平層|輕雅家庭雙床房（落地窗+寬敞零壓床墊）:HK$190', '平層|輕雅大床房（落地窗+舒適床墊）:HK$191', 'Loft|詫寂中古風兩房套房（6米落地窗+高層城市夜景）:HK$297', 'Loft|詫寂奶油風兩房套房（拍照出片好看）:HK$297']"
海口騎樓老街自在音樂民宿,9.3,"['騎樓丨雅眠雙床房（無窗配有新風系統）:HK$156', '騎樓丨雅眠大床房:HK$156', '騎樓丨院景大床房:HK$167', '騎樓丨院景LOFT複式大床房:HK$173']"
愛麗智慧酒店（海口友誼商業廣場騎樓老街店 ）,9.4,"['輕奢清新房大床或雙床:HK$244', '楓雅大床房（75寸智能電視投屏+全屋智能客控）:HK$265', '憶梵大床房（75寸智能電視投屏+全屋智能客控）:HK$272', '錦華榻榻米房（智能大屏投影）:HK$272']"
華盛酒店（海口義龍西路騎樓老街店）,9.4,"['樂享華美大床房/全屋智能/4K電視/可投屏/0壓床墊:HK$181', '椰城風雅雙床房/60寸大屏電視/中央空調/遮光窗簾:HK$207', '悦享陽光大床房/全景落地窗/純棉四件套/0壓枕:HK$207', '都市節奏大床房/雙人沙發/一次性馬桶套/美粧發光鏡:HK$220']"
花築·海口雲海逸境海景民宿（萬綠園海口灣店）,8.9,"['雲海｜晴空園景Loft一居室:HK$211', '雲海|落日海景Loft一居室:HK$224', '雲海|森系海景Loft一居室:HK$236', '雲海|悦享城景Loft兩居室:HK$274']"
金牛酒店（海南省公安廳龍湖天街店）,9.5,"['温馨悦意輕享大床房（彩光通透+智能客控+暖心睡眠）:HK$175', '精緻悦享豪華大床房（彩光通透+空間大+舒適安靜）:HK$191', '精緻悦享投影雙床房（彩光通透+空間大+超大巨幕）:HK$191', '熊貓親子雙床房（彩光通透+空間大+舒適安靜）:HK$261']"
微瀾間酒店（海口美蘭機場鴻洲江山店）,9.4,"['雲棲┃酣眠大床房（深度睡眠床品+手機投屏）:HK$173', '雲舒┃漫享大床房（智能客控+深度睡眠床墊床品）:HK$184', '雲穹┃謐境大床房（中央空調+落地窗簾）:HK$187', '雲境┃御居雙床房:HK$208']"
温德森酒店（東湖騎樓老街店）,9.4,"['温馨大床房【全屋智能】:HK$245', '雲慕影院大床房【全屋智能】:HK$265', '高級大床房【全屋智能】:HK$280', '竹月雙床房【全屋智能】:HK$300']"
維也納酒店（海口國興大道省政府店）,9.6,"['標準大床房（超大床+萊芬吹風筒+小度智控）:HK$220', '高級大床房（超大床+萊芬吹風筒+小度智控）:HK$244', '豪華雙床房（床品舒適+高空美景+小度智控）:HK$244', '豪華大床房（床品舒適+高空美景+小度智控）:HK$274']"
柒遇裏酒店（高鐵東站五公祠店）,9.8,"['知遇大床房（靜享安眠+功夫茶具+北歐ins沙發）:HK$240', '知遇雙床房（智能客控+功夫茶具）:HK$240', '際遇大床房（安睡記憶枕+智能客控）:HK$269', '際遇雙床房（智能客控+舒適睡眠）:HK$269']"
良智滙品酒店（海口友誼商業廣場騎樓老街店）,9.2,"['TATAMI-智選大床房【榻榻米大床智能客控窗簾】:HK$158', '智雅-輕氧雙床房【智能語音，舒適雙床，暖心睡眠】:HK$168', '良辰-智選大床房【城景&高樓層，智能小度，語音客控】:HK$169', '良潤-智享舒適大床房【安靜&高樓層，智能語音客控】:HK$191']"
海口東站希爾頓歡朋酒店,9.6,"['舒適大床房:HK$392', '舒適雙床房:HK$392', '高級大床房:HK$425', '高級雙床房:HK$425', '純凈高級大床房:HK$489']"
ESPOIR希望酒店（西海岸榮山寮村店）,9.6,"['【漁村知啼鳴】園景榻榻米-黃花梨圍院:HK$170', '【最後的漁村】園景大床-落地窗+乾濕分離:HK$270', '【最後的漁村】園景雙床-落地窗+乾濕分離:HK$286', '【迷失西海岸】海景大床房-超級海景+落地窗+露台浴缸:HK$386']"
諾菲酒店（海口美蘭國際機場店）,9.5,"['然諾|智能大床房（全屋小度智能客控）:HK$122', '然諾 | 智能雙床房（全屋小度智能客控）:HK$134', '季諾 | 智能大床房（全屋小度智能客控）:HK$145', '攸諾 | 智能雙床房（全屋小度智能客控）:HK$157']"
菲爾普斯酒店（海口美蘭國際機場T1T2客運大樓店）,9.2,"['舒適好眠大床房（零壓床墊+全屋智能）:HK$149', '侘寂夜色雙床房（全屋智能+記憶枕）:HK$159', '探趣設計大床房（智能客控+品牌床墊）:HK$168', '趣玩窗景雙床房（三區分離+智能馬桶）:HK$178']"
祕墅酒店（海口高鐵東站店）,9.3,"['特惠大床房（獨立衞浴+乾濕分離）:HK$155', '祕·舒享大床房（智能客控+乾濕分離）:HK$192', '祕·舒享雙床房（智能客控+乾濕分離）:HK$192', '祕·悦享投影大床房（巨幕投影+零壓床墊舒適睡眠）:HK$215']"
良智滙品酒店（海口美蘭國際機場店）,9.4,"['良知·AI舒適大床房（全屋智能）:HK$246', '本心·AI甄選雙床房（全屋智能）:HK$257', 'HK系列·AI輕氧大床房（全屋智能）:HK$267', 'WISE·AI尊享大床房（全屋智能）:HK$278']"
温德森酒店（海口高鐵東站美蘭機場店）,9.5,"['商務大床房（商務舒適+智能客控+舒睡遮光窗簾）:HK$178', '高級雙床房（全屋智能+坐卧休閑椅+視野廣闊）:HK$183', '雲慕 | 榻榻米投影房（巨幕投影+全屋智能+超強隔音）:HK$184', '高級大床房（全屋智能+零壓枕墊+坐卧休閑椅）:HK$219']"
威思特國際酒店（海口省政府日月廣場免税店）,9.1,"['暢享印音丨觀印大床房［乳膠床墊+海量片源+中央空調］:HK$189', '暢享印音丨觀印雙床房［乳膠床墊+海量片源+舒適床品］:HK$204', '智能奢享丨尊享大床房［智能家居+乳膠床墊+獨立茶桌］:HK$267', '四季如春丨沐光親子雙床房［乳膠床墊+乾濕分離］:HK$285']"
維美嘉U酒店（海口省政府騎樓老街店）,9.5,"['維-美智能大床房（智能客控+65寸投屏電視+特製床墊）:HK$195', '逸-菊智能大床房（智能客控+65寸投屏電視+特製床墊）:HK$202', '維-嘉智能雙床房（智能客控+65寸投屏電視+靜謐舒睡）:HK$215', '澹-竹智能大床房（智能客控+特製軟床墊+空調速冷）:HK$215']"
海口温德森酒店（海甸島騎樓老街店）,9.5,"['高級雙床房（商務舒適+智能小度+零壓床墊）:HK$201', '雲木榻榻米大床房（零壓舒眠枕墊+智能客控+超強隔音）:HK$202', '商務大床房（智能客控+商務舒適+舒睡遮光）:HK$228', '玖棲大床房（智能客控+零壓舒眠枕墊+超強隔音）:HK$241']"
良智滙品酒店（海口秀英會展中心店）,9.7,"['觀景|智睿大床房【智能客控+城市觀景+無線充電】:HK$305', '園景|智美巨幕大床房【無線充電+愛奇藝VIP會員】:HK$333', '城景|智雅大床房【65寸可投屏電視+空中花園】:HK$339', '觀景|智享輕氧大床房【乾濕分離+户外桌椅】:HK$373', '觀景|智享輕氧雙床房【乾濕分離+高層觀景】:HK$373']"
錦江都城酒店（海口高鐵東站師範大學店）,9.6,"['精緻大床房【高速吹風機+深睡床品+三分離+佰草集洗護】:HK$179', '精緻雙床房【高速吹風機+深睡床品+三分離+佰草集洗護:HK$184', '風雅大床房（網紅高速吹風機+深睡床品+佰草集五件套）:HK$195', '風雅雙床房（網紅高速吹風機+深睡床品+佰草集五件套）:HK$199']"
海口SKYBIRD嘉虹酒店（騎樓老街店）,9.4,"['舒適大床房（深睡記憶枕）:HK$237', '舒適房雙床房（深睡記憶枕）:HK$237', '商務艙大床房（深睡記憶枕）:HK$262', '商務艙雙床房（深睡記憶枕）:HK$262', '尊享女生大床房（按摩椅+小冰箱）:HK$305']"
龍泉酒店（省政府海南工商學院店）,9.3,"['雅意大床:HK$161', '雅悦大床房:HK$191', '雅悦雙床房:HK$197', '雅尊大床房:HK$241']"
海口漫島酒店（海大南門夜市店）,9.8,"['漫怡-智能影視大床房（巨幕投影）:HK$396', '漫欣-智能影視大床房（巨幕投影）:HK$398', '漫悦-巨幕大床房（智能小度）:HK$412', '漫愉-巨幕雙床房（全屋智能）:HK$412']"
海口鑫源温泉大酒店（日月廣場免税店）,9.2,"['高級雙床房:HK$369', '温泉浴療大床房:HK$369', '温泉浴療雙床房:HK$369', '商務大床房:HK$369', '貴賓大床房:HK$369']"
維唐酒店（海口東站龍昆南路店）,9.4,"['維密影音大床房「100寸巨幕投影·暢爽觀影」:HK$178', '大吉大利特價房「舒適睡眠·行政辦公桌」:HK$188', '維景雙床房「75寸小米電視·乳膠床墊」:HK$198', '維汀全景大床房「全景落地窗·觀城景」:HK$198']"
錦江都城酒店（海口騎樓老街日月廣場免税店）,9.4,"['精緻商務房〔冷暖空調・迷你小冰箱・舒適沙發〕:HK$179', '風雅商務房〔冷暖空調・迷你小冰箱・舒適沙發〕:HK$186', '風雅雙床房〔冷暖空調・迷你小冰箱・舒適沙發〕:HK$189', '風雅家庭套房〔超大空間・獨立會客廳・泡泡浴缸〕:HK$233', '風雅商務套房〔超大空間・獨立會客廳・泡泡浴缸〕:HK$244']"
海口國興大道省政府宜尚酒店,9.3,"['標準大床房（智能客控+舒適典雅+安逸空間）:HK$249', '商務雙床房（智能客控+舒適典雅+安逸空間）:HK$271', '舒適大床房（智能客控+寬敞明亮+安逸空間）:HK$271', '高級大床房（智能客控+全景落地窗+房間冰箱）:HK$293']"
非繁城品酒店（海口騎樓老街六合大廈店）,9.4,"['雅緻大床房（品牌床品+舒適睡眠）:HK$123', '雅緻雙床房（品牌床品+寬敞明亮）:HK$134', '非繁高級大床房（高空城景+品牌床品）:HK$152', '非繁高級雙床房（高空城景+品牌床品）:HK$234']"
美棲設計師酒店（海口美蘭國際機場店）,9.1,"['設計師特大床房【中央空調+全屋智能客控】:HK$163', '窗外好景大床房【深度包裹脖頸羽絨枕+輕盈鴨絨被芯】:HK$175', '動人夜景雙床房【三區分離+私享定製床品】:HK$188', '拍照出片大床房【舒適倚靠休閑沙發】:HK$199']"
海口海洋之星酒店（西海岸西秀海灘店）,9.6,"['豪華城景雙床房:HK$326', '豪華海景大床房:HK$500']"
如家精選酒店（海口國貿中心友誼陽光城店）,9.7,"['商務大床房（智能客控+65寸電視投屏+中央空調）:HK$278', '雙床房（智能客控+65寸電視投屏+智能馬桶）:HK$288', '高級大床房（智能客控+65寸電視投屏+超大落地窗）:HK$298', '高級雙床房（智能客控+採光通透+迷你小冰箱）:HK$317']"
歐暇·地中海酒店（海口高鐵東站店）,9.4,"['暇享大床房（180°全景落地窗+品牌床品）:HK$195', '歐暇大床房（180°全景落地窗+開放式空間）:HK$210', '歐暇陽光大床房（180°全景落地窗+電視可投屏）:HK$229', '歐暇雙床房（180°全景落地窗+視野廣闊）:HK$231']"
漫麗度假公寓（海口觀瀾湖新城免税店）,9.5,"['舒適一室套房「獨立客廳+廚房冰箱洗衣機+手機投屏」:HK$199', '豪華一室套房「室外陽台落地觀景+零壓床墊」:HK$224', '兩室親子套房「親膚純棉四件套+採光通風」:HK$297', '三室家庭套房「闊達空間+會客沙發配套」:HK$342']"
海島18度智能酒店（騎樓老街海南大學店）,9.2,"['海語·風吟大床房（全屋智能+乾濕分離）:HK$256', '動人夜景雙床房（三區分離+私享定製床品）:HK$278', '和靜 | 超享大床房（全屋智能+乾濕分離）:HK$278', '海風·辰曦榻榻米親子套房（小客廳+沙發）:HK$353']"
宜尚酒店（海口省政府日月廣場免稅店）,9.4,"['智能舒適大床房（全景落地窗+雅蘭床墊+北歐記憶枕）:HK$287', '智能高級大床房（智能客控+靜享安眠+雅蘭床墊+北歐ins風沙發）:HK$314', '智能高級雙床房（智能客控+靜享安眠+雅蘭床墊+舒適飄窗）:HK$334', '智能豪華大床房（智能客控+安逸空間+雅蘭床墊+功夫茶具）:HK$353']"
SFEEL紅海景民宿（騎樓老街店）,9.2,"['沐晨-海景大床房:HK$287', '棲岸-海景榻榻米房:HK$313', '晨曦-海景大床房:HK$340', '瞻清瀾-海景家庭套房:HK$1,369']"
鵬禧酒店（海口騎樓老街日月廣場免税店）,9.4,"['陽光大床房（席夢思床墊+膳魔師熱水壺+小冰箱）:HK$307', '高級大床房（內景窗）（席夢思床墊+膳魔師熱水壺+小冰箱）:HK$307', '高級雙床房（內景窗）（席夢思床墊+膳魔師熱水壺+小冰箱）:HK$307', '豪華大床房（席夢思床墊+膳魔師熱水壺+小冰箱）:HK$346', '豪華雙標房（席夢思床墊+膳魔師熱水壺+小冰箱）:HK$346']"
海口Almida·阿米噠設計民宿,9.7,"['簡白榻榻米大床房:HK$295', '原棲榻榻米大床房:HK$315', '原尚榻榻米大床房:HK$315', '原木繁花榻榻米大床房:HK$394']"
v8plus歡致酒店（海口解放西騎樓老街店）,9.2,"['歡致都市大床房/全屋智能/70寸電視/可投屏/中央空調:HK$204', '椰城舒雅雙床房|全屋智能|4K電視|功夫茶具|中央空調:HK$217', '潘多拉影院大床房/全屋智能/4K百寸大屏/零壓床墊:HK$230', '歡愉家庭雙床房|4K高清電視|中央空調:HK$258', 'Z時代影院大床房+4K百寸大屏會員搶先看+冰箱+0壓枕頭:HK$305']"
海口國貿同派酒店,9.7,"['舒適大床房（藍牙門鎖+迷你小冰箱）:HK$401', '舒適雙床房:HK$401', '輕享大床房（藍牙門鎖+迷你小冰箱）:HK$445', '輕享雙床房（藍牙門鎖+迷你小冰箱）:HK$445', '趣享海景大床房（高空海景+藍牙門鎖）:HK$486']"
全季酒店（海口海府路騎樓老街店）,9.7,"['大床房:HK$341', '高級大床房:HK$370', '雙床房:HK$400', '高級雙床房:HK$429']"
隱沫海岸酒店（海口新埠島碧海銀灘店）,9.3,"['隱逸星空大床房（智能小度+巨幕投影+騰訊視頻會員）:HK$235', '隱悦舒適大床房（智能小度+巨幕投影+騰訊視頻會員）:HK$294', '影院舒適雙床房（智能小度+巨幕投影+騰訊視頻會員）:HK$304', '隱悦高級大床房（智能小度+巨幕投影+騰訊視頻會員）:HK$314', '隱林景觀投影大床房（智能小度+巨幕投影）:HK$343']"
海口美蘭國際機場酒店（T1T2客運大樓店）,9.4,"['標準雙床房:HK$436', '標準大床房:HK$453', '高級大床房:HK$474', '高級雙床房:HK$474', '豪華大床房:HK$524']"
椰喜堂·沉香主題酒店,9.3,"['Coco簡約大床房（新風系統）:HK$232', 'Coco簡約雙床房（新風系統）:HK$256', 'Coco舒適大床房:HK$283', 'Coco舒適雙床房:HK$310']"
