酒店名称,评分,房型价格列表
海口國貿希爾頓歡朋酒店,9.6,"['舒適雙床房:HK$456', '舒適大床房:HK$456', '荷里活房:HK$479', '高級大床房:HK$511', '高級雙床房:HK$511']"
海口Mei·呆呆民宿（榮山寮店）,9.9,"['超大雙床房（戴森吹風機+100寸超大電視+智能音箱+智控空調+冰箱）:HK$511', '海景大床房（戴森吹風機+智能音箱+智控窗簾+智控空調+閨蜜機+冰箱）:HK$570', '180度海景大床房（戴森吹風機+智能音箱+智控窗簾+智控空調+閨蜜機+冰箱）:HK$632']"
海口天佑大酒店（西海岸假日海灘）,9.1,"['海景雙床房:HK$419', '海景大床房:HK$419', '行政海景雙床房:HK$467', '行政海景大床房:HK$467', '商務套房:HK$660', '海景套房:HK$802']"
凱頓大酒店（海口日月廣場免稅店）,9.4,"['優享尊悦大床房:HK$210', '高級雙床房:HK$219', '高級大床房:HK$229', '家庭雙拼大床房:HK$264', '豪華雙標房:HK$291']"
皇馬假日南洋博物館酒店（海口騎樓老街店）,9.3,"['星空巨幕影院房【百寸投屏-杜比環繞-沉浸式追劇觀賽】:HK$381', '南洋風情雙床房【南洋十國風情-大落地窗】:HK$384', '夢迴南洋乳膠房【南洋十國風情-乳膠床品】:HK$387', '南洋庭院大床房【零壓床品】:HK$405', '南洋江景大床房【騎樓老街老字號-觀景落地窗-俯瞰江景】:HK$432']"
良智海景大酒店（國際會展中心店）,9.3,"['觀霞大床房【温泉+智能客控+記憶枕+智能潔具+陽台園景】:HK$376', '觀霞雙床房【温泉+智能客控+記憶枕+智能潔具+陽台園景】:HK$376', '閲潮大床房【温泉+智能客控+記憶枕+智能潔具+一線海景】:HK$386', '閲潮雙床房【温泉+智能客控+記憶枕+智能潔具+一線海景】:HK$386', '悦海大床房【温泉+智能客控+記憶枕+智能潔具+直麪大海】:HK$419', '悦海雙床房【温泉+智能客控+記憶枕+智能潔具】:HK$444']"
維也納國際酒店（海口濱海大道西秀海灘店）,9.6,"['純凈大床房（小度智能客控）:HK$417', '臻禮大床房（小度智能客控）:HK$426', '臻禮雙床房（小度智能客控）:HK$426', '海景大床房（一線海景+智能客控+mini吧）:HK$531', '海景雙床房（一線海景+智能客控+mini吧）:HK$531']"
海口海洋之星酒店（西海岸西秀海灘店）,9.6,"['豪華城景雙床房:HK$326', '豪華海景大床房:HK$499']"
海口國興大道省政府宜尚酒店,9.4,"['標準大床房（智能客控+舒適典雅+安逸空間）:HK$244', '商務雙床房（智能客控+舒適典雅+安逸空間）:HK$265', '舒適大床房（智能客控+寬敞明亮+安逸空間）:HK$265', '高級大床房（智能客控+全景落地窗+房間冰箱）:HK$287']"
良智滙品酒店（海口美蘭機場金地雲海灣店）,9.5,"['良知·AI舒適大床房（全屋智能）:HK$246', '本心·AI甄選雙床房（全屋智能）:HK$256', 'HK系列·AI輕氧大床房（全屋智能）:HK$267', 'WISE·AI尊享大床房:HK$278']"
麗楓酒店（海口西海岸店）,9.5,"['標準大床房:HK$361', '豪華大床房:HK$371', '標準雙床房:HK$371', '豪華雙床房:HK$391', '商務大床房:HK$391']"
海口東站希爾頓歡朋酒店,9.5,"['舒適大床房:HK$392', '舒適雙床房:HK$392', '高級大床房:HK$425', '高級雙床房:HK$425', '純凈高級大床房:HK$488']"
海口海甸島希爾頓歡朋酒店,9.4,"['高級雙床房:HK$400', '舒適大床房:HK$420', '高級大床房:HK$474', '豪華雙床房:HK$485', '豪華大床房:HK$527']"
海口明光勝意大酒店（高鐵東站龍湖天街店）,9.4,"['雲端景觀雙床房（觀景雲端）:HK$314', '豪華大床房（落地窗+浴缸）:HK$336', '雲端景觀大床房（觀景雲端）:HK$336', '勝意親子主題房（置身童趣樂園）:HK$372', '豪華雙床房（落地窗+浴缸）:HK$392', '100寸巨幕影院大床房（杜比音效，暢享影院級觀影）:HK$479']"
海口國興大道漫心府（省政府店）,9.5,"['心怡標準大床房（絲漣床墊+65寸可投屏電視+小冰箱）:HK$512', '心悦高級大床房（絲漣床墊+65寸可投屏電視+小冰箱）:HK$532', '心悦高級雙床房（絲漣床墊+65寸可投屏電視+小冰箱）:HK$553', '心享豪華大床房（絲漣床墊+65寸可投屏電視+小冰箱）:HK$569', '心享主題親子房（小童用品+絲漣床墊+小冰箱）:HK$590']"
海南亞泰温泉酒店,8.8,"['雅緻花園庭院雙床房:HK$294', '雅緻花園庭院大床房:HK$294', '池畔私湯温泉雙床房:HK$396', '池畔私湯温泉大床房:HK$396', '雅緻花園零壓好睡雙床房:HK$403', '盈濱海景雙床房:HK$503']"
海口寰海閣騎樓建築博物館酒店,9.8,"['騎樓景觀大床房:HK$843', '騎樓景觀雙床房:HK$843', '熱帶花園套房:HK$1,056', '家庭親子天井套房:HK$1,198']"
睿景酒店（海口cdf國際免税城新海港碼頭店）,9.4,"['自在舒享大床房（配備智能按摩椅）:HK$500', '自在優享雙床房:HK$500', '自在優享大床房（超寬特大床）:HK$555', '草莓音樂大床房:HK$588', '自在優享望海雙床房:HK$588', '自在優享望海大床房（超寬特大床）:HK$588']"
柒遇裏酒店（高鐵東站五公祠店）,9.8,"['知遇大床房（靜享安眠+功夫茶具+北歐ins沙發）:HK$236', '知遇雙床房（智能客控+冷暖空調）:HK$236', '際遇大床房（安睡記憶枕+智能客控+冷暖空調）:HK$268', '際遇雙床房（智能客控+冷暖空調）:HK$268']"
海口國貿中心美居酒店,9.7,"['標準房大床（智能客控+65寸可投屏電視+小冰箱）:HK$482', '標準房雙床（智能客控+65寸可投屏電視+小冰箱）:HK$482', '高級房大床（智能客控+65寸可投屏電視+小冰箱）:HK$512', '高級房雙床（智能客控+65寸可投屏電視+小冰箱）:HK$512', '豪華房大床（超大落地窗+智能客控+65寸可投屏電視+小冰箱）:HK$542']"
菲爾普斯酒店（海口美蘭國際機場T1T2客運大樓店）,9.2,"['舒適好眠大床房（零壓床墊+全屋智能）:HK$155', '侘寂夜色雙床房（全屋智能+記憶枕）:HK$173', '探趣設計大床房（智能客控+品牌床墊）:HK$183', '趣玩窗景雙床房（三區分離+智能馬桶）:HK$196']"
微瀾間酒店（海口美蘭機場鴻洲江山店）,9.3,"['雲棲┃酣眠大床房:HK$151', '雲舒┃漫享大床房:HK$162', '雲境┃御居雙床房:HK$183', '雲穹┃謐境大床房:HK$194']"
桔子酒店（海口美蘭國際機場店）,9.7,"['雙床房【安睡記憶枕+小冰箱】:HK$330', '大床房【安睡記憶枕+小冰箱】:HK$340', '高級雙床房:HK$340', '豪華雙床房【安睡記憶枕+小冰箱】:HK$349']"
海口金蓮花荷泰海景酒店（萬綠園萬象城店）,9.0,"['雅緻大床房（庭院美景）:HK$267', '遊輪 | 商務雙床房（森林氧吧+庭院美景）:HK$323', '遊輪 | 海景雙床房（俯瞰萬綠園+海口灣夜景+森林氧吧）:HK$326', '遊輪 | 雅緻家庭套房（一張特大床+兩張大床）:HK$328', '遊輪 | 商務大床房（庭院美景）:HK$336']"
海口美蘭國際機場酒店（T1T2客運大樓店）,9.4,"['標準雙床房:HK$435', '標準大床房:HK$453', '高級大床房:HK$474', '高級雙床房:HK$474', '豪華大床房:HK$523']"
WB·拉亞設計師酒店（美蘭國際機場T1T2客運大樓店）,9.6,"['雲染|温馨榻榻米房（巨幕投影+舒適睡眠）:HK$218', '漫心丨舒適大床房（巨幕投影+乾濕分離）:HK$218', '幾木丨影音大床房（巨幕投影+乾濕分離）:HK$225', '見山丨拉亞大床房（舒適睡眠+乾濕分離）:HK$232']"
海榆天悦民宿（海口美蘭機場鴻洲江山店）,9.9,"['無憂丨高級零壓大床房（夢百合床品）:HK$240', '以樂 | 智能特色圓床房（夢百合零壓床墊+枕頭）:HK$254', '歸來| 家庭親子套房（夢百合零壓床墊＋枕頭）:HK$304', '吾悦|景觀智能豪華零壓大床房:HK$318']"
自在音樂民宿（騎樓老街店）,9.3,"['騎樓丨雅眠雙床房（無窗配有新風系統）:HK$156', '騎樓丨雅眠大床房:HK$156', '騎樓丨院景大床房:HK$167', '騎樓丨院景LOFT複式大床房:HK$172']"
華爾希酒店（海口騎樓老街店）,9.1,"['華田園大床房（智能小度+智能馬桶）:HK$324', '華晚風.情侶房（泡泡浴+雞尾酒）:HK$337', '華晚亭大床房（智能小度）:HK$337', '華凡塵雙標房（智能小度+母子房）:HK$344', '華清晨大床房（智能小度+智能馬桶）:HK$357']"
見外精品客棧（海口騎樓老街鐘樓店）,9.5,"['迷你單人大床房:HK$182', '經濟大床房:HK$197', '特惠大床房:HK$212', '温馨大床房:HK$212']"
海口西海岸假日酒店,9.2,"['高級大床房:HK$515', '豪華雙床房:HK$570', '豪華海景超大床房:HK$570', '親子海景超大床房-海底小縱隊:HK$643', '豪華景觀超大床房:HK$679', '單卧海景套房:HK$1,639']"
藝龍酒店（海口國貿中心友誼陽光城店）,9.5,"['藝龍雅緻大床房（網紅打卡牆+夢百合床墊+客房迷你吧）:HK$317', '心悦·AI大床房（網紅打卡牆+法式淑女管家+夢百合床墊+海口旅遊攻略）:HK$339', '心悦·AI雙床房（網紅打卡牆+法式淑女管家+夢百合床墊+海口旅遊攻略）:HK$339', '藝心·AI雙床房（網紅打卡牆+法式淑女管家+夢百合床墊+海口旅遊攻略）:HK$361', '藝心·AI大床房（網紅打卡牆+法式淑女管家+夢百合床墊+海口旅遊攻略）:HK$372']"
良智滙品酒店（海口秀英會展中心店）,9.7,"['觀景|智睿大床房【智能客控+城市觀景+無線充電】:HK$305', '園景|智美巨幕大床房【無線充電+愛奇藝VIP會員】:HK$332', '城景|智雅大床房【65寸可投屏電視+空中花園】:HK$339', '觀景|智享輕氧大床房【乾濕分離+户外桌椅】:HK$372', '觀景|智享輕氧雙床房【乾濕分離+高層觀景】:HK$372']"
海島森林酒店（海口高鐵東站店）,9.7,"['特惠竹韻大床房:HK$318', '歡享大床房:HK$342', '特惠竹韻雙床房:HK$360', '歡享雙床房:HK$370', '花好月圓（圓床房）:HK$396']"
海口濱海大道西秀海灘亞朵酒店,9.6,"['高級城景大床房:HK$475', '行政城景雙床房:HK$501', '行政城景大床房:HK$501', '行政海景大床房:HK$519', '行政海景雙床房:HK$519']"
良智滙品酒店（海口龍湖天街海職院店）,9.5,"['智雅尊享大床房（巨幕投影）:HK$258', '智享輕氧大床房（乳膠床墊+小度客控）:HK$285', '智美巨幕雙床房（巨幕投影）:HK$285', '智享輕氧雙床房（乳膠床墊+小度客控）:HK$297']"
海口黃金海景大酒店（國貿中心萬綠園店）,9.2,"['標準雙床房:HK$360', '豪華雙床房:HK$425', '豪華大床房:HK$437', '雅緻雙床房:HK$437', '海景豪華雙床房:HK$450']"
興湖半島酒店（海口西海岸國際會展中心店）,9.1,"['遠山 | 園景高級大床房（舒適睡眠+乾濕分離）:HK$417', '遠山 | 園景高級雙床房（舒適睡眠+乾濕分離）:HK$417', '落霞 | 180°C海景露台大床房（海景+乾濕分離）:HK$430', '落霞 | 180°C海景露台雙床房（海景+乾濕分離）:HK$430']"
濱江萬璟酒店（椰海大道美蘭機場店）,9.5,"['悦享·康城大床房（護脊床墊+零壓記憶枕+沉浸式觀影）:HK$263', '靜享·深睡雙床房（金可兒加長護脊床墊+全屋智能+零壓記憶枕+徠芬吹風機+天福茶藝）:HK$302', '謐享·深睡大床房（金可兒加長護脊床墊+全屋智能+零壓記憶枕+徠芬吹風機+天福茶藝）:HK$312', '尊享·璟庭大床房（高配版品質進階+法國歐瓏洗護）:HK$393', '舒享·福滿家庭房（高配版品質進階+法國歐瓏洗護）:HK$439']"
海口國貿同派酒店,9.7,"['舒適大床房:HK$442', '舒適雙床房:HK$442', '輕享大床房:HK$491', '輕享雙床房:HK$491', '趣享海景大床房:HK$535']"
海口五指山國際温泉酒店（騎樓老街日月廣場免税店）,9.3,"['商務大床房（天然淋浴温泉水+小冰箱）:HK$271', '商務雙床房（天然淋浴温泉水+小冰箱）:HK$271', '豪華雙床房（天然淋浴温泉水+智能窗簾+小冰箱）:HK$327', '温泉浴療豪華大床房（天然淋浴温泉水+開放式浴缸）:HK$348', '温泉浴療豪華雙床房（天然淋浴温泉水+開放式浴缸）:HK$348']"
海口Almida·阿米噠設計民宿,9.7,"['簡白榻榻米大床房:HK$305', '原棲榻榻米大床房:HK$354', '原尚榻榻米大床房:HK$354']"
靜閑居民宿（海口海甸島海南大學店）,9.6,"['陽台大床房:HK$319', '宛星 · 雅緻雙床房（靜雅舒睡）:HK$331', '椿禾 · 輕享榻榻米房（舒夢好睡）:HK$380', '靜閑 · 温馨大套房:HK$530']"
海南賽侖吉地大酒店（海口友誼陽光城店）,9.4,"['豪華雙床房:HK$251', '豪華大床房:HK$251', '親子家庭房:HK$299', '温馨小圓房:HK$312', '舒適三人房:HK$327']"
海口萬綠園友誼陽光城開元名庭酒店,9.2,"['名成高級大床房:HK$393', '名成高級雙床房:HK$426', '名成豪華大床房:HK$448', '名成豪華雙床房:HK$480', '名成行政大床房:HK$611']"
海口寶發勝意酒店（國貿中心店）,9.2,"['特惠雙床房:HK$271', '市景雙床房:HK$292', '雲端大床房:HK$292', '家庭度假房:HK$325', '豪華商務房:HK$347']"
海口暉廷雲居酒店,9.5,"['穀雨·湖景大床房（全屋智能語音控制+智能馬桶+小冰箱）:HK$375', '白露·日光雙床房（全屋智能語音控制+智能馬桶+小冰箱）:HK$409', '冬至·高級親子房（全屋智能語音控制+智能馬桶+小冰箱+小童洗護用品）:HK$417', '夏至·舒適親子房（全屋智能語音控制+智能馬桶+小冰箱+小童洗護用品）:HK$452', '立秋·高級套房（全屋智能語音控制+浴缸+智能馬桶+小冰箱）:HK$512']"
維也納酒店（海口國興大道省政府店）,9.6,"['標準大床房（超大床+萊芬吹風筒+小度智控）:HK$237', '豪華雙床房（床品舒適+高空美景+小度智控）:HK$272', '高級大床房（超大床+萊芬吹風筒+小度智控）:HK$278', '豪華大床房（床品舒適+高空美景+小度智控）:HK$311']"
海口高鐵東站城際酒店,9.6,"['城際高級大床房-靜院深庭+MiniBar+德系血統+sealy床墊:HK$369', '城際高級雙床房-靜院深庭+MiniBar+德系血統+sealy床墊:HK$369', '城際豪華大床房-靜院深庭+MiniBar+德系血統+sealy床墊:HK$397', '城際豪華雙床房-靜院深庭+MiniBar+德系血統+sealy床墊:HK$397', '城際親子房-靜院深庭+MiniBar+德系血統+sealy床墊:HK$453']"
海口悦璽海景酒店（萬綠園雲洞圖書館店）,9.1,"['雅緻大床房:HK$253', '豪華雅緻大床房:HK$273', '豪華雅緻雙床房:HK$273', '公園海灣大床房（深泡浴缸+超大陽台）:HK$291', '公園海灣雙床房（深泡浴缸+超大陽台）:HK$291']"
