酒店名称,评分,房型价格列表
簡途酒店（湘潭華隆步步高店）,9.6,"['巨屏電視大床房4K影視（75寸可投屏電視和影視會員）:HK$262', '巨幕投影大床房4K影視（高空夜景和簡約輕奢）:HK$285', '私募影院大床房4K影視（私密空間和100寸巨幕影視會員）:HK$297', '私享陽台·豪華大床房（4K影視&陽台可觀晨曦及夜景）:HK$309']"
湘潭漫奇酒店（雨湖區湘潭站店）,9.5,"['高級大床房:HK$253', '舒適大床房:HK$269', '舒適雙床房:HK$278', '雅緻大床房:HK$290', '休閑棋牌大床房:HK$295']"
湘潭萬樓華美達廣場酒店,9.6,"['臻品大床房:HK$283', '高級雙床房:HK$305', '高級大床房:HK$327', '行政景觀大床房:HK$327', '行政景觀雙床房:HK$327']"
薈辰酒店（雨湖區湘潭站店）,9.5,"['好眠·星空影院大床房{150寸大屏觀影}:HK$245', '智能語音品質大床房{全房型智能客控}:HK$262', '辰沐城景雙床房{深度睡眠、舒適床墊}:HK$306', '辰居雅悦三人間{深度睡眠、舒適床墊}:HK$332']"
湘潭華天大酒店,8.8,"['高級大床房:HK$225', '高級雙床房:HK$238', '巨幕影音大床房:HK$249', '豪華精選大床房:HK$257', '豪華精選雙床房:HK$257']"
曼哈頓酒店,9.5,"['Man享高級大床房（優享大空間）:HK$235', 'Man享觀影大床房（極光tv會員+手機投屏）:HK$252', 'Man享商務雙床房:HK$256', 'Man享影音房（4K畫質+杜比音效）:HK$268']"
湘潭九華希爾頓惠庭酒店,9.6,"['靈動雙床房（膠囊coffee機+微波爐+雙功能冰箱）:HK$481', '靈動大床房（沙發床+膠囊coffee機+微波爐+雙功能冰箱）:HK$481', '靈動高級雙床房（膠囊coffee機+微波爐+雙功能冰箱）:HK$512', '靈動高級大床房（沙發床+膠囊coffee機+微波爐+雙功能冰箱）:HK$512', '靈動豪華雙床房（膠囊coffee機+微波爐+雙功能冰箱）:HK$582', '靈動豪華大床房（沙發床+膠囊coffee機+微波爐+雙功能冰箱）:HK$582']"
湘潭盤龍山莊大酒店,9.6,"['私享花園露台大床房:HK$321', '景緻花園雙床房:HK$334', '景緻花園大床房:HK$334', '豪華雙床房 • 金可兒床墊:HK$379', '豪華大床房 • 金可兒床墊:HK$379', '小龍人親子房•金可兒床墊:HK$430']"
湘潭銘逸酒店（湘潭醫衞職業技術學院店）,9.7,"['精緻大床房（高空城景）:HK$237', '逸緻大床房:HK$269', '逸.影榻榻米大床房（百寸大屏+影視會員）:HK$286', '雅緻大床房:HK$292', '雅緻雙床房:HK$303']"
湘潭君逸美高梅國際大酒店,9.3,"['雅逸大床房:HK$293', '高級雙床房:HK$293', '雅緻大床房:HK$316', '豪華城景大床房:HK$337', '豪華城景雙床房:HK$337']"
萬眾酒店（湘潭市萬達廣場店）,9.2,"['雅緻大床房:HK$176', '臻選豪華大床房:HK$194', '臻選豪華雙床房:HK$194', '臻選雙人套房:HK$213']"
拾觀譚城酒店,9.4,"['精選·商務雙床房:HK$104', '優選·標準大床房:HK$110', '暢選·豪華雙床房:HK$117', '舒選·商務大床房:HK$119']"
湘潭福星凱萊大酒店,9.3,"['高級雙床房:HK$269', '高級大床房:HK$280', '商務雙床房:HK$319', '優選大床房:HK$319', '商務大床房:HK$329', '休閑麻將套房:HK$426']"
鉑林酒店（湘潭市政府萬達廣場店）,9.5,"['商務大床房:HK$276', '商務雙床房:HK$276', '豪華大床房:HK$291', '豪華雙床房:HK$291']"
青年陽光酒店（湘潭高新萬達廣場店）,9.7,"['無憂靜眠房（簡約設計+私密）:HK$206', '輕奢主題房（高層景觀+韓式風格+日式風格）:HK$217', '商務大床房（辦公桌+單人沙發+電視投屏）:HK$235', '景觀雙床房（復古原木+辦公桌+雙人沙發）:HK$247']"
希岸酒店（湘潭高鐵北站湖南科技大學店）,9.7,"['希岸玲瓏大床房（安睡記憶枕+零壓床墊+絕美化粧鏡）:HK$229', '希岸高級大床房（深睡記憶枕+零壓床墊+定製洗沐護）:HK$235', '棋牌大床房（大籽麻將+可打紅中+空氣凈化）:HK$262', '希岸豪華大床房（迷你冰箱vs舒適休閑椅+超大辦公區）:HK$301', '顏值Lab（舒適休閑椅vs迷你小冰箱）:HK$302']"
簡滋酒店（工程學院店）,9.5,"['簡致大床房:HK$184', '簡奢大床房:HK$200', '簡奢雙床房:HK$212', '滾來滾雙拼大床房:HK$227']"
痞痞熊電競酒店（湘潭火車站店）,9.8,"['痞痞熊丨電競雙機大床房【5060+27寸200Hz+機械臂】:HK$361', '痞痞熊丨尊享電競雙床房【5060+27寸200Hz+機械臂】:HK$361', '痞痞熊丨電競雙床房【5060+27寸200Hz+機械臂】:HK$361', '痞痞熊丨尊享電競大床房【5060+27寸200Hz+機械臂】:HK$361']"
御和酒店（湖南軟件學院和平校區店）,9.7,"['御•浮光風景影院大床房:HK$197', '御•沐晚影院雙床房:HK$236', '御•幔影院大床房:HK$236', '御•童夢共繪影院親子房:HK$267', '御•行政影院大床房:HK$271']"
雲璽酒店（湘潭板塘城鐵站店）,9.7,"['高級大床房:HK$141', '高級雙床房:HK$141', '豪華大床房:HK$188', '豪華雙床房:HK$188']"
湘潭華都國際大酒店,9.4,"['雅緻雙床房:HK$256', '雅緻大床房:HK$257', '甄選豪華雙床房:HK$345', '甄選豪華大床房:HK$352', '甄選商務雙床房:HK$407']"
丹迪斯酒店（湖南科技大學店）,9.6,"['影音主題房[高清投影+騰訊會員]:HK$215', '樂享雙床房:HK$227', '樂享大床房:HK$227', '尊享大床房:HK$250']"
御和酒店（湖南工程學院店）,9.6,"['和·風光景影院大床房 【暢享銀河奇異果星鑽會員+定製男女護理包+智能客控】:HK$261', '和·温馨家庭影院雙床房 【暢享銀河奇異果星鑽會員+定製男女護理包+智能客控】:HK$274', '和·私享巨幕影院大床房 【暢享銀河奇異果星鑽會員+定製男女護理包+智能客控】:HK$287', '御·行政影院大床房:HK$327']"
湘潭潤豐國際酒店（湘潭二醫院店）,9.1,"['典雅·豪華大床房:HK$268', '典雅·豪華雙床房:HK$268', '靜謐·全景大床房丨舒享城景:HK$288', '靜謐·全景雙床房丨通透採光:HK$288']"
湘潭漫湘江民宿,10.0,"['S▪悦景影院大床房【暢享VIP+語音智控】:HK$185', 'L悦景影院雙床房【舒適辦公+巨幕高清】:HK$196', 'M▪觀景影院大床房:HK$218', '觀江景露台影院大床房【陽台躺椅+超大空間】:HK$251']"
湘潭歐萊酒店,9.6,"['百寸巨幕影院大床房:HK$227', '全景飄窗大床房【語音智控+會客茶台】:HK$239', '全景高清影院大床房【採光通透+舒適辦公】:HK$249']"
湘潭凱晟酒店,9.4,"['標準單間:HK$141', '豪華大床房:HK$145', '豪華雙人間:HK$155', '豪華麻將房:HK$179']"
維也納酒店（湘潭九華高鐵北站店）,9.5,"['標準單人間（優享温馨空間）:HK$234', '豪華大床房（尊享大空間）:HK$260', '豪華雙床房（尊享大空間）:HK$260', '臻禮大床房（優享實木地板大空間）:HK$280']"
雲璽酒店（建鑫廣場湘潭醫衞學院店）,9.5,"['雲間大床房:HK$193', '雲間雙床房:HK$193', '高清影視房:HK$274', '哆啦A夢主題親子房:HK$274']"
維也納酒店（湘潭板塘步步高店）,9.2,"['標準單人間:HK$193', '愉夢大床房:HK$203', '景觀大床房:HK$224', '高級雙床房:HK$224']"
亦來酒店（湖南工程學院店）,8.9,"['亦間-優享大床房:HK$146', '好趣|M大床房「簡約、私密]:HK$157', '好眠|L大床房[採光通透、舒適辦公]:HK$170', '好眠|雙人床「深度睡眠、舒適床墊]:HK$180']"
湘潭亞汀克拉酒店（九華高鐵北站店）,9.2,"['亞汀·標準雙間（獨幢景觀）:HK$162', '亞汀·商務大床房（現代簡約風）:HK$210', '亞汀·商務雙床房（現代簡約風）:HK$210', '亞汀·標準單間（獨幢景觀）:HK$210']"
棲郡酒店（湘潭萬達廣場店）,9.6,"['棲享·巨幕投影大床房 （ 智能語音客控）:HK$175', '歸謐·藏心謐靜影院大床房（智能語音客控+公區自助洗衣機）:HK$202', '郡享·密悦影音大床房（高清投影+智能語音客控+公區自助洗衣機）:HK$230', '覓知·輕奢影院雙床房 （巨幕投影+智能語音客控）:HK$239']"
加曼酒店,9.5,"['曼品商務大床房:HK$177', '曼悦輕奢雙床房:HK$193', '曼享影院雙床房:HK$206', '曼享温馨親子房:HK$213']"
湖南華宇國際大酒店,8.7,"['優選特惠房:HK$219', '雅緻雙床房:HK$227', '雅緻大床房:HK$227', '豪華大床房:HK$271', '豪華雙床房:HK$271']"
湘潭故里居國際大飯店,8.8,"['標準雙人間:HK$248', '高級商務雙人間:HK$279', '高級商務大床間:HK$279', '負離子雙床房:HK$359', '負離子大床房:HK$359']"
雅美酒店（湘潭友誼店）,9.4,"['豪華大床房:HK$184', '豪華雙床房:HK$184', '尊享大床房:HK$197', '經濟大床房:HK$207']"
城市之鑫精品酒店（基建營中心醫院店）,9.3,"['商務大床房:HK$123', '標準大床房:HK$137', '智能影院房:HK$151', '商務雙床房:HK$212']"
丹戀斯·悅酒店【昭山店】,9.0,"['智能好眠大床房【智能客控+舒適好眠】:HK$154', '智能雅緻大床房【天貓精靈+恆温智能馬桶】:HK$175', '智能巨幕雙床房【智能客控+私享定製床墊】:HK$195', '智能巨幕影音房【天貓魔屏投影+智能客控】:HK$195']"
湘潭加曼酒店（基建營中心醫院店）,9.3,"['好眠大床房:HK$175', '輕奢大床房:HK$205', '投影大床房:HK$212', '浴缸大床房:HK$240']"
丹戀斯臻選酒店【湖南軟件學院店】,9.4,"['臻悦|影音大床房【智能客控+天貓精靈】:HK$182', '臻品|巨幕影音房【智能客控+恆温馬桶】:HK$202', '臻雅|悦享雙人間【智能客控+舒適床墊】:HK$215', '臻享|影音雙床房【全屋智能+天貓精靈】:HK$228']"
相遇歡影酒店（湖南科技大學店）,9.9,"['M-歡影大床房（VIP影視會員+手機投屏+一次性用品）:HK$117', 'M-巨幕大床房（VIP影視會員+零壓床墊+一次性用品）:HK$155', 'M-影院雙床房（VIP影視會員+手機投屏+一次性用品）:HK$162']"
湘潭松濤山莊（湘潭大學店）,9.8,"['特惠大床房:HK$203', '特惠雙床房:HK$203', '標準大床房:HK$222', '標準雙床房:HK$222']"
簡滋酒店（湘潭基建營店）,9.4,"['簡·特惠大床房:HK$149', '簡·悠享大床房:HK$168', '簡·悠享雙床房:HK$168', '簡·淺木榻榻米空間（投影）:HK$177']"
簡滋酒店（湘潭萬達廣場店）,9.4,"['簡·城景大床房:HK$148', '簡·城景雙床房:HK$148', '簡·行政辦公雙床房:HK$157', '簡·滾來滾去大床房:HK$157']"
城市農夫精選酒店（湘潭華隆步步高廣場店）,9.4,"['温馨輕居大床房:HK$232', '親子家庭房:HK$259', '雀友棋牌麻將大床房:HK$280', '輕奢智雅大床房:HK$284']"
湘潭喵喵酒店（九華經開區湖南軟件學院店）,9.6,"['舒享·高級大床房（品牌床墊+舒適好眠）:HK$175', '舒享·高級雙床房（品牌床墊+舒適好眠）:HK$196', '臻享·商旅大床房（品牌床墊+舒適好眠）:HK$203', '悦享·禪茶大床房（品牌床墊+舒適好眠+榻榻米茶台）:HK$217']"
七月民宿（天元璽園店）,9.4,"['臻選行政大床房:HK$136', '特色巨幕大床房:HK$141', '甄選浪漫套房:HK$146', '休閑麻將大床房:HK$157']"
筱悠民宿酒店,9.4,"['舒適大床房:HK$138', '觀景大床房:HK$148', '巨幕高清投影房:HK$158', '享住影音房:HK$181']"
丹戀斯LY酒店（步步高廣場店）,8.9,"['舒適大床房:HK$109', '迷你房:HK$120', '智能國風榻榻米:HK$130', '智能高級大床房:HK$141']"
