酒店名称,评分,房型价格列表
城市便捷酒店（潛江市政府店）,9.5,"['標準大床房:HK$174', '高級大床房:HK$195', '高級雙床房:HK$205', '豪華大床房:HK$205']"
楚星欣選酒店（潛江龍蝦街店）,9.3,"['温馨大床房:HK$158', '欣選大床房（55寸超大液晶電視）:HK$189', '欣選雙床房:HK$189', '欣選智能影音房（100寸超大熒屏，會員暢看）:HK$204']"
城市便捷酒店（潛江廣華油田店）,9.2,"['高級大床房:HK$207', '高級雙床房:HK$207', '豪華大床房:HK$259', '豪華雙床房:HK$259']"
柏曼酒店（潛江高鐵站龍蝦城店）,9.4,"['標準大床房（光線明亮+通風舒適+高層安靜）:HK$198', '標準雙床房（寬敞明亮採光視野好）:HK$213', '影院大床房（超大屏幕高清觀影）:HK$229', '高級雙床房（大沙發+寬敞明亮採光視野好）:HK$244']"
潛江盛天酒店（江漢藝術學院店）,9.5,"['大床房（酒店提供自助洗衣房）:HK$122', '高級大床房（酒店提供自助洗衣房）:HK$130', '高級雙床房（酒店提供自助洗衣房）:HK$130', '棋牌大床房（酒店提供自助洗衣房）:HK$165']"
亞悅酒店（潛江龍蝦街藝術職業學院店）,9.2,"['智能特惠大床房【電視投屏+全屋智能客控+智能馬桶】:HK$137', '智能風情圓床房【電視投屏+全屋智能客控+智能馬桶】:HK$137', '智能豪華雙床房【電視投屏+全屋智能客控+智能馬桶】:HK$146', '智能豪華大床房【電視投屏+全屋智能客控+智能馬桶】:HK$155']"
潛江高雅酒店（中心城店）,9.2,"['二月春風二月山城未見花- D級大床房2號樓【酒店公區提供自助洗衣房】:HK$133', '七月佳期如夢又豈在朝暮-D級踏浪大床房2號樓【酒店公區提供自助洗衣房】:HK$133', '五月池塘水滿見最美的你-D級雙床房2號樓【酒店公區提供自助洗衣房】:HK$145', '一月金色光暉萬象更新- S級影音大床房1號樓【酒店公區提供洗衣房】:HK$156']"
潛江高雅·幸福裏酒店,9.4,"['一月氣聚·大床房|酒店公區提供洗衣房:HK$138', '四月飛柳· IMAX影院雙床房|酒店公區提供洗衣房:HK$147', '五月嗚蟬· IMAX影院大床房|酒店公區提供洗衣房:HK$147', '九月浮槎·榻榻米大床房|酒店公區提供洗衣房:HK$164']"
你好酒店（潛江江漢藝術職業學院店）,9.6,"['高級大床房:HK$196', '高級雙床房:HK$196', '棋牌大床房:HK$205', '商務大床房:HK$215']"
華康國際大酒店,9.4,"['經濟商務標間（1號樓）:HK$205', '經濟商務單間（1號樓）:HK$205', '豪華棋牌標間（1號樓）:HK$246', '商務標準間（2號樓）:HK$271']"
潛江上層概念酒店（城市一號店）,9.6,"['商務大床房（可投屏電視+品牌床品）:HK$184', '雅緻大床房（品牌床品+可投屏電視）:HK$251', '高級大床房（品牌床品+可投屏電視）:HK$298', '行政大床房（品牌床品+可投屏電視）:HK$327']"
宜尚酒店（潛江龍蝦街藝術學院店）,9.4,"['標準大床房（超大空間+希丁安床墊+中央空調）:HK$190', '高級大床房（超大空間+希丁安床墊+中央空調）:HK$221', '高級雙床房（超大空間+希丁安床墊+中央空調）:HK$221', '豪華雙床房（超大空間+希丁安床墊+中央空調）:HK$236']"
7天酒店（潛江中心城區店）,9.7,"['新7天自在雙床房:HK$135', '新7天自在大床房:HK$143', '新7天棋趣大床房:HK$183', '新7天棋趣雙床房:HK$183']"
維也納酒店（潛江龍蝦城店）,9.4,"['標準大床房-電動窗簾+康萊思床墊+新風換氣:HK$239', '棋牌大床房-電動窗簾+雀友麻將桌+新風換氣:HK$239', '高級大床房-電動窗簾+康萊思床墊+新風換氣:HK$247', '豪華雙床房-智能小度+康萊思床墊+新風換氣:HK$247']"
城市便捷酒店（潛江龍蝦城店）,8.6,"['特惠大床房:HK$135', '商務大床房:HK$143', '商務雙床房:HK$150', '城市家庭房:HK$173']"
7天優品酒店（潛江火車站龍蝦城店）,9.2,"['精選特優房:HK$129', '優品大床房:HK$145', '優品雙床房:HK$145', '優享棋牌大床房:HK$170']"
潛江希爾頓歡朋酒店,9.6,"['舒適雙床房:HK$477', '舒適大床房:HK$498', '高級雙床房:HK$498', '豪華雙床房:HK$519', '高級大床房:HK$519']"
潛江鑽石國際大酒店,8.1,"['豪華商務標準房:HK$275', '豪華商務大床房:HK$365', '豪華棋牌雙床套房:HK$412', '豪華棋牌大床套房:HK$449']"
全季酒店（潛江火車站店）,9.6,"['高級大床房:HK$305', '商務大床房:HK$309', '商務雙床房:HK$309', '豪華大床房:HK$337']"
潛江紐斯達酒店（江漢油田總醫院店）,9.5,"['特惠大床房【智能客控+夢百合0壓床+酒店公區提供洗衣房】:HK$190', '棋牌雙床房【智能客控+夢百合0壓床+酒店公區提供洗衣房】:HK$219', '精選雙床房:HK$219', '輕奢大床房【智能客控+夢百合0壓床+酒店公區提供洗衣房】:HK$240']"
如家派柏·雲酒店（潛江東風路店）,9.0,"['雅緻大床房-品牌記憶枕+超大電視投屏:HK$124', '雅緻雙床房-品牌記憶枕+超大電視投屏:HK$124', '輕奢大床房-品牌記憶枕+超大電視投屏:HK$129', '輕奢雙床房-品牌記憶枕+超大電視投屏:HK$131']"
EHA電競酒店（潛江城市一號店）,9.6,"['EHA温馨大床房:HK$245', 'EHA電競豪華大床房:HK$273', 'EHA電競豪華雙床房:HK$300', 'EHA電競麻將三人榻榻米房:HK$409']"
雲泊酒店（馬昌垸路店）,9.0,"['雲逸高級投影房:HK$209', '雲享高級大床房:HK$221', '雲軒豪華大床房:HK$246', '雲軒豪華雙床房:HK$271']"
環星電競酒店（江漢藝術學院店）,9.7,"['電競温馨雙人間【邁從無線鼠標+邁從無線鍵盤+新風】:HK$242', '電競豪華大床房【4060+32G+2K180Hz+酒店提供自助洗衣房】:HK$242', '電競棋牌上下鋪【邁從無線鼠標+邁從無線鍵盤+新風】:HK$276', '電競棋牌雙床房【邁從無線鼠標+邁從無線鍵盤+新風】:HK$300']"
高雅·雅飛酒店（潛江育才路店）,9.4,"['三月春風含笑·商務雙床房|酒店公區提供洗衣房:HK$108', '一月萬象更新·商務大床房|酒店公區提供洗衣房:HK$108', '五月嗚蟬·大床房|酒店公區提供洗衣房:HK$120', '七月滿塘清香·IMAX影院大床房|酒店公區提供洗衣房:HK$140']"
星程酒店（潛江客運站店）,9.5,"['高級大床房:HK$261', '高級雙床房:HK$281', '棋牌雙床房:HK$309', '商務大床房:HK$327']"
都城酒店（潛江高鐵站龍蝦城店）,9.1,"['精緻大床房（品牌洗護＋電動窗簾）:HK$197', '精緻雙床房（品牌洗護+寬敞明亮）:HK$200', '都會大床房（品牌洗護＋落地大窗）:HK$216', '都會雙床房（品牌洗護＋寬敞明亮）:HK$231']"
潛江七喜温德姆花園酒店,9.1,"['高級大床房:HK$298', '高級雙床房:HK$298', '園景雙床房:HK$326', '園景大床房:HK$326', '尊享棋牌大床房:HK$373']"
賓利商務酒店（潛江蝦街店）,9.6,"['雅緻大床房:HK$118', '豪華單人間:HK$148', '親子三人間:HK$155', '商務標準間:HK$165']"
潛江鑫樂大酒店,9.1,"['精緻大床房:HK$289', '精緻雙床房:HK$289', '豪華單間:HK$320', '商務雙床套房:HK$427', '商務套房:HK$427']"
維也納國際酒店（潛江潛陽西路客運站店）,9.5,"['標準大床房-智能客控小度+零壓床墊:HK$239', '標準雙床房-智能客控小度+零壓床墊:HK$255', '愉夢大床房-智能客控小度+零壓床墊:HK$255', '豪華大床房-智能客控小度+零壓床墊:HK$279']"
港麗酒店（潛江廣華嘉寧店）,9.3,"['特惠雙床房:HK$151', '特惠大床房:HK$151', '標準雙床房:HK$173', '標準大床房:HK$173']"
愛電競酒店（潛江客運站店）,8.7,"['棋牌雙人房[白玉麻將+65寸電視+公區自助洗衣房]:HK$202', '特惠電競雙人房[4060+2K180Hz+全遊戲特權+公區自助洗衣房]:HK$240', '精緻電競雙床房[4060+2K180Hz+全遊戲特權+公區自助洗衣房]:HK$253', '輕奢電競雙床房[4060+2K180Hz+全遊戲特權+公區自助洗衣房]:HK$265']"
海凡星連鎖酒店（潛江鑫鼎店）,9.3,"['靜怡雙床房:HK$96', '温馨大床房:HK$109', '榻榻米影院大床房:HK$118', '温馨雙床房:HK$118']"
麗楓酒店（潛江客運站店）,9.5,"['雅緻大床房—慕思床墊+空氣凈化器+藍牙音響:HK$215', '豪華大床房—慕思床墊+空氣凈化器+藍牙音響+小冰箱:HK$230', '豪華雙床房—慕思床墊+空氣凈化器+藍牙音響:HK$238', '浪漫尊享房—慕思床墊+空氣凈化器+藍牙音響+小冰箱:HK$254']"
潛江美佳住宿,9.6,"['大床房:HK$136', '情侶大床房:HK$147']"
潛江福子美寓,9.7,['標準房:HK$184']
潛江江漢飯店,9.0,"['標準中式雙床房:HK$175', '標準中式大床房:HK$175', '貴賓標準房:HK$212', '標準中式大床套房:HK$258']"
潛江正悦大酒店,9.3,"['大床房:HK$162', '標準間:HK$162', '棋牌房:HK$210', '豪華套房:HK$210']"
潛江盒子民宿,9.5,"['初遇·輕奢投影大床房[乳膠床墊+愛奇藝會員]:HK$113', '歲月·豪華巨幕投影大床房[乳膠床墊+愛奇藝會員]:HK$133', '邂逅·日式榻榻米房[乳膠床墊+愛奇藝會員]:HK$143', '風華·休閑麻將大床房[乳膠床墊+愛奇藝會員]:HK$175']"
潛江橘子民宿,9.7,"['北歐風時尚大床房:HK$155', '小清新雙床房:HK$156', '經濟大床房:HK$156', '靜謐森林大床房:HK$173']"
潛江市晨林映然酒店,8.0,"['標準間:HK$150', '豪華單人套房:HK$277', '豪華三人套房:HK$308']"
悦來連鎖酒店（潛江汽車站店）,9.1,"['特價大床房:HK$119', '特價雙床房:HK$128', '高級大床房:HK$137', '高級雙床房:HK$147']"
東萊酒店（江漢藝術學院店）,8.2,"['舒適大床房:HK$97', '豪華大床房:HK$113', '商務標間:HK$118', 'VIP投影房:HK$118']"
穆子住宿,9.1,"['豪華單間:HK$82', '豪華棋牌大床房:HK$100', '豪華棋牌單床房:HK$100', '棋牌大床房:HK$100']"
潛江宏達電競賓館,10.0,"['豪華大床房:HK$92', '二人電競房[華碩3060+10代I5：10400F+165-240HZ+16G]:HK$168', '二人電競雙床房［顯卡3060+I7:10700+32寸2K+32G+雷柏鍵鼠］:HK$178', '麻將雙床房:HK$220']"
潛江廣澤賓館,8.5,"['豪華大床房:HK$131', '豪華雙床房:HK$142', '麻將套房:HK$173', '豪華套房:HK$207']"
潛江寶來屋旅館,8.9,"['特惠大床房:HK$63', '大床房:HK$74', '麻將房:HK$75', '標準間:HK$85']"
潛江2358民宿,9.8,"['豪華雙床房:HK$133', '豪華棋牌大床房:HK$133', '商務棋牌大床房:HK$133', '優選棋牌大床房:HK$133']"
潛江妍媛酒店,7.4,"['普通單間:HK$107', '普通雙人間:HK$118', '標準單間（有麻將桌）:HK$151', '舒適三人間（有麻將桌）:HK$151']"
