酒店名称,评分,房型价格列表
潮邑明林府（潮州古城牌坊街店）,9.6,"['鸞凰琴簪•豪華大床房+92寸高清影幕:HK$502', '鳳鳴·智能豪華大床房+户外桌椅+100寸高清巨幕:HK$654', '月圓澄酒·智能輕享複式大床套房:HK$763', '山海丹青·智能輕享景觀複式雙床套房+84寸高清影幕:HK$808']"
簡居（潮州廣濟橋牌坊街店）,9.5,"['景觀精緻大床房-（智能客控+小冰箱+太空記憶棉）:HK$654', '景觀精緻雙床房-（智能客控+小冰箱+太空記憶棉）:HK$743', '景觀豪華大床房-（智能客控+休閑沙發+小冰箱+休閑沙發+太空記憶棉）:HK$829', '景觀豪華雙床房（智能客控+休閑沙發小冰箱+太空記憶棉）:HK$917', '啤啤熊寶貝歡樂屋親子房-（智能客控+巨熊公仔+小木馬+寶寶浴盆+小童馬桶架+小童恆温壺+乾濕分離）:HK$1,408']"
花築·東門客棧（潮州廣濟橋牌坊街店）,9.4,"['中式大床房（乳膠床墊+乾濕分離）:HK$354', '中式雙床房（乳膠床墊+乾濕分離）:HK$440', '歐式經典大床房（乳膠床墊+乾濕分離）:HK$440', '歐式豪華大床房（乳膠床墊+乾濕分離）:HK$501']"
韓思·悦酒店（潮州古城牌坊街店）,9.2,"['高級大床房-零壓床品:HK$312', '思悦大床房-零壓床品:HK$356', '豪華大床房-零壓床品:HK$389']"
潮州中安樓客棧（廣濟橋牌坊街店）,9.5,"['精選大床房:HK$436', '精緻雙床房:HK$604', '豪華套房:HK$956', '精選家庭套房:HK$1,021']"
韓思·熙湖酒店（潮州古城牌坊街店）,9.5,"['星空電影房-空氣凈化:HK$534', '檀木大床房-空氣凈化:HK$610', '檀木湖景大床房-空氣凈化:HK$666', '陽台景觀大床房-空氣凈化:HK$720', '檀木雙床房-空氣凈化:HK$720']"
皇家·馬拉喀什民宿（潮州古城牌坊街店）,9.5,"['賽琳|隱世大床房（湯池+投影+空氣凈化器）:HK$960', '月懿|鎏金大床房（浴缸+空氣凈化器+沙發床）:HK$1,223', '蕾雅|逸奢大床房（湯池+投影+空氣凈化器+沙發床）:HK$1,354', '心殿|御廷大床房（巨無霸湯池+投影+空氣凈化器）:HK$1,485', '皇家|古堡大床房（湯池+空氣凈化器）:HK$1,616']"
潮州市潮裏韓舍（潮州古城牌坊街店）,9.4,"['存墨·侘寂智能投影房丨護脊床墊丨智能馬桶丨高清巨幕投影丨功夫茶具丨乾濕分離:HK$268', '撫琴·輕奢智能投影大房丨護脊床墊丨智能馬桶丨高清巨幕投影丨功夫茶具丨乾濕分離:HK$317', '林棲·豪華投影雙床房丨護脊床墊丨智能馬桶丨高清巨幕投影丨功夫茶具丨乾濕分離:HK$339', '秋思丨庭院花園雙床房丨護脊床墊丨智能馬桶丨高清巨幕投影丨功夫茶具丨乾濕分離:HK$388']"
桔子美居（潮州古城牌坊街店）,9.3,"['臻選大床房（護脊床墊+記憶枕+小冰箱+功夫茶具）:HK$376', '陽光鮮桔大床房（護脊床墊+記憶枕+小冰箱+功夫茶具）:HK$431', '尊榮雅居大床房（護脊床墊+記憶枕+小冰箱+功夫茶具）:HK$498', '尊榮雅居雙床房（護脊床墊+記憶枕+助眠零壓+小冰箱）:HK$543', '尊榮雅居家庭房（護脊床墊+記憶枕+小冰箱+功夫茶具）:HK$551']"
潮州梅香居客棧（牌坊街古城店）,9.7,"['大床房（喜上梅梢|新風系統）:HK$420', '標準大床房（一品梅+新風系統+智能客控+空氣循環機）:HK$529', '豪華大床房（梅開五福|新風系統）:HK$529', '舒適雙床房（梅蘭竹菊|新風系統+空氣循環機+高清投影）:HK$721']"
譽庭別院（汕頭萬象城龍眼南路美食街店）,9.7,"['譽house·辭音:HK$1,192', '譽house·輕徑:HK$1,192', '譽house·竹茗堂:HK$1,410', '譽house·聞鳧院:HK$1,410', '譽house·長澗舍:HK$1,410']"
揭陽舒宸酒店（進賢門店）,9.5,"['特價大床房:HK$326', '特價雙床房:HK$326', '商務大床房|全屋智能|:HK$346', '商務雙床房|全屋智能|:HK$379', '豪華大床房|智能小度+智能化粧鏡|:HK$401']"
明熙樓客棧（潮州古城牌坊街店）,9.1,"['301｜飄絮大床房（深睡床墊+智能馬桶）:HK$366', '303｜望元榻榻米大床房（開元寺景觀+深睡床墊+智能馬桶）:HK$366', '302｜靜享雙床房（深睡床墊+智能馬桶）:HK$461', '202｜桑落大床房（深睡床墊+智能馬桶）:HK$461']"
蘭歐酒店（潮州古城牌坊街店）,9.1,"['標準大床房:HK$297', '標準雙床房:HK$336', '豪華大床房（私享按摩椅+智能語控）:HK$349', '高級雙床房:HK$385', '豪華雙床房:HK$413']"
山禾裏·宋代美學庭院（汕頭小公園店）,9.6,"['室外桃園·大床房·一樓庭外:HK$634', '浮生半日·大床房:HK$853', '逸趣生活·雙床房:HK$853', '煙火少城·大床房:HK$1,058', '舒適謐境·豪華大床房·內庭:HK$1,058']"
花築·藝術家民宿（潮州古城牌坊街西馬路店）,9.6,"['靜客丨奢享大床房:HK$613', '米蘭丨奢享大床房:HK$649', '半夏丨奢享大床房:HK$649', '忘憂 | 奢享花園大床房:HK$735']"
汕頭龍湖賓館,9.5,"['龍湖商務雙床房（南樓）:HK$487', '龍湖商務大床房（南樓）:HK$487', '龍湖高級大床房（東樓）:HK$544', '龍湖高級雙床房（東樓）:HK$544', '龍湖景觀豪華大床房（東樓）:HK$591']"
潮橙 · Apartment（潮州廣濟橋牌坊街店）,9.4,"['投影精緻大床房 （智能音控 + 乾濕分離 + 影視會員 + 純棉床品）:HK$287', '雅緻大床房 （智能音控 + 乾濕分離 + 純棉床品）:HK$331', '豪華大床房 （智能音控 + 乾濕分離 + 純棉床品）:HK$352', '舒適雙床房 （智能音控 + 乾濕分離 + 純棉床品）:HK$353']"
潮州市·熙揚·喜宿·Cloud.Bar花園（潮州古城牌坊街店）,9.3,"['城景逸境大床房（零壓床墊+太空記憶棉+新風系統+高清投屏電視+乾濕分離）>:HK$289', '童趣親子大床房（零壓床墊+太空記憶棉+休閑沙發+新風系統+高清投屏電視+乾濕分離）>:HK$294', '浪漫輕奢浴缸房（深袍浴缸+零壓床墊+太空記憶棉+新風系統+高清投屏電視+乾濕分離）>:HK$299', '城景逸境雙床房（空中花園+零壓床墊+乾濕分離）>:HK$305']"
潮·坊居（潮州牌坊街廣濟橋店）,9.3,"['雲煙｜大床房（智能客控+私享浴缸+百寸投影+工夫茶具+太空記憶棉）:HK$665', '雲卷丨大床房（智能客控+百寸投影+私享透明浴缸+工夫茶具+太空記憶棉）:HK$753', '雲舒丨景觀大床房（智能客控+透明浴缸+百寸投影+工夫茶具+太空記憶棉）:HK$840', '雲華丨觀景大床房（智能客控+私享懸浮浴缸+百寸投影+工夫茶具+太空記憶棉）:HK$928']"
潮州市盈合酒店（潮州古城人民廣場店）,9.3,"['巧 | 雅緻大床房 | 智能音控+古城街景+陽光滿屋:HK$317', '享 | 精緻大床房 | 智能音控+古城街景+陽光滿屋:HK$359', '優 | 精緻雙床房 | 智能音控+鳥瞰街景+陽光滿屋:HK$412', '馨 | 親子子母雙床房 | 智能音控+古城街景+陽光滿屋:HK$454']"
無界合一民宿（潮州古城牌坊街店）,9.6,"['整層獨立空間四房一廳（露台天台+投影沙發私廳+獨棟小洋樓）:HK$1,278']"
潮州Panda·熊貓來了花園,9.2,"['180°大視野大床房（私享浴缸+一線江城景+智能客控）:HK$600', '舒適城景雙床房（智能客控+巨幕投影+一線城景）:HK$687', '豪華城景雙床房（智能客控+巨幕投影+一線城景）:HK$742', '230°景觀雙床房（智能客控+巨幕投影+天空記憶棉）:HK$796', '230°全江景大床房（私享浴池+智能客控+一線江景）:HK$829']"
凱里亞德酒店（潮州財富中心人民廣場店）,9.4,"['輕享大床房:HK$238', '優享影音大床房:HK$270', '優享大床房:HK$270', '優享雙床房:HK$310']"
花築·僑友客棧（潮州古城牌坊街店）,9.7,"['超豪華簡約大床房（高清投影+智能馬桶+乳膠床墊）:HK$490', '超豪華榻榻米大床房（高清投影+智能馬桶+乳膠床墊）:HK$539', '超豪華大床房（高清投影+智能馬桶+乳膠床墊）:HK$551', '榻榻米簡約雙床房（高清投影+智能馬桶+乳膠床墊）:HK$600']"
潮·青瓦下（潮州古城牌坊街店）,9.5,"['英歌 · 高級大床房:HK$1,094', '出花園 · 親子雙床套房:HK$1,149', '潮府 · 古城景觀 | 豪華套房:HK$1,204']"
大屋小棧民宿（潮州古城牌坊街店）,9.5,"['兩室家庭套房富貴居·高清投影·品質床品·乾濕分離:HK$367', '觀景豪華雙人房團圓居·高清投影·品質床品·乾濕分離:HK$382', '複式親子家庭房福源居·高清投影·品質床品·乾濕分離:HK$413']"
棲悦·繁花里民宿（潮州古城牌坊街店）,9.5,"['F301遇見丨陽台大床房（智能客控+露天陽台+躺椅）:HK$661', 'F302夢之丨陽台大床房（智能客控+小冰箱+休閑桌椅）:HK$704', 'F303雲染丨大床房（智能客控+小冰箱+休閑沙發）:HK$757', 'F101拾光丨雙床房（智能客控+小冰箱+太空記憶棉）:HK$807']"
潮州古城Urba柏納國際公寓（人民廣場店）,9.3,"['臻選大床房（超清投影+安靜助眠+零壓深睡枕）:HK$238', '臻選雙床房（投屏電視+安靜助眠+零壓深睡枕）:HK$260', '精選大床房（高清投影＋零壓深睡枕）:HK$270', '豪華雙床房（投屏電視+零壓深睡枕+陽光充足）:HK$291']"
Urba柏納·國際公寓（潮州古城牌坊街店）,9.4,"['臻選大床房（智能客控+高清投屏電視）:HK$359', '精選雙床房（智能客控+高清投屏電視）:HK$435', '精選大床房（智能客控+高清投屏電視）:HK$435', '影音雙床房（影音巨幕+智控）:HK$500', '豪華雙床房（炫彩波紋燈+智控+高清投屏電視）:HK$544']"
漫時光民宿（潮州古城牌坊街店）,9.5,"['榻榻米大床房:HK$433', '浴缸陽台大床房:HK$509', '浪漫陽台大床房:HK$509', '雙床套間（兩室）:HK$651']"
潮州瀛洲設計酒店,9.7,"['瀛選精緻大床房:HK$852', '瀛選精緻家庭房:HK$1,071', '瀛選景緻雙床房:HK$1,508', '瀛選豪華雙床房:HK$1,508', '瀛選豪華大床房:HK$1,508']"
花築·崇韓客棧（潮州古城牌坊街店）,9.8,"['豪華大床房（高清投影+智能馬桶+乳膠床墊+乾濕分離）:HK$429', '舒適旅行雙床房（高清投影+智能馬桶+乳膠床墊）:HK$466', '陽光旅行雙床房（高清投影+智能馬桶+乳膠床墊）:HK$501', '超豪華雙床房（高清投影+智能馬桶+乳膠床墊）:HK$551']"
潮州閤府莊園,9.2,"['茗薈大床房 （全屋智控+迷你小冰箱+工夫茶具）:HK$479', '吉瑞雙床房（全屋智控+迷你小冰箱+工夫茶具）:HK$555', '逸賢大床房（圓形浴缸+葯浴泡澡+暢享茶空間）:HK$631', '鴻裕豪華雙床房（全屋智能+工夫茶具+寬敞空間）:HK$741', '獨棟雙床小別墅（園林全景觀+全屋智控+工夫茶具）:HK$763', '鴻裕Ultra雙大床房（全屋智能+工夫茶具+後花園）:HK$763']"
逸湘庭客棧（潮州古城店）,9.4,"['四室兩廳包院（智能馬桶+恆温花灑+廚房）:HK$1,828']"
如南里·美墅（潮州古城牌坊街店）,9.4,"['特惠·豪華大床房:HK$340', '春澗·觀影大床房:HK$359', '秋嶼·雅緻觀影大床房:HK$425', '挽夏·標準雙床房:HK$477']"
韓韻精品民宿（潮州牌坊街廣濟橋店）,9.3,"['韓韻雙床房（智能馬桶+智能窗簾+工夫茶具）:HK$332', '韓韻大床房（智能窗簾+智能馬桶+工夫茶具+小冰箱）:HK$370', '親子大床房+榻榻米+智能窗簾馬桶、茶具冰箱:HK$425', '舒適雙床房（智能窗簾+智能馬桶+茶具+小冰箱）:HK$435']"
程公館（潮州古城牌坊街店）,9.4,"['登瀛 · Ins風 · 複式大床房:HK$418', '小蓬萊 · Ins風 · 庭院大床房:HK$418', '摘星 · 民國復古風 · 精緻大床房:HK$464', '飛虹 · 民國復古風 · 主題大床房:HK$464']"
凱里亞德店（潮州古城萬德雲創園店）,9.2,"['輕享大床房（全屋智能+舒適床墊+智能馬桶）:HK$251', '優享大床房（全屋智能+舒適床墊+智能馬桶）:HK$278', '優享雙床房（智能語音客控+全棉床品）:HK$278', '榮享大床房（全屋智能+舒適床墊+智能馬桶）:HK$312']"
詠而歸民宿（潮州古城牌坊街店）,9.6,"['夜以繼日:HK$281', '渴望之書:HK$326', '深藏（一室一廳）:HK$400', '伴我同行（一室一廳）:HK$400']"
麗楓酒店（潮州温泉江景店）,9.5,"['豪華雙床間（空氣凈化器+慕斯床墊+投屏電視）:HK$370', '江景大床房（空氣凈化器+慕斯床墊+投屏電視）:HK$390', '雅緻大床房（空氣凈化器+慕斯床墊+投屏電視）:HK$392', '浪漫大床房（空氣凈化器+慕斯床墊+投屏電視）:HK$422']"
Yoho·羊玉小院（牌坊街鎮海樓店）,9.1,"['清歡·大床房:HK$349', '童趣·親子雙床房:HK$400', '靜享·雙床房:HK$429', '韻享·高級雙床房:HK$459']"
春之秋院子（潮州古城牌坊街店）,9.7,"['梅居大床房【乾濕分離+馬桶+全棉床品】:HK$278', '蘭居大床房【乾濕分離+馬桶+全棉床品】:HK$278', '春居複式loft【乾濕分離+智能馬桶+全棉床品】:HK$355', '夏居複式loft【乾濕分離+智能馬桶+全棉床品】:HK$355']"
如家精選酒店（潮州人民廣場店）,9.5,"['商務大床房:HK$251', '高級大床房:HK$275', '安心睡安睡大床（0壓床品+空氣凈化器）:HK$301', '雙床房:HK$349']"
洲上·壹叁間民宿（潮州古城廣濟橋店）,9.7,"['270°江景奢享大床房（夕陽全景+休閑空間+大屏投影）:HK$683', '180°江景浴缸大床房（夕陽景觀+解壓浴缸+大屏投影）:HK$683', '獨享大露台度假花園房（花園露台+度假躺椅+大屏投影）:HK$795', '270°輕侘寂江景房（網紅圓床+觀遠山江景+大屏投影）:HK$797']"
三潮温泉小鎮·酒店（潮州韓江西溪碧道田頭何公園店）,8.6,"['特價大床房（不含温泉）:HK$254', '私湯·豪華大床房（獨立泡池+天然温泉+全屋智能）:HK$316', '私湯·閑趣雙床房（內置棋牌+趣味休閑+全屋智能）:HK$342', '私湯·主題大床房（獨立泡池+天然温泉+全屋智能）:HK$367']"
多友客棧（潮州古城牌坊街店）,9.6,"['倚明居豪華大床房:HK$328', '倚明居標準雙床房:HK$415', '倚明居親子2居雙床房:HK$459', '灶巷2房2衞商務房:HK$728']"
合舍客棧（潮州古城牌坊街廣濟橋店）,9.1,"['陽台大床房:HK$218', '情侶大床浴缸房:HK$218', '標準大床房:HK$218', '影院浴缸大床房:HK$229']"
關於美宿（潮州古城牌坊街店）,9.3,"['瓷寂｜特惠大床房【天空記憶棉枕➕鵝絨被➕大屏投影】:HK$563', '雲泥｜特惠雙床房【天空記憶棉枕➕鵝絨被➕大屏投影】:HK$717', '硯雪｜標準大床房【天空記憶棉枕➕鵝絨被➕大屏投影】:HK$734', '松煙｜標準雙床房【天空記憶棉枕➕鵝絨被➕大屏投影】:HK$750', '潮生｜陽台大床房【天空記憶棉枕➕鵝絨被➕花園陽台】:HK$750']"
Sunny輕奢温泉民宿,9.6,"['秋閣尊享私湯大床房:HK$326', '晨曦初露私湯影院A店:HK$369', '荷塘月色私湯影院A店:HK$402', '茶色古韻私湯一房一廳:HK$424']"
