酒店名称,评分,房型价格列表
濮陽悅萊酒店（水秀商業街店）,9.7,"['戀尚榻榻米房:HK$216', '睿途雙人房:HK$239', '悦茗大床房:HK$284', '親子家庭房:HK$325', '致和商旅套房:HK$546']"
濮陽龍都國際酒店（萬嘉360廣場店）,9.6,"['豪華雙床房（貢緞親膚床品+智能客控）:HK$306', '豪華大床房（貢緞親膚床品+智能客控）:HK$317', '行政雙床房（貢緞親膚床品+智能客控）:HK$339', '行政大床房（貢緞親膚床品+智能客控）:HK$350', '電競大床房[騰訊鑽石VIP特權+UU加速器+4070顯卡+i713700CPU +冠捷27寸240Hz]P:HK$363']"
維也納國際酒店（濮陽中原東路高鐵站店）,9.7,"['高級雙床房:HK$279', '高級大床房:HK$293', '豪華雙床房:HK$293', '豪華大床房:HK$311', '行政大床房:HK$328']"
濮陽高鐵東站·品悅麗選酒店,9.8,"['相知·雅緻大床房（乳膠床墊+全屋智能+75寸液晶電視）:HK$188', '相識·輕奢大床房（乳膠床墊+全屋智能+75寸液晶電視）:HK$218', '相識·輕奢雙床房（零壓床墊+全屋智能+75寸液晶電視）:HK$218', '相依·豪華大床房（乳膠床墊+全屋智能+75寸液晶電視）:HK$240']"
濮陽京開大道銀座亞朵酒店,9.7,"['雅緻大床房:HK$380', '高級大床房:HK$410', '高級雙床房:HK$410', '行政大床房:HK$440', '行政雙床房:HK$440']"
濮陽高鐵東站美侖酒店,9.7,"['高級大床房:HK$462', '高級雙床房:HK$462', '商務大床房:HK$482', '商務雙床房:HK$482', '豪華大床房:HK$512']"
龍居·香榭里舍酒店（濮陽東高鐵站店）,9.4,"['麗致大床房:HK$142', '麗致雙床房:HK$142', '雅緻大床房:HK$154', '雅緻雙床房:HK$154']"
全季酒店（濮陽東站新東路店）,9.7,"['雙床房:HK$415', '高級大床房:HK$435', '商務大床房:HK$463', '套房:HK$520']"
城市甄選酒店（濮陽東高鐵站店）,9.4,"['特惠大床房（舒適明亮+極簡英倫風+深度睡眠）:HK$162', '零壓雙床房（舒適明亮+極簡英倫風+深度睡眠）:HK$175', '豪華大床房（舒適明亮+極簡英倫風+深度睡眠）:HK$175', '豪華雙床房（舒適明亮+極簡英倫風+深度睡眠）:HK$195']"
濮陽中原油田賓館,9.6,"['園林•庭院暢享大床房:HK$392', '園林•庭院悦享大床房:HK$452', '園林•庭院暢享雙床房:HK$618', '園林•庭院暢享套房:HK$1,020', '園林•庭院悦享套房:HK$1,020']"
柏維會議中心酒店（濮陽市銀座商城店）,9.6,"['輕享大床房（零壓床墊）:HK$161', '輕享雙床房（零壓床墊）:HK$161', '零壓大床房（靜謐空間）:HK$182', '零壓雙床房（凈謐空間）:HK$182', '商務三人間:HK$217']"
濮陽富利酒店（長慶中路萬嘉360廣場店）,9.3,"['高空夜景雙床房（全景落地窗+零壓床墊+空間靜謐）:HK$182', '高空夜景大床房（全景落地窗+零壓床墊+空間靜謐）:HK$192', '豪華影院大床房（高空夜景+零壓床墊+百寸巨幕）:HK$192', '豪華温馨親子房（全景落地窗+零壓床墊+空間靜謐）:HK$200', '零壓按摩大床房（全景落地窗+零壓床墊+高檔按摩椅）:HK$210']"
濮陽迎賓館,9.4,"['優享大床房:HK$216', '優享雙床房:HK$216', '商務雙床房:HK$360', '商務大床房:HK$360', '豪華雙床房:HK$435']"
你好酒店（濮陽萬達廣場開州中路店）,9.7,"['舒壓-高級大床房:HK$205', '舒壓-高級雙床房:HK$215', '商務雙床房:HK$233', '商務大床房:HK$252']"
漢庭酒店（濮陽體育場歷山路店）,9.6,"['舒壓-大床房（智能客控）:HK$221', '舒壓-雙床房（智能客控）:HK$230', '舒壓-高級大床房（智能客控）:HK$240', '豪華套房（智能客控）:HK$341']"
濮陽雲頌電競酒店,9.6,"['雲際-零壓城景電競單人間（全場外設自選+萬兆光纖+全屋智能+公區自助洗衣機）:HK$372', '雲際-零壓城景電競雙人間（4060ti顯卡+2k240高刷顯示器+Gpw2鼠標+全場外設自選+萬兆光纖+全屋智能+公區自助洗衣機）:HK$454', '雲際-零壓城景電競大床房（4060ti顯卡+2k240高刷顯示器+Gpw2鼠標+全場外設自選+萬兆光纖+全屋智能+公區自助洗衣機）:HK$454', '雲端-卓威城景電競雙人間（4070顯卡+7800X3D+卓威400高刷顯示器++Gpw2鼠標+全場外設自選+公區自助洗衣機）:HK$577']"
柏維聯華酒店（濮陽汽車站店）,9.7,"['輕享大床房（親水棉枕）:HK$157', '輕享雙床房（親水棉枕）:HK$161', '零壓大床房（瞰景高層）:HK$163', '景觀大床房（大空間零壓床墊）:HK$184']"
維拉尼卡酒店（濮陽水秀國際大劇院店）,9.5,"['尼卡特惠房:HK$188', '雅緻大床房:HK$205', '雅緻標準間A:HK$205', '精品標準間:HK$218']"
錦江之星酒店（濮陽體育場汽車站店）,9.6,"['標準零壓大床房（無線投屏+全屋智能）:HK$136', '高級零壓大床房（無線投屏+全屋智能）:HK$187', '高級零壓雙床房（無線投屏+全屋智能）:HK$187', '豪華零壓大床房（無線投屏+全屋智能）:HK$204']"
仟那酒店（濮陽市戚城公園店）,9.5,"['仕居大床房（乳膠床墊）:HK$196', '竹溪大床房（乳膠床墊）:HK$218', '竹溪雙床房（乳膠床墊）:HK$218', '隱士雙床房（乳膠床墊）:HK$271']"
濮景酒店（濮陽體育中心正大中心店）,9.7,"['特惠大床房（夢百合零壓床墊+智能馬桶+智能窗簾）:HK$149', '舒適大床房（夢百合零壓床墊+智能馬桶+智能窗簾）:HK$177', '輕奢城景大床房（夢百合零壓床墊+智能馬桶+智能窗簾）:HK$215', '雅緻城景大床房（夢百合零壓床墊+智能馬桶+智能窗簾）:HK$215']"
濮陽濮上園度假酒店（濮陽高速路口店）,9.1,"['嬉園・連排湖景雙床房（園林）:HK$293', '獨棟大床房:HK$333', '靜園・獨棟竹林隱士房（園林+竹林）:HK$391', '嬉園・獨棟湖景大床房（園林）:HK$413', '靜園·聯排娛樂雙大床房（園林+竹林+一室一廳）:HK$555']"
濮陽賓館,8.4,"['大床房:HK$235', '標準間:HK$240', '套房:HK$657']"
怡來酒店（濮陽萬達廣場中原中路店）,9.0,"['親子一大一小雙床房:HK$172', '全季大床房[高空觀景]:HK$173', '輕奢巨幕觀影大床房[影視資源+手機投屏]:HK$174', '舒適潔靜大床房[優級睡眠貢緞床品]:HK$183']"
如家艾扉酒店（濮陽黃河中路店）,9.5,"['大床房（酒店公區提供洗衣房）:HK$130', '雙床房A（中央空調涼風已開）:HK$138', '商務大床房（辦公座椅+輕奢睡眠）:HK$154', '雙床房（中央空調+辦公座椅+安睡體驗）:HK$154']"
漢庭酒店（濮陽黃河路店）,9.5,"['舒壓大床房:HK$168', '雙床房:HK$187', '高級大床房:HK$196', '套房:HK$271']"
濮陽新村假日賓館,9.5,"['豪華標準間:HK$148', '豪華大床房:HK$157', '豪華套房:HK$361']"
春雨酒店（濮陽東高鐵站店）,9.1,"['精品雙床房:HK$115', '精品大床房:HK$119', '商務雙床房:HK$126', '商務大床房:HK$129']"
濮陽京龍快捷酒店（市人民醫院店）,8.9,"['悦享大床房:HK$96', '悦享雙床房:HK$96', '品悦雙床房:HK$108', '品悦大床房:HK$108']"
柏維輕居酒店（京開大道建設中路店）,9.6,"['輕致丨大床房（一次性馬桶墊）:HK$111', '輕雅|大床房（電視可投屏+一次性馬桶墊）:HK$123', '輕奢|雙床間-（地暖+電視可投屏+公區提供自助洗衣機+一次性馬桶墊）:HK$134', '輕奢|大床房-（地暖+全天朝陽+電視可投屏+公區提供自助洗衣機+一次性馬桶墊）:HK$134']"
漢庭酒店（濮陽市中心廣場店）,9.7,"['大床房:HK$160', '雙床房:HK$170', '高級大床房:HK$179', '套房:HK$227']"
格林豪泰（濮陽瑞豐園店）,9.8,"['雙床房:HK$182', '大床房:HK$182', '高級雙床房:HK$182', '高級大床房:HK$182']"
甲元商務酒店（濮陽大慶路第三高級中學店）,8.7,"['商務雅韻雙床房:HK$142', '商務雅緻大床房:HK$147', '尊享奢華大套房:HK$216']"
雲朵民宿（濮陽高鐵東站店）,9.2,"['紗幔丨觀影大床房:HK$129', '執夢丨雲朵大床房:HK$140', '雲朵丨巨幕影音房:HK$145', '閑趣丨觀影家庭房:HK$158']"
貝殼酒店（濮陽中心廣場人民路店）,9.7,"['特惠大床房:HK$101', '舒眠零壓雙床房:HK$140', '豪華智能影音房:HK$146', '行政套房:HK$168']"
派酒店（濮陽大慶路店）,9.5,"['商務大床房:HK$137', '精選大床房:HK$148', '精選雙床房:HK$158']"
橘子清悦酒店（恆豐中央廣場店）,8.6,"['大床房:HK$124', '高級投影大床房（高支貢緞床品）:HK$136', '雲閣高空大床房2（極光TV會員+高樓層丨私享夜景陽台）:HK$149', '雲閣高空大床房1（極光TV會員+高樓層丨私享夜景陽台）:HK$149']"
濮陽憶江南·華爾尼酒店,8.5,"['雅緻大床房:HK$114', '豪華套房:HK$164']"
濮陽三合賓館,8.7,"['舒適單間:HK$129', '舒適標間:HK$129', '大床房:HK$138', '温馨標間:HK$138']"
蘋果酒店（華龍區政府五一路店）,9.5,"['零壓大床房:HK$104', '商務大床房:HK$104', '零壓雙床房:HK$104']"
驫馬民宿,9.7,"['精緻陽光浴缸榻榻米大床房:HK$116', '舒適智能雙床房全自動洗衣機可做飯:HK$129']"
濮陽遇見民宿,7.2,"['青春永駐:HK$167', '今晚有約:HK$167', '遇見邂逅時光:HK$167', '遇見美好時光:HK$176']"
柒月客棧,9.6,"['迷你房:HK$86', '特價大床房:HK$96', '舒適大床房:HK$97', '標準雙床房:HK$99']"
濮陽宜興公寓,9.4,"['標準間:HK$72', '大床房:HK$79']"
濮陽金凱悦酒店,7.8,"['優享特色大床房【酒店公區自助洗衣房】:HK$108', '品享輕奢雙床房【酒店公區自助洗衣房】:HK$130', '品享輕奢大床房【酒店公區自助洗衣房】:HK$130', '尊享豪華雙床房【酒店公區自助洗衣房】:HK$152']"
濮陽北方快捷公寓,10.0,"['標準間:HK$64', '情侶大床房B:HK$64', '情侶大床房:HK$69']"
濮陽登峯商務賓館,8.2,"['普通大床房:HK$107', '商務標間:HK$117', '經典三人間:HK$136']"
和諧優選酒店（濮陽長途汽車站店）,7.6,"['特價大床房:HK$95', '商務標準間:HK$114', '精品大床房:HK$115']"
濮陽尚霖商務酒店,8.4,"['商務迷你房:HK$69', '商務大床房:HK$90', '商務標間:HK$103', '雅緻尊貴大床房:HK$103']"
OYO濮陽仁祥賓館,8.3,"['標準大床房:HK$76', '商務大床房:HK$80', '舒適雙床房:HK$80', '商務標準間:HK$83']"
濮陽阿爾卡迪亞酒店,9.5,"['阿卡專享雙人房:HK$294', '龍山園林大床房:HK$346', '龍山園林雙床房:HK$346', '龍湖觀景大床房:HK$414', '龍山臻選大床房-超大空間:HK$463', '龍山觀景家庭房:HK$481']"
全季酒店（新東路店）,9.7,"['雙床房:HK$416', '高級大床房:HK$435', '商務大床房:HK$463', '套房:HK$520']"
