酒店名称,评分,房型价格列表
烏蘭察布映山飯店（集寧南火車站店）,9.1,"['蒙式特色雙床房:HK$189', '悦享舒適大床房:HK$285', '悦享舒適雙人間:HK$285', '行政商務標準間:HK$425']"
塞北驛站（烏蘭哈達火山塔拉店）,9.0,"['豪華雙床蒙古包（空調+乾濕分離+無線網）:HK$316', '豪華大床蒙古包（空調+乾濕分離+無線網）:HK$316', '觀景雙床蒙古包（空調+乾濕分離+無線網）:HK$349', '觀景大床蒙古包（空調+乾濕分離+無線網）:HK$349']"
察右後旗達拉塔火山度假民宿,9.2,"['火山草原丨傳統蒙古包雙床房（公共衞生間）:HK$197', '火山草原丨傳統蒙古包三人間（公共衞生間）:HK$303', '蒙元暖榻丨大空間炕房（公共衞生間）:HK$323', '火山草原丨金頂豪包雙床房:HK$380']"
烏蘭察布日光草原大河灣度假酒店,8.6,"['高級雙床房:HK$593', '高級大床房:HK$593', '景觀大床房:HK$655', '景觀雙床房:HK$655']"
鈺倫酒店（烏蘭察布之夜高鐵站店）,9.7,"['精選雙床房（小度語音+智能客控）:HK$458', '精選大床房（小度語音+智能客控）:HK$468', '臻選影視大床房（小度語音+智能客控）:HK$534', '麗致親子房（小度語音+智能客控）:HK$587']"
北國春火山商旅酒店,9.0,"['瑞享.舒適大床房:HK$137', '雅享.舒適雙床房:HK$146', '臻享.温馨三人間:HK$173', '尊享.豪華家庭套房:HK$228']"
烏蘭察布高鐵站亞朵酒店,9.6,"['高級大床房:HK$480', '高級雙床房:HK$500', '幾木大床房:HK$540', '幾木雙床房:HK$560', '幾木套房:HK$1,192']"
察右中旗察哈爾部落,9.0,"['傳統豪華王爺大床包:HK$610', '傳統豪華王爺炕包:HK$712', '察哈爾觀景親子包:HK$712', '察哈爾星空大床包:HK$925']"
漢庭酒店（烏蘭察布集寧懷遠南路店）,9.6,"['高級大床房:HK$280', '雙床房:HK$280', '商務大床房:HK$307', '商務雙床房:HK$357']"
白泉山莊（烏蘭察布市政府萬達店）,9.1,"['豪華大床房:HK$507', '豪華雙床房:HK$507', '行政套房:HK$597', '親子套房:HK$798', '家庭套房:HK$897']"
塞北民宿·草原蒙古情,8.7,"['草原傳統家庭包:HK$467', '草原豪華大床包:HK$511', '草原豪華雙床包:HK$511', '草原豪華親子包:HK$533']"
雲上草原·乾元驛酒店,9.2,"['寵愛有家房（地暖供熱）:HK$592', '雲上雙床房（防過敏地板+零壓枕+乳膠床墊+地暖供熱）:HK$609', '雲上家庭房（防過敏地板+零壓枕+乳膠床墊+地暖供熱）:HK$664', '雲上榻榻米家庭房（防過敏地板+零壓枕+乳膠床墊+地暖供熱）:HK$762', '雲上娛樂家庭房（防過敏地板+零壓枕+乳膠床墊+小童娛樂區+地暖供熱）:HK$872']"
如家商旅酒店（烏蘭察布興和縣政府店）,9.7,"['商務大床房A:HK$300', '高級大床房:HK$316', '高級雙床房:HK$324', '安心睡0大床房:HK$358']"
你好酒店（烏蘭察布維多利廣場店）,9.3,"['大床房:HK$532', '高級大床房:HK$551', '雙床房:HK$551', '家庭房:HK$607']"
如家酒店·neo（烏蘭察布興和縣景觀大道農行興和支行店）,9.5,"['商務大床房A:HK$232', '商務大床房:HK$257', '雙床房:HK$257', '安心睡大床房:HK$282']"
牧野星辰民宿（烏蘭哈達火山店）,8.8,"['特惠大床房（特色蒙古包＋空調＋庭院觀景）:HK$378', '覓知|庭院觀景（蒙古包大床）:HK$408', '新式蒙古包（標間＋空調＋獨立衞浴）:HK$463', '庭院觀景（標間＋空調＋獨立衞浴）:HK$517']"
察右後旗察哈台民宿,9.3,"['豪華大床蒙古包:HK$591', '豪華雙床蒙古包:HK$591', '藍庭雅居·家庭房:HK$715', '紅軒悦居·家庭房:HK$727']"
烏蘭察布多蒙德豪生大酒店（烏蘭察布之夜高鐵站店）,9.4,"['高級雙床房:HK$632', '高級大床房:HK$632', '高級零壓雙床房:HK$670', '家庭房:HK$738', '豪華大床房:HK$761', '豪華雙床房:HK$761']"
梓湘苑民宿（察哈爾廣場店）,10.0,"['特大床尊享舒適智能房（全屋智能客控＋空調）:HK$400', '全屋智能超大雙床房（全屋智能客控＋空調+智能馬桶）:HK$410', 'Loft複式智能家庭房（全屋智能客控＋空調+智能馬桶）:HK$432', '豪華智能家庭套房（全屋智控+空調+智能馬桶）:HK$474']"
察右後旗蒙根塔拉民宿,10.0,"['蒙古包5號:HK$351', '蒙古包3號:HK$351']"
輝騰錫勒草原民宿之星度假村,9.2,"['蘇和家草原木屋大床房-空調:HK$500', '巴圖家豪華遊牧包-乳膠床墊+空調:HK$533', '吉雅家豪華花景雙床包-空調:HK$577', '託婭家豪華花景星空大床包-空調:HK$609']"
吉緣君來酒店（集寧一中萬達店）,9.5,"['高級大床房全屋智能:HK$451', '高級雙床房【全屋智能丨智能馬桶丨乾濕分離】:HK$451', '樂享家庭房【全屋智能丨小童帳篷丨乾濕分離】:HK$572', '豪華智能行政套房 （全屋智能+乾濕分離+智能馬桶）:HK$713']"
塞北驛站（輝騰錫勒草原明珠店）,7.8,"['窩闊台部豪華雙床包:HK$509', '察合台部豪華大床包:HK$593', '窩闊台部觀景雙床包:HK$678', '察合台部豪華親子包:HK$717']"
你好酒店（烏蘭察布集寧萬達廣場店）,9.6,"['高級大床房:HK$274', '商務大床房:HK$292', '高級雙床房:HK$387', '家庭房:HK$434']"
輝騰錫勒草原蒙樂民宿,9.1,"['傳統王爺蒙古包:HK$254', '温馨親子家庭蒙古包:HK$334', '豪華家庭蒙古包:HK$381']"
烏蘭察布金浩酒店,8.4,"['豪華大床房:HK$349', '豪華雙床房:HK$349', '商務大床房:HK$372', '商務雙床房:HK$373', '行政大床房:HK$525']"
烏蘭察布賓館,8.5,"['豪華標準間:HK$374', '豪華大床房:HK$374', '標準間A:HK$388', '家庭套房:HK$527']"
藝龍瑞雲酒店（烏蘭察布之夜高鐵站店）,9.6,"['雅享大床•零壓智能房:HK$429', '雅享雙床房·零壓智能房:HK$477', '瑞享大床房·零壓智能房:HK$501', '瑞享雙床•零壓智能房:HK$537']"
普爾森國際酒店（高鐵站萬達店）,9.6,"['特價大床房:HK$654', '特價雙床房:HK$654', '智能甄選大床房『智能小度+智能馬桶+電視投屏』:HK$708', '智能甄選雙床房『智能小度+智能馬桶+電視投屏』:HK$708', '智能甄選夢百合0壓大床房（0壓枕頭+0壓床墊）:HK$752']"
良棲山院（烏蘭哈達火山地質公園店）,9.7,"['悦景•甄選大圓床蒙古包:HK$496', '山語•精選雙床蒙古包:HK$573', '山居•全景雙床房:HK$573', '聽風•復古雙床蒙古包:HK$726']"
塞北驛站（烏蘭哈達火山娜仁店）,9.3,"['火山風情雙床房（空調+獨立衞浴+無線網）:HK$314', '火山風情大床房（空調+獨立衞浴+無線網）:HK$314', '火山風情家庭房（空調+獨立衞浴+無線網）:HK$435', '家庭雙床星空包（空調+獨立衞浴+無線網）:HK$522']"
尚客優酒店（烏蘭察布商都政府店）,9.6,"['智能尊享大床房:HK$274', '智能尊享雙床房:HK$301', '優悦智能大床房:HK$320', '優悦智能雙床房:HK$338']"
富士酒店（烏蘭察布市維多利廣場店）,9.4,"['特惠雙床房（三區乾濕分離）:HK$443', '豪華雙床房（三區乾濕分離）:HK$474', '豪華大床房（三區乾濕分離）:HK$496', '輕奢大床套房（三區乾濕分離）:HK$518']"
輝騰錫勒牧馬人蒙元文化度假酒店,8.8,"['天驕觀景豪華大床包:HK$517', '傳統王爺星空大床包（智能馬桶）:HK$731', '傳統王爺星空觀景雙床包（智能馬桶）:HK$731', '戰車豪華星空雙床包:HK$759']"
藍城·榕舍古韻智能酒店（烏蘭察布集寧南站店）,9.5,"['智享行政大床房:HK$585', '智雅商務雙床房（深睡減壓床墊+75寸高清電視）:HK$585', '智能行政雙床房（手機/語音雙智控+乾濕分離）:HK$641', '古街觀景大床房（清晨寧靜+古街韻味）:HK$701']"
烏蘭察布泰昌智能酒店（烏蘭察布高鐵站萬達店）,9.2,"['標準智能雙床房:HK$494', '高級智能雙床房:HK$543', '高級智能大床房:HK$568', '高級智能夢百合0壓雙床房（0壓 枕+0壓床墊）:HK$580', '高級智能夢百0壓大床房（0壓枕+0壓床墊）:HK$606']"
伴山渡火山民宿（烏蘭察布火山草原店）,9.2,"['蒙古包懷舊鄉愁大炕:HK$457', '特色蒙古包大床:HK$522', '特色蒙古包家庭房:HK$588', '簡約精緻大床房:HK$653']"
如家酒店·neo（烏蘭察布集寧師範學院萬達廣場店）,9.3,"['大床房:HK$394', '雙床房:HK$394', '商務大床房:HK$404', '家庭房:HK$430']"
商都巨弘大酒店,9.1,"['豪華雙床房:HK$314', '豪華大床房:HK$325']"
金泰酒店,8.9,"['商務雙床房:HK$173', '商務大床房:HK$173', '舒適大床房:HK$225', '舒適標準房:HK$225']"
新勝民宿,8.8,['休閑蒙古包:HK$221']
雲棲野宿（烏蘭哈達火山地質公園店）,8.9,"['私享星辰·尊享大床房+舒適好眠:HK$293', '山禾寄月·悠享親子房+舒適好眠:HK$341', '清風小築·臻享雙床房+舒適好眠:HK$389', '四季·豪華蒙古包+舒適好眠（冷熱空調）:HK$395']"
漢庭酒店（烏蘭察布市政府店）,9.4,"['高級大床房:HK$336', '高級雙床房:HK$345', '商務大床房:HK$345', '家庭房:HK$364']"
辰龍居時尚酒店（師範學院幸福廣場店）,9.3,"['浪漫大床房（智能小度+自動恆温+零壓床墊+智能馬桶）:HK$297', '豪華大床房（智能小度+自動恆温+零壓床墊+智能馬桶）:HK$297', '智選雙床房（智能小度+自動恆温+零壓床墊+智能馬桶）:HK$304', '豪華雙床房（智能小度+自動恆温+零壓床墊+智能馬桶）:HK$333']"
格林豪泰智選酒店（烏蘭察布之夜高鐵站萬達廣場店）,9.6,"['特色大床影院房（零壓床）:HK$418', '高級雙床房（零壓床）:HK$439', '高級大床房（零壓床）:HK$460', '豪華雙床房（零壓床）:HK$460']"
沐雁民宿（烏蘭哈達火山地質公園店）,9.6,"['蒙古包豪華大床房:HK$604', '沐雁三五號院大標間地暖:HK$688', '沐雁五號院506:HK$796', '沐雁三號院306:HK$796']"
伴雲山舍民宿（烏蘭哈達火山店）,9.3,"['尊享大床房【地暖房】:HK$363', '暢享雙床房【地暖房】:HK$376', '可汗府豪華精品包【地暖房】:HK$545', '王爺府大炕豪華包【地暖房】:HK$621']"
赫晟大酒店,9.9,"['特價大床房:HK$171', '特價雙床房:HK$171', '豪華雙床房:HK$233', '豪華大床房:HK$233']"
大屋小棧民宿,9.8,['小棧-親民特價大床房:HK$174']
雲裳民宿（市政府店）,9.5,['舒適空調大床房:HK$213']
安達度假中心,9.7,"['園景大床蒙古包:HK$489', '星空頂園景雙床蒙古包:HK$552', '草原景親子蒙古包:HK$655', '星空頂園景熱大炕王爺蒙古包:HK$681']"
察哈台.旅行閑度美宿（烏蘭哈達火山地質公園店）,9.3,"['豪華大床蒙古包:HK$591', '豪華雙床蒙古包:HK$591', '藍庭雅居·家庭房:HK$715', '紅軒悦居·家庭房:HK$727']"
烏蘭察布涼城馬刨温泉酒店,8.8,"['雅緻雙床房:HK$529', '温泉尊享大床房:HK$652', '窯洞大床房:HK$695', '温泉LOFT親子房:HK$796', '海景親子房:HK$823']"
察哈爾右翼後旗玖號火山營地,9.8,"['風情木屋親子房:HK$648', '傳統蒙古包:HK$701', '特色蒙古包:HK$701', '豪華親子間:HK$719']"
百悦甄選酒店（萬達廣場師範學院店）,9.7,"['靜雅舒適雙床房【奧克斯直飲水機+加濕器】:HK$275', '清雅温馨大床房【奧克斯直飲水機+加濕器】:HK$275', '臻品豪華大床房【奧克斯直飲水機+加濕器】:HK$310', '臻巧浪漫大床房【奧克斯直飲水機+加濕器】:HK$310']"
火山友旺度假農莊（烏蘭哈達火山店）,9.3,"['哈達雲影·觀景雙人房（恆温水暖炕+高清投影）:HK$246', '草原物語·情侶大床房（高清投影）:HK$246', '敖包星語·星空濛古包大床房:HK$292', '敖包星語·星空濛古包雙人間:HK$292']"
烏蘭察布華新優品酒店（集寧南站店）,9.0,"['精品大床房:HK$216', '優品雙床房:HK$222', '優品大床房:HK$222', '優品套房:HK$298']"
馬頭琴民宿,9.0,['火山星夢閣:HK$381']
如家酒店·neo（烏蘭察布集寧一中店）,9.1,"['商務大床房:HK$341', '雙床房:HK$351', '家庭房:HK$399']"
怡山民宿（烏蘭哈達蘇木店）,9.4,"['晨熙·雅緻大床房+地暖＋冷暖空調+獨立小院:HK$464', '諾敏·温馨大床蒙古包冷暖空調:HK$473', '烏蘭·温馨家庭蒙古包冷暖空調:HK$483', '曜舒·親子温馨雙床房地暖+冷暖空調+獨立小院:HK$492']"
北國之鑫·星野Travel祕境美宿（察哈台旅遊度假中心店）,10.0,"['歸來·原木舒適雙床房（智能客控+乾濕分離＋休閑桌椅）:HK$316', '清樸·温馨簡約大床房（智能客控＋乾濕分離＋獨立小院）:HK$328', '棲悦・逸居温馨家庭房（智能客控+乾濕分離＋休閑桌椅）:HK$392', '棲夢・悦居原宿家庭房（智能客控+乾濕分離＋休閑桌椅）:HK$470']"
山宿沐陽星辰民宿,10.0,"['【星辰】星空泡泡屋大床房+手可摘星辰+獨立衞浴+空調:HK$329', '【沐陽】三角木屋+獨立衞浴+空調+投影:HK$550', '【星辰】星空泡泡屋親子房+手可摘星辰+獨立衞浴+空調:HK$579', '【沐陽】家庭房+獨立衞浴+空調+投影+落地窗:HK$608']"
