酒店名称,评分,房型价格列表
七台河山湖賓館（大潤發店）,9.5,"['雅緻大床房（無窗）:HK$185', '普通標準間:HK$185', '特價商務大床房:HK$213', '標準雙床房:HK$214']"
七台河崑崙大酒店,8.6,"['豪華雙床房:HK$204', '豪華大床房:HK$358', '商務套房:HK$543', '豪華商務套房:HK$1,274']"
漢庭酒店（七台河步行街店）,9.3,"['大床房:HK$187', '雙床房:HK$197', '高級大床房:HK$206', '商務大床房:HK$236']"
麗楓酒店（七台河客運站店）,9.1,"['高級大床房（無窗）:HK$263', '高級雙床房（無窗）:HK$297', '豪華大床房:HK$320', '雅緻雙床房:HK$341']"
七台河桃尚賓賓館,8.5,"['特價大床房（無窗）:HK$92', '標準雙人間:HK$110', '特惠大床房:HK$116', '舒適大床房:HK$116']"
七台河雲飛旅店,8.2,"['標準園景雙床房:HK$75', '舒適湖景大床房:HK$86', '舒適園景兩人房:HK$87', '豪華湖景大床房:HK$96']"
如家華驛精選酒店（七台河職業學院店）,9.6,"['精選大床房:HK$205', '精選雙床房:HK$209', '零壓-商務大床房:HK$220', '精選家庭房:HK$253', '商務套房:HK$392']"
七台河悦灣輕居賓館,9.3,"['北歐風標準間:HK$89', '北歐風大床房:HK$101', '零壓睡眠大床房:HK$110', '影院大床房:HK$147']"
水沐年華酒店,8.9,"['特價大床房:HK$74', '標準間:HK$97', '套房:HK$106', '大床房:HK$107']"
七台河宏名快捷賓館,9.9,"['普通雙人間A（無浴）:HK$55', '普通雙人間B（有廁無浴）:HK$65', '普通大床房:HK$65', '普通大床房（公廁無浴）:HK$65']"
流星電競賓館（旭日店）,8.2,"['暢玩電競|電競暢玩雙人房+公共衞浴+3060ti:HK$104', '暢玩電競|電競豪華雙人房+3060ti:HK$173', '暢玩電競|電競三人開黑房+公共衞浴+3060ti:HK$181', '暢玩電競|電競舒適雙人房+3060ti:HK$195']"
七台河驛巢商務酒店,7.7,"['大床房（無窗）:HK$125', '商務大床房:HK$158', '商務雙床房:HK$185', '豪華娛樂房:HK$277']"
七台河家合快捷賓館,7.0,"['商務標準間（無窗）:HK$102', '商務大床房（無窗）:HK$112', '經濟大床房（無窗）:HK$112', '豪華大床房:HK$122']"
流星電競賓館（步行街店）,8.8,"['暢玩電競|雙人電競房:HK$65', '暢玩電競|三人電競房:HK$96', '暢玩電競|四人電競房:HK$109']"
七台河華悦賓館,6.0,"['標準間:HK$115', '大床房:HK$115', '豪華標準間:HK$123', '三人間:HK$127']"
勃利希悦·輕雅酒店,8.0,"['雅緻標準間:HK$183', '商務標準間:HK$325']"
雲見棲舍,9.6,"['特惠大床房:HK$183', '標準大床房:HK$205', '意式極簡風大床房:HK$216']"
勃利福鑫園賓館,8.3,"['大床房:HK$122', '標準間:HK$133', '豪華大床房:HK$174', '家庭房:HK$174']"
勃利閤家賓館,9.8,"['標準大床房:HK$96', '豪華大床房:HK$117', '標準間:HK$123', '棋牌大床房:HK$156']"
勃利金港賓館,7.4,"['普通大床房:HK$65', '豪華大床房:HK$86', '家庭房:HK$90', '標準間:HK$91']"
勃利喜龍賓館,9.8,"['普通雙人間（公共衞浴）:HK$35', '標準大床房:HK$68', '標準雙人間:HK$68', '三人間:HK$77']"
勃利怡荷連鎖賓館,8.7,"['普通大床房:HK$102', '豪華大床房:HK$117', '特惠標準間:HK$122', '雙人床標準間:HK$138']"
勃利金巷賓館,6.0,"['標準大床房:HK$61', '標準雙人間:HK$63', '三人間:HK$96']"
如家派柏·雲酒店（七台河大學市民中心店）,9.4,[]
