酒店名称,评分,房型价格列表
上海中山公園雲睿酒店,9.3,"['特惠大床房（無窗）:HK$249', '大床房:HK$278', '商務標準房:HK$323', '商務大床房:HK$323']"
和頤至尊酒店（上海人民廣場南京路步行街店）,9.4,"['大床房A（手機投屏+迷你吧）:HK$653', '大床房（手機投屏+迷你吧）:HK$677', '商務大床房（手機投屏+迷你吧）:HK$724', '零壓大床房（手機投屏+迷你吧）:HK$743', '景觀大床房（手機投屏+迷你吧）:HK$743']"
偉樽酒店（上海虹橋火車站國家會展中心店）,9.2,"['特惠大床房:HK$191', '特惠雙床房（內窗）:HK$202', '偉樽大床房:HK$222', '高級雙床房:HK$234']"
札樂精品公寓（上海國際旅遊度假區康新公路地鐵站店）,9.6,"['超寬敞自在住·舒適大床房 （洗衣機+冰箱+廚房）:HK$369', '超寬敞享自在·雅緻雙床房 （大落地窗+冰箱+洗衣機+廚房）:HK$369', '一室一廳丨大床豪華套房（可做飯+可投屏+温馨客廳）:HK$407', '一室一廳丨雙大床精緻套房（百寸巨幕投屏觀影+可做飯）:HK$407']"
歸宿民宿（南京西路店）,9.1,"['望月｜IMAX高清投影:HK$638', '長夜｜乾乾淨淨｜精緻四人庭院:HK$823', '十年｜精緻四人居:HK$878', '月光｜IMAX高清投影｜精緻四人居:HK$878']"
上海裕景大飯店,9.2,"['高級房:HK$638', '豪華雙床房:HK$638', '豪華大床房:HK$704', '行政房:HK$818', '裕景房:HK$924']"
雲和夜泊酒店（上海野生動物園店）,9.8,"['雅緻大床房:HK$515', '雅緻雙床房:HK$558', '豪華親子房:HK$591', '小黃鴨主題房:HK$644', '夜泊大床房:HK$751']"
宜必思酒店（上海世博東明路地鐵站店）,9.5,"['特價雙床房:HK$277', '大床房:HK$296', '雙床房:HK$296', '高級大床房:HK$324']"
柏曼酒店（上海虹橋國際機場七寶古鎮店）,10.0,"['智能標準大床房（智能客控+電視投屏）:HK$294', '智能高級雙床房（智能客控+電視投屏）:HK$294', '智能高級大床房:HK$310', '智能豪華雙床房（智能客控+電視投屏）:HK$333']"
宜必思酒店（上海虹橋火車站店）,9.4,"['雙床房:HK$205', '家庭房:HK$205', '大床房:HK$214', '高級雙床房:HK$223']"
陸家嘴｜釋家·設計師城市全景民宿（上海陸家嘴店）,9.3,"['白茶 | IMAX投影:HK$662', '夕陽丨IMAX投影:HK$662', '初秋 | IMAX投影:HK$734', '晚秋 | 四人居 | Imax投影:HK$734']"
麗怡酒店（上海火車站店）,9.5,"['豪華大床房:HK$427', '豪華雙床房:HK$444', '商務大床間:HK$471', '商務雙床房:HK$488', '臻禮大床房:HK$523']"
景萊酒店·臻選（上海同濟醫院新村路地鐵站店）,9.0,"['臻選靜謐大床房:HK$347', '臻選雅緻大床房:HK$354', '臻選高級大床房:HK$381', '臻選高級雙床房:HK$409']"
上海臨港美爵酒店,9.8,"['高級大床房:HK$717', '高級雙床房:HK$866', '豪華大床房:HK$934', '豪華雙床房:HK$934', '嘉賓房大床:HK$1,030', '豪華套房:HK$1,223']"
初心莫舍酒店（上海國際旅遊度假區店）,9.6,"['念如初投影大床【AMX當貝百寸投影●會員點播權益】:HK$326', '初相識loft大床【亞朵款床墊●落地大窗户●會員點播】:HK$348', '誰與共●投影懸浮床:HK$369', '比翼飛●投影大床 ▶【AMX百寸投影●亞朵款床墊●落地窗】:HK$369']"
上海海神諾富特大酒店,9.2,"['三件套江景大床房:HK$518', '江景高級家庭房:HK$520', '江景標準房-大床:HK$524', '標準房-雙床:HK$529', '江景高級房-大床:HK$612']"
上海初心莫舍設計師民宿,9.5,"['B棟-春雨大床房·四合院:HK$335', 'A棟-特惠大床房:HK$336', 'A棟-初心·舒享大床房:HK$360', 'A棟-沐光·投影大床房:HK$369']"
上海極樂湯川沙温泉酒店,9.2,"['輕享大床房:HK$390', '煥新高級雙床房:HK$413', '煥新高級大床房:HK$413', '煥新高級家庭房:HK$458', '豪華大床房:HK$466']"
桔子酒店（上海世博中心店）,9.6,"['月若流金大床房:HK$381', '月若流金雙床房:HK$491', '加州陽光大床房:HK$491', '月若流金大床景觀房:HK$545']"
白玉蘭酒店（上海浦東機場凌空路地鐵站店）,9.4,"['靜逸單人房:HK$369', '靜雅大床房:HK$398', '靜雅雙床房:HK$412', '舒雅大床房:HK$412']"
豪美優程酒店 HAO MEI YOU CHENG HOTEL（上海國際旅遊度假區店）,9.5,"['樂享投影大床【AMX當貝百寸投影●亞朵款床墊●Economy】:HK$262', '輕享投影標準間【AMX當貝百寸投影●亞朵款床墊●暗窗】:HK$283', '精品投影大床房【AMX當貝百寸投影●亞朵款床墊●大窗】:HK$305', '親子投影大床主題房【AMX當貝百寸投影●亞朵款床墊】:HK$328']"
素居酒店式公寓（周浦萬達店）,9.5,"['高級公寓房（冰箱+廚房+洗衣機+微波爐）:HK$293', '豪華景觀房（冰箱+廚房+洗衣機）:HK$293', '超大投影景觀房（冰箱+廚房+洗烘一體機+極米智能投影）:HK$315', '豪華雙床房（冰箱+廚房+洗衣機+微波爐）:HK$369']"
金澤蘭酒店（外高橋荷蘭風情小鎮店）,9.6,"['影音大床房:HK$276', '高級大床房:HK$306', '豪華湖景大床房:HK$348', '豪華湖景雙床房:HK$408']"
全季酒店（上海虹橋樞紐華新店）,9.6,"['大床房:HK$417', '高級大床房:HK$438', '雙床房:HK$460', '商務雙床房:HK$482']"
雲和夜泊酒店（上海浦東國際機場店）,9.7,"['惠享大床房:HK$434', '惠享雙床房:HK$434', '夜泊大床房:HK$456', '夜泊雙床房:HK$456', '雲和大床房:HK$478']"
上海外灘雅緻酒店,9.0,"['雅緻·悠美大床房:HK$975', '靜雅·庭院大床房:HK$1,037', '滬上摩登·外灘動人夜景大床房:HK$1,048', '雅緻·悠美雙床房:HK$1,058', '靜雅·悠享家庭房:HK$1,145', '180°城風高層夜景大床房:HK$1,218']"
喆啡酒店（上海虹橋機場虹橋火車站店）,9.4,"['醇享大床房:HK$262', '醇享雙床房:HK$262', '啡凡大床房:HK$313', '啡凡雙床房:HK$313']"
上海圓谷民宿,8.5,"['美式大床房:HK$182', 'A棟雅緻大床房:HK$213', 'A棟園景親子房:HK$235', 'A棟雅院精品大床房:HK$248']"
全季酒店（上海市北高新園區店）,9.6,"['大床房（電視投屏）:HK$472', '高級大床房（電視投屏）:HK$501', '商務大床房（電視投屏）:HK$576', '雙床房（電視投屏）:HK$615']"
維也納酒店（上海寶山淞濱路地鐵站店）,9.3,"['標準大床房:HK$254', '商務大床房:HK$281', '商務雙床房:HK$291']"
上海溢喜小院（上海浦東機場店）,9.4,"['標準雙床房:HK$339', '標準大床房:HK$353', '豪華雙床房:HK$389', '豪華大床房:HK$389']"
友裏酒店（上海人民廣場店）,9.5,"['精緻大床房:HK$534', '優選大床房:HK$590', '精緻雙床房:HK$733', '豪華大床房:HK$755']"
維也納國際酒店（上海浦東機場店）,9.4,"['純凈大床房:HK$435', '純凈雙床房:HK$457', '高級大床房:HK$483', '豪華套房:HK$540', '高級雙人房:HK$540']"
唯庭酒店（上海新華醫院江浦路地鐵站店）,8.1,"['靜謐大床房丨全屋智能:HK$374', '閑適大床房丨全屋智能:HK$391', '閑適雙床房丨全屋智能:HK$403', '輕奢大床房丨全屋智能:HK$436']"
麥新格國際酒店（周浦地鐵站店）,9.7,"['豪華大床房:HK$460', '豪華雙床房:HK$481', '豪華家庭房:HK$509', '親子房:HK$579']"
上海人民廣場南京東路步行街珍寶酒店,9.4,"['珍寶大床房 （智能客控+手機投屏）:HK$828', '珍寶舒適大床房（智能客控+手機投屏）:HK$904', '珍寶高級大床房（智能客控+手機投屏）:HK$979', '珍寶高級雙床房（智能客控+手機投屏）:HK$1,130', '珍寶豪華大床房（智能客控+手機投屏+迷你吧）:HK$1,205']"
上海靜安迪爾思酒店,9.1,"['商務大床房:HK$438', '商務雙床房:HK$438', '豪華雙床房:HK$491', '致享浴缸房:HK$543', '温馨樂享家庭房:HK$589']"
上海陸家嘴麗呈酒店,9.4,"['特惠大床房:HK$436', '零壓大床房:HK$459', '特惠雙床房:HK$459', '商務大床房:HK$492', '商務雙床房:HK$513']"
上海帝盛酒店,9.3,"['豪華城市景觀雙床房:HK$541', '豪華城市景觀大床房:HK$541', '豪華公園景觀大床房:HK$693', '豪華公園景觀雙床房:HK$693', '寵物友好複式套房:HK$1,292']"
上海萬信R酒店（陸家嘴金融街區店）,9.4,"['特惠大床房:HK$427', '商務高級大床房:HK$482', '特惠雙床房:HK$482', '行政高級大床房:HK$537', '商務高級雙床房:HK$537']"
麗呈美利居酒店（上海南京路步行街店）,9.2,"['特惠大床房（無窗）:HK$508', '特惠雙床房（無窗）:HK$605', '高級大床房:HK$726', '高級雙床房:HK$726']"
如家商旅酒店（上海陸家嘴軟件園區藍村路地鐵站店）,9.2,"['大床房（深睡記憶枕）:HK$334', '高級大床房（徠芬高速吹風機＋深睡記憶枕）:HK$360', '雙床房（深睡記憶枕）:HK$378', '高級雙床房（徠芬高速吹風機＋深睡記憶枕）:HK$422']"
格美酒店（上海外灘南京東路步行街店）,8.4,"['特色大床房:HK$526', '格美高級大床房（獨立洗衣機）:HK$561', '特色雙床房:HK$607', '豪華大床房（獨立洗衣機）:HK$768']"
桔子酒店（上海國際旅遊度假區崇溪路店）,9.7,"['高級大床房:HK$553', '高級雙床房:HK$592', '觀景大床房:HK$592', '商務雙床房:HK$632', '商務大床房:HK$632']"
全季酒店（上海武寧路地鐵站店）,9.5,"['大床房:HK$376', '高級大床房（智能投屏）:HK$411', '雙床房（智能投屏）:HK$477', '商務大床房（智能投屏）:HK$517']"
宜必思酒店（上海新國際博覽中心芳甸路地鐵站店）,9.4,"['高級大床房（電視投屏）:HK$351', '商務大床房（55寸電視投屏+掛燙機+小冰箱）:HK$379', '高級雙床房（電視投屏）:HK$471']"
上海浦江博樂詩酒店公寓（聯航路地鐵站店）,9.4,"['高級大床房:HK$241', '豪華大床房:HK$250', '豪華雙床房:HK$250']"
品客服務公寓（上海北外灘店）,8.4,"['品客大床房:HK$376', '品客雙床房:HK$390', '品客家庭房:HK$481', '品客甄選家庭房:HK$565']"
上引國際酒店（金山工業園區大道店）,9.3,['商務大床房:HK$388']
上海錦江都城南京飯店,9.5,"['精緻商務房:HK$851', '風雅商務房:HK$916', '風雅雙床房:HK$916', '香氛甄選大床房:HK$982', '都會商務房:HK$1,026']"
