酒店名称,评分,房型价格列表
金侖酒店（上海虹橋火車站國家會展中心店）,9.2,"['標準雙床房:HK$273', '標準大床房:HK$287', '高級雙床房:HK$313', '高級大床房:HK$326']"
桂客酒店（上海真如環宇城中寧路地鐵站店）,9.1,"['桂選大床房（智能馬桶+零壓記憶枕+自動烘洗機）:HK$314', '桂享大床房（智能馬桶+零壓記憶枕+自動烘洗機）:HK$356', '桂享雙床房（智能馬桶+零壓記憶枕+自動烘洗機+大屏幕投影儀）:HK$378', '桂臻大床房（智能馬桶+零壓記憶枕+自動烘洗機+大幕投影儀）:HK$378']"
素居酒店式公寓（周浦萬達店）,9.5,"['高級公寓房（冰箱+廚房+洗衣機+微波爐）:HK$293', '豪華景觀房（冰箱+廚房+洗衣機）:HK$293', '超大投影景觀房（冰箱+廚房+洗烘一體機+極米智能投影）:HK$315', '豪華雙床房（冰箱+廚房+洗衣機+微波爐）:HK$370']"
上海東方酒樓（浦東國際機場店）,8.7,"['特惠雙床房:HK$179', '夜景大床房:HK$214', '夜景雙床房:HK$226', '海景雙床房:HK$260']"
上海浦東國際機場迪航酒店,9.0,"['惠選雙床房:HK$174', '起落平安雙床房:HK$181', '起落平安大床房:HK$204', '商務精選雙床房:HK$263']"
和頤至尊酒店（上海人民廣場南京路步行街店）,9.4,"['大床房A（手機投屏+迷你吧）:HK$566', '大床房（手機投屏+迷你吧）:HK$603', '商務大床房（手機投屏+迷你吧）:HK$650', '零壓大床房（手機投屏+迷你吧）:HK$668', '景觀大床房（手機投屏+迷你吧）:HK$668']"
上海野生動物園荷逸唐酒店（惠南地鐵站店）,9.7,"['荷逸大床房:HK$467', '荷逸雙床房:HK$467', '荷月大床房:HK$535', '荷月雙床房:HK$535', '家庭大床房:HK$568']"
和頤至尊酒店（上海五角場地鐵站店）,9.5,"['大床房A（舒適床品+智能投屏）:HK$367', '雙床房（舒適床品+智能投屏）:HK$377', '大床房（舒適床品+智能投屏）:HK$414', '高級大床房（舒適床品+智能投屏）:HK$452']"
科冠睿軒酒店（上海虹橋機場中春路地鐵站店）,8.8,"['雅緻大床房:HK$316', '雅緻雙床房:HK$324', '智能大床房:HK$338', '高級大床房:HK$349', '高級雙床房:HK$368']"
上海裕景大飯店,9.2,"['高級房:HK$510', '豪華雙床房:HK$510', '豪華大床房:HK$584', '行政房:HK$735', '裕景房:HK$822']"
白玉蘭酒店（上海浦東機場凌空路地鐵站店）,9.4,"['靜逸單人房:HK$370', '靜雅大床房:HK$399', '靜雅雙床房:HK$413', '舒雅大床房:HK$413']"
麥新格國際酒店（周浦地鐵站店）,9.7,"['豪華大床房:HK$440', '豪華雙床房:HK$461', '豪華家庭房:HK$482', '親子房:HK$552']"
錦江之星風尚（上海浦東機場鎮店）,9.0,"['雙人房A:HK$226', '商務房B:HK$240', '標準房B:HK$250', '商務房A:HK$262']"
悦 四季楓林酒店（上海金滙龍湖天街店）,8.9,"['特價大床房:HK$177', '特價雙床房:HK$183', '都市大床房:HK$196', '商務家庭房:HK$203']"
和頤至尚酒店（上海陸家嘴商城路地鐵站店）,9.4,"['大床房A:HK$294', '商務大床房A:HK$322', '雙床房:HK$322', '商務大床房:HK$368']"
上海盎格酒店（新國際博覽中心龍陽路地鐵站店）,9.3,"['高級雙床房:HK$360', '高級大床房:HK$360', '豪華雙床房:HK$426', '豪華大床房:HK$426']"
上海雲江居酒店（周浦萬達廣場小上海步行街店）,9.2,"['特價大床房:HK$200', '商務大床房:HK$227', '豪華大床房:HK$267', '商務雙床房:HK$274']"
偉樽酒店（上海虹橋火車站國家會展中心店）,9.2,"['玲瓏房:HK$191', '雙床房（內窗）:HK$202', '偉樽大床房:HK$223', '偉樽雙床房:HK$234']"
格美酒店（大寧國際商業區江楊南路店）,9.4,"['高級大床房（落地窗冰箱）:HK$310', '高級雙床房（落地窗冰箱）:HK$367', '高級複式房（落地窗洗衣機冰箱）:HK$375', '豪華雙床房（陽台落地窗冰箱）:HK$392']"
宿適商旅酒店（上海火車站江寧路地鐵站店）,9.1,"['商旅高級雙床房:HK$252', '商旅高級大床房:HK$265', '豪華商旅套房:HK$291']"
宜必思酒店（上海世博東明路地鐵站店）,9.5,"['特價雙床房:HK$275', '大床房:HK$293', '雙床房:HK$293', '高級大床房:HK$321']"
全季酒店（上海隆昌路地鐵站店）,9.7,"['大床房（電視投屏+小冰箱）:HK$370', '高級大床房（電視投屏+小冰箱）:HK$379', '高級雙床房（電視投屏+小冰箱）:HK$389', '商務大床房（電視投屏+小冰箱）:HK$398']"
如家精選酒店（上海張江集電港高科中路店）,9.7,"['大床房:HK$349', '高級大床房:HK$375', '雙床房A:HK$377', '雙床房:HK$392']"
上海浦東南萬楓酒店,9.5,"['標準大床房-自在90°城景:HK$435', '標準雙床房-自在90°城景:HK$435', '精選大床房-無憂90°城景:HK$563', '精選雙床房-無憂90°城景:HK$627', '行政大床房-悦己120°城景:HK$690']"
初心莫舍酒店（上海國際旅遊度假區店）,9.6,"['念如初投影大床【AMX當貝百寸投影●會員點播權益】:HK$326', '初相識loft大床【亞朵款床墊●落地大窗户●會員點播】:HK$348', '誰與共●投影懸浮床:HK$370', '比翼飛●投影大床 ▶【AMX百寸投影●亞朵款床墊●落地窗】:HK$370']"
上海初心莫舍設計師民宿,9.5,"['B棟-春雨大床房·四合院:HK$302', 'A棟-特惠大床房:HK$305', 'A棟-初心·舒享大床房:HK$328', 'B棟-女王圓床房•四合院:HK$336']"
熙禾酒店（陸家嘴藍村路地鐵站店）,8.5,"['特惠大床房:HK$262', '舒適大床房:HK$290', '舒適雙床房:HK$290', '高級大床房:HK$316']"
如家商旅酒店（上海南京東路外灘中心店）,9.4,"['大床房A:HK$413', '商務大床房:HK$431', '高級大床房:HK$486', '雙床房A:HK$494']"
居貝樂民宿（鞍山新村地鐵站店）,9.7,"['楚雲|家庭房（洗烘機+冰箱+微波爐+投影+廚房）:HK$453', '望月|家庭房（投影+洗烘機+冰箱+微波爐+廚房）:HK$540', '靜雅|家庭房（洗烘機+冰箱+微波爐+電視+廚房）:HK$566', '琉光|家庭房（投影+烘洗機+微波爐+冰箱+廚房）:HK$592']"
船長五號青年酒店（上海陸家嘴浦電路地鐵站店）,8.9,"['千帆大床房:HK$300', '千帆雙床房:HK$327']"
宿適奢華酒店（上海日月光打浦橋地鐵站店）,8.9,"['奢華高級大床房:HK$571', '奢華行政大床房:HK$583', '奢華行政雙床房:HK$645', '奢華套房:HK$657', '奢華親子套房:HK$1,002']"
上海外灘盎格酒店,9.2,"['豫園高級大床房:HK$590', '豫園高級雙床房:HK$590', '晶喜豪華大床房:HK$659', '晶喜豪華雙床房:HK$659']"
麗怡酒店（上海火車站店）,9.5,"['豪華大床房:HK$474', '豪華雙床房:HK$492', '商務大床間:HK$522', '商務雙床房:HK$540', '臻禮大床房:HK$578']"
柏曼酒店（上海虹橋國際機場七寶古鎮店）,10.0,"['智能標準大床房（智能客控+電視投屏）:HK$264', '智能高級雙床房（智能客控+電視投屏）:HK$264', '智能高級大床房:HK$279', '智能豪華雙床房（智能客控+電視投屏）:HK$287']"
雲和夜泊酒店（上海浦東國際機場店）,9.7,"['惠享大床房:HK$413', '惠享雙床房:HK$413', '夜泊大床房:HK$435', '夜泊雙床房:HK$435', '雲和大床房:HK$457']"
格美酒店（上海外灘南京東路步行街店）,8.4,"['特色大床房:HK$493', '格美高級大床房（獨立洗衣機）:HK$527', '特色雙床房:HK$538', '豪華大床房（獨立洗衣機）:HK$689']"
如家精選酒店（上海陸家嘴商城路地鐵站店）,9.4,"['大床房（智能小度控制+電視投屏）:HK$500', '高級大床房（智能小度控制+電視投屏）:HK$528', '安心睡大床房（智能小度控制+電視投屏+記憶床墊）:HK$565', '雙床房（智能小度控制+電視投屏）:HK$574']"
上海海神諾富特大酒店,9.2,"['江景標準房-大床:HK$481', '標準房-雙床:HK$481', '江景高級房-大床:HK$569', '江景高級房-雙床:HK$569', '行政高級房-雙床:HK$576']"
夢果智慧酒店（上海浦東機場晚霞路店）,8.9,"['智慧LOFT大床房（智能客控+小冰箱）:HK$274', '智慧LOFT清新大床房（智能客控+小冰箱）:HK$311', '智慧LOFT家庭房（智能客控+小冰箱）:HK$363', '智慧LOFT豪華大床房（智能客控+小冰箱）:HK$385']"
上海溢喜小院（上海浦東機場店）,9.4,"['標準雙床房:HK$339', '標準大床房:HK$353', '豪華雙床房:HK$389', '豪華大床房:HK$389']"
慢行旅酒店（上海金橋Lalaport高達基地店）,9.1,"['精選複式高級雙床房（手機投屏+舒適床品）:HK$237', '精選複式高級大床房（手機投屏+舒適床品）:HK$285', '複式高級雙床房（手機投屏+舒適床品）:HK$309', '複式高級大床房（手機投屏+舒適床品）:HK$368']"
宜思尚品酒店（上海虹橋合川路店）,9.4,"['悦享大床房:HK$261', '森林氧吧·悦奢大床房（舒適睡眠+智能馬桶）:HK$305', '森林氧吧·悦奢雙床房（舒適睡眠+智能馬桶）:HK$327', '森林氧吧·悦奢家庭房（舒適睡眠+智能馬桶）:HK$393']"
上海船長五號青年酒店（莘莊地鐵站店）,9.3,"['特惠大床房:HK$192', '千帆大床房:HK$231', '千帆雙床房:HK$260', '千帆親子房:HK$289']"
漢庭酒店（上海江灣鎮地鐵站店）,9.5,"['大床房:HK$340', '高級大床房:HK$351', '高級雙床房:HK$360', '商務大床房:HK$360']"
上海未來·上居酒店（川沙地鐵站店）,9.6,"['商務大床房:HK$305', '豪華大床房:HK$326', '豪華雙床房:HK$333', '高級大床房:HK$376']"
呈岸酒店（上海周浦康橋店）,9.6,"['智能舒適大床房（小米智能客控）:HK$190', '智能商務大床房（小米智能客控）:HK$202', '智能高級雙床房（小米智能客控）:HK$215', '智能精選大床房（小米智能客控）:HK$215']"
如家商旅酒店（上海奉賢南橋百聯購物中心店）,9.6,"['商務大床房A:HK$333', '雙床房A:HK$341', '商務大床房:HK$351', '雙床房:HK$351']"
財富智軒酒店（上海虹口足球場店）,9.0,"['優選大床房:HK$338', '優選雙床房:HK$361', '智軒大床房:HK$406', '智軒豪華大床房:HK$418']"
途客酒店（上海延安西路店）,9.4,"['途選大床房:HK$372', '途享大床房:HK$392', '途奢大床房（小冰箱+智能客控）:HK$440', '途享雙床房（小冰箱+智能客控）:HK$459']"
YOUNG服務式酒店（上海世博展覽館店）,8.9,"['特價房:HK$235', '靜居大床房[Young]:HK$251', '輕居陽光房[Young]:HK$276', '雅居景觀房[Young]:HK$300']"
