酒店名称,评分,房型价格列表
丹東火車站鴨綠江斷橋亞朵酒店,9.4,"['高級大床房（深睡床品+智能客控+迷你冰箱）:HK$593', '高級雙床房（深睡床品+智能客控+迷你冰箱）:HK$593', '行政大床房（深睡床品+智能客控+迷你冰箱）:HK$637', '行政雙床房（深睡床品+智能客控+迷你冰箱）:HK$637', '尊享大床房（深睡床品+智能客控+迷你冰箱）:HK$682']"
丹東錦禾酒店（鴨綠江斷橋店）,9.7,"['高級大床房:HK$483', '高級雙床房:HK$506', '行政雙床房:HK$531', '行政大床房:HK$574', '行政家庭房:HK$716']"
丹東鴨綠江大廈萬信至格酒店,9.0,"['舒適雙床房:HK$294', '舒適大床房:HK$294', '豪華大床房:HK$339', '豪華雙床房:HK$339', '舒適套房:HK$643']"
丹東萬達廣場安東老街亞朵酒店,9.5,"['高級大床房（深睡床墊+深睡枕+智能客控+手機投屏）:HK$484', '高級雙床房（深睡床墊+深睡枕+智能客控+手機投屏）:HK$529', '行政大床房（深睡床墊+深睡枕+智能客控+手機投屏）:HK$529', '尊享大床房（深睡床墊+深睡枕+智能客控+手機投屏）:HK$593', '尊享家庭房（深睡床墊+深睡枕+智能客控+手機投屏）:HK$709']"
丹東江濱國際酒店（鴨綠江斷橋景區火車站店）,9.1,"['高級大床房:HK$362', '高級雙床房:HK$362', '一線江景大床房:HK$437', '一線江景雙床房:HK$437', '豪華江景雙床套房:HK$612']"
丹東五龍國際高爾夫俱樂部,9.7,"['球場山景標間（陰面）:HK$361', '球場風光温泉房:HK$389', '豪華套房:HK$746', '西式別墅:HK$7,461', '中式別墅:HK$8,747']"
全季酒店（丹東火車站店）,9.4,"['單床房:HK$407', '高級大床房:HK$435', '雙床房:HK$453', '舒壓高級大床房:HK$473']"
丹東中心智選假日酒店,9.7,"['高級房:HK$415', '高級房大床:HK$415', '高級房雙床:HK$415', '高級房雙床更大面積:HK$464', '高級房大床更大面積:HK$464']"
藝龍萬國酒店（丹東抗美援朝紀念館店）,9.3,"['智享大床房-智能客控+温泉水+手機投屏:HK$482', '雅享榻榻米-智能客控+温泉水+手機投屏:HK$515', '雅享大床房-智能客控+温泉水+手機投屏:HK$531', '雅享雙床房-智能客控+温泉水+手機投屏:HK$564', '瑞享大床房-智能客控+温泉水+手機投屏:HK$613']"
如家商旅酒店（丹東火車站郵電大廈店）,9.5,"['商務大床房:HK$331', '雙床房:HK$349', '高級大床房:HK$359', '高級雙床房:HK$377']"
如家商旅酒店（丹東鴨綠江大橋斷橋景區火車站店）,9.2,"['大床房:HK$340', '商務大床房:HK$367', '雙床房:HK$367', '景觀雙床房:HK$396']"
丹東雲上酒店,9.6,"['雲舒大床房（智能客控+助眠記憶枕+手機投屏）:HK$532', '雲享大床房（智能客控+助眠記憶枕+手機投屏）:HK$648', '雲語雙床房（智能客控+助眠記憶枕+手機投屏）:HK$648', '雲喜家庭房（智能客控+助眠記憶枕+手機投屏）:HK$721', '雲景側江大床房（智能客控+助眠記憶枕+手機投屏）:HK$764']"
國門臻選酒店（鴨綠江斷橋火車站店）,9.6,"['附樓商務大床房:HK$426', '附樓商務雙床房:HK$426', '商務大床房:HK$560', '商務家庭房:HK$599']"
丹東華美滙酒店,8.6,"['城市風景温泉大床房（靜謐舒適+助眠床墊+温泉水）:HK$405', '城市風景温泉雙床房（靜謐舒適+助眠床墊+温泉水）:HK$405', '豪華精品温泉大床房（靜謐舒適+助眠床墊+温泉水）:HK$438', '豪華精品温泉家庭房（靜謐舒適+助眠床墊+温泉水）:HK$582', '豪華精品尊享大床房（靜謐舒適+助眠床墊+温泉水）:HK$582']"
丹東滙僑希爾頓花園酒店,8.8,"['花園雙床房:HK$520', '花園大床房:HK$531', '無障礙大床房:HK$625', '江景雙床房:HK$813', '花園江景大床房:HK$867']"
丹東憩園賓館（鴨綠江斷橋店）,9.4,"['庭院花園大床房:HK$467', '一線江景露台雙床房:HK$577', '一線江景露台大床房:HK$577', '庭院豪華大床+電熱榻榻米房:HK$577']"
丹東威尼斯建國飯店,8.7,"['界河高級大床房:HK$341', '界河商務大床房:HK$438', '界河商務雙床房:HK$438', '界河江景商務大床房:HK$521', '界河江景商務雙床房:HK$521']"
維也納國際酒店（丹東江景之都店）,9.4,"['標準大床房:HK$373', '景觀雙床房:HK$418', '景觀大床房:HK$418', '行政雙床房:HK$444', '行政大床房:HK$444']"
丹東花園酒店,8.5,"['大床房:HK$241', '普通標準房:HK$241', '商務大床房:HK$271', '親子家庭房:HK$402']"
丹東詩途大酒店,7.8,"['高級大床房:HK$359', '高級雙床房:HK$359', '行政大床房:HK$404', '行政雙床房:HK$404', '豪華親子房:HK$578']"
丹東迪豪商務酒店（鴨綠江斷橋店）,9.3,"['優選大床房:HK$326', '精選雙床房:HK$326', '甄選大床房:HK$361', '甄品雙床房:HK$361']"
丹東中朝鴨綠江大橋桔子水晶酒店,9.7,"['高級大床房:HK$402', '行政大床房（智能客控+手機投屏）:HK$442', '江景高級大床房（智能客控+手機投屏）:HK$462', '江景雙床房（智能客控+手機投屏）:HK$482', '江景家庭房:HK$523']"
丹東富力萬達嘉華酒店,9.3,"['豪華雙床房（斯林百蘭床墊+ACCA洗護用品+獨立浴缸）:HK$604', '豪華大床房（斯林百蘭床墊+ACCA洗護用品+獨立浴缸）:HK$604', '豪華荷里活雙床房（房間寬敞+斯林百蘭床墊+獨立浴缸）:HK$621', '高級豪華雙床房（斯林百蘭床墊+ACCA洗護用品+獨立浴缸）:HK$667', '高級豪華大床房（斯林百蘭床墊+ACCA洗護用品+獨立浴缸）:HK$667', '行政豪華大床房（斯林百蘭床墊+ACCA洗護用品+獨立浴缸）:HK$785']"
丹東鑫亮民宿（中朝鴨綠江大橋店）,9.6,"['江景雙床房:HK$190', '江景影視大床房:HK$210', '江景家庭套房:HK$295', '江景娛樂套房:HK$328']"
白玉蘭酒店（丹東鴨綠江店）,9.1,"['輕舒大床房:HK$303', '輕舒雙床房:HK$312', '玉舒大床房:HK$320', '玉舒雙床房:HK$328']"
丹東假日錦軒酒店,7.7,"['錦軒大床房:HK$282', '錦軒雙床房:HK$282']"
丹東丹鐵大酒店,8.6,"['標準雙床房:HK$170', '標準大床房:HK$170', '家庭房:HK$262', '標準四人間:HK$321']"
丹東福瑞德大酒店,9.2,"['山景大床房:HK$519', '山景雙床房:HK$519', '高級山景大床房:HK$556', '江景大床房:HK$611', '江景雙床房:HK$611', '高級江景大床房:HK$649']"
丹東新天地賓館,8.8,"['特價大床房:HK$172', '普通雙標間:HK$181', '普通大床房:HK$181', '豪華大床房:HK$300']"
丹東金海度假公寓,9.1,"['商務大床房:HK$294', '商務標準房:HK$338', '精品標準房:HK$338', '精品大床房:HK$371']"
禾楓酒店（鴨綠江斷橋店）,9.2,"['清雅大床房:HK$332', '雲舒大床房:HK$385', '雲舒雙床房:HK$412', '楓嶼家庭房:HK$518']"
如家商旅酒店（丹東鴨綠江江畔安東老街店）,9.5,"['大床房A:HK$231', '大床房:HK$248', '雙床房A:HK$264', '雙床房:HK$274']"
丹東逸客棧（鴨綠江斷橋店）,9.6,"['中式温馨大床房:HK$338', '舒適家庭房雙床房:HK$371', '江景榻榻米大床房-和式電炕:HK$392', '温馨麻將小屋:HK$403']"
如家商旅酒店（丹東中朝鴨綠江大橋江景店）,9.7,"['大床房A:HK$248', '雙床房:HK$256', '大床房:HK$264', '高級雙床房:HK$274']"
漢庭優佳酒店（丹東步行街店）,9.8,"['高級大床房:HK$277', '雙床房:HK$305', '家庭房:HK$354']"
錦江之星（丹東鴨綠江興五路店）,8.9,"['標準大床房:HK$337', '高級單床房:HK$361', '高級雙床房:HK$378', '標準雙床房:HK$383']"
如家素柏·雲酒店（丹東鴨綠江月亮島安東老街店）,9.2,"['大床房:HK$260', '商務大床房:HK$294', '標準雙床房:HK$294', '景觀大床房（鴨綠江江景）:HK$344']"
丹東盛庭酒店式公寓,9.0,"['特惠大床房:HK$93', '歐式豪華大床房A:HK$110', '温馨家庭大床房:HK$110', '歐式大床房:HK$119']"
驛居酒店（丹東火車站郵電大廈店）,9.3,"['大床房:HK$256', '商務大床房:HK$274', '雙床房:HK$291', '家庭房:HK$376']"
丹東市花開忘憂民宿,9.2,"['精緻大床房:HK$241', 'Ins奶油風大床房:HK$259', '投影大床房:HK$278', '商務雙床房:HK$352']"
漢庭酒店（丹東新城區五金城店）,9.5,"['雙床房:HK$236', '高級大床房A:HK$236', '高級大床房:HK$264', '家庭房:HK$302']"
丹東拾光民宿,9.3,"['温泉精油泡泡玫瑰花瓣浴房:HK$205', '鹿羚莊輕奢温馨大床房:HK$212', '鹿羚莊日式温泉榻榻米房:HK$304']"
丹東藝海商務賓館,8.3,"['特惠雙床房（無窗）:HK$541', '特惠大床房（無窗）:HK$541', '精選高級大床房:HK$559', '三人間:HK$585']"
萬年春意想人生民宿（丹東火車站店）,9.2,"['特價標準間:HK$220', '合室榻榻米房:HK$238', '標準間:HK$247', '標準三人間:HK$322']"
丹東江庭賓館（鴨綠江斷橋店）,8.8,"['榻榻米房:HK$293', '精品大床房A:HK$304', '精品雙床房A:HK$326', '精品大床房B:HK$359']"
九連城古鎮民宿,9.1,"['商務標間:HK$123', '親子房:HK$169', '朝韓榻榻米房:HK$209', '家庭小套房:HK$215']"
尚客優酒店（鴨綠江大橋景區丹東站店）,8.2,"['陽光舒適1.5米大床房:HK$149', '陽光標準大床房:HK$149', '陽光標準雙床房:HK$179', '陽光1.8米大床房:HK$194']"
水弋方,9.0,['尊享大床房:HK$214']
丹東達文西酒店,8.7,"['特價房:HK$216', '商務標準間:HK$293', '舒適大床房:HK$293', '豪華大床房:HK$326']"
丹東華仕派商務酒店,8.1,"['特價標間:HK$186', '商務雙床房:HK$247', '特惠大床房:HK$277', '三人間:HK$370']"
