酒店名称,评分,房型价格列表
世紀星酒店（信陽火車站天潤廣場店）,9.7,"['茶藝大床房（65寸投屏電視+全屋聲控冰箱茶台+智能馬桶）:HK$261', '商務大床房（65寸投屏巨幕電視+全屋聲控+智能馬桶）:HK$272', '零壓大床房（65寸投屏巨幕電視+全屋聲控+智能馬桶）:HK$272', '零壓雙床房（65寸投屏巨幕電視+全屋聲控+智能馬桶）:HK$272', '一大一小雙床房（零壓床品+全屋聲控+65寸投屏巨幕電視）:HK$283']"
美豪酒店（信陽火車站市政府店）,9.6,"['精緻大床房:HK$282', '精緻雙床房:HK$293', '城景大床房:HK$334', '城景雙床房:HK$343', '夢百合零重力大床房:HK$388']"
信陽毛尖酒店（百花園店）,9.6,"['飄香雙床房（無窗）全屋智能+手機投屏+舒達床墊:HK$283', '入香大床房（無窗）全屋智能+手機投屏+舒達床墊:HK$283', '飄香雙床房:HK$292', '入香大床房全屋智能+手機投屏+舒達床墊:HK$292', '含香行政大床房+全屋智能+手機投屏+舒達床墊:HK$329']"
信陽維爾納酒店（信陽平橋世紀廣場店）,9.4,"['雅緻大床房（巨幕投影+記憶床墊+智能客控）:HK$195', '商務雙床房（巨幕投影+記憶床墊+智能客控）:HK$218', '商務大床房（巨幕投影+記憶床墊+智能客控）:HK$240', '景觀雙床房（巨幕投影+記憶床墊+智能客控）:HK$249', '家庭親子房（巨幕投影+記憶床墊+智能客控+小童洗護）:HK$282']"
信陽東站大信廣場亞朵酒店,9.6,"['高級大床房（智能客控+手機投屏）:HK$314', '高級雙床房（智能客控+手機投屏）:HK$314', '行政大床房（智能客控+手機投屏）:HK$349', '幾木雙床房（智能客控+Minibar+PRO深睡枕）:HK$349', '幾木大床房（智能客控+Minibar+PRO深睡枕）:HK$385']"
悦居酒店（信陽高鐵東站大信廣場店）,9.4,"['仕居精緻雙床房:HK$172', '仕居影視房（高清巨幕+VIP海量片源）:HK$182', '全景·悦享舒適大床房:HK$226', '全景·悦享舒適雙床房:HK$235']"
信陽聖德國際酒店,9.6,"['標準雙床房:HK$246', '標準大床房:HK$257', '豪華大床房:HK$354', '豪華雙床房:HK$354', '家庭房:HK$505']"
錦江都城酒店（信陽火車站新中心醫院店）,9.6,"['精緻大床房（智能客控+冰箱+55寸可投屏電視）:HK$237', '時尚大床房（智能客控+冰箱+55寸可投屏電視）:HK$250', '時尚雙床房（智能客控+冰箱+55寸可投屏電視）:HK$263', '風雅大床房（智能客控+冰箱+55寸可投屏電視）:HK$282']"
信陽花葉院子裏酒店（信陽火車站天潤廣場店）,9.3,"['設計師行政大床房（零壓床墊）:HK$140', '設計師行政雙床房（懸浮床+零壓床墊）:HK$140', '商旅零壓大床房（零壓床墊）:HK$160', '商旅零壓雙床房（零壓床墊）:HK$160', '舒沐泡泡·浴缸圓床房（零壓床品）:HK$190']"
陌上輕居酒店（信陽火車站天潤廣場店）,9.5,"['靜逸大床房（全智能客控+50寸可投屏電視）:HK$266', '雅緻雙床房（全智能客控+50寸可投屏電視）:HK$270', '頌語歡聚機麻棋牌套房:HK$290', '雅緻大床房（全智能客控+加濕器+50寸可投屏電視）:HK$294']"
仟那美宿酒店（信陽火車站溮河區店）,9.6,"['仕居精緻雙床房（零壓記憶枕+智能音控+安然入睡）:HK$262', '仕居精緻大床房（零壓記憶枕+智能音控+安然入睡）:HK$262', '竹溪精品雙床房（城市山景+智能客控+65寸可投屏電視）:HK$317', '竹溪精品大床房（城市山景+智能客控+65寸可投屏電視）:HK$317']"
信陽毛尖假日酒店（南灣湖店）,9.6,"['毛尖輕奢大床房:HK$311', '毛尖輕奢雙床房:HK$311', '毛尖輕奢家庭房:HK$329', '毛尖輕奢雙床房（麻將房）:HK$365', '毛尖輕奢套房:HK$554']"
申城國際酒店（信陽新十八大街店）,9.1,"['雅緻大床房:HK$186', '雅緻雙床房:HK$192', '標準影音大床房:HK$211', '情侶電動影音大床房:HK$257']"
金色水岸民宿酒店,9.3,"['影音大床房:HK$188', '影音雙床房:HK$188', '臻享麻將雙床房:HK$214', '臻享親子家庭房:HK$239']"
全季酒店（信陽火車站天潤廣場店）,9.8,"['高級大床房:HK$267', '高級雙床房:HK$267', '舒壓-高級大床房:HK$277', '商務大床房:HK$277']"
浠岸Deluxe酒店（信陽萬達店）,9.5,"['Deluxe玲瓏大床房（零壓舒睡床墊）:HK$282', 'Deluxe高級大床房（零壓舒睡床墊）:HK$320', 'Deluxe豪華大床房（零壓舒睡床墊）:HK$372', 'Deluxe豪華雙床房（零壓舒睡床墊）:HK$372']"
信陽鉑曼酒店（天潤廣場火車站店）,9.5,"['城景·豪華大床房（全智能客控+慕思床墊+TOTO潔具）:HK$261', '城景·豪華雙床房（全智能客控+慕思床墊+TOTO潔具）:HK$261', '城景·鉑金雙床房（全智能客控+慕思床墊+TOTO潔具）:HK$295', '城景·鉑金大床房（全智能客控+慕思床墊+TOTO潔具）:HK$358']"
麗申光明酒店（信陽東站國際商城店）,9.5,"['特價商務大床房:HK$173', '温馨舒適大床房:HK$202', '温馨舒適雙床房:HK$202', '靜眠舒適大床房:HK$210']"
麗楓酒店（信陽市政府火車站店）,9.1,"['躺平治癒大床房（慕斯床墊+安心睡眠）:HK$193', '躺平治癒雙床房（慕思床墊+安心睡眠）:HK$193', '景觀大床房（慕思床墊+安心睡眠）:HK$199', '豪華大床房（慕思床墊+安心睡眠）:HK$221']"
漢庭酒店（信陽西亞麗寶廣場店）,10.0,"['大床房:HK$224', '高級雙床房:HK$243', '高級大床房:HK$243', '商務大床房:HK$252']"
藝龍瑞雲酒店（信陽申泰商貿城店）,9.6,"['智享大床房（小度語音·全屋智能客控）:HK$190', '智享雙床房（小度語音·全屋智能客控）:HK$190', '雅享大床房（小度語音·全屋智能客控）:HK$211', '雅享雙床房（小度語音·全屋智能客控）:HK$211']"
信陽平橋中州國際飯店,9.1,"['豪華雙床房:HK$231', '豪華大床房:HK$240', '商務大床房:HK$298', '商務雙床房:HK$298', '行政大床房:HK$341']"
季楓酒店（信陽東站店）,9.5,"['雅緻大床房（智能客控+65寸投屏電視+零壓床墊）:HK$246', '行政大床房（智能客控+65寸投屏電視+零壓床墊）:HK$271', '行政雙床房（智能客控+65寸投屏電視+零壓床墊）:HK$271', '豪華大床房:HK$310']"
維也納國際酒店（信陽市政府火車站店）,9.5,"['標準雙床房（全景落地窗）:HK$246', '標準大床房（全景落地窗）:HK$246', '高級大床房（全景落地窗+零壓舒睡床墊）:HK$282', '高級雙床房（全景落地窗+零壓舒睡床墊）:HK$282', '豪華大床房（零壓舒睡床墊+全景落地窗）:HK$299']"
信陽南灣湖山茶花酒店,9.3,"['雅緻大床房:HK$391', '雅緻雙床房:HK$468', '豪雅雙床房:HK$533', '影視大床房:HK$654', '親子房:HK$796']"
柏頓酒店（信陽高鐵東站店）,9.5,"['城景·影音大床房:HK$178', '城景·標準雙床房:HK$190', '180°全景·輕奢影音大床房（高清巨幕）:HK$198', '180°全景·輕奢影音浴缸大床房（高清巨幕）:HK$240']"
家園精品酒店（信陽高鐵東站大信廣場店）,9.5,"['大床房A（酒店提供洗衣房）:HK$136', '雙床房A（酒店提供洗衣房）:HK$174', '高級雙床房（酒店提供洗衣房）:HK$188', '高級大床房（酒店提供洗衣房）:HK$188']"
信陽蘭酒店（市政府羊山外國語小學店）,9.4,"['温馨大床房（獨立冰箱）:HK$182', '温馨雙床房（獨立冰箱）:HK$182', '靜逸大床房（自助洗衣房+獨立冰箱）:HK$201', '靜逸雙床房（自助洗衣房+獨立冰箱）:HK$201']"
信陽聖達酒店（火車站店）,9.4,"['豪華大床房（零壓舒睡床墊+智能語音）:HK$278', '豪華雙床房（零壓舒睡床墊+智能語音）:HK$278', '影音大床房（零壓舒睡床墊+投影+智能語音）:HK$318', '商務大床房（零壓舒睡床墊+智能語音控制）:HK$318', '商務套房（零壓舒睡床墊+智能語音+棋牌麻將）:HK$403']"
信陽橙子精品酒店（和美廣場店）,9.7,"['豪華大床房（品牌床墊+小米空氣凈化器）:HK$255', '豪華雙床房（品牌床墊+小米空氣凈化器）:HK$267', '商務大床房（品牌床墊+小米空氣凈化器）:HK$340', '商務雙床房（品牌床墊+小米空氣凈化器）:HK$340']"
信陽温德姆酒店,9.5,"['高級雙床房:HK$404', '高級大床房:HK$435', '豪華雙床房:HK$470', '豪華大床房:HK$503', '行政雙床房:HK$536', '行政大床房:HK$568']"
信陽維斯特精選酒店（萬達廣場高鐵東站店）,9.8,"['特惠雙床房:HK$220', '精選雙床房（健康直飲水）:HK$230', '特惠大床房:HK$230', '精選大床房:HK$270']"
星程酒店（信陽火車站天潤廣場店）,9.5,"['高級大床房:HK$179', '高級雙床房:HK$179', '商務大床房:HK$189', '舒壓-高級大床房:HK$198']"
你好酒店（信陽南京大道楚王城店）,9.6,"['大床房:HK$198', '雙床房:HK$207', '高級大床房:HK$217', '高級雙床房:HK$227']"
信陽華庭酒店（和美廣場火車站店）,9.5,"['豪華大床房:HK$211', '豪華雙床房（小冰箱）:HK$243', '商務大床房（徠芬高速吹風機）:HK$252', '商務雙床房（小冰箱）:HK$252']"
喜客酒店（信陽西亞美悦城店）,9.6,"['Seeker雅緻大床房（雙人網紅下午茶+洗衣健身）:HK$258', 'Seeker雅緻雙床房（雙人網紅下午茶+洗衣健身）:HK$340', 'Seeker舒心健康雙床房:HK$380', 'Seeker幾木精選榻榻米（雙人網紅下午茶+洗衣健身）:HK$395']"
維也納國際酒店（信陽火車站天潤廣場店）,9.6,"['臻禮大床房:HK$209', '商務大床房:HK$230', '商務雙床房:HK$230', '影音大床房（百寸超清巨幕投影+會員vip）:HK$251']"
錦程酒店（信陽北立交橋店）,9.1,"['大床房:HK$148', '高級大床房:HK$156', '高級雙床房:HK$165', '豪華套房:HK$226']"
非凡·北冰洋大酒店,8.8,"['靜謐大床房:HK$156', '愜意雙床房:HK$164', '豪華大床房:HK$187', '豪華套房:HK$242']"
信陽寶鵬廣場美居酒店,9.6,"['標準大床房（mini吧+空氣凈化器+加濕器）:HK$256', '高級大床房（空氣凈化器+加濕器+MIni吧）:HK$274', '高級雙床房（空氣凈化器+加濕器+MIni吧）:HK$274', '豪華大床房（mini吧+空氣凈化器+加濕器）:HK$293', '豪華雙床房（空氣凈化器+加濕器+MIni吧）:HK$293']"
全季酒店（信陽市政府萬達廣場店）,9.7,"['高級大床房:HK$284', '商務大床房:HK$302', '舒壓-高級大床房:HK$321', '雙床房:HK$340']"
駿怡連鎖酒店（信陽火車站店）,9.2,"['優品大床房:HK$135', '優品雙床房:HK$143', '零壓商務大床房:HK$143', '豪華大床房:HK$151']"
全季酒店（信陽東站店）,9.6,"['高級大床房:HK$293', '豪華大床房:HK$312', '商務大床房:HK$330', '高級雙床房:HK$330']"
雲智酒店（信陽高鐵東站店）,9.5,"['特惠大床房:HK$169', '優享大床房:HK$203', '尊享智能大床房:HK$254', '尊享雙床房:HK$254']"
桔子酒店（信陽東站大信廣場店）,9.6,"['高級大床房:HK$290', '商務大床房:HK$309', '豪華雙床房:HK$327', '豪華大床房:HK$345']"
信陽麗呈別院（南灣湖店）,9.3,"['初見景觀大床房:HK$264', '山茶觀景大床房:HK$276', '伴山觀景雙床房:HK$333', '清風別院觀景套房:HK$368']"
漢庭酒店（信陽東站店）,9.5,"['高級大床房:HK$252', '雙床房:HK$271', '高級雙床房:HK$281', '商務大床房:HK$290']"
花葉雅居酒店（信陽平橋六高麗寶廣場店）,9.6,"['清新雙床房:HK$149', '深度睡眠大床房:HK$161', '榻榻米大床房:HK$161', '賞悦雙床房:HK$172']"
信陽名人藝術酒店,9.0,"['舒適大床房:HK$135', '豪華景觀雙床房[提供自助洗衣服務]:HK$140', '浪漫地中海水床房:HK$140', '極光影音大床房:HK$140']"
信陽申光花園酒店（信陽火車站天潤廣場店）,8.5,"['雅緻標準間:HK$148', '雅緻大床房:HK$156', '零壓商務大床房:HK$174', '零壓商務標準間:HK$209']"
