酒店名称,评分,房型价格列表
甜城國際酒店（內江萬達高鐵站店）,9.2,"['特惠大床房（浴缸+親膚浴袍+雲端城景）:HK$173', '特惠雙床房（親膚浴袍+雲端城景）:HK$173', '商務大床房（智能客控+雲端城景）:HK$205', '奢想·大圓床（浪漫氛圍+歐式長沙發+雲端城景）:HK$214']"
花漾·星辰智能影院酒店（內江萬達廣場高鐵站店）,9.6,"['吒寂懸浮大床房（舒睡護脊床墊+75寸高清電視投屏+智能客控）:HK$173', '滾來滾去大床房（高空城景+小度管家+全屋智能家居）:HK$183', '榻榻米夜景大床房（全屋智能+舒適躺椅+高空夜景）:HK$194', '馬到成功雙床房（高空城景+75寸高清投屏+全屋智能家居）:HK$194']"
內江高鐵北站傳化廣場亞朵酒店,9.7,"['高級大床房（小冰箱+智能客控+投屏電視+四層隔音窗户）:HK$340', '高級雙床房（小冰箱+智能客控+投屏電視+四層隔音窗户）:HK$340', '行政大床房（投屏電視+智能客控+小冰箱+四層隔音窗户）:HK$359', '尊享大床房（品鑒迷你吧+深睡床墊+四層隔音窗户+智能客控+投屏電視）:HK$390', '尊享雙床房（品鑒迷你吧+深睡床墊+四層隔音窗户+智能客控+投屏電視）:HK$390']"
喆啡酒店（內江吾悦廣場店）,9.6,"['特惠大床房:HK$266', '啡凡體驗房:HK$267', '醇享大床房:HK$272', '醇享雙床房:HK$289', '商務大床房:HK$289']"
內江富力萬達嘉華酒店,9.3,"['豪華大床房:HK$392', '豪華雙床房:HK$392', '豪華園景大床房:HK$445', '高級豪華雙床房:HK$460', '高級豪華大床房:HK$460', '行政大床房:HK$604']"
賽豪酒店（內江萬達廣場店）,10.0,"['零壓精選大床房[巨幕投影+騰訊會員]:HK$161', '零壓精選雙床房[大辦公桌+雙人沙發+騰訊影視會員]:HK$180', '愛麗絲巨幕浴缸大床房[泡泡浴套裝+騰訊會員暢享]:HK$205', '一戰成名豪華棋牌房[品牌麻將機+棋牌+舒適空間]:HK$216']"
維也納國際酒店（內江萬達廣場店）,9.6,"['高級雙床房（智能客控+智能馬桶+全景落地窗）:HK$275', '高級大床房（智能客控+智能馬桶+全景落地窗）:HK$286', '豪華大床房（智能客控+全景落地窗）:HK$296', '豪華雙床房（智能客控+全景落地窗）:HK$296', '豪華特大床房（智能客控+全景落地窗）:HK$296']"
內江濱江假日酒店,9.3,"['城市景觀高級雙床房:HK$290', '高級房:HK$327', '城市景觀高級大床房:HK$327', '豪華城景大床房:HK$355', '江景高級雙床房:HK$363', '舒適高級房:HK$384']"
花漾·錦瑟智能影院酒店（內江高鐵北站店）,9.6,"['迷你空間大床房【科技智能+體重稱+輕柔羽絨被芯】:HK$167', '滾來滾去大床房【恆温智能馬桶+熟睡護頸枕+體重稱】:HK$177', '巨幕影音大床房【輕柔羽絨被芯+巨幕觀影+MINI小冰箱】:HK$186', '躺平治癒雙床房【1.8米雙床+零壓床墊+MINI小冰箱】:HK$191']"
內江沁園春酒店,9.5,"['特惠大床房:HK$260', '特惠雙床房:HK$271', '智能大床房:HK$315', '智能雙床房:HK$326', '智能行政大床房:HK$338']"
內江艾林大千國際酒店,9.3,"['特價大床房:HK$271', '特價雙床房:HK$271', '江景豪華大床房:HK$315', '城景豪華雙床房:HK$315', '江景豪華雙床房:HK$315']"
城市雲端酒店,9.7,"['180度特惠影音大床房:HK$163', '舒適智能大床房:HK$185', '輕奢智能大床房:HK$206', '奇幻智能雙床房:HK$212']"
喆啡酒店（內江萬達廣場高鐵北站店）,9.6,"['啡凡體驗房:HK$205', '醇享大床房:HK$226', '商務大床房:HK$256', '商務雙床房:HK$256', '豪華雙床房:HK$276']"
全季酒店（內江師範學院萬晟城店）,9.7,"['高級大床房（智能客控+投屏電視+小冰箱+深睡床墊）:HK$280', '高級雙床房（智能客控+電視投屏+小冰箱+深睡床墊）:HK$280', '景觀大床房（智能客控+電視投屏+小冰箱+街景）:HK$309', '景觀雙床房（智能客控+電視投屏+小冰箱+街景）:HK$309']"
欣怡酒店（內江高鐵北站師範學院店）,9.6,"['温馨大床房丨夜夜好眠舒達床墊+智能客控:HK$242', '高級雙床房丨夜夜好眠舒達床墊+智能客控:HK$254', '高級大床房丨夜夜好眠舒達床墊+智能客控:HK$260', '櫻落時光大床房丨夜夜好眠舒達床墊+智能客控:HK$260']"
你好酒店（內江火車北站店）,9.4,"['高級大床房（全屋智能+零壓護頸枕+電視投屏）:HK$187', '商務大床房（全屋智能+深睡床墊+電視投屏）:HK$205', '商務雙床房（全屋智能+深睡床墊+電視投屏）:HK$205', '家庭房（全屋智能+深睡床墊+電視投屏）:HK$224']"
內江宮禧酒店（內江北站店）,9.3,"['普通單間:HK$268', '普通標準間:HK$287', '豪華單間:HK$296', '商務單間:HK$306']"
明宇麗雅酒店（內江高鐵北站師範學院店）,9.2,"['輕居大床房丨金可兒床墊+乾濕分離+冰箱:HK$261', '輕居雙床房丨金可兒床墊+乾濕分離+冰箱:HK$261', '麗雅雙床房丨採光好+乾濕分離+金可兒床墊+冰箱:HK$293', '麗雅大床房丨採光好+乾濕分離+金可兒床墊+冰箱:HK$293', '動物樂園主題雙床房丨小童玩具+記憶枕+金可兒床墊:HK$316']"
內江運亨大酒店,8.4,"['商務標間:HK$143', '迷你單間:HK$144', '豪華大床間:HK$174', '豪華標準間:HK$177', '夢百合零壓標間:HK$236']"
冰界電競酒店,9.6,"['樂享暢遊大床房[RTX3060+155hz+2k顯示器]+全屋智能:HK$190', '雅緻經典大床房[RTX3060+155hz+2k顯示器]:HK$193', '雲端大床房[RTX4060+155hz+全屋智能+2k顯示器]:HK$209', '基友開黑雙床房[RTX4060+155hz+電競椅+2k顯示器]:HK$237']"
格調酒店（內江萬達高鐵北站店）,8.7,"['漫雅 高級大床房:HK$218', '銘雅·禮居雙床房:HK$228', '靜雅 豪華大床房:HK$282', '典雅 豪華雙床房:HK$282']"
內江甜城大廈賓館（市中區街心花園店）,8.9,"['單間:HK$155', '優享大床房（落地窗）:HK$178', '豪華單間（夢百合零壓床墊+智能馬桶+TOTO衞浴）:HK$233', '豪華標間（夢百合零壓床墊+智能馬桶+TOTO衞浴）:HK$256']"
內江玥庭軒民宿酒店,9.1,"['經濟大床房:HK$83', '舒適大床房:HK$107', '豪華大床房:HK$113', '標準雙床房:HK$119']"
內江佳逸賓館,9.0,"['經濟大床房:HK$94', '經濟標準間:HK$101', '豪華大床房:HK$108']"
棲子閣民宿酒店（內江北站傳化廣場店）,9.0,"['棲寓 . 優選大床房（智能客控）:HK$93', '棲品 . 精選大床房（智能客控）:HK$96', '棲享 . 智能投影大床房:HK$104', '棲致 . 隱奢雙床房（智能客控）:HK$115']"
內江佰勝大酒店（市中區店）,9.0,"['特惠房:HK$116', '標準大床房:HK$138', '標準雙床房:HK$149', '麻將大床房:HK$195']"
愛雅賓館（內江東站店）,7.3,"['特惠雙床房:HK$84', '特惠大床房:HK$84', '舒適大床房:HK$97', '舒適雙床房:HK$98']"
內江興成商務賓館,4.9,"['標準大床房:HK$106', '豪華大床房:HK$126', '標準雙人間:HK$146']"
威遠錦江賓館,9.5,"['高級大床房:HK$365', '高級雙床房:HK$476', '行政大床房:HK$511', '行政雙床房:HK$511', '行政高級套房:HK$1,310', '總統套房:HK$9,711']"
金鵝賓館（隆昌石牌坊羣市政府店）,8.8,['豪華套房（語音智能控制+零壓床墊+智能馬桶）:HK$455']
尚客優品酒店（隆昌金沙時代廣場店）,9.5,"['優品大床房（全屋語音智能控制+智能馬桶+金可兒床墊+健康記憶枕）:HK$226', '舒適大床房（全屋語音智能控制+金可兒床墊+健康記憶枕）:HK$237', '優享大床房（全屋語音智能控制+智能馬桶+金可兒床墊+健康記憶枕）:HK$258', '優享麻將房（全屋語音智能控制+智能馬桶+金可兒床墊+健康記憶枕）:HK$288']"
爵怡温德姆酒店（資中店）,9.5,"['舒享大床房:HK$363', '舒享雙床房:HK$363', '高級大床房:HK$379', '豪華大床房:HK$435', '豪華雙床房:HK$435', '景觀大床房:HK$481']"
山水S酒店（資中城市茂店）,9.6,"['臻美大床房:HK$287', '臻愛雙床房:HK$287', '郅愛雙床房:HK$371', '童趣雙床房:HK$371', 'S套房:HK$516']"
龍都天驕酒店（資中客運站萇弘路店）,9.4,"['山歌大床房（品質床墊+榻榻米茶座+乾濕分離）:HK$233', '山歌雙床房（乾濕分區+品質床墊+遮光窗簾）:HK$245', '熱血·電競單間（乾濕分區+品質床墊+遮光窗簾）:HK$275', '畫壁雙床房（乾濕分區+品質床墊+遮光窗簾）:HK$293']"
錦江之星酒店（威遠中皓廣場店）,9.3,"['標準大床房:HK$174', '高級零壓雙床房:HK$190', '高級零壓大床房:HK$194', '豪華大床房:HK$206']"
隆昌安麓棲酒店（金沙時代廣場店）,9.1,"['安居零壓大床房（喜臨門床墊+品牌乳膠枕）:HK$227', '露台景觀大床房（觀景陽台+喜臨門床墊+品牌乳膠枕+智能馬桶）:HK$239', '露台景觀雙床房（喜臨門床墊+品牌乳膠枕+智能馬桶+觀景陽台）:HK$239', '豪華品質大床房（喜臨門床墊+品牌乳膠枕+智能馬桶）:HK$267']"
泊爾思頓酒店（新街裏金沙時代廣場店）,9.7,['温馨家庭影院房:HK$346']
威遠外灘大酒店,9.2,"['中庭風景大床房:HK$234', '中庭舒適三人間:HK$300', '中庭温馨雙床房:HK$303', '中庭特色機麻房:HK$303']"
內江船石湖豪生温泉酒店,8.7,['東區-豪華大床房:HK$806']
觀湖民宿,9.6,"['綠丘院庭院大床房:HK$583', '湖觀院靜想大床房:HK$597', '樹影觀景大床房:HK$745', '樹影院景觀雙床房:HK$845']"
隆昌東方賓館,9.1,"['庭院雙床房（智能）:HK$276', '商務大床房:HK$288', '商務雙床房:HK$308', '豪華大床房:HK$337', '豪華雙床房:HK$337']"
雷神電競酒店（內江隆昌金沙時代廣場店）,9.8,"['競燃雙床房（智能客控+新風系統）:HK$288', '競燃大床房 （智能客控+新風系統）:HK$299', '競燃·暢享雙床房（智能客控+新風系統）:HK$309', '競界五人間（智能客控+新風系統）:HK$590']"
維也納酒店（內江資中店）,9.2,"['大床房:HK$187', '浪漫大床房:HK$219', '高級大床房:HK$236', '高級雙床房:HK$253']"
威遠銀樺半島酒店,8.7,"['豪華單間:HK$326', '豪華標間:HK$326', '行政套房:HK$861']"
希岸·輕雅酒店（內江資中上合滙店）,9.4,"['玲瓏大床房【新風系統】+【夢百合床墊+零壓氣枕】:HK$172', '希岸大床房 【夢百合床墊+零壓氣枕】:HK$186', '希岸雙床房 【夢百合床墊+零壓氣枕】:HK$204', '豪華大床房【夢百合床墊+零壓氣枕】:HK$208']"
威遠上上居婆城大酒店,9.1,"['特惠雙床房【五星布草+臻乾淨】:HK$127', '特惠大床房【浴缸+五星布草+臻乾淨】:HK$140', '優選大床房【浴缸+高品質臻乾淨】:HK$160', '優選雙床房:HK$160']"
威遠鑫宏大酒店,8.9,"['普通標間:HK$184', '豪華大床房:HK$249', '豪華標準間:HK$249', '豪華套房:HK$453']"
資中璽院民宿,10.0,"['璽院雙床房:HK$405', '原鄉塘景大床房:HK$441', '果嶺大床房:HK$962', '原鄉溪景大床房:HK$1,482']"
半糖酒店（濕地公園店）,9.6,"['日式榻榻米房:HK$213', '温馨大床房:HK$251', '豪華大床房:HK$259', '豪華雙床房:HK$266']"
眾欣.船石湖酒店公寓,8.6,"['B區-商務大床房:HK$369', '商務雙床房:HK$369', 'B區-行政大床房:HK$380', '舒適四人間:HK$391']"
