酒店名称,评分,房型价格列表
麗鉑輕居酒店（六安市政務中心店）,9.5,"['行政商務大床房（全屋智能）:HK$293', '行政商務雙床房（全屋智能）:HK$304', '行政零壓家庭房（全屋智能）:HK$315', '百寸巨幕影院大床房（全屋智能）:HK$315', '180度觀景浴缸大床房（全屋智能）:HK$369']"
六安聆心谷温泉度假酒店,9.4,"['聆心大床房:HK$567', '聆心雙床房:HK$567', '高級山景雙床房:HK$611', '豪華園景大床房:HK$676', '豪華園景雙床房:HK$676', '山景温泉別墅:HK$971']"
安徽建工新時代大酒店（六安火車站政務中心店）,9.4,"['高級標準間:HK$263', '高級大床間:HK$263', '豪華大床間:HK$309', '行政大床間:HK$311', '行政標準間:HK$328']"
漢庭酒店（六安城南鎮政府店）,9.8,"['大床房:HK$205', '商務雙床房:HK$205', '商務大床房:HK$224']"
六安皖西賓館,9.6,"['城景雙床房:HK$325', '城景高級雙床房:HK$338', '城景高級大床房:HK$369', '城景豪華雙床房:HK$382', '城景豪華大床房:HK$416', '豪華景觀圓床房:HK$425']"
漢庭酒店（六安新都會環球廣場店）,9.6,"['大床房:HK$205', '商務雙床房:HK$205', '高級大床房:HK$215', '商務大床房:HK$224']"
六安南湖白鷺園酒店,9.6,"['園景大床房:HK$474', '園景標準房:HK$474', '逸景標準間:HK$565', '逸景大床房:HK$584', '豪華景觀標準房:HK$632', '豪華景觀大床房:HK$661']"
漢庭酒店（六安八公山路萬達廣場店）,9.5,"['高級雙床房:HK$233', '高級大床房:HK$243', '商務大床房:HK$252']"
柏曼酒店（六安文滙店）,9.5,"['標準大床房:HK$186', '標準雙床房:HK$226', '豪華大床房:HK$236', '家庭房:HK$309']"
格林東方酒店（金寨蓮花山路店）,9.4,"['東方高級雙床房:HK$212', '東方高級大床房:HK$235', '東方雙床房:HK$240', '豪華大床房:HK$245']"
六安晟誠開元名庭酒店,9.6,"['名成高級雙床房:HK$367', '名成高級大床房:HK$379', '名成豪華雙床房:HK$391', '名成豪華河景大床房-一線河景-唯美夜景:HK$401', '名成豪華行政大床房-超大浴缸-唯美夜景:HK$447']"
六安曙光鉑尊酒店,9.5,"['豪華園景雙床房:HK$383', '豪華園景大床房:HK$393', '豪華湖景大床房:HK$418', '豪華湖景雙床房:HK$422', '行政園景雙床房:HK$463', '歡樂親子房:HK$474']"
六安環月萬乘國際酒店,9.4,"['特惠標準間:HK$259', '特惠大床房:HK$259', '觀景標間:HK$281', '觀景單間:HK$281']"
全季酒店（六安市政府政務中心店）,9.7,"['雙床房:HK$340', '大床房:HK$351', '高級雙床房:HK$371', '高級大床房:HK$381']"
韻庭酒店（六安政務中心山水奧萊星河店）,9.8,"['智景｜悠享標間65寸電視+羽絨被芯+夢百合零壓床墊:HK$248', '雲智｜闊景套房+智能客控+羽絨被芯+夢百合零壓床墊:HK$384']"
金寨國際酒店,9.5,"['金韻大床房:HK$320', '金尊雙床房:HK$350', '金尊大床房:HK$369', '景觀套房:HK$544', '臻品連通家庭房:HK$760']"
奧斯汀酒店（六安高鐵南站店）,9.1,"['優選·智影大床房:HK$260', '優選·智影雙床房:HK$260', '氧吧·智影大床房:HK$276', '氧吧·智影雙床房:HK$276']"
92·柒心海棠酒店（金寨大別山玉博園店）,9.7,"['花語輕奢雙床房|護髮高速吹風機·愜意辦公:HK$192', '花語輕奢大床房| 潔凈舒適·助眠床墊·衣櫃衣架:HK$198', '柒心影院雙床房|120寸巨幕VIP·可投屏·縱觀外景:HK$204', '海棠物語雙床房|全景落地窗·乾濕分離:HK$208', '海棠物語大床房|全景飄窗·陽光通透:HK$213']"
維也納3好酒店（六安萬達銀泰店）,9.6,"['高級大床房:HK$195', '高級雙床房:HK$206', '豪華大床房:HK$216', '豪華雙床房:HK$227']"
全季酒店（六安裕安區萬達廣場店）,4.4,"['商務大床房:HK$304', '商務雙床房:HK$334', '套房:HK$402']"
你好酒店（六安皋街店）,9.8,"['大床房:HK$177', '高級大床房:HK$187', '高級雙床房:HK$196', '景觀大床房:HK$205']"
舒城未一酒店,9.8,"['智能樂享大床房:HK$228', '臻選雅緻雙床房:HK$272', '臻選雅緻大床房:HK$272', '負離子靜雅雙床房:HK$304']"
六安都市風景花園賓館,9.5,"['特惠雙床房:HK$215', '商務標準間:HK$230', '商務大床房:HK$230', '豪華雙床房:HK$239']"
全季酒店（六安紅街步行街店）,9.2,"['豪華雙床房:HK$334', '高級大床房:HK$355', '家庭房:HK$364', '豪華大床房:HK$374']"
萬乘·皓彩大酒店（六安霍山店）,9.3,"['躍動·霓虹大床房丨金可兒床墊丨肯特吹風機丨有線快充:HK$241', '悦動·霓虹雙床房丨多線頭快充丨乾濕分離丨刮鬍刀:HK$241', '筒索萬境套房丨刮鬍刀丨乾濕分離丨多線頭快充丨雨傘:HK$346', '滑梯童趣屋丨巨幕投影丨電動窗簾丨乾濕分離丨有線快充:HK$409']"
六安茶閲夜酒店,9.1,"['茶閲雅緻雙床房（全屋智能）:HK$260', '療愈養生大床房（全屋智能浴足）:HK$292', '馥郁行政大床房（全屋智能浴缸）:HK$401', '清歡庭院景觀房（全屋智能浴缸）:HK$401', '馥郁休閑套房（全屋智能浴缸）:HK$587']"
尚品智慧酒店（六安銀泰萬達店）,9.2,"['智能標準大床房（羽絨被芯+零壓床墊）:HK$203', '智能標準雙床房（羽絨被芯+零壓床墊）:HK$211', '智能高級大床房（羽絨被芯+零壓床墊）:HK$218', '智能高級雙床房（羽絨被芯+零壓床墊）:HK$226']"
全季酒店（六安霍邱萬達廣場店）,9.7,"['高級大床房:HK$289', '高級雙床房:HK$289', '商務大床房:HK$326']"
六安葉集區城投商務中心酒店,8.8,"['杉語聽瀾大床房丨浴缸丨電視投屏丨乾濕分離丨充電線頭:HK$208', '杉語聽瀾雙床房丨酒店公區提供洗衣房丨雨傘丨體重秤:HK$218', '雲棲別院套房丨電視投屏丨乾濕分離丨浴缸丨浴袍:HK$365', '棲梧臻境套房丨浴缸丨電視投屏丨乾濕分離丨智能馬桶:HK$481']"
你好酒店（六安國際汽車城店）,9.9,"['高級大床房:HK$205', '商務大床房:HK$215', '商務雙床房:HK$224', '家庭房:HK$233']"
漢庭酒店（六安裕安區萬達廣場店）,9.6,"['高級大床房:HK$216', '高級雙床房:HK$226', '商務大床房:HK$236', '商務雙床房:HK$246']"
92漫步雲景酒店（金寨金粵大廈店）,9.5,"['漫選城景丨雙床房丨商務桌椅·潔凈舒適:HK$185', '漫語温馨丨雙床房丨乾濕分離·舒心夜眠:HK$193', '漫語温馨丨大床房丨親膚床品·中央空調:HK$193', '漫選城景丨大床房丨窗外好景·助眠床墊:HK$202']"
金寨鴻福花園粵海酒店,9.4,"['標準大床房（無窗）:HK$288', '標準雙床房（無窗）:HK$288', '豪華標準間:HK$319', '豪華單間:HK$319', '行政單間:HK$408']"
南苑e家精選酒店（六安火車站店）,9.5,"['休閑大床房:HK$137', '休閑雙床房:HK$137', '標準大床房:HK$146', '標準雙床房:HK$146']"
金寨飯店,9.7,"['豪華雙床房:HK$340', '高級大床房:HK$397', '豪華大床房:HK$425', '豪華景觀大床房:HK$472', '豪華樂享大床房:HK$472', '行政雙床房:HK$517']"
六安西晟開元名庭酒店,9.7,"['名成高級雙床房-大落地窗-全屋智能:HK$336', '名成高級大床房-大落地窗-全屋智能:HK$336', '名成豪華雙床房-大落地窗-全屋智能-璀璨夜景:HK$380', '名成豪華大床房-大落地窗-全屋智能-璀璨夜景:HK$380', '名成行政大床房-高空璀璨夜景-全屋智能:HK$445']"
海友酒店（六安金安區萬達廣場店）,9.5,"['大床房:HK$159', '高級大床房:HK$167', '雙床房:HK$176', '家庭房:HK$186']"
漢庭酒店（霍山迎賓大道店）,9.6,"['商務雙床房:HK$243', '商務大床房:HK$253', '家庭房:HK$263']"
輕享季酒店（光彩大市場火車站店）,9.4,"['輕享特惠大床房|酒店公區提供洗衣房|多線頭快充:HK$125', '輕享迷你大床房|酒店公區提供洗衣房|乾濕分離:HK$138', '輕享智能緊湊大床房|全屋智能丨電視投屏|多線頭快充:HK$151', '輕享智能雙床房|全屋智能|電視投屏丨多線頭快充:HK$196']"
六安萬乘·和諧園酒店（六安市政府店）,9.2,"['舒適大床房:HK$236', '豪華大床房:HK$403', '行政套房:HK$605']"
宜尚酒店（金寨五星街桂花公園店）,9.4,"['標準大床房:HK$204', '標準雙床房:HK$231', '豪華大床房:HK$236', '豪華雙床房:HK$251']"
金寨悦華酒店,9.3,"['高級大床房【小度智能客控】:HK$270', '豪華雙床房【小度智能客控】:HK$352', '豪華大床房【小度智能客控】:HK$365', '景觀套房【小度智能客控】:HK$470', '行政套房【小度智能客控】:HK$511']"
六安新錦成開元名都酒店,9.6,"['開元市景雙床房:HK$347', '開元市景大床房:HK$367', '豪華市景雙床房:HK$388', '開元尊享大床房:HK$394', '豪華市景大床房:HK$408', '行政市景大床房:HK$471']"
你好酒店（六安火車站店）,9.6,"['大床房:HK$195', '高級大床房:HK$204', '高級雙床房:HK$214', '豪華大床房:HK$224']"
藝龍酒店（六安雙創大廈店）,9.5,"['美凈雙床房「寬景大窗+品牌床墊零壓枕」:HK$232', '美致雙床房「寬景大窗+品牌床墊零壓枕」:HK$256', '美致大床房「寬景大窗+品牌床墊零壓枕」:HK$265', '行政大床房「寬景大窗+品牌床墊零壓枕+冰箱」:HK$326', '豪華行政套房「寬景大窗+浴缸+品牌床墊零壓枕+冰箱」:HK$479']"
法姬娜大酒店（霍邱汽車站店）,9.5,"['行政雙床房:HK$260', '高級大床房:HK$281', '豪華雙床房:HK$304', '豪華大床房:HK$336', '行政套房:HK$475']"
霍山輝隆君瀾度假酒店,9.6,"['商務大床房:HK$381', '商務雙床房:HK$403', '景觀大床房:HK$424', '景觀雙床房:HK$446', '豪華大床房:HK$501', '豪華雙床房:HK$523']"
維也納酒店（六安火車站政務中心店）,9.5,"['城景雙床房:HK$219', '豪華雙床房:HK$239', '豪華大床房:HK$259', '商務雙床房:HK$279']"
瑞安豪泰酒店（六安建業店）,9.1,"['雙床房:HK$109', '家庭房:HK$119', '高級大床房:HK$119', '高級雙床房:HK$119']"
金寨華安國際假日酒店,9.2,"['高級雙床房:HK$321', '高級大床房:HK$321', '豪華園景雙床房:HK$343', '豪華園景大床房:HK$343', '豪華山景大床房:HK$368']"
