酒店名称,评分,房型价格列表
全季酒店（包頭鋼鐵大街萬達廣場店）,9.7,"['雙床房（投屏+小冰箱）:HK$414', '高級大床房（投屏+小冰箱）:HK$442', '商務大床房（投屏+小冰箱）:HK$471', '商務雙床房（投屏+小冰箱）:HK$471']"
包頭青山賓館迎賓樓,9.6,"['高級太空艙大床房-置身秀美園林景觀:HK$706', '高級大床房-城市中的園林景緻:HK$756', '高級雙床房-城市中的園林景緻:HK$756', '豪華大床房-欣賞城市靜謐中的園林景緻:HK$898', '豪華雙床房-欣賞城市靜謐中的園林景緻:HK$898', '行政大床房-一覽城中園林景觀:HK$1,003']"
包頭禧瑞都酒店（團結大街店）,9.7,"['舒享雙床房[夢百合零壓床+小度智控+手機投屏]:HK$213', '雅緻大床房[一次性面巾.浴巾+夢百合零壓床+手機投屏]:HK$227', '沉浸式觀影大床房[騰訊視頻VIP+手機投屏+小度智控]:HK$233', '沉浸式觀影雙床房[騰訊視頻VIP+手機投屏+小度智控]:HK$233', '舒享大床房[一次性面巾.浴巾+夢百合零壓床+手機投屏]:HK$240']"
包頭世茂大酒店,8.9,"['尊尚商務大床房:HK$252', '雅緻商務雙床房:HK$329', '悠眠零壓大床房:HK$369', '幻彩主題大床房:HK$413', '蝶影夢境雙床房:HK$424']"
包頭國際會展中心亞朵酒店,9.7,"['雅緻大床房（投屏電視+語音客控+智能馬桶）:HK$457', '高級大床房（投屏電視+語音客控+智能馬桶）:HK$493', '行政雙床房（投屏電視+語音客控+智能馬桶）:HK$493', '行政大床房（投屏電視+語音客控+智能馬桶）:HK$520', '幾木大床房（投屏電視+語音客控+智能馬桶+小冰箱）:HK$548']"
包頭九原大廈酒店,9.4,"['高級大床房:HK$564', '夢百合零壓大床房（帶零壓床墊+記憶枕）:HK$577', '豪華大床房:HK$601', '豪華雙床房:HK$601', '高級雙床房:HK$620', '行政大床房:HK$677']"
包頭香格里拉大酒店,9.3,"['豪華雙床房 -阿爾丁植物園園景:HK$820', '豪華大床房 – 銀河廣場城市景:HK$820', '海洋主題大床房:HK$1,025', '海洋主題雙床房:HK$1,025', '沙漠主題大床房:HK$1,025', '草原主題大床房:HK$1,025']"
DOMAINE·德爾曼酒店（包頭青山區萬達廣場店）,9.7,"['曼選大床房「超安靜好睡眠•亞朵款深眠床墊&優質床品」:HK$184', '曼悦大床房「亞朵款深眠床墊•小冰箱•投屏電視•城景」:HK$194', '曼悦雙床房「亞朵款深眠床墊•小冰箱•投屏電視•城景」:HK$194', '曼悦套房「一室一廳&獨立會客&衣帽區•深眠床墊•城景」:HK$251', '曼雅大床房「亞朵款深眠床墊•小冰箱•投屏電視•城景」:HK$415']"
銀際酒店（包頭市青山王府井文化路店）,9.1,"['悦享大床房（零壓床墊+零壓記憶枕+電視可投屏）:HK$302', '悦享雙床房（零壓床墊+零壓記憶枕+電視可投屏）:HK$316', '潮派雙床房（零壓床墊+零壓記憶枕+電視可投屏）:HK$358', '行政大床房（零壓床墊+零壓記憶枕+電視可投屏）:HK$361', '270°陽光凌空城景大床房:HK$394']"
包頭海德酒店（鋼鐵大街昆區政府店）,9.3,"['特價大床房『舒適睡眠』:HK$345', '特價雙床房『舒適睡眠』:HK$345', '商務雙床房『加濕器』:HK$404', '商務大床房『加濕器』:HK$404', '豪華大床房『加濕器』:HK$459']"
赫瀾詩藝術酒店（包頭青山區萬達廣場店）,9.5,"['星空藝術電影大床房｜打卡香奈兒♦幻影星空頂♦奢享新風:HK$320', '頂奢藝術雙床房｜MLILY0壓床墊♦甄選品質浴袍♦舒睡好眠:HK$331', '藝術星空城景大床房｜香奈兒風♦魅影星空頂♦戴森風機:HK$342', '至尊藝術大床房｜75寸電視♦鑽石水杯♦15W無線快充♦舒眠:HK$353']"
桔子酒店（包頭文化路王府井店）,10.0,"['高級大床房（投屏電視觀影+小冰箱+金可兒床墊）:HK$387', '雙床房（投屏電視觀影+小冰箱+金可兒床墊）:HK$416', '商務大床房（投屏電視觀影+小冰箱+金可兒床墊）:HK$435', '高級雙床房（投屏電視觀影+小冰箱+金可兒床墊）:HK$463']"
包鋼賓館（包百王府井店）,9.6,"['庭院臻品雙床房（華為投屏觀影＋小冰箱＋席夢思床墊）:HK$376', '庭院優選大床房（華為投屏觀影＋小冰箱＋席夢思床墊）:HK$386', '庭院臻選大床房（華為投屏觀影＋小冰箱＋席夢思床墊）:HK$535']"
錦江都城酒店（包頭鋼鐵大街萬達廣場店）,9.4,"['時尚大床房【智能馬桶+投屏電視+觀景飄窗茶台】:HK$289', '時尚雙床房【智能馬桶+投屏電視+觀景飄窗茶台】:HK$289', '精緻大床房【智能馬桶+投屏電視+觀景飄窗茶台】:HK$315', '精緻雙床房【智能馬桶+投屏電視+觀景飄窗茶台】:HK$326', '風雅大床房【智能馬桶+投屏電視+觀景飄窗茶台】:HK$348']"
包頭雲舍酒店（國際會展中心天福廣場店）,9.5,"['特色大床房「全屋智能+雅蘭零壓床墊+深睡好眠」:HK$283', '古典大床房「花草紋樣+雅蘭零壓床墊+智能客控」:HK$305', '野奢雙床房「巖畫圖案+雅蘭零壓床墊+全屋智能」:HK$305', '蒙古包大床房「勞斯萊斯星空頂+雅蘭零壓床墊」:HK$305']"
全季酒店（包頭民族東路店）,9.4,"['大床房（投屏+小冰箱）:HK$438', '高級大床房（投屏+小冰箱）:HK$458', '高級雙床房（投屏+小冰箱）:HK$458', '商務大床房（投屏+小冰箱）:HK$478']"
包頭路程酒店（昆都侖區包百商業步行街店）,9.8,"['豪華雙床房（小度全屋聲控+零壓床墊）:HK$238', '超級大床房（小度全屋聲控+純棉面巾）:HK$238', '雅緻大床房（小度全屋聲控+超大頂噴）:HK$273', '高級雙床房（小度全屋聲控+乾濕分離）:HK$274']"
亞美嘉華AMEGAVA設計師酒店,9.5,"['星空網紅大床房『勞斯萊斯星空頂♦75寸電視♦無線充』:HK$343', 'AMEGAVA設計師大床房『奢華蒂芙尼藍♦IPAD人機互動』:HK$354', 'AMEGAVA設計師雙床房『奢華蒂芙尼藍♦零壓床墊♦好眠』:HK$354', '設計師影音大床房『3D立體環繞音♦VIP會員♦全屋智能』:HK$365', '魔鏡網紅大床房『小度運動鏡♦IPAD人機互動♦奢享靜謐』:HK$376']"
ALAN·銀際酒店（包頭市九原政府機場店）,9.3,"['覓靜大床房（親膚床品+舒睡枕）:HK$229', '雅緻雙床房（親膚床品+舒睡枕+負離子吹風機）:HK$240', '雅緻大床房（親膚床品+舒睡枕+負離子吹風機）:HK$252', 'Alan街景雙床房（舒睡枕+香氛加濕器+休閑椅）:HK$262', 'Ａlan街景大床房（舒睡枕+香氛加濕器+休閑椅）:HK$273']"
包頭賓館 （國賓樓）,8.6,"['國賓樓-高級標間:HK$391', '國賓樓-高級單間:HK$391', '國賓樓-智能商務單間:HK$424', '國賓樓-智能商務標間:HK$424', '國賓樓-家庭套間:HK$492']"
喆啡酒店（包頭青山區政府店）,9.7,"['特惠大床房（記憶床墊+記憶枕+全屋智能）:HK$275', '醇享大床房（記憶床墊+記憶枕+全屋智能）:HK$290', '醇享雙床房（記憶床墊+記憶枕+全屋智能）:HK$290', '啡凡大床房（記憶床墊+記憶枕+全屋智能）:HK$365']"
錦頤優選酒店（包頭稀土高新區店）,9.7,"['小童大床房「慕思床墊+舒睡好眠+朗樂福乳膠枕」:HK$299', '小童雙床房「樂享親子空間+動物樂園主題房+璀璨星空」:HK$299', '雅緻大床房「璀璨星空+靜謐空間」:HK$368', '雅緻雙床房「燈火留螢+高空美景+網紅打卡」:HK$368']"
五象臻悦酒店（包頭萬達銀河廣場店）,9.2,"['「木槿｜榻榻米」零壓床墊·全屋智能·MINI冰箱·高清投屏:HK$240', '「靜謐系｜Luxury大床房」4K巨幕影院·VIP影視·零壓床墊·洗烘一體·全屋智能:HK$243', '「靜謐系｜大床房」4K巨幕影院•VIP影視•零壓床墊•全屋智能:HK$258', '「180°摩登系｜商務雙床房」4K巨幕影院·零壓床墊·記憶枕芯·全屋智能:HK$287']"
包頭凱賓酒店,9.1,"['商娛大床房5層:HK$196', '商務大床:HK$249', '商務雙床:HK$262', '行政大床:HK$294', '行政雙床:HK$304']"
如家艾扉酒店（包頭一宮師範學院店）,9.3,"['高級雙床房（電視投屏觀影+記憶枕+休閑沙發）:HK$210', '高級大床房（電視投屏觀影+記憶枕+休閑沙發）:HK$210', '家庭房（電視投屏觀影+記憶枕+休閑沙發）:HK$254', '套房（電視投屏觀影+記憶枕+休閑沙發）:HK$271']"
錦江都城酒店（包頭火車站科技大學店）,9.6,"['精緻商務房（零壓床墊+記憶枕+香氛精油+加濕器）:HK$291', '精緻雙床房（零壓床墊+記憶枕+香氛精油+加濕器）:HK$291', '風雅商務房（零壓床墊+記憶枕+香氛精油+加濕器）:HK$315', '風雅雙床房（零壓床墊+記憶枕+香氛精油+加濕器）:HK$315', '都會商務房（按摩枕+零壓床墊+記憶枕+香氛精油+加濕器）:HK$331']"
錦頤優選酒店（包頭東站店）,9.8,"['智能雅緻大床房（慕思床墊+智能客控+恆温馬桶）:HK$308', '智能高級大床房（森林氧吧+古城光影+夜色撩人）:HK$330', '智能高級雙床房（心靈休憩+璀璨星空+私享會客空間）:HK$342', '智能影音大床房（慕思床墊+智能客控+恆温馬桶）:HK$342']"
包頭茂業萬豪酒店,9.4,"['豪華大床房-繁華都市城景:HK$861', '豪華雙床房-繁華都市城景:HK$861', '尊貴雙床房--靜享城市日出:HK$925', '尊貴大床房-遠眺城市美景:HK$925', '行政大床房-遠眺城市天際線:HK$1,116', '行政雙床房--遠眺城市天際線:HK$1,116']"
麗楓酒店（包頭萬達廣場店）,9.4,"['豪華大床房（慕思床墊+空氣凈化器+全屋智能）:HK$448', '景觀大床房（慕思床墊+空氣凈化器+全屋智能）:HK$474', '浪漫優享房（慕思床墊+空氣凈化器+全屋智能）:HK$492', '豪華雙床房（慕思床墊+空氣凈化器+全屋智能）:HK$501']"
全季酒店（包頭青山區文化路店）,9.7,"['高級大床房（投屏電視+小冰箱+智能馬桶）:HK$442', '雙床房（投屏電視+小冰箱+智能馬桶）:HK$472', '商務大床房（投屏電視+小冰箱+智能馬桶）:HK$472', '家庭房（投屏電視+小冰箱+智能馬桶）:HK$553']"
璞悦酒店（包頭賽罕塔拉城中草原青山區政府店）,9.6,"['舒睡大床房:HK$226', '舒睡雙床房:HK$236', '雅緻雙床房:HK$269', '雅緻大床房（鵝絨被+足浴養生桶）:HK$269']"
克麗斯汀酒店（包頭一機集團店）,9.7,"['優選大床房:HK$305', '優選雙床房:HK$305', '行政雙床房:HK$346', '行政大床房:HK$368']"
錦頤優選酒店（包頭奧林匹克公園店）,9.6,"['雅緻大床房 - 無窗「慕思床墊+工夫茶具＋深睡好眠」:HK$328', '雅緻大床房 - 內景窗「慕思床墊+智能馬桶＋深睡好眠」:HK$339', '影音大床房 - 無窗「慕思床墊+智能投屏＋朗樂福」:HK$350', '高級大床房「慕思床墊+乾濕分離＋工夫茶具」:HK$404']"
馨致酒店（包頭火車站金融廣場店）,9.6,"['智控優享雙床房:HK$283', '智控優享大床房:HK$294', '智控輕享商務雙床房:HK$317', '智控悦享商務大床房:HK$339']"
東臨儷舍酒店（包頭火車站科技大學店）,8.5,"['凌空觀景大床房「全屋智能 夢百合零壓床墊 俯瞰夜景」:HK$200', '凌空觀景雙床房「全屋智能 夢百合零壓床墊 俯瞰夜景」:HK$200', '夕陽美景影院大床房「全屋智能 零壓床墊 俯瞰夜景」:HK$219', '夕陽美景大床房「全屋智能 夢百合零壓床墊 俯瞰夜景」:HK$219']"
包頭君悦酒店（包百王府井店）,9.2,"['悦心大床房:HK$156', '悦享大床房:HK$191', '商務雙床房:HK$235', '夢百合零壓大床房:HK$281']"
錦頤優選酒店（包頭萬達店）,9.6,"['榻榻米「網紅打卡+夜泊燈火+私享會客空間」:HK$392', '雅緻大床房「慕思床墊+sevenplus高端洗護+舒睡好眠」:HK$414', '高級大床房「慕思床墊+sevenplus高端洗護+電視投屏」:HK$435', '高級雙床房「慕思床墊+sevenplus高端洗護+電視投屏」:HK$457']"
包頭騏驥酒店（奧林匹克公園店）,9.3,"['騏驥輕享雙床房:HK$418', '騏驥舒適雙床房（園景）:HK$466', '騏驥醇享大床房（園景）:HK$466']"
維也納國際酒店（包頭機場店）,9.8,"['高級大床房（維也納愉夢床墊）:HK$259', '高級雙床房（維也納愉夢床墊）:HK$268', '商務大床房（維也納愉夢床墊）:HK$276', '商務雙床房（維也納愉夢床墊）:HK$284']"
你好酒店（包頭民族東路店）,9.3,"['大床房:HK$281', '高級大床房:HK$299', '高級雙床房:HK$327', '商務大床房:HK$327']"
包頭稀土國際大酒店（包頭火車站稀土大廈店）,9.5,"['舒適標準間:HK$303', '尊享大床房（小度智能客控+小冰箱）:HK$365', '尊享標間（智能客控+加濕器）:HK$389', '行政套間:HK$669', '觀景套房（智能客控+會客廳+投屏+辦公桌椅）:HK$1,069']"
包頭天龍大酒店,8.5,"['雅緻雙床房:HK$416', '行政雙床房:HK$420', '輕奢大床房:HK$420', '優眠大床房:HK$424', '行政大床套房:HK$546']"
希岸·輕雅酒店（包頭青山萬達廣場店）,9.4,"['希岸高級雙床房（55寸智能投屏+MINI冰箱+化粧鏡+零壓記憶枕）:HK$246', '希岸高級大床房（MINI冰箱+化粧鏡+零壓記憶枕）:HK$246', '希岸豪華大床房（55寸智能投屏+智能客控+MINI冰箱+化粧鏡+零壓記憶枕）:HK$280', '希岸豪華雙床房（智能馬桶+MINI冰箱+零壓記憶枕）:HK$280']"
艾扉酒店（包頭師範學院科學路店）,9.5,"['雙床房:HK$162', '高級雙床房:HK$178', '高級大床房:HK$186', '鴻致大床房「國風元素」:HK$198']"
徵悦酒店（包頭輕工學院印象城店）,9.7,"['優選大床房:HK$320', '遠景雙床房:HK$330', '靜雅大床房:HK$341', '靜謐大床房:HK$527', '奧林景觀套間:HK$610']"
包頭光輝假日酒店（青山區人民政府店）,8.5,"['美式大床房:HK$358', '美式雙床房:HK$358', '豪華商務套房:HK$654', '豪華家庭套房:HK$730', '喜結連理套房:HK$731']"
宸浦酒店（包頭會展中心天福廣場店）,9.5,"['悦享·智能觀景大床房「全屋智能 夢百合零壓床墊 深睡好眠」:HK$232', '尊享·智控雙床房「母子床+夢百合零壓床墊」:HK$283', '雅享·智控零壓大床房「夢百合零壓床墊+深睡好眠」:HK$287', '雅享·智控浴缸大床房:HK$311']"
錦江之星酒店（包頭鋼鐵大街包鋼店）,9.8,"['星悦高級大床房「智能客控+投屏電視觀影+商務辦公桌」:HK$235', '星選高級雙床房「智能客控+投屏電視觀影+商務辦公桌」:HK$244', '星悦豪華大床房「智能客控+智能馬桶+投屏電視觀影」:HK$261', '星選豪華雙床房「智能客控+智能馬桶+投屏電視觀影」:HK$269']"
包頭晶龍酒店,9.6,"['智能大床房:HK$297', '智能雙床房:HK$297', '影音大床房:HK$320', '智能家庭房:HK$360']"
景沐酒店（包頭火車站稀土高新區店）,9.1,"['北歐簡奢 | 雲隱大床房-全房型智能+夢百合床墊+記憶枕:HK$192', '零壓舒適 | 智能大床房-全屋智能+夢百合床墊+記憶枕:HK$211', '海量影視 | 巨幕投影大床房-100寸巨幕超清投影+可投屏:HK$215', '靜謐好眠 | 悦享智能雙床房-簡奢衞浴+智能馬桶+辦公區:HK$234']"
