酒店名称,评分,房型价格列表
格林東方酒店（北屯步行街店）,9.6,"['東方雙床房:HK$309', '東方大床房:HK$331', '東方高級大床房:HK$518', '東方高級雙床房:HK$518', '東方豪華大床房:HK$626']"
雅居酒店（北屯購物公園店）,9.4,"['雅緻.豪華單間（智能客控.零壓記憶棉床墊）:HK$538', '雅集.舒適單間（智能客控.零壓記憶棉床墊）:HK$538', '雅緻.輕奢大床房（智能可控.零壓記憶棉床墊）:HK$557', '雅頌.豪華雙床房（智能客控.舒眠床墊）:HK$557', '雅瀾.特惠雙床房（智能客控.舒眠床墊）:HK$557']"
雲景灣酒店（北屯市建材市場店）,9.0,['景遊▪舒適雙床房:HK$370']
北屯得仁山花園酒店,9.4,"['商務單間:HK$539', '商務標間:HK$539', '豪華單間:HK$617', '豪華標間:HK$617', '豪華套間:HK$755']"
北屯萬豪假日酒店,8.8,"['普通標準間:HK$661', '豪華標準間:HK$757', '豪華大床房:HK$757', '三人間:HK$853']"
北屯金廷國際酒店,8.8,"['標準大床間:HK$332', '標準雙人間:HK$348', '豪華雙人間:HK$363', '標準三人間:HK$473']"
北屯錦冠國際大酒店,8.7,"['豪華雙床房:HK$685', '豪華大床房:HK$784', '家庭親子房:HK$811', '豪華三人間:HK$980']"
北屯北國春城酒店（市政府店）,9.1,"['特價標準間（安心睡眠+零壓床墊）:HK$395', '特惠大床房（安心睡眠+零壓床墊）:HK$411', '豪華標準間（安心睡眠+零壓床墊）:HK$419', '温馨大床房（安心睡眠+零壓床墊）:HK$425']"
維也納酒店（北屯玉帶河店）,9.4,"['標準大床房:HK$394', '標準雙床房:HK$394', '高級雙床房:HK$435', '高級大床房:HK$435']"
北屯新程酒店,8.1,"['高級大床房:HK$391', '雙床間:HK$391', '家庭房:HK$431', '三人間:HK$490']"
北屯湘溢海川國際酒店,8.4,"['豪華標間:HK$476', '行政標間:HK$527', '豪華單間:HK$603', '行政套房:HK$762']"
北屯新洲景緻大酒店,9.0,"['標準間:HK$340', '大床房:HK$340', '家庭房:HK$530', '標準三人間:HK$530']"
尚客優品酒店（北屯華陽路店）,8.6,"['優品高級雙床房:HK$279', '優品豪華大床房:HK$310', '優品高級家庭房:HK$382', '優品商務三人間:HK$382']"
北屯水潤酒店,9.7,"['素簡 ·逸居雙床房（綠色環保+安睡保障）:HK$353', '簡致 ·悠夢大床房（環保宜居+酣睡呵護）:HK$373', '童夢 ·樂居親子間（環保築家+温馨安睡）:HK$373', '樸雅 ·逸境套房（奢適空間+舒眠配置）:HK$411']"
北屯福瑞祥酒店,8.7,"['普通標準間:HK$183', '豪華大床房:HK$281', '豪華標準間:HK$292', '豪華三人間:HK$347']"
格林豪泰酒店（北屯廣美建材城店）,8.9,"['特價雙床房:HK$391', '高級標準間:HK$402', '豪華大床房:HK$415', '豪華雙床房:HK$415']"
北屯凡世酒店,8.1,"['時尚大床房:HK$174', '時尚標間:HK$174', '親子家庭房:HK$174', '時尚小單間:HK$174']"
北屯市鴻福賓館,8.7,"['標準間:HK$122', '大床房:HK$122']"
北屯君邦電競快捷酒店,8.1,"['輕享簡約雙床房:HK$120', '單人電競休閑大床房:HK$151', '單機電競雙床房:HK$156', '頂配單機電競房[雙床13代I7處理器+4070顯卡+32G內存+2K180赫茲顯示器]:HK$192']"
北屯市華瀾星茂酒店,9.0,[]
