酒店名称,评分,房型价格列表
十堰瀾岸酒店（五堰步行街店）,9.6,"['瀾岸大床房（全屋聲控+智能馬桶）:HK$198', '智享大床房（直飲凈水器+零壓舒睡大床+智能客控）:HK$219', '智享雙床房（辦公桌椅+零壓深睡床墊枕頭+直飲凈水機）:HK$226', '景觀大床房（城景+浴缸or按摩椅+深睡零壓床墊枕頭）:HK$253']"
璞曼山居院子（武當山入口店）,9.6,"['悠景大床房:HK$262', '庭院花園大床房:HK$306', '悠景雙床房:HK$306', '庭院花園雙床房:HK$327']"
景怡美辰酒店（十堰北京中路漢江師範學院店）,9.7,"['良辰│舒睡大床房【高清投屏+靜謐空間+深度睡眠】:HK$174', '美景│舒睡雙床房【高清投屏+辦公桌椅+乳膠記憶枕】:HK$174', '星辰│零壓大床房（高清投屏+零壓床墊+乳膠記憶枕）:HK$195', '美意│零壓雙床房:HK$195']"
四季國際酒店（十堰北京中路大學城店）,9.5,"['高級大床房【坐卧沙發+舒睡好眠】:HK$194', '高級雙床房【深睡好眠+乳膠床墊】:HK$202', '豪華雙床房【2張超大雙人床+記憶枕+乳膠床墊】:HK$214', '商務大床房【商務辦公桌+小冰箱】:HK$216', '商務雙床房【辦公用品+獨立辦公區+坐卧沙發】:HK$222']"
萬達悦華酒店·七俠武驛（武當山景區入口店）,9.5,"['問道大床房（智能馬桶+Acca Kappa洗護用品）:HK$304', '問道雙床房（智能馬桶+Acca Kappa洗護用品）:HK$304', '悟道大床房（智能馬桶+Acca Kappa洗護用品）:HK$391', '悟道雙床房（智能馬桶+Acca Kappa洗護用品）:HK$391', '行道親子房（智能馬桶+Acca Kappa洗護用品+道茶品茗+親子床型）:HK$643']"
十堰棲悦酒店（人民廣場店）,9.6,"['棲悦大床房（暖氣+全屋智能+休閑躺椅）:HK$175', '棲悦雙床房（暖氣+全屋智能+休閑茶台）:HK$195', '零壓晨景大床房（暖氣+全屋智能+休閑躺椅）:HK$228', '零壓悦慕大床房（暖氣+辦公桌椅+休閑躺椅）:HK$240']"
維也納國際酒店（十堰五堰步行街店）,9.2,"['高級大床房:HK$231', '高級雙床房:HK$231', '豪華雙床房:HK$250', '豪華大床房【商務辦公桌+坐卧沙發】:HK$254', '城景雙床房【商務辦公桌+落地城景大窗】:HK$292']"
大美假日智能酒店（十堰上海路店）,9.7,"['商務大床房·高層美景·智能客控·乳膠床墊:HK$253', '商務雙床房·高層美景·智能客控·乳膠床墊:HK$253', '高級雙床房·手機投屏·高層美景·智能客控·乳膠床墊:HK$278', '高級大床房·手機投屏·高層美景·智能客控·乳膠床墊:HK$285']"
十堰重慶路亞朵X酒店,9.5,"['高級大床房-投屏電視:HK$305', '行政雙床房-投屏電視:HK$305', '行政大床房-投屏電視:HK$323', '幾木大床房-投屏電視+小冰箱:HK$358', '高級套房-投屏電視+小冰箱:HK$448']"
宜尚酒店（十堰上海路漢江師範學院店）,9.7,"['標準大床房（簡約北歐風+飄窗採光）:HK$274', '高級大床房（舒適沙發+高層自然採光）:HK$307', '高級雙床房（舒適床品，寬敞明亮）:HK$316', '豪華大床房（舒適沙發+高層採光+城市美景）:HK$340']"
白玉蘭酒店（十堰五堰步行街店）,9.2,"['靜逸大床房（無窗兩米大床）:HK$167', '輕舒大床房（可投屏+房間獨立wifi）:HK$169', '零壓輕舒大床房（可投屏+房間獨立wifi）:HK$176', '舒雅大床房（懷舊遊戲影視+可投屏+騰訊會員）:HK$179']"
十堰武當國際酒店,9.6,"['豪華大床房:HK$324', '山景大床房:HK$468', '山景雙床房:HK$468', '家庭親子房:HK$511', '行政大床房:HK$577', '行政雙床房:HK$577']"
十堰三贏酒店,9.5,"['零壓好眠大床房（零壓床墊+落地街景）:HK$246', '零壓好眠雙床（零壓床墊+深度睡眠+落地街景）:HK$268', '怦然心動網紅圓床房（電動）:HK$300', '樂享棋牌大床房（中央空調+俯瞰夜景）:HK$337']"
你好酒店（十堰人民路店）,9.7,"['大床房:HK$247', '高級大床房:HK$254', '雙床房:HK$257', '高級雙床房:HK$287']"
十堰大嘉國際酒店,9.6,"['雅緻大床房:HK$366', '豪華大床房:HK$411', '園林雙床房:HK$482', '園林大床房:HK$507', '家庭大床房:HK$595']"
維也納國際酒店（十堰萬達高鐵站店）,9.3,"['高級大床房:HK$272', '高級雙床房:HK$279', '豪華大床房【智能客控+全景落地窗】:HK$293', '豪華雙床房【智能客控+全景落地窗】:HK$307']"
十堰鄖陽希爾頓歡朋酒店,9.4,"['舒適大床房（安靜舒適+舒達專利床墊+科勒衞浴+人體工學椅+辦公書桌）:HK$352', '高級江景雙床房（一線江景+舒達專利床墊+科勒衞浴+人體工學椅+辦公書桌）:HK$383', '豪華大床房（親子沙發床+舒達專利床墊+科勒衞浴+人體工學椅+辦公書桌）:HK$383', '高級江景大床房（一線江景+舒達專利床墊+科勒衞浴+人體工學椅+辦公書桌）:HK$403', '豪華江景大床房（一線江景+親子沙發床+舒達專利床墊+科勒衞浴+人體工學椅+辦公書桌）:HK$433']"
十堰心湖民宿,9.4,"['園景雙床房:HK$362', '臨湖觀景大床房:HK$387', '園景露台雙床房:HK$439', '臨湖露台觀景大床房:HK$439']"
城市便捷酒店（十堰高鐵萬達廣場店）,9.0,"['商務雙床房:HK$175', '影院大床房:HK$183', '高級大床房:HK$190', '家庭房:HK$229']"
瑞和酒店（十堰環球港行政服務中心店）,9.4,"['舒居·商務大床房（舒適床品+夜晚好眠+靜謐優享）:HK$180', '舒居·商務雙床房（零壓床墊+自然眠愈+落日餘暉）:HK$180', '甄選·豪華大床房（辦公桌椅+乾濕分離+空氣清新）:HK$202', '甄選·豪華雙床房（辦公桌椅+落日餘暉+恬夢熟睡）:HK$202']"
錦華國際大酒店（上海路漢江師範學院店）,9.7,"['優選雙床房（全景落地窗+休閑茶台+鵝絨被）:HK$210', '優選大床房（護頸冷暖枕+智能馬桶+獨立辦公區）:HK$210', '悦享-零壓智能大床房（悠遊春景+全屋智能+零壓床墊）:HK$261', '悦享-零壓智能雙床房（全屋智能+乾濕分離+乳膠護枕）:HK$261']"
十堰楓渡酒店（陽光棲谷鄖陽中學店）,9.6,['純粹大床房（房全屋智能+零壓床墊+夢潔布草+小冰箱）:HK$278']
十堰嘉華假日酒店（五堰商場人民醫院店）,9.3,"['高級城景雙床房:HK$171', '高級城景大床房:HK$177', '山景陽光雙床房（可觀自然山景）:HK$185', '山景陽光大床房（可觀自然山景）:HK$200']"
城市便捷酒店（十堰鄖陽區政府店）,9.5,"['高級大床房（零圧床墊+記憶枕+辦公桌+酒店公區提供自助洗衣房）:HK$190', '高級雙床房（零圧床墊+記憶枕+辦公桌+酒店公區提供自助洗衣房）:HK$190', '標準大床房（零圧床墊+記憶枕+辦公桌+酒店公區提供自助洗衣房）:HK$192', '智能豪華大床房（智能客控+零圧床墊+記憶枕）:HK$219']"
武當山賓館,9.5,"['高級大床房:HK$369', '高級雙床房:HK$369', '豪華大床房:HK$446', '豪華雙床房:HK$446', '高級套房:HK$644']"
桔子酒店（十堰人民路店）,9.7,"['月若流金大床房-小度智能客控+小帥投屏:HK$321', '月若流金商務雙床房-小度智能客控+小帥智能投屏:HK$341', '月若流金商務大床房-小度智能客控+小帥智能投屏:HK$352', '月若流金豪華雙床房-小度智能客控+小帥智能投屏:HK$372']"
十堰萬達廣場桔子水晶酒店,9.8,"['高級大床房（絲漣+俯瞰城市夜景）:HK$362', '高級雙床房（安睡香薰晶石+絲漣）:HK$381', '豪華雙床房（安睡香薰晶石+絲漣）:HK$400', '觀景高級大床房（絲漣+俯瞰城市夜景）:HK$410', '行政大床房（絲漣+俯瞰城市夜景）:HK$449']"
十堰萬德國際大酒店（六堰人民商場店）,8.9,"['舒居-雅緻雙床房（舒睡床品-靜享舒睡-璀璨夜景）:HK$224', '甄選-豪華舒眠雙床房（靜享舒睡-高級城景-零壓床墊）:HK$251', '甄選-豪華舒眠大床房（靜享舒睡-高層觀景-養生枕頭）:HK$251', '逸居-雅緻大床房（春日限定+深度睡眠床墊+辦公桌椅）:HK$254', '悦居-行政雙床房（全屋智能-靜音地毯-深度睡眠床墊）:HK$313']"
十堰鄖陽國際酒店（鄖陽區政府店）,9.4,"['隱逸雙床房:HK$201', '隱逸大床房:HK$201', '舒適大床房（智能窗簾+街景+院景）:HK$243', '舒適雙床房:HK$274']"
十堰美盛假日酒店（上海路大學城店）,9.7,"['美盛雙床房（深睡床墊）:HK$353', '美盛雅緻雙床房:HK$353', '美盛大床房（深睡床墊）:HK$369', '商務套房B（超大會客辦公區+深睡床墊）:HK$424', '商務套房A（超大會客辦公區+深睡床墊+浴缸）:HK$446']"
喆·啡酒店（十堰京東路浙江路體育公園店）,9.6,"['啡凡大床房:HK$226', '啡凡雙床房:HK$260', '啡凡休閑大床房:HK$261', '啡凡商旅套房:HK$365']"
十堰希爾頓花園酒店,9.5,"['花園大床房:HK$325', '花園雙床房:HK$325', '花園高級大床房（高層）:HK$357', '花園高級雙床房（高層）:HK$357', '花園家庭大床房:HK$464']"
十堰太極泉健康休閑酒店,8.9,"['特惠雙床房:HK$294', '商務大床房:HK$327', '韓式主題房:HK$327', '歐式主題房:HK$327', '商務標準間:HK$327']"
星程酒店（十堰天津路店）,9.8,"['高級大床房:HK$255', '商務大床房:HK$261', '高級雙床房:HK$286', '商務雙床房:HK$315']"
十堰上海路亞朵酒店,9.6,"['行政大床房—投屏電視+小冰箱:HK$358', '行政雙床房—投屏電視+小冰箱:HK$383', '幾木大床房—投屏電視+智能客控+小冰箱:HK$412', '幾木養生大床房—投屏電視+智能客控+小冰箱:HK$457', '幾木套房—投屏電視+智能客控+小冰箱:HK$502']"
澳斯特精選酒店（十堰火車站店）,9.1,"['商務大床房:HK$143', '精選標準房:HK$163', '精選大床房:HK$243', '行政大床房:HK$252']"
十堰·錦瀾｜Wd-Style·ElectricTheme設計師酒店（湖北汽院店）,9.0,"['虎嘯灘｜錦綉雙床房「65寸投屏•亞朵深睡床墊•空氣凈化」:HK$173', '五龍河｜陽光大床房「FUXIN冰箱•亞朵深睡床墊•空凈器」:HK$190', '太極湖｜留餘大床房「空氣凈化加濕•亞朵深睡床•電玩」:HK$213', '情比金堅｜滾來滾去超級大床房「山景•冰箱•投屏•園林」:HK$226']"
錦江之星風尚（十堰北京中路店）,9.6,"['精選商務房B:HK$191', '精選標準房A:HK$207', '精選商務房A:HK$239', '豪華商務房:HK$247']"
如家商旅酒店（十堰北京路漢江師範學院店）,9.7,"['大床房A:HK$183', '大床房:HK$208', '高級雙床房:HK$216', '高級大床房:HK$224']"
如家商旅酒店（十堰人民南路三堰店）,9.5,"['商務大床房:HK$194', '高級大床房:HK$211', '雙床房:HK$211', '高級雙床房（夢百合床墊）:HK$227']"
瑜泓酒店 （十堰京東路店）,9.0,"['商務大床房:HK$199', '商務雙床房:HK$199', '行政大床房:HK$225', '行政雙床房:HK$225']"
白玉蘭酒店（十堰體育中心店）,9.4,"['靜逸大床房:HK$190', '靜雅大床房:HK$207', '靜雅雙床房:HK$207', '舒雅雙床房:HK$248']"
鑫悦雅宿酒店（十堰火車站北廣場店）,9.4,"['星辰雙床房:HK$148', '星悦大床房:HK$155', '星辰大床房:HK$160', '星悦雙床房:HK$172']"
白玉蘭酒店（十堰火車站店）,9.6,"['靜雅大床房:HK$222', '零壓靜雅大床房:HK$294', '零壓靜雅雙床房:HK$294']"
亞悅酒店（十堰客運站店）,9.9,"['惠享大床房:HK$230', '商務大床房:HK$242', '商務雙床房:HK$251', '豪華雙床房:HK$259']"
全季酒店（十堰上海路酒店）,9.7,"['大床房:HK$331', '高級大床房:HK$362', '高級雙床房:HK$362', '舒壓-高級雙床房:HK$391']"
十堰美樂賓館,9.3,"['美樂丨智能靜雅大床房:HK$151', '美樂丨特惠大床房:HK$151', '美樂丨智能景觀雙床房:HK$151', '美樂丨智能街景雙人房:HK$162']"
如家睿柏·雲酒店（十堰車站路店）,9.3,"['商務大床房:HK$173', '商務雙床房:HK$173', '高級大床房:HK$206', '高級雙床房:HK$206']"
城市便捷酒店（十堰火車站北廣場店）,9.5,"['標準大床房（零壓床墊+軟硬枕可選+梳粧全身鏡）:HK$168', '高級雙床房（夢百合床墊+落地街景）:HK$180', '豪華大床房（180度觀景陽台+中央空調）:HK$188', '標準雙床房（夢百合床墊+落地街景+辦公桌）:HK$199']"
錦江之星風尚酒店（十堰人民北路五堰步行街店）,9.5,"['標準大床房+小度智能:HK$180', '高級大床房+小度智能+坐卧沙發:HK$188', '高級雙床房+小度智能+坐卧沙發:HK$188', '豪華大床房+小度智能+榻榻米+商務茶具:HK$195']"
