酒店名称,评分,房型价格列表
南京金帆萬源酒店（新街口上海路店）,9.5,"['輔樓臻享大床房:HK$326', '高級大床房:HK$359', '商務大床房:HK$359', '高級陽光大床房:HK$391', '高級陽光雙床房:HK$391']"
世紀緣國際會議中心（百家湖1912店）,9.5,"['特惠單間:HK$341', '特惠標準間:HK$341', '高級商務標準間:HK$415', '豪華景觀大床房:HK$457', '豪華景觀雙床房:HK$457']"
南京鐘山賓館（江蘇省會議中心）,9.4,"['主樓丨鐘山標準間『十里秦淮水』:HK$495', '主樓丨紫金大床房『百年鐘山情』:HK$516', '主樓丨豪華大床房『電熱毛巾架・智能馬桶』:HK$539', '主樓丨豪華標準間『電熱毛巾架•智能馬桶』:HK$549', '貴賓樓丨行政大床房『靜享儒風雅韻』:HK$571', '貴賓樓丨行政標準間『舒享商務空間』:HK$571']"
全季酒店（南京軟件大道地鐵站店）,9.6,"['雙床房（65寸電視投屏|智能馬桶）:HK$394', '大床房（65寸電視投屏|智能馬桶）:HK$411', '高級大床房（65寸電視投屏|智能馬桶）:HK$421', '舒壓雙床房（65寸電視投屏|智能馬桶）:HK$430']"
喜灣酒店（南京奧體中心店）,9.4,"['星空大床房（星空無窗+徠芬吹風機+顧家家居）:HK$393', '景觀大床房（景觀內窗+語音智控+顧家床墊）:HK$425', '臻品大床房（語音智控+顧家床墊+落地窗）:HK$469', '景觀雙床房（景觀內窗+語音智控+顧家床墊+無線充電）:HK$491']"
美璟大酒店（南京光華路苜蓿園大街店）,9.5,"['舒適大床房:HK$251', '舒適雙床房:HK$259', '豪華氧吧大床房:HK$284', '豪華氧吧雙床房:HK$301']"
曙光薇酒店（南京夫子廟老門東店）,9.6,"['氧吧安睡大床房:HK$487', '高級大床房:HK$531', '高級雙床房:HK$638', '豪華大床房:HK$660', '豪華雙床房:HK$738']"
南京玄武飯店,9.4,"['玄武尊享大床房:HK$590', '豪華城景雙床房:HK$677', '豪華城景大床房:HK$677', '玄武尊享雙床房:HK$698', '豪華城景家庭房:HK$806', '豪華城景親子房:HK$806']"
泊金全季酒店（南京玄武湖公園店）,9.4,"['高級大床房:HK$502', '大床房:HK$527', '景觀大床房:HK$528', '高級雙床房:HK$546']"
禧映酒店（南京夫子廟景區老門東店）,9.3,"['尖微大床房 | 65寸智能投屏電視·全景窗:HK$454', '禧悦大床房 | 65寸智能投屏電視·零壓深睡床品:HK$486', '星空榻榻米房 | 65寸智能投屏電視·仰望星空天窗:HK$528', '禧映潮玩電競房 | I7·4070S·32G海盜船·海景房機箱:HK$550']"
南京中山陵景區啟迪大街亞朵酒店,9.8,"['高級大床房:HK$394', '高級雙床房:HK$421', '行政大床房:HK$421', '行政雙床房:HK$457', '幾木大床房:HK$484']"
布丁嚴選酒店（南京祿口國際機場銅山地鐵站店）,9.5,"['嚴選大床房:HK$157', '商務大床房:HK$176', '嚴選影音大床房:HK$185', '尊享智能大床房:HK$202']"
南京中心大酒店,9.6,"['麗景大床房:HK$627', '麗景雙床房:HK$627', '高級大床房:HK$732', '豪華大床房:HK$836', '海底小縱隊親子房:HK$1,046', '埃及萌神親子房:HK$1,046']"
南京泛悅廣場城際酒店,9.8,"['城際高級房-大床（裸睡床品+智能客控+Mini吧）:HK$663', '城際豪華房-大床（裸睡床品+智能客控+Mini吧）:HK$692', '城際豪華房-雙床（裸睡床品+智能客控+Mini吧）:HK$713', '城際行政房-大床（裸睡床品+智能客控+Mini吧）:HK$733', '城際行政房-雙床（裸睡床品+智能客控+Mini吧）:HK$754']"
瑞瀾庭院酒店（南京博物院店）,9.4,"['特惠大床房（無窗）:HK$297', '四季大床房（過道窗）:HK$360', '樂享大床房:HK$378', '四季親子房（過道窗）-大小床:HK$386', '甄選大床房:HK$401']"
清沐·禮酒店（南京總統府大行宮地鐵站店）,9.3,"['智能高級大床房:HK$393', '智能精選大床房:HK$425', '智能舒適大床房:HK$469', '智能精選雙床房:HK$469']"
文驛·晉酒店（南京鼓樓廣場雞鳴寺店）,9.5,"['雅居·休閑大床房（智能客控+新風系統+健脊優眠床墊）:HK$455', '雅軒·舒適大床房（智能客控+新風系統+健脊優眠床墊）:HK$655', '麗居·高級大床房（智能客控+新風系統+健脊優眠床墊）:HK$736', '麗軒•景觀大床房（智能客控+新風系統+健脊優眠床墊）:HK$770', '麗居•高級雙床房（智能客控+新風系統+健脊優眠床墊）:HK$785']"
H+酒店（南京雞鳴寺鼓樓地鐵站店）,9.1,"['普通大床房:HK$398', '温馨大床房:HK$407', '精緻大床房:HK$425', '商務大床房:HK$443']"
全季酒店（南京金馬路地鐵站店）,9.1,"['雙床房（智能投屏電視丨迷你冰箱丨智能馬桶）:HK$411', '高級大床房（智能投屏電視丨迷你冰箱丨智能馬桶）:HK$448', '商務大床房（智能投屏電視丨迷你冰箱丨智能馬桶）:HK$495']"
南京阿爾卡迪亞國際酒店,9.2,"['豪華園景標間:HK$391', '豪華園景大床房:HK$391', '豪華湖景大床房:HK$448', '豪華湖景標間:HK$469', '智眠豪華園景大床房:HK$486', '商務園景大床房:HK$495']"
萬滙城酒店（南京江北新區工業大學店）,9.4,"['景觀大床房（迷你冰箱+洗衣機+65寸無線投屏）:HK$305', '景觀雙床房（迷你冰箱+洗衣機+65寸無線投屏）:HK$323', '180°景觀大床房（迷你冰箱+洗衣機+65寸無線投屏）:HK$323', '泰迪珍藏星品大床房（迷你冰箱+洗衣機+65寸無線投屏）:HK$323', '景觀家庭雙床房（迷你冰箱+洗烘一體機+65寸無線投屏）:HK$323']"
江蘇鳳凰台飯店,9.1,"['精選温馨大床房-寬舒空間·暖居謐境:HK$424', '精選温馨雙床房-寬舒空間·暖居謐境:HK$424', '時尚高空景觀大床房-雲端視野·城景夜光:HK$446', '城景禪意雙床房-禪意空間·觀景靜心:HK$468', '城景禪意大床房-禪意空間·觀景靜心:HK$468']"
南京金陵飯店,9.5,"['金陵樓經典豪華雙床房:HK$836', '金陵樓經典豪華大床房:HK$836', '金陵樓城景豪華大床房:HK$881', '金陵樓逸緻豪華雙床房（煥新設計）:HK$974', '金陵樓逸緻豪華大床房—暢享舒適體驗:HK$974', '金陵樓典雅商務大床房:HK$1,160']"
全季酒店（南京南站南廣場店）,9.4,"['大床房:HK$428', '高級大床房:HK$448', '雙床房:HK$448', '商務大床房:HK$467']"
建國·璞隱酒店（南京夫子廟步行街店）,9.5,"['詠蘭居大床房A[新中式風格+投屏電視]:HK$557', '詠蘭居大床房[新中式風格+投屏電視]:HK$575', '暗香居大床房[新中式風格+投屏電視]:HK$602', '凌霜居雙床房[新中式風格+投屏電視]:HK$638', '幽篁居雙床房[新中式風格+投屏電視]:HK$683']"
南京博物院輕居酒店,9.6,"['舒適大床房:HK$412', '標準大床房:HK$448', '精選大床房:HK$502', '精選家庭房:HK$537', '高級山景大床房:HK$628']"
南京寧歸來金陵山水酒店（祿口機場店）,9.0,"['山水精緻單人房:HK$194', '山水温馨單人房:HK$216', '山水温馨雙床房:HK$216', '山水舒適套房:HK$378']"
南京城市名人酒店,9.0,"['城景大床房-盡覽城市景觀:HK$400', '城景雙床房-盡覽城市景觀:HK$401', '湖景雙床房-湖畔美居:HK$413', '湖景大床房-湖畔美居:HK$416', '舒緩智能大床房-解壓電動按摩床:HK$432', '行政尊享雙床間-高空夜景:HK$454']"
南京奧體博覽中心美居酒店,9.7,"['標準雙床房:HK$1,005', '標準大床房:HK$1,024', '豪華雙床房:HK$1,044', '豪華大床房:HK$1,065', '嘉賓大床房:HK$1,105']"
南京元庭設計師酒店（河西金鷹世界店）,9.2,"['設計師大床房（全屋智能-投屏電視：小冰箱.智能馬桶）:HK$337', '雅緻大床房（全屋智能投屏電視）:HK$403', '精緻大床房（全屋智能投屏電視）:HK$436', '豪華設計大床房（全屋智能投屏電視）:HK$479']"
南京浦口經濟開發區橋林亞朵酒店,9.7,"['高級大床房（慢回彈深睡記憶枕+投屏電視）:HK$349', '高級雙床房（慢回彈深睡記憶枕+投屏電視）:HK$367', '行政大床房（慢回彈深睡記憶枕+投屏電視）:HK$385', '行政雙床房（深睡記憶枕+小冰箱+浴袍+投屏電視）:HK$403', '幾木大床房（深睡PRO枕+小冰箱+浴袍+投屏電視）:HK$421']"
惠庭酒店（南京新街口店）,9.0,"['特惠大床房（零壓床墊）:HK$260', '高級大床房（零壓床墊）:HK$349', '高級雙床房（零壓床墊）:HK$476', '高級家庭房（零壓床墊）:HK$532']"
禧元酒店（南京鼓樓地鐵站店）,8.9,"['温馨大床房:HK$332', '高級大床房:HK$388', '高級雙床房:HK$388', '親子家庭房:HK$443']"
晨町酒店（南京玄武湖公園店）,9.5,"['温馨大床房:HK$349', '雅緻大床房:HK$370', '豪華大床房:HK$392', '雅緻標間:HK$426']"
E·HOTEL逸住藝術酒店（南京南站店）,9.7,"['逸住客房-大床【智能客控+夢百合床墊+零壓低枕】:HK$449', '逸住客房-雙床【智能客控+夢百合床墊+零壓低枕】:HK$503', '逸住尊享客房-大床【智能客控+夢百合床墊+零壓低枕】:HK$503', '逸住尊享客房-雙床【智能客控+夢百合床墊+零壓低枕】:HK$534', '露台庭院客房【智能客控+夢百合床墊+零壓低枕】:HK$643']"
南京中山陵現代奧藝酒店交流中心,9.8,"['高級大床房:HK$359', '高級雙床房:HK$359', '豪華套房:HK$392', '豪華大床房:HK$392']"
寬渡酒店（南京夫子廟店）,9.2,"['精緻榻榻米房:HK$278', '商務大床房:HK$333', '雅緻大床房:HK$352', '雅緻獨院房:HK$380', '民國風雅緻大床房:HK$482']"
南京商茂國際酒店（新街口德基廣場店）,8.7,"['商務大床房:HK$413', '豪華全景大床房:HK$519', '雅緻雙床房:HK$519', '行政大床房:HK$534', '商務精緻套房:HK$643']"
南京維景國際大酒店,9.3,"['高級大床房:HK$698', '豪華特大床·親子家庭房:HK$828', '豪華大床房:HK$828', '豪華雙床房:HK$828', '紫金山景豪華大床房-住在城市看山景:HK$917', '藍色主題親子房:HK$982']"
肆拾湯溫泉影院酒店（南京老門東城牆博物館店）,9.4,"['舒適榻榻米房（乳膠床品丨新風系統）:HK$388', '家庭舒適雙床房（新風系統）:HK$560', '特價私湯大床房（含私人影院丨新風系統丨除濕系統）:HK$775', '經典榻榻米私湯温泉雙人套房（含私人影院丨新風系統丨除濕系統）:HK$861']"
南京新街口景程酒店（總統府店）,8.8,"['零壓大床房·乳膠床墊·徠芬吹風機·空氣凈化器:HK$349', '輕享大床房·小米投屏電視·徠芬吹風機·空氣凈化器:HK$371', '悠然投影大床房·堅果1080P投影·落地窗:HK$391', '幾木投影大床房·堅果1080P投影·落地窗:HK$402']"
古南都逸居酒店（南京新街口德基廣場店）,9.4,"['逸居大床房:HK$454', '逸居雙床房:HK$454', '公寓大床房:HK$505', '禪茶·雅韻雙床房:HK$525']"
無同·CHINAR酒店（南京夫子廟店）,9.5,"['紙鳶·大床房:HK$795', '煙歸·城景大床房:HK$861', '雲錦·靜謐家庭房:HK$904', '青黛·街景家庭房:HK$970', '烏衣·花園庭院房:HK$1,166']"
提莫電競酒店（南京新街口店）,9.7,"['電競商務大床房[LOL特權丨本地電腦丨非雲電腦丨無卡頓:HK$376', '電競雙床房[LOL特權丨本地電腦丨非雲電腦丨無卡頓]:HK$376', '高顏值電競巨幕主題大床房[LOL特權丨本地電腦丨無卡頓:HK$411', '甄選大床房[LOL特權丨本地電腦丨非雲電腦丨無卡頓:HK$411']"
古南都逸居酒店（南京新街口總統府店）,9.5,"['尊享雙床房:HK$468', '尊享大床房:HK$468', '逸居大床房:HK$523', '川境·雅韻雙床房:HK$578']"
大地君悦酒店（南京總統府大行宮地鐵站店）,9.4,"['舒適大床房（Slumberland斯林百蘭床墊·REPAND洗護）:HK$409', '雅緻大床房（Slumberland斯林百蘭床墊·REPAND洗護）:HK$436', '商務大床房:HK$463', '高級大床房（Slumberland斯林百蘭床墊·REPAND洗護）:HK$489']"
沐江南酒店（南京新街口地鐵站友誼廣場店）,9.2,"['智能舒適大床房:HK$426', '智能高級大床房:HK$474', '智能高級雙床房:HK$504', '智能豪華大床房:HK$534']"
石頭集竹林酒店（南京南站店）,9.5,"['健康大床房（按摩椅+智能客控+迷你冰箱）:HK$369', '精緻大床房（智能客控＋迷你冰箱）:HK$404', '魚石舒心大床房（全屋智能+迷你冰箱）:HK$424', '竹石心悦大床房（智能客控＋迷你冰箱）:HK$425', '山石心悦雙床房（智能客控＋迷你冰箱）:HK$436']"
漢庭酒店（南京生物醫葯谷星火路店）,9.6,"['雙床房:HK$206', '大床房:HK$226', '高級大床房:HK$246', '高級雙床房:HK$246']"
清沐•尚酒店（南京新街口地鐵站德基廣場店）,9.3,"['智能舒適雙床房:HK$399', '智能舒適大床房:HK$457', '智能精選大床房:HK$509', '智能高級大床房:HK$538']"
