酒店名称,评分,房型价格列表
寬渡酒店（南京老門東店）,9.5,"['精緻榻榻米房:HK$238', '雅緻大床房:HK$359', '雅緻雙床房:HK$380', '商務大床房:HK$429']"
曙光薇酒店（南京夫子廟老門東店）,9.6,"['氧吧安睡大床房:HK$399', '高級大床房:HK$447', '高級雙床房:HK$511', '豪華大床房:HK$532', '豪華雙床房:HK$608']"
南京維景國際大酒店,9.3,"['高級大床房:HK$589', '豪華特大床·親子家庭房:HK$720', '豪華大床房:HK$720', '豪華雙床房:HK$720', '紫金山景豪華大床房-住在城市看山景:HK$810', '至尊精選大床房:HK$884']"
南京江寧漫心府,9.8,"['心怡標準大床房（迷你冰箱+手機投屏）:HK$391', '心悦高級大床房（迷你冰箱+手機投屏）:HK$400', '心悦高級雙床房（迷你冰箱+手機投屏）:HK$430', '心享豪華大床房（迷你冰箱+手機投屏）:HK$430', '心夢尊享大床房（迷你冰箱+手機投屏）:HK$469']"
和頤酒店（南京博物院明故宮地鐵站店）,9.4,"['大床房A（中式風格）:HK$275', '大床房（中式風格）:HK$317', '雙床房A（中式風格）:HK$317', '雙床房（中式風格）:HK$333']"
南京鐘山賓館（江蘇省會議中心）,9.4,"['主樓丨鐘山標準間『十里秦淮水』:HK$441', '主樓丨紫金大床房『百年鐘山情』:HK$463', '主樓丨豪華大床房『電熱毛巾架・智能馬桶』:HK$495', '主樓丨豪華標準間『電熱毛巾架•智能馬桶』:HK$507', '貴賓樓丨行政大床房『靜享儒風雅韻』:HK$528', '貴賓樓丨行政標準間『舒享商務空間』:HK$528']"
建國·璞隱酒店（南京夫子廟步行街店）,9.5,"['詠蘭居大床房A[新中式風格+投屏電視]:HK$405', '凌霜居雙床房[新中式風格+投屏電視]:HK$405', '詠蘭居大床房[新中式風格+投屏電視]:HK$422', '幽篁居雙床房[新中式風格+投屏電視]:HK$450', '暗香居大床房[新中式風格+投屏電視]:HK$450']"
九間坊花園酒店（棲霞禪寺店）,9.7,"['九間·寶藏大床房『新風系統+智能馬桶+古街風景』:HK$298', '九間·禪意大床房『新風系統+智能馬桶+古街風景』:HK$415', '九間·明月浴缸大床房『新風系統+智能馬桶+古街風景』:HK$464', '九間·聽松雙床房『新風系統+智能馬桶+古街風景』:HK$464']"
南京泛悅廣場城際酒店,9.8,"['城際高級房-大床（裸睡床品+智能客控+Mini吧）:HK$513', '城際豪華房-大床（裸睡床品+智能客控+Mini吧）:HK$543', '城際豪華房-雙床（裸睡床品+智能客控+Mini吧）:HK$564', '城際行政房-大床（裸睡床品+智能客控+Mini吧）:HK$583', '城際行政房-雙床（裸睡床品+智能客控+Mini吧）:HK$604']"
南京博物院瑞金路輕居酒店,9.6,"['舒適大床房:HK$329', '標準大床房:HK$347', '標準雙床房:HK$347', '精選大床房:HK$383', '精選雙床房:HK$383']"
喜灣酒店（南京奧體中心店）,9.4,"['星空大床房（星空無窗+徠芬吹風機+顧家家居）:HK$294', '景觀大床房（景觀內窗+語音智控+顧家床墊）:HK$327', '臻品大床房（語音智控+顧家床墊+落地窗）:HK$372', '景觀雙床房（景觀內窗+語音智控+顧家床墊+無線充電）:HK$394']"
古南都逸居酒店（南京新街口德基廣場店）,9.4,"['逸居大床房:HK$391', '逸居雙床房:HK$391', '公寓大床房:HK$405', '禪茶·雅韻雙床房:HK$462']"
南京金帆萬源酒店（新街口上海路店）,9.5,"['輔樓臻享大床房:HK$327', '高級大床房:HK$393', '商務大床房:HK$393', '高級陽光大床房:HK$424', '高級陽光雙床房:HK$424']"
智選假日酒店（南京東方萬滙城青奧體育公園店）,9.3,"['高級房:HK$358', '高級房大床（無障礙）:HK$358', '高級房雙床:HK$358', '高級房大床:HK$358', '高級房雙床（高樓層）:HK$407']"
建國·璞隱酒店（南京中山陵景區梧桐大道店）,9.6,"['暗香居大床房·新中式風温暖雅居+投屏電視+智能客控:HK$477', '凌霜居雙床房·新中式風温暖雅居+投屏電視+智能客控:HK$503', '詠蘭居大床房 · 新中式風榻榻米+投屏電視+智能客控:HK$540', '暗香居景觀大床房·新中式風陽光庭院+投屏電視+智能客控:HK$540', '幽篁居雙床房·新中式風陽光庭院+投屏電視+智能客控:HK$567']"
肆拾湯溫泉影院酒店（南京老門東城牆博物館店）,9.4,"['舒適榻榻米房（乳膠床品丨新風系統）:HK$302', '家庭舒適雙床房（新風系統）:HK$475', '特價私湯大床房（含私人影院丨新風系統丨除濕系統）:HK$604', '經典榻榻米私湯温泉雙人套房（含私人影院丨新風系統丨除濕系統）:HK$777']"
南京仙林大學城希爾頓歡朋酒店,9.6,"['舒適大床房【舒達床墊+智能投屏+專享騰訊視頻】:HK$436', '高級大床房【舒達床墊+智能投屏+專享騰訊視頻】:HK$457', '高級雙床房【舒達床墊+智能投屏】:HK$457', '豪華大床房【舒達床墊+智能投屏】:HK$523', '豪華雙床房【舒達床墊+智能投屏】:HK$523']"
晨町酒店（南京玄武湖公園店）,9.5,"['温馨大床房:HK$273', '雅緻大床房:HK$295', '雅緻標間:HK$317', '豪華大床房:HK$317']"
世紀緣酒店（南京江寧東南大學店）,9.5,"['精緻雙床房:HK$393', '高級雙床房:HK$415', '高級大床房:HK$415', '豪華大床房:HK$436', '豪華雙床房:HK$437']"
世紀緣國際會議中心（百家湖1912店）,9.5,"['特惠單間:HK$357', '特惠標準間:HK$357', '高級商務標準間:HK$416', '豪華景觀大床房:HK$457', '豪華景觀雙床房:HK$457']"
清沐鉑金酒店（南京理工大學中山陵景區店）,9.6,"['智能高級大床房【全屋新風・智能語音聲控・智能馬桶・小冰箱】:HK$274', '智能鉑金大床房【全屋新風 · 智能語音聲控 · 智能馬桶 · 小冰箱】:HK$307', '智能豪華大床房【智能語音聲控 · 智能馬桶 · 小冰箱 · 外窗】:HK$343', '智能豪華雙床房【智能語音聲控 · 智能馬桶 · 小冰箱 · 外窗】:HK$390']"
水上樓酒店（南京夫子廟老門東店）,9.5,"['巨幕觀影大床房:HK$384', '雅緻大床房:HK$410', '秦淮.庭院河景精緻大床房:HK$468', '秦淮.河景露台景觀大床房:HK$474']"
南京金陵飯店,9.5,"['金陵樓經典豪華雙床房:HK$604', '金陵樓經典豪華大床房:HK$604', '金陵樓城景豪華大床房:HK$651', '金陵樓逸緻豪華雙床房（煥新設計）:HK$744', '金陵樓逸緻豪華大床房—暢享舒適體驗:HK$744', '亞太樓豪華大床房-盡覽城市美景:HK$930']"
南京香格里拉大酒店,9.6,"['豪華大床房-盡覽繁華魅力都市:HK$829', '豪華雙床房-盡覽繁華魅力都市:HK$829', '豪華天際大床房-探索都市天際麗影:HK$970', '豪華天際雙床房-探索都市天際麗影:HK$970', '豪華湖景大床房-迎接紫金山玄武湖日出:HK$1,072', '豪華湖景雙床房-迎接紫金山玄武湖日出:HK$1,072']"
格林東方酒店（南京祿口機場店）,9.6,"['零壓智能大床房:HK$430', '舒眠零壓智能大床房:HK$450', '舒眠零壓智能雙床房:HK$464', '舒眠零壓智能家庭房:HK$490']"
宜尚酒店（南京夫子廟地鐵站店）,9.6,"['舒適大床房『零壓床墊+全屋智能客控』:HK$389', '標準大床房『零壓床墊+全屋智能客控』:HK$412', '高級大床房『零壓床墊+全屋智能客控』:HK$429', '高級雙床房『零壓床墊+全屋智能客控』:HK$437']"
南京玄武門亞朵酒店,9.6,"['高級大床房:HK$368', '高級雙床房:HK$395', '行政大床房:HK$395', '幾木雙床房:HK$422', '幾木大床房:HK$422']"
南京南站逸扉酒店,9.5,"[""高級大床房『Peet's膠囊Coffee機+智能投屏+小冰箱』:HK$415"", ""高級雙床房『Peet's膠囊Coffee機+智能投屏+小冰箱』:HK$415"", ""豪華雙床房『Peet's膠囊Coffee機+智能投屏+小冰箱』:HK$448"", ""豪華大床房『Peet's膠囊Coffee機+智能投屏+小冰箱』:HK$448"", ""行政大床房『戴森吹風機+Peet's膠囊Coffee機+小冰箱』:HK$535""]"
南京珺懋酒店傲途格精選,9.3,"['凝館·大床房:HK$1,167', '凝館·雙床房:HK$1,167', '涵館·大床房:HK$1,274', '涵館·雙床房:HK$1,274', '築館私湯大床房:HK$2,025', '晅垣套:HK$2,025']"
南京寧歸來金陵山水酒店（祿口機場店）,9.0,"['山水精緻單人房:HK$195', '山水温馨單人房:HK$217', '山水温馨雙床房:HK$217', '山水舒適套房:HK$379']"
無同·CHINAR酒店（南京夫子廟店）,9.5,"['紙鳶·大床房:HK$687', '煙歸·城景大床房:HK$753', '雲錦·靜謐家庭房:HK$797', '青黛·街景家庭房:HK$862', '烏衣·花園庭院房:HK$1,059']"
南京新街口總統府頤景臻選酒店,9.3,"['智能影音榻榻米·新風·聲控·Mini小冰箱·極米投影:HK$310', '智能影音大床房·新風·聲控·Mini小冰箱·極米投影:HK$341', '智能臻選大床房·新風·聲控·Mini小冰箱·極米投影:HK$382', '陽光落地大床房·聲控·Mini小冰箱·極米投影·落地窗:HK$394']"
南京曙光國際大酒店,9.4,"['精選城景雙床房:HK$437', '精選城景大床房:HK$437', '臻選湖景雙床房:HK$524', '臻選湖景大床房:HK$524', '尊享家庭雙床房:HK$617']"
南京河海大學地鐵站錦江都城酒店,9.6,"['時尚商務房:HK$242', '時尚雙床房:HK$315', '精緻商務房:HK$344', '風雅商務房:HK$369']"
古南都逸居酒店（南京新街口總統府店）,9.5,"['尊享雙床房:HK$393', '尊享大床房:HK$393', '逸居大床房:HK$447', '川境·雅韻雙床房:HK$503']"
南京夫子廟庭冉雲居酒店,9.6,"['棋-玄素大床房:HK$472', '香·甘松雙床房（智能客控+絲漣床墊+歐瓏洗護沐）:HK$480', '香·月麟大床房（智能客控+絲漣床墊+歐瓏洗護沐）:HK$507', '香·鵝梨雙床房（智能客控+絲漣床墊+歐瓏洗護沐）:HK$542', '香·聞思大床房（智能客控+雙人浴缸+歐瓏洗護沐）:HK$647']"
南京中心大酒店,9.6,"['麗景大床房:HK$571', '麗景雙床房:HK$581', '高級大床房:HK$686', '豪華大床房:HK$814', '海底小縱隊親子房:HK$838', '豪華家庭房:HK$943']"
南京湯山一品温泉酒店,8.9,"['舒適商務標間:HK$505', '雅緻私湯大床房（慕思助眠）:HK$505', '雅緻私湯家庭房（慕思助眠）:HK$795', '浪漫超大圓床私湯房:HK$1,194', '特色私湯大床房（慕思助眠+智能馬桶）:HK$1,194']"
南京蘇寧鐘山國際高爾夫酒店,9.6,"['園景陽台大床房近覽紫金山景緻 靜享悠閑時光:HK$1,312', '園景陽台雙床房·近覽紫金山景緻 靜享閑適時光:HK$1,421', '高爾夫景陽台特大床房-俯瞰球場的優雅風光:HK$1,531', '高爾夫景陽台雙床房-俯瞰球場的優雅風光:HK$1,738', '露台園景雙床房-超大露台飽覽莊園景:HK$1,969', '露台園景特大床房-超大露台飽覽莊園景:HK$1,969']"
南京中山陵現代奧藝酒店交流中心,9.8,"['高級大床房:HK$360', '高級雙床房:HK$360', '豪華套房:HK$393', '豪華大床房:HK$393']"
大地君悦酒店（南京總統府大行宮地鐵站店）,9.4,"['舒適大床房（Slumberland斯林百蘭床墊·REPAND洗護）:HK$373', '温馨大床房（Slumberland斯林百蘭床墊·REPAND洗護）:HK$401', '商務大床房:HK$430', '高級大床房（Slumberland斯林百蘭床墊·REPAND洗護）:HK$447']"
瑞瀾庭院酒店（南京博物院店）,9.4,"['特惠大床房（無窗）:HK$289', '四季大床房（過道窗）:HK$319', '樂享大床房:HK$335', '四季親子房（過道窗）-大小床:HK$360', '樂享家庭房-大小床:HK$364']"
禧元酒店（南京鼓樓地鐵站店）,8.9,"['舒適大床房:HK$277', '温馨大床房:HK$300', '高級大床房:HK$333', '高級雙床房:HK$333']"
南京夫子廟老門東枕河居民宿（秦淮河景區店）,9.6,"['內景投影大床房（騰訊影院+智能客控+徠芬吹風）:HK$589', '特惠秦淮街景大床房（智能客控+智能馬桶+徠芬吹風）:HK$627', '星空LOFT大床房（智能客控+智能馬桶+徠芬吹風）:HK$665', '180°秦淮街景大床房（智能客控+智能馬桶+徠芬吹風）:HK$702', '180°秦淮河景大床房（智能客控+智能馬桶+徠芬吹風）:HK$740']"
南京博物院輕居酒店,9.6,"['舒適大床房:HK$341', '標準大床房:HK$359', '標準雙床房:HK$386', '精選大床房:HK$413', '精選家庭房:HK$467']"
惠庭酒店（南京新街口店）,9.0,"['特惠大床房（零壓床墊）:HK$260', '高級大床房（零壓床墊）:HK$349', '高級雙床房（零壓床墊）:HK$434', '高級家庭房（零壓床墊）:HK$489']"
南京中山陵景區啟迪大街亞朵酒店,9.8,"['高級大床房:HK$368', '高級雙床房:HK$368', '行政大床房:HK$422', '行政雙床房:HK$422', '幾木大床房:HK$458']"
漫城藝宿·特色民宿精選（南京南站喜瑪拉雅中心店）,9.1,"['漫城智能投影房【多風格】-極米Z8X百寸屏幕:HK$185', '漫城藝術榻榻米影音房-極米Z6百寸屏幕:HK$203', '漫城智能雙床房-極米Z8X百寸投影:HK$214', '漫城藝術觀景套房212-極米Z8X百寸投影180觀光陽台:HK$282']"
燕子湖花園酒店（南京祿口國際機場店）,8.9,"['輕奢特惠房【温馨舒適+乾淨整潔】:HK$128', '輕奢·雙床房【温馨舒適+乾淨整潔】:HK$152', '輕奢·大床房:HK$164', '商務-田園雙床房【温馨舒適+乾淨整潔】:HK$175']"
吉爾福德酒店,9.5,"['高級大床房:HK$542', '豪華家庭房:HK$580', '豪華大床房:HK$612', 'Loft大床房:HK$646', '河景家庭房:HK$676']"
