酒店名称,评分,房型价格列表
南充碧桂園鳳悦鳳凰酒店,9.6,"['靜雅陽台雙床房:HK$401', '靜雅陽台大床房:HK$401', '園景陽台雙床房:HK$435', '園景陽台大床房:HK$435', '歡樂親子家庭房:HK$708', '寵物友好大床房:HK$868']"
麗溪酒店（南充高坪機場安漢廣場店）,9.2,"['高級大床房:HK$184', '標準大床房:HK$202', '豪華大床房:HK$230', '豪華雙床房:HK$240', '純凈大床房:HK$277']"
南充嘉舟麗港酒店,9.2,"['普通單間:HK$370', '普通標間:HK$370', '園林單間（9號樓）:HK$436', '園林標間（9號樓）:HK$436', '商務江景單間:HK$497', '商務江景標間:HK$497']"
南充天勝酒店（泰閤中心南充火車站店）,9.2,"['精緻雙床房【全景落地窗+貴妃椅+乾濕分離】:HK$191', '精緻大床房【全景落地窗+貴妃椅+乾濕分離】:HK$202', '雅緻雙床房【智能客控+高空城景+深度好眠】:HK$213', '雅緻大床房【超大床墊+高空城景+深度好眠】:HK$224', '豪雅雙床房【歐式風格+全景落地窗+智能客控】:HK$256']"
南充北湖賓館,9.5,"['北湖城景大床房:HK$335', '北湖城景雙床房:HK$335', '北湖湖景大床房:HK$356', '北湖湖景雙床房:HK$356', '行政無煙大床房:HK$509']"
N6藝術空間酒店（南充不夜城店）,9.5,"['輕奢大床房:HK$306', '高級雙床房:HK$306', '豪華雙床房:HK$325', '妙趣童心親子房:HK$389', '智雅景觀套房:HK$1,625']"
興宇瑞廷西郊S酒店,9.4,"['行政單間:HK$253', '城景行政大床房:HK$275', '豪華怡景雙床房:HK$275', '豪華行政雙床房:HK$275', '豪華行政大床房:HK$301']"
南充天府尚雅酒店,9.4,"['旅行者客房（靜謐舒適）:HK$336', '探索雙床房（150度江景｜俯瞰三橋夜景）:HK$355', '尚雅江景雙床房（180度全江景｜高空視野）:HK$403', '探索大床房（150度江景｜俯瞰三橋夜景）:HK$432', '尚雅江景大床房（180度全江景｜高空視野）:HK$461', '俱樂部雙床房（高空璀璨夜景｜遠眺江景）:HK$480']"
南充明宇豪雅東方花園酒店,9.4,"['經典雙床房（園林景觀）:HK$324', '經典大床房（山景）:HK$349', '東方雙床房（全景陽台）:HK$363', '東方大床房（森林山景）:HK$392', '豪雅雙床房（靜謐城景）:HK$402', '豪雅大床房（園林景大床）:HK$451']"
全季酒店（南充西巷文化商業街店）,9.6,"['高級大床房:HK$321', '高級雙床房:HK$321', '商務大床房:HK$350', '商務雙床房:HK$350']"
南充故鄉酒店（1227廣場店）,9.4,"['故鄉精品房:HK$226', '豪華大床房:HK$261', '豪華雙床房:HK$261', '尊享大床房:HK$290']"
南充天來大酒店,8.9,"['精緻標間:HK$359', '城景標間:HK$381', '城景特色單間:HK$425', '精緻江景標間:HK$436', '雅緻江景標間:HK$458', '豪華江景標間:HK$480']"
南充萬泰大酒店（西華師大行署校區店）,9.5,"['安靜好眠大床房:HK$220', '安靜好眠雙床房:HK$220', '優享舒睡雙床房:HK$244', '悦享城景大床房:HK$269', '悦享城景雙床房:HK$269']"
如家商旅酒店（南充西華師範大學店）,9.3,"['商務大床房:HK$197', '雙床房:HK$197', '高級雙床房:HK$215', '高級大床房:HK$215']"
南充團結大酒店（泰閤中心火車站店）,8.7,"['特價大床房:HK$125', '舒適大床房:HK$144', '舒適雙床房:HK$144', '高級大床房:HK$153']"
南充鳳儀灣嘉舟麗港酒店,9.3,"['水鎮精品標間:HK$316', '水鎮精品單間:HK$316', '木屋湖景標間:HK$432', '木屋湖景單間:HK$432', '水鎮園林單間:HK$546', '水鎮園林標間:HK$546']"
南充天龍國際酒店,8.7,"['商務單間:HK$139', '商務標間:HK$139', '行政標間:HK$163', '豪華單間:HK$182', '行政單間:HK$186']"
南充金鴻大酒店,9.4,"['商務標間:HK$317', '商務單間:HK$317', '豪華標間:HK$353', '豪華單間:HK$353', '行政標間:HK$390']"
南充大酒店,9.1,"['行政單間:HK$255', '行政標間:HK$255', '行政特價標間:HK$255', '行政特價單間:HK$255', '商務單間:HK$321']"
維也納酒店（南充高坪機場川北醫學院店）,9.7,"['高級雙床房:HK$234', '豪華大床房:HK$268', '豪華雙床房:HK$276', '商務大床房:HK$281']"
南充禪驛鳳儀院子,9.8,"['南風丨花朝大床房:HK$533', '錦覓丨清隱雙床房:HK$533', '落閑丨機麻大床房:HK$683', '雲隱丨琴瑟雙床房:HK$687', '見山丨與光大床房:HK$702']"
南充羅曼酒店（西華師範大學華鳳校區店）,9.0,"['曼逸大床房（智能客控+零壓床墊）:HK$189', '曼悦大床房（智能客控+零壓床墊）:HK$202', '曼雅雙床房（智能客控+零壓床墊）:HK$222', '曼享豪華大床房（智能客控+零壓床墊）:HK$254']"
凱里亞德酒店（南充嘉陵店）,9.5,"['輕享雙床房:HK$234', '輕享大床房:HK$234', '優享雙床房:HK$251', '優享大床房:HK$251', '榮享雙床房:HK$269']"
江悦酒店（南充中虹國際店）,9.7,"['全智能|簡約大床房（全屋智能+超清影音）:HK$195', '暢享影音|城景大床房（全屋智能+超清影音）:HK$205', '觀日出|江景大床房（全屋智能+超清影音）:HK$215', '宜丨90°全景大床房（全屋智能+超清影音）:HK$226']"
南充銘尚酒店,9.3,['豪華商務標準間:HK$204']
南充客來登酒店（金融中心萬達廣場店）,9.0,"['陽光大床房:HK$184', '拾光慢享大床房:HK$206', '清逸悦途雙床房:HK$206', '夢嶼舒眠大床房:HK$227']"
悦遊電競民宿（新豪天地店）,8.7,"['歡聚基友房（RTX4060+240HZ顯示器+羅技外設+32GDDR5內存）:HK$197', '豪華大床房（RTX4060+240HZ顯示器+羅技外設+32GDDR5內存）:HK$211', '電競豪華超大影音房（舒適標間）（RTX4060+240HZ顯示器+羅技外設+32GDDR5內存）:HK$220', '豪華觀景標間（豪華標間）（RTX4060+240HZ顯示器+羅技外設+32GDDR5內存）:HK$239']"
南充安宿民宿,10.0,"['豪華套房:HK$?', '201豪華大床房:HK$?', '温馨大床房:HK$?', '雅緻大床房:HK$?']"
南充貝殼酒店（總商會大廈店）,9.2,['雅緻雙床房:HK$141']
南充近江時光酒店（王府井店）,9.3,"['豪華大床房:HK$195', '豪華江景雙床房:HK$195', '豪華江景大床房:HK$205', '子母房:HK$214']"
南充江南酒店,9.2,"['舒適大床房:HK$114', '精品雙床房:HK$134', '精品大床房:HK$134', '行政雙床房:HK$143']"
隆祥智慧酒店（南充五星花園店）,8.2,"['悦享丨舒適大床房:HK$107', '智能丨品質大床房+小度智控:HK$129', '智慧丨高級大床房+小度智控:HK$162', '智享丨豪華大床房+小度智控:HK$162']"
南充龍之城數碼賓館,9.0,"['標準雙人房:HK$137', '標準單人間:HK$140']"
尚客優連鎖酒店（南充高坪龍門鎮店）,8.3,"['標準大床房:HK$137', '標準雙床房:HK$144', '風情圓床房:HK$160']"
南充龍翔飛快捷酒店,9.3,"['普通雙床房:HK$118', '普通大床房:HK$129', '精緻雙床房:HK$184', '精緻大床房:HK$184']"
夢之語住宿（高坪店）,9.6,"['親子家庭房:HK$85', '大床房:HK$96', '舒適大床房:HK$107', '豪華大床房:HK$118']"
南充福庭民宿,9.5,"['舒適大床房（公共衞浴）:HK$71', '普通大床房:HK$73', '清新大床房:HK$81']"
南充便利旅館,7.5,['經濟標準房:HK$129']
南充夢之語民宿,7.4,"['大床房（公共衞浴）:HK$76', '舒適大床房:HK$96', '豪華大床房:HK$107', '舒適雙床房:HK$129']"
南充雅麗居小院民宿,6.4,"['標準大床房:HK$41', '舒適大床房:HK$51', '豪華大床房:HK$85']"
南充頭洞橋賓館,6.7,"['特價標準間:HK$?', '特價大床房:HK$?']"
百川賓館,5.5,"['麻將大床房:HK$82', '標準大床房:HK$87', '標準雙床房:HK$98']"
南充市嘉陵區迎賓招待所,2.9,"['標準大床房:HK$56', '標準雙人房:HK$65']"
南充清源賓館,3.1,"['舒適雙床房:HK$?', '特惠房:HK$?', '麻將房:HK$?']"
閬中錦元張飛國際酒店,9.4,"['特惠大床房:HK$350', '特惠雙床房:HK$358', '景觀大床房:HK$392', '園景雙床房:HK$410', '園景大床房:HK$410', '園景家庭房:HK$514']"
花築·慶功堂（閬中古城旗艦店）,9.7,"['浮生·古城觀景雙床房:HK$472', '倚樓聽風·輕奢LOFT度假套房:HK$598', '朗月·庭院浴缸雙床房:HK$598', '九歌·華光樓浴缸輕奢大床房:HK$1,079', '川穹·天井獨院豪華大床房:HK$1,093']"
閬中醋坊印象·精品民宿（閬中古城店）,9.7,"['香醋竹語·迷你花園大床房（智能客控+中央空調+浴缸）:HK$402', '風醋松窗·水景大床房（智能客控+中央空調+貴妃浴缸）:HK$440', '俏醋藏春·觀影大床房（智控+中央空調+浴缸+小冰箱）:HK$487', '米醋疏影·觀景大床房（智能客控+中央空調+浴缸）:HK$517']"
南部麗舍酒店,9.2,"['高級大床房:HK$305', '豪華大床房:HK$392', '豪華雙床房:HK$392']"
靖熙府酒店（閬中古城店）,9.6,"['高級大床房（小冰箱+中央空調+智能馬桶）:HK$425', '高級雙床房（小冰箱+獨立空調）:HK$449', '榻榻米親子房（小院+小冰箱+中央空調+智能馬桶）:HK$579', '獨棟庭院套房（小院+小冰箱+櫃式空調+智能馬桶）:HK$935']"
閬中天恆燕泰保寧坊酒店（閬中古城店）,9.3,"['雲逸·雅居大床房:HK$293', '雅韻·臻品大床房:HK$411', '宋韻雅居主題房:HK$411', '雲逸·和雅雙床房:HK$421', '雅韻·臻雅親子房:HK$467']"
