酒店名称,评分,房型价格列表
雲宿精品酒店（南平萬達廣場店）,9.5,"['特價大床房:HK$318', '豪華大床房:HK$376', '豪華雙床房:HK$376', '棋牌休閑套房:HK$507', '豪華套房:HK$508']"
維也納國際酒店（南平建陽建平大道店）,9.5,"['山景大床房:HK$300', '景觀大床房:HK$329', '山景雙床房:HK$349', '智能城景大床房:HK$369', '城景雙床房:HK$399']"
南平佰翔大酒店,9.4,"['高級標準大床房:HK$532', '高級標準雙床房:HK$532', '豪華園景大床房:HK$565', '豪華溪景大床房:HK$587', '豪華溪景雙床房:HK$587', '豪華園景雙床房:HK$598']"
漢庭酒店（南平市政府店）,9.6,"['大床房:HK$196', '高級雙床房:HK$196', '高級大床房:HK$224', '豪華大床房:HK$243']"
宜尚酒店（南平建發悅城中心建陽站店）,9.5,"['負氧離子舒適大床房「雅瀾高端床墊+舒適睡眠+森林呼吸」:HK$238', '負氧離子舒適雙床房「雅瀾高端床墊+舒適睡眠+森林呼吸」:HK$249', '陽光滿屋高級大床房「安睡零壓枕芯+電視投屏+舒軟沙發」:HK$260', '陽光滿屋高級雙床房「安睡零壓枕芯+電視投屏+舒軟沙發」:HK$271', '童趣時光親子雙床房「家庭温馨小居+180°陽光+乾濕分離」:HK$271']"
南平武夷悦酒店,9.5,"['商務大床房:HK$391', '商務雙床房:HK$391', '高級雙床房:HK$423', '高級大床房:HK$423', '親子房:HK$456', '豪華雙床房:HK$456']"
最佳西方財富酒店（南平建陽悦城店）,9.2,"['精緻大床房:HK$292', '豪華大床房:HK$307', '豪華雙床房:HK$307', '行政雙床房:HK$382', '行政大床房:HK$382']"
南平雅閣國際大酒店,9.1,"['雅閣大床房:HK$434', '雅閣雙床房:HK$434', '豪華江景大床房:HK$652', '豪華江景雙床房:HK$652', '行政江景大床房:HK$1,023', '行政江景雙床房:HK$1,023']"
南平御景國際酒店,8.9,"['情侶房:HK$314', '精品標間:HK$314']"
南平西城國際大酒店,9.0,"['雅緻大床房（新風系統）:HK$303', '雅緻雙床房（新風系統）:HK$303', '豪華雙床房（新風系統）:HK$325', '豪華大床房（新風系統）:HK$325', '行政雙床房（新風系統）:HK$369']"
南平中都温德姆酒店,8.9,"['豪華大床房:HK$424', '豪華雙床房:HK$424', '高級大床房:HK$476', '高級雙床房:HK$476', '豪華套房:HK$738']"
南平九峯大廈,8.9,"['標準大床房:HK$325', '標準雙床房:HK$325', '親子房:HK$388', '商務套房:HK$632']"
南平繽紛里民宿（卧龍灣花花世界店）,9.7,"['花意自在雙床房:HK$416', '花漾自在雙床房（客廳）:HK$525', '茶香悠然套房:HK$525', '趣享親子家庭房（複式帶滑梯）:HK$634', '繽紛悦居套房（客廳+智能馬桶）:HK$743']"
尚客優悦酒店（南平建陽體育館店）,9.5,"['舒適大床房（落地窗+全屋智能）:HK$220', '智能優悦零壓大床房（超大空間+落地窗+全屋智能）:HK$262', '優悦零壓雙床房（超大空間+落地窗+全屋智能）:HK$262', '麻將大床房（超大空間+落地窗+全屋智能）:HK$279']"
臻璽客舍酒店,9.1,"['精品大床房:HK$238', '臻璽商務房:HK$260']"
棲息北舍公寓（下嚴墩店）,9.8,"['豪華大床房:HK$255', '舒適大床房:HK$255', '陽光大床房:HK$266', '標準雙床房:HK$277']"
南平富宸國際大酒店,9.0,"['精品榻榻米:HK$162', '豪華大床房:HK$180', '豪華雙床房:HK$198', '行政大床房:HK$216']"
拾光民宿,10.0,"['拾光荷塘 花園大床房 超清投影 智能語音控制 禪意茶室:HK$292', '拾光花語 南洋大床房 超清投影 智能語音控制 禪意茶室:HK$292', '拾光夢之 豪華大床房 超清投影 語音控制 禪意茶室:HK$292', '拾光清風 意式大床房 超清投影 智能語音控制 禪意茶室:HK$292']"
南平尚庭智慧酒店（建陽二中店）,8.8,"['輕居致尚大床房:HK$215', '輕居致尚雙床房:HK$227', '温馨小築榻榻米間:HK$232', '觀景影院大床房:HK$255']"
南平漢歌精品酒店,9.2,"['精緻大床房:HK$259', '精品大床房:HK$321', '精品雙床房:HK$324', '精妙圓床房:HK$358']"
南平延林大酒店,8.7,"['行政雙床房:HK$278', '行政大床房:HK$278', '輕奢智能大床房:HK$350', '輕奢智能雙床房:HK$350']"
南平武夷山德懋堂度假村,9.5,"['雲院一室一廳（別墅）:HK$1,342', '雲院（獨棟別墅）:HK$1,939', '水院（獨棟別墅）:HK$4,451']"
南平金都大酒店（汽車站店）,8.3,"['靜雅丨行政雙床房【街景+浴缸】:HK$151', '臻選丨舒適三人間【環境舒適】:HK$172']"
南平漢歌誠品酒店（延平站大學城店）,9.4,"['室-寬適超高大床房（深睡記憶枕+乾濕分離）:HK$181', '適-江景大床房（深睡記憶枕+乾濕分離）:HK$229', '適-智能舒睡房（負氧離子床墊+睡眠監測儀+白噪音）:HK$249', '適-江景雙床房（深睡記憶枕+乾濕分離）:HK$261']"
早起的鳥民宿,9.3,"['温馨特價大床房:HK$269', '意式簡約風特價大床房:HK$284', '安靜質樸日式風大床房:HK$333', '温馨浪漫投影大床房:HK$360']"
南平億發大酒店,8.5,"['標準大床房:HK$208', '標準雙床房:HK$212', '豪華單人間:HK$234', '豪華標準間:HK$234']"
姚府民宿（延平大學城店）,9.6,"['豪華大床房:HK$205', '標準雙床房:HK$212', '豪華套房:HK$225']"
南平棲息北舍公寓,8.8,['棲息家庭套房:HK$740']
南平楠悦左岸酒店,9.0,"['初見·簡約大床房（全景落地窗+休閑沙發）:HK$177', '且聽·簡約雙床房（全景落地窗+商務辦公桌）:HK$177', '初見·豪華大床房（全景落地窗+休閑沙發）:HK$184', '且聽·豪華雙床房（全景落地窗+商務辦公桌）:HK$184']"
南平三山柏悦酒店,8.8,"['悦享温情房（無窗）:HK$211', '雅居大床房:HK$286', '雅居雙床房:HK$286', '悦享大床房:HK$295']"
南平星空影院民宿,9.5,"['温情浪漫房:HK$168', '青葱影院大床房:HK$180', '小清新影院大床房:HK$185', '璽享影院大床房:HK$192']"
南平禧悦詩意酒店,9.2,"['舒適大床房:HK$182', '舒適大床A:HK$195', '暢享影音房:HK$208', '精選大床房:HK$215']"
南平西方財富酒店,8.5,"['特惠雙人間:HK$283', '特惠單人間:HK$283', '商務大床房:HK$314', '商務雙床房:HK$314', '高級雙人間:HK$347']"
維也納3好酒店（南平建陽店）,9.3,"['高級大床房（智能馬桶+零壓床墊）:HK$179', '江景豪華大床房（智能馬桶+零壓床墊）:HK$194', '豪華雙床房（智能馬桶+零壓床墊）:HK$201', '影院大床房（智能馬桶+零壓床墊）:HK$209']"
如家派柏·雲酒店（延平大劇院店）,8.5,"['商務大床房:HK$205', '惠享雙床房（無窗-智能馬桶）:HK$205', '商務雙床房:HK$238', '零壓精選雙床房:HK$257']"
a5990民宿,9.7,"['簡約大床房103:HK$165', '標準大床房102:HK$184', '標準大床房106:HK$184', '豪華大床房108:HK$211']"
徐家小院,10.0,"['標準雙床房:HK$205', '大床房:HK$326']"
藝選酒店（南平建陽汽車站三中店）,8.9,"['舒適大床房:HK$156', '商務大床房:HK$170', '尊享大床房:HK$183', '商務雙床房:HK$183']"
南平建陽大飯店,9.3,"['普通標準間:HK$118', '行政大床房:HK$150', '行政標準間:HK$158', '三人間:HK$190']"
南平四賢客棧,9.2,"['羅從彥:HK$229', '楊時:HK$241', '李侗:HK$247', '湖岸:HK$338']"
南平知魚公寓,9.1,"['知魚知性大床房:HK$142', '知魚温馨大床房:HK$142', '知魚知樂大床房:HK$142', '知魚智能影院房:HK$164']"
西苑民宿（南平人民西路店）,9.3,"['星河大床房:HK$171', '觀瀾大床房:HK$171', '柏林大床房:HK$171', '正達鹿鳴影院大床房:HK$171']"
南平鼎盛商務酒店（區政府店）,8.9,"['特價房（無車位）:HK$146', '特惠雙床房:HK$151', '簡歐大床房:HK$159', '簡歐雙床房:HK$166']"
拾光民宿（南平延平站大學城店）,9.4,"['温馨雙床間:HK$205', '北歐大床房:HK$205', '豪華觀影北歐大床房:HK$242']"
南平元錦商務酒店,8.5,"['標準大床房:HK$164', '商務雙床房:HK$176', '豪華大床房:HK$176', '精品雙床房:HK$192']"
南平建陽優睿灣民宿,9.3,"['精緻大床房:HK$166', '精裝大床房:HK$167', '標準大床房:HK$184', '温馨大床房:HK$203']"
南平印象楠林酒店,8.9,"['經濟房:HK$207', '山景大床房:HK$207', '豪華標間:HK$229', '豪華大床房:HK$229']"
南平乾成泰賓館,9.1,"['普通雙人間:HK$183', '豪華雙人間:HK$303', '豪華單間:HK$303']"
愛琴海主題酒店（南平延平汽車站店）,9.3,"['特惠大床房:HK$195', '時尚大床房:HK$222', '商務雙床房:HK$228', '電動床主題房:HK$241']"
溫馨公寓,9.7,"['高級大床房:HK$91', '標準雙人間:HK$116', '商務大床房:HK$155', '豪華三人間:HK$155']"
