酒店名称,评分,房型价格列表
南昌滕王閣希爾頓歡朋酒店,9.2,"['舒適大床房:HK$404', '舒適雙床房:HK$413', '高級大床房:HK$432', '高級雙床房:HK$446', '豪華江景大床房:HK$461']"
麗怡酒店（南昌昌北國際機場店）,9.8,"['高級雙床房（慕思床墊+iFagrance洗護用品）:HK$236', '純凈大床房（慕思床墊+iFagrance洗護用品）:HK$253', '純凈雙床房（慕思床墊+iFagrance洗護用品）:HK$269', '豪華家庭房（慕思床墊+iFagrance洗護用品）:HK$285']"
南昌滕王閣美居酒店,9.5,"['標準房-大床（ FlorisLand洗護套裝+MiniBar）:HK$463', '高級房-大床（ FlorisLand洗護套裝+MiniBar）:HK$492', '高級房-雙床（ FlorisLand洗護套裝+MiniBar）:HK$503', '豪華房-雙床（ FlorisLand洗護套裝+MiniBar）:HK$553', '豪華江景房-大床（滕王閣夜景+一線江景）:HK$563']"
美致酒店（紅谷灘翠苑路地鐵站店）,9.3,"['靜謐丨影音榻榻米房【VIP觀影】:HK$175', '精緻丨舒睡大床房【智能客控+提供耳塞】:HK$187', '怡致丨玲瓏大床房【智能客控+化粧鏡】:HK$199', '逸緻丨青春雙床房【智能客控+投屏電視】:HK$210']"
南昌銅鑼灣廣場開元名庭酒店,9.6,"['名成高級大床房:HK$424', '名成高級雙床房:HK$424', '名成豪華大床房:HK$457', '名成豪華雙床房:HK$457', '名成行政大床房:HK$490']"
漢庭酒店（南昌儒樂湖昌北機場店）,9.6,"['高級大床房:HK$255', '商務大床房:HK$275', '雙床房:HK$275', '家庭房:HK$312']"
集合民宿（南昌紅谷灘萬達店）,8.7,"['初現居-乳膠床墊:HK$255', '未見居-乳膠床墊:HK$255', '隱世居-乳膠床墊:HK$255', '初心居-乳膠床墊:HK$297']"
南昌西站智選假日酒店（綠地國際博覽中心店）,9.5,"['高級大床房（乾濕分離+斯得福軟硬枕+辦公桌椅）:HK$327', '高級雙床房（乾濕分離+斯得福軟硬枕+辦公桌椅）:HK$327', '舒適高級大床房（乾濕分離+斯得福軟硬枕+辦公桌椅）:HK$365', '舒適高級雙床房（乾濕分離+斯得福軟硬枕+辦公桌椅）:HK$365', '豪華大床房（乾濕分離+斯得福軟硬枕+沙發椅+辦公桌椅）:HK$421']"
城市便捷酒店（南昌紅谷灘翠苑路地鐵站店）,9.4,"['智能標準大床房（智能客控+舒適睡眠+VIP投影投屏）:HK$178', '智能商務大床房（智能客控+舒適睡眠）:HK$201', '智能商務雙床房（智能客控+舒適睡眠）:HK$209', '智能高級大床房（智能客控+舒適睡眠）:HK$225']"
皇鉑酒店（南昌滕王閣店）,9.4,"['舒適大床房【全智能沖洗馬桶+護脊床墊+回彈護頸枕】:HK$309', '智慧大床房【全智能沖洗馬桶+護脊床墊+回彈護頸枕】:HK$360', '豪華大床房【全智能沖洗馬桶+護脊床墊+回彈護頸枕】:HK$412', '智慧雙床房【全智能沖洗馬桶+護脊床墊+回彈護頸枕】:HK$464']"
柏納酒店（南昌八一廣場武商購物中心店）,9.3,"['臻享大床房（小巧玲瓏+靜謐空間）:HK$459', '臻選大床房:HK$480', '精選大床房（深度好眠+獨立辦公）:HK$502', '景觀大床房（城市夜景+獨立辦公）:HK$524']"
錦江都城酒店（南昌滕王閣八一廣場店）,9.4,"['精緻大床房（電視投屏+高空觀景）:HK$357', '風雅雙床房（180°落地窗+Mini Bar小冰箱+一鍵投屏）:HK$392', '風雅大床房（180°落地窗+Mini Bar小冰箱+一鍵投屏）:HK$392', '巨幕投影大床房（100寸巨幕+影音會員+全屋智能）:HK$417']"
南昌賓呈國際酒店（青山湖萬達廣場店）,9.4,"['沉浸觀影大床房（智能客控+手機投屏）:HK$222', '舒適大床房（智能客控+功夫茶具+安睡蕎麥枕）:HK$283', '舒適雙床房（智能客控+功夫茶具+安睡蕎麥枕）:HK$285', '雅悦高級大床房（智能客控+功夫茶具+高層景觀）:HK$309', '雅悦高級雙床房（智能客控+功夫茶具+高層景觀）:HK$309']"
美豪麗致酒店（南昌滕王閣店）,9.5,"['精緻大床房:HK$468', '麗致大床房:HK$479', '麗致雙床房（沙發椅&辦公桌）:HK$546', '精緻雙床房:HK$556', '麗致陽台大床房（庭院&沙發椅&辦公桌）:HK$588']"
南昌嘉萊特精選酒店（紅谷灘綠地雙子塔店）,9.5,"['嘉悦|城景大床房（俯瞰夜景）:HK$389', '嘉商|舒睡大床房（乾濕分離）:HK$410', '嘉商|舒睡雙床房（安靜好眠）:HK$410', '嘉豪|闊氣雙床房（樂享茶道）:HK$420', '嘉庭|温馨舒適家庭房（卡通主題）:HK$470']"
錦江都城酒店（南昌紅谷灘萬達廣場衛東地鐵站店）,9.2,"['精緻大床房:HK$323', '精緻雙床房:HK$325', '風雅雙床房【落地窗+國潮設計+智能小度+智能馬桶】:HK$340', '風雅大床房【落地窗+國潮設計+智能小度+智能馬桶】:HK$358']"
南昌西站國博萬達悦華酒店,9.5,"['高級雙床房（景觀落地窗+Acca Kappa洗護用品+智能投屏）:HK$337', '高級大床房（雙面景觀落地窗+Acca Kappa洗護用品+智能投屏）:HK$370', '豪華雙床房（景觀落地窗+Acca Kappa洗護+智能投屏）:HK$393', '豪華大床房（景觀落地窗+Acca Kappa洗護+智能投屏）:HK$425', '棋牌大床房（落地窗+Acca Kappa洗護用品+智能投屏）:HK$447']"
南昌瀾悅滕王閣智選酒店（國威路地鐵站店）,9.4,"['舒享陽光大床房:HK$198', '舒享陽光雙床房:HK$240', '夢百合零壓大床房:HK$240', '智能巨幕投影大床房:HK$261', '夢百合零壓雙床房:HK$261']"
怡程酒店（南昌八一廣場店）,9.5,"['高級大床房:HK$384', '豪華大床房:HK$405', '影院大床房:HK$405', '城景大床房:HK$426', '商務大床房:HK$447']"
你好酒店（南昌滕王閣萬壽宮店）,9.5,"['舒壓影音大床房（電視投屏+金可兒床墊+記憶枕）:HK$279', '雙床房A（電視投屏+金可兒床墊+記憶枕）:HK$279', '大床房（電視投屏+金可兒床墊+記憶枕）:HK$279', '高級大床房（電視投屏+金可兒床墊+記憶枕）:HK$299']"
全季酒店（南昌紅谷灘萬達廣場店）,9.6,"['高級大床房:HK$440', '商務大床房:HK$469', '高級特大床房:HK$497', '高級雙床房:HK$516']"
麗楓酒店（南昌向塘鹿港星城店）,9.2,"['豪華大床房:HK$265', '純凈自然商務雙床房:HK$294', '行政大床房:HK$294', '景觀大床房:HK$324']"
南昌象湖格蘭雲天大酒店,9.6,"['高級大床房:HK$437', '湖景雙床房:HK$492', '湖景大床房:HK$492', '商務湖景大床房:HK$524', '商務湖景雙床房:HK$524', '親子房·滑滑梯:HK$600']"
中洲國際酒店（江西農業大學城旭輝中心店）,9.2,"['梅嶺·舒眠影音大床房（薰香+眼罩+深度睡眠）:HK$216', '梅嶺·舒眠影音雙床房【竹海明珠+獅子峯+櫻花谷】:HK$226', '中洲甄選驚喜大床房:HK$244', '滕王閣·觀影大床房:HK$254', '紅谷灘·高級雙床房:HK$263']"
伴思緣輕奢美宿,9.6,"['淺溪·山景庭院雙床房:HK$841', '雲野·山湖景觀露台私湯房:HK$917', '踏月·觀景私湯大床房:HK$994', '望湖·觀景庭院大床房:HK$1,071']"
桔子酒店（南昌滕王閣萬壽宮店）,9.6,"['商務大床房（落地窗+智能客控投屏+小冰箱）:HK$468', '江景大床房（180°落地窗+贛江美景+智能客控投屏）:HK$547', '精選雙床房（180°落地窗+智能客控投屏+小冰箱）:HK$567', '豪華雙床房（多方位落地窗+智能客控投屏+小冰箱）:HK$645', '江景豪華雙床房（多方位落地窗+滕王閣贛江美景）:HK$722']"
瑞頤大酒店（南昌滕王閣店）,9.4,"['高級大床房:HK$824', '豪華江景雙床房:HK$917', '豪華江景大床房:HK$917', '行政江景大床房:HK$1,196', '豪華家庭房:HK$1,196', '女皇江景雙床房:HK$1,196']"
閲江假日酒店（南昌紅谷灘省博物館店）,9.5,"['温馨大床房（65寸投屏電視+電動窗簾）:HK$260', '臻選温馨大床房:HK$281', '精緻江景大床房（65寸投屏電視+電動窗簾）:HK$282', '臻選精緻江景大床房:HK$303']"
城市便捷酒店（南昌江西財經大學孔目湖地鐵站店）,9.6,"['智能高級大床房（舒適靜謐｜全屋智能）:HK$198', '智能高級雙床房（舒適睡眠｜全屋智能）:HK$198', '智能商務大床房（全屋智能｜悠享辦公）:HK$221', '智能商務雙床房（全屋智能｜悠享辦公）:HK$221']"
漢庭酒店（南昌八一廣場美術館店）,9.6,"['大床房:HK$284', '高級大床房:HK$302', '雙床房:HK$341', '家庭房:HK$378']"
南昌空港新城麗亭酒店,9.2,"['高級活力雙床房（高端衞浴+舒達床墊+65寸液晶電視）:HK$480', '高級活力大床房（雲端客房+舒達床墊+65寸液晶電視）:HK$480', '豪華都市大床房（雲端客房+舒達床墊+65寸液晶電視）:HK$539', '豪華都市雙床房（高端衞浴+舒達床墊+65寸液晶電視）:HK$539', '行政精英大床房（臨空之巔+舒達床墊+65寸液晶電視）:HK$598', '麗亭特色主題房:HK$677']"
安義為邦理想酒店（南昌職業大學市民廣場店）,9.4,"['優悦城景大床房（辦公書桌+乾濕分離衞浴）:HK$232', '優悦城景雙床房（辦公書桌+乾濕分離衞浴）:HK$232', '深睡舒享大床房（城景景觀+零壓釋壓床墊+助眠乳膠枕）:HK$266', '深睡舒享雙床房（城景景觀+零壓釋壓床墊+助眠乳膠枕）:HK$266', '行政全景大床套房（獨立客廳+雲端景觀+解壓浴缸）:HK$299']"
南昌紅谷灘萬象城漫心酒店,9.7,"['心享城景雙床房（城景+金可兒深睡床墊）:HK$553', '心悦城景大床房（城市夜景+金可兒深睡床墊）:HK$563', '心夢尊享江景雙床房（江景+金可兒深睡床墊）:HK$573', '心享江景大床房（金可兒深睡床墊+兩岸璀璨燈光夜景）:HK$593', '心夢尊享江景家庭房（摩天輪夜景+金可兒深睡床墊）:HK$623']"
FunGee 歡致酒店（南昌秋水廣場省博物館店）,9.4,"['歡言城景大床房【智能小度客控·明星同款化粧鏡】:HK$314', '歡愉影院大床房【巨幕投影·高速上網Wifi】:HK$334', '歡悦江景大床房|【江河風景·mini小冰箱】:HK$354', '歡暢城景雙床房【零壓靜謐記憶枕·夢百合零壓床墊】:HK$354', '歡欣江景雙床房【夢百合零壓床墊·江河風景】:HK$384']"
南昌朝陽中心希爾頓歡朋酒店,9.6,"['高級園景雙床房:HK$447', '高級園景大床房:HK$447', '高級側江景大床房:HK$502', '荷里活超大床房:HK$502', '豪華側江雙床房:HK$569']"
南昌逸居酒店（萬壽宮店）,9.3,"['精緻大床房:HK$233', '精緻雙床房:HK$240', '高級大床房:HK$240', '豪華大床房:HK$255']"
南昌富力萬達嘉華酒店（紅谷灘萬達廣場店）,9.5,"['豪華雙床房-盡覽繁華洪城美景:HK$681', '豪華大床房-盡覽繁華洪城美景:HK$681', '高級豪華雙床房-探索都市天際麗影:HK$718', '高級豪華大床房-探索都市天際麗影:HK$718', '雙子塔景觀雙床房-私享雲端303雙子塔夜景:HK$744', '雙子塔景觀大床房-私享雲端303雙子塔夜景:HK$744']"
你好酒店（南昌贛江新區昌北機場店）,9.8,"['高級大床房:HK$243', '商務大床房:HK$272', '高級雙床房:HK$272', '家庭房:HK$318']"
麗柏酒店（南昌紅谷灘萬達廣場雙子塔店）,9.4,"['精緻大床房【全屋智能客控+全景落地窗+靜謐乳膠枕】:HK$347', '豪華大床房【智能客控+落地窗+靜謐乳膠枕+靜音床墊】:HK$364', '豪華雙床房【智能客控+落地窗+靜謐乳膠枕】:HK$380', '高空|景觀大床房【璀璨城景+雲朵感沙發+寧靜放鬆】:HK$397', '高空|景觀雙床房【璀璨城景+靜謐乳膠枕+寧靜放鬆】:HK$413']"
南昌滕王閣萬壽宮漫心酒店,9.6,"['心怡標準大床房（65寸電視一鍵投屏+小冰箱+親膚浴袍）:HK$442', '心享豪華大床房（一鍵投屏+小冰箱+mini Bar）:HK$482', '心享商務家庭房（65寸電視智能投屏+mini Bar+小冰箱）:HK$503', '心夢尊享大床房（智能投屏+小冰箱+mini Bar+城景）:HK$523', '心夢景觀大床房（觀滕王閣夜景+一鍵投屏+小冰箱）:HK$583']"
南昌萬怡酒店（滕王閣陽明公園地鐵站店）,9.2,"['高級大床房:HK$456', '商務大床房:HK$500', '商務雙床房:HK$500', '豪華大床房:HK$562', '豪華雙床房:HK$562']"
漫朵酒店（南昌滕王閣萬壽宮店）,9.1,"['漫朵大床房:HK$314', '漫朵影音大床房:HK$323', '漫朵影音休閑房:HK$349', '漫朵影音雙床房:HK$358']"
南昌文演建國飯店（萬象城南昌之星摩天輪店）,9.6,"['高級大床房:HK$458', '高級雙床房:HK$465', '觀影大床房:HK$470', '觀影雙床房:HK$477', '豪華雙床房:HK$479', '豪華大床房:HK$479']"
智選假日酒店（南昌高新區政務服務中心店）,9.6,"['高級雙床房:HK$299', '高級雙床無障礙房:HK$356', '高級大床房:HK$385', '高級房:HK$385', '高級大床湖景房:HK$404']"
南昌八一廣場智選假日酒店（火車站店）,9.4,"['標準大床房（乾濕分離+金可兒床墊+斯得福軟硬枕）:HK$299', '標準雙床房（乾濕分離+金可兒床墊+斯得福軟硬枕）:HK$299', '高級大床房（乾濕分離+金可兒床墊+斯得福軟硬枕）:HK$327', '高級雙床房（乾濕分離+金可兒床墊+斯得福軟硬枕）:HK$327', '精緻套房（金可兒床墊+斯得福軟硬枕+辦公桌椅）:HK$551']"
麗楓酒店（南昌滕王閣萬壽宮地鐵站店）,9.2,"['雅緻大床房（慕思床墊+專屬薰衣草洗護+智能投屏）:HK$365', '豪華大床房（慕思床墊+專屬薰衣草洗護+智能投屏）:HK$405', '商務大床房（慕思床墊+專屬薰衣草洗護+智能投屏）:HK$445', '浪漫優享房（慕思床墊+專屬薰衣草洗護+智能投屏）:HK$477']"
格林縵旅大酒店（八一廣場一附院店）,9.5,"['商務雙床房（小冰箱+乾濕分離）:HK$347', '商務大床房（乾濕分離）:HK$349', '優選雙床房（小冰箱+乾濕分離）:HK$383', '高級大床房（小冰箱+55寸投屏電視+空氣凈化器）:HK$394', '高級雙床房（小冰箱+55寸投屏電視）:HK$406']"
江西飯店（八一廣場美術館店）,8.8,"['優選雙人房:HK$283', '商務雙人房:HK$327', '商務大床房:HK$327', '精選雙床房:HK$393', '精選大床房:HK$393']"
南昌喜來登酒店,9.4,"['豪華城景雙床房:HK$744', '豪華城景大床房:HK$744', '尊貴豪華江景雙床房:HK$871', '尊貴豪華江景大床房:HK$871', '行政城景雙床客房:HK$999', '行政城景大床客房:HK$999']"
南昌紅谷灘萬達廣場城際酒店,9.7,"['城際大床房:HK$503', '城際高級大床房:HK$533', '城際豪華雙床房:HK$542', '城際豪華大床房:HK$553', '城際行政雙床房:HK$573']"
