酒店名称,评分,房型价格列表
博樂青河雲棲酒店,9.3,"['智享雙床房「智能客控，深睡記憶枕」:HK$546', '尊享雙床房「全屋智能+深睡記憶枕」:HK$593', '智享大床房「智能客控+深睡記憶枕」:HK$611', '智享三人間「智能客控+深睡記憶枕」:HK$732']"
東港明珠大酒店（博樂站萬象滙店）,9.1,"['拂曉·智享大床房「靜謐助眠+全屋智能+乾濕分離」:HK$514', '拂曉·智享雙床房「靜謐助眠+全屋智能+加濕器」:HK$526', '舒雲·智享城景大床房「璀璨夜景+品質床品+深度睡眠」:HK$572', '舒雲·智享城景雙床房「璀璨夜景+品質床品+深度睡眠」:HK$584']"
博樂市緣丞酒店（大巴扎店）,9.8,"['泊心商務標間（零壓床墊+深睡記憶枕）:HK$539', '尊享豪華大床房（全屋智能+零壓床墊+深睡記憶枕）:HK$636', '鎏金豪華標間（全屋智能+零壓床墊+深睡記憶枕）:HK$648', '森嶼親子巨幕光影房（全屋智能+零壓床墊+深睡記憶枕）:HK$823']"
漢庭酒店（博樂天山路店）,9.6,"['大床房:HK$474', '高級大床房:HK$521', '高級雙床房:HK$567']"
財道客棧（博樂濱河公園店）,9.5,"['財道標準大床房:HK$498', '財道標準雙床房:HK$538', '商務茶室會客大床房:HK$714', '商務家居三床房:HK$761']"
阿拉山口嵐汀辭國際酒店,9.2,"['嵐禧·生活處處皆驚喜｜福袋房:HK$294', '嵐山·高級雙床房｜加厚零壓床墊+加濕器+智能投屏:HK$392', '嵐風·高級大床房｜零壓床墊+加濕器+智能投屏:HK$392', '嵐山·豪華雙床房｜加厚零壓床墊+加濕器+智能投屏:HK$422']"
博樂大酒店,9.1,"['四季驚喜房:HK$405', '高級雙床房:HK$427', '高級大床房:HK$437', '豪華雙床房:HK$459']"
博樂桃花源酒店,9.3,"['陌野居大床房（乳膠床品）:HK$537', '蒹葭居雙床房:HK$583', '清蓮居大床房（乳膠床品）:HK$704', '幽篁居套房:HK$774']"
桔子酒店（博樂大成觀瀾店）,9.8,"['大床房:HK$567', '高級大床房:HK$595', '雙床房:HK$614', '商務大床房:HK$623']"
星程酒店（博樂時代廣場店）,9.5,"['大床房:HK$521', '高級雙床房:HK$540', '高級大床房:HK$540', '商務雙床房:HK$558']"
如家商旅酒店（温泉博格達店）,9.2,"['雙床房（獨立空調）:HK$368', '高級雙床房（獨立空調）:HK$386', '高級大床房（獨立空調）:HK$386', '特色雙床房（獨立空調）:HK$440']"
溫泉縣天泉酒店（濕地公園店）,9.4,"['輕奢零壓雙床房（全屋智能+零壓床墊）:HK$525', '輕奢零壓大床房（全屋智能+零壓床墊）:HK$552', '悦享零壓雙床房（獨立空調）:HK$556', '悦享零壓大床房（獨立空調）:HK$583']"
秋楓酒店（博樂高鐵站店）,9.1,"['舒適大床房「高速網絡+乾濕分離衞浴」:HK$387', '悦致雙床房「零壓酣睡床墊+通透採光」:HK$387', '雅緻高級大床房「陽光滿屋+尊享護頸枕芯」:HK$451', '雅緻高級雙床房「舒適布草+大屏高清電視」:HK$457']"
漢庭酒店（博樂市政府店）,9.6,"['大床房:HK$474', '高級大床房:HK$493', '雙床房:HK$493', '高級雙床房:HK$521']"
精河景楓酒店,9.2,"['智能舒適大床房:HK$463', '智能舒適標準房:HK$490', '智能温馨親子房:HK$611', '智能舒適三人間:HK$620']"
精河文華印象酒店,9.0,['舒適三人間:HK$648']
全季酒店（博樂店）,9.5,"['高級大床房:HK$574', '高級雙床房:HK$602', '商務大床房:HK$622', '商務雙床房:HK$641']"
君燊酒店,9.1,"['特價房:HK$325', '商務雙床房:HK$385', '親子間:HK$553', '濕地景觀大床房:HK$562']"
精河麗楓精品酒店,9.0,"['豪華大床房:HK$577', '精選標準間:HK$577', '親子房:HK$588', '豪華雙人間:HK$610']"
博樂供銷新合大酒店,9.1,"['優享雙床房:HK$358', '温馨內景房:HK$399', '高級大床房:HK$463', '零壓雙床房:HK$500']"
阿拉山口誠悦酒店,9.8,"['智能豪華標準間:HK$333', '智能標準間:HK$333', '智能豪華大床房:HK$342', '智能大床房:HK$342']"
海月觀舍酒店,10.0,"['舒適大床房【零壓床墊+乾濕分離+智能客控】:HK$258', '智能雙床房【小度智能+零壓床墊+乾濕分離】:HK$287', '榻榻米雙床房【零壓床墊+智能客控+休閑榻榻米】:HK$287']"
阿拉山口海星精品酒店,9.5,"['商務標準間【超大空間＋安心入眠＋乾濕分離】:HK$268', '商務大床房【超大空間＋安心入眠＋乾濕分離】:HK$268', '精品大床房【慕斯床墊＋6080床品＋超大空間】:HK$314', '精品雙床房【慕斯床墊＋6080床品＋超大空間】:HK$314']"
景海民宿（博樂米爾其克店）,9.9,"['海熹大床房:HK$641', '海韻雙人間:HK$730', '海逸雙人間:HK$790', '海悦親子間:HK$940']"
博樂金橡瑞家酒店,9.1,"['智能商務標準間:HK$468', '智能豪華標準間:HK$490', '智能大床房:HK$511', '智能三人間:HK$653']"
博樂世紀楓尚精品酒店,8.9,"['高級全智能雙床房:HK$556', '高級全智能大床房:HK$587']"
博樂博爾塔拉賓館,9.4,"['迎賓樓商務標間:HK$621', '迎賓樓行政單人間:HK$685', '迎賓樓商務套房:HK$1,407']"
博樂遇見阿里翁民宿,9.5,"['古香民族風大床房:HK$544', '古香民族風雙床房:HK$544', '古香民族風觀景房:HK$544', '古香民族風豪華大床房:HK$653']"
博樂鴻豐大酒店（恆大汽車綜合生活廣場店）,9.3,"['現代雅緻雙床房（智能語音+加濕器+零壓床墊）:HK$603', '現代雅緻大床房（智能語音+加濕器+零壓床墊）:HK$643', '智能輕奢雙床房（加濕器+零壓床墊+記憶枕+智能語音）:HK$670', '智能輕奢大床房（加濕器+零壓床墊+記憶枕+智能語音）:HK$692']"
博樂濱江半島酒店,9.3,"['四季彩蛋房:HK$626', '智能尊享三人間:HK$731', '家庭親子套房:HK$731']"
博樂花兒民宿（阿里翁白新村店）,9.6,"['歡喜大床房:HK$221', '無憂大床房:HK$268', '如意雙床房:HK$268', '錦鯉雙床房:HK$268']"
精河朋來酒店,8.6,"['舒適雙床房:HK$540', '大床房:HK$596', '標準三人間:HK$628', '豪華套房:HK$746']"
桃離鬧市民宿,9.7,"['經濟大床房:HK$214', '標準雙人間:HK$336', '大床房:HK$336']"
精河文華假日酒店,8.8,"['標準大床房:HK$591', '普通雙床房:HK$596', '豪華大床房（零壓床墊）:HK$641', '豪華標間:HK$644']"
精河錦疆大酒店,8.2,"['行政標間:HK$546', '豪華標間:HK$634', '三人間:HK$643', '麻將雙床房:HK$664']"
賽里木湖潮剋星空營地,9.4,"['觀山家庭套房:HK$2,382', '攬月娛樂套房:HK$2,382', '嘉景圓床星空房:HK$2,819', '聽海家庭套房:HK$2,819', '全景圓床星空房:HK$3,147']"
博樂陽光酒店,8.8,"['商務標準間:HK$392', '商務大床房:HK$436', '豪華大床房:HK$458', '豪華標準間:HK$458']"
博樂恬朗酒店（永隆廣場店）,9.2,"['普通標準間:HK$443', '豪華標準間:HK$466', '豪華大床房:HK$466', '三人間:HK$519']"
都市花園酒店（火車南站店）,9.2,"['特價-園景大床房·有窗（零壓床墊+全屋智能+落地窗）:HK$605', '特價-花園雅緻雙床房·有窗（零壓床墊+全屋智能+落地窗）:HK$621', '園景雙床房（零壓床墊+全屋智能+落地窗）:HK$730', '花園尊享大床房（零壓床墊+全屋智能+落地窗）:HK$780']"
柳家民宿,10.0,"['豪華投影大床房:HK$291', '豪華標間:HK$473', '温馨套房:HK$577', '豪華家庭套房:HK$922']"
清風小築民宿,9.3,"['聖泉雙床房:HK$338', '夏爾西里大床房:HK$395', '仙泉榻榻米房:HK$411', '米爾其克榻榻米套房:HK$429']"
季楓國際酒店（精河烏伊路店）,9.6,"['優享智能大床房:HK$986', '優享智能雙床房:HK$986', '尊享智能大床房（全屋智控+深度睡眠床墊+乳膠記憶枕+新疆長絨棉床品+智能馬桶+手機投屏）:HK$1,130', '尊享智能雙床房（全屋智控+深度睡眠床墊+乳膠記憶枕+新疆長絨棉床品+智能馬桶+手機投屏）:HK$1,130', '臻享智能親子房（全屋智控+深度睡眠床墊+乳膠記憶枕+新疆長絨棉床品+智能馬桶+手機投屏）:HK$1,171']"
博樂中亞宏博大酒店,8.7,"['豪華大床房:HK$470', '城景大床房:HK$470', '豪華標準間:HK$624', '親子套房:HK$815']"
茜茜棲里民宿（賽里木湖東門遊客中心店）,9.4,"['雅緻LOFT大床房【智能語音+地暖+智能馬桶+零壓床墊】:HK$1,362', '輕奢山景大床房【智能語音+地暖+智能馬桶+零壓床墊】:HK$1,727', '雅緻LOFT雙床房【智能語音+地暖+智能馬桶+零壓床墊】:HK$1,731', '雅緻雙床房【全屋智能語音+地暖+智能馬桶+零壓床墊】:HK$1,738']"
雲頂·漫野holiday Villa美宿,9.2,"['一川風月·四季驚喜房（樹下光年）:HK$733', '長夜歸嶼·拾光雙床房（花間庭院）:HK$999', '和光同塵·風呤雙床房（巨幕觀影）:HK$1,066', '日落穀雨·風呤大床房（私人影院）:HK$1,110', '枕夢攬月·禾沐親子房（其樂融融）:HK$1,222']"
阿拉山口雲飛國際酒店,9.7,"['標準間:HK$358', '大床房:HK$358', '豪華套房:HK$632']"
博樂玉強大酒店,8.7,"['大床房:HK$435', '普通標間:HK$435', '豪華大床房:HK$500', '城市觀景落地窗標間:HK$500']"
精河玉新酒店,9.2,['智能親子套房:HK$785']
博樂博爾塔拉中亞大酒店,9.1,"['商務套房:HK$664', '豪華套房:HK$664', '清風雅舍:HK$970']"
阿拉山口凱旋門商務賓館,8.9,"['悦享精緻大床房（全屋地暖+定製床墊+舒適床品）:HK$215', '優享舒適雙床房（全屋地暖+定製床墊+舒適床品）:HK$215', '樂享精選三床房（全屋地暖+定製床墊+舒適床品）:HK$319']"
