酒店名称,评分,房型价格列表
可克達拉賓館（朱雀湖公園店）,9.9,"['1號樓悦心| 温馨雙床房-快樂安睡:HK$617', '2號樓悦心|温馨雙床房-快樂安睡:HK$617', '3號樓悦心| 温馨雙床房-快樂安睡:HK$617', '1號樓悦心|温馨大床房-快樂安睡:HK$669', '1號樓浴享時光| 時尚雙床房-輕鬆好眠:HK$669']"
可克達拉文遠大酒店,9.5,"['雅緻舒睡大床房:HK$643', '雅緻舒睡雙床房:HK$643', '臻選智能雙床房:HK$970', '臻選智能大床房:HK$970', '智能親子房:HK$1,187']"
可克達拉壹平源居,9.8,"['靜謐單人間:HK$336', '精品雙床房:HK$370', '精品大床房:HK$370', '甄選大床房:HK$425']"
可克達拉大雲華酒店,8.0,[]
華都假日酒店（察布查爾鎮店）,9.3,"['普通標間:HK$260', '普通單間:HK$260', '豪華標間:HK$283', '豪華單間:HK$283']"
品悦酒店,8.8,"['標準雙床房:HK$266', '標準大床房:HK$327', '豪華套房:HK$458']"
七喜酒店,8.4,"['特價雙床房:HK$299', '標準雙床房:HK$340', '商務雙床房:HK$340', '標準大床房:HK$351']"
桔子酒店（伊寧六星街景區店）,9.4,"['高級大床房【金可兒床墊+冷藏小冰箱+電視投屏】:HK$774', '豪華大床房【金可兒床墊+冷藏小冰箱+電視投屏】:HK$801', '豪華雙床房【金可兒床墊+冷藏小冰箱+電視投屏】:HK$847', '家庭房【金可兒床墊+冷藏小冰箱+電視投屏】:HK$909']"
伊寧品睿酒店（六星街店）,9.6,"['舒適大床房:HK$475', '榻榻米舒適房:HK$486', '智能高級大床房:HK$590', '高級大床間:HK$715']"
海友酒店（伊寧火車站店）,9.7,"['高級大床房:HK$382', '商務大床房:HK$400', '商務雙床房:HK$408', '家庭房:HK$434']"
派酒店（伊寧解放路六星街店）,8.7,"['惠選大床房:HK$246', '惠選雙床間（無窗）:HK$262', '商務大床房:HK$296', '商務雙床房:HK$314']"
停泊青年旅舍（伊寧店）,8.6,"['榻榻米大床房:HK$328', '隨心大床房:HK$361', '榻榻米標準雙人間:HK$361', '隨心標準雙人間:HK$393']"
霍城賽里木湖大酒店,8.7,"['普通標準間:HK$293', '舒適標間:HK$326', '高級標準間:HK$435', '高級單人間:HK$435']"
漢庭酒店（伊寧喀贊其店）,9.5,"['大床房:HK$533', '高級大床房:HK$624', '高級雙床房:HK$654', '商務雙床房:HK$684']"
全季酒店（伊寧機場店）,9.5,"['大床房:HK$793', '雙床房:HK$814', '高級大床房:HK$834', '高級雙床房:HK$855']"
與君初相識民宿（伊寧機場伊寧火車站店）,9.6,"['青嶼-雅緻雙床房【高清投影】:HK$384', '楓丹悦享大床房【高清投影】:HK$434', '沐風-雅緻大床房【高清投影】:HK$491', '尋歡-温馨親子間【高清投影】:HK$507']"
漢庭酒店（伊寧六星街景區店）,9.4,"['高級大床房:HK$748', '高級雙床房:HK$807', '商務大床房:HK$807', '商務雙床房:HK$846']"
伊寧市隱舍民宿,9.7,"['標準大床房:HK$307', '標準雙人間:HK$307', '三人間:HK$359', '親子三人房:HK$359']"
全季酒店（伊寧山東路萬容壹號街店）,9.7,"['高級雙床房（智能客控.加濕器）:HK$723', '高級大床房（智能客控.加濕器）:HK$743', '高級特大床房（智能客控.加濕器）:HK$784', '商務大床房（智能客控.加濕器）:HK$824']"
如家酒店·neo（伊寧解放西路上海城店）,9.5,"['大床房（全屋智能+親膚布草+電視投屏）:HK$589', '商務大床房（全屋智能+親膚布草）:HK$616', '高級雙床房（全屋智能+加寬床墊+電視投屏）:HK$644', '安心睡大床房（深睡體驗+全屋智能+電視投屏）:HK$662']"
駢馬西行民宿（六星街景區店）,9.1,"['舒適大床房:HK$796', '豪華大床房:HK$826', '標準雙人房:HK$862']"
一方所民宿（六星街景區店）,9.8,"['靜夜雅緻大床房（半地下）:HK$371', '慕夏雅緻雙床房（半地下）:HK$519', '澄裏陽光榻榻米房:HK$556', '浪漫情懷大床房:HK$705']"
霍城良棲鄉野民宿,9.3,"['半地下室雙人間:HK$204', '標準大床房:HK$321', '標準雙床房:HK$321', '豪華大床房:HK$375']"
圖開沙漠輕奢酒店,9.0,"['聽沙觀景標間:HK$759', '漠野景觀大床房:HK$773', '歡圖親子間:HK$773', '歡圖温馨親子套房:HK$852']"
霍城雲升酒店,9.3,"['舒適標準間:HK$1,048', '舒適大床房:HK$1,048', '行政豪華標準間:HK$1,144', '浪漫大床房:HK$1,241', '陽光標準間:HK$1,433']"
棲雲館民宿（六星街店）,9.7,"['舒適大床房:HK$339', '豪華大床房:HK$361', '標間:HK$382']"
民柳民宿（伊寧機場伊寧火車站店）,9.6,"['無憂·樂享標準間:HK$481', '好眠·優享親子房:HK$611', '自在·舒適三人間:HK$624', '旅途温馨·高級標間套房:HK$724']"
你好酒店（伊寧上海城店）,9.4,"['高級大床房:HK$553', '商務大床房:HK$582', '商務雙床房:HK$613', '家庭雙床房:HK$653']"
喜相逢民宿（伊寧機場火車站店）,9.2,"['大床房:HK$300', '投影大床房:HK$300', '親子套房:HK$380', '投影親子房:HK$380']"
岡仁波齊青年旅舍（六星街店）,9.1,['天上阿里帳篷房:HK$186']
挽風宿（（伊寧六星美食街店）,9.3,"['君蘭大床房:HK$682', '今喜大床房:HK$711', '雲隱雙床房:HK$730', '雲語雙床房:HK$759']"
肆享星辰民宿（伊寧六星街店）,9.6,"['迷你特惠大床房（空間小+零圧床墊+投影+空調）:HK$422', '半地下特惠大床房（窗户小+零圧床墊+投影空調）:HK$422', '半地下舒適雙床房（窗户小+零圧床墊+投影空調+乾濕分離）:HK$521', '半地下舒享大床房（窗户小+零圧床墊+投影空調+乾濕分離）:HK$521']"
吉宜酒店（伊寧北京路店）,8.8,"['吉辰•精選大床房:HK$220', '吉辰•優選大床房:HK$317', '吉刻大床房:HK$451', '吉宜家庭房:HK$470']"
時宜民宿（霍城店）,10.0,"['紅.舒適大床房:HK$474', '橙.温馨大床房:HK$493', '黃.復古雙床房:HK$511', '靛.法式雙床房:HK$576']"
花微聚民宿（伊寧市六星街店）,9.3,"['唐布拉雙床房:HK$486', '恰西觀庭雙床房（零壓力床墊+精緻掛畫）:HK$537', '賽裏木院景 家庭房 （ 零壓力床墊+實木桌椅）:HK$632', '那拉提家庭四床房（零壓床墊）:HK$748']"
攬星夢隅民宿,9.7,"['拾光·精緻投影雙床房:HK$499', '初見·舒適投影大床房:HK$509', '晨曦·雅緻雙床套房:HK$581', '域見·舒適雙床套房:HK$581']"
伊寧陳樸客棧,8.8,['簡約標準間:HK$221']
如家酒店（伊寧六星街解放路店）,8.9,"['大床房（投影大屏+祕園藏春+舒適靜謐）:HK$693', '商務大床房（電視投屏+品牌洗護+網紅徠芬）:HK$710', '舒適雙床房（乾濕分離+原木香韻+智能馬桶）:HK$710', '安心睡大床房（深度睡眠+亮鏡幻彩+網紅徠芬）:HK$798']"
胡楊問道民宿,9.1,"['優享大床房（零壓力床墊）:HK$295', '靜謐大床房（零壓力床墊）:HK$333', '黑白復古大床房（零壓力床墊）:HK$342', '豪華大床房（零壓力床墊）:HK$407']"
古貓寧民宿（伊寧喀贊其民俗旅遊區店）,9.9,"['標準雙床房（獨立衞浴）:HK$492', '大床房（獨立衞浴）:HK$520', '家庭房（獨立衞浴）:HK$557']"
星程酒店（伊寧寧遠路中苑新城店）,9.8,"['高級大床房:HK$548', '高級雙床房:HK$567', '家庭房:HK$637', '豪華套房:HK$706']"
伊寧舒途慢舍民宿,9.3,"['標準園景雙床房:HK$249', '標準園景大床房:HK$249', '舒適河景大床房:HK$326', '舒適園景家庭房:HK$358']"
伊寧伊景酒店（六星街景區店）,9.2,"['樂享時光雙床房|零壓床品+中央空調+KOHLER衞浴:HK$546', '輕享時光雙床房|零壓床品+中央空調+KOHLER衞浴:HK$589', '輕享時光大床房 | 零壓床品+中央空調+KOHLER衞浴+迷你吧:HK$610', '臻享時光雙床房 | 零壓床品+中央空調+KOHLER衞浴:HK$780']"
美伊天酒店（伊寧萬容廣場店）,9.5,"['惠｜選雙床房（全屋智能+新風+超大美容鏡+中央空調）:HK$552', '惠｜選大床房（全屋智能+新風+超大美容鏡+中央空調）:HK$564', '甄選雙床房（全屋智能+新風+超大美容鏡+中央空調）:HK$661', '甄選大床房（全屋智能+新風+超大美容鏡+中央空調）:HK$684']"
霍城晴木民宿,9.8,"['鄉村•拾光花田庭院露台浪漫大床房:HK$481', '鄉村•繁星花田庭院露台浪漫大床房:HK$481', '鄉村•覓友花田庭院露台雙床房:HK$481', '鄉村•朝花花田雲杉實木温馨親子房:HK$609']"
何所憶民宿（六星街店）,9.3,"['舒適大床房:HK$281', '精緻情侶房:HK$289', '温馨情侶房:HK$289', '標準雙床房:HK$297']"
伊寧環球港六星街錦瑞酒店,9.0,"['瑞享·大床房（舒睡床品+乾濕分離+地暖）:HK$610', '瑞享·雙床房（舒睡床品+乾濕分離+地暖）:HK$610', '特惠·雙床房（舒適靜謐+舒睡床品+乾濕分離+超熱地暖+超熱熱水）:HK$623', '錦夢·大床房（超大空間+舒睡床品+乾濕分離+地暖）:HK$674']"
如家商旅酒店（伊寧機場溫州國際城店）,9.3,"['大床房:HK$461', '商務大床房:HK$480', '雙床房:HK$489', '家庭房:HK$527']"
方庭大酒店,9.3,"['特價標間:HK$243', '舒適標準房:HK$327', '豪華雙床房:HK$350', '親子房:HK$404']"
伊寧依沐商務酒店,8.9,"['温馨親子房:HK$392', '行政套房:HK$452']"
