酒店名称,评分,房型价格列表
酒泉賓館,9.6,"['靜享大床房:HK$348', '致享大床房:HK$402', '致享雙床房:HK$402', '臻享大床房:HK$512', '尊享大床房:HK$534', '致享套房:HK$752']"
嘉峪關長城謠民宿,9.6,"['紫荊:HK$635', '葦澤:HK$635', '陽關:HK$635', '居庸:HK$635']"
酒泉萬禧國際酒店（市政府萬達廣場店）,9.5,"['商務大床房（高端衞浴+解壓慕思床墊+獨立陽台）:HK$427', '行政雙床房（高端衞浴+解壓慕思床墊+智能馬桶）:HK$511', '豪華大床房（高端衞浴+解壓慕思床墊+智能馬桶）:HK$526', '豪華行政大床房（高端衞浴+解壓慕思床墊+智能馬桶）:HK$534', '行政城景雙床房（高端衞浴+解壓慕思床墊+智能馬桶）:HK$630', '豪華城景大床房（智能語音控制+解壓慕思床墊+智能馬桶）:HK$679']"
遠東華倫酒店（大唐美食街迎賓湖店）,9.6,"['逸緻嘉寧雙床房（零壓枕+深睡床墊+高速負離子吹風機）:HK$666', '逸緻嘉悦雙床房（零壓枕+深睡床墊+高速負離子吹風機）:HK$698', '逸緻嘉遇雙床房（零壓枕+深睡床墊+高速負離子吹風機）:HK$731', '逸緻嘉怡雙床房（零壓枕+深睡床墊+高速負離子吹風機）:HK$756', '畔山嘉悦大床房（零壓枕+深睡床墊+高速負離子吹風機）:HK$796']"
嘉峪關漠落客棧,9.8,"['河景標間:HK$398', '標準間:HK$426', '大床:HK$426', '戈壁標間:HK$463']"
嘉峪關開通大廈,9.4,"['舒適大床房（全屋智能化+深度睡眠0壓枕）:HK$434', '舒適雙床房（全屋智能化+深度睡眠0壓枕）:HK$434', '觀景大床房（全屋智能化+深度睡眠0壓枕）:HK$447', '觀景雙床房（全屋智能化+深度睡眠0壓枕）:HK$447', '行政大床房（全屋智能化+深度睡眠0壓枕）:HK$703', '行政雙床房（全屋智能化+深度睡眠0壓枕）:HK$703']"
嘉峪關名嘉滙諾金國際酒店,9.6,"['諾金商務房:HK$636', '諾金精選景觀房:HK$714', '諾金豪華湖景房:HK$714', '諾金湖景大床房:HK$714', '諾金豪華湖景大床房:HK$1,024', '諾金豪華套房:HK$1,304']"
嘉峪關鉑悦國際酒店（大唐美食街市政府店）,9.3,"['心悦大床房語音智控:HK$458', '高級雙床房-語音智控:HK$516', '商務大床房-語音智控:HK$573', '豪華雙床房-語音智控:HK$647', '豪華大床房-語音智控:HK$663']"
嘉峪關美侖國際酒店,9.4,"['高級大床房:HK$643', '高級雙床房:HK$673', '豪華大床房:HK$693', '豪華雙床房:HK$724', '豪華家庭房:HK$1,025']"
如家精選酒店（嘉峪關迎賓西路店）,9.5,"['商務大床房（可投屏電視+全屋外窗）:HK$325', '高級大床房（可投屏電視+全屋外窗）:HK$334', '雙床房（可投屏電視+全屋外窗）:HK$342', '高級雙床房（可投屏電視+全屋外窗+部分可視湖景）:HK$350']"
全季酒店（嘉峪關市政府店）,9.7,"['大床房（金可兒床墊+舒適辦公）:HK$518', '商務雙人房（金可兒床墊+舒適辦公）:HK$528', '高級大床房（金可兒床墊+商務辦公）:HK$537', '商務大床房（金可兒床墊+舒適辦公）:HK$547']"
嘉峪關賓館（富強市場店）,9.4,"['精簡大床房（香港雅瀾床墊+獨立加濕器）:HK$280', '嘉賓大床房（香港雅瀾床墊+小米吹風+加濕器）:HK$382', '温馨家庭房:HK$517', '婚房:HK$991', '至尊豪華婚房:HK$1,420']"
嘉峪關青年國際大酒店（大唐美食街迎賓湖店）,9.6,"['商務大床房（全屋智能語音客控+乳膠床墊+空氣加濕器）:HK$622', '商務標間（全屋智能語音客控+乳膠床墊+空氣加濕器）:HK$622', '舒適大床房（全屋智能語音客控+乳膠床墊+空氣加濕器）:HK$622', '舒適標間（全屋智能語音客控+乳膠床墊+空氣加濕器）:HK$622', '觀景大床房（全屋智能語音客控+乳膠床墊+空氣加濕器）:HK$633', '觀景標間（全屋智能語音客控+乳膠床墊+空氣加濕器）:HK$633']"
全季酒店（嘉峪關迎賓湖店）,9.7,"['高級大床房【金可兒床墊+舒適辦公】:HK$603', '景觀大床房【金可兒床墊+湖水碧綠】:HK$633', '商務雙床房【金可兒床墊+舒適辦公】:HK$654', '家庭房【金可兒床墊+舒適辦公】:HK$764']"
嘉峪關晨楓大酒店,9.5,"['優選智雅雙床房:HK$621', '豪華智雅雙床房-智能客控:HK$644', '豪華智雅大床房-智能客控:HK$644', '豪華親子套房:HK$1,091', '豪華套房:HK$1,091']"
坤逸·時光酒店（嘉峪關雄關東湖生態景區店）,9.4,"['臻品雙床房（芝華仕床墊+無窗香薰+加濕器）:HK$334', '臻品大床房（芝華仕床墊+無窗香薰+加濕器）:HK$334', '玲瓏大床房（芝華仕床墊）:HK$358', '麗致雙床房（芝華仕床墊）:HK$435', '麗致大床房（芝華仕床墊）:HK$435']"
酒鋼賓館（嘉峪關富強市場東方百盛店）,9.4,"['翼樓·致遠雙床房（電視無線投屏+安心舒睡枕）:HK$207', '翼樓·時光單人房（衞浴乾濕隔離+院內園景）:HK$215', '翼樓·簡致雙床房（零壓床墊+無線投屏+安心舒睡枕）:HK$267', '中式園景雙床房（雅瀾床墊+安心舒睡枕+迷你冰箱）:HK$336', '西樓·中式街景大床房（雅瀾床墊+安心舒睡枕+迷你冰箱）:HK$530']"
美豪麗致酒店（嘉峪關富強市場火車站店）,9.3,"['麗致智能大床房:HK$621', '麗致智能雙床房:HK$621', '雅緻智能大床房:HK$709', '雅緻智能雙床房:HK$709', '雅緻影院大床房:HK$741']"
桔子酒店（嘉峪關市政府城市博物館店）,9.6,"['高級大床房〔金可兒床墊-舒適睡眠〕:HK$537', '商務大床房〔金可兒床墊-電視投屏-舒適好睡眠〕:HK$602', '雙床房〔樂享生活-這就是桔子〕:HK$613', '高級雙床房:HK$678']"
酒泉絲路文華假日酒店（市政府萬達廣場店）,8.9,"['絲路特惠大床房（舒適深睡床墊+衞生間乾濕分離）:HK$281', '絲路特惠雙床房（舒適深睡床墊+衞生間乾濕分離）:HK$281', '絲路印象雙床房（舒適深睡床墊+衞生間乾濕分離）:HK$335', '絲路印象大床房（舒適深睡床墊+衞生間乾濕分離）:HK$335', '文華甄享大床房（舒適深睡床墊+衞生間乾濕分離）:HK$380']"
嘉峪關酒鋼賓館（東樓）,9.5,"['靜雅歸真雙床房（雅瀾床墊+安睡枕+加濕器+劇幕投影）:HK$343', '甄選大床房:HK$493', '如意雅緻雙床房（靜享空間+加濕器+投屏劇幕）:HK$563', '如意雅緻大床房（靜享空間+加濕器+投屏劇幕）:HK$576', '樂享親子套房:HK$1,362']"
公航旅嘉峪明珠酒店（嘉峪關市高鐵南站店）,9.5,"['豪華標準間（智能客控+鴨絨被+加濕器+保險櫃+熨衣設備）:HK$601', '豪華大床房（智能客控+鴨絨被+加濕器+保險櫃+熨衣架）:HK$601', '無障礙大床房（智能客控+無障礙設施+鴨絨被+加濕器+保險櫃+熨衣設備）:HK$698', '豪華親子房（智能客控+小童用品+學習機+高低床+鴨絨被+加濕器+保險櫃+熨衣架）:HK$939', '豪華商務套房（智能客控+鴨絨被+加濕器+保險櫃+熨衣設備+棋牌桌）:HK$1,409', '豪華行政套房（智能客控+鴨絨被+加濕器+保險櫃+熨衣設備+電腦+棋牌桌）:HK$1,933']"
全季酒店（嘉峪關步行街店）,9.4,"['高級大床房A（無窗）（金可兒床墊＋內景窗）:HK$558', '雙床房A（無窗）（金可兒床墊+內景窗）:HK$583', '大床房（温馨舒適+商務辦公）:HK$602', '雙床房（金可兒床墊+商務辦公）:HK$620']"
嘉峪關宜好精選酒店（嘉峪關汽車站名嘉滙店）,9.4,"['悦享舒適大床房（潔凈舒適＋乾濕分離＋景觀內窗＋大屏電視）:HK$327', '悦享舒適雙床房（潔凈舒適＋乾濕分離＋景觀內窗＋大屏電視）:HK$329', '悦享精選雙床房（潔凈舒適＋乾濕分離＋寬敞明亮＋大屏電視）:HK$381', '悦享精選大床房（潔凈舒適＋乾濕分離＋寬敞明亮＋大屏電視）:HK$381']"
Super8國際酒店（嘉峪關店）,9.6,"['高級智能雙床房:HK$577', '高級智能大床房:HK$577', '尊享智能大床房:HK$654', '尊享智能雙床房:HK$654', '智能家庭房:HK$708']"
嘉峪關水墨名關假日酒店,9.7,"['墨居輕奢雙床房（潔凈舒適+景觀外窗+獨立加濕器）:HK$547', '墨居輕奢大床房（潔凈舒適+景觀外窗+獨立加濕器）:HK$547', '墨居至臻雙床房（潔凈舒適+景觀外窗+獨立加濕器）:HK$593', '墨居至臻大床房（潔凈舒適+景觀外窗+獨立加濕器）:HK$593']"
宜必思酒店（嘉峪關火車站店）,9.5,"['舒壓高級大床房（夢百合床墊+舒適辦公）:HK$328', '舒壓高級雙床房（夢百合床墊+舒適辦公）:HK$362', '舒壓豪華大床房（夢百合床墊+舒適辦公）:HK$362', '舒壓大床房:HK$363']"
嘉峪關國際大酒店,9.3,"['精緻大床房:HK$402', '温馨舒適雙床房:HK$402', '親子間:HK$450', '臻品商務單間:HK$661', '優享舒適套間:HK$744']"
嘉峪關瑞程融創酒店,9.5,"['清舒雙床房（芝華仕床墊,小冰箱）:HK$481', '時光邂逅雙床房（芝華仕床墊,小冰箱,全景落地窗:HK$544', '靜怡雙床房（芝華仕床墊,小冰箱）:HK$544', '悦享城景大床房（芝華仕床墊,小冰箱,加濕器,全景落地窗:HK$633', '靜怡大床房（芝華仕床墊,小冰箱,加濕器）:HK$633']"
嘉峪關白鹿隱居度假酒店（關城方特絲路神畫店）,9.2,"['雪山雙床房:HK$447', '圓湯標準間:HK$480', '輕奢圓湯大床房:HK$491', '浴缸大床房:HK$512', '佩奇親子房:HK$698']"
嘉峪關楠舍客棧（方特絲路神話嘉峪關關城店）,9.4,"['楠舍精品大床房:HK$206', '楠舍浪漫大床房:HK$214', '楠舍雙床標準間:HK$238', '楠舍尊享大床房:HK$238']"
嘉峪關關雎別院民宿,9.1,"['別院精品大床房:HK$413', '別院精品標間:HK$445', '別院高級家庭房:HK$598', '別院家庭套房A:HK$1,347']"
嘉峪關珠城酒店,9.4,"['格調商務雙床房:HK$428', '格調雅緻大床房:HK$428', '格調高級雙床房:HK$463', '格調商務套房:HK$588', '歡聚假日三人房:HK$643']"
嘉峪關福瑞精品酒店,9.2,"['舒適大床房:HK$368', '舒適標準間:HK$368', '精選標準間:HK$397', '精選大床房:HK$419']"
嘉峪關印象雄關概念酒店,9.1,"['尊享雅緻雙床房-（慕思床墊+舒適乾淨）:HK$227', '尊享雅緻大床房-（慕思床墊+舒適乾淨）:HK$234', '尊享舒適雙床房-（慕思床墊+舒適乾淨）:HK$241', '尊享舒適大床房-（慕思床墊+舒適乾淨）:HK$248']"
天商酒店（嘉峪關大唐美食街東湖景區店）,9.3,"['雅緻雙床房:HK$311', '臻選商務雙床房:HK$341', '臻選商務大床房:HK$341', '至尊豪華大床房:HK$382', '至尊豪華雙床房:HK$382']"
星程酒店（嘉峪關大劇院東方百盛店）,9.4,"['商務大床房【安逸睡眠+潔凈舒適+乾濕分離】:HK$437', '商務雙床房【安逸睡眠+潔凈舒適+乾濕分離】:HK$437', '豪華大床房【安逸睡眠+潔凈舒適+乾濕分離】:HK$474', '豪華雙床房【安逸睡眠+潔凈舒適+乾濕分離】:HK$494']"
滙力商務公寓（嘉峪關東湖景區大唐美食街店）,9.3,"['特價雙床房:HK$243', '麗景精選雙床房（雅蘭床墊）:HK$263', '雅緻雙床房（雅蘭床墊）:HK$280', '雅緻大床房（雅蘭床墊）:HK$283', '精緻行政大床房（雅蘭床墊）:HK$391']"
漢庭酒店（嘉峪關迎賓湖店）,9.6,"['大床房:HK$443', '高級大床房:HK$483', '高級雙床房:HK$502', '家庭房:HK$571']"
海友酒店（嘉峪關店）,9.7,"['大床房（舒適乾淨+乾濕分離）:HK$320', '雙床房（金可兒雲夢之床+大屏手機投屏電視+乾濕分離）:HK$348', '高級大床房（雲之夢床墊+大屏手機投屏電視+乾濕分離）:HK$348', '家庭房（雲之夢床墊+大屏手機投屏電視+乾濕分離）:HK$377']"
三生一宅城市名宿,9.6,"['微醺:HK$525', '瑤池:HK$525', '曠野:HK$525', '颯蜜:HK$525']"
嘉峪關廣場假日酒店,8.6,"['錦綉標間（無窗）:HK$293', '迷你標間:HK$300', '錦綉標間:HK$334', '豪華標間:HK$469', '豪華單間:HK$563']"
7天酒店（嘉峪關大唐美食街店）,10.0,"['新7天自在大床房:HK$337', '新7天好睡大床房:HK$355', '新7天自在雙床房:HK$372', '新7天影趣大床房:HK$424']"
嘉峪關景都假日酒店（東湖景區大唐美食街店）,8.8,"['簡約雙床房:HK$282', '商務雙床房:HK$353', '觀景雙床房:HK$353', '豪華雙床房:HK$458']"
嘉峪關南湖大廈,9.3,"['精選大床房:HK$475', '精選標準間:HK$475', '豪華標準間:HK$503', '豪華單人間:HK$503', '親子間:HK$588']"
嘉峪關王朝大酒店,8.9,"['行政雙床房:HK$380', '行政大床房:HK$380', '豪華親子間:HK$432', '行政套房:HK$454']"
如家商旅酒店（嘉峪關高速路口東湖景區店）,9.5,"['商務大床房A（夢百合0壓舒適床墊）:HK$346', '商務大床房（夢百合0壓舒適床墊）:HK$364', '雙床房（夢百合0壓舒適床墊）:HK$382', '高級大床房（夢百合0壓舒適床墊）:HK$382']"
IU酒店（嘉峪關人民商城店）,9.4,"['小U·精緻大床房:HK$306', '小U·舒適大床房:HK$324', '小U·超級大床房:HK$340', '小U·觀影大床房:HK$340']"
麗楓酒店（嘉峪關方特歡樂世界店）,9.1,"['雅緻大床房:HK$505', '商務大床房:HK$522', '豪華雙床房:HK$539', '商務雙床房:HK$555']"
星程酒店（嘉峪關誠信廣場店）,9.2,"['高級雙床房（舒適睡眠）:HK$513', '高級大床房（舒適睡眠）:HK$531', '豪華雙床房（舒適睡眠+小冰箱）:HK$541', '豪華大床房（舒適睡眠+小冰箱）:HK$550']"
