酒店名称,评分,房型价格列表
嘉興鴛湖旅社,9.6,"['高級大床房:HK$555', '豪華大床房:HK$673', '豪華雙人間:HK$761', '湖景大床房:HK$1,204', '園景套房:HK$1,868', '湖景套房:HK$2,089']"
嘉興運河希爾頓歡朋酒店,9.8,"['舒適大床房:HK$404', '舒適雙床房:HK$404', '高級大床房:HK$479', '高級雙床房:HK$479', '豪華大床房:HK$534']"
烏鎮邇釉民宿,9.7,"['粉彩大床房:HK$511', '曜變大床房:HK$511', '玲瓏大床房:HK$533', '琺琅大床房:HK$543']"
嘉興中關村中山西路亞朵X酒店,9.6,"['高級大床房【深睡枕PRO＋深睡床墊】:HK$470', '高級雙床房【深睡枕PRO＋深睡床墊】:HK$470', '行政大床房【深睡枕PRO＋深睡床墊】:HK$510', '尊享雙床房【深睡枕PRO＋深睡床墊】:HK$550', '尊享大床房【深睡枕PRO＋深睡床墊】:HK$550']"
嘉興希爾頓酒店,9.5,"['豪華大床客房:HK$583', '豪華雙床客房:HK$583', '無障礙房:HK$583', '行政雙床客房:HK$766', '行政大床客房:HK$766', '豪華雲端大床房:HK$787']"
嘉興博雅花園酒店（南湖景區店）,9.3,"['商務雙床房:HK$391', '商務大床房:HK$391', '雅緻雙床房:HK$423', '雅緻大床房:HK$423', '商務園景大床房:HK$424', '商務園景雙床房:HK$424']"
嘉興沙龍國際賓館（南湖景區店）,9.4,"['高級大床房:HK$330', '高級雙床房:HK$343', '商務雙床房:HK$386', '商務大床房:HK$389', '豪華雙床房:HK$482', '豪華家庭房:HK$534']"
烏鎮通安客棧,9.6,"['通安民居樓標間:HK$906', '通安通寶樓大床房B:HK$1,036', '通安通寶樓標間B:HK$1,124', '1號樓標間B:HK$1,124', '通安通寶樓露台標間:HK$1,189', '通安通寶樓標間A:HK$1,189']"
嘉興南湖帕瑞思酒店,9.6,"['禾居·寵粉雙床房「4K高清影視+躺上就想睡+隔音玻璃」:HK$241', '禾居·寵粉大床房「4K高清影視+觀地標夜景+隔音玻璃」:HK$252', '禾居|商旅優眠雙床房「4K高清影視+躺上就想睡的枕頭+隔音玻璃」:HK$260', '禾居·商旅觀影大床房「4K高清影視+躺上就想睡的枕頭+隔音玻璃」:HK$260', '約Highl·雙排電競大床房「3A遊戲120幀+32G運行內存」:HK$288']"
嘉興奢小曼酒店,9.8,"['高級大床房:HK$520', '高級雙床房:HK$520', '豪華精選大床房:HK$553', '豪華精選雙床房:HK$553', '豪華精選商旅房:HK$592']"
烏鎮望津裏精品酒店,9.6,"['舒適標間:HK$1,048', '高級標間:HK$1,215', '舒適大床房:HK$1,215', '高級大床房:HK$1,326', '豪華標間:HK$1,326', '豪華大床房:HK$1,437']"
嘉興戴夢得開元名都酒店（南湖店）,9.5,"['開元市景雙床房:HK$482', '開元市景大床房:HK$482', '高級市景雙床房:HK$611', '高級市景大床房:HK$611', '高級湖景雙床房:HK$740', '高級湖景大床房:HK$740']"
嘉興佳源四季酒店,9.5,"['雅緻大床房:HK$406', '雅緻雙床房:HK$406', '高級大床房:HK$462', '高級雙床房:HK$462', '豪華大床房:HK$508', '豪華雙床房:HK$508']"
嘉興福朋喜來登酒店,9.5,"['豪華大床房:HK$609', '豪華雙床房:HK$609', '豪華河景雙床房:HK$673', '豪華河景大床房:HK$673', '行政大床房:HK$864', '行政雙床房:HK$864']"
西塘牧月酒店,9.8,"['西苑大床房:HK$436', '園景大床房:HK$512', '湖景大床房:HK$621', '湖景庭院大床房:HK$731', '湖景陽台大床房:HK$839']"
烏鎮枕水度假酒店,9.3,"['枕水特色大床房B:HK$1,047', '枕水高級標間:HK$1,178', '枕水豪華標間:HK$1,266', '枕水臨水標間:HK$1,266', '枕水特色大床房A:HK$1,266', '枕水特色標間:HK$1,266']"
烏鎮堤上度假酒店,9.8,"['舒適標準房:HK$1,604', '舒適大床房:HK$1,604', '高級大床房:HK$1,771', '高級標間:HK$1,771', '豪華景觀標間:HK$2,161', '豪華景觀大床房:HK$2,161']"
烏鎮盛庭行館,9.7,"['盛庭高級大床房:HK$1,270', '盛庭豪華套房:HK$1,669', '盛庭豪華別墅:HK$7,789']"
嘉興中山路江南摩爾亞朵酒店,9.6,"['高級大床房:HK$380', '高級雙床房:HK$399', '行政大床房:HK$447', '幾木大床房-亞朵星球深睡枕PRO+小冰箱:HK$449', '幾木雙床房-亞朵星球深睡枕PRO+小冰箱:HK$449']"
嘉興蘆蓆滙開元觀堂酒店,9.5,"['觀堂大床房:HK$620', '觀堂雙床房:HK$620', '雅居雙床房:HK$729', '逸居大床房:HK$838', '逸居雙床房:HK$838', '悦景庭院雙床房:HK$947']"
烏鎮宜園精品酒店,9.8,"['園林大床房:HK$1,437', '高級大床房:HK$1,660', '高級標準房:HK$1,660', '豪華大床房:HK$2,161', '行政套房:HK$2,717', '雙人浪漫套房:HK$2,717']"
烏鎮水巷驛,9.6,"['水巷驛大床房C:HK$764', '水巷驛大床房B:HK$982', '水巷驛標間B:HK$982', '水巷驛家庭房B:HK$1,615']"
烏鎮昭明書舍,9.7,"['標準間:HK$1,178', '昭明大床房:HK$1,549']"
全季酒店（嘉興南湖商務大道店）,9.7,"['大床房:HK$280', '雙床房:HK$301', '高級大床房:HK$311', '商務大床房:HK$351']"
海寧觀山湖酒店,9.4,"['浮生半日閑-園景高級大床房:HK$480', '春花秋月景-園景高級雙床房:HK$480', '詩酒好年華-園景豪華雙床房:HK$573', '書香滿門第-園景豪華大床房:HK$573']"
濮院時尚古鎮梅尚度假酒店,9.6,"['高級標間:HK$1,131', '高級大床房:HK$1,131', '高級景觀標間:HK$1,252', '豪華標間:HK$1,252', '豪華大床房:HK$1,252', '豪華景觀標間:HK$1,363']"
嘉興龍之夢大酒店,9.6,"['高級大床房:HK$401', '豪華商務大床房:HK$404', '豪華商務雙床房:HK$404', '豪華市景大床房:HK$617', '豪華市景雙床房:HK$617', '豪華湖景大床房:HK$653']"
嘉興南湖開元名庭酒店,9.6,"['名成高級大床房:HK$408', '名成豪華大床房:HK$430', '名成高級雙床房:HK$452', '名成豪華雙床房:HK$473', '名成商務大床房（含浴缸）:HK$495']"
全季酒店（嘉興秀湖公園店）,9.8,"['大床房:HK$290', '高級雙床房:HK$290', '高級大床房:HK$321', '商務雙床房:HK$321']"
嘉緣瑞庭酒店（烏鎮西柵景區店）,9.6,"['特價大床房:HK$325', '豪華大床房:HK$348', '雅緻雙床房（帶榻榻米）:HK$389', '陽台大床房:HK$391', '豪華雙床房:HK$392']"
嘉興萬豪酒店,9.6,"['豪華大床房:HK$665', '豪華雙床房:HK$665', '景觀大床房:HK$720', '景觀雙床房:HK$720', '全景大床房:HK$775', '行政大床房:HK$983']"
濮院時尚古鎮濮錦大酒店,9.4,"['濮錦雅緻大床房:HK$687', '濮錦雅逸標間:HK$687', '濮錦高級標間:HK$731', '濮錦高級大床房:HK$731', '衣舍高級標間:HK$731', '衣舍高級大床房:HK$731']"
嘉興清池温泉酒店,9.1,"['雅緻雙床房（無私湯）:HK$467', '高級温泉雙床房（私湯）:HK$609', '高級温泉大床房（私湯）:HK$609', '景觀温泉大床房（私湯）:HK$674', '景觀温泉雙床房（私湯）:HK$674', '豪華温泉大床房（私湯）:HK$827']"
漢庭酒店（嘉興秀洲高照店）,9.8,"['大床房:HK$199', '高級大床房:HK$218', '高級雙床房:HK$218', '商務大床房:HK$238']"
烏鎮見吾鄉·譚家棲巷自然人文村落（烏鎮西柵景區店）,9.6,"['譚家棲巷特惠房:HK$778', '沈家村居·典雅大床房:HK$854', '程家村居·舒適雙床房:HK$854', '沈家巷宿·景緻大床房:HK$1,072', '程家巷宿·家庭親子房:HK$1,072', '黃家後園·露台大床房:HK$1,290']"
烏鎮民宿,9.5,"['民宿1.5米大床房C:HK$622', '民宿標間C:HK$622', '民宿標準間B:HK$697', '民宿1.5米大床房B:HK$697', '民宿1.8大床房C:HK$697']"
嘉善雲瀾灣泓璟四季酒店,9.3,"['豪華景觀大床房:HK$960', '豪華景觀雙床房:HK$960', '行政温泉大床房:HK$1,200', '行政温泉雙床房:HK$1,200', '家庭温泉雙床房:HK$1,320', '豪華親子A大床房:HK$1,440']"
西塘萬達美華度假酒店,9.7,"['安境·雅適大床房（智能投屏+Acca Kappa洗護品+膠囊Coffee機+迷你吧）:HK$502', '安境·雅適雙床房（智能投屏+Acca Kappa洗護品+膠囊Coffee機+迷你吧）:HK$502', '安境·雅緻園景大床房（靜謐舒適+智能投屏+Acca Kappa洗護品+膠囊Coffee機+迷你吧）:HK$555', '環秀·雅緻河景大床房（智能投屏+Acca Kappa洗護品+膠囊Coffee機+迷你吧）:HK$654', '環秀·雅緻河景雙床房（智能投屏+Acca Kappa洗護品+膠囊Coffee機+迷你吧）:HK$654']"
全季酒店（嘉興杉杉印象廣場店）,9.6,"['大床房:HK$274', '高級雙床房:HK$274', '高級大床房:HK$301', '豪華雙床房:HK$301']"
嘉興雷迪森懌曼酒店（南湖 月河景區店）,9.1,"['懌曼高級大床房:HK$347', '懌曼高級雙床房:HK$368', '景觀豪華大床房:HK$400', '景觀豪華雙床房:HK$421', '清風小院豪華套房:HK$526']"
花嶼·陌野設計師酒店（烏鎮西柵景區南門店）,9.7,"['鄉舍·投影浴缸房:HK$359', '庭院·院台大床房:HK$401', '小築·吊椅親子房:HK$443', '大野·露台景觀房:HK$467']"
旺源酒店（嘉興南湖月河古街店）,9.6,"['特惠大床房:HK$216', '豪華大床房:HK$238', '特惠標準間:HK$238', '商務標間:HK$261']"
烏鎮雲貝爾貴族酒店,9.7,"['智能精選大床房:HK$458', '智能精選標房:HK$458', '智能優選大床房（智能客控+乾衣架+德國高儀衞浴）:HK$524', '智能優選雙床房（智能客控+乾衣架+德國高儀衞浴）:HK$524', '智能甄選大床房（智能客控+乾衣架+雙台盆）:HK$576', '智能陽台雙床房（陽台+乾衣架+智能客控）:HK$576']"
嘉興八佰伴大洋洲假日酒店,9.6,"['商務標準房（品質床墊+助眠加濕）:HK$347', '商務大床房（品質床墊+助眠加濕）:HK$347', '商務家庭房（超大空間-親子好物）:HK$380', '商務套房（泡泡浴缸+禾城美景）:HK$642']"
鹽官潮樂之城宣德門酒店,9.4,"['高級雙床房:HK$948', '高級大床房:HK$1,024', '豪華雙床房:HK$1,024', '豪華大床房:HK$1,101', '庭院雙床房:HK$1,144', '河景高級大床房:HK$1,221']"
嘉興湘家盪君瀾酒店,9.3,"['湘瀾雙床房:HK$701', '湘君大床房-帶浴缸:HK$734', '氧吧湘瀾雙床房:HK$750', '園景氧吧雙床房:HK$750', '園景氧吧大床房-帶浴缸:HK$792', '天樂親子房:HK$832']"
烏鎮西柵·時嶼設計師酒店,9.7,"['熔巖·觀景大床房（智能家居+AMIRO化粧鏡+乾濕分離）:HK$286', '易安·温馨陽台大床房（智能馬桶+AMIRO化粧鏡+落地窗）:HK$309', '東坡·榻榻米陽台大床房（智能客控+乾濕分離+全身鏡）:HK$309', '歌劇·河景大床房（智能馬桶+慕思床墊+AMIRO化粧鏡）:HK$331']"
西塘原築·藝術度假酒店·觀星露台·空中花園·莫奈之窗·煙雨長廊店,9.8,"['Surprise雅緻大床房｜舒適好眠:HK$187', '原夕·雅緻大床房｜乳膠床墊+乾濕分離:HK$224', '原憶·雅緻大床房｜乳膠床墊+乾濕分離:HK$224', '原見·精緻大床房｜雙人浴缸+智能馬桶+舒適好眠:HK$254']"
漢庭酒店（嘉興大學南湖店）,9.6,"['大床房:HK$207', '高級雙床房:HK$226', '高級大床房:HK$226', '商務大床房:HK$246']"
嘉興平湖亞朵酒店,9.8,"['高級大床房:HK$320', '高級雙床房:HK$349', '行政大床房:HK$407', '幾木大床房:HK$420', '行政雙床房:HK$491']"
