酒店名称,评分,房型价格列表
卓悦酒店（塔城卓悦百盛購物公園店）,9.5,"['精選雙床房:HK$304', '智能零壓雙床房:HK$347', '智能零壓大床房:HK$347', '商務智能雙床房（智能客控+零壓床墊+智能馬桶）:HK$413']"
全季酒店（塔城文化南路店）,9.6,"['高級大床房:HK$325', '高級雙床房:HK$325', '商務大床房:HK$363', '家庭房:HK$381']"
額敏和旺酒店,8.7,"['輕享陽光大床房（小度客控+臨窗觀景+釋壓床墊）:HK$341', '精緻別雅大床房（小度客控+智能馬桶+臨窗觀景）:HK$369', '輕享陽光雙床房 （小度客控+臨窗觀景+釋壓床墊）:HK$393', '精緻別雅雙床房（小度客控+智能馬桶+臨窗觀景）:HK$421', '行政套房（小度客控+智能馬桶+臨窗觀景）:HK$708']"
塔城昌南瓷文化湯泉酒店,9.4,"['商務標準間:HK$360', '全景豪華標準間:HK$392', '全景大床房:HK$414', '浴缸雙床房:HK$414']"
都市花園酒店（額敏東街店）,8.6,"['酷角時尚大床房（零壓床墊+智能客控+乾濕分離）:HK$231', '花園尊享大床房（零壓床墊+智能客控+乾濕分離）:HK$289', '花園尊享雙床房（釋壓床墊+智能客控+乾濕分離）:HK$300', '電競開黑兄弟房（i7+4060+180HZ+32G+電競鼠標鍵盤）:HK$312']"
塔城獨秀大酒店,8.8,"['標準間:HK$282', '豪華標間:HK$293', '豪華大床房:HK$315', '智能標間:HK$315', '商務單間:HK$326']"
新疆天賜聖泉度假酒店,9.2,"['觀景大床房:HK$840', '觀景標準間:HK$840', '豪華套房:HK$1,387']"
烏蘇渝龍大酒店,9.2,"['雙床房:HK$436', '大床房:HK$473', '豪華大床房:HK$510', '豪華三人間:HK$649', '豪華套房:HK$1,021']"
裕民裕福源大酒店,8.6,"['特價房（無窗）:HK$164', '標準間:HK$208', '大床房:HK$208']"
塔城仙橋賓館,8.8,"['特惠典雅大床房:HK$271', '特惠典雅雙床房:HK$271', '致雅雙床房:HK$347', '致雅大床房:HK$358']"
額敏亞歐酒店,8.9,"['尊享雙床房（小度客控+零壓床墊）:HK$249', '尊享大床房（小度客控+零壓床墊）:HK$260', '行政豪華雙床房（小度客控+零壓床墊+智能馬桶）:HK$293', '行政豪華大床房（小度客控+零壓床墊+智能馬桶）:HK$294']"
塔城泉都酒店,9.3,"['特惠標準間:HK$240', '特惠大床房:HK$249', '精緻大床房:HK$277', '精緻標準間:HK$295']"
凱越星辰酒店,9.1,"['輕享普通大床房:HK$269', '優享雙床房:HK$269', '悦享高級大床房:HK$283', '2.4米豪華大床房:HK$293']"
西部春賓館,8.8,"['小標間:HK$209', '小單間:HK$209', '大單間:HK$246', '大標間:HK$283']"
額敏宜鑫大酒店,8.5,"['商務雙人房:HK$218', '商務單人房:HK$274', '豪華圓床房:HK$338', '中式套房:HK$550']"
塔城君御明城酒店,8.4,"['特價雙床房:HK$99', '特價大床房:HK$99', '普通標準間:HK$122', '普通大床房:HK$122']"
馥景智慧酒店,9.2,"['智能大床房:HK$330', '智能標準間:HK$367']"
塔城萬象貴賓樓,8.9,"['茶藝套房:HK$220', '豪華大床房:HK$258', '商務標間:HK$258', '豪華套房:HK$400']"
塔城黎興賓館,8.1,"['標準間:HK$114', '三人間:HK$138', '大床房:HK$138']"
塔城西部大廈,9.0,"['普通標間:HK$228', '舒適標間:HK$290', '舒適三人間:HK$351', '豪華標間:HK$363']"
沙灣希悦酒店,8.7,"['特價房:HK$184', '經濟大床房:HK$205', '雅緻雙人間:HK$227', '温馨大床房:HK$260']"
西遊印象智能酒店,9.0,"['特價房:HK$344', '游泳觀景大床房:HK$348', '游泳觀景雙床房:HK$348', '奢華大床房:HK$398']"
烏蘇天一假日酒店,9.0,"['特價標間:HK$184', '普通標間:HK$293', '豪華標間:HK$315', '三人間:HK$336']"
山城賓館,9.5,"['標準大床房:HK$110', '標準雙床房:HK$110', '標準三人間:HK$171', '四人間:HK$191']"
恆悦賓館,8.0,"['舒適大床房:HK$173', '標準雙床房:HK$205', '豪華套房:HK$260']"
沙灣海棠假日商務酒店,8.7,"['標準間:HK$173', '大床房:HK$184', '豪華大床房:HK$205', '豪華標準間:HK$205']"
烏蘇雲博酒店,9.0,"['舒適標間:HK$325', '單間:HK$344', '三人間:HK$375']"
恰秀民宿,9.2,"['觀景豪華雙床房:HK$730', '露台大床房:HK$730', '露台雙床房:HK$730', '觀景豪華大床房:HK$770']"
沙灣銀利賓館,8.6,"['特惠大床房:HK$107', '特惠標準間:HK$119', '標準間:HK$140', '大床房:HK$140']"
沙灣喜麓山莊民宿,9.7,"['木屋小二樓大床特價房（公共衞生間）:HK$282', '民俗特色房（公共衞生間）:HK$500', '觀山.精緻雙人標間:HK$752', '觀山.温馨親子房:HK$796']"
沙灣七星賓館,8.9,"['特惠大床房:HK$111', '普通標準間:HK$125', '大床房:HK$125', '標準間:HK$125']"
烏蘇麗朵酒店,9.1,"['雅緻智能雙床房:HK$463', '雅緻智能大床房:HK$463', '麗景智能雙床:HK$490', '麗景智能大床房:HK$490']"
沙灣瑞都商務賓館,9.0,"['商務標間:HK$141', '豪華標準間:HK$163', '豪華大床房:HK$174', '商務三人間:HK$217']"
烏蘇白楊溝獨庫小屋農家樂,7.8,"['標準雙床房:HK$305', '雅緻大床房:HK$314', '家庭房:HK$360', '三人間:HK$370']"
沙灣七星商務賓館,7.9,"['特惠大床房（無窗）:HK$120', '普通大床房:HK$131', '標準間:HK$133', '豪華標準間:HK$159']"
烏蘇瑞華商務賓館,7.7,"['普通標間:HK$108', '普通單人間:HK$108', '標準小標間:HK$136', '標準單人間:HK$136']"
烏蘇見山·Mountai view獨庫天路征服者獨山子驛站（獨庫公路店）,9.8,"['巴音郭楞山景大床房│熱水+洗衣機+冰箱+地暖│:HK$1,111', '胡布茲│精緻雙卧室獨棟別墅│熱水+洗衣機+地暖:HK$1,156', '冬不拉│麻將三卧室山景別墅│全天熱水+洗衣機+地暖:HK$1,156']"
沙灣寶利來商務賓館,7.5,"['普通雙人房:HK$107', '標準雙人房:HK$140', '豪華雙人房:HK$151', '標準大床房:HK$151']"
烏蘇名都商務賓館,7.8,['標準間:HK$121']
石河子蟠桃商務賓館,9.3,"['大床房:HK$138', '普通標準間:HK$140', '大標準間:HK$149']"
同福旅館,6.3,"['單人間:HK$74', '標準雙人間:HK$96', '三人間:HK$118']"
沙灣鑫和諧商務賓館,6.4,"['標準間:HK$119', '單人間:HK$119', '三人房:HK$174', '豪華情侶套房:HK$185']"
沙灣鑫昌盛賓館,2.0,"['標準間:HK$111', '大床房:HK$128', '豪華標準間:HK$137', '三人間:HK$157']"
盛達酒店,8.3,"['標準雙床房:HK$140', '大床房:HK$162', '套房:HK$353']"
塔城寧城賓館,9.2,[]
