酒店名称,评分,房型价格列表
全季酒店（塔城文化南路店）,9.6,"['高級大床房:HK$325', '高級雙床房:HK$325', '商務大床房:HK$363', '家庭房:HK$381']"
卓悦酒店（塔城卓悦百盛購物公園店）,9.5,"['精選雙床房:HK$303', '智能零壓雙床房:HK$347', '智能零壓大床房:HK$347', '商務智能雙床房（智能客控+零壓床墊+智能馬桶）:HK$413']"
額敏和旺酒店,8.7,"['輕享陽光大床房（小度客控+臨窗觀景+釋壓床墊）:HK$340', '精緻別雅大床房（小度客控+智能馬桶+臨窗觀景）:HK$369', '輕享陽光雙床房 （小度客控+臨窗觀景+釋壓床墊）:HK$392', '精緻別雅雙床房（小度客控+智能馬桶+臨窗觀景）:HK$421', '行政套房（小度客控+智能馬桶+臨窗觀景）:HK$707']"
塔城昌南瓷文化湯泉酒店,9.4,"['商務標準間:HK$359', '全景豪華標準間:HK$392', '全景大床房:HK$414', '浴缸雙床房:HK$414']"
都市花園酒店（額敏東街店）,8.6,"['酷角時尚大床房（零壓床墊+智能客控+乾濕分離）:HK$231', '花園尊享大床房（零壓床墊+智能客控+乾濕分離）:HK$288', '花園尊享雙床房（釋壓床墊+智能客控+乾濕分離）:HK$300', '電競開黑兄弟房（i7+4060+180HZ+32G+電競鼠標鍵盤）:HK$312']"
塔城獨秀大酒店,8.9,"['標準間:HK$282', '豪華標間:HK$293', '豪華大床房:HK$314', '智能標間:HK$314', '商務單間:HK$325']"
塔城泉都酒店,9.2,"['特惠標準間:HK$239', '特惠大床房:HK$249', '精緻大床房:HK$276', '精緻標準間:HK$295']"
新疆天賜聖泉度假酒店,9.2,"['觀景大床房:HK$839', '觀景標準間:HK$839', '豪華套房:HK$1,385']"
額敏亞歐酒店,9.0,"['尊享雙床房（小度客控+零壓床墊）:HK$249', '尊享大床房（小度客控+零壓床墊）:HK$260', '行政豪華雙床房（小度客控+零壓床墊+智能馬桶）:HK$293', '行政豪華大床房（小度客控+零壓床墊+智能馬桶）:HK$294']"
裕民裕福源大酒店,8.9,"['特價房（無窗）:HK$164', '標準間:HK$208', '大床房:HK$208']"
凱越星辰酒店,9.2,"['優享雙床房:HK$235', '輕享普通大床房:HK$269', '悦享高級大床房:HK$283', '2.4米豪華大床房:HK$292']"
塔城仙橋賓館,8.8,"['特惠典雅大床房:HK$271', '特惠典雅雙床房:HK$271', '致雅雙床房:HK$347', '致雅大床房:HK$358']"
塔城萬象貴賓樓,8.9,"['茶藝套房:HK$219', '豪華大床房:HK$258', '商務標間:HK$258', '豪華套房:HK$399']"
西部春賓館,9.0,"['小標間:HK$208', '小單間:HK$208', '大單間:HK$246', '大標間:HK$283']"
額敏宜鑫大酒店,8.5,"['商務雙人房:HK$218', '商務單人房:HK$274']"
烏蘇渝龍大酒店,9.3,"['豪華三人間:HK$649', '豪華套房:HK$1,020', '家庭套房:HK$1,020', '行政套房:HK$1,205']"
塔城君御明城酒店,8.4,"['特價雙床房:HK$99', '特價大床房:HK$99', '普通標準間:HK$122', '普通大床房:HK$122']"
馥景智慧酒店,9.2,"['智能大床房:HK$330', '智能標準間:HK$367']"
塔城西部大廈,9.0,"['普通標間:HK$228', '舒適標間:HK$289', '舒適三人間:HK$350', '豪華標間:HK$362']"
塔城黎興賓館,8.1,"['標準間:HK$114', '三人間:HK$138', '大床房:HK$138']"
沙灣海棠假日商務酒店,8.7,"['標準間:HK$155', '大床房:HK$165', '豪華大床房:HK$185', '豪華標準間:HK$185']"
沙灣希悦酒店,8.7,"['特價房:HK$183', '經濟大床房:HK$205', '雅緻雙人間:HK$227', '温馨大床房:HK$260']"
西遊印象智能酒店,9.0,"['特價房:HK$343', '游泳觀景大床房:HK$348', '游泳觀景雙床房:HK$348', '奢華大床房:HK$397']"
山城賓館,9.5,"['標準大床房:HK$110', '標準雙床房:HK$110', '標準三人間:HK$171', '四人間:HK$191']"
烏蘇天一假日酒店,9.0,"['特價標間:HK$184', '普通標間:HK$292', '豪華標間:HK$315', '三人間:HK$336']"
烏蘇雲博酒店,9.0,"['舒適標間:HK$325', '單間:HK$344', '三人間:HK$375']"
烏蘇麗朵酒店,9.2,"['雅緻智能雙床房:HK$462', '雅緻智能大床房:HK$462', '麗景智能雙床:HK$490', '麗景智能大床房:HK$490']"
恆悦賓館,8.0,"['舒適大床房:HK$172', '標準雙床房:HK$205', '豪華套房:HK$260']"
恰秀民宿,9.1,"['觀景豪華雙床房:HK$729', '露台大床房:HK$729', '露台雙床房:HK$729', '觀景豪華大床房:HK$769']"
沙灣瑞都商務賓館,9.1,"['商務標間:HK$141', '豪華標準間:HK$163', '豪華大床房:HK$174', '商務三人間:HK$217']"
沙灣七星賓館,8.8,"['特惠大床房:HK$110', '普通標準間:HK$125', '大床房:HK$125', '標準間:HK$125']"
烏蘇白楊溝獨庫小屋農家樂,7.8,"['標準雙床房:HK$304', '雅緻大床房:HK$314', '家庭房:HK$360', '三人間:HK$369']"
沙灣銀利賓館,8.6,"['特惠大床房:HK$107', '特惠標準間:HK$119', '標準間:HK$140', '大床房:HK$140']"
烏蘇瑞華商務賓館,9.6,"['普通標間:HK$108', '普通單人間:HK$108', '標準小標間:HK$136', '標準單人間:HK$136']"
烏蘇見山·Mountai view獨庫天路征服者獨山子驛站（獨庫公路店）,9.9,"['獨庫天路大床房:HK$1,110', '胡布茲│精緻雙卧室獨棟別墅│熱水+洗衣機+地暖:HK$1,155', '冬不拉│麻將三卧室山景別墅│全天熱水+洗衣機+地暖:HK$1,155']"
沙灣七星商務賓館,7.9,"['特惠大床房（無窗）:HK$120', '普通大床房:HK$131', '標準間:HK$133', '豪華標準間:HK$159']"
烏蘇名都商務賓館,7.8,['標準間:HK$120']
沙灣寶利來商務賓館,7.5,"['普通雙人房:HK$107', '標準雙人房:HK$140', '豪華雙人房:HK$151', '標準大床房:HK$151']"
石河子蟠桃商務賓館,9.3,"['普通標準間:HK$131', '大標準間:HK$151', '大床房:HK$151']"
同福旅館,6.3,"['單人間:HK$74', '標準雙人間:HK$96', '三人間:HK$118']"
沙灣鑫和諧商務賓館,6.4,"['標準間:HK$119', '單人間:HK$119', '三人房:HK$174', '豪華情侶套房:HK$184']"
沙灣鑫昌盛賓館,4.9,"['標準間:HK$111', '大床房:HK$127', '豪華標準間:HK$137', '三人間:HK$157']"
盛達酒店,8.3,"['標準雙床房:HK$140', '大床房:HK$162', '套房:HK$353']"
塔城寧城賓館,9.2,[]
