酒店名称,评分,房型价格列表
拾光·未央丨HYLLA Villa海景設計師度假民宿（大理洱海店）,9.9,"['風花雪月|180度海景巨幕投影大床|智能客控|威斯汀床墊:HK$544', '海濤織錦|180度海景巨幕投影大床|智能客控|威斯汀床墊:HK$654', '蒼洱聽風|180度海景巨幕投影雙床|智能客控|威斯汀床墊:HK$731', '粼波織夢|270度海景巨幕投影大床|智能客控|威斯汀床墊:HK$969']"
大理如逸·AT EASE海景別墅（洱海公園店）,9.9,"['湖光-海景大床房（智能馬桶+180度海景）:HK$645', '見水-海景雙床房（智能馬桶+180度海景+輕奢浴缸）:HK$722', '摘星-星空頂海景大床房（星空頂+智能馬桶+180度海景+輕奢浴缸）:HK$849', '見山-親子海景房（獨立露台+智能馬桶+270度海景+輕奢浴缸）:HK$1,091']"
曬晚· Holiday Villa海景度假酒店（大理洱海店）,10.0,"['沐月·星空斜頂大床房 【斜頂天窗·星空夜眠】:HK$710', '花間·海景浴缸大床房 【海景浴缸·直麪洱海】:HK$851', '沐陽·海景露台大床房 【海景露台·智能客控】:HK$851', '喜夏·親子雙卧套房 【雙卧花園·小童洗護用品】:HK$922']"
大觀酒店（大理高鐵站洱海公園店）,9.5,"['睡到自然醒雙床房『高定床墊.安靜.投屏電視.記憶枕』:HK$436', '躺平治癒雙床房『高定床墊+記憶枕+背街安靜』:HK$478', '私享陽光大床房『觀蒼山.投屏電視.發呆沙發』:HK$491', '私享陽光雙床房『高定床墊.小冰箱.投屏電視』:HK$532']"
大理天海雲贊｜海景度假酒店（洱海店）,9.6,"['特惠大床房:HK$469', '月下獨酌舒適大床房:HK$563', '伊人夕岸舒適雙床房:HK$563', '時月庭院露台海景浴缸大床房:HK$844', '星空海景投影露台大床房:HK$1,219']"
夏茉藍灣海景美宿,9.7,"['花朝·安舒大床房:HK$717', '雲舒·精緻大床房:HK$738', '卧嵐·精緻雙床房:HK$816', '棲晚·温馨家庭房:HK$937']"
大理步雲·近海舍海景酒店（雙廊洱海店）,9.8,"['風吟·森系院景雙床房（對坐茶塌+VIP高清投影+全智能馬桶）:HK$568', '暮雲·180°森繫一線海景大床房（日落海景露台+VIP高清投影+全智能馬桶+智能窗簾+浴缸）:HK$695', '海音·180°森繫一線海景雙床房（日落海景露台+VIP高清投影+全智能馬桶+智能窗簾）:HK$745', '望舒·180°一線海景大床房（日落海景露台+VIP高清投影）:HK$922']"
大理涵哲半海度假美宿（高鐵站洱海公園店）,9.9,"['那卡·親子雙床房（智能馬桶+乾濕分離+恆温花灑+非海景）:HK$534', '巴達山·海景陽台雙床房（超大浴缸+高清投影儀+小吉冰箱+直飲機+智能客控+智能馬桶+恆温花灑）:HK$1,357', '昔歸·全海景大露台大床房（觀景浴缸+高清投影儀+小吉冰箱+直飲機+智能客控+智能馬桶+恆温花灑）:HK$1,396', '冰島·全海景大露台大床房（觀景浴缸+高清投影儀+小吉冰箱+直飲機+智能客控+智能馬桶）:HK$1,471']"
大理昕左舍·Travel花園海景祕境美宿（洱海才村碼頭店）,9.7,"['韻華-180°側海景高清投影大床房（網紅日出打卡）>:HK$642', '暮春-120°側海景（網紅日出打卡）>:HK$751', '冬喧-山景豪華家庭房（網紅日出打卡）>:HK$901', '雲影-靜謐豪華家庭房（網紅日出打卡）>:HK$901']"
大理慕泊度假海景酒店（理想邦店）,9.4,"['臻品大床房:HK$592', '臻品雙床房:HK$643', '庭院花園大床房:HK$696', '温馨親子雙床房:HK$967']"
大理觀南海景客棧（洱海店）,9.7,"['山溪山景家庭雙床房:HK$521', '棲海畔180°海景露台大床房:HK$883', '向雲端180°海景陽台浴缸大床房:HK$919', '海藍天270°全海景陽台大床房:HK$989']"
180°Erhai-芷步丨潮音山韻丨海景觀光度假酒店（洱海店）,9.8,"['浮光影｜靜謐影音山景大床房-席夢思床墊-漢斯衞浴-A棟:HK$600', '浮雲澗｜私享露台海景大床房｜慕思床墊｜科勒衞浴-B棟:HK$896', '夢嶼海｜浪漫海景巨幕大床房-席夢思床墊-漢斯衞浴-A棟:HK$939', '半山海｜180°海景親子大床房|席夢思床墊|漢斯衞浴-A棟:HK$949']"
大理花縵海景度假民宿（S灣生態廊道店）,9.8,"['花縵灣丨舒睡特惠房:HK$469', '枕清風丨竹影山景雙床房:HK$576', '枕清風丨竹影山景大床房:HK$576', '少年遊丨270°原木詫寂風景觀大床房:HK$785', '180°海景丨蜜月泡池海景大床房:HK$1,047']"
柏雅酒店（大理洱海公園高鐵站店）,9.4,"['特惠典雅大床房:HK$168', '雅緻大床房:HK$197', '雅緻雙床房:HK$197', '日進斗金棋牌室:HK$269']"
大理雲朵居·睡個好覺海景客棧（三聖島生態廊道店）,9.7,"['初心海景特惠大床房【康乃馨床品+65寸投屏電視+智能馬桶+海景視野】:HK$653', '聽夏·露台海景特惠大床房【康乃馨床品+65寸投屏電視+智能馬桶+海景視野】:HK$743', '歸謐·海景大床房【康乃馨床品+65寸投屏電視+智能馬桶+海景視野】:HK$871', '覓知·露台海景大床房【康乃馨床品+65寸投屏電視+智能馬桶+海景視野】:HK$1,049']"
大理柿井美宿,9.7,"['井·庭院觀景大床房（深泡浴缸+全屋智能+極米影院+戴森吹風機+馬歇爾音箱+菲拉格慕洗護+智能馬桶）:HK$645', '柿·獨享庭院大床房（深泡浴缸+全屋智能+極米影院+戴森吹風機+馬歇爾音箱+菲拉格慕洗護+智能馬桶）:HK$727', '柿·旋梯花園大床房（深泡浴缸+全屋智能+極米影院+戴森吹風機+馬歇爾音箱+菲拉格慕洗護+智能馬桶）:HK$809', '井·獨享庭院家庭房（深泡浴缸+全屋智能+極米影院+戴森吹風機+馬歇爾音箱+菲拉格慕洗護+智能馬桶）:HK$891']"
大理馨海苑·花園海景度假美宿（雙廊洱海店）,9.8,"['側陽台半海景特價大床房|智能馬桶|休閑沙發|徠芬吹風機:HK$684', '庭院半海景特惠大床房|智能馬桶|休閑沙發|徠芬吹風機:HK$720', '深睡眠露台海景家庭房|智能馬桶|休閑沙發|徠芬吹風機:HK$971', '獨院露台靜謐海景家庭房|智能馬桶|浴缸|徠芬吹風機:HK$971']"
水上望月海景客棧（雙廊洱海店）,9.6,"['喜樂·180°海景雙床房（海景露台+智能馬桶）102:HK$810', '歸心·270°海景大床房（海景露台+高清投影+智能馬桶+浴缸）103:HK$810', '遇見·270°海景大床房（海景露台+高清投影+智能馬桶+浴缸）101:HK$810', '隱溪·180°海景雙床房（海景露台+智能馬桶）202:HK$836']"
青寂溪谷半山酒店,9.7,"['斜陽·野奢海景花園木屋:HK$1,845', '霞移·野奢海景花園木屋:HK$2,129', '雲弄·野奢海景花園木屋:HK$2,342', '應樂·野奢海景木屋大床房:HK$2,484', '隱仙·野奢海景木屋大床房:HK$2,838']"
大理青苔海景客棧,9.8,"['歸雲陽台雙床房:HK$610', '雲起陽台雙床房:HK$642', '雲夢海景陽台大床房:HK$718', '牧雲海景陽台大床房:HK$752']"
眾裏千尋·四合庭院酒店（大理古城南門店）,9.6,"['朝花·雙床房（傳承白族實木修繕+高定床品+中央空調）:HK$523', '方寸·單床房（全屋傳承白族實木修繕+中央空調）:HK$524', '聽雨·小閨房（雕花大床+全屋傳承白族實木修繕+專屬高定床品+中央空調）:HK$575', '聆風·大床房（全屋傳承白族修繕+高定床品+中央空調）:HK$669']"
壹席海 · THE Lake View海景民宿（洱海店）,9.5,"['山憩｜sunshine大床房【全屋智能-慕思床墊-深睡枕-空氣凈化器]:HK$738', '會見 ｜雙床房【全屋智能-慕思床墊-深睡枕-Dyson-空氣凈化器]:HK$869', '泊雲｜洱河觀景大床房【全屋智能-慕思床墊-深睡枕-投影-大落地窗陽台-空氣凈化器】:HK$922', '汀白｜海景露台大床房【全屋智能-鵝絨床品-慕思乳膠床墊-深睡枕-Dyson-空氣凈化器】:HK$1,054']"
玖見海·海景藝術美宿（大理洱海店）,9.7,"['洛書·陽光泡池大床房:HK$610', '雲舒·180°海景浴缸大床房:HK$691', '梧桐·180°海景泡池大床房（青檸微影）:HK$730', '觀瀾·180°海景浴缸大床房:HK$812']"
大理·蒼岳觀海·中德文化主題海景客棧（才村店）,9.7,"['拈花·複式一線海景星空房:HK$1,160', '聽風·複式一線海景星空房:HK$1,267', '觀海·180°高級家庭親子正海景房+觀日出:HK$1,377', '賞雪·180°正海景星空房+觀日出:HK$1,485']"
大理梵夕漫·海景度假美宿（鳳儀機場店）,9.4,"['特惠大床房（科勒衞浴+智能馬桶+哈士奇冰箱+徠芬風筒）:HK$510', '山海大床房（科勒衞浴+智能馬桶+冰箱+徠芬風筒+投影）:HK$924', '90°海景大床房（科勒衞浴+智能馬桶+冰箱+徠芬風筒）:HK$955', '椿禾雙床房（電視+智能馬桶+科勒衞浴+冰箱+徠芬風筒）:HK$1,097']"
大理HONG霐·海景度假酒店（三聖島店）,9.8,"['星入海 • 海景陽台大床房:HK$852', '望月舒 • 海景陽台大床房:HK$1,070', '雲歸丘 • 海景陽台雙床房:HK$1,070', '聽雨眠·海景浴缸大床房:HK$1,070']"
大理覽月海墅（機場洱海店）,9.8,"['覽月·洱海月【全屋智能、巨幕投影、雲霧瀰漫、海景度假大床房】:HK$426', '覽月·風吹半夏【全屋智能、巨幕投影、愜意時光、園景浴缸大床房】:HK$446', '覽月·洱海藍【全屋智能、巨幕投影、山嶼海、寬幅海景度假大床房】:HK$469', '覽月·時光清淺【全屋智能、巨幕投影、温馨兩卧室、親子套房】:HK$566']"
如果·雲知道設計師酒店（大理古城店）,9.8,"['雲深 | 輕奢浴缸大床房「深泡浴缸·家庭影院·戴森吹風機·馬歇爾音響·金可兒床墊·智能馬桶·THINKUBODY洗護」:HK$807', '雲倦 | 輕奢浴缸大床房「深泡浴缸·戴森吹風機·馬歇爾音響·金可兒床墊·智能馬桶·THINKUBODY洗護」:HK$850', '雲野 | 隱奢獨享露台大床房「私享露台·戴森吹風機·馬歇爾音響·金可兒床墊·智能馬桶·THINKUBODY洗護」:HK$883', '雲舒 | 甄選私享露台大床房「私享小院·深泡浴缸·戴森吹風機·馬歇爾音響·金可兒床墊·智能馬桶·THINKUBODY洗護」:HK$883', '雲岫 | 靜謐臨卧大套房「深泡浴缸·戴森吹風機·馬歇爾音響·金可兒床墊·THINKUBODY洗護」:HK$959']"
大理問海海景客棧（S灣店）,9.7,"['待月·海景舒適大床房:HK$1,211', '聽澗·海景露台大床房:HK$1,421', '雪澗·海景露台大床房:HK$1,546', '拾光·海景露台雙床房:HK$1,737', '覓星·海景豪華家庭房:HK$2,041']"
安可·Serene Slumber Resort·海景度假酒店（大理洱海店）,9.9,"['102·雲嶼·海景極光影院大床房丨私享陽台·巨幕投影:HK$437', '101·影嶼·海景智能影院大床房丨私享陽台·巨幕投影:HK$513', '202·蝶嶼·IMAX海景陽台大床房丨智能客控·巨幕影音:HK$534', '201·漫嶼·海景4K全景陽台大床房|智能客控·巨幕影音:HK$555']"
大理芊雨海景度假酒店（洱海公園店）,9.8,"['雪●180度海景大床房﹢露台﹢乳膠枕﹢徠芬﹢全套一次性用品:HK$778', '花●270度海景大床房﹢露台﹢乳膠枕﹢徠芬﹢全套一次性用品:HK$842', '雲●180度海景大床房﹢露台﹢乳膠枕﹢徠芬﹢全套一次性用品:HK$936', '露●180度海景大床房﹢飄窗﹢乳膠枕﹢徠芬﹢全套一次性用品:HK$998']"
和意居·百年銀杏景觀度假庭院（人民路店）,9.7,"['南風•銀杏入影大床房〔慕思人體工學深睡床墊+Toto智能+COCO-MAT希臘高級床品〕:HK$499', '月棲•銀杏入影雙床房〔慕思人體工學深睡床墊+Toto智能+COCO-MAT希臘高級床品〕:HK$562', '木槿・陽台觀銀杏大床房〔浴缸+慕思人體工學深睡床墊+Toto智能+COCO-MAT希臘高級床品〕:HK$562', '冬雪•180°陽台觀景大床房〔享天然氧吧+慕思人體工學深睡床墊+Toto智能+COCO-MAT希臘高級床品〕:HK$879', '秋月•180°雙陽台觀景大床房〔享天然氧吧+慕思人體工學深睡床墊+Toto智能+COCO-MAT希臘高級床品〕:HK$942']"
大理梨花海景民宿（三聖島心邸咖啡店）,9.4,"['雲染舒適大床房（不看海）:HK$437', '夕拾舒適大床房:HK$513', '挽風海景大床房:HK$873', '墨染海景浴缸大床房:HK$950']"
大理聖託里尼·泊及海景酒店,9.8,"['海景大床房A:HK$1,230', '花園海景大床房A:HK$1,354', '海景大床房B:HK$1,433', '花園海景大床房B:HK$1,577', '迷你泳池花園海景房:HK$1,593']"
大理西城往事生活美學設計師美宿（磻溪洱海S灣生態廊道店）,9.8,"['故歸·濕地大床房（定製深眠床墊•中央空調•智能馬桶）:HK$626', '林見影·親子雙床房（定製深眠床墊•鵝絨被芯•中央空調）:HK$759', '和月·私享陽台大床房（深眠床墊•鵝絨被芯•智能馬桶）:HK$849', '隱蘭·270°觀景大床房（深眠床墊•中央空調•智能馬桶）:HK$905']"
詩的二次方·Poem²丨無邊泳池設計師海景度假民宿（大理海東店）,9.8,"['風嶼丨簡約舒適大床房【壁掛洗衣機】:HK$545', '棲雲丨90°側海景大床房【壁掛洗衣機】:HK$654', '潯嵐丨180°一線海景浴缸大床房【壁掛洗衣機】:HK$751', '光跡丨暖陽榻榻米雙床房【壁掛洗衣機】:HK$774']"
喜雲棲·大理喜洲 | 谷秋·麥田元素度假酒店,9.8,"['璞·靜謐大床房丨喜臨門零壓床墊（投影+智能馬桶）:HK$611', '椿·零壓大床房丨180度田園觀景（投影+智能馬桶）:HK$755', '椿·悦見大床房丨270度觀景陽台（投影+智能馬桶）:HK$1,230', '椿·尊享大床房丨田園觀景（浴缸+大陽台+投影+智能馬桶）:HK$1,755']"
大理木兮·半山Villa海景民宿,9.9,"['蕭兮180°海景露台大床房:HK$1,068', '莫兮270°海景大床房:HK$1,189', '雲兮270°海景露台大床房:HK$1,917']"
大理一塵客舍,10.0,"['山語·飄窗大床房（地暖+金可兒床墊+法國有機亞麻床品+科勒衞浴）:HK$764', '山幽靜·和式榻榻米大床房（地暖+金可兒床墊+法國有機亞麻床品+科勒衞浴）:HK$764', '山趣·庭院大床房（私密庭院+地暖+金可兒床墊+法國有機亞麻床品+科勒衞浴）:HK$872', '蒼逸-露台雙床房（地暖+金可兒床墊+法國有機亞麻床品+豪華浴缸）:HK$1,319', '蒼隱·露台大床房（私密露台+地暖+金可兒床墊+法國有機亞麻床品+豪華浴缸+科勒衞浴）:HK$1,319']"
雅庭·愛琴海海景民宿（大理洱海s灣生態廊道上段店）,9.7,"['拾花.遊畫海景大床房+智能客控+智能馬桶+CBD床墊:HK$605', '星月全智能浴缸大床房【投影儀丨浴缸丨小度智能音箱丨智能馬桶丨語音控制丨電動窗簾丨中央空調+CBD床墊】:HK$624', '日出山海.花園雙床房（智能客控+智能馬桶+CBD乳膠床墊）:HK$720', '漣漪.庭院花園雙床房【智能客控+智能馬桶+TOTO淋浴】:HK$721', '醉月·全智能海景大床房【觀景陽台丨投影儀丨迷你冰箱+小度智能音箱+語音控制+智能馬桶+電動窗簾+中央空調+CBD乳膠床墊】:HK$867']"
柒片海·落日懸崖海景酒店〔大理雙廊洱海店〕,9.8,"['雲染｜180°海景度假大床房〔海景露台 · 高清投影 · 科勒衞浴 · 超大浴缸 · 休閑沙發〕:HK$1,180', '落日｜180°海景度假大床房〔海景露台 · 超大浴缸 · 高清投影 · 科勒衞浴 · 休閑沙發〕:HK$1,275', '月影｜270°海景度假大床房〔海景露台 · 高清投影 · 超大浴 · 科勒衞浴 · 休閑沙發 · 對坐床榻〕:HK$1,385', '見山｜270°海景度假大床房〔海景露台 · 高清投影 · 超大浴缸 · 科勒衞浴 · 對坐茶台〕:HK$1,517']"
數數·西秀VILLA一線海景酒店（大理洱海店）,9.7,"['壹壹·S彎海景大床房:HK$646', '叁叁·海天隱奢海景大床房:HK$728', '伍伍·攬月隱奢海景大床房:HK$891', '陸陸·洱海月海景大床房:HK$1,034', '貳貳·蒼山雪海景大床房:HK$1,182']"
大理一方清塵海景酒店（大理洱海龍龕碼頭店）,9.5,"['清風•觀蒼山雪•超舒適榻榻米房:HK$496', '塵品•特惠日出紅杉樹海景房:HK$853', '塵緣•日出S彎豪華陽台海景房:HK$1,561', '塵境•日出S彎紅杉樹奢華陽台海景房:HK$1,681']"
大理古城天熙府,9.8,"['古陽關禪意榻榻米房:HK$1,009', '風入松庭院榻榻米房:HK$1,125', '萬里春庭院榻榻米房:HK$1,297', '長相思園景大床房:HK$2,214', '一叢花親子家庭套房:HK$2,448']"
雲禾·Holiday Villa｜設計師酒店（大理古城店）,9.7,"['夏忘·風跡丨酣睡大床房「全屋智能·中央空調·戴森吹風機·\u200cKOSONMA洗護·TOTO衞浴·深睡床墊·雙層隔音玻璃」:HK$511', '春夜·喜雨 | 靜謐雙床房「全屋智能·中央空調·戴森吹風機·\u200cKOSONMA洗護·TOTO衞浴·深睡床墊·雙層隔音玻璃」:HK$579', '秋霖·平蕪丨山景大床房「全屋智能·中央空調·戴森吹風機·\u200cKOSONMA洗護·TOTO衞浴·深睡床墊·雙層隔音玻璃」:HK$668', '遇冬·暮雪 | 温馨家庭房「全屋智能·中央空調·戴森吹風機·\u200cKOSONMA洗護·TOTO衞浴·深睡床墊·雙層隔音玻璃」:HK$851']"
大理山林間·設計師野奢酒店（大理古城店）,9.7,"['【拾光】Son Hai | 豪華大床房:HK$633', '【半藏】Sear·觀山｜悠享大床房:HK$699', '【去隱】Moon·觀山｜舒享大床房:HK$776', '【山海】Sea·觀海｜奢享海景大床房:HK$855', '【牧川】Lunary·家庭｜幽享雙床房:HK$921']"
得樂茗墅一線海景酒店（大理洱海龍龕碼頭店）,9.6,"['覺醒·大床房（非海景）:HK$520', '覺醒·雙床房:HK$555', '快樂·花園海景家庭房:HK$1,002', '吉祥•日出海景大床房:HK$1,202']"
漫塗Wander·漣海雲棲丨Ocean 全海景智能藝墅（大理洱海店）,9.6,"['春棠序·Yard丨側海景浴缸大床房（花園露台·寬敞·全屋智能客控·極米巨幕影音·戴森吹風機）:HK$661', '聆海澗·Seaside丨180°海景浴缸大床房（橘色海灣·大空間·全屋智能客控·極米巨幕影音·戴森吹風機）:HK$761', '霧雲川·Sunset丨180°海景浴缸特大床房（橘子海灣·特大空間·全屋智能客控·極米巨幕影音·戴森吹風機）:HK$905', '漁間渡·Gentle丨270°海景浴缸大床房（落日露台·超大空間·全屋智能客控·極米巨幕影音·戴森吹風機）:HK$1,005']"
青寂隱裏懸崖海景酒店,9.7,"['何夕·禪意海景大床房:HK$1,719', '夜塵·海景日式庭院泡池大床房:HK$1,801', '雲幄·海景露台躍層浴缸大床房:HK$1,801', '碧窗·海景大床房:HK$1,883', '忘止·海景日式庭院浴缸大床房:HK$1,965', '竹間·寬幕海景露台浴缸大床房:HK$2,047']"
大理茉裏海景酒店（磻溪村S灣店）,9.4,"['二樓特價大床房:HK$543', '茉裏時光·180度陽台海景大床房:HK$1,090', '茉裏童話·陽台海景親子雙床房:HK$1,418', '茉裏在海·270度一線陽台海景大床房:HK$1,854']"
