酒店名称,评分,房型价格列表
大連恆力大酒店,9.5,"['豪華城景大床房:HK$1,003', '豪華海景大床房:HK$1,161', '豪華城景二居室:HK$1,426', '豪華城景二居室家庭套房:HK$1,584', '至尊海景大床房:HK$1,690', '豪華海景二居室套房:HK$1,774']"
大連九龍灣全海景酒店（經濟技術開發區海濱旅遊路店）,9.8,"['靜眠大床房（投屏+智能+冰箱）:HK$400', '優享大床房（山景+冰箱+投屏+智能）:HK$453', '優享雙床房（山景+冰箱+投屏+智能）:HK$453', '山景大床房（山景+冰箱+投屏+智能）:HK$509', '山景雙床房（山景+冰箱+投屏+智能）:HK$509']"
美豪麗致酒店（大連站中山廣場店）,9.2,"['麗致·城景大床房| 城市觀景 | MINi冰箱 | 50寸網絡電視 | 手機投屏:HK$994', '麗致·城景雙床房 | 城市觀景 | MINI冰箱 | 50寸網絡電視 | 手機投屏:HK$1,070', '麗致·凌空大床房 | 高空城市觀景 | MINI冰箱 | 50寸網絡電視| 手機投屏:HK$1,070', '麗致·凌空雙床房 | 高空城市觀景 | MINI冰箱 | 50寸網絡電視| 手機投屏:HK$1,147', '麗致·影音行政大床房 | 慕思床墊 | 堅果投影 | 哈曼卡頓音響 | 電動馬桶 | 高空城市觀景:HK$1,376']"
桔子酒店（大連北站店）,9.5,"['加州陽光大床房:HK$563', '加州陽光高級大床房:HK$592', '加州陽光商務大床房:HK$613', '加州陽光雙床房:HK$633']"
大連中山廣場海景美侖酒店,9.4,"['城海雙景大床房（城海雙景+聞香好眠）:HK$916', '海景行政大床房（超大床+聞香好眠）:HK$1,015', '豪華雙床房（聞香好眠+1.35寬鬆單床）:HK$1,065', '海景景觀套房（高空海景+聞香好眠+手機投屏）:HK$1,115', '海景景觀雙床房（寬鬆單床+聞香好眠）:HK$1,213']"
新文園大酒店（中山廣場人民路東港商務區店）,9.1,"['尊享小廂房|喜臨門SPA零壓床墊+智能客控+網絡投屏電視:HK$635', '馨享大床房 ▏高空城市景觀 ▏ 夢百合零壓床墊 ▏:HK$678', '巨幕影音雙床房 極米百寸1080P投屏觀影+高空城市景觀:HK$699', '巨幕影音大床房 極米百寸1080P投屏觀影+高空城市景觀:HK$699', '尊享大床房·喜臨門SPA零壓床墊+智能客控系統:HK$721']"
大連十洲雲水大酒店（大連西安路地鐵站店）,9.1,"['S靜謐舒睡大床房:HK$634', 'S靜謐舒睡雙床房:HK$661', 'S巨幕影音雙床房:HK$661', 'S新中式·庭院大床房（零壓床墊+整晚安睡）:HK$674', 'S新中式·庭院雙床房（零壓床墊+整晚安睡）:HK$714']"
大連海尊智選假日酒店,8.8,"['高級房 大床:HK$576', '高級房 超大床 中庭景觀:HK$576', '高級房 超大床:HK$604', '高級房 雙床:HK$651', '高級房（超大床·更大面積）:HK$838']"
璞瑅酒店（中山廣場/人民路東港商務區）,9.6,"['零壓行政大床房/65寸智能投屏/全屋語音智能/免費迷你吧:HK$907', '商旅雙床房/65寸智能投屏/全屋語音智能/夢百合零壓床品:HK$1,049', '巨幕影音大床房/極米百寸1080P投屏觀影/免費迷你吧:HK$1,049', '雅緻雙床房/65寸智能投屏/全屋語音智能/夢百合零壓床品:HK$1,093', '奢享雙床房|65寸智能投屏|全屋語音智能|夢百合零壓床品:HK$1,235']"
大連輝盛閣國際酒店公寓,9.6,"['豪華雙床房:HK$971', '豪華單間:HK$972', '行政海景大床房:HK$1,190', '小黃鴨親子主題房:HK$1,203', '海底小縱隊親子主題房:HK$1,203', '一室一廳行政套房:HK$1,299']"
大連海擎天酒店（星海廣場店）,9.1,"['温馨大床房:HK$994', '商務大床房:HK$1,223', '雅緻大床房:HK$1,445', '高級雙床房:HK$1,712']"
如家商旅酒店（大連機場店）,9.8,"['商務大床房A（智能客控+夢百合零壓床墊、零壓枕）:HK$494', '商務大床房（智能客控+夢百合零壓床墊、零壓枕）:HK$510', '安心睡0壓大床房（空氣凈化器+智能客控+0壓床墊0壓枕）:HK$536', '標準雙床房（智能客控+夢百合零壓床墊、零壓枕）:HK$544']"
大連人民廣場市政府開元名庭酒店,9.4,"['名成舒適大床房|乾濕分離|MINI冰箱:HK$716', '名成豪華大床房|乾濕分離|MINI冰箱:HK$803', '名成豪華雙床房|乾濕分離|MINI冰箱:HK$880', '名成行政大床房|乾濕分離|MINI冰箱|會客區:HK$913', '名成行政家庭房|乾濕分離|MINI冰箱|:HK$1,044']"
大連中山希爾頓歡朋酒店,9.6,"['舒適大床房:HK$930', '高級雙床房:HK$982', '高級山景雙床房:HK$1,071', '高級大床房:HK$1,112', '高級山景大床房:HK$1,162']"
大連久棲藍岸民宿,9.9,"['愛琴海大床房:HK$1,959', '輕奢複式海景房:HK$2,099', '海景複式親子家庭套房:HK$3,008', '星河庭院海景家庭套房:HK$3,218']"
大連安步·海景復古民宿,9.7,"['抺茶·舒適榻榻米投影房:HK$962', '暖木·園景大床房:HK$962', '煙雨·伴海落日大床房:HK$1,092', '瓦瓦烏·美式浴缸影音房:HK$1,290']"
大連星海假日酒店,8.9,"['城市景·商旅雙床房:HK$997', '現代景·雅緻大床房:HK$1,064', '現代景·雅緻雙床房:HK$1,064', '微海景•豪華大床房│健康睡眠+浴缸:HK$1,176', '觀海·陽光雙床房:HK$1,328', '觀海·陽光大床房:HK$1,331']"
大連麗景酒店（大連老虎灘漁人碼頭店）,8.8,"['山景雙床房:HK$636', '山景大床房:HK$636', '海景雙床房:HK$722', '豪華山景雙床房:HK$805', '豪華山景大床房:HK$805']"
棲在藍岸·地中海浪漫風情海景度假美宿（星海廣場店）,9.9,"['海景～庭院大床房:HK$2,203', '海景～複式庭院大床房:HK$2,308', '海景～庭院雙床房:HK$2,448', '海景～庭院家庭套房:HK$3,008']"
和頤酒店（大連西安路地鐵站店）,9.4,"['大床房:HK$628', '雙床房:HK$656', '商務大床房:HK$665', '高級雙床房:HK$692', '家庭房:HK$773']"
大連中山諾富特酒店,9.4,"['海景大床房:HK$985', '高級大床房:HK$1,116', '海景高級大床房:HK$1,196', '豪華大床房:HK$1,236', '豪華雙床房:HK$1,277']"
大連君悦酒店,9.4,"['君悦豪華海景大床房:HK$3,135', '君悦豪華海景雙床房:HK$3,135', '嘉賓軒海景大床房:HK$3,212', '嘉賓軒海景雙床房:HK$3,212', '君悦行政套房:HK$9,966']"
宜必思尚品酒店（大連火車站青泥窪橋店）,9.5,"['商務大床房（手機投屏）:HK$677', '舒適loft大床房（手機投屏）:HK$704', '商務雙床房（手機投屏）:HK$704', '浴享loft套房（手機投屏）:HK$733']"
大連中山廣場人民路輕居酒店,9.7,"['舒適大床房:HK$772', '標準大床房:HK$816', '標準雙床房:HK$816', '高級大床房:HK$861', '高級套房:HK$997']"
四時海語民宿（大連老虎灘漁人碼頭店）,9.7,"['映海·法式中古風兩室一廳純海景套房（側樓）:HK$2,183']"
大連日航飯店,9.2,"['高級大床房:HK$843', '高級雙床房:HK$844', '商務雙床房:HK$893', '商務大床房:HK$893', '行政大床房:HK$1,041', '行政雙床房:HK$1,041']"
桔子水晶酒店（大連開發區萬達廣場店）,9.9,"['觀景大床房（絲漣床墊+小冰箱+舒適浴袍+手機投屏）:HK$463', '觀景高級大床房（絲漣床墊+冰箱+舒適浴袍+手機投屏）:HK$493', '觀景豪華大床房（絲漣床墊+冰箱+舒適浴袍+手機投屏）:HK$528', '行政大床房（絲漣床墊+小冰箱+舒適浴袍+手機投屏）:HK$578', '觀景高級雙床房（絲漣床墊+冰箱+舒適浴袍+手機投屏）:HK$583']"
AMANO安漫諾酒店 （大連星海廣場店）,9.8,"['驚鴻·冬青豪華雙床房:HK$2,536', '緣來·風鈴海景房:HK$3,530', '初見·山茶豪華海景房:HK$3,874', '白首梔子·豪華海景房:HK$3,967', '白首千日·親子海景房:HK$4,515']"
傾松·雅居（大連星海廣場店）,9.8,"['永嘉.靜謐舒睡大床房（無窗）:HK$886', '江夏.零壓床墊+巨幕投影:HK$1,552', '臨安.零壓床墊+海景陽台:HK$1,663', '蘭陵.榻榻米家庭房:HK$1,774', '渝州.零壓床墊+海景+浴缸:HK$1,886']"
大連睿詩酒店（高新萬達廣場店）,9.4,"['城景大床房（全屋智能+巨幕影音+小冰箱+舒適桌椅）:HK$528', '城景雙床房（全屋智能+巨幕影音+小冰箱）:HK$528', '海景大床房（全屋智能+180°高空海景+小冰箱+舒適桌椅）:HK$640', '海景雙床房（全屋智能+180°高空海景+小冰箱）:HK$640']"
大連四時鯨語海灘度假酒店,9.4,"['樂享投影大床房:HK$2,014', '海灘・全景雙人間:HK$2,570', '海灘 · 全景大床房:HK$2,570', '日落晚霞大床房:HK$2,570', '海灘・瀉湖陽台大床房:HK$2,710']"
鹿林海宿（大連星海廣場店）,9.8,"['暮宿·巨幕投影大床房（零壓床墊+LED投影+智能客控）:HK$1,201', '悦己·巨幕投影大床房（零壓床墊+LED投影+智能客控）:HK$1,518', '覓林·巨幕投影大床房（零壓床墊+LED投影+智能客控）:HK$1,638', '覓鹿·海景巨幕投影大床房（零壓床墊+浴缸+LED投影）:HK$1,846', '棲林·巨幕投影家庭房（零壓床墊+LED投影+智能客控）:HK$1,912']"
大連富麗華大酒店,9.3,"['東樓豪華雙床房:HK$922', '東樓豪華大床房:HK$922', '攜喜東樓深睡大床房:HK$984', '攜喜東樓深睡雙床房:HK$984', '西樓豪華大床房:HK$1,026', '西樓豪華雙床房:HK$1,026']"
大連中遠海運洲際酒店,9.0,"['豪華智眠大床房（帶零壓床墊+可升降按摩床）:HK$1,282', '豪華大床房:HK$1,355', '額外起居室開放式大床套房:HK$1,465', '豪華雙床房:HK$1,465', '小童主題豪華大床房:HK$1,520', '豪華影音房:HK$1,520']"
建國璞隱酒店（大連中山路友好廣場店）,9.5,"['芳草居大床房:HK$755', '蒹葭居大床房:HK$791', '幽篁居大床房:HK$845', '蒹葭居雙床房:HK$971', '幽篁居雙床房:HK$1,034']"
大工西崗酒店,9.5,"['標準雙床房:HK$449', '標準大床房:HK$462', '高級雙床房:HK$474', '高級大床房:HK$487']"
全季酒店（大連青泥窪商業街店）,9.5,"['大床房:HK$784', '高級大床房:HK$813', '舒壓高級大床房:HK$861', '雙床房:HK$861']"
大連日月潭大酒店（大連火車站店）,9.0,"['高級雙床房（乳膠枕+智能馬桶）:HK$592', '高級大床房（乳膠枕+金可兒床墊）:HK$592', '高級家庭房（智能馬桶+金可兒床墊）:HK$720', '大嘴猴主題房:HK$972']"
如家商旅酒店（大連火車站友好廣場地鐵站店）,9.7,"['大床房A:HK$620', '大床房:HK$638', '高級大床房:HK$656', '安心睡0壓大床房:HK$692']"
晴天民宿SUNNYDAY（大連老虎灘漁人碼頭店）,9.8,"['星火中古風.全屋智能＋零壓床墊大床房:HK$974', '星光中古風.全屋智能＋零壓床墊大床房:HK$1,080', '星月中古風.全屋智能＋零壓床墊 大床房:HK$1,080', '星雲.奶fufu.全屋智能＋零壓床墊 智能大床房:HK$1,139']"
大連昱聖苑國際酒店（羅斯福廣場西安路地鐵站店）,9.0,"['惠享大床房:HK$435', '惠享雙床房:HK$447', '雅緻商務大床房 | 舒闊空間+乾濕分離:HK$534', '雅緻商務雙床房 | 舒闊空間+乾濕分離:HK$544', '凌空豪華大床房 | 休閑沙發+深睡床品+MINI冰箱:HK$611']"
大連新世界酒店,9.5,"['豪華大床房:HK$1,420', '豪華雙床房:HK$1,420', '露營親子大床房:HK$1,529', '高級大床房:HK$1,542', '高級雙床房:HK$1,542', '星空夢幻親子雙床房:HK$1,639']"
大連中山廣場亞朵酒店,9.5,"['雅緻大床房（手機投屏）:HK$897', '高級大床房（手機投屏）:HK$1,077', '高級雙床房（手機投屏）:HK$1,167', '幾木大床房（手機投屏+茶几+茶台+浴袍+小冰箱）:HK$1,257', '幾木雙床房（手機投屏+茶几+茶台+浴袍+小冰箱）:HK$1,437']"
錦時·設計師民宿（大連星海廣場店）,9.8,"['桃月·零圧床墊+LED投影:HK$1,420', '暮雪·零圧床墊+LED投影+綺美石浴缸:HK$1,485', '花影·零圧床墊+LED投影:HK$1,551', '韶華·零圧床墊+LED投影+綺美石浴缸:HK$1,551', '素商·零圧床墊+綺美石浴缸:HK$1,551']"
大連香格里拉大酒店,9.2,"['高級大床房:HK$1,202', '豪華大床房:HK$1,312', '高級雙床房:HK$1,312', '豪華雙床房:HK$1,421', '小童主題大床房:HK$1,543', '小童主題雙床房:HK$1,543']"
大連火車站中山廣場桔子水晶酒店,9.6,"['高級大床房（手機投屏+小冰箱+浴袍）:HK$563', '榻榻米大床房（手機投屏+浴袍+浴缸+小冰箱）:HK$613', '商務大床房（手機投屏+浴袍+浴缸+小冰箱）:HK$663', '行政大床房（手機投屏+小冰箱+浴袍）:HK$714', '精選套房（一室一廳+手機投屏+小冰箱+智能馬桶+臨窗浴缸+衣帽間）:HK$814']"
大連湯景澤日式温泉酒店,8.9,"['親子大床房:HK$1,408', '童趣親子房:HK$1,736', '冬之松商務湯屋:HK$1,845', '秋之樺豪華湯屋:HK$2,064', '春之櫻家庭湯屋:HK$2,391', '夏之桃家庭湯屋:HK$2,391']"
歡樂豆海景LOFT酒店公寓（大連星海廣場店）,9.0,"['臻選景觀大床房:HK$1,007', '臻選投影大床房:HK$1,040', '臻選特價標準雙床房:HK$1,072', '臻選LOFT雅緻大床房（一次性旅行套裝）:HK$1,072']"
大連銀帆賓館,9.4,"['商務雙床間:HK$599', '商務大床間:HK$599', '商務貴賓間:HK$763', '豪華公寓房:HK$1,072', '商務套房:HK$1,126', '家庭套房:HK$1,435']"
國葯康養大連旅居中心,9.5,"['園景雙人間:HK$815', '海景雙床房:HK$922', '海景大床房:HK$922', '豪華海景大床房:HK$1,160']"
