酒店名称,评分,房型价格列表
建國鉑萃酒店（天津之眼店）,9.6,"['萃逸大床房（小度控制 +智能潔具+冰箱+柔軟浴袍+電視投屏）:HK$529', '萃雅商務雙床房（全屋智能小度控制 +智能潔具+冰箱+柔軟浴袍+電視投屏）:HK$539', '萃雅商務大床房（小度控制 +智能潔具+冰箱+柔軟浴袍+電視投屏）:HK$549', '萃韻景觀雙床房（全屋智能小度控制 +智能馬桶+冰箱+柔軟浴袍+電視投屏）:HK$616', '萃韻景觀大床房（全屋智能小度控制 +智能馬桶+冰箱+柔軟浴袍+電視投屏）:HK$645']"
天津藝龍酒店,9.7,"['特享影音大床房（投影儀+智能客控+毛巾除菌櫃）:HK$499', '不凡電競雙床房（智能客控+毛巾除菌櫃+大冰箱）:HK$499', '心悦雙床房（智能客控+毛巾除菌櫃+小冰箱）:HK$527', '心悦大床房（自帶陽台+智能客控+毛巾除菌櫃+小冰箱）:HK$555', '藝心大床房（智能客控+毛巾除菌櫃+小冰箱）:HK$610']"
天津站濱江道CitiGO歡閣酒店,9.7,"['歡享大床房（內景）（智能客控+可投屏65寸電視+小冰箱）:HK$462', '歡享大床房（智能客控+可投屏65寸電視+小冰箱）:HK$492', '歡閣大床房（智能客控+可投屏65寸電視+小冰箱）:HK$522', '歡逸大床房（智能客控+可投屏65寸電視+小冰箱）:HK$563', '歡逸雙床房（智能客控+可投屏65寸電視+小冰箱）:HK$613']"
天津四季酒店,9.3,"['豪華大床房 | 摩登現代:HK$1,529', '全景繁華尊貴雙床房丨觀景浴缸:HK$1,639', '卓雅豪華大床房:HK$1,639', '全景繁華尊貴大床房丨觀景浴缸:HK$1,749', '全景繁華尊貴家庭房丨超大床:HK$1,857', '沉浸都市夜景四季家庭房丨超大開間:HK$1,967']"
麗柏酒店（天津站意式風情街店）,9.6,"['舒適大床房（席夢思床墊+65寸超清電視可投屏）:HK$492', '精緻大床房（空氣凈化器+席夢思床墊+65寸電視可投屏）:HK$547', '精緻雙床房（席夢思床墊+65寸超清電視可投屏）:HK$585', '豪華大床房（席夢思床墊+65寸超清電視可投屏+冰箱）:HK$602']"
天津南站鵬瑞利明宇麗雅酒店,9.5,"['輕居雙床房（城景落地窗-深睡床墊-投屏電視）:HK$441', '麗雅大床房（城景落地窗-深睡床墊-投屏電視）:HK$441', '麗雅雙床房（落地窗城景-深睡床墊-投屏電視）:HK$441', '輕居大床房（城景落地窗-深睡床墊-投屏電視）:HK$463', '麗雅陽光大床房（270°環幕視野-深睡床墊-投屏電視）:HK$490']"
朗麗茲酒店（天津火車站意式風情街店）,9.6,"['麗茲大床房（65寸可投屏+小冰箱+加熱毛巾桿+智能窗簾）:HK$649', '商務大床房（65寸可投屏+小冰箱+加熱毛巾桿+智能窗簾）:HK$709', '麗茲雙床房（65寸可投屏+小冰箱+加熱毛巾桿+智能窗簾）:HK$757', '意風景觀大床房A（65寸可投屏+小冰箱+加熱毛巾桿+智能窗簾）:HK$769']"
維也納國際酒店（天津鼓樓店）,9.6,"['商務大床房（180°城景+智能）:HK$468', '豪華大床房（180°城景+智能）:HK$500', '豪華雙床房（180°城景+智能）:HK$523', '景觀大床房（180°城景+森林氧吧+智能+小冰箱）:HK$555', '景觀雙床房（180°城景+森林氧吧+智能+小冰箱）:HK$577']"
悦景温泉度假酒店,9.6,"['標準大床房:HK$287', '標準雙床房:HK$287', '園景大床房:HK$326', '園景雙床房:HK$326']"
途月別院（天津楊柳青古鎮店）,10.0,"['庭院景觀大床房（智能客控+零壓床墊+森林氧吧）:HK$290', '庭院景觀高級大床房（智能客控+零壓床墊+森林氧吧）:HK$336', '花園家庭榻榻米房（智能客控+零壓床墊+森林氧吧）:HK$336', '花園家庭房（智能客控+零壓床墊+森林氧吧）:HK$351']"
映向城酒店（天津古文化街鼓樓地鐵站店）,9.4,"['特惠雅緻大床房:HK$411', 'Loft雙層複式行政雙床房:HK$459', '舒適商旅大床房:HK$477', '落地窗陽光雙床房:HK$526', 'Loft雙層複式行政大床房:HK$550']"
天津站希爾頓歡朋酒店,9.6,"['高級大床房:HK$829', '舒適河景雙床房:HK$873', '高級親子房:HK$939', '豪華大床房:HK$939', '商務豪華大床房:HK$1,012']"
宜必思酒店（天津火車站津灣廣場店）,9.5,"['大床房（房間配有加濕器+金可兒床墊+可投屏電視）:HK$467', '雙床房（配有加濕器+金可兒床墊+可投屏電視）:HK$488', '高級大床房（金可兒床墊+可投屏電視）:HK$498', '高級雙床房（金可兒床墊+可投屏電視）:HK$517']"
天津海河假日酒店（天津之眼店）,9.1,"['文化街景雙床房丨安靜愜意:HK$775', '文化街景大床房丨安靜愜意:HK$775', '海河景觀大床房丨海河夜景:HK$939', '海河景觀雙床房丨海河夜景:HK$939', '摩天輪景觀大床房丨摩天輪夜景丨配備浴缸:HK$1,103']"
喆啡酒店（天津意式風情區古文化街店）,9.5,"['醇享生活房:HK$495', '醇享大床房:HK$517', '啡凡影視大床房:HK$532', '啡凡大床房:HK$570']"
天津濱江道恆隆廣場亞朵S酒店,9.6,"['高級大床房（智能客控+智能馬桶+小冰箱+可投屏65寸電視+空氣凈化器）:HK$475', '高級雙床房（智能客控+智能馬桶+小冰箱+可投屏65寸電視+空氣凈化器）:HK$502', '行政大床房（智能客控+深睡枕+智能馬桶+小冰箱+可投屏65寸電視）:HK$502', '幾木大床房（智能客控+深睡枕+智能馬桶+小冰箱+可投屏65寸電視）:HK$538', '行政雙床房（智能客控+深睡枕+智能馬桶+小冰箱+可投屏65寸電視）:HK$547']"
天津站希爾頓花園酒店,9.6,"['花園大床房:HK$764', '花園無障礙房:HK$764', '花園雙床房:HK$828', '花園景觀大床房:HK$828', '花園豪華雙床房:HK$854']"
天津天開華苑產業園亞朵酒店,9.6,"['雅緻大床房（可投屏65寸電視+深睡枕深睡床墊+小冰箱）:HK$385', '高級大床房（可投屏65寸電視+深睡枕深睡床墊+小冰箱）:HK$421', '高級雙床房（可投屏65寸電視+深睡枕深睡床墊+小冰箱）:HK$457', '行政大床房（可投屏65寸電視+深睡枕深睡床墊+小冰箱）:HK$457', '高級家庭房（可投屏65寸電視+深睡枕深睡床墊+小冰箱）:HK$484']"
天津融僑套房假日酒店（南京路海光寺地鐵站店）,9.5,"['高級大床房 | 津沽CBD夜景 | 超大衞生間，雙洗手盆:HK$535', '高級雙床房 | 津沽CBD夜景 | 超大衞生間，雙洗手盆:HK$535', '高級房 | 津沽CBD夜景 | 超大衞生間，雙洗手盆:HK$535', '無障礙標準雙床房:HK$594', 'City Walk高層大床房｜津沽夜色｜超大衞生間,雙洗手盆:HK$634', 'City Walk高層雙床房｜津沽夜色｜超大衞生間,雙洗手盆:HK$634']"
天津津灣廣場和平路商業街亞朵酒店,9.7,"['高級大床房（小冰箱+可投屏65寸電視+智能客控+全智能馬桶）:HK$457', '行政大床房（小冰箱+可投屏65寸電視+智能客控+全智能馬桶）:HK$502', '行政雙床房（小冰箱+可投屏65寸電視+智能客控+全智能馬桶）:HK$547', '幾木大床房（小冰箱+深睡枕PRO+可投屏65寸電視+智能客控+全智能馬桶）:HK$592', '行政親子大床房（小冰箱+可投屏65寸電視+智能客控+全智能馬桶）:HK$727']"
天津空港Robin諾賓酒店,9.4,"['雅緻大床房|漢斯格雅衞浴+舒達床墊+智能投屏:HK$289', '悦享雙床房|漢斯格雅+舒達床墊+智能投屏+Marshall音響:HK$332', '舒適大床房|漢斯格雅+舒達床墊+智能投屏+Marshall音響:HK$344', '悦享大床房|漢斯格雅+舒達床墊+智能投屏+Marshall音響:HK$388', '甄選雙床房|漢斯格雅+舒達床墊+智能投屏+Marshall音響:HK$410']"
天津五大道佟樓地鐵站亞朵酒店,9.7,"['高級大床房（可投屏65寸電視＋智能客控＋智能馬桶）:HK$448', '行政大床房（智能客控＋可投屏65寸電視＋智能馬桶＋小冰箱）:HK$538', '行政雙床房（智能客控＋可投屏65寸電視＋智能馬桶＋小冰箱）:HK$592', '幾木雙床房（深睡枕+小冰箱＋智能客控＋可投屏65寸電視＋智能馬桶）:HK$798', '幾木大床房（深睡枕+小冰箱＋智能客控＋可投屏65寸電視＋智能馬桶）:HK$798']"
Garden Plaza Hotel 花廣酒店（天津奧體中心天津賓館地鐵站店）,9.6,"['高級大床房-慕思床墊+朗樂福乳膠枕+智能馬桶:HK$556', '影音大床房-慕思床墊+朗樂福乳膠枕+智能馬桶:HK$587', '高級雙床房-慕思床墊+朗樂福乳膠枕+智能馬桶:HK$590', '行政大床房-慕思床墊+朗樂福乳膠枕+智能馬桶:HK$601']"
天津濱海新區誼程酒店（大港萬達廣場店）,9.7,"['回嘉輕伴雙床（全屋凈化+休息榻）:HK$284', '回嘉輕伴大床房（全屋凈化+智能客控）:HK$305', '回嘉悦心大床房（全屋凈化+智能客控）:HK$326', '回嘉悦心雙床房（全屋凈化+智能客控）:HK$326', '回嘉温馨親子房（全屋凈化+休息榻）:HK$411']"
天津津灣廣場漫心酒店,9.6,"['經典大床房:HK$597', '雅緻大床房（智能客控+可投屏電視+小冰箱）:HK$614', '心怡大床房（智能客控+可投屏電視+小冰箱）:HK$615', '心悦高級大床房（智能客控+可投屏電視+小冰箱）:HK$672', '心享經典大床房（智能客控+可投屏電視+小冰箱）:HK$710']"
天津五大道希爾頓歡朋酒店,9.6,"['高級大床房（舒達床墊+投屏+多場景燈光）:HK$592', '豪華大床房（舒達床墊+投屏+多場景燈光）:HK$623', '高級雙床房（舒達床墊+投屏+多場景燈光）:HK$640', '豪華雙床房（舒達床墊+投屏+多場景燈光）:HK$653', '豪華親子大床房（舒達床墊+投屏+多場景燈光）:HK$688']"
麗怡酒店（天津空港濱海國際機場店）,9.6,"['高級大床房-智能客控:HK$274', '豪華大床房-智能客控:HK$293', '純凈大床房-智能客控+空氣凈化器:HK$302', '純凈雙床房-智能客控+空氣凈化器:HK$330']"
天津津灣廣場桔子水晶酒店,9.7,"['標準大床房（無窗）:HK$458', '榻榻米大床房（小冰箱+65寸一鍵投屏電視）:HK$482', '豪華大床房·小冰箱+65寸一鍵投屏電視+深度睡眠記憶枕:HK$530', '商務大床房（小冰箱+65寸一鍵投屏電視+深度睡眠記憶枕）:HK$578', '高級雙床房（無窗）:HK$597']"
漢庭酒店（天津西青大學城卓爾電商城店）,9.7,"['高級大床房:HK$255', '商務雙床房:HK$265', '豪華雙床房:HK$271', '商務大床房:HK$275']"
天津五大道小白樓地鐵站亞朵輕居酒店,9.5,"['舒適大床房:HK$412', '標準大床房:HK$448', '標準雙床房:HK$448', '精選大床房:HK$484']"
天津空港濱海國際機場希爾頓歡朋酒店,9.6,"['舒適大床房（舒達床墊+電視投屏+智能馬桶）:HK$475', '高級雙床房（舒達床墊+電視投屏+智能馬桶）:HK$505', '高級大床房（舒達床墊+電視投屏+智能馬桶）:HK$535', '豪華雙床房（舒達床墊+電視投屏+智能馬桶）:HK$565', '豪華大床房（舒達床墊+電視投屏+智能馬桶）:HK$597']"
Z漫國際酒店（天津空港經濟區濱海國際機場店）,9.5,"['Z·品質嚴選大床房【智能客控】【自助洗衣】:HK$295', 'Z·品質舒壓電影房【超大幕布】:HK$295', 'Z·品質欣選雙床房【智能客控】【自助洗衣】:HK$306', 'Z·品質欣選大床房【智能客控】【自助洗衣】:HK$317', 'Z·致選行政大床房【超大落地窗】【自助洗衣】:HK$393']"
天津大學海光寺亞朵酒店,9.6,"['雅緻雙床房（可投屏55寸電視）:HK$358', '雅緻大床房（可投屏55寸電視）:HK$367', '高級雙床房（可投屏55寸電視）:HK$412', '高級大床房（可投屏55寸電視）:HK$421', '行政大床房:HK$430']"
格林和美商務酒店（濱海國際機場客運大樓地鐵站店）,9.5,"['精緻大床房:HK$234', '舒適大床房:HK$269', '豪華雙床房:HK$293', '温馨家庭房:HK$326']"
麗楓酒店（天津小白樓地鐵站五大道文化旅遊區店）,9.7,"['雅緻大床房（智能客控+手機投屏）:HK$495', '豪華大床房（智能客控+小冰箱）:HK$559', '影音房（高清投影+小冰箱）:HK$567', '豪華雙床房（智能客控+小冰箱）:HK$592']"
天津濱江道步行街桔子水晶酒店,9.4,"['大床房（智能客控+可投屏65寸電視）:HK$503', '商務大床房（智能客控+可投屏65寸電視）:HK$522', '高級大床房（智能客控+可投屏65寸電視）:HK$553', '雙床房（智能客控+可投屏65寸電視）:HK$573', '商務雙床房（智能客控+可投屏65寸電視）:HK$592']"
天津五大道三十六號酒店,9.5,"['舒享一室一廳大床房:HK$336', '尊享一室一廳大床房:HK$397', '舒謐一室一廳浴缸大床房I超大空間:HK$397', '奢享雙床房:HK$397', '露台陽光一室一廳大床房:HK$418']"
天津之眼亞朵酒店,9.5,"['高級大床房（手機智能投屏）:HK$592', '行政大床房（超大空間+手機智能投屏）:HK$619', '高級雙床房（手機智能投屏）:HK$619', '行政雙床房（超大空間+手機智能投屏）:HK$682', '幾木家庭雙床房（迷你冰箱+手機智能投屏+深睡枕）:HK$772']"
天津新宇盛大酒店,9.8,"['精選大床間:HK$214', '精選雙床間:HK$214', '豪華雙床房:HK$264', '豪華大床房:HK$283', '商務大床房:HK$323']"
天津河東麥客達温德姆酒店,9.5,"['高級客房-大床（舒適床品+手機投屏+語音智能）:HK$393', '高級客房-雙床（舒適床品+手機投屏+語音智能）:HK$401', '商務客房-大床 （舒適床品+手機投屏+語音智能）:HK$435', '商務客房-雙床 （舒適床品+手機投屏+語音智能）:HK$435', '精緻客房-雙床:HK$472']"
唯庭酒店（天津之眼北寧公園地鐵站店）,9.6,"['高級大床房（全屋小度智能語音客控+可投屏）:HK$551', '豪華雙床房（全屋小度智能語音客控+可投屏）:HK$564', '行政城景大床房（全屋小度智能語音客控+可投屏+零壓床墊）:HK$589', '行政城景雙床房（全屋小度智能語音客控+可投屏+零壓床墊）:HK$614']"
麗柏酒店（天津空港濱海國際機場店）,9.5,"['智享巨幕影音大床房（智能客控）:HK$328', '智享舒適大床房（智能客控）:HK$328', '智享精緻大床房（智能客控）:HK$340', '智享豪華雙床房（智能客控）:HK$382', '森氧豪華大床房（智能客控）:HK$400']"
天津金皇大酒店,9.3,"['豪華祕境房|榻榻米:HK$501', '安適雙床間:HK$501', '安適大床間:HK$501', '豪華大床間:HK$545', '豪華雙床間:HK$545', '豪華一室一廳公寓:HK$610']"
天津生態城希爾頓歡朋酒店,9.5,"['舒適大床房:HK$691', '高級大床房:HK$739', '高級雙床房:HK$739', '豪華大床房（帶浴缸）:HK$835', '豪華雙床房:HK$835']"
天津河東希爾頓歡朋酒店,9.7,"['舒適大床房（舒達床墊+智能投屏電視+智能客控）:HK$672', '舒適雙床房（舒達床墊+智能投屏電視+智能客控）:HK$672', '高級大床房（舒達床墊+智能投屏電視+智能客控）:HK$740', '高級雙床房（舒達床墊+智能投屏電視+智能客控）:HK$740', '豪華大床房（舒達床墊+智能投屏電視+智能客控）:HK$798']"
美豪麗致酒店（天津五大道營口道地鐵站店）,9.5,"['麗致小廂房（小愛智能客控+可投屏65寸電視+乳膠床墊）:HK$704', '悦致大床房（無窗）（小愛智能客控+可投屏65寸電視+乳膠床墊+小冰箱+小客廳）:HK$754', '麗致大床房（小愛智能客控+可投屏65寸電視+乳膠床墊+小冰箱+小客廳）:HK$804', '雅緻大床房（小愛智能客控+可投屏65寸電視+乳膠床墊+小冰箱）:HK$905', '雅緻雙床房（小愛智能客控+可投屏65寸電視+乳膠床墊+小冰箱）:HK$925']"
麗呈東谷酒店（天津站海光寺地鐵站店）,9.5,"['影音·悦享大床房（零壓床墊+75寸電視投屏+智能馬桶）:HK$592', '麗呈·雅韻大床房（零壓床墊+65寸電視投屏+智能馬桶）:HK$620', '麗呈·悦舍大床房（零壓床墊+65寸電視投屏+智能馬桶）:HK$647', '麗呈·悦舍雙床房（零壓床墊+65寸電視投屏+智能馬桶）:HK$661', '東谷·雅居雙床房（零壓床墊+65寸電視投屏+智能馬桶）:HK$702']"
天津璞麗東方酒店（靜海區第一中學店）,9.5,"['豪華雙床房（鵝絨安睡枕+定製甜夢床墊）:HK$308', '豪華大床房（鵝絨安睡枕+定製甜夢床墊+超大浴缸）:HK$313', '行政大床房（超大浴缸+負氧離子空氣凈化器+等離子加濕器）:HK$339', '行政雙床房（鵝絨安睡枕+定製甜夢床墊+75寸電視）:HK$343', '尊享雙床房（負氧離子凈化器+等離子加濕器+75寸電視）:HK$368']"
喆啡酒店（天津靜海開發區海馨園店）,9.3,"['特惠大床房:HK$277', '鉑金精英雙床房:HK$285', '鉑金精英大床房:HK$294', '豪華大床房:HK$308']"
歐航蘭蒂斯酒店（天津濱海國際機場店）,9.2,"['高級大床房:HK$173', '高級雙床房:HK$173', '豪華大床房:HK$199', '豪華雙床房:HK$199']"
