酒店名称,评分,房型价格列表
威海國際海景城酒店（國際海水浴場火炬八街店）,9.0,"['松山觀嵐雙床房（松林市景+陽光充足+零壓好睡眠）:HK$830', '松山觀嵐大床房（松林市景+陽光充足+零壓好睡眠）:HK$841', '林景雙床家庭房（松林市景+陽光充足+零壓好睡眠）:HK$950', '觀海聽濤大床房（180°大窗觀海+零壓好睡眠）:HK$983']"
威海藍海御華大飯店（威海公園劉公島店）,9.3,"['市景雙床房:HK$1,108', '海景雙床房:HK$1,142', '側海景大床房:HK$1,163', '海景商務雙床房:HK$1,396', '側海景商務大床:HK$1,421', '韓式家庭房（榻榻米）:HK$1,617']"
花築·朗玥海景客棧（威海幸福門威高廣場店）,9.8,"['【180°海景】悦海A●舒適海景大床房+智能客控+民國風:HK$962', '【180°海景】怡海A·尊享海景大床房+智能客控+民國風:HK$1,064', '【180°海景】怡海B·尊享海景大床房+智能客控+民國風:HK$1,064', '【180°海景】悦海B·舒適大床房+智能客控:HK$1,108']"
威海希爾維亞酒店,9.2,"['豪華商務大床房:HK$730', '行政商務大床房:HK$764', '豪華城景大床房:HK$840', '豪華城景雙床房:HK$840', '行政城景大床房:HK$872']"
威海金沙灘學府酒店,9.4,"['標準房:HK$1,301', '大床房:HK$1,301', '家庭房:HK$1,738', '海景露台標準房:HK$2,066', '海景露台大床房:HK$2,066']"
花築·威海海馨居民宿（威海國際海水浴場店）,9.5,"['格林諾奇 · 庭院景+智能馬桶:HK$545', '布魯因 · 庭院景+智能馬桶:HK$545', '皇后鎮 · 270°觀景+蔚藍海景+智能馬桶:HK$837', '因特拉肯 · 親子主題房+上下鋪+海景陽台+舒適浴缸+智能馬桶:HK$1,080']"
威海國際商務大酒店（劉公島店）,9.2,"['城韻·精緻標準間:HK$572', '180°觀海·海景標準間:HK$580', '翠巒·商旅三人間:HK$672', '鎏金落日·海景大床房:HK$699', '雅逸·怡居大床房:HK$710']"
九龍晟大酒店（威海高鐵站韓樂坊店）,9.6,"['商務景觀標準間:HK$752', '商務景觀大床間:HK$826', '0壓安睡雙床房:HK$889', '零壓睡眠雙床房（零壓床墊）:HK$898', '尊尚景觀標準間:HK$914']"
花築·禪驛雲本院子（威海環翠樓公園店）,9.7,"['驚喜房【智能客控】:HK$1,007', '雲無大床房|金可兒床墊+智能馬桶+茶台+禪意療愈:HK$1,073', '雲覺大床房|金可兒床墊+智能馬桶+茶台+禪意療愈:HK$1,187', '雲影家庭房|金可兒床墊+智能馬桶+茶台+禪意療愈:HK$1,339', '雲影大床房|金可兒床墊+智能馬桶+茶台+禪意療愈:HK$1,465']"
這有海·TheSea日出海景酒店（威海半月灣海水浴場店）,8.6,"['治癒影音大床房（零壓床墊+小冰箱+minibar）:HK$641', '園景影音大床房（零壓床墊+小冰箱+百寸投影）:HK$650', '治癒清新雙床房（零壓床墊+小冰箱+minibar）:HK$678', '清新影音大床房（可看海+百寸投影+小冰箱+百寸投影）:HK$862', '一室一廳三人套房（小冰箱+minibar+智能馬桶）:HK$939']"
山海雲汀酒店（半月灣貓頭山店）,9.6,"['山海-高級大床房-智能客控:HK$813', '山海-高級雙床房-智能客控:HK$828', '聽濤·豪華大床房-智能客控:HK$938', '庭院·豪華大床房:HK$1,034', '庭院·豪華雙床房:HK$1,058']"
威海衞大廈（威高廣場幸福門店）,9.4,"['商務大床間:HK$620', '商務標準間:HK$620', '公主親子房:HK$669', '王子親子房:HK$669', '豪華海景大床間:HK$707']"
花築·橘子海民宿（海宴台店）,9.5,"['【一個橘子】私家花園別墅+廚房+KTV:HK$2,784', '【秋詞】海景露台庭院別墅+廚房+浴缸+麻將:HK$3,871', '【夏樹】意式180°海景露台別墅+全景+麻將:HK$4,121', '【春潮】陽光玻璃房觀海別墅+廚房+浴缸+麻將:HK$4,121']"
威海金海雅閣度假酒店,9.0,"['特惠雙床房:HK$490', 'A座園景雙床房:HK$599', 'B座園景大床房:HK$599', '精選海景雙床房:HK$599', 'B座豪華海景大床房:HK$654']"
威海東山賓館,9.6,"['商務樓山景標準間:HK$813', '商務樓山景單間:HK$813', '商務樓海景標準間:HK$891', '商務樓家庭房:HK$891', '迎賓樓院景標準間:HK$1,007']"
威海抱海大酒店（威海公園劉公島店）,9.6,"['商務標準間:HK$791', '商務大床間:HK$857', '觀景標準間:HK$857', '觀景大床間:HK$911', '海洋主題大床房-智能客控:HK$999']"
花築·如海客棧（威海國際海水浴場火炬八街店）,9.6,"['園景·甄選大床房【園林景觀+奶油風沙發+智能客控】:HK$1,021', '園景·雙床房【園林景觀+安靜舒適+小度音箱】:HK$1,046', '園景·浴缸大床房【園林景觀+智能客控+智能馬桶】:HK$1,094', '臨海·精緻大床房【氛圍感裝修+智能客控+中央空調】:HK$1,130']"
花築·聆海花園別墅（海上公園店）,9.2,"['池冬大床房（北向）:HK$1,165', '閲川超大床房+超大沙發床（北向）:HK$1,467', '扶搖雙床房（南向）:HK$1,506', '春嶼躍層大床房+超大沙發床（南向）:HK$1,535']"
韋爾曼花園酒店（威海國際海水浴場火炬八街店）,9.5,"['海雲天·尊享雙床房【全屋智能+巨幕投影+地暖供熱】:HK$981', '海雲天·尊享大床房【全屋智能+巨幕投影+地暖供熱】:HK$1,039', '海上月·海景大床房【全屋智能+海景日落+全屋地暖】:HK$1,226', '海上月·海景雙床房【全屋智能+海景日落+全屋地暖】:HK$1,226', '海雲天·尊享親子房【全屋智能+巨幕投影+地暖供熱】:HK$1,226']"
威海城投北辰酒店（逍遙灣海水浴場店）,9.4,"['高級園景雙床房:HK$708', '高級園景大床房:HK$720', '高級湖景大床房:HK$741', '高級海景雙床房:HK$775', '商務園景雙床房:HK$808', '商務海景雙床房:HK$830']"
威海金海灣度假酒店（國際海水浴場火炬八街店）,8.8,"['靜享大床房:HK$545', '靜享雙床房:HK$545', '家庭房:HK$654', '温馨家庭套房:HK$764']"
威海威高温泉酒店,9.5,"['親子房:HK$1,091', '豪華套房:HK$1,419', '四合院:HK$1,419', '家庭套房:HK$4,322']"
威海九紫黃龍璀麗酒店（威海高鐵站韓樂坊店）,9.5,"['高級標準間（小冰箱+65寸電視可投屏+小度+乾濕分離）:HK$985', '高級大床房（小冰箱+65寸電視可投屏+小度+乾濕分離）:HK$985', '豪華標準間（小冰箱+65寸電視可投屏+小度+乾濕分離）:HK$1,034', '豪華大床房（小冰箱+65寸電視可投屏+小度+乾濕分離）:HK$1,034', '尊享家庭房（小冰箱+65寸電視可投屏+小度）:HK$1,069', '行政標準間（小冰箱+65寸電視可投屏+小度+乾濕分離）:HK$1,217']"
花築·威海平懷民宿（葡萄灘海水浴場店）,9.4,"['致遠·舒適大床房+超大書櫃+臨窗+全景+休憩茶桌+全屋地暖:HK$1,343', '禪居·舒適大床房+開放式長桌+超大沙發+庭院景觀+全屋地暖:HK$1,639', '山海·舒適海景大床房+山海景觀+舒適沙發+超大開放式衣櫃+壁爐設計+全屋地暖:HK$1,639', '聽海·舒適海景大床房+面朝大海+全景落地窗+休憩茶桌+全屋地暖:HK$1,996']"
沃德酒店（威海國際海水浴場火炬八街店）,9.2,"['商務大床房:HK$885', '雅緻大床房:HK$926', '雅緻庭院大床房:HK$966', '雅緻雙床房:HK$1,027']"
威海陽光大廈（環翠樓店）,9.3,"['標準間:HK$598', '商務大床房:HK$667', '精品商務房:HK$695', '精品標準房:HK$695', '零壓大床房:HK$732']"
威海威高希爾頓逸林酒店,9.0,"['客房（大床）:HK$1,408', '客房（雙床）:HK$1,408', '無障礙客房（大床）:HK$1,408', '高樓層客房（大床）:HK$1,463', '高樓層客房（雙床）:HK$1,463', '豪華海景房（大床）:HK$1,699']"
威海天沐温泉度假區,9.3,"['悦馨閣大床房:HK$381', '悦馨閣雙床房:HK$381', '悦馨閣家庭房:HK$491', '天沐閣園景標準房:HK$600', '天沐閣園景大床間:HK$600', '天沐閣湖景標準房:HK$708']"
山東健康金海灣麗呈華廷酒店,9.5,"['無障礙大床房:HK$1,088', '迷你房:HK$1,088', '尊享雙床房:HK$1,311', '尊享大床房:HK$1,311', '海景雙床房:HK$1,754', '海景大床房:HK$1,754']"
威海藍天賓館,9.4,"['高級海景單人間（一號樓）:HK$687', '高級海景標準間（一號樓）:HK$687', '休閑海景套間（一號樓）:HK$873', '豪華景觀標準間（二號樓）:HK$873', '豪華景觀大床間（二號樓）:HK$873']"
花築·海上公園2號民宿（威海火車站店）,9.0,"['臨海聽風標準間:HK$932', '雅緻大床房:HK$932', '臨海聽風温馨大床房:HK$961', '特惠標準間:HK$961']"
花築·威海愛麗絲民宿（海上公園店）,9.8,"['晨熹街景大床房+速幹吹風機+智能化粧鏡:HK$700', '靜謐園景大床房+星球好眠記憶枕pro+智能化粧鏡:HK$738', '繁間新中式庭院大床房+星球好眠記憶枕pro+智能化粧鏡:HK$1,033', '拾秋陽台花園大床房 +星球好眠記憶枕pro+智能化粧鏡:HK$1,034']"
白玉蘭酒店（威海火炬八街國際海水浴場店）,9.1,"['輕雅大床房:HK$856', '靜雅家庭房:HK$873', '舒雅大床房:HK$908', '靜雅大床房:HK$961']"
香庭酒店（威海幸福門威高廣場店）,9.5,"['特惠雙床房（中央空調冷氣）:HK$461', '特惠大床房（中央空調冷氣）:HK$466', '温馨雙床房（中央空調冷氣）:HK$466', '温馨大床房（中央空調冷氣）:HK$477']"
威海市政府威高廣場漫心酒店,9.6,"['心怡標準大床房（智能客控+65英寸投屏電視+冰箱）:HK$965', '心怡標準雙床房（智能客控+65英寸投屏電視+冰箱）:HK$1,006', '心悦高級大床房（智能客控+65英寸投屏電視+冰箱）:HK$1,015', '心悦高級雙床房（智能客控+65英寸投屏電視+冰箱）:HK$1,035', '心悦景觀大床房（智能客控+65英寸投屏電視+冰箱）:HK$1,035']"
歐萊星迪度假酒店（劉公島僑鄉碼頭店）,9.6,"['商務標準間（智能客控+智能馬桶+小冰箱）:HK$577', '陽光大床房:HK$658', '陽光標準間:HK$667', '陽光海景大床房（智能客控+智能馬桶+小冰箱）:HK$842', '陽光海景標準間（智能客控+智能馬桶+小冰箱）:HK$862']"
花築·海上月墅民宿（威海海上公園店）,9.3,"['特惠大床房:HK$883', '朝海明月大床房:HK$964', '靜雅舒心標準間:HK$982', '靜雅舒心大床房:HK$1,011']"
觀海宿集酒店,9.4,"['私密庭院雙床房:HK$2,033', '私密庭院大床房:HK$2,033', '遠山露台大床房:HK$2,273', '遠山露台雙床房:HK$2,273']"
美倫海景酒店（威海國際海水浴場火炬八街店）,8.1,"['商務市景標準間:HK$597', '商務海景標準間:HK$679', '旅居市景家庭房:HK$679', '旅居海景家庭房:HK$777']"
宜必思酒店（威海威高廣場幸福門店）,9.8,"['大床房（智能客控+智能馬桶+小冰箱）:HK$786', '高級大床房（智能客控+智能馬桶+小冰箱）:HK$824', '雙床房（智能客控+智能馬桶+小冰箱）:HK$861', '商務大床房（智能客控+智能馬桶+小冰箱）:HK$898']"
春竹國際大酒店（威海高鐵站韓樂坊店）,9.4,"['高級標準間:HK$849', '高級大床房:HK$849', '超級大床房:HK$938', '商務標準間:HK$1,041', '商務大床房:HK$1,041', '行政標準間:HK$1,163']"
威海悦庭海景酒店（威海國際海水浴場火炬八街店）,8.0,"['特惠市景大床房（有窗）:HK$612', '特惠市景雙床間（有窗）:HK$627', '市景大床房:HK$689', '市景標準間:HK$689']"
如家精選酒店（威海市政府威高廣場店）,9.7,"['商務大床房（可投屏電視+徠芬吹風機+夢百合0壓床墊）:HK$667', '雙床房（可投屏電視+徠芬吹風機+茶吧+夢百合0壓床墊）:HK$667', '高級大床房（智能客控+可投屏電視+徠芬吹風機+茶吧）:HK$691', '高級雙床房（智能客控+可投屏電視+徠芬吹風機+茶吧）:HK$691']"
威海塔山賓館（劉公島幸福門店）,9.6,"['高級山景標準房:HK$601', '高級山景大床房:HK$601', '高級海景標準房:HK$644', '高級海景大床房:HK$644', '行政山景標準間-智能客控:HK$710']"
全季酒店（威海市中心威高廣場店）,9.2,"['高級雙床房:HK$965', '高級大床房:HK$965', '大床房:HK$965', '商務大床房:HK$1,023']"
嗨·海LOFT休閑親子瞰海美宿（威海港客運碼頭華髮新天地店）,8.9,"['伴山伴海市景輕奢豪華loft四人套房（乾濕分離+舒適床）:HK$929', '伴山伴海市景輕奢豪華loft六人套房（乾濕分離+舒適床）:HK$936', '與海同眠•220度全海景loft四人套房（雙衞零無壓床墊）:HK$936', '星月海灣LOFT海景三室一廳套房（雙衞、零無壓床墊）:HK$1,027']"
嶼鼎瞰海民宿（劉公島碼頭店）,9.6,"['零壓側海大床房【全屋智能+投影】:HK$557', '豪華瞰海大床房【智能客控】:HK$585', '180°全海景日出雙大床套房【智能客控】:HK$1,347', '180°全海景日出雙大床套房 【智能客控】1:HK$1,347']"
威海威高廣場美侖酒店,9.4,"['大床房（智能客控+小冰箱+浴袍）:HK$1,176', '高級大床房（智能客控+小冰箱+浴袍）:HK$1,226', '高級雙床房（智能客控+小冰箱+浴袍）:HK$1,267', '豪華景觀大床房（海景+智能客控+小冰箱+浴袍）:HK$1,267', '行政大床房（浴缸+智能客控+小冰箱+浴袍）:HK$1,337']"
威海貴禾四季酒店（悦海公園燈塔店）,9.5,"['商務市景標間:HK$844', '豪華市景標間:HK$882', '豪華市景大床房:HK$882', '商務海景標間:HK$1,059', '豪華海景標間:HK$1,192']"
全季酒店（威海市政府威高廣場店）,9.2,"['大床房（電視投屏+小冰箱）:HK$985', '高級大床房（電視投屏+小冰箱）:HK$1,015', '高級雙床房（電視投屏+小冰箱）:HK$1,015', '舒壓高級大床房（電視投屏+小冰箱）:HK$1,045']"
