酒店名称,评分,房型价格列表
維也納國際酒店（定安日廣鳳羽林店）,9.5,"['標準大床房:HK$302', '標準雙床房:HK$302', '豪華大床房:HK$318', '豪華雙床房:HK$334']"
海南諾德珺唐酒店,8.7,"['豪華園景雙床房:HK$565', '豪華園景大床房:HK$603', '豪華湖景大床房:HK$648', '麗湖套房:HK$1,243']"
都市花園酒店（定安汽車站店）,9.5,"['輕享大床房:HK$128', '花園雅緻大床房:HK$137', '花園雅緻雙床房:HK$149', '花園尊享雙床房:HK$196']"
定安萊希漫酒店（和平南路店）,9.4,"['龍禧.優享大床房:HK$197', '智享.輕奢雙床房:HK$215', '尊享.禪馨大床房:HK$350', '尊享 禪意雙床房:HK$386']"
麗景度假酒店（定安縣政府店）,9.3,"['豪華圓床房（酒店公區洗衣機+乾濕分離）:HK$254', '標準大床房（酒店公區洗衣機）:HK$317', '標準雙床房（酒店公區洗衣機+乾濕分離）:HK$419', '豪華大床房（公區自助洗衣機+乾濕分離）:HK$451']"
定安熊先生智慧客棧,8.7,"['簡約主義大床房:HK$250', '智能輕奢大床房:HK$251', '智能輕奢雙床房:HK$258', '簡約主義雙標房:HK$269']"
椰利亞酒店（定安汽車站店）,9.2,"['蔚藍之夏大床房（落地飄窗+公區提供自助洗衣機）:HK$118', '雲落大床房（零壓床墊+安心睡+公區提供洗衣機）:HK$119', '不捨大床房（冷暖空調+智能小度+電視投屏）:HK$126', '商務雙床房（零壓床墊+公區提供洗衣機+乾濕分離）:HK$134']"
如家派柏·雲酒店（見龍大道店）,9.1,"['特惠大床房+1.5匹變頻冷暖空調+舒適通風透氣:HK$120', '雅緻大床房:HK$129', '特惠雙床房（1.5匹變頻冷暖空調+環境安靜舒適）:HK$129', '雅宿雙床房（1.5匹變頻冷暖空調+環境安靜舒適）:HK$148']"
定安熊先生主題香山賓館,8.6,"['熊主題易趣特惠房:HK$91', '熊主題精品大床房:HK$98', 'Star炫彩星空大床房:HK$98', '熊主題温馨雙床房:HK$99']"
悉時智選酒店（海口定安汽車站店）,8.7,"['拍照出片大床房【温馨浪漫｜安心好眠】:HK$80', '情侶ai約會大床房【中央空調|酒店公區提供洗衣機】:HK$89', '窗外好景豪華大床房【視野寬闊｜中央空調】:HK$97', '動人夜景雙床房【家庭親子|酒店公區提供自助洗衣房】:HK$101']"
羣星賓館（沿江二路店）,9.7,"['舒適大床房:HK$102', '舒適雙床房:HK$113']"
定安皇華賓館（定安汽車站店）,7.6,"['特價房:HK$103', '高級大床房:HK$112', '高級雙床房:HK$125', '豪華大床房（小度智能客控）:HK$129']"
悠谷客棧（定安汽車站店）,8.8,"['悠品單人房（安靜温馨）:HK$143', '佳和大床房（安靜温馨）:HK$154', '佳和雙床房（安靜温馨）:HK$157', '悠逸大床房（安靜温馨）:HK$167']"
定安燕輝賓館,7.3,"['標準大床房:HK$93', '標準雙人間:HK$106']"
定安燕鯨賓館,6.7,"['高級大床房:HK$145', '高級雙床房:HK$171']"
愛情樹民宿,8.9,"['紅豆杉 | 舒適大床房:HK$450', '君子蘭 | 舒適大床房:HK$450', '鬱金香 | 園景舒適大床房:HK$482', '蝴蝶蘭 | 園景舒適大床房:HK$482']"
瓊海森林湖大酒店,8.8,"['大床房|大陽台:HK$111', '雙床房|大陽台:HK$111', '豪華一室一廳套房|大陽台:HK$188', '豪華兩室一廳套房|大陽台:HK$212']"
定安天安商務酒店,8.3,[]
