酒店名称,评分,房型价格列表
宿州政務中心銀河一路亞朵酒店,9.8,"['高級大床房（深睡床品+電視投屏）:HK$323', '行政雙床房（深睡床品+電視投屏）:HK$323', '行政大床房（深睡床品+電視投屏）:HK$341', '尊享雙床房（深睡床品+電視投屏）:HK$368', '尊享大床房（深睡床品+電視投屏）:HK$386']"
如家精選酒店（宿州國購廣場宿懷北路店）,9.5,"['大床房A:HK$148', '大床房:HK$156', '雙床房:HK$156', '商務大床房:HK$171']"
宿州萬達廣場銀河四路亞朵酒店,9.7,"['高級大床房（深睡床品+電視投屏）:HK$328', '行政雙床房（深睡床品+可投屏+小冰箱）:HK$328', '行政大床房（深睡床品+電視投屏）:HK$350', '尊享大床房（深睡床品+電視投屏）:HK$386', '尊享雙床房（深睡床品+超大空間）:HK$386']"
宿州龍登開元頤居酒店（宿城十一中通濟校區店）,9.7,"['頤享舒適大床房:HK$213', '頤享高級大床房:HK$239', '頤享豪華大床房:HK$265', '頤享豪華雙床房:HK$277']"
宿州東站桔子水晶酒店,9.8,"['高級雙床房:HK$372', '高級大床房:HK$382', '商務大床房:HK$413', '豪華大床房:HK$432', '豪華雙床房:HK$432']"
漢庭酒店（宿州汴河東路店）,9.5,"['大床房:HK$189', '高級大床房:HK$198', '雙床房:HK$208', '套房:HK$255']"
宿州環宇美侖國際酒店,9.8,"['高級大床房:HK$381', '商務大床房:HK$399', '商務雙床房:HK$410', '豪華大床房:HK$429', '豪華雙床房:HK$439']"
全季酒店（宿州國購廣場店）,9.7,"['高級大床房:HK$296', '雙床房:HK$306', '商務大床房:HK$316', '商務雙床房:HK$316']"
歐暇·地中海酒店（宿州經開區店）,9.7,"['歐暇大床房:HK$173', '暇享温馨大床房:HK$197', '暇享温馨雙床房:HK$197', '橄欖園行政大床房:HK$255']"
宿州蘇寧廣場亞朵酒店,9.7,"['高級大床房（深睡床品+電視投屏）:HK$314', '高級雙床房（深睡床品+電視投屏）:HK$314', '行政大床房（深睡床品+電視投屏）:HK$332', '行政雙床房（深睡床品+電視投屏）:HK$332', '幾木城景大床房（可投屏）:HK$395']"
宿州豐大國際大酒店,9.7,"['豪華雙床房:HK$338', '豪華大床房:HK$371', '商務大床房:HK$439', '行政大床房:HK$483', '行政雙床房:HK$483']"
錦江都城酒店（宿州國購廣場華夏店）,9.5,"['時尚雙床房:HK$252', '時尚商務房:HK$269', '精緻商務房:HK$304', '精緻雙床房:HK$315']"
漢庭酒店（宿州新二中店）,9.8,"['大床房:HK$187', '高級大床房:HK$205', '雙床房:HK$215', '家庭房:HK$244']"
宿州隱·宿度假酒店,9.2,"['標準大床房:HK$264', '標準雙床房:HK$264', '精品雙床房:HK$298', '摩天輪觀景大床房:HK$298']"
海貝聯盟酒店（宿州快客汽車站店）,9.5,"['特惠智選大床房（太空羽絨被+高級床墊）:HK$166', '豪華輕奢大床房（Mini冰箱，綿柔浴袍）:HK$201', '臻選高級雙床房（可投屏+輕奢風格，超大空間）:HK$230', '臻選高級大床房（輕奢風格，超大空間+可投屏）:HK$230']"
庭柏商務酒店（宿州人民南路金方世紀城店）,9.6,"['慕棲靜享大床房（智能馬桶+超大空間+新風系統）:HK$332', '慕棲靜享雙床房（智能馬桶+全屋木飾面+超大床）:HK$382', '尊享商務大床房（一室一廳+智能馬桶+商務沙發私密空間）:HK$401', '景觀商務大床房（超大空間+零壓床墊+智能馬桶）:HK$411']"
維也納酒店（宿州火車站港口中路店）,9.6,"['標準大床房:HK$175', '高級大床房:HK$183', '高級雙床房:HK$198', '豪華大床房:HK$217']"
宿州國際大酒店,9.5,"['豪華雙床房:HK$327', '豪華大床房:HK$327', '高級大床房:HK$374', '行政大床房:HK$492', '行政豪華大床房:HK$542', '高級套房:HK$906']"
全季酒店（宿州市政府萬達廣場店）,9.8,"['高級大床房:HK$332', '雙床房:HK$332', '商務大床房:HK$352', '商務雙床房:HK$352']"
如家商旅酒店（宿州市政府雲集商業街店）,9.5,"['單人房:HK$131', '商務大床房:HK$148', '高級大床房:HK$167', '雙床房:HK$167']"
和欣大酒店（宿州東站和盛廣場橙天國際影城店）,9.4,"['精品雙床房:HK$173', '雅緻大床房:HK$173', '悦享豪華大床房:HK$199', '悦享豪華雙床房:HK$199']"
麗楓酒店（宿州石城美食巷財富大廈店）,9.6,"['雅緻大床房（迷你冰箱+慕思床墊）:HK$183', '高級雙床房（迷你冰箱+慕思床墊）:HK$224', '豪華大床房（迷你冰箱+慕思床墊+凈化系統）:HK$229', '豪華雙床房（迷你冰箱+慕思床墊+凈化系統）:HK$242']"
維也納酒店（宿州雲集店）,9.2,"['標準大床房:HK$217', '標準雙床房:HK$217', '高級大床房:HK$222', '高級雙床房:HK$248']"
維也納酒店宿州開發區店,9.6,"['標準大床房（無窗）:HK$169', '高級大床房:HK$188', '高級雙床房:HK$196', '豪華大床房:HK$203']"
美豪麗致酒店（宿州市立醫院店）,9.7,"['雅緻大床房:HK$273', '麗致大床房:HK$274', '麗致雙床房:HK$274', '雅緻雙床房:HK$287', '雅緻套房:HK$365']"
璽楓酒店（宿州CBD萬達三中店）,8.6,"['精品榻榻米房:HK$148', '高級雙床房:HK$167', '高級大床房:HK$176', '豪華雙床房:HK$194']"
全季酒店（宿州皖北總院店）,9.9,"['高級大床房:HK$315', '高級雙床房:HK$345', '商務大床房:HK$345', '套房:HK$385']"
麗景·悦居酒店（宿州淮河西路店）,9.5,"['輕享新風大床房（智能馬桶、新風系統、深睡記憶枕）:HK$148', '悦享高級大床房（智能馬桶、零壓記憶枕、可投屏）:HK$169', '悦享高級雙床房（智能馬桶、三區分離、零壓記憶枕）:HK$171', '悦享豪華大床房（超大空間、高定布草、深睡記憶枕）:HK$185']"
漢庭酒店（宿州東關產業園店）,9.8,"['大床房:HK$201', '高級大床房:HK$211', '雙床房:HK$221', '套房:HK$262']"
錦江之星酒店（宿州火車站國購店）,9.4,"['新品標準大床房:HK$159', '新品高級雙床房:HK$159', '新品高級大床房:HK$169', '新品高級大小雙床家庭房:HK$179']"
格林豪泰（宿州南翔恆泰城店）,9.3,"['靜謐·高級大床房（淡雅風尚+55寸高清電視+安靜舒適）:HK$137', '靜謐·高級雙床房（淡雅風尚+55寸高清電視+安靜舒適）:HK$148', '尊享·商務大床房（淡雅風尚+55寸高清電視+安靜舒適）:HK$158', '尊享·商務雙床房（淡雅風尚+55寸高清電視+安靜舒適）:HK$160']"
漢庭酒店（宿州萬達廣場店）,9.6,"['雙床房:HK$187', '大床房:HK$196', '高級大床房:HK$205']"
美蘭商務酒店,9.4,"['商務大床房:HK$151', '商務豪華大床房:HK$173', '商務豪華標準間:HK$173', '商務豪華三人間:HK$206']"
安徽宿州希爾頓逸林酒店,9.6,"['逸林雙床客房:HK$470', '逸林大床客房:HK$488', '豪華湖景雙床房:HK$524', '豪華湖景大床房:HK$542', '臻品湖景雙床房:HK$658', '臻品湖景大床房:HK$658']"
宿州漫步森林賓館,9.3,"['清舒精緻大床房:HK$151', '清舒陽光大床房:HK$173', '主題優選大床房:HK$173', '温馨舒適家庭房:HK$184']"
宿州橡樹灣假日酒店,9.0,"['特惠標間:HK$204', '榻榻米房:HK$235', '普通雙床房:HK$235', '豪華大床房:HK$256']"
宿州翔豪賓館,9.0,"['精品大床房:HK$140', '精品中式雙床房:HK$151', '商務三人間:HK$188', '電競大床房:HK$196']"
清沐精選酒店（宿州桃山店）,9.6,"['大床房:HK$129', '高級大床房:HK$150', '高級雙床房:HK$152', '豪華套房:HK$194']"
宿州大宅門賓館（埇橋區國購廣場店）,9.0,"['高級標準間:HK$140', '高級大床房:HK$140', '豪華標準間:HK$151', '豪華大床房:HK$151']"
如家睿柏·雲酒店（宿州蘇寧廣場禾香園店）,9.3,"['大床房:HK$147', '商務雙床房:HK$152', '商務大床房:HK$152', '套房:HK$221']"
如家·neo酒店（宿州萬達廣場店）,9.2,"['大床房A:HK$130', '大床房:HK$148', '商務大床房:HK$174', '雙床房:HK$184']"
恆家智選酒店（宿州埇橋區南翔恆泰城店）,9.1,"['精選大床房（42寸液晶電視+獨立空調）:HK$116', '精選雙床房（42寸液晶電視+乾濕分離）:HK$116', '智選大床房（智能窗簾+睡眠床墊）:HK$128', '智選雙床房（智能窗簾+睡眠床墊）:HK$128']"
如家酒店（宿州汴河路國購廣場店）,9.4,"['雙床房:HK$165', '商務大床房:HK$174', '家庭間:HK$202']"
漢庭酒店（宿州雲集文化商業街店）,9.6,"['雙床房:HK$179', '大床房:HK$189', '高級大床房:HK$198']"
格林豪泰智選酒店（宿州CBD萬達廣場雪楓公園店）,9.3,"['安心大床房:HK$121', '雙床房:HK$123', '高級大床房:HK$140', '清馨雙床房:HK$140']"
貝殼酒店（宿州拂曉大道店）,8.9,"['大床房:HK$133', '商務大床房:HK$142', '商務雙床房:HK$146', '高級雙床房:HK$151']"
如家酒店（宿州金海大道第二中學店）,9.0,"['大床房:HK$125', '雙床房:HK$137', '商務大床房:HK$142', '家庭房:HK$157']"
格林豪泰酒店（宿州快客汽車站恆大名都店）,9.6,"['特惠大床房:HK$148', '高級大床房:HK$157', '高級雙床房:HK$157', '棋牌大床房:HK$213']"
海悦假日酒店（宿州金海大道店）,9.3,"['喜悦·特價大床房（智能窗簾）:HK$171', '和悦·標準雙床房（智能窗簾）:HK$181', '和悦·標準大床房（智能窗簾）:HK$181', '欣悦·商務大床房（智能窗簾）:HK$229']"
宿馬滙大酒店（宿州東站科創中心店）,8.8,"['商務單間:HK$206', '商務標間:HK$206', '高級雙床房:HK$228', '高級大床房:HK$228']"
