酒店名称,评分,房型价格列表
崇左城府花墅酒店,9.4,"['逸墅·全景大床房:HK$386', '瀾墅·怡景大床房:HK$440', '逸墅·園景雙床房:HK$440', '臻墅·影音大床房:HK$461', '瀾墅·怡景雙床房:HK$494']"
崇左梅園璞邸酒店（太平古城店）,9.5,"['豪華大床房:HK$395', '豪華雙床房:HK$418', '景觀大床房:HK$418', '精品雙人房:HK$457']"
大新那美山舍,9.4,"['枕山入夢舒適雙床房:HK$533', '枕山入夢舒適大床房:HK$533', '稻浪聽風山景大床房:HK$653', '雲岫望峯陽台景觀雙床房:HK$763']"
城市便捷酒店（崇左友誼大道百成國際店）,9.5,"['智能商務大床房（180°雲端城景+ 全屋聲控+智能馬桶）:HK$197', '智能商務雙床房（180°雲端城景+ 全屋聲控+智能馬桶）:HK$198', '影院大床房（100寸高清影音投影+高空落地景觀+智能客控）:HK$215', '智能豪華大床房（180°雲端城景+ 全屋聲控+智能馬桶）:HK$221']"
大新明仕山莊,8.7,"['民族特色雙床房:HK$610', '民族特色大床房:HK$610']"
雲麓·映山別院（大新明仕店）,9.6,"['B 越居山景大床房（全畫幅落地窗·全屋智能·復古法式·Mini冰箱·洗衣烘乾機）:HK$938', 'A 山景大床房（一線山景·全畫幅落地窗·全屋智能·復古法式·洗衣烘乾·Mini冰箱）:HK$1,047', 'A 山景雙床房（180°山景·全畫幅落地窗·復古法式·全屋智能·洗衣烘乾·Mini冰箱·可住2大2小）:HK$1,047', 'B 越秀山景大床房（一線山景·全屋智能·復古法式·洗衣烘乾·Mini冰箱）:HK$1,101', 'A 精選山景泡池大床房（全畫幅山景落地窗·獨立陽台）:HK$1,298']"
大新枕山水民宿,9.2,"['枕山內景特惠房:HK$337', '枕山聽雨榻榻米大床房:HK$500', '枕山聽禪大床房:HK$577', '枕山全景特色房:HK$850']"
大新田間漫步客棧,9.2,"['豪華景觀雙床房:HK$500', '豪華全景大床房:HK$610', '豪華全景雙床房:HK$610', '豪華榻榻米雙床房:HK$621']"
崇左發呆坡雲頂全景度假村,9.6,"['驚.喜度假房:HK$1,693', '雲漫·全景大床房|落地窗山景|冰箱:HK$1,800', '雲棲·山景陽台大床房 |山景陽台|觀山浴缸|冰箱:HK$2,010', '雲棲·山景陽台雙床房 |山景陽台|觀山浴缸|冰箱:HK$2,117', '雲棲·山景陽台家庭房|大雙床|山景陽台|觀山浴缸|冰箱:HK$2,223', '雲見·山景泳池大床房 |觀山全景|私人泳池|冰箱:HK$2,329']"
田澗美宿,9.2,"['逸休雙床房:HK$473', '逸樂雙床房:HK$731', '逸品觀景大床房:HK$796', '逸緻田園大床房:HK$808']"
崇左市大新縣明仕花知語民宿,9.3,"['茉莉雙床房（超大乾濕分離衞浴-獨立浴缸-冰箱）:HK$435', '雪蓮花園大床房-智能馬桶-超大浴缸-冰箱-乾濕分離衞浴:HK$621', '丁香花園大床房-智能馬桶-超大浴缸-冰箱-乾濕分離衞浴:HK$621', '百合花園雙床房-智能馬桶-超大浴缸-冰箱-乾濕分離衞浴:HK$653']"
德天華悦山水畫廊山景庭院旅拍酒店（德天瀑布店）,9.2,"['悦山靜謐大床房:HK$576', '悦山靜謐雙床房:HK$634', '畔山舒睡大床房:HK$692', '畔山舒睡雙床房:HK$750']"
大新悦享邊城酒店,9.3,"['雅宿單人間:HK$358', '雅宿雙人房:HK$368', '悦享閲景大床房（智能馬桶+迷你茶台）:HK$389', '尊享閲景雙床房（迷你茶台+智能馬桶）:HK$397']"
崇左天龍灣曼悦酒店（民族師範學院高鐵站店）,9.2,"['豪華大床房【毛巾獨立包裝+0壓床墊+庭院花園景觀】:HK$283', '豪華雙床房【毛巾獨立包裝+0壓床墊+庭院花園景觀】:HK$283', '智能大床房【毛巾獨立包裝+0壓床墊+庭院花園景觀】:HK$317', '智能雙床房【毛巾獨立包裝+0壓床墊+庭院花園景觀】:HK$317', '行政大床房【休閑娛樂花園+毛巾浴巾獨立包裝+小冰箱】:HK$349']"
大新花廬酒店,9.5,"['野望大床房:HK$626', '野望全景大床房A:HK$681', '野望全景大床房B:HK$718', '牧田高級大床房:HK$811', '觀山全景大床房:HK$939']"
美豪麗致酒店（憑祥汽車站美食街店）,9.6,"['麗致城景大床房:HK$215', '麗致城景雙床房:HK$271', '麗致雙床房:HK$294', '雅緻城景大床房:HK$324', '靜雅城景親子套房:HK$327']"
大新月上俏民宿,9.7,"['晴玖大床房:HK$763', '曼叁大床房:HK$763', '睦柒雙床房（內窗）:HK$811', '睦柒親子房（內窗）:HK$872']"
大新溯禾·明仕畫廊民宿,9.3,"['萬里長城·90°田園景觀大床房:HK$1,142', '清明上河圖·90°竹林景觀大床房:HK$1,142', '北國風光·90°田園景觀大床房:HK$1,271', '百花齊放·90°田園景觀大床房:HK$1,271', '墨菊觀山·90°景觀大床房:HK$1,271']"
城市便捷酒店（崇左中心步行街店）,9.3,"['高級大床房（採光通透+電視投屏+智能馬桶）:HK$221', '商務大床房（採光通透+電視投屏+智能馬桶）:HK$250', '商務雙床房（採光通透+電視投屏+智能馬桶）:HK$260', '影院大床房（100寸高清投影+騰訊會員+智能馬桶）:HK$298']"
大新明仕藝術酒店,8.4,"['閣樓大床房:HK$304', '藝術精品雙床房:HK$304', '特惠標雙:HK$304']"
雅斯特國際酒店（崇左友誼大道高鐵南站店）,9.3,"['高級大床房（高層景觀+藍牙音響）:HK$268', '超級大床房（城景高層+藍牙音響+長沙發）:HK$285', '豪華大床房（城景高層+藍牙音響+舒適沙發）:HK$294', '高級雙床房（城景高層+藍牙音響+電動窗簾）:HK$303']"
廣悅尚·花舍原鄉（德天瀑布店）,8.6,"['花語園景雙床房:HK$315', '花溪河畔親子房二房一廳:HK$656', '花溪河畔複式套房三房一廳:HK$874', '花溪河畔複式套房三房一廳（雙床）:HK$874']"
明仕那裡酒店（崇左大新店）,9.5,"['那廂雙床房:HK$2,054', '觀山雙床房:HK$2,601', '觀山大床房:HK$2,601', '枕田雙床房:HK$2,820', '枕田大床房:HK$2,820', '戀林大床房:HK$2,869']"
柏曼酒店（崇左中心步行街民族師範學院店）,9.5,"['標準大床房（採光通透+深度好眠+解壓床墊）:HK$212', '標準雙床房（採光通透+深度好眠+解壓床墊）:HK$227', '高級大床房（採光通透+大空間深度好眠+解壓床墊）:HK$248', '高級雙床房（落地觀景+大空間釋壓舒眠+解壓床墊）:HK$262']"
大新明仕美景客棧,9.0,"['特惠房山野單人房:HK$305', '特惠山野雙人房:HK$370', '望田單人房:HK$425', '觀山雙人房:HK$463']"
崇左卜花民宿,9.2,"['卜花大床房:HK$588', '卜花浴缸大床房:HK$621', '卜花雙床房:HK$653']"
雅斯特國際酒店（憑祥汽車總站美食街店）,9.5,"['雅緻大床房:HK$240', '影音大床房:HK$262', '高級大床房:HK$262', '高級雙床房:HK$273']"
崇左維納斯度假村酒店（市政府店）,9.5,"['豪華園景大床房（180°園林景觀·安靜舒適）:HK$279', '商務景觀大床房（180°景觀別墅園林）:HK$311', '豪華園景雙床房（180°園林景觀·安靜舒適）:HK$311', '商務景觀雙床房（180°城市景觀·安靜舒適）:HK$333']"
藝龍安雲酒店（崇左高鐵南站店）,9.4,"['名仕-大床房[65寸8K超清懸浮屏電視+夢百合零壓床墊]:HK$171', '花山-雙床房[乾濕分離+高速護髮負離子吹風機]:HK$180', '德天-高級大床房[65寸8K超清懸浮屏電視+夢百合抗真菌床墊]:HK$202', '太平-高級雙床房[65寸8K超清懸浮屏電視+全屋智能]:HK$213']"
廣旅德天老木棉野奢營地民宿（大新德天瀑布店）,9.1,"['野趣大床帳篷:HK$503', '豪華家庭帳篷:HK$1,092', '豪華雙床帳篷:HK$1,092', '豪華大床房車:HK$1,201']"
CoreSpot丨明月湖度假·酒店（崇左大新縣人民政府德天廣場店）,9.2,"['高級大床房丨零壓床墊丨深睡記憶枕:HK$163', '舒適雙床房丨零壓床墊丨深睡記憶枕丨乾濕分離:HK$174', '豪華大床房丨園林景觀丨零壓床墊丨深睡記憶枕:HK$185', '豪華雙床房丨園林山景丨零壓床墊深睡記憶枕丨中央空調:HK$196']"
崇左一千零一個院望·黛院,9.5,"['榻榻米露台大床房-河景陽台+榻榻米茶几:HK$1,322', '景觀露台大床房-直麪黑水河景+浴缸:HK$1,431', '黛水複式家庭套房-觀景陽台+直麪黑水河景:HK$2,415', '全景兩室一廳套房-兩個超大露台+黑水河景+觀景浴缸:HK$2,743', '轟趴四居獨棟別墅-河景陽台+房內小冰箱:HK$5,474']"
崇左花山笙美度假村,9.1,"['奇遇VR特色陽台單居景觀客房（觀影+遊戲）:HK$2,204', '陽台單居景觀客房:HK$2,417', '奇遇VR特色私湯單居景觀客房（觀影+遊戲）:HK$2,521', '私湯單居景觀客房:HK$2,636', '奇遇VR特色童趣私湯複式套房（觀影+遊戲）:HK$3,049', '童趣私湯複式套房:HK$3,215']"
逸喆槿悦酒店（崇左高鐵站店）,9.5,"['逸馨大床房（自助停車+自助洗衣）:HK$199', '逸悦大床房（自助停車場+自助洗衣房）:HK$251', '逸尊大床房（智能客控+城市景觀+舒適沙發）:HK$254', '逸尊豪華大床房（智能客控+城市景觀+舒適沙發）:HK$332']"
崇左國際大酒店（高鐵站市政府店）,9.3,"['標準雙床房（山城觀景高層+遮光安睡）:HK$298', '標準大床房（城景高層+遮光安睡）:HK$298', '輕奢大床房（山城觀景靜謐高層+遮光安睡）:HK$313', '輕奢雙床房（城景靜謐高層+遮光安睡）:HK$313', '臻享商務大床房（氛圍燈效+浴缸+小冰箱+商務辦公桌）:HK$340']"
土司莊園,9.6,"['觀山賞霧雙床房（浴缸+智能客控）:HK$424', '田園風景大床房（浴缸+智能客控+獨享超大單間）:HK$435', '觀山雙床房（智能客控+酒店公區提供自助洗衣機）:HK$741', '觀景家庭套房（泡茶台+桌椅配套+智能客控+兩房一廳）:HK$1,397']"
芳園·大新｜RURAL SCENERY 隱世田園度假美宿（明仕田園店）,9.1,"['山色宜人|旅居雅緻雙床房（附樓）:HK$826', '山居歲月|温馨標準雙床間:HK$826', '流雲追月|90°側面山景雙床房:HK$1,052', '隨雲飄渺|180°側面落地窗山景雙床房:HK$1,052']"
瀾舟閣民宿（德天瀑布店）,9.4,"['甜夢•舒適智能大床房+全景落地窗+全屋智能+乾濕分離:HK$333', '靜謐•山景智能大床房+全景落地窗+全屋智能+乾濕分離:HK$453', '瀾舟•愜意浴缸大床房+全景落地窗+全屋智能+乾濕分離:HK$472', '清霧•山野智能雙床房+全景落地窗+全屋智能+乾濕分離:HK$472']"
貴客·雲居酒店（崇左站沿山路店）,9.3,"['高級大床房【零壓床墊+親膚床品+舒適好眠】:HK$114', '高級雙床房【零壓床墊+親膚床品+乾濕分離】:HK$125', '豪華大床房【零壓床墊+城市美景+休閑辦公桌椅】:HK$135', '豪華雙床房【零壓床墊+寬敞空間+乾濕分離】:HK$146']"
天等逸景觀嵐酒店,9.5,"['輕奢大床房:HK$316', '高級大床房:HK$338', '輕奢雙床房:HK$338', '高級雙人房:HK$360', '豪華觀景大床房:HK$360']"
廣悅尚·老木棉酒店（德天瀑布店）,8.5,"['唯美高級雙床房:HK$763', '唯美高級大床房:HK$763', '行政大床房:HK$872', '行政雙床房:HK$872', '典雅大床房:HK$982']"
崇左麗呈華廷酒店（崇左高鐵南站店）,9.4,"['標準大床房（智能客控+山景景觀+親膚浴袍）:HK$643', '豪華靜謐大床房（智能客控+深度好眠超大床墊+親膚浴袍）:HK$703', '高級大床房（智能客控+深度好眠超大床墊+親膚浴袍）:HK$746', '豪華大床房（智能客控+深度好眠超大床墊+減壓浴缸+親膚浴袍）:HK$791', '高級雙床房（智能客控+落地玻璃+親膚浴袍）:HK$791', '小黃鴨親子主題房:HK$1,390']"
天龍灣曼悅酒店（憑祥友誼關大道政務中心店）,9.5,"['曼悦大床房:HK$156', '曼悦雙床房:HK$173', '景觀商務大床房:HK$191', '景觀商務雙床房:HK$209']"
城市便捷酒店（崇左友誼大道店）,9.4,"['標準大床房【公區提供自助洗衣房】:HK$149', '標準雙床房【舒適睡眠+超大雙人床】:HK$149', '高級大床房【公區提供自助洗衣房】:HK$164', '高級雙床房【舒適睡眠+超大雙人床】:HK$164']"
大新明仕千竹園酒店,8.9,"['休閑大床房:HK$381', '山景大床房:HK$398', '簡約雙床房:HK$416']"
大新淇河山境民宿,9.7,"['悠然居標準大床房（智能馬桶，衞浴乾濕分離）:HK$435', '簡韻雙床房（智能馬桶，衞浴乾濕分離）:HK$436', '山水居舒適大床房（智能馬桶，衞浴乾濕分離）:HK$492', '雲霧全景標準雙床房（智能馬桶，衞浴乾濕分離）:HK$532']"
崇左天湖大酒店（高鐵南站友誼大道店）,9.1,"['豪華雙床房:HK$168', '豪華總統套房:HK$7,648']"
廣西崇左明仕雅居•山水美宿,9.6,"['伴山水·河畔山水大床房:HK$2,819', '歸田園·四季沐陽大床房:HK$2,819', '眺星河·星空全景大床房:HK$2,929', '慢時光·四季田園家庭房:HK$2,929', '慢時光·星空全景家庭房（觀星+品茗）:HK$3,256', '隱山水·私享河畔花園房（私享院落+晨曦微露）:HK$3,912']"
維也納酒店（崇左萬象郡民師院店）,9.5,"['高級大床房（零壓床墊+雙層隔音+獨立辦公桌）:HK$240', '高級雙床房（零壓床墊+雙層隔音+皇室玫瑰洗浴用品）:HK$243', '豪華大床房（零壓床墊+獨立辦公桌+靜謐空間）:HK$256', '豪華雙床房（零壓床墊+雙層隔音+皇室玫瑰洗浴用品）:HK$259']"
雅美途酒店（憑祥汽車總站越南風情街店）,9.3,"['雅緻雙床房:HK$169', '雅緻大床房:HK$179', '高級雙床房:HK$189', '高級大床房:HK$197']"
