酒店名称,评分,房型价格列表
廊坊高鐵站萬達廣場錦江都城酒店,9.5,"['精緻雙床房:HK$226', '精緻大床房:HK$228', '時尚雙床房:HK$235', '時尚大床房:HK$235']"
廊坊遠景智選假日酒店,9.3,"['高級房 大床:HK$188', '高級房 雙床:HK$195', '智享大床房:HK$227', '智享雙床房:HK$227', '高級家庭雙床房:HK$337']"
廊坊中心希爾頓歡朋酒店,9.7,"['舒適大床房:HK$425', '高級大床房:HK$479', '高級雙床房:HK$479', '商務大床房:HK$534', '豪華雙床房:HK$534']"
廊坊新繹七修酒店,9.5,"['七修雙床房:HK$665', '七修大床房:HK$665', '糖果飛屋親子主題大床房（抽拉小木床丨萌娃帳篷）:HK$719', '糖果飛屋親子主題雙床房（呆萌魚嘴）:HK$719', '糖果STAR星際雙床房:HK$719', '糖果STAR星際大床房（太空艙）:HK$719']"
維也納酒店（廊坊高鐵站店）,9.6,"['高級大床房:HK$245', '高級雙床房:HK$245', '豪華大床房:HK$271', '豪華雙床房:HK$271']"
全季酒店（廊坊北華航天工業學院店）,9.8,"['大床房（智能客控，智能馬桶，品茶辦公）:HK$331', '雙床房:HK$331', '高級大床房（投屏電視，智能馬桶，品茶辦公）:HK$351', '高級雙床房（智能電視，智能馬桶，品茶辦公）:HK$361']"
廊坊新朝陽套房假日酒店,9.4,"['高級房大床無煙:HK$404', '高級房雙床無煙:HK$404', '豪華房大床無煙:HK$535', '豪華房雙床無煙:HK$535', '單卧套房無煙:HK$638']"
水雲宿集,9.1,"['普通大床房:HK$614', '豪華大床房:HK$823', '尊享大床房:HK$1,029', '家庭房:HK$1,134']"
全季酒店（廊坊師範學院店）,9.8,"['大床房（電視投屏）:HK$293', '商務大床房（電視投屏）:HK$321', '商務雙床房（電視投屏）:HK$340', '商務套房（電視投屏）:HK$397']"
廊坊富力萬達嘉華酒店,9.2,"['豪華大床房 （浴缸+Acca Kappa洗護品）:HK$447', '豪華雙床房 （浴缸+Acca Kappa洗護品）:HK$447', '酷芽巴啦啦豪華雙床房:HK$485', '酷芽超級飛俠運動豪華雙床房:HK$485', '酷芽超級飛俠星際豪華雙床房:HK$485', '0壓高級豪華大床房 （0壓記憶枕+0壓床墊+浴缸+玄關）:HK$546']"
廊坊新朝陽智選假日酒店,9.4,"['高級房雙床無煙:HK$410', '高級房大床無煙:HK$410']"
桔子酒店（廊坊建設北路店）,9.6,"['豪華大床房:HK$249', '商務雙床房:HK$259', '榻榻米大床房:HK$279', '商務大床房:HK$279']"
廊坊藝術大道孔雀城桔子水晶酒店,9.7,"['商務大床房（65寸投屏電視＆絲漣床墊＆徠芬吹風機）:HK$362', '豪華大床房（65寸投屏電視＆絲漣床墊＆徠芬吹風機&超柔浴袍）:HK$399', '商務雙床房（65寸投屏電視＆絲漣床墊＆徠芬吹風機&超柔浴袍）:HK$431', '行政大床房（65寸投屏電視＆絲漣床墊＆徠芬吹風機&超柔浴袍）:HK$482', '家庭房（65寸投屏電視＆絲漣床墊＆徠芬吹風機&超柔浴袍）:HK$491']"
漢庭酒店（廊坊安次區萬達廣場店）,9.7,"['大床房:HK$229', '雙床房:HK$249', '高級大床房:HK$258', '家庭房:HK$288']"
廊坊高鐵站亞朵酒店,9.6,"['雅緻大床房【投屏電視】:HK$349', '高級大床房【投屏電視】:HK$367', '高級雙床房【投屏電視】:HK$367', '幾木大床房【深睡枕PRO＋迷你冰箱＋投屏電視＋浴袍】:HK$430', '幾木雙床房【深睡枕PRO＋迷你冰箱＋投屏電視＋浴袍】:HK$448']"
維也納國際酒店（廊坊大興國際機場店）,9.5,"['高級大床房:HK$258', '標準雙床房:HK$258', '商務雙床房:HK$286', '商務大床房:HK$297']"
維也納智好酒店（廊坊腫瘤醫院國際會展中心店）,9.5,"['標準大床房（智能馬桶）:HK$186', '標準雙床房（智能馬桶）:HK$186', '豪華雙床房（智能馬桶）:HK$249', '豪華大床房（智能馬桶）:HK$257']"
喆啡酒店（廊坊建設路店）,9.7,"['特惠大床房:HK$249', '醇享雙床房:HK$274', '醇享大床房:HK$274', '啡凡大床房:HK$301']"
廊坊新世界酒店,9.6,"['豪華大床房:HK$411', '豪華雙床房:HK$411', '尊貴大床房:HK$521', '尊貴雙床房:HK$521', '行政豪華大床房:HK$575', '行政豪華雙床房:HK$575']"
廊坊國際飯店,9.2,"['A座尊享大床房:HK$491', 'B座豪華標準間:HK$633', 'B座豪華大床房:HK$633']"
睿柏·雲酒店（廊坊開發區會展中心店）,9.4,"['經濟大床房（無窗）:HK$133', '標準雙床房:HK$163', '惠選大床房:HK$164', '商務大床房:HK$178']"
廊坊夢秋Meeting·度假民宿（萬達廣場店）,8.1,"['戀風記·ins主題投影房:HK$193', '聽風驛·清新巨幕投影房:HK$196', '山嶼白·輕奢巨幕投影房:HK$270', '山野間·臻選主題大床房:HK$315']"
漢庭酒店（廊坊會展中心店）,9.6,"['大床房（智能電視）:HK$198', '高級大床房（智能電視）:HK$217', '雙床房（智能電視）:HK$217', '舒壓-高級大床房（記憶枕+舒壓床墊+智能電視）:HK$246']"
廊坊艾力楓社高爾夫酒店,9.8,"['一居室公寓:HK$508', '小黃鴨親子房:HK$613', '海底小縱隊親子房:HK$613']"
漢庭酒店（廊坊北華航天工業學院店）,9.5,"['大床房:HK$221', '高級大床房:HK$240', '雙床房:HK$240']"
鴻盛酒店（中國醫學科學院腫瘤醫院店）,9.8,"['特價大床房:HK$160', '標準大床房:HK$182', '高級大床房:HK$204', '豪華大床房:HK$219']"
錦江之星（廊坊高鐵站銀河南路店）,9.5,"['商務房C:HK$164', '標準房C:HK$168', '標準間B:HK$172', '商務房B:HK$172']"
莫泰酒店（廊坊高鐵站新朝陽購物中心店）,9.4,"['商務大床房:HK$151', '雙床房:HK$151', '安心睡零壓大床房:HK$177', '安心睡0壓雙床房:HK$177']"
如家酒店·neo（廊坊北華航天工業學院店）,9.3,"['大床房A:HK$117', '大床房:HK$177', '雙床房:HK$177', '家庭房:HK$214']"
漢庭酒店（廊坊火車站西店）,9.5,"['大床房:HK$196', '高級大床房:HK$224', '特價雙床房:HK$224', '雙床房:HK$233']"
廊坊市安次區愛屋及屋民宿,8.6,"['豪華大床房:HK$164', '標準大床房:HK$164', '舒適大床房:HK$164', '高級大床房:HK$164']"
開盛民宿（廊坊站萬達廣場店）,8.7,"['温馨大床房:HK$118', '休閑觀影大床房:HK$118', '豪華大床房:HK$129']"
廊坊閲家酒店,8.6,"['標準雙床房:HK$128', '舒適大床房:HK$129', '投影主題房:HK$138', '豪華大床房:HK$151']"
廊坊愛小家民宿,6.1,"['獅子城魅力影視房:HK$121', '雅緻大床房:HK$145', '獅子城CBD投影影視房:HK$149', '特色吧枱-影視大床房:HK$153']"
廊坊誠信便民公寓,5.5,"['普通大床房（公共衞浴）:HK$75', '豪華大床房（公共衞浴）:HK$82', '精品大床房（公共衞浴）:HK$86', '標準大床房:HK$96']"
霸州淑景酒店,9.4,"['精品大床房（中央空調+舒達床墊+智能客控）:HK$284', '豪華雙床房（中央空調+舒達床墊+智能客控）:HK$306', '高級大床房（中央空調+舒達床墊+智能客控）:HK$306', '豪華大床房（中央空調+舒達床墊+智能客控+浴缸）:HK$328', '全景大床房（中央空調+舒達床墊+智能客控+全景浴缸）:HK$496']"
尼雅皇家酒店（香河一城大明幻境景區店）,9.4,"['皇家永樂套房（一室一廳）:HK$365', '皇家幻境套房（二室三廳）:HK$872']"
固安新機場希爾頓歡朋酒店,9.7,"['舒適雙床房:HK$420', '舒適大床房:HK$429', '高級雙床房:HK$459', '高級大床房:HK$469', '豪華雙床房:HK$508']"
霸州勝芳高鐵站希岸Deluxe酒店,9.7,"['Deluxe高級大床房（智能客控+零壓床墊+即熱飲水機）:HK$281', 'Deluxe豪華大床房（智能客控+零壓床墊+即熱飲水機）:HK$309', 'Deluxe豪華雙床房 （智能客控+零壓床墊+即熱飲水機）:HK$309', 'Deluxe商務大床房（智能客控+零壓床墊+即熱飲水機）:HK$337', 'Deluxe純凈大床房（空氣凈化器+除蟎儀+零壓床墊）:HK$375']"
喆啡酒店（霸州興華路豐澤步行街店）,9.7,"['醇享雙床房:HK$212', '啡凡體驗房:HK$225', '醇享大床房:HK$229', '啡凡雙床房:HK$245']"
蔚徠酒店（廊坊大廠店）,9.4,"['精選大床房（無窗）:HK$277', '臻選大床房:HK$286', '特惠家庭房:HK$331', '精選豪華大床房:HK$349']"
龍達千禧酒店,9.6,"['舒適睡眠雙床房（智能客控+冰箱+裸棉床品）:HK$338', '舒適睡眠大床房（智能客控+裸棉床品+小冰箱）:HK$338', '榻榻米雙床房（智能客控+冰箱+榻榻米）:HK$349', '茶香雅舍大床房（智能語音+冰箱+高清手機投屏）:HK$349', '零壓優眠大床房（智能語音+冰箱+夢百合零壓床品）:HK$371']"
燕郊智選假日酒店,9.6,"['高級大床房:HK$301', '高級雙床房:HK$301', '豪華雙床房:HK$325', '豪華大床房:HK$325', '無障礙大床房:HK$355']"
固安瑞閣温泉酒店,9.2,"['高級雙床房:HK$501', '高級大床房:HK$501', '樂齡大床房:HK$545', '樂齡雙床房:HK$545', '豪華私湯雙床房:HK$654', '豪華私湯大床房:HK$654']"
喆啡酒店（三河燕郊高鐵站永旺夢樂城店）,9.5,"['醇享生活大床房（親膚床品+投屏電視）:HK$259', '醇享生活雙床房（親膚床品+投屏電視）:HK$272', '啡凡體驗房（親膚床品+投屏電視）:HK$282', '啡凡大床房（親膚床品+投屏電視）:HK$304']"
三寶樓酒店（大城紅木城店）,9.6,"['檀雅·豪華大床房:HK$297', '檀韻·商務大床房:HK$334', '檀韻·商務雙床房:HK$334', '檀悦·尊享紅木大床房:HK$371', '檀悦·尊貴紅木大床房:HK$380']"
瀾四季酒店,9.4,"['瀾·大床（TOTO智能馬桶+長虹投屏電視+冰箱）:HK$294', '瀾·雙床房（TOTO智能馬桶·電視投屏）:HK$309', '瀾·零壓大床（0壓床墊+TOTO智能馬桶+冰箱）:HK$315', '瀾·安睡大床房（AI智能懸浮床墊+音波助眠枕+冰箱）:HK$369', '瀾·親子房（TOTO智能馬桶vs智能投屏，冷藏冰箱）:HK$371']"
泰仕登國際酒店（香河五一路店）,9.4,"['商務大床房:HK$410', '商務雙床房:HK$410', '商務套房:HK$495', '高級行政套房:HK$570', '家庭套房:HK$621']"
喆啡鋭品酒店（三河燕郊燕靈路店）,9.2,"['品韻大床房（雅蘭護脊床墊+熱帶雨林花灑）:HK$254', '鋭意大床房（雅蘭護脊床墊+熱帶雨林花灑）:HK$266', '品致大床房（雅蘭護脊床墊+熱帶雨林花灑）:HK$287', '品致雙床房（雅蘭護脊床墊+熱帶雨林花灑）:HK$297']"
全季酒店（固安北京大興機場客運大樓店）,9.7,"['大床房:HK$330', '高級大床房:HK$359', '高級雙床房:HK$378', '舒壓高級大床房:HK$398']"
