酒店名称,评分,房型价格列表
張家口湯印温泉假日酒店,9.2,"['高級標準間:HK$617', '高級大床房:HK$664', '豪華標準間:HK$731', '豪華大床房:HK$731', '豪華家庭房:HK$845']"
亞朵酒店（張家口市政府清水河南路店）,9.8,"['高級大床房（投屏電視+語音客控+小冰箱）:HK$337', '行政大床房（投屏電視+語音客控+智能馬桶+小冰箱）:HK$366', '高級雙床房（投屏電視+語音客控+智能馬桶+小冰箱）:HK$391', '幾木大床房（投屏電視+語音客控+小冰箱+深睡枕PRO）:HK$426', '行政景觀雙床房（投屏電視+語音客控+智能馬桶+小冰箱）:HK$566']"
張家口藍鯨瑞海酒店,9.4,"['高級大床房:HK$452', '高級雙床房:HK$452', '零壓高級大床房:HK$481', '零壓高級雙床房:HK$481', '豪華大床房:HK$800', '豪華套房:HK$1,262']"
喆啡酒店（張家口維多利亞廣場五一東大街店）,9.3,"['醇享大床房:HK$283', '醇享雙床房:HK$298', '啡凡大床房:HK$306', '啡凡商旅行政房:HK$313']"
張家口高鐵站市民中心亞朵酒店,9.8,"['高級大床房（智能投屏+獨立辦公桌+裸棉床品）:HK$313', '行政大床房（深睡枕PRO+裸棉床品+智能投屏+獨立辦公桌）:HK$366', '高級雙床房（智能投屏+獨立辦公桌+裸棉床品）:HK$391', '幾木大床房（深睡枕PRO+小冰箱+智能投屏+獨立辦公桌）:HK$426', '幾木雙床房（深睡枕PRO+小冰箱+智能投屏+獨立辦公桌）:HK$462']"
太舞小鎮帕思頓酒店,9.7,"['優享一卧套房【陽台+洗/烘衣機+浴缸+客廳】:HK$1,051', '家庭一卧套房【陽台+洗/烘衣機+浴缸+客廳】:HK$1,240', '優享兩卧套房【陽台+洗/烘衣機+雙衞】:HK$1,525', '邁克狐劇本遊戲親子主題房A:HK$1,525', '邁克狐劇本遊戲親子主題房B:HK$1,525']"
張家口國際大酒店（B座）,9.7,"['B座標準間（現代簡約風）:HK$256', 'B座大床間（現代簡約風）:HK$256', 'B座豪華大床房（安枕而卧）:HK$301', 'B座親子房LOFT（複式空間）:HK$320']"
張家口北辰五洲皇冠酒店,9.7,"['豪華大床房:HK$384', '豪華標準間:HK$384', '行政大床房:HK$568', '行政標準間:HK$568', '埃及萌神親子房:HK$654', '喜羊羊與灰太狼親子房:HK$654']"
喆啡酒店（張家口站市政府店）,9.7,"['醇享雙床房:HK$312', '醇享大床房:HK$342', '麻將大床套房:HK$394', '豪華大床房:HK$418']"
園景智選假日酒店（張家口林園路第七中學店）,9.5,"['高級房大床:HK$306', '高級房雙床:HK$306', '高級房:HK$306', '高級房 大床 更大面積:HK$333']"
太舞小鎮A＆B HOTEL,9.3,"['舒適大床房:HK$606', '一居雙床房:HK$686', '兩居雙床房:HK$1,029', '兩居家庭房:HK$1,029', '冰雪奇緣兩居室:HK$1,167']"
蔓蘭家的四季,9.5,"['尊享大床房:HK$378', '尊享雙床房:HK$378', '桃源複式房:HK$407', '輕奢豪華套房:HK$473']"
張家口富龍風鈴樂谷煥活酒店,8.6,"['幽享星空•一抹暖陽•大床房:HK$559', '活力街景•流光溢彩•大床房:HK$654', '活力街景•流光溢彩•雙床房:HK$749', '湖畔謐境•拾光陽台•大床房:HK$749', '枕山逸居•拾光陽台•大床房:HK$749']"
麗楓酒店（張家口市政府店）,9.7,"['雅緻大床房:HK$297', '豪華雙床房:HK$349', '純凈自然大床房:HK$410', '豪華套房:HK$485']"
麗楓酒店（張家口明德北大境門店）,9.4,"['雅緻大床房:HK$318', '雅緻雙床房:HK$325', '純凈自然雙床房:HK$392', '浪漫尊享房:HK$740']"
錦頤優選酒店（張家口高鐵站店）,9.8,"['雅緻大床房（慕思床墊+智能客控+高端洗護）:HK$303', '高級雙床房（慕思床墊+智能客控+商務辦公桌）:HK$324', '影音大床房（慕思床墊+智能客控+巨幕投影）:HK$345', '行政雙床房（慕思床墊+智能客控+全景落地窗）:HK$345']"
張家口夢特芳丹假日酒店,9.3,"['高級雙床房:HK$447', '高級大床房:HK$525', '豪華雙床房:HK$525', '豪華大床房:HK$565', '高級家庭房:HK$715']"
張家口宣化賓館,9.1,"['B座經濟標準間:HK$167', 'B座經濟單人間:HK$167', 'C座精品單間:HK$189', 'C座商務標間:HK$231', 'D豪華單間:HK$326']"
怡庭酒店（下花園店）,9.8,"['怡享觀景雙床房【小冰箱➕深睡枕➕富氫水➕可投屏電視】:HK$369', '怡享觀景大床房【可投屏65寸電視➕小冰箱➕富氫水】:HK$379', '怡享家庭親子房【小冰箱➕可投屏65寸電視➕富氫水】:HK$445', '怡養觀景套房【小冰箱+富氫水+深睡枕➕可投屏電視】:HK$569']"
太舞小鎮太舞酒店,9.2,"['太舞大床房:HK$641', '太舞雙床房:HK$641', '安睡大床房（床墊軟硬調節+足部加熱+ 音波枕）:HK$784', '安睡家庭房（床墊軟硬調節+足部加熱+ 音波枕）:HK$855', '豪華套房:HK$1,069', '夢幻MyRoom主題套房:HK$1,211']"
全季酒店（張家口崇禮裕興路店）,9.8,"['高級大床房（全屋語音客控+智能馬桶+單體空調）:HK$422', '大床房（全屋語音客控+智能馬桶+單體空調）:HK$422', '雙床房（全屋語音客控+智能馬桶+單體空調）:HK$463', '舒壓高級大床房（全屋語音客控+智能馬桶+單體空調）:HK$489']"
崇禮逸衡酒店,9.5,"['高級房 超大床:HK$586', '高級房 2張雙人床:HK$586', '高級房:HK$586', '高級房 超大床 户外起居區域:HK$697', '高級房 2張雙人床 户外起居區域:HK$697']"
崇禮洲際酒店,9.5,"['豪華房 超大床:HK$896', '豪華房 2張雙人床:HK$896', '豪華房 2張雙人床 庭院:HK$1,173', '單卧套房:HK$2,003', '大使套房:HK$3,111', '皇室套房:HK$17,693']"
張家口如域·飛鳥假日酒店,9.4,"['舒適大床房:HK$239', '輕享大床房:HK$255', '輕享雙床房:HK$255', '零壓雙床房:HK$287']"
張家口雪如意維景酒店,9.3,"['園景高級雙床房:HK$524', '特惠雙床房:HK$524', '園景豪華大床房:HK$645', '豪華家庭房:HK$645', '豪華套房:HK$807']"
張家口新華大廈（尚峯廣場店）,9.0,"['特惠大床房:HK$217', '特惠雙床房:HK$217', '商務大床房:HK$283', '商務雙床房:HK$283']"
葉與晨電競電影酒店（新華街尚峯廣場店）,9.7,"['巨幕影音大床房:HK$269', 'PS5電視大床房:HK$282', '優選電競電影大床房（顯卡:RTX4060Ti+CPUi5-12600KF）:HK$356', '優選電競電影雙床房（顯卡:RTX4060Ti+CPUi5-12600KF）:HK$356']"
張家口山旮裏旯私人野奢温泉酒店,9.3,"['高級大床房:HK$239', '高級雙床房:HK$255', '豪華大床房:HK$255', '精選家庭房:HK$345', '高級家庭房:HK$369']"
雷神電競酒店（張家口宣化南大街店）,9.0,"['競燃大床房:HK$246', '競燃雙床房:HK$246', '競技三人間:HK$425', '競界五人間:HK$657']"
張家口下花園藍鯨麗呈酒店,9.4,"['觀影大床房:HK$208', '觀影雙床房:HK$208', '豪華大床房:HK$227', '豪華標間:HK$227', '優享雙床房:HK$227']"
張家口崇禮太舞凱悦嘉軒酒店,9.0,"['標準雙床（帶聯通門）:HK$670', '標準大床（帶聯通門）:HK$735', '大床房:HK$779', '雙床房:HK$779', '城市街景大床房:HK$801']"
張家口雪如意睿景酒店,9.1,"['高級雙床房:HK$484', '高級大床房:HK$484', '園景家庭房:HK$605', '如意套房:HK$726']"
你好酒店（張家口宣化一中鼓樓前街店）,9.5,"['大床房:HK$209', '高級大床房:HK$244', '雙床房:HK$262', '高級雙床房:HK$279']"
張家口崇禮富龍四季小鎮度假酒店,9.3,"['高級房大床:HK$964', '高級房雙床:HK$964', '高級房:HK$964', '高級大床房高樓層:HK$1,057', '高級雙床房高樓層:HK$1,057', '豪華大床房:HK$1,227']"
喆啡酒店（張家口下花園高鐵站店）,9.5,"['醇享大床房:HK$184', '啡凡大床房:HK$205', '啡凡體驗房:HK$219', '啡凡景觀雙床房:HK$246']"
崇禮翠雲山皇冠假日度假酒店,9.5,"['高級房 大床:HK$806', '豪華房 大床 山景:HK$862', '豪華房 雙床 山景:HK$862', '豪華房 山景:HK$862', '豪華房 雙床 湖景:HK$972', '豪華房 大床 湖景:HK$972']"
太舞小鎮雪麓居温泉酒店,9.3,"['一居大床房:HK$727', '安睡一居室（床墊軟硬調節+足部加熱+音波枕）:HK$812', '兩居大床房:HK$1,090', '兩居家庭房:HK$1,163', '超大兩居室:HK$1,235']"
藍鯨悦海酒店（張家口崇禮店）,8.5,"['高級大床房:HK$415', '高級標準間:HK$479', '豪華大床房:HK$479', '豪華標準間:HK$507', '零壓豪華大床房:HK$538']"
張家口容辰國際假日酒店,8.8,"['零壓高級標準間:HK$464', '零壓高級大床房:HK$473']"
崇禮太舞小鎮源宿酒店,9.4,"['標準大床客房:HK$717', '源宿大床客房:HK$810', '源宿雙床客房:HK$810', '源宿山景大床客房:HK$904', '源宿山景雙床客房:HK$904']"
雲頂奧雪公寓,9.5,"['觀景大床房（露台+歺廚具+空調+紗門）:HK$380', '觀景套房（智能馬桶蓋+歺廚具+空調+紗門）:HK$475', '觀景LOFT套房（智能馬桶蓋+歺廚具+浴缸+紗門）:HK$522', '獨院LOFT套房（可燒烤+智能馬桶蓋+浴缸+紗門）:HK$579']"
張家口和平驛站,9.0,"['特價標準房:HK$274', '高級雙床房:HK$350', '高級大床房:HK$369', '豪華套房:HK$464']"
張家口藝海國際商務酒店,9.3,"['舒適雙床房:HK$151', '舒適大床房:HK$151', '豪華標準房:HK$170', '豪華大床房:HK$170', '商務套房:HK$198']"
張家口密苑太子酒店,9.0,"['公寓雙床房:HK$365', '公寓大床房:HK$387', '公寓一室一廳套房:HK$456', '公寓親子套房:HK$456']"
勝光酒店（市政府高鐵站店）,9.5,"['標準雙床房:HK$158', '標準大床房:HK$165', '豪華大床房:HK$185', '豪華雙床房:HK$185']"
崇禮萬怡酒店,9.4,"['山景大床房:HK$853', '山景雙床房:HK$853', '雪景大床房:HK$981', '山景家庭雙床房:HK$1,024', '雪景家庭雙床房:HK$1,109', '卡通主題大床:HK$1,109']"
張家口英龍秀水灣酒店,9.0,"['豪華大床房:HK$308', '豪華雙床房:HK$308', '豪華家庭房:HK$388', '豪華家庭三床房:HK$388']"
張家口雲頂大酒店,9.2,"['豪華園景大床房:HK$564', '豪華園景雙床房:HK$564', '豪華山景雙床房:HK$564', '豪華山景大床房:HK$564', '高級家庭大床房:HK$642', '高級家庭雙床房:HK$642']"
張家口冬奧村度假公寓,8.8,"['公寓大床房:HK$479', '公寓標間:HK$479', '公寓一室一廳（大床）:HK$546', '公寓LOFT一室一廳:HK$546']"
太舞小鎮鷹巢酒店,9.2,"['悦舞雙床房:HK$380', '悦舞大床房:HK$380', '雪國三劍客:HK$475', '煥舞家庭房:HK$475']"
