酒店名称,评分,房型价格列表
如家精選PLUS酒店（張家界中商廣場大庸古城店）,9.6,"['商務大床房「影音投屏｜落地窗丨深睡枕」:HK$297', '雙床房「影音投屏｜落地窗丨深睡枕」:HK$304', '高級大床房「智能客控丨0壓床墊丨影音投屏｜落地窗」:HK$320', '高級雙床房「智能客控丨0壓床墊丨影音投屏｜落地窗」:HK$328', '安心睡零壓大床房（智能客控+石墨烯夢百合床墊+空氣凈化器和香氛+茶吧+山景）:HK$344']"
天門山仟酒店,9.5,"['智能舒適大床房:HK$355', '智能豪華大床房:HK$392', '智能豪華雙床房:HK$433', '行政景觀套房:HK$610', '親子套房:HK$653']"
天憶酒店（張家界天門山索道店）,9.5,"['投影舒適大床房:HK$321', '投影舒適雙床房:HK$363', '投影星球浴缸大床房:HK$370', '投影水晶浴缸大床房:HK$379']"
張家界芊山月度假酒店（張家界森林公園景區武陵源標誌門店）,9.5,"['TOP款·靜音深睡大床房+智能聲控+自動窗簾:HK$422', '安心健康房·靜音深睡雙床房+智能聲控+明亮窗景:HK$437', '撿漏王·榻榻米窗景大床房+智能聲控+防摔設計:HK$459', '自然治癒·山景陽光大床房+3米落地窗 +智能聲控:HK$481']"
曼緣度假酒店（張家界國家森林公園標誌門店）,9.5,"['Simple·曼心雙床房丨獨立書桌椅:HK$489', 'Simple·曼心大床房丨獨立書桌椅:HK$509', 'Relax·曼雲雙床房 丨 獨立書桌椅:HK$522', 'Sunny·曼居河景大床房 丨陽台遠眺+深泡浴缸+床前椅:HK$634', 'Sunny·曼居河景雙床房 丨 私享陽台+遠眺河景:HK$652']"
宜嘉風尚酒店（張家界天門山索道店）,9.5,"['步崖築大床房:HK$328', '青裁築大吊牀房:HK$340', '墨池（浴缸）雅大床房:HK$361', '浮生雅雙床房:HK$361']"
奇樓酒店（七十二奇樓高鐵站店）,9.3,"['商旅雙床套房（俯瞰航校飛機模型）:HK$366', '情侶大床套房（複式公寓）:HK$366', '景觀雙床套房（隔窗遙望天門山）:HK$366', '温馨親子家庭套房（一間客房，雙重空間）:HK$510']"
張家界天門山温德姆花園酒店,9.6,"['智能語音｜高級城景大床房+小冰箱+智能馬桶+自動窗簾:HK$751', '智能語音｜高級城景雙床房+小冰箱+智能馬桶+自動窗簾:HK$777', '智能語音｜庭院景觀大床房+冰箱+智能馬桶+自動窗簾:HK$812', '智能語音｜天門山景雙床房+小冰箱+智能馬桶+自動窗簾:HK$839', '貳伍捌｜麻將大床房+冰箱+凈煙系統+智能馬桶+自動窗簾:HK$859', '智能語音｜天門山景大床房+小冰箱+智能馬桶+自動窗簾:HK$865']"
張家界莫問·隱居野奢度假酒店（國家森林公園店）,10.0,"['望舒 | 澗語山水療愈景觀大床房:HK$960', '呤風 | 溪源祕境景觀浴缸套房:HK$1,079', '鹿鳴 | 澗語霧隱山水療愈雙人套房:HK$1,179', '追月 | 森林祕境霧隱景觀浴缸套房:HK$1,255', '雲起 | 深林幽居私密浴缸套房:HK$1,406']"
一岑新宿（張家界天門山索道店）,9.7,"['一岑·歡樂榻榻米房+高定床墊+新風系統+影視VIP:HK$341', '一岑·釋壓雙床房+高定床墊+金鑽水幕頂噴+影視VIP:HK$376', '一岑·日式榻榻米房+投屏電視+零壓床墊+日式茶台+氛圍落日燈:HK$376', '一岑·中古風大床房+燈光城景+氛圍落日燈+影視VIP:HK$383']"
夢境酒店（天門山索道張家界火車站店）,9.3,"['[夢境]天門與江景智享大床房:HK$342', '[夢境]六人零壓乳膠超級大床房:HK$348', '[夢境]天門與江景智能雙床房:HK$354', '[夢境]望山趣眠智能三人居:HK$426']"
張家界華天大酒店,9.2,"['智能影院大床房 （VIP視頻一鍵投屏）:HK$510', '高級景觀雙床房:HK$552', '標準雙床房:HK$574', '高級景觀大床房:HK$583', '豪華景觀雙間:HK$583', '行政景觀大床房:HK$676']"
歡漫酒店（張家界中商廣場大庸古城店）,9.7,"['高級大床房:HK$468', '豪華大床房:HK$499', '豪華雙床房:HK$530', '影院大床房:HK$530']"
張家界天子山眷界·良舍（國家森林公園店）,9.8,"['一日三秋｜眷慕·景觀陽台大床套房+網紅浴缸+酷狗音樂:HK$1,298', 'Friend｜良舍·景觀雙床觀影套房+酷狗Music隨心聽:HK$1,408', '副樓｜兩居室家庭套房+百寸巨幕1080P高清投影:HK$1,626', 'Forever｜眷惠·高級景觀大床套房+景觀浴缸+酷狗音樂:HK$1,735', '北落師門｜眷顧·景觀親子影音套房+酷狗Music隨心聽:HK$1,845', '錦綉前程｜眷聚·粉紅獅子親子主題影音套房+酷狗Music:HK$1,954']"
桔子酒店（張家界天門山索道站）,9.6,"['高級大床房:HK$554', '豪華大床房:HK$574', '高級雙床房:HK$633', '豪華雙床房:HK$652', '家庭房:HK$710']"
張家界龍翔國際酒店（天門山索道店）,9.2,"['商務雙床房:HK$332', '豪華雙床房:HK$373', '天門山景大床房:HK$423', '天門山景雙床房:HK$423']"
張家界天門山索道亞朵酒店,9.6,"['高級大床房:HK$591', '高級雙床房:HK$591', '幾木大床房:HK$631', '幾木雙床房:HK$631', '幾木親子房:HK$691']"
張家界武陵春天客棧（七十二奇樓景區店）,9.6,"['後棟·簡單雙床房:HK$197', '吊腳樓·豪華雙床房（超大全景落地窗+觀景陽台+星級乳膠床墊）:HK$304', '吊腳樓·蜜月大床房（超大全景落地窗+觀景陽台+星級乳膠床墊）:HK$317', '吊腳樓·暗香超大投影大床房（零壓星級床墊+觀景陽台）:HK$317']"
梵泊灣度假酒店（張家界天門山店）,9.6,"['景觀大床房（落地景觀+智能馬桶）:HK$395', '陽光雙床房（新風系統+全景落地窗）:HK$426', '舒適浴缸大床房（科勒衞浴+夜夜好眠舒達床墊）:HK$441', '觀天門山江景雙床房（全景落地窗+智能馬桶）:HK$464']"
張家界天門山景區希岸Deluxe酒店,9.7,"['Deluxe高級大床房（智能客控+零壓睡眠）:HK$514', 'Deluxe豪華大床房（智能客控+零壓睡眠+隔音玻璃）:HK$532', 'Deluxe豪華雙床房（智能客控+零壓睡眠+隔音玻璃）:HK$532', 'Deluxe純凈大床房（Loft複式+智能客控+零壓睡眠）:HK$584', 'Deluxe休閑雙床房（Loft複式+智能客控+零壓睡眠）:HK$584']"
張家界天門山世紀鉑郡酒店,9.5,"['鉑郡·高級大床房-Minibar:HK$366', '鉑郡·雅緻雙床房-Minibar:HK$375', '鉑郡・雅緻大床房-Minibar:HK$386', '鉑郡·景觀雙床房-Minibar:HK$415', '鉑郡·景觀大床房-Minibar:HK$416']"
蘭亭·雅居酒店（張家界國家森林公園標誌門店）,9.6,"['雅居·高級雙床房:HK$596', '雅居·高級大床房:HK$631', '雅居·河畔山景雙床房:HK$686', '雅居·星空日式雙床房:HK$698', '雅居·陽光舒睡浴缸大床房-地暖:HK$698']"
柏曼國際酒店（張家界國家森林公園標誌門店）,9.2,"['影院雙床房:HK$435', '影院大床房:HK$446', '豪華雙床房:HK$459', '豪華大床房:HK$480', '城景雙床房:HK$522']"
張家界禹界Hotel（武陵源國家森林公園店）,9.5,"['界裏|望舒雙床房雅+雅瀾床墊+鵝絨被+智能客空+冰箱:HK$574', '界裏|臨溪豪華大床+雅瀾床墊+貴妃躺椅+智能馬桶+冰箱:HK$593', '界外|觀山雙床房+雅瀾床墊+智能客控+智能馬桶+冰箱:HK$660', '界外|甜蜜蜜豪華大床+雙人泡浴缸+智能客控+迷你冰箱:HK$822', '界裏|闔家歡樂親子房+榻榻米+智能客控+智能馬桶+冰箱:HK$822']"
未來·家美學民宿（天門山索道站店）,9.4,"['精選觀景大床房（獨享觀景+百寸巨幕）:HK$317', 'LOFT複式大床房（臻享床墊+手機投屏）:HK$327', '精選觀景雙床房（獨享觀景+百寸巨幕）:HK$353', '優享觀景大床房（獨享觀景+百寸巨幕）:HK$368']"
立享民宿（張家界天門山索道站店）,9.3,"['星辰投影大床房:HK$291', '慕雲複式影院家庭房:HK$700', '超大四人高級雙床房:HK$818', '星鑽躍層三床房:HK$818']"
美驛輕奢名宿（張家界步行街大庸古城店）,9.6,"['棲鳳閣（大床）一覽庸城迷人全景+投屏電視:HK$315', '瀟湘小築（大床）榻榻米茶台+高空庸城城景+高速吹風機:HK$320', '戀影小屋（大床）享安靜入睡+高速吹風機+投影+（影視會員）:HK$334', '風語閣:（大床）遠觀天門山+高空觀景+高速吹風機:HK$356']"
張家界指南針精品客棧（天門山索道店）,9.4,['墨香·中式雙床房:HK$224']
張家界錦璞居酒店（武陵源標誌門國家森林公園店）,9.7,"['璞美丨療愈安眠大床房＋智能馬桶＋迷你冰箱+自動窗簾:HK$388', '璞美丨療愈安眠雙床房+智能馬桶＋迷你冰箱+自動窗簾:HK$411', '意亂情迷丨雙人浴缸特大床房+冰箱+智能馬桶+化粧桌:HK$472', '滾來滾去丨270°全景露台大床觀影套房+冰箱+雙人浴缸:HK$495']"
拾樂民宿（張家界天門山索道店）,9.7,"['心夢迷你榻榻米房:HK$187', '特惠雙床房（低樓層）:HK$218', '特惠大床房（低層）:HK$218', '寒露温馨大床房:HK$275']"
如家酒店（張家界天門山景區索道站店）,9.4,"['商務大床房A:HK$269', '雙床房A:HK$277', '商務大床房:HK$295', '雙床房:HK$295']"
張家界郡瀾酒店（天門山索道站店）,9.4,"['城市煙火標準雙床房:HK$238', '望舒商務標準雙床房:HK$269', '珀玉尊邸高級雙床房:HK$284', '聽雨豪華觀景大床房:HK$304']"
張家界如可酒店（天門山索道店）,9.8,"['舒適大床房:HK$813', '幽雅智能大床房:HK$927', '幽雅花園大床房:HK$999', '雅緻大床房·「深泡浴缸」:HK$999', '温馨花園雙床房:HK$1,030', '幽雅智能雙床房:HK$1,122']"
張家界棲石裏洞穴民宿（國家森林公園標誌門店）,9.6,"['峽谷泳池大床房【全屋智能·全屋地暖|戴森吹風】:HK$2,009', '玻璃峽谷雙床房【全屋智能|恆温沐浴|慕斯床墊】:HK$2,165', '山景晨曦大床房【全屋地暖|全屋智能|落地觀景窗】:HK$2,477', '水下溶洞雙床房【寬享沙發|全屋智能|沉浸體驗】:HK$2,634', '谷韻觀景親子房【開放兩居|超大視野|全屋地暖】:HK$2,946', '水下觀景套房【觀景天窗|落地觀景窗|定製浴缸】:HK$3,725']"
溪上雲間精品民宿（張家界國家森林公園店）,9.8,"['小時光·温馨大床房:HK$545', '童夢·景觀親子房:HK$848']"
張家界意宿美學客棧,9.5,"['涼夏·榻榻米雙床房:HK$318', '靜·冥想大床房:HK$325', '雅·花沿大床房:HK$352', '清秋·榻榻米雙床房:HK$359']"
全季酒店（張家界國家森林公園武陵源標誌門店）,9.5,"['高級大床間（65寸投屏電視+小冰箱）:HK$576', '高級雙床房（65寸投屏電視+小冰箱）:HK$604', '豪華大床房（65寸投屏電視+小冰箱）:HK$623', '豪華雙床房（65寸投屏電視+小冰箱）:HK$623']"
武陵山水客棧（張家界森林公園標誌門店）,9.4,"['輕奢·榻榻米單人間:HK$210', '溪語·舒適雙人間:HK$210', '山水·精緻雙人間:HK$250']"
張家界天門山錦江都城酒店,9.4,"['安舒雙床房（冰箱+自動窗簾+智能馬桶+自動新風系統）:HK$523', '都會大床房（冰箱+自動窗簾+智能馬桶+自動新風系統）:HK$574', '都會雙床房（冰箱+自動窗簾+智能馬桶+自動新風系統）:HK$601', '風雅大床房（冰箱+自動窗簾+智能馬桶+自動新風系統）:HK$627', '風雅雙床房（冰箱+自動窗簾+智能馬桶+自動新風系統）:HK$654']"
張家界山嵐雲澗酒店（天門山索道店）,9.4,['特惠逸夢悠韻大床房[零壓睡眠+氛圍燈帶+投屏電視+小書桌]:HK$315']
神州界國際酒店（武陵源景區標誌門東門店）,9.1,"['特惠雙床房:HK$341', '特惠大床房:HK$350', '舒心雙床房:HK$368', '舒心大床房:HK$376', '雅緻雙床房:HK$409']"
近遠山美宿酒店（張家界天門山國家森林公園店）,9.4,"['舒適雙床房:HK$318', '舒適大床房:HK$330', '豪華雙床房:HK$342', '土家風情大床房:HK$357']"
張家界桂花路106號客棧（武陵源標誌門店）,9.5,"['雲深雙床房:HK$233', '雲霧大床房:HK$240', '雲舞陽台大床房:HK$270', '雲清三人房:HK$285']"
維也納國際酒店（張家界天門山店）,9.2,"['高級雙床房:HK$310', '豪華雙床房:HK$335', '高級大床房:HK$343', '景觀雙床房:HK$359', '豪華大床房:HK$367']"
張家界清歡民宿（天門山索道店）,9.7,"['晨曦.投影大床房（洗衣機+冰箱）:HK$312', '攬月·巨幕投影大床房（洗衣機）:HK$360', '逍遙.百寸投影榻榻米大床房（洗衣機+冰箱）:HK$396', '夜柏.親子三人房（洗衣機+冰箱）:HK$432']"
壹年肆季主題客棧（張家界國家森林公園店）,9.6,"['小滿·榻榻米單人間+乾濕分離+小而全面:HK$330', '寒露·特惠雙床房:HK$378', '芒種·靜雅雙床房:HK$475', '立夏·舒適陽台大床房:HK$524']"
Q加·張家界紫艷凝香客棧,9.6,"['雅緻標準間:HK$274', '豪華雙人房:HK$296', '山景大床房:HK$318', '山景標準間:HK$362']"
張家界嘉萊特精選酒店（天門山國家森林公園店）,9.2,"['奇峯大床房｜自動窗簾+舒適床品+影視VIP:HK$349', '奇峯雙床房｜自動窗簾+舒適床品+影視VIP:HK$378', '雲海大床房｜景觀落地窗+靜逸舒適+影視VIP:HK$401', '雲海雙床房｜景觀落地窗+靜逸舒適+影視VIP:HK$401', '木槿三人間｜辦公桌+乾濕分離+影視VIP:HK$509']"
宋風明雨精品度假民宿（張家界國家森林公園武陵源店）,9.6,"['明雨·素雅園景房+紫檀傢俱+智能馬桶+迷你冰箱+浴缸:HK$823', '西廬·露台山景房:HK$1,264', '隱莊·獨户庭院房:HK$1,608', '福舍·獨户庭院房:HK$1,608', '無隱·禪明山景房:HK$1,643']"
張家界國臣酒店（子午路店）,9.5,"['輕奢舒眠大床房『小度全屋智能•亞朵款床墊•智能馬桶』:HK$315', '輕奢舒眠雙床房『小度全屋智能•記憶頭枕•一次性面巾』:HK$315', '臻選禮居大床房『小度全屋智能•零壓床墊•城景』:HK$337', '臻選禮居雙床房『小度全屋智能•深眠床墊•園景』:HK$337']"
