酒店名称,评分,房型价格列表
徐州馨樂庭雲龍湖酒店,9.5,"['精緻大床房-配冰箱+微波爐:HK$436', '精緻雙床房-配冰箱+微波爐:HK$436', '氧吧安睡大床房【森林般呼吸+嬰兒般睡眠】:HK$456', '氧吧安睡雙床房【森林般呼吸+嬰兒般睡眠】:HK$456', '温馨豪華套房-高端廚具家電+洗烘一體機+開放式廚房:HK$632']"
錦江都城酒店（徐州高鐵站金龍湖地鐵站店）,9.5,"['精緻商務房——訂製冰箱+深睡床墊+高清投屏:HK$294', '風雅商務房——定製冰箱+深睡床品+高清投屏:HK$337', '精緻雙床房——大空間+訂製冰箱+智能馬桶+空氣凈化器:HK$414', '都會雙床房--大窗觀景+訂製冰箱+智能馬桶+空氣凈化器:HK$414', '都會商務房——大空間+智能馬桶+訂製冰箱+空氣凈化器:HK$414']"
徐州伯爵世家酒店（雲龍湖景區店）,9.7,"['精選大床房（超大落地窗+智能馬桶）:HK$394', '精選雙床房（超大落地窗+智能馬桶）:HK$394', '高級大床房（超大落地窗+智能馬桶+記憶枕）:HK$417', '高級雙床房（超大落地窗+智能馬桶+記憶枕）:HK$417', 'RTX4070大床房（4070顯卡+迷你冰箱+智能馬桶）:HK$429']"
徐州園博園涵田·宕口天池酒店,9.5,"['天池大床房:HK$601', '天池雙床房:HK$601', '高級觀景大床房:HK$601', '高級觀景雙床房:HK$601', '高級觀園大床房:HK$654', '高級觀園雙床房:HK$654']"
徐州海逸國際大酒店,9.0,"['副樓-舒適雙床房:HK$221', '豪華標準間:HK$401', '豪華大床房:HK$412', '行政標準房:HK$445', '行政大床房:HK$456']"
徐州雅高瑞享酒店,9.5,"['瑞享豪華大床房（智能客控+俯瞰城市景觀+智能馬桶）:HK$467', '瑞享豪華雙床房（智能客控+俯瞰城市景觀+智能馬桶）:HK$467', '瑞享行政大床房（智能客控+甜夢之床）:HK$686', '瑞享行政雙床房（智能客控+甜夢之床）:HK$686', '瑞享豪華親子雙床房（智能客控+智能馬桶+金可兒床墊）:HK$719', '瑞享行政套房（智能客控+戴森吹風機+膠囊coffee機）:HK$1,210']"
徐州雲龍希爾頓惠庭酒店,10.0,"['靈動雙床房（膠囊coffee機+小冰箱+掛燙機+無線充）:HK$407', '靈動大床房（膠囊coffee機+小冰箱+掛燙機+無線充）:HK$416', '靈動高級雙床房（膠囊coffee機+小冰箱+掛燙機+無線充）:HK$434', '靈動高級大床房（膠囊coffee機+小冰箱+掛燙機+沙發床）:HK$444', '靈動豪華雙床房（膠囊coffee機+小冰箱+掛燙機+無線充）:HK$462']"
徐州建國東路蘇寧廣場亞朵酒店,9.6,"['高級大床房:HK$510', '高級雙床房:HK$556', '行政大床房（負離子助眠+裸棉床品+MiNi吧）:HK$565', '行政雙床房（負離子助眠+裸棉床品+MiNi吧）:HK$610', '行政城景大床房:HK$619']"
徐州彭城飯店,9.5,"['城景大床房:HK$619', '高級雙床間:HK$664', '園景大床房（庭院景觀）:HK$680', '園景雙床間（庭院景觀）:HK$695', '商務大床房:HK$802']"
徐州蘇寧廣場淮海路亞朵S酒店,9.7,"['雅緻大床房:HK$590', '高級大床房:HK$626', '雅緻雙床房:HK$644', '高級雙床房:HK$675', '幾木大床房:HK$707']"
徐州漢園賓館,9.3,"['標準大床房:HK$452', '豪華大床房:HK$475', '標準雙床房:HK$475', '豪華雙床房:HK$508', '豪華深睡大床房:HK$562']"
徐州綠地鉑瑞酒店,9.6,"['豪華露台園景雙床房:HK$827', '豪華露台園景大床房:HK$828', '豪華露台湖景雙床房:HK$936', '豪華露台湖景大床房:HK$936', '行政露台園景大床房:HK$1,156', '行政露台園景雙床房:HK$1,156']"
怡程酒店（徐州蘇寧廣場店）,9.7,"['智能標準大床房（高清投屏+mini冰箱+全智能客控）:HK$646', '智能高級大床房（65寸高清投屏+mini冰箱+全智能客控）:HK$678', '智能高級雙床房（65寸高清投屏+全智能客控+mini冰箱）:HK$710', '城景豪華大床房（65寸高清投屏+浪漫城景+mini冰箱）:HK$741', '影院豪華大床房（巨幕影音+私人浴缸+mini冰箱）:HK$773']"
徐州喜來登酒店,9.6,"['豪華大床房:HK$872', '豪華雙床房:HK$926', '尊貴大床房:HK$981', '尊貴雙床房:HK$1,035', '行政大床房:HK$1,199', '行政雙床房:HK$1,254']"
徐州環球港高鐵站亞朵酒店,9.6,"['高級大床房:HK$484', '高級雙床房:HK$528', '行政大床房:HK$537', '行政雙床房:HK$592', '幾木大床房:HK$592']"
徐州雲龍湖礦業大學亞朵酒店,9.6,"['高級大床房:HK$519', '高級雙床房:HK$574', '行政大床房:HK$610', '行政雙床房:HK$628', '幾木大床房:HK$637']"
徐州淮海鬱錦香酒店,9.7,"['妙趣雅緻大床房:HK$403', '妙趣愉夢雙床房:HK$403', '趣享陽光雙床房:HK$452', '趣享湖景大床房:HK$452', '温馨家庭房:HK$754']"
徐州東區綠地鉑驪酒店（高鐵東站店）,9.5,"['商務雙床房:HK$500', '商務大床房:HK$501', '豪華大床房:HK$554', '豪華雙床房:HK$554', '行政雙床房:HK$746', '行政大床房:HK$746']"
和頤至格酒店（徐州蘇寧廣場户部山店）,9.5,"['大床房A（零壓床墊+投屏電視）:HK$377', '大床房（零壓床墊+投屏電視）:HK$403', '零壓大床房（零壓床墊+投屏電視）:HK$429', '零壓雙床房（零壓床墊+投屏電視）:HK$447']"
徐州彭城廣場民主南路輕居酒店,9.8,"['舒適大床房（55寸高清投屏+裸棉床品+智能馬桶）:HK$502', '標準大床房（55寸高清投屏+裸棉床品+智能馬桶）:HK$528', '精選大床房（55寸高清投屏+裸棉床品+智能馬桶）:HK$565', '高級大床房（55寸高清投屏+深睡床品）:HK$610', '精選雙床房（55寸高清投屏+裸棉床品+智能馬桶）:HK$717']"
徐州雲龍山希爾頓歡朋酒店,9.3,"['舒適大床房:HK$544', '高級大床房:HK$577', '舒適雙床房:HK$577', '豪華大床房:HK$609', '高級雙床房:HK$609']"
徐州蘇寧廣場中山南路輕居酒店,9.7,"['舒適大床房（深睡床品+65寸高清投屏+全智能客控）:HK$502', '標準大床房（深睡床品+65寸高清投屏+全智能客控）:HK$519', '精選大床房（深睡床品+65寸高清投屏+全智能客控）:HK$537', '高級大床房（深睡床品+65寸高清投屏+全智能客控）:HK$556', '高級雙床房（深睡床品+65寸高清投屏+全智能客控）:HK$601']"
徐州雲龍萬達廣場亞朵酒店,9.7,"['高級大床房:HK$502', '高級雙床房:HK$519', '行政大床房:HK$556', '行政雙床房:HK$574', '行政城景大床房:HK$646']"
維也納酒店（徐州淮海戰役紀念塔店）,9.5,"['高級大床房:HK$334', '豪華大床房:HK$360', '高級雙床房:HK$394', '豪華雙床房:HK$420']"
白玉蘭酒店（徐州雲龍湖風景區店）,9.6,"['零壓舒雅大床房:HK$406', '零壓靜雅大床房:HK$439', '零壓靜雅雙床房:HK$489', '零壓靜雅家庭房:HK$580']"
徐州彭城廣場黃河北路亞朵酒店,9.8,"['高級大床房:HK$574', '高級雙床房:HK$619', '行政大床房:HK$619', '高級庭院大床房:HK$646', '行政雙床房:HK$664']"
徐州開元迎賓館大酒店,9.6,"['開元大床房:HK$708', '開元雙床房:HK$708', '開元家庭套房:HK$1,199']"
全季酒店（徐州淮海新天地店）,9.8,"['大床房:HK$423', '高級大床房:HK$430', '高級雙床房:HK$448', '套房:HK$522']"
徐州新淮中心希爾頓歡朋酒店,9.7,"['舒適-大床房:HK$614', '舒適-雙床房:HK$614', '高級-大床房:HK$643', '高級-雙床房:HK$643', '荷里活房-超大床:HK$643']"
徐州開元名都大酒店,9.6,"['高級雙床房:HK$692', '高級大床房:HK$692', '豪華雙床房:HK$751', '豪華大床房:HK$751', '行政大床房:HK$791', '豪華湖景大床房:HK$881']"
徐州雲龍湖珠山景區亞朵酒店,9.7,"['高級大床房:HK$502', '高級雙床房:HK$537', '行政大床房:HK$637', '行政雙床房:HK$708', '幾木親子套房:HK$906']"
錦江都城（徐州火車站蘇寧廣場楚都店）,9.3,"['時尚商務房+投屏電視:HK$305', '精緻雙床房:HK$318', '精緻商務房+投屏電視:HK$318', '精緻清氧商務房+空氣凈化器:HK$348', '風雅商務房+迷你小冰箱:HK$393']"
城市精選酒店（徐州彭城廣場富國街店）,9.4,"['標準大床房（英倫風情+乾濕分離）:HK$474', '標準雙床房（英倫風情+乾濕分離）:HK$497', '高級大床房（明亮寬敞+舒適空間）:HK$504', '高級雙床房（明亮寬敞+舒適空間）:HK$511']"
全季酒店（徐州雲龍湖開元路店）,9.7,"['高級大床房:HK$423', '商務大床房:HK$452', '高級雙床房:HK$492', '商務雙床房:HK$542']"
白玉蘭酒店（徐州蘇寧廣場店）,9.4,"['靜逸大床房:HK$560', '輕雅大床房:HK$582', '靜雅套房:HK$603', '舒雅大床房:HK$613']"
藝龍壹棠酒店（徐州雲龍萬達廣場民富園夜市店）,9.5,"['壹心大床房:HK$282', '壹心雙床房:HK$294', '壹棠影音房:HK$318', '壹棠家庭套房:HK$542']"
徐州雲龍湖麗芮酒店,9.6,"['芮享高級大床房（戴森吹風機+舒達床品）:HK$506', '芮享豪華大床房（戴森吹風機+舒達床品）:HK$539', '芮享高級雙床房（戴森吹風機+舒達床品）:HK$571', '芮享豪華雙床房（戴森吹風機+舒達床品）:HK$605', '芮享商務雙床房（戴森吹風機+舒達床品）:HK$637']"
徐州伊敦康得思酒店,9.6,"['高級大床房:HK$598', '高級雙床房:HK$598', '豪華湖景大床房:HK$691', '豪華湖景雙床房:HK$691', '行政城景大床房:HK$738', '行政城景雙床房:HK$738']"
徐州蘇寧凱悦酒店,9.4,"['城景大床房:HK$1,248', '城景雙床房:HK$1,248', '豪華城景大床房:HK$1,527', '豪華城景雙床房:HK$1,527', '行政城景雙床房:HK$1,746', '行政城景大床房:HK$1,746']"
徐州淮海路希爾頓歡朋酒店,9.5,"['舒適雙床房:HK$519', '高級大床房:HK$538', '高級雙床房:HK$538', '豪華大床房:HK$557', '歡朋套房:HK$769']"
全季酒店（徐州雲龍萬達廣場店）,9.7,"['大床房:HK$436', '高級大床房:HK$455', '商務大床房:HK$482', '雙床房:HK$487']"
徐州雲龍萬達廣場朗博酒店,9.4,"['商務大床房:HK$464', '商務雙床房:HK$464', '靜謐零壓大床房（記憶床品+窗外好景+空氣凈化器+加濕器）:HK$498', '靜謐園景雙床房（智能馬桶+窗外好景+小冰箱+空氣凈化器+加濕器）:HK$541', '零壓景觀大床房（窗外好景+零壓床墊+智能馬桶+小冰箱+電視投屏+空氣凈化器+加濕器）:HK$571']"
徐州雲龍湖景區開元名庭酒店,9.6,"['名成高級大床房-小泰山山景（迷你冰箱-智能馬桶）:HK$469', '名成高級雙床房-小泰山山景（迷你冰箱-智能馬桶）:HK$501', '名成豪華大床房 --小泰山山景（迷你冰箱-智能馬桶）:HK$534', '名成豪華雙床房-小泰山山景（迷你冰箱-智能馬桶）:HK$567', '名成行政大床房-（智能馬桶+迷你冰箱）:HK$643']"
希岸酒店（徐州雲龍萬達店）,9.5,"['希岸高級大床房:HK$406', '希岸豪華大床房（全屋智控+零壓床墊）:HK$431', '希岸豪華雙床房（全屋智控+零壓床墊）:HK$456', '希岸商務大床房（全屋智控+零壓床墊）:HK$456']"
如家商旅酒店（徐州市中心古黃河公園店）,9.7,"['大床房【智能馬桶+電視投屏+夢百合安睡床墊】:HK$340', '商務大床房【智能馬桶+電視投屏+夢百合安睡床墊】:HK$368', '安心睡0壓大床房【智能馬桶+電視投屏+0壓安睡床墊+0壓枕頭+空氣凈化器】:HK$395', '雙床房【智能馬桶+電視投屏+夢百合安睡床墊】:HK$413']"
如家酒店·neo（徐州礦業大學淮塔地鐵站店）,9.7,"['大床房【舒適安逸+夢百合0壓床墊+電視投屏】:HK$266', '商務大床房【舒適安逸+夢百合0壓床墊+電視投屏】:HK$284', '高級大床房【智能客控+夢百合0壓床墊+電視投屏】:HK$303', '高級雙床房【舒適安逸+夢百合0壓床墊+電視投屏】:HK$321']"
桔子酒店（徐州雲龍萬達廣場店）,9.7,"['高級大床房+智能客控+65寸高清投屏+温馨安靜:HK$444', '月若流金大床房+智能客控+65寸高清投屏+金可兒床墊:HK$453', '加州陽光雙床房+落地大窗+65寸高清投屏+金可兒床墊:HK$453', '月若流金雙床房+智能客控+65寸高清投屏+金可兒床墊:HK$463']"
宜尚酒店（徐州蘇寧廣場店）,9.2,"['標準大床房:HK$387', '標準雙床房:HK$387', '高級大床房:HK$402', '高級雙床房:HK$402']"
徐州萬豪酒店,9.4,"['豪華大床房:HK$1,248', '豪華雙床房:HK$1,248', '豪華湖景大床房:HK$1,477', '豪華湖景雙床房:HK$1,477', '行政豪華雙床房:HK$1,528', '行政豪華大床房:HK$1,528']"
金驛酒店（徐州蘇寧廣場青年路店）,9.7,"['標準大床房:HK$151', '高級大床房:HK$205', '豪華大床房:HK$216', '標準雙床房:HK$216']"
