酒店名称,评分,房型价格列表
德州城市中心廣場漫心酒店,9.7,"['心怡大床房（地暖、可投屏65寸電視）:HK$331', '心怡標準雙床房（地暖、可投屏65寸電視）:HK$331', '心悦高級大床房（地暖、可投屏65寸電視）:HK$351', '心悦高級雙床房（地暖、可投屏65寸電視）:HK$351', '心享豪華大床房（地暖、可投屏65寸電視）:HK$370']"
如家商旅酒店（德州新湖中心廣場金融大廈店）,9.7,"['商務大床房（零壓床墊+65寸投屏電視）:HK$224', '雙床房（夢百合零壓床墊＋全屋智能+落地窗）:HK$233', '高級大床房（夢百合零壓床墊＋全屋智能＋南向落地窗）:HK$251', '高級雙床房（夢百合零壓床墊＋全屋智能+落地窗）:HK$260']"
沃德Smart酒店（德州汽車總站店）,9.6,"['高級大床房（可投屏+智能客控）:HK$165', '高級雙床房（零壓床墊+可投屏55寸電視+智能客控）:HK$174', '靜享大床房（零壓床墊+可投屏55寸電視+智能客控）:HK$184', '靜享雙床房（零壓床墊+可投屏55寸電視+智能客控）:HK$193']"
全季酒店（德州市政府店）,9.7,"['高級大床房:HK$328', '高級雙床房:HK$337', '商務大床房:HK$355', '商務雙床房:HK$364']"
德州美麗華大酒店,8.9,"['南華樓大床房:HK$296', '南華樓雙床房:HK$296', '皇冠樓雙床房:HK$329', '皇冠樓大床房:HK$329', '皇冠樓影音房（120寸巨幕）:HK$337']"
德州鳳冠假日酒店,9.5,"['鳳冠尊享雙床房:HK$401', '鳳冠尊享大床房:HK$435', '豪華標準間:HK$445', '豪華大床間:HK$467', '親子大床房:HK$608', '親子雙床房:HK$608']"
德州柳湖書院酒店,9.4,"['舒享特惠大床房（無窗）:HK$196', '商務雙床房:HK$216', '高級雙人房:HK$236', '觀景大床房:HK$277', '豪華大床房:HK$289']"
德州凱元温泉度假村,9.3,"['豪華標準間:HK$294', '商務套房:HK$495', '豪華套間:HK$1,942']"
桔子酒店（德州開發區店）,9.7,"['都市雅痞高級大床房:HK$341', '月若流金高級大床房:HK$362', '加州陽光高級大床房:HK$372', '月若流金豪華大床房:HK$381']"
維也納國際酒店（德州德城店）,9.4,"['商務雙床房-自助洗衣:HK$232', '商務大床房-自助洗衣:HK$237', '高級大床房-自助洗衣:HK$291', '高級雙床房-自助洗衣:HK$296']"
全季酒店（德州湖濱中大道店）,9.5,"['高級大床房:HK$331', '高級雙床房:HK$351', '商務大床房:HK$360', '舒壓大床房:HK$370']"
全季酒店（德州陵城區信業商廈店）,9.8,"['高級大床房:HK$321', '高級雙床房:HK$331', '商務大床房:HK$351', '商務雙床房:HK$360']"
德州富豪康博酒店,9.5,"['高級大床房:HK$435', '高級雙床標間:HK$435', '豪華大床房:HK$544', '豪華雙床標間:HK$544', '富豪行政大床房:HK$654', '富豪行政雙床房:HK$654']"
全季酒店（德州開發區店）,9.6,"['商務大床房:HK$300', '雙床房:HK$300', '高級大床房:HK$328', '高級雙床房:HK$328']"
德州太陽谷微排國際酒店,8.9,"['高級大床房:HK$277', '舒適大床房:HK$277', '高級雙床房:HK$347', '商務大床房:HK$370', '商務雙床房:HK$370']"
德州貴都大酒店,8.8,"['B座普通標間:HK$197', '商務大床房:HK$264', '商務標準間:HK$264', '經典標準間（智能窗簾+智能馬桶）:HK$392', '經典大床房:HK$392']"
德州鳳都酒店,9.2,"['商務雙床房:HK$255', '温馨房:HK$266', '商務大床房:HK$315', '景觀雙床房:HK$326', '景觀大床房:HK$336']"
如家商旅酒店（德州陵城陵州路店）,9.5,"['大床房A:HK$175', '雙床房:HK$184', '大床房:HK$184', '商務大床房:HK$192']"
維也納3好酒店（德州陵城店）,9.7,"['高級大床房:HK$167', '豪華大床房:HK$182', '豪華雙床房:HK$182', '商務大床房:HK$212']"
麗楓酒店（德州開發區店）,9.3,"['豪華大床房:HK$237', '商務雙床房:HK$261', '商務大床房:HK$269', '浪漫尊享房:HK$341']"
沃德Smart酒店（欣王嘉苑小區店）,9.1,"['高級大床房:HK$131', '高級雙床房:HK$131', '靜享大床房:HK$151', '靜享雙床房:HK$151']"
水粿電影湯泉酒店（德州天衢工業園德州學院店）,9.6,"['精選大床房（巨幕投影觀影vip會員）:HK$141', '精選雙床房（巨幕投影觀影vip會員）:HK$141', '舒享大床房（巨幕投影觀影vip會員）:HK$174', '智選大床房（巨幕投影觀影vip會員）:HK$185']"
如家酒店neo（德州學院步行街學府店）,9.6,"['大床房（投屏電視）:HK$156', '雙床房（投屏電視）:HK$164', '商務大床房（投屏電視）:HK$164', '高級大床房（智能馬桶+投屏電視+小冰箱+徠芬吹風機）:HK$184']"
維也納酒店（德州天衢新區店）,9.7,"['高級大床房:HK$193', '雙床房:HK$193', '商務大床房:HK$224', '商務雙床房:HK$229']"
如家酒店·neo（德州東風中路百貨大樓店）,9.6,"['大床房:HK$133', '商務大床房A:HK$150', '雙床房A:HK$168', '商務大床房:HK$168']"
如家酒店neo（德州市政府體育公園店）,9.6,"['雙床房（夢百合床品+全屋智能）:HK$155', '大床房（夢百合床品+全屋智能）:HK$164', '高級雙床房（夢百合床品+全屋智能）:HK$164', '商務大床房（夢百合床品+全屋智能）:HK$181']"
豌豆·雲端投影智慧民宿（德百奧萊廣場店）,10.0,"['豪華大床房（超清投影+全屋智能）:HK$162', '豪華日式榻榻米（全屋智能）:HK$173', '豪華投影特大床房（全屋智能）:HK$238']"
格林豪泰智選酒店（德州汽車火車站黑馬古玩德百廣場店）,9.3,"['大床房:HK$195', '雙床房:HK$213', '商務大床房:HK$213', '家庭房:HK$223']"
漢庭酒店（德州陵城區唐城路店）,9.7,"['高級大床房:HK$186', '商務大床房:HK$204', '雙床房:HK$214', '套房:HK$288']"
銀座佳驛酒店（德州中心廣場店）,9.0,"['特惠大床房:HK$104', '標準大床房:HK$104', '商務雙床房:HK$120', '商務大床房:HK$120']"
如家酒店（德州黑馬批發市場火車站古玩城店）,9.6,"['大床房A:HK$130', '雙床房A:HK$130', '商務大床房:HK$146', '雙床房:HK$146']"
德州憶江南商務酒店,8.9,"['商務標準間（酒店公區提供自助洗衣房）:HK$119', '商務大床房（酒店公區提供自助洗衣房）:HK$119', '豪華標準間（酒店公區提供自助洗衣房）:HK$151', '豪華大床房（酒店公區提供自助洗衣房）:HK$152']"
如家酒店neo（德州天衢工業園德州學院店）,9.5,"['大床房A（智能客控）:HK$154', '大床房（智能客控）:HK$171', '商務大床房（智能客控）:HK$179', '雙床房（智能客控）:HK$179']"
喬治莫蘭迪酒店（德州齊河店）,9.6,"['商務大床房【電視投屏+親膚深睡眠床品】:HK$292', '商務雙床房【電視投屏+親膚深睡眠床品】:HK$292', '雅緻大床房【電視投屏+親膚深睡眠床品】:HK$322', '雅緻雙床房【電視投屏+親膚深睡眠床品】:HK$322', '豪華大床房【豪華水療浴缸+親膚深睡床品】:HK$375']"
青瀾寧津花園酒店,9.5,"['舒適雙床房:HK$327', '舒適大床房:HK$338', '高級大床房:HK$349', '高級雙床房:HK$349', '豪華大床房:HK$437']"
喬治莫蘭迪酒店（德州夏津店）,9.6,"['商務大床房（零壓枕+羽絨枕+羽絨被+零壓床墊）:HK$283', '商務雙床房（零壓枕+羽絨枕+羽絨被+零壓床墊）:HK$283', '雅緻大床房（開放式洗漱台+羽絨枕+零壓枕）:HK$305', '豪華大床房（零壓床墊+零壓枕+羽絨枕+向陽房型）:HK$348', '尊享大床房（智能客控+智能馬桶+浴缸）:HK$372']"
麗柏酒店（禹城高新區德百廣場店）,9.7,"['舒適大床房（深睡零壓床品+智能客控+徠芬高速吹風機）:HK$246', '精緻大床房（深睡零壓床品+智能客控+徠芬高速吹風機）:HK$265', '精緻雙床房（深睡零壓床品+智能客控+徠芬高速吹風機）:HK$276', '豪華大床房（深睡零壓床品+智能客控+徠芬高速吹風機）:HK$281']"
全季酒店（德州禹城德百廣場店）,9.6,"['高級大床房:HK$298', '高級雙床房:HK$318', '商務大床房:HK$327', '商務雙床房:HK$347']"
樂陵藍海鈞華大飯店,9.3,"['高級大床房:HK$330', '豪華雙床房:HK$330', '行政雙床房:HK$348', '豪華大床房:HK$376', '荷里活大床房:HK$376']"
易溪雲酒店（齊河萬達店）,9.4,"['特惠大床房:HK$212', '特惠雙床房:HK$212', '靜溪大床房:HK$233', '竹溪大床:HK$256']"
全季酒店（德州臨邑邢侗公園店）,9.7,"['高級大床房:HK$312', '高級雙床房:HK$321', '商務大床房:HK$340', '商務雙床房:HK$350']"
安德湖涵田酒店,9.5,"['庭院雙床房:HK$436', '庭院大床房:HK$502', '露台雙床房:HK$503', '庭院雙床寵物房:HK$711', '豪華庭院大床房:HK$831', '濱湖三居別墅:HK$2,432']"
喬治莫蘭迪酒店·F（慶雲海島金山寺人民醫院店）,9.1,"['商務大床房（乳膠床墊+鵝絨枕芯）:HK$250', '商務雙床房（乳膠床墊+鵝絨枕芯）:HK$261', '雅緻大床房:HK$272', '豪華大床房:HK$294', '豪華雙床房:HK$327']"
齊河阿爾卡迪亞温泉高爾夫國際酒店,9.0,"['園景雙床房:HK$360', '園景大床房:HK$360', '零壓大床房:HK$381', '零壓雙床房:HK$381', '客房通舒適大床房:HK$468', '親子房:HK$556']"
你好酒店（德州樂陵德百廣場店）,9.7,"['高級大床房A:HK$209', '高級大床房:HK$219', '豪華大床房:HK$237', '豪華雙床房:HK$248']"
維也納酒店（德州平原德百金街店）,9.7,"['高級大床房-智能客控:HK$229', '高級雙床房-智能客控:HK$229', '豪華大床房-智能客控:HK$237', '豪華雙床房-智能客控:HK$237']"
全季酒店（德州樂陵星光大道影視城店）,9.8,"['高級大床房:HK$292', '高級雙床房:HK$311', '家庭房:HK$351', '豪華套房:HK$584']"
歐樂堡騎士度假酒店,8.8,"['公主夢幻大床房:HK$863', '王子夢幻大床房:HK$863', '公主夢幻雙床房:HK$973', '王子夢幻雙床房:HK$973', '木馬計親子屋:HK$1,038', '新森林主題樹屋:HK$1,563']"
寧津萬宏商務會館,9.7,"['商務大床房（地暖）:HK$182', '商務雙床房（地暖）:HK$192', '零壓大床房（地暖）:HK$198', '零壓雙床房（地暖）:HK$203']"
夏津德百温泉度假村,8.8,"['小童主題房:HK$408', '商務標準間:HK$446', '兩室一廳公寓3人客房:HK$484', '商務大床間:HK$501']"
