酒店名称,评分,房型价格列表
牧瑤温泉民宿（忻州古城店）,9.6,"['臻品大床房/全屋智能/温泉淋浴:HK$382', '臻品雙床房/全屋智能/温泉淋浴:HK$382', '高端商務大床房 /全屋智能/温泉淋浴:HK$420', '雲端露台大床房 /全屋智能/温泉淋浴:HK$420']"
桃花島江湖温泉民宿酒店（忻州古城店）,9.9,"['忘憂|安逸大床房•進口洗護•零壓枕床•花園景觀•深睡眠:HK$471', '醉夢|晉韻大床房•高貢緞抗菌床品•進口洗護•陽光温馨>:HK$580', '凌雲|輕逸雙床房•零壓床枕•除菌高貢緞床品•靜謐陽光>:HK$689', '問劍|花園複式•浴缸温泉•家庭親子•歡朋品茗•智能零壓:HK$973', '逍遙|家庭温泉•下嵌方池•多人度假•高清觀影•智能零壓:HK$1,301']"
花築·陌野月色温泉民宿（忻州古城店）,9.7,"['標準雙床房『全智能+慕思床墊+戴森吹風+法式香氛』:HK$464', '私湯特惠大床房『全智能+慕思床墊+戴森吹風』:HK$603', '私湯大床房『全智能+慕思床墊+戴森吹風』:HK$726', '私湯雙床房『全智能+慕思床墊+戴森吹風機』:HK$849']"
忻州新紫檀商務酒店（忻府區店）,9.4,"['甄選·舒適大床房【全屋智能客控+零壓深睡床品+55寸智能電視+人體工學辦公桌椅】:HK$289', '高級大床房【全屋智能+親膚床品+自由投屏+靜謐舒適】:HK$304', '高級雙床房【全屋智能+親膚床品+獨立WIFI+靜謐舒適】:HK$305', '臻選·舒適雙床房【全屋智能客控+零壓深睡床品+55寸智能電視+人體工學辦公桌椅】:HK$305']"
全季酒店（忻州雁門大廈店）,9.5,"['高級大床房:HK$374', '舒壓高級大床房:HK$421', '高級雙床房:HK$421', '商務雙床房:HK$468']"
拾宿·設計師·花園式古宅院落民宿（忻州古城店）,9.7,"['八端·智能高級雙床房:HK$546', '五華·觀影精品大床房:HK$654', '九玄·觀影智能大床房:HK$654', '二道·景觀智能大床房:HK$764']"
忻州宏瑞美華酒店（開來欣悦購物廣場店）,9.3,"['高級大床房 | 夢百合零壓床 | 大窗觀景:HK$260', '高級雙床房 | 夢百合零壓床 | 大窗觀景 |:HK$268', '豪華大床房 | 夢百合零壓床 | 大窗觀景:HK$287', '豪華雙床房 | 夢百合零壓床 | 大窗觀景:HK$295']"
忻州維也納國際酒店,9.1,"['高級大床房:HK$292', '高級雙床房:HK$314', '豪華大床房:HK$325', '豪華雙床房:HK$336', '行政套房:HK$434']"
喆非鋭品酒店（忻州泛華城市廣場店）,9.3,"['品致大床房:HK$242', '品致雙床房:HK$242', '鋭意大床房:HK$291', '鋭意雙床房:HK$291', '鋭趣家庭房:HK$405']"
忻州實習大酒店,9.5,"['商務大床房:HK$307', '豪華標準間:HK$338', '豪華大床房:HK$338']"
十三月溫泉民宿（忻州古城店）,10.0,"['庭院大床房 | 私湯温泉泡池:HK$826', '獨院▪大床房 | 私湯温泉泡池:HK$920', '庭院雙床房 | 私湯温泉泡池:HK$1,014', '獨院▪家庭房 | 私湯温泉泡池:HK$1,202', '尊享獨院▪家庭房||私湯温泉泡池:HK$1,202']"
忻州雲棲開元榮景酒店,9.5,"['榮景單人房:HK$383', '園景雙床房:HK$437', '河景雙床房:HK$503', '河景大床房:HK$568', '豪華大床房:HK$776']"
柏林未來智能奢品酒店（忻州古城店）,9.3,"['初見·智能大床房|0壓舒睡床墊+一級親膚布草:HK$182', '治癒·影音大床房|巨幕投屏+0壓舒睡床墊＋影視會員:HK$189', '安夢·高級大床房|全屋智能+一級親膚布草+0壓舒睡床墊:HK$193', '愛慕·奢品大床房|全屋智能+一級親膚布草+0壓舒睡床墊:HK$204']"
福田花雨温泉度假酒店（忻州古城店）,9.7,"['温泉私湯觀影雙床房:HK$611', '特惠温泉私湯大床房:HK$699', '温泉私湯觀影大床房:HK$874', '獨院·室內温泉私湯大床房:HK$983', '獨院·陽光滿屋温泉大床房:HK$983']"
觀山築陌野影宿酒店（忻州古城店）,9.2,"['特惠大床房:HK$151', '投影大床房:HK$167', '投影雙床房:HK$167', '温馨精緻大床房:HK$174']"
如家商旅酒店（忻州古城店）,9.5,"['商務大床房:HK$316', '安心睡大床房:HK$351', '雙床房:HK$367', '安心睡雙床房:HK$402']"
九渡温泉民宿（忻州古城店）,9.6,"['舒適中式大床房:HK$391', '精品中式大床房:HK$490', '精品中式暖炕房:HK$490', '精品中式雙床房:HK$490']"
忻州科瀾酒店（忻府區店）,9.5,"['瀾知雙床房:HK$325', '瀾定雙床房:HK$358', '瀾清大床房:HK$402', '瀾清雙床房:HK$402', '瀾靜大床房:HK$434']"
蘭亭序温泉民宿（忻州古城店）,9.7,['四合院私湯豪華家庭套房 | 全屋智能:HK$993']
陌上輕居酒店（忻州開來購物廣場店）,9.6,"['風韻大床房:HK$180', '雅緻雙床房:HK$227', '雅緻大床房:HK$229', '品學大床房:HK$230', '品學雙床房:HK$230']"
舒然小屋（忻州古城店）,9.3,"['春祺:HK$283', '秋綏:HK$283', '夏安:HK$283', '冬禧:HK$283']"
木白·精舍温泉度假酒店（忻州古城店）,9.8,"['庭院景觀丨陽光大床房「私湯温泉·Dyson吹風機·歐舒丹洗護·Sealy床墊·深睡枕·抗菌除蟎親膚布草·全屋智控」:HK$1,068', '一步一景丨愜意大床房「私湯温泉·Dyson吹風機·歐舒丹洗護·Sealy床墊·深睡枕·抗菌除蟎親膚布草·全屋智控」:HK$1,155', '院落竹韻丨輕奢大床房「私湯温泉·Dyson吹風機·歐舒丹洗護·Sealy床墊·深睡枕·抗菌除蟎親膚布草·全屋智控」:HK$1,264', '月不盡丨陽光大床房「露天温泉·Dyson吹風機·歐舒丹洗護·Sealy床墊·深睡枕·抗菌除蟎親膚布草·全屋智控」:HK$1,385', '花未眠丨家庭親子雙床房「私湯温泉·Dyson吹風機·歐舒丹洗護·Sealy床墊·深睡枕·抗菌除蟎親膚布草·全屋智控」:HK$1,407']"
四十九｜禪意風·天然溫泉·民宿（忻州古城店）,9.6,"['修繕·晨露｜圓缸雙床房『獨立小院.温泉私湯』:HK$1,392', '唯心·悠然｜景觀大床房『温泉私湯·落地窗茶台』:HK$1,606', '如露·無念·本初｜親子家庭房『温泉私湯泡池』:HK$1,774']"
雲沐温泉度假酒店,9.2,"['雲悦·優致雙床房:HK$797', '雲享·雅緻私湯雙床房:HK$1,223', '攬月問月邀月.奢華大床房:HK$1,431', '攬月問月邀月·奢華雙床房:HK$1,431', '雲見·沐風私湯雙床房:HK$1,573', '雲見·沐風私湯大床房:HK$1,573']"
忻州鳳棲小院民宿（忻州古城店）,9.9,"['特價榻榻米:HK$184', '大床房:HK$258', '標準間:HK$286']"
花美時温泉酒店（忻州古城店）,9.5,"['花蕊大床房（全屋智能+3D零壓床墊+慢回彈護頸記憶枕+全智能馬桶）:HK$430', '花蕾雙床房（全屋智能零壓床墊+護頸記憶枕+智能馬桶）:HK$469', '思城大床房（全屋智能+3D零壓床墊+慢回彈護頸記憶枕+全智能馬桶）:HK$469', '享城三人間（全屋智能+3D零壓床墊+慢回彈護頸記憶枕+全智能馬桶）:HK$546', '思城家庭房（全屋智能+3D零壓床墊+慢回彈護頸記憶枕+全智能馬桶）:HK$546']"
維也納國際酒店（忻州雁門大道店）,9.7,"['商務雙床房:HK$280', '商務大床房:HK$293', '特價大床房:HK$317', '純凈大床房:HK$336', '純凈雙床房:HK$346']"
七間房民宿（忻州古城店）,9.6,"['精緻標間:HK$156', '景觀大床房:HK$184', '豪華標間:HK$184']"
顧家民宿（忻州古城店）,9.6,"['時光·主題大床房:HK$425', '賦雪·輕奢雙床房:HK$425', '朝露·歡樂親子房:HK$534', '茶堂·休閑套房:HK$644']"
夏日星坤民宿（忻州古城店）,10.0,"['豪華大床房（全屋智能+私人影院+落地窗）:HK$298', '麻將雙床房（全屋智能+深睡床墊+棋牌桌）:HK$298', '豪華雙床房（全屋智能+深睡床墊）:HK$411', '三悦瀾景室（4人套房）:HK$971']"
尚客優酒店（忻州站店）,9.2,"['智能觀影大床房（100寸投影幕布+智能語音客控）:HK$274', '智能豪華雙床房（智能語音客控+品牌床墊）:HK$307', '智能豪華大床房（智能語音客控+品牌床墊）:HK$363', '智能豪華套房（智能語音客控+獨立客廳+品牌床墊）:HK$414']"
忻州泛華酒店主題部,9.2,"['主題樓商務標間:HK$?', '主題樓商務大床:HK$?']"
且慢湯泉康養民宿溫泉酒店（忻州古城店）,9.8,"['輕奢私湯大床房 · 通風落地窗户:HK$579', '獨院 · 私湯大床房 · 通風落地窗户:HK$689', '豪華私湯大床房 · 通風落地窗户:HK$765', '獨院 · 豪華私湯大床房 · 通風大窗户:HK$809']"
忻州古城一生有李民宿,9.6,"['温馨特大床房:HK$221', '舒適標間雙床房:HK$240', '親子家庭雙大床房:HK$268']"
海瀾瑾程酒店（忻州一中店）,9.2,"['商務標準間:HK$162', '主題大床房:HK$162', '行政標準間:HK$189', '榻榻米大床房:HK$189']"
忻州澤亨酒店（開來欣悦廣場店）,9.2,"['逸緻優享雙床房:HK$246', '逸緻優享大床房:HK$257', '逸緻茶藝雙床房:HK$284', '雅緻茶藝雙床房:HK$312']"
中輝星睿公寓酒店（忻州新建南路店）,8.5,"['豪華尊享大床房:HK$221', '豪華尊享雙床房:HK$240', '豪華影院零壓房:HK$249', '豪華複式家庭房:HK$268']"
梧桐宿（忻州古城店）,9.9,"['豪華雙床房雲水間:HK$195', '豪華家庭房棲間堂:HK$238']"
漢庭酒店（忻州建設南路店）,9.6,"['高級大床房（投屏電視）:HK$304', '高級雙床房（投屏電視）:HK$361', '家庭房（投屏電視）:HK$399']"
忻州漢鼎國際酒店,8.1,"['商務雙床房:HK$201', '商務大床房:HK$255', '舒適三人房:HK$395', '親子家庭套房:HK$576']"
忻州銀洋商務酒店（忻州高鐵站店）,9.4,"['商務雙床房（乾濕分離+席夢思床墊+蕎麥枕）:HK$271', '商務大床房（乾濕分離+席夢思床墊+蕎麥枕）:HK$271', '智能豪華雙床房（乾濕分離+智能房+電磁爐+洗菜池+304不銹鋼鍋+迷你小冰箱+進口泰國乳膠床墊）:HK$369', '智能豪華大床房（乾濕分離+智能房+電磁爐+洗菜池+304不銹鋼鍋+迷你小冰箱+進口泰國乳膠床墊）:HK$369']"
忻州雲景酒店（職業技術學院店）,9.0,"['雅緻·特惠房:HK$167', '雅緻·舒適大床房:HK$196', '雅緻·舒適雙床房:HK$196', '書香清雅大床房:HK$203']"
忻州華海賓館（高鐵西站店）,9.7,"['經濟房（公共衞浴）:HK$91', '行政標準間:HK$128', '豪華標間:HK$137', '豪華大床房:HK$137']"
忻州忻緣古城民宿,9.5,"['特惠大床房:HK$148', '榻榻米雙床房:HK$157', '投影大床房:HK$169', '休閑家庭房:HK$252']"
玖思藝術酒店（忻州古城店）,8.8,"['舒適大床房:HK$130', '日式榻榻米房:HK$155', '舒適雙床房:HK$155', '清馨雙床房:HK$190']"
源舍民宿（忻州古城店）,9.9,"['標準雙床房:HK$113', '三人間:HK$175']"
忻州泛華大酒店,9.0,"['商務雙床房:HK$337', '商務大床房:HK$348', '商務套房:HK$709', '家庭房:HK$1,163']"
忻州奇村江南民宿,8.8,"['普通標準間:HK$173', '康養標準間:HK$184', '康養大床房:HK$205', '榻榻米大床房:HK$326']"
一木一棲民宿（忻州古城店）,8.4,"['初暮·全景大床房（觀景茶座+中式風）:HK$282', '初心·全景大床房（觀景茶座+中式風）:HK$304', '兮棲·全景下沉式投影大床房（榻榻米茶座+休閑沙發+投影）:HK$326', '流連·大床套房（休閑茶座+中式風）:HK$326']"
忻州若開小樓民宿,10.0,"['雙人泡澡房:HK$205', '大床房:HK$271', '標準雙人間:HK$271']"
