酒店名称,评分,房型价格列表
懷化皇聖臻品酒店（懷化火車站新天地店）,9.1,"['品臻單間:HK$139', '品臻雙間:HK$147', '豪臻單間:HK$156', '豪臻雙間:HK$167']"
希悦酒店（懷化高鐵南站體育中心店）,9.5,"['悦景雙人房:HK$271', '悦景大床房:HK$271', '温馨大床房:HK$281', '悦享大床房:HK$295', '娛樂雙人房:HK$342']"
維也納國際酒店（懷化市政府廣場店）,9.7,"['標準單人間【獨棟&園景】:HK$292', '豪華大床房【獨棟&園景】:HK$329', '豪華雙床房【獨棟&園景】:HK$329', '商務雙床房【獨棟&園景】:HK$337']"
沄臻酒店（懷化火車站新天地廣場店）,8.6,"['沄丨麗悦和宜雙床房:HK$224', '沄丨麗悦和宜大床房:HK$243', '臻丨尚悦如頤雙床房:HK$259', '臻丨尚悦如頤大床房:HK$276']"
懷化蘇豪仕酒店（懷化高鐵南站體育中心店）,9.1,"['舒·輕享大床房（零壓床墊+智能客控+親膚床品）:HK$200', '舒·雅緻雙床房（零壓床墊+智能客控+親膚床品）:HK$202', '臻·輕奢大床房（零壓床墊+智能客控+親膚床品）:HK$205', '豪·品質陽光大床房（零壓床墊+智能客控+親膚床品）:HK$213']"
懷化皇聖逸林酒店（懷化火車站通程廣場店）,9.3,"['時尚大床房:HK$202', '時尚雙人間:HK$213', '雅逸麻將房:HK$258']"
凱里亞德酒店（懷化高鐵南站體育中心店）,9.2,"['榮享城景大床房（零壓床墊+智能客控+舒適睡枕）:HK$256', '樂享大床房（零壓床墊+智能客控+舒適睡枕）:HK$267', '優享智能雙床房（零壓床墊+智能客控+舒適睡枕）:HK$269', '優享陽光大床房（零壓床墊+智能客控+舒適睡枕）:HK$282', '榮享城景雙床房（零壓床墊+智能客控+舒適睡枕）:HK$289']"
懷化金磊優佳酒店,9.5,"['高級單床房:HK$326', '高級雙床房:HK$326', '豪華雙床房:HK$348', '豪華大床房:HK$372', '豪華舒適客房:HK$441', '商務娛樂套房:HK$567']"
懷化高鐵南站亞朵酒店,9.7,"['雅緻大床房:HK$314', '高級大床房:HK$341', '高級雙床房:HK$341', '行政大床房:HK$367', '幾木大床房:HK$394']"
悦逸智選酒店（懷化南站萬達店）,9.4,"['悦致雙床房【提供洗/烘衣服務 距離洪江古商城40分鐘車程】:HK$192', '悦致大床房【mianfei停車+五星床品】:HK$198', '悦享和風榻榻米大床房【65寸大屏投屏電視+辦公長桌】:HK$203', '歡樂時光麻將房【電動窗簾】:HK$220']"
佑蘭酒店（懷化火車站新天地廣場店）,9.1,"['高級大床房（零壓床墊+靜謐空間+中央空調）:HK$184', '情侶圓床房（零壓床墊+靜謐空間+中央空調）:HK$188', '巨幕影院房（零壓床墊+VIP視頻會員+高清一鍵投屏）:HK$189', '巨幕影音雙床房（零壓床墊+VIP視頻會員+高清一鍵投屏）:HK$189', '娛樂雙人房（零壓床墊+大籽麻將桌+超大空間）:HK$201']"
廷泊酒店（懷化高鐵南站萬達廣場店）,9.3,"['雅悦禮居大床房（高空城景-手機投屏）:HK$369', '雅悦禮居雙床房（東方雅韻-舒適辦公）:HK$369', '茗雅禮居大床房（陽光滿屋-乾濕分離）:HK$388', '悠然閑居棋牌房（品牌麻將-休閑娛樂）:HK$388', '尊享典居影院房（巨屏暢享-影視會員）:HK$417']"
歡漫酒店（懷化天星坪湖醫附一店）,9.7,"['豪華大床房（全屋智能）:HK$202', '影院大床房（全屋智能）:HK$225', '豪華雙床房（全屋智能）:HK$225', '行政大床房（全屋智能）:HK$271']"
維也納國際酒店（懷化河西紫園店）,9.7,"['高級大床房:HK$266', '高級雙床房:HK$266', '豪華大床房:HK$289', '豪華雙床房:HK$289']"
CL大城小愛酒店（市政府店）,9.5,"['優享大床房:HK$177', '雅緻大床房:HK$196', '品致雙人房:HK$209', '茶藝雙人房:HK$209']"
懷化華泰鳳凰國際酒店,9.6,"['輕奢舒眠大床房:HK$401', '輕奢舒眠雙床房:HK$401', '豪華城景大床房:HK$431', '豪華城景雙床房:HK$431', '臻選景觀大床房:HK$482', '臻選景觀雙床房:HK$482']"
懷化懷仁養生酒店（火車站步步高廣場店 ）,9.6,"['特惠大床房（花園景觀＋落地鏡）:HK$162', '雅緻大床房（花園景觀＋落地鏡＋深度好眠）:HK$173', '雅緻雙床房（花園景觀＋自助洗衣＋深度好眠）:HK$173', '娛樂休閑套房（套房設計＋超大空間 ）:HK$217']"
懷化煌族國際大酒店,9.2,"['豪華大床間:HK$238', '特惠雙床房:HK$251', '特惠大床房:HK$251', '巨幕影音標雙:HK$255', '豪華標準間:HK$259']"
漢庭酒店（懷化火車站新天地廣場店）,9.5,"['大床房:HK$195', '高級大床房:HK$214', '高級雙床房:HK$224', '主題房:HK$233']"
懷化Modern美美酒店,9.5,"['美馨江景大床房:HK$310', '美馨園景雙床房:HK$319', '美豪江景大床房:HK$349', '美馨休閑字牌房:HK$361', '美美江景大床房:HK$370', '美豪園景雙床房:HK$379']"
懷化半島國際酒店,9.8,"['豪華單間:HK$330', '豪華雙間:HK$330', '景觀單間:HK$386', '棋牌單間:HK$397', '棋牌雙間:HK$397']"
諾曼商旅酒店（高鐵南站萬達廣場店）,9.4,"['商務大床房:HK$155', '精緻大床房:HK$169', '商務雙床房:HK$199']"
泊樂酒店（懷化火車站汽車西站店）,9.1,"['特惠大床房:HK$181', '豪華雙床房:HK$192', '豪華大床房:HK$192', '麻將大床房:HK$269']"
黑鯊電競酒店（懷化國際商貿城店）,9.6,"['特惠電競大床房[3060顯卡+2K 144hz電競屏]:HK$272', '特惠電競雙床房[3060顯卡+2K 144hz電競屏]:HK$330', '電競雙人大床房[3060顯卡+2K 144hz電競屏]:HK$369', '電競雙床房[3060顯卡+2K 144hz電競屏]:HK$369']"
億滙富宸大酒店（懷化火車站新天地廣場店）,9.9,"['宸·優選大床房（小度全屋聲控+零壓床墊+新風系統）:HK$212', '宸·智選大床房（小度全屋聲控+零壓床墊+新風系統）:HK$240', '宸·尊享雙床房（小度全屋聲控+零壓床墊+新風系統）:HK$247', '巨幕投影大床房（小度全屋聲控+愛奇藝VIP4K投屏）:HK$268']"
禧宿酒店（懷化南站萬達廣場店）,9.3,"['特惠房【電視可投屏】:HK$122', '雅緻房【零壓床墊+電視可投屏+自助洗衣機】:HK$143', '商務房【安靜舒適+電視可投屏+冰箱+洗衣機】:HK$152', '棋牌房【零壓床墊+安靜舒適】:HK$162']"
懷化潤樾温德姆酒店,9.3,"['精選大床房:HK$495', '高級大床房:HK$526', '高級雙床房:HK$526', '豪華雙床房:HK$627', '豪華大床房:HK$627', '豪華水晶大床房（高挑空層高+空間大+大浴缸）:HK$627']"
懷化珈禾至尊酒店,9.5,"['品質大床房:HK$338', '品質雙床房:HK$338', '豪華大床房:HK$370', '豪華雙床房:HK$370', '行政大床房:HK$401', '娛樂雙床房:HK$464']"
懷榮賓館（懷化步步高廣場火車站店）,9.5,"['經濟特惠大床房:HK$130', '經濟特惠雙床房:HK$130', '標準大床房（懷舊主題+乾濕分離）:HK$159', '標準間（雙床+懷舊主題+乾濕分離）:HK$159']"
尚品優客酒店（懷化高鐵南站湖天一色店）,9.5,"['簡約丨清新大床房:HK$168', '輕奢丨旅居雙床房:HK$169', '悦享丨豪華大床房:HK$174', 'Enjoy丨暢玩電競套房:HK$192']"
棲宿酒店（懷化南站店）,9.6,"['公寓大床房 | 智能客控 | 屋內自帶洗衣機 | 舒適沙發 | 茶几 | 乾濕分離:HK$158', '特惠雙床房 | 智能客控 | 屋內自帶洗衣機 | 安睡床枕 | 乾濕分離:HK$162', '公寓豪華大床房 | 超大空間 | 智能客控 | 屋內自帶洗衣機 | 舒適沙發 | 乾濕分離:HK$172', '投影豪華雙床房 | 智能客控 | 屋內單獨洗衣機 | 24K投影 | 舒適沙發 | 辦公枱:HK$181']"
懷化宸源國際陸港大酒店,8.9,"['優享大床房:HK$212', '優享雙床房:HK$212', '智能巨幕影音大床房（智能客控）:HK$245', '榮享大床房:HK$267', '榮享雙床房:HK$268']"
懷化明珠大酒店,8.9,"['特惠丨都市雙床房:HK$163', '城景丨都市大床房:HK$164', '城景丨都市雙床房:HK$171', '特惠房:HK$171']"
懷化凱瑞達酒店（火車站國際商貿城店）,9.4,"['雅緻大床房（城市夜景+辦公桌+酒店公區提供洗衣房）:HK$177', '雅緻雙人房（城市夜景+酒店公區提供洗衣房）:HK$177', '城景雙人房（城市夜景+辦公桌+酒店公區提供洗衣房）:HK$207', '高級零壓大床房（城市夜景+酒店提供自助洗衣房）:HK$214']"
維也納國際酒店（懷化城市中央店）,9.4,"['豪華大床房【城市夜景&舒適空間】:HK$257', '豪華雙床房【城市夜景&舒適空間】:HK$257', '商務大床房【城市夜景&舒適空間】:HK$278', '商務雙床房【城市夜景&舒適空間】:HK$278']"
懷化逅熙時光酒店,8.9,"['特價房:HK$154', '豪華大床房:HK$211', '豪華雙床房:HK$211', '商務雙床房:HK$236']"
懷化覓你酒店,9.4,"['茶藝大床房:HK$208', '商務大床房:HK$208', '瑤浴房:HK$208', '商務雙人間:HK$220']"
懷化皇訂酒店（高鐵南站國際汽車城店）,9.2,"['特惠大床房【夢享床墊+親膚布草+安全梯控+支持手機投屏】:HK$140', '特享大床房【夢享床墊+親膚布草+一次性馬桶墊+支持手機投屏】:HK$173', '尊享雙標房【夢享床墊+親膚布草+支持手機投屏】:HK$176', '貴賓大床房【夢享床墊+親膚布草+支持手機投屏】:HK$192']"
懷化大漢延年酒店,8.9,"['豪華大床房:HK$311', '棋牌單間:HK$367', '豪華娛樂單間:HK$381', '至尊娛樂單間:HK$469']"
柏曼酒店（懷化高鐵南站萬達廣場店）,9.4,"['高級大床房丨超大空間:HK$269', '高級雙床房 丨 大隱於市:HK$288', '商務大床房 丨 甄選品質:HK$317', '商務雙床房 丨 寬敞明亮:HK$336', '親子主題家庭房 丨 歡樂時光+超大空間:HK$384']"
懷化雅緻酒店,9.5,"['雅緻·逸享大床房【舒適空間&智能馬桶】:HK$304', '雅緻·逸享雙床房【舒適空間&智能馬桶】:HK$326', '雅緻·景觀大床房【城市夜景&休閑空間&智能馬桶】:HK$348', '雅緻·景觀雙床房【城市夜景&休閑空間&智能馬桶】:HK$348', '雅緻·城景大床房【城市夜景&休閑空間&智能馬桶】:HK$391']"
悦逸酒店（懷化南站體育中心店）,9.6,"['悦致舒睡雙床房（雙1米5+mian fei洗衣服）:HK$390', '悦致靜謐大床房【mianfei停車+近體育中心】:HK$406', '悦然心動情侶房【步行3分鐘即湖南醫葯學院+送0.01計生用品:HK$422', '逸享零壓大床房【步行10分鐘即宏宇中學+步行12分鐘即湖天中學】:HK$438']"
雲星I高空城景·Aesthetics Designer酒店（懷化高鐵南站萬達店）,9.7,"['臻享·雅緻大床房【巨幕投影&辦公桌椅&VIP影視】:HK$151', '酣暢甜睡·影院大床房【巨幕投影&自動按摩椅&乳膠床墊】:HK$170', '酣暢甜睡·高空雙床房【巨幕投影&休閑桌椅&乳膠床墊】:HK$191', '家庭遊·樂享親子房【休閑桌椅&動人夜景&影視VIP】:HK$212']"
懷化逅山四季酒店（懷化高鐵南站體育中心店）,9.5,"['禮居雙床房:HK$338', '禮居大床房:HK$338', '歡夢棋牌大床房:HK$360', '歡夢麻將大床房:HK$381', '閑雅城景大床房:HK$381', '悦享城景大床房:HK$436']"
瓊天大酒店（懷化火車站步步高廣場店）,9.2,"['特惠雙標間:HK$122', '高級雙人間:HK$134', '投影精品雙床房:HK$141', '豪華雙人間:HK$158']"
利頓大酒店（懷化澳海店）,8.9,"['高級大床房:HK$229', '高級標準間:HK$229', '豪華大床房:HK$257', '豪華標準間:HK$257']"
懷化格蘭蒂斯國際大酒店,9.1,['雅緻單間:HK$227']
薩維爾洲邑酒店（懷化市政府店）,8.7,"['特惠丨輕享雙床房:HK$205', '雅緻丨悦享大床房:HK$213', '雅緻丨悦享雙床房:HK$220', '麗致丨智享大床房:HK$233']"
九沁居·Rest香養影音民宿（懷化高鐵站店）,9.4,"['小清新丨投影大床房（影視會員+高清投影+舒適床品+酒店公區提供自助洗衣機）:HK$122', '洞穴風丨投影大床房（影視會員+高清投影+舒適床品+酒店公區提供自助洗衣機）:HK$132', '埃及風丨浴缸大床房（影視會員+高清投影+舒適床品+酒店公區提供自助洗衣機）:HK$190', '經典紅丨浴缸大床房（影視會員+高清投影+舒適床品+酒店公區提供自助洗衣機）:HK$190']"
慕斯酒店（懷化三中市委店）,8.8,"['慕雅·榻榻米:HK$150', '慕雅·輕享單間:HK$158', '慕雅·輕奢大床:HK$180', '慕雅·輕奢雙床:HK$188']"
