酒店名称,评分,房型价格列表
空白時酒店（成都春熙路IFS國金中心店）,9.4,"['和風大床房:HK$404', '和風雙床房:HK$437', '至樸大床房:HK$458', '至樸雙床房:HK$491']"
序裏旅行酒店（成都太古裏春熙路店）,9.6,"['和風大床房:HK$383', '至樸大床房:HK$414', '至遠雙床房:HK$432', '至遠大床房:HK$445', '至樸四人間:HK$559']"
軒雅酒店（成都春熙太古裏店）,9.2,"['高級大床房:HK$170', '雅緻大床房:HK$188', '豪華映月大床:HK$204', '豪華映月標間:HK$318']"
川行隱裏酒店（成都寬窄巷子店）,9.6,"['北里大床房 I 金可兒床墊+杜拉維特潔具+MINI吧+新風:HK$693', '東肆大床房 I Nespesso膠囊+杜拉維特潔具+MINI吧+新風:HK$745', '谷隱雙床房 I 金可兒床墊+杜拉維特潔具+MINI吧+新風:HK$768', '西更雙床房 I Nespesso膠囊+杜拉維特潔具+MINI吧+新風:HK$820', '南庭套房 I Nespresso膠囊機+杜拉維特潔具+榻榻米休閑:HK$865']"
亞善天籟S酒店（成都太古裏店）,9.5,"['魔都特惠體驗房（定製金可兒床墊+智能馬桶+定製衞浴）:HK$643', '巴黎世嘉S尊享大床房（大屏液晶+智能馬桶+180°城景+MiNi吧）:HK$763', '巴黎世嘉S豪華大床房（網紅浴缸+太古裏夜景+全屋高定衞浴+MiNi吧）:HK$873', '綠野仙蹤S豪華大床房（網紅浴缸+太古裏夜景+全屋高定衞浴+MiNi吧）:HK$873']"
凱特麗亞創意主題酒店公寓（成都春熙太古裏店）,9.8,"['豪華大床房（烘乾洗衣機+廚房+藍牙音響+100寸投影+智能馬桶）:HK$541', '100寸投影一室一廳套房（烘乾洗衣機+廚房+藍牙音響+100寸投影+智能馬桶）:HK$598', '100寸投影太古裏夜景一室一廳套房（烘乾洗衣機+廚房+藍牙音響+100寸投影+智能馬桶）:HK$646', '100寸投影天幕太古裏夜景套房（烘乾洗衣機+廚房+藍牙音響+100寸投影+智能馬桶）:HK$688']"
如家精選酒店（成都東郊記憶公園新鴻路地鐵站店）,9.6,"['商務大床房（夢百合床墊+徠芬吹風機+電視投屏）:HK$267', '雙床房（夢百合床墊+徠芬吹風機+電視投屏）:HK$300', '高級大床房（夢百合床墊+徠芬吹風機+電視投屏）:HK$308', '高級雙床房（夢百合床墊+徠芬吹風機+電視投屏）:HK$333']"
太古·熙壤酒店（成都錦裏武侯祠店）,9.8,"['一線天光•舒適大床房:HK$643', '禪•浮生半榻大床房:HK$751', '幽•城市謐境雙床房:HK$861', '曠.坐忘全景視野大床房:HK$861', '禪•坐忘熙壤雙床房:HK$970']"
隱棲堂美學生活院子酒店（成都寬窄巷子人民公園地鐵站店）,9.6,"['棲悦丨煙火雙床房:HK$672', '隱居丨雙床房:HK$722', '隱居丨一居室:HK$722', '棲悦丨煙火大床房:HK$809', '隱居丨合歡親子房:HK$822']"
悦藍裏S酒店（成都寬窄巷子店）,9.6,"['影院大床房（100寸投影+智能馬桶+手機投屏）:HK$428', '優選大床房（零壓床墊+智能馬桶+手機投屏）:HK$450', '精選大床房（智能馬桶+零壓床墊+手機投屏）:HK$471', '甄選大床房（智能馬桶+零壓床墊+手機投屏）:HK$492', '精選四人雙床房（零壓床墊+智能馬桶+手機投屏）:HK$740']"
成都東大明宇豪雅飯店（春熙路太古裏店）,9.6,"['經典大床房（高空都市城景）:HK$750', '經典雙床房（高空都市城景）:HK$750', '豪雅大床房（180度全景視野）:HK$797', '豪雅雙床房（180度全景視野）:HK$797', '家庭客房（東小豪主題房）:HK$908', '行政雙床房（城市天際線美景）:HK$992']"
花築·成都琴台美宿（寬窄巷子景區通惠門地鐵站店）,9.4,"['藏風復古大床房:HK$471', '聖湖·靜謐舒適雙床房（小愛音控+智能馬桶）:HK$589', '露台星空大床房:HK$612', '聖湖之境·靜謐露台雙床家庭房（智能家居）:HK$624']"
成都瑞城名人酒店,9.4,"['高級大床房:HK$370', '高級雙床房:HK$393', '豪華大床房:HK$405', '行政大床房:HK$412', '豪華雙床房:HK$425']"
海倫湖畔酒店（成都西博城華西天府醫院店）,9.8,"['深睡大床房（智能客控+智能馬桶+小冰箱）:HK$273', '深睡雙床房（智能客控+55寸投屏電視）:HK$273', '城景行政雙床房（智能客控+三區分離衞生間）:HK$304', '森林氧吧城景行政大床房（智能客控+智能馬桶+小冰箱）:HK$304', '森林氧吧湖景行政大床房（智能客控+智能馬桶+小冰箱）:HK$324']"
Wheat’House全套房度假酒店（成都紅星橋地鐵站店）,9.6,"['錦鯉·觀景套房（智能客控·百寸巨幕·超絕觀景）:HK$324', '180°觀景單卧套房（智能客控·百寸巨幕·浪漫浴缸）:HK$327', '高空賞景兩室一廳套房（歡樂麻將·百寸巨幕·獨享景）:HK$464', '高空觀景三室一廳家庭親子套房（歡樂機麻·百寸巨幕）:HK$853']"
成都太古裏春熙林恩國際酒店,9.6,"['嘉賓大床房:HK$599', '嘉賓雙床房:HK$653', '豪華大床房:HK$653', '投影大床房+影視會員:HK$686', '豪華雙床房:HK$708']"
隱棲堂酒店（成都太古裏合江亭店）,9.6,"['靜謐一居室（乾濕分區+金可兒床墊）:HK$444', '靜謐大床房（乾濕分區+迷你冰箱+葯包泡腳）:HK$586', '高空大床房（廊橋夜景+乾濕分區+迷你冰箱+葯包泡腳）:HK$662', '高空和風雙床房（廊橋夜景+乾濕分區+迷你冰箱+葯包泡腳）:HK$662', '城景大床房（乾濕分區+葯包泡腳+智能馬桶+小冰箱）:HK$662']"
怡程酒店（成都春熙路太古裏店）,9.4,"['高級大床房（智能客控+零壓床墊）:HK$572', '影院大床房（超大高清投影+智能客控）:HK$604', '商務大床房（深度睡眠+智能客控+零壓床墊）:HK$615', '高級雙床房（深度睡眠+智能客控+零壓床墊）:HK$627', '豪華大床房（小冰箱+智能客控）:HK$661']"
時光漫步S酒店（成都寬窄巷子人民公園地鐵站店）,9.7,"['玲瓏時光大床房（零壓床墊+電視投屏）:HK$392', '慵懶時光榻榻米（電視投屏+零壓床墊）:HK$415', '悠然時光大床房（電視投屏+零壓床墊）:HK$458', '甄選商務大床房（電視投屏+零壓床墊）:HK$496']"
橙果酒店（成都寬窄巷子地鐵站店）,9.7,"['雅緻大床房（投屏電視+浴室頂噴+小冰箱）:HK$368', '雅緻雙床房（投屏電視+浴室頂噴+小冰箱）:HK$377', '富氧大床房（投屏電視+浴室頂噴+新風凈化系統）:HK$389', '典雅雙床房（投屏電視+浴室頂噴+小冰箱）:HK$429', '雅緻親子雙床房（投屏電視+浴室頂噴+小冰箱）:HK$445']"
成都壹酒店（寬窄巷子琴台路店）,9.6,"['井字號大床房:HK$361', '寬字號大床房:HK$389', '窄字號雙床房:HK$436', '琴字號大床房:HK$556', '壹字號大床私湯房:HK$649']"
不遠酒店（成都春熙路太古裏店）,9.6,"['時光無跡-基礎大床房:HK$686', '逸趣生活-高級大床房:HK$766', '閑逸日常-豪華大床房:HK$794', '我的房間-豪華大床房:HK$840', '閑逸日常-豪華雙床房:HK$908']"
隱棲堂精品酒店（成都春熙路新南門地鐵站店）,9.6,"['和風·温馨榻榻米房:HK$365', '舒逸·優享一居室:HK$397', '隱居·精緻大床房:HK$442', '舒逸·優享雙床房:HK$508', '隱悦·逸享大床房:HK$553']"
成都天府院子酒店（春熙路天府廣場店）,9.6,"['林韻居大床房:HK$324', '竹語閣大床房:HK$351', '竹語閣雙床房:HK$418', '淺雲軒影音院落家庭房:HK$509', '君蘭院院落親子房:HK$530']"
四川岷山飯店,9.4,"['東樓如意大床房:HK$435', '東樓如意雙床房:HK$435', '優享雙床房:HK$478', '優享大床房:HK$478', '精緻雙床房:HK$552', '精緻大床房:HK$552']"
Sungold·尚古設計師酒店（成都春熙路太古裏店）,9.2,"['美侖·Cinema大床房「極米投影+電動窗簾+親膚床品」:HK$465', '香境·Dream大床房「助眠香氛+睡眠記憶枕+睡眠床墊」:HK$495', '摯戀·Duet大床房「極米投影+巨幕投屏+親膚床品」:HK$525', '奇遇·Magic大床房「無限延伸魔幻鏡+出片+mini小冰箱」:HK$566']"
成都太古裏春熙美居酒店,9.7,"['標準大床房（智能客控+大落地窗）:HK$866', '高級大床房（智能客控+大落地窗）:HK$896', '高級雙床房（智能客控+大落地窗）:HK$954', '嘉賓大床房（俯瞰城市夜景+智能客控+大落地窗）:HK$1,012', '嘉賓雙床房（俯瞰城市夜景+智能客控+大落地窗）:HK$1,030']"
成都西金閣全套房公寓,9.6,"['特惠大床套房:HK$500', '特惠雙床房:HK$500', '西金閣豪華大床套房:HK$518', '西金閣家庭房:HK$518', '西金閣豪華雙床套房:HK$518']"
天府禧果酒店（成都鳳凰山體育公園中鐵產業園店）,9.5,"['舒適雙床房（品牌衞浴馬桶+零壓枕頭+智能客控）:HK$301', '舒適大床房（品牌衞浴馬桶+零壓枕頭+智能客控）:HK$345', '高級雙床房（小冰箱+零壓枕頭+智能客控）:HK$388', '高級大床房（小冰箱+零壓枕頭+智能客控）:HK$417', '行政套房（小冰箱+零壓枕頭+智能客控）:HK$446']"
寬雲裏酒店（成都太古裏天府廣場店）,9.8,"['雲裏璧景大床房:HK$440', '雲裏·璧景雙床房:HK$453', '雲裏·壁景觀影親子雙床房:HK$534', '雲裏·觀影靜謐大床房（100寸高清幕布投影）:HK$623']"
雅緻酒店（成都文殊院春熙路店）,9.4,"['雅緻高空江景大床房:HK$539', '雅緻高空夜景大床房:HK$594', '雅緻高空夜景雙床房:HK$648', '雅緻高空夜景家庭房-高空氧吧:HK$703', '180°雲端浴缸觀景房:HK$867', '雅緻親子高空觀景房:HK$976']"
璽悦·豪庭高空酒店（春熙路天府廣場店）,9.6,"['雅緻·豪華大床房:HK$392', '鉑越·行政雙床房:HK$413', '靜謐·極影大床房:HK$414', '零壓·琥珀豪華套房:HK$414']"
西朵·精選酒店公寓（成都紅星橋店）,9.4,"['雲夢·粉絲福袋房（獨享景觀·百寸巨幕·智能門鎖）:HK$300', '雲享·輕奢LOFT投影大床套房（獨享景觀·百寸巨幕·智能門鎖）:HK$332', '雲央·機麻LOFT投影雙床套房（獨享景觀·百寸巨幕·智能門鎖）:HK$400', '雲庭·觀景機麻LOFT雙卧套房（獨享景觀·百寸巨幕·歡樂機麻）:HK$445']"
季菲酒店（成都金融環球中心店）,9.5,"['和風·別緻大床房（新風助眠舒適安逸）:HK$317', '至樸·素雅雙床房:HK$350', '至樸·素雅大床房:HK$350', '至遠·尋景雙床房:HK$393', '至遠·尋景大床房:HK$393']"
成都星天外酒店（犀浦高鐵站百草路地鐵站店）,9.7,"['180°雲景•大床房（私享觀景陽台+智能客控）:HK$347', '180°雲景•雙床房（全景落地窗+智能客控+臨空中花園）:HK$367', 'LOFT•闊景大床房（智能客控+金可兒床墊+高清投屏）:HK$400', 'LOFT•巨幕影音大床套房（智能客控+金可兒床墊）:HK$411', '270°雲端•私湯環幕套房（高空美景湯池+巨幕投影）:HK$434']"
漢室酒店（成都錦裏武侯祠店）,9.5,"['念奴嬌·雅緻大床（紅木雕花床+乳膠床墊+空氣凈化機）:HK$335', '陌上桑.雅緻大床（紅木雕花床+乳膠床墊+空氣凈化機）:HK$360', '靜夜思.新中式大床（獨坐靜思+乳膠床墊+空氣凈化機）:HK$376', '遊子吟.雅緻親子（紅木雕花架子床+羅漢榻+乳膠床墊）:HK$401']"
榛悦隆堡成都酒店,9.4,"['隆堡瑰冠客房:HK$785', 'G50豪華大床房:HK$794', 'G50豪華雙床房:HK$794', 'G60豪華雙床套房:HK$898', 'G60豪華大床套房:HK$898', 'G60豪華三人套房:HK$1,254']"
美豪R酒店（成都春熙路太古裏店）,9.3,"['靜隱雙床房:HK$418', '靜謐小廂房:HK$436', 'R主題雙床房:HK$444', '靜謐大床房:HK$479', '靜隱大床房:HK$510']"
親睦家酒店（成都易園園林博物館金科北路地鐵站店）,9.8,"['精選智能大床房（智能客控+65寸超清投屏+金可兒床墊）:HK$405', '靜謐智能大床房（智能客控+65寸超清投屏+金可兒床墊）:HK$426', '豪華行政智能大床房（貴妃躺椅+金可兒床墊+全屋靜音）:HK$447', '豪華行政智能雙床房（貴妃躺椅+金可兒床墊+全屋靜音）:HK$447', 'LOFT複式行政套房（獨立客廳+組合沙發+榻榻米茶台 ）:HK$550']"
成都澗山堂酒店（寬窄巷子店）,9.6,"['空谷幽蘭大床房:HK$506', '青竹丹楓雙床房:HK$506', '芝蘭之室大床房:HK$584', '清竹婉悦雙床房:HK$584', '蘭溪之室大床房:HK$650']"
歸墅·RETURN四合院酒店（春熙路太古裏店）,9.8,"['清谷（ 情侶空間+BVLGARI寶格麗洗浴套裝＋天空露台）:HK$1,724', '了哉（觀星移動床+BVLGARI寶格麗洗浴套裝+情侶空間）:HK$1,810', '行月（天空露台+BVLGARI·寶格麗洗浴套裝+私湯泡池）:HK$1,929', '讓紅塵（獨享花園+BVLGARI寶格麗洗浴套裝+情侶大床房）:HK$1,929', '山市（靜謐情侶空間+BVLGARI寶格麗洗浴套裝+品茗區）:HK$1,929']"
龔禧裏·璽閣酒店（成都寬窄巷子琴台路店）,9.6,"['禧遇大床房:HK$471', '0壓禧遇大床房（0壓床墊+0壓記憶枕）:HK$498', '禧遇高級大床房:HK$524', '0壓禧遇高級大床房（0壓床墊+0壓記憶枕）:HK$550', '禧迎雙床房:HK$623']"
初品·精選酒店（成都春熙路太古裏店）,9.5,"['初品·高級大床房（智能家居丨電視可投屏丨採光明亮）:HK$324', '初品·靜謐大床房（智能家居丨電視可投屏丨採光明亮）:HK$353', '初品·商務雙床房（舒適好眠丨智能家居丨電視可投屏）:HK$427']"
花悦尚居酒店（成都西站青羊萬達店）,9.8,"['巨幕影音大床房（長虹100寸巨幕觀影 | 全屋智能聲控 | 海量影片）:HK$272', '隱棲大床房（徠芬高速吹風 | 私密投屏 | 360無壓席夢思）:HK$280', '雲棲大床房（55寸電視 | 製版輕奢深睡舒眠床墊 | 頂噴花灑）:HK$300', '私享.觀影大床房（熊貓功夫茶台 | 環繞音觀影 | 美的輕音加濕器 | 智能客控）:HK$300']"
成都九眼橋悦尚麗呈酒店（春熙路店）,9.6,"['精緻大床房（智能馬桶+清新新風）:HK$538', '高級大床房（智能馬桶+深睡床品）:HK$584', '高級雙床房（智能馬桶+深睡床品）:HK$631', '豪華大床房（智能馬桶+城景落地窗）:HK$631', '豪華雙床房（智能馬桶+城景落地窗）:HK$677']"
棗院酒店（成都寬窄巷子棗子巷店）,9.3,"['迎新大床房:HK$298', '棗院智慧大床房（配功夫茶具）:HK$310', '迎新雙床房:HK$316', '陽光大床房:HK$323']"
春熙賓館（成都春熙路步行街太古裏店）,9.4,"['精選大床房:HK$317', '豪華雙床房【安眠舒睡+獨享繁華】:HK$385', '陽光大床房【春熙街景+熟睡零壓】:HK$385', '臻選雙床房【庭院觀景+鬧中取靜+即刻繁華】:HK$437']"
成都保利輝盛坊國際酒店公寓,9.6,"['豪華雙床房（廚房設備+冰箱+洗烘一體機）:HK$579', '豪華大床房（廚房設備+冰箱+洗烘一體機）:HK$579', '行政大床房（廚房設備+冰箱+洗烘一體機）:HK$648', '行政雙床房（廚房設備+冰箱+洗烘一體機）:HK$648', '一居室高級套房（城市高空夜景+冰箱+洗烘一體機）:HK$787', '一居室豪華套房（270°雲端景觀+冰箱+洗烘一體機）:HK$856']"
成都金融城火車南站桔子水晶酒店,9.7,"['商務大床房（絲漣床墊+電視投屏+雨淋頂噴）:HK$482', '豪華大床房（絲漣床墊+電視投屏+雨淋頂噴）:HK$530', '觀景豪華大床房（絲漣床墊+電視投屏+雨淋頂噴）:HK$558', '豪華雙床房（絲漣床墊+電視投屏+雨淋頂噴）:HK$568', '套房（絲漣床墊+電視投屏+雨淋頂噴）:HK$752']"
成都熊貓睡覺覺酒店（成都春熙路牛王廟地鐵站店）,9.3,"['熊貓打滾滾-祕境榻榻米大床房（深睡床墊+記憶枕）:HK$402', '熊貓打滾滾-陽光榻榻米大床房（全屋智能+洗烘一體機）:HK$425', '熊貓笑嘻嘻-影音榻榻米大床房（深睡床墊+智能馬桶）:HK$447', '熊貓笑嘻嘻-隱界榻榻米雙床房（全屋智能+洗烘一體機）:HK$468', '熊貓睡覺覺-諾曼復古大床房（智能投屏+vip觀影）:HK$489']"
