酒店名称,评分,房型价格列表
成都太古裏春熙林恩國際酒店,9.6,"['嘉賓大床房:HK$599', '嘉賓雙床房:HK$653', '豪華大床房:HK$653', '投影大床房+影視會員:HK$686', '豪華雙床房:HK$708']"
川行隱裏酒店（成都寬窄巷子店）,9.6,"['北里大床房 I 金可兒床墊+杜拉維特潔具+MINI吧+新風:HK$673', '東肆大床房 I Nespesso膠囊+杜拉維特潔具+MINI吧+新風:HK$723', '谷隱雙床房 I 金可兒床墊+杜拉維特潔具+MINI吧+新風:HK$746', '西更雙床房 I Nespesso膠囊+杜拉維特潔具+MINI吧+新風:HK$797', '南庭套房 I Nespresso膠囊機+杜拉維特潔具+榻榻米休閑:HK$840']"
怡程酒店（成都春熙路太古裏店）,9.4,"['高級大床房（智能客控+零壓床墊）:HK$572', '影院大床房（超大高清投影+智能客控）:HK$604', '商務大床房（深度睡眠+智能客控+零壓床墊）:HK$615', '高級雙床房（深度睡眠+智能客控+零壓床墊）:HK$627', '豪華大床房（小冰箱+智能客控）:HK$661']"
隱棲堂美學生活院子酒店（成都寬窄巷子人民公園地鐵站店）,9.6,"['棲悦丨煙火雙床房:HK$717', '隱居丨雙床房:HK$779', '隱居丨一居室:HK$779', '棲悦丨煙火大床房:HK$886', '隱居丨合歡親子房:HK$902']"
空白時酒店（成都春熙路IFS國金中心店）,9.4,"['和風大床房:HK$404', '和風雙床房:HK$437', '至樸大床房:HK$459', '至樸雙床房:HK$491']"
不遠酒店（成都春熙路太古裏店）,9.6,"['時光無跡-基礎大床房:HK$686', '逸趣生活-高級大床房:HK$766', '閑逸日常-豪華大床房:HK$794', '我的房間-豪華大床房:HK$840', '閑逸日常-豪華雙床房:HK$908']"
亞善天籟S酒店（成都太古裏店）,9.5,"['魔都特惠體驗房（定製金可兒床墊+智能馬桶+定製衞浴）:HK$643', '巴黎世嘉S尊享大床房（大屏液晶+智能馬桶+180°城景+MiNi吧）:HK$763', '巴黎世嘉S豪華大床房（網紅浴缸+太古裏夜景+全屋高定衞浴+MiNi吧）:HK$873', '綠野仙蹤S豪華大床房（網紅浴缸+太古裏夜景+全屋高定衞浴+MiNi吧）:HK$873']"
ISEYA世野·高空酒店（天府廣場春熙路店）,9.6,"['基礎大床房:HK$916', '城景大床房-全覽天際城市夜景:HK$1,025', '基礎超大床房:HK$1,091', '天府景觀大床房:HK$1,091', 'KINGSIZE超大床房:HK$1,200']"
成都LOUIS酒店（文殊院騾馬市地鐵站店）,9.7,"['L1潛水艇湯池大床房:HK$629', 'L2城際湯池雙床房:HK$676', 'L2橫浪水晶湯池大床房:HK$708', 'L3奇妙夜無邊泳池親子房:HK$739', '180°全景甄選無邊泳池大床房:HK$788']"
成都東大明宇豪雅飯店（春熙路太古裏店）,9.6,"['經典大床房（高空都市城景）:HK$750', '經典雙床房（高空都市城景）:HK$750', '豪雅大床房（180度全景視野）:HK$797', '豪雅雙床房（180度全景視野）:HK$797', '家庭客房（東小雅主題房）:HK$908', '家庭客房（東小豪主題房）:HK$908']"
序裏旅行酒店（成都太古裏春熙路店）,9.6,"['和風大床房:HK$376', '至樸大床房:HK$407', '至遠雙床房:HK$432', '至遠大床房:HK$437', '至雅主題房:HK$631']"
歸墅·RETURN四合院酒店（春熙路太古裏店）,9.8,"['清谷（ 情侶空間+BVLGARI寶格麗洗浴套裝＋天空露台）:HK$1,754', '行月（天空露台+BVLGARI·寶格麗洗浴套裝+私湯泡池）:HK$1,922', '讓紅塵（獨享花園+BVLGARI寶格麗洗浴套裝+情侶大床房）:HK$1,922', '了哉（觀星移動床+BVLGARI寶格麗洗浴套裝+情侶空間）:HK$1,922', '山市（靜謐情侶空間+BVLGARI寶格麗洗浴套裝+品茗區）:HK$1,922']"
成都春熙路希爾頓歡朋酒店,9.4,"['舒適大床房:HK$767', '舒適雙床公寓房:HK$774', '高級大床房:HK$815', '舒適大床公寓房（配沙發床）:HK$832', '豪華大床房:HK$863']"
璞石酒店（成都寬窄巷子地鐵站店）,9.7,"['珍琴 | 雙床房:HK$697', '璞玉 | 大床房:HK$697', '玉宇 | 大床房:HK$739', '鳯棲 | 雙床房:HK$761', '和璞 | 家庭雙床房（榻榻米）:HK$850']"
太古·熙壤酒店（成都錦裏武侯祠店）,9.8,"['一線天光•舒適大床房:HK$643', '禪•浮生半榻大床房:HK$751', '幽•城市謐境雙床房:HK$861', '曠.坐忘全景視野大床房:HK$861', '禪•坐忘熙壤雙床房:HK$970']"
成都澗山堂酒店（寬窄巷子店）,9.6,"['空谷幽蘭大床房:HK$506', '青竹丹楓雙床房:HK$506', '芝蘭之室大床房:HK$584', '清竹婉悦雙床房:HK$584', '蘭溪之室大床房:HK$651']"
好逸SMART酒店（成都春熙路太古裏店）,9.4,"['精緻大床房:HK$290', '觀景大床房:HK$322', '雅緻·清雅大床房:HK$322', '舒適雙床房:HK$343']"
成都西金閣全套房公寓,9.5,"['特惠大床套房:HK$490', '特惠雙床房:HK$490', '西金閣豪華大床套房:HK$502', '西金閣豪華雙床套房:HK$502', '西金閣家庭房:HK$519']"
成都星天外酒店（犀浦高鐵站百草路地鐵站店）,9.7,"['180°雲景•大床房（私享觀景陽台+智能客控）:HK$347', '180°雲景•雙床房（全景落地窗+智能客控+臨空中花園）:HK$368', 'LOFT•闊景大床房（智能客控+金可兒床墊+高清投屏）:HK$401', 'LOFT•巨幕影音大床套房（智能客控+金可兒床墊）:HK$411', '270°雲端•私湯環幕套房（高空美景湯池+巨幕投影）:HK$434']"
成都春熙路中心希爾頓花園酒店,9.6,"['花園舒適大床房:HK$916', '無障礙大床房:HK$916', '花園舒適雙床房:HK$1,005', '花園大床房（縱享雙TV+會客廳）:HK$1,044', '花園雙床房（縱享雙TV+會客廳）:HK$1,171']"
成都保利輝盛坊國際酒店公寓,9.6,"['豪華雙床房（廚房設備+冰箱+洗烘一體機）:HK$579', '豪華大床房（廚房設備+冰箱+洗烘一體機）:HK$579', '行政大床房（廚房設備+冰箱+洗烘一體機）:HK$648', '行政雙床房（廚房設備+冰箱+洗烘一體機）:HK$648', '一居室高級套房（城市高空夜景+冰箱+洗烘一體機）:HK$787', '一居室豪華套房（270°雲端景觀+冰箱+洗烘一體機）:HK$856']"
Sungold·尚古設計師酒店（成都春熙路太古裏店）,9.2,"['美侖·Cinema大床房「極米投影+電動窗簾+親膚床品」:HK$495', '香境·Dream大床房「助眠香氛+睡眠記憶枕+睡眠床墊」:HK$531', '摯戀·Duet大床房「極米投影+巨幕投屏+親膚床品」:HK$566', '奇遇·Magic大床房「無限延伸魔幻鏡+出片+mini小冰箱」:HK$614']"
成都武侯祠希爾頓惠庭酒店,9.8,"['舒適大床房:HK$763', '靈動大床房:HK$817', '靈動雙床房:HK$817', '悦享舒適家庭房（親子沙發床）:HK$851', '靈動豪華大床房:HK$872']"
成都貴院 · 東方美學設計師酒店,9.7,"['東方美學 · 意境大床房｜户外休閑空間:HK$1,847', '東方美學 · 新中式雙床房｜65寸投屏電視+禪系茶座:HK$1,847', '東方美學 · 新中式大床房｜65寸投屏電視+智能馬桶:HK$1,847', '東方美學 · 庭院大床房 ｜ 户外庭院+禪修休閑區:HK$2,125', 'DōTERRA精油主題香氛大床房 ｜智能客控+大浴缸:HK$2,497']"
悦藍裏S酒店（成都寬窄巷子店）,9.6,"['影院大床房（100寸投影+智能馬桶+手機投屏）:HK$428', '優選大床房（零壓床墊+智能馬桶+手機投屏）:HK$450', '精選大床房（智能馬桶+零壓床墊+手機投屏）:HK$471', '甄選大床房（智能馬桶+零壓床墊+手機投屏）:HK$492', '精選四人雙床房（零壓床墊+智能馬桶+手機投屏）:HK$740']"
美豪R酒店（成都春熙路太古裏店）,9.3,"['靜隱雙床房:HK$418', '靜謐小廂房:HK$436', 'R主題雙床房:HK$444', '靜謐大床房:HK$479', '靜隱大床房:HK$510']"
朵蘭達V酒店（成都太古裏國金中心店）,9.5,"['沉浸影院大床房（新風系統+巨幕投影）:HK$679', '樂享智能大床房:HK$712', 'Trend·景觀雙床房（巨幕投影+智能客控）:HK$789', '花園城景大床房（智能客控+小冰箱）:HK$821', '花園城景影音雙床房（巨幕投影+智能客控）:HK$865']"
成都太古裏潯隱溫泉別苑,8.9,"['樸行·雅緻大床房:HK$477', '泊塵·高級大床房:HK$544', '觀瀾·高級大床房:HK$632', '遠山·湯池大床房:HK$700', '潯隱·高級雙床房:HK$743']"
成都華爾道夫酒店,9.8,"['華爾道夫豪華大床房:HK$2,039', '華爾道夫精英大床房:HK$2,166', '華爾道夫恣享至尊大床房:HK$2,293', '華爾道夫雙子塔景大床房:HK$2,403', '華爾道夫雙子塔景雙床房:HK$2,403', 'MIKIHOUSE親子主題大床房:HK$2,476']"
隱棲堂酒店（成都太古裏合江亭店）,9.6,"['靜謐大床房（乾濕分區+迷你冰箱+葯包泡腳）:HK$586', '高空和風雙床房（廊橋夜景+乾濕分區+迷你冰箱+葯包泡腳）:HK$662', '城景大床房（乾濕分區+葯包泡腳+智能馬桶+小冰箱）:HK$662', '熊貓主題房（智能馬桶+乾濕分區+戴森加濕器）:HK$684', '高空大床陽台房（廊橋夜景+乾濕分區+迷你冰箱+葯包泡腳）:HK$706']"
成都麗呈明宇麗雅飯店（春熙太古裏店）,9.3,"['輕居大床房:HK$619', '麗雅大床房+浴缸:HK$714', '麗雅雙床房:HK$742', '麗雅靜謐影院大套房丨巨幕投影+超大圓形浴缸:HK$754', '麗雅香眠大床房丨智能解壓床墊+沉香親水棉方枕+浴缸:HK$781', '樂享家庭房（大床+單人床）:HK$1,024']"
成都錦投·古蹟酒店（春熙路太古裏店）,9.6,"['聽雨大床房（鵝絨床品+頂噴淋浴+膠囊機）:HK$873', '觀月雙床房（鵝絨床品+頂噴淋浴+膠囊機）:HK$873', '吟風雙床房（禪意小院+鵝絨床品+乳膠床墊）:HK$982', '邀月LOFT雙床房（觀景台+鵝絨床品+乳膠床墊+膠囊機）:HK$1,092', '邀月LOFT大床房（觀景台+鵝絨床品+乳膠床墊+膠囊機）:HK$1,092']"
凱特麗亞創意主題酒店公寓（成都春熙太古裏店）,9.8,"['豪華大床房（烘乾洗衣機+廚房+藍牙音響+100寸投影+智能馬桶）:HK$541', '100寸投影一室一廳套房（烘乾洗衣機+廚房+藍牙音響+100寸投影+智能馬桶）:HK$599', '100寸投影太古裏夜景一室一廳套房（烘乾洗衣機+廚房+藍牙音響+100寸投影+智能馬桶）:HK$647', '100寸投影天幕太古裏夜景套房（烘乾洗衣機+廚房+藍牙音響+100寸投影+智能馬桶）:HK$689']"
成都瑞吉酒店,9.5,"['暢玩競技雙床房:HK$1,517', '觀景露台複式公寓大床房:HK$1,517', '城景複式公寓大床房:HK$1,517', '尊貴豪華大床間:HK$1,660', '豪華大床房:HK$1,735', '觀景露台複式公寓雙床房:HK$1,735']"
雅緻酒店（成都文殊院春熙路店）,9.4,"['雅緻高空江景大床房:HK$539', '雅緻高空夜景大床房:HK$594', '雅緻高空夜景雙床房:HK$648', '雅緻高空夜景家庭房-高空氧吧:HK$703', '180°雲端浴缸觀景房:HK$867', '雅緻親子高空觀景房:HK$976']"
橙果酒店（成都寬窄巷子地鐵站店）,9.7,"['雅緻大床房（投屏電視+浴室頂噴+小冰箱）:HK$399', '富氧大床房（投屏電視+浴室頂噴+新風凈化系統）:HK$420', '雅緻雙床房（投屏電視+浴室頂噴+小冰箱）:HK$427', '典雅雙床房（投屏電視+浴室頂噴+小冰箱）:HK$479', '雅緻親子雙床房（投屏電視+浴室頂噴+小冰箱）:HK$496']"
笨酒店（成都太古裏春熙店）,9.5,"['笨時光-懸浮大床房（智能客控+助眠床墊+智能馬桶）:HK$470', '笨時光-景觀榻榻米大床房（智能客控+助眠床墊+智能馬桶+觀河景）:HK$489', '笨EVA懸浮大床房（智能客控+助眠床墊+智能馬桶+EVABOX）:HK$519', '笨歡樂雙床房（智能客控+助眠床墊+智能馬桶）:HK$620', '笨EVA景觀榻榻米大床房（親子榻榻米床墊+智能客控+助眠床墊+智能馬桶+EVABOX+觀河景）:HK$689']"
榛悦隆堡成都酒店,9.5,"['隆堡瑰冠客房:HK$786', 'G50豪華大床房:HK$794', 'G50豪華雙床房:HK$794', 'G60豪華雙床套房:HK$898', 'G60豪華大床套房:HK$898', 'G60豪華三人套房:HK$1,254']"
成都鷦鷯人文精品酒店（寬窄巷子店）,9.6,"['鷦螟[金可兒床墊+深泡浴缸+迷你bar+小米空氣凈化器]:HK$1,190', '大鵬[金可兒床墊+深泡浴缸+Kohler智能馬桶+禪意茶台]:HK$1,225', '蒼鷹[私享露台+寬窄巷子街景+深泡浴缸+迷你bar+浴袍]:HK$1,330', '世偽[客廳+旋轉電視+膠囊coffee機+深泡浴缸+禪意茶台]:HK$1,482', '鸚鵡[雙床+金可兒床墊+深泡浴缸+新風系統+禪意茶台]:HK$1,573']"
成都春熙路天府廣場地鐵站美居酒店,9.6,"['標準大床房（雨淋頂噴+minibar+電視投屏）:HK$867', '高級大床房（雨淋頂噴+minibar+電視投屏）:HK$920', '高級雙床房（雨淋頂噴+minibar+電視投屏）:HK$1,017', '嘉賓大床房（雨淋頂噴+minibar+電視投屏）:HK$1,027', '嘉賓雙床房（雨淋頂噴+minibar+電視投屏）:HK$1,103']"
成都天府麗都喜來登飯店,9.5,"['豪華雙床房:HK$696', '豪華大床房:HK$696', '高級雙床房:HK$705', '高級大床房:HK$705', '高級套房:HK$745', '豪華套房:HK$795']"
寬雲裏酒店（成都太古裏天府廣場店）,9.8,"['雲裏璧景大床房:HK$443', '雲裏·璧景雙床房:HK$469', '雲裏·壁景觀影親子雙床房:HK$524', '雲裏·觀影靜謐大床房（100寸高清幕布投影）:HK$571']"
微瀾温泉花園酒店（成都寬窄巷子店）,9.6,"['特惠大床房:HK$483', '秋•天際觀景大床房:HK$525', '夏•星月天井大床房:HK$539', '秋•天際觀景雙床房:HK$588']"
成都領地希爾頓嘉悦裏酒店,9.6,"['嘉悦裏客房:HK$1,245', '天際城景房（大床）:HK$1,300', '天府景觀房（大床）:HK$1,354', '豪華天際城景房（大床）:HK$1,625', '天際城景房（雙大床）:HK$1,720', '天府廣場全景房（大床）:HK$1,787']"
成都院子酒店,9.6,"['精緻大床房:HK$1,156', '豪華大床房:HK$1,227', '露台大床房:HK$1,227', '豪華園景房:HK$1,369', '精緻雙床房:HK$1,511', '豪華雙床房:HK$1,689']"
寬融套房酒店（成都春熙路太古裏店）,9.7,"['寬融優享大床房:HK$589', '寬融悦享大床房:HK$602', '寬融悦享雙床房:HK$627', '寬融經典套房:HK$703', '寬融輕奢家庭雙床房:HK$713']"
龔禧裏·璽閣酒店（成都寬窄巷子琴台路店）,9.6,"['禧遇大床房:HK$472', '0壓禧遇大床房（0壓床墊+0壓記憶枕）:HK$498', '禧遇高級大床房:HK$524', '0壓禧遇高級大床房（0壓床墊+0壓記憶枕）:HK$550', '禧遇觀景大床房:HK$616']"
隱棲堂精品酒店（成都春熙路新南門地鐵站店）,9.6,"['和風·温馨榻榻米房:HK$365', '舒逸·優享一居室:HK$397', '隱居·精緻大床房:HK$442', '舒逸·優享雙床房:HK$509', '隱悦·逸享大床房:HK$553']"
成都協信中心希爾頓酒店,9.4,"['希爾頓大床房:HK$713', '希爾頓雙床房:HK$713', '豪華大床房:HK$745', '豪華雙床房:HK$745', '親子童趣家庭房:HK$893', '行政大床房:HK$950']"
德陽廣漢楓渡酒店,9.7,"['祕境大床房:HK$355', '純粹雙床房:HK$411', '質感大床房:HK$473', '品味套房:HK$530', '質感家庭套房:HK$547']"
