酒店名称,评分,房型价格列表
撫順友誼賓館,9.6,"['特惠大床房:HK$320', '園景大床房:HK$382', '園景雙床房:HK$382', '河景雙床房:HK$393', '河景大床房:HK$393', '商務精品園景房:HK$467']"
全季酒店（撫順北站新華大街店）,9.7,"['大床房（智能語音+手機投屏+小冰箱）:HK$344', '高級雙床房（智能語音+手機投屏+小冰箱）:HK$344', '高級大床房（智能語音+手機投屏+小冰箱）:HK$382', '商務大床房（智能語音+手機投屏+小冰箱）:HK$391']"
如家精選酒店（撫順北站順城萬達廣場店）,9.7,"['商務大床房A:HK$303', '商務大床房:HK$346', '高級大床房:HK$355', '雙床房:HK$373']"
撫順天寶大廈,9.0,"['純享大床房:HK$232', '純享雙床房:HK$232', '商務雙床房:HK$288', '商務大床房:HK$288', '零壓大床房:HK$288']"
如家精選酒店（撫順石化大學店）,9.6,"['大床房（手機投屏+智能馬桶）:HK$304', '商務大床房（手機投屏+智能馬桶）:HK$334', '雙床房（手機投屏+智能馬桶）:HK$334', '高級大床房（手機投屏+智能馬桶）:HK$385']"
撫順南海綠洲大酒店,9.6,"['豪華大床房:HK$379', '豪華雙床房:HK$425', '豪華家庭房:HK$490', '商務大床房:HK$555']"
藝龍瑞雲酒店（撫順店）,9.9,"['智享特惠大床房:HK$184', '雅享大床房:HK$304', '雅享雙床房:HK$304', '樂享親子房:HK$380']"
雲朵酒店（順城萬達廣場店）,9.4,"['奢縵甄選雙床房:HK$241', '光影巨幕影音房:HK$259', '奢縵甄選大床房:HK$265', '樓蘭棲水影音房:HK$275']"
漢庭酒店（撫順北站店）,9.5,"['高級大床房:HK$217', '雙床房:HK$236', '商務大床房:HK$236', '家庭房:HK$255']"
蜉蝣山舍·VILLA度假民宿,9.2,"['8號院·兩室兩廳獨立水景房（地熱+麻將機+投影+KTV+燒烤火鍋）:HK$1,844', '7號院·二室二廳獨立湖景房（地熱+麻將機+投影+KTV+燒烤火鍋）:HK$2,063', '9號院·三室兩廳獨立山景房（地熱+麻將機+投影+KTV+燒烤火鍋）:HK$2,281', '6號院·五室三廳獨立湖景房（地熱+麻將機+投影+KTV+燒烤火鍋）:HK$3,920']"
如家睿柏·雲酒店（撫順北站店）,9.5,"['大床房:HK$170', '高級大床房:HK$181', '高級雙床房:HK$181', '特惠雙床房:HK$185']"
撫順華水賓館,9.2,"['大床房:HK$350', '標準中式雙床房:HK$374', '三人間:HK$511']"
漢庭酒店（撫順萬達廣場店）,9.5,"['大床房:HK$258', '高級大床房:HK$277', '雙床房:HK$277']"
輕住·愛舍精選酒店（撫順恆大廣場萬達店）,9.5,"['Phaotom光影灰色空間:HK$202', '輕奢現代風:HK$221', 'Bauhaus黑白包豪斯風（巨幕投影）:HK$230', 'Klein Blue 克萊因藍（巨幕投影）:HK$267']"
漢庭優佳酒店（撫順中央大街店）,9.5,"['特價房:HK$229', '雙床房:HK$249', '高級大床房:HK$258', '商務雙床房:HK$258']"
漢庭酒店（撫順天湖橋店）,9.5,"['高級大床房（手機投屏+休閑沙發）:HK$287', '商務大床房（手機投屏+休閑沙發）:HK$325', '高級雙床房（手機投屏+休閑沙發）:HK$363', '套房（會客廳+休閑沙發）:HK$363']"
漢庭酒店（撫順石化大學店）,9.5,"['大床房:HK$264', '高級大床房:HK$302', '雙床房:HK$302', '商務大床房:HK$330']"
速8精選酒店（撫順北站十二中學店）,9.2,"['標準大床房:HK$210', '標準雙床房:HK$232', '高級大床房:HK$232', '家庭房:HK$253']"
如家酒店（撫順望花雷鋒紀念館店）,9.3,"['雙床房（手機投屏）:HK$206', '商務大床房（手機投屏）:HK$206', '家庭房（手機投屏）:HK$214', '特色大床房（手機投屏）:HK$214']"
如家酒店·neo（撫順將軍橋萬達廣場店）,9.0,"['商務大床房:HK$219', '雙床房:HK$219', '家庭房:HK$243', '全新大床房:HK$243']"
愛你時尚酒店（順城萬達店）,9.5,"['特惠大床房:HK$119', '豪華主題房:HK$128', '愛你電影主題房:HK$156', '麻將房:HK$156']"
撫順樂嘉公寓,9.4,"['歐式大床房:HK$129', '精品大床房:HK$165', '影音大床房:HK$176', '舒適家庭房:HK$195']"
如家派柏·雲酒店（撫順北站永安橋店）,8.6,"['舒適大床房（無窗）:HK$144', '零壓大床房:HK$160', '商務大床房:HK$163', '標準雙人房:HK$163']"
撫順尚恪主題公寓,9.7,"['現代大床房:HK$129', '尊享大床房:HK$140', '悦享大床房-B:HK$151', '優享大床房:HK$151']"
Sandbox沙盒電競民宿,9.7,"['電競[華碩4060ti]+街機搖桿遊戲機+極米百寸投影+冰箱:HK$177', '電競K唱歌[華碩4060ti]+按摩椅+星糖miniKTV+[洗衣機+冰箱]:HK$180', 'Loft[華碩4060ti]+PS4Pro+按摩椅+極米百寸投影:HK$191', 'Loft雙屏電競房[華碩4060ti]+PS4pro+按摩椅+百寸投影:HK$191']"
撫順盛昌賓館,9.5,"['特惠大床房:HK$63', '普通大床房:HK$75', '標準間:HK$86', '大床房:HK$86']"
撫順愛爾温馨賓館,9.0,"['經典榻榻米間（無窗）:HK$85', '舒適標準間:HK$118', '温馨大床房:HK$140', '韓式榻榻米間:HK$140']"
撫順美郎商務賓館,9.0,"['韓式榻榻米:HK$120', '商務大床房:HK$221', '商務雙床房:HK$250', '豪華圓床房:HK$275']"
撫順泰河賓館,8.0,"['特價房:HK$85', '大床房:HK$140', '三人間:HK$173', '標準四人間:HK$205']"
撫順生輝公寓,8.6,"['標準大床房:HK$71', '青旅大床房（公共衞浴）:HK$73', '迷你房:HK$83', '大床房（公共衞浴）:HK$92']"
撫順戀之家賓館,8.4,"['標準房:HK$147', '大床房:HK$156', '親子房:HK$295', '三人房:HK$305']"
撫順緣祥賓館,8.7,"['特惠大床房（無窗）:HK$55', '大床房:HK$74', '家庭三人房:HK$85', '陽光三人間:HK$118']"
撫順眾信賓館,8.8,"['特惠房:HK$85', '標準大床房B（無窗）:HK$97', '標準雙床房B（無窗）:HK$97', '標準雙床房A:HK$129']"
撫順新賓和睦賓館（和睦國家森林公園店）,8.9,"['舒適雙床房:HK$312', '舒適大床房:HK$320', '舒享茶藝大床房:HK$343', '小黃鴨主題親子房:HK$410', '熊貓主題親子房:HK$410']"
漢庭酒店（撫順清原火車站白雲街店）,9.4,"['雙床房（手機投屏）:HK$350', '高級大床房（手機投屏）:HK$369', '高級雙床房（手機投屏）:HK$378', '家庭房（手機投屏）:HK$416']"
新賓嘉隆精品酒店,9.1,"['標準間（美國舒達床墊）:HK$271', '河景大床房（美國舒達床墊）:HK$271', '標準大床房（美國舒達床墊）:HK$271', '家庭商務房（美國舒達床墊）:HK$293']"
清原樂天滙酒店,9.9,"['商務大床房:HK$196', '高級雙床房:HK$240', '温馨榻榻米套房:HK$281', '豪華大套房:HK$390']"
新賓百合賓館,9.1,"['大床房:HK$184', '標準雙床房:HK$184', '麻將標準間:HK$238', '家庭房:HK$323']"
新賓隆昇商務賓館,8.5,"['標準間:HK$173', '大床房:HK$194', '精品大床房:HK$194', '精品標間:HK$205']"
火石溝休閑農莊,9.8,"['棋牌房:HK$156', '標準雙床房:HK$165', '家庭房:HK$249', '特色火炕房:HK$295']"
清原假日商務賓館,8.8,"['舒適大床房:HK$165', '特惠標準間:HK$165', '歐式大床房:HK$234', '舒適商務標準間:HK$264']"
興隆源賓館,9.8,"['大床房:HK$108', '標準間:HK$116', '麻將房:HK$165', '豪華Vip大床房:HK$257']"
清原祥雲賓館,9.3,"['大床房:HK$175', '標準房:HK$193', '三人間:HK$267']"
新賓卉海賓館,8.7,"['普通房（無窗）:HK$110', '標準間:HK$175', '大標準間:HK$175', '三人間:HK$370']"
清原祥和賓館,9.7,"['標準單人房:HK$72', '標準雙床房:HK$91', '標準大床房:HK$100', '標準三人間:HK$119']"
新賓春天滿鄉酒店,6.5,"['特價標準雙床房:HK$151', '特價大床房:HK$184', '標準雙床房:HK$205', '大床間:HK$216']"
撫順熱高温泉酒店,7.6,[]
