酒店名称,评分,房型价格列表
墨家印象酒店（寶龍大學城店）,9.5,"['尊享體驗大床房（城景落地大窗|中央空調）:HK$165', '尊享體驗雙床房（城景落地大窗|中央空調）:HK$172', '墨·清和（投影大床房智能設備+落地大窗+中央空調）:HK$195', '墨·靜嫻（原木風雙床房+城景落地大窗+中央空調）:HK$197']"
新鄉安泊酒店,9.4,"['商務大床房「金可兒床墊＋電視投屏+乾濕分離」:HK$256', '商務雙床房「金可兒床墊＋電視投屏+乾濕分離」:HK$256', '行政大床房「金可兒床墊＋智能馬桶+迷你冰箱」:HK$272', '行政雙床房「金可兒床墊＋智能馬桶+乾濕分離」:HK$272', '豪華浴缸房「金可兒床墊＋超大浴缸+浴袍」:HK$320']"
仟那美宿酒店（新鄉市政府高鐵東站店）,9.5,"['仕居大床房+獨立辦公區|夢百合零壓床墊|零壓枕頭|全屋智能小度|電視投屏|超大LED化粧鏡|冷暖空調開放|落地窗:HK$281', '仕居雙床房+獨立辦公區|夢百合零壓床墊|零壓枕|全屋智能小度|電視投屏|超大LED化粧鏡|冷暖空調開放|落地窗:HK$299', '竹溪雙床房+獨立辦公區|夢百合零壓床墊|零壓枕頭全屋智能小度|電視投屏|超大LED化粧鏡|冷暖空調開放|落地窗:HK$323', '竹溪大床房+獨立辦公區|夢百合零壓床墊|零壓枕|全屋智能小度|電視投屏|超大LED化粧鏡|冷暖空調開放|落地窗:HK$323']"
華美酒店（新鄉市政府高鐵東站店）,9.4,"['尊享智能大床房【全屋智能+電視投屏+舒睡好眠】:HK$251', '尊享智能雙床房【全屋智能+冷暖空調+酣暢甜睡】:HK$255', '奢享觀景大床房【全屋智能+電視投屏+冷暖空調+加濕器+180°景觀】:HK$307', '靜享商務三人間【全屋智能+電視投屏+冷暖空調+加濕器+歡樂親朋】:HK$327']"
新鄉藝悦酒店（寶龍城市廣場店）,9.4,"['藝術空間大床房:HK$277', '藝術空間雙床房:HK$277', '主題大床房:HK$331', '主題雙床房:HK$331', '商務零壓大床房:HK$341']"
仟那美宿酒店（新鄉店）,9.3,"['仕居·大床房（零壓枕頭+投屏電視+智控窗簾）:HK$205', '仕居·雙床房（零壓枕頭+投屏電視+智控窗簾）:HK$226', '竹溪·大床房（零壓枕頭+投屏電視+智控窗簾）:HK$236', '4K巨幕影院·大床房-電影暢享&百寸超清熒屏＋智能客控:HK$247']"
新鄉國際會議中心雷迪森酒店,9.4,"['經典大床房（荷里活床）:HK$596', '臻享雙床房:HK$596', '商務雙床房:HK$671', '豪華雙床房:HK$746', '豪華大床房:HK$758', '行政雙床房:HK$779']"
森元酒店（新鄉河師大萬達廣場店）,9.3,"['商務大床房（金可兒床墊+智能馬桶）:HK$161', '輕奢大床房（金可兒床墊+智能馬桶）:HK$174', '行政標準間（金可兒床墊+智能馬桶）:HK$174', '舒適標準間（金可兒床墊+智能馬桶）:HK$185']"
金邁酒店（新鄉市政府高鐵東站店）,9.3,"['悦賞觀景大床房【全屋智能管家+電視投屏+冷暖空調開放+24小時循環熱水】:HK$209', '悦賞觀景雙床房【全屋智能管家+電視投屏+冷暖空調開放+24小時循環熱水】:HK$209', '悦享觀景大床房【全屋智能管家+電視投屏+冷暖空調開放+24小時循環熱水】:HK$220', '悦享觀景雙床房【全屋智能管家+電視投屏+冷暖空調開放+24小時循環熱水】:HK$220']"
餘悦麗致酒店（新鄉河師大萬達廣場店）,9.6,"['餘悦大床房:HK$140', '悦享大床房:HK$148', '零壓商務大床房:HK$163', '餘悦雙床房:HK$175']"
陌上輕居酒店（新鄉南環店）,9.6,"['風韻·雙床房【親膚布草+舒眠床墊+智能客控】:HK$224', '風韻·大床房【親膚布草+舒眠床墊+智能客控】:HK$224', '品學大床房【親膚布草+舒眠床墊+智能客控】:HK$242', '品學·雙床房【親膚布草+舒眠床墊+智能客控】:HK$252']"
森元酒店（新鄉高鐵東站店）,9.5,"['環保輕奢大床房:HK$162', '環保商務大床房:HK$170', '輕奢loft大床房:HK$170', '商務雙床房:HK$178']"
新鄉米諾斯酒店（寶龍廣場店）,9.2,"['特惠單人房:HK$188', '舒適雙床房:HK$282', '精緻大床房:HK$282', '舒適大床房:HK$282']"
麗呈酒店（新鄉市政府高鐵東站店）,9.6,"['高級大床房（零壓床墊+零壓枕+全屋智能+落地窗）:HK$333', '高級雙床房（零壓床墊+零壓枕+全屋智能+落地窗）:HK$346', '行政城景大床房（零壓床品+全屋智能落地床）:HK$371', '行政城景雙床房（零壓床品+全屋智能落地窗）:HK$408', '豪華觀影套房（85寸液晶投屏電視+大空間+小冰箱+零壓床墊+零壓枕+全屋智能+落地窗+徠芬吹風機）:HK$505']"
誠城智臻酒店（新鄉高鐵東站店）,9.7,"['環保標準雙床房:HK$396', '環保標準大床房:HK$396', '環保高級大床房+金可兒床墊丨新風除霾:HK$435', '環保高級雙床房+金可兒床墊丨新風除霾:HK$435', '智能高級雙床房+小度智能:HK$459']"
新鄉大酒店（DL胖東來·大胖店）,8.5,"['舒適大床房:HK$294', '舒適雙床房:HK$294', '高級雙床房:HK$368', '高級大床房:HK$368']"
新鄉高新區亞朵X酒店,9.4,"['高級雙床房（記憶深睡枕+可投屏+觀景）:HK$316', '雅緻大床房（記憶深睡枕+可投屏、位置在頭尾）:HK$316', '高級大床房（記憶深睡枕+可投屏+觀景）:HK$329', '幾木雙床房（記憶深睡枕+浴袍+小冰箱）:HK$349', '行政雙床房（記憶深睡枕+可投屏+觀景）:HK$382']"
桃李春風酒店（新鄉河師大萬達廣場店）,9.7,"['商務雙床房:HK$359', '商務大床房:HK$360', '豪華大床房:HK$392', '行政套房:HK$1,308']"
仟那旅途酒店（新鄉大學城寶龍廣場店）,9.5,"['竹溪大床房（投屏電視+園林美景）:HK$238', '仕居榻榻米房（投屏電視+園林美景）:HK$247', '仕居雙床房（投屏電視+園林美景）:HK$251', '仕居大床房（投屏電視+園林美景）:HK$251']"
新鄉來旺達輕居酒店（DL胖東來·大胖店）,9.1,"['宜居大床房:HK$241', '高級商務大床房:HK$254', '雅緻雙床房:HK$283', '雅緻大床房:HK$283']"
全季酒店（新鄉胖東來生活廣場店）,9.7,"['大床房（智慧電視可投屏）:HK$468', '雙床房（智慧電視可投屏）:HK$477', '高級大床房（智慧電視可投屏）:HK$486', '高級雙床房（智慧電視可投屏）:HK$496']"
子沐智能酒店（新鄉寶龍瓏寓店）,9.5,['優享大床房（巨幕影院+VIP影視會員+冰箱）:HK$123']
陌上輕居酒店（新鄉河師大平原湖校區店）,9.8,"['風韻·雙床房【親膚布草+舒眠床墊+智能客控】:HK$205', '風韻·大床房【親膚布草+舒眠床墊+智能客控】:HK$205', '品學·大床房【落地窗+親膚布草+舒眠床墊+智能客控】:HK$207', '雅緻·大床房【落地窗+親膚布草+舒眠床墊+智能客控】:HK$233']"
星程酒店（新鄉新飛大道店）,9.7,"['大床房（智慧電視可投屏）:HK$246', '高級大床房（智慧電視可投屏）:HK$264', '高級雙床房（智慧電視可投屏）:HK$274', '家庭房（智慧電視可投屏）:HK$321']"
新鄉中州國際飯店,8.6,"['普通標間:HK$162', '商務雙床房:HK$207', '商務大床房:HK$214', '高級雙床房:HK$222']"
尚客優品酒店（新鄉牧野大道南環路店）,9.7,"['優品大床房:HK$161', '優享雙床房:HK$208', '優享大床房:HK$231', '優悦影音大床房:HK$265']"
新鄉金谷湖畔酒店（大橋悦時代購物廣場店）,9.4,"['園景靜逸大:HK$338', '園景靜逸雙床房:HK$349', '悠靜園景大床房:HK$383', '逸夢軒大床房（湖畔風景）:HK$418', '逸情軒大床房（湖畔風景）:HK$485']"
仟那酒店（新鄉華蘭大道胖東來購物廣場店）,9.4,"['仕居精緻大床房（獨立辦公區丨休閑桌椅茶具丨電視投屏）:HK$223', '竹溪精品雙床房（獨立辦公區丨可拼床）:HK$260', '零壓竹溪大床房（獨立辦公區丨夢百合零壓床墊枕頭丨休閑桌椅茶具丨電視投屏）:HK$269', '零壓竹溪雙床房（夢百合零壓床墊丨可拼床）:HK$288']"
藍湖商務酒店（新鄉職業技術學院店）,9.6,"['大床房（辦公圓桌+安睡床墊）:HK$163', '雙床房（辦公圓桌+安睡床墊）:HK$171', '豪華大床房（全景落地窗+零壓床墊+辦公桌）:HK$171', '商務大床房（一次性毛巾浴巾+冰箱+零壓床墊）:HK$187']"
新鄉開元名都大酒店,8.8,"['高級雙床房:HK$400', '高級市景大床房:HK$400', '高級園景大床房:HK$400', '豪華市景大床房:HK$428', '豪華市景雙床房:HK$428', '豪華園景大床房:HK$447']"
鹿小鹿PLUS酒店（新鄉華蘭大道店）,9.4,"['鹿璟-內景大床:HK$191', '鹿林-城市雙床房（零壓床墊）:HK$209', '鹿林-城市大床房（零壓床墊）:HK$215', '鹿隱-幽靜雙床房（零壓床墊）:HK$226']"
新鄉和頤鑫地飯店（大橋悦時代廣場店）,9.4,"['商務雙床房:HK$161', '商務大床房:HK$184', '零壓商務雙床房:HK$251', '零壓商務大床房:HK$251', '高級大床房:HK$271']"
新鄉上禧酒店（DL胖東來店）,9.1,"['商務大床房（全屋智能/獨立冰箱/洗衣機）:HK$231', '行政大床房（全屋智能/獨立冰箱/洗衣機）:HK$254', '豪華雙人間（全屋智能/獨立冰箱/洗衣機）:HK$289']"
新鄉荷塘月色假日酒店,9.2,"['時尚大床房:HK$292', '時尚標間:HK$292', '商務大床房:HK$340', '商務標間:HK$340', '商務套房:HK$649']"
新鄉元潤大酒店,8.7,"['靜享大床房:HK$230', '雅緻雙床房【喜臨門零壓床墊+單人浴缸+城市美景】:HK$244', '雅緻大床房【喜臨門零壓床墊+雙人浴缸+城市美景】:HK$244', '影音雙床房【喜臨門零壓床墊+單人浴缸+城市美景】:HK$266']"
全季酒店（新鄉市政府店）,9.8,"['雙床房A:HK$481', '高級大床房A:HK$491', '雙床房:HK$500', '高級大床房:HK$509']"
漢庭酒店（新鄉市政府店）,9.7,"['高級大床房A（電視投屏）:HK$248', '雙床房（電視投屏）:HK$257', '高級大床房（電視投屏）:HK$267', '高級雙床房（電視投屏）:HK$291']"
新鄉縵居酒店（市政府高鐵東站店）,8.6,"['縵居雙床房:HK$314', '全景·縵居大床房:HK$314']"
維也納酒店（新鄉金穗大道寶龍廣場店）,9.5,"['高級大床房:HK$322', '豪華大床房:HK$333', '豪華雙床房:HK$333', '商務大床房:HK$382']"
偶遇觀影酒店（新鄉高鐵東站店）,9.3,"['優享景緻影音房（影視會員+乳膠床墊+公區自助洗衣機）:HK$108', '尊享曼居大床房（影視會員+乳膠床墊+洗衣機）:HK$121', '奢享品質大床房（影視會員+乳膠床墊+洗衣機）:HK$129', '尊享商務雙床房（影視會員+乳膠床墊+洗衣機）:HK$137']"
米朵酒店（寶龍廣場店）,9.7,"['精品大床房（投影儀+百寸幕布）:HK$153', '舒適大床房（多風格）:HK$166', '家庭雙床房:HK$185']"
新岸美居深睡酒店,9.1,"['舒適大床房:HK$184', '舒適雙床房:HK$184', '豪華大床房:HK$221', '豪華雙床房:HK$221']"
新鄉心諾酒店（寶龍廣場店）,9.7,"['尊享舒適大床房（大眼橙投影、120寸幕布、杜比環繞音）:HK$195', '靜謐深睡大床房（120寸幕布、杜比環繞音響、會員點播）:HK$204', '輕奢觀影小套房plus（大眼橙投影儀、120寸幕布、獨立音響）:HK$239', 'Vip陽光套房（大眼橙投影、4k解碼、120寸幕布、家庭影院）:HK$285']"
新鄉上禧酒店（寶龍廣場店）,9.3,"['上禧體驗房（全屋智能+獨立冰箱、洗衣機）:HK$318', '高級行政大床房（全屋智能+獨立冰箱、洗衣機）:HK$366', '上禧商務大床房（全屋智能+獨立冰箱、洗衣機）:HK$366', '輕致大床房（全屋智能+獨立冰箱、洗衣機）:HK$389']"
愛電競酒店（新鄉大學城店）,8.8,"['電競單機大床房[騰訊鑽石特權]:HK$191', '豪華電競雙人間[騰訊鑽石特權+RTX3060]:HK$226', '雲頂上分大床房[騰訊鑽石特權+RTX3070Ti]（智能家居）:HK$268', '電競主題大床房[騰訊鑽石特權+RTX3070Ti]（智能家居）:HK$268']"
你好酒店（新鄉職業技術學院平原湖校區店）,9.6,"['大床房（智慧電視）:HK$226', '雙床房（智慧電視）:HK$235', '高級大床房（智慧電視）:HK$246', '套房（獨立小冰箱）:HK$274']"
誠城樂活酒店（新鄉鳳凰谷樂活小鎮店）,9.5,"['悦欣智能雙床房:HK$323', '悦欣智能大床房:HK$323', '雲蓉智能雙床房+書寫空間:HK$359', '雲蓉智能大床房+書寫空間:HK$359', '四季別墅觀景大床房:HK$443']"
藝龍安雲酒店（新鄉牧野大道店）,9.1,"['標準大床房（零圧床墊+電視投屏+暗窗）:HK$155', '標準雙床房（零圧床墊+電視投屏+暗窗）:HK$285', '高級雙床房（零圧床墊+商務辦公+明窗）:HK$324', '高級大床房（零圧床墊+商務辦公+明窗）:HK$337']"
尚客優品酒店（新鄉市政府高鐵東站店）,9.5,"['優品休閑大床房（加濕器）:HK$209', '優品休閑雙床房（加濕器）:HK$209', '優品豪華大床房（空氣凈化器+加濕器）:HK$238', '優品豪華雙床房（空氣凈化器+加濕器）:HK$238']"
新鄉歐雅酒店,8.8,"['精品大床房:HK$230', '精品標間:HK$230', '行政大床房:HK$267']"
