酒店名称,评分,房型价格列表
日照賓館,9.6,"['特價大床房:HK$763', '特價標準間:HK$763', '商務大床房:HK$872', '商務標準間:HK$872', '別墅大床房:HK$981']"
花築·日照和佰和民宿（山海天旅遊度假區店）,9.8,"['棲心·親子房 | 智能客控+巨幕投影+直飲水+智能馬桶:HK$861', '佰和·LOFT雙床房 | 智能客控+巨幕投影+直飲水:HK$1,057', '千潯·雙床房 | 智能客控+巨幕投影+直飲水+智能馬桶:HK$1,144', '雲水·家庭滑梯房 | 智能客控+巨幕投影+直飲水:HK$1,454']"
日照星島奇幻樂園酒店（星島藍碳店）,9.3,"['奇幻樂園親子房（小童樂園+迷你冰箱+徠芬吹風機）:HK$1,014', '奇幻海洋雙床房（小童樂園+迷你冰箱+徠芬吹風機）:HK$1,014', '星島海洋親子房（一線海景+小童樂園+迷你冰箱）:HK$1,450', '海景太空艙大床（海景陽台+小童樂園+智能馬桶）:HK$1,671', '海景太空艙榻榻米（海景落地窗+小童樂園+智能馬桶）:HK$1,671']"
亞汀酒店（日照大潤發芒果時代廣場店）,9.6,"['經典大床房（電動窗簾+乳膠床墊）:HK$436', '商務雙床房（電動窗簾+乳膠床墊）:HK$480', '行政大床房（辦公用品+智能馬桶+乳膠床墊）:HK$480', '0壓大床房（夢百合0壓床墊＋0壓記憶枕+智能馬桶）:HK$480', '0壓雙床房（夢百合0壓床墊＋0壓記憶枕+智能馬桶）:HK$513']"
日照璞悅致雅海景酒店（日照萬平口景區萬達廣場店）,9.7,"['致雅大床房（全屋智能+乳膠床墊）:HK$825', '致雅海景雙床房（全屋智能+高樓層側海景）:HK$901', '璞悦海景大床房（高樓層無敵海景+全屋智能+特大床）:HK$1,041', '致雅家庭房（全屋智能+冰箱）:HK$1,115', '璞悦海景親子房（270°海景+全屋智能）:HK$1,568']"
日照百替温德姆花園度假酒店,8.6,"['豪華觀景大床房:HK$748', '豪華觀景雙床房:HK$749', '海景雲端雙床房:HK$847', '海景雲端大床房:HK$847', '180℃海景庭院雙床房:HK$922']"
日照萊頓海景酒店,9.2,"['豪華大床房:HK$971', '豪華雙床房:HK$1,079', '商務海景大床（側面看海）:HK$1,080', '商務海景雙床房（側面看海）:HK$1,189', '行政海景大床房（側面看海）:HK$1,189']"
日照嵐橋錦江大酒店（山海天浴場太公島牡蠣公園店）,9.3,"['高級園景雙床房:HK$807', '高級海景大床房:HK$807', '豪華海景大床房:HK$861', '豪華海景雙床房:HK$861', '行政海景雙床房:HK$971', '行政海景大床房:HK$971']"
凌海大酒店（日照站大唐廣場店）,9.2,"['靜謐雙床房:HK$305', '標準雙床房:HK$350', '標準大床房:HK$370', '豪華大床房:HK$414', '高級雙床房:HK$414']"
日照大酒店（萬平口世帆基地店）,8.8,"['舒適雙床房:HK$716', '舒適大床房:HK$748', '潮汐海景雙床房:HK$928', '潮汐海景大床房:HK$969', '行政海景大床房:HK$1,044']"
花築奢·禔福客棧（日照萬平口東夷小鎮店）,9.2,"['秋意·雅緻雙床房（慕思零壓床墊）:HK$1,231', '秋意·雅緻大床房（慕思零壓床墊）:HK$1,231', '春覓·親子雙床房（慕思零壓床墊+純棉貢緞+鵝絨被芯）:HK$1,355', '春覓·親子大床房（慕思零壓床墊+純棉貢緞+鵝絨被芯）:HK$1,355', '秋華·湖景雙床房（舒達零壓床墊+TOTO衞浴）:HK$1,478']"
日照東林海酒店,8.8,"['特惠大床房:HK$654', '特惠雙床房:HK$654', '豪華大床房:HK$730', '豪華雙床房:HK$730']"
花築·日照呦呦谷酒店,9.7,"['觀景舒適大床房『山景+茶園景觀+落地窗』:HK$490', '茶畔荷香大床房〖荷花池景+山景〗:HK$544', '陽光觀景大床房『落地窗+露台+山景』:HK$599', '露台景觀大床房『落地窗+露台+山景』:HK$654']"
日照喜來登酒店,9.4,"['豪華大床房:HK$1,266', '豪華雙床房:HK$1,266', '海景大床房:HK$1,375', '海景雙床房:HK$1,375', '行政海景大床房:HK$1,615', '行政海景雙床房:HK$1,648']"
日照海景花園大酒店（萬平口東夷小鎮店）,9.2,"['豪華公寓（無窗）:HK$577', '經濟雙床房:HK$783', '標準大床房:HK$783', '豪華雙床房:HK$936', '商務雙床房:HK$1,110']"
日照裏宿,9.3,"['商務投影雙床:HK$665', '日落電視榻榻米大床房:HK$705', '日落投影榻榻米大床房:HK$705', '海景大床房:HK$730']"
日照天德國際大酒店,8.9,"['高級雙床房:HK$627', '高級大床房:HK$627', '45度海景雙床房:HK$715', '45度海景大床房:HK$715', '180度奢享海景大床房:HK$981']"
日照藍海朗汀酒店（日照站店）,9.3,"['悦享大床房（慕斯床墊+電動窗簾）:HK$526', '悦享雙床房（慕斯床墊+電動窗簾）:HK$526', '尊享大床房（慕斯床墊+電動窗簾）:HK$623', '尊享雙床房（慕斯床墊+電動窗簾）:HK$623', '智享大床房:HK$676']"
維也納3好酒店（日照火車站燈塔景區店）,9.6,"['大床房:HK$715', '商務大床房:HK$724', '商務雙床房:HK$787', '豪華大床房:HK$814']"
日照海景麗呈酒店（萬平口東夷小鎮店）,9.1,"['麗享商務大床房:HK$827', '麗享商務雙床房:HK$827', '麗景豪華大床房（45°海景）:HK$970', '麗景豪華雙床房（45°海景）:HK$970', '麗舒豪華三床房:HK$1,113']"
日照東湖開元名都大酒店,9.6,"['開元名都大床房:HK$1,475', '別墅大床房:HK$1,475', '開元名都雙床房:HK$1,585', '行政大床房:HK$1,803', '別墅小套房:HK$2,186', '豪華套房:HK$2,623']"
布可不住酒店（日照第三海水浴場店）,9.7,"['雅緻大床房（小冰箱）:HK$710', '高級雙床房（小冰箱）:HK$734', '舒適大床房（小冰箱）:HK$767', '尊享大床房（小冰箱）:HK$789', '海景雙床房（小冰箱）:HK$822']"
花築·潤山左右民宿（日照春風十里店）,9.8,"['月華·雅緻大床房|花園庭院+沙發茶几:HK$490', '素秋·輕奢親子房|花園庭院+沙發茶几:HK$613', '夢蝶·庭院親子房|花園庭院+沙發茶几:HK$859', '卿雲·庭院親子房|花園庭院+沙發茶几:HK$895']"
花之築公寓（日照安泰國際廣場大學城店）,9.4,"['花之築特惠房:HK$387', 'Cloud雲朵 | 大床房（私人觀景陽台+深睡夢百合床墊+影院級百寸巨幕影音+觀影會員）:HK$414', 'Cloud雲朵 | 大床 | 套房（私人觀景陽台+深睡夢百合床墊+零壓枕頭+全屋智能+影院級百寸巨幕影音）:HK$436', '可期 | 家庭房 | 雙床（影院級百寸巨幕影音+私人觀景陽台+深睡夢百合床墊+觀影會員）:HK$534']"
雲海經典海景公寓（日照萬平口燈塔廣場店）,9.6,"['海景兩居雙床套房【投影】:HK$1,269', '豪華海景親子套房:HK$1,288', '日式兩居雙床套房【榻榻米】【投影】:HK$1,392', '休閑鞦韆•投影•積木桌•兩居三床套房（帶榻榻米）:HK$1,733']"
花築·趣海雅苑民宿（日照海濱國家森林公園店）,9.5,"['錦海·温罄園夢大床房+智能化粧鏡+智能馬桶:HK$602', '前海·近海雙大床房+智能化粧鏡:HK$770', '山海·奢華家庭親子房+小童帳篷+智能化粧鏡+智能馬桶:HK$934', '林海·套房兩室一廳+沙發+智能化粧鏡+智能馬桶:HK$934']"
攬日悦海LOFT海景公寓（日照萬象滙店）,9.8,"['瀾海郡·日式和風丨榻榻米·海濱海景房:HK$949', '芷蘭汀·輕奢雅緻·海景大床房（巨幕影院+超大榻榻米+洗衣機+冰箱+海上日出）:HK$1,062', '月半灣·日式和風丨榻榻米·日出海景房（枯山水看海）:HK$1,062', '浪花嶼LOFT丨海上日出 · 地中海家庭影院親子房（高空看海+海盜漁船+迷你冰箱+洗衣機）:HK$1,340']"
日照美悦雲禧酒店,9.3,"['商務大床房-智能客控-智能馬桶:HK$1,083', '商務雙床房-智能客控-智能馬桶:HK$1,083', '豪華大床房-智能客控-智能馬桶:HK$1,191', '豪華雙床房-智能客控-智能馬桶:HK$1,191', '荷里活雙床房-智能客控-智能馬桶（可拼床）:HK$1,191']"
日照M美玥酒店,9.4,"['安玥大床房（智能客控+AI音響+落地窗景）:HK$532', '星玥親子房（智能客控+寬敞空間+落地窗景）:HK$562', '覽玥雙床房（智能客控+AI音響+落地窗景）:HK$565', '城景家庭房:HK$590', '覽玥大床房（智能客控+AI音響+落地窗景）:HK$598']"
花築·日照雲捲雲舒民宿（日照海濱國家森林公園店）,9.5,"['看雪·大床房「花園庭院」:HK$602', '聽雨·小童滑梯親子房「高清投影+全屋智能+花園庭院」:HK$899', '雲捲雲舒·滑梯親子家庭房 | 高清投影+全屋智能+庭院:HK$899', '觀日·露台LOFT家庭套房「智能客控+花園庭院」:HK$899']"
蘭歐國際酒店（日照大學城安泰廣場店）,9.6,"['蘭逸智能大床房『智能客控+安眠床墊+AI語音』:HK$545', '高級大床房『AI語音+投屏電視+迷你冰箱+近海攬景』:HK$581', '高級雙床房『AI語音+零壓酣眠+迷你冰箱+超大辦公』:HK$581', '豪華大床房『智能音控+投屏電視+迷你冰箱+智能馬桶』:HK$611', '行政大床房『奢闊床眠+智能投屏+迷你冰箱+智能馬桶』:HK$647']"
日照金海花園大酒店（山海天浴場店）,9.3,"['庭院雙床房:HK$554', '市景雙床房:HK$586', '市景大床房:HK$586', '庭院家庭房:HK$631', '市景家庭房:HK$664']"
張小英海邊花園酒店,9.4,"['桃·園景大床房【特大床、乳膠床墊】:HK$556', '梅·園景雙床房【兩張雙人床、乳膠床墊】:HK$556', '桂·家庭雙床房【上下床+雙人床】:HK$698', '檀·豪華家庭套房:HK$745']"
如你所院民宿,9.9,"['趕海雙大床親子房:HK$593', '榻榻米超大床房:HK$630', '趕海大床雙床房:HK$630', '超大榻榻米雙床房:HK$650']"
格林東方酒店（日照高鐵站店）,9.4,"['東方雙床房:HK$519', '豪華大床房:HK$566', '豪華雙床房:HK$566', '東方大床房:HK$566']"
日照雲隱小鎮民宿,9.9,"['星空小院:HK$545', '茶園小院:HK$648', '家庭小院:HK$783', '家庭套房:HK$1,239']"
日照木棉花凱悅尚選酒店,9.5,"['城景大床房-智能客控+藝術設計:HK$1,091', '城景雙床房-智能客控+藝術設計:HK$1,091', '奇趣積木大床房-智能客控+藝術設計:HK$1,112', '奇趣積木雙床房-智能客控+藝術設計:HK$1,112', '豪華客房，1張特大床:HK$1,133', '園景大床房--智能客控+藝術設計:HK$1,200']"
日照萬平口東夷小鎮希爾頓歡朋酒店,9.4,[]
觀海藝術酒店（日照多島海店）,9.3,"['海景大床房:HK$797', '標準海景大床房:HK$957', '標準山景雙床房:HK$1,115', '山景大床房:HK$1,140', '山景雙床房:HK$1,140', '高級海景大床房:HK$1,148']"
凱里亞德酒店（日照萬平口景區日照站店）,9.7,"['尊享大床房【語音客控+智能馬桶】:HK$786', '榮享智能大床房【語音客控+智能馬桶】:HK$873', '榮享智能雙床房【語音客控+智能馬桶】:HK$873', '樂玩心球親子雙床房【語音客控+智能馬桶】:HK$873']"
日照蘇寧諾富特酒店,9.3,"['精選大床房（尊享斯林百蘭床墊）:HK$807', '精選雙床房（浴缸享尊貴）:HK$807', '高級大床房（尊享斯林百蘭床墊）:HK$835', '高級雙床房（浴缸享尊貴）:HK$835', '豪華大床房（全景落地窗）:HK$1,025', '豪華雙床房（全景落地窗）:HK$1,025']"
日照上水山野1977藝術酒店,9.4,"['汽水音樂大床房:HK$373', '近水大床房:HK$402', '汽水音樂雙床房:HK$402', '童趣三人間:HK$481', '童趣親子房:HK$550']"
花築·雲捲雲舒民宿1號院（日照國家森林公園店）,9.5,"['冬梅舒適大床房[智能客控+花園庭院+露台]:HK$398', '春竹舒適親子房[智能客控+花園庭院+露台]:HK$433', '夏蘭親子滑梯家庭房[智能客控+花園庭院+露台]:HK$774', '秋菊二室一廳親子滑梯套房[智能客控+花園庭院+露台]:HK$880']"
日照開元森泊度假酒店,9.0,"['高級大床房:HK$1,443', '高級雙床房:HK$1,443', '豪華大床房:HK$1,596', '豪華雙床房:HK$1,596', '城市觀景大床房:HK$1,825', '城市觀景雙床房:HK$1,825']"
夢棲雅院民宿,9.3,"['悦享雙床房:HK$1,031', '精緻大床房:HK$1,031', '優享雙床房:HK$1,031', '豪華親子房:HK$1,092']"
日照華美酒店（日照火車站店）,9.4,"['特色浴缸房—大床（一次性浴缸套+夢幻泡泡浴液）:HK$420', '特色浴缸房—雙床（一次性浴缸套+夢幻泡泡浴液）:HK$420', '雅緻大床房（智能客控）:HK$505', '商務大床房（城市美景+小冰箱+浴缸）:HK$512', '豪華雙床房（智能客控+電動窗簾）:HK$512']"
日出悅海大酒店（日照萬平口景區店）,9.3,"['商務大床房:HK$644', '商務雙床房:HK$644', '荷里活房:HK$702', '商務海景大床房:HK$772', '行政大床房:HK$772']"
魚姬·親子休閑度假Villa美宿（日照海洋公園店）,9.9,"['親子帆船三室海景房|180度觀海|海盜船床|童趣壁畫:HK$1,120', '地中海loft城堡套房|小童娛樂房|浴缸|舒適榻榻米|雙衞:HK$1,749', '太公島26號花園獨棟別墅|暖氣開放|麻將室|小童樂園|觀景露台:HK$4,080', '太公島五室花園別墅|麻將室|燒烤|觀景露台|月季花園:HK$4,080']"
全季酒店（日照市政府華潤萬象滙店）,9.7,"['高級大床房（65寸電視投屏+智能化+冰箱）:HK$505', '豪華大床房（65寸電視投屏+智能化+冰箱）:HK$598', '雙床房（65寸電視投屏+智能化+冰箱）:HK$617', '豪華套房（65寸電視投屏+智能化+冰箱）:HK$655']"
日照站海濱五路亞朵酒店,9.7,"['高級大床房:HK$718', '高級雙床房:HK$772', '行政大床房（語音客控+小冰箱）:HK$772', '幾木大床房（語音客控+小冰箱）:HK$807', '行政雙床房（語音客控+小冰箱）:HK$834']"
