酒店名称,评分,房型价格列表
昆玉喜尚優客酒店,9.3,[]
漢庭酒店（墨玉盛達廣場店）,9.5,"['大床房【喜臨門床墊+電視投屏+恆温馬桶】:HK$209', '雙床房【喜臨門床墊+電視投屏+恆温馬桶】:HK$228', '高級大床房【喜臨門床墊+電視投屏+恆温馬桶】:HK$247', '高級雙床房【喜臨門床墊+電視投屏+恆温馬桶】:HK$247']"
墨鈺大酒店（墨玉縣火車站店）,9.5,"['商務雙床:HK$276', '商務大床:HK$304', '行政雙床:HK$304', '親子套房:HK$360', '行政大床:HK$388']"
格林豪泰酒店（和田墨玉金石榴廣場商業中心店）,9.5,"['智能大床房（全屋智控+芝士博士睡眠床墊+加濕器）:HK$471', '商務高級大床房（全屋智控+芝士博士睡眠床墊+加濕器）:HK$615', '商務高級雙床房（全屋智控+芝士博士睡眠床墊+加濕器）:HK$615', '豪華智能影音房（全屋智控+芝士博士睡眠床墊+加濕器）:HK$820']"
墨玉凱旋滙酒店,8.5,"['零壓大床房:HK$202', '零壓雙床房:HK$211', '經典商務套房:HK$445']"
格林電競酒店（和田墨玉縣金石榴廣場金石榴商業中心店）,9.6,"['電競情侶大床房（RTX4060）:HK$874', '豪華電競雙床房（RTX4070）:HK$874', '豪華電競三人房（RTX4070）:HK$874', '電競四人間（RTX4060）:HK$874']"
和田璽田酒店,9.6,"['智享商務雙床【全屋過濾凈水系統+電視投屏+小度智能客控+智能馬桶+小冰箱+加濕器】:HK$333', '智享商務大床【全屋過濾凈水系統+電視投屏+小度智能客控+智能馬桶+小冰箱+加濕器】:HK$343', '智享雅緻雙床【全屋過濾凈水系統+電視投屏+小度智能客控+智能馬桶+小冰箱+加濕器】:HK$374', '智享雅緻大床【全屋過濾凈水系統+電視投屏+小度智能客控+智能馬桶+小冰箱+加濕器】:HK$394', '智享行政雙床房【全屋過濾凈水系統+零壓床墊+深睡記憶乳膠枕+mini吧+電視投屏】:HK$396']"
和田約特幹故城·古城人家民宿,9.6,"['庭院大床房:HK$778', '庭院高級大床房:HK$834', '露台觀景大床房:HK$1,112', '露台觀景雙床房:HK$1,112', '露台觀景套房:HK$1,298']"
和田約特幹故城·春花公社民宿,9.9,"['春花大床房:HK$927', '春花雙床房:HK$1,019', '春花高級大床房:HK$1,084', '春花高級雙床房:HK$1,084', '甄選豪華大床房:HK$1,205']"
麗呈花盛國際酒店（和田火車站店）,9.5,"['特惠大床房（全屋新風+全屋凈水+全屋智控+中央空調）:HK$324', '特惠雙床房（全屋新風+全屋凈水+全屋智控+中央空調）:HK$324', '高級大床房（大窗+全屋新風+全屋凈水+全屋智控）:HK$364', '高級雙床房（大窗+全屋新風+全屋凈水+全屋智控）:HK$364', '行政大床房（深睡床墊+全屋新風+全屋凈水+全屋智控）:HK$396']"
樂霖快捷賓館（和田火車站店）,9.2,"['豪華雙床房:HK$164', '子母房:HK$173', '豪華大床房:HK$208', '標準三人間:HK$208']"
墨玉君豪商務賓館,7.6,"['特價房:HK$108', '標準間:HK$162', '大床房:HK$170', '巨幕電影大床房:HK$188']"
豪庭酒店,9.7,[]
