酒店名称,评分,房型价格列表
時光驛棧酒店（朔州老城店）,9.2,"['智能語音懸浮大床房:HK$151', '主題房:HK$208', '智能語音棋牌房:HK$216', '豪華商務大套間:HK$225']"
朔州泰勝源大酒店,8.9,"['特價雙床房:HK$131', '商務標準間:HK$156', '商務大床房:HK$156', '豪華雙床房:HK$228']"
朔州靜雅智能酒店,9.1,"['清幽雅緻·豪華大床房（休閑沙發+智控窗簾+智能馬桶）:HK$150', '溪風流月·恬靜大床房（休閑沙發+智控窗簾+智能馬桶）:HK$155', '詩情畫意·舒適大床房（休閑沙發+智控窗簾+智能馬桶）:HK$155']"
朔州鑫滿圓酒店（居然之家店）,8.7,"['標準雙床房:HK$151', '標準大床房:HK$173', '商旅三人間:HK$216', '商旅大床房:HK$260']"
朔州Ai電競商務酒店,9.4,"['電競大床房[13代CPU+32G內存+4060TI顯卡]:HK$297', '雙人電競房[13代CPU+32G內存+4060TI顯卡]:HK$297', '永劫電競三人間[13代CPU+32G內存+4060顯卡]:HK$435', '私密四人吃雞房[13代CPU+32G內存+4060顯卡（無窗）]:HK$576']"
朔州吉祥旅館,9.7,['標間:HK$68']
勁鬆快捷賓館（朔州馬邑路店）,8.7,"['經濟大床房（無窗）:HK$58', '特惠房:HK$74', '商務大床房:HK$75', '標準間:HK$79']"
朔州眾旺賓館,9.6,"['特價房:HK$78', '標準間:HK$87', '豪華大床房:HK$96', '豪華標準間:HK$104']"
朔州萬通源平魯賓館,6.9,"['豪華標準間:HK$183', '豪華大床房:HK$204']"
朔州鼎盛賓館,4.8,"['普通雙床間（公共衞浴）:HK$74', '普通大床房（公共衞浴）:HK$74', '精品標準間:HK$85', '精品大床房:HK$85']"
平安快捷賓館（朔州火車站一部）,3.6,"['大床房:HK$49', '標準間:HK$50']"
賦美東方酒店,9.5,"['丁香雙床房丨城市景觀+零壓床品+智能客控+mini冰箱丨:HK$305', '丁香大床房丨景觀露台+零壓床品+智能客控+mini冰箱丨:HK$320', '繁花雙床房丨城市景觀+零壓床品+巨幕影院+浪漫浴缸丨:HK$412', '繁花大床房丨城市景觀+零壓床品+智能客控+浪漫浴缸丨:HK$412', '翠堤套房丨城市景觀+零壓床品+智能客控+巨幕影院丨:HK$702']"
漢庭酒店（朔州右玉民福南路店）,9.8,"['高級大床房:HK$206', '豪華大床房:HK$246', '豪華雙床房:HK$246', '舒壓大床房:HK$286']"
雲泮雅居酒店,9.7,"['檀韻國風兩居套房〖城市景觀+洗衣機+冰箱+雙衞+茶室〗:HK$378', '時光商務兩居套房〖城市景觀+洗衣機+冰箱+雙衞+廚房〗:HK$378', '田園三居家庭房〖套房+城市凌空景觀+洗衣機+冰箱+廚房〗:HK$428', '喜悦三居親子房〖套房+城市凌空景觀+洗衣機+冰箱+廚房〗:HK$428']"
嘉和大酒店（山陰店）,9.5,"['經濟大床房（無淋浴）（電視投屏+加濕器+中央空調）:HK$212', '特惠大床房（電視投屏+加濕器+中央空調）:HK$240', '特惠雙床房（電視投屏+加濕器+中央空調）:HK$240', '高級標準間（電視投屏+加濕器+徠芬負離子吹風機）:HK$282']"
應縣國利假日酒店（應縣木塔景區店）,8.5,"['大床房:HK$248', '特惠標準間:HK$248']"
應縣萬豪凱悦國際酒店,9.2,"['高級標準間:HK$457', '高級大床房:HK$457', '豪華大床房:HK$512', '行政套房（獨立客廳）:HK$752']"
潮漫酒店（朔州應縣店）,9.2,"['品質優選大床房:HK$399', '品質致選大床房:HK$402', '品質致選雙床房:HK$411', '品質臻選大床房:HK$438']"
右玉玉龍國際酒店,9.0,"['商務標間:HK$332', '商務單間:HK$345']"
右玉永昌國際酒店,9.0,"['商務雙床房:HK$436', '商務大床房:HK$436', '豪華大床房:HK$469', '商務套房:HK$709']"
國仁御華酒店,9.3,"['觀影大床房（智能投屏）:HK$338', '觀影雙床房（智能投屏）:HK$338', '景觀大床房（智能投屏）:HK$371', '景觀雙床房（智能投屏）:HK$371', '親子家庭房（智能投屏）:HK$480', '總統套房（智能投屏）:HK$4,809']"
懷仁金沙嘉和酒店（懷仁東站店）,8.9,"['商務大床房（浴缸）:HK$209', '商務雙床房:HK$216', '豪華雙床房（浴缸）:HK$216', '棋牌雙人間:HK$226', '豪華大床房（浴缸）:HK$249']"
維也納酒店（朔州山陰南站御龍國際店）,9.3,"['高級智能大床房:HK$260', '高級智能雙床房:HK$280', '豪華智能大床房:HK$280', '豪華智能雙床房:HK$301']"
懷仁神隆酒店公寓,9.2,"['優選丨簡約大床房丨廚卧分區丨酣眠享睡:HK$178', '輕居丨精緻大床房丨一室一廳丨乾濕分離:HK$185', '輕居丨精緻雙床房丨一室一廳丨舒適沙發:HK$199', '雀神丨休閑棋牌房丨暢享娛樂丨槓上開花:HK$208']"
銀河酒店,9.4,"['豪華大床房:HK$142', '豪華雙人間:HK$142', '豪華三人間:HK$193', '棋牌三人間:HK$258']"
右玉南山美郡生態酒店,9.4,"['普通大床房:HK$260', '普通標準間:HK$260', '商務標準間:HK$304', '普通套房:HK$337']"
山陰華聖大酒店,8.2,"['高級標準間:HK$184', '高級單間:HK$184', '特惠豪華標準間:HK$206', '特惠豪華單間:HK$206']"
漢境酒店,9.5,"['特惠大床房:HK$175', '高級大床房:HK$185', '高級雙床房:HK$191', '豪華大床房:HK$218']"
尚客優酒店（朔州懷仁懷義西街五中店）,9.7,"['頭等艙:HK$146', '智能標準大床房:HK$155', '智能舒適大床房:HK$164', '智能高級大床房:HK$182']"
尚客優精選酒店（朔州應縣公安局店）,9.1,"['夢百合豪華大床房（全屋智能語音客控）:HK$144', '標準大床房（全屋智能語音客控）:HK$144', '標準雙床房（全屋智能語音客控）:HK$144', '豪華雙床房（全屋智能語音客控）:HK$155']"
右玉客福隆商務酒店,9.1,"['普通標間:HK$156', '豪華大床房:HK$165', '商務標間:HK$165', '家庭間:HK$193']"
山陰圖樂電競酒店,9.0,"['電競標準雙人間:HK$201', '電競標準大床房:HK$201', '電競豪華大床房:HK$219', '電競豪華雙人間:HK$219']"
應縣逸時光民宿,9.9,"['豪華行政智能大床房:HK$216', '商務雙床房:HK$227']"
如家UP華驛智旅酒店（應縣木塔店）,8.9,"['影音圓床房（自助洗衣房+全屋智能+智能機器人）:HK$184', '影音雙床房（自助洗衣房+全屋智能+智能機器人）:HK$184', '精選智能雙床房（自助洗衣房+全屋智能+智能機器人）:HK$206', '精選智能大床房:HK$206']"
應縣秦園商務酒店,9.3,"['標準雙床房:HK$151', '標準大床房:HK$151', '豪華大床房:HK$184', '豪華標間:HK$184']"
懷仁廣傑酒店,7.6,"['惠丨經濟大床房:HK$122', '惠丨經濟雙床房:HK$131', '雅丨迎賓大床房:HK$140', '雅丨迎賓雙床房:HK$149']"
懷仁新世紀公寓,8.6,"['智能大床房:HK$148', '智能雙床房:HK$154', '主題大床房:HK$156', '智能三人間:HK$156']"
滿天星公寓酒店（懷仁火車站店）,8.5,"['單人間:HK$85', '特價房:HK$98', '標準街景雙床房:HK$107', '標準街景大床房:HK$107']"
應縣應州招待所,9.5,"['標準間:HK$122', '大床房:HK$122']"
山陰山友商務賓館,8.1,"['特惠房:HK$107', '經濟雙床房:HK$121', '經濟大床房:HK$121', '棋牌房:HK$170']"
右玉逸嘉賓館,8.9,"['標準大床房:HK$109', '標準雙床房:HK$109', '舒適雙床房:HK$120', '舒適大床房:HK$120']"
山陰尋夢快捷賓館,9.1,"['大床房:HK$74', '標準間:HK$77', '三人間:HK$110']"
應縣錦泰酒店,8.3,"['經濟標準間（無窗）:HK$96', '豪華大床房:HK$118', '影視大床房:HK$118', '豪華標準間:HK$118']"
右玉居福人賓館,9.0,"['標準雙人間:HK$57', '舒適大床房:HK$57', '標準大床房:HK$82', '家庭房:HK$82']"
懷仁宏達賓館,8.8,"['特價大床房:HK$74', '標準大床房:HK$85', '標準雙人間:HK$96', '標準三人房:HK$118']"
懷仁春山商務賓館,5.6,"['商務標準間:HK$110', '舒適三人間:HK$156']"
應縣宜春賓館,6.8,"['特惠房（無窗）（公共衞浴）:HK$55', '精緻標準間（公共衞浴）:HK$85', '豪華三人間（無空調）:HK$87', '豪華標準間:HK$94']"
應縣華領八九十商務賓館,6.3,"['標準中式大床房:HK$90', '標準雙床房:HK$90', '三人間:HK$129']"
泰合尊酒店,9.5,[]
