酒店名称,评分,房型价格列表
朝陽燕都國際酒店,8.1,"['無窗大床房:HK$232', '特價大床房:HK$257', '特價雙床房:HK$270', '豪華標間:HK$271', '豪華大床房:HK$271']"
麗楓酒店（朝陽大街店）,9.6,"['雅緻大床房:HK$255', '純凈自然雙床房:HK$263', '商務大床房:HK$279', '豪華大床房:HK$283']"
全季酒店（朝陽站店）,9.7,"['大床房:HK$449', '雙床房:HK$449', '高級大床房:HK$458', '舒壓高級大床房（記憶棉墊+枕芯）:HK$508']"
如家酒店·neo（朝陽財經學校店）,9.3,"['雙床房A:HK$171', '商務大床房A:HK$179', '雙床房:HK$188', '商務大床房:HK$196']"
凱里亞德酒店（朝陽大街萬達廣場店）,9.2,"['輕享雙床房（全屋智能+電視投屏+凝膠枕體驗）:HK$282', '輕享大床房（全屋智能+電視投屏+凝膠枕體驗）:HK$290', '樂享大床房（全屋智能+電視投屏+凝膠枕體驗）:HK$307', '優享大床房（全屋智能+電視投屏+凝膠枕體驗）:HK$326', '優享雙床房（全屋智能+電視投屏+凝膠枕體驗）:HK$326']"
朝陽思家公寓,9.4,"['一室一廳家庭房:HK$171', '温馨豪華兩居室:HK$182', '豪華三室一廳套房:HK$361']"
漢庭酒店（朝陽友誼大街店）,9.7,"['大床房:HK$241', '高級大床房:HK$252', '雙床房:HK$252', '家庭房:HK$302']"
如家酒店（朝陽新華路商業城店）,9.1,"['全新雙床房A:HK$143', '大床房:HK$151', '商務大床房:HK$160', '雙床房:HK$160']"
佳泰連鎖商務賓館（朝陽大街店）,8.7,"['特惠大床房:HK$116', '商務大床房:HK$141', '商務標準房:HK$141', '豪華商務大床房:HK$158']"
如家素柏·雲酒店（朝陽友誼大街火車站店）,9.5,"['商務大床房:HK$185', '商務雙床房:HK$185', '商務套房:HK$193', '複式商務房:HK$218']"
漢庭酒店（朝陽站店）,9.7,"['雙床房（智能馬桶+智能窗簾+手機投屏）:HK$241', '大床房（智能馬桶+智能窗簾+手機投屏）:HK$241', '高級大床房（智能馬桶+智能窗簾+手機投屏）:HK$252', '商務雙床房（智能馬桶+智能窗簾+手機投屏）:HK$252']"
如家酒店·neo（朝陽文化路興隆大家庭店）,8.6,"['雙床房A:HK$161', '大床房:HK$179', '雙床房:HK$188', '商務大床房:HK$197']"
睿柏·雲酒店（朝陽佳泰店）,8.2,"['標準雙床房:HK$165', '商務大床房:HK$172', '高級大床房:HK$204', '高級雙床房:HK$204']"
朝陽中亞商務賓館（興隆大家庭客運中心店）,7.6,"['特價標準間:HK$92', '特價大床房:HK$92', '標準間:HK$133', '大床房:HK$133']"
香蕉公寓（東方銀座店）,5.3,"['法式奶油大床房:HK$148', '夢幻梵曦大床房:HK$148']"
朝陽宏宇旅館,5.9,"['大床房（公共衞浴）:HK$25', '雙床房（公共衞浴）:HK$44', '普通標間:HK$66', '標準間:HK$84']"
山嶼湯温泉度假酒店,9.1,"['室外觀景温泉大床房:HK$801', '雅緻温泉標準間:HK$834', '棋牌温泉大床房:HK$834', '尊享景觀温泉露台大床房:HK$834']"
維也納酒店（北票騰飛之龍店）,9.9,"['標準大床房（零壓床墊+智能馬桶+語音智能）:HK$205', '高級大床房（零壓床墊+手機投屏+語音智能）:HK$231', '高級雙床房（零壓床墊+手機投屏+語音智能）:HK$231', '豪華大床房（語音智能+零壓床墊）:HK$257']"
晟興瑞錦酒店,9.2,"['普通大床房{智能客控+智能馬桶}:HK$143', '高級雙床套房{智能客控+會客沙發+智能馬桶}:HK$168', '高級大床房{智能客控+會客沙發+智能馬桶}:HK$175', '舒適大床房{智能客控+會客沙發+智能馬桶}:HK$193']"
瑞達·雲悦酒店,9.8,"['簡約大床房（語音小度 +零圧床墊 +加熱馬桶）:HK$170', '簡約雙床房（語音小度 +零圧床墊 +加熱馬桶）:HK$170', '舒適雙床房（語音小度 +零圧床墊 +加熱馬桶）:HK$203', '舒適大床房（語音小度 +零圧床墊 +加熱馬桶）:HK$203']"
凌源國際酒店,9.0,"['特惠商務雙床房:HK$213', '商務雙床房:HK$310', '商務大床房:HK$319', '家庭房:HK$327']"
凌源龍回首酒店,8.9,"['零壓特價大床房:HK$211', '零壓豪華雙床房:HK$235', '特惠雙床房:HK$282', '零壓大床房:HK$292']"
凌源成悦國際酒店,9.5,"['豪華雙床房:HK$316', '豪華大床房:HK$364', '豪華家庭房:HK$477', '豪華套房·浴缸:HK$1,372', '至尊套房·浴缸:HK$2,218']"
喀喇沁左翼大成國際温泉酒店,9.6,"['高級雙床房:HK$326', '高級大床房:HK$327', '零壓靜眠舒適大床房（夢百合零壓床墊+夢百合深睡枕）:HK$392', '零壓靜眠舒適雙床房（夢百合零壓床墊+夢百合深睡枕）:HK$392', '豪華大床房:HK$425']"
如家商旅酒店（朝陽建平火車站鑫宇中央公園店）,9.5,"['大床房:HK$254', '高級大床房（手機電視投屏+沙發+茶几）:HK$263', '高級雙床房（手機電視投屏+沙發+茶几）:HK$263', '家庭房:HK$298']"
凌源凌鋼賓館,9.4,"['豪華大床房:HK$216', '舒適標準間:HK$252', '温馨套房:HK$1,096', '豪華套房:HK$2,168']"
尚客優品酒店（朝陽凌源恆發購物中心店）,9.2,"['特惠大床房-智能客控:HK$189', '優品大床房-智能客控:HK$210', '優馨大床房-智能客控:HK$220', '優享大床房-智能客控:HK$229']"
淩源賓館,9.1,"['特價雙床房（零壓舒眠+智能馬桶）:HK$202', '特價大床房（零壓舒眠+智能馬桶）:HK$206', '豪華雙床房（零壓舒眠+智能馬桶）:HK$221', '至尊大床房（零壓舒眠+智能馬桶）:HK$244']"
建平國際酒店,8.8,"['凈雅單床房:HK$163', '高級雙床房:HK$195', '舒適雙床房:HK$207', '尊享大床房:HK$218', '尊享雙床房:HK$249']"
漢庭酒店（喀左客運站店）,9.6,"['高級大床房:HK$224', '雙床房:HK$233', '高級雙床房:HK$253', '套房:HK$299']"
漢庭酒店（朝陽建平客運站店）,9.6,"['高級大床房A:HK$218', '高級大床房:HK$246', '雙床房:HK$255', '商務大床房:HK$284']"
7天優品酒店（喀左政府店）,9.4,"['特優大床房:HK$137', '優品大床房:HK$147', '特優雙床房:HK$154', '優品雙床房:HK$171']"
朝陽縣金園商務酒店,8.9,"['標準間:HK$175', '大床房:HK$175', '商務大床房:HK$221', '商務大標間:HK$221']"
北票金石商務賓館,9.1,"['高級陽台大床房:HK$112', '高級街景雙床房:HK$136', '豪華中式套房:HK$206']"
捷晟賓館,9.6,"['雙床房:HK$108', '大床房:HK$108', '豪華雙床房:HK$199', '豪華大床房:HK$199']"
如家酒店（朝陽凌源紅山路店）,9.1,"['大床房:HK$188', '商務大床房:HK$196', '雙床房:HK$204', '家庭房:HK$231']"
榮田假日酒店,8.7,"['普通標間:HK$171', '大床房:HK$171', '豪華標間:HK$181', '商務標準雙床房:HK$210']"
樂和林賓館,8.2,"['標準間:HK$110', '普通大床房:HK$110', '特價房:HK$114', '商務標間:HK$123']"
如家睿柏·雲酒店（建平火車站安興大廈店）,9.1,"['商務大床房:HK$149', '標準雙床房:HK$149', '特惠雙床房房:HK$150', '輕奢雅緻大床房:HK$164']"
眾泰賓館（牛河梁高鐵站店）,9.3,"['特價大床房:HK$162', '大床房:HK$184', '豪華三人間:HK$227']"
派酒店（凌源客運站店）,9.1,"['商務雙床房:HK$124', '商務大床房:HK$145', '精選雙床房:HK$147', '精選大床房:HK$172']"
北票奇遇主題酒店,8.3,"['特色主題房:HK$136', '標準雙床房:HK$153', '標準大床房:HK$153', '豪華大床房:HK$167']"
北票金濤賓館,8.7,"['特惠雙人間:HK$118', '精品雙人房:HK$140', '精品大床房:HK$140', '精品三人間:HK$151']"
順捷賓館,9.7,"['大床房:HK$125', '標準雙床房:HK$125', '豪華三床房:HK$180']"
建平永生商務賓館,9.5,"['標準間:HK$184', '豪華間:HK$184', '商務大床房:HK$227', '商務標準間:HK$227']"
惠豐商務賓館（凌源東街店）,8.9,"['特價單間:HK$119', '標準大床房:HK$138', '標準間:HK$138', '圓床房:HK$167']"
惠豐商務賓館（凌源一部）,8.4,"['標準間:HK$140', '三人房:HK$173', '豪華間:HK$173', '豪華套房:HK$317']"
凌源龍庭快捷賓館,9.1,"['特價大床房:HK$42', '精品單人間:HK$53', '特價經濟大床房:HK$63', '普通大床房:HK$74']"
凌源九福源賓館,4.6,"['特惠大床房:HK$113', '商務三人間:HK$148', '商務標間:HK$148', '家庭房:HK$189']"
廣安旅館,6.6,"['特價房:HK$96', '標準雙床房:HK$109', '商務雙床房:HK$129', '婚禮套房:HK$875']"
