酒店名称,评分,房型价格列表
本溪冠廷假日酒店（本溪火車站店）,9.7,"['大床房（智能客控）:HK$292', '温馨親子間（智能客控）:HK$441']"
本溪龍鳯酒店,9.6,"['標準大床房:HK$331', '標準雙床房:HK$331', '精品大床房:HK$441', '商務雙床房:HK$441', '行政大套房:HK$773']"
本溪峪澗吾舍精品民宿,9.8,"['吾舍小榻榻米房:HK$530', '峪澗大床房:HK$628', '峪澗景觀大床房:HK$648', '吾舍聚會榻榻米房:HK$785']"
本溪銀億國際酒店,8.8,"['温馨大床房:HK$503', '温馨雙床房:HK$503', '豪華標準間:HK$569', '豪華大床房:HK$569', '商務大床房:HK$855', '商務雙床房:HK$855']"
本溪滙溪湖賓館,9.4,"['商務標準間:HK$424', '豪華標準間:HK$457', '商務大床房:HK$555', '豪華大床間:HK$829', '豪華套房:HK$1,398']"
本溪富虹國際飯店,8.7,"['高級大床房:HK$380', '高級河景大床房:HK$402', '高級雙床房:HK$402', '高級河景雙床房:HK$424', '豪華大床房:HK$435', '豪華河景大床房:HK$467']"
本溪海聯酒店,9.1,"['精品無窗大床房:HK$138', '商務雙床房:HK$156', '豪華大床房:HK$164', '豪華雙床房:HK$164']"
本溪銀億智選酒店,9.1,"['智選簡約特惠房:HK$267', '智選親子上下鋪:HK$305', '智選招牌星空房:HK$326', '智選舒適豪華大床房:HK$387']"
如家商旅酒店（本溪火車站店）,9.5,"['大床房A:HK$224', '雙床房A:HK$233', '大床房:HK$242', '雙床房:HK$251']"
溪溪里民宿（本溪縣關門山湯溝温泉旅遊區店）,8.6,"['公寓樓温泉大床房:HK$836', '公寓樓輕奢巨幕觀影温泉大床房:HK$836', '公寓樓温泉雙床房:HK$836', '公寓樓巨幕觀影麻將套房:HK$2,089', '公寓樓巨幕觀影麻將温泉家庭套房:HK$2,784']"
本溪巴里島國際酒店,8.1,"['商務雙床房:HK$241', '特惠大床房:HK$248', '親子家庭房:HK$259', '商務大床房:HK$260']"
如家酒店·neo（本溪火車站店）,9.6,"['大床房A:HK$263', '雙床房A:HK$272', '大床房:HK$282', '雙床房:HK$291']"
本溪雲岫小駐鄉村民宿,8.6,"['知青歲月 .翠花家:HK$129', '知青歲月.會計家:HK$129', '芍葯詩韻小院:HK$327', '知青歲月，書記家:HK$327']"
怡萊酒店（本溪客運站店）,9.3,"['大床房:HK$141', '雙床房A:HK$151', '雙床房:HK$160', '高級大床房:HK$160']"
漢庭酒店（本溪火車站二店）,9.6,"['高級大床房:HK$327', '商務大床房:HK$337', '商務雙床房:HK$337', '家庭房:HK$374']"
漢庭酒店（本溪火車站店）,9.4,"['大床房:HK$330', '高級大床房:HK$359', '雙床房:HK$378', '商務大床房:HK$387']"
本溪晟麥休閑別墅,9.0,"['晟麥山谷之橄欖別墅:HK$1,693', '晟麥山谷之月見別墅:HK$1,693', '晟麥山谷之紫蘇別墅:HK$1,802', '晟麥山谷之亞麻別墅:HK$1,911']"
明山區觀山立舍時尚快捷酒店,8.7,"['標準雙人間:HK$204', '温馨大床房:HK$218', '商務雙床房:HK$237', '親子房:HK$316']"
如家酒店（本溪客運站店）,8.9,"['商務大床房A:HK$173', '雙床房A:HK$181', '商務大床房:HK$190', '雙床房:HK$199']"
雲水閣民宿,10.0,"['特價陽光房（公共衞浴）:HK$74', '精品雙床房:HK$108', '精品大床房:HK$113', '標準三人間:HK$151']"
本溪憩緣旅店,7.6,"['標準雙床房:HK$76', '商務雙床房:HK$98', '舒適三人間:HK$98', '標準大床房:HK$98']"
本溪溪鵬賓館,8.4,"['特惠房（無法洗浴）:HK$71', '經濟大床房:HK$87', '標準間（無窗）:HK$109', '大床房:HK$109']"
本溪鑫順賓館,8.6,"['大床房（無窗）:HK$100', '標準間:HK$100', '豪華大床房:HK$119', '榻榻米房:HK$119']"
本溪柏林賓館,7.8,['特惠大床房:HK$94']
夢幻微瀾家庭民宿（英勇社區店）,1.0,['異域風情大床房:HK$154']
本溪安鑫旅店,6.3,['雙人標準間:HK$93']
本溪楓葉山莊,9.0,"['一號樓標間:HK$199', '一號樓大床房:HK$199', '二號樓標間:HK$262', '二號樓商務標間:HK$315']"
桓仁隆興國際大酒店（音樂噴泉店）,9.1,"['高級雙床房| 深睡床品·乾濕分離:HK$275', '豪華雙床房| 深睡床品·乾濕分離:HK$309', '豪華大床房| 深睡床品·乾濕分離:HK$364', '豪華江景雙床房| 深睡床品·乾濕分離:HK$364']"
簡樸寨度假村（大石湖風景區店）,9.2,"['簡舍標準間:HK$325', '簡舍大床房:HK$325', '檐屋標準間:HK$347', '檐屋親子房:HK$402']"
桓仁漫谷度假小鎮,9.1,"['森林療愈樹屋精緻雙人房:HK$545', '溪谷雅緻雙床房:HK$545', '城堡園景大床房:HK$545', '溪谷雙床房:HK$654', '城堡山景大床房:HK$655']"
伴山小築民宿,9.3,"['標準間205:HK$220', '標準大床房201:HK$220', '標準間204:HK$220', '山景大床房202:HK$311']"
溪谷壹號温泉度假民宿,9.8,['麻將大床房515:HK$227']
本溪縣萃和園賓館,9.2,"['標準間（前樓）:HK$200', '標準雙人間（前樓）:HK$215', '豪華大床房（前樓）:HK$215', '豪華雙床房:HK$296']"
清雅居民宿,9.9,['清雅居山居温泉家庭房:HK$382']
石屹民宿,9.5,"['舒適大床房:HK$500', '舒適榻榻米房:HK$751', '山景大床房:HK$861', '豪華榻榻米房:HK$970']"
觀山居民宿,9.7,"['觀山山景房:HK$970', '沐陽山景房:HK$970', '盈月:HK$970', '雲瀾山景房:HK$970']"
本溪綠石谷温泉假日酒店,9.1,"['舒適雙床房:HK$336', '舒適大床房:HK$389', '親子三人房:HK$630', '家庭四人房:HK$743']"
桓仁蔡龍麟酒莊,8.6,"['簡約標準房:HK$228', '輕奢雙床房:HK$251', '標準雙床房:HK$274', '簡約大床房:HK$274']"
本溪湯溝依山壹墅,9.4,"['雙床房:HK$315', '主題大床房:HK$424', '主題親子房:HK$533', '榻榻米房:HK$642']"
本溪觀山湖熙康雲舍健康度假酒店,9.7,"['城堡園景雙床房:HK$1,112', '城堡山景雙床房:HK$1,221', '城堡山景温泉套房:HK$1,549', '城堡園景親子套房:HK$1,876', '温泉別墅雙床房:HK$1,986', '温泉別墅套房:HK$1,986']"
本溪森谷温泉民宿,9.1,"['森谷榻榻米温泉三人房+山景:HK$610', '幸福小屋（大床+榻榻米+山景）:HK$610', '遇見小屋（山景+方形泡池）:HK$610', '邂逅小屋（山景+方形泡池+麻將房）:HK$610']"
本溪縣假日温泉度假酒店,8.4,"['大床麻將房:HK$413', '特價大床房:HK$413', '特價標準間:HK$413', '高端商務標間:HK$475']"
桓仁邊石哈達生態農莊,8.3,"['標準間:HK$208', '生態木屋:HK$208', '知春:HK$1,867', '知夏:HK$1,867']"
本溪泓景源民宿,8.0,"['輕享三人房:HK$325', '舒適四人房:HK$402', '家庭五人房:HK$511']"
無憂小住民宿,10.0,"['侯雨:HK$218', '等風:HK$262', '無憂:HK$327', '拾光:HK$491']"
本溪縣楓林小院,9.4,"['標準暖炕房:HK$216', '精品家庭房:HK$282', '六人家庭房:HK$282', '精品榻榻米房:HK$304']"
7天酒店（本溪桓仁店）,9.2,"['新7天自在大床房（智能客控+電動馬桶+一次性面巾）:HK$277', '新7天舒適大床房（智能客控+電動馬桶+一次性面巾）:HK$303', '新7天舒適雙床房（智能客控+電動馬桶+一次性面巾）:HK$328']"
本溪溪谷故事民宿,9.2,['瑤芳~家庭房:HK$577']
本溪縣悠然的民宿,8.5,"['大床房:HK$295', '遠景大房:HK$448', '私密美宿單間:HK$459', '私密美宿套房:HK$544']"
溪谷小屋,9.5,['輕奢私湯大床房:HK$435']
