酒店名称,评分,房型价格列表
久治瀚世華庭大酒店,9.6,"['尊享大床房（全屋地暖+智能馬桶+智能窗簾）:HK$544', '尊享雙床房（智能馬桶+智能窗簾+全屋地暖）:HK$544', '豪華大床房（全屋彌散式醫用級供氧+地暖+加濕器）:HK$653', '山景雙床房（全屋彌散醫用級供氧+4K高清投影+加濕器）:HK$653']"
久治玉宮酒店,9.4,"['標準雙床房:HK$544', '大床房:HK$557', '豪華雙床房:HK$579', '豪華套房:HK$1,092']"
久治王府優選酒店,9.0,"['大床房:HK$391', '標準間:HK$391', '豪華標間（製氧機+加濕器）:HK$478', '豪華大床房（製氧機+加濕器）:HK$478']"
門堂大酒店,9.0,"['豪華雙床房:HK$236', '暖陽豪華雙床房:HK$247', '暖陽精緻三床房:HK$270', '豪華套房:HK$394']"
瑪沁高原賓館,8.1,"['豪華單間:HK$163', '標準雙人間:HK$163', '豪華三人套房:HK$245']"
達日結緣酒店,9.5,"['豪華大床房:HK$216', '標準雙床房:HK$260', '雪景有氧雙床房:HK$260']"
久治國尚時代酒店,8.7,"['豪華大床房:HK$461', '豪華標準間:HK$461', '豪華三人間:HK$671']"
久治忠誠商務大酒店,9.0,"['精品雙床房:HK$360', '精品情侶房:HK$360', '豪華精品氧吧標間:HK$508']"
瑪多扎陵湖酒店,8.8,['舒適富氧雙床房:HK$488']
久治玖月商務酒店,8.4,"['商務標間:HK$398', '豪華大床房:HK$402', '商務大床房:HK$424', '温馨三人間:HK$544']"
久治西姆措大酒店,7.9,"['普通標準間:HK$204', '豪華標準間:HK$212', '豪華大床房:HK$212', '豪華大標間:HK$221']"
瑪多天河酒店,8.6,"['標準單人間（氧氣房）:HK$293', '標準雙床房（氧氣房）:HK$293', '大床房（氧氣房）:HK$425', '精緻標準間（氧氣房）:HK$425']"
久治年寶金馬大酒店,8.9,"['特價房:HK$239', '豪華單人間:HK$249', '豪華大標間:HK$276']"
久治月光大酒店,8.5,"['大床房:HK$218', '標準間:HK$218']"
久治遇見大酒店,8.9,"['普通標間:HK$404', '豪華標間:HK$437', '三人間:HK$491']"
久治玉澳酒店,8.6,"['標間:HK$424', '單間:HK$434', '榻榻米:HK$446', '小套房:HK$448']"
瑪多雲丹康賽大酒店,8.0,"['豪華標間:HK$271', '大床房:HK$282']"
久治天珠酒店,8.7,"['標準大床房:HK$317', '標準雙床房:HK$326', '標準三人間:HK$367']"
久治陽光酒店,8.7,"['普通大床房:HK$358', '豪華三人間:HK$424', '豪華大床房:HK$434', '豪華雙床房:HK$434']"
久治寶來來賓館,6.6,"['經濟標間:HK$165', '標準間:HK$167', '大床房:HK$183']"
久治瑪域富饒酒店,8.6,"['大床房:HK$402', '標準間:HK$424']"
瑪沁錦峯國際飯店,8.8,[]
