酒店名称,评分,房型价格列表
翔熙酒店（榆林汽車站店）,9.4,"['雅緻雙床房:HK$277', '臻選雙床房:HK$314', '臻選大床房:HK$333', '雅緻套房:HK$370']"
榆林大景酒店,9.6,"['商務雙床房:HK$490', '商務大床房:HK$490', '城景雙床房:HK$523', '行政大床房:HK$621', '城景大床房:HK$643', '商務套房:HK$861']"
榆林勝利大酒店（火車站榆林二院店）,9.4,"['景觀雙床房:HK$321', '商務雙人房:HK$365', '電競雙床房:HK$375', '景觀大床房:HK$383', '電競大床房:HK$399']"
榆林萬達美華酒店（夫子廟老街店）,9.4,"['豪華雙床房:HK$376', '豪華大床房:HK$376', '高級豪華大床房:HK$431', 'MOMO主題套房:HK$642', '美華套房:HK$642']"
榆林人民大廈,9.4,"['豪華雙床房:HK$372', '豪華大床房:HK$471', '行政大床房:HK$484', '豪華雙床套房:HK$806', '豪華大床套房:HK$806', '二號樓園景行政大床房:HK$906']"
榆林榆陽區桔子水晶酒店,9.6,"['高級大床房【智能客控+電視投屏+真絲浴袍】:HK$542', '高級雙床房【智能客控+電視投屏+真絲浴袍】:HK$563', '豪華大床房【智能客控+電視投屏+真絲浴袍】:HK$592', '行政大床房【智能客控+電視投屏+真絲浴袍】:HK$643', '行政雙床房【智能客控+電視投屏+真絲浴袍】:HK$664']"
名悦蘭庭酒店（榆林中贏廣場店）,9.4,"['優享丨零壓雙床房【進口乳膠床墊+智能恆温馬桶+天貓精靈控制】:HK$216', '惠享丨舒適大床房【進口乳膠床墊+智能恆温馬桶+天貓精靈控制】:HK$224', '優享丨零壓大床房【進口乳膠床墊+智能恆温馬桶+天貓精靈控制】:HK$232', '尊享丨影音大床房【進口乳膠床墊+智能恆温馬桶+天貓精靈控制】:HK$251', '尊享丨高級雙床房【進口乳膠床墊+智能恆温馬桶+天貓精靈控制】:HK$251']"
榆林永昌國際大酒店,9.5,"['高級標準房:HK$401', '高級大床房:HK$470', '豪華大床房:HK$524', '小仙女主題房:HK$805', '小王子主題房:HK$805', '皇家套房:HK$882']"
全季酒店（榆林火車站建榆路店）,9.6,"['高級雙床房【65寸投屏電視+金可兒床墊】:HK$402', '高級大床房【65寸投屏電視+金可兒床墊】:HK$421', '商務雙床房【65寸投屏電視+智能客控+冰箱】:HK$421', '商務大床房【65寸投屏電視+智能客控+冰箱】:HK$439']"
SFEEL設計師酒店（榆林國貿中心店）,9.6,"['森系大床房（新風系統•綠植造景）:HK$501', '高級城景大床房（榻榻米休憩區•大落地窗•高層開闊視野）:HK$536', '森系雙床房（新風系統•綠植造景）:HK$536', '豪華城景大床房（榻榻米休憩區•大落地窗•高層開闊視野）:HK$572']"
榆林民生國際酒店,9.1,"['標準雙人間:HK$327', '標準大床間:HK$327', '豪華雙人間:HK$352', '豪華大床間:HK$383', '豪華親子間:HK$414']"
榆林鉑倫帝諾酒店（火車站店）,9.4,"['豪華大床房（全語音智能客控）:HK$282', '商務標準間（全語音智能客控）:HK$293', '商務大床房（全語音智能客控）:HK$293', '標準間:HK$293', '豪華標準間（全語音智能客控）:HK$326']"
榆林龍騰國際大酒店（夫子廟步行街店）,9.1,"['特惠標準間:HK$231', '普通標間:HK$291', '豪華標間:HK$342', '豪華單間:HK$342', '豪華套間:HK$424']"
榆林君宜國際大酒店（榆林火車站店）,8.8,"['商務雙床房:HK$237', '商務大床房:HK$289', '商務三人間:HK$295', '高級套房:HK$366', '家庭親子套房:HK$396']"
榆林金莎國際酒店,9.2,"['迷你大床房:HK$315', '豪華標間:HK$326', '豪華大床房:HK$326', '觀影標間:HK$326', '觀影大床房:HK$326']"
榆林榆陽西路火車站亞朵酒店,9.6,"['高級大床房:HK$353', '高級雙床房:HK$353', '行政大床房:HK$400', '行政雙床房:HK$400', '幾木大床房:HK$421']"
榆林德和厚酒店,9.0,"['豪華雙人間:HK$372', '豪華大床房:HK$388', '行政標間:HK$403', '普通套房:HK$450', '家庭套房:HK$543']"
榆林鵬達酒店,9.0,"['商務標間:HK$257', '商務大床房:HK$326', '豪華標間:HK$367', '豪華單間:HK$367', '豪華觀景大床房:HK$462']"
辰禾怡景酒店（榆林火車站文化路店）,9.4,"['輕雅雙床房:HK$235', '輕雅大床房:HK$257', '舒雅雙床房:HK$257', '靜雅雙床房:HK$280']"
喆.啡酒店（市政府榆林學院店）,9.3,"['醇享雙床房:HK$293', '醇享大床房:HK$293', '啡凡休閑雙床房:HK$326', '啡凡休閑大床房:HK$326']"
榆林榆神大廈,9.7,"['高級雙床房:HK$383', '高級大床房:HK$404', '高級套房:HK$830', '豪華套房:HK$1,059', '行政套房:HK$1,748']"
溪岸酒店（榆林高新開發區店）,9.6,"['特價雙床房（走廊窗）:HK$184', '特價大床房（走廊窗）:HK$184', '豪華雙床房:HK$211', '豪華大床房:HK$211']"
榆林容大國際酒店（榆林學院榆星優品廣場店）,9.5,"['標準雙床房:HK$276', '標準大床房:HK$276', '親子房:HK$405', '高級雙床房:HK$405', '高級大床房:HK$405']"
綠樹電競酒店（中贏廣場店）,9.7,['豪華雙床電競房:HK$425']
榆林萬國名園商務酒店,8.7,"['豪華標準間:HK$192', '豪華單人間:HK$227', '影院大床房:HK$238', '影院雙床房:HK$238']"
悅都酒店（榆林古城夫子廟店）,9.6,"['特惠大床房:HK$151', '特惠雙床房:HK$174', '高級商務雙人間:HK$195', '高級商務大床房:HK$195']"
山水棲居,9.1,"['望山:HK$728', '鹿鳴:HK$728', '雲漪:HK$737', '穀風:HK$737']"
漢庭酒店（榆林火車站店）,9.6,"['大床房:HK$216', '高級大床房:HK$227', '雙床房:HK$257', '商務大床房:HK$257']"
榆林優居美酒店,9.2,"['尊享 精緻雙床房:HK$144', '尊享 高級大床房:HK$151', '尊享 精緻大床房:HK$174', '尊享 高級家庭房:HK$174']"
E-3LUE·宜博電競酒店（榆林高新開發區店）,8.7,"['商務電競大床房（RTX3060）:HK$247', '浪漫情侶大床房[RTX3060]:HK$261', '商務電競二人間（RTX4070）:HK$269', '超速電競二人間[RTX4070]:HK$283']"
榆林樂橙酒店（夫子廟汽車站店）,8.4,"['高級雙床房:HK$142', '高級大床房:HK$142', '精選三人間（無窗）:HK$195', '尊享大床房:HK$216']"
榆林好兄弟電競酒店,8.3,"['舒適觀影雙床房:HK$118', '舒適觀影大床房:HK$118', '尊享觀影大床房:HK$219', '尊享觀影雙床房:HK$219']"
榆林旺角商務賓館（總店）,9.6,"['普通標準間（無窗）:HK$91', '普通大床房:HK$100', '豪華標準間:HK$128', '豪華大床房:HK$128']"
金逸達商務賓館,8.9,"['普通房:HK$96', '大床房:HK$128', '標準房:HK$128', '三人房:HK$147']"
萊客主題酒店（榆林市第五中學店）,9.0,"['舒適大床房:HK$121', '舒適雙床房:HK$129', '豪華雙床房:HK$138', '豪華大床房:HK$138']"
榆林七彩主題賓館（二街汽車南站店）,8.8,"['標準間:HK$100', '浪漫圓床房:HK$100', '大床房:HK$110', '水床:HK$119']"
榆林翔鷺主題賓館,7.1,"['精品大床房:HK$140', '精品標準間:HK$140', '舒適三人間:HK$173']"
榆林情緣賓館（榆星廣場店）,8.5,"['標準大床房:HK$94', '標準雙人間:HK$114', '落地窗觀景大床房:HK$126', '落地窗觀景標準間:HK$126']"
榆林金榆假日酒店,7.7,"['普通標準雙床房（走廊窗户）:HK$140', '普通標準大床房（走廊窗户）:HK$140', '主題浪漫圓床房（走廊窗户）:HK$151', '豪華雙床房:HK$173']"
榆林橫山精華府酒店,7.8,"['標準間:HK$96', '大床房:HK$96', '商務標間:HK$98', '豪華三人間:HK$129']"
榆林龍泰大酒店,7.1,"['標準間:HK$129', '大床房:HK$140', '豪華大床房:HK$157', '豪華標準間:HK$167']"
榆林雅園酒店（橫山汽車站店）,8.0,"['大床房:HK$96', '標準間:HK$96', '豪華標準間:HK$118', '麻將大床房:HK$140']"
榆林蘭蒂假日酒店,2.8,"['浪漫圓床房:HK$120', '大床房:HK$131', '普通標間:HK$140']"
榆林萬華天居賓館,5.4,"['普通雙人間:HK$93', '標準大床房:HK$123', '標準雙床房:HK$123', '普通三人間:HK$123']"
榆林靖邊希爾頓歡朋酒店,9.4,"['舒適大床房:HK$432', '舒適雙床房:HK$451', '高級大床房:HK$461', '高級雙床房:HK$480', '豪華大床房:HK$509']"
美綸酒店（靖邊店）,9.5,"['零壓大床房:HK$305', '高級零壓大床房:HK$333', '高級零壓雙床房:HK$361', '親子影院房:HK$463']"
維也納國際酒店（靖邊店）,9.5,"['行政大床房:HK$308', '景觀大床房:HK$354', '景觀套房:HK$546']"
靖邊阜美雅緻酒店,9.3,"['阜美商務雙床房:HK$238', '阜美商務大床房:HK$260', '阜美雅緻雙床房:HK$282', '阜美雅緻大床房:HK$282', '阜美陽光大床房:HK$314']"
神木凱漠國際酒店,9.7,"['特惠行政標準間:HK$315', '特惠行政大床房:HK$348', '行政標準間:HK$370', '行政大床間:HK$370', '商務行政大床房:HK$392']"
神木亞華茵海瑞特酒店,9.3,"['高級標準間:HK$315', '高級大床間:HK$315', '豪華大床間:HK$413', '行政套房:HK$621']"
