酒店名称,评分,房型价格列表
江門名冠金凱悦酒店,9.4,"['高級雙床房:HK$491', '高級大床房:HK$518', '豪華大床房:HK$533', '豪華雙床房:HK$533', '商務大床房:HK$577', '養生主題大床房（智能馬桶）:HK$577']"
Wish文旭酒店（台山昌大昌廣場店）,9.7,"['優享高級大床房（精緻房型）:HK$294', '高級大床房（高級精緻房型）:HK$315', '豪華雙床房:HK$348', '豪華大床房:HK$359', '豪華景觀雙床房:HK$370']"
江門江海智選假日酒店,9.3,"['雅緻大床房（帶冰箱）:HK$354', '雅緻雙床房（帶冰箱）:HK$378', '豪華雙床房（帶冰箱）:HK$391', '豪華大床房（帶冰箱）:HK$400', '商務特大床房（帶冰箱）:HK$403']"
柏麗泉智酒店（江門濱江體育中心店）,9.7,"['尊享智能大床房（空間感強+全屋智能+60寸投屏+冰箱）:HK$281', '城央觀景大床房（180°觀景+冰箱+智能馬桶）:HK$352', '尊享智能雙床房（智能客控+冰箱+智能馬桶）:HK$359', '攬江閲景雙床房（一線江景+冰箱+智能馬桶 ）:HK$382', '浪漫嬉水觀影大床房（膠囊coffee機+解壓浴缸+巨幕投影）:HK$436']"
江門新會碧桂園鳳悦鳳凰酒店,9.4,"['特惠雙床房:HK$456', '高級大床房:HK$515', '高級雙床房:HK$530', '豪華雙床房:HK$582', '豪華大床房:HK$582', '豪華觀景雙床房:HK$620']"
全季酒店（江門東站江海萬達廣場店）,9.6,"['大床房（65寸投屏電視+智能馬桶+加濕器）:HK$371', '商務雙床房（65寸投屏電視+智能馬桶+小冰箱+加濕器）:HK$371', '高級大床房（65寸投屏電視+智能馬桶+加濕器）:HK$402', '家庭房（65寸投屏電視+智能馬桶+小冰箱+加濕器）:HK$402']"
漢庭酒店（江門三十三墟街地王廣場店）,9.6,"['大床房:HK$226', '高級雙床房:HK$226', '高級大床房:HK$245', '套房:HK$273']"
赤坎古鎮金墟酒店,9.1,"['高級大床房:HK$971', '大床房:HK$1,024', '無障礙大床房:HK$1,024', '陽台大床房:HK$1,069', '高級雙床房:HK$1,069', '雙床房:HK$1,134']"
江門珺璟麥客達温德姆酒店,9.5,"['高級大床房（65寸投屏電視+智能客控）:HK$332', '高級城景大床房（65寸投屏電視+智能客控）:HK$365', '高級城景雙床房（65寸投屏電視+智能客控）:HK$365', '豪華逸境大床房（65寸投屏電視+智能客控+親膚浴袍）:HK$397', '豪華逸境雙床房（65寸投屏電視+智能客控+親膚浴袍）:HK$397']"
江門御泉湖居温泉酒店,9.0,"['湖景一居室套房:HK$394', '湖景二居室套房:HK$522', '行政二居室套房:HK$785', '湖景三居室套房:HK$960', '湖景四居室套房:HK$1,233']"
江門古兜温泉竹苑雲居酒店,9.3,"['星空温泉套房（室內觀星私泡池）:HK$698', '竹河畔温泉套房（露台私泡池）:HK$839']"
江門富力萬達嘉華酒店,9.4,"['豪華雙床房:HK$589', '豪華大床房:HK$589', '豪華大床房（深睡床墊+獨立浴缸+Acca Kappa洗護用品）:HK$623', '豪華雙床房（深睡床墊+獨立浴缸+Acca Kappa洗護用品）:HK$623', '高級豪華雙床房:HK$661', '高級豪華大床房:HK$661']"
開平拾月酒店（大潤發店）,9.1,"['拾趣高級大床房:HK$246', '拾語商務雙床房:HK$278', '拾日豪華大床房:HK$278', '拾光花園雙床房:HK$285']"
凱里亞德酒店（江門蓬江江門大道店）,9.5,"['輕享大床房（靜謐舒適+DaLvmo床墊+全屋智控）:HK$258', '優享雙床房（深度睡眠+DaLvmo床墊+城景飄窗）:HK$291', '優享大床房（深度睡眠+DaLvmo床墊+城景飄窗）:HK$301', '尊享雙床房（深度睡眠+DaLvmo床墊+高層觀景）:HK$325']"
合意輕奢酒店（江門東站江海萬達廣場店）,9.6,"['時尚大床房「智能語音客控•零壓乳膠床墊•深眠乳膠枕」:HK$220', '高級大床房「語音客控•零壓床墊•深眠乳膠枕•智能馬桶」:HK$235', '高級雙床房「語音客控•零壓床墊•深眠乳膠枕•智能馬桶」:HK$253', '尊享雙床房「功夫茶具•小冰箱•零壓床墊•深眠乳膠枕」:HK$265']"
赤坎古鎮開平會館,9.3,"['民國風雅緻陽光大床房B:HK$836', '南洋風復古主題雙床房B:HK$836', '南洋風桃木舒適大床房:HK$847', '民國風雅緻雙窗大床房A:HK$1,048', '民國風騎樓陽台雙床房:HK$1,070']"
開平潭江半島酒店,9.4,"['商務大床房:HK$466', '商務雙床房:HK$466', '豪華大床房:HK$543', '豪華雙床房:HK$543', '商務套房:HK$663', '行政大床房:HK$698']"
山水S酒店（江門蓬江萬達廣場店）,9.6,"['智能特惠大床房-帶冰箱+洗衣機:HK$311', '智能輕奢大床房-帶冰箱洗衣機:HK$328', '智能輕奢雙床房-帶冰箱洗衣機:HK$334', '智能優享親子房-帶冰箱洗衣機:HK$351']"
江門奧普斯酒店（江門東站店）,9.4,"['悦品大床客房:HK$194', '複式豪華大床房:HK$229', '複式奧趣家庭雙床房:HK$270', '豪華大床房:HK$274']"
維也納國際酒店（江門開平店）,9.6,"['豪華大床房:HK$409', '商務大床房:HK$426', '商務雙床房:HK$443', '江景大床房:HK$461', '親子大床房:HK$495']"
赤坎古鎮美堂酒店,9.5,"['商務雙床房:HK$1,527', '豪華雙床房:HK$1,532', '商務陽台大床房:HK$1,669', '豪華大床房:HK$1,702', '商務陽台雙床房:HK$1,855', '豪華陽台大床房:HK$2,029']"
台山昌大昌萬楓酒店,9.5,"['標準大床房:HK$486', '標準雙床房:HK$486', '高級大床房:HK$517', '高級雙床房:HK$517', '高級景觀大床房:HK$548']"
江門華茵廣場亞朵酒店,9.6,"['雅緻房 （投屏電視+小冰箱）:HK$460', '高級大床房 （投屏電視+小冰箱）:HK$500', '行政大床房 （投屏電視+小冰箱）:HK$541', '行政雙床房 （投屏電視+小冰箱）:HK$541', '幾木大床房 （投屏電視+小冰箱+親膚浴袍+1代深睡枕PRO）:HK$601']"
江門三木裏酒店（江海站白水帶公園店）,9.7,"['暢元大床房（治癒小飄窗）:HK$244', '星元榻榻米房（浪漫原木日式風）:HK$257', '幾木大床房（深睡床墊+休閑榻榻米區）:HK$284', '極簡雙人房（文藝休閑大飄窗）:HK$298', '高級大床房（帶冰箱+記憶枕+山景）:HK$334']"
台山曼麗酒店,9.2,"['智能音樂大床房:HK$317', '智能音樂雙床房:HK$333', '豪華智能音樂大床房:HK$353', '豪華智能音樂雙床房:HK$353', '智能音樂子母房:HK$372']"
台山文華雅詩酒店,9.5,"['雅詩·樂享‖智控陽台雙床房:HK$358', '雅詩·樂享‖智控陽台大床房:HK$358', '雅詩·優享‖舒適行政大床房:HK$411', '雅詩·優享‖舒適行政雙床房:HK$411', '雅詩·靜享‖智臻夜景大床房:HK$431']"
江門東站嘉華廣場智選假日酒店,9.5,"['高級房大床（投屏電視）:HK$327', '高級房雙床（投屏電視）:HK$327', '高級房雙床無障礙（投屏電視）:HK$374', '高級房大床（投屏電視+小冰箱+智能音箱）:HK$374', '開放式套房大床（投屏電視+小冰箱+智能音箱）:HK$845']"
江海碧桂園鳳悦鳳凰酒店（江門東站店）,9.5,"['高級雙床房:HK$325', '高級大床房:HK$325', '豪華雙床房:HK$358', '豪華大床房:HK$358', '行政大床房:HK$445']"
山水富麗華酒店（江門站店）,9.5,"['智能暢享雙床房（小度全屋智能＋洗衣機＋智能馬桶）:HK$403', '智能暢享大床房（小度全屋智能＋洗衣機＋智能馬桶）:HK$414', '智能夢享浪漫主題房（小度全屋智能＋浪漫浴缸＋智能馬桶）:HK$436', '智能臻享茶語豪華大床房（小度全屋智能＋洗衣機＋解壓浴缸）:HK$479', '智能樂享親子雙床房（全屋智能＋洗衣機＋智能馬桶）:HK$490']"
非繁城品酒店（新會步行街店）,9.5,"['非繁高級大床房【高層景觀+賽諾枕頭+星級深睡床墊】:HK$339', '非繁高級雙床房【高層景觀+賽諾枕頭+星級深睡床墊】:HK$339', '智享大床房【智能客控+賽諾枕頭+深睡床墊+高層景觀】:HK$350', '智享雙床房【智能客控+賽諾枕頭+深睡床墊+高層景觀】:HK$371', '純凈大床房（空氣凈化器+即熱水壺+賽諾枕頭+深睡床墊）:HK$399']"
柏麗泉智酒店（江門東站江海廣場店）,9.6,"['輕奢暢享大床房:HK$244', '輕奢優享大床房:HK$281', '輕奢優享雙床房:HK$281', '輕奢尊享大床房-帶冰箱:HK$317']"
全季酒店（江門鶴山大道店）,9.4,"['高級大床房（65寸投屏電視+智能馬桶+智能客控+小冰箱）:HK$264', '商務大床房（65寸投屏電視+智能馬桶+智能客控+小冰箱）:HK$283', '豪華大床房（65寸投屏電視+智能馬桶+智能客控+小冰箱）:HK$302', '高級雙床房（65寸投屏電視+智能馬桶+智能客控+小冰箱）:HK$302']"
江門亞洲福永酒店（古兜温泉店）,8.7,"['豪華雙床房:HK$507', '雅緻大床房:HK$507', '童趣一房一廳親子大床房:HK$611', '豪華大床套房:HK$611', '豪華雙床套房:HK$611']"
凱里亞德酒店（江門東站店）,9.6,"['優享雙床房（小度全屋智能+手機投屏+愉夢床墊）:HK$237', '優享大床房（小度全屋智能+手機投屏+愉夢床墊）:HK$248', '榮享家庭大床房（小度全屋智能+手機投屏+愉夢床墊）:HK$258', '榮享大床房（小度全屋智能+手機投屏+愉夢床墊）:HK$269']"
菁木山舍.耕穡堂（台山店）,9.6,"['晴原 | 大床房+湯泉:HK$906', '淺山 | 山景榻榻米套房+湯泉:HK$1,111', '微雨 | 山景榻榻米套房+壁爐+浴缸:HK$1,318', '白露 | 山景榻榻米套房+浴缸:HK$1,318']"
城市便捷酒店（江門開平東滙城店）,9.4,"['智能標準大床房（高質量睡眠）:HK$289', '智能高級大床房（智能客控+採光視野好+高質量睡眠）:HK$310', '智能商務大床房（智能客控+採光視野好+高質量睡眠）:HK$331', '智能豪華雙床房（智能客控+採光視野好+高質量睡眠）:HK$342']"
柏高·雅酒店（江門新會時代店）,9.5,"['高級大床房（洗衣烘乾機+55寸電視可投屏+ 小冰箱）:HK$322', '商務雙床房（洗衣烘乾機+55寸電視可投屏+小冰箱）:HK$346', '花園豪華大床房（户外花園+55寸電視可投屏+小冰箱）:HK$352', '商務大床房（洗衣烘乾機+55寸電視可投屏+小冰箱）:HK$395', '影音豪華大床房（100寸超大投影可投屏+超大落地窗）:HK$401']"
赤坎古鎮長盛旅店,9.3,"['舒享雙床房:HK$970', '舒享大床房B:HK$970', '舒享景觀大床B:HK$1,134', '舒享景觀雙床房:HK$1,134', '酷芽豬豬俠主題舒享雙床房:HK$1,134']"
綠島假日酒店（江門萬達店）,9.1,"['僑鄉印象單人房:HK$314', '僑鄉印象雙人房:HK$314', '優享房:HK$370', '僑鄉印象三人房:HK$434']"
江門麗宮國際酒店,9.0,"['B座陳韻雅緻雙床房:HK$326', 'B座陳韻雅緻大床房:HK$336', 'A座高級雙床房:HK$394', 'A座高級大床房:HK$394', 'A座豪華雙床房:HK$427']"
江門古兜皇家SPA酒店,7.8,"['松風呂（一房一廳）:HK$835', '唐宮小貴妃湯温泉套房（帶私家泡池）:HK$971', '唐宮大貴妃湯温泉套房（帶私家泡池）:HK$1,164', '唐宮明皇湯温泉套房（帶私家泡池）:HK$1,164', '唐宮温泉三合院（帶私家泡池）:HK$3,032']"
曼陀倫Plus智能酒店（江門和興廣場五邑華僑廣場店）,9.2,"['曼優榻榻米大床房:HK$345', '曼優城景大床房:HK$358', '曼大師光影大床房[巨幕投影VIP特權+高空地標夜景]:HK$372', '曼雅城景大床房[高空城景+大落地窗+手機投屏]:HK$385', '曼雅城景雙床房[超大床+小童牙刷&拖鞋]:HK$392']"
台山玄潭原舍,9.6,"['日夕佳屋:HK$542', '飛鳥屋:HK$588', '悠然屋:HK$711', '見南山屋:HK$711']"
江門邑澗酒店（江門五邑華僑廣場店）,9.3,"['澗汐·茶文化迷你房-功夫茶具:HK$232', '澗真·茶文化雅居房-功夫茶具:HK$301', '澗思·茶文化景觀大床房-功夫茶具:HK$317', '邑靜·茶文化雙床房-功夫茶具:HK$364']"
歐斯卡國際酒店（開平客運總站店）,9.3,"['（智能）精品投影房:HK$289', '（智能）別緻大床房:HK$299', '（智能）超大幕布影院房:HK$365', '（智能）豪華大床房:HK$375']"
江門古兜天際温泉酒店,8.0,"['畔山高級雙床房:HK$609', '映泉景觀雙床房:HK$671', '畔山高級大床房:HK$733']"
全季酒店（江門雙龍廣場店）,9.5,"['高級大床房（65寸投屏電視+智能馬桶+智能客控+小冰箱）:HK$340', '豪華雙床房（65寸投屏電視+智能馬桶+智能客控+小冰箱）:HK$340', '商務大床房（65寸投屏電視+智能馬桶+智能客控+小冰箱）:HK$369', '豪華大床房（65寸投屏電視+智能馬桶+智能客控+小冰箱）:HK$397', '家庭房（65寸投屏電視+智能馬桶+智能客控+小冰箱）:HK$453']"
懶貓名宿,9.9,"['聽雨大床房:HK$666', '田野大床房:HK$753', '初曉大床房:HK$753', '觀星蜜月陽台大床房:HK$895']"
江門新會陳皮紅木酒店（新會體育中心店）,9.2,"['豪華大床房【街景+辦公桌+深睡乳膠枕】:HK$295', '豪華雙床房【新會柑園景+辦公桌+深睡乳膠枕】:HK$322', '優享高級大床房【智能客控、全自動馬桶、霧化玻璃】:HK$348', '影音高級大床房【暢享會員+手機可投屏+120寸巨幕】:HK$348']"
恩平山泉灣温泉酒店,8.9,"['高級山景雙床房:HK$602', '高級山景子母房:HK$602', '高級山景大床房:HK$609', '特價雙床房:HK$609', '高級水景子母房:HK$656']"
