酒店名称,评分,房型价格列表
泰州老街柳園亞朵酒店,9.6,"['雅緻大床房:HK$323', '高級大床房:HK$332', '高級雙床房:HK$332', '行政景觀大床房（室內造景）:HK$422', '行政大床房（原生態裸棉A類床品）:HK$449']"
泰州海陵希爾頓歡朋酒店,9.2,"['舒適大床房:HK$366', '舒適雙床房:HK$366', '高級大床房:HK$370', '高級雙床房:HK$370', '豪華雙床房:HK$383']"
花築奢·泰州老街鳳城河酒店,9.7,"['行政院景大床房【智能客控+小度音響+冰箱】:HK$865', '行政景觀大床房【露天泡池+智能客控+小度音響+冰箱】:HK$1,904', '高級景觀露台大床房【智能客控+小度音響+冰箱】:HK$2,095', '高級院景雙床房【智能客控+小度音響+冰箱】:HK$2,151', '豪華觀景大床房【智能客控+小度音響+冰箱+智能馬桶】:HK$2,190']"
世紀緣國際酒店（泰州高港店）,9.6,"['精緻雙床房（智能窗簾+智能馬桶）:HK$271', '夢百合零壓雙床房（帶零壓床墊＋記憶枕）:HK$282', '高級雙床房（智能窗簾+智能馬桶+小冰箱）:HK$309', '高級大床房（智能窗簾+智能馬桶+小冰箱）:HK$309', '夢百合零壓大床房（帶零壓床墊＋記憶枕）:HK$326']"
泰州海陵迎春東路亞朵酒店,9.6,"['雅緻大床房（智能小度+65寸投屏+智能馬桶+慢回彈護頸記憶枕）:HK$305', '高級雙床房（智能小度+65寸投屏+智能馬桶+慢回彈護頸記憶枕）:HK$314', '高級大床房（智能小度+65寸投屏+智能馬桶+慢回彈護頸記憶枕）:HK$314', '行政大床房（智能小度+65寸投屏+Minibar+智能馬桶+慢回彈護頸記憶枕）:HK$431', '幾木大床房（智能小度+Minibar+親膚浴袍+深睡PRO枕+舒享智能按摩器）:HK$440']"
文旅·美麗豪酒店（泰州老街鳳城河景區店）,9.4,"['精緻影院房:HK$233', '精緻大床房:HK$233', '麗豪雙床房:HK$255', '電競大床房:HK$255', '電競雙床房:HK$266']"
鴻途酒店（海陵坡子街鳳城河景區店）,9.4,"['舒適房:HK$219', '春風大床房:HK$235', '秋月雙床房:HK$235', '夏雨大床房:HK$248']"
泰州老街茂業天地亞朵酒店,9.6,"['高級大床房（普蘭特床墊+慢回彈護頸記憶枕）:HK$305', '高級雙床房（普蘭特床墊+慢回彈護頸記憶枕）:HK$305', '行政雙床房（普蘭特床墊+慢回彈護頸記憶枕+小冰箱）:HK$341', '行政大床房（普蘭特床墊+慢回彈護頸記憶枕+小冰箱）:HK$341', '高級套房（普蘭特床墊+慢回彈護頸記憶枕+小冰箱）:HK$413']"
全季酒店（泰州醫葯城會展中心店）,9.5,"['大床房:HK$275', '雙床房:HK$284', '高級大床房:HK$293', '商務雙床房:HK$302']"
泰州美居酒店（老街萬達廣場店）,9.5,"['標準大床房:HK$306', '高級大床房:HK$354', '高級雙床房:HK$373', '豪華大床房:HK$383', '嘉賓雙床房:HK$402']"
亞朵酒店（泰州市政府梅蘭東路店）,9.7,"['高級大床房:HK$296', '高級雙床房:HK$305', '行政大床房:HK$350', '行政雙床房:HK$359', '尊享大床房:HK$386']"
泰州中心皇冠假日酒店,9.5,"['高級房 超大床:HK$482', '高級房 2張雙人床:HK$482', '高級房:HK$482', '豪華房 超大床:HK$560', '豪華房 2張雙人床:HK$560', '豪華行政房 超大床:HK$744']"
泰州會賓樓麗呈酒店,9.3,"['行政湖景大床房:HK$381', '行政湖景雙床房:HK$381', '行政城景雙床房:HK$381', '親子房:HK$417', '海底小縱隊親子房:HK$468']"
漢庭酒店（泰州萬象城金融中心店）,9.8,"['大床房:HK$255', '高級大床房:HK$265', '高級雙床房:HK$265', '商務大床房:HK$275']"
泰州世茂茂御酒店,9.5,"['新區風情·城市景觀雙床房:HK$360', '新區風情·城市景觀大床房:HK$360', '茂御夢境·零壓睡眠房（帶可升降按摩床+空氣凈化器）:HK$414', '植被氧吧·陽台自然雙床房:HK$478', '植被氧吧·陽台自然大床房:HK$478', '24小時行政書房大床房:HK$503']"
沐江南酒店（泰州醫葯城店）,9.8,"['靜享 | 高級大床房:HK$218', '尚享 | 豪華大床房:HK$224', '致享 | 商務雙床房:HK$241', '暢享 | 商務套房:HK$306']"
泰州天德湖賓館,9.5,"['高級雙床房:HK$364', '高級大床房:HK$364', '雅緻大床房:HK$437', '雅緻雙床房:HK$437', '景觀雙床房:HK$588', '景觀大床房:HK$588']"
全季酒店（泰州步行街稻河景區店）,9.5,"['雙床房:HK$302', '高級大床房:HK$312', '商務大床房:HK$332', '商務雙床房:HK$341']"
如家精選酒店（泰州高港揚子江北路店）,9.6,"['大床房【夢百合乳膠床墊+電視可投屏+智能客房+大窗】:HK$154', '商務大床房【夢百合乳膠床墊+智能客房+大窗】:HK$179', '雙床房【夢百合乳膠床墊+電視可投屏+智能客房+大窗】:HK$196', '安心睡零壓大床房【石墨烯厚墊+智能客房+大窗】:HK$205']"
智選假日酒店（泰州萬象城金融廣場店）,9.3,"['雙床房（內窗.無障礙）:HK$225', '高級房-雙床:HK$233', '大床房（內窗）:HK$233', '高級房-大床:HK$241', '智選高級房-雙床:HK$257']"
全季酒店（姜堰三水廣場大潤發店）,9.6,"['大床房:HK$293', '高級雙床房:HK$302', '高級大床房:HK$312', '商務雙床房:HK$322']"
金東明都酒店,9.4,"['高級雙床房:HK$205', '高級大床房:HK$216', '行政大床房:HK$260', '商務雙床房:HK$277', '商務大床房:HK$294']"
泰州春蘭國賓館（老街店）,8.9,"['ABC幢商務房:HK$308', '主樓行政雙床房:HK$353', '主樓行政大床房:HK$362', '主樓雅緻大床房:HK$403', '二三號樓高級行政房:HK$426']"
你好酒店（泰州姜堰溱湖大道店）,9.2,"['高級大床房:HK$198', '雙床房:HK$218', '商務大床房:HK$218', '商務雙床房:HK$236']"
泰州中國醫葯城智選假日酒店,9.4,"['智選高級雙床房:HK$285', '智選高級大床房:HK$285', '智選豪華大床房:HK$332', '智選豪華雙床房:HK$332', '商務套房:HK$426']"
泰州萬達廣場錦江都城酒店,9.4,"['時尚大床房:HK$207', '時尚雙床房:HK$207', '精緻雙床房:HK$235', '風雅雙床房:HK$262']"
泰州金姜堰維景國際大酒店,9.5,"['高級大床房:HK$446', '高級雙床房:HK$446', '商務大床房:HK$512', '豪華大床房:HK$654', '行政豪華大床房:HK$840', '行政貴賓套房:HK$1,167']"
桔子酒店（泰州萬象城金融廣場店）,9.5,"['高級雙床房:HK$287', '大床房:HK$296', '商務高級雙床房:HK$306', '高級大床房:HK$316', '商務高級大床房:HK$334']"
全季酒店（泰州萬象城金融中心店）,9.5,"['高級雙床房:HK$302', '大床房:HK$322', '商務雙床房:HK$331', '高級大床房:HK$350']"
宜必思·尚品酒店（泰州姜堰電視台店）,9.5,"['大床房:HK$170', '雙床房:HK$179', '高級大床房:HK$189', '高級雙床房:HK$198']"
泰州萬怡酒店,9.6,"['豪華大床房:HK$453', '豪華雙床房:HK$453', '尊享大床房:HK$517', '尊享雙床房:HK$517', '行政大床房:HK$708', '行政雙床房:HK$708']"
貓貓屋智慧酒店（泰州姜堰步行街時代廣場店）,9.3,"['雅緻大床房（全屋智能）:HK$134', '高級智能大床房（全屋智能+乳膠床墊）:HK$142', '豪華智能雙床房（雙人沙發+全屋智能+乳膠床墊）:HK$152', '豪華智能大床房（雙人沙發+全屋智能+乳膠床墊）:HK$162']"
泰州維景國際大酒店,9.3,"['城景高級大床房:HK$403', '城景高級雙床房:HK$403', '城景豪華大床房:HK$425', '城景豪華雙床房:HK$425', '城景行政標準大床房:HK$457', '城景行政標準雙床房:HK$457']"
泰州皇廷國際大酒店,9.4,"['高級大床房:HK$370', '高級雙床房:HK$370', '棋牌房:HK$473', '皇廷特色大床房:HK$483', '舒享大床房:HK$503']"
泰州醫葯城瑞貝庭公寓酒店,9.2,"['豪華大床房:HK$231', '豪華雙床房:HK$231', '家庭房:HK$258', '高級套房:HK$305', '豪華套房:HK$379']"
泰州姜堰賓館,9.4,"['喜悦房:HK$282', '雅緻豪華雙床房:HK$326', '雅緻豪華大床房:HK$326', '臻選無煙大床房:HK$350', '尊爵行政大床房:HK$425']"
格林東方酒店（泰州揚子江北路明發國際廣場店）,9.5,"['東方大床房:HK$237', '商務大床房:HK$237', '豪華雙床房:HK$246', '豪華大床房:HK$246']"
泰州六和境禪意庭院民宿,9.5,"['境悦大床房.新中式庭院景觀+品茗空間+小童活動區+書吧:HK$261', '境享大床房.新中式庭院景觀+窗外景+品茗空間:HK$289', '境享茶道大床房.觀景+品茗空間:HK$317', '境雅雙床房+窗外園林景+品茗空間:HK$414']"
全季酒店（泰州高港口岸雕花樓店）,9.6,"['高級大床房:HK$246', '商務大床房:HK$265', '豪華大床房:HK$284', '高級雙床房:HK$293']"
泰州康勃萊鳳凰酒店,9.3,"['豪華大床房:HK$269', '豪華雙床房:HK$277', '三人間:HK$417', '商務套房:HK$417', '行政套房:HK$556']"
泰州凱文大酒店,9.2,"['商務大床房（無窗）:HK$217', '高檔雙床房:HK$228', '行政雙床房:HK$251', '豪華家庭房:HK$326']"
泰州今璽酒店,9.5,"['嵐楓大床房:HK$258', '嵐楓標準房:HK$258', '嵐楓影音房:HK$302', '今璽大床房:HK$313', '今璽標準房:HK$313']"
泰州美麗華大酒店,9.0,"['高級雙床房:HK$221', '高級大床房:HK$228', '特價標準間:HK$229', '特價大床房:HK$229', '豪華雙床房:HK$335']"
泰州金黃河大酒店,9.4,"['金尊標間:HK$381', '金尊單間:HK$394', '金尊行政套房:HK$723']"
泰州茂業天地美侖酒店,9.7,"['大床房（冰箱-電視投屏）:HK$292', '高級大床房（浴缸-小冰箱）:HK$320', '雙床房（冰箱-電視投屏）:HK$329', '商務大床房（浴缸-小冰箱）:HK$349', '商務雙床房（冰箱-電視投屏）:HK$358']"
泰州海燕金陵國際大酒店,9.7,"['豪華雙床房:HK$446', '豪華大床房:HK$446', '行政大床房:HK$468', '行政雙床房:HK$468', '睡眠大床房:HK$567']"
泰州子墨精品酒店（鳳城河老街店）,9.6,"['子墨·零壓舒適大床房:HK$286', '子墨·零壓舒適雙床房:HK$305', '子墨·雅緻大床房:HK$314', '子墨·星空露台大床房:HK$324']"
全季酒店（泰州廣場祥泰路店）,9.3,"['高級大床房:HK$275', '商務雙床房:HK$284', '商務大床房:HK$293', '豪華大床房:HK$312']"
全季酒店（泰州姜堰區政府店）,9.5,"['高級大床房A:HK$255', '雙床房:HK$265', '高級大床房:HK$275', '商務雙床房:HK$284']"
曼美酒店（姜堰三水廣場大潤發店）,9.5,"['精選大床房[零壓床墊+小度智能]:HK$162', '商務雙床房[零壓床墊+小度智能]:HK$164', '商務大床房[零壓床墊+小度智能]:HK$183', '高級大床房[零壓床墊+小度智能]:HK$195']"
