酒店名称,评分,房型价格列表
泰安泰山天外村希爾頓歡朋酒店,9.8,"['舒適大床房:HK$489', '舒適雙床房:HK$517', '高級大床房:HK$537', '高級雙床房:HK$565', '豪華大床房:HK$633']"
全季酒店（泰安泰山景區店）,9.7,"['高級大床房:HK$363', '商務大床房:HK$409', '雙床房:HK$474', '商務家庭房:HK$531']"
建國璞隱酒店（泰安泰山店）,9.7,"['凌霜居｜禪意雙床房:HK$386', '詠蘭居｜禪意大床房:HK$386', '暗香居｜山景陽台大床房:HK$423', '凌霜居｜山景雙床房:HK$433', '凌霜居｜山景泡池雙床房:HK$433', '幽篁居｜山景泡池雙床房:HK$480']"
泰安岱嶽區高鐵站漫亭酒店,9.8,"['雅緻大床房丨小度智能客控:HK$279', '雅緻雙床房丨小度智能客控:HK$279', '零壓大床房丨小度智能客控:HK$361', '零壓雙床房丨小度智能客控:HK$361', '温馨家庭房丨小度智能客控:HK$491']"
泰安東尊華美達廣場酒店,9.6,"['A座標準雙床房:HK$468', 'A座標準大床房:HK$501', 'A座山景雙床房:HK$536', 'A座山景大床房:HK$569', 'A座星奇寶貝親子大床房:HK$569', 'A座星奇寶貝親子雙床房:HK$569']"
花築·泰山橡薇民宿（紅門登山口店）,9.7,"['秋分·庭院大床房:HK$327', '冬至·觀景大床房:HK$347', '穀雨·温馨家庭房:HK$435', '夏至·家庭雙床房:HK$473']"
泰安溪悦山居酒店,9.7,"['高級大床房:HK$303', '高級雙床房:HK$303', '豪華大床房:HK$343', '豪華雙床房:HK$343', '家庭房:HK$404']"
泰山大酒店,9.6,"['泰山景觀雙床房:HK$413', '岱廟觀景雙床房:HK$435', '零壓觀景雙床房:HK$435', '泰山景觀大床房:HK$457', '零壓觀景大床房:HK$457']"
漢庭酒店（泰安萬達廣場店）,9.7,"['高級大床房（零壓床墊+智能馬桶）:HK$261', '商務大床房（零壓床墊+智能馬桶）:HK$312', '高級雙床房（零壓床墊+智能馬桶）:HK$321', '家庭房（零壓床墊+智能馬桶）:HK$362']"
泰安瓊花島酒店,9.6,"['雅緻雙床房:HK$370', '雅緻大床房:HK$370', '輕奢園景雙床房（逸景陽台+智能客控）:HK$394', '輕奢園景大床房（逸景陽台+智能客控+特大床）:HK$394', '商務湖景雙床房（攬湖觀山露台+智能客控）:HK$437', '商務湖景大床房（攬湖觀山露台+智能客控+特大床）:HK$437']"
泰安泰山溪美隱居酒店（岱廟景區店）,9.6,"['尊享大床房（零壓床墊+小度智能客控+智能馬桶）:HK$309', '尊享雙床房（零壓床墊+小度智能客控+智能馬桶）:HK$332', '尊貴山景大床房（零壓床墊+小度智能客控+智能馬桶）:HK$342', '山景按摩零壓大床房（按摩椅+智能小度+零壓床墊）:HK$398']"
泰安隱居大酒店,9.7,"['高級大床房（觀景落地窗+戴森吹風機）:HK$424', '高級雙床房（觀景落地窗+戴森吹風機）:HK$424', '豪華雙床房（觀景落地窗+戴森吹風機+解壓浴缸）:HK$468', '豪華大床房（觀景落地窗+戴森吹風機+解壓浴缸）:HK$468', '隱居會大床房（落地璀璨夜景+戴森吹風機+解壓浴缸）:HK$512', '隱居會雙床房（落地璀璨夜景+戴森吹風機+解壓浴缸）:HK$512']"
泰安中心希爾頓歡朋酒店,9.7,"['舒適大床房:HK$421', '舒適雙床房:HK$421', '高級大床房:HK$443', '高級雙床房:HK$443', '豪華雙人房:HK$466']"
悦程麗致酒店（泰安萬達廣場會展中心店）,9.3,"['Liz丨Surprise驚喜大床房（手機投屏+語音智能客控）:HK$214', 'Liz丨高級大床房（全屋語音智能+手機投屏+康夫高速吹風機）:HK$225', 'Liz丨沐光大床房（語音智能客控+康夫高速吹風機+沐浴陽光）:HK$237', 'Liz丨豪華智能大床房（全語音智能+大空間+電視投屏）:HK$260']"
泰安溪苑山居麗呈酒店,9.5,"['山居星空房:HK$362', '山居高級雙床房:HK$380', '山居高級大床房:HK$380', '山居豪華雙床房:HK$417', '山居豪華大床房:HK$417']"
花築奢·泰山水岸青柳民宿（桃花峪店）,9.7,"['西江月·浴缸大床房（湖景陽台）:HK$735', '桃花源·陽台大床房（湖景陽光）:HK$859', '山漸青·舒適家庭房:HK$859', '桃花源·影音大床房（湖景陽台）:HK$984', '山漸青·温馨親子房（山景陽光）:HK$984']"
花築·曉初民宿（泰山紅門登山口店）,9.7,"['樹影雙床房（全屋智能）:HK$504', '流螢大床房（全屋智能）:HK$529', '雲棲大床房（智能客控+全景落地）:HK$554', '暮雨大床房（全屋智能）:HK$566']"
泰安富力萬達嘉華酒店,9.5,"['豪華雙床房（浴缸+熱帶雨林花灑+Acca Kappa洗護品）:HK$514', '豪華大床房（浴缸+熱帶雨林花灑+Acca Kappa洗護品）:HK$514', '豪華山景大床房（直麪泰山+浴缸+ Acca Kappa洗護品）:HK$590', '家庭雙床房（加寬雙床+浴缸+Acca Kappa洗護品）:HK$643', '豪華影音大床房（直麪泰山+浴缸+100寸超大投屏幕布）:HK$697', '豪華影音雙床房（浴缸+熱帶雨林花灑+100寸投屏幕布）:HK$697']"
泰安泰山岱廟希岸Deluxe酒店,9.5,"['Deluxe純凈大床房（空氣凈化器+零壓床墊+智能客控+中央空調）:HK$302', 'Deluxe山景大床房（零壓床墊+智能客控+山景+中央空調）:HK$322', 'Deluxe山景雙床房（零壓床墊+智能客控+山景+中央空調）:HK$343', 'Deluxe高級大床房（零壓床墊+可投屏電視+智能客控+中央空調）:HK$392']"
泰安泰山景區盤古天地亞朵酒店,9.8,"['高級大床房:HK$394', '高級雙床房:HK$412', '行政大床房:HK$421', '行政雙床房:HK$439', '幾木大床房:HK$448']"
泰山寶盛大酒店,9.7,"['禪意雙床房:HK$450', '高級大床房:HK$468', '高級雙床房:HK$468', '豪華大床房:HK$487', '豪華雙床房:HK$487', '豪華山景雙床房:HK$621']"
泰安御座酒店（岱廟店）,9.6,"['舒適雙床房:HK$360', '舒適單人間:HK$360', '豪華雙床房:HK$360', '豪華大床房:HK$415', '豪華套房:HK$743']"
泰安泰山麗芮酒店,9.6,"['芮享舒適房-雙床（智能客控+戴森吹風機+舒達床墊）:HK$401', '芮享舒適房-大床（智能客控+戴森吹風機+舒達床墊）:HK$401', '芮享高級房-雙床（智能客控+戴森吹風機+舒達床墊）:HK$422', '芮享高級房-大床（智能客控+戴森吹風機+舒達床墊）:HK$422', '芮享豪華房-大床（智能客控+戴森吹風機+舒達床墊）:HK$443']"
泰安泰山景區麗景美侖酒店,9.5,"['高級雙床房（朝陽+可拼床）:HK$292', '高級大床房:HK$329', '豪華雙床房（小冰箱+ 泰山小掛件）:HK$348', '豪華大床房（靜音+小冰箱）:HK$368', '行政大床房（記憶枕+小冰箱）:HK$408']"
泰安弗爾曼·海棠酒店,9.6,"['高級雙床房:HK$279', '特惠雙床房:HK$279', '特惠大床房:HK$279', '高級大床房:HK$295', '高級山景雙床房:HK$331']"
嶼夕美宿 CityWalk享住影音酒店（泰山站店）,9.8,"['特惠城景大床房[手機可投屏高速吹風機]:HK$184', '180度觀山景觀大床房[零壓枕高速吹風機手機投屏]:HK$206', '巨幕觀影大床房[百寸巨幕可投屏投影高速吹風機零壓枕]:HK$229', '酣睡商務雙床房[零壓枕高速吹風機手機投屏]:HK$229']"
泰安中心智選假日酒店,9.6,"['高級大床房:HK$297', '高級雙床房:HK$297', '舒適高級大床房:HK$323', '舒適高級雙床房:HK$323', '城市景觀 雙床:HK$349']"
泰安寶盛道谷酒店（方特歡樂世界店）,9.8,"['高級大床房:HK$370', '高級雙床房:HK$370', '豪華套房:HK$949']"
若寓國際大酒店（泰安高鐵站店）,9.5,"['雅緻智能大床房（舒達床墊+智能馬桶+羽絨床品）:HK$284', '雅緻智能雙床房（舒達床墊+智能馬桶+羽絨床品）:HK$294', '豪華智能大床房（特大床+智能客控+獨立浴缸）:HK$304', '豪華智能雙床房（智能客控+獨立浴缸）:HK$386', '特色智能大床房:HK$426']"
花築·泰山陌雲民宿,9.2,"['陌雲·大床房:HK$245', '陌雲·榻榻米房:HK$307', '陌雲·景觀大床房:HK$342', '陌雲·庭院大床房:HK$342']"
花築·沁園民宿（泰山景區紅門登山口店）,9.9,"['初見大床房【智能客控+中央空調+智能馬桶】:HK$615', '沐雨大床房【智能客控+中央空調+智能馬桶】:HK$615', '望山雙床房【智能客控+智能馬桶】:HK$676', '日昕雙床房【智能客控+智能馬桶】:HK$676']"
泰安墨玉瓷悦藝術酒店（泰山桃花峪登山口店）,9.7,"['特惠大床房:HK$271', '特惠標準間:HK$271', '豪華山景大床房:HK$395', '豪華湖景大床房（含露台+全屋智能客控+電視投屏+負氧離子發生器 ）:HK$438']"
泰山天平湖開元名都大酒店,9.3,"['開元雙床房:HK$564', '開元大床房:HK$597', '豪華雙床房:HK$619', '豪華大床房:HK$641', '行政湖景大床房:HK$695', '開元套房:HK$761']"
春天裡度假酒店（泰安九女峯店）,9.5,"['山間精緻雙床房:HK$392', '山間精緻大床房:HK$400', '山間雅緻雙床房:HK$413', '山間雅緻大床房:HK$436', '山間精品合院A（兩居室+中式庭院+智能馬桶）:HK$1,529']"
泰安藍海御華大飯店,9.3,"['高級雙床房:HK$389', '高級荷里活大床房:HK$389', '高級荷里活雙床房:HK$389', '豪華大床房:HK$404', '豪華雙床房:HK$412', '豪華山景雙床房:HK$427']"
泰山賓館（泰安泰山紅門景區店）,9.5,"['大床房:HK$274', '雙床房:HK$279', '高級雙床房（中央空調+智能小度+夢百合床墊）:HK$309', '商務大床房（中央空調+智能小度+夢百合床墊）:HK$309']"
花築·景尚山居民宿（泰山步行登山口紅門區店）,9.7,"['庭院舒適大床房:HK$407', '閣樓星空氧吧房-平台可直視南天門+全屋地暖+私人露台:HK$442', '森景氧吧親子房+榻榻米:HK$465', '森景氧吧套房+榻榻米+智能馬桶+沙發:HK$515']"
泰安格德智慧酒店（泰安高鐵站店）,9.6,"['智能舒適大床房（智能客控+金可兒床墊）:HK$234', '智能舒適雙床房（智能客控+金可兒床墊）:HK$234', '智能豪華大床房（智能客控+金可兒床墊）:HK$281', '智能豪華雙床房（智能客控+金可兒床墊）:HK$281', '智能山景大床房（智能客控+金可兒床墊）:HK$329']"
泰安故鄉的雲民宿,9.5,"['山景雙床房:HK$1,076', '經典大床房:HK$1,233', '舒適大床房:HK$1,397', '甄選大床房:HK$1,515', '山景套房:HK$1,836']"
泰安泰山景區希爾頓歡朋酒店,9.6,"['舒適大床房:HK$435', '舒適雙床房:HK$454', '高級大床房:HK$464', '歡友房—配親子沙發床:HK$504', '高級山景大床房:HK$512']"
ROLLZ野路子酒店,9.7,"['廢墟2號:HK$496', '山景二胎親子房:HK$590', '山外有山觀景大床房:HK$590', '山景SOHO大套房:HK$684', '躺着看日出·Loft親子房:HK$708']"
泰安金盛國際大酒店,9.7,"['春和高級標準間（金可兒和鬱金香床品、智能馬桶）:HK$401', '風和高級大床房（金可兒和鬱金香床品、智能馬桶）:HK$401', '春和豪華標準間（金可兒和鬱金香床品、智能馬桶）:HK$418', '風和豪華大床房（金可兒和鬱金香床品、智能馬桶）:HK$418', '風和行政大床房（金可兒和鬱金香床品、智能馬桶）:HK$443', '海享睡助眠大床房（離子助眠床墊+增氧儀+睡眠分析儀）:HK$451']"
泰山仙居賓館,8.5,"['雙人間（有隔斷）（獨衞，可淋浴）:HK$802', '商務大床房（獨衞，可淋浴）:HK$802', '山景雙標房（獨衞，可淋浴）:HK$1,045', '豪華套房（獨衞，可淋浴）:HK$1,677']"
泰安泰岳温德姆酒店,9.5,"['豪華大床房:HK$431', '豪華雙床房:HK$456', '豪華園景大床房:HK$476', '豪華園景雙床房:HK$503', '豪華山景大床房:HK$503', '豪華山景雙床房:HK$531']"
花築·拙園山居客棧（泰山紅門登山口店）,9.3,"['庭院·舒適雙床房:HK$493', '青山·觀景大床房:HK$493', '5號院·舒心雙床房:HK$505', '5號院·品質大床房:HK$505']"
泰安寶龍藝珺酒店（泰山區紅門店）,9.6,"['安睡山景大床房【靜音耳塞+安眠眼罩+靜夜好眠】:HK$373', '高級城景大床房:HK$380', '高級城景雙床房:HK$380', '高級山景大床房【暢享山景+解壓浴缸】:HK$411', '高級山景雙床房【暢享山景+解壓浴缸】:HK$411', '公主派對主題大床房:HK$440']"
泰安泰山國際會展中心亞朵酒店,9.8,"['高級大床房:HK$350', '高級雙床房:HK$350', '行政大床房:HK$385', '行政雙床房:HK$385', '幾木大床房:HK$421']"
和頤酒店（泰安萬達廣場國際會展中心店）,9.6,"['大床房A（內窗+小冰箱+電視投屏）:HK$325', '雙床房A（內窗+小冰箱+電視投屏）:HK$333', '商務大床房（小冰箱+電視投屏）:HK$342', '高級大床房（小冰箱+電視投屏）:HK$351']"
花築·天頤湖木屋島度假酒店（岱嶽區店）,9.5,"['南山·獨院:HK$1,268', '露螢·獨院:HK$1,517', '夕佳·獨院:HK$1,517', '榴心·獨院:HK$1,767', '榴意·獨院:HK$1,767']"
泰安麗亭酒店,9.6,"['雅痞活力大床房:HK$334', '雅痞活力雙床房:HK$334', '雅痞都市大床房:HK$362', '海底小縱隊親子雙床房:HK$466', 'B.Duck小黃鴨親子雙床房:HK$466']"
