酒店名称,评分,房型价格列表
鳳凰青城山水·庭院觀景民宿,9.8,"['星辰·浴缸大床房:HK$313', '瀾庭·陽台大床房:HK$370', '靜謐·山景雙床房:HK$370', '雨墨·觀景陽台大床房:HK$435']"
客巢輕奢酒店（鳳凰古城虹橋店）,9.5,"['私密觀影大床房【智能馬桶+沉浸式觀影】:HK$288', '暢享影音雙床房【智能馬桶+巨幕投屏觀影】:HK$298', '一室一廳觀影大床房【自動麻將機+智能馬桶+冰箱】:HK$351', '輕奢智能雙人房【輕享床墊+智能馬桶+小冰箱】:HK$379', '輕奢智能大床房【輕享床墊+智能馬桶+浴缸】:HK$389']"
懸園·觀景庭院民宿（芙蓉鎮大瀑布店）,9.7,"['浪漫陽台·大床房［全景落地窗+陽台+品茗桌椅］:HK$527', '看山古典·雙床房［全景落地窗+陽台］:HK$545', '晨光觀景·雙床房［全景落地窗+陽台+品茗桌椅］:HK$592', '多床型·童趣親子主題房:HK$653']"
悠悠水畔•高端江景民宿（鳳凰古城景區南華門店）,9.3,"['凡塵清心•江景陽台大床房|江景獨立陽台:HK$341', '南風憶夢•江景大床房|江景玻璃落地窗:HK$341', '衹若初見•江景陽台雙床房『江景獨立陽台+智能馬桶』:HK$474', '煙雨江畔•江景陽台大床房【江景陽台+地毯+中央空調】:HK$474']"
原舍暮雲閣民宿（鳳凰古城南華里遊客中心店）,9.6,"['曲水 | 精品大床房:HK$283', '輕雲 | 精品雙床房:HK$293', '蔽月 | 精品雙床房:HK$302', '流風 | 精品雙床房:HK$312']"
鳳凰懶貓臨江客棧,9.5,"['獨立陽台全景臨江大床房:HK$329', '豪華臨江大床房:HK$351', '獨立陽台全景臨江雙床房:HK$375', '臨江浪漫大床房:HK$414']"
覓境古城民宿酒店（吉首市乾州古城店）,9.4,"['特惠大床房【雅緻温馨+80支棉紗床品+深睡枕】:HK$263', '特惠雙床房【靜謐後花園+古城特色四合院】:HK$274', '院子裏雙床房【古城特色院落+乳膠床墊+益高衞浴】:HK$305', '複式影院大床房【上下兩層空間+100寸投影+古城特色】:HK$380']"
花築·鳳語晨曦酒店（鳳凰古城中心店）,9.7,"['鳳·清雅雙床房 （美國舒達床墊+箭牌衞浴）:HK$435', '語·沐陽大床房（美國舒達床墊+箭牌衞浴）:HK$560', '晨·沐陽雙床房（美國舒達床墊+箭牌衞浴）:HK$560', '語·奢享三人房（美國舒達床墊+箭牌衞浴）:HK$624', '晨·鳳啼木汐浴缸大床房（美國舒達床墊+箭牌衞浴）:HK$626']"
諾曼輕奢酒店（古城虹橋店）,9.6,"['山景智能大床房（全屋智能-箭牌衞浴-乾衣機）:HK$275', '温馨智能大床房（全屋智能-箭牌衞浴-乾衣機）:HK$275', '温馨智能雙床房（全屋智能-箭牌衞浴-乾衣機）:HK$306', '山景智能雙床房（全屋智能-箭牌衞浴-乾衣機）:HK$306']"
雲居精選江景民宿（鳳凰古城店）,9.6,"['益香閣·舒適大床房【高清智能投影儀+85寸布幕】:HK$266', '南鄉子·沉浸觀影大床房【智能投影儀+茶吧機】:HK$358', '山嶼白·雅緻雙床房【智能投屏電視+智能馬桶】:HK$408', '聽風驛·江景家庭親子房【智能投影儀+120寸布幕+智能馬桶】:HK$542']"
鳳凰夢棲吊腳樓江景民宿,9.8,"['山景大床房:HK$398', '山景雙床房:HK$524', '山景麻將大床房:HK$531', '江景陽台露台大床房:HK$598']"
見山KU裏部落鄉村文化酒店,9.9,"['高級湖景露台大床房:HK$362', '豪華庭院景觀雙床房K001:HK$493', '豪華庭院景觀雙床房K002:HK$493', '見山獨棟全景湯池親子雙床房K003:HK$552']"
山橋澗江景民宿,9.5,"['標準雙床房:HK$206', '標準大床房（無江景）:HK$261', '舒適江景大床房:HK$299', '江景大床房:HK$333']"
百賢居·Encounter·輕奢休閑度假私墅（鳳凰古城店）,9.7,"['浮花·雲逸芙蓉大床房（鳳凰美景+古色古香）:HK$248', '歸來·虞美人影大床房（鳳凰美景+觀景樓台）:HK$304', '致遠·暗香疏影大床房（鳳凰美景+觀景陽台）:HK$325', '雲上·霜天曉角大床房（鳳凰美景+觀景露台）:HK$339']"
青山見江景吊腳樓客棧（鳳凰古城虹橋北門碼頭店）,9.7,"['清歡｜「城景街景大床房」非臨江（中央空調+智能馬桶）:HK$350', '隨心｜「城景街景雙床房」非臨江（中央空調+智能馬桶）:HK$369', '溪橋夜月｜江景大床房（智能客控+超大陽台+投影畫幕）:HK$635', '水畔｜臨水江景180度觀景大床房（超大陽台+小度智能客控+江景一線投影畫幕）:HK$664']"
棲心閑庭民宿（鳳凰古城旅遊區虹橋店）,9.6,"['雅緻大床房:HK$235', '邊城墨韻•雙床房:HK$266', '閑庭逸居•大雙床房:HK$296', '虹橋映月•三床房（中央空調+乾濕分離）:HK$338']"
等你來.傾城輕奢民宿（鳳凰古城中心店）,9.7,"['悦已園景大床房:HK$370', '悦己園景雙床房:HK$471', '傾城江景陽台大床房:HK$721', '傾心臨江陽台雙床房:HK$789', '傾情親子陽台觀景多床房:HK$876']"
鳳凰大隱千府民宿（古城店）,9.9,"['園夢·大床房:HK$558', '映竹·雙床房:HK$558', '聽澗·大床房:HK$643', '星月山·陽光大床房:HK$665', '窺月·雙床房:HK$673']"
城市花園錦龍酒店（汽車北站店）,9.5,"['城市特惠大床房:HK$124', '城市雅緻迷你大床房:HK$130', '城市景觀標準大床房:HK$145', '城市城景標準雙床房:HK$145']"
漢庭酒店（鳳凰古城虹橋店）,9.5,"['高級大床房:HK$194', '商務大床房:HK$218', '高級雙床房:HK$235', '商務雙床房:HK$275']"
素履蓮花·君子蘭亭酒店,9.2,"['子君·舒適大床房:HK$279', '子君·輕奢雙人房:HK$318', '子君·精緻親子房:HK$347', '子君·閨蜜出行三人房:HK$387']"
梧桐里美居酒店（鳳凰古城虹橋店）,9.3,"['美居悦惠雙床房:HK$160', '美居樂享雙床房:HK$208', '美居樂享大床房:HK$217', '美居歡樂親子房:HK$241']"
鳳凰棲遲一家人江景民宿,9.6,"['馨淼江景大床房:HK$424', '枕水江景大床房:HK$463', '煦舍江景大床房:HK$464', '璽悦江景雙床房:HK$559']"
鳳凰愛琴海度假酒店,9.5,"['春庭雪-酣睡舒適大床房【全屋智控+親膚純棉四件套】:HK$399', '映江月-酣睡舒適雙床房【全屋智控+親膚純棉四件套】:HK$438', '雲水間-酣睡舒適三人房【全屋智控+親膚純棉四件套】:HK$533', '共嬋娟-棋牌娛樂套房【全屋智控+親膚純棉四件套】:HK$569', '秋風起-親子套房【全屋智控+親膚純棉四件套】:HK$574']"
憶往惜民宿,8.9,"['特價雙床房:HK$122', '大床房:HK$168', '雙床房:HK$326']"
鳳凰一泉江景民宿（鳳凰古城沱江店）,9.9,"['禪意靜居 | 逸居大床房·德國Grohe衞浴:HK$522', '畫舫聽雨 | 浴缸大床房·德國Grohe衞浴:HK$607', '橋影晨曦 | 聽泉大床房·德國Grohe衞浴:HK$629', '煙雨流年 | 苗韻大床房·德國Grohe衞浴:HK$705', '亭畔江風 | 江景大床房·德國Grohe衞浴:HK$735']"
鳳凰風橋雅舍江景民宿,9.7,"['舒適大床房:HK$306', '舒適雙床房:HK$306', '臨江陽台大床房:HK$515', '臨江陽台雙床房:HK$515']"
土司宣府（芙蓉鎮大瀑布店）,9.5,"['靜水流深·閣樓大床房:HK$761', '臨江暮雪·花園江景雙床房:HK$1,087', '蝶翅墨羽·庭院青瓦雙人房:HK$1,087', '南夕韶陽·庭院江景雙床房:HK$1,178']"
木棉花開見山見景民宿,9.7,"['洛塵·特價大床房:HK$266', '半夏·特價雙床房:HK$277', '青衣·觀景大床房:HK$365', '舒荷·觀景大床房:HK$365']"
錦陽閣輕奢酒店（鳳凰古城虹橋店）,9.9,"['特惠大床房:HK$378', '高級大床房:HK$394', '高級雙床房:HK$451', '豪華雙床間:HK$507']"
鳳凰水雲之澗輕奢民宿,9.7,"['非臨江大床房:HK$313', '非臨江雙床房:HK$330', '非臨江三人親子房:HK$378', '臨江大床房:HK$467']"
安萘·魔方酒店（吉首市政府店）,9.4,"['橙堡私湯電影大床房:HK$259', '收藏家豪華雙床房:HK$259', '紀光巨幕電影大床房:HK$329', '魔術師高級雙床房:HK$338', '幻影城景巨幕電影大床房:HK$348']"
南華里酒店（鳳凰古城南華里遊客中心店）,9.2,"['特惠大床房:HK$270', '舒適大床房:HK$341', '舒適雙人間:HK$354', '豪華觀景雙人房:HK$420']"
鳳凰華之天酒店（鳳凰古城店）,9.2,"['靜謐.舒心雙人房:HK$173', '靜謐.傾城大床房:HK$200', '靜謐.温馨雙人間:HK$200', '靜謐.雅緻雙人房:HK$221']"
吊腳樓客棧（鳳凰古城店）,9.4,"['紫竹軒~城景大床房:HK$274', '馨雅閣~城景雙床房:HK$293', '餘水歡~180度全景獨立大陽台江邊豪華大床房（中央空調）:HK$597', '雲之谷~180度全景獨立大陽台江邊大床房（中央空調）:HK$606']"
鳳凰壹家壹墅·高端江景民宿（鳳凰古城店）,9.9,"['傾國傾城・江景陽台大床房:HK$393', '溪橋夜月・江景陽台雙床房:HK$435', '迎輝晨曦・江景陽台雙床房:HK$475', '暮色煙雨・江景陽台雙大床套房:HK$664']"
璞悅鳳凰酒店（鳳凰古城虹橋店）,9.1,"['靜謐時光大床房（陽光外窗+乳膠抗菌床墊+羽絨枕芯）:HK$291', '沐陽觀景雙床房（陽光外窗+乳膠抗菌床墊+羽絨枕芯）:HK$323', '親子家庭房（陽光外窗+乳膠抗菌床墊+羽絨枕芯）:HK$325', '沐陽觀景大床房（陽光外窗+乳膠抗菌床墊+羽絨枕芯）:HK$447']"
兮木酒店（芙蓉鎮大瀑布店）,9.6,"['望兮·榻榻米大床房（巨幕投影|深眠乳膠床墊）:HK$379', '來兮·榻榻米內陽台雙床房（巨幕投影｜深眠乳膠床墊）:HK$428', '友兮·陽台街景雙床房（巨幕投影｜深眠乳膠床墊）:HK$474', '倩兮·陽台影院大床房（智能馬桶｜巨幕投影）:HK$502']"
白河溪谷客棧（芙蓉鎮大瀑布店）,9.6,"['閑棲山居·特價雙床房:HK$511', '閑棲山居·山景雙床房:HK$564', '清平村居·觀景獨享陽台大床房·280°觀夜景全景:HK$693', '清平村居·觀景獨享陽台雙床房·280°觀夜景全景:HK$749', '清平村居·親子閣樓·280°觀夜景全景:HK$796']"
虹橋故事民宿（鳳凰古城景區虹橋店）,9.8,"['特價雙床房:HK$380', '標準大床房:HK$451', '豪華大床房:HK$475', '標準雙床房:HK$475', '豪華雙床房:HK$491']"
鳳凰秦庭御苑民宿（鳳凰古城虹橋店）,9.2,"['雅緻雙床房201（全屋智能+高清投影）:HK$321', '雅緻雙床房-2（全屋智能+高清投影）:HK$321', '雅緻大床房-3（全屋智能+高清投影）:HK$339', '雅緻大床房-5（全屋智能+高清投影）:HK$339']"
米漾米居酒店（吉首大學乾州古城店）,9.4,"['米居舒適大床房【小度語言智能客控+乳膠床墊】:HK$211', '米漾輕奢大床房【辦公桌椅+乾濕分離】:HK$222', '百里商務雙床房【智能客控+靜謐安睡】:HK$233', '繆斯影院大床房【智能客控+新風系統凈化器】:HK$245']"
芙蓉鎮陌丘輕奢▪高端觀景民宿,9.7,"['星空露台·精緻大床房:HK$360', '星空露台·豪華大床房:HK$390', '山景河景·陽台大床房:HK$464', '禪意山水·陽台雙床房:HK$464']"
花垣雞鳴三省民宿,9.1,"['温馨大床房:HK$122', '雙人間:HK$131', '豪華大床標間:HK$198', '豪華雙人間江景房（帶陽台）:HK$245']"
天下鳳凰·隱合國際酒店（鳳凰古城店）,9.1,"['隱合標準大床房（高空城景+中式浪漫）:HK$312', '隱合標準雙床房（高空城景+中式浪漫）:HK$312', '隱合·豪華大床房【高空城景+中式浪漫+小冰箱】:HK$345', '隱合·豪華雙床房【高空城景+中式浪漫+小冰箱】:HK$345']"
鳳凰暮色輕奢江景民宿,9.5,"['觀景大床房:HK$475', '江景陽台大床房:HK$879', '江景陽台雙床房:HK$879', '露天陽台雙床房:HK$879']"
鳳凰故里明月全景民宿（萬名塔虹橋店）,9.5,"['故里雙床房:HK$392', '福月陽台浴缸大床房（非全景）:HK$639', '明月全景大床房（外陽台）:HK$664', '明月全景雙床房（外陽台）:HK$694', '超大頂樓三人間非江景:HK$706']"
小熊之家客棧（芙蓉鎮景區門口店）,9.7,"['宿丘 舒適大床房:HK$264', '竹喧 標準雙床房:HK$311', '鳴梔 豪華大床房:HK$329', '歸謐 温馨親子房:HK$354']"
全季酒店（湘西鳳凰古城店）,9.6,"['高級雙床房:HK$594', '高級大床房:HK$610', '豪華大床房:HK$635', '豪華雙床房:HK$635']"
鳳凰衹如初見民宿,9.6,"['苗城踏雪特價大床房:HK$280', '念念之舍特價大床房:HK$280', '忠義春秋特價大床房:HK$312', '倚欄聽風煮茶豪華大床房:HK$345']"
