酒店名称,评分,房型价格列表
湛江金沙灣萬達開元名庭酒店,9.3,"['名成高級雙床房（智能客控+絕美城景）:HK$382', '名成高級大床房（智能客控+絕美城景）:HK$391', '名成高級城景雙床房（舒適空間+璀璨城景）:HK$423', '名成豪華海景大床房（C位海景+觀漁船郵輪+看海灣大橋奧體中心）:HK$482', '高級城景親子房（粉色系主題+小童潮用品+帳篷+公仔+城景）:HK$496']"
全季酒店（湛江萬達廣場店）,9.4,"['海景大床房:HK$406', '海景高級大床房:HK$435', '海景高級雙床房（有陽台）:HK$463', '海景商務大床房（有陽台）:HK$463']"
藝龍酒店（湛江海灣大橋店）,9.6,"['雅緻大床房（智能客控+毛巾除菌櫃+超大落地窗）:HK$378', '不凡行政大床房（智能客控+智能馬桶+毛巾除菌櫃+超大落地窗）:HK$410', '不凡行政雙床房（智能客控+毛巾除菌櫃+超大落地窗）:HK$410', '不凡商務雙床房（智能客控+毛巾除菌櫃+超大落地窗）:HK$442', '不凡尊享海景大床房（智能客控+毛巾除菌櫃+超大落地窗+尊享海濱景觀）:HK$442']"
萬鵬酒店（湛江嶺南師範財貿學校店）,8.8,"['雅緻大床房:HK$304', '雅緻雙床房:HK$324', '觀景大床房:HK$326', '雅緻影音大床房（120寸巨幕海豚投屏）:HK$327', '觀景雙床房:HK$360']"
湛江金沙灣觀海長廊亞朵酒店,9.8,"['雅緻大床房（深睡床墊、枕頭+裸棉床品+投屏電視）:HK$460', '高級大床房（深睡床墊、枕頭+裸棉床品+投屏電視）:HK$500', '行政海景大床房（深睡床墊、枕頭+裸棉床品+投屏電視）:HK$560', '行政海景雙床房（深睡床墊、枕頭+裸棉床品+投屏電視）:HK$591', '尊享海景大床房（深睡床墊、枕頭+裸棉床品+投屏電視）:HK$651']"
美豪麗致酒店（湛江金沙灣店）,9.4,"['城景陽台大床房:HK$436', '海景大床房:HK$501', '海景雙床房:HK$545', 'C位海景大床房:HK$556', '海景陽台雙床房:HK$588']"
湛江智選假日酒店,9.5,"['高級雙床房（舒適空間+智能客控+65寸超大投屏電視）:HK$389', '高級大床房（舒適空間+智能客控+65寸超大投屏電視）:HK$416', '海景雙人房（一線海景+智能客控+65寸超大投屏電視）:HK$434', '海景大床房（一線海景+智能客控+65寸超大投屏電視）:HK$458', '商務海景大床房（高層海景+智能客控+65寸投屏電視）:HK$533']"
桔子酒店（湛江萬達廣場店）,9.7,"['海景大床房:HK$411', '海景高級大床房:HK$439', '海景觀景雙床房:HK$439', '海景觀景大床房:HK$468', '海景觀景豪華雙床房:HK$468']"
美豪麗致酒店（湛江鼎盛廣場民大環宇新天地店）,9.4,"['麗致優雅大床房（奧馬冰箱+65寸小米超大投屏電視）:HK$325', '麗致優雅雙床房（奧馬冰箱+65寸小米超大投屏電視）:HK$347', '麗致豪華大床房（奧馬冰箱+65寸小米超大投屏電視）:HK$369', '麗致豪華雙床房（奧馬冰箱+65寸小米超大投屏電視）:HK$380', '麗致行政大床套房（奧馬冰箱+65寸小米超大投屏電視）:HK$424']"
湛江明粵公寓,9.4,"['高級大床房:HK$481', '高級雙床房:HK$481', '高級雙拼大床房:HK$481', '豪華雙拼大床房:HK$557']"
湛江禮尚酒店（金沙灣風景區店）,9.3,"['豪華城景大床房（50寸高清手機投屏電視）:HK$328', '豪華海景雙床房（50寸高清手機投屏電視）:HK$396', '豪華城景雙床房（50寸高清手機投屏電視）:HK$430', '豪華海景大床房（50寸高清手機投屏電視）:HK$430']"
湛江華都滙麗呈酒店,9.4,"['豪華大床房:HK$525', '豪華雙床房:HK$525', '豪華湖景大床房:HK$555', '豪華湖景雙床房:HK$555', '行政大床房:HK$565', '行政雙床房:HK$565']"
湛江華和國際酒店,9.4,"['豪華雙床房:HK$469', '園景豪華大床房:HK$469', '園景行政大床房:HK$536', '行政雙床房:HK$536', '夢百合豪華大床房:HK$620', '夢百合豪華雙床房:HK$620']"
湛江人民大道鼎盛廣場亞朵酒店,9.6,"['高級大床房（慢回彈護頸枕+裸棉床品+投屏電視）:HK$481', '高級雙床房（慢回彈護頸枕+裸棉床品+投屏電視）:HK$500', '行政大床房（裸棉床品+貴妃榻+投屏電視）:HK$510', '行政城景大床房（裸棉床品+榻榻米+投屏電視）:HK$560', '行政城景雙床房（裸棉床品+榻榻米+投屏電視）:HK$591']"
全季酒店（湛江觀海長廊店）,9.3,"['大床房:HK$374', '商務雙床房:HK$402', '高級大床房:HK$402', '商務大床房:HK$430']"
湛江人民大道希爾頓歡朋酒店,9.6,"['舒適大床房:HK$478', '舒適雙床房:HK$478', '高級大床房:HK$572', '高級雙床房:HK$572', '豪華大床房:HK$630', '豪華雙床房:HK$630']"
美豪麗致酒店（湛江軍博園店）,9.7,"['麗致智能大床房+未來感空間+夢幻窗景+祕景房+智能客控:HK$405', '麗致榻榻米大床房+雲眠地台+素心雅榻+雅韻榻+智能客控:HK$444', '麗致智能雙床房+高效空間+極客優選+雲端互聯+智能客控:HK$444', '雅緻影院大床房+星空私享+悦幕之境+獨享巨幕+智能客控:HK$475', '麗致庭院大床房+綠意棲居+閑庭逸境+悦目院景+智能客控:HK$496']"
湛江銀灣國際大酒店（金沙灣店）,9.4,"['高級雙床房:HK$478', '高級大床房:HK$478', '豪華大床房:HK$533', '豪華雙床房:HK$533', '至尊湖景大床房:HK$588']"
湛江金輝煌酒店,9.4,"['優享雙床房:HK$325', '優享大床房:HK$341', '豪華雙床房:HK$369', '豪華大床房:HK$396', '商務三床套房:HK$582']"
湛江海濱賓館,9.3,"['園景雙床房:HK$507', '園景大床房:HK$507', '特惠大床房:HK$514', '特色雙床房:HK$630', '豪華大床房:HK$730', '豪華雙床房:HK$730']"
湛江金沙灣萬達阿拉雲酒店,9.3,"['巨幕影音雙床房:HK$268', '巨幕影音大床房:HK$269', '豪華巨幕影音雙床房:HK$289', '雙拼巨幕影音大床房:HK$289', '豪華巨幕影音大床房:HK$301']"
湛江嘉瑞禾酒店,9.5,"['商務精品房:HK$347', '商務大床房:HK$371', '商務雙人房:HK$371', '豪華大床房:HK$411', '豪華雙床房:HK$411']"
湛江硇洲島五月海岸民宿,9.5,"['北岸：聽海海景雙床房:HK$1,800', '牙灣《俯瞰海景日出房》:HK$1,837', '漫日遠輪·露台海景大床房:HK$1,962']"
宜尚酒店（湛江椹川大道萬達廣場店）,9.1,"['標準大床房:HK$229', '高級大床房:HK$252', '豪華雙床房:HK$267', '豪華大床房（斯林百蘭床墊+享舒適睡眠）:HK$267']"
湛江白天鵝酒店,9.3,"['高級雙床房:HK$758', '高級大床房:HK$758', '豪華雙床房:HK$868', '豪華大床房:HK$868', '高級套房:HK$1,298', '行政大床房:HK$1,298']"
麗楓酒店（湛江金沙灣店）,9.5,"['雅緻大床房（智能客控+慕思舒眠床墊）:HK$312', '雅緻雙床房（智能客控+慕思舒眠床墊）:HK$312', '豪華大床房（智能客控+慕思舒眠床墊）:HK$350', '豪華雙床房（智能客控+慕思舒眠床墊）:HK$350']"
漢庭酒店（湛江赤坎店）,9.4,"['高級大床房:HK$261', '商務大床房:HK$280', '雙床房:HK$295', '套房:HK$374']"
阿拉雲酒店（湛江赤坎老街金沙灣風景區店）,9.3,"['雅緻大床房:HK$229', '豪華大床房:HK$262', '雅緻影音大床房:HK$295', '豪華雙床房:HK$301']"
湛江八方君悦酒店（金沙灣鷹展假日廣場店）,8.9,"['優選大床房:HK$195', '優選雙床房:HK$202', '尊選大床房:HK$215', '尊選雙床房:HK$222']"
麗怡酒店（湛江赤坎老街世貿店）,9.3,"['豪華大床房（智能客控+慕思床墊）:HK$234', '商務雙床房（智能客控+慕思床墊）:HK$307', '純凈大床房（智能客控+慕思床墊+空氣凈化器）:HK$380']"
等妳設計師民宿（湛江金沙灣店）,9.6,"['（達利）影音投影大床房:HK$303', '（莫蘭迪）LOFT高層投影城景套房（高層陽台）:HK$335', '（庫耶爾）LOFT高層投影城景套房（高層陽台）:HK$335', '（畢沙羅）LOFT高層投影城景套房（高層陽台）:HK$335']"
金輝煌銀利酒店（湛江鼎盛廣場店）,9.3,"['優享雙床房:HK$205', '優享大床房:HK$209', '商務雙床房:HK$265', '商務大床房:HK$285', '清雅雙床房:HK$285']"
湛江阿斯頓酒店（湛江萬達廣場店）,9.2,"['雅緻大床房（特色榻榻米＆舒適睡眠＆智能客控）:HK$322', '城景大床房（舒適空間＆尊享城景＆智能客控）:HK$364', '城景雙床房（經濟舒適＆尊享城景&智能客控）:HK$378', '尊貴大床房（更大空間＆陽台可晾衣&智能客控）:HK$421']"
麗呈朗譽酒店（湛江椹川大道中鼎盛廣場店）,9.3,"['輕奢雅緻單人房（精緻空間+高清極速投屏+品牌床墊）:HK$217', '輕奢靜謐大床房（純棉床品+雙頻空調+ 投屏）:HK$243', '輕奢輕悦大床房（高清極速投屏+乾濕分離+休閑椅）:HK$265', '輕奢輕悦雙床房（酣睡床墊+極簡書桌+休閑椅）:HK$338']"
湛江君豪酒店,9.3,"['高級舒適大床房:HK$516', '高級舒適雙床房:HK$516', '豪華商務大床房:HK$602', '豪華商務雙床房:HK$602', '行政尊享雙床房:HK$689', '行政尊享大床房:HK$689']"
鼎盛雲天酒店（湛江鼎盛廣場店）,8.8,"['精品雙床房:HK$268', '標準大床房:HK$313', '標準雙床房:HK$314', '豪華大床房:HK$379', '豪華雙床房:HK$379']"
君庭·MGM電競酒店（湛江萬達廣場店）,10.0,"['MGM超越電競大床房【2K260＋5070＋9700X＋萬兆桌面】:HK$320', 'MGM超越電競雙床房【2K260＋5070＋9700X＋萬兆桌面】:HK$330', 'MGM卓越電競大床房【愛攻2K260＋5070騰訊特權加速器】:HK$356', 'MGM卓越電競雙床房【愛攻2K260＋5070騰訊特權加速器】:HK$365']"
湛江經開戴斯精選温德姆酒店,8.9,"['優享雙床房:HK$325', '優享大床房:HK$325', '高級智能大床房:HK$369', '豪華智能大床房:HK$402', '豪華智能雙床房:HK$402']"
維也納酒店（湛江東海島店）,9.2,"['高級大床房（智能可控+智能馬桶+抗菌防蟎親膚布草）:HK$411', '豪華大床房（智能可控+智能馬桶+抗菌防蟎親膚布草）:HK$462', '豪華雙床房（智能可控+智能馬桶+抗菌防蟎親膚布草）:HK$462', '商務大床房（高層風景+智能馬桶+抗菌防蟎親膚布草）:HK$481']"
嘉勵國際酒店（湛江鼎盛廣場店）,8.9,"['臻選大床房:HK$205', '商旅雙床房:HK$211', '都市大床房:HK$212', '城景大床房:HK$235']"
湛江麗橙智能,9.0,"['精緻-甜睡雙床房{全屋智能+零壓床墊}:HK$183', '悦致-寧靜雙床房{全屋智能+零壓床墊+乾濕分離}:HK$197', '麗致-靜奢深睡大床房:HK$212', '雅緻-高級甜睡大床房:HK$226']"
梵泊酒店（湛江金沙灣店）,9.2,"['圓床房（100寸高清投影）:HK$218', '高級大床房（智能客控）+蕾絲好眠床墊:HK$226', '高級雙床房（智能客控）:HK$226', '豪華大床房（100寸高清投影）:HK$260']"
湛江海洋國際酒店,9.0,"['高級雙床房:HK$300', '商務雙床房:HK$328', '商務大床房:HK$328', '親子房:HK$346']"
宜尚酒店（湛江海濱大道店）,9.5,"['標準大床房（明亮舒適｜全新床品｜輕鬆好眠｜乾濕分離）:HK$320', '標準雙床房（明亮舒適｜全新床品｜輕鬆好眠｜乾濕分離）:HK$320', '高級大床房（明亮舒適｜全新床品｜輕鬆好眠｜乾濕分離）:HK$354', '高級雙床房（明亮舒適｜全新床品｜輕鬆好眠｜乾濕分離）:HK$354']"
柏納酒店（湛江金沙灣店）,9.1,"['豪華大床房（熱賣首推）:HK$238', '影院大床房（高清觀影）:HK$238', '一線海景大床房（迷人海景）:HK$258', '豪華雙人家庭優選房:HK$258']"
麗呈睿軒酒店（湛江海濱觀海長廊店）,9.2,"['標準雙床房:HK$236', '高級大床房:HK$257', '高級雙床房:HK$257', '商務大床房:HK$300']"
湛江特呈島嶼初民宿,8.9,"['嶼初丨浪漫圓床房《智能家居+冰箱》:HK$413', '嶼初丨悠享大床房《智能家居+冰箱》:HK$478', '嶼初丨悠享雙床房《智能家居+冰箱》:HK$478', '嶼初丨沐光雙床房《智能家居+冰箱》:HK$522']"
麗楓酒店（湛江國貿廣百店）,9.4,"['雅緻大床房（迷你冰箱+慕思舒眠床墊）:HK$240', '標準雙床房（迷你冰箱+慕思舒眠床墊）:HK$261', '豪華大床房（迷你冰箱+慕思舒眠床墊）:HK$270', '商務大床房（迷你冰箱+慕思舒眠床墊+尊享茶具）:HK$280']"
柏曼酒店（湛江世貿大廈高鐵站店）,9.1,"['舒適大床房:HK$163', '舒適雙床房:HK$177', '標準大床房:HK$177', '商務大床房:HK$191']"
柏曼酒店（湛江鷹展廣場赤坎民國風情街店）,9.3,"['標準大床房（舒適安靜-視角好）:HK$234', '高級大床房（安靜舒適---視角超好）:HK$271', '高級雙床房（安靜舒適-高清投屏）:HK$271', '豪華大床房（乾濕分離-貴妃舒適沙發-舒適睡眠）:HK$310']"
