酒店名称,评分,房型价格列表
漳州古城九龍大道亞朵酒店,9.6,"['高級大床房:HK$368', '行政大床房:HK$395', '行政雙床房:HK$422', '幾木大床房:HK$422', '幾木雙床房:HK$457']"
沐古設計師酒店,9.4,"['沐城丨城景大床房（帶深泡浴缸＋慕斯睡眠床墊）:HK$326', '沐城丨城景雙床房（慕斯睡眠床墊）:HK$359', '沐檐丨觀景尊貴大床房（深泡浴缸+100寸VIP觀影）:HK$392', '沐溪丨觀景陽台大床房（深泡浴缸+100寸VIP觀影）:HK$403']"
南山·悦舍酒店（漳州古城店）,9.4,"['鶴嶺晴煙:HK$322', '南山秋色:HK$349', '丹溪曉日:HK$364', '西浦夕陽【複式套房+獨立茶室】:HK$426']"
漳州薌逸·閩南藝宿酒店（漳州古城北京路店）,9.7,"['文廟熹丨雲享逸眠大床房+智能客控+零壓床墊:HK$310', '文昌門丨悦享大床房+零壓床墊+温控馬桶:HK$322', '芳華里丨沐光高級大床房+零壓床墊+陽光鬧鐘:HK$335', '騎樓街丨古城街景大床房+智能客控+零壓床墊:HK$352']"
雙溪雙宿民宿（漳州薌城店）,9.9,"['閩南竹語 . 匠築精緻大床房『夯土傳韻＋攬月枕星』:HK$315', '薌城故里 . 拾光精緻雙床房『枕水聽溪＋閩南戲韻』:HK$623', '漳南雅筑 . 圍樓典雅大床房『古厝遺風+ 夯土築夢』:HK$689', '雙溪畫境 . 聽溪典雅雙床房『紅磚映霞＋星河伴夢』:HK$766', '土樓雲閣 . 枕月豪華套房『黛瓦流韻＋燕尾飛檐』:HK$1,095']"
月泊棲城·文化行宿（漳州古城文廟店）,9.5,"['修泊:HK$232', '修文:HK$236', '修城:HK$241', '棲城:HK$246']"
汐月閩南庭院式酒店（漳州古城店）,9.5,"['汐月大床房（舒達床墊+智能客控）:HK$348', '汐月景觀露台大床房（舒達床墊+智能客控）:HK$403', '汐月庭院大床房（户外浴缸+舒達床墊+温泉私湯）:HK$420', '汐月雙床房（舒達床墊+語音客控）:HK$435', '汐月榻榻米標間（舒達床墊+智能馬桶）:HK$446']"
陌上輕居酒店（漳州古城文昌門店）,9.5,"['品學·陌畔思歸大床房:HK$337', '靜逸·花雅影音大床房:HK$337', '品學·宋風花雅雙床房:HK$368', '雅緻·文廟書韻大床房:HK$368']"
漳州三寶開元名都酒店（古城店）,9.5,"['豪華城景大床房:HK$622', '豪華城景雙床房:HK$622', '豪華江景大床房:HK$688', '豪華江景雙床房:HK$688', '行政大床房:HK$1,126', '行政雙床房:HK$1,126']"
貴賓舍酒店（漳州百花村交易大樓龍江樂園店）,9.2,"['驚喜寶藏房（65寸大屏電視+零壓床墊+智能語音控制+自動馬桶+自動窗簾）:HK$241', '法式舒漫城景大床房（65寸大屏電視+零壓床墊+智能語音控制+人體感應自動馬桶+自動窗簾）:HK$274', '法式優眠大床房（65寸大屏電視+零壓床墊+智能語音控制+人體感應自動馬桶+自動窗簾）:HK$294', '法式輕奢城景大床房（65寸大屏電視+零壓床墊+智能語音控制+人體感應自動馬桶+自動窗簾）:HK$296']"
維特酒店（漳州古城店）,9.2,"['雅緻大床房:HK$385', '休閑大床房:HK$405', '休閑雙床房:HK$460', '景觀大床房:HK$460']"
漳州薌江酒店（漳州古城店）,9.5,"['商務雙床房:HK$435', '商務大床房:HK$468', '景觀大床房:HK$577', '景觀雙床房:HK$577', '銀髮商務大床房-專屬長輩慢時光療愈的自在旅居:HK$753', '行政景觀大床房:HK$891']"
聆海.沐晨海墅,9.9,"['雲上 | 日出全海景套房:HK$1,606', '汐音 | 日出全海景套房:HK$1,606', '沐晨.日出全海景套房:HK$1,770', '聆海.日出全海景套房:HK$2,059']"
鉑頓元世紀酒店（長泰桃李春風店）,9.2,"['高級庭院大床房（蘇式園林風+功夫茶具+靜音好眠）:HK$382', '高級庭院雙床房（蘇式園林風+功夫茶具+靜音好眠）:HK$382', '園景露台大床房（蘇式園林風+功夫茶具+靜音好眠）:HK$465', '園景露台雙床房（蘇式園林風+功夫茶具+靜音好眠）:HK$465', '豪華園景露台大床房（蘇式園林風+功夫茶具+靜音好眠）:HK$548']"
漳州萬達嘉華酒店,9.3,"['豪華雙床房:HK$436', '行政大床房:HK$732', '行政雙床房:HK$732', '豪華套房:HK$791', '行政套房:HK$2,124']"
片仔癀温泉酒店,9.4,"['豪華雙床房:HK$622', '豪華大床房:HK$622', '行政温泉大床房【古城畔・雅緻暖泉】:HK$939', '小黃鴨親子房:HK$939', '酷芽巴啦啦小魔仙音樂主題豪華雙床房:HK$939', '酷芽超級飛俠星際主題豪華雙床房:HK$939']"
安若小鎮·跡相民宿,9.6,"['山景雙床房:HK$1,004', '山景大床房:HK$1,190', '山澗浴缸大床房:HK$1,376', '童趣親子大床房:HK$1,562', '跡相景觀套房:HK$1,748']"
全季酒店（角美火車站店）,9.8,"['大床房:HK$293', '高級大床房:HK$312', '商務大床房:HK$341', '高級雙床房:HK$350']"
途客數字酒店（漳州閩南水鄉福隆城店）,9.3,"['智能特惠大床房 ▏靜謐空間+65寸高清電視:HK$285', '智能標準大床房 ▏靜謐空間+65寸高清電視:HK$307', '智能高級大床房 ▏靜謐空間+65寸高清電視:HK$324', '夢百合0壓智能標準大床房:HK$324', '智能豪華大床房 ▏甄選品質+65寸高清電視:HK$348']"
安楠舍酒店（漳州古城店）,9.5,"['侘寂風和幸大床房（100寸騰訊VIP＋智能語音客控）:HK$462', '侘寂風浴缸大床房（100寸騰訊VIP＋智能語音客控）:HK$488', '户外陽台大床房（户外私人浴缸+100寸騰訊VIP）:HK$506', '侘寂風和喜雙床房（100寸騰訊VIP＋智能語音客控）:HK$506']"
漳州銀佳賓館（古城店）,9.3,"['雅緻-雙床:HK$301', '雅緻-大床:HK$301', '精品房-雙床B:HK$413', '精品房-大床:HK$413']"
漳州賓館（古城店）,9.5,"['凌波樓雅緻大床房:HK$361', '凌波樓雅緻雙床房:HK$361', '天寶樓商務雙床房:HK$413', '天寶樓商務大床房:HK$413', '凌波樓商務大床房:HK$413', '凌波樓商務雙床房:HK$413']"
花築·高陞館·民國傳承·閩南古厝·歷史文化美宿（漳州古城店）,9.7,"['靜謐大床房【空氣凈化器·小米電視】:HK$402', '古城街景大床房【小米電視·空氣凈化器】:HK$438', '浴缸大床房【小米電視·空氣凈化器·深泡浴缸】:HK$445', '星空城樓景露台大床房【大露台·空氣凈化器·小米電視】:HK$472']"
維也納酒店（漳州金峯商業中心店）,9.4,"['豪華大床房:HK$290', '豪華雙床房:HK$301', '影音大床房:HK$324', '影音雙床房:HK$334', '商務大床房:HK$359']"
漳州鑽石大酒店（古城店）,8.9,"['公務雙床房:HK$292', '公務大床房:HK$299', '商務雙床房:HK$299', '商務大床房:HK$299', '行政雙床房:HK$373']"
漳州美倫山莊,9.5,"['精品花園雙床房:HK$593', '海景大床房:HK$772', '海景雙床房:HK$772', '疊拼海景套房:HK$940', '行政海景套房:HK$1,094']"
修宿·僑村1956民宿,9.7,"['雅加達|落地窗全景房:HK$290', '馬六甲|落地窗大床房:HK$323', '馬尼拉|落地窗園景房:HK$374', '吉隆坡|落地窗花園房:HK$374', '新山|陽台花園房:HK$387']"
漳州道田素食溫泉度假酒店,8.8,"['酷芽超級飛俠恐龍大床房:HK$879', '超級飛俠恐龍主題山景親子房:HK$983', '酷芽超級飛俠恐龍榻榻米温泉房:HK$1,487']"
麗景酒店（漳州古城萬達店）,9.0,"['雅緻大床房[一個獨立優雅的空間]:HK$202', '雅緻雙床房 （呵護安全感+65寸大電視）:HK$214', '185°觀景大床房（不想起床的賞藍天看星空+拍照出片+看劇）:HK$226', '尊享豪華家庭房[閤家其樂融融+家庭vip全開通看片無憂+城市景觀+拍照出片]:HK$298']"
漳州融信皇冠假日酒店,9.2,"['城景大床房:HK$374', '城景雙床房:HK$383', '湖景大床房:HK$452', '湖景雙床房:HK$458', '行政雙床房:HK$605', '行政大床房:HK$605']"
漳州裕元大酒店,9.3,"['山景大床房:HK$278', '高級雙床房:HK$308', '商務雙床房（國際知名品牌床墊＋舒適蕎麥枕）:HK$329', '山景豪華大床房（國際知名品牌床墊＋舒適蕎麥枕）:HK$339', '豪華雙床房 （國際知名品牌床墊＋舒適蕎麥枕）:HK$339']"
漳州大酒店（古城店）,9.3,"['商務雙床房:HK$360', '商務大床房:HK$360', '酷芽豬豬俠主題商務雙床房:HK$541', '酷芽超級飛俠恐龍主題商務雙床房:HK$541', '商務套房:HK$574']"
龍海華僑大酒店（後港古街店）,9.4,"['標準大床房:HK$306', '標準雙床房:HK$306', '主題親子房:HK$485', '豪華套房:HK$613']"
歐暇·地中海酒店（漳州長泰凱悦廣場店）,9.6,"['歐暇大床房（深睡眠床墊+智能馬桶）:HK$309', '歐暇雙床房（深睡眠床墊+智能馬桶）:HK$309', '暇享温馨大床房（特長睡床+靜音好眠）:HK$343', '暇享親子家庭房（小童樂園+小童帳篷+親子佈置）:HK$378']"
漳州閩南王府庭院式酒店,9.5,"['宜庭雙床房:HK$311', '悦庭豪華大床·觀賞房:HK$382', '妙庭豪華雙床·觀賞房:HK$382', '妙庭尊貴雙人房·庭院房:HK$449', '雅庭尊貴大床·露台房:HK$449']"
如家商旅酒店（漳州騰飛路古城店）,9.3,"['商務大床房A:HK$225', '雙床房A:HK$233', '商務大床房:HK$243', '雙床房:HK$251']"
漳州龍佳大酒店,8.9,"['雅緻温泉大床房:HK$534', '雅緻温泉雙床房:HK$541', '豪華温泉景觀大床房（帶獨立泡池）:HK$611', '豪華温泉景觀雙床房（帶獨立泡池）:HK$611', '山莊風景雙床房:HK$680', '小熊尼奧温泉大床房:HK$688']"
漳州明發温德姆至尊豪廷大酒店,9.0,"['高級大床房:HK$455', '高級雙床房:HK$455', '豪華大床房:HK$490', '豪華雙床房:HK$490', '豪廷房:HK$509', '豪華套房:HK$896']"
長泰往來莊民宿,9.1,"['六角磚·觀影舒適大床房「山景+投影儀+智能馬桶+音響」:HK$572', '森呼吸·舒適情侶大床房「山景+浴缸+沙發+bose音響」:HK$572', '數星閣·閣樓雙床房「山景竹林+浴缸+bose音響」:HK$572', '平貴·臨水Loft雙床房（湖景+陽台+bose音響）:HK$572']"
青年陽光酒店（漳州萬達廣場店）,9.2,"['S悦享主題房【高層景觀+寫字桌+沙發茶几】:HK$214', 'S暢享舒適雙床房【高層景觀+辦公桌椅】:HK$221', 'S優享特色主題房【多種特色主題風】:HK$221', 'S日式榻榻米大床房【高層景觀+觀景陽台+休閑區】:HK$241']"
ONLYONE温泉度假村,8.5,"['室內私湯大床房:HK$1,059', '庭院私湯大床房:HK$1,092', '室內私湯複式大床房:HK$1,168', '庭院私湯複式大床房:HK$1,201', '私湯湖景雙床房:HK$1,234']"
龍海明發國際大酒店,9.4,"['商務雙床房:HK$403', '行政大床房:HK$458', '高級大床房:HK$479', '親子大床房:HK$567', '豪華套房:HK$688']"
星程酒店（漳州碧湖萬達廣場店）,9.3,"['高級大床房:HK$322', '高級雙床房:HK$341', '高級特大床房:HK$341', '商務大床房:HK$352']"
漳州弘晟酒店（古城牛莊店）,8.9,"['優享大床房:HK$208', '標準大床房:HK$226', '温馨親子房:HK$248', '標準雙床房:HK$260']"
雅斯特酒店（龍海旗艦店）,9.1,"['豪華大床房:HK$348', '豪華雙床房:HK$348', '高級大床房:HK$371', '高級雙床房:HK$371']"
全季酒店（漳州長泰店）,9.6,"['高級大床房:HK$312', '商務大床房:HK$350', '高級雙床房:HK$359', '景觀大床房:HK$407']"
漳浦金仕頓大酒店,9.3,"['豪華大床房:HK$504', '豪華雙床房:HK$504', '行政大床房:HK$587', '豪華全景大床房:HK$587', '行政全景大床房:HK$683', '豪華套房:HK$860']"
長泰金榜國際酒店,9.0,"['豪華大床房:HK$290', '豪華雙床房:HK$290', '豪華雅緻大床房:HK$290', '豪華雅緻雙床房:HK$290']"
麗楓酒店（漳州欣隆盛世廣場店）,9.5,"['浪漫優享房-慕思床墊+空氣凈化器:HK$326', '雅緻大床房-慕思床墊+空氣凈化器:HK$335', '豪華大床房-慕思床墊+空氣凈化器:HK$357', '豪華雙床房-慕思床墊+空氣凈化器:HK$365']"
海悦酒店（漳州古城店）,9.1,"['特惠雙床房:HK$183', '特惠大床房:HK$192']"
