酒店名称,评分,房型价格列表
欣禧酒店（潛江育才路客運站店）,9.7,"['欣禧大床房+冰箱+空氣凈化器+小米直飲機+全智能房間:HK$233', '欣禧雅緻大床房+冰箱+空氣凈化器+小米直飲機+全智能房間:HK$256', '欣禧雙床房+冰箱+空氣凈化器+小米直飲機+全智能房間:HK$267', '欣禧高級大床房+冰箱+空氣凈化器+小米直飲機+全智能:HK$279']"
華康國際大酒店,9.4,"['經濟商務標間（1號樓）:HK$205', '經濟商務單間（1號樓）:HK$205', '豪華棋牌標間（1號樓）:HK$246', '商務標準間（2號樓）:HK$271']"
潛江七喜温德姆花園酒店,9.1,"['高級大床房:HK$298', '高級雙床房:HK$298', '園景雙床房:HK$326', '園景大床房:HK$326', '尊享棋牌大床房:HK$373']"
你好酒店（潛江江漢藝術職業學院店）,9.6,"['高級大床房:HK$196', '高級雙床房:HK$196', '棋牌大床房:HK$205', '商務大床房:HK$215']"
潛江鑫樂大酒店,9.1,"['精緻大床房:HK$288', '精緻雙床房:HK$288', '豪華單間:HK$320', '商務雙床套房:HK$427', '商務套房:HK$427']"
柏曼酒店（潛江高鐵站龍蝦城店）,9.4,"['標準大床房（光線明亮+通風舒適+高層安靜）:HK$198', '標準雙床房（寬敞明亮採光視野好）:HK$213', '影院大床房（超大屏幕高清觀影）:HK$229', '高級雙床房（大沙發+寬敞明亮採光視野好）:HK$244']"
潛江鑽石國際大酒店,8.1,"['豪華商務標準房:HK$275', '豪華商務大床房:HK$365', '豪華棋牌雙床套房:HK$412', '豪華棋牌大床套房:HK$449']"
宜尚酒店（潛江龍蝦街藝術學院店）,9.4,"['標準大床房（超大空間+希丁安床墊+中央空調）:HK$190', '高級大床房（超大空間+希丁安床墊+中央空調）:HK$221', '高級雙床房（超大空間+希丁安床墊+中央空調）:HK$221', '豪華雙床房（超大空間+希丁安床墊+中央空調）:HK$236']"
全季酒店（潛江火車站店）,9.6,"['高級大床房:HK$286', '商務大床房:HK$290', '商務雙床房:HK$290', '豪華大床房:HK$318']"
維也納國際酒店（潛江潛陽西路客運站店）,9.5,"['標準大床房-智能客控小度+零壓床墊:HK$239', '標準雙床房-智能客控小度+零壓床墊:HK$255', '愉夢大床房-智能客控小度+零壓床墊:HK$255', '豪華大床房-智能客控小度+零壓床墊:HK$279']"
潛江紐斯達酒店（江漢油田總醫院店）,9.5,"['特惠大床房【智能客控+夢百合0壓床+酒店公區提供洗衣房】:HK$190', '棋牌雙床房【智能客控+夢百合0壓床+酒店公區提供洗衣房】:HK$219', '精選雙床房:HK$219', '輕奢大床房【智能客控+夢百合0壓床+酒店公區提供洗衣房】:HK$240']"
如家派柏·雲酒店（潛江東風路店）,9.0,"['雅緻大床房-品牌記憶枕+超大電視投屏:HK$120', '雅緻雙床房-品牌記憶枕+超大電視投屏:HK$120', '輕奢雙床房-品牌記憶枕+超大電視投屏:HK$127', '輕奢大床房-品牌記憶枕+超大電視投屏:HK$127']"
維也納酒店（潛江龍蝦城店）,9.4,"['標準大床房-電動窗簾+康萊思床墊+新風換氣:HK$239', '棋牌大床房-電動窗簾+雀友麻將桌+新風換氣:HK$239', '高級大床房-電動窗簾+康萊思床墊+新風換氣:HK$247', '豪華雙床房-智能小度+康萊思床墊+新風換氣:HK$247']"
港麗酒店（潛江廣華嘉寧店）,9.3,"['特惠雙床房:HK$151', '特惠大床房:HK$151', '標準雙床房:HK$173', '標準大床房:HK$173']"
潛江宏達電競賓館,10.0,['二人電競雙床房［顯卡3060+I7:10700+32寸2K+32G+雷柏鍵鼠］:HK$170']
潛江美佳住宿,9.6,"['大床房:HK$136', '情侶大床房:HK$147']"
潛江正悦大酒店,9.3,"['大床房:HK$162', '標準間:HK$162', '棋牌房:HK$210', '豪華套房:HK$210']"
潛江寶來屋旅館,8.9,"['特惠大床房:HK$63', '大床房:HK$74', '麻將房:HK$75', '標準間:HK$85']"
潛江江漢飯店,9.0,"['標準中式雙床房:HK$175', '標準中式大床房:HK$175', '貴賓標準房:HK$212', '標準中式大床套房:HK$258']"
潛江廣澤賓館,8.5,"['豪華大床房:HK$131', '豪華雙床房:HK$142', '麻將套房:HK$173', '豪華套房:HK$207']"
潛江2358民宿,9.8,"['豪華雙床房:HK$133', '豪華棋牌大床房:HK$133', '商務棋牌大床房:HK$133', '優選棋牌大床房:HK$133']"
尚怡特精品酒店（園林路步行街師範藝術學院店）,9.4,[]
