酒店名称,评分,房型价格列表
朗麗茲酒店（濟南遙牆國際機場臨港北路地鐵站店）,9.7,"['高級大床房（零壓床墊+智能客控+智能馬桶+自動窗簾）:HK$261', '高級雙床房（零壓床墊+智能客控+智能馬桶+自動窗簾）:HK$275', '麗茲大床房（零壓床墊+智能客控/馬桶+沙發+自動窗簾）:HK$275', '麗茲雙床房（零壓床墊+智能客控+智能馬桶+自動窗簾）:HK$282', '行政大床房（零壓床墊+智能客控+智能馬桶+自動窗簾）:HK$413']"
禧悦東方酒店（濟南漢峪金谷店）,9.5,"['商務雙床房:HK$630', '商務大床房:HK$684', '豪華雙床房:HK$706', '豪華大床房:HK$761', '高級套房:HK$891', '夢幻之境親子小童家庭套房:HK$1,274']"
機場商旅酒店（濟南遙牆國際機場店）,9.5,"['經濟大床房:HK$164', '舒適雙床房:HK$164', '舒適大床房:HK$176', '温馨家庭套房:HK$312']"
濟南銀豐華美達酒店,9.6,"['高級大床房:HK$554', '高級雙床房:HK$554', '高層景觀大床房（含洗烘機+微波爐+冰箱等）:HK$573', '豪華大床房:HK$603', '行政大床房:HK$653', '高級套房:HK$752']"
濟南綠地美利亞酒店 Meliã Jinan,9.6,"['美利亞雙床房（觀景落地呼吸窗）:HK$490', '美利亞大床房 （觀景落地呼吸窗）:HK$500', '高級大床房（舒適空間+廣角觀景落地呼吸窗）:HK$557', '氧吧安睡房（離子氧吧助眠+凈化增氧+觀景落地呼吸窗）:HK$610', '動物樂園親子房-大床 （舒適空間+觀景落地呼吸窗）:HK$686', '太空人親子房-大床 （舒適空間+觀景落地呼吸窗）:HK$686']"
濟南玉泉森信大酒店（泉城廣場趵突泉店）,9.4,"['舒適標準房:HK$293', '舒適大床房:HK$293', '行政雙床房:HK$337', '豪華大床房:HK$359', '豪華雙床房:HK$381']"
全季酒店（濟南趵突泉店）,9.6,"['高級大床房:HK$373', '商務大床房:HK$411', '舒壓-高級大床房:HK$439', '雙床房:HK$439']"
濟南高新希爾頓花園酒店,9.5,"['花園大床房:HK$408', '花園高級雙床房:HK$408', '花園高級大床房:HK$440', '花園豪華大床房:HK$484', '花園荷里活特大床:HK$502']"
濟南魯能貴和洲際酒店,9.6,"['洲際豪華房-大床:HK$924', '洲際豪華房:HK$924', '洲際尊享房-大床:HK$925', '洲際景觀房-大床:HK$1,033', '洲際豪華房-雙床:HK$1,055', '洲際行政房-雙床:HK$1,197']"
和頤至尚酒店（濟南大明湖趵突泉店）,9.6,"['大床房（智能馬桶+保險箱+可投屏電視+化粧鏡）:HK$385', '商務大床房（智能馬桶+小冰箱+保險箱+可投屏電視）:HK$421', '雙床房（智能馬桶+小冰箱+保險箱+可投屏電視）:HK$440', '高級大床房（智能馬桶+小冰箱+保險箱+可投屏電視）:HK$457', '高級雙床房（智能馬桶+保險箱+可投屏電視）:HK$475']"
濟南魯能希爾頓酒店及公寓,9.5,"['希爾頓大床房:HK$541', '希爾頓雙床房:HK$589', '希爾頓豪華大床房:HK$595', '豪華山景大床房:HK$669', '希爾頓豪華雙床房:HK$676', '希爾頓超豪華大床房:HK$784']"
白玉蘭酒店（濟南高新天辰路店）,9.1,"['舒雅大床房:HK$219', '舒雅雙床房:HK$239', '靜雅大床房:HK$239', '靜雅雙床房:HK$259']"
濟南怡豪大飯店（泉城廣場趵突泉店）,9.6,"['高級雙床房:HK$576', '高級大床房:HK$576', '豪華景觀雙床房:HK$642', '豪華景觀大床房:HK$642', '行政大床房:HK$862', '豪華家庭房（沙發床）:HK$1,078']"
濟南喜來登酒店,9.5,"['高級雙床房:HK$789', '豪華大床房:HK$834', '豪華雙床房:HK$834', '奧體景觀大床房:HK$944', '奧體景觀雙床房:HK$944', '高級大床房:HK$957']"
濟南富力凱悦酒店,9.2,"['凱悦大床房:HK$550', '凱悦雙床房:HK$550', '豪華大床房:HK$631', '豪華雙床房:HK$631', '嘉賓軒大床房:HK$805', '嘉賓軒雙床房:HK$805']"
濟南香格里拉大酒店,9.4,"['豪華大床房:HK$834', '豪華雙床房:HK$834', '豪華景觀大床房-俯覽城市地標:HK$938', '豪華景觀雙床房-俯覽城市地標:HK$938', '尊享大床房-舒適空間:HK$1,028', '行政景觀客房-俯覽城市地標:HK$1,146']"
山東大廈,9.8,"['超豪華雙床房:HK$674', '超豪華大床房:HK$720', '行政大床房:HK$981', '尊享大床房:HK$1,200', '超豪華套間:HK$1,482', '尊貴套房:HK$4,908']"
濟南泉城大酒店（泉城廣場大明湖店）,9.6,"['豪華大床房:HK$446', '豪華雙床房:HK$446', '泉城智能雙床房-智能客控+小冰箱:HK$554', '泉城智能大床房-智能客控+小冰箱:HK$565', '親子大床房:HK$587']"
濟南凱賓斯基酒店,9.5,"['高級大床房:HK$1,118', '高級雙床房:HK$1,143', '豪華雙床房:HK$1,198', '豪華大床房:HK$1,252', '豪華天際城景大床房:HK$1,362', '凱凱樂園房:HK$1,401']"
喬治莫蘭迪酒店（濟南泉城廣場大明湖店）,9.4,"['高級大床房（影音房）（智能馬桶+軟飲+零壓深睡眠）:HK$421', '商務大床房（智能馬桶+飲料+零壓深睡眠）:HK$464', '商務雙床房（智能馬桶+飲料+零壓深睡眠）:HK$468', '雅緻大床房（智能馬桶+飲料+零壓深睡眠）:HK$499', '豪華大床房（智能馬桶+Mini吧+零壓深睡眠）:HK$585']"
濟南泉城廣場寬厚里亞朵酒店,9.7,"['雅緻大床房（小冰箱+投屏電視+智能馬桶）:HK$480', '高級大床房（小冰箱+投屏電視+智能馬桶）:HK$550', '高級雙床房（小冰箱+投屏電視+智能馬桶）:HK$550', '行政大床房（小冰箱+投屏電視+智能馬桶）:HK$621', '幾木大床房（深睡PRO枕+小冰箱+投屏電視+智能馬桶）:HK$721']"
尚泉歷舍第一泉文化酒店（趵突泉店）,9.6,"['無窗大床房:HK$434', '舒適大床房:HK$565', '街景榻榻米大床房:HK$609', '街景大床房:HK$652', '露台大床房:HK$761', '枕水大床房:HK$761']"
濟南趵突泉漫心府,9.7,"['心怡標準大床房:HK$502', '心悦高級大床房:HK$541', '心夢尊享大床房:HK$582', '心享豪華大床房:HK$622', '心享豪華雙床房:HK$662']"
喬治莫蘭迪酒店（濟南春暉路店）,8.6,"['精緻大床房（慕斯床品+智能客控+智能馬桶）:HK$321', '精緻雙床房（慕斯床品+智能客控+智能馬桶）:HK$321', '商務大床房（慕斯床品+智能客控+智能馬桶）:HK$350', '商務雙床（慕斯床品+智能客控+智能馬桶）:HK$350', '時尚大床房（慕斯床品+智能客控+智能馬桶）:HK$400']"
沃德酒店（濟南泉城廣場大明湖店）,9.3,"['靜享大床房:HK$465', '靜享雙床房:HK$493', '雅緻大床房:HK$531', '雅緻雙床房:HK$541', '行政大床房（零壓床墊+小冰箱）:HK$592']"
棠梨褐酒店（濟南大明湖趵突泉店）,9.5,"['雅緻大床房（智能客控+靜享安睡時刻）:HK$490', '碧山大床房（智能客控+繁華都市景色）:HK$523', '沁馨大床房（智能客控+寬敞舒適空間）:HK$555', '碧山雙床房（智能客控+靜享安睡時刻）:HK$632', '沁馨雙床房（智能客控+靜享安睡時刻）:HK$686']"
濟南子曰·明湖酒店,9.7,"['子曰豪華大床房:HK$885', '子曰豪華雙床房:HK$986', '子曰LOFT精選大床房:HK$1,015', '子曰庭院大床房:HK$1,015', '安眠·舒睡行政大床房:HK$1,069']"
如家商旅酒店（濟南遙牆國際機場店）,9.7,"['雙床房（智能投屏）:HK$253', '商務大床房（智能投屏）:HK$253', '高級大床房（智能投屏）:HK$270', '高級雙床房（智能投屏）:HK$270']"
濟南火車站希爾頓歡朋酒店（濼口服裝城店）,9.6,"['舒適大床房:HK$441', '舒適雙床房:HK$441', '高級大床房:HK$469', '高級雙床房:HK$469', '豪華大床房:HK$517']"
濟南鐵道大酒店（濟南火車站店）,9.3,"['舒適雙床房:HK$237', '休閑雙床房:HK$269', '舒適大床房:HK$269', '親子家庭房:HK$294']"
濟南臨空智選假日酒店（遙牆國際機場店）,9.5,"['智選內景荷里活超大床房:HK$396', '高級大床房:HK$444', '高級雙床房:HK$444', '盼酷小黃鴨親子主題房:HK$502', '智選套房:HK$694']"
濟南璞秀酒店（山東國際會展中心齊魯小童醫院店）,9.8,"['璞秀•甄選雙床房（商務甄選丨舒適空間丨夢百合床品）:HK$279', '舒適大床房（夢百合床品丨恆温花灑丨烘乾衣架）:HK$283', '舒適雙床房（床體可移動丨智能馬桶丨烘乾衣架）:HK$291', '哪吒親子主題房（可拼拆雙大床丨伴睡玩偶丨萌童用品）:HK$312', '悦享大床房（懶人沙發丨智能馬桶丨恆温花灑）:HK$316']"
山東政協大廈維景大酒店（大明湖泉城廣場店）,9.6,"['豪華大床房:HK$527', '豪華雙床房:HK$581', '精緻大床房:HK$589', '行政豪華大床房:HK$633', '泰迪珍藏大床房:HK$831']"
濟南鳳鳴宋品酒店,9.4,"['雅士單卧大床庭院別墅:HK$1,599', '雅士單卧雙床庭院別墅:HK$1,599', '飲月單卧庭院別墅:HK$1,769', '枕山眠單卧庭院別墅:HK$1,787', '迦境單卧庭院別墅:HK$1,787', '寵遇單卧庭院別墅:HK$1,881']"
溫德姆花園酒店（濟南西站店）,9.9,"['商務大床房:HK$479', '商務雙床房:HK$479', '行政大床房:HK$522', '行政雙床房:HK$522', '豪華大床房:HK$654', '行政套房:HK$871']"
濟南趵突泉原拓酒店,9.5,"['原粹大床房【小拓智能客控+空氣凈化器+除蟎儀】:HK$435', '原粹雙床房【小拓智能客控+空氣凈化器+除蟎儀】:HK$472', '原璽大床房【小拓智能客控+智能馬桶】:HK$472', '原拓大床房【小拓智能客控+智能馬桶】:HK$508', '原璽雙床房【小拓智能客控+智能馬桶】:HK$520']"
濟南大明湖悦苑酒店,9.4,"['湖悦大床房:HK$532', '湖悦雙床房:HK$532', '泉悦大床房:HK$642', '泉悦雙床房:HK$642', 'B.Duck小黃鴨小黃鴨湖悦親子房:HK$729']"
沃德酒店（濟南泉城廣場寬厚裏店）,9.5,"['商務大床房:HK$397', '商務雙床房:HK$397', '雅緻大床房（智能馬桶+小冰箱）:HK$440', '雅緻雙床房（智能馬桶+小冰箱）:HK$465']"
濟南子曰·美秀酒店,9.6,"['子曰高級雙床房（智能客控+功夫茶具）:HK$511', '子曰高級大床房（智能客控+功夫茶具）:HK$511', '安眠·行政智能雙床房（智能床墊，深度睡眠）:HK$564', '安眠·行政智能大床房（智能床墊，深度睡眠）:HK$564', '子曰輕奢浴缸大床房（尊享私密浴缸空間）:HK$608', '奧特曼主題親子房（尊享浴缸+兒夢時光+智能客控）:HK$632']"
美豪酒店（濟南泉城廣場趵突泉店）,9.5,"['雅居小廂房:HK$295', '靜享大床房（乳膠床墊+智能客控）:HK$318', '精緻大床房（乳膠床墊+智能客控）:HK$341', '英倫風情大床房（乳膠床墊+智能客控+地標景觀）:HK$364']"
維也納酒店（濟南遙牆國際機場店）,9.6,"['標準大床房（無窗）:HK$222', '高級大床房:HK$257', '高級雙床房:HK$257', '親子大床房:HK$280']"
濟南吉華大廈（泉城廣場趵突泉店）,9.6,"['輕奢宿心雙床房（烘乾衣架）:HK$477', '輕奢宿心大床房（烘乾衣架）:HK$477', '臻享影院大床房（100寸投影）:HK$498', '悦享景觀大床房（空氣凈化器+智能馬桶）:HK$498', '泉城印象雙床房:HK$520']"
全季酒店（濟南泉城廣場店）,9.6,"['大床房:HK$394', '高級大床房:HK$433', '商務大床房:HK$471', '豪華大床房:HK$500']"
濟南君廷酒店,9.5,"['高級雙床房:HK$762', '高級大床房:HK$762', '豪華雙床房:HK$827', '豪華大床房:HK$827', 'B.Duck小黃鴨主題親子家庭房:HK$981', '海底小縱隊主題親子家庭房:HK$981']"
全季酒店（濟南趵突泉北門店）,9.3,"['商務雙床房:HK$381', '高級大床房:HK$381', '景觀大床房:HK$411', '舒壓-高級大床房:HK$441']"
濟南潤華皇冠假日酒店,9.7,"['高級房 雙床:HK$533', '高級房 大床:HK$543', '高級房 大床 城景:HK$554', '高級房 雙床 城景:HK$592', '豪華大床房:HK$636', '高級房 雙床 皇冠酒廊:HK$778']"
8號院民宿（大明湖泉城廣場店）,9.4,"['悦享大床房（超大床+悠漾浴缸）:HK$609', '優享雙床房（三區分離+舒適空間）:HK$642', '舒享大床房（智能客控+香道體驗）:HK$642', '尊享大床房（藍牙音響+品牌衞浴）:HK$663', '漫享親子房（主題房+小童玩具）:HK$663']"
濟南萊蕪希爾頓歡朋酒店,9.7,"['舒適大床房:HK$361', '舒適雙床房:HK$361', '高級雙床房:HK$384', '高級大床房:HK$408', '豪華雙床房:HK$431']"
濟南東站龍湖天街美居酒店,9.7,"['嘉賓大床房（智能客控+65寸超清智能電視+迷你小冰箱）:HK$431', '嘉賓雙床房（智能客控+65寸超清智能電視+迷你小冰箱）:HK$441', '豪華大床房（智能客控+65寸超清智能電視+迷你小冰箱）:HK$461', '豪華雙床房（智能客控+65寸超清智能電視+迷你小冰箱）:HK$481', '套房（65寸超清智能電視+迷你小冰箱+小會客廳）:HK$660']"
濟南藍海御華大飯店,9.6,"['舒適大床房:HK$473', '商務大床房:HK$592', '商務雙床房:HK$592', '豪華雙床房:HK$642', '豪華大床房:HK$663', '童趣親子特大床房:HK$706']"
