酒店名称,评分,房型价格列表
麗婭酒店（烏魯木齊天山國際機場店）,8.9,"['景觀大床房:HK$360', '商務大床房:HK$391', '豪華雙床房:HK$451', '豪華大床房:HK$474']"
烏魯木齊百麗酒店（和田二街店）,9.6,"['風華靚麗雙床房 | 影院式書吧+英倫風:HK$716', '風華靚麗大床房 | 影院式書吧+英倫風:HK$716', '高貴華麗大床房 | 影院式書吧+英倫風:HK$851', '高貴華麗雙床房 | 影院式書吧+英倫風:HK$851', '奢華瑰麗商務套房 | 影院式書吧+英倫風:HK$1,263']"
烏魯木齊萬國酒店（國際大巴扎店）,8.8,"['精緻雙床（智能馬桶+舒適床品）:HK$487', '商務雙床（智能馬桶+舒適床品+巨幕投影）:HK$503', '豪華雙床（智能馬桶+舒適床品+巨幕投影）:HK$518', '商務大床（智能馬桶+舒適床品+巨幕投影）:HK$518']"
烏魯木齊上容酒店（火車南站店）,9.0,"['容雲·怡致雙床房（舒睡好眠+超大空間）:HK$420', '簡之·雙床房（舒睡好眠+靜謐空間）:HK$433', '容逸·景緻雙床房（舒睡好眠+超大空間）:HK$569', '容逸·景緻大床房（舒睡好眠+超大空間）:HK$593', '容韻·逸緻雙床房（舒睡好眠+超大空間）:HK$616']"
華航酒店（烏魯木齊機場店）,9.2,"['優享雙床房丨舒適床品+安睡好眠+靜謐空間:HK$339', '優享大床房丨舒適床品+安睡好眠+靜謐空間:HK$339', '逸享雙床房丨舒適床品+安睡好眠+靜謐空間:HK$391', '尊享雙床房丨舒適床品+安睡好眠+靜謐空間:HK$429']"
簡致酒店（烏魯木齊人民廣場店）,9.4,"['簡致幻彩星空房:HK$514', '簡致高級大床房:HK$514', '簡致高級雙床房:HK$514', '簡致雙床房:HK$547']"
烏魯木齊恆裕國際酒店（德滙萬達廣場長江路店）,9.4,"['舒適大床房|高奢零壓舒眠床墊·深睡記憶枕·全屋智能:HK$586', '高級大床房|零壓舒眠床墊·高空夜景·恆温智能馬桶:HK$644', '豪華大床房|全屋智能·高空夜景·遠望日照金山:HK$749', '恆裕主題房|舒適會客區·縱享璀璨都市夜景:HK$805']"
烏魯木齊高鐵站希爾頓歡朋酒店,9.5,"['舒適大床房:HK$633', '舒適雙床房:HK$671', '高級大床房:HK$825', '高級雙床房:HK$853', '豪華雙床房:HK$959']"
如家酒店·neo（烏魯木齊克拉瑪依西街安佳大廈店）,9.3,"['商務大床房【智能客控|高空夜景】:HK$415', '高級大床房【智能客控|高空夜景|徠芬高速吹風機】:HK$433', '雙床房【智能客控|高空夜景】:HK$442', '高級雙床房【智能客控|智慧洗衣|高清投屏】:HK$458']"
天緣航油酒店（烏魯木齊天山國際機場店）,9.3,"['優享雙床房丨助眠床墊+深度睡眠+躺平自愈:HK$331', '優享大床房丨助眠床墊+深度睡眠+躺平自愈:HK$341', '豪華雙床房丨助眠床墊+深度睡眠+躺平自愈:HK$408', '豪華大床房丨助眠床墊+深度睡眠+躺平自愈:HK$419']"
烏魯木齊海棠酒店（九鼎農產品批發市場店）,9.9,"['33㎡影音大床房（智能客控+零壓床墊+加濕器+保温水壺+小型冰箱）:HK$381', '45㎡豪華大床房（智能客控+零壓床墊+加濕器+保温水壺+小型冰箱）:HK$437', '家庭雙床房:HK$446', '45㎡豪華雙床房（智能客控+零壓床墊+加濕器+保温水壺+小型冰箱）:HK$455']"
烏魯木齊奧萊國際酒店,9.4,"['躺平治癒大床房:HK$420', '躺平治癒雙床房:HK$438', '商務深眠大床房:HK$480', '商務深眠雙床房:HK$516', '商務套房:HK$1,201']"
烏魯木齊西星大酒店（國際大巴扎店）,8.9,"['普通標準間:HK$507', '精品單人間:HK$535', '精品標準間:HK$541', '精品三人間:HK$677']"
烏魯木齊程航酒店,9.4,"['逸享·雙棲特惠房丨記憶乳膠床墊+舒適深睡+加濕器:HK$436', '商驛·雙境房丨記憶乳膠床墊+舒適深睡+加濕器:HK$491', '商驛·臻境大床房丨記憶乳膠床墊+舒適深睡+加濕器:HK$491', '臻閣·靜眠大床房丨記憶乳膠床墊+舒適深睡+加濕器:HK$546', '臻閣·雙眠房丨記憶乳膠床墊+舒適深睡+加濕器:HK$556']"
喬治莫蘭迪酒店（烏魯木齊南站七一醬園購物中心店）,9.4,"['商務大床房丨慕斯床墊+親膚布草:HK$861', '商務雙床房丨慕斯床墊+親膚布草:HK$883', '雅緻大床房丨慕斯床墊+親膚布草:HK$954']"
凱斯大飯店（烏魯木齊國際大巴扎店）,8.4,"['豪華雙床房 |異域風情+城市景觀:HK$478', '豪華大床房:HK$503']"
原舍酒店（烏魯木齊軍區總醫院新疆維吾爾自治區博物館店）,9.3,"['舍·沐曦大床房（全屋小度智能客控+親膚床品+靜謐空間）:HK$430', '舍.伴行雙床房（全屋小度智能客控+親膚床品+靜謐空間）:HK$452', '舍·蜜調大床房（全屋小度智能客控+親膚床品+靜謐空間）:HK$489', '舍.靜心品茗雙床房（全屋小度智能客控+親膚床品+靜謐空間）:HK$519']"
烏魯木齊富力萬達文華酒店,9.6,"['豪華大床房（尊享空間+深睡床墊+獨立衞浴 ）:HK$1,626', '豪華雙床房（尊享空間+深睡床墊+獨立衞浴 ）:HK$1,626', '無障礙大床房（深睡床墊+通透採光）:HK$1,735', '高級豪華大床房（尊享空間+深睡床墊+高層通透採光 ）:HK$1,845', '高級豪華雙床房（尊享空間+深睡床墊+高層通透採光 ）:HK$1,845', '西域主題大床房:HK$1,954']"
百世昌歡居酒店（新疆自治區博物館MM美美購物中心店）,9.5,"['悦享大床房（75寸投屏電視｜全屋智控｜助眠床墊）:HK$535', '高級大床房（75寸投屏大電視丨雅山地標景丨全屋智控）:HK$573', '豪華大床房（75寸投屏大電視｜小冰箱｜全屋智控）:HK$604', '城景影院大床房（紅山地標景｜高清投影｜海量片源）:HK$649', '百世親子房（75寸投屏大電視｜智能馬桶｜一大一小床）:HK$680']"
烏魯木齊人民電影院亞朵酒店,9.5,"['雅緻雙床房（深睡枕深睡床墊+親膚布草）:HK$619', '高級大床房（深睡枕深睡床墊+親膚布草）:HK$637', '高級雙床房（深睡枕深睡床墊+親膚布草）:HK$682', '幾木大床房（深睡PRO+迷你小冰箱+親膚布草）:HK$700', '幾木雙床房（深睡PRO+迷你小冰箱+親膚布草）:HK$745']"
速8優選酒店（烏魯木齊機場大地窩堡地鐵站店）,9.3,"['特色大床房丨全屋智能客控+舒睡好眠:HK$353', '特色雙床房丨全屋智能客控+舒睡好眠:HK$383', '高級家庭房丨全屋智能客控+舒睡好眠:HK$471']"
全季酒店（烏魯木齊紅山店）,9.6,"['高級大床房A【可投屏65寸電視+恆温馬桶】:HK$646', '高級大床房【可投屏65寸電視+恆温馬桶】:HK$674', '雙床房A【可投屏65寸電視+恆温馬桶】:HK$684', '雙床房【可投屏65寸電視+恆温馬桶+小冰箱】:HK$712', '舒壓高級大床房【可投屏65寸電視+記憶棉枕頭床墊】:HK$742']"
銘千里酒店（烏魯木齊國際大巴扎店）,9.0,"['祥佑|內景大床房（無窗）:HK$338', '扶光 | 觀影大床房（百寸巨幕+120HZ超清投影+靜謐隔音）:HK$390', '扶光 | 圓床房（高奢床墊+靜謐隔音）:HK$390', '雅韻|陽光大床房:HK$415']"
如家商旅酒店（烏魯木齊新北園春平川路地鐵站店）,9.6,"['大床房:HK$433', '商務大床房:HK$450', '高級大床房（智能客控）:HK$467', '高級雙床房（智能客控）:HK$475']"
悦享·歡朋酒店（經開萬達廣場高鐵站店）,9.1,"['悦意·原木ins大床房:HK$394', '悦意·原木ins雙床房:HK$405', '享韻·簡約Style大床房:HK$427', '享韻·簡約Style雙床房:HK$437']"
克拉瑪依政府駐烏辦事處大廈,9.5,"['舒適大床房:HK$577', '舒適雙床房:HK$577', '陽光一居室:HK$631', '雅緻大床房:HK$756']"
全季酒店（烏魯木齊天山國際機場空港店）,9.5,"['高級暖心大床房:HK$603', '舒壓躺平大床房:HK$663', '高級舒心雙床房:HK$704', '舒壓躺平舒心雙床房:HK$774']"
烏魯木齊人民廣場南門地鐵站亞朵酒店,9.3,"['雅緻大床房（全屋智能+小冰箱）景觀封閉內窗:HK$700', '雅緻雙床房（全屋智能+小冰箱）景觀封閉內窗:HK$807', '行政大床房（全屋智能+小冰箱）:HK$843', '行政雙床房（全屋智能+小冰箱）:HK$897', '幾木大床房（深睡PRO+全屋智能+小冰箱）:HK$952']"
鑫季酒店（烏魯木齊中山路南門地鐵站店）,9.2,"['大床房:HK$513', '雙床房:HK$513', '高級大床房:HK$540', '高級雙床房:HK$540']"
美豪·麗致酒店（烏魯木齊萬達廣場高鐵站店）,9.2,"['麗致雙床房丨城市景觀+靜謐空間:HK$621', '麗致大床房丨城市景觀+靜謐空間:HK$621', '麗致影院大床房丨城市景觀+靜謐空間:HK$693', '雅緻雙床房丨城市景觀+靜謐空間:HK$693', '麗致影院雙床房丨城市景觀+獨享大空間:HK$704']"
玉京崑崙大酒店（國際大巴扎店）,9.2,"['雅緻大床房:HK$533', '雅緻雙床房:HK$561', '豪華大床房:HK$706', '豪華雙床房:HK$735', '商務大床房:HK$782']"
烏魯木齊八音和酒店（國際大巴扎人民電影院店）,9.0,"['簡逸大床房:HK$433', '雙境大床房（採光好）:HK$505', '奢居商務大床房（全景落地窗）:HK$593', '禾語標間（悠享好夢+智能馬桶）:HK$682', '浴缸大床房（私享浴缸）:HK$859']"
烏魯木齊柏蘊天辰酒店,9.3,"['柏宜 | 輕雅格調大床房:HK$522', '柏宜 | 輕雅格調雙床房:HK$544', '柏悦 | 絲路雲端大床房:HK$567', '柏悦 | 絲路雲端雙床房:HK$589', '柏頌 | 和風居家庭套房:HK$766']"
星程酒店（烏魯木齊創新廣場店）,9.2,"['高級雙床房（高層城市夜景+深度睡眠+恆温馬桶）:HK$352', '高級大床房（高層景觀盡覽+靜雅助眠+金可兒床墊）:HK$372', '商務雙床房（宜商宜居+65寸可投屏電視+觀景落地窗）:HK$372', '商務大床房（雪山觀景+65寸可投屏電視+金可兒床墊）:HK$402']"
喆菲S酒店（烏魯木齊大西門店）,8.9,"['菲凡惠享大床房丨躺平自愈+深度睡眠:HK$334', '菲凡純享大床房丨躺平自愈+深度睡眠:HK$340', '菲凡惠享雙床房丨躺平自愈+深度睡眠:HK$435', '菲凡尊享大床房丨躺平自愈+深度睡眠:HK$448']"
格林東方酒店（烏魯木齊天山國際機場新天潤國際社區店）,9.4,"['東方大床房（零壓床墊&全屋智能）:HK$520', '東方雙床房（零壓床墊&全屋智能）:HK$537', '東方高級大床房（零壓床墊&迷你小冰箱&咖飲機&全屋智能）:HK$570', '東方高級雙床房（零壓床墊&迷你小冰箱&全屋智能）:HK$586']"
百世昌徠舍酒店（烏魯木齊機場德港萬達店）,9.5,"['悦享大床房:HK$444', '惠享雙床房:HK$459', '悦享雙床房:HK$474', '尊享大床房 | 智能客控+小冰箱+加濕器+親膚床品:HK$489']"
艾扉酒店（烏魯木齊人民電影院店）,9.5,"['艾扉大床房:HK$333', '艾扉商務大床房:HK$351', '艾扉雙床房:HK$368', '艾扉高級大床房:HK$377']"
佳航酒店（烏魯木齊天山國際機場店）,9.1,"['惠享心悦雙床房:HK$452', '商務大床間:HK$621', '商務標間:HK$621', '起降觀景大床房:HK$621']"
善合仁家飯店（國際大巴扎店）,9.3,"['標準雙床房:HK$335', '高級大床房:HK$338', '高級雙床房:HK$347', '豪華大床房:HK$363']"
烏魯木齊環球國際大酒店,9.6,"['高級雙床房:HK$982', '高級大床房:HK$982', '豪華大床房:HK$1,202', '商務豪華間:HK$1,310', '豪華雙床房:HK$1,310', '行政大床房:HK$1,420']"
烏魯木齊頤中園酒店（紅山人民公園店）,9.2,"['璞雅庭·豪華大床房（金可兒舒睡床品+庭院觀景）:HK$580', '衍辰居·豪華雙床房（金可兒舒睡床品+庭院觀景）:HK$580', '靜安閣·雅緻雙床房（靜賞庭院+靜享睡眠+新中式簡約）:HK$655', '沐臻軒·雅緻大床房（靜賞庭院+靜享睡眠+新中式簡約）:HK$655', '柿木居·雅緻套房（靜賞庭院+靜享睡眠+新中式簡約）:HK$840']"
烏魯木齊建國璞隱酒店（高鐵站北廣場萬達店）,9.6,"['詠蘭居大床房（夢百合零壓床墊·全屋智能·65寸電視）:HK$616', '暗香居大床房（夢百合零壓床墊｜小度全屋智能｜65寸智能投屏電視）:HK$635', '清蓮居套房（夢百合零壓床墊｜小度全屋智能｜65寸智能投屏電視）:HK$745', '凌霜居雙床房（夢百合零壓床墊｜小度全屋智能｜65寸智能投屏電視）:HK$818', '幽篁居雙床房（夢百合零壓床墊｜全屋語音智能｜投屏）:HK$893']"
如家商旅酒店（烏魯木齊會展吾悦廣場店）,9.7,"['大床房（夢百合記憶棉床墊&65寸電視投屏&眺望山景）:HK$433', '商務大床房（休閑辦公區&夢百合床墊&優質睡眠）:HK$462', '高級大床房（休閑辦公區域&品茶韻&65寸電視投屏）:HK$491', '雙床房（65寸可投屏&電視休閑區域&夢百合床墊）:HK$500']"
烏魯木齊文迪花園酒店（天山國際機場天工汽車文旅中心店）,9.3,"['特惠複式雙床房（B棟）|全屋智能|零壓床墊:HK$542', '惠享雙床房（A棟）|全屋智能|零壓床墊:HK$572', '豪華雙床房（A棟）|全屋智能|零壓床墊:HK$602', 'LOFT豪華標間（B棟）|全屋智能|零壓床墊:HK$655', 'LOFT豪華大床房（B棟）|全屋智能|零壓床墊:HK$663']"
烏魯木齊站智選假日酒店,9.1,"['高級房 大床:HK$538', '高級房 雙床:HK$559', '高級房 大床 城市景觀:HK$570', '高級房 雙床 城市景觀:HK$592', '高級房 1張大床和1張單人床 更大面積:HK$865']"
百世昌誠和酒店（幸福路大灣北路店）,9.4,"['悦享內景大床房（手機投屏｜記憶枕｜全屋智控）:HK$489', '悦享巨幕大床房（100寸高清巨幕｜海量片源｜手機投屏）:HK$497', '悦享巨幕雙床房（巨幕投影｜小冰箱｜助眠床墊）:HK$497', '高級雙床房（投屏電視｜小冰箱｜全屋智控）:HK$512', '高級大床房（投屏電視｜記憶枕｜全屋智控）:HK$527']"
烏魯木齊北京南路中營工地鐵站亞朵酒店,9.7,"['雅緻大床房（智能客控+小冰箱）:HK$547', '高級大床房（智能客控+小冰箱）:HK$610', '行政大床房（智能客控+小冰箱）:HK$646', '行政雙床房（智能客控+小冰箱）:HK$727', '幾木大床房（智能客控+深睡床墊+深睡枕頭+小冰箱）:HK$727']"
紅寶石雅緻酒店（美美MM2購物中心新疆維吾爾自治區博物館店）,9.4,"['温馨治癒大床房（夢百合床墊+75寸投屏電視+智能馬桶+全屋聲控）:HK$540', '光影輕奢雙床房（全屋智能+智能馬桶+乳膠床墊+加濕器）:HK$553', '光影輕奢大床房（全屋智能+智能馬桶+乳膠床墊+加濕器）:HK$566', '智能安睡大床房（夢百合零壓床墊+智能馬桶+智能遮光窗簾+加濕器）:HK$592', '城景豪華雙床房（全屋聲控+智能馬桶+智能遮光窗簾+乳膠床墊+加濕器）:HK$618']"
格林東方酒店（烏魯木齊國際大巴扎南門地鐵站店）,9.0,"['東方大床房:HK$398', '東方高級大床房:HK$428', '特價特色大床房:HK$453', '舒眠零壓大床房:HK$458']"
