酒店名称,评分,房型价格列表
煙臺中澤華羿鉑爾曼酒店,9.6,"['特惠雙床房:HK$896', '特色景觀房:HK$976', '高級海景大床房:HK$1,073', '豪華海景大床房:HK$1,106', '高級大床房:HK$1,177', '高級雙床房:HK$1,177']"
煙台麗景海灣酒店（第二海水浴場漁人碼頭店）,9.7,"['舒適雙床房（金可兒床墊+羽絨被+乾濕分離熱帶雨林淋浴）:HK$920', '舒適大床房（金可兒床墊+羽絨被+乾濕分離熱帶雨林淋浴）:HK$920', '聽海雙床房（金可兒床墊+羽絨被+投屏電視+智能馬桶）:HK$991', '臨海超寬荷里活大床房（金可兒床墊+投屏電視+智能馬桶）:HK$1,062', '陽光海景大床房（金可兒護脊床墊+投屏電視+智能馬桶）:HK$1,204']"
煙台芝罘楓渡酒店,9.5,"['祕境大床房—小冰箱+AI語音+智能馬桶:HK$721', '純粹園景雙床房—智能投屏電視+智能門鎖:HK$765', '質感海景大床房—陽光露台+小冰箱+AI語音+智能馬桶:HK$849', '滿悦大床房—親子+AI智能語音+慕思床墊:HK$889', '滿悦雙床房—親子-夢潔床品+小冰箱+AI語音+智能馬桶:HK$988']"
麗景海岸酒店（煙台火車站大悅城店）,9.5,"['雙窗·舒適大床房-（乾濕分離+雨淋頂噴）:HK$518', '樂享·街機大床房-（暢玩街機+打卡全身鏡）:HK$553', '高空·城景大床房（迷人夜景+舒適睡眠）:HK$603', '雙窗·舒適雙床房-（休閑沙發+三分離衞浴）:HK$607', '高空·城景雙床房（270°觀景+雨淋頂噴）:HK$642']"
鑫山酒店（煙台大學國際博覽中心店）,9.4,"['輕居星光房（夢百合零壓床墊+星空深睡枕+全身鏡）:HK$295', '海天晨曦大床房（夢百合零壓床墊+深睡枕+無線充電）:HK$328', '天際海島大床房（夢百合零壓床墊+深睡枕+羽絨控温被）:HK$361', '晨悦行政雙床房（夢百合零壓床墊+星空深睡枕+全身鏡）:HK$404', '270度海韻翼廊大床房（夢百合零壓床墊+星空深睡枕）:HK$438']"
煙臺中心大酒店,9.6,"['雅緻標準雙床房:HK$401', '雅緻標準大床房:HK$401', '雅緻陽光大床房:HK$420', '雅緻陽光雙床房:HK$420', '雅緻精品大床房:HK$433']"
煙台濱海廣場城際酒店,9.7,"['城際高級大床房【絲漣床墊·澳洲APPELES洗護】:HK$887', '城際高級房-雙床【絲漣床墊·澳洲APPELES洗護】:HK$887', '城際商務大床房（智能客控+浴袍+絲漣床墊+小冰箱）:HK$930', '城際豪華房-雙床【絲漣床墊·澳洲APPELES洗護】:HK$972', '城際家庭房【絲漣床墊·澳洲APPELES洗護】:HK$1,016']"
煙台麗景華僑酒店（第一海水浴場煙台站店）,9.7,"['悠然竹景雙床房（安睡記憶枕+羽絨被芯）:HK$577', '靜雅舒心雙床房（海洋主題+舒適浴缸）:HK$609', '悠然竹景大床房（安睡記憶枕+羽絨被芯）:HK$609', '靜雅舒心大床房（海洋主題+舒適浴缸）:HK$620', '海景商務大床房（安睡記憶枕+羽絨被芯）:HK$631']"
煙台天越灣璞園酒店,9.5,"['高級大床房（金可兒護脊床墊+全屋智能客控）:HK$601', '高級雙床房（金可兒護脊床墊+全屋智能客控）:HK$677', '行政大床房（金可兒護脊床墊+全屋智能客控）:HK$677', '行政雙床房（金可兒護脊床墊+全屋智能客控）:HK$751', '複式大床房（金可兒護脊床墊+全屋智能客控）:HK$751']"
煙台金海灣酒店,9.7,"['商務市景大床房:HK$902', '商務市景雙床房:HK$902', '煙台山公園景大床房:HK$967', '煙台山公園景雙床房:HK$1,027', '海景大床房:HK$1,097', '陽台觀海套房:HK$1,253']"
煙台海悦灣酒店,9.2,"['精緻雙床房（2號樓）:HK$289', '雅緻大床房:HK$416', '雅緻雙床房:HK$416', '豪華城景大床房:HK$556', '豪華城景雙床房:HK$609']"
煙台碧海飯店（煙台火車站萬達廣場店）,9.5,"['靜逸｜雅居雙床房:HK$456', '靜逸｜行政雙床房:HK$467', '臻享｜舒心大床房:HK$478', 'Tiamo獨立汗蒸+榻榻米房:HK$489', '臻享｜舒心雙床房:HK$489']"
煙台南山皇冠假日酒店,9.3,"['皇冠高級房-雙床:HK$483', '皇冠高級房-大床:HK$483', '皇冠高級房:HK$557', '豪華房 大床:HK$577', '皇冠海景房-大床:HK$624', '豪華房 大床 海景:HK$647']"
煙台金沙灘海水浴場太明麗呈酒店,9.7,"['舒適大床房【全屋智能+零壓床墊+護脊枕+徠芬吹風機】:HK$645', '舒適雙床房【全屋智能+零壓床墊+護脊枕+徠芬吹風機】:HK$645', '商務大床房【全屋智能+零壓床墊+護脊枕+徠芬吹風機】:HK$699', '商務雙床房【全屋智能+零壓床墊+護脊枕+徠芬吹風機】:HK$699', '輕奢雙床房【全屋智能+零壓床墊+護脊枕+徠芬吹風機】:HK$777']"
兩棵冬青民宿（煙台山景區店）,9.8,"['懷舊小院（三室一廚兩衞）:HK$2,652', '商務會館（三院一廚+會議廳）:HK$7,882', '婚慶蘭閨（冬青整院）:HK$10,201']"
柏曼酒店（煙台南大街萬達廣場店）,9.6,"['舒適榻榻米【0壓深睡眠床墊+靜謐隔音+新風系統】:HK$331', '標準大床房【0壓乳膠床墊+護頸助眠枕頭+手機投屏+小度智能】:HK$566', '標準雙床房【小度智能+手機投屏+新風系統】:HK$566', '觀影大床房【120寸巨幕+極光TV會員+小度智能】:HK$576']"
煙台百納瑞汀天越灣酒店,9.6,"['園景大床房:HK$1,078', '園景標準間:HK$1,078', '海景大床房:HK$1,471', '塔樓180海景房:HK$1,549', '花園露台海景房:HK$1,580', '親子荷里活房:HK$1,852']"
力曼解百納酒店（煙台山景區火車站店）,9.5,"['温馨雅居房-乾濕分離·智能馬桶:HK$652', '靜雅大床房-智能窗簾·電視投屏:HK$696', '靜雅雙床房-親膚床品·智能馬桶:HK$729', '行政大床房-辦公桌椅·親膚床品:HK$762', '行政雙床房-電視投屏·深睡床墊:HK$805']"
星諾藍灣酒店（煙台大學國際博覽中心店）,9.6,"['品藍大床房『小度智能語控+康乃馨透氣羽絨被』:HK$643', '映藍影音房『金可兒床墊+小度語控+百寸超清投影巨幕』:HK$686', '蔚藍大床房（金可兒30公分厚護脊床墊+小度智能語控）:HK$718', '蔚藍雙床房（金可兒30公分厚護脊床墊+康乃馨羽絨被）:HK$751', '海藍大床房 （金可兒30公分厚護脊床墊+乾濕分離淋浴）:HK$793']"
永蓬海天酒店（八仙渡海濱浴場店）,9.5,"['地中海風·精緻大床（智能客控+舒適零壓枕）:HK$610', '地中海風·精品親子房（智能客控+電視可投屏）:HK$707', '地中海風·輕奢大床房（智能客控+舒適零壓枕）:HK$734', '園林風·高級親子雙床房（智能客控+舒適零壓枕）:HK$802']"
煙台麗景海居酒店（養馬島環島路店）,8.9,"['林景雙床房（安睡蕎麥枕+羽絨被+徠芬吹風機）:HK$960', '林景大床房（安睡蕎麥枕+羽絨被+徠芬吹風機）:HK$960', '海景雙床房（安睡蕎麥枕+羽絨被+徠芬吹風機）:HK$1,144', '露台海景雙床房（安睡蕎麥枕+羽絨被+徠芬吹風機）:HK$1,373']"
煙台金沙灘英迪格酒店,9.7,"['精品雙床房:HK$1,494', '精品大床房無障礙:HK$1,550', '精品大床房:HK$1,597', '豪華精品雙床房:HK$1,697', '精品海景大床房:HK$1,799', '精品海景雙床房:HK$2,105']"
黃海賓館,9.4,"['城景大床房:HK$1,170', '商務雙床房:HK$1,301', '雅緻大床房:HK$1,635', '高級大床房:HK$1,760', '露台大床房:HK$2,028', '庭院高級大床房:HK$2,159']"
菲倫酒店（煙台牟平養馬島新城大街店）,9.7,"['高級大床房-全屋智能-夢百合零壓床墊:HK$588', '高級雙床房-全屋智能-夢百合零壓床墊:HK$621', '豪華大床房-180°視野-全屋智能-舒適好眠:HK$654', '豪華雙床房-180°視野-全屋智能-舒適好眠:HK$686', '豪華行政大床房-獨立茶室-全屋智能-舒適好眠:HK$730']"
龍口大酒店·未來,9.9,"['城景舒享大床房:HK$403', '城景舒享雙床房:HK$403', '城景悦享大床房:HK$425', '城景悦享雙床房:HK$445', '摩天輪悦景大床房:HK$445']"
大成門酒店（煙台火車站吾悦廣場店）,9.3,"['精緻大床房:HK$340', '精緻雙床房:HK$347', '雅緻大床房:HK$354', '雅緻雙床房:HK$361', '雅蘭零壓大床房:HK$368']"
貝斯特韋斯特大酒店（煙台港火車站店）,9.2,"['悦海市景雙床房（高樓層市景+休閑沙發）:HK$485', '悦海市景大床房（高樓層市景+休閑沙發）:HK$522', '豪華大床房:HK$533', '豪華雙床房（公區洗衣機）:HK$533', '悦海海景雙床房（高樓層海景+休閑沙發）:HK$555', '悦海海景大床房（高樓層海景+休閑沙發）:HK$555']"
煙台世茂希爾頓酒店,9.5,"['雲境山海房:HK$1,481', '豪華大床房:HK$1,585', '行政大床房:HK$1,587', '行政雙床房:HK$1,587', '雲境海景大床房:HK$1,651', '雲境海景雙床房:HK$1,684']"
維也納國際酒店（煙台金沙灘海水浴場振華購物中心店）,9.4,"['高級大床房:HK$600', '豪華大床房:HK$670', '海景大床房:HK$705', '豪華雙床房:HK$705', '海景雙床房:HK$826']"
煙台金海岸希爾頓酒店,9.5,"['高級客房大床房:HK$1,196', '高級客房雙床房:HK$1,196', '高級客房大床房（高樓層）:HK$1,196', '高級客房雙床房（高樓層）:HK$1,196', '行政客房大床房:HK$1,396', '行政客房雙床房:HK$1,396']"
龍口天鴻酒店,9.7,"['悦享雙床房:HK$314', '悦享大床房:HK$358', '0壓大床房（夢百合0壓床墊+0壓記憶枕）:HK$402', '豪華大床房:HK$512', '商務大床房:HK$627']"
全季酒店（煙台開發區金沙灘後沙廣場店）,9.6,"['大床房（地暖）:HK$757', '舒壓-高級大床房（地暖）:HK$845', '舒壓-高級雙床房（地暖）:HK$964', '高級景觀大床房（地暖）:HK$984']"
煙台萬豪萬楓酒店,9.7,"['園景大床房:HK$1,071', '高級園景大床房:HK$1,126', '海景雙床房:HK$1,394', '海景大床房:HK$1,394', '高級海景大床房:HK$1,501']"
麗楓酒店（蓬萊閣海水浴場蓬長客港店）,9.5,"['雅緻大床房:HK$828', '豪華大床房:HK$861', '純凈自然雙床房:HK$894', '商務大床房:HK$919']"
煙台金沙灘希爾頓歡朋酒店,9.8,"['舒適園景雙床房:HK$1,152', '舒適園景大床房:HK$1,152', '高級園景大床房:HK$1,248', '豪華園景大床房:HK$1,344', '舒適海景大床房:HK$1,440']"
和頤至格酒店（煙台火車站店）,9.4,"['大床房:HK$496', '商務大床房:HK$514', '雙床房:HK$514', '高級雙床房:HK$532']"
煙台漁人碼頭第二海水浴場亞朵酒店,9.6,"['尊享海景大床房（小度智能客控+智能馬桶+恆温花灑）:HK$957', '行政套房（小度智能客控+智能馬桶+恆温花灑+小冰箱）:HK$957', '尊享海景雙床房（小度智能客控+80°環海+ESPA洗護）:HK$1,012', '深睡行政海景大床房（小度客控+智能馬桶+恆温花灑）:HK$1,093', '深睡尊享海景大床房:HK$1,208']"
蓬萊藝珺酒店（蓬萊閣蓬萊海水浴場店）,9.2,"['藝悦大床房:HK$643', '藝悦雙床房:HK$643', '藝珺大床房（浴缸）:HK$762', '藝珺雙床房（浴缸）:HK$762', '藝悦套房:HK$860', '藝珺園景雙床房（浴缸）:HK$949']"
桔子酒店（煙台火車站渤海輪渡客運站店）,9.4,"['極簡時光大床房（投屏電視）:HK$541', '加州陽光雙床房（投屏電視）:HK$562', '月若流金大床房（投屏電視）:HK$572', '商務大床房（投屏電視）:HK$602']"
蓬萊百納瑞汀酒店（蓬萊閣店）,9.7,"['特價精緻大床房（浴缸）:HK$762', '精緻大床房（浴缸）:HK$838', '特價精緻標準間（浴缸）:HK$893', '古城海景大床房（浴缸）:HK$927', '精緻標準間（浴缸）:HK$980']"
萊州希爾頓歡朋酒店,9.8,"['舒適大床房:HK$424', '高級大床房:HK$468', '高級雙床房:HK$468', '豪華大床房:HK$488', '豪華雙床房:HK$488']"
煙台東方海洋月亮灣大酒店（月亮灣棧橋店）,9.2,"['聽海雙床房（全遮光窗簾+商務辦公）:HK$491', '聽海大床房（全遮光窗簾+園林景觀）:HK$498', '臨海園景雙床房（舒適睡眠+乾濕分離洗漱）:HK$516', '零壓深睡雙床房（零壓床墊+陽台美景）:HK$516', '臨海露台雙床房（園林美景+舒適睡眠+乾濕分離洗漱）:HK$530']"
煙台濱海廣場朝陽街漫心酒店,9.7,"['心雅大床房:HK$813', '雅緻大床房:HK$813', '心怡大床房:HK$883', '心雅標準房:HK$883', '心悦高級大床房:HK$913']"
煙台麗景半島酒店（煙台港火車站店）,9.5,"['尚雅簡約大床房（全身鏡+絲漣床墊+羽絨被芯）:HK$445', '尚雅簡約雙床房（全身鏡+絲漣床墊+羽絨被芯）:HK$446', '巨幕影音大床房（100寸幕布私人影院+影視會員）:HK$466', '山海文化主題大床房（軟化水+投屏電視+絲漣床墊）:HK$476', '山海文化主題雙床房（軟化水+投屏電視+絲漣床墊）:HK$477']"
煙台虹口大酒店,9.3,"['山景標間:HK$585', '夢百合零壓山景標準房:HK$585', '海景標間:HK$602', '山景大床房:HK$602', '夢百合零壓山景大床房:HK$638']"
煙台藍天賓館（漁人碼頭景區店）,9.5,"['海景套房:HK$1,468', '行政套房:HK$3,226']"
朗麗茲酒店（萊陽萬達廣場高鐵站店）,9.8,"['高級大床房（獨立空調+小冰箱+智能馬桶＋投屏＋音箱）:HK$279', '高級雙床房（獨立空調+小冰箱+智能馬桶＋投屏＋音箱）:HK$290', '豪華大床房（獨立空調+小冰箱+智能馬桶＋投屏＋音箱）:HK$311', '豪華雙床房（獨立空調+小冰箱+智能馬桶＋投屏＋音箱）:HK$322', '行政大床房（獨立空調+小冰箱+智能馬桶＋投屏＋音箱）:HK$354']"
煙台靜海大酒店（金沙灘公園廣場店）,9.4,"['豪華海景雙床房:HK$759', '高樓層城景大床房（帶貴妃榻）:HK$841', '高樓層城景雙床房（帶貴妃榻）:HK$889', '高樓層海景大床房（帶貴妃榻）:HK$928', '高樓層海景雙床房（帶貴妃榻）:HK$981']"
煙台東方薈酒店（煙台職業學院店）,9.2,"['普通雙床房:HK$386', '豪華大床房:HK$386', '三人間:HK$386', '豪華雙床房:HK$386']"
金海大酒店（煙台火車站吾悦廣場店）,9.4,"['陽光城景大床房（乾濕分離+超大落地窗）:HK$536', '陽光雙床房（乾濕分離+超大落地窗）:HK$536', '陽光海景大床房（乾濕分離+超大落地窗）:HK$546', '臻享城景雙床房（休閑沙發+三分離衞浴+浴袍）:HK$555', '臻享城景大床房（休閑沙發+三分離衞浴+浴袍）:HK$555']"
