酒店名称,评分,房型价格列表
YHotel翊諾酒店,9.5,"['標準大床房+智能客控+智能馬桶+温泉水:HK$385', '高級大床房+智能客控+智能馬桶+温泉水:HK$466', '高級雙床房+智能客控+智能馬桶+温泉水:HK$502', '環景家庭房+智能客控+智能馬桶+温泉水:HK$554', '行政大床房+智能客控+智能馬桶+温泉水:HK$587']"
營口國際酒店,9.1,"['商務雙床房:HK$287', '商務大床房:HK$287', '麗景雙人房:HK$287', '麗景大床房:HK$287', '河景雙人房:HK$333']"
營口萬隆智選假日酒店,9.4,"['高級房 雙床:HK$327', '高級房 大床:HK$327', '高級家庭房:HK$468', '高級親子房:HK$607']"
柏麗艾尚酒店（營口富甲凱旋門店）,9.6,"['高級雙床房:HK$305', '高級大床房:HK$305', '特色大床房:HK$346', '家庭房:HK$354']"
盤錦遼濱海景酒店,9.0,"['海景大床房（智能馬桶+電動窗簾）:HK$327', '河景雙床房（智能馬桶+電動窗簾）:HK$370', '海景0壓大床房（智能馬桶+電動窗簾）:HK$424', '商務麗景大床房（電動馬桶+智能窗簾）:HK$437', '豪華商務套房（智能馬桶+電動窗簾）:HK$1,061']"
營口萬達頤華酒店,9.7,"['高級海景雙床房（獨立海景陽台+觀海落地窗+Acca Kappa洗護用品+舒達床墊）:HK$1,310', '豪華海景雙床房（獨立觀海陽台落地窗+舒達床墊）:HK$1,420', '高級海景大床房（獨立海景陽台+觀海落地窗+Acca Kappa洗護用品+舒達床墊+浴缸）:HK$1,420', '豪華海景大床房（獨立海景陽台+觀海落地窗+Acca Kappa洗護用品+舒達床墊+浴缸）:HK$1,529', '行政豪華海景大床房（高層獨立海景陽台+觀海落地窗+Acca Kappa洗護用品+舒達床墊+迷你吧+浴缸）:HK$1,747', '行政豪華海景雙床房（高層獨立海景陽台+觀海落地窗+Acca Kappa洗護用品+舒達床墊+迷你吧）:HK$1,747']"
營口鏡湖精緻酒店,9.2,"['經濟型標準間-新風系統-中式茶台:HK$235', '舒適大床房-新風系統:HK$235', '精緻大床房（俯瞰公園+智能馬桶+乾濕分離）:HK$265', '滾來滾去超級大床房（朝南+中式大茶桌+智能馬桶+乾濕分離）:HK$294', '豪華大床房（中式茶台+俯瞰湖景+智能馬桶+乾濕分離）:HK$295']"
營口皇家園林酒店,9.0,"['標準雙人房:HK$361', '街景大床房:HK$652', '街景雙床房:HK$652', '豪華標準雙人房:HK$652', '豪華觀景大床房:HK$746']"
艾居藝術酒店（營口理工學院奧體中心店）,9.7,"['清新簡約大床房【小冰箱+可投屏55寸電視】:HK$209', '清新簡約雙床房【小冰箱+可投屏55寸電視】:HK$209', '商旅舒睡大床房【小冰箱+可投屏55寸電視】:HK$230', '商旅舒睡雙床房【小冰箱+茶具+可投屏55寸電視】:HK$230']"
營口華天大飯店,9.4,"['大床房:HK$203', '普通大床房:HK$304', '普通雙床房:HK$304', '商務雙床房-帶浴缸:HK$343', '商務大床房-帶浴缸:HK$343']"
葡萄酒店（營口月亮湖公園店）,9.5,"['經濟大床房:HK$302', '經濟雙床房:HK$302', '高級雙床房:HK$351', '高級大床房:HK$351']"
營口望兒山水樂園,8.8,"['標準雙床房:HK$533', '標準大床房:HK$533', '榻榻米房:HK$533', '家庭房:HK$752', '高級親子房:HK$752']"
葡萄酒店（營口青花大街店）,9.2,"['高級雙床房:HK$225', '高級大床房:HK$230', '超級大床房:HK$252', '主題家庭房:HK$360']"
營口新紅運酒店,9.3,"['優選大床房:HK$360', 'Hello Kitty公主房:HK$369', '海洋祕境雙床房:HK$386', '奇幻森林大床房:HK$386', '豪華雙床房:HK$397']"
棲海·設計師魔法温泉主題海景公寓（山海廣場店）,9.4,"['近海·品質大床房（帶隊趕海+商務休閑）:HK$317', '棲海·高級設計師特大床房（舒達床墊+陽光露台）:HK$337', '親海·設計師主題親子家庭房（步行到海邊+趕海工具）:HK$365', '雲海・尊貴設計師特雙床房（遊玩攻略+助眠舒睡）:HK$399']"
如家商旅酒店（營口鮁魚圈萬隆商業大廈店）,9.6,"['全新大床房:HK$372', '全新雙床房:HK$390', '商務大床房:HK$408', '雙床房:HK$426']"
漢庭酒店（營口火車站遼河大街店）,9.8,"['雙床房（手機投屏）:HK$215', '高級大床房（手機投屏）:HK$233', '影音大床房（手機投屏）:HK$243', '豪華大床房（手機投屏+小冰箱）:HK$309']"
桔子酒店（營口鮁魚圈萬達廣場店）,9.7,"['雙床房:HK$389', '高級大床房A:HK$389', '高級大床房:HK$419', '高級雙床房:HK$428']"
漢庭酒店（營口中心街店）,9.5,"['高級大床房:HK$227', '大床房:HK$227', '雙床房:HK$236', '套房:HK$330']"
遼海假日酒店,9.0,"['智能大床房:HK$224', '智能雙床房:HK$224', '智能大床房（獨立泡池）:HK$364', '智能雙床房（獨立泡池）:HK$404']"
營口金海灣酒店,9.2,"['優選大床房:HK$295', '優選雙床房:HK$295', '臻選大床房:HK$312', '臻選雙床房:HK$312', '精選大床房:HK$312']"
千尋海景民宿,9.7,"['|千尋|聽海築夢海景大床房:HK$405', '|千尋|碧海尊榻閣首排看海榻榻米:HK$412', '|千尋| 日式原木榻榻米房:HK$415', '|千尋|滄瀾御海居投影日式看海大床房:HK$426']"
鮁魚圈·萬科海邊兒全海景公寓（營口山海廣場店）,9.5,"['初見山海丨標準雙人間【花園景觀+森林吸氧】:HK$276', '面朝大海丨首排180°海景大床房【無遮看海+拍照出片】:HK$321', '面朝大海丨首排180°海景榻榻米房【帶娃愛住+躺着看海】:HK$340', '拾光山海丨輕奢雙床房【商務休閑+配有冰箱】:HK$379']"
艾居連鎖酒店（營口老邊營大路南店）,9.6,"['特惠雙床房:HK$136', '舒睡陽光大床房:HK$168', '舒睡陽光雙床房:HK$168', '超享浪漫浴缸套房:HK$247']"
一米花海民宿（山海廣場魔法温泉店）,9.4,"['面朝大海·全海景豪華大床房-花澗裏:HK$548', '面朝大海·全海景親子主題上下鋪房大型遊戲機-裏物:HK$548', '海景·雙露台落地窗·親子上下鋪大型遊戲機套房:HK$548', '面朝大海·全海景奶油風大床房-甜也:HK$548']"
如家商旅酒店（營口金牛山大街萬達廣場店）,8.8,"['大床房:HK$210', '雙床房:HK$219', '高級大床房:HK$227', '高級雙床房:HK$236']"
營口五礦豪生大酒店,9.3,"['棋牌室:HK$183', '高級大床房+全景落地窗+科勒浴缸:HK$282', '高級雙床房+全景落地窗+科勒浴缸:HK$282', '輕奢私湯豪華雙床房+泡浴產品+懶人沙發:HK$288', '輕奢私湯豪華大床房+科勒浴缸+懶人沙發:HK$288']"
營口晟鼎裕龍閣商務酒店（萬達廣場金剛山店）,9.1,"['特惠大床房:HK$142', '精緻大床房:HK$163', '精緻雙床房:HK$163', '巨屏影音房（優酷會員）:HK$183']"
如家驛居酒店（營口鮁魚圈山海廣場店）,9.5,"['大床房:HK$196', '高級大床房:HK$205', '雙床房:HK$213', '高級雙床房:HK$222']"
艾居璞雅精品酒店（營口鮁魚圈區月亮湖公園店）,9.6,"['日光大床房【茶具+可投屏電視】:HK$463', '悦享大床房【茶具+可投屏電視】:HK$470', '雅緻雙床房【茶具+可投屏電視】:HK$470', '靜雅大床房【茶具+可投屏電視】:HK$470']"
桔子酒店（營口鮁魚圈營口港店）,9.9,"['加州陽光大床房:HK$681', '加州陽光商務大床房:HK$709', '加州陽光雙床房:HK$727', '加州陽光精選大床房:HK$747']"
漢庭酒店（營口鮁魚圈世紀廣場店）,9.7,"['高級大床房:HK$293', '雙床房:HK$293', '高級雙床房:HK$340', '套房:HK$369']"
營口海之藍海景酒店式公寓,9.8,"['精選.海景大床房（躺在床上看大海）:HK$277', '精選.海景榻榻米房（無敵觀景）:HK$305', '優選.海景雙床房:HK$327', '特選.精品家庭套房（園林景觀）:HK$359']"
艾居連鎖酒店（營口遼河公園新興大街店）,9.5,"['雅居日式大床房（獨立空調+地熱）:HK$195', '悠享大床房【獨立空調+地熱】:HK$202']"
水上民宿,9.4,"['觀海露台大床房:HK$498', '觀海雙卧家庭房:HK$501', '榻榻米温泉泡池雙人房:HK$529', '温泉泡池大床房:HK$529']"
鑫源家禾酒店式公寓（營口萬達店）,8.3,"['悦享大床房:HK$158', '優享大床房:HK$182', '浪漫圓床房:HK$214', '高級大床房:HK$214']"
小魚兒·海景民宿（山海廣場魔法温泉店）,10.0,"['雲海丨面朝大海大床房（無遮擋海景陽台+冰箱）:HK$501', '碧海丨面朝大海·豪華雙床房（海景露台+落地窗+冰箱）:HK$525']"
如家酒店（營口盼盼路南湖公園店）,9.5,"['大床房:HK$197', '雙床房:HK$215', '商務大床房:HK$215', '家庭房:HK$241']"
如家驛居酒店（營口市中心醫院店）,9.7,"['大床房A:HK$170', '大床房:HK$188', '商務大床房:HK$197', '雙床房:HK$215']"
艾居連鎖酒店（營口客運站店）,9.4,"['悦享陽光大床房:HK$115', '甄選陽光雙床房:HK$143', '甄選陽光大床房:HK$143', '靜雅日式大床房:HK$143']"
艾居連鎖酒店（營口老街店）,9.7,"['圓夢好運房【投屏電視+洗衣機】:HK$198', '雅居日式雙床房【投屏電視+洗衣機】:HK$212', '靜雅雙床房【茶具+投屏電視+洗衣機】:HK$219', '靜雅大床房【獨立空調+洗衣機】:HK$219']"
營口憶江南酒店,8.6,"['湯舍標準雙人間:HK$350', '湯舍標準單人間:HK$350', '單人間:HK$403', '標準間:HK$403', '湯舍家庭房:HK$449']"
營口·鮁魚圈萬科維多利亞海景公寓,9.2,"['特色海景榻榻米（一線海景）:HK$482', '温馨園景特惠房:HK$482', '精品海景大床房（一線海景）:HK$482', '精選海景兩室套房（180度海景）:HK$564']"
營口頤湯會館,9.2,"['傾心·湯泉套房:HK$373', '榻榻米親子湯泉套房:HK$404', '假日·湯泉套房:HK$404']"
歡樂時光海景公寓（鮁魚圈鴻基店）,9.2,"['温馨大床房:HK$167', '經濟大床房:HK$167', '雅緻大床房:HK$186', '商務大床房:HK$241']"
愛之漫海景主題民宿,9.1,"['標準大床房:HK$212', '豪華大床房:HK$258', '豪華雙床房:HK$277', '温馨家庭房:HK$332']"
營口海怡家庭民宿,9.5,"['豪華三室套房:HK$982', '三室一廳家庭套房:HK$1,091', '4室2衞4空調麻將房:HK$1,747']"
星程酒店（營口鮁魚圈山海廣場店）,9.6,"['雙床房:HK$283', '高級大床房:HK$302', '家庭親子房:HK$369', '雙床套房:HK$416']"
鮁魚圈愛之喔民宿,9.9,"['特色家庭房:HK$326', '商務標準間:HK$391', '海景·輕奢雙床房:HK$391', '露台觀海雙床房:HK$392']"
漢庭酒店（營口鮁魚圈萬隆廣場店）,9.8,"['高級大床房:HK$179', '雙床房:HK$189', '雙床套房:HK$207', '家庭房:HK$217']"
