酒店名称,评分,房型价格列表
雲和夜泊酒店（上海浦東國際機場店）,9.7,"['惠享大床房:HK$413', '惠享雙床房:HK$413', '夜泊大床房:HK$434', '夜泊雙床房:HK$434', '雲和大床房:HK$456']"
麗怡酒店（上海火車站店）,9.5,"['豪華大床房:HK$420', '豪華雙床房:HK$438', '商務大床間:HK$466', '商務雙床房:HK$492', '臻禮大床房:HK$536']"
上海國際旅遊度假區荷逸唐酒店,9.7,"['荷逸大床房:HK$521', '荷逸雙床房:HK$521', '荷月大床房:HK$611', '荷月雙床房:HK$611', '家庭大床房:HK$668']"
上海浦東文華東方酒店,9.5,"['豪華城景大床房:HK$1,947', '豪華城景雙床房:HK$1,947', '文華城景房:HK$2,063', '豪華江景大床房:HK$2,101', '豪華江景雙床房:HK$2,176', '文華江景房:HK$2,406']"
和頤至尊酒店（上海人民廣場南京路步行街店）,9.4,"['大床房A（手機投屏+迷你吧）:HK$640', '大床房（手機投屏+迷你吧）:HK$677', '商務大床房（手機投屏+迷你吧）:HK$724', '零壓大床房（手機投屏+迷你吧）:HK$743', '景觀大床房（手機投屏+迷你吧）:HK$743']"
偉樽酒店（上海虹橋火車站國家會展中心店）,9.2,"['玲瓏房:HK$244', '雙床房（內窗）:HK$254', '偉樽大床房:HK$276', '偉樽雙床房:HK$297']"
維也納國際酒店（上海虹橋國展中心漕寶路店）,9.2,"['標準大床房:HK$325', '特價雙床房:HK$361', '豪華大床房:HK$396', '豪華雙床房:HK$405']"
宿適輕奢酒店（上海火車站漢中路地鐵站店）,9.0,"['優選大床房:HK$356', '商務大床房:HK$370', '高級大床房:HK$390', '景觀大床房:HK$411']"
上海葉澤酒店,9.0,"['簡趣雙床房:HK$175', '童趣3號房:HK$175', '別緻4號房:HK$175', '別緻天窗5號房:HK$175']"
如家酒店·neo（上海虹口足球場赤峯路地鐵站店）,9.4,"['大床房:HK$285', '雙床房:HK$312', '商務大床房:HK$312', '特色大床房:HK$335']"
上海萬信R酒店（陸家嘴金融街區店）,9.4,"['特惠大床房:HK$482', '商務高級大床房:HK$527', '特惠雙床房:HK$537', '行政高級大床房:HK$569', '商務高級雙床房:HK$596']"
錦江之星品尚（上海新虹橋店）,8.9,"['特價大小雙床房:HK$220', '標準大小雙床房:HK$281', '標準大床房:HK$297', '標準雙床房:HK$297']"
豪美優程酒店 HAO MEI YOU CHENG HOTEL（上海國際旅遊度假區店）,9.4,"['樂享投影大床【AMX當貝百寸投影●亞朵款床墊●Economy】:HK$262', '輕享投影標準間【AMX當貝百寸投影●亞朵款床墊●暗窗】:HK$283', '精品投影大床房【AMX當貝百寸投影●亞朵款床墊●大窗】:HK$305', '行政投影大床房【AMX百寸投影●亞朵款床墊●明亮大窗】:HK$328']"
和頤酒店（漕河涇印象城虹梅路地鐵站店）,9.5,"['高級大床房（無線電視投屏+智能馬桶）:HK$348', '高級雙床房（深度睡眠床墊+無線電視投屏+智能馬桶）:HK$348', '商務大床房（手機投屏+智能馬桶+冰箱）:HK$373', '景觀雙床房（無線電視投屏+觀景落地窗+智能馬桶）:HK$373']"
熙禾酒店（陸家嘴藍村路地鐵站店）,8.5,"['特惠大床房:HK$252', '舒適雙床房:HK$277', '舒適大床房:HK$290', '高級大床房:HK$322']"
白玉蘭酒店（上海國際旅遊度假區浦東機場店）,9.2,"['靜逸大床房:HK$233', '舒雅雙床房:HK$249', '舒雅大床房:HK$249', '靜雅雙床房:HK$273']"
素居酒店式公寓（上海國際旅遊度假區周浦萬達店）,9.5,"['高級公寓房（冰箱+廚房+洗衣機+微波爐）:HK$293', '豪華景觀房（冰箱+廚房+洗衣機）:HK$293', '超大投影景觀房（冰箱+廚房+洗烘一體機+極米智能投影）:HK$315', '豪華雙床房（冰箱+廚房+洗衣機+微波爐）:HK$369']"
萬信酒店（上海國際旅遊度假區川沙地鐵站店）,9.5,"['商務大床房:HK$389', '商務雙床房:HK$411', '豪華大床房:HK$412', '豪華雙床房:HK$488', '行政大床房:HK$564']"
加號PlusHouse酒店（外灘南京路店）,8.9,"['精緻大床LOFT:HK$616', '豪華大床LOFT:HK$667']"
全季酒店（上海武寧路地鐵站店）,9.5,"['大床房:HK$376', '高級大床房（智能投屏）:HK$411', '雙床房（智能投屏）:HK$417', '商務大床房（智能投屏）:HK$498']"
吉泰酒店（上海火車站中山北路地鐵站店）,8.3,"['雅緻大床房:HK$221', '複式雅緻大床房（沙發+冰箱+洗衣機）:HK$252', '臻選大床房:HK$267', '複式臻選大床房（沙發+冰箱+洗衣機）:HK$282']"
和頤至尊酒店（上海新國際博覽中心世博園店）,9.4,"['至尊·大床房|MLILY記憶枕:HK$357', '至尊·高級大床房|MLILY記憶枕|Min冰箱:HK$386', '至尊·雙床房|MLILY記憶枕|Min冰箱:HK$414', '至尊·商務大床房|MLILY記憶枕|Min冰箱|徠芬吹風機:HK$432']"
桂客酒店（上海真如環宇城中寧路地鐵站店）,9.1,"['桂選大床房（智能馬桶+零壓記憶枕+自動烘洗機）:HK$312', '桂享大床房（智能馬桶+零壓記憶枕+自動烘洗機）:HK$356', '桂享雙床房（智能馬桶+零壓記憶枕+自動烘洗機+大屏幕投影儀）:HK$377', '桂臻大床房（智能馬桶+零壓記憶枕+自動烘洗機+大幕投影儀）:HK$377']"
漢庭優佳酒店（上海虹橋中山西路店）,9.6,"['雙床房:HK$323', '大床房:HK$332', '高級雙床房（智能客控+手機投屏）:HK$342', '高級大床房（智能客控+手機投屏）:HK$361']"
曼居酒店（上海虹橋樞紐國展中心店）,8.8,"['高級雙床房:HK$251', '高級大床房:HK$261', '豪華雙床房:HK$283', '豪華大床房:HK$294']"
上海外灘雅緻酒店,9.0,"['雅緻·悠美大床房:HK$975', '靜雅·庭院大床房:HK$1,037', '滬上摩登·外灘動人夜景大床房:HK$1,048', '雅緻·悠美雙床房:HK$1,058', '靜雅·悠享家庭房:HK$1,145', '180°城風高層夜景大床房:HK$1,217']"
上海靜安逸扉酒店,9.5,"['靜享大床房（智能語音+私享Coffee機）:HK$664', '靜享電競大床房（電競電腦+智能語音+私享Coffee機）:HK$701', '高級大床房（智能語音+私享Coffee機）:HK$756', '高級雙床房（智能語音+私享Coffee機）:HK$802', '豪華大床房（智能語音+私享Coffee機）:HK$820']"
新薈城市酒店（上海火車站長壽路地鐵站店）,9.1,"['小薈純睡房「公區自助洗衣機+手機投屏+智能馬桶」:HK$259', '輕奢優享大床房「公區自助洗衣機+手機投屏+智能馬桶」:HK$292', '迎喜商務大床房「洗烘一體機+手機投屏+智能馬桶」:HK$313', '複式Loft投影房丨月牙「洗烘一體機+手機投屏+智能馬桶」:HK$346']"
格美酒店（大寧國際商業區江楊南路店）,9.4,"['高級大床房（落地窗冰箱）:HK$340', '高級雙床房（落地窗冰箱）:HK$366', '高級複式房（落地窗洗衣機冰箱）:HK$384', '豪華雙床房（陽台落地窗冰箱）:HK$391']"
夏洛特精品酒店（上海周浦地鐵站店）,9.1,"['優選大床房:HK$228', '精選大床房:HK$327', '輕奢雙床房:HK$411', '輕奢大床房:HK$411']"
上海錦江都城南京飯店,9.5,"['時尚商務房:HK$752', '時尚雙床房:HK$752', '精緻商務房:HK$851', '精緻雙床房:HK$851', '風雅商務房:HK$916']"
海友酒店（上海火車站北廣場店）,9.7,"['單床房:HK$217', '大床房:HK$237', '高級大床房:HK$256', '雙床房:HK$274']"
維也納酒店（上海寶山淞濱路地鐵站店）,9.3,"['標準大床房:HK$259', '商務大床房:HK$286', '商務雙床房:HK$292']"
科冠麗呈睿軒酒店（上海虹橋機場國展中心店）,8.8,"['雅緻大床房:HK$316', '雅緻雙床房:HK$324', '智能大床房:HK$338', '高級大床房:HK$349', '高級雙床房:HK$367']"
錦江之星風尚（上海浦東機場鎮店）,9.0,"['雙人房A:HK$226', '商務房B:HK$239', '標準房B:HK$250', '商務房A:HK$261']"
如家精選酒店（上海張江集電港高科中路店）,9.7,"['大床房:HK$335', '高級大床房:HK$360', '雙床房A:HK$362', '雙床房:HK$376']"
麥新格國際酒店（上海國際旅遊度假區店周浦地鐵站店）,9.7,"['豪華大床房:HK$481', '豪華雙床房:HK$509', '豪華家庭房:HK$537', '親子房:HK$607']"
上海人民廣場南京東路步行街珍寶酒店,9.5,"['珍寶大床房 （智能客控+手機投屏）:HK$775', '珍寶舒適大床房（智能客控+手機投屏）:HK$858', '珍寶高級大床房（智能客控+手機投屏）:HK$949', '珍寶高級雙床房（智能客控+手機投屏）:HK$1,054', '珍寶豪華大床房（智能客控+手機投屏+迷你吧）:HK$1,130']"
上海徐家匯八萬人體育場趣慄酒店,9.0,"['慄享大床房（智能客控+智能馬桶）:HK$840', '趣慄養生大床房（非温感零壓床墊+零壓護頸枕）:HK$927', '趣慄雙床房（深度好眠+非温感零壓床墊+零壓護頸枕）:HK$1,135', '趣慄家庭房（深度好眠+非温感零壓床墊+零壓護頸枕）:HK$1,233', '魔都城景大套房（非温感零壓床墊+零壓護頸枕）:HK$1,277']"
全季酒店（上海人民廣場店）,9.5,"['大床房A:HK$652', '大床房:HK$716', '商務大床房:HK$718', '高級大床房:HK$786']"
上海海神諾富特大酒店,9.2,"['江景標準房-大床:HK$524', '標準房-雙床:HK$524', '三件套江景大床房:HK$588', '江景高級家庭房:HK$589', '江景高級房-大床:HK$612']"
全季酒店（上海虹橋國展中心華翔路店）,9.4,"['高級大床房:HK$331', '雙床房:HK$352', '商務大床房:HK$371', '商務雙床房:HK$391']"
宜必思酒店（上海虹橋火車站店）,9.4,"['大床房:HK$277', '家庭房:HK$313', '雙床房:HK$349', '高級大床房:HK$349']"
上海虹橋機場韓國街宜尚PLUS酒店,9.3,"['宜人大床房（小冰箱+智能馬桶）:HK$619', '商務雙床房（小冰箱+休閑按摩椅）:HK$645', '宜居大床房（小冰箱+智能馬桶）:HK$645', '宜適大床房（休閑按摩椅+智能馬桶）:HK$691', '商務大床房（小冰箱+休閑按摩椅）:HK$729']"
柏曼酒店（上海虹橋火車站國展中心店）,8.8,"['標準大床房:HK$215', '標準雙床房:HK$237', '高級大床房:HK$252', '高級雙床房:HK$259']"
維也納國際酒店（上海浦東機場店）,9.4,"['純凈大床房:HK$435', '高級大床房:HK$446', '純凈雙床房:HK$457', '高級雙人房:HK$498', '豪華套房:HK$540']"
景萊酒店·臻選（上海同濟醫院新村路地鐵站店）,9.0,"['臻選靜謐大床房:HK$347', '臻選雅緻大床房:HK$354', '臻選高級大床房:HK$381', '臻選豪華大床房:HK$409']"
全季酒店（上海浦東外高橋金京路店）,9.7,"['雙床房（65寸電視投屏+智能客控+小冰箱）:HK$367', '商務雙床房（65寸電視投屏+智能客控+小冰箱）:HK$376', '大床房（65寸電視投屏+智能客控+小冰箱）:HK$396', '高級大床房（65寸電視投屏+智能客控+小冰箱）:HK$414']"
上海五角場國航路CitiGO歡閣酒店,9.7,"['歡享大床房:HK$462', '歡閣大床房:HK$540', '歡逸雙床房:HK$540', '歡逸親子房:HK$568']"
格美酒店（上海外灘南京東路步行街店）,8.5,"['特色大床房:HK$526', '格美高級大床房（獨立洗衣機）:HK$561', '特色雙床房:HK$607', '豪華大床房（獨立洗衣機）:HK$768']"
