酒店名称,评分,房型价格列表
九江半島賓館（八里湖店）,9.7,"['高級園景大床房:HK$469', '高級園景雙床房:HK$469', '商務園景雙床房:HK$532', '180°商務湖景大床房:HK$576', '行政園景雙床房:HK$639', '行政園景大床房:HK$639']"
亦泊雲溪酒店（十里大道九江學院店）,9.9,"['Garden┃城景園林大床房（零壓床墊+園林夜景+小度語音）:HK$245', 'Garden┃城景園林雙床房（安心熟睡+園林夜景+智能客控）:HK$280', 'Garden┃行政山景大床房（遠眺山景+睡眠系統+智能客控）:HK$280', 'Garden┃巨幕投影雙床房（MAX巨幕+智能水壓+浪鯨衞浴）:HK$345', 'Garden┃稚趣童享親子房（零壓床墊+園林夜景+小度語音）:HK$414']"
九江信華建國酒店,9.5,"['商務大床房:HK$402', '商務雙床房:HK$413', '江景雙床房:HK$533', '江景大床房:HK$544', '智眠房:HK$544', '豪華雙床間:HK$577']"
天海鉑塘酒店（九江八里湖新區體育中心店）,9.5,"['柏美大床房（乳膠記憶床墊+智能客控+65寸電視投屏）:HK$239', '悦影巨幕影視大床房（百寸投影+乳膠床墊+智能客控）:HK$247', '柏雅城景高級雙床房（乳膠床墊+65寸電視投屏+辦公桌）:HK$261', '柏靜雙床房（遠眺LU山風景+乳膠床墊+超大空間+辦公會客區）:HK$277', '柏樂棋牌房（獨立棋牌室+一室一廳+休閑沙發）:HK$370']"
九江快樂城長江大道亞朵酒店,9.6,"['高級大床房（Mini小冰箱+慢回彈記憶枕+智能家居）:HK$332', '高級雙床房（Mini小冰箱+慢回彈記憶枕+智能家居）:HK$340', '行政大床房（Mini小冰箱+慢回彈記憶枕+智能家居）:HK$358', '行政雙床房（Mini小冰箱+慢回彈記憶枕+智能家居）:HK$367', '幾木城景大床房（Mini冰箱+裸棉床品&深睡枕pro+智控）:HK$385']"
九江遠洲逸廷酒店,9.2,"['廷享雙床房:HK$361', '廷享湖景大床房:HK$382', '廷享湖景雙床房:HK$382', '廷悦大床房:HK$396', '廷悦雙床房:HK$396']"
悅兮湖大酒店（九江市體育中心八里湖新區店）,9.4,"['星塵•雲端大床房|乾濕分離|高空視角|大空間:HK$256', '星塵•天際雙床房|雙重隔音|高空賞景|輕辦公:HK$267', '180°湖幕•凌空雙床房|中央空調|俯視湖景|一線湖景:HK$289', '180°湖幕•雲霄大床房|中央空調|俯視湖景|一線湖景:HK$299', '觀瀾•雲境大床房|高層觀瀾|高空全景|Urban Oasis:HK$342']"
般藍酒店（九江火車站萬達廣場店）,9.7,"['臻享·城景大床房（獨享私密空間+65寸高清可投屏電視+慕思床墊）:HK$276', '悦心·精選大床房（科勒潔具+慕思床墊+智能家居）:HK$331', '靜心·豪華大床房（智能家居+迷你小冰箱）:HK$364', '靜心·豪華雙床房（智能家居+辦公桌+茶台）:HK$386', '潔雅·臻選豪華大床房（愛奇藝會員+慕思床墊+科勒潔具）:HK$386']"
九江嘉萊特精選酒店（八里湖第一中學店）,9.6,"['遠山 | 雙床房（户型方正+全屋智控+遠眺廬山）:HK$305', '精選 | 大床房:HK$316', '精選 | 雙床房:HK$316', '遼闊 | 家庭房（特大床+全屋智控+65寸彩電）:HK$359', '歡樂 | 小童房:HK$392']"
九江長虹大道希爾頓歡朋酒店,9.7,"['舒適大床房—美國舒達床墊:HK$370', '舒適雙床房—美國舒達床墊:HK$392', '高級大床房—城市美景:HK$414', '高級雙床房—美國舒達床墊:HK$414', '豪華大床房-美國舒達床墊-專屬小冰箱:HK$480']"
九江遠洲喜來登酒店,9.6,"['豪華雙床房:HK$752', '豪華大床房:HK$752']"
桔子酒店（九江火車站店）,9.7,"['月若流金大床房:HK$295', '月若流金高級大床房:HK$324', '月若流金雙床房:HK$355', '加州陽光高級大床房:HK$355', '月若流金豪華大床房:HK$386']"
榮華建國酒店（九江學院十里萬達店）,9.5,"['商務大床房:HK$305', '商務雙床房:HK$316', '甄選豪華雙床房:HK$349', '商務景觀大床房:HK$359', '夢幻主題親子房:HK$390']"
晨楓酒店（九江學院十里老街店）,9.4,"['巨幕┃夢甜大床房（智能客控+安心熟睡+騰訊極光VIP）:HK$242', '巨幕LOFT┃雅緻大床房（暢快觀影＋休閑沙發+複式雙層）:HK$256', '巨幕┃怡致大床房（大型落地窗+智能客控+騰訊極光VIP）:HK$290', '浮生┃精緻大床房（智能客控+喜臨門床墊+騰訊極光VIP）:HK$315', '雲空┃花園大床房（智能客控+獨立花園+騰訊極光VIP）:HK$331']"
九江百嘉洲際酒店（潯陽樓大中路步行街店）,9.1,"['百悦•舒適大床房「高織親膚布草+精緻睡眠」:HK$195', '百悦•舒適雙床房「高織親膚布草+精緻睡眠」:HK$195', '嘉悦•商務雙床房「品質深睡床墊+凈心好眠」:HK$218', '嘉悦•商務大床房「品質深睡床墊+凈心好眠」:HK$218', '鉑雅•高級雙床房「觀城市煙火+乾濕分區」:HK$262']"
九江火車站長虹大道亞朵酒店,9.6,"['高級大床房（裸棉床品+小度智控+手機投屏）:HK$331', '高級雙床房（裸棉床品+小度智控+手機投屏）:HK$349', '行政大床房（裸棉床品+小度智控+手機投屏）:HK$349', '幾木大床房（裸棉床品+小度智控+手機投屏+小冰箱）:HK$367', '幾木雙床房（裸棉床品+小度智控+手機投屏+小冰箱）:HK$385']"
廬山脂紅酒店（廬山風景名勝區牯嶺街美廬店）,9.6,"['風跡-閣樓惠享大床房【森林氧吧+小巧精緻+電熱衣架】:HK$774', '月吟-左鄰右舍雙床房【窗外美景+獨立空間+電熱衣架】:HK$883', '月吟-閣樓親子雙床房【負氧離子+超大空間+電熱衣架】:HK$993', '扶光-悠然臻選大床房【窗外美景+休閑沙發+電熱衣架】:HK$1,102', '扶光-悠然臻選雙床房【舒適庭院+休閑桌椅+電熱衣架】:HK$1,211']"
嘉豪國際酒店（九江火車站店）,9.4,"['城景雙床房（商旅優選）:HK$313', '城景大床房（休閑躺椅）:HK$321', '娛樂休閑套房:HK$397', '雅緻雙床房:HK$397', '親子家庭套房:HK$481']"
新旅樾+酒店（九江火車站大中路步行街店）,9.4,"['臻享大床房『AI量體定製|休閑沙發|小冰箱』:HK$305', '舒睡大床房『記憶枕|AI量體定製|小冰箱』:HK$314', '臻享雙床房『大落地窗|AI量體定製|小冰箱』:HK$320', '悦覽湖景大床房『大落地窗|開闊視野|小冰箱』:HK$336', '悦覽湖景雙床房『大落地窗|開闊視野|小冰箱』:HK$343']"
皇庭四季酒店（九江火車站店）,9.4,"['零壓豪華大床房【零壓床墊+科勒衞浴+絕美市景】:HK$206', '四季精選大床房【功夫禪茶+零壓床墊+270°市景】:HK$220', '零壓豪華雙床房【零壓床墊+辦公桌椅+中央熱水】:HK$222', '行政靜享雙床房【辦公桌椅+零壓床墊+中央熱水】:HK$272', '家庭親子房（零壓床墊+科勒衞浴）:HK$300']"
全季酒店（九江火車站廣場店）,9.6,"['大床房:HK$283', '高級大床房:HK$312', '雙床房:HK$312', '舒壓雙床房:HK$340']"
廬山大林初見別墅酒店（牯嶺街店）,9.7,"['大林觀景 | 觀景雙床房【mini冰箱+中央空調】:HK$785', '大林觀景 | 觀景大床房【mini冰箱+中央空調】:HK$785', '大林觀景 | 露台大床房【mini冰箱+中央空調】:HK$801', '大林街景 | 優選雙床房【mini冰箱+中央空調】:HK$871', '家庭親子 | 觀景三人間【mini冰箱+中央空調】:HK$917']"
九江LEJNN酈瑾酒店（九江火車站大中路步行街店）,9.5,"['墨軒∥雙床房『大落地窗+大面積+自動窗簾+60寸4k電視』:HK$182', '雅舍||大床房『0壓床墊|羽絨枕|舒適好眠|小而美』:HK$193', '墨軒∥大床房『大落地窗+大面積+自動窗簾+60寸4k電視』:HK$205', '茶隱∥投影MAX雙床房【零壓床墊|100寸巨幕|50°大面積】:HK$226', '茶隱∥投影MAX大床房【零壓床墊|100寸巨幕|50°大面積】:HK$226']"
晨楓臻品酒店（九江火車站長虹立交橋店）,9.6,"['巨幕·大床房（愛奇藝會員+全屋智能）:HK$226', '巨幕·雙床房（愛奇藝會員+全屋智能）:HK$226', '巨幕·日落大床房（愛奇藝會員+全屋智能）:HK$255', '巨幕·城景雙床房（愛奇藝會員+全屋智能）:HK$255', '巨幕·陽光滿屋大床房（愛奇藝會員+全屋智能）:HK$270']"
天海柏唐酒店（九江火車站廬山大道店）,9.4,"['城悦·智選大床房『舒眠床品｜靜謐空間』:HK$182', '城悦·智選雙床房『乾濕分離｜電視投屏』:HK$182', '城韻·覽景大床房『180°全景｜智能馬桶』:HK$194', '城逸·智享大床房『新風系統｜卧式沙發』:HK$229', '城韻·覽景雙床房『180°全景｜商務辦公桌』:HK$247']"
廬隱酒店（九江火車站廣場店）,9.7,"['雲廬·優選大床房（夢百合床墊+記憶枕助好眠）:HK$221', '雲廬·優選雙床房（夢百合床墊+智能衞浴）:HK$240', '雲隱·精選大床房:HK$249', '雲隱·精選雙床房（夢百合床墊+記憶枕助好眠）:HK$277']"
九江廬山通遠驛雲境酒店（廬山風景區南門店）,9.5,"['伴山-清幽智控大床房【全屋智控+科勒衞浴+亞朵床墊+乾濕分離】:HK$611', '伴山-清幽智控雙床房【全屋智控+休閑浴缸+亞朵床墊+乾濕分離】:HK$611', '伴山-園景浴缸家庭房【全屋智能+亞朵床墊】:HK$680', '伴山-山景浴缸家庭房【智能客控+亞朵床墊】:HK$749', '花徑-山景智控家庭房【全屋智控+亞朵床墊+乳膠頭枕】:HK$818', '花徑-山景浴缸家庭房【獨立陽台+休閑浴缸+全屋智控+亞朵床墊】:HK$886']"
潯•陽︱Grandioso•Academia•歡悅MAX酒店（九江站九江學院店）,9.5,"['潯陽樓•投影玲瓏大床房|高定床品|恆温空調|零壓床墊:HK$218', '鎖江樓•巨幕零壓大床房|智能客控|卧式沙發|乾濕分離:HK$231', '煙水亭•巨幕零壓雙床房|多重隔音|恆温馬桶|大空間:HK$231', '天花井•巨幕榻榻米大床房|激光投影|超大幕布|舒適空間:HK$241', '八里湖•巨幕城景雙床房|新風系統|恆温馬桶|恆温空調:HK$252']"
九江九龍雲境酒店（八里湖新區店）,9.6,"['雲溪·榻榻米超大床房【落地全景+零壓床墊+全屋智控】:HK$190', '雲舒·小度智控雙床房【全屋智控+零壓床墊+乾濕分離】:HK$190', '雲舒·小度智控大床房【全屋智控+乾濕分離+零壓床墊】:HK$198', '雲逸·祕密花園圓床房【電動床墊+全屋智控+MINI冰箱】:HK$198', '雲享·江景零壓大床房【高空景觀+全屋智控+乳膠床墊】:HK$204']"
芳蘭湖開元名庭酒店（九江之夜景區店）,9.7,"['開元大床房（寬敞空間+超大浴缸+智能馬桶）:HK$446', '開元雙床房（獨立衣帽間+帶浴缸+智能馬桶）:HK$446', '豪華大床房（寬敞空間+落地窗+超大浴缸）:HK$498', '豪華雙床房（浴缸+智能馬桶+獨立衣帽間）:HK$498', '豪華園景大床房（房間都帶浴缸+智能馬桶）:HK$553', '豪華園景雙床房（獨立衣帽間+浴缸+智能馬桶）:HK$553']"
花築·廬山岄瑤民宿（廬山山上小天池店）,9.8,"['山行·景觀舒適大床房:HK$788', '江月·觀景高級大床房（觀日出）:HK$851', '琴心·豪華觀景雙床房:HK$851', '落桂·豪華觀景雙床房:HK$878', '橫雲·豪華觀景雙床房:HK$941']"
廬山棲雲觀景酒店,9.5,"['特惠雙床房【乳膠床墊+除濕機】:HK$607', '大床房【窗外山景+乳膠床墊】:HK$742', '舒適雙床房【温馨舒適+乳膠床墊】:HK$742', '觀景標間【夕陽山景+乳膠床墊】:HK$861', '舒適三人房【温馨舒適+乳膠床墊】:HK$869']"
九江八里湖希爾頓歡朋酒店,9.7,"['舒適大床房:HK$370', '舒適湖景大床房:HK$404', '靜享高級雙床房:HK$426', '城市園景大床房:HK$426', '荷里活超大床房:HK$480']"
美豪麗致酒店（九江站九江學院店）,9.7,"['麗致山景大床房【德化樓夜景丨私享Mini吧丨零壓床墊】:HK$256', '麗致城景雙床房【瀑布淋浴丨4K投屏丨零壓乳膠枕】:HK$269', '特惠大床房:HK$271', '雅緻山景大床房【全景視覺丨零壓床墊丨專屬冰箱】:HK$288', '巨幕影音大床房【專屬冰箱丨瀑布淋浴丨180°全景】:HK$298']"
晨楓臻品酒店（九江火車站萬達廣場店）,9.5,"['日式 | 榻榻米大床房【茶台+巨幕投影】:HK$205', '舒享 | 陽光大床房【巨幕暢享觀影】:HK$220', '舒享 | 安睡雙床房【巨幕暢享觀影】:HK$220', '靜謐 | 商務雙床房【大空間+暢享觀影】:HK$279', '悦景 | 城景大床房【休閑沙發+暢享觀影】:HK$279']"
全季酒店（九江廬山高鐵站店）,9.6,"['高級大床房:HK$299', '商務大床房:HK$318', '雙床房:HK$338', '景觀大床房:HK$338']"
鉑悦·仙境酒店（九江火車站萬達廣場店）,9.4,"['精緻大床房 【雅蘭床墊＋高端衞浴＋松下智能馬桶】:HK$234', '清雅城景雙床房【雅蘭床墊＋休閑沙發＋松下智能馬桶】:HK$324', '清雅城景大床房『雅蘭床墊+休閑沙發』:HK$331', '睿選潯陽大床房【雅蘭床墊+小冰箱＋松下智能衞浴】:HK$379', '睿選潯陽雙床房【高端衞浴+小冰箱＋超大空間】:HK$379']"
CityWalk●柏唐｜潯城美學設計師●慕酒店（九江火車站聯盛快樂城店）,9.5,"['City┃霧漫觀景大床房【璀璨夜景+小度智控+MINI冰箱】:HK$298', 'City┃霧漫觀景雙床房【智能客控+0壓床墊+恆温馬桶】:HK$298', 'Dream┃悦夢舒眠大床房【恆壓淋浴+都市夜景+小度智控】:HK$319', 'Max┃行止觀影大床房【高清巨幕+手機投屏+深度好眠】:HK$333', 'Joy┃雀悦娛樂麻將房【獨立棋牌房+空氣凈化機+MINI吧】:HK$333']"
九江潯陽快樂城麥谷酒店,9.6,"['MINI大床房『休閑桌椅』:HK$257', '浴缸榻榻米房『浴缸+茶具』:HK$257', '麥谷雙床房『芝華仕床墊+茶具』:HK$277', '麗致大床房『休閑沙發+辦公枱』:HK$277', '靜眠大床房『寬敞舒適+辦公枱』:HK$311']"
廬山大廈國際飯店,9.6,"['居山·靜謐雙床房【朝向清涼+深睡護脊床墊】:HK$982', '暮山·沁涼軒大床房「夏賞雲+曉霧輕籠+風景如畫」:HK$1,311', '暮山·沁涼軒大床房【冰箱+茶具+護脊床墊+抽濕機】:HK$1,311', '風鳴·攬霧全景雙床房【冰箱+茶具+抽濕機+護脊床墊】:HK$1,429', '風鳴·攬霧全景大床房【冰箱+茶具+抽濕機+遊玩無憂】:HK$1,429', '親子主題大床房【趣玩帳篷+童趣玩具】:HK$1,508']"
曙光鉑悦酒店（廬山牯嶺街店）,9.5,"['悦享•特惠雙床房:HK$927', '悦享•特惠大床房:HK$927', '山城•輕奢雙床房:HK$959', '如初•尊享雙床房:HK$1,037', '如初•尊享大床房:HK$1,037', '暮雲•觀景雙床房:HK$1,146']"
廬山開元名庭度假酒店,9.6,"['特惠雙床房 | 無窗 | 舒睡床墊:HK$429', '園景大床房 | 舒適床墊:HK$451', '開元大床房 | 舒適床墊:HK$473', '山居雙床房 | 可控地暖:HK$484', '棋牌大床房 | 樂享棋趣:HK$506']"
雲上洲際酒店（九江火車站廬山風景區店）,9.5,"['悦景丨慕斯大床房（乳膠床墊+全景視覺+65寸電視投屏）:HK$212', '悦景丨慕斯雙床房（辦公桌+乳膠床墊+65寸電視投屏）:HK$212', '全景丨臻選雙床房（遠眺廬山+智能家居+65寸電視投屏）:HK$218', '全景丨臻選大床房（遠眺山景+智能家居+65寸電視投屏）:HK$221', '智選丨巨幕影院大床房（高清視效+休閑沙發+無線投屏）:HK$241']"
柏唐·旗艦聆湖美景設計師酒店（九江八里湖店）,9.2,"['悦享‖城景大床房（高清電視投屏+強勁冷氣+強壓熱水）:HK$219', '悦心‖城景巨幕影院大床房（騰訊VIP海量片源+零壓床墊+全屋智控）:HK$228', '悦尚‖湖景大床房（聆湖美景+全屋智能+零壓床墊）:HK$238', '悦享‖城景雙床房（商務辦公+強勁冷氣+電視投屏）:HK$247', '悦心‖城景巨幕影院雙床房（騰訊VIP海量片源+零壓床墊+全屋智能）:HK$265']"
九江濂溪開元名都酒店,9.7,"['開元大床房:HK$694', '開元雙床房:HK$748', '豪華園景大床房（陽台+鞦韆吊椅）:HK$792', '豪華雙床房（陽台+鞦韆吊椅）:HK$847', '行政大床房（超大浴缸）:HK$868', '豪華園景親子房:HK$934']"
曙光薇酒店（廬山風景名勝區廬山會議舊址店）,9.5,"['舒適標間（休閑沙發）:HK$927', '舒適大床房:HK$927', '禪景標間（休閑榻榻米+茶台）:HK$993', '禪景大床房（休閑榻榻米+茶台）:HK$993', '尊享標間（休閑茶台）:HK$1,037']"
廬山牯嶺觀雲漫心府,9.7,"['心怡標準大床房（無線投屏+mini冰箱+絲漣深睡床墊）:HK$1,175', '心悦高級大床房（無線投屏+mini冰箱+絲漣深睡床墊）:HK$1,206', '心悦高級雙床房（mini冰箱+無線投屏+絲漣深睡床墊）:HK$1,236', '心享豪華大床房（無線投屏+mini冰箱+絲漣深睡床墊）:HK$1,256', '心享豪華雙床房（無線投屏+mini冰箱+絲漣深睡床墊）:HK$1,266']"
廬山賓館,9.7,"['松雲尊享大床房（小巧温馨、智慧客房、中央空調）:HK$1,356', '松悦尊享雙床房（智慧客房、中央空調、乾濕分離）:HK$1,356', '松雲尊享雙床房（温馨舒適，智慧客房、中央空調）:HK$1,467', '松雲臻享雙床房（中央空調、智慧客房）:HK$1,486', '松風臻享大床房（智慧客房、中央空調、乾濕分離）:HK$1,560']"
麗怡酒店（九江八里湖國際汽車城店）,9.7,"['豪華大床房:HK$234', '豪華雙床房:HK$288', '商務雙床房:HK$320', '商務大床房:HK$336', '湖景大床房（八里湖湖景）:HK$369']"
如家精選酒店（九江學院萬達廣場店）,9.8,"['高級大床房:HK$227', '雙床房:HK$235', '景觀大床房（夢百合床墊+智能客控+城景）:HK$251', '景觀雙床房（夢百合床墊+山景）:HK$259']"
廬山·初晴山院·英格蘭教會改建設計師別墅（牯嶺街店）,9.5,"['北熹·舒適大床房（腳步按摩儀+金可兒床墊）:HK$1,067', '南思·舒適雙床房（金可兒床墊+腳步按摩儀）:HK$1,309', '熾夏·高級雙床房（腳步按摩儀+金可兒床墊）:HK$1,510', '西山·温馨親子房（腿部按摩器+智能客控）:HK$1,511', '詠風·羈春大床房（休閑茶案+日落景觀窗）:HK$1,538']"
天海柏唐酒店（廬山風景名勝區牯嶺街索道上站店）,9.3,"['山谷雲隱雙床房【零壓床墊+智能除濕】:HK$1,025', '山青雲深大床房（夢百合零壓床墊+中央空調）:HK$1,032', '牯嶺祕境雙床房（夢百合零壓床墊+強壓熱水）:HK$1,170', '星空大床房（中央空調出風系統+休閑星空頂）:HK$1,170', '雲畔丨織夢大床房:HK$1,189']"
格麗酒店（九江火車站廬山大道店）,9.7,"['大床房「智能客控+辦公區+私享定製床墊」:HK$203', '高級大床房「智能客控+辦公區+私享定製床墊」:HK$215', '高級雙床房「智能客控+辦公區+私享定製床墊」:HK$215', '智能大床房「智能客控+城景視野+私享定製床墊」:HK$249']"
廬山雲熙頤居酒店,9.5,"['園景雙床房:HK$772', '特惠大床房:HK$780', '特惠雙床房:HK$780', '豪華山景雙床房:HK$971', '山景大床房:HK$974']"
花築·廬山玉淵閣民宿（廬山風景區店）,9.6,"['第六泉·温馨大床房:HK$480', '三峽澗聲·林隱大床房:HK$553', '玉淵溪谷·豪華觀景雙床房（獨立觀景樓）:HK$590', '觀音橋邊·觀景大床房:HK$627', '五老峯下·豪華雙床房:HK$676']"
天海柏唐江景酒店（聯盛快樂城九江市第三中學店）,9.4,"['潯夢丨城景大床房 『採光明亮+舒適床品』:HK$277', '潯夢丨城景雙床房『酣然入眠+乾濕分離』:HK$277', '戲夢丨江景雙床房『智能馬桶+遠眺長江』:HK$297', '戲夢丨江景大床房『開闊江景+商務辦公桌椅』:HK$304', '黑神話悟空雙人行PS5遊戲機房:HK$304']"
賓呈國際酒店（廬山高鐵站中華賢母園店）,9.6,"['呈馨大床房（智能客控）:HK$247', '呈馨雙床房（智能客控）:HK$247', '呈雅大床房（智能客控）:HK$256', '呈雅雙床房（智能客控）:HK$256']"
廬山碧龍潭·舍精品民宿,9.8,"['日午·標準大床房:HK$391', '日正·標準雙床房:HK$402', '日生·園景大床房:HK$402', '豪華大床房:HK$435', '日始·高級大床房:HK$435']"
