酒店名称,评分,房型价格列表
全季酒店（佳木斯市政府店）,9.5,"['高級大床房:HK$346', '商務大床房:HK$374', '高級雙床房:HK$393', '家庭房:HK$486']"
佳木斯海天大酒店,9.4,"['高級大床房:HK$468', '高級標準間:HK$468', '商務大床房:HK$500', '商務標準間:HK$500', '豪華大床房:HK$610']"
頤和精品酒店（佳木斯萬達廣場店）,9.4,"['特惠商務大床房•宏益床墊（高空夜景+辦公桌椅小冰箱）:HK$223', '商務大床房•宏益床墊（獨立辦公桌椅+小冰箱+智能窗簾）:HK$258', '商務套房•宏益床墊（獨立辦公桌椅+小冰箱+城市夜景）:HK$294', '家庭雙床套房·宏益床墊（辦公桌+城市夜景+智能窗簾）:HK$320']"
佳木斯市政府廣場萬象街亞朵酒店,9.9,"['高級大床房（手機投屏+智能客控+深睡枕Pro+小冰箱）:HK$350', '行政雙床房（手機投屏+智能客控+深睡枕Pro+小冰箱）:HK$350', '行政大床房（手機投屏+智能客控+深睡枕Pro+小冰箱）:HK$380', '尊享雙床房（手機投屏+智能客控+深睡枕Pro+Mini吧）:HK$380', '尊享大床房（手機投屏+智能客控+深睡枕Pro+Mini吧）:HK$410']"
白玉蘭酒店（佳木斯市火車站新瑪特店）,9.9,"['零壓靜雅大床房（全屋智能客控+手機投屏+零壓床墊）:HK$243', '零壓靜雅雙床房（全屋智能客控+手機投屏+零壓床墊）:HK$252', '零雅舒雅大床房（全屋智能客控+手機投屏+零壓床墊）:HK$288', '零雅舒雅雙床房（全屋智能客控+手機投屏+零壓床墊）:HK$306']"
佳木斯萬達錦寓公寓酒店,9.2,"['高級大床房:HK$343', '高級雙床房:HK$343', '高級豪華大床房:HK$373', '高級豪華雙床房:HK$392', '豪華雙床房:HK$421']"
佳木斯中山街新瑪特亞朵酒店,9.6,"['高級大床房（手機投屏+智能客控+小冰箱）:HK$360', '高級雙床房（手機投屏+智能客控+小冰箱）:HK$391', '幾木大床房（手機投屏+智能客控+小冰箱）:HK$441', '幾木雙床房（手機投屏+智能客控+小冰箱）:HK$471', '幾木家庭房（手機投屏+智能客控+小冰箱）:HK$561']"
全季酒店（佳木斯新瑪特店）,9.6,"['大床房:HK$429', '高級大床房:HK$439', '雙床房:HK$458']"
藍鼎風雅酒店（佳木斯向陽區大潤發廣場店）,9.5,"['治癒躺平大床房（天然乳膠枕+蕎麥枕）:HK$144', '觀影主題套房（天然乳膠枕+蕎麥枕+百寸投影＋舒適浴缸）:HK$162', '輕奢雙床房（天然乳膠枕+蕎麥枕）:HK$180', '輕奢大床房（天然乳膠枕+蕎麥枕）:HK$180']"
佳木斯萬達錦華酒店,9.4,"['高級大床房:HK$643', '高級雙床房:HK$643', '無障礙房:HK$643', '豪華大床房:HK$862', '豪華雙床房:HK$862', '高級豪華大床房:HK$862']"
宋境·精品酒店（佳木斯萬達廣場店）,9.8,"['宋境·商務雙床房（慕思床墊+恆温水壺、專業茶具+辦公桌椅）:HK$409', '宋境·輕享大床房（慕思床墊+加濕器+熨斗）:HK$418', '宋境·精選大床房（慕思床墊+設計師傢俱+小冰箱）:HK$455', '宋境·親子大床房（慕思床墊+榻榻米）:HK$511']"
秋朵酒店（佳木斯高鐵站店）,9.7,"['寶藏幸運房（智能客控+乳膠床品）:HK$188', '商務雙床房（智能客控+乳膠床品）:HK$201', '商務大床房（智能客控+乳膠床品）:HK$207', '高級行政雙床房（智能客控+乳膠床品）:HK$251']"
佳木斯凱撒大酒店（百貨大樓新瑪特店）,8.9,"['城景大床房:HK$174', '商務標間:HK$212', '尊享標準間:HK$267', '豪華標間（智能體驗）:HK$384', '豪華大床房:HK$384']"
盛達商務賓館（佳木斯火車站店）,9.2,"['特惠標間:HK$121', '標準間:HK$132', '大床房:HK$132', '單人套房:HK$156']"
星程酒店（佳木斯大學附屬第一醫院店）,9.4,"['大床房:HK$302', '高級大床房:HK$321', '雙床房:HK$321', '家庭房:HK$378']"
全季酒店（佳木斯長安路店）,9.6,"['大床房:HK$305', '高級大床房:HK$325', '雙床房:HK$325', '家庭房:HK$355']"
玖玖青居公寓 （萬達錦華之星店）,9.2,"['清馨幽舍大床房:HK$339', '舒悦法式輕奢大床房:HK$348', '翠域小築大床房:HK$374', '絲路印象大床房:HK$374']"
佳木斯錦悦公寓,9.5,"['標準大床房（慕思床墊+徠芬閃銀吹風機）:HK$257', '商務大床房（慕思床墊+徠芬閃銀吹風機）:HK$289', '至尊觀景大床房（慕思床墊+徠芬閃銀吹風機）:HK$355', '豪華家庭房:HK$399']"
佳木斯錦裏公寓,9.6,"['智能標準大床房（慕思床墊徠芬吹風機）:HK$230', '智能商務大床房（慕思床墊徠芬吹風機）:HK$301', '豪華家庭房:HK$356', '智能至尊觀景大床房（慕思床墊徠芬吹風機）:HK$363']"
佳木斯錦華之悦酒店（佳木斯萬達廣場店）,9.3,"['標準大床房:HK$166', '豪華大床房:HK$175', '温馨家庭房:HK$187', '娛樂麻將大床房:HK$191']"
佳木斯鼎特大酒店,9.2,"['智能大床房:HK$201', '智能雙床房:HK$201', '智能家庭房:HK$232', '智能麻將套房:HK$262']"
漢庭酒店（佳木斯解放路沿江公園店）,9.6,"['雙床房:HK$381', '高級大床房:HK$381', '商務大床房:HK$391', '家庭房:HK$412']"
佳木斯藍鼎欣悦酒店（松花江畔店）,9.6,"['治癒躺平大床房（無窗）:HK$134', '優享大床房:HK$143', '優享雙床房:HK$153', '佳境大床房:HK$162']"
富豪酒店（佳木斯火車站百貨大樓店）,9.5,"['治癒躺平大床房（地暖+小冰箱）:HK$108', '陽光舒適雙床房（地暖+小冰箱）:HK$119', '陽光舒適大床房（地暖+小冰箱）:HK$130', '城景輕奢雙床房（地暖+小冰箱）:HK$152']"
愷樂商務酒店（佳木斯前進區濱江路店）,8.1,"['商務標準房:HK$258', '江景大床房:HK$267', '標準商務套房:HK$416', '豪華商務套房:HK$453']"
漢庭酒店（佳木斯光復路新瑪特店）,9.6,"['大床房:HK$221', '雙床房:HK$240', '高級大床房:HK$240', '家庭房:HK$261']"
拾光精品公寓（萬達廣場店）,9.0,"['LOFT現代簡約複式大床房:HK$154', '舒適簡約大床房:HK$154', 'Loft經濟投影大床房:HK$154', '簡約輕奢大床房:HK$163']"
佳木斯拾光壹號民宿,9.2,"['輕奢景觀房:HK$183', '時尚大床房:HK$199', 'Ins風大床房:HK$241', '現代舒適大床房:HK$277']"
雅居酒店（佳木斯萬達廣場店）,9.2,"['雅居大床房:HK$194', '雅居雙床房:HK$194', '豪華套房:HK$238', '雅居家庭房:HK$238']"
福龍公寓（佳木斯萬達廣場店）,9.8,"['温馨大床房:HK$190', '浪漫大床房:HK$197', '歐式雙床房:HK$209', '商務雙床房:HK$209']"
熙朵酒店,9.2,"['舒適雙床房:HK$132', '雅緻大床房:HK$150', '舒適大床房:HK$156', '舒適家庭房:HK$222']"
鉑格公寓酒店（佳木斯萬達廣場店）,9.5,"['優享大床房（空調+冰箱）:HK$119', '舒雅大床房（空調）:HK$147', '舒雅雙床房（空調+冰箱）:HK$156', '臻選投影大床房（高清極米投影）:HK$156']"
睿思公寓（佳木斯萬達廣場店）,8.5,"['輕奢大床房:HK$229', '行政套房:HK$260', '輕奢雙床房:HK$272', '親子家庭房:HK$272']"
如家酒店·neo（佳木斯火車站新瑪特店）,9.3,"['大床房:HK$197', '商務大床房A:HK$224', '商務大床房:HK$233', '雙床房:HK$241']"
美琦Loft民宿,10.0,"['時尚Loft公寓房:HK$229', '唐人中心F棟1510精品Loft大床房:HK$229', 'Loft雙床房（C棟1708）:HK$229']"
佳木斯郊區四季賓館,9.6,"['標準雙人房:HK$141', '大床房:HK$141', '豪華大床房:HK$141', '商務標準間:HK$141']"
佳木斯十四層萬達民宿,8.8,"['中式榻榻米:HK$118', '舒適大床房:HK$131', '豪華娛樂房:HK$137', '豪華標準房:HK$149']"
雅朵公寓酒店（佳木斯萬達廣場店）,9.9,"['商務大床房:HK$158', '影音大床房:HK$202', '商務套房:HK$220', '巨幕投影房:HK$220']"
佳木斯水尚民宿,9.6,"['精品大床房1218:HK$184', '豪華雙床房1023:HK$238']"
Better公寓（佳木斯萬達廣場店）,9.7,"['豪華大床房:HK$161', '現代大床房:HK$179', '豪華影音大床房:HK$179', '温馨大床房:HK$179']"
錦江之星（佳木斯新瑪特店）,9.2,"['商務房C:HK$163', '商務房B:HK$171', '標準間B:HK$171', '商務房A:HK$188']"
佳木斯漫時光公寓,9.8,"['漫時光V2:HK$175', '愛馬仕風大床房:HK$175', '漫時光V1:HK$186', '北歐風格百寸電視影音房:HK$186']"
禧龍賓館（佳木斯火車站店）,8.9,"['温馨圓床房（無窗）:HK$154', '温馨大床房（無窗）:HK$154', '温馨家庭房（無窗）:HK$154', '商務雙床房:HK$182']"
藍蔓快捷賓館（火車站中心醫院店）,8.9,"['雙床房（空調）:HK$91', '大床房（空調）:HK$91', '舒適大床房（空調）:HK$100', '舒適雙床房（空調）:HK$100']"
譚舍精品酒店（佳木斯大學第一附屬醫院店）,9.3,['優享大床房:HK$129']
格林春天酒店（佳木斯火車站店）,8.7,"['大床房（無窗）:HK$76', '商務大床間:HK$104', '經濟標準間:HK$104', '商務標準房:HK$117']"
佳木斯青梔民宿,9.8,"['温馨大床房:HK$162', '舒適大床房:HK$162']"
佳木斯萬達格林公寓,8.7,"['精緻大床房:HK$142', '都市大床房:HK$149', '親子娛樂房:HK$172']"
佳木斯百樂家公寓,8.0,"['特價大床房:HK$151', '輕奢雙床房:HK$173', '商務大床房:HK$216', '輕奢大床房:HK$216']"
佳木斯清洋水界會館,7.3,['舒適大床房:HK$326']
