酒店名称,评分,房型价格列表
格林東方酒店（南京祿口機場店）,9.6,"['零壓智能大床房:HK$429', '舒眠零壓智能雙床房:HK$430', '舒眠零壓智能大床房:HK$449', '舒眠零壓智能家庭房:HK$456']"
孜圖酒店（南京夫子廟景區店）,9.3,"['歸一大床房（零壓床墊+智能投屏）:HK$684', '一休大床房（零壓床墊+智能投屏）:HK$727', '二舍大床房（零壓床墊+智能投屏）:HK$737', '三生大床房（零壓床墊+智能投屏）:HK$798', '四季雙床房（零壓床墊+智能投屏）:HK$798']"
南京鐘山賓館（江蘇省會議中心）,9.4,"['主樓丨鐘山標準間『十里秦淮水』:HK$494', '主樓丨紫金大床房『百年鐘山情』:HK$516', '主樓丨豪華大床房『電熱毛巾架・智能馬桶』:HK$539', '主樓丨豪華標準間『電熱毛巾架•智能馬桶』:HK$549', '貴賓樓丨行政大床房『靜享儒風雅韻』:HK$571', '貴賓樓丨行政標準間『舒享商務空間』:HK$571']"
南京南站逸扉酒店,9.5,"[""高級大床房『Peet's膠囊Coffee機+智能投屏+小冰箱』:HK$479"", ""豪華大床房『Peet's膠囊Coffee機+智能投屏+小冰箱』:HK$512"", ""高級雙床房『Peet's膠囊Coffee機+智能投屏+小冰箱』:HK$512"", ""豪華雙床房『Peet's膠囊Coffee機+智能投屏+小冰箱』:HK$545"", ""行政大床房『戴森吹風機+Peet's膠囊Coffee機+小冰箱』:HK$600""]"
南京金帆萬源酒店（新街口上海路店）,9.5,"['輔樓臻享大床房:HK$394', '高級大床房:HK$458', '商務大床房:HK$458', '高級陽光大床房:HK$489', '高級陽光雙床房:HK$489']"
禧映酒店（南京夫子廟景區老門東店）,9.3,"['尖微大床房 | 65寸智能投屏電視·全景窗:HK$411', '禧悦大床房 | 65寸智能投屏電視·零壓深睡床品:HK$454', '星空榻榻米房 | 65寸智能投屏電視·仰望星空天窗:HK$497', '禧映潮玩電競房 | I7·4070S·32G海盜船·海景房機箱:HK$507']"
南京維景國際大酒店,9.3,"['高級大床房:HK$588', '豪華特大床·親子家庭房:HK$719', '豪華大床房:HK$719', '豪華雙床房:HK$719', '至尊精選大床房:HK$882', '至尊精選雙床房:HK$882']"
美璟大酒店（南京光華路苜蓿園大街店）,9.6,"['舒適大床房:HK$284', '舒適雙床房:HK$301', '豪華氧吧大床房:HK$318', '豪華氧吧雙床房:HK$335']"
南京奧體中心瑞貝庭公寓酒店,9.5,"['高級大床房【幕布投影+智能化控制+微波爐】:HK$349', '商務雙床房【幕布投影+智能化控制+微波爐】:HK$370', '商務城景大床房【幕布投影+洗烘一體機+冰箱】:HK$370', '商務園景大床房【幕布投影+洗烘一體機+冰箱】:HK$370', '豪華行政套房【幕布投影+智能化控制+冰箱】:HK$454']"
南京玄武飯店,9.4,"['玄武尊享大床房:HK$590', '豪華城景雙床房:HK$677', '豪華城景大床房:HK$677', '玄武尊享雙床房:HK$698', '豪華城景家庭房:HK$806', '豪華城景親子房:HK$806']"
建國·璞隱酒店（南京中山陵景區梧桐大道店）,9.6,"['暗香居大床房·新中式風温暖雅居+投屏電視+智能客控:HK$545', '凌霜居雙床房·新中式風温暖雅居+投屏電視+智能客控:HK$588', '詠蘭居大床房 · 新中式風榻榻米+投屏電視+智能客控:HK$606', '暗香居景觀大床房·新中式風陽光庭院+投屏電視+智能客控:HK$606', '幽篁居雙床房·新中式風陽光庭院+投屏電視+智能客控:HK$649']"
世紀緣國際會議中心（百家湖1912店）,9.5,"['特惠單間:HK$380', '特惠標準間:HK$380', '高級商務標準間:HK$435', '豪華景觀大床房:HK$457', '豪華景觀雙床房:HK$489']"
寬渡酒店（南京老門東店）,9.5,"['精緻榻榻米房:HK$300', '雅緻大床房:HK$422', '雅緻雙床房:HK$444', '商務大床房:HK$505']"
南京南站軟件谷錦江都城酒店,9.7,"['時尚雙床房:HK$406', '時尚商務房:HK$406', '精緻雙床房:HK$456', '精緻商務房:HK$456', '風雅雙床房:HK$498']"
璽悦·弘酒店（南京南站店）,9.3,"['高級大床房:HK$467', '高級雙床房:HK$500', '商務大床房:HK$511', '商務雙床房:HK$544', '親子雙床房:HK$555']"
南京心頤薈·星儷辰酒店,9.4,"['普通大床房:HK$502', '高級大床房 冰箱+獨立洗衣機:HK$534', '高級雙床房 冰箱+獨立洗衣機:HK$546', '豪華大床房 冰箱+獨立洗衣機:HK$589', '豪華雙床房 冰箱+獨立洗衣機:HK$600']"
晨町酒店（南京玄武湖公園店）,9.5,"['温馨大床房:HK$316', '雅緻大床房:HK$338', '雅緻標間:HK$360', '豪華大床房:HK$360']"
建國·璞隱酒店（南京夫子廟步行街店）,9.5,"['詠蘭居大床房A[新中式風格+投屏電視]:HK$485', '詠蘭居大床房[新中式風格+投屏電視]:HK$521', '暗香居大床房[新中式風格+投屏電視]:HK$557', '凌霜居雙床房[新中式風格+投屏電視]:HK$583', '幽篁居雙床房[新中式風格+投屏電視]:HK$628']"
南京麗思卡爾頓酒店,9.5,"['豪華大床房:HK$2,865', '豪華雙床房:HK$2,865', '豪華山景大床房:HK$2,991', '豪華山景雙床房:HK$2,991', '豪華湖景大床房:HK$3,182', '豪華湖景雙床房:HK$3,182']"
南京中山陵逸扉酒店,9.7,"['大床房:HK$665', '園景高級大床房:HK$709', '園景豪華大床房:HK$774', '園景豪華雙床房:HK$840', '庭院度假行政大床房:HK$949']"
和頤至尚酒店（南京鼓樓玄武湖店）,9.5,"['商務大床房A:HK$425', '雙床房A:HK$441', '高級大床房:HK$450', '雙床房:HK$466', '高級雙床房:HK$492']"
南京湖濱金陵飯店,9.6,"['榻榻米主題雙床房:HK$507', '榻榻米主題大床房:HK$532', '園景精緻大床房:HK$557', '園景雙床房:HK$574', '園景陽台雙床房:HK$599', '園景大床房:HK$641']"
南京江北虹悅城馨樂庭酒店（江北工業大學店）,9.4,"['豪華單房大床（皇家御用斯林百蘭床墊+微波爐+電磁爐）:HK$339', '豪華單房雙床（皇家御用斯林百蘭床墊+微波爐+電磁爐）:HK$339', '行政單房（皇家御用斯林百蘭床墊+獨立衣帽間）:HK$356', '行政單房雙床（皇家御用斯林百蘭床墊+獨立衣帽間）:HK$356', '豪華行政單房（高端廚具家電+洗烘一體機+獨立廚房）:HK$372']"
南京揚子江國際會議中心酒店,9.6,"['糖果飛屋親子大床房（呆萌魚嘴）:HK$762', '糖果飛屋親子雙床房（童趣帳篷）:HK$762', '高級商務大床房:HK$798', '高級大床房:HK$835', '高級商務雙床房:HK$873', '豪華商務大床房:HK$873']"
瑞瀾庭院酒店（南京博物院店）,9.4,"['特惠大床房（無窗）:HK$315', '四季大床房（過道窗）:HK$342', '四季雙床房（過道窗）:HK$342', '樂享大床房:HK$360', '四季親子房（過道窗）-大小床:HK$371']"
和頤酒店（南京博物院明故宮地鐵站店）,9.4,"['大床房A（中式風格）:HK$323', '大床房（中式風格）:HK$368', '商務大床房（中式風格）:HK$413', '雙床房A（中式風格）:HK$430']"
清沐鉑金酒店（南京理工大學中山陵景區店）,9.6,"['智能高級大床房【全屋新風・智能語音聲控・智能馬桶・小冰箱】:HK$317', '智能鉑金大床房【全屋新風 · 智能語音聲控 · 智能馬桶 · 小冰箱】:HK$351', '智能豪華大床房【智能語音聲控 · 智能馬桶 · 小冰箱 · 外窗】:HK$399', '智能豪華雙床房【智能語音聲控 · 智能馬桶 · 小冰箱 · 外窗】:HK$447']"
南京寧歸來金陵山水酒店（祿口機場店）,9.0,"['山水精緻單人房:HK$194', '山水温馨單人房:HK$216', '山水温馨雙床房:HK$216', '山水舒適套房:HK$378']"
南京南都會酒店,9.3,"['釣魚台市景大床房:HK$872', '秦淮市景標間:HK$981', '古戲苑河景大床房:HK$1,090', '甘露寺雙床房:HK$1,527', '釣魚台園景雙床房:HK$1,636', '泊秦淮大床套房:HK$1,844']"
南京夫子廟秦淮河流蘇·棲雲酒店,9.2,"['典雅大床房（55寸智能投屏電視+全屋新風）:HK$411', '品質投影大床房（騰訊會員點播權益+全屋新風）:HK$443', '水墨街景大床房（騰訊會員點播權益+花園景落地窗）:HK$486', '零壓投影大床房（騰訊會員點播權益+零壓舒睡床品）:HK$539']"
如家精選酒店（南京火車站玄武湖店）,9.5,"['大床房A:HK$348', '大床房:HK$367', '安心睡0壓大床房『零壓床墊』:HK$386', '高級大床房:HK$395']"
南京阿爾卡迪亞國際酒店,9.3,"['豪華園景標間:HK$391', '豪華園景大床房:HK$391', '豪華湖景大床房:HK$448', '豪華湖景標間:HK$469', '智眠豪華園景大床房:HK$486', '商務園景大床房:HK$495']"
南京博物院泊金黃埔酒店,9.4,"['夏瑩荷風·豪華標間·悦享清涼:HK$526', '清涼一夏時尚大床房:HK$526', '温情圓床房·秦淮桃韻·煙波麗影:HK$559', '親子家庭房·榻榻米·小童浴缸·紅山童趣:HK$633', '【城景山景】雲端大床套房（淋浴浴缸雙體驗）:HK$740']"
宜尚酒店（南京夫子廟地鐵站店）,9.5,"['舒適大床房『零壓床墊+全屋智能客控』:HK$650', '標準大床房『零壓床墊+全屋智能客控』:HK$678', '高級大床房『零壓床墊+全屋智能客控』:HK$697', '高級雙床房『零壓床墊+全屋智能客控』:HK$706']"
H+酒店（南京雞鳴寺鼓樓地鐵站店）,9.1,"['普通大床房:HK$398', '温馨大床房:HK$407', '精緻大床房:HK$425', '商務大床房:HK$443']"
江蘇飯店（南京新街口常府街地鐵站店）,9.4,"['鐘山丨商務大床房·靜謐儒雅風:HK$528', '頌雅丨豪華雙床房·電熱毛巾架:HK$571', '秦淮丨商務雙床房·舒享超寬雙床:HK$614', '悦景丨豪華套房:HK$635', '紫金丨特色風情房·私享大空間·硬控民國風:HK$646']"
南京中心大酒店,9.6,"['麗景大床房:HK$655', '麗景雙床房:HK$655', '高級大床房:HK$765', '豪華大床房:HK$874', '海底小縱隊親子房:HK$1,092', '埃及萌神親子房:HK$1,092']"
南京金鷹珠江壹號國際酒店,9.5,"['雅緻大床房:HK$559', '高級大床房:HK$719', '高級雙床房:HK$775', '豪華房:HK$831', '豪華全景大床房:HK$1,031', '櫻桃小丸子主題大床房:HK$1,182']"
南京豐盛五季凱悦臻選酒店,9.7,"['豪華大床房:HK$1,156', '豪華雙床房:HK$1,156', '五季大床房:HK$1,376', '五季雙床房:HK$1,376', '五季康養房-大隱於市的康養之地:HK$1,429', '行政大床房:HK$1,485']"
南京城市名人酒店,9.0,"['城景雙床房-盡覽城市景觀:HK$480', '城景大床房-盡覽城市景觀:HK$480', '湖景雙床房-湖畔美居:HK$496', '湖景大床房-湖畔美居:HK$499', '舒緩智能大床房-解壓電動按摩床:HK$517', '行政尊享大床間-高空夜景:HK$545']"
南京金陵飯店,9.5,"['金陵樓經典豪華雙床房:HK$789', '金陵樓經典豪華大床房:HK$789', '金陵樓城景豪華大床房:HK$835', '金陵樓逸緻豪華雙床房（煥新設計）:HK$928', '金陵樓典雅商務大床房:HK$1,114', '金陵樓典雅商務雙床房:HK$1,114']"
江蘇辰茂新世紀大酒店,9.3,"['商務湖景大床房●紫金煙嵐:HK$327', '商務湖景雙床房●玄武雙清:HK$327', '經典舒逸大床房●湖畔舒逸:HK$402', '經典時尚雙床房●親湖雅舍●森林氧吧:HK$457', '經典時尚大床房●親湖雅舍●森林氧吧:HK$457']"
紫怡天悦酒店（南京南站店）,9.6,"['紫怡大床房（智能客控+顧家乳膠床墊+落地窗+65寸投屏電視）:HK$364', '紫怡舒適大床房:HK$409', '紫怡高級大床房（智能客控+顧家乳膠床墊+落地窗+65寸投屏電視）:HK$455', '紫怡豪華大床房（智能客控+顧家乳膠床墊+超大落地窗+聲控霧化玻璃+65寸投屏電視）:HK$512', '天悦花園大床房（智能客控+顧家乳膠床墊+私享露台花園+聲控霧化玻璃+65寸投屏電視）:HK$557']"
南京香格里拉大酒店,9.6,"['豪華大床房-盡覽繁華魅力都市:HK$1,219', '豪華雙床房-盡覽繁華魅力都市:HK$1,219', '豪華天際大床房-探索都市天際麗影:HK$1,350', '豪華天際雙床房-探索都市天際麗影:HK$1,350', '豪華閣豪華湖景大床房-縱覽湖光山色與城市日落:HK$1,560', '豪華湖景大床房-迎接紫金山玄武湖日出:HK$1,789']"
南京新街口總統府頤景臻選酒店,9.3,"['智能影音榻榻米【新風·聲控·Mini冰箱·極米投影】:HK$381', '智能影音大床房【新風·聲控·Mini冰箱·極米投影】:HK$425', '智能臻選大床房【新風·聲控·Mini冰箱·極米投影】:HK$479', '落地陽光大床房【聲控·Mini冰箱·極米投影·落地窗】:HK$535']"
全季酒店（南京鼓樓廣場店）,9.7,"['大床房:HK$374', '高級大床房:HK$394', '雙床房:HK$413', '高級雙床房:HK$433']"
曙光薇酒店（南京夫子廟老門東店）,9.6,"['氧吧安睡大床房:HK$517', '高級大床房:HK$558', '高級雙床房:HK$653', '豪華大床房:HK$664', '豪華雙床房:HK$752']"
南京仙林大學城希爾頓歡朋酒店,9.6,"['舒適大床房【舒達床墊+智能投屏+專享騰訊視頻】:HK$522', '高級大床房【舒達床墊+智能投屏+專享騰訊視頻】:HK$544', '高級雙床房【舒達床墊+智能投屏】:HK$598', '豪華大床房【舒達床墊+智能投屏】:HK$620', '豪華雙床房【舒達床墊+智能投屏】:HK$675']"
南京奧體中心桔子水晶酒店,9.6,"['月夜榻榻米大床房:HK$632', '高級大床房:HK$663', '月夜雙床房（迷你冰箱）:HK$663', '商務大床房:HK$713', '豪華大床房:HK$743']"
清沐國際酒店（南京南站南廣場店）,9.8,"['智能精選雙床房（客控系統+65寸智能電視+MiniBar）:HK$297', '智能精選大床房（客控系統+65寸智能電視+MiniBar）:HK$392', '智能豪華大床房（客控系統+65寸智能電視+MiniBar）:HK$489', '智能高級景觀房（落地窗觀景+百寸幕布+MiniBar）:HK$513', '智能豪華家庭房（客控系統+65寸智能電視+MiniBar）:HK$540']"
