酒店名称,评分,房型价格列表
可克達拉天一酒店,9.6,"['高級大床房（金可兒睡眠床墊+全屋智控）:HK$555', '高級雙床房（金可兒睡眠床墊+全屋智控）:HK$555', '家庭親子房（金可兒睡眠床墊+全屋智控）:HK$797', '商務行政套房（金可兒睡眠床墊+全屋智控）:HK$819']"
可克達拉文遠大酒店,9.5,"['雅緻舒睡大床房:HK$642', '雅緻舒睡雙床房:HK$642', '臻選智能雙床房:HK$970', '臻選智能大床房:HK$970', '智能親子房:HK$1,186']"
可克達拉市夢鄉酒店,10.0,"['臻選大床房:HK$336', '雅緻舒睡雙床房:HK$336', '臻選三人間:HK$413', '家庭親子間:HK$413']"
可克達拉壹平源居,9.8,"['靜謐單人間:HK$336', '精品雙床房:HK$370', '精品大床房:HK$370', '甄選大床房:HK$425']"
可克達拉朝暮酒店,9.4,"['商務大床房:HK$277', '豪華大床房:HK$369']"
可克達拉市綠山緣民宿,9.8,"['温馨大床房:HK$185', '標準雙床房:HK$197', '舒適雙床房:HK$197', '豪華雙床房:HK$261']"
可克達拉大雲華酒店,8.0,[]
華都假日酒店（察布查爾鎮店）,9.3,"['普通標間:HK$260', '普通單間:HK$260', '豪華標間:HK$283', '豪華單間:HK$283']"
品悦酒店,8.8,"['標準雙床房:HK$280', '標準大床房:HK$303', '豪華套房:HK$433']"
七喜酒店,8.4,"['特價雙床房:HK$299', '標準雙床房:HK$340', '商務雙床房:HK$340', '標準大床房:HK$351']"
你好酒店（伊寧上海城店）,9.4,"['高級大床房:HK$422', '商務大床房:HK$452', '商務雙床房:HK$482', '家庭雙床房:HK$522']"
伊寧品睿酒店（六星街店）,9.6,"['舒適大床房:HK$475', '榻榻米舒適房:HK$486', '智能高級大床房:HK$590', '高級大床間:HK$714']"
桔子酒店（伊寧六星街景區店）,9.5,"['大床房【金可兒床墊+冷藏小冰箱+電視投屏】:HK$756', '高級大床房【金可兒床墊+冷藏小冰箱+電視投屏】:HK$774', '豪華大床房【金可兒床墊+冷藏小冰箱+電視投屏】:HK$792', '豪華雙床房【金可兒床墊+冷藏小冰箱+電視投屏】:HK$792']"
漢庭酒店（伊寧六星街景區店）,9.4,"['高級大床房:HK$452', '高級雙床房:HK$482', '商務大床房:HK$482', '商務雙床房:HK$511']"
漢庭酒店（伊寧喀贊其店）,9.5,"['大床房:HK$544', '高級大床房:HK$636', '高級雙床房:HK$668', '商務雙床房:HK$698']"
霍城雲升酒店,9.2,"['舒適標準間:HK$1,047', '舒適大床房:HK$1,047', '行政豪華標準間:HK$1,144', '浪漫大床房:HK$1,240', '陽光標準間:HK$1,336']"
圖開沙漠輕奢酒店,9.0,"['聽沙觀景標間:HK$758', '漠野景觀大床房:HK$772', '歡圖親子間:HK$772', '歡圖温馨親子套房:HK$852']"
全季酒店（伊寧機場店）,9.5,"['大床房:HK$622', '雙床房:HK$642', '高級大床房:HK$663', '高級雙床房:HK$683']"
一方所民宿（六星街景區店）,9.8,"['靜夜雅緻大床房（半地下）:HK$370', '慕夏雅緻雙床房（半地下）:HK$519', '澄裏陽光榻榻米房:HK$556', '浪漫情懷大床房:HK$705']"
如家酒店·neo（伊寧解放西路上海城店）,9.5,"['大床房（全屋智能+親膚布草+電視投屏）:HK$542', '商務大床房（全屋智能+親膚布草）:HK$542', '高級大床房（全屋智能+超大空間+客卧分離）:HK$560', '高級雙床房（全屋智能+加寬床墊+電視投屏）:HK$570']"
霍城賽里木湖大酒店,8.7,"['普通標準間:HK$293', '舒適標間:HK$325', '高級標準間:HK$435', '高級單人間:HK$435']"
時宜民宿（霍城店）,10.0,"['紅.舒適大床房:HK$474', '橙.温馨大床房:HK$492', '黃.復古雙床房:HK$511', '靛.法式雙床房:HK$576']"
挽風宿（（伊寧六星美食街店）,9.3,"['君蘭大床房:HK$681', '今喜大床房:HK$710', '雲隱雙床房:HK$729', '雲語雙床房:HK$758']"
全季酒店（伊寧山東路萬容壹號街店）,9.7,"['高級雙床房（智能客控.加濕器）:HK$723', '高級大床房（智能客控.加濕器）:HK$743', '高級特大床房（智能客控.加濕器）:HK$783', '商務大床房（智能客控.加濕器）:HK$823']"
花微聚民宿（伊寧市六星街店）,9.2,"['六星街大床房（零壓力床墊+精緻掛畫+實木桌椅）:HK$472', '唐布拉雙床房:HK$485', '恰西觀庭雙床房（零壓力床墊+精緻掛畫）:HK$509', '賽裏木院景 家庭房 （ 零壓力床墊+實木桌椅）:HK$631']"
海友酒店（伊寧火車站店）,9.7,"['高級大床房:HK$295', '商務大床房:HK$312', '商務雙床房:HK$322', '家庭房:HK$348']"
勉家民宿,9.9,"['暮雨大床房:HK$260', '勉家·〔自然三人居〕大客廳｜陽光充沛:HK$295', '勉家·〔圓夢雙床〕｜獨立精裝衞浴:HK$295', '勉家·〔聽蟬親子房〕獨立庭院｜親子出遊｜獨立庭院｜精裝衞浴:HK$295']"
伊寧留白村宿民宿,9.7,"['墨韻‖黑色法式大床房:HK$309', '古隅‖侘寂風大床房:HK$309', '風華‖南洋風雙床大床房:HK$333', '精品南洋綠影雙大床房:HK$388']"
霍城良棲鄉野民宿,9.3,"['半地下室雙人間:HK$242', '標準大床房:HK$336', '標準雙床房:HK$336', '豪華大床房:HK$400']"
伊寧廣仁郡亞朵酒店,9.7,"['高級大床房:HK$699', '幾木大床房:HK$726', '高級雙床房:HK$726', '幾木雙床房:HK$816', '幾木家庭房:HK$906']"
停泊青年旅舍（伊寧店）,8.7,"['榻榻米大床房:HK$236', '隨心大床房:HK$262', '榻榻米標準雙人間:HK$262', '隨心標準雙人間:HK$295']"
瀾亭題序民宿（伊寧機場伊寧火車站店）,9.6,"['瀾亭舒適雙床房:HK$397', '萬殊.特惠小花園大床房（乾濕三分離＋夢百合零壓床墊親膚床品）:HK$537', '修竹.陽光大床房（門口獨立小花園＋乾濕三分離＋親膚床品夢百合零壓床墊＋帝王衞浴智能馬桶）:HK$556', '悟言雅緻觀景雙床間:HK$685']"
駢馬西行民宿（六星街景區店）,9.1,"['標準雙人房:HK$640', '舒適大床房:HK$686', '豪華大床房:HK$716']"
伊寧伊景酒店（六星街景區店）,9.3,"['樂享時光雙床房|零壓床品+中央空調+KOHLER衞浴:HK$546', '輕享時光雙床房|零壓床品+中央空調+KOHLER衞浴:HK$589', '輕享時光大床房 | 零壓床品+中央空調+KOHLER衞浴+迷你吧:HK$610', '臻享時光雙床房 | 零壓床品+中央空調+KOHLER衞浴:HK$780']"
星程酒店（伊寧寧遠路中苑新城店）,9.8,"['高級雙床房:HK$773', '高級大床房:HK$794', '家庭房:HK$854', '豪華套房:HK$945']"
伊寧市行政服務中心亞朵酒店,9.7,"['高級大床房（全屋智能+投屏）:HK$896', '高級雙床房（全屋智能+投屏）:HK$924', '幾木大床房（深睡RPO+全屋智能+迷你冰箱+投屏）:HK$1,005', '幾木套房（深睡RPO+全屋智能+迷你冰箱+投屏）:HK$1,157', '幾木親子雙床房（深睡RPO+全屋智能+迷你冰箱+投屏）:HK$1,346']"
肆享星辰民宿（伊寧六星街店）,9.6,"['迷你特惠大床房（空間小+零圧床墊+投影+空調）:HK$589', '半地下特惠大床房（窗户小+零圧床墊+投影空調）:HK$589', '半地下舒適雙床房（窗户小+零圧床墊+投影空調+乾濕分離）:HK$727', '半地下舒享大床房（窗户小+零圧床墊+投影空調+乾濕分離）:HK$727']"
伊寧舒途慢舍民宿,9.3,"['標準園景雙床房:HK$249', '標準園景大床房:HK$249', '舒適河景大床房:HK$325', '舒適園景家庭房:HK$358']"
與君初相識民宿（伊寧機場伊寧火車站店）,9.6,"['青嶼-雅緻雙床房【高清投影】:HK$261', '楓丹悦享大床房【高清投影】:HK$261', '沐風-雅緻大床房【高清投影】:HK$310', '尋歡-温馨親子間【高清投影】:HK$335']"
美伊天酒店（伊寧萬容廣場店）,9.5,"['惠｜選雙床房（全屋智能+新風+超大美容鏡+中央空調）:HK$491', '惠｜選大床房（全屋智能+新風+超大美容鏡+中央空調）:HK$503', '甄選大床房（全屋智能+新風+超大美容鏡+中央空調）:HK$539', '甄選雙床房（全屋智能+新風+超大美容鏡+中央空調）:HK$557']"
霍城晴木民宿,9.8,"['鄉村•拾光花田庭院露台浪漫大床房:HK$550', '鄉村•繁星花田庭院露台浪漫大床房:HK$550', '鄉村•覓友花田庭院露台雙床房:HK$550', '鄉村•沐光花田雲杉實木温馨親子房:HK$677']"
胡楊問道民宿,9.2,"['優享大床房（零壓力床墊）:HK$295', '靜謐大床房（零壓力床墊）:HK$332', '黑白復古大床房（零壓力床墊）:HK$342', '豪華大床房（零壓力床墊）:HK$407']"
阿覓爾民宿（喀贊其民俗旅遊區店）,9.3,"['特價房:HK$340', '落霞.熱情浪漫單間:HK$473', '隨遇.舒適大床房:HK$525', '遇見.法式輕奢雙床房:HK$546']"
伊寧陳樸客棧,8.8,"['簡約標準間:HK$221', '簡約大床房:HK$221']"
民柳民宿（伊寧機場伊寧火車站店）,9.6,"['無憂·樂享標準間:HK$480', '好眠·優享親子房:HK$610', '自在·舒適三人間:HK$624', '旅途温馨·高級標間套房:HK$724']"
河伊的家民宿（伊寧六星街景區店）,9.7,"['精緻大床房（空間小+極米投影+智能馬桶+中央空調）:HK$698', '異域雙床房（極米投影+智能馬桶+中央空調+舒達床墊）:HK$862', '法式大床房（極米投影+智能馬桶+中央空調+舒達床墊）:HK$950', '温馨榻榻米房（極米投影+智能馬桶+中央空調+舒達床墊:HK$950']"
伊寧風旅河谷酒店（行政服務中心店）,8.9,"['河谷雙床房 |躺平自愈+深度睡眠+超大空間:HK$448', '伊河雙床房 |躺平自愈+深度睡眠+超大空間:HK$448', '河谷大床房丨躺平自愈+深度睡眠+超大空間:HK$467', '伊河大床房丨躺平自愈+深度睡眠+超大空間:HK$467']"
派酒店（伊寧解放路新時代廣場店）,8.7,"['惠選大床房:HK$246', '惠選雙床間（無窗）:HK$262', '商務大床房:HK$296', '商務雙床房:HK$313']"
小城外民宿,9.4,"['雅緻雙床房:HK$293', '民族風豪華木藝雙床房:HK$326', '民族風豪華木藝榻榻米家庭房:HK$350', '庭院清雅高級大床房:HK$365']"
鬱亭軒民宿（伊寧機場六星街景區店）,9.6,"['日照·榻榻米雙床（親膚床品+智能馬桶+空調）:HK$522', '竹影·零壓榻榻米雙床（零壓床墊+智能馬桶+空調）:HK$544', '晨露·温馨大床（懶人沙發+智能馬桶+空調）:HK$609', '暖陽·雅緻大床（零壓床墊+智能馬桶+空調）:HK$631']"
如家酒店（伊寧六星街解放路店）,8.9,"['大床房（投影大屏+祕園藏春+舒適靜謐）:HK$581', '商務大床房（電視投屏+品牌洗護+網紅徠芬）:HK$597', '舒適雙床房（乾濕分離+原木香韻+智能馬桶）:HK$615', '安心睡大床房（深度睡眠+亮鏡幻彩+網紅徠芬）:HK$685']"
桔子酒店（伊寧萬容廣場漢賓公園店）,9.5,"['高級大床房【夢百合床墊+冷藏小冰箱+小度智能音箱】:HK$539', '商務大床房:HK$567', '高級雙床房【夢百合床墊+冷藏小冰箱+小度智能音箱】:HK$586', '豪華大床房【夢百合床墊+冷藏小冰箱+小度智能音箱】:HK$586']"
伊寧環球港六星街錦瑞酒店,9.0,"['特惠·雙床房（舒適靜謐+舒睡床品+乾濕分離+超熱地暖+超熱熱水）:HK$541', '瑞享·大床房（舒睡床品+乾濕分離+地暖）:HK$567', '瑞享·雙床房（舒睡床品+乾濕分離+地暖）:HK$567', '錦夢·大床房（超大空間+舒睡床品+乾濕分離+地暖）:HK$636']"
全季酒店（伊寧福州路林則徐紀念館店）,9.6,"['大床房【小冰箱+電視投屏+拾趣茶具】:HK$571', '高級雙床房【小冰箱+電視投屏+拾趣茶具】:HK$591', '高級大床房【小冰箱+電視投屏+拾趣茶具】:HK$591', '商務大床房【小冰箱+電視投屏+拾趣茶具】:HK$630']"
伊寧市隱舍民宿,9.7,"['標準大床房:HK$228', '標準雙人間:HK$236', '三人間:HK$315', '親子三人房:HK$315']"
派酒店（伊寧解放路六星街店）,8.7,"['惠選大床房:HK$246', '惠選雙床間（無窗）:HK$262', '商務大床房:HK$296', '商務雙床房:HK$314']"
如家商旅酒店（伊寧機場溫州國際城店）,9.3,"['大床房:HK$386', '商務大床房:HK$433', '雙床房:HK$451', '家庭房:HK$489']"
伊寧市景雲亞丁酒店（伊犁河景區店）,9.5,"['高級雙床房（智能客控+乾濕分離）:HK$702', '雅緻大床房（觀景房+全玻璃幕牆+智能客控）:HK$702', '高級大床房（觀景房+落地窗+沙發+智能客控）:HK$753', 'Loft豪華大床房（闊景客廳+雙衞）:HK$892', '行政套房（獨立休息區+套房空間）:HK$892']"
你好酒店（伊寧伊犁州中醫院店）,9.8,"['大床房:HK$474', '高級大床房:HK$511', '雙床房:HK$520', '高級雙床房:HK$559']"
南遙酒店（伊寧站店）,8.9,"['時尚大床房:HK$469', '舒適雙床房:HK$497', '輕奢大床房:HK$549', '豪華雙床房:HK$619']"
吉宜酒店（伊寧北京路店）,8.8,"['吉辰•精選大床房:HK$220', '吉辰•優選大床房:HK$317', '吉刻大床房:HK$451', '吉宜家庭房:HK$470']"
