酒店名称,评分,房型价格列表
建國璞隱酒店（和田夜市團結廣場店）,9.5,"['詠蘭居大床房:HK$405', '凌霜居雙床房:HK$438', '暗香居大床房（智能小度+夢百合記憶床墊+小冰箱）:HK$438', '幽篁居雙床房（智能小度+夢百合記憶床墊+小冰箱）:HK$470', '清蓮居親子房（智能小度+夢百合記憶床墊+小冰箱）:HK$511']"
和田希爾頓歡朋酒店,9.7,"['舒適房-大床（全屋智能+舒達床墊+彼得羅夫洗護）:HK$461', '舒適房-雙床（全屋智能+舒達床墊+彼得羅夫洗護）:HK$461', '高級房-大床（全屋智能+舒達床墊+彼得羅夫洗護）:HK$491', '高級房-雙床（全屋智能+舒達床墊+彼得羅夫洗護）:HK$491', '豪華房-大床（全屋智能+舒達床墊+彼得羅夫洗護+浴缸）:HK$599']"
團城酒店（和田市團城景區店）,9.5,"['特惠雙床房:HK$244', '特惠大床房:HK$244', '舒適雙床房:HK$266', '舒適大床房:HK$266']"
銀星酒店（和田夜市店）,9.6,"['超值特惠房（採光視野好+加濕器）:HK$347', '雅緻大床房（採光視野好+加濕器+獨立空調+蕎麥枕）:HK$350', '浪漫大床房（採光視野好+加濕器+獨立空調）:HK$360', '雅緻雙床房（採光視野好+加濕器+獨立空調+蕎麥枕）:HK$373', '奢華商旅雙床房（採光視野好+加濕器+獨立空調）:HK$412']"
和田市之玉酒店（和田地區老夜市店）,9.2,"['商務大床房（窗+toto衞浴+獨立空調+旋轉防濺水龍頭）:HK$217', '商務雙床房（窗+toto衞浴+獨立空調+旋轉防濺水龍頭）:HK$218', '舒適大床房（窗+toto衞浴+獨立空調+旋轉防濺水龍頭）:HK$253', '之玉三人間:HK$256']"
麗呈花盛國際酒店（和田火車站店）,9.5,"['特惠大床房（全屋新風+全屋凈水+全屋智控+中央空調）:HK$329', '特惠雙床房（全屋新風+全屋凈水+全屋智控+中央空調）:HK$329', '高級大床房（大窗+全屋新風+全屋凈水+全屋智控）:HK$365', '高級雙床房（大窗+全屋新風+全屋凈水+全屋智控）:HK$365', '行政大床房（深睡床墊+全屋新風+全屋凈水+全屋智控）:HK$399']"
和田火車站烏魯木齊北路亞朵酒店,9.3,"['雅緻大床房【電視投屏+智能小杜+全屋客控+獨立院落】:HK$332', '高級大床房【電視投屏+智能小杜+全屋客控+獨立院落】:HK$358', '行政大床房【電視投屏+智能小杜+全屋客控+獨立院落】:HK$385', '高級雙床房【電視投屏+智能小杜+全屋客控+獨立院落】:HK$385', '行政雙床房【電視投屏+智能小杜+全屋客控+獨立院落】:HK$412']"
桔子酒店（和田城市廣場店）,9.7,"['高級大床房【金可兒床墊+65寸可投屏電視+恆温馬桶】:HK$352', '商務大床房【金可兒床墊+65寸可投屏電視+恆温馬桶】:HK$372', '高級雙床房【金可兒床墊+65寸可投屏電視+恆温馬桶】:HK$381', '商務雙床房【金可兒床墊+65寸可投屏電視+恆温馬桶】:HK$402']"
如家精選酒店（和田火車站店）,9.6,"['商務大床房（智能客控+可投屏65寸電視+電動加熱馬桶）:HK$325', '高級大床房（（夢百合床墊+可投屏65寸電視+徠風吹風機）:HK$334', '高級雙床房（夢百合床墊0壓枕+智能客控+徠風吹風機）:HK$351', '安心睡0壓大床房（夢百合床墊0壓枕+諾香空氣凈化機）:HK$376', '安心睡0壓雙床房（夢百合床墊0壓枕+諾香空氣凈化機）:HK$393']"
國玉大飯店（和田玉龍喀什河店）,9.5,"['民俗圓床房（智能聲控+零壓床墊）:HK$353', '玉龍河景觀雙床房（智能聲控+超大落地窗）:HK$403', '商務雙床房（智能聲控+零壓床墊）:HK$403', '玉龍河景觀大床房（智能聲控+超大落地窗）:HK$403', '豪華大床房（智能聲控+超大浴缸）:HK$412']"
維也納國際酒店（和田夜市甌越公館店）,9.6,"['特惠高級單人間（加濕器+人體工學椅子）:HK$355', '高級商務大床房（智能客控+超大床+空間大+加濕器）:HK$380', '特惠商務雙床房（加濕器+人體工學椅子）:HK$392', '豪華商務大床房（智能控+超大床空間大+加濕器潤體乳）:HK$405', '豪華商務雙床房（空間大+智能客控+採光好+加濕器）:HK$414']"
和田西湖國際大酒店,8.8,"['特價房:HK$260', '高級大床房:HK$282', '高級標準間:HK$282', '商務大床房:HK$316', '商務標準間:HK$317']"
九華玉龍酒店（和田夜市店）,9.4,"['雅緻大床房:HK$332', '健康大床房:HK$347', '健康雙床房:HK$354', '精緻大床房:HK$371', '陽光雙床房:HK$418']"
和田天王國際大酒店（和田團結廣場店）,9.3,"['天逸商務雙床房（採光好+藍牙音響+小冰箱）:HK$363', '天悦豪華大床房（小冰箱+藍牙音響+智能馬桶）:HK$363', '天瀾小套房（陶瓷大浴缸+智能馬桶+藍牙音響）:HK$374', '天熙豪華雙床房（陶瓷大浴缸+智能馬桶+藍牙音響）:HK$385', '天和三人間（智能馬桶+藍牙音箱+小冰箱）:HK$453']"
和天下國際酒店（和田夜市店）,9.2,"['特惠房:HK$277', '特惠雙床房（空間大+記憶床墊）:HK$310', '豪華雙人間（落地窗簾+超大空間）:HK$372', '行政單人間（超大空間+大沙發）:HK$393', '行政標準間（落地窗簾+超大空間）:HK$434']"
和田迎賓館,9.6,"['6#樓大床房 無電梯:HK$621', '6#樓標準間 無電梯:HK$621', '豪華大床房:HK$670', '豪華雙床房:HK$670', '湖景大床房:HK$697', '商務雙床房:HK$705']"
和田絲路迎賓酒店（和田夜市）,9.3,"['大床房:HK$370', '雙床房:HK$398', '親子家庭房:HK$604']"
和田杭程酒店（和田夜市店）,8.8,"['杭程零壓大床房:HK$167', '惠選雙床房:HK$169', '絲路財源大床房:HK$236', '拾玉舒眠雙床房:HK$236']"
漢庭酒店（和田火車站店）,9.8,"['高級大床房【喜臨門床墊+可投屏65寸電視+恆温馬桶】:HK$231', '高級雙床房【喜臨門床墊+可投屏65寸電視+智能馬桶】:HK$231', '商務大床房【喜臨門床墊+可投屏65寸電視+恆温馬桶】:HK$251', '商務雙床房【喜臨門床墊+可投屏65寸電視+恆温馬桶】:HK$251']"
全季酒店（和田昆岡機場迎賓路店）,9.7,"['大床房（金可兒床墊+智能馬桶+智慧投屏+智能音控）:HK$314', '雙床房（金可兒床墊+智能馬桶+智慧投屏+智能音控）:HK$323', '高級大床房（金可兒床墊+智能馬桶+智慧投屏+智能音控）:HK$343', '高級雙床房（金可兒床墊+智能馬桶+智慧投屏+智能音控）:HK$352']"
華豫國際酒店（和田夜市店）,8.8,"['特惠標準間（採光好+中央空調）:HK$192', '特惠大床房（採光好+中央空調）:HK$201', '韓式單間（採光好+中央空調）:HK$216', '豪華標房（採光好+中央空調）:HK$221', '豪華單房（採光佳）:HK$232']"
和田印象主題酒店（新夜市店）,9.2,"['高級迷你單間:HK$208', '高級迷你標間:HK$208', '印象主題圓床房丨 絲路文化:HK$230', '印象主題大床房丨 西域風情:HK$242']"
和田絲路印象精品酒店,9.6,"['智能商務標準間:HK$219', '智能優享大床房--小度全屋智能:HK$283', '智能優享標準間:HK$297', '智能優享豪華浴缸房--小度全屋智能:HK$340']"
和田玉洲和平大酒店,9.5,"['高級標準間:HK$217', '豪華標準間:HK$241', '豪華大床房:HK$313', '豪華親子套房:HK$411']"
錦江都城酒店（洛浦北京路店）,9.6,"['精緻雙床房:HK$288', '風雅雙床房:HK$315', '精緻商務房:HK$340', '風雅商務房:HK$366', '都會商務房:HK$391']"
錦江都城酒店（和田夜市團結廣場店）,9.5,"['特惠精緻商務房（智能客控+恆温馬桶+加濕器）:HK$323', '風雅商務房（智能客控+恆温馬桶+加濕器）:HK$343', '都會雙床房（智能客控+恆温馬桶+加濕器）:HK$425', '都會商務房（智能客控+恆温馬桶+加濕器）:HK$435', '温馨家庭房（智能客控+恆温馬桶+加濕器）:HK$436']"
全季酒店（和田火車站店）,9.6,"['大床房【金可兒床墊+智能馬桶+拾趣功夫茶具）:HK$335', '雙床房【金可兒床墊+法國精油洗護+拾趣功夫茶具】:HK$363', '高級大床房【金可兒床墊+法國精油洗護+拾趣功夫茶具】:HK$381', '高級雙床房【金可兒床墊+電視投屏+拾趣功夫茶具】:HK$400']"
名門麗呈華廷酒店（崑崙湖和田新夜市店）,9.3,"['高級雙床房丨都市麗景:HK$420', '豪華雙床房丨城市麗景:HK$448', '湖景雙床房丨俯瞰崑崙湖美景:HK$581', '湖景大床房丨俯瞰崑崙湖美景:HK$638', '行政院景標間丨高空城市夜景:HK$718']"
麗楓酒店（和田博物館夜市店）,9.4,"['豪華大床房（智能客控+慕斯床墊+空氣凈化器+水養香薰儀）:HK$279', '豪華雙床房（智能客控+慕斯床墊+水養香薰儀）:HK$296', '商務大床房（智能客控+慕斯床墊+空氣凈化器+水養香薰儀）:HK$304', '商務雙床房（智能客控+慕斯床墊+水養香薰儀）:HK$321']"
和田印象精品酒店（新夜市店）,9.3,"['高級迷你標間:HK$236', '高級迷你單間:HK$236', '歐式精品雙床房:HK$269', '歐式精品大床房:HK$269']"
Yunik電競酒店（和田火車站店）,9.9,"['電競高級雙床房（可投屏65寸電視+電動加熱馬桶+小冰箱）:HK$274', '電競高級大床房（夢百合床墊+可投屏65寸電視+小冰箱）:HK$292', '電競三人房（可投屏65寸電視+電動加熱馬桶+夢百合床墊）:HK$426', '電競四人房（夢百合床墊+可投屏65寸電視+電動加熱馬桶）:HK$479']"
和田約特幹故城·春花公社民宿,9.9,"['春花大床房:HK$928', '春花雙床房:HK$1,021', '春花高級大床房:HK$1,086', '春花高級雙床房:HK$1,086', '甄選豪華大床房:HK$1,207']"
和田約特幹故城·古城人家民宿,9.6,"['庭院大床房:HK$779', '庭院高級大床房:HK$835', '露台觀景大床房:HK$1,114', '露台觀景雙床房:HK$1,114', '露台觀景套房:HK$1,299']"
和田文華酒店,9.3,"['內景大床房:HK$198', '三人間:HK$444', '家庭親子房:HK$488']"
希岸Deluxe酒店（和田夜市川億店）,9.5,"['高級大床房（超大空間+加濕器+壁掛洗衣機）:HK$418', '豪華大床房（超大空間+加濕器+超美湖景）:HK$463', '豪華雙床房（超大空間+加濕器+超美湖景）:HK$463', '商務雙床房（超大空間+加濕器+超美湖景）:HK$482', '商務大床房（超大空間+浴缸+加濕器+超美湖景）:HK$482']"
和田夜市團結廣場美居酒店,9.3,"['高級大床房（mini吧+加濕器+智能客控+智能衞浴）:HK$563', '豪華大床房（mini吧+加濕器+智能客控+智能衞浴）:HK$592', '嘉賓大床房（mini吧+加濕器+智能客控+智能衞浴）:HK$623', '豪華雙床房（mini吧+加濕器+智能客控+智能衞浴）:HK$623', '嘉賓雙床房（mini吧+加濕器+智能客控+智能衞浴）:HK$653']"
希岸酒店（和田夜市博物館店）,9.4,"['希岸大床房（智能客控）:HK$277', '希岸雙床房（落地窗+智能客控+城市街景）:HK$312', '希岸豪華大床房（落地窗+智能客控+城市街景）:HK$335', '希岸豪華雙床房（超大空間+智能客控）:HK$367']"
和田金鷹國際大酒店（團結廣場店）,9.0,"['商務標間:HK$315', '商務大床:HK$337', '行政標間:HK$376', '行政大床:HK$391', '超級大床Plus:HK$414']"
乾元國際酒店（和田夜市店）,9.3,"['內景單間:HK$419', '商務單間:HK$461', '商務標間:HK$497', '行政單間:HK$508', '行政標間:HK$533']"
和田和璽酒店,9.3,"['商務大床房:HK$303', '豪華大床房:HK$304', '影視大床房:HK$304', '豪華標準間:HK$304', '豪華三人間:HK$473']"
和田蓉城酒店,9.6,"['精品大床房:HK$349', '暖陽金輝大床房:HK$400', '精品雙床房:HK$427', '暖橘雙床房:HK$514']"
喆啡酒店（和田夜市店）,9.3,"['醇享大床房（超大床加濕器）:HK$291', '醇享雙床房（加濕器）:HK$299', '醇享生活大床房（超大床加濕器）:HK$308', '啡凡大床房（超大床加濕器）:HK$326']"
美達酒店（團城景區店）,9.3,"['夢百合瞬眠大床房（深睡枕+零壓床墊+親膚床品）:HK$381', '航旅舒居雙床房（深睡枕+零壓床墊+親膚床品）:HK$494', 'Loft豪華大床房（深睡枕+零壓床墊+親膚床品）:HK$621', '悦享層複式三人間（深睡枕+零壓床墊+親膚床品）:HK$629']"
麗庭酒店（和田玉都國際大巴扎店）,9.5,"['商務大床房（電視投屏+記憶枕+安心睡+採光視野好）:HK$259', '商務雙床房（電視投屏+記憶枕+安心睡+採光視野好）:HK$274', '高級大床房（電視投屏+記憶枕+安心睡+採光視野好）:HK$289', '高級雙床房（電視投屏+記憶枕+安心睡+採光視野好）:HK$304']"
潮漫酒店（和田團結廣場店）,9.4,"['漫享高級雙床房:HK$302', '漫享高級大床房:HK$347', '温馨親子套房:HK$468', '行政套房:HK$479']"
甌越國際酒店,9.1,"['豪華單人房:HK$338', '豪華雙床房:HK$338', '豪華三人間:HK$443', '豪華家庭房:HK$519']"
崑崙郎國際酒店（于田店）,9.5,"['雅緻雙床房+全景落地窗:HK$277', '觀景大床房+全景落地窗:HK$286', '觀景雙床房+全景落地窗:HK$295', '雅緻大床房+全景落地窗:HK$297', '有愛家庭套房+全景落地窗+加濕器:HK$516']"
格林豪泰酒店（和田玉都批發市場店）,9.0,"['商務雙床房:HK$221', '商務大床房:HK$231', '豪華雙床房:HK$250', '高級大床房:HK$260']"
和田賓館,9.3,"['特價房:HK$205', '商務標間（1號樓）:HK$344', '豪華單間（2號樓）:HK$436', '豪華標間（2號樓）:HK$436']"
和田華雅酒店,8.9,"['經濟標間:HK$204', '特價大床房:HK$214', '商務標間:HK$242', '商務大床房:HK$242']"
