酒店名称,评分,房型价格列表
哈爾濱瑤遇民宿（中央大街紅專街早市店）,9.5,"['特惠大床房:HK$230', '温馨大床房:HK$242', '陽光大床房:HK$277', '商旅雙人間:HK$300']"
和頤至尚酒店（哈爾濱火車站博物館地鐵站店）,9.4,"['商務大床房A:HK$196', '雙床房A:HK$213', '大床房:HK$213', '商務大床房:HK$221', '高級雙床房:HK$281']"
金爵精品酒店（哈爾濱西站萬達廣場店）,9.5,"['影音大床房（100寸投影）:HK$220', '輕奢城景大床房（觀景台）:HK$307', '輕奢城景雙床房（沙發）:HK$319', '精奢觀景大床房（沙發）:HK$341', '陽光親子家庭房（小童休憩沙發區）:HK$395']"
尚景酒店（哈爾濱火車站中華巴洛克老道外文化區店）,9.0,"['尚景丨靜眠大床房:HK$195', '尚景丨靜眠雙床房:HK$205', '尚逸丨商務大床房:HK$211', '尚逸丨商務雙床房:HK$223']"
雲朵酒店（哈爾濱太平國際機場店）,9.3,"['精緻雙床房【智能馬桶+明亮視野】:HK$219', '精緻大床房【智能馬桶】:HK$227', '雅緻雙床房【智能馬桶+腿足按摩器+80織抗菌親膚布草】:HK$240', '雅緻大床房【智能馬桶+零壓記憶棉床墊+腿足按摩器】:HK$248', '輕奢大床房【零壓記憶棉床墊+智能馬桶+腿足按摩器】:HK$272']"
柏悦酒店（哈爾濱西站哈西萬達廣場店）,9.0,"['精品標準間（全屋智能+乾濕分離+智能馬桶+零壓床墊）:HK$216', '優享大床房（全屋智能+乾濕分離+智能馬桶+零壓床墊）:HK$315', '優選大床房（全屋智能+乾濕分離+智能馬桶+零壓床墊）:HK$315', '豪華大床房（全屋智能+乾濕分離+智能馬桶+零壓床墊）:HK$424']"
鋭恆酒店（哈爾濱冰雪大世界融創樂園店）,9.7,"['無窗特惠房:HK$156', '特惠大床房:HK$199', '情侶輕奢大床房:HK$208', '投影大床房:HK$217']"
暮冬青年旅舍（哈爾濱中央大街店）,9.7,"['智選街景大床房（慕思零壓床墊+新風+智能客控）:HK$387', '智選街景標準間（雅蘭零壓床墊+新風+智能客控）:HK$387', '甄選中央大街景緻大床房（慕思零壓床墊+新風+智能客控）:HK$432']"
安航假日賓館（哈爾濱太平機場店）,9.4,"['特惠大床房（零壓床墊+冷暖空調）:HK$193', '標準雙人間（明亮大窗+鴨絨被+智能門鎖+冷暖空調）:HK$230', '豪華大床房 （明亮大窗+零壓床墊+冷暖空調）:HK$230', '智能語音標間（智能客控+零壓床墊+冷暖空調）:HK$249']"
天天假日hotel公寓（中央大街索菲亞教堂店）,8.9,"['假日·特惠大床房（茶具+小米空調+小米吹風機）:HK$290', '假日· 特價雙床房（茶具+小米空調+小米吹風機）:HK$290', '假日·舒適大床房（小冰箱+茶具+小米空調）:HK$361', '假日·標準雙人間（茶具+小米空調+小米吹風機）:HK$432']"
葉之藍主題公寓（哈西萬達店）,9.6,"['北歐清新投影房:HK$334', '遊戲機大床房:HK$339', '原木日式主題房:HK$342', '摩洛哥大床房:HK$343']"
如家商旅酒店（哈爾濱火車站地鐵站店）,9.7,"['大床房:HK$279', '雙床房:HK$295', '商務大床房:HK$295', '高級大床房:HK$337']"
如家酒店·neo（哈爾濱漢水路會展中心地鐵站店）,9.7,"['大床房A（手機投屏）:HK$256', '雙床房A（手機投屏）:HK$264', '大床房（手機投屏）:HK$281', '商務大床房（手機投屏）:HK$299']"
哈爾濱東龍大酒店,8.9,"['經濟標間（公共衞浴）:HK$249', '尚居大床房:HK$324', '單人間（無窗）:HK$324', '經濟三人間（公共衞浴）:HK$358', '標準間B:HK$369']"
輕域酒店（哈爾濱火車站機場巴士站店）,9.3,"['標準雙床房:HK$179', '高級雙床房:HK$257', '高級大床房:HK$286', '城景雙床房:HK$315']"
魔方公寓（哈爾濱中央大街索菲亞教堂店）,9.1,"['特惠大床房:HK$201', '觀江大床房:HK$262', '豪華大床房:HK$295', '家庭雙床4人房:HK$393']"
慧庭國際酒店（哈爾濱火車站地鐵站店）,9.6,"['温馨標準間:HK$234', '温馨大床房:HK$256', '温馨家庭房:HK$280', '商務標準間:HK$305']"
維也納酒店（哈爾濱太平國際機場店）,9.6,"['高級大床房（智能客控）:HK$245', '高級雙床房（智能客控）:HK$245', '豪華大床房（智能客控）:HK$270', '豪華雙床房（智能客控）:HK$270']"
如家驛居酒店（哈爾濱和興路中醫葯大學店）,9.2,"['商務大床房:HK$174', '雙床房:HK$174', '高級雙床房:HK$192', '高級大床房:HK$192']"
哈爾濱中央大街華宿怡舍精品酒店（聖索菲亞教堂店）,9.5,"['智選大床房（智能客控+新風系統+65寸投屏電視+乳膠枕）:HK$327', '精選大床房（智能客控，65寸投屏電視，乳膠枕）:HK$348', '豪華大床房（智能客控，65寸投屏電視，乳膠枕）:HK$369', '豪華雙床房（智能客控，65寸投屏電視，乳膠枕）:HK$390']"
思漫民宿（哈爾濱西站城鄉路地鐵站店）,9.8,"['思漫好眠大床房:HK$216', '巨幕影音投影大床房（戴森吹風機）:HK$252', '浪漫情侶浴缸大床房:HK$288', '家庭雙床四人房:HK$324']"
藍天酒店（哈爾濱太平國際機場店）,9.6,"['尊享雙床房（智能客控+智能馬桶+乾濕分離）:HK$283', '尊享大床房（智能客控+智能馬桶+乾濕分離）:HK$283', '行政大床房（智能客控+智能馬桶+乾濕分離）:HK$304', '尊享家庭房（智能客控+智能馬桶+乾濕分離）:HK$359']"
悠融酒店（哈爾濱會展中心龍塔店）,8.8,"['悠悦雅緻雙床房（安靜且舒適）:HK$285', '悠選經典大床房（寬敞＋明亮）:HK$339', '悠選經典雙床房（寬敞＋明亮）:HK$339', '悠享商務大床房:HK$394', '悠享商務雙床房:HK$394']"
無同酒店（樂松廣場店）,9.2,"['日光大床房[百寸巨幕+零圧床墊+中央空調+24小時新風]:HK$206', '日光雙床房[百寸巨幕+零圧床墊+中央空調+24小時新風]:HK$221', '雅緻大床房[百寸巨幕+零圧床墊+中央空調+24小時新風]:HK$227', '雅緻雙床房[百寸巨幕+零圧床墊+中央空調+24小時新風]:HK$227']"
錦之星酒店（哈站南廣場醫大四院店）,9.2,"['商務大床房:HK$170', '精選雙床房:HK$184', '精選大床房:HK$191', '精選家庭房:HK$227']"
潮漫酒店（哈爾濱火車站機場巴士站店）,9.3,"['品質欣選大床房:HK$279', '品質欣選雙床房:HK$294', '品質致選大床房:HK$310', '品質致選雙床房:HK$310']"
君辰酒店（哈爾濱西站萬達廣場店）,9.5,"['特惠大床房（全屋智能+零壓床墊+記憶枕+投屏電視）:HK$215', '舒適大床房（乾濕分離+零壓床墊+記憶枕+投屏電視）:HK$248', '躺平大床房（全屋智能+零壓床墊+記憶枕+投屏電視）:HK$261', '智能尊享大床房（乾濕分離+零壓床墊+記憶枕+投屏電視）:HK$307']"
荷塘漁村酒店（哈爾濱太平國際機場店）,9.7,"['舒適標準間:HK$216', '舒適大床房:HK$216', '豪華大床房:HK$238', '豪華家庭套房:HK$315']"
尚如酒店（哈爾濱西站西廣場城鄉路地鐵站店）,9.7,"['雅緻大床房:HK$392', '高級大床房:HK$405', '高級雙床房:HK$405', '行政大床房:HK$425', '行政家庭房:HK$425']"
楓棲酒店（哈爾濱火車站地鐵站店）,8.6,"['楓棲單人間:HK$177', '楓棲大床房:HK$207', '楓棲雙床房:HK$207', '商務雙床房:HK$236']"
哈爾濱行宿青年旅舍（中央大街店）,9.1,"['行宿大床房-空調:HK$192', '行宿家庭房-空調:HK$214']"
江灣大酒店（中央大街人民防洪勝利紀念塔遊客服務中心店）,8.3,"['惠享·舒適大床房:HK$109', '惠享·舒適雙床房:HK$120', '江灣·豪華大床房:HK$131', '江畔·江景大床房:HK$141']"
理想假日酒店（中央大街步行街哈站北廣場店）,8.9,"['逸居丨負一大床房（通透採光+舒睡床墊+臻選品質）:HK$182', '逸居丨負一雙床房:HK$188', '逸居丨負一家庭房（舒睡床墊+通透採光+臻選品質）:HK$201', '温馨丨親子家庭房（通透採光+舒睡床墊+臻選品質）:HK$265']"
哈爾濱繁花百合酒店（哈工業大學師大夜市店）,9.8,"['花裏·隱逸 | 靜謐大床房（慕思床墊+智能⻢桶+加濕器）:HK$426', '花喜·枕夢 | 舒眠大床房（慕思床墊+智能⻢桶+徠芬風機）:HK$492', '花伊·初見 | 舒眠雙床房（慕思床墊+智能⻢桶+徠芬風機）:HK$502', '花滿·不晚 | 享眠雙床房（慕思床墊+智能⻢桶+加濕器）:HK$525', '花夢·莫奈 | 奢眠大床房（慕思床墊+智能⻢桶+加濕器）:HK$578']"
哈爾濱悅佳季酒店（師大夜市學府路地鐵站店）,8.7,"['舒眠安靜大床房:HK$185', '悦享雅緻大床房:HK$217', '悦享雅緻雙床房:HK$250', '臻享商務大床房:HK$283']"
漫居精品民宿（融創茂店）,9.4,"['輕奢loft雙床房:HK$289', '輕奢loft大床榻榻米多人家庭房:HK$370', '輕奢loft麻將四人房:HK$370', '輕奢loft三床多人家庭房:HK$415']"
和興電競賓館（哈爾濱中華巴洛克街區地鐵站店）,9.2,"['精品大床房（55寸電視+乾濕分離+酒店公區提供自助洗衣機）:HK$228', '精品雙床房（55寸電視+乾濕分離+酒店公區提供自助洗衣機）:HK$250', '電競大床房（55寸電視+乾濕分離+酒店公區提供自助洗衣機）:HK$272', '電競雙床房（上下鋪）（55寸電視+乾濕分離+酒店公區提供自助洗衣機）:HK$298']"
錦江之星酒店（哈爾濱火車站店）,9.1,"['星悦高級大床房:HK$281', '星選高級雙床房:HK$311', '星選標準家庭房:HK$311', '星悦標準大套房:HK$327']"
祿馬酒店（哈爾濱工程大學地鐵站店）,9.5,"['雅緻大床房:HK$323', '雅緻雙床房:HK$323', '豪華大床房:HK$384', '豪華雙床房:HK$384', '商務大床房:HK$436']"
哈爾濱望岳輕呈公寓（融創樂園世茂大道地鐵站店）,8.8,"['望江·影音大床房（百寸幕布+乾濕分離+松花江美景）:HK$314', '望心·臻選大床房（品牌電視+零壓床品+乾濕分離）:HK$314', '望安·優品大床房（品牌電視+零壓床品+乾濕分離）:HK$314', '望江·歡享浴缸大床（百寸幕布定製浴缸+松花江美景）:HK$326']"
紫居民宿（江畔路店）,9.2,"['灰度·一居室兩人間（高清巨幕觀影VIP）:HK$272', '天青·投影四人套房:HK$335', '昧粉•投影一居室四人間（套房可烹飪）:HK$335', '小院壹·二居室四人間（高清巨幕投影+冰箱+洗衣機）:HK$335']"
如家素柏·雲酒店（哈爾濱西站萬達廣場店）,9.4,"['公寓大床房:HK$239', '公寓雙床房:HK$239', '高級大床房:HK$266', '高級雙床房:HK$268']"
望岳輕呈酒店（哈爾濱西站城鄉路地鐵站店）,9.5,"['『輕呈』好運優選房（小冰箱+洗凈精靈）:HK$158', '『輕呈』雅緻大床房（小冰箱+洗凈精靈）:HK$169', '『輕呈』甄選大床房（智能客控+Minibar）:HK$180', '『輕呈』影音大床房（巨幕投影+智能客控）:HK$191']"
如家商旅酒店（哈爾濱會展中心地鐵站龍塔店）,9.8,"['商務大床房（手機投屏）:HK$358', '雙床房A（手機投屏）:HK$368', '高級大床房（手機投屏）:HK$386', '高級雙床房（手機投屏）:HK$413']"
哈爾濱臻途酒店（中央大街店）,9.3,"['融尚大床房:HK$275', '融尚雙床房:HK$275', '豪華大床房:HK$458', '豪華雙床房:HK$459', '融尚家庭房:HK$525']"
朵美酒店（哈爾濱火車站哈工大地鐵站店）,9.0,"['朵怡 | 畫棋榻榻米房:HK$295', '美怡 | 點墨大床房:HK$351', '逸品 | 閲川套房:HK$546']"
瑞爾畔酒店（中華巴洛克老道外文化區店）,8.4,"['特惠大床房:HK$277', '特惠雙床房:HK$284', '舒適大床房:HK$321', '精選商務大床房:HK$350']"
喜悦賓館（哈爾濱太平國際機場店）,9.3,"['標準間:HK$138', '舒適大床房:HK$148', '高級大床房:HK$155', '行政大床:HK$200']"
哈爾濱時光留宿（國際會展中心油坊街地鐵站店）,9.4,"['油畫投影大床房（高空景觀+影視VIP+120寸投影+冰箱+洗衣機+空調）:HK$230', '舒適大床房（冰箱+電視+洗衣機）:HK$244', '商務大床房（落地窗+空調+冰箱+洗衣機）:HK$244', '奶油ins.投影大床房（高空景觀+120寸投影+影視會員+空調+冰箱+洗衣機）:HK$272']"
東館商務酒店（哈爾濱中央大街店）,8.7,"['特價房:HK$234', '時尚榻榻米:HK$260', '精品榻榻米:HK$295', '豪華榻榻米:HK$348']"
