酒店名称,评分,房型价格列表
嘉興鴛湖旅社,9.6,"['高級大床房:HK$783', '豪華大床房:HK$860', '豪華雙人間:HK$937', '湖景大床房:HK$1,425', '園景套房:HK$2,089', '湖景套房:HK$2,210']"
烏鎮邇釉民宿,9.7,"['粉彩大床房:HK$577', '曜變大床房:HK$577', '鷓鴣大床房:HK$620', '玲瓏大床房:HK$620']"
嘉興希爾頓酒店,9.5,"['豪華大床客房:HK$621', '豪華雙床客房:HK$621', '無障礙房:HK$621', '行政雙床客房:HK$766', '行政大床客房:HK$766', '豪華雲端大床房:HK$782']"
嘉興中關村中山西路亞朵X酒店,9.6,"['高級大床房【深睡枕PRO＋深睡床墊】:HK$470', '高級雙床房【深睡枕PRO＋深睡床墊】:HK$470', '行政大床房【深睡枕PRO＋深睡床墊】:HK$510', '尊享雙床房【深睡枕PRO＋深睡床墊】:HK$550', '尊享大床房【深睡枕PRO＋深睡床墊】:HK$550']"
烏鎮堤上度假酒店,9.8,"['舒適標準房:HK$1,874', '舒適大床房:HK$1,874', '高級大床房:HK$2,068', '高級標間:HK$2,068', '豪華景觀標間:HK$2,523', '豪華景觀大床房:HK$2,523']"
嘉興月河客棧,9.4,"['月彩河景大床房:HK$393', '月彩河景雙床房:HK$393', '月華內街景雙床房:HK$468', '月華內街景大床房:HK$469', '月輝大床房:HK$557', '月輝雙床房:HK$557']"
嘉興戴夢得開元名都酒店（南湖店）,9.5,"['開元市景雙床房:HK$482', '開元市景大床房:HK$482', '高級市景雙床房:HK$611', '高級市景大床房:HK$611', '高級湖景雙床房:HK$740', '高級湖景大床房:HK$740']"
嘉興奢小曼酒店,9.8,"['高級大床房:HK$520', '高級雙床房:HK$520', '豪華精選大床房:HK$553', '豪華精選雙床房:HK$553', '豪華精選商旅房:HK$592']"
嘉興中山路江南摩爾亞朵酒店,9.6,"['高級大床房:HK$380', '高級雙床房:HK$399', '行政大床房:HK$447', '幾木大床房-亞朵星球深睡枕PRO+小冰箱:HK$450', '幾木雙床房-亞朵星球深睡枕PRO+小冰箱:HK$450']"
嘉興沙龍國際賓館（南湖景區店）,9.4,"['高級大床房:HK$330', '高級雙床房:HK$343', '商務雙床房:HK$386', '商務大床房:HK$389', '豪華雙床房:HK$482', '豪華家庭房:HK$534']"
烏鎮盛庭行館,9.7,"['盛庭高級大床房:HK$1,271', '盛庭豪華套房:HK$1,669', '盛庭豪華別墅:HK$7,790']"
烏鎮望津裏精品酒店,9.6,"['舒適標間:HK$1,132', '高級標間:HK$1,317', '舒適大床房:HK$1,317', '高級大床房:HK$1,438', '豪華標間:HK$1,438', '豪華大床房:HK$1,558']"
烏鎮通安客棧,9.6,"['通安民居樓標間:HK$1,113', '通安通寶樓標間B:HK$1,375', '1號樓標間B:HK$1,375', '通安通寶樓大床房B:HK$1,375', '通安通寶樓露台標間:HK$1,461', '通安通寶樓標間A:HK$1,461']"
漢庭酒店（嘉興秀洲高照店）,9.8,"['大床房:HK$199', '高級大床房:HK$218', '高級雙床房:HK$218', '商務大床房:HK$238']"
嘉興博雅花園酒店（南湖景區店）,9.3,"['商務雙床房:HK$391', '商務大床房:HK$391', '雅緻雙床房:HK$423', '雅緻大床房:HK$423', '豪華大床房:HK$478', '行政大床房:HK$489']"
嘉興萬豪酒店,9.6,"['豪華大床房:HK$729', '豪華雙床房:HK$729', '景觀大床房:HK$784', '景觀雙床房:HK$784', '全景大床房:HK$838', '行政大床房:HK$1,047']"
烏鎮宜園精品酒店,9.8,"['園林大床房:HK$1,438', '高級大床房:HK$1,660', '高級標準房:HK$1,660', '豪華大床房:HK$2,161', '行政套房:HK$2,718', '雙人浪漫套房:HK$2,718']"
嘉興佳源四季酒店,9.5,"['雅緻大床房:HK$406', '雅緻雙床房:HK$406', '高級大床房:HK$462', '高級雙床房:HK$462', '豪華大床房:HK$508', '豪華雙床房:HK$508']"
嘉興麥田•雅朵酒店（八佰伴購物中心月河歷史街區店）,9.7,"['躺平治癒大床房【智能客控】【輔熱馬桶】:HK$272', '谷語大床房（語音交互+輔熱馬桶）:HK$310', '沐晨雙床房（語音交互+輔熱馬桶）:HK$310', '跑來跑去超大床房（語音交互+輔熱馬桶）:HK$337']"
烏鎮枕水度假酒店,9.3,"['枕水特色大床房B:HK$1,288', '枕水高級標間:HK$1,288', '枕水豪華標間:HK$1,549', '枕水臨水標間:HK$1,549', '枕水大床房:HK$1,549', '枕水特色大床房A:HK$1,549']"
西塘牧月酒店,9.8,"['西苑大床房:HK$458', '西苑家庭房:HK$512', '園景大床房:HK$545', '園景雙床房:HK$545', '湖景大床房:HK$654']"
嘉興蘆蓆滙開元觀堂酒店,9.5,"['觀堂大床房:HK$696', '觀堂雙床房:HK$696', '雅居雙床房:HK$805', '逸居大床房:HK$914', '逸居雙床房:HK$914', '悦景庭院雙床房:HK$1,024']"
嘉興龍之夢大酒店,9.6,"['高級大床房:HK$404', '豪華商務大床房:HK$422', '豪華商務雙床房:HK$422', '豪華市景大床房:HK$617', '豪華市景雙床房:HK$617', '豪華湖景大床房:HK$653']"
嘉興福朋喜來登酒店,9.5,"['豪華大床房:HK$495', '豪華雙床房:HK$495', '豪華河景雙床房:HK$559', '豪華河景大床房:HK$559', '行政大床房:HK$749', '行政雙床房:HK$749']"
嘉興平湖亞朵酒店,9.8,"['高級大床房:HK$279', '高級雙床房:HK$309', '行政大床房:HK$367', '幾木大床房:HK$380', '行政雙床房:HK$491']"
海寧觀山湖酒店,9.4,"['浮生半日閑-園景高級大床房:HK$527', '春花秋月景-園景高級雙床房:HK$527', '詩酒好年華-園景豪華雙床房:HK$620', '書香滿門第-園景豪華大床房:HK$620']"
烏鎮昭明書舍,9.7,"['標準間:HK$1,419', '昭明大床房:HK$1,898']"
濮院時尚古鎮濮錦大酒店,9.4,"['濮錦雅緻大床房:HK$687', '濮錦雅逸標間:HK$687', '濮錦高級標間:HK$731', '濮錦高級大床房:HK$731', '衣舍高級標間:HK$731', '衣舍高級大床房:HK$731']"
全季酒店（嘉興秀湖公園店）,9.8,"['大床房:HK$290', '高級雙床房:HK$290', '高級大床房:HK$321', '商務雙床房:HK$321']"
嘉緣瑞庭酒店（烏鎮西柵景區店）,9.6,"['特價大床房:HK$326', '豪華大床房:HK$348', '雅緻雙床房（帶榻榻米）:HK$390', '陽台大床房:HK$391', '豪華雙床房:HK$392']"
嘉興南湖開元名庭酒店,9.6,"['名成高級大床房:HK$408', '名成豪華大床房:HK$430', '名成高級雙床房:HK$452', '名成豪華雙床房:HK$474', '名成商務大床房（含浴缸）:HK$495']"
烏鎮水巷驛,9.6,"['水巷驛大床房C:HK$938', '水巷驛大床房B:HK$1,200', '水巷驛標間B:HK$1,200', '水巷驛家庭房B:HK$1,986']"
嘉興南湖帕瑞思酒店,9.6,"['禾居·寵粉大床房「4K高清影視+觀地標夜景+隔音玻璃」:HK$258', '禾居·寵粉雙床房「4K高清影視+躺上就想睡+隔音玻璃」:HK$279', '禾居|商旅優眠雙床房「4K高清影視+躺上就想睡的枕頭+隔音玻璃」:HK$298', '禾居·商旅觀影大床房「4K高清影視+躺上就想睡的枕頭+隔音玻璃」:HK$298', '禾居·情侶約hig大床房「4K高清影視+觀地標夜景+隔音玻璃」:HK$353']"
全季酒店（嘉興南湖商務大道店）,9.7,"['大床房:HK$280', '雙床房:HK$301', '高級大床房:HK$311', '商務大床房:HK$351']"
嘉興湘家盪君瀾酒店,9.3,"['湘瀾雙床房:HK$742', '湘君大床房-帶浴缸:HK$775', '氧吧湘瀾雙床房:HK$791', '園景氧吧雙床房:HK$791', '園景氧吧大床房-帶浴缸:HK$833', '天樂親子房:HK$874']"
嘉興南湖桔子水晶酒店,9.8,"['高級雙床房（絲漣床墊+藍牙音響）:HK$381', '高級大床房（絲漣床墊+冰箱mini吧+藍牙音響）:HK$462', '豪華雙床房（絲漣床墊+藍牙音響）:HK$491', '豪華大床房（絲漣床墊+冰箱mini吧+藍牙音響）:HK$491', '商務大床房（絲漣床墊+冰箱mini吧+藍牙音響）:HK$541']"
嘉興清池温泉酒店,9.1,"['雅緻雙床房（無私湯）:HK$500', '高級温泉雙床房（私湯）:HK$663', '高級温泉大床房（私湯）:HK$696', '景觀温泉雙床房（私湯）:HK$729', '景觀温泉大床房（私湯）:HK$762', '豪華温泉大床房（私湯）:HK$882']"
烏鎮錦堂行館,9.8,"['錦堂行館庭院標間:HK$3,249', '錦堂行館庭院大床房:HK$3,249', '錦堂行館高級大床:HK$3,369', '錦堂行館豪華大床房:HK$3,806', '錦堂行館景觀大床房:HK$4,242', '錦堂行館家庭房:HK$4,352']"
錦江都城酒店（嘉興南湖店）,9.5,"['時尚商務房（小冰箱+手機投屏 ）:HK$239', '安舒雙床房（小冰箱+手機投屏 ）:HK$239', '精緻商務房（小冰箱+手機投屏 ）:HK$272', '精緻雙床房（小冰箱+手機投屏 ）:HK$272']"
濮院時尚古鎮梅尚度假酒店,9.6,"['高級標間:HK$1,465', '高級大床房:HK$1,465', '高級景觀標間:HK$1,614', '豪華標間:HK$1,614', '豪華大床房:HK$1,614', '豪華景觀標間:HK$1,762']"
嘉善雲瀾灣泓璟四季酒店,9.3,"['豪華景觀大床房:HK$1,080', '豪華景觀雙床房:HK$1,080', '行政温泉大床房:HK$1,320', '行政温泉雙床房:HK$1,320', '家庭温泉雙床房:HK$1,440', '豪華親子A大床房:HK$1,560']"
嘉興陽光雷迪森廣場酒店,9.5,"['高級大床房:HK$413', '高級雙床房:HK$413', '0壓高級大床房（0壓記憶枕+0壓床墊）:HK$461', '行政雙床房:HK$601', '行政大床房:HK$601', '豬豬俠親子房:HK$601']"
桐鄉慶豐南路亞朵酒店,9.8,"['高級大床房-慢回彈記憶枕:HK$380', '行政雙床房-慢回彈記憶枕:HK$380', '行政大床房-慢回彈記憶枕:HK$409', '幾木雙床房-亞朵星球深睡枕Pro+小冰箱:HK$450', '幾木大床房-亞朵星球深睡枕Pro+小冰箱:HK$470']"
宜尚酒店（嘉興秀湖南洋職業技術學院店）,9.8,"['標準大床房:HK$236', '商務大床房:HK$251', '豪華大床房:HK$267', '豪華雙床房:HK$274']"
鹽官潮樂之城宣德門酒店,9.4,"['高級雙床房:HK$1,090', '高級大床房:HK$1,177', '豪華雙床房:HK$1,177', '豪華大床房:HK$1,265', '庭院雙床房:HK$1,308', '河景高級大床房:HK$1,396']"
烏鎮見吾鄉·譚家棲巷自然人文村落（烏鎮西柵景區店）,9.6,"['譚家棲巷特惠房:HK$888', '沈家村居·典雅大床房:HK$1,072', '程家村居·舒適雙床房:HK$1,072', '沈家巷宿·景緻大床房:HK$1,290', '程家巷宿·家庭親子房:HK$1,290', '黃家後園·露台大床房:HK$1,506']"
烏鎮雲貝爾貴族酒店,9.7,"['智能精選大床房:HK$498', '智能精選標房:HK$498', '智能優選大床房（智能客控+乾衣架+德國高儀衞浴）:HK$563', '智能優選雙床房（智能客控+乾衣架+德國高儀衞浴）:HK$563', '智能甄選大床房（智能客控+乾衣架+雙台盆）:HK$628', '智能陽台雙床房（陽台+乾衣架+智能客控）:HK$628']"
平湖萬怡酒店,9.6,"['聽鳴大床房:HK$506', '聽鳴雙床房:HK$506', '隱廬大床房:HK$527', '隱廬雙床房:HK$527', '亭水大床房:HK$527']"
全季酒店（嘉興高鐵南站漁裏廣場店）,9.8,"['大床房:HK$271', '高級大床房:HK$289', '商務大床房:HK$317', '商務雙床房:HK$317']"
花嶼·陌野設計師酒店（烏鎮西柵景區南門店）,9.7,"['鄉舍·投影浴缸房:HK$431', '庭院·院台大床房:HK$481', '小築·吊椅親子房:HK$532', '大野·露台景觀房:HK$561']"
