酒店名称,评分,房型价格列表
全季酒店（塔城文化南路店）,9.7,"['高級大床房:HK$335', '高級雙床房:HK$335', '商務大床房:HK$372', '家庭房:HK$391']"
塔城昌南瓷文化湯泉酒店,9.4,"['商務標準間:HK$360', '全景豪華標準間:HK$392', '全景大床房:HK$414', '浴缸雙床房:HK$414']"
卓悦酒店（塔城卓悦百盛購物公園店）,9.5,"['精選雙床房:HK$304', '智能零壓雙床房:HK$348', '智能零壓大床房:HK$348', '商務智能雙床房（智能客控+零壓床墊+智能馬桶）:HK$413']"
額敏和旺酒店,8.7,"['輕享陽光大床房（小度客控+臨窗觀景+釋壓床墊）:HK$341', '精緻別雅大床房（小度客控+智能馬桶+臨窗觀景）:HK$369', '輕享陽光雙床房 （小度客控+臨窗觀景+釋壓床墊）:HK$393', '精緻別雅雙床房（小度客控+智能馬桶+臨窗觀景）:HK$421', '行政套房（小度客控+智能馬桶+臨窗觀景）:HK$708']"
塔城君御明城酒店,8.4,"['特價雙床房:HK$99', '特價大床房:HK$99', '普通標準間:HK$123', '普通大床房:HK$123']"
凱越星辰酒店,9.1,"['優享雙床房:HK$235', '輕享普通大床房:HK$258', '悦享高級大床房:HK$271', '2.4米豪華大床房:HK$342']"
都市花園酒店（額敏東街店）,8.5,"['酷角時尚大床房（零壓床墊+智能客控+乾濕分離）:HK$231', '花園尊享大床房（零壓床墊+智能客控+乾濕分離）:HK$289', '花園尊享雙床房（釋壓床墊+智能客控+乾濕分離）:HK$300', '電競開黑兄弟房（i7+4060+180HZ+32G+電競鼠標鍵盤）:HK$312']"
烏蘇渝龍大酒店,9.2,"['雙床房:HK$436', '大床房:HK$473', '豪華大床房:HK$510', '豪華三人間:HK$649', '豪華套房:HK$1,021']"
塔城仙橋賓館,8.8,"['特惠典雅雙床房:HK$262', '特惠典雅大床房:HK$271', '致雅雙床房:HK$329', '致雅大床房:HK$359']"
塔城獨秀大酒店,8.9,"['標準間:HK$304', '豪華標間:HK$315', '豪華大床房:HK$326', '智能標間:HK$326', '商務單間:HK$359']"
裕民裕福源大酒店,9.1,['特價房（無窗）:HK$164']
塔城萬象貴賓樓,8.9,"['茶藝套房:HK$220', '豪華大床房:HK$258', '商務標間:HK$258', '豪華套房:HK$400']"
西部春賓館,8.9,"['小標間:HK$209', '小單間:HK$209', '大單間:HK$246', '大標間:HK$283']"
額敏亞歐酒店,9.0,"['尊享雙床房（小度客控+零壓床墊）:HK$238', '尊享大床房（小度客控+零壓床墊）:HK$260', '行政豪華雙床房（小度客控+零壓床墊+智能馬桶）:HK$293', '行政豪華大床房（小度客控+零壓床墊+智能馬桶）:HK$306']"
塔城泉都酒店,9.2,"['特惠標準間:HK$240', '特惠大床房:HK$249', '精緻大床房:HK$277', '精緻標準間:HK$295']"
塔城友緣商務賓館,8.9,"['特惠標準房:HK$132', '豪華標準間:HK$206']"
馥景智慧酒店,9.1,"['智能大床房:HK$330', '智能標準間:HK$367']"
新疆天賜聖泉度假酒店,9.2,"['觀景大床房:HK$841', '觀景標準間:HK$841', '豪華套房:HK$1,387']"
額敏宜鑫大酒店,8.4,"['商務雙人房:HK$219', '商務單人房:HK$275']"
託裏蘭歐酒店,8.4,"['特惠雙床房「零壓床墊+明亮通透+舒心安睡」:HK$175', '商務雙床房「零壓床墊+潔凈温馨＋精緻睡眠」:HK$195', '商務大床房「零壓床墊+輕盈好夢+採光明亮」:HK$197', '尊享大床房「零壓床墊＋醇香美眠＋品質尊享」:HK$235']"
塔城西部大廈,9.2,"['普通標間:HK$228', '舒適標間:HK$290', '舒適三人間:HK$351', '豪華標間:HK$363']"
塔城黎興賓館,7.9,"['標準間:HK$114', '三人間:HK$138', '大床房:HK$138']"
額敏聖泉賓館,9.1,['精品四人間:HK$306']
山城賓館,9.5,"['標準大床房:HK$110', '標準雙床房:HK$110', '標準三人間:HK$171', '四人間:HK$191']"
和布克賽爾博鴻假日酒店,8.1,"['舒適標間:HK$398', '臻選豪華大床房:HK$407', '舒適大床房:HK$407', '臻選豪華標間:HK$411']"
烏蘇瑞華商務賓館,9.6,"['特價房:HK$85', '普通標間:HK$108', '標準小標間:HK$136', '豪華標間:HK$186']"
沙灣希悦酒店,8.8,"['特價房:HK$184', '經濟大床房:HK$206', '雅緻雙人間:HK$227', '温馨大床房:HK$260']"
西遊印象智能酒店,9.0,"['特價房:HK$344', '游泳觀景大床房:HK$348', '游泳觀景雙床房:HK$348', '奢華大床房:HK$398']"
烏蘇天一假日酒店,9.0,"['特價標間:HK$184', '普通標間:HK$293', '豪華標間:HK$315', '三人間:HK$336']"
烏蘇雲博酒店,9.3,"['舒適標間:HK$325', '單間:HK$344', '三人間:HK$375']"
沙灣海棠假日商務酒店,8.7,"['標準間:HK$173', '大床房:HK$184', '豪華大床房:HK$206', '豪華標準間:HK$206']"
烏蘇麗朵酒店,9.2,"['雅緻智能雙床房:HK$463', '雅緻智能大床房:HK$463', '麗景智能雙床:HK$491', '麗景智能大床房:HK$491']"
烏蘇滙海商務賓館,9.4,['舒適雙床房:HK$344']
沙灣明盛賓館,8.8,"['標間:HK$128', '大床房:HK$147', '三人套房:HK$277', '至尊套房:HK$277']"
恆悦賓館,7.9,"['舒適大床房:HK$173', '標準雙床房:HK$206', '豪華套房:HK$260']"
沙灣七星商務賓館,7.9,"['特惠大床房（無窗）:HK$120', '普通大床房:HK$131', '標準間:HK$133', '豪華標準間:HK$159']"
沙灣瑞都商務賓館,9.1,"['商務標間:HK$141', '豪華標準間:HK$163', '豪華大床房:HK$174', '商務三人間:HK$218']"
恰秀民宿,9.5,"['觀景豪華雙床房:HK$730', '露台大床房:HK$730', '露台雙床房:HK$730', '觀景豪華大床房:HK$770']"
沙灣銀利賓館,8.3,"['特惠大床房:HK$107', '特惠標準間:HK$119', '標準間:HK$140', '大床房:HK$140']"
沙灣七星賓館,8.7,"['特惠大床房:HK$111', '普通標準間:HK$125', '大床房:HK$125', '標準間:HK$125']"
烏蘇白楊溝獨庫小屋農家樂,8.0,"['標準雙床房:HK$305', '雅緻大床房:HK$314', '三人間:HK$370', '精緻四人間:HK$398']"
烏蘇名都商務賓館,7.8,['標準間:HK$129']
沙灣銀瑞河賓館,8.6,"['標準城景雙床房:HK$260', '高級河景大床房:HK$260', '行政城景套房:HK$610']"
花園酒店（希望路店）,7.5,"['大床房:HK$139', '標準雙床房:HK$139', '家庭房:HK$154', '套房:HK$285']"
烏蘇見山·Mountai view獨庫天路征服者獨山子驛站（獨庫公路店）,9.8,"['獨庫天路大床房:HK$1,111', '胡布茲│精緻雙卧室獨棟別墅│熱水+洗衣機+地暖:HK$1,156', '冬不拉│麻將三卧室山景別墅│全天熱水+洗衣機+地暖:HK$1,156']"
沙灣沙洲賓館,8.0,"['標準大床房:HK$107', '雙床房:HK$118']"
沙灣寶利來商務賓館,7.5,"['普通雙人房:HK$107', '標準雙人房:HK$140', '豪華雙人房:HK$151', '標準大床房:HK$151']"
石河子蟠桃商務賓館,9.3,"['普通標準間:HK$131', '大標準間:HK$151', '大床房:HK$151']"
同福旅館,6.3,"['單人間:HK$74', '標準雙人間:HK$96', '三人間:HK$118']"
沙灣鑫和諧商務賓館,6.4,"['標準間:HK$119', '單人間:HK$119', '三人房:HK$174', '豪華情侶套房:HK$185']"
沙灣鑫昌盛賓館,4.9,"['標準間:HK$111', '大床房:HK$128', '豪華標準間:HK$137', '三人間:HK$157']"
塔城希爾頓歡朋酒店,9.7,"['舒適大床房:HK$451', '舒適雙床房:HK$505', '高級大床房:HK$525', '豪華大床房:HK$563', '高級雙床房:HK$591']"
塔城地區貝拉賓館（領館街店）,9.3,"['高級雙床房:HK$391', '豪華大床房:HK$402', '豪華雙床房:HK$402', '行政雙床房:HK$621']"
鴻運賓館（軒轅路店）,10.0,"['舒適大床房:HK$109', '普通標間:HK$131', '舒適標間:HK$154', '舒適三人間:HK$164']"
盛達酒店,8.3,"['標準雙床房:HK$140', '大床房:HK$162', '套房:HK$353']"
