酒店名称,评分,房型价格列表
大慶寶利豐國際商務酒店,8.9,"['商務雙床房（德國朗樂福床墊·80織床品·智能客控）:HK$283', '商務大床（德國朗樂福床墊·80織床品·智能客控）:HK$305', '豪華大床房（德國朗樂福床墊·80織床品·智能客控）:HK$327', '商務套房（德國朗樂福床墊·80織床品·智能客控）:HK$371', '豪華套房（德國朗樂福床墊·80織床品·智能客控）:HK$489']"
大慶百湖城市酒店（聯想科技城石油大學店）,9.4,"['醇享輕奢大床房（慕思床墊+全屋智能客控+高空城景）:HK$282', '特價大床房（慕思床墊+高空城景）:HK$283', '醇享輕奢雙床房（慕思床墊+全屋智能客控+高空城景）:HK$294', '醇享超大床（慕思床墊+全屋智能客控+高空城景）:HK$294']"
大慶華溪酒店,9.5,"['舒適大床房:HK$252', '舒適雙床房:HK$273', '華享大床房:HK$306', '華享雙床房:HK$329']"
大慶東方金宸酒店,9.4,"['慕思標準雙床房·零壓記憶枕:HK$315', '慕思標準大床房·智能馬桶:HK$315', '禪意雙床房:HK$337', '禪意大床房:HK$337', '慕思豪華大床房·尊享浴缸:HK$392']"
大慶市大同區璟曼酒店,9.5,"['璟韻大床房【喜臨門床墊+全屋智能+米家加濕器+徠芬電吹風】:HK$252', '璟韻雙床房【喜臨門床墊+全屋智能+全屋凈水+米家加濕器】:HK$252', '璟韻親子房【喜臨門床墊+全屋智能+鴨絨被/枕+徠芬電吹風】:HK$348', '璟韻精選大床房【喜臨門床墊++全屋凈水+徠芬電吹風】:HK$348', '璟呈豪華套房【喜臨門床墊+客卧分離+米家加濕器+mini小冰箱】:HK$470']"
大慶瓏達酒店（黎明湖店）,9.6,"['悦居大床房:HK$358', '悦居雙床房:HK$358', '悦享豪華大床房:HK$457', '悦居親子房:HK$489', '悦享陽光家庭套房:HK$648']"
大慶華宿·雲泊精品酒店（東站店）,9.3,"['雲闕·輕漾大床房（零壓床墊+記憶棉枕+智能客控）:HK$327', '雲曦·雅瀾大床房（記憶棉枕+戴森吹風機+尊享浴缸）:HK$392']"
萬達春天商務酒店（大慶薩爾圖萬達廣場店）,9.3,"['商務大床房:HK$228', '商務雙床房·智能馬桶:HK$266', '豪華大床房·智能馬桶:HK$278', '家庭房·智能馬桶:HK$315']"
大慶GAGA酒店（大慶人民醫院店）,9.5,"['黑金大床房:HK$391', '黑金豪華大床房:HK$424', '行政商務雙床房:HK$533', '豪華家庭套房:HK$533']"
漢庭酒店（大慶新村大學店）,9.7,"['高級大床房:HK$255', '雙床房:HK$264', '家庭房:HK$293']"
橙居智慧酒店（讓胡路萬達廣場師範學院店）,9.4,"['橙享-優享大床房（零壓床墊-智能客控-智能馬桶-冰箱）:HK$250', '橙享-優享雙床房（零壓床墊-智能客控-智能馬桶-冰箱）:HK$259']"
大慶棲雅酒店（薩爾圖黎明湖店）,9.8,"['惠享大床房［零壓床墊＋全屋智能＋軟飲］:HK$244', '智享大床房［全屋智能＋mini冰箱＋記憶枕］:HK$288', '奢享大床房［智能客控＋零壓床墊＋辦公桌］:HK$311', '尊享觀湖大床房［觀湖景觀＋全屋智能＋浴衣］:HK$331']"
漢庭酒店（大慶東站人民醫院南院店）,9.6,"['大床房:HK$252', '高級雙床房:HK$252', '高級大床房:HK$271', '家庭房:HK$280']"
大慶谷愛精品酒店（大慶西站景園公園店）,9.0,"['優享大床房（零壓床墊+智能客控+小度音響）:HK$213', '雅緻大床房（零壓床墊+智能客控+小度音響）:HK$295', '豪華大床房（零壓床墊+智能客控+小度音響）:HK$342', '自然雙床房（零壓床墊+智能客控+小度音響）:HK$371']"
大慶梵星·傑雅酒店（薩爾圖萬達廣場店）,9.7,"['標準雙床房「慕思床墊·全屋智能·徠芬電吹風·速熱飲水機」:HK$326', '標準大床房「慕思床墊·全屋智能·零壓記憶枕·Mini小冰箱」:HK$338', '商務大床房「慕思床墊·全屋智能·可視對講·靜音加濕器」:HK$381', '豪華大床房「慕思床墊·全屋智能·深泡浴缸·智能馬桶」:HK$447']"
全季酒店（大慶油田公司鐵人廣場店）,9.7,"['高級大床房:HK$355', '商務大床房:HK$383', '豪華雙床房:HK$383', '套房:HK$2,068']"
大慶卡迪雅酒店,9.2,"['靜謐大床房:HK$260', '尊享標準房:HK$260', '雅萱標準房:HK$401', '尊享大床房:HK$401', '尊享親子房:HK$426']"
漢庭酒店（大慶薩爾圖萬達廣場店）,9.6,"['高級大床房A:HK$277', '雙床房:HK$277', '高級大床房:HK$296', '家庭房:HK$296']"
繽紛智選酒店（大慶油田公司鐵人廣場店）,9.4,"['青陽·大床房:HK$191', '夏清·高級大床房:HK$207', '朱明·雙床房:HK$207', '繽紛·舒壓大床房:HK$229']"
歐麗智能酒店（大慶萬達廣場店）,9.5,"['輕奢大床房（超清投影120寸+獨立音響+智能燈+遮光窗簾+智能門鎖+騰訊VIP）:HK$169', '魔法屋IHC·高級大床房（智能客控+極米超清120寸+智能遮光窗簾+乳膠床墊+乳膠枕+VIP）:HK$176', '雲之尚·影音大床房【全屋智能】4K投影120寸+斯林柏蘭乳膠床墊+智能空調+智能三色燈+智能遮光窗簾+VIP:HK$202', '天使之翼·温馨大床房【全屋智能】4K投影120寸+智能空調+頂配智能馬桶+智能花灑+智能穿衣鏡+遮光窗簾+VIP:HK$235']"
漢庭酒店（大慶東站客運樞紐店）,9.5,"['高級大床房:HK$252', '雙床房:HK$252', '家庭房:HK$280', '套房:HK$299']"
大慶御楓酒店（薩爾圖黎明湖店）,9.7,"['御享·舒壓寧靜大床房:HK$334', '御享·舒壓寧靜雙床房:HK$360', '御奢·甄選浴缸大床房:HK$403', '御致·鉑亞浴缸大床房:HK$447', '御鉑·超享空間大床房:HK$491']"
大慶昊方諾富特酒店,8.9,"['高級大床房:HK$392', '高級雙床房:HK$392', '普通套房:HK$463', '行政大床房:HK$550', '行政雙床房:HK$605']"
大慶富力喜來登酒店,9.1,"['豪華雙床房:HK$762', '豪華大床房:HK$762', '尊貴豪華雙床房:HK$783', '尊貴豪華大床房:HK$783', '行政雙床房:HK$980', '行政大床房:HK$980']"
大慶吉祥凱悅商務酒店（大慶東站人民醫院店）,9.1,"['凱悦-特惠雙床房（零壓床墊-mini冰箱-獨享商務）:HK$250', '凱悦-精選雙床房（零壓床墊-mini冰箱-獨享商務）:HK$271', '凱悦-至選大床房（零壓床墊-mini冰箱-獨享商務）:HK$313', '凱悦-臻選一卧套房（零壓床墊-mini冰箱-獨享商務）:HK$699']"
元氣錦坤商務賓館（大慶眼科醫院店）,9.2,"['精品大床房（乳膠床墊+羽絲絨枕）:HK$187', '商務標間（乳膠床墊+羽絲絨枕）:HK$187', '觀影大床房（高清巨幕投影+零壓床墊+蕎麥枕+羽絲絨枕）:HK$199', '豪華觀影大床房（高清巨幕投影+零壓床墊+蕎麥枕+羽絲絨枕）:HK$214']"
全季酒店（大慶東站人民醫院南院店）,9.9,"['高級大床房:HK$378', '高級雙床房:HK$378', '豪華雙床房:HK$398', '家庭房:HK$419']"
勃格優美酒店（大慶聯想科技城店）,9.7,"['優悦|精緻大床房『智能客控+65寸巨幕投屏』:HK$258', '優雅|豪華大床房『智能客控+65寸巨幕投屏』:HK$305', '優美|尊享大床房『智能客控+65寸巨幕投屏』:HK$332', '優美|尊享標準間『智能客控+65寸巨幕投屏』:HK$332']"
全季酒店（大慶西站萬達廣場店）,9.6,"['高級大床房:HK$535', '商務大床房:HK$555', '高級雙床房:HK$564', '景觀大床房:HK$1,396']"
漢庭酒店（大慶新瑪特乘風大街店）,9.5,"['高級大床房:HK$305', '雙床房:HK$305', '商務大床房:HK$354', '家庭房:HK$394']"
漢庭酒店（大慶萬達鐵人廣場店）,9.6,"['大床房:HK$302', '高級大床房:HK$312', '雙床房:HK$369', '家庭房:HK$406']"
麗楓酒店（大慶經六街店）,9.6,"['標準大床房:HK$320', '雅緻大床房:HK$355', '自在大床房:HK$382', '豪華大床房:HK$409']"
大慶勃格酒店（新瑪特店）,9.6,"['靜祕|大床房『舒睡床墊+迷你冰箱』:HK$111', '優選|大床房『舒睡床墊+迷你冰箱』:HK$129', '清新|巨幕影音房『舒睡床墊+迷你冰箱』:HK$141', '優選|精緻大床房『舒睡床墊+迷你冰箱』:HK$148']"
大慶極境電競酒店,9.1,"['普通電競標間（無窗）:HK$227', '電競標準間:HK$249', '温馨電競大床房[兩台電腦]:HK$249', '商務電競大床房[含兩台電腦]:HK$260']"
宜必思酒店（大慶昊方店）,8.7,"['大床房:HK$218', '高級大床房:HK$239', '高級雙床房:HK$239', '豪華大床房:HK$278']"
大慶摩碼賓館（黑龍江八一農墾大學店）,8.7,"['摩碼 | 高級大床房【舒適床墊+自然採光】:HK$181', '摩碼 | 高級雙床房【舒適床墊+自然採光】:HK$191', '摩碼 | 豪華大床房【獨立光纖+舒適沙發】:HK$222', '摩碼 | 行政套房【辦公桌椅+舒適沙發】:HK$760']"
全季酒店（大慶市政府薩爾圖萬達廣場店）,9.8,"['雙床房:HK$402', '高級大床房:HK$402', '高級雙床房:HK$412', '商務大床房:HK$412']"
大慶泰可商務賓館（讓胡路鐵人廣場店）,9.5,"['泰可丨特價大床房（無窗+瓶裝水）:HK$72', '泰可丨特惠大床房（無窗 + 瓶裝水）:HK$82', '泰可丨特惠雙床房（無窗 + 瓶裝水）:HK$82', '泰可丨優選雙床房（瓶裝水 + 獨立wifi）:HK$116']"
泰9酒店（大慶水晶店）,8.7,['套房:HK$295']
7天優品酒店Premium（大慶市政府萬達廣場店）,9.3,"['優品雙床房:HK$197', '優享大床房:HK$223', '優享雙床房:HK$240', '優品三人房:HK$343']"
智能萬千寵愛民宿（讓胡路萬達店）,8.8,"['小確幸大床房:HK$167', '唯美大床房:HK$185', '全智能温馨投影大床房:HK$185', '卡哇伊之戀投影大床房:HK$185']"
非繁城品酒店（大慶西站萬達廣場店）,9.5,"['特價大床房:HK$203', '温馨大床房:HK$228', '非繁高級大床房:HK$258', '非繁高級雙床房:HK$291']"
北舍民宿（大慶眼科醫院店）,9.6,"['精品大床房（冰箱+洗衣機+水+一次性拖鞋+一次性浴帽+護理包+卸粧水+身體乳+護髮素+有趣書籍）:HK$232', '奢華大床房2（冰箱+洗衣機+水+一次性拖鞋+一次性浴帽+護理包+卸粧水+身體乳+有趣書籍）:HK$234', '投影大床房B（冰箱+水+一次性拖鞋+卸粧水.身體乳+護髮素）:HK$252', '投影大床房C（冰箱+水+一次性拖鞋+一次性浴帽+護理包+卸粧水+身體乳+護髮素）:HK$252']"
臻圖蘭舍酒店（聯想科技城八一農墾大學店）,9.5,"['靜雅大床房【智能客控+零壓床墊+辦公桌椅】:HK$540', '靜雅雙床房【智能客控+零壓床墊+辦公桌椅】:HK$540', '輕奢大床房【智能客控+零壓床墊+辦公桌椅】:HK$617', '輕奢家庭雙床房【智能客控+零壓床墊+辦公桌椅】:HK$617']"
大慶季楓酒店（濱洲湖店）,9.2,"['雅緻丨湖景大床房（智能小度客控）:HK$374', '雅緻丨湖景雙床房（智能小度客控）:HK$374', '輕奢丨湖景大床房（智能小度客控）:HK$400', '輕奢丨湖景雙床房（智能小度客控）:HK$400']"
愛麗斯酒店（大慶新瑪特店）,8.8,"['枕悦私密大床房（全屋智能）:HK$203', '枕悦圓床房（全屋智能）:HK$222', '特惠雙床房:HK$222', '枕悦大床房X（全屋智能）:HK$278']"
大慶泰9智慧酒店,9.3,"['精選特惠房:HK$218', '高級大床房:HK$240', '商務雙床房:HK$311', '商務大床房:HK$316']"
大慶東方銘悦商務大酒店,9.3,"['智能精選大床房:HK$347', '智能商務大床房:HK$359', '智能豪華雙床房:HK$384', '智能豪華大床房:HK$384']"
大慶薇閣賓館（大慶東站店）,9.8,"['標準雙床房:HK$201', '浪漫影音房:HK$201', '零壓好眠大床房:HK$201', '標準娛樂套房:HK$226']"
大慶華宿雲上精品酒店（大商新瑪特店）,9.2,"['雲上·優享大床房（全屋智能客控+全自動洗衣機）:HK$277', '雲舍·輕奢雙床房（全屋智能客控+全自動洗衣機）:HK$277', '雲漫·輕奢大床房（全屋智能客控+全自動洗衣機+超大浴缸）:HK$464', '雲音·隱雅緻大床房（全屋智能客控+全自動洗衣機+超大浴缸）:HK$520', '雲享·尊享套房（全屋智能客控+超大浴缸）:HK$576']"
