酒店名称,评分,房型价格列表
大慶華溪酒店,9.6,"['舒適大床房:HK$252', '舒適雙床房:HK$274', '華享大床房:HK$306', '華享雙床房:HK$329']"
萬達春天商務酒店（大慶薩爾圖萬達廣場店）,9.3,"['商務大床房:HK$228', '商務雙床房·智能馬桶:HK$266', '豪華大床房·智能馬桶:HK$278', '家庭房·智能馬桶:HK$315']"
全季酒店（大慶油田公司鐵人廣場店）,10.0,"['高級大床房:HK$357', '商務大床房:HK$386', '豪華雙床房:HK$386', '套房:HK$574']"
大慶東方金宸酒店,9.4,"['慕思標準雙床房·零壓記憶枕:HK$315', '慕思標準大床房·智能馬桶:HK$315', '禪意雙床房:HK$337', '禪意大床房:HK$337', '慕思豪華大床房·尊享浴缸:HK$392']"
橙居智慧酒店（讓胡路萬達廣場師範學院店）,9.4,"['橙享-優享大床房（零壓床墊-智能客控-智能馬桶-冰箱）:HK$238', '橙享-優享雙床房（零壓床墊-智能客控-智能馬桶-冰箱）:HK$249']"
大慶希爾頓歡朋酒店,9.5,"['舒適大床房:HK$403', '高級雙床房:HK$403', '高級大床房:HK$442', '豪華大床房:HK$500', '豪華雙床房:HK$500']"
大慶龍辰華宿·雲泊酒店（東站店）,9.3,"['雲悦·優享大床房（零壓床墊+記憶棉枕+智能客控）:HK$283', '雲悦·優享雙床房（零壓床墊+記憶棉枕+智能客控）:HK$294', '雲舒·輕奢大床房（零壓床墊+記憶棉枕+智能客控）:HK$305', '雲闕·輕漾大床房（零壓床墊+記憶棉枕+智能客控）:HK$327', '雲享·雅緻大床房（記憶棉枕+戴森吹風機+尊享浴缸）:HK$360']"
大慶棲雅酒店（薩爾圖黎明湖店）,9.8,"['惠享大床房［零壓床墊＋全屋智能＋軟飲］:HK$219', '智享大床房［全屋智能＋mini冰箱＋記憶枕］:HK$271', '奢享大床房［智能客控＋零壓床墊＋辦公桌］:HK$293', '尊享觀湖大床房［觀湖景觀＋全屋智能＋浴衣］:HK$315']"
大慶谷愛精品酒店（大慶西站景園公園店）,9.0,"['優享大床房（零壓床墊+智能客控+小度音響）:HK$213', '雅緻大床房（零壓床墊+智能客控+小度音響）:HK$295', '豪華大床房（零壓床墊+智能客控+小度音響）:HK$342', '自然雙床房（零壓床墊+智能客控+小度音響）:HK$372']"
繽紛智選酒店（大慶油田公司鐵人廣場店）,9.4,"['青陽·大床房:HK$191', '夏清·高級大床房:HK$207', '朱明·雙床房:HK$207', '繽紛·舒壓大床房:HK$229']"
大慶泰可商務賓館（讓胡路鐵人廣場店）,9.5,"['泰可丨特價大床房（無窗+瓶裝水）:HK$72', '泰可丨特惠大床房（無窗 + 瓶裝水）:HK$82', '泰可丨特惠雙床房（無窗 + 瓶裝水）:HK$82', '泰可丨優選雙床房（瓶裝水 + 獨立wifi）:HK$116']"
漢庭酒店（大慶東站客運樞紐店）,9.5,"['高級大床房:HK$252', '雙床房:HK$252', '家庭房:HK$281', '套房:HK$299']"
歐麗智能酒店（大慶萬達廣場店）,9.5,"['輕奢大床房（超清投影120寸+獨立音響+智能燈+遮光窗簾+智能門鎖+騰訊VIP）:HK$169', '魔法屋IHC·高級大床房（智能客控+極米超清120寸+智能遮光窗簾+乳膠床墊+乳膠枕+VIP）:HK$189', '雲之尚·影音大床房【全屋智能】4K投影120寸+斯林柏蘭乳膠床墊+智能空調+智能三色燈+智能遮光窗簾+VIP:HK$202', '天使之翼·温馨大床房【全屋智能】4K投影120寸+智能空調+頂配智能馬桶+智能花灑+智能穿衣鏡+遮光窗簾+VIP:HK$235']"
漢庭酒店（大慶薩爾圖萬達廣場店）,9.6,"['高級大床房A:HK$277', '雙床房:HK$277', '高級大床房:HK$296', '家庭房:HK$296']"
漢庭酒店（大慶東站人民醫院南院店）,10.0,"['大床房:HK$255', '高級雙床房:HK$255', '高級大床房:HK$274', '家庭房:HK$284']"
大慶寶利豐國際商務酒店,8.9,"['商務雙床房（德國朗樂福床墊·80織床品·智能客控）:HK$269', '商務大床（德國朗樂福床墊·80織床品·智能客控）:HK$291', '豪華大床房（德國朗樂福床墊·80織床品·智能客控）:HK$310', '商務套房（德國朗樂福床墊·80織床品·智能客控）:HK$372', '豪華套房（德國朗樂福床墊·80織床品·智能客控）:HK$489']"
大慶瓏達酒店（黎明湖店）,9.6,"['悦居大床房:HK$359', '悦居雙床房:HK$359', '悦享豪華大床房:HK$457', '悦居親子房:HK$490', '悦享陽光家庭套房:HK$649']"
智能萬千寵愛民宿（讓胡路萬達店）,9.0,"['卡哇伊之戀投影大床房:HK$116', '小確幸大床房:HK$117', '全智能温馨投影大床房:HK$138', '白色商務大床房:HK$148']"
漢庭酒店（大慶萬達鐵人廣場店）,9.6,"['大床房:HK$302', '高級大床房:HK$312', '雙床房:HK$369', '家庭房:HK$407']"
北國銀杉酒店（大慶東站人民醫院店）,7.5,"['北國特價房:HK$288', '慕思深睡-北國標準房:HK$313', '慕思深睡特大床房:HK$334', '北國休閑房:HK$336', '電競大床房:HK$336']"
漢庭酒店（大慶新村大學店）,9.8,"['高級大床房:HK$255', '雙床房:HK$264', '家庭房:HK$293']"
勃格優美酒店（大慶聯想科技城店）,9.7,"['優悦|精緻大床房『智能客控+65寸巨幕投屏』:HK$178', '優雅|豪華大床房『智能客控+65寸巨幕投屏』:HK$212', '優美|尊享大床房『智能客控+65寸巨幕投屏』:HK$233', '優美|尊享標準間『智能客控+65寸巨幕投屏』:HK$233']"
全季酒店（大慶東站人民醫院南院店）,9.9,"['高級大床房:HK$378', '高級雙床房:HK$378', '豪華雙床房:HK$398', '家庭房:HK$419']"
元氣錦坤商務賓館（大慶眼科醫院店）,9.2,"['精品大床房（乳膠床墊+羽絲絨枕）:HK$172', '商務標間（乳膠床墊+羽絲絨枕）:HK$172', '觀影大床房（高清巨幕投影+零壓床墊+蕎麥枕+羽絲絨枕）:HK$187', '豪華觀影大床房（高清巨幕投影+零壓床墊+蕎麥枕+羽絲絨枕）:HK$199']"
大慶梵星·傑雅酒店（薩爾圖萬達廣場店）,9.7,"['標準雙床房「慕思床墊·全屋智能·徠芬電吹風·速熱飲水機」:HK$326', '標準大床房「慕思床墊·全屋智能·零壓記憶枕·Mini小冰箱」:HK$338', '商務大床房「慕思床墊·全屋智能·可視對講·靜音加濕器」:HK$381', '豪華大床房「慕思床墊·全屋智能·深泡浴缸·智能馬桶」:HK$447']"
大慶旅居民宿,9.7,"['522簡歐大床房:HK$179', '502清新陽光房:HK$183', '521舒適大床房:HK$185', '526浪漫大床房:HK$185']"
漢庭酒店（大慶新瑪特乘風大街店）,9.5,"['高級大床房:HK$305', '雙床房:HK$305', '商務大床房:HK$354', '家庭房:HK$394']"
大慶東方銘悦商務大酒店,9.3,"['智能精選大床房:HK$360', '智能商務大床房:HK$458', '智能豪華雙床房:HK$458', '智能豪華大床房:HK$458']"
泰9酒店（大慶水晶店）,8.7,['套房:HK$295']
北舍民宿（大慶眼科醫院店）,9.7,"['投影大床房B（冰箱+水+一次性拖鞋+卸粧水.身體乳+護髮素）:HK$216', '投影大床房C（冰箱+水+一次性拖鞋+一次性浴帽+護理包+卸粧水+身體乳+護髮素）:HK$216', '投影大床房A（冰箱+水+一次性拖鞋+一次性浴帽+護理包+卸粧水+身體乳+護髮素）:HK$216', '精品大床房（冰箱+洗衣機+水+一次性拖鞋+一次性浴帽+護理包+卸粧水+身體乳+護髮素+有趣書籍）:HK$233']"
大慶泰9智慧酒店,9.3,"['精選特惠房:HK$218', '高級大床房:HK$240', '商務雙床房:HK$311', '商務大床房:HK$317']"
大慶卡迪雅酒店,9.2,"['靜謐大床房:HK$319', '尊享標準房:HK$319', '雅萱標準房:HK$401', '尊享大床房:HK$401', '尊享親子房:HK$426']"
大慶顏如寓民宿,9.2,"['舒適大床房（可投屏+冰箱洗衣機+南向陽光滿屋）:HK$196', '豪華巨幕投影大床房（南向陽光滿屋+洗衣機+冰箱）:HK$241', '輕奢大床房（可投屏+冰箱洗衣機）:HK$259', '高級大床房（冰箱+洗衣機）:HK$265']"
大慶吉祥凱悅商務酒店（大慶東站人民醫院店）,9.1,"['凱悦-特惠雙床房（零壓床墊-mini冰箱-獨享商務）:HK$213', '凱悦-精選雙床房（零壓床墊-mini冰箱-獨享商務）:HK$231', '凱悦-至選大床房（零壓床墊-mini冰箱-獨享商務）:HK$267', '凱悦-臻選一卧套房（零壓床墊-mini冰箱-獨享商務）:HK$700']"
雲上花開公寓,9.8,"['四季予你投影巨幕房:HK$158', '逸雅日式大床房:HK$158', '奶油ins投影巨幕房:HK$158', '雲上•維一巨幕投影陽光房:HK$158']"
叁時美宿,9.9,"['豪華商務大床房（瓶裝水+洗衣機+冰箱+廚房可烹飪+一次性毛巾浴巾+一次性洗漱用品+一次性拖鞋）:HK$185', '現代藝術投影大床房（瓶裝水+120寸高清投影+冰箱+一次性毛巾浴巾+一次性洗漱用品+一次性拖鞋）:HK$185', '法式中國風投影大床房（120寸巨幕投影+瓶裝水+洗衣機+冰箱+一次性毛巾浴巾+一次性洗漱用品+一次性拖鞋）:HK$185', '侘寂風投影大床房（120寸巨幕投影+智能客控+瓶裝水+冰箱+一次性毛巾浴巾+一次性洗漱用品+一次性拖鞋）:HK$185']"
大慶摩碼賓館（黑龍江八一農墾大學店）,8.7,"['摩碼 | 高級大床房【舒適床墊+自然採光】:HK$148', '摩碼 | 高級雙床房【舒適床墊+自然採光】:HK$170', '摩碼 | 豪華大床房【獨立光纖+舒適沙發】:HK$191', '摩碼 | 行政套房【辦公桌椅+舒適沙發】:HK$760']"
大慶薇閣賓館（大慶東站店）,9.8,"['標準雙床房:HK$231', '浪漫影音房:HK$231', '零壓好眠大床房:HK$231', '標準娛樂套房:HK$260']"
大慶御楓酒店（薩爾圖黎明湖店）,9.7,"['御享·舒壓寧靜大床房:HK$335', '御享·舒壓寧靜雙床房:HK$360', '御奢·甄選浴缸大床房:HK$404', '御致·鉑亞浴缸大床房:HK$448', '御鉑·超享空間大床房:HK$491']"
安嘉酒店（新東風購物廣場立光康復醫院店）,8.7,"['特價影音大床房（公區洗衣機+私享投影+乾濕分離）:HK$96', '浪漫影視房（私享觀影+安靜舒適+休閑椅+公區洗衣機）:HK$162', '輕奢大床房（大空間+舒適睡眠+明亮大窗+乾濕分離）:HK$206', '豪華家庭房（雙床+超大空間+公區洗衣機+休閑椅）:HK$271']"
大慶季楓酒店（濱洲湖店）,9.2,"['雅緻丨湖景大床房（智能小度客控）:HK$374', '雅緻丨湖景雙床房（智能小度客控）:HK$374', '輕奢丨湖景大床房（智能小度客控）:HK$401', '輕奢丨湖景雙床房（智能小度客控）:HK$401']"
大慶洲際智能公寓（讓胡路萬達店）,9.7,"['尊尚投影大床房（全屋智能客控+小米投影）:HK$282', '優悦豪華大床房（全屋智能客控+小米投影）:HK$282', '至尊豪華投影大床房（全屋智能客控+小米投影）:HK$302', '智慧中式大床房（全屋智能客控+小米投影）:HK$318']"
非繁城品酒店（大慶西站萬達廣場店）,9.5,"['特價大床房:HK$206', '温馨大床房:HK$231', '非繁高級大床房:HK$262', '非繁高級雙床房:HK$295']"
全季酒店（大慶西站萬達廣場店）,9.6,"['高級大床房:HK$535', '商務大床房:HK$555', '高級雙床房:HK$564', '景觀大床房:HK$1,396']"
大慶GAGA時代精品酒店,8.3,"['精品大床房:HK$282', '精品標準間:HK$337', '豪華大床房:HK$348', '精品家庭房:HK$359']"
大慶勃格酒店（新瑪特店）,9.6,"['靜祕|大床房『舒睡床墊+迷你冰箱』:HK$111', '優選|大床房『舒睡床墊+迷你冰箱』:HK$129', '清新|巨幕影音房『舒睡床墊+迷你冰箱』:HK$141', '優選|精緻大床房『舒睡床墊+迷你冰箱』:HK$148']"
宜必思酒店（大慶昊方店）,8.7,"['大床房:HK$219', '高級大床房:HK$239', '高級雙床房:HK$239', '豪華大床房:HK$279']"
愛麗斯酒店（大慶新瑪特店）,8.8,"['枕悦私密大床房（全屋智能）:HK$175', '枕悦圓床房（全屋智能）:HK$191', '特惠雙床房:HK$191', '枕悦大床房X（全屋智能）:HK$239']"
慕芊輕奢民宿,9.8,"['豪華輕奢大床房[巨幕投影]:HK$133', '商務大床房【巨幕投影】:HK$139']"
如家精選酒店（大慶鐵人廣場店）,10.0,"['高級雙床房:HK$331', '安心睡0壓雙床房:HK$363', '安心睡0壓大床房:HK$387', '套房:HK$1,043']"
大慶百湖城市酒店（聯想科技城石油大學店）,9.4,"['醇享輕奢大床房（慕思床墊+全屋智能客控+高空城景）:HK$282', '特價大床房（慕思床墊+高空城景）:HK$284', '醇享輕奢雙床房（慕思床墊+全屋智能客控+高空城景）:HK$294', '醇享超大床（慕思床墊+全屋智能客控+高空城景）:HK$294']"
大慶富力喜來登酒店,9.1,"['豪華雙床房:HK$686', '豪華大床房:HK$686', '尊貴豪華雙床房:HK$708', '尊貴豪華大床房:HK$708', '行政雙床房:HK$904', '行政大床房:HK$904']"
大慶昊方諾富特酒店,8.9,"['高級大床房:HK$439', '高級雙床房:HK$439', '普通套房:HK$579', '行政大床房:HK$606', '行政雙床房:HK$606']"
5120商旅休閑賓館（讓胡路萬達店）,8.9,"['標準大床房:HK$156', '標準間:HK$166', '商務大床房:HK$221', '精品親子套房:HK$361']"
大慶市大同區璟曼酒店,9.5,"['璟韻大床房【喜臨門床墊+全屋智能+米家加濕器+徠芬電吹風】:HK$252', '璟韻雙床房【喜臨門床墊+全屋智能+全屋凈水+米家加濕器】:HK$252', '璟韻親子房【喜臨門床墊+全屋智能+鴨絨被/枕+徠芬電吹風】:HK$348', '璟韻精選大床房【喜臨門床墊++全屋凈水+徠芬電吹風】:HK$348', '璟呈豪華套房【喜臨門床墊+客卧分離+米家加濕器+mini小冰箱】:HK$471']"
大慶凱萊之星商務賓館,8.7,"['特價大床房（無窗）:HK$147', '標準間:HK$184', '大床房:HK$184', '特價三人間:HK$231']"
大慶極境電競酒店,9.2,"['普通電競標間（無窗）:HK$228', '電競標準間:HK$249', '温馨電競大床房[兩台電腦]:HK$249', '商務電競大床房[含兩台電腦]:HK$260']"
麗楓酒店（大慶經六街店）,9.6,"['標準大床房:HK$320', '雅緻大床房:HK$355', '自在大床房:HK$382', '豪華大床房:HK$409']"
大慶茉莉公寓,9.8,"['特惠大床房:HK$156', '豪華大床房（全自動按摩椅）:HK$193']"
7天優品酒店Premium（大慶市政府萬達廣場店）,9.3,"['優品大床房:HK$196', '優品雙床房:HK$205', '優享大床房:HK$232', '優享雙床房:HK$249']"
臻圖蘭舍酒店（聯想科技城八一農墾大學店）,9.5,"['靜雅大床房【智能客控+零壓床墊+辦公桌椅】:HK$540', '靜雅雙床房【智能客控+零壓床墊+辦公桌椅】:HK$540', '輕奢大床房【智能客控+零壓床墊+辦公桌椅】:HK$618', '輕奢家庭雙床房【智能客控+零壓床墊+辦公桌椅】:HK$618']"
大慶安然日租公寓,9.3,"['巨鷹複式A（可做飯）:HK$162', '巨鷹2床房（麻將機）:HK$179', '巨鵬3居3床房（麻將機可做飯）:HK$234', '巨鷹3床房（投影）:HK$236']"
致青春主題賓館（大慶新瑪特店）,8.8,"['特價大床房（無窗）:HK$119', '温馨大床房:HK$130', '主題大床房:HK$141', '商務標準間:HK$152']"
