酒店名称,评分,房型价格列表
大理鉑漫海景美宿（洱海公園店）,9.7,"['雲端城景·縱享陽光大床房:HK$531', '雲端城景·簡約智能雙床房:HK$560', '雲端城景·一房一廳機麻雙床套房:HK$601', '雲舒霞卷·全海景私享露台大床房|智能影音:HK$818']"
雲起大理海景酒店,9.9,"['雲槿·輕奢隱逸海景大床房「戴森吹風|露台|金可兒床墊」:HK$993', '雲楓·優享暄合海景親子套房「戴森吹風機|小度智控|HCK冰箱|智能馬桶|獨立露台|金可兒床墊|彼得羅夫洗護」:HK$1,211', '雲瀾·曦雲安隱海景雙床套房「戴森吹風機|小度智控|HCK冰箱|智能馬桶|獨立露台|金可兒床墊|彼得羅夫洗護」:HK$1,319', '雲蔓·拂曉悦心海景雙床房「戴森吹風機|小度智控|HCK冰箱|智能馬桶|獨立陽台|金可兒床墊|彼得羅夫洗護」:HK$1,429', '雲暮·拂曉悦心海景大床房「戴森吹風機|小度智控|HCK冰箱|智能馬桶|獨立陽台|金可兒床墊|深泡浴缸|彼得羅夫洗護」:HK$1,429']"
大理·梵泊｜enjoy the Sunset·山海｜海景·設計美宿（洱海店）,9.6,"['拾光·海景投影浴缸雙床房:HK$744', '韶光·海景投影浴缸雙床房:HK$864', '密悦·海景豪華浴缸陽台大床房:HK$1,013', '漁帆·海景豪華露天陽台浴缸大床房:HK$1,070']"
大理cinnie辛妮花園酒店（機場店）,9.1,"['豪華大床房（安靜好眠）:HK$504', '豪華雙床房（安靜好眠）:HK$515', '行政大床房（安靜好眠+智能客控）:HK$546', '行政雙床房（安靜好眠+智能客控）:HK$556', '豪華家庭房（安靜好眠）:HK$690']"
大理雲朵居·睡個好覺海景客棧（三聖島生態廊道店）,9.7,"['初心海景特惠大床房【康乃馨床品+65寸投屏電視+智能馬桶+海景視野】:HK$653', '聽夏·露台海景特惠大床房【康乃馨床品+65寸投屏電視+智能馬桶+海景視野】:HK$743', '歸謐·海景大床房【康乃馨床品+65寸投屏電視+智能馬桶+海景視野】:HK$871', '覓知·露台海景大床房【康乃馨床品+65寸投屏電視+智能馬桶+海景視野】:HK$1,049']"
大理無二隱舍·VILLA半山海景民宿 （洱海店）,9.8,"['陽光花園·海景露台雙床房:HK$1,211', '雲漫松間·海景露台套房:HK$1,320', '安境·海景露台套房:HK$1,393', '寬幕泡池·奢華海景套房:HK$1,429', '私享海景露台·森系浴缸大床房:HK$1,537', '山海私湯泡池·海景露台大床房:HK$1,647']"
大理柿井美宿,9.7,"['井·日出觀景大床房（深泡浴缸+全屋智能+極米影院+戴森吹風機+馬歇爾音箱+菲拉格慕洗護+智能馬桶）:HK$606', '井·庭院觀景大床房（深泡浴缸+全屋智能+極米影院+戴森吹風機+馬歇爾音箱+菲拉格慕洗護+智能馬桶）:HK$645', '柿·獨享庭院大床房（深泡浴缸+全屋智能+極米影院+戴森吹風機+馬歇爾音箱+菲拉格慕洗護+智能馬桶）:HK$727', '柿·旋梯花園大床房（深泡浴缸+全屋智能+極米影院+戴森吹風機+馬歇爾音箱+菲拉格慕洗護+智能馬桶）:HK$809']"
大理天海雲贊｜海景度假酒店（洱海店）,9.6,"['特惠大床房:HK$469', '月下獨酌舒適大床房:HK$563', '伊人夕岸舒適雙床房:HK$563', '時月庭院露台海景浴缸大床房:HK$844', '星空海景投影露台大床房:HK$1,219']"
景隅·雲水藝術空間民宿（大理古城店）,9.8,"['行人風跡·花園大床房（德國Villeroyboch衞浴+瑜安悦眠記憶床墊記憶枕裸棉鵝絨被床品+深泡浴缸+Aqara智能客控+戴森吹風機+私享小花園+小冰櫃）:HK$619', '望夫雲牽·豪華大床房（德國Villeroyboch衞浴+瑜安悦眠記憶床墊記憶枕鵝絨被裸棉床品+深泡浴缸+Aqara智能客控+戴森吹風機+小冰櫃）:HK$619', '茶花故里·花園大床房（德國Villeroyboch衞浴+瑜安悦眠記憶床墊記憶枕裸棉床品+深泡浴缸+Aqara智能客控+戴森吹風機+私享小花園+小冰櫃）:HK$688', '玉帶雲繞·豪華雙床房（德國Villeroyboch衞浴+瑜安悦眠記憶床墊記憶枕鵝絨被裸棉床品+深泡浴缸+Aqara智能客控+戴森吹風機+小冰櫃）:HK$779']"
大理七囍半島生活海景villa,9.8,"['桃喜·閑坐陽台海景大床房（全屋智能+絲漣床墊+TOTO馬桶+哈曼卡頓音響）:HK$862', '慕喜·180°自在海景大床房（全屋智能+絲漣床墊+TOTO馬桶+哈曼卡頓音響）:HK$894', '肆喜·180°悠然海景雙床房（全屋智能+絲漣床墊+TOTO馬桶+哈曼卡頓音響）:HK$971', '遇喜·舒享安眠180°海景套房（全屋智能+絲漣床墊+TOTO馬桶+哈曼卡頓音響）:HK$1,290']"
如果·雲知道設計師酒店（大理古城店）,9.8,"['雲染 | 高級雙床房「戴森吹風機·馬歇爾音響·金可兒床墊·智能馬桶·THINKUBODY洗護」:HK$654', '雲墨 | 高級院景大床房「戴森吹風機·馬歇爾音響·金可兒床墊·智能馬桶·TOTO進口洗浴」:HK$698', '雲來 | 高級院景雙床房「戴森吹風機·馬歇爾音響·金可兒床墊·智能馬桶·THINKUBODY洗護」:HK$742', '雲深 | 輕奢浴缸大床房「深泡浴缸·家庭影院·戴森吹風機·馬歇爾音響·金可兒床墊·智能馬桶·THINKUBODY洗護」:HK$808', '雲初 | 高級浴缸家庭房「深泡浴缸·戴森吹風機·馬歇爾音響·金可兒床墊·智能馬桶·THINKUBODY洗護」:HK$850']"
夏茉藍灣海景美宿,9.7,"['花朝·安舒大床房:HK$717', '雲舒·精緻大床房:HK$738', '卧嵐·精緻雙床房:HK$816', '棲晚·温馨家庭房:HK$937']"
拾光·未央丨HYLLA Villa海景設計師度假民宿（大理洱海店）,9.9,"['風花雪月|180度海景巨幕投影大床|智能客控|威斯汀床墊:HK$327', '海濤織錦|180度海景巨幕投影大床|智能客控|威斯汀床墊:HK$403', '蒼洱聽風|180度海景巨幕投影雙床|智能客控|威斯汀床墊:HK$470', '粼波織夢|270度海景巨幕投影大床|智能客控|威斯汀床墊:HK$579']"
花築奢·黛水和海景民宿酒店（大理雙廊古鎮店）,9.8,"['空青·特惠大床房『東苑+100寸高清投影+戴森吹風機+喜臨門床墊+科勒衞浴+全智能紫外線殺菌馬桶+舒適鵝絨被』:HK$887', '蜜合·側海景大床房『東苑+100寸高清投影+戴森吹風機+喜臨門床墊+科勒衞浴+全智能紫外線殺菌馬桶+舒適鵝絨被』:HK$1,035', '湖光山色·海景大床房『西苑+超大觀景露台+露營風格+戴森吹風機+喜臨門床墊+科勒衞浴+全智能紫外線殺菌馬桶+舒適鵝絨被』:HK$1,320', '夕嵐·海景大床房『東苑+100寸高清投影+戴森吹風機+喜臨門床墊+科勒衞浴+全智能紫外線殺菌馬桶+舒適鵝絨被』:HK$1,482', '水幔海·海景大床房『西苑+榻榻米茶台+巨幕投影+戴森吹風機+喜臨門床墊+科勒衞浴+全智能紫外線殺菌馬桶+舒適鵝絨被』:HK$1,483']"
汐之嶼·日落海景半山花園Villa·設計師度假酒店（洱海雙廊店）,9.6,"['雲嶼丨180度日落海景大床房【獨立露台+科勒衞浴+迷你冰箱+智能客控】:HK$697', '林嶼丨日落海景雙床房【獨立露台+科勒衞浴+迷你冰箱+智能客控】:HK$753', '陌嶼丨180度日落海景大床房【獨立露台+特大床+科勒衞浴+迷你冰箱+智能客控】:HK$785', '暮嶼丨日落海景雙床房【獨立露台+科勒衞浴+迷你冰箱+智能客控】:HK$807', '汐間丨側海景親子房【小童帳篷+投影+科勒衞浴+冰箱】:HK$895']"
大理花縵海景度假民宿（洱海馬久邑店）,9.7,"['浪漫海景丨INS風投影海景大床房:HK$719', '夢幻海景丨復古奶油風正海景雙床房:HK$829', '夢幻海景丨復古奶油風正海景大床房:HK$829', '靜逸海景丨躺在床上看日出海景大床房:HK$982', '靜逸海景丨躺在床上看日出海景雙床房:HK$982']"
大理茵畫海景花園酒店,9.8,"['側海景豪華親子家庭房:HK$940', '豪華海景陽台大床房:HK$1,289', '日式海景陽台榻榻米大床房:HK$1,289', '豪華海景陽台雙床房:HK$1,399', '270度海景陽台大床房:HK$1,617']"
大理左度海景度假村,9.8,"['高級海景大床房:HK$1,188', '豪華海景大床房:HK$1,407', '精選海景大床房:HK$1,735', '庭院海景大床房:HK$2,062', '奢華海景大床房:HK$2,280', '花園海景大床房:HK$2,826']"
大理語吉海景酒店,9.9,"['悠然居大床房:HK$687', '都市逸境山景大床房:HK$866', '靜謐雅居雙床房:HK$923', '雙人逸居山景雙床房:HK$1,089']"
大理HONG霐·海景度假酒店（三聖島店）,9.8,"['星入海 • 海景陽台大床房:HK$852', '望月舒 • 海景陽台大床房:HK$1,070', '雲歸丘 • 海景陽台雙床房:HK$1,070', '聽雨眠·海景浴缸大床房:HK$1,070']"
大理花語堂海景度假酒店,9.8,"['甘棠—庭院大床房·慕思乳膠床墊·鵝絨被·戴森吹風機.杜拉維特洗浴.APPELLES洗護套裝.智能馬桶:HK$798', '月丹—側海景大床房 .慕思乳膠床墊.鵝絨被.戴森吹風機.杜拉維特洗浴.APPELLES洗護套裝.智能馬桶:HK$1,320', '疏影—側海景大床房.慕思乳膠床墊.戴森吹風機.杜拉維特洗浴.APPELLES洗護套裝.智能馬桶:HK$1,320', '夭采—側海景大床房·巨幕投影·慕思乳膠床墊·鵝絨被·戴森吹風機·杜拉維特洗浴.APPELLES洗護套裝.智能馬桶:HK$1,353', '空谷—花園露台海景大床房 .巨幕投影.馬歇爾音響 .慕思乳膠床墊.戴森吹風機·杜拉維特洗浴.帕爾瑪之水洗護套裝.智能馬桶:HK$1,656']"
大理安邸·VILLA半山海景度假酒店（文筆村店）,9.8,"['空庭•詫寂中古庭院大床房（一期）:HK$1,735', '空山·一覽寬屏山海·浴缸露台海景大床房（一期）:HK$2,171', '空汐·畫框山海窗景·露台海景大床房（一期）:HK$2,390', '空川·寬幕山海畫幅·私湯露台海景大床房:HK$2,718', '空霜·私湯內露台·家庭雙床套房:HK$2,827', '空嶼·200°山海畫幅·浴缸露台海景雙床房:HK$2,936']"
紫微星·在洱海｜一線海景套房酒店,9.9,"['海岸時光·一房一廳雙床套房:HK$734', '日落歸霞·一房一廳海景度假套房:HK$1,028', '洱海時光·兩房一廳海景露台套房:HK$1,392', '沐浴山海·270°泡池海景房:HK$1,551']"
大理實力希爾頓酒店,9.5,"['豪華大床房-盡覽舒適園林景觀:HK$1,012', '無障礙客房-內設無障礙設施:HK$1,066', '豪華雙床房-盡覽舒適園林景觀:HK$1,066', '豪華湖景大床房-獨立陽台·遠眺迷人湖景:HK$1,066', '豪華湖景雙床房-獨立陽台·遠眺迷人湖景:HK$1,120', '精選湖景大床房-俯瞰洱海美景:HK$1,196']"
大理涵哲半海度假美宿（高鐵站洱海公園店）,9.9,"['那卡·親子雙床房（智能馬桶+乾濕分離+恆温花灑+非海景）:HK$453', '巴達山·海景陽台雙床房（超大浴缸+高清投影儀+小吉冰箱+直飲機+智能客控+智能馬桶+恆温花灑）:HK$864', '昔歸·全海景大露台大床房（觀景浴缸+高清投影儀+小吉冰箱+直飲機+智能客控+智能馬桶+恆温花灑）:HK$938', '冰島·全海景大露台大床房（觀景浴缸+高清投影儀+小吉冰箱+直飲機+智能客控+智能馬桶）:HK$1,020']"
詩的二次方·Poem²丨無邊泳池設計師海景度假民宿（大理海東店）,9.8,"['風嶼丨簡約舒適大床房【壁掛洗衣機】:HK$545', '棲雲丨90°側海景大床房【壁掛洗衣機】:HK$654', '光跡丨暖陽榻榻米雙床房【壁掛洗衣機】:HK$774', '星漫丨180°海景舒適親子房:HK$884']"
你·心裏IN YOUR HEART ︱半山海景設計師度假酒店（大理洱海店）,9.6,"['隱丨側海景大床房【海景露台+戴森+馬歇爾+投影】:HK$842', '暮丨側海景大床房【海景露台+戴森+馬歇爾+投影】:HK$853', '棲丨觀海景大床房【海景露台+戴森+馬歇爾+投影】:HK$942', '白丨全海景大床房【海景露台+戴森+馬歇爾+投影】:HK$964', '綠丨觀海景大床房【海景露台+戴森+馬歇爾+投影】:HK$964']"
大理古古美美海景巨幕酒店（洱海雙廊店）,9.7,"['晨曦街景大床房:HK$924', '餘歡街景大床房:HK$1,155', '晚秋街景家庭房:HK$1,271', '初心陽台海景浴缸大床房:HK$2,081', '夕雲陽台海景浴缸大床房:HK$2,196']"
大理桃溪夢蝶祕境莊園,9.8,"['山景大床房:HK$1,079', '山景雙床房:HK$1,079', '莊園山景雙床房·景觀浴缸·莊園內景·MINI吧暢享:HK$1,114', '莊園露台大床房·景觀浴缸·私家露台·MINI吧暢享:HK$1,211', '莊園庭院大床房·私家庭院·蒼山桃溪實景·MINI吧暢享:HK$1,429', '莊園山景超大露台大床房·私家露台·沐浴晨曦MINI暢享:HK$1,865']"
無雙·Villa東方海景度假酒店（大理洱海店）,9.8,"['日落 丨海景大床房:HK$883', '蓮花| 美夕海景浴缸大床房:HK$993', '馬龍| 莫蘭精選海景大床房:HK$993', '雲頂|燦星蜜月海景大床房:HK$1,101', '白雲| 語霞海景露台大床房:HK$1,208', '應樂| 悦心海景浴缸大床房:HK$1,211']"
大理馨海苑·花園海景度假美宿（雙廊洱海店）,9.8,"['側陽台半海景特價大床房|智能馬桶|休閑沙發|徠芬吹風機:HK$540', '庭院半海景特惠大床房|智能馬桶|休閑沙發|徠芬吹風機:HK$572', '深睡眠露台海景家庭房|智能馬桶|休閑沙發|徠芬吹風機:HK$734', '獨院露台靜謐海景家庭房|智能馬桶|浴缸|徠芬吹風機:HK$734']"
大理墅山居海景度假別墅（洱海店）,9.7,"['海景花園大床房:HK$832', '吧枱海景大床房:HK$1,061', '浪漫海景圓床親子房:HK$1,289', '全海景輕奢大床房:HK$1,290', '270度挑空露台海景大床房:HK$1,443']"
大理風雅頌蒼洱眼酒店·山盟海誓,9.9,"['露台大床房（B棟）:HK$1,398', '海景泡池露台大床房01（B棟）:HK$1,725', '海景露台泡池大床房03（B棟）:HK$2,053', '海景露台泡池大床房06（B棟）:HK$2,380', '庭院泡池大床房:HK$2,490', '泡池露台大床房:HK$2,490']"
大理頤雲酒店,9.6,"['臻選私密大床房，私密空間，園林景觀:HK$1,297', '豪華海景雙床房，温馨陽光，遠眺洱海:HK$1,516', '豪華海景露台大床房，超大景觀露台，遠眺洱海，榻榻米:HK$1,525', '蒼山景觀大床房，園林景觀，山影相伴:HK$1,733', '庭院景觀雙床房，園景庭院，小童洗漱用品，超大雙床:HK$1,733', '蒼山景觀雙床房，山影入目，背山臨景:HK$1,843']"
大理芊雨海景度假酒店（洱海公園店）,9.8,"['隨緣歡喜180度海景大床房﹢乳膠枕﹢徠芬﹢全套一次性用品:HK$491', '雪●180度海景大床房﹢露台﹢乳膠枕﹢徠芬﹢全套一次性用品:HK$551', '花●270度海景大床房﹢露台﹢乳膠枕﹢徠芬﹢全套一次性用品:HK$628', '雲●180度海景大床房﹢露台﹢乳膠枕﹢徠芬﹢全套一次性用品:HK$765']"
數數·西秀VILLA一線海景酒店（大理洱海店）,9.7,"['壹壹·S彎海景大床房:HK$646', '叁叁·海天隱奢海景大床房:HK$729', '伍伍·攬月隱奢海景大床房:HK$891', '陸陸·洱海月海景大床房:HK$1,035', '貳貳·蒼山雪海景大床房:HK$1,182']"
眾裏千尋·四合庭院酒店（大理古城南門店）,9.6,"['方寸·單床房（全屋傳承白族實木修繕+中央空調）:HK$524', '朝花·雙床房（傳承白族實木修繕+高定床品+中央空調）:HK$524', '聽雨·小閨房（雕花大床+全屋傳承白族實木修繕+專屬高定床品+中央空調）:HK$575', '聆風·大床房（全屋傳承白族修繕+高定床品+中央空調）:HK$669']"
樂田·山居度假美宿,10.0,"['青禾·山景大床房【電子秤+智能馬桶】:HK$436', '樂隅·棲田雙床房【電子秤+智能馬桶】:HK$512', '雲憩·沐光浴缸大床房【加濕器+電子秤+智能馬桶】:HK$544', '穹境·星河入夢全景大床房【禾風山舍+電子秤+智能馬桶】:HK$578']"
大理碧岄香蹤綠野海景酒店（機場店）,9.2,"['特價大床房沒有海景:HK$372', '側海景大床房（觀景陽台+智能衞浴+席夢思床墊+大屏電視）:HK$421', '海景大床房（觀景陽台＋歐路莎智能衞浴＋美國席夢思床墊＋大屏電視）:HK$496', '海景大床房Ⅱ（觀景陽台＋歐路莎智能衞浴＋美國席夢思床墊＋大屏電視）:HK$496', '小客廳海景大床房（觀景陽台＋歐路莎智能衞浴＋美國席夢思床墊＋大屏電視）:HK$558']"
壹席海 · THE Lake View海景民宿（洱海店）,9.5,"['山憩｜sunshine大床房【全屋智能-慕思床墊-深睡枕-空氣凈化器]:HK$738', '會見 ｜雙床房【全屋智能-慕思床墊-深睡枕-Dyson-空氣凈化器]:HK$869', '泊雲｜洱河觀景大床房【全屋智能-慕思床墊-深睡枕-投影-大落地窗陽台-空氣凈化器】:HK$922', '汀白｜海景露台大床房【全屋智能-鵝絨床品-慕思乳膠床墊-深睡枕-Dyson-空氣凈化器】:HK$1,054']"
大理一見如故海景民宿（三聖島心邸咖啡店）,9.8,"['鳳陽邑｜側海景特惠大床房｜全屋智能客控｜:HK$902', '雲想山 ｜山景雙床房｜觀山日落｜全屋智能客控:HK$994', '蒼山雪 ｜側海景山景家庭房｜觀山日落｜全屋智能客控:HK$1,223', '洱海月 ｜正海大床房｜躺看洱海日出｜網紅浴缸:HK$1,452']"
鉑境海景度假酒店（大理洱海店）,8.7,"['度巖·雲端山景大床房:HK$587', '茗山·質享氧吧雙床房:HK$599', '茗山·童趣主題親子房:HK$719', '澤海·雲光澗畔海景大床房:HK$864', '藍野·180°海景浴缸大床房:HK$960']"
大理雙廊隱熹山居·觀海客棧,9.7,"['側海景大床房:HK$490', '最美夕陽海景大床房:HK$525', '飄台卧賞海景大床房:HK$599', '一覽海景豪華大床房:HK$599', '遇見輕奢海景大床房:HK$622']"
大理海洋酒店,9.3,"['星空陽台雙床房【穹頂藍牙音響+私享陽台+智能客控】:HK$970', '星空陽台大床房【穹頂藍牙音響+私享陽台+智能客控】:HK$970', '舒適三床房【穹頂藍牙音響+智能客控+超大落地窗】:HK$1,080', '雲海親子家庭房【穹頂藍牙音響+舒適浴缸+獨立衣帽間】:HK$1,298', '碧海親子雙卧套房【穹頂藍牙音響+享陽台+海盜船滑梯】:HK$1,407', '海底·大床房A【直覽海底+珊瑚學堂+觀賞小窗】:HK$1,952']"
大理星光·StarLight半山海景度假酒店（洱海海東方店）,10.0,"['復古丨雅緻大床房:HK$797', '瀾汀丨落地窗海景大床房:HK$1,166', '晨曦丨陽台海景大床房:HK$1,293', '星辰丨陽台海景大床房:HK$1,418']"
大理慕泊度假海景酒店（理想邦店）,9.4,"['臻品大床房:HK$592', '臻品雙床房:HK$644', '庭院花園大床房:HK$697', '温馨親子雙床房:HK$968']"
閲海聽語·洱海之上｜海景度假酒店,9.9,"['浪漫雲端·寬幕海景房｜Hansgrohe衞浴·Marshall音響:HK$1,089', '池畔露台海景房｜Hansgrohe衞浴·Marshall音響:HK$1,185', '直面山海·海景浴缸家庭房｜Hansgrohe衞浴·智能影音:HK$1,245', '池畔露台·泡池海景房｜日落茶台·Hansgrohe衞浴:HK$1,392', '池畔躺椅·泡池海景房｜Hansgrohe衞浴:HK$1,426']"
180°Erhai-芷步丨潮音山韻丨海景觀光度假酒店（洱海店）,9.8,"['浮光影｜靜謐影音山景大床房-席夢思床墊-漢斯衞浴-A棟:HK$534', '浮雲澗｜私享露台海景大床房｜慕思床墊｜科勒衞浴-B棟:HK$840', '夢嶼海｜浪漫海景巨幕大床房-席夢思床墊-漢斯衞浴-A棟:HK$894', '半山海｜180°海景親子大床房|席夢思床墊|漢斯衞浴-A棟:HK$894']"
大理十九山·全海景Villa別墅,9.5,"['十九山開運福袋海景私湯房:HK$1,726', '海景SPA庭院套房:HK$2,271', '海景SPA大庭院套房:HK$2,271', '全海景庭院套房:HK$2,709', '全海景陽台套房:HK$2,709', '超寬海景庭院套房:HK$2,927']"
安旬酒店（大理古城店）,9.9,"['晴山·私院山景大床房:HK$872', '夕嵐·山景大床房:HK$906', '扶光·山景浴缸大床房:HK$982', '樸初·私院山景雙床房:HK$1,014', '千尋·山景浴缸套房:HK$1,047']"
大理如逸·AT EASE海景別墅（洱海公園店）,9.9,"['湖光-海景大床房（智能馬桶+180度海景）:HK$646', '見水-海景雙床房（智能馬桶+180度海景+輕奢浴缸）:HK$723', '摘星-星空頂海景大床房（星空頂+智能馬桶+180度海景+輕奢浴缸）:HK$850', '見山-親子海景房（獨立露台+智能馬桶+270度海景+輕奢浴缸）:HK$1,093']"
麗怡酒店（大理洱海公園高鐵站店）,9.5,"['純凈大床房:HK$289', '標準大床房:HK$332', '高級大床房:HK$358', '高級雙床房:HK$358']"
水上望月海景客棧（雙廊洱海店）,9.6,"['喜樂·180°海景雙床房（海景露台+智能馬桶）102:HK$489', '歸心·270°海景大床房（海景露台+高清投影+智能馬桶+浴缸）103:HK$489', '遇見·270°海景大床房（海景露台+高清投影+智能馬桶+浴缸）101:HK$489', '隱溪·180°海景雙床房（海景露台+智能馬桶）202:HK$515']"
大理步雲·近海舍海景酒店（雙廊洱海店）,9.8,"['風吟·森系院景雙床房（對坐茶塌+VIP高清投影+全智能馬桶）:HK$569', '暮雲·180°森繫一線海景大床房（日落海景露台+VIP高清投影+全智能馬桶+智能窗簾+浴缸）:HK$697', '海音·180°森繫一線海景雙床房（日落海景露台+VIP高清投影+全智能馬桶+智能窗簾）:HK$746', '望舒·180°一線海景大床房（日落海景露台+VIP高清投影）:HK$924']"
花築奢·境民宿（大理洱海生態廊道店）,9.6,"['温馨智能雙床房（負一樓）『TOTO舒適浴缸+悠閑茶座+喜臨門床墊+TOTO智能馬桶+漢斯格雅衞浴』:HK$395', '温馨智能套房（負一樓）『獨立客廳+TOTO舒適浴缸+悠閑沙發區+喜臨門床墊+TOTO智能馬桶+漢斯格雅衞浴』:HK$395', '花園精緻大床房『TOTO舒適浴缸+獨立觀景露台+舒適沙發區+全屋智控+喜臨門床墊+TOTO智能馬桶+漢斯格雅衞浴』:HK$461', '花園露台大床房『獨立觀景露台+悠閑茶座+全屋智控+喜臨門床墊+TOTO智能馬桶+漢斯格雅衞浴』:HK$497', '花園泡池大床房『雙TOTO舒適浴缸+獨立觀景陽台+悠閑茶座+全屋智控+喜臨門床墊+TOTO智能馬桶』:HK$520']"
大理裏予·Travel海景美宿（洱海小普陀店）,9.9,"['歸梧｜180℃海景雙床房〔海景露台・100寸VIP投影〕:HK$468', '尋境｜180℃正海景大床房〔海景露台 ·100寸巨幕VIP投影〕:HK$468', '盡歡｜雲棲禪境海景大床房〔海景露台 · 100寸巨幕VIP投影 · 馬歇爾音響〕:HK$561', '吾悦｜侘寂美學海景大床房〔海景露台 · 100寸巨幕VIP投影 · 馬歇爾音響〕:HK$601']"
大理候鳥灣｜Comfortable｜智能影音·度假酒店（洱海小普陀店）,9.7,"['Voice海浪｜360°全景星空泡泡屋｜超視野海景露台｜極米巨幕投影｜喜臨門舒睡乳膠床墊｜防蟎親膚布草+全智能馬桶:HK$644', '山海一隅海景大床房｜陽台｜浴缸｜智能馬桶｜乾濕分離:HK$901', '藍海琉光｜一線海景大床房｜海景露台｜極米VIP超清投影｜深泡浴缸｜喜臨門深眠乳膠床墊｜抗菌親膚布草｜智能客控｜全智能馬桶｜三區乾濕分離:HK$997', '海天一色｜１８０°海景浴缸大床房｜私享超大露台｜極米VIP巨幕投影｜智能客控｜喜臨門舒睡床墊｜全智能馬桶｜防蟎親膚布草｜三區乾濕分離:HK$1,062']"
拾光嶼岸·Holiday Villa 海景度假民宿（大理機場洱海店）,10.0,"['雪隱・皓雪尊榮雙床房丨全屋智能+科勒衞浴+金可兒床墊:HK$540', '瞻星・雲頂星瀾雙床房丨全屋智能+科勒衞浴+金可兒床墊:HK$573', '扶搖・童夢海畔親子房丨巨幕投影+全屋智能+科勒衞浴:HK$680', '攬月・綺夢奢享大床房丨巨幕投影+浴缸+全屋智能:HK$864']"
大理青麥海景度假酒店（北院）,9.8,"['水龍吟·輕奢雙床房（無海景）:HK$388', '淥波·海景大床房:HK$697', '蜜合·海景大床房（一樓）:HK$709', '蜜合·海景大床房:HK$791', '螺青·海景親子房（一樓）:HK$862']"
大理觀南海景客棧（洱海店）,9.7,"['山溪山景家庭雙床房:HK$521', '棲海畔180°海景露台大床房:HK$885', '向雲端180°海景陽台浴缸大床房:HK$920', '海藍天270°全海景陽台大床房:HK$991']"
大理沐境·海粵海景度假民宿（S灣生態廊道店）,9.8,"['焦月·日式山景大床房|金可兒床墊+徠芬吹風機+加濕器:HK$466', '暮冬·私享山景雙床房|金可兒床墊+茱莉蔻洗護+加濕器:HK$535', '童真·院景親子三床房|茱莉蔻洗護+徠芬吹風機:HK$621', '桂秋·夏飛·側海景雙床房|金可兒床墊+茱莉蔻洗護:HK$645', '童顏·海景親子雙床房|日出+茱莉蔻洗護:HK$680']"
大理花縵海景度假民宿（S灣生態廊道店）,9.8,"['花縵灣丨舒睡特惠房:HK$470', '枕清風丨竹影山景雙床房:HK$577', '枕清風丨竹影山景大床房:HK$577', '少年遊丨270°原木詫寂風景觀大床房:HK$765', '180°海景丨蜜月泡池海景大床房:HK$984']"
大理青苔海景客棧,9.8,"['歸雲陽台雙床房:HK$611', '雲起陽台雙床房:HK$643', '雲夢海景陽台大床房:HK$720', '牧雲海景陽台大床房:HK$753']"
大理雲裏小坐·聽海度假酒店（洱海店）,9.7,"['覓知·洱見大床房:HK$756', '且慢·陽台海景大床房:HK$854', '拾光·陽台海景大床房:HK$958', '山舍·陽台海景大床房:HK$1,207']"
大理覽月海墅（機場洱海店）,9.8,"['覽月·洱海月【全屋智能、巨幕投影、雲霧瀰漫、海景度假大床房】:HK$427', '覽月·風吹半夏【全屋智能、巨幕投影、愜意時光、園景浴缸大床房】:HK$447', '覽月·洱海藍【全屋智能、巨幕投影、山嶼海、寬幅海景度假大床房】:HK$469', '覽月·時光清淺【全屋智能、巨幕投影、温馨兩卧室、親子套房】:HK$567']"
大理目拾遺·海景野奢度假酒店（小普陀洱海店）,9.8,"['摩洛哥風情丨海景陽台大床房（獨立海景陽台+戴森吹風機+智能馬桶）:HK$423', '南洋風情丨輕奢海景陽台大床房（獨立海景陽台+私享海景浴缸+戴森吹風機+智能馬桶）:HK$425', '摩洛哥風情丨海景陽台浴缸雙床房（獨立海景陽台+私享海景浴缸+戴森吹風機+智能馬桶）:HK$461', '180°至尊海景丨摩洛哥海景陽台浴缸雙床房（獨立海景陽台+私享海景浴缸+戴森吹風機+智能馬桶）:HK$526']"
玖見海·海景藝術美宿（大理洱海店）,9.7,"['洛書·陽光泡池大床房:HK$491', '雲舒·180°海景浴缸大床房:HK$525', '梧桐·180°海景泡池大床房（青檸微影）:HK$600', '觀瀾·180°海景浴缸大床房:HK$622']"
安可·Serene Slumber Resort·海景度假酒店（大理洱海店）,9.9,"['102·雲嶼·海景極光影院大床房丨私享陽台·巨幕投影:HK$370', '101·影嶼·海景智能影院大床房丨私享陽台·巨幕投影:HK$435', '202·蝶嶼·IMAX海景陽台大床房丨智能客控·巨幕影音:HK$457', '201·漫嶼·海景4K全景陽台大床房|智能客控·巨幕影音:HK$469']"
大理木西·祕密花園海景美宿（古城洱海S灣生態廊道店）,9.8,"['【法式壁爐】大床房｜網紅浴缸｜馬歇爾音響｜小米智控｜徠芬吹風機｜迷你冰箱｜:HK$962', '【靜謐法式】大床房｜網紅浴缸｜馬歇爾音響｜小米智控｜徠芬吹風機｜迷你冰箱:HK$963', '【露台花園】大床房｜花園網紅浴缸｜BOSS音響｜小米智控｜徠芬吹風機｜迷你冰箱:HK$963', '【蒼山雲景日落花園】大床房｜高清投影｜JBL音響｜小度智控｜徠芬吹風機｜迷你冰箱｜:HK$1,073', '【輕奢日出海景】雙床房｜網紅浴缸｜高清投影｜馬歇爾音響｜戴森吹風機｜小度智控｜迷你冰箱｜:HK$1,510']"
漫塗Wander·漣海雲棲丨Ocean 全海景智能藝墅（大理洱海店）,9.6,"['春棠序·Yard丨側海景浴缸大床房（花園露台·寬敞·全屋智能客控·極米巨幕影音·戴森吹風機）:HK$663', '聆海澗·Seaside丨180°海景浴缸大床房（橘色海灣·大空間·全屋智能客控·極米巨幕影音·戴森吹風機）:HK$763', '霧雲川·Sunset丨180°海景浴缸特大床房（橘子海灣·特大空間·全屋智能客控·極米巨幕影音·戴森吹風機）:HK$907', '漁間渡·Gentle丨270°海景浴缸大床房（落日露台·超大空間·全屋智能客控·極米巨幕影音·戴森吹風機）:HK$1,007']"
