酒店名称,评分,房型价格列表
歡樂豆海景LOFT酒店公寓（大連星海廣場店）,9.0,"['臻選投影大床房:HK$683', '臻選特價標準雙床房:HK$966', '臻選LOFT雅緻大床房（一次性旅行套裝）:HK$984', '臻選LOFT景觀雙大床房:HK$1,003']"
大連不侗桃李民宿（威尼斯水城店）,9.2,"['不侗·幽居霞客:HK$737', '不侗·靜謐幽蘭:HK$803', '不侗·曲徑通幽:HK$819', '不侗·海升明月:HK$819']"
大連睿詩酒店（高新萬達廣場店）,9.4,"['城景大床房（全屋智能+巨幕影音+小冰箱+舒適桌椅）:HK$528', '城景雙床房（全屋智能+巨幕影音+小冰箱）:HK$528', '海景大床房（全屋智能+180°高空海景+小冰箱+舒適桌椅）:HK$640', '海景雙床房（全屋智能+180°高空海景+小冰箱）:HK$640']"
大連華南廣場華東路亞朵X酒店,9.7,"['雅緻大床房（手機投屏+無線充電）:HK$574', '高級大床房（手機投屏+無線充電）:HK$601', '行政大床房（手機投屏+無線充電）:HK$646', '高級雙床房（手機投屏+無線充電）:HK$646']"
大連海擎天酒店（星海廣場店）,9.1,"['温馨大床房:HK$794', '商務大床房:HK$1,023', '雅緻大床房:HK$1,299', '高級雙床房:HK$1,427']"
傾松·雅居（大連星海廣場店）,9.8,"['永嘉.靜謐舒睡大床房（無窗）:HK$664', '江夏.零壓床墊+巨幕投影:HK$1,107', '臨安.零壓床墊+海景陽台:HK$1,218', '蘭陵.榻榻米家庭房:HK$1,329', '渝州.零壓床墊+海景+浴缸:HK$1,440']"
如家商旅酒店（大連機場店）,9.8,"['商務大床房A（智能客控+夢百合零壓床墊、零壓枕）:HK$419', '商務大床房（智能客控+夢百合零壓床墊、零壓枕）:HK$444', '安心睡0壓大床房（空氣凈化器+智能客控+0壓床墊0壓枕）:HK$469', '標準雙床房（智能客控+夢百合零壓床墊、零壓枕）:HK$477']"
芯瑤海景酒店（大連東港威尼斯水城港東五街店）,9.6,"['特惠海景大床房【90°海景觀海】:HK$598', '豪華海景大床房【90°看海+威尼斯水城夜景】:HK$657', '豪華海景親子大床房【90度觀海+水城夜景+海上日出】:HK$752', '高空豪華海景大床房【90°海景觀日出+威尼斯水城夜景】:HK$801']"
桔子酒店（大連北站店）,9.5,"['加州陽光大床房:HK$522', '加州陽光高級大床房:HK$553', '加州陽光商務大床房:HK$572', '加州陽光雙床房:HK$592']"
悦禾海景藝術酒店（大連東港威尼斯水城店）,9.8,"['日式雅緻大床房（半城半海景觀）:HK$781', '豪華海景大床房（90°海景）:HK$861', '高空海景豪華大床房（90°海景）:HK$941', '豪華城景兩居室套房（二室一廳二衞）:HK$1,115']"
建國璞隱酒店（大連中山路友好廣場店）,9.5,"['芳草居大床房:HK$566', '蒹葭居大床房:HK$602', '幽篁居大床房:HK$655', '蒹葭居雙床房:HK$736', '幽篁居雙床房:HK$799']"
大連香洲花園酒店,8.7,"['特惠大床房:HK$549', '標準大床房:HK$567', '標準雙床房:HK$567', '豪華大床房:HK$626', '豪華觀景房:HK$670']"
大連瑞詩酒店,9.0,"['標準雙床間:HK$617', '標準大床間:HK$636', '一室經濟公寓:HK$669', '標準氧吧大床房:HK$669', '豪華大床房:HK$733', '豪華雙床房:HK$733']"
大連開發區亞朵酒店,9.7,"['雅緻房（小冰箱+手機投屏）:HK$466', '高級大床房（小冰箱+手機投屏）:HK$493', '行政大床房（小冰箱+手機投屏）:HK$519', '高級雙床房（小冰箱+手機投屏）:HK$537', '幾木大床房（智能馬桶+浴袍+手機投屏）:HK$547']"
大連安步·海景復古民宿,9.7,"['抺茶·舒適榻榻米投影房:HK$763', '暖木·園景大床房:HK$763', '遲念·浴缸投影園景房:HK$981', '煙雨·伴海落日大床房:HK$981']"
如家商旅酒店（大連火車站友好廣場地鐵站店）,9.7,"['大床房A:HK$538', '大床房:HK$557', '高級大床房:HK$575', '安心睡0壓大床房:HK$611']"
晴天民宿SUNNYDAY（大連老虎灘漁人碼頭店）,9.8,"['星火中古風.全屋智能＋零壓床墊大床房:HK$761', '星語.全屋智能＋零壓床墊＋觀海大床房:HK$790', '星雲.奶fufu.全屋智能＋零壓床墊 智能大床房:HK$867', '星光中古風.全屋智能＋零壓床墊大床房:HK$867']"
大連四時鯨語海灘度假酒店,9.4,"['樂享投影大床房:HK$2,012', '海灘・全景雙人間:HK$2,568', '海灘 · 全景大床房:HK$2,568', '日落晚霞大床房:HK$2,568', '海灘・全景家庭超大床房:HK$2,568']"
米涵酒店（大連威尼斯水城港東五街店）,9.5,"['影音·大床房:HK$367', '影音·雙床房:HK$489', '影音·豪華雙床房:HK$528', '影音·loft家庭三床房:HK$801']"
大連麗景酒店（大連老虎灘漁人碼頭店）,8.8,"['山景雙床房:HK$611', '山景大床房:HK$611', '海景雙床房:HK$698', '豪華山景雙床房:HK$768', '豪華山景大床房:HK$768']"
國葯康養大連旅居中心,9.5,"['園景雙人間:HK$760', '海景雙床房:HK$868', '海景大床房:HK$868', '豪華海景大床房:HK$1,075']"
東港國際公館海景loft酒店（大連威尼斯水城店）,9.2,"['特惠房:HK$612', '豪華海景音樂噴泉LOFT大床房:HK$676', '奢華一線海景LOFT大床房（看威尼斯水城全景和日出）:HK$709', '豪華全景LOFT音樂噴泉親子房（雙衞生間）:HK$795']"
天益·雲庭美宿,9.6,"['特惠百寸巨幕大床:HK$587', '內景花園房:HK$629', '智能大床房:HK$654', '巨幕觀影智能大床房:HK$696']"
大連機場亞朵酒店,9.6,"['雅緻大床房（小冰箱+手機投屏）:HK$651', '高級大床房（小冰箱+手機投屏）:HK$706', '高級雙床房（小冰箱+手機投屏）:HK$744', '幾木大床房（小冰箱+手機投屏+浴袍）:HK$744', '幾木雙床房（小冰箱+手機投屏+浴袍）:HK$799']"
藍畔水城民宿（威尼斯水城店）,9.4,"['岱淵·雙浴影音精品大床房:HK$700', '流風·精品大床房:HK$700', '迴雪·休閑精品大床房:HK$725', '敝月·河景精品大床房:HK$763']"
JINBORUI錦柏睿酒店（中山廣場富麗華國際店）,9.3,"['高空｜瞰景大床房（冰箱·洗衣機·智能客控）:HK$815', '高空｜瞰景雙床房（冰箱·洗衣機·智能客控）:HK$815', '影音大床房:HK$827', '景逸｜奢享雙床房（冰箱·洗衣機·智能客控）:HK$852']"
沐漁海景精選公寓式酒店（大連威尼斯水城港東五街店）,9.6,"['沐漁·精美特惠房:HK$604', '看海·海景大床房（90°側面看海+威尼斯水城夜景）:HK$674', '高層90°海景I MAX巨幕影音大床房（威尼斯水城夜景）:HK$749', '輕奢·海景雙床四人間（90°側面看海+威尼斯水城夜景）:HK$909']"
大連寂然一宿民宿,9.7,"['三宿悦~日式地台大床房:HK$557', '一宿緣~園景大床房:HK$650', '六宿禪~陽台親子大床房:HK$743', '二宿情~私人泡池雙露台大床房:HK$836']"
戰友之家海景公寓酒店（大連威尼斯水城店）,9.0,"['清馨大床房:HK$508', '豪華大床房:HK$553', '海景大床房:HK$619', '豪華標準間:HK$664']"
和頤酒店（大連西安路地鐵站店）,9.4,"['大床房:HK$530', '商務大床房:HK$566', '雙床房:HK$566', '高級雙床房:HK$602', '家庭房:HK$683']"
宜必思尚品酒店（大連火車站青泥窪橋店）,9.5,"['商務大床房（手機投屏）:HK$676', '舒適loft大床房（手機投屏）:HK$704', '商務雙床房（手機投屏）:HK$704', '浴享loft套房（手機投屏）:HK$733']"
溪岸小屋精選智能酒店,9.4,"['美好時光情侶+超大床（全屋智能）:HK$510', '遇見邂逅情侶-超大床（全屋智能）:HK$543', '《雨落星辰》星空頂-浴缸房（全屋智能）:HK$614', '《穿越時空》超大星空頂浴缸房（全屋智能）:HK$684']"
青泥8號酒店公寓（大連火車站中山廣場店）,9.2,"['精品大床房 （65寸小米電視 ）:HK$527', '影音市景大床房 （巨幕投影）:HK$549', '影音鳥巢大床房（幕投影+弔籃）:HK$572', '影音商務大床房（巨幕投影+桌子）:HK$595']"
涵米酒店（大連威尼斯水城港東五街店）,9.3,"['特惠大床房:HK$502', '影音·豪華投影大床房（投屏巨幕）:HK$524', '商務·大床房（電視）:HK$524', '影音·海景豪華大床房（小角度看海+高清巨幕大屏）:HK$546']"
大連海尊智選假日酒店,8.8,"['高級房 大床:HK$469', '高級房 超大床 中庭景觀:HK$469', '高級房 超大床:HK$497', '高級房 雙床:HK$544', '高級房（超大床·更大面積）:HK$656']"
大連人民廣場市政府開元名庭酒店,9.4,"['名成舒適大床房|乾濕分離|MINI冰箱:HK$715', '名成豪華大床房|乾濕分離|MINI冰箱:HK$803', '名成豪華雙床房|乾濕分離|MINI冰箱:HK$879', '名成行政大床房|乾濕分離|MINI冰箱|會客區:HK$912', '名成行政家庭房|乾濕分離|MINI冰箱|:HK$1,043']"
中國煤礦工人大連療養院（付家莊海濱浴場森林動物園店）,9.2,"['安心特惠雙床房:HK$583', '樂享舒適大床房:HK$666', '醇享海景雙床房:HK$875', '尊享海景套房:HK$1,841']"
大連Ancient City Northstar古城星空·逸東酒店（金州火車站店）,9.8,"['經典大床房「85寸電視投屏+特大床+寶格麗書桌」:HK$721', '豪華大床房「超長沙發+超長書桌+藝術氛圍」:HK$741', '逸境大床房「休閑空間+豪華浴缸+超大衞生間」:HK$784', '畫廊大床房「特大床+85寸電視投屏+杜拉維特衞浴」:HK$787', '畫廊套房「寶格麗書桌+杜拉維特潔具+85寸電視投屏」:HK$826']"
如家派柏·雲酒店（大連北站南廣場店）,9.7,"['大床房:HK$254', '大床房A:HK$266', '雙床房:HK$270', '商務大床房:HK$286']"
宜客宜家精品主題酒店（大連星海公園海景店）,9.7,"['玲瓏優選大床房（洗護智能馬桶+零壓床墊+安靜好眠）:HK$583', '靜謐舒眠大床房（安靜舒適+零壓床墊+洗護智能馬桶）:HK$610', '商旅舒適雙床房（洗護功能智能馬桶+安靜好眠）:HK$763', '舒眠高級大床房（洗護智能馬桶+零壓床墊+手機投屏）:HK$763']"
大連恆力大酒店,9.5,"['豪華城景大床房:HK$1,003', '豪華海景大床房:HK$1,160', '豪華城景二居室:HK$1,425', '豪華城景二居室家庭套房:HK$1,583', '至尊海景大床房:HK$1,689', '豪華海景二居室套房:HK$1,773']"
日月明·City Box酒店（大連火車站中山廣場店）,9.3,"['City Box·大床房（釋放脊椎床墊＋記憶棉枕頭）:HK$544', 'City Box·高級雙床房（釋放脊椎床墊＋記憶棉枕頭）:HK$544', 'City Box·家庭房（釋放脊椎床墊）:HK$639']"
雲棲·海宿（大連東港威尼斯水城店）,9.4,"['朵雲·特惠房:HK$265', '流韻·大床房（城市景觀+舒適睡眠+冰箱洗衣機）:HK$279', '潮汐·海景大床房（遠眺海景+舒適睡眠+冰箱洗衣機）:HK$314', '聽媽媽的話·親子房（家庭樂享+商務標準+冰箱洗衣機）:HK$384']"
漢庭酒店（大連開發區東城天下店）,9.8,"['大床房（手機投屏+智能馬桶）:HK$311', '高級大床房（手機投屏+智能馬桶）:HK$360', '雙床房（手機投屏+智能馬桶）:HK$409', '商務大床房（手機投屏+智能馬桶）:HK$506']"
桔子酒店（大連開發區商業街安盛購物廣場店）,9.7,"['月若鎏金大床房（手機投屏+智能馬桶）:HK$491', '月若鎏金雙床房（手機投屏+智能馬桶）:HK$502', '加州陽光高級大床房（手機投屏+智能馬桶）:HK$513', '行政大床房（手機投屏+智能馬桶）:HK$522']"
全季酒店（大連開發區萬達商業街店）,9.9,"['高級大床房（金可兒床墊+小冰箱+手機投屏+智能客控）:HK$423', '雙床房（城市夜景+小冰箱+手機投屏+智能客控）:HK$451', '商務大床房（金可兒床墊+小冰箱+手機投屏+智能客控）:HK$486', '高級雙床房（金可兒床墊+小冰箱+手機投屏+智能客控）:HK$496']"
上熙庭院酒店（大連金家街地鐵站店）,9.1,"['温馨榻榻米大床房:HK$500', '特惠房:HK$500', '高級大床房:HK$524', '高級雙床房A:HK$546']"
桔子水晶酒店（大連開發區萬達廣場店）,9.9,"['觀景大床房（絲漣床墊+小冰箱+舒適浴袍+手機投屏）:HK$463', '觀景高級大床房（絲漣床墊+冰箱+舒適浴袍+手機投屏）:HK$493', '觀景豪華大床房（絲漣床墊+冰箱+舒適浴袍+手機投屏）:HK$528', '觀景高級雙床房（絲漣床墊+冰箱+舒適浴袍+手機投屏）:HK$562', '行政大床房（絲漣床墊+小冰箱+舒適浴袍+手機投屏）:HK$578']"
大連遇見·歸宿海景酒店（中山廣場富麗華國際店）,9.8,"['遇見·臻眠·大床房（零壓床墊+記憶枕）:HK$499', '遇見·逸境·船景大床房（海灣船景+零壓床墊+記憶枕）:HK$553', '遇見·帷幄· 一室一廳行政大床房（零壓床墊+記憶枕）:HK$704', '遇見·雲棲·雙床房（海灣船景+零壓床墊+記憶枕）:HK$759']"
大連十洲雲水大酒店（大連西安路地鐵站店）,9.1,"['S靜謐舒睡大床房:HK$634', 'S靜謐舒睡雙床房:HK$661', 'S巨幕影音雙床房:HK$661', 'S新中式·庭院大床房（零壓床墊+整晚安睡）:HK$674', 'S新中式·庭院雙床房（零壓床墊+整晚安睡）:HK$714']"
