酒店名称,评分,房型价格列表
麥積山農莊,9.3,"['豪華標準間（空調）:HK$235', '景觀大床房（空調）:HK$235', '温馨親子間（空調）:HK$289', '景觀三人間（空調）:HK$289']"
潮漫酒店（天水火車站商埠路步行街店）,9.2,"['品質欣選大床房:HK$176', '品質欣選雙床房:HK$176', '品質臻選家庭房:HK$267']"
龍城假日酒店（市政府蘭天廣場店）,9.2,"['雲錦大床房（超大明窗+獨立空調+全屋暖氣+舒享床品）:HK$172', '閑庭雙床房（超大明窗+獨立空調+全屋暖氣+超大空間）:HK$183', '熙悦大床房（超大明窗+獨立空調+全屋暖氣+舒享床品）:HK$185', '璞悦大床房（超大明窗+獨立空調+全屋暖氣+舒享床品）:HK$207']"
漢庭酒店（天水中心廣場店）,9.6,"['大床房（可投屏）:HK$411', '高級大床房（可投屏）:HK$448', '豪華大床房（可投屏）:HK$486', '雙床房（可投屏）:HK$532']"
麥積山壹號客棧,9.5,"['舒適雙床房（空調）:HK$230', '温馨親子間（空調）:HK$249', '豪華三人間（空調）:HK$267']"
秦州羲皇民宿,9.2,"['標準雙床房:HK$244', '大床房:HK$244', '家庭房:HK$326']"
天水博亞酒店（高鐵南站盛達廣場店）,9.4,"['雅緻好夢大床房（亞朵釋壓床墊＋亞朵深睡記憶枕）:HK$378', '商務零壓大床房（亞朵釋壓床墊+亞朵深睡記憶枕）:HK$436', '商務零壓雙床房（亞朵釋壓床墊+亞朵深睡記憶枕）:HK$453', '行政深眠大床房（亞朵釋壓床墊＋亞朵深睡記憶枕）:HK$466', '行政深眠雙床房（亞朵釋壓床墊＋亞朵深睡記憶枕）:HK$483']"
萬信至格酒店（天水伏羲廟店）,9.4,"['商務大床房（智能客控）:HK$348', '豪華大床房（智能客控）:HK$366', '豪華雙床房（智能客控）:HK$366', '行政大床房（智能客控）:HK$402']"
海友酒店（天水南站橋南建材城店）,9.2,"['高級大床房（智能投屏+乾濕分離）:HK$242', '商務大床房（智能投屏+乾濕分離）:HK$260', '雙床房（智能投屏+乾濕分離）:HK$270', '家庭房（智能投屏+乾濕分離）:HK$297']"
麥積山石窟遠方的家,9.6,"['陽光大床房（空調）:HK$105', '輕奢標準間（空調）:HK$105', '家庭親子房（空調）:HK$129', '雅緻三人間（空調）:HK$129']"
希岸酒店（天水火車站店步行街店）,9.6,"['希岸高級大床房（智能語音客控）:HK$230', '希岸豪華雙床房（智能語音客控）:HK$255', '希岸豪華大床房（智能語音客控）:HK$264', '希岸親子房（智能語音客控）:HK$280']"
天水麥積山温泉旅遊酒店,9.2,"['臻選雅緻雙床房:HK$489', '臻選雅緻大床房:HK$489', '恆氧園景雙床房:HK$882', '恆氧園景大床房:HK$882', '湯屋私湯房:HK$990']"
杏林春賓館（天水四零七醫院伏羲廟店）,9.3,"['精品雙床房（舒眠床品+智能客控+智能空調+輕奢睡眠）:HK$284', '豪華雙床房（智能客控+智能空調+輕奢睡眠+辦公書桌）:HK$291', '豪華大床房（好眠超大床+智能客控+智慧投屏+輕奢睡眠）:HK$334', '河景大床房（一拍出片+智能客控+舒睡好眠+智能空調）:HK$406']"
麥積大酒店（天水火車站商埠路步行街店）,9.3,"['高級大床房（無線投屏+智能馬桶）:HK$307', '高級雙床房（無線投屏+智能馬桶）:HK$307', '特惠豪華大床房（無線投屏+智能馬桶）:HK$338', '特惠豪華雙床房（無線投屏+智能馬桶）:HK$338']"
山裡人家（麥積山景區店）,9.1,"['風跡・温馨大床房（空調）:HK$169', '月棲 · 輕奢標準間（空調）:HK$169', '花澗・家庭親子套房（空調）:HK$199']"
麥積山鳥語花香莊園,9.6,"['覓星·甜蜜大床房（空調）:HK$247', '自在·精品雙床房（空調）:HK$249', '拾光·温馨家庭房（空調）:HK$302', '半日閑·精品三人房（空調）:HK$304']"
美豪·麗致酒店（天水火車站商埠路步行街店）,9.2,"['靜雅雙床房:HK$266', '靜雅大床房:HK$286', '陽光湖景雙床房:HK$321', '陽光湖景大床房:HK$342']"
麥積山鄉村小院,9.5,"['豪華標準間（空調）:HK$249', '温馨親子間（空調）:HK$264', '豪華三人間（空調）:HK$283']"
全季酒店（天水中心廣場店）,9.5,"['大床房（智能投屏）:HK$317', '高級大床房（智能投屏）:HK$336', '雙床房（智能投屏）:HK$345', '舒壓高級大床房（零壓床墊+智能投屏）:HK$354']"
鈴蘭酒店（天水火車站市第二人民醫院店）,9.2,"['特惠大床房:HK$249', '商務標準間:HK$304', '商務大床房:HK$304', '豪華投影房:HK$304']"
蘭莓·羲華酒店（天水市政府中心廣場店）,9.3,"['商務大床房:HK$353', '商務標準間:HK$353', '豪華標準間:HK$374', '豪華大床房:HK$374']"
漢庭酒店（天水南站盛達廣場店）,9.5,"['高級大床房:HK$252', '商務大床房:HK$271', '雙床房:HK$271', '家庭房:HK$298']"
安悅庭輕居酒店,9.7,"['悦享大床房:HK$286', '悦庭雙床房:HK$286', '陽光親子間:HK$323']"
漢庭酒店（天水南站店）,9.4,"['大床房（公區自助洗衣機+智能投屏）:HK$254', '高級大床房（公區自助洗衣機+智能投屏）:HK$273', '高級雙床房（公區自助洗衣機+智能投屏）:HK$273', '家庭房（公區自助洗衣機+智能投屏）:HK$282']"
麥積山玉蘭小院民宿,9.7,"['山景標間 （空調）:HK$202', '山景親子間 （空調）:HK$221', '雅緻三人間（空調）:HK$239']"
天水金莎酒店（步行街店）,9.1,"['精品單間:HK$216', '精品標間:HK$216', '零壓精品標間（釋壓床墊-深睡記憶枕）:HK$220', '零壓精品大床房（釋壓床墊-深睡記憶枕）:HK$225']"
天順閣酒店,9.1,"['特惠標間:HK$221', '標間:HK$247', '大床房:HK$261']"
天水地質賓館（麥積山機場天水南站店）,9.4,"['零壓雅緻大床房:HK$315', '零壓豪華雙床房:HK$370', '零壓豪華大床房:HK$402', '零壓行政大床房:HK$425', '親子房:HK$435']"
君至精選酒店（天水市第一人民醫院龍城廣場店）,9.0,"['大床房（獨立空調+零壓床墊+自助洗衣房）:HK$388', '高級大床房（獨立空調+零壓床墊+自助洗衣房）:HK$415', '高級雙床房（獨立空調+零壓床墊+自助洗衣房）:HK$442', '商務大床房（獨立空調+零壓床墊+自助洗衣房）:HK$469']"
維也納酒店（天水高鐵南站橋南國際購物廣場店）,9.2,"['大床房:HK$207', '標準大床房:HK$226', '高級大床房:HK$236', '豪華大床房:HK$245']"
天水古城餘歡民宿,9.4,"['高級大床房（無線投屏）:HK$325', '高級雙床房（無線投屏）:HK$343', '豪華大床房（無線投屏）:HK$343', '豪華雙床房（無線投屏）:HK$380']"
一格快捷酒店（天水中心客運站店）,9.1,"['恬靜雙床房:HK$178', '舒享大床房:HK$198', '舒享雙床房:HK$209', '尚品大床房:HK$222']"
維也納酒店（天水中心廣場人民公園店）,9.4,"['高級大床房（投屏電視+零壓恆温安睡床墊）:HK$321', '高級雙床房（投屏電視+零壓恆温安睡床墊）:HK$346', '豪華大床房（智能客控+零壓恆温安睡床墊+投屏電視）:HK$362', '商務大床房（零壓恆温安睡床墊+投屏電視+超大空間）:HK$378']"
巷陌雲端民宿,9.6,"['簡約大床房:HK$126', '温馨大床房:HK$149']"
天水印象民宿,8.9,"['豪華標準間:HK$346', '豪華家庭房:HK$417', '豪華三人間:HK$445', '豪華套房:HK$1,002']"
水晶花園酒店（天水古城伏羲廟店）,9.0,"['雙床房:HK$373', '大床房（無窗）:HK$392', '雅緻雙床房:HK$415', '雅緻大床房:HK$426']"
喆啡酒店（天水南站建材城店）,8.4,"['啡凡大床房:HK$227', '啡凡豪華雙床房:HK$275', '啡凡家庭套房:HK$369']"
世紀金花輕居酒店（天水中心廣場店）,8.6,"['舒適大床房:HK$202', '舒適雙人間:HK$202', '雅緻單間:HK$202', '雅緻雙人間:HK$221']"
嘉楓酒店（天水高鐵站盛達廣場店）,8.5,"['特惠雙床房:HK$386', '悦享|精品雙床房:HK$494', '悦享|精品大床房:HK$510', '靜謐|豪華雙床房:HK$530', '靜謐|豪華大床房:HK$546']"
天水陽光飯店,8.6,"['（A座）標準間:HK$327', '（A座）商務間:HK$435', '（A座）大床房:HK$435', '（B座）單人間:HK$435', '（B座）標準間:HK$435']"
山水談民宿（天水麥積山石窟店）,9.6,"['蝶戀花·精品雙床（空調影音房）:HK$317', '長相思·精品大床（空調影音房）:HK$339', '如夢令·精品親子（空調電視房）:HK$354', '沁園春·精品三人（空調影音房）:HK$354']"
麥積山惜緣閣民宿,9.7,"['舒適標準間（空調）:HK$239', '豪華大床房（空調）:HK$239', '温馨親子房（空調）:HK$249', '主題親子間（空調）:HK$295']"
尚客優酒店（天水南站店）,9.6,"['智能標準大床房:HK$205', '智能舒適大床房:HK$226', '智能高級大床房:HK$247', '智能舒適雙床房:HK$257']"
天水凱麗瑞斯酒店,9.4,"['豪華標間:HK$498', '豪華單間:HK$550', '豪華套房:HK$1,027', '行政標間:HK$1,614', '行政套房:HK$1,614']"
天水迎賓客棧,9.6,"['標準間:HK$98', '豪華標間（空調）:HK$121', '三人房（空調）:HK$159', '三室一廳:HK$258']"
海友酒店（天水第一人民醫院店）,9.7,"['大床房:HK$192', '雙床房:HK$200', '家庭房:HK$218']"
麥積山迷窟民宿,9.4,"['幸運標間:HK$148', '豪華標間（空調）:HK$162', '家庭房（空調）:HK$325']"
舞季漫步酒店（萬達天御店）,9.0,"['温馨大床房:HK$289', '温馨雙床房:HK$340', '豪華大床房:HK$394', '温馨親子間:HK$403']"
天水林中居度假小木屋,9.5,"['棋牌大床房（公衞）:HK$174', '普通標準間（公衞）:HK$202', '舒適標準間:HK$267', '商務大床房:HK$267']"
麥積山石窟清雅民宿,9.4,"['豪華大床房（空調）:HK$154', '豪華雙床房（空調）:HK$154', '豪華親子間（空調）:HK$169', '豪華三人間（空調）:HK$191']"
