酒店名称,评分,房型价格列表
天門君佳酒店,9.1,"['迷你單人房:HK$231', '高級雙人房:HK$333', '休閑麻將房:HK$333', '豪華單人房:HK$379']"
維也納國際酒店（天門萬達廣場東湖店）,9.3,"['大床房:HK$216', '標準大床房:HK$227', '高級大床房:HK$238', '豪華大床房:HK$260']"
天門萬達廣場美侖酒店,9.7,"['高級大床房:HK$322', '高級雙床房:HK$341', '商務大床房:HK$352', '商務雙床房:HK$372', '高級棋牌大床房:HK$406']"
全季酒店（天門陸羽大道西湖店）,9.4,"['大床房:HK$321', '高級大床房:HK$352', '高級雙床房:HK$352', '豪華大床房:HK$381']"
雅斯特酒店（天門新城沃爾瑪店）,9.5,"['雅緻大床房（無窗）:HK$195', '高級大床房（觀景）:HK$213', '高級雙床房:HK$223', '豪華大床房（觀景）:HK$250']"
麗楓酒店（天門新城CBD沃爾瑪店）,8.9,"['標準單人房（彌散空氣凈化+慕思床墊）:HK$229', '豪華大床房（彌散空氣凈化+慕思床墊）:HK$253', '豪華雙床房（彌散空氣凈化+慕思床墊）:HK$253', '商務雙床房（彌散空氣凈化+慕思床墊）:HK$277']"
漢庭酒店（天門益佳廣場店）,9.6,"['雙床房-小度智能客控:HK$205', '大床房-小度智能客控:HK$205', '高級雙床房-小度智能客控:HK$224', '高級大床房-小度智能客控:HK$224']"
柏曼酒店（天門友誼路店）,9.1,"['標準大床房（寬敞明亮採光視野好）:HK$200', '商務大床房（大沙發+寬敞明亮）:HK$222', '豪華大床房（大沙發+寬敞明亮）:HK$244', '豪華雙床間（寬敞明亮+安靜舒適）:HK$260']"
城市便捷酒店（天門西湖陸羽故園店）,9.2,"['智能標準大床房:HK$154', '智能高級大床房（智能馬桶|記憶枕頭）:HK$180', '智能高級雙床房（智能客控|記憶枕頭）:HK$190', '智能商務大床房 （智能客控|記憶枕頭）:HK$201']"
海凡星連鎖酒店（天門兆瑞店）,9.6,['温馨商務雙床房:HK$211']
天門君佳東湖酒店,9.5,"['麻將大床房:HK$181', '高級大床房:HK$252', '高級雙床房:HK$252', '商務大床房:HK$291']"
茉莉花開連鎖酒店（滙僑店）,8.8,"['莉馨大床房:HK$129', '清雅大床房:HK$138', '清雅雙床房:HK$157', '美頤大床房:HK$157']"
駿怡連鎖酒店（天門寶安廣場店）,9.2,"['特惠大床房:HK$109', '商務雙床房:HK$114', '浪漫圓床房:HK$114', '精緻大床房:HK$114']"
藝龍瑞雲酒店（天門新城CBD大潤發店）,8.6,"['瑞月大床房:HK$169', '瑞彩棋牌大床房:HK$199', '瑞月雙床房:HK$199', '瑞彩至享大床房:HK$199']"
天門茉莉花開酒店,8.7,"['清雅大床房:HK$138', '清雅雙床房:HK$144', '美頤大床房:HK$151', '美頤雙床房:HK$159']"
天門歐華酒店（第一人民醫院店）,8.7,"['豪華大床房:HK$145', '悦享休閑雙床房:HK$159', '覓遇棋牌大床房:HK$163', '覓遇棋牌超大床房:HK$166']"
OK電競酒店,9.0,"['雙人電競大床房:HK$184', '特惠雙人電競雙床房:HK$184', '雙人電競棋牌房:HK$249', '四人電競房:HK$293']"
天門影迪酒店,7.8,"['普通單間:HK$129', '普通標準間:HK$162', '豪華大床房:HK$173', '豪華標準房:HK$216']"
優家民宿（天門CBD購物廣場沃爾瑪店）,8.7,"['情侶舒適大床房:HK$134', '情侶舒適單間:HK$136', '舒適大床房:HK$178', '舒適雙床房:HK$178']"
天門陸羽酒店,8.1,"['温馨雙床房:HK$127', '按摩大床房（電動按摩椅）:HK$127', '影院大床房（百寸巨幕影院+可投屏）:HK$127', '豪華雙床房:HK$135']"
尚客優連鎖酒店（天門店）,8.6,"['高級大床房（公區自助洗衣機）:HK$112', '高級雙床房:HK$112', '投影大床房:HK$135', '投影雙床房:HK$135']"
城市便捷酒店（天門新城沃爾瑪店）,9.2,"['標準大床房:HK$132', '高級大床房:HK$151', '標準雙床房:HK$151', '高級雙床房:HK$168']"
尚客優精選酒店（狀元路店）,9.3,"['精選大床房:HK$135', '精選高級大床房:HK$153', '風情圓床房:HK$162', '精選雙床房:HK$171']"
天門圓夢淳酒店,9.0,"['特價房（無窗）:HK$94', '普通標間:HK$115', '棋牌標間:HK$124', '普通大床房:HK$124']"
城市便捷酒店（天門東湖萬達廣場店）,9.1,"['標準大床房:HK$200', '標準雙床房:HK$200', '商務大床房:HK$209', '商務雙床間:HK$209']"
海凡星酒店（天門藍鯨店）,9.4,"['温馨雙床房:HK$151', '温馨大床房:HK$162', '雅緻大床房:HK$162', '影院大床房:HK$173']"
天門紅竟天賓館,9.6,"['特價單人間（公區提供洗衣房）:HK$126', '豪華標間（公區提供洗衣房）:HK$129', '特惠雙人間（公區提供洗衣房）:HK$131', '精品大床房（公區提供洗衣房）:HK$137']"
天門華泰飯店,8.1,"['豪華標準房:HK$332', '行政標準房:HK$369', '豪華大床房:HK$369', '行政大床房:HK$407']"
天門鑫馬酒店,9.1,"['經濟大床房（酒店提供自助洗衣房）:HK$98', '經濟雙床房（酒店提供自助洗衣房）:HK$101', '精品大床房（酒店提供自助洗衣房）:HK$118', '精品雙床房（酒店提供自助洗衣房）:HK$121']"
鑫怡賓館,9.5,"['普通標間:HK$82', '舒適大床房:HK$106', '豪華標間:HK$117', '温馨三人間:HK$117']"
天門友宜佳家庭賓館,9.6,"['特價單間（酒店公區提供洗衣機）:HK$67', '普通單間（酒店公區提供洗衣機）:HK$86', '普通雙人房（酒店公區提供洗衣機）:HK$87', '標準間（酒店公區提供洗衣機）:HK$89']"
天門家興客房,9.9,"['舒適大床房:HK$106', '標準雙人間:HK$111', '棋牌房:HK$136', '豪華套房棋牌雙床:HK$165']"
天門雙福賓館,8.1,"['單人間:HK$90', '特惠標準間:HK$100', '大床房:HK$100', '標準雙人間:HK$109']"
天門怡馨民宿,9.0,"['大床房:HK$88', '精品大床房:HK$107', '麻將房:HK$173']"
天門天北酒店,9.6,"['特價大床房（無空調）:HK$140', '温馨大床房:HK$184', '温馨雙床房:HK$184', '豪華大床房:HK$216']"
天門傑菲酒店,8.1,"['標準雙床房:HK$164', '標準大床房:HK$173', '家庭套房:HK$185']"
天門鑫鑫賓館,9.4,"['普通單間:HK$87', '普通標間:HK$87', '棋牌單間:HK$109', '棋牌標間:HK$118']"
駿怡連鎖酒店（天門南站店）,8.7,"['精選大床房:HK$136', '精選雙床房:HK$155', '豪華雙床房:HK$164', '麻將大床房:HK$173']"
天門雅蘭閣御苑賓館,9.5,"['經濟房:HK$91', '豪華單人房:HK$135', '豪華大床房:HK$145', '棋牌室:HK$579']"
天門寰亞商務賓館,8.6,"['標間:HK$110', '雙床麻將房:HK$137']"
V9城市客棧（天門陸羽廣場店）,7.2,"['標準單人間:HK$98', '標準雙人間:HK$130', '商務房:HK$174', '豪華套房:HK$207']"
天門宜品居商務賓館,8.8,"['豪華大床房:HK$91', '豪華標間:HK$100', '麻將大床房:HK$100', '麻將標準房:HK$108']"
天門雁叫中心旅社,8.7,"['温馨單人間:HK$91', '雙人間:HK$91', '三人間:HK$100', '棋牌雙人房:HK$128']"
天門旺角主題賓館,7.4,"['情侶主題房:HK$93', '標準間:HK$103', '温馨主題情侶房:HK$110', '棋牌娛樂房:HK$110']"
天門金龍賓館,8.1,"['標準間:HK$72', '商務大床房:HK$100', '豪華麻將套房:HK$119']"
天門荷花苑賓館,8.5,"['單間:HK$111', '大床房:HK$120', '標準間:HK$120', '三人間:HK$129']"
天門新城主題酒店,7.3,"['主題房:HK$137', '標準間:HK$153', '特惠房:HK$153', '大床房:HK$163']"
天門欣逸安賓館,9.0,"['標間:HK$82', '大床麻將房:HK$91', '麻將標間:HK$107']"
天門陽光賓館,7.9,"['單人間無空調（公共衞浴）:HK$58', '情侶大床間:HK$78', '標準間:HK$84', '麻將房:HK$118']"
福旺賓館,7.6,"['大單間:HK$80', '標準間:HK$80']"
