酒店名称,评分,房型价格列表
宜昌帥府鉑風酒店（宜昌東站店）,9.8,"['惠享大床房:HK$234', '精品大床房:HK$293', '精品雙床房:HK$317', '温馨家庭房:HK$317']"
麗橙酒店·智（宜昌三峽遊客中心濱江萬達店）,9.5,"['智悦大床房-零壓床墊+盡享靜謐:HK$331', '智悦雙床房-零壓床墊+盡享靜謐:HK$342', '智悟大床房-空間進階+零壓床墊+盡享靜謐:HK$352', '智臨城景雙床房-零壓床墊+榻榻米:HK$362', '智臨江景大床房-臨江景觀+零壓床墊+榻榻米:HK$393']"
長城酒店（宜昌CBD購物中心解放路步行街店）,9.5,"['長城·品心雙床房-商旅首推:HK$319', '長城·品心零壓雙床-臨近解放路步行街+免費大堂吧:HK$331', '長城·品心大床房-宜昌CBD購物中心TOP酒店:HK$359', '長城·品享雙床房:HK$364', '長城·品享零壓雙床房-精緻睡眠首推:HK$442']"
宜尚酒店（宜昌火車東站店）,9.6,"['智能大床房（夢百合零壓枕+智能客控）:HK$222', '智能雙床房（夢百合零壓枕+智能客控）:HK$257', '智能高級大床房（夢百合零壓枕+智能客控+落地窗）:HK$266', '智能高級雙床房（夢百合零壓枕+智能客控+落地窗）:HK$295']"
宜錦美怡酒店（宜昌濱江公園CBD購物中心店）,9.5,"['怡 · 雅緻雙床房-書桌+零度靜音床墊:HK$272', '怡 · 雅緻大床房-書桌+零度靜音床墊:HK$274', '靜謐品質大床房-零度靜音乳膠床墊:HK$281', '靜謐品質雙床房-書桌+零度靜音床墊:HK$289', '舒適麻將房:HK$346']"
通泰酒店（宜昌夷陵萬達廣場水悦城購物中心店）,9.4,"['城景大床房（智能語音+喜臨門乳膠床墊+舒適體驗）:HK$292', '豪華雙床房（智能語音+城市景觀+喜臨門乳膠床墊+小冰箱）:HK$329', '園景大床房（智能語音+城市山景+喜臨門乳膠床墊+小冰箱）:HK$356', '園景親子套房（智能語音+安靜温馨+小冰箱）:HK$558', '園景棋牌套房（智能語音+休閑娛樂麻將+小冰箱）:HK$682']"
君鼎智尚酒店（宜昌火車東站三峽物流園店）,9.6,"['悦·舒適大床房（乳膠床墊+手機投屏）:HK$200', '悦·舒適雙床房（乳膠床墊+手機投屏）:HK$210', '智·優享陽光雙床房（乳膠床墊+手機投屏）:HK$232', '智·靜謐大床房（乳膠床墊+手機投屏）:HK$242', '智·優享陽光大床房（乳膠床墊+手機投屏）:HK$251']"
曼泊·智酒店（宜昌三峽遊客中心濱江萬達廣場店）,9.3,"['曼優·玲瓏寶藏特惠房·城遇愛情:HK$221', '曼悦.城景智控大床房—零壓床墊+悦享快樂江景:HK$267', '曼趣.趣美智控大床房—趣享風景:HK$351', '曼咖.城遇智控雙床房—遇見最美的自己:HK$381']"
曼泊酒店（宜昌吾悦廣場居然之家店）,9.2,"['曼優.共贏1+1陽光雙床房:HK$114', '曼趣.趣享遇見雙床房—安靜好睡眠:HK$129', '曼咖.初暖城遇大床房:HK$137', '曼悦.好眠深睡大床房—乳膠零壓床墊+乳膠枕+超大床:HK$153']"
宜昌京宜酒店（宜昌三峽大學店）,9.6,"['京韻.智能雙床房|智能温控+高速Wifi:HK$198', '京華.輕奢全智能雙床房|智能客控+定製床墊:HK$220', '京韻.智能大床房|智能温控+高速Wifi:HK$220', '京華.輕奢全智能大床房|智能客控+定製床墊:HK$251', '輕享.智能影音大床房|巨幕投影+環繞立體聲:HK$272']"
凱盛美季酒店（宜昌CBD購物中心店）,9.5,"['幸運滿貫雙床房:HK$272', '好運滿滿大床房:HK$283', '好事成雙雙床房:HK$317', '平安喜樂大床房:HK$340']"
濱江壹號大酒店（宜昌濱江公園CBD購物中心店）,9.1,"['城景精緻大床房:HK$320', '城景商務大床房:HK$341', '江景商務雙床房:HK$359', '江景商務大床房:HK$359', '城景豪華雙床房:HK$389']"
旅程酒店（宜昌三峽遊客中心萬達廣場店）,9.2,"['精緻大床房:HK$204', '城景大床房:HK$218', '側江景大床房:HK$233']"
你好酒店（宜昌星光天地店）,9.7,"['大床房:HK$335', '高級大床房:HK$365', '影音房:HK$385', '江景大床房:HK$406']"
國賓半島酒店（宜昌水悦城店）,9.5,"['半.靜怡商務雙床房（深度好眠）:HK$260', '半.靜怡商務大床房（深度好眠）:HK$260', '半.靜悦親子家庭房:HK$391', '半.靜享公務大床房（180°全視野+慕思床墊）:HK$391', '半.靜享公務雙床房（180°全視野+辦公桌椅）:HK$391']"
宜昌蘭山與宿（三峽大壩景區店）,9.6,"['霜輕·嚴選靜雅大床房:HK$254', '暮蟬·臻情雅韻雙床房:HK$417', '浮香·温馨榻榻米親子房:HK$488', '疏影·江景大床房（小度智能客控）:HK$630']"
麗怡酒店（宜昌中南路長江廣場店）,9.7,"['高級大床房（慕思深睡床墊+暢享投屏+智能馬桶）:HK$263', '高級雙床房（慕思深睡床墊+暢享投屏+智能馬桶）:HK$271', '行政大床房（180度城市景觀+超大起居謐境+暢享投屏+慕思定製床墊+智能馬桶）:HK$334', '豪華三人房（180度城市景觀+智能滅菌馬桶+慕思床墊）:HK$438']"
宜昌青春艙·輕居酒店,9.3,"['商務雙床房:HK$157', '豪華大床房:HK$170', '親子雙床房:HK$170']"
麗楓酒店（宜昌中南路新華廣場店）,9.6,"['雅緻大床房:HK$269', '商務雙床房:HK$278', '商務大床房:HK$287', '豪華雙床房:HK$296', '豪華大床房:HK$304']"
華美達宜昌大酒店（CBD購物中心店）,9.2,"['靜享舒適大床房-舒適格局+獨立辦公桌:HK$296', '靜享舒適雙床房-舒適格局+獨立辦公桌:HK$296', '靜享商務大床房:HK$296', '靜享商務雙床房:HK$296', '豪華景觀大床房-浴缸+180°城景+地標夜景:HK$322']"
全天美宿酒店（宜昌火車東站店）,9.7,"['Scenery逸景雙床房（全屋智能客控+進口乳膠床墊+手機投屏）:HK$213', 'Elegant雅緻大床房（全屋智能客控+進口乳膠床墊）:HK$213', 'Super雙床房 （全屋智能客控+超大雙人間+進口乳膠床墊）:HK$213', 'Icon臻選大床房（全屋智能客控—+進口乳膠床墊）:HK$243', 'Honor尊悦大床房（全屋智能客控+進口乳膠床墊）:HK$263']"
麗橙酒店·智（宜昌火車東站汽車客運中心站店）,9.7,"['智悦城景大床房-智能客控+零壓床墊+電視投屏:HK$337', '智悟高級大床房-智能客控+零壓床墊+電視投屏:HK$372', '智賞巨幕影視大床房-智能客控+零壓床墊+高清幕布投影:HK$373', '智悦高級雙床房-智能客控+零壓床墊+電視投屏:HK$403']"
宜昌阿爾·寶閣麗酒店,9.5,"['凌空全智能雙床房:HK$515', '凌空智能投影大床房:HK$536', '180°臨江·大床房:HK$676', '180°臨江·雙床房:HK$708', '寶閣麗·江畔大床房-全落地窗視野:HK$784', '寶閣麗·行政雙床房-270°全景:HK$794']"
你好酒店（宜昌三峽大學水悦城店）,9.7,"['大床房:HK$295', '高級大床房:HK$315', '高級雙床房:HK$333', '商務雙床房:HK$353']"
運7酒店（宜昌萬達廣場遊客中心店）,9.7,"['惠享大床房【零壓床墊+遮光窗簾】:HK$261', '麗致大床房【心之約零壓床墊+沙發美人靠】:HK$274', '影院大床房【百寸巨幕觀影+新風循環】:HK$287', '麗致標準房【心之約零壓床墊+酣然入夢】:HK$294']"
壹宿酒店（伍家崗萬達廣場店）,9.3,"['歡享智能大床:HK$301', '雅樂輕奢雙床房:HK$327', '歡欣巨幕大床房:HK$339', '雅緻靜謐雙床房:HK$364']"
宜昌滙豪國際酒店,9.4,"['滙·景觀三人房:HK$334', '滙·甄選大床房:HK$345', '滙·雅緻大床房（舒達床墊+小冰箱）:HK$379', '滙·觀山行政套房（舒達床墊+小冰箱）:HK$746']"
麗橙酒店·智（宜昌火車東站五一廣場店）,9.5,"['靜謐雙床房-零壓床墊-乾濕分離:HK$240', '智悦城景大床房-小愛智能客控+手機投屏:HK$249', '靜悦雙床房-乳膠枕頭-舒適床墊-品質睡眠:HK$267', '智悟好眠大床房–自在空間+提高睡眠質量:HK$267', '智臨魔鏡運動大床房-小愛客控-高空夜景:HK$285']"
城市便捷酒店（宜昌火車東站店）,9.7,"['標準大床房（記憶枕+城市夜景）:HK$205', '標準雙床房（記憶枕+城市夜景）:HK$220', '商務大床房（記憶枕+城市夜景）:HK$221', '高級大床房（記憶枕+180°高空城景）:HK$239']"
宜昌悠然江景客棧（三峽大壩店）,9.7,"['精品標準間:HK$250', '江景標準間:HK$285', '江景豪華大床房:HK$309', '温馨家庭親子房:HK$434']"
水雲嵐酒店（宜昌三峽遊客中心濱江萬達廣場店）,9.7,"['嵐夕精緻大床房—深睡舒眠床墊+新風循環:HK$469', '嵐夕精緻雙床房—深睡舒眠床墊+新風循環:HK$482', '嵐夕雅緻大床房【零壓床墊+mini小冰箱】:HK$516', '嵐夕雅緻雙床房【零壓床墊+mini小冰箱】:HK$526', '雲夕江景大床房【高空江景+夢百合零壓床墊+mini冰箱】:HK$558']"
建國璞隱酒店（宜昌店）,9.6,"['詠蘭居大床房:HK$321', '凌霜居城景雙床房（安靜）:HK$327', '暗香居江景大床房（投屏電視+智能馬桶）:HK$336', '凌霜居江景雙床房（投屏電視+智能馬桶）:HK$354', '清蓮居家庭房（江景）:HK$438']"
宜昌玥庭蘭苑民宿（三峽大壩景區店）,9.6,"['月上·山景輕奢大床房（大觀景窗，觀黃牛巖山景）:HK$252', '月隱·山景品質大床房（大觀景窗，觀黃牛巖山景）:HK$252', '雲湧·山景輕奢雙床房【大觀景窗，視野廣】:HK$315', '花庭水月·江景陽台大床房【全景落地窗+180度觀江】:HK$354']"
你好酒店（宜昌火車東站店）,9.6,"['大床房:HK$263', '高級大床房:HK$283', '高級雙床房:HK$311', '商務雙床房:HK$331']"
覓舍輕享酒店（宜昌中南興發廣場三峽職院店）,9.5,"['春花秋月-城景投影大床房:HK$204', '清風明月-輕奢MAX雙床房:HK$213', '晴雲秋月-星空投影大床房:HK$221', '霽風朗月-時光投影大床房:HK$255']"
東辰假日酒店（宜昌夷陵萬達廣場店）,9.3,"['輕氧辰馨雙床房:HK$212', '辰意雙床房:HK$247', '輕氧辰時大床房:HK$260']"
麗橙酒店（宜昌濱江步行街店）,9.1,"['雅緻大床房:HK$206', '麗享標準間:HK$206', '高級大床房:HK$243', '高級標準間:HK$255']"
宜昌峽州夷陵飯店（沿江大道解放路步行街店）,9.4,"['豪華雙床房:HK$320', '豪華大床房:HK$320', '商務大床房:HK$348', '商務雙床房:HK$348', '温馨家庭房:HK$466']"
宜昌東站鑫鼎亞朵酒店,9.6,"['雅緻大床房-投屏電視+智能客控+小冰箱:HK$356', '高級雙床房-投屏電視+智能客控+小冰箱:HK$380', '高級大床房-投屏電視+智能客控+小冰箱:HK$389', '高級江景大床房-投屏電視+智能客控+小冰箱:HK$425', '高級江景雙床房-投屏電視+智能客控+小冰箱:HK$425']"
三峽工程東山酒店（宜昌水悦城三峽大學店）,9.4,"['精選雙床房:HK$225', '舒心雙床房:HK$238', '温馨雙床房:HK$258', '負離子精緻大床房:HK$258', '負離子尊享大床房:HK$285']"
雅斯特酒店（宜昌解放路步行街店）,9.4,"['雅緻大床房:HK$272', '雅緻雙床房:HK$272', '高級大床房:HK$305', '豪華大床房:HK$327']"
如家驛居酒店（宜昌火車東站店）,9.4,"['大床房-智能客控:HK$170', '雙床房-智能客控:HK$170', '影音大床房-智能客控:HK$170', '高級大床房-智能客控:HK$188']"
華洋星光酒店（宜昌華祥CBD店）,9.5,"['豪華雙床房:HK$199', '豪華三人間:HK$295', '舒雅全智能雙床房:HK$590', '靜雅全智能雙床房:HK$590']"
城市便捷酒店（宜昌神仙灣三峽高速路口店）,9.6,"['標準大床房:HK$181', '高級大床房:HK$209', '標準雙床房:HK$216', '影院大床房:HK$230']"
宜昌均瑤國際酒店（宜昌CBD購物中心夷陵廣場店）,9.5,"['高級雙床房:HK$428', '高級大床房:HK$466', '豪華大床房:HK$495', '豪華雙床房:HK$495', '行政大床房:HK$546', '華麗景觀房:HK$580']"
中青·秋果酒店（宜昌火車東站客運中心店）,9.8,"['優享大床房|深度睡眠|全屋智能+乳膠床墊+乾濕分離:HK$221', '優享雙床房|深度睡眠|全屋智能＋乳膠床墊+乾濕分離:HK$228', '明星大床房|私人沙發|乳膠床墊+全屋智能+陽光滿屋:HK$247', '明星雙床房-商務辦公+全屋智能+乾濕分離:HK$254']"
宜昌謳印酒店（三峽大學吾悦廣場店）,9.7,"['舒適大床房:HK$216', '舒適雙床房:HK$216', '悦己max影音大床房:HK$236', '大空間max全景雙床房:HK$246']"
朗悦酒店（宜昌吾悦廣場店）,9.5,"['悦然雲想大床房:HK$217', '悦然覓境大床房:HK$248', '悦然雲想雙床房:HK$258', '悦然覓境雙床房:HK$258']"
金德瑞國際酒店（宜昌水悦城購物中心三峽大學店）,9.3,"['金.品心高級雙床房:HK$369', '金.品心高級大床房:HK$369', '金.品優豪華雙床房:HK$402', '金.品優豪華大床房:HK$435', '金.品質行政雙床房:HK$565', '金.品質行政大床房:HK$565']"
宜昌峽州賓館（CBD購物中心解放路步行街店）,9.0,"['假日樓經濟普通標間:HK$203', '假日樓經濟普通單間:HK$276', '家園樓豪華標間:HK$324', '家園樓豪華單間:HK$324', '家園樓商務套房:HK$435']"
