酒店名称,评分,房型价格列表
宜春棲韻溫泉度假酒店（溫湯店）,9.4,"['高級大床房【浴缸+富硒温泉】:HK$216', '豪華大床房【富硒温泉】:HK$238', '高級標準間【浴缸+富硒温泉】:HK$293', '庭院雙園景標準間【浴缸+富硒温泉】:HK$325', '庭院雙園景陽光房【浴缸+富硒温泉+户外陽台】:HK$369']"
明月山書意温泉酒店,9.0,"['私湯温泉雙床房:HK$206', '河景私湯温泉大床房（富硒温泉+深泡浴缸+乾濕分區）:HK$206', '河景私湯温泉大床房loft（富硒温泉+會客廳+深泡浴缸）:HK$240', '私湯温泉親子房loft（富硒温泉+深泡浴缸+親子主題）:HK$272']"
明月山禪茶温泉酒店,9.1,"['高級大床房:HK$174', '私湯温泉雙床房（富硒温泉+深泡浴池+乾濕分離）:HK$206', '私湯温泉大床房（富硒温泉+深泡浴池+乾濕分離）:HK$206', '泡池觀景大床房（富硒温泉+圓形泡池+乾濕分離）:HK$238']"
錦安明月酒店（宜春高鐵站萬達店）,9.8,"['甄選江景大床房[全屋智能+喜臨門床+萊芬吹風機]:HK$260', '輕奢智能大床房[全屋智能+喜臨門床+萊芬吹風機]:HK$268', '輕奢智能雙床房[全屋智能+喜臨門床+萊芬吹風機]:HK$268', '雅緻江景大床房[全屋智能+喜臨門床+萊芬吹風機]:HK$268']"
麗楓酒店（宜春明月之都店）,9.5,"['雅緻大床房:HK$293', '豪華大床房:HK$324', '豪華雙床房:HK$324', '行政大床房:HK$342', '純凈大床房:HK$381']"
宜春紅林大酒店,9.2,"['暢享雙床房:HK$327', '暢享大床房:HK$327', '親子房:HK$545', '舒適套房:HK$664', '豪華套房:HK$817']"
麗楓酒店（宜春經開區店）,9.7,"['雅緻大床房（新風空氣凈化+智能家居）:HK$293', '豪華大床房（慕斯零壓好眠）:HK$320', '純凈大床房（彌散空氣凈化+慕斯零壓好眠）:HK$337', '豪華雙床房（慕斯零壓好眠）:HK$339']"
明月山温湯大酒店,8.9,"['樂享精英房:HK$281', '標準雙床房:HK$337', '標準大床房:HK$390', '主題大床房:HK$391', '紅木大床房:HK$500']"
柏納酒店（宜春萬達高鐵站店）,9.4,"['臻享雙床房（高空美景+大視野）:HK$217', '臻享大床房（高層美景+大視野）:HK$217', '陽光城景大床房（街區城景+大視野）:HK$238', '陽光山景雙床房（絕美山景+大視野）:HK$250']"
宜春硒湯温泉度假酒店（温湯古井泉街店）,8.7,"['高級雙床房（富硒温泉+浴缸+愜意庭院）:HK$171', '私湯温泉雙床房（富硒温泉+室內浴缸+愜意庭院）:HK$202', '私 湯温泉大床房（富硒温泉+室內浴缸+愜意庭院）:HK$202', '景觀温泉雙床房（富硒温泉+室內浴缸+陽台）:HK$205']"
明月驛站度假酒店,9.4,"['棲遲大床房（直飲富硒泉水）:HK$293', '山居-靜享雙床房（可直飲富硒泉水）:HK$425', '雲棲山居大床房（直飲富硒泉水）:HK$425', '創享童年親子房（親子帳篷+親子玩具）:HK$480', '雲軒閣棋牌大床房:HK$480']"
宜春明月山維景國際温泉度假酒店,9.2,"['二號樓公寓雙床房:HK$339', '二號樓公寓大床房:HK$479', '主樓特價小窗雙床房（無浴缸）:HK$523', '主樓高級雙床房:HK$544', '主樓行政雙床房:HK$633', '主樓河景雙床房:HK$654']"
東鵬酒店（宜春秀江東路狀元洲店）,9.5,"['舒適大床房（靜謐空間+配置辦公區+冷藏小冰箱+電視可投屏）:HK$198', '江景大床房（獨立會客區+辦公桌+陽光滿屋+冷藏冰箱+電視可投屏）:HK$214', '舒適雙床房（深度好眠+配置辦公區+電視可投屏）:HK$216', '智慧雙床房（全屋智能+電視可投屏+辦公區+舒適沙發+冷藏冰箱）:HK$264', '江景雙床房（陽光滿屋+獨立會客區+辦公桌+舒適沙發+冷藏冰箱）:HK$271']"
維也納酒店（宜春行政中心店）,9.5,"['高級大床房:HK$198', '高級雙床房:HK$198', '豪華大床房:HK$230', '豪華雙床房:HK$230']"
江湖温泉酒店（宜春温湯鎮店）,8.8,"['副樓-特價大床房【温泉入户+斜躺長浴缸+温馨雅居】:HK$176', '副樓-簡約雙床房【温泉入户+室內浴缸+獨享大空間】:HK$199', '副樓-雅緻河景雙床房【温泉入户+室內浴缸+秀麗河景】:HK$220', '副樓-蓮花泡池大床房【温泉入户+室內泡池+秀麗河景】:HK$242']"
宜春市行政中心亞朵酒店,9.6,"['雅緻雙床房（慢回彈記憶枕+手機投屏+裸眠床品）:HK$339', '雅緻大床房（慢回彈記憶枕+手機投屏+裸眠床品）:HK$339', '高級大床房（慢回彈記憶枕+手機投屏+裸眠床品）:HK$359', '高級雙床房（慢回彈記憶枕+裸眠床品）:HK$359', '幾木雙床房（亞朵深睡枕+minibar+裸眠床品）:HK$399']"
江西礦療温泉酒店,8.8,"['五號樓舒適大床房:HK$336', '四、五號樓舒適雙床房:HK$336', '山水樓園景雙床房:HK$391', '山水樓園景大床房:HK$391']"
DUDDEN杜登酒店（宜春行政中心高鐵站店）,9.4,"['舒適雙床房:HK$380', '舒適大床房:HK$380', '城景大床房:HK$412', '城景雙床房:HK$412', '江景大床房:HK$434']"
格非酒店（宜春市袁州區高鐵站店）,9.2,"['商務大床房:HK$158', '雅緻雙床房:HK$158', '城景大床房:HK$185', '商務雙床房:HK$185']"
麗楓酒店（宜春高鐵站袁州區行政中心店）,9.8,"['雅緻大床房（慕思床墊➕藍牙音響➕空氣凈化器）:HK$273', '豪華大床房（慕思床墊➕藍牙音響➕空氣凈化器）:HK$290', '商務大床房（慕思床墊➕藍牙音響➕空氣凈化器）:HK$298', '豪華雙床房（慕思床墊➕藍牙音響➕空氣凈化器）:HK$300']"
山野温泉酒店（宜春温湯店）,9.3,"['隱居·温泉棋牌廚房投影套房「冰箱洗衣機+可做飯」:HK$233', '祕境·觀影休閑温泉大床房「酣睡床墊+超清投影+小冰箱」:HK$233', '陽光·悠閑温泉無煙雙床房「180°落地窗+温泉浴缸+落日山景」:HK$284', '露台·廚房温泉大床房「180°落地窗+多功能廚房+露台」:HK$284']"
龍灣溫泉酒店（宜春溫湯店）,9.3,"['精選優享大床房:HK$250', '精選優享雙床房:HK$250', '雅居浴缸雙床房「超清投影+智能客控」:HK$298', '雅居浴缸大床房「超清投影+智能客控」:HK$312']"
明月山湯池温泉酒店,8.9,"['浪漫·私湯温泉大床房:HK$221', '島嶼·私湯湖景大床房:HK$241', '原木·温泉私湯雙床房:HK$257', 'Loft複式·湖景温泉大床房:HK$296']"
維也納酒店（宜春高鐵站萬達店）,9.6,"['標準大床房:HK$200', '豪華大床房:HK$225', '豪華雙床房:HK$239', '棋牌大床房:HK$248']"
宜春嫦娥宮民宿（溫湯明月千古情景區店）,9.2,"['原古風 | 普通大床房【帶木桶智能馬桶】:HK$287', '宋式風 | 普通雙床房【帶浴缸智能馬桶】:HK$287', '原古風 | 網紅大床房【帶長形浴缸】:HK$358', '原古風 | 網紅雙床房【帶大浴缸】:HK$390']"
培訓中心酒店（宜春方特幼專店）,9.5,"['特惠單間:HK$233', '豪華大床房:HK$275', '豪華親子房:HK$275', '豪華標間:HK$296']"
全季酒店（宜春站袁州區行政中心店）,9.7,"['大床房:HK$311', '高級雙床房:HK$322', '高級大床房:HK$331', '商務大床房:HK$351']"
悦空中酒店（宜春潤達國際店）,9.3,"['榻榻米大床房:HK$233', '和悦雙床房（天貓精靈）:HK$245', '空中瑰麗大床房（智能馬桶）:HK$257', '豪華影視大床房（百寸巨幕+影視VIP）:HK$269']"
宜春得泉温泉酒店,9.7,"['温泉街景大床房:HK$466', '温泉街景雙床房:HK$466', '温泉無煙雙床房:HK$487', '温泉複式大床房:HK$530']"
歡朵酒店（宜春市政府店）,9.6,['歡致丨臻享大床房【全屋智能＋乳膠床墊＋寬敞明亮】:HK$235']
漢庭酒店（宜春市政府融薈城店）,9.9,"['大床房「品牌床墊+乳膠枕+LG洗烘機+電視投屏」:HK$190', '商務雙床房「辦公區+喜臨門床墊+LG洗烘機+電視投屏」:HK$209', '高級大床房「辦公桌+喜臨門床墊+LG洗烘機+電視投屏」:HK$209', '商務大床房「採光明亮+休閑沙發+LG洗烘機+電視投屏」:HK$238']"
天沐·江西明月山温泉度假村,8.9,"['明月閣複式雙床房:HK$279', '明月閣複式大床房:HK$387', '天沐閣高級湖景雙床房:HK$430', '天沐閣豪華湖景雙床房【舒脊乳膠床墊】:HK$570', '天沐閣高級湖景麻將房:HK$623']"
宜春秀江賓館,9.2,"['豪華湖景雙床房:HK$276', '雅緻園景大床房:HK$276', '豪華湖景大床房:HK$286', '尊享行政套房:HK$589']"
東鵬酒店（宜春國際商貿城店）,9.4,"['悦景舒適大床房【北湖風光+辦公區域+辦公桌椅+休閑躺椅+電視可投屏】:HK$230', '悦靜舒適雙床房【辦公區域+辦公桌椅+休閑躺椅+電視可投屏】:HK$237', '雅緻高級雙床房【辦公區域+辦公桌椅+休閑躺椅+落地窗+電視可投屏+地毯】:HK$258', '茗香雅緻大床房【俯瞰北湖風光+大板茶桌+茶具+落地窗+電視可投屏】:HK$279']"
華爾街酒店（宜春鼓樓步行街潤達國際店）,9.6,"['暢享觀影I巨幕城景大床房【全屋智能&負離子高速吹風機&零壓舒睡床品&超大空間&採光明亮】:HK$175', '暢享觀影I巨幕城景雙床房【全屋智能&負離子高速吹風機&零壓舒睡床品&超大空間&採光好】:HK$182', '暢享旅途I舒適大床房【全屋智能&負離子高速吹風機&零壓舒睡床品&超大空間&採光明亮】:HK$194', '暢享旅途I舒適雙床房【全屋智能&負離子高速吹風機&零壓舒睡床品&超大空間&採光明亮】:HK$206']"
宜春泉月山莊度假酒店,8.3,"['豪華温泉陽台雙床房（富硒温泉+獨立陽台+瓶裝水+健身房+唱歌機+公用洗衣機+茶室+部分山景+各類棋具球類）:HK$333', '豪華温泉陽台大床房（富硒温泉+獨立陽台+瓶裝水+健身房+唱歌機+公用洗衣機+茶室+部分山景+各類棋具球類）:HK$391', '豪華温泉棋牌雙床套間（麻將+富硒温泉+瓶裝水+健身房+唱歌機+公用洗衣機+茶室+部分山景+各類棋具球類）:HK$587', '豪華温泉親子三床套房（兩室兩衞+富硒温泉+部分獨立陽台+瓶裝水+健身房+唱歌機+茶室+部分山景+各類棋具球類）:HK$871', '行政套房:HK$2,398']"
硒源美宿（溫湯古井泉街店）,9.8,"['温馨榻榻米房-温泉私浴+高檔床墊+馬桶墊+浴缸袋:HK$193', '精緻大床房-温泉私浴+高檔床墊+馬桶墊+浴缸袋:HK$231', '舒適雙床房-温泉私浴+高檔床墊+馬桶墊+浴缸袋:HK$259', '豪華雙床房--温泉私浴+高檔床墊+全屋智能+智能馬桶:HK$299']"
宜春硒泉賓館,9.0,"['靜謐園景雙床房:HK$215', '硒泉精品大床房:HK$215', '硒泉街景雙床房:HK$221', '硒泉豪華麻將套房:HK$330']"
你好酒店（宜春潤達國際店）,9.5,"['大床房:HK$207', '高級大床房:HK$217', '高級雙床房:HK$217', '豪華大床房:HK$235']"
麗風酒店（宜春鼓樓步行街店）,8.7,"['豪華大床房:HK$228', '豪華雙床房:HK$228', '雅緻大床房:HK$254', '私人影院房:HK$305']"
維也納酒店（温湯明月山大道店）,9.0,"['高級大床房（全屋智能）:HK$226', '豪華雙床房（全屋智能）:HK$260', '豪華大床房（全屋智能）:HK$260', '行政雙床房（全屋智能）:HK$281']"
宜春温湯雨後温泉民宿,9.9,"['五滴（榻榻米温泉雙床房）:HK$1,052', '九滴（榻榻米温泉雙床房）:HK$1,092', '六滴（露台温泉大床房）:HK$1,447', '七滴（露台温泉大床房）:HK$1,447', '六縷（露台温泉雙床房）:HK$1,447']"
錦安酒店（國際商貿城店）,9.4,"['純凈雙床房（空氣凈化機 +靜謐空間+配置辦公區+智能語音控制）:HK$208', '純凈大床房:HK$208', '舒享雙床房（公園觀景+靜謐空間+配置辦公區+智能語音控制）:HK$220', '舒享大床房（城市觀景+靜謐空間+配置辦公區+智能語音控制）:HK$220']"
潮一漫酒店（宜春經開區經發大道店）,9.7,"['悦享雙床房:HK$115', '高級大床房（優眠床品+精品書籍+自然通透）:HK$121', '高級雙床房（優眠床品+舒適安靜+自然通透）:HK$131', '智能大床房（智能語音+優眠床品+潔凈布草+自然通風）:HK$141']"
特維斯酒店（宜春潤達國際店）,9.1,"['慕斯大床房:HK$173', '霧閣雲窗大床房:HK$179', '巨幕影音大床房:HK$186', '舒適雙床房:HK$198']"
宜春VS電競概念酒店（潤達購物中心店）,9.4,"['棋牌大床房｛智能家居｝:HK$198', '輕奢電競大床房｛智能家居+4060顯卡｝:HK$247', '輕奢電競雙床房｛智能家居+4060顯卡｝:HK$258', '投影電競浴缸大床房｛智能家居+4060顯卡｝:HK$278']"
桔子酒店（宜春站袁州區行政中心店）,9.6,"['加州陽光高級大床房（電視投屏）:HK$428', '加州陽光雙床房:HK$428', '加州陽光豪華大床房:HK$458', '加州陽光觀景雙床房:HK$458']"
希岸酒店（宜春市政府高鐵站店）,9.0,"['特惠玲瓏大床房（零壓床墊+乳膠枕）:HK$184', '希岸雅緻大床房（全景落地+乳膠枕）:HK$206', '希岸高級雙床房（乳膠枕+舒適辦公區）:HK$217', '希岸豪華大床房（放鬆沙發區+乳膠枕）:HK$228']"
柏曼酒店（宜春市政府高鐵站店）,9.2,"['標準大床房（高層舒適+靜謐空間）:HK$157', '城景大床房（高樓層觀景+寬敞明亮）:HK$164', '城景雙床房（高樓層觀景+寬敞明亮）:HK$171', '商務大床房（寬敞明亮+視野好）:HK$179']"
華爾街LOFT酒店（宜春市政府融薈城店）,9.3,"['舒享智能丨LOFT雙床房:HK$174', '舒享智能丨LOFT大床房:HK$180', '暢享觀影丨巨幕景觀大床房:HK$197', '暢享觀影丨巨幕景觀雙床房:HK$203']"
