酒店名称,评分,房型价格列表
李莊四悦酒店,9.5,"['夢蓮·高級大床房:HK$752', '夢蓮·高級雙床房:HK$752', '悦園.高級合院大床房:HK$752', '悦園.高級合院雙床房:HK$752', '夢蓮·高級套房:HK$1,080', '悦園.高級合院平層套房:HK$1,517']"
宜賓大學城希爾頓歡朋酒店,9.6,"['舒適大床房:HK$361', '舒適雙床房:HK$382', '舒適山景大床房:HK$382', '高級雙床房:HK$415', '高級景觀大床房:HK$423']"
宜賓聖芳丹酒店,9.6,"['精品雙床房:HK$360', '精品大床房:HK$360', '高級雙床房:HK$453', '高級大床房:HK$453', '豪華浴缸大床房:HK$546', '伯多祿豪華套房:HK$1,754']"
景湖酒店（宜賓西站宜賓市政務中心店）,9.3,"['清風丨高級大床房-智能客控:HK$229', '映月丨優享大床房-智能客控:HK$349', '靜湖丨甄選大床房-智能客控:HK$392', '上善丨行政套房-智能客控:HK$501']"
宜賓禪棲酒店（合江門廣場店）,9.2,"['禪語特價房[禪意風格│零壓品牌床墊]:HK$180', '禪緣大床房[禪意風格│零壓品牌床墊]:HK$240', '禪緣雙床房[禪意風格│零壓品牌床墊]:HK$247', '雅墨江景大床房[禪意風格│零壓品牌床墊]:HK$262']"
宜賓竹韻裏酒店,9.6,"['高級大床房（全屋智能客控+Nespresso膠囊機）:HK$544', '高級雙床間（全屋智能客控+Nespresso膠囊機）:HK$544', '豪華大床房（全屋智能客控+Nespresso膠囊機）:HK$621', '豪華雙床房（全屋智能客控+Nespresso膠囊機）:HK$654', '豪華觀景大床房（全屋智能客控+Nespresso膠囊機）:HK$864', '高級套房A（全屋智能客控+Nespresso膠囊機）:HK$906']"
宜賓高鐵西站亞朵酒店,9.7,"['雅緻雙床房（投屏電視+語音客控）:HK$296', '雅緻大床房（投屏電視+語音客控）:HK$314', '高級雙床房（投屏電視+語音客控）:HK$340', '高級大床房（投屏電視+語音客控）:HK$358', '行政大床房（投屏電視+語音客控）:HK$394']"
海月星酒店（宜賓高鐵西站店）,9.7,"['大吉大利.智能大床房【零壓床墊-高清電視】:HK$253', '星辰大海.觀影大床房【超大投影-俯瞰西站】:HK$264', '百事從歡.隨意翻滾觀影房【帶按摩椅】:HK$275', '步步高昇.舒享雙床房【城市夜景-投屏電視】:HK$279']"
宜賓瑞柏儷國際酒店（宜賓西站原著薈店）,9.3,"['高級大床房【全屋智能+迷你冰箱】:HK$250', '柏儷精品雙床房【智能客控+浴室乾濕分離】:HK$280', '柏儷豪華大床房【全屋智能+智能馬桶+小冰箱】:HK$316', '柏儷豪華全景大床房【180°全景+浴室乾濕分離】:HK$350', '柏儷輕奢套房【270°全景+複式套房+智能馬桶+小冰箱】:HK$375']"
宜賓魯能皇冠假日酒店,9.5,"['高級大床房:HK$509', '高級房:HK$509', '高級雙床房:HK$509', '豪華雙床房:HK$569', '豪華大床房:HK$569', '行政房:HK$766']"
宜賓凱爾頓豪庭酒店（萊茵春天店）,9.5,"['特惠房:HK$190', '普通單人房:HK$234', '豪華特惠房:HK$238', '普通標準間:HK$260', '豪華大床房:HK$317']"
宜賓城市名人酒店,9.4,"['優選特惠大床房:HK$436', '優選特惠雙床房:HK$436', '豪華城景雙床房:HK$453', '臨江觀景大床房:HK$453', '暮江影音多功能房:HK$558', '行政大床房（ 一線江景）:HK$613']"
月亮半島輕居酒店（宜賓臨港國際會展中心店）,9.5,"['樂享大床房:HK$247', '樂享雙床房:HK$248', '智選大床房:HK$266', '智選雙床房:HK$266']"
S雲竹酒店,9.5,"['高級商務大床房:HK$241', '高級商務雙床房:HK$251', '甄選家庭房:HK$257', '親子套房:HK$378']"
李莊月亮田星河星藝術酒店,9.8,"['冬·墨花月白 大床房:HK$1,517', '夏·圓荷 大床套房:HK$2,063', '秋·嬋娟 大床套房:HK$2,063', '春·四月天·高奢套房:HK$2,937']"
宜賓臨港大學城會展中心亞朵酒店,9.8,"['雅緻大床房（智能投屏+智能馬桶）:HK$296', '高級雙床房（智能投屏+智能馬桶）:HK$323', '高級大床房（智能投屏+智能馬桶）:HK$349', '行政雙床房（智能投屏+智能馬桶+小冰箱+空氣凈化器）:HK$385', '行政大床房（智能投屏+智能馬桶+小冰箱）:HK$412']"
桂輪坊（李莊古鎮店）,9.5,"['霞月-特色洞穴風主題房:HK$424', '霞月-大床房:HK$435', '瑤月-套房:HK$533', '瑤月-豪華套房:HK$643']"
宜賓拾舍·竹裏館（宜賓西站店）,9.7,"['拾·安靜謐雙床房:HK$307', '拾·意觀影大床房:HK$328', '拾·竹觀影雙床房:HK$350', '拾·念巨幕大床房:HK$371', '拾·逸露台大床房:HK$413']"
凱悦金沙酒店（宜賓敍州政務中心店）,9.6,"['米妮大床房·小時光:HK$201', '城景地標大床房·政務中心:HK$227', '小悦觀景雙床房·享城市夜景:HK$227', '甄選舒睡大床房·都市節奏:HK$259']"
柏曼酒店（宜賓大觀樓冠英古街店）,9.2,"['高級雙床房:HK$249', '高級大床房:HK$259', '豪華雙床房:HK$268']"
宜賓高鐵站希爾頓歡朋酒店,9.7,"['舒適大床房:HK$402', '舒適雙床房:HK$402', '高級雙床房:HK$431', '高級大床房:HK$431', '豪華大床房:HK$460']"
薈庭酒店（宜賓西站原著薈店）,9.6,"['臻選大床房-全屋智能+慕思床墊+乾濕分離:HK$310', '薈雅＊舒適大床房-智能客控+慕思床墊+高檔羽絨被:HK$342', '薈雅＊智能雙床房-全屋客控+慕思床墊+乾濕分離:HK$342', '薈棲-城景雙床房-慕思床墊+智能客控:HK$342']"
宜賓高鐵站麓柏酒店,9.8,"['商務大床房:HK$316', '商務雙床房:HK$316', '豪華雙床房:HK$370', '豪華大床房:HK$370']"
全季酒店（宜賓西站店）,9.6,"['城市景觀高級大床房（65寸投屏液晶電視+金可兒床墊）:HK$335', '城市景觀雙床房（65寸可投屏液晶電視+金可兒床墊）:HK$335', '舒壓山景雙床房（七星山景+零壓酣睡床墊+小冰箱）:HK$364', '舒壓山景高級大床房（七星山景+零壓酣睡床墊+小冰箱）:HK$374']"
宜賓君御酒店（東方時代廣場店）,9.3,"['行政雙床間:HK$349', '精品大床房:HK$375', '豪華大床房:HK$410', '全景大床房A:HK$446', '全景大床房B（俯瞰夜景+浴缸）:HK$471']"
宜賓翠屏山酒店,9.5,"['驚喜福袋房:HK$343', '豪華單間:HK$440', '豪華標間:HK$448', '豪華山景房（單間）:HK$553', '豪華山景房（標間）:HK$553']"
全季酒店（宜賓西站站前廣場店）,9.6,"['高級雙床房（智能客控+電視投屏+金可兒床墊）:HK$350', '高級大床房（智能客控+180°景觀+電視投屏）:HK$369', '商務雙床房（智能客控+電視投屏+小冰箱）:HK$378', '商務大床房（智能客控+電視投屏+冰箱）:HK$397']"
十玥酒店（宜賓西區原著薈店）,9.7,"['舒適大床房-全屋智能客控-乾濕分離-高樓層享安靜:HK$206', '精品雙床房-獨立辦公桌-觀城市夜景-65寸投屏小米電視:HK$241', '臻選大床房-超大化粧鏡-觀城景-米家投屏電視-智能客控:HK$241', '優享雙床房-獨立辦公桌-高樓層享安靜-全屋小米智控:HK$264']"
宜賓美居酒店（大學城會展中心店）,9.7,"['標準大床房（智能客控+夢百合零壓床墊+雨林頂噴）:HK$422', '高級雙床房（智能客控+夢百合零壓床墊+雨林頂噴）:HK$422', '豪華雙床房（智能客控+夢百合零壓床墊+雨林頂噴）:HK$452', '高級大床房（智能客控+夢百合零壓床墊+雨林頂噴）:HK$452', '豪華大床房（智能客控+夢百合零壓床墊+雨林頂噴）:HK$492']"
宜賓外山竹月民宿,9.4,"['標準雙床房:HK$236', '豪華大床房:HK$277', '露台套房:HK$360', '精緻套房:HK$370', '豪華套房:HK$546']"
南溪.錦江賓館,9.6,"['高級雙床房:HK$218', '高級大床房:HK$229', '商務街景雙床房:HK$251', '商務街景大床房:HK$259', '豪華江景雙床房:HK$284']"
宜賓恆旭國際大酒店,9.5,"['高級大床房:HK$457', '高級雙人房:HK$457', '豪華大床房:HK$554', '豪華雙人房:HK$554', '高級豪華大床房:HK$635', '高級豪華雙人房:HK$635']"
宜賓凱爾頓國際酒店,9.8,"['城市景觀雙床房:HK$369', '城市景觀大床房:HK$369', '陽光景觀套房:HK$500']"
星程酒店（宜賓萊茵店）,9.5,"['大床房（55英寸液晶大屏電視可投屏+金可兒床墊）:HK$227', '雙床房（55英寸液晶大屏電視可投屏+貴妃沙發）:HK$274', '高級大床房（55英寸液晶大屏電視可投屏+金可兒床墊）:HK$274', '舒壓-高級大床房（55英寸電視可投屏+記憶海綿床墊）:HK$293']"
宜賓華邑酒店,9.6,"['高級房 雙床:HK$590', '高級房 超大床:HK$590', '高級房:HK$590', '高級房 超大床 城景:HK$628', '高級房 雙床 城景:HK$628', '高級房 超大床 江景:HK$732']"
緹沃利露台酒店（大學城會展中心店）,9.7,"['精緻freesia•小蒼蘭大床房:HK$202', '覓靜Cattleya·卡特蘭大床房:HK$215', '輕享Hooppine•南洋杉大床房:HK$215', '驚喜特惠房:HK$228']"
港榮·星港酒店（時代滙店）,9.5,"['標準大床房:HK$332', '標準雙床房:HK$332', '行政套房:HK$500', '家庭套房:HK$533']"
空港·花漫嶺酒店（宜賓五糧液機場店）,9.1,"['特惠房:HK$273', '商務房:HK$320', '精品標間:HK$484', '雅緻雙床房:HK$506']"
敘龍·HOTEL（五糧液酒廠店）,9.6,"['輕奢·智能大床房『好眠乳膠床墊·智能馬桶·辦公桌』:HK$225', '豪華·智能雙床房『觀景大窗·智能馬桶·獨立辦公桌』:HK$248', '豪華·智能大床房『觀景大窗·智能馬桶·獨立辦公桌』:HK$248', '輕奢·智能雙床房『好眠乳膠床墊·智能馬桶·辦公桌』:HK$254']"
宜賓星未來酒店（市民中心高鐵宜賓站店）,9.5,"['特惠房:HK$232', '舒適大床房:HK$236', '舒適雙床房:HK$236', '高空城景大床房:HK$257']"
莫爾納酒店（宜賓大學城會展中心店）,9.7,"['M·特惠大床房:HK$176', 'M·精緻雙床房（飄窗台）:HK$205', 'M·舒適大床房:HK$212', '驚喜特惠房:HK$212']"
希威蔓智慧酒店（宜賓西站店）,9.6,"['雅緻大床房【零壓床墊+記憶枕】:HK$193', '觀景大床房【智能客控+坐享城景】:HK$206', '湖景雙床房【洗衣機+烘乾機】:HK$218', '輕奢大床房【智能馬桶+鬆弛感躺椅】:HK$227']"
如家商旅酒店（宜賓魯能鑫悦灣店）,9.5,"['大床房（安心睡0壓床墊）:HK$215', '高級大床房（安心睡0壓床墊）:HK$242', '雙床房（安心睡0壓床墊）:HK$260', '商旅特色雙床房（安心睡0壓床墊+小冰箱+浴缸）:HK$341']"
吉菲酒店（宜賓臨港大學城會展中心店）,9.4,"['蕙蘭·疊萃雙床房-助眠枕頭-落地大窗:HK$292', '瑰夏·舒享大床房-助眠枕頭-落地大窗:HK$293', '耶加雪菲·臻享雙床房-助眠枕頭-落地大窗:HK$322', '阿拉比卡·臻享大床房-助眠枕頭-落地大窗:HK$322']"
宜賓阿爾特斯酒店（高鐵站店）,9.4,"['精品雙床房:HK$343', '精品大床房:HK$343', '豪華大床房:HK$359', '豪華雙床房:HK$359', '行政大床房:HK$528']"
棲悦裏·璞遇酒店（宜賓大學城智能終端產業園店）,9.5,"['璞舍·精選大床房:HK$203', '棲語·景觀大床房:HK$239', '樂享·精緻智能雙床房:HK$251', '棲悦·雅緻智能大床房:HK$277']"
格林東方酒店（宜賓新城市廣場店）,9.5,"['東方雙床房-舒適好眠+遮光窗簾:HK$230', '東方高級大床房-獨立辦公桌+舒適採光:HK$333', '特惠東方大床房-助眠床墊+乾濕分離:HK$342', '東方大床房-舒適好眠+自然採光:HK$342']"
品睿酒店（宜賓李莊古鎮店）,9.4,"['品和大床房（智能語音客控+零壓乳膠床墊+智能馬桶）:HK$354', '品和高級大床房（智能語音客控+榻榻米茶桌茶具+零壓乳膠床墊）:HK$466', '品怡高級雙床房（語音客控+零壓乳膠床墊+智能馬桶）:HK$495', '品靜景觀投影大床房（智能語音客控+100寸投影幕布+手機投屏）:HK$532']"
宜賓維多利亞大酒店（大觀樓店）,8.7,"['雅秀標間:HK$208', '雅秀單間:HK$208', '雅緻雙床房:HK$271', '雅緻大床房:HK$271']"
恆朵酒店（宜賓翠屏山景區店）,9.8,"['靜享雙床房+全屋智能+迷你冰箱:HK$270', '觀享大床房+全屋智能+迷你冰箱:HK$277', '靜享豪華大床房+全屋智能+迷你冰箱:HK$287', '270°江景大床房+全屋智能+迷你冰箱:HK$300']"
