酒店名称,评分,房型价格列表
宣城楓徠酒店（宛陵湖景區萬達廣場店）,9.6,"['楓致城景大床房【獨立辦公桌+乾濕分離】:HK$224', '楓致城景雙床房【商務辦公+乾濕分離衞浴】:HK$224', '楓享大床房【超大空間+觀湖景】:HK$236', '楓享雙床房【超大雙床+觀湖景】:HK$236']"
宣城文苑山莊度假酒店,9.7,"['徽韻雙床房:HK$410', '徽韻大床房:HK$431', '園景大床房:HK$597', '徽韻親子房:HK$597', '園景雙床房:HK$597']"
建國璞隱酒店（宣城店）,9.7,"['詠蘭居大床房（夢百合零壓床墊）:HK$238', '暗香居大床房（全景落地窗）:HK$262', '幽篁居雙床房（全屋智能客控）:HK$295', '芳草居大床房（竹木風格裝飾）:HK$345', '清蓮居套房（竹木風格裝飾）:HK$568']"
城市便捷酒店（宣城大潤發店）,9.8,"['標準大床房【雙層隔音玻璃+靜音護脊床墊+高層落地窗】:HK$196', '高級大床房【雙層隔音玻璃+靜音護脊床墊+高層落地窗】:HK$217', '高級雙床房【雙層隔音玻璃+靜音護脊床墊+高層落地窗】:HK$217', '智能高級大床房【全屋智控+智能馬桶+高層觀景落地窗】:HK$238']"
全季酒店（宣城敬亭山店）,9.7,"['高級雙床房：65寸電視投屏+智能客控+迷你小冰箱:HK$308', '高級大床房：65寸電視投屏+智能客控+迷你小冰箱:HK$326', '商務雙床房：65寸電視投屏+智能客控+迷你小冰箱:HK$336', '商務大床房：65寸電視投屏+智能客控+迷你小冰箱:HK$354']"
宣城半·島｜peninsula高空夜景輕奢酒店（宛陵湖景區萬達廣場店）,9.3,"['凌空棲居特價房【智能客控+雲感床墊】:HK$277', '高空城景大床房【智能客控+記憶床墊+投屏超大屏幕】:HK$360', '高空園景大床房【聲控霧化玻璃+全屋智能+公園景觀】:HK$381', '高空湖景大床房【全屋智能+超大視野湖景+霧化玻璃】:HK$408']"
季楓國際酒店（宣城涇縣店）,9.6,"['零壓舒適大床房（智能客控+零壓床墊）:HK$379', '零壓舒適雙床房（智能客控+零壓床墊）:HK$413', '零壓高級大床房（智能客控+零壓床墊）:HK$432', '零壓高級雙床房（智能客控+零壓床墊）:HK$446', '零壓高級家庭房（智能客控+零壓床墊）:HK$494']"
宣城世紀緣國際酒店,9.3,"['夢百合零壓雙床房（帶0壓床墊+記憶枕）:HK$445', '夢百合零壓大床房（帶0壓床墊+記憶枕）:HK$456', '精緻雙床房-躺平治癒:HK$468', '高級大床房:HK$468', '高級雙床房:HK$490', '豪華雙床房:HK$545']"
宣城萬達廣場景德路亞朵酒店,9.9,"['高級大床房（亞朵星球pro深睡枕-投屏電視）:HK$399', '行政雙床房（亞朵星球pro深睡枕-投屏電視）:HK$399', '行政大床房（亞朵星球pro深睡枕-投屏電視）:HK$430', '尊享雙床房（亞朵星球pro深睡枕-投屏電視）:HK$459', '尊享大床房（亞朵星球pro深睡枕-投屏電視）:HK$459']"
全季酒店（宣城火車站店）,9.7,"['大床房-秒睡記憶枕+金可兒床墊+酣暢甜睡:HK$288', '高級大床房-秒睡記憶枕+輕奢睡眠+拍照出片:HK$307', '高級雙床房-秒睡記憶枕+金可兒床墊+智能客控:HK$307', '商務大床房【秒睡記憶枕+零壓床墊+舒睡好眠】:HK$325']"
宣城棲梧酒店,9.6,"['精緻大床房:HK$228', '商務大床房（暢享按摩椅）:HK$296', '豪華大床房:HK$296', '行政雙床房（暢享按摩椅）:HK$313']"
宣城上海灘國際大酒店,8.8,"['經濟雙床房:HK$325', '經濟大床房:HK$325', '豪華雙床房:HK$380', '豪華大床房:HK$380', '行政大床房:HK$423']"
宣城南天賓館（國購廣場八佰伴店）,9.2,"['南天商務大床房:HK$260', '南天商務標準間:HK$281', '行政雙床房:HK$412', '行政大床房:HK$434']"
蘭歐酒店（宣城宣州區政務中心店）,9.5,"['蘭藝大床房（無窗）:HK$182', '蘭藝心語房:HK$200', '蘭歐高級大床房:HK$217', '蘭歐豪華大床房（小冰箱）:HK$235']"
伯爵世家酒店（陽德東路店）,9.7,"['高級城景大床房（獨立辦公區+智能客控+小冰箱）:HK$232', '高級城景雙床房（休閑品茗區+智能客控+小冰箱）:HK$251', '豪華尊享大床房（超大活動空間+智能客控+零壓深眠+小冰箱）:HK$270', '豪華尊享雙床房（超大活動空間+智能客控+零壓深眠+小冰箱）:HK$283', '萌趣家庭雙床房（童趣帳篷+1大1中床+小童玩具+小冰箱）:HK$386']"
桔子酒店（宣城敬亭山東恆大廈店）,9.5,"['高級大床房-65寸電視投屏+智能客控+迷你小冰箱:HK$317', '月若流金雙床房-65寸電視投屏+智能客控+迷你小冰箱:HK$336', '月若流金豪華雙床房-65寸電視投屏+智能客控+小冰箱:HK$354', '加州陽光行政大床房-65寸電視投屏+智能客控+小冰箱:HK$354', '行政套房-浴缸浴袍+65寸電視投屏+智能客控+迷你小冰箱:HK$542']"
桔子酒店（宣城萬達廣場店）,9.6,"['豪華雙床房：65寸投屏電視+小冰箱:HK$308', '豪華大床房:65寸投屏電視+小冰箱:HK$317', '商務大床房：65寸投屏電視+小冰箱:HK$326', '套房：65寸投屏電視+小冰箱+浴缸:HK$532']"
宣城山嶼海親心谷度假酒店,8.9,"['瀾心舊林大床房:HK$472', '瀾心舊林雙床房:HK$499', '瀾心丘山雙床房:HK$592', '瀾心丘山大床房:HK$684', '瀾心舊林套房:HK$1,148']"
全季酒店（宣城東部新城陽德路店）,9.7,"['高級大床房:65寸投屏電視+智能馬桶+智能客控+小冰箱:HK$243', '商務大床房:65寸投屏電視+智能馬桶+智能客控+小冰箱:HK$252', '商務雙床房:65寸投屏電視+智能馬桶+智能客控+小冰箱:HK$252', '套房:65寸投屏電視+智能馬桶+智能客控+小冰箱:HK$308']"
宣城萬達廣場錦江都城酒店,9.8,"['風雅大床房:HK$308', '都會雙床房:HK$317', '都會大床房:HK$345', '行政尊享大床房:HK$430']"
宣城金馬君瀾莊園,9.3,"['高級雙床房:HK$456', '悠居雙床房:HK$512', '悠居大床房:HK$512', '巴啦啦小魔仙親子房:HK$574', '樂享家庭房:HK$586', '超級飛俠Loft親子房:HK$641']"
漢庭酒店（宣城萬達廣場浙商大廈店）,9.9,"['高級大床房:HK$224', '商務雙床房:HK$233', '商務大床房:HK$243']"
全季酒店（宣城市政府店）,9.8,"['高級雙床房:HK$298', '高級大床房：65寸電視投屏+智能客控+小冰箱:HK$317', '商務雙床房：65寸電視投屏+智能客控+小冰箱:HK$345', '商務大床房：65寸電視投屏+智能客控+小冰箱:HK$354']"
漢庭酒店（宣城新港樂園店）,9.7,"['高級大床房:HK$205', '景觀大床房:HK$215', '高級雙床房:HK$224', '家庭房:HK$243']"
宣城賓館,8.9,"['迎賓樓標間:HK$281', '迎賓樓大單間:HK$281']"
麗楓酒店（宣城高鐵站店）,9.7,"['豪華雙床房:HK$268', '家庭房:HK$334']"
棲溪裏·油畫DIY藝術主題度假美宿（月亮灣風景區店）,9.7,"['溪澗|竹景落地景觀雙床房:HK$833', '禪跡|禪意風山景雙床房:HK$833', '浣溪沙|竹景情侶浴缸大床房:HK$1,146', '風捲簾|簡約風山景大床房:HK$1,146', '不夜侯|工業風氛圍山景親子房:HK$1,472']"
亞太大酒店（宣城敬亭山景區宣城中學店）,9.1,"['精品大床房丨【一線山景+高清投屏+舒適睡眠】:HK$265', '豪華雙床房丨【高清投屏+舒適睡眠】:HK$292', '夢百合零壓大床房丨【零壓床墊+智能客控+零壓記憶棉枕頭+高清投屏】:HK$292', '精品雙床房丨【一線山景+高清投屏+舒適睡眠】:HK$419']"
清沐鉑金酒店（宣城萬達廣場店）,9.3,"['鉑金大床房（記憶零壓深睡床墊+零壓枕+智能客控）:HK$201', '智能大床房（記憶零壓深睡床墊+零壓枕+智能客控）:HK$218', '智能高級大床房（記憶零壓深睡床墊+零壓枕+智能客控）:HK$234', '智能高級雙床房（記憶零壓深睡床墊+零壓枕+智能客控）:HK$234']"
潯山舍別墅酒店,9.9,"['初心-豪華大床房:HK$545', '靜心-山景雙床房:HK$545', '觀瀾-豪華大床房:HK$545', '隨遇-豪華大床房:HK$909']"
維也納國際酒店（宣城花園店）,9.6,"['商務大床房:HK$211', '商務雙床房:HK$229', '商務套房:HK$337', '棋牌套房:HK$422']"
狸橋賓館,8.8,"['高級大床房:HK$303', '高級雙床房:HK$325', '豪華套房:HK$382', '行政套間:HK$638']"
宣城再現炊煙民宿,8.9,"['茶韻庭院雙床房:HK$501', '竹韻庭院榻榻米房:HK$501', '漫享山景大床房:HK$501', '漫享山景雙床房:HK$501']"
宣城木遇生態園,9.7,"['拾光雙床房（全景落地窗+乾濕分離+舒享睡眠）:HK$424', '聽山特惠大床房（全景落地窗+乾濕分離+舒享睡眠）:HK$567', '豪華觀景雙床房（全景落地窗+乾濕分離+舒享睡眠）:HK$636', '閤家歡樂親子房（全景落地窗+乾濕分離+舒享睡眠）:HK$695']"
宣城鴻越國際酒店（宣城萬達廣場店）,8.7,"['豪華單間:HK$288', '豪華標間:HK$288', '高級大床房:HK$311', '行政尊享套房【綠氧】:HK$439']"
不晚別院,10.0,"['雅緻大床套房:HK$352', '標準雙床套房:HK$381']"
宣城東湖盛宴酒店,9.2,"['豪華大床房:HK$373', '豪華雙床房:HK$423', '豪華套房:HK$480']"
宣城紙源文化山莊（胡家澇店）,9.0,"['高級家庭房:HK$293', '高級三人間:HK$329', '趣味榻榻米:HK$377', '觀景套房:HK$388']"
花築·原舍依田民宿,9.6,"['同樂居·Loft親子房【休閑椅+小童休閑區+全景落地窗】:HK$664', '吉利居·簡約大床房【休閑椅】:HK$701', '澤厚居·榻榻米大床房【智能客控+浴缸+巨幕投影】:HK$737', '德望居·舒適大床房【巨幕投影+智能馬桶+沙發】:HK$799']"
格林豪泰智選酒店（宣城市體育館店）,8.7,"['景觀大床房:HK$233', '雙床房:HK$233', '景觀雙床房:HK$248', '三人房:HK$303']"
宣城洋江港灣假日酒店（高鐵站店）,9.3,"['特惠大床房:HK$172', '單人房:HK$173', '大床房:HK$211', '標準房:HK$211']"
星程酒店（宣城敬亭山店）,9.5,"['大床房A:HK$189', '雙床房:HK$198', '大床房:HK$207', '商務大床房:HK$217']"
維也納酒店（宣城高鐵站店）,9.6,"['豪華大床房:HK$208', '豪華雙床房:HK$224', '豪華套房:HK$321', '影音套房:HK$321']"
宣花島民宿（中國鱷魚湖店）,9.2,"['豪華雙床房:HK$325', '豪華大床房:HK$345', '家庭套房:HK$434', '豪華三人間:HK$447']"
格林豪泰酒店（宣城高新區店）,9.2,"['特色大床房:HK$191', '大床房:HK$198', '商務大床房:HK$219', '商務雙床房:HK$219']"
宣城敬亭山度假村,8.5,"['豪華單間:HK$265', '豪華標間:HK$265', '觀景單間:HK$277', '觀景標間:HK$277', '觀景家庭房:HK$325']"
官塘湖賢尊大酒店,7.3,"['賢尊樓豪華大床房:HK$419', '賢尊樓湖景豪華雙床房:HK$419', '青松嶺大床房:HK$503', '青松嶺木屋雙床房:HK$503']"
安徠酒店（宣城高鐵站店）,9.6,"['豪華雙床房:HK$190', '豪華家庭房:HK$221', '豪華棋牌大床房:HK$249', '豪華套房:HK$304']"
文旅COCO精選酒店（宣城國購廣場高鐵站店）,9.2,"['窗外好景大床房:HK$231', '敬亭山居雙床房:HK$248', '宜人山色雙床房:HK$264', '温泉泡湯窗外好景大床房:HK$278']"
雲宜酒店（大學城體育館店）,9.1,"['精緻大床房（喜臨門床墊）:HK$184', '特惠大床房（喜臨門床墊）:HK$184', '特惠標間（喜臨門床墊）:HK$184', '巨幕大床房（喜臨門床墊）:HK$195']"
