酒店名称,评分,房型价格列表
廊坊中心希爾頓歡朋酒店,9.7,"['舒適大床房:HK$425', '高級大床房:HK$479', '高級雙床房:HK$479', '商務大床房:HK$534', '豪華雙床房:HK$534']"
廊坊新朝陽套房假日酒店,9.4,"['高級房大床無煙:HK$404', '高級房雙床無煙:HK$404', '豪華房大床無煙:HK$535', '豪華房雙床無煙:HK$535', '單卧套房無煙:HK$723']"
全季酒店（廊坊北華航天工業學院店）,9.8,"['大床房（智能客控，智能馬桶，品茶辦公）:HK$331', '雙床房:HK$331', '高級大床房（投屏電視，智能馬桶，品茶辦公）:HK$351', '高級雙床房（智能電視，智能馬桶，品茶辦公）:HK$361']"
廊坊新繹七修酒店,9.5,"['七修雙床房:HK$677', '七修大床房:HK$677', '糖果飛屋親子主題大床房（抽拉小木床丨萌娃帳篷）:HK$719', '糖果飛屋親子主題雙床房（呆萌魚嘴）:HK$719', '糖果STAR星際雙床房:HK$719', '糖果STAR星際大床房（太空艙）:HK$719']"
水雲宿集,9.1,"['普通大床房:HK$614', '豪華大床房:HK$823', '尊享大床房:HK$1,029', '家庭房:HK$1,134']"
廊坊富力萬達嘉華酒店,9.2,"['豪華大床房 （浴缸+Acca Kappa洗護品）:HK$447', '豪華雙床房 （浴缸+Acca Kappa洗護品）:HK$447', '酷芽巴啦啦豪華雙床房:HK$485', '酷芽超級飛俠運動豪華雙床房:HK$485', '酷芽超級飛俠星際豪華雙床房:HK$485', '0壓高級豪華大床房 （0壓記憶枕+0壓床墊+浴缸+玄關）:HK$545']"
廊坊新朝陽智選假日酒店,9.4,"['高級房雙床無煙:HK$389', '高級房大床無煙:HK$389']"
維也納酒店（廊坊高鐵站店）,9.6,"['高級大床房:HK$245', '高級雙床房:HK$245', '豪華大床房:HK$271', '豪華雙床房:HK$271']"
全季酒店（廊坊師範學院店）,9.8,"['大床房（電視投屏）:HK$338', '商務大床房（電視投屏）:HK$368', '商務雙床房（電視投屏）:HK$388', '商務套房（電視投屏）:HK$448']"
廊坊高鐵站萬達廣場錦江都城酒店,9.5,"['時尚雙床房:HK$235', '時尚大床房:HK$235', '精緻雙床房:HK$244', '精緻大床房:HK$244']"
廊坊新世界酒店,9.6,"['豪華大床房:HK$411', '豪華雙床房:HK$411', '尊貴大床房:HK$521', '尊貴雙床房:HK$521', '行政豪華大床房:HK$575', '行政豪華雙床房:HK$575']"
廊坊藝術大道孔雀城桔子水晶酒店,9.7,"['高級大床房:HK$406', '商務大床房（65寸投屏電視＆絲漣床墊＆徠芬吹風機）:HK$449', '商務雙床房（65寸投屏電視＆絲漣床墊＆徠芬吹風機&超柔浴袍）:HK$462', '豪華大床房（65寸投屏電視＆絲漣床墊＆徠芬吹風機&超柔浴袍）:HK$462', '家庭房（65寸投屏電視＆絲漣床墊＆徠芬吹風機&超柔浴袍）:HK$522']"
廊坊高鐵站亞朵酒店,9.6,"['雅緻大床房【投屏電視】:HK$367', '高級大床房【投屏電視】:HK$385', '高級雙床房【投屏電視】:HK$385', '幾木大床房【深睡枕PRO＋迷你冰箱＋投屏電視＋浴袍】:HK$439', '幾木雙床房【深睡枕PRO＋迷你冰箱＋投屏電視＋浴袍】:HK$457']"
漢庭酒店（廊坊安次區萬達廣場店）,9.7,"['大床房:HK$229', '雙床房:HK$249', '高級大床房:HK$258', '家庭房:HK$288']"
廊坊遠景智選假日酒店,9.3,"['高級房 大床:HK$261', '高級房 雙床:HK$271', '智享大床房:HK$327', '智享雙床房:HK$350', '高級家庭雙床房:HK$463']"
維也納國際酒店（廊坊大興國際機場店）,9.5,"['高級大床房:HK$258', '標準雙床房:HK$258', '商務雙床房:HK$286', '商務大床房:HK$297']"
喆啡酒店（廊坊建設路店）,9.7,"['特惠大床房:HK$320', '醇享大床房:HK$347', '醇享雙床房:HK$351', '啡凡大床房:HK$375']"
桔子酒店（廊坊建設北路店）,9.6,"['豪華大床房:HK$259', '商務雙床房:HK$288', '榻榻米大床房:HK$288', '商務大床房:HK$288']"
廊坊艾力楓社高爾夫酒店,9.8,"['一居室公寓:HK$508', '小黃鴨親子房:HK$613', '海底小縱隊親子房:HK$613']"
星程酒店（廊坊會展中心店）,9.4,"['雙床房:HK$278', '大床房:HK$278', '高級雙床房:HK$306', '高級大床房:HK$306']"
廊坊西昌路亞朵酒店,9.7,"['雅緻房:HK$296', '高級雙床房:HK$322', '高級大床房:HK$331', '行政大床房（小冰箱）:HK$349', '行政雙床房（小冰箱）:HK$349']"
鴻盛酒店（中國醫學科學院腫瘤醫院店）,9.8,"['特價大床房:HK$167', '標準大床房:HK$190', '高級大床房:HK$213', '豪華大床房:HK$229']"
廊坊國際飯店,9.2,"['A座尊享大床房:HK$491', 'B座豪華標準間:HK$633', 'B座豪華大床房:HK$633']"
睿柏·雲酒店（廊坊開發區會展中心店）,9.4,"['經濟大床房（無窗）:HK$133', '標準雙床房:HK$163', '惠選大床房:HK$164', '商務大床房:HK$178']"
錦江之星（廊坊高鐵站銀河南路店）,9.5,"['商務房C:HK$164', '標準房C:HK$168', '標準間B:HK$172', '商務房B:HK$172']"
如家酒店·neo（廊坊北華航天工業學院店）,9.3,"['大床房A:HK$120', '大床房:HK$181', '雙床房:HK$181', '家庭房:HK$220']"
漢庭酒店（廊坊北華航天工業學院店）,9.5,"['大床房:HK$230', '高級大床房:HK$251', '雙床房:HK$251']"
維也納智好酒店（廊坊腫瘤醫院國際會展中心店）,9.5,"['標準大床房（智能馬桶）:HK$186', '標準雙床房（智能馬桶）:HK$186', '豪華雙床房（智能馬桶）:HK$249', '豪華大床房（智能馬桶）:HK$257']"
漢庭酒店（廊坊會展中心店）,9.6,"['大床房（智能電視）:HK$198', '高級大床房（智能電視）:HK$217', '雙床房（智能電視）:HK$217', '舒壓-高級大床房（記憶枕+舒壓床墊+智能電視）:HK$246']"
顏兮換裝影院民宿,9.7,"['北歐ins輕奢觀影房（當貝4k投影+影視會員+一次性床單）:HK$226', '浪漫夏威夷風情大床房（當貝投影+影視會員免費看+一次性床單+）:HK$226', '法式ins投影主題房（當貝4k影院房+一次性床單+影視會員）:HK$231', '日式榻榻米（當貝4k投影+影視會員+一次性床單被套）:HK$240']"
廊坊夢秋Meeting·度假民宿（萬達廣場店）,8.1,"['戀風記·ins主題投影房:HK$193', '聽風驛·清新巨幕投影房:HK$196', '山嶼白·輕奢巨幕投影房:HK$270', '山野間·臻選主題大床房:HK$315']"
莫泰酒店（廊坊高鐵站新朝陽購物中心店）,9.4,"['商務大床房:HK$145', '雙床房:HK$145', '安心睡零壓大床房:HK$170', '安心睡0壓雙床房:HK$170']"
格林豪泰酒店（廊坊開發區會展中心店）,9.6,"['大床房:HK$158', '高級大床房:HK$188', '高級雙床房:HK$208', '商務大床房:HK$218']"
如家商旅酒店（廊坊師範學院店）,9.4,"['雙床房:HK$164', '大床房:HK$164', '高級大床房:HK$205', '高級雙床房:HK$205']"
潤澤映山紅酒店,9.2,"['公寓大床房:HK$517', '公寓雙床房:HK$546', '商務大床房:HK$617', '商務雙床房:HK$617', '商務套房:HK$1,119']"
漢庭酒店（廊坊火車站西店）,9.5,"['大床房:HK$196', '高級大床房:HK$224', '特價雙床房:HK$224', '雙床房:HK$233']"
廊坊翡翠樺庭情侶主題公寓,8.6,"['雲舒·精選情侶水床房:HK$252', '雲逸·情侶電動圓床房:HK$252', '雲裳·雅緻情侶圓床房:HK$252', '雲雅·情侶主題電動圓床房:HK$252']"
戀家民宿（安次萬達廣場店）,9.6,"['愛的守護投影大床房:HK$140', '丘比特高級電視房:HK$140', '怡情小憩:HK$143', '綺夢宿念投影房:HK$151']"
競族電競酒店（廊坊北華航天工業學院店）,8.4,"['獨享單人電競房[RTX4060+2K180Hz高刷屏+32G高速卡]:HK$151', '兄弟開黑雙排房[RTX4060+2K180Hz高刷屏+32G高速卡]:HK$173']"
廊坊美好時光民宿,9.5,"['雅緻大床房:HK$124', '精緻大床房:HK$136', '商務雙床房:HK$143']"
瑩瑩小築民宿（廊坊安次區萬達廣場店）,9.7,"['清風小築簡約大床房:HK$135', '祕密花園大床投影房:HK$138', '落地窗觀景大床房:HK$138', '温馨暖居投影房:HK$138']"
開盛民宿（廊坊站萬達廣場店）,8.7,"['温馨大床房:HK$118', '休閑觀影大床房:HK$118', '豪華大床房:HK$129']"
豪庭雅居,10.0,['妍妍雅居/精緻二室一廳套房:HK$137']
廊坊壹加壹民宿,8.7,"['温馨大床房:HK$227', '商務大床房:HK$227', '舒適大床房:HK$227', '標準大床房:HK$271']"
依棧民宿,9.5,"['特惠大床房:HK$110', '簡約大床房:HK$128', '歐式大床房:HK$137']"
廊坊市安次區愛屋及屋民宿,8.6,"['豪華大床房:HK$164', '標準大床房:HK$164', '舒適大床房:HK$164', '高級大床房:HK$164']"
大興機場涵亦雅居,10.0,"['豪華雙床房:HK$175', '百寸投影舒適兩居室:HK$185', '温馨三居室家庭房:HK$247']"
廊坊閲家酒店,8.6,"['標準雙床房:HK$128', '舒適大床房:HK$129', '投影主題房:HK$138', '豪華大床房:HK$151']"
廊坊愛小家民宿,6.1,"['獅子城魅力影視房:HK$121', '雅緻大床房:HK$145', '獅子城CBD投影影視房:HK$149', '特色吧枱-影視大床房:HK$153']"
廊坊誠信便民公寓,5.5,"['普通大床房（公共衞浴）:HK$75', '豪華大床房（公共衞浴）:HK$82', '精品大床房（公共衞浴）:HK$86', '標準大床房:HK$96']"
廊坊和平國際酒店,9.7,"['標準大床房【影視會員SVIP】:HK$320', '標準雙床房【影視會員SVIP 】:HK$320', '雅緻大床房【影視會員SVIP 】:HK$330', '商務雙床房【影視會員SVIP】:HK$342', '商務大床房【影視會員SVIP】:HK$342']"
永清五洲皇冠酒店,9.5,"['尚雅大床房:HK$424', '尚雅雙床房:HK$424', '尚品大床房:HK$457', '尚品雙床房:HK$457', '海底小縱隊親子房:HK$577', '小黃鴨親子房:HK$577']"
