酒店名称,评分,房型价格列表
劍門關雄關悠谷度假酒店（景區南門店）,9.3,"['棲山逸居雙床房（地暖—中央空調）:HK$359', '望山觀景雙床房（地暖—中央空調）:HK$424', '觀山湯池大床房（地暖—中央空調）:HK$473', '觀山湯池雙床房（地暖—中央空調）:HK$555', '豪華湯池套房（地暖—中央空調）:HK$915']"
廣元曾家山芷築温泉度假酒店,9.4,"['樹影園景雙床房（智能客控+金可兒床具+茱莉蔻洗護用品+科勒潔具+高支棉織品+負離子護髮吹風機+泡湯）:HK$1,089', '浮嵐湖景大床房（智能客控+金可兒床具+茱莉蔻洗護用品+科勒潔具+高支棉織品+負離子護髮吹風機+泡湯）:HK$1,149', '雲棲湖景單卧套房（智能客控+金可兒床具+茱莉蔻洗護用品+科勒潔具+高支棉織品+負離子護髮吹風機+泡湯）:HK$1,634', '浮嵐園景私湯房（智能客控+金可兒床具+茱莉蔻洗護用品+科勒潔具+高支棉織品+負離子護髮吹風機+泡湯）:HK$1,635', '雲棲湖景雙卧套房（智能客控+金可兒床具+茱莉蔻洗護用品+科勒潔具+高支棉織品+負離子護髮吹風機+泡湯）:HK$2,059']"
廣元簡愛花園酒店（萬達廣場政務中心店）,9.7,"['輕奢精選飄窗大床房（智能客控+科勒智能馬桶+席夢思護脊床墊）:HK$350', '漫享格調飄窗大床房（智能客控+科勒智能馬桶+席夢思護脊床墊）:HK$364', '輕奢精選飄窗雙床房（智能客控+科勒智能馬桶+席夢思護脊床墊）:HK$364', '樂巢花園私湯大床房（智能客控+科勒智能馬桶+席夢思護脊床墊））:HK$377', '歡享花園露台大床房（專屬花園露台+智能客控+科勒智能馬桶+席夢思護脊床墊）:HK$395']"
逸尚東方酒店（萬達奧體中心店）,9.4,"['逸居大床房（智能語音）:HK$286', '逸景雙床房（智能語音）:HK$323', '逸景大床房（智能語音）:HK$323', '逸雅花園雙床房（專享户外庭院）:HK$378', '逸雅花園大床房（專享户外庭院）:HK$378']"
廣元清水灣印象酒店,9.7,"['商務標間:HK$314', '豪華單間:HK$314', '家庭親子房:HK$397', '商務大床房:HK$397', '尊享商務單間:HK$575']"
廣信·君蘭大酒店（萬達廣場政務中心店）,9.3,"['豪華全景雙床房:HK$244', '豪華全景大床房:HK$252', '行政標間:HK$268', '江景豪華大床房[智能]:HK$309', '江景豪華標準間:HK$317']"
劍閣劍門關國際温泉大酒店,9.2,"['高級雙床房:HK$369', '高級大床房:HK$369', '豪華山景雙床房:HK$434', '豪華山景大床房:HK$434', '別緻江景大床房:HK$511', '別緻江景雙床房:HK$511']"
福臨酒店（廣元盤龍機場店）,9.5,"['輕奢城景雙床房:HK$355', '邂逅時光大床房:HK$365', '怡致影院大床房:HK$382', '浪漫詩語圓床房:HK$382', '俯瞰江景大床房:HK$411']"
廣元富力萬達嘉華酒店,9.3,"['豪華雙床房:HK$424', '高級豪華大床房:HK$468', '高級豪華雙床房:HK$468', '高級豪華河景大床房:HK$527', '行政豪華雙床房:HK$816', '行政豪華大床房:HK$816']"
廣元近悦遠來民宿（昭化古城店）,9.5,"['温馨中式雙床房（金可兒床墊）:HK$243', '新中式舒適大床房（金可兒床墊）:HK$266', '新中式舒適雙床房（金可兒床墊）:HK$266', '新中式舒適家庭房（金可兒床墊）:HK$289']"
葭萌驛酒店（昭化古城店）,9.2,"['豪華雙床房:HK$325', '景觀大床房:HK$397', '景觀雙床房:HK$406', '兩室一廳豪華套房:HK$684']"
廣元霖澤卡爾温泉酒店,9.1,"['商務特色房:HK$132', '商務大床房:HK$216', '行政大床房:HK$297', '行政雙床房:HK$308']"
劍閣劍門關天賜温泉度假酒店,9.1,"['豪華温泉雙床房（天禧樓）:HK$436', '高級温泉大床房（無私湯）（天禧樓）:HK$510', '豪華温泉私湯大床房（天禧樓）:HK$559', '豪華温泉私湯親子房（天禧樓）:HK$631', '豪華温泉私湯花園房（天禧樓）:HK$1,067']"
驛花溢輕奢民宿（昭化古城店）,9.8,"['星語·星空榻榻米房（中央空調、乳膠床墊）:HK$334', '拾花·醉心榻榻米房（中央空調、乳膠床墊）:HK$383', '歸謐·舒心大床房（中央空調、乳膠床墊）:HK$407', '且慢·舒適大床房（中央空調、乳膠床墊）:HK$421']"
廣元鳳台國際酒店,9.4,['商務雙床房:HK$369']
納美酒店（廣元高鐵站店）,9.0,"['輕雅雙床房:HK$252', '輕雅觀影房:HK$252', '舒雅家庭雙床房:HK$267', '舒雅親子大床房:HK$267']"
梔子酒店（廣元高鐵站店）,8.8,['甄選丨精品大床房【酒店公區自助洗衣房+零壓床墊+靜心閲讀空間】:HK$465']
廣元利州廣場希爾頓歡朋酒店,9.5,"['高級雙床房:HK$393', '高級大床房:HK$413', '歡友房-配親子沙發床:HK$468', '豪華大床房:HK$475', '歡朋套房:HK$575']"
廣元國際大酒店,9.2,"['商務雙床房:HK$300', '商務大床房:HK$319', '城景雙床房:HK$319', '江景大床房:HK$328', '家庭套房:HK$918']"
廣元駿逸假日酒店（澳源體育中心店）,9.6,"['逸悦雙床房（專屬陽台+舒達床墊+智能管控）:HK$304', '逸悦大床房（專屬陽台+舒達床墊+智能管控）:HK$304', '逸享大床房（全景+專屬陽台+舒達床墊+智能客控）:HK$360', '逸時光親子房（專屬陽台+舒達床墊+智能客控）:HK$360', '逸嘉觀景套房（全景+專屬陽台+舒達床墊+智能客控）:HK$740']"
廣元清楓民宿（萬達廣場萬達中學店）,9.7,"['豪華標準間:HK$224', '豪華大床房（智能馬桶帶機麻）:HK$236', '豪華家庭套房:HK$464']"
喆啡酒店（廣元圖騰廣場店）,9.3,"['醇享大床房:HK$314', '醇享雙床房:HK$314', '啡凡大床房:HK$356', '啡凡雙床房:HK$356', '啡凡喆熊大床房:HK$415']"
麗楓酒店（劍門關店）,9.6,"['豪華大床房:HK$298', '景觀大床房:HK$309', '商務雙床房:HK$323', '景觀雙床房:HK$364', '純凈自然大床房:HK$374']"
花築·廣元詹霖小築民宿（昭化古城店）,9.6,"['閣樓C:HK$727', '複式套房A:HK$763', '複式套房B:HK$824', '祕密花園:HK$862']"
全季酒店（廣元萬達廣場店）,9.5,"['大床房:HK$330', '高級大床房:HK$349', '豪華大床房:HK$368', '高級雙床房:HK$368']"
瑞爾·潮曼酒店（廣元萬達廣場政務中心店）,9.3,"['潮曼·迷你舒適大床房:HK$235', '潮曼·特惠雙床房:HK$267', '潮曼·温馨高級大床房:HK$269', '潮曼·輕享豪華雙床房:HK$291']"
劍閣濛朵小舍獨棟別墅,9.4,"['地中海風情房:HK$333', '大星空房:HK$668']"
廣元豪庭客棧（昭化古城店）,9.2,"['尋覓三國-古風原宿榻榻米大床房:HK$172', '夢歸古城-簡雅榻榻米大床房:HK$172', '夢歸古城-新中式簡雅陽台雙床房:HK$183', '夢歸古城-簡雅榻榻米親子家庭房:HK$260']"
金輝印象酒店（廣元萬達廣場政務中心店）,9.2,"['靜心大床房（乳膠床墊+深眠蕎麥枕）:HK$208', '夢幻圓床房（乳膠床墊+深眠蕎麥枕+室內浴缸）:HK$244', '雅居大床房（乳膠床墊+深眠蕎麥枕）:HK$266', '雅居雙床房（乳膠床墊+深眠蕎麥枕）:HK$266', '雅楓雙床房（乳膠床墊+深眠蕎麥枕）:HK$290']"
陸壹·時光酒店（廣元高鐵站店）,9.1,"['優選|輕居大床房（4k液晶電視+親膚床品+零壓床墊）:HK$163', '優選|輕居雙床房（4k液晶電視+親膚床品+零壓床墊）:HK$175', '輕奢|豪華大床房（辦公桌椅+4k液晶電視+零壓床墊）:HK$187', '輕奢|豪華雙床房（辦公座椅+親膚床品+零壓床墊）:HK$199']"
遇見暖居民宿,9.4,"['冰箱洗衣機大床房:HK$171', '豪華大床房:HK$171', '高級雙床房:HK$171']"
廣元天成大酒店,9.3,"['尊貴豪華雙床房:HK$477', '尊貴豪華大床房:HK$478', '行政豪華大床房:HK$587', '行政豪華雙床房:HK$587', '豪華家庭房:HK$587', '行政江景雙床房:HK$684']"
雲海大酒店（廣元高鐵站店）,9.2,"['雅緻大床房:HK$178', '高級大床房:HK$187', '雅緻雙床房:HK$187', '高級雙床房:HK$195']"
廣元曾家山石光燭隱森林民宿,9.7,"['飛花.觀景雙床房（230度觀景+智能窗簾+智能馬桶+大浴缸+中央空調地暖）:HK$836', '聽雨.觀景雙床房（230度觀景+智能窗簾+智能馬桶+大浴缸+中央空調地暖）:HK$956', '歸鳥.觀景雙床房（230度觀景+智能窗簾+智能馬桶+大浴缸+中央空調地暖）:HK$956', '聞風.觀景雙床房（230度觀景+智能窗簾+智能馬桶+大浴缸+中央空調地暖）:HK$993']"
雲著國際大酒店,9.5,"['商務雙床房【智能馬桶+智能客控】:HK$336', '商務大床房【智能馬桶+智能客控】:HK$336', '豪華景觀大床房【智能馬桶+智能客控】:HK$391', '豪華景觀雙床房【智能馬桶+智能客控】:HK$391', '豪華江景大床房【智能馬桶+智能客控】:HK$423', '豪華江景雙床房【智能馬桶+智能客控】:HK$423']"
蘭歐國際酒店（廣元澳體中心店）,9.6,"['蘭逸·城景高級雙床房（零壓床墊+乾濕分離）:HK$496', '蘭沁·城景豪華大床房（智能客控+小冰箱+零壓床墊）:HK$516', '蘭沁·城景豪華雙床房（喜臨門0壓床墊+乾濕分離）:HK$529', '蘭錦·親子雙床房（全屋智能客控+零壓床墊）:HK$549', '蘭歐X寶可夢童趣親子雙床房 | 小童洗漱用品+乾濕分離:HK$549']"
華運精選酒店（廣元高鐵站圖騰廣場店）,9.4,"['INS|優享單人房:HK$195', '華運|智選大床房:HK$216', '憶時光|悦享大床房:HK$237', '壹華里|臻享大床房:HK$259']"
劍閣蜀門客棧,8.7,"['普通單間:HK$202', '特惠雙床房:HK$202', '普通標間:HK$202', '豪華單間:HK$221']"
青川唐家河熊貓酒店,9.8,"['標準大床房:HK$347', '標準雙床房:HK$347', '無障礙大床房:HK$347', '標準四人間:HK$391']"
廣元濱江國際酒店（廣元萬達南河濕地公園店）,8.9,"['温馨大床房（異型房）:HK$197', '商務標間:HK$221', '商務單間:HK$253', '豪華標間:HK$301']"
劍閣阡陌裏劍山居,9.4,"['觀山豪華大床房:HK$1,107', '望崖豪華大床房:HK$1,402', '阡陌豪華套房:HK$1,697']"
青川山水酒店,9.5,"['雅緻大床房:HK$234', '智享雙床房:HK$234', '樂享大床房:HK$272', '輕奢悦享大床房:HK$294']"
劍閣青檸小舍（劍門關景區南門店）,9.5,"['豪華雙床房:HK$180', '豪華大床房:HK$191', '豪華觀景雙床房:HK$244', '温馨親子房:HK$244']"
白玉蘭酒店（廣元南河汽車站北京路店）,9.5,"['輕雅大床房:HK$233', '輕雅雙床房:HK$243', '舒雅雙床房:HK$253', '舒雅大床房:HK$283']"
南山牧雲谷民宿,9.7,"['雲隱雙床房（暖氣）:HK$230', '特色古風大床房:HK$304', '定園大床房:HK$332', '雲端圓床房:HK$332']"
廣元樸院民宿,8.8,"['庭院陽光大床房:HK$250', '如心雅緻大床房:HK$278', '閣樓觀景雙床房（當歸）:HK$287', '閣樓觀景雙床房（玉桂）:HK$306']"
劍閣蒂霏温泉酒店,9.2,"['特價 · 一米陽光大床房-庭院景:HK$126', '特價 · 靜雅歡悦大床房（長沙發）:HK$126', '潔凈・普通雙床房:HK$133', '潔凈・普通大床房（靜謐）:HK$133']"
劍閣紫金藝術酒店,10.0,"['特惠大床房（智能客控）:HK$129', '臻選雙床房:HK$162', '馨悦大床房（智能客控+智能衞浴）:HK$170', '韓式大床房（智能客控）:HK$170']"
廣元賓館（廣元高鐵站店）,8.4,"['豪華單間B:HK$161', '豪華標間B:HK$161', '行政標間:HK$223', '豪華大床房:HK$223']"
煙雲裏·民宿（廣元曾家山景區店）,9.9,"['小雪-田園景觀房·山居意境景觀·電暖壁爐·極米投影:HK$642', '大雪-田園景觀房·巨幅川北老屋田園意境·極米投影·中央空調·除濕機:HK$751', '小滿-私享花園·前庭後院雙景房·極米投影·真火壁爐·中央空調·除濕機:HK$1,405', '霜降-私享花園·前庭後院雙景房·極米投影·真火壁爐·中央空調·除濕機:HK$1,405']"
