酒店名称,评分,房型价格列表
張家口威尼斯大酒店,9.7,"['商務標準間:HK$434', '商務大床間:HK$434', '豪華標準間:HK$445', '豪華大床房:HK$445', '親子房A:HK$499', '親子房B:HK$499']"
張家口藍鯨瑞海酒店,9.4,"['高級大床房:HK$548', '高級雙床房:HK$548', '零壓高級大床房:HK$584', '零壓高級雙床房:HK$584', '豪華大床房:HK$971', '豪華套房:HK$1,533']"
麗楓酒店（張家口市政府店）,9.7,"['雅緻大床房:HK$297', '豪華雙床房:HK$349', '商務大床房:HK$396', '純凈自然大床房:HK$410']"
喆啡酒店（張家口維多利亞廣場五一東大街店）,9.3,"['醇享大床房:HK$283', '醇享雙床房:HK$298', '啡凡大床房:HK$306', '啡凡商旅行政房:HK$313']"
張家口興垣維景國際大酒店,9.6,"['高級大床房:HK$414', '高級雙床房:HK$414', '親子房雙床:HK$521', '親子房大床:HK$521', '行政大床房:HK$592', '高級套房:HK$844']"
亞朵酒店（張家口市政府清水河南路店）,9.8,"['高級大床房（投屏電視+語音客控+小冰箱）:HK$391', '行政大床房（投屏電視+語音客控+智能馬桶+小冰箱）:HK$453', '高級雙床房（投屏電視+語音客控+智能馬桶+小冰箱）:HK$514', '幾木大床房（投屏電視+語音客控+小冰箱+深睡枕PRO）:HK$566', '行政景觀雙床房（投屏電視+語音客控+智能馬桶+小冰箱）:HK$697']"
張家口富龍風鈴樂谷煥活酒店,8.6,"['幽享星空•一抹暖陽•大床房:HK$654', '活力街景•流光溢彩•大床房:HK$844', '活力街景•流光溢彩•雙床房:HK$844', '湖畔謐境•拾光陽台•大床房:HK$844', '枕山逸居•拾光陽台•大床房:HK$844']"
太舞小鎮A＆B HOTEL,9.3,"['舒適大床房:HK$767', '一居雙床房:HK$848', '兩居雙床房:HK$1,272', '兩居家庭房:HK$1,272', '冰雪奇緣兩居室:HK$1,441']"
錦頤優選酒店（張家口高鐵站店）,9.8,"['雅緻大床房（慕思床墊+智能客控+高端洗護）:HK$303', '高級雙床房（慕思床墊+智能客控+商務辦公桌）:HK$324', '影音大床房（慕思床墊+智能客控+巨幕投影）:HK$345', '行政雙床房（慕思床墊+智能客控+全景落地窗）:HK$345']"
張家口夢特芳丹假日酒店,9.3,"['高級雙床房:HK$537', '高級大床房:HK$620', '豪華雙床房:HK$620', '豪華大床房:HK$715', '景觀豪華大床房:HK$758']"
張家口北辰五洲皇冠酒店,9.7,"['豪華大床房:HK$384', '豪華標準間:HK$384', '行政大床房:HK$569', '行政標準間:HK$569', '埃及萌神親子房:HK$654', '喜羊羊與灰太狼親子房:HK$654']"
張家口國際大酒店（B座）,9.7,"['B座標準間（現代簡約風）:HK$256', 'B座大床間（現代簡約風）:HK$256', 'B座豪華大床房（安枕而卧）:HK$301', 'B座親子房LOFT（複式空間）:HK$320']"
張家口新華大廈（尚峯廣場店）,9.0,"['特惠大床房:HK$217', '特惠雙床房:HK$217', '商務大床房:HK$283', '商務雙床房:HK$283']"
園景智選假日酒店（張家口林園路第七中學店）,9.5,"['高級房大床:HK$234', '高級房雙床:HK$234', '高級房:HK$234', '高級房 大床 更大面積:HK$261']"
張家口宣化賓館,9.1,"['B座經濟標準間:HK$167', 'B座經濟單人間:HK$167', 'C座精品單間:HK$189', 'C座商務標間:HK$231', 'D豪華單間:HK$326']"
張家口雪如意維景酒店,9.3,"['園景高級雙床房:HK$605', '特惠雙床房:HK$605', '園景豪華大床房:HK$726', '豪華家庭房:HK$726', '豪華套房:HK$888']"
麗楓酒店（張家口明德北大境門店）,9.4,"['雅緻大床房:HK$318', '雅緻雙床房:HK$325', '豪華大床房:HK$355', '純凈自然大床房:HK$370']"
全季酒店（張家口崇禮裕興路店）,9.8,"['高級大床房（全屋語音客控+智能馬桶+單體空調）:HK$446', '大床房（全屋語音客控+智能馬桶+單體空調）:HK$446', '雙床房（全屋語音客控+智能馬桶+單體空調）:HK$487', '舒壓高級大床房（全屋語音客控+智能馬桶+單體空調）:HK$515']"
怡庭酒店（下花園店）,9.8,"['怡享觀景雙床房【小冰箱➕深睡枕➕富氫水➕可投屏電視】:HK$370', '怡享觀景大床房【可投屏65寸電視➕小冰箱➕富氫水】:HK$379', '怡享家庭親子房【小冰箱➕可投屏65寸電視➕富氫水】:HK$446', '怡養觀景套房【小冰箱+富氫水+深睡枕➕可投屏電視】:HK$569']"
張家口山旮裏旯私人野奢温泉酒店,9.3,"['高級大床房:HK$324', '高級雙床房:HK$356', '豪華大床房:HK$356', '高級家庭房:HK$416', '精選家庭房:HK$436']"
張家口如域·飛鳥假日酒店,9.4,"['舒適大床房:HK$324', '輕享大床房:HK$356', '輕享雙床房:HK$356', '零壓雙床房:HK$388']"
張家口英龍秀水灣酒店,9.0,"['豪華大床房:HK$414', '豪華雙床房:HK$414', '豪華家庭房:HK$569', '豪華家庭三床房:HK$569']"
太舞小鎮帕思頓酒店,9.7,"['優享一卧套房【陽台+洗/烘衣機+浴缸+客廳】:HK$1,241', '家庭一卧套房【陽台+洗/烘衣機+浴缸+客廳】:HK$1,431', '優享兩卧套房【陽台+洗/烘衣機+雙衞】:HK$1,716', '邁克狐劇本遊戲親子主題房A:HK$1,716', '邁克狐劇本遊戲親子主題房B:HK$1,716']"
雷神電競酒店（張家口宣化南大街店）,9.0,"['競燃大床房:HK$246', '競燃雙床房:HK$246', '競技三人間:HK$425', '競界五人間:HK$657']"
葉與晨電競電影酒店（新華街尚峯廣場店）,9.7,"['巨幕影音大床房:HK$306', 'PS5電視大床房:HK$331', '優選電競電影大床房（顯卡:RTX4060Ti+CPUi5-12600KF）:HK$393', '優選電競電影雙床房（顯卡:RTX4060Ti+CPUi5-12600KF）:HK$393']"
蔓蘭家的四季,9.5,"['尊享大床房:HK$378', '尊享雙床房:HK$378', '桃源複式房:HK$407', '輕奢豪華套房:HK$473']"
張家口下花園藍鯨麗呈酒店,9.4,"['觀影大床房:HK$208', '觀影雙床房:HK$208', '豪華大床房:HK$227', '豪華標間:HK$227', '優享雙床房:HK$227']"
雲頂奧雪公寓,9.5,"['觀景大床房（露台+歺廚具+空調+紗門）:HK$456', '觀景套房（智能馬桶蓋+歺廚具+空調+紗門）:HK$570', '觀景LOFT套房（智能馬桶蓋+歺廚具+浴缸+紗門）:HK$665', '獨院LOFT套房（可燒烤+智能馬桶蓋+浴缸+紗門）:HK$722']"
張家口雪如意睿景酒店,9.1,"['高級雙床房:HK$564', '高級大床房:HK$564', '園景家庭房:HK$686', '如意套房:HK$807']"
喆啡酒店（張家口站市政府店）,9.7,"['啡凡體驗房:HK$289', '醇享雙床房:HK$312', '醇享大床房:HK$342', '啡凡大床房:HK$380']"
太舞小鎮太舞酒店,9.2,"['太舞大床房:HK$812', '太舞雙床房:HK$812', '安睡大床房（床墊軟硬調節+足部加熱+ 音波枕）:HK$993', '安睡家庭房（床墊軟硬調節+足部加熱+ 音波枕）:HK$1,083', '豪華套房:HK$1,354', '夢幻MyRoom主題套房:HK$1,534']"
藍鯨悦海酒店（張家口崇禮店）,8.5,"['高級大床房:HK$468', '高級標準間:HK$533', '豪華大床房:HK$533', '豪華標準間:HK$561', '零壓豪華大床房:HK$566']"
張家口藝海國際商務酒店,9.3,"['舒適雙床房:HK$170', '舒適大床房:HK$170', '豪華標準房:HK$190', '豪華大床房:HK$190', '商務套房:HK$217']"
你好酒店（張家口宣化一中鼓樓前街店）,9.5,"['大床房:HK$227', '高級大床房:HK$262', '雙床房:HK$279', '高級雙床房:HK$296']"
喆啡酒店（張家口下花園高鐵站店）,9.5,"['醇享生活大床房:HK$177', '醇享大床房:HK$184', '啡凡大床房:HK$205', '啡凡雙床房:HK$219']"
張家口冬奧村度假公寓,8.8,"['公寓大床房:HK$535', '公寓標間:HK$535', '公寓一室一廳（大床）:HK$601', '公寓LOFT一室一廳:HK$601']"
張家口容辰國際假日酒店,8.8,"['零壓高級標準間:HK$530', '零壓高級大床房:HK$540']"
張家口和平驛站,9.0,"['特價標準房:HK$312', '高級雙床房:HK$407', '高級大床房:HK$427', '豪華套房:HK$559']"
張家口崇禮富龍四季小鎮度假酒店,9.3,"['高級房大床:HK$898', '高級房雙床:HK$898', '高級房:HK$898', '高級大床房高樓層:HK$993', '高級雙床房高樓層:HK$993', '豪華大床房:HK$1,162']"
太舞小鎮鷹巢酒店,9.2,"['悦舞雙床房:HK$523', '悦舞大床房:HK$523', '雪國三劍客:HK$618', '煥舞家庭房:HK$618']"
太舞小鎮雪麓居温泉酒店,9.3,"['一居大床房:HK$898', '安睡一居室（床墊軟硬調節+足部加熱+音波枕）:HK$983', '兩居大床房:HK$1,347', '兩居家庭房:HK$1,436', '超大兩居室:HK$1,526']"
勝光酒店（市政府高鐵站店）,9.5,"['標準雙床房:HK$165', '標準大床房:HK$172', '豪華大床房:HK$192', '豪華雙床房:HK$192']"
右衛客棧（張家口市萬全右衛城店）,9.9,"['精緻大床房:HK$288', '舒適雙床間:HK$288', '雅緻家庭房:HK$393', '豪華大床房:HK$393']"
張家口崇禮太舞凱悦嘉軒酒店,9.0,"['標準雙床（帶聯通門）:HK$670', '標準大床（帶聯通門）:HK$735', '大床房:HK$779', '雙床房:HK$779', '城市街景大床房:HK$801']"
崇禮逸衡酒店,9.5,"['高級房 超大床:HK$558', '高級房 2張雙人床:HK$669', '高級房:HK$724', '高級房 超大床 户外起居區域:HK$780', '高級房 2張雙人床 户外起居區域:HK$835']"
三衹熊酒店公寓（張家口容辰店）,9.2,"['豪華雙床房:HK$333', '豪華大床房:HK$366', '豪華三人間:HK$431', '温馨家庭房A:HK$432']"
崇禮奧克伍德優閣酒店公寓,9.6,"['家庭連通房:HK$931', '豪華大床房:HK$988', '豪華雙床房:HK$1,037']"
張家口藍鯨悦海酒店,9.3,"['單人間:HK$226', '商務大床房:HK$281', '商務雙床房:HK$281', '高級雙床房:HK$418', '高級大床房:HK$418']"
張家口密苑太子酒店,9.0,"['公寓雙床房:HK$441', '公寓大床房:HK$479', '公寓一室一廳套房:HK$532', '公寓四合院一室一廳:HK$577']"
崇禮洲際酒店,9.5,"['豪華房 超大床:HK$619', '豪華房 2張雙人床:HK$619', '豪華房 2張雙人床 庭院:HK$896', '單卧套房:HK$1,727', '大使套房:HK$2,835', '皇室套房:HK$17,420']"
