酒店名称,评分,房型价格列表
徐州伯爵世家酒店（雲龍湖景區店）,9.7,"['精選大床房（超大落地窗+智能馬桶）:HK$340', '精選雙床房（超大落地窗+智能馬桶）:HK$340', '高級大床房（超大落地窗+智能馬桶+記憶枕）:HK$363', '高級雙床房（超大落地窗+智能馬桶+記憶枕）:HK$363', '豪華大床房（超大落地窗+智能馬桶+靜音冰箱+記憶枕+精美茶具）:HK$383']"
花築·徐州泰璽民宿（雲龍湖風景區店）,9.5,"['靜謐·精緻景觀房【智能客控+舒壓床墊】:HK$222', '幽蘭·精緻雙床房【智能客控+舒壓床墊】:HK$246', '星光·精緻大床房【高清巨幕投影+智能客控】:HK$296', '花語·精緻大床房【落地觀景窗+智能客控】:HK$296']"
徐州漢園賓館,9.3,"['標準大床房:HK$431', '豪華大床房:HK$477', '豪華深睡大床房:HK$512', '家庭房:HK$935', '家庭套房:HK$1,384']"
徐州市中心卡奈花園酒店,9.1,"['商務雙床房（小窗）:HK$369', '商務雙床房:HK$402', '商務大床房:HK$402', '行政智能雙床房（小窗）:HK$468', '智能行政大床房:HK$482']"
徐州新淮中心希爾頓歡朋酒店,9.7,"['舒適-大床房:HK$470', '舒適-雙床房:HK$470', '高級-大床房:HK$500', '高級-雙床房:HK$500', '荷里活房-超大床:HK$500']"
徐州海逸國際大酒店,9.1,"['副樓-舒適雙床房:HK$221', '豪華標準間:HK$401', '豪華大床房:HK$412', '行政標準房:HK$445', '行政大床房:HK$456']"
徐州蘇寧廣場淮海路亞朵S酒店,9.7,"['雅緻大床房:HK$469', '高級大床房:HK$509', '雅緻雙床房:HK$529', '高級雙床房:HK$564', '幾木大床房:HK$626']"
和頤至格酒店（徐州蘇寧廣場户部山店）,9.5,"['大床房A（零壓床墊+投屏電視）:HK$201', '大床房（零壓床墊+投屏電視）:HK$227', '零壓雙床房（零壓床墊+投屏電視）:HK$236', '零壓大床房（零壓床墊+投屏電視）:HK$254']"
徐州雲龍湖麗芮酒店,9.6,"['芮享高級大床房（戴森吹風機+舒達床品）:HK$474', '芮享豪華大床房（戴森吹風機+舒達床品）:HK$506', '芮享高級雙床房（戴森吹風機+舒達床品）:HK$540', '芮享豪華雙床房（戴森吹風機+舒達床品）:HK$572', '芮享商務雙床房（戴森吹風機+舒達床品）:HK$605']"
徐州雲龍湖礦業大學亞朵酒店,9.6,"['高級大床房:HK$448', '高級雙床房:HK$448', '行政大床房:HK$460', '行政雙床房:HK$460', '幾木雙床房:HK$528']"
徐州雲龍山希爾頓歡朋酒店,9.3,"['舒適大床房:HK$501', '高級大床房:HK$533', '舒適雙床房:HK$533', '豪華大床房:HK$566', '高級雙床房:HK$566']"
維也納酒店（徐州淮海戰役紀念塔店）,9.4,"['高級大床房:HK$246', '高級雙床房:HK$271', '豪華大床房:HK$324', '豪華雙床房:HK$331']"
徐州户部山和平路亞朵酒店,9.8,"['高級大床房（深睡床品+65寸高清投屏+mini冰箱）:HK$441', '行政大床房（深睡床品+65寸高清投屏+mini冰箱）:HK$460', '行政城景大床房（深睡床品+65寸高清投屏+mini冰箱）:HK$481', '高級雙床房（深睡床品+65寸高清投屏+mini冰箱）:HK$501', '尊享大床房（深睡床品+65寸高清投屏+mini冰箱）:HK$501']"
徐州喜來登酒店,9.6,"['豪華大床房:HK$829', '豪華雙床房:HK$829', '尊貴大床房:HK$938', '尊貴雙床房:HK$938', '行政大床房:HK$1,156', '行政雙床房:HK$1,156']"
七裏拾光·悅庭（徐州蘇寧廣場店）,9.2,"['雲逸270度觀景大床房（Vip999+投影會員+零壓床墊+冰箱）:HK$313', '雲端270度觀景大床房（Vip777+投影會員+零壓床墊+冰箱）:HK$426', '雲境270度觀景大床房（Vip888+投影會員+零壓床墊+冰箱）:HK$453', '雲影270度觀景雙床房（Vip666+投影會員+零壓床墊+冰箱）:HK$532']"
徐州雲龍湖景區開元名庭酒店,9.5,"['名成高級大床房-小泰山山景（迷你冰箱-智能馬桶）:HK$414', '名成高級雙床房-小泰山山景（迷你冰箱-智能馬桶）:HK$447', '名成豪華大床房 --小泰山山景（迷你冰箱-智能馬桶）:HK$480', '名成豪華雙床房-小泰山山景（迷你冰箱-智能馬桶）:HK$513', '名成行政大床房-（智能馬桶+迷你冰箱）:HK$589']"
徐州雲龍萬達廣場漫心酒店,9.7,"['雅緻大床房（冰箱+智能客控+KINGKOIL床墊）:HK$321', '心怡大床房（冰箱+智能客控+朝陽落地窗+KINGKOIL床墊）:HK$341', '心享豪華雙床房（冰箱+智能客控+KINGKOIL床墊）:HK$341', '心悦高級大床房（冰箱+智能客控+KINGKOIL床墊）:HK$359', '心享經典大床房（冰箱+智能客控+KINGKOIL床墊）:HK$416']"
徐州蘇寧廣場中山南路輕居酒店,9.7,"['舒適大床房（深睡床品+65寸高清投屏+全智能客控）:HK$360', '標準大床房（深睡床品+65寸高清投屏+全智能客控）:HK$380', '精選大床房（深睡床品+65寸高清投屏+全智能客控）:HK$400', '精選雙床房（深睡床品+65寸高清投屏+全智能客控）:HK$421', '高級大床房（深睡床品+65寸高清投屏+全智能客控）:HK$421']"
徐州市中心戴斯精選温德姆酒店,9.1,"['高級大床房（森林氧吧負氧離子）:HK$222', '商務大床房（森林氧吧負氧離子）:HK$240', '豪華雙床房（森林氧吧負氧離子）:HK$269', '豪華大床房（森林氧吧負氧離子）:HK$269']"
徐州淮海鬱錦香酒店,9.7,"['妙趣雅緻大床房:HK$391', '妙趣愉夢雙床房:HK$391', '趣享陽光雙床房:HK$440', '趣享湖景大床房:HK$440', '温馨家庭房:HK$747']"
徐州環球港高鐵站亞朵酒店,9.6,"['高級大床房:HK$400', '高級雙床房:HK$411', '行政大床房:HK$441', '行政雙床房:HK$441', '幾木大床房:HK$521']"
徐州創拓奧梵礦業大學亞朵酒店,9.5,"['城景|高級大床房（電視投屏+深睡床墊+小冰箱）:HK$400', '城景|高級雙床房（65寸高清電視+深睡床墊+小冰箱）:HK$410', '行政大床房（負離子助眠+深睡裸棉+陽光房）:HK$421', '行政雙床房（負離子助眠+迷你小冰箱+陽光房）:HK$458', '幾木大床房（空氣凈化器+深睡床品+落地窗）:HK$460']"
錦江都城酒店（徐州高鐵站金龍湖地鐵站店）,9.5,"['精緻商務房——訂製冰箱+深睡床墊+高清投屏:HK$294', '風雅商務房——定製冰箱+深睡床品+高清投屏:HK$338', '精緻雙床房——大空間+訂製冰箱+智能馬桶+空氣凈化器:HK$414', '都會雙床房--大窗觀景+訂製冰箱+智能馬桶+空氣凈化器:HK$414', '都會商務房——大空間+智能馬桶+訂製冰箱+空氣凈化器:HK$414']"
徐州馨樂庭雲龍湖酒店,9.5,"['精緻大床房-配冰箱+微波爐:HK$436', '精緻雙床房-配冰箱+微波爐:HK$436', '氧吧安睡大床房【森林般呼吸+嬰兒般睡眠】:HK$457', '氧吧安睡雙床房【森林般呼吸+嬰兒般睡眠】:HK$457', '温馨豪華套房-高端廚具家電+洗烘一體機+開放式廚房:HK$632']"
城市精選酒店（徐州彭城廣場富國街店）,9.4,"['標準大床房（英倫風情+乾濕分離）:HK$366', '標準雙床房（英倫風情+乾濕分離）:HK$391', '高級大床房（明亮寬敞+舒適空間）:HK$398', '高級雙床房（明亮寬敞+舒適空間）:HK$407']"
徐州建國東路蘇寧廣場亞朵酒店,9.6,"['高級大床房:HK$410', '高級雙床房:HK$410', '行政雙床房:HK$460', '行政大床房:HK$460', '行政城景大床房:HK$510']"
全季酒店（徐州雲龍湖風景區湖北路店）,9.7,"['高級大床房:HK$302', '商務大床房:HK$362', '景觀大床房:HK$412', '高級雙床房:HK$442']"
漢庭酒店（徐州户部山店）,9.6,"['大床房:HK$325', '高級大床房:HK$333', '雙床房:HK$351', '豪華大床房:HK$351']"
宜尚酒店（徐州蘇寧廣場店）,9.2,"['標準大床房:HK$319', '標準雙床房:HK$319', '高級大床房:HK$334', '高級雙床房:HK$334']"
全季酒店（徐州户部山和平路店）,9.8,"['大床房（mini冰箱+65寸投屏+舒壓床墊）:HK$488', '高級大床房（mini冰箱+65寸投屏+舒壓床墊）:HK$507', '豪華大床房（mini冰箱+65寸投屏+舒壓床墊）:HK$528', '高級雙床房（mini冰箱+65寸投屏+舒壓床墊）:HK$538']"
徐州寶信君瀾度假酒店,9.3,"['商務大床房:HK$459', '商務雙床房:HK$459', '豪華大床房:HK$649', '豪華雙床房:HK$649', '庭院大床房:HK$787', '庭院雙床房:HK$798']"
全季酒店（徐州户部山地鐵站店）,9.7,"['大床房（65寸電視+金可兒床墊）:HK$407', '高級大床房（mini冰箱+65寸電視+金可兒床墊）:HK$435', '雙床房（65寸電視+金可兒床墊）:HK$435', '商務大床房（mini冰箱+65寸電視+記憶棉床品）:HK$464']"
徐州彭城廣場民主南路輕居酒店,9.8,"['高級雙床房（55寸高清投屏+深睡床品）:HK$501', '舒適大床房（55寸高清投屏+裸棉床品+智能馬桶）:HK$551', '標準大床房（55寸高清投屏+裸棉床品+智能馬桶）:HK$582', '精選大床房（55寸高清投屏+裸棉床品+智能馬桶）:HK$622', '高級大床房（55寸高清投屏+深睡床品）:HK$672']"
徐州朗博酒店,9.4,"['商務大床房:HK$306', '商務雙床房:HK$306', '靜謐零壓大床房（記憶床品+窗外好景+空氣凈化器+加濕器）:HK$343', '靜謐園景雙床房（智能馬桶+窗外好景+小冰箱+空氣凈化器+加濕器）:HK$384', '零壓景觀大床房（窗外好景+零壓床墊+智能馬桶+小冰箱+電視投屏+空氣凈化器+加濕器）:HK$415']"
徐州雲龍萬達酒店,9.5,"['高級大床房:HK$322', '高級雙床房:HK$322', '豪華大床房:HK$341', '豪華雙床房:HK$341']"
全季酒店（徐州雲龍萬達廣場店）,9.7,"['大床房:HK$314', '雙床房:HK$314', '高級大床房:HK$334', '高級雙床房:HK$360']"
徐州雲龍湖途家盛捷酒店,9.3,"['精品大床房-配小冰箱·可提供廚房用品:HK$296', '精品雙床房-房內配小冰箱:HK$305', '氧吧安睡雙床房:HK$315', '氧吧安睡大床房:HK$315', '高級雙床房-配小冰箱:HK$326']"
白玉蘭酒店（徐州蘇寧廣場店）,9.4,"['靜逸大床房:HK$359', '輕雅大床房:HK$379', '舒雅大床房:HK$409', '舒雅雙床房:HK$419']"
桔子酒店（徐州雲龍湖三胞廣場店）,9.6,"['大床房:HK$292', '高級大床房-深睡好眠:HK$301', '高級雙床房:HK$321']"
徐州雅高瑞享酒店,9.5,"['瑞享豪華大床房（智能客控+俯瞰城市景觀+智能馬桶）:HK$468', '瑞享豪華雙床房（智能客控+俯瞰城市景觀+智能馬桶）:HK$468', '瑞享行政大床房（智能客控+甜夢之床）:HK$686', '瑞享行政雙床房（智能客控+甜夢之床）:HK$686', '瑞享豪華親子雙床房（智能客控+智能馬桶+金可兒床墊）:HK$719', '瑞享行政套房（智能客控+戴森吹風機+膠囊coffee機）:HK$1,211']"
徐州開元迎賓館大酒店,9.6,"['開元大床房:HK$566', '開元雙床房:HK$566', '開元家庭套房:HK$905']"
如家精選酒店（徐州淮海路中心店）,9.7,"['大床房（55寸電視投屏+0壓床墊+洗烘一體機）:HK$394', '商務大床房（55寸電視投屏+0壓床墊+洗烘一體機）:HK$411', '高級大床房（55寸電視投屏+0壓床墊+洗烘一體機）:HK$438', '安心睡安睡大床房（55寸電視投屏+0壓床墊洗烘一體機）:HK$464']"
徐州淮海路希爾頓歡朋酒店,9.5,"['舒適雙床房:HK$471', '高級大床房:HK$519', '高級雙床房:HK$519', '豪華大床房:HK$539', '歡朋套房:HK$770']"
徐州東站雲龍萬達桔子水晶酒店,9.8,"['高級大床房（親膚布草+迷你冰箱+智能馬桶）:HK$442', '豪華雙床房（徠芬吹風機+迷你冰箱+智能馬桶）:HK$482', '商務大床房（徠芬吹風機+夜景動人+智能馬桶）:HK$503', '豪華大床房（徠芬吹風機+迷你冰箱+城景）:HK$532', '家庭房（超大床+徠芬吹風機+智能馬桶）:HK$733']"
藝龍壹棠酒店（徐州雲龍萬達廣場民富園夜市店）,9.5,"['壹心大床房:HK$283', '壹心雙床房:HK$294', '壹棠影音房:HK$318', '壹棠家庭套房:HK$542']"
桔子酒店（徐州火車站地鐵站環城路店）,9.8,"['高級大床房:HK$539', '商務大床房:HK$605', '雙床房:HK$681', '高級雙床房:HK$728']"
全季酒店（徐州淮海新天地店）,9.8,"['高級雙床房:HK$325', '大床房:HK$341', '高級大床房:HK$344', '套房:HK$432']"
徐州彭城廣場淮海西路亞朵酒店,9.6,"['高級大床房（65寸高清投屏+裸棉床品）:HK$400', '高級雙床房（65寸高清投屏+裸棉床品）:HK$421', '行政大床房（65寸高清投屏+裸棉床品+mini冰箱）:HK$450', '行政雙床房（65寸高清投屏+裸棉床品+mini冰箱）:HK$471', '幾木大床房（65寸高清投屏+裸棉床品+mini冰箱）:HK$501']"
桔子酒店（徐州雲龍萬達廣場店）,9.7,"['高級大床房+智能客控+65寸高清投屏+温馨安靜:HK$312', '月若流金大床房+智能客控+65寸高清投屏+金可兒床墊:HK$321', '加州陽光雙床房+落地大窗+65寸高清投屏+金可兒床墊:HK$321', '月若流金雙床房+智能客控+65寸高清投屏+金可兒床墊:HK$330']"
徐州東區綠地鉑驪酒店（高鐵東站店）,9.5,"['商務大床房:HK$501', '商務雙床房:HK$501', '豪華大床房:HK$554', '豪華雙床房:HK$554', '行政雙床房:HK$747', '行政大床房:HK$747']"
徐州彭城飯店,9.5,"['城景大床房:HK$542', '高級雙床間:HK$588', '園景大床房（庭院景觀）:HK$604', '園景雙床間（庭院景觀）:HK$619', '商務大床房:HK$726']"
徐州雲龍萬達廣場亞朵酒店,9.7,"['高級大床房:HK$385', '高級雙床房:HK$385', '行政大床房:HK$439', '行政雙床房:HK$439', '行政城景大床房:HK$529']"
徐州綠地鉑瑞酒店,9.6,"['豪華露台園景大床房:HK$828', '豪華露台園景雙床房:HK$828', '豪華露台湖景雙床房:HK$937', '豪華露台湖景大床房:HK$937', '行政露台園景大床房:HK$1,156', '行政露台園景雙床房:HK$1,156']"
徐州萬豪酒店,9.4,"['豪華大床房:HK$943', '豪華雙床房:HK$943', '豪華湖景大床房:HK$1,172', '豪華湖景雙床房:HK$1,172', '行政豪華雙床房:HK$1,185', '行政豪華大床房:HK$1,185']"
徐州彭城廣場黃河北路亞朵酒店,9.8,"['高級大床房:HK$341', '高級雙床房:HK$341', '行政雙床房:HK$394', '行政大床房:HK$394', '高級庭院大床房:HK$439']"
怡程酒店（徐州蘇寧廣場店）,9.6,"['智能標準大床房（高清投屏+mini冰箱+全智能客控）:HK$366', '智能高級大床房（65寸高清投屏+mini冰箱+全智能客控）:HK$398', '智能高級雙床房（65寸高清投屏+全智能客控+mini冰箱）:HK$430', '城景豪華大床房（65寸高清投屏+浪漫城景+mini冰箱）:HK$463', '影院豪華大床房（巨幕影音+私人浴缸+mini冰箱）:HK$495']"
徐州市中心喬治莫蘭迪酒店,9.3,"['高級大床房（智能客控+舒適零壓力枕）:HK$346', '商務大床房（智能客控+舒適零壓力枕）:HK$374', '商務雙床房（智能客控+舒適零壓力枕）:HK$374', '豪華大床房（智能客控+舒適零壓力枕）:HK$404', '尊享大床房（智能客控+舒適零壓力枕）:HK$432']"
如家精選酒店（徐州大學路怡和廣場店）,9.8,"['大床房【全屋智能家居】:HK$314', '商務大床房【全屋智能家居】:HK$314', '標準雙床房【全屋智能家居】:HK$314', '高級大床房【全屋智能家居】:HK$332']"
花築·喜客民宿（徐州市中心蘇寧廣場店）,9.3,"['文廟小景房【花園景觀】高端衞浴+全屋智能:HK$463', '蘇寧小景房【觀景陽台】雙人沙發+舒適躺椅+全屋智能:HK$493', '文廟觀景浴缸房【觀景陽台】高端衞浴+桌椅+全屋智能:HK$522', '文廟觀景房【觀景窗台】高端衞浴+全屋智能:HK$567']"
全季酒店（徐州銅山萬達廣場店）,9.7,"['高級大床房:HK$302', '雙床房:HK$302', '商務大床房:HK$320', '高級雙床房:HK$320']"
徐州雲東境酒店,9.6,"['隱·大床房:HK$1,419', '隱·雙床房:HK$1,419', '悦·雙床房:HK$1,856', '悦·大床房:HK$1,910', '境 · 大床房:HK$2,074', '境 · 雙床房:HK$2,074']"
徐州雲龍湖珠山景區亞朵酒店,9.7,"['高級大床房:HK$412', '高級雙床房:HK$430', '行政大床房:HK$548', '行政雙床房:HK$610', '幾木親子套房:HK$816']"
徐州開元名都大酒店,9.6,"['高級雙床房:HK$534', '高級大床房:HK$534', '豪華雙床房:HK$583', '豪華大床房:HK$583', '行政大床房:HK$623', '豪華湖景大床房:HK$723']"
東潤星程酒店,9.7,"['經濟大床房（全屋智能+可投屏+零壓床枕）:HK$164', '舒適大床房（全屋智能+可投屏+零壓床枕）:HK$172', '標準雙床房（全屋智能+可投屏+零壓床枕+安靜好眠）:HK$188', '高級大床房（全屋智能+可投屏+零壓床枕）:HK$188']"
徐州回龍窩花間府·伴雲亭,9.7,"['雲影大床房:HK$655', '雲籬大床房:HK$726', '雲池豪華大床房:HK$903', '雲棲雙床房:HK$966', '雲澗豪華雙床房:HK$1,054']"
徐州綠地皇冠假日酒店,9.5,"['高級房·雙床·花園景觀:HK$649', '高級房·大床·花園景觀:HK$649', '高級房·雙床·大龍湖景觀:HK$742', '高級房·大床·大龍湖景觀:HK$742', '豪華房·大床·俱樂部樓層:HK$928', '豪華房·雙床·俱樂部樓層:HK$928']"
全季酒店（徐州東站店）,9.8,"['大床房:HK$357', '高級大床房:HK$377', '雙床房:HK$396', '商務大床房:HK$405']"
徐州伊敦康得思酒店,9.6,"['高級大床房:HK$579', '高級雙床房:HK$579', '豪華湖景大床房:HK$673', '豪華湖景雙床房:HK$673', '行政城景大床房:HK$720', '行政城景雙床房:HK$720']"
