酒店名称,评分,房型价格列表
雅斯特國際酒店（芒市廣場店）,9.5,"['雅緻大床房（智能客控）:HK$221', '高級大床房（智能客控&電動窗簾）:HK$238', '高級雙床房（高樓層&採光好）:HK$279', '豪華大床房（房間大&採光好）:HK$296', '豪華雙床房（落地窗&智能馬桶）:HK$312']"
SFEEL設計師酒店（芒市廣場店）,9.7,"['園景大床房（零壓床品+AI智能客控+科勒衞浴+mini冰箱）:HK$304', '悠享園景雙床房（零壓床品+AI智能客控+mini冰箱）:HK$337', '陽光園景大床房（零壓床品+AI智能客控+mini冰箱）:HK$348', '設計師精選大床房（零壓床品+AI智能客控+mini冰箱）:HK$359']"
芒市城悦酒店（芒市廣場店）,9.6,"['雅緻大床房:HK$291', '輕奢大床房:HK$342', '商務雙床房:HK$349', '行政套房:HK$509']"
芒市翡華酒店,9.3,"['雅緻大床房:HK$513', '雅緻雙床房:HK$513', '雅緻豪華大床房:HK$835', '雅緻豪華雙床房:HK$835', '雅緻閣樓雙床房:HK$835']"
華竺·Stylist藝術美宿（傣族古鎮金塔店）,9.9,"['Villa·春分丨靜謐雙床房（全屋智能+戴森吹風+TOTO衞浴+巨幕投影+記憶睡枕+貢緞床品+Minibar暢飲）:HK$523', 'Villa·觀星丨星空浴缸大床房（獨立露台+全屋智能+戴森吹風+TOTO衞浴+巨幕投影+記憶睡枕+貢緞床品+Minibar暢飲）:HK$571', 'Villa·白露丨露台山景大床房（全屋智能+戴森吹風+TOTO衞浴+巨幕投影+記憶睡枕+貢緞床品+Minibar暢飲）:HK$607', 'Villa·攬月丨觀金銀塔浴缸大床房（獨立露台+全屋智能+戴森吹風+TOTO衞浴+巨幕投影+記憶睡枕+貢緞床品+Minibar暢飲）:HK$643']"
芒市鉑璽酒店,9.8,"['輕享大床房（貴妃椅+智能客控）:HK$228', '輕享雙床房（智能客控）:HK$250', '陽光城景靜謐大床房（貴妃椅+智能客控）:HK$276', '陽光城景靜謐雙床房（智能客控）:HK$303', '金塔觀景大床房（貴妃椅+智能客控）:HK$334']"
朵蘭達V酒店（芒市機場芒市大街店）,9.6,"['零壓智能語音大床房:HK$335', '零壓智能語音雙床房:HK$362', 'Scener靜謐大床房:HK$405', 'Scener靜謐雙床房:HK$433', 'Cool朵拉城景大床房:HK$489']"
芒市際洲柏麗酒店,9.4,"['温泉高級大床房:HK$430', '温泉高級雙床房:HK$443', '温泉豪華大床房:HK$443', '温泉行政大床房:HK$478', '温泉私湯房:HK$502']"
麗楓酒店（芒市金孔雀大街機場店）,9.6,"['標準大床房:HK$548', '雅緻大床房:HK$576', '豪華大床房:HK$590', '豪華雙床房:HK$590', '商務大床房:HK$617']"
德宏瑞麗凱里亞德溫泉度假酒店,9.3,"['輕享智能雙床房丨零壓床·AI客控·高端床品·私享靜謐:HK$282', '輕享智能雙拼大床房丨高端床品·AI客控·零壓好眠:HK$282', '輕享智能大床房丨零壓床·助眠枕·AI客控·高端床品:HK$289', '榮享智能大床房丨靜謐空間·零壓特大床·AI客控:HK$312', '趣享智能雙拼親子房丨靜謐適宜·益智玩具·AI客控:HK$349']"
嶼上USUN•HOTEL（芒市廣場店）,9.6,"['花嶼︱御品大床房（冰箱飲料+高端床品+高速WIF）:HK$393', '花嶼 | 御品雙床房（冰箱飲料+高端床品+高速WIF）:HK$393', '木嶼 | 景觀雙床房（冰箱飲料+高端床品+高速WIF）:HK$421', '木嶼 | 景觀大床房（冰箱飲料+高端床品+高速WIF）:HK$425', '温嶼丨親子家庭房（冰箱飲料+高端床品+高速WIF）:HK$467']"
雙羽民宿.高端花園別墅（芒市傣族古鎮店）,9.7,"['兩全其美•大床房【獨立私密陽台+漢斯格雅沐浴+壁掛懸空KOHLER馬桶+乾濕分離+懸浮氛圍床+鴨絨被+一次性沐浴套裝】:HK$354', '四季發財•大床房【賞民族東南亞風格別墅羣+漢斯格雅沐浴+壁掛懸空KOHLER馬桶+乾濕分離+懸浮氛圍床+鴨絨被+一次性沐浴套裝】:HK$383', '一心一意•雙床房【花園外景+日出晨景+漢斯格雅沐浴+壁掛懸空KOHLER馬桶+乾濕分離+懸浮氛圍床+鴨絨被+一次性沐浴套裝】:HK$384', '三生有幸•雙床房【看日出連綿山景觀古鎮全景陽台+漢斯格雅沐浴+壁掛懸空KOHLER馬桶+乾濕分離+懸浮氛圍床+鴨絨被+一次性沐浴套裝】:HK$422']"
棲遲客棧（傣族古鎮店）,9.9,"['餘歡-温馨舒適大床房（全屋智能+TOTO智能衞浴+乾濕分離+亞朵深睡枕）:HK$590', '隨遇-靜謐景觀大床房（全屋智能+恆温馬桶+乾濕分離+深睡枕+TOTO衞浴）:HK$608', '密悦-獨立花園景觀大床房（全屋智能+TOTO智能衞浴+乾濕分離+亞朵深睡枕）:HK$793', '覓知-雅緻紗幔大床房（全屋智能+恆温馬桶+乾濕分離+深睡枕+TOTO衞浴）:HK$793']"
芒市柒柒小築民宿（傣族古鎮景區店）,9.8,"['樑·露台舒適大床房101（享受靜謐時光的園景露台+深睡大床+智能馬桶）:HK$250', '隴·超大露台特色榻榻米203（可坐搖搖椅觀星星月亮的超大露台+深睡大床+智能馬桶）:HK$262', '瑞·超大露台舒適大床房201（比房間還大的超大露台+深睡大床+智能馬桶）:HK$272', '盈·超大露台豪華雙床房202（可躺睡吹風放空的超大露台+深睡大床+智能馬桶）:HK$294']"
芒市尋木有宿,9.6,"['【得閑】樹下大床房（傣式木樓·零壓深睡床墊·鵝絨被）:HK$398', '【莫忙】花園雙床房·傣式木樓|零壓深睡床墊|鵝絨被:HK$419', '【尋桂】花園雙床房（傣式木樓·零壓深睡床墊·鵝絨被）:HK$419', '【且停】榻榻米大床房（傣式木樓·雙塔觀景·零壓深睡）:HK$432']"
雲州酒店（傣族古鎮店）,9.4,"['輕享大床房（全屋智能+智能馬桶+零壓床品+鴨絨被）:HK$225', '輕享雙床房（全屋智能+智能馬桶+零壓床品+鴨絨被）:HK$247', '觀影大床房（全屋智能+智能馬桶+零壓床品+鴨絨被）:HK$254', '觀影雙床房（全屋智能+智能馬桶+零壓床品+鴨絨被）:HK$267']"
錦悦酒店（德宏芒市機場珠寶小鎮店）,9.5,"['泊野·悦享大床房【全屋智能客控+零壓床墊+智能馬桶】:HK$190', '知秋·尊享大床房【全屋智能客控+零壓床墊+智能馬桶】:HK$213', '止安·靜享雙床房【全屋智能客控+零壓床墊+智能馬桶】:HK$224', '悠然·臻享大床房【全屋智能客控+零壓床墊+智能馬桶】:HK$236']"
聆湖別院（勐煥大金塔店）,9.5,"['觀山105尊享榻榻米大床房（電動窗簾+智能馬桶+九牧衞浴＋中央空調+記憶睡枕+貢緞床品）:HK$423', '觀山203尊享大床房（獨立陽台+電動窗簾+智能馬桶+九牧衞浴＋中央空調＋大理石浴缸+記憶睡枕+貢緞床品）:HK$442', '觀山303尊享榻榻米大床房（獨立陽台+電動窗簾+智能馬桶+九牧衞浴＋中央空調＋大理石浴缸+記憶睡枕+貢緞床品）:HK$442', '觀山102尊享大床房（獨立陽台+電動窗簾+智能馬桶+九牧衞浴＋中央空調+記憶睡枕+貢緞床品）:HK$479']"
芒市枕晴山觀景美宿（傣族古鎮店）,9.7,"['沁園春·南洋復古大床房（深睡床品|智能衞浴|觀院景）:HK$228', '芭蕉雨·舒適大床房（深睡床品|智能衞浴|觀院景）:HK$245', '春不晚·浴缸大床房（深睡床品|智能衞浴|摩天輪景觀）:HK$275', '彩雲歸·雙床房（深睡床品|智能衞浴|觀摩天輪）:HK$306']"
芒市江東大酒店（芒市大街機場店）,9.4,"['特惠大床房:HK$218', '高級大床房:HK$253', '特惠雙床房:HK$294', '高級雙床房:HK$304', '豪華大床房:HK$325']"
芒市明日島·villa（新玩廠店）,9.7,"['拿鐵-Latte景觀大床房（戴森吹風機+漢斯格雅衞浴+馬歇爾音響+HCK冰吧+蕾絲0壓床墊）:HK$359', '短笛-Piccolo温馨雙床房（戴森吹風機+漢斯格雅衞浴+馬歇爾音響+HCK冰吧+蕾絲0壓床墊）:HK$360', '澳白Falt-white舒適大床房（浴缸+戴森吹風機+漢斯格雅衞浴+馬歇爾音響+HCK冰吧+蕾絲0壓床墊）:HK$398', '冷萃Cold-brew豪華大床房（浴缸戴森吹風機+漢斯格雅衞浴+馬歇爾音響+HCK冰吧+蕾絲0壓床墊）:HK$480']"
梵詩酒店（傣族古鎮店）,9.7,"['雅緻雙床房:HK$652', '豪華大床房:HK$751', '傣樂温馨大床房:HK$1,089', '傣樂花園套房（一室一廳）:HK$1,296', '傣樂親子套房（兩室一廳、獨立衞浴）:HK$1,623']"
芒市花間棲民宿（勐煥大金塔店）,9.4,"['202雲眠·奶油治癒大床房（露台+觀金塔+零壓床品+智控）:HK$271', '101花語·奶油露台大床房（花海景觀台+零壓+智控+乳膠）:HK$284', '102花海·奶油露台大床房\u200c（景觀|星空頂零壓深睡+智能）:HK$284', '103星畔·奶油雙床房\u200c（星空頂+觀金塔+零壓乳膠+智控）:HK$313']"
宜尚酒店（芒市廣場店）,9.7,"['智能高級大床房（全景落地窗I支持手機投屏I金塔景觀）:HK$235', '智能豪華大床房（舒躺椅I支持手機投屏I冰箱I採光好）:HK$262', '智能高級雙床房（全智控I支持手機投屏I安靜I採光好）:HK$262', '智能大床房（全智控I支持手機投屏I通風采光好）:HK$284', '智能豪華雙床房（全智控I手機投屏I落地窗I風景好）:HK$299']"
聖維雅國際温泉酒店（彩雲城店）,9.6,"['上新怡然雙床房（温泉湯池+智能客控+100寸巨幕投影）:HK$251', '上新怡然大床房（温泉湯池+智能客控+100寸巨幕投影）:HK$251', '問安-悦心雙床房（温泉湯池+智能客控+100寸巨幕投影）:HK$297', '問安-悦心·大床房（温泉湯池+智能客控+100寸巨幕投影+VIP電影）:HK$297']"
如你所院·Villa花園民宿（芒市大街店）,9.8,"['花巷·雙床房（全屋智能丨零壓床墊丨品牌衞浴）:HK$254', '星巷·大床房（全屋智能丨零壓床墊丨品牌衞浴）:HK$310', '院裏·大床房（全屋智能丨零壓床墊丨品牌衞浴）:HK$353', '院內·雙床房（全屋智能丨零壓床墊丨品牌衞浴）:HK$442']"
山有一舍民宿（芒市傣族古鎮店）,9.7,"['暮江吟202｜特色榻榻米房｜獨立陽台｜户外桌椅:HK$286', '桃源行101｜舒適大床房｜獨立花園｜户外桌椅｜空調房）:HK$313', '將進酒201｜精緻榻榻米床\u2006｜獨立陽台｜户外桌椅:HK$313', '秋浦歌203｜豪華雙床房｜觀景陽台｜户外桌椅｜空調房:HK$378']"
德宏德安酒店（芒市廣場店）,9.5,"['優享商務雙床房:HK$192', '優享商務大床房:HK$192', '商務雙人房:HK$209', '商務大床房:HK$209', '行政大床房:HK$231']"
香江大酒店,9.4,"['民宿 貴賓樓大床房:HK$296', '民宿 貴賓樓雙床房:HK$296', '豪華大床房:HK$312', '豪華雙床房:HK$320']"
芒市乘象漫途民宿（傣族古鎮店）,9.8,"['喜遇&豪華大床房（202）#休閑躺椅+獨立露台+零壓床墊+品牌衞浴#:HK$301', '拾緣&觀景豪華大床房（201）#獨立觀景大露台+零壓床墊+品牌衞浴+休閑躺椅#:HK$325', '挽星&精緻雙床房（203）超大露台+零壓床墊+品牌衞浴:HK$348', '闌珊&家庭尊享雙床套房301（獨立客廳+休閑小陽台+觀景超大陽台+零壓床墊+品牌衞浴）:HK$556']"
瑞麗蘭歐國際酒店,9.4,"['經典大床房【智能客控+小冰箱】:HK$331', '高級雙床房【智能客控+小冰箱】:HK$357', '高級大床房【智能客控+小冰箱】:HK$369', '豪華雙床房【智能客控+小冰箱】:HK$402', '豪華大床房【智能客控+小冰箱】:HK$414']"
城市便捷酒店（德宏芒市廣場店）,9.6,"['商務大床房（智控房間｜記憶枕頭｜智能馬桶｜手機投屏）:HK$192', '標準大床房（智控房間｜記憶枕頭｜智能馬桶｜手機投屏）:HK$196', '商務雙床房（智控房間｜記憶枕頭｜智能馬桶｜手機投屏）:HK$205', '高級大床房（智控房間｜記憶枕頭｜智能馬桶｜手機投屏）:HK$221']"
厚一民宿,9.9,"['紅酒| 小一室【進口白蠟木傢俱＋高端定製床品】:HK$440', '肉豆蔻| 院景雙床房【進口白蠟木傢俱＋高端定製床品】:HK$529', '橙| 院景落地窗一室【進口白蠟木傢俱＋高端定製床品】:HK$640', '香葉| 一院一室【進口白蠟木傢俱＋高端定製床品】:HK$640']"
全季酒店（芒市廣場店）,9.7,"['高級大床房（金可兒床墊|獨立小冰箱|65寸可投屏電視）:HK$414', '商務大床房（金可兒床墊|獨立小冰箱|65寸可投屏電視）:HK$453', '高級雙床房（金可兒床墊|獨立小冰箱|65寸可投屏電視）:HK$462', '商務雙床房（金可兒床墊|獨立小冰箱|65寸可投屏電視）:HK$483']"
尋隱·謐境民宿（芒市傣族古鎮店）,9.9,"['枕石･榻榻米庭院大床房『VIBERT FRERES洗護丨貢緞床品丨零壓記憶枕&立體雲感軟枕丨智能馬桶』:HK$263', '雲想･悦品大床房『VIBERT FRERES洗護丨貢緞床品丨零壓記憶枕&立體雲感軟枕丨智能馬桶』:HK$270', '山形･庭院大床房 『 VIBERT FRERES洗護丨貢緞床品丨零壓記憶枕&立體雲感軟枕丨智能馬桶 』:HK$292', '與露･露台大床房『VIBERT FRERES洗護丨貢緞床品丨零壓記憶枕&立體雲感軟枕丨智能馬桶』:HK$292']"
雲尚居民宿（傣族古鎮店）,9.7,"['拾秋301 · 觀景影院大床房（高清投影+乳膠記憶枕+智能馬桶）:HK$494', '沐夏302 · 觀景影院大床房（投影+記憶睡眠枕+浴缸+智能馬桶）:HK$537', '挽風101·庭院觀景大床房（高清投影+乳膠記憶枕+泡池+智能馬桶+私人小院）:HK$545', '攬月102 · 露台舒適雙床房（高清投影+乳膠記憶枕+浴缸+智能馬桶）:HK$574']"
芸朵酒店（傣族古鎮店）,9.3,"['芸朵舒適標準雙床房（主樓）:HK$227', '芸享大床房（副樓）:HK$244', '芸朵傣煥飄窗時尚大床房（主樓）:HK$266', '芸朵飄窗觀景豪華雙床房（主樓）:HK$266']"
芒市小水民宿（傣族古鎮店）,9.7,"['小隱·花園大床房（獨立花園庭院| 夢百合0壓床墊 | 輕奢全棉貢緞床品| 徠芬吹風機）:HK$267', '千尋·陽光大床房（夢百合0壓床墊| 輕奢全棉貢緞床品|徠芬吹風機|乾濕分離）:HK$287', '千與·豪華雙床房（落地全景|喜臨門0壓床墊| 輕奢全棉貢緞床品|徠芬吹風機|乾濕分離）:HK$339', '座山·露台大床房（獨立觀景陽台|夢百合0壓床墊|輕奢全棉貢緞床品|徠芬吹風機|乾濕分離）:HK$372']"
盛庭智慧酒店（瑞麗店）,9.6,"['迷你大床房（温馨舒適+輕享商務）:HK$173', '迷你雙床房（新風系統+無線快充）:HK$184', '影音大床房（巨幕投影+陽光休閑飄窗+品質睡眠）:HK$206', '智能大床房（陽光休閑飄窗+語音客控+品質睡眠）:HK$216']"
芒市快捷酒店（芒市機場珠寶小鎮店）,9.6,"['精緻雙床房（電動窗簾+零壓枕頭）:HK$216', '精緻大床房（電動窗簾+零壓枕頭）:HK$216', '優享親子房（電動窗簾+零壓枕頭）:HK$252', '臻選大床房（電動窗簾+零壓枕頭）:HK$277']"
籬笆宿（金塔店）,9.7,"['特價雙床房｜智能衞浴+品質床品+過道窗户:HK$252', '枕山｜塔景大床房（星級床墊+智能衞浴+優美景觀）:HK$378', '小築｜舒適雙床房（智能衞浴+星級床品）:HK$382', '山舍｜花園大床（獨立花園陽台+洗衣機+智能衞浴+星級床品）:HK$398']"
雅悦柏庭花園酒店（芒市廣場機場店）,9.4,"['高級大床房:HK$185', '高級雙床房:HK$198', '雅悦大床房:HK$210', '雅悦雙床房:HK$223']"
妘私席民宿（芒市廣場店）,9.7,"['Yun.妘6｜舒適大床房《投影房》:HK$304', 'Yun.妘7｜舒適雙床房《投影房》:HK$304', 'Yun.妘3｜温馨陽台大床房《投影房》:HK$315', 'Yun.妘1｜浴缸大床房《投影房》:HK$327']"
雅斯特酒店（芒市百思特美食城菩提街店）,9.5,"['高級大床房（屋頂花園+全屋智能+金塔夜景屋頂）:HK$176', '高級雙床房（屋頂花園+全屋智能+金塔夜景屋頂）:HK$191', '豪華大床房（屋頂花園+全屋智能+金塔夜景屋頂）:HK$206', '豪華雙床房（屋頂花園+全屋智能+金塔夜景屋頂）:HK$229']"
肆拾號院堅果樹下民宿,9.7,"['遇己·普通大床房:HK$276', '隨遇·普通大床房:HK$276', '肆意·豪華大床房（零壓深睡護頸枕）:HK$332', '盡歡·豪華大床房:HK$332']"
歡漫酒店（芒市機場芒市廣場店）,9.7,"['標準大床房（全屋智能＋mini冰箱）:HK$256', '商務大床房（零壓床墊＋智能馬桶）:HK$265', '高級雙床房（零壓床墊＋mini冰箱）:HK$275', '高級大床房（智能客控+巨幕投影）:HK$275']"
芒市越玲大酒店（芒市廣場店）,9.6,"['C座雅緻雙床房（臨街景觀）:HK$197', 'C座雅緻大床房（臨街景觀）:HK$208', 'C座雅緻金塔觀景雙床房（臨街景觀）:HK$251', 'A座輕享雙床房（蕎麥枕｜電動窗簾｜靜享後花園景觀）:HK$265']"
梵玉·蘭舍（傣族古鎮店）,10.0,"['舒適甜夢大床房（古鎮夜景+金塔夜景+深泡浴缸）:HK$175', '親子樂享雙床房（古鎮夜景+智能馬桶+金塔夜景）:HK$208']"
渡春山Villa,9.5,"['歸隱高級大床房（戴森吹風機+Marshall音響+科勒衞浴）:HK$325', '在野高級特大床房（戴森吹風機+Marshall音響+科勒衞浴）:HK$349', '得閑雅緻大床房（戴森吹風機+Marshall音響+科勒衞浴）:HK$428', '樂之特色大床房（戴森吹風機+Marshall音響+科勒衞浴）:HK$437']"
墨汀居民宿,9.9,"['徐行·大床房丨深睡床墊丨記憶枕芯丨智能衞浴丨乾濕分離:HK$276', '何妨·雙床丨深睡床墊丨記憶枕芯丨智能衞浴丨乾濕分離:HK$376', '道中·大床房丨深睡床墊丨記憶枕芯丨智能衞浴丨乾濕分離:HK$453', '穿林·雙床房丨深睡床墊丨記憶枕芯丨智能衞浴丨乾濕分離:HK$453']"
