酒店名称,评分,房型价格列表
福田花雨温泉度假酒店（忻州古城店）,9.7,"['温泉私湯觀影雙床房:HK$627', '特惠温泉私湯大床房:HK$760', '温泉私湯觀影大床房:HK$893', '獨院·室內温泉私湯大床房:HK$1,083', '獨院·户外温泉私湯大床房（方池）:HK$1,083']"
忻州科瀾酒店（忻府區店）,9.5,"['瀾知雙床房:HK$283', '瀾定雙床房:HK$312', '瀾清大床房:HK$350', '瀾清雙床房:HK$350', '瀾靜大床房:HK$378']"
桃花島江湖温泉民宿酒店（忻州古城店）,9.9,"['忘憂|安逸大床房•進口洗護•零壓枕床•花園景觀•深睡眠:HK$410', '醉夢|晉韻大床房•高貢緞抗菌床品•進口洗護•陽光温馨>:HK$504', '凌雲|輕逸雙床房•零壓床枕•除菌高貢緞床品•靜謐陽光>:HK$598', '問劍|花園複式•浴缸温泉•家庭親子•歡朋品茗•智能零壓:HK$846', '逍遙|家庭温泉•下嵌方池•多人度假•高清觀影•智能零壓:HK$1,130']"
忻州維也納國際酒店,9.2,"['高級大床房:HK$254', '高級雙床房:HK$273', '豪華大床房:HK$282', '豪華雙床房:HK$292', '行政套房:HK$377']"
棠華悅酒店（學府世紀廣場店）,9.4,"['精選雙床房:HK$268', '特惠大床房:HK$322', '特惠雙床房:HK$322', '精選大床房:HK$377']"
知忻俯温泉民宿（忻州古城店）,9.4,"['慧遠居丨特惠丨全屋智能丨舒達床墊:HK$380', '管涔居丨特惠丨全屋智能丨舒達床墊:HK$428', '新興閣投影房丨全屋智能丨舒達床墊:HK$475', '禹王居丨親子家庭丨全屋智能丨舒達床墊:HK$569']"
萬信至格酒店（忻州古城店）,9.1,"['主題零壓大床房:HK$198', '舒適零壓大床房:HK$207', '優選零壓大床房:HK$215', '（暢享影音）豪華大床房:HK$232', '舒適雙床房:HK$240']"
忻州雲棲開元榮景酒店,9.5,"['榮景單人房:HK$332', '園景雙床房:HK$380', '河景雙床房:HK$437', '河景大床房:HK$494', '豪華大床房:HK$674']"
喆非鋭品酒店（忻州泛華城市廣場店）,9.3,"['品致大床房:HK$242', '品致雙床房:HK$242', '鋭意大床房:HK$265', '鋭意雙床房:HK$265', '鋭趣家庭房:HK$325']"
柏林未來智能奢品酒店（忻州古城店）,9.2,"['初見·智能大床房|0壓舒睡床墊+一級親膚布草:HK$178', '治癒·影音大床房|巨幕投屏+0壓舒睡床墊＋影視會員:HK$184', '安夢·高級大床房|全屋智能+一級親膚布草+0壓舒睡床墊:HK$188', '愛慕·奢品大床房|全屋智能+一級親膚布草+0壓舒睡床墊:HK$197']"
如院温泉民宿（忻州古城店）,9.6,"['庭院景觀大床房|私湯温泉+泡泡活動+露天觀影:HK$851', '主題大床房|私湯温泉+泡泡活動+露天觀影:HK$882', '豪華景觀雙床房|私湯温泉+泡泡活動+露天觀影:HK$944', '超級滑梯Loft閣樓房|私湯温泉+泡泡活動+露天觀影:HK$1,062', '庭院親子房|私湯温泉+泡泡活動+露天觀影:HK$1,068']"
忻州木兮溫泉酒店（忻州古城店）,8.7,"['依城舒睡大床房（投屏.聲控.温泉.羽絨被.靜音深睡）:HK$369', '映月泉畔雙床房（投屏.聲控.温泉.零壓床枕.靜音深睡）:HK$376', '望山靜謐雙床房（投屏.聲控.温泉.落地窗.靜音深睡）:HK$382', '映月泉畔童趣親子房（聲控.投屏.童趣温泉.靜音深睡）:HK$425', '漱玉露台大床玫瑰私湯房（圍爐煮茶冰箱聲控投屏深睡）:HK$629']"
十三月溫泉民宿（忻州古城店）,10.0,"['庭院大床房 | 私湯温泉泡池:HK$881', '獨院▪大床房 | 私湯温泉泡池:HK$963', '庭院雙床房 | 私湯温泉泡池:HK$1,044', '尊享獨院▪雙床房||私湯温泉泡池:HK$1,076', '獨院▪家庭房 | 私湯温泉泡池:HK$1,289']"
忻州新紫檀商務酒店（忻府區店）,9.4,"['甄選·舒適大床房【全屋智能客控+零壓深睡床品+55寸智能電視+人體工學辦公桌椅】:HK$251', '高級大床房【全屋智能+親膚床品+自由投屏+靜謐舒適】:HK$264', '高級雙床房【全屋智能+親膚床品+獨立WIFI+靜謐舒適】:HK$265', '臻選·舒適雙床房【全屋智能客控+零壓深睡床品+55寸智能電視+人體工學辦公桌椅】:HK$265']"
棉花堡温泉美宿（忻州古城店）,9.6,"['庭院景觀『陽光温馨雙床房』温泉淋浴｜進口洗護布倫森:HK$365', '庭院景觀『陽光標準雙床房』温泉淋浴｜進口洗護布倫森:HK$365', '温泉私湯『長方形泡池』『榻榻米大床房』澳洲進口洗護·布倫森 | 鵝絨被·高支貢緞抗菌床品:HK$679', '温泉私湯大床房|澳洲洗護布倫森|鵝絨被·高支貢緞床品:HK$679']"
九渡覓隱民宿（忻州古城店）,9.2,"['春沃·簡約雙床房:HK$332', '晨夕·簡約大床房:HK$332', '柯昀 · Loft大床房:HK$417', '佳怡·家庭套房·雙床（麻將機）（浴缸）:HK$845']"
全季酒店（忻州雁門大廈店）,9.5,"['高級大床房:HK$342', '舒壓高級大床房:HK$382', '高級雙床房:HK$382', '商務雙床房:HK$423']"
忻州宏瑞美華酒店（開來欣悦購物廣場店）,9.3,"['高級大床房 | 夢百合零壓床 | 大窗觀景:HK$226', '高級雙床房 | 夢百合零壓床 | 大窗觀景 |:HK$233', '豪華大床房 | 夢百合零壓床 | 大窗觀景:HK$250', '豪華雙床房 | 夢百合零壓床 | 大窗觀景:HK$257']"
且慢溫泉酒店（忻州古城店）,9.7,"['輕奢私湯大床房 · 通風落地窗户:HK$895', '豪華私湯大床房 · 通風落地窗户:HK$902', '獨院 · 豪華私湯大床房 · 通風大窗户:HK$941', '獨院 · 私湯大床房 · 通風落地窗户:HK$977']"
花築·陌野月色温泉民宿（忻州古城店）,9.7,"['標準雙床房『全智能+慕思床墊+戴森吹風+法式香氛』:HK$403', '私湯特惠大床房『全智能+慕思床墊+戴森吹風』:HK$578', '私湯大床房『全智能+慕思床墊+戴森吹風』:HK$685', '私湯雙床房『全智能+慕思床墊+戴森吹風機』:HK$792']"
瑤庭快捷酒店（忻州古城景區店）,9.4,"['觀景智能雙床房（智能客控＋三區分離＋零壓床墊）:HK$204', '觀景智能大床房（智能客控＋三區分離＋零壓床墊）:HK$211', '觀景智能家庭房（智能客控＋零壓床墊＋酣暢甜睡）:HK$280']"
容錦温泉度假酒店（忻州古城店）,9.7,"['獨院私湯特惠房:HK$854', '特惠雙床房:HK$949', '獨院私湯大床房（方池）:HK$1,044', '獨院私湯雙床房:HK$1,139', '獨院私湯大床房（圓池）:HK$1,234']"
木白·精舍温泉度假酒店（忻州古城店）,9.8,"['庭院景觀丨陽光大床房「私湯温泉·Dyson吹風機·歐舒丹洗護·Sealy床墊·深睡枕·抗菌除蟎親膚布草·全屋智控」:HK$928', '一步一景丨愜意大床房「私湯温泉·Dyson吹風機·歐舒丹洗護·Sealy床墊·深睡枕·抗菌除蟎親膚布草·全屋智控」:HK$1,004', '院落竹韻丨輕奢大床房「私湯温泉·Dyson吹風機·歐舒丹洗護·Sealy床墊·深睡枕·抗菌除蟎親膚布草·全屋智控」:HK$1,099', '月不盡丨陽光大床房「露天温泉·Dyson吹風機·歐舒丹洗護·Sealy床墊·深睡枕·抗菌除蟎親膚布草·全屋智控」:HK$1,204', '花未眠丨家庭親子雙床房「私湯温泉·Dyson吹風機·歐舒丹洗護·Sealy床墊·深睡枕·抗菌除蟎親膚布草·全屋智控」:HK$1,223']"
陽光假日酒店,9.6,"['陽光尊享大床房（全屋智能 +70%白鴨絨被芯+浴缸）:HK$335', '陽光舒享大床房（全屋智能 +70%白鴨絨背芯+親膚貢緞）:HK$360', '陽光舒享雙床房（全屋智能 +70%白鴨絨背芯+親膚貢緞）:HK$360', '陽光優享大床房（全屋智能 +70%白鴨絨背芯+親膚貢緞）:HK$369', '陽光御景套房（全屋智能 +70%白鴨絨背芯+親膚貢緞）:HK$683']"
如家商旅酒店（忻州古城店）,9.5,"['商務大床房:HK$301', '安心睡大床房:HK$331', '雙床房:HK$374', '安心睡雙床房:HK$404']"
忻州泛華大酒店,8.9,"['商務雙床房:HK$293', '商務大床房:HK$302', '商務套房:HK$617', '家庭房:HK$1,011']"
忻州雨晨民宿（忻州古城店）,9.8,"['精選大床房8106:HK$147', '精選大床房8109:HK$147', '豪華大床房8103:HK$204', '豪華棋牌大床房8105:HK$204']"
四十九｜禪意風·天然溫泉·民宿（忻州古城店）,9.6,"['修繕·晨露｜圓缸雙床房『獨立小院.温泉私湯』:HK$1,225', '唯心·悠然｜景觀大床房『温泉私湯·落地窗茶台』:HK$1,424', '如露·無念·本初｜親子家庭房『温泉私湯泡池』:HK$1,609']"
宙斯電競酒店（忻州雁門大廈店）,9.5,"['Audiovisual頂配酣戰影音大床房:HK$283', '電競智能輕奢二人間（RTX4070顯卡+零壓床墊+智能客控）:HK$296', '電競閨蜜大床房:HK$303', 'Extrasensory超感電競大床房:HK$305']"
觀山築陌野影宿酒店（忻州古城店）,9.2,"['特惠大床房:HK$132', '投影大床房:HK$145', '投影雙床房:HK$145', '温馨精緻大床房:HK$152']"
尚客優酒店（忻州站店）,9.2,"['智能觀影大床房（100寸投影幕布+智能語音客控）:HK$253', '智能豪華雙床房（智能語音客控+品牌床墊）:HK$283', '智能豪華大床房（智能語音客控+品牌床墊）:HK$315', '智能豪華套房（智能語音客控+獨立客廳+品牌床墊）:HK$383']"
陌上輕居酒店（忻州開來購物廣場店）,9.5,"['風韻大床房:HK$169', '品學大床房:HK$185', '品學雙床房:HK$193', '雅緻大床房:HK$209', '雅緻雙床房:HK$217']"
牧瑤温泉民宿（忻州古城店）,9.7,"['臻品大床房/全屋智能/温泉淋浴:HK$332', '臻品雙床房/全屋智能/温泉淋浴:HK$332', '高端商務大床房 /全屋智能/温泉淋浴:HK$365', '雲端露台大床房 /全屋智能/温泉淋浴:HK$365']"
漫菲洛酒店（忻州西站店）,8.3,"['漫菲洛豪華家庭房:HK$?', '漫菲洛豪華雙床房:HK$?', '漫菲洛豪華三人房:HK$?', '漫菲洛套房:HK$?', '漫菲洛商務套房:HK$?']"
希岸酒店（忻州開來欣悅購物廣場店）,9.3,"['希岸雅緻大床房（零壓床墊+電視投屏）:HK$316', '希岸豪華雙床房（零壓床墊+電視投屏）:HK$338', '希岸豪華大床房（零壓床墊+電視投屏）:HK$339', '希岸商務大床房（零壓床墊+電視投屏）:HK$359']"
如你所院民宿（忻州古城南門店）,9.5,"['染冬104（零壓大床房）:HK$170', '沐夏102（零壓大床房）:HK$177', '悦己202（零壓大床房）:HK$184', '居家101（旅居大床房）:HK$184']"
悦萊·雅居,9.8,"['特價智能大床房:HK$170', '特價智能雙床房:HK$170', '輕奢智能大床房:HK$206', '輕奢智能雙床房:HK$206']"
忻州澤亨酒店（開來欣悦廣場店）,9.2,"['逸緻優享雙床房:HK$228', '逸緻優享大床房:HK$239', '逸緻茶藝雙床房:HK$263', '雅緻茶藝雙床房:HK$290']"
新岸智能酒店（忻州古城店）,9.3,"['舒適大床房『全屋地暖>零壓床墊>酣然入夢>辦公桌椅』:HK$204', '舒適雙床房『全屋地暖>零壓床墊>安逸舒睡>辦公桌椅』:HK$204', '精品零壓雙床房『全屋地暖>零壓床墊>心曠神怡>榻榻米桌椅』:HK$230', '精品零壓大床房『全屋地暖>零壓床墊>靜心睡眠>辦公桌椅』:HK$230']"
美尚精選酒店（忻州高鐵西站店）,9.5,"['特惠大床房:HK$141', '特惠雙床房:HK$147', '舒適大床房:HK$150', '舒適雙床房:HK$160']"
7天酒店（忻州市政府店）,9.2,"['經濟房（全屋地暖）:HK$146', '新7天大床房（全屋地暖）:HK$171', '新7天雙床房（全屋地暖）:HK$180', '舒適大床房（全屋地暖）:HK$188']"
忻州維也納温泉酒店,9.0,['豪華行政套房（温泉水）:HK$559']
忻州銀洋商務酒店（忻州高鐵站店）,9.5,"['商務雙床房（乾濕分離+席夢思床墊+蕎麥枕）:HK$236', '商務大床房（乾濕分離+席夢思床墊+蕎麥枕）:HK$236', '智能豪華雙床房（乾濕分離+智能房+電磁爐+洗菜池+304不銹鋼鍋+迷你小冰箱+進口泰國乳膠床墊）:HK$321', '智能豪華大床房（乾濕分離+智能房+電磁爐+洗菜池+304不銹鋼鍋+迷你小冰箱+進口泰國乳膠床墊）:HK$321']"
中輝星睿公寓酒店（忻州新建南路店）,8.4,"['豪華尊享大床房:HK$225', '豪華尊享雙床房:HK$241', '豪華影院零壓房:HK$249', '豪華複式家庭房:HK$265']"
忻州華夫悦酒店（忻州西站店）,9.4,"['商務標準間:HK$304', '商務大床房:HK$336', '行政大床房:HK$346', '行政標準間:HK$368', '行政套房（浴缸+一次性浴缸套+浴球+蒸汽眼罩）:HK$617']"
有佳酒店（忻州古城店）,9.4,"['特惠零壓大床房:HK$204', '有佳標準雙床房:HK$242', '豪華零壓家庭套房:HK$281', '豪華零壓四人套房:HK$297']"
居然溫泉花園酒店（居然之家忻州高鐵站店）,8.9,['温泉沐浴優享空中閣樓:HK$136']
忻美酒店（忻州西站店）,8.8,"['家庭親子套房:HK$304', '豪華智能套房:HK$343']"
白雲之下客棧,9.3,"['智享豪華家庭房-茶台:HK$1,804', '智享豪華大床房:HK$1,804']"
忻州鴻福源酒店（忻州古城店）,9.3,"['舒適大床房●電視投屏:HK$404', '舒適雙床房●電視投屏:HK$404', '温馨家庭房●電視投屏:HK$404', '商務套房●電視投屏●茶藝空間●棋牌:HK$404']"
