酒店名称,评分,房型价格列表
懷化金磊優佳酒店,9.5,"['高級單床房:HK$325', '高級雙床房:HK$325', '豪華雙床房:HK$347', '豪華大床房:HK$371', '豪華舒適客房:HK$441', '商務娛樂套房:HK$566']"
懷化潤樾温德姆酒店,9.3,"['精選大床房:HK$474', '高級大床房:HK$494', '高級雙床房:HK$494', '豪華雙床房:HK$596', '豪華大床房:HK$596', '豪華水晶大床房（高挑空層高+空間大+大浴缸）:HK$596']"
海逸國際酒店（懷化火車站新天地廣場店）,9.4,"['經典大床房:HK$177', '精緻大床房:HK$192', '精品雙人間:HK$194', '精緻雙人間:HK$213', '雅緻大床房:HK$230']"
沄臻酒店（懷化火車站新天地廣場店）,8.6,"['沄丨麗悦和宜雙床房:HK$224', '沄丨麗悦和宜大床房:HK$242', '臻丨尚悦如頤雙床房:HK$259', '臻丨尚悦如頤大床房:HK$276']"
懷化半島國際酒店,9.8,"['豪華單間:HK$329', '豪華雙間:HK$329', '景觀單間:HK$385', '棋牌單間:HK$396', '棋牌雙間:HK$396']"
悦致酒店（懷化市政府店）,9.6,"['如許高級大床房-智能客控:HK$301', '零壓好夢大床房-零壓床墊-智能客控:HK$326', '曉夢豪華雙床房-智能客控-高空城景:HK$333', '妙趣豪華影院雙床房-巨幕投影-智能客控:HK$337', '夢蝶影院大床房-巨幕投影-智能客控:HK$343']"
凱里亞德酒店（懷化高鐵南站體育中心店）,9.1,"['榮享城景大床房（零壓床墊+智能客控+靜音吹風機）:HK$260', '樂享大床房（零壓床墊+智能客控+靜音吹風機）:HK$270', '優享智能雙床房（零壓床墊+智能客控+靜音吹風機）:HK$273', '優享陽光大床房（零壓床墊+智能客控+靜音吹風機）:HK$286', '榮享城景雙床房（零壓床墊+智能客控+靜音吹風機）:HK$292']"
懷化皇聖逸林酒店（懷化火車站通程廣場店）,9.3,"['時尚大床房:HK$202', '時尚雙人間:HK$213', '雅逸麻將房:HK$294']"
佑蘭酒店（懷化火車站新天地廣場店）,9.1,"['高級大床房（零壓床墊+靜謐空間+中央空調）:HK$183', '巨幕影院房（零壓床墊+VIP視頻會員+高清一鍵投屏）:HK$189', '巨幕影音雙床房（零壓床墊+VIP視頻會員+高清一鍵投屏）:HK$189', '豪華雙人房（零壓床墊+靜謐空間+中央空調）:HK$205', '情侶圓床房（零壓床墊+靜謐空間+中央空調）:HK$209']"
懷化珈禾至尊酒店,9.5,"['品質大床房:HK$340', '品質雙床房:HK$340', '豪華大床房:HK$371', '豪華雙床房:HK$371', '行政大床房:HK$401', '娛樂雙床房:HK$464']"
懷化華美國際酒店,9.3,"['品質單人間（零壓床墊+潔凈親膚床品+全景落地窗）:HK$272', '豪華雙人間（零壓床墊+潔凈親膚床品+全景落地窗）:HK$283', '豪華單人間（零壓床墊+潔凈親膚床品+全景落地窗）:HK$304', '娛樂雙間（零壓床墊+潔凈親膚床品+全景落地窗）:HK$392', '浴缸雙間（零壓床墊+潔凈親膚床品+全景落地窗）:HK$392']"
悦逸智選酒店（懷化南站萬達店）,9.4,"['悦致雙床房【提供洗/烘衣服務 距離洪江古商城40分鐘車程】:HK$289', '悦享和風榻榻米大床房【65寸大屏投屏電視+辦公長桌】:HK$289', '悦致大床房【mianfei停車+五星床品】:HK$297', '歡樂時光麻將房【電動窗簾】:HK$330']"
懷化蘇豪仕酒店（懷化高鐵南站體育中心店）,9.2,"['臻·輕奢大床房（零壓床墊+智能客控+親膚床品）:HK$286', '仕·商務主題套房（零壓床墊+智能客控+潔凈床品）:HK$423', '仕·婚宴主題房:HK$969']"
維也納國際酒店（懷化城市中央店）,9.4,"['豪華大床房【城市夜景&舒適空間】:HK$254', '豪華雙床房【城市夜景&舒適空間】:HK$254', '商務大床房【城市夜景&舒適空間】:HK$275', '商務雙床房【城市夜景&舒適空間】:HK$275']"
維也納國際酒店（懷化市政府廣場店）,9.7,"['標準單人間【獨棟&園景】:HK$275', '豪華大床房【獨棟&園景】:HK$309', '豪華雙床房【獨棟&園景】:HK$309', '商務雙床房【獨棟&園景】:HK$317']"
懷化皇聖臻品酒店,9.1,"['品臻單間:HK$139', '品臻雙間:HK$143', '豪臻單間:HK$151', '豪臻雙間:HK$164']"
柏曼酒店（懷化高鐵南站萬達廣場店）,9.5,"['高級大床房丨超大空間:HK$260', '高級雙床房 丨 大隱於市:HK$277', '商務大床房 丨 甄選品質:HK$306', '商務雙床房 丨 寬敞明亮:HK$324', '親子主題家庭房 丨 歡樂時光+超大空間:HK$370']"
芸隱酒店（懷化高鐵南站萬達廣場店）,9.5,"['雅緻大床房（舒適睡枕+零壓睡眠床墊+智能馬桶可加熱）:HK$217', '麗致雙床房（舒適睡枕+零壓睡眠床墊+智能馬桶可加熱）:HK$217', '麗致大床房（舒適睡枕+零壓睡眠床墊+智能馬桶可加熱）:HK$250', '景緻觀影房（巨幕4K投屏+愛奇藝VIP點播+智能馬桶）:HK$258']"
維也納國際酒店（懷化河西紫園店）,9.7,"['高級大床房:HK$286', '高級雙床房:HK$286', '豪華大床房:HK$311', '豪華雙床房:HK$311']"
懷化懷仁養生酒店（火車站步步高廣場店 ）,9.6,"['雅緻大床房（花園景觀＋落地鏡＋深度好眠）:HK$162', '雅緻雙床房（花園景觀＋自助洗衣＋深度好眠）:HK$162', '特惠大床房（花園景觀＋落地鏡）:HK$177', '娛樂休閑套房（套房設計＋超大空間 ）:HK$255']"
希悦酒店（懷化高鐵南站體育中心店）,9.5,"['悦享大床房:HK$230', '悦景雙人房:HK$249', '悦景大床房:HK$260', '娛樂大床房:HK$292', '温馨大床房:HK$293']"
歡漫酒店（懷化天星坪湖醫附一店）,9.7,"['豪華大床房（全屋智能）:HK$214', '影院大床房（全屋智能）:HK$236', '豪華雙床房（全屋智能）:HK$236', '行政大床房（全屋智能）:HK$281']"
莫林酒店（鶴城區政府懷化學院店）,9.6,"['雅緻大床房:HK$313', '商務觀景大床房:HK$333', '商務觀景雙床房:HK$343', '豪華影視大床房:HK$353']"
漢庭酒店（懷化火車站新天地廣場店）,9.5,"['大床房:HK$188', '高級大床房:HK$206', '高級雙床房:HK$216', '主題房:HK$225']"
廷泊酒店（懷化高鐵南站萬達廣場店）,9.3,"['雅悦禮居大床房（高空城景-手機投屏）:HK$367', '雅悦禮居雙床房（東方雅韻-舒適辦公）:HK$387', '茗雅禮居大床房（陽光滿屋-乾濕分離）:HK$387', '悠然閑居棋牌房（品牌麻將-休閑娛樂）:HK$387', '尊享典居影院房（巨屏暢享-影視會員）:HK$417']"
懷化博林國際酒店,9.3,"['宜丨雅居大床房:HK$274', '悦丨麗景大床房:HK$286', '悦丨麗景雙床房:HK$286', '逸丨悦趣棋牌雙床房:HK$349']"
CL大城小愛酒店（市政府店）,9.5,"['優享大床房:HK$177', '雅緻大床房:HK$196', '品致雙人房:HK$208', '茶藝雙人房:HK$208']"
全季酒店（懷化濱江路店）,9.6,"['高級大床房:HK$280', '高級雙床房[免F洗衣服務+免F地下停車場]:HK$280', '舒壓-高級大床房[免F洗衣服務+免F地下停車場]:HK$301', '舒壓-高級雙床房[免F洗衣服務+免F地下停車場]:HK$301']"
懷化楓丹酒店,8.2,['經典大床房:HK$336']
晨龍168酒店（懷化河西店）,9.1,"['情丨都市特惠大床房:HK$136', '怡丨都市城景雙床房:HK$147', '逸丨都市城景大床房:HK$147', '卓丨都市商務雙床房:HK$158']"
懷化逅山四季酒店（懷化高鐵南站體育中心店）,9.6,"['禮居雙床房:HK$337', '禮居大床房:HK$337', '歡夢棋牌大床房:HK$359', '歡夢麻將大床房:HK$381', '閑雅城景大床房:HK$381', '悦享城景大床房:HK$435']"
懷化高鐵南站亞朵酒店,9.7,"['雅緻大床房:HK$339', '高級大床房:HK$370', '高級雙床房:HK$370', '行政大床房:HK$399', '幾木大床房:HK$430']"
懷化大漢延年酒店,8.9,"['豪華大床房:HK$311', '棋牌單間:HK$367', '豪華娛樂單間:HK$381']"
泊樂酒店（懷化火車站汽車西站店）,9.1,"['特惠大床房:HK$181', '豪華雙床房:HK$191', '豪華大床房:HK$191', '麻將大床房:HK$269']"
萬象大酒店（懷化火車站國際商貿城國貿店）,9.2,"['雅緻單間無窗（智能客控∣深眠床墊）:HK$264', '豪華大床房（智能客控∣落地窗∣深眠床墊）:HK$268', '一卧一廳娛樂大床房（智能客控∣落地窗∣深眠床墊）:HK$402', '家庭套房（智能客控∣落地窗∣深眠床墊）:HK$402']"
國臣酒店（中心市場步行街店）,9.0,"['城景·雅緻大床房:HK$238', '旅居·舒適雙床房:HK$275', '臻選·風尚大床房:HK$288', '臻選·雅悦雙床房:HK$305']"
花之築酒店（懷化新中醫院高鐵站店）,9.5,"['甄選-影院大床房:HK$154', '休閑-影院雙床房:HK$162', '雅緻-影院大床房:HK$173', '精品-影院雙床房:HK$184']"
懷化雅緻酒店,9.5,"['雅緻·逸享大床房【舒適空間&智能馬桶】:HK$303', '雅緻·逸享雙床房【舒適空間&智能馬桶】:HK$325', '雅緻·景觀大床房【城市夜景&休閑空間&智能馬桶】:HK$347', '雅緻·景觀雙床房【城市夜景&休閑空間&智能馬桶】:HK$347', '雅緻·城景大床房【城市夜景&休閑空間&智能馬桶】:HK$391']"
懷化宸源國際陸港大酒店,8.9,"['優享大床房:HK$206', '優享雙床房:HK$206', '智能巨幕影音大床房（智能客控）:HK$244', '榮享大床房:HK$286', '榮享雙床房:HK$291']"
懷化萬象大酒店（火車站新天地店）,9.0,"['特惠大床房:HK$244', '豪華雙人間:HK$251', '特惠雙床房:HK$256', '豪華大床房:HK$259', '行政單間:HK$284']"
懷化煌族國際大酒店,9.2,"['特惠雙床房:HK$251', '特惠大床房:HK$251', '巨幕影音標雙:HK$254', '豪華標準間:HK$259', '巨幕影音大床房:HK$271']"
悦逸酒店（懷化南站體育中心店）,9.5,"['悦致舒睡雙床房（雙1米5+mian fei洗衣服）:HK$389', '悦致靜謐大床房【mianfei停車+近體育中心】:HK$405', '悦然心動情侶房【步行3分鐘即湖南醫葯學院+送0.01計生用品:HK$421', '逸享零壓大床房【步行10分鐘即宏宇中學+步行12分鐘即湖天中學】:HK$438']"
廷泊酒店（懷化國際陸港店 ）,9.8,"['雅悦禮居大床房（城市中央-高空謐景）:HK$369', '特惠優居大床房（中式品質）:HK$376', '雅悦禮居雙床房（陽光滿屋-舒適辦公）:HK$389', '茗雅禮居大床房（全景觀落地窗）:HK$400', '茗雅禮居雙床房（功夫茶具）:HK$431']"
嘉途酒店（懷化市第一人民醫院體育中心店）,9.7,"['嘉途丨簡悦大床房:HK$175', '嘉途丨簡悦雙床房:HK$180', '嘉途丨雅緻大床房:HK$186', '嘉途丨雅緻雙床房:HK$190']"
國臣酒店（懷化紅星南路店）,8.9,"['靜謐丨雅居雙床房（舒適床墊&乾濕分離）:HK$115', '靜謐丨雅居大床房（舒適床墊&辦公桌椅&雙層隔音）:HK$123', '臻選丨豪華大床房（大床&零壓床墊）:HK$150', '臻選丨豪華雙床房（城景&零壓床墊）:HK$171']"
懷化玩家酒店,9.1,"['北歐簡約房:HK$232', '北歐大床房:HK$232', '輕奢觀影房:HK$258', '民俗大床房:HK$259']"
尚品優客酒店（懷化高鐵南站湖天一色店）,9.5,"['簡約丨清新大床房:HK$183', '輕奢丨旅居雙床房:HK$185', '悦享丨豪華大床房:HK$189', 'Enjoy丨暢玩電競套房:HK$209']"
懷化覓你酒店,9.4,"['茶藝大床房:HK$230', '商務大床房:HK$230', '瑤浴房:HK$230', '商務雙人間:HK$244']"
懷化皇訂酒店（高鐵南站國際汽車城店）,9.2,"['特惠大床房【夢享床墊+親膚布草+安全梯控+支持手機投屏】:HK$140', '特享大床房【夢享床墊+親膚布草+一次性馬桶墊+支持手機投屏】:HK$173', '尊享雙標房【夢享床墊+親膚布草+支持手機投屏】:HK$176', '貴賓大床房【夢享床墊+親膚布草+支持手機投屏】:HK$192']"
黑鯊電競酒店（懷化國際商貿城店）,9.6,"['特惠電競大床房[3060顯卡+2K 144hz電競屏]:HK$272', '特惠電競雙床房[3060顯卡+2K 144hz電競屏]:HK$330', '電競雙人大床房[3060顯卡+2K 144hz電競屏]:HK$369', '電競雙床房[3060顯卡+2K 144hz電競屏]:HK$369']"
