酒店名称,评分,房型价格列表
拉薩赤江拉讓古蹟酒店（八廓街大昭寺店）,9.7,"['1900古院記憶大床房（地暖+加濕器+製氧機）:HK$468', '迴廊小憩院景大床房（地暖+加濕器+製氧機）:HK$544', '180°陽光院景大床房（地暖+加濕器+製氧機）:HK$829', '迴廊小憩院景雙床房（地暖+加濕器+製氧機）:HK$829', '180°陽光院景雙床房（地暖+加濕器+製氧機）:HK$1,189']"
拉加里·雪龍莊園度假酒店,9.8,"['彌散供氧莊園特色大床房:HK$678', '彌散供氧莊園陽光雙床房:HK$689', '瀰漫供氧山景雙床房:HK$823', '彌散供氧莊園三人房:HK$935', '彌散供氧莊園親子房:HK$935']"
拉薩龍布倉觀景供氧藏式別院（布達拉宮店）,9.8,"['藏式供氧雙床房（傳統藏箱+智能加熱馬桶）:HK$403', '藏式供氧大床房（藏式衣櫥+化粧鏡+小冰箱）:HK$424', '靜謐藏式供氧雙床房（鼻息式供氧機+TOTO洗浴配套）:HK$447', '歡聚藏式供氧三人間（乾濕分離衞浴+榻榻米休閑區）:HK$513']"
西藏唐卡酒店（大昭寺布達拉宮店）,9.4,"['古倉普通雙床房丨藏式美學設計+夢百合0壓深眠床墊+全棉親膚舒滑床品+加濕器+化粧放大鏡:HK$508', '古倉普通大床房丨藏式美學設計+夢百合0壓深眠床墊+全棉親膚舒滑床品+加濕器+化粧放大鏡:HK$508', '古倉豪華雙床房丨藏式美學設計+夢百合0壓深眠床墊+全棉親膚舒滑床品+加濕器+化粧放大鏡:HK$573', '古倉豪華大床房丨藏式美學設計+夢百合0壓深眠床墊+全棉親膚舒滑床品+加濕器+化粧放大鏡:HK$573', '彌散供氧·古倉氧吧大床房丨藏式美學設計+高原專用製氧機+夢百合0壓深眠床墊+全棉親膚舒滑床品+加濕器+化粧放大鏡:HK$666']"
維羅納國際酒店（拉薩天空之境布達拉宮供氧店）,9.4,"['天空之鏡供氧無窗大床房（配一次性毛巾浴巾+製氧機）:HK$519', '天空之境供氧影音大床房（配一次性毛巾浴巾+製氧機）:HK$554', '天空之鏡供氧影音雙床房（配一次性毛巾浴巾+製氧機）:HK$554', '天空之鏡供氧温馨雙床房（配一次性毛巾浴巾+製氧機）:HK$604', '天空之鏡供氧豪華雙床房（配一次性毛巾浴巾+製氧機）:HK$632']"
拉薩千里走單騎·六悦民宿（布達拉宮店）,9.8,"['悦棲·供氧大床房-[彌散&鼻吸供氧-藤編長凳-mini茶台]:HK$631', '悦憩·供氧雙床房-[彌散供氧-戴森吹風機-馬歇爾音響]:HK$708', '悦笙·供氧大床房-[中古軟椅-茶歇休閑區-馬歇爾音響]:HK$708', '悦茵·花園露台大床房-[供氧-法式藤椅-户外休閑區]:HK$741', '悦謐·膚感浴缸大床房-[彌散&鼻吸供氧-觀影會客區]:HK$817']"
拉薩扎西曲塔風情酒店（布達拉宮八廓街店）,9.6,"['豪華雙床房（加濕器+冰箱）:HK$479', '豪華大床房（加濕器+冰箱）:HK$490', '供氧雙床房（製氧機+加濕器+冰箱）:HK$566', '供氧大床房（製氧機+加濕器+冰箱）:HK$577']"
吉彩國際酒店（拉薩布達拉宮店）,9.4,"['花園景•優享大床房 ▏全屋彌散供氧-加濕器-深睡床墊:HK$502', '悦享雙床房 ▎全屋彌散供氧- 深睡床墊-加濕器:HK$502', '臻享豪華雙床房 ▎ 全屋彌散供氧-深睡床墊-加濕器:HK$545', '山景•陽光樂享雙床房 ▎全屋彌散供氧-深睡床墊-加濕器:HK$589', '花園景•靜怡商務雙床房-全屋彌散供氧-深睡床墊-小冰箱:HK$589']"
拉薩雪域天堂國際大酒店,9.1,"['彌散式供氧商務大床房:HK$838', '彌散式供氧商務雙床房:HK$838', '彌散式供氧豪華大床房:HK$959', '彌散式供氧豪華雙床房:HK$959', '彌散式供氧豪華山景大床房:HK$994', '彌散式供氧至尊大床房:HK$1,101']"
西藏木雅康桑富氧酒店（拉薩布達拉宮店）,9.6,"['巨幕·供氧大床房『130寸極光投影投屏+清涼舒爽製冷』:HK$594', '智能·供氧大床房『彌散+鼻息供氧+清涼舒爽製冷』:HK$625', '悠然·智能供氧大床房『彌散+鼻息供氧+清涼舒爽製冷』:HK$654', '悠然·智能供氧雙床房『彌散+鼻息供氧+清涼舒爽製冷』:HK$684', '居清·智能供氧大床房『自動窗簾+鼻息供氧+高效製冷』:HK$699']"
西藏廓爾喀精品酒店（大昭寺八廓街店）,9.4,"['古城雅緻雙床房（供氧+加濕器）:HK$646', '古城雅緻大床房（供氧+加濕器）:HK$646', '古城庭院雙床房（供氧+加濕器）:HK$773', '古城庭院大床房（供氧+加濕器）:HK$773', '供氧鳥語花香大床套房+加濕器+超大客廳:HK$1,100']"
拉威國際酒店（布達拉宮店）,9.1,"['悠享大床房（智能客控+加濕）:HK$365', '高級大床房（智能客控+加濕）:HK$398', '高級雙床房（智能客控+空調+加濕）:HK$431', '高級家庭房（智能客控+空調+加濕）:HK$498', '布達拉宮觀景大床房（智能客控+加濕）:HK$642']"
森德觀景富氧民宿（布達拉宮店）,9.6,"['供氧·山景特價雙人間（中央空調+加濕器+酒店公區提供洗衣機）:HK$346', '供氧·山景特價大床房（中央空調+加濕器+酒店公區提供洗衣機）:HK$346', '供氧·山景舒適雙人間（中央空調+加濕器+公用洗衣機）:HK$379', '供氧·山景舒適大床房（中央空調+加濕器+酒店公區提供洗衣機）:HK$379']"
拉薩瑞吉度假酒店,9.5,"['供氧經典豪華大床房:HK$1,764', '供氧經典豪華雙床房:HK$1,764', '供氧尊貴豪華大床房:HK$1,868', '供氧尊貴豪華雙床房:HK$1,868', '供氧經典套房:HK$2,284', '供氧尊貴布宮景豪華大床房:HK$2,387']"
拉薩德喜富氧觀景酒店（布達拉宮八廓街店）,9.1,"['供氧暖氣·靜居大床房（高原專用製氧機+加濕器+靜音純乳膠床墊）:HK$472', '供氧暖氣·靜居標準間（高原專用製氧機+加濕器+靜音純乳膠床墊）:HK$500', '供氧暖氣·心悦輕奢套房（小冰箱+高原專用製氧機+加濕器+靜音純乳膠床墊）:HK$704']"
拉薩邦達倉古建酒店（大昭寺八廓街店）,9.4,"['特惠·舒適雙床房（加濕器）:HK$398', '庭院景（暖氣）舒適雙床房《公共供氧+加濕器》:HK$454', '庭院景（暖氣）舒適大床房《公共供氧+加濕器》:HK$454', '邦達•庭院景貴族大床房【供氧+加濕器】:HK$558']"
拉薩布達拉宮楓渡酒店,9.3,"['供氧質感大床房（彌散供氧+AI語音）:HK$530', '供氧純粹大床房（智能語音+慕思床墊）:HK$556', '供氧質感雙床房（彌散供氧+AI語音+慕思床墊）:HK$561', '供氧滿悦大床房（（彌散供氧+慕思床墊+AI語音）:HK$603', '供氧品味雙床房（彌散供氧+慕思床墊+AI語音）:HK$613']"
拉薩布達拉宮逸扉酒店,9.3,"['靜享大床房（彌散供氧+凈循環+零顆粒感投影+加濕器）:HK$764', '榻榻米大床房（彌散供氧+凈循環+零顆粒感投影+加濕器）:HK$764', '豪華大床房（彌散供氧+如臨其境畫質+智能客控+加濕器）:HK$864', '豪華雙床房（彌散供氧+如臨其境畫質+智能客控+加濕器）:HK$875', '南山景觀行政雙床房（彌散供氧+推牖賞南山+智能客控）:HK$1,037']"
拉薩松贊林卡酒店,9.4,"['高級大床套房:HK$2,514', '高級雙床套房:HK$2,514', '花園景高級套大床房:HK$3,256', '花園景高級套雙床房:HK$3,256', '豪華大床套房:HK$3,389', '布宮景高級套大床房:HK$3,803']"
希爾頓惠庭酒店（拉薩市政府店）,9.4,"['希式氧居-靈動大床房（空調+加濕器+親子沙發床+冰箱）:HK$859', '希式氧居-靈動雙床房（空調+加濕器+冰箱+微波爐）:HK$871', '希式氧居-靈動園景大床房（空調+親子沙發床+冰箱）:HK$894', '希式氧居-靈動園景雙床房（空調+地暖+迷你冰箱）:HK$906', '希式氧居-靈動山景大床房（空調+地暖+迷你冰箱）:HK$917']"
拉薩林倉精品酒店,9.6,"['瀰漫式供氧藏式大床房:HK$1,220', '瀰漫式供氧藏式雙床房:HK$1,220', '瀰漫式供氧林仁布欽會客殿大套房:HK$2,008']"
拉薩布達拉宮廣場亞朵酒店,9.4,"['高級大床房（彌散&鼻吸供氧+加濕器+電視投屏+獨立空調）:HK$627', '高級雙床房（彌散&鼻吸供氧+加濕器+電視投屏+獨立空調）:HK$685', '幾木大床房（彌散&鼻吸供氧+加濕器+電視投屏+獨立空調+深睡pro枕2.0）:HK$742', '幾木雙床房（彌散&鼻吸供氧+加濕器+電視投屏+獨立空調+深睡pro枕2.0）:HK$800', '幾木景觀大床房（彌散&鼻吸供氧+加濕器+電視投屏+獨立空調+深睡pro枕2.0）:HK$856']"
拉薩熱孜巴賓館（八廓街店）,9.5,"['八廓印象·特惠大床房:HK$238', '八廓印象·特惠雙床房:HK$261', '八廓印象·舒適雙床房:HK$285']"
拉薩聖地天堂洲際大飯店,9.4,"['含氧豪華雙床房:HK$895', '含氧豪華大床房:HK$895', '豪華房:HK$895', '含氧豪華城景大床房:HK$1,004', '含氧豪華城景雙床房:HK$1,004', '甄選豪華房:HK$1,004']"
拉薩匠宿·古藝酒店（大昭寺八廓街店）,9.8,"['古藝·大床房（彌散和鼻吸供氧+冷暖空調+加濕器+智能投屏+智能馬桶+公區提供洗衣房）:HK$657', '古藝·舒適標間（彌散和鼻吸供氧+冷暖空調+加濕器+智能投屏+智能馬桶+公區提供洗衣房）:HK$709', '古藝·2號大床房（彌散和鼻吸供氧+冷暖空調+加濕器+智能投屏+智能馬桶 +公區提供洗衣房）:HK$782', '古藝·3號標間（彌散和鼻吸供氧+冷暖空調+加濕器+智能投屏+智能馬桶 +公區提供洗衣房）:HK$782']"
西藏岷山飯店（布達拉宮店）,9.6,"['供氧豪華雙床房（瀰漫式氧氣機+加濕器）:HK$648', '供氧豪華大床房（瀰漫式氧氣機+加濕器）:HK$648', '供氧行政大床房（瀰漫式氧氣機+加濕器）:HK$700', '供氧行政雙床房（瀰漫式氧氣機+加濕器）:HK$700', '供氧布達拉宮觀景大床房（遠眺布宮+加濕器）:HK$881']"
拉薩布達拉宮亞朵酒店,9.3,"['雅緻房:HK$682', '高級大床房:HK$736', '高級雙床房:HK$736', '行政大床房:HK$780', '行政雙床房:HK$780']"
凈途·山遇民宿,9.7,"['閲途·觀影大床房（80寸投影+供氧+加濕器+智能馬桶+喜臨門零壓舒睡）:HK$379', '在野·觀影大床房（100寸投影+供氧+空調+加濕器+智能馬桶+喜臨門零壓舒睡）:HK$389', '且喜·觀影雙床房（100寸投影+供氧+空調+加濕器+智能馬桶+喜臨門零壓舒睡）:HK$429', '吾悦·觀影雙床房（100寸投影+供氧+空調+加濕器+智能馬桶+喜臨門零壓舒睡）:HK$429']"
拉薩岷山新天地酒店（新天地購物中心店）,9.5,"['新天地輕奢雙床房＋加濕器:HK$463', '輕奢▪景觀大床房＋加濕器:HK$473', '輕奢▪景觀雙床房＋加濕器:HK$473', '輕奢·供氧景觀雙床房＋加濕器:HK$510']"
拉薩八寶賓館（八廓街大昭寺店）,9.6,"['吉祥八寶標間（暖氣加濕器吸氧洗衣）:HK$291', '吉祥八寶大床房（暖氣加濕器吸氧洗衣）:HK$291', '吉祥陽光標間（暖氣加濕器吸氧洗衣）:HK$367', '吉祥陽光大床房（暖氣加濕器吸氧洗衣）:HK$367']"
拉薩飯店,9.3,"['高級樓彌散供氧雙床房+加濕器:HK$485', '高級樓彌散供氧大床房+加濕器:HK$493', '藏式樓彌散供氧雙床房+加濕器:HK$579', '藏式樓彌散供氧大床房+加濕器:HK$579']"
拉薩扎什頗章供氧觀景酒店,9.7,"['瀰漫式供氧特惠雙床房（加濕器+彌散供氧）:HK$528', '享清風·瀰漫式供氧悠然雙床房（加濕器+彌散供氧）:HK$568', '享清風·瀰漫式供氧悠然大床房（加濕器+彌散供氧）:HK$607', '觀山景·瀰漫式供氧暢享雙床房（加濕器+彌散供氧）:HK$647', '觀山景·瀰漫式供氧暢享大床房（加濕器+彌散供氧）:HK$686']"
拉薩塔瑞頗章酒店（八廓街店）,8.6,"['供氧·特惠街景雙床房（乳膠床墊+加濕器）:HK$356', '供氧·特惠大床房（乳膠床墊+加濕器）:HK$356', '供氧·雙床房（乳膠床墊+加濕器）:HK$411', '供氧·大床房（乳膠床墊+加濕器）:HK$434']"
拉薩平措康桑自駕聖地富氧國際度假酒店,9.6,"['優享·精選雙床房-大堂吸氧+迷你吧:HK$518', '優享·精選大床房-免費停車+迷你吧:HK$518', '樂享·雅緻雙床房-辦公桌+大堂吸氧+迷你吧:HK$542', '樂享·雅緻大床房-辦公桌+免費停車+迷你吧:HK$542', '超享·舒眠雙床房-私享供氧+免費停車+迷你吧:HK$637', '超享·舒眠大床房-私享供氧+免費停車+迷你吧:HK$637']"
如家精選酒店（拉薩布達拉宮店）,9.6,"['高級大床房（24小時瀰漫供氧+地暖+加濕器）:HK$606', '安心睡零壓大床房（瀰漫供氧+地暖+加濕器）:HK$645', '高級雙床房（24小時瀰漫供氧+地暖+加濕器）:HK$645', '安心睡零壓雙床房（瀰漫供氧+加濕器+地暖）:HK$683']"
拉薩多如倉酒店（布達拉宮店）,9.4,"['富氧·雅緻大床房:HK$533', '富氧·雅緻雙床房:HK$555', '富氧·雅韻大床房:HK$578', '悠享·觀景大床房:HK$599']"
拉薩山也民宿（布達拉宮店）,9.7,"['心惹·大床房（智能客控+高清投影+鼻吸供氧+空調+加濕器+公區提供洗衣房）:HK$469', '庭中·雙床房（智能客控+投影+鼻吸供氧+空調+加濕器+公區提供洗衣房）:HK$480', '極米影音大床房（極米巨幕投影+鼻吸供氧+空調+智能馬桶＋加濕器+酒店公區提供自助洗衣）:HK$534', '極米影音親子房（極米巨幕投影+智能客控+鼻吸供氧+空調+加濕器+酒店公區提供洗衣房）:HK$540']"
拉薩八廓街德康富氧觀景民宿（大昭寺店）,9.5,"['禦寒供氧·自在清境雙床房（新風系統+加濕器＋防高反制氧機+千兆獨立網絡+保險箱+冰箱）:HK$486', '禦寒供暖供氧·舒睡商旅大床房（新風系統+加濕器＋防高反制氧機+千兆獨立網絡+保險箱+冰箱）:HK$500', '禦寒供氧·90°視野雲凈天空遠觀山城景大床房（新風系統+加濕器＋防高反制氧機+沐浴陽光躺椅+保險箱+冰箱）:HK$610', '禦寒供氧·90°視野隱居繁華觀山景雙床房（新風系統+加濕器＋防高反制氧機+沐浴陽光躺椅+保險箱+冰箱）:HK$669']"
拉薩空港佰翔花園酒店,9.1,"['供氧特惠｜雙床房+製氧機+加濕器:HK$435', '供氧靜謐｜豪華雙床房+製氧機+加濕器:HK$447', '供氧陽光｜豪華雙床房+製氧機+加濕器:HK$458', '供氧靜謐｜豪華大床房+製氧機+加濕器:HK$470', '供氧陽光｜豪華大床房+製氧機+加濕器:HK$482']"
亞朵酒店（拉薩市政府店）,9.7,"['高級雙床房:HK$484', '雅緻房:HK$484', '高級大床房:HK$529', '行政雙床房:HK$529', '行政大床房:HK$574']"
平措康桑青年旅舍（布達拉宮大昭寺店）,9.4,"['甄選院景大床房（加濕器+舒眠床墊）:HK$272', '滾來滾去輕奢大床房（加濕器+舒眠床墊）:HK$294', '互不打擾雙床房（加濕器+舒眠床墊）:HK$392', '叁人從眾三床房（加濕器+舒眠床墊）:HK$545']"
拉薩香格里拉大酒店,9.4,"['供氧豪華大床客房 | 飽覽花園遠山盛景:HK$1,405', '供氧豪華雙床客房 | 飽覽花園遠山盛景:HK$1,405', '供氧超豪華客房 | 暢享雪域綺麗風光:HK$1,498', '供氧豪華閣大床客房 | 深浸濃郁藏式風情:HK$1,592', '供氧豪華閣雙床客房 | 深浸濃郁藏式風情:HK$1,592', '供氧豪華閣布宮景雙床客房 | 縱覽布達拉宮壯麗景象:HK$2,061']"
拉薩布達拉宮大昭寺蘭歐尚品酒店,9.5,"['蘭藝供氧大床房:HK$632', '蘭藝供氧雙床房:HK$650', '蘭歐供氧豪華大床房（智能客控+加濕器）:HK$709', '蘭歐供氧豪華雙床房（智能客控+加濕器）:HK$737']"
拉薩喆啡鋭品酒店,9.7,"['品韻大床房（觀景供氧+全智能客房+加濕器）:HK$607', '品致山景雙床房（觀景供氧+全智能客房+加濕器）:HK$607', '品韻雙床房（觀景供氧+智能客房+加濕器）:HK$632', '品致觀景大床房（遠眺布達拉宮+全智能客房+供氧）:HK$632', '鋭意觀景大床房（遠眺布達拉宮+全智能客房+供氧）:HK$739']"
拉薩洲際智選假日酒店,9.1,"['聖城日光大床房+加濕器+金可兒大牌床墊+親膚布草:HK$407', '聖城祥雲雙床房+加濕器+金可兒大牌床墊+親膚布草:HK$423', '吉祥八寶大床房+加濕器+金可兒床墊+親膚布草+彌散供氧:HK$459', '雙湖映雪雙床房+加濕器+金可兒床墊+親膚布草+彌散供氧:HK$474', '格桑花開家庭房+加濕器+金可兒床墊+親膚布草+彌散供氧:HK$592']"
西藏迎賓館（布達拉宮大昭寺店）,9.1,"['標準間 （加濕器 ）:HK$437', '含氧商務標間 （加濕器 ）:HK$511', '商務標間 （加濕器）:HK$519', '陽光三人間:HK$539', '商務單間 （加濕器 ）:HK$604']"
拉薩布達拉宮漫心酒店,9.6,"['心悦高級大床房（供氧+智能客控+加濕器）:HK$536', '心悦高級雙床房（供氧+智能客控+加濕器）:HK$584', '心悦高級家庭房（供氧+智能客控+加濕器）:HK$678', '心悦景觀大床房（供氧+智能客控+加濕器）:HK$725', '心悦景觀家庭房（供氧+智能客控+加濕器）:HK$781']"
拉薩璽·居唐卡酒店（西藏博物館店）,9.7,"['供氧榻榻米房（醫用供氧+加濕器+茶吧機+藏葯浴桶）:HK$516', '豪華居（加濕器+藏葯浴桶）:HK$559', '供氧豪華居（醫用供氧+加濕器+茶吧機+藏葯浴桶）:HK$652', '供氧豪華雙床房（醫用供氧+加濕器+茶吧機+藏葯浴桶）:HK$807', '供氧套璽（醫用供氧+加濕器+茶吧機+藏葯浴桶）:HK$1,412']"
拉薩吉祥寶馬酒店（八廓街店）,8.6,"['藏韻·特惠雙人房（加濕器）:HK$285', '藏韻·特惠大床房（加濕器）:HK$285', '藏域·享悦雙人房（加濕器）:HK$416', '藏域·禪夢大床房（加濕器）:HK$416']"
拉薩格桑花香香氛酒店,9.3,"['温馨大床房（電熱毯+加濕器+酒店提供自助洗衣房）:HK$240', '供氧陽光大床房（製氧機+加濕器+酒店提供自助洗衣房）:HK$253', '温馨雙人間（電熱毯+加濕器+酒店提供自助洗衣房）:HK$267', '供氧舒適雙人間（製氧機+加濕器+酒店提供自助洗衣房）:HK$281']"
