酒店名称,评分,房型价格列表
揚州晚清珍園酒店,9.8,"['珍園景觀豪華雙床房:HK$564', '珍園景觀豪華大床房:HK$564', '珍園景觀套房（按摩椅）:HK$763', '珍園星空露台景觀房（按摩椅+浴缸+露台搖椅）:HK$1,002', '珍園景觀家庭房:HK$1,002']"
隱陌半尺花園酒店（瘦西湖東關街店）,9.0,"['豪華大床房:HK$267', '豪華雙床房:HK$328', '四水歸堂—豪華親子房:HK$381', '一品大員官邸—隱陌棋牌房:HK$687']"
揚州瘦西湖沛喜酒店,9.6,"['喜悦大床房（智能客控+徠芬吹風機）:HK$315', '靜夜·園景大床房（智能客控+徠芬吹風機）:HK$435', '雲隱·園景雙床房（智能客控+徠芬吹風機）:HK$468', '君歸·雅緻大床房（智能客控+徠芬吹風機）:HK$502']"
江河潮酒店（揚州高鐵東站店）,9.6,"['靜雅大床房:HK$300', '靜雅雙床房:HK$300', '雅緻大床房:HK$312', '雅緻雙床房:HK$312']"
重構·冰甌館人文度假民宿（揚州東關街店）,9.5,"['大隱於市·內庭·大床房:HK$762', '四水歸堂·串樓·雙床房:HK$829', '四水歸堂·庭院·大床房:HK$874', '小隱觀己·內庭·大床房:HK$984', '五嶽朝天·親子·LOFT大床房:HK$1,028', '進士及第·串樓·大床房:HK$1,094']"
內向酒店（揚州東關街店）,9.2,"['露台·觀景雙床房（觀秦淮河+古城全景）:HK$654', '露台·觀景大床房（觀秦淮河+古城全景）:HK$654', '露台·城景大床房（觀古城日落景，高層180°視野露台）:HK$763', '庭院·觀景大床房:HK$872', '庭院·秦淮河觀景大床房:HK$981']"
花築 · 揚州徐家庭院民宿（瘦西湖東關街店）,9.7,"['春色滿園大床房（智能馬桶+智能客控）:HK$273', '床前明月大床房（智能馬桶+智能客控）:HK$298', '清風徐來大床房（智能馬桶+智能客控）:HK$372', '流水人家大床房（智能馬桶+智能客控）:HK$372']"
恆廬酒店（揚州個園東關街景區店）,9.4,"['竹裏館全屋智能大床房:HK$287', '全屋智能大床房+投影+零壓床:HK$296', '二十四橋全屋智能中央空調大床房:HK$305', '宜雨軒全屋智能標準間:HK$305']"
揚州迎賓館·運河三灣酒店（大運河博物館店）,9.6,"['水韻雙床房:HK$717', '水韻大床房:HK$717', 'LOFT大床房:HK$958', '豪華套房:HK$1,853', '豪華娛樂套房（雙卧）:HK$2,290', '水韻庭院雙床房:HK$?']"
揚州瘦西湖君亭酒店,9.5,"['標準大床房:HK$446', '設計大床房:HK$479', '設計雙床房:HK$512', '四季都市大床房:HK$512', '行政大床房:HK$544', '四季概念房:HK$577']"
揚州東關街何園方寸客棧,9.8,"['清宿景觀大床房:HK$523', '方寸雅緻大床房:HK$610', '清宿豪華大床房:HK$610', '方寸景觀大床房:HK$687', '方寸標準雙床房:HK$691']"
揚州瘦西湖萬豪萬楓酒店,9.5,"['標準大床房:HK$511', '標準雙床房:HK$511', '豪華大床房:HK$542', '花園景觀大床房:HK$677', '花園景觀雙床房:HK$729']"
揚州東關街逸扉酒店,9.6,"['高級大床房⌈智能客控+智能潔具+徠芬吹風機+MiniBar⌋:HK$446', '豪華大床房⌈智能客控+絲漣床墊+徠芬吹風機+MiniBar⌋:HK$479', '豪華雙床房⌈智能客控+絲漣床墊+徠芬吹風機+MiniBar⌋:HK$511', '行政大床房⌈智能客控+絲漣床墊+戴森吹風機+MiniBar⌋:HK$543', '行政雙床房⌈智能客控+絲漣床墊+徠芬吹風機+MiniBar⌋:HK$575']"
揚州東高鐵站精英酒店,9.7,"['精英大床房【精巧雅緻+實居鮮享】:HK$359', '金灣雙床房【暮輝夕照+金可兒床墊+戴森吹風機】:HK$370', '萬福雙床房【廊畔甜韻+Minibar+助眠床枕+戴森吹風機】:HK$402', '金灣大床房【暮輝夕照+金可兒床墊+戴森吹風機】:HK$434', '萬福大床房【廊畔甜韻+Minibar+助眠床枕+戴森吹風機】:HK$457']"
瘦西湖中集行政公寓酒店,9.5,"['高級大床房（臻眠裸感床品+慕思床墊+Mini吧）:HK$489', '高級雙床房（臻眠裸感床品+慕思床墊+Mini吧）:HK$489', '豪華大床房（臻眠裸感床品+慕思床墊+Mini吧+浴缸）:HK$609', '豪華雙床房（臻眠裸感床品+慕思床墊+Mini吧）:HK$609', '行政大床房（臻眠裸感床品+慕思床墊+Mini吧+浴缸）:HK$663', '行政雙床房（臻眠裸感床品+慕思床墊+Mini吧+浴缸）:HK$663']"
揚州煙波裏湯池客舍（東關街小秦淮河店）,9.6,"['七絃社·露台大床房·明清:HK$648', '庖丁社·院景大床房·明清:HK$741', '將軍帳·loft親子房·唐:HK$834', '糊塗閣·浴缸大床套房·明清:HK$834']"
揚州西園飯店,9.6,"['清涼大床房:HK$500', '清涼雙床房:HK$500', '豪華大床房:HK$577', '豪華雙床房:HK$577', '雅緻大床房:HK$795', '尊享大床房:HK$806']"
半圃民宿（揚州瘦西湖店）,9.7,"['普通大床房:HK$432', '大床房:HK$526']"
揚州東高鐵站美居酒店（京杭大運河店）,9.8,"['標準大床房-【特色投影+戴森吹風機】:HK$512', '標準雙床房:HK$512', '高級大床房-【京杭夜韻+戴森吹風機】:HK$552', '高級雙床房【京杭韻景+MINIbar】:HK$552', '家庭房【親子高低護欄床+SIMMONS床墊】:HK$572']"
夜泊君亭·揚州瘦西湖度假酒店,9.7,"['畫橈.園景大床房:HK$743', '綴白·園景雙床房:HK$811', '涵秋·園景四季大床房:HK$811', '浯溪·庭院雙床房:HK$879', '芹溪·庭院四季大床房:HK$946', '芸台·園景家庭房:HK$1,014']"
揚州瘦西湖Intercity城際酒店,9.8,"['城際高級大床房:HK$509', '城際大床房:HK$523', '城際雙床房:HK$642', '城際豪華大床房:HK$662', '城際高級雙床房（舒眠）:HK$722']"
揚州迎賓館·瘦西湖紅園酒店,9.4,"['雅緻雙床房:HK$642', '雅緻大床房:HK$642', '景觀大床房:HK$706', '景觀豪華大床房:HK$770', '景觀雙床房:HK$770', '雅緻家庭房:HK$899']"
如家精選酒店（揚州中國大運河博物館店）,9.6,"['高級大床房（小陽台+迷你冰箱）:HK$461', '高級雙床房（小陽台+迷你冰箱）:HK$461', '景觀大床房（景觀+小陽台+迷你冰箱）:HK$487', '安心睡0壓大床房（零壓床墊+小陽台+迷你冰箱）:HK$495']"
星際文華酒店,8.9,"['商務大床房:HK$282', '商務雙床房:HK$293', '豪華大床房:HK$302', '豪華雙床房:HK$326', '行政大床房:HK$358']"
花築·東關裏客棧（揚州東關街個園店）,9.6,"['扶光·舒適大床房【中式簡約風】:HK$430', '望舒·舒適雙床房【中式簡約風】:HK$478', '坤靈·高級大床房【中式簡約風】:HK$478', '玉橋·高級雙床房【中式簡約風】:HK$516']"
花築·巷往美學民宿（揚州東關街個園店）,9.8,"['吃吃看巷-大床房:HK$503', '達士巷-大床房:HK$503', '蒸籠巷-大床房:HK$503', '學府-大床房:HK$503']"
揚州瘦西湖東關街美侖酒店,9.6,"['商務大床房（電動窗簾+小冰箱）:HK$411', '豪華大床房（電動窗簾+小冰箱）:HK$431', '豪華雙床房（電動窗簾+小冰箱）:HK$431', '豪華套房（電動窗簾+小冰箱）:HK$471']"
揚州東關街何園輕居酒店,9.7,"['標準大床房（普蘭特床墊+慢回彈記憶枕）:HK$390', '高級大床房（普蘭特床墊+亞朵深睡枕）:HK$430', '標準雙床房（普蘭特床墊+慢回彈記憶枕）:HK$470', '高級雙床房（普蘭特床墊+亞朵深睡枕）:HK$520']"
揚州東站李寧體育公園亞朵X酒店,9.6,"['雅緻大床房:HK$309', '高級大床房:HK$320', '高級雙床房:HK$330', '行政大床房:HK$409']"
揚州瘦西湖文昌中路亞朵酒店,9.8,"['高級大床房（普蘭特床墊+慢回彈記憶枕）:HK$590', '幾木大床房（普蘭特床墊+深睡枕）:HK$650', '高級雙床房（普蘭特床墊+慢回彈記憶枕）:HK$671', '高級套房（普蘭特床墊+慢回彈記憶枕）:HK$671', '幾木雙床房（普蘭特床墊+深睡枕）:HK$771']"
揚州隱居瘦西湖温泉度假酒店,9.4,"['靜享温泉雙床房（私湯入户）:HK$1,141', '庭院温泉大床房（私湯入户）:HK$1,348', '庭院温泉雙床房（私湯入户）:HK$1,418', '園景温泉大床房（私湯入户）:HK$1,555', '園景温泉雙床房（私湯入户）:HK$1,637', '湖景温泉大床房（私湯入户）:HK$1,953']"
和頤酒店（揚州瘦西湖東關街店）,9.5,"['和頤榻榻米房『投屏電視』:HK$314', '綠色低敏和頤大床房『小冰箱+智能馬桶+投屏電視』:HK$350', '綠色低敏和頤雙床房『小冰箱+智能馬桶+投屏電視』:HK$368', '和頤智能大床房『小冰箱+智能馬桶+投屏電視』:HK$403', '和頤智能標準間『小冰箱+智能馬桶+投屏電視』:HK$411']"
揚州東關街長樂客棧,9.4,"['長樂雙床房:HK$468', '街南雙床房:HK$522', '街南大床房:HK$522', '糖果飛屋親子大床房:HK$631', '長樂家庭房:HK$685']"
揚州東高鐵站美侖酒店,9.5,"['高級大床房（小冰箱、電視投屏）:HK$452', '商務大床房（小冰箱、電視投屏）:HK$531', '商務雙床房（小冰箱、電視投屏）:HK$531', '豪華大床房（小冰箱、電視投屏）:HK$562', '豪華雙床房（小冰箱、電視投屏）:HK$562']"
揚州音你而來客棧（何園東關街店）,9.8,"['音樂之夢大床房[戴森吹風機+戴森凈化器+85寸4K電視]:HK$380', '音符之韻家庭套房[戴森吹風機+戴森凈化器+85寸4K電視]:HK$631', '音夢之旅親子套房[戴森吹風機+戴森凈化器+85寸4K電視]:HK$729']"
如家精選酒店（揚州東關街東圈門店）,9.7,"['商務大床房A（零壓床墊+新風系統）:HK$358', '商務大床房（小冰箱+零壓床墊）:HK$376', '高級大床房（小冰箱+零壓床墊）:HK$395', '安心睡安睡大床房（小冰箱+零壓床墊）:HK$422']"
揚州東關街雲來民宿,9.3,"['一念ICHINEN大床房（魚池窗景+投影）:HK$306', '奕居YIGEN大床房（院景+投影）:HK$306', '聽雨RAIN大床房（入户花園）:HK$306', '青果Loft（SWEETFRUIT）大床房（景觀陽台+主題茶台）:HK$306']"
揚州東關街酒店,9.5,"['古渡·雅舒大床房:HK$359', '古渡·雅緻大床房:HK$380', '古渡·荷芸家庭房（複式）:HK$567', '古渡·安怡家庭房:HK$595']"
楓美酒店（揚州東關街何園店）,9.4,"['玲瓏大床房（等離子吹風機+深度睡眠記憶枕）:HK$222', '雅緻大床房（等離子吹風機+深度睡眠記憶枕）:HK$240', '高級大床房（等離子吹風機+深度睡眠記憶枕）:HK$268', '高級雙床房（等離子吹風機+深度睡眠記憶枕）:HK$287']"
彌佗樂居（揚州個園東關街店）,9.7,"['福緣高級大床房:HK$392', '妙道休閑大床房:HK$392', '無界商務大床房:HK$392', '惜緣標準雙床房:HK$414']"
揚州瘦西湖畔花間堂·新潮裏,9.8,"['幾靜大床房:HK$847', '茉竹庭院大床房:HK$894', '夢溪語豪華超大床房:HK$912', '斜日豪華陽台大床房:HK$940', '涵碧高級陽台大床房:HK$987', '閲翠高級陽台大床房:HK$1,034']"
揚州東高鐵站中青國際酒店,9.5,"['中青標準大床房（全屋智能+助眠零壓枕）:HK$283', '商務舒適大床房（全屋智能+助眠零壓枕）:HK$365', '商務舒適雙床房（全屋智能+助眠零壓枕）:HK$365', '陽光豪華大床房（全屋智能+助眠零壓枕）:HK$404', '中青0壓舒適大床房（全屋智能+夢百合床墊+枕頭）:HK$404']"
揚州方正國際大酒店,9.6,"['商務雙床房:HK$415', '商務大床房:HK$425', '豪華雙床房:HK$462', '豪華大床房:HK$471', '超寬大床房:HK$471', '卡通主題家庭房:HK$564']"
揚州廣陵有熊酒店,9.7,"['有熊高級雙床房:HK$779', '有熊庭院大床房:HK$779', '有熊豪華大床房:HK$779', '有熊豪華庭院大床房:HK$857', '有熊庭院雙床房:HK$857', '有熊庭院loft房:HK$934']"
揚州東關街文昌閣桔子水晶酒店,9.8,"['商務大床房（絲漣床墊+徠芬吹風機+Mini吧+助眠音箱）:HK$705', '小院大床房（絲漣床墊+徠芬吹風機+Mini吧+助眠音箱）:HK$769', '豪華大床房（絲漣床墊+徠芬吹風機+Mini吧+助眠音箱）:HK$791', '行政大床房（絲漣床墊+徠芬吹風機+Mini吧+助眠音箱）:HK$865', '豪華雙床房（絲漣床墊+徠芬吹風機+Mini吧+助眠音箱）:HK$972']"
萬斐·新空間酒店（揚州瘦西湖東關街店）,9.4,"['清氧雙床房:HK$359', '高級大床房:HK$359', '商務大床房:HK$392', '商務雙床房:HK$414', '星空大床房:HK$435']"
揚州瘦西湖石榴酒店,9.7,"['若雲大床房（徠芬吹風機+智能客控）:HK$543', '卿雲高級大床房（徠芬吹風機+智能客控）:HK$642', '月棲湖畔景觀高級雙床房（徠芬吹風機+智能客控）:HK$742', '翠微湖畔景觀豪華大床房（徠芬吹風機+凈化器）:HK$796']"
揚州東關街七間房設計酒店,9.5,"['水·雅緻大床房:HK$360', '山（高級大床房）:HK$388', '金·親子家庭房:HK$452', '愜（河景露台大床房）:HK$468', '書（180度河景家庭房）:HK$508']"
全季酒店（揚州瘦西湖東關街店）,9.5,"['雙床房:HK$371', '大床房:HK$391', '榻榻米:HK$402', '商務雙床房:HK$411']"
竹隱花緣度假酒店,9.9,"['Villa湖景樹屋:HK$642', 'Loft森林樹屋:HK$751', '園林庭院豪華雙床房:HK$860', '園林庭院豪華大床房:HK$860', '園林庭院家庭套房:HK$1,188']"
