酒店名称,评分,房型价格列表
麗楓酒店（日喀則店）,9.3,"['豪華雙床房（地暖+智能客控+ 加濕器）:HK$399', '豪華大床房（地暖+智能客控+ 加濕器）:HK$399', '浪漫優享房（地暖）:HK$454', '商務大床房（地暖+超靜音醫用供氧+加濕器+智能客控+智能馬桶）:HK$487']"
日喀則雍澤湖畔國際大酒店,9.2,"['日喀則記憶·優選大床房:HK$409', '日喀則記憶·優選雙床房（空調+加濕器）:HK$475', '供氧·輕奢雙床房（空調+加濕器）:HK$483', '供氧·輕奢大床房（空調+加濕器）:HK$484']"
麗楓酒店（扎什倫布寺店）,9.3,"['雅緻大床房（地暖）:HK$423', '行政大床房（地暖+供氧）:HK$443', '豪華大床房（地暖+供氧）:HK$444', '純凈自然雙床房（地暖+供氧）:HK$478']"
日喀則·Enjoy艾斯麗家·富氧大酒店（神力時代廣場店）,8.8,"['温馨·零壓大床房（夢百合0壓舒睡深眠記憶棉靜音床墊+高原專用防寒羽絨被芯+人體工學乳膠枕+加濕器+智能觸控）:HK$237', '舒適·零壓大床房（夢百合0壓舒睡深眠記憶棉靜音床墊+高原專用防寒羽絨被芯+人體工學乳膠枕+加濕器+智能觸控）:HK$255', '舒享·零壓大床房（夢百合0壓舒睡深眠記憶棉靜音床墊+高原專用防寒羽絨被芯+人體工學乳膠枕+加濕器）:HK$287', '寬享·零壓豪華雙床房（夢百合0壓深眠靜音床墊+高原專用防寒羽絨被芯+人體工學乳膠枕+加濕器+智能觸控+電動窗簾）:HK$291']"
日喀則喬穆朗宗酒店,9.3,"['温馨三人間（彌散式供氧+加濕器）:HK$1,637', '多功能豪華LOFT（彌散式供氧+加濕器）:HK$2,727']"
維也納國際酒店（日喀則火車站店）,9.4,"['豪華大床房（地暖+加濕器+全屋智控）:HK$643', '豪華雙床房（地暖+加濕器+全屋智控）:HK$643', '彌散供氧山景大床房（地暖+可觀山景+全屋智控+加濕器）:HK$684', '彌散供氧山景雙床房（地暖+可觀山景+全屋智控+加濕器）:HK$684', '供氧商務陽光雙床房（地暖+人體工學椅+全屋智控+加濕器）:HK$737']"
日喀則唐卡酒店（政務服務中心店）,8.2,"['藏式標準間（空調+加濕器）:HK$260', '藏式大床房（空調+加濕器）:HK$260', '豪華大床房（供氧+空調+加濕器）:HK$391', '豪華雙人間（供氧+空調+加濕器）:HK$391']"
日喀則舍裏別院酒店,9.1,"['豪華雙床房:HK$665', '豪華大床房:HK$665', '禪·供氧行政大床房:HK$675', '禪·供氧行政雙床房:HK$675', '供氧行政大床房:HK$675']"
日喀則天臨大酒店,9.3,"['舒適雙床房:HK$423', '温馨大床房:HK$423', '商務三人間:HK$576', '商務四人間:HK$652', '行政大床房:HK$718']"
日喀則市穆倫拉宗酒店（日喀則火車站店）,9.3,"['豪華雙床房（彌散式供氧+全屋智能語音控制）:HK$620', '豪華大床房（彌散式供氧+全屋智能語音控制）:HK$620', '尊品大床房（彌散式供氧+全屋智能語音控制）:HK$648', '尋祕投影大床房（彌散式供氧+全屋智能語音控制 +100寸投影）:HK$667', '商務休閑大床房（彌散式供氧+全屋智能語音控制）:HK$685']"
日喀則山東大廈,9.0,['商務套房:HK$829']
日喀則喜嘎央恰大酒店,8.7,"['豪華雙床房:HK$393', '豪華大床房:HK$415', '豪華三人間:HK$600', '豪華商務套間:HK$982']"
日喀則德青林大酒店,8.8,"['普通標間（附樓）:HK$154', '商務標準間:HK$180', '商務大床房:HK$187', '標準雙床房:HK$237']"
暖陽民宿,9.4,"['温馨五人間（男生床位）:HK$49', '四人間（男生床位）:HK$57', '女生八人間（床位）:HK$71', '標準雙人間:HK$140']"
日喀則鑫滙賓館,8.2,"['商務大床房:HK$214', '標準間:HK$238']"
日喀則鵬程水晶酒店,7.1,"['單人間:HK$174', '標準間:HK$174', '無窗標準間:HK$174', '豪華觀景三人間:HK$236']"
楠溪別院酒店,5.8,"['豪華影視標準間:HK$238', '豪華影視大床房:HK$281']"
星旅酒店,5.8,"['大床房:HK$155', '標間:HK$166']"
宜必思酒店（日喀則拉孜店）,9.6,"['大床房（無窗）（加濕器+零壓床墊）:HK$261', '雙床房（加濕器+零壓床墊）:HK$289', '舒壓-商務大床房（加濕器+零壓床墊）:HK$289', '舒壓-商務雙床房（加濕器+零壓床墊）:HK$317']"
維也納酒店（拉孜珠穆朗瑪峯店）,8.8,"['高級大床房:HK$373', '高級雙床房:HK$373', '豪華大床房:HK$425', '豪華雙床房:HK$442']"
江孜娘曲藏布莊園酒店,9.4,"['舒適雙床房:HK$591', '體驗雙床房:HK$591', '體驗大床房:HK$591', '藏式豪華大床間:HK$616', '藏式豪華雙床間:HK$616']"
平措康桑珠峯大本營富氧酒店,9.5,"['彌散供氧·智享零壓雙床房（手機投屏+自由加濕）:HK$947', '彌散供氧·智享零壓大床房（智能馬桶+品牌床墊）:HK$1,012', '彌散供氧·逸享零壓雙床房（恆温淋浴+休閑沙發）:HK$1,079', '彌散供氧·逸享零壓大床房（寬敞棲居+休閑沙發）:HK$1,166', '彌散供氧·一室一廳浴缸零壓套房（獨立會客區）:HK$1,625']"
雲左星光酒店（康馬店）,9.6,"['雲台大床房（供氧+智能馬桶+小度智控+加濕器+地暖）:HK$643', '雲端雙人房（供氧+智能馬桶+小度智控+加濕器+地暖）:HK$664', '沐陽三人房（供氧+智能馬桶+小度智控+加濕器+地暖）:HK$745', '暖陽豪華套房（供氧+智能馬桶+小度智控+加濕器+地暖）:HK$825']"
雲天洲際酒店（吉隆店）,9.8,"['雲仰.臻選大床房（按摩椅+慕思床墊+加濕器+全屋智能）:HK$531', '雲落.雅緻大床房（按摩椅+加濕器+智能馬桶+全屋智能）:HK$565', '雲落.雅緻雙床房（按摩椅+加濕器+智能馬桶+全屋智能）:HK$580', '雲帆.高級大床房（按摩椅+加濕器+智能馬桶+全屋智能）:HK$697', '雲帆.高級雙床房（按摩椅+加濕器+智能馬桶+全屋智能）:HK$711']"
亞東平措康桑康養酒店,9.6,"['優享山景大床房「零壓床墊·加熱馬桶·辦公書桌」:HK$584', '優享山景雙床房「零壓床墊·加熱馬桶·辦公書桌」:HK$584', '悦享舒眠大床房「護眼枱燈·加熱馬桶·超大頂噴」:HK$665', '綠野仙蹤靜謐雙床房「小冰箱·休閑沙發·零壓床墊」:HK$728', '望山優選景觀大床房「小冰箱·休閑沙發·零壓床墊」:HK$728']"
拉孜西部驛站酒店,9.1,"['大床房:HK$275', '雙床房:HK$285', '高級大床房:HK$296', '高級雙床房:HK$348']"
維也納國際酒店（扎西宗鄉珠峯小鎮店）,9.6,"['供氧高級大床房（控温地暖+中央加濕）:HK$731', '供氧高級雙床房（控温地暖+中央加濕）:HK$765', '供氧豪華大床房（控温地暖+中央加濕）:HK$799', '供氧豪華雙床房（控温地暖+中央加濕）:HK$833']"
薩迦縣羅哇酒店,8.7,"['經濟標準間:HK$325', '經濟大床房:HK$325', '豪華標準間:HK$410', '豪華大床房:HK$410']"
康馬御煌富氧酒店,9.2,"['零壓供氧觀影雙床房（彌散式供氧+加濕器+地暖）:HK$535', '零壓供氧觀影大床房（彌散式供氧+加濕器+地暖）:HK$542', '零壓供氧豪華大套房（彌散式供氧+加濕器+地暖）:HK$573', '零壓供氧舒適三人房（彌散式供氧+加濕器+地暖）:HK$580']"
南木林偉豪酒店,8.7,"['商務大床房:HK$336', '豪華大床房:HK$388', '商務標準間:HK$388', '豪華標準間:HK$453']"
南木林沃爾頓酒店,9.1,"['行政商務高級標準間:HK$292', '高級大床房:HK$293', '豪華三人間:HK$370']"
珠峯瑞山金鼎富氧酒店,9.3,"['雲端雙床房（加濕器+全屋地暖）:HK$497', '雲暖富氧雙床房（加濕器+全屋地暖+彌散式供氧）:HK$518', '天際富氧大床房（加濕器+全屋地暖+彌散式供氧）:HK$518', '天際豪華富氧大床房（加濕器+全屋地暖+彌散式供氧）:HK$539']"
吉隆喬穆朗宗酒店,9.5,"['特價大床房:HK$499', '豪華大床房:HK$730', '豪華雙床房:HK$730', '行政大床房:HK$797', '行政雙床房:HK$797']"
謝通門歐曲雅培大酒店,8.7,"['標準雙床房:HK$434', '豪華雙床房:HK$445']"
江孜嘎吉賓館,9.2,"['普通間（公衞）:HK$128', '三人間（公衞）:HK$193', '大床房:HK$201', '標間:HK$206']"
康馬維納斯酒店,8.6,"['豪華大床房:HK$208', '豪華標間:HK$208', '豪華三人間:HK$332', '豪華套房:HK$344']"
江孜明湖飯店,8.0,"['標準間:HK$234', '大床房:HK$256', '豪華套房:HK$331']"
氧立方雲庭酒店,9.6,"['彌散供氧雲庭雙床房（全天供氧+全屋水暖+客房智控+零壓床墊+加濕器）:HK$621', '彌散供氧雲庭大床房（全天供氧+全屋水暖+客房智控+零壓床墊+加濕器）:HK$676']"
拉隆嘎布酒店,8.1,"['標準大床房:HK$185', '標準雙床房:HK$195']"
湯東傑普大酒店,9.9,"['豪華大床房:HK$371', '豪華雙床房:HK$371', '高級大床房:HK$436', '湖景套房:HK$729']"
康馬縣玉溪富氧酒店,8.2,"['標準雙人房（無氧）:HK$227', '標準大床房:HK$292', '標準三人間:HK$309', '富氧大床房（瀰漫式供氧，加濕器，地暖，温泉木桶）:HK$347']"
珠峯勇士供氧酒店（珠峯小鎮店）,9.2,"['吉祥供暖瀰漫式供氧·雙床房:HK$290', '悦享供暖瀰漫式供氧-大床房:HK$290', '尊享供暖瀰漫式供氧-大床房:HK$314', '健康供暖瀰漫式供氧-家庭房:HK$359']"
江孜玉妥飯店,8.8,"['標準雙床房:HK$176', '豪華雙床房:HK$228', '豪華大床房:HK$278', '豪華三床房:HK$347']"
楚古賓館,7.5,"['大床房:HK$137', '雙床房:HK$137', '三人間:HK$155']"
珠峯吉康富氧大酒店,10.0,"['瀰漫供氧舒適雙床房（全屋水暖-乾濕分離-智能馬桶）:HK$332', '瀰漫供氧舒適大床房（全屋水暖-乾濕分離-智能馬桶）:HK$361', '瀰漫供氧豪華大床房（全屋水暖+乾濕分離+智能馬桶）:HK$555', '瀰漫供氧高級雙床間（全屋水暖+乾濕分離+智能馬桶）:HK$555']"
謝通門見喜賓館,8.4,"['普通雙床房:HK$98', '精品大床房:HK$99', '豪華雙床房:HK$123', '豪華大床房:HK$123']"
三色大酒店,7.6,"['標準間:HK$325', '大床房:HK$325', '套房:HK$652']"
珠峯•泊心富氧酒店,9.7,"['温馨大床房（彌散氧氣+地暖+智能馬桶+加濕器）:HK$461', '尊享大床房（彌散氧氣+地暖+智能馬桶+乾濕分離+加濕器）:HK$482', '豪華雙人間（彌散氧氣+地暖+智能馬桶+乾濕分離+加濕器）:HK$482', '家庭親子房（彌散氧氣-地暖-智能馬桶-乾濕分離+加濕器）:HK$511']"
侶程精品富氧酒店（珠峯小鎮店）,9.6,"['雲端雙床房（加濕器+全屋地暖）:HK$392', '天際大床房（加濕器+全屋地暖）:HK$415', '天際富氧大床房（加濕器+全屋地暖+彌散式供氧）:HK$544', '雲端富氧雙床房（加濕器+全屋地暖+彌散式供氧）:HK$544']"
絨布旅館,9.2,"['標間:HK$972', '三人間【公共衞生間】:HK$1,018', '標準雙床房:HK$1,046']"
