酒店名称,评分,房型价格列表
普洱曼迪酒店,9.5,"['曼尊精品雙床房:HK$229', '曼享雅緻大床房:HK$232', '曼尊雅緻大床房:HK$250', '曼尊精品大床房:HK$262', '曼享精品雙床房:HK$266']"
普洱香土故事香印酒店（思茅茶馬古鎮店）,9.4,"['特惠房:HK$207', '街景陽光大床房（舒適·金可兒護脊床墊）:HK$260', '街景陽光雙床房（舒適·金可兒護脊床墊）:HK$273', '榻榻米特大床房（特大床·金可兒護脊床墊）:HK$303']"
普洱長祿酒店（陽光悦城戴家巷古建築羣店）,9.4,"['精品智能大床房:HK$296', '輕奢智能雙床房:HK$317', '輕奢智能大床房:HK$317', '全景智能雙床房:HK$344', '全景智能大床房:HK$344']"
普洱倚象山營地暨半山酒店,9.2,"['雲上茶田.大房車（兩室一廳帶空調）:HK$743', '茶田·獨棟木屋雙床房.帶户外露台:HK$1,338', '茶田·獨棟木屋大床房.帶户外露台:HK$1,338', '雲境·獨棟木屋大床房.帶户外露台:HK$1,503', '茶田·獨棟帳篷露台雙床房:HK$1,607']"
普洱南嶺客棧（茶馬古城店）,9.5,"['經典大床房:HK$155', '經典雙床房:HK$164', '藝術大床房:HK$195', '雅緻大床房:HK$226']"
普洱隱心居·藝術酒店,9.1,"['雲隱青棲大床房（好眠記憶棉枕+小度全屋智能）:HK$222', '無隱青棲大床房（好眠記憶棉枕+小度全屋智能）:HK$222', '無隱清歡大床房A户型:HK$239', '無隱清歡大床房C户型（好眠記憶棉枕+小度全屋智能）:HK$259']"
夢景雅格酒店（思茅區茶馬古城店）,9.7,"['悠享•零壓雙床房:HK$534', '悠享•零壓大床房:HK$534', '靜享•雅緻大床房:HK$575', '靜享•雅緻雙床房:HK$575', '暢享•巨幕影院大床房:HK$643']"
普洱沐雲花園酒店（思茅區高鐵站店）,9.9,"['古巴風情甄選大床房（全屋智能小度+鵝絨枕芯被芯）:HK$355', '德里奧園景庭院大床房（全屋智能小度+鵝絨枕芯被芯）:HK$416', '哈瓦娜風情甄選大床房（全屋智能小度+鵝絨枕芯被芯）:HK$477', '阿維拉園景庭院大床房（全屋智能小度+鵝絨枕芯被芯）:HK$477', '馬亞里甄選影院雙床房（全屋智能小度+鵝絨枕芯被芯）:HK$512']"
蔚景溫德姆酒店（普洱思茅區茶馬古鎮店）,9.4,"['温德姆·觀山影院大床房|專屬會員|大空間|品牌床墊:HK$374', '温德姆·觀山影院雙床房|專屬會員|大空間|品牌床墊:HK$374', '蔚景·豪華大床房|四層隔音|全景落地窗|負離子吹風:HK$415', '蔚景·豪華雙床房|270°觀景|全景落地窗|乾濕三分離:HK$415', 'WINGATE·高級大床房|貢緞床品|智能客控|新風系統:HK$426']"
普洱方洲國際酒店（思茅梅子湖店）,9.6,"['高級大床房·落地窗·高速吹風機:HK$392', '露天雙床房·舒適床品·非落地窗:HK$425', '商務大床房·迷你冰箱·智能馬桶·體脂秤:HK$435', '高級雙床房·落地窗·高速吹風機:HK$457', '商務雙床房·迷你冰箱·智能馬桶·保險箱:HK$491']"
普洱鴻錦客棧,9.6,"['鴻錦榻榻米大床房:HK$232', '鴻錦院景雙床間:HK$234', '鴻錦標準雙床房:HK$266', '鴻錦豪華雙床房:HK$302']"
普洱德庭花園酒店（思茅區戴家巷店）,9.8,"['特惠雙床房（迷你Bar＆街景落地窗）（2號樓）:HK$392', '特惠大床房（迷你Bar＆街景落地窗）（2號樓）:HK$392', '暢享大床房（街景落地窗＆迷你Bar）（2號樓）:HK$435', '暢享雙床房（街景落地窗＆迷你Bar）（2號樓）:HK$435', '陽光雙床房（迷你小冰箱＆深睡記憶枕）:HK$478']"
普洱欣普智慧酒店（茶馬古鎮思茅機場店）,9.7,"['休閑麻將房「寬敞通透+智能客控+電動麻將桌」:HK$271', '靜雅智慧大床房「舒睡助眠床墊+休閑軟沙發+智能客控」:HK$271', '靜雅智慧雙床房（舒睡助眠床墊+休閑軟沙發+辦公桌椅）:HK$271', '悠靜智慧雙床房「陽光滿屋+休閑軟沙發+辦公桌椅」:HK$281']"
普洱雲璟國際花園酒店,9.3,"['雲瑞雙床房-森林氧吧、超大落地窗:HK$388', '雲瑞大床房-森林氧吧、超大落地窗:HK$388', '雲璟大床房（180°山景陽台）:HK$457', '雲璟雙床房（180°山景陽台）:HK$500', '雲祥大床房（沐浴池，超大山景陽台）:HK$556']"
普洱凱冠酒店（創基尚城梅子湖店）,9.6,"['高級大床房:HK$223', '高級雙床房:HK$223', '豪華市景大床房:HK$266', '豪華市景雙床房:HK$266']"
普洱鉑曼酒店（高鐵站店）,9.1,"['咖享|商務大床房【金可兒床墊＋康乃馨布草＋智能馬桶】:HK$265', '咖享|商務雙床房【金可兒床墊＋康乃馨布草＋智能馬桶】:HK$308', '茶享|豪華標間【金可兒床墊＋康乃馨布草＋智能馬桶】:HK$378', '童趣親子房【金可兒床墊＋康乃馨布草＋智能馬桶窗簾】:HK$481', '茶享|豪華三人間【金可兒床墊＋康乃馨布草＋智能馬桶】:HK$481']"
普洱森泉·原木森系·養心逸境·漫時光輕奢度假美宿（茶馬古城店）,9.7,"['巨幕投影大床房+智能馬桶+漢斯格雅淋浴+乳膠枕:HK$547', '泉語·巨幕投影雙床房+智能馬桶+漢斯格雅淋浴+乳膠枕:HK$558', '青巒·茶台浴缸大床房+智能馬桶+漢斯格雅淋浴+乳膠枕:HK$702', '雙棲·Loft豪華大床房+智能馬桶+漢斯格雅淋浴+乳膠枕:HK$702']"
曼臻酒店（普洱高鐵站店）,9.6,"['精品雙床房:HK$238', '臻選雙床房:HK$298', '臻選大床房:HK$298', '慕思大床房:HK$319']"
普洱恆悅酒店（思茅區創基尚城店）,9.6,"['零壓睡眠大床房 |智能客控+三分離衞浴+零壓枕:HK$243', '豪華尊享雙床房 |智能客控+三分離衞浴+零壓枕:HK$266', '豪華尊享大床房 |智能客控+三分離衞浴+零壓枕:HK$266', '主題親子家庭房 |智能客控+三分離衞浴+零壓枕:HK$318']"
普洱歡季酒店（思茅區鼎城國際店）,9.1,"['舒適大床房【輕奢床墊+徠芬吹風機+雲朵羽絨被】:HK$186', '高級雙床房【輕奢床墊+徠芬吹風機+雲朵羽絨被】:HK$201', '高級大床房【輕奢床墊+徠芬吹風機+雲朵羽絨被】:HK$219', '行政大床房【輕奢床墊+徠芬吹風機+雲朵羽絨被】:HK$256']"
普洱思茅智選假日酒店（戴家巷店）,9.4,"['高級房·超大床:HK$268', '高級房·超大床（無障礙）:HK$374', '高級房:HK$415', '高級房·荷里活雙床:HK$415', '高級房·雙床:HK$415']"
普洱九思素源酒店（普洱高鐵站店）,9.4,"['九思特惠房:HK$217', '九思精選雙床房+浴缸+一次性面巾浴巾:HK$300', '九思舒適大床房+浴缸+一次性面巾浴巾:HK$300', '素源高級大床房+浴缸+一次性面巾浴巾:HK$357']"
普洱金鳳大酒店,9.1,"['行政標間:HK$293', '行政豪華標間:HK$347', '商務標間:HK$402', '商務單間:HK$424', '三人家庭房:HK$642']"
普洱松縵酒店（思茅區悦城時光裏購物公園店）,9.6,"['體驗大床房:HK$428', '體驗雙床房:HK$428', '松縵·拾途雙床房:HK$452', '松縵·拾逸大床房:HK$452', '松縵·拾光大床房（浴缸）:HK$484']"
建國璞隱酒店（普洱茶源廣場店）,9.6,"['詠蘭居大床房A:HK$358', '暗香居大床房:HK$384', '凌霜居雙床房:HK$393', '暗香居景觀大床房:HK$409']"
龍源智慧酒店,9.5,"['緣棲•智慧清新雙床房:HK$211', '緣逸•智慧清新大床房:HK$223', '緣選•智慧清新豪華雙床房:HK$236', '緣享•智慧清新豪華大床房:HK$253']"
思茅茶靈酒店（普洱學院店）,9.7,"['茶語大床房（小度智能+手機投屏）:HK$304', '茶語雙床房（小度智能+手機投屏）:HK$304', '茶享大床房（小度智能+手機投屏）:HK$327', '茶享雙床房（小度智能+手機投屏）:HK$327', '茶顏綠茵大床房（私享浴缸+森林氧吧+小度智能）:HK$384']"
BOON泊恩酒店（普洱創基尚城店）,9.2,"['暴富將至.陽台大床房丨冰淇淋+現磨Coffee+零食:HK$277', '日進斗金.舒睡雙床房丨冰淇淋+現磨Coffee+零食:HK$277', '得償所願.美式復古大床房丨冰淇淋+現磨Coffee+零食:HK$306', '錢程似錦.家庭影音房丨120寸高清會員投影丨:HK$316']"
有戲電影酒店（普洱白雲路機場店）,9.2,"['舒適大床房:HK$251', '舒適雙床房:HK$257', '荷里活電影大床房（智能客控+智能投影）:HK$277', '荷里活電影雙床房（智能客控+智能投影）:HK$300']"
融舍民宿（思茅一中戴家巷店）,9.4,"['豪華大床房:HK$164', '親子雙床房:HK$218']"
珀庭輕奢藝術酒店（普洱高鐵站店）,9.4,"['悦漫丨惠享智能雙床房（中央空調+優選床品+小度智能語音客控）:HK$237', '悦漫丨惠享智能大床房（中央空調+優選床品+小度智能語音客控）:HK$265', '歸晚丨輕奢智能大床房（中央空調+優選床品+小度智能語音客控）:HK$343', '安雅丨輕奢智能雙床房（中央空調+優選床品+小度智能語音客控）:HK$351']"
朝林大酒店（普洱思茅區戴家巷古建築羣店）,9.5,"['福利寶藏房:HK$217', '睡到自然醒大床房（夜晚好眠+乾濕分離）:HK$239', '睡到自然醒雙床房（夜晚好眠+乾濕分離）:HK$250', '森系雙床房:HK$271']"
普洱凱邦酒店（梅子湖小童醫院店）,9.4,"['凱悦·景緻大床房（副樓）:HK$209', '凱悦·景緻雙床房（副樓）:HK$209', '凱雅·城景雙床房:HK$250', '凱雅·城景大床房:HK$275']"
鼎融酒店（普洱高鐵站店）,8.8,"['精品特價房:HK$169', '舒適大床房:HK$197', '舒適雙床房:HK$197', '豪華大床房:HK$268']"
濮溪酒店（普洱高鐵站店）,9.3,"['樂享雙床房（酒店公區提供自助洗衣房）:HK$126', '雅緻雙床房（酒店公區提供自助洗衣房）:HK$157', '雅緻大床房（酒店公區提供自助洗衣房）:HK$168', '雅緻三人間（酒店公區提供自助洗衣房）:HK$250']"
住在咖啡廳假日酒店,9.1,"['特價雙床房:HK$216', '濃縮時光（輕奢雙床房）:HK$248', '咖.啡OFFLCE（輕奢雙床房）:HK$248', '咖.啡爵士（輕奢雙床房）:HK$248']"
普洱花弄裏酒店,9.2,"['禪意豪華大床房:HK$633', '花園水景大床房:HK$685', '庭院高級大床房:HK$751', '庭院豪華大床房（戴森吹風機）:HK$816', '禪意泡池大床房（戴森吹風機）:HK$892']"
普洱曼悦酒店（悦城時光裏購物公園店）,9.4,"['悦享景觀雙床房:HK$325', '悦享豪華景觀大床房:HK$325', '曼悦豪華景觀套房:HK$434']"
普洱西鳳大酒店,9.3,"['雅緻大床房:HK$172', '雅緻三人間:HK$205', '普通標間:HK$237', '豪華單間:HK$259']"
普洱青雲別院,9.2,"['103大床房:HK$160', '101雙床房:HK$166', '303大床房:HK$168', '202大床房:HK$168']"
慵懶客棧,9.8,"['暖居雙床房:HK$212', '一笑梨窩大床房:HK$225', '初心投影大床房:HK$252', '且慢大床房:HK$253']"
普洱金曼酒店,8.9,"['悦致·安逸大床房「舒適深眠+採光通風」:HK$146', '悦致·舒適雙床房「辦公座椅+遮光窗簾」:HK$148', '星辰·豪華行政三床房「辦公桌椅+柔軟親膚四件套」:HK$209']"
普洱悅景酒店（思茅店）,9.6,"['悦·精選雙床房-品質舒睡+慕斯床墊:HK$267', '悦品雙床房-雅居舒享:HK$276', '悦·精選大床房-品質舒睡+慕斯床墊:HK$277', '悦景·陽光大床房-觀景落地窗:HK$286', '悦品大床房-雅居舒享:HK$295']"
博煜智慧酒店（思茅機場店）,9.6,"['煜.享雙床房（全屋智能/鵝絨除蟎床品/九牧衞浴）:HK$171', '煜夜入眠大床房（全屋智能·鵝絨除蟎床品·九牧衞浴）:HK$242', '煜.樂融融親子房（全屋智能+鵝絨除蟎床品+九牧衞浴））:HK$258', '煜.景大床房（全屋智能/鵝絨除蟎床品/九牧衞浴）:HK$262']"
普洱建華酒店（創基尚城店）,9.4,"['舒適大床房:HK$401', '精緻雙床房:HK$438', '舒適雙床房:HK$452', '精緻大床房:HK$512']"
柏懿酒店,9.3,"['行政大床房:HK$281', '行政標間:HK$303', '高級標間:HK$326', '舒適三人間:HK$371']"
普洱梅子湖度假酒店,9.4,"['靜謐雙床房:HK$729', '靜謐大床房:HK$729', '森林雙床房:HK$947', '森林大床房:HK$947', '陽台全景大床房:HK$1,076', '陽台全景雙床房:HK$1,076']"
鑫盈酒店,9.4,"['靜享智能大床房:HK$208', '靜謐智能雙床房:HK$208', '沉夜入夢豪華智能雙床房:HK$250', '久別逢春豪華智能大床房:HK$250']"
如家商旅酒店（普洱人民路店）,9.5,"['大床房A:HK$178', '商務大床房:HK$210', '雙床房A:HK$218', '高級大床房:HK$243']"
宜必思尚品酒店（普洱茶馬古鎮店）,9.7,"['商務大床房【65寸智能投屏電視 | 金可兒床墊】:HK$271', '商務雙床房【65寸智能投屏電視|金可兒床墊】:HK$289', '家庭房（65寸智能投屏電視 | 金可兒床墊）:HK$336']"
