酒店名称,评分,房型价格列表
東營同潤大酒店,9.9,"['高級大床房:HK$391', '商務雙床房:HK$403', '高級雙床房:HK$403', '商務大床房:HK$413', '荷里活親子特大床房:HK$467']"
東營希爾頓歡朋酒店,9.7,"['舒適大床房:HK$422', '高級雙床房:HK$422', '高級大床房:HK$452', '豪華雙床房:HK$452', '豪華大床房:HK$508']"
東營黃河路亞朵酒店,9.8,"['高級雙床房（可投屏電視）:HK$349', '高級大床房（可投屏電視）:HK$359', '行政雙床房（可投屏電視）:HK$370', '幾木雙床房（小冰箱＋可投屏電視）:HK$420', '幾木大床房（小冰箱＋可投屏電視）:HK$430']"
桔子酒店（東營市政府清風湖店）,9.8,"['高級大床房（獨立空調丨全屋智能丨小冰箱）:HK$231', '商務大床房（全屋智能丨恆温空調丨小冰箱）:HK$246', '高級雙床房（獨立空調丨全屋智能丨小冰箱）:HK$246', '豪華套房（一室一廳丨全屋智能丨小冰箱丨婚房佈置）:HK$326']"
全季酒店（東營東三路銀座廣場店）,9.7,"['高級大床房（加濕器+手機投屏）:HK$279', '商務大床房（加濕器+手機投屏）:HK$297', '高級雙床房（加濕器+手機投屏）:HK$297', '商務雙床房（加濕器+手機投屏）:HK$325']"
東營富力萬達嘉華酒店,9.4,"['豪華大床房（浴缸+金可兒床墊+Acca Kappa洗護用品）:HK$435', '豪華雙床房（浴缸+金可兒床墊+Acca Kappa洗護用品）:HK$435', '高級豪華大床房（悦享城景+浴缸+金可兒床墊）:HK$479', '高級豪華雙床房（悦享城景+浴缸+金可兒床墊）:HK$479', '親子雙床房（帳篷頂+搖搖馬+小童洗護用品）:HK$719', '親子大床房（帳篷頂+搖搖馬+小童洗護用品）:HK$719']"
東營璞際酒店（沃德中心店）,9.5,"['茶語大床房（全屋智控+零壓床墊+榻榻米茶座）:HK$333', '雅緻大床房（全屋智能客控+零壓床墊+枕頭+休閑茶具）:HK$359', '茶韻大床房（全屋智能客控+零壓床墊+枕頭+休閑茶具）:HK$384', '茶韻雙床房（全屋智能客控+零壓床墊+枕頭）:HK$384', '奢享大床房（全屋智能客控+零壓床墊+枕頭+休閑茶具）:HK$410']"
東營藍海御華大飯店,9.5,"['雅緻雙床房:HK$522', '高級單人間:HK$530', '雅緻大床房:HK$567', '荷里活大床房:HK$567', '豪華大床房:HK$620', '豪華雙床房:HK$620']"
東營百麗酒店（新世紀廣場金融港店）,9.6,"['物超所值雙床房【直飲純凈水機+按摩沙發+零壓記憶枕】:HK$219', '臻選標準雙床房【零壓枕+按摩沙發+智能客控】:HK$251', '健康負氧無煙房【清新負氧+直飲純凈水機+電視投屏】:HK$281', '臻選高級雙床房【星級布草+Mini冰箱+智能換膜馬桶】:HK$283']"
東營聚豐大酒店,9.5,"['高級豪華標準間:HK$272', '高級豪華大床房:HK$283', '行政電腦大床間:HK$293', '豪華大床間:HK$293', '豪華標準間:HK$293']"
怡程酒店,9.2,"['標準大床房:HK$257', '標準雙人間:HK$305', '高級大床房:HK$305', '豪華大床房:HK$315', '豪華雙床房:HK$334']"
全季酒店（東營金融港店）,9.6,"['高級大床房（小冰箱+手機投屏+加濕器+智能馬桶）:HK$253', '雙床房（小冰箱+手機投屏+加濕器+智能馬桶）:HK$271', '高級特大床房（小冰箱+手機投屏+加濕器+智能馬桶）:HK$271', '高級雙床房（小冰箱+手機投屏+加濕器+智能馬桶）:HK$288']"
全季酒店（東營東城店）,9.8,"['高級大床房:HK$257', '高級雙床房:HK$276', '舒壓-高級大床房:HK$276', '舒壓-高級雙床房:HK$294']"
東營百麗精品酒店（西城萬達廣場店）,9.6,"['温馨·榻榻米大床房【電視投屏＋智能客控＋靜謐安睡】:HK$158', '相濡以沫·水晶圓床房【電視投屏+浪漫滿屋+星級布草】:HK$169', '悠然自得·水床房【恆温水上懸浮床墊+電視投屏】:HK$169', '樂享·智能大床房【直飲純凈水機＋一次性馬桶轉膜】:HK$180']"
東營賓館,9.5,"['豪華雙床房:HK$424', '商務雙床房:HK$424', '豪華大床房:HK$446', '商務大床房:HK$446', '行政大床房:HK$468']"
全季酒店（東營河口海寧路店）,9.6,"['高級大床房:HK$305', '高級雙床房:HK$314', '商務大床房:HK$334', '商務雙床房:HK$344']"
凱里亞德酒店（東營勝利石油管理局店）,9.7,"['輕享大床房:HK$222', '樂享數碼大床房:HK$243', '樂享大床房:HK$259', '樂享雙床房:HK$268']"
東營藍海國際大飯店,9.2,"['高級標準間:HK$402', '高級單人間:HK$402', '商務特色房:HK$467', '商務標準間:HK$467', '豪華商務房:HK$543', '行政大床房:HK$587']"
東營西格爾輕奢酒店（勝利油田中心醫院銀座商城店）,9.6,"['惠享智能大床房【智能客控｜零壓床墊｜直飲純凈水機】:HK$227', '樂享智能雙床房【智能客控|零壓床墊|自動換膜馬桶】:HK$239', '樂享智能大床房【智能客控|零壓床墊|直飲純凈水機】:HK$252', '輕奢智能大床房【特大床|投屏電視|獨立辦公區】:HK$277', '浪漫情侶浴缸房【拍照出片|一次性浴缸套|浪漫泡泡浴】:HK$303']"
寶閣麗奢享酒店（東營墾利區繁華里店）,8.8,"['寶閣麗奢享大床房【全屋智能+喜臨門零壓床墊+小冰箱】:HK$261', '寶閣麗設計師大床房【全智能+零壓床墊+直飲機熱水 】:HK$283', '寶閣麗奢享雙床房【全屋智能+喜臨門零壓床墊+小冰箱】:HK$283', '寶閣麗設計師雙床【景觀落地窗+深度睡眠枕+五星級布草】:HK$293', '寶閣麗智享影音大床房【全智能+動感投影+落地窗】:HK$304']"
東營臨港普麗思酒店,9.4,"['精選大床房:HK$217', '精選雙床房:HK$229', '智選雙床房:HK$253', '智選大床房:HK$266']"
如家精選酒店（河口區政府海寧路店）,9.6,"['大床房:HK$202', '雙床房:HK$202', '高級大床房:HK$235', '高級雙床房:HK$235']"
東營勝利廣場東勝大廈酒店,9.4,"['智能豪華大床房:HK$396', '智能豪華雙床房:HK$396', '豪華雙床房:HK$398', '豪華大床房:HK$409', '商務大床房:HK$415', '夢百合零壓豪華雙床房:HK$428']"
漢庭優佳酒店（東營東城店）,9.4,"['大床房（手機投屏）:HK$138', '高級大床房（手機投屏）:HK$154', '雙床房（手機投屏）:HK$154', '豪華大床房（手機投屏）:HK$169']"
東營藍鑽酒店,9.2,"['高級雙床房:HK$221', '高級大床房:HK$221', '商務大床房:HK$287', '商務雙床房:HK$287']"
東營沃德SOHO酒店,9.5,"['輕奢大床房:HK$166', '豪華大床房:HK$202', '豪華雙床房:HK$228', '奢享套房:HK$311']"
東營神州大酒店,8.9,"['別墅式普通大床房-獨立墅區:HK$163', '普通大床房:HK$203', '別墅式豪華大床房-獨立墅區:HK$216', '豪華標準房:HK$230']"
圖米輕奢酒店,9.2,"['優享丨智能大床房:HK$196', '優享丨智能雙床房:HK$220', '樂享丨智能大床房:HK$245', '樂享丨智能雙床房:HK$253']"
東營墾利賓館,9.5,"['高級標準間:HK$162', '高級大床房:HK$194', '商務標準間:HK$200', '商務大床房:HK$211']"
如家精選酒店（東營金融港店）,9.6,"['大床房:HK$178', '雙床房:HK$178', '商務大床房:HK$188', '高級雙床房:HK$196']"
客舍美學酒店,10.0,"['精品大床房:HK$267', '豪華雙床房:HK$287', '睿選豪華大床房:HK$287', '臻選觀景大床房:HK$295']"
維也納酒店（東營東城萬達廣場店）,9.3,"['高級大床房【電視投屏+深睡床墊+品牌洗護】:HK$230', '豪華大床房【電視投屏+深睡床墊+品牌洗護】:HK$260', '豪華雙床房【電視投屏+深睡床墊+品牌洗護】:HK$269', '商務大床房【智能客控+電視投屏+深睡床墊+品牌洗護】:HK$280']"
東營河口賓館,9.2,"['無窗大床房:HK$183', '特惠智能雙床房:HK$204', '智能大床房:HK$308', '智能雙床房:HK$308', '高級雙床房:HK$370']"
漢庭酒店（東營東城眾成和頤新城店）,10.0,"['高級大床房:HK$197', '豪華雙床房:HK$206', '豪華大床房:HK$206', '家庭房:HK$265']"
柏曼酒店（東營光谷未來城店）,9.4,"['商務大床房:HK$163', '商務雙床房:HK$183', '家庭雙床房:HK$199', '高級大床房:HK$218']"
尚巢智慧酒店（東營區店）,9.5,"['特惠大床房（智能客控）:HK$206', '零壓-精選大床房（智能客控+夢百合床墊）:HK$229', '精選大床房（語音控制系統）:HK$230', '精選雙床房（語音控制系統）:HK$234', '商務套房（智能客控+智能馬桶+小冰箱）:HK$318']"
東營會客廳酒店（東城萬達廣場店）,9.6,"['特惠大床房:HK$163', '精品大床房（睡眠級別棉布草+品質床品）:HK$174', '精品雙床房（睡眠級別棉布草+品質床品）:HK$174', '高級大床房（睡眠級別棉布草+手機投屏+無線充）:HK$196']"
東營皇冠假日酒店,9.6,"['高級大床房:HK$446', '高級雙床房:HK$446', '高級房:HK$446', '高級大床房湖景:HK$494', '高級雙床房湖景:HK$494', '高級大床湖景行政房:HK$653']"
漢庭酒店（東營墾利振興路店）,9.7,"['高級大床房:HK$157', '豪華大床房:HK$166', '高級雙床房:HK$175', '商務套房:HK$210']"
東營仙河太璞酒店,9.4,"['特惠大床房:HK$224', '全智能商務舒適大床房+助眠床墊:HK$280', '全智能商務舒適雙床房+助眠床墊:HK$334', '全智能豪華專享大床房:HK$334']"
歸靜雅居民宿（墾利黃河口鎮店）,9.4,"['舒適大床房:HK$334', '精緻大床房:HK$380', '精緻雙床房:HK$380', '親子雙床房:HK$464']"
京苑雲科酒店,9.2,"['輕享丨特惠大床房:HK$160', '輕享丨 特惠雙床房:HK$160', '輕享丨舒睡雙床房:HK$169', '輕享丨舒睡大床房:HK$169']"
東營藍海新悦大飯店,8.8,"['藍鑽大床房:HK$163', '藍鑽標準間:HK$163', '商務大床房:HK$262', '商務標準間:HK$294', '豪華大床房:HK$349']"
東營風華國際酒店,8.9,"['雅緻雙床房:HK$262', '雅緻大床房:HK$285', '豪華雙床間:HK$296', '豪華大床間:HK$317']"
東營藍海西城賓館,9.1,"['荷里活大床房:HK$185', '豪華標準間-內窗:HK$185', '豪華大床房:HK$217', '普通標準間:HK$244']"
雲端電競酒店（東營萬達廣場店）,9.4,"['暢享電競大床房【4060Ti-32G-2K-萬兆網絡】:HK$195', '電競棋牌娛樂大床房【4060Ti-32G-2K-萬兆網絡 】:HK$234', '尊享電競大床房【4060Ti-32G-2K-萬兆網絡】:HK$242', '尊享電競雙床房【4060Ti-32G-2K-萬兆網絡】:HK$242']"
東營如家驛禾酒店（西三路樂活城購物廣場店）,9.4,"['商務大床房A【舒睡空間+電視投屏】:HK$121', '雙床房【共享洗衣+舒睡空間】:HK$132', '高級大床房【零壓舒睡+遼闊視野】:HK$143', '高級雙床房:HK$153']"
摩爾電競酒店,9.1,"['太空艙雙人間[i711代+32G內存+3070顯卡+2.5G高速網卡]全屋智能:HK$209', '電競大床房[i711代+32G內存+3070顯卡+2.5G高速網卡]全屋智能:HK$211', '電競雙床房[i711代+32G內存+3070顯卡+2.5G高速網卡]全屋智能:HK$211', '電競女主播間[i711代+32G內存+3070顯卡+2.5G高速網卡]全屋智能:HK$211']"
東營國際人才中心（光谷未來城技師學院店）,9.6,"['標準大床房:HK$141', '標準雙床房:HK$152', '家庭雙床房:HK$164', '行政大床房:HK$173']"
漢庭酒店（東營北二路店）,9.7,"['高級大床房:HK$169', '豪華大床房:HK$177', '豪華雙床房:HK$194', '家庭房:HK$210']"
