酒店名称,评分,房型价格列表
麗楓酒店（梧州市政廣場店）,9.4,"['高級大床房（慕思深度睡眠｜記憶棉枕｜50寸大投屏｜藍牙音樂｜香薰儀｜空氣凈化器）:HK$267', '豪華大床房（慕思深度睡眠｜記憶棉枕｜50寸大投屏｜藍牙音樂｜香薰儀｜空氣凈化器）:HK$278', '豪華雙床房（慕思深度睡眠｜記憶棉枕｜50寸大投屏｜藍牙音樂｜香薰儀｜空氣凈化器）:HK$284', '商務大床房（慕思深度睡眠｜記憶棉枕｜50寸大投屏｜藍牙音樂｜香薰儀｜空氣凈化器）:HK$297']"
宜尚酒店（梧州旺城廣場店）,9.5,"['標準大床房（龍母廟觀景+大空間+輕奢北歐風）:HK$289', '標準雙床房（陽光通透+大空間+輕奢北歐風）:HK$289', '豪華大床房（寬敞舒適+輕尚北歐風格+樂享靜謐睡眠）:HK$320', '豪華雙床房（陽光通透+大空間+輕尚北歐風格+靜謐舒適雙床）:HK$320', '城景大床房（龍母廟觀景+功夫茶具+樂享靜謐睡眠）:HK$335']"
柏曼酒店（梧州騎樓城店）,9.2,"['高級大床房（龍母廟景觀+陽光滿屋+靜謐空間+0壓棉記憶枕）:HK$237', '高級雙床房（親膚床品+深度好眠+陽光滿屋）:HK$254', '豪華大床房（一窗一風景+親膚床品+靜謐空間+深度好眠）:HK$270', '江景雙床房（靜謐空間+深度好眠+0壓棉記憶枕）:HK$286', '江景大床房（俯瞰江景+Mini冰箱+深度好眠+親膚床品）:HK$303']"
雅斯特國際酒店（梧州長洲區政府沃爾瑪廣場店）,9.2,"['雅緻大床房｜智能客控｜乾濕分離｜寬敞房間｜休閑桌:HK$294', '高級大床房｜智能客控｜乾濕分離｜寬敞房間｜休閑沙發:HK$316', '高級套房｜智能客控｜乾濕分離｜寬敞房間｜休閑沙發:HK$414']"
怡程酒店（梧州市政廣場店）,9.4,"['標準大床房（空間温馨+零壓深睡枕）:HK$319', '高級大床房（陽光滿室+一鍵投屏+網紅化粧鏡）:HK$335', '高級雙床房（東方元素+悠享辦公+閑暇品茗「功夫茶」+一鍵投屏+網紅化粧鏡）:HK$343', '豪華大床房（大空間+180°市政景觀+一鍵投屏+化粧鏡）:HK$350', '豪華雙床房（大空間+靜逸閑暇+一鍵投屏+網紅化粧鏡）:HK$359']"
全季酒店（梧州市政廣場店）,9.6,"['高級大床房:HK$351', '高級雙床房:HK$371', '商務大床房:HK$381', '商務雙床房:HK$391', '舒壓高級大床房:HK$411']"
柏納酒店（梧州市政廣場店）,9.5,"['高級大床房（智能客控+記憶棉枕+滿滿中式尊貴風）:HK$196', '高級雙床房（超大視野+迷人城景+滿滿中式尊貴風）:HK$206', '商務大床房（現代中式風+超大空間+滿滿中式尊貴風）:HK$228', '商務雙床房（辦公桌面+深度好眠+滿滿中式尊貴風）:HK$238']"
雅斯菲爾酒店（梧州高鐵南站店）,9.8,"['清雅大床房：智能客控|藍牙音箱|55寸大電視:HK$327', '尊享大床房：智能客控|藍牙音箱|55寸大電視|落地大窗:HK$370', '尊享雙床房：智能客控|藍牙音箱|55寸大電視|落地大窗:HK$370', '觀景大床房：智能客控|藍牙音箱|55寸大電視|落地大窗:HK$403']"
梧州麗港酒店（騎樓城店）,8.9,"['山景商務雙人房（主樓）:HK$218', '山景商務大床房:HK$218', '江景商務雙人房:HK$273', '江景商務大床房:HK$273', '山景商務大床套房:HK$288']"
梧州江濱國際大酒店,9.3,"['高級大床房（1號樓）:HK$371', '高級雙床房（1號樓）:HK$371', '商務雙床房（2號樓）:HK$473', '商務大床房（2號樓）:HK$473', '豪華雙床房（2號樓）:HK$515']"
麗景酒店（騎樓城三總府店）,8.7,"['江景大床房:HK$216', '山景雙床房:HK$216', '豪華江景大床房:HK$274', '豪華山景雙床房:HK$274']"
來往時尚酒店（梧州騎樓城旺城廣場店）,9.4,"['特惠大床房:HK$166', '標準大床房:HK$181', '豪華大床房:HK$197', '標準雙人房:HK$197']"
城市便捷酒店（梧州太陽廣場萬達店）,9.0,"['標準雙人房（房間舒適安靜 | 親膚棉品 | 乾濕分離）:HK$160', '豪華大床房（舒適大沙發 | 寬敞明亮 | 乾濕分離 ）:HK$168', '標準大床房（房間安靜舒適 | 乾濕分離 | 親膚棉品）:HK$176', '高級雙床房（採光視野好 | 乾濕分離 | 親膚棉品）:HK$183']"
柏曼酒店（梧州玫瑰湖公園店）,9.8,"['舒適大床房（清新空氣循環+靜謐空間+0壓棉記憶枕）:HK$181', '標準大床房（陽光滿屋+靜謐空間+0壓棉記憶枕）:HK$213', '高級大床房（陽光滿屋+靜謐空間+0壓棉記憶枕）:HK$243', '高級雙床房（一線江景+靜謐空間+0壓棉記憶枕）:HK$249']"
麗楓酒店（梧州高鐵南站蒼海公園店）,9.4,"['雅緻大床房（智能客控|慕思深度睡眠|記憶棉枕|藍牙音響|55寸電視）:HK$263', '豪華大床房（智能客控|慕思深度睡眠|記憶棉枕|藍牙音響|55寸電視）:HK$280', '豪華雙床房（智能客控|慕思深度睡眠|記憶棉枕|藍牙音響|55寸電視）:HK$288', '商務大床房（雅緻茶具|智能客控記憶棉枕）:HK$296']"
皇悦大酒店（梧州騎樓城店）,8.9,"['悦享經濟大床房:HK$191', '悦享圓床房:HK$203', '悦享經濟雙床房:HK$205', '悦享街景大床房:HK$215']"
維納斯國際酒店（梧州店）,9.6,"['山景雙床房（靜謐+北歐簡風）:HK$270', '山景大床房（舒適環境+高樓+北歐簡風）:HK$281', '豪華雙床房（寬廣空間+高樓+北歐簡風）:HK$301', '豪華大床房（寬廣空間+高樓+北歐簡風）:HK$322']"
維也納酒店（梧州騎樓城店）,9.3,"['標準單人房:HK$236', '愉夢大床房（舒適環境+休閑安靜）:HK$247', '愉夢雙床房（舒適環境+休閑安靜）:HK$247', '豪華大床房（舒適環境+陽光通透）:HK$279']"
麗楓酒店（梧州店）,9.4,"['豪華大床房（慕思深度睡眠+智能藍牙音樂+空氣凈化器+智能窗簾）:HK$248', '豪華雙床房（慕思深度睡眠+智能藍牙音樂+空氣凈化器+智能窗簾）:HK$258', '商務大床房（慕思深度睡眠+智能藍牙音樂+空氣凈化器+香薰儀）:HK$268', '商務雙床房（慕思深度睡眠+智能藍牙音樂+空氣凈化器+香薰儀）:HK$280']"
維也納3好酒店（梧州潘塘店）,9.4,"['高級大床房:HK$199', '高級雙床房:HK$208', '商務大床房（視野採光好）:HK$219', '商務雙床房（視野採光好&安靜舒適）:HK$229']"
雲山民宿（梧州白雲山風景區店）,9.9,"['雲紗拂月·山頂大床房（靜謐空間+加厚床墊+深度睡眠）:HK$435', '雲棲攬月·山頂雙床房（靜謐空間+加厚床墊+深度睡眠）:HK$435', '自駕登山·雲山套房（大視野+靜木茶語+獨享靜謐隱域）:HK$562']"
維納斯皇家酒店（梧州三祺城玫瑰湖公園店）,9.3,"['【大吉大利】標準大床房:HK$292', '【心想事成】標準雙床房=怡夢之床:HK$292', '【福運連連】高級雙床房=怡夢之床:HK$325', '【萬事如意】影音大床房=超大幕布電影+怡夢之床:HK$325', '【蛇年大旺】豪華大床房=怡夢之床:HK$325']"
柏曼酒店（梧州學院富民路店）,9.2,"['標準大床房:HK$189', '標準雙床房:HK$189', '高級大床房:HK$216', '高級雙床房:HK$223']"
華悅電競酒店,9.5,"['星際穿梭大床房（4060+2K+13代i5+血手+冰箱+洗衣機）:HK$205', '青春不散場雙床房（4060+2k+13代i5）:HK$216', '超凡榮耀大床房（4060+2k+13代i5++冰箱+洗衣機）:HK$227', '決勝千里雙床房（4060+2k+血手+13代i5+冰箱+洗衣機）:HK$238']"
柏曼酒店（梧州市政廣場店）,9.1,"['標準大床房（舒適辦公｜記憶枕頭）:HK$236', '高級大床房（舒適辦公｜可投屏電視）:HK$267', '高級雙床房（寬敞明亮｜記憶枕頭）:HK$267', '城景大床房（真空靜音窗户｜可投屏電視）:HK$283']"
錢山民宿（梧州萬秀店）,9.1,['山頂別墅17棟（三室一廳）:HK$660']
雅斯特酒店（梧州市政廣場店）,9.4,"['雅緻大床房（智能客控+0壓床墊+現代典雅風格）:HK$228', '高級大床房（小度智能客控）:HK$272', '高級雙床房（智能客控+公園外景+0壓床墊）:HK$283', '豪華大床房（智能客控+公園外景+0壓床墊+空間寬敞）:HK$283']"
KK電競酒店（梧州市政廣場店）,9.8,"['KK-電競大床房【4060+240HZ+1K+13代I5+血手外設】:HK$223', '榮耀-電競大床房【4060+1K+240Hz+13代I5+血手外設】:HK$264', '酷玩-電競雙床房【4060+240HZ+1K+13代i5+血手外設+酒店公區提供洗衣房】:HK$285', '泰坦·電競雙床房【27寸外星人+4070+1K+360HZ+13代i7+血手外設+酒店公區提供洗衣房】:HK$316']"
城市便捷酒店（梧州高鐵南站蒼海公園店）,9.3,"['標準大床房:HK$214', '商務大床房:HK$228', '商務雙床房:HK$228', '高級大床房:HK$239']"
維也納酒店（梧州南寧百貨高鐵南站店）,9.2,"['高級大床房（釋壓絨枕+高清電視+辦公桌）:HK$199', '高級雙床房（釋壓絨枕+高清電視+辦公桌）:HK$214', '豪華大床房（深度好眠+超大空間+高清電視+辦公桌）:HK$238', '豪華雙床房（深度舒眠+超大空間+高清電視+辦公桌）:HK$238']"
柏蔓酒店（梧州三祺城玫瑰湖公園店）,9.2,"['標準大床房（安靜秒睡記憶枕+親膚舒適床品）:HK$225', '高級雙床房（陽光通透+舒適床品+商務辦公桌椅）:HK$255', '高級大床房（梳粧全身鏡+舒適沙發+商務辦公桌椅）:HK$263', '豪華大床房（安靜秒睡記憶枕+舒適沙發+精緻茶具）:HK$289']"
城市便捷酒店（梧州市政廣場店）,9.3,"['標準大床房（智能客控｜記憶枕頭｜手機投屏）:HK$228', '標準影院大床房（智能客控｜超高清投影VIP大屏｜舒適安靜）:HK$236', '高級大床房（智能客控｜悠享辦公｜手機投屏）:HK$252', '高級雙床房（智能客控｜悠享辦公｜手機投屏）:HK$252']"
宜尚酒店（梧州高鐵南站蒼海公園店）,9.6,"['標準大床房II城市街景+北歐輕奢風格:HK$216', '標準雙床房II自然採光+輕北歐温馨空間:HK$229', '高級大床房II自然採光+寬敞安靜舒適:HK$236', '高級雙床房II城市街景+輕北歐温馨空間:HK$250']"
騎樓城大酒店（梧州騎樓城景區店）,9.0,"['特惠大床房:HK$205', '特惠雙床房:HK$274', '豪華大床房:HK$287', '豪華親子雙床房:HK$300']"
雅斯特酒店（梧州龍湖廣場店）,8.8,"['高級大床房:HK$216', '雅緻大床房（無窗）:HK$218', '觀景大床房:HK$228', '高級雙床房:HK$240']"
精選酒店（梧州市政廣場店）,9.3,"['特惠大床房:HK$171', '標準大床房:HK$195', '豪華大床房:HK$220', '豪華雙床房:HK$232']"
18韻·精品酒店（梧州學院富民路店）,9.5,"['韻享·逸夢大床房:HK$145', '韻享·逸夢雙床房:HK$201', '韻享·逸景雙床房:HK$215', '韻享.逸景大床房:HK$236']"
小時候民宿（騎樓城店）,9.3,"['三房四床觀景投影房2801:HK$444', '白雲山腳江景智能三房一廳:HK$451', '白雲山投影智能客控三房1503:HK$470', '四房五床家庭套房1102:HK$761']"
18韻雅緻酒店（梧州騎樓城店）,9.2,"['安療靜心大床房:HK$176', '安療靜心雙床房:HK$200', '豪華園景大床房:HK$211', '豪華園景雙床房:HK$223']"
泊客酒店（梧州騎樓城店）,9.5,"['精緻大床房（乳膠床墊+舒適睡眠+酒店提供自助洗衣房）:HK$347', '精緻雙床房（乳膠床墊+貢緞床品+酒店提供自助洗衣房）:HK$358', '棋牌三人套房（乳膠床墊+舒適睡眠+酒店提供自助洗衣房）:HK$430']"
梧州金龍萬濠酒店（市政廣場十五中店）,9.5,"['優選大床房:HK$218', '優選雙床房:HK$229', '中式大床房:HK$240', '中式雙人房:HK$252']"
梧州品頤酒店（百盛購物中心玫瑰湖公園店）,9.2,"['逸品高級大床房【0壓床墊+親膚床品】:HK$201', '漫品高級雙床房【0壓床墊+親膚床品】:HK$201', '儒品豪華大床房【0壓床墊+親膚床品】:HK$238', '臻品豪華雙床房【0壓床墊+親膚床品】:HK$238']"
城市便捷酒店（梧州騎樓城店）,9.3,"['特惠大床房:HK$163', '標準大床房:HK$177', '高級雙床房:HK$177', '高級大床房:HK$194']"
格美酒店（梧州站三祺城店）,9.3,"['高級舒適大床房（解壓床墊+乾濕分離+靜享舒適）:HK$202', '高級舒適雙床房（安靜舒適+65寸智能電視）:HK$202', '景觀大床房（輕奢極簡+俯瞰景色）:HK$235', '景觀雙床房（簡約時尚+LED化粧鏡）:HK$235']"
18韻·精品温泉酒店（旺城廣場店）,8.8,"['半山茶韻活泉圓床房（榻榻米茶台）:HK$140', '城景雅緻活泉圓床房（榻榻米茶台）:HK$151', '城景浪漫優享房:HK$161', '城景雅緻活泉雙床房（榻榻米茶台）:HK$172']"
VES電競酒店（梧州南寧百貨高鐵南站店）,9.1,"['特惠電競大床房:HK$208', '激戰電競雙人房:HK$208', '至尊電競大床房:HK$240', '電競三人房:HK$271']"
維也納酒店（梧州三龍大道人民醫院店）,9.2,"['標準大床房（康萊思深度睡眠+超大空間）:HK$183', '浪漫大床房（康萊思深度睡眠+落地玻璃+超大空間）:HK$198', '高級大床房（康萊思深度睡眠+超大空間）:HK$208', '高級雙床房（康萊思深度睡眠+超大空間）:HK$220']"
格菲酒店（梧州高鐵南站蒼海公園店）,9.2,"['特色大床房（自然採光｜睡眠床墊｜城市街景）:HK$226', '商務大床房（50寸電視｜自然採光｜睡眠床墊）:HK$234', '智能雙床房（50寸電視｜智能客控｜睡眠床墊）:HK$252', '智能大床房（智能客控｜睡眠床墊｜城市街景）:HK$252']"
梧州芳草渡山水主題酒店,9.7,"['禪意雙人間:HK$351', '精緻大床房:HK$351', '休閑套房:HK$397']"
千悦美宿酒店（梧州三祺城店）,9.3,"['雲夢閣—山景大床房:HK$250', '靜雅居—安靜高雅大床房:HK$334', '雲舍—標準雙床房:HK$352', '雲澗山景房:HK$371']"
