酒店名称,评分,房型价格列表
楚雄梵音溪舍（彝人古鎮景區店）,9.7,"['碧落·華曦大床房·智能客控·舒達床墊:HK$231', '扶光·溪畔雙床房·智能客控·舒達床墊:HK$242', '春醒·陽光大床房·智能客控·舒達床墊:HK$270', '温暖小茶家庭房·智能客控·舒達床墊:HK$299']"
楚雄都市華庭酒店（龍江公園店）,9.5,"['優享城景大床房（零壓床墊+語音智控）:HK$228', '優享城景雙床房（零壓床墊+語音智控）:HK$228', '臻享城景雙床房（零壓床墊+語音智控+Mini吧）:HK$246', '城景親子雙床房（零壓床墊+語音智控）:HK$256', '城景棋牌雙床房（零壓床墊+智控+巨幕投影）:HK$275']"
楚雄曼格酒店（彝人古鎮景區店）,9.4,"['星空大床房（古鎮風光+深眠床墊+智能客控）:HK$239', '星空雙床房（古鎮風光+深眠床墊+智能客控）:HK$239', '悦風大床房（古鎮風光+深眠床墊+智能客控）:HK$278', '悦風雙床房（古鎮風光+深眠床墊+智能客控）:HK$278', '雲景大床房（古鎮風光+浴缸+智控+深眠床墊）:HK$328']"
藝龍瑞雲酒店（楚雄昆百大楚悦廣場店）,9.5,"['藝宿特惠大床房（全屋智能+極米投影+零壓床墊+記憶枕+乾濕分離）:HK$203', '藝宿特惠雙床房（全屋智能+極米投影+零壓床墊+記憶枕+乾濕分離）:HK$203', '藝宿電競大床房（零壓床墊+記憶枕+乾濕分離+冰箱）:HK$215', '藝宿電競雙床房（零壓床墊+記憶枕+乾濕分離+冰箱）:HK$215']"
楚雄永興大酒店,9.5,"['輕奢商務標間:HK$239', '輕奢商務單間:HK$239', '輕奢行政標間:HK$258', '輕奢行政單間:HK$258', '豪華行政單間:HK$333']"
歸隱拾光·Holiday Villa影音智享度假美宿（楚雄彝人古鎮景區店）,9.7,"['歸隱·影院大床房｜免.費停車+全房型智能客控+4K巨幕投影+零壓床墊+星.級床品+恆温花灑+智能馬桶+雙層隔音玻.璃+小冰箱:HK$247', '晴眉·ins度假雙床房｜小度全屋智控+4K百寸巨幕+小冰箱+恆温花灑+智能馬桶:HK$247', '塵外·靜謐大床房｜庭院景觀+小度全屋智控+4K高清巨幕+恆温花灑+智能馬桶+小冰箱:HK$259', '月上·親子度假家庭房｜4K家庭影院+小度全屋智控+小冰箱+恆温花灑+智能馬桶:HK$271']"
楚雄遠達彝海國際度假酒店,9.6,"['舒適大床房（海派風格+悠然城景+深眠床墊）:HK$369', '舒適雙床房（海派風格+悠然城景+深眠床墊）:HK$369', '景觀大床房（海派風格+深眠床墊）:HK$397', '景觀雙床房（海派風格+深眠床墊）:HK$397', '豪華大床房（海派風格+悠然城景+深眠床墊）:HK$416', '豪華雙床房（海派風格+悠然城景+深眠床墊）:HK$416']"
楚雄雲想容藝宿民宿（彝人古鎮景區店）,9.5,"['雲想容·「輕雲伴」大床房 | 全屋智能:HK$182', '東臨【悠享雙床房 】 全屋智能:HK$193', '電競大床房:HK$199', '花塢樽前【觀景大床房】｜全屋智能:HK$220']"
格林豪泰（楚雄彝人古鎮店）,9.2,"['投影大床房:HK$221', '優享雙床房:HK$221', '舒眠零壓大床房:HK$241', '舒眠零壓雙床房:HK$241']"
院裏院外酒店（楚雄彝風濕地文旅小鎮高鐵站店）,9.3,"['高級大床房:HK$239', '豪華雙床房:HK$239', '豪華大床房:HK$257', '商務大床房:HK$276']"
楚雄雲端大酒店,9.8,"['悦享.舒適大床房:HK$205', '悦享.舒適雙床房:HK$205', '輕奢.豪華大床房:HK$205', '輕奢.豪華雙床房:HK$220', '雅緻.榻榻米雙床房:HK$220']"
楚雄錦星酒店,9.4,"['精品雙床房:HK$204', '豪華雙床房:HK$255', '豪華大床房:HK$275', '行政雙床房:HK$324', '行政大床房:HK$324']"
楚雄璽悦酒店（彝海公園店）,9.3,"['舒適大床房:HK$214', '商務大床房:HK$268', '行政大床房:HK$289', '行政雙床房:HK$289', '景觀雙床房:HK$324']"
楚雄彝海公園亞朵X酒店,9.6,"['雅緻大床房:HK$330', '高級大床房:HK$349', '高級雙床房:HK$390', '行政雙床房【深睡記憶枕+全屋智能+小冰箱】:HK$452', '行政大床房【深睡記憶枕+全屋智能+小冰箱】:HK$452']"
楚雄外星人度假酒店（彝海公園沙灘店）,9.9,"['素雅大床房[全屋小度智控+智能馬桶帶洗烘+VIP影視]:HK$189', '閑適大床房 [120寸大投影+全屋智能控客+零壓床墊]:HK$215', '逸緻景觀大床房[120寸投影+VIP影視+智能馬桶帶洗烘]:HK$228', '悠然景觀雙床房[小度智控+120寸大投影+乾濕洗三分離]:HK$254']"
楚雄夢菲斯藝宿酒店（彝人古鎮店）,9.6,"['素月邀眠丨覓境·觀景雙床房（零壓床墊+智能客控）:HK$179', '溪上枕眠丨花前飲·觀景智能大床房（零壓床墊+智能客控）:HK$187', '長相思丨相見歡·輕奢大床房（零壓床墊+智能客控）:HK$200', '同堂樂丨縱享時光·家庭房（零壓床墊+智能客控）:HK$212']"
楚雄希克酒店（彝人古鎮店）,9.5,"['舒雅軒雙床房【語音智控+零壓床墊】:HK$272', '舒雅軒大床房【語音智控+零壓床墊】:HK$272', '臻享行政大床房【語音智控+零壓床墊】:HK$327', '臻享行政雙床房【語音智控+零壓床墊】:HK$338', '臻享棋牌雙床房【語音智控+零壓床墊】:HK$354']"
楚雄汀禾澗緣宿（彝人古鎮景區店）,9.2,"['汀-Atease·自在 ▎優選大床房【全屋智能+家庭影院】:HK$290', '澗-Comfortable·舒暢丨暖心大床房（全屋智能+家庭影院）:HK$334', '禾-Pleasure·愉悦丨大床房（全屋智能+家庭影院）:HK$382', '緣-melting 心融 ▎優享雙床房【全屋智能＋VIP影院】:HK$382']"
楚雄星辰酒店（彝人古鎮景區高鐵站店）,9.8,"['特惠大床房:HK$186', '豪華院景套房:HK$186', '雅享院景雙床房:HK$197', '院景大床房:HK$197']"
楚雄東寶酒店,9.6,"['輕享雙床特惠房:HK$232', '輕享大床特惠房:HK$279', '商務豪華雙床房:HK$305', '行政豪華雙床房:HK$325', '豪華大床房:HK$349']"
楚雄雲鼎大酒店（彝人古鎮店）,9.5,"['悦享輕奢大床房（智能客控+家庭影院）:HK$165', '雅享景觀大床房（智能客控+家庭影院）:HK$177', '悦享輕奢雙床房（智能客控+家庭影院）:HK$184', '樂享童趣親子房（智能客控+家庭影院）:HK$205']"
隱石温泉花園酒店,9.4,"['舒適雙人間（帶小冰箱+乾濕分離）:HK$210', '豪華大床房（寵物友好+帶露台）:HK$249', '豪華雙床房（寵物友好+帶露台）:HK$249', '舒適三人房（寵物友好+乾濕分離）:HK$260', '複式大床套房（寵物友好+帶露台）:HK$260']"
楚雄建華國際大酒店,9.2,"['花園雙床特價房:HK$195', '花園雙床房:HK$228', '豪華雙床房:HK$261', '童趣主題雙床房（小帳篷+毛絨玩具）:HK$261', '浪漫主題房:HK$272']"
楚雄玉華酒店,9.4,"['豪華市景雙床房:HK$240', '豪華市景大床房:HK$240', '金尊雙床房:HK$268', '金尊大床房:HK$268', '親子主題房:HK$304']"
大江映雪酒店（楚雄高鐵站店）,9.6,"['園景影院大床房（智能客控）:HK$288', '180度觀景大床房:HK$332', '園景影院雙床房（智能客控）:HK$344', '花園景觀大床房（智能客控）:HK$344']"
楚雄雲棲藝宿（彝人古鎮景區高鐵站店）,9.6,"['院景·花園大床房（智能客控投影|0壓枕|乾濕分離）:HK$206', '院景·花園雙床房（智能客控投影|0壓枕|乾濕分離）:HK$256', '暖居·浴缸大床房（智能客控投影|0壓枕|乾濕分離）:HK$299', '晚霞·棋牌loft（智能客控投影|0壓枕|乾濕分離）:HK$301']"
維也納國際酒店（楚雄瑞特店）,9.3,"['景觀大床房:HK$270', '景觀雙床房:HK$270', '親子雙床房:HK$270', '商務雙床房:HK$286', '行政大床房:HK$310']"
漢庭酒店（楚雄政務中心雄寶路店）,9.7,"['大床房【零壓床墊|投屏電視】:HK$215', '高級大床房【零壓床墊|投屏電視】:HK$233', '商務雙床房【零壓床墊|投屏電視|小童洗漱用品】:HK$233', '商務大床房【零壓床墊|投屏電視|小童洗漱用品】:HK$252']"
憬悦酒店（兆順第一城店）,9.3,"['特色圓床房:HK$125', '精緻大床房:HK$133', '精緻雙人間:HK$136', '精品浴缸大床房:HK$152']"
春爾曼民宿酒店（彝人古鎮店）,9.6,"['別野|私享浴缸大床房:HK$210', '半藏|財神到棋牌套房:HK$220', '去隱|奢享大床房:HK$280', '晨曦|優選雙床房:HK$281']"
楚雄築溪酒店（彝人古鎮店）,9.6,['景觀棋牌大床房（舒達床墊+智控+茶吧+浴缸）:HK$524']
谷溪別苑HOMESTAY酒店（楚雄彝人古鎮店）,9.9,"['雲上·雅緻大床房|全屋智控+恆温花灑+舒達零壓床墊:HK$214', '溪下·甄選大床房|全屋智控+4k極米投影+舒達零壓床墊:HK$227', '松林·逸緻大床房|全屋智控+4k極米投影+舒達零壓床墊:HK$252', '清風·甄選雙床房|全屋智控+4k極米投影+舒達零壓床墊:HK$252']"
楚雄金色天華酒店（楚雄站彝人古鎮店）,9.4,"['彝族庭院-高級雙床房【安靜舒適.網紅庭院.日落山景】:HK$162', '彝族庭院-高級大床房【休閑度假.網紅庭院.舒適辦公.日落山景】:HK$173', '跑來跑去-親子房【網紅庭院.安靜私密.山景.】:HK$173', '彝族庭院-山景陽台大床房【休閑陽台.日落山景.安靜舒適】:HK$183']"
楚雄時代酒店,8.9,"['優享舒適雙床房:HK$301', '優享怡景大床房:HK$318', '尊享雅緻雙床房:HK$336', '尊享怡景大床房:HK$368']"
外星人電競酒店（楚雄彝海公園店）,10.0,"['電競特惠大床房|AW2724DM一台|4070顯卡|240HZ|32G:HK$193', '電競影音海景大床房|AW2724DM1台|4070顯卡|240HZ|32G|:HK$228', '電競花園景觀雙床房|2台|AW2724DM|RTX4070|32G|240HZ|:HK$228', '豪華電競影音海景大床房|1台電腦5070Ti高端顯卡|280HZ:HK$263']"
半城輕奢庭院（ 楚雄彝人古鎮店）,9.6,"['素雅中式雙床房:HK$204', '素雅中式大床房:HK$208', '素雅中式套房:HK$267', '素雅中式親子房:HK$274']"
楚雄予舍美宿酒店（彝人古鎮店）,9.7,"['精緻院景雙床房（投影+智控+零壓床墊）:HK$222', '雅奢院景大床房（投影/電視+智控+零壓床墊）:HK$235', '雅奢院景雙床房（投影+智控+零壓床墊）:HK$259', '院景榻榻米大床房（投影+智控+零壓床墊）:HK$260']"
楚雄瀾辰酒店（彝海社區店）,9.5,"['悦瀾·輕居雙床房（全智能語音客控）:HK$303', '景瀾·雅居大床房（全智能語音客控）:HK$329', '景瀾·雅居雙床房:HK$342', '瀾庭·花園親子房（全智能語音客控）:HK$518', '天瀾·景觀商務套房（全智能語音客控）:HK$708']"
楚雄朵木•彝浴度假酒店（彝海公園店）,8.8,"['風棲雙床房:HK$155', '鹿鳴雙床房:HK$166', '龍川大床:HK$168', '松澗大床房:HK$190']"
楚雄海悦文華温德姆花園酒店,9.5,"['豪華雙床房:HK$386', '豪華大床房:HK$425', '尊享大床房:HK$476', '海悦豪華大床房:HK$529', '海悦豪華套房:HK$850']"
楚雄文鼎酒店,9.6,"['商務標間:HK$248', '商務單間:HK$248', '行政標間:HK$282', '行政單間:HK$325']"
楚雄雲華酒店,8.6,"['普通單間:HK$216', '普通標間:HK$227', '商務單間:HK$284', '豪華標間:HK$287', '套房:HK$470']"
楚雄一期一會客棧,9.5,"['一期一會·執一人温馨陽台大床房:HK$138', '一期一會·朝夕間特價精緻大床房:HK$148', '一期一會·彈指間日式榻榻米大床房:HK$148', '一期一會·念一人精品壁爐陽台大床房:HK$158']"
漢庭酒店（楚雄彝人古鎮店）,9.6,"['大床房【小童洗漱用品 | 電視投屏】:HK$187', '雙床房（小童洗漱用品、電視投屏、家庭出遊）:HK$205', '高級大床房【小童洗漱用品 | 電視投屏】:HK$215', '商務雙床房（小童洗漱用品、電視投屏、家庭出遊）:HK$224']"
楚雄·豁了院子酒店,9.4,"['古樸特惠大床房:HK$264', '古雅院景大床房:HK$291', '古香院景雙床房:HK$317', '古馨院景親子雙床房:HK$367']"
楚雄雲水逸酒店（彝人古鎮景區店）,9.5,"['清新素雅大床房:HK$262', '雲水精選雅緻大床房（高清巨幕投影+支持投屏）:HK$262', '陽光舒適大床房（高清巨幕投影+支持投屏）:HK$262', '觀景豪華大標間:HK$321']"
楚雄美嘉酒店,9.6,"['愉夢大床房:HK$183', '精緻雙床房:HK$183', '温馨家庭房:HK$254']"
雲上四季尚品酒店（楚雄昆百大楚悅廣場店）,9.4,"['雙床房:HK$154', '商務大床房:HK$154', '家庭房:HK$162', '尚品商務大床房:HK$178']"
楚雄芸夢灣客棧,8.6,"['雲尚逸緻新中式大床房（智能客控+家庭影院）:HK$143', '雲景陽光清新大床房（智能客控+家庭影院）:HK$143', '雲朵恬靜精緻院景房（智能客控+家庭影院）:HK$155', '雲夢雅韻景觀大床房（智能客控+家庭影院）:HK$177']"
楚雄祥溢酒店,8.7,"['豪華雙床房:HK$291', '豪華大床房:HK$315', '豪華商務套房:HK$567', '豪華家庭套房:HK$948']"
楚雄維笙雄寶酒店,9.5,"['B座經濟房:HK$152', '彝族風情標準間:HK$240', '商務標準間:HK$294', '彝族風情大床房:HK$294', '商務大床房:HK$327']"
楚雄紫月灣温泉花園酒店,8.8,"['好眠丨特價大床房丨無温泉丨智能客控:HK$238', '好眠丨特價雙床房丨無温泉丨智能客控:HK$238', '月豐丨豪華雙床房丨無温泉丨陽台晾衣丨智能客控:HK$271', '月滿丨豪華大床房丨無温泉丨智能馬桶丨智能客控:HK$271', '月盈丨豪華行政大床房丨無温泉丨茶桌温泉丨智能客控:HK$326']"
楚雄皓玉假日酒店,9.6,"['臻選·輕奢雙床房:HK$138', '臻選·高級雙床房:HK$162', '臻選·高級大床房:HK$189', '臻選·輕奢大床房:HK$206']"
楚雄金虔灣大酒店,9.4,"['標準間:HK$152', '大床房:HK$152', '三人間:HK$207', '標準套房:HK$249']"
楚雄柏玥酒店,9.9,"['特惠大床房:HK$47', '舒適大床房:HK$53', '優享大床房:HK$58', '豪華雙床房:HK$58']"
楚雄拾雲山舍民宿,9.9,"['雲堦·經濟雙床房【沉浸式深睡床墊+甄選定製枕頭+智能馬桶】:HK$240', '雲逸·家庭套房【沉浸式深睡床墊+甄選定製枕頭+智能馬桶】:HK$266', '雲霓·雅緻大床房【沉浸式深睡床墊+甄選定製枕頭+智能馬桶】:HK$268', '雲歸·豪華大床房【沉浸式深睡床墊+甄選定製枕頭+智能馬桶】:HK$277']"
龍毓酒店（楚雄彝族自治州中醫醫院店）,9.3,"['特惠·高級大床房（無空調）:HK$146', '輕享·雅緻雙床房:HK$183', '輕享·雅緻大床房:HK$183', '超享·商旅大床房:HK$201']"
楚雄州賓館,9.5,"['遇見丨幻藏閣雙床房（雙層隔音玻璃&低樓層房間）:HK$238', '小度AI丨靜逸雙床房（雙層隔音玻璃+智能馬桶+中式茶台:HK$262', '小度AI丨靜逸大床房（雙層隔音玻璃+智能馬桶+中式茶台:HK$262', '小度AI丨湖景雅緻大床房（雙層隔音玻璃+智能馬桶）:HK$297']"
竑途酒店（楚雄彝海公園景區店）,9.7,"['零壓雙床影音房（全屋智能+零壓床墊+智能可控投影）:HK$142', '舒享陽光觀景大床房（全屋智能+零壓床墊）:HK$143', '舒享陽光觀景雙床房（全屋智能+零壓床墊）:HK$164', '零壓大床影音房（全屋智能+零壓床墊+智能可控投影）:HK$189']"
楚雄花語客棧（彝人古鎮店）,9.3,"['優選大床房:HK$134', '清新雅緻大床房:HK$163', '舒適雙床房:HK$170', '輕奢豪華大床房:HK$174']"
