酒店名称,评分,房型价格列表
江上凌雲·青婉酒店（樂山大佛張公橋美食街店）,9.4,"['靜謐·精緻單間（無電視）:HK$151', '靜謐·榻榻米單間:HK$162', '靜謐·舒適單間:HK$173', '靜謐·舒適大床房:HK$217']"
樂山樂上盡歡酒店（嘉興路美食街店）,9.9,"['高級大床房:HK$325', '高級雙床房:HK$325', '舒適大床房:HK$352', '舒適雙床房:HK$352', '豪華大床房:HK$369']"
樂山廣寒宮酒店（樂山高鐵站嘉興路美食街店）,9.7,"['豪華大床房:HK$218', '豪華雙床房:HK$240', '高級大床房:HK$261', '商務大床房:HK$261', '行政大床房:HK$360']"
樂山華邑酒店,9.6,"['高級房超大床:HK$688', '高級雙床房:HK$688', '高級房:HK$688', '高級超大床行政房:HK$876', '高級雙床行政房:HK$876', '高級行政超大床房-高樓層:HK$923']"
樂山L私湯江景酒店·City Vacation（樂山上中順店）,9.7,"['綠野榻榻米大床房[180°落地窗觀樂山老街城景/侘寂風/全棉親膚泡泡棉床品/超舒服乳膠記憶床墊/恆温坐墊智能馬桶/電視可投屏追劇]:HK$522', '綠野·城景大床房[180°樂山城景落地窗/超舒服乳膠記憶床墊/全棉親膚泡泡棉床品/高速負離子吹風機/恆温坐墊智能馬桶/三層玻璃隔音好睡眠]:HK$566', '上喜浴缸大床房[觀樂山老街煙火氣|全棉親膚泡泡棉床品|三層隔音窗|超舒服乳膠記憶床墊|自動加熱智能馬桶|浴缸泡泡浴]:HK$631', '綠野·浴缸雙床房[看樂山城景+超舒服乳膠記憶床墊+全棉親膚泡泡棉床品+恆温坐墊智能馬桶]:HK$674', '初居浴缸大床房[躺看美食街夜景+超舒服乳膠記憶床墊+全棉親膚泡泡棉床品+泡泡球浴缸泡泡浴+恆温坐墊智能馬桶+電視可投屏追劇]:HK$674']"
Mon Chéri ·夢雪麗酒店（樂山市高鐵站世豪廣場店）,9.7,"['極簡丨原木大床房【日式書桌+零壓床墊+乳膠記憶枕】:HK$326', '詫寂風 | 榆木大床房【智能客控+零壓床墊+小木馬】:HK$348', '詫寂風 | 榆木雙床房【語音客控+乳膠記憶枕+小木馬】:HK$348', '奶油風丨卡斯楠木雙床房【語音客控+金可兒床墊】:HK$370', '奶油風 | 卡斯楠木大床房【智能客控+乳膠記憶枕】:HK$370']"
樂山雲上湯池酒店（樂山高鐵站世豪廣場店）,9.6,"['雲上·雅緻大床房【巨幕超清投影+私享浴缸】:HK$325', '浪漫·泡池大床房【私享浴缸＋高清巨幕投影】:HK$354', '浪漫·私湯特大床房【超清投影＋雙人私湯+智能客控】:HK$398', '沙嶼·星空大床房 【巨幕超清投影+私享浴缸智能客控】:HK$398', '禪意·家庭房A【子母床+80寸超清電視+浴缸+智能客控】:HK$398']"
山水S酒店（樂山大佛店）,9.7,"['清歡·高級大床房:HK$465', '觀景閣樓·高級大床房:HK$488', '觀景閣樓·豪華大床房:HK$488', '清歡·豪華大床房:HK$488', '清歡小院·高級大床房:HK$496']"
樂山上善居·養心禪景酒店,9.6,"['自在大床房:HK$259', '自在雙床房（超寬雙床）:HK$278', '禪景大床房:HK$287', '自在寬居特大床房（大落地窗+自在坐枱）:HK$313', '禪景雙床房（超寬雙床）:HK$323']"
清樂府酒店（高鐵站嘉興路美食街店）,9.8,"['清悦•雅緻高級大床房[65寸智能電視投屏｜乾濕分離]:HK$178', '清悦•雅緻高級雙床房[65寸智能電視投屏|乾濕分離]:HK$186', '清悠•逸緻豪華大床房[65寸智能電視投屏|乾濕分離]:HK$203', '清悠•逸緻豪華雙床房[65寸智能電視投屏|乾濕分離]:HK$305']"
芊芊芒果樹酒店（樂山大佛店）,9.4,"['祕境·雅閣大床房（智能家居·直飲機·小冰箱）:HK$236', '風光無限·豪華江景大床房（推窗見江）:HK$275', '來故·一見傾心大床房（智能家居·直飲機·小冰箱）:HK$285', '千山萬水·唯美雙床房（智能家居·直飲機·小冰箱）:HK$288']"
探啾酒店（樂山張公橋美食街店）,9.7,"['A舒享大床房【軟硬記性枕·定製乳膠床墊·全身鏡】:HK$347', 'A舒適大床房【軟硬記憶枕·定製乳膠床墊·全身鏡】:HK$347', 'A 精靈天窗大床房【正常通風采光·電動升降通風玻璃窗·電動遮陽遮光簾·軟硬記憶枕·定製乳膠床墊】:HK$347', 'B 雅緻大床房【復古法式·軟硬記憶枕·乳膠床墊】:HK$368', 'B 雅悦大床房【軟硬記憶枕·乳膠床墊·智能馬桶·全身穿衣鏡·高清投影·商務辦公區】:HK$368']"
樂喜江景酒店（樂山上中順美食街店）,9.7,"['張公橋 | 初夢·靜逸大床房（安靜舒睡|金可兒護脊床墊）:HK$433', '順城街|初夢·靜逸雙床房（安靜舒睡|投屏觀影）:HK$572', '上中順 | 攬月·舒睡圓床江景房（側觀江景|私享浴缸）:HK$572', '東大街 |望山·180度江景房（無敵一線江景|賞景區風光）:HK$621', '觀佛樓 |望山·180度江景浴缸房（觀無敵江景|景區風景）:HK$691']"
全季酒店（樂山高鐵站店）,9.7,"['高級大床房（功夫茶具+電視投屏+小冰箱+金可兒床墊）:HK$447', '高級雙床房（功夫茶具+電視投屏+小冰箱+金可兒床墊）:HK$457', '商務大床房（功夫茶具+電視投屏+小冰箱+金可兒床墊）:HK$466', '景觀雙床房（功夫茶具+電視投屏+小冰箱+金可兒床墊）:HK$477']"
江畔小住民宿（樂山大佛店）,9.8,"['凈山佛心大床房:HK$300', '雲影籬下悠然雙床房:HK$364', '江映月白江景大床房:HK$397', '聞香聽濤臨江院景大床房:HK$408']"
樂山金葉·禪驛度假酒店（樂山大佛店）,9.8,"['舒心·園藝禪景大床房:HK$500', '凈心·花園水韻雙床房:HK$576', '凈心·院景禪意大床房:HK$608', '澄心·池畔院景大床房:HK$718', '澄心·沐光景觀雙床房:HK$762']"
SFEEL設計師酒店（樂山張公橋美食街店）,9.6,"['S舒適大床房:HK$383', 'S高級大床房:HK$409', 'S豪華大床房:HK$429', 'S豪華雙床房:HK$476', 'S設計師精選大床房:HK$476']"
錦聽連鎖.南方大酒店（樂山張公橋美食街店）,9.4,"['優選簡約大床房【助眠床墊+辦公桌】:HK$147', '優選簡約雙床房【助眠床墊+辦公桌】:HK$153', '沉浸式體驗影院房（100寸投影+手機投屏+VIP影片隨心看）:HK$177', '觀山山景大床房【窗外好景+舒適沙發+辦公桌】:HK$196']"
樂山太和盛世大酒店,9.5,"['豪華標準房:HK$325', '豪華大床房:HK$325', '豪華江景大床房:HK$361', '行政標準間:HK$543', '行政大床房:HK$543']"
城市便捷酒店（樂山大佛店）,9.6,"['智能標準大床房（全屋智能｜記憶枕頭｜智能馬桶｜手機投屏）:HK$205', '智能高級大床房（全屋智能｜記憶枕頭｜智能馬桶｜手機投屏）:HK$221', '智能影院大床房（全屋智能｜巨幕投影｜智能馬桶｜手機投屏）:HK$221', '智能落地江景大床房（全屋智能｜落地江景｜智能馬桶｜手機投屏）:HK$244']"
樂山M設計師智能酒店,9.7,"['雅緻大床房:HK$212', '尊貴雙床房:HK$254', '尊貴大床房:HK$254', '尊享特大床:HK$260']"
城市精選酒店（樂山體育中心張公橋美食街店）,10.0,"['影院舒適大床房（語音客控+55寸電視投屏+深睡記憶枕）:HK$163', '舒適雙床房（語音客控+55寸電視投屏+深睡記憶枕）:HK$185', '標準大床房（語音客控+55寸電視投屏+深睡記憶枕）:HK$185', '標準雙床房（語音客控+55寸電視投屏+深睡記憶枕）:HK$208']"
SFEEL設計師酒店（樂山大佛上中順店）,9.6,"['榻榻米大床房:HK$349', '高級大床房:HK$356', '雅緻大床房:HK$389', '高級雙床房:HK$403']"
尚布安恬酒店（樂山上中順商業街店）,9.6,"['恬逸 『綠韻棲夢大床房+智滙商務長桌』:HK$411', '安悦『城景雙床房+靜謐舒適』:HK$411', '恬悦『森夏大床房+青靄浮街綠意稠』:HK$455', '恬雅『浴瀾瞰滄波+閃投智聯』:HK$500']"
樂山湯與禪·享受與養心度假酒店,9.6,"['古缸竹影大床房:HK$334', '古缸竹影雙床房:HK$347', '古缸竹影超級寬床房:HK$347', '貴妃古浴大床房【養顏貴妃湯】:HK$372', '貴妃古浴雙床房【養顏貴妃湯】:HK$384']"
有樂在樂設計師酒店（張公橋好吃街店）,9.5,"['有楽大床房（智能客控+喜臨門床墊）C:HK$320', 'Esport雙床間（電競模式8G顯卡+I7處理器+海盜船內存）AC:HK$343', '有楽雙床房（智能客控+喜臨門床墊）C:HK$343', '江畔雙床房（蒲團茶座+智能客控）A:HK$371']"
8RSR隱市人文民宿（樂山張公橋店）,9.7,"['古楊·輕奢花園大床房（西馬智能馬桶+SPS西普斯水龍頭+極米超大屏投影）:HK$216', '於境·輕奢花園大床房（西馬智能馬桶+SPS西普斯水龍頭+極米超大屏投影）:HK$239', '流長·輕奢花園大床房（西馬智能馬桶+SPS西普斯水龍頭+極米超大屏投影）:HK$282', '隱市·輕奢花園大床房（西馬智能馬桶+SPS西普斯水龍頭+極米超大屏投影）:HK$282']"
樂山三卿酒店（張公橋美食街店）,9.4,"['雲舒|景庭大床房|語音智能客控+乳膠記憶枕:HK$304', '雲影|雅庭大床房|庭院式休閑旅居美學+拍照出片:HK$335', '歸雲|隱庭大床房|庭院式休閑旅居美學+一拍成片:HK$365', '歸雲|隱庭雙床房|庭院式休閑旅居美學+鬧市中的隱居:HK$373']"
枕山棲谷民宿（樂山大佛店）,9.8,"['山景谷·薰風（私享小院+户外吊椅）:HK$439', '山景谷·丘雲（私享小院）:HK$439', '山景谷·雨歇（户外露台）:HK$460', '山景谷·霜清（户外露台+TOTO衞浴+小童樂園）:HK$460', '庭院巒·蘆花（户外庭院+浴缸）:HK$508']"
金鷹山莊酒店（樂山高鐵站店）,9.5,"['高級標間:HK$303', '豪華山景標間:HK$326', '豪華山景單間:HK$350', '豪華湖景標間:HK$350', '豪華湖景單間:HK$373']"
樂山錦江嘉州賓館,9.5,"['城景大床房:HK$480', '城景雙床房:HK$480', '江景大床房:HK$631', '江景雙床房:HK$729', '全景大床房:HK$984', '大使套房:HK$2,825']"
樂山新加坡佛萊雅花園酒店（理工大學店）,9.3,"['高級單間:HK$218', '商務標間:HK$268', '商務單間:HK$268', '零壓商務單間:HK$305', '行政標間:HK$333']"
樂山市中區希爾頓花園酒店,9.6,"['花園大床房:HK$379', '花園雙床房:HK$402', '無障礙大床房:HK$402', '豪華大床房:HK$427', '豪華雙床房:HK$427']"
樂山墨花月白林居精品民宿,9.6,"['空山·星辰（山景）:HK$225', '半夏·雲夢（私享江景）:HK$269', '青山·墨（户外庭院+私享江景）:HK$291', '雲棲·白（户外庭院+私享江景+私享鞦韆）:HK$338']"
璟晨酒店（樂山張公橋美食街店）,9.4,"['大床房（智能客控+軟水淋浴）:HK$277', '雙床房（智能客控）:HK$305', '榻榻米大床房（軟水淋浴）:HK$333', '高級大床房（智能客控+軟水淋浴）:HK$351']"
宏遠大酒店（嘉興路美食街店）,9.4,"['雅逸雙床房（庭景禪意茶台+榻榻米）:HK$624', '雅緻大床房（零壓床墊）:HK$624', '雅緻雙床房（零壓床墊）:HK$624', '雅靜雙床房:HK$624']"
樂山廣場智選假日酒店（嘉興路美食街店）,9.6,"['標準大床房:HK$364', '標準雙床房:HK$364', '高級大床房:HK$411', '高級雙床房:HK$411', '家庭房:HK$467']"
偶得酒店（樂山張公橋美食街店）,9.7,"['致祥·園景大床房（智能客控+智能馬桶）:HK$261', '青雲·舒適大床房（智能客控+智能馬桶）:HK$278', '喜對·特色雙床房（智能客控+智能馬桶）:HK$287', '天禧·舒適雙床房（智能客控+智能馬桶）:HK$313']"
順城212輕奢酒店（樂山張公橋美食街店）,9.4,"['花樣年華·大床房:HK$341', '莫逆於心·大床房:HK$369', '知己之遇·雙床房:HK$397', '金風玉露·大床房:HK$453']"
柏曼酒店（樂山高鐵站萬達店）,9.7,"['智能舒適大床房（百寸巨幕投影+影視暢享+記憶枕頭）:HK$208', '智能標準大床房（百寸巨幕投影+影視暢享+記憶枕頭）:HK$230', '智能高級大床房（百寸巨幕投影+影視暢享+記憶枕頭）:HK$258', '智能高級雙床房（百寸巨幕投影+影視暢享+記憶枕頭）:HK$273']"
嘉州日記·House輕奢精品民宿（樂山大佛店）,9.6,"['嘉州長卷|舒適大床房:HK$218', '凌雲|觀景大床房:HK$260', '私享花園大床房（冰箱+100寸投影+獨享小花園+休閑椅）:HK$293', '蘇稽|巨幕影音雙床房（100寸投影+榻榻米休閑品茗區）:HK$304']"
樂山禪驛·嘉定院子酒店,9.6,"['日式榻榻米園景大床房:HK$763', '園景大床房:HK$873', '園景雙床房:HK$873', '園景陽台大床房:HK$981', '江景大床房:HK$1,091', '江景雙床房:HK$1,091']"
樂山一笑新酒店,9.4,"['洞天屋:HK$325', '洞天屋·雙床房:HK$382', '山景大床房:HK$434', '萌趣·親子雙床房:HK$434', '山景套房:HK$860']"
樂山鹿溪設計師酒店（上中順店）,9.3,"['「不晚」零壓助眠大床房+智能客控+零壓床墊+中央空調:HK$304', '「歸謐」沐光影院大床房+智能客控+零壓床墊+大金空調+高清投影:HK$304', '「餘歡」180°觀江幾木大床房+智能客控+零壓床墊+大金空調:HK$326', '「且聽」180°觀江影院大床房+智能客控+零壓床墊+中央空調+高清投影:HK$326']"
金葉·景盛酒店（樂山高鐵站嘉興路美食街店）,9.4,"['優享旅居單間:HK$119', '旅居單間:HK$137', '旅居標間:HK$143', '商務大床房:HK$163']"
芸希民宿（樂山高鐵站萬達廣場店）,9.9,"['至尊-輕奢影院房{芒果TV會員|巨幕投影|冰箱|中央空調}:HK$197', '清雅-輕奢影院房[芒果TV會員|巨幕投影|冰箱|中央空調]:HK$197']"
江山勝景酒店（樂山大佛美食街店）,9.7,"['樂山樂水雙床房（觀三江夜遊燈光+賞日出晚霞）:HK$444', '觀江聽濤雙床房（觀大佛+全臨江+賞三江夜遊燈光秀）:HK$558', '江山勝景雙床房 （眺峨眉山+觀三江夜遊燈光）:HK$558', '觀江聽濤大床房（觀三江夜遊燈光秀+賞日出晚霞）:HK$558']"
樂山芊羽酒店（張公橋店）,9.3,"['特惠單間:HK$161', '商務雙床房:HK$219', '舒適大床房:HK$229', '舒適雙床房:HK$261']"
樂山楠院民宿（張公橋東大街美食街店）,9.3,"['棲院右廂房叁:HK$1,132', '棲院右廂房貳:HK$1,351', '棲院左廂房壹:HK$1,569', '棲院左廂房叁:HK$1,569']"
雲中雅舍·私湯酒店（樂山高鐵站店）,9.6,"['汀蘭自在大床房【金可兒乳膠床墊.品牌智能馬桶·小冰箱】:HK$323', '竹疏觀山大床房【停車方便.舒適鵝絨被·深泡私湯】:HK$329', '泠然自在大床房【金可兒乳膠床墊.私享湯池.高空觀城市夜景】:HK$329', '倚山觀景雙床房【舒適鵝絨被·智能馬桶·全身鏡·小冰箱】:HK$342', '灼華觀山大床房【舒適床品·自動窗簾.高空觀景深泡私湯】:HK$342']"
