酒店名称,评分,房型价格列表
維也納國際酒店（汕尾信利中央廣場店）,9.1,"['大床房（無窗）:HK$400', '標準大床房:HK$409', '豪華大床房:HK$417', '商務大床房:HK$444', '商務雙床房:HK$470']"
汕尾海市蜃樓智能海景度假公寓,9.7,"['高層180度一線海景大床房（躺床看海上日出+巨幕投影+全屋聲控）:HK$821', '高層180度一線海景雙床房（巨幕投影+全屋智能聲控+躺床看海上日出）:HK$821', '高層180度一線海景房（躺床看海上日落+巨幕聲控）:HK$821', '高層180度兩房一廳一線海景房（麻將+巨幕投影+智能聲控+大陽台）:HK$1,172']"
寓尚·海景美宿（汕尾保利金町灣店）,9.8,"['玥海低層海景大床房:HK$1,073']"
維也納國際酒店（汕尾高鐵站店）,9.2,"['標準大床房:HK$310', '豪華大床房:HK$326', '豪華雙床房:HK$342', '商務大床房:HK$350']"
栢雅朵酒店（汕尾二馬路美食街信利城市廣場店）,9.4,"['精選雅緻大床房『智能客控•通透採光•深睡舒眠床墊』:HK$355', '輕享城景大床房『智能客控•陽光城景』:HK$373', '精選雅緻雙床房『通透採光•深睡舒眠床墊』:HK$394', '栢嘉奢享大床房『智能客控•休閑書桌椅』:HK$426', '雅朵靜謐雙床房『智能客控•輕柔燈光•酒店公區洗烘機』:HK$426']"
維也納酒店（汕尾翡翠灣二馬路美食街店）,9.4,"['標準大床房（無窗）:HK$218', '高級雙床房:HK$329', '高級大床房:HK$329', '豪華大床房（45°觀海景）:HK$329']"
海藍酒店（汕尾紅海灣店）,9.2,"['簡約大床房:HK$282', '輕奢雙床房:HK$282', '夕陽遠眺海景雙床房:HK$326', '日出海景大床房:HK$326']"
鉑頓國際公寓（汕尾城區高鐵站店）,9.4,"['雅緻景觀大床房（靜享景觀+休閑沙發+護頸枕+舒適床墊）:HK$381', '高級景觀大床房（空間寬敞+休閑沙發+護頸枕+舒適床墊）:HK$411', '高級景觀雙床房 （靜享景觀+50寸液晶電視+護頸枕+舒適床墊）:HK$411', '豪華海景雙床房（靜享海景+50寸液晶電視+護頸枕+舒適床墊）:HK$426']"
澳斯蘭德國際酒店（汕尾二馬路美食街信利廣場店）,9.3,"['白銀大床【全屋智控+零壓床墊】:HK$420', '鉑金大床房【全屋智控+零壓床墊】:HK$486', '鉑金雙床【全屋智控+零壓床墊】:HK$503', '鑽石親子雙【智能聲控+智能馬桶】:HK$557', '超大床房【智能馬桶+軟卧沙發+東寶深睡床】:HK$572']"
禧悅設計師HOTEL（二馬路美食街中山渡口店）,9.6,"['禧悦温馨大床房（大金空調新風+投屏電視+記憶枕芯+）:HK$484', '禧悦陽光大床房（投屏電視+記憶枕芯）:HK$552', '禧悦家庭雙床套（落地窗城景+投屏電視）:HK$568', '禧悦豪華雙床房（落地窗+小度音控）:HK$612']"
曉誠國際公寓酒店,9.4,"['一房一廳標準海景房:HK$680', '一房一廳榻榻米海景複式套房:HK$733', '兩房一廳豪華海景房:HK$907', '三房一廳海景套房:HK$1,292']"
汕尾保利雅途·星海度假酒店,8.9,"['設計師主題大床房:HK$906', '舒適園景雙人房:HK$906', '豪華園景雙床房:HK$952', '豪華園景大床房:HK$952', '親子園景雙床房:HK$1,016']"
汕尾星河灣酒店,9.4,"['豪華園景雙床房:HK$1,006', '豪華園景大床房:HK$1,006', '豪華城堡湖景大床房:HK$1,197', '豪華城堡湖景雙床房:HK$1,197', '行政園景大床房:HK$1,197', '行政城堡湖景大床房:HK$1,323']"
IU酒店（汕尾城區政府店）,9.0,"['U+觀影大床房（無窗）:HK$178', '小U精緻雙床房:HK$178', '小U舒適雙床房:HK$187', '小U超級大床房:HK$204']"
汕尾藝宿高空花園全景設計師S美宿（汕尾高鐵站店）,9.5,"['一室一廳複式大床房（VIP影音·手機投屏）:HK$214', '高空觀景大床房「75寸電視投屏VIP+零壓床墊」:HK$214', '雅緻巨幕大床房「100寸投影VIP+零壓床墊+多風格」:HK$214', '高空奶油大床房 |75寸電視投屏|乳膠床墊|:HK$214']"
汕尾鄰海印象酒店,9.4,"['私享複式180°海景大床房:HK$670', '巨幕投影複式大床房「極米投影儀｜海景」:HK$752', '「寵物友好」複式海景大床房:HK$906', '私享海景複式套房兩房一廳:HK$1,151']"
汕尾新品清湖大酒店,9.0,"['標準大床房:HK$402', '豪華雙床房:HK$457', '高級雙床房:HK$468', '高級大床房:HK$468', '豪華大床房:HK$522']"
尋夢海景公寓（保利金町灣店）,8.8,"['尋夢二線園景大床房:HK$746', '尋夢二線園景雙床房:HK$788', '一線180度近海雙床房:HK$957', '一線180度近海大床房:HK$1,037']"
瀾嶼·民宿（汕尾高鐵站店）,10.0,"['豪華海景大床房【一次性洗浴用品|高樓層海景|洗衣機】:HK$191', '尊享海景大床房【一次性洗浴用品|港灣海景|洗衣機】:HK$191', '優享景觀大床房【一次性洗浴用品|港灣海景|洗衣機】:HK$191', '舒享海景大床房【靜享海景|休閑沙發|舒適床墊|冰箱】:HK$191']"
汕尾保利希爾頓逸林酒店,9.2,"['尊尚海景大床房:HK$1,462', '豪華大床房:HK$1,465', '無障礙房:HK$1,465', '豪華雙床房:HK$1,593', '豪華海景大床房:HK$1,593', '豪華海景雙床房:HK$1,720']"
潮漫酒店（汕尾二馬路美食街店）,9.2,"['品質大床房無窗（50寸電視+護頸枕+舒適床墊+全身鏡）:HK$247', '漫享高級大床房（50寸電視+護頸枕+舒適床墊+全身鏡）:HK$264', '豪華大床房（50寸電視+護頸枕+舒適床墊+全身鏡）:HK$280', '品質景觀大床房（夜市景+50寸電視+護頸枕+舒適床墊）:HK$289']"
汕尾滿心Funny民宿,8.4,"['大陽台海景房（雙人浴缸+巨幕投影）:HK$587', '“泡澡看投影”超大陽台·海景浴缸·親子房:HK$587', '一室一廳大床房:HK$587', '一室一廳雙床套房:HK$587']"
汕尾住唄公寓（二馬路美食街店）,9.5,"['舒適大床房:HK$184', '雅緻浴缸大床房:HK$202', '投影大床房:HK$202', '舒適雙人房:HK$212']"
藍灣度假公寓（汕尾保利金町灣店）,9.1,"['Nicel漫享海景大床房（大陽台）:HK$468', 'M6|玥海一線海景大床房:HK$1,342', '親海2房1廳3床2衞套房:HK$1,634', '原木風3房2廳2衞三床套房:HK$2,012']"
汕尾藍島酒店,8.7,"['標準大床房:HK$229', '標準雙床房:HK$265', '高級大床房:HK$272', '高級雙床房:HK$294', '豪華大床房:HK$302']"
東粵博洋度假公寓（汕尾保利金町灣店）,8.7,"['椰林夢境·園林大床房:HK$430', '星光嶼海 • 側海景雙床房【近海50米+近觀光小火車+近鯨灣小鎮+近網紅打卡點】:HK$491', '蔚藍海岸·全海景大床房:HK$491', '巨幕影院·海景大床房:HK$491']"
汕尾顯達酒店,9.3,"['高級雙人房:HK$427', '高級大床房:HK$427', '豪華雙床房:HK$505', '豪華大床房:HK$514', '海景大床房:HK$645']"
無憂全海景度假公寓（汕尾保利金町灣店）,9.3,"['天璽-二線園景-高層輕奢三房三床兩衞【麻將】:HK$1,316']"
慶喜民宿（汕尾紅海灣店）,9.8,"['逐日海景陽台大床房【公用洗衣機】:HK$258', '暮海三床觀瀾閣【公用洗衣機】:HK$336', '4房1廳4衞•熊貓羊駝雙萌屋【自動麻將機+洗衣機】:HK$1,345', '四房一廳四衞•熊貓羊駝雙萌屋【自動麻將機+洗衣機】:HK$1,345']"
雲光·悅舍美宿（保利金町灣店）,9.6,"['園景大床房（觀景陽台）:HK$604', 'Cozy | 温馨大床房（帶觀景陽台）:HK$669', 'Cozy | 温馨親子雙床房（高樓層觀景陽台）:HK$744', 'Enjoy | 樂享榻榻米大床房（高層觀景陽台）:HK$1,046']"
頤灣公寓（汕尾城區高鐵站店）,9.4,"['臻享大床房【電視投屏丨舒適好眠丨休閑沙發丨冰箱】:HK$189', '舒享海景大床房【港灣海景丨功夫茶具丨冰箱洗衣機】:HK$200', '海景投影大床房【港灣海景丨智能投影丨雲感床墊丨冰箱洗衣機】:HK$211', '舒享海景雙床房【港灣海景丨功夫茶具丨冰箱洗衣機】:HK$220']"
追溯全海景度假美宿（汕尾保利金町灣店）,8.9,"['海遇晨鳴-二線高層海景投影大床房:HK$341', '聽海舒適-一線側海景投影大床房:HK$392', '海遇晨風-二線海景雙床房:HK$392', '海遇晨日-二線高層海景投影一房一廳大床房:HK$402']"
美宿·歡朋智能公寓（二馬路美食街店）,9.2,"['特惠大床房（有窗+高清投影）:HK$188', '輕奢影音大床房（通透採光+高清投影）:HK$209', '靜謐影音大床房（舒適安靜好眠+高清投影）:HK$224', '悠然電動大床房（商務休閑+大沙發）:HK$238']"
佰仕達酒店（汕尾城區二馬路美食街店）,8.7,"['高級大床房:HK$228', '高級零壓大床房:HK$247', '豪華大床房:HK$257', '豪華雙床房:HK$278']"
保利金町灣自然海景公寓,9.2,"['海鷗一線側面海景大床房:HK$679', '（望海）二線觀園景雙床房:HK$679', '海鷗一線側面海景雙床房:HK$737', '海鷗一線海景大床房:HK$814']"
汕尾海濱大道浩輝希爾頓花園酒店,8.7,"['海景大床房:HK$754', '海景雙床房:HK$754', '無障礙房:HK$754', '高級海景大床房:HK$855', '高級海景雙床房:HK$855']"
不晚·民宿（汕尾高鐵站店）,9.4,"['悦己｜巨幕投影大床房（冰箱洗衣機+可做飯）:HK$189', '杏藴 ｜Loft複式/巨幕投影大床房（冰箱洗衣機+可做飯）:HK$191', '歡囍｜巨幕投影大床房（冰箱洗衣機+可做飯）:HK$191', '瑞楓 ｜Loft複式·巨幕投影大床房（冰箱洗衣機+可做飯）:HK$203']"
汕尾紅海灣蜜玥美宿,8.6,"['精品榻榻米房:HK$444', '温馨大床房:HK$667', '温馨雙床房:HK$667', '舒適大床房:HK$667']"
琴海公寓（汕尾保利金町灣店）,8.5,"['特惠海景大床房、玥海3棟:HK$437', '特惠海景大床房、4棟:HK$449', '一線海景mini大床房、玥海5棟:HK$486', '特惠、海景雙床房、玥海4棟:HK$486']"
麗岸酒店,9.5,"['雅緻大床房（夕陽城景+休閑花園+智能客控+三區分離）:HK$205', '臻選大床房（舒適睡眠+全屋智能+語音客控+三區分離）:HK$216', '臻選雙床房（舒適睡眠+全屋智能+語音客控+三區分離）:HK$229', '海景大床房（海景+可觀日出+智能客控+三區分離）:HK$240']"
汕尾保利金町灣海景公寓,9.5,"['海上日出·月出豪華海景雙床套間:HK$648', '觀日出·月出豪華海景雙人房:HK$816', '海上日出·月出180度豪華海景大床房:HK$816', '觀海上日出·月出海景二房一廳套房:HK$1,179']"
麗楓酒店（汕尾四馬路城市廣場店）,9.0,"['高級大床房（無窗）（慕思床墊+小冰箱+空氣凈化器+50寸大電視）:HK$317', '豪華大床房（慕思床墊+智能窗簾+小冰箱+空氣凈化器+藍牙音響）:HK$349', '豪華雙床房（慕思床墊+藍牙音響+智能窗簾+功夫茶具+小冰箱）:HK$365', '商務大床房（慕思床墊+藍牙音響+智能窗簾+小冰箱）:HK$373']"
維也納酒店（汕尾紅海灣店）,9.1,"['標準大床房:HK$350', '標準雙床房:HK$371', '豪華雙床房:HK$396', '海景大床房:HK$396']"
佳景觀海公寓,9.3,['善美海景高層大床套房:HK$649']
汕尾巴黎半島酒店,9.2,"['高級大床房:HK$386', '高級雙床房:HK$386', '迷你套房:HK$423', '高級套房:HK$508', '豪華大床房:HK$568', '豪華雙床房:HK$568']"
嵐橋雲天海景公寓（汕尾保利金町灣店）,9.5,"['園景大床房（有陽台）:HK$926', '舒適園景雙床房（大陽台）:HK$997', '温馨海景大床房（大陽台）:HK$1,068', '海景陽台雙床房（大陽台）:HK$1,139']"
致瀾特公寓（二馬路信利廣場店）,9.4,"['精緻大床房（智能馬桶+乾濕分離）:HK$208', '景觀大床房（高清投影+智能馬桶+乾濕分離）:HK$221', '景觀舒適榻榻米（高清投影+智能馬桶+乾濕分離）:HK$221', '温馨大床房（高清投影+智能馬桶+乾濕分離）:HK$221']"
潮漫酒店（汕尾城區海濱大道店）,9.0,"['漫享高級大床房【斯林百蘭床墊+零壓靜音】:HK$189', '豪華大床房【斯林百蘭床墊+繁華街景】:HK$222', '商務大床房【斯林百蘭床墊+迷人海景】:HK$241', '豪華雙床房【斯林百蘭床墊+繁華街景】:HK$248']"
汕尾金町灣瀾墅度假公寓,8.9,"['聽海.日落大床房+冰箱+洗衣機+陽台:HK$539', '聽濤.舒適雙床房+冰箱+洗衣機+陽台:HK$539', '浪漫豪華海景大床房:HK$618', '豪華海景雙床房:HK$618']"
汕尾荷塘觀芸酒店,9.1,"['高級大床房:HK$369', '豪華雙床房:HK$390', '行政大床房:HK$504', '行政套房:HK$772']"
