酒店名称,评分,房型价格列表
頤和·永平酒店,9.5,"['舒適大床房:HK$469', '雅緻大床房:HK$502', '雅緻雙床房:HK$545', '豪華雙床房:HK$610', '頤和大床房:HK$807']"
汕頭小公園宿町酒店,9.7,"['榻榻米大床房-有窗:HK$436', '經典大床房-有窗:HK$534', '經典雙床房-通風窗:HK$534', '雅緻大床房-有窗:HK$599']"
汕頭小公園宜必思酒店,9.4,"['大床房（高質量睡眠）:HK$314', '高級大床房（樓景安靜）:HK$354', '雙床房（沉浸睡眠）:HK$403', '商務大床房（外景房間更大）:HK$422']"
汕頭珠港新城逸扉酒店,9.3,"['陽光榻榻米房（觀影體驗+私享Coffee機+Minibar+保險箱）:HK$753', '豪華大床房（私享Coffee機+智能語音+智能馬桶）:HK$786', '豪華雙床房（私享Coffee機+智能語音+智能馬桶）:HK$861', '豪華臻選家庭房（私享Coffee機+智能語音+智能馬桶）:HK$936', '行政海景大床房【內海灣一線觀景+全屋智能客控】:HK$1,055']"
譽house高空海景Loft公寓（汕頭高鐵站店）,9.5,"['譽House·茉莉花道（高空城景）:HK$304', '譽House·編織夢境（高空城景）:HK$304', '譽House·晚橋暗木（都市城景）:HK$337', '譽House·菲林交卷（都市城景）:HK$337']"
汕頭高鐵站希爾頓歡朋酒店,9.6,"['舒適大床房:HK$532', '舒適雙床房:HK$586', '高級大床房:HK$586', '高級雙床房:HK$693', '豪華大床房（配沙發床）:HK$693']"
簡愛·設計師酒店（汕頭萬象城珠江路美食街店）,9.1,"['微醺玫瑰丨花絮影視房:HK$236', '春日花序丨標準雙床房:HK$257', '小霧山雨丨豪華影院房:HK$277', '琥珀陽光丨檀香雙床房:HK$297']"
汕頭東海岸萬象滙喆啡鋭品酒店,9.7,"['品韻大床房:HK$446', '品致大床房:HK$480', '品致雙床房:HK$505', '鋭品大床房:HK$554', '鋭趣家庭房:HK$737']"
玟維酒店（汕頭高鐵站珠江路美食街店）,9.4,"['元氣雙床房 [意式掛耳+舒適好眠]:HK$261', '唯美大床房[迷你小冰箱+智能馬桶]:HK$261', '輕奢浴缸大床房 [ 舒緩泡泡液+一次性浴缸套 ]:HK$291', '星耀浴缸大床房[舒適沙發+泡泡浴]:HK$363']"
沐豐裏·公館（小公園汕頭旅社店）,9.8,"['風華絕代·雅緻大床房:HK$545', '僑夢港灣·潮聚雙床房:HK$644', '一夢芳華·韻味大床房:HK$644', '繁花似錦·摩登大床房:HK$753']"
樸舍民宿（萬象城店）,9.7,"['大椿 （會員巨幕投影+洗烘一體機）:HK$327', '棲夢 （會員巨幕投影+禪意吧枱+大圓床房）:HK$370', '沐陽 （會員巨幕投影+禪意吧枱）:HK$370', '巖隱 （會員巨幕投影）:HK$413']"
碧海灣酒店（汕頭萬象城小公園店）,9.2,"['聽濤 · 特惠大床房（靜謐空間）:HK$511', '晨雨 · 景觀大床房（高空城景+盡覽繁華）:HK$533', '等風 · 景觀雙床房（高空城景+舊時巷陌）:HK$566', '海思 · 海景大床房（一線海景+碧水藍天）:HK$688']"
宜必思酒店（汕頭中山中路店）,9.6,"['大床房（精緻户型+minibar）:HK$318', '高級大床房（寧靜酣睡）:HK$349', '豪華雙床房（minibar+寬敞舒適+辦公桌）:HK$349', '商務大床房:HK$378']"
瑞然酒店（汕頭萬象城店）,9.1,"['豪華大床房（高空城景+mini小冰箱）:HK$459', '巨幕影音房:HK$482', '豪華雙床房（通透外窗=mini小冰箱）:HK$511', '豪華套房（深睡床品+mini小冰箱）:HK$733', '豪華浴缸套房（超大浴缸+mini小冰箱）:HK$770']"
鉑頓國際公寓（汕頭東海岸萬象滙店）,9.4,"['城景大床房（眺望東海岸+俯瞰城景+全棉床品）:HK$378', '商務大床房（高空城景+助眠零壓+全棉床品）:HK$393', '影院大床房（100寸巨幕投影+視頻vip+助眠零壓）:HK$401', '商務雙床房（一線城景+助眠零壓+全棉床品）:HK$415']"
深巷（汕頭蘇寧廣場萬象城店）,9.6,"['温馨大床房（202）:HK$416', '精緻大床房（201）:HK$453', '舒適大床房（301）:HK$453', '豪華大床房（102）:HK$480']"
桔萊爾酒店（汕頭萬象城高鐵站店）,9.3,"['精選大床房（全屋智能聲控+落地全身鏡）:HK$312', '標準大床房（全屋智能聲控）:HK$340', '標準雙床房（全屋智能聲控）:HK$390', '行政大床房（深泡浴缸+智能小度）:HK$425', '觀影家庭雙床房（100寸巨幕投影+舒適沙發）:HK$460']"
楓雨國際公寓（汕頭萬象城會展中心店）,9.5,"['雲影小間:HK$222', '格萊美:HK$243', '潘多拉（投影房）:HK$275', '電影家:HK$306']"
汕頭新濠添大酒店,9.3,"['標準景觀房（雙床）（開闊景觀+舒適體驗）:HK$338', '特惠雙床房:HK$361', '特惠大床房:HK$361', '高級景觀房（悠然觀景+獨享舒適）:HK$378', '豪華景觀房（絕美視野+温馨空間）:HK$418']"
如家商旅酒店（汕頭萬象城龍眼路美食街店）,9.3,"['商務大床房A:HK$342', '商務大床房:HK$386', '雙床房:HK$386', '高級大床房:HK$412']"
汕頭熙江假日酒店,9.2,"['雅緻大床房（智能客控+品牌床墊）:HK$231', '質感大床房（靜謐舒適+品牌床墊）:HK$249', '質感雙床房（靜謐舒適+品牌床墊）:HK$264', '巨幕影音大床房（海量片源+專業投影）:HK$266']"
豪泰輕居酒店（汕頭天山路萬象城店）,9.1,"['輕致單人房:HK$222', '輕致大床房:HK$229', '輕奢單人房（副樓）:HK$229', '輕致雙床房:HK$264']"
望亭裏·輕居Hotel（汕頭小公園店）,9.4,"['特惠智能大床房:HK$360', '舒適智能大床房:HK$381', '尊享智能浴缸房:HK$413', 'Loft智能親子房:HK$459']"
Platinum Crystal 鉑晶大酒店（汕頭高鐵站珠江路美食街店）,8.8,"['標準大床房:HK$387', '高級大床房:HK$424', '豪華大床房:HK$509', '親子圓床房:HK$569', '豪華套房1房1廳:HK$630']"
帝豪精品酒店（汕頭萬象城高鐵站店）,9.4,"['尊享大床房:HK$369', '精緻大床房（大落地窗+乾濕分離）:HK$424', '精緻雙床房（大落地窗+乾濕分離）:HK$424', '雅緻大床房（真皮沙發+乾濕分離）:HK$479', '雅緻雙床房（真皮沙發+乾濕分離）:HK$479']"
汕頭中心智選假日酒店,9.1,"['高級房 大床:HK$444', '高級房 雙床:HK$489', '高級房·大床·更大面積:HK$489', '高級房·雙床·更大面積:HK$534', '高級房·1張大床和1張單人床·更大面積:HK$609']"
汕頭逸居酒店（潮汕路萬達小公園店）,9.1,"['逸居大床房（熟睡床墊）:HK$239', '商旅大床房（好眠＋乳膠枕＋品質床墊）:HK$273', '逸享雙床房（舒適臻選）:HK$284', '全智能聲控大床房（智能客控）:HK$289']"
逸居酒店（汕頭萬象城龍眼南路店）,9.1,"['標準大床房（全景觀景）:HK$235', '沉浸式大床房（超大屏幕，vip影片）:HK$240', '商務大床房（酣睡入夢＋商務辦公）:HK$251', '商務雙床間（坐享城景）:HK$288']"
汕頭潮宏基城際酒店,9.5,"['城際大床房:HK$804', '高級雙床房:HK$884', '高級大床房:HK$884', '高級海景大床房:HK$1,005', '高級海景雙床房:HK$1,005', '山景家庭房:HK$1,257']"
桐舍·野奢民宿（萬象城店）,9.5,"['覓萩野（AI智能+會員巨幕投影+霧化壁爐+浴缸+洗烘一體機）:HK$610', '宿棲（AI智能+會員巨幕投影+浴缸+洗烘一體機）:HK$644', '桐趣（AI智能+會員巨幕投影+滑梯+洗烘一體機）:HK$644', '椿野（AI智能+會員巨幕投影+天光燈+浴缸+洗烘一體機）:HK$753']"
山禾裏·宋代美學庭院（汕頭小公園店）,9.6,"['室外桃園·大床房·一樓庭外:HK$634', '浮生半日·大床房:HK$853', '逸趣生活·雙床房:HK$853', '煙火少城·大床房:HK$1,058', '舒適謐境·豪華大床房·內庭:HK$1,058']"
國際會展圖卡思酒店（汕頭蘇寧廣場萬象城店）,8.7,"['舒適大床房（小巧精緻）:HK$417', '精選大床房:HK$511', '精選雙床房:HK$529', '景觀大床房:HK$538']"
山禾裏·侘寂美學民宿（萬象城店）,9.6,"['標準房:HK$490', '標準大床房:HK$610', '雙床房:HK$697', '豪華大床房:HK$796']"
汕頭高鐵站美居酒店,9.4,"['經典大床房:HK$432', '標準雙床房:HK$432', '嘉賓浴缸大床房:HK$462', '陽台豪華大床房:HK$462', '豪華大床房:HK$492']"
凱亞倫酒店 （汕頭澄海店）,9.5,"['輕奢影音大床房+全屋智能+極米投影+哈曼卡頓音響:HK$341', '輕奢影音雙床房+全屋智能+極米投影+哈曼卡頓音響:HK$373', '時尚中庭綠植大床房+全屋智能+極米投影+哈曼卡頓音響:HK$373', '輕奢影音家庭房+全屋智能+極米投影+哈曼卡頓音響:HK$413', '豪華影音雙床房+全屋智能全景+極米投影+哈曼卡頓音響:HK$465']"
可米島酒店（汕頭珠江路美食街高鐵站店）,9.5,"['鯨選大床房:HK$278', '鯨奢浴缸房:HK$326', '鯨致大床房:HK$326', '鯨美雙床房:HK$374']"
汕頭珠港戴斯溫德姆酒店,8.7,"['靜雅舒適大床房:HK$703', '悦享城景大床房:HK$754', '悦享城景雙床房:HK$773', '臻選海景大床房:HK$855', '尊享海景套房:HK$1,284']"
汕頭叁號公館酒店（小公園店）,9.3,"['汕音大床房:HK$294', '汕音雙床房（無窗）:HK$294', '汕音雙床房:HK$327', '汕音豪華大床房:HK$349']"
汕頭燦爛之家酒店（澄海中駿世界城店）,8.7,"['高級大床房:HK$312', '高級雙床房:HK$324', '豪華大床房:HK$334', '商務豪華套房:HK$382']"
全季酒店（汕頭東海岸萬象滙店）,9.5,"['大床房:HK$344', '高級大床房:HK$363', '高級雙床房:HK$400', '商務大床房:HK$400']"
汕頭中博·美居酒店（汕頭龍眼南路美食街萬象城店）,8.6,"['特惠大床房（小巧精緻）:HK$238', '標準大床房（洗烘一體機+無限衣架）:HK$248', '特惠雙床房:HK$255', '標準雙床房:HK$268']"
星湖蘭庭酒店（澄海店）,9.2,"['高級大床房（新風系統+小廚房+全屋凈水）:HK$177', '行政大床房（舒適沙發+小冰箱+小陽台+全屋凈水）:HK$203', '尊享雙床房（180度高空夜景+小廚房冰箱+超大空間）:HK$228', '雅緻親子套房（會客空間+小廚房冰箱+全屋凈水）:HK$317']"
桔子水晶汕頭萬象城黃河路酒店,9.7,"['高級大床房（高清投屏+minibar+藍牙音箱）:HK$623', '商務大床房（高清投屏+minibar+藍牙音箱）:HK$673', '豪華大床房（高清投屏+minibar+藍牙音箱）:HK$774', '商務雙床房（高清投屏+minibar+藍牙音箱）:HK$774', '豪華雙床房（高清投屏+minibar+藍牙音箱）:HK$975']"
田園亞輕酒店（汕頭高鐵站珠江路美食街店）,8.9,"['高級大床房（休閑舒適）:HK$268', '豪華大床房（商務枱燈）:HK$318', '豪華雙床房（乾濕分離衞浴）:HK$376', '親子雙床房（童趣親子）:HK$419']"
弘楓酒店（汕頭金平萬達小公園店）,9.1,"['都市療愈大床房『護脊床墊&安靜睡眠』:HK$349', '躺平治癒雙床房『陽光滿屋&舒適雅居』:HK$374', '城景陽光大床房『私密性好&落日餘暉』:HK$386', '安睡零壓大床房『趟上去就想睡的枕頭&落日餘暉』:HK$420', '舒雅零壓雙床房『躺上去就想睡的床墊&明亮視野』:HK$455']"
汕頭龍湖賓館,9.5,"['龍湖高級大床房（東樓）:HK$519', '龍湖高級雙床房（東樓）:HK$519', '龍湖景觀豪華大床房（東樓）:HK$568', '龍湖景觀豪華雙床房（東樓）:HK$616', '龍湖豪華行政套房（東樓）:HK$1,049']"
全季酒店（汕頭珠港新城店）,9.5,"['高級大床房:HK$457', '商務大床房:HK$498', '商務雙床房:HK$538', '豪華大床房:HK$538']"
雲端美宿（汕頭萬象城龍眼南路美食街店）,9.5,"['雲端丨豪華投影雙床房（舒適好眠+高清投影）:HK$176', '高空180度觀景套房（海灣伴景+看日出+巨幕投影+小米高清電視+舒適浴缸）:HK$312', '雲端丨觀景影音大床房（高清投影+高空觀景+豪華浴缸）:HK$329']"
星程酒店（汕頭高鐵站店）,9.5,"['大床房:HK$268', '高級大床房:HK$286', '高級雙床房:HK$286', '商務大床房:HK$322']"
鉑晶 | Platinum Crystal 鉑林江景酒店（汕頭高鐵站店）,9.1,"['碧雅·大床房|智能客控|乳膠枕|恆温馬桶:HK$389', '碧雅·雙床房|智能客控|乳膠枕|恆温馬桶:HK$405', '碧悦·高級大床房|智能客控|乳膠枕|恆温馬桶:HK$496', '碧悦·高級雙床房|智能客控|乳膠枕|恆温馬桶:HK$496', '碧歡·親子雙床房|智能客控|乳膠枕|恆温馬桶:HK$513']"
