酒店名称,评分,房型价格列表
Wish文旭酒店（台山昌大昌廣場店）,9.7,"['優享高級大床房（精緻房型）:HK$294', '高級大床房（高級精緻房型）:HK$315', '豪華雙床房:HK$348', '豪華大床房:HK$359', '豪華景觀雙床房:HK$370']"
全季酒店（江門東站江海萬達廣場店）,9.6,"['大床房（65寸投屏電視+智能馬桶+加濕器）:HK$371', '商務雙床房（65寸投屏電視+智能馬桶+小冰箱+加濕器）:HK$371', '高級大床房（65寸投屏電視+智能馬桶+加濕器）:HK$401', '家庭房（65寸投屏電視+智能馬桶+小冰箱+加濕器）:HK$401']"
江門東站嘉華廣場智選假日酒店,9.5,"['高級房大床（投屏電視）:HK$326', '高級房雙床（投屏電視）:HK$326', '高級房雙床無障礙（投屏電視）:HK$373', '高級房大床（投屏電視+小冰箱+智能音箱）:HK$373', '開放式套房大床（投屏電視+小冰箱+智能音箱）:HK$844']"
合意輕奢酒店（江門東站江海萬達廣場店）,9.6,"['時尚大床房「智能語音客控•零壓乳膠床墊•深眠乳膠枕」:HK$219', '高級大床房「語音客控•零壓床墊•深眠乳膠枕•智能馬桶」:HK$234', '高級雙床房「語音客控•零壓床墊•深眠乳膠枕•智能馬桶」:HK$251', '尊享雙床房「功夫茶具•小冰箱•零壓床墊•深眠乳膠枕」:HK$265']"
江門名冠金凱悦酒店,9.4,"['高級雙床房:HK$490', '高級大床房:HK$517', '豪華大床房:HK$532', '豪華雙床房:HK$532', '商務大床房:HK$576', '養生主題大床房（智能馬桶）:HK$576']"
裏苑·稻香碉樓精品人文民宿（立園景區店）,9.7,"['景輝 · 荷塘景觀大床房:HK$527', '雲幻·稻香景觀大床房:HK$527', '瑞石 · 榻榻米雙床房（帶大庭院）:HK$536', '銘石 · 榻榻米雙床房（帶大庭院）:HK$536']"
江門珺璟麥客達温德姆酒店,9.5,"['高級大床房（65寸投屏電視+智能客控）:HK$332', '高級城景大床房（65寸投屏電視+智能客控）:HK$364', '高級城景雙床房（65寸投屏電視+智能客控）:HK$364', '豪華逸境大床房（65寸投屏電視+智能客控+親膚浴袍）:HK$397', '豪華逸境雙床房（65寸投屏電視+智能客控+親膚浴袍）:HK$397']"
江門華茵廣場亞朵酒店,9.6,"['雅緻房 （投屏電視+小冰箱）:HK$459', '高級大床房 （投屏電視+小冰箱）:HK$500', '行政大床房 （投屏電視+小冰箱）:HK$540', '行政雙床房 （投屏電視+小冰箱）:HK$540', '幾木大床房 （投屏電視+小冰箱+親膚浴袍+1代深睡枕PRO）:HK$600']"
凱里亞德酒店（江門蓬江江門大道店）,9.5,"['輕享大床房（靜謐舒適+DaLvmo床墊+全屋智控）:HK$258', '優享雙床房（深度睡眠+DaLvmo床墊+城景飄窗）:HK$291', '樂享大床房（深度睡眠+DaLvmo床墊+城景飄窗）:HK$316', '尊享雙床房（深度睡眠+DaLvmo床墊+高層觀景）:HK$325']"
台山曼麗酒店,9.2,"['智能音樂大床房:HK$327', '智能音樂雙床房:HK$344', '豪華智能音樂大床房:HK$358', '豪華智能音樂雙床房:HK$358', '智能音樂子母房:HK$385']"
漢庭酒店（江門三十三墟街地王廣場店）,9.6,"['大床房:HK$240', '高級雙床房:HK$240', '高級大床房:HK$261', '套房:HK$290']"
非繁城品酒店（新會步行街店）,9.6,"['非繁高級大床房【高層景觀+賽諾枕頭+星級深睡床墊】:HK$339', '非繁高級雙床房【高層景觀+賽諾枕頭+星級深睡床墊】:HK$339', '智享大床房【智能客控+賽諾枕頭+深睡床墊+高層景觀】:HK$349', '智享雙床房【智能客控+賽諾枕頭+深睡床墊+高層景觀】:HK$371', '純凈大床房（空氣凈化器+即熱水壺+賽諾枕頭+深睡床墊）:HK$398']"
維也納國際酒店（江門開平店）,9.6,"['豪華大床房:HK$408', '商務大床房:HK$425', '商務雙床房:HK$443', '江景大床房:HK$460', '親子大床房:HK$494']"
江門奧普斯酒店（江門東站店）,9.4,"['複式豪華大床房:HK$250', '複式奧趣家庭雙床房:HK$269', '豪華大床房:HK$295', '複式豪華雙床房:HK$296']"
赤坎古鎮金墟酒店,9.1,"['高級大床房:HK$970', '大床房:HK$1,023', '無障礙大床房:HK$1,023', '陽台大床房:HK$1,068', '高級雙床房:HK$1,068', '雙床房:HK$1,132']"
江門江海智選假日酒店,9.3,"['雅緻大床房（帶冰箱）:HK$354', '豪華雙床房（帶冰箱）:HK$391', '豪華大床房（帶冰箱）:HK$400', '商務特大床房（帶冰箱）:HK$403', '雅緻雙床房（帶冰箱）:HK$443']"
全季酒店（江門鶴山大道店）,9.4,"['高級大床房（65寸投屏電視+智能馬桶+智能客控+小冰箱）:HK$257', '商務大床房（65寸投屏電視+智能馬桶+智能客控+小冰箱）:HK$277', '豪華大床房（65寸投屏電視+智能馬桶+智能客控+小冰箱）:HK$295', '高級雙床房（65寸投屏電視+智能馬桶+智能客控+小冰箱）:HK$295']"
山水富麗華酒店（江門站店）,9.5,"['智能暢享雙床房（小度全屋智能＋洗衣機＋智能馬桶）:HK$403', '智能暢享大床房（小度全屋智能＋洗衣機＋智能馬桶）:HK$413', '智能夢享浪漫主題房（小度全屋智能＋浪漫浴缸＋智能馬桶）:HK$435', '智能臻享茶語豪華大床房（小度全屋智能＋洗衣機＋解壓浴缸）:HK$479', '智能樂享親子雙床房（全屋智能＋洗衣機＋智能馬桶）:HK$489']"
凱里亞德酒店（江門東站店）,9.6,"['優享雙床房（小度全屋智能+手機投屏+愉夢床墊）:HK$249', '優享大床房（小度全屋智能+手機投屏+愉夢床墊）:HK$260', '榮享家庭大床房（小度全屋智能+手機投屏+愉夢床墊）:HK$271', '榮享大床房（小度全屋智能+手機投屏+愉夢床墊）:HK$281']"
開平拾月酒店（大潤發店）,9.1,"['拾趣高級大床房:HK$245', '拾語商務雙床房:HK$278', '拾日豪華大床房:HK$278', '拾光花園雙床房:HK$285']"
曼陀倫Plus智能酒店（江門和興廣場五邑華僑廣場店）,9.2,"['曼優榻榻米大床房:HK$378', '曼優城景大床房:HK$391', '曼大師光影大床房[巨幕投影VIP特權+高空地標夜景]:HK$405', '曼雅城景大床房[高空城景+大落地窗+手機投屏]:HK$418', '曼雅城景雙床房[超大床+小童牙刷&拖鞋]:HK$425']"
江門富力萬達嘉華酒店,9.4,"['豪華雙床房:HK$589', '豪華大床房:HK$589', '豪華大床房（深睡床墊+獨立浴缸+Acca Kappa洗護用品）:HK$622', '豪華雙床房（深睡床墊+獨立浴缸+Acca Kappa洗護用品）:HK$622', '高級豪華雙床房:HK$660', '高級豪華大床房:HK$660']"
江門古兜温泉竹苑雲居酒店,9.3,"['星空温泉套房（室內觀星私泡池）:HK$838', '竹河畔温泉套房（露台私泡池）:HK$838']"
江海豪邑大酒店（江門江海萬達店）,9.1,"['標準雙人房 免費停車:HK$223', '精品單人房 免費停車:HK$231', '標準單人房 免費停車:HK$234', '豪華雙人房 免費停車:HK$256']"
山水S酒店（江門蓬江萬達廣場店）,9.6,"['智能輕奢大床房-帶冰箱洗衣機:HK$336', '智能輕奢雙床房-帶冰箱洗衣機:HK$341', '智能特惠大床房-帶冰箱+洗衣機:HK$377', '智能優享親子房-帶冰箱洗衣機:HK$425']"
台山頤和温泉城聖佩納度假別墅,9.5,"['星野.2房3床日式温泉疊墅（1温泉池.KTV.麻將.1浴缸.全獨衞）:HK$1,309', '星言.2房3床温泉疊墅（1温泉池.KTV.麻將.浴缸.廚房.碳烤.全獨衞）:HK$1,309', '星野.3房5床日式温泉疊墅（1温泉池.KTV.麻將.1浴缸）:HK$1,527', '星夏.3房7床温泉別墅（1温泉池.KTV.麻將.廚房.碳烤）:HK$1,745']"
菁木山舍.耕穡堂（台山店）,9.6,"['晴原 | 大床房+湯泉:HK$973', '微雨 | 山景榻榻米套房+壁爐+浴缸:HK$1,303', '日暮 | 山景榻榻米套房+湯泉:HK$1,385', '輕煙 | 榻榻米套房+庭院+湯泉:HK$1,385']"
城市便捷酒店（江門開平東滙城店）,9.4,"['智能標準大床房（高質量睡眠）:HK$310', '智能高級大床房（智能客控+採光視野好+高質量睡眠）:HK$331', '智能商務大床房（智能客控+採光視野好+高質量睡眠）:HK$351', '智能豪華雙床房（智能客控+採光視野好+高質量睡眠）:HK$362']"
江門三十三墟街僑蘊熹悅酒店,8.8,"['熹悦温馨雙床房:HK$231', '熹悦温馨大床房:HK$236', '熹悦望江大床房:HK$272', '熹悦望江雙床房:HK$281']"
赤坎古鎮開平會館,9.3,"['南洋風桃木舒適大床房:HK$846', '民國風雅緻陽光大床房B:HK$941', '南洋風復古主題雙床房B:HK$941', '民國風雅緻雙窗大床房A:HK$1,047', '民國風騎樓陽台雙床房:HK$1,069']"
柏高·雅酒店（江門新會時代店）,9.5,"['高級大床房（洗衣烘乾機+55寸電視可投屏+ 小冰箱）:HK$322', '商務雙床房（洗衣烘乾機+55寸電視可投屏+小冰箱）:HK$346', '花園豪華大床房（户外花園+55寸電視可投屏+小冰箱）:HK$352', '商務大床房（洗衣烘乾機+55寸電視可投屏+小冰箱）:HK$364', '影音豪華大床房（100寸超大投影可投屏+超大落地窗）:HK$401']"
台山昌大昌萬楓酒店,9.5,"['標準大床房:HK$517', '標準雙床房:HK$517', '高級大床房:HK$547', '高級雙床房:HK$547', '高級景觀大床房:HK$578']"
曼陀倫Plus酒店（鶴山新華城店）,9.1,"['高級城景大床房（智能音控+55寸投屏電視+辦公桌）:HK$361', '高級城景雙床房（智能音控+55寸投屏電視）:HK$361', '豪華城景大床房（智能音控+小冰箱+辦公桌）:HK$407', '豪華城景雙床房（智能音控+小冰箱+55寸投屏電視）:HK$407', '高級浴缸大床房（智能音控+55寸投屏電視+辦公桌）:HK$432']"
新僑都酒店（江門東站江海廣場店）,9.2,"['甄選雙人房:HK$223', '甄選大床房:HK$223', '雅緻大床房:HK$234', '尊享複式大床房:HK$259']"
赤坎古鎮美堂酒店,9.4,"['商務雙床房:HK$1,525', '豪華雙床房:HK$1,530', '商務陽台大床房:HK$1,667', '豪華大床房:HK$1,700', '商務陽台雙床房:HK$1,853', '豪華陽台大床房:HK$2,027']"
柏麗泉智酒店（江門濱江體育中心店）,9.7,"['尊享智能大床房（空間感強+全屋智能+60寸投屏+冰箱）:HK$336', '城央觀景大床房（180°觀景+冰箱+智能馬桶）:HK$374', '尊享智能雙床房（智能客控+冰箱+智能馬桶）:HK$382', '攬江閲景雙床房（一線江景+冰箱+智能馬桶 ）:HK$405', '浪漫嬉水觀影大床房（膠囊coffee機+解壓浴缸+巨幕投影）:HK$458']"
江門三木裏酒店（江海站白水帶公園店）,9.7,"['暢元大床房（治癒小飄窗）:HK$244', '星元榻榻米房（浪漫原木日式風）:HK$257', '幾木大床房（深睡床墊+休閑榻榻米區）:HK$284', '極簡雙人房（文藝休閑大飄窗）:HK$298', '高級大床房（帶冰箱+記憶枕+山景）:HK$333']"
江門新會碧桂園鳳悦鳳凰酒店,9.4,"['特惠雙床房:HK$456', '高級大床房:HK$515', '高級雙床房:HK$529', '豪華雙床房:HK$587', '豪華大床房:HK$587', '豪華觀景雙床房:HK$620']"
江門御泉湖居温泉酒店,9.0,"['湖景一居室套房:HK$393', '湖景二居室套房:HK$521', '行政二居室套房:HK$785', '湖景三居室套房:HK$959', '湖景四居室套房:HK$1,232']"
江海碧桂園鳳悦鳳凰酒店（江門東站店）,9.5,"['高級雙床房:HK$336', '高級大床房:HK$336', '豪華雙床房:HK$357', '豪華大床房:HK$357', '行政大床房:HK$445']"
全季酒店（江門雙龍廣場店）,9.5,"['高級大床房（65寸投屏電視+智能馬桶+智能客控+小冰箱）:HK$340', '豪華雙床房（65寸投屏電視+智能馬桶+智能客控+小冰箱）:HK$340', '商務大床房（65寸投屏電視+智能馬桶+智能客控+小冰箱）:HK$368', '豪華大床房（65寸投屏電視+智能馬桶+智能客控+小冰箱）:HK$397', '家庭房（65寸投屏電視+智能馬桶+智能客控+小冰箱）:HK$453']"
趣墅度假別墅（台山頤和温泉城店）,9.5,"['花頌·4房7床花園別墅（雙温泉池·KTV·街機·燒烤·麻將·户外廚房·全套房）:HK$2,150', '花跡·4房7床花園別墅（雙温泉池·KTV·街機·碳烤·麻將·全套房）:HK$2,180', '花閑·5房9床花園別墅（温泉·KTV·街機·碳烤·麻將·户外廚房·全套房）:HK$2,725', '花錦·5房8床花園別墅（滑滑梯泳池·雙温泉池·KTV·街機·碳烤·麻將·廚房·全套房）:HK$3,271']"
台山文華雅詩酒店,9.5,"['雅詩·樂享‖智控陽台雙床房:HK$357', '雅詩·樂享‖智控陽台大床房:HK$357', '雅詩·優享‖舒適行政大床房:HK$410', '雅詩·優享‖舒適行政雙床房:HK$410', '雅詩·靜享‖智臻夜景大床房:HK$431']"
青楓酒店（益華廣場華潤萬家店）,9.4,"['豪華大床房:HK$235', '豪華雙床房:HK$281', '豪華雙床套房:HK$310', '豪華套房:HK$342']"
恩平逸豪酒店,9.3,"['豪華江景雙床房（帶浴缸）:HK$478', '豪華江景大床房（帶浴缸）:HK$478']"
恭喜裏·設計師美宿（萬達廣場店）,9.5,"['一房一廳-奢野大床房-LOft:HK$1,113', '一房一廳-子悦大床房-LOft:HK$1,113']"
開平潭江半島酒店,9.4,"['商務大床房:HK$466', '商務雙床房:HK$466', '豪華大床房:HK$542', '豪華雙床房:HK$542', '商務套房:HK$662', '行政大床房:HK$697']"
柏麗泉智酒店（江門東站江海廣場店）,9.6,"['輕奢暢享大床房:HK$259', '輕奢優享大床房:HK$295', '輕奢優享雙床房:HK$295', '輕奢尊享大床房-帶冰箱:HK$316']"
江門柏麗酒店（僑鄉三十三墟街店）,9.5,"['雅緻大床房9樓:HK$208', '精選大床房:HK$226', '優選大床房:HK$238', '尊享大床房:HK$264']"
江門保利皇冠假日酒店（廣東珠西會展中心店）,9.5,"['高級大床房:HK$829', '高級雙床房:HK$829', '高級城景大床房（有浴缸）:HK$884', '高級城景雙床房:HK$884', '高級湖景大床房（有浴缸）:HK$916', '高級湖景雙床房:HK$916']"
