酒店名称,评分,房型价格列表
金廣國際大酒店（河池市政府廣場店）,8.9,"['特惠雙床房:HK$204', '特惠大床房:HK$205', '商務雙床房:HK$271', '商務大床房:HK$301', '豪華雙人房:HK$310']"
河池黔安國際酒店（職教中心店）,9.4,"['舒適高級大床房:HK$258', '雅緻豪華大床房（現代雅緻+享悦城市美景）:HK$273', '雅緻豪華雙床房（現代雅緻+靜密空間）:HK$273', '輕奢觀景大床房（180°全景廣場視野）:HK$296', '清靜禪意減壓大床房（零壓枕頭+零壓床墊）:HK$318']"
城市便捷酒店河池宜州市政廣場店,9.1,"['智能舒適大床房（記憶枕|全屋智能|三層隔音）:HK$192', '智能標準大床房【中央空調|靜謐空間|網紅化粧鏡】:HK$209', '智能商務大床房【全屋智能|65寸電視|休閑沙發】:HK$226', '智能高級大床房【全屋智能|休閑沙發|全景飄窗】:HK$243']"
柏曼酒店（河池南橋店）,9.3,"['標準大床房（安靜私密+記憶枕芯+智能馬桶）:HK$244', '標準雙床房（記憶枕芯+智能馬桶）:HK$259', '高級大床房（記憶枕芯+智能馬桶）:HK$267', '高級雙床房（深度好眠+記憶枕芯+智能馬桶）:HK$282']"
河池美宿酒店（廣西現代職業技術學院店）,9.9,"['法式歡悦大床房:HK$179', '法式心悦大床房:HK$198', '法式喜悦大床房:HK$220', '法式和悦雙床房:HK$229']"
河池鉑悦酒店（職教中心店）,9.5,"['鉑悦·靜享山景大床房（智能客控+遠山視野）:HK$261', '鉑悦·舒眠景觀大床房（智能客控+城景或山景）:HK$296', '鉑悦·舒眠景觀雙床房（智能客控）:HK$296', '270°廣角全景大床房（智能客控+城山景雙景觀）:HK$308', '鉑悦·行政全景商務套房（環幕窗景+會客空間）:HK$444']"
那美山水酒店（金城江白馬步行街店）,8.9,"['特惠舒適大床房【酣暢沐浴+護脊記憶床】:HK$186', '悦享舒適大床房【新風系統+酣暢沐浴】:HK$194', '靜雅安逸大床房【清新雅緻+酣暢沐浴+深度睡眠】:HK$202', '舒雅精緻單人房【清新雅緻+酣暢沐浴+深度睡眠】:HK$211']"
河池東正國際大酒店,9.4,"['舒適·靜謐雙床房（深度睡眠）:HK$260', '靜謐大床房:HK$260', '高級·沄麗大床房（舒適辦公桌+愜意沙發）:HK$291', '高級·沄麗雙床房（安心睡眠+舒適辦公桌）:HK$291', '豪華·沄享雙床房（城市夜景+安心睡眠）:HK$313']"
宜尚酒店（河池宜州市政中心廣場店）,9.6,"['舒適大床房（簡約北歐Style+悠享辦公）:HK$229', '標準雙床房（採光通透+高速WIFI）:HK$236', '標準大床房（採光通透+高速WIFI）:HK$244', '高級雙床房（睛彩大屏+靜謐空間+高速WIFI）:HK$267']"
設計師酒店（河池白馬步行街店）,9.3,"['歡漫-迷你單人房:HK$130', '雅緻▪日系榻榻米房（酒店公區提供自助洗衣房）:HK$165', '悦享▪商務雙人房【酒店公區提供自助洗衣房】:HK$165', '悦致-商務大床房（酒店公區提供自助洗衣房）:HK$165']"
城市便捷酒店（河池金城江白馬步行街店）,9.3,"['特惠大床房（記憶枕芯+城山景）:HK$142', '標準大床房（記憶枕芯+靜謐舒適）:HK$148', '高級大床房（記憶枕芯+休閑辦公+城山景）:HK$162', '標準雙床房（簡約明亮+遠山景）:HK$162']"
麗楓酒店（河池澳門國際城店）,9.6,"['雅緻大床房:HK$261', '商務大床房:HK$293', '豪華大床房:HK$294', '景觀雙床房:HK$309']"
城市便捷酒店（河池城東店）,9.3,"['特惠大床房:HK$150', '標準大床房（舒適好眠+城山景）:HK$162', '高級大床房（舒適好眠+休閑辦公+城山景）:HK$170', '標準雙床房（舒適好眠+城山景）:HK$182']"
城市便捷酒店（河池中心廣場店）,8.7,"['標準大床房:HK$148', '商務大床房:HK$169', '商務雙床房:HK$175', '豪華大床房:HK$196']"
金城江歸一民宿酒店（河池市職業教育中心學校店）,9.7,"['雅緻大床房:HK$137', '精緻大床房:HK$147', '舒適雙床房:HK$156', '温馨親子房:HK$165']"
城市便捷酒店（河池金城江職教中心店）,9.4,"['高級大床房:HK$143', '特惠大床房:HK$143', '標準大床房:HK$143', '高級雙床房:HK$165']"
河池三月花時尚酒店（河池學院宜州汽車總站店）,8.3,['優選丨簡約大床房（舒適睡眠+採光通透）:HK$88']
金睿酒店,9.7,"['輕享大床房:HK$128', '輕奢雙床房:HK$159', '休閑麻將房:HK$179', '輕奢雙床套房:HK$199']"
雅斯特酒店（宜州河池市政中心廣場店）,9.6,"['雅緻大床房（智能客控＋靜謐舒適＋陽光通透）:HK$171', '高級大床房（智能客控＋空間寬敞＋城市景觀）:HK$202', '高級雙床房（智能客控＋舒適床品＋明亮採光）:HK$202', '豪華大床房（智能客控＋獨立冰箱洗衣機＋智能馬桶）:HK$237']"
河池三月花國際大酒店,9.4,"['臻選標準大床房:HK$260', '臻選標準雙床房:HK$260', '臻享舒適雙床房:HK$326', '臻享舒適大床房:HK$336', '臻悦智能雙床房:HK$347']"
金源城公寓酒店（河池職教中心店）,9.6,"['城景雙床房:HK$192', 'LOFT山景大床房:HK$200', 'LOFT城景大床房:HK$203', 'LOFT城景套房:HK$272']"
河池江畔居民宿,9.2,"['江景雙床房—環境温馨+酒店公區提供自助洗衣機:HK$179', '禪意大床房—環境温馨+酒店公區提供自助洗衣機:HK$210', '江景大床房—環境温馨+酒店公區提供自助洗衣機:HK$210', '江景星空房—環境温馨+酒店公區提供自助洗衣機:HK$225']"
城市便捷酒店（河池宜州汽車總站店）,9.3,"['特惠大床房【街景視野+光線明亮+休閑飄窗】:HK$138', '標準大床房【舒適安逸+温馨雅緻+休閑飄窗】:HK$150', '影院標準大床房【100寸巨幕+海量影片+主題風格】:HK$150', '標準雙床房【街景視野+光線明亮+陽光通透】:HK$157']"
瑞斯麗假日酒店（河池職業學院店）,9.3,"['悠靜輕奢大床房:HK$161', '悠靜豪華大床房:HK$161', '雅緻舒適雙床房:HK$167', '幽靜豪華雙床房:HK$179']"
河池桐涵公寓,9.0,"['舒適單間:HK$130', '兩室一廳套房:HK$207']"
維也納國際酒店（河池銅鼓店）,9.6,"['高級大床房（緩壓床墊）:HK$234', '江景雙床房（龍江河風景）:HK$242', '山景大床房（舒適空間）:HK$258', '江景大床房（龍江河風景）:HK$282']"
河池楠城公寓（白馬步行街店）,8.1,"['舒適大床房:HK$86', '特惠雙人床房:HK$95']"
維也納酒店（宜州三棵樹店）,9.4,"['豪華大床房-寬敞空間-辦公桌椅-乾濕分離:HK$208', '豪華雙床房-寬敞空間-辦公桌椅-乾濕分離:HK$228', '商務雙床房:HK$248', '商務大床房-寬敞空間-辦公桌椅-乾濕分離:HK$269']"
大金小棧公寓（金城江匯金國際店）,9.3,"['29投影大床房:HK$184', '12投影一室大床房:HK$185', '60綠肥紅瘦一室大床房:HK$185', '親子雙床房:HK$221']"
河池恆祥賓館,8.4,"['普通單人間:HK$48', '普通大床房:HK$69', '舒適大床空調房:HK$77', '普通雙人間:HK$79']"
爵斯汀主題酒店（河池市政府店）,9.2,"['主題大床房:HK$194', '舒適主題大床房:HK$227', '豪華主題雙床房:HK$247', '豪華主題大床房:HK$260']"
興豐源賓館,10.0,"['普通間:HK$82', '投影單間:HK$87', '標準間:HK$93']"
河池五月花時尚精品酒店,9.0,"['時尚單間（酒店提供自助洗衣房）:HK$101', '精品大床房（酒店提供自助洗衣房）:HK$111', '精品雙床房（酒店提供自助洗衣房）:HK$111', '豪華套間（酒店提供自助洗衣房）:HK$146']"
金城江區林漫酒店,8.0,"['特惠房:HK$72', '標準大床房:HK$84', '標準雙人間:HK$96']"
城市便捷酒店（河池體育廣場店）,7.6,"['易致特惠大床房:HK$192', '特惠雙床房:HK$204']"
河池夢古客棧,8.3,"['舒適大床房:HK$164', '日出雙床房:HK$205', '江景雙床房:HK$205', '豪華三人間:HK$267']"
天龍灣曼悅酒店（宜州區河池學院西門店）,9.4,"['曼享榻榻米大床房（助眠零壓床墊+靜謐空間+乾濕分離）:HK$209', '商務大床房（靜謐舒適+沙發辦公桌+助眠床墊）:HK$212', '豪華大床房（空間寬敞採光好+沙發辦公桌+乾濕分離）:HK$227', '豪華雙床房（空間寬敞採光好+沙發辦公桌+乾濕分離）:HK$234', '親子雙床房（温馨舒適+辦公圓桌+55寸電視）:HK$245']"
河池金通商務賓館,7.6,"['普通單人間:HK$74', '標準間:HK$87', '標準單人間:HK$96', '豪華單人間:HK$129']"
絲綢大酒店（河池市政府店）,8.4,"['標準單人間:HK$147', '標準雙人間:HK$147', '豪華雙人間:HK$152', '豪華單人間:HK$156']"
城市便捷酒店（河池宜州龍江二橋店）,9.5,"['標準大床房【智能客控＋零壓助眠枕＋網紅魔鏡】:HK$194', '高級大床房【記憶助眠枕＋小度客控音響】:HK$205', '江景大床房（煙雨龍江景觀+摩天輪夜景＋網紅魔鏡）:HK$216', '高級雙床房【客控音響＋智能馬桶】:HK$216']"
夢鄉便捷酒店,8.3,"['普通雙人間:HK$83', '普通單間:HK$84', '舒適標間:HK$107', '大床房:HK$111']"
城市便捷酒店（河池宜州體育館店）,9.4,"['標準大床房:HK$155', '高級大床房:HK$162', '高級雙床房:HK$169', '豪華大床房:HK$175']"
龍崗壹號賓館（宜州站店）,8.6,"['精緻商務大床:HK$98', '舒適大床房:HK$104', '商務大床房:HK$107', '商務雙床房:HK$135']"
河池顧福園商務酒店,9.3,"['精品大床房:HK$140', '電腦大床房:HK$151', '雙人大床房:HK$162']"
嘉美途商務酒店,8.4,"['標準雙人房:HK$151', '高級大床房:HK$151', '麻將大床房:HK$173']"
河池棲居酒店,7.8,"['豪華大床房:HK$131', '豪華標間:HK$151']"
河池宜州驛米陽光民宿,9.5,"['治癒房:HK$126', '夢幻法式房:HK$141', '簡約法式房:HK$152', '綠影流年時光記憶房:HK$152']"
速8酒店（河池汽車總站店）,9.4,"['靜謐大床房-零壓枕:HK$145', '清心單人舍-零壓枕:HK$157', '榻榻米悠韻間-零壓枕:HK$157', '安睡大床房-零壓枕:HK$193']"
河池市金城江區嘉達福賓館,9.7,"['標準單間:HK$83', '舒適單間:HK$96', '標準雙床房:HK$96', '舒適雙床房:HK$98']"
幫哥公寓,7.7,"['標準單間:HK$100', '豪華大床房:HK$110', '標準雙床房:HK$119']"
