酒店名称,评分,房型价格列表
西昌邛海將軍府夜泊君亭酒店,9.3,"['將軍府輕奢雙床房（哈曼卡頓音響+卡德維獨立浴缸）:HK$1,242', '將軍府輕奢大床房（哈曼卡頓音響+卡德維獨立浴缸）:HK$1,242', '將軍府大床房（玲瓏空間+哈曼卡頓音響+金可兒床墊）:HK$1,454', '星空泡池單卧套房（下沉露台+BOSE音響+金可兒床墊）:HK$1,467', '將軍府雙卧家庭套房（哈曼卡頓音響+獨立門户連通房）:HK$2,484', '星空泡池雙卧套房（下沉式露台+BOSE音響+金可兒床墊）:HK$3,384']"
太陽與海酒店,9.4,"['雅緻園景大床房:HK$1,140', '暮色海畔雙床房:HK$1,399', '伴山園景大床房:HK$1,399', '曦光暖陽雙床房:HK$1,836', '海景大床房（落地窗+廣角視野邛海全景）:HK$2,054']"
冕寧中聯鉑金岷山飯店,9.4,"['精緻大床房:HK$273', '精緻雙床房:HK$283', '高級大床房（安閑自得+超大洗漱台）:HK$308', '高級雙床房（悠閑自在+可投屏電視機）:HK$322', '豪華大床房（悠然自得+躺卧沙發）:HK$333']"
月城大酒店（西昌月亮湖濕地公園店）,9.5,"['靜謐大床房（智能客控+軟硬雙枕+舒適床墊）:HK$258', '樂享雙床房（智能客控+軟硬雙枕+舒適床墊）:HK$297', '明月雙床房（高空城景房-智能客控-全景落地窗）:HK$343', '月城·凌波水床房（智能温控-沉浸式解壓）:HK$370', '明月大床房（高空城景房-智能客控-全景落地窗）:HK$370']"
西昌觀海聽濤藝術酒店,9.2,"['禪意大床房（全智能化系統）:HK$532', '豪華園景單間:HK$593', '豪華園景標間:HK$593', '豪華閣樓房:HK$593', '豪華海景單間:HK$836']"
德昌燕棲酒店,9.2,"['雅緻大床房［中央空調｜全屋智能客控｜高密親膚布草｜護頸舒適睡眠枕］:HK$192', '雅緻雙床房［中央空調｜全屋智能客控｜高密親膚布草｜護頸舒適睡眠枕］:HK$251', '行政大床房［中央空調｜全屋智能客控｜一次性面巾浴巾｜高密親膚布草｜護頸舒適睡眠枕］:HK$305', '行政雙床房［中央空調｜全屋智能客控｜一次性面巾浴巾｜高密親膚布草｜護頸舒適睡眠枕］:HK$317', '尊享雙床房［中央空調｜全屋智能客控｜一次性面巾浴巾｜高密親膚布草｜護頸舒適睡眠枕］:HK$385']"
雲裏·鹿鳴,9.7,"['特惠房:HK$402', '豪華雙床房:HK$437', '豪華大床房:HK$437', '親子房:HK$512']"
逸尚東方酒店（西昌邛海濕地店）,9.6,"['逸居大床房【乾濕分離.智能馬桶.65吋投屏電視.】:HK$272', '逸雅影院大床房【奇藝果會員+巨幕觀影+超大空間】:HK$294', '逸雅雙床房【乾濕分離+65吋投屏電視+智能馬桶】:HK$294', '逸景大床房【乾濕分離.智能馬桶.65吋投屏電視】:HK$305', '逸雅大床房【乾濕分離.智能馬桶.65吋投屏電視】:HK$327']"
如居.山海半島民宿（西昌萬達廣場邛海17度店）,9.6,"['湖景温馨商務大床房（智能客控+記憶枕）:HK$359', '園景温馨商務大床房:HK$377', '觀星月湖景大床房（智能客控+記憶枕）:HK$438', '賞夕陽湖景雙床間（智能客控+記憶枕+日式茶台）:HK$457']"
西昌和悅花園度假酒店（邛海濕地火把廣場店）,9.6,"['温馨特惠大床（落地窗·乾濕分離·功夫茶具）:HK$315', '雅緻大床房（零壓床墊·浴袍·落地窗）:HK$372', '園景雙床房（靜謐空間·乾濕分離）:HK$399', '園景露台雙床房（獨立觀景落台·乾濕分離）:HK$399', '陽光花園大床房（獨立花園·落地窗）:HK$418']"
豐源世紀酒店（西昌月亮湖濕地公園店）,9.4,"['舒適大床房:HK$224', '豪華大床房:HK$246', '陽光大床房:HK$265', '豪華雙床房:HK$285', '陽光雙床房:HK$305']"
西昌邛海灣柏樾酒店,9.0,"['公寓樓落地窗標間:HK$424', '公寓樓園景標間:HK$534', '公寓樓高級海景雙床房（45°觀海）:HK$793', '主樓高級園景雙床房:HK$853', '主樓高級園景大床房:HK$853', '主樓高級海景大床房（45°觀海）:HK$1,000']"
西昌觀唐大酒店（邛海17度唐園店）,9.6,"['精品大床房（零壓舒睡+65寸投屏電視）:HK$391', '精品雙床房（零壓舒睡+65寸投屏電視）:HK$391', '高級雙床房（零壓舒睡+採光明亮+65寸投屏電視）:HK$424', '高級大床房（零壓舒睡+採光明亮+65寸投屏電視）:HK$424', '觀唐大床房（唐園零距離夜景+廣角視唐園全景）:HK$468']"
西昌山海庭酒店（海河天街火把廣場店）,9.1,"['山嶼·榻榻米大床房|智能客控+小冰箱+羽絨床具|:HK$331', '山嶼·假日陽光大床房|智能客控+小冰箱+羽絨床具|:HK$385', '海市·原木雅院雙床房.|智能客控+小冰箱+羽絨床具|:HK$385', '海市·清風河景大床房|智能客控+小冰箱+羽絨床具|:HK$417', '庭落·200度浴缸河景套房|智能客控+冰箱+蝸居沙發|:HK$589']"
眾欣·悦動酒店,9.4,"['豪華大床房:HK$286', '豪華雙床房:HK$314', '山景大床房:HK$342', '山景雙床房:HK$370', '純凈大床房:HK$398']"
德昌元坤温泉酒店,8.6,"['高級雙床房:HK$358', '豪華雙床房:HK$435', '森林湯屋【私人庭院泡池】:HK$1,080']"
西昌漢錦酒店（邛海17度萬達廣場店）,9.5,"['陽光雙床房（（獨立客廳+超大陽台+安心舒睡+冰箱+洗衣機+雙空調））:HK$291', '商務雙床房（獨立客廳+超大陽台+安心舒睡+冰箱+洗衣機+雙空調）:HK$313', '陽光家庭親子房（（獨立客廳+超大陽台+安心舒睡+冰箱+洗衣機+雙空調））:HK$335', '意式商旅大床房（獨立客廳+冰箱+洗衣機+零壓床品）:HK$335']"
西昌千尋唐跡書香世家酒店,9.7,"['雅緻·庭院大床房:HK$886', '茶韻·複式大床房:HK$897', '茶韻·複式雙床房:HK$897', '茶韻·湖景露台大床房:HK$930', '千尋·唐跡湖景露台套房:HK$1,818']"
漢庭酒店（西昌邛海17度火把廣場店）,9.6,"['雙床房（智能馬桶+金可兒皇冠床墊+智能投屏電視）:HK$301', '高級雙床房（智能馬桶+金可兒皇冠床墊+智能投屏電視）:HK$321', '大床房（智能馬桶+金可兒皇冠床墊+智能投屏電視）:HK$321', '高級大床房（智能馬桶+金可兒皇冠床墊+智能投屏電視）:HK$340']"
德昌美程斯維登度假酒店,9.1,"['陽光大床房:HK$227', '城景雙床房:HK$227', '景觀大床房:HK$271', '豪華雙床房:HK$271']"
西昌洲際智選假日酒店,9.4,"['高級雙床房（軟硬雙枕+暢享淋浴+金可兒床墊）:HK$357', '高級大床房（軟硬雙枕+暢享淋浴+金可兒床墊）:HK$357', '城市景觀大床房（軟硬雙枕+暢享淋浴+金可兒床墊）:HK$394', '城市景觀雙床房（軟硬雙枕+暢享淋浴+金可兒床墊）:HK$394', '日出景觀大床房（軟硬雙枕+暢享淋浴+金可兒床墊）:HK$433']"
西昌鉑斯特酒店（沃爾瑪月亮湖濕地公園店）,9.5,"['鉑雅·女士專屬貴賓雙床房-智能客控-定製床墊-minibar-雙衞-品牌加濕器-城市夜景:HK$557', '鉑雅·女士專屬貴賓陽光大床房-智能客控-定製床墊-minibar-加濕器-城市夜景:HK$557', '鉑漫·城景大床房-智能客控-浴缸-景觀-雙衞-minibar:HK$639', '鉑軒·舒眠深度睡眠體驗大床房-智能客控-定製智能按摩乳膠床墊-睡眠監測-minibar-雙衞-加濕器-高空城市夜景:HK$662', '鉑尊·親子豪華套房-智能客控-零壓床墊-親子遊樂區-小童洗護-萌寶空凈-雙衞-minibar:HK$1,058']"
西昌邛海濕地美居酒店,9.6,"['標準雙床房（小冰箱+65寸無線投屏+金可兒床墊）:HK$487', '標準大床房（小冰箱+65寸無線投屏+金可兒床墊）:HK$510', '高級雙床房（小冰箱+65寸無線投屏+金可兒床墊）:HK$549', '高級大床房（小冰箱+65寸無線投屏+金可兒床墊）:HK$549', '豪華大床房（小冰箱+65寸無線投屏+金可兒床墊）:HK$588']"
桔子酒店（西昌邛海17度火把廣場店）,9.8,"['大床房（智能馬桶+房間冰箱+65寸智能投屏電視）:HK$419', '高級雙床房（智能馬桶+金可兒皇冠床墊+65寸智能投屏電視）:HK$419', '高級大床房（智能馬桶+冰箱+65寸智能投屏電視）:HK$448', '商務雙床房（智能馬桶+冰箱+65寸智能投屏電視）:HK$448']"
西昌長島·輕居酒店,9.9,"['寶藏套一loft丨大床房丨帶客廳:HK$210', '套二Loft-兩個獨立卧室-帶客廳:HK$257', '星際套二loft-你的太空夢終會實現-親子童趣:HK$304', '甜系套二loft-萌寵到你家開派對啦-親子童趣:HK$304']"
杏庭·看海·看花·沐陽度假酒店（西昌邛海17度萬達店）,9.0,"['杏庭｜驚喜·寶藏大床房｜投影Loft:HK$206', '杏庭｜驚喜·寶藏小套二｜四人雙卧二居室｜投影Loft:HK$249', '杏庭｜小資·套二·兩個獨立卧室｜投影Loft:HK$271', '杏庭｜商務·套二·兩個獨立卧室｜投影Loft:HK$271']"
一米陽光精品酒店（西昌邛海濕地公園店）,9.5,"['特惠大床房:HK$284', '温馨大床房:HK$305', '雅緻雙床房:HK$314', '雅緻大床房:HK$314']"
維也納國際酒店（西昌邛海濕地萬達廣場店）,9.5,"['高級大床房:HK$479', '高級雙床房:HK$479', '豪華大床房:HK$553', '豪華雙床房:HK$553', '親子大床房:HK$720']"
唯佳•朗燊酒店（西昌火把廣場海河天街店）,9.3,"['特惠智能大床房（智能音控+乳膠記憶床墊+羽絨枕+55寸投屏電視）:HK$255', '閤家歡親子房（智能音控+乳膠記憶床墊+羽絨枕+55寸投屏電視）:HK$281', '優享智能大床房（智能音控+乳膠記憶床墊+羽絨枕+55寸投屏電視）:HK$281', '優享智能雙床房（智能音控+乳膠記憶床墊+羽絨枕+55寸投屏電視）:HK$281']"
西昌邛海17度火把廣場漫心酒店,9.7,"['心怡標準大床房【高清電視投屏+絲漣床墊+辦公區】:HK$462', '心悦高級大床房【電視投屏+小冰箱+獨立辦公區】:HK$492', '心悦高級雙床房【電視投屏+小冰箱+絲漣床墊+休閑區】:HK$522', '心享豪華大床房【電視投屏+小冰箱+貴妃椅+大空間】:HK$532', '心享主題親子大床房:HK$542']"
西昌空港雲享酒店（邛海夢尋花海濕地公園店）,9.3,"['雲樂特惠大床房:HK$545', '雲夢大床房:HK$796', '雲夢雙床房:HK$796', '雲裳露台大床房:HK$872', '雲裳露台雙床房:HK$872', '雲庭庭院大床房:HK$938']"
冕寧悦泊酒店,9.3,"['悦享大床房（65寸可投屏液晶電視）:HK$297', '尊享大床房（65寸可投屏液晶電視）:HK$360', '特價雙床房（65寸投屏液晶電視）:HK$392', '尊享雙床房（65寸可投屏液晶電視）:HK$408', '雅悦親子套房（65寸可投屏液晶電視+獨立浴缸）:HK$699']"
西昌優木·彝族風情|新中式禪意設計酒店（邛海17度火把廣場店）,9.4,"['清·浮光大床房|花梨木禪意傢俱|中空隔音玻璃|美粧鏡:HK$229', '樂·闔家歡親子房|小童玩偶|趣味讀物|花梨木禪意傢俱:HK$297', '初見·雅居三人房|功夫茶台|電動窗簾|智能馬桶|美粧鏡:HK$319', '未央·清歡自在全景日出房|270°遠眺廬山景觀|乳膠床墊:HK$367']"
全季酒店（西昌邛海17度萬達廣場店）,9.3,"['大床房（65寸電視+小冰箱+金可兒床墊）:HK$412', '高級大床房（65寸電視+小冰箱+金可兒床墊）:HK$441', '雙床房（65寸電視+小冰箱+金可兒床墊）:HK$441', '豪華大床房（65寸電視+小冰箱+金可兒床墊）:HK$472']"
西昌眾欣豪生温泉酒店（東區）,9.3,"['山居大床房:HK$654', '山居雙床房:HK$654', '逸雲大床房:HK$764', '逸雲雙床房:HK$764', '綠野大床房:HK$829', '綠野雙床房:HK$829']"
西昌美麗華大酒店（邛海17度店）,9.3,"['雅緻大床房（智能投屏+大窗+洗護潤五件套）:HK$262', '豪華大床房（智能投屏+智能馬桶+洗護潤五件套）:HK$305', '豪華雙床房（智能投屏+智能馬桶+洗護潤五件套）:HK$315', '行政大床房（雙窗+智能投屏+智能馬桶+洗護潤五件套）:HK$359', '親子家庭房（大小雙床+智能投屏+智能馬桶+洗護潤）:HK$436']"
瀘山精品酒店（西昌月亮湖濕地公園店）,9.7,"['精品雙床房「零壓床品·自動馬桶墊·65寸投屏電視」:HK$310', '精品大床房「零壓床品·沐浴頂噴·65寸投屏電視」:HK$310', '高級雙床房「雙衣帽間·零壓床品·65寸投屏電視」:HK$317', '高級大床房「零壓床品-頂噴花灑-乾濕分離-投屏電視」:HK$332', '尊享大床房「零壓床品-空氣凈化器-沐浴頂噴-投屏電視」:HK$352']"
西昌市政務中心亞朵酒店,9.7,"['行政大床房（智能語音+無線投屏+冰箱）:HK$403', '幾木大床房（智能語音+無線投屏+2代深睡POR記憶枕+冰箱+浴袍）:HK$439', '行政雙床房（智能語音+無線投屏+冰箱）:HK$439', '幾木雙床房（2代深睡POR記憶枕+無線投屏+冰箱+浴袍）:HK$475', '幾木庭院大床房（智能語音+2代深睡POR記憶枕+無線投屏+冰箱+浴袍）:HK$475']"
朗燊酒店（西昌火把廣場海河天街店）,8.8,"['特價單間:HK$305', '商務標間:HK$353', '商務單間:HK$353', '豪華標間:HK$430']"
西昌四喜客棧,8.7,"['特價觀景陽台|舒適寬敞-大床房:HK$221', '露天陽台|庭院舒·大床房:HK$244', '特價寬敞|庭院靜謐.大床房:HK$279', '高級觀景雙陽台|一客一廳麻將雙床套房:HK$302']"
壹家酒店（普格縣螺髻山風景區店）,9.5,"['窗外好景大床房（智能小度+雲朵記憶枕）:HK$484', '宜人山景雙床房（智能小度+雲朵記憶枕）:HK$519', '情侶約會大床房（智能小度+雲朵記憶枕）:HK$537', '動人夜景雙床房（智能小度+雲朵記憶枕）:HK$591']"
星程酒店（西昌邛海濕地店）,9.6,"['大床房（喜臨門床墊+電視投屏+小冰箱）:HK$259', '山景高級大床房（喜臨門床墊+電視投屏+小冰箱）:HK$278', '山景高級雙床房（喜臨門床墊+電視投屏+小冰箱）:HK$278', '遠景豪華大床房（喜臨門床墊+電視投屏+小冰箱）:HK$331']"
傳家合院（邛海17°店）,9.7,"['典雅雙床:HK$570', '花園靜逸 雙床:HK$692', '熙雅浴缸大床房:HK$794', '尚雅浴缸大床房:HK$896', '花園·嫻雅浴缸大床房:HK$998']"
西昌千里走單騎度假民宿（建昌古城店）,9.6,"['言樹庭院大床房:HK$344', '密悦庭院雙床房:HK$344', '棲雲庭院大床房:HK$437', '隨遇觀景商務套房:HK$539', '月影泡池親子套房:HK$650']"
煙嵐裏·曲水山澗生活美學holiday villa（西昌大石板古村店）,9.7,"['葉驚秋丨花朝大床房:HK$497', '葉醒春丨與光大床房:HK$528', '方覺夏丨伴溪雙床房:HK$565', '韓冬青丨山也雙床房:HK$610', '望繁星丨山月·觀景大床房:HK$654']"
月都假日酒店（西昌建昌古城店）,9.2,"['標準·Sealy陽光大床房-功能枕-一次性馬桶轉紙-羽絨枕:HK$225', '標準·Free舒適雙床房-功能枕-羽絨枕-一次性馬桶轉紙:HK$225', '輕奢·Soft深眠大床房-羽絨枕-一次性馬桶轉紙:HK$272', '雅月·雙床房-功能枕-羽絨枕-投屏電視一次性馬桶轉紙:HK$291']"
靈隱古村酒店,9.7,"['禪修.山景雙床房:HK$315', '悟道.聽濤大床房:HK$402', '靈境.雅居二室套房:HK$566', '歸隱.別院三室套房:HK$664']"
美姑賓館,9.0,"['精緻特價雙床房:HK$294', '靜謐雙床房:HK$333', '雅緻雙床房:HK$333', '舒適雙床房:HK$371']"
西昌鬱錦香酒店（萬達邛海17度店）,9.3,"['妙趣城景大床房:HK$384', '妙趣城景雙床房:HK$384', '妙趣愉夢大床房:HK$426', '妙趣愉夢雙床房:HK$426', '趣享温馨大床房:HK$458']"
嶲州·印象酒店（越西嶲州大道高鐵站店）,9.6,"['印象丨尊享豪華大床房（乳膠床墊+智能馬桶+智能客控+負離子高速吹風）:HK$340', '印象丨尊享豪華雙床房（乳膠床墊+智能馬桶+智能客控+負離子高速吹風）:HK$351', '印象丨奢享私湯大床房（乳膠床墊+暖心浴缸+智能馬桶+智能客控+負離子高速吹風）:HK$395', '印象丨歡享親子家庭房（乳膠床墊+智能客控+小童玩具+負離子高速吹風）:HK$395']"
