酒店名称,评分,房型价格列表
渭南華年酒店（臨渭區高新萬達店）,8.8,"['標準間【一次性馬桶墊+強wifi+】:HK$105', '尊享雙床房【純凈水無限暢飲+全屋貼身一次性用品】:HK$140', '舒適雙床房【一次性馬桶墊+強wifi]+純凈水無限暢飲:HK$149', '單人間:HK$149']"
渭南貴賓樓酒店,9.5,"['高級大床房:HK$303', '豪華大床房:HK$380', '豪華套房:HK$745']"
如家酒店·neo（渭南勝利大街店）,9.4,"['大床房A（電視投屏）:HK$194', '商務大床房（電視投屏）:HK$219', '雙床房（電視投屏）:HK$227', '高級雙床房（電視投屏）:HK$236']"
渭南天啟悦華酒店,9.4,"['商務雙床房:HK$238', '商務大床房:HK$252', '精品雙床房:HK$252', '豪華雙床房:HK$269', '精品大床房:HK$292']"
漢庭優佳酒店（渭南北站樂天大街店）,9.8,"['大床房（零壓枕+金可兒床墊）:HK$223', '高級大床房（零壓枕+55寸投影電視）:HK$232', '雙床房（零壓枕+55寸投影電視）:HK$242', '家庭房（零壓枕+55寸投屏電視）:HK$251']"
白玉蘭酒店（渭南杜化路海興城店）,9.1,"['玉舒雙床房（獨立空調+安睡寶枕頭）:HK$214', '玉舒大床房（獨立空調+安睡寶枕頭）:HK$228', '蘭舒大床房（獨立空調+安睡寶枕頭）:HK$236', '蘭舒雙床房（獨立空調+安睡寶枕頭）:HK$236']"
全季酒店（渭南解放路店）,9.6,"['大床房:HK$411', '雙床房:HK$420', '高級雙床房:HK$458', '高級大床房:HK$468']"
渭南中創温德姆至尊豪廷大酒店,9.5,"['電競房（技嘉B760M+I5-13490F盒+2K170HZ曲面）:HK$349', '精緻大床房:HK$365', '精緻雙床房:HK$365', '高級大床房:HK$426', '高級雙床房:HK$435', '豪華大床房:HK$470']"
渭南光明大酒店,8.8,"['舒適雙床房:HK$267', '豪華雙床房:HK$334', '行政大床房:HK$476', '標準大床套房:HK$667']"
桃園·美莎國際酒店（渭南北站店）,9.4,"['高級雙床房:HK$370', '高級大床房:HK$421', '行政雙床房:HK$458', '行政大床房:HK$470', 'B.Duck小黃鴨主題房:HK$569', '靜謐·甜夢套房:HK$581']"
印迪格酒店（華州店）,9.7,"['特惠大床房:HK$166', '雅緻大床房:HK$176', '雅緻雙床房:HK$176', '豪華大床房:HK$196', '豪華雙床房:HK$196']"
渭南華州大酒店,7.7,"['豪華標準間:HK$205', '經濟商務間:HK$239', '商務雙床房:HK$260', '觀景大床房:HK$293']"
雲庭智能酒店（渭南師範學院店）,9.0,"['豪華百寸投影雙床房（中央空調+一次性面巾）:HK$210', '豪華百寸投影榻榻米雙床房（中央空調＋落地窗）:HK$219', '豪華百寸投影榻榻米大床房（中央空調＋落地窗）:HK$220', '豪華100寸電競投影榻榻米雙床房（中央空調+落地窗）:HK$225']"
渭南桃花源壹山窯民宿,10.0,"['新中式床炕房:HK$204', '標準雙床房:HK$212', '大床房:HK$354']"
L智能酒店（華州站店）,9.5,"['輕奢雙床房:HK$140', '高級智能大床房:HK$155', '高級智能雙床房:HK$162', '尊享雙床房:HK$173']"
渭南聖安酒店（信達廣場店）,8.2,"['特惠標準間:HK$159', '精品大床房:HK$159', '特惠大床房:HK$167', '尚品雙床房:HK$174']"
海友酒店（渭南解放路店）,9.7,"['大床房:HK$171', '雙床房:HK$191', '高級大床房:HK$191', '套房:HK$248']"
渭南金世特酒店,8.8,"['豪華雙床房（護脊床墊+超大桶純凈水）:HK$165', '特惠雙床房（護脊床墊+超大桶純凈水）:HK$165', '豪華大床房（護脊床墊+超大桶純凈水）:HK$175', '商務雙床房（護脊床墊+超大桶純凈水）:HK$185']"
派酒店（渭南吾悦廣場店）,9.7,"['惠選大床房:HK$141', '商務大床房:HK$149', '精選大床房:HK$158', '商務雙床房:HK$158']"
陝化賓館,9.8,"['豪華標準間:HK$204', '套房:HK$204', '豪華大床房:HK$252', '商務套房:HK$411']"
華熙客棧,9.6,"['標準間:HK$119', '温馨大床房:HK$119', '商務套房:HK$141', '舒適三人間:HK$163']"
渭南七格格賓館,9.3,"['大床房:HK$129', '雙人床:HK$151', '多人房:HK$369']"
豪庭酒店（渭南華州區店）,8.6,"['豪華時尚大床房:HK$101', '豪華雙床房:HK$110', '豪華家庭親子房:HK$138', '豪華雙床大套房:HK$333']"
渭南惠歐精選酒店,8.9,"['標準間:HK$125', '圓床房:HK$125', '大床房:HK$125', '豪華大床房:HK$135']"
晴天民宿,8.5,"['小彥家大床房:HK$108', '小安家大床房:HK$108', '十八號電影房:HK$108', '小米院子電影房:HK$108']"
渭南麗景公寓酒店（高新萬達店）,8.1,"['特惠大床房（冷氣開放）:HK$108', '豪華大床房（冷氣開放）:HK$142', '全景大床房（冷氣開放）:HK$192', '浪漫圓床房（冷氣開放）:HK$195']"
渭南少華山福祿客棧,9.3,"['經濟大床房:HK$85', '温馨大床房:HK$116', '温馨標間:HK$129', '清新榻榻米:HK$147']"
未來生活酒店（渭南信達廣場店）,9.5,"['特價房:HK$225', '大床房:HK$245', '高級雙床房:HK$245', '高級大床房:HK$263']"
渭南愛尚電競酒店,5.9,['電競五人麻將智享房:HK$441']
渭南力瑞特公寓式酒店,2.4,"['商務標間:HK$147', '商務大床房:HK$147']"
渭南佳鑫賓館,6.8,"['舒適大床房:HK$85', '温馨標間:HK$98', '雙人大床房:HK$98', '三人間:HK$129']"
渭南神火賓館,6.0,"['經濟房:HK$109', '舒適雙床房:HK$131', '商務大床房:HK$131', '豪華套房:HK$260']"
渭南鑫泊商務酒店,2.8,"['大床房:HK$98', '標準間:HK$106', '温馨大床房:HK$106', '温馨家庭房:HK$136']"
華景國際酒店（華山景區店）,9.5,"['EIegance雲舒雙床房（語音智控+親膚床品）:HK$299', 'Hidden曦閣雙床房（語音智控+親膚床品）:HK$301', 'Hidden嵐軒大床房（語音智控+親膚床品）:HK$301', 'EIegance枕嵐大床房（語音智控+親膚床品）:HK$379', 'Private棲庭雙床房（語音智控+親膚床品+私享庭院）:HK$388']"
見山喜美宿（華山遊客中心店）,9.9,"['落入晚風圓床房:HK$295', '秋意山景大床房:HK$314', '望岳山景雙床房:HK$315', '雲棲山景三人間:HK$342']"
眷山酒店（華陰華山景區店）,9.6,"['幻山·影院大床房:HK$297', '關西·庭院雙床房:HK$297', '捉擬·親子家庭房:HK$359', '三峯·精緻三人房:HK$404']"
華美雅緻酒店（華山景區遊客中心店）,9.2,"['温馨大床房:HK$252', '星居·星空大床房:HK$261', '温馨雙床房:HK$294', '雅緻大床房:HK$326', '雅緻雙床房:HK$326']"
陝西地建南山（華山）温泉酒店,9.2,"['甄選童趣園景親子大床房:HK$730', '甄選童趣園景親子雙床房:HK$730', '園景輕奢雙床房:HK$731', '園景尊享雙床房:HK$731', '山景尊享雙床房:HK$737', '山景輕奢雙床房:HK$737']"
美豪酒店（華陰華山遊客中心華山北站店）,9.5,"['精緻時光大床房:HK$356', '精緻時光雙床房:HK$390', '雅緻格調大床房:HK$399', '雅緻格調雙床房:HK$424', '輕奢城景行政套房:HK$535']"
跡墨九間房酒店（華山遊客中心店）,9.5,"['靜心時光標準間:HK$151', '優選大床房:HK$151', '觀山時光標準間:HK$163', '雅緻大床房:HK$165']"
花築·華山村子哩民宿 （華山景區遊客中心店）,9.8,"['精選雙床房（零壓床墊+高速吹風機）:HK$217', '雅緻雙床房（零壓床墊+高速吹風機+隱山景）:HK$228', '精選大床房（零壓睡眠+徠芬吹風+投屏電視+隱山景）:HK$239', '雅緻影院大床房（投影儀+零壓床墊+高速吹風機+觀山景）:HK$256']"
中華郡温泉酒店,9.3,"['大床房:HK$260', '豪華大床房:HK$326', '商務標間:HK$326', '豪華商務套房:HK$544', '觀景大床房:HK$544']"
跡墨文化客棧（華山景區遊客中心店）,9.7,"['凈隅拾光雙床房:HK$154', '清風古韻大床房:HK$177', '雲攬夢月·家庭親子房:HK$186', '碧水小院聚會三人間:HK$201']"
全季酒店（華陰華山景區店）,9.8,"['高級大床房（金可兒床墊+65寸電視投屏+小冰箱）:HK$391', '雙床房（金可兒床墊+65寸電視投屏+小冰箱）:HK$391', '山景雙床房（山景+金可兒床墊+65寸電視投屏+小冰箱）:HK$422', '家庭房（金可兒床墊+65寸電視投屏+小冰箱）:HK$472']"
美豪怡致酒店（華山遊客中心店）,9.3,"['怡致 | 見山雙床房 「零壓床墊」:HK$352', '怡岳 | 山景大床房「眺望山景」:HK$420', '怡岳 | 風情雙床房「抗蟎布草」:HK$466', '怡致 | 影院雙床房「智能客控」:HK$530', '怡享 | 親子房「智能化粧鏡」:HK$668']"
華山華悦裏酒店,9.5,"['睡仙·精選雙床房（温馨舒適+親膚床品+無線投屏）:HK$222', '尊享·麗致雙床房（無線投屏+親膚床品+廊窗觀岳）:HK$235', '尊享·雅緻大床房（無線投屏+親膚床品+廊窗觀岳）:HK$235', '巨幕·影院雙床房（堅果影院+親膚床品+百寸幕布）:HK$245', '巨幕·影院大床房（堅果影院+親膚布草+百寸幕布）:HK$245']"
希岸Deluxe酒店（華陰華山景區店）,9.5,"['Deluxe大床房:HK$296', 'Deluxe雙床房:HK$314', 'Deluxe豪華大床房:HK$340', 'Deluxe豪華雙床房:HK$375', 'Deluxe純凈雙床房:HK$427']"
Urba柏納民宿（華山景區遊客中心店）,9.8,"['聽風·Cloud豪華雙床房（液晶電視+休閑座椅）:HK$219', '忘月·Scenery豪華大床房（液晶電視+休閑座椅）:HK$226', '攬山·\u200cRiver\u200c山河景大床房（液晶電視+觀山河景）:HK$233', '問竹·Stream山河景雙床房（液晶電視+觀山河景）:HK$244']"
華山旺角·美宿Mong Kok Boutique設計民宿（華山景區售票處店）,9.8,"['居 · 太華棲雲雙床房（零壓床品+觀華山美景+落地窗）:HK$176', '居 · 太華棲雲大床房（零壓床品+觀華山美景+落地窗）:HK$176', '舍 · 羣峯疊翠三人間（超大空間+零壓床品+觀華山美景）:HK$205', '閣 · 松濤對弈雙床房（零壓床品+觀華山美景+落地窗）:HK$234']"
韓城文淵閣酒店,8.9,"['城景雙床房:HK$294', '城景大床房:HK$310', '花園雙床房:HK$326', '花園大床房:HK$342', '花園豪華套房:HK$581', '城景豪華套房:HK$597']"
