酒店名称,评分,房型价格列表
芙蓉鎮茶兮泰假日酒店,9.5,"['望山·新中式高級雙床房 | 180°全景山林+品茗雅座:HK$423', '望山·新中式高級大床房 | 180°全景山林+品茗雅座:HK$423', '伴水·雅緻雙床房 | 280°私享江景+獨立觀景陽台:HK$481', '伴水·雅緻大床房 | 私湯江景+180°全景深泡浴缸:HK$481', '觀瀑·甄選雙床房 | 270°瀑布山河景+獨立觀景陽台:HK$509', '觀瀑·甄選大床房 | 180°瀑布山河景+獨立觀景陽台:HK$518']"
安萘·溪州紀酒店（芙蓉鎮景區店）,9.5,"['雅溪·優享雙床房:HK$599', '雅溪·優享大床房:HK$627', '雅溪·精緻雙床房:HK$664', '雅溪·茶藝大床房:HK$722', '野溪·電影大床房:HK$722', '畫溪·茶藝雙床房:HK$761']"
安萘·魔方酒店（吉首市政府店）,9.4,"['橙堡私湯電影大床房:HK$259', '收藏家豪華雙床房:HK$259', '繁星城景商務大床房:HK$350', '紀光巨幕電影大床房:HK$470', '魔術師高級雙床房:HK$474']"
吉首湘泉陽光酒店,9.4,"['尊享豪華雙床房:HK$365', '尊享豪華大床房:HK$400', '休閑娛樂大床房:HK$417', '豪華單間:HK$426', '豪華標間:HK$426', '行政單間:HK$503']"
客巢輕奢酒店（鳳凰古城虹橋店）,9.5,"['暢享影音雙床房【智能馬桶+巨幕投屏觀影】:HK$277', '私密觀影大床房【智能馬桶+沉浸式觀影】:HK$288', '一室一廳觀影大床房【自動麻將機+智能馬桶+冰箱】:HK$326', '輕奢智能雙人房【輕享床墊+智能馬桶+小冰箱】:HK$352', '輕奢智能大床房【輕享床墊+智能馬桶+浴缸】:HK$361']"
覓境古城民宿酒店（吉首市乾州古城店）,9.4,"['特惠大床房【雅緻温馨+80支棉紗床品+深睡枕】:HK$263', '特惠雙床房【靜謐後花園+古城特色四合院】:HK$274', '院子裏雙床房【古城特色院落+乳膠床墊+益高衞浴】:HK$305', '複式影院大床房【上下兩層空間+100寸投影+古城特色】:HK$380']"
懸園·觀景庭院民宿（芙蓉鎮大瀑布店）,9.7,"['古典陽台.大床房［全景落地窗+陽台+品茗桌椅］:HK$404', '浪漫陽台·大床房［全景落地窗+陽台+品茗桌椅］:HK$476', '看山古典·雙床房［全景落地窗+陽台］:HK$495', '浪漫陽台·圓床房［全景落地窗+陽台+品茗桌椅］:HK$531']"
鳳凰城精品酒店（鳳凰古城店）,9.6,"['高級院景標準間【古木傢俱丨中式落地燈】:HK$683', '高級院景大床房【古木傢俱丨中式書桌】:HK$792', '精品江景標準間【紅木茶几丨推窗觀景】:HK$1,042', '精品江景大床房【紅木茶几丨推窗觀景】:HK$1,042', '豪華江景陽台雙床房【全屋紅木高定丨180度觀景陽台】:HK$1,151', '豪華江景陽台大床房【全屋紅木高定丨180度觀景陽台】:HK$1,151']"
土司宣府（芙蓉鎮大瀑布店）,9.5,"['靜水流深·閣樓大床房:HK$761', '臨江暮雪·花園江景雙床房:HK$1,087', '蝶翅墨羽·庭院青瓦雙人房:HK$1,087', '南夕韶陽·庭院江景雙床房:HK$1,179']"
岸芷汀蘭庭院江景民宿（鳳凰古城沱江店）,9.6,"['銜遠山·望江大床房:HK$494', '覽水色·江景大床房:HK$532', '春和景明·江景露台套房-私享花園|私享浴缸:HK$541', '靜影沉璧·江景雙床房:HK$560', '皓月千里·江景露台大床房-私享影音:HK$560']"
全季酒店（湘西鳳凰古城店）,9.6,"['高級大床房:HK$569', '豪華大床房:HK$643', '高級雙床房:HK$651', '豪華雙床房:HK$708']"
鳳凰夢棲吊腳樓江景民宿,9.8,"['山景大床房:HK$399', '山景雙床房:HK$525', '山景麻將大床房:HK$532', '江景陽台露台大床房:HK$598']"
鳳凰大隱千府民宿（古城店）,9.9,"['聽澗·大床房:HK$643', '星月山·陽光大床房:HK$665', '花澗雨·雙床房:HK$673', '窺月·雙床房:HK$673', '詠荷·雙床房:HK$700']"
鳳凰舒依民宿（鳳凰古城店）,9.8,"['相宜高級大床房:HK$240', '好聚高級雙人間:HK$283', '尋覓豪華陽台大床房:HK$290', '優選標準三人間:HK$351']"
等你來.傾城輕奢民宿（鳳凰古城中心店）,9.7,"['悦已園景大床房:HK$371', '悦己園景雙床房:HK$472', '傾心臨江陽台大床房:HK$674', '傾城江景陽台大床房:HK$722', '傾心臨江陽台雙床房:HK$789']"
鳳凰堂舍·見山酒店（鳳凰古城店）,9.7,"['山憶-享·治癒雙床房『智能客控+澳洲DOWNIA床品+新風系統+Duravit漢斯格雅衞浴』:HK$941', '春曉-詫寂東方大床房『尊享浴缸+智能客控+澳洲DOWNIA床品+Duravit漢斯格雅衞浴』:HK$1,084', '春曉-温馨親子雙床房『主題設計+小童帳篷+智能客控+澳洲DOWNIA床品+Duravit漢斯格雅衞浴』:HK$1,193', '春曉-詫寂東方雙床房『尊享浴缸+智能客控+Capsule Coffee+澳洲DOWNIA床品+Duravit漢斯格雅衞浴 』:HK$1,193', '秋月-扶光一室一廳大床套房『尊享浴缸+智能客控+澳洲DOWNIA床品+暖心壁爐+Duravit漢斯格雅衞浴』:HK$1,193', '秋月-望舒一室一廳大床套房『院落景觀+尊享浴缸+智能客控+澳洲DOWNIA床品+暖心壁爐+Duravit漢斯格雅衞浴 』:HK$1,315']"
素履蓮花·墨蘭禪意江景酒店,9.8,['至尊江景親子套房:HK$971']
鳳凰青城山水·庭院觀景民宿,9.8,"['星辰·浴缸大床房:HK$314', '瀾庭·陽台大床房:HK$370', '靜謐·山景雙床房:HK$370', '雨墨·觀景陽台大床房:HK$435']"
花垣悠然居民宿（茶峒古鎮店）,9.4,"['豪華大床房:HK$321', '豪華標準房:HK$321', '臨江情調大床:HK$407', '豪華江景套房:HK$537']"
虹橋故事民宿（鳳凰古城景區虹橋店）,9.8,"['特價雙床房:HK$380', '標準大床房:HK$432', '豪華大床房:HK$457', '標準雙床房:HK$457', '豪華雙床房:HK$473']"
白河溪谷客棧（芙蓉鎮大瀑布店）,9.6,"['清平村居·觀景獨享陽台大床房·280°觀夜景全景:HK$693', '清平村居·觀景獨享陽台雙床房·280°觀夜景全景:HK$750', '清平村居·親子閣樓·280°觀夜景全景:HK$797', '清平村居·觀景獨享陽台三床套房·280°觀夜景全景:HK$1,574']"
兮木酒店（芙蓉鎮大瀑布店）,9.6,"['望兮·榻榻米大床房（巨幕投影|深眠乳膠床墊）:HK$379', '來兮·榻榻米內陽台雙床房（巨幕投影｜深眠乳膠床墊）:HK$428', '友兮·陽台街景雙床房（巨幕投影｜深眠乳膠床墊）:HK$474', '倩兮·陽台影院大床房（智能馬桶｜巨幕投影）:HK$503']"
和沐嘉酒店（吉首乾州古城世紀廣場店）,9.5,"['【恬靜安睡】麗致雙床房（五星級同款床品+定製床墊+羽絨枕+決明子枕）:HK$176', '【恭喜發財】麻將大雙房（久坐不累舒適桌椅+空氣自動凈化+全自動麻將桌）:HK$190', '【靜逸之境】優享窗景大床房（沉浸式獨享180度窗景）:HK$294', '【雙人組隊】電競2人房（全場i7-9750+16G內存+2060顯卡2060+27.2寸電競屏+傲風電競座椅+專用冰箱）:HK$306', '【躺平治癒】舒睡大床房（五星級同款床品+定製床墊+羽絨枕）:HK$318']"
悠悠水畔•高端江景民宿（鳳凰古城景區南華門店）,9.3,"['凡塵清心•江景陽台大床房|江景獨立陽台:HK$379', '南風憶夢•江景大床房|江景玻璃落地窗:HK$379', '煙雨江畔•江景陽台大床房【江景陽台+地毯+中央空調】:HK$474', '衹若初見•江景陽台雙床房『江景獨立陽台+智能馬桶』:HK$532']"
吉首煜龍國際酒店,9.4,"['尊享高級大床房:HK$223', '尊享高級雙床房:HK$223', '行政大床房:HK$276', '尊享豪華雙床房:HK$311', '尊享豪華大床房:HK$311']"
麗呈別院（吉首市政府乾州古城店）,9.4,"['標準大床房（舒睡靜享）:HK$340', '高級大床房（舒睡靜享）:HK$369', '高級雙床房（舒睡靜享）:HK$369', '觀影房（身臨其境4K超清千部資源）:HK$582', '豪華大床房:HK$604']"
榕域國際酒店（吉首市政府乾州古城店）,9.3,"['270度古城夜景大床房（迷人夜景+鵝絨被芯+乳膠床墊）:HK$256', '270度空中城景大床房（迷人夜景+乳膠床墊+鵝絨被芯）:HK$256', '尊貴觀景豪華雙人套房（乳膠床墊+鵝絨被芯+1房1廳）:HK$318', '尊貴觀景棋牌豪華套房（乳膠床墊+鵝絨被芯+超大空間）:HK$320']"
誠雲悦夕度假酒店（鳳凰古城虹橋店）,9.4,"['特價大床房:HK$389', '特價雙床房:HK$476', '高級大床房-小度客控+智能投屏:HK$551', '高級雙人房-小度客控+智能投屏:HK$551', '豪華雙人房-小度客控+智能投屏:HK$658']"
鳳凰棲遲一家人江景民宿,9.6,"['謐夜江景大床房:HK$462', '枕水江景大床房:HK$463', '璽悦江景雙床房:HK$559', '瀾舍江景雙床房:HK$559']"
阿呆民宿（芙蓉鎮大瀑布店）,9.3,"['悦享180°陽台雙人間:HK$331', '清風雅緻180°陽台雙床房:HK$403', '歡享蜜月180°江景陽台大床房:HK$493', '漫語時光180°江景陽台雙人間:HK$493']"
青山見江景吊腳樓客棧（鳳凰古城虹橋北門碼頭店）,9.7,"['清歡｜「城景街景大床房」非臨江（中央空調+智能馬桶）:HK$350', '隨心｜「城景街景雙床房」非臨江（中央空調+智能馬桶）:HK$370', '溪橋夜月｜江景大床房（智能客控+超大陽台+投影畫幕）:HK$635', '水畔｜臨水江景180度觀景大床房（超大陽台+小度智能客控+江景一線投影畫幕）:HK$665']"
鳳凰素履蓮花·璞樹漫居江景度假民宿,9.4,"['城景大床房:HK$356', '高級江景大床房||智能體感馬桶·180°觀江景:HK$522', '高級江景雙床房||180°觀江景·望山景:HK$562', '豪華江景雙床房||180°觀江景·舒適床品:HK$585', '豪華江景大床房||180°觀江景·深泡浴缸:HK$585']"
醉江月智慧江景酒店（鳳凰古城沱江雲橋店）,9.7,"['朝朝·見日江畔大床房:HK$546', '歲歲·知春江城大床房:HK$622', '裊裊·影幕江霧大床房:HK$622', '裊裊·影幕江霧大床房-大空間:HK$655']"
鳳凰一泉江景民宿（鳳凰古城沱江店）,9.9,"['禪意靜居 | 逸居大床房·德國Grohe衞浴:HK$522', '畫舫聽雨 | 浴缸大床房·德國Grohe衞浴:HK$607', '橋影晨曦 | 聽泉大床房·德國Grohe衞浴:HK$630', '煙雨流年 | 苗韻大床房·德國Grohe衞浴:HK$705', '亭畔江風 | 江景大床房·德國Grohe衞浴:HK$736']"
鳳凰山水蓮心精品度假酒店（鳳凰古城雲橋店）,9.5,"['蓮心花語大床房（科勒衞浴+智能馬桶+智能窗簾）:HK$417', '蓮心雅閣大床房（科勒衞浴+智能馬桶+智能窗簾）:HK$507', '蓮心淡雅雙床房（科勒衞浴+智能馬桶+智能窗簾）:HK$538', '蓮心高級雙床房（科勒衞浴+智能馬桶+智能窗簾）:HK$559', '高級江景大床房（觀日出+雨季煙雨景觀+古城夜景景觀+地標美景雲橋+科勒衞浴）:HK$648', '高級家庭套房（科勒衞浴+智能馬桶+智能窗簾）:HK$731']"
白河人家客棧（芙蓉鎮大瀑布店）,9.7,"['星亭谷院・天井四合院中式庭院星空觀景榻榻米大床房:HK$289', '清水魚人・臨江家庭親子房:HK$370', '水霧雲石・陽台180°聽雷觀景江景雙床房（A棟）:HK$452', '依山吊腳・獨立陽台270°全景觀景江景雙床房:HK$532']"
土王行宮·八部堂（芙蓉鎮大瀑布店）,7.6,"['懸崖居臨江觀瀑大床房:HK$512', '瀑布驚雷臨江觀瀑雙標房:HK$601', '東廂無敵觀瀑雙標房:HK$777', '穹廬180度觀瀑雙標房:HK$865']"
鳳凰山雨·桐富吊腳樓江景民宿,9.5,"['漢宮秋江景陽台大床房（原創一線江景投影畫幕）:HK$570', '半夏曲江景陽台大床房（原創一線江景投影畫幕）:HK$570', '竹節香附江景陽台標準間（原創一線江景投影畫幕）:HK$592', '何草江景陽台特大床房（原創一線江景投影畫幕）:HK$592']"
龍山世紀百年大酒店,9.6,"['標準大雙床房-安心休憩+舒適深眠:HK$190', '行政大床房-180度城市好視野:HK$236', '行政雙床房-超大空間+舒適睡眠:HK$236', '棋牌娛樂房-休閑麻將:HK$275', '智享大床房-100寸巨幕觀影:HK$280']"
花築·白河花谷客棧（芙蓉鎮瀑布店）,9.6,"['歸簡·近山花居大床房:HK$464', '歸簡·近山花居雙床房:HK$529', '歸樂·280°觀景獨享星空大花園·蜜月大床房:HK$844', '歸閑·觀景陽台茶室.家庭豪華雙床房:HK$844', '歸隱·280°觀景獨享外陽台茶室·雅趣雙床房:HK$950']"
鳳凰故里明月全景民宿（萬名塔虹橋店）,9.5,"['故里雙床房:HK$426', '福月陽台浴缸大床房（非全景）:HK$672', '明月全景大床房（外陽台）:HK$705', '明月全景雙床房（外陽台）:HK$733', '超大頂樓三人間非江景:HK$762']"
聞溪攬月精品民宿（芙蓉鎮大瀑布店）,9.5,"['攬月 全景觀大陽台江景夜景大床房:HK$721', '踏岸·全景觀大陽台江景夜景雙床房:HK$805', '觀潭·全景觀大陽台江景夜景雙床房:HK$805', '喜月.全景觀大陽台蜜月江景夜景大床房:HK$854']"
棲鳳山隱·1945設計師庭院酒店（鳳凰古城南華門店）,7.9,"['竹影 · 靜雅雙床房｜全屋智能｜4K投影｜:HK$310', '鶴倚 · 陽光雙床房｜全屋智能｜4K投影｜:HK$319', '浮予 · 浴缸大床房｜古城景｜全屋智能｜4K投影｜:HK$335', '天青 · 娛樂套房｜兩室一廳｜:HK$448']"
白河碼頭客棧（芙蓉鎮大瀑布店）,9.5,"['竹屋茅舍·石屋觀瀑江景陽台雙床房:HK$597', '鄉紳四合·鄉紳觀瀑江景大床房:HK$692', '鄉紳四合·鄉賢觀瀑江景大床房:HK$692', '民國舊風·仁愛觀瀑江景陽台雙床房:HK$692']"
獨白·江景民宿（鳳凰古城景區沱江店）,9.8,"['古官道街景大床房（B棟51-1）:HK$269', '古官道街景雙床房（B棟51-1）:HK$279', '江景獨立陽台大床房（B棟51-1）:HK$847', '江景獨立陽台雙床房（B棟51-1）:HK$847']"
鳳凰愛琴海度假酒店,9.5,"['春庭雪-酣睡舒適大床房【全屋智控+親膚純棉四件套】:HK$400', '映江月-酣睡舒適雙床房【全屋智控+親膚純棉四件套】:HK$438', '雲水間-酣睡舒適三人房【全屋智控+親膚純棉四件套】:HK$533', '共嬋娟-棋牌娛樂套房【全屋智控+親膚純棉四件套】:HK$569', '秋風起-親子套房【全屋智控+親膚純棉四件套】:HK$574']"
全季酒店（鳳凰古城雲橋店）,9.7,"['高級大床房（智能客控+安靜睡眠）:HK$295', '高級雙床房（智能客控+安靜睡眠）:HK$336', '江景大床房（絕美沱江夜景+房內觀鳳凰樣子煙花秀）:HK$377', '江景雙床房（絕美沱江夜景+房內觀鳳凰樣子煙花秀）:HK$417']"
花垣凱天麗呈酒店（城市中央店）,8.8,"['韻呈雙床房:HK$263', '韻呈大床房:HK$263', '麗呈影視雙床房:HK$302', '臻呈大床房:HK$331', '休閑棋牌房:HK$407']"
芙蓉鎮陌丘輕奢▪高端觀景民宿,9.7,"['星空露台·精緻大床房:HK$360', '星空露台·豪華大床房:HK$390', '山景河景·陽台大床房:HK$465', '禪意山水·陽台雙床房:HK$465']"
鳳凰暮色輕奢江景民宿,9.5,"['觀景大床房:HK$475', '江景陽台大床房:HK$879', '江景陽台雙床房:HK$879', '露天陽台雙床房:HK$879']"
