酒店名称,评分,房型价格列表
玖棲·雅緻酒店（漢中中心廣場高鐵站店）,9.6,"['雅緻零壓大床房:HK$202', '商務零壓大床房:HK$215', '雅緻零壓雙床房:HK$228', '商務零壓雙床房:HK$248', '高級商務雙床房:HK$281']"
翔龍茶文化酒店（漢中高鐵站萬邦旗艦店）,9.7,"['茶韻丨雙床房:HK$223', '茶韻丨大床房:HK$289', '茶雅丨零壓高級大床房-空氣凈化器+直飲水+茶梗香薰爐:HK$289', '茶雅丨城景高級雙床房-空氣凈化器+直飲水+茶梗香薰爐:HK$341', '茶樂丨家庭親子套房[母子床+超大空間+空氣凈化器]:HK$539']"
漢中壹境·泊居江灣花園酒店（天漢濕地公園店）,9.5,"['靜謐.園景大床房:HK$255', '寫意·園景大床房丨賞花養眼+躺平治癒>:HK$270', '舒適·園景雙床房:HK$286', '輕奢·泊江大床房 | 親近自然 + 陽光滿屋 >:HK$371', '奢享·獨立庭園江灣大床房 | 花園露台 + 懸空飄窗 >:HK$371']"
漢中火車站中心廣場桔子水晶酒店,9.7,"['大床房（智能客控+65寸可投屏電視+絲漣床墊）:HK$391', '高級大床房（智能客控+65寸可投屏電視+絲漣床墊）:HK$421', '高級雙床房（智能客控+65寸可投屏電視+絲漣床墊）:HK$452', '豪華大床房（智能客控+65寸可投屏電視+絲漣床墊）:HK$471', '豪華雙床房（智能客控+65寸可投屏電視+絲漣床墊）:HK$512']"
漢中·靜瀾半舍酒店（天漢濕地公園店）,9.4,"['半隱·清風陽光大床房（智能客控+乾濕分離）:HK$325', '半隱·清風巨幕庭院大床房（百寸影音觀影+獨立庭院露台）:HK$357', '雅舍·親水園景大床房（臨水而居+全景落地窗+舒達床墊）:HK$389', '雅舍·輕奢園景特大床房（臨水園景+舒適靜謐+落地窗）:HK$421', '半隱·中式意境大床房（極簡徽派風+尊享空間+全屋智能）:HK$444']"
漢中榮嘉國際酒店（漢江濕地公園店）,9.2,"['悦江-雅緻標準間:HK$327', '悦江-雅緻大床房:HK$350', '悦江-智能標準間（天貓精靈智能語音控制）:HK$358', '悦江-智能大床房（天貓精靈智能語音控制）:HK$383', '麗致豪華標準間:HK$399']"
艾斯·柏月酒店（漢中高鐵站中心廣場店）,9.6,"['舒享大床房（零壓床墊+中央空調+明凈大窗）:HK$166', '悦享大床房（零壓床墊+中央空調+投屏電視+城景大窗）:HK$177', '愉享雙床房（零壓床墊+中央空調+投屏電視）:HK$187', '悦享雙床房（零壓床墊+中央空調+投屏電視+全身鏡）:HK$219']"
漢中郵政大酒店,9.5,"['行政雙床房:HK$286', '行政大床房:HK$290', '豪華雙床房:HK$301', '豪華大床房:HK$335', '行政商務套:HK$505']"
傲尚酒店（漢中高鐵站店）,9.1,"['格調城景大床房:HK$204', '格調城景雙床房:HK$211', '影院主題大床房:HK$233', '影院主題雙床房:HK$240', '温馨卡通親子房:HK$357']"
艾斯·翡雲酒店（陝西理工大學古漢台店）,9.4,"['悦享·智能零壓大床房（智能管家+夢百合零壓床墊超舒適）:HK$249', '悦享·智能零壓雙床房（智能管家+夢百合零壓床墊超舒適）:HK$249', '祕悦·巨幕投影大床房（智能管家+優酷會員觀影）:HK$269', '尊享·城景零壓大床房（智能投屏電視+夢百合零壓床墊）:HK$304', '尊享·城景零壓雙床房（智能投屏電視+夢百合零壓床墊）:HK$304']"
漢中艾斯國際酒店,9.3,"['城域·標準雙床房（俯瞰城市美景|100米高空醉美城景）:HK$296', '空境·浪漫圓床房（直徑1.6M浴缸|100米高空醉美江景）:HK$374', '臨水·豪華雙床房（鳥瞰音樂噴泉|100米高空醉美江景）:HK$429', '臨水·豪華大床房（鳥瞰天漢大橋|100米高空醉美江景）:HK$472', '空境·尊享大床房（180°視野賞絕美江景|100米高空醉美江景）:HK$549']"
漢中北岸雲憬酒店,9.6,"['林澗高級大床房:HK$601', '林澗高級雙床房:HK$601', '靈動豪華雙床房:HK$697', '靈動豪華大床房:HK$697', 'LOFT高級複式房:HK$828', '奢華園景雙床房:HK$845']"
古龍酒店（漢中高鐵站/萬邦店）,9.2,"['惠客雙床房:HK$193', '惠客大床房:HK$204', '舒客丨靜謐舒適雙床房「精緻睡眠+採光良好」:HK$239', '怡客丨城景高級雙床房「潔凈舒適+悦享好眠」:HK$262']"
桔子酒店（漢中中心廣場國貿店）,9.8,"['加州陽光大床房（智能客控+冷藏櫃+投屏電視）:HK$341', '加州陽光高級大床房（智能客控+冷藏櫃+投屏電視）:HK$359', '月若流金雙床房（智能客控+冷藏櫃+投屏電視）:HK$369', '月若流金商務大床房（智能客控+冷藏櫃+投屏電視）:HK$379', '月若流金高級雙床房（智能客控+冷藏櫃+投屏電視）:HK$379']"
漢中景逸之星酒店,9.2,"['雅馨雙床房:HK$301', '雅緻雙床房:HK$311', '舒適景觀大床房:HK$311', '舒雅Loft家庭房:HK$436']"
漢中興漢文化精品客棧,9.5,"['標準大床房:HK$490', '標準雙床房:HK$490', '景觀雙床房:HK$536', '豪華大床房:HK$582', '豪華雙床房:HK$582']"
漢中賓館（古漢台拜將壇店）,9.1,"['雅緻大床房（無窗）:HK$167', '雅緻標準間（無窗）:HK$167', '特惠大床房:HK$175', '高級大床房:HK$185']"
玖棲·壹宿酒店（漢中高鐵站中心廣場店）,9.3,"['零壓雅緻單間:HK$150', '零壓時尚大床房:HK$176', '零壓時尚雙床房:HK$183', '零壓雅緻大床房:HK$202']"
全季酒店（漢中北街口店）,9.6,"['高級大床房:HK$330', '雙床房:HK$340', '舒壓高級大床房:HK$377', '舒壓雙床房:HK$387']"
漢中盛世國際酒店,9.6,"['高級雙床房:HK$249', '高級大床房:HK$259', '影院大床房:HK$292', '行政雙床房:HK$304', '豪華影院大床房:HK$358']"
漢中中心廣場高鐵站雲居酒店,9.5,"['煮雨高級大床房（精緻睡眠+停車場+充電樁+慕思乳膠床墊）:HK$391', '澹懷行政大床房（精緻睡眠+慕思乳膠床墊+停車場+充電樁）:HK$423', '澹懷行政雙床房（精緻睡眠+停車場+充電樁+慕思乳膠床墊）:HK$445', '卧松純凈大床房（高端輕享+空氣凈化器+除蟎儀+智能客控+充電樁+停車場）:HK$478', '卧松日光雙床房（榻榻米+功夫茶具+停車場+充電樁）:HK$478']"
漢中金宏國際酒店,9.4,"['商務雙床房:HK$425', '雅緻商務房:HK$425', '豪華江景大床房:HK$490', '豪華江景雙床房:HK$490', '影音大床房:HK$490']"
漢中天漢景逸酒店,9.6,"['高級大床房:HK$619', '庭院雙床房:HK$619', '豪華園景大床房:HK$702', '豪華庭院雙床房:HK$702', '庭院尊享大床房:HK$1,120', '豪華園景套房:HK$1,797']"
漢中濱江花園酒店,9.3,"['雅緻標準房:HK$239', '街景大床房:HK$267', '豪華雙床房:HK$267', '臨江標準間:HK$304', '豪華大床套房:HK$703']"
漢中四海逸家酒店（陝西理工大學店）,9.3,"['逸家·舒適大床房【乳膠零壓床墊+智能客控】:HK$248', '逸雅·甜睡雙床房【乳膠零壓床墊+智能客控】:HK$252', '逸臻.尊享豪華大床房:HK$594']"
漢中田園酒店,9.5,"['豪華雙床房:HK$288', '豪華大床房:HK$317', '豪華商務雙床房:HK$467', '豪華商務大床房:HK$467', '豪華商務景觀房:HK$511']"
漢中潮舍酒店,9.4,"['輕奢雙床房:HK$304', '輕奢大床房:HK$304', '新中式大床房:HK$359', '新中式雙床房:HK$359', '家庭雙床房:HK$359']"
漢中東珅國賓大酒店（古漢台店）,8.9,"['靜怡大床房:HK$170', '舒適雙床房:HK$202', '舒適大床房:HK$209', '影音大床房:HK$230', '休閑標準間:HK$301']"
麗柏酒店（漢中中心廣場高鐵站店）,9.5,"['精緻大床房:HK$212', '精緻雙床房:HK$212', '豪華大床房:HK$233', '豪華雙床房:HK$233', '尊享套房:HK$319']"
古柏國際酒店（漢中古漢台拜將壇店）,9.5,"['特惠大床房{智能客房＋零壓睡眠}:HK$192', '舒適大床房{智能客房＋零壓睡眠+大落地窗}:HK$204', '舒適雙床房{智能客房＋零壓睡眠+大落地窗}:HK$220', '豪華雙床房{智能客房＋零壓睡眠+陽台}:HK$249']"
花築·漢中言與言文化酒店（天漢濕地公園店）,9.3,"['隱·致大床房（隱而別緻+寧靜文雅+悦心清境）:HK$370', '不語·禪悦雙床房（秀美風光+尊享闊境+悦爾不語）:HK$442', '歸隱·素悦大床房（滿園風光+觀景卧室+盎然歸來）:HK$442', '同塵•上悦LOFT大床房（複式風情+棋牌娛樂+秀麗江色）:HK$614', '同塵·上舍LOFT大床房（複式風情+攬江入懷+窗外晚霞）:HK$614']"
漢中陝飛會展中心酒店,9.5,"['豪華家庭三人間（高清投屏器+零壓力枕+小冰箱）:HK$388', '陽光家庭套房:HK$403', '商務大床房:HK$454', '豪華雙床房（獨立會客廳+零壓力枕+小冰箱）:HK$479', '豪華大床房:HK$511']"
漢中紅葉大酒店,9.2,"['標準雙床房:HK$258', '標準大床房:HK$258', '高級大床套房:HK$385', '家庭親子套房:HK$386', '豪華雙床套房:HK$386']"
漢中昌海酒店,9.1,"['玲瓏單人間:HK$202', '雅緻大床房:HK$239', '豪華雙床房:HK$286', '豪華大床房:HK$286', '行政零壓雙床間:HK$332']"
漢中漢藝文化酒店,9.3,"['漢雅精緻房:HK$387', '漢風雙床房:HK$443', '漢頌大床房:HK$443', '漢興行政大床房:HK$531', '漢賦行政雙床房:HK$531']"
維也納國際酒店（漢中天漢濕地公園天漢樓店）,9.6,"['豪華雙床房（全屋語音智能）:HK$330', '園景雙床房（全屋語音智能）:HK$416', '園景大床房（全屋語音智能）:HK$416', '影音雙床房（全屋語音智能）:HK$500']"
全季酒店（漢中中心廣場店）,9.4,"['大床房:HK$348', '高級大床房:HK$357', '商務雙床房:HK$367', '商務大床房:HK$367']"
睿居品閣酒店（漢中高鐵站店）,9.0,"['觀景温馨大床房{中央空調+ 落地窗+舒適好眠+零壓床墊}:HK$199', '觀景影音大床房{大屏投影+落地窗+中央空調+零壓床墊}:HK$210', '觀景大床房{方形浴缸 +中央空調+落地窗+靜謐空間}:HK$226', '精緻雙床房{中央空調 +舒適好眠+零壓床墊+明亮空間}:HK$227']"
凱里亞德酒店（漢中高鐵站店）,9.6,"['惠享雙床房:HK$215', '惠享大床房:HK$215', '優享大床房:HK$233', '優享雙床房:HK$233', '榮享大床房:HK$274']"
維也納酒店（漢中中心廣場高鐵站店）,9.5,"['豪華大床房:HK$267', '高級雙床房:HK$267', '商務大床房:HK$313', '豪華雙床房:HK$313']"
TOWO上品酒店（漢中中心廣場高鐵站店）,9.4,"['智能特惠大床房:HK$191', '特惠雙床房:HK$191', '智能雅緻雙床房（語音助手+超大窗户）:HK$198', '智能雅緻大床房:HK$205']"
漢庭優佳酒店（漢中火車站南廣場店）,9.6,"['大床房:HK$189', '商務大床房:HK$207', '高級雙床房:HK$208', '高級大床房:HK$208']"
九昱漢水温泉度假酒店,8.7,"['豪華雙床房:HK$262', '豪華大床房:HK$262', '商務套房:HK$532', '家庭親子房:HK$532', '小型私湯別墅:HK$860']"
漢中金江大酒店,8.9,"['迷你單間:HK$170', '高級雙床房:HK$192', '高級大床房:HK$194', '豪華雙床房:HK$196', '精緻圓床房:HK$279']"
潮漫酒店（漢中理工大學店）,9.6,"['品質欣選大床房【智能客控+65寸液晶電視+夢百合床墊】:HK$217', '品質欣選雙床房【智能客控+65寸液晶電視+夢百合床墊】:HK$217', '漫享高級大床房【智能客控+65寸液晶電視+夢百合床墊】:HK$239', '漫享高級雙床房【智能客控+65寸液晶電視+夢百合床墊】:HK$239']"
多樂酒店（吾悦廣場店）,9.3,['樂園智能親子套房（小童洗漱用品+小童遊樂設施）:HK$315']
博源·斑馬酒店（漢中高鐵站店）,9.0,"['商旅舒睡雙床房（乾濕分離+陽光通風）:HK$238', '設計師主題大床房（超大空間+乾濕分離）:HK$245', '商旅舒睡大床房（乾濕分離+陽光通風）:HK$249', '獨立別院·庭院大床房（超大空間+落地窗陽光滿屋）:HK$275']"
漢邦酒店（漢中中心廣場古漢台店）,9.4,"['影視雙床房（會員影視+65寸曲面電視+全屋智控）:HK$260', '智尚情侶房（小度智控+65寸電視投屏+雙人浴缸衞生間乾濕分離+大尺寸調光化粧鏡）:HK$354', '高層遠眺城景大床房（小度智控+65寸電視投屏+衞生間乾濕分離+大尺寸調光化粧鏡）:HK$355', '高層遠眺城景雙床房（小度智控+65寸電視投屏+衞生間乾濕分離+大尺寸調光化粧鏡）:HK$363']"
漢中海棠春酒店,9.2,"['雅緻雙床房:HK$369', '雅緻大床房:HK$369', '樂享景觀雙床房:HK$384', '奢享江景雙床房:HK$478', '尊享行政大床套房:HK$729']"
景玉和悦酒店（漢中濕地公園店）,9.3,"['別緻優雅房（精緻温馨+空氣清晰）:HK$165', '雅緻時尚房（深睡好眠+純水健康）:HK$199', '精緻大床房（深睡好眠+純水健康）:HK$199', '和悦主題雙床房（陽光滿屋+空氣清新）:HK$223']"
