酒店名称,评分,房型价格列表
艾斯·柏月酒店（漢中高鐵站中心廣場店）,9.6,"['舒享大床房（零壓床墊+中央空調+明凈大窗）:HK$167', '悦享大床房（零壓床墊+中央空調+投屏電視+城景大窗）:HK$177', '愉享雙床房（零壓床墊+中央空調+投屏電視）:HK$187', '悦享雙床房（零壓床墊+中央空調+投屏電視+全身鏡）:HK$220']"
漢中榮嘉國際酒店（漢江濕地公園店）,9.2,"['悦江-雅緻標準間:HK$328', '悦江-雅緻大床房:HK$351', '悦江-智能標準間（天貓精靈智能語音控制）:HK$359', '悦江-智能大床房（天貓精靈智能語音控制）:HK$384', '麗致豪華標準間:HK$400']"
漢中壹境·泊居江灣花園酒店（天漢濕地公園店）,9.5,"['靜謐.園景大床房:HK$255', '寫意·園景大床房丨賞花養眼+躺平治癒>:HK$271', '舒適·園景雙床房:HK$286', '輕奢·泊江大床房 | 親近自然 + 陽光滿屋 >:HK$372', '奢享·獨立庭園江灣大床房 | 花園露台 + 懸空飄窗 >:HK$372']"
漢中興漢文化精品客棧,9.5,"['標準大床房:HK$444', '標準雙床房:HK$444', '景觀雙床房:HK$490', '豪華大床房:HK$537', '豪華雙床房:HK$537']"
漢中中心廣場高鐵站雲居酒店,9.5,"['煮雨高級大床房（精緻睡眠+停車場+充電樁+慕思乳膠床墊）:HK$359', '澹懷行政大床房（精緻睡眠+慕思乳膠床墊+停車場+充電樁）:HK$391', '澹懷行政雙床房（精緻睡眠+停車場+充電樁+慕思乳膠床墊）:HK$413', '卧松純凈大床房（高端輕享+空氣凈化器+除蟎儀+智能客控+充電樁+停車場）:HK$446', '卧松日光雙床房（榻榻米+功夫茶具+停車場+充電樁）:HK$446']"
漢中·靜瀾半舍酒店（天漢濕地公園店）,9.3,"['半隱·清風陽光大床房（智能客控+乾濕分離）:HK$325', '半隱·清風巨幕庭院大床房（百寸影音觀影+獨立庭院露台）:HK$357', '雅舍·親水園景大床房（臨水而居+全景落地窗+舒達床墊）:HK$389', '雅舍·輕奢園景特大床房（臨水園景+舒適靜謐+落地窗）:HK$421', '半隱·中式意境大床房（極簡徽派風+尊享空間+全屋智能）:HK$445']"
玖棲·雅緻酒店（漢中中心廣場高鐵站店）,9.6,"['雅緻零壓大床房:HK$203', '商務零壓大床房:HK$216', '雅緻零壓雙床房:HK$229', '商務零壓雙床房:HK$248', '高級商務雙床房:HK$281']"
漢中郵政大酒店,9.5,"['行政雙床房:HK$286', '行政大床房:HK$290', '豪華雙床房:HK$301', '豪華大床房:HK$335', '行政商務套:HK$506']"
桔子酒店（漢中中心廣場國貿店）,9.8,"['月若流金雙床房（智能客控+冷藏櫃+投屏電視）:HK$263', '加州陽光大床房（智能客控+冷藏櫃+投屏電視）:HK$272', '加州陽光高級大床房（智能客控+冷藏櫃+投屏電視）:HK$301', '月若流金高級雙床房（智能客控+冷藏櫃+投屏電視）:HK$350', '月若流金商務大床房（智能客控+冷藏櫃+投屏電視）:HK$360']"
全季酒店（漢中國貿店）,9.7,"['高級大床房（智能客控+冷藏櫃+投屏電視）:HK$305', '高級雙床房（智能客控+冷藏櫃+投屏電視）:HK$335', '舒壓高級大床房（智能客控+記憶枕+投屏電視）:HK$365', '商務雙床房（智能客控+冷藏櫃+投屏電視）:HK$365']"
漢中景逸之星酒店,9.2,"['雅馨雙床房:HK$302', '雅緻雙床房:HK$318', '舒適景觀大床房:HK$318', '舒雅Loft家庭房:HK$437']"
漢中北岸雲憬酒店,9.6,"['林澗高級大床房:HK$602', '林澗高級雙床房:HK$602', '靈動豪華雙床房:HK$698', '靈動豪華大床房:HK$698', 'LOFT高級複式房:HK$830', '奢華園景雙床房:HK$846']"
漢中賓館（古漢台拜將壇店）,9.1,"['雅緻大床房（無窗）:HK$152', '雅緻標準間（無窗）:HK$152', '高級大床房:HK$172', '深度睡眠大床房:HK$172']"
山居茶宿,9.3,"['山景雙人間:HK$347', '山景大床房:HK$358']"
漢庭優佳酒店（漢中火車站南廣場店）,9.6,"['大床房（金可兒床墊+55寸高清投屏電視）:HK$189', '商務大床房（金可兒床墊+55寸高清投屏電視）:HK$198', '高級大床房（金可兒床墊+55寸高清投屏電視）:HK$199', '高級雙床房（金可兒床墊+55寸高清投屏電視）:HK$208']"
漢中潮舍酒店,9.4,"['輕奢雙床房:HK$305', '輕奢大床房:HK$305', '新中式大床房:HK$360', '新中式雙床房:HK$360', '家庭雙床房:HK$360']"
艾斯·翡雲酒店（陝西理工大學古漢台店）,9.4,"['悦享·智能零壓大床房（智能管家+夢百合零壓床墊超舒適）:HK$249', '悦享·智能零壓雙床房（智能管家+夢百合零壓床墊超舒適）:HK$249', '祕悦·巨幕投影大床房（智能管家+優酷會員觀影）:HK$276', '尊享·城景零壓大床房（智能投屏電視+夢百合零壓床墊）:HK$304', '尊享·城景零壓雙床房（智能投屏電視+夢百合零壓床墊）:HK$304']"
花築·漢中言與言文化酒店（天漢濕地公園店）,9.3,"['隱·致大床房（隱而別緻+寧靜文雅+悦心清境）:HK$319', '不語·禪悦雙床房（秀美風光+尊享闊境+悦爾不語）:HK$381', '歸隱·素悦大床房（滿園風光+觀景卧室+盎然歸來）:HK$381', '同塵•上悦LOFT大床房（複式風情+棋牌娛樂+秀麗江色）:HK$529', '同塵·上舍LOFT大床房（複式風情+攬江入懷+窗外晚霞）:HK$529']"
玖棲·壹宿酒店（漢中高鐵站中心廣場店）,9.3,"['零壓雅緻單間:HK$150', '零壓時尚大床房:HK$176', '零壓時尚雙床房:HK$183', '零壓雅緻大床房:HK$203']"
全季酒店（漢中中心廣場店）,9.4,"['商務雙床房【金可兒床墊+投屏電視+哲品茶具】:HK$236', '大床房【金可兒床墊+投屏電視+哲品茶具】:HK$244', '高級大床房【金可兒床墊+投屏電視+哲品茶具】:HK$273', '舒壓商務雙床房【金可兒床墊+乳膠枕】:HK$291']"
全季酒店（漢中北街口店）,9.6,"['高級大床房（金可兒床墊+迷你冰箱+65寸智能電視）:HK$340', '雙床房（金可兒床墊+迷你冰箱+65寸智能電視）:HK$350', '舒壓高級大床房（金可兒床墊+迷你冰箱+65寸智能電視）:HK$387', '舒壓雙床房（金可兒床墊+迷你冰箱+65寸智能電視）:HK$397']"
漢中天漢景逸酒店,9.6,"['高級大床房:HK$620', '庭院雙床房:HK$620', '豪華園景大床房:HK$703', '豪華庭院雙床房:HK$703', '庭院尊享大床房:HK$1,122', '豪華園景套房:HK$1,800']"
維也納國際酒店（漢中天漢濕地公園天漢樓店）,9.6,"['豪華雙床房（全屋語音智能）:HK$347', '園景雙床房（全屋語音智能）:HK$438', '園景大床房（全屋語音智能）:HK$438', '影音雙床房（全屋語音智能）:HK$527']"
漢中火車站中心廣場桔子水晶酒店,9.7,"['大床房（智能客控+65寸可投屏電視+絲漣床墊）:HK$432', '高級大床房（智能客控+65寸可投屏電視+絲漣床墊）:HK$462', '高級雙床房（智能客控+65寸可投屏電視+絲漣床墊）:HK$492', '豪華大床房（智能客控+65寸可投屏電視+絲漣床墊）:HK$512', '豪華雙床房（智能客控+65寸可投屏電視+絲漣床墊）:HK$553']"
麗柏酒店（漢中中心廣場高鐵站店）,9.5,"['精緻大床房:HK$210', '精緻雙床房:HK$210', '豪華大床房:HK$231', '豪華雙床房:HK$231', '尊享套房:HK$316']"
漢中漢藝文化酒店,9.3,"['漢雅精緻房:HK$390', '漢風雙床房:HK$445', '漢頌大床房:HK$445', '漢興行政大床房:HK$532', '漢賦行政雙床房:HK$532']"
漢中金宏國際酒店,9.5,"['商務雙床房:HK$425', '雅緻商務房:HK$425', '豪華江景大床房:HK$490', '豪華江景雙床房:HK$490', '影音大床房:HK$490']"
漢中盛世國際酒店,9.6,"['高級雙床房:HK$254', '高級大床房:HK$265', '影院大床房:HK$298', '行政雙床房:HK$310', '豪華影院大床房:HK$365']"
艾斯雅居酒店（漢中高鐵站店）,9.5,"['雅緻影院大床房:HK$236', '雅緻雙床房:HK$250', '雅居雙床房:HK$278', '雅居大床房:HK$278', '雅居豪華雙床房:HK$306']"
漢中陝飛會展中心酒店,9.4,"['豪華家庭三人間（高清投屏器+零壓力枕+小冰箱）:HK$389', '陽光家庭套房:HK$403', '商務大床房:HK$455', '豪華雙床房（獨立會客廳+零壓力枕+小冰箱）:HK$480', '豪華大床房:HK$511']"
漢中田園酒店,9.5,"['豪華雙床房:HK$279', '豪華大床房:HK$316', '豪華商務雙床房:HK$453', '豪華商務大床房:HK$453', '豪華商務景觀房:HK$490']"
睿居品閣酒店（漢中高鐵站店）,9.0,"['觀景温馨大床房{中央空調+ 落地窗+舒適好眠+零壓床墊}:HK$178', '精緻雙床房{中央空調 +舒適好眠+零壓床墊+明亮空間}:HK$202', '觀景影音大床房{大屏投影+落地窗+中央空調+零壓床墊}:HK$210', '觀景大床房{方形浴缸 +中央空調+落地窗+靜謐空間}:HK$227']"
漢中艾斯國際酒店,9.3,"['城域·標準雙床房（俯瞰城市美景|100米高空醉美城景）:HK$296', '空境·浪漫圓床房（直徑1.6M浴缸|100米高空醉美江景）:HK$375', '臨水·豪華雙床房（鳥瞰音樂噴泉|100米高空醉美江景）:HK$429', '臨水·豪華大床房（鳥瞰天漢大橋|100米高空醉美江景）:HK$473', '空境·尊享大床房（180°視野賞絕美江景|100米高空醉美江景）:HK$550']"
維也納酒店（漢中高鐵站萬邦時代廣場店）,9.7,"['高級大床房【智能客控+55寸液晶電視+普蘭特床墊】:HK$250', '豪華大床房【智能客控+65寸液晶電視+普蘭特床墊】:HK$283', '商務大床房【智能客控+65寸液晶電視+普蘭特床墊】:HK$316', '商務雙床房【智能客控+65寸液晶電視+普蘭特床墊】:HK$316']"
古柏國際酒店（漢中古漢台拜將壇店）,9.5,"['特惠大床房{智能客房＋零壓睡眠}:HK$246', '舒適大床房{智能客房＋零壓睡眠+大落地窗}:HK$262', '舒適雙床房{智能客房＋零壓睡眠+大落地窗}:HK$282', '豪華雙床房{智能客房＋零壓睡眠+陽台}:HK$320']"
維也納酒店（漢中中心廣場高鐵站店）,9.5,"['豪華大床房:HK$245', '高級雙床房:HK$262', '商務大床房:HK$287', '豪華雙床房:HK$304']"
漢中昌海酒店,9.1,"['玲瓏單人間:HK$202', '雅緻大床房:HK$240', '豪華雙床房:HK$286', '豪華大床房:HK$286', '行政零壓雙床間:HK$333']"
凱里亞德酒店（漢中高鐵站店）,9.6,"['惠享雙床房:HK$215', '惠享大床房:HK$215', '優享大床房:HK$233', '優享雙床房:HK$233', '榮享大床房:HK$274']"
潮漫酒店（漢中理工大學店）,9.6,"['品質欣選大床房【智能客控+65寸液晶電視+夢百合床墊】:HK$217', '品質欣選雙床房【智能客控+65寸液晶電視+夢百合床墊】:HK$217', '漫享高級雙床房【智能客控+65寸液晶電視+夢百合床墊】:HK$239', '品質舒壓電影房【智能客控+巨幕影屏+夢百合床墊】:HK$261']"
九昱漢水温泉度假酒店,8.7,"['豪華雙床房:HK$262', '豪華大床房:HK$262', '商務套房:HK$468', '家庭親子房:HK$468', '特色主題房:HK$752']"
漢邦酒店（漢中中心廣場古漢台店）,9.4,"['影視雙床房（會員影視+65寸曲面電視+全屋智控）:HK$260', '影視大床房（會員影視+65寸曲面電視+小度智控）:HK$297', '高層遠眺城景大床房（小度智控+65寸電視投屏+衞生間乾濕分離+大尺寸調光化粧鏡）:HK$307', '高層遠眺城景雙床房（小度智控+65寸電視投屏+衞生間乾濕分離+大尺寸調光化粧鏡）:HK$314']"
漢中東珅國賓大酒店（古漢台店）,8.9,"['靜怡大床房:HK$183', '舒適雙床房:HK$217', '舒適大床房:HK$225', '影音大床房:HK$248', '休閑標準間:HK$324']"
漢中四海逸家酒店（陝西理工大學店）,9.3,"['逸家·舒適大床房【乳膠零壓床墊+智能客控】:HK$249', '逸雅·甜睡雙床房【乳膠零壓床墊+智能客控】:HK$252', '逸臻.尊享豪華大床房:HK$595']"
漢中海棠春酒店,9.2,"['雅緻雙床房:HK$369', '雅緻大床房:HK$369', '樂享景觀雙床房:HK$385', '奢享江景雙床房:HK$479', '尊享行政大床套房:HK$730']"
漢中紅葉大酒店,9.2,"['標準雙床房:HK$258', '標準大床房:HK$258', '高級大床套房:HK$386', '家庭親子套房:HK$386', '豪華雙床套房:HK$386']"
景玉和悦酒店（漢中濕地公園店）,9.3,"['別緻優雅房（精緻温馨+空氣清晰）:HK$165', '雅緻時尚房（深睡好眠+純水健康）:HK$199', '精緻大床房（深睡好眠+純水健康）:HK$199', '和悦主題雙床房（陽光滿屋+空氣清新）:HK$223']"
漢邦酒店（漢中高鐵站中心醫院店）,9.6,"['悦享情侶房（小度智控+零壓床墊+自動窗簾智能大電視）:HK$216', '悦享親子房（小度智控+零壓床墊+自動窗簾）:HK$249', '優享雙床房（小度智控+零壓床墊+自動窗簾）:HK$326', '惠享雙床房（小度智控+零壓床墊+自動窗簾）:HK$442']"
漢庭酒店（漢中南鄭大道蜀漢大都會店）,9.3,"['大床房（喜臨門床墊+55寸智能投屏電視）:HK$198', '高級雙床房（喜臨門床墊+55寸智能投屏電視）:HK$207', '高級大床房（喜臨門床墊+55寸智能投屏電視）:HK$217', '家庭房（喜臨門床墊+55寸智能投屏電視）:HK$217']"
博源·斑馬酒店（漢中高鐵站店）,9.0,"['商旅舒睡大床房（乾濕分離+陽光通風）:HK$234', '商旅舒睡雙床房（乾濕分離+陽光通風）:HK$238', '設計師主題大床房（超大空間+乾濕分離）:HK$241', '獨立別院·庭院大床房（超大空間+落地窗陽光滿屋）:HK$275']"
翔龍茶文化酒店（漢中高鐵站萬邦旗艦店）,9.7,"['茶韻丨雙床房:HK$224', '茶雅丨零壓高級大床房-空氣凈化器+直飲水+茶梗香薰爐:HK$288', '茶韻丨大床房:HK$289', '茶雅丨城景高級雙床房-空氣凈化器+直飲水+茶梗香薰爐:HK$296', '茶樂丨家庭親子套房[母子床+超大空間+空氣凈化器]:HK$540']"
