酒店名称,评分,房型价格列表
潮州財富中心希爾頓歡朋酒店,9.4,"['豪華大床房:HK$551', '豪華雙床房:HK$596', '豪華商務大床:HK$651', '豪華商務雙床房:HK$651', '親子大床房:HK$775']"
潮州市潮裏韓舍（潮州古城牌坊街店）,9.4,"['存墨·侘寂智能投影房丨護脊床墊丨智能馬桶丨高清巨幕投影丨功夫茶具丨乾濕分離:HK$262', '撫琴·輕奢智能投影大房丨護脊床墊丨智能馬桶丨高清巨幕投影丨功夫茶具丨乾濕分離:HK$311', '林棲·豪華投影雙床房丨護脊床墊丨智能馬桶丨高清巨幕投影丨功夫茶具丨乾濕分離:HK$332', '秋思丨庭院花園雙床房丨護脊床墊丨智能馬桶丨高清巨幕投影丨功夫茶具丨乾濕分離:HK$380']"
花築·藝術家民宿（潮州古城牌坊街西馬路店）,9.6,"['靜客丨奢享大床房:HK$681', '米蘭丨奢享大床房:HK$721', '半夏丨奢享大床房:HK$721', '忘憂 | 奢享花園大床房:HK$817']"
華怡·金信酒店（潮州古城人民廣場店）,9.4,"['影音大床房—助眠床品:HK$348', '怡靜大床房—助眠床品:HK$370', '怡景雙床房—助眠床品:HK$391', '怡景大床房—助眠床品:HK$391', '怡景家庭房—助眠床品:HK$467']"
潮州瀛洲設計酒店,9.7,"['瀛選精緻大床房:HK$833', '瀛選精緻家庭房:HK$1,047', '瀛選景緻雙床房:HK$1,474', '瀛選豪華雙床房:HK$1,474', '瀛選豪華大床房:HK$1,474']"
Urba柏納·國際公寓（潮州古城牌坊街店）,9.4,"['臻選大床房（智能客控+高清投屏電視）:HK$360', '精選雙床房（智能客控+高清投屏電視）:HK$435', '精選大床房（智能客控+高清投屏電視）:HK$435', '影音雙床房（影音巨幕+智控）:HK$500', '豪華雙床房（炫彩波紋燈+智控+高清投屏電視）:HK$544']"
潮選假日酒店（潮州財富中心店）,9.9,"['潮韻豪華大床房:HK$495', '潮享輕奢雙床房:HK$529', '潮享雲際套房:HK$691', '潮尊雲際套房:HK$808']"
潮州騰瑞皇冠假日酒店,9.5,"['高級山景雙床房:HK$939', '皇冠家族親子山景雙床房:HK$1,031', '豪華山景大床房:HK$1,046', '高級江景雙床房:HK$1,131', '高級江景大床房:HK$1,324', '高級廣濟橋景大床房:HK$1,473']"
希居（潮州古城廣濟橋江景店）,9.4,"['温馨·高級大床房（全屋智能+雲視聽會員+安靜舒適+助眠零壓床墊+全棉高織床品）:HK$338', '觀影·豪華大床房（側面江景+100寸影院投屏+全屋智能+助眠零壓床墊+全棉高織床品）:HK$370', '温馨·高級雙床房（全屋智能+雲視聽會員+助眠床墊）:HK$402', '江景·浴缸大床房（一線江景+眺望廣濟橋+全屋智能+雲視聽會員+助眠零壓床墊+全棉高織床品）:HK$425']"
潮州古城牌坊街漫心酒店,9.7,"['心怡標準大床房:HK$540', '心怡標準雙床房:HK$579', '心悦高級大床房:HK$602', '心悦高級家庭房:HK$641', '心享豪華大床房:HK$665']"
全季酒店（潮州古城人民廣場店）,9.5,"['高級大床房:HK$419', '豪華大床房:HK$474', '高級雙床房:HK$558', '套房:HK$558']"
潮州古城人民廣場亞朵酒店,9.4,"['雅緻大床房:HK$432', '高級大床房:HK$474', '高級雙床房:HK$500', '高級影音大床房:HK$517', '幾木雙床房:HK$585']"
潮州希爾頓惠庭酒店,9.1,"['靈動大床房（膠囊coffee機+微波爐+雙功能小冰箱）:HK$500', '靈動雙床房（膠囊coffee機+微波爐+雙功能小冰箱）:HK$500', '靈動高級大床房（膠囊coffee機+微波爐+雙功能小冰箱）:HK$546', '靈動豪華大床房（膠囊coffee機+沙發床+雙功能小冰箱）:HK$593', '靈動豪華雙床房（膠囊coffee機+微波爐+雙功能小冰箱）:HK$593', '套房（膠囊coffee機+一室一廳+雙功能冰箱）:HK$686']"
康鉑酒店（潮州古城牌坊街店）,9.4,"['影音大床房:HK$365', '影音雙床房:HK$365', '高級大床房:HK$414', '高級雙床房:HK$414', '舒享Studio:HK$437']"
駿景國際酒店（潮州韓江人民廣場店）,9.4,['景雅·私享大床房『温馨出行+功夫茶具+自然眠愈被芯』:HK$320']
潮邑明林府（潮州古城牌坊街店）,9.6,"['鸞凰琴簪•豪華大床房+92寸高清影幕:HK$492', '鳳鳴·智能豪華大床房+户外桌椅+100寸高清巨幕:HK$641', '月圓澄酒·智能輕享複式大床套房:HK$747', '山海丹青·智能輕享景觀複式雙床套房+84寸高清影幕:HK$791']"
潮州人民廣場希岸Deluxe酒店,9.3,"['Deluxe休閑大床房:HK$289', 'Deluxe豪華大床房【全屋智控+乾濕分離】:HK$347', 'Deluxe休閑雙床房:HK$347', 'Deluxe豪華雙床房【全屋智控+乾濕分離】:HK$363', 'Deluxe商務大床房【全屋客控+乾濕分離】:HK$380']"
財庫S酒店（潮州古城牌坊街店）,9.4,"['古城景觀大床房（記憶棉床墊+智能客控+空氣凈化）:HK$873', '古城景觀雙床房（功夫茶具+休閑沙發+空氣凈化）:HK$1,086', '陽台花園地標古城景大床房（私家花園泡池+功夫茶具）:HK$1,136', '一大一小古城景觀親子房（小童用品+空氣凈化）:HK$1,157']"
鉑頓國際公寓（潮州韓江人民廣場店）,9.4,"['智能大床房（智能客控+功夫茶具+24小時新風系統）:HK$268', '雅緻雙床房:HK$287', '影院家庭房:HK$298', '智能雙床房（智能客控+功夫茶具+24小時新風系統）:HK$321']"
譽庭別院（汕頭萬象城龍眼南路美食街店）,9.7,"['譽house·辭音:HK$1,192', '譽house·輕徑:HK$1,192', '譽house·竹茗堂:HK$1,411', '譽house·聞鳧院:HK$1,411', '譽house·長澗舍:HK$1,411']"
汕頭萬象城會展中心亞朵X酒店,9.5,"['高級大床房:HK$754', '行政大床房:HK$861', '高級雙床房:HK$897', '幾木大床房:HK$961', '行政雙床房:HK$996']"
關於美宿（潮州古城牌坊街店）,9.3,"['特惠大床房:HK$563', '瓷寂｜特惠大床房【天空記憶棉枕➕鵝絨被➕大屏投影】:HK$572', '雲泥｜特惠雙床房【天空記憶棉枕➕鵝絨被➕大屏投影】:HK$717', '硯雪｜標準大床房【天空記憶棉枕➕鵝絨被➕大屏投影】:HK$734', '松煙｜標準雙床房【天空記憶棉枕➕鵝絨被➕大屏投影】:HK$759']"
桔子酒店（潮州古城牌坊街店）,9.3,"['高級大床房:HK$552', '豪華大床房:HK$665', '雙床房:HK$674', '高級雙床房:HK$720']"
三潮温泉小鎮·酒店（潮州韓江西溪碧道田頭何公園店）,8.5,"['特價大床房（不含温泉）:HK$240', '私湯·豪華大床房（獨立泡池+天然温泉+全屋智能）:HK$298', '私湯·閑趣雙床房（內置棋牌+趣味休閑+全屋智能）:HK$324', '私湯·主題大床房（獨立泡池+天然温泉+全屋智能）:HK$347']"
洲上·壹叁間民宿（潮州古城廣濟橋店）,9.7,"['靜謐觀影.複式閣樓房（大屏投影+LOFT設計+智能家居）:HK$684', '270°江景奢享大床房（夕陽全景+休閑空間+大屏投影）:HK$684', '180°江景浴缸大床房（夕陽景觀+解壓浴缸+大屏投影）:HK$684', '獨享大露台度假花園房（花園露台+度假躺椅+大屏投影）:HK$795']"
桔子美居（潮州古城牌坊街店）,9.3,"['臻選大床房（護脊床墊+記憶枕+小冰箱+功夫茶具）:HK$376', '陽光鮮桔大床房（護脊床墊+記憶枕+小冰箱+功夫茶具）:HK$432', '尊榮雅居大床房（護脊床墊+記憶枕+小冰箱+功夫茶具）:HK$498', '尊榮雅居雙床房（護脊床墊+記憶枕+助眠零壓+小冰箱）:HK$543', '尊榮雅居家庭房（護脊床墊+記憶枕+小冰箱+功夫茶具）:HK$551']"
潮橙居（潮州廣濟橋牌坊街店）,9.4,"['投影精緻大床房 （智能音控 + 乾濕分離 + 影視會員 + 純棉床品）:HK$287', '雅緻大床房 （智能音控 + 乾濕分離 + 純棉床品）:HK$331', '豪華大床房 （智能音控 + 乾濕分離 + 純棉床品）:HK$352', '舒適雙床房 （智能音控 + 乾濕分離 + 純棉床品）:HK$353']"
州里設計潮宿（潮州古城牌坊街店）,9.5,"['快樂的彩蛋大床房（小度智能+全棉床枕+雅緻空間+乾濕分離）:HK$428', '沙萬·獨享大床房（小度智能+全棉床枕+別緻空間+乾濕分離）:HK$452', '哈桑·私享大床房（特大床+小度智能+全棉床枕+乾濕分離）:HK$502', '萊索·尊享大床房（特大床+獨立浴缸+小度智能+大屏投影+全棉床枕+乾濕分離）:HK$564']"
皇家·馬拉喀什民宿（潮州古城牌坊街店）,9.5,"['賽琳|隱世大床房（湯池+投影+空氣凈化器）:HK$961', '月懿|鎏金大床房（浴缸+空氣凈化器+沙發床）:HK$1,223', '蕾雅|逸奢大床房（湯池+投影+空氣凈化器+沙發床）:HK$1,354', '心殿|御廷大床房（巨無霸湯池+投影+空氣凈化器）:HK$1,485', '皇家|古堡大床房（湯池+空氣凈化器）:HK$1,616']"
棲悦·繁花里民宿（潮州古城牌坊街店）,9.5,"['F301遇見丨陽台大床房（智能客控+露天陽台+躺椅）:HK$660', 'F302夢之丨陽台大床房（智能客控+小冰箱+休閑桌椅）:HK$700', 'F303雲染丨大床房（智能客控+小冰箱+休閑沙發）:HK$753', 'F101拾光丨雙床房（智能客控+小冰箱+太空記憶棉）:HK$793']"
TIDE潮酒店（潮州古城牌坊街店）,9.6,"['街景潮悦大床房【智能客控+私享浴缸+俯瞰牌坊街】:HK$1,457', '街景潮悦雙床房【私享浴缸+迷你冰箱+俯瞰潮州古城】:HK$1,457', '潮悦日式小套房【智能客控+私享浴缸+工夫茶具】:HK$1,575', '街景潮悦親子房【俯瞰牌坊街+私享浴缸+迷你冰箱】:HK$1,693', '街景潮悦尊享套房【智能客控+私享浴缸+俯瞰牌坊街】:HK$2,693']"
汕頭潮宏基城際酒店,9.5,"['城際大床房:HK$804', '高級雙床房:HK$884', '高級大床房:HK$884', '高級海景大床房:HK$1,005', '高級海景雙床房:HK$1,005', '山景家庭房:HK$1,257']"
外灘臻品公寓（騰瑞外灘灣店）,9.6,"['觀鳳凰洲江景2515房《雅韻閣》LOFT複式公寓-智能家居:HK$576', '觀鳳凰洲江景2516房《炫宇小屋》複式公寓-智能家居:HK$576', '觀鳳凰洲江景2413房《夢韓閣》LOFT複式公寓-智能家居:HK$576', '觀鳳凰洲江景《2913房》LOFT複式公寓:HK$576']"
鳳城水馬驛客棧（潮州牌坊街府學舊地店）,9.0,"['水馬温馨大床房:HK$235', '水馬雅緻大床房:HK$266', '水馬温馨雙床房:HK$318', '水馬雅緻雙床房:HK$349']"
簡居（潮州廣濟橋牌坊街店）,9.5,"['景觀精緻大床房-（智能客控+小冰箱+太空記憶棉）:HK$764', '景觀精緻雙床房-（智能客控+小冰箱+太空記憶棉）:HK$853', '景觀豪華大床房-（智能客控+休閑沙發+小冰箱+休閑沙發+太空記憶棉）:HK$939', '景觀豪華雙床房（智能客控+休閑沙發小冰箱+太空記憶棉）:HK$1,026', '啤啤熊寶貝歡樂屋親子房-（智能客控+巨熊公仔+小木馬+寶寶浴盆+小童馬桶架+小童恆温壺+乾濕分離）:HK$1,518']"
潮州Panda·熊貓來了花園,9.2,"['180°大視野大床房（私享浴缸+一線江城景+智能客控）:HK$600', '舒適城景雙床房（智能客控+巨幕投影+一線城景）:HK$687', '豪華城景雙床房（智能客控+巨幕投影+一線城景）:HK$742', '230°景觀雙床房（智能客控+巨幕投影+天空記憶棉）:HK$797', '230°全江景大床房（私享浴池+智能客控+一線江景）:HK$829']"
潮府裏國際酒店（潮州古城牌坊街店）,9.4,"['椿庭 舒適雙床房（大空間+1.35超大雙床+全屋智能）:HK$272', '山海 谷隱雙床房（大空間+1.35超大雙床+全屋智能）:HK$282', '靜也 臻享雙床房（大空間+1.35超大雙床+全屋智能）:HK$293', '淺野·雅緻大床房（全屋智能+陽光落地窗+全棉床品）:HK$304']"
花築·東門客棧（潮州廣濟橋牌坊街店）,9.4,"['中式大床房（乳膠床墊+乾濕分離）:HK$354', '中式雙床房（乳膠床墊+乾濕分離）:HK$441', '歐式經典大床房（乳膠床墊+乾濕分離）:HK$441', '歐式豪華大床房（乳膠床墊+乾濕分離）:HK$502']"
維也納酒店（潮州江景店）,9.5,"['標準大床房（智能語音小度+康萊思床墊）:HK$348', '豪華大床房（智能語音小度+康萊思床墊）:HK$379', '影音大床房（影院式體驗+智能語音小度+康萊思床墊）:HK$389', '江景大床房（超大落地窗+智能語音小度+康萊思床墊）:HK$421']"
潮·莫奈花園（潮州古城牌坊街店）,9.7,"['諾曼底大床房（智能客控+百寸巨幕+私享浴缸+ 太空記憶棉）:HK$818', '盧浮宮圓床房（智能客控+百寸巨幕+私享浴缸+ 太空記憶棉）:HK$950', '180°城景圓床房（智能客控+百寸巨幕+私享浴缸+ 太空記憶棉+唯美夜景）:HK$1,092', '南法假日雙床房（智能客控+百寸巨幕+ 太空記憶棉）:HK$1,092']"
潮州古城有熊酒店,9.7,"['有熊陽台大床房:HK$1,750', '有熊豪華雙床房:HK$1,750', '有熊庭院雙床房:HK$1,957', '有熊庭院大床房:HK$1,957', '有熊煥若別墅:HK$2,060', '有熊豁如別墅:HK$2,060']"
潮·坊居（潮州牌坊街廣濟橋店）,9.3,"['雲煙｜大床房（智能客控+私享浴缸+百寸投影+工夫茶具+太空記憶棉）:HK$775', '雲卷丨大床房（智能客控+百寸投影+私享透明浴缸+工夫茶具+太空記憶棉）:HK$862', '雲舒丨景觀大床房（智能客控+透明浴缸+百寸投影+工夫茶具+太空記憶棉）:HK$950', '雲華丨觀景大床房（智能客控+私享懸浮浴缸+百寸投影+工夫茶具+太空記憶棉）:HK$1,037']"
潮州御酒店,9.6,"['典選湯池客房:HK$2,787', '榻式炕床典選特色雙床房:HK$2,787', '精選湯池客房:HK$3,065', '榻式炕床精選特色雙床房:HK$3,065', '臻選湯池客房:HK$3,530', '榻式炕床臻選特色雙床房:HK$3,530']"
鳳水驛客棧（潮州牌坊街府學舊地店）,8.7,"['鳳水舒適大床房:HK$297', '鳳水舒適雙床房:HK$297', '鳳水雅緻大床房:HK$339', '鳳水陽台雙床房:HK$421']"
韓思·悦酒店（潮州古城牌坊街店）,9.3,"['高級大床房-零壓床品:HK$313', '思悦大床房-零壓床品:HK$356', '豪華大床房-零壓床品:HK$389', '豪華雙床房-零壓床品:HK$454', '思悦雙床房-零壓床品:HK$467']"
麗楓酒店（潮州温泉江景店）,9.5,"['雅緻大床房（空氣凈化器+慕斯床墊+投屏電視）:HK$309', '豪華大床房（空氣凈化器+慕斯床墊+投屏電視）:HK$340', '江景大床房（空氣凈化器+慕斯床墊+投屏電視）:HK$390', '豪華雙床間（空氣凈化器+慕斯床墊+投屏電視）:HK$392']"
明熙樓客棧（潮州古城牌坊街店）,9.1,"['301｜飄絮大床房（深睡床墊+智能馬桶）:HK$366', '303｜望元榻榻米大床房（開元寺景觀+深睡床墊+智能馬桶）:HK$366', '302｜靜享雙床房（深睡床墊+智能馬桶）:HK$461', '202｜桑落大床房（深睡床墊+智能馬桶）:HK$461']"
潮州古城牌坊街開元名庭,9.0,"['名成高級大床房:HK$411', '名成高級雙床房:HK$447', '名成豪華大床房:HK$447', '名成豪華雙床房:HK$484', '名成行政大床房:HK$484']"
潮州市盈合酒店（潮州古城人民廣場店）,9.3,"['巧 | 雅緻大床房 | 智能音控+古城街景+陽光滿屋:HK$317', '享 | 精緻大床房 | 智能音控+古城街景+陽光滿屋:HK$359', '優 | 精緻雙床房 | 智能音控+鳥瞰街景+陽光滿屋:HK$412', '馨 | 親子子母雙床房 | 智能音控+古城街景+陽光滿屋:HK$455']"
桔子酒店（潮州古城人民廣場店）,9.3,"['大床房:HK$327', '高級大床房:HK$355', '豪華大床房:HK$383', '雙床房:HK$383']"
