酒店名称,评分,房型价格列表
澳門葡京人,9.0,"['葡京人高級大床房:HK$1,222', '葡京人高級雙床房:HK$1,222', '葡京人高級大床房-無障礙客房:HK$1,270', '葡京人高級豪華雙床房:HK$1,575', '葡京人大床套房:HK$1,920']"
澳門新濠影滙酒店,9.3,"['明星滙經典大床客房:HK$2,065', '明星滙經典景觀大床房:HK$2,114', '明星滙經典雙床客房:HK$2,219', '明星滙經典景觀雙床房:HK$2,271', '明星滙尊尚路氹景觀客房:HK$2,271', '巨星滙尊貴套房:HK$2,428']"
YOHO金銀島酒店,9.0,"['純金 (金銀島) 湖景雙床房:HK$1,533', '純金（金銀島）噴泉景大床房:HK$1,593', '純金（金銀島）噴泉景雙床房:HK$1,605', '純金（金銀島）煙花海景雙床房:HK$1,643', '純金 (金銀島) 湖景大床房:HK$1,648', '純金（金銀島）煙花海景大床房:HK$1,659']"
葡京人酒店-LINE FRIENDS PRESENTS CASA DE AMIGO,9.0,"['LINE FRIENDS CONY 高級客房 (大床/雙床):HK$1,341', 'LINE FRIENDS BROWN 豪華客房 (大床/雙床):HK$1,391', 'LINE FRIENDS CONY 高級露台客房 (大床/雙床):HK$1,440', 'LINE FRIENDS BROWN 豪華露台客房 (大床/雙床):HK$1,440']"
澳門君怡酒店,8.6,"['至尊客房:HK$688', '至尊豪華客房（馬場景）:HK$799', '至尊大床客房:HK$847', '至尊雙床客房:HK$847', '行政豪華客房:HK$910']"
澳門麗景灣藝術酒店,8.5,"['高級房:HK$616', '高級大床房:HK$626', '高級雙床房:HK$626', '海景大床房:HK$722', '海景雙床房:HK$722']"
澳門皇都酒店,8.9,"['高級客房:HK$753', '高級雙床客房:HK$754', '標準大床客房:HK$763', '高級大床客房:HK$779', '豪華雙床客房:HK$869', '豪華大床客房:HK$869']"
澳門新濠鋒酒店,9.6,"['澳門海景大床客房:HK$1,439', '澳門海景雙床客房:HK$1,770']"
澳門十六浦索菲特大酒店,9.1,"['高級大床客房:HK$1,272', '高級雙床客房:HK$1,272', '豪華大床客房:HK$1,380', '豪華雙床客房:HK$1,380', '索菲特會所高級雙床客房:HK$1,573', '索菲特會所高級大床客房:HK$1,736']"
澳門新濠影滙 W 酒店,9.3,"['奇妙客房-城市景觀:HK$2,408', '壯美大床房-城市景觀:HK$2,408', '奇妙客房-路氹城景觀:HK$2,602', '壯美雙床房-城市景觀:HK$2,650', '壯美大床房-路氹城景觀:HK$2,748', '壯美雙床房-路氹城景觀:HK$2,748']"
澳門葡京酒店,9.2,"['標準大床客房:HK$1,087', '標準雙床客房:HK$1,087', '尊尚大床客房:HK$1,523', '尊尚雙床客房:HK$1,523', '尊尚大床套房:HK$2,080', '豪華套房:HK$2,080']"
葡京人酒店-歐舒丹主題住宿,9.0,"['歐舒丹高級大床房:HK$1,531', '歐舒丹高級雙床房:HK$1,531']"
澳門藝舍,9.3,"['標準客房:HK$703', '上品客房:HK$721', '高級三人客房:HK$748', '城居客房:HK$766']"
英倫遊艇會酒店,8.6,"['豪華城景雙床客房:HK$955', '特色豪華海景雙床客房:HK$1,224']"
澳門駿龍酒店,9.1,"['標準大床房:HK$824', '標準雙床房:HK$824', '高級雙床房（馬場景）:HK$912', '高級大床房:HK$912', '豪華雙床房:HK$926']"
君樂皇府公寓式酒店,8.7,"['高級公寓式客房（城景）:HK$986', '豪華公寓式海景客房( 雙床）:HK$1,351', '豪華公寓式海景客房(大床):HK$1,406']"
澳門盛世酒店,8.9,"['行政雙床房:HK$764', '豪華客房:HK$787', '豪華大床房:HK$796', '豪華雙床房:HK$796']"
澳門新麗華酒店,9.0,"['標準大床房:HK$603', '標準雙床房:HK$603', '豪華大床房:HK$689', '豪華雙床房:HK$689']"
澳門勵庭海景酒店,9.1,"['標準房:HK$1,314', '高級海景客房:HK$1,404', '雙客房套房:HK$2,790']"
澳門金龍酒店,9.2,"['高級大床房:HK$855', '高級雙床房:HK$896', '海景豪華大床房:HK$984', '海景豪華雙床房:HK$984', '商務高級大床房:HK$984']"
澳門威尼斯人,9.3,"['豪華皇室套房:HK$4,846', '豪華貝麗套房:HK$4,846']"
澳門利澳酒店,9.0,"['標準大床客房:HK$1,119', '標準雙床客房:HK$1,119', '豪華大床客房:HK$1,205', '豪華雙床客房:HK$1,205', '家庭客房:HK$1,248']"
澳門瑞吉酒店,9.5,"['豪華特大床房:HK$2,415', '豪華雙床房:HK$2,462', '路氹景觀特大床房:HK$2,609', '路氹景觀雙床房:HK$2,656', '尊貴豪華房:HK$2,950', '瑞吉特大床套房:HK$3,450']"
新中央酒店,9.7,"['經典大床客房:HK$1,498', '經典雙床客房:HK$1,498', '雅致大床客房:HK$1,641', '雅致雙床客房:HK$1,641', '高級豪華大床客房:HK$1,958']"
澳門蓮居賓館,8.5,"['標準大床房:HK$623', '標準雙床房:HK$623', '高級大床房:HK$685', '高級雙床房:HK$685']"
澳門皇家金堡酒店,8.7,"['精緻大床客房:HK$823', '精緻雙床客房:HK$823', '高級豪華大床客房:HK$899', '高級豪華雙床客房:HK$899', '尊貴大床客房:HK$929']"
澳門富豪酒店,9.0,"['健康房:HK$893', '至尊房:HK$893', '臻選素雅房:HK$981', '甄選尚澄房:HK$1,094', '行政大床房:HK$1,201']"
澳門新東方置地酒店,8.6,"['標準客房:HK$1,036', '高級大床房:HK$1,036', '高級雙床房:HK$1,036', '標準大床房:HK$1,036', '標準雙床房:HK$1,036', '高級豪華大床房:HK$1,138']"
YOHO名勝世界酒店,9.1,"['純金(名勝世界)湖景雙床房:HK$1,565', '純金(名勝世界)噴泉景雙床房:HK$1,610', '純金 (名勝世界) 煙花海景雙床房:HK$1,655']"
澳門金皇冠中國大酒店,8.4,"['標準房:HK$717', '標準雙床房:HK$718', '商務大床房:HK$802', '商務雙床房:HK$802', '豪华套房:HK$1,098']"
澳門萊斯酒店,9.2,"['高級城景客房:HK$1,223', '高級海景客房:HK$1,314']"
澳門鷺環海天度假酒店,9.0,"['尊貴海灘大床客房:HK$1,185', '尊貴海景客房:HK$1,354', '尊貴海景大床客房:HK$1,360', '尊貴海景雙床客房:HK$1,445', '尊貴豪華海景客房:HK$1,524', '尊貴豪華海景大床客房:HK$1,530']"
澳門四季酒店,9.5,"['高級房:HK$2,911', '豪華大床房:HK$4,430', '豪華雙床房:HK$4,616', '尊貴房:HK$5,466', '標準套房:HK$5,602', '行政大床套房:HK$6,056']"
澳門英皇娛樂酒店,9.3,"['豪華大床客房:HK$1,281', '豪華雙床客房:HK$1,281', '高級大床房:HK$1,281', '尊貴客房:HK$1,302', '家庭房:HK$1,302']"
澳門帝濠酒店,8.8,"['豪華大床客房:HK$818', '豪華雙床客房:HK$818', '高級大床房:HK$818', '高級雙床房:HK$818']"
京都酒店,8.9,"['標準潮式雙床房:HK$655', '高級中式客房:HK$689', '豪華歐式客房:HK$724', '精選三人客房:HK$861']"
金寶來酒店,8.6,"['標準雙人房:HK$726', '商務套房:HK$1,182']"
澳門新口岸智選假日酒店,9.3,"['高級雙人床房:HK$1,194', '高級雙床房:HK$1,194', '無障礙高級大床房:HK$1,194', '高級大床房:HK$1,206']"
澳門國際酒店,8.7,"['标准大床房:HK$636', '標準雙床房:HK$657', '海景雙床房:HK$707', '海景大床房:HK$758']"
澳門濠璟酒店,8.8,"['典雅雙床房:HK$779', '海景雙床房:HK$851', '典雅大床客房:HK$901', '海景大床房:HK$940', '典雅三床房:HK$1,016', '海景陽台房:HK$1,034']"
綠悠旅舍,9.5,"['景緻大床房:HK$827', '酷角大床房:HK$920', '標準大床房:HK$957', '景緻酷角大床房:HK$1,005']"
澳門假日酒店,8.3,"['高級房:HK$918', '高級特大床房:HK$932', '高級雙床房:HK$932', '行政套房:HK$1,628']"
澳門港灣大酒店,8.2,"['城景雙床房:HK$551', '城景大床房:HK$551', '城景豪華雙床房:HK$642', '三人間:HK$734']"
澳門鏵龍酒店,9.0,"['豪華雙床客房:HK$807', '豪華大床客房:HK$815']"
澳門皇庭海景酒店,8.0,"['標準房-雙床:HK$1,086']"
澳門富華酒店,8.9,"['標準雙床房:HK$665', '雅緻雙床房:HK$813', '雅緻大床房:HK$813', '標準三人房:HK$830']"
澳門新濠天地 - 摩珀斯,9.6,"['豪華特大床客房:HK$4,950', '豪華兩張雙人床客房:HK$5,192', '尊尚套房:HK$7,765', '尊致套房（可使用行政酒廊）:HK$16,503']"
澳門維景酒店,9.1,"['高級客房:HK$949', '豪華客房:HK$985', '高級雙床房:HK$1,042', '高級客房-雙床:HK$1,047', '高級大床房:HK$1,066']"
澳門竹灣精品酒店,8.8,"['標準雙床房:HK$476', '標準雙人房:HK$595', '高級大床房:HK$770', '高級雙床房:HK$770']"
藝居酒店,9.2,"['標準雙床房:HK$894', '標準大床房:HK$894', '套房:HK$1,093']"
