酒店名称,评分,房型价格列表
尚泉歷舍第一泉文化酒店（趵突泉店）,9.6,"['無窗大床房:HK$391', '舒適大床房:HK$435', '街景榻榻米大床房:HK$467', '街景大床房:HK$544', '露台大床房:HK$653', '枕水大床房:HK$653']"
濟南趵突泉亞朵S酒店,9.6,"['雅緻大床房（小冰箱+投屏電視）:HK$528', '高級大床房（小冰箱+智能馬桶+投屏電視）:HK$655', '高級雙床房（小冰箱+可拼床+投屏電視）:HK$709', '行政城景大床房（俯瞰護城河+深睡PRO枕+小冰箱）:HK$744', '行政城景雙床房（俯瞰護城河+深睡PRO枕+小冰箱）:HK$771']"
8號院民宿（大明湖泉城廣場店）,9.4,"['悦享大床房（超大床+悠漾浴缸）:HK$610', '優享雙床房（三區分離+舒適空間）:HK$642', '舒享大床房（智能客控+香道體驗）:HK$642', '尊享大床房（藍牙音響+品牌衞浴）:HK$664', '漫享親子房（主題房+小童玩具）:HK$664']"
沃德酒店（濟南鳳鳴路鮑山地鐵站店）,9.5,"['商務大床房（深睡慕思床品+智能投屏）:HK$274', '商務雙床房（深睡慕思床品+智能投屏+停車無憂）:HK$282', '雅緻大床房（深睡慕思床品+小冰箱+智能投屏）:HK$300', '雅緻雙床房（深睡慕思床品+小冰箱+智能投屏）:HK$308', '景觀大床房（觀景露台+深睡慕思床品+冰箱+智能投屏）:HK$334']"
和頤至尚酒店（濟南大明湖趵突泉店）,9.6,"['大床房（智能馬桶+保險箱+可投屏電視+化粧鏡）:HK$377', '商務大床房（智能馬桶+小冰箱+保險箱+可投屏電視）:HK$413', '雙床房（智能馬桶+小冰箱+保險箱+可投屏電視）:HK$430', '高級大床房（智能馬桶+小冰箱+保險箱+可投屏電視）:HK$449', '高級雙床房（智能馬桶+保險箱+可投屏電視）:HK$466']"
泉水人家民宿（濟南大明湖店）,9.3,"['流杯5號大床房:HK$524', '流杯2號院景大床房:HK$577', '爭渡2號院景大床房:HK$610', '爭渡1號院景大床房:HK$610', '爭渡3號院景大床房:HK$610']"
濟南魯能貴和洲際酒店,9.6,"['洲際尊享房-大床:HK$944', '洲際豪華房:HK$992', '洲際景觀房-大床:HK$1,052', '洲際豪華房-雙床:HK$1,074', '洲際行政房-大床:HK$1,216', '單卧套房:HK$1,223']"
朗麗茲酒店（濟南遙牆國際機場臨港北路地鐵站店）,9.7,"['高級大床房（零壓床墊+智能客控+智能馬桶+自動窗簾）:HK$261', '高級雙床房（零壓床墊+智能客控+智能馬桶+自動窗簾）:HK$275', '麗茲大床房（零壓床墊+智能客控/馬桶+沙發+自動窗簾）:HK$275', '麗茲雙床房（零壓床墊+智能客控+智能馬桶+自動窗簾）:HK$283', '行政大床房（零壓床墊+智能客控+智能馬桶+自動窗簾）:HK$414']"
濟南火車站希爾頓歡朋酒店（濼口服裝城店）,9.6,"['舒適大床房:HK$441', '舒適雙床房:HK$441', '高級大床房:HK$470', '高級雙床房:HK$470', '豪華大床房:HK$518']"
沃德酒店（濟南泉城廣場大明湖店）,9.3,"['靜享大床房:HK$466', '靜享雙床房:HK$487', '雅緻大床房:HK$531', '雅緻雙床房:HK$542', '行政大床房（零壓床墊+小冰箱）:HK$593']"
濟南中豪大酒店（泉城廣場大明湖店）,9.6,"['悦享豪華雙床房:HK$416', '悦享豪華大床房:HK$457', '臻享行政雙床房:HK$520', '臻享行政大床房:HK$520', '樂享智慧大床房[小度智能音箱+電動窗簾+金可兒床墊]:HK$572']"
濟南玉泉森信大酒店（泉城廣場趵突泉店）,9.4,"['舒適標準房:HK$294', '舒適大床房:HK$294', '行政雙床房:HK$338', '豪華大床房:HK$359', '豪華雙床房:HK$381']"
沃德酒店（濟南泉城廣場寬厚裏店）,9.5,"['商務大床房:HK$397', '商務雙床房:HK$397', '雅緻大床房（智能馬桶+小冰箱）:HK$441', '雅緻雙床房（智能馬桶+小冰箱）:HK$466']"
濟南凱賓斯基酒店,9.5,"['高級大床房:HK$1,120', '高級雙床房:HK$1,145', '豪華雙床房:HK$1,199', '豪華大床房:HK$1,254', '豪華天際城景大床房:HK$1,363', '凱凱樂園房:HK$1,403']"
濟南香格里拉大酒店,9.4,"['豪華大床房:HK$730', '豪華雙床房:HK$730', '豪華景觀大床房-俯覽城市地標:HK$927', '豪華景觀雙床房-俯覽城市地標:HK$927', '尊享大床房-舒適空間:HK$1,018', '行政景觀客房-俯覽城市地標:HK$1,273']"
尚泉歷舍泉文化精品酒店,9.6,"['榻榻米景觀大床房:HK$544', '園景大床房:HK$544', '豪華園景房:HK$598', '高級湖景大床房:HK$763', '高級湖景雙床房:HK$872']"
機場商旅酒店（濟南遙牆國際機場店）,9.5,"['經濟大床房:HK$164', '舒適雙床房:HK$164', '舒適大床房:HK$176', '温馨家庭套房:HK$313']"
濟南趵突泉漫心府,9.7,"['心怡標準大床房:HK$563', '心悦高級大床房:HK$603', '心夢尊享大床房:HK$642', '心享豪華大床房:HK$683', '心享豪華雙床房:HK$723']"
喬治莫蘭迪酒店（濟南大明湖北園地鐵站店）,9.8,"['高級大床房（新風系統+零圧床墊+雅韻茶具）:HK$408', '雅緻大床房（零壓床墊+親膚床品+羽絨枕）:HK$459', '雅緻雙床房（零壓床墊+親膚床品+零壓枕）:HK$479', '豪華大床房（迷你冰箱+空氣凈化器+親膚浴袍）:HK$479', '尊享大床房（舒適浴缸+迷你冰箱+商務卡座）:HK$542']"
禧悦東方酒店（濟南漢峪金谷店）,9.5,"['商務雙床房:HK$630', '商務大床房:HK$685', '豪華雙床房:HK$707', '豪華大床房:HK$762', '高級套房:HK$892', '夢幻之境親子小童家庭套房:HK$1,275']"
溫德姆花園酒店（濟南西站店）,9.8,"['商務大床房:HK$479', '商務雙床房:HK$479', '行政大床房:HK$523', '行政雙床房:HK$523', '豪華大床房:HK$654']"
濟南鐵道大酒店（濟南火車站店）,9.4,"['舒適雙床房:HK$240', '休閑雙床房:HK$273', '舒適大床房:HK$273', '親子家庭房:HK$298']"
濟南吉華大廈（泉城廣場趵突泉店）,9.6,"['輕奢宿心雙床房（烘乾衣架）:HK$477', '輕奢宿心大床房（烘乾衣架）:HK$477', '臻享影院大床房（100寸投影）:HK$499', '悦享景觀大床房（空氣凈化器+智能馬桶）:HK$499', '泉城印象雙床房:HK$521']"
濟南東站龍湖天街美居酒店,9.7,"['嘉賓大床房（智能客控+65寸超清智能電視+迷你小冰箱）:HK$431', '嘉賓雙床房（智能客控+65寸超清智能電視+迷你小冰箱）:HK$441', '豪華大床房（智能客控+65寸超清智能電視+迷你小冰箱）:HK$462', '豪華雙床房（智能客控+65寸超清智能電視+迷你小冰箱）:HK$482', '套房（65寸超清智能電視+迷你小冰箱+小會客廳）:HK$661']"
如家商旅酒店（濟南遙牆國際機場店）,9.7,"['雙床房（智能投屏）:HK$254', '商務大床房（智能投屏）:HK$254', '高級大床房（智能投屏）:HK$271', '高級雙床房（智能投屏）:HK$271']"
濟南泉城大酒店（泉城廣場大明湖店）,9.6,"['豪華大床房:HK$446', '豪華雙床房:HK$447', '泉城智能雙床房-智能客控+小冰箱:HK$555', '泉城智能大床房-智能客控+小冰箱:HK$566', '親子大床房:HK$587']"
濟南怡豪大飯店（泉城廣場趵突泉店）,9.6,"['高級雙床房:HK$577', '高級大床房:HK$577', '豪華景觀雙床房:HK$642', '豪華景觀大床房:HK$642', '行政大床房:HK$863', '豪華家庭房（沙發床）:HK$1,079']"
全季酒店（濟南趵突泉店）,9.6,"['高級大床房:HK$397', '雙床房:HK$463', '商務大床房:HK$472', '舒壓-雙床房:HK$492']"
喬治莫蘭迪酒店（濟南奧體中路新濼大街店）,9.6,"['雅緻雙床房『智能語音客控+零壓床墊』:HK$380', '雅緻大床房『智能語音客控+全身鏡』:HK$402', '露台景觀大床房『私享露台+MI 空氣凈化器』:HK$412', '豪華雙床房『智能語音客控+MI 空氣凈化器』:HK$444', '尊享浴缸大床房『泡泡浴套裝+ 雲水•茶空間』:HK$487']"
山東麗天大酒店,9.5,"['靜雅雙床房（獨立封裝毛巾浴巾）:HK$393', '靜雅大床房（獨立封裝毛巾浴巾）:HK$404', '雅緻雙床房（Room Plus洗護+隔光窗簾）:HK$417', '雅緻大床房（Room Plus洗護+隔光窗簾）:HK$417', '商務大床房（辦公桌椅+高速WIFI）:HK$481']"
良友富臨大酒店（濟南泉城廣場大明湖店）,9.3,"['標準雙床房:HK$347', '標準大床房:HK$358', '泉景大床房:HK$435', '泉景雙床房:HK$467', '泉韻雙床房:HK$522']"
濟南趵突泉原拓酒店,9.5,"['原粹雙床房【小拓智能客控+空氣凈化器+除蟎儀】:HK$473', '原璽大床房【小拓智能客控+智能馬桶】:HK$473', '原粹大床房【小拓智能客控+空氣凈化器+除蟎儀】:HK$509', '原拓大床房【小拓智能客控+智能馬桶】:HK$509', '原璽雙床房【小拓智能客控+智能馬桶】:HK$521']"
棠梨褐酒店（濟南大明湖泉城廣場店）,9.5,"['沁馨大床房（智能客控+電視投屏+品牌洗護+舒適空間）:HK$447', '南枝大床房（智能客控+電視投屏+寬敞舒適空間）:HK$480', '沁馨雙床房（智能客控+寬敞舒適空間+享安睡時刻）:HK$491', '南枝雙床房（智能客控+寬敞舒適空間+享安睡時刻）:HK$523', '佳茗套房（ 智能客控+浴缸+寬敞舒適空間）:HK$557']"
喬治莫蘭迪酒店（濟南山東大學印象城店）,9.6,"['商務大床房（小度智能客控+電視投屏+靜享舒適床品）:HK$335', '雅緻大床房（小度智能客控+電視投屏+靜享舒適睡眠）:HK$371', '商務雙床房（小度智能客控+電視投屏+靜享舒適雙床）:HK$377', '豪華大床房（小度智能客控+浪漫浴缸+靜享安眠時刻）:HK$419', '豪華雙床房（小度智能客控+電視投屏+靜享超大雙床）:HK$432']"
美豪酒店（濟南泉城廣場趵突泉店）,9.5,"['雅居小廂房:HK$259', '靜享大床房（乳膠床墊+智能客控）:HK$319', '精緻大床房（乳膠床墊+智能客控）:HK$341', '英倫風情大床房（乳膠床墊+智能客控+地標景觀）:HK$364']"
如家商旅酒店（濟南大明湖店）,9.1,"['大床房:HK$233', '商務大床房A:HK$283', '商務大床房:HK$300', '安睡大床房:HK$325']"
最憶賓舍酒店（濟南大明湖泉城廣場店）,9.1,"['品質特惠大床房:HK$266', '雅緻大床房:HK$297', '庭院大床房:HK$388', '復古歐式雙床房:HK$397']"
濟南藍海御華大飯店,9.6,"['舒適大床房:HK$488', '商務大床房:HK$593', '商務雙床房:HK$593', '豪華雙床房:HK$663', '豪華大床房:HK$664', '童趣親子特大床房:HK$707']"
桔子酒店（濟南CBD中央商務區店）,9.7,"['樂活大床房（智能客控）:HK$362', '月若流金雙床房（智能客控）:HK$362', '加州陽光大床房（智能客控）:HK$381', '月若流金高級大床房（智能客控）:HK$402']"
濟南大明湖悦苑酒店,9.4,"['湖悦大床房:HK$533', '湖悦雙床房:HK$533', '泉悦大床房:HK$642', '泉悦雙床房:HK$642', 'B.Duck小黃鴨小黃鴨湖悦親子房:HK$730']"
濟南璞秀酒店（齊魯小童醫院店）,9.8,"['璞秀•甄選雙床房（商務甄選丨舒適空間丨夢百合床品）:HK$279', '舒適大床房（夢百合床品丨恆温花灑丨烘乾衣架）:HK$284', '舒適雙床房（床體可移動丨智能馬桶丨烘乾衣架）:HK$292', '哪吒親子主題房（可拼拆雙大床丨伴睡玩偶丨萌童用品）:HK$312', '悦享大床房（懶人沙發丨智能馬桶丨恆温花灑）:HK$317']"
山東健康麗呈酒店（大明湖泉城廣場店）,9.4,"['雅緻雙床房:HK$431', '雅緻大床房:HK$431', '明湖印象大床房:HK$475', '明湖印象雙床房:HK$475', '尊享雙床房:HK$519']"
濟南高新希爾頓花園酒店,9.5,"['花園大床房:HK$417', '花園高級雙床房:HK$417', '花園高級大床房:HK$449', '花園豪華大床房:HK$493', '花園荷里活特大床:HK$502']"
沃德酒店（濟南CBD萬象城店）,9.5,"['商務大床房:HK$323', '雅緻大床房:HK$346', '雅緻雙床房:HK$369', '行政大床房:HK$369', '雅緻家庭房:HK$459']"
喬治莫蘭迪酒店（濟南西站國際會展中心店）,9.6,"['商務大床房（語音客控+智能馬桶+零壓床墊）:HK$392', '雅緻雙床房（語音客控+智能馬桶+雅緻卡座+零壓床墊）:HK$414', '雅緻大床房（語音客控+智能馬桶+雅緻卡座+零壓床墊）:HK$429', '豪華大床房（語音客控+智能馬桶+浴缸+零壓床墊）:HK$469', '豪華雙床房（語音客控+智能馬桶+冰箱+零壓床墊）:HK$469']"
濟南頤正大廈（泉城廣場店）,9.4,"['城景舒適標準間:HK$347', '城景舒適大床房:HK$347', '陽台觀景大床房（觀景千佛山）:HK$391', '山景小套房17房（觀景千佛山+南向卧室，採光好）:HK$544', '山景陽光套房29房（觀景千佛山+南向客廳+南向卧室）:HK$620']"
美悦雲禧酒店（濟南西站山東國際會展中心店）,9.7,"['高級大床房:HK$556', '高級雙床房:HK$556', '豪華大床房:HK$589', '豪華雙床房:HK$589', '無障礙大床房:HK$600', '尊享大床房:HK$654']"
尚泉歷舍（濟南大明湖景區店）,9.5,"['舒適大床房:HK$620', '叢林鴨主題房:HK$653', '榻榻米大床房:HK$730', '景觀大床房:HK$762', '特色景觀大床房:HK$801']"
喬治莫蘭迪酒店（濟南奧體西路店）,9.6,"['商務大床房:HK$362', '雅緻大床房:HK$391', '豪華大床房:HK$438', '豪華雙床房:HK$438', '尊享套房:HK$476']"
濟南綠地美利亞酒店 Meliã Jinan,9.6,"['美利亞雙床房（觀景落地呼吸窗）:HK$490', '美利亞大床房 （觀景落地呼吸窗）:HK$501', '高級大床房（舒適空間+廣角觀景落地呼吸窗）:HK$584', '氧吧安睡房（離子氧吧助眠+凈化增氧+觀景落地呼吸窗）:HK$611', '動物樂園親子房-大床 （舒適空間+觀景落地呼吸窗）:HK$687', '太空人親子房-大床 （舒適空間+觀景落地呼吸窗）:HK$687']"
棠梨褐酒店（濟南大明湖趵突泉店）,9.5,"['雅緻大床房（智能客控+靜享安睡時刻）:HK$491', '碧山大床房（智能客控+繁華都市景色）:HK$524', '沁馨大床房（智能客控+寬敞舒適空間）:HK$556', '碧山雙床房（智能客控+靜享安睡時刻）:HK$633', '沁馨雙床房（智能客控+靜享安睡時刻）:HK$688']"
喬治莫蘭迪酒店（濟南唐冶盛唐薈店）,9.7,"['高級大床房（智能客控+電視投屏+深睡羽絨床品）:HK$360', '時尚大床房（智能客控+電視投屏+深睡羽絨床品）:HK$381', '商務大床房（智能客控+電視投屏+智能馬桶）:HK$403', '精緻雙床房（智能客控+電視投屏+深睡羽絨床品）:HK$414', '尊享大床房（電視投屏+小冰箱+浴缸+獨立會客廳）:HK$458']"
濟南子曰·明湖酒店,9.7,"['子曰豪華大床房:HK$886', '子曰豪華雙床房:HK$988', '子曰LOFT精選大床房:HK$1,017', '子曰庭院大床房:HK$1,017', '安眠·舒睡行政大床房:HK$1,071']"
濟南大明湖花園路亞朵酒店,9.7,"['雅緻大床房（小冰箱+電視投屏）:HK$394', '雅緻雙床房（小冰箱+電視投屏+可拼床）:HK$394', '高級大床房（小冰箱+電視投屏）:HK$412', '高級雙床房（小冰箱+電視投屏+可拼床）:HK$412', '行政雙床房（小冰箱+電視投屏+可拼床）:HK$430']"
濟南山東大學中心校區輕居酒店,9.9,"['標準大床房（65寸電視投屏+智能客控+深睡床品+冰箱）:HK$367', '標準雙床房（65寸電視投屏+智能客控+深睡床品+冰箱）:HK$394', '精選大床房（65寸電視投屏+智能客控+深睡床品+冰箱）:HK$403', '精選家庭房（65寸電視投屏+智能客控+深睡床品+冰箱）:HK$439']"
曼茲酒店（濟南高新萬達廣場店）,9.8,"['雅緻大床房（阿芙洗護+舒達床墊+空氣凈化器）:HK$397', '豪華大床房（阿芙洗護+舒達床墊+空氣凈化器）:HK$496', '豪華雙床房（阿芙洗護+舒達床墊+空氣凈化器）:HK$496', '家庭雙床房（阿芙洗護+舒達床墊+空氣凈化器）:HK$531', '豪華親子房（阿芙洗護+舒達床墊+空氣凈化器）:HK$570']"
濟南泉城廣場寬厚里亞朵酒店,9.7,"['雅緻大床房（小冰箱+投屏電視+智能馬桶）:HK$484', '高級大床房（小冰箱+投屏電視+智能馬桶）:HK$529', '高級雙床房（小冰箱+投屏電視+智能馬桶）:HK$529', '行政大床房（小冰箱+投屏電視+智能馬桶）:HK$592', '幾木大床房（深睡PRO枕+小冰箱+投屏電視+智能馬桶）:HK$682']"
濟南遙牆國際機場希爾頓歡朋酒店,9.6,"['舒適大床房:HK$548', '舒適雙床房:HK$557', '高級大床房:HK$576', '高級雙床房:HK$586', '豪華大床房:HK$605']"
山東土地·儒商酒店,9.7,"['豪華雙床房:HK$610', '豪華大床房:HK$610', '凌空山景特大床房:HK$631', '尊貴大床房:HK$949', '尊享套房:HK$2,093']"
濟南大明湖東關大街亞朵X酒店,9.6,"['雅緻大床房（天景通風采光）:HK$387', '高級大床房（品牌床墊+投屏電視）:HK$418', '雅緻雙床房（天景通風采光）:HK$438', '行政大床房（品牌床墊+投屏電視+小冰箱）:HK$448', '高級雙床房（品牌床墊+投屏電視）:HK$488']"
濟南火車站希爾頓歡朋酒店,9.6,"['舒適大床房:HK$442', '舒適雙床房:HK$442', '高級大床房:HK$470', '高級雙床房:HK$470', '豪華大床房:HK$518']"
濟南君廷酒店,9.5,"['高級雙床房:HK$763', '高級大床房:HK$763', '豪華雙床房:HK$828', '豪華大床房:HK$828', 'B.Duck小黃鴨主題親子家庭房:HK$983', '海底小縱隊主題親子家庭房:HK$983']"
山東大廈,9.8,"['超豪華雙床房:HK$675', '超豪華大床房:HK$721', '行政大床房:HK$984', '尊享大床房:HK$1,202', '超豪華套間:HK$1,485', '尊貴套房:HK$4,917']"
濟南西站東廣場亞朵酒店,9.8,"['高級雙床房（語音客控+空氣凈化器）:HK$412', '雅緻大床房（語音客控+空氣凈化器）:HK$412', '高級大床房（語音客控+空氣凈化器）:HK$421', '行政大床房（語音客控+空氣凈化器+小冰箱）:HK$448', '行政雙床房（語音客控+空氣凈化器+小冰箱）:HK$448']"
書香世家酒店（濟南高新萬達會展中心店）,9.7,"['雅緻大床房（65寸智能投屏電視）:HK$340', '雅緻雙床房（65寸智能投屏電視）:HK$351', '茶韻零壓大床房（零壓床墊+65寸智能電視+智能馬桶）:HK$404', '茶韻零壓雙床房（零壓床墊+65寸智能電視+智能馬桶）:HK$410', '探花（豪華）大床房（特大床+65寸智能電視）:HK$437']"
花築奢·見山結廬唐風民宿,9.8,"['深景·單人湯池大床房|落地窗|全屋智能:HK$811', '問竹·單人湯池特大床房|落地窗|全屋智能:HK$946', '守中·翠庭湯隱大床房|獨院|湯泉|榻榻米:HK$1,057', '自然·一院一池大床房|獨院|湯泉|榻榻米:HK$1,157', '常容·倚竹院景大床房|獨院|湯泉|榻榻米:HK$1,218', '尚賢·泉境別院大床房|獨院|湯泉|榻榻米:HK$1,476']"
濟南大明湖景區輕居酒店,9.7,['標準大床房（智能客控+投屏+小冰箱+獨立空調）:HK$490']
濟南魯能希爾頓酒店及公寓,9.6,"['希爾頓大床房:HK$687', '希爾頓雙床房:HK$714', '希爾頓豪華大床房:HK$741', '希爾頓豪華雙床房:HK$800', '豪華山景大床房:HK$840', '希爾頓超豪華大床房:HK$873']"
喬治莫蘭迪酒店（濟南大明湖火車站店）,9.4,"['商務大床房（電視投屏+零壓床墊）:HK$432', '雅緻大床房（繁華都市景色+靜享安睡時刻）:HK$467', '商務雙床房（電視投屏+零壓床墊）:HK$493', '行政雙床房:HK$529', '尊享大床房（小冰箱+康乃馨羽絨枕）:HK$545']"
濟南大明湖北園大街亞朵酒店,9.7,"['雅緻大床房（小冰箱+投屏電視）:HK$367', '高級雙床房（小冰箱+投屏電視+雙拼床）:HK$394', '高級大床房（小冰箱+投屏電視）:HK$394', '行政大床房（小冰箱+投屏電視）:HK$412', '幾木雙床房（小冰箱+投屏電視+雙拼床+深睡PRO枕）:HK$430']"
