酒店名称,评分,房型价格列表
濟寧京杭假日飯店,9.4,"['高級雙床房:HK$369', '高級大床房:HK$392', '行政標準間:HK$402', '豪華大床房:HK$456', '豪華雙床房:HK$456', '家庭房:HK$654']"
濟寧高新區亞朵酒店,9.8,"['雅緻雙床房:HK$313', '雅緻大床房:HK$322', '高級雙床房:HK$340', '高級大床房:HK$349', '幾木雙床房（小冰箱＋浴袍＋投屏）:HK$376']"
濟寧高新創新谷希爾頓歡朋酒店,9.8,"['舒適大床房:HK$336', '舒適雙床房:HK$336', '舒適園景大床房:HK$341', '高級大床房:HK$353', '高級雙床房:HK$353']"
濟寧大運河希爾頓歡朋酒店,9.7,"['舒適大床房（舒達床墊+投屏電視+可移動辦公桌）:HK$320', '舒適雙床房（舒達床墊+投屏電視+可移動辦公桌）:HK$320', '高級大床房（舒達床墊+縱享好夢記憶枕）:HK$363', '高級雙床房（舒達床墊+縱享好夢記憶枕）:HK$372', '歡朋歡聚三床房（親子沙發床+舒達床墊+小童拖鞋）:HK$401']"
濟寧富力萬達嘉華酒店,9.4,"['豪華雙床房（繁華街景+全景落地窗+斯林百蘭床墊）:HK$690', '豪華大床房（繁華街景+全景落地窗+斯林百蘭床墊）:HK$690', '高級豪華雙床房（繁華街景+全景落地窗+斯林百蘭床墊）:HK$738', '高級豪華大床房（繁華街景+全景落地窗+斯林百蘭床墊）:HK$738', '海底小縱隊親子大床房:HK$893', '海底小縱隊親子雙床房:HK$893']"
濟寧兗州麗芮酒店,9.7,"['芮享舒適大床房（戴森風機+舒達床墊+小冰箱）:HK$313', '芮享高級雙床房（戴森風機+舒達床墊+小冰箱）:HK$323', '芮享高級大床房（戴森風機+舒達床墊+小冰箱）:HK$323', '芮享豪華大床房（戴森風機+舒達床墊+小冰箱）:HK$356', '芮享豪華雙床房（戴森風機+舒達床墊+小冰箱）:HK$356']"
濟寧太白路萬達廣場桔子水晶酒店,9.8,"['高級大床房 （絲漣床墊+浴袍+小冰箱）:HK$361', '商務雙床房（絲漣床墊+浴袍+小冰箱）:HK$361', '商務大床房 （絲漣床墊+浴袍+小冰箱）:HK$381', '豪華大床房 （絲漣床墊+浴袍+小冰箱）:HK$402', '豪華雙床房 （絲漣床墊+浴袍+小冰箱）:HK$412']"
濟寧太白路萬達廣場亞朵酒店,9.7,"['雅緻大床房（65寸投屏電視、地暖）:HK$313', '雅緻雙床房（65寸投屏電視、地暖）:HK$313', '高級大床房（65寸投屏電視、地暖）:HK$340', '高級雙床房（65寸投屏電視、地暖）:HK$340', '行政雙床房（65寸投屏電視、小冰箱、地暖）:HK$394']"
濟寧任城大道職業技術學院桔子水晶酒店,9.8,"['高級大床房-空調製冷-65寸投屏電視-浴袍-小冰箱:HK$346', '豪華雙床房-空調製冷-65寸投屏電視-浴袍-小冰箱:HK$365', '商務大床房-空調製冷-65寸投屏電視-浴袍-小冰箱:HK$374', '豪華家庭房-空調製冷-65寸投屏電視-浴袍-小冰箱:HK$411', '豪華大床房-空調製冷-65寸投屏電視-浴袍-小冰箱:HK$430']"
如家商旅酒店（兗州茂昌世紀銀座廣場店）,9.6,"['商務大床房（全屋智能客控）:HK$221', '雙床房（全屋智能客控）:HK$231', '高級大床房（全屋智能客控+乾濕分離）:HK$248', '高級雙床房（全屋智能客控+乾濕分離）:HK$264']"
濟寧任城區火炬路蘭歐國際酒店,9.6,"['豪華大床房【全屋智能+mini冰箱+金可兒床墊】:HK$296', '豪華雙床房【全屋智能+mini冰箱+金可兒床墊】:HK$296', '經典大床房【全屋智能+mini冰箱+金可兒床墊】:HK$308', '行政大床房【全屋智能+mini吧+金可兒床墊】:HK$340', '天使的軌跡【全屋智能+mini冰箱+金可兒床墊】:HK$345']"
濟寧永潤美侖國際酒店,9.8,"['高級大床房（投屏電視+落地窗+小冰箱）:HK$340', '高級雙床房（投屏電視+落地窗+小冰箱）:HK$340', '豪華大床房（投屏電視+鬧中取靜+小冰箱）:HK$369', '行政大床房（投屏電視+浴缸+小冰箱）:HK$406', '豪華家庭房（投屏電視+浴缸+小冰箱）:HK$435']"
全季酒店（濟寧太白路萬達店）,9.7,"['高級雙床房:HK$330', '高級大床房:HK$358', '舒壓高級大床房:HK$358', '商務雙床房:HK$368']"
美豪酒店（濟寧高新店）,9.6,"['私密影院主題大床房:HK$317', '英倫風情大床房:HK$339', '英倫風情雙床房:HK$339', '維多利亞影院雙床房:HK$347', '維多利亞影院大床房:HK$380']"
如家商旅酒店（濟寧萬達廣場火車站店）,9.6,"['商務大床房A（温馨舒適）:HK$170', '雙床房A（温馨舒適）:HK$178', '商務大床房（寬敞明亮）:HK$187', '高級雙床房（寬敞明亮）:HK$195']"
如家商旅酒店（濟寧附屬醫院東門店）,9.6,"['商務大床房（中央空調）:HK$170', '雙床房（中央空調）:HK$194', '高級大床房（智能客控）:HK$202', '高級雙床房（智能客控）:HK$219']"
水晶酒店（濟寧高新區萬象滙店）,9.6,"['精選榻榻米大床房（小冰箱+智能客控+浴缸浴袍）:HK$260', '豪華大床房（小冰箱+智能客控+浴缸浴袍）:HK$306', '豪華雙床房（小冰箱+智能客控+浴袍）:HK$315', '湖景露台大床房（小冰箱+智能客控+露台+浴缸浴袍）:HK$352', '豪華家庭房（小冰箱+智能客控+露台+浴缸浴袍）:HK$380']"
濟寧建設路領秀城市廣場亞朵酒店,9.7,"['高級大床房（一次性安心杯+投屏電視）:HK$286', '雅緻大床房（一次性安心杯+投屏電視）:HK$286', '高級雙床房（一次性安心杯+投屏電視）:HK$295', '行政大床房（深睡枕+投屏電視+體重稱+小冰箱）:HK$313', '幾木大床房（深睡枕+投屏電視+體重稱+小冰箱）:HK$347']"
濟寧文化中心智選假日酒店,9.7,"['高級雙床房:HK$270', '特惠大床房:HK$314', '高級大床房:HK$345', '高級湖景雙床房:HK$373', '高級湖景大床房:HK$401']"
如家商旅酒店（濟寧太白樓醫學院附屬醫院店）,9.7,"['大床房[投屏電視+明窗]:HK$174', '雙床房[投屏電視+明窗]:HK$182', '商務大床房[投屏電視+明窗]:HK$182', '高級雙床房[投屏電視+明窗]:HK$189']"
太白酒樓精品花園酒店（濟寧汽車北站職業技術學院店）,9.9,"['Ai特享大床房（智能語控+手機投屏+明窗）:HK$180', 'Ai特惠雙床房（智能語控+手機投屏+明窗）:HK$218', 'Ai悦享大床房（智能語控+手機投屏）:HK$219', 'Ai悦享雙床房（智能語控+手機投屏）:HK$222']"
白玉蘭酒店（濟寧運河城店）,9.3,"['靜逸大床房（舒適床品+深度睡眠）:HK$154', '玉舒雙床房（舒適深眠+舒適床品）:HK$166', '玉舒大床房（舒適深眠+舒適床品）:HK$166', '蘭舒大床房（舒適深眠+舒適床品）:HK$183']"
全季酒店（濟寧高新區海川路店）,9.7,"['商務雙床房:HK$385', '高級大床房:HK$396', '商務大床房:HK$414', '舒壓-高級大床房:HK$414']"
濟寧錫龍大廈,9.7,"['豪華大床房:HK$325', '豪華親子房:HK$358', '商務套房:HK$1,091']"
圖越縵雲堂酒店（高新區萬象滙店）,9.5,"['雲尚大床房:HK$309', '雲旅雙床房:HK$311', '雲奢大床房:HK$378', '縵雲假日大床房-温馨浴缸房:HK$434', '觀瀾•花園大床房-榻榻米意境禪意品茶:HK$481']"
鉑爾曼酒店（濟寧萬達廣場店）,9.5,"['顧裏［投影儀+零圧床墊］:HK$129', '北梔［投影儀+零圧床墊］:HK$139', '雲嶼（投影儀+零圧床墊）:HK$144', '洛夏［投影儀+落地夜景+零圧床墊］:HK$147']"
全季酒店（濟寧兗州建設東路店）,9.6,"['高級大床房:HK$325', '高級雙床房:HK$325', '商務大床房:HK$345', '舒壓-高級大床房:HK$374']"
濟寧杏壇世家大酒店,9.4,"['雅韻商務大床房:HK$230', '雅韻商務雙床房:HK$230', '雅韻親子雙床房:HK$272', '雅緻豪華雙床房（零壓床墊）:HK$283', '雅緻豪華大床房（智能客控+零壓床墊）:HK$283']"
貴尚精品酒店（濟寧醫學院附屬醫院太白樓店）,9.4,"['優選大床房「採光通風+潔凈舒適+乾濕分離」:HK$114', '優選雙床房「採光通風+潔凈舒適+乾濕分離」:HK$114', '精緻·舒睡大床房「喜臨門零壓床墊+商務休閑」:HK$135', '精緻·舒睡雙床房「喜臨門零圧床墊+商務休閑」:HK$135']"
濟寧香港大廈,9.5,"['行政標準間:HK$315', '行政商務間:HK$315', '精品商務房:HK$431', '精品標準間:HK$431']"
柏曼酒店（濟寧任城洸河路店）,9.6,"['舒適大床房（城市景觀）:HK$223', '標準大床房（城市景觀）:HK$232', '商務雙床房（朝陽+城市景觀）:HK$256', '商務大床房（朝陽+城市景觀房）:HK$256']"
柏曼酒店（濟寧任城區政府中德廣場店）,9.6,"['舒適大床房（俯瞰森林公園+採光視野好）:HK$190', '標準大床房（朝陽+高樓層城市景觀）:HK$219', '商務雙床房（俯瞰森林公園+高樓層夜景+乾濕分離）:HK$248', '商務大床房（城市景觀+採光視野好）:HK$248']"
濟寧浠爾美酒店,9.5,"['智能豪華雙床房:HK$130', '智能豪華大床房:HK$130', '智能行政雙床房:HK$151', '智能行政大床房:HK$151']"
你好酒店（兗州火車站興隆文化園店）,9.2,"['高級雙床房（智能投屏）:HK$179', '高級大床房（智能投屏）:HK$189', '商務大床房（智能投屏）:HK$198', '商務雙床房（智能投屏）:HK$198']"
凱賽麗楓酒店（濟寧市委黨校大廈店）,9.3,"['特惠大床房:HK$206', '特惠雙床房:HK$206', '豪華雙床房:HK$256', '豪華大床房:HK$270']"
濟寧銀座佳悦精選酒店（南池公園火車站店）,9.3,"['高級雙床房:HK$206', '豪華雙床房:HK$242', '荷里活拼床大床房:HK$250', '豪華大床房:HK$261', '行政零壓大床房:HK$286']"
V+電競酒店（濟寧萬達廣場店）,9.9,"['柔情大床房[3070顯卡+遊戲特權+10處理器+32G內存+2K曲面屏]:HK$214', '網紅情侶大床房[3070顯卡+遊戲特權+10處理器+32G內存+2K曲面屏]:HK$214', '豪華電競大床房[3070顯卡+遊戲特權+10處理器+32G內存+2K曲面屏]:HK$222', '高端大床房[3070顯卡+遊戲特權+10處理器+32G內存+2K曲面屏]:HK$222']"
山東聖德國際酒店,9.1,"['高級大床房:HK$544', '高級雙床房:HK$544', '豪華大床房:HK$577', '豪華雙床房:HK$577', '行政大床房:HK$617', '行政雙床房:HK$617']"
安縵·卡爾頓影院電競酒店（濟寧萬達廣場店）,9.1,"['聽澗（投影儀▪零壓床墊）:HK$134', '覓星（投影儀▪零壓床墊）:HK$143', '白峪（投影儀▪零壓床墊）:HK$153', '韓熹（投影儀▪零壓床墊）:HK$160']"
濟寧聖都國際酒店,9.4,"['高級雙床房:HK$490', '高級大床房:HK$510', '豪華景觀大床房:HK$569', '豪華景觀雙床房:HK$633', '行政大床房:HK$638', '高級套房:HK$1,357']"
如家華驛精選酒店（濟寧科苑路店）,9.4,"['凈馨大床房（零壓床墊+智能馬桶）:HK$171', '精選高級商務房:HK$188', '精選高級雙床房（零壓床墊+智能馬桶）:HK$204', '零壓商務大床房:HK$220']"
維也納國際酒店（濟寧任城區政務中心店）,9.6,"['高級大床房:HK$268', '高級雙床房:HK$268', '豪華大床房:HK$286', '豪華雙床房:HK$286']"
喆啡酒店（濟寧車站西路南池公園店）,9.3,"['特惠房:HK$177', '醇享大床房:HK$195', '醇享雙床房:HK$202', '啡凡品質房（獨立空調）:HK$208']"
白玉蘭酒店（濟寧濟鄒路濟州上城店）,9.7,"['輕雅大床房:HK$222', '靜雅大床房:HK$269', '靜雅雙床房:HK$269', '舒雅大床房:HK$287']"
君臨龍城大酒店（濟寧火車站火炬南路店）,9.5,"['豪華大床房:HK$259', '豪華雙床房:HK$283', '商務雙床房:HK$294', '浪漫優享房:HK$358']"
濟寧聖地酒店,9.2,"['標準雙人間:HK$345', '標準大床房:HK$345', '行政雙人間:HK$436', '行政大床房:HK$436']"
麗呈輕界酒店（濟寧職業技術學院全民健身廣場店）,9.1,"['精選雙床房:HK$201', '精選大床房:HK$201', '零壓大床房:HK$253', '親子主題房:HK$279']"
柏爾菲精選酒店（濟寧汽車北站金宇路職業學院店）,8.7,"['『柏爾菲.榻雲軒』影音大床【百寸幕布+桌球】:HK$132', '『柏爾菲.雙棲閣』雙人間【65寸智能電視+桌球】:HK$169', '『柏爾菲.墨雲廬』影音大床【百寸幕布+桌球】:HK$169', '『柏爾菲.櫻幕居』日式影音大床【百寸幕布+桌球】:HK$195']"
維也納智好酒店（兗州亨利廣場店）,9.6,"['標準大床房:HK$197', '豪華大床房:HK$215', '豪華雙床房:HK$224', '商務大床房:HK$258']"
漢庭優佳酒店（濟寧兗州九洲新天地店）,9.6,"['大床房:HK$215', '高級大床房:HK$224', '高級特大床房:HK$233', '雙床房:HK$233']"
濟寧萬達廣場太白樓東路亞朵輕居酒店,9.8,"['舒適大床房（語音客控+智能馬桶+投屏電視+小冰箱）:HK$260', '標準雙床房（語音客控+智能馬桶+投屏電視+小冰箱）:HK$260', '標準大床房（語音客控+智能馬桶+投屏電視+小冰箱）:HK$278', '精選雙床房（語音客控+智能馬桶+投屏電視+小冰箱）:HK$287']"
濟寧科苑酒店,9.4,['商務套房:HK$260']
麗呈輕界酒店（濟寧廣播電視台店）,9.0,"['精選雙床房:HK$201', '精選大床房:HK$201', '零壓大床房:HK$254', '親子主題房:HK$279']"
濟寧肆季原創民宿,9.7,"['現代奶油風大床房:HK$156', '清新原木風大床房:HK$164', '日式侘寂風大床房:HK$164', '輕奢奶油風大床房:HK$164']"
