酒店名称,评分,房型价格列表
漫季中街酒店（瀋陽中街故宮大悅城店）,9.3,"['零壓秒睡大床房|空氣凈化器+手機無線投屏+智能客控:HK$399', '特種兵旅行大床房|智能客控+零壓床墊+安睡羽絨枕:HK$399', '躺平治癒大床房|空氣凈化器+雙人沙發+手機無線投屏:HK$435', '靜謐舒眠雙床房|智能客控+零壓床墊+安睡羽絨枕:HK$447', '設計師簡約大床房|智能客控+氛圍燈光+手機無線投屏:HK$470']"
奉天緣酒店（瀋陽北站金融中心地鐵站店）,9.5,"['綠苑晴光榻榻米影院房（巨幕投影+零壓床墊+華為智能）:HK$236', '觀景榻榻米雙床房（零壓床墊+華為智能）:HK$319', '城景豪華大床房（零壓床墊+特色品茗+華為智能+辦公）:HK$319', '城景榻榻米影院（零壓床墊+巨幕投影+特色品茗+華為智能）:HK$341']"
盛京記憶酒店（瀋陽中街故宮店）,9.5,"['雅緻大床房:HK$393', '豪華大床房:HK$421', '豪華雙床房:HK$421', '家庭房:HK$448']"
天潤悦致酒店（瀋陽桃仙機場省博物館店）,9.6,"['豪華大床房（冷藏小冰箱+化粧鏡+無線投屏）:HK$361', '悦享大床房（冷藏小冰箱+化粧鏡+無線投屏）:HK$373', '悦致商務大床房（冷藏小冰箱+化粧鏡+無線投屏）:HK$385', '影音大床房（冷藏小冰箱+化粧鏡+無線投屏+75寸電視）:HK$385', '商旅超寬雙床房（冷藏小冰箱+化粧鏡+無線投屏）:HK$395']"
和頤酒店（瀋陽渾南奧體中心萬達廣場店）,9.6,"['商務大床房:HK$423', '雙床房:HK$441', '高級大床房:HK$460', '親子雙床房:HK$515']"
遼寧賓館,8.9,"['標準雙人間:HK$375', '高級標準間:HK$482', '高級大床房:HK$482']"
漫季雲帆酒店（瀋陽中街故宮大帥府店）,9.5,"['特種兵影院大床房|愛奇藝會員+投影+零壓床墊+記憶枕:HK$414', '靜謐暢享影院大床房|愛奇藝會員+投影+零壓床墊+記憶枕:HK$478', '樂享雅緻大床房|電動窗簾+零壓床墊+記憶枕+沙發+圓桌:HK$493', '臻選城景大床房·智能客控+零壓+沙發+圓桌+中街故宮旁:HK$613']"
瀋陽華強諾華廷酒店（沈北新區師範大學地鐵站店）,9.4,"['高級大床房（小冰箱+芝華士床墊+浴袍）:HK$316', '高級雙床房（小冰箱+芝華士床墊+浴袍）:HK$316', '豪華大床房（小冰箱+芝華士床墊+浴袍）:HK$382', '豪華雙床房（小冰箱+芝華士床墊+浴袍）:HK$382', '商務大床房（豪華浴缸+小冰箱+浴袍）:HK$403']"
瀋陽長白島亞朵酒店,9.8,"['雅緻雙床房（手機投屏+ 智能客控）:HK$439', '高級大床房（手機投屏+智能客控）:HK$493', '高級雙床房（手機投屏+智能客控）:HK$511', '幾木大床房（小冰箱+浴袍+手機投屏）:HK$547', '幾木雙床房（小冰箱+浴袍+智能馬桶）:HK$592']"
和頤至尚酒店（瀋陽故宮中街地鐵站店）,9.5,"['大床房:HK$342', '和頤大床房（65寸投屏電視+記憶床墊）:HK$342', '雙床房:HK$393', '商務大床房:HK$393', '和頤高級大床房（65寸投屏電視+記憶床墊）:HK$427']"
根前兒HYGGE酒店（瀋陽中街故宮懷遠門地鐵站店）,9.5,"['蜜糖森林·甄選大床房【百寸投影+mini冰箱】:HK$281', '悦漫·温馨大床房【百寸投影+影視會員+mini冰箱】:HK$303', '向陽花·心選大床房【百寸投影+影視會員+mini冰箱】:HK$326', 'HYGGE·甄選雙床房【百寸投影+影視會員+mini冰箱】:HK$326']"
亞泰大酒店（瀋陽中街故宮店）,9.0,"['精品雙床房:HK$370', '精品大床房:HK$370', '精品家庭房:HK$416', '豪華家庭房:HK$449']"
漫季·藍鑽Blue酒店（瀋陽市青年大街地鐵站瀋陽北站店）,9.7,"['躺平治癒旅行大床房（智能客控+空氣凈化器+小冰箱+無線投屏）:HK$422', '設計師商務簡約雙床房（智能客控+無線投屏+小冰箱+空氣凈化器）:HK$443', '設計師商務簡約大床房（智能客控+空氣凈化器+小冰箱+無線投屏）:HK$473', '尊享Relax舒眠浴缸超大床房|浴缸套+智能客控+小冰箱:HK$474', '超清巨幕浴缸大床房（100寸投影超大投屏+愛奇藝會員+智能客控+小冰箱+空氣凈化器+一次性浴缸套）:HK$494']"
瀋陽瀋陽站希爾頓歡朋酒店,9.5,"['舒適大床房（智能馬桶+新風+手機投屏+智能客控）:HK$529', '舒適雙床房（智能馬桶+新風+手機投屏+智能客控）:HK$577', '高級大床房（智能馬桶+新風+手機投屏+智能客控）:HK$577', '高級雙床房（智能馬桶+新風+手機投屏+智能客控）:HK$625', '豪華大床房（智能馬桶+新風+智能客控+浴袍+沙發床）:HK$625']"
瀋陽奧體中心楓渡酒店,9.7,"['祕境大床房（超大電視+慕思酣睡床墊+香鑒精緻洗護）:HK$402', '純粹大床房（智能馬桶+夢潔床品+慕思酣睡床墊）:HK$439', '純粹雙床房（智能馬桶+AI客控+minibar）:HK$440', '質感大床房（沈城夜景+慕思酣睡床墊+智能馬桶）:HK$506', '質感雙床房（Mini Bar+智能馬桶+慕思酣睡床墊）:HK$506']"
麥田方城酒店（瀋陽故宮中街懷遠門地鐵站店）,9.2,"['麥香大床房（全屋智能+助眠床墊+冰箱）:HK$326', '麥香雙床房（全屋智能+助眠床墊+冰箱）:HK$326', '麥浪大床房（全屋智能+助眠床墊+冰箱）:HK$375', '麥浪雙床房（全屋智能+助眠床墊+冰箱）:HK$375']"
美豪麗致酒店（瀋陽青年大街彩電塔夜市店）,9.4,"['温馨大床房（新中式設計+沉浸觀影+智能馬桶）:HK$343', '深眠大床房（新中式設計+內庭院+沉浸觀影+小米凈化）:HK$352', '巨幕觀影雙床房（新中式設計+沉浸觀影+慕思產品體驗）:HK$392', '麗致大床房（新中式設計+小冰箱+智能馬桶）:HK$434', '巨幕觀影三人間（新中式設計+沉浸觀影+智能馬桶）:HK$444']"
瀋陽皇朝萬鑫酒店,9.5,"['豪華雙床房:HK$512', '行政景觀雙床房:HK$739', '特色豪華大床套房:HK$811', '特色行政大床套房:HK$992', '特色行政雙床套房:HK$992', '海底小縱隊主題親子房:HK$1,005']"
瀋陽桃仙機場全運路亞朵S酒店,9.8,"['高級大床房（智能客控+小冰箱+深睡床品+浴袍）:HK$547', '行政大床房（智能客控+小冰箱+深睡床品+浴袍）:HK$592', '行政雙床房（智能客控+小冰箱+深睡床品+浴袍）:HK$619', '尊享大床房（智能客控+小冰箱+深睡床品+浴袍）:HK$664', '尊享雙床房（智能客控+小冰箱+深睡床品+浴袍）:HK$709']"
瀋陽雲灣酒店（奧體中心盛京大奧萊店）,9.3,"['麗景大床房（智能小度+手機投屏+50寸電視）:HK$265', '麗景雙床房（智能小度+手機投屏+50寸電視）:HK$274', '雲灣觀景大床房（智能小度+50寸電視+高層景觀）:HK$283', '雲灣觀景雙床房（智能小度+50寸電視+高層景觀）:HK$292', '麗景高級大床房（休閑軟榻+智能小度+手機投屏+50寸電視）:HK$311']"
簡裏古寂酒店（瀋陽站太原街店）,9.7,"['簡春·靜緩大床房（無線投屏+電動窗簾）:HK$350', '裏夏·悠靜大床房（記憶枕+小冰箱+乳膠床墊）:HK$385', '古秋·閑逸雙床房（記憶枕+小冰箱+智能客控）:HK$446', '寂冬·暖暖大床房（網紅全身鏡+電動窗簾+小冰箱）:HK$446']"
YUNIK酒店（瀋陽中街大悦城店）,9.7,"['電競大床房（HKC+RTX4060顯卡+i513400F+170HZ）:HK$386', '電競雙床房（HKC+RTX4060顯卡+i513400F+170HZ）:HK$404', '商務大床房（投屏+零壓床墊）:HK$414', '高級大床房（投屏+零壓床墊+智能馬桶）:HK$442']"
瀋陽中街故宮楓渡酒店,9.7,"['祕境大床房（助眠蕎麥枕+慕思床墊+AI智能設施）:HK$382', '經典大床房（安靜好眠+電視投屏+AI智能設施）:HK$410', '故景-純粹大床房（AI智能設施+故宮景+慕思助眠床品）:HK$432', '質感大床房（慕思床墊+夢潔床品+AI智能設施）:HK$467', '質感雙床房（夢潔床品+電視投屏+AI智能設施）:HK$467']"
瀋陽青年大街彩電塔亞朵酒店,9.7,"['高級大床房（無線充+手機投屏）:HK$502', '高級雙床房（無線充+手機投屏）:HK$528', '行政大床房（小冰箱+智能馬桶+浴袍+手機投屏）:HK$556', '行政城景大床房（無線充+小冰箱+手機投屏）:HK$565', '行政雙床房（小冰箱+智能馬桶+浴袍+手機投屏）:HK$574']"
瀋陽亞世麗致酒店,9.6,"['高級雙床房:HK$441', '高級大床房:HK$441', '尊享大床房（高樓層+智能馬桶+電動窗簾）:HK$463', '豪華大床房:HK$486', '尊享豪華大床房（高樓層+智能馬桶+電動窗簾）:HK$510']"
魁北克酒店（瀋陽領事館彩電塔夜市店）,9.2,"['楓境經典大床房:HK$394', '楓境雅緻大床房:HK$440', '楓境雅緻棋牌房:HK$459', '楓境雅緻雙床房:HK$486']"
如家商旅酒店（瀋陽桃仙機場音樂學院桃仙校區店）,9.5,"['商務大床房:HK$289', '高級大床房:HK$306', '高級雙床房:HK$306', '家庭房:HK$341']"
瀋陽北站智選假日酒店,9.3,"['高級大床房（中庭）:HK$406', '高級雙床房（街景）:HK$425', '高級大床房（街景）:HK$425', '高級房 大床 更大面積 街景:HK$453', '高級房 雙床 更大面積 街景:HK$453']"
華寓公寓（瀋陽中糧廣場店）,9.1,"['精品特惠房:HK$182', '華寓iMax·影音房（可投屏）:HK$214', '温馨家庭房:HK$222', '商務雙床房:HK$222']"
麗楓酒店（瀋陽故宮中街地鐵站店）,9.6,"['高級大床房:HK$427', '豪華大床房:HK$437', '商務大床房（全屋智控+慕斯床墊）:HK$448', '豪華雙床房:HK$475']"
瀋陽新華天璽酒店,9.2,"['精品高級大床房:HK$206', '精品商務大床房:HK$374', '零壓深睡大床房:HK$374', '精品豪華大床房:HK$391']"
漫季雲尚酒店（瀋陽北站老北市夜市店）,9.3,"['特種兵秒睡大床房|記憶枕+書桌:HK$233', '優選靜謐大床房丨記憶枕+辦公書桌:HK$247', '優選靜謐雙床房丨記憶枕+辦公書桌:HK$247', '樂享雅緻大床房丨記憶枕+書桌+地暖:HK$253']"
瀋陽沈北大學城希爾頓歡朋酒店,9.7,"['舒適大床房:HK$505', '舒適雙床房:HK$505', '高級大床房:HK$545', '高級雙床房:HK$545', '豪華大床房:HK$585']"
如家商旅酒店（瀋陽中街故宮張氏帥府店）,9.5,"['商務大床房:HK$386', '高級大床房:HK$413', '雙床房:HK$413', '套房:HK$413']"
麗楓酒店（瀋陽奧體中心萬達廣場店）,9.4,"['豪華大床房（藍牙音箱+電動窗簾+慕思床墊）:HK$434', '豪華雙床房（藍牙音箱+電動窗簾+慕思床墊）:HK$434', '商務大床房（超大空間+藍牙音箱+慕思床墊+電動窗簾）:HK$469', '商務雙床房（超大空間+藍牙音箱+慕思床墊+電動窗簾）:HK$469']"
怡程酒店（瀋陽北站地鐵站店）,9.5,"['舒適大床房（新中式+智能客控+安靜舒適）:HK$402', '高級大床房（新中式+智能客控+寬敞明亮）:HK$553', '高級雙床房（新中式+智能客控+寬敞明亮）:HK$553', '豪華大床房（新中式+智能客控+高空城景）:HK$587', '豪華雙床房（新中式+智能客控+高空城景）:HK$587']"
麗柏酒店（瀋陽北站西塔店）,9.4,"['豪華大床房（小度音控·安睡床品·全自動馬桶）:HK$524', '豪華雙床房（小度音控·安睡床品·全自動智能馬桶）:HK$533', '商務大床房（小度音控·超大床·小冰箱）:HK$578', '影音大床房（小度音控·安睡床品·高清投影）:HK$578', '行政大床房（小度音控·茶吧空間·大投屏智慧電視）:HK$632']"
瀋陽萬悦半島酒店,9.3,"['靜悦大床房（無窗）:HK$262', '靜悦大床房:HK$283', '雅悦大床房:HK$304', '雅悦標準房:HK$304']"
瀋陽海韻錦江國際酒店,9.4,"['豪華雙床房:HK$518', '豪華大床房:HK$572', '雅緻大床房:HK$625', '雅緻雙床房:HK$625', '空氣凈化大床房:HK$682', '零壓大床房:HK$682']"
瀋陽中街故宮玫瑰亞朵酒店,9.6,"['雅緻大床房（無線電充+手機投屏+中街全景）:HK$664', '高級大床房（無線電充+手機投屏）:HK$700', '雅緻雙床房（無線電充+手機投屏+投屏影音）:HK$709', '高級雙床房（無線充+手機投屏）:HK$735', '幾木街景大床房（無線電充+手機投屏）:HK$735']"
瀋陽黎明商務酒店,8.9,"['豪華雙床房:HK$322', '高級大床房:HK$366', '豪華大床房:HK$380', '豪華套房:HK$510']"
瀋陽北約客維景國際大酒店,9.4,"['高級大床房:HK$466', '高級雙床房:HK$466', '豪華大床房:HK$533', '豪華雙床房:HK$543', '高級套房（三人入住）:HK$777', '親子家庭房:HK$1,015']"
建國璞隱酒店（瀋陽站中山廣場店）,9.5,"['詠蘭居大床房（電視投屏+記憶枕+小冰箱+智能馬桶）:HK$458', '暗香居大床房（電視投屏+記憶枕+小冰箱+智能馬桶）:HK$485', '暗香居景觀大床房（電視投屏+記憶枕+小冰箱+智能客控）:HK$511', '凌霜居雙床房（電視投屏+記憶枕+小冰箱+智能馬桶）:HK$521', '清蓮居家庭房（電視投屏+記憶枕+小冰箱+智能馬桶）:HK$592']"
桔子酒店（瀋陽太原街中華路店）,9.1,"['大床房（小冰箱+手機投屏+智能客控）:HK$365', '高級大床房（小冰箱+手機投屏+智能客控）:HK$383', '商務大床房（小冰箱+手機投屏+智能客控）:HK$402', '雙床房（小冰箱+手機投屏+智能客控）:HK$403']"
瀋陽桃仙機場環球港萬信瑞鉑酒店,10.0,"['商務大床房【舒睡床品+智能投屏+冷藏冰箱】:HK$405', '商務雙床房【寬大雙床+舒睡床品+智能投屏+冷藏冰箱】:HK$405', '豪華大床房【舒睡床品+Mini Bar+英式高端洗護】:HK$438', '豪華雙床房【超寬雙床+MiNi Bar+英式高端洗護】:HK$438', '270°城景家庭房【舒睡床品+MiNi Bar+英式高端洗護】:HK$545']"
瀋陽北站南廣場亞朵X酒店,9.8,"['雅緻雙床房（小冰箱+智能馬桶蓋）:HK$457', '高級大床房（小冰箱+智能馬桶蓋）:HK$457', '高級雙床房（小冰箱+智能馬桶蓋）:HK$484', '行政大床房（小冰箱+智能馬桶蓋）:HK$502', '行政雙床房（小冰箱+智能馬桶蓋）:HK$520']"
瀋陽茂業華美達廣場酒店（瀋陽故宮中街地鐵站店）,8.6,"['高級街景大床房（安靜舒適+中街景觀）:HK$349', '高級街景雙床房（安靜舒適+中街景觀）:HK$349', '豪華城景大床房（高樓景觀+繁華中街景）:HK$388', '行政紅木家居大床房（靜謐舒睡+暖日夕陽）:HK$394', '豪華城景雙床房（高樓景觀+繁華中街景）:HK$409']"
遼寧鳳凰飯店（瀋陽北站北陵公園店）,9.3,"['豪華大床房（超大床+藍牙音箱無線充電+乾濕分離+步入式衣帽間）:HK$464', '豪華雙床房（舒適雙床+藍牙音箱無線充電+乾濕分離+步入式衣帽間）:HK$464', '甄選豪華大床房:HK$566', '甄選豪華雙床房:HK$566', '河景大床房:HK$800', '河景雙床房:HK$800']"
瀋陽歡喜酒店（瀋陽奧體中心彩霞街地鐵站店）,9.7,"['歡悦·高級智能大床房·超清4k投屏:HK$385', '歡影·巨幕智能大床房·海量片源:HK$398', '歡致·豪華智能大床房·自助洗衣:HK$411', '歡致·豪華智能雙床房·零壓床墊:HK$423']"
遼寧政協會館,9.4,"['標準大床房:HK$313', '豪華大床房:HK$361', '豪華標準間:HK$361', '商務大床房:HK$476', '商務標準間:HK$478']"
