酒店名称,评分,房型价格列表
簡裏古寂酒店（瀋陽站太原街店）,9.7,"['簡春·靜緩大床房（無線投屏+電動窗簾）:HK$332', '裏夏·悠靜大床房（記憶枕+小冰箱+乳膠床墊）:HK$365', '古秋·閑逸雙床房（記憶枕+小冰箱+智能客控）:HK$424', '寂冬·暖暖大床房（網紅全身鏡+電動窗簾+小冰箱）:HK$424']"
全季酒店（瀋陽中街懷遠門地鐵站店）,9.6,"['大床房（智能客控+智能馬桶+手機投屏+小冰箱）:HK$412', '高級大床房（智能客控+智能馬桶+手機投屏+小冰箱）:HK$441', '雙床房（智能客控+智能馬桶+手機投屏+小冰箱）:HK$441', '高級雙床房（智能客控+智能馬桶+手機投屏+小冰箱）:HK$482']"
宜尚酒店（瀋陽北站地鐵站店）,9.6,"['智能大床房（北歐風+安靜舒適）:HK$254', '智能雙床房（北歐風+安靜舒適）:HK$254', '智能高級大床房（北歐風+悠享辦公）:HK$347', '智能高級雙床房（北歐風+悠享辦公）:HK$347']"
希岸Deluxe酒店（瀋陽市政府桃仙國際機場店）,9.8,"['Deluxe豪華雙床房（智控AI+超寬單人床）:HK$340', 'Deluxe豪華大床房（零壓床墊+智能馬桶）:HK$348', 'Deluxe商務雙床房（小冰箱+靜謐舒適）:HK$356', 'Deluxe商務大床房（智控馬桶+智能投屏）:HK$364', 'Deluxe榻榻米大床房（日式風格+投影儀）:HK$389']"
漫季雲尚酒店（瀋陽北站老北市夜市店）,9.4,"['特種兵秒睡大床房|記憶枕+書桌:HK$237', '優選靜謐大床房丨記憶枕+辦公書桌:HK$251', '優選靜謐雙床房丨記憶枕+辦公書桌:HK$251', '樂享雅緻大床房丨記憶枕+書桌+地暖:HK$257']"
和頤至尚酒店（瀋陽中街地鐵站店）,9.5,"['大床房:HK$351', '和頤大床房（65寸投屏電視+記憶床墊）:HK$351', '雙床房:HK$403', '商務大床房:HK$403', '和頤高級大床房（65寸投屏電視+記憶床墊）:HK$438']"
奉天緣酒店（瀋陽北站金融中心地鐵站店）,9.5,"['綠苑晴光榻榻米影院房（巨幕投影+零壓床墊+華為智能）:HK$236', '觀景榻榻米雙床房（零壓床墊+華為智能）:HK$319', '城景豪華大床房（零壓床墊+特色品茗+華為智能+辦公）:HK$319', '城景榻榻米影院（零壓床墊+巨幕投影+特色品茗+華為智能）:HK$341']"
盛京記憶酒店（瀋陽中街故宮店）,9.5,"['雅緻大床房:HK$399', '豪華大床房:HK$428', '豪華雙床房:HK$428', '家庭房:HK$455']"
天潤悦致酒店（瀋陽桃仙機場省博物館店）,9.6,"['豪華大床房（冷藏小冰箱+化粧鏡+無線投屏）:HK$361', '悦享大床房（冷藏小冰箱+化粧鏡+無線投屏）:HK$373', '悦致商務大床房（冷藏小冰箱+化粧鏡+無線投屏）:HK$385', '影音大床房（冷藏小冰箱+化粧鏡+無線投屏+75寸電視）:HK$385', '商旅超寬雙床房（冷藏小冰箱+化粧鏡+無線投屏）:HK$396']"
瀋陽瀋陽站希爾頓歡朋酒店,9.5,"['舒適大床房（智能馬桶+新風+地暖+智能客控）:HK$471', '舒適雙床房（智能馬桶+新風+地暖+智能客控）:HK$471', '高級大床房（智能馬桶+新風+地暖+智能客控）:HK$500', '高級雙床房（智能馬桶+新風+地暖+智能客控）:HK$500', '豪華大床房（智能馬桶+新風+智能客控+浴袍+沙發床）:HK$529']"
如家精選酒店（瀋陽青年大街地鐵站店）,9.6,"['商務大床房A（衣櫃+寫字桌）:HK$275', '商務大床房（衣櫃+寫字桌）:HK$294', '高級大床房（沙發+茶几）:HK$312', '雙床房（衣櫃+寫字桌）:HK$331']"
天豐國際酒店（瀋陽站鐵西萬象滙店）,9.6,"['高級大床房:HK$383', '高級雙床房（斯林百蘭床墊+乾濕分離浴室）:HK$383', '豪華大床間（舒適空間+景觀大浴缸）:HK$462', '豪華景觀大床間（超大空間+景觀大浴缸）:HK$463', '卡通動漫親子房（小童用品）:HK$748']"
豪澤芮茲酒店（瀋陽於洪盛京醫院吉力湖街地鐵站店）,9.5,"['深度秒睡雅緻大床房（不插卡取電+舒適乳膠床墊+電動窗簾+智能馬桶）:HK$244', '躺平治癒零壓豪華大床房（舒適乳膠床墊+電動窗簾+有窗+獨立衣帽間+安睡羽絨枕）:HK$262', '躺平治癒零壓豪華雙床房（舒適乳膠床墊+獨立衣帽間+電動窗簾+不插卡取電）:HK$318', '商旅高級優選超大床房（超大空間+藍牙音箱+有窗+電動窗簾+零壓力床墊+冷藏小冰箱）:HK$336', '旅行優選親子家庭房（一張大床+一張單人床+安睡羽絨枕）:HK$336']"
家文化酒店（瀋陽北站北廣場岐山路地鐵站店）,9.3,"['雅緻輕奢雙床房:HK$236', '榻榻米大床房:HK$277', '雅緻輕奢大床房:HK$277', '特色榻榻米影音房:HK$285']"
塔灣智選假日酒店（瀋陽興順夜市店）,9.2,"['標準房（位於走廊兩端）吸煙:HK$262', '標準房（位於走廊兩端）無煙:HK$262', '標準大床房（無煙）:HK$290', '高級大床房（無煙）:HK$328', '高級大床房（吸煙）:HK$328']"
根前兒HYGGE酒店（瀋陽中街故宮懷遠門地鐵站店）,9.5,"['蜜糖森林·甄選大床房【百寸投影+mini冰箱】:HK$281', '悦漫·温馨大床房【百寸投影+影視會員+mini冰箱】:HK$303', '向陽花·心選大床房【百寸投影+影視會員+mini冰箱】:HK$326', 'HYGGE·甄選雙床房【百寸投影+影視會員+mini冰箱】:HK$326']"
瀋陽青年公園希爾頓歡朋酒店,9.6,"['舒適大床房（智能客控+小冰箱+智能馬桶）:HK$509', '舒適雙床房（智能客控+小冰箱+智能馬桶）:HK$518', '高級大床房（智能客控+小冰箱+智能馬桶）:HK$547', '高級雙床房（智能客控+小冰箱+智能馬桶）:HK$566', '豪華商務大床房（智能客控+小冰箱+智能馬桶）:HK$634']"
瀋陽奧體中心楓渡酒店,9.7,"['祕境大床房（超大電視+慕思酣睡床墊+香鑒精緻洗護）:HK$402', '純粹雙床房（智能馬桶+AI客控+minibar）:HK$439', '純粹大床房（智能馬桶+夢潔床品+慕思酣睡床墊）:HK$440', '質感大床房（沈城夜景+慕思酣睡床墊+智能馬桶）:HK$506', '質感雙床房（Mini Bar+智能馬桶+慕思酣睡床墊）:HK$506']"
如家商旅酒店（瀋陽醫大四院北塔地鐵站店）,9.6,"['商務大床房A（手機投屏+中央空調）:HK$323', '商務大床房（手機投屏+中央空調）:HK$340', '雙床房（手機投屏+中央空調）:HK$350', '高級大床房（手機投屏+中央空調）:HK$359']"
瀋陽中街故宮玫瑰亞朵酒店,9.7,"['雅緻大床房（無線電充+手機投屏+中街全景）:HK$732', '高級大床房（無線電充+手機投屏）:HK$772', '雅緻雙床房（無線電充+手機投屏+投屏影音）:HK$782', '高級雙床房（無線充+手機投屏）:HK$812', '幾木街景大床房（無線電充+手機投屏）:HK$812']"
遼寧賓館,8.9,"['標準雙人間:HK$535', '高級標準間:HK$688', '高級大床房:HK$688']"
瀋陽雲灣酒店（奧體中心盛京大奧萊店）,9.4,"['麗景雙床房（智能小度+手機投屏+50寸電視）:HK$415', '雲灣觀景大床房（智能小度+50寸電視+高層景觀）:HK$433', '雲灣觀景雙床房（智能小度+50寸電視+高層景觀）:HK$441', '麗景高級大床房（休閑軟榻+智能小度+手機投屏+50寸電視）:HK$451', '麗景高級雙床房（智能小度+手機投屏+50寸電視）:HK$459']"
瀋陽北站南廣場亞朵X酒店,9.8,"['雅緻雙床房（小冰箱+智能馬桶蓋）:HK$471', '高級大床房（小冰箱+智能馬桶蓋）:HK$471', '高級雙床房（小冰箱+智能馬桶蓋）:HK$500', '行政大床房（小冰箱+智能馬桶蓋）:HK$510', '行政雙床房（小冰箱+智能馬桶蓋）:HK$541']"
瀋陽長白島亞朵酒店,9.8,"['雅緻雙床房（手機投屏+ 智能客控）:HK$481', '高級大床房（手機投屏+智能客控）:HK$541', '高級雙床房（手機投屏+智能客控）:HK$560', '幾木大床房（小冰箱+浴袍+手機投屏）:HK$601', '幾木雙床房（小冰箱+浴袍+智能馬桶）:HK$651']"
漫季中街酒店（瀋陽中街故宮大悅城店）,9.3,"['零壓秒睡大床房|空氣凈化器+手機無線投屏+智能客控:HK$393', '特種兵旅行大床房|智能客控+零壓床墊+安睡羽絨枕:HK$393', '躺平治癒大床房|空氣凈化器+雙人沙發+手機無線投屏:HK$428', '靜謐舒眠雙床房|智能客控+零壓床墊+安睡羽絨枕:HK$440', '設計師簡約大床房|智能客控+氛圍燈光+手機無線投屏:HK$463']"
美豪麗致酒店（瀋陽青年大街彩電塔夜市店）,9.4,"['温馨大床房（新中式設計+沉浸觀影+智能馬桶）:HK$343', '深眠大床房（新中式設計+內庭院+沉浸觀影+小米凈化）:HK$350', '巨幕觀影雙床房（新中式設計+沉浸觀影+慕思產品體驗）:HK$392', '麗致大床房（新中式設計+小冰箱+智能馬桶）:HK$434', '巨幕觀影三人間（新中式設計+沉浸觀影+智能馬桶）:HK$444']"
全季酒店（瀋陽中街故宮店）,9.6,"['大床房A:HK$387', '高級大床房（新風循環+手機投屏+客房小冰箱）:HK$406', '雙床房（新風循環+手機投屏+客房小冰箱）:HK$406', '舒壓高級大床房（新風循環+手機投屏+客房小冰箱）:HK$435']"
和雅酒店（瀋陽北站店）,9.5,"['雅惠雙床房:HK$292', '雅惠大床房:HK$292', '雅緻大床房:HK$302', '雅居商旅雙床房:HK$302']"
瀋陽西塔市府大路亞朵酒店,9.7,"['雅緻大床房（小冰箱+小度智能客控+智能馬桶+手機投屏）:HK$541', '高級大床房（小冰箱+小度智能客控+智能馬桶+手機投屏）:HK$571', '行政大床房（小冰箱+小度智能客控+智能馬桶+手機投屏）:HK$591', '高級雙床房（小冰箱+小度智能客控+智能馬桶+手機投屏）:HK$601', '幾木大床房（MiniBar+智能客控+智能馬桶+手機投屏）:HK$661']"
希岸酒店（瀋陽奧體中心地鐵站萬達廣場店）,9.6,"['玲瓏大床房（智能客控）:HK$255', '希岸影音大床房（智能客控+超大屏投屏）:HK$263', '希岸雅緻房（零壓大床+智能客控）:HK$287', '純凈影音大床房（智能客控+超大屏投屏）:HK$303']"
瀋陽新華天璽酒店,9.1,"['精品高級大床房:HK$206', '精品商務大床房:HK$374', '零壓深睡大床房:HK$374', '精品豪華大床房:HK$392']"
麗楓酒店（瀋陽故宮中街地鐵站店）,9.6,"['高級大床房:HK$427', '豪華大床房:HK$437', '商務大床房（全屋智控+慕斯床墊）:HK$448', '豪華雙床房:HK$475']"
瀋陽於洪廣場地鐵站輕居酒店,9.7,"['標準大床房（小冰箱+手機投屏）:HK$350', '舒適大床房（小冰箱+手機投屏）:HK$370', '舒適雙床房（小冰箱+手機投屏）:HK$390', '精選大床房（小冰箱+手機投屏）:HK$390', '標準雙床房（小冰箱+手機投屏）:HK$410']"
瀋陽中山廣場桔子水晶酒店,9.7,"['商務雙床房（智能客控+小冰箱）:HK$452', '大床房（智能客控+小冰箱）:HK$462', '商務大床房（智能客控+小冰箱）:HK$482', '豪華雙床房（智能客控+小冰箱）:HK$482', '高級大床房（智能客控+小冰箱）:HK$503']"
瀋陽麗晶清雅酒店（滑翔盛京醫院萬達廣場店）,9.5,"['零壓輕雅大床房（智能馬桶）:HK$244', '零壓靜雅大床房（智能馬桶）:HK$293', '零壓靜雅雙床房（智能馬桶）:HK$318', '零壓靜雅雙床套房（智能馬桶）:HK$449']"
瀋陽瑞亞酒店（中街地鐵站店）,9.3,"['高級大床房【智能客控+智能馬桶+助眠床墊】:HK$274', '影音大床房 【巨幕高清VIP投影+雙乳膠枕+乾濕分離】:HK$299', '影音浴缸房 【巨幕投屏+環繞景觀+高彈床墊+一次浴袋】:HK$349']"
麗楓酒店（瀋陽桃仙機場音樂學院桃仙校區店）,9.7,"['豪華大床房（空氣凈化器+智能客控+慕斯床墊）:HK$321', '豪華雙床房（空氣凈化器+智能客控+慕斯床墊）:HK$325', '商務大床房（空氣凈化器+靜享好眠+慕斯床墊）:HK$354', '商務雙床房（空氣凈化器+靜享好眠+慕斯床墊）:HK$357']"
瀋陽中心大酒店（瀋陽中街故宮大悅城店）,9.5,"['城市景觀房|全場8K跨屏電影級系統:HK$556', '城市森林氧吧房|全場柏林之聲3D環繞音響:HK$589', '城市景觀雙床房|零壓床墊+乳膠枕+羽絨被:HK$665', '270°觀景行政套房|森林負離子氧吧:HK$775', '家庭親子房|全場全屋智能+無線充電+冰箱:HK$862']"
漢庭酒店（瀋陽合作街地鐵站店）,9.7,"['大床房（手機投屏+酒店公區洗烘機）:HK$331', '雙床房（手機投屏+酒店公區洗烘機）:HK$331', '高級大床房（手機投屏+小沙發）:HK$351', '家庭房（手機投屏+小童洗漱包）:HK$351']"
瀋陽中街故宮楓渡酒店,9.7,"['祕境大床房（助眠蕎麥枕+慕思床墊+AI智能設施）:HK$382', '經典大床房（安靜好眠+電視投屏+AI智能設施）:HK$410', '故景-純粹大床房（AI智能設施+故宮景+慕思助眠床品）:HK$432', '質感大床房（慕思床墊+夢潔床品+AI智能設施）:HK$467', '質感雙床房（夢潔床品+電視投屏+AI智能設施）:HK$467']"
雲與白馬設計師酒店（瀋陽站太原街店）,9.7,"['雲與大床房【智能客控+75寸4KTCL+無線互聯私密投屏】:HK$321', 'CAH設計師|無憂大床房【極米會員影音+智能客控+金可兒床墊+無線互聯投屏+定製款PRO深睡雙芯枕】:HK$381', '雲與|商務雙床房【智能客控+75吋4KTCL+無線互聯投屏+深睡Pro雙芯枕】:HK$398', 'CAH設計師|璨洛星河大床房【極米會員影音+智能客控+金可兒床墊+無線互聯投屏+定製款PRO深睡雙芯枕】:HK$421']"
全季酒店（瀋陽中街地鐵站店）,9.3,"['大床房:HK$330', '雙床房:HK$359', '高級大床房:HK$359', '舒壓雙床房:HK$387']"
宜必思酒店（瀋陽中街故宮店）,9.4,"['大床房:HK$261', '高級大床房A:HK$280', '高級大床房:HK$318', '雙床房:HK$346']"
摩爾酒店（瀋陽北站瀋陽大學地鐵站店）,9.3,"['優享舒適大床房【智能客控+公區自助洗衣機】:HK$184', '優享舒適雙床房【智能客控+公區自助洗衣機】:HK$203', '尊享品質大床房【智能客控+公區自助洗衣機】:HK$226', '尊享品質親子房【智能客控+公區自助洗衣機】:HK$249']"
瀋陽沈北大學城希爾頓歡朋酒店,9.7,"['舒適大床房:HK$505', '舒適雙床房:HK$505', '高級大床房:HK$545', '高級雙床房:HK$545', '豪華大床房:HK$586']"
和頤酒店（瀋陽渾南奧體中心萬達廣場店）,9.6,"['商務大床房:HK$442', '雙床房:HK$462', '高級大床房:HK$481', '親子雙床房:HK$539']"
慕岸酒店（瀋陽北站店）,9.3,"['特惠大床房:HK$215', '商務大床房:HK$236', '商務標準間:HK$256', '高級大床房:HK$263']"
亞泰大酒店（瀋陽中街故宮店）,9.0,"['精品雙床房:HK$370', '精品大床房:HK$370', '精品家庭房:HK$418', '豪華家庭房:HK$450']"
瀋陽中德產業園沈遼路亞朵酒店,9.9,"['高級大床房（智能客控+無線投屏+智能馬桶+小冰箱）:HK$400', '行政大床房（智能客控+無線投屏+智能馬桶+小冰箱）:HK$440', '行政雙床房（智能客控+無線投屏+智能馬桶+小冰箱）:HK$440', '幾木大床房（深睡床品+無線投屏+智能客控+小冰箱+浴袍）:HK$481', '幾木雙床房（深睡床品+無線投屏+智能客控+小冰箱+浴袍）:HK$481']"
美豪麗致酒店（瀋陽北站南廣場地鐵站店）,9.5,"['美豪精緻影院大床房（沉浸觀影）:HK$361', '美豪精緻雙床房（空間舒適+安逸睡眠）:HK$379', '美豪精緻影院雙床房（沉浸觀影）:HK$383', '麗致商務大床房（智能客控+助眠床墊+安靜舒適）:HK$405', '麗致小黃鴨主題房（小童滑梯＋帳篷）:HK$422']"
美豪麗致酒店（沈北大學城方特店）,9.7,"['麗致城景大床房:HK$381', '雅緻影院大床房:HK$407', '雅緻城景雙床房:HK$448', '靜雅浴缸影院大床房:HK$474', '雅緻城景家庭房:HK$594']"
漫季雲帆酒店（瀋陽中街故宮大帥府店）,9.5,"['特種兵影院大床房|愛奇藝會員+投影+零壓床墊+記憶枕:HK$415', '靜謐暢享影院大床房|愛奇藝會員+投影+零壓床墊+記憶枕:HK$479', '樂享雅緻大床房|電動窗簾+零壓床墊+記憶枕+沙發+圓桌:HK$494', '臻選城景大床房·智能客控+零壓+沙發+圓桌+中街故宮旁:HK$614']"
全季酒店（瀋陽鴨綠江街皇姑萬象滙店）,9.7,"['雙床房:HK$354', '商務雙床房:HK$375', '商務大床房:HK$395', '家庭房:HK$404']"
瀋陽華強諾華廷酒店（沈北新區師範大學地鐵站店）,9.4,"['高級大床房（小冰箱+芝華士床墊+浴袍）:HK$373', '高級雙床房（小冰箱+芝華士床墊+浴袍）:HK$391', '豪華大床房（小冰箱+芝華士床墊+浴袍）:HK$446', '豪華雙床房（小冰箱+芝華士床墊+浴袍）:HK$446', '商務大床房（豪華浴缸+小冰箱+浴袍）:HK$491']"
全季酒店（瀋陽南塔文化路店）,9.7,"['大床房:HK$372', '高級大床房:HK$392', '舒壓-高級大床房:HK$413', '雙床房:HK$413']"
如家商旅酒店（瀋陽桃仙機場音樂學院桃仙校區店）,9.5,"['商務大床房:HK$290', '高級大床房:HK$307', '高級雙床房:HK$307', '家庭房:HK$342']"
和頤至尚酒店（瀋陽故宮中街地鐵站店）,9.5,"['大床房:HK$351', '和頤大床房（65寸投屏電視+記憶床墊）:HK$351', '雙床房:HK$404', '商務大床房:HK$404', '和頤高級大床房（65寸投屏電視+記憶床墊）:HK$439']"
瀋陽青年大街彩電塔亞朵酒店,9.7,"['高級大床房（無線充+手機投屏）:HK$458', '高級雙床房（無線充+手機投屏）:HK$476', '行政城景大床房（無線充+小冰箱+手機投屏）:HK$476', '行政大床房（小冰箱+智能馬桶+浴袍+手機投屏）:HK$494', '高級套房（茶几+智能馬桶+浴袍+手機投屏）:HK$503']"
全季酒店（瀋陽渾南沈撫大道店）,9.6,"['高級大床房（小冰箱+手機投屏+智能馬桶）:HK$358', '雙床房（小冰箱+手機投屏+智能馬桶）:HK$358', '商務大床房（小冰箱+手機投屏+智能馬桶）:HK$389', '家庭房（小冰箱+手機投屏+智能馬桶）:HK$439']"
奉天故里酒店（瀋陽中街故宮店）,9.2,"['故里｜雲槿大床房（舒適浴缸+極米投影+語音智控）:HK$491', '奉天｜督師大床房（民國風+慕思床墊+影音+語音智控）:HK$504', '故里｜雲楓大床房（沉浸式觀影+慕思床墊+舒適浴缸）:HK$517', '奉天｜督軍大床房（全屋智能客控+舒適浴缸+暢享影音）:HK$530']"
瀋陽中街故宮輕居酒店,9.7,"['舒適大床房（手機投屏+智能小度+小冰箱）:HK$458', '精選大床房（手機投屏+全屋智能+無線充電）:HK$503', '高級大床房（手機投屏+智能小度+小冰箱）:HK$593', '精選雙床房（手機投屏+智能小度+小冰箱）:HK$620', '高級雙床房（手機投屏+智能小度+小冰箱）:HK$719']"
瀋陽桃仙機場全運路亞朵S酒店,9.8,"['高級大床房（智能客控+小冰箱+深睡床品+浴袍）:HK$548', '行政大床房（智能客控+小冰箱+深睡床品+浴袍）:HK$593', '行政雙床房（智能客控+小冰箱+深睡床品+浴袍）:HK$620', '尊享大床房（智能客控+小冰箱+深睡床品+浴袍）:HK$665', '尊享雙床房（智能客控+小冰箱+深睡床品+浴袍）:HK$710']"
麥田方城酒店（瀋陽故宮中街懷遠門地鐵站店）,9.4,"['麥香大床房（全屋智能+助眠床墊+冰箱）:HK$303', '麥香雙床房（全屋智能+助眠床墊+冰箱）:HK$324', '麥浪大床房（全屋智能+助眠床墊+冰箱）:HK$355', '麥浪雙床房（全屋智能+助眠床墊+冰箱）:HK$386']"
瀋陽太原街民主廣場亞朵酒店,9.8,"['雅緻大床房（小冰箱+手機投屏）:HK$529', '高級大床房（小冰箱+手機投屏）:HK$575', '雅緻雙床房（小冰箱+手機投屏）:HK$575', '行政大床房（小冰箱+手機投屏）:HK$620', '高級雙床房（小冰箱+手機投屏）:HK$638']"
魁北克酒店（瀋陽領事館彩電塔夜市店）,9.2,"['楓境經典大床房:HK$395', '楓境雅緻大床房:HK$440', '楓境雅緻棋牌房:HK$460', '楓境雅緻雙床房:HK$486']"
瀋陽奧體營盤街地鐵站亞朵酒店,9.7,"['雅緻雙床房（高速吹風機+手機投屏+智能馬桶）:HK$413', '雅緻大床房（高速吹風機+手機投屏+智能馬桶）:HK$431', '高級雙床房（記憶枕+高速吹風機+智能馬桶）:HK$449', '高級大床房（記憶枕+高速吹風機+智能馬桶）:HK$467', '高級園景大床房（高層景觀+記憶枕+智能馬桶）:HK$485']"
麗楓酒店（瀋陽奧體中心萬達廣場店）,9.5,"['豪華大床房（藍牙音箱+電動窗簾+慕思床墊）:HK$404', '豪華雙床房（藍牙音箱+電動窗簾+慕思床墊）:HK$404', '商務大床房（超大空間+藍牙音箱+慕思床墊+電動窗簾）:HK$437', '商務雙床房（超大空間+藍牙音箱+慕思床墊+電動窗簾）:HK$442']"
瀋陽北陵公園泰山路亞朵酒店,9.8,"['雅緻大床房（手機投屏+無線電充+沙發）:HK$431', '雅緻雙床房（手機投屏+無線電充+智能客控）:HK$458', '高級雙床房（手機投屏+無線電充+智能客控）:HK$485', '高級大床房（手機投屏+無線電充+智能客控）:HK$529', '行政雙床房（小冰箱+手機投屏+深度睡眠）:HK$557']"
瀋陽歡喜酒店（瀋陽奧體中心彩霞街地鐵站店）,9.7,"['歡悦·高級智能大床房·超清4k投屏:HK$507', '歡致·豪華智能大床房·自助洗衣:HK$519', '歡致·豪華智能雙床房·零壓床墊:HK$531', '歡漫·臻選智能大床房·冰吧酒櫃:HK$543']"
瀋陽奧體中心希爾頓歡朋酒店,9.6,"['舒適大床房:HK$471', '高級大床房:HK$490', '高級雙床房:HK$490', '豪華大床房:HK$519', '豪華河景房:HK$549']"
瀋陽北站青年大街地鐵站SERENDIPIA豪澤希芮迪酒店,9.6,"['雅緻大床房（小冰箱+高層景觀+智能客控+75寸電視無線投屏）:HK$863', '酷享高層城景雙床房（小冰箱+高層景觀+智能客控+75寸電視無線投屏）:HK$893', '酷享·高層城景大床房（小冰箱+高層景觀+智能客控+75寸電視無線投屏）:HK$913', '尊享2.4米大床房:HK$994', '尊享雙1.5米雙床房:HK$1,033']"
如家商旅酒店（瀋陽奧體中心地鐵站大奧萊店）,9.5,"['商務大床房A:HK$313', '雙床房A:HK$332', '高級大床房:HK$378', '高級雙床房:HK$378']"
瀋陽北站智選假日酒店,9.3,"['高級大床房（中庭）:HK$410', '高級雙床房（街景）:HK$412', '高級大床房（街景）:HK$429', '高級房 大床 更大面積 街景:HK$457', '高級房 雙床 更大面積 街景:HK$457']"
怡程酒店（瀋陽北站地鐵站店）,9.5,"['舒適大床房（新中式+智能客控+安靜舒適）:HK$403', '高級大床房（新中式+智能客控+寬敞明亮）:HK$554', '高級雙床房（新中式+智能客控+寬敞明亮）:HK$554', '豪華大床房（新中式+智能客控+高空城景）:HK$588', '豪華雙床房（新中式+智能客控+高空城景）:HK$588']"
瀋陽沈北大學城七星大街亞朵酒店,9.8,"['雅緻大床房:HK$386', '高級大床房:HK$413', '行政雙床房:HK$413', '行政大床房:HK$449', '幾木大床房（亞朵星球深睡枕）:HK$503']"
華人舒與酒店（瀋陽青年大街金廊廣場店）,9.5,"['優選大床房（智能客控/馬桶+零壓記憶枕+助眠床墊）:HK$353', '高級大床房（電動窗簾+智能小度+沙發+小冰箱+圓形桌）:HK$390', '高級雙床房（電動窗簾+智能小度+小冰箱+零壓記憶枕）:HK$390', '商務大床房（獨立辦公學習桌+手機投屏+小冰箱）:HK$410', '商務雙床房（獨立辦公桌+手機投屏+小冰箱+智能客控）:HK$410']"
