酒店名称,评分,房型价格列表
泊洲酒店（瀘州金融中心萬象滙店）,9.5,"['泊居丨舒適大床（復古風+落地窗+休閑躺椅）:HK$203', '泊居丨舒適雙床房（復古風+落地窗+雙人辦公枱）:HK$214', '泊庭丨高級大床（現代風+落地窗+圓桌茶几）:HK$226', '泊庭丨高級雙床（現代風+落地窗+雙人辦公枱）:HK$237', '泊雲丨格局投影大床（全景落地窗+投影+舒享軟床）:HK$248']"
瀘州江畔大飯店,9.3,"['優選大床房:HK$260', '優選雙床房:HK$260', '商務標間:HK$345', '商務大床房:HK$356', '江景雙床房:HK$370']"
喜悦設計師酒店,9.7,"['安舍 | LOFT大床房（全屋智能+庭院）:HK$393', '且坐 | 庭院大床房（全屋智能+庭院）:HK$393', '得閑 | 庭院大床房（全屋智能+庭院）:HK$393', '瀘香 | LOFT大床房（全屋智能+庭院）:HK$401']"
瀘州香樟別院酒店（江陽區萬象滙店）,9.7,"['百年樟語大床房（小冰箱+無線充電）:HK$357', '樟華如詩大床房（小冰箱+休閑桌椅+無線充電）:HK$365', '樟林逸境雙床房（小冰箱+休閑桌椅+無線充電）:HK$380', '月映香樟大床房（小冰箱+獨立衣帽間）:HK$457', '香樟心語豪華大床房（小冰箱+會客區）:HK$510']"
四川巨洋國際大飯店,9.3,"['超豪華雙床房:HK$557', '超豪華大床房:HK$557', '商務套房:HK$878', '豪華套房A:HK$1,361', '豪華套房B:HK$1,660']"
瀘州伊頓飯店,9.3,"['陽光大床房（金可兒護脊床墊）:HK$386', '商務大床房（辦公休閑區+小冰箱+金可兒護脊床墊）:HK$518', '商務雙床房（辦公休閑區+小冰箱+金可兒護脊床墊）:HK$518', '超大温馨大床套房（獨立會客廳+衣帽間+浴缸+金可兒護脊床墊）:HK$834', '超大温馨雙床套房（獨立會客廳+衣帽間+浴缸+金可兒護脊床墊）:HK$834']"
瀘州山海大飯店,9.4,"['智能陽光雙床房:HK$218', '智能陽光大床房:HK$218', '智能雙床房:HK$218', '高級單人房:HK$289', '高級單人房·3D易眠房（離子助眠床墊+空氣凈化增氧儀+睡眠分析儀）:HK$298']"
瀘州瀘舍酒店（江陽區水井溝步行街店）,9.7,"['芳樟丨靜謐舒適大床房（零壓床墊＋180°園景風光＋休閑躺椅）:HK$294', '白果丨靜謐舒適雙床房（零壓床墊＋180°園景風光＋休閑躺椅）:HK$294', '錦籜丨聽雨靜享套房（零壓床墊＋休閑沙發＋躺椅）:HK$392', '金粟丨全景露台套房（休閑沙發＋躺椅＋270°户外景觀）:HK$451', '雲華丨品茗茶藝套房（茶具品茗＋休閑沙發＋270°户外景觀）:HK$451']"
維也納國際酒店（瀘州江陽店）,9.0,"['高級雙床房:HK$220', '標準大床房:HK$220', '高級大床房:HK$241', '豪華大床房:HK$270', '豪華雙床房:HK$305']"
瀘州酒城賓館,9.3,"['綠茵園景簡約大床房（副樓）:HK$392', '綠茵園景簡約雙床房（副樓）:HK$392', '原木大床房:HK$510', '原木雙床房:HK$510', '豪華精選雙床房:HK$549', '豪華精選大床房:HK$549']"
瀘州金融中心亞朵酒店,9.6,"['高級江景雙床房:HK$359', '高級大床房:HK$359', '高級城景大床房:HK$449', '行政大床房:HK$500', '幾木城景雙床房:HK$600']"
瀘州瀘湖酒店,9.6,"['豪華雙床房:HK$442', '庭院雙床房:HK$468', '園林大床房:HK$479', '臨湖大床房:HK$534', '日式庭院大床房:HK$565']"
28度·泉酒店（瀘州高鐵站西南醫科大學店）,9.3,"['清新商務大床房（小冰箱+智能客控）:HK$212', '臻選商務雙床房（小冰箱+智能客控）:HK$246', '陽光雅緻大床房（小冰箱+智能客控）:HK$253', '悦享豪華大床房（小冰箱+智能客控）:HK$280', '樂享超大床房（小冰箱+智能客控）:HK$287']"
瀘州步步高新天地亞朵酒店,9.7,"['高級雙床房（投屏電視+深睡枕）:HK$399', '雅緻大床房:HK$420', '高級大床房（投屏電視+深睡枕）:HK$470', '行政雙床房（投屏電視+深睡枕）:HK$470', '行政大床房（投屏電視+深睡枕）:HK$500']"
瀘州南苑賓館,9.5,"['南苑樓舒樂雙床房（靜謐花園美景）:HK$289', '南苑樓舒樂大床房（靜謐花園美景）:HK$289', '南苑樓江景單人間（180度觀景+落日好景）:HK$335', '南苑樓江景雙人間（180度觀景+落日好景）:HK$335', '佳苑樓雅緻雙床房（靜謐城景+浴缸+冰箱）:HK$457']"
瀘州首旅航發空港酒店,9.7,"['優享大床房:HK$321', '高級大床房:HK$362', '高級雙床房:HK$395', '家庭三人房:HK$426', '商務套房:HK$481']"
瀘州東麓•禪墨酒店（江陽區張壩桂圓林公園店）,9.3,"['東麓子墨雙床房（藍牙背景音箱+金可兒床墊）:HK$314', '特色大床房（金可兒床墊+科勒潔具）:HK$314', '靜默特色大床房（金可兒床墊+藍牙背景音箱）:HK$314', '特價雙床房（金可兒床墊）:HK$314', '高定大床房（DIY擺具+珍貴木材）:HK$336']"
麗楓酒店（瀘州高鐵站西南商貿城店）,9.5,"['雅緻大床房-慕思床墊+智能客控:HK$237', '豪華大床房-慕思床墊+智能客控:HK$257', '豪華雙床房-慕思床墊+智能客控:HK$257', '商務大床房-慕思床墊+智能客控:HK$279']"
全季酒店（瀘州步步高廣場店）,9.6,"['高級大床房（金可兒床墊+手機投屏）:HK$307', '高級特大床房（金可兒床墊+臨街雙層玻璃+手機投屏）:HK$338', '高級雙床房（金可兒床墊+臨街雙層玻璃+手機投屏）:HK$348', '舒壓高級大床房（金可兒床墊+小區朝向+手機投屏）:HK$377']"
城市ID酒店（瀘州高鐵站西南商貿城店）,9.5,"['ID·舒適大床房（零壓乳膠床品）:HK$163', 'ID·高級大床房（零壓乳膠床品）:HK$170', 'ID·豪華大床房（零壓乳膠床品）:HK$288', 'ID·豪華雙床房:HK$288', '至尊商務大床房:HK$471']"
瀘州御宸·星空Garden酒店（金融中心萬象滙店）,9.1,"['語音智能大床房:HK$306', '語音智能雙床房:HK$333', '浪漫者·智控大床房I全景浴缸:HK$374', '歡聚·智控豪華麻將房:HK$401']"
四季瀾庭花園酒店（瀘州高鐵站西南商貿城店）,9.6,"['致享特惠大床房（小巧玲瓏+窗外街景）:HK$177', '悦享觀景大床房（星空露台+180°觀景）:HK$190', '優享舒適大床房（深度睡眠+靜謐空間）:HK$206', '優享舒適雙床房（深度睡眠+靜謐空間）:HK$206', '超享靜謐大床房（躺平治癒+安靜好眠）:HK$245']"
帝倫汀覺醒酒店（瀘州龍馬潭區西南醫科大學中醫醫院店）,9.5,"['清凈大床房|定製助眠床墊|負離子吹風:HK$198', '舒適睡眠雙床房|定製零壓床墊|定製零壓枕芯:HK$208', '舒適睡眠大床|全景落地窗|日落星辰夜景:HK$218', '高空觀景雙床房|180°觀景|定製零壓床墊|大空間:HK$228', '網紅MAX影音房|VIP海量影片|暢享私人影院:HK$238']"
瀘州江陽美侖酒店（西南醫科大學附屬口腔醫院店）,9.6,"['高級大床房:HK$431', '高級雙床房:HK$441', '負離子商務大床房:HK$455', '豪華大床房:HK$471', '豪華雙床房:HK$471']"
瀘州灃澤苑賓館,9.1,"['商務標準間:HK$292', '單間:HK$292', '商務大床房:HK$365', '露台大床房:HK$372', '中庭公園單間:HK$393']"
騰冠酒店（瀘州高鐵站西南商貿城店）,9.5,"['靜謐舒適雙床房:HK$162', '豪華甜夢大床房:HK$194', '豪華甜夢雙床房:HK$200', '清新怡然大床房:HK$201', '花園眺望大床房:HK$216']"
瀘州呢喃酒店（萬城國際天遠廣場店）,9.3,"['酣睡┃大床房（凈水器+乾濕分離）:HK$144', '簡約┃尊享雙床房（凈水器+乾濕分離）:HK$156', '簡約┃尊享大床房（凈水器+舒適床品）:HK$158', '靜謐┃雅居大床房（凈水器+乾濕分離）:HK$166']"
西西里酒店（瀘州高鐵站店）,9.5,"['精緻單人間:HK$243', '精緻雙人間:HK$246', '豪華大床房:HK$274', '家庭套房:HK$341']"
扉縵酒店（瀘州西南醫科大學水井溝步行街店）,8.9,"['大床房:HK$185', '雙床房:HK$229', '高級大床房:HK$265', '高級雙床房:HK$337']"
麗楓酒店（瀘州步步高新天地店）,9.7,"['標準大床房+藍牙音響+智能客控:HK$239', '豪華雙床房+藍牙音響+智能客控:HK$240', '豪華大床房+藍牙音響+智能客控:HK$263', '景觀大床房+藍牙音響+智能客控:HK$287', '景觀雙床房+藍牙音響+智能客控:HK$297']"
淳居酒店（瀘州金融中心萬象滙店）,9.4,"['淳居·靜雅大床房+零壓床墊+空氣凈化器:HK$163', '淳雅·舒適大床房+零壓床墊+空氣凈化器:HK$176', '淳雅·舒適雙床房+零壓床墊+空氣凈化器:HK$176', '淳華·江景雙床房+零壓床墊+空氣凈化器:HK$188']"
雲漫酒店（瀘州萬象滙店）,9.7,"['雲|舒適大床房:HK$202', '雲|舒適雙床房:HK$208', '雲|高級大床房:HK$242', '雲丨氧吧高級大床房（負氧離子空氣凈化蛋）:HK$256']"
瀘州鳳凰湖酒店,9.1,"['標準雙床房:HK$238', '豪華湖景雙床房:HK$314', '豪華湖景大床房:HK$369', '中庭套房:HK$401']"
瀘州悦朋酒店,9.6,"['高級大床房（智能客控+中葯包泡腳）:HK$379', '高級雙床房（零壓床墊+中葯包泡腳）:HK$389', '豪華雙床房（智能客控+中葯包泡腳）:HK$413', '豪華大床房（零壓床墊+中葯包泡腳）:HK$418', '庭院休閑大床房（零壓床墊+寬敞露台）:HK$467']"
怡嘉酒店（水井溝西南醫科大學店）,9.6,"['浪漫圓床房-聽暮鼓晨鐘，聞國窖酒香:HK$207', '舒適大床房-逸靜舒適，品慧人生:HK$218', '舒適雙床房-怡然自得，安適悠然:HK$262', '雅緻靜雅大床房-獨處空間享逸生活:HK$452']"
桂裏泊院（張壩桂圓林公園店）,9.7,"['靜逸大床房:HK$654', '靜逸雙床房:HK$654', '園景大床房:HK$867', '庭院大床房:HK$984', '叁套房:HK$2,181']"
久聖花園酒店（瀘州步步高新天地老窖店）,8.9,"['温馨暢享大床房:HK$142', '温馨雅緻大床房:HK$147', '靜 | 舒雅雙床房-園景:HK$181', '靜 | 舒雅大床房-園景:HK$181']"
瀘州天僖酒店,8.9,"['特價大床房:HK$224', '豪華大床房:HK$259', '浴缸大床房:HK$259', '豪華雙床房:HK$266']"
維也納酒店（瀘州萬象滙康健城店）,9.7,"['高級大床房:HK$249', '高級雙床房:HK$249', '豪華大床房:HK$281', '豪華雙床房:HK$292']"
全季酒店（瀘州愛琴海購物中心店）,9.6,"['高級大床房（湖景視野+獨立茶具+小冰箱）:HK$301', '商務大床房（金可兒品牌護脊床墊+湖景視野+小冰箱）:HK$321', '商務雙床房（金可兒品牌護脊床墊+小冰箱+獨立茶具）:HK$330', '景觀大床房（180°全景視野+湖景+獨立書桌）:HK$350']"
雲奢酒店（瀘州步步高新天地店）,9.5,"['舒適大床房:HK$154', '高級大床房:HK$198', '高級雙床房:HK$198', '豪華大床房:HK$209']"
全季酒店（瀘州萬象匯金融中心店）,9.5,"['高級大床房（金可兒護脊床墊+手機投屏+智能客控）:HK$321', '高級雙床房（金可兒護脊床墊+手機投屏+智能客控）:HK$349', '商務大床房（金可兒護脊床墊+手機投屏+智能客控）:HK$387', '家庭房（金可兒護脊床墊+手機投屏+智能客控:HK$406']"
泓江花園酒店（龍馬高中店）,9.7,"['特價精品大床房:HK$183', '靜謐舒適雙床房:HK$192', '舒雅豪華大床房:HK$216', '奢雅豪華雙床房:HK$227']"
瀘州天空之城酒店,9.2,"['特惠智能大床房:HK$193', '豪華智能大床房:HK$208', '豪華智能雙床房:HK$217', '精英智能LOFT雙床房:HK$236']"
瀘州建國飯店,9.4,"['180度景觀大床房:HK$372', '雅緻園景大床房:HK$415', '雅緻園景雙床房:HK$415', '雅緻城景大床房:HK$415', '雅緻城景雙床房:HK$415', '豪華商務大床房:HK$458']"
煜晨酒店（瀘州江陽區四川警察學院店）,9.7,"['隨遇·安睡大床房:HK$143', '漫途·舒適大床房:HK$170', '漫途·舒適雙床房:HK$170', '悦己·商務大床房（俯瞰城景|高清視野）:HK$184']"
瀘州唯逸酒店（四川警察學院店）,9.6,"['玲瓏大床房:HK$161', '陽光大床房-享逸光照下的一隅:HK$174', '靜逸雙床房 （一次性洗臉巾）:HK$206', '輕奢圓床房-帶私湯:HK$220']"
隱溪酒店（瀘州萬象滙店）,9.4,"['小清即靜大床房（智能客控+酒店公區提供自助洗衣機）:HK$151', '治癒系復古大床房（智能客控+酒店公區提供自助洗衣機）:HK$162', '又見丨隱溪經典雙床房（智能客控+乾濕分離+酒店公區提供自助洗衣機）:HK$163', '鬆弛感復古雙床房【智能客控+自助洗衣機】:HK$173']"
維也納國際酒店（瀘州高鐵站西南商貿城店）,9.3,"['高級雙床房:HK$201', '高級大床房:HK$217', '豪華特大床房:HK$233', '城景大床房:HK$258', '商務大床房:HK$260']"
瀘州港投國際酒店,9.1,"['特惠大床房:HK$312', '商務雙床房:HK$353', '商務大床房:HK$353', '城景豪華套房:HK$395', '高級商務套房:HK$469']"
