酒店名称,评分,房型价格列表
烏海世紀元大酒店（海勃灣區政府店）,9.4,"['倚窗聽風·臻品行政雙床房（朝向安靜+全屋語音智能）:HK$327', '倚窗聽風·臻品行政大床房（朝向安靜+全屋語音智能）:HK$327', '留烏觀海·陽光景觀雙床房（朝陽面+窗景成吉思汗像）:HK$353', '留烏觀海·陽光景觀大床房（朝陽面+窗景成吉思汗像）:HK$366', '歡樂親子房（獨立小童床+配小童用具+小童樂園區）:HK$386']"
烏海興泰名都酒店,9.5,"['尊享特惠大床房:HK$404', '商務山景大床房:HK$447', '商務湖景雙床房:HK$447', '豪華山景大床房:HK$480', '豪華湖景雙床房:HK$498', '夢百合零壓大床房:HK$557']"
維也納國際酒店（烏海火車東站店）,9.4,"['標準雙床房:HK$262', '標準大床房:HK$278', '高級雙床房:HK$304', '高級大床房:HK$313']"
烏海賓館（烏海東站萬達廣場店）,9.5,"['商務大床房:HK$187', '商務雙床房:HK$210', '智能高級大床房【全屋智能·金可兒床墊】:HK$232', '智能豪華大床房【全屋智能·金可兒床墊】:HK$254']"
陌上雅居酒店（烏海海勃灣區政府店）,9.7,"['風韻·雙床房（零壓記憶枕+無線投屏）:HK$307', '風韻·大床房（零壓記憶枕+無線投屏）:HK$307', '品學·大床房（零壓記憶枕+無線投屏）:HK$325', '品學·雙床房（零壓記憶枕+無線投屏）:HK$325', '雅緻·大床房（零壓記憶枕+無線投屏）:HK$387']"
如家精選酒店（烏海海勃灣區萬達廣場店）,9.9,"['商務大床房（零壓床品+智能客控+親膚布草+電視投屏）:HK$251', '高級大床房（零壓床品+親膚布草+智能客控+電視投屏）:HK$268', '雙床房（零壓床品+智能客控+親膚布草+電視投屏）:HK$277', '安心睡0壓大床房（零壓床品+空氣凈化器+智能客控+電視投屏）:HK$294']"
獅城酒店,9.1,"['雅緻雙床房（智能客控&慕思床墊）:HK$185', '雅緻大床房（智能客控&慕思床墊）:HK$185', '高級大床房（智能客控&慕思床墊）:HK$205', '高級雙床房（智能客控&慕思床墊）:HK$205']"
G家酒店（烏海海勃灣區摩爾城店）,9.5,"['G•舒眠大床房（辦公桌➕洗衣機）:HK$228', 'G•寬境大床房（零壓床墊）:HK$248', 'G·家享雙床房:HK$251', 'G·家享影音房:HK$262']"
烏海皆得花開酒店（市政府火車站店）,9.9,"['皆得·靜謐大床房（全屋智能+智能馬桶）:HK$269', '皆得·暮棲大床房（智能客控+高速吹風機）:HK$305', '皆得·暮棲雙床房（智能客控+智能馬桶）:HK$317', '皆得·花開大床房（全屋智能+高速吹風機）:HK$317', '皆得·花開雙床房（超寬子母雙床+全屋智能）:HK$327']"
烏海格蘭雲天國際酒店（高鐵站店）,9.5,"['山景高級雙床房:HK$413', '山景高級大床房:HK$413', '晨景豪華大床房:HK$432', '漠海豪華雙床房:HK$448', '漠海行政雙床房:HK$472', '園林行政大床房:HK$489']"
宇豪國際酒店（海勃灣區烏海火車東站店）,9.2,"['城景·雅緻雙床房【全屋智能.加濕器.一次性面巾紙】:HK$232', '城景·雅緻大床房【全屋智能.加濕器.一次性面巾紙】:HK$240', '江景·奢享大床房【全屋智能.加濕器.一次性面巾紙】:HK$273', '江景·奢享雙床房【全屋智能.加濕器.一次性面巾紙】:HK$295']"
你好酒店（烏海市政府火車東站店）,9.2,"['雙床房:HK$243', '高級大床房:HK$252']"
錦江之星品尚（烏海新華大街店）,9.6,"['商務房C:HK$182', '商務房B:HK$192', '商務標準房B:HK$192', '商務標準房A:HK$207']"
歡景酒店（烏海市烏達區政府店）,9.7,"['歡舒·零壓大床房【新風系統】:HK$284', '歡舒·零壓雙床房【新風系統】:HK$284', '歡景·清沐雙床房【智能小度+乾濕分離】:HK$294', '歡享·影音大床房【乳膠床墊·自然眠愈·新風系統】:HK$297']"
全季酒店（烏海萬錦廣場店）,9.7,"['高級大床房:HK$335', '雙床房:HK$353', '商務大床房:HK$353', '商務雙床房:HK$374']"
烏海海勃灣區東站桔子水晶酒店,9.7,"['高級大床房:HK$449', '高級雙床房:HK$478', '豪華大床房:HK$497', '豪華雙床房:HK$508', '行政大床房:HK$537']"
希岸酒店（烏海海勃灣區人民廣場店）,9.7,"['希岸豪華大床房（投屏電視+智能馬桶+夢百合零壓床墊）:HK$320', '希岸雙床房（投屏電視+智能馬桶+夢百合零壓床墊）:HK$346', '希岸星空影音大床房（投屏電視+智能馬桶+零壓床墊）:HK$363', '希岸豪華雙床房（投屏電視+智能馬桶+夢百合零壓床墊）:HK$388']"
烏海瑛璞雅緻酒店,9.4,"['負離子空氣凈化小屋（全屋聲控+投屏電視+空氣凈化）:HK$273', '躺平治癒雙床房（智能客控+投屏電視）:HK$339', '智能雅緻特大床房（智能客控+投屏電視）:HK$370', '智享逸境雙床房（智能客控+投屏電視）:HK$403']"
99號觀景酒店（海勃灣區萬達廣場店）,9.4,"['臻選大床房（無菌包裝洗臉巾+一次性馬桶墊）:HK$243', '臻選雙床房（無菌包裝洗臉巾+一次性馬桶墊）:HK$255', '觀景大床房（無菌包裝洗臉巾+一次性馬桶墊）:HK$271', '精選雙床房（無菌包裝洗臉巾+一次性馬桶墊）:HK$287']"
烏海億信國際酒店,8.1,"['豪華雙床房:HK$253', '家庭房:HK$295', '豪華套房:HK$322', '行政大床房:HK$323']"
維也納3好酒店（烏海海勃灣區人民廣場店）,9.6,"['豪華大床房（智能客控+零壓恆温護脊安睡床墊）:HK$231', '豪華雙床房（智能客控+零壓恆温護脊安睡床墊）:HK$240', '商務大床房（投屏電視+零壓安睡床墊+智能客控）:HK$263', '商務雙床房（投屏電視+零壓安睡床墊+智能客控）:HK$272']"
有戲休閑酒店（烏海萬達店）,9.0,"['電影特色房:HK$191', '電影大床房:HK$191', '荷里活電影大床房:HK$208', '荷里活電影雙床房:HK$208']"
如家華驛精選酒店（烏海東站店）,9.6,"['智能大床房:HK$165', '智能高級大床房:HK$196', '智能高級雙床房:HK$209', '智能套房:HK$216']"
泊海商務酒店（烏海東站店）,9.5,"['優選大床房（智能馬桶+電動窗簾）:HK$147', '優享雙人床（智能馬桶+電動窗簾）:HK$156', '雅緻親子間（智能馬桶+電動窗簾）:HK$175', '優選三人間:HK$184']"
烏海南庭酒店,9.1,"['語音智能玲瓏大床房:HK$171', '南庭雙床房:HK$171', '南庭大床房:HK$171', '語音智能雅緻雙床房:HK$181']"
如家華驛精選酒店（烏海市烏達區先鋒西街店）,9.5,"['凈馨大床房（乾濕分離）:HK$142', '精選大床房（乾濕分離）:HK$150', '精選雙床房（乾濕分離）:HK$150', '智能大床房（全屋智能+乾濕分離）:HK$150']"
漠海山境露營基地,9.2,"['星空房B:HK$861', '星空房A:HK$1,121', '太空艙B:HK$1,292', '太空艙:HK$1,292']"
烏海巨海酒店,8.5,"['商務標間【無窗·新風系統·獨立空調】:HK$182', '豪華標準間:HK$199', '豪華三人間:HK$252', '豪華套房:HK$313']"
烏海樂橙電競酒店,9.1,"['電競單人間[3070-i7-12700f+鼠標羅技502+免費UU加速器]:HK$160', '決戰之巔兩人間[3070-i7-12700f+鼠標羅技502+UU加速器]:HK$183', '沙漠湖景日落高端電競三人間[3070-i7-12700f+鼠標羅技502+UU加速器]:HK$251', '高端電競四人間[3070-i7-12700f+鼠標羅技502+UU加速器]:HK$273']"
漢庭酒店（烏海萬達廣場店）,9.6,"['高級大床房:HK$252', '高級雙床房:HK$271', '家庭房:HK$290']"
烏海萬達美寓酒店,8.1,"['舒適大床房:HK$151', '精品大床房:HK$168', '舒適標準間:HK$168', '豪華標準間:HK$184']"
烏海知行民宿,9.7,"['舒適大床房:HK$165', '觀影大床房:HK$165', '觀影標間:HK$165']"
烏海瑛璞酒店,9.2,"['舒適單人房:HK$151', '豪華雙床房:HK$184', '舒適大床房:HK$184', '豪華大床房:HK$195']"
如家華驛酒店（烏海萬達廣場店）,9.2,"['大床房:HK$117', '商務大床房:HK$133', '雙床房:HK$133', '家庭房:HK$164']"
億豪酒店（烏海海勃灣區人民廣場店）,8.7,"['陽光舒適大床房『璀璨夜景|明亮空間|零壓床墊』:HK$129', '陽光舒適雙床房『璀璨夜景|明亮空間|零壓床墊』:HK$142', '巨幕觀影大床房『4k巨幕沉浸式觀影|絲滑投屏』:HK$187', '巨幕觀影雙床房『4k巨幕沉浸式觀影|絲滑投屏』:HK$187']"
烏海Aimei愛情公寓（萬達廣場店）,9.6,"['主題電影房:HK$104', '恆温水床大床房:HK$110', '主題電動床房:HK$113', '恆温水床電影房:HK$113']"
舒怡酒店（烏海萬達店）,8.7,"['性感怦然心動主題大床房（圓形高彈高密床墊+巨幕4K超清投影儀+影視會員）:HK$118', '商務大床房:HK$118', '性感曖昧之旅主題大床房（圓形高彈高密床墊+巨幕4K超清投影儀+影視會員）:HK$118', '性感海洋之戀主題大床房（圓形高彈高密床墊+巨幕4K超清投影儀+影視會員）:HK$118']"
中奧商務賓館（烏海東站店）,8.7,"['商務大床房:HK$126', '商務雙床房:HK$126', '高級大床房:HK$152', '高級雙床房:HK$152']"
香裕賓館,8.0,"['豪華雙床房:HK$102', '藝術格調大床房:HK$119', '金色年華大床房:HK$121', '城市記憶大床房:HK$133']"
烏達區蒔光民宿,5.6,"['鳥巢圓形大床房:HK$184', '狂野汽車電動床:HK$184']"
星辰酒店（烏海東站萬達廣場店）,9.3,[]
