酒店名称,评分,房型价格列表
無錫南長街古運河麗芮酒店,9.5,"['芮享舒適大床房:HK$479', '芮享高級大床房:HK$533', '芮享高級雙床房:HK$566', '芮享豪華大床房:HK$588', '芮享豪華雙床房:HK$620']"
無錫羅卡斯酒店（南長街店）,9.5,"['新尚·主題房:HK$426', '目翠·主題半套房:HK$426', '服務式·商務單間:HK$459', '溺愛·主題套房:HK$568', '璨放·主題房:HK$568', '羅卡斯行政套房:HK$579']"
無錫德根飯店（三陽廣場南長街店）,9.3,"['商務單人房-舒適淋浴:HK$468', '高級大床房-高樓層:HK$501', '高級雙床房-靠窗沙發:HK$501', '高級影音大床房-無線投屏:HK$556', '高級影音雙床房-無線投屏:HK$556', '豪華大床房-超大床:HK$589']"
美麗豪酒店（無錫廣益東亭店）,9.7,"['高級城景大床房（全景落地窗+電視投屏+小冰箱）:HK$352', '高級城景雙床房（全景落地窗+電視投屏+小冰箱）:HK$352', '行政城景大床房（全景落地窗+電視投屏）:HK$383', '行政城景雙床房（全景落地窗+電視投屏+小冰箱）:HK$383', '豪華城景大床房（全景落地窗+電視投屏+小冰箱）:HK$435']"
漫湖雲帆·公寓（太湖店）,9.7,"['高級大床房:HK$370', '雲帆·城景套房:HK$413', '雲帆·270°景觀套房:HK$457', '高級雙床房:HK$457']"
無錫雲隱東方·莫宅酒店,9.6,"['雲居沐陽大床房:HK$1,004', '雲舍幽靜雙床房:HK$1,092', '雲熙園景大床房:HK$1,310', '雲熙院景大床房:HK$1,420', '雲居家庭房:HK$1,835', '雲奢儒雅家庭房:HK$2,620']"
無錫海岸城亞朵酒店,9.6,"['高級大床房:HK$531', '高級雙床房:HK$550', '行政大床房:HK$570', '幾木大床房:HK$638', '幾木雙床房:HK$638']"
楓雨（無錫三陽廣場南長街店）,9.6,"['單間公寓式客房:HK$568', '高層單間公寓式客房:HK$623', '城市景觀公寓式客房:HK$677', '崇安寺景觀公寓式客房:HK$732', '270度高層無敵景觀公寓式客房:HK$841']"
無錫巡塘書香府邸酒店,9.8,"['雅緻大床房:HK$1,517', '雅緻套房:HK$1,735', '河畔複式套房（河畔露台）:HK$1,954', '探花庭院套房（賞景庭院）:HK$2,827', '雅緻雙卧套房（獨立卧室+會客空間）:HK$3,156', '別墅雙卧套房（獨立卧室+會客空間）:HK$4,029']"
無錫詩曼汀公寓（三陽廣場店）,9.3,"['精緻城景大床房（鵝絨被+冰箱）:HK$421', '高層影院大床房:HK$448', '精緻夜景公寓式大床房:HK$475', '高層夜景大床房:HK$529']"
無錫惠山希爾頓惠庭酒店,9.6,"['舒適雙床房（coffee機+冷凍雙功能冰箱+微波爐）:HK$424', '靈動大床房（coffee機+冷凍雙功能冰箱+微波爐）:HK$435', '靈動雙床房（coffee機+冷凍雙功能冰箱+微波爐）:HK$457', '靈動豪華大床房（冷凍雙功能冰箱+微波爐+coffee機）:HK$478', '套房（智能客控+coffee機+微波爐+投屏電視+冷凍雙功能立式冰箱）:HK$664']"
無錫雲宿一宅（三陽廣場店）,9.7,"['雲｜城市景觀大床房:HK$416', '雲｜現代尊享套房:HK$437', '雲｜甄選夜景套房:HK$481', '雲｜雲端 270度高層全景巨幕投影套房:HK$524']"
無錫君來世尊酒店,9.6,"['豪華雙床房城市喧囂繁華之隅，靜棲一方寧謐之境:HK$623', '豪華園景雙床房:HK$675', '行政園景雙床房:HK$710', '豪華濕地景觀雙床房:HK$765', '小黃鴨親子主題雙床房:HK$874', '寵物雙床房:HK$928']"
宜尚PLUS酒店（無錫長江北路太湖花園地鐵站店）,9.4,"['標準大床房（寬敞明亮+個性沙發）:HK$351', '標準雙床房（寬敞明亮+舒適辦公+小冰箱）:HK$363', '商務大床房:HK$374', '高級大床房（獨立起居空間+舒適浴缸+小冰箱）:HK$417', '豪華大床房（北歐風格客房+無間隔起居空間+觀景浴缸）:HK$463']"
SY·宿也高空觀景設計師度假美宿（無錫濱湖萬象滙太湖西大道店）,9.6,"['寶藏·幸運觀景房【全新貢緞床品+影視會員】:HK$403', '含月·高空觀景大床房【雙人浴缸+巨幕影院+戴森吹風機】:HK$414', '極簡·高空湖景包豪斯一室一廳套房【雲端觀景+私享影院+戴森吹風機】:HK$457', '清風·180度無敵高空觀景一室一廳套房【雲端觀景+巨幕觀影+戴森吹風】:HK$469']"
無錫太湖飯店,9.7,"['高級大床房:HK$852', '高級雙床房:HK$852', '標準雙床房:HK$939', '高級園景大床房:HK$939', '高級園景雙床房:HK$939', '豪華大床房:HK$983']"
無錫東站希爾頓歡朋酒店,9.6,"['舒適雙床房:HK$461', '舒適大床房:HK$479', '高級雙床房:HK$517', '高級大床房:HK$536', '豪華雙床房:HK$574']"
無錫錫州花園酒店,9.6,"['豪華標準房:HK$436', '豪華大床房:HK$436', '商務標準房:HK$560', '商務大床房:HK$560', '豪華套房:HK$1,038', '商務套房:HK$1,319']"
木子臻選酒店（無錫市南長街人民醫院店）,9.3,"['靜謐大床房:HK$210', '靜謐雙床房:HK$224', '高級大床房A:HK$241', '高級大床房B:HK$270']"
桔子酒店（無錫三陽廣場南長街店）,9.7,"['大床房【65寸電視投屏+智能客控】:HK$315', '商務大床房【65寸電視投屏+智能客控】:HK$331', '高級大床房【65寸電視投屏+智能客控】:HK$341', '高級雙床房【65寸電視投屏+智能客控】:HK$341', '月若流金精選雙床房【65寸電視投屏+智能客控】:HK$362']"
無錫南長街亞朵S酒店,9.6,"['高級大床房:HK$560', '行政大床房:HK$621', '幾木大床房:HK$682', '幾木養生大床房:HK$742', '高級雙床房:HK$892']"
無錫諾富特酒店,9.7,"['高級大床房:HK$512', '高級雙床房:HK$532', '豪華大床房:HK$553', '豪華雙床房:HK$562', '嘉賓高級大床房:HK$592']"
雲和夜泊酒店（無錫靈山大佛拈花灣店）,9.6,"['特惠大床房:HK$435', '特惠雙床房:HK$435', '雅緻大床房:HK$474', '雅緻雙床房:HK$474', '雲和雙床房:HK$514']"
無錫魯能萬怡酒店,9.5,"['標準大床房:HK$599', '標準雙人間:HK$599', '尊享大床房:HK$662', '尊享雙床房:HK$662', '經典大床房:HK$726']"
無錫東亭希爾頓歡朋酒店,9.7,"['舒適大床房:HK$494', '舒適雙床房:HK$494', '高級大床房:HK$548', '高級雙床房:HK$548', '豪華大床房:HK$592']"
無錫三陽廣場CitiGO歡閣酒店（勝利門店）,9.7,"['歡享大床房[智能客控+小冰箱+電視可投屏]:HK$491', '歡閣大床房[智能客控+小冰箱]:HK$512', '歡享雙床房[智能客控+小冰箱+電視可投屏]:HK$512', '歡閣雙床房[智能客控+小冰箱]:HK$532', '歡閣高級大床房[智能客控+小冰箱+電視可投屏]:HK$542']"
無錫蘇寧凱悦酒店,9.4,"['標準大床房-坐擁都市繁華天際:HK$703', '標準雙床房-坐擁都市繁華天際:HK$703', '山景大床房-遠眺惠山天際美景:HK$972', '山景雙床房-遠眺惠山天際美景:HK$972', '嘉賓軒大床房-高空俯瞰都市繁華夜景:HK$1,201', '嘉賓軒雙床房-高空俯瞰都市繁華夜景:HK$1,201']"
雅麗豪酒店（樑溪萬達火車站店）,9.2,"['商務大床房（全景落地窗）:HK$310', '精緻雙床房（全景落地窗）:HK$332', '高級大床房（全景落地窗）:HK$354', '高級雙床房（全景落地窗）:HK$354', '豪華大床房（全景落地窗）:HK$396']"
無錫凱萊大飯店（塘鐵橋地鐵站IN有街市店）,9.4,"['高級雙床房:HK$436', '高級大床房:HK$436', '標準雙床房:HK$436', '商務大床房:HK$489', '親子大床房:HK$522']"
無錫日航飯店,9.4,"['高級大床房:HK$675', '高級雙床房:HK$675', '城市景觀高級大床房:HK$712', '城市景觀高級雙床房:HK$712', '新氧高級大床房（空氣凈化系統）:HK$769', '新氧高級雙床房（空氣凈化系統）:HK$769']"
凱泊酒店（無錫南長街南禪寺地鐵站店）,9.2,"['簡約大床:HK$238', '簡約標間:HK$246', '寓·大床房:HK$278', '寓·標間:HK$287']"
無錫瑞廷西郊酒店,9.5,"['高級低敏大床房（Acca Kappa洗護用品）:HK$573', '高級低敏雙床房（Acca Kappa洗護用品）:HK$573', '豪華低敏大床房（Acca Kappa洗護用品）智能馬桶:HK$628', '豪華低敏雙床房（Acca Kappa洗護用品）智能馬桶:HK$628', '高級正湖景低敏房（Acca Kappa洗護用品）:HK$704', '豪華正湖景低敏房（Acca Kappa洗護用品）智能馬桶:HK$760']"
雲際·高空觀景美宿（無錫三陽廣場崇安寺店）,9.2,['高空觀景大床房【雲端觀景+私享影院+至臻床品】:HK$375']
無錫魯能萬豪酒店,9.6,"['豪華雙床房:HK$1,337', '豪華大床房:HK$1,337', '高級豪華雙床房:HK$1,401', '高級豪華大床房:HK$1,401', '尊享湖景雙床房:HK$1,655', '尊享湖景大床房:HK$1,655']"
全季酒店（三陽廣場南長街店）,9.6,"['大床房【電視投屏+智能客控】:HK$406', '高級大床房A【電視投屏+智能客控】:HK$412', '高級雙床房【電視投屏+智能客控】:HK$427', '高級大床房【電視投屏+智能客控】:HK$437']"
雲韻·星閣Hotel（無錫三陽廣場火車站店）,9.4,"['雲際·高空舒適大床房（高空景觀+安靜好眠+影視會員）:HK$671', '雲上·高空觀景大床房（智能客控+零壓床墊+影視會員）:HK$716', '雲端·高空夜景投影房（激光投影+影視會員+地標夜景）:HK$785', '270°環幕全景套房『全視野觀景+璀璨樑溪+靜謐無擾』:HK$854']"
璽雲·高空Hotel（無錫三陽廣場店）,9.2,"['天際舒適大床房『天際視野+靜謐舒適』:HK$408', '高空舒適大床房『鵝絨床具+智能光控』:HK$436', '天際影音大床房『俯瞰錫城+遙望太湖』:HK$478', '雲上觀景輕奢套房 『環幕城景+定製床品』:HK$520']"
無錫南長街古運河中萃酒店,9.4,"['高級大床房:HK$497', '豪華大床房:HK$577', '高級雙床房:HK$589', '豪華雙床房:HK$659', '陽光套房:HK$845']"
無錫日晟國際酒店（寶龍廣場旺莊路地鐵站店）,8.9,"['商務大床間:HK$251', '商務雙床房:HK$251', '精選雙床房:HK$293', '精選大床房A:HK$293', '臻選大床房A:HK$357']"
無錫中央車站假日酒店,9.6,"['高級大床房:HK$471', '高級雙床房:HK$471', '高級房:HK$471', '高級房（大床+沙發床）:HK$528', '豪華雙床房:HK$545', '豪華大床房:HK$545']"
無錫南長古韻漫心府,9.7,"['心怡標準大床房（智能客控+金可兒床墊+MiniBAR）:HK$683', '心悦高級大床房（全景落地窗+智能客控+MiniBAR）:HK$804', '心夢尊享大床房（舒適浴缸+智能客控+MiniBAR）:HK$904', '心享豪華雙床房（全景落地窗+智能客控+MiniBAR）:HK$964', '特色院景大床房（獨立小院+舒適浴缸+全景落地窗）:HK$1,024']"
無錫新區太湖大道亞朵X酒店,9.6,"['高級雙床房:HK$400', '高級大床房:HK$420', '行政大床房:HK$471', '幾木雙床房:HK$481', '幾木大床房:HK$500']"
無錫太悦度假酒店（拈花灣靈山大佛店）,9.1,"['特惠大床房:HK$609', '園景標間:HK$613', '湖景雙床房:HK$668', '湖景大床房:HK$668', '高級湖景大床房:HK$743', '豪華湖景雙床房:HK$817']"
無錫火車站春申路亞朵酒店,9.6,"['高級大床房:HK$380', '高級雙床房:HK$380', '行政大床房（小冰箱）:HK$471', '行政雙床房（小冰箱）:HK$471', '幾木套房:HK$993']"
無錫弘陽洛克菲花園酒店,9.8,"['別墅大床房:HK$862', '影音房:HK$862', '棋牌雙床房:HK$862', '豪華大床房:HK$890', '別墅雙床房:HK$954', '豪華雙床房:HK$982']"
無錫黿頭渚風景區錢榮路亞朵酒店,9.7,"['高級大床房:HK$430', '高級雙床房:HK$430', '行政大床房:HK$481', '行政雙床房:HK$481', '幾木大床房:HK$581']"
無錫希頓·雲端（無錫三陽廣場地鐵站店）,9.6,"['希·悦城景大床房:HK$754', '希·默城景投影大床房:HK$828', '希·樂城景投影雙床房:HK$844', '希·瞰高層夜景大床房:HK$883']"
無錫三陽廣場亞朵酒店,9.6,"['高級大床房:HK$481', '高級雙床房:HK$521', '行政大床房:HK$531', '幾木大床房:HK$581', '幾木雙床房:HK$621']"
無錫南長街三陽廣場輕居酒店,9.6,"['舒適大床房（內窗-65寸投屏電視-亞朵裸眠床品）:HK$359', '精選大床房（小冰箱-投屏電視-JOLOVES洗護用品）:HK$390', '標準雙床房（內窗-65寸投屏電視-JOLOVES洗護用品）:HK$390', '高級大床房（深睡枕Pro-小冰箱-LELABO洗護用品）:HK$440']"
無錫雅詩閣雲蝠服務公寓,9.3,"['假裝在紐約主題房:HK$653', '水墨韻律主題房:HK$719', '行政單房公寓-雲端瞰景·高空獨居雅舍:HK$730', '豪華行政單房公寓-雲端馨寓·都市全景房:HK$782', '一房豪華套房-雲端戀語·温馨一居:HK$886', '穿越森林親子主題房:HK$970']"
