酒店名称,评分,房型价格列表
喆啡精選酒店（牡丹江火車站店）,9.6,"['醇享大床房:HK$255', '啡凡大床房:HK$295', '啡凡雙床房:HK$335']"
希岸酒店（牡丹江機場海浪路店）,9.8,"['希岸園景大床房「零壓床墊+全屋智能+即熱飲水機+安心除蟎儀+優雅梳粧鏡」:HK$277', '希岸高級大床房「零壓床墊+全屋智能+即熱飲水機+安心除蟎儀+優雅梳粧鏡」:HK$309', '豪華園景雙床房「零壓床墊+全屋智能+安心除蟎儀+即熱飲水機」:HK$340', '希岸豪華大床房「零壓床墊+全屋智能+即熱飲水機+安心除儀+優雅梳粧鏡」:HK$350']"
麗怡酒店（牡丹江火車站店）,9.8,"['大床房（慕思床墊+智能客控+手機投屏+即熱飲水機+智能馬桶）:HK$240', '標準大床房（慕思床墊+智能客控+手機投屏+即熱飲水機+智能馬桶）:HK$256', '高級大床房（慕思床墊+智能客控+手機投屏+即熱飲水機+智能馬桶）:HK$273', '商務大床房（慕思床墊+智能客控+手機投屏+即熱飲水機+智能馬桶）:HK$306']"
全季酒店（牡丹江火車站店）,9.7,"['高級大床房:HK$352', '雙床房:HK$391', '舒壓高級大床房:HK$391', '舒壓雙床房:HK$432']"
牡丹江飯店（火車站店）,8.6,"['普通大床房:HK$112', '普通標準間:HK$116', '商務大床房:HK$136', '商務標準間:HK$136']"
牡丹江萬達青桔公寓,9.3,"['特惠温馨大床房:HK$164', '青桔簡愛大床房:HK$169', '舒適陽光大床房:HK$173', '現代簡約大床房:HK$178']"
麗楓酒店（牡丹江火車站人民公園店）,9.6,"['高級大床房（無窗）:HK$244', '豪華大床房:HK$331', '豪華雙床房:HK$331', '商務雙床房:HK$349']"
好彩暮居酒店（牡丹江高鐵站北山公園店）,9.2,"['摩登套房（小度聲控+智能馬桶+超大屏幕）:HK$229', '輕奢雙床房（小度聲控+智能馬桶+超大屏幕）:HK$229', '輕奢大床房XL（小度聲控+智能馬桶+超大屏幕）:HK$252', '輕奢雙床房XL（小度聲控+智能馬桶+超大屏幕）:HK$252']"
花樣年華影音公寓（牡丹江萬達廣場店）,9.7,"['古典寫意中式大床房:HK$105', '現代簡約巨幕影院房（卧虎高級床墊）:HK$113', '驛旅陽光温馨房（貝思曼高級零壓乳膠床墊）:HK$121', '歐式大床房:HK$130']"
牡丹江吉利酒店（火車站百貨大樓店）,8.6,"['舒適大床房:HK$131', '高級大床房:HK$149', '特價雙床房:HK$154', '高級雙床房:HK$166']"
如家驛居酒店（牡丹江火車站步行街店）,9.3,"['大床房:HK$116', '商務大床房:HK$135', '雙床房:HK$135', '高級大床房:HK$170']"
牡丹江金朵商務酒店（牡丹江萬達廣場店）,9.3,"['醇享商務標準間（智能客控&辦公桌）:HK$307', '尊享大床房（智能客控）:HK$359', '商務大床房（智能客控&辦公桌）:HK$418', '巨幕影音房（高清投影120寸）:HK$448']"
如果商旅酒店（牡丹江高鐵站江濱公園店）,9.4,"['特惠標準間（電視投屏&飲用水）:HK$212', '特價大床房（電視投屏&飲用水）:HK$219', '豪華標準房（電視投屏&飲用水）:HK$285', '豪華大床房（電視投屏&飲用水）:HK$292']"
禧祿達國際酒店（牡丹江火車站東一步行街店）,9.5,"['豪華雙床房（乳膠枕+斯林百蘭床墊）:HK$262', '舒適雙床房（羽絨枕+斯林百蘭床墊）:HK$293', '豪華大床房（羽絨枕+斯林百蘭床墊）:HK$326', '行政雙床房（斯林百蘭床墊+乳膠枕）:HK$333', '行政大床房（夢百合乳膠枕+斯林百蘭床墊）:HK$405']"
漢庭酒店（牡丹江火車站店）,9.5,"['高級大床房:HK$261', '雙床房:HK$281', '豪華家庭房:HK$374']"
麗楓酒店（牡丹江火車站第二人民醫院店）,9.9,['純凈自然雙床房:HK$330']
喆啡酒店（牡丹江火車站步行街店）,9.3,"['醇享大床房:HK$190', '啡凡大床房:HK$222', '啡凡雙床房:HK$246', '商務大床房:HK$278']"
牡丹江樂湯滙温泉酒店（火車站萬達廣場店）,8.5,"['享睡大床房:HK$248', '尊享大床:HK$276', '豪華標間:HK$285', '高層大床房:HK$304']"
如家派柏·雲酒店（牡丹江高鐵火車站店）,9.2,"['精選大床房:HK$159', '精選多床房:HK$159', '精選商務房:HK$168', '行政套房:HK$240']"
希岸酒店（牡丹江江南市政府店）,9.4,"['希岸雅緻大床房（智能客控）:HK$310', '希岸高級大床房（智能客控）:HK$334', '希岸高級雙床房（智能客控）:HK$358', '希岸豪華大床房（智能客控）:HK$390']"
新悦酒店（牡丹江）,9.2,"['高級雙床房:HK$129', '高級大床房:HK$129', '商務標準房:HK$151', '商務大床房:HK$151']"
華隆大酒店（牡丹江高鐵站步行街店）,9.4,"['行政標準房:HK$239', '雅緻大床房:HK$276', '商務大床房:HK$332', '豪華大床房:HK$400']"
42°c湯泉酒店,9.8,"['温馨雙床間:HK$119', '時尚雙床房:HK$152']"
東方明珠國際大酒店（牡丹江火車站步行街店）,9.4,"['優選大床房:HK$299', '城景雙床房:HK$328', '城景大床房:HK$358', '至尊大床房:HK$428', '至尊雙床房:HK$428']"
家旅公寓（牡丹江萬達廣場店）,8.7,"['北歐大床房:HK$110', '精品投影大床房:HK$138']"
星程酒店（牡丹江火車站店）,9.5,"['大床房:HK$234', '高級大床房:HK$243', '雙床房:HK$254', '家庭房:HK$271']"
米朵精品酒店（牡丹江站大商新瑪特店）,8.9,"['特惠大床房:HK$156', '高級大床房:HK$165', '雙床房:HK$175', '豪華娛樂雙床房:HK$184']"
如家商旅酒店（牡丹江高鐵火車站步行街店）,9.5,"['商務大床房A:HK$248', '雙床房:HK$257', '商務大床房:HK$267', '高級雙床房:HK$284']"
海悅星辰管家式民宿,9.9,"['簡約大床房:HK$111', '雲端大床房（高層視野好）:HK$142', '悠閑大床房（舒適沙發）:HK$153', '星晚巨幕影音大床房:HK$164']"
牡丹江相約日租公寓,8.9,"['金粉巨幕投影房:HK$179', '特惠大床房:HK$190', '商務舒適大床房:HK$201', '精品格調影音房:HK$211']"
桔子酒店（牡丹江火車站步行街店）,9.6,"['月若流金大床房:HK$355', '加州陽光大床房:HK$374', '月若流金雙床房:HK$374', '月若流金套房:HK$444']"
水木年華公寓,8.4,"['簡約時尚大床房:HK$151', '輕奢時尚大床房:HK$151', '温馨舒適大床房:HK$162', '尊享商務雙床房:HK$184']"
福順天天大酒店（牡丹江高鐵萬達店）,9.0,"['特價雙床房:HK$161', '特價大床房:HK$164', '商務雙床房:HK$220', '商務三人房:HK$254']"
東安賓館（牡丹江火車站步行街店）,8.3,"['舒適圓床房:HK$125', '特價家庭房:HK$125', '舒適家庭房:HK$139', '舒適大床房:HK$153']"
如家酒店（牡丹江第二人民醫院恆豐紙業乾元大廈店）,9.7,"['商務大床房A:HK$188', '雙床房A:HK$197', '商務大床房:HK$207', '雙床房:HK$215']"
漢庭優佳酒店（牡丹江火車站步行街店）,9.6,"['高級大床房（電視投屏）:HK$341', '雙床房（乾濕分離+品牌床墊）:HK$362', '家庭房:HK$402', '套房（休閑沙發）:HK$422']"
鉑朗國際酒店（牡丹江火車站腫瘤醫院店）,9.1,"['尊享特惠大床房:HK$216', '尊享特惠標準間:HK$216', '尊享商務標準間:HK$228', '尊享商務大床房:HK$228']"
愛達公寓,8.2,"['時光畫境投影大床房:HK$128', '温馨大床房:HK$147', '特價大床房:HK$147', '愛琴海巨幕投影大床房:HK$175']"
素柏·雲酒店（牡丹江火車站百貨大樓店）,8.7,"['舒適大床房:HK$118', '商旅雙床房:HK$131', '惠選家庭房:HK$161', '精品大床房:HK$175']"
雅居精品酒店（牡丹江萬達廣場店）,8.3,"['豪華標準間:HK$196', '商務大床房:HK$196', '商務標準間:HK$196', '浪漫圓床房:HK$196']"
花園民宿,8.3,"['簡約大床房:HK$152', '舒適大床房:HK$152', '豪華大床房:HK$152', '標準大床房:HK$152']"
你好酒店（牡丹江火車站大商新瑪特店）,9.1,"['大床房:HK$321', '高級大床房:HK$350', '雙床房:HK$359', '豪華大床房:HK$378']"
7天酒店（牡丹江百貨大樓店）,9.3,"['新7天自在大床房:HK$119', '新7天自在雙床房:HK$126', '新7天好睡大床房:HK$182', '新7天好睡雙床房:HK$206']"
楷淳民宿（牡丹江萬達廣場店）,8.8,"['特惠大床房:HK$164', '精品大床房:HK$175', '尊享商務大床房:HK$184', '巨幕投影大床房:HK$193']"
牡丹江心怡短租公寓（萬達廣場店）,9.5,"['心怡常樂大床房:HK$209', '精緻舒適大床房:HK$222', '旅行商務大床房:HK$235', '現代簡約投影房:HK$235']"
如家睿柏·雲酒店（牡丹江火車站店）,8.3,"['標準雙床房:HK$200', '全新大床間:HK$202', '全新雙床房:HK$202', '家庭房:HK$237']"
如家酒店·neo（牡丹江火車站大商新瑪特店）,9.5,"['大床房:HK$179', '雙床房A:HK$206', '商務大床房:HK$206', '雙床房:HK$233']"
朵雲酒店（牡丹江火車站店）,9.2,"['朵雲·好眠大床房（無窗）:HK$93', '朵雲·舒壓雙床房:HK$99', '朵雲·舒壓大床房（辦公桌）:HK$125', '朵雲·高級雙床房:HK$134']"
大福源酒店（牡丹江步行街店）,8.3,"['標準雙人房:HK$147', '商務標準房:HK$156']"
牡丹江新瑪特大酒店,7.4,"['標準房:HK$149', '商務套房:HK$323', '行政套房:HK$556']"
邁典民宿（牡丹江會展中心市政府店）,9.5,"['温馨覓靜大床房:HK$121', '安-靜庭大床房（高層視野好）:HK$155', '好夢雅緻大床房（舒適沙發）:HK$168', '桃花源巨幕影音大床房（巨幕投影）:HK$178']"
牡丹江一凱公寓（萬達廣場店）,8.9,['輕築•商務投影房（全屋智能+影視會員）:HK$170']
牡丹江火車站夏威夷國際大酒店（步行街店）,9.7,"['夏威夷·舒適大床房:HK$765', '夏威夷·舒適雙床房:HK$765', '夏威夷·尊享大床房:HK$887', '夏威夷·尊享雙床房:HK$887', '主題舒適親子房:HK$1,204', '馨享·舒適家庭房:HK$1,204']"
牡丹江萬達奇遇主題公寓,9.6,"['簡約派的温馨小築大床房20518【70寸語音智能大電視/影視會員/充電牀頭櫃/有廚房】:HK$193', '在路上的家地台大床房【星空燈+70寸大電視+極光TV會員+聯通千兆極速網絡】:HK$193', '小仙女的最愛大床房21302【聯通千兆網/70寸大電視/影視會員/星空燈/】:HK$193', '智能觀景影音大床房21508【全屋語音智能+高樓層可觀景+百寸高清投影+影視會員】:HK$193']"
維也納智好酒店（牡丹江火車站步行街店）,8.3,"['高級大床房:HK$157', '高級雙床房:HK$159', '商務大床房:HK$182', '商務雙床房:HK$192']"
新悅酒店 （牡丹江火車站新華路店）,9.2,"['高級雙床房:HK$151', '高級大床房:HK$151', '商務標準房:HK$184', '商務大床房:HK$184']"
花美時酒店（牡丹江火車站店）,9.2,['浪漫婚房:HK$328']
牡丹江世茂假日酒店,9.4,"['假日標準雙床房:HK$288', '假日高級房-雙床:HK$288', '假日高級房-大床:HK$288', '假日行政房:HK$419', '假日行政房-大床:HK$419', '假日豪華房:HK$506']"
安然的民宿,9.5,['精緻一室大床房:HK$129']
崑崙大酒店（牡丹江火車站步行街店）,9.2,"['優選標準間（辦公桌+瓶裝水）:HK$259', '優選大床房（品牌床墊+瓶裝水）:HK$269', '標準大床房:HK$315', '標準雙床房:HK$334']"
如家驛居酒店（牡丹江恆豐紙業乾元大廈店）,9.6,"['商務大床房:HK$202', '高級大床房:HK$220', '雙床房:HK$220', '高級雙床房:HK$238']"
牡丹江遇見歸宿民宿,9.7,"['特價房:HK$107', '舒適大床房:HK$118', '温馨大床房:HK$118', '清新投影大床房:HK$118']"
