酒店名称,评分,房型价格列表
三亞哈曼度假酒店,9.4,"['高級雙床房:HK$544', '高級大床房:HK$544', '港灣房:HK$653', '豪華海景房:HK$762', '汪星人友好房:HK$762', '港灣家庭房（三人間）:HK$762']"
三亞海韻度假酒店,9.4,"['豪華園景大床房:HK$654', '豪華園景雙床房:HK$654', '豪華園景一房一廳雙床套房:HK$703', '高級海景大床房:HK$703', '高級海景雙床房:HK$703', '豪華海景大床房:HK$750']"
三亞大東海酒店,9.4,"['高級大床房:HK$587', '高級雙床房:HK$587', '海灣大床房:HK$646', '海灣雙床房:HK$646', '聽海觀景大床房:HK$686', '聽海觀景雙床房:HK$686']"
三亞泰康之家度假酒店·臻品之選,9.6,"['豪華大床房:HK$817', '豪華雙床房:HK$817', '豪華頤養雙床房:HK$891', '豪華海景雙床房:HK$1,018', '豪華海景大床房:HK$1,030', '豪華頤養大床房:HK$1,061']"
三亞灣洛克鉑金海景酒店,9.4,[]
三亞鳳凰島度假酒店,9.2,"['高級海景大床房:HK$620', '高級海景雙床房:HK$620', '豪華海景大床房:HK$666', '豪華海景雙床房:HK$666', '豪華海景開放式小套房:HK$731', '全海景大床房:HK$759']"
三亞晴空野·梵舍（天涯海角店）,9.6,"['夜聽濤·側面海景房:HK$293', '芭蕉綠·側面海景房:HK$369', '覓清風·陽光大床房:HK$392', '海若林·滑梯親子雙床房:HK$424']"
三亞勝意海景酒店,9.0,"['特惠大床房:HK$333', '特惠雙床房:HK$335', '城市景觀雙床房:HK$355', '城市景觀大床房:HK$355', '精選海景大床房:HK$388', '精選海景雙床房:HK$388']"
三亞海棠灣中國太平鉑驪酒店,9.1,"['高級大床房:HK$395', '高級雙床房:HK$395', '豪華大床房:HK$427', '豪華雙床房:HK$427', '童趣親子房:HK$449', '豪華套房（一房一廳）:HK$601']"
三亞君吉海景酒店,9.7,"['豪華園景雙床房:HK$731', '童趣親子房（1張大床+1張單人床）:HK$731', '豪華園景大床房:HK$731', '聽海園景大床房:HK$816', '聽海園景雙床房:HK$816', '卡通主題家庭房（1張大床+1張單人床）:HK$838']"
三亞海立方度假酒店,9.0,"['園景雙床房:HK$333', '園景雙拼大床房:HK$333', '雅緻海景雙床房:HK$366', '雅緻海景雙拼大床房:HK$366', '豪華園景雙床房:HK$399', '豪華園景大床房:HK$399']"
海旅·君瀾三亞灣迎賓館,9.3,"['迷你房:HK$315', '高級花園雙床房:HK$500', '高級花園大床房:HK$500', '陽光套房:HK$547', '海景大床房:HK$589', '海景雙床房:HK$589']"
三亞崖州灣皇冠假日酒店,9.7,"['高級大床房:HK$553', '高級雙床房:HK$596', '高級房:HK$599', '高級海景大床房:HK$685', '高級海景雙床房:HK$685', '皇冠主題親子房（帶高低床）:HK$702']"
三亞海棠灣熹棠費爾蒙酒店,9.5,"['費爾蒙園景雙床房:HK$1,145', '費爾蒙園景大床房:HK$1,145', '費爾蒙金尊園景雙床房:HK$1,321', '費爾蒙金尊園景大床房:HK$1,321', '費爾蒙海景雙床房:HK$1,321', '費爾蒙海景大床房:HK$1,321']"
三亞京海國際假日酒店,9.3,"['豪華園景雙床房:HK$435', '豪華園景大床房:HK$435', '豪華景緻精選套間-大床:HK$468', '豪華景緻精選套間-雙床:HK$468', '高級海景精選套間-大床:HK$500', '高級海景精選套間-雙床:HK$500']"
三亞鹿嶺海灣維景國際大酒店,9.2,"['美麗傳説山景大床房:HK$293', '美麗傳説山景雙床房:HK$293', '遊艇港灣大床房:HK$326', '遊艇港灣雙床房:HK$326', '瑰麗遊艇海景大床房:HK$369', '瑰麗遊艇海景雙床房:HK$370']"
三亞山海天雅詩閣服務公寓,9.5,"['精選雙床房:HK$665', '精選海景雙床房（華為65寸智能投屏電視）:HK$687', '一房精選套房（可烹飪+高端廚具+洗烘一體機+65寸華為智能電視）:HK$718', '一房精選海景套房（一室一廳+可烹飪+高端廚具+洗烘一體機）:HK$773', '一房豪華海景套房（1號樓+一室一廳+可烹飪+高端廚具+洗烘一體機）:HK$828', '小黃鴨一房海景套房（可烹飪+高端廚具+洗烘一體機）:HK$905']"
果尚·暮光裏度假酒店（三亞鳳凰機場店）,9.4,"['商務大床房:HK$282', '特惠商務大床房:HK$304', '商務雙床房:HK$346', '陽台池景大床房:HK$381']"
三亞亞龍灣瑞吉度假酒店,9.4,"['園林景觀大床房:HK$2,495', '園林景觀雙床房:HK$2,495', '山海景觀大床房:HK$2,842', '山海景觀雙床房:HK$2,843', '豪華海景大床房:HK$2,992', '尊貴全海景大床房-正面觀海:HK$3,110']"
三亞康年酒店,9.6,"['豪華園景雙床房:HK$906', '豪華園景大床房:HK$906', '豪華園景房雙拼大床房:HK$951', '豪華海景雙床房:HK$1,018', '豪華海景大床房:HK$1,018', '高級海景大床房:HK$1,072']"
三亞天麗灣凱悦酒店,9.6,"['園景大床房:HK$859', '園景雙床房:HK$859', '豪華園景大床房:HK$917', '豪華海景雙床房:HK$974', '豪華海景大床房:HK$974', '豪華庭院雙床房:HK$1,031']"
三亞熊貓愛上海·海景輕奢美宿（天涯海角店）,9.5,"['巨幕浴缸-街景大床房-全屋智能:HK$422', '巨幕浴缸-街景大床房（可看海）-全屋智能:HK$460', '巨幕影院-街景雙床房（可看海）-全屋智能:HK$534', '巨幕影院-雙面側海景家庭雙床房-全屋智能:HK$609']"
棲雲·瀾海恆温泳池設計美宿（三亞灣鳳凰機場店）,9.5,"['高級大床房「智能客控+隔音窗户+品牌床墊+鴨絨被」:HK$281', '巨幕投影大床房「隔音窗户+品牌床墊+100寸投影」:HK$312', '海灣大床房「隔音窗户+鴨絨被+65寸電視+遠眺海景」:HK$341', '巨幕投影雙床房「隔音窗户+品牌床墊+100寸投影」:HK$341']"
三亞海棠灣JW萬豪度假酒店,9.5,"['莊園景觀大床房:HK$2,056', '莊園景觀雙床房（2張大床）:HK$2,367', '家庭親子房:HK$2,367', '莊園臻享景觀大床房:HK$2,573', '尊貴海景大床房:HK$2,575', '尊貴海景雙床房（2張大床）:HK$2,885']"
三亞福朋喜來登酒店,9.1,"['城市景觀大床房:HK$667', '城市景觀雙床房:HK$667', '高級城市景觀大床房:HK$732', '高級城市景觀雙床房:HK$732', '高級海景大床房:HK$805', '180度豪華海景雙床房:HK$805']"
三亞海棠灣濱海望海景酒店式公寓（亞特度假區店）,9.4,"['豪華海景雙卧套房（觀海陽台+小童護欄及座椅+洗衣機）:HK$711', '陽光園景兩房一廳套房（獨立觀景陽台+洗衣機+小童護欄及座椅）:HK$802', '豪華海景兩房一廳套房（海上日出+觀海陽台+小童護欄及座椅+洗衣機）:HK$848', '180°至尊海景兩房一廳套房（主卧看海+亞特夜景+小童護欄及座椅+洗衣機）:HK$909']"
三亞亞龍灣海景國際度假酒店,9.1,"['園景大床房:HK$447', '園景雙床房:HK$447', '山景雙床房:HK$552', '山景大床房:HK$552', '童趣雙床房:HK$638', '高級海景雙床房（大落地玻璃窗）:HK$691']"
三亞星野•懸浮泳池海景設計民宿,9.6,"['智享·影院大床房:HK$252', '微巒·山景影院浴缸大床房:HK$284', '友聚·影院雙床房:HK$290', '浮光·池景影院大床房:HK$309']"
三亞海棠灣民生威斯汀度假酒店,9.6,"['高級豪華大床房:HK$1,744', '高級豪華雙床房:HK$1,744', '豪華雙床房:HK$1,796', '豪華大床房:HK$1,796', '礁湖景觀大床房:HK$1,796', '礁湖景觀雙床房:HK$1,796']"
三亞夏日酒店,9.6,"['雅緻大床房【奢牌減壓床墊“泰普爾”】:HK$336', '雅緻雙床房【奢牌減壓床墊“泰普爾”】:HK$358', '時尚大床房【奢牌減壓床墊“泰普爾”】:HK$380', '時尚雙床房【奢牌減壓床墊“泰普爾”】:HK$380', '一居庭院套房【三門冰箱+洗衣機+露台】:HK$380', '森林主題親子房【奢牌減壓床墊“泰普爾”】:HK$435']"
三亞珠江花園酒店,9.6,"['經典雅緻房:HK$704', '時尚雅緻房:HK$758', '花園海景雙床房:HK$865', '花園親子房:HK$865', '小熊尼奧親子主題房:HK$865', '豪華海景房:HK$918']"
三亞金鳳凰海景酒店,9.3,"['城市景觀雙床房【獨立陽台+小冰箱】:HK$359', '城市景觀大床房【獨立陽台+小冰箱】:HK$359', '雅緻海景大床房【觀海陽台+小冰箱】:HK$414', '雅緻海景雙床房【觀海陽台+小冰箱】:HK$414', '豪華海景大床房【鳳凰島地標景觀+觀海陽台+小冰箱】:HK$526', '豪華海景雙床房【鳳凰島地標景觀+觀海陽台+小冰箱】:HK$526']"
三亞棲楠山酒店（南山寺店）,9.7,"['山景·高級大床房【90度觀景玻璃窗+零壓床感】:HK$497', '庭院·高級大床房【獨立庭院+落地窗+親膚布草】:HK$529', '山景·露台大床房:HK$571', '庭院·浴缸大床房【獨立庭院+私享浴缸+親膚浴袍】:HK$635', '山景·豪華浴缸大床房【觀景浴缸+特大床+小冰箱】:HK$678']"
三亞觀夏海景民宿,9.5,"['南海·混搭古典全海景露台大床房 [戴森吹風筒]:HK$922', '看海•現代風全海景陽台大床房 [戴森吹風筒]:HK$1,178', '花海•法式中古全海景陽台大床房 [戴森吹風筒]:HK$1,178', '觀海•南洋風全海景大床房 [戴森吹風筒]:HK$1,178']"
三亞金莎海景酒店,9.1,"['風情小鎮雙床房:HK$469', '豪華園景大床房:HK$523', '椰林海景雙床房:HK$523', '椰林海景大床房:HK$523', '花園池畔大床房:HK$576', '花園池畔雙床房:HK$576']"
三亞灣亞太諾富特酒店,9.1,"['標準星光大床房:HK$642', '高級大床房:HK$708', '高級雙床房:HK$708', '豪華花園海景雙床房（獨立觀海陽台+小冰箱）:HK$795', '豪華海景大床房:HK$795', '高級家庭星光親子房:HK$795']"
三亞清能麗景海灣酒店,9.4,"['高級麗景大床房:HK$580', '豪華麗景雙床房:HK$602', '豪華園景大床房:HK$624', '豪華園景雙床房:HK$624', '椰林海景雙床房:HK$677', '臨海親子家庭房:HK$753']"
三亞亞龍灣希爾頓酒店,9.3,"['豪華房:HK$1,701', '水桶王童趣房:HK$1,703', '遊遊海洋主題房:HK$1,736', '豪華景觀大床房:HK$1,756', '豪華景觀雙床房:HK$1,756', 'Switch遊戲房:HK$1,788']"
三亞艾迪遜酒店,9.6,"['觀海大床房:HK$3,218', '觀海雙床房:HK$3,218', '尊享觀海大床房:HK$3,345', '尊享觀海雙床房:HK$3,345', '迎海客房:HK$3,600', '園景風尚開間套房:HK$3,651']"
三亞崖州灣千鶴國際交流中心·希爾頓格芮精選,9.5,"['豪華大床房:HK$533', '豪華雙床房:HK$533', '園林景觀雙床房:HK$575', '園林景觀大床房:HK$575', '高級海景大床房:HK$601', '高級海景雙床房:HK$601']"
三亞星岸度假民宿,9.5,"['銀礫浴缸海景大床房:HK$1,144', '銀浦浴缸海景大床房:HK$1,260', '點含泡池海景大床房:HK$1,724', '屑金泡池海景大床房:HK$1,724', '白榆泡池海景大床房:HK$1,840']"
三亞宿棠月海景度假酒店,9.4,"['豪華海景兩室一廳套房（觀海上日出+除濕機+洗衣機）:HK$677', '至尊高層海景兩室一廳套房（大陽台+親子套房）:HK$703', '輕奢海景兩室兩廳套房（亞特夜景+廚房+洗衣機）:HK$871', '尊享高層海景兩室兩廳套房（亞特夜景+洗衣機）:HK$924']"
三亞銀泰陽光度假酒店,9.5,"['陽光大床房:HK$621', '陽光雙床房:HK$621', '園景雙床房（衹此青綠）:HK$653', '豪華海景大床房（天海之旅）:HK$686', '豪華海景雙床房（天海之旅）:HK$686', '超級豪華海景房（盡攬天海山林）:HK$741']"
三亞理文索菲特度假酒店,9.4,"['高級園景雙床房:HK$1,065', '高級園景大床房:HK$1,065', '88 Bites·食尚豪華大床房:HK$1,181', '88 Bites·食尚豪華雙床房:HK$1,181', '奢華海景雙床房:HK$1,248', '奢華海景大床房:HK$1,248']"
三亞沐子泰式精品民宿（千古情景區店）,9.7,"['花田坐隱｜高級大床房:HK$432', '沐光田園｜高級雙床房:HK$441', '靜享舒眠｜陽台大床房:HK$457', '靜謐花園｜陽台大床房:HK$498']"
三亞天通富禾酒店,9.0,"['豪華園景雙床房:HK$370', '豪華園景大床房:HK$370', '高級海景大床房:HK$436', '高級海景雙床房:HK$436', '椰夢觀海雙床房:HK$436', '椰夢觀海大床房:HK$436']"
三亞南中國大酒店,9.4,"['標準雙床房:HK$479', 'A樓-雅緻園景大床房:HK$544', 'A樓-雅緻園景雙床房:HK$544', '附樓迷你大床房無景觀:HK$544', 'C樓-高級大床房:HK$587']"
三亞1 Hotel 海棠灣陽光壹酒店,9.5,"['豪華雙床房:HK$1,784', '豪華大床房:HK$1,784', '園林泳池景觀大床房:HK$1,849', '園林泳池景觀雙床房:HK$1,849', '精選海景大床房:HK$1,977', '精選海景雙床房:HK$1,977']"
三亞香格里拉度假酒店,9.4,"['豪華景觀雙床房:HK$1,533', '豪華景觀大床房:HK$1,533', '豪華臨海園景雙床房:HK$1,553', '豪華臨海園景大床房:HK$1,553', '尊榮海景雙床房:HK$1,627', '尊榮海景大床房:HK$1,627']"
三亞海拾泳池設計民宿（西島旅遊景區店）,9.7,"['清歡院景影音大床房:HK$719', '雲影輕奢影音雙床房:HK$761', '宿約輕奢影音大床房:HK$819', '晨嶼舒適大床房:HK$834']"
