酒店名称,评分,房型价格列表
伊丁酒店（中衛沙坡頭區店）,9.2,"['西北的夢雙人間:HK$201', '北歐簡約大床房:HK$212', '豪華標準間:HK$214', '輕奢典雅大床房:HK$258']"
沙之海·沙漠星星宿集露營地,9.5,"['月下丨大床房帳篷（通電+WIFI+循環熱水+電熱毯）:HK$277', '摘星丨雙床房帳篷（通電+通網+循環熱水+電熱毯）:HK$287', '日落丨親子房帳篷（通電+WIFI+循環熱水+電熱毯）:HK$295', '180度觀景丨沙景親子房｜空調+獨衞:HK$1,197']"
Love Star月光寶盒沙漠露營基地,9.4,"['漫天星光雙床帳篷「通電+wifi+循環熱水+電熱毯」:HK$225', '親吻星光大床帳篷「通電+wifi+循環熱水+電熱毯」:HK$239', '彩色童年親子房帳篷「通電+wifi+循環熱水+電熱毯」:HK$292', '星海銀河四人帳篷「通電+wifi+循環熱水+電熱毯」:HK$361']"
拾暮沙漠營地,9.9,"['Moon拾暮 | 蓮花大床帳篷:HK$478', 'Moon拾暮 | 蓮花雙床帳篷:HK$510', 'Moon拾暮 | 蓮花親子帳篷:HK$526', 'BlackMoon拾暮 | 180°全景大床房 | 空調:HK$1,435']"
中衞穀雨茉莉酒店（鼓樓向陽步行街店）,9.6,"['穀雨大床房:HK$701', '茉莉大床房:HK$741', '穀雨雙床房:HK$780', '茉莉悦享雙床房:HK$1,310', '穀雨家庭套房:HK$1,975']"
中衛黃河希遇酒店（城市景觀店）,9.7,"['隱於市·城遇大床房:HK$798', '隱於市·城遇河景雙床房:HK$856', '隱於市·城逸大床房:HK$903', '隱於市·城悦河景雙床房:HK$906', '隱於市·城享河景大床房:HK$988', '隱於市·城漫花園星空套房:HK$3,256']"
大漠·月下雲端沙漠觀星酒店,9.3,"['Moon | 野奢雲端大床摩洛哥房 | 通網+通電:HK$316', 'Moon | 野奢雲端雙人摩洛哥房 | 通網+通電:HK$316', 'Moon | 野奢雲端親子摩洛哥房 | 通網+通電:HK$341', 'Moon | 野奢雲端四人摩洛哥房 | 通網+通電:HK$384']"
中衞金土木國際酒店（中衞鼓樓店）,9.1,"['輕享陽光雙床房（臨窗觀景+釋壓床墊+乾濕分離）:HK$496', '輕享陽光大床房（臨窗觀景+釋壓床墊+乾濕分離）:HK$496', '行政精英雙床房（臨窗觀景+釋壓床墊+乾濕分離）:HK$704', '行政精英大床房（臨窗觀景+釋壓床墊+乾濕分離）:HK$704', '樂享温馨家庭房（臨窗觀景+釋壓床墊+乾濕分離）:HK$744', '樂享三人行——兩間房（臨窗觀景+釋壓床墊+乾濕分離）:HK$927']"
集野星空露營基地,9.6,"['摩洛哥帳篷大床房（公共衞浴）（帳篷通電）:HK$526', '大漠孤煙摩洛哥帳篷房（公共衞浴）（帳篷通電）:HK$526', '蘋果倉 | 沙景大床房（空調丨通電丨通網）:HK$1,214', '蘋果倉 | 沙景雙床房（空調丨通電丨通網）:HK$1,290']"
中衛未見之美酒店（鼓樓東街店）,9.9,"['未見雙床房（全屋智能+零壓安睡床墊+零壓枕）:HK$527', '之美雙床房（全屋智能+零壓安睡床墊+零壓枕）:HK$564', '未見家庭房（全屋智能+零壓安睡床墊+零壓枕）:HK$583', '未見大床房（全屋智能+零壓安睡床墊+零壓枕）:HK$601', '之美家庭房（全屋智能+零壓安睡床墊+零壓枕）:HK$620']"
中衛璞悅酒店（沙坡頭區店）,9.6,"['簡約雙床房:HK$173', '舒適大床房:HK$203', '舒適雙床房:HK$203', '榻榻米雙床:HK$215']"
沙漠星星親子帳篷露營地,9.3,"['沙海觀星雙床帳篷（熱水+通電+公共衞浴）:HK$326', '沙海觀星大床帳篷（熱水+通電+公共衞浴）:HK$326', '温馨觀星家庭帳篷（循環熱水+無線WIFI+通電）:HK$423', '蓮花星空親子營賬（循環熱水+無線WIFI+通電）:HK$447']"
中衞鯤鵬智能酒店,9.5,"['標準雙床房:HK$354', '豪華雙床房:HK$379', '豪華大床房:HK$393', '豪華親子房:HK$422']"
希岸酒店（中衞鼓樓店）,9.5,"['希岸高級大床房（夢百合安睡床墊+零壓枕）:HK$625', '希岸雅緻雙床房:HK$625', '希岸豪華大床（夢百合安睡床墊+零壓枕）:HK$685', '希岸豪華雙床房（夢百合安睡床墊+零壓枕）:HK$685']"
中衛希玥知悠酒店,9.8,"['希玥·高級大床房（全屋智能+零壓安睡床墊+零壓枕）:HK$512', '希玥·標準雙床房（全屋智能+零壓安睡床墊+零壓枕）:HK$535', '希玥·豪華雙床房（全屋智能+零壓安睡床墊+零壓枕）:HK$557', '希玥·高級雙床房（全屋智能+零壓安睡床墊+零壓枕）:HK$583', '希玥·親子主題房（全屋智能+零壓安睡床墊+零壓枕）:HK$609']"
映·時光電影酒店,8.0,"['電影主題雙床房:HK$317', '電影主題親子間:HK$353', '電影主題家庭房:HK$437']"
星語谷沙漠酒店,10.0,"['星語 | 摩洛哥雙床帳篷 | 通電+通網:HK$365', '星語 | 摩洛哥親子帳篷 | 通電+通網:HK$399', '星語谷 | 獨棟大床小木屋 | 空調+通電+通網:HK$717', '星語谷 | 180°全景大床房 | 空調+獨立衞浴:HK$1,514']"
沙漠龍門客棧,9.0,"['特惠摩洛哥湖景雙人帳篷（通網+通電）:HK$245', '摩洛哥湖景大床帳篷（通網+通電）:HK$437', '摩洛哥古樹大床帳蓬（通網+通電）:HK$437', '摩洛哥古樹雙人帳篷（通網+通電）:HK$479']"
遇見沙漠露營觀景酒店,9.7,"['沙漠探戈丨大床帳篷（通電+WiFi+品質床品）:HK$408', '沙漠探戈丨雙人帳篷（通電+WiFi+品質床品）:HK$408', '沙漠探戈丨親子帳篷（通電+WiFi+品質床品）:HK$472', '沙漠探戈丨4人帳篷（通電+WiFi+品質床品）:HK$537']"
星星宿集沙漠露營地,8.8,"['星悦 | 摘星帳篷大床房（通電|通網）（公共衞浴）:HK$282', '星悦 | 摘星帳篷雙床房（通電|通網）（公共衞浴）:HK$311', '星享 | 摘星帳篷家庭房（通電|通網）（公共衞浴）:HK$340', '星辰 | 輕奢沙景大床房 | 180°沙景+獨立衞浴+空調:HK$1,375']"
中衞市萊諾大酒店（豐安東路店）,9.1,['輕奢大床房:HK$374']
中衛伊丁·鉑曼智慧酒店（沙坡頭區店）,9.2,"['鉑曼智慧雙床房:HK$435', '鉑曼智慧大床房:HK$471', '鉑曼智慧親子房:HK$523', '鉑曼歡樂家庭房:HK$550', '鉑曼智慧三人間:HK$585']"
中衞市優派萊斯酒店,9.3,"['行政大床房:HK$489', '行政雙床房:HK$489', '豪華家庭房:HK$518', '豪華大床房（零壓床墊+零壓枕）:HK$602', '雅緻親子房:HK$653']"
星程酒店（中衞鼓樓店）,9.4,"['雙床房【全屋智能+定製床墊】:HK$470', '大床房【全屋智能+定製床墊】:HK$499', '高級雙床房【全屋智能+定製床墊】:HK$518', '高級大床房【全屋智能+定製床墊】:HK$537']"
沙漏·時之棲沙漠帳篷觀景民宿,9.8,"['時砂-Morocco大床帳篷（通網+通電+洗臉巾+户外椅）:HK$480', '漏嶼-Morocco雙床帳篷（通網+通電+洗臉巾）:HK$480', '流隙-Morocco親子帳篷（通網+通電+洗臉巾+户外椅）:HK$551', '棲遲-Morocco家庭帳篷（通網+通電+洗臉巾+户外椅）:HK$622']"
禹都樂滋酒店（中衞鼓樓向陽步行街店）,8.8,"['卓美大床房（超大床墊+搓澡巾+乾濕分離）:HK$448', '艾美雙床房（陽光滿屋+搓澡巾+乾濕分離）:HK$481', '瑰麗大床房（室內綠色景觀+靜謐睡眠）:HK$524', '瑰麗親子房（超大床墊+浴缸+親子時光）:HK$679', '艾美親子三人房（陽光滿屋+搓澡巾+乾濕分離）:HK$722']"
中衞泊奧大酒店,9.3,"['臻品大床房:HK$487', '臻品雙床房:HK$487', '泊奧雙床房:HK$771', '泊奧大床房:HK$772', '豪華大床房:HK$970', '豪華雙床房:HK$1,079']"
星賜沙漠露營基地,9.6,"['摩洛哥 | 觀星大床房帳篷（通電+通網+循環熱水）:HK$293', '摩洛哥 | 觀星雙床房帳篷（通電+通網+電熱毯）:HK$326', '摩洛哥 | 觀星家庭房帳篷（通電+通網+循環熱水）:HK$391', '180度觀景沙景大床房（獨立衞浴+空調）:HK$1,081']"
星月傳奇沙漠宿集露營地,8.8,"['月映湖畔·觀景大床帳篷（通電、通網、電熱毯）:HK$369', '星空逐夢·家庭親子帳篷（通電、通網、電熱毯）:HK$369', '星月傳奇·四人觀景帳篷（通電、通網、電熱毯）:HK$376', '沙海觀星.雙床觀景帳篷（通網、通電、電熱毯）:HK$376']"
騰格裏沙漠星星國際露營酒店,9.2,"['大床蓮花帳篷｜通電+網絡覆蓋｜循環熱水:HK$533', '雙床蓮花帳篷｜通電+網絡覆蓋｜循環熱水:HK$533', '親子蓮花帳篷｜通電+網絡覆蓋｜循環熱水:HK$581', '四人蓮花帳篷｜通電+網絡覆蓋｜循環熱水:HK$617']"
中衞凱滙泊爾酒店（鼓樓東街店）,9.4,"['城夢大床房:HK$588', '城夢雙床房:HK$610', '巨幕影音房:HK$726', '城遇景觀大床房:HK$769', '城遇景觀雙床房:HK$835', '城趣時光親子房:HK$1,077']"
中衛沙都酒店（沙坡頭區店）,9.0,"['精選智能標準間:HK$281', '私人影院大床房:HK$317', '悦享·度假家庭房:HK$327', '沙景·智能家庭房（沙漠景觀+小童藤椅+智能幕簾）:HK$434', '沙都三人間:HK$453']"
大漠之城民宿,9.9,"['大漠-星空大床帳篷-通電+通網:HK$501', '大漠-星空雙床帳篷-通電+通網:HK$513', '大漠-星空親子帳篷-通電+通網:HK$601', '大漠之城-野奢180°觀景大床房-空調+獨立衞浴+露台:HK$1,627']"
歸沙集·沙漠觀景民宿,10.0,"['星穹牧野-大床帳篷（通電丨通網丨電熱毯丨户外椅）:HK$495', '沙漏時光-雙床帳篷（通電丨通網丨電熱毯丨户外椅）:HK$495', '歸墟無界-親子帳篷（通電丨通網丨電熱毯丨户外椅）:HK$565', '銀河懸帳-四人帳篷（通電丨通網丨電熱毯丨户外椅）:HK$636']"
印象騰格裏沙漠宿集,9.6,"['貳丨沙影流光大床帳篷【通電丨網+電熱毯+公共衞浴】:HK$466', '壹丨曠野星河雙床帳篷【通電丨網+電熱毯+公共衞浴】:HK$472', '叁丨星辰甜夢親子帳篷【通電丨網+電熱毯+公共衞浴】:HK$557', '肆丨旅行四人雙床帳篷【通電丨網+電熱毯+公共衞浴】:HK$698']"
逸沙星域露營基地,9.6,"['大漠露營·星宿雙床帳篷（帳篷通電）:HK$461', '星域空間·摩洛哥風情親子帳篷（帳篷通電）:HK$530', '星域•小木屋（帶空調）:HK$791', '星夢居.駝鈴帳大床房（獨立衞浴）:HK$1,094']"
文脈湖景酒店（寧夏大學中衞校區店）,9.4,"['臻享特惠房:HK$294', '臻享特惠雙床房:HK$458', '悦居雙棲·臻享雙床房:HK$487', '奢雅大床房:HK$510', '奢雅雙床房:HK$510']"
大漠荒野沙漠觀星民宿,9.5,"['逐月雙床帳篷（24h通電+循環熱水）:HK$510', '追星大床帳篷（24h通電+循環熱水）:HK$510', '挽霞親子帳篷（24h通電+循環熱水）:HK$569', '伴湖四人帳篷（24h通電+循環熱水）:HK$639']"
沙域胡楊之沙漠日記露營地,9.8,"['日記-Moon星空野奢雙床帳篷（通電+通網）:HK$449', '日記-Moon星空野奢四人帳篷（通電+通網）:HK$449', '日記輕奢-LoveMoon漠野沙景雙床房（空調+180°觀景）:HK$1,278', '日記輕奢-LoveMoon漠野沙景親子房（空調+180°觀景）:HK$1,278']"
星星祕境露營基地,8.9,"['望月.蓮花雙床房帳篷（通電）:HK$338', '攬月.蓮花大床房帳篷（通電）:HK$403', '桂月.蓮花親子房帳篷（通電）:HK$458', '森夏.湖畔小木屋（通電+空調）:HK$731']"
中衞市沙中沙藝術酒店（沙坡頭區向陽步行街店）,9.1,"['沙語—星辰戀語單床房:HK$228', '沙汐—沐汐淺夢雙床房:HK$228', '沙影—唯美陽光雙床房:HK$266', '沙戀—暖愛大床房:HK$266']"
順來露營基地,9.7,"['沙海大床帳舍:HK$204', '沙海親子帳舍:HK$240', '漠上雙床穹頂帳篷:HK$416', '沙海雙床帳舍:HK$425']"
沙漠故事觀景酒店,9.6,"['故事 | Kelly雙床帳篷 | 通電+通網+電熱毯:HK$457', '故事 | Kelly親子帳篷 | 通電+通網+電熱毯:HK$483', '故事 | Kelly四人帳篷 | 通電+通網+電熱毯:HK$500', '沙漠故事 | 野奢180°觀景雙床房 | 空調+獨立衞浴:HK$1,432']"
沙漠星星伴旅露營地,9.5,"['伴旅大床房帳篷（公共衞浴）（通電+通網+品質床品）:HK$512', '伴旅親子帳篷（公共衞浴）（通電+通網+品質床品）:HK$566', '伴旅四人房帳篷（公共衞浴）（通電+通網+品質床品）:HK$622', '伴旅温馨小木屋（空調+通電+循環熱水+品質床品）:HK$971']"
星棲沙漠觀景民宿,10.0,"['沙喃-雙床帳篷（通電+公共wifi+舒睡床墊+户外椅）:HK$548', '星漠-大床帳篷（通電+公共wifi+舒睡床墊+户外椅）:HK$551', '棲星-親子帳篷（通電+公共wifi+舒睡床墊+户外椅）:HK$622', '漠光-四人帳篷（通電+公共wifi+舒睡床墊+户外椅）:HK$706']"
漠客·漠途露營地,9.6,"['摩洛哥大床帳篷（公共衞浴）:HK$598', '摩洛哥雙床帳篷（公共衞浴）:HK$687', '摩洛哥親子帳篷（公共衞浴）:HK$696', '家庭小木屋（公共衞浴）:HK$1,067']"
一嶼星河沙漠露營民宿,9.4,"['民族風摩洛哥星空帳篷（帳篷通電）:HK$268', '一嶼星河沙漠雙床房:HK$1,452', '一嶼星河沙漠大床房:HK$1,452', '一嶼星河沙漠親子房:HK$1,605']"
第八號星宿觀景民宿,9.0,"['駝影-雙床帳篷（通電丨通網丨户外椅丨洗浴套裝）:HK$480', '棲漠-大床帳篷（通電丨通網丨户外椅丨洗浴套裝）:HK$480', '沙珀-親子帳篷（通電丨通網丨户外椅丨洗浴套裝）:HK$551', '絲路遺夢-木屋大床房（通電丨舒睡床墊丨私享空調）:HK$989']"
Desert漠野星圖沙漠度假營地,10.0,"['Star·風情帳篷雙床房（露天觀星＋沙漠露營）:HK$372', 'Star·綺夢帳篷親子間（露天觀星＋沙漠露營）:HK$422', 'Star·歡聚帳篷4人間（露天觀星＋沙漠露營）:HK$558', '星圖·銀河沙景雙床房（浪漫觀星＋獨立衞浴）:HK$1,489']"
中衞風情園民宿,7.7,"['臨波·水上露台大床房（落地窗+露台美景+安穩睡眠）:HK$222', '湖光酌·星空露台雙床房（落地窗+露台美景+安穩睡眠）:HK$236', '年輪·時光別墅榻榻米（落地窗+草地花田+户外樂園）:HK$596']"
