酒店名称,评分,房型价格列表
月兒灣商務酒店,9.8,"['惠享標準間:HK$221', '標準間:HK$252', '温馨大床房:HK$277', '輕奢商務房:HK$303']"
君豪温德姆酒店,9.0,"['豪華大床房|城市夜景＋舒適床品:HK$620', '豪華雙床房|城市夜景＋舒適床品:HK$620', '豪華套房|城市夜景＋舒適床品:HK$730', '豪華家庭套房|城市夜景＋舒適床品:HK$751', '童趣親子豪華單間|城市夜景＋舒適床品:HK$762', '童趣親子豪華標間|城市夜景＋舒適床品:HK$762']"
五家渠西域文旅酒店,7.9,"['特惠雙床房:HK$221', '特惠大床房:HK$230', '商務雙床房:HK$249', '商務大床房:HK$267']"
延年酒店,9.6,"['標準雙人間:HK$121', '大床房:HK$145']"
五家渠旭升主題賓館,8.9,"['優選大床房:HK$143', '小標準間:HK$162', '浪漫主題房:HK$162', '豪華標準間:HK$164']"
喜居商務酒店,9.7,[]
昌吉華東·容錦國際酒店,9.0,"['韓式榻榻米大床房|獨享大空間+城景＋優質床品:HK$286', '舒適大床房|獨享大空間+城景＋優質床品:HK$335', '舒適雙床房|獨享大空間+城景＋優質床品:HK$350', '温馨親子家庭房:HK$436', '零壓行政雙床房|獨享大空間+城景＋優質床品:HK$451']"
如家精選酒店（昌吉海棠天街饢文化美食街店）,9.6,"['商務大床房（可投屏）:HK$323', '雙床房（65寸液晶電視+舒適躺椅+辦公區域）:HK$332', '高級大床房（休閑辦公區＋優質床品+雙人沙發）:HK$349', '高級雙床房（安靜睡眠+休閑辦公區+舒適躺椅）:HK$349']"
昌吉希爾頓歡朋酒店,9.6,"['舒適大床房:HK$680', '舒適雙床房:HK$680', '高級大床房:HK$709', '高級雙床房:HK$709', '豪華大床房:HK$757']"
錦江之星品尚（昌吉行政中心店）,8.8,"['高級雙床房:HK$225', '高級大床房:HK$225', '高級零壓雙床房:HK$248', '高級零壓大床房:HK$248']"
昌吉園林賓館（東方廣場店）,9.7,"['逸林園景大床房（全套零壓床品+品質衞浴+精緻洗護用品）:HK$524', '逸林園景雙床房（全套舒適床品+精緻洗護用品）:HK$545', '零壓行政大床房（全套零壓床品+品質衞浴+房間加濕器）:HK$552', '海棠高級浴缸大床房（零壓床品+高級浴缸+房間加濕器）:HK$566', '豪華景觀浴缸大床房（零壓床品+豪華浴缸+房間加濕器）:HK$588']"
星程酒店（昌吉中山路滙嘉時代店）,9.4,"['雙床房:HK$387', '大床房:HK$406', '豪華大床房:HK$435', '豪華雙床房:HK$453']"
昌吉華怡酒店（婦幼保健院中山商務廣場店）,9.5,"['尊享大床房|零壓床墊+舒適床品:HK$327', '豪華大床房|零壓床墊+小冰箱:HK$348', '尊享雙床房|零壓床墊+舒適床品:HK$377', '豪華雙床房|零壓床墊+小冰箱:HK$396', '豪華套房|零壓床墊+會客廳+小冰箱+浪漫浴缸:HK$431']"
瑞吉酒店（昌吉華洋廣場店）,9.4,"['瑞悦大床房丨智能客控+零壓床品:HK$323', '瑞致大床房丨智能客控+零壓床品+靜謐空間:HK$353', '瑞選雙床房丨智能客控+零壓床品:HK$390', '瑞思尊享雙床房丨智能客控+洗衣機+小冰箱:HK$443', '瑞享三人間丨智能客控+洗衣機+小冰箱:HK$481']"
昌吉富友國際酒店,9.1,"['豪華單間（靜謐空間+零壓床墊+智能客控）:HK$321', '套房（獨享大空間+零壓床墊+優質床品）:HK$383']"
昌吉萬博學府亞朵酒店,9.6,"['雅緻大床房（投屏+無線充+空氣凈化器+智能窗簾）:HK$528', '高級大床房 （手機投屏+無線桌充+空氣凈化器+體重秤）:HK$592', '高級雙床房（手機投屏+無線桌充+空氣凈化器+體重秤）:HK$592', '行政大床房（迷你小冰箱 +65寸高清投屏+空氣凈化器）:HK$619', '行政雙床房（迷你小冰箱 +65寸高清投屏+空氣凈化器）:HK$619']"
昌吉凱森酒店,9.2,"['高級雙床房:HK$610', '豪華雙床房:HK$647', '豪華大床房:HK$703', '高級大床房:HK$703', '影院房:HK$759', '行政豪華套間:HK$1,196']"
昌吉玖盛博達酒店,9.0,"['商務標準間:HK$346', '尊享標準間:HK$369', '尊享單人間:HK$369', '商務三人間:HK$444']"
昌吉凱森雲尚酒店,9.2,"['商務雙床房:HK$281', '商務大床房:HK$281', '行政標準間:HK$327']"
昌吉鑫悦酒店,9.4,['豪華套房:HK$406']
維也納酒店（米東區政府中醫院店）,9.4,"['大床房:HK$341', '高級大床房:HK$360', '豪華大床房:HK$379', '豪華雙床房:HK$389']"
昌吉長悦精品賓館,8.8,"['悦享情侶大床房（瓶裝水）:HK$156', '悦享特價大床房（瓶裝水）:HK$156', '悦享商務雙床:HK$175', '奢享雙床房（瓶裝水）:HK$267']"
昌吉容錦酒店公寓,9.3,"['豪華雙床套房:HK$264', '豪華大床套房:HK$264', '兩室一廳家庭套房:HK$445']"
昌吉陌麼·逸尚精品酒店,8.2,"['品逸臻品圓床房:HK$260', '復古臻品大床房:HK$261', '漫步影院大床房:HK$271', '復古臻品雙床房:HK$315']"
昌吉鴻都國際酒店,9.4,"['高級雙床房（安睡香薰+城中景觀）:HK$352', '高級大床房（安睡香薰+城市景觀）:HK$377', '豪華雙床房（安睡香薰+浪漫浴缸）:HK$473', '豪華大床房|城市景觀:HK$502', '尊享雙床房（助眠床墊+會客區）:HK$618']"
昌吉東昇鴻福大飯店,9.1,"['豪華大床房:HK$392', '豪華雙人間:HK$399', '行政雙床房:HK$437', '行政大床房:HK$437']"
維也納酒店（烏魯木齊新華凌店）,9.2,"['高級大床房:HK$372', '高級雙床房:HK$391', '豪華雙床房:HK$409', '豪華大床房:HK$438']"
桔子酒店（烏魯木齊喀什東路通嘉國際港店）,9.9,"['大床房:HK$407', '高級大床房:HK$424', '商務大床房:HK$441', '套房:HK$467']"
昌吉市花兒清舍酒店（北京南路農商銀行大廈店）,9.2,"['普通大床房（智能客控）:HK$220', '普通標間（智能客控）:HK$228', '景觀大床房:HK$274', '商務標間（智能客控）:HK$289']"
烏魯木齊順天精品酒店,9.2,"['普通標準間:HK$159', '精緻雙床房:HK$171', '豪華雙床房:HK$194', '精緻大床房:HK$208']"
昌吉海大酒店,9.0,"['温馨親子房:HK$506', '高級雙床房:HK$543', '行政雙床房:HK$543', '高級大床房:HK$583', '行政大床房:HK$583']"
麗婭酒店（烏魯木齊天山國際機場店）,8.8,"['內景大床房:HK$360', '商務大床房:HK$390', '豪華雙床房:HK$451', '豪華大床房:HK$473']"
烏魯木齊宇航酒店（天山國際機場店）,9.2,"['特價大床房（舒睡好眠+潔靜安心）:HK$301', '特價雙床房（舒睡好眠+潔靜安心）:HK$318', '商務大床房（舒睡好眠+潔靜安心）:HK$334', '商務雙床房（舒睡好眠+潔靜安心）:HK$351']"
昌吉樂途雲酒店,9.0,"['歡樂經典雙床房:HK$559', '樂享巨幕觀影房:HK$559', '樂享舒適大床房:HK$574', '快樂陽光親子房:HK$610']"
維也納國際酒店（烏魯木齊迎賓路天山國際機場店）,9.4,"['標準大床房:HK$489', '浪漫大床房:HK$500', '豪華大床房:HK$511', '影院大床房（巨幕投影+觀影體驗好）:HK$522']"
IU酒店（烏魯木齊機場店）,8.6,"['小U温馨單間:HK$241', '小U温馨榻榻米房:HK$255', '小U精緻大床房:HK$262', '小U舒適大床房:HK$319']"
如家UP華驛精選酒店（烏魯木齊市第101中學）,8.7,"['滾來滾去內景大床房（全屋智控+高清投影+零壓床墊）:HK$167', '悠美巨幕影院大床房（全屋智控+高清投影+零壓床墊）:HK$183', '悠美巨幕影院雙床房（全屋智控+高清投影+零壓床墊）:HK$183', '巨幕高級雙床房（全屋智控+高清投影+零壓床墊）:HK$198']"
陌上輕居酒店（烏魯木齊米東店）,9.5,"['風韻大床房（親膚浴袍+智能馬桶）:HK$390', '品學大床房（智能小度+倚窗品茶）:HK$421', '品學雙床房（智能小度+倚窗品茶）:HK$432', '影音大床房（愜意觀影+私享時光）:HK$442']"
烏魯木齊崑崙喬戈裏酒店（米東吾悅廣場店）,9.5,"['純享·雅緻雙床房:HK$445', '甄享·逸緻大床房:HK$472', '甄享·逸緻雙床房:HK$498', '樂享·浪漫圓床房:HK$525', '尊享·行政雙床套房:HK$565']"
錦江之星品尚（烏魯木齊米東大道店）,9.3,"['商務標準房A:HK$251', '商務房A:HK$261', '精選商務房B:HK$286', '精選商務房A:HK$303']"
全季酒店（烏魯木齊天山國際機場空港店）,9.5,"['高級暖心大床房:HK$603', '舒壓躺平大床房:HK$663', '高級舒心雙床房:HK$703', '舒壓躺平舒心雙床房:HK$773']"
麗程酒店（烏魯木齊地窩堡國際機場店）,8.4,"['精緻大床房:HK$286', '舒適大床房:HK$294', '舒適雙床房:HK$350', '高級雙床房:HK$358']"
如家華驛酒店（烏魯木齊米東101中學店）,8.4,"['全新商務大床房超大窗（全屋智控+零壓床墊）:HK$184', '全新雙床房超大窗（全屋智控+零壓床墊）:HK$184', '影院大床房超大窗（全屋智控+高清投影+零壓床墊）:HK$198', '影院雙床房超大窗（全屋智控+高清投影+零壓床墊）:HK$198']"
7天酒店（烏魯木齊喀什東路職業大學文光校區店）,8.9,"['經濟房:HK$145', '自主大床房:HK$161', '自主雙床房:HK$177', '精選雙床房:HK$218']"
全季酒店（烏魯木齊米東店）,9.7,"['高級大床房（金可兒床墊+功夫茶台+加濕器+恆温馬桶）:HK$365', '高級雙床房（金可兒床墊+功夫茶台+加濕器+恆温馬桶）:HK$383', '商務大床房（金可兒床墊+乳膠枕+恆温馬桶）:HK$402', '家庭房（金可兒床墊+功夫茶台+加濕器+恆温馬桶）:HK$458']"
再回樓酒店（特變陽光綠景店）,9.7,"['高級投影大床房【全屋智能+零壓床墊枕頭】:HK$294', '高級雙床房【全屋智能+零壓床墊枕頭】:HK$305', '商務雙床房【全屋智能+零壓床墊枕頭】:HK$327', '商務投影大床房【全屋智能+零壓床墊枕頭】:HK$327']"
絲路彼岸精品酒店（機場新天潤羅馬天街店）,9.0,"['輕選單人間·孤勇者庇護所|蝸居安全感|陽光灑窗台:HK$311', '悦居大床房·靜謐商旅|記憶棉頸枕｜網速流暢:HK$344', '悦居雙床房·商務辦公｜獨享網速｜記憶棉頸枕:HK$352', '深眠零壓大床房·守護腰頸背|藍盒睡眠艙|熟睡很安逸:HK$369']"
星程酒店（烏魯木齊米東店）,9.8,"['高級雙床房（金可兒床墊+電視投屏）:HK$337', '高級大床房（金可兒床墊+電視投屏）:HK$346', '豪華雙床房（金可兒床墊+電視投屏）:HK$355', '豪華大床房（金可兒床墊+電視投屏）:HK$365']"
如家睿柏雲酒店（烏魯木齊米東區九龍店）,8.3,"['大床房:HK$142', '雙床房:HK$193', '商務大床房:HK$201', '高級大床房:HK$226']"
茂悦酒店（烏魯木齊米東店）,9.4,"['庭悦大床房丨深度睡眠+躺平自愈+舒適靜謐:HK$359', '歡悦豪華雙床房丨深度睡眠+躺平自愈+舒適靜謐:HK$398', '庭悦豪華大床房丨深度睡眠+躺平自愈+舒適靜謐:HK$464', '茂悦親子間丨深度睡眠+躺平自愈+舒適靜謐:HK$514']"
