酒店名称,评分,房型价格列表
伊春森林院子民宿,9.7,"['心遠房:HK$632', '綠肥:HK$911', '山抹微雲套房:HK$1,747', '一兩風居（整棟）:HK$2,137']"
伊春四合院民宿,9.1,"['標準雙人房:HK$446', '吉祥如意雙床房:HK$539', '四喜同來雙床房:HK$632', '舒適三人間:HK$632']"
漢庭酒店（伊春卓悦萬象城北山公園店）,9.6,"['高級大床房:HK$665', '雙床房:HK$777', '套房:HK$898']"
伊美區山水之間精品民宿（二中店）,9.8,"['精品大床房:HK$469', '高級大床房:HK$513', '舒適家庭房:HK$546']"
伊春天華宏都賓館,8.8,"['舒適大床房:HK$402', '雅緻雙床房:HK$525', '雅緻大床房:HK$525', '豪華商務標準房:HK$610', '家庭套房:HK$868']"
伊春天華御景商務酒店,8.7,"['舒適大床房:HK$444', '御景商務雙床房:HK$628', '御景商務大床房:HK$628']"
棲木隱生態度假酒店,10.0,"['紅松閣|大床房（森林氧吧+親近自然+獨棟木屋）:HK$1,165', '紅松閣|雙床房（森林氧吧+親近自然+獨棟木屋）:HK$1,283']"
伊春柏雅小居民宿,9.1,"['【松濤閣】獨門宅院:HK$911', '【柏雅小居】獨門大院兩套房:HK$1,468']"
伊春超星賓館,9.2,"['標準間:HK$426', '豪華大床房:HK$528', '套房家庭四人間:HK$704', '套房麻將房六人間:HK$1,039']"
伊春悦南山度假酒店,9.2,"['素·悦林清風大床房【全屋地暖|休閑座椅|深睡床枕】:HK$644', '雅·智能零壓雙床房【全屋地暖|休閑座椅|深睡床枕|智能馬桶|恆温花灑】:HK$720', '臻·睿選行政雙床房【全屋地暖|休閑座椅|深睡床枕|智能馬桶|恆温花灑】:HK$797']"
伊春順風農家院,9.7,"['舒適大床房:HK$206', '商務大床房:HK$315', '標準雙床房:HK$391', '舒適家庭房:HK$391']"
青庭別院,9.4,"['1號獨棟木屋精選家庭房:HK$682', '2號獨棟木屋温馨家庭房:HK$772', '3號獨棟木屋園景家庭房:HK$773', '5號獨棟木屋陽光雙床房:HK$773']"
知己智能賓館,9.6,"['陸順｜舒適雙床房:HK$379', '柒祥｜舒適雙床房（半地下）:HK$379', '壹和｜舒適大床房:HK$416', '叁吉｜舒適大床房:HK$416']"
伊春同閲酒店,8.9,"['普通標間:HK$558', '榻榻米房:HK$564', '商務標間:HK$593', '商務大床:HK$593', '行政套房:HK$1,355']"
伊春滙鑫賓館（金祖峯景區店）,10.0,"['特價房:HK$370', '豪華大床房（全屋智控｜55寸投屏｜智能馬桶）:HK$435', '豪華雙床房（全屋智控｜55寸投屏｜獨立衞浴乾濕分離）:HK$463', '豪華套房（全屋智控｜3米觀景窗｜智能馬桶）:HK$842']"
雨霖伴山酒店（水上公園店）,9.5,"['伴山丨舒適雙床房（無聲智控＋零壓睡眠）:HK$696', '伴山丨舒適大床房（無聲智控＋零壓睡眠）:HK$702', '伴山丨高級大床房（山景視野＋靜謐悠然）:HK$724', '伴山丨高級雙床房（山景視野＋靜謐悠然）:HK$724']"
咖啡七月客棧,9.1,"['7July-温馨家庭房:HK$1,056', '7July-豪華家庭房:HK$1,056', '7July-雅緻大床房:HK$1,057', '7July-輕奢大床房:HK$1,057']"
依山小院,9.1,"['特價大床房（無空調）:HK$242', '標準雙床房:HK$332', '標準大床房:HK$386', '舒適雙床房:HK$386']"
伊春松林裏客棧,9.4,"['Zenscape・禪棲地台大床房（零壓床墊 + 記憶枕）:HK$703', 'AeroNimbus・雲棲輕眠大床房（零壓床墊+記憶枕）:HK$761', 'CozyLink・聯榻地台雙床房（零壓床墊+記憶枕）:HK$879', 'HomyNest・和悦棲庭家庭房（零壓床墊+記憶枕）:HK$925']"
寶宇龍花温泉酒店,7.4,"['龍花温泉豪華大床房（無窗）:HK$827', 'D區森林康養平層家庭別墅:HK$955', '主樓豪華標準間:HK$984', '主樓豪華大床房:HK$984', '森林豪華大床房:HK$984']"
伊春嘉山秀水精品酒店,9.0,"['雅緻輕奢大床房（55寸超清觀影+乾濕分離+熟睡好夢）:HK$623', '雅緻輕奢雙床房（55寸超清觀影+乾濕分離+品牌床品）:HK$655', '麗致美居大床房（55寸超清觀影+乾濕分離+品牌床品）:HK$690', '麗致美居雙床房（55寸超清觀影+乾濕分離+品牌床品）:HK$697']"
伊春城茂國錦酒店,9.2,"['清雅雙床房:HK$639', '清雅大床房:HK$658', '尊享商務山景套房:HK$1,950', '尊享豪華山景套房:HK$2,173']"
伊春鼎鑫商務賓館（萬象城店）,9.2,"['特惠標準間:HK$377', '標準間:HK$411', '大床房:HK$411', '豪華大床房:HK$489']"
山居樂園民宿,8.9,"['觀星苑:HK$645', '清淺閣:HK$645', '紫霞居:HK$1,281', '香間花雨:HK$1,569']"
伊春悅雲居民宿小院（伊春站南山公園店）,9.5,"['雲居雙人房:HK$283', '悦居家庭房:HK$405', '南郡電梯空調房:HK$444', '馨悦雙床帶廚房:HK$566']"
頤美酒店（伊春夜市林業學校店）,9.2,"['高級雙床房（智能客控+ 投屏65寸大電視+智能馬桶 ）:HK$612', '豪華大床房-零壓床墊記憶枕+投屏65寸大電視+智能馬桶:HK$734', '麻將大床房（智能客控+ 投屏65寸大電視+智能馬桶 ）:HK$979', '豪華雙床房-零壓床墊記憶枕+投屏65寸大電視+智能馬桶:HK$1,101']"
伊春新謙酒店,8.7,"['靜謐雙床房（全屋智能）:HK$929', '靜謐大床房（全屋智能）:HK$929', '觀山大床房（全屋智能）:HK$1,039', '觀山雙床房（全屋智能）:HK$1,039', '觀山家庭房（全屋智能）:HK$1,607']"
伊春荷沐快捷旅館,9.3,"['經濟大床房（公共衞浴）:HK$392', '優選大床房【獨立衞浴+空調】:HK$411', '舒適大床房:HK$411', '雅緻標準雙床房:HK$431']"
伊春鑫水灣商務酒店（金祖峯景區店）,8.5,"['標準雙床房:HK$433', '標準大床房:HK$433', '温馨家庭房:HK$554', '商務小套房:HK$654']"
山間日記客棧,9.4,"['標準雙床房:HK$366', '豪華大床房:HK$525', '家庭房:HK$649']"
伊春楓雅酒店（卓悅0458街區店）,8.6,"['舒適雙床房:HK$732', '經典大床房:HK$732', '商務雙床房:HK$825', '温馨家庭親子房:HK$1,197']"
愛米智家公寓,9.6,"['樺韻503藍色電動大床房:HK$178', '馨園102水墨蘭亭大床房:HK$178', '馨園403粉黛佳人大床房:HK$178', '馨園103橙黃橘綠大床房:HK$178']"
伊春華言精品酒店,8.6,"['舒適雙床房:HK$386', '舒適大床房:HK$411', '家庭房:HK$489', '豪華套房:HK$1,029']"
伊春新昊商務酒店,8.0,"['特價標間:HK$332', '特價標準間:HK$332', '松韻標間:HK$602', '松韻大床:HK$602', '尊享商務標間:HK$731']"
伊春嶺尚欲雪民宿,8.7,"['平層家庭雙床房:HK$1,116', 'LOFT歐式旋轉樓梯家庭大床房小童超喜歡帳篷式觀景:HK$1,267']"
興安•朝陽里民宿,9.5,"['舒適榻榻米房:HK$385', '精緻雙人間:HK$476', '温馨家庭房:HK$602']"
伊春御濠商務酒店,8.6,"['悦享雙床房（慕斯床墊，智能客控）:HK$656', '悦享大床房（智能客控，慕斯床墊）:HK$733', '舒適雙床房（智能客控，慕斯床墊，院內停車）:HK$743', '舒適大床房（智能客控，慕斯床墊）:HK$765', '精選大床房（智能客控，慕斯床墊）:HK$783']"
伊春南山百悦莊,7.9,"['豪華露營帳篷:HK$368', '舒適標準間:HK$496', '商務套房:HK$496', '家庭房:HK$752']"
亦晨民宿,9.9,['舒適家庭套房:HK$212']
伊春半山觀景精品客棧,8.9,"['特價大床房（無窗）:HK$546', '大床（一）:HK$639', '觀景標準間:HK$751', '觀景大床房:HK$751']"
伊嘉民宿,9.9,['複式loft投影家庭房:HK$719']
泡泡屋民宿,8.3,"['星空屋:HK$971', '太空艙1:HK$971']"
山水間民宿,9.5,"['標準雙床房:HK$578', '踏踏米房:HK$578', '家庭房:HK$869']"
伊春大象日租公寓（雅郡小區店）,9.2,"['一樓家庭房:HK$1,476']"
同·精品酒店,9.3,"['215商務標間:HK$492', '217舒適家庭房:HK$492', '216商務標間:HK$492']"
伊春紅美旗快捷賓館,9.0,"['舒適大床房:HK$326', '標間:HK$326', '家庭房三人間:HK$435', '家庭四人間:HK$544']"
伊春回龍灣職工療休養中心,8.0,"['豪華家庭房:HK$1,143', '標準雙人間:HK$1,325', '商務套房:HK$1,527', '行政套房:HK$1,999', '總統套房:HK$15,291']"
伊春豐林賓館,8.7,"['標準雙人間:HK$212', '豪華大床房:HK$239', '家庭房:HK$289']"
伊春漫途賓館（伊春夜市店）,8.0,"['特惠雙床房:HK$473', '特惠大床房:HK$473', '精緻大床房:HK$570', '精緻雙床房:HK$570']"
伊春冰暉客棧,8.8,"['特色大床房:HK$547', '經典大床房:HK$547', '經典雙床房:HK$547', '陽光大床房:HK$687']"
