酒店名称,评分,房型价格列表
伊春超星賓館,9.2,"['標準間:HK$425', '豪華大床房:HK$528', '套房家庭四人間:HK$704', '套房麻將房六人間:HK$1,038']"
依山小院,9.0,"['特價大床房（無空調）:HK$242', '標準雙床房:HK$332', '標準大床房:HK$386', '舒適雙床房:HK$386']"
伊春凱理亞森大酒店,9.6,"['上春山豪華大床房[全屋智能+慕思床墊+靜享空間]:HK$731', '望青楓豪華雙床房[全屋智能+慕思床墊+靜享空間]:HK$731', '寵杏禮大床房（親膚一次性四件套）:HK$763', '雲染繁星·行政房（智能客控+酒店公區自助洗衣）:HK$940', '辭憂璞引（舒適深眠+枕頭套+智能客控+靜享空間）:HK$1,299']"
漢庭酒店（伊春卓悦萬象城北山公園店）,9.5,"['高級大床房:HK$665', '雙床房:HK$776', '家庭房:HK$832', '套房:HK$898']"
知己智能賓館,9.6,"['陸順｜舒適雙床房:HK$360', '柒祥｜舒適雙床房（半地下）:HK$360', '壹和｜舒適大床房:HK$398', '叁吉｜舒適大床房:HK$398']"
山間日記客棧,9.4,"['標準雙床房:HK$365', '豪華大床房:HK$525', '家庭房:HK$648']"
伊春天華宏都賓館,8.8,"['舒適大床房:HK$468', '雅緻雙床房:HK$525', '雅緻大床房:HK$525', '豪華商務標準房:HK$610', '家庭套房:HK$797']"
伊春新昊商務酒店,8.0,"['特價標間:HK$332', '特價標準間:HK$332', '松韻標間:HK$602', '松韻大床:HK$602', '尊享商務標間:HK$731']"
派·酒店（伊春青山大街店）,8.2,"['特惠大床房（無窗）:HK$366', '商務大床房:HK$411', '商務標準間:HK$424', '商務三人間丨山景:HK$579']"
漫庭酒店（興安國家森林公園店）,9.9,"['大床房:HK$588', '標準雙床房:HK$598', '舒適雙床房:HK$601', '麻將大床房:HK$614']"
伊春華言精品酒店,8.6,"['舒適大床房:HK$373', '舒適雙床房:HK$386', '家庭房:HK$411', '豪華套房:HK$1,028']"
伊春荷沐快捷旅館,9.3,"['經濟大床房（公共衞浴）:HK$391', '優選大床房【獨立衞浴+空調】:HK$411', '舒適大床房:HK$411', '雅緻標準雙床房:HK$431']"
青庭別院,9.4,"['1號獨棟木屋精選家庭房:HK$682', '2號獨棟木屋温馨家庭房:HK$771', '3號獨棟木屋園景家庭房:HK$773', '5號獨棟木屋陽光雙床房:HK$773']"
伊春紅美旗快捷賓館,9.0,"['舒適大床房:HK$326', '標間:HK$326', '家庭房三人間:HK$435', '家庭四人間:HK$544']"
伊美區山水之間精品民宿（二中店）,9.8,"['精品大床房:HK$458', '精品雙床房:HK$458', '舒適家庭房:HK$523']"
悦來民宿,9.5,['兩室一廳:HK$283']
伊春四合院民宿,9.1,"['標準雙人房:HK$446', '吉祥如意雙床房:HK$539', '四喜同來雙床房:HK$632', '舒適三人間:HK$632']"
雨霖伴山酒店（水上公園店）,9.4,"['伴山丨舒適雙床房（無聲智控＋零壓睡眠）:HK$660', '伴山丨舒適大床房（無聲智控＋零壓睡眠）:HK$666', '伴山丨高級大床房（山景視野＋靜謐悠然）:HK$686', '伴山丨高級雙床房（山景視野＋靜謐悠然）:HK$686']"
伊春同閲酒店,8.9,"['普通標間:HK$557', '榻榻米房:HK$564', '商務標間:HK$593', '商務大床:HK$593', '行政套房:HK$1,354']"
伊春順風農家院,9.7,"['舒適大床房:HK$205', '商務大床房:HK$315', '標準雙床房:HK$391', '舒適家庭房:HK$391']"
伊春馨家凡舍,9.6,"['馨源五福親子房:HK$140', '樺山韻水麻將雙床房:HK$151', '恭喜發財大床房:HK$151', '新建雙床空調房:HK$174']"
向雲端民宿,9.5,"['友好温馨大床房:HK$163', '秀水12温馨大床房:HK$240', '玉達37温馨大床房:HK$267', '温馨大床房廣廈:HK$268']"
海川賓館,9.1,['標準大床房:HK$243']
伊春鼎鑫商務賓館,9.3,"['特惠標準間:HK$376', '標準間:HK$411', '大床房:HK$411', '豪華大床房:HK$489']"
伊春悅雲居民宿小院（伊春站南山公園店）,9.5,"['雲居雙人房:HK$283', '悦居家庭房:HK$404', '南郡電梯空調房:HK$444', '馨悦雙床帶廚房:HK$566']"
伊春雅月賓館,7.9,"['簡選大床房:HK$110', '優選雙床房:HK$111', '優選大床房:HK$277', '甄選雙床房:HK$398']"
有嘉賓館,8.9,"['經濟標間:HK$205', '普通標間:HK$238', '大床房:HK$315', '舒適家庭房:HK$326']"
伊春鑫水灣商務酒店（金祖峯景區店）,8.5,"['標準雙床房:HK$433', '標準大床房:HK$433', '温馨家庭房:HK$554', '商務小套房:HK$653']"
御庭商務賓館,9.2,"['舒適標間:HK$140', '舒適大床房:HK$140', '豪華大床房:HK$151', '豪華雙床房:HK$191']"
頤美酒店（伊春林業學校市中心醫院店）,9.2,"['高級雙床房（智能客控+ 投屏65寸大電視+智能馬桶 ）:HK$727', '豪華大床房-零壓床墊記憶枕+投屏65寸大電視+智能馬桶:HK$849', '麻將大床房（智能客控+ 投屏65寸大電視+智能馬桶 ）:HK$1,033', '豪華雙床房-零壓床墊記憶枕+投屏65寸大電視+智能馬桶:HK$1,217']"
伊春城茂國錦酒店,9.2,"['清雅雙床房:HK$639', '清雅大床房:HK$658', '尊享商務山景套房:HK$1,949', '尊享豪華山景套房:HK$2,172']"
伊春麗舍賓館,9.1,"['舒適大床房:HK$315', '標準大床房:HK$358', '標準雙床房:HK$358', '家庭房:HK$402']"
伊春嘉山秀水精品酒店,9.0,"['雅緻輕奢雙床房（55寸超清觀影+乾濕分離+品牌床品）:HK$689', '麗致美居大床房（55寸超清觀影+乾濕分離+品牌床品）:HK$732', '麗致美居雙床房（55寸超清觀影+乾濕分離+品牌床品）:HK$743', '雅緻輕奢大床房（55寸超清觀影+乾濕分離+熟睡好夢）:HK$752']"
天府賓館（伊春林都木雕園店）,8.3,"['特價房:HK$379', '特惠房:HK$379', '舒適大床房:HK$398', '豪華大床房:HK$398']"
伊春向日葵賓館,8.0,"['精緻大床房:HK$399', '精緻雙床房:HK$399', '精緻套房:HK$743', '精緻娛樂房:HK$743']"
咖啡七月客棧,9.1,"['7July-温馨家庭房:HK$1,055', '7July-豪華家庭房:HK$1,055', '7July-雅緻大床房:HK$1,056', '7July-輕奢大床房:HK$1,056']"
青年公寓（伊春鳳凰水岸店）,8.1,"['13温馨·一室一廳套房:HK$138', '151清新·投影大床房:HK$138']"
伊春新謙酒店,8.7,"['靜謐大床房（全屋智能）:HK$929', '觀山大床房（全屋智能）:HK$1,038', '觀山雙床房（全屋智能）:HK$1,038', '觀山家庭房（全屋智能）:HK$1,606', '西式總統套房（全屋智能）:HK$2,500']"
伊春7號賓館,9.1,"['標準間:HK$328', '大床房:HK$328', '家庭房:HK$473', '商務套房:HK$612']"
伊春新馨時尚旅館,9.9,"['雙床房106:HK$219', '標準間205:HK$219', '標準三人間108:HK$240', '兩床三人間209208:HK$262']"
伊春鼎麒賓館（伊春職業學院店）,8.9,"['榻榻米房:HK$326', '大床房:HK$402', '標準間:HK$402', '複式標間:HK$511']"
伊春松林裏客棧,9.4,"['Zenscape・禪棲地台大床房（零壓床墊 + 記憶枕）:HK$703', '尊享零壓智慧大床房（懸浮床）:HK$761', '尊享零壓智能雙床房（零壓床墊）:HK$878', '尊享零壓高級智慧家庭房（零壓床墊）:HK$925']"
棲木隱生態度假酒店,10.0,"['紅松閣|大床房（森林氧吧+親近自然+獨棟木屋）:HK$1,533', '紅松閣|雙床房（森林氧吧+親近自然+獨棟木屋）:HK$1,651']"
伊春大森林賓館,9.7,"['標準大床房:HK$173', '標準雙床房:HK$173', '豪華大床房:HK$173']"
青年公寓（伊春雅郡小區店）,8.4,"['52温馨·一室一廳套房:HK$121', '53清新·一室一廳套房:HK$121', '242潔雅·兩室大床房:HK$199']"
伊春森林院子民宿,9.7,"['尋花房:HK$594', '心遠房:HK$594', '山抹微雲+曉色雲開雙房:HK$632', '花困蓬瀛+春隨人意雙房:HK$632']"
伊春特六快捷賓館,9.2,"['現代簡約大床房:HK$149', '標準雙人間:HK$181', '標準大床房:HK$203', '休閑商務房:HK$214']"
伊春柏雅小居民宿,9.1,"['【柏雅小居】獨門大院兩套房:HK$1,468']"
伊美區波姐民宿,9.6,"['高級大床房:HK$293', '豪華家庭套房:HK$422']"
伊春南山百悦莊,7.9,"['豪華露營帳篷:HK$368', '舒適標準間:HK$496', '商務套房:HK$496', '家庭房:HK$751']"
