酒店名称,评分,房型价格列表
麗怡酒店（佛山祖廟地鐵站嶺南新天地店）,9.4,"['標準大床房【深度好眠床墊+全棉貢緞織造床品+智能家居】:HK$332', '標準雙床房【深度好眠床墊+全棉貢緞織造床品+智能家居】:HK$340', '影音大床房【高清投影+環繞立體音效+席夢思甜夢床】:HK$349', '高級大床房【超大空間+席夢思甜夢床+智能家居】:HK$349', '高級雙床房【超大空間+深度好眠床墊+智能家居】:HK$365']"
維納斯皇家酒店（佛山魁奇路地鐵站創意產業園店）,9.4,"['影音大床房（沉浸式觀影+巨幕投屏+環繞立體音效）:HK$353', '豪華大床房（智能客控+高空璀璨城景+霧化玻璃+功夫茶具）:HK$394', '豪華雙床房（智能客控+高空璀璨城景+霧化玻璃）:HK$394', '行政大床房（高空璀璨城景+智能語音+65寸智能電視+功夫茶具）:HK$414', '行政雙床房（超大空間+智能語音+高空璀璨城景）:HK$414']"
佛山柏頓宜居酒店（三水樂薈城廣場店）,9.9,"['雅緻雙床房（全景大玻璃窗+抗菌防蟎親膚布草）:HK$250', '商務雙床房（全景大玻璃窗+抗菌防蟎親膚布草）:HK$250', '雅緻大床房（全景大玻璃窗+抗菌防蟎親膚布草）:HK$262', '商務大床房（全景大玻璃窗+抗菌防蟎親膚布草）:HK$262']"
佛山祖廟嶺南天地亞朵酒店,9.6,"['雅緻清氧大床房（深睡床品+空氣凈化器+投屏電視）:HK$528', '雅緻清氧雙床房（深睡床品+空氣凈化器+投屏電視）:HK$528', '高級大床房（深睡床墊、枕頭+裸棉床品+投屏電視）:HK$556', '行政大床房（深睡床墊、枕頭+裸棉床品+投屏電視）:HK$592', '高級家庭房（深睡床墊、枕頭+裸棉床品+投屏電視）:HK$592']"
佛山南海金鉑中心希岸Deluxe酒店,9.6,"['Deluxe高級大床房:HK$360', 'Deluxe豪華大床房:HK$384', 'Deluxe豪華雙床房:HK$384', 'Deluxe景觀大床房:HK$426', 'Deluxe景觀雙床房:HK$426']"
美豪麗致酒店（佛山南海新都會大瀝步行街店）,9.1,"['麗致大床房（記憶枕+智能家居）:HK$288', '麗致雙床房（記憶枕+智能家居）:HK$296', '雅緻城景大床房 （記憶枕+小冰箱+智能家居）:HK$314', '雅緻城景雙床房 （記憶枕+小冰箱+智能家居）:HK$323', '靜雅城景大床房 （記憶枕+小冰箱+智能家居）:HK$340']"
百合壹庭酒店（佛山祖廟創意產業園店）,9.6,"['高級大床房（智能客控+智能馬桶）:HK$283', '城景大床房（城景+智能客控+智能馬桶）:HK$305', '影音大床房（巨幕影院+智能客控+智能馬桶）:HK$326', '豪華雙床房（智能馬桶+智能客控）:HK$326', '臻選雙床房（冰箱+智能客控+智能馬桶）:HK$347']"
美豪麗致酒店（佛山南海千燈湖店）,9.6,"['麗致城景大床房:HK$327', '麗致城景雙床房:HK$327', '麗致庭院大床房:HK$348', '麗致庭院雙床房:HK$348', '靜雅浴缸套房:HK$588']"
佛山保利洲際酒店,9.4,"['豪華房-雙床:HK$604', '豪華房-大床:HK$604', '舒適豪華房-大床:HK$711', '舒適豪華房-雙床:HK$711', '尊享房-雙床:HK$957', '尊享房:HK$1,024']"
佛山三水鉑頓元世紀酒店,9.5,"['雅緻大床房（陽台景觀+全景大玻璃窗+抗菌防蟎布草）:HK$320', '雅緻雙床房（陽台景觀+全景大玻璃窗+抗菌防蟎布草）:HK$330', '高級大床房（陽台景觀+全景大玻璃窗）:HK$343', '高級雙床房（陽台景觀+全景大玻璃窗+抗菌防蟎布草）:HK$348', '豪華大床房（智能客控+陽台景觀+全景大玻璃窗）:HK$363']"
佛山王府井紫薇港逸扉酒店,9.4,"['高級大床房【智能投屏+私享Coffee機+冰箱+智能衞浴】:HK$512', '影音大床房【無窗+智能投屏+智能衞浴+小冰箱】:HK$544', '影音雙床房【無窗+智能投屏+智能衞浴+小冰箱】:HK$544', '陽光榻榻米房【和風榻榻米+功夫茶具+冰箱+智能衞浴】:HK$626', '豪華大床房【私享Coffee機+智能客控+冰箱+網紅浴袍】:HK$626']"
佛山三龍灣希爾頓歡朋酒店,9.5,"['高級大床房:HK$460', '高級雙床房:HK$460', '豪華大床房:HK$511', '豪華雙床房:HK$511', '純凈舒適大床房:HK$511']"
漢庭酒店（佛山順德清暉園景區店）,9.6,"['大床房:HK$364', '高級大床房:HK$394', '景觀大床房:HK$423', '商務大床房:HK$452']"
佛山安喜曼酒店（創意產業園區店）,9.1,"['高級大床房:HK$243', '巨幕影音大床房【巨幕影院+沉浸式觀影】:HK$276', '巨幕影院雙人房【巨幕影院+沉浸式觀影】:HK$287', '舒適大床房:HK$318', '炫彩空間大床房【智能客控+智能馬桶+冰箱+65寸4K智能電視】:HK$369']"
鉑頓國際公寓（佛山祖廟嶺南天地店）,8.9,"['商務大床房【安靜+廚房冰箱+陽台】:HK$246', '豪華雙床房【明亮大空間+廚房+陽台】:HK$269', '零壓大床房【望嶺南天地+舒眠寢具】:HK$269', '高級影院房【百寸巨幕+視頻會員+安靜環境】:HK$271']"
佛山南海千燈湖桂城亞朵酒店,9.6,"['高級大床房:HK$367', '行政雙床房:HK$385', '行政大床房:HK$430', '幾木品茗大床房:HK$502', '幾木城景大床房:HK$574']"
佛山祖廟疊滘地鐵站亞朵酒店,9.7,"['高級大床房【深睡床墊、枕頭+裸棉床品+小冰箱】:HK$430', '高級城景大床房【深睡床墊、枕頭+裸棉床品+小冰箱】:HK$457', '行政大床房【深睡床墊、枕頭+裸棉床品+小冰箱】:HK$502', '行政雙床房 【深睡床墊、枕頭+裸棉床品+小冰箱】:HK$502', '尊享大床房【深睡全系列+全棉浴袍+投屏電視+小冰箱】:HK$547']"
佛山順德香雲紗園林酒店,9.4,"['精緻大床房:HK$468', '精緻雙床房:HK$468', '雅緻客房:HK$660', '園景精緻大床房:HK$660', '園景精緻雙床房:HK$660']"
佛山金城大酒店（祖廟嶺南天地店）,9.1,"['恬雅雙床房:HK$239', '歐輕奢雙床房:HK$244', '東鵬豪華大床房:HK$245', '星海浩瀚極光行政（主題房）:HK$281', '品味嶺南大床房 （高樓層靜看環島車水馬龍）:HK$292']"
安喜曼·元宿酒店（佛山祖廟瀾石地鐵站店）,9.8,"['狀元·凌雲閣:HK$307', '狀元·寧雅居｜深度好眠床墊｜巨幕投影｜智能客控:HK$367', '狀元·翰林居｜深度好眠床墊｜高清巨幕投屏｜全屋智能:HK$395', '狀元·品茗軒｜功夫茶具｜巨幕投影｜超大落地窗:HK$416']"
艾尚酒店（佛山順德樂從傢俱城店）,9.6,"['商務大床房:HK$255', '商務雙床房:HK$255', '電影大床房:HK$302', '精品雙床房:HK$321', '精品大床房:HK$328']"
佛山南海影視城希爾頓歡朋酒店,9.7,"['舒適雙床房:HK$380', '舒適大床房:HK$382', '高級雙床房:HK$420', '高級大床房:HK$420', '豪華大床房:HK$498']"
雅朵酒店（佛山新都滙大瀝商業步行街店）,9.3,"['標準大床房【落地窗+4K解碼投影儀】:HK$195', '高級大床房:HK$207', '標準雙床房【全景落地窗】:HK$208', '城景大床房【全景落地窗+4K解碼投影儀】:HK$230']"
喜悦門酒店（佛山樂從傢俱城店）,9.4,"['零壓優選雙床房:HK$261', '零壓優選大床房:HK$269', '零壓高級大床房（舒適床品）:HK$281', '零壓高級雙床房（舒適床品）:HK$281', '零壓豪華大床房 （舒適床品+舒適沙發）:HK$295']"
佛山裡水希爾頓惠庭酒店,9.6,"['靈動大床房（微波爐+冷藏、冷凍冰箱+私享coffee機+舒達床墊+智能馬桶）:HK$387', '靈動雙床房（微波爐+冷藏、冷凍冰箱+私享coffee機+舒達床墊+智能馬桶）:HK$417', '靈動豪華大床房（微波爐+冷藏、冷凍冰箱+私享coffee機+舒達床墊+智能馬桶）:HK$417', '靈動山景大床房（微波爐+冷藏、冷凍冰箱+私享coffee機+舒達床墊+智能馬桶）:HK$470', '套房（微波爐+冷藏、冷凍冰箱+私享coffee機+舒達床墊+智能馬桶）:HK$620']"
佛山新凱廣場萬楓酒店,9.5,"['標準大床房:HK$423', '高級雙床房:HK$457', '高級大床房:HK$457', '豪華雙床房:HK$490', '豪華大床房:HK$490']"
至美·雲端酒店（佛山嶺南天地祖廟路萬科金融中心店）,9.3,"['驚喜房:HK$311', '雲端之魅.影院「智能客控-4k高清投影-環繞立體音效」:HK$325', '雲端之魅.茶事「小冰箱+慕斯床墊+雙層隔音」:HK$367', '雲端之魅.靜語「小冰箱+慕斯床墊+雙層隔音」:HK$367']"
佛山禪城智選假日酒店（魁奇路地鐵站創意產業園店）,9.1,"['高級雙床房:HK$309', '高級大床房:HK$310', '高級大床房更大面積:HK$355', '高級雙床房更大面積:HK$355', '豪華三人房:HK$484']"
希岸酒店（佛山南海萬達店）,9.6,"['希岸高級大床房●小度智能聲控:HK$271', '希岸豪華大床房●小度智能聲控:HK$304', '希岸豪華雙床房●小度智能聲控:HK$304', '希岸純凈大床房●空氣凈化器+小度智能聲控:HK$315']"
佛山大瀝希爾頓歡朋酒店,9.5,"['舒適雙床房:HK$328', '舒適大床房:HK$359', '高級雙床房:HK$414', '高級大床房:HK$414', '荷里活房:HK$439']"
美思閣酒店（佛山祖廟店）,9.4,"['優選大床房:HK$215', '高級大床房:HK$243', '高級雙床房:HK$257', '豪華大床房:HK$257']"
佛山德徠酒店,9.5,"['舒適大床房 【功夫茶具+膠囊Coffee機+智能馬桶】:HK$457', '豪華大床房 【膠囊Coffee機+180°城景浴缸+智能馬桶】:HK$567', '湖景豪華大床房 【180°璀璨湖景+膠囊Coffee機+席夢思甜夢床+智能衞浴】:HK$635', '湖景豪華雙床房 【180°璀璨湖景+膠囊Coffee機+席夢思甜夢床+智能衞浴】:HK$635', '雅緻大床房 【膠囊Coffee機+180°湖景浴缸+席夢思甜夢床】:HK$642', '雅緻影音大床房 【90寸巨幕影音+180°湖景浴缸+席夢思甜夢床】:HK$642']"
佛山安喜曼酒店（丹灶店）,9.2,"['豪華雙人房（智能客控+智能馬桶）:HK$284', '陽光大床房（舒適靜㴵）:HK$306']"
佛山新城智選假日酒店,9.6,"['高級房 超大床:HK$383', '高級房:HK$383', '高級房 雙床房:HK$383', '高級房 荷里活雙床:HK$383', '高級房 超大床（更大空間）:HK$429']"
萬瑞達M酒店（佛山祖廟創意產業園店）,9.5,"['高級大床房【智能客控+深睡眠床墊】:HK$306', '高級雙床房【智能客控+深睡眠床墊】:HK$306', '豪華大床房【深睡眠床墊+助眠記憶枕+全屋智能】:HK$329', '豪華雙床房【深睡眠床墊+助眠記憶枕+全屋智能】:HK$329', '影音大床房【4K高清巨幕投影+影視會員+助眠記憶枕】:HK$339']"
宜尚酒店（佛山三水萬達廣場店）,9.3,"['標準雙床房（寬敞明亮｜視野開闊｜安靜睡眠｜城景）:HK$351', '標準大床房（寬敞明亮｜視野好｜安靜睡眠）:HK$351', '豪華智能大床房（超大浴缸｜智能客控｜手機投屏｜安靜睡眠｜視野開闊）:HK$366', '高級雙床房（安靜睡眠｜寬敞明亮｜大飄窗｜視野開闊）:HK$388', '高級大床房（安靜睡眠｜寬敞明亮｜大飄窗｜視野開闊）:HK$388']"
佛山嶺南天地康得思酒店,9.0,"['高級雙床客房:HK$503', '高級大床客房:HK$503', '豪華大床客房:HK$551', '尊貴大床客房:HK$686', '行政高級大床客房:HK$932', '行政高級雙床客房:HK$932']"
桔子酒店（佛山順德華僑城歡樂海岸PLUS店）,9.5,"['高級大床房:HK$507', '豪華大床房:HK$537', '高級雙床房:HK$617', '豪華雙床房:HK$766', '觀景大床房:HK$816']"
佛山御尚然酒店（裏水信和廣場店）,9.2,"['御·雅緻商務雙床房:HK$202', '御·豪華商務大床房:HK$254', '御·豪華商務雙床房:HK$254', '御·影院雅緻大床房:HK$257']"
桔子酒店（順德清暉園華蓋路店）,9.7,"['大床房:HK$439', '高級大床房:HK$468', '豪華大床房:HK$497', '商務大床房:HK$526', '高級雙床房:HK$526']"
美豪麗致酒店（順德漁人碼頭店）,9.5,"['麗致高級大床房:HK$282', '麗致豪華大床房:HK$304', '麗致豪華雙床房:HK$326', '麗致行政大床房:HK$326', '麗致行政雙床房:HK$359']"
佛山千燈湖君亭酒店,9.5,"['高級大床房:HK$434', '四季都市大床房:HK$447', '豪華大床房:HK$456', '豪華雙床房:HK$456', '概念大床房:HK$478']"
維也納國際酒店（佛山綠島廣場綠島湖地鐵站店）,9.5,"['豪華大床房•抗菌防蟎親膚布草• 深睡鴨絨枕頭•安靜舒睡:HK$314', '商務雙床房•抗菌防蟎親膚布草• 深睡鴨絨枕頭•安靜舒睡:HK$314', '商務大床房•抗菌防蟎親膚布草• 深睡鴨絨枕頭•安靜舒睡:HK$340', '100寸巨幕高清影音大床房•抗菌防蟎親膚布草• 深睡枕頭:HK$357', '行政大床房•抗菌防蟎親膚布草• 深睡鴨絨枕頭•智能客控:HK$374']"
佛山順德漁人碼頭亞朵酒店,9.6,"['高級大床房:HK$502', '高級城景雙床房:HK$565', '高級江景大床房:HK$565', '幾木江景雙床房:HK$610', '幾木江景大床房:HK$610']"
喜悅門酒店（佛山順德漁人碼頭店）,9.5,"['零壓高級雙床房（液晶大屏可投屏）:HK$251', '零壓高級大床房（液晶大屏可投屏）:HK$259', '零壓豪華大床房（液晶大屏可投屏）:HK$286', '零壓城景大床房（液晶大屏可投屏）:HK$290']"
藍汐假日酒店（佛山華僑城歡樂海岸PLUS店）,9.1,"['城景豪華大床房:HK$587', '城景豪華雙床房:HK$587', '愛寵城景豪華大床房:HK$782', '摩天輪景觀茶藝大床房:HK$812', '摩天輪景觀行政大床房:HK$875']"
集舍酒店（佛山嶺南天地祖廟地鐵站店）,8.5,"['集·靜謐榻榻米 | 安靜舒適+深度睡眠:HK$202', '集·秋葉榻榻米 | 浪漫情侶+靜謐温馨:HK$211', '集·日浴榻榻米房丨城央美景+精緻舒適:HK$226', '集·城景榻榻米 | 極簡設計+安全私密:HK$236']"
佛山順德均安希爾頓歡朋酒店,9.4,"['舒適大床房-美國舒達床墊-專屬小冰箱:HK$430', '舒適雙床房-美國舒達床墊-專屬小冰箱:HK$442', '高級雙床房-美國舒達床墊-專屬小冰箱:HK$478', '歡朋套房-豪華浴缸-專屬小冰箱:HK$684']"
譽尚國際公寓（保利天際千燈湖地鐵站店）,8.8,"['【舒適悠然】優選房（55吋小米電視機+城景+巖板桌）:HK$247', '【寬大沙發】雅尚大床房（55吋小米電視機+城景）:HK$270', '【雙鑰匙空間】尊尚雙床行政套房（沙發+55吋電視）:HK$528']"
瑞濤服務式公寓（佛山順德清暉園店）,9.1,"['特惠·複式大床套房「洗衣機|冰箱」:HK$259', '時尚大床複式套房+榻榻米+「客廳-洗衣機-冰箱」:HK$263', '高級雙床複式套房-高層夜景「大客廳」廚房|洗衣機|冰箱:HK$285', '園景大床複式套房+榻榻米 「一房一廳」+廚房|洗衣機|冰箱:HK$295', '親子雙床複式套房-温馨夜景「大客廳」廚房|洗衣機|冰箱:HK$346']"
