酒店名称,评分,房型价格列表
鉑漫酒店（保定西大街火車站店）,9.6,"['經濟大床房（智能語音客控）:HK$229', '舒享大床房（智能語音客控）:HK$252', '豪華景觀大床房（智能語音客控）:HK$273', '豪華大床房（智能語音客控）:HK$275']"
保定希爾頓歡朋酒店,9.6,"['舒適房-雙床:HK$421', '舒適房-大床:HK$421', '高級房-雙床:HK$442', '高級房-大床:HK$442', '豪華房-雙床:HK$461']"
桃莆酒店（保定浪味仙保百購物廣場店）,9.5,"['臻享標準間:HK$263', '臻享雙拼房:HK$263', '精品雙拼房:HK$285', '智慧標準間:HK$300', '智慧大床房:HK$307']"
吾朵蘭閲酒店（保定軍校廣場河北大學店）,9.4,"['輕奢大床房:HK$207', '奢雅雙床房:HK$216', '奢雅大床房:HK$239', '舒享大床房:HK$259']"
白玉蘭酒店（保定直隸總督署店）,9.6,"['輕雅大床房:HK$302', '舒雅雙床房:HK$310', '舒雅大床房:HK$336', '靜雅雙床房:HK$345']"
萬瓏酒店（保定高新區保百購物廣場店）,9.6,"['雅奢無窗大床房:HK$239', '精選榻榻米:HK$249', '積木雙拼大床房:HK$272', '商務大床房:HK$294']"
保定華中假日酒店,9.6,"['豪華大床房:HK$380', '豪華標準間:HK$380', '日式大床房:HK$434', '豪華家庭房:HK$533', '輕奢大床房:HK$545']"
吾朵酒店（保定直隸總督署火車站店）,9.6,"['輕奢大床房:HK$246', '精品雙床房:HK$246', '臻品大床房:HK$267', '行政雙床房:HK$287']"
保定華美滙酒店（朝陽北大街保百購物廣場店）,8.9,"['雅緻丨中式靜謐大床房（夢百合床墊+護頸記憶枕）:HK$185', '雅緻丨中式靜謐雙床房（夢百合床墊+護頸記憶枕）:HK$198', '雅緻丨巨幕觀影娛樂大床房（夢百合床墊+護頸記憶枕）:HK$207', '雅奢丨中式酣眠大床房（夢百合床墊+護頸記憶枕）:HK$228']"
悦為智酒店（保定東站河大新區店）,9.6,"['智享輕奢大床房:HK$264', '舒享精品雙床房:HK$275', '智享雅緻大床房:HK$309', '智享精品雙床房:HK$330', '智享精品大床房:HK$341']"
保定中銀大廈柏嘉酒店（萬博廣場店）,9.5,"['悦享雙床房:HK$349', '悦享大床房:HK$349', '臻享雙床房:HK$382', '臻享大床房:HK$382', '臻享三人房:HK$382']"
麗呈東谷酒店（保定市朝陽北大街保百購物廣場店）,9.7,"['雅緻大床房「高速WIFI+護頸記憶枕+零壓深睡床墊+SEVEN PLUS茶語洗護用品」:HK$329', '雅緻雙床房「電視投屏+護頸記憶枕+零壓深睡床墊+SEVEN PLUS茶語洗護用品」:HK$329', '商務大床房「電視投屏+護頸記憶枕+零壓深睡床墊+SEVEN PLUS茶語洗護用品」:HK$384', '商務雙床房「高速WIFI+護頸記憶枕+零壓深睡床墊+SEVEN PLUS茶語洗護用品」:HK$384', '寬境闊睡房「情侶闊睡+護頸記憶枕+嬰幼兒超寬床+SEVEN PLUS茶語洗護用品」:HK$406']"
保定興芮温泉酒店,9.3,"['温泉樓大床房:HK$338', '温泉樓標準間:HK$338', '温泉樓豪華套房:HK$458', '温泉樓家庭房:HK$567', '温泉樓四人套房:HK$644']"
麗呈東谷酒店（保定客運中心裕華東路店）,9.6,"['高級大床房（深睡床墊+護頸記憶枕+乾濕分離）:HK$263', '豪華大床房（高速WIFI+定製洗護+中央空調）:HK$296', '豪華雙床房（深睡床墊+乾濕分離+雨淋頂噴）:HK$318', '城景大床房（落地窗+中央空調+雨淋頂噴）:HK$340', '城景雙床房（落地窗+乾濕分離+深睡床墊）:HK$340']"
旅途唯美酒店（復興路店）,9.5,"['舒享大床房（智能語音客控）:HK$279', '舒享雙床房（智能語音客控）:HK$289', '精品大床房（智能語音客控）:HK$299', '精品雙床房（智能語音客控）:HK$308', '行政大床房（智能語音客控+商務辦公）:HK$318']"
悦為智·榕酒店（保定萬博廣場店）,9.4,"['優享觀景大床房（夢百合零壓式床墊+乾濕分離）:HK$250', '舒享休閑大床房（夢百合零壓式床墊+乾濕分離）:HK$272', '樂享暢休大床房（夢百合零壓式床墊+乾濕分離）:HK$294', '悦享深睡雙床房（夢百合零壓式床墊+乾濕分離）:HK$316']"
保定東站河大新校區亞朵酒店,9.7,"['雅緻大床房（深睡床墊|深睡枕+智能客控）:HK$368', '高級大床房（深睡床墊|深睡枕+智能客控）:HK$403', '高級雙床房（深睡床墊|深睡枕+智能客控）:HK$403', '行政大床房（深睡床墊|深睡枕+小冰箱）:HK$439', '行政雙床房（深睡床墊|深睡枕+小冰箱）:HK$439']"
保定星光國際酒店,9.7,"['B座中式大床房（寬敞舒適、乾濕分離）:HK$546', 'B座中式雙床房（寬敞舒適、乾濕分離）:HK$572', 'A座輕奢商務雙床房（康乃馨床品、科勒潔具）:HK$684', 'A座輕奢商務大床房（康乃馨床品、科勒潔具）:HK$688', 'B座豪華雙床房:HK$732', 'A座浪漫臻享大床房（康乃馨床品、歐舒丹洗護）:HK$796']"
保定深圳園美輪美奐酒店,9.8,"['商務大床房（中央空調+高端寢具+落地窗）:HK$482', '商務雙床房（中央空調+高端寢具+落地窗）:HK$482', '豪華大床房（中央空調+高端寢具+落地窗）:HK$513', '豪華雙床房（中央空調+高端寢具+落地窗）:HK$513', '行政大床房（中央空調+高端寢具+落地窗）:HK$583', '家庭房（中央空調+高端寢具+落地窗）:HK$583']"
保定禧瑞酒店（萬博廣場店）,9.0,"['尊享|商務大床房:HK$324', '尊享|豪華雙床房:HK$340', '臻享|零壓大床房（0壓夢百合床墊+0壓枕）:HK$356', '臻享|景觀大床房:HK$377', '臻享|景觀雙床房:HK$377']"
保定秀蘭飯店,9.7,"['A座商務大床房:HK$405', '甄選大床房:HK$480', '甄選雙床房:HK$481', '深睡眠雙床房:HK$558', '深睡眠大床房:HK$558', '行政智享雙床房:HK$611']"
吾朵酒店（保定高鐵東站河大新區店）,9.3,"['舒享大床房:HK$214', '優享雙床房:HK$224', '悦享大床房:HK$246', '悦享家庭房:HK$311']"
慕湖酒店梵森納（保定東站河大新區店）,9.4,"['舒適大床房（智能客控+電視投屏+護頸記憶枕）:HK$278', '舒適雙床房（智能客控+電視投屏+護頸記憶枕）:HK$289', '高級雙床房（智能客控+電視投屏+落地窗）:HK$300', '景觀大床房（智能客控+電視投屏+護頸記憶枕）:HK$321', '豪華大床房（智能客控+落地窗+電視投屏）:HK$332']"
保定萬豪萬楓酒店,9.6,"['標準雙床房（舒達床墊、華夫格床品）:HK$373', '標準大床房（舒達床墊、華夫格床品）:HK$373', '高級大床房（舒達床墊、華夫格床品）:HK$437', '高級雙床房（舒達床墊、華夫格床品）:HK$437', '弗諾氧·深度睡眠雙床房（舒達床墊、華夫格床品）:HK$492']"
全季酒店（保定萬博廣場店）,9.6,"['大床房（65寸電視可投屏＋加濕器）:HK$428', '高級大床房（65寸電視可投屏＋加濕器）:HK$457', '舒壓高級特大床房（65寸電視可投屏＋加濕器）:HK$478', '舒壓雙床房:HK$488']"
灰鯨智能酒店（軍校廣場店）,9.5,"['榻榻米智能大床房（騰訊會員VIP·全屋語音智控+5.0環繞音響）:HK$190', '經典智能大床房（暢享騰訊VIP會員+全屋語音智能+5.0環繞音箱）:HK$198', '輕奢智能大床房（小度全屋智控+騰訊會員vip+5.0環繞聲道）:HK$205', '輕奢智能雙床房（騰訊VIP會員+5.0投屏環繞音響+全屋語音智能）:HK$205']"
保定興芮商務酒店,9.4,"['商務樓商務標間:HK$414', '商務樓豪華標間:HK$469', '商務樓豪華大床房:HK$469']"
保定深圳園馨樂庭酒店,9.6,"['特價大床房（洗烘一體+落地窗+乾濕分離）:HK$251', '單房公寓（乾濕分離+洗烘一體機+投屏電視）:HK$320', '單房公寓雙床房（洗烘一體機+落地窗+乾濕分離）:HK$320', '豪華單房公寓（乾濕分離+洗烘一體機+投屏電視）:HK$357', '家庭房（乾濕分離+洗烘一體機+投屏電視）:HK$396']"
全季酒店（保定朝陽北大街店）,9.8,"['高級大床房（65寸電視可投屏+加濕器）:HK$557', '舒壓高級大床房（65寸電視可投屏+加濕器）:HK$577', '高級雙床房（65寸電視可投屏+加濕器）:HK$577', '舒壓高級雙床房（65寸電視可投屏+加濕器）:HK$598']"
保定電谷國際酒店,9.4,"['豪華靜謐大床房（乾濕分離）:HK$437', '高級城景雙床房（陽面+睡蓮東方之夢床墊）:HK$503', '高級城景大床房（睡蓮東方之夢床墊）:HK$535', '全景商務雙床房（高樓層+智能馬桶+戴森吹風機）:HK$622', '全景商務大床房（高樓層+智能馬桶+戴森吹風機）:HK$622', '豪華舒適大床房（乾濕分離）:HK$656']"
保定東站河北大學漫心酒店,9.9,"['心雅大床房（絲漣健康享睡舒適床墊+65寸投屏電視）:HK$362', '心悦大床房（絲漣健康享睡舒適床墊+65寸投屏電視）:HK$412', '心雅雙床房（絲漣健康享睡舒適床墊+65寸投屏電視）:HK$412', '心悦雙床房（絲漣健康享睡舒適床墊+65寸投屏電視）:HK$422', '心怡大床房（絲漣健康享睡舒適床墊+65寸投屏電視）:HK$442']"
ATSONS·艾臣氏酒店（保定北國先天下保百購物廣場店）,8.8,"['ATSONS·榻榻米茶道房:HK$143', 'ATSONS·雅緻大床房（乳膠床墊+舒適睡眠）:HK$165', 'ATSONS·雅緻雙床房（乳膠床墊+舒適睡眠）:HK$199', 'ATSONS·主題房:HK$207']"
葉與晨電競電影酒店（保定北國先天下店）,9.6,"['巨幕影音大床房（5.1聲道杜比環繞音響+騰訊影視會員+小度全屋智控）:HK$278', '甄選電競電影大床房（5060TI顯卡+騰訊遊戲鑽石特權）:HK$383', '棋牌電競電影五人間（4070顯卡＋卓威顯示器＋麻將桌）:HK$639']"
保定卓正國際酒店,9.9,"['商務標準雙床房:HK$539', '商務標準大床房:HK$552', '豪華雙床房:HK$656', '豪華大床房:HK$693', '行政豪華雙床房:HK$753', '行政豪華大床房:HK$790']"
保定中博希爾頓逸林酒店,9.4,"['豪華雙床房:HK$661', '豪華大床房:HK$715', '無障礙房:HK$715', '高級豪華大床房:HK$769', '高級豪華雙床房:HK$769', '埃及萌神主題房:HK$983']"
錦江之星酒店（保定滿城店）,9.1,"['星悦標準大床房（舒眠床墊+智能客控）:HK$193', '星選標準雙床房（舒眠床墊+智能客控）:HK$203', '星悦高級大床房（零壓床墊+智能客控）:HK$222', '星悦豪華大床房（零壓床墊+全屋智能）:HK$230']"
保定宴直隸文旅酒店,9.5,"['直隸高級大床房（金可兒床墊·乾濕分離·坐擁繁華城景）:HK$498', '直隸高級雙床房（米家加濕器·乾濕分離·科勒潔具）:HK$498', '無障礙雙床房（金可兒床墊+米家加濕器+科勒潔具）:HK$524', '直隸豪華雙床房（米家加濕器·乾濕分離·坐擁繁華城景）:HK$600', '直隸童趣親子房（金可兒床墊·家庭樂享·小童洗護）:HK$687', '直隸城景合床房:HK$688']"
摩登水晶酒店（火車站直隸總督署店）,8.9,"['摩登S大床房:HK$175', '摩登S雙床房:HK$175', '摩登優選雙床房:HK$192', '摩登優選大床房:HK$192']"
馨庭智能酒店（長城北大街巨力總部店）,9.7,"['豪華智能大床房（酒店公區提供洗衣房+全屋智能+智能馬桶）:HK$144', '豪華智能雙床房（全屋智能+智能馬桶+酒店公區提供洗衣房）:HK$144', '商務智能雙床房（全屋智能+智能馬桶+酒店公區洗衣房）:HK$161', '商務智能大床房（全屋智能+智能馬桶+酒店公區洗衣房）:HK$161']"
維也納國際酒店（保定裕華路店）,9.5,"['高級大床房:HK$281', '高級雙床房:HK$281', '豪華大床房:HK$309', '豪華雙床房:HK$309']"
太美酒店（保定火車站萬博廣場店）,9.2,"['優選雙床房:HK$215', '優選大床房:HK$222', '高級大床房:HK$340', '高級家庭房:HK$353']"
維也納酒店（保定誠明大廈店）,9.4,"['高級大床房:HK$242', '豪華大床房:HK$250', '豪華雙床房:HK$291', '豪華家庭房:HK$291']"
吾朵酒店（保定徐水小學火車站店）,9.6,"['輕奢臻品房（獨立空調+乾濕分區+品質床墊）:HK$195', '書香臻品房（乾濕分區+獨立空調+品質床墊）:HK$205', '百合臻品房（全身鏡+辦公桌椅+品牌床墊）:HK$228', '行政經典房（全身鏡+獨立空調+品牌床墊）:HK$238']"
sleep X- HOTEL星酒店（徐水人民醫院店）,9.4,"['特惠大床房（新風系統+公區提供自助洗衣房+乾濕分離）:HK$148', '特惠雙床房（新風系統+酒店公區提供自助洗衣房+辦公桌）:HK$148', '優享大床房（全身鏡+酒店公區提供自助洗衣房+辦公桌）:HK$177', '優享雙床房（全身鏡+酒店公區提供自助洗衣房+辦公桌）:HK$190']"
雲隸假日酒店（保定東站河大新區店）,9.3,"['豪華大床房:HK$190', '臻品豪華大床房:HK$196', '豪華商務雙床房:HK$201', '臻品豪華雙床房:HK$206']"
保定希悦國際商務酒店,9.6,"['豪華標準間:HK$519', '豪華大床房:HK$548', '商務休閑房:HK$548', '行政標準間:HK$688', '行政大床房:HK$716']"
M HOTEL酒店（保定徐水長城北大街店）,9.3,"['標準雙床房（金可兒甜夢床墊+空氣凈化+加濕系統）:HK$200', '豪華雙床房（金可兒甜夢床墊+空氣凈化+加濕系統）:HK$229', '標準大床房（金可兒甜夢床墊+空氣凈化+加濕系統）:HK$229', '豪華大床房 （金可兒甜夢床墊+空氣凈化+加濕系統）:HK$247']"
灰鯨智能酒店（保定復興中路華電二校店）,9.0,"['經典智能大床房（小度智能+智能馬桶+VIP觀影）:HK$240', '經典智能雙床房（小度智能+智能馬桶+VIP觀影）:HK$254', '輕奢觀影大床房（小度智能+智能馬桶+VIP觀影）:HK$276', '輕奢智能雙床房（全屋智能+騰訊會員+110寸投影）:HK$297']"
邂逅·愛舍民宿（保定未來石萬達廣場店）,10.0,"['舒享觀影大床房:HK$220', '悦享觀影大床房:HK$220']"
星程酒店（保定東風中路直隸總督署店）,9.4,"['大床房:HK$293', '雙床房:HK$321', '高級大床房:HK$321', '舒壓大床房:HK$350']"
