酒店名称,评分,房型价格列表
中居·雅緻酒店（保山永昌路店）,9.7,"['高級大床房（65寸投屏電視+空氣凈化器+全智能客控）:HK$217', '精選大床房（65寸投屏電視+空氣凈化器+全智能客控）:HK$238', '高級雙床房（65寸投屏電視+空氣凈化器+全智能客控）:HK$260', '行政大床房（65寸投屏電視+空氣凈化器+全智能客控）:HK$260', '尊享大床房（65寸投屏電視+空氣凈化器+全智能客控）:HK$281']"
保山金海堂酒店（隆陽區三館廣場店）,9.5,"['悦享雙床房:HK$156', '樂享大床房（全景賞東方日出）:HK$191', '尊享行政雙床房:HK$197', '尊享一室一廳大床房（桌遊+安靜）:HK$248']"
玉景潭酒店（保山吾悦廣場高鐵站店）,9.5,"['高級大床房:HK$251', '高級雙床房:HK$251', '豪華大床房:HK$281', '豪華雙床房:HK$281', '豪華套房:HK$392']"
維也納酒店（保山永昌路三館廣場店）,9.6,"['臻禮大床房:HK$240', '臻禮雙床房:HK$240', '豪華大床房:HK$266', '豪華雙床房:HK$266']"
達昌商旅酒店（保山吾悦廣場高鐵站店）,9.6,"['商務大床房:HK$168', '高級大床房:HK$181', '精選雙床房:HK$193', '巨幕影院房:HK$193']"
保山隆陽區恆邦大廈亞朵酒店,9.7,"['高級大床房（65寸投屏電視+迷你冰箱+智能傢俱）:HK$340', '行政雙床房（65寸投屏電視+迷你冰箱+智能傢俱）:HK$349', '行政大床房（65寸投屏電視+迷你冰箱+智能傢俱）:HK$367', '尊享雙床房（65寸投屏電視+迷你冰箱+智能傢俱）:HK$385', '尊享大床房（65寸投屏電視+迷你冰箱+智能傢俱）:HK$403']"
保山青華海海景酒店,9.5,"['城景大床房（愜意煙火城景+定製靜眠床品+智能馬桶）:HK$364', '城景輕奢大床房（市井璀璨夜景+定製靜眠床品+智能馬桶）:HK$396', '城景輕奢雙床房（市井璀璨夜景+定製靜眠床品+智能馬桶）:HK$396', '海景輕奢大床房（倚窗搖椅觀海景落日+遙望非遺永子棋院+定製靜眠床品+智能馬桶）:HK$428']"
保山嘉悦蘭庭萬信至格酒店,9.5,"['悦享·輕奢大床房+智控+圍棋:HK$225', '悦享·多彩雙床房+智控+現代風格:HK$225', '禪悦·輕奢大床房+智控+自助茶室:HK$246', '禪悦·多彩雙床房+智控+自助茶室:HK$247', '悦享·親子房+智控:HK$292']"
維也納國際酒店（保山高鐵站吾悦廣場店）,9.7,"['商務大床房:HK$238', '標準雙床房:HK$239', '商務雙床房:HK$249', '豪華雙床房:HK$278', '豪華大床房:HK$278']"
保山富盈逸林花園酒店（五洲國際廣場高鐵站店）,9.7,"['雲端行政大床房:HK$260', '精英行政雙床房:HK$260', '康逸花園雙床房丨花園景觀丨頸椎護理枕:HK$271', '綠氧商務花園大床房丨花園景觀丨頸椎護理枕:HK$271', '逸林商旅温馨雙床房丨高速WIFI:HK$277']"
保山棲悅莊酒店（三館文化廣場店）,9.7,"['雲棲·逸緻大床房（極速投屏＋靜逸空間）:HK$166', '月棲·自然大床房（觀景陽台＋全屋智能）:HK$199', '棲霞·雅韻大床房（私享園林景觀）:HK$208', '棲嵐·雅緻雙床房（觀景陽台＋全屋智能）:HK$223']"
全季酒店（保山永昌大道店）,9.8,"['大床房（電視65寸投屏|金可兒床墊|智能客控）:HK$308', '高級大床房（電視65寸投屏|金可兒床墊|智能客控）:HK$337', '雙床房（電視65寸投屏|金可兒床墊|智能客控）:HK$337', '商務大床房（電視65寸投屏|金可兒床墊|智能客控）:HK$365']"
保山東涵文化酒店（隆陽區三館廣場店）,9.7,"['影視大床房:HK$205', '商務雙床房:HK$249', '行政大床房:HK$249', '智能小度家庭房:HK$267', '豪華商務套房:HK$293']"
城市便捷酒店（保山永昌路店）,9.6,"['商務大床房（智能馬桶｜手機投屏｜記憶枕頭｜穗寶床墊）:HK$256', '高級大床房（智能馬桶｜手機投屏｜記憶枕頭｜穗寶床墊）:HK$277', '高級雙床房（智能馬桶｜手機投屏｜記憶枕頭｜穗寶床墊）:HK$287', '智能大床房（智能客控｜手機投屏｜記憶枕頭｜穗寶床墊）:HK$308']"
保山蘭都飯店,9.4,"['特惠標準間:HK$248', '商務標準間:HK$315', '商務大床房:HK$358', '行政標準間:HK$358', '親子單間:HK$358']"
拾花一境海景酒店（保山青華海濕地公園店）,9.5,"['城景大床房（180°城景+智能馬桶）:HK$225', '城景雙床房（180°城景+智能馬桶）:HK$229', '湖景雙床房（180°湖景+山水田園風光）:HK$243', '湖景浴缸大床房（湖景+全景浴缸）:HK$255']"
保山和平酒店,9.2,"['雅緻雙床房:HK$173', '標準大床房:HK$187', '豪華家庭房:HK$222', '尊享大床房:HK$271']"
保山官房大酒店,9.5,"['豪華雙床房:HK$349', '豪華大床房:HK$371', '商務套房:HK$611', '豪華商務套房:HK$859', '親子套房:HK$859']"
新惠輕享文化酒店（保山九龍店）,8.7,"['優美大床房:HK$118', '特價雙床房:HK$128', '優雅大床房:HK$174', '輕雅大床房:HK$193']"
希爾貝酒店（保山高鐵站店）,9.4,"['精緻大床房（55寸投屏電視+養生枕+喜臨門床墊）:HK$211', '輕奢大床房（55寸投屏電視+養生枕+喜臨門床墊）:HK$224', '輕奢雙床房（55寸投屏電視+養生枕+喜臨門床墊）:HK$224', '家庭房（55寸投屏電視+養生枕+喜臨門床墊）:HK$260']"
悦辰酒店（保山高鐵站店）,9.7,"['舒適大床房:HK$164', '商務雙床房:HK$164', '悦享大床房:HK$187', '悦享雙床房:HK$187']"
雲之尚雲連鎖酒店（保山金馬中運店）,9.5,"['特惠大床房:HK$158', '特惠雙人間:HK$175', 'KT貓:HK$179', '行政雙人間:HK$184']"
明和大酒店（保山九龍路店）,9.3,"['精品特價大床房:HK$216', '精品特價雙床房:HK$260', '舒適雙床房:HK$293', '舒適大床房:HK$293']"
保山天和假日酒店,9.2,"['高級大床房:HK$174', '浪漫大床房:HK$181', '雅緻大床房:HK$189', '豪華大床房:HK$196']"
漫暉酒店（保山主城區店）,9.1,"['簡約雙床房（乳膠床墊+手機投屏）:HK$162', '靜謐大床房（乳膠床墊+手機投屏+品牌洗護）:HK$226', '靜謐雙床房（乳膠床墊+手機投屏+品牌洗護）:HK$233', '輕奢大床房（乳膠床墊+手機投屏+品牌洗護+浴缸）:HK$274']"
保山佳湖酒店（五洲國際廣場店）,9.5,"['精緻雙人間:HK$175', '精緻大床房:HK$182', '雅緻大床房:HK$185', '悦享雙床房:HK$190']"
悦公館酒店（保山永昌路店）,9.3,"['温馨榻米房:HK$207', '舒適大床房:HK$244', '雅緻雙床房:HK$244', '行政陽台雙床房:HK$247']"
保山青華湖發展大廈湖景酒店,9.3,"['高級大床房:HK$225', '行政大床房:HK$251', '行政雙床房:HK$251', '行政親子房:HK$251']"
如家商旅酒店（保山五洲國際廣場店）,9.5,"['雙床房:HK$301', '商務大床房:HK$310', '高級大床房:HK$336', '高級雙床房:HK$336']"
保山景辰酒店,9.0,"['行政大床房:HK$187', '行政雙床房:HK$191', '高級大床房:HK$196', '高級雙床房:HK$200']"
勐赫酒店,9.1,"['公寓-夏日特價單間:HK$282', '公寓樓-單間:HK$435', '公寓樓-標間:HK$435', '公寓樓-套房:HK$500', '主樓-標間:HK$534']"
麗楓酒店（保山五洲國際廣場店）,9.6,"['雅緻大床房（55寸投屏電視+空氣凈化器+慕斯床墊）:HK$254', '豪華大床房（55寸投屏電視+空氣凈化器+慕斯床墊）:HK$297', '商務大床房（55寸投屏電視+空氣凈化器+慕斯床墊）:HK$323', '純凈自然雙床房（55寸投屏電視+空氣凈化器+慕斯床墊）:HK$323']"
美亞酒店（保山市二院百貨大樓店）,9.3,"['精品大床房:HK$162', '豪華大床房:HK$187', '精品標間:HK$195', '豪華標間:HK$203']"
豪園軒酒店（保山高鐵站店）,9.6,"['浪漫温馨特惠房:HK$135', '情侶浪漫大床房:HK$147', '輕奢陽光大床房:HK$158', '豪華精品大床房:HK$172']"
如家商旅酒店（保山永昌路店）,9.7,"['大床房:HK$296', '雙床房:HK$296', '高級雙床房:HK$313', '高級大床房:HK$313']"
眾鑫大酒店（板橋古鎮青龍街店）,9.4,"['特惠雙床房:HK$183', '標準雙床房:HK$208', '標準大床房:HK$211', '豪華雙人間:HK$218']"
保山永昌大酒店,9.4,"['商務雙床房:HK$402', '小童主題標間:HK$435', '商務大床房:HK$440', '行政大床房:HK$577', '全景大床房:HK$577', '小童主題大床房:HK$577']"
保山北晨·羽墨精品酒店（火車站店）,8.8,"['精緻大床房:HK$151', '精緻標準間:HK$151', '精選浴缸大床房:HK$174', '豪華夢景浴缸圓床房:HK$205']"
保山璽澤酒店,9.1,"['精品舒適大床房:HK$336', '精品舒適雙床房:HK$355', '標準大床房:HK$382']"
樂晨酒店（保山辛街店）,9.6,"['樂享特惠房:HK$130', '悦享大床房:HK$152', '悦享雙床房:HK$152', '高級大床房:HK$185']"
保山中庭酒店,9.9,"['智享.特惠大床房（智能客控＋大屏投影）:HK$228', '智享.特惠雙床房（智能客控＋大屏投影）:HK$239', '智享.優選大床房（智能客控＋大屏投影）:HK$251', '智享.優選雙床房（智能客控＋大屏投影）:HK$262']"
萬豪酒店,8.9,"['暖冬特惠大床房:HK$139', '暖冬特惠雙床房:HK$139', '現代時光大床房:HK$213', '現代時光雙床房:HK$213']"
兩間房美景酒店,9.4,"['湖景時尚大床1715房:HK$238', '湖景古典大床1714房:HK$238', '湖景休閑雙床1016房:HK$238', '湖景休閑大床1017房:HK$238']"
保山滿天星酒店,9.4,"['特價大床房（全屋智能）:HK$121', '舒適大床房+全屋智能+中央空調+雲感睡眠:HK$142', '豪華大床房+全屋智能+中央空調+雲感睡眠:HK$158', '豪華雙床房+全屋智能+中央空調+雲感睡眠:HK$165']"
保山尚格酒店（五洲國際廣場店）,9.8,"['迷你舒適大床房:HK$136', '壹層 | 特惠標間:HK$149', '精品大床房:HK$156', '精品雙床房:HK$156']"
保山民豪酒店,9.1,"['特惠豪華商務大床房:HK$240', '商務大床房:HK$251', '商務雙床房:HK$251', '豪華商務大床房:HK$284']"
逐風概念酒店（保山高鐵站店）,9.4,"['桔梗（雙床房）:HK$150', '鳶尾（榻榻米大床房）:HK$158', '風信子（大床房）:HK$166', '風鈴草（陽台觀景大床房）:HK$182']"
逸嘉酒店（保山火車站店）,9.7,"['特價大床房:HK$155', '經濟大床房:HK$161', '舒適大床房:HK$172', '舒適雙床房:HK$172']"
保山康浩商旅酒店（九龍店）,9.0,"['特惠大床房:HK$114', '簡約大床房:HK$141', '木色雙床房:HK$146', '雅意大床房（智能輕享）:HK$152']"
保山好上居酒店,9.5,"['輕享大床房（全屋智能語音聲控+零壓睡眠+智能馬桶）:HK$167', '豪華大床房（全屋智能聲控+定製零壓睡眠+智能馬桶）:HK$179', '舒適雙床房（智能聲控+零壓睡眠+智能馬桶+65寸電視）:HK$185', '巨幕投影房（全屋智能聲控+定製零壓睡眠+智能馬桶）:HK$198']"
