酒店名称,评分,房型价格列表
舒城一杭國際大酒店,9.5,"['商務大床房:HK$245', '商務雙床房:HK$267', '豪華大床房:HK$282', '豪華雙床房:HK$304', '行政大床房:HK$317']"
漢庭酒店（六安新都會環球廣場店）,9.6,"['大床房:HK$224', '商務雙床房:HK$224', '高級大床房:HK$233', '商務大床房:HK$243']"
漢庭酒店（六安八公山路萬達廣場店）,9.5,"['高級雙床房:HK$233', '高級大床房:HK$243', '商務大床房:HK$252']"
漢庭酒店（六安城南鎮政府店）,9.8,"['大床房:HK$205', '商務雙床房:HK$205', '商務大床房:HK$224']"
六安皖西賓館,9.6,"['城景雙床房:HK$326', '城景高級雙床房:HK$338', '城景高級大床房:HK$370', '城景豪華雙床房:HK$383', '城景豪華大床房:HK$417', '豪華景觀圓床房:HK$426']"
柏曼酒店（六安文滙店）,9.5,"['標準大床房:HK$207', '標準雙床房:HK$226', '豪華大床房:HK$237', '家庭房:HK$309']"
安徽建工新時代大酒店（六安火車站政務中心店）,9.4,"['高級標準間:HK$263', '高級大床間:HK$263', '豪華大床間:HK$309', '行政大床間:HK$312', '行政標準間:HK$329']"
六安南湖白鷺園酒店,9.6,"['園景大床房:HK$475', '園景標準房:HK$475', '逸景標準間:HK$566', '逸景大床房:HK$585', '豪華景觀標準房:HK$633', '豪華景觀大床房:HK$662']"
漢庭酒店（六安皖西大道國際汽車城店）,9.8,"['大床房:HK$168', '雙床房:HK$177', '高級大床房:HK$187', '高級雙床房:HK$206']"
六安聆心谷温泉度假酒店,9.4,"['聆心大床房:HK$634', '聆心雙床房:HK$634', '高級山景雙床房:HK$678', '豪華園景大床房:HK$743', '豪華園景雙床房:HK$743', '山景温泉別墅:HK$973']"
六安新錦成開元名都酒店,9.6,"['開元市景雙床房:HK$348', '開元市景大床房:HK$368', '豪華市景雙床房:HK$389', '開元尊享大床房:HK$395', '豪華市景大床房:HK$409', '行政市景大床房:HK$472']"
六安環月萬乘國際酒店,9.4,"['特惠標準間:HK$260', '特惠大床房:HK$260', '觀景標間:HK$282', '觀景單間:HK$282']"
格林東方酒店（金寨蓮花山路店）,9.4,"['東方高級雙床房:HK$212', '東方高級大床房:HK$235', '東方雙床房:HK$240', '豪華大床房:HK$246']"
瑞安豪泰酒店（六安建業店）,9.1,"['雙床房:HK$110', '家庭房:HK$119', '高級大床房:HK$119', '高級雙床房:HK$119']"
全季酒店（六安市政府政務中心店）,9.7,"['雙床房:HK$321', '大床房:HK$330', '高級雙床房:HK$350', '高級大床房:HK$359']"
韻庭酒店（六安政務中心山水奧萊星河店）,9.8,"['智景｜悠享標間65寸電視+羽絨被芯+夢百合零壓床墊:HK$249', '雲智｜闊景套房+智能客控+羽絨被芯+夢百合零壓床墊:HK$385']"
你好酒店（六安國際汽車城店）,9.9,"['高級大床房:HK$194', '商務大床房:HK$204', '商務雙床房:HK$212', '家庭房:HK$221']"
奧斯汀酒店（六安高鐵南站店）,9.1,"['優選·智影大床房:HK$260', '優選·智影雙床房:HK$260', '氧吧·智影大床房:HK$277', '氧吧·智影雙床房:HK$277']"
輕享季酒店（光彩大市場火車站店）,9.4,"['輕享特惠大床房|酒店公區提供洗衣房|多線頭快充:HK$125', '輕享迷你大床房|酒店公區提供洗衣房|乾濕分離:HK$138', '輕享智能緊湊大床房|全屋智能丨電視投屏|多線頭快充:HK$151', '輕享智能雙床房|全屋智能|電視投屏丨多線頭快充:HK$196']"
六安晟誠開元名庭酒店,9.6,"['名成高級雙床房:HK$391', '名成高級大床房:HK$403', '名成豪華雙床房:HK$414', '名成豪華河景大床房-一線河景-唯美夜景:HK$425', '名成豪華行政大床房-超大浴缸-唯美夜景:HK$472']"
漢庭酒店（六安裕安區萬達廣場店）,9.6,"['高級大床房:HK$227', '高級雙床房:HK$236', '商務大床房:HK$246', '商務雙床房:HK$257']"
六安都市風景花園賓館,9.5,"['特惠雙床房:HK$216', '商務標準間:HK$230', '商務大床房:HK$230', '豪華雙床房:HK$240']"
全季酒店（六安紅街步行街店）,9.2,"['豪華雙床房:HK$335', '高級大床房:HK$355', '家庭房:HK$365', '豪華大床房:HK$374']"
六安索伊國際大酒店,9.3,"['豪華雙床房:HK$371', '景觀雙床房:HK$380', '豪華大床房:HK$397', '君瀾豪華大床房:HK$412', '景觀大床房:HK$423', '家庭豪華大床客房:HK$443']"
六安茶閲夜酒店,9.1,"['茶閲雅緻雙床房（全屋智能）:HK$261', '療愈養生大床房（全屋智能浴足）:HK$293', '馥郁行政大床房（全屋智能浴缸）:HK$402', '清歡庭院景觀房（全屋智能浴缸）:HK$402', '馥郁休閑套房（全屋智能浴缸）:HK$589']"
尚品智慧酒店（六安銀泰萬達店）,9.2,"['智能標準大床房（羽絨被芯+零壓床墊）:HK$204', '智能標準雙床房（羽絨被芯+零壓床墊）:HK$211', '智能高級大床房（羽絨被芯+零壓床墊）:HK$219', '智能高級雙床房（羽絨被芯+零壓床墊）:HK$226']"
舒城未一酒店,9.8,"['智能樂享大床房:HK$228', '臻選雅緻雙床房:HK$272', '臻選雅緻大床房:HK$272', '負離子靜雅雙床房:HK$305']"
六安曙光鉑尊酒店,9.5,"['豪華園景雙床房:HK$384', '豪華園景大床房:HK$394', '豪華湖景大床房:HK$419', '豪華湖景雙床房:HK$423', '行政園景雙床房:HK$463', '歡樂親子房:HK$475']"
維也納3好酒店（六安萬達銀泰店）,9.6,"['高級大床房:HK$196', '高級雙床房:HK$207', '豪華大床房:HK$216', '豪華雙床房:HK$227']"
全季酒店（六安霍邱萬達廣場店）,9.7,"['高級大床房:HK$281', '高級雙床房:HK$281', '商務大床房:HK$318']"
金寨國際酒店,9.4,"['金韻大床房:HK$321', '金尊雙床房:HK$350', '金尊大床房:HK$370', '景觀套房:HK$545', '臻品連通家庭房:HK$761']"
維也納酒店（六安火車站政務中心店）,9.5,"['城景雙床房:HK$219', '豪華雙床房:HK$239', '豪華大床房:HK$259', '商務雙床房:HK$279']"
藝龍酒店（六安雙創大廈店）,9.5,"['美凈雙床房「寬景大窗+品牌床墊零壓枕」:HK$232', '美致雙床房「寬景大窗+品牌床墊零壓枕」:HK$257', '美致大床房「寬景大窗+品牌床墊零壓枕」:HK$265', '行政大床房「寬景大窗+品牌床墊零壓枕+冰箱」:HK$327', '豪華行政套房「寬景大窗+浴缸+品牌床墊零壓枕+冰箱」:HK$480']"
六安葉集區城投商務中心酒店,8.8,"['杉語聽瀾大床房丨浴缸丨電視投屏丨乾濕分離丨充電線頭:HK$209', '杉語聽瀾雙床房丨酒店公區提供洗衣房丨雨傘丨體重秤:HK$219', '雲棲別院套房丨電視投屏丨乾濕分離丨浴缸丨浴袍:HK$366', '棲梧臻境套房丨浴缸丨電視投屏丨乾濕分離丨智能馬桶:HK$482']"
金寨鴻福花園粵海酒店,9.4,"['標準大床房（無窗）:HK$288', '標準雙床房（無窗）:HK$288', '豪華標準間:HK$320', '豪華單間:HK$320', '行政單間:HK$409']"
萬乘·皓彩大酒店（六安霍山店）,9.4,"['躍動·霓虹大床房丨金可兒床墊丨肯特吹風機丨有線快充:HK$241', '悦動·霓虹雙床房丨多線頭快充丨乾濕分離丨刮鬍刀:HK$241', '筒索萬境套房丨刮鬍刀丨乾濕分離丨多線頭快充丨雨傘:HK$347', '滑梯童趣屋丨巨幕投影丨電動窗簾丨乾濕分離丨有線快充:HK$410']"
六安萬乘·和諧園酒店（六安市政府店）,9.2,"['舒適大床房:HK$236', '豪華大床房:HK$403', '行政套房:HK$606']"
金寨飯店,9.7,"['豪華雙床房:HK$397', '高級大床房:HK$398', '豪華大床房:HK$426', '豪華景觀大床房:HK$473', '豪華樂享大床房:HK$473', '行政雙床房:HK$518']"
你好酒店（六安皋街店）,9.8,"['大床房:HK$177', '高級大床房:HK$187', '高級雙床房:HK$196', '景觀大床房:HK$205']"
漢庭酒店（六安金安區行政中心北區店）,9.8,"['大床房:HK$187', '高級雙床房:HK$187', '高級大床房:HK$196']"
92·柒心海棠酒店（金寨大別山玉博園店）,9.7,"['花語輕奢雙床房|護髮高速吹風機·愜意辦公:HK$192', '花語輕奢大床房| 潔凈舒適·助眠床墊·衣櫃衣架:HK$198', '柒心影院雙床房|120寸巨幕VIP·可投屏·縱觀外景:HK$204', '海棠物語雙床房|全景落地窗·乾濕分離:HK$209', '海棠物語大床房|全景飄窗·陽光通透:HK$214']"
全季酒店（六安裕安區萬達廣場店）,10.0,"['商務大床房:HK$305', '商務雙床房:HK$335', '套房:HK$403']"
92漫步雲景酒店（金寨金粵大廈店）,9.5,"['漫語温馨丨雙床房丨乾濕分離·舒心夜眠:HK$193', '漫語温馨丨大床房丨親膚床品·中央空調:HK$193', '漫選城景丨雙床房丨商務桌椅·潔凈舒適:HK$197', '漫選城景丨大床房丨窗外好景·助眠床墊:HK$214']"
艾希電競酒店（海心沙店）,9.9,"['精選電競大床房:HK$275', '精選電競雙床房:HK$275', '精品電競雙床房:HK$310', '精品電競大床房:HK$310']"
蘭庭都市酒店,9.4,"['特價大床房:HK$203', '豪華大床房:HK$222', '商務標間:HK$250', '商務大床房:HK$250']"
鉑萊精品酒店（六安解放路萬達廣場店）,9.3,"['浪漫主題圓床房（乳膠床墊）:HK$163', '特惠大床房:HK$163', '特惠雙床房:HK$163', '精品大床房（乳膠床墊）:HK$173']"
六安銀杏葉精選酒店（萬達廣場店）,9.6,"['商務暢享雙床房（零壓床墊·緩解疲勞+空氣凈化）:HK$304', '精選大床房（温柔舒睡·享好夢+空氣凈化）:HK$322', '精英尊享雙床房（零壓床墊·健康護脊+空氣凈化）:HK$322', '浪漫臻選房（私享浴缸·街景+空氣凈化）:HK$348']"
宜尚酒店（金寨五星街桂花公園店）,9.5,"['標準大床房:HK$204', '標準雙床房:HK$231', '豪華大床房:HK$237', '豪華雙床房:HK$251']"
楓雅酒店（六安浙東商貿城店）,9.2,"['軒逸大床房:HK$123', '軒逸雙床房（足浴桶）:HK$123', '輕雅大床房（足浴桶）:HK$139', '公主大床房（足浴桶）:HK$139']"
六安唯迦電競酒店,9.4,"['豪華電競雙人間:HK$245', '豪華電競大床房:HK$245', '電競雙人間:HK$256', '情侶閨蜜開黑大床房:HK$256']"
