酒店名称,评分,房型价格列表
北京歸浦北海四合院酒店（西單金融街店）,9.4,"['歸浦大床房:HK$614', '高級大床間:HK$639', '豪華大床房:HK$739', '豪華親子房:HK$1,034']"
北京朝陽北路長楹天街亞朵酒店,9.7,"['雅緻大床房（智能客控+小冰箱+65寸可投屏電視）:HK$628', '雅緻雙床房（智能客控+小冰箱+65寸可投屏電視）:HK$628', '高級大床房（智能客控+小冰箱+65寸可投屏電視）:HK$655', '行政大床房（智能客控+小冰箱+65寸可投屏電視）:HK$700', '高級雙床房（智能客控+小冰箱+65寸可投屏電視）:HK$718']"
北京三元橋CitiGO歡閣酒店,9.6,"['歡閣大床房:HK$582', '歡逸大床房:HK$607', '歡逸親子房:HK$809']"
北京軍中綠花酒店（石景山店）,9.9,"['海軍優選榻榻米（深睡記憶枕+智能客控）:HK$612', '海軍優選大床房（深睡記憶枕+智能客控+智能馬桶）:HK$635', '海陸空雙床房（智能客控+65寸電視投屏+深睡記憶枕）:HK$659', '海陸空大床房（智能客控+65寸電視投屏+智能馬桶）:HK$682', '陸軍甄選雙床房（深睡記憶枕+65寸電視投屏+小冰箱）:HK$765']"
懿庭臻舍酒店（北京天安門廣場店）,9.3,"['臻舍大床房:HK$671', '臻舍雙床房:HK$704', '復古大床房（無窗）:HK$729', '復古雙床房:HK$789']"
麗怡酒店（北京潘家園方莊地鐵站店）,9.7,"['高級大床房（慕思床墊+智能客控）:HK$577', '純凈大床房（慕思床墊+空氣凈化器+智能客控）:HK$622', '豪華大床房（慕思床墊+智能客控）:HK$675', '商務大床房（慕思床墊+沙發區+智能客控）:HK$752']"
北京呆住幽蘭酒店（天安門王府井店）,9.7,"['半枝妍:HK$1,189', '浮雲閑:HK$1,189', '浮雲閑庭院房:HK$1,298', '半枝妍庭院房:HK$1,298']"
北京福庭酒店,9.6,"['靈動房:HK$779', '舒適房:HK$872', '豪華大床房:HK$965', '城景大床房:HK$1,178', '臻品大床房:HK$1,708']"
艾扉酒店（北京通州東直門醫院環球度假區店）,9.3,"['大床房A（高清投屏+電動窗簾）:HK$350', '雙床房A（高清投屏+電動窗簾）:HK$377', '大床房（高清投屏+電動窗簾+有窗）:HK$377', '高級大床房（高清投屏+電動窗簾+陽光滿屋）:HK$412']"
和喬麗致酒店（國貿大望路地鐵站店）,9.3,"['商務大床房（冰箱+沙發區）:HK$611', '商務雙床房（冰箱+沙發）:HK$654', '行政大床房（冰箱+沙發區）:HK$654', '一室一廳會晤套房:HK$720']"
北京南站大興機場線草橋地鐵站輕居酒店,9.6,"['舒適大床房（深睡+智能客控+投屏65寸電視+小冰箱）:HK$592', '標準大床房（深睡+智能客控+投屏電視+小冰箱）:HK$619', '精選大床房（深睡+智能客控+投屏65寸電視+小冰箱）:HK$637', '舒適標準間（深睡床品+智能客控+投屏電視+小冰箱）:HK$637']"
和風景裏四合院酒店（後海恭王府店）,9.6,"['優享大床房（智能客控+定製護脊床墊+戴森吹風機）:HK$1,082', '景觀高級大床房（智能客控+定製護脊床墊+戴森吹風機）:HK$1,136', '庭院尊享大床房（智能客控+獨立院落+定製護脊床墊）:HK$1,344', '萬象豪華套房（智能客控+定製護脊床墊+獨立浴缸）:HK$1,661', '尊悦豪華雙床房（智能客控+定製護脊床墊+戴森吹風機）:HK$1,792']"
德全奢品酒店（朝陽高鐵站十里堡地鐵站店）,9.2,"['LOFT雅緻星空大床房（智能客控+零壓床墊+手機投屏）:HK$522', '雅緻星空大床房（智能客控+智能馬桶+星空幻境）:HK$545', '雅緻星空雙床房（智能客控+智能馬桶+星空幻境）:HK$568', 'LOFT輕奢圓床房（自動窗簾+智能客控+零壓床墊）:HK$591']"
北京海灣半山酒店,9.8,"['豪華雙床房 • 療愈工坊:HK$1,670', '豪華園景大床房 • 療愈減壓工坊:HK$1,670', '豪華園景雙床房 • 療愈減壓工坊:HK$1,856', '孝敬父母雙床房:HK$2,184', '尊貴活力私湯客房 • 能量修復工坊:HK$2,599', '豪華套房 • 脈輪平衡工坊:HK$2,785']"
康鉑酒店（北京環球度假區臨河裡地鐵站店）,9.4,"['舒適大床房（智能客控+夢百合床墊+空氣凈化器）:HK$453', '舒適家庭房（智能客控+夢百合床墊+安享睡眠）:HK$488', '高級大床房（智能客控+夢百合床墊+沙發椅+辦公桌）:HK$494', '豪華大床房（智能客控+夢百合床墊+舒享陽光滿屋）:HK$538']"
北京藍灣國際酒店（首都機場新國展店）,9.7,"['致享大床房（自助烘乾洗衣房+互動健身房+靜心閲讀空間）:HK$412', '致享雙床房（自助烘乾洗衣房+互動健身房+靜心閲讀空間）:HK$445', '臻享大床房:HK$479', '臻享雙床房:HK$524', '親子家庭房（自助烘乾洗衣房+互動健身房+親子空間+純凈水暢飲）:HK$591']"
秋果酒店（北京望京798藝術區店）,9.6,"['特色日式榻榻米:HK$528', '新氧無霾大床房:HK$549', '新氧無霾雙床房:HK$580', '明星商務大床房:HK$601']"
朗麗茲酒店（北京潘家園十里河地鐵站店）,9.6,"['特惠大床房:HK$571', '特惠雙床房（智能馬桶+智能鏡）無窗:HK$597', '高級大床房 （有窗+小冰箱）:HK$604', '精緻雙床房（智能馬桶+智能鏡+自動窗簾）:HK$641']"
豐滙酒店（北京南站草橋地鐵站店）,9.2,"['精選體驗大床房（落地窗觀景+智能客控+迷你冰箱）:HK$681', '臻選高級大床房（落地窗觀景+智能客控+迷你冰箱）:HK$759', '臻享豪華大床房（落地窗觀景+智能客控+迷你冰箱）:HK$905', '臻享豪華雙床房（落地窗觀景+智能客控+迷你冰箱）:HK$938']"
北京素問酒店,9.6,"['舒適大床房無窗（獨立新風，智能客控，乳膠床墊）:HK$452', '高級雙床間無窗（獨立新風，智能客控，乳膠床墊）:HK$476', '舒適大床房（獨立新風，智能客控，乳膠床墊）:HK$531', '高級雙床間（獨立新風，智能客控，乳膠床墊）:HK$701', '高級雙床套房（一室一廳，獨立新風，乳膠床墊）:HK$723']"
好彩暮居酒店（北京環球影城度假區梨園地鐵站店）,9.4,"['精選大床房（全屋小度智能+多功能遙控馬桶）:HK$547', '特色雙床房（全屋小度智能+多功能遙控馬桶）:HK$547', '高級大床房（全屋小度智能+多功能遙控馬桶）:HK$573', '高級雙床房（全屋小度智能+多功能遙控馬桶）:HK$573']"
漫麴酒店（北京首都機場新國展店）,9.7,"['精緻大床房（智能馬桶+零壓床墊+自動窗簾）:HK$411', '舒適大床房（智能馬桶+零壓床墊+自動窗簾）:HK$474', '商務大床房（智能馬桶+沙發+零壓床墊+自動窗簾）:HK$517', '商務雙床房（智能馬桶+沙發+零壓床墊+自動窗簾）:HK$517']"
景裏紅驛棧酒店（北京東直門三里屯店）,9.3,"['榻榻米舒適大床房（副樓）:HK$456', '榻榻米雅緻大床房（副樓）:HK$492', '榻榻米雅緻雙床房（副樓）:HK$534', '商務大床房（空氣凈化）:HK$624']"
北菲花園·長城景觀私湯民宿（八達嶺水關長城店）,10.0,"['天際・長城景觀露台雙床房（露台+長城景觀私湯+投影）:HK$1,198', '倚欄・長城景觀露台雙床房（180度長城景觀+私湯+投影）:HK$1,198', '觀星・私湯小院雙大床房（獨棟小院+私湯+投影）:HK$1,420', '聽雨・私湯小院雙大床房（獨棟小院+私湯+投影）:HK$1,420']"
北京華僑夜泊君亭酒店,9.5,"['豪華大床間:HK$992', '四季都市大床間:HK$1,080', '豪華雙床間:HK$1,102', '四季都市雙床間:HK$1,201', '海底小縱隊主題房:HK$1,280', '君亭概念間:HK$1,411']"
德全奢品酒店（北京CBD京廣中心店）,9.5,"['雅緻大床房（全屏投影儀+智能馬桶+小冰箱）:HK$608', '雅緻雙床房（全屏投影儀+智能馬桶+小冰箱）:HK$642', '臻品大床房（全屏投影儀+智能馬桶+小冰箱）:HK$677', '臻品雙床房（全屏投影儀+智能馬桶+小冰箱）:HK$712']"
漢庭酒店（北京首經貿天壇醫院店）,9.8,"['大床房:HK$462', '特價雙床房:HK$462', '高級雙床房:HK$483', '家庭房:HK$512']"
北京勁松地鐵站瑞貝庭公寓酒店,9.5,"['高級大床房A（全屋智能+投屏+冰箱+金可兒床墊））:HK$506', '高級大床房（客房洗烘一體機+投屏+冰箱+金可兒床墊）:HK$600', '豪華大床房（全屋智能+客房洗烘機+冰箱+金可兒床墊）:HK$618', '一房豪華套房（全屋智能+洗烘機+冰箱+金可兒床墊）:HK$855']"
別院裏·私湯別墅酒店（北京清河高鐵站店）,9.7,"['「緣螢丨鸞雀」一居室別墅小院（室外私湯+獨立院落）:HK$2,501', '「青梧丨晴川」二居室別墅小院（室內私湯+獨立院落）:HK$3,483']"
城市有愛酒店（北京南站西鐵營地鐵站店）,9.6,"['標準大床房（電視投屏、智能客控、乾濕分區、軟水洗浴）:HK$465', '森林氧吧大床房（負氧離子器、電視投屏、智能客控、軟水洗浴}:HK$486', '激光影院大床房（激光電影+3D，133寸抗光大幕，杜比高保真音效、軟水洗浴、智能客控）:HK$508', '豪華大床房（電視投屏、全屋遙控、功能分區、軟水洗浴）:HK$603']"
隱卓酒店（國展三元橋地鐵站店）,9.6,"['雅緻大床房（智能客控+智能馬桶+新風系統+小冰箱）:HK$642', '雅緻景觀大床房（智能客控+智能馬桶+新風系統）:HK$694', '商務大床房（智能客控+小冰箱+智能馬桶+親膚浴袍）:HK$747', '豪華大床房（全屋智能+小冰箱+親膚浴袍+深睡床墊）:HK$786']"
朗麗茲酒店（北京西站六裏橋東地鐵站店）,9.5,"['高級大床房（全屋智能客控 +自動窗簾 +零壓乳膠枕）:HK$522', '商務大床房（全屋智能客控 +自動窗簾 +零壓乳膠枕）:HK$569', '麗茲大床房（全屋智能客控 +自動窗簾 +零壓乳膠枕）:HK$627', '麗茲雙床房（全屋智能客控 +自動窗簾 +零壓乳膠枕）:HK$697']"
德全奢品酒店（國家會議中心奧林匹克公園地鐵站店）,9.6,"['雅緻雙床房·智能客控·靜享空間:HK$675', 'Loft臻品大床房·智能客控·穹頂悠眠:HK$710', '臻品雙床房·智能客控·高幀投影儀:HK$762', 'Loft輕奢大床房·智能客控·小冰箱:HK$798']"
北京新國展首都機場桔子水晶酒店,9.8,"['大床房（落地窗陽光滿屋，獨立WIFI，美國絲漣床墊）:HK$851', '高級大床房（落地窗陽光滿屋，獨立WIFI，美國絲漣床墊）:HK$898', '商務大床房（落地窗陽光滿屋，獨立WIFI，美國絲漣床墊）:HK$946', '豪華大床房（落地窗陽光滿屋，獨立WIFI，美國絲漣床墊）:HK$993', '行政大床房（落地窗陽光滿屋，獨立WIFI，美國絲漣床墊）:HK$1,041']"
北京金奇樹酒店（大興義和莊地鐵站店）,9.8,"['180°園景大床房（智能客控+獨立洗衣機+獨立冰箱）:HK$520', '180°城景雙床房（智能客控+獨立洗衣機+獨立冰箱）:HK$595', '180°行政觀景房（智能客控+開放式廚房+獨立冰箱）:HK$693', '家庭房（WMF烹飪廚具+獨立洗衣機+獨立冰箱）:HK$771', '一室一廳行政套房（WMF烹飪廚具+Mini Bar）:HK$845']"
北京亦莊智選假日酒店,9.7,"['高級大床房:HK$774', '高級雙床房:HK$774', '單卧套房:HK$805', '雙卧套房（兩張特大床帶起居室和廚房）:HK$1,084']"
請晉·喬家大院酒店（北京建國門首都兒研所店）,9.4,"['特價大床房（智能客控）:HK$707', '陽光大床房（智能客控+零壓床墊+記憶枕+電視投屏+乾濕分離+化粧鏡）:HK$740', '商務雙床房（智能客控+零壓床墊+記憶枕+電視投屏+乾濕分離+化粧鏡）:HK$811', '豪華舒適大床房（智能客控+零壓床墊+乾濕分離）:HK$833']"
北京安枕喜玥酒店（勁松廣渠門外地鐵站）,9.7,"['雅緻單人房（全屋智能+投屏+金可兒床墊）:HK$501', '花木單人房（全屋智能+客房洗烘機+投屏+金可兒床墊）:HK$534', '喜玥大床房（全屋智能+客房洗烘機+投屏+金可兒床墊）:HK$578', '雅緻雙床房:HK$611']"
得瑞酒店（北京新國展首都機場店）,9.5,"['悦然大床房（新風凈化+智能客控+投屏電視+乾濕分離）:HK$574', '悦然雙床房（新風凈化+智能客控+投屏電視+乾濕分離）:HK$613', '雲棲大床房（新風凈化+智能客控+投屏電視+乾濕分離）:HK$625', '悠得大床房（新風凈化+智能客控+投屏電視+乾濕6分區）:HK$672', '悠得雙床房（新風凈化+智能客控+投屏電視+乾濕6分區）:HK$733']"
全季酒店（北京雙橋店）,9.8,"['大床房（乾濕分離+睡眠香氛）:HK$500', '高級大床房（乾濕分離+睡眠香氛）:HK$559', '豪華大床房（乾濕分離+睡眠香氛）:HK$578', '高級特大床房（乾濕分離+睡眠香氛）:HK$616']"
北京明珠酒店（北京大興機場店）,9.4,"['輕享標準雙床房（陽光落地窗）:HK$490', '輕享標準大床房（陽光落地窗）:HK$524', '小黃鴨 · 家庭親子雙床房:HK$570', '悦享商務大床房（至臻睡眠床品+加濕防乾燥）:HK$578', '飛行觀景商務大床房（觀飛機銀翼起降日落美景）:HK$600']"
藝棧酒店（北京三元橋燕莎使館區店）,9.7,"['特惠大床房:HK$513', '舒適大床房:HK$547', '精緻雙床房:HK$624', '經典大床房:HK$656']"
朵蘭達V酒店（北京五棵松復興路店）,9.4,"['Senior零壓精緻大床房:HK$653', 'Senior零壓智能大床房:HK$686', 'CooL靜謐院景大床房:HK$741', 'Senior零壓精緻雙床房:HK$763', 'Senior零壓智能雙床房:HK$850']"
北京紫檀萬豪行政公寓,9.2,"['精選一居室套房:HK$1,338', '行政一居室套房:HK$1,465', '家庭一居室套房:HK$1,720', '二居室套房:HK$2,357', '三居室套房:HK$3,249']"
藝龍酒店（北京通州環球梨園地鐵站店）,9.3,"['雅緻大床房:HK$484', '心悦大床房（温馨宜居+全屋智能）:HK$517', '藝心大床房（零壓床墊+全屋智能）:HK$562', '藝影大床房（巨幕影院+全屋智能）:HK$584']"
全季酒店（北京勁松地鐵站店）,9.8,"['特價房:HK$663', '大床房:HK$693', '高級大床房A:HK$723', '高級大床房:HK$754']"
北京遠航花園酒店（北京大興國際機場店）,9.8,"['致享大床房【智能投屏+深睡級床品】:HK$376', '悦享雙床房【智能投屏+深睡級床品】:HK$436', '雅緻大床房【智能投屏+深睡級床品】:HK$488', '行政雙床房【智能投屏+深睡級床品】:HK$520', '超級大床房【智能投屏+深睡級床品】:HK$531']"
華樂頌酒店（北京西單金融街店）,9.4,"['雅靜特惠房:HK$526', '雅悦特惠房:HK$582', '雅悦大床房:HK$624', '雅悦豪華大床房:HK$664']"
麗楓酒店（北京清河高鐵站小米科技園店）,9.5,"['雅緻大床房（外窗+慕思深睡眠床墊+空氣凈化器+冰箱）:HK$478', '景觀大床房（外窗+慕思深睡眠床墊+空氣凈化器）:HK$512', '商務大床房（智能語音客控+慕思睡眠床墊+空氣凈化器）:HK$553', '雅緻雙床房（外窗+慕思深睡眠床墊+空氣凈化器）:HK$556']"
百漫酒店（北京南站和義地鐵站店）,9.4,"['漫享大床房（小米空氣凈化器+高端定製床品+智能客控）:HK$400', '漫奢大床房（小米空氣凈化器+高端定製床品+智能客控）:HK$433', '漫居大床房（小米空氣凈化器+高端定製床品+智能客控）:HK$476', '漫居雙床房（小米空氣凈化器+高端定製床品+智能客控）:HK$608']"
