酒店名称,评分,房型价格列表
北海醒在海里｜Awakening in the sea高端海景酒店,9.9,"['Drunken Beauty·洞穴海景空中恆温泡池雙床房∣私享空中海景超大院子∣A08:HK$1,291', 'Romantic·海景空中恆温泡池雙床房∣私享空中海景大院子∣A01:HK$1,392', 'Enjoy·海景空中恆温泡池超大床套房∣私享空中海景大院子∣A02:HK$1,392', 'Secret Realm·洞穴海景空中恆温泡池雙床房∣私享空中海景超大院子∣H06:HK$1,411', 'Seawater·180度海景空中恆温泡池超大床套房∣私享空中海景超大院子∣A03:HK$1,411']"
北海和安麗灣海景酒店,9.4,"['觀海豪華大床房（一房一廳+獨立海景陽台）:HK$462', '漫海主題套房（奢彩夕陽）:HK$473', '觀海豪華雙人房（360度全海景+智能馬桶+沙發）:HK$494', '聽海親子套房（榻榻米露台+冰箱）:HK$568', '親海家庭套房（海景2房+廚房+冰箱）:HK$610']"
告白海景酒店公寓（銀灘度假區店）,9.7,"['海景大床房:HK$384', '豪華海景雙床房:HK$420', '精品雙床親子房（90℃看海）:HK$444', '豪華海景大床房:HK$480']"
柏曼酒店（北海老街海底世界店）,9.6,"['高級大床房（智能客控+親膚好眠+0壓力枕）:HK$272', '高級雙床房（智能客控+靜謐空間+高清投屏）:HK$305', '豪華大床房（深度好眠+智能補光鏡+靜音玻璃）:HK$305', '豪華雙床房（商務辦公+智能客控+城市夜景）:HK$370', '城景大床房（城市夜景+智能客控+功夫茶具）:HK$370']"
西海一線海景民宿（北海金灘景區店）,9.5,"['180度全海景大床房+無遮擋觀海大陽台+看落日+可做飯:HK$423', '西海韻·180度海景2房+無遮擋陽台+看海看落日+可做飯:HK$533', '西海戀·180度海景2房+輕奢茶台+無遮擋陽台看海看落日:HK$533', '西海畔·180度海景2房+無遮擋陽台看海+衞浴乾濕分離:HK$642']"
北海芸姐海景民宿（銀灘度假區店）,9.5,"['雲雅·園景大床房 （茶台+弔籃）:HK$434', '雲若·城景大床房（網紅浴缸+100寸超清投影）:HK$526', '雲戀·180º高層海景大床房（看海陽台+超清投影幕布）:HK$610', '雲澗·高層海景一室大床房（網紅浴缸+100寸超清投影）:HK$641']"
瞰海海景酒店（北海銀灘店）,9.6,"['藍色星海親子房（90度看海）:HK$701', '星辰嶼海雙人房（180度看海）:HK$701', '藍海星辰大床房（180度看海）:HK$701', '藍色嶼海雙人房（180度看海）:HK$701']"
北海富麗華大酒店,9.4,"['高級雙床房:HK$916', '高級海景雙床房:HK$969', '高級海景大床房:HK$969', '豪華海景大床房:HK$1,089', '豪華海景雙床房:HK$1,089', '親子海景子母房-小黃人:HK$1,307']"
怡程酒店（北海海底世界金灘店）,9.3,"['舒適大床房（城景落地窗+安靜舒適好眠+功夫茶具）:HK$363', '高級大床房（親膚浴袍+秒睡零壓床墊+功夫茶具）:HK$391', '高級雙床房（親膚浴袍+秒睡零壓床墊+功夫茶具）:HK$391', '豪華大床房（超大空間+秒睡零壓床墊+功夫茶具）:HK$410', '城景大床房（遠眺北部灣1號海景+零壓床墊+功夫茶具）:HK$478']"
北海香格里拉大酒店,9.4,"['豪華城景大床房:HK$751', '豪華城景雙床房:HK$751', '高級城景雙床房:HK$751', '高級城景大床房:HK$751', '高級海景大床房:HK$855', '高級海景雙床房:HK$855']"
雲端·設計師海景酒店（北海銀灘旅遊度假區店）,9.7,"['雲瀾┃城景舒逸大床房（旖旎城景+75英寸小米電視+小冰箱+洗衣機+現代輕奢）:HK$415', '雲錦┃城景舒適雙床房（繽紛城景+洗烘一體機+小冰箱+75英寸小米電視+現代簡約）:HK$437', '雲慕┃景觀舒然親子房（綺麗窗景+洗烘一體機+小冰箱+高清投影+現代簡約）:HK$459', '雲端｜海景悦色大床房（180°海景+洗烘一體機+巨幕投影+現代簡約風）＞:HK$499']"
花田·海公館海景度假民宿 （老街海底世界店）,9.8,"['純享·頂樓側海景大床房（90°觀海大陽台+全屋高端實木傢俱+舒適床品）:HK$528', '悦享·頂樓側海景雙床房（90°觀海陽台+鳥瞰百年老街+全屋高端實木傢俱+舒適床品）:HK$586', '悦瀾·頂樓側海景大床房（90°觀海大陽台+全屋高端實木傢俱+舒適床品+多功能按摩椅）:HK$612', '悠享·頂樓全海景雙床房（180°觀海花園大陽台+全屋高端實木傢俱+舒適床品+迷你吧）:HK$661']"
北海辰茂海灘酒店（銀灘潮雕廣場店）,9.0,"['園景雙床房（舒適睡眠+迷你冰箱）:HK$631', '高級雙床房（觀景陽台+迷你冰箱）:HK$666', '高級大床房（觀景陽台+迷你冰箱）:HK$666', '行政海景雙床房（枕海而眠+悦享海景+迷你冰箱）:HK$725', '行政海景大床房（枕海而眠+悦享海景+迷你冰箱）:HK$725']"
北海喜來登度假酒店,9.3,"['寬敞式雙床房:HK$1,401', '寬敞式大床房:HK$1,464', '寬敞家庭房-1大1雙:HK$1,502', '家庭雙床房-小童高低床:HK$1,528', '家庭大床房-小童高低床:HK$1,566', '局部海景雙床房:HK$1,592']"
錦時海景酒店（北海銀灘度假區店）,9.6,"['錦鯉·園林景雙床房（55寸4K電視+洗衣機+MINI冰箱）:HK$405', '錦鯉·城景大床房（4K電視+洗衣機+智能馬桶+小冰箱）:HK$405', '日暮·高層城景大床房（55寸4K電視+洗衣機+乾濕分離）:HK$405', '錦鯉·高層城景雙床房（55寸4K電視+洗衣機+乾濕分離）:HK$445']"
北海海居客棧,9.1,"['海景大床房:HK$290', '海景二室二廳套房:HK$559', '海景三室二廳710:HK$701', '海景二室二廳三床套房:HK$772']"
椰子海景花園露台公寓（北海海底世界店）,9.7,"['城景大床房（獨立城景陽台）:HK$454', '精品城景雙床房（一覽全城+高層獨立城景陽台+無敵城市夜景）:HK$474', '精品海景大床房（高層無敵海景+海景陽台）:HK$488', '豪華海景大床房（古城落日+獨立觀海陽台）:HK$502']"
北海皇家海灣度假海景民宿,9.7,"['觀落日園林輕奢大床套房（贈趕海+觀景露台）:HK$568', '輕奢微海景大床套房（觀景露台+冰箱+洗衣機）:HK$588', '觀園林輕奢兩室一衞套房:HK$642', '觀日出正對海景輕奢兩室套房（觀海看日出大露台）:HK$688']"
城市便捷酒店（北海火車站店）,9.5,"['標準大床房:HK$212', '特惠大床房:HK$226', '特惠雙床房:HK$241', '高級大床房:HK$248']"
海悦居公寓（北海國際客運港僑港風情街店）,9.4,"['悦居特惠海景大床房:HK$338', '悦居景夕大床房:HK$341', '悦居景遇大床房:HK$341', '悦居靜深大床房:HK$341']"
北海萬豪度假酒店,9.5,"['豪華海景大床房:HK$1,630', '豪華海景雙床房:HK$1,757', '尊貴海景大床房:HK$1,757', '尊貴海景雙床房:HK$1,884', '豪華海景套房:HK$2,394', '豪華海景家庭套房:HK$2,648']"
威格斯海景民宿（北海金灘北部灣一號店）,9.6,"['舒適海景高級雙卧室套房:HK$937', '高層海景通透雙卧室套房（看海陽台+廚房）:HK$1,120', '觀海套房2居室（上下鋪+大床房）:HK$1,307', '高層海景度假三卧室套房:HK$1,347']"
北海市福典智能酒店（高鐵站北海老街店）,9.5,"['舒逸優選大床房（新空調+零壓記憶床墊）:HK$261', '動人夜景雙床房（零壓記憶床墊+新空調）:HK$267', '巨幕私享影音大床房（百寸投影+小度智能系統+新空調）:HK$274', '網紅打卡影音雙床房（新空調+小度智能系統+百寸投影）:HK$287']"
美豪麗致酒店（北海客運港碼頭海洋之窗店）,9.6,"['城景輕奢大床房（高空觀景+舒適温馨）:HK$475', '城景豪華雙床房（獨立會客區+沙發）:HK$496', '影院城景大床房（高清大屏觀影+5.1聲道環繞立體聲音響）:HK$496', '影院豪華雙床房（高清大屏觀影+5.1聲道環繞立體聲音響）:HK$517', '麗致輕奢大床房（獨立會客區+沙發）:HK$558']"
北海啟汐海景公寓,9.5,"['高層浪漫海景全景270度二居海景套房:HK$437', '高層海景全景360度海景二居套房:HK$437', '高層海景2室2廳，輕奢風格，廚具齊全:HK$437', '高層海景，輕奢風格，二室二廳，廚具齊全:HK$437']"
北海北部灣一號假日海灘海景酒店公寓,8.7,"['Summer|海景大床房:HK$315', 'CoCo|180°海景|日落大床房:HK$347', '悦海|180°海景|落日雙床房:HK$391', '雲海|180°全海景|日不落大床房:HK$391']"
北海銀灘劉先生遇范小姐度假民宿,9.7,"['蜜月陽台投影大床房（私享陽台+浴缸+100寸高清投影）:HK$601', '拾光陽台投影大床房（私享陽台+100寸高清投影）:HK$625', '隱野陽台投影親子房（私享陽台+100寸高清投影）:HK$755', '泳畔投影大床房（泳池景觀+100寸高清投影）:HK$776', '泳池蜜月庭院大床房（私享泳池+庭院+55寸高清智能電視）:HK$786']"
金皇冠柏曼酒店（北海旗艦店）,9.6,"['標準大床房（城景落地窗，全屋智能，0壓棉記憶枕，投屏觀影）:HK$518', '高級大床房（城景落地窗，全屋智能，功夫茶具，冰箱）:HK$556', '豪華特大大床房（冰箱暢飲，0壓綿記憶枕，功夫茶具）:HK$564', '標準雙床房（城景落地窗，全屋智能，0壓棉記憶枕，投屏觀影）:HK$572', '豪華大床房（180度全景落地窗，遠眺海岸線，全屋智能，功夫茶具）:HK$579']"
柏曼酒店（北海大道高鐵站店）,9.1,"['呈│標準大床房（輕奢簡約+温馨舒適）:HK$324', '呈│豪華大床房（高樓城景+坐卧沙發）:HK$340', '呈│標準雙床房（輕奢簡約+温馨舒適）:HK$366', '呈│家庭親子房（高空觀景+歡樂親子）:HK$425']"
慕棲庭院（風情街僑港海灘店）,9.4,"['拾貝大床房（沉浸投影 | 智能化粧鏡 | 智能客控）:HK$861', '踏浪雙床房（沉浸投影 | 智能化粧鏡 | 智能客控）:HK$884', '笙歌雙床房（沉浸投影 | 智能化粧鏡 | 智能客控）:HK$908', '憶時大床房（沉浸投影 | 智能化粧鏡 | 智能客控）:HK$923']"
北海金昌開元名都大酒店,9.4,"['高級城景大床房:HK$1,043', '高級城景雙床房:HK$1,043', '豪華景觀雙床房I 面朝海港I:HK$1,087', '豪華景觀大床房I 面朝海港I:HK$1,087', '豪華景觀特色大床房I 面朝海港I:HK$1,097', '豪華海景大床房-I高層海景:HK$1,108']"
北海望海居海景民宿（國際客運港店）,9.7,"['兩房一衞豪華觀海套房:HK$530', '三房一衞觀海豪華套房:HK$589', '三房兩衞觀海豪華套房:HK$707']"
北海銀灘十里有廬·溪風精品民宿（北海國際客運港店）,9.6,"['溪風樸嶼大床房:HK$588', '溪風雅緻雙床房:HK$621', '溪風景觀大床房:HK$653', '溪風親子雙床房:HK$698']"
宜尚酒店（北海銀灘店）,9.5,"['舒適大床房（北歐風格+精緻舒適）:HK$341', '標準大床房（高空觀景+坐卧沙發）:HK$415', '標準雙床房（獨立陽台+舒適沙發）:HK$438', '高級大床房（獨立陽台+酣暢甜睡）:HK$438']"
麗楓酒店（北海銀灘大道僑港海灘店）,9.4,"['雅緻大床房（智能客控+慕斯床墊+沐浴音樂）:HK$511', '豪華大床房（智能客控+慕斯床墊+手機投屏）:HK$522', '豪華雙床房（智能客控+慕斯床墊+智能馬桶）:HK$533', '純凈自然大床房（空氣凈化器+智能客控+慕斯床墊）:HK$598', '純凈自然雙床房（空氣凈化器+智能客控+慕斯床墊）:HK$608']"
全季酒店（北海老街北部灣廣場店）,9.6,"['大床房:HK$349', '高級大床房A:HK$349', '高級大床房:HK$369', '商務大床房:HK$387']"
北海銀灘僑港萬錦繁花海景公寓,9.2,['海景兩室一廳套房:HK$590']
南海明珠·海景度假民宿,9.3,"['「綺海」·眺望心中的海丨情深情侶大床房:HK$376', '「歸原」自然原木風雙床海景房 Ⅰ 迴歸自然本原，時光靜好，歲月安然:HK$390', '「知間」現代簡約温馨兩室套房 丨相知相識:HK$628', '「海的邀約」兩室幸運套房:HK$628']"
歐暇·地中海酒店（北海銀灘店）,9.4,"['歐暇·園景大床房（景觀陽台+自動窗簾）:HK$499', '歐暇·園景雙床房（自動窗簾+大雙床）:HK$534', '歐暇·景觀圓床房（景觀陽台+自動窗簾）:HK$539', '歐暇·景觀大床房（景觀陽台+自動窗簾+浴缸）:HK$557']"
北海及酒店（北海銀灘國際客運港店）,9.4,"['J悦享大床房:HK$556', 'J悦享雙床房:HK$556', 'HAPE新絲綢之路玩具親子主題房:HK$717', 'J悦享套房:HK$769', 'J尊享套房:HK$1,323']"
北海銀灘拂沙酒店（潮雕廣場店）,9.6,"['流雲高級大床房（智能聲控+金可兒床墊+美標衞浴）:HK$862', '辰溪豪華大床房（智能聲控+金可兒床墊+美標衞浴）:HK$917', '晚風豪華雙床房（智能聲控+戴森電吹風+金可兒床墊+美標衞浴）:HK$1,026', 'Giraffe親子房（小麒麟親子套裝+智能聲控+戴森電吹風+金可兒床墊+美標衞浴）:HK$1,026', '落霞浴缸大床房（智能聲控+戴森電吹風+迷你冰箱+金可兒床墊）:HK$1,147']"
北海高鐵站希爾頓歡朋酒店,9.5,"['舒適大床房:HK$543', '舒適雙床房:HK$584', '舒適親子大床房:HK$584', '高級大床房:HK$632', '豪華雙床房:HK$680']"
北海銀灘智選假日酒店,9.5,"['高級大床房:HK$511', '高級雙床房:HK$511', '高級房:HK$511', '高級房 大床 海景 高樓層:HK$714', '高級房 雙床 海景 高樓層:HK$766']"
北海潿洲島麗芮酒店,9.5,"['芮享高級園景大床:HK$1,042', '芮享高級園景雙床房:HK$1,147', '芮享高級海景雙床房:HK$1,355', '芮享豪華園景雙床房:HK$1,458', '芮享豪華海景大床房:HK$1,661']"
北海銀灘皇冠假日酒店,9.5,"['高級房-海景-大床:HK$1,392', '高級房-大床:HK$1,413', '高級房 大床 海景 高樓層:HK$1,463', '高級房-海景-雙床:HK$1,494', '高級房-雙床:HK$1,515', '高級房 雙床 海景 高樓層:HK$1,566']"
麗呈睿軒酒店（北海高鐵站店）,9.0,"['優享大床房【雅緻舒適丨採光優異】:HK$352', '優享雙床房【雅緻舒適丨採光優異】:HK$363', '城景大床房【攬勝城景丨舒睡好眠】:HK$374', '城景雙床房【攬勝城景丨舒睡好眠】:HK$385', '優享三床房【友聚悦居丨趣夢三棲】:HK$473']"
潿壹海木屋·Seaside環海觀景沙灘私墅（潿洲島後背塘沙灘店）,9.4,"['特色沙灘木屋大床房:HK$1,060', '特色沙灘複式海景大床房:HK$1,060', '藍橋一夢蔚藍海景大床房:HK$1,554', '一線夕陽沙灘海景大床房:HK$1,554']"
北海銀灘一號國際會議中心酒店（銀灘僑港店）,8.9,"['輕雅雙床房:HK$510', '城景陽台大床房:HK$559', '城景陽台雙床房:HK$559', '雅居雙床陽台套房（一室一廳）:HK$607', '親子陽台主題套房（親子空間1室1廳2大床）:HK$802']"
宜尚酒店（北海高鐵站北部灣廣場店）,9.3,"['舒適大床房（舒適好眠&乾淨整潔&75寸智能高清電視）:HK$382', '標準大床房（舒適好眠&75寸高清電視&浴室乾濕分離）:HK$393', '標準雙床房（酣暢甜睡&輕奢空間&浴室乾濕分離）:HK$404', '高級大床房（開闊視野&貴妃椅&75寸高清電視&自然採光）:HK$414']"
北海北部灣一號金海蘭庭海景酒店公寓,8.9,"['園景雙床房:HK$285', '漫步沙灘· 一步親海大床房:HK$373', '霞光海浪·精緻海景大床房:HK$405', '海天一色· 精緻海景雙床房:HK$413']"
