酒店名称,评分,房型价格列表
可克達拉賓館（朱雀湖公園店）,9.9,"['1號樓悦心| 温馨雙床房-快樂安睡:HK$617', '2號樓悦心|温馨雙床房-快樂安睡:HK$617', '3號樓悦心| 温馨雙床房-快樂安睡:HK$617', '1號樓悦心|温馨大床房-快樂安睡:HK$668', '1號樓浴享時光| 時尚雙床房-輕鬆好眠:HK$668']"
可克達拉文遠大酒店,9.5,"['雅緻舒睡大床房:HK$642', '雅緻舒睡雙床房:HK$642', '臻選智能雙床房:HK$970', '臻選智能大床房:HK$970', '智能親子房:HK$1,186']"
可克達拉市夢鄉酒店,10.0,"['特惠大床房:HK$316', '特惠雙床房:HK$316', '臻選大床房:HK$370', '雅緻舒睡雙床房:HK$370']"
可克達拉市綠山緣民宿,9.8,"['温馨大床房:HK$185', '標準雙床房:HK$227', '舒適雙床房:HK$227', '豪華雙床房:HK$293']"
可克達拉壹平源居,9.8,"['靜謐單人間:HK$439', '精品雙床房:HK$528', '精品大床房:HK$528', '甄選大床房:HK$618']"
可克達拉朝暮酒店,9.4,"['商務大床房:HK$277', '豪華大床房:HK$369']"
可克達拉大雲華酒店,8.0,[]
華都假日酒店（察布查爾鎮店）,9.4,"['普通標間:HK$260', '普通單間:HK$260', '豪華標間:HK$283', '豪華單間:HK$283']"
品悦酒店,8.8,"['標準雙床房:HK$228', '標準大床房:HK$280', '豪華套房:HK$393']"
七喜酒店,8.4,"['特價雙床房:HK$299', '標準雙床房:HK$340', '商務雙床房:HK$340', '標準大床房:HK$351']"
霍城賽里木湖大酒店,8.8,"['普通標準間:HK$293', '舒適標間:HK$325', '高級標準間:HK$435', '高級單人間:HK$435']"
伊寧品睿酒店（六星街店）,9.7,"['舒適大床房:HK$475', '榻榻米舒適房:HK$486', '高級大床間:HK$530', '智能高級大床房:HK$590']"
漢庭酒店（伊寧喀贊其店）,9.5,"['大床房:HK$533', '高級大床房:HK$623', '高級雙床房:HK$654', '商務雙床房:HK$684']"
桔子酒店（伊寧六星街景區店）,9.3,"['高級大床房【金可兒床墊+冷藏小冰箱+電視投屏】:HK$774', '豪華大床房【金可兒床墊+冷藏小冰箱+電視投屏】:HK$800', '豪華雙床房【金可兒床墊+冷藏小冰箱+電視投屏】:HK$846', '家庭房【金可兒床墊+冷藏小冰箱+電視投屏】:HK$908']"
全季酒店（伊寧機場店）,9.5,"['大床房:HK$793', '雙床房:HK$814', '高級大床房:HK$833', '高級雙床房:HK$854']"
吉宜酒店（伊寧北京路店）,8.8,"['吉辰•精選大床房:HK$311', '吉辰•優選大床房:HK$339', '吉時大床房:HK$640', '吉時雙床房:HK$640']"
全季酒店（伊寧山東路萬容壹號街店）,9.7,"['高級雙床房（智能客控.加濕器）:HK$708', '高級大床房（智能客控.加濕器）:HK$728', '高級特大床房（智能客控.加濕器）:HK$768', '商務大床房（智能客控.加濕器）:HK$807']"
停泊青年旅舍（伊寧店）,8.6,"['榻榻米大床房:HK$328', '隨心大床房:HK$360', '榻榻米標準雙人間:HK$360', '隨心標準雙人間:HK$393']"
伊寧市隱舍民宿,9.7,"['標準大床房:HK$306', '標準雙人間:HK$306', '三人間:HK$358', '親子三人房:HK$358']"
時宜民宿（霍城店）,10.0,"['年禧.舒適大床房（品牌零壓睡眠床墊）:HK$474', '月祉.温馨大床房（品牌零壓睡眠床墊）:HK$492', '日吉.復古雙床房（品牌零壓睡眠床墊）:HK$511', '秋綏.法式雙床房【智能馬桶+品牌零壓睡眠床墊】:HK$576']"
圖開沙漠輕奢酒店,9.0,"['聽沙觀景標間:HK$817', '漠野景觀大床房:HK$832', '歡圖親子間:HK$832', '歡圖温馨親子套房:HK$917']"
漢庭酒店（伊寧六星街景區店）,9.4,"['高級大床房:HK$715', '高級雙床房:HK$772', '商務大床房:HK$772', '商務雙床房:HK$809']"
霍城良棲鄉野民宿,9.3,"['半地下室雙人間:HK$182', '標準大床房:HK$259', '標準雙床房:HK$264', '豪華大床房:HK$333']"
棲雲館民宿（六星街店）,9.7,"['舒適大床房:HK$339', '豪華大床房:HK$360', '標間:HK$382']"
你好酒店（伊寧伊犁州中醫院店）,9.8,"['大床房:HK$476', '高級大床房:HK$513', '雙床房:HK$523', '高級雙床房:HK$561']"
霍城雲升酒店,9.3,"['舒適標準間:HK$1,047', '舒適大床房:HK$1,047', '行政豪華標準間:HK$1,240', '陽光標準間:HK$1,432', '浪漫大床房:HK$1,529']"
派酒店（伊寧解放路六星街店）,8.7,"['惠選大床房:HK$246', '惠選雙床間（無窗）:HK$262', '商務大床房:HK$296', '商務雙床房:HK$313']"
星程酒店（伊寧寧遠路中苑新城店）,9.8,"['高級大床房:HK$585', '高級雙床房:HK$606', '家庭房:HK$677', '豪華套房:HK$750']"
駢馬西行民宿（六星街景區店）,9.1,"['舒適大床房:HK$795', '豪華大床房:HK$826', '標準雙人房:HK$862']"
民柳民宿（伊寧機場伊寧火車站店）,9.6,"['無憂·樂享標準間:HK$481', '好眠·優享親子房:HK$610', '自在·舒適三人間:HK$624', '旅途温馨·高級標間套房:HK$724']"
與君初相識民宿（伊寧機場伊寧火車站店）,9.7,"['青嶼-雅緻雙床房【高清投影】:HK$384', '楓丹悦享大床房【高清投影】:HK$433', '沐風-雅緻大床房【高清投影】:HK$491', '尋歡-温馨親子間【高清投影】:HK$507']"
如家酒店·neo（伊寧解放西路上海城店）,9.6,"['大床房（全屋智能+親膚布草+電視投屏）:HK$589', '商務大床房（全屋智能+親膚布草）:HK$616', '高級雙床房（全屋智能+加寬床墊+電視投屏）:HK$643', '安心睡大床房（深睡體驗+全屋智能+電視投屏）:HK$662']"
岡仁波齊青年旅舍（六星街店）,9.1,['天上阿里帳篷房:HK$186']
如家商旅酒店（伊寧機場溫州國際城店）,9.3,"['大床房:HK$455', '商務大床房:HK$474', '雙床房:HK$484', '家庭房:HK$520']"
方庭大酒店,9.2,"['特價標間:HK$274', '舒適標準房:HK$327', '豪華雙床房:HK$350', '親子房:HK$404']"
伊寧伊景酒店（六星街景區店）,9.2,"['樂享時光雙床房|零壓床品+中央空調+KOHLER衞浴:HK$546', '輕享時光雙床房|零壓床品+中央空調+KOHLER衞浴:HK$589', '輕享時光大床房 | 零壓床品+中央空調+KOHLER衞浴+迷你吧:HK$610', '臻享時光雙床房 | 零壓床品+中央空調+KOHLER衞浴:HK$780']"
漢庭酒店（伊寧上海路七彩城店）,9.6,"['高級大床房【金可兒床墊+電視投屏+恆温馬桶】:HK$564', '商務大床房【金可兒床墊+電視投屏+恆温馬桶】:HK$592', '豪華大床房【金可兒床墊+電視投屏+恆温馬桶】:HK$621', '高級雙床房【金可兒床墊+電視投屏 +恆温馬桶】:HK$678']"
喜相逢民宿（伊寧機場火車站店）,9.1,"['大床房:HK$307', '投影大床房:HK$307', '親子套房:HK$392', '投影親子房:HK$392']"
桔子酒店（伊寧萬容廣場漢賓公園店）,9.5,"['高級大床房【夢百合床墊+冷藏小冰箱+小度智能音箱】:HK$654', '商務大床房:HK$691', '豪華大床房【夢百合床墊+冷藏小冰箱+小度智能音箱】:HK$719', '高級雙床房【夢百合床墊+冷藏小冰箱+小度智能音箱】:HK$748']"
如家酒店（伊寧六星街解放路店）,9.0,"['商務大床房（電視投屏+品牌洗護+網紅徠芬）:HK$762', '舒適雙床房（乾濕分離+原木香韻+智能馬桶）:HK$762', '大床房（投影大屏+祕園藏春+舒適靜謐）:HK$787', '安心睡大床房（深度睡眠+亮鏡幻彩+網紅徠芬）:HK$856']"
肆享星辰民宿（伊寧六星街店）,9.6,"['迷你特惠大床房（空間小+零圧床墊+投影+空調）:HK$589', '半地下特惠大床房（窗户小+零圧床墊+投影空調）:HK$589', '半地下舒適雙床房（窗户小+零圧床墊+投影空調+乾濕分離）:HK$727', '半地下舒享大床房（窗户小+零圧床墊+投影空調+乾濕分離）:HK$727']"
你好酒店（伊寧上海城店）,9.4,"['高級大床房:HK$553', '商務大床房:HK$582', '商務雙床房:HK$613', '家庭雙床房:HK$653']"
攬星夢隅民宿,9.7,"['温馨·零壓雙床房（空間小+乾濕分離衞生間+冷暖空調）:HK$356', '西璃·異域投影大床房:HK$478', '拾光·精緻投影雙床房:HK$499', '初見·舒適投影大床房:HK$509']"
伊寧陳樸客棧,8.9,"['簡約標準間:HK$221', '簡約大床房:HK$221']"
何所憶民宿（六星街店）,9.1,"['舒適大床房:HK$281', '精緻情侶房:HK$289', '温馨情侶房:HK$289', '標準雙床房:HK$297']"
奧達酒店（伊寧機場店）,9.4,"['優享大床房（全屋智能客控+智能馬桶+零壓床品）:HK$482', '優享雙人房（全屋智能客控+智能馬桶+零壓床品）:HK$482', '尊享雙人房（全屋智能客控+智能馬桶+零壓床品）:HK$506', '舒適家庭房（全屋智能客控+智能馬桶+零壓床品）:HK$547']"
胡楊問道民宿,8.8,"['優享大床房（零壓力床墊）:HK$332', '靜謐大床房（零壓力床墊）:HK$369', '黑白復古大床房（零壓力床墊）:HK$397', '豪華大床房（零壓力床墊）:HK$407']"
星程酒店（伊寧火車站店）,9.6,"['大床房:HK$511', '高級大床房:HK$542', '豪華大床房:HK$551', '高級雙床房:HK$581']"
頤享酒店（六星街店）,9.5,"['標準雙床房:HK$524', '標準大床房:HK$570', '豪華商務雙床房:HK$570', '親子套間:HK$674']"
IU酒店（伊寧上海城店）,9.1,"['小U·超級大床房:HK$381', '小U·舒適大床房:HK$383', '小U·舒適雙床房:HK$391', '小U·超級雙床房:HK$400']"
