酒店名称,评分,房型价格列表
方遠·台州大飯店,9.7,"['豪華雙床房:HK$573', '豪華大床房:HK$590', '行政雙床房:HK$654', '行政大床房:HK$678', '行政套房:HK$1,710']"
君瀾·飛龍山莊,9.5,"['瀾韻雙床房:HK$576', '瀾韻大床房:HK$576', '瀾韻園景大床房:HK$623', '瀾韻庭院雙床房:HK$772', '瀾趣親子雙床房:HK$930', '瀾澗湖景雙床房:HK$930']"
台州府城印酒店,9.7,"['梧桐水景雙床房:HK$1,604', '城牆庭院大床房:HK$1,889', '梧桐水景豪華雙床房:HK$1,889', '香樟景觀大床房:HK$1,889', '城牆庭院豪華大床房:HK$2,079']"
奈斯·泊雅酒店（台州椒江市府大道店）,9.7,"['雅·園林複式套房「一層會客空間+智能馬桶」:HK$370', '清·高級雙床房「藍牙音響+乳膠記憶棉枕」:HK$389', '舍·山景大床房「立體聲藍牙音響+休閑辦公區」:HK$407', '靜·豪華雙床房「乳膠記憶棉枕+休閑辦公區」:HK$426', '悠·陽台大床房「園林景觀L型沙發休閑區」:HK$464']"
台州遠洲鳳凰山莊·貴賓樓,9.5,"['行政貴賓雙床房B幢:HK$770', '行政貴賓雙床房A幢:HK$770', '行政貴賓大床房B幢:HK$770', '行政貴賓大床房A幢:HK$770', '大嘴猴主題行政貴賓大床房:HK$931', '行政貴賓大使套房B幢:HK$1,435']"
台州希爾頓酒店,9.5,"['豪華雙床房:HK$631', '無障礙房:HK$659', '豪華大床房:HK$659', '高級豪華雙床房:HK$668', '高級豪華大床房:HK$696', '行政大床房:HK$879']"
台州椒江希爾頓歡朋酒店,9.5,"['舒適雙床房:HK$400', '舒適大床房:HK$400', '高級雙床房:HK$442', '高級大床房:HK$449', '豪華大床房:HK$484']"
温嶺在海邊民宿,9.8,"['一山（海景露台大床房）:HK$855', '一水（海景露台雙床房）:HK$1,520', '一朝（海景露台雙床房）:HK$1,520', '二曌（海景露台loft套房）:HK$1,520', '二曜（海景露台loft套房）:HK$1,520']"
萬斯酒店（台州店）,9.6,"['高級雙床房:HK$411', '精緻大床房:HK$411', '温馨家庭房:HK$439', '豪華大床房（戴森吹風機+全智能馬桶+小度語音控制+Coffe機+冰箱）:HK$448', '舒達零壓豪華大床房:HK$484']"
臨海遠洲酒店貴賓樓,9.3,"['貴賓樓行政大床房:HK$1,233', '貴賓樓尊享大床房:HK$1,328', '貴賓樓行政套房:HK$1,423', '貴賓樓尊享套房:HK$1,889', '貴賓樓行政悦享大床:HK$2,019', '貴賓樓雙卧套房:HK$2,459']"
雲渡裏酒店（台州椒江店）,9.6,"['雲品·園林景觀雙床房（智能客控）:HK$455', '雲享·雅緻大床房（智能客控）:HK$455', '水韻·榻榻米大床房（智能巨幕影音·智能客控·陽台）:HK$521', '雲逸·榻榻米大床房（智能客控）:HK$530', '雲逸·甄選雙床房（智能客控）:HK$530', '雲廬·臻享大床房（智能巨幕影音·智能客控·浴缸）:HK$616']"
台州椒江天翔藝城酒店,9.3,"['簡約大床房「4k高清影視+高品質床品+ 180° 城市夜景」:HK$178', '安靜好眠大床房「隔音玻璃+躺上就想睡的枕頭+4K影視」:HK$194', '高清投影大床房「隔音玻璃+躺上就想睡的枕頭+4K影視」:HK$210', '乾淨衞生.浴缸大床房「躺上就想睡的枕頭+4K影視」:HK$227', '財神駕到棋牌房:HK$227']"
台州喜來登酒店,9.6,"['高級大床房:HK$654', '高級雙床房:HK$654', '豪華城景大床房:HK$741', '豪華城景雙床房:HK$741', '豪華江景大床房:HK$785', '豪華江景雙床房:HK$785']"
台州晶琪麗景酒店（椒江海洋世界店）,9.3,"['高級.商旅雙床房（康乃馨布草+榻榻米）:HK$281', '輕奢.豪華大床房（超大4K超清電視+金可兒舒睡床墊）:HK$344', '輕奢.豪華雙床房（超大4K超清電視+智能客控）:HK$360', '舒適.零壓大床房（深睡零壓床墊+智能語音客控）:HK$372', '精品.浴缸大床房（全屋智能聲控+超大浴缸+智能衞浴）:HK$388']"
台州半隱犀酒店（椒江市府大道市立醫院店）,9.5,"['白雲山｜田園庭景大床房（庭院植景+新風凈化器）:HK$307', '海門老街｜商旅大床房（智能潔具+影音娛樂）:HK$318', '影犀智能雙床房（全屋聲控）:HK$329', '雲西公園 ｜摩登大床房（極米投影+巨幕影音）:HK$375', '康平美食｜北歐風情大床房（智享互聯+小愛音箱）:HK$409']"
台州遠洲鳳凰山莊,9.6,"['園景大床房:HK$407', '園景雙床房:HK$407', '豪華雙床房:HK$481', '豪華大床房:HK$481', '商務大床房:HK$572', '商務雙床房:HK$573']"
台州白天鵝酒店（國際會議中心）,9.5,"['豪華大床房:HK$616', '豪華雙床房:HK$616', '無障礙房:HK$616', '景觀大床房:HK$692', '景觀雙床房:HK$692', '高級豪華大床房:HK$768']"
台州皇冠假日酒店,9.4,"['高級大床房:HK$541', '高級雙床房:HK$541', '豪華大床房:HK$635', '豪華雙床房:HK$635', '行政大床房:HK$766', '行政雙床房:HK$766']"
台州開投温德姆酒店（台州站店）,9.4,"['商務大床房:HK$591', '商務雙床房:HK$591', '商務湖景雙床房:HK$614', '行政大床房:HK$682', '行政湖景大床房:HK$728', '海洋開拓者親子雙床房:HK$1,136']"
台州旗隆萬豪酒店,9.3,"['大空間 · 豪華大床房:HK$475', '大空間 · 豪華雙床房:HK$475', '花園景觀大床房:HK$518', '花園景觀雙床房:HK$518', '超大空間 · 180°大視角高級園景大床房:HK$563', '大視野 · 高樓層行政大床房:HK$633']"
TIDE LAB潮酒店（路橋中盛廣場店）,9.5,"['一倉｜觀影大床房「堅果投影 + 騰訊影視會員 + 小冰箱」:HK$302', '二倉｜深眠雙床房「睡眠記憶枕 + 乳膠床墊 + 親膚床品」:HK$329', '二倉｜深眠大床房「睡眠記憶枕 + 乳膠床墊 + 親膚床品」:HK$329', '三倉｜城景大床房「臨窗榻榻米 + 騰訊會員 + 睡眠床品」:HK$358', '五倉｜親子雙床房「一大一小床 + 卡通佈置 + 小童用品」:HK$367']"
台州耀達國際酒店,9.4,"['高級大床房:HK$514', '高級雙床房:HK$537', '豪華大床房:HK$607', '行政大床房:HK$679', '尊享豪華大床房:HK$1,035', '尊享行政大床房:HK$1,350']"
台州臨海亞朵酒店,9.5,"['高級大床房:HK$522', '高級雙床房:HK$522', '行政大床房:HK$610', '行政雙床房:HK$610', '行政城景大床房:HK$863']"
台州方遠國際大酒店,9.6,"['豪華大床房:HK$359', '豪華雙床房:HK$359', '行政大床房:HK$406', '親子套房:HK$748']"
台州晶琪·美侖酒店,9.5,"['大床房（深度睡眠+品牌床墊）:HK$409', '高級大床房（深度睡眠+品牌床墊）:HK$433', '高級雙床房（深度睡眠+品牌床墊）:HK$481', '商務大床房（深度睡眠+小冰箱）:HK$506', '商務雙床房（深度睡眠+品牌床墊）:HK$506']"
台州椒江學院路亞朵酒店,9.7,"['雅緻大床房:HK$356', '高級雙床房（裸棉床品+慢回彈記憶枕）:HK$383', '高級大床房（裸棉床品+慢回彈記憶枕）:HK$400', '行政大床房（裸棉床品+手機投屏+小冰箱）:HK$426', '幾木雙床房（深睡RPO枕+手機投屏+小冰箱）:HK$444']"
台州灣萬楓酒店,9.4,"['標準大床房:HK$434', '標準雙床房:HK$434', '豪華大床房:HK$504', '萬楓套房:HK$714', '家庭房:HK$868']"
謳印智尚酒店（中盛商場飛龍湖露營店）,9.6,"['路橋綺夢·星旅邂逅【幸運居】:HK$237', '悦己丨高級目景大床房丨城市景觀丨安睡:HK$256', '悦己丨高級目景雙床房丨城市景觀丨安睡:HK$256', '自在丨高層景觀智奢大床房丨智能客控丨記憶枕丨冰箱:HK$278']"
台州黃巖亞朵酒店,9.6,"['高級大床房:HK$339', '行政大床房:HK$374', '行政雙床房:HK$374', '幾木大床房:HK$409', '幾木雙床房:HK$409']"
曼麗曼都智能影院酒店（台州椒江店）,9.8,"['優享 智能複式雙床房:HK$209', '優享 智能大床房:HK$214', '尊享 智能商務大床房:HK$230', '尊享 智能商務雙床房:HK$245']"
大陳島喔里民宿,9.6,"['1樓山景loft親子房:HK$664', '園景標準親子房:HK$949', '海景豪華浴缸大床房:HK$1,234', '海景榻榻米親子房:HK$1,234']"
温嶺澤國領悦廣場亞朵酒店,9.7,"['雅緻大床房（深睡系列床品+智能投屏電視）:HK$313', '高級大床房（深睡枕pro+智能投屏電視+小冰箱）:HK$348', '高級雙床房（深睡枕pro+智能投屏電視+小冰箱）:HK$348', '高級城景大床房（深睡枕pro+智能投屏電視+小冰箱）:HK$383', '尊享雙床房（深睡枕pro+智能投屏電視+小冰箱）:HK$383']"
奈斯·泊悅酒店（椒江濱海工業區店）,9.6,"['泊寧·舒睡零壓大床房「智能客控+手機投屏+千兆網絡」:HK$265', '泊靜.智能商務雙床房「乳膠床墊+千兆網絡+茶几休閑椅」:HK$284', '泊悠.巨幕影院大床房「110寸堅果投影儀+視頻VIP+零壓睡眠床墊」:HK$294', '泊韻.環幕影院大床房「110寸堅果投影儀+視頻VIP+零壓睡眠床墊」:HK$313', '泊悦·歡聚棋牌房「智能客控+零壓睡眠床墊+65寸液晶電視可投屏+靜音機麻」:HK$350']"
雲渡裏酒店（台州灣方特店）,9.6,"['雲戲棋牌房:HK$284', '雲悠雙床房:HK$312', '雲品大床房:HK$342', '雲居大床房:HK$360', '雲享雙床房:HK$369']"
開元曼居酒店（台州市政府店）,9.3,"['曼選大床房:HK$322', '曼享雙床房:HK$350', '曼享大床房:HK$360', '曼居雙床房:HK$388', '曼居大床房:HK$398']"
台州路橋亞朵酒店（十里長街店）,9.7,"['雅緻大床房:HK$356', '高級大床房:HK$383', '高級雙床房:HK$383', '行政大床房:HK$409', '行政雙床房:HK$409']"
台州開元大酒店,9.6,"['開元雙床房:HK$350', '豪華雙床房:HK$378', '開元大床房:HK$407', '豪華大床房:HK$426', '行政雙床房:HK$426']"
花築·台州拾光民宿（上大陳島店）,9.6,"['拾風·海景尊享大床房【180°海景·泳池景觀】:HK$645', '拾海·海景悦享雙床房【180°海景·泳池景觀】:HK$721', '拾憶·海景緻享榻榻雙床房【180°海景·泳池景觀】:HK$797', '拾間·海景樂享親子房【180°海景·泳池景觀】:HK$873']"
台州椒江體育中心亞朵酒店,9.5,"['高級大床房（裸棉床品+慢回彈記憶枕）:HK$366', '高級雙床房（裸棉床品+慢回彈記憶枕）:HK$384', '行政雙床間（裸棉床品+手機投屏）:HK$419', '幾木雙床房（小冰箱+手機投屏+深睡RPO枕）:HK$463']"
帕瑞思·雅緻酒店（椒江寶龍城店）,9.5,"['雅韻·榻榻米大床房「4D護頸乳膠枕+全屋聲控聯動」:HK$225', '雅緻·商旅大床房「慢回彈承託床墊+定製床品+全屋智控」:HK$243', '雅緻·商旅雙床房「降噪隔音玻璃+超柔床品+全屋智控」:HK$280', '雅靜·豪華大床房「寬大沙發+天然回彈乳膠枕+全屋聲控」:HK$280', '雅聚·棋牌雙床房「低音自動麻將機+全屋智控+定製床品」:HK$325']"
台州鑫都國際大酒店,9.2,"['標準雙床房:HK$275', '商務雙床房:HK$304', '商務普通套房:HK$451', '豪華雙床房:HK$451', '豪華大床房B:HK$475']"
大陳島瀾庭民宿,9.4,"['靜庭·庭院親子房:HK$759', '庭院露台雙床房:HK$949', '庭院複式雙床房:HK$1,139', '180度海景雙床房:HK$1,329']"
溫嶺雲渡裏酒店（澤國領悅廣場店）,9.6,"['渡歡*簡約雙床房:HK$289', '渡歡*簡約大床房:HK$297', '渡韻·精品雙床房（智能客控）:HK$315', '渡雲·精品大床房（智能客控+榻榻米）:HK$332', '渡享-觀景大床房（智能客控+榻榻米）:HK$332']"
台州雲縵酒店（市府大道台州市立醫院店）,9.5,"['雲隱·靜謐大床房 [智能客控+康乃馨布草+智能馬桶]:HK$314', '雲隱·悦享雙床房 [智能語音客控+零壓助眠+智能馬桶]:HK$327', '雲悦·沉浸大床房 [實木傢俱+智能語音客控+智能馬桶]:HK$339', '雲悦·沉浸雙床房 [智能投屏+全屋智能+智能馬桶]:HK$365']"
台州中話模具主題酒店（台州西站店）,9.6,"['迷你大床房│空氣凈化│足部按摩│小冰箱:HK$206', '雅緻大床房│大空間│空氣凈化│足部按摩器:HK$241', '雅緻雙床房│大空間│空氣凈化│乾濕分離│足部按摩器:HK$252', '雅緻榻榻米大床房│小冰箱│足部按摩器:HK$263']"
奈斯·泊漫酒店（台州國際會展中盛廣場店）,9.5,"['漫時光·宿心大床房【休閑區+乾濕分離衞浴】:HK$179', '奇妙夜主題圓床房【環抱式設計+多種主題】:HK$198', '航海家主題大床房【獨立辦公區+自動窗簾】:HK$226', '大都會商務雙床房【獨立辦公區+貴妃軟椅】:HK$236']"
台州老糧坊藝墅酒店,9.4,"['雅緻大床房（零壓床墊）:HK$266', '雅緻雙床房（零壓床墊）:HK$350', '香茗大床房:HK$365', '香茗親子房:HK$418']"
台州陳居酒店（台州學院店）,9.7,"['舒適單人間（智能馬桶+智能窗簾）:HK$208', '豪華大床房（智能馬桶+智能窗簾+洗衣機）:HK$266', '陽台大床房（智能馬桶+室外觀景陽台+洗衣機）:HK$272', '豪華雙床房（智能馬桶+智能窗簾+會客桌）:HK$278']"
台州黃巖耀達酒店,9.5,"['商務雙床房:HK$579', '商務觀景大床房:HK$579', '商務觀景雙床房:HK$579', '商務大床房:HK$607', '高級雙床房:HK$644', '高級大床房:HK$644']"
全季酒店（台州學院店）,9.5,"['高級大床房:HK$345', '商務大床房:HK$370', '商務雙床房:HK$394']"
台州悦·境龍仕翔輕奢酒店,9.6,"['雅緻景觀大床房:HK$445', '豪華景觀大床房:HK$559', '豪華景觀雙床房:HK$559']"
