酒店名称,评分,房型价格列表
賽菲爾聽雪酒店（吉林火車站西廣場財富廣場店）,9.6,"['輕奢·影院大床房（巨幕高清投影+無限會員+沉浸觀影）:HK$224', '聽雪·商旅大床房（零壓床墊+鵝絨被+多功能桌）:HK$229', '聽雪·商旅雙床房（零壓床墊+鵝絨被+多功能桌）:HK$243', '聽雪·優選大床房（零壓床墊+鵝絨被+冰箱+轉角沙發）:HK$256']"
吉林財富廣場亞瀾朵酒店（火車站店）,9.7,"['高級大床房（零壓慢回彈枕+安心舒睡+智能馬桶）:HK$222', '尊享大床房（零壓慢回彈枕+安心舒睡+智能馬桶）:HK$259', '行政雙床房（零壓慢回彈枕+安心舒睡+智能馬桶）:HK$266', '行政大床房（零壓慢回彈枕+安心舒睡+智能馬桶）:HK$281']"
吉林探探·藝術公寓酒店（財富購物廣場火車站店）,9.5,"['悠然【AI語音+巨幕投影+環繞音響+冰箱】:HK$268', '美式輕奢江景房【AI語音+巨幕投影+環繞音響+冰箱】:HK$268', '螢星【AI語音+巨幕激光投影+可愛冰箱】:HK$268', '意式智慧房【AI語音+75寸高刷電視+冰箱】:HK$268']"
維也納國際酒店（吉林國投中東店）,9.4,"['豪華大床房（記憶深睡枕＋景觀）:HK$289', '豪華雙床房（記憶深睡枕＋景觀）:HK$306', '暢遊-豪華大床房（房間很大＋安心舒睡）:HK$413', '暢遊-豪華雙床房（房間很大＋安心舒睡）:HK$435', '豪華家庭房:HK$463']"
吉林北京路亞朵酒店,9.6,"['雅緻大床房:HK$379', '高級雙床房:HK$412', '行政大床房（小冰箱 ）:HK$439', '行政雙床房（小冰箱 ）:HK$466', '幾木城景大床房（小冰箱 ）:HK$475']"
泊宿.遇見民宿（吉林財富廣場店）,9.8,"['錦瑟觀景投影大床房:HK$184', '蜜戀城景大床房:HK$192', '夜幕觀景投影大床房:HK$192', '藍山城景投影大床房:HK$209']"
賽菲爾商務酒店（吉林火車站東廣場店）,9.2,"['舒適大床房:HK$161', '標準大床房:HK$188', '商旅大床房:HK$202', '商旅雙床房:HK$215']"
你好酒店（吉林財富廣場店）,9.7,"['高級大床房:HK$251', '高級雙床房:HK$281', '家庭房:HK$321', '商務大床房:HK$341']"
維也納國際酒店（吉林大街火車站店）,9.6,"['高級大床房:HK$281', '豪華大床房:HK$318', '豪華雙床房:HK$318', '商務雙床房:HK$346', '行政大床房（小冰箱）:HK$469']"
吉林火車站戴斯温德姆酒店,9.1,"['標準大床房:HK$315', '高級大床房:HK$353', '高級雙床房:HK$359', '豪華雙床房:HK$439', '豪華大床房:HK$439', '行政雙床房:HK$482']"
吉林義德源大酒店,9.4,"['靜逸雙床房:HK$316', '靜逸大床房:HK$316', '內景雙床房（沙發茶几）:HK$334', '高級大床房（沙發茶几）:HK$367', '高級雙床房（沙發茶几）:HK$367', '商務大床房（沙發茶几+小冰箱）:HK$413']"
萬科松花湖拾光山舍別墅,9.4,"['『玉鸞』270°雪道觀景套房（大床，雪道景）:HK$306', '『雲杪』270°雪道觀景套房（雙床，雪道景）:HK$306', '『錦瑟』至尊雪景別墅（獨門獨院+烹飪廚具+2卧）:HK$1,070', '『葭月』雪道全景別墅（觀景庭院+全套廚具+3卧）:HK$1,223']"
如家商旅酒店（吉林江南店）,9.6,"['高級大床房:HK$233', '高級雙床房:HK$251', '零壓大床房:HK$269', '親子大床房:HK$269']"
吉林盛沐湯泉度假酒店,9.5,"['豪華標準間:HK$360', '豪華大床房:HK$360', '麻將雙人間:HK$392', '麻將大床房:HK$392']"
麗柏酒店（吉林北山人民廣場店）,9.5,"['舒適大床房【席夢思床墊+安睡好眠】:HK$347', '精緻雙床房【席夢思床墊+床品至柔】:HK$365', '豪華大床房【席夢思床墊+安睡好眠】:HK$391', '豪華雙床房【席夢思床墊+安睡好眠】:HK$409', '行政大床房【席夢思床墊+軒敞明亮】:HK$434']"
如家商旅酒店（吉林大潤發四店蓮山路店）,9.7,"['商務大床房:HK$245', '雙床房:HK$253', '安心睡零壓大床房:HK$270', '安心睡零壓雙床房:HK$278']"
雲川簡奢私享公寓,9.5,"['雲熙市景大床房:HK$193', '雲漫市景智能房:HK$207', '雲楓市景智能房:HK$208', '雲帆江景智能房:HK$238']"
漢庭酒店（吉林萬科醫葯學院店）,9.6,"['大床房（B棟）:HK$280', '高級大床房:HK$299', '雙床房（B棟）:HK$319', '商務雙床房:HK$337']"
吉林可以居烏拉文化主題酒店,8.9,"['舒適大床房:HK$325', '高級雙床房（無窗）【浴缸】:HK$361', '高級家庭房（無窗）:HK$382', '高級大床房:HK$403', '豪華主題套房（無窗）:HK$403']"
萬科松花湖雲麓酒店,9.8,"['雲度舒適房（温馨小户型+獨立陽台+廚房區）:HK$442', '雲旅山景家庭房（雙陽台觀景+廚房+獨立衣帽間）:HK$476', '雲旅山景雙床套房（超大空間+廚房）:HK$509', '雲旅山景特大床套房（超大空間+廚房+雙拼床）:HK$509', '雲享雙床套房（雙陽台觀景+獨立衣帽間）:HK$542']"
如家酒店NEO（吉林龍潭區政府江北公園店）,9.4,"['商務大床房A【無窗】:HK$188', '商務大床房:HK$206', '雙床房:HK$206', '安心睡大床房:HK$233']"
吉林紫光苑華美達酒店（萬達廣場店）,9.3,"['温馨雙床房:HK$368', '温馨大床房:HK$368', '高級雙床房:HK$435', '高級大床房:HK$435', '豪華大床房:HK$543', '豪華商務套房:HK$872']"
漢庭酒店（吉林市政府北京路店）,9.6,"['大床房:HK$374', '雙床房:HK$394', '高級大床房:HK$404', '高級雙床房:HK$424']"
全季酒店（吉林大街火車站店）,9.4,"['雙床房:HK$289', '大床房:HK$289', '高級大床房:HK$329', '舒壓-雙床房:HK$329']"
萬科松花湖度假區昔山綝宿,9.5,"['悦享大床房丨二期（空調）:HK$126', '悦享雙床房丨二期（空調）:HK$126', '易禾日式大床房丨二期（空調）:HK$140', '綝雅豪華大床房丨二期（空調）:HK$150']"
吉林江南廈門街亞朵X酒店,9.7,"['雅緻大床房-智能投屏:HK$349', '高級大床房-智能投屏:HK$383', '高級雙床房-智能投屏:HK$383', '樂享大床房-智能投屏:HK$412', '行政雙床房-智能投屏、小冰箱:HK$421']"
全季酒店（吉林江南火炬大廈店）,9.4,"['大床房:HK$328', '高級大床房:HK$348', '雙床房:HK$348', '舒壓-高級大床房:HK$366']"
漢庭酒店（吉林火車站東廣場店）,9.6,"['大床房:HK$233', '高級大床房:HK$252', '雙床房:HK$252', '商務大床房:HK$271']"
吉林利雅德飯店,9.2,"['優享雙床房:HK$281', '優享大床房:HK$281', '豪華大床房:HK$306', '行政大床房:HK$473', '親子房:HK$513']"
萬科松花湖亦間雪景別墅,9.3,"['青山公寓二期雙床房:HK$219', '青山公寓二期大床房:HK$219', '二期樓王雪景一居大床房:HK$284', '二期樓王雪景兩居套房:HK$547']"
YAMU·言木民宿（吉林萬科松花湖滑雪場店）,9.5,"['一房一廳言悦大床房:HK$283', '一房一廳言悦雙床房:HK$283', '一房一廳言享榻榻米大床房:HK$330', '一房一廳言享榻榻米雙床房:HK$330']"
萬科松花湖新故事套房酒店,9.5,"['舒適雙床房（獨立露台+手機投屏+地暖+加濕器）:HK$330', '山景高級大床套房（獨立露台+手機投屏+地暖+加濕器）:HK$396', '山景高級雙床套房（獨立露台+手機投屏+地暖+加濕器）:HK$396', '庭院房（獨立庭院+圍爐燒烤+户外桌椅）:HK$441', '山景網紅沙發大床套房（獨立露台+手機投屏+地暖）:HK$441']"
宜必思酒店（吉林市政府北山公園店）,9.4,"['大床房:HK$202', '高級大床房:HK$222', '雙床房:HK$241', '家庭房:HK$280']"
吉林松花湖瞻雲SALOMON酒店,8.9,"['嘉樂雙床房:HK$541', '嘉享一居大床:HK$664', '悦享大床房:HK$664', '嘉享一居標間:HK$664', '小奶龍親子主題房:HK$719']"
漢庭優佳酒店（吉林天津街店）,9.8,"['高級大床房:HK$350', '雙床房:HK$359', '商務大床房:HK$359', '商務雙床房:HK$387']"
吉林吉林大街希爾頓歡朋酒店,9.7,"['舒適大床房:HK$375', '舒適雙床房:HK$375', '高級雙床房:HK$417', '高級大床房:HK$417', '豪華雙床房:HK$480']"
吉林世貿萬錦大酒店,9.5,"['高級雙床房:HK$556', '高級大床房:HK$611', '高級江景大床房:HK$720', '小童親子主題房:HK$1,277', '行政套房:HK$3,265']"
吉林恆陽大飯店（北華大學醫葯學院店）,9.4,"['商務大床房:HK$257', '行政大床房:HK$267', '行政雙床房:HK$267', '商務雙床房:HK$267']"
漢庭酒店（吉林火炬大廈江濱公園酒店）,9.8,"['高級大床房:HK$222', '高級雙床房:HK$231', '商務大床房:HK$251', '商務雙床房:HK$251']"
吉林松花湖假日酒店,9.5,"['假日三期雙床套房（室外觀景陽台+零壓床墊+地暖+加濕器）:HK$305', '假日三期大床套房（室外觀景陽台+零壓床墊+地暖+加濕器）:HK$333', '假日三期家庭套房（室外觀景陽台+零壓床墊+地暖+加濕器）:HK$370', '青山-聯排別墅（戲雪庭院+觀景景觀+廚房）:HK$769']"
萬科松花湖蘭喬聖菲別墅,9.0,"['二期公寓雪景精品雙床房（空調+地暖+洗衣機）:HK$219', '二期公寓雪景精品大床房（空調＋地暖＋洗衣機）:HK$219', '高層雪景親子家庭房（空調＋地暖＋洗衣機）:HK$254', '高層山景大床房（空調＋地暖＋洗衣機）:HK$254']"
風華公寓（吉林萬科松花湖度假區店）,9.6,"['Ⅱ期-風華雙人標間:HK$326', '一期一居豪華大床套房（全屋地暖+廚房）:HK$326', 'Ⅱ期-雪景大床套房（全景觀雪景+全屋地暖+廚房）:HK$328', '一期全雪景大床套房（全景觀雪景）:HK$358']"
你好酒店（吉林江南廈門街店）,9.5,"['大床房:HK$239', '高級雙床房:HK$248', '高級大床房:HK$259', '家庭房:HK$299']"
陽光100酒店（吉林西安路臨江門廣場店）,9.4,"['大床房:HK$160', '影音大床房（巨幕投影+騰訊影視會員暢享+手機投屏）:HK$171', '雙床房:HK$175', '舒適大床房（智能馬桶）:HK$191']"
吉林霧凇賓館,8.9,"['A座標準雙床房:HK$290', 'A座標準大床房:HK$342', 'A座標準特色大床房:HK$434', 'A座標準套房:HK$680', 'D座行政套房:HK$917']"
吉林理想之家公寓,9.3,"['輕奢簡約投影大床房:HK$134', '清新簡約投影大床房:HK$134', '豪華清新投影大床房:HK$142', '豪華奢想投影大床房:HK$142']"
吉林倫威克酒店（北華大學醫葯學院店）,9.5,"['温馨大床房:HK$206', '貴賓大床房:HK$237', '尊享大床房:HK$237', '貴賓雙床房:HK$250']"
小志民宿（吉林萬科松花湖度假區店）,9.9,"['【小高】-精選大床房|雪景|空調|廚房:HK$162', '【三期】-精選大床房:HK$166', '【二期】-3號樓標準間:HK$194', '【一期】-豪華複式五人間|空調|投影|廚房:HK$581']"
雪兒·Courtyard觀景休閑度假Villa山宿（萬科松花湖度假區）,9.1,"['【F·雪兒】別墅區域高層輕語大床房+高清投影:HK$164', '【F·雪兒】別墅區域高層樂享家庭房:HK$164', '【F·雪兒】三期A區丨家庭房:HK$164', '【F·雪兒】二期榻榻米房+4k投影:HK$164']"
喜樂·拾個院子公寓別墅（萬科松花湖度假區店）,9.6,"['LUCKY·幸運房型:HK$126', '青山·舒適親子房（小高房型+舒適空間）:HK$142', '藏山·温馨雙床房（高清投影+舒適空間）:HK$164', '踏山·雅緻雙床房（高清投影+一室一廳空間+室外陽台）:HK$207']"
