酒店名称,评分,房型价格列表
和田市之玉酒店（和田地區老夜市店）,9.2,"['商務大床房（窗+toto衞浴+獨立空調+旋轉防濺水龍頭）:HK$217', '商務雙床房（窗+toto衞浴+獨立空調+旋轉防濺水龍頭）:HK$218', '舒適大床房（窗+toto衞浴+獨立空調+旋轉防濺水龍頭）:HK$253', '之玉三人間:HK$256']"
建國璞隱酒店（和田夜市團結廣場店）,9.5,"['詠蘭居大床房:HK$405', '凌霜居雙床房:HK$438', '暗香居大床房（智能小度+夢百合記憶床墊+小冰箱）:HK$438', '清蓮居親子房（智能小度+夢百合記憶床墊+小冰箱）:HK$511', '芳草居套房（智能小度+夢百合記憶床墊+小冰箱）:HK$580']"
和田博物館迎賓路亞朵酒店,9.7,"['高級大床房（電視投屏+小冰箱+加濕器+智能小度）:HK$390', '高級雙床房（電視投屏+小冰箱+加濕器+智能小度）:HK$390', '行政大床房（電視投屏+小冰箱+加濕器+智能小度）:HK$421', '行政雙床房:HK$432', '幾木大床房（電視投屏+小冰箱+加濕器+智能小度+浴袍）:HK$450']"
和田杭程酒店（和田夜市店）,8.8,"['杭程零壓大床房:HK$167', '惠選雙床房:HK$167', '絲路財源大床房:HK$236', '拾玉舒眠雙床房:HK$236']"
麗呈花盛國際酒店（和田火車站店）,9.5,"['特惠大床房（全屋新風+全屋凈水+全屋智控+中央空調）:HK$329', '特惠雙床房（全屋新風+全屋凈水+全屋智控+中央空調）:HK$329', '高級大床房（大窗+全屋新風+全屋凈水+全屋智控）:HK$365', '高級雙床房（大窗+全屋新風+全屋凈水+全屋智控）:HK$365', '行政大床房（深睡床墊+全屋新風+全屋凈水+全屋智控）:HK$399']"
華豫國際酒店（和田夜市店）,8.8,"['特惠標準間（採光好+中央空調）:HK$192', '特惠大床房（採光好+中央空調）:HK$201', '韓式單間（採光好+中央空調）:HK$216', '豪華標房（採光好+中央空調）:HK$221', '豪華單房（採光佳）:HK$232']"
和田西湖國際大酒店,8.8,"['特價房:HK$260', '高級大床房:HK$282', '高級標準間:HK$282', '商務大床房:HK$316', '商務標準間:HK$317']"
和田希爾頓歡朋酒店,9.7,"['舒適房-大床（全屋智能+舒達床墊+彼得羅夫洗護）:HK$461', '舒適房-雙床（全屋智能+舒達床墊+彼得羅夫洗護）:HK$461', '高級房-大床（全屋智能+舒達床墊+彼得羅夫洗護）:HK$491', '高級房-雙床（全屋智能+舒達床墊+彼得羅夫洗護）:HK$491', '豪華房-大床（全屋智能+舒達床墊+彼得羅夫洗護+浴缸）:HK$599']"
和田文華酒店,9.3,"['內景大床房:HK$198', '家庭親子房:HK$464']"
如家精選酒店（和田火車站店）,9.6,"['商務大床房（智能客控+可投屏65寸電視+電動加熱馬桶）:HK$325', '高級大床房（（夢百合床墊+可投屏65寸電視+徠風吹風機）:HK$334', '高級雙床房（夢百合床墊0壓枕+智能客控+徠風吹風機）:HK$351', '安心睡0壓大床房（夢百合床墊0壓枕+諾香空氣凈化機）:HK$376', '安心睡0壓雙床房（夢百合床墊0壓枕+諾香空氣凈化機）:HK$393']"
銀星酒店（和田夜市店）,9.6,"['超值特惠房（採光視野好+加濕器）:HK$298', '雅緻大床房（採光視野好+加濕器+獨立空調+蕎麥枕）:HK$300', '浪漫大床房（採光視野好+加濕器+獨立空調）:HK$308', '雅緻雙床房（採光視野好+加濕器+獨立空調+蕎麥枕）:HK$320', '奢華商旅雙床房（採光視野好+加濕器+獨立空調）:HK$353']"
和田玉洲和平大酒店,9.5,"['高級標準間:HK$217', '豪華標準間:HK$241', '豪華大床房:HK$313', '豪華親子套房:HK$411']"
和田火車站烏魯木齊北路亞朵酒店,9.3,"['雅緻大床房【電視投屏+智能小杜+全屋客控+獨立院落】:HK$332', '高級大床房【電視投屏+智能小杜+全屋客控+獨立院落】:HK$358', '行政大床房【電視投屏+智能小杜+全屋客控+獨立院落】:HK$385', '高級雙床房【電視投屏+智能小杜+全屋客控+獨立院落】:HK$385', '行政雙床房【電視投屏+智能小杜+全屋客控+獨立院落】:HK$412']"
和田絲路印象精品酒店,9.6,"['智能商務標準間:HK$219', '智能優享大床房--小度全屋智能:HK$283', '智能優享標準間:HK$297', '智能優享豪華浴缸房--小度全屋智能:HK$340']"
九華玉龍酒店（和田夜市店）,9.4,"['雅緻大床房:HK$332', '健康大床房:HK$347', '健康雙床房:HK$354', '精緻大床房:HK$371', '陽光雙床房:HK$418']"
和天下國際酒店（和田夜市店）,9.2,"['特惠房:HK$277', '特惠雙床房（空間大+記憶床墊）:HK$310', '豪華雙人間（落地窗簾+超大空間）:HK$372', '行政單人間（超大空間+大沙發）:HK$393', '行政標準間（落地窗簾+超大空間）:HK$434']"
全季酒店（和田火車站店）,9.6,"['大床房【金可兒床墊+智能馬桶+拾趣功夫茶具）:HK$279', '雙床房【金可兒床墊+法國精油洗護+拾趣功夫茶具】:HK$307', '高級大床房【金可兒床墊+法國精油洗護+拾趣功夫茶具】:HK$325', '高級雙床房【金可兒床墊+電視投屏+拾趣功夫茶具】:HK$344']"
維也納國際酒店（和田夜市甌越公館店）,9.6,"['特惠高級單人間（加濕器+人體工學椅子）:HK$355', '高級商務大床房（智能客控+超大床+空間大+加濕器）:HK$380', '特惠商務雙床房（加濕器+人體工學椅子）:HK$392', '豪華商務大床房（智能控+超大床空間大+加濕器潤體乳）:HK$405', '豪華商務雙床房（空間大+智能客控+採光好+加濕器）:HK$436']"
桔子酒店（和田城市廣場店）,9.7,"['高級大床房【金可兒床墊+65寸可投屏電視+恆温馬桶】:HK$381', '商務大床房【金可兒床墊+65寸可投屏電視+恆温馬桶】:HK$402', '高級雙床房【金可兒床墊+65寸可投屏電視+恆温馬桶】:HK$412', '商務雙床房【金可兒床墊+65寸可投屏電視+恆温馬桶】:HK$432']"
漢庭酒店（和田火車站店）,9.8,"['高級大床房【喜臨門床墊+可投屏65寸電視+恆温馬桶】:HK$231', '高級雙床房【喜臨門床墊+可投屏65寸電視+智能馬桶】:HK$231', '商務大床房【喜臨門床墊+可投屏65寸電視+恆温馬桶】:HK$251', '商務雙床房【喜臨門床墊+可投屏65寸電視+恆温馬桶】:HK$251']"
錦江都城酒店（和田夜市團結廣場店）,9.5,"['特惠精緻商務房（智能客控+恆温馬桶+加濕器）:HK$323', '風雅商務房（智能客控+恆温馬桶+加濕器）:HK$343', '都會雙床房（智能客控+恆温馬桶+加濕器）:HK$425', '都會商務房（智能客控+恆温馬桶+加濕器）:HK$435', '温馨家庭房（智能客控+恆温馬桶+加濕器）:HK$436']"
全季酒店（和田昆岡機場迎賓路店）,9.7,"['大床房（金可兒床墊+智能馬桶+智慧投屏+智能音控）:HK$314', '雙床房（金可兒床墊+智能馬桶+智慧投屏+智能音控）:HK$323', '高級大床房（金可兒床墊+智能馬桶+智慧投屏+智能音控）:HK$343', '高級雙床房（金可兒床墊+智能馬桶+智慧投屏+智能音控）:HK$352']"
和田天王國際大酒店（和田團結廣場店）,9.3,"['天逸商務雙床房（採光好+藍牙音響+小冰箱）:HK$363', '天悦豪華大床房（小冰箱+藍牙音響+智能馬桶）:HK$363', '天瀾小套房（陶瓷大浴缸+智能馬桶+藍牙音響）:HK$374', '天熙豪華雙床房（陶瓷大浴缸+智能馬桶+藍牙音響）:HK$385', '天和三人間（智能馬桶+藍牙音箱+小冰箱）:HK$453']"
名門麗呈華廷酒店（崑崙湖和田新夜市店）,9.3,"['高級雙床房丨都市麗景:HK$420', '豪華雙床房丨城市麗景:HK$448', '湖景雙床房丨俯瞰崑崙湖美景:HK$581', '湖景大床房丨俯瞰崑崙湖美景:HK$638', '行政院景標間丨高空城市夜景:HK$718']"
國玉大飯店（和田玉龍喀什河店）,9.5,"['民俗圓床房（智能聲控+零壓床墊）:HK$353', '玉龍河景觀雙床房（智能聲控+超大落地窗）:HK$403', '商務雙床房（智能聲控+零壓床墊）:HK$403', '玉龍河景觀大床房（智能聲控+超大落地窗）:HK$403', '豪華大床房（智能聲控+超大浴缸）:HK$412']"
希岸Deluxe酒店（和田夜市川億店）,9.5,"['高級大床房（超大空間+加濕器+壁掛洗衣機）:HK$373', '豪華大床房（超大空間+加濕器+超美湖景）:HK$430', '豪華雙床房（超大空間+加濕器+超美湖景）:HK$430', '商務雙床房（超大空間+加濕器+超美湖景）:HK$513', '商務大床房（超大空間+浴缸+加濕器+超美湖景）:HK$513']"
和田絲路迎賓酒店（和田夜市）,9.3,"['大床房:HK$370', '雙床房:HK$398', '親子家庭房:HK$604']"
Yunik電競酒店（和田火車站店）,9.9,"['電競高級雙床房（可投屏65寸電視+電動加熱馬桶+小冰箱）:HK$274', '電競高級大床房（夢百合床墊+可投屏65寸電視+小冰箱）:HK$284', '電競三人房（可投屏65寸電視+電動加熱馬桶+夢百合床墊）:HK$382', '電競四人房（夢百合床墊+可投屏65寸電視+電動加熱馬桶）:HK$452']"
麗楓酒店（和田博物館夜市店）,9.4,"['豪華大床房（智能客控+慕斯床墊+空氣凈化器+水養香薰儀）:HK$279', '豪華雙床房（智能客控+慕斯床墊+水養香薰儀）:HK$296', '商務大床房（智能客控+慕斯床墊+空氣凈化器+水養香薰儀）:HK$304', '商務雙床房（智能客控+慕斯床墊+水養香薰儀）:HK$321']"
和田印象精品酒店（新夜市店）,9.3,"['高級迷你標間:HK$236', '高級迷你單間:HK$236', '歐式精品雙床房:HK$269', '歐式精品大床房:HK$269']"
希岸酒店（和田夜市博物館店）,9.4,"['希岸大床房（智能客控）:HK$273', '希岸雙床房（落地窗+智能客控+城市街景）:HK$306', '希岸豪華大床房（落地窗+智能客控+城市街景）:HK$331', '希岸豪華雙床房（超大空間+智能客控）:HK$364']"
和田金鷹國際大酒店（團結廣場店）,9.0,"['商務標間:HK$315', '商務大床:HK$337', '行政標間:HK$376', '行政大床:HK$391', '超級大床Plus:HK$414']"
和田夜市團結廣場美居酒店,9.3,"['高級大床房（mini吧+加濕器+智能客控+智能衞浴）:HK$503', '豪華大床房（mini吧+加濕器+智能客控+智能衞浴）:HK$532', '嘉賓大床房（mini吧+加濕器+智能客控+智能衞浴）:HK$563', '豪華雙床房（mini吧+加濕器+智能客控+智能衞浴）:HK$563', '嘉賓雙床房（mini吧+加濕器+智能客控+智能衞浴）:HK$592']"
乾元國際酒店（和田夜市店）,9.3,"['內景單間:HK$419', '商務單間:HK$461', '商務標間:HK$497', '行政單間:HK$508', '行政標間:HK$533']"
和田賓館,9.3,"['特價房:HK$205', '商務標間（1號樓）:HK$344', '豪華單間（2號樓）:HK$436', '豪華標間（2號樓）:HK$436']"
潮漫酒店（和田團結廣場店）,9.4,"['漫享高級雙床房:HK$302', '漫享高級大床房:HK$347', '温馨親子套房:HK$468', '行政套房:HK$479']"
和田和璽酒店,9.3,"['商務大床房:HK$303', '豪華大床房:HK$304', '影視大床房:HK$304', '豪華標準間:HK$304', '豪華三人間:HK$473']"
城市便捷酒店（和田玉都國際大巴扎店）,9.7,"['標準大床房（希丁安床墊+明亮典雅+智能馬桶）:HK$237', '高級大床房（希丁安床墊+明亮典雅+智能馬桶）:HK$252', '標準雙床房（希丁安床墊+明亮典雅+智能馬桶）:HK$281', '豪華大床房（希丁安床墊+明亮典雅+智能馬桶）:HK$295']"
錦江都城酒店（洛浦北京路店）,9.6,"['精緻雙床房:HK$288', '風雅雙床房:HK$315', '精緻商務房:HK$340', '風雅商務房:HK$366', '都會商務房:HK$391']"
和光同程酒店（玉石交易中心店）,9.6,"['舒適雙床房:HK$196', '商務街景雙床房:HK$207', '商務大床房:HK$238', '景觀庭院雙床房:HK$252']"
喆啡酒店（和田夜市店）,9.3,"['醇享大床房（超大床加濕器）:HK$291', '醇享雙床房（加濕器）:HK$299', '醇享生活大床房（超大床加濕器）:HK$308', '啡凡大床房（超大床加濕器）:HK$326']"
和田天津國際酒店,8.9,"['內景大床房（無窗）:HK$267', '商務大床房:HK$318', '商務雙床房:HK$318', '豪華大床房:HK$339']"
和田玉都大酒店（團結廣場店）,8.2,"['豪華標準間:HK$164', '豪華大床房:HK$175', '豪華三人間:HK$255']"
和田市明珠商務酒店（和田火車站店）,9.2,"['舒適大床房（智能馬桶+中央空調+零壓床墊）:HK$164', '舒適雙床房（智能馬桶+高速WIFI+中央空調+零壓床墊）:HK$164', '陽光大床房（智能馬桶+高速WIFI+中央空調+地暖）:HK$203', '商務雙床房（智能馬桶+高速WIFI+中央空調+地暖）:HK$203']"
麗庭酒店（和田玉都國際大巴扎店）,9.5,"['商務大床房（電視投屏+記憶枕+安心睡+採光視野好）:HK$259', '商務雙床房（電視投屏+記憶枕+安心睡+採光視野好）:HK$274', '高級大床房（電視投屏+記憶枕+安心睡+採光視野好）:HK$289', '高級雙床房（電視投屏+記憶枕+安心睡+採光視野好）:HK$304']"
和田鴻源酒店,9.5,"['雙床房:HK$190', '大床房:HK$190', '商務大床房:HK$258', '商務雙床房:HK$258']"
和田蓉城酒店,9.6,"['精品大床房:HK$349', '暖陽金輝大床房:HK$400', '精品雙床房:HK$427', '暖橘雙床房:HK$514']"
崑崙郎國際酒店（于田店）,9.5,"['雅緻雙床房+全景落地窗:HK$277', '觀景大床房+全景落地窗:HK$286', '觀景雙床房+全景落地窗:HK$295', '雅緻大床房+全景落地窗:HK$297', '有愛家庭套房+全景落地窗+加濕器:HK$516']"
漢庭酒店（和田迎賓路店）,9.6,"['大床房（喜臨門床墊+WIFI+中央空調）:HK$253', '高級大床房（喜臨門床墊+智能馬桶+記憶枕）:HK$271', '高級雙床房（喜臨門床墊+智能馬桶+記憶枕）:HK$271', '家庭房（大小床+65寸投屏+採光充足）:HK$320']"
和田約特幹故城·古城人家民宿,9.6,"['庭院大床房:HK$779', '庭院高級大床房:HK$835', '露台觀景大床房:HK$1,114', '露台觀景雙床房:HK$1,114', '露台觀景套房:HK$1,299']"
