酒店名称,评分,房型价格列表
嘉興運河希爾頓歡朋酒店,9.8,"['舒適大床房:HK$379', '舒適雙床房:HK$379', '高級大床房:HK$417', '高級雙床房:HK$417', '豪華大床房:HK$465']"
烏鎮邇釉民宿,9.7,"['粉彩大床房:HK$597', '曜變大床房:HK$597', '鷓鴣大床房:HK$635', '玲瓏大床房:HK$635']"
嘉興希爾頓酒店,9.5,"['豪華大床客房:HK$531', '豪華雙床客房:HK$531', '無障礙房:HK$531', '行政雙床客房:HK$667', '行政大床客房:HK$667', '豪華雲端大床房:HK$693']"
嘉興南湖帕瑞思酒店,9.6,"['禾居·寵粉大床房「4K高清影視+觀地標夜景+隔音玻璃」:HK$237', '禾居·寵粉雙床房「4K高清影視+躺上就想睡+隔音玻璃」:HK$256', '禾居|商旅優眠雙床房「4K高清影視+躺上就想睡的枕頭+隔音玻璃」:HK$273', '禾居·商旅觀影大床房「4K高清影視+躺上就想睡的枕頭+隔音玻璃」:HK$273', '禾居·情侶約hig大床房「4K高清影視+觀地標夜景+隔音玻璃」:HK$324']"
嘉興沙龍國際賓館（南湖景區店）,9.4,"['高級大床房:HK$287', '高級雙床房:HK$299', '商務雙床房:HK$336', '商務大床房:HK$339', '豪華雙床房:HK$420', '豪華家庭房:HK$465']"
嘉興奢小曼酒店,9.8,"['高級大床房:HK$453', '高級雙床房:HK$453', '豪華精選大床房:HK$481', '豪華精選雙床房:HK$481', '豪華精選商旅房:HK$515']"
西塘萬達美華度假酒店,9.7,"['安境·雅適大床房（智能投屏+Acca Kappa洗護品+膠囊Coffee機+迷你吧）:HK$531', '安境·雅適雙床房（智能投屏+Acca Kappa洗護品+膠囊Coffee機+迷你吧）:HK$531', '安境·雅緻園景大床房（靜謐舒適+智能投屏+Acca Kappa洗護品+膠囊Coffee機+迷你吧）:HK$579', '環秀·雅緻河景大床房（智能投屏+Acca Kappa洗護品+膠囊Coffee機+迷你吧）:HK$664', '環秀·雅緻河景雙床房（智能投屏+Acca Kappa洗護品+膠囊Coffee機+迷你吧）:HK$664']"
西塘牧月酒店,9.8,"['西苑大床房:HK$399', '西苑家庭房:HK$446', '園景大床房:HK$475', '園景雙床房:HK$475', '湖景大床房:HK$569']"
嘉興南湖八佰伴桔子水晶酒店,9.7,"['高級大床房（絲漣床墊+冰箱mini吧+藍牙音箱）:HK$345', '豪華雙床房（絲漣床墊+冰箱mini吧+藍牙音箱）:HK$345', '豪華大床房（絲漣床墊+冰箱mini吧+藍牙音箱）:HK$358', '商務大床房（絲漣床墊+冰箱mini吧+藍牙音箱）:HK$375', '行政雙床房（絲漣床墊+冰箱mini吧+藍牙音箱）:HK$384']"
嘉興南湖賓館,9.8,"['庭院大床房:HK$992', '庭院雙床房:HK$992', '豪華園景大床房:HK$1,114', '豪華園景雙床房:HK$1,114', '豪華湖景雙床房:HK$1,235', '豪華湖景大床房:HK$1,235']"
嘉興鴛湖旅社,9.6,"['高級大床房:HK$682', '豪華大床房:HK$749', '豪華雙人間:HK$815', '湖景大床房:HK$1,241', '園景套房:HK$1,819', '湖景套房:HK$1,924']"
嘉興戴夢得開元名都酒店（南湖店）,9.5,"['開元市景雙床房:HK$420', '開元市景大床房:HK$420', '高級市景雙床房:HK$532', '高級市景大床房:HK$532', '高級湖景雙床房:HK$644', '高級湖景大床房:HK$644']"
嘉興佳源四季酒店,9.5,"['雅緻大床房:HK$354', '雅緻雙床房:HK$354', '高級大床房:HK$402', '高級雙床房:HK$402', '豪華大床房:HK$443', '豪華雙床房:HK$443']"
嘉興龍之夢大酒店,9.6,"['高級大床房:HK$352', '豪華商務大床房:HK$367', '豪華商務雙床房:HK$367', '豪華市景大床房:HK$537', '豪華市景雙床房:HK$537', '豪華湖景大床房:HK$568']"
嘉緣瑞庭酒店（烏鎮西柵景區店）,9.6,"['特價大床房:HK$303', '豪華大床房:HK$322', '陽台大床房:HK$359', '雅緻雙床房（帶榻榻米）:HK$359', '豪華雙床房:HK$360']"
嘉興福朋喜來登酒店,9.5,"['豪華大床房:HK$479', '豪華雙床房:HK$479', '豪華河景雙床房:HK$534', '豪華河景大床房:HK$534', '行政大床房:HK$698', '行政雙床房:HK$698']"
嘉興蘆蓆滙開元觀堂酒店,9.5,"['觀堂大床房:HK$701', '觀堂雙床房:HK$701', '雅居雙床房:HK$796', '逸居大床房:HK$891', '逸居雙床房:HK$891', '悦景庭院雙床房:HK$986']"
嘉興萬豪酒店,9.6,"['豪華大床房:HK$626', '豪華雙床房:HK$626', '景觀大床房:HK$673', '景觀雙床房:HK$673', '全景大床房:HK$720', '行政大床房:HK$899']"
嘉興雷迪森懌曼酒店（南湖 月河景區店）,9.1,"['懌曼高級大床房:HK$339', '懌曼高級雙床房:HK$357', '景觀豪華大床房:HK$394', '景觀豪華雙床房:HK$422', '清風小院豪華套房:HK$527']"
嘉興南湖開元名庭酒店,9.6,"['名成高級大床房:HK$355', '名成豪華大床房:HK$374', '名成高級雙床房:HK$393', '名成豪華雙床房:HK$412', '名成商務大床房（含浴缸）:HK$431']"
嘉興中山路江南摩爾亞朵酒店,9.6,"['高級大床房:HK$331', '高級雙床房:HK$348', '行政大床房:HK$389', '幾木大床房-亞朵星球深睡枕PRO+小冰箱:HK$391', '幾木雙床房-亞朵星球深睡枕PRO+小冰箱:HK$391']"
海寧觀山湖酒店,9.4,"['浮生半日閑-園景高級大床房:HK$459', '春花秋月景-園景高級雙床房:HK$459', '詩酒好年華-園景豪華雙床房:HK$539', '書香滿門第-園景豪華大床房:HK$539']"
平湖萬怡酒店,9.6,"['聽鳴大床房:HK$488', '聽鳴雙床房:HK$488', '隱廬大床房:HK$506', '隱廬雙床房:HK$506', '亭水大床房:HK$506']"
濮院時尚古鎮濮錦大酒店,9.4,"['濮錦雅緻大床房:HK$826', '濮錦雅逸標間:HK$826', '濮錦高級標間:HK$874', '濮錦高級大床房:HK$874', '衣舍高級標間:HK$874', '衣舍高級大床房:HK$874']"
嘉興平湖亞朵酒店,9.8,"['高級大床房:HK$215', '高級雙床房:HK$240', '行政大床房:HK$291', '幾木大床房:HK$302', '行政雙床房:HK$413']"
曼居酒店（嘉興南湖紅船店）,9.3,"['高級大床房:HK$253', '曼選大床房:HK$266', '曼選雙床房:HK$286', '曼享大床房:HK$299']"
嘉興南湖桔子水晶酒店,9.8,"['高級雙床房（絲漣床墊+藍牙音響）:HK$331', '高級大床房（絲漣床墊+冰箱mini吧+藍牙音響）:HK$437', '豪華雙床房（絲漣床墊+藍牙音響）:HK$454', '豪華大床房（絲漣床墊+冰箱mini吧+藍牙音響）:HK$454', '商務大床房（絲漣床墊+冰箱mini吧+藍牙音響）:HK$506']"
烏鎮雲貝爾貴族酒店,9.7,"['智能精選大床房:HK$433', '智能精選標房:HK$433', '智能優選大床房（智能客控+乾衣架+德國高儀衞浴）:HK$490', '智能優選雙床房（智能客控+乾衣架+德國高儀衞浴）:HK$490', '智能甄選大床房（智能客控+乾衣架+雙台盆）:HK$547', '智能陽台雙床房（陽台+乾衣架+智能客控）:HK$547']"
嘉興湘家盪君瀾酒店,9.3,"['湘瀾雙床房:HK$646', '湘君大床房-帶浴缸:HK$675', '氧吧湘瀾雙床房:HK$689', '園景氧吧雙床房:HK$689', '園景氧吧大床房-帶浴缸:HK$725', '天樂親子房:HK$761']"
伯爵世家酒店（嘉興南湖區政府店）,9.4,"['精選雙床房:HK$291', '精選大床房:HK$291', '尊享城景雙床房（浴缸）:HK$333', '尊享城景大床房（浴缸）:HK$333', '私享行政套房（會客廳+浴缸）:HK$377']"
烏鎮盛庭行館,9.7,"['盛庭高級大床房:HK$1,292', '盛庭豪華套房:HK$1,695', '盛庭豪華別墅:HK$6,780']"
烏鎮望津裏精品酒店,9.6,"['舒適標間:HK$1,066', '高級標間:HK$1,235', '舒適大床房:HK$1,235', '高級大床房:HK$1,348', '豪華標間:HK$1,348', '豪華大床房:HK$1,461']"
海寧皮革城南關廂亞朵酒店,9.6,"['雅緻大床房:HK$304', '雅緻雙床房:HK$304', '高級大床房:HK$348', '高級雙床房:HK$348', '行政大床房:HK$391']"
烏鎮西柵·時嶼設計師酒店,9.7,"['熔巖·觀景大床房（智能家居+AMIRO化粧鏡+乾濕分離）:HK$298', '歌劇·河景大床房（智能馬桶+慕思床墊+AMIRO化粧鏡）:HK$327', '風暴·河景大床房（智能客控+電動窗簾+乾濕分離）:HK$327', '雪域·莫蘭迪河景大床房（智能客控+AMIRO化粧鏡）:HK$327']"
全季酒店（嘉興秀湖公園店）,9.8,"['大床房:HK$262', '高級雙床房:HK$262', '高級大床房:HK$288', '商務雙床房:HK$288']"
嘉善雲瀾灣泓璟四季酒店,9.3,"['豪華景觀大床房:HK$940', '豪華景觀雙床房:HK$940', '行政温泉大床房:HK$1,149', '行政温泉雙床房:HK$1,149', '家庭温泉雙床房:HK$1,254', '豪華親子A大床房:HK$1,358']"
嘉興清池温泉酒店,9.1,"['雅緻雙床房（無私湯）:HK$482', '高級温泉雙床房（私湯）:HK$625', '高級温泉大床房（私湯）:HK$653', '景觀温泉雙床房（私湯）:HK$682', '景觀温泉大床房（私湯）:HK$710', '豪華温泉大床房（私湯）:HK$815']"
旺源酒店（嘉興南湖月河古街店）,9.6,"['特惠大床房:HK$188', '豪華大床房:HK$208', '特惠標準間:HK$208', '商務標間:HK$227']"
嘉興海鹽開元頤居酒店,9.5,"['頤享高級大床房:HK$328', '頤享高級雙床房:HK$347', '頤享豪華大床房:HK$374', '頤享豪華雙床房:HK$374', '頤享行政大床房:HK$402']"
漢庭酒店（嘉興大學南湖店）,9.6,"['大床房:HK$217', '高級雙床房:HK$233', '高級大床房:HK$233', '商務大床房:HK$251']"
嘉興南湖亞朵酒店,9.7,"['行政雙床房:HK$322', '高級雙床房:HK$328', '行政大床房:HK$339', '高級大床房:HK$346', '幾木雙床房-亞朵星球深睡枕pro+冰箱mini吧:HK$453']"
濮院時尚古鎮梅尚度假酒店,9.6,"['高級標間:HK$1,276', '高級大床房:HK$1,276', '高級景觀標間:HK$1,405', '豪華標間:HK$1,405', '豪華大床房:HK$1,405', '豪華景觀標間:HK$1,534']"
嘉興希爾頓逸林酒店,9.6,"['逸林大床房:HK$398', '逸林雙床房:HK$398', '無障礙大床房:HK$398', '豪華露台大床房:HK$445', '豪華露台雙床房:HK$445', '行政大床房:HK$538']"
桐鄉慶豐南路亞朵酒店,9.8,"['高級大床房-慢回彈記憶枕:HK$331', '行政雙床房-慢回彈記憶枕:HK$331', '行政大床房-慢回彈記憶枕:HK$356', '幾木雙床房-亞朵星球深睡枕Pro+小冰箱:HK$391', '幾木大床房-亞朵星球深睡枕Pro+小冰箱:HK$409']"
錦江都城酒店（嘉興南湖店）,9.5,"['時尚商務房（小冰箱+手機投屏 ）:HK$208', '安舒雙床房（小冰箱+手機投屏 ）:HK$208', '精緻商務房（小冰箱+手機投屏 ）:HK$236', '精緻雙床房（小冰箱+手機投屏 ）:HK$236']"
西塘原築·藝術度假酒店·觀星露台·空中花園·莫奈之窗·煙雨長廊店,9.8,"['Surprise雅緻大床房｜舒適好眠:HK$320', '原夕·雅緻大床房｜乳膠床墊+乾濕分離:HK$353', '原憶·雅緻大床房｜乳膠床墊+乾濕分離:HK$353', '原見·精緻大床房｜雙人浴缸+智能馬桶+舒適好眠:HK$372']"
嘉興陽光雷迪森廣場酒店,9.5,"['高級大床房:HK$359', '高級雙床房:HK$359', '0壓高級大床房（0壓記憶枕+0壓床墊）:HK$401', '行政雙床房:HK$523', '行政大床房:HK$523', '豬豬俠親子房:HK$523']"
烏鎮枕水度假酒店,9.3,"['枕水特色大床房B:HK$1,197', '枕水高級標間:HK$1,197', '枕水豪華標間:HK$1,434', '枕水臨水標間:HK$1,434', '枕水大床房:HK$1,434', '枕水特色大床房A:HK$1,434']"
烏鎮通安客棧,9.6,"['通安民居樓標間:HK$1,035', '通安通寶樓標間B:HK$1,272', '1號樓標間B:HK$1,272', '通安通寶樓大床房B:HK$1,272', '通安通寶樓露台標間:HK$1,358', '通安通寶樓標間A:HK$1,358']"
宜尚酒店（嘉興秀湖南洋職業技術學院店）,9.8,"['標準大床房:HK$205', '商務大床房:HK$219', '豪華大床房:HK$232', '豪華雙床房:HK$239']"
全季酒店（烏鎮景區店）,9.7,"['大床房A:HK$253', '高級雙床房:HK$306', '高級大床房:HK$323', '商務大床房:HK$349']"
