酒店名称,评分,房型价格列表
四平維美戴斯大酒店（火車站仁興裏沉浸式街區店）,9.3,"['優享城景大床房:HK$252', '優享城景雙床房:HK$306', '尊享城景大床房:HK$361', '尊享城景雙床房:HK$372', '尊享城景行政套房:HK$971']"
四平吉平賓館,9.7,"['觀景大床房:HK$365', '觀景雙床房:HK$365', '親子家庭房:HK$444', '尊享親子家庭房:HK$538', '商務套房:HK$611']"
全季酒店（四平英雄廣場市政府店）,9.6,"['大床房:HK$319', '高級大床房:HK$337', '雙床房:HK$357', '家庭房:HK$377']"
白玉蘭酒店（四平火車站南一經街店）,9.1,"['輕舒大床房:HK$125', '玉舒大床房:HK$140', '玉舒雙床房:HK$140', '蘭舒雙床房:HK$156']"
歐屹方舟大酒店（四平高鐵站一中店）,9.4,"['榻榻米房:HK$205', '星空標間（無窗）:HK$215', '商務標間:HK$256', '温馨大床房:HK$256']"
麗楓酒店（四平萬達廣場店）,9.4,"['雅緻大床房（藍牙音箱+小冰箱+空氣凈化器）:HK$222', '豪華大床房（藍牙音箱+小冰箱+空氣凈化器）:HK$238', '豪華雙床房（藍牙音箱+小冰箱+空氣凈化器）:HK$246', '商務大床房（藍牙音箱+小冰箱+空氣凈化器）:HK$254']"
漢庭酒店（四平火車站吾悦廣場店）,9.5,"['大床房:HK$213', '高級大床房:HK$231', '雙床房:HK$231', '家庭房:HK$250']"
四平銀盾酒店（萬達廣場店）,9.0,"['舒適大床房（加大床）:HK$135', '大床房:HK$146', '商務標準間:HK$146', '豪華大床房:HK$152']"
漢庭酒店（四平東站鐵東政府店）,9.9,"['大床房:HK$222', '高級大床房:HK$241', '雙床房:HK$241', '家庭房:HK$283']"
四平逸都假日酒店,9.1,"['特惠大床房:HK$97', '經典大床房:HK$113', '經典雙床房:HK$121', '豪華大床房:HK$162']"
H連鎖丨金澤酒店（四平火車站店）,8.8,"['商務大床房:HK$137', '商務標準間:HK$145', '豪華標準間:HK$169', '娛樂房:HK$169']"
Hello小杜電競酒店（四平萬達廣場店）,9.1,"['Hello優選大床房（有投影|無電腦）:HK$132', 'Hello舒適大床房（有投影|無電腦）:HK$145', 'Hello豪華大床房（有投影|無電腦）:HK$157', 'Hello情侶大床房（有投影|無電腦）:HK$169']"
未來都市智慧酒店（萬達廣場店）,9.4,"['温馨大床房【全屋智能】:HK$114', '日式【全屋智能】:HK$130', '地中海【全屋智能】:HK$155', '奢華雙床房【全屋智能】:HK$155']"
漢庭酒店（四平中心醫院七道街店）,9.3,"['大床房:HK$159', '高級大床房:HK$168', '雙床房:HK$177', '商務大床房:HK$187']"
麗榭雅居智能酒店公寓（四平萬達師範學院店）,8.9,"['智能豪華投影房:HK$393', '智能情侶投影房:HK$393', '雅居歡樂家庭房:HK$393', '雅居投影大床房:HK$393']"
可勒小鎮假日酒店（四平歐亞商都店）,9.7,"['小鎮雙床房:HK$196', '優享大床房:HK$196', '精品大床房:HK$213', '行政雙床房:HK$232']"
可勒小鎮假日酒店（四平火車站店）,9.6,"['小鎮大床房:HK$231', '美式精品雙床房:HK$231', '美式豪華大床房:HK$247', '美式豪華雙床房:HK$247']"
如家酒店（四平火車站店）,9.2,"['大床房A:HK$192', '商務大床房:HK$210', '雙床房:HK$230', '高級大床房:HK$230']"
藍奢印象公寓（四平萬達廣場店）,8.5,"['豪華大床房:HK$137', '景觀大床房:HK$153', '商務大床房:HK$171', '豪華雙床房:HK$176']"
四平卓悦方舟酒店,8.8,"['商務標間:HK$155', '商務大床房:HK$155', '主題大床房:HK$155']"
四平9號公館酒店（萬達廣場店）,9.5,"['行政豪華大床房:HK$219', '行政高級大床房:HK$244', '行政豪華家庭房:HK$258', '行政豪華標準間:HK$258']"
國王電競公寓（四平萬達廣場店）,9.2,"['高端雙人電競大床房:HK$234', '單人電競大床房:HK$260', '競技雙人大床房4070顯卡:HK$270', '豪華電競三人間:HK$320']"
四平良友賓館,8.2,"['精品大床房:HK$90', '特惠雙床房:HK$105', '商務標準間:HK$113', '精品雙床房:HK$113']"
印象酒店（四平高鐵站店）,8.0,"['地中海風情房:HK$115', '地中海影院房:HK$135', '東南亞風情房:HK$137', '田園公主房:HK$162']"
四平宜心思快捷酒店（歐亞購物中心店）,8.9,"['精緻大床房:HK$58', '精緻雙床房:HK$70', '豪華標準間:HK$76', '豪華大床房:HK$83']"
從前慢主題公寓（四平吉林師範大學店）,10.0,"['主題大床房:HK$156', '投影主題房:HK$156']"
民和酒店（四平歐亞購物中心店）,9.2,"['特惠房:HK$110', '高級大床房:HK$141', '高級雙床房:HK$141', '休閑大床房:HK$155']"
醉愛主題公寓,10.0,"['美麗天鵝主題房:HK$118', '跑車電動大床房:HK$121', '草莓熊投影大床房:HK$121', '紅色浴缸主題房:HK$140']"
四平遇見私人公寓,9.8,"['舒適雙床房 （4K高清智能電視+手機投屏+舒睡床墊）:HK$163', '精品大床房 （4K高清智能電視+手機投屏+舒睡床墊）:HK$163', '浪漫電動圓床房 （55寸高清智能電視手機投屏+舒睡床品）:HK$163', '豪華情趣電動圓床房 （高清智能電視手機投屏+舒睡床品）:HK$163']"
公元城市賓館（四平火車站店）,9.5,"['超值特價房:HK$128', '經濟大床房:HK$137', '商務大床房:HK$153', '商務標準間:HK$153']"
喜都水晶酒店（四平興紅路店）,9.3,"['儒雅雙床房:HK$216', '水晶大床房:HK$216', '愜意榻榻米:HK$216', '商務套房:HK$454']"
四平君灣賓館,8.6,"['經濟榻榻米房（公共衞浴）:HK$66', '榻榻米大床房（無窗）:HK$89', '舒適大床房:HK$107', '主題房:HK$107']"
四平春哥賓館,9.4,"['特惠大床房:HK$46', '豪華大床房:HK$46', '影音圓床房:HK$67']"
錦江之星（四平平東大路萬達廣場店）,8.6,"['商務房C:HK$124', '商務房B:HK$147', '商務標準房B:HK$147', '商務房A:HK$163']"
祕密空間公寓（四平萬達廣場店）,8.6,"['初學者高爾夫球投影主題房:HK$148', '星辰大海投影主題房:HK$148', '絕地武士投影主題房:HK$148', '甜蜜夢境網紅主題房:HK$148']"
四平陌上花開公寓,8.2,"['愛如潮水:HK$138', '長相思:HK$147', '紅山果投影大床房:HK$164', '五月天標準雙床房:HK$208']"
祕密空間公寓（吉林師範大學店）,8.6,"['海綿寶寶:HK$138', '佳片有約:HK$147', '灌籃高手籃球主題房:HK$147']"
四平壩上人家時尚旅店,10.0,"['標準間（公衞）:HK$25', '大床房（無窗）:HK$37', '大床房:HK$40']"
四平淘淘公寓,7.0,"['歐式温馨大床房A:HK$151', '歐式温馨大床房B:HK$151']"
四平時空嘉緣公寓,8.9,"['特價大床房:HK$35', '舒適空調房:HK$58', '温馨空調房:HK$82']"
四平唯多商務賓館,9.5,"['特價大床房:HK$61', '大床房:HK$74', '韓式房:HK$85', '三人房:HK$109']"
四平喜來樂賓館,9.0,"['舒適標準間:HK$96', '舒適大床房:HK$107', '舒適四人間:HK$140', '商務標準間:HK$173']"
四平紫微時尚賓館,8.7,"['特價房:HK$77', '浪漫圓床房:HK$87', '標準間:HK$96', '大床房:HK$96']"
四平糖果主題賓館,2.5,"['糖果之戀（無窗）:HK$70', '簡約舒適房:HK$91', '天長地久（無窗）:HK$98', '韓朝風:HK$98']"
四平星語時尚旅店,5.1,"['雙床房（公共衞浴）:HK$48', '大床房:HK$91', '四人房:HK$147', '三人間:HK$149']"
星程酒店（雙遼火車站店）,9.8,"['高級雙床房:HK$280', '高級大床房:HK$290', '套房:HK$346']"
梨樹縣驛菲商務酒店（吉林工程職業學院店）,9.2,"['大床房:HK$173', '標準雙人間:HK$185', '三人間:HK$217', '婚房:HK$728']"
漢庭酒店（雙遼政務中心店）,9.9,"['高級大床房:HK$274', '高級雙床房:HK$274', '家庭房:HK$293', '豪華家庭房:HK$312']"
漢庭酒店（雙遼市政府店）,9.8,"['高級大床房:HK$264', '商務大床房:HK$274', '雙床房:HK$274', '家庭房:HK$284']"
如家驛居酒店（梨樹一中店）,10.0,"['標準雙床房:HK$97', '高級大床房:HK$122', '家庭房:HK$122']"
