酒店名称,评分,房型价格列表
星程酒店（大興安嶺加格達奇店）,9.5,"['大床房:HK$557', '雙床房:HK$598', '高級大床房:HK$647', '高級雙床房:HK$647', '家庭房:HK$706']"
如家精選酒店（大興安嶺加格達奇店）,9.7,"['高級大床房:HK$458', '高級雙床房:HK$467', '大床房:HK$492', '安心睡0壓大床房:HK$494']"
華茂快捷賓館,9.1,"['標準雙床房:HK$158', '大床房:HK$158', '套房:HK$268']"
大興安嶺金馬飯店,9.1,"['高級大床房:HK$486', '高級標準間:HK$486', '豪華大床房:HK$523', '豪華標準間:HK$523', '商務大床房:HK$596']"
大興安嶺呼中酒店,9.2,"['温馨雙床房:HK$195', '温馨親子房:HK$216', '豪華大床房:HK$216', '豪華小套房:HK$424']"
大興安嶺漢庭賓館,9.2,"['標準間:HK$109', '大床房:HK$109', '家庭房:HK$131']"
大興安嶺恆升快捷賓館,9.7,"['標間:HK$140', '大床房:HK$140', '三人間:HK$173', '麻將間:HK$173']"
大興安嶺雲溪森林風光養心谷,9.0,['觀山大床房:HK$575']
大興安嶺温馨賓館,9.0,"['大床房:HK$184', '標間:HK$195', '家庭房:HK$216', '三人間:HK$249']"
大興安嶺新林區億都賓館,9.8,"['雅緻大床間:HK$110', '雅緻雙人間:HK$119', '雅緻三人間:HK$156']"
大興安嶺新林區雅居旅館,9.5,"['家庭房:HK$108', '標準房:HK$129']"
大興安嶺小火炕旅店,8.5,"['大床間:HK$184', '火炕間:HK$184', '商務標間:HK$184', '標間:HK$205']"
美優特酒店,9.7,"['雙床房:HK$446', '大床房:HK$446', '高級雙床房:HK$500', '高級大床房:HK$500']"
雅馨小屋民宿,9.5,['精緻一室大床房:HK$184']
大興安嶺寧軒快捷賓館,9.3,"['普通大床房（無窗）:HK$119', '舒適大床房:HK$137', '舒適雙人房:HK$137', '豪華大床房:HK$156']"
大興安嶺鑫華快捷賓館,8.9,['普通三人間:HK$74']
大興安嶺軒隆商務酒店,8.7,"['標準雙人房:HK$126', '家庭房:HK$146', '標準三人間:HK$165']"
友家民宿賓館,9.5,"['標準間:HK$140', '大標間:HK$205', '標準雙床房:HK$205', '小套房:HK$372']"
大興安嶺興安賓館,8.8,"['商務雙床房:HK$113', '商務大床房:HK$121', '家庭親子房:HK$167', '商務套房:HK$220']"
加格源盛賓館,9.2,"['特價大床房:HK$103', '201大床房:HK$103', '大床房:HK$114', '三人間:HK$129']"
大興安嶺欣宜賓館,8.7,"['普通大床房（無窗）:HK$129', '標準間:HK$132', '大床房:HK$140', '大標準間:HK$174']"
大興安嶺幸福裏快捷賓館（加格達奇站店）,8.4,"['特惠大床房:HK$154', '特惠標準間:HK$174', '大床房:HK$195', '標準間:HK$206']"
大興安嶺和泰快捷賓館,9.1,"['優選標準間:HK$107', '和泰大床房:HK$107', '和泰標準間:HK$118', '和泰三人間:HK$151']"
大興安嶺盛昱商務賓館,8.1,"['特惠房:HK$126', '標準雙床房:HK$139', '標準大床房:HK$146', '商務雙床房:HK$165']"
大興安嶺朗逸商務酒店,7.9,"['雙床房:HK$151', '大床房:HK$151', '三人間:HK$164', '豪華套房:HK$315']"
大興安嶺田江快捷賓館,8.1,"['雙人房（無窗）:HK$85', '普通雙床房:HK$107', '豪華大床房:HK$140', '三人間:HK$145']"
大興安嶺鐵電時尚賓館,9.3,"['普通雙人電腦標準間:HK$97', '盛夏優選空調電腦大床房:HK$174', '四季優選空調電腦大床房:HK$179', '盛夏優選空調電腦標準間:HK$189']"
大興安嶺520主題賓館（加格達奇火車站店）,7.5,"['温馨圓床房:HK$86', '精品圓床房:HK$98', '普通大床房:HK$99', '温馨大床房:HK$112']"
吉祥旅店（大興安嶺加格達奇店）,7.9,"['雙人間（公共衞浴）:HK$69', '四人間（公共衞浴）:HK$74', '三人間 （公共衞浴）:HK$85', '商務標間:HK$140']"
加格達奇愛家賓館,7.6,"['普通大床房（公共衞浴）:HK$41', '普通雙床房（公共衞浴）:HK$41', '大床房:HK$72', '標準間:HK$72']"
大興安嶺麗雪賓館,7.5,"['普通標間:HK$72', '普通標準間無窗:HK$83', '普通單間A:HK$88', '標準大床房:HK$132']"
天天前進招待所,7.1,"['大床房:HK$44', '2人間（公共衞浴）:HK$49', '三人間:HK$61', '標準雙人間:HK$61']"
呼中區大白山賓館,2.6,"['大床房:HK$98', '標準間:HK$118', '商務標準間:HK$148', '小套房:HK$216']"
加格達奇區夢享電競民宿,3.0,"['競技雙人間:HK$240', '競技雙人上下鋪:HK$240', '競技三人間:HK$328', '競技四人間:HK$426']"
乾豐旅店,3.9,"['舒適大床房（公共衞浴）:HK$76', '雙床房（公共衞浴）:HK$87', '標準間（獨立衞浴）:HK$93']"
加格達奇福興樓賓館,6.8,"['特價房:HK$107', '標準間:HK$151', '大床房:HK$173', '三人間:HK$238']"
水韻雅居別墅酒店（初心廣場中國漠河美食一條街店）,9.8,"['浮白·悠然温馨大床房（智能馬桶+乾濕分離）:HK$346', '芒寒·雅緻靜享雙床房（空調+乾濕分離+智能馬桶）:HK$376', '春華·舒適大床房（乾濕分離+智能馬桶）:HK$376', '棲樹·歡樂時光親子家庭房（陽台+空調+智能馬桶+乾濕分離）:HK$489']"
漠河松盈精選酒店,9.6,"['特惠雙床房（空調房）:HK$260', '豪華大床房（空調房）:HK$415', '雅緻雙床房（空調房）:HK$430', '商務大床房（空調房）:HK$445']"
林韻山居精品民宿（中國漠河美食一條街店）,9.6,"['輕享大床房:HK$249', '臻享-雅緻大床房（乾濕分離+智能馬桶）:HK$286', '雅緻-和悦雙床房:HK$286', '雅緻-拾光雙床房（空調+智能馬桶）:HK$295']"
漠河一覽芳華精品民宿,9.6,"['大床房:HK$257', '雙床房:HK$281', '家庭房:HK$341']"
漠河桔光酒店（漠河舞廳店）,9.6,"['無窗大床房（空調&智能馬桶&乳膠床墊）:HK$252', '簡約大床房（空調&智能馬桶&乳膠床墊）:HK$328', '温馨大床房（空調&智能馬桶&乾濕分離&乳膠床墊）:HK$351', '特惠雙床房（空調&智能馬桶&乾濕分離&乳膠床墊）:HK$351']"
塔河東湖別苑酒店,8.6,"['標準房:HK$290', '大床房:HK$332', '豪華大床房:HK$410', '豪華商務大床房:HK$730']"
鑫苑極地賓館（漠河舞廳店）,9.3,"['特惠標準間:HK$244', '標準雙人間:HK$261', '標準大床房:HK$261', '温馨家庭房:HK$277']"
有澗酒店（中國漠河美食一條街店）,9.6,"['清樸·特惠雙床房（智能客控+乾濕分離+舒適床墊）:HK$216', '歸來·舒心大床房（智能客控+乾濕分離+舒適床墊）:HK$250', '雲上·舒適雙床房（智能客控+乾濕分離+舒適床墊）:HK$282', '時光·舒適家庭房（智能客控+乾濕分離+舒適床墊）:HK$326']"
北極精選酒店（漠河舞廳店）,9.5,"['藍天主題雙人間（乾濕分離+智能馬桶）:HK$207', '極光情侶無窗大床房（智能馬桶+乾濕分離）:HK$230', '星空主題大床房（衞生間乾濕分離+智能馬桶）:HK$238', '舒適標準間（馬桶智能+窗簾智能+乾濕分離）:HK$291']"
漠河一路向北酒店,9.6,"['特惠雙床房:HK$327', '精品雙床房:HK$358', '雅緻大床房:HK$381', '尊享雙床房:HK$381']"
漠河雪舍假日賓館（北極星廣場店）,9.2,"['雪馨丨舒適雙床房（空調房+智能馬桶+智能門鎖）:HK$315', '雪靜丨豪華大床房（空調房+智能馬桶+智能門鎖）:HK$326', '雪恬丨豪華家庭房（空調房+智能馬桶）:HK$338', '雪歡丨豪華麻將房（空調+棋牌麻將+智能馬桶）:HK$341']"
驛站馬家民宿,9.7,"['標準間:HK$138', '無窗單大床房:HK$139', '雙大床無窗:HK$235', '單大床房:HK$253']"
香格麗雅賓館,9.7,"['特價大床房（無窗）:HK$169', '標準雙床房:HK$195', '舒適親子房:HK$249', '豪華大床房:HK$304']"
駿怡連鎖酒店（漠河舞廳店）,9.6,"['標準雙床房:HK$278', '智能語音大床房（乾濕分離+智能馬桶+智能窗簾+空調）:HK$306', '標準公寓房:HK$325', '智能語音雙床房（乾濕分離+智能馬桶+智能窗簾+空調）:HK$333']"
