酒店名称,评分,房型价格列表
如家精選酒店（大興安嶺加格達奇店）,9.7,"['高級大床房:HK$440', '大床房:HK$470', '高級雙床房:HK$475', '安心睡0壓大床房:HK$475']"
大興安嶺金馬飯店,9.1,"['高級大床房:HK$486', '高級標準間:HK$486', '豪華大床房:HK$523', '豪華標準間:HK$523', '商務大床房:HK$595']"
盛迦酒店（南山公園新林客運站店）,8.2,"['尊享山景雙床房:HK$249', '豪華山景雙床房:HK$369', '尊享家庭房:HK$386', '尊享山景套房:HK$544']"
大興安嶺雲溪森林風光養心谷,9.0,['觀山大床房:HK$575']
美優特酒店,9.7,"['雙床房:HK$446', '大床房:HK$446', '高級雙床房:HK$500', '高級大床房:HK$500']"
大興安嶺漢庭賓館,9.2,"['標準間:HK$109', '大床房:HK$109', '家庭房:HK$131']"
大興安嶺恆升快捷賓館,9.7,"['標間:HK$140', '麻將間:HK$140', '大床房:HK$140', '三人間:HK$173']"
大興安嶺呼中酒店,9.2,"['温馨雙床房:HK$194', '温馨親子房:HK$216', '豪華大床房:HK$216', '豪華小套房:HK$424']"
大興安嶺新林區億都賓館,9.8,"['雅緻大床間:HK$110', '雅緻雙人間:HK$119', '雅緻三人間:HK$156']"
大興安嶺新林區雅居旅館,9.5,"['家庭房:HK$108', '標準房:HK$129']"
雅馨小屋民宿,9.5,['精緻一室大床房:HK$184']
大興安嶺温馨賓館,9.1,"['大床房:HK$173', '標間:HK$183', '套間:HK$218', '家庭房:HK$218']"
大興安嶺寧軒快捷賓館,9.3,"['普通大床房（無窗）:HK$119', '舒適大床房:HK$137', '舒適雙人房:HK$137', '豪華大床房:HK$156']"
大興安嶺小火炕旅店,8.5,"['大床間:HK$183', '火炕間:HK$183', '商務標間:HK$183', '標間:HK$205']"
大興安嶺軒隆商務酒店,8.7,"['標準雙人房:HK$138', '標準三人間:HK$196', '家庭房:HK$196']"
大興安嶺鑫華快捷賓館,8.9,['普通三人間:HK$74']
友家民宿賓館,9.5,"['標準間:HK$140', '標準雙床房:HK$205', '大標間:HK$216', '小套房:HK$371']"
加格源盛賓館,9.2,"['特價大床房:HK$103', '201大床房:HK$103', '大床房:HK$114', '三人間:HK$129']"
大興安嶺鐵電時尚賓館,9.3,"['普通雙人電腦標準間:HK$97', '盛夏優選空調電腦大床房:HK$174', '四季優選空調電腦大床房:HK$179', '盛夏優選空調電腦標準間:HK$189']"
大興安嶺盛昱商務賓館,8.1,"['特惠房:HK$126', '標準大床房:HK$132', '標準雙床房:HK$132', '商務雙床房:HK$149']"
大興安嶺幸福裏快捷賓館（加格達奇站店）,8.4,"['特惠大床房:HK$154', '特惠標準間:HK$174', '大床房:HK$195', '標準間:HK$205']"
大興安嶺欣宜賓館,8.7,"['普通大床房（無窗）:HK$129', '標準間:HK$132', '大床房:HK$140', '大標準間:HK$174']"
大興安嶺和泰快捷賓館,9.1,"['優選標準間:HK$107', '和泰大床房:HK$107', '和泰標準間:HK$118', '和泰三人間:HK$151']"
大興安嶺田江快捷賓館,7.9,"['雙人房（無窗）:HK$85', '普通雙床房:HK$107', '豪華大床房:HK$140', '三人間:HK$145']"
大興安嶺朗逸商務酒店,7.9,"['大床房:HK$139', '雙床房:HK$149', '三人間:HK$156', '豪華套房:HK$267']"
大興安嶺麗雪賓館,7.5,"['普通標間:HK$72', '普通標準間無窗:HK$83', '普通單間A:HK$88', '標準大床房:HK$132']"
加格達奇福興樓賓館,8.0,"['特價房:HK$107', '標準間:HK$151', '大床房:HK$173', '豪華標準間:HK$238']"
大興安嶺520主題賓館（加格達奇火車站店）,7.5,"['温馨圓床房:HK$86', '精品圓床房:HK$98', '普通大床房:HK$99', '温馨大床房:HK$112']"
吉祥旅店（大興安嶺加格達奇店）,7.9,"['雙人間（公共衞浴）:HK$69', '四人間（公共衞浴）:HK$74', '三人間 （公共衞浴）:HK$85', '商務標間:HK$140']"
加格達奇愛家賓館,7.6,"['普通大床房（公共衞浴）:HK$41', '普通雙床房（公共衞浴）:HK$41', '大床房:HK$72', '標準間:HK$72']"
天天前進招待所,7.1,"['大床房:HK$44', '2人間（公共衞浴）:HK$47', '三人間:HK$61', '標準雙人間:HK$61']"
呼中區大白山賓館,2.6,"['大床房:HK$98', '標準間:HK$118', '商務標準間:HK$147', '小套房:HK$216']"
加格達奇區夢享電競民宿,3.0,"['競技雙人間:HK$240', '競技雙人上下鋪:HK$240', '競技三人間:HK$328', '競技四人間:HK$426']"
乾豐旅店,3.9,"['舒適大床房（公共衞浴）:HK$76', '雙床房（公共衞浴）:HK$87', '標準間（獨立衞浴）:HK$93']"
水韻雅居別墅酒店（初心廣場中國漠河美食一條街店）,9.8,"['浮白·悠然温馨大床房（智能馬桶+乾濕分離）:HK$346', '芒寒·雅緻靜享雙床房（空調+乾濕分離+智能馬桶）:HK$376', '春華·舒適大床房（乾濕分離+智能馬桶）:HK$376', '棲樹·歡樂時光親子家庭房（陽台+空調+智能馬桶+乾濕分離）:HK$488']"
塔河東湖別苑酒店,8.6,"['標準房:HK$290', '大床房:HK$331', '豪華大床房:HK$410', '豪華商務大床房:HK$730']"
漠河松盈精選酒店,9.6,"['特惠雙床房（空調房）:HK$260', '豪華大床房（空調房）:HK$414', '雅緻雙床房（空調房）:HK$429', '商務大床房（空調房）:HK$444']"
林韻山居精品民宿（中國漠河美食一條街店）,9.6,"['輕享大床房:HK$249', '臻享-雅緻大床房（乾濕分離+智能馬桶）:HK$286', '雅緻-和悦雙床房:HK$286', '雅緻-拾光雙床房（空調+智能馬桶）:HK$295']"
有澗酒店（中國漠河美食一條街店）,9.6,"['清樸·特惠雙床房（智能客控+乾濕分離+舒適床墊）:HK$216', '雲上·舒適雙床房（智能客控+乾濕分離+舒適床墊）:HK$282', '時光·舒適家庭房（智能客控+乾濕分離+舒適床墊）:HK$326', '雅緻·觀影家庭房（巨幕投影+智能客控+乾濕分離+舒適床墊）:HK$359']"
漠河藍莓酒店,9.8,"['舒適標準間（空調+全屋智能+乾濕分離）:HK$491', '豪華大床房（空調+全屋智能+乾濕分離）:HK$519', '豪華標準間（空調+全屋智能+乾濕分離）:HK$537', '温馨家庭房（空調+全屋智能+乾濕分離）:HK$556']"
漠河悠然山居民宿,9.7,"['特價房:HK$384', '精品標準間:HK$525', '精品大床房:HK$525', '精品家庭房:HK$744']"
漠河一覽芳華精品民宿（松苑公園店）,9.6,"['一葉·特惠大床房:HK$221', '一石·特惠雙床房:HK$239', '花·草·樹·木‖大床房（舒適床品+乾濕分離）:HK$249', '山·水·江·河‖雙床房（舒適床品+乾濕分離）:HK$267']"
漠河桔光酒店（漠河舞廳店）,9.7,"['無窗大床房（空調&智能馬桶&乳膠床墊）:HK$252', '簡約大床房（空調&智能馬桶&乳膠床墊）:HK$328', '温馨大床房（空調&智能馬桶&乾濕分離&乳膠床墊）:HK$351', '特惠雙床房（空調&智能馬桶&乾濕分離&乳膠床墊）:HK$351']"
漠河銀麓酒店（北極星廣場店）,9.5,"['雅緻雙床房:HK$468', '雅緻大床房:HK$468', '豪華雙床房:HK$523', '豪華大床房:HK$523', '温馨家庭房:HK$600']"
駿怡連鎖酒店（漠河舞廳店）,9.6,"['標準雙床房:HK$310', '智能語音大床房（乾濕分離+智能馬桶+智能窗簾+空調）:HK$342', '標準公寓房:HK$363', '智能語音雙床房（乾濕分離+智能馬桶+智能窗簾+空調）:HK$372']"
鑫苑極地賓館（漠河舞廳店）,9.3,"['特惠標準間:HK$277', '標準雙人間:HK$295', '標準大床房:HK$295', '温馨家庭房:HK$314']"
京都酒店（十八站林業局店）,9.5,"['清河雅居大床房（海爾空調.獨立衞浴.温馨舒適）:HK$325', '精品舒適標間（海爾空調.獨立衞浴.舒適温暖）:HK$336', '格蘭優雅大床房（120寸投影.智能馬桶.智能窗簾）:HK$358', '時光印記商務標間（120寸投影.智能馬桶.智能窗簾）:HK$382']"
呼瑪嶺居民宿,9.6,"['大床房:HK$332', '標間:HK$342', '家庭套房:HK$453', '豪華雙人套房:HK$518']"
驛站馬家民宿,9.7,"['標準間:HK$138', '無窗單大床房:HK$139', '雙大床無窗:HK$235', '單大床房:HK$252']"
香格麗雅賓館,9.7,"['特價大床房（無窗）:HK$169', '標準雙床房:HK$194', '舒適親子房:HK$249', '豪華大床房:HK$304']"
