酒店名称,评分,房型价格列表
孝感宇濟大酒店（孝感市政府孝感東高鐵站店）,9.4,"['靜逸·商務大床房 （落地景觀+浴缸）:HK$308', '靜逸·商務雙床房（落地景觀+浴缸）:HK$329', '園景· 豪華雙床房（落地景觀+浴缸）:HK$371', '園景· 豪華大床房（落地景觀+浴缸）:HK$378', '園景· 行政大床房（落地景觀+浴缸）:HK$533', '園景· 行政雙床房（落地景觀+浴缸）:HK$533']"
孝感東站銀泰城怡程酒店,9.4,"['智能大床房【高速負離子吹風機|全屋智能|零壓床枕】:HK$275', '智能國風高級大床房【零壓床枕|高速負離子吹風機|城央景觀】:HK$282', '智能高級雙床房【零壓床枕|功夫茶具】:HK$290', '智能國風商務大床房【90°景觀大窗|功夫茶具|高速負離子吹風機|零壓床枕】:HK$298', '智能商務雙床房【90°景觀大窗|功夫茶具|零壓床枕】:HK$313']"
城市便捷酒店（孝感東站銀泰城店）,9.6,"['高級雙床房 （ 記憶枕頭｜智能馬桶｜手機投屏）:HK$191', '高級大床房 （ 記憶枕頭｜智能馬桶｜手機投屏）:HK$210', '標準大床房（ 記憶枕頭｜智能馬桶｜手機投屏）:HK$212', '豪華雙床房 （ 記憶枕頭｜智能馬桶｜手機投屏）:HK$221']"
達美凱瑞酒店（孝感首衡城店）,9.7,"['拍照出片大床房 -乳膠床墊+TCL80寸投屏電視+全棉床品:HK$151', '窗外好景雙床房 -乳膠床墊+TCL80寸投屏電視+全棉床品:HK$160', '家庭出行三床房 -乳膠床墊+TCL80寸投屏電視+全棉床品:HK$173', '温馨家庭出遊親子房（小童玩具+TCL80寸投屏電視）:HK$173']"
宜尚酒店（孝感東站吾悦廣場店）,9.5,"['高級雙床房（可觀城景+空間寬敞）:HK$243', '智能豪華雙床房（可觀城景+採光明亮+空間寬敞）:HK$252', '標準大床房（安靜舒適+隱蔽性好）:HK$269', '影院大床房（影視會員+隱蔽性好）:HK$286']"
臻城美居酒店,9.7,"['商務大床房:HK$219', '高級智能大床房:HK$239', '臻美影院大床房:HK$263', '商務雙床房:HK$280']"
如家商旅酒店（孝感湖北工程學院店）,9.0,"['商務大床房:HK$169', '高級雙床房:HK$177', '高級大床房:HK$177', '安心睡0壓大床房:HK$203']"
孝感乾坤國際大酒店,9.6,"['高級雙床房:HK$349', '豪華雙床房:HK$402', '豪華大床房:HK$411', '商務大床房:HK$473', '商務雙床房:HK$473', '綠豆蛙主題房:HK$629']"
維也納酒店（孝感北京路湖北職業技術學院店）,9.3,"['高級大床房（安靜舒適）:HK$198', '豪華大床房（寬敞明亮）:HK$223', '豪華雙床房（採光明亮）:HK$223', '影音大床房（手機投影）:HK$248']"
漢庭酒店（孝感萬達廣場店）,9.6,"['大床房:HK$205', '高級大床房:HK$224', '高級雙床房:HK$224']"
孝感鴻博大酒店（孝感東站湖北工程學院店）,9.5,"['驚喜特價房:HK$196', '高級大床房:HK$218', '高級商務大床房:HK$272', '高級商務雙床房:HK$272', '豪華商務雙床房:HK$294']"
孝感乾坤商務酒店,9.4,"['單間（無窗）:HK$140', '神祕房:HK$178', '標準大床房:HK$190', '標準雙人房:HK$190']"
榮欣凱瑞國際酒店（孝感湖北工程學院店）,9.2,"['棋牌標間:HK$141', '棋牌大床房:HK$152', '中式雙床房:HK$174', '中式大床房:HK$185', '歐式雙床房:HK$207']"
錦江之星品尚（孝感長征路體育中心店）,9.2,"['商務標準房B:HK$167', '商務標準房A:HK$183', '商務房B:HK$183', '商務房A:HK$199']"
維爾納酒店（孝感萬達廣場香港城中央廣場店）,8.9,"['特價大床房【中央空調+深睡床墊+鵝絨床品+乾濕分離】:HK$171', '高級大床房【安靜舒適+中央空調+深睡床墊】:HK$187', '豪華雙床房【安靜舒適+深睡床墊+品牌沐浴+乾濕分離】:HK$195', '豪華大床房【落地窗+中央空調+深睡床墊+品牌衞浴】:HK$202']"
格年東方酒店（孝感高鐵東站店）,8.8,"['東方特惠大床房:HK$163', '東方大床房:HK$174', '景觀雙床房:HK$185', '景觀大床房:HK$185']"
孝感天紫國際大酒店,8.4,"['高級大床房:HK$206', '高級雙床房:HK$271', '麻將房:HK$382', '休閑雙床房:HK$412', '豪華大床房:HK$418']"
孝感乾坤大酒店,8.9,"['商務大床房:HK$184', '商務套房:HK$435']"
孝感首衡城智選酒店,9.6,"['高級大床房（零壓床墊-靜謐舒適）:HK$199', '高級雙床房（零壓床墊-靜謐舒適）:HK$215', '電玩娛樂影院大床房（手柄暢玩雲遊戲+巨幕觀影）:HK$223', '電玩娛樂影院雙床房（手柄暢玩雲遊戲+巨幕觀影）:HK$231']"
麗怡酒店（孝感東站長征路店）,9.1,"['高級大床房:HK$190', '豪華大床房:HK$208', '豪華雙床房:HK$216', '棋牌大床房:HK$225']"
錦儷精選酒店（孝感東站銀泰城店）,9.1,"['3D私人影院房:HK$221', '儷致精選雙床房:HK$275', '儷致精選大床房:HK$275', '茶宮臻選雙人房:HK$297', '茶宮臻選大床房:HK$297']"
城市便捷酒店（孝感北京路店）,9.0,"['標準大床房:HK$164', '標準雙床房:HK$172', '高級雙床房:HK$185', '商務大床房:HK$186']"
孝感東方夏威夷假日酒店,8.6,"['商務雙床房:HK$212', '豪華大床房:HK$223', '特惠雙床房:HK$268', '商務大床房:HK$272']"
萬事達國際酒店（孝感高鐵東站店）,8.9,"['特惠雙床房:HK$196', '特惠大床房:HK$208', '豪華雙床房:HK$232', '豪華棋牌房:HK$232', '豪華大床間:HK$244']"
陽光365酒店（孝感董永公園店）,8.5,"['標準雙床房:HK$114', '標準大床房:HK$114', '精選大床房:HK$122', '精選雙床房:HK$122']"
衡福酒店（孝感首衡城店）,9.0,"['經典大床房:HK$156', '經典雙床房:HK$156', '麻將大床房:HK$199', '麻將雙床房:HK$199']"
城市U家酒店,8.8,"['標準大床房:HK$136', '高級大床房:HK$152', '高級雙床房:HK$152', '標準雙床房:HK$153']"
孝感柏雅時尚酒店,8.3,"['特價大床房:HK$162', '高級大床房（棋牌）:HK$162', '舒適大床房:HK$178', '商務標準間:HK$189']"
孝感教育賓館,8.3,"['標準雙人房:HK$138', '豪華大床房:HK$161', '棋牌標間:HK$161', '商務套房:HK$216']"
孝感天紫湖生態度假村,9.0,['四星標間:HK$258']
孝感柏思酒店,8.8,"['豪華大床房【酒店公區提供自助洗衣機】:HK$128', '浪漫大床房【酒店公區提供自助洗衣機】:HK$138']"
孝感夢珠尚品酒店,7.4,"['普通單間:HK$165', '商務豪華單人間:HK$165', '商務豪華標準間:HK$165', '玫瑰豪華大床房:HK$165']"
孝感晴空樹主題民宿,9.3,"['ins風大床房:HK$137', '小森系大床房:HK$137', '日系大床房:HK$151', '簡約大床房:HK$151']"
孝感臨空經濟區臨湖商務酒店,9.0,"['大床房:HK$131', '標準雙床房:HK$153', '雙床房:HK$153', '高級大床房:HK$175']"
金夢源商務酒店（孝感閔集站店）,9.2,"['特價房:HK$96', '普通大床房:HK$108', '商務大床房:HK$151', '標間:HK$184']"
孝感棲悦民宿,9.2,"['特價房:HK$96', '蝸居時光:HK$100', '戀影小屋:HK$100', '東郊記憶:HK$100']"
169快捷酒店,9.0,"['標準大床房:HK$135', '棋牌雙人房:HK$171']"
孝感蘭曦悦易酒店,7.8,"['普通標間:HK$148', '豪華棋牌單間:HK$177', '豪華棋牌標間:HK$177']"
孝感富航精選酒店,8.2,"['舒適大床房:HK$140', '麻將大床房:HK$151', '舒適標準間:HK$195']"
孝感嘉和住宿,9.8,['普通標間:HK$68']
孝感奧都影院酒店,8.2,"['特價房❄冰點特惠❄（公共衞浴）:HK$137', '商務單間:HK$176', '豪華大床房:HK$202', '豪華標準間:HK$208']"
世紀千華酒店,8.7,"['標準大床房:HK$107', '投影大床房:HK$121', '標間棋牌房:HK$149', '豪華棋牌大床房:HK$167']"
孝感丹陽客棧,9.7,"['特價房:HK$91', '標準間:HK$119', '豪華大床房:HK$149']"
孝感星期八商務酒店,8.0,"['大床房:HK$107', '標準間:HK$118', '麻將房:HK$166', '豪華大床房:HK$212']"
月亮灣酒店,6.8,"['標準間:HK$128', '麻將大床房:HK$138', '麻將套房:HK$184']"
孝昌農夫子酒店,9.4,"['特惠高級大床房:HK$283', '田園風光雙床房:HK$360', '農夫庭院雙床房:HK$360', '田園風光大床房:HK$392', '農夫庭院大床房:HK$392', '農夫子行政大床房:HK$425']"
漢川白雲國際酒店,9.3,"['豪華大床房（智能客控+慕思床墊）:HK$268', '城景大床房:HK$301', '豪華雙床房（智能客控+慕思床墊）:HK$312', '影院大床房（智能客控+慕思床墊）:HK$322', '行政大床房（智能客控+慕思床墊）:HK$345']"
雲夢東站左岸商業街喆啡鋭品酒店,9.3,"['品致大床房:HK$236', '品韻大床房:HK$253', '鋭景大床房:HK$269', '鋭意雙床房:HK$286', '鋭意高級棋牌大床房:HK$327']"
宜尚酒店（孝感應城體育館店）,9.8,"['標準大床房（採光視野佳+安靜舒適+可觀城景）:HK$210', '標準雙床房（光線明亮+安靜舒適+酒店提供自助洗衣房）:HK$219', '高級大床房（光線明亮+安靜舒適）:HK$249', '高級雙床房（光線明亮+安靜舒適+酒店提供自助洗衣房）:HK$257']"
麗楓酒店（大悟新天地店）,9.6,"['豪華大床房（彌散空氣凈化+DeRucci床墊+TV靈動投屏）:HK$257', '豪華雙床房（彌散空氣凈化+DeRucci床墊+TV靈動投屏）:HK$268', '純凈自然大床房（彌散除蟎凈化+DeRucci零壓護脊床墊）:HK$280', '純凈自然雙床房（彌散除蟎凈化+DeRucci零壓護脊床墊）:HK$289']"
