酒店名称,评分,房型价格列表
美豪R酒店（安康高新萬達店）,9.4,['R尊享雙床房:HK$401']
喜悦酒店（安康高新萬達廣場店）,9.5,"['雲頂城景大床房:HK$260', '雲頂城景雙床房:HK$270', '雲雅陽光大床房:HK$282', '雲雅陽光雙床房:HK$292', '雲上温馨樂趣家庭房:HK$326']"
全季酒店（安康高新區萬達店）,9.7,"['雙床房[智能客控、小冰箱、落地窗、金可兒床墊]:HK$255', '高級大床房[智能客控、小冰箱、落地窗、金可兒床墊]:HK$274', '商務大床房[智能客控、小冰箱、落地窗、金可兒床墊]:HK$301', '高級雙床間[智能客控、小冰箱、落地窗、金可兒床墊]:HK$301']"
安康四季酒店（金州南路郵政店）,9.5,"['精品單間:HK$313', '城景雙床房:HK$339', '四季鳥語雙床房:HK$449', '金州風情大床房:HK$483']"
安康瑞斯麗酒店,9.5,"['瑞斯嘉公寓大床房:HK$456', '瑞斯麗豪華大床房:HK$518', '瑞斯麗豪華雙床房:HK$556', '瑞斯麗行政大床房:HK$729', '瑞斯麗行政雙床房:HK$766', '瑞斯麗套房:HK$894']"
美豪麗致酒店（安康濱江旗艦店）,9.4,"['麗致雙床房:HK$347', '麗致大床房:HK$378', '麗致江景雙床房:HK$390', '雅緻江景雙床房:HK$453', '雅緻江景大床房:HK$496']"
安康賓館（市政府店）,9.5,"['舒適雙床房:HK$228', '精緻雙床房:HK$294', '陽光雙床房:HK$319', '城景開闊大床房:HK$325']"
如家酒店·neo（安康市政府中心醫院店）,9.5,"['單人房-【投屏電視機】:HK$148', '大床房-【投屏電視機】:HK$156', '商務大床房-【投屏電視機】:HK$164', '雙床房-【投屏電視機】:HK$172']"
安康金蘭美宿酒店（龍舟文化園店）,9.2,"['精緻雙床房:HK$150', '精品雙床房:HK$170', '精品大床房:HK$173', '舒適大床房:HK$175']"
安康瀛湖筱隱度假酒店,9.4,"['伴竹園景雙床房:HK$535', '伴竹園景大床房:HK$535', '伴竹露台園景雙床房:HK$588', '沐日星空LOFT:HK$642', '甄選湖景家庭房:HK$642']"
安康金地酒店,9.6,"['金地雙床房:HK$259', '金地大床房:HK$283', '高級雙床房:HK$291', '精緻江景雙床房:HK$355', '高級江景大床房:HK$393']"
龍誠國際酒店（漢江龍舟文化園店）,9.2,"['雅居雙床房:HK$312', '雅居大床房:HK$318', '觀景大床房:HK$337', '江景雙床房:HK$358', '豪華行政雙床房:HK$365']"
安康四季花園酒店,9.6,"['精緻雙床房:HK$217', '雅緻雙床房:HK$272', '雅緻大床房:HK$325', '唯愛親子房:HK$553', 'CEO套房:HK$620']"
安康禹金洲輕奢酒店,9.5,"['舒適小單間:HK$185', '輕奢雙床房:HK$210', '觀景雙人房:HK$254', '輕奢大床房:HK$260']"
安康文昌路紫金酒店,9.4,"['雅緻雙床房:HK$226', '雅緻大床房:HK$247', '高級雙床房:HK$267', '高級大床房:HK$288', '行政大床房:HK$329']"
漢庭優佳酒店（安康興安中路江華城店）,9.3,"['雙床房[可投屏+金可兒床墊]:HK$177', '大床房[可投屏+金可兒床墊]:HK$187', '高級大床房[可投屏+金可兒床墊]:HK$215', '商務大床房[可投屏+金可兒床墊]:HK$224']"
宜必思酒店（安康市政府中心醫院店）,9.4,"['高級大床房:HK$169', '雙床房:HK$169', '大床房:HK$170', '商務雙床房:HK$201']"
安康金力源國際酒店,9.3,"['金·舒適大床房:HK$323', '金·舒適雙床房:HK$323', '力·奢享大床房:HK$351', '力·奢享雙床房:HK$351', '源·致臻大床房:HK$406']"
星程酒店（安康吾悅廣場店）,9.3,"['高級雙床房【可投屏+喜臨門床墊】:HK$177', '高級大床房【可投屏+喜臨門床墊】:HK$196', '商務雙床房【可投屏+智能客控+喜臨門床墊】:HK$205', '商務大床房【可投屏+智能客控+喜臨門床墊】:HK$224']"
馨際·設計師酒店（安康漢江店）,9.4,"['馨途·大床套房『一室一廳+舒達床墊+植物精油洗護』:HK$472', '席居·大床房『舒達床墊+東方寶石植物精油洗護』:HK$512', '席居·雙床房『舒達床墊+東方寶石植物精油洗護+智能馬桶』:HK$512', '和居·家庭套房『兩居室+舒達床墊+東方寶石植物精油洗護』:HK$686']"
錦江之星酒店（高新安康大道金康廣場店）,9.7,"['星悦大床影視主題房:HK$189', '星悦標準大床房:HK$189', '星悦豪華大床房:HK$246', '星選高級家庭房:HK$313']"
安康睿智天龍酒店,8.7,"['舒適雙床房:HK$205', '豪華大床房:HK$260', '豪華雙床房:HK$260', '温馨雙床房:HK$292', '豪華套房:HK$358']"
安康倉房樓荷塘月色酒店,9.3,"['湖景豪華雙人標間:HK$434', '湖景豪華臻享套房:HK$1,473', '湖景豪華尊享套房:HK$1,844', '湖景豪華露台套房:HK$2,215']"
冉·輕奢酒店（安康萬達店）,9.2,"['奢·輕奢舒適大床房（零壓床墊+記憶枕）:HK$339', '奢·輕奢舒適雙床房（零壓床墊+記憶枕）:HK$347', '奢R輕奢豪華大床房（零壓床墊+記憶枕）:HK$356', '奢·輕奢豪華雙床房（零壓床墊+記憶枕）:HK$369']"
安康逸生活精品酒店（高新萬達店）,9.0,"['雅緻大床房:HK$229', '雙床房:HK$253']"
安康南方商務酒店,9.5,"['温馨標準間:HK$189', '豪華主題房:HK$214', '標準間:HK$229', '麻將標間:HK$265']"
安康京康國際酒店（吾悦廣場店）,9.4,"['特惠標準間:HK$215', '標準雙人間:HK$285', '標準大床房:HK$312', '豪華大床房:HK$430', '小黃鴨主題親子大床房:HK$472']"
維也納3好酒店（安康高新飛地產業園機場店）,9.5,"['高級雙床房:HK$176', '高級大床房:HK$185', '豪華雙床房:HK$185', '商務雙床房:HK$204']"
安康愛客森酒店,8.6,"['淳靜·歐式雙床房:HK$123', '舒享·雅緻大床房:HK$123', '舒享·歐式雙床房:HK$139', '舒享·輕奢雙床房:HK$146']"
安康金苑大廈,8.7,"['優享舒適雙床房:HK$206', '商務舒適雙床房:HK$250', '舒適大床房:HK$250', '江畔觀景大床房:HK$272']"
IU酒店（安康興安中路江華城店）,9.7,"['小U·精緻大床房:HK$172', '小U·舒適大床房:HK$189', '小U·超級大床房:HK$206', '小U·舒適雙床房:HK$206']"
安康華鑽酒店（市政府店）,8.7,"['惠享大床房:HK$189', '惠享雙床房:HK$189', '商務大床房:HK$228', '商務雙床房:HK$228']"
錦江之星（安康高新運動公園店）,8.7,"['商務房C:HK$127', '標準房A:HK$142', '商務房B:HK$142', '商務房A:HK$157']"
安康八方客酒店（高新萬達廣場店）,8.7,"['高空夜景豪華雙床房:HK$230', '高空夜景豪華大床房:HK$236', '親子間:HK$413', '套房:HK$500']"
好季酒店（安康市政府店）,9.5,"['超享雙床房:HK$146', '輕奢雙床房:HK$156', '樂享親子房:HK$156', '温馨親子房:HK$172']"
安康藍鑽酒店,8.6,"['豪華大床房-後樓:HK$152', '普通單間（無窗）:HK$158', '豪華雙床房-前樓:HK$161', '優選大床房:HK$181']"
翔瑞假日酒店（安康高新萬達店）,9.6,"['瑞享·舒適大床房:HK$174', '舒適雙床房:HK$199', '瑞享·豪華大床房:HK$224', '瑞享·豪華雙床房:HK$237']"
安康瀛湖酒店,8.2,"['瀛湖雙床房:HK$665', '瀛湖大床房:HK$665', '豪華庭院雙床房:HK$734', '豪華庭院大床房:HK$734', '園林雙床房:HK$773']"
漢悦城際酒店（安康萬達廣場店）,9.0,"['景觀商務大床房:HK$201', '行政商務大床房:HK$265', '城市景觀雙床房:HK$265', '親子家庭房:HK$277']"
駿怡連鎖酒店（安康火車站店）,9.6,"['樂享雙床房:HK$166', '樂享大床房:HK$185', '優享雙床房:HK$203', '悦享温馨家庭房:HK$240']"
安康蓮花精選酒店（萬達廣場店）,9.5,"['雅緻雙床房:HK$268', '高級雙床房:HK$291', '雅緻大床房:HK$343', '行政雙床房:HK$350']"
愛琴海酒店（安康火車站江北店）,9.4,"['雅緻雙床房:HK$178', '舒適大床房:HK$187', '舒適雙床房:HK$195', '浪漫大床房:HK$203']"
桃源人家民宿（安康桃花源公園店）,8.8,"['桃花嶺·獨立別墅大床房—花團錦簇獨立庭院:HK$574', '粉黛坡·獨立別墅榻榻米大床房—獨立榻榻米景觀茶室+花團錦簇獨立庭院:HK$670', '日月湖·獨立別墅雙床房—花團錦簇獨立庭院+河景景觀茶室陽台:HK$693', '桃花溪·獨立別墅棋牌大床房—獨立景觀棋牌室+花團錦簇獨立庭院:HK$693']"
未來生活酒店（安康東大街店）,8.7,"['未來-雅緻大床房:HK$176', '未來-雅緻雙床房:HK$176', '未來-行政大床房:HK$189', '未來-行政雙床房:HK$189']"
安康香溪温泉酒店,8.2,"['雅緻大床房:HK$166', '雅緻雙床房:HK$202', '雅韻智能雙床房:HK$233', '雅韻智能雙床套房:HK$241']"
熊貓V+電競酒店,9.5,"['豪華商務大床房:HK$239', '豪華商務標間:HK$267', '豪華親子三人間:HK$286', '電競榻榻米雙人間（全屋智能、高級睡眠）[LOL特權]:HK$314']"
艾扉酒店（安康火車站高新開發區店）,9.2,['高級大床房⌈零壓床墊+乳膠枕頭+靜謐睡眠，全屋智能⌋:HK$654']
鑫城精緻酒店（安康市政府店）,9.5,"['精緻雙人間:HK$130', '精緻大床房:HK$137', '豪華雙床房:HK$159', '豪華大床房:HK$169']"
吉祥城市酒店（安康火車站店）,9.2,"['休閑標準間:HK$157', '休閑大床房:HK$157', '精選雙人房:HK$166', '豪華套房:HK$314']"
安康城溪酒店,9.5,"['特惠大床房:HK$150', '舒適大床房:HK$161', '高級大床房:HK$162', '雙床房:HK$190']"
