酒店名称,评分,房型价格列表
朴樹·四季酒店（安順古城顧府街店）,9.4,"['季·清冬|智控大床房|F棟|獨享靜謐+智能馬桶+65寸電視:HK$463', '季·初夏|聲控雙床房|F棟|獨享靜謐+智能馬桶+65寸電視:HK$474', '季·芳春|聲控大床房|F棟|獨享靜謐+智能馬桶+65寸電視:HK$485', '樹·晨曦|智能客控雙床房|全屋聲控+智能馬桶+65寸電視:HK$501']"
屯舍·文化酒店（安順大潤發好吃街店）,9.3,"['屯夕 | 城景大床房（零壓床墊）:HK$523', '屯夕|雅緻大床房（零壓床墊）:HK$539', '屯夕 | 雅緻雙床房（零壓床墊）:HK$563', '屯夕 | 浮光大床房（零壓床墊）:HK$563', '槓上花 | 娛樂棋牌房（零壓床墊）:HK$581']"
安順高鐵西站怡程酒店,9.0,"['智能商務大床房（雅蘭床墊+中式茶具+電視投屏）:HK$514', '智能豪華大床房（雅蘭床墊+中式茶具+電視投屏）:HK$562', '智能豪華雙床房（雅蘭床墊+中式茶具+電視投屏）:HK$613', '智能舒適大床房（中式茶具+電視投屏+縱享私湯）:HK$697', '智能豪華套房（雅蘭床墊+中式茶具+電視投屏）:HK$721']"
半山酒店（安順黃果樹大街好吃街店）,9.5,"['山景雙床房:HK$558', '山景大床房:HK$558', '城景大床房:HK$611', '城景雙床房:HK$611', '御觀大床房:HK$666', '御觀雙床房:HK$666']"
銘晟居酒店（安順黃果樹瀑布景區店）,9.3,"['品茗雅緻大床房:HK$469', '品茗雅緻雙床房:HK$480', '陽台豪華大床房:HK$511', '陽台豪華雙床房:HK$534', '親子豪華雙床房:HK$587']"
安頤酒店,9.2,"['精品單間:HK$330', '特色風情房:HK$438', '豪華套房:HK$721']"
安順荼樂隱肆民宿（安順西高鐵站店）,9.9,"['縵悦·榻榻米影音房【巨幕投影+智能客控+乾濕分離】:HK$380', '縵奢·清悠別院大床房【智能客控+乾濕分離+實木茶台】:HK$481', '縵奢·清悠別院雙床房【智能客控+乾濕分離+實木茶台】:HK$525', '縵奢·LOFT家庭影音房【巨幕投影+浴缸+全景落地窗】:HK$997']"
維也納酒店（安順黃果樹大街大潤發店）,9.5,"['標準大床房:HK$353', '標準雙床房:HK$353', '高級大床房:HK$399', '高級雙床房:HK$399']"
壹柏·悦美酒店（安順顧府街南馬廣場店）,9.5,"['安睡城景大床房（全屋聲控+電動遮光窗簾+投屏電視）:HK$316', '躺平治癒大床房（全屋聲控+電動遮光窗簾+投屏電視）:HK$347', '躺平治癒雙床房（全屋聲控+電動遮光窗簾+投屏電視）:HK$368', '巨幕影院大床房（100寸投影+杜比音效+海量片源）:HK$389']"
東城酒店（黃果樹大街西秀區高級中學店）,9.0,"['東城豪華雙床房:HK$574', '悦山雙床房:HK$585', '東城尊尚雙床房:HK$589', '東城豪華大床房:HK$595', '悦山大床房:HK$606']"
安順悅漫致溫泉酒店（平壩高鐵南站區政府店）,9.5,"['祕境觀影大床房【私享會員投影+輕奢床品+辦公桌】:HK$282', '伴山投影大床房【私享會員投影+輕奢床品+深度睡眠】:HK$314', '臨溪觀影雙床房【私享會員投影+深度睡眠+輕奢床品】:HK$347', '270度浴缸投影大床房【私享浴缸泡澡+巨幕會員投影】:HK$369']"
麗怡酒店（安順古城顧府街店）,9.3,"['高級大床房:HK$672', '豪華大床房:HK$697', '豪華雙床房:HK$697', '湖景大床房:HK$722', '園景雙床房:HK$722']"
悅立達大酒店（安順古城顧府街店）,9.4,"['古城觀景大床房（全屋智能客控+差旅辦公桌+助眠枕頭）:HK$544', '古城觀景雙床房（全屋智能客控+差旅辦公桌+助眠床墊）:HK$544', '堅果影視大床房（全屋智能客控+百寸巨幕+VIP觀影）:HK$566', '古城全景大床房（全屋智能客控+落地窗觀景+乾濕分離）:HK$586']"
遠承雲棲酒店（安順西高鐵站萬象城店）,10.0,"['謐園·智能客控大床房|全屋聲控+智能馬桶+65寸電視|:HK$571', '雲瞰·智能客控大床房♥全屋聲控+智能馬桶+65寸電視♥:HK$588', '佩奇奇遇·親子主題套房|全屋聲控+智能馬桶+100寸投影:HK$721', '星漫·童趣主題套房|全屋聲控+智能馬桶+100寸投影|:HK$823', '雲奕雅筑·娛樂套房|全屋聲控+智能馬桶+65寸電視|:HK$860']"
安順神駿風情温泉酒店（安順高鐵西站神駿生態文旅小鎮店）,9.4,"['靜謐舒睡大床房|零壓床墊+親膚床品:HK$266', '旅居時光雙床房|零壓床墊+親膚床品:HK$407', '旅居時光大床房丨零壓床墊+親膚床品:HK$407', '隱悦田園雙床房|自然眠愈+實木傢俱:HK$418']"
龍宮棲縵民宿,9.2,"['花園大床房（休閑庭院+星空浴+智能）:HK$873', '闊景大床房（觀景陽台+星空浴+智能）:HK$873', '山野大床房（觀景露台+星空浴+榻榻米+智能）:HK$938', '闊景親子房（智能+小童小屋）:HK$983', '山野雙床房（榻榻米+觀景露台+智能+星空浴）:HK$1,091', '花園家庭房（休閑庭院+星空浴+智能）:HK$1,637']"
久龍壹品酒店（平壩南站區政府店）,9.3,"['智能-高級大床房（全屋智能語音+智能馬桶+電動窗簾+記憶枕）:HK$335', '智能-高級雙床房（全屋智能語音+智能馬桶+電動窗簾+記憶枕）:HK$362', '智能-商務大床房（全屋智能語音+智能馬桶+電動窗簾+記憶枕）:HK$362', '智能-家庭房（全屋智能語音+智能馬桶+電動窗簾+記憶枕）:HK$402']"
安順貴飛酒店,9.7,"['豪華大床房:HK$304', '豪華雙床房:HK$304', '特惠大床房:HK$304', '特惠雙床房:HK$304', '親子雙人房:HK$320']"
維也納酒店（安順市南馬廣場店）,9.5,"['標準大床房:HK$384', '高級大床房:HK$418', '高級雙床房:HK$452', '豪華大床房:HK$474']"
安順悠然客棧（舊州古鎮店）,10.0,"['悠然大床房:HK$546', '屯堡大床房:HK$639', '悠然複式親子房:HK$731', '屯堡庭院雙卧套房:HK$1,196']"
天驕度假酒店（安順鎮寧黃果樹瀑布景區博園路店）,9.4,"['精品大床房:HK$524', '精品雙床房:HK$524', '天驕豪華雙床房:HK$578', '天驕豪華大床房:HK$578', '樂享.童話親子雙床房:HK$654']"
漢屯大酒店（安順黃果樹風景名勝區店）,9.1,"['靜謐・Work舒眠雙床房（高低雙枕 + 舒適好眠）:HK$718', '觀野・Sleep舒眠大床房（品牌床墊 + 55寸電視 ）:HK$718', '和風・Zero-Press零壓雙床房:HK$760', '雲汀・Scenic觀景大床房（ 全景落地窗 + 乾濕分離 ）:HK$772', '舒望・Panor270°觀景陽台大床房（270 度觀景陽台）:HK$802']"
安順美瀾温泉大酒店,9.0,"['商務零壓大床房:HK$225', '精品雙床房:HK$225']"
全季酒店（安順店）,9.6,"['大床房（65寸電視投屏+拾光茶具）:HK$688', '高級大床房（智能客控+辦公桌）:HK$735', '舒壓—高級大床房（小冰箱+零壓床墊）:HK$763', '雙床房（智能客控+辦公桌）:HK$782']"
葡華大酒店（安順黃果樹大街好吃街店）,8.9,"['悠享度假大床房:HK$379', '臻享雅緻大床房:HK$431', '悠享度假雙床房:HK$434', '臻享雅緻雙床房:HK$450', '尊享靜逸大床房:HK$463']"
龍宮·翠山房,9.7,"['暮雲陽台雙床房:HK$817', '暮雨陽台雙床房:HK$817', '暮雲陽台大床房:HK$817', '修竹庭院浴缸大床房:HK$899', '修竹庭院雙床房:HK$899']"
安順梧桐溫泉養生酒店（西秀區安順西站店）,8.8,"['庭梧丨輕雅雙床房:HK$294', '青玉丨悦雅雙床房:HK$307', '碧梧丨韻雅雙床房（機麻+茶藝台）:HK$314', '青玉丨悦雅大床房:HK$320']"
如家精選酒店（安順黃果樹大道新天地店）,9.3,"['商務大床房（落地大窗+城市夜景）:HK$390', '高級大床房（落地大窗+城市夜景）:HK$414', '雙床房（落地大窗+城市夜景）:HK$448', '高級雙床房（落地大窗+城市夜景）:HK$456']"
星程酒店（安順學院南馬廣場店）,9.4,"['高級大床房（外窗+辦公桌）:HK$463', '商務大床房（金可兒床墊+辦公桌）:HK$520', '高級雙床房 （外窗+金可兒床墊）:HK$538', '商務雙床房:HK$595']"
和頤至尚酒店（安順黃果樹大街大潤發店）,9.4,"['大床房A:HK$609', '商務大床房:HK$639', '雙床房:HK$649', '高級大床房:HK$670', '特色大床房:HK$700']"
安順萬綠城鉑瑞茲酒店,9.3,"['鉑雅大床房:HK$414', '鉑雅雙床房:HK$414', '高級大床房:HK$446', '高級雙床房:HK$446', '豪華大床房:HK$511', '豪華雙床房:HK$511']"
鑫悦温泉酒店（安順高鐵西站神駿生態文旅小鎮店）,8.5,"['舒壓深睡雙床房·精緻睡眠:HK$524', '舒適潔凈大床間·精緻睡眠:HK$649', '暢享-園景摩天輪雙床房-精緻睡眠:HK$705', '暢享-園景摩天輪大床房-精緻睡眠:HK$759', '悦享-歡樂貝親親子主題雙床房:HK$839']"
花之築酒店（安順火車站店）,9.4,"['舒睡投影大床房【高清投影+手機投屏】:HK$356', '御景投影大床房【巨幕投影+手機投屏】:HK$412', '躺平治癒投影大床房【按摩椅+高清投影+手機投屏】:HK$425', '舒睡投影雙床房【高清投影+手機投屏】:HK$453']"
安順龍宮別苑,8.7,"['善品簡約雙床房:HK$227', '善德普通雙床房:HK$336', '善品簡約大床房:HK$436', '尚院雅緻雙床房:HK$500', '尚院豪華大床房:HK$544']"
安順原木·山舍精品民宿,9.5,"['屯風大床房:HK$342', '安月榻榻米雙床房:HK$381', '雙雨雙床房:HK$480', '雲棲大床房:HK$489']"
安瀾國際酒店（黃果樹大街大潤發店）,8.6,"['安瀾·雙棲居大床房:HK$385', '安瀾.枕星河大床房:HK$397', '安瀾.巨幕影音大床房:HK$397', '安瀾·雙棲居雙床房:HK$416', '安瀾·雲憩居大床房:HK$428']"
安順·華博度假酒店（苗嶺烤全羊柴火雞店）,8.9,"['高級大床房『180º落地大窗+尊享園林景觀』:HK$264', '精選大床房『180º落地大窗+尊享園林景觀』:HK$271']"
雲璟•夕照酒店（安順高鐵西站店）,9.9,"['夕照•棲霞大床房:HK$342', '雲璟•觀瀾大床房:HK$379', '虹山•靜軒商務雙床房:HK$388', '屯堡•雲鏡大床房:HK$425']"
安順萬豪大酒店（平壩區高鐵南站店）,8.8,"['雅緻豪華大床房:HK$342', '雅緻豪華雙床房:HK$342', '城市景觀大床房:HK$377', '城市景觀雙床房:HK$377', '雲端智能雙床房:HK$411']"
楠庭酒店（安順高鐵西站店）,9.4,"['輕享大床房:HK$233', '雲享大床房:HK$290', '舒眠大床房:HK$304', '和悦大床房:HK$318']"
安順隱居白河酒店（平壩區高鐵南站店）,8.9,"['隱居·浪漫之旅大床房:HK$313', '隱居·庭景池院大床房:HK$330', '隱居·商務行政雙床房:HK$330', '隱居·隱韻休閑大床房:HK$339', '隱居·雅緻浴缸大床房:HK$365']"
桔子酒店（安順黃果樹景區龍宮路店）,9.7,"['大床房（小冰箱+65寸電視投屏）:HK$1,037', '高級大床房（小冰箱+辦公桌）:HK$1,166', '露台大床房（智能客控+水吧枱）:HK$1,198', '雙床房（小冰箱+65寸電視投屏）:HK$1,209', '露台雙床房（智能客控+水吧枱）:HK$1,251']"
安順百靈希爾頓逸林酒店,9.3,"['逸林大床房:HK$873', '逸林雙床房:HK$873', '湖景大床房:HK$974', '湖景雙床房:HK$974', '行政大床房:HK$1,037', '行政雙床房:HK$1,037']"
尚客優品酒店（安順開發區高鐵西站店）,9.4,"['優品零壓大床房:HK$359', '優享格調零壓大床房:HK$371', '優享格調零壓雙床房:HK$377', '靜謐行政零壓套房:HK$394']"
安順豪生温泉度假酒店,9.2,"['輕奢大床房:HK$582', '清音雙床房:HK$584', '輕奢雙床房:HK$590', '行政大床房:HK$591', '豪華行政套房:HK$1,289', '休旅家庭套房:HK$1,407']"
維也納國際酒店（安順國貿顧府街店）,9.5,"['高級大床房:HK$602', '豪華大床房:HK$633', '豪華雙床房:HK$673', '城景大床房:HK$714']"
永棠民宿（安順高鐵西站萬象旅遊城店）,9.4,"['苡棠・迷你影音大床房:HK$219', '柚棠·助眠零壓大床房:HK$267', '栩棠·輕奢智能大床房:HK$303', '可棠·輕享度假雙人標間:HK$414']"
花之築酒店（安順黃果樹大街大潤發店）,9.3,"['臻選投影大床房（100寸巨幕投影+手機投屏）:HK$426', '沐浴陽光投影房（100寸巨幕投影+手機投屏）:HK$568', '愛麗絲V夢境（100寸巨幕投影+手機投屏）:HK$568', '貝加爾V暖陽（100寸巨幕投影+手機投屏）:HK$568']"
城市便捷（安順平壩區政府店）,9.3,"['特惠大床房:HK$152', '標準大床房:HK$177', '標準雙床房:HK$177', '高級大床房:HK$194']"
宜尚酒店（安順黃果樹大街大潤發店）,9.1,"['宜馨大床房:HK$424', '宜品大床房:HK$472', '宜悦大床房:HK$500', '宜觀大床房:HK$555']"
