酒店名称,评分,房型价格列表
宣城楓徠酒店（宛陵湖景區萬達廣場店）,9.6,"['楓致城景大床房【獨立辦公桌+乾濕分離】:HK$225', '楓致城景雙床房【商務辦公+乾濕分離衞浴】:HK$225', '楓享大床房【超大空間+觀湖景】:HK$236', '楓享雙床房【超大雙床+觀湖景】:HK$236']"
全季酒店（宣城敬亭山店）,9.7,"['高級雙床房：65寸電視投屏+智能客控+迷你小冰箱:HK$322', '高級大床房：65寸電視投屏+智能客控+迷你小冰箱:HK$341', '商務雙床房：65寸電視投屏+智能客控+迷你小冰箱:HK$352', '商務大床房：65寸電視投屏+智能客控+迷你小冰箱:HK$370']"
宣城文苑山莊度假酒店,9.7,"['徽韻雙床房:HK$411', '徽韻大床房:HK$432', '園景大床房:HK$598', '徽韻親子房:HK$598', '園景雙床房:HK$598']"
宣城半·島｜peninsula高空夜景輕奢酒店（宛陵湖景區萬達廣場店）,9.3,"['凌空棲居特價房【智能客控+雲感床墊】:HK$277', '高空城景大床房【智能客控+記憶床墊+投屏超大屏幕】:HK$336', '高空園景大床房【聲控霧化玻璃+全屋智能+公園景觀】:HK$361', '高空園景雙床房【投屏大屏幕+聲控霧化玻璃+記憶床墊】:HK$384']"
建國璞隱酒店（宣城店）,9.7,"['詠蘭居大床房（夢百合零壓床墊）:HK$246', '暗香居大床房（全景落地窗）:HK$271', '幽篁居雙床房（全屋智能客控）:HK$303', '芳草居大床房（竹木風格裝飾）:HK$354', '清蓮居套房（竹木風格裝飾）:HK$577']"
宣城世紀緣國際酒店,9.3,"['夢百合零壓雙床房（帶0壓床墊+記憶枕）:HK$446', '夢百合零壓大床房（帶0壓床墊+記憶枕）:HK$457', '精緻雙床房-躺平治癒:HK$469', '高級大床房:HK$469', '高級雙床房:HK$490', '豪華雙床房:HK$546']"
全季酒店（宣城火車站店）,9.7,"['大床房-秒睡記憶枕+金可兒床墊+酣暢甜睡:HK$289', '高級大床房-秒睡記憶枕+輕奢睡眠+拍照出片:HK$307', '高級雙床房-秒睡記憶枕+金可兒床墊+智能客控:HK$307', '商務大床房【秒睡記憶枕+零壓床墊+舒睡好眠】:HK$326']"
季楓國際酒店（宣城涇縣店）,9.6,"['零壓舒適大床房（智能客控+零壓床墊）:HK$380', '零壓舒適雙床房（智能客控+零壓床墊）:HK$414', '零壓高級大床房（智能客控+零壓床墊）:HK$433', '零壓高級雙床房（智能客控+零壓床墊）:HK$447', '零壓高級家庭房（智能客控+零壓床墊）:HK$495']"
城市便捷酒店（宣城大潤發店）,9.7,"['標準大床房【雙層隔音玻璃+靜音護脊床墊+高層落地窗】:HK$190', '高級大床房【雙層隔音玻璃+靜音護脊床墊+高層落地窗】:HK$211', '高級雙床房【雙層隔音玻璃+靜音護脊床墊+高層落地窗】:HK$211', '智能高級大床房【全屋智控+智能馬桶+高層觀景落地窗】:HK$231']"
宣城萬達廣場景德路亞朵酒店,9.9,"['高級大床房（亞朵星球pro深睡枕-投屏電視）:HK$505', '行政雙床房（亞朵星球pro深睡枕-投屏電視）:HK$505', '行政大床房（亞朵星球pro深睡枕-投屏電視）:HK$536', '尊享雙床房（亞朵星球pro深睡枕-投屏電視）:HK$565', '尊享大床房（亞朵星球pro深睡枕-投屏電視）:HK$565']"
宣城宣州希爾頓惠庭酒店,9.6,"['靈動大床房（舒達床墊+智能馬桶+雙功能冰箱）:HK$392', '靈動雙床房（舒達床墊+智能馬桶+雙功能冰箱）:HK$392', '靈動山景雙床房（舒達床墊+智能馬桶+雙功能冰箱）:HK$434', '靈動山景大床房（舒達床墊+智能馬桶+雙功能冰箱）:HK$434', '套房-大床（舒達床墊+智能馬桶+雙功能冰箱）:HK$695']"
桔子酒店（宣城萬達廣場店）,9.7,"['豪華雙床房：65寸投屏電視+小冰箱:HK$309', '豪華大床房:65寸投屏電視+小冰箱:HK$318', '商務大床房：65寸投屏電視+小冰箱:HK$327', '套房：65寸投屏電視+小冰箱+浴缸:HK$533']"
桔子酒店（宣城敬亭山東恆大廈店）,9.5,"['高級大床房-65寸電視投屏+智能客控+迷你小冰箱:HK$318', '月若流金雙床房-65寸電視投屏+智能客控+迷你小冰箱:HK$337', '月若流金豪華雙床房-65寸電視投屏+智能客控+小冰箱:HK$355', '加州陽光行政大床房-65寸電視投屏+智能客控+小冰箱:HK$355', '行政套房-浴缸浴袍+65寸電視投屏+智能客控+迷你小冰箱:HK$543']"
花築·原舍依田民宿,9.6,"['同樂居·Loft親子房【休閑椅+小童休閑區+全景落地窗】:HK$665', '吉利居·簡約大床房【休閑椅】:HK$702', '澤厚居·榻榻米大床房【智能客控+浴缸+巨幕投影】:HK$738', '德望居·舒適大床房【巨幕投影+智能馬桶+沙發】:HK$801']"
宣城棲梧酒店,9.6,"['精緻大床房:HK$228', '商務大床房（暢享按摩椅）:HK$296', '豪華大床房:HK$296', '行政雙床房（暢享按摩椅）:HK$314']"
宣城上海灘國際大酒店,8.8,"['經濟雙床房:HK$326', '經濟大床房:HK$326', '豪華雙床房:HK$380', '豪華大床房:HK$380', '行政大床房:HK$424']"
宣城南天賓館（國購廣場八佰伴店）,9.2,"['南天商務大床房:HK$260', '南天商務標準間:HK$282', '行政雙床房:HK$413', '行政大床房:HK$435']"
宣城山嶼海親心谷度假酒店,8.9,"['瀾心舊林大床房:HK$473', '瀾心舊林雙床房:HK$500', '瀾心丘山雙床房:HK$593', '瀾心丘山大床房:HK$686', '瀾心舊林套房:HK$1,150']"
蘭歐酒店（宣城宣州區政務中心店）,9.5,"['蘭藝大床房（無窗）:HK$183', '蘭藝心語房:HK$200', '蘭歐高級大床房:HK$218', '蘭歐豪華大床房（小冰箱）:HK$235']"
全季酒店（宣城市政府店）,9.8,"['高級雙床房:HK$290', '高級大床房：65寸電視投屏+智能客控+小冰箱:HK$309', '商務雙床房：65寸電視投屏+智能客控+小冰箱:HK$337', '商務大床房：65寸電視投屏+智能客控+小冰箱:HK$346']"
宣城萬達廣場錦江都城酒店,9.8,"['風雅大床房:HK$308', '都會雙床房:HK$318', '都會大床房:HK$346', '行政尊享大床房:HK$431']"
全季酒店（宣城東部新城陽德路店）,9.7,"['高級大床房:65寸投屏電視+智能馬桶+智能客控+小冰箱:HK$243', '商務大床房:65寸投屏電視+智能馬桶+智能客控+小冰箱:HK$252', '商務雙床房:65寸投屏電視+智能馬桶+智能客控+小冰箱:HK$252', '套房:65寸投屏電視+智能馬桶+智能客控+小冰箱:HK$309']"
宣城金馬君瀾莊園,9.3,"['高級雙床房:HK$457', '悠居雙床房:HK$513', '悠居大床房:HK$513', '巴啦啦小魔仙親子房:HK$575', '樂享家庭房:HK$587', '超級飛俠Loft親子房:HK$642']"
伯爵世家酒店（陽德東路店）,9.7,"['高級城景大床房（獨立辦公區+智能客控+小冰箱）:HK$232', '高級城景雙床房（休閑品茗區+智能客控+小冰箱）:HK$252', '豪華尊享大床房（超大活動空間+智能客控+零壓深眠+小冰箱）:HK$271', '豪華尊享雙床房（超大活動空間+智能客控+零壓深眠+小冰箱）:HK$284', '萌趣家庭雙床房（童趣帳篷+1大1中床+小童玩具+小冰箱）:HK$387']"
漢庭酒店（宣城新港樂園店）,9.7,"['高級大床房:HK$219', '景觀大床房:HK$229', '高級雙床房:HK$239', '家庭房:HK$259']"
漢庭酒店（宣城萬達廣場浙商大廈店）,9.9,"['高級大床房:HK$224', '商務雙床房:HK$233', '商務大床房:HK$243']"
棲溪裏·油畫DIY藝術主題度假美宿（月亮灣風景區店）,9.7,"['溪澗|竹景落地景觀雙床房:HK$835', '禪跡|禪意風山景雙床房:HK$835', '浣溪沙|竹景情侶浴缸大床房:HK$1,148', '風捲簾|簡約風山景大床房:HK$1,148', '不夜侯|工業風氛圍山景親子房:HK$1,475']"
宣城賓館,8.9,"['迎賓樓標間:HK$282', '迎賓樓大單間:HK$282']"
亞太大酒店（宣城敬亭山景區宣城中學店）,9.1,"['精品大床房丨【一線山景+高清投屏+舒適睡眠】:HK$266', '豪華雙床房丨【高清投屏+舒適睡眠】:HK$293', '夢百合零壓大床房丨【零壓床墊+智能客控+零壓記憶棉枕頭+高清投屏】:HK$293', '精品雙床房丨【一線山景+高清投屏+舒適睡眠】:HK$420']"
清沐鉑金酒店（宣城萬達廣場店）,9.3,"['鉑金大床房（記憶零壓深睡床墊+零壓枕+智能客控）:HK$201', '智能大床房（記憶零壓深睡床墊+零壓枕+智能客控）:HK$218', '智能高級雙床房（記憶零壓深睡床墊+零壓枕+智能客控）:HK$234', '智能高級大床房（記憶零壓深睡床墊+零壓枕+智能客控）:HK$235']"
潯山舍別墅酒店,9.9,"['初心-豪華大床房:HK$546', '靜心-山景雙床房:HK$546', '觀瀾-豪華大床房:HK$546', '隨遇-豪華大床房:HK$911']"
麗楓酒店（宣城高鐵站店）,9.7,"['豪華大床房:HK$250', '豪華雙床房:HK$269', '行政大床房:HK$353']"
維也納國際酒店（宣城花園店）,9.6,"['商務大床房:HK$211', '商務雙床房:HK$229', '商務套房:HK$338', '棋牌套房:HK$423']"
城市便捷酒店（宣城萬達青旅國際店）,9.4,"['標準雙床房（靜謐空間-乾濕分離）:HK$168', '商務大床房（高層觀景-乾濕分離）:HK$176', '高級大床房（高層觀景-寬敞客房）:HK$186', '高級雙床房（明亮落地窗-寬敞客房）:HK$186']"
宣城再現炊煙民宿,8.9,"['茶韻庭院雙床房:HK$502', '竹韻庭院榻榻米房:HK$502', '漫享山景大床房:HK$502', '漫享山景雙床房:HK$502']"
狸橋賓館,8.8,"['高級大床房:HK$304', '高級雙床房:HK$325', '豪華套房:HK$382', '行政套間:HK$639']"
宣城東湖盛宴酒店,9.2,"['豪華大床房:HK$374', '豪華雙床房:HK$424', '豪華套房:HK$481']"
宣城鴻越國際酒店（宣城萬達廣場店）,8.7,"['豪華單間:HK$289', '豪華標間:HK$289', '高級大床房:HK$312', '行政尊享套房【綠氧】:HK$439']"
漢庭酒店（宣城萬達廣場店）,9.3,"['大床房:HK$190', '雙床房:HK$201', '高級大床房:HK$211', '商務雙床房:HK$221']"
宣城紙源文化山莊（胡家澇店）,9.0,"['高級家庭房:HK$294', '高級三人間:HK$330', '趣味榻榻米:HK$377', '觀景套房:HK$389']"
宣城洋江港灣假日酒店（高鐵站店）,9.3,"['特惠大床房:HK$172', '單人房:HK$173', '大床房:HK$211', '標準房:HK$211']"
不晚別院,10.0,"['雅緻大床套房:HK$352', '標準雙床套房:HK$382']"
宣城木遇生態園,9.7,"['拾光雙床房（全景落地窗+乾濕分離+舒享睡眠）:HK$425', '聽山特惠大床房（全景落地窗+乾濕分離+舒享睡眠）:HK$568', '豪華觀景雙床房（全景落地窗+乾濕分離+舒享睡眠）:HK$637', '閤家歡樂親子房（全景落地窗+乾濕分離+舒享睡眠）:HK$697']"
漢庭酒店（宣城國購廣場店）,9.4,"['大床房:HK$198', '雙床房:HK$207', '高級大床房:HK$218', '商務大床房:HK$227']"
星程酒店（宣城敬亭山店）,9.5,"['大床房A:HK$187', '雙床房:HK$196', '大床房:HK$205', '商務大床房:HK$215']"
官塘湖賢尊大酒店,7.3,"['賢尊樓豪華大床房:HK$420', '賢尊樓湖景豪華雙床房:HK$420', '青松嶺大床房:HK$504', '青松嶺木屋雙床房:HK$504']"
逸山海·覓麓溪源山野溯溪美墅（宣城店）,10.0,"['溪·山景露台榻榻米大床房:HK$1,184', '蟬·山景榻榻米茶台大床房:HK$1,184', '月|雀·山景榻榻米茶台雙床房:HK$1,302', '林|鷺·山景榻榻米茶台雙床房:HK$1,302']"
安徠酒店（宣城高鐵站店）,9.6,"['豪華雙床房:HK$190', '豪華家庭房:HK$221', '豪華棋牌大床房:HK$249', '豪華套房:HK$305']"
漢庭酒店（宣城火車站西廣場店）,9.7,"['大床房:HK$207', '雙床房:HK$218', '高級大床房:HK$227', '高級雙床房:HK$236']"
宣花島民宿（中國鱷魚湖店）,9.2,"['豪華雙床房:HK$326', '豪華大床房:HK$345', '家庭套房:HK$435', '豪華三人間:HK$448']"
