酒店名称,评分,房型价格列表
super8·悅酒店（寧德萬達蕉城區政府店）,9.3,"['零壓智能大床房:HK$182', '零壓智能舒適大床房:HK$206', '零壓智能雙床房:HK$239', '尊享零壓智能大床房:HK$260']"
東方國際大飯店,8.7,"['特惠大床房:HK$200', '豪華雙床房:HK$247', '豪華大床房:HK$247', '行政雙床房:HK$324']"
寧德鋰電小鎮希爾頓歡朋酒店,9.7,"['高級大床房:HK$477', '高級雙床房:HK$477', '豪華大床房:HK$499', '豪華雙床房:HK$533', '高級湖景大床房:HK$544']"
途客中國酒店（寧德市府店）,9.5,"['途享大床房（零壓床墊）:HK$256', '途享雙床房（深度睡眠+智能投屏）:HK$291', '途奢大床房（安靜舒適+智能客控）:HK$291', '途奢雙床房:HK$312']"
全季酒店（寧德德潤尚街店）,9.6,"['高級大床房:HK$382', '商務大床房:HK$412', '豪華雙床房:HK$412', '豪華大床房:HK$441']"
維也納國際酒店（寧德萬達店）,9.1,"['標準大床房:HK$261', '高級雙床房:HK$302', '高級大床房:HK$313', '豪華大床房:HK$356']"
寧德鉑驪酒店,9.5,"['豪華城景大床房:HK$500', '豪華城景雙床房:HK$500', '豪華湖景雙床房:HK$609', '豪華湖景大床房:HK$609', '行政城景雙床房:HK$827', '行政城景大床房:HK$827']"
漢庭優佳酒店（寧德蕉城區店）,9.1,"['大床房:HK$205', '高級大床房:HK$224', '高級雙床間:HK$252', '舒壓-高級大床房:HK$252']"
曼居酒店（寧德中耕店）,9.0,"['曼選雙床房:HK$343', '曼選大床房:HK$350', '曼享雙床房:HK$396', '曼享大床房:HK$417', '曼居雙床房:HK$419']"
寧德山水大酒店,9.3,"['普通標準間:HK$410', '商務大床房:HK$413', '商務標準間:HK$413', '行政大床房:HK$475', '行政套房:HK$839']"
寧德東方國際威悦大酒店,8.9,"['商務大床房:HK$188', '商務雙床房:HK$188', '豪華大床房:HK$206', '豪華雙床房:HK$206']"
泊帆精品酒店（寧德萬達廣場店）,9.4,"['普通大床房:HK$216', '普通雙床房:HK$226', '標準單人房:HK$282', '豪華單人房:HK$304']"
世鴻大酒店（寧德站店）,9.1,"['城景雙床房:HK$390', '湖景大床房:HK$413', '豪華湖景大床房:HK$478', '雅緻套房:HK$752']"
寧德富力萬達嘉華酒店,9.3,"['豪華雙床房:HK$654', '高級豪華雙床房:HK$686', '豪華大床房:HK$696', '高級豪華大床房:HK$727', '尊享智眠大床房（帶0壓床墊+可升降按摩床）:HK$753', '行政樓層豪華大床房:HK$855']"
玖間堂泊城酒店（寧德汽車北站店）,9.4,"['泊城雙床房:HK$294', '泊城大床房:HK$294', '高級大床房:HK$359', '高級雙床房:HK$359', '豪華大床房:HK$491']"
如家派柏·雲酒店（寧德德潤尚街店）,9.2,"['商務大床房:HK$188', '豪華商務房:HK$193', '高級雙床房:HK$200', '家庭房:HK$209']"
霍童溪山民宿,10.0,"['標準雙床房:HK$333', '標準大床房:HK$371', '溪景雙床房（帶陽台）:HK$408', '溪景大床房（帶陽台）:HK$457']"
星程酒店（寧德蕉城區店）,9.3,"['大床房:HK$207', '舒壓-高級大床房:HK$246', '舒壓-豪華大床房:HK$264', '舒壓-高級雙床房:HK$283']"
全季酒店（寧德大潤發國際廣場店）,9.0,"['高級大床房A:HK$371', '高級大床房:HK$391', '高級雙床房:HK$422', '家庭房:HK$422']"
棲海畔民宿（寧德第一中學新校區店）,9.4,"['海景複式大床房:HK$211', '棋牌複式大床房:HK$211', '海景複式雙床房:HK$267', '海景複試大床房（帶雙衞生間）:HK$286']"
途客中國HOTEL（寧德萬達店）,9.2,"['途選大床房:HK$239', '途享大床房:HK$294', '途享雙床房:HK$294', '途奢雙床房:HK$327']"
西方財富酒店（寧德萬達廣場店）,8.9,"['特惠大床房:HK$194', '標準雙床房:HK$287', '標準大床房:HK$287', '高級雙床房:HK$311']"
寧德冠雲國際大酒店,9.5,"['舒適大床房（慕思品牌床墊）:HK$382', '標準雙床房（慕思品牌床墊）:HK$393', '標準大床房（慕思品牌床墊）:HK$393', '經典大床房（慕思品牌床墊）:HK$436', '經典雙床房（慕思品牌床墊）:HK$436']"
寧德玥溪·以家公寓,9.6,"['高級大床房:HK$247', '豪華商務大床房:HK$260', '舒適大床房:HK$263', '北歐商務大床房:HK$279']"
全季酒店（寧德萬達蕉城南路店）,9.5,"['榻榻米:HK$278', '大床房:HK$299', '高級大床房:HK$318', '商務大床房:HK$358']"
季風民宿,9.5,"['精品大床房:HK$186', '商務大床房:HK$231', '舒適雙床房:HK$279']"
如家商旅酒店（寧德站紅星美凱龍店）,9.7,"['大床房A:HK$248', '大床房:HK$257', '高級大床房:HK$284', '雙床房:HK$294']"
寧德融一公寓,9.3,"['商務大床房:HK$134', '温馨家庭雙床房:HK$166']"
財富假日酒店（寧德時代新能源科技店）,8.4,"['高級大床房:HK$254', '高級雙床房:HK$254', '豪華大床房:HK$265', '豪華雙床房:HK$265']"
宏迪大酒店（寧德汽車北站店）,9.0,"['樂享大床房-智能客控+新風系統:HK$198', '樂享雙床房-智能客控+新風系統:HK$209', '優享大床房-智能客控:HK$275', '優享雙床房-智能客控+新風系統:HK$291']"
棲蕉民宿（寧德萬達酈景店）,9.3,"['經濟陽光大床房（高清投影+洗衣機+冰箱）:HK$198', '精品智能大床房（高清投影+洗衣機+冰箱）:HK$207', '法式中古風網紅房（高清投影+洗衣機+冰箱）:HK$207', '輕奢智能大床房（高清投影+洗衣機+冰箱）:HK$229']"
雲泊輕奢酒店（寧德蕉城區汽車北站店）,9.3,"['簡約大床房【輕奢簡約-公區提供洗衣房】:HK$118', '輕奢大床房【超長辦公桌-親膚布草-一次性毛巾】:HK$138', '觀影大床房【高清巨幕-影視VIP會員-杜比聲環繞】:HK$144', '城景雙床房【城市景觀-公區自助洗衣房】:HK$152']"
雲海漫居（萬達廣場店）,9.3,"['普通大床房（酒店公區提供自助洗衣機）:HK$175', '普通雙床房（酒店公區提供自助洗衣機）:HK$218', '精緻大床房（酒店公區提供自助洗衣機）:HK$234', '舒適大床房（酒店公區提供自助洗衣機）:HK$241']"
寧德時代新能源鈺軒民宿,9.6,"['温馨大床房:HK$195', '精品大床房:HK$201', '雅緻大床房:HK$205', '豪華大床房:HK$217']"
漢庭酒店（寧德萬達店）,9.3,"['大床房:HK$249', '雙床房:HK$258', '高級大床房:HK$268', '商務雙床房:HK$289']"
寧德金海灣國際大酒店,9.2,"['經典大床房:HK$446', '標準大床房:HK$446', '標準雙床房:HK$446', '豪華大床房:HK$489', '豪華雙床房:HK$489']"
禧又公寓,9.6,"['輕奢影院大床房:HK$210', '商務精品大床房:HK$210', '時尚甄選大床房:HK$224', '中式雅緻影院房:HK$235']"
寧德佰翔三都澳大酒店,9.7,"['高級園景大床房:HK$652', '高級園景雙床房:HK$686', '豪華園景大床房:HK$861', '高級湖景大床房:HK$905', '尊享園景大床房:HK$926', '童趣親子雙床房（海底小縱隊主題）:HK$963']"
都市驛棧（寧德萬達廣場店）,9.5,"['迷你小閣樓:HK$122', '舒適温馨房B:HK$141', '舒適温馨房A:HK$160', '精品大床房A:HK$170']"
如家派柏·雲酒店（寧德萬達聯信廣場店）,9.1,"['大床房:HK$173', '高級雙床房:HK$198', '高級大床房:HK$203', '家庭房:HK$240']"
艾特公寓（汽車南站天茂店）,9.5,"['雅緻大床房（一台1660S電腦）:HK$184', '鉑金雙人電腦房（2台1660S顯卡+HKC27寸曲面屏144HZ+網吧系統100+遊戲）:HK$204', '永恆鑽石電腦雙人房[RTX2060顯卡+HKC144HZ曲面屏+羅技鼠標+達爾優鍵盤+網吧系統100+遊戲]:HK$217', '豪華鑽石電腦雙人房[RTX3060Ti顯卡+HKC32寸144HZ曲面屏+羅技鼠標+達爾優鍵盤+西伯利亞S21耳機+網吧系統]:HK$242']"
格菲酒店（寧德萬達廣場店）,9.3,"['格菲大床房:HK$270', '格菲雙床房:HK$280', '格菲高級大床房:HK$301', '格菲高級雙床房:HK$301']"
寧德時代優選公寓（寧德汽車北站店）,9.3,"['商務大床房:HK$156', '商務標間:HK$156', '巨幕影院大床房:HK$175', '巨幕影院雙床房:HK$175']"
樸舍公寓,9.1,"['商務大床房:HK$190', '標準商務雙床房:HK$240']"
如家商旅酒店（寧德萬達蕉城區政府店）,9.6,"['大床房:HK$183', '商務大床房:HK$210', '高級大床房:HK$227', '高級雙床房:HK$236']"
寧德惠嘉利酒店,7.3,"['高級大床房:HK$249', '高級雙床房:HK$249', '豪華海景大床房:HK$260', '豪華海景雙床房:HK$293']"
凱思特酒店（寧德汽車北站店）,9.3,"['輕奢大床房:HK$117', '優選雙床房:HK$135', '優選大床房:HK$137', '雅緻大床房:HK$142']"
城南時代公寓（汽車南站店）,9.2,"['陽光特惠大床房:HK$151', '舒適大床房:HK$167']"
寧德楠嘉酒店,9.7,"['温馨大床房:HK$140', '影音大床房:HK$169', '影音雙床房:HK$169']"
如家睿柏·雲酒店（寧德萬達廣場店）,8.4,"['大床房【酒店公區提供洗衣機 | 舒適甜睡】:HK$131', '舒適大床房【酒店公區提供洗衣機 | 辦公區域】:HK$166', '舒適雙床房【酒店公區提供洗衣機 | 辦公區域】:HK$170', '高級大床房【酒店公區提供洗衣機 | 親膚床品】:HK$175']"
