酒店名称,评分,房型价格列表
構想幾何·韓嶺白日夢（寧波東錢湖店）,9.5,"['乘風破浪:HK$430', '四月物語:HK$537', '諾丁山:HK$646', '白日夢想家:HK$753']"
寧境酒店（寧波天一廣場城隍廟店）,9.5,"['靜笙小築:HK$407', '靜笙北廂房:HK$435', '靜笙南廂房:HK$472', '明熙故里:HK$491', '春和景明:HK$510']"
寧波永耀大酒店,9.5,"['商務大床房:HK$490', '商務雙床房:HK$490', '高級城景雙床房:HK$512', '高級城景大床房:HK$512', '行政雙床房:HK$545']"
寧波東錢湖康得思酒店,9.4,"['豪華園景大床房:HK$1,311', '豪華園景雙床房:HK$1,311', '豪華庭院大床房:HK$1,311', '高級庭院大床房:HK$1,311', '野奢場景主題客房:HK$1,311', '豪華湖景大床房:HK$1,592']"
書房酒店（天一廣場火車站店）,9.3,"['温馨別緻的小廂房:HK$219', '洋氣敞亮的園景房:HK$403', '盛世花廳的陽台房:HK$512']"
花築奢·樸素民宿（寧波慈城店）,9.9,"['空山·特惠大床房（智能客控+深泡浴缸+迷你冰箱）:HK$615', '水榭·大床房（地暖+智能客控+深泡浴缸+迷你冰箱）:HK$725', '悠然·豪華大床房（地暖+智能客控+深泡浴缸+迷你冰箱）:HK$1,352', '閑庭·豪華親子房（地暖+智能客控+深泡浴缸+迷你冰箱）:HK$1,480', '庭院·家庭房（地暖+智能客控+深泡浴缸+實木茶桌）:HK$2,167']"
寧波和義大道亞朵S酒店,9.7,"['高級大床房（迷你小冰箱+可投屏65寸電視）:HK$502', '高級雙床房（迷你小冰箱+可投屏65寸電視）:HK$520', '幾木城景大床房（深睡枕PRO+迷你小冰箱+可投屏65寸電視）:HK$548', '幾木城景雙床房（深睡枕PRO+迷你小冰箱+可投屏65寸電視）:HK$548', '幾木江景大床房（深睡枕PRO+迷你小冰箱+可投屏65寸電視）:HK$592']"
寧波華港外灘酒店（天一廣場老外灘店）,9.2,"['出門在外·灘雙床房:HK$364', '城景·陽台·大床房:HK$364', '向陽·陽台·雙床房:HK$375', '靜雅·安睡·花園大床房:HK$385', '江月·江景大床房:HK$425']"
寧波火車站開元名庭酒店,9.5,"['名成舒適大床房｜唐風國潮｜商務辦公｜智能投屏:HK$398', '名成高級大床房｜唐風國潮｜智能投屏｜安睡床品:HK$441', '名成舒適雙床房｜唐風國潮｜商務辦公｜安睡床品:HK$443', '名成高級雙床房｜唐風國潮｜智能投屏｜安睡床品:HK$494', '名成豪華大床房｜全屋智能｜商務辦公｜安睡床品:HK$532']"
臻庭酒店（寧波天一廣場老外灘店）,9.7,"['雅緻大床房【迷你冰箱+可投屏電視】:HK$407', '優選大床房【迷你冰箱+可投屏電視】:HK$437', '高級雙床房 【落地窗+迷你冰箱+可投屏電視 】:HK$593', '臻庭行政大床房 【戴森吹風機+落地窗+可投屏電視 】:HK$620', '臻庭行政雙床房 （1.2榻榻米+戴森吹風機+落地窗+迷你冰箱+可投屏電視）:HK$647']"
寧波奉化溪口夜泊君亭酒店,9.5,"['故里閑庭大床房:HK$560', '故里閑庭雙床房:HK$560', '四明雅韻四人房:HK$582', '四明雅韻大床房:HK$658', '雲棲家庭三人房（榻榻米+浴缸）:HK$717']"
寧波十七房開元觀堂,9.6,"['觀堂雙床房:HK$436', '觀堂躍層大床房:HK$436', '觀堂躍層套房:HK$555', '獨棟大床別墅:HK$568', '獨棟雙床別墅:HK$643', '觀堂雙床套房:HK$701']"
墨憩酒店（明樓地鐵站店）,10.0,"['高級大床房（一線城景+智能衞浴+可投屏電視）:HK$381', '高級雙床房（一線城景+雙台盆智能衞浴+可投屏電視）:HK$381', '豪華大床房（一線城景+個性浴缸+可投屏電視）:HK$446', '豪華雙床房（一線城景+雙台盆智能衞浴+可投屏電視）:HK$479', '城景大床房（全景落地窗+個性浴缸+coffee機）:HK$621', '豪華景觀套房（全景落地窗+個性浴缸+coffee機）:HK$697']"
蒓湖天港禧悦酒店,9.7,"['高級大床房（智能客控+深度睡眠+高速吹風機）:HK$311', '商務大床•雙床房（一大一小雙床+智能客控+深度睡眠）:HK$311', '影視大床房（高清智能投屏+巨幕觀影）:HK$331', '豪華雙床房（商務+智能客控+深度睡眠+負離子吹風機）:HK$338', '豪華大床房（負離子吹風機+智能客控+智能投屏）:HK$345']"
富邦大酒店（寧波火車站天一閣月湖店）,9.6,"['高級大床房（深睡Pro枕）:HK$423', '高級雙床房（深睡Pro枕）:HK$428', '高級大床房+無窗（深睡Pro枕）:HK$468', '行政商務間（深睡Pro枕）:HK$577', '行政豪華間（深睡Pro枕+步入式衣帽間）:HK$751', '家庭套間（深睡Pro枕+步入式衣帽間）:HK$751']"
寧波海鉑酒店（天一廣場城隍廟地鐵站店 ）,9.7,"['月隱｜雅緻大床房『深睡記憶枕』:HK$253', '柳畔｜高級大床房『深睡記憶枕』:HK$285', '月隱｜雅緻雙床房『深睡記憶枕』:HK$306', '湖光｜湖景大床房『深睡記憶枕+鳥瞰月湖』:HK$349']"
寧波萬達美華酒店丨京東京造,9.6,"['豪華大床房（睡眠窗簾+智能投屏+Acca Kappa洗護用品）:HK$414', '豪華雙床房（睡眠窗簾+智能投屏+Acca Kappa洗護用品）:HK$414', '豪華江景大床房（江景景觀+智能投屏+睡眠窗簾）:HK$456', '親子雙床房（睡眠窗簾+親子空間+智能投屏）:HK$488', '高級豪華大床房（迷你小冰箱+智能馬桶+睡眠窗簾）:HK$508']"
小隱慈城·十八花房民宿,9.0,"['雅緻大床房:HK$545', '雅緻雙床房:HK$545', '清雅花園標準房:HK$655', '親子院落花園房:HK$764', 'Loft陽光院落房:HK$982']"
寧波天一廣場桔子水晶酒店,9.8,"['高級大床房（絲漣床墊+mini吧+65寸智能電視+藍牙音箱）:HK$491', '商務大床房（絲漣床墊+mini吧+65寸智能電視+藍牙音箱）:HK$510', '商務雙床房（絲漣床墊+mini吧+65寸智能電視+藍牙音箱）:HK$510', '觀景商務大床房（絲漣床墊+mini吧+65寸智能電視+藍牙音箱）:HK$530', '豪華雙床房（絲漣床墊+mini吧+65寸智能電視+藍牙音箱）:HK$549']"
寧波南苑飯店,9.5,"['陽光摜蛋雙床房（商務樓）:HK$519', '商務樓大床房:HK$533', '商務樓雙床房:HK$533', '主樓高級雙床房:HK$561', '主樓高級大床房:HK$577', '童趣親子雙床房:HK$636']"
寧波鄞州希爾頓惠庭酒店,9.3,"['舒適雙床房【迷你冰箱+Coffee機+蒸汽熨斗+舒達床墊】:HK$500', '舒適大床房【迷你冰箱+Coffee機+蒸汽熨斗+舒達床墊】:HK$520', '靈動雙床房【迷你冰箱+Coffee機+蒸汽熨斗+舒達床墊】:HK$531', '靈動大床房【迷你冰箱+Coffee機+蒸汽熨斗+舒達床墊】:HK$553', '靈動高級大床房【迷你冰箱+Coffee機+蒸汽熨斗】:HK$597']"
寧波佑寧酒店（天一廣場店）,9.3,"['大床房:HK$270', '榻榻米大床房:HK$270', '豪華大床房:HK$291', '雙床房:HK$291']"
寧波陶麓書香世家酒店（東錢湖店）,9.6,"['雅緻庭院雙床房{空氣凈化器+智能馬桶+MiNiBar}:HK$764', '雅緻山景大床房{空氣凈化器+智能馬桶+MiNiBar}:HK$764', '茶韻庭院大床房{空氣凈化器+智能馬桶+MiNiBar}:HK$879', '茶韻庭院雙床房{空氣凈化器+智能馬桶+MiNiBar}:HK$879', '探花庭院大床房{浴缸+空氣凈化器+智能馬桶+MiNiBar}:HK$1,109']"
希奢酒店（寧波鎮海聰園路地鐵站店）,9.3,"['優享大床房 【靜音冰箱+投屏電視+無線充電+智能家居]:HK$325', '拾光休閑榻榻米【零壓床墊+靜音冰箱+智能家居】:HK$334', '舒享大床房【零壓床墊+靜音冰箱+無線充電+智能傢俱】:HK$346', '尊享大床房【零壓床墊+靜音冰箱+無線充電+智能傢俱】:HK$367']"
寧波椿上所宿設計師酒店,9.6,"['雲泥大床房:HK$599', '枕溪:HK$654', '遲暮:HK$654', '花間隱:HK$709', '雲泥雙床房:HK$709']"
希諾S酒店（寧波江北萬象城店）,9.4,"['精選大床房（零壓床墊+全屋智能+電視投屏+迷你冰箱）:HK$426', 'S1精選城景大床房（零壓床墊+全屋智能+可投屏+冰箱）:HK$436', 'S2希諾大床房（零壓床墊+全屋智能+電視投屏+小冰箱）:HK$500', 'S2希諾雙床房（零壓床墊+全屋智能+電視投屏+小冰箱）:HK$508', 'S3豪華城景雙床房（零壓床墊+全屋智能+可投屏+冰箱）:HK$564']"
寧波三江口外灘棠辰公館,9.7,"['肆枝·百年老洋房·奢享大床房:HK$1,612', '叁簇·百年老洋房·逸廬大床房:HK$1,738', '伍株·百年老洋房·甄景大床房:HK$1,988', '壹瓣臻選 . 江瀾畔百年花園豪邸大床房:HK$2,488']"
黑石S設計師酒店（寧波北侖銀泰城中河路地鐵站店）,9.2,"['S舒適大床房:HK$270', 'S精選大床房:HK$302', 'S設計師大床房:HK$334', 'S設計師雙床房:HK$334']"
寧波柏辰曼悦酒店,9.7,"['雅緻高級大床房:HK$360', '雅居豪華雙床房:HK$360', '雅緻豪華大床房:HK$381', '雅居行政雙床房:HK$392', '雅緻行政大床房:HK$413']"
寧波金茂嘉悦酒店,9.7,"['豪華大床房:HK$620', '豪華雙床房:HK$620', '尊貴大床房:HK$752', '尊貴雙床房:HK$752', '尊貴湖景大床房:HK$840', '尊貴湖景雙床房:HK$840']"
Ruby瑰寶酒店（寧波天一廣場老外灘店）,9.5,"['精選丨悠然漫步大床房【馬歇爾音響+徠芬吹風機+大空間】:HK$490', '精緻丨零壓靜享大床【絲滑入眠+零壓床墊+徠芬吹風機】:HK$512', '精緻丨零壓靜享雙床房【羽絨床品+零壓床墊+辦公桌椅】:HK$523', '瑰寶丨經典豪華大床房【獨立辦公+靜享好眠+羽絨床品】:HK$566', '遇見丨巨幕影音房【沉浸式觀影+百寸巨幕+會員暢享】:HK$566']"
全季酒店（寧波天一廣場店）,9.7,"['大床房:HK$432', '高級大床房:HK$453', '高級雙床房（贈20元停車券）:HK$472', '商務大床房（贈20元停車券）:HK$482']"
寧波東錢湖山水君瀾度假酒店,9.6,"['田隱雙床房:HK$1,067', '田隱山景大床房:HK$1,067', '田隱山景雙床房:HK$1,067', '田隱大床房:HK$1,067', '田隱觀景大床房:HK$1,157', '田隱觀景雙床房:HK$1,157']"
寧波天唯藝術酒店（南部商務區羅蒙環球城店）,9.5,"['舒適大床房（迷你冰箱+隔音玻璃）:HK$290', '舒適雙床房（迷你冰箱+隔音玻璃）:HK$311', '藝術大床房（迷你冰箱+隔音玻璃）:HK$354', '豪華雙床房（迷你冰箱+隔音玻璃）:HK$354', '豪華家庭房（迷你冰箱+隔音玻璃）:HK$397']"
寧波雅詩閣萬科槐樹路服務公寓,9.6,"['豪華單房公寓:HK$591', '豪華行政單房公寓:HK$690', '豪華行政單房公寓（雙床）:HK$690', '臻選江景房:HK$788']"
墅家知否南宋小院（寧波東錢湖韓嶺店）,9.6,"['曉市茶台美食大床房:HK$780', '觀影茶室美食雙床房:HK$894', '暖陽美食庭院親子套房:HK$1,235', '私享院落複式三人套房:HK$1,575', '家庭度假美食雙卧套房:HK$2,143']"
寧波凱洲智選假日酒店,9.4,"['高級房 超大床:HK$440', '高級房 雙床:HK$440', '高級房（超大床+更大面積）:HK$489', '高級房（雙床+更大面積）:HK$489', '智選家庭房:HK$577']"
寧波天一廣場亞朵酒店,9.7,"['雅緻大床房-恆温直飲水機+智能客控+65寸巨幕大電視可投屏:HK$475', '高級大床房-恆温直飲水機+智能馬桶+徠芬負離子吹風機:HK$493', '行政大床房-恆温直飲水機+戴森吹風機+65寸巨幕大電視可投屏:HK$520', '高級雙床房-恆温直飲水機+智能馬桶+徠芬負離子吹風機:HK$538', '幾木城景大床房-戴森吹風機+茶室+小冰箱+智能馬桶:HK$566']"
寧波柏恩酒店（寧波火車站南塘老街店）,9.3,"['高級城景雙床房:HK$297', '高級城景大床房:HK$297', '豪華江景雙床房:HK$318', '豪華江景大床房:HK$318', '270°豪華大床房:HK$343']"
寧波中都開元名都大酒店,9.3,"['開元市景雙床房:HK$469', '開元市景大床房:HK$469', '豪華市景雙床房:HK$523', '豪華市景大床房:HK$523', '名都市景雙床房:HK$655', '名都市景大床房:HK$655']"
寧波市鄞州東錢湖梵舍民宿,9.4,"['梵舍-陽台特惠大床房:HK$424', '梵舍-地暖湖景大床房:HK$512', '梵音-陽台特惠大床房:HK$533', '梵舍-湖景大床房101A:HK$533']"
全季酒店（寧波天一廣場鼓樓店）,9.7,"['大床房:HK$412', '高級大床房:HK$442', '商務大床房:HK$462', '高級雙床房:HK$472']"
寧波大酒店,9.5,"['高級景緻大床房（零壓床墊+可投屏電視）:HK$713', '高級城景雙床房（迷你冰箱+零壓床墊）:HK$756', '豪華城景大床房（零壓床墊+零壓熟睡枕頭）:HK$778', '豪華江景大床房（零壓床墊+超解壓花灑）:HK$781', '高級江景雙床房（即熱恆温飲水機+超解壓花灑）:HK$788']"
寧波東部新城會展中心開元名庭酒店,9.5,"['臻選名成高級雙床房| 落地飄窗+零壓睡眠:HK$436', '臻選名成高級大床房丨獨立辦公+炫酷冰箱+靜享睡眠:HK$458', '臻選名成豪華雙床房丨商務專享+一線城景+超大空間:HK$480', '觀景名成豪華大床房| 新中式風格+超大辦公桌+MINI冰箱:HK$502', '零壓豪華名成商務大床房丨慕思床墊+徠芬幹發+全景窗:HK$535']"
寧波站天一閣月湖亞朵酒店,9.7,"['高級大床房—亞朵星球深睡枕Pro:HK$502', '行政大床房—亞朵星球深睡枕Pro+小冰箱:HK$529', '高級雙床房—亞朵星球深睡枕Pro:HK$548', '尊享大床房—亞朵深睡枕Pro+小冰箱+65寸可投屏電視:HK$575', '深睡尊享大床房-亞朵星球深睡枕Pro+控温床墊+一鍵深睡:HK$619']"
寧波東錢湖韓嶺冬生夏長精品民宿,9.4,"['民國洋樓普通大床房:HK$441', '民國洋樓雙床房:HK$517', '民國洋樓浴缸大床房:HK$736', '民國洋樓豪華套房:HK$878']"
寧波外灘·嬋那藝術酒店,9.2,"['高級大床房【AI助眠床+電動窗簾+智能燈光+智能馬桶】:HK$505', '江景大床房【戴森吹風機+助眠床+電動窗簾+智能燈光】:HK$580', '江景雙床房【戴森吹風機+衣帽間+智能燈光+電動窗簾】:HK$580', '豪華大床房【戴森吹風機+城景浴缸+智能燈+電動窗簾】:HK$639']"
寧波蓮庭美悦酒店（慈城古縣城旅遊景區）,9.7,"['榻榻米房:HK$315', '標準大床房:HK$391', '標準雙床房:HK$391', '高級大床房:HK$446', '高級雙床房:HK$446']"
全季酒店（寧波舟孟北路地鐵站店）,9.7,"['高級大床房:HK$330', '商務大床房:HK$350', '雙床房:HK$350']"
寧波蔓汸居民宿,9.8,"['禪意大床房:HK$497', '禪意雙床房:HK$529', '禪心家庭房:HK$728', '禪心小童房:HK$728']"
