酒店名称,评分,房型价格列表
城市便捷酒店（屯昌明艷店）,8.5,"['標準大床房:HK$146', '標準雙床房:HK$155', '商務大床房:HK$155', '商務雙床房:HK$167']"
屯昌香山雲居酒店,9.6,"['種玉大床房:HK$458', '枕霞雙床房:HK$499', '卧松雲海大床房:HK$622', '倚橋雲海雙床房:HK$663', '泊舟玉宇大床房:HK$704', '畫棋家庭房:HK$868']"
非繁城品酒店（屯昌店）,9.7,"['特色單人間（特價房）:HK$196', '雅緻大床房（小度智能+記憶枕芯）:HK$228', '雅緻雙床房（小度智能+記憶枕芯）:HK$238', '非繁零重力大床房（落地窗帶陽台+零壓房+智能客控）:HK$257']"
屯昌金穗智能賓館,9.0,"['輕奢智能大床房:HK$151', '特惠智能雙床房:HK$151', '高級智能大床房:HK$151', '高級智能雙床房:HK$162']"
屯昌慶業天湖半島旅遊度假村,7.2,"['會所標準間:HK$293', '會所大床房:HK$304', '公寓套房:HK$309', '會所豪華套房:HK$556']"
屯昌杜賓民宿,9.4,"['私享大床房:HK$118', '商務標準間:HK$134', '豪華投影大床:HK$150', '豪華主題投影房:HK$158']"
屯昌金寶萊賓館,8.8,"['舒適雙床房:HK$112', '温馨大床房:HK$112', '娛樂棋牌房:HK$183']"
湘情棲岸智慧酒店（屯昌中心商業廣場店）,9.0,"['悦享陽光大床房:HK$132', '心悦智能大床房:HK$143', '椰城風雅雙床房:HK$143', '盛品智能雙床房:HK$154']"
洪源旅館,9.7,"['豪華大床房:HK$137', '豪華雙床間:HK$151', '豪華大床麻將房:HK$196']"
屯昌龍晨星輝酒店,8.2,"['單人間:HK$138', '雙人房:HK$147', '麻將房:HK$190', '大套房:HK$234']"
屯昌福源商務賓館,8.1,"['好運連連智慧大床房:HK$166', '福氣多多智享雙床房:HK$172', '四季發財麻將智慧雙床房:HK$216']"
屯昌憶家旅租,8.1,"['温馨大床房:HK$113', '精緻雙床房:HK$126', '麻將大床房:HK$145', '4K超清電影大床房【100寸高清電視】:HK$189']"
屯昌戴才旅居店,10.0,"['大床房:HK$140', '標準間:HK$140']"
屯昌鑫泰旅租,9.0,"['舒適大床房:HK$107', '標準雙人間:HK$118', '麻將大床房:HK$129', '豪華標準間:HK$140']"
屯昌雅苑電影賓館,8.2,"['標準大床房:HK$151', '標準雙人間:HK$162', '麻將雙人房:HK$183']"
屯昌元行商務酒店,8.2,"['特惠普通標準間:HK$100', '温馨商務雙床房:HK$102', '温馨商務大床房:HK$109', '輕奢豪華雙床房:HK$118']"
屯昌洪力商務酒店,8.9,"['舒適大床特價房:HK$91', '舒適大床房:HK$104', '舒適雙床房:HK$104', '輕奢大床房:HK$119']"
威斯頓酒店（屯昌中心商業廣場店）,8.1,"['豪華大床房:HK$118', '豪華雙床房:HK$129', '浪漫浴缸情侶房:HK$140', '豪華麻將房:HK$162']"
屯昌海勝大酒店,8.4,"['普通單人間:HK$103', '普通雙人間:HK$104']"
屯城霞山園賓館,5.6,"['小單間:HK$73', '標準雙床房:HK$85', '大單間:HK$85']"
屯昌金海賓館,6.6,"['温馨標間:HK$86', '温馨單間:HK$86']"
屯昌瀧潤大廈,5.2,"['豪華大床房:HK$87', '豪華雙人房:HK$91', '温馨三人間:HK$129', '麻將雙床房:HK$138']"
水雲間MUSEVil民宿,9.1,[]
