酒店名称,评分,房型价格列表
廊坊新朝陽套房假日酒店,9.4,"['高級房大床無煙:HK$404', '高級房雙床無煙:HK$404', '豪華房大床無煙:HK$535', '豪華房雙床無煙:HK$535', '單卧套房無煙:HK$723']"
廊坊富力萬達嘉華酒店,9.2,"['豪華大床房 （浴缸+Acca Kappa洗護品）:HK$447', '豪華雙床房 （浴缸+Acca Kappa洗護品）:HK$447', '酷芽巴啦啦豪華雙床房:HK$485', '酷芽超級飛俠運動豪華雙床房:HK$485', '酷芽超級飛俠星際豪華雙床房:HK$485', '0壓高級豪華大床房 （0壓記憶枕+0壓床墊+浴缸+玄關）:HK$546']"
廊坊新朝陽智選假日酒店,9.4,"['高級房雙床無煙:HK$389', '高級房大床無煙:HK$389']"
廊坊新繹七修酒店,9.5,"['七修雙床房:HK$702', '七修大床房:HK$702', '糖果飛屋親子主題大床房（抽拉小木床丨萌娃帳篷）:HK$733', '糖果飛屋親子主題雙床房（呆萌魚嘴）:HK$733', '糖果STAR星際雙床房:HK$733', '糖果STAR星際大床房（太空艙）:HK$733']"
全季酒店（廊坊北華航天工業學院店）,9.8,"['大床房（智能客控，智能馬桶，品茶辦公）:HK$341', '雙床房:HK$341', '高級大床房（投屏電視，智能馬桶，品茶辦公）:HK$362', '高級雙床房（智能電視，智能馬桶，品茶辦公）:HK$372']"
廊坊和平國際酒店,9.7,"['標準大床房【影視會員SVIP】:HK$319', '標準雙床房【影視會員SVIP 】:HK$319', '雅緻大床房【影視會員SVIP 】:HK$330', '商務雙床房【影視會員SVIP】:HK$340', '商務大床房【影視會員SVIP】:HK$340']"
廊坊高鐵站萬達廣場錦江都城酒店,9.5,"['精緻雙床房:HK$226', '精緻大床房:HK$228', '時尚雙床房:HK$235', '時尚大床房:HK$235']"
維也納酒店（廊坊高鐵站店）,9.6,"['高級大床房:HK$254', '高級雙床房:HK$254', '豪華大床房:HK$281', '豪華雙床房:HK$281']"
漢庭酒店（廊坊安次區萬達廣場店）,9.7,"['大床房:HK$229', '雙床房:HK$249', '高級大床房:HK$258', '家庭房:HK$289']"
全季酒店（廊坊師範學院店）,9.8,"['大床房（電視投屏）:HK$318', '商務大床房（電視投屏）:HK$346', '商務雙床房（電視投屏）:HK$365', '商務套房（電視投屏）:HK$421']"
廊坊遠景智選假日酒店,9.3,"['高級房 大床:HK$188', '高級房 雙床:HK$195', '智享大床房:HK$227', '智享雙床房:HK$227', '高級家庭雙床房:HK$337']"
桔子酒店（廊坊建設北路店）,9.5,"['豪華大床房:HK$249', '商務雙床房:HK$259', '榻榻米大床房:HK$279', '商務大床房:HK$279']"
廊坊新世界酒店,9.6,"['豪華大床房:HK$411', '豪華雙床房:HK$411', '尊貴大床房:HK$521', '尊貴雙床房:HK$521', '行政豪華大床房:HK$575', '行政豪華雙床房:HK$575']"
廊坊藝術大道孔雀城桔子水晶酒店,9.7,"['商務大床房（65寸投屏電視＆絲漣床墊＆徠芬吹風機）:HK$449', '豪華大床房（65寸投屏電視＆絲漣床墊＆徠芬吹風機&超柔浴袍）:HK$462', '商務雙床房（65寸投屏電視＆絲漣床墊＆徠芬吹風機&超柔浴袍）:HK$492', '行政大床房（65寸投屏電視＆絲漣床墊＆徠芬吹風機&超柔浴袍）:HK$553', '家庭房（65寸投屏電視＆絲漣床墊＆徠芬吹風機&超柔浴袍）:HK$573']"
維也納國際酒店（廊坊大興國際機場店）,9.5,"['高級大床房:HK$258', '標準雙床房:HK$258', '商務雙床房:HK$286', '商務大床房:HK$297']"
喆啡酒店（廊坊建設路店）,9.7,"['特惠大床房:HK$323', '醇享雙床房:HK$351', '醇享大床房:HK$351', '啡凡大床房:HK$379']"
廊坊西昌路亞朵酒店,9.7,"['雅緻房:HK$296', '高級雙床房:HK$323', '高級大床房:HK$332', '行政大床房（小冰箱）:HK$349', '行政雙床房（小冰箱）:HK$349']"
廊坊高鐵站亞朵酒店,9.7,"['雅緻大床房【投屏電視】:HK$367', '高級大床房【投屏電視】:HK$385', '高級雙床房【投屏電視】:HK$385', '幾木大床房【深睡枕PRO＋迷你冰箱＋投屏電視＋浴袍】:HK$439', '幾木雙床房【深睡枕PRO＋迷你冰箱＋投屏電視＋浴袍】:HK$457']"
永清五洲皇冠酒店,9.5,"['尚雅大床房:HK$424', '尚雅雙床房:HK$424', '尚品大床房:HK$457', '尚品雙床房:HK$457', '海底小縱隊親子房:HK$577', '小黃鴨親子房:HK$577']"
睿柏·雲酒店（廊坊開發區會展中心店）,9.4,"['經濟大床房（無窗）:HK$133', '標準雙床房:HK$163', '惠選大床房:HK$164', '商務大床房:HK$178']"
星程酒店（廊坊會展中心店）,9.4,"['雙床房:HK$307', '大床房:HK$307', '高級大床房:HK$333', '高級雙床房:HK$343']"
廊坊國際飯店,9.2,"['A座尊享大床房:HK$492', 'B座豪華標準間:HK$634', 'B座豪華大床房:HK$634']"
如家商旅酒店（廊坊師範學院店）,9.4,"['雙床房（全明窗+中央空調）:HK$168', '大床房（簡約舒適+中央空調）:HK$168', '高級大床房（舒適明亮+空間開闊）:HK$211', '高級雙床房（靜謐舒適+中央空調）:HK$211']"
漢庭酒店（廊坊火車站西店）,9.5,"['大床房:HK$217', '高級大床房:HK$246', '特價雙床房:HK$246', '雙床房:HK$255']"
廊坊艾力楓社高爾夫酒店,9.8,"['一居室公寓:HK$509', '小黃鴨親子房:HK$613', '海底小縱隊親子房:HK$613']"
莫泰酒店（廊坊高鐵站新朝陽購物中心店）,9.4,"['商務大床房:HK$151', '雙床房:HK$151', '零壓大床房（夢百合零壓薄墊，夢百合高低枕）:HK$177', '零壓雙床房（夢百合零壓薄墊，夢百合高低枕）:HK$177']"
顏兮換裝影院民宿,9.7,"['北歐ins輕奢觀影房（當貝4k投影+影視會員+一次性床單）:HK$227', '浪漫夏威夷風情大床房（當貝投影+影視會員免費看+一次性床單+）:HK$227', '法式ins投影主題房（當貝4k影院房+一次性床單+影視會員）:HK$231', '日式榻榻米（當貝4k投影+影視會員+一次性床單被套）:HK$241']"
錦江之星（廊坊高鐵站銀河南路店）,9.5,"['商務房C:HK$177', '標準房C:HK$177', '標準間B:HK$185', '商務房B:HK$185']"
漢庭酒店（廊坊會展中心店）,9.6,"['大床房（智能電視）:HK$198', '高級大床房（智能電視）:HK$217', '雙床房（智能電視）:HK$217', '舒壓-高級大床房（記憶枕+舒壓床墊+智能電視）:HK$246']"
如家酒店·neo（廊坊北華航天工業學院店）,9.3,"['大床房A（中央空調+電視可投屏）:HK$117', '大床房（中央空調+電視可投屏）:HK$177', '雙床房（中央空調+電視可投屏）:HK$177', '家庭房（中央空調+電視可投屏）:HK$214']"
格林豪泰酒店（廊坊開發區會展中心店）,9.5,"['大床房:HK$160', '高級大床房:HK$190', '高級雙床房:HK$211', '商務大床房:HK$221']"
鴻盛酒店（中國醫學科學院腫瘤醫院店）,9.8,"['特價大床房:HK$153', '標準大床房:HK$182', '高級大床房:HK$204', '豪華大床房:HK$219']"
漢庭酒店（廊坊北華航天工業學院店）,9.5,"['大床房:HK$217', '高級大床房:HK$236', '雙床房:HK$236']"
維也納智好酒店（廊坊腫瘤醫院國際會展中心店）,9.5,"['標準大床房（智能馬桶）:HK$187', '標準雙床房（智能馬桶）:HK$187', '豪華雙床房（智能馬桶）:HK$262', '豪華大床房（智能馬桶）:HK$271']"
廊坊夢秋Meeting·度假民宿（萬達廣場店）,8.1,"['戀風記·ins主題投影房:HK$193', '聽風驛·清新巨幕投影房:HK$196', '山野間·臻選主題大床房:HK$315', '雲上許·標準雙床房:HK$359']"
廊坊翡翠樺庭情侶主題公寓,8.6,"['雲舒·精選情侶水床房:HK$249', '雲逸·情侶電動圓床房:HK$249', '雲裳·雅緻情侶圓床房:HK$249', '雲雅·情侶主題電動圓床房:HK$249']"
戀家民宿（安次萬達廣場店）,9.6,"['愛的守護投影大床房:HK$140', '丘比特高級電視房:HK$140', '怡情小憩:HK$143', '綺夢宿念投影房:HK$151']"
競族電競酒店（廊坊北華航天工業學院店）,8.4,"['獨享單人電競房[RTX4060+2K180Hz高刷屏+32G高速卡]:HK$166', '兄弟開黑雙排房[RTX4060+2K180Hz高刷屏+32G高速卡]:HK$189']"
豪庭雅居,10.0,['妍妍雅居/精緻二室一廳套房:HK$137']
瑩瑩小築民宿（廊坊安次區萬達廣場店）,9.7,"['清風小築簡約大床房:HK$142', '祕密花園大床投影房:HK$144', '落地窗觀景大床房:HK$144', '温馨暖居投影房:HK$144']"
廊坊美好時光民宿,9.6,"['雅緻大床房:HK$136', '精緻大床房:HK$144', '商務雙床房:HK$152']"
潤澤映山紅酒店,9.2,"['公寓大床房:HK$517', '公寓雙床房:HK$546', '商務大床房:HK$617', '商務雙床房:HK$617', '商務套房:HK$1,119']"
大興機場涵亦雅居,10.0,"['豪華雙床房:HK$198', '百寸投影舒適兩居室:HK$207', '温馨三居室家庭房:HK$268']"
依棧民宿,9.5,"['特惠大床房:HK$110', '簡約大床房:HK$128', '歐式大床房:HK$137']"
廊坊壹加壹民宿,8.7,"['温馨大床房:HK$227', '商務大床房:HK$227', '舒適大床房:HK$227', '標準大床房:HK$271']"
廊坊市安次區愛屋及屋民宿,8.6,"['豪華大床房:HK$195', '標準大床房:HK$195', '舒適大床房:HK$195', '高級大床房:HK$195']"
開盛民宿（廊坊站萬達廣場店）,8.7,"['温馨大床房:HK$118', '休閑觀影大床房:HK$118', '豪華大床房:HK$129']"
廊坊閲家酒店,8.6,"['標準雙床房:HK$128', '舒適大床房:HK$129', '投影主題房:HK$138', '豪華大床房:HK$151']"
廊坊愛小家民宿,6.1,"['獅子城魅力影視房:HK$121', '獅子城CBD投影影視房:HK$149', '雅緻大床房:HK$149', '特色吧枱-影視大床房:HK$153']"
廊坊誠信便民公寓,5.5,"['普通大床房（公共衞浴）:HK$75', '豪華大床房（公共衞浴）:HK$82', '精品大床房（公共衞浴）:HK$86', '標準大床房:HK$96']"
