酒店名称,评分,房型价格列表
劍門關雄關悠谷度假酒店（景區南門店）,9.3,"['棲山逸居雙床房（地暖—中央空調）:HK$359', '望山觀景雙床房（地暖—中央空調）:HK$425', '觀山湯池大床房（地暖—中央空調）:HK$474', '觀山湯池雙床房（地暖—中央空調）:HK$556', '豪華湯池套房（地暖—中央空調）:HK$916']"
悅森·空港大酒店（萬達廣場政務中心店）,9.7,"['靜謐壹號大床房（喜臨門床墊+安睡蕎麥枕+65大屏電視）:HK$412', '環湖全景VIP智能親子房（湖景+智能馬桶+智能小度）:HK$437']"
劍閣劍門關天賜温泉度假酒店,9.1,"['豪華温泉雙床房（天禧樓）:HK$437', '高級温泉大床房（無私湯）（天禧樓）:HK$510', '豪華温泉私湯大床房（天禧樓）:HK$559', '豪華温泉私湯親子房（天禧樓）:HK$631', '豪華温泉私湯花園房（天禧樓）:HK$1,068']"
逸尚東方酒店（萬達奧體中心店）,9.4,"['逸居大床房（智能語音）:HK$286', '逸景雙床房（智能語音）:HK$323', '逸景大床房（智能語音）:HK$323', '逸雅花園雙床房（專享户外庭院）:HK$379', '逸雅花園大床房（專享户外庭院）:HK$379']"
廣元清水灣印象酒店,9.7,"['商務標間:HK$315', '豪華單間:HK$315', '家庭親子房:HK$397', '商務大床房:HK$397', '尊享商務單間:HK$576']"
廣元格瑞酒店（廣元高鐵站店）,9.4,"['格選舒適大床房（智能馬桶+護脊床墊+護頸蕎麥枕+獨享三分離洗手間）:HK$340', '格瑞高級大床房（智能馬桶+護脊床墊+護頸蕎麥枕+獨享三分離洗手間）:HK$356', '格瑞高級雙床房（智能馬桶+護脊床墊+護頸蕎麥枕+獨享三分離洗手間）:HK$380', '瑞選輕奢大床房（智能馬桶+65寸大牌電視+護脊床墊+護頸蕎麥枕）:HK$393', '格瑞精緻套房（獨立會客廳+全屋語音控制+智能馬桶+護脊床墊+護頸蕎麥枕）:HK$483']"
廣元簡愛花園酒店（萬達廣場政務中心店）,9.7,"['輕奢精選飄窗大床房（智能客控+科勒智能馬桶+席夢思護脊床墊）:HK$350', '漫享格調飄窗大床房（智能客控+科勒智能馬桶+席夢思護脊床墊）:HK$365', '輕奢精選飄窗雙床房（智能客控+科勒智能馬桶+席夢思護脊床墊）:HK$365', '樂巢花園私湯大床房（智能客控+科勒智能馬桶+席夢思護脊床墊））:HK$377', '歡享花園露台大床房（專屬花園露台+智能客控+科勒智能馬桶+席夢思護脊床墊）:HK$395']"
劍閣劍門關國際温泉大酒店,9.2,"['高級雙床房:HK$369', '高級大床房:HK$369', '豪華山景雙床房:HK$435', '豪華山景大床房:HK$435', '別緻江景大床房:HK$511', '別緻江景雙床房:HK$511']"
廣元國際大酒店,9.2,"['商務雙床房:HK$301', '商務大床房:HK$319', '城景雙床房:HK$319', '江景大床房:HK$328', '家庭套房:HK$919']"
廣元霖澤卡爾温泉酒店,9.1,"['商務特色房:HK$132', '商務大床房:HK$216', '行政大床房:HK$297', '行政雙床房:HK$308']"
福臨酒店（廣元盤龍機場店）,9.5,"['輕奢城景雙床房:HK$331', '邂逅時光大床房:HK$340', '怡致影院大床房:HK$357', '浪漫詩語圓床房:HK$357', '俯瞰江景大床房:HK$383']"
喆啡酒店（廣元圖騰廣場店）,9.3,"['醇享大床房:HK$330', '醇享雙床房:HK$330', '啡凡大床房:HK$352', '啡凡雙床房:HK$352', '啡凡喆熊大床房:HK$436']"
廣元鳳台國際酒店,9.4,['商務雙床房:HK$369']
蘭歐國際酒店（廣元澳體中心店）,9.6,"['蘭逸·城景高級雙床房（零壓床墊+乾濕分離）:HK$335', '蘭沁·城景豪華大床房（智能客控+小冰箱+零壓床墊）:HK$362', '蘭沁·城景豪華雙床房（喜臨門0壓床墊+乾濕分離）:HK$376', '蘭錦·親子雙床房（全屋智能客控+零壓床墊）:HK$456', '蘭歐X夢幻Hello Kitty親子雙床間 | 小童洗漱+乾濕分區:HK$466']"
納美酒店（廣元高鐵站店）,9.0,"['輕雅雙床房:HK$252', '輕雅觀影房:HK$252', '輕雅大床房:HK$256', '舒雅家庭雙床房:HK$268']"
廣信·君蘭大酒店（萬達廣場政務中心店）,9.3,"['豪華全景雙床房:HK$244', '豪華全景大床房:HK$252', '行政標間:HK$269', '江景豪華大床房[智能]:HK$310', '江景豪華標準間:HK$318']"
梔子酒店（廣元高鐵站店）,8.7,['甄選丨精品大床房【酒店公區自助洗衣房+零壓床墊+靜心閲讀空間】:HK$466']
驛花溢輕奢民宿（昭化古城店）,9.8,"['星語·星空榻榻米房（中央空調、乳膠床墊）:HK$312', '拾花·醉心榻榻米房（中央空調、乳膠床墊）:HK$358', '歸謐·舒心大床房（中央空調、乳膠床墊）:HK$381', '且慢·舒適大床房（中央空調、乳膠床墊）:HK$393']"
瑞爾·潮曼酒店（廣元萬達廣場政務中心店）,9.3,"['潮曼·迷你舒適大床房:HK$213', '潮曼·温馨高級大床房:HK$236', '潮曼·特惠雙床房:HK$237', '潮曼·輕享豪華雙床房:HK$303']"
麗楓酒店（劍門關店）,9.6,"['豪華大床房:HK$269', '商務雙床房:HK$295', '景觀雙床房:HK$329', '純凈自然大床房:HK$375', '景觀大床房:HK$437']"
廣元利州廣場希爾頓歡朋酒店,9.5,"['高級雙床房:HK$505', '高級大床房:HK$505', '歡友房-配親子沙發床:HK$545', '豪華大床房:HK$606', '歡朋套房:HK$708']"
廣元豪庭客棧（昭化古城店）,9.2,"['尋覓三國-古風原宿榻榻米大床房:HK$173', '夢歸古城-簡雅榻榻米大床房:HK$173', '夢歸古城-新中式簡雅陽台雙床房:HK$184', '夢歸古城-簡雅榻榻米親子家庭房:HK$260']"
廣元近悦遠來民宿（昭化古城店）,9.5,"['温馨中式雙床房（金可兒床墊）:HK$243', '新中式舒適大床房（金可兒床墊）:HK$266', '新中式舒適雙床房（金可兒床墊）:HK$266', '新中式舒適家庭房（金可兒床墊）:HK$289']"
廣元富力萬達嘉華酒店,9.3,"['豪華雙床房:HK$430', '高級豪華大床房:HK$475', '高級豪華雙床房:HK$475', '高級豪華河景大床房:HK$528', '行政豪華雙床房:HK$817', '行政豪華大床房:HK$817']"
廣元曾家山芷築温泉度假酒店,9.4,"['樹影園景雙床房（智能客控+金可兒床具+茱莉蔻洗護用品+科勒潔具+高支棉織品+負離子護髮吹風機+泡湯）:HK$1,090', '浮嵐湖景大床房（智能客控+金可兒床具+茱莉蔻洗護用品+科勒潔具+高支棉織品+負離子護髮吹風機+泡湯）:HK$1,151', '浮嵐園景私湯房（智能客控+金可兒床具+茱莉蔻洗護用品+科勒潔具+高支棉織品+負離子護髮吹風機+泡湯）:HK$1,515', '雲棲湖景單卧套房（智能客控+金可兒床具+茱莉蔻洗護用品+科勒潔具+高支棉織品+負離子護髮吹風機+泡湯）:HK$1,515', '雲棲湖景雙卧套房（智能客控+金可兒床具+茱莉蔻洗護用品+科勒潔具+高支棉織品+負離子護髮吹風機+泡湯）:HK$1,879', '雲棲湖畔別院（智能客控+金可兒床具+茱莉蔻洗護用品+科勒潔具+高支棉織品+負離子護髮吹風機+泡湯）:HK$2,662']"
全季酒店（廣元萬達廣場店）,9.5,"['大床房:HK$334', '高級大床房:HK$353', '豪華大床房:HK$373', '高級雙床房:HK$373']"
金輝印象酒店（廣元萬達廣場政務中心店）,9.2,"['靜心大床房（乳膠床墊+深眠蕎麥枕）:HK$208', '夢幻圓床房（乳膠床墊+深眠蕎麥枕+室內浴缸）:HK$244', '雅居大床房（乳膠床墊+深眠蕎麥枕）:HK$267', '雅居雙床房（乳膠床墊+深眠蕎麥枕）:HK$267', '雅楓雙床房（乳膠床墊+深眠蕎麥枕）:HK$290']"
葭萌驛酒店（昭化古城店）,9.2,"['景觀大床房:HK$397', '景觀雙床房:HK$407', '兩室一廳豪華套房:HK$685', '豪華大床套房:HK$824']"
陸壹·時光酒店（廣元高鐵站店）,9.1,"['優選|輕居大床房（4k液晶電視+親膚床品+零壓床墊）:HK$163', '優選|輕居雙床房（4k液晶電視+親膚床品+零壓床墊）:HK$175', '輕奢|豪華大床房（辦公桌椅+4k液晶電視+零壓床墊）:HK$187', '輕奢|豪華雙床房（辦公座椅+親膚床品+零壓床墊）:HK$199']"
華運精選酒店（廣元高鐵站圖騰廣場店）,9.4,"['INS|優享單人房:HK$195', '華運|智選大床房:HK$217', '憶時光|悦享大床房:HK$238', '壹華里|臻享大床房:HK$259']"
廣元濱江國際酒店（廣元萬達南河濕地公園店）,8.9,"['温馨大床房（落地窗+零壓床墊）:HK$226', '商務單間（落地窗+零壓床墊）:HK$253', '商務標間（落地窗+零壓床墊）:HK$253', '豪華標間（落地窗+零壓床墊）:HK$301']"
劍閣濛朵小舍獨棟別墅,9.4,"['地中海風情房:HK$333', '大星空房:HK$668']"
廣元清楓民宿（萬達廣場萬達中學店）,9.7,"['豪華標準間:HK$225', '豪華大床房（智能馬桶帶機麻）:HK$237', '豪華家庭套房:HK$464']"
致和·見山酒店（寶輪希望城店）,9.6,"['見山·沐熙大床房（靜享空間+親膚純棉四件套）:HK$206', '見山·雅緻大床房『品牌傢俱+千兆WIFI+舒適記憶枕』:HK$217', '見山·意和雙人房『潔凈温馨+乳膠床具+輕盈好夢』:HK$217', '致和·星曌雙人房『百寸巨幕投影+光影藝術裝置』:HK$217']"
盛世明月大酒店,9.0,"['智能·輕奢大床房:HK$238', '智能·臻享精選雙床房:HK$260', '智能·精緻大床房:HK$293', '智能·臻享高級雙床房:HK$315']"
雲海大酒店（廣元高鐵站店）,9.2,"['雅緻大床房:HK$179', '高級大床房:HK$187', '雅緻雙床房:HK$187', '高級雙床房:HK$195']"
劍閣蜀門客棧,8.7,"['普通單間:HK$202', '特惠雙床房:HK$202', '普通標間:HK$202', '豪華單間:HK$221']"
雲著國際大酒店,9.5,"['商務雙床房【智能馬桶+智能客控】:HK$336', '商務大床房【智能馬桶+智能客控】:HK$336', '豪華景觀大床房【智能馬桶+智能客控】:HK$391', '豪華景觀雙床房【智能馬桶+智能客控】:HK$391', '豪華江景大床房【智能馬桶+智能客控】:HK$424', '豪華江景雙床房【智能馬桶+智能客控】:HK$424']"
劍閣蒂霏温泉酒店,9.2,"['特價 · 一米陽光大床房-庭院景:HK$148', '特價 · 靜雅歡悦大床房（長沙發）:HK$148', '潔凈・普通雙床房:HK$155', '潔凈・普通大床房（靜謐）:HK$155']"
劍閣青檸小舍（劍門關景區南門店）,9.5,"['豪華雙床房:HK$180', '豪華大床房:HK$191', '豪華觀景雙床房:HK$245', '温馨親子房:HK$245']"
廣元天成大酒店,9.3,"['尊貴豪華雙床房:HK$477', '尊貴豪華大床房:HK$478', '行政豪華大床房:HK$588', '行政豪華雙床房:HK$588', '豪華家庭房:HK$588', '行政江景雙床房:HK$685']"
如家商旅酒店（廣元圖騰春天廣場店）,9.3,"['商務大床房:HK$238', '高級大床房:HK$267', '高級雙床房:HK$275', '景觀大床房:HK$294']"
南山牧雲谷民宿,9.7,"['雲隱雙床房（暖氣）:HK$195', '特色古風大床房:HK$258', '定園大床房:HK$282', '雲端圓床房:HK$282']"
遇見暖居民宿,9.4,"['高級雙床房:HK$200', '豪華大床房:HK$210', '冰箱洗衣機大床房:HK$219']"
格林豪泰（廣元高鐵站店）,9.1,"['1.5米大床房:HK$175', '雙床房:HK$186', '1.8米高級大床房:HK$196', '高級雙床間:HK$206']"
白玉蘭酒店（廣元南河汽車站北京路店）,9.5,"['輕雅雙床房:HK$222', '舒雅雙床房:HK$232', '輕雅大床房:HK$234', '舒雅大床房:HK$258']"
天澤酒店（廣元高鐵站圖騰廣場店）,9.1,"['優選觀景大床房（中央空調+落地窗+城市景觀）:HK$132', '精選雅緻大床房（中央空調+電動窗簾+雙面睡感床墊）:HK$145', '甄選輕奢大床房（中央空調+雙面睡感床墊+輕奢皮沙發）:HK$153', '舒享豪華雙床房（落地窗+中央空調+雙面睡感護脊床墊）:HK$160']"
青川山水酒店,9.5,"['雅緻大床房:HK$234', '智享雙床房:HK$234', '樂享大床房:HK$273', '輕奢悦享大床房:HK$294']"
廣元嘉年華酒店（萬達廣場店）,9.2,"['【典雅】內景時尚大床房慕思寢具+智能客控+舒適好眠:HK$234', '【觀景】閲雲時尚大床房 慕思寢具+智能客控+舒適好眠:HK$244', '【江景】閲江時尚大床房慕思寢具+智能客控+舒適好眠:HK$254', '【山景】閲山時尚大床房慕思寢具+智能客控+舒適好眠:HK$263']"
劍閣阡陌裏劍山居,9.4,"['觀山豪華大床房:HK$726', '望崖豪華大床房:HK$1,021', '阡陌豪華套房:HK$1,317']"
