酒店名称,评分,房型价格列表
張掖璞悅酒店（高鐵西站店）,9.5,"['豪華雅緻大床房:HK$970', '豪華雅緻雙床房:HK$970', '尊享行政大床:HK$1,249', '尊享行政雙床房:HK$1,249', '尊享行政親子房:HK$1,430']"
張掖君頤臻品酒店（甘州市場店）,9.1,"['尊享影音大床房（超大投影）:HK$316', '尊享影音雙床房（超大投影）:HK$316', '臻品雙床房:HK$371', '臻品大床房:HK$371', '豪華雙床房:HK$483']"
張掖潤湖假日酒店,9.8,"['精選雙床房:HK$642', '精選大床房:HK$653', '悦逸雙床房（空氣凈化器+小冰箱）:HK$701', '悦享雙床房（膠囊coffee機+小冰箱+徠芬03）:HK$729', '悦動魔鏡運動房（FITURE魔鏡+膠囊coffee機）:HK$758']"
嘉泰酒店（張掖鐘鼓樓甘州市場店）,8.8,"['舒適雙床房（一次性馬桶墊+書桌休閑椅）:HK$278', '高級雙床房（一次性馬桶墊+大空間）:HK$294', '特大床·舒適零壓大床房（全新零壓床+一次性馬桶墊）:HK$294', '特大床·高級零壓大床房（高端零壓床墊+大空間）:HK$311']"
張掖旭洲酒店（鐘鼓樓大佛寺店）,9.1,"['特惠·舒適單人間（小空間+一次性馬桶墊）:HK$245', '舒適雙床房（一次性馬桶墊+書桌休閑椅）:HK$251', '豪華大床房（一次性馬桶墊）:HK$251', '高級雙床房（大空間+書桌休閑椅）:HK$267']"
如家酒店·neo（張掖大佛寺明清街店）,9.6,"['大床房（全屋明窗+55寸智能電視投屏）:HK$350', '商務大床房（全屋明窗+55寸智能電視投屏）:HK$367', '雙床房（全屋明窗+55寸智能電視投屏）:HK$375', '高級大床房（全屋明窗+55寸智能電視投屏）:HK$392']"
桔子酒店（張掖西站店）,9.6,"['高級大床房（全屋智能+小冰箱+金可兒床墊）:HK$413', '商務大床房（全屋智能+商務辦公+金可兒床墊）:HK$452', '高級雙床房（全屋智能+金可兒床墊+舒適安睡）:HK$492', '家庭親子房（金可兒床墊+全屋智能+舒適安睡）:HK$531']"
藝龍瑞雲酒店（張掖西站鐘鼓樓店）,9.6,"['智享觀影雙床房+智能客控+巨幕影視會員+零壓枕+加濕器:HK$432', '臻享觀影大床房+智能客控+巨幕影視會員+零壓枕+加濕器:HK$432', '樂享親子房+智能客控+高端床墊零壓枕+加濕器+智能馬桶:HK$458', '瑞享觀影大床房+智能客控+巨幕影視會員+零壓枕+加濕器:HK$458']"
漢庭酒店（張掖西站店）,9.7,"['舒壓高級大床房【金可兒床墊+電視投屏+加濕器】:HK$512', '舒壓高級雙床房【金可兒床墊+電視投屏+加濕器】:HK$632', '舒壓-高級家庭房【金可兒床墊+小冰箱+小童牙具+舒適】:HK$793', '套房【金可兒床墊+電視投屏+會客廳+小冰箱+加濕器】:HK$934']"
望山國際大酒店（張掖西站店）,9.7,"['望山·雅緻雙床房:HK$949', '望山·温馨大床房:HK$949', '望山·尊享大床房:HK$1,193', '望山·輕奢雙床房:HK$1,210', '望山·尊享親子房:HK$1,499', '望山·Loft親子房:HK$1,819']"
絲路美華酒店（張掖市政府店）,9.3,"['温馨大床房（零壓深睡眠 靜音加濕器）:HK$275', '驚喜大床房（零壓深睡眠 靜音加濕器）:HK$275', '輕奢大床房（零壓深睡眠 靜音加濕器）:HK$298', '舒適大床房（零壓深睡眠+靜音加濕器）:HK$319']"
張掖高鐵西站希爾頓歡朋酒店,9.7,"['舒適房-大床（舒達床墊+新風系統+智能客控）:HK$774', '高級房-大床（舒達床墊+新風系統+智能客控）:HK$883', '高級房-雙床（舒達床墊+新風系統+智能客控）:HK$902', '豪華房-大床（舒達床墊+新風系統+智能客控）:HK$928', '豪華親子房-大床（舒達床墊+新風系統+親子沙發床）:HK$950']"
張掖御景國際酒店,9.5,"['玲瓏大床房:HK$386', '靜謐雙床房:HK$386', '豪華觀景大床房（法恩莎衞浴+落地窗）:HK$437', '豪華觀景雙床房（法恩莎衞浴+落地窗）:HK$437', '豪華行政大床房（雙洗漱台+浴缸+落地窗）:HK$571']"
駿怡精選連鎖酒店（張掖高鐵西站店）,9.1,"['精選高級大床房:HK$217', '尊享大床房:HK$223', '精選高級雙床房:HK$230', '尊享雙床房:HK$236']"
北辰酒店（張掖西站鐘鼓樓店）,9.3,"['雅緻標準間:HK$436', '觀景標準間:HK$461', '典雅大床房:HK$474', '靜雅豪華標準間:HK$497']"
途客尚鄰酒店（張掖高鐵西站店）,9.4,"['鋭尊大床房（電動窗簾+天窗觀星）:HK$280', '鋭奢雙床房（釋壓床墊+臨窗觀景）:HK$298', '鋭選大床房（釋壓床墊+臨窗觀景）:HK$298', '鋭享大床房（釋壓床墊+臨窗觀景）:HK$307']"
張掖丹霞大酒店,9.1,"['普通標間（無窗）:HK$269', '普通大床（無窗）:HK$269', '豪華標間:HK$351', '豪華單間:HK$351', '家庭房:HK$482']"
煙雨小墅,9.8,"['（初見）標準雙床房:HK$216', '（覓知）觀影親子房:HK$271', '隱世小院（整棟）:HK$2,053']"
隱山小築,9.6,"['隱山【春居】大床房:HK$293', '【祁連】小築特惠投影雙床房:HK$328', '【合黎】小築特色投影大床房:HK$328', '【焉支】小築豪華投影雙床房:HK$358']"
張掖智選假日酒店,9.2,"['高級房雙床:HK$362', '高級房大床:HK$362', '高級房雙床城市景觀:HK$492', '高級房大床城市景觀:HK$492', '高級房親子小童主題:HK$586']"
張掖金豪假日酒店（張掖西站鐘鼓樓店）,9.1,"['金翎·雲鏡雙床房（零壓床墊+智能客控+靜音加濕器）:HK$399', '金翎 ·雲鏡大床房（零壓床墊+智能客控+靜音加濕器）:HK$412', '鎏金·雲棲雙床房（零壓床墊+智能客控+靜音加濕器）:HK$435', '鎏金·雲棲大床房（零壓床墊+智能客控+靜音加濕器）:HK$435']"
張掖臨澤丹霞灣田園酒店,9.1,"['繽紛田園大床房:HK$549', '繽紛田園雙人房:HK$585', '田園·山景大床房【智能客控】:HK$596', '田園·湖景大床房【智能客控】:HK$596', '田園·彩山雙人房【智能客控】:HK$618']"
天潤金座酒店（張掖高鐵西站店）,9.1,"['樂享雙床房:HK$284', '舒享雙床房:HK$322', '舒享大床房:HK$353', '舒享三床房:HK$436']"
漢庭酒店（張掖市政府大佛寺店）,9.5,"['高級大床房（外景窗+金可兒床墊）:HK$349', '雙床房（外景窗+金可兒床墊）:HK$444', '家庭房（外景窗+金可兒床墊）:HK$538', '套房（外景窗+金可兒床墊）:HK$586']"
絲路陽光國際酒店（張掖高鐵站店）,9.6,"['行政標準間:HK$629', '奢華標準間:HK$806', '行政大床房:HK$843', '奢華大床房:HK$898', '奢華親子房:HK$917']"
張掖一然客棧,10.0,"['夏安豪華大床房:HK$293', '春祺精緻大床房:HK$293', '秋綏温馨大床房:HK$314', '花朝家庭親子房:HK$533']"
海友酒店（張掖鐘鼓樓明清街店）,9.6,"['大床房（景觀窗+喜臨門床墊）:HK$292', '高級大床間（外景窗+喜臨門床墊）:HK$330', '雙床房（景觀窗+喜臨門床墊）:HK$369', '高級雙床房（外景窗+喜臨門床墊）:HK$406']"
漢庭酒店（張掖市政府店）,9.8,"['舒壓-高級大床房【商務辦公+舒適安睡+金可兒床墊】:HK$491', '舒壓-雙床房【金可兒床墊+加濕器+安靜舒適】:HK$572', '舒壓-家庭房【小童牙具拖鞋+加濕器+金可兒床墊】:HK$673']"
聚緣居客棧,9.5,"['舒適標準間:HK$119', '舒適大床房:HK$119', '温馨親子間:HK$156', '豪華親子間:HK$156']"
公航旅·丹霞明珠酒店（張掖七彩丹霞景區店）,9.4,"['豪華雙床房:HK$1,271', '豪華大床房:HK$1,271', '無障礙房:HK$1,271', '豪華家庭房:HK$1,441', '明珠童趣親子房:HK$1,526']"
張掖祁連尚境民宿,9.9,"['尚義温馨大床房:HK$304', '尚禮温馨大床房:HK$304', '尚智温馨雙床房:HK$314', '尚信商務雙床房:HK$342']"
千璽絲路國際酒店（張掖西站店）,9.1,"['舒適大床房:HK$599', '超大床房:HK$599', '舒適城景雙床房:HK$599', '行政城景雙床房:HK$642', '行政城景大床房:HK$642']"
張掖金陽國際飯店,9.3,"['靜謐絲路大床房:HK$365', '靜謐絲路雙床房:HK$365', '豪華絲路雙床房:HK$426', '豪華絲路大床房:HK$426', '尊享影音雙床房:HK$451']"
蘆水灣度假酒店（張掖國家濕地公園店）,9.2,"['靜謐雅居雙床房【零壓床枕+智能馬桶】:HK$194', '靜謐雅居大床房【零壓床枕+智能馬桶】:HK$218', '霞歸雅居大床房【通透採光+零壓床枕+智能馬桶】:HK$291', '霞歸雅居雙床房【通透採光+零壓床枕+智能馬桶】:HK$299']"
張掖絲路行者青年旅舍,9.7,"['普通間（公共衞浴）:HK$138', '標準間:HK$152', '大床房:HK$152', '標準三人間:HK$208']"
府城四合院,9.9,"['雙床房（蒙古族）:HK$738', '雙床房（堂屋）:HK$738', '雙床房（張掖老屋）:HK$738', '雙床房（法國老屋）:HK$738']"
張掖賓館,9.4,"['豪華園景標間:HK$642', '豪華園景單間:HK$756']"
張掖尚景假日酒店（高鐵站店）,9.5,"['惠致大床房:HK$456', '印象尚景大床房（全屋智能客控+高端床墊+智能馬桶+睡到自然醒）:HK$496', '棲遲尚景大床房（全屋智能客控+智能馬桶+高端床墊+睡到自然醒）:HK$536', '風雲行政套房（全屋智能客控+智能馬桶+高端床墊+全景浴缸）:HK$575', '月光谷行政套房（全屋智能客控+智能馬桶+高端床墊+全景浴缸）:HK$693']"
7天酒店（張掖高鐵西站店）,9.6,"['新7天自在大床房:HK$346', '新7天舒適大床房:HK$365', '新7天舒適雙床房:HK$365', '新7天影趣大床房:HK$373']"
絲路瑞華酒店（張掖西高鐵站店）,9.2,"['絲路芳華智能雙床房（全屋智能客控+靜音加濕器+高端床墊）:HK$327', '絲路芳華智能大床房（全屋智能客控+靜音加濕器+高端床墊）:HK$341', '絲路瑞華智能雙床房（全屋智能客控+靜音加濕器+高端床墊）:HK$439', '絲路瑞華智能大床房（全屋智能客控+靜音加濕器+高端床墊）:HK$453', '絲路瑞華智能三人間（全屋智能客控+靜音加濕器+高端床墊）:HK$551']"
凱藝酒店（張掖西站店）,9.2,"['高級雙床房:HK$384', '高級大床房:HK$405', '豪華雙床房:HK$419', '豪華大床房:HK$454']"
泓亭國際酒店（張掖西站鐘鼓樓店）,8.7,"['時光長廊尊享套間（乾濕分離衞浴+通透會客區）:HK$214', '都市特惠暢享房（靜音冰箱+乾濕分離衞浴空間）:HK$236', '雲端舒適大床房（獨立空調+加濕休憩空間）:HK$258', '萌趣家庭親子屋（親子互動區+獨立休憩空間）:HK$307']"
全季酒店（張掖西站店）,9.7,"['高級大床房（舒適安睡+智能馬桶+金可兒床墊）:HK$413', '舒壓高級大床房（舒適安睡+天然乳膠枕+金可兒床墊）:HK$472', '雙床房（舒適安睡+智能馬桶+金可兒床墊）:HK$501', '舒壓雙床房（金可兒床墊+舒適安睡+天然乳膠枕）:HK$541']"
喜來合院民宿,9.9,"['春祺·大床房:HK$221', '如意·大床房:HK$241', '夏安·大床房:HK$241', '喜樂·雙床房:HK$251']"
集方里民宿（張掖西站店）,9.6,"['得歡·精品園景雙床房:HK$388', '顧山·精品園景大床房:HK$388', '息庭 · 尊貴園景雙床房:HK$438', '西窗·尊貴園景大床房:HK$438']"
張掖華辰國際大酒店,9.6,"['商務大床房+TOTO衞浴:HK$654', '濕地觀景標間+TOTO衞浴:HK$654', '雪山觀景標間+TOTO衞浴+落地窗:HK$669', '商務會客房+TOTO衞浴+會客區:HK$676', '零壓標間+夢百合床品+TOTO衞浴:HK$687']"
如家精選酒店（張掖高鐵西站店）,9.6,"['商務大床房（全屋明窗+55寸智能電視投屏）:HK$424', '雙床房（全屋明窗+55寸智能電視投屏）:HK$441', '高級大床房（全屋明窗+65寸智能電視投屏）:HK$458', '高級雙床房（全屋明窗+65寸智能電視投屏）:HK$476']"
和宅無人酒店,9.3,"['特惠大床房:HK$223', '優享大床房:HK$287', '舒適大床房:HK$351', '尊享雙床房:HK$367']"
鑫享家民宿,9.4,"['鑫享家·紫苑:HK$294', '鑫享家·千山:HK$316', '鑫享家·泊雲:HK$316', '鑫享家·啟航:HK$316']"
張掖尚景國際酒店（鐘鼓樓店）,9.0,"['印象尚景雙床房:HK$447', '雅緻雙床家庭房:HK$481', '印象尚景大床房:HK$524', '雲瀾主題親子房:HK$647', '風雲行政套房:HK$710']"
