酒店名称,评分,房型价格列表
怡程酒店（徐州蘇寧廣場店）,9.7,"['智能標準大床房（高清投屏+mini冰箱+全智能客控）:HK$487', '智能高級大床房（65寸高清投屏+mini冰箱+全智能客控）:HK$519', '智能高級雙床房（65寸高清投屏+全智能客控+mini冰箱）:HK$551', '城景豪華大床房（65寸高清投屏+浪漫城景+mini冰箱）:HK$582', '影院豪華大床房（巨幕影音+私人浴缸+mini冰箱）:HK$614']"
徐州户部山和平路亞朵酒店,9.8,"['高級大床房（深睡床品+65寸高清投屏+mini冰箱）:HK$403', '行政大床房（深睡床品+65寸高清投屏+mini冰箱）:HK$421', '行政城景大床房（深睡床品+65寸高清投屏+mini冰箱）:HK$439', '高級雙床房（深睡床品+65寸高清投屏+mini冰箱）:HK$457', '尊享大床房（深睡床品+65寸高清投屏+mini冰箱）:HK$457']"
徐州市中心喬治莫蘭迪酒店,9.3,"['高級大床房（智能客控+舒適零壓力枕）:HK$346', '商務大床房（智能客控+舒適零壓力枕）:HK$374', '商務雙床房（智能客控+舒適零壓力枕）:HK$374', '豪華大床房（智能客控+舒適零壓力枕）:HK$404', '尊享大床房（智能客控+舒適零壓力枕）:HK$432']"
維也納酒店（徐州淮海戰役紀念塔店）,9.5,"['高級大床房:HK$248', '高級雙床房（智能馬桶）:HK$274', '豪華大床房（智能馬桶）:HK$327', '豪華雙床房（智能馬桶）:HK$334']"
徐州伯爵世家酒店（雲龍湖景區店）,9.7,"['精選大床房（超大落地窗+智能馬桶）:HK$340', '精選雙床房（超大落地窗+智能馬桶）:HK$340', '高級大床房（超大落地窗+智能馬桶+記憶枕）:HK$363', '高級雙床房（超大落地窗+智能馬桶+記憶枕）:HK$363', 'RTX4070大床房（4070顯卡+迷你冰箱+智能馬桶）:HK$365']"
徐州雲龍湖礦業大學亞朵酒店,9.6,"['高級大床房:HK$385', '高級雙床房:HK$385', '行政大床房:HK$421', '行政雙床房:HK$421', '幾木雙床房:HK$457']"
徐州建國東路蘇寧廣場亞朵酒店,9.6,"['高級大床房:HK$376', '高級雙床房:HK$376', '行政雙床房（負離子助眠+裸棉床品+MiNi吧）:HK$421', '行政大床房（負離子助眠+裸棉床品+MiNi吧）:HK$421', '行政城景大床房:HK$466']"
徐州新淮中心希爾頓歡朋酒店,9.7,"['舒適-大床房:HK$470', '舒適-雙床房:HK$470', '高級-大床房:HK$500', '高級-雙床房:HK$500', '荷里活房-超大床:HK$500']"
徐州雲龍萬達廣場亞朵酒店,9.7,"['高級大床房:HK$385', '高級雙床房:HK$385', '行政大床房:HK$439', '行政雙床房:HK$439', '行政城景大床房:HK$529']"
徐州彭城飯店,9.5,"['城景大床房:HK$542', '高級雙床間:HK$588', '園景大床房（庭院景觀）:HK$604', '園景雙床間（庭院景觀）:HK$619', '商務大床房:HK$726']"
徐州彭城廣場淮海西路亞朵酒店,9.6,"['高級大床房（65寸高清投屏+裸棉床品）:HK$367', '高級雙床房（65寸高清投屏+裸棉床品）:HK$385', '行政大床房（65寸高清投屏+裸棉床品+mini冰箱）:HK$412', '行政雙床房（65寸高清投屏+裸棉床品+mini冰箱）:HK$430', '幾木大床房（65寸高清投屏+裸棉床品+mini冰箱）:HK$457']"
徐州淮海鬱錦香酒店,9.7,"['妙趣雅緻大床房:HK$381', '妙趣愉夢雙床房:HK$381', '趣享陽光雙床房:HK$430', '趣享湖景大床房:HK$430', '温馨家庭房:HK$737']"
徐州雲龍希爾頓惠庭酒店,10.0,"['靈動雙床房（膠囊coffee機+小冰箱+掛燙機+無線充）:HK$468', '靈動大床房（膠囊coffee機+小冰箱+掛燙機+無線充）:HK$476', '靈動高級雙床房（膠囊coffee機+小冰箱+掛燙機+無線充）:HK$492', '靈動高級大床房（膠囊coffee機+小冰箱+掛燙機+沙發床）:HK$500', '靈動豪華雙床房（膠囊coffee機+小冰箱+掛燙機+無線充）:HK$516']"
徐州喜來登酒店,9.6,"['豪華大床房:HK$829', '豪華雙床房:HK$829', '尊貴大床房:HK$938', '尊貴雙床房:HK$938', '行政大床房:HK$1,156', '行政雙床房:HK$1,156']"
徐州雲龍湖途家盛捷酒店,9.3,"['精品大床房-配小冰箱·可提供廚房用品:HK$296', '精品雙床房-房內配小冰箱:HK$305', '氧吧安睡雙床房:HK$315', '氧吧安睡大床房:HK$315', '高級雙床房-配小冰箱:HK$326']"
徐州彭城廣場民主南路輕居酒店,9.8,"['高級雙床房（55寸高清投屏+深睡床品）:HK$457', '舒適大床房（55寸高清投屏+裸棉床品+智能馬桶）:HK$502', '標準大床房（55寸高清投屏+裸棉床品+智能馬桶）:HK$529', '精選大床房（55寸高清投屏+裸棉床品+智能馬桶）:HK$566', '高級大床房（55寸高清投屏+深睡床品）:HK$610']"
徐州環球港高鐵站亞朵酒店,9.6,"['高級大床房:HK$367', '高級雙床房:HK$367', '行政大床房:HK$403', '行政雙床房:HK$403', '幾木大床房:HK$475']"
徐州雅高瑞享酒店,9.5,"['瑞享豪華大床房（智能客控+俯瞰城市景觀+智能馬桶）:HK$468', '瑞享豪華雙床房（智能客控+俯瞰城市景觀+智能馬桶）:HK$468', '瑞享行政大床房（智能客控+甜夢之床）:HK$686', '瑞享行政雙床房（智能客控+甜夢之床）:HK$686', '瑞享豪華親子雙床房（智能客控+智能馬桶+金可兒床墊）:HK$719', '瑞享行政套房（智能客控+戴森吹風機+膠囊coffee機）:HK$1,211']"
錦江都城酒店（徐州高鐵站金龍湖地鐵站店）,9.5,"['精緻商務房——訂製冰箱+深睡床墊+高清投屏:HK$294', '風雅商務房——定製冰箱+深睡床品+高清投屏:HK$338', '精緻雙床房——大空間+訂製冰箱+智能馬桶+空氣凈化器:HK$414', '都會雙床房--大窗觀景+訂製冰箱+智能馬桶+空氣凈化器:HK$414', '都會商務房——大空間+智能馬桶+訂製冰箱+空氣凈化器:HK$414']"
徐州回龍窩花間府·伴雲亭,9.7,"['雲影大床房:HK$646', '雲籬大床房:HK$720', '雲池豪華大床房:HK$905', '雲棲雙床房:HK$969', '雲澗豪華雙床房:HK$1,062']"
全季酒店（徐州户部山地鐵站店）,9.7,"['大床房（65寸電視+金可兒床墊）:HK$407', '高級大床房（mini冰箱+65寸電視+金可兒床墊）:HK$435', '雙床房（65寸電視+金可兒床墊）:HK$435', '商務大床房（mini冰箱+65寸電視+記憶棉床品）:HK$464']"
徐州雲龍湖麗芮酒店,9.6,"['芮享高級大床房（戴森吹風機+舒達床品）:HK$421', '芮享豪華大床房（戴森吹風機+舒達床品）:HK$454', '芮享高級雙床房（戴森吹風機+舒達床品）:HK$487', '芮享豪華雙床房（戴森吹風機+舒達床品）:HK$519', '芮享商務雙床房（戴森吹風機+舒達床品）:HK$553']"
徐州雲龍山希爾頓歡朋酒店,9.3,"['舒適大床房:HK$501', '高級大床房:HK$533', '舒適雙床房:HK$533', '豪華大床房:HK$566', '高級雙床房:HK$566']"
徐州東站雲龍萬達桔子水晶酒店,9.8,"['高級大床房（親膚布草+迷你冰箱+智能馬桶）:HK$442', '豪華雙床房（徠芬吹風機+迷你冰箱+智能馬桶）:HK$482', '商務大床房（徠芬吹風機+夜景動人+智能馬桶）:HK$503', '豪華大床房（徠芬吹風機+迷你冰箱+城景）:HK$532', '家庭房（超大床+徠芬吹風機+智能馬桶）:HK$733']"
徐州開元迎賓館大酒店,9.6,"['開元大床房:HK$566', '開元雙床房:HK$566', '開元家庭套房:HK$905']"
徐州綠地鉑瑞酒店,9.6,"['豪華露台園景雙床房:HK$828', '豪華露台園景大床房:HK$829', '豪華露台湖景雙床房:HK$937', '豪華露台湖景大床房:HK$937', '行政露台園景大床房:HK$1,157', '行政露台園景雙床房:HK$1,157']"
徐州漢園賓館,9.3,"['標準大床房:HK$409', '豪華大床房:HK$432', '標準雙床房:HK$432', '豪華雙床房:HK$454', '豪華深睡大床房:HK$497']"
徐州蘇寧銀河國際酒店,9.4,"['城景大床房:HK$1,026', '城景雙床房:HK$1,026', '豪華城景大床房:HK$1,244', '豪華城景雙床房:HK$1,244', '行政城景雙床房:HK$1,464', '行政城景大床房:HK$1,464']"
徐州創拓奧梵礦業大學亞朵酒店,9.5,"['城景|高級大床房（電視投屏+深睡床墊+小冰箱）:HK$367', '城景|高級雙床房（65寸高清電視+深睡床墊+小冰箱）:HK$376', '行政大床房（負離子助眠+深睡裸棉+陽光房）:HK$385', '行政雙床房（負離子助眠+迷你小冰箱+陽光房）:HK$394', '幾木大床房（空氣凈化器+深睡床品+落地窗）:HK$421']"
徐州雲龍湖景區開元名庭酒店,9.5,"['名成高級大床房-小泰山山景（迷你冰箱-智能馬桶）:HK$414', '名成高級雙床房-小泰山山景（迷你冰箱-智能馬桶）:HK$447', '名成豪華大床房 --小泰山山景（迷你冰箱-智能馬桶）:HK$480', '名成豪華雙床房-小泰山山景（迷你冰箱-智能馬桶）:HK$513', '名成行政大床房-（智能馬桶+迷你冰箱）:HK$589']"
徐州伊敦康得思酒店,9.6,"['高級大床房:HK$579', '高級雙床房:HK$579', '豪華湖景大床房:HK$673', '豪華湖景雙床房:HK$673', '行政城景大床房:HK$720', '行政城景雙床房:HK$720']"
全季酒店（徐州雲龍湖風景區湖北路店）,9.7,"['高級大床房:HK$296', '商務大床房:HK$354', '景觀大床房:HK$403', '高級雙床房:HK$433']"
徐州淮海路希爾頓歡朋酒店,9.5,"['舒適雙床房:HK$471', '高級大床房:HK$519', '高級雙床房:HK$519', '豪華大床房:HK$539', '歡朋套房:HK$770']"
全季酒店（徐州户部山和平路店）,9.8,"['大床房（mini冰箱+65寸投屏+金可兒床墊）:HK$483', '高級大床房（mini冰箱+65寸投屏+金可兒床墊）:HK$502', '豪華大床房（mini冰箱+65寸投屏+金可兒床墊）:HK$522', '高級雙床房（mini冰箱+65寸投屏+金可兒床墊）:HK$532']"
徐州寶信君瀾度假酒店,9.3,"['商務大床房:HK$470', '商務雙床房:HK$470', '豪華大床房:HK$603', '豪華雙床房:HK$603', '庭院大床房:HK$787', '庭院雙床房:HK$798']"
徐州雲龍湖珠山景區亞朵酒店,9.7,"['高級大床房:HK$412', '高級雙床房:HK$430', '行政大床房:HK$548', '行政雙床房:HK$610', '幾木親子套房:HK$817']"
徐州雲龍希爾頓花園酒店,9.6,"['花園雙床房:HK$423', '花園大床房:HK$444', '花園無障礙房:HK$444', '花園高級雙床房:HK$485', '花園高級大床房:HK$507']"
徐州開元名都大酒店,9.6,"['高級雙床房:HK$686', '高級大床房:HK$686', '豪華雙床房:HK$741', '豪華大床房:HK$741', '行政大床房:HK$796', '豪華湖景大床房:HK$916']"
徐州馨樂庭雲龍湖酒店,9.5,"['精緻大床房-配冰箱+微波爐:HK$436', '精緻雙床房-配冰箱+微波爐:HK$436', '氧吧安睡大床房【森林般呼吸+嬰兒般睡眠】:HK$457', '氧吧安睡雙床房【森林般呼吸+嬰兒般睡眠】:HK$457', '温馨豪華套房-高端廚具家電+洗烘一體機+開放式廚房:HK$632']"
花築·喜客民宿（徐州市中心蘇寧廣場店）,9.4,"['文廟小景房【花園景觀】高端衞浴+全屋智能:HK$463', '蘇寧小景房【觀景陽台】雙人沙發+舒適躺椅+全屋智能:HK$493', '文廟觀景浴缸房【觀景陽台】高端衞浴+桌椅+全屋智能:HK$522', '文廟觀景房【觀景窗台】高端衞浴+全屋智能:HK$567']"
亞朵酒店（徐州市政府店）,9.6,"['高級大床房:HK$412', '高級雙床房:HK$412', '幾木大床房:HK$484', '幾木雙床房:HK$484', '親子雙床房:HK$592']"
七裏拾光·悅庭（徐州蘇寧廣場店）,9.3,"['雲逸270度觀景大床房（Vip999+投影會員+零壓床墊+冰箱）:HK$313', '雲端270度觀景大床房（Vip777+投影會員+零壓床墊+冰箱）:HK$426', '雲境270度觀景大床房（Vip888+投影會員+零壓床墊+冰箱）:HK$453', '雲影270度觀景雙床房（Vip666+投影會員+零壓床墊+冰箱）:HK$532']"
希岸酒店（徐州雲龍萬達店）,9.5,"['希岸高級大床房:HK$406', '希岸豪華大床房（全屋智控+零壓床墊）:HK$431', '希岸豪華雙床房（全屋智控+零壓床墊）:HK$456', '希岸商務大床房（全屋智控+零壓床墊）:HK$456']"
和頤至格酒店（徐州蘇寧廣場户部山店）,9.5,"['大床房A（零壓床墊+投屏電視）:HK$262', '大床房（零壓床墊+投屏電視）:HK$289', '零壓雙床房（零壓床墊+投屏電視）:HK$315', '零壓大床房（零壓床墊+投屏電視）:HK$315']"
徐州雲龍萬達廣場漫心酒店,9.7,"['雅緻大床房（冰箱+智能客控+KINGKOIL床墊）:HK$321', '心怡大床房（冰箱+智能客控+朝陽落地窗+KINGKOIL床墊）:HK$341', '心享豪華雙床房（冰箱+智能客控+KINGKOIL床墊）:HK$341', '心悦高級大床房（冰箱+智能客控+KINGKOIL床墊）:HK$359', '心享經典大床房（冰箱+智能客控+KINGKOIL床墊）:HK$416']"
徐州雲龍萬達廣場朗博酒店,9.4,"['商務大床房:HK$306', '商務雙床房:HK$306', '靜謐零壓大床房（記憶床品+窗外好景+空氣凈化器+加濕器）:HK$343', '靜謐園景雙床房（智能馬桶+窗外好景+小冰箱+空氣凈化器+加濕器）:HK$384', '零壓景觀大床房（窗外好景+零壓床墊+智能馬桶+小冰箱+電視投屏+空氣凈化器+加濕器）:HK$415']"
花築·徐州泰璽民宿（雲龍湖風景區店）,9.6,"['靜謐·精緻景觀房【智能客控+舒壓床墊】:HK$222', '幽蘭·精緻雙床房【智能客控+舒壓床墊】:HK$246', '星光·精緻大床房【高清巨幕投影+智能客控】:HK$296', '花語·精緻大床房【落地觀景窗+智能客控】:HK$296']"
東潤星程酒店,9.7,"['經濟大床房（全屋智能+可投屏+零壓床枕）:HK$164', '舒適大床房（全屋智能+可投屏+零壓床枕）:HK$172', '標準雙床房（全屋智能+可投屏+零壓床枕+安靜好眠）:HK$188', '高級大床房（全屋智能+可投屏+零壓床枕）:HK$188']"
全季酒店（徐州雲龍萬達廣場店）,9.7,"['大床房:HK$315', '雙床房:HK$315', '高級大床房:HK$335', '高級雙床房:HK$361']"
白玉蘭酒店（徐州蘇寧廣場店）,9.4,"['靜逸大床房:HK$357', '輕雅大床房:HK$377', '舒雅大床房:HK$407', '舒雅雙床房:HK$417']"
