酒店名称,评分,房型价格列表
芒市來因酒店,9.5,"['庭院•浴缸陽台｜大床房:HK$870', '豪華•山景浴缸｜大床房:HK$943', '金塔•浴缸陽台｜大床房:HK$977', '山景•泡池陽台｜雙床房:HK$1,069', '豪華•兩室一廳｜套房:HK$1,087']"
芒市鉑璽酒店,9.8,"['輕享雙床房（智能客控）:HK$274', '陽光城景靜謐大床房（貴妃椅+智能客控）:HK$301', '陽光城景靜謐雙床房（智能客控）:HK$331', '金塔觀景大床房（貴妃椅+智能客控）:HK$364', '園林景觀花園大床房（貴妃椅+智能客控）:HK$402']"
芒市翡華酒店,9.3,"['雅緻大床房:HK$513', '雅緻雙床房:HK$513', '雅緻豪華大床房:HK$835', '雅緻豪華雙床房:HK$835', '雅緻閣樓雙床房:HK$835']"
嶼上USUN•HOTEL（芒市廣場店）,9.6,"['花嶼︱御品大床房（冰箱飲料+高端床品+高速WIF）:HK$393', '花嶼 | 御品雙床房（冰箱飲料+高端床品+高速WIF）:HK$393', '木嶼 | 景觀雙床房（冰箱飲料+高端床品+高速WIF）:HK$421', '木嶼 | 景觀大床房（冰箱飲料+高端床品+高速WIF）:HK$425', '温嶼丨親子家庭房（冰箱飲料+高端床品+高速WIF）:HK$468']"
雅斯特國際酒店（芒市廣場店）,9.5,"['雅緻大床房（智能客控）:HK$222', '高級大床房（智能客控&電動窗簾）:HK$238', '高級雙床房（高樓層&採光好）:HK$279', '豪華大床房（房間大&採光好）:HK$296', '豪華雙床房（落地窗&智能馬桶）:HK$312']"
全季酒店（芒市廣場店）,9.7,"['高級大床房（金可兒床墊|獨立小冰箱|65寸可投屏電視）:HK$433', '商務大床房（金可兒床墊|獨立小冰箱|65寸可投屏電視）:HK$492', '高級雙床房（金可兒床墊|獨立小冰箱|65寸可投屏電視）:HK$513', '商務雙床房（金可兒床墊|獨立小冰箱|65寸可投屏電視）:HK$532']"
麗楓酒店（芒市金孔雀大街機場店）,9.6,"['標準大床房:HK$540', '雅緻大床房:HK$567', '豪華大床房:HK$581', '豪華雙床房:HK$581', '商務大床房:HK$608']"
青榕里美宿（菩提寺樹包塔店）,9.5,"['浮光·輕奢特惠大床房（貝卡特床品+品牌冰箱+智能馬桶）:HK$370', '汐晨·輕奢露台雙床房（貝卡特床品+品牌冰箱+智能馬桶）:HK$474', '夏序·奢華露台大床房（貝卡特床品+品牌冰箱+智能馬桶）:HK$474', '卿憶·輕奢露台雙床房（貝卡特床品+品牌冰箱+智能馬桶）:HK$503']"
芒市城悦酒店（芒市廣場店）,9.6,"['雅緻大床房:HK$291', '輕奢大床房:HK$342', '商務雙床房:HK$350', '行政套房:HK$510']"
華竺·Stylist藝術美宿（傣族古鎮金塔店）,9.9,"['Villa·春分丨靜謐雙床房（全屋智能+戴森吹風+TOTO衞浴+巨幕投影+記憶睡枕+貢緞床品+Minibar暢飲）:HK$524', 'Villa·觀星丨星空浴缸大床房（獨立露台+全屋智能+戴森吹風+TOTO衞浴+巨幕投影+記憶睡枕+貢緞床品+Minibar暢飲）:HK$571', 'Villa·白露丨露台山景大床房（全屋智能+戴森吹風+TOTO衞浴+巨幕投影+記憶睡枕+貢緞床品+Minibar暢飲）:HK$607', 'Villa·攬月丨觀金銀塔浴缸大床房（獨立露台+全屋智能+戴森吹風+TOTO衞浴+巨幕投影+記憶睡枕+貢緞床品+Minibar暢飲）:HK$644']"
聆湖別院（勐煥大金塔店）,9.5,"['觀山105尊享榻榻米大床房（電動窗簾+智能馬桶+九牧衞浴＋中央空調+記憶睡枕+貢緞床品）:HK$423', '觀山203尊享大床房（獨立陽台+電動窗簾+智能馬桶+九牧衞浴＋中央空調＋大理石浴缸+記憶睡枕+貢緞床品）:HK$442', '觀山303尊享榻榻米大床房（獨立陽台+電動窗簾+智能馬桶+九牧衞浴＋中央空調＋大理石浴缸+記憶睡枕+貢緞床品）:HK$442', '觀山102尊享大床房（獨立陽台+電動窗簾+智能馬桶+九牧衞浴＋中央空調+記憶睡枕+貢緞床品）:HK$479']"
宜尚酒店（芒市廣場店）,9.7,"['智能高級大床房（180°全景落地窗|金塔景觀|明堂疏朗）:HK$245', '智能豪華大床房（舒躺椅I支持手機投屏I冰箱I採光好）:HK$274', '智能高級雙床房（全智控I支持手機投屏I安靜I採光好）:HK$274', '智能大床房（智能客控|支持手機投屏|通風采光好）:HK$297', '智能豪華雙床房（全智控I手機投屏I落地窗I風景好）:HK$313']"
朵蘭達V酒店（芒市機場芒市大街店）,9.6,"['零壓智能語音大床房:HK$237', '零壓智能語音雙床房:HK$257', 'Scener靜謐大床房:HK$278', 'Scener靜謐雙床房:HK$299', 'Cool朵拉城景大床房:HK$320']"
芒市江東大酒店（芒市大街機場店）,9.4,"['特惠大床房:HK$219', '高級大床房:HK$253', '特惠雙床房:HK$294', '高級雙床房:HK$304', '豪華大床房:HK$326']"
興順酒店（芒市機場芒市大街店）,9.5,"['菩提街｜高級複式套房:HK$220', '高級雙床房:HK$245', '樹包塔｜豪華雙床房:HK$270', '大銀塔｜嘉賓LOFT套房:HK$287', '大金塔｜豪華LOFT雙床套房:HK$303']"
德宏德安酒店（芒市廣場店）,9.5,"['優享商務雙床房:HK$192', '優享商務大床房:HK$192', '商務雙人房:HK$210', '商務大床房:HK$210', '行政大床房:HK$231']"
芒市越玲大酒店（芒市廣場店）,9.6,"['C座雅緻雙床房（臨街景觀）:HK$194', 'C座雅緻大床房（臨街景觀）:HK$205', 'C座雅緻金塔觀景雙床房（臨街景觀）:HK$248', 'A座輕享雙床房（蕎麥枕｜電動窗簾｜靜享後花園景觀）:HK$262']"
芒市尋木有宿,9.6,"['【得閑】樹下大床房（傣式木樓·零壓深睡床墊·鵝絨被）:HK$399', '【莫忙】花園雙床房·傣式木樓|零壓深睡床墊|鵝絨被:HK$419', '【尋桂】花園雙床房（傣式木樓·零壓深睡床墊·鵝絨被）:HK$419', '【且停】榻榻米大床房（傣式木樓·雙塔觀景·零壓深睡）:HK$432']"
芒市快捷酒店（芒市機場珠寶小鎮店）,9.6,"['精緻雙床房（電動窗簾+零壓枕頭）:HK$404', '精緻大床房（電動窗簾+零壓枕頭）:HK$404', '優享親子房（電動窗簾+零壓枕頭）:HK$435', '臻選大床房（電動窗簾+零壓枕頭）:HK$456']"
瑞麗際洲酒店,9.6,"['豪華大床房（温泉湯池+迷你小冰箱）:HK$325', '豪華雙床房（温泉湯池+迷你小冰箱）:HK$325', '行政大床房（温泉湯池+迷你小冰箱）:HK$419', '行政套房（私湯温泉+迷你小冰箱）:HK$580']"
雙羽民宿.高端花園別墅（芒市傣族古鎮店）,9.7,"['兩全其美•大床房【獨立私密陽台+漢斯格雅沐浴+壁掛懸空KOHLER馬桶+乾濕分離+懸浮氛圍床+鴨絨被+一次性沐浴套裝】:HK$354', '一心一意•雙床房【花園外景+日出晨景+漢斯格雅沐浴+壁掛懸空KOHLER馬桶+乾濕分離+懸浮氛圍床+鴨絨被+一次性沐浴套裝】:HK$384', '四季發財•大床房【賞民族東南亞風格別墅羣+漢斯格雅沐浴+壁掛懸空KOHLER馬桶+乾濕分離+懸浮氛圍床+鴨絨被+一次性沐浴套裝】:HK$384', '三生有幸•雙床房【看日出連綿山景觀古鎮全景陽台+漢斯格雅沐浴+壁掛懸空KOHLER馬桶+乾濕分離+懸浮氛圍床+鴨絨被+一次性沐浴套裝】:HK$422']"
德宏瑞麗凱里亞德溫泉度假酒店,9.3,"['輕享智能雙床房丨零壓床·AI客控·高端床品·私享靜謐:HK$282', '輕享智能雙拼大床房丨高端床品·AI客控·零壓好眠:HK$282', '輕享智能大床房丨零壓床·助眠枕·AI客控·高端床品:HK$289', '榮享智能大床房丨靜謐空間·零壓特大床·AI客控:HK$312', '趣享智能雙拼親子房丨靜謐適宜·益智玩具·AI客控:HK$349']"
嵐予•雲棲謐境丨泰式風情·休閑度假民宿·Villa（傣族古鎮店）,10.0,"['【歸謐·LI觀景大床房】人體工學慕思床墊｜戴森吹風機:HK$1,048', '【歸來·靜謐DL大床房】｜全屋客控｜激光IMAX影廳:HK$1,048', '【密悦·HA觀景大床房】高端床品記憶枕｜戴森吹風機:HK$1,048', '【初心·私享陽台觀景大床房】全屋客控｜韻繞茶台:HK$1,048']"
芒市翡華温泉度假酒店,9.2,"['悦享江景湯屋大床房:HK$1,814', '悦享江景湯屋雙床房:HK$1,814', '悦享庭院湯屋大床房:HK$1,956', '悦享庭院湯屋雙床房:HK$1,956', '悦享江景豪華湯屋大床房:HK$2,183', '悦享江景豪華湯屋雙床房:HK$2,183']"
雲尚居民宿（傣族古鎮店）,9.7,"['拾秋301 · 觀景影院大床房（高清投影+乳膠記憶枕+智能馬桶）:HK$494', '沐夏302 · 觀景影院大床房（投影+記憶睡眠枕+浴缸+智能馬桶）:HK$537', '挽風101·庭院觀景大床房（高清投影+乳膠記憶枕+泡池+智能馬桶+私人小院）:HK$546', '攬月102 · 露台舒適雙床房（高清投影+乳膠記憶枕+浴缸+智能馬桶）:HK$574']"
渡春山Villa,9.5,"['歸隱高級大床房（戴森吹風機+Marshall音響+科勒衞浴）:HK$325', '在野高級特大床房（戴森吹風機+Marshall音響+科勒衞浴）:HK$349', '得閑雅緻大床房（戴森吹風機+Marshall音響+科勒衞浴）:HK$429', '樂之特色大床房（戴森吹風機+Marshall音響+科勒衞浴）:HK$438']"
香江大酒店,9.4,"['民宿 貴賓樓大床房:HK$296', '民宿 貴賓樓雙床房:HK$296', '豪華大床房:HK$313', '豪華雙床房:HK$320']"
德宏芒市賓館,9.2,"['高級大床房:HK$349', '高級雙床房:HK$349', '豪華大床房:HK$398', '豪華雙床房:HK$398', '高級套房:HK$643', '豪華套房:HK$1,214']"
華竺·觀景美宿（傣族古鎮店）,9.9,"['有眠·大床房【觀古鎮+當貝投影+TOTO衞浴+貢緞床品】:HK$305', '初夏·大床房【私人露台+當貝投影+TOTO衞浴+貢緞床品】:HK$337', '知秋·大床房【觀古鎮+私人露台+TOTO衞浴+貢緞床品】:HK$370', '枕月·大床房【觀古鎮日落+貢緞床品+私人露台+當貝投影+品牌衞浴】:HK$412']"
浩楓温德姆酒店（芒市大街勐壠沙公園店）,9.1,"['浩楓靜謐雙床房┃零壓床＋記憶枕＋mini冰箱＋全屋智控:HK$157', '浩楓商務雙床房┃乾濕分離＋記憶枕＋零壓床+冰箱＋智控:HK$172', '浩楓至尊雙床房┃乾濕分離+記憶枕＋鵝絨被芯+冰箱+智控:HK$187', '浩楓商務大床房┃浴缸+零壓床+記憶枕+冰箱+超大觀景窗:HK$187', '浩楓至尊大床房┃浴缸+記憶枕+鵝絨被+冰箱+超大觀景窗:HK$202']"
錦悦酒店（德宏芒市機場珠寶小鎮店）,9.5,"['泊野·悦享大床房【全屋智能客控+零壓床墊+智能馬桶】:HK$190', '知秋·尊享大床房【全屋智能客控+零壓床墊+智能馬桶】:HK$213', '止安·靜享雙床房【全屋智能客控+零壓床墊+智能馬桶】:HK$224', '悠然·臻享大床房【全屋智能客控+零壓床墊+智能馬桶】:HK$236']"
維也納國際酒店（瑞麗温泉店）,9.5,"['特價大床房:HK$245', '高級大床房:HK$275', '高級雙床房:HK$275', '豪華大床房:HK$306', '豪華雙床房:HK$316']"
蘭歐酒店（芒市金塔水鄉機場店）,9.6,"['商旅豪華大床房（智能機器人）:HK$332', '商旅豪華雙床房（出遊專選）:HK$347', '景觀輕奢大床房（觀景金塔丨全屋智能丨零壓床品）:HK$425', '景觀輕奢雙床房（觀景金塔丨全屋智能丨零壓床品）:HK$448', '親子家庭雙床房（寶媽出遊）:HK$487']"
山有一舍民宿（芒市傣族古鎮店）,9.7,"['暮江吟202｜特色榻榻米房｜獨立陽台｜户外桌椅:HK$286', '桃源行101｜舒適大床房｜獨立花園｜户外桌椅｜空調房）:HK$304', '將進酒201｜精緻榻榻米床\u2006｜獨立陽台｜户外桌椅:HK$304', '秋浦歌203｜豪華雙床房｜觀景陽台｜户外桌椅｜空調房:HK$323']"
雅斯特國際酒店（芒市機場店）,9.5,"['豪華大床房:HK$325', '高級雙床房:HK$336', '豪華雙床房:HK$344', '觀景大床房（mini冰箱+mini保險櫃+電子體重秤）:HK$371', '觀景雙床房:HK$398']"
厚一民宿,9.9,"['紅酒| 小一室【進口白蠟木傢俱＋高端定製床品】:HK$440', '肉豆蔻| 院景雙床房【進口白蠟木傢俱＋高端定製床品】:HK$529', '橙| 院景落地窗一室【進口白蠟木傢俱＋高端定製床品】:HK$640', '香葉| 一院一室【進口白蠟木傢俱＋高端定製床品】:HK$640']"
達柏酒店（芒市廣場店）,9.4,"['商旅.舒適雙床房:HK$310', '商旅.舒適大床房:HK$313', '商旅.悦享雙床房（功夫茶具）:HK$514', '商旅.悦享大床房（功夫茶具）:HK$526', '商旅.悦享大床套房（功夫茶具.浴缸）:HK$598']"
梁河金塔温泉酒店,9.8,"['金象苑雙床房:HK$299', '金象苑單間:HK$299', '金象苑豪華標間:HK$335', '金沙樓豪華標間:HK$362', '金沙樓豪華單間:HK$417']"
瑞麗蘭歐國際酒店,9.4,"['經典大床房【智能客控+小冰箱】:HK$332', '高級雙床房【智能客控+小冰箱】:HK$357', '高級大床房【智能客控+小冰箱】:HK$369', '豪華雙床房【智能客控+小冰箱】:HK$403', '豪華大床房【智能客控+小冰箱】:HK$414']"
肆拾號院堅果樹下民宿,9.7,"['遇己·普通大床房:HK$277', '隨遇·普通大床房:HK$277', '肆意·豪華大床房（零壓深睡護頸枕）:HK$332', '盡歡·豪華大床房:HK$332']"
SFEEL設計師酒店（芒市廣場店）,9.7,"['園景大床房（零壓床品+AI智能客控+科勒衞浴+mini冰箱）:HK$304', '悠享園景雙床房（零壓床品+AI智能客控+mini冰箱）:HK$337', '陽光園景大床房（零壓床品+AI智能客控+mini冰箱）:HK$348', '設計師精選大床房（零壓床品+AI智能客控+mini冰箱）:HK$359']"
雅悦柏庭花園酒店（芒市廣場機場店）,9.4,"['高級大床房:HK$185', '高級雙床房:HK$198', '雅悦大床房:HK$210', '雅悦雙床房:HK$223']"
瑞麗安豪温泉大酒店,9.5,"['普通大床房:HK$329', '商務大床房:HK$344', '商務標間:HK$344', '豪華榻榻米雙床房:HK$482', '豪華榻榻米大床房:HK$482']"
魅麗·曼酒店（ 德宏芒市機場店）,9.4,"['尊享智慧大床房:HK$699', '尊享智慧雙床房:HK$729', '親子智慧雙床房:HK$823']"
芒市明日島·villa（新玩廠店）,9.7,"['短笛-Piccolo温馨雙床房（戴森吹風機+漢斯格雅衞浴+馬歇爾音響+HCK冰吧+蕾絲0壓床墊）:HK$442', '拿鐵-Latte景觀大床房（戴森吹風機+漢斯格雅衞浴+馬歇爾音響+HCK冰吧+蕾絲0壓床墊）:HK$442', '澳白Falt-white舒適大床房（浴缸+戴森吹風機+漢斯格雅衞浴+馬歇爾音響+HCK冰吧+蕾絲0壓床墊）:HK$480', '冷萃Cold-brew豪華大床房（浴缸戴森吹風機+漢斯格雅衞浴+馬歇爾音響+HCK冰吧+蕾絲0壓床墊）:HK$562']"
芒市沐野山宿（孔雀湖店）,9.8,"['壹水 • 森林山景 | 雙床房:HK$512', '吾山 • 森林山景 | 雙床房:HK$512', '玖石 • 森林山景 | 雙床房:HK$512', '捌野 • 山景花園 | 大床房:HK$555', '柒林 • 森林浴缸 | 270°山景套房:HK$665']"
維也納國際酒店（德宏芒市機場店）,9.4,"['標準雙床房:HK$288', '高級大床房:HK$306', '高級雙床房:HK$306', '豪華大床房:HK$324', '豪華雙床房:HK$324']"
聖維雅國際温泉酒店（彩雲城店）,9.6,"['上新怡然雙床房（温泉湯池+智能客控+100寸巨幕投影）:HK$232', '上新怡然大床房（温泉湯池+智能客控+100寸巨幕投影）:HK$232', '問安-悦心雙床房（温泉湯池+智能客控+100寸巨幕投影）:HK$275', '問安-悦心·大床房（温泉湯池+智能客控+100寸巨幕投影+VIP電影）:HK$275']"
芒市華豐孔雀湖度假酒店,9.3,"['舒壓大床房:HK$437', '舒壓雙床房:HK$437', '家庭休閑度假房2室1廳（3號樓）:HK$487', '陽光山景雙床房:HK$516', '陽光山景大床房:HK$546']"
城市便捷酒店（德宏芒市廣場店）,9.6,"['標準大床房（智控房間｜記憶枕頭｜智能馬桶｜手機投屏）:HK$194', '商務大床房（智控房間｜記憶枕頭｜智能馬桶｜手機投屏）:HK$212', '商務雙床房（智控房間｜記憶枕頭｜智能馬桶｜手機投屏）:HK$222', '高級大床房（智控房間｜記憶枕頭｜智能馬桶｜手機投屏）:HK$232']"
