酒店名称,评分,房型价格列表
撫州保利華章希爾頓逸林酒店,9.2,"['無障礙房:HK$433', '逸林大床房:HK$433', '逸林雙床房:HK$433', '豪華逸林大床房:HK$497', '豪華逸林雙床房:HK$497', '行政大床房:HK$552']"
蔓蘭凱瑞酒店（撫州東站店）,9.5,"['高級雙床房（1號樓）:HK$310', '高級雙床房（2號樓）:HK$310', '高級大床房（1號樓）:HK$315', '高級大床房（2號樓）:HK$315', '豪華大床房（1號樓）:HK$329']"
撫州文昌裏儀廬民宿,9.2,"['商務標準間:HK$217', '豪華大床房:HK$247', '麻將標間:HK$247', 'Loft房:HK$292']"
贛東賓館（撫州長運汽車總站店）,9.1,"['特惠單人間:HK$145', '雲享高層雙床房:HK$211', '雲享高層大床房:HK$225', '暢享影音雙床房:HK$233', '暢享影音大床房:HK$242']"
撫州鑽石廣場亞朵酒店,9.5,"['高級雙床房（裸麪床品+慢回彈記憶枕+手機投屏）:HK$278', '高級大床房（裸麪床品+慢回彈記憶枕+手機投屏）:HK$278', '行政雙床房（小吧枱+慢回彈記憶枕+手機投屏）:HK$304', '行政大床房（小吧枱+慢回彈記憶枕+手機投屏）:HK$304', '幾木城景大床房（小吧枱+深睡記憶枕+手機投屏）:HK$376']"
王府酒店（撫州東華理工大學店）,9.5,"['高級雙床房:HK$198', '高級大床房:HK$198', '雙床房:HK$200', '豪華大床房:HK$261']"
撫州鳳凰世紀名都大酒店,9.3,"['豪華大床房:HK$361', '豪華雙床房:HK$372', '豪華套房:HK$1,188', '鳳凰套房:HK$3,372', '總統套房:HK$8,396']"
格萊登連鎖酒店（撫州東華理工大學南區店）,9.4,"['零壓舒享大床房（零壓枕頭床墊+智能烘乾洗衣機+熟睡遮光窗簾）:HK$151', '甄選高級大床房（超柔親膚布草+實木隔音門+靜謐空間）:HK$162', '零壓舒享雙床房（零壓枕頭床墊+智能烘乾洗衣機+熟睡遮光窗簾）:HK$162', '零壓暢享大床房（零壓枕頭床墊+雙層隔音靜謐+温馨舒適）:HK$173']"
希岸酒店（撫州南門路金巢實驗學校店）,9.5,"['希岸豪華大床房（獨享空間+盡享浪漫）:HK$216', '希岸豪華雙床房（品牌床墊+超大空間）:HK$226', '希岸純凈大床房（品牌床墊+温馨舒適）:HK$229', '希岸商務雙床房（品牌床墊+超大空間）:HK$238']"
撫州海若清遠樓酒店,9.5,"['智慧舒適雙床房（全屋智能音控+功夫茶具）:HK$275', '智慧舒適大床房（全屋智能音控+功夫茶具）:HK$284', '智慧商務大床房（全屋智能音控+功夫茶具）:HK$309', '智慧商務套房（全屋智能音控+浴缸）:HK$435', 'B.duck小黃鴨（基礎版）親子套房:HK$474']"
如家酒店·neo（撫州萬象新城天幕廣場店）,9.6,"['大床房:HK$161', '雙床房:HK$170', '商務大床間:HK$179', '高級大床房:HK$197']"
全季酒店（撫州財富廣場店）,9.6,"['高級大床房（65寸大屏可投屏電視+金可兒床墊）:HK$323', '高級雙床房（65寸大屏電視可投屏+金可兒床墊）:HK$324', '商務大床房（65寸大屏液晶電視可投屏+金可兒床墊）:HK$357', '高級特大床房（65寸大屏液晶電視可投屏+金可兒床墊）:HK$368']"
維也納國際酒店（撫州東站店）,9.5,"['高級大床房（智能客控）:HK$290', '豪華雙床房（智能客控）:HK$329', '豪華大床房（智能客控）:HK$339', '豪華特大床房:HK$339', '商務雙床房（智能客控）:HK$357']"
撫州鑲玉樓酒店（臨川區南昌大學店）,9.3,"['輕享雅緻大床房（小度智能語音）:HK$262', '輕享雅緻雙床房（小度智能語音）:HK$375', '尊享豪華大床房（小度智能語音）:HK$392', '尊享豪華雙床房（小度智能語音）:HK$393']"
花之韻酒店（撫州一中店）,9.3,"['行政單人房（智能客控+舒適睡眠）:HK$239', '休閑麻將大床房:HK$247', '高級雙床房（記憶棉床墊+舒適睡眠）:HK$248', '高級大床房（記憶棉床墊+舒適睡眠）:HK$250']"
花之韻酒店（撫州萬達廣場店）,9.5,"['標準雙床房（乳膠床墊+舒適睡眠）:HK$305', '行政單間（記憶棉床墊+舒適睡眠）:HK$354', '棋牌娛樂房（乳膠床墊+舒適睡眠）:HK$402', '輕奢大床房（零壓床墊+蕎麥枕頭）:HK$409']"
撫州榮譽國際酒店,9.3,"['特惠大床房:HK$353', '特惠雙床房:HK$363', '高級雙床房:HK$476', '高級大床房:HK$487', '豪華大床房:HK$519', '豪華雙床房:HK$524']"
翡翠洲際酒店（撫州財富廣場店）,8.9,"['高級大床房:HK$339', '高級雙人房:HK$341', '舒適無煙大床房:HK$476', '舒適無煙雙床房:HK$476', '影音智能大床房:HK$484']"
季楓智享酒店（撫州萬達廣場店）,9.3,"['雅緻雙床房:HK$413', '雅緻大床房:HK$423', '豪華雙床房:HK$440', '豪華大床房:HK$442']"
撫州文昌裏尋夢•昌里民宿,9.5,"['邯鄲·複式親子房:HK$649', '南柯·大床房:HK$689', '紫釵·雙床房（帶茶几）:HK$708', '牡丹亭·一室一廳套房（帶浴缸+沙發）:HK$789']"
麗楓酒店（撫州高鐵站銅鑼灣店）,9.4,"['特惠大床房（慕思床墊&空氣凈化器&音樂淋浴）:HK$255', '豪華大床房（慕思床墊&空氣凈化器&音樂淋浴）:HK$258', '商務大床房（慕思床墊&空氣凈化器&音樂淋浴）:HK$273', '豪華雙床房（慕思床墊&空氣凈化器&音樂淋浴）:HK$283']"
撫州臨川麗呈酒店,9.3,"['商務大床房:HK$280', '豪華大床房:HK$292', '豪華雙床房:HK$293', '豪華景觀大床房:HK$319', '豪華景觀雙床房:HK$320']"
麗楓酒店（撫州萬達店）,9.5,"['高級大床房:HK$326', '豪華大床房:HK$329', '豪華雙床房:HK$379', '豪華影音大床房:HK$418']"
維也納酒店（撫州財富廣場市政中心店）,9.4,"['標準大床房:HK$390', '標準雙床房:HK$396', '影音雙床房:HK$448', '豪華大床房:HK$473']"
希岸·輕雅酒店（撫州臨川區政府臨川一中店）,9.4,"['希岸雅緻房:HK$217', '希岸高級大床房:HK$234', '希岸影音大床房:HK$248', '希岸豪華大床房:HK$250']"
麗楓酒店（撫州高鐵站華美立家店）,9.2,"['豪華大床房（音樂淋浴&薰衣草主題&智能客控）:HK$243', '豪華雙床房（音樂淋浴&薰衣草主題&智能客控）:HK$278', '景觀大床房（俯瞰城市夜景&休閑沙發&音樂淋浴）:HK$291', '景觀雙床房（俯瞰城市夜景&音樂淋浴）:HK$325']"
撫州臨川才子國際大酒店（臨川區政府臨川一中店）,8.9,"['豪華大床房:HK$295', '特惠標間:HK$322', '豪華標準間:HK$364', '商務標準間:HK$433', '商務單間:HK$433']"
星辰酒店（撫州東站店）,9.1,['一室一廳雅緻套房（配置麻將桌+獨立卧房）:HK$571']
撫州仙蓋山温德姆至尊豪廷大酒店,9.0,"['園景大床房:HK$418', '園景雙床房:HK$420', '豪華大床房:HK$460', '萌趣親子雙床房:HK$582', '遨遊太空親子雙床房:HK$589']"
撫州汝水森林賓館,9.4,"['3號樓標準間:HK$466', '3號樓大床房:HK$470', '3號樓行政套房:HK$834']"
尚客優酒店（撫州文昌裏萬象城店）,9.4,"['高級大床房:HK$153', '豪華大床房:HK$170', '高級雙床房:HK$172', '豪華雙床房:HK$180']"
撫州君悦皇冠國際酒店,9.1,"['高級雙床房:HK$229', '高級大床房:HK$244', '豪華大床房:HK$283', '行政大床房:HK$288']"
尚客優悅酒店（三盛中央公園碩果時代店）,9.5,"['特惠大床房【零壓床墊.智能客控】:HK$215', '智能大床房【零壓床墊.智能客控】:HK$225', '優悦榻榻米大床房【零壓床墊.智能客控】:HK$237', '優悦智能雙床房【零壓床墊.智能客控】:HK$260']"
寓約電競酒店（撫州高鐵站華美立家建材居廣場店）,10.0,"['輕奢電競大床房[加速器+影視會員+Steam特權]:HK$403', '輕奢電競雙床房[加速器+影視會員+Steam特權]:HK$411', '豪華電競大床房[4060TI+加速器+影視會員+Steam特權]:HK$439', '豪華電競雙床套房[3060+加速器+影視會員+Steam特權]:HK$597']"
撫州壹品電競酒店（華宏萬象新城店）,9.6,"['情侶閨蜜雙人電競大床房〔雲感床墊+32G運行內存+遊戲特權〕:HK$326', '甄選單人電競大床房〔雲感床墊+卓威顯示器+羅技鼠標〕:HK$332', '暢享雙人電競棋牌房〔機械臂+遊戲特權+雲感床墊〕:HK$372', '暢享三人電競棋牌房〔雲感床墊+歡樂競技+羅技鼠標〕:HK$438']"
維也納酒店（撫州臨川大道萬象新城店）,8.8,"['大床房:HK$197', '高級大床房:HK$199', '高級雙人間:HK$199', '豪華大床房:HK$241']"
撫州永生璞琚酒店（大潤發第二人民醫院店）,8.6,"['現代時尚雙床房【人體工程學座椅】:HK$204', '愜意空間大床房:HK$214', '安靜舒適雙床房【美式加厚床墊+寬敞明亮】:HK$275', '璞居概念套房【真皮沙發】:HK$330']"
撫州海賓酒店（夢湖東路店）,9.3,"['精緻丨高級大床房:HK$411', '精緻丨高級雙床房:HK$432', '豪華丨棋牌大床房:HK$433', '湖景丨豪華大床套房:HK$572']"
Xhotel青綿酒店（撫州臨川東華理工大學店）,9.1,"['輕綿雅居大床房（雲感床墊+酒店公區提供自助洗衣機）:HK$255', '絲綿雅緻高級大床房（雲感床墊+酒店公區提供自助洗衣機）:HK$294', '絲綿雅緻高級雙床房（雲感床墊+公區自助洗衣房）:HK$299', '槓上開棋牌雙床房（雲感床墊+酒店公區提供自助洗衣機）:HK$336']"
希岸酒店（撫州東鄉高鐵站）,9.7,"['玲瓏大床房:HK$226', '希岸大床房:HK$237', '希岸高級大床房:HK$261', '希岸豪華大床房:HK$285']"
撫州財富廣場開元名庭酒店,9.4,"['名成高級大床房+智能中控+中國茶具+RICKS床墊:HK$421', '名成高級雙床房+智能中控+智能窗簾+RICKS床墊:HK$424', '名成豪華雙床房+智能中控+智能窗簾+RICKS床墊:HK$462', '名成豪華大床房+智能中控+中國茶具+RICKS床墊:HK$465', '名成行政景觀大床房+智能中控+超大落地窗+RICKS床墊:HK$533']"
如家素柏·雲酒店（撫州市南昌大學紅星美凱龍店）,9.2,"['標準商務房+高級乳膠床墊:HK$145', '標準雙床房+高級乳膠床墊:HK$146', '標準大床房＋高級乳膠床墊:HK$151', '高級大床房+高級乳膠床墊:HK$180']"
撫州雅居民宿,9.9,"['精緻大床房6:HK$371', '陽光大床房23:HK$371', '豪華大床房7:HK$373', '奶油風大床房13:HK$375']"
開蔓酒店（撫州金巢大道大潤發店）,8.9,"['豪華套房:HK$248', '智能影音大床房:HK$285', '智能影音雙床房:HK$303', '智能影音棋牌雙床房:HK$357']"
雲集客棧,9.6,"['標準大床房:HK$182', '舒適大床房:HK$189', '豪華雙床房:HK$220']"
金禾愛宿酒店（青雲峯路店）,8.9,"['特價大床房:HK$162', '商務單間:HK$178', '商務標間:HK$184', '豪華大床套房:HK$200']"
城市便捷酒店（撫州東華理工大學店）,9.2,"['標準大床房:HK$196', '高級雙床房:HK$212', '高級大床房:HK$213', '豪華大床房:HK$231']"
怡尚酒店（撫州東站東信百貨店）,9.4,"['舒適·Good Dream大床房丨光線明亮丨安靜舒適:HK$247', '舒適·Good Dream雙床房丨光線明亮丨安靜舒適:HK$247', '商務·Good Dream雙床房丨光線明亮丨安靜寬敞:HK$268', '商務·Good Dream大床房丨光線明亮丨寬敞舒適:HK$277']"
城市便捷酒店（撫州文昌裏撫州一中店）,9.0,"['特惠大床房:HK$165', '高級大床房:HK$173', '豪華大床房:HK$182', '高級雙床房:HK$187']"
撫州比亞迪開元名庭酒店,9.3,"['名成高級雙床房:HK$390', '名成高級大床房:HK$391', '名成豪華大床房:HK$435', '名成豪華雙床房:HK$452', '名成行政麻將房:HK$513']"
