酒店名称,评分,房型价格列表
美林假日酒店（文昌中學高鐵站店）,9.6,"['陽光大床房（冷暖中央空調、康乃馨鴨絨被芯、記憶枕及床上用品、65寸電視機可投屏、智能馬桶及窗簾；零壓床墊）:HK$222', '靜謐陽光大床房（冷暖中央空調；康乃馨鴨絨被、記憶枕及床上用品；65寸電視機可投屏；智能馬桶及窗簾；零壓床墊）:HK$229', '陽光雙床房（冷暖中央空調；康乃馨鴨絨被、記憶枕及床上用品；65寸電視機可投屏；智能馬桶及窗簾；零壓床墊）:HK$236', '豪華陽光特大床房（冷暖中央空調；康乃馨鴨絨被芯、記憶枕及床上用品；65寸電視機可投屏；智能馬桶及窗簾；零壓床墊）:HK$236']"
愛景國際酒店,9.1,"['椰林高級大床房:HK$382', '椰林高級雙床:HK$382', '椰林豪華雙床房:HK$388', '海景大床房:HK$435', '海景雙床房:HK$435']"
文昌南國温德姆花園酒店,9.3,"['花園雙床房:HK$460', '花園大床房:HK$460', '温德姆海景雙床房:HK$552', '温德姆海景大床房:HK$552', '親子海景房:HK$644', '零壓助眠海景大床房（可調節升降床墊）:HK$644']"
麗呈雲漫酒店（文昌高鐵站文南老街店）,9.4,"['雲-影音大床房（零壓床墊）:HK$182', '雲-舒雅雙床房（零壓床墊）:HK$182', '雲-暢眠雙床房（智能控制+零壓床墊）:HK$200', '雲-暢玩棋牌房（零壓床墊）:HK$200']"
花築·文昌銅鼓嶺海暇民宿,9.6,"['舒適大床房:HK$436', '舒適雙床房:HK$479', '雅緻大床房:HK$523', '景觀大床房:HK$545']"
文昌雲漫里民宿（龍樓石頭公園店）,9.4,"['隨心（大床房）:HK$344', '雲宿（親子家庭房）:HK$442', '浮光（精品雙床房）:HK$442', '伴山（海岸線日落大床房）:HK$442']"
花築·文昌雲捲雲舒海景花園民宿,9.7,"['温馨雙床房:HK$849', '温馨大床房:HK$849', '側窗海景雙床房:HK$1,297', '温馨親子雙床房+獨立小院子:HK$1,443']"
文昌龍樓淇水灣小橙子的瞰海民宿,9.6,['淇伍園景一室套房:HK$258']
漢庭酒店（文昌文蔚路店）,9.6,"['大床房:HK$235', '高級雙床房:HK$254', '高級大床房:HK$254', '商務大床房:HK$282']"
丘舍（文昌邢宥故居店）,10.0,"['初音:HK$604', '聽雨:HK$604', '觀松:HK$604', '遠香:HK$604']"
柏曼酒店（文昌中學高鐵站店）,9.3,"['舒適大床房:HK$169', '高級大床房:HK$189', '高級雙床房:HK$189', '智能高級大床房:HK$209']"
文昌晉唐維景國際大酒店,8.1,"['園景雙床房:HK$332', '園景親子房:HK$369', '海景家庭房:HK$383', '海景雙床房:HK$425', '海景大床房:HK$425']"
閲海小築民宿,9.2,"['杜仲·單間海景房:HK$222', '蘇木·一房一廳海景套房:HK$281', '拾光·兩房兩廳海景套房:HK$345', '赤野·兩房兩廳海景套房:HK$345']"
城市精選酒店（文昌鳳凰城店）,9.2,"['標準大床房:HK$162', '高級大床房:HK$175', '高級雙床房:HK$175', '豪華大床房:HK$189']"
文昌魯能希爾頓酒店,9.3,"['希爾頓客房大床房（1樓）:HK$703', '希爾頓客房雙床房（1樓）:HK$703', '豪華景觀大床房:HK$757', '豪華景觀雙床房:HK$757', '星奇寶貝親子大床房:HK$757', '星奇寶貝親子雙床房:HK$757']"
初漸酒店（文昌高鐵站文南老街店）,9.8,"['靜謐雙床房（零壓床墊丨記憶枕丨投屏電視丨智能客控）:HK$158', '靜謐大床房（零壓床墊丨記憶枕丨投屏電視丨智能客控）:HK$158', '城景大床房（零壓床墊丨記憶枕丨投屏電視丨智能客控）:HK$185', '城景雙床房（零壓床墊丨記憶枕丨投屏電視丨智能客控）:HK$185']"
推門見海別墅,9.5,"['椰瀾·三疊:HK$1,014', '海嶼·四合:HK$1,276']"
全季酒店（文昌火車站大潭路店）,9.5,"['大床房:HK$317', '雙床房:HK$336', '高級大床房:HK$345', '商務大床房:HK$374']"
文昌東走西走咖啡民宿,9.4,"['清心｜商務雙床房:HK$360', '茶語｜景觀大床房:HK$360', '淺雲｜日式大床房:HK$909', '禪語｜輕奢大床房:HK$909']"
福樓朗岳酒店（文昌龍樓航天城店）,9.8,"['温馨大床房【零壓乳膠床墊+100%全棉貢緞床品+小冰箱】:HK$374', '城景精品雙床房【小鎮景觀+舒適沙發榻+小冰箱】:HK$395', '花園景觀大床房【落地窗+觀花園+深睡枕頭深睡床墊】:HK$397', '遠山海景精品大床房【觀椰林+沙發榻+深睡枕深睡床墊】:HK$423']"
山嶼海民宿（文昌淇水灣店）,9.1,"['半山半海温馨大床套房:HK$380', '雅緻園景兩房套房:HK$443', '靜謐園景兩房套房:HK$483', '優選舒適兩房套房:HK$513']"
文昌魯能雲居酒店,9.3,"['出岫商務大床房（小度智趣+智潔黑科技）:HK$526', '枕霞商務雙床房（小度智趣+智潔黑科技）:HK$526', '攬星航天雙床房（雙人大床 敞闊空間）:HK$555', '問天航天大床房（開闊空間+愜意浴缸）:HK$555', '煮雨舒適雙床房（温適眠床+寬舒空間）:HK$604']"
麗楓酒店（文昌店）,9.6,"['標準大床房（慕思床墊+定製香氛洗護+藍牙音樂）:HK$277', '標準雙床房（慕思床墊+定製香氛洗護+藍牙音樂）:HK$285', '豪華雙床房（慕思床墊+定製香氛洗護+藍牙音樂）:HK$293', '行政大床房（採光超好+慕思床墊+藍牙音響）:HK$293']"
格萊登酒店（文昌中學文建路店）,9.6,"['舒心特惠大床房:HK$140', '舒心特惠雙床房（高端飲用水）:HK$140', '貼心高級大床房:HK$162', '貼心高級雙床房:HK$162']"
文昌温德姆至尊豪廷大酒店,9.5,"['雅緻海景大床房:HK$457', '半島園景大床房:HK$545', '半島園景雙床房:HK$577', '豪華海景大床房:HK$632', '家庭園景房:HK$774', '超級飛俠主題大床房:HK$818']"
文昌太空探月海景主題公寓,9.0,['海景攬箭二室一廳親子套房（觀海、看火箭發射台+洗衣機+冰箱+廚房）:HK$375']
青橙民宿（文昌清瀾半島店）,9.8,"['軍港之夜海景大床房G2-1319:HK$277', '航天椰夢海景大床房:HK$277', '軍港之夜海景雙床房:HK$277', '【SUNRISE黎明】主題海景投影大床房:HK$277']"
如家酒店（文昌龍樓航天城店）,9.5,"['雙床房（55寸投屏電視+徠芬吹風機+獨立冷暖空調）:HK$303', '高級大床房（55寸投屏電視+徠芬吹風機+獨立冷暖空調）:HK$314', '高級雙床房（55寸投屏電視+徠芬吹風機+獨立冷暖空調）:HK$324', '安睡大床房（石墨烯床墊+慢回彈記憶枕+55寸投屏電視）:HK$345']"
如家NEO-文昌文南老街孔廟沿江路店,9.3,"['高級雙床房（55寸可投屏電視+獨立冷暖空調）:HK$205', '高級大床房（55寸可投屏電視+獨立冷暖空調）:HK$205', '零壓大床房（釋壓床墊+記憶枕）:HK$230', '零壓雙床房（釋壓床墊+記憶枕）:HK$230']"
海南文昌麗亭酒店,9.9,"['雅痞活力大床房:HK$332', '雅痞活力雙床房:HK$332', '雅痞都市大床房:HK$366', '雅痞都市雙床房:HK$366', '雅痞精英大床房:HK$467']"
文昌南洋美麗滙智選假日酒店,9.5,"['高級大床房:HK$434', '無障礙高級大床房:HK$486', '高級房雙床:HK$486', '高級房大床更大空間:HK$486', '高級房雙床帶陽台:HK$508']"
海邊有個院子民宿,9.7,"['若水旁三居別墅（棋牌+麻將）:HK$983', '雲水謠四居別墅（家庭聚會+露天燒烤）:HK$1,463', '沐晨光獨棟別墅（觀火箭發射+賞日出日落）:HK$1,541']"
文昌維嘉國際大酒店,9.0,"['輕奢大床房:HK$272', '輕奢雙床房:HK$272', '主樓行政大床房:HK$278', '主樓行政雙床房:HK$278', '海底世界親子房:HK$347']"
海岸金城大酒店（文昌高鐵站文南老街店）,8.8,"['豪華大床房（超大停車場）:HK$162', '豪華雙床房:HK$186', '豪華家庭房:HK$202', '豪華棋牌雙床房:HK$208']"
山嶼海民宿（龍樓鑽石大道店）,8.3,"['絕美海景一房套房（海景陽台）:HK$380', '映月園景兩房套房:HK$410', '海景椰林兩房套房（觀火箭發射+海景陽台）:HK$443', '絕美海景兩房套房（觀火箭發射+海景陽台）:HK$453']"
文昌海嶼海景酒店公寓（高隆灣旅遊度假區店）,9.2,"['園景 I 靜謐大床房 （柔軟床品+深度好眠）:HK$162', '複式海景 I 三房兩廳（冰箱+洗衣機+空調）:HK$526', '複式園景 I 四室兩廳（5床+3衞+麻將桌）:HK$665', '複式海景 I 四室兩廳（6床+3衞+高層海景）:HK$781']"
文昌璟藍花園民宿（龍樓沙灘店）,9.3,"['海景景觀大床房:HK$648', '吉水·花園雙床房:HK$648', '紅峯·海景景觀大床房:HK$676', '山岱·古松·好聖·厚德|花園景觀大床房:HK$703']"
文昌航天椰林灣酒店,9.0,"['雅緻雙床房:HK$191', '豪華大床套房:HK$212', '景緻大床房:HK$212', '豪華雙床套房:HK$241']"
文昌膏粱灣海景民宿（高隆灣旅遊度假區店）,7.5,"['207｜尊享大床房:HK$240', '208｜天空之鏡無敵海景大床房:HK$449', '209｜天空之鏡無敵海景親子雙床房:HK$449', '椰林彼岸｜兩室一廳兩衞休閑套房:HK$526']"
麗智詩畔酒店,8.7,"['輕奢悠享雙床房:HK$143', '輕奢悠享大床房:HK$155', '雅緻江景大床房:HK$167', '雅緻江景雙床房:HK$179']"
文昌鳳凰城大酒店,8.9,"['特惠大床房:HK$149', '標準雙人房:HK$162', '標準大床房:HK$162', '麻將雙人房:HK$234']"
貽山民宿,9.6,"['大床房304:HK$240', '大床房204:HK$315', '大床房202:HK$376', '大床房301:HK$384']"
歸園田僑舍智慧酒店（文昌中學店）,9.2,"['雅居榻榻米雙床房:HK$197', '酣然入夢搖籃房:HK$197', '搖窕淑女情侶影院大床房:HK$202', '加勒比海盜影院房:HK$207']"
星航雲漫酒店（航天現代城文蔚路店）,9.1,"['雲-智享大床房-航天元素-零壓記憶枕-智能客控-飄窗:HK$255', '雲-智享雙床房【宇航記憶枕-雲端入睡】:HK$269', '漫-尊享影音大床房-影音投屏-航天元素-零壓記憶枕:HK$311', '雲-温馨景觀大床房-航天元素-零壓記憶枕-智能客控:HK$340']"
文昌好年華商務大酒店,8.7,"['行政大床房:HK$201', '豪華大床房:HK$212', '豪華雙床房:HK$218', '娛樂大床房:HK$297']"
恆昌酒店,8.7,['豪華海景麻將套房:HK$474']
陶然智能HOTEL（大致坡店）,9.3,"['優享商務大床房|智能客控:HK$151', '雅緻豪華大床房|智能客控:HK$173', '雅緻豪華雙床房|智能客控:HK$184', '雅緻豪華特大床房‖智能客控:HK$195']"
文昌聽潮海景度假民宿,9.8,['聽潮▪3室2廳觀景套房:HK$956']
觀瀾灣旅居·美亞登酒店,8.8,"['美悦特價雙床房（超大空間+獨立陽台 ）:HK$120', '美悦大床房（超大空間+獨立陽台 ）:HK$144', '美悦雙床房（超大空間+獨立陽台 ）:HK$144', '美雅親子房（超大空間+獨立陽台 ）:HK$162']"
山嶼海康養酒店（文昌高隆灣店）,9.1,"['藍慕.高級觀景大床房:HK$300', '聽瀾.輕奢觀景雙床房:HK$300', '黃昏曉.趣享瞰海海景家庭房:HK$377', '蔚藍水岸.奢華一線瞰海海景套房:HK$441']"
