酒店名称,评分,房型价格列表
日照木棉花凱悅尚選酒店,9.5,"['園景大床房--智能客控+藝術設計:HK$798', '園景雙床房-智能客控+藝術設計:HK$798', '奇趣積木大床房-智能客控+藝術設計:HK$798', '奇趣積木雙床房-智能客控+藝術設計:HK$798', '城景大床房-智能客控+藝術設計:HK$872', '城景雙床房-智能客控+藝術設計:HK$872']"
日照蔚藍假日酒店（萬平口東夷小鎮店）,9.5,"['豪華大床房（智能客控+舒達床墊+徠芬吹風機）:HK$826', '豪華雙床房（智能客控+舒達床墊+徠芬吹風機）:HK$826', '豪華親子房（智能客控+舒達床墊+徠芬吹風機）:HK$859', '景觀陽台雙床房（智能客控+舒達床墊+徠芬吹風機）:HK$859', '輕奢大床房（智能客控+舒達床墊+徠芬吹風機）:HK$892']"
日照雲隱小鎮民宿,9.9,"['星空小院:HK$545', '茶園小院:HK$649', '家庭小院:HK$783', '家庭套房:HK$1,239']"
維也納3好酒店（日照火車站燈塔景區店）,9.6,"['大床房:HK$715', '商務大床房:HK$724', '商務雙床房:HK$787', '豪華大床房:HK$814']"
日照希爾頓惠庭酒店,9.7,"['靈動大床房（沙發床+微波爐+小冰箱）:HK$981', '靈動雙床房（微波爐+小冰箱）:HK$1,012', '靈動親子房（沙發床+微波爐+小冰箱）:HK$1,100', '靈動豪華大床房（沙發床+微波爐+小冰箱）:HK$1,197', '靈動豪華雙床房（微波爐+小冰箱）:HK$1,229']"
日照百替温德姆花園度假酒店,8.6,"['豪華觀景雙床房:HK$805', '豪華觀景大床房:HK$805', '海景雲端雙床房:HK$910', '海景雲端大床房:HK$910', '180℃海景庭院雙床房:HK$991']"
日照大酒店（萬平口世帆基地店）,8.8,"['舒適雙床房:HK$573', '舒適大床房:HK$598', '潮汐海景雙床房:HK$789', '潮汐海景大床房:HK$824', '心悦温馨家庭房:HK$968']"
安泰海洋美學酒店,9.3,"['禮舍.近海榻榻米:HK$894', '雲舍·謐境榻榻米:HK$894', '雲舍·聽濤小院雙床房:HK$1,113', '拾海·小築大床房:HK$1,222', '禮舍·親海庭院大床房:HK$1,222']"
日照希爾頓花園酒店（大學城店）,9.7,"['花園高級雙床房:HK$650', '花園豪華大床房:HK$650', '花園無障礙客房:HK$666', '花園尊享大床房:HK$677', '花園豪華雙床房:HK$693']"
花築奢·禔福客棧（日照萬平口東夷小鎮店）,9.2,"['秋意·雅緻雙床房（慕思零壓床墊）:HK$1,231', '秋意·雅緻大床房（慕思零壓床墊）:HK$1,231', '春覓·親子雙床房（慕思零壓床墊+純棉貢緞+鵝絨被芯）:HK$1,355', '春覓·親子大床房（慕思零壓床墊+純棉貢緞+鵝絨被芯）:HK$1,355', '秋華·湖景雙床房（舒達零壓床墊+TOTO衞浴）:HK$1,478']"
日照裏宿,9.3,"['商務投影雙床:HK$665', '日落電視榻榻米大床房:HK$706', '日落投影榻榻米大床房:HK$706', '海景大床房:HK$731']"
日照M美玥酒店,9.4,"['安玥大床房（智能客控+AI音響+落地窗景）:HK$532', '星玥親子房（智能客控+寬敞空間+落地窗景）:HK$562', '覽玥雙床房（智能客控+AI音響+落地窗景）:HK$565', '城景家庭房:HK$590', '覽玥大床房（智能客控+AI音響+落地窗景）:HK$598']"
日照海景花園大酒店（萬平口東夷小鎮店）,9.2,"['豪華公寓（無窗）:HK$577', '經濟雙床房:HK$783', '標準大床房:HK$783', '豪華雙床房:HK$936', '商務雙床房:HK$1,110']"
日照喜來登酒店,9.4,"['海景大床房:HK$1,463', '海景雙床房:HK$1,484', '行政海景大床房:HK$1,703', '行政海景雙床房:HK$1,758', '行政海景套房:HK$2,796', '迎賓海景套房:HK$3,889']"
日照天德國際大酒店（萬平口東夷小鎮店）,8.9,"['高級大床房:HK$644', '高級雙床房:HK$648', '45度海景雙床房:HK$753', '45度海景大床房:HK$753', '180度奢享海景大床房:HK$948']"
蘭歐國際酒店（日照大學城安泰廣場店）,9.6,"['蘭逸智能大床房『智能客控+安眠床墊+AI語音』:HK$533', '高級大床房『AI語音+投屏電視+迷你冰箱+近海攬景』:HK$582', '高級雙床房『AI語音+零壓酣眠+迷你冰箱+超大辦公』:HK$582', '豪華大床房『智能音控+投屏電視+迷你冰箱+智能馬桶』:HK$611', '行政大床房『奢闊床眠+智能投屏+迷你冰箱+智能馬桶』:HK$647']"
日照上水山野1977藝術酒店,9.4,"['童真大床房:HK$373', '近水大床房:HK$402', '童真雙床房:HK$402', '童趣三人間:HK$481', '童趣親子房:HK$550']"
日照藍海朗汀酒店（日照站店）,9.4,"['悦享大床房（慕斯床墊+電動窗簾）:HK$526', '悦享雙床房（慕斯床墊+電動窗簾）:HK$526', '尊享大床房（慕斯床墊+電動窗簾）:HK$580', '尊享雙床房（慕斯床墊+電動窗簾）:HK$580', '智享大床房（慕斯床墊+高樓層+落地窗+小冰箱）:HK$634']"
日照福朋喜來登酒店,8.9,"['高級大床房:HK$1,038', '高級雙床房:HK$1,038', '精選大床房:HK$1,082', '精選雙床房:HK$1,082', '城景雙床房:HK$1,082', '城景大床房:HK$1,126']"
日照賓館,9.6,"['特價大床房:HK$763', '特價標準間:HK$763', '商務大床房:HK$872', '商務標準間:HK$872', '別墅大床房:HK$982']"
花築·趣海雅苑民宿（日照海濱國家森林公園店）,9.5,"['錦海·温罄園夢大床房+智能化粧鏡+智能馬桶:HK$602', '前海·近海雙大床房+智能化粧鏡:HK$770', '山海·奢華家庭親子房+小童帳篷+智能化粧鏡+智能馬桶:HK$935', '林海·套房兩室一廳+沙發+智能化粧鏡+智能馬桶:HK$935']"
花築·日照和佰和民宿（山海天旅遊度假區店）,9.8,"['棲心·親子房 | 智能客控+巨幕投影+直飲水+智能馬桶:HK$861', '佰和·LOFT雙床房 | 智能客控+巨幕投影+直飲水:HK$1,057', '千潯·雙床房 | 智能客控+巨幕投影+直飲水+智能馬桶:HK$1,144', '雲水·家庭滑梯房 | 智能客控+巨幕投影+直飲水:HK$1,454']"
日照東湖開元名都大酒店,9.6,"['開元名都大床房:HK$1,476', '別墅大床房:HK$1,476', '開元名都雙床房:HK$1,585', '行政大床房:HK$1,804', '別墅小套房:HK$2,186', '豪華套房:HK$2,623']"
麗怡酒店（日照萬象滙萬平口景區店）,9.7,"['高級大床房（慕斯零壓床墊+智能客控）:HK$690', '豪華大床房（慕斯零壓床墊+智能客控）:HK$715', '行政大床房（慕斯零壓床墊+智能客控）:HK$739', '豪華雙床房（慕斯零壓床墊+智能客控）:HK$739', '行政雙人房（慕斯零壓床墊+智能客控）:HK$763']"
日照不負·泉山雲頂野奢美宿,9.5,"['獨棟轟趴館·桌球|麻將|中央空調|團建聚會:HK$1,081', '270°山景露台大床房|看日落|智能馬桶|零壓床墊:HK$1,197', '落地窗庭院大床房|獨立客廳|智能馬桶|零壓床墊:HK$1,197', '獨棟臻墅·大床房|浴缸|露台|小院|智能馬桶|零壓床墊:HK$1,383']"
日照海景麗呈酒店（萬平口東夷小鎮店）,9.1,"['麗享商務大床房:HK$827', '麗享商務雙床房:HK$827', '麗景豪華大床房（45°海景）:HK$970', '麗景豪華雙床房（45°海景）:HK$970', '麗舒豪華三床房:HK$1,113']"
日照十二星座野奢美宿,9.8,"['巨蟹座· 獨棟親子泳池別墅:HK$940', '摩羯座· 單卧獨棟情侶泳池別墅:HK$1,018', '天蠍座· 獨棟親子泳池別墅:HK$1,018', '處女座·山景獨棟親子別墅（全屋智能+雙卧室+獨立泳池+雙衞+客廳+庭院）:HK$1,247', '天秤座· 山景獨棟別墅（全屋智能+雙卧室+獨立泳池+雙衞+客廳+庭院寵物友好）:HK$1,247']"
花築·潤山左右民宿（日照春風十里店）,9.8,"['月華·雅緻大床房|花園庭院+沙發茶几:HK$490', '素秋·輕奢親子房|花園庭院+沙發茶几:HK$613', '夢蝶·庭院親子房|花園庭院+沙發茶几:HK$859', '卿雲·庭院親子房|花園庭院+沙發茶几:HK$895']"
花築·日照雲捲雲舒民宿（日照海濱國家森林公園店）,9.5,"['看雪·大床房「花園庭院」:HK$602', '聽雨·小童滑梯親子房「高清投影+全屋智能+花園庭院」:HK$899', '雲捲雲舒·滑梯親子家庭房 | 高清投影+全屋智能+庭院:HK$899', '觀日·露台LOFT家庭套房「智能客控+花園庭院」:HK$899']"
日照萬平口東夷小鎮希爾頓歡朋酒店,9.5,"['舒適雙床房（Serta床墊+彼得羅夫洗護+人體工學椅）:HK$1,066', '舒適大床房（Serta床墊+彼得羅夫洗護+人體工學椅）:HK$1,066', '高級大床房（Serta床墊+彼得羅夫洗護+人體工學椅）:HK$1,207', '高級雙床房（Serta床墊+彼得羅夫洗護+人體工學椅）:HK$1,207', '豪華大床房（Serta床墊+彼得羅夫洗護+人體工學椅）:HK$1,483']"
日照萊頓海景酒店,9.2,"['豪華大床房:HK$862', '豪華雙床房:HK$974', '商務海景大床（側面看海）:HK$974', '商務海景雙床房（側面看海）:HK$1,090', '行政海景大床房（側面看海）:HK$1,090']"
日照東林海酒店,8.8,"['特惠大床房:HK$654', '特惠雙床房:HK$654', '豪華大床房:HK$730', '豪華雙床房:HK$730']"
歡漫酒店（日照大學城萬達廣場店）,9.9,"['忻悦大床房丨小冰箱+65寸電視+智能小度+智能馬桶:HK$689', '高級雙床房丨小冰箱+65寸電視+智能小度+智能馬桶:HK$736', '高級大床房丨小冰箱+65寸電視+智能小度+智能馬桶:HK$736', '豪華大床房丨小冰箱+65寸電視+智能小度+智能馬桶:HK$782', '豪華雙床房丨小冰箱+65寸電視+智能小度+智能馬桶:HK$782']"
日照星島奇幻樂園酒店（桃花島景區店）,9.3,"['奇幻樂園親子房（小童樂園+迷你冰箱+徠芬吹風機）:HK$1,079', '奇幻海洋雙床房（小童樂園+迷你冰箱+徠芬吹風機）:HK$1,079', '星島海洋親子房（一線海景+小童樂園+迷你冰箱）:HK$1,515', '海景太空艙大床房（海景陽台+電動沙發床+智能馬桶）:HK$1,736', '海景太空艙榻榻米（海景落地窗+小童樂園+智能馬桶）:HK$1,736']"
布可不住酒店（日照第三海水浴場店）,9.7,"['雅緻大床房（小冰箱）:HK$499', '舒適大床房（小冰箱）:HK$518', '高級雙床房（小冰箱）:HK$527', '尊享大床房（小冰箱）:HK$556', '親子家庭房（小冰箱）:HK$556']"
雲海經典海景公寓（日照萬平口燈塔廣場店）,9.6,"['海景兩居雙床套房【投影】:HK$1,269', '豪華海景親子套房:HK$1,288', '日式兩居雙床套房【榻榻米】【投影】:HK$1,392', '休閑鞦韆•投影•積木桌•兩居三床套房（帶榻榻米）:HK$1,734']"
M夜柏酒店（東夷小鎮萬達廣場店）,9.2,"['雅緻大床房（全屋智能+零壓床墊+智能馬桶）:HK$519', '尊享大床房（全屋智能+零壓床墊+智能馬桶）:HK$541', '尊享雙床房（全屋智能+零壓床墊+智能馬桶）:HK$586', '豪華大床房（全屋智能+零壓床墊+智能馬桶）:HK$615', '豪華雙床房（全屋智能+零壓床墊+智能馬桶）:HK$660']"
日照開元森泊度假酒店,9.2,"['豪華大床房:HK$1,487', '城市觀景大床房:HK$1,694', '海景大床房:HK$1,913', '海景雙床房:HK$1,913', '小海森大床房:HK$1,913', '甄選木屋大床房:HK$1,913']"
日照美悦雲禧酒店,9.3,"['商務大床房-智能客控-智能馬桶:HK$1,083', '商務雙床房-智能客控-智能馬桶:HK$1,083', '豪華大床房-智能客控-智能馬桶:HK$1,192', '豪華雙床房-智能客控-智能馬桶:HK$1,192', '荷里活雙床房-智能客控-智能馬桶（可拼床）:HK$1,192']"
觀海藝術酒店（日照多島海店）,9.3,"['標準山景雙床房:HK$797', '標準海景大床房:HK$968', '海景大床房:HK$1,103', '山景大床房:HK$1,140', '山景雙床房:HK$1,140', '高級海景大床房:HK$1,149']"
凱里亞德酒店（日照萬平口景區日照站店）,9.6,"['樂享大床房【語音客控+智能馬桶】:HK$492', '榮享智能大床房【語音客控+智能馬桶】:HK$543', '榮享智能雙床房【語音客控+智能馬桶】:HK$578', '尊享大床房【語音客控+智能馬桶】:HK$630']"
日出悅海大酒店（日照萬平口景區日照站店）,9.3,"['商務大床房:HK$689', '商務雙床房:HK$689', '荷里活房:HK$749', '商務海景大床房:HK$823', '行政大床房:HK$823']"
日照蘇寧諾富特酒店,9.2,"['精選大床房（尊享斯林百蘭床墊）:HK$665', '精選雙床房（浴缸享尊貴）:HK$665', '高級大床房（尊享斯林百蘭床墊）:HK$706', '高級雙床房（浴缸享尊貴）:HK$706', '豪華大床房（全景落地窗）:HK$883', '豪華雙床房（全景落地窗）:HK$883']"
悦湖和院酒店（日照萬平口景區店）,9.5,"['獨立庭院-經濟大床房（乳膠床墊+高級床品）:HK$457', '獨立庭院-舒適大床房（智能客控+乳膠床墊+高級床品）:HK$533', '獨立庭院-豪華大床房（智能客控+高級床品+乳膠床墊）:HK$752', '獨立庭院-奢華大床房車（智能馬桶+乳膠床墊+電動窗簾）:HK$752']"
日照萬平口景區錦江都城酒店,9.8,"['探索大床房:HK$786', '探索雙床房:HK$786', '行政尊享大床房:HK$848', '行政尊享雙床房:HK$866', '妙想主題大床房:HK$937']"
亞朵酒店（日照市政府店）,9.6,"['幾木大床房（浴袍+小冰箱）:HK$655', '幾木雙床房（浴袍+小冰箱）:HK$691', '籃球主題大床房（浴袍+小冰箱）:HK$700', '籃球主題雙床房（浴袍+小冰箱）:HK$727', '幾木享浴大床房（浴袍+小冰箱）:HK$772']"
日照嵐橋錦江大酒店（山海天浴場太公島牡蠣公園店）,9.3,"['高級園景雙床房:HK$807', '高級海景大床房:HK$807', '豪華海景大床房:HK$861', '豪華海景雙床房:HK$861', '行政海景雙床房:HK$971', '行政海景大床房:HK$971']"
日照站海濱五路亞朵酒店,9.7,"['高級大床房:HK$718', '高級雙床房:HK$772', '行政大床房（語音客控+小冰箱）:HK$772', '幾木大床房（語音客控+小冰箱）:HK$808', '行政雙床房（語音客控+小冰箱）:HK$834']"
攬日悦海LOFT海景公寓（日照萬象滙店）,9.8,"['瀾海郡·日式和風丨榻榻米·海濱海景房:HK$873', '芷蘭汀·輕奢雅緻·海景大床房（巨幕影院+超大榻榻米+洗衣機+冰箱+海上日出）:HK$1,196', '月半灣·日式和風丨榻榻米·日出海景房（枯山水看海）:HK$1,196', '浪花嶼LOFT丨海上日出 · 地中海家庭影院親子房（高空看海+海盜漁船+迷你冰箱+洗衣機）:HK$1,399']"
日照東夷小鎮得驛伴海庭墅酒店,9.3,"['院景雙床房（乳膠床墊+四合院景）:HK$556', '院景大床房（中央空調+零感乳膠床）:HK$556', '景觀雙床房（河景陽台+乳膠床墊）:HK$683', '景觀大床房（河景陽台+乳膠床墊）:HK$683', '街景大床房（超大露台+古鎮夜景）:HK$713']"
