酒店名称,评分,房型价格列表
普洱隱心居·藝術酒店,9.0,"['雲隱青棲大床房（好眠記憶棉枕+小度全屋智能）:HK$210', '無隱青棲大床房（好眠記憶棉枕+小度全屋智能）:HK$210', '無隱清歡大床房A户型:HK$226', '無隱清歡大床房C户型（好眠記憶棉枕+小度全屋智能）:HK$245']"
普洱歡季酒店（思茅區鼎城國際店）,9.1,"['舒適大床房【輕奢床墊+徠芬吹風機+雲朵羽絨被】:HK$199', '高級雙床房【輕奢床墊+徠芬吹風機+雲朵羽絨被】:HK$215', '高級大床房【輕奢床墊+徠芬吹風機+雲朵羽絨被】:HK$233', '行政大床房【輕奢床墊+徠芬吹風機+雲朵羽絨被】:HK$269']"
普洱鴻錦客棧,9.6,"['鴻錦榻榻米大床房:HK$184', '鴻錦標準雙床房:HK$196', '鴻錦院景雙床間:HK$198', '鴻錦豪華雙床房:HK$233']"
普洱凱冠酒店（創基尚城梅子湖店）,9.6,"['高級大床房:HK$216', '逸境·典致雙床房【智能客控+零壓床墊+疾速獨立WiFi】:HK$216', '童夢·温馨親子房【智能客控+親膚床品+童趣玩偶】:HK$268', '尊享輕奢大床房:HK$296']"
普洱金曼酒店,8.9,"['悦致·安逸大床房「舒適深眠+採光通風」:HK$146', '悦致·舒適雙床房「辦公座椅+遮光窗簾」:HK$149', '星辰·豪華行政三床房「辦公桌椅+柔軟親膚四件套」:HK$209']"
濮溪酒店（普洱高鐵站店）,9.3,"['樂享雙床房（酒店公區提供自助洗衣房）:HK$126', '雅緻雙床房（酒店公區提供自助洗衣房）:HK$145', '雅緻大床房（酒店公區提供自助洗衣房）:HK$151', '雅緻三人間（酒店公區提供自助洗衣房）:HK$251']"
普洱香土故事香印酒店（思茅茶馬古鎮店）,9.4,"['特惠房:HK$222', '街景陽光雙床房（舒適·金可兒護脊床墊）:HK$229', '榻榻米特大床房（特大床·金可兒護脊床墊）:HK$254', '街景陽光大床房（舒適·金可兒護脊床墊）:HK$260']"
住在咖啡廳假日酒店,9.0,"['特價雙床房:HK$217', '濃縮時光（輕奢雙床房）:HK$227', '咖.啡爵士（輕奢雙床房）:HK$227', 'LATTE藝術（輕奢雙床房）:HK$227']"
朝林大酒店（普洱思茅區戴家巷古建築羣店）,9.5,"['福利寶藏房:HK$214', '睡到自然醒大床房（夜晚好眠+乾濕分離）:HK$235', '睡到自然醒雙床房（夜晚好眠+乾濕分離）:HK$246', '滾來滾去超級大床房:HK$266']"
龍源智慧酒店,9.5,"['緣逸•智慧清新大床房:HK$198', '緣棲•智慧清新雙床房:HK$212', '緣選•智慧清新豪華雙床房:HK$236', '緣享•智慧清新豪華大床房:HK$254']"
融舍民宿（思茅一中戴家巷店）,9.4,"['豪華大床房:HK$164', '豪華雙床房:HK$219']"
普洱鉑曼酒店（創基尚城店）,8.4,"['行政精品大床房:HK$175', '行政標間:HK$199', '行政大床房:HK$199', '行政單間套房:HK$232']"
普洱西鳳大酒店,9.3,"['雅緻大床房:HK$172', '雅緻三人間:HK$205', '普通標間:HK$238', '豪華單間:HK$260']"
普洱曼迪酒店,9.5,"['曼尊精品雙床房:HK$229', '曼享雅緻大床房:HK$232', '曼尊雅緻大床房:HK$250', '曼尊精品大床房:HK$262', '曼享精品雙床房:HK$267']"
博煜智慧酒店（茶馬古鎮機場店）,9.6,"['煜夜入眠雙床房（全屋智能·鵝絨除蟎床品·九牧衞浴）:HK$171', '煜夜入眠大床房（全屋智能·鵝絨除蟎床品·九牧衞浴）:HK$242', '煜.樂融融親子房（全屋智能+鵝絨除蟎床品+九牧衞浴））:HK$258', '煜境聽風大床房（全屋智能·鵝絨除蟎床品·九牧衞浴）:HK$262']"
錦泊酒店（茶馬古城店）,8.8,"['玉蕊特價房:HK$202', '雅緻雙床房:HK$223', '輕奢唯美雙床房:HK$224', '雅緻大床房:HK$252']"
建國璞隱酒店（普洱茶源廣場店）,9.6,"['詠蘭居大床房A:HK$364', '暗香居大床房:HK$390', '凌霜居雙床房:HK$398', '暗香居景觀大床房:HK$415']"
普洱凱邦酒店（梅子湖小童醫院店）,9.5,"['凱悦·景緻大床房（副樓）:HK$190', '凱悦·景緻雙床房（副樓）:HK$203', '凱雅·城景雙床房:HK$223', '凱雅·城景大床房:HK$254']"
宜必思尚品酒店（普洱茶馬古鎮店）,9.7,"['商務大床房【65寸智能投屏電視 | 金可兒床墊】:HK$271', '商務雙床房【65寸智能投屏電視|金可兒床墊】:HK$290', '家庭房（65寸智能投屏電視 | 金可兒床墊）:HK$337']"
鑫盈酒店,9.4,"['靜享智能大床房:HK$209', '靜謐智能雙床房:HK$209', '沉夜入夢豪華智能雙床房:HK$249', '久別逢春豪華智能大床房:HK$250']"
普洱曼城商務酒店（陽光新城店）,9.2,"['樂享雙床房:HK$216', '樂享大床房:HK$227', '舒適雙床房:HK$247', '清新大床房:HK$269']"
普洱至禧精品酒店 （思茅機場店）,9.5,"['特惠大床房:HK$153', '特惠雙床房:HK$163', '高級大床房:HK$170', '高級雙床房:HK$177']"
普洱長祿酒店（陽光悦城戴家巷古建築羣店）,9.4,"['精品智能大床房:HK$297', '新中式套房（非智能）（按摩椅）:HK$297', '輕奢智能雙床房:HK$317', '輕奢智能大床房:HK$317', '全景智能雙床房:HK$344']"
普洱漢成酒店,8.6,"['特惠大床房:HK$105', '特惠大標間:HK$108', '陽光清新大床房:HK$130', '豪華雙床房:HK$130']"
如家商旅酒店（普洱人民路店）,9.5,"['大床房A:HK$178', '商務大床房:HK$211', '雙床房A:HK$219', '高級大床房:HK$243']"
普洱廷苑別墅客棧（茶馬古城店）,9.6,"['豪華標間:HK$205', '豪華單間:HK$205', '豪華大床房:HK$246', '豪華親子套房:HK$566']"
普洱寶卿客棧（茶馬古城店）,9.0,"['商旅特惠雙床房:HK$142', '特惠複式閣樓大床房:HK$142', '古街陽台雙床房:HK$162', '複式閣樓大床房:HK$162']"
普洱青雲別院,9.2,"['103大床房:HK$137', '101雙床房:HK$143', '303大床房:HK$144', '202大床房:HK$144']"
維也納國際酒店（普洱思茅機場店）,9.5,"['高級大床房:HK$297', '親子雙床房:HK$338', '豪華大床房:HK$347', '豪華雙床房:HK$347']"
濮溪酒店（石龍路店）,8.9,"['特惠雙床房（酒店公區洗衣房）:HK$130', '樂享大床房（酒店公區洗衣房）:HK$140', '樂享雙床房（酒店公區洗衣房）:HK$140', '精品雙床房（酒店公區洗衣房）:HK$144']"
曼臻酒店（普洱高鐵站店）,9.6,"['精品雙床房:HK$238', '臻選雙床房:HK$298', '臻選大床房:HK$298', '慕思大床房:HK$320']"
普洱景逸酒店（茶馬古城店）,9.0,"['小標間:HK$148', '豪華單人間:HK$166', '豪華雙人間:HK$194', '豪華商務標間:HK$239']"
錦緣智慧酒店（創基尚城博雅中學店）,9.0,"['精選特惠大床房（小度全屋智慧+獨立空調+深度睡眠）:HK$241', '錦瑟-至尊大床房（小度全屋智慧+零壓床墊+中央空調）:HK$254', '錦鯉-商務雙床房（小度全屋智慧+深度睡眠+零壓床墊）:HK$254', '錦華華庭大床房（小度全屋智慧+深度睡眠+優選床品）:HK$344']"
普洱思茅智選假日酒店（戴家巷店）,9.4,"['高級房·超大床:HK$268', '高級房·雙床:HK$340', '高級房·超大床（無障礙）:HK$356', '高級房:HK$394', '高級房·荷里活雙床:HK$394']"
普洱1974酒店（墨江路蘭花美食街店）,9.3,"['特惠豪華標間:HK$205', '豪華標間:HK$216', '行政單間:HK$238', '零壓雙床房:HK$238']"
普洱1974酒店（高鐵站店）,9.2,"['特惠雙床房:HK$173', '豪華單間:HK$195', '豪華標間:HK$205', '零壓大床房:HK$227']"
普洱芊木集民宿,9.5,"['芊木優選大床房:HK$138', '芊木精選大床房:HK$147', '芊木精選雙床房:HK$147', '精選家庭房:HK$199']"
翠谷酒店（創基尚城店）,9.1,['翠谷·特惠大床房（獨立空調-極速恆温熱水-舒適床墊）:HK$132']
普洱方洲國際酒店（思茅梅子湖店）,9.6,"['高級大床房·落地窗·高速吹風機:HK$392', '露天雙床房·舒適床品·非落地窗:HK$425', '商務大床房·迷你冰箱·智能馬桶·體脂秤:HK$436', '高級雙床房·落地窗·高速吹風機:HK$458', '影音大床房·智能投影儀·迷你冰箱:HK$502']"
普洱欣普智慧酒店（茶馬古鎮思茅機場店）,9.7,"['休閑麻將房「寬敞通透+智能客控+電動麻將桌」:HK$271', '靜雅智慧大床房「舒睡助眠床墊+休閑軟沙發+智能客控」:HK$271', '靜雅智慧雙床房（舒睡助眠床墊+休閑軟沙發+辦公桌椅）:HK$271', '悠靜智慧雙床房「陽光滿屋+休閑軟沙發+辦公桌椅」:HK$282']"
普洱雲璟國際花園酒店,9.3,"['雲瑞雙床房-森林氧吧、超大落地窗:HK$419', '雲瑞大床房-森林氧吧、超大落地窗:HK$419', '雲璟大床房（180°山景陽台）:HK$520', '雲璟雙床房（180°山景陽台）:HK$538', '雲祥雙床房（沐浴池，超大山景陽台）:HK$578']"
普洱文港酒店（創基尚城店）,9.3,"['悦享大床房:HK$175', '輕奢雙床房:HK$187', '尊品大床房:HK$205', '優選雙床房:HK$214']"
普洱花竺酒店（創基尚城梅子湖店）,8.5,"['特惠雙床房:HK$186', '特惠大床房:HK$186', '高級雙床房:HK$198', '高級大床房:HK$203']"
普洱鉑曼酒店（高鐵站店）,9.1,"['咖享|商務大床房【金可兒床墊＋康乃馨布草＋智能馬桶】:HK$350', '咖享|商務雙床房【金可兒床墊＋康乃馨布草＋智能馬桶】:HK$378', '茶享|豪華標間【金可兒床墊＋康乃馨布草＋智能馬桶】:HK$463', '童趣親子房【金可兒床墊＋康乃馨布草＋智能馬桶窗簾】:HK$562', '茶享|豪華三人間【金可兒床墊＋康乃馨布草＋智能馬桶】:HK$704']"
普洱森泉·養心逸境·輕奢度假美宿（茶馬古城店）,9.7,"['巨幕投影大床房+智能馬桶+漢斯格雅淋浴+乳膠枕:HK$578', '泉語·巨幕投影雙床房+智能馬桶+漢斯格雅淋浴+乳膠枕:HK$636', '雙棲·Loft豪華大床房+智能馬桶+漢斯格雅淋浴+乳膠枕:HK$671', '青巒·茶台浴缸大床房+智能馬桶+漢斯格雅淋浴+乳膠枕:HK$740']"
木舍時尚酒店（普洱學院店）,9.2,"['木舍雅緻大床房（140織新疆長絨棉親膚布草+深睡整晚）:HK$136', '木舍雅緻雙床房（140織新疆長絨棉親膚布草+深睡整晚）:HK$136', '莫蘭迪時尚雙床房（140織新疆長絨棉親膚布草+深睡整晚:HK$146', '莫蘭迪時尚大床房（140織新疆長絨棉親膚布草+深睡整晚）:HK$157']"
普洱蔓舍民宿,9.8,"['覓知:HK$244', '初心:HK$254', '隨遇:HK$293', '餘歡:HK$352']"
普洱建華酒店（創基尚城店）,9.4,"['舒適大床房:HK$401', '精緻雙床房:HK$439', '舒適雙床房:HK$453', '精緻大床房:HK$513']"
普洱恆悅酒店（思茅區創基尚城店）,9.6,"['零壓睡眠大床房 |智能客控+三分離衞浴+零壓枕:HK$244', '豪華尊享雙床房 |智能客控+三分離衞浴+零壓枕:HK$266', '豪華尊享大床房 |智能客控+三分離衞浴+零壓枕:HK$266', '主題親子家庭房 |智能客控+三分離衞浴+零壓枕:HK$318']"
慵懶客棧,9.8,"['暖居雙床房:HK$212', '一笑梨窩大床房:HK$226', '初心投影大床房:HK$252', '且慢大床房:HK$254']"
