酒店名称,评分,房型价格列表
茶香院子民航酒店,9.6,"['私密好眠大床房（母嬰級親膚鵝絨床品+入眠不覺金可兒床墊+深睡怡眠記憶枕+恆温馬桶+釋壓解困精油洗護品+小度全屋智能+絲滑綿柔SPA級沐浴花灑）:HK$201', '私密影院大床房（母嬰級親膚鵝絨床品+入眠不覺金可兒床墊+深睡怡眠記憶枕+恆温馬桶+釋壓解困精油洗護品+小度全屋智能+絲滑綿柔SPA級沐浴花灑）:HK$207', '入眠不覺大床房（母嬰級親膚鵝絨床品+入眠不覺金可兒床墊+深睡怡眠記憶枕+恆温馬桶+釋壓解困精油洗護品屏+小度全屋智能+絲滑綿柔SPA級沐浴花灑）:HK$217', '舒心影院大床房（母嬰級親膚鵝絨床品+入眠不覺金可兒床墊+深睡怡眠記憶枕+恆温馬桶+釋壓解困精油洗護品+小度全屋智能+絲滑綿柔SPA級沐浴花灑）:HK$224']"
普洱曼迪酒店,9.5,"['曼享雅緻大床房:HK$232', '曼尊雅緻大床房:HK$248', '曼尊精品大床房:HK$262', '曼享精品雙床房:HK$266', '曼尊精品雙床房:HK$275']"
普洱梅子湖度假酒店,9.4,"['靜謐雙床房:HK$730', '靜謐大床房:HK$730', '森林雙床房:HK$948', '森林大床房:HK$948', '陽台全景大床房:HK$1,077', '陽台全景雙床房:HK$1,077']"
普洱歡季酒店（思茅區鼎城國際店）,9.1,"['舒適大床房【輕奢床墊+徠芬吹風機+雲朵羽絨被】:HK$199', '高級雙床房【輕奢床墊+徠芬吹風機+雲朵羽絨被】:HK$215', '高級大床房【輕奢床墊+徠芬吹風機+雲朵羽絨被】:HK$233', '行政大床房【輕奢床墊+徠芬吹風機+雲朵羽絨被】:HK$269']"
普洱思茅智選假日酒店（戴家巷店）,9.4,"['高級房·超大床:HK$268', '高級房·雙床:HK$340', '高級房·超大床（無障礙）:HK$356', '高級房:HK$394', '高級房·荷里活雙床:HK$394']"
普洱香土故事香印酒店（思茅茶馬古鎮店）,9.5,"['特惠房:HK$222', '街景陽光雙床房（舒適·金可兒護脊床墊）:HK$229', '街景陽光大床房（舒適·金可兒護脊床墊）:HK$248', '榻榻米特大床房（特大床·金可兒護脊床墊）:HK$254']"
濮溪酒店（普洱高鐵站店）,9.3,"['樂享雙床房（酒店公區提供自助洗衣房）:HK$126', '雅緻雙床房（酒店公區提供自助洗衣房）:HK$145', '雅緻大床房（酒店公區提供自助洗衣房）:HK$151', '雅緻三人間（酒店公區提供自助洗衣房）:HK$251']"
全季酒店（普洱茶苑路店）,9.7,"['高級大床房（智能語音客控|小冰箱|65寸智能投屏電視）:HK$428', '商務大床房（智能語音客控|小冰箱|65寸智能投屏電視）:HK$488', '商務雙床房（智能語音客控|小冰箱|65寸智能投屏電視）:HK$587', '家庭房（智能語音客控 | 小冰箱 | 65寸智能投屏電視）:HK$687']"
維也納國際酒店（普洱思茅機場店）,9.5,"['高級大床房:HK$297', '親子雙床房:HK$338', '豪華大床房:HK$347', '豪華雙床房:HK$347']"
普洱方洲國際酒店（思茅梅子湖店）,9.6,"['高級大床房·落地窗·高速吹風機:HK$392', '露天雙床房·舒適床品·非落地窗:HK$425', '商務大床房·迷你冰箱·智能馬桶·體脂秤:HK$436', '高級雙床房·落地窗·高速吹風機:HK$458', '影音大床房·智能投影儀·迷你冰箱:HK$502']"
建國璞隱酒店（普洱茶源廣場店）,9.6,"['詠蘭居大床房A:HK$368', '暗香居大床房:HK$394', '凌霜居雙床房:HK$403', '暗香居景觀大床房:HK$420']"
普洱雲璟國際花園酒店,9.3,"['雲瑞雙床房-森林氧吧、超大落地窗:HK$482', '雲瑞大床房-森林氧吧、超大落地窗:HK$482', '雲璟大床房（180°山景陽台）:HK$580', '雲璟雙床房（180°山景陽台）:HK$580', '雲祥雙床房（沐浴池，超大山景陽台）:HK$629']"
普洱鉑曼酒店（高鐵站店）,9.1,"['咖享|商務大床房【金可兒床墊＋康乃馨布草＋智能馬桶】:HK$350', '咖享|商務雙床房【金可兒床墊＋康乃馨布草＋智能馬桶】:HK$378', '茶享|豪華標間【金可兒床墊＋康乃馨布草＋智能馬桶】:HK$463', '童趣親子房【金可兒床墊＋康乃馨布草＋智能馬桶窗簾】:HK$562', '茶享|豪華三人間【金可兒床墊＋康乃馨布草＋智能馬桶】:HK$703']"
普洱倚象山營地暨半山酒店,9.2,"['雲上茶田.大房車（兩室一廳帶空調）:HK$1,035', '茶田·獨棟木屋雙床房.帶户外露台:HK$1,954', '茶田·獨棟帳篷露台雙床房:HK$2,090', '茶田·獨棟帳篷大床房.帶户外露台:HK$2,090', '雲境·獨棟木屋大床房.帶户外露台:HK$2,237']"
普洱九思素源酒店（普洱高鐵站店）,9.4,"['九思特惠房:HK$217', '九思精選雙床房+浴缸+一次性面巾浴巾:HK$255', '九思舒適大床房+浴缸+一次性面巾浴巾:HK$255', '素源高級大床房+浴缸+一次性面巾浴巾:HK$304']"
普洱和園,9.4,['豪華大床房:HK$467']
普洱花弄裏酒店,9.2,"['禪意豪華大床房:HK$633', '花園水景大床房:HK$686', '庭院高級大床房:HK$751', '庭院豪華大床房（戴森吹風機）:HK$817', '禪意泡池大床房（戴森吹風機）:HK$893']"
普洱森泉·養心逸境·輕奢度假美宿（茶馬古城店）,9.7,"['巨幕投影大床房+智能馬桶+漢斯格雅淋浴+乳膠枕:HK$578', '泉語·巨幕投影雙床房+智能馬桶+漢斯格雅淋浴+乳膠枕:HK$636', '雙棲·Loft豪華大床房+智能馬桶+漢斯格雅淋浴+乳膠枕:HK$671', '青巒·茶台浴缸大床房+智能馬桶+漢斯格雅淋浴+乳膠枕:HK$740']"
鑫盈酒店,9.4,"['靜享智能大床房:HK$209', '靜謐智能雙床房:HK$209', '沉夜入夢豪華智能雙床房:HK$241', '久別逢春豪華智能大床房:HK$250']"
普洱鴻錦客棧,9.6,"['鴻錦榻榻米大床房:HK$182', '鴻錦標準雙床房:HK$194', '鴻錦院景雙床間:HK$198', '鴻錦豪華雙床房:HK$232']"
普洱沐雲花園酒店（思茅區高鐵站店）,9.9,"['古巴風情甄選大床房（全屋智能小度+鵝絨枕芯被芯）:HK$776', '德里奧園景庭院大床房（全屋智能小度+鵝絨枕芯被芯）:HK$837', '哈瓦娜風情甄選大床房（全屋智能小度+鵝絨枕芯被芯）:HK$898', '阿維拉園景庭院大床房（全屋智能小度+鵝絨枕芯被芯）:HK$898', '馬亞里甄選影院雙床房（全屋智能小度+鵝絨枕芯被芯）:HK$933']"
朋來合院客棧（普洱茶小鎮店）,9.9,"['鳳凰窩·景觀大床房:HK$358', '海棠雅室·景觀陽台大床房:HK$369', '千家寨·景觀陽台雙床房:HK$380', '無量星輝·景觀陽台大床房:HK$380']"
夢景雅格酒店（思茅區茶馬古城店）,9.7,"['悠享•零壓雙床房:HK$535', '悠享•零壓大床房:HK$535', '靜享•雅緻大床房:HK$576', '靜享•雅緻雙床房:HK$576', '暢享•巨幕影院大床房:HK$644']"
普洱凱冠酒店（創基尚城梅子湖店）,9.6,"['高級大床房:HK$216', '逸境·典致雙床房【智能客控+零壓床墊+疾速獨立WiFi】:HK$216', '童夢·温馨親子房【智能客控+親膚床品+童趣玩偶】:HK$267', '謐境·尊享大床房【智能客控+50寸投屏+疾速獨立WiFi】:HK$296']"
思茅區宛在民宿,9.7,"['宛在大床房:HK$388', '宛在雙床房:HK$388', '宛在院景套房:HK$540']"
普洱金鳳大酒店,9.1,"['行政標間:HK$293', '行政豪華標間:HK$347', '商務標間:HK$402', '商務單間:HK$424', '三人家庭房:HK$642']"
茶靈酒店（茶馬古城南部集散中心店）,9.7,"['茶語大床房（小度智能+手機投屏）:HK$366', '茶語雙床房（小度智能+手機投屏）:HK$366', '茶享大床房（小度智能+手機投屏）:HK$389', '茶享雙床房（小度智能+手機投屏）:HK$389', '茶顏綠茵大床房（私享浴缸+森林氧吧+小度智能）:HK$446']"
曼臻酒店（普洱高鐵站店）,9.6,"['精品雙床房:HK$238', '臻選雙床房:HK$298', '臻選大床房:HK$298', '慕思大床房:HK$320']"
普洱綠谷酒店,9.5,"['豪華大床房:HK$2,545', '豪華雙床房:HK$2,545', '豪華套雙床房:HK$3,091', '豪華套大床房:HK$3,091', '家庭套房:HK$3,637', '高級雙卧家庭套房:HK$3,855']"
普洱曼悦酒店（悦城時光裏購物公園店）,9.2,"['悦享景觀雙床房:HK$325', '悦享豪華景觀大床房:HK$325']"
普洱鉑曼酒店（創基尚城店）,8.4,"['行政精品大床房:HK$175', '行政標間:HK$199', '行政大床房:HK$199', '行政單間套房:HK$232']"
普洱松縵酒店（思茅區悦城時光裏購物公園店）,9.6,"['松縵·拾逸大床房:HK$493', '松縵·拾光大床房（浴缸）:HK$525', '松縵·拾途雙床房:HK$533', '松縵·拾影大床房（浴缸+智能馬桶）:HK$628', '松縵·拾松親子房:HK$684']"
有風咖谷coffee｜forst garden美麗星村·咖啡基地度假莊園,9.6,"['Latte時風|精緻大床房:HK$950', 'Cortado和風|高級大床房:HK$1,013', 'Frappe嵐風|投影大床房:HK$1,136', 'Manning谷音|豪華大床房:HK$1,199', 'Geisha谷芒|豪華雙床房:HK$1,417']"
蔚景溫德姆酒店（普洱思茅區茶馬古鎮店）,9.4,"['温德姆·觀山影院大床房|專屬會員|大空間|品牌床墊:HK$492', '温德姆·觀山影院雙床房|專屬會員|大空間|品牌床墊:HK$492', 'WINGATE·高級大床房|貢緞床品|智能客控|新風系統:HK$498', 'WINGATE·高級雙床房|貢緞床品|智能客控|新風系統:HK$498', '蔚景·豪華大床房|四層隔音|全景落地窗|負離子吹風:HK$549']"
普洱隱心居·藝術酒店,9.1,"['雲隱青棲大床房（好眠記憶棉枕+小度全屋智能）:HK$210', '無隱青棲大床房（好眠記憶棉枕+小度全屋智能）:HK$210', '無隱清歡大床房A户型:HK$226', '無隱清歡大床房C户型（好眠記憶棉枕+小度全屋智能）:HK$245']"
江山花園·日式侘寂風美學民宿（普洱梅子湖店）,9.2,"['京都庭院·雙床房【日式庭院丨舒適床墊】:HK$425', '江山松月·大床房【自助茶室|全屋榻榻米】:HK$479', '東京宿居·靜逸雙床房【雲南普洱茶|榻榻米悠閑茶台】:HK$522', '千宿棲幕·家庭房【園景浴缸|全屋榻榻米盡情翻滾】:HK$575', '舞鶴·泡池套房【浴缸私湯房|竹園露台|極米投影】:HK$780']"
普洱南嶺客棧（茶馬古城店）,9.6,"['經典大床房:HK$147', '茶香雅緻雙床房:HK$147', '經典雙床房:HK$154', '茶香雅緻大床房:HK$174']"
朝林大酒店（普洱思茅區戴家巷古建築羣店）,9.5,"['福利寶藏房:HK$214', '睡到自然醒大床房（夜晚好眠+乾濕分離）:HK$235', '睡到自然醒雙床房（夜晚好眠+乾濕分離）:HK$245', '滾來滾去超級大床房:HK$266']"
BOON泊恩酒店（普洱創基尚城店）,9.2,"['暴富將至.陽台大床房丨冰淇淋+現磨Coffee+零食:HK$277', '日進斗金.舒睡雙床房丨冰淇淋+現磨Coffee+零食:HK$277', '得償所願.美式復古大床房丨冰淇淋+現磨Coffee+零食:HK$306', '錢程似錦.家庭影音房丨120寸高清會員投影丨:HK$317']"
建全・茶韻香瀾｜智能私湯庭院度假民宿（茶馬古城店）,9.8,"['曼松茶韻・智享舒逸雙床房「高速吹風機+智能客控衞浴」:HK$560', '易武茶韻・舒睡大床房「智能衞浴+智能客控+中央空調」:HK$627', '困鹿山・竹居山景大床房「智能衞浴+智能客控+中央空調」:HK$749', '昔歸竹庭・茶浴泡池大床房「泡池私湯+絕美庭院」:HK$783']"
普洱德庭花園酒店（思茅區戴家巷店）,9.8,"['特惠大床房（迷你Bar＆街景落地窗）（2號樓）:HK$611', '暢享大床房（街景落地窗＆迷你Bar）（2號樓）:HK$654', '特惠雙床房（迷你Bar＆街景落地窗）（2號樓）:HK$665', '暢享雙床房（街景落地窗＆迷你Bar）（2號樓）:HK$676', '陽光大床房（迷你小冰箱＆深睡記憶枕）:HK$709']"
雲上夕舍民宿,9.8,"['大床房:HK$313', '標準雙床房:HK$351', '豪華大床房:HK$358', '温馨家庭房:HK$461']"
普洱大開河咖啡莊園民宿,9.7,"['標準雙床房:HK$826', '標準大床房:HK$826', '高級親子房:HK$1,068', '豪華大床房:HK$1,554']"
宜必思尚品酒店（普洱茶馬古鎮店）,9.7,"['商務大床房【65寸智能投屏電視 | 金可兒床墊】:HK$302', '商務雙床房【65寸智能投屏電視|金可兒床墊】:HK$378', '家庭房（65寸智能投屏電視 | 金可兒床墊）:HK$492']"
普洱蔓舍民宿,9.8,"['覓知:HK$278', '初心:HK$288', '隨遇:HK$327', '餘歡:HK$386']"
融舍民宿（思茅一中戴家巷店）,9.4,"['豪華大床房:HK$142', '豪華雙床房:HK$218']"
普洱雲上舍下民宿,9.1,"['山居｜向晚｜豪華大床房【乾濕分離|慕思床墊|迷你冰箱|智能馬桶】:HK$642', '山憩｜卿雲奢享浴缸大床房【慕思床墊|浴缸|音響】:HK$752', '觀瀾|奢享浴缸大床房【乾濕分離|慕思床墊|音響】:HK$752', '見山｜扶光｜尊享雙床房【乾濕分離|慕思床墊||迷你冰箱|智能馬桶】:HK$763']"
普洱建華酒店（創基尚城店）,9.4,"['舒適大床房:HK$401', '精緻雙床房:HK$438', '舒適雙床房:HK$453', '精緻大床房:HK$512']"
普洱恆悅酒店（思茅區創基尚城店）,9.6,"['零壓睡眠大床房 |智能客控+三分離衞浴+零壓枕:HK$244', '豪華尊享雙床房 |智能客控+三分離衞浴+零壓枕:HK$266', '豪華尊享大床房 |智能客控+三分離衞浴+零壓枕:HK$266', '主題親子家庭房 |智能客控+三分離衞浴+零壓枕:HK$318']"
普洱凱邦酒店（梅子湖小童醫院店）,9.5,"['凱悦·景緻大床房（副樓）:HK$174', '凱悦·景緻雙床房（副樓）:HK$186', '凱雅·城景雙床房:HK$204', '凱雅·城景大床房:HK$233']"
