酒店名称,评分,房型价格列表
昊頤酒店（杭州西湖南宋御街店）,9.4,"['温馨大床房:HK$359', '悦享零壓大床房:HK$390', '悦享雙床房:HK$411', '尊享大床房:HK$422', '尊享雙床房:HK$484']"
歡迎酒店（杭州蕭山國際機場店）,9.5,"['行政大床房（智能馬桶，乳膠床墊，55寸投屏）:HK$?', '行政雙床房（智能馬桶，乳膠床墊，55寸投屏）:HK$?', '行政套房（智能馬桶，乳膠床墊，55寸投屏）:HK$?', '温馨親子行政套房（智能馬桶，乳膠床墊，55寸投屏）:HK$?', '高級大床房（智能馬桶，乳膠床墊，55寸投屏）:HK$?']"
宇優溪上度假酒店（杭州西溪濕地店）,9.3,"['零壓無窗雙床:HK$288', '温馨大床房:HK$386', '高級大床房:HK$425', '高級雙床房:HK$425', '觀景大床房:HK$458']"
臨安覓墅有山民宿（太湖源景區店）,10.0,"['四月雙床房（180°山景+地暖+拍照出片+休閑沙發+採光通透）:HK$860', '七月雙床房（180°山景+地暖+拍照出片+休閑沙發+採光通透）:HK$860', '三月大床房（270°山景+地暖+拍照出片+休閑沙發+採光通透）:HK$931', '五月大床房（榻榻米山景+地暖+拍照出片+休閑沙發+採光通透）:HK$931']"
杭州馬可波羅濱湖酒店（西湖湖濱店）,9.5,"['特惠大床房（無窗）:HK$328', '特惠雙床房（無窗）:HK$328', '豪華大床房:HK$437', '豪華雙床房:HK$470', '商務大床房:HK$492']"
杭州武林廣場西湖文化廣場西子裏·藝術酒店,9.6,"['宜居大床房【記憶深睡枕+藍牙音響+高速吹風機】:HK$291', '西湖山景雙床房【深睡記憶枕+藍牙音響+高速吹風機】:HK$318', '城景大床房【深睡記憶枕+藍牙音響+高速吹風機】:HK$330', '尊享城景大床房【高空城景+落地窗】:HK$353']"
西湖竹澗憶塘民宿,9.0,"['簡約雙床房:HK$320', '閣樓星空榻榻米房（帶露台）:HK$327', '特惠大床房:HK$327', '舒適雙床房:HK$355']"
輕氧臻選公寓式酒店（杭州奧體中心店）,9.4,"['INS輕奢大床房:HK$399', '複式簡約標準間:HK$399', '輕氧臻選雙床房:HK$438', '複式商務棋牌房:HK$493']"
CityNote希諾酒店（杭州濱江建業路地鐵站店）,9.4,"['樂活大床房（零壓床墊+智能客控+暢享桌球）:HK$402', '希諾大床房（零壓床墊+智能客控+暢享桌球）:HK$436', '希諾雙床房（零壓床墊+智能客控+暢享桌球）:HK$436', '豪華大床房（零壓床墊+智能客控+暢享桌球）:HK$468', '豪華雙床房（零壓床墊+智能客控+暢享桌球）:HK$468']"
嘉虹酒店（杭州西湖河坊街店）,9.5,"['青春懶人房（智能客房+小冰箱+榻榻米+電視投屏）:HK$365', '舒適雙床房（智能客房+小冰箱+電視投屏）:HK$365', '高級大床房（智能客房+小冰箱+電視投屏）:HK$438', '高級雙床房（智能客房+小冰箱+電視投屏）:HK$462']"
杭州璞憬酒店,9.5,"['智·雅緻大床房 （全屋智控、乳膠床墊、零壓枕頭）:HK$339', '景·甄選城景大床房（全屋智控、乳膠床墊、零壓枕頭）:HK$369', '景·甄選城景雙床房（全屋智控、乳膠床墊、零壓枕頭）:HK$399', '景·全視野凌空城景大床房（全屋智控乳膠床墊零壓枕）:HK$429', '璞·小黃鴨主題親子房（全屋智控、乳膠床墊、零壓枕）:HK$474']"
畫舍酒店（西湖湖濱河坊街店）,9.2,"['白雲·新風大床房【熟睡床|淋浴大水量|鬆弛空間】:HK$320', '白木·影音房【百寸高清觀影|淋浴體驗|安睡空間】:HK$340', '櫻落·觀景大床房【情侶主題|榻榻米|粉色主題】:HK$366', '杏花·景觀大床房（觀景|沙發瞌睡體驗|智能客控）:HK$432']"
浙江飯店,9.5,"['精緻大床房:HK$510', '精緻雙床房:HK$570', '城景大床房:HK$598', '城景雙床房:HK$646', '名人悦享大床房:HK$723']"
全季酒店（杭州火車西站店）,9.7,"['大床房:HK$361', '高級大床房:HK$370', '雙床房:HK$381', '商務大床房:HK$400']"
杭州汐糖民宿,9.6,"['河景大床房:HK$379', '院景大床房:HK$418', '懷舊大床房:HK$491', '榻榻米大床房:HK$565']"
念庭·NiTi 270°茶山觀景花園美宿（西湖靈隱寺店）,9.4,"['茯苓丨花園山景·大床房:HK$337', '剪秋丨觀山景·大床房:HK$337', '澤蘭丨觀山景·大床房:HK$348', '宜笑丨日式風·大床房:HK$382']"
柏納酒店（西湖文化廣場地鐵站店）,9.3,"['臻享大床房:HK$286', '商務大床房:HK$339', '臻享雙床房:HK$339', '零壓大床房:HK$416']"
西湖存翠居,9.5,"['高級閣樓大床房502:HK$332', '榻榻米房201、301、402:HK$379', '高級雙床房305:HK$399', '鞦韆大床房501:HK$425']"
杭州東海閑湖城·黃龍飯店,9.4,"['特惠雙床房:HK$436', '特惠園景大床房:HK$439', '園景雙床房:HK$512', '園景大床房:HK$546', '湖景雙床房:HK$654', '湖景大床房:HK$688']"
杭州爵優花園酒店（杭州錢江新城婺江路地鐵站店）,9.4,"['精緻大床房（無窗）:HK$251', '潔蕊塌塌米間:HK$251', '韻華精緻大床房:HK$302', '韻惜精品標間:HK$328']"
西湖方圓小舍,9.7,"['桂雨:HK$454', '尋芳:HK$476', '聽風:HK$507', '悦溪:HK$560']"
浙江西子賓館·汪莊·西湖名園,9.6,"['豪華單間:HK$1,616', '豪華大床房:HK$1,725', '豪華雙床房:HK$1,834', '豪華精選大床房:HK$2,162', '精選雙床房:HK$2,271', '悦湖大床房:HK$2,430']"
陌上九溪民宿（杭州西湖店）,9.1,"['庭院大床房:HK$836', '溪水庭院大床房:HK$1,253', '茶園Loft大床房:HK$1,337', '茶園Loft複式家庭房:HK$1,420']"
杭州龍湖紫荊天街未來裏酒店,9.4,"['高級大床房（智能客控+智能馬桶）:HK$343', 'LOFT智能雙床房（智能客控+智能馬桶）:HK$353', '豪華大床房（智能客控+智能馬桶）:HK$363', '豪華雙床房（智能客控+智能馬桶）:HK$370', '城景智能大床房（270°景觀+智能客控+智能客控）:HK$405']"
美豪麗致酒店（杭州新天地店）,9.6,"['麗致大床房:HK$435', '麗致雙床房:HK$435', '雅緻大床房:HK$489', '雅緻雙床房:HK$489', '靜雅家庭房:HK$617']"
杭州聖威國際酒店（浙江大學醫學院附屬第一醫院之江院區店）,9.5,"['商務雙床安睡房（氧氣安睡+智能客控+小冰箱）:HK$287', '舒適大床房（智能客控+小冰箱）:HK$310', '高級大床房（智能客控+小冰箱）:HK$321', '舒適雙床房（氧氣安睡+智能客控+小冰箱）:HK$363']"
杭州喜山民宿（西湖靈隱店）,9.8,"['星月·雲窗複式大床房:HK$429', '曉窗·閣樓浴缸大床房:HK$489', '清晨·日光舒適雙床房:HK$532', '觀南·陽光露台大床房:HK$549']"
木華酒店（杭州西湖斷橋店）,9.3,"['一休大床房（夢百合床墊＋智能投屏）:HK$447', '四季街景雙床房（夢百合床墊＋智能馬桶）:HK$545', '二舍大床房（夢百合床墊＋智能投屏）:HK$560', '三生寧靜大床房（夢百合床墊＋零壓乳膠枕）:HK$560', '二舍雙床房（夢百合床墊＋智能投屏）:HK$560']"
龍湖霞菲公館（濱江龍湖天街店）,9.4,"['豪華雙床房:HK$450', '豪華大床房:HK$450', '奢景大床房:HK$454', '奢景雙床房:HK$454', '特色大床房:HK$604']"
杭州雲中溪民宿（九溪路之江路店）,9.4,"['菱歌:HK$409', '松廬:HK$598', '琴溪:HK$631', '望月:HK$632']"
杭州木蘭道酒店（河坊街店）,9.4,"['時邕大床房·庭院景色:HK$334', '保和loft大床房:HK$334', '温洛豪華大床房·休閑桌椅:HK$351', '宣風loft大床房·休閑桌椅:HK$367']"
東站·杭東東|Design•minifridgedryer影院酒店（閘弄口地鐵站店）,9.7,"['日進斗金·零壓影音大床（小冰箱+小分子水+烘乾機）:HK$387', '暴富將至·大床房（零壓床品＋超大投影＋獨立烘乾機）:HK$408', '佳悦·影音雙床房（超清畫質+已開會員+120寸投影）:HK$408', '暴富將至·雙床房（夢百合零壓床+120寸已開會員投影）:HK$429']"
杭州友好飯店,9.6,"['和風雅緻房:HK$610', '商務雙床房:HK$820', '湖景雅緻房:HK$853', '翡麗女神房:HK$863', '豪華大床房:HK$951']"
杭州富陽野生動物園開元名庭酒店,9.5,"['名成高級大床房:HK$306', '名成高級雙床房:HK$324', '名成豪華大床房:HK$331', '名成豪華雙床房:HK$341', '名成零壓大床房:HK$364']"
一豎酒店（杭州西湖湖濱店）,9.4,"['大床房:HK$338', '高級大床房:HK$369', '庭院大床房:HK$400', '榻榻米大床房:HK$400']"
阪哲3酒店（西湖區黃龍體育中心店）,9.5,"['大床房（親膚床品+零壓床墊）:HK$391', '舒適大床房（助眠備品+養生能量站）:HK$402', '高級大床房（全屋客控+智能馬桶）:HK$413', '商務大床房（浴鹽泡澡袋+私享浴缸）:HK$423']"
杭州西湖湖濱南宋御街雷迪森懌曼酒店,8.9,"['特惠大床房-小度智能:HK$344', '精選大床房-小度智能:HK$374', '陽光大床房-小度智能:HK$407', '舒適雙床房-小度智能:HK$453']"
杭州蕭山國際機場凱悦嘉軒酒店,9.6,"['凱悦嘉軒大床房（帶沙發床）:HK$547', '凱悦嘉軒雙床房（帶沙發床）:HK$547', '凱悦嘉軒景觀大床房（帶沙發床）:HK$628', '凱悦嘉軒景觀雙床房（帶沙發床）:HK$628', '海底小縱隊主題大床房（帶沙發床）:HK$656']"
湘湖沐心島房車度假營,9.5,"['浪漫湖景庭院房車（圓床靜謐獨院）:HK$742', '湖景庭院房車（有觀景平台）:HK$835', '超大獨院吧枱房車（庭院鞦韆）:HK$1,021', '泛湖草廬.浪漫鞦韆大床房（山景+臨水大露台）:HK$1,021', '臨湖獨院房車（一線湖景+私密獨院）:HK$1,021']"
杭州西湖JO&JOE酒店,9.1,"['你的大床房:HK$288', '你的舒適大床房:HK$312', '你的非凡大床房:HK$335', '你的自在雙床房:HK$391']"
杭州西湖柒澗錦月民宿（浙江大學玉泉校區店）,9.6,"['特惠·遇見·星空大床房:HK$289', '且慢·輕奢投影大床房:HK$338', '戀海·浴缸投影大床房:HK$368', '密悦·浴缸投影大床房:HK$387']"
杭州藝龍酒店,9.5,"['雅緻大床房:HK$540', '心悦高級大床房:HK$564', '心悦高級雙床房:HK$564', '心悦家庭雙床房:HK$660', '不凡行政大床房[全屋智能+超大飄窗+小冰箱]:HK$720', '不凡行政雙床房[全屋智能+超大飄窗+小冰箱]:HK$720']"
杭州武林景域庭園酒店,9.5,"['庭園影視大床房【浴缸+巨幕投影】:HK$310', '特惠精緻大床房【浴缸】:HK$319', '古運河景大床房【浴缸+全景落地玻璃+侘寂風庭院】:HK$330', '古運河景雙床房【全景落地玻璃+臨窗榻榻米茶台】:HK$399']"
杭州不聞民宿,10.0,"['竹逸林謐雙床房:HK$878', '竹蟬月棲庭院雙床房:HK$1,341', '棲雲抱月家庭套房:HK$1,500', '空谷幽蘭尊享套房:HK$1,660']"
杭州西湖東坡酒店,9.3,"['特惠大床房:HK$448', '精緻雙床房:HK$482', '雅緻大床房:HK$654', '温馨雙床房:HK$655', '悦享標準間:HK$689']"
杭州祺悦西湖宋胤酒店,9.1,"['睡眠榻榻米（無窗）:HK$383', '雅緻大床房:HK$399', '豪華榻榻米:HK$474', '豪華大床房:HK$492']"
杭州月亮與六便士民宿（香積寺地鐵站店）,9.6,"['暗香庭院大床房:HK$469', '閣樓大床房:HK$486', '古街巷景雙床房:HK$515', '水景陽台大床房:HK$535']"
杭州西湖 W PLUS HOTEL,9.7,"['WPLUS高級雙床房:HK$1,299', 'WPLUS高級庭院大床房:HK$1,408', 'WPLUS豪華庭院大床房:HK$1,517', 'WPLUS豪華大床房:HK$1,627', 'WPLUS豪華露台大床房:HK$1,736']"
杭州臨安一素隱一民宿,9.3,"['溪幽.山景.大床房:HK$1,180', '潺湲.山景.大床房:HK$1,180', '棲遲.山景.庭院.標間:HK$1,257', '白榆.山景.庭院.標間:HK$1,276', '暮蟬.山景.大床房:HK$1,398']"
杭州西湖湖濱五星灣酒店（吳山廣場店）,9.5,"['智能温馨大床房（帶新風系統）:HK$382', '星灣智能大床房（帶新風系統）:HK$411', '星灣智能雙床房（帶新風系統）:HK$439', '舒適大床房:HK$439']"
