酒店名称,评分,房型价格列表
林芝故夢夜泊客棧,9.8,"['庭院地暖大床房:HK$405', '庭院地暖雙床房:HK$464', '半浮生·雪山觀景地暖大床房:HK$511', '半醒·雪山觀景地暖大床房:HK$557']"
林芝鉑悅酒店（氂牛廣場店）,9.7,"['遠山景觀雙床房（智能客控+新風系統+中央空調）:HK$514', '喜馬拉雅大床房（智能客控+新風系統+中央空調）:HK$514', '遠山景觀雙床房（智能客控+彌散供氧+新風系統）:HK$567', '喜馬拉雅大床房（智能客控+彌散供氧+新風系統）:HK$615', '喜馬拉雅大床房（智能客控+榻榻米）:HK$615']"
阿灑倉酒店（八一鎮人民政府店）,9.5,"['遠觀神山標間:HK$446', '遠觀神山大床房:HK$446', '尼洋河觀景榻榻米大床房:HK$478', '尼洋河觀景榻榻米標間:HK$478', '雪山河景大床房:HK$478']"
藝龍安悦酒店（林芝雪域江南尼洋河景區店）,9.5,"['高級大床房【零壓床墊+乳膠枕+高清投屏+智能馬桶】:HK$479', '高級雙床房【零壓床墊+乳膠枕+高清投屏+智能馬桶】:HK$504', '豪華大床房【景觀+零壓床墊+乳膠枕+高清投】:HK$569', '豪華雙床房【景觀+零壓床墊+乳膠枕+高清投屏】:HK$569']"
山澤居度假酒店（林芝機場店）,9.5,"['桃林房車大床房:HK$420', '園景大床房:HK$549', '高級江景雙床房:HK$764', '輕奢江景大床房:HK$1,034', '輕奢江景雙床房:HK$1,034']"
林芝須彌瀾庭酒店,9.6,"['庭院大床房:HK$391', '庭院雙床房:HK$402', '觀景雙床房:HK$577', '觀景大床房:HK$577']"
嘉悦酒店（比日神山生態景區店）,9.6,"['舒享大床房:HK$372', '舒享雙床房:HK$376', '靜謐大床房:HK$377', '靜謐雙床房:HK$380']"
林芝南粵大道錦江都城酒店,9.3,[]
亦嵐酒店（林芝市幸福小區濕地公園店）,9.6,"['簡歐大床房:HK$440', '輕享大床房:HK$463', '輕享雙床房:HK$479', '超享大床房:HK$510', '超享雙床房:HK$534']"
全季酒店（林芝八一大街店）,9.6,"['高級大床房（小冰箱+65寸電視投屏）:HK$468', '高級雙床房（小冰箱+65寸電視投屏）:HK$468', '山景高級大床房（小冰箱+65寸電視投屏）:HK$518', '山景高級雙床房（小冰箱+65寸電視投屏）:HK$518']"
林芝中星花園酒店（氂牛廣場店）,8.4,"['遠山園景雙人房【窗外見雪山+花園魚池園景】:HK$336', '遠山景觀大床房【窗外見雪山+中央空調】:HK$382', '雪山雲霧雙床房【窗外見雪山+中央空調】:HK$405', '雪山雲霧大床房【窗外見雪山+中央空調】:HK$428', '輕奢商務大床房【窗外見雪山+中央空調】:HK$451']"
全季酒店（林芝南粵大道尼洋時光店）,9.7,"['高級大床房【拾趣茶具+小冰箱+金可兒床墊】:HK$462', '豪華雙床房【拾趣茶具+小冰箱+金可兒床墊】:HK$462', '豪華大床房【拾趣茶具+小冰箱+金可兒床墊】:HK$502', '山景大床房【拾趣茶具+小冰箱+金可兒床墊】:HK$562', '山景豪華雙床房【拾趣茶具+小冰箱+金可兒床墊】:HK$562']"
林芝工布天街林海公園亞朵酒店,9.5,"['高級雙床房（供氧+全屋落地窗＋普蘭特床墊）:HK$547', '高級景觀大床房（供氧+全屋落地窗+普蘭特床墊）:HK$547', '幾木景觀大床房（供氧+落地窗景＋普蘭特床墊）:HK$637', '高級景觀雙床房（供氧+全屋落地窗＋普蘭特床墊）:HK$637', '幾木景觀雙床房（供氧+全屋落地窗＋普蘭特床墊）:HK$726']"
林芝後客東來酒店,9.6,"['智能彌散供氧雙床房:HK$972', '智能彌散供氧大床房:HK$1,007', '智能彌散供氧豪華雙床房:HK$1,089', '智能彌散供氧星空大床房:HK$1,089', '智能彌散供氧豪華大床房:HK$1,119', '智能彌散供氧親子房:HK$1,470']"
林芝巖廬雪山富氧別院（尼洋河店）,9.8,"['閑庭·特惠富氧mini大床房-供氧機+高清投屏:HK$352', '風眠·山居大床房丨智能客控+休閑桌椅+供氧機:HK$395', '山月·環幕玻璃觀景大床房丨榻榻米日光浴場+智能客控:HK$449', '雲起·十里雪山雙床房丨休閑桌椅+智能客控+遠眺尼洋閣:HK$502']"
林芝巴宜南粵大道亞朵酒店,9.5,"['高級大床房（65寸投屏電視+加濕器+普蘭特床墊）:HK$466', '高級雙床房（65寸投屏電視+加濕器+普蘭特床墊）:HK$484', '高級山景大床房（65寸投屏電視+加濕器+普蘭特床墊）:HK$510', '高級山景雙床房（65寸投屏電視+加濕器+普蘭特床墊）:HK$528', '幾木山景大床房（65寸可投屏電視+深睡枕PRO+加濕器）:HK$556']"
麗怡酒店（林芝迎賓大道氂牛廣場店）,9.2,"['標準大床房（中央空調+新風系統）:HK$572', '標準雙床房（中央空調+新風系統）:HK$572', '高級大床房（中央空調+新風系統）:HK$593', '豪華雙床房（彌散式供氧+新風系統）:HK$608', '豪華大床房（彌散式供氧）:HK$622']"
林芝天宇藏祕主題酒店,8.9,"['神山觀景標準間:HK$883', '尼洋河觀景標間:HK$937']"
松贊百巴帳篷營地,9.3,"['帳篷雙人間:HK$2,654']"
林芝散步去咖啡民宿,9.5,"['春日日暖陽大床房（有暖氣、洗衣機）:HK$371', '春日暖陽雙床房（有暖氣、洗衣機）:HK$371', '春日暖陽家庭房（有暖氣、洗衣機）:HK$464', '春日暖陽三人間（有暖氣、洗衣機）:HK$464']"
桔子酒店（林芝氂牛廣場酒店）,9.5,"['加州陽光高級雙床房:HK$344', '加州陽光高級大床房:HK$373', '月若流金高級大床房:HK$401', '月若流金高級雙床房:HK$420', '月若流金家庭房:HK$468']"
林芝印象酒店,9.6,"['豪華雙床房:HK$434', '豪華觀山江景套房:HK$472', '豪華觀景雙床房:HK$509', '豪華大床房:HK$509', '豪華觀景大床房:HK$541']"
林芝魯朗必居酒店,9.4,"['特惠大床房:HK$578', '特惠雙床房（地暖）:HK$578', '豪華標間（智能客控+零壓床墊）:HK$763', '豪華大床房（智能客控+零壓床墊）:HK$763', '供氧豪華大床房（智能客控+零壓床墊）:HK$873']"
林芝岷山大酒店,8.9,"['特價標間（無窗）:HK$315', '高級標間:HK$359', '高級單間:HK$359', '豪華單間:HK$457', '豪華標間:HK$457']"
林芝喜路酒店,9.3,"['特惠大床房:HK$544', '特惠標準間:HK$544', '高級大床房:HK$653', '高級雙床房:HK$653', '富氧大床房（瀰漫式全屋供氧）:HK$763']"
林芝宇拓路希爾頓惠庭酒店,9.6,"['靈動大床房（加濕器+休閑露台+膠囊coffee機+沙發床）:HK$664', '靈動山景大床房（加濕器+露台+膠囊coffee機+沙發床）:HK$697', '靈動雙床房（加濕器+露台+膠囊coffee機+手持掛燙機）:HK$719', '靈動園景大床房（加濕器+露台+膠囊coffee機+沙發床）:HK$773', '山景套房:HK$999']"
林芝初芽江舍客棧,9.9,"['院景大床房B:HK$424', '中式大床房:HK$549', '江岸大床房:HK$631', '江岸家庭房:HK$653']"
維也納國際酒店（林芝桃花源店）,9.4,"['高級大床房:HK$471', '豪華雙床房:HK$488', '行政大床房:HK$504', '行政雙床房:HK$504']"
林芝風情大酒店,9.1,"['豪華單人間:HK$434', '豪華標準間:HK$434', '豪華三人間:HK$642', '豪華套房:HK$1,114']"
林芝桑吉民宿,9.7,"['舒適標間（電熱毯）:HK$267', '豪華全景標準間（地暖）:HK$340', '豪華全景大床房（地暖）:HK$342', '豪華全景三人間（地暖）:HK$433']"
林芝工布天街開元名庭酒店,9.7,"['名成豪華大床房（電視投屏+慕斯床墊+小冰箱）:HK$505', '名成豪華雙床房（智能客控+慕斯床墊+小冰箱）:HK$556', '名成商務大床房（雪山美景+小冰箱+電視投屏）:HK$556', '名成高級大床房（智能客控+慕斯床墊+小冰箱）:HK$581', '名成商務雙床房（雪山美景+慕斯床墊+小冰箱）:HK$595']"
瀾卓客棧,9.4,"['瀾·迷你大床房（智能馬桶+空調+加濕器+酒店公區提供洗衣機）:HK$238', '瀾·靜謐大床房（智能馬桶+空調+酒店提供洗衣機+加濕器）:HK$261', '瀾·歸謐大床房（智能馬桶+空調+加濕器+酒店公區提供洗衣機）:HK$261', '瀾·舍居雙人房（智能馬桶+空調+加濕器+酒店公區提供洗衣機）:HK$261']"
林芝藏南桃谷酒店,9.7,"['湖畔景舍大床房:HK$546', '湖畔景舍雙床房:HK$655', '木屋別墅兩居室:HK$874', '木屋別墅三居室:HK$1,529', '木屋別墅四居室:HK$1,966']"
美豪酒店（林芝南粵大道尼洋時光店）,9.5,"['靜謐大床房（零壓枕+深睡床墊+智能馬桶）:HK$525', '精緻雙床房（零壓枕+深睡床墊+智能馬桶）:HK$525', '精緻大床房（零壓枕+深睡床墊+智能馬桶）:HK$546', '雅緻雙床房（零壓枕+深睡床墊+智能馬桶）:HK$546', '雅緻大床房（零壓枕+深睡床墊+智能馬桶+迷你冰箱）:HK$600']"
林芝東辰錦輝酒店（濱河路店）,9.7,"['高級江景大床房:HK$552', '高級城景雙床房:HK$552', '高級江景雙床房:HK$552', '豪華城景雙床房:HK$829', '豪華情侶房:HK$829']"
林芝名人酒店,8.3,"['酷角時尚大床房+彌散式智能供氧+釋壓床墊+加濕器:HK$568', '精緻別雅大床房+彌散式智能供氧+釋壓床墊+全景落地窗:HK$724', '精緻別雅雙床房+彌散式智能供氧+釋壓床墊+全景落地窗:HK$724', '行政精英大床房+彌散式智能供氧+釋壓床墊+全景落地窗:HK$803', '行政精英雙床房+彌散式智能供氧+釋壓床墊+全景落地窗:HK$803', '巨幕影音雙床房+彌散式智能供氧+釋壓床墊+全景落地窗:HK$906']"
博泰林芝大酒店,9.3,"['精緻雙床房（無窗）:HK$398', '豪華雙床房（園景）:HK$667', '豪華大床房（山景）:HK$667', '豪華大床房（園景）:HK$667', '親子大床房:HK$752', '親子雙床房:HK$752']"
林芝萬清堂大酒店,9.3,"['豪華觀景標間:HK$727', '商務觀景標間:HK$727', '豪華觀景單間:HK$727', '高級商務單間:HK$727', '商務觀景套房:HK$850']"
林芝羿隱居度假養心酒店,9.8,"['陽光暖心榻榻米大床房+尊享茶室·全屋地暖·加濕器:HK$437', '陽光暖心大床房+尊享茶室·全屋地暖·加濕器:HK$485', '景觀飄窗+悦茶養心大床房·全屋地暖·加濕器:HK$501', '陽光暖心雙床房+尊享茶室·全屋地暖·加濕器:HK$517']"
林芝喬穆朗宗酒店,9.2,"['商務觀景大床房:HK$928', '雪山城景大床房:HK$1,065', '雪山城景雙床房:HK$1,080', '雪山尼洋河遠景大床房（180°觀景+超大空間）:HK$1,398', '行政觀景智能大床房（智能客控）:HK$1,620', '行政觀景智能雙床房（智能客控）:HK$1,625']"
林芝歸園田居精品客棧,9.7,"['特價雙床房:HK$388', '拉則拉·特價大床房:HK$397', '詹娘舍·雙床房:HK$444', '77680藏式暖氣大床房:HK$500']"
林芝五洲皇冠酒店,9.3,"['商務觀景標準房:HK$965', '商務觀景大床房:HK$965', '豪華觀景大床房:HK$1,002', '豪華觀景套房:HK$1,040']"
魯朗洛桑尼瑪家庭民宿,9.4,"['豪華觀景雙床房（空調+電熱毯）:HK$278', '觀景豪華大床房（空調+電熱毯）:HK$288']"
錦江之星酒店（林芝比日神山店）,9.1,"['星悦高級大床房:HK$406', '星選高級雙床房:HK$423', '星悦豪華大床房:HK$432', '星選豪華雙床房:HK$457']"
加拉白壘峯民宿,9.5,"['豪華全景標準房（電熱毯，空調 智能馬桶）:HK$222', '雪山觀景藏式大床房（空調+電熱毯+智能馬桶）:HK$267']"
林芝中恆藏吉喜瑪大酒店,9.4,"['商務山景雙床房:HK$633', '豪華商務雙床房:HK$729', '商務山景大床房:HK$742', '豪華商務大床房:HK$756', '豪華商務套房:HK$1,407']"
林芝貢布花園酒店,9.1,"['豪華標間（景觀陽台、全屋地暖）:HK$697', '豪華單間（景觀陽台、全屋地暖）:HK$697', '豪華套房（景觀陽台、全屋地暖）:HK$956']"
林芝泰立酒店,9.1,"['豪華大床間:HK$508', '豪華雙人間:HK$508', '豪華套間:HK$1,060']"
林芝玉膳府大酒店,8.8,"['標準間:HK$491', '觀景豪華大床房（智能客控）:HK$590', '觀景豪華標準間（智能客控）:HK$655', '豪華家庭房（智能客控）:HK$852', '觀景親子雙床房（智能客控）:HK$852']"
林芝錦鑫酒店,9.0,"['安奢·園景雙床房（地暖）:HK$458', '安奢·園景大床房（地暖）:HK$470', '安奢·觀景大床房（地暖）:HK$492', '安奢·觀景雙床房（地暖）:HK$522', '安奢·豪華大床房（地暖）:HK$522']"
