酒店名称,评分,房型价格列表
廷泊酒店（天元區湖南工業大學店）,9.5,"['雅悦禮居大床房:HK$280', '雅悦禮居雙床房:HK$285', '雅悦影視大床房-百寸巨幕觀影:HK$302', '尊享典居大床房:HK$318', '尊享典居雙床房:HK$321']"
FunGee歡致酒店（株洲尚格廣場店）,9.7,"['彩蛋影院大床房:HK$220', '歡愉影院大床房（智能語音控制+品牌床墊+智能馬桶）:HK$230', '歡如影院景觀大床房（全屋智能語音控制+VIP影院+品牌床墊）:HK$240', '歡悦景觀大床房（全屋智能語音控制+高空城景+MINI冰箱）:HK$250']"
逸景大酒店（炎帝廣場店）,9.6,"['迷你小單間:HK$211', '高級大床房:HK$273', '高級雙人房:HK$273', '娛樂雙床房:HK$363', '高級觀景大床房:HK$377']"
株洲延年廣場酒店,9.5,"['延致.商務雙床房:HK$264', '延致.商務大床房:HK$275', '延逸.豪華雙床房:HK$296', '延逸.豪華大床房:HK$305', '延景.行政大床房:HK$346', '延慶.童趣親子房:HK$387']"
瀟湘王廷酒店（株洲市體育中心店）,9.7,"['尉廷·豪華大床房:HK$271', '御廷·城景大床房:HK$360', '宣廷·行政大床房:HK$372', '樂廷·棋牌大床房:HK$452', '雲廷·棋牌套房:HK$831']"
株洲珺麗豪生酒店,9.8,"['雅格·高級大床房:HK$407', '珺智·品質雙床房:HK$409', '奢享·豪華大床房:HK$430', '奢趣·豪華雙床房:HK$430', '攬勝·商務大床房:HK$461', '若水·影音大床房（極米4K高清投影儀+哈曼卡頓音效+騰訊VIP會員）:HK$483']"
株洲華天大酒店,9.5,"['高級大床房:HK$348', '高級雙床房:HK$348', '豪華大床房:HK$390', '豪華雙床房:HK$390', '智能大床房.負離子空氣凈化器:HK$416', '智能雙床房.負離子空氣凈化器:HK$416']"
株洲國賓酒店,9.4,"['商務單間:HK$327', '商務雙間:HK$327', '豪華單間:HK$380', '豪華雙間:HK$380', '家庭親子房:HK$381']"
株洲匯金酒店（市人民政府神農城店）,9.6,"['滙享簡約大床房.品牌床墊+65寸電視:HK$253', '豪華雅緻雙床房.超寬洗漱台+全景落地窗:HK$278', '豪華雅緻大床房.辦公空間+品牌床墊:HK$280', '商務景觀雙床房.享百項增值服務+空氣凈化器:HK$318', '商務景觀大床房.全景落地窗+空氣凈化器:HK$324']"
株洲湖景酒店（炎帝廣場神農湖店）,9.5,"['高級大床房:HK$285', '高級雙床房:HK$318', '神農湖景雙床房:HK$341', '神農湖景大床房:HK$341', '湖景.親子雙床房:HK$396']"
株洲君瑞華盛國際酒店,9.5,"['雅悦·星辰圓影房:HK$192', '雅緻.180度觀景房:HK$199', '雅逸·靜謐怡居大床房:HK$216', '雅苑·靜享怡居雙床房:HK$223', '臻逸·御享行政大床房:HK$239']"
株洲東帆國際大酒店（天元區炎帝廣場店）,9.5,"['若蘭清韻.標準雙床房:HK$244', '若蘭清韻.標準大床房:HK$250', '若蘭清韻.豪華雙床房:HK$311', '若蘭清韻.豪華大床房:HK$322', '童趣親子三床房-小童帳篷+浴缸:HK$366']"
株洲華漫酒店（未來雲MALL店）,9.4,"['天際凌空·城景大床房:HK$310', '清風攬月·城景雙拼大床房:HK$310', '水天攬勝·幻境大床房:HK$372', '凝江靜思·江景雙拼大床房:HK$382', '江天映畫·江景大床房:HK$382', '碧波詩語·江景雙拼大床房:HK$393']"
株洲美的萬豪酒店,9.2,"['豪華大床房:HK$487', '豪華雙床房:HK$487', '至尊大床房:HK$538', '尊貴大床房:HK$602', '行政大床房:HK$627', '行政雙床房:HK$627']"
廷泊酒店（株洲中心廣場店）,9.5,"['特惠優居大床房:HK$324', '雅悦禮居大床房:HK$384', '茗雅禮居大床房:HK$435', '茗雅禮居雙床房:HK$435', '江楓晚居大床房:HK$448']"
銘逸酒店（株洲天元區體育中心店）,9.6,"['逸·致大床房【全景落地窗|金可兒舒眠床墊】:HK$263', '逸·致雙床房【全景落地窗|新風系統|金可兒舒眠床墊】:HK$292', '逸·雅大床房【全景落地窗|金可兒深睡床墊】:HK$295', '逸·健運動大床房【私享健身房|遠大新風系統】:HK$306', '逸·禪大床房【新中式禪意風|新風系統|超大實木茶台】:HK$337']"
鉑林錦尚酒店（株洲火車站世貿廣場店）,9.2,"['錦鯉大床房（全屋智能客控+蕎麥枕+品牌床墊）:HK$241', '錦逸大床房（65寸超清電視+全屋智能客控+智能馬桶）:HK$250', '錦願大床房（百寸巨幕投影+VIP電影權益+全屋智能客控）:HK$261', '錦致雙床房（65寸超清電視+全屋智能客控+護頸蕎麥枕）:HK$272']"
株洲職教城中車亞朵酒店,9.3,"['高級大床房:HK$350', '行政雙床房:HK$380', '行政大床房:HK$380', '尊享大床房:HK$410', '尊享雙床房:HK$410']"
株洲天倫·芳舍酒店,9.5,"['雅緻精品大床房:HK$315', '高級大床房:HK$350', '高級雙床房:HK$350', '院景大床房:HK$382', '院景雙床房:HK$382']"
莫林風尚酒店（湖南工業大學炎帝廣場店）,9.6,"['愛尚·大床房丨 品牌床墊+65寸電視+智能客控:HK$191', '風尚·大床房丨品牌床墊+65寸電視:HK$202', '風尚·雙床房丨品牌床墊+會客沙發:HK$202', '風趣·觀影大床房丨智能語音控制+VIP巨幕影院:HK$215']"
株洲航空賓館,9.5,"['標準雙床房:HK$337', '高級大床房:HK$371', '豪華大床房:HK$393', '豪華套房:HK$653']"
株洲錦辰酒店（神農城炎帝廣場店）,9.5,"['靜謐·商務大床房（獨棟大樓+65寸超清電視+品牌床墊）:HK$167', '靜謐·商務投影大床房（巨幕+智能馬桶+品牌床墊）:HK$178', '靜謐·商務雙床房（超清電視機+品牌床墊+雙人沙發）:HK$200', '智享·臻選大床房（獨棟大樓+全屋智能客控+品牌床墊）:HK$220']"
品縵酒店（天元區湖南工業大學店）,9.7,"['品悦·原木智能雙床房（小度語音）:HK$294', '品悦·原木智能大床房（小度語音）:HK$305', '品幽·圓桌茶藝雙床房:HK$326', '品幽·工大觀景大床房:HK$338', '品臻·百寸影音大床房:HK$360']"
維也納國際酒店（株洲慄雨店）,9.3,"['標準大床房:HK$218', '高級大床房:HK$254', '商務雙床房:HK$270', '商務大床房:HK$278']"
株洲湘江風光帶亞朵酒店,9.7,"['高級雙床房:HK$359', '高級大床房:HK$380', '高級江景雙床房:HK$390', '高級江景大床房:HK$410', '行政江景雙床房:HK$421']"
株洲美豪歡朋酒店（世貿廣場火車站店）,9.6,"['歡漫精緻大床房丨品牌床墊:HK$169', '歡致商務雙床房:HK$203', '歡悦雅居大床房丨品牌床墊+雙人沙發+電視可投屏:HK$203', '歡趣影院大床房丨VIP巨幕影院+雙人沙發:HK$214']"
株洲芳舍酒店（美的時代廣場店）,9.0,"['舒適大床房:HK$216', '舒適雙床房:HK$216', '高級大床房:HK$238', '高級雙床房:HK$238']"
株洲華客信頤酒店,9.4,"['高級雙人房:HK$300', '高級大床房:HK$315', '豪華大床房:HK$337', '豪華雙人間:HK$337', '娛樂大床房:HK$391']"
驛居酒店（株洲長江南路中心醫院店）,9.0,"['商務大床房:HK$153', '高級雙床房:HK$181', '高級大床房:HK$184', '家庭房:HK$233']"
株洲漢斯酒店（火車站服裝批發市場店）,9.4,"['幸運·特惠大床房（品牌床墊+安靜入眠+俯瞰夜景）:HK$152', '幸運·特惠雙床房（品牌床墊+安靜入眠+俯瞰夜景）:HK$152', '尊享·雅緻雙床房（品牌床墊+安靜入眠+俯瞰夜景）:HK$192', '尊享·雅緻大床房（品牌床墊+安靜入眠+俯瞰夜景）:HK$192']"
銀天國際商務酒店,9.6,"['逸緻大床房「休閑沙發+品牌床墊」:HK$207', '逸趣電競雙機大床房:HK$218', '逸緻雙床房「舒適好眠+優質採光」:HK$227', '逸趣電競雙機雙床房:HK$228', '逸品大床房「安靜入眠+寬敞空間」:HK$246']"
株洲天台山莊,9.2,"['湖景雙床房:HK$200', '高級雙床房:HK$207', '高級大床房:HK$223', '豪華大床房:HK$223', '豪華套房:HK$534']"
曼居酒店（株洲天元區美的城時代廣場店）,9.1,"['曼享高級雙床房:HK$244', '曼享高級大床房:HK$244', '曼享豪華棋牌房:HK$271', '曼享豪華雙床房:HK$320', '曼享豪華大床房:HK$342']"
維也納國際酒店（株洲服裝市場中心廣場火車站店）,9.2,"['高級大床房:HK$182', '豪華大床房:HK$198', '豪華雙床房:HK$198', '愉夢大床房:HK$208']"
星程酒店（株洲天元區中心醫院店）,9.7,"['大床房（65寸大電視-全景落地窗-小冰箱）:HK$255', '高級雙床房（65寸大電視-全景落地窗-小冰箱）:HK$274', '高級大床房（65寸大電視-全景落地窗-小冰箱）:HK$274', '豪華大床房（65寸大電視-全景落地窗-小冰箱）:HK$293']"
候鳥HOME設計師民宿（株洲火車站世貿廣場店）,9.7,"['塞外暖陽:HK$190', '安河橋北:HK$190', '沐雲:HK$191', '無舍:HK$193']"
維也納3好酒店（株洲紅旗路田心店）,9.8,"['標準大床房:HK$243', '標準雙床房:HK$243', '豪華大床房:HK$269', '豪華雙床房:HK$269']"
株洲紅旗廣場希爾頓歡朋酒店,9.8,"['舒適大床房:HK$403', '舒適雙床房:HK$420', '舒適園景房:HK$422', '高級雙床房:HK$499', '高級大床房:HK$499']"
株洲大漢希爾頓酒店,9.5,"['希爾頓城景大床房:HK$541', '希爾頓城景雙床房:HK$541', '希爾頓江景大床房:HK$577', '希爾頓江景雙床房:HK$577', '豪華江景大床房:HK$648', '豪華江景雙床房:HK$648']"
株洲皇聖臻品酒店,9.0,"['景臻房:HK$262', '品臻大床房:HK$306', '品臻雙床房:HK$325', '逸臻圓床房:HK$380']"
株洲金域半島酒店（世貿廣場火車站店）,9.4,"['優享∙高級雙床房（品牌床墊+舒適好眠）:HK$250', '優享∙高級大床房（品牌床墊+舒適好眠）:HK$256', '零壓∙深睡大床房（品牌床墊+舒適好眠）:HK$291', '零壓∙深睡雙床房（品牌床墊+舒適好眠）:HK$291', '臻選∙商務大床房（品牌床墊+舒適好眠）:HK$306']"
莫林錦尚酒店（株洲大道尚格廣場店）,9.4,"['儷錦大床房（深度睡眠+舒適床墊）:HK$415', '儷錦商務大床房（全屋語音客控+迷你書桌）:HK$431', '意錦.影音房（高清影音+巨幕觀影+舒適床墊）:HK$451', '儷錦.豪華大床房（全屋智能語音客控+深度睡眠+舒適床墊）:HK$491']"
株洲騰龍大酒店,9.4,"['標準大床房 ︱ （沁人河景+靜謐悠然）:HK$311', '標準雙床房 ︱ （陽光滿滿+寬敞明亮）:HK$311', '豪華大床房 ︱ （靜謐空間+舒適床品）:HK$405', '豪華雙床房︱ （明亮視野+深睡雅居）:HK$405', '棋牌大床房︱（槓上開花+恭喜發財）:HK$410']"
株洲淥口錦江都城酒店,9.5,"['精緻商務房:HK$224', '精緻雙床房:HK$224', '風雅商務房:HK$246', '風雅雙床房:HK$246']"
希顧酒店（株洲火車站店）,9.7,"['高級大床房（智能客控+零壓枕+65寸智能電視）:HK$200', '豪華大床房（智能客控+零壓枕+品牌床墊）:HK$200', '豪華雙床間（智能客控+零壓枕+智能馬桶）:HK$200', '安適榻榻米房（智能客控+零壓枕+智能馬桶）:HK$212']"
艾美酒店公寓,10.0,"['雅緻大床房:HK$173', '雅緻雙床房:HK$196', '投影大床房:HK$196', '麻將娛樂房:HK$261']"
雲端電競酒店（未來雲mall店）,10.0,"['暢享城景迷你電競房（2K180HZ+4060Ti+遊戲特權）:HK$254', '暢享雲端投影電競大床房（2K180HZ+4060+遊戲特權）:HK$366', '樂享城景投影電競大床房（2K180HZ+4060+遊戲特權）:HK$374', '樂享雲端城景電競雙床房（2K180HZ+4060+遊戲特權）:HK$374']"
莫林酒店（株洲曼哈頓商業廣場店）,9.6,"['商務大床房:HK$203', '商務雙床房:HK$214', '深睡0壓商務雙床房【零壓床墊+深度睡眠】:HK$214', '主題大床房:HK$225']"
漢庭酒店（株洲泰山路炎帝廣場店）,9.8,"['高級大床房（投屏電視+中空隔音）:HK$246', '高級雙床房（投屏電視+中空隔音）:HK$255', '商務大床房（投屏電視+中空隔音）:HK$264', '行政套房（投屏電視+小冰箱）:HK$340']"
宜尚酒店（株洲炎帝廣場店）,9.5,"['高級大床房（可投屏電視＋品牌床墊）:HK$181', '高級雙床房（獨棟樓+圓辦公桌）:HK$193', '舒適大床房[日式榻榻米＋乳膠床墊]:HK$193', '豪華大床房（貴妃沙發＋乾濕分離＋品牌床墊）:HK$199']"
