酒店名称,评分,房型价格列表
樂山M設計師智能酒店,9.7,"['雅緻大床房:HK$212', '尊貴雙床房:HK$254', '尊貴大床房:HK$254', '尊享特大床:HK$260']"
樂山樂上盡歡酒店（嘉興路美食街店）,9.9,"['高級大床房:HK$326', '高級雙床房:HK$326', '舒適大床房:HK$352', '舒適雙床房:HK$353', '豪華大床房:HK$369']"
清樂府酒店（高鐵站嘉興路美食街店）,9.8,"['清悦•雅緻高級大床房[65寸智能電視投屏｜乾濕分離]:HK$211', '清悦•雅緻高級雙床房[65寸智能電視投屏|乾濕分離]:HK$245', '清悠•逸緻豪華大床房[65寸智能電視投屏|乾濕分離]:HK$262', '清悠•逸緻豪華雙床房[65寸智能電視投屏|乾濕分離]:HK$305']"
城市便捷酒店（樂山大佛店）,9.6,"['智能標準大床房（全屋智能｜記憶枕頭｜智能馬桶｜手機投屏）:HK$244', '智能高級大床房（全屋智能｜記憶枕頭｜智能馬桶｜手機投屏）:HK$274', '智能影院大床房（全屋智能｜巨幕投影｜智能馬桶｜手機投屏）:HK$274', '智能落地江景大床房（全屋智能｜落地江景｜智能馬桶｜手機投屏）:HK$305']"
雅上·隱庭酒店 （樂山高鐵站嘉興路美食街店）,9.8,"['玲瓏大床房:HK$377', '有小花園·浴缸雙床房:HK$389', '有日式茶台·大床房:HK$391', '有日式茶台·雙床房:HK$406', '有小花園·浴缸大床房:HK$418']"
芊芊芒果樹酒店（樂山大佛店）,9.4,"['祕境·雅閣大床房（智能家居·直飲機·小冰箱）:HK$236', '風光無限·豪華江景大床房（推窗見江）:HK$275', '來故·一見傾心大床房（智能家居·直飲機·小冰箱）:HK$285', '千山萬水·唯美雙床房（智能家居·直飲機·小冰箱）:HK$288']"
樂山廣寒宮酒店（樂山高鐵站嘉興路美食街店）,9.7,"['豪華大床房:HK$218', '豪華雙床房:HK$240', '高級大床房:HK$261', '商務大床房:HK$261', '行政大床房:HK$360']"
錦聽連鎖.南方大酒店（樂山張公橋美食街店）,9.4,"['優選簡約大床房【助眠床墊+辦公桌】:HK$169', '優選簡約雙床房【助眠床墊+辦公桌】:HK$175', '沉浸式體驗影院房（100寸投影+手機投屏+VIP影片隨心看）:HK$206', '觀山山景大床房【窗外好景+舒適沙發+辦公桌】:HK$226']"
柏曼酒店（樂山高鐵站萬達店）,9.6,"['智能舒適大床房（百寸巨幕投影+影視暢享+記憶枕頭）:HK$187', '智能高級雙床房（百寸巨幕投影+影視暢享+記憶枕頭）:HK$201', '智能標準大床房（百寸巨幕投影+影視暢享+記憶枕頭）:HK$208', '智能高級大床房（百寸巨幕投影+影視暢享+記憶枕頭）:HK$237']"
樂山L私湯江景酒店·City Vacation（樂山上中順店）,9.7,"['綠野榻榻米大床房[180°落地窗觀樂山老街城景/侘寂風/全棉親膚泡泡棉床品/超舒服乳膠記憶床墊/恆温坐墊智能馬桶/電視可投屏追劇]:HK$523', '綠野·城景大床房[180°樂山城景落地窗/超舒服乳膠記憶床墊/全棉親膚泡泡棉床品/高速負離子吹風機/恆温坐墊智能馬桶/三層玻璃隔音好睡眠]:HK$566', '上喜浴缸大床房[觀樂山老街煙火氣|全棉親膚泡泡棉床品|三層隔音窗|超舒服乳膠記憶床墊|自動加熱智能馬桶|浴缸泡泡浴]:HK$632', '綠野·浴缸雙床房[看樂山城景+超舒服乳膠記憶床墊+全棉親膚泡泡棉床品+恆温坐墊智能馬桶]:HK$675', '初居浴缸大床房[躺看美食街夜景+超舒服乳膠記憶床墊+全棉親膚泡泡棉床品+泡泡球浴缸泡泡浴+恆温坐墊智能馬桶+電視可投屏追劇]:HK$675']"
探啾酒店（張公橋美食街樂山大佛景區店）,9.7,"['A舒享大床房【軟硬記性枕·定製乳膠床墊·全身鏡】:HK$379', 'A舒適大床房【軟硬記憶枕·定製乳膠床墊·全身鏡】:HK$379', 'A 精靈天窗大床房【正常通風采光·電動升降通風玻璃窗·電動遮陽遮光簾·軟硬記憶枕·定製乳膠床墊】:HK$393', 'B 雅緻大床房【復古法式·軟硬記憶枕·乳膠床墊】:HK$400', 'B 雅悦大床房【軟硬記憶枕·乳膠床墊·智能馬桶·全身穿衣鏡·高清投影·商務辦公區】:HK$400']"
山水S酒店（樂山大佛店）,9.7,"['觀景閣樓·高級大床房:HK$489', '觀景閣樓·豪華大床房:HK$489', '清歡小院·高級大床房:HK$497', '觀景·高級大床房:HK$497', '臨江小院·高級雙床房:HK$497']"
城市精選酒店（樂山體育中心張公橋美食街店）,9.9,"['影院舒適大床房（語音客控+55寸電視投屏+深睡記憶枕）:HK$192', '舒適雙床房（語音客控+55寸電視投屏+深睡記憶枕）:HK$215', '標準大床房（語音客控+55寸電視投屏+深睡記憶枕）:HK$215', '標準雙床房（語音客控+55寸電視投屏+深睡記憶枕）:HK$238']"
桔子酒店（樂山世豪廣場嘉興路美食街店）,9.6,"['高級大床房（智能客控+小冰箱+電視投屏+金可兒床墊）:HK$423', '高級雙床房（智能客控+小冰箱+電視投屏+金可兒床墊）:HK$443', '親子房（智能客控+小冰箱+電視投屏+金可兒床墊）:HK$472', '家庭房（智能客控+小冰箱+電視投屏+金可兒床墊）:HK$510']"
璟晨酒店（樂山張公橋美食街店）,9.4,"['大床房（智能客控+軟水淋浴）:HK$278', '雙床房（智能客控）:HK$305', '榻榻米大床房（軟水淋浴）:HK$333', '高級大床房（智能客控+軟水淋浴）:HK$352']"
江畔小住民宿（樂山大佛店）,9.8,"['凈山佛心大床房:HK$300', '雲影籬下悠然雙床房:HK$365', '江映月白江景大床房:HK$398', '聞香聽濤臨江院景大床房:HK$408']"
厚時Hotel Moment（樂山嘉興路美食街店）,9.5,"['精選大床房（舒睡床品+投屏電視+小冰箱）:HK$227', '精選雙床房（舒睡床品+投屏電視+小冰箱）:HK$227', '高級大床房（舒睡床品+投屏電視+小冰箱）:HK$238', '高級雙床房（舒睡床品+投屏電視+小冰箱）:HK$238']"
有樂在樂設計師酒店（張公橋好吃街店）,9.5,"['有楽大床房（智能客控+喜臨門床墊）C:HK$297', 'Esport雙床間（電競模式8G顯卡+I7處理器+海盜船內存）AC:HK$306', '有楽雙床房（智能客控+喜臨門床墊）C:HK$306', '江畔雙床房（蒲團茶座+智能客控）A:HK$362']"
宜必思酒店（樂山中心店）,9.6,"['大床房（電視投屏+金可兒床墊）:HK$512', '高級大床房（電視投屏+金可兒床墊）:HK$553', '雙床房（電視投屏+金可兒床墊）:HK$613', '家庭房（電視投屏+金可兒床墊）:HK$713']"
8RSR隱市人文民宿（樂山張公橋店）,9.7,"['古楊·輕奢花園大床房（西馬智能馬桶+SPS西普斯水龍頭+極米超大屏投影）:HK$217', '於境·輕奢花園大床房（西馬智能馬桶+SPS西普斯水龍頭+極米超大屏投影）:HK$239', '流長·輕奢花園大床房（西馬智能馬桶+SPS西普斯水龍頭+極米超大屏投影）:HK$283', '隱市·輕奢花園大床房（西馬智能馬桶+SPS西普斯水龍頭+極米超大屏投影）:HK$283']"
樂山新加坡佛萊雅花園酒店（理工大學店）,9.3,"['高級單間:HK$218', '商務標間:HK$268', '商務單間:HK$268', '零壓商務單間:HK$305', '行政標間:HK$333']"
宏遠大酒店（嘉興路美食街店）,9.4,"['雅逸雙床房（庭景禪意茶台+榻榻米）:HK$496', '雅緻大床房（零壓床墊）:HK$496', '雅緻雙床房（零壓床墊）:HK$496', '雅靜雙床房:HK$496']"
閑庭小築,9.7,"['花園榻榻米大床房（100寸超大投影+浴缸+花園+直飲機+智能馬桶+自動窗簾）:HK$286', '花園榻榻米雙床房（100寸超大投影+浴缸+花園+直飲機+智能馬桶+自動窗簾）:HK$360', '清雅花園泡池大床房（100寸超大投影+泡池+獨立花園+直飲機+智能馬桶+自動窗簾）:HK$379', '豪華花園泡池大床房（100寸超大投影+泡池+獨立花園+直飲機+智能馬桶+自動窗簾）:HK$527']"
樂山華邑酒店,9.6,"['高級房超大床:HK$518', '高級雙床房:HK$518', '高級房:HK$518', '高級超大床行政房:HK$706', '高級雙床行政房:HK$706', '高級行政超大床房-高樓層:HK$753']"
SFEEL設計師酒店（樂山大佛上中順店）,9.6,"['榻榻米大床房:HK$373', '高級大床房:HK$380', '雅緻大床房:HK$415', '高級雙床房:HK$430']"
樂山三卿酒店（張公橋美食街店）,9.4,"['雲舒|景庭大床房|語音智能客控+乳膠記憶枕:HK$320', '雲影|雅庭大床房|庭院式休閑旅居美學+拍照出片:HK$350', '歸雲|隱庭大床房|庭院式休閑旅居美學+一拍成片:HK$381', '歸雲|隱庭雙床房|庭院式休閑旅居美學+鬧市中的隱居:HK$388']"
偶得酒店（樂山張公橋美食街店）,9.7,"['致祥·園景大床房（智能客控+智能馬桶）:HK$287', '青雲·舒適大床房（智能客控+智能馬桶）:HK$305', '喜對·特色雙床房（智能客控+智能馬桶）:HK$314', '天禧·舒適雙床房（智能客控+智能馬桶）:HK$340']"
樂山雲上湯池酒店（樂山高鐵站世豪廣場店）,9.6,"['雲上·雅緻大床房【巨幕超清投影+私享浴缸】:HK$437', '浪漫·泡池大床房【私享浴缸＋高清巨幕投影】:HK$466', '浪漫·私湯特大床房【超清投影＋雙人私湯+智能客控】:HK$488', '沙嶼·星空大床房 【巨幕超清投影+私享浴缸智能客控】:HK$510', '輕奢·家庭雙床房【80寸巨幕超清電視+智能客控+浴缸】:HK$520']"
樂山上善居·養心禪景酒店,9.6,"['自在大床房:HK$291', '禪景大床房:HK$314', '自在雙床房（超寬雙床）:HK$323', '自在寬居特大床房（大落地窗+自在坐枱）:HK$359', '禪景雙床房（超寬雙床）:HK$379']"
金葉·景盛酒店（樂山高鐵站嘉興路美食街店）,9.4,"['優享旅居單間:HK$136', '旅居單間:HK$163', '旅居標間:HK$170', '商務大床房:HK$189']"
樂山泥曲·雲端城景投影酒店,9.5,"['悦灰度大床房（人體力學床墊+恆温熱水+智能客控）:HK$249', '雅灰度高空房（智能客控＋中央空調＋遮光窗簾）:HK$263', '居灰度雙床房（超清電視智能可投屏+零壓床墊+智能客控）:HK$263', '暮灰度城景房（智能客控＋人體力學床墊+全景落地窗）:HK$276']"
SFEEL設計師酒店（樂山張公橋美食街店）,9.6,"['S舒適大床房:HK$408', 'S高級大床房:HK$437', 'S豪華大床房:HK$458', 'S豪華雙床房:HK$508', 'S設計師精選大床房:HK$508']"
Mon Chéri ·夢雪麗酒店（樂山市高鐵站世豪廣場店）,9.7,"['極簡丨原木大床房【日式書桌+零壓床墊+乳膠記憶枕】:HK$327', '詫寂風 | 榆木大床房【智能客控+零壓床墊+小木馬】:HK$348', '詫寂風 | 榆木雙床房【語音客控+乳膠記憶枕+小木馬】:HK$348', '奶油風丨卡斯楠木雙床房【語音客控+金可兒床墊】:HK$370', '奶油風 | 卡斯楠木大床房【智能客控+乳膠記憶枕】:HK$370']"
樂山安珀酒店,9.7,"['安納西臻享大床房:HK$763', '盧瓦爾典雅雙床房:HK$763', '安納西臻享雙床房:HK$982', '小黃鴨親子大床房:HK$1,091', '海底小縱隊親子大床房:HK$1,091', '瑪格麗特豪華大床房:HK$1,200']"
悦·樂山江景酒店（上中順商業街店）,9.1,"['城景影音大床房（巨幕投影+愛奇藝會員+智能客控）:HK$264', '城景露台大床房（75寸電視+私享露台+智能客控）:HK$319', '江景影音雙床房（正觀禪韻水幕燈光秀+巨幕投影+愛奇藝會員+智能客控）:HK$351', '江景舒適大床房（正觀禪韻水幕燈光秀+75寸電視+智能客控）:HK$351', '城景影音親子房（巨幕投影+愛奇藝會員+智能客控）:HK$351']"
樂山市中區希爾頓花園酒店,9.6,"['花園大床房:HK$380', '花園雙床房:HK$402', '無障礙大床房:HK$402', '豪華大床房:HK$428', '豪華雙床房:HK$428']"
樂山金葉·禪驛度假酒店（樂山大佛店）,9.8,"['舒心·園藝禪景大床房:HK$544', '凈心·花園水韻雙床房:HK$653', '凈心·院景禪意大床房:HK$686', '澄心·池畔院景大床房:HK$795', '澄心·沐光景觀雙床房:HK$860']"
金葉大酒店（張公橋美食街店）,9.1,"['優享單間【迷你小冰箱】:HK$211', '優享雙床房【迷你小冰箱+舒適軟硬床墊】:HK$212', '商務雙床房【舒睡軟床+迷你小冰箱】:HK$221', '商務單間【舒睡軟床+迷你小冰箱】:HK$221']"
金鷹山莊酒店（樂山高鐵站店）,9.5,"['高級標間:HK$263', '豪華山景標間:HK$283', '豪華山景單間:HK$304', '豪華湖景標間:HK$304', '豪華湖景單間:HK$324']"
樂山COCO雲網紅高空湯池設計師酒店,9.4,"['雅緻·觀景大床房（地暖+高空無遮擋景觀+浴缸+巨幕投影）:HK$320', 'LOFT大床房（地暖+高空無遮擋景觀+巨幕投影+浴缸）:HK$331', '浪漫滿屋大床房（地暖+高清投影）:HK$368', '時光浴缸大床房（地暖+智能客控+百寸極米巨幕投影+雙人泡池浴缸）:HK$377']"
樂山世紀嘉源大酒店CenturyJiayuanHotel（樂山高鐵站店）,9.0,"['太空尋夢大床房|童夢城堡+夢幻樂園:HK$266', '山景醇享大床房|天然氧吧+清新空氣:HK$266', '高級大床房|靜謐空間+零壓鵝絨被:HK$287', '高級雙床房|雙重隔音窗户:HK$287', '至尊豪華大床房|4k投屏+立體環繞:HK$662']"
樂山墨花月白林居精品民宿,9.6,"['空山·星辰（山景）:HK$186', '半夏·雲夢（私享江景）:HK$222', '青山·墨（户外庭院+私享江景）:HK$240', '雲棲·白（户外庭院+私享江景+私享鞦韆）:HK$279']"
樂山廣場智選假日酒店（嘉興路美食街店）,9.6,"['標準大床房:HK$364', '標準雙床房:HK$364', '高級大床房:HK$411', '高級雙床房:HK$411', '家庭房:HK$467']"
樂山大酒店（嘉興路美食街店）,9.5,"['嵐景·大床房【語音智能客控+零壓床墊+深睡記憶枕】:HK$307', '嵐景·雙床房【語音智能客控+零壓床墊+深睡記憶枕】:HK$307', '豪華雙床房【語音智能客控+零壓床墊+深睡記憶枕】:HK$327', '豪華大床房【語音智能客控+零壓床墊+深睡記憶枕】:HK$327']"
雲中雅舍·私湯酒店（樂山高鐵站店）,9.6,"['汀蘭自在大床房【金可兒乳膠床墊.品牌智能馬桶·小冰箱】:HK$323', '竹疏觀山大床房【停車方便.舒適鵝絨被·深泡私湯】:HK$329', '泠然自在大床房【金可兒乳膠床墊.私享湯池.高空觀城市夜景】:HK$329', '灼華觀山大床房【舒適床品·自動窗簾.高空觀景深泡私湯】:HK$342', '采薇觀山大床房【打卡出片.全身鏡·.動人城市景觀】:HK$355']"
飛魚電競酒店（樂山萬達廣場店）,10.0,"['海草巨幕觀影大床房:HK$156', '海浪電競大床房（i7 13700+RTX 4070+32G+2K+240HZ）:HK$205', '海星電競雙人大床房i7 14700+RTX 4070+32G+2K+240HZ:HK$216', '藍鯨電競單人大床房 （i7 14700+RTX 4070+32G+2K+300HZ）27寸超大屏幕+ACO職業機械臂+FPS必備:HK$252']"
順城212輕奢酒店（樂山張公橋美食街店）,9.4,"['花樣年華·大床房:HK$342', '莫逆於心·大床房:HK$370', '知己之遇·雙床房:HK$397', '金風玉露·大床房:HK$453']"
九熠Loft影音套房·輕居（樂山高鐵站萬達廣場店）,9.5,"['棲夢.loft一室一廳套房（私享全景夜景+私享手柄遊戲）:HK$261', '錦閣.loft豪華套房（私享獨立客廳+私享冰箱洗衣機）:HK$272', '逸居·光影loft温馨兩居（零壓睡眠.落地窗.洗衣機）:HK$283', '舒適.複式二室一廳套房:HK$294']"
江山勝景酒店（樂山大佛美食街店）,9.7,"['樂山樂水雙床房（觀三江夜遊燈光+賞日出晚霞）:HK$524', '觀江聽濤雙床房（觀大佛+全臨江+賞三江夜遊燈光秀）:HK$672', '江山勝景雙床房 （眺峨眉山+觀三江夜遊燈光）:HK$672', '觀江聽濤大床房（觀三江夜遊燈光秀+賞日出晚霞）:HK$672']"
樂山湯與禪·享受與養心度假酒店,9.6,"['古缸竹影大床房:HK$362', '古缸竹影雙床房:HK$377', '古缸竹影超級寬床房:HK$377', '貴妃古浴大床房【養顏貴妃湯】:HK$404', '貴妃古浴雙床房【養顏貴妃湯】:HK$417']"
