酒店名称,评分,房型价格列表
被夢叫醒江景酒店（樂山大佛景區張公橋好吃街店）,9.7,"['纖濃浴缸大床房「乳膠床墊·化粧鏡·全身鏡·小冰箱 」:HK$379', '夭濃泡池大床房「軟硬乳膠蕎麥枕·小冰箱·智能馬桶·全身鏡 」:HK$405', '侘寂大床房「房間巨寬敞 · 小冰箱 · 智能馬桶」:HK$412', '纖濃雙床房「小冰箱·乳膠床墊·化粧鏡·全身鏡·智能馬桶」:HK$443', '靜謐江景泡池大床房「江景夜色·軟硬乳膠蕎麥枕·小冰箱·化粧鏡」:HK$535']"
樂山廣寒宮酒店（樂山高鐵站嘉興路美食街店）,9.7,"['豪華大床房:HK$218', '豪華雙床房:HK$240', '高級大床房:HK$262', '商務大床房:HK$262', '行政大床房:HK$360']"
樂山樂上盡歡酒店（嘉興路美食街店）,9.9,"['高級大床房:HK$326', '高級雙床房:HK$326', '舒適大床房:HK$352', '舒適雙床房:HK$353', '豪華大床房:HK$369']"
錦聽連鎖.南方大酒店（樂山張公橋美食街店）,9.4,"['優選簡約大床房【助眠床墊+辦公桌】:HK$147', '優選簡約雙床房【助眠床墊+辦公桌】:HK$153', '沉浸式體驗影院房（100寸投影+手機投屏+VIP影片隨心看）:HK$184', '觀山山景大床房【窗外好景+舒適沙發+辦公桌】:HK$203']"
芊芊芒果樹酒店（樂山大佛店）,9.4,"['祕境·雅閣大床房（智能家居·直飲機·小冰箱）:HK$236', '風光無限·豪華江景大床房（推窗見江）:HK$275', '千山萬水·唯美雙床房（智能家居·直飲機·小冰箱）:HK$288', '風和日麗·庭院雅緻大床房（獨立花園·智能家居·直飲機·小冰箱·）:HK$301']"
宏遠大酒店（嘉興路美食街店）,9.4,"['特惠大床房（1號樓＋榻榻米風）:HK$142', '雅逸雙床房（1號樓+榻榻米風＋庭景＋休閑小茶几）:HK$164', '雅逸大床房（1號樓＋榻榻米風＋休閑小茶几）:HK$164', '雅靜雙床房:HK$187']"
樂山M設計師智能酒店,9.7,"['雅緻大床房:HK$212', '尊貴雙床房:HK$255', '尊貴大床房:HK$255', '尊享特大床:HK$260']"
樂山上善居·養心禪景酒店（世豪廣場高鐵站店）,9.6,"['自在大床房:HK$259', '自在雙床房（超寬雙床）:HK$278', '禪景大床房:HK$288', '自在寬居特大床房（大落地窗+自在坐枱）:HK$314', '禪景雙床房（超寬雙床）:HK$323']"
一宿酒店（樂山高鐵站店）,9.8,"['舒適雙床房:HK$159', '洋流·雙床房:HK$173', '焦野·浴缸大床房:HK$175', '長夏·觀影親子房:HK$201']"
清樂府酒店（高鐵站嘉興路美食街店）,9.8,"['清悦•雅緻高級大床房[65寸智能電視投屏｜乾濕分離]:HK$216', '清悠•逸緻豪華大床房[65寸智能電視投屏|乾濕分離]:HK$261', '清悦•雅緻高級雙床房[65寸智能電視投屏|乾濕分離]:HK$283', '清居•雅舍一室一廳套房[65寸智能電視投屏|超大空間|乾濕分離]:HK$304']"
悦·樂山江景酒店（上中順商業街店）,9.1,"['城景影音大床房（巨幕投影+愛奇藝會員+智能客控）:HK$271', '城景露台大床房（75寸電視+私享露台+智能客控）:HK$358', '江景影音雙床房（正觀禪韻水幕燈光秀+巨幕投影+愛奇藝會員+智能客控）:HK$391', '江景舒適大床房（正觀禪韻水幕燈光秀+75寸電視+智能客控）:HK$391', '城景影音親子房（巨幕投影+愛奇藝會員+智能客控）:HK$391']"
有樂在樂設計師酒店（張公橋好吃街店）,9.5,"['有楽大床房（智能客控+喜臨門床墊）C:HK$267', 'Esport雙床間（電競模式8G顯卡+I7處理器+海盜船內存）AC:HK$276', '有楽雙床房（智能客控+喜臨門床墊）C:HK$276', '江畔雙床房（蒲團茶座+智能客控）A:HK$332']"
樂山美拉酒店（樂山高鐵站世豪廣場店）,9.6,"['昭蘇·雲端大床房[全屋語音客控+乳膠零壓枕+哈曼卡頓音響電視]:HK$200', '青溪·高空大床房[哈曼卡頓音響電視+長卧沙發+全屋語音客控+乳膠零壓枕]:HK$209', '纖月·雲端雙床房[哈曼卡頓音響電視+全屋語音客控-乳膠零壓枕]:HK$221', '霧隱·投影大床房[極米投影100寸超大幕布+乳膠零壓枕+全屋語音客控]:HK$221']"
樂山高鐵站希爾頓歡朋酒店,9.7,"['舒適大床房:HK$480', '舒適雙床房:HK$480', '高級大床房:HK$528', '高級雙床房:HK$528', '豪華大床房:HK$576']"
柏曼酒店（樂山高鐵站萬達店）,9.5,"['智能舒適大床房（百寸巨幕投影+影視暢享+記憶枕頭）:HK$190', '智能高級雙床房（百寸巨幕投影+影視暢享+記憶枕頭）:HK$204', '智能標準大床房（百寸巨幕投影+影視暢享+記憶枕頭）:HK$212', '智能高級大床房（百寸巨幕投影+影視暢享+記憶枕頭）:HK$241']"
樂山逸尚東方·洵懌酒店（樂山大佛店）,9.7,"['輕奢大床房「新中式原木傢俱·自動洗衣機·小冰箱·迷你吧 」:HK$305', '尊享精奢大床房:HK$425', '尊享精奢雙床房（沙發）:HK$518', '尊享精奢親子房（室內浴缸）:HK$655', '尊享臨江大床房（小冰箱）:HK$655']"
城市精選酒店（樂山體育中心張公橋美食街店）,9.6,"['影院舒適大床房（語音客控+55寸電視投屏+深睡記憶枕）:HK$192', '舒適雙床房（語音客控+55寸電視投屏+深睡記憶枕）:HK$215', '標準大床房（語音客控+55寸電視投屏+深睡記憶枕）:HK$215', '標準雙床房（語音客控+55寸電視投屏+深睡記憶枕）:HK$238']"
樂山湯與禪·享受與養心度假酒店（嘉興路美食街店）,9.6,"['古缸竹影大床房:HK$323', '古缸竹影雙床房:HK$336', '古缸竹影超級寬床房:HK$336', '貴妃古浴大床房【養顏貴妃湯】:HK$362', '貴妃古浴雙床房【養顏貴妃湯】:HK$374']"
城市便捷酒店（樂山大佛店）,9.6,"['智能標準大床房（全屋智能｜記憶枕頭｜智能馬桶｜手機投屏）:HK$244', '智能高級大床房（全屋智能｜記憶枕頭｜智能馬桶｜手機投屏）:HK$275', '智能影院大床房（全屋智能｜巨幕投影｜智能馬桶｜手機投屏）:HK$275', '智能落地江景大床房（全屋智能｜落地江景｜智能馬桶｜手機投屏）:HK$305']"
樂山·泥曲 | Ni River高空藏式美學酒店（高鐵站萬達廣場店）,9.5,"['悦灰度大床房（人體力學床墊+恆温熱水+智能客控）:HK$225', '雅灰度高空房（智能客控＋中央空調＋遮光窗簾）:HK$239', '居灰度雙床房（超清電視智能可投屏+零壓床墊+智能客控）:HK$239', '暮灰度城景房（智能客控＋人體力學床墊+全景落地窗）:HK$252']"
Mon Chéri ·夢雪麗酒店（樂山市高鐵站世豪廣場店）,9.7,"['極簡丨原木大床房【日式書桌+零壓床墊+乳膠記憶枕】:HK$327', '詫寂風 | 榆木大床房【智能客控+零壓床墊+小木馬】:HK$348', '詫寂風 | 榆木雙床房【語音客控+乳膠記憶枕+小木馬】:HK$348', '奶油風丨卡斯楠木雙床房【語音客控+金可兒床墊】:HK$370', '奶油風 | 卡斯楠木大床房【智能客控+乳膠記憶枕】:HK$370']"
金葉·景盛酒店（樂山高鐵站嘉興路美食街店）,9.4,"['優享旅居單間:HK$124', '旅居單間:HK$150', '旅居標間:HK$157', '商務大床房:HK$163']"
厚時Hotel Moment（樂山嘉興路美食街店）,9.5,"['精選大床房（舒睡床品+投屏電視+小冰箱）:HK$227', '精選雙床房（舒睡床品+投屏電視+小冰箱）:HK$227', '高級大床房（舒睡床品+投屏電視+小冰箱）:HK$238', '高級雙床房（舒睡床品+投屏電視+小冰箱）:HK$238']"
樂山大酒店（嘉興路美食街店）,9.6,"['嵐景·大床房【語音智能客控+零壓床墊+深睡記憶枕】:HK$346', '嵐景·雙床房【語音智能客控+零壓床墊+深睡記憶枕】:HK$346', '豪華大床房【語音智能客控+零壓床墊+深睡記憶枕】:HK$357', '豪華雙床房【語音智能客控+零壓床墊+深睡記憶枕】:HK$369']"
頤尚酒店（樂山高鐵站世豪廣場店）,9.5,"['商務大床房:HK$179', '高級大床房:HK$191', '高級雙床房:HK$209', '豪華套房:HK$365']"
樂山歡住·花夢輕奢酒店,9.4,"['歡住·舒適雙床房:HK$147', '歡住·舒適親子雙床房:HK$166', '花夢·輕奢大床房:HK$180', '歡住、觀景精緻小套房:HK$184']"
樂山太和盛世大酒店,9.4,"['豪華標準房:HK$326', '豪華大床房:HK$326', '豪華江景大床房:HK$362', '行政標準間:HK$544', '行政大床房:HK$544']"
樂山瑞豪藝術精品酒店,8.4,"['雅韻大床房:HK$157', '馨享大床房:HK$193', '悦享大床房+帶浴缸:HK$221', '臻選親子套房+180º觀景+帶浴缸+兩個卧室兩個衞生間:HK$239']"
桔子酒店（樂山世豪廣場嘉興路美食街店）,9.6,"['高級大床房（智能客控+小冰箱+電視投屏+金可兒床墊）:HK$428', '高級雙床房（智能客控+小冰箱+電視投屏+金可兒床墊）:HK$448', '親子房（智能客控+小冰箱+電視投屏+金可兒床墊）:HK$477', '家庭房（智能客控+小冰箱+電視投屏+金可兒床墊）:HK$516']"
樂山市中區希爾頓花園酒店,9.7,"['花園大床房:HK$380', '花園雙床房:HK$403', '無障礙大床房:HK$403', '豪華大床房:HK$428', '豪華雙床房:HK$428']"
8RSR隱市人文民宿（樂山張公橋店）,9.7,"['古楊·輕奢花園大床房（西馬智能馬桶+SPS西普斯水龍頭+極米超大屏投影）:HK$217', '於境·輕奢花園大床房（西馬智能馬桶+SPS西普斯水龍頭+極米超大屏投影）:HK$239', '流長·輕奢花園大床房（西馬智能馬桶+SPS西普斯水龍頭+極米超大屏投影）:HK$283', '隱市·輕奢花園大床房（西馬智能馬桶+SPS西普斯水龍頭+極米超大屏投影）:HK$283']"
樂山墨花月白林居精品民宿,9.6,"['空山·星辰（山景）:HK$173', '半夏·雲夢（私享江景）:HK$206', '青山·墨（户外庭院+私享江景）:HK$223', '雲棲·白（户外庭院+私享江景+私享鞦韆）:HK$259']"
御庭酒店（樂山高鐵站店）,9.5,"['高級大床房:HK$249', '高級雙床房:HK$249', '輕奢大床房:HK$295', '輕奢雙床房:HK$314']"
歡棲·禮遇酒店（樂山高鐵站世豪廣場店）,9.4,"['城景大床房:HK$364', '榻榻米大床房:HK$374', '高級大床房:HK$384', '城景雙床房:HK$384']"
青嵐酒店（張公橋美食街店）,9.5,"['嵐居.靜謐大床房【新風系統.智能客控.智能馬桶】:HK$183', '嵐喜·精奢大床房【一線江景.智能客控.智能馬桶】:HK$196', '嵐影·輕奢大床房【智能客控.智能馬桶】:HK$215', '嵐逸·沐浴時光大床房【雙人浴缸.智能客控.智能馬桶.雙人沙發】:HK$234']"
樂山新加坡佛萊雅花園酒店（理工大學店）,9.3,"['高級單間:HK$218', '商務標間:HK$268', '商務單間:HK$268', '零壓商務單間:HK$305', '行政標間:HK$333']"
樂山L私湯江景酒店·City Vacation（樂山張公橋東大街美食街店）,9.7,"['綠野榻榻米大床房[180°落地窗觀樂山老街城景/侘寂風/全棉親膚泡泡棉床品/超舒服乳膠記憶床墊/恆温坐墊智能馬桶/電視可投屏追劇]:HK$402', '綠野·城景大床房[180°樂山城景落地窗/超舒服乳膠記憶床墊/全棉親膚泡泡棉床品/高速負離子吹風機/恆温坐墊智能馬桶/三層玻璃隔音好睡眠]:HK$435', '上喜浴缸大床房[觀樂山老街煙火氣|全棉親膚泡泡棉床品|三層隔音窗|超舒服乳膠記憶床墊|自動加熱智能馬桶|浴缸泡泡浴]:HK$467', '綠野·浴缸雙床房[看樂山城景+超舒服乳膠記憶床墊+全棉親膚泡泡棉床品+恆温坐墊智能馬桶]:HK$500', '初居浴缸大床房[躺看美食街夜景+超舒服乳膠記憶床墊+全棉親膚泡泡棉床品+泡泡球浴缸泡泡浴+恆温坐墊智能馬桶+電視可投屏追劇]:HK$533']"
樂山世紀嘉源大酒店CenturyJiayuanHotel（樂山高鐵站店）,9.1,"['太空尋夢大床房|童夢城堡+夢幻樂園:HK$266', '山景醇享大床房|天然氧吧+清新空氣:HK$266', '高級大床房|靜謐空間+零壓鵝絨被:HK$287', '高級雙床房|雙重隔音窗户:HK$287', '至尊豪華大床房|4k投屏+立體環繞:HK$662']"
漢庭酒店（樂山市中區嘉興路美食街店）,9.7,"['高級大床房（電視投屏+金可兒床墊）:HK$283', '舒壓-高級大床房（電視投屏+零壓床墊）:HK$292', '親子房（電視投屏+星空燈+小童玩具）:HK$301', '高級雙床房（電視投屏+金可兒床墊）:HK$311']"
順城212輕奢酒店（樂山張公橋美食街店）,9.4,"['花樣年華·大床房:HK$245', '莫逆於心·大床房:HK$265', '知己之遇·雙床房:HK$285', '金風玉露·大床房:HK$325']"
樂山雲上湯池酒店（樂山高鐵站世豪廣場店）,9.6,"['雲上·雅緻大床房【巨幕超清投影+私享浴缸】:HK$326', '浪漫·泡池大床房【私享浴缸＋高清巨幕投影】:HK$355', '浪漫·私湯特大床房【超清投影＋雙人私湯+智能客控】:HK$399', '沙嶼·星空大床房 【巨幕超清投影+私享浴缸智能客控】:HK$399', '禪意·家庭房A【子母床+80寸超清電視+浴缸+智能客控】:HK$399']"
山水青年江景酒店（樂山大佛店）,9.4,"['迷你大床房（公區自助洗衣機）:HK$139', '學院大床房（巨幕投影+360°觀景落地窗+公區洗衣機）:HK$167', '觀瀾江景大床房（一線江景觀大佛+巨幕投影+公區洗衣機）:HK$186', '學院雙床房（360°觀景落地窗+公區洗衣機）:HK$186']"
望樂度假酒店（張公橋美食街店）,9.5,"['泊水輕奢大床房（寶格麗洗護+迷你吧+自動窗簾）:HK$219', '鶩嫣綠棲雙床房[寶格麗洗護+自動窗簾]:HK$273', '翰園斜床房（巨幕投影+私享泡池+寶格麗洗護）:HK$286', '安瀾花園大床房[寶格麗洗護+獨立陽台+自動窗簾]:HK$317']"
偶得酒店（樂山張公橋美食街店）,9.7,"['致祥·園景大床房（智能客控+智能馬桶）:HK$261', '青雲·舒適大床房（智能客控+智能馬桶）:HK$279', '喜對·特色雙床房（智能客控+智能馬桶）:HK$288', '天禧·舒適雙床房（智能客控+智能馬桶）:HK$314']"
山水S酒店（樂山大佛店）,9.7,"['觀景閣樓·高級大床房:HK$489', '觀景閣樓·豪華大床房:HK$489', '清歡小院·高級大床房:HK$497', '觀景·高級大床房:HK$497', '臨江小院·高級雙床房:HK$497']"
樂山芊羽酒店（張公橋店）,9.3,"['特惠單間:HK$150', '商務雙床房:HK$204', '舒適大床房:HK$216', '舒適雙床房:HK$247']"
飛魚電競酒店（樂山萬達廣場店）,10.0,"['海草巨幕觀影大床房:HK$156', '海浪電競大床房（i7 13700+RTX 4070+32G+2K+240HZ）:HK$205', '海星電競雙人大床房i7 14700+RTX 4070+32G+2K+240HZ:HK$216', '藍鯨電競單人大床房 （i7 14700+RTX 4070+32G+2K+300HZ）27寸超大屏幕+ACO職業機械臂+FPS必備:HK$252']"
沐棠設計師民宿（樂山高鐵站世豪廣場店）,9.2,"['松子復古投影標間:HK$194', '海鹽奶油風投影大床房（帶浴缸）:HK$194', '山奈法式loft投影雙卧套房:HK$471']"
樂山安珀酒店,9.7,"['安納西臻享大床房:HK$764', '盧瓦爾典雅雙床房:HK$764', '安納西臻享雙床房:HK$982', '小黃鴨親子大床房:HK$1,091', '海底小縱隊親子大床房:HK$1,091', '瑪格麗特豪華大床房:HK$1,201']"
宜必思酒店（樂山中心店）,9.6,"['雙床房（電視投屏+金可兒床墊）:HK$422', '大床房（電視投屏+金可兒床墊）:HK$422', '高級大床房（電視投屏+金可兒床墊）:HK$452', '家庭房（電視投屏+金可兒床墊）:HK$452']"
