酒店名称,评分,房型价格列表
隨行酒店·薈品（武漢中南路武商夢時代店）,9.3,"['大床房:HK$252', '商務大床房:HK$274', '商務雙床房:HK$297', '高級大床房:HK$320']"
星呈酒店（武漢未來智滙城店）,9.7,"['優選大床房（乳膠床墊-LG洗烘-空氣凈化器-智能電視）:HK$174', '商務標間（金可兒床墊-空氣凈化器-LG洗烘-智能電視）:HK$186', '電競大床房[4060+i5+2K165+32G+LG洗烘+空氣凈化器]:HK$186', '商務大床房（乳膠床墊-LG洗烘-空氣凈化器-智能電視）:HK$197']"
武漢米嵐酒店（同濟醫院礄口路地鐵站店）,9.2,"['隱奢·甄選大床房【視頻會員+辦公卡座+零壓床墊】:HK$310', '謐居·舒適大床房【視頻會員+零壓床墊+安心睡枕】:HK$310', '謐境·新氧大床房【TV靈動投屏+百寸觀影體驗】:HK$310', '嵐影·影音大床房【百寸觀影+TV靈動投屏+視頻會員】:HK$310']"
秋果酒店（武漢漢口火車站香港路地鐵站店）,9.8,"['明星大床房（MINI冰箱+空氣凈化+小度智控+無線投屏）:HK$422', '日式榻榻米投影房（影片隨心看＋空氣凈化+小度智控）:HK$432', '高級商務大床房（深睡好眠+空氣凈化+乳膠床墊+冰箱）:HK$453', '高級商務雙床房（深睡好眠+空氣凈化+乳膠床墊+冰箱）:HK$474', '悦享躺平治癒大床房（空氣凈化＋小度智控+冰箱）:HK$484']"
藝龍瑞雲酒店（武漢大智路地鐵站江漢路步行街店）,9.1,"['瑞·優選大床房（森林氧吧凈化器+電視投屏+智能馬桶）:HK$244', '瑞·影音大床房（百寸巨幕投影+小度智控+智能馬桶）:HK$253', '瑞·輕奢大床房（電視投屏+乾濕分離+智能馬桶）:HK$270', '瑞·輕奢雙床房（自助洗衣房+蒸汽掛燙機+智能馬桶）:HK$287']"
武漢禧徠輕奢酒店（徐家棚地鐵站店）,9.5,"['豪華大床房（巨幕投影帶愛奇藝會員+公區提供洗衣房）:HK$278', '江景輕奢巨幕投影大床房（帶影視會員）:HK$321', '輕奢風LOFT豪華大床房:HK$332', '温馨奶油風巨幕投影雙床房（帶影視會員）:HK$353']"
武漢楠璟花園S酒店（漢口火車站雲飛路地鐵站店）,9.5,['·S·臻品質大床房【商務辦公+寵物友好】:HK$272']
宜尚酒店（武漢天河機場宋家崗地鐵站店）,9.6,"['舒適大床房:HK$205', '影院雙床房（新尚北歐+小度語音智控+智能投影）:HK$231', '高級大床房（新尚北歐+小度語音智控+希丁安床墊）:HK$238', '影院大床房（新尚北歐+小度語音智控+智能投影）:HK$248']"
紅牆琴園酒店（徐東湖北大學地鐵站店）,9.4,"['琴園標準大床房:HK$390', '琴園輕享大床房:HK$423', '琴園輕享雙床房:HK$434', '琴園高級大床房:HK$445', '琴園雅緻大床房:HK$467']"
武漢江漢路步行街萬象城楓渡酒店,9.6,"['經典大床房（慕思床墊+語音智控）:HK$360', '經典雙床房（慕思床墊+語音智控）:HK$370', '祕境大床房（慕思床墊+語音智控）:HK$436', '純粹大床房（慕思床墊+語音智控）:HK$490', '純粹雙床房（慕思床墊+語音智控）:HK$490']"
金泰酒店（武漢世界城光谷步行街華中科技大學店）,9.3,"['靜謐幽夢大床房【私密空間&躺平自愈&小黑屋】:HK$141', '安享舒睡大床房【温馨舒適&品牌床墊】:HK$165', '滾來滾去大床房【品牌床墊&視野開闊】:HK$177', '臻選雅緻雙床房【陽光滿屋&品牌床墊】:HK$183']"
東湖喜堂客舍,9.3,"['香舍·特惠大床房:HK$193', '香舍·特享大床房:HK$201', '香舍·觀院大床房:HK$224', '香舍·小院大床房:HK$231']"
武漢天地Loft影視公寓,9.2,"['甄選大床房:HK$162', '鹿鳴江景大床房:HK$172', '星辰高空江景大床房:HK$186', '臨江Loft雙床房:HK$232']"
紐賓凱·尚居酒店（武漢蔡甸奓山街店）,9.8,"['豪華雙床房（智能音控+乾濕分離）:HK$221', '豪華大床房（智能音控+乾濕分離）:HK$226', '商務大床房[全屋智能+網絡專線+辦公桌]:HK$245', '商務雙床房[全屋智能+網絡專線+辦公桌]:HK$245', '棋牌大床房 [棋樂無窮+牌憂解南]:HK$271']"
萊客伊輕居酒店（武昌火車站店）,8.8,"['標準大床房:HK$160', '標準雙床房:HK$184', '商務大床房:HK$190', '商務雙床房:HK$214']"
此間民宿（越秀IFC國金天地店）,9.5,"['中古·精緻大床房【金可兒床墊+喜臨門零壓枕+120寸巨幕投影+馬歇爾音響+全景落地窗】:HK$489', '中古·商務雙床房【金可兒床墊+ 喜臨門零壓枕 120寸巨幕投影+馬歇爾音響+全景落地窗】:HK$489', '中古·豪華城景套房【特大床+浴缸+ 喜臨門零壓枕 +金可兒床墊+巨幕投影+ 馬歇爾音響 +270度全景落地窗】:HK$650']"
隨行輕居酒店（武漢高鐵站科技大學店）,9.8,"['大床房:HK$198', '商務大床房:HK$213', '雙床房（無窗）:HK$213', '高級大床房:HK$236']"
武漢美創酒店（光谷廣場華中科技大學東校區店）,9.6,"['雅緻大床房（超大顯示屏+隱於繁華）:HK$218', '雅緻雙床房（零壓床品+舒適宜人）:HK$235', '行政大床房（超大沙發+乾濕分離）:HK$265', '行政雙床房（辦公寬敞+安心酣睡）:HK$277']"
雅樂庭·悦酒店（武漢漢口火車站園博園店）,9.5,"['精緻大床房-躺平治癒+空氣凈化器:HK$241', '商務舒睡大床房-躺椅沙發+辦公桌椅+空氣凈化器:HK$264', '商務舒睡雙床房-躺椅沙發+辦公桌椅+空氣凈化器:HK$288', '行政浴缸特大床房-隨心所“浴”+MINI冰箱+空氣凈化器:HK$311', '百寸巨幕投影閨蜜三人房+暢享VIP投影+空氣凈化器:HK$335']"
星空花園酒店（武漢漢口火車站竹葉山地鐵站店）,9.7,"['設計師大床房【可手機投屏+新風循環系統+人體工學深睡舒眠床墊+天鵝絨被芯+超柔科技親膚布草】:HK$280', '設計師雙床房【靜謐空間+新風循環系統+人體工學深睡舒眠床墊+天鵝絨被芯+超柔科技親膚布草】:HK$286', '陽光大床房【陽光明媚+視野開闊+人體工學深睡舒眠床墊+天鵝絨被芯+超柔科技親膚布草】:HK$300', '陽光雙床房【人體工學深睡舒眠床墊+天鵝絨被芯+超柔科技親膚布草+商務甄選+沐浴陽光】:HK$306']"
紐賓凱尚居酒店（TCL華星左嶺地鐵站店）,9.5,"['標準大床房:HK$240', '豪華大床房:HK$262', '豪華雙床房:HK$278', '荷里活影院大床房:HK$278']"
武漢天河機場東希爾頓歡朋酒店,9.7,"['舒適大床房:HK$394', '舒適雙床房:HK$394', '高級雙床房:HK$447', '高級大床房:HK$465', '豪華雙床房:HK$489']"
維克多雲享酒店（武漢漢口金融中心萬松園店）,9.4,"['私享投影房（智能客控+影視vip）:HK$281', '驚喜特惠房（恆温智能馬桶+高清投屏）:HK$298', '舒享大床房（坐卧沙發+零壓乳膠床墊）:HK$369', '雲享標準房（乳膠床墊+可移動電視）:HK$384', '舒享家庭房（大小床+智能馬桶）:HK$427']"
武漢同濟醫學院寶豐路亞朵酒店,9.8,"['高級大床房（亞朵深睡系列＋投屏）:HK$481', '高級雙床房（亞朵深睡系列＋投屏）:HK$481', '行政大床房（亞朵深睡系列＋投屏）:HK$500', '尊享大床房（亞朵深睡系列+小冰箱＋投屏）:HK$551', '尊享雙床房（亞朵深睡系列＋小冰箱＋投屏）:HK$551']"
洛可可·南法莊園（武漢江漢路地鐵站漢口江灘店）,9.6,"['温馨大床房〖金可兒床墊〗:HK$413', '精緻大床房〖金可兒床墊 • 提供下午茶〗:HK$473', '精品大床房〖金可兒床墊 • 提供下午茶〗:HK$540', '行政大床房〖金可兒床墊 • 提供下午茶〗:HK$600']"
武鋼賓館（武漢高鐵站科技大學青山校區店）,9.5,"['附樓大床房:HK$222', '附樓雙床房:HK$267', '時尚大床房:HK$286', '簡約大床房:HK$305', '附樓家庭房:HK$428']"
金泰酒店（武漢光谷華師一附中楓葉國際學校店）,9.6,"['悦享大床房【品牌床墊&酣然入夢&無線投屏】:HK$212', '悦享雙床房【安逸舒適&視野開闊&無線投屏】:HK$230', '臻享大床房【陽光滿屋&超大陽台&無線投屏】:HK$243', '臻享雙床房【天然氧吧&深度睡眠&無線投屏】:HK$255']"
柏雅凱瑞精選酒店（漢口火車站金橋店）,8.8,"['高級大床房:HK$204', '陽光雙床房:HK$213', '典雅悠享大床房:HK$218', '典雅雙拼超大床房:HK$222']"
城際酒店（武漢街道口理工大學店）,9.8,"['城際大床房（絲漣深睡床墊＋65寸投屏＋minibar）:HK$462', '城際高級大床房（絲漣深睡床墊＋65寸投屏＋minibar）:HK$503', '城際雙床房（絲漣深睡床墊＋65寸投屏＋minibar）:HK$503', '城際豪華大床房（絲漣深睡床墊＋65寸投屏＋minibar）:HK$542', '城際豪華雙床房（絲漣深睡床墊＋65寸投屏＋minibar）:HK$542']"
青陌酒店（武漢漢口火車站長港路地鐵站店）,9.0,"['智能暢享大床房【陽光沐浴+乳膠床墊+城市街景】:HK$183', '智能暢享雙床房【商務辦公+高速WiFi+乾濕分離】:HK$205', '智能暢享温馨親子房【親子時光+親膚布草+安靜舒睡】:HK$227', '百戰百勝棋牌大床房【空間寬敞+專業麻將桌+身心愉悦】:HK$281']"
墨琛雅居酒店（武漢動物園五里墩地鐵站店）,8.8,"['雅居特惠舒適大床房:HK$221', '雅居特惠舒適雙床房:HK$230', '雅居智享高級大床房:HK$255', '雅居智享高級雙床房:HK$269']"
武漢諾蘭花園酒店（王家灣國博中心店）,9.2,"['雅緻大床房（特大單人床＋舒適辦公桌）:HK$191', '浪漫圓床房（陽光滿屋＋休閑沙發）:HK$198', '舒適大床房（特大單人床＋温馨好夢）:HK$212', '一大一小雙床房（家庭入住＋55寸投屏電視）:HK$216']"
莫林錦尚酒店（武漢漢口火車站店）,9.6,"['舒適大床房:HK$195', '怡錦大床房（零壓床墊+高清投屏+智能客控）:HK$216', '儷錦大床房（深睡憶枕+休閑沙發+庭院景觀）:HK$227', '儷錦商務大床房（mini書桌+高清投屏+高級床品）:HK$242']"
武漢西蘭蒂亞酒店（綠地國際金融城武昌萬象城店）,9.0,"['側江景雙床房:HK$458', '豪華套房:HK$511', '江景行政大床房:HK$565', '側江景豪華套房:HK$594']"
艾隱酒店（武漢江漢路步行街吉慶街店）,9.5,"['玲瓏大床房+夢神床墊+無卡智控:HK$353', '隱居大床房+夢神床墊+無卡智控:HK$395', '隱歸大床房+夢神床墊+無卡智控:HK$437', '隱歸雙床房+夢神床墊+無卡智控:HK$479', '隱歸家庭房+夢神床墊+無卡智控:HK$521']"
武漢歡樂谷萊亞中庭酒店（武漢高鐵站店）,9.5,"['深眠丨雅緻大床房（智能客控+乳膠床墊+輕柔鴨絨被）:HK$284', '深眠丨雅緻雙床房（乳膠床墊+輕柔鴨絨被+智能馬桶）:HK$284', '自在丨零壓特大床房（智能客控+乳膠床墊+輕柔鴨絨被）:HK$315', '尊享丨豪華雙床房（乳膠床墊+乾濕三分離+智能馬桶）:HK$348', '尊享丨豪華大床房（180°全景落地+智能客控+乳膠床墊）:HK$348']"
錦江之星品尚酒店（武漢新華路協和醫院店）,9.2,"['特價大床房:HK$167', '特價大小雙床房:HK$167', '標準大床房:HK$187', '標準大小雙床房:HK$199']"
紐賓凱·尚居酒店（武漢堤角地鐵站堤角公園店）,9.4,"['高級智能大床房（全屋智能客控+空氣凈化器+零壓床墊）:HK$203', '複式電競雙人間（4060顯卡+32g內存+賽用2k180HZ顯示器）:HK$206', '豪華觀景大床房（全屋智能客控+空氣凈化器+零壓床墊）:HK$218', '豪華觀景雙床房（全屋智能客控+空氣凈化器+零壓床墊）:HK$228']"
武漢二妃山莊湖畔花園酒店（光谷生物城科技會展中心店）,9.7,"['高級大床房（全屋智能客控+零壓床墊+智能馬桶）:HK$349', '精選高級大床房（零壓床墊+花園景觀+智能馬桶）:HK$374', '豪華雙床套房（獨立客廳+超大落地窗+花園景）:HK$374', '豪華大床房（專屬小冰箱+花園+零壓床墊）:HK$434', '行政雙床套房（超大落地窗+花園景+獨立客廳）:HK$450']"
星空花園酒店（武漢江漢路恆隆廣場店）,9.4,"['逸影榻榻米大床房【綠景窗户+巨幕投影+智能客控馬桶】:HK$250', '綠景暖居大床房【智能客控+72寸電視可投屏+助眠睡枕】:HK$269', '沐光小築大床房【陽光滿屋+72寸大電視投屏+乾濕分離】:HK$296', '綠景暖居雙床房【景觀綠植+助眠床墊+智能客控】:HK$464', '暖陽寬敞大床房【辦公桌椅+窗户明亮+自助水吧枱】:HK$495']"
晶萃酒店（武漢黃鶴樓首義廣場店）,9.6,"['高級大床房 | 親膚浴袍+智能投屏+迷你小冰箱:HK$387', '景觀大床房 | 中庭園景+親膚浴袍+智能馬桶:HK$420', '高級標準間 | 睡眠好一歇+迷你小冰箱+智能馬桶:HK$444', '豪華大床房 | 榻榻米茶台+mini Bar+乾濕分離:HK$452']"
H酒店（武漢沌口體育中心店）,9.7,"['智能商務大床房（舒達床墊+智能客控）:HK$327', '智能商務雙床房（舒達床墊+智能客控）:HK$337', '智能豪華大床房（舒達床墊+智能客控）:HK$357', '智能豪華雙床房（舒達床墊+智能客控）:HK$368']"
藝龍瑞雲酒店（武漢中南路地鐵站店）,9.5,"['好眠瑞月大床房（超清投屏電視）:HK$219', '瑞彩大床房:HK$234', '好眠瑞彩雙床房（55寸超清投屏電視）:HK$255', '好眠瑞蘭大床房（零壓床墊）:HK$276']"
武漢高鐵站希爾頓歡朋酒店,9.7,"['舒適大床房（美國舒達床墊+智能客控）:HK$511', '舒適雙床房（美國舒達床墊+智能客控）:HK$511', '高級大床房（美國舒達床墊+智能客控）:HK$566', '高級雙床房（美國舒達床墊+智能客控）:HK$566', '豪華大床房（美國舒達床墊+智能客控）:HK$589']"
晨楓酒店（武漢白沙洲大道武昌工學院店）,9.3,"['巨幕莫比烏斯大床房（騰訊極光VIP+智能客控）:HK$248', '巨幕閲景雙床房（騰訊極光VIP+智能客控）:HK$260', '巨幕閲景大床房（騰訊極光VIP+智能客控）:HK$272', '巨幕閲景親子房（騰訊極光VIP+智能客控）:HK$291']"
漢庭酒店（武漢沌口永旺夢樂城店）,9.8,"['大床房（零壓床墊+智能投屏）:HK$215', '高級大床房（零壓床墊+智能投屏）:HK$233', '雙床房（零壓床墊+智能投屏）:HK$233', '商務大床房（零壓床墊+智能投屏）:HK$252']"
柏漫智能酒店（武漢光谷科技會展中心店）,9.0,"['輕奢大床房-乳膠床墊:HK$145', '臻選智能大床房-小度智能客控+乳膠床墊:HK$178', '尊享智能雙床房-小度智能客控+乳膠床墊:HK$212', '尊享智能大床房-小度智能客控+乳膠床墊:HK$214']"
煌冠都市情酒店（武漢長江大學店）,9.1,"['大床房:HK$171', '高級大床房:HK$184', '標準雙床房:HK$184', '商務大床房:HK$193']"
城市便捷酒店（武漢東西湖田園大道店）,9.4,"['標準大床房:HK$156', '標準雙床房:HK$160', '高級大床房:HK$177', '高級雙床房:HK$186']"
如家酒店·neo（武漢動物園萬科未來中心店）,9.5,"['大床房:HK$208', '商務大床房:HK$224', '高級大床房:HK$241', '高級雙床房:HK$241']"
