酒店名称,评分,房型价格列表
星空花園酒店（武漢漢口火車站竹葉山地鐵站店）,9.7,"['設計師大床房【可手機投屏+新風循環系統+人體工學深睡舒眠床墊+天鵝絨被芯+超柔科技親膚布草】:HK$233', '設計師雙床房【靜謐空間+新風循環系統+人體工學深睡舒眠床墊+天鵝絨被芯+超柔科技親膚布草】:HK$240', '陽光大床房【陽光明媚+視野開闊+人體工學深睡舒眠床墊+天鵝絨被芯+超柔科技親膚布草】:HK$253', '陽光雙床房【人體工學深睡舒眠床墊+天鵝絨被芯+超柔科技親膚布草+商務甄選+沐浴陽光】:HK$260']"
武漢江灘好百年美侖國際酒店,9.6,"['高級大床房「百年建築+朝內幽居」:HK$664', '高級雙床房「鬧中取靜+隱謐沉眠」:HK$714', '商務大床房「遠離喧器+悠享睡眠」:HK$714', '行政大床房「城畔掠影+時光郵差」:HK$764', '豪華雙床房「城市景觀+街道夜景」:HK$784']"
悦湖公館·loft湖景酒店（武漢金銀湖恆大城市廣場店）,9.6,"['特惠大床房【2號公寓】:HK$168', '甄品·巨幕影音大床房【平層2號公寓·120寸極米投影】:HK$179', '灰調·巨幕影音LOFT複式零壓套房【1號公寓·1室1廳·120寸極米投影】:HK$192', '現代·巨幕影音LOFT複式零壓套房【1號公寓·1室1廳·冰箱·洗衣機】:HK$205']"
武漢西蘭蒂亞酒店（綠地國際金融城武昌萬象城店）,9.0,"['驚喜特惠房:HK$385', '側江景行政大床房:HK$426', '側江景雙床房:HK$458', '豪華套房:HK$512']"
水雲嵐酒店（武漢江漢路步行街店）,9.7,"['嵐夕雅緻大床房-記憶床墊+mini冰箱+徠芬吹風機:HK$480', '嵐夕麗致標準房-記憶床墊+mini冰箱+徠芬吹風機:HK$502', '嵐夕麗致大床房-記憶床墊+mini冰箱+徠芬吹風機:HK$502', '雲夕逸緻標準房-記憶床墊+MINI冰箱+無線投屏:HK$618', '雲夕景觀大床房-記憶床墊+MINI冰箱+無線投屏:HK$642']"
洛可可·南法莊園（武漢江漢路地鐵站漢口江灘店）,9.6,"['温馨大床房〖金可兒床墊〗:HK$360', '精緻大床房〖金可兒床墊 • 提供下午茶〗:HK$414', '精品大床房〖金可兒床墊 • 提供下午茶〗:HK$480', '行政大床房〖金可兒床墊 • 提供下午茶〗:HK$534']"
同興·木子公館（武漢江漢路步行街黎黃陂路店）,9.4,"['天福裏-大床房--金可兒床品&70寸電視:HK$492', '長怡裏-精品大床套房--金可兒床品&70寸電視:HK$656', '輔仁裏-浴缸親子雙床房--金可兒床品&70寸電視:HK$656', '輔德里-精品親子雙床房--金可兒床品&70寸電視:HK$820']"
星呈酒店（武漢未來智滙城店）,9.5,"['優選大床房（乳膠床墊-LG洗烘-空氣凈化器-智能電視）:HK$171', '商務標間（金可兒床墊-空氣凈化器-LG洗烘-智能電視）:HK$183', '電競大床房[4060+i5+2K165+32G+LG洗烘+空氣凈化器]:HK$183', '商務大床房（乳膠床墊-LG洗烘-空氣凈化器-智能電視）:HK$195']"
臻程酒店（武漢徐東銷品茂湖北大學店）,9.7,"['臻選·大床房+AI智能客控+智能馬桶:HK$295', '臻選·雙床房+AI智能客控+智能馬桶:HK$295', '高級大床房·梅·新中式+AI智能客控+投屏電視+舒睡好眠:HK$358', '高級雙床房·蘭·新中式+AI智能客控+投屏電視+舒睡好眠:HK$358', '園景大床房·梅·花園景觀天窗+AI智能客控+投屏電視+酣然入夢:HK$380']"
武漢全亞酒店,9.2,"['豪華行政智能大床房（超大熒幕+舒適床墊）:HK$138', '零壓智能雙床房（靜謐舒睡+乾濕分離）:HK$143', '零壓智能大床房（全屋智能客控+VIP會員）:HK$155', '豪華行政智能雙床房（語音智能+歡樂親子）:HK$170']"
武漢楠璟花園S酒店（漢口火車站雲飛路地鐵站店）,9.5,"['·S·臻品質大床房【商務辦公+寵物友好】:HK$232', '熊貓 · 親子高級影院大床房-幸福時光-暢享超大空間:HK$243', '熊貓 · 親子高級雙床房[童趣時光+樂享超大空間]:HK$255', '春書 · 高級行政城景房【智能客控+辦公寫字桌+冰箱】:HK$266']"
隨行酒店·薈品（武漢中南路武商夢時代店）,9.3,"['大床房:HK$221', '商務大床房:HK$236', '商務雙床房:HK$259', '高級大床房:HK$282']"
武漢凱嘉酒店（武漢常福工業園店）,10.0,"['精緻影音智能大床房（4K高清投影）:HK$133', '雅緻影音智能大床房:HK$156', '單人電競影音大床房（RTX5070顯卡，4K高清投影）:HK$196', '輕雅智能影音標準間（智能小度，4K投影）:HK$212']"
雅樂庭·悦酒店（武漢漢口火車站園博園店）,9.5,"['精緻大床房-躺平治癒+空氣凈化器:HK$229', '精緻雙床房-安逸舒睡+空氣凈化器:HK$241', '商務舒睡大床房-躺椅沙發+辦公桌椅+空氣凈化器:HK$312', '商務舒睡雙床房-躺椅沙發+辦公桌椅+空氣凈化器:HK$323', '行政浴缸特大床房-隨心所“浴”+MINI冰箱+空氣凈化器:HK$335']"
武漢江漢路步行街萬象城楓渡酒店,9.6,"['經典大床房（慕思床墊+語音智控）:HK$461', '經典雙床房（慕思床墊+語音智控）:HK$480', '祕境大床房（慕思床墊+語音智控）:HK$535', '純粹大床房（慕思床墊+語音智控）:HK$600', '純粹雙床房（慕思床墊+語音智控）:HK$600']"
武漢禧徠輕奢酒店（徐家棚地鐵站店）,9.5,"['豪華大床房（巨幕投影帶愛奇藝會員+公區提供洗衣房）:HK$204', '江景輕奢巨幕投影大床房（帶影視會員）:HK$266', '輕奢風LOFT豪華大床房:HK$273', '温馨奶油風巨幕投影雙床房（帶影視會員）:HK$289']"
武漢山水富麗華酒店,9.6,"['豪華大床房-乾濕分離-雅蘭蕎麥+羽絨枕:HK$643', '豪華雙床房-乾濕分離-雅蘭蕎麥+羽絨枕:HK$643', '商務大床房-城市景觀-小冰箱:HK$741', '商務雙床房-城市景觀-小冰箱:HK$741', '臻選景觀大床房:HK$785', '臻選景觀雙床房:HK$785']"
東湖喜堂客舍,9.3,"['香舍·特惠大床房:HK$193', '香舍·特享大床房:HK$201', '香舍·觀院大床房:HK$224', '香舍·小院大床房:HK$232']"
秋果酒店（武漢漢口火車站香港路地鐵站店）,9.8,"['明星大床房（MINI冰箱+空氣凈化+小度智控+無線投屏）:HK$380', '日式榻榻米投影房（影片隨心看＋空氣凈化+小度智控）:HK$390', '高級商務大床房（深睡好眠+空氣凈化+乳膠床墊+冰箱）:HK$412', '高級商務雙床房（深睡好眠+空氣凈化+乳膠床墊+冰箱）:HK$433', '悦享躺平治癒大床房（空氣凈化＋小度智控+冰箱）:HK$443']"
武漢江漢路步行街保安洋行漫心府,9.8,"['雅緻大床房（萌寵互動+智能投屏+miniBar）:HK$673', '心雅舒適大床房（萌寵互動+智能投屏+打卡拍照）:HK$673', '心怡大床房（民國風韻+萌寵互動+miniBar）:HK$704', '心悦高級大床房（民國風韻+萌寵互動+miniBar）:HK$764', '心悦高級雙床房（民國風韻+萌寵互動+miniBar）:HK$764']"
武漢米嵐酒店（同濟醫院礄口路地鐵站店）,9.2,"['謐居·舒適大床房【視頻會員+零壓床墊+安心睡枕】:HK$246', '謐境·新氧大床房【TV靈動投屏+百寸觀影體驗】:HK$271', '隱奢·甄選大床房【視頻會員+辦公卡座+零壓床墊】:HK$294', '隱奢·靈澤雙床房【視頻會員+辦公卡座+零壓床墊】:HK$294']"
齡舍1927•江景金庫度假酒店（江漢路漢口江灘店）,9.4,"['公德里·飄窗榻榻米「竹林景觀+投屏電視+智能馬桶 」:HK$1,025', '列爾賓·飄窗大床房「竹林景觀+投屏電視+智能馬桶」:HK$1,135', '信義·城景藝術大床房「老漢口城景+復古浴缸+智能馬桶」:HK$1,353', '珞珈·舒適大床房「老漢口城景+雙床可拆+智能馬桶」:HK$1,462', '寶順·窗景大床房「人文街區街景+浪漫浴缸+智能馬桶」:HK$1,462', '立興·梵克雅寶大床房「人文街區街景+側江景+智能馬桶」:HK$1,681']"
星空花園酒店（武漢江漢路恆隆廣場店）,9.4,"['逸影榻榻米大床房【綠景窗户+巨幕投影+智能客控馬桶】:HK$223', '綠景暖居大床房【智能客控+72寸電視可投屏+助眠睡枕】:HK$256', '沐光小築大床房【陽光滿屋+72寸大電視投屏+乾濕分離】:HK$277', '綠景暖居雙床房【景觀綠植+助眠床墊+智能客控】:HK$287', '暖陽寬敞大床房【辦公桌椅+窗户明亮+自助水吧枱】:HK$309']"
格雷斯精選酒店（武漢白沙洲楊泗港長江大橋店）,9.3,"['江灘|高級大床房（坐卧長沙發+寬敞通透+陽光滿屋）:HK$231', '城景|高級雙床房（獨立辦公區+乾濕分離+舒睡床墊）:HK$254', '江灘|商務大床房【深度睡眠床墊+辦公桌椅+躺平沙發】:HK$254', '城景|商務雙床房（獨立辦公區+沙發茶几+舒睡床墊）:HK$278']"
金泰酒店（武漢世界城光谷步行街華中科技大學店）,9.3,"['靜謐幽夢大床房【私密空間&躺平自愈&小黑屋】:HK$129', '安享舒睡大床房【温馨舒適&品牌床墊】:HK$147', '滾來滾去大床房【品牌床墊&視野開闊】:HK$165', '臻選雅緻雙床房【陽光滿屋&品牌床墊】:HK$165']"
武漢萬湖雲錦酒店（園博園金銀湖地鐵站店）,9.9,"['高級大床房:HK$496', '高級雙床房:HK$496', '豪華大床房:HK$547', '豪華雙床房:HK$547', '豪華湖景大床房:HK$600', '豪華湖景雙床房:HK$600']"
宜尚酒店（武漢天河機場宋家崗地鐵站店）,9.6,"['舒適大床房:HK$221', '影院雙床房（新尚北歐+小度語音智控+智能投影）:HK$249', '高級大床房（新尚北歐+小度語音智控+希丁安床墊）:HK$256', '影院大床房（新尚北歐+小度語音智控+智能投影）:HK$267']"
格林豪泰智選酒店（武漢漢口火車站店）,9.7,"['清馨大床房:HK$198', '影音大床房:HK$205', '高級大床房:HK$212', '高級雙床房:HK$220']"
木蘭嶼墅,9.2,"['雨霖鈴-湖畔別墅豪華大床房:HK$539', '清平樂-湖畔別墅豪華大床房:HK$539', '醉花陰-湖畔別墅豪華大床房:HK$632', '菩薩蠻-湖畔別墅豪華大床房:HK$632']"
桔派S酒店（武漢江漢路步行街江灘店）,9.5,"['悦享逸境大床房+小T智控+記憶枕-無線投屏:HK$316', '樂享安寢大床房+{智能客控+手機投屏+三層隔音玻璃}:HK$338', '陽光致享大床房-全屋聲控-無線投屏-浪漫夜景:HK$381', '尊·臻選豪華大床房{智能客控+手機投屏+採光極好}:HK$403']"
武漢江漢路步行街美侖酒店,9.6,"['高級大床房·民國風【定製床墊+mini吧】:HK$503', '商務大床房·民國風【定製床墊+mini吧】:HK$563', '高級雙床房·民國風【定製床墊+mini吧】:HK$613', '豪華景觀大床房·民國風【定製床墊+mini吧】:HK$683', '商務雙床房·民國風【定製床墊+mini吧】:HK$724']"
武漢天河機場東希爾頓歡朋酒店,9.7,"['舒適大床房:HK$470', '舒適雙床房:HK$470', '高級大床房:HK$501', '高級雙床房:HK$501', '豪華雙床房:HK$543']"
青陌酒店（武漢漢口火車站長港路地鐵站店）,9.0,"['智能暢享大床房【陽光沐浴+乳膠床墊+城市街景】:HK$183', '智能暢享雙床房【商務辦公+高速WiFi+乾濕分離】:HK$205', '智能暢享温馨親子房【親子時光+親膚布草+安靜舒睡】:HK$227', '百戰百勝棋牌大床房【空間寬敞+專業麻將桌+身心愉悦】:HK$281']"
麗怡酒店（武漢漢口火車站泛海CBD店）,9.5,"['高級大床房（慕思床墊+香氛洗沐護+智能客控）無線投屏:HK$301', '高級雙床房（慕思床墊+香氛洗沐護+智能客控）無線投屏:HK$317', '親子雙床房（慕思床墊+香氛洗沐護+智能客控）無線投屏:HK$391', '豪華大床房（慕思床墊+香氛洗沐護+超大窗户）:HK$403']"
津竹藝術精品酒店（武漢黃鶴樓户部巷店）,8.9,"['特價精緻大床房【外窗+一次性馬桶墊】:HK$152', '行政商務大床房【外窗+一次性馬桶墊】:HK$190', '書香雅韻大床房【外窗+一次性馬桶墊】:HK$203', '歐式浪漫圓床房【外窗+一次性馬桶墊】:HK$203']"
汲暮江景酒店（武漢漢口江灘店）,9.5,"['汲暮大床房-31樓辦理入住:HK$269', '尊享夜景大床房-31樓辦理入住:HK$351', '精品江景大床房-31樓辦理入住:HK$413', '享悦江景大床房-31樓辦理入住:HK$467']"
隨行輕居酒店（武漢高鐵站科技大學店）,9.6,"['大床房:HK$163', '商務大床房:HK$177', '雙床房（無窗）:HK$177', '高級大床房:HK$198']"
武漢天地Loft影視公寓,9.1,"['甄選大床房:HK$163', '鹿鳴江景大床房:HK$172', '星辰高空江景大床房:HK$186', '臨江Loft雙床房:HK$232']"
武漢山水富麗華酒店（王家灣國博中心店）,9.6,"['麗景大床房【金可兒甜夢床墊+落地窗+辦公桌椅】:HK$404', '麗景雙床房【金可兒甜夢床墊+落地窗+辦公桌椅】:HK$404', '麗景豪華大床房【小冰箱+貴妃椅+全身鏡+高空夜景】:HK$451', '麗景豪華雙床房【小冰箱+貴妃椅+全身鏡+高空夜景】:HK$451', '麗景行政大床房【金可兒甜夢床墊+mini吧+高空夜景】:HK$523']"
洪源優選酒店（武漢新洲陽邏店）,9.3,"['舒適簡約大床房:HK$109', '靜謐恬靜大床房:HK$115', '零壓深眠大床房:HK$133', '純享藝術設計房:HK$133']"
宜庭酒店（江漢路步行街協和醫院店）,9.4,"['輕雅大床房-小度全屋智能客控:HK$189', '精緻大床房-記憶床墊:HK$197', '雅緻大床房-陽光明媚+手機投屏:HK$214', '悦享影院大床房-4K極米投影+騰訊會員:HK$214']"
金路·易酒店（武漢江漢路大洋百貨店）,8.5,"['易惠大床房:HK$111', '易選大床房:HK$128', '易優影院大床房:HK$139', '易惠智能大床房（智能客控）:HK$145']"
泊尚精選酒店（武漢江漢路步行街店）,9.0,"['現代簡約智能大床房（小度智能+VIP影視）:HK$160', '雅緻智能大床房 （小度智能）:HK$180', '精選陽光智能大床房（小度智能+VIP影視）:HK$202', '複式智能影院雙床房:HK$235']"
萬信至格酒店（武漢天河機場航空總部地鐵站店）,9.4,"['商務大床房（全屋智能小度+自動窗簾）:HK$304', '商務雙床房（全屋智能小度+自動窗簾）:HK$334', '豪華雙床房（全屋智能小度+自動窗簾）:HK$373', '豪華大床房（全屋智能小度+自動窗簾）:HK$383', '萬信行政大床房（全屋智能小度+自動窗簾）:HK$422']"
鉑金涵舍·湖景休閑度假公寓（取水樓地鐵站店）,9.6,"['鉑金米蘭湖景投影房:HK$210', '鉑金小築湖景投影房:HK$210', '鉑金月光湖景投影房:HK$210', '鉑金羅馬湖景投影房:HK$210']"
欣興loft湖景酒店（恆大城市廣場店）,9.6,"['雅緻.巨幕影音大床房【平層房間-洗衣機-120寸極米投影】:HK$129', '現代.巨幕影院loft複試大床房【極米4K投影】:HK$140', '欣興.巨幕影院loft複試大床房【複試房間-冰箱洗衣機-投影】:HK$151', '千嶼.家庭影院loft複式雙床湖景套房【雙床房－冰箱洗衣機-投影】:HK$236']"
武漢風貌巴公邸酒店,9.7,"['高級大床房:HK$1,409', '高級雙床房:HK$1,518', '精品套房:HK$1,737', '豪華套房:HK$2,174', '臻選套房:HK$2,830', '巴公套房:HK$11,901']"
康鉑酒店（武漢趙家條地鐵站黃浦大街店）,9.4,"['舒適大床房-零壓床墊:HK$198', '高級大床房-零壓床墊:HK$214', '高級雙床房-零壓床墊:HK$230', '豪華大床房-零壓床墊:HK$230']"
開元大酒店（武漢高鐵站歡樂谷店）,9.6,"['豪華大床房-慕思床墊+藍牙低音炮:HK$502', '高級雙床房-慕思床墊-坐卧沙發:HK$502', '開放式大床房-180°落地窗視野-慕思床墊-藍牙低音炮:HK$545', '豪華雙床房-慕思床墊-藍牙低音炮-坐卧沙發:HK$545', '輕奢影音房-VIP會員觀影+極米百寸巨幕-全屋藍牙音響:HK$556', '行政大床房-負氧離子空氣凈化-迷你吧:HK$611']"
武漢黃鶴樓希爾頓歡朋酒店,9.6,"['舒適大床房:HK$715', '舒適雙床房:HK$743', '舒適江景大床房:HK$763', '高級大床房:HK$782', '高級雙床房:HK$811']"
