酒店名称,评分,房型价格列表
全季酒店（池州火車站店）,9.6,"['高級大床房:HK$330', '高級雙床房:HK$341', '商務大床房:HK$369', '商務雙床房:HK$378']"
麗思君亭酒店（池州政務中心商之都店）,9.1,"['智享語音悦享雙床房:HK$195', '智享語音悦享大床房:HK$214', '智享語音高級大床房:HK$281', '智享語音高級雙床房:HK$281', '智享語音行政雙床房:HK$340']"
尚客優悦酒店（池州高鐵站上海城店）,9.5,"['標準大床房（智能語音客控+零壓酣睡床墊+智能馬桶）:HK$215', '智能舒適雙床房（智能語音客控+酣睡床墊+智能馬桶）:HK$215', '優享·格調大床房（智能語音客控+單人沙發茶几+智能馬桶+獨立洗漱區）:HK$255', '優享·格調雙床房（智能語音客控+單人沙發茶几+智能馬桶+獨立洗漱區）:HK$255']"
池州大九華賓館（九華山）,9.6,"['池州印象商務精選房:HK$459', '池州印象商務大床房|城景+乾濕分離+新中式風格:HK$494', '池州印象商務雙床房|城景+乾濕分離+新中式風格:HK$494', '恬謐雅居套房|一室一廳+雙衞:HK$508', '池州印象智能大床房|高空城景+小度客控+乾濕三分離:HK$568']"
花築·池州十二時辰民宿（九華天池店）,9.7,"['夜半·特享大床房:HK$453', '日暮·中式精選雙床房:HK$577', '破曉·温馨大床房:HK$577', '旭日·山景大床房:HK$600']"
池州尚都酒店,9.5,"['精緻大床房:HK$238', '特惠雙床間:HK$238', '行政大床房:HK$275', '行政雙床房:HK$275']"
池州大前門輕奢酒店,9.4,"['臻選觀影雙床房（無窗）:HK$212', '精緻日式大床房:HK$238', '臻選觀影大床房（無窗）:HK$238', '精緻大床房:HK$249', '輕奢豪華標準間:HK$282']"
漢庭酒店（池州火車站店）,9.7,"['大床房:HK$246', '高級大床房:HK$265', '高級雙床房:HK$286', '套房:HK$305']"
開元名庭池州政務中心酒店,9.2,"['名成豪華雙床房（蕎麥枕頭+風乾機）:HK$298', '名成豪華大床房（蕎麥枕頭+風乾機）:HK$331', '名成商務雙床房（蕎麥枕頭+風乾機）:HK$364', '名成商務大床房（蕎麥枕頭+風乾機）:HK$397', '名成行政雙床房（蕎麥枕頭+風乾機+按摩椅）:HK$430']"
池州紅專記度假酒店（儺仙鎮九華天池店）,8.6,"['山景陽台大床房【液晶電視+親膚床品+乾濕分離】:HK$683', '山景陽台雙床房【液晶電視+親膚床品+乾濕分離】:HK$683', '雅緻觀瀾大床房【液晶電視+親膚床品+乾濕分離】:HK$683', '雅緻觀瀾雙床房【液晶電視+親膚床品+乾濕分離】:HK$683', '水岸院落雙床房【親膚床品+榻榻米茶台+液晶電視機】:HK$683', '陽光庭院雙床房【液晶電視+親膚床品+休閑桌椅】:HK$683']"
池州山水間醉裡頭精品民宿,9.4,"['地暖微醺大床房:HK$501', '地暖微醺雙床房:HK$610', '地暖微醺景觀大床房:HK$752', '正酣庭院大床房:HK$752']"
池州鉑晶國際酒店（江南產業集中區九華山機場店）,9.5,"['高級大床房:HK$329', '高級雙床房:HK$329', '豪華雙床房:HK$360', '豪華大床房:HK$360', '親子雙床房:HK$422']"
池州開元大酒店,9.5,"['商務大床房:HK$513', '商務雙床房:HK$513', '行政雙床房:HK$547', '行政大床房:HK$567', '豪華套房:HK$634', '商務套房:HK$742']"
池州平天半島大酒店,9.7,"['園景雙床房 | 雲棲竹徑·竹海聽濤:HK$1,069', '水上天路—豪華園景雙床房 | 陽台茶座·浮光竹影:HK$1,190', '親子主題豪華雙床房 | 親近自然·棲身山野:HK$1,312', '湖畔美居—湖景大床房 | 浴缸·靜謐·湖光山色:HK$1,312', '天空之境—豪華湖景大床房 | 陽台沙發·自然療愈:HK$1,433', '天空之境—豪華湖景套房 |下沉式客廳·浴缸·一線湖景:HK$2,283']"
巴爾頓酒店（池州高鐵站店）,9.3,"['高級大床房:HK$222', '高級雙床房:HK$222', '豪華大床房:HK$236', '豪華雙床房:HK$243']"
星空電競智能酒店（紅森國際大廈店）,10.0,"['商務雙標間:HK$226', '電競大床房【5070+U7265KF+2K300HZ+鑽石特權+加速器】:HK$258', '電競雙床房【5070+U7265KF+2K300HZ+鑽石特權+加速器】:HK$258', '豪華電競雙標間【5070+U7265KF+2K300HZ+鑽石特權】:HK$282']"
池州瑤池温泉酒店,8.3,"['清雅田園雙床房（書桌+沙發椅）:HK$293', '温雅園景雙床房（陽台+沙發椅+書桌）:HK$326', '温雅園景大床房（陽台+沙發椅+書桌）:HK$326', '和雅親友三床房（沙發椅）:HK$435', '馨雅親子雙床房（子母床+沙發椅+園景）:HK$533']"
如家睿柏·雲酒店（池州九華山機場店）,9.6,"['商務大床房:HK$188', '商務雙床房:HK$197', '智能商務大床房:HK$201', '尊享智能雙床房:HK$207']"
格林東方酒店（池州長江中路大潤發店）,9.3,"['大床房:HK$175', '豪華雙床房:HK$226', '豪華大床房:HK$226', '行政大床房:HK$226']"
沁源假日酒店（池州高鐵站店）,9.3,"['雅緻單間:HK$131', '精品單間:HK$131', '特惠單間（無窗）:HK$131', '精品標間:HK$146']"
池州維也納酒店（貴池長江南路濕地公園店）,9.2,"['標準大床房 （私密空間+深睡助眠枕+酣睡床墊）:HK$216', '商務大床房 （保鮮冰箱+會客區+大空間）:HK$226', '豪華大床房 （零壓酣睡床墊+通風采光佳+落地全身鏡）:HK$243', '豪華雙床房 （陽光滿屋+零壓酣睡床墊+舒適沙發椅）:HK$251']"
龍雲國際大酒店（池州高鐵站店）,9.1,"['特惠高級雙床房:HK$210', '特惠高級大床房:HK$211', '豪華雙床房:HK$252', '豪華大床房:HK$313']"
巴爾頓酒店（池州九華山機場店）,9.3,"['高級雙床房:HK$244', '高級大床房A:HK$244', '豪華大床房:HK$275', '豪華雙床房:HK$275']"
嘉旗觀景酒店（池州生態濕地公園店）,8.8,"['城景大床房:HK$214', '觀景·大床房（高空觀景+智能馬桶）:HK$236', '山景時光·圓床房（高空觀景+智能馬桶）:HK$271', '臻享智能大床房（65寸電視+高空觀景+智能客控）:HK$305']"
格美酒店（池州高鐵站店）,9.1,"['格美雙床房:HK$184', '格美大床房:HK$184', '清馨大床房:HK$224', '清馨雙人房:HK$224']"
池州百歲大酒店,8.6,"['商務單間:HK$216', '普通標準間:HK$293', '豪華標間:HK$333', '豪華單間:HK$333', '家庭標間:HK$447']"
拾院酒店,9.8,"['山野大床房:HK$765', '山麓觀景大床房（漢斯格雅衞浴+金可兒床墊+全屋地暖）:HK$983', '山麓觀景雙床房（漢斯格雅衞浴+金可兒床墊+全屋地暖）:HK$1,005', '伍·陸·玖·松照·庭院大床房（星空浴缸+戴森吹風機）:HK$1,270', '捌·拾·林間·庭院套房（星空浴缸+漢斯格雅衞浴）:HK$1,377']"
池州祕境秋浦仙居民宿,9.5,"['南山-露台茶園雙床房【獨立露台+茶園山景】:HK$657', '星辰-星空露台茶室家庭套房【獨立茶室+180°山景】:HK$770', '乘月-星空露台茶園家庭房【觀景露台+茶園山景】:HK$770', '清風-茶園書房浴缸雙床房【深水浴缸+茶園山景】:HK$770']"
頤朵酒店（池州秀山門博物館店）,9.4,"['大床房（內窗）:HK$151', '零壓大床房:HK$169', '零壓雙床房:HK$187', '高級電競大床房:HK$194']"
君亭水晶酒店（池州政務中心人民醫院店）,9.3,"['輕享 | 高級雙床房（蕎麥枕+乳膠床墊）:HK$263', '初夏特惠雙床房:HK$274', '輕享 | 高級大床房（蕎麥枕+乳膠床墊）:HK$277', '君享|麗致雙床房（蕎麥枕+乳膠床墊+隔音門）:HK$306']"
JAM-O季末酒店（池州大潤發店）,8.6,"['美式帶投影大床房:HK$208', '日式帶投影大床房:HK$208', '田園風帶投影大床房:HK$208', '奶油風帶投影大床房:HK$208']"
美程酒店（池州高鐵站店）,9.2,"['特惠大床房:HK$184', '美凈大床房:HK$315', '美致大床房:HK$337', '美致雙床房:HK$337']"
維也納國際酒店（池州高鐵站店）,9.5,"['高級雙床房:HK$228', '豪華雙床房:HK$236', '高級大床房（無窗）:HK$236', '豪華大床房:HK$245']"
紫晶酒店（池州市政務中心店）,9.1,"['躺平治癒大床房:HK$235', '寧靜雙床房:HK$259', '商務大床房:HK$268', '豪華大床房:HK$284']"
池州天水灣大酒店（政務中心店）,9.4,"['精品豪標:HK$292', '精品大床間:HK$293', '行政商務雙床房:HK$321', '商務舒適雙床房:HK$356']"
飛魚電競智能酒店（池州商之都店）,9.4,"['特惠電競雙床房【4070S+i7-14790F+2K260HZ+鑽石特權+UU加速器+全屋智能】:HK$260', '智能電競大床房【4070S+i7-14790F+2K260HZ+鑽石特權+UU加速器+全屋智能】:HK$274', '智能電競雙床房【4070S+i7-14790F+2K260HZ+鑽石特權+UU加速器+全屋智能】:HK$274', '豪華電競雙床房【4070S+i7-14790F+2K260HZ+鑽石特權+UU加速器+全屋智能】:HK$300']"
尚嘉酒店（財富廣場店）,9.7,"['智享大床房:HK$244', '智尚大床房:HK$264', '智享雙床房:HK$264']"
漢庭酒店（池州商之都店）,9.8,"['大床房:HK$226', '雙床房:HK$236', '高級大床房:HK$246', '高級雙床房:HK$265']"
池州毓秀賓館,8.8,"['標準大床房:HK$214', '豪華套房:HK$253', '商務雙床房:HK$268', '精品大床房:HK$343']"
格林豪泰（池州高鐵站店）,9.0,"['大床房:HK$137', '雙床房:HK$152', '商務大床房:HK$152', '高級大床房:HK$162']"
嘉年華酒店,9.4,"['素雅大床房:HK$168', '觀景大床房:HK$180', '觀景標間:HK$195', '豪華電競單人間:HK$215']"
麗斯未來酒店（遠東國際廣場店）,9.4,"['南柵灣（舒適影院大床房）:HK$171', '藝林（精選影院雙床房）:HK$181', '積木（LOFT影院大床房）:HK$210', '嶺南（LOFT影院大床房）:HK$219']"
尚美酒店（池州大潤發店）,9.4,"['高級標間:HK$153', '豪華大床房:HK$161', '豪華標間:HK$170', '家庭房:HK$203']"
都市花園連鎖酒店（池州第十六中學秀山門博物館店）,8.5,"['美致大床房:HK$173', '美致雙床房:HK$179', '舒適大床房:HK$208', '舒適雙床房:HK$222']"
格林豪泰（池州市政務中心平天湖風景區店）,9.6,"['高級零壓大床房:HK$196', '高級零壓雙床房:HK$196', '舒眠零壓大床房:HK$196', '豪華零壓大床房:HK$207']"
茶鄉里民宿,9.4,"['峽谷祕境山景避暑雙床房:HK$380', '峽谷山景大床房:HK$380', '峽谷山景套房:HK$588']"
池州竹子酒店,9.0,"['特惠單間:HK$163', '高級單間:HK$218', '高級標間:HK$218', '豪華標間:HK$228']"
開園影視酒店,7.6,"['特價大床房:HK$174', '豪華標準間:HK$288', '情侶大床房:HK$305', '豪華大床房:HK$314']"
九華詩源民宿,9.5,"['落地窗觀景大床房:HK$351', '精品雙床房:HK$370', '行政套房:HK$481']"
城市快捷酒店（池州高鐵站店）,9.2,"['零壓大床房:HK$133', '輕享大床房:HK$144']"
