酒店名称,评分,房型价格列表
泉州華僑大廈（西街古城店）,9.5,"['優選雙床房:HK$457', '精緻無窗房:HK$457', '舒適雙床房:HK$489', '舒適雙拼大床房:HK$489', '豪華大床房:HK$522']"
桐伴精品酒店（泉州古城店）,9.5,"['標準大床房【50寸小米投屏+親膚布草】:HK$283', '豪華大床房【50寸小米投屏+公區洗衣房】:HK$337', '商務大床房【50寸小米投屏+休閑茶具】:HK$369', '商務雙床房【50寸小米投屏+公區烘乾機】:HK$435']"
全季酒店（泉州西街中山路店）,9.4,"['大床房:HK$453', '高級大床房:HK$482', '商務大床房:HK$530', '高級雙床房:HK$567']"
全季酒店（泉州萬達廣場店）,8.9,"['大床房:HK$381', '高級大床房A:HK$402', '高級大床房:HK$412', '商務大床房:HK$432']"
全季酒店（泉州豐澤廣場豐田街店）,9.5,"['大床房:HK$402', '高級大床房:HK$432', '商務大床房:HK$462', '商務雙床房:HK$462']"
桔子酒店（泉州豐澤廣場田安北路店）,9.6,"['大床房（桔香四溢+香橙洗護+休閑茶具+投屏電視+小冰箱）:HK$420', '高級大床房（桔香四溢+香橙洗護+休閑茶具+投屏電視）:HK$440', '雙床房（桔香四溢+香橙洗護+休閑茶具+投屏電視+小冰箱）:HK$478']"
泉州泰禾洲際酒店,9.5,"['豪華房 雙人床 城市景觀:HK$944', '豪華房 超大床 城市景觀:HK$944', '豪華房:HK$944', '豪華房 超大床 江景景觀:HK$1,046', '豪華房 雙人床 江景景觀:HK$1,047', '豪華房 超大床 甄選江景景觀:HK$1,128']"
泉州悦華酒店,9.6,"['高級大床房:HK$637', '高級雙床房:HK$637', '豪華大床房:HK$700', '豪華雙床房:HK$720', '行政大床房:HK$792', '豪華親子房:HK$829']"
頤璟凱樂酒店（泉州中駿廣場雲谷建材城店）,8.9,"['頤雅大床房:HK$250', '頤璟大床房:HK$270', '頤享雙床房:HK$275', '頤璟雙床房:HK$280']"
泉州中心智選假日酒店,9.5,"['高級房 大床:HK$462', '高級房·大床·更大面積:HK$487', '高級房 大床 湖景:HK$520', '高級房 雙床:HK$545', '開放式套房·大床·帶額外的起居區:HK$670']"
泉州富力萬達文華酒店,9.6,"['豪華房-大床:HK$995', '豪華房-雙床:HK$995', '高級豪華房-大床:HK$1,057', '高級豪華房-雙床:HK$1,057', '高級豪華雙床房（景觀房）:HK$1,094', '高級豪華大床房（景觀房）:HK$1,094']"
泉州廈航酒店（泉州古城店）,9.5,"['城景大床房:HK$391', '商務雙人房:HK$413', '高級雙床房:HK$435', '高級大床房:HK$435', '豪華大床房:HK$468']"
全季酒店（泉州中駿世界城體育街店）,9.6,"['大床房:HK$372', '高級大床房:HK$402', '商務大床房:HK$442', '雙床房:HK$453']"
泉州長城戴斯酒店（西街古城店）,8.8,"['精選大床房:HK$315', '精緻大床房:HK$337', '商旅丨舒適大床房:HK$369', '商旅丨舒適雙床房:HK$402']"
泉州寶洲路宏昌亞朵酒店,9.7,"['高級大床房（Mini小冰箱+投屏電視+空氣凈化器）:HK$601', '行政大床房（Mini小冰箱+投屏電視+空氣凈化器）:HK$664', '行政雙床房（Mini小冰箱+投屏電視+空氣凈化器）:HK$673', '幾木大床房（Mini小冰箱+投屏電視+空氣凈化器）:HK$709', '幾木雙床房（Mini小冰箱+投屏電視+空氣凈化器）:HK$718']"
泉州三品·嵐厝 LAN INN 民宿（西街古城店）,9.8,"['對堂-舒適城景大床房:HK$468', '錦鯉樓-投影景觀大床房:HK$468', '錦鯉樓-雅緻景觀大床房:HK$468', '四進- 舒適城景雙床房:HK$501']"
未覺雅舍（西街店）,9.7,"['雅緻大床房:HK$247', '未覺雅舍大床房:HK$270', '未覺輕奢大床房:HK$313', '天台觀景大床房:HK$377']"
全季酒店（泉州海峽體育中心中駿世界城店）,9.6,"['高級大床房A:HK$331', '高級大床房:HK$362', '高級雙床房:HK$362', '豪華雙床房:HK$391']"
泉州豐澤萬豪萬楓酒店,9.0,"['標準大床房:HK$413', '標準雙床房:HK$440', '臻選大床房:HK$463', '臻選雙床房:HK$485', '豪華大床房:HK$503']"
如家精選酒店（泉州温陵北路美食街店）,9.4,"['商務大床房:HK$333', '雙床房:HK$333', '高級大床房:HK$360', '高級雙床房:HK$360']"
泉州上清樓·清代庭院客棧,9.6,"['前庭商務大床房【世夢·春夢】:HK$477', '後院複式榻榻米大床房【花香·百合】:HK$646', '後院觀庭大床房【風清·水清】:HK$679', '後院全景觀庭大床房【庭中】:HK$679']"
全季酒店（泉州少林寺刺桐北路店）,9.6,"['大床房:HK$341', '高級大床房:HK$359', '雙床房:HK$387', '家庭房:HK$464']"
泉州金星大酒店（西街古城店）,9.0,"['豪華大床房:HK$388', '豪華雙床房:HK$388', '貴賓樓家庭房:HK$513', '貴賓樓行政套房:HK$754']"
泉州力標酷6酒店（泉州站店）,9.7,"['Diamond馨悦大床房【會員專享】:HK$366', 'Diamond臻享大床房:HK$389', 'Diamond馨悦雙床房【會員專享】:HK$389', 'Diamond臻享雙床房:HK$419', 'Diamond童話奇緣親子主題房:HK$444']"
錦江之星（泉州西街開元寺店）,9.2,"['標準大床房:HK$299', '標準大小雙床房:HK$299', '高級大床房:HK$317', '高級雙床房:HK$317']"
泉州巷遇酒店（西街開元寺店）,9.6,"['文瀾大床房:HK$844', '淺喜大床房:HK$938', '太空人親子雙床房:HK$1,059', '親子雙床房（浴缸）:HK$1,153', '塔景套房（茶室+獨立陽台）:HK$2,148']"
泉州濱江皇冠假日酒店,9.6,"['高級大床房:HK$783', '高級江景大床房:HK$837', '高級雙床房:HK$848', '高級房:HK$848', '高級江景雙床房:HK$903', '舒適高級房:HK$903']"
全季酒店（泉州豐澤廣場湖心街店）,9.6,"['大床房:HK$453', '高級大床房:HK$473', '商務大床房:HK$492', '高級雙床房:HK$492']"
泉州中心逸衡酒店,9.8,"['高級房 超大床:HK$735', '高級房 2張雙人床:HK$735', '高級房-超大床-瑜伽器材:HK$797', '豪華房 超大床:HK$860', '單卧套房-學習區域:HK$1,306']"
泉州晉江國際機場温德姆花園酒店,9.6,"['輕享舒適大床房:HK$534', '輕享舒適雙床房:HK$534', '暢享城景大床房:HK$567', '暢享城景雙床房:HK$567', '超享零壓雙床房:HK$611', '悦享自在大床房:HK$677']"
泉州古城新天城市廣場麗柏酒店,9.6,"['舒適雙床房:HK$491', '精緻大床房:HK$535', '精緻雙床房:HK$545', '豪華大床房:HK$578']"
泉州萬信至格酒店（古城美食街店）,8.7,"['舒適大床房:HK$257', '萬信影音房:HK$268', '高級大床房:HK$346', '高級雙床房:HK$378']"
桔子酒店（泉州浦西萬達領秀南路店）,9.6,"['高級大床房:HK$442', '豪華大床房:HK$472', '高級雙床房:HK$532', '家庭房:HK$592']"
泉州大寺逅民宿（西街開元寺店）,9.7,"['大寺逅大床房:HK$545', '清韻大床房:HK$752', '大寺逅雙床房:HK$754', '浴缸大床房:HK$1,017']"
途紀·巷與民宿（西街開元寺店）,9.5,"['會通·舒適大床房【高清投影+智能馬桶】:HK$586', '小泉澗·榻榻米大床房【高清投影+智能馬桶】:HK$611', '胭脂·品茗大床房【高清投影+全屋智能聲控】:HK$629', '象峯·觀景大床房【高清投影+智能馬桶】:HK$632', '甘棠·庭院大床房【帶獨立庭院+全屋智能+高清投影】:HK$666']"
泉州晉江機場陽光路亞朵酒店,9.6,"['高級大床房-【普蘭特床墊+65寸智能投屏電視】:HK$421', '高級雙床房-【普蘭特床墊+65寸智能投屏電視】:HK$448', '行政大床房-【深睡枕PRO+小冰箱+65寸智能投屏電視】:HK$466', '行政雙床房-【普蘭特床墊+小冰箱+65寸智能投屏電視】:HK$493', '尊享大床房-【深睡定製床墊+小冰箱+65寸智能電視】:HK$511']"
SlowHouse無事齋民宿（西街開元寺店）,9.9,"['疏桐·投影大床房【深睡乳膠床墊+智能馬桶】:HK$520', '山空·投影大床房【深睡乳膠床墊+智能馬桶】:HK$520', '清夜·投影大床房【深睡乳膠床墊+智能馬桶】:HK$520', '無塵·投影大床房【深睡乳膠床墊+智能馬桶】:HK$520']"
泉州豐澤少林寺亞朵酒店,9.5,"['高級大床房（Mini小冰箱+投屏電視+深睡枕PRO）:HK$548', '行政大床房（Mini小冰箱+投屏電視+深睡枕PRO）:HK$583', '行政雙床房（Mini小冰箱+投屏電視+深睡枕PRO）:HK$619', '幾木大床房（Mini小冰箱+投屏電視+深睡枕PRO）:HK$619', '幾木家庭房（Mini小冰箱+投屏電視+深睡枕PRO）:HK$682']"
巷裡·棲墅民宿（西街店）,9.8,"['巷裡·冬:HK$924', '巷裡·春（大床房）:HK$1,076', '巷裡家庭親子房:HK$1,227', '巷裡·夏（露台大床房）:HK$1,307']"
泉州元集朝也酒店（西街開元寺店）,9.4,"['朝·城景大床房:HK$468', '多·温馨大床房:HK$487', '也·雅緻雙床房:HK$515', '歡·別緻雙床房:HK$571']"
泉州古城九一街輕居酒店,9.7,"['舒適大床房:HK$448', '標準大床房:HK$484', '標準雙床房:HK$511', '精選大床房:HK$511', '精選雙床房:HK$538']"
Wild·奢野民宿（西街開元寺店）,9.7,"['刺桐丨投影大床房（高清投影）:HK$556', '輕奢丨投影大床房（高清投影）:HK$639', '歸野丨投影大床房（高清投影）:HK$698', '陽光丨影音大床房（智能電視或高清投影）:HK$790']"
泉州西湖酒店,9.2,"['特價大床房:HK$611', '豪華大床房:HK$666', '特價雙床房:HK$666', '豪華雙床房:HK$722', '山景大床房:HK$722']"
泉州茗山清源茶院,9.5,"['氧吧小院雙床房:HK$1,197', '氧吧小院大床房:HK$1,197', '浪漫山景榻榻米房:HK$1,197', '豪華山景榻榻米房:HK$1,290', '觀山小院榻榻米房:HK$1,290']"
泉州珺璟公館（西街開元寺店）,9.5,"['珺璟大床房:HK$639', '雯華大床房（巷景）:HK$696', '雯華雙床房:HK$771', '珩·大床房（獨立陽台）:HK$827']"
泉州眾和豪生大酒店,9.0,"['豪華城景大床房:HK$578', '豪華城景雙床房:HK$578', '臻選海景大床房:HK$688', '臻選海景雙床房:HK$688', '行政海景大床房:HK$840', '行政海景雙床房:HK$840']"
晉江廈航酒店（泉州晉江國際機場店）,9.6,"['雅緻大床房:HK$428', '商務雙床房:HK$467', '行政雙床房:HK$493', '舒適家庭房:HK$660', '景觀家庭房:HK$738', '商務套房:HK$853']"
SlowHouse煙火之上民宿（西街開元寺店）,9.6,"['鹽·影音大床房:HK$376', '醬·影音大床房:HK$376', '茶·浴缸大床房:HK$492', '油·浴缸大床房:HK$590']"
泉州谷城酒店（西街開元寺店）,9.3,"['谷韻·悦享大床房（高清投影）:HK$469', '谷滿·尊享大床房（高清投影）:HK$512', '穀穗·親子雙床房（高清投影）:HK$522', '谷趣·浴缸大床房（高清投影）:HK$533']"
漢庭酒店（泉州西街中山路店）,9.6,"['高級大床房A:HK$341', '高級大床房:HK$350', '商務大床房:HK$387', '高級雙床房:HK$468']"
泉州錄蒔民宿（西街開元寺店）,9.8,"['投影大床房:HK$843', '浴缸大床房:HK$977', '塔景浴缸大床房:HK$1,065', '大床套房:HK$1,260', '雙床套房:HK$1,420']"
