酒店名称,评分,房型价格列表
淄博海岱樓希爾頓歡朋酒店,9.5,"['舒適大床房:HK$730', '舒適雙床房:HK$730', '高級大床房:HK$763', '高級雙床房:HK$763', '豪華大床房:HK$796']"
淄博山東理工大學北京路亞朵酒店,9.7,"['高級大床房（小度智能客控+電視投屏+恆温花灑+小冰箱）:HK$448', '行政雙床房（小度智能客控+電視投屏+恆温花灑+小冰箱）:HK$502', '行政大床房（小度智能客控+電視投屏+恆温花灑+小冰箱）:HK$520', '幾木雙床房（小度智能客控+電視投屏+恆温花灑+小冰箱）:HK$520', '幾木大床房（小度智能客控+電視投屏+恆温花灑+小冰箱）:HK$548']"
全季酒店（淄博萬達廣場海岱樓店）,9.7,"['高級大床房:HK$422', '高級雙床房:HK$422', '商務大床房:HK$453', '商務雙床房:HK$453']"
周村錦巷·狀元府（淄博周村古商城店）,9.7,"['墨閣·雅韻觀景大床房:HK$479', '西廂·雅緻大床房:HK$517', '金榜題名·古韻大床房:HK$553', '禪意·古樸雙床房:HK$591']"
淄博齊軒酒店（陶瓷琉璃館山東理工店）,9.8,"['優享大床房（全屋智能客控+新風系統+零壓護脊）:HK$373', '高級大床房（全屋智能客控+零壓護脊+冰箱）:HK$408', '商務大床房（全屋智能客控+新風系統+零壓護脊）:HK$410', '豪華大床房（全屋智能客控+零壓護脊+冰箱）:HK$420']"
淄博大街雅舍民宿,9.9,"['雅舍·樂遊B:HK$534', '雅舍·樂遊A:HK$655', '雅舍·古韻:HK$655', '雅舍·古韻雙床房B:HK$753', '雅舍·敍樂單床房:HK$808']"
淄博張店八大局希爾頓歡朋酒店,9.6,"['舒適大床房:HK$799', '高級大床房:HK$819', '高級雙床房:HK$819', '豪華大床房:HK$857', '豪華雙床房:HK$857']"
淄博知味齋大飯店（周村古商城店）,9.7,"['魯韻·尊享大床房:HK$446', '魯韻·尊享雙床房:HK$468', '魯韻·園林觀景大床房:HK$491', '魯韻·豪華大床房:HK$567', '行政·城景大床房:HK$665', '行政·城景雙床房:HK$665']"
如家商旅酒店（淄博柳泉路火炬公園店）,9.6,"['商務大床房A:HK$337', '大床房:HK$337', '高級大床房:HK$355', '雙床房A:HK$364']"
莫蘭迪酒店（淄博八大局萬象滙店）,9.6,"['高級大床房【無窗】（0壓床墊+小冰箱）:HK$358', '商務大床房（0壓床墊+小冰箱）:HK$414', '商務雙床房（0壓床墊+小冰箱）:HK$469', '豪華大床房（0壓床墊+浴缸＋小冰箱）:HK$525', '尊享大床房（0壓床墊+浴缸＋小冰箱）:HK$581']"
全季酒店（淄博上海路海岱樓店）,9.8,"['大床房:HK$383', '雙床房:HK$393', '高級大床房:HK$411', '商務大床房:HK$430']"
山東齊盛國際賓館,9.4,"['豪華標準間:HK$503', '豪華單間:HK$569', '商務單間:HK$620', '豪華兩間套間:HK$1,138']"
淄博鼎成希爾頓花園酒店,9.4,"['豪華雙床房:HK$910', '花園大床房:HK$932', '豪華大床房:HK$975', '尊享雙床房:HK$975', '無障礙客房:HK$975']"
桔子酒店（淄博柳泉路店）,9.6,"['高級大床房:HK$322', '商務大床房:HK$341', '豪華雙床房:HK$370', '豪華大床房:HK$381']"
知味齋·文昌書院酒店,9.8,"['宿雲軒園景大床房:HK$958', '宿雲軒雅緻雙床房:HK$958', '天海閣庭院雙床房:HK$1,111', '天海閣庭院大床房:HK$1,111', '沁香閣湖景小童大床套房:HK$1,789']"
麗飴酒店（淄博萬象滙八大局店）,9.4,"['標準大床房:HK$235', '標準雙床房:HK$235', '豪華大床房:HK$268', '豪華雙床房:HK$268']"
宜尚酒店（淄博八大局萬象滙店）,9.6,"['舒適大床房（新風負氧+智能客控+零壓床墊）:HK$434', '舒適雙床房（新風負氧+智能客控+零壓床墊）:HK$443', '商務智能大床房（智能客控+智能馬桶+零壓床墊）:HK$452', '豪華智能大床房（智能客控+智能馬桶+零壓床墊）:HK$477']"
淄博北京路CBD桔子水晶酒店,9.7,"['大床房（絲漣床墊+電視投屏+小冰箱+浴袍）:HK$743', '商務大床房（絲漣床墊+電視投屏+小冰箱+浴袍）:HK$764', '雙床房:HK$764', '商務雙床房（絲漣床墊+電視投屏+小冰箱+浴袍）:HK$805', '豪華大床房（絲漣床墊+電視投屏+小冰箱+浴袍）:HK$814']"
白玉蘭酒店（淄博周村古商城步行街店）,9.7,"['零壓輕雅大床房:HK$239', '零壓舒雅大床房:HK$256', '零壓舒雅雙床房:HK$273', '零壓靜雅大床房:HK$273']"
CLIFFHUB瀾舫酒店（淄博博山紅葉柿巖店）,9.7,"['商務大床房（鵝絨被+進口床墊+小冰箱+空氣凈化器）:HK$515', '豪華大床房（鵝絨被+進口床墊+小冰箱+空氣凈化器）:HK$618', '豪華雙床房（鵝絨被+進口床墊+小冰箱+空氣凈化器）:HK$722', '家庭房（鵝絨被+進口床墊+小冰箱+空氣凈化器）:HK$1,321', '行政陽光套房（鵝絨被+進口床墊+小冰箱+空氣凈化器）:HK$1,330']"
閲山河酒店（淄博八大局火車站店）,9.3,"['躺平治癒大床房（全屋智能）:HK$366', '閲景·智能雙床房（全屋智能+小冰箱）:HK$376', '閲景·智能大床房（全屋智能+小冰箱）:HK$387', '山河·豪華大床房（寬敞舒適+4K高清大屏電視+休閑沙發）:HK$397', '山河·豪華雙床房（休閑沙發+乾濕分離+智能馬桶）:HK$397']"
全季酒店（淄博博山西冶街店）,9.9,"['高級大床房（智能客控+小冰箱）:HK$299', '商務大床房（智能客控+小冰箱）:HK$318', '商務雙床房（智能客控+小冰箱）:HK$318', '家庭房（智能客控+小冰箱）:HK$346']"
淄博萬豪萬楓酒店,9.6,"['商務大床房:HK$447', '商務雙床房:HK$447', '優選大床房:HK$502', '優選雙床房:HK$502', '家庭房:HK$720']"
喬治莫蘭迪酒店（淄博萬象滙八大局店）,9.3,"['高級大床房（無窗）:HK$363', '商務大床房【零壓床墊】:HK$385', '商務雙床房【零壓床墊】:HK$405', '雅緻大床房【零壓床墊】:HK$406', '豪華大床房【浴缸】【零壓床墊】:HK$447']"
淄博大學城漫亭花園酒店,9.7,"['舒適大床房:HK$403', '商務大床房:HK$436', '商務雙床房:HK$436', '行政大床房:HK$469', '家庭房:HK$491']"
桔子酒店（淄博臨淄大道店）,9.7,"['加州陽光大床房:HK$354', '加州陽光高級大床房:HK$374', '加州陽光觀景雙床房:HK$374', '加州陽光觀景大床房:HK$394']"
淄博唐莊酒店（中潤大道店）,9.5,"['豪華雙床房:HK$524', '豪華大床房:HK$555', '風尚雙床房:HK$579', '風尚大床房:HK$623']"
淄博觀博陽光酒店（魯泰大道店）,9.6,"['雅緻雙床房（智能投屏+徠芬吹風機+乾濕分離）:HK$376', '雅緻大床房（超大床+手機投屏+乾濕分離）:HK$388', '豪華雙床房（乾濕分離+舒適床品+手機投屏）:HK$410', '觀博大床房（超大床+手機投屏+徠芬吹風機+浴袍）:HK$466', '親子大床房（童趣裝飾+小童專屬洗漱用品+超大床+浴袍）:HK$576']"
維也納酒店（淄博中潤大道店）,9.4,"['標準大床房:HK$320', '高級大床房:HK$335', '高級雙床房:HK$335', '城景大床房:HK$363']"
淄博銀座華美達大酒店,9.2,"['高級雙床房:HK$480', '高級大床房:HK$491', '豪華大床房:HK$688', '商務套房:HK$731', '海底小縱隊主題房:HK$769']"
全季酒店（淄博臨淄齊文化博物館店）,9.7,"['高級大床房:HK$358', '商務雙床房:HK$378', '商務大床房:HK$378', '家庭房:HK$399']"
逸柏國際酒店（淄博萬象滙八大局店）,9.4,"['途選大床房【智能客控】:HK$204', '途選雙床房【智能客控】:HK$204', '途奢大床房【智能客控】:HK$231', '途奢雙床房【智能客控】:HK$231']"
鹿鸝酒店（萬象滙八大局店）,9.7,"['高級影音房【乾濕分離+徠芬吹風機+手機投屏】:HK$345', '特色景觀房【新風系統+智能馬桶+乾濕分離】:HK$369', '高級大床房【智能馬桶+手機投屏+乾濕分離+舒適床品】:HK$396', '高級雙床房【手機投屏+智能馬桶+乾濕分離】:HK$412', '高級影音套房【新風系統+大屏投影+智能馬桶】:HK$450']"
如家商旅酒店（淄博火車站和平路店）,9.6,"['大床房（手機投屏+智能馬桶）:HK$291', '商務大床房（手機投屏+智能馬桶）:HK$310', '雙床房（手機投屏+智能馬桶）:HK$310', '高級雙床房（手機投屏+智能馬桶）:HK$329']"
全季酒店（淄博金晶大道八大局市場店）,9.7,"['高級大床房:HK$362', '高級雙床房:HK$382', '商務大床房:HK$391', '商務雙床房:HK$412']"
淄博海悦瑞景酒店（淄博大學城店）,9.7,"['甄選大床房:HK$440', '甄選雙床房:HK$440', '清新氧吧雙床房:HK$476', '清新氧吧大床房:HK$476', '零壓大床房:HK$492']"
淄博喜來登酒店,9.4,"['豪華雙床房:HK$1,249', '尊貴豪華雙床房:HK$1,282', '豪華大床房:HK$1,359', '尊貴豪華大床房:HK$1,391', '豪華行政雙床房:HK$1,556', '大型客房:HK$1,614']"
全季酒店（淄博新村西路博物館店）,9.7,"['高級大床房:HK$402', '高級雙床房:HK$402', '商務大床房:HK$432', '商務雙床房:HK$432']"
淄博高新區柳泉路亞朵酒店,9.5,"['高級大床房（可手機投屏）:HK$448', '行政大床房（可手機投屏）:HK$493', '高級雙床房（可手機投屏）:HK$502', '幾木大床房（迷你小冰箱+浴袍+手機投屏）:HK$538', '行政雙床房（迷你小冰箱+浴袍+手機投屏）:HK$548']"
如家精選酒店（淄博新村西路萬象滙店）,9.7,"['大床房（智能客控+手機投屏）:HK$227', '雙床房（智能客控+手機投屏）:HK$245', '商務大床房（智能客控+手機投屏）:HK$255', '高級大床房（智能客控+手機投屏）:HK$272']"
全季酒店（淄博人民西路五里橋銀座店）,9.7,"['高級大床房:HK$352', '商務雙床房:HK$362', '商務大床房:HK$422', '舒壓--雙床房:HK$422']"
途景酒店（山東理工大學店）,9.6,"['青檸影音大床房（舒適睡眠+品牌床墊+高清投影）:HK$195', '城景影音大床房:HK$206', '雅緻影音雙床房（暢享觀影+舒適睡眠+深睡床墊）:HK$206', '輕奢影音雙床房（高清投影+深睡床墊+動人夜景）:HK$218']"
柏曼酒店（淄博陶瓷琉璃館山東理工大學店）,8.9,"['高級大床房（品牌洗護+一線景觀）:HK$231', '商務雙床房（高層闊景+品牌床墊）:HK$255', '商務大床房（靜謐臻享+採光通透+城市夜景）:HK$263', '豪華雙床房（靜謐臻享+高層闊景+採光通透）:HK$272']"
尚客優悦酒店（淄博山東理工大學店）,9.5,"['智能零壓大床房（全屋智能客控+品牌床墊）:HK$511', '智能優悦大床房（全屋智能聲控+品牌床墊）:HK$548', '智能優悦雙床房（全屋智能聲控+品牌床墊）:HK$548', '智能巨幕影音房（高清投影+智能聲控）:HK$548']"
淄博嘉泰嵐途酒店,9.7,"['商務標準間:HK$219', '輕奢大床房:HK$219', '豪華智能大床房:HK$248', '豪華智能標準間:HK$248']"
淄博周村賓館（周村古商城店）,9.6,"['悦賓樓絲緣大床房:HK$271', '迎賓樓絲藴雙床房:HK$315', '迎賓樓絲藴大床房:HK$337', '悦賓樓絲緣豪華大床房:HK$421', '惠賓樓商務標準間:HK$446']"
漢庭酒店（ 淄博北站柳泉路店）,9.8,"['高級大床房:HK$251', '雙床房:HK$281', '家庭房:HK$312', '套房:HK$352']"
晶璽雲棲酒店（淄博富力萬達廣場店）,9.8,"['Dream清夢｜特大床房（巨幕投影+寵物友好+落地飄窗）:HK$344', 'Desire即遇｜都市雙床房（會員觀影+寵物友好+大飄窗）:HK$344', 'Tourist拾光｜親子雙床房（巨幕投影+寵物友好+飄窗）:HK$358']"
你好酒店（淄博博山紅葉柿巖店）,9.7,"['大床房:HK$241', '商務大床房:HK$261', '商務雙床房:HK$261', '豪華家庭房:HK$312']"
漢庭酒店（淄博萬象滙八大局市場店）,9.8,"['大床房:HK$330', '高級大床房:HK$341', '雙床房:HK$350', '商務大床房:HK$350']"
淄博高新區高鐵北站亞朵酒店,9.8,"['高級大床房（手機投屏）:HK$412', '高級雙床房（手機投屏）:HK$412', '行政大床房（手機投屏+小冰箱）:HK$448', '行政雙床房（手機投屏）:HK$448', '幾木雙床房（手機投屏+小冰箱+浴袍）:HK$484']"
