酒店名称,评分,房型价格列表
淮北口子國際大酒店,9.5,"['特惠雙床房:HK$249', '特惠高級雙床房:HK$276', '高級雙床房:HK$347', '高級大床房:HK$347', '巨幕觀影房:HK$371', '豪華雙床房:HK$443']"
嘉瑞德智能酒店（淮北師範大學店）,9.5,"['樂舒智能大床房:HK$195', '天逸商旅雙床房:HK$206', '天逸舒適大床房:HK$218', '智能棋牌房:HK$269']"
淮北礦業會議中心大酒店,9.3,"['休閑大床房:HK$288', '商務雙床房:HK$291', '高級雙床房:HK$297', '商務大床房:HK$316', '豪華雙床房:HK$328']"
淮北新天地智選假日酒店,9.4,"['高級大床房|全景落地窗|貴妃小沙發|新風系統:HK$224', '高級雙床房|金可兒靜音床墊|乾濕分離|新風系統:HK$224', '舒適高級大床房|180°落地觀景|俯視城景|新風系統|mini吧枱:HK$253', '舒適高級雙床房|城市高空夜景|全景落地大窗|超柔親膚床品|觀景放空沙發:HK$253']"
全季酒店（淮北萬達廣場店）,9.8,"['大床房:HK$281', '高級大床房:HK$302', '雙床房:HK$302', '商務雙床房:HK$321']"
淮北政府廣場亞朵酒店,9.8,"['雅緻雙床房:HK$320', '雅緻大床房:HK$330', '高級大床房:HK$370', '高級雙床房:HK$370', '幾木大床房:HK$450']"
如家精選酒店（淮北鷹山中路盉街店）,9.7,"['商務大床房:HK$238', '高級大床房:HK$275', '雙床房:HK$284', '特色大床房:HK$294']"
全季酒店（淮北市政府店）,9.7,"['高級大床房:HK$289', '商務大床房:HK$318', '雙床房:HK$337', '套房:HK$421']"
蘭歐酒店（淮北市政府店）,9.7,"['蘭藝大床房:HK$192', '豪華雙床房 丨全景落地窗丨電視投屏丨金可兒床墊丨乾濕分離:HK$192', '豪華大床房丨全景落地窗丨電視投屏丨乾濕分離丨金可兒床墊:HK$207', '舒睡經典雙床房丨全景落地窗丨電視投屏丨乾濕分離:HK$215']"
如家精選酒店（淮北淮海東路吾悦廣場店）,9.2,"['雙床房:HK$217', '高級雙床房:HK$217', '大床房:HK$243', '商務大床房:HK$261']"
格菲酒店（淮北南湖公園店）,9.8,"['格菲大床房:HK$212', '格菲雙床房:HK$212', '格菲高級雙床房:HK$250', '格菲高級大床房:HK$255']"
星程酒店（淮北人民中路汽車南站店）,9.7,"['大床房:HK$198', '高級雙床房:HK$217', '高級大床房:HK$217', '家庭房:HK$246']"
格林豪泰酒店（淮北吾悦廣場店）,9.6,"['智能高級雙床房:HK$199', '智能商務雙床房:HK$220', '智能商務大床房:HK$220', '智能高級大床房:HK$227']"
維也納3好酒店（淮北市政府店）,9.3,"['高級雙床間:HK$179', '標準大床房:HK$179', '高級大床房:HK$196', '商務大床房:HK$212']"
淮北靜安豪生酒店,9.5,"['高級大床房:HK$343', '高級雙床房:HK$343', '豪華湖景大床房:HK$402', '豪華湖景雙床房:HK$402', '智能豪華湖景大床房:HK$402']"
維也納3好酒店（淮北烈山大學城華翊廣場店）,9.8,"['高級大床房:HK$189', '高級雙床房:HK$189', '標準大床房:HK$191', '景觀大床房:HK$204']"
淮北曼哈頓國際酒店,9.0,"['休閑大床房:HK$136', '特惠大床房:HK$150', '特惠雙床房:HK$150', '高級大床房:HK$151', '高級雙床房:HK$151']"
淮北相王府賓館,8.7,"['商務大床房:HK$212', '特價雙床房:HK$212', '特價大床房:HK$228', '商務雙床房:HK$250']"
漢庭酒店（淮北相山中路大潤發店）,9.7,"['大床房:HK$189', '高級雙床房:HK$198', '高級大床房:HK$207', '商務雙床房:HK$217']"
漢庭酒店（淮北火車站碧樂城店）,9.4,"['大床房:HK$189', '雙床房:HK$198', '高級大床房:HK$207', '高級雙床房:HK$217']"
白玉蘭酒店（淮北萬達廣場桓譚公園店）,9.6,"['智能輕雅標間:HK$172', '智能輕雅大床房:HK$172', '智能舒雅標間:HK$209', '智能舒雅大床房:HK$209']"
星呈電競酒店,9.7,"['景觀大床房（內部景觀窗）:HK$205', '高級雙床房:HK$224', '棋牌房:HK$273', '高級電競大床房{5070+u7 265KF+機械搖臂}:HK$322']"
高登假日酒店（淮北體育場店）,9.4,"['特惠大床房:HK$147', '特惠雙床房:HK$147', '優選大床房:HK$189', '優選雙床房:HK$189']"
如家商旅酒店（淮北人民路體育中心店）,9.6,"['大床房:HK$163', '高級大床房:HK$174', '高級雙床房:HK$185', '套房:HK$320']"
維也納酒店（淮北火車站萬達廣場店）,9.7,"['標準大床房（無窗）:HK$164', '大床房:HK$185', '商務雙床房:HK$206', '商務大床房:HK$238']"
國購米美智能民宿（淮北高鐵火車站店）,9.5,"['日棲·露營風（堅果巨幕投影）（超柔親膚床品）（落地窗）:HK$212', '娜可露露SNK（堅果巨幕投影）（全屋智能）（獨立公寓）（落地窗）:HK$212', '日棲·原木風（堅果巨幕投影+愛奇藝VIP會員影片+智能客控+獨立公寓+獨立衞浴+落地窗）:HK$212', '千頌伊~천송이 堅果巨幕投影~愛奇藝VIP會員影片~獨衞:HK$212']"
你好酒店（淮北安邦財富中心店）,9.6,"['大床房:HK$207', '高級大床房:HK$217', '雙床房:HK$217', '家庭房:HK$246']"
淮北北一電競酒店,9.7,"['暮雲大床房:HK$201', '電競標準間:HK$202', '輕奢標準間:HK$226', '至尊標準間:HK$268']"
凱里亞德酒店（淮北龍山路店）,9.3,"['優享大床房:HK$197', '優享雙床房:HK$197', '榮享大床房:HK$234', '榮享雙床房:HK$234']"
淮北相邑府酒店,9.6,"['豪華標間:HK$251', '豪華單間:HK$251', '行政套房:HK$326', '商務套房:HK$369']"
如家睿柏·雲酒店（淮北雲集店）,9.3,"['智能零壓大床房（智能客控➕全屋零壓➕手機投屏）:HK$172', '智能影音大床房（投影幕布+全屋零壓+手機投屏）:HK$191', '智能零壓雙床房（智能客控➕全屋零壓➕手機投屏）:HK$191', '尊享智能家庭房（智能客控➕全屋零壓➕手機投屏）:HK$201']"
淮北美豪酒店,8.9,"['精緻小廂房:HK$151', '舒壓雙床房:HK$163', '舒壓大床房:HK$194', '雅居大床房:HK$227', '雅居雙床房:HK$227']"
漢庭酒店（淮北市政府店）,9.6,"['大床房:HK$177', '標準雙床房:HK$185', '高級大床房:HK$194', '高級雙床房:HK$194']"
優程酒店（淮北店）,9.6,"['優享大床房（智能客控+電視投屏+智能馬桶）:HK$183', '優雅大床房（智能客控+電視投屏）:HK$201', '優享雙床房（智能客控+電視投屏+智能馬桶）:HK$210', '優悦大床房（智能客控+電視投屏）:HK$210']"
漢庭酒店（淮北師範大學店）,9.8,"['大床房:HK$195', '高級大床房:HK$205', '高級雙床房:HK$214', '商務雙床房:HK$224']"
宜必思酒店（淮北南黎路大潤發店）,9.5,"['大床房:HK$140', '雙床房:HK$140', '高級大床房:HK$150', '套房:HK$159']"
木依緣酒店（淮北市兆基家居店）,9.3,"['高級大床房:HK$133', '豪華大床房:HK$163', '高級雙床房:HK$163', '行政套房:HK$371']"
淮北咖啡貓電競酒店（德城新天地店）,9.1,"['電競大床房（4070+i5-13490F+32G+2K顯示器）:HK$181', '輕奢大床房（4070+i7-13490F+32G+2K顯示器）:HK$197', '輕奢雙床房（5070+i7-13490F+32G+2K顯示器）:HK$208']"
貝殼酒店（淮北師範大學濱湖校區店）,9.5,"['特色榻榻米大床房 智能:HK$140', '特色投影大床房 智能:HK$140', '商務大床房 智能:HK$151', '商務雙床房 智能:HK$158']"
貝殼酒店（淮北南湖雅苑店）,9.6,"['商務大床房:HK$148', '特色大床房:HK$157', '特色雙床房:HK$166', '高級大床房:HK$176']"
楠舍智能民宿（淮北火車站國購廣場店）,10.0,"['楠舍·初見（巨幕投影）:HK$156', '楠舍·想念（堅果巨幕投影）:HK$163']"
如家睿柏·雲酒店（淮北相山區鳳凰山食品博覽園店）,9.7,"['特惠大床房:HK$140', '智能零壓大床房:HK$153', '豪華雙床房:HK$154', '豪華大床房:HK$155']"
淮北龍湖商務酒店,9.2,"['小單間:HK$134', '大單間:HK$160', '標準間:HK$173', '商務房:HK$193']"
咖啡貓電競酒店（淮北吾悦廣場店）,8.7,"['輕奢大床房[3070顯卡+12代CPU]:HK$177', '輕奢雙床房[3070顯卡+12代CPU]:HK$186']"
格林豪泰酒店（淮北南黎路大潤發店）,9.1,"['商務大床房 智能 無窗:HK$177', '高級大床房 智能 有窗:HK$178', '商務雙床房 智能 無窗:HK$178', '高級雙床房 智能 有窗:HK$178']"
雲棲智選酒店（淮北高鐵北站店）,9.6,"['商務大床房:HK$173', '商務雙床房:HK$184', '智能商務大床房（智能語音設備）:HK$184', '積木情侶主題房:HK$184']"
格林豪泰智選酒店（淮北汽車南站萬茂廣場店）,8.9,"['智能大床房:HK$150', '智能商務雙床房:HK$166', '商務大床房:HK$169', '智能高級大床房:HK$177']"
貝殼酒店（淮北龍湖工業園店）,9.6,"['時尚單人房:HK$134', '商務大床房:HK$153', '商務雙床房:HK$153', '時尚高級雙床房:HK$153']"
尚悦酒店（淮北師範大學濱湖校區店）,9.4,"['商務大床房:HK$123', '觀影大床房:HK$133', '商務雙床房:HK$142', '電競大床房【3050】:HK$152']"
洲跡美宿,9.1,"['舒適影院大床房:HK$135', '雅緻影院雙床房:HK$142', '時尚大床房:HK$151', '尊享智能影音大套房:HK$179']"
