酒店名称,评分,房型价格列表
Urba柏納·國際公寓（潮州古城牌坊街店）,9.4,"['臻選大床房（智能客控+高清投屏電視）:HK$315', '精選大床房（智能客控+高清投屏電視）:HK$327', '精選雙床房（智能客控+高清投屏電視）:HK$347', '影音雙床房（影音巨幕+智控）:HK$391', '豪華雙床房（炫彩波紋燈+智控+高清投屏電視）:HK$425']"
花築·藝術家民宿（潮州古城牌坊街西馬路店）,9.6,"['靜客丨奢享大床房:HK$612', '米蘭丨奢享大床房:HK$649', '半夏丨奢享大床房:HK$649', '忘憂 | 奢享花園大床房:HK$735']"
潮州人民廣場希岸Deluxe酒店,9.3,"['Deluxe休閑大床房:HK$340', 'Deluxe休閑雙床房:HK$357', 'Deluxe豪華大床房【全屋智控+乾濕分離】:HK$399', 'Deluxe豪華雙床房【全屋智控+乾濕分離】:HK$416', 'Deluxe商務大床房【全屋客控+乾濕分離】:HK$434']"
希居（潮州古城廣濟橋江景店）,9.4,"['温馨·高級大床房（全屋智能+雲視聽會員+安靜舒適+助眠零壓床墊+全棉高織床品）:HK$355', '觀影·豪華大床房（側面江景+100寸影院投屏+全屋智能+助眠零壓床墊+全棉高織床品）:HK$386', '温馨·高級雙床房（全屋智能+雲視聽會員+助眠床墊）:HK$418', '江景·浴缸大床房（一線江景+眺望廣濟橋+全屋智能+雲視聽會員+助眠零壓床墊+全棉高織床品）:HK$439']"
潮選假日酒店（潮州財富中心店）,9.9,"['潮韻豪華大床房:HK$529', '潮享輕奢雙床房:HK$564', '潮享雲際套房:HK$807', '潮尊雲際套房:HK$923']"
全季酒店（潮州古城人民廣場店）,9.5,"['高級大床房:HK$446', '豪華大床房:HK$502', '高級雙床房:HK$586', '套房:HK$586']"
潮橙居（潮州廣濟橋牌坊街店）,9.4,"['投影精緻大床房 （智能音控 + 乾濕分離 + 影視會員 + 純棉床品）:HK$287', '雅緻大床房 （智能音控 + 乾濕分離 + 純棉床品）:HK$331', '豪華大床房 （智能音控 + 乾濕分離 + 純棉床品）:HK$373', '舒適雙床房 （智能音控 + 乾濕分離 + 純棉床品）:HK$374']"
花築·東門客棧（潮州廣濟橋牌坊街店）,9.4,"['中式大床房（乳膠床墊+乾濕分離）:HK$388', '中式雙床房（乳膠床墊+乾濕分離）:HK$487', '歐式經典大床房（乳膠床墊+乾濕分離）:HK$487', '歐式豪華大床房（乳膠床墊+乾濕分離）:HK$549']"
雅斯特國際酒店（潮州大橋店）,9.4,"['雅緻大床房（智能客控+乾濕分離）:HK$217', '雅緻雙床房（智能客控+乾濕分離）:HK$258', '豪華大床房（陽光飄窗+乾濕分離+功夫茶具）:HK$265', '影音大床房（百寸巨幕+陽光飄窗+功夫茶具）:HK$290']"
潮邑明林府（潮州古城牌坊街店）,9.6,"['鸞凰琴簪•豪華大床房+92寸高清影幕:HK$535', '鳳鳴·智能豪華大床房+户外桌椅+100寸高清巨幕:HK$705', '月圓澄酒·智能輕享複式大床套房:HK$822', '山海丹青·智能輕享景觀複式雙床套房+84寸高清影幕:HK$876']"
麗楓酒店（潮州温泉江景店）,9.5,"['雅緻大床房（空氣凈化器+慕斯床墊+投屏電視）:HK$330', '豪華大床房（空氣凈化器+慕斯床墊+投屏電視）:HK$361', '豪華雙床間（空氣凈化器+慕斯床墊+投屏電視）:HK$413', '江景大床房（空氣凈化器+慕斯床墊+投屏電視）:HK$414']"
潮州古城人民廣場亞朵酒店,9.4,"['雅緻大床房:HK$500', '高級大床房:HK$543', '高級影音大床房:HK$568', '高級雙床房:HK$568', '幾木雙床房:HK$652']"
桔子酒店（潮州古城牌坊街店）,9.3,"['高級大床房:HK$617', '豪華大床房:HK$730', '雙床房:HK$739', '高級雙床房:HK$786']"
凱里亞德酒店（潮州財富中心人民廣場店）,9.4,"['輕享大床房:HK$274', '優享影音大床房:HK$299', '優享大床房:HK$299', '優享雙床房:HK$323']"
韓思·熙湖酒店（潮州古城牌坊街店）,9.5,"['星空電影房-空氣凈化:HK$588', '檀木大床房-空氣凈化:HK$720', '檀木湖景大床房-空氣凈化:HK$775', '陽台景觀大床房-空氣凈化:HK$829', '檀木雙床房-空氣凈化:HK$829']"
州里設計潮宿（潮州古城牌坊街店）,9.5,"['快樂的彩蛋大床房（小度智能+全棉床枕+雅緻空間+乾濕分離）:HK$452', '沙萬·獨享大床房（小度智能+全棉床枕+別緻空間+乾濕分離）:HK$477', '哈桑·私享大床房（特大床+小度智能+全棉床枕+乾濕分離）:HK$526', '萊索·尊享大床房（特大床+獨立浴缸+小度智能+大屏投影+全棉床枕+乾濕分離）:HK$588']"
潮州古城牌坊街漫心酒店,9.7,"['心怡標準大床房:HK$591', '心怡標準雙床房:HK$654', '心悦高級大床房:HK$677', '心悦高級家庭房:HK$716', '心享豪華大床房:HK$740']"
潮府裏國際酒店（潮州古城牌坊街店）,9.4,"['淺野·雅緻大床房（全屋智能+陽光落地窗+全棉床品）:HK$425', '椿庭 舒適雙床房（大空間+1.35超大雙床+全屋智能）:HK$438', '山海 谷隱雙床房（大空間+1.35超大雙床+全屋智能）:HK$448', '靜也 臻享雙床房（大空間+1.35超大雙床+全屋智能）:HK$488']"
蘭歐酒店（潮州古城牌坊街店）,9.1,"['標準大床房:HK$364', '標準雙床房:HK$373', '影音大床房:HK$373', '豪華大床房（私享按摩椅+智能語控）:HK$416', '高級雙床房:HK$422']"
駿景國際酒店（潮州韓江人民廣場店）,9.4,['景雅·私享大床房『温馨出行+功夫茶具+自然眠愈被芯』:HK$320']
韓思·悦酒店（潮州古城牌坊街店）,9.3,"['高級大床房-零壓床品:HK$290', '思悦大床房-零壓床品:HK$334', '豪華大床房-零壓床品:HK$367', '豪華雙床房-零壓床品:HK$432', '思悦家庭房:HK$497']"
潮州財富中心希爾頓歡朋酒店,9.4,"['豪華大床房:HK$662', '豪華雙床房:HK$707', '豪華商務大床:HK$762', '豪華商務雙床房:HK$762', '親子大床房:HK$836']"
潮州市·熙揚·喜宿·Cloud.Bar花園（潮州古城牌坊街店）,9.3,"['城景逸境大床房（零壓床墊+太空記憶棉+新風系統+高清投屏電視+乾濕分離）>:HK$305', '童趣親子大床房（零壓床墊+太空記憶棉+休閑沙發+新風系統+高清投屏電視+乾濕分離）>:HK$310', '浪漫輕奢浴缸房（深袍浴缸+零壓床墊+太空記憶棉+新風系統+高清投屏電視+乾濕分離）>:HK$324', '簡約投影大床房（零壓床墊+太空記憶棉+新風系統+高清巨幕投影+乾濕分離）>:HK$326']"
柏曼酒店（潮州古城人民廣場店）,9.4,"['標準大床房:HK$302', '商務大床房:HK$324', '商務雙床房:HK$345', '高級大床房:HK$367']"
潮州中安樓客棧（廣濟橋牌坊街店）,9.5,"['精選大床房:HK$473', '精緻雙床房:HK$650', '豪華套房:HK$1,040', '精選家庭套房:HK$1,114']"
潮州市盈合酒店（潮州古城人民廣場店）,9.3,"['巧 | 雅緻大床房 | 智能音控+古城街景+陽光滿屋:HK$338', '享 | 精緻大床房 | 智能音控+古城街景+陽光滿屋:HK$381', '優 | 精緻雙床房 | 智能音控+鳥瞰街景+陽光滿屋:HK$433', '馨 | 親子子母雙床房 | 智能音控+古城街景+陽光滿屋:HK$476']"
一湖歸心客棧（潮州古城牌坊街店）,9.1,"['一湖舒壓 - 休閑榻榻米大床房:HK$305', '一湖浪漫 - 豪華圓浴缸大床房:HK$332', '一湖陽光 - 私享正湖景大床房:HK$499', '一湖舒壓 - 休閑榻榻米雙床房:HK$499']"
明熙樓客棧（潮州古城牌坊街店）,9.1,"['301｜飄絮大床房（深睡床墊+智能馬桶）:HK$425', '303｜望元榻榻米大床房（開元寺景觀+深睡床墊+智能馬桶）:HK$425', '302｜靜享雙床房（深睡床墊+智能馬桶）:HK$520', '202｜桑落大床房（深睡床墊+智能馬桶）:HK$520']"
梵花里美宿（潮州古城牌坊街店）,9.5,"['梵月·靜享大床房（小米智能+全棉床品+新風系統）:HK$342', '梵樂·韻享雙床房（小米智能+全棉床品+新風系統）:HK$367', '西格·雅緻大床房（小米智能+全棉床品+新風系統+乾濕分離）:HK$392', '琥珀·榻榻米大床房（小米智能+全棉床品+新風系統+乾濕分離+巨幕投影）:HK$419']"
桔子酒店（潮州古城人民廣場店）,9.3,"['大床房:HK$355', '高級大床房:HK$383', '豪華大床房:HK$411', '雙床房:HK$411']"
桔子美居（潮州古城牌坊街店）,9.3,"['臻選大床房（護脊床墊+記憶枕+小冰箱+功夫茶具）:HK$419', '陽光鮮桔大床房（護脊床墊+記憶枕+小冰箱+功夫茶具）:HK$475', '陽光鮮桔雙床房（護脊床墊+記憶枕+助眠零壓+小冰箱）:HK$542', '尊榮雅居大床房（護脊床墊+記憶枕+小冰箱+功夫茶具）:HK$542', '尊榮雅居雙床房（護脊床墊+記憶枕+助眠零壓+小冰箱）:HK$586']"
Yoho·羊玉小院（牌坊街鎮海樓店）,9.1,"['清歡·大床房:HK$335', '童趣·親子雙床房:HK$381', '靜享·雙床房:HK$410', '韻享·高級雙床房:HK$439']"
麗楓酒店（潮汕高鐵站揭陽潮汕國際機場店）,9.6,"['豪華大床房:HK$304', '商務大床房:HK$339', '商務雙床房:HK$356', '複式雙床房:HK$390', '純凈自然商務大床房:HK$407']"
麗楓酒店（潮州恆德國際店）,9.0,"['標準大床房:HK$296', '豪華大床房:HK$312', '景觀大床房:HK$321', '商務大床房:HK$354']"
你好酒店（潮州楓春南路店）,9.6,"['大床房:HK$233', '高級大床房:HK$252', '高級雙床房:HK$327', '豪華雙床房:HK$346']"
潮州蘭悅美居（韓山師範學院店）,9.4,"['甄選零壓大床房（乳膠記憶枕+零壓床墊+6080\u200c高織床品）:HK$296', '蘭悦·美居智能雙床房（高清網絡大電視+零壓床墊）:HK$387', '蘭悦·美居智能大床房（50寸高清大電視+奇異果會員）:HK$387', '蘭悦·智能影音大床房（奇異果會員+6080\u200c高織床品）:HK$394']"
合舍客棧（潮州古城牌坊街廣濟橋店）,9.1,"['陽台大床房:HK$250', '情侶大床浴缸房:HK$250', '標準大床房:HK$250', '影院浴缸大床房:HK$284']"
潮州古城牌坊街開元名庭,9.0,"['名成高級大床房:HK$411', '名成高級雙床房:HK$447', '名成豪華大床房:HK$447', '名成豪華雙床房:HK$484', '名成行政大床房:HK$484']"
維也納酒店（潮州潮汕高鐵站店）,9.3,"['標準大床房:HK$246', '高級大床房:HK$254', '豪華大床房:HK$280', '豪華雙床房:HK$288']"
如家商旅酒店（潮州古城牌坊街店）,9.4,"['大床房:HK$425', '商務大床房:HK$475', '高級大床房:HK$500', '安心睡0壓大床房（0壓床墊+石墨烯記憶枕+空氣凈化器）:HK$525']"
三潮温泉小鎮·酒店（潮州韓江西溪碧道田頭何公園店）,8.5,"['特價大床房（不含温泉）:HK$264', '私湯·豪華大床房（獨立泡池+天然温泉+全屋智能）:HK$324', '私湯·閑趣雙床房（內置棋牌+趣味休閑+全屋智能）:HK$347', '私湯·主題大床房（獨立泡池+天然温泉+全屋智能）:HK$371']"
鉑頓國際公寓（潮州韓江人民廣場店）,9.4,"['智能大床房（智能客控+功夫茶具+24小時新風系統）:HK$268', '雅緻雙床房:HK$287', '影院家庭房:HK$297', '智能雙床房（智能客控+功夫茶具+24小時新風系統）:HK$320']"
花築·韓汐里民宿（潮州古城牌坊街店）,9.7,"['雅緻大床房（智能客控+小冰箱+乾濕分離）:HK$417', '雅緻家庭親子房（智能客控+小冰箱+乾濕分離）:HK$466', '雅緻雙床房（智能客控+舒適躺椅+小冰箱+乾濕分離）:HK$490', '輕奢浴缸大床房（智能客控+深泡浴缸+小冰箱+乾濕分離）:HK$527']"
格林豪泰（潮州古城店）,9.4,"['清馨大床房:HK$334', '大床房:HK$352', '商務大床房（酒店提供洗衣房）:HK$368', '雙床房:HK$404']"
麗楓酒店（潮州古城牌坊和諧雅筑店）,9.4,"['標準大床房:HK$394', '豪華大床房:HK$462', '商務大床房:HK$512', '標準雙床房:HK$528']"
康鉑酒店（潮州古城牌坊街店）,9.4,"['影音大床房:HK$408', '舒享Studio:HK$437', '影音雙床房:HK$443', '高級大床房:HK$470', '豪華大床房-全屋智能聲控:HK$496']"
豪逸酒店（潮州潮安店）,9.0,"['雅緻大床房:HK$250', '精選大床房:HK$280', '精選雙床房:HK$289', '輕奢雙床房:HK$319', '輕奢親子雙床房:HK$368']"
如家精選酒店（潮州人民廣場店）,9.5,"['商務大床房:HK$354', '高級大床房:HK$378', '安心睡安睡大床（0壓床品+空氣凈化器）:HK$403', '雙床房:HK$428']"
尚客優品Hotel（潮安高鐵站店）,9.0,"['惠享大床房丨（明亮視野+深睡雅居）:HK$189', '優品商務大床房丨（酣睡入夢＋商務辦公）:HK$198', '優品商務雙床房丨（超大空間+臻享品質）:HK$234', '精選麻將房丨（專業麻將套裝+超寬敞空間+換氧新風）:HK$266']"
綠洲庭院民宿（潮州古城牌坊街店）,9.3,"['池景大床套房:HK$271', '精品大床房:HK$327', '複式雙床套房:HK$329', '複式大床套房:HK$329']"
