酒店名称,评分,房型价格列表
泉水人家民宿（濟南大明湖店）,9.3,"['流杯5號大床房:HK$525', '流杯2號院景大床房:HK$577', '雲屏5號院景大床房:HK$643', '雲屏2號院景大床房:HK$643', '流杯1號院景大床房:HK$686']"
濟南魯能貴和洲際酒店,9.6,"['洲際豪華房-大床:HK$892', '洲際豪華房-雙床:HK$892', '洲際豪華房:HK$892', '洲際尊享房-大床:HK$893', '洲際景觀房-大床:HK$1,001', '洲際行政房-大床:HK$1,165']"
尚泉歷舍泉文化精品酒店,9.6,"['榻榻米景觀大床房:HK$544', '園景大床房:HK$544', '豪華園景房:HK$598', '高級湖景大床房:HK$763', '高級湖景雙床房:HK$873']"
濟南火車站希爾頓歡朋酒店,9.6,"['舒適大床房:HK$442', '舒適雙床房:HK$442', '高級大床房:HK$470', '高級雙床房:HK$470', '豪華大床房:HK$518']"
朗麗茲酒店（濟南遙牆國際機場臨港北路地鐵站店）,9.7,"['高級大床房（零壓床墊+智能客控+智能馬桶+自動窗簾）:HK$254', '高級雙床房（零壓床墊+智能客控+智能馬桶+自動窗簾）:HK$267', '麗茲大床房（零壓床墊+智能客控/馬桶+沙發+自動窗簾）:HK$267', '麗茲雙床房（零壓床墊+智能客控+智能馬桶+自動窗簾）:HK$274', '行政大床房（零壓床墊+智能客控+智能馬桶+自動窗簾）:HK$350']"
尚泉歷舍（濟南大明湖景區店）,9.5,"['舒適大床房:HK$621', '叢林鴨主題房:HK$654', '榻榻米大床房:HK$730', '景觀大床房:HK$763', '特色景觀大床房:HK$801']"
沃德酒店（濟南泉城廣場大明湖店）,9.3,"['靜享大床房:HK$434', '靜享雙床房:HK$462', '雅緻大床房:HK$500', '雅緻雙床房:HK$510', '行政大床房（零壓床墊+小冰箱）:HK$538']"
美悦雲禧酒店（濟南西站山東國際會展中心店）,9.7,"['高級大床房:HK$556', '高級雙床房:HK$556', '豪華大床房:HK$589', '豪華雙床房:HK$589', '無障礙大床房:HK$600', '尊享大床房:HK$654']"
溫德姆花園酒店（濟南西站店）,9.8,"['商務大床房:HK$480', '商務雙床房:HK$480', '行政大床房:HK$523', '行政雙床房:HK$523', '豪華大床房:HK$655', '行政套房:HK$873']"
濟南怡豪大飯店（泉城廣場趵突泉店）,9.6,"['高級雙床房:HK$577', '高級大床房:HK$577', '豪華景觀雙床房:HK$643', '豪華景觀大床房:HK$643', '行政大床房:HK$864', '家庭聯通房（雙卧室/ 四人）:HK$971']"
濟南中豪大酒店（泉城廣場大明湖店）,9.6,"['悦享豪華大床房:HK$437', '悦享豪華雙床房:HK$437', '臻享行政雙床房:HK$520', '臻享行政大床房:HK$520', '樂享智能大床房『小度智能音箱+電動窗簾+金可兒床墊』:HK$573']"
濟南子曰·明湖酒店,9.7,"['子曰豪華大床房:HK$886', '子曰豪華雙床房:HK$988', '子曰LOFT精選大床房:HK$1,017', '子曰庭院大床房:HK$1,017', '安眠·舒睡行政大床房:HK$1,071']"
8號院民宿（大明湖泉城廣場店）,9.4,"['悦享大床房（超大床+悠漾浴缸）:HK$555', '尊享大床房（藍牙音響+品牌衞浴）:HK$610', '優享雙床房（三區分離+舒適空間）:HK$643', '舒享大床房（智能客控+香道體驗）:HK$643', '漫享親子房（主題房+小童玩具）:HK$665']"
濟南東站龍湖天街美居酒店,9.7,"['嘉賓大床房（智能客控+65寸超清智能電視+迷你小冰箱）:HK$432', '嘉賓雙床房（智能客控+65寸超清智能電視+迷你小冰箱）:HK$442', '豪華大床房（智能客控+65寸超清智能電視+迷你小冰箱）:HK$462', '豪華雙床房（智能客控+65寸超清智能電視+迷你小冰箱）:HK$482', '套房（65寸超清智能電視+迷你小冰箱+小會客廳）:HK$661']"
禧悦東方酒店（濟南漢峪金谷店）,9.5,"['商務雙床房:HK$631', '商務大床房:HK$686', '豪華雙床房:HK$708', '豪華大床房:HK$762', '高級套房:HK$893', '夢幻之境親子小童家庭套房:HK$1,276']"
濟南大明湖東關大街亞朵X酒店,9.6,"['雅緻大床房（天景通風采光）:HK$387', '高級大床房（品牌床墊+投屏電視）:HK$418', '雅緻雙床房（天景通風采光）:HK$438', '行政大床房（品牌床墊+投屏電視+小冰箱）:HK$448', '高級雙床房（品牌床墊+投屏電視）:HK$489']"
濟南趵突泉漫心府,9.7,"['心怡標準大床房:HK$530', '心悦高級大床房:HK$587', '心夢尊享大床房:HK$624', '心享豪華大床房:HK$662', '心享庭院大床房:HK$699']"
濟南玉泉森信大酒店（泉城廣場趵突泉店）,9.4,"['舒適標準房:HK$294', '舒適大床房:HK$294', '行政雙床房:HK$315', '豪華大床房:HK$326', '豪華雙床房:HK$337']"
喬治莫蘭迪酒店（濟南奧體中路新濼大街店）,9.6,"['露台景觀大床房『私享露台+MI 空氣凈化器』:HK$409', '雅緻雙床房『智能語音客控+零壓床墊』:HK$409', '雅緻大床房『智能語音客控+全身鏡』:HK$439', '豪華雙床房『智能語音客控+MI 空氣凈化器』:HK$450', '尊享浴缸大床房『泡泡浴套裝+ 雲水•茶空間』:HK$479']"
沃德酒店（濟南泉城廣場寬厚裏店）,9.5,"['商務大床房:HK$437', '商務雙床房:HK$457', '雅緻大床房（智能馬桶+小冰箱）:HK$476', '雅緻雙床房（智能馬桶+小冰箱）:HK$502']"
濟南高新希爾頓花園酒店,9.5,"['花園大床房:HK$437', '花園高級雙床房:HK$437', '花園高級大床房:HK$458', '花園豪華大床房:HK$488', '花園荷里活特大床:HK$503']"
棠梨褐酒店（濟南大明湖趵突泉店）,9.5,"['雅緻大床房（智能客控+靜享安睡時刻）:HK$453', '碧山大床房（智能客控+繁華都市景色）:HK$483', '沁馨大床房（智能客控+寬敞舒適空間）:HK$514', '碧山雙床房（智能客控+靜享安睡時刻）:HK$584', '沁馨雙床房（智能客控+靜享安睡時刻）:HK$635']"
濟南大明湖花園路亞朵酒店,9.7,"['雅緻大床房（小冰箱+電視投屏）:HK$394', '雅緻雙床房（小冰箱+電視投屏+可拼床）:HK$394', '高級大床房（小冰箱+電視投屏）:HK$412', '高級雙床房（小冰箱+電視投屏+可拼床）:HK$412', '行政雙床房（小冰箱+電視投屏+可拼床）:HK$430']"
濟南鳳鳴宋品酒店,9.5,"['雅士單卧大床庭院別墅:HK$1,538', '雅士單卧雙床庭院別墅:HK$1,538', '飲月單卧庭院別墅:HK$1,701', '枕山眠單卧庭院別墅:HK$1,719', '迦境單卧庭院別墅:HK$1,719', '寵遇單卧庭院別墅:HK$1,809']"
舜廬・水上人家丨東方美學湖畔園林酒店,9.5,"['東方韻·別苑大床房（金可兒豪華天然乳膠床墊丨斯得福超豪華床品））:HK$325', '東方韻·別苑雙床房（金可兒豪華天然乳膠床墊丨斯得福超豪華床品）:HK$325', '別院裏·庭院雙床房（私享庭院空間）:HK$369', '湖畔裏·湖景大床房（舜廬精選茶具.氧吧空間觀美景）:HK$423', '湖畔裏·親子家庭房（童趣主題.觀日夜湖美景）:HK$424']"
濟南趵突泉原拓酒店,9.5,"['原粹大床房【小拓智能客控+空氣凈化器+除蟎儀】:HK$383', '原粹雙床房【小拓智能客控+空氣凈化器+除蟎儀】:HK$428', '原璽大床房【小拓智能客控+智能馬桶】:HK$428', '原拓大床房【小拓智能客控+智能馬桶】:HK$462', '原璽雙床房【小拓智能客控+智能馬桶】:HK$472']"
良友富臨大酒店（濟南泉城廣場大明湖店）,9.3,"['標準大床房:HK$359', '標準雙床房:HK$380', '泉景大床房:HK$415', '泉景雙床房:HK$424', '泉韻雙床房:HK$522']"
喬治莫蘭迪酒店（濟南大明湖火車站店）,9.3,"['商務大床房（電視投屏+零壓床墊）:HK$432', '雅緻大床房（繁華都市景色+靜享安睡時刻）:HK$468', '商務雙床房（電視投屏+零壓床墊）:HK$493', '行政雙床房（繁華都市景色+小冰箱+零壓枕）:HK$529', '尊享大床房（小冰箱+康乃馨羽絨枕）:HK$546']"
寬簡酒店（濟南西站山東國際會展中心店）,9.6,"['智能｜舒眠大床房（全屋智能-舒達床墊-全系配小冰箱）:HK$369', '智能｜舒眠雙床房（全屋智能-舒達床墊-全系配小冰箱）:HK$382', '謐境｜煥活大床房（全房型標配舒達床墊-電動窗簾）:HK$399', '簡雅｜商務雙床房（乾濕分離-舒達床墊-電動馬桶）:HK$399', '童趣｜親子主題房（小童洗漱包-小童繪本-小童帳篷）:HK$429']"
清照泉城照壁客棧（明水古城店）,9.6,"['舒適大床房:HK$503', '豪華大床房:HK$700']"
濟南香格里拉大酒店,9.4,"['豪華大床房:HK$731', '豪華雙床房:HK$731', '豪華景觀大床房-俯覽城市地標:HK$835', '豪華景觀雙床房-俯覽城市地標:HK$836', '尊享大床房-舒適空間:HK$925', '行政景觀客房-俯覽城市地標:HK$1,169']"
濟南大明湖悦苑酒店,9.4,"['湖悦大床房:HK$533', '湖悦雙床房:HK$533', '泉悦大床房:HK$643', '泉悦雙床房:HK$643', 'B.Duck小黃鴨小黃鴨湖悦親子房:HK$730']"
喬治莫蘭迪酒店（濟南西站國際會展中心店）,9.6,"['商務大床房（語音客控+智能馬桶+零壓床墊）:HK$376', '雅緻雙床房（語音客控+智能馬桶+雅緻卡座+零壓床墊）:HK$414', '雅緻大床房（語音客控+智能馬桶+雅緻卡座+零壓床墊）:HK$430', '豪華大床房（語音客控+智能馬桶+浴缸+零壓床墊）:HK$469', '豪華雙床房（語音客控+智能馬桶+冰箱+零壓床墊）:HK$469']"
喬治莫蘭迪酒店（濟南唐冶盛唐薈店）,9.6,"['高級大床房（智能客控+電視投屏+深睡羽絨床品）:HK$360', '時尚大床房（智能客控+電視投屏+深睡羽絨床品）:HK$381', '商務大床房（智能客控+電視投屏+智能馬桶）:HK$403', '精緻雙床房（智能客控+電視投屏+深睡羽絨床品）:HK$414', '尊享大床房（電視投屏+小冰箱+浴缸+獨立會客廳）:HK$458']"
濟南濟陽希爾頓歡朋酒店,9.5,"['舒適標準間:HK$373', '舒適大床房:HK$373', '純凈大床房:HK$441', '高級大床房:HK$442', '高級標準間:HK$442']"
和頤至尚酒店（濟南大明湖趵突泉店）,9.6,"['大床房（智能馬桶+保險箱+可投屏電視+化粧鏡）:HK$413', '商務大床房（智能馬桶+小冰箱+保險箱+可投屏電視）:HK$449', '雙床房（智能馬桶+小冰箱+保險箱+可投屏電視）:HK$458', '高級大床房（智能馬桶+小冰箱+保險箱+可投屏電視）:HK$485', '高級雙床房（智能馬桶+保險箱+可投屏電視）:HK$494']"
濟南泉城廣場寬厚里亞朵酒店,9.7,"['幾木大床房（深睡PRO枕+小冰箱+投屏電視+智能馬桶）:HK$484', '雅緻大床房（小冰箱+投屏電視+智能馬桶）:HK$484', '高級大床房（小冰箱+投屏電視+智能馬桶）:HK$529', '高級雙床房（小冰箱+投屏電視+智能馬桶）:HK$529', '行政大床房（小冰箱+投屏電視+智能馬桶）:HK$592']"
濟南萊蕪亞朵酒店,9.9,"['高級大床房（智能語音客控+輕智能馬桶）:HK$296', '高級雙床房（智能語音客控+輕智能馬桶）:HK$314', '行政大床房（智能語音客控+輕智能馬桶）:HK$314', '尊享大床房（智能語音客控+小冰箱+浴袍）:HK$332', '尊享雙床房（智能語音客控+小冰箱+浴袍）:HK$350']"
花築奢·見山結廬唐風民宿,9.8,"['深景·單人湯池大床房|落地窗|全屋智能:HK$811', '問竹·單人湯池特大床房|落地窗|全屋智能:HK$947', '守中·翠庭湯隱大床房|獨院|湯泉|榻榻米:HK$1,057', '自然·一院一池大床房|獨院|湯泉|榻榻米:HK$1,157', '常容·倚竹院景大床房|獨院|湯泉|榻榻米:HK$1,218', '尚賢·泉境別院大床房|獨院|湯泉|榻榻米:HK$1,476']"
濟南璞秀酒店（濟南火車站齊魯小童醫院店）,9.8,"['舒適大床房（夢百合床品丨恆温花灑丨烘乾衣架）:HK$214', '舒適雙床房（床體可移動丨智能馬桶丨烘乾衣架）:HK$226', '璞秀•三人悦居（三口之家丨温馨樂享）:HK$257', '悦享大床房（懶人沙發丨智能馬桶丨恆温花灑）:HK$290', '璞秀•悦享雙床房（二孩時代丨輕奢雙大床）:HK$321']"
濟南鐵道大酒店（濟南火車站店）,9.4,"['舒適雙床房:HK$234', '休閑雙床房:HK$266', '舒適大床房:HK$266', '親子家庭房:HK$290']"
濟南泉城大酒店（泉城廣場大明湖店）,9.6,"['豪華大床房:HK$447', '豪華雙床房:HK$447', '泉城智能雙床房-智能客控+小冰箱:HK$555', '泉城智能大床房-智能客控+小冰箱:HK$566', '親子大床房:HK$588']"
濟南藍海御華大飯店,9.6,"['舒適大床房:HK$489', '商務大床房:HK$593', '商務雙床房:HK$593', '豪華雙床房:HK$664', '豪華大床房:HK$665', '童趣親子特大床房:HK$707']"
沃德酒店（濟南鳳鳴路鮑山地鐵站店）,9.4,"['雅緻大床房（深睡慕思床品+小冰箱+智能投屏）:HK$306', '商務大床房（深睡慕思床品+智能投屏）:HK$314', '商務雙床房（深睡慕思床品+智能投屏+停車無憂）:HK$324', '雅緻雙床房（深睡慕思床品+小冰箱+智能投屏）:HK$354', '景觀大床房（觀景露台+深睡慕思床品+冰箱+智能投屏）:HK$384']"
山東健康麗呈酒店（大明湖泉城廣場店）,9.4,"['雅緻雙床房:HK$410', '雅緻大床房:HK$410', '明湖印象大床房:HK$454', '明湖印象雙床房:HK$454', '尊享雙床房:HK$497']"
如家商旅酒店（濟南遙牆國際機場店）,9.7,"['雙床房（智能投屏）:HK$254', '商務大床房（智能投屏）:HK$254', '高級大床房（智能投屏）:HK$271', '高級雙床房（智能投屏）:HK$271']"
花築·濟南老洋行酒店,9.4,"['標準大床房+小冰箱+COCO-MAT品牌床墊+高清電視+智能衞浴:HK$396', '格調大床房B型+小冰箱+COCO-MAT品牌床墊+高清電視+智能衞浴:HK$445', '格調大床房A型+小冰箱+COCO-MAT品牌床墊+高清電視+智能衞浴:HK$489', '奢享套房+小冰箱+COCO-MAT品牌床墊+高清電視+智能衞浴:HK$713', '尊享家庭房+小冰箱+COCO-MAT品牌床墊+高清電視+智能衞浴:HK$768']"
濟南遙牆國際機場希爾頓歡朋酒店,9.6,"['舒適大床房:HK$548', '舒適雙床房:HK$557', '高級大床房:HK$576', '高級雙床房:HK$586', '豪華大床房:HK$606']"
濟南子曰·美秀酒店,9.6,"['子曰高級雙床房（智能客控+功夫茶具）:HK$566', '子曰高級大床房（智能客控+功夫茶具）:HK$566', '安眠·行政智能雙床房（智能床墊，深度睡眠）:HK$609', '安眠·行政智能大床房（智能床墊，深度睡眠）:HK$609', '子曰輕奢浴缸大床房（尊享私密浴缸空間）:HK$653', '子曰尊貴浴缸大床房（私密浴缸空間+新中式休息空間）:HK$676']"
濟南吉華大廈（泉城廣場趵突泉店）,9.6,"['輕奢宿心雙床房（烘乾衣架）:HK$413', '輕奢宿心大床房（烘乾衣架）:HK$413', '臻享影院大床房（100寸投影）:HK$499', '悦享景觀大床房（空氣凈化器+智能馬桶）:HK$499', '泉城印象雙床房:HK$521']"
