酒店名称,评分,房型价格列表
濰坊漢斯威士酒店（吾悦廣場店）,9.5,"['鳶朵雙床房I富氫水+超大落地窗+徠芬吹風機:HK$327', '鳶朵大床房I富氫水+超大落地窗+徠芬吹風機:HK$338', '影音大床房I哈曼卡頓音響+超大落地窗+l徠芬吹風機:HK$349', '尊享大床房|語音智控+徠芬吹風機+智能馬桶:HK$385', '雲棲大床房 I 浴缸+私享Coffee機+語音智能:HK$440']"
華建大酒店,9.6,"['豪華標間（智能馬桶+Simmons床墊+恆温淋浴）:HK$388', '豪華大床（智能馬桶+Simmons床墊+恆温淋浴）:HK$407', '行政大床房（智能馬桶+Simmons床墊+恆温淋浴）:HK$425', '豪華親子房（智能馬桶+Simmons床墊+恆温淋浴）:HK$435', '豪華行政標間（智能馬桶+Simmons床墊+恆温淋浴）:HK$462', '豪華行政大床（智能馬桶+Simmons床墊+恆温淋浴）:HK$481']"
諸城藍海大飯店,9.7,"['雅緻大床房（全景邊角）:HK$338', '雅緻雙床房（智能客控+金可兒床墊）:HK$338', '商務雙床房（智能客控+金可兒床墊）:HK$405', '荷里活大床房（智能客控+金可兒床墊）:HK$431', '豪華大床房（智能客控+金可兒床墊）:HK$471']"
濰坊圖越S縵庭酒店（益家園店）,9.8,"['縵庭高級雙床房|智能馬桶+舒適辦公區+65寸4K電視:HK$370', '嫻庭精緻大床房|小冰箱+智能馬桶+65寸4K電視:HK$380', '縵庭豪華雙床房|語音智控+舒適辦公區+65寸4K電視:HK$403', '縵庭高級大床房|超寬沙發+舒適辦公區+65寸4K電視:HK$413', '悦庭豪華大床房|休閑客廳+浴缸+語音智控:HK$508']"
濰坊中心逸扉酒店,9.6,"['高級大床房（私享Coffee機+智能客控+智能語音）:HK$350', '高級雙床房（私享Coffee機+智能客控+智能語音）:HK$350', '豪華雙床房（私享Coffee機+智能客控+智能語音）:HK$395', '豪華大床房（私享Coffee機+智能客控+智能語音）:HK$422', '親子大床房（私享Coffee機+智能客控+智能語音）:HK$435']"
濰坊圖越S縵雲酒店（火車站泰華城店）,9.8,"['雲影大床房|智能馬桶+智能窗簾+高清投影+小冰箱:HK$338', '縵雲大床房|智能馬桶+電視投屏+舒適辦公區+休閑茶桌:HK$349', '雲旅雙床房|舒適辦公區+智能窗簾+智能馬桶+休閑茶台:HK$358', '雲尚大床房|智能馬桶+智能窗簾＋小冰箱+電視投屏:HK$407', '雲奢大床房|休閑浴缸+智能馬桶+智能窗簾+電視投屏冰箱:HK$433']"
建國璞隱酒店（青州古城景區店）,9.5,"['詠蘭居大床房:HK$512', '暗香居大床房:HK$557', '凌霜居雙床房:HK$565', '暗香居景觀大床房:HK$584', '清蓮居家庭房:HK$673']"
濰坊濰城希爾頓歡朋酒店,9.7,"['簡約舒適大床房:HK$372', '舒適大床房:HK$412', '舒適雙床房:HK$440', '高級大床房:HK$450', '高級雙床房:HK$508']"
漫度酒店（濰坊學院谷德廣場店）,9.8,"['特惠大床房（無窗+全屋智能）:HK$228', '漫度靜享雙床房（舒適辦公區+手機投屏+無窗）:HK$247', '漫度商務大床房（多功能辦公桌+全屋智能）:HK$253', '漫度商務雙床房（投屏+全屋智能）:HK$271']"
濰坊高新區管委會健康東街亞朵酒店,9.4,"['雅緻大床房（智能客控+空調製冷+手機投屏+小冰箱）:HK$359', '高級大床房（智能客控+空調製冷+手機投屏+小冰箱）:HK$390', '高級雙床間（智能客控+空調製冷+手機投屏+小冰箱）:HK$390', '行政大床房（智能客控+空調製冷+手機投屏+小冰箱）:HK$421', '行政雙床房（智能客控+空調製冷+手機投屏+小冰箱）:HK$421']"
濰坊正和酒店（歌爾光電園店）,9.5,"['安奢大床房（全屋語音智能客控+小冰箱）:HK$328', '靜奢安眠大床房（全屋語音智能客控+小冰箱）:HK$381', '靜奢安眠雙床房（全屋語音智能客控+小冰箱）:HK$381', '尊奢大床房（全屋智能客控+小冰箱）:HK$435', '豪奢商務套房（全屋語音智能客控+戴森吹風機）:HK$710']"
喬治莫蘭迪酒店（濰坊泰華城萬達廣場店）,9.6,['商務雙床房:HK$343']
安丘新東方大酒店,9.8,"['優悦大床房:HK$247', '優悦雙床房:HK$247', '輕奢大床房（全棉床品+私享靜謐+乾濕分離）:HK$294', '輕奢雙床房（全棉床品+私享靜謐+乾濕分離）:HK$294', '安心舒眠雙床房（低敏床品+乳膠枕+乾濕分離）:HK$392']"
濰坊青年路泰華城亞朵酒店,9.8,"['雅緻大床房（智能客控+智能馬桶+小冰箱+電視投屏）:HK$305', '雅緻雙床房（小度智能客控+智能馬桶+電視投屏+小冰箱）:HK$313', '高級大床房（智能客控+智能馬桶+電視投屏+小冰箱）:HK$340', '高級雙床房（智能客控+智能馬桶+電視投屏+小冰箱）:HK$340', '行政家庭雙床房（智能客控+電視投屏+小冰箱）:HK$357']"
濰坊恆信拉昆塔温德姆酒店,9.6,"['樂享大床房:HK$395', '樂享雙床房:HK$395', '尊享豪華雙床房:HK$518', '尊享豪華大床房:HK$525', '臻享行政雙床房:HK$706', '臻享行政大床房:HK$711']"
安丘希爾頓歡朋酒店,9.7,"['舒適雙床房:HK$336', '高級雙床房:HK$346', '舒適大床房:HK$346', '高級大床房:HK$403', '豪華雙床房:HK$431']"
濰坊圖越藝術酒店（陽光100萬達廣場店）,9.8,"['榻榻米房|智能馬桶+小冰箱:HK$261', '美居商務大床房|智能馬桶+小冰箱+辦公書桌:HK$295', '精緻雙床房|智能馬桶+小冰箱+辦公吧桌:HK$295', '美居休閑大床房|智能馬桶+小冰箱:HK$295', '精緻大床房|智能馬桶+休閑沙發+舒適辦公:HK$316']"
濰坊藍谷酒店（濰柴動力園店）,9.5,"['靜享雙床房（乾濕分離+動靜分離+小冰箱）:HK$305', '精品雙床房（乾濕分離+動靜分離+小冰箱）:HK$306', '精品大床房（乾濕分離+動靜分離+小冰箱）:HK$318', '尊享大床房（乾濕分離+動靜分離+小冰箱+手機投屏）:HK$338', '尊享雙床房（乾濕分離+動靜分離+小冰箱+手機投屏）:HK$338']"
濰坊東方大酒店（濰坊學院谷德廣場店）,9.7,"['A座標準雙床房:HK$279', '舒適標準間:HK$360', '舒適大床房｜金可兒床墊+自然堂洗護:HK$360', '商務標準間｜康夫吹風機+自然堂洗護:HK$424', '商務大床間｜金可兒床墊+康夫吹風機:HK$424']"
濰坊中心智選假日酒店（濰坊站泰華城店）,9.5,"['高級大床房:HK$284', '高級雙床房:HK$284', '豪華大床房:HK$331', '豪華雙床房:HK$331', '荷里活親子房-森林旅遊+海洋探索:HK$366']"
諸城華璽大酒店（恐龍公園店）,9.6,"['商務雙床房:HK$304', '高級大床房:HK$307', '高級雙床房:HK$326', '商務大床房:HK$330', '豪華雙床房:HK$330']"
青州古城漫心酒店,9.8,"['心怡標準大床房:HK$472', '心悦高級大床房:HK$502', '心悦高級雙床房:HK$532', '心享豪華大床房:HK$532', '心享豪華家庭房:HK$653']"
濰坊晶舍四合院（濰坊火車站世紀泰華廣場店）,9.7,"['愈見·舒適大床房（智能小愛+乳膠床墊+高端床品）:HK$240', '綉喜·豪華甜酣大床房（智能小愛+乳膠床墊+高端床品）:HK$319', '璞宿·豪華雙床房（智能小愛+乳膠床墊+高清投屏）:HK$320', '院景·舒適大炕房（院景落地大窗+乳膠床墊+智能小愛）:HK$326']"
濰坊金茂國際大酒店,9.6,"['豪華大床房:HK$301', '豪華雙床房:HK$301', '陽光雙床房:HK$392', '0壓大床房（夢百合0壓床墊+0壓記憶枕）:HK$435', '0壓雙床房（夢百合0壓床墊+0壓記憶枕）:HK$435', '陽光大床房:HK$450']"
星程酒店（濰坊坊子區政府店）,9.8,"['大床房（風信子沐浴）:HK$214', '雙床房（風信子沐浴）:HK$214', '高級雙床房（風信子沐浴）:HK$232', '高級大床房（風信子沐浴）:HK$232']"
濰坊富華大酒店（B座）,9.7,"['精選大床房:HK$261', '精選標準房:HK$261', '豪華標準房:HK$338', '豪華大床房:HK$338', '親子家庭房:HK$401']"
濰坊臨朐萬達廣場亞朵酒店,9.7,"['高級大床房（小冰箱+可投屏電視）:HK$330', '高級雙床房（小冰箱+可投屏電視）:HK$359', '行政大床房（小冰箱+可投屏電視）:HK$359', '幾木大床房（小冰箱+可投屏電視）:HK$400', '幾木雙床房（小冰箱+可投屏電視）:HK$400']"
華爾遜酒店（濰坊印象滙新華路店）,9.6,"['榻榻米房（智能客控+超大落地窗+寬沙發）:HK$245', '舒適大床房（智能客控+休閑雅座+體重秤）:HK$245', '尊享大床房（智能客控+休閑沙發+空氣凈化機）:HK$283', '尊享雙床房（智能客控+休閑茶台+空氣凈化機）:HK$299', '智享大床房（智能客控+小冰箱+空氣凈化機）:HK$322']"
濰坊金馬路亞朵酒店（市政府店）,9.6,"['雅緻雙床房（安心杯）:HK$340', '雅緻大床房（安心杯）:HK$340', '高級大床房（安心杯）:HK$400', '高級雙床房（安心杯）:HK$400', '行政雙床房（小冰箱+浴袍）:HK$430']"
濰坊桂水逸扉酒店,9.7,"['豪華大床房（智能語音+智能潔具）:HK$524', '豪華雙床房（智能語音+智能潔具）:HK$524', '小黃鴨主題行政房:HK$546', '海底小縱隊主題行政房:HK$546', '行政大床房（Dyson吹風機+NESPRESSO COFFEE機）:HK$579', '行政雙床房（NESPRESSO COFFEE機+智能客控）:HK$579']"
利客來大酒店,9.7,"['舒適雙床房:HK$247', '舒適大床房:HK$247', '雅緻大床房:HK$268', '雅緻雙床房:HK$285', '豪華大床房（智能馬桶+浴缸）:HK$378']"
壽光藍海大飯店,9.5,"['雅緻大床房:HK$336', '豪華雙床房:HK$341', '豪華大床房:HK$369', '商務大床房:HK$421', '親子房:HK$553']"
濰坊亞詩貝酒店,9.7,"['泛亞舒適大床（絲漣床墊+乳膠枕+小冰箱）:HK$304', '泛亞舒適雙床房（絲漣床墊+乳膠枕+乾濕分離）:HK$312', '智慧大床房（無線充電三合一+絲漣床墊+舒適記憶枕）:HK$368', '智慧雙床房（絲漣床墊+乳膠枕+乾濕分離）:HK$370', '樂享大床房（MINI家庭特大床+絲漣床墊）:HK$372']"
濰坊掬水台酒店（谷德茂購物中心益家園店）,9.4,"['特惠大床房I乾濕分離+室內直飲水+有窗+可投屏:HK$206', '特惠標準間I乾濕分離+有窗+室內直飲水+可投屏:HK$206', '商務標準間I室內凈化水+沐浴軟化水+可投屏:HK$303', '商務大床房I乾濕分離+沐浴軟化水+迷你飲水機+可投屏:HK$303']"
濰坊鳶飛大酒店,9.4,"['A座零壓逸緻大床房:HK$289', 'A座逸緻雙床房:HK$311', 'A座雅緻大床房:HK$369', 'A座雅緻雙床房:HK$369', 'A座零壓逸緻雙床房:HK$369']"
喬治莫蘭迪酒店（濰坊寒亭高鐵北站店）,9.6,"['温馨大床房:HK$243', '商務大床房:HK$254', '商務雙床房:HK$254', '精緻大床房:HK$274', '行政雙床房:HK$274']"
華亞國際酒店B座,9.6,"['智能舒適大床房（智能小度+金可兒床墊）:HK$246', '智能温馨榻榻米房（智能小度+金可兒床墊）:HK$246', '巨幕影音大床房（智能小度+金可兒床墊+愛奇藝會員）:HK$285', '浪漫影音圓床房（智能小度+影音巨幕+愛奇藝會員）:HK$285', '智能豪華大床房（智能客控+金可兒床墊）:HK$325']"
全季酒店（濰坊高新谷德茂店）,9.8,"['高級大床房（小冰箱+65寸智能投屏電視+智能馬桶）:HK$302', '高級雙床房（小冰箱+65寸智能投屏電視+智能馬桶）:HK$302', '大床房（小冰箱＋65寸智能投屏電視＋智能馬桶）:HK$302', '商務雙床房（小冰箱+65寸智能投屏電視+智能馬桶）:HK$330']"
星程酒店（濰坊北海路店）,9.6,"['高級大床房（風信子洗沐-暖氣開放）:HK$221', '商務雙床房（風信子洗沐-暖氣開放）:HK$240', '商務大床房（風信子洗沐-暖氣開放）:HK$251', '豪華大床房（風信子洗沐-暖氣開放）:HK$291']"
濰坊世博國際酒店（濰坊北海路銀座店）,9.6,"['悦享特惠雙床房 | 乾濕分離+電動窗簾:HK$214', '悦享特惠大床房 |乾濕分離+電動窗簾:HK$215', '經濟大床房 |乾濕分離+電動窗簾:HK$295', '經濟雙床房 |乾濕分離+電動窗簾:HK$295', '豪華大床房 |小冰箱+電動窗簾+乾濕分離:HK$353']"
壽光康威爾酒店,9.2,"['遠景大床房-高層觀夜景:HK$268', '陽台外景大床房-高層觀夜景+大空間安心住:HK$293', '陽台外景雙床房-高層觀夜景+大空間安心住:HK$293', '美好生活家庭房（陽台愜意時光）:HK$295', '露台景觀大床房-高層景觀+大空間安心住:HK$308']"
全季酒店（濰坊東風東街市政府店）,9.7,"['高級大床房:HK$520', '商務大床房:HK$549', '商務雙床房:HK$549', '舒壓高級大床房:HK$604']"
諸城楊春國際酒店,9.7,"['惠享雙床房:HK$260', '舒享雙床房:HK$326', '舒享大床房:HK$358', '惠享大床房:HK$358', '尊享雙床房:HK$374']"
宜悦尚合酒店（市政府陽光大廈店）,9.6,"['特惠雙床房（有窗+乾濕分離）:HK$230', '特惠大床房（有窗+乾濕分離）:HK$230', '宜品大床房（新風系統+舒適雙枕）:HK$313', '宜品雙床房（慕思床墊+新風系統）:HK$332']"
壽光國際會展中心亞朵酒店,9.8,"['雅緻大床房（可投屏電視+小冰箱+近電梯）:HK$299', '雅緻雙床房（可投屏電視+小冰箱）:HK$299', '高級大床房（可投屏電視+小冰箱）:HK$330', '幾木大床房（深睡枕+城景+小冰箱+可投屏電視+浴袍+體重秤）:HK$359', '高級雙床房（可投屏電視+小冰箱）:HK$359']"
全季酒店（濰坊泰華城店）,9.7,"['大床房:HK$318', '高級雙床房:HK$337', '高級大床房:HK$346', '舒壓-高級大床房:HK$374']"
濰坊澳思汀酒店,9.4,"['標準大床房（乾濕分離+手機投屏）:HK$288', '標準雙床房（落地窗+乾濕分離）:HK$350', '商務大床房（乾濕分離+手機投屏）:HK$371', '親子大床房:HK$404', '休閑大床房（浴缸+落地窗）:HK$442']"
如家精選酒店（濰坊火車站銀泉廣場店）,9.6,"['商務大床房（智能客控+落地飄窗+零壓床墊）:HK$219', '雙床房（智能客控+落地飄窗+零壓床墊）:HK$219', '高級大床房（智能客控+落地飄窗+零壓床墊）:HK$257', '高級雙床房（智能客控+落地飄窗+零壓床墊）:HK$263']"
漫度精棧酒店（泰華城濰坊站店）,9.7,"['漫度大床房（手機投屏+純棉貢緞）:HK$216', '輕奢大床房（手機投屏+純棉貢緞）:HK$248', '高級巨幕影院房-（海量視頻專享+純棉貢緞）:HK$250', '商務雙床房（冰箱+手機投屏+純棉貢緞）:HK$281']"
青州鳶飛大酒店,9.5,"['禪意房:HK$327', '雙床房-金可兒床墊+康乃馨床品:HK$502', '觀景房-浴缸+金可兒床墊:HK$502', '豪華大床房:HK$545', '家庭房:HK$545']"
