酒店名称,评分,房型价格列表
泊洲酒店（瀘州金融中心萬象滙店）,9.5,"['泊居丨舒適大床（復古風+落地窗+休閑躺椅）:HK$201', '泊居丨舒適雙床房（復古風+落地窗+雙人辦公枱）:HK$212', '泊庭丨高級大床（現代風+落地窗+圓桌茶几）:HK$223', '泊庭丨高級雙床（現代風+落地窗+雙人辦公枱）:HK$233', '泊雲丨格局投影大床（全景落地窗+投影+舒享軟床）:HK$244']"
瀘州江畔大飯店,9.3,"['優選大床房:HK$261', '優選雙床房:HK$261', '商務標間:HK$346', '商務大床房:HK$357', '江景雙床房:HK$371']"
瀘州山海大飯店,9.4,"['智能陽光雙床房:HK$218', '智能陽光大床房:HK$218', '智能雙床房:HK$218', '高級單人房:HK$290', '豪華標準房:HK$318']"
扉縵酒店（瀘州西南醫科大學水井溝步行街店）,8.9,"['大床房:HK$192', '雙床房:HK$238', '高級大床房:HK$275', '高級雙床房:HK$349']"
瀘州瀘舍酒店（江陽區水井溝步行街店）,9.7,"['芳樟丨靜謐舒適大床房（零壓床墊＋180°園景風光＋休閑躺椅）:HK$294', '白果丨靜謐舒適雙床房（零壓床墊＋180°園景風光＋休閑躺椅）:HK$294', '錦籜丨聽雨靜享套房（零壓床墊＋休閑沙發＋躺椅）:HK$392', '金粟丨全景露台套房（休閑沙發＋躺椅＋270°户外景觀）:HK$451', '雲華丨品茗茶藝套房（茶具品茗＋休閑沙發＋270°户外景觀）:HK$451']"
瀘州金融中心亞朵酒店,9.6,"['高級江景雙床房:HK$331', '高級大床房:HK$331', '高級城景大床房:HK$412', '行政大床房:HK$457', '幾木城景雙床房:HK$547']"
喜悦設計師酒店,9.7,"['安舍 | LOFT大床房（全屋智能+庭院）:HK$393', '且坐 | 庭院大床房（全屋智能+庭院）:HK$393', '得閑 | 庭院大床房（全屋智能+庭院）:HK$393', '瀘香 | LOFT大床房（全屋智能+庭院）:HK$402']"
全季酒店（瀘州愛琴海購物中心店）,9.7,"['高級大床房（湖景視野+獨立茶具+小冰箱）:HK$301', '商務大床房（金可兒品牌護脊床墊+湖景視野+小冰箱）:HK$321', '商務雙床房（金可兒品牌護脊床墊+小冰箱+獨立茶具）:HK$331', '景觀大床房（180°全景視野+湖景+獨立書桌）:HK$351']"
全季酒店（瀘州萬象匯金融中心店）,9.5,"['高級大床房（金可兒護脊床墊+手機投屏+智能客控）:HK$321', '高級雙床房（金可兒護脊床墊+手機投屏+智能客控）:HK$349', '商務大床房（金可兒護脊床墊+手機投屏+智能客控）:HK$387', '家庭房（金可兒護脊床墊+手機投屏+智能客控:HK$406']"
四季瀾庭花園酒店（瀘州高鐵站西南商貿城店）,9.6,"['致享特惠大床房（小巧玲瓏+窗外街景）:HK$177', '悦享觀景大床房（星空露台+180°觀景）:HK$190', '優享舒適大床房（深度睡眠+靜謐空間）:HK$207', '優享舒適雙床房（深度睡眠+靜謐空間）:HK$207', '超享靜謐大床房（躺平治癒+安靜好眠）:HK$245']"
28度·泉酒店（瀘州高鐵站西南醫科大學店）,9.3,"['清新商務大床房（小冰箱+智能客控）:HK$212', '臻選商務雙床房（小冰箱+智能客控）:HK$246', '陽光雅緻大床房（小冰箱+智能客控）:HK$253', '悦享豪華大床房（小冰箱+智能客控）:HK$281', '樂享超大床房（小冰箱+智能客控）:HK$288']"
瀘州御宸·星空Garden酒店（金融中心萬象滙店）,9.1,"['語音智能大床房:HK$307', '智控電競大床房:HK$313', '語音智能雙床房:HK$334', '浪漫者·智控大床房I全景浴缸:HK$374']"
全季酒店（瀘州步步高廣場店）,9.6,"['高級大床房（金可兒床墊+手機投屏）:HK$338', '高級特大床房（金可兒床墊+臨街雙層玻璃+手機投屏）:HK$368', '高級雙床房（金可兒床墊+臨街雙層玻璃+手機投屏）:HK$378', '舒壓高級大床房（金可兒床墊+小區朝向+手機投屏）:HK$407']"
瀘州江陽美侖酒店（西南醫科大學附屬口腔醫院店）,9.6,"['高級大床房:HK$422', '高級雙床房:HK$432', '負離子商務大床房:HK$444', '豪華大床房:HK$462', '豪華雙床房:HK$462']"
麗楓酒店（瀘州步步高新天地店）,9.7,"['標準大床房+藍牙音響+智能客控:HK$235', '豪華雙床房+藍牙音響+智能客控:HK$235', '豪華大床房+藍牙音響+智能客控:HK$265', '景觀大床房+藍牙音響+智能客控:HK$284', '景觀雙床房+藍牙音響+智能客控:HK$290']"
瀘州步步高新天地亞朵酒店,9.7,"['高級雙床房（投屏電視+深睡枕）:HK$367', '雅緻大床房:HK$385', '高級大床房（投屏電視+深睡枕）:HK$430', '行政雙床房（投屏電視+深睡枕）:HK$430', '行政大床房（投屏電視+深睡枕）:HK$457']"
淳居酒店（瀘州金融中心萬象滙店）,9.4,"['淳居·柔和靜溢I輕奢大床房:HK$169', '淳雅·温情四溢I悦眠大床房:HK$181', '淳雅·45度江景I雙床房:HK$181', '淳華·180度江景I雙床房:HK$194']"
雲漫酒店（瀘州萬象滙店）,9.6,"['雲|舒適大床房:HK$182', '雲|舒適雙床房:HK$188', '雲|高級大床房:HK$215', '雲丨氧吧高級大床房（負氧離子空氣凈化蛋）:HK$229']"
瀘州龍澗假日酒店（瀘州高鐵站店）,9.6,"['高級園景大床房:HK$308', '高級城市景觀雙床房:HK$341', '豪華園景大床房:HK$368', '豪華城市景觀雙床房:HK$401', '豪華房:HK$401', '開放式家庭套房:HK$510']"
瀘州唯逸酒店（四川警察學院店）,9.6,"['玲瓏大床房:HK$149', '陽光大床房-享逸光照下的一隅:HK$161', '輕奢圓床房-帶私湯:HK$173', '靜逸雙床房 （一次性洗臉巾）:HK$191']"
帝倫汀覺醒酒店（瀘州萬象滙西南醫科大店）,9.5,"['清凈大床房|定製助眠床墊|負離子吹風:HK$188', '舒適睡眠雙床房|定製零壓床墊|定製零壓枕芯:HK$194', '舒適睡眠大床|全景落地窗|日落星辰夜景:HK$200', '高空觀景雙床房|180°觀景|定製零壓床墊|大空間:HK$206', '網紅MAX影音房|VIP海量影片|暢享私人影院:HK$211']"
瀘州東麓•禪墨酒店（江陽區張壩桂圓林公園店）,9.3,"['東麓子墨雙床房（藍牙背景音箱+金可兒床墊）:HK$315', '特色大床房（金可兒床墊+科勒潔具）:HK$315', '靜默特色大床房（金可兒床墊+藍牙背景音箱）:HK$315', '特價雙床房（金可兒床墊）:HK$315', '高定大床房（DIY擺具+珍貴木材）:HK$336']"
麗楓酒店（瀘州高鐵站西南商貿城店）,9.5,"['雅緻大床房-慕思床墊+智能客控:HK$250', '豪華大床房-慕思床墊+智能客控:HK$271', '豪華雙床房-慕思床墊+智能客控:HK$271', '商務大床房-慕思床墊+智能客控:HK$294']"
瀘州香樟別院酒店（江陽區萬象滙店）,9.8,"['百年樟語大床房（小冰箱+無線充電）:HK$338', '樟華如詩大床房（小冰箱+休閑桌椅+無線充電）:HK$346', '樟林逸境雙床房（小冰箱+休閑桌椅+無線充電）:HK$360', '月映香樟大床房（小冰箱+獨立衣帽間）:HK$457', '香樟心語豪華大床房（小冰箱+會客區）:HK$511']"
瀘州南苑賓館,9.5,"['南苑樓舒樂雙床房（靜謐花園美景）:HK$289', '南苑樓舒樂大床房（靜謐花園美景）:HK$289', '南苑樓江景單人間（180度觀景+落日好景）:HK$335', '南苑樓江景雙人間（180度觀景+落日好景）:HK$335', '佳苑樓雅緻雙床房（靜謐城景+浴缸+冰箱）:HK$457']"
雲奢酒店（瀘州步步高新天地店）,9.5,"['舒適大床房（深睡枕）:HK$157', '高級大床房（深睡枕）:HK$177', '高級雙床房（深睡枕）:HK$177', '豪華智能大床房（深睡枕+落地窗+智能中控）:HK$179']"
瀘州首旅航發空港酒店,9.7,"['優享大床房:HK$318', '高級大床房:HK$359', '高級雙床房:HK$391', '家庭三人房:HK$422', '商務套房:HK$477']"
怡嘉酒店（水井溝西南醫科大學店）,9.6,"['浪漫圓床房-聽暮鼓晨鐘，聞國窖酒香:HK$207', '舒適大床房-逸靜舒適，品慧人生:HK$218', '舒適雙床房-怡然自得，安適悠然:HK$263', '温馨圓床房-中葯養生湯池:HK$279']"
瀘州灃澤苑賓館,9.1,"['商務標準間:HK$293', '單間:HK$293', '商務大床房:HK$366', '露台大床房:HK$373', '中庭公園單間:HK$393']"
瀘州伊頓飯店,9.3,"['陽光大床房（金可兒護脊床墊）:HK$387', '商務大床房（辦公休閑區+小冰箱+金可兒護脊床墊）:HK$519', '商務雙床房（辦公休閑區+小冰箱+金可兒護脊床墊）:HK$519', '超大温馨大床套房（獨立會客廳+衣帽間+浴缸+金可兒護脊床墊）:HK$835', '超大温馨雙床套房（獨立會客廳+衣帽間+浴缸+金可兒護脊床墊）:HK$835']"
久聖花園酒店（瀘州步步高新天地老窖店）,9.0,"['温馨暢享大床房:HK$143', '温馨雅緻大床房:HK$147', '靜 | 舒雅雙床房-園景:HK$182', '靜 | 舒雅大床房-園景:HK$182']"
瀘州諾果酒店,9.4,"['經濟大床房（電視可投屏）:HK$120', '簡約大床房:HK$134', '影音 榻榻米大床房（暢影愛奇藝會員）:HK$144', '榻榻米雙床房:HK$155']"
瀘州酒城賓館,9.3,"['綠茵園景簡約大床房（副樓）:HK$392', '綠茵園景簡約雙床房（副樓）:HK$392', '原木大床房:HK$510', '原木雙床房:HK$510', '豪華精選雙床房:HK$550', '豪華精選大床房:HK$550']"
煜晨酒店（瀘州江陽區四川警察學院店）,9.7,"['隨遇·安睡大床房:HK$143', '漫途·舒適大床房:HK$171', '漫途·舒適雙床房:HK$171', '悦己·商務大床房（俯瞰城景|高清視野）:HK$184']"
瀘州天空之城酒店,9.2,"['特惠智能大床房:HK$194', '豪華智能大床房:HK$208', '豪華智能雙床房:HK$217', '精英智能LOFT雙床房:HK$236']"
騰冠酒店（瀘州高鐵站西南商貿城店）,9.5,"['靜謐舒適雙床房:HK$163', '豪華甜夢大床房:HK$194', '豪華甜夢雙床房:HK$200', '清新怡然大床房:HK$201', '花園眺望大床房:HK$216']"
瀘州呢喃酒店（萬城國際天遠廣場店）,9.3,"['酣睡┃大床房（凈水器+乾濕分離）:HK$142', '簡約┃尊享雙床房（凈水器+乾濕分離）:HK$151', '靜謐┃雅居大床房（凈水器+乾濕分離）:HK$171', '靜謐┃雅居雙床房（凈水器+中央空調）:HK$173']"
瀘州瀘湖酒店,9.6,"['豪華雙床房:HK$442', '庭院雙床房:HK$469', '園林大床房:HK$480', '臨湖大床房:HK$534', '日式庭院大床房:HK$566']"
維也納酒店（瀘州萬象滙康健城店）,9.7,"['高級大床房:HK$249', '高級雙床房:HK$249', '豪華大床房:HK$258', '豪華雙床房:HK$258']"
維也納國際酒店（瀘州高鐵站西南商貿城店）,9.3,"['高級雙床房:HK$238', '高級大床房:HK$249', '豪華特大床房:HK$265', '商務大床房:HK$295', '商務雙床房:HK$295']"
瀘州栢岸藝術酒店（瀘州高鐵站西南商貿城店）,9.4,"['雅緻大床:HK$187', '雅緻雙床:HK$203', '靜雅雙床房:HK$229', '機麻套房:HK$269']"
瀘州天僖酒店,8.9,"['特價大床房:HK$217', '豪華大床房:HK$251', '浴缸大床房:HK$251', '豪華雙床房:HK$257']"
瀘州悦朋酒店,9.6,"['高級大床房（智能客控+中葯包泡腳）:HK$380', '高級雙床房（零壓床墊+中葯包泡腳）:HK$389', '豪華雙床房（智能客控+中葯包泡腳）:HK$414', '豪華大床房（零壓床墊+中葯包泡腳）:HK$419', '庭院休閑大床房（零壓床墊+寬敞露台）:HK$468']"
瀘州領尚國際酒店,8.8,"['特價房（無窗）:HK$93', '精緻標準房:HK$115', '普通大床房:HK$115', '精緻大床房:HK$127']"
泓江花園酒店（龍馬高中店）,9.7,"['特價精品大床房:HK$184', '靜謐舒適雙床房:HK$192', '舒雅豪華大床房:HK$216', '奢雅豪華雙床房:HK$227']"
金欣酒店（瀘州江陽區華潤萬象滙購物中心店）,9.0,"['好眠|躺平治癒大床房[定製床品+靜謐空間+乾濕分離]:HK$177', '甜夢|雲朵陷落雙床房[定製床品+靜謐空間+乾濕分離]:HK$198', '甜夢|雲朵陷落大床房[定製床品+靜謐空間+乾濕分離]:HK$205', '歡喜|靜謐酣睡大床房[定製床品+靜謐空間+乾濕分離]:HK$219']"
瀘州建國飯店,9.4,"['180度景觀大床房:HK$373', '雅緻園景大床房:HK$415', '雅緻園景雙床房:HK$415', '雅緻城景大床房:HK$415', '雅緻城景雙床房:HK$415', '豪華商務大床房:HK$458']"
花兮酒店（瀘州高中西南醫科大學忠山校區店）,9.3,"['H-花月大床房（靜謐空間+遮光窗簾+50寸高清大屏）:HK$82', 'H-春風十里圓床房（乾濕分離+智能客控）:HK$88', 'H-春意雙床房（智能客控+50寸高清大屏）:HK$100', 'H-春意大床房（智能客控+乾濕分離+50寸高清大屏）:HK$103']"
希岸酒店（瀘州高鐵站商貿城客運總站店）,9.3,"['玲瓏大床房:HK$168', '希岸高級大床房:HK$176', '希岸高級雙床房:HK$184', '希岸豪華雙床房:HK$192']"
西西里酒店（瀘州高鐵站店）,9.5,"['精緻單人間:HK$243', '精緻雙人間:HK$246', '豪華大床房:HK$275', '家庭套房:HK$342']"
