酒店名称,评分,房型价格列表
烏海賓館（烏海東站萬達廣場店）,9.4,"['商務大床房:HK$185', '商務雙床房:HK$207', '智能高級大床房【全屋智能·金可兒床墊】:HK$229', '智能豪華大床房【全屋智能·金可兒床墊】:HK$250']"
烏海皆得花開酒店（市政府火車站店）,9.9,"['皆得·靜謐大床房（全屋智能+智能馬桶）:HK$269', '皆得·暮棲大床房（智能客控+高速吹風機）:HK$329', '皆得·暮棲雙床房（智能客控+智能馬桶）:HK$341', '皆得·花開大床房（全屋智能+高速吹風機）:HK$341', '皆得·花開雙床房（超寬子母雙床+全屋智能）:HK$352']"
金海灣國際酒店,9.4,"['金海特惠雙床房:HK$251', '山景大床房（甘德爾山相伴＋四季鵝絨被+乾濕分離）:HK$306', '金海 山景雙床房（藍牙LED化粧鏡＋蕎麥羽絨雙面枕）:HK$310', '湖景雙床房（180°落日觀景＋雙面枕＋靜音加濕器）:HK$312', '星光城景大床房（藍牙LED化粧鏡＋蕎麥羽絨雙面枕）:HK$383']"
烏海泊林瀚酒店,9.6,"['特惠雙床房:HK$334', '泊悦商務雙床房:HK$402', '泊悦商務大床房:HK$402', '泊雅行政大床房:HK$425', '泊雅行政雙床房:HK$425']"
陌上雅居酒店（烏海海勃灣區政府店）,9.7,"['風韻·雙床房（零壓記憶枕+無線投屏）:HK$307', '風韻·大床房（零壓記憶枕+無線投屏）:HK$307', '品學·大床房（零壓記憶枕+無線投屏）:HK$325', '品學·雙床房（零壓記憶枕+無線投屏）:HK$325', '雅緻·大床房（零壓記憶枕+無線投屏）:HK$387']"
維也納國際酒店（烏海火車東站店）,9.2,"['標準雙床房:HK$250', '標準大床房:HK$258', '高級雙床房:HK$279', '高級大床房:HK$287']"
烏海世紀元大酒店（海勃灣區政府店）,9.4,"['倚窗聽風·臻品行政雙床房（朝向安靜+全屋語音智能）:HK$266', '倚窗聽風·臻品行政大床房（朝向安靜+全屋語音智能）:HK$266', '留烏觀海·陽光景觀大床房（朝陽面+窗景成吉思汗像）:HK$288', '留烏觀海·陽光景觀雙床房（朝陽面+窗景成吉思汗像）:HK$288', '特惠大床房（新風系統+安靜好眠）:HK$299']"
錦江之星品尚（烏海新華大街店）,9.6,"['商務房C:HK$182', '商務房B:HK$192', '商務標準房B:HK$192', '商務標準房A:HK$209']"
潮漫酒店（烏海萬達廣場火車東站店）,9.9,"['品質嚴選大床房（投屏電視觀影+全屋智能+落地窗）:HK$242', '品質臻選大床房（投屏電視觀影+全屋智能＋落地窗）:HK$259', '漫享高級大床房（投屏電視觀影+全屋智能＋落地窗）:HK$276', '漫享高級雙床房（投屏電視觀影+全屋智能＋落地窗）:HK$301']"
烏海格蘭雲天國際酒店（高鐵站店）,9.5,"['山景高級雙床房:HK$413', '山景高級大床房:HK$413', '晨景豪華大床房:HK$432', '漠海豪華雙床房:HK$448', '漠海行政雙床房:HK$472', '園林行政大床房:HK$489']"
烏海瑛璞雅緻酒店,9.4,"['負離子空氣凈化小屋（全屋聲控+投屏電視+空氣凈化）:HK$273', '躺平治癒雙床房（智能客控+投屏電視）:HK$339', '智能雅緻特大床房（智能客控+投屏電視）:HK$371', '智享逸境雙床房（智能客控+投屏電視）:HK$403']"
錦頤優選酒店（烏海海勃灣區火車東站店）,9.6,"['雅緻大床房【雅韻悠然+心靈休憩+靜享甜憩】:HK$382', '高級雙床房【舒居暢氧+落日熔金+閑適小聚】:HK$398', '高級大床房【舒逸臻享+緩壓助眠+甜韻悠品】:HK$398', '影音大床房【巨幕馳影+幕映酣然+甜香漫語】:HK$443']"
烏海海勃灣區東站桔子水晶酒店,9.8,"['高級大床房:HK$449', '高級雙床房:HK$478', '豪華大床房:HK$497', '豪華雙床房:HK$508', '行政大床房:HK$537']"
你好酒店（烏海市政府火車東站店）,9.2,"['雙床房:HK$243', '高級大床房:HK$252']"
宇豪國際酒店（海勃灣區烏海火車東站店）,9.2,"['城景·雅緻雙床房【全屋智能.加濕器.一次性面巾紙】:HK$232', '城景·雅緻大床房【全屋智能.加濕器.一次性面巾紙】:HK$240', '江景·奢享大床房【全屋智能.加濕器.一次性面巾紙】:HK$273', '江景·奢享雙床房【全屋智能.加濕器.一次性面巾紙】:HK$295']"
歡景酒店（烏海市烏達區政府店）,9.7,"['歡舒·零壓大床房【新風系統】:HK$227', '歡舒·零壓雙床房【新風系統】:HK$227', '歡景·清沐雙床房【智能小度+乾濕分離】:HK$236', '歡享·影音大床房【乳膠床墊·自然眠愈·新風系統】:HK$238']"
全季酒店（烏海萬錦廣場店）,9.7,"['高級大床房:HK$337', '雙床房:HK$355', '商務大床房:HK$355', '商務雙床房:HK$374']"
烏海興泰名都酒店,9.5,"['尊享特惠大床房:HK$404', '商務山景大床房:HK$440', '豪華山景大床房:HK$480', '夢百合零壓大床房:HK$549', '童趣樂園主題親子房:HK$730', '遨遊天空主題親子房:HK$757']"
希岸酒店（烏海海勃灣區人民廣場店）,9.7,"['希岸豪華大床房（投屏電視+智能馬桶+夢百合零壓床墊）:HK$302', '希岸雙床房（投屏電視+智能馬桶+夢百合零壓床墊）:HK$326', '希岸星空影音大床房（投屏電視+智能馬桶+零壓床墊）:HK$342', '希岸豪華雙床房（投屏電視+智能馬桶+夢百合零壓床墊）:HK$366']"
維也納3好酒店（烏海海勃灣區人民廣場店）,9.6,"['豪華大床房（智能客控+零壓恆温護脊安睡床墊）:HK$224', '豪華雙床房（智能客控+零壓恆温護脊安睡床墊）:HK$233', '商務大床房（投屏電視+零壓安睡床墊+智能客控）:HK$255', '商務雙床房（投屏電視+零壓安睡床墊+智能客控）:HK$264']"
G家酒店（烏海海勃灣區摩爾城店）,9.5,"['G•舒眠大床房（辦公桌➕洗衣機）:HK$228', 'G•寬境大床房（零壓床墊）:HK$248', 'G·家享雙床房:HK$251', 'G·家享影音房:HK$262']"
獅城酒店,9.1,"['雅緻雙床房（智能客控&慕思床墊）:HK$208', '雅緻大床房（智能客控&慕思床墊）:HK$208', '高級大床房（智能客控&慕思床墊）:HK$224']"
烏海億信國際酒店,8.1,"['豪華大床房:HK$138', '豪華雙床房:HK$172', '家庭房:HK$181', '行政大床房:HK$194']"
99號觀景酒店（烏海萬達廣場店）,9.4,"['臻選大床房（乳膠枕+無菌包裝洗臉巾）:HK$243', '臻選雙床房（乳膠枕+無菌包裝洗臉巾）:HK$255', '觀景大床房（乳膠枕+無菌包裝洗臉巾）:HK$271', '精選雙床房（乳膠枕+無菌包裝洗臉巾）:HK$287']"
烏海巨海酒店,8.6,"['商務標間【無窗·新風系統·獨立空調】:HK$180', '豪華標準間:HK$197', '豪華三人間:HK$249', '豪華套房:HK$309']"
有戲休閑酒店（烏海萬達店）,9.0,"['電影特色房:HK$192', '電影大床房:HK$192', '荷里活電影大床房:HK$208', '荷里活電影雙床房:HK$208']"
漢庭酒店（烏海萬達廣場店）,9.6,"['高級大床房:HK$255', '高級雙床房:HK$274', '家庭房:HK$293']"
泊海商務酒店（烏海東站店）,9.5,"['優選大床房（智能馬桶+電動窗簾）:HK$147', '優享雙人床（智能馬桶+電動窗簾）:HK$156', '雅緻親子間（智能馬桶+電動窗簾）:HK$175', '優選三人間:HK$184']"
漠海山境露營基地,9.3,"['星空房B:HK$381', '星空房A:HK$497', '太空艙B:HK$573', '太空艙:HK$573']"
烏海萬達美寓酒店,9.1,"['舒適大床房:HK$164', '精品大床房:HK$174', '舒適標準間:HK$174', '豪華標準間:HK$211']"
如家華驛精選酒店（烏海東站店）,9.6,"['智能大床房:HK$155', '智能高級雙床房:HK$196', '智能高級大床房:HK$196', '智能套房:HK$216']"
如家華驛精選酒店（烏海市烏達區先鋒西街店）,9.5,"['凈馨大床房（乾濕分離）:HK$132', '精選大床房（乾濕分離）:HK$140', '精選雙床房（乾濕分離）:HK$140', '智能大床房（全屋智能+乾濕分離）:HK$140']"
烏海南庭酒店,9.1,"['語音智能玲瓏大床房:HK$171', '南庭雙床房:HK$171', '南庭大床房:HK$171', '語音智能雅緻雙床房:HK$181']"
如家華驛酒店（烏海萬達廣場店）,9.1,"['大床房:HK$117', '商務大床房:HK$133', '雙床房:HK$133', '家庭房:HK$164']"
烏海樂橙電競酒店,9.1,"['電競單人間[3070-i7-12700f+鼠標羅技502+免費UU加速器]:HK$160', '決戰之巔兩人間[3070-i7-12700f+鼠標羅技502+UU加速器]:HK$183', '沙漠湖景日落高端電競三人間[3070-i7-12700f+鼠標羅技502+UU加速器]:HK$251', '高端電競四人間[3070-i7-12700f+鼠標羅技502+UU加速器]:HK$273']"
烏海知行民宿,9.7,"['舒適大床房:HK$165', '觀影大床房:HK$165', '觀影標間:HK$165']"
烏海瑛璞酒店,8.9,"['舒適單人房:HK$151', '豪華雙床房:HK$184', '舒適大床房:HK$184', '豪華大床房:HK$195']"
驛萊酒店（烏海火車站店）,8.3,"['旅悦大床房:HK$89', '旅悦雙床房:HK$89', '旅悦三人間:HK$107']"
億豪酒店（烏海海勃灣區人民廣場店）,8.7,"['陽光舒適大床房『璀璨夜景|明亮空間|零壓床墊』:HK$147', '陽光舒適雙床房『璀璨夜景|明亮空間|零壓床墊』:HK$157', '巨幕觀影大床房『4k巨幕沉浸式觀影|絲滑投屏』:HK$173', '巨幕觀影雙床房『4k巨幕沉浸式觀影|絲滑投屏』:HK$173']"
中奧商務賓館（烏海東站店）,8.7,"['商務大床房:HK$104', '商務雙床房:HK$104', '高級大床房:HK$129', '高級雙床房:HK$129']"
舒怡酒店（烏海萬達店）,8.7,"['性感怦然心動主題大床房（圓形高彈高密床墊+巨幕4K超清投影儀+影視會員）:HK$118', '商務大床房:HK$118', '性感曖昧之旅主題大床房（圓形高彈高密床墊+巨幕4K超清投影儀+影視會員）:HK$118', '性感海洋之戀主題大床房（圓形高彈高密床墊+巨幕4K超清投影儀+影視會員）:HK$118']"
烏海金季酒店,7.7,"['商務大床房:HK$99', '商務標準間:HK$99', '親子三人間:HK$148']"
烏海Aimei愛情公寓（萬達廣場店）,9.6,"['主題電影房:HK$104', '恆温水床大床房:HK$110', '主題電動床房:HK$113', '恆温水床電影房:HK$113']"
烏海飛貓公寓,8.7,"['心動特價房:HK$109', '深藍月色:HK$110', '如煙:HK$119', '珠翠:HK$119']"
香裕賓館,8.0,"['豪華雙床房:HK$102', '藝術格調大床房:HK$119', '金色年華大床房:HK$121', '城市記憶大床房:HK$133']"
烏達區蒔光民宿,5.6,"['鳥巢圓形大床房:HK$184', '狂野汽車電動床:HK$184']"
星辰酒店（烏海東站萬達廣場店）,9.3,[]
