酒店名称,评分,房型价格列表
無錫新區太湖大道亞朵X酒店,9.6,"['高級大床房:HK$385', '行政大床房:HK$430', '幾木雙床房:HK$439', '幾木大床房:HK$457', '幾木家庭雙床房:HK$493']"
無錫南長街古運河麗芮酒店,9.5,"['芮享舒適大床房:HK$479', '芮享高級大床房:HK$533', '芮享豪華大床房:HK$588', '芮享studio房:HK$698', '黑神話·悟空遊戲大床房（暢玩多款騰訊START雲遊戲）:HK$698']"
無錫羅卡斯酒店（南長街店）,9.5,"['新尚·主題房:HK$426', '目翠·主題半套房:HK$426', '溺愛·主題套房:HK$568', '璨放·主題房:HK$568', '服務式·商務單間:HK$570', '羅卡斯行政套房:HK$579']"
宜尚PLUS酒店（無錫長江北路太湖花園地鐵站店）,9.4,"['標準大床房（寬敞明亮+個性沙發）:HK$342', '標準雙床房（寬敞明亮+舒適辦公+小冰箱）:HK$354', '商務大床房:HK$365', '高級大床房（獨立起居空間+舒適浴缸+小冰箱）:HK$407', '豪華大床房（北歐風格客房+無間隔起居空間+觀景浴缸）:HK$451']"
楓雨（無錫三陽廣場店）,9.6,"['單間公寓式客房:HK$568', '高層單間公寓式客房:HK$623', '城市景觀公寓式客房:HK$678', '崇安寺景觀公寓式客房:HK$732', '270度高層無敵景觀公寓式客房:HK$841']"
桔子酒店（無錫三陽廣場店）,9.7,"['大床房【65寸電視投屏+智能客控】:HK$315', '商務大床房【65寸電視投屏+智能客控】:HK$331', '高級大床房【65寸電視投屏+智能客控】:HK$341', '高級雙床房【65寸電視投屏+智能客控】:HK$341', '月若流金精選雙床房【65寸電視投屏+智能客控】:HK$362']"
無錫海岸城亞朵酒店,9.6,"['高級大床房:HK$484', '高級雙床房:HK$502', '行政大床房:HK$519', '幾木大床房:HK$581', '幾木雙床房:HK$581']"
無錫太科園震澤路亞朵酒店,9.6,"['高級大床房（小冰箱+智能客控）:HK$385', '高級雙床房（小冰箱+智能客控）:HK$385', '行政大床房（小冰箱+智能客控）:HK$412', '行政雙床房（小冰箱+智能客控）:HK$412', '尊享大床房（小冰箱+智能客控）:HK$439']"
無錫三陽廣場中山路亞朵X酒店,9.2,"['高級大床房:HK$389', '高級雙床房:HK$417', '行政大床房:HK$482', '行政城景雙床房:HK$510', '幾木大床房:HK$575']"
無錫詩曼汀公寓（三陽廣場店）,9.3,"['精緻城景大床房（鵝絨被+冰箱）:HK$421', '高層影院大床房:HK$448', '精緻夜景公寓式大床房:HK$475', '高層夜景大床房:HK$530']"
無錫君來湖濱飯店,9.5,"['A樓標準雙床房:HK$437', 'A樓標準大床房:HK$656', 'A樓標準湖景雙床房:HK$656', 'B樓高級雙床特價房:HK$656', 'B樓高級大床特價房:HK$656', 'B樓高級雙床房:HK$874']"
宜必思酒店（無錫南長街太湖廣場地鐵站店）,9.6,"['大床房:HK$224', '雙床房:HK$233', '影音房:HK$233', '高級大床房:HK$252']"
柏宜酒店（無錫南長街南禪寺景區店）,9.5,"['城景·精選大床房（明亮視野 · 獨享城景·品質床墊）:HK$302', '舒適·助眠大床房（遙望南長街夜景·零壓乳膠床墊）:HK$324', '輕奢·智選雙床房（全景一覽眾山小 · 零壓乳膠床墊）:HK$362', '靜宜·親子家庭房（超大TV·絲滑投屏·助眠床墊）:HK$415']"
無錫凱萊大飯店（塘鐵橋地鐵站IN有街市店）,9.4,"['高級雙床房:HK$427', '高級大床房:HK$427', '標準雙床房:HK$436', '商務大床房:HK$490', '親子大床房:HK$522']"
無錫南長街三陽廣場地鐵站輕居酒店,9.6,"['舒適大床房（亞朵裸眠床品-65寸投屏電視）:HK$332', '精選大床房（小冰箱-投屏電視-JOLOVES洗護用品）:HK$358', '標準雙床房（亞朵裸眠床品-65寸投屏電視）:HK$358', '高級大床房（深睡枕Pro-小冰箱-LELABO洗護用品）:HK$403']"
SUISU隨宿·設計師酒店（無錫寶龍廣場旺莊地鐵站店）,9.6,"['梵凈·豪華大床房【暢享會員巨幕投屏影音丨智能入住丨智能客控丨夢百合零壓記憶床墊丨親膚布草】:HK$259', '夢之·豪華大床房【智能入住丨智能客控丨夢百合零壓記憶床墊丨親膚布草丨電視可投屏】:HK$269', '心憩·尊享大床房【暢享會員巨幕投屏影音丨智能入住丨智能客控丨夢百合零壓記憶床墊丨親膚布草】:HK$283', '靜夜·尊享雙床房【暢享會員巨幕投屏影音丨智能入住丨智能客控丨夢百合零壓記憶床墊丨親膚布草】:HK$283']"
漢庭酒店（無錫南禪寺地鐵站店）,9.6,"['大床房:HK$227', '商務雙床房:HK$246', '高級大床房A:HK$246', '商務大床房:HK$264']"
無錫德根飯店（三陽廣場店）,9.3,"['商務單人房-舒適淋浴:HK$454', '高級大床房-高樓層:HK$486', '高級雙床房-靠窗沙發:HK$486', '高級影音大床房-無線投屏:HK$539', '高級影音雙床房-無線投屏:HK$539', '豪華大床房-超大床:HK$570']"
無錫東站希爾頓歡朋酒店,9.6,"['舒適雙床房:HK$461', '舒適大床房:HK$480', '高級雙床房:HK$517', '高級大床房:HK$537', '豪華雙床房:HK$575']"
SY·宿也高空觀景設計師度假美宿（無錫濱湖萬象滙太湖西大道店）,9.6,"['寶藏·幸運觀景房【全新貢緞床品+影視會員】:HK$403', '含月·高空觀景大床房【雙人浴缸+巨幕影院+戴森吹風機】:HK$414', '極簡·高空湖景包豪斯一室一廳套房【雲端觀景+私享影院+戴森吹風機】:HK$457', '清風·180度無敵高空觀景一室一廳套房【雲端觀景+巨幕觀影+戴森吹風】:HK$469']"
如家精選酒店（無錫三陽廣場勝利門地鐵站店）,9.6,"['大床房『 樓層高 』:HK$278', '雙床房『樓層高』:HK$305', '商務大床房『樓層高』:HK$305', '高級大床房『55寸電視機可投屏·徠芬吹風機』:HK$323']"
全季酒店（三陽廣場南長街店）,9.5,"['大床房【電視投屏+智能客控】:HK$407', '高級大床房A【電視投屏+智能客控】:HK$412', '高級雙床房【電視投屏+智能客控】:HK$427', '高級大床房【電視投屏+智能客控】:HK$437']"
漫湖雲帆·公寓（太湖店）,9.7,"['高級大床房:HK$370', '雲帆·城景套房:HK$414', '雲帆·270°景觀套房:HK$457', '高級雙床房:HK$457']"
無錫三陽廣場南長街桔子水晶酒店,9.5,"['高級大床房[小冰箱]:HK$441', '豪華大床房[浴缸+全景落地陽台+小冰箱]:HK$482', '精選大床房[浴缸+全景落地陽台+小冰箱]:HK$542', '商務大床房[浴缸+小冰箱]:HK$603', '高級雙床房（全景落地陽台+小冰箱]:HK$683']"
無錫南長街亞朵S酒店,9.6,"['高級大床房:HK$622', '行政大床房:HK$682', '幾木大床房:HK$762', '幾木養生大床房:HK$802', '高級雙床房:HK$993']"
無錫新區長江北路亞朵酒店,9.8,"['高級雙床房:HK$349', '高級大床房:HK$358', '行政雙床房:HK$421', '行政大床房:HK$439', '幾木大床房:HK$457']"
宜尚酒店（無錫高新開發區碩放機場店）,9.5,"['精緻大床房【電視投屏|夢百合零壓床墊】:HK$221', '精緻雙床房【電視投屏|夢百合零壓床墊】:HK$228', '雅緻大床房【電視投屏|夢百合零壓床墊】:HK$249', '家庭房【電視投屏|夢百合零壓床墊】:HK$254']"
無錫三陽廣場亞朵酒店,9.6,"['高級雙床房:HK$475', '高級大床房:HK$484', '幾木大床房:HK$529', '行政大床房:HK$529', '幾木雙床房:HK$565']"
無錫日晟國際酒店（寶龍廣場旺莊路地鐵站店）,9.0,"['商務大床間:HK$251', '商務雙床房:HK$251', '精選雙床房:HK$293', '精選大床房A:HK$293', '臻選大床房A:HK$357']"
全季酒店（無錫三陽廣場店）,9.5,"['大床房【55寸電視投屏】:HK$374', '高級雙床房【55寸電視投屏】:HK$402', '高級大床房【55寸電視投屏】:HK$402', '商務高級雙床房【55寸電視投屏】:HK$430']"
雅麗豪酒店（樑溪萬達火車站店）,9.2,"['商務大床房（全景落地窗）:HK$310', '精緻雙床房（全景落地窗）:HK$331', '高級大床房（全景落地窗）:HK$354', '高級雙床房（全景落地窗）:HK$354', '豪華大床房（全景落地窗）:HK$397']"
維也納國際酒店（無錫高鐵東站店）,9.6,"['標準大床房:HK$300', '高級大床房:HK$307', '湖景大床房:HK$315', '景觀雙床房:HK$357', '商務雙床房:HK$384']"
邁朋酒店（新地假日廣場新光路地鐵站店）,9.4,"['簡約單人房:HK$291', '簡約雙床房:HK$291', '高級雙床房:HK$301', '高級大床房:HK$312', '行政大床房:HK$314']"
雅悅酒店（無錫廣南路樑溪萬達店）,9.6,"['雙床房:HK$224', '特惠大床房:HK$224', '大床房:HK$239', '商務雙床房:HK$239']"
雲和夜泊酒店（無錫靈山大佛拈花灣店）,9.6,"['特惠大床房:HK$359', '特惠雙床房:HK$359', '雅緻大床房:HK$391', '雅緻雙床房:HK$391', '雲和雙床房:HK$424']"
無錫東站智選假日酒店,9.7,"['高級房 超大床:HK$305', '高級房 雙床:HK$305', '高級房（超大床）（帶小冰箱）:HK$343', '高級房（雙床）（帶小冰箱）:HK$343']"
LeNuvole·樂酈芙臻品公寓（無錫三陽廣場崇安寺店）,9.6,"['「嘉途 Travel」景觀大床房[智能家居+落地窗+零感床墊]:HK$347', '「樂遊 Jolly」景觀大床房[智能家居+落地窗+零感床墊]:HK$369', '「樂程Journey」景觀大床房[智能家居+落地窗+零感床墊]:HK$388', '「酈悦 Delight」行政景觀套房[巨幕投影+零感床墊]:HK$565']"
如家商旅酒店（無錫南禪寺三陽廣場地鐵站店）,9.7,"['大床房:HK$202', '雙床房:HK$226', '商務大床房:HK$226', '高級大床房【55寸電視可投屏+萊芬吹風機】:HK$241']"
柏曼酒店（無錫錦旺商業步行街店）,9.4,"['智能標準大床房:HK$246', '智能高級雙床房:HK$255', '智能影音房:HK$255', '智能高級大床房:HK$270']"
無錫三陽廣場漫心酒店,9.6,"['心怡大床房（智能客控+小冰箱）:HK$352', '心悦高級大床房（智能客控+休閑沙發+小冰箱）:HK$391', '心悦高級雙床房（智能客控+小冰箱）:HK$391', '心享豪華大床房（品質臻享+休閑沙發+小冰箱）:HK$452', '心享豪華雙床房（智能客控+小冰箱）:HK$452']"
柏宜酒店（無錫南長街清名橋地鐵站店）,9.6,"['特價大床房（零壓床墊）:HK$357', '零壓高級大床房（零壓床墊）:HK$406', '零壓豪華大床房（零壓床墊+智能按摩椅）:HK$463', '家庭房（零壓床墊）:HK$492']"
藝龍安悦酒店（無錫胡埭工業園花都店）,9.7,"['精選雙床房【智能客控+小冰箱+零壓床墊】:HK$258', '精選大床房【智能客控+小冰箱+零壓床墊】:HK$268', '影音大床房【智能客控+小冰箱+零壓床墊】:HK$280', '商務雙床間【智能客控+小冰箱+零壓床墊】:HK$290', '商務大床房【智能客控+小冰箱+零壓床墊】:HK$301']"
無錫吳越水街萬達美華酒店,9.6,"['高級大床房丨落地窗+小度全屋智能+ACCA·KAPPA洗護用品:HK$349', '豪華大床房丨落地窗+小度全屋智能+ACCA·KAPPA洗護用品:HK$379', '豪華雙床房丨落地窗+小度全屋智能+ACCA·KAPPA洗護用品:HK$379', '高級豪華大床房 | 迷你小冰箱+超大浴缸+小度全屋智能:HK$462', '雅緻榻榻米大床房 | 迷你小冰箱+超大浴缸+親子空間:HK$462']"
美成酒店（無錫盛岸西路百樂廣場店）,9.4,"['精緻大床房:HK$163', '特色大床房[巨幕投影]:HK$171', '特價雙床房:HK$179', '商務大床房:HK$188']"
花築·悦庭雅居客棧（無錫靈山大佛拈花灣店）,9.7,"['神奈川榻榻米房·可觀天空閣樓房·簡約輕奢標配:HK$305', '北海道榻榻米房·可觀天空閣樓房·輕奢標配:HK$329', '奈良小標間·温馨簡約雙床房:HK$391', '布拉格標間·雙床房·大視野·簡約輕奢標配:HK$490']"
全季酒店（無錫長江北路星光裏店）,9.6,"['高級大床房A:HK$308', '高級大床房:HK$321', '雙床房:HK$340', '商務大床房:HK$388']"
萬國雅緻酒店（無錫東港紅豆萬花城店）,9.6,"['休閑大床房:HK$237', '行政雙床房:HK$280', '親子家庭房:HK$280', '行政大床房:HK$294']"
無錫梅里古鎮璟隆廣場輕居酒店,9.7,"['舒適大床房（65寸高清投屏+裸棉床品+小冰箱）:HK$305', '標準大床房（65寸高清投屏+裸棉床品+小冰箱）:HK$332', '標準雙床房（65寸高清投屏+裸棉床品+小冰箱）:HK$332', '精選大床房（65寸高清投屏+裸棉床品+小冰箱）:HK$358', '精選雙床房（65寸高清投屏+裸棉床品+小冰箱）:HK$358']"
無錫東站映月湖公園地鐵站亞朵酒店,9.7,"['高級雙床房:HK$367', '高級大床房:HK$385', '行政大床房:HK$412', '幾木雙床房:HK$421', '幾木大床房:HK$439']"
宜必思尚品酒店（無錫南長街店）,9.4,"['大床房:HK$263', '高級大床房【金可兒床墊、新風系統】:HK$271', '商務大床房【金可兒床墊】:HK$283', '豪華大床房【金可兒床墊】:HK$301']"
