酒店名称,评分,房型价格列表
梅園·悦竹酒店（三明列東店）,9.3,"['瑞竹大床房:HK$258', '瑞竹雙床房:HK$258', '瑞竹豪華大床房:HK$316', '瑞竹豪華雙床房:HK$316']"
三明賓館·天元國際,9.3,"['豪華大床房:HK$427', '商務大床房:HK$427', '行政城景大床房:HK$501', '豪華江景套房:HK$640', '行政貴賓城景套房:HK$1,142']"
三明明城國際大酒店,9.2,"['雅緻無窗大床房:HK$249', '標準大床房:HK$446', '行政大床房:HK$555']"
三明香米拉軍轉賓館（麒麟山公園店）,9.3,"['特色大床房（潔凈温馨 +乾濕分離）:HK$208', '温馨大床房（舒適沐浴 +精緻睡眠）:HK$217', '精品雙床房:HK$243', '智能大床房（語音小度+品牌床墊）:HK$260']"
麗呈朗譽酒店（三明北高鐵站沙縣機場店）,9.0,"['輕奢怡悦大床房（雲端客房+電動窗簾+智能客控&馬桶）:HK$310', '輕奢輕悦大床房（雲端客房+電動窗簾+智能客控&馬桶）:HK$349', '輕奢愉悦大床房（雲端客房+電動窗簾+智能客控&馬桶）:HK$389', '輕奢和悦大床房 （雲端客房+電動窗簾+智能客控&馬桶）:HK$428', '輕奢和悦雙床房（雲端客房+電動窗簾+智能客控&馬桶）:HK$467']"
三明沙縣廣容大酒店,9.1,"['高級雙床房:HK$416', '高級大床房:HK$416', '高級套房:HK$691']"
三明皇廷麗景酒店,9.0,"['靜謐大床房:HK$334', '靜謐雙床房:HK$334', '精品大床房:HK$371', '精品雙床房:HK$371', '山景大床房:HK$398']"
三鋼萬壽巖學院,9.7,"['標準雙床房:HK$424', '標準大床房:HK$424']"
全季酒店（三明三元區店）,9.4,"['高級大床房:HK$312', '商務大床房:HK$340', '景觀大床房:HK$369', '高級雙床房:HK$369']"
三明明城新都滙酒店（萬達廣場店）,9.3,"['特惠房:HK$272', '複式大床房:HK$322', '豪華大床房:HK$327', '親子房:HK$359', '複式子母房:HK$381']"
金谷酒店（三明列東街店）,9.2,"['精選標間:HK$212', '精選大床房:HK$212', '商務標準間:HK$235', '商務大床房:HK$237']"
怡程酒店（三明市大潤發店）,9.1,"['怡享雙床房:HK$320', '怡馨大床房:HK$321', '怡馨雙床房:HK$321', '怡享大床房:HK$355', '怡觀雙床房:HK$379']"
沙縣温德姆花園酒店,9.1,"['商務大床房:HK$413', '商務雙床房:HK$421', '豪華大床房:HK$482', '商務套房:HK$719', '花園套房:HK$1,265']"
三明好莉來景觀酒店（三元區店）,9.2,"['雅緻雙床房（面積超大+舒適好睡眠）:HK$170', '雅緻大床房（品牌床墊+乾濕分離）:HK$177', '精品雙床間（超大面積+乾濕分離）:HK$200', '精品大床房:HK$209']"
三明閩光大酒店,9.4,"['小樓閩光苑經濟大床房:HK$183', '小樓閩光苑大床房:HK$216', '小樓閩光苑雙床房:HK$216', '主樓商務大床房:HK$315']"
維也納3好酒店（三明列東街店）,9.4,"['標準大床房:HK$206', '標準雙床房:HK$206', '豪華大床房:HK$228', '豪華雙床房:HK$228']"
三明國貿賓館（夏商百貨列東店）,9.0,"['舒適大床房:HK$220', '舒適雙床房:HK$220', '特惠舒適雙床房:HK$220', '特惠舒適大床房:HK$220']"
好莉來大酒店（三明一中店）,9.4,"['特惠雙床房:HK$174', '優選大床房（無窗）:HK$180', '優選雙床房:HK$183', '精選雙床房:HK$200']"
柏曼酒店（三明列東店）,8.8,"['舒適大床房.採光極佳:HK$213', '標準雙床房（光線充足）:HK$221', '高級大床房.明亮視野:HK$244', '高級雙床房（通透明亮）:HK$252']"
三明城南酒店（三元區店）,8.8,"['樂享丨標準大床房【鬧中取靜+舒適助眠】:HK$195', '樂享丨標準雙床房【鬧中取靜+舒適助眠】:HK$195', '江景丨標準雙床房【一線江景+落地窗+舒適温馨】:HK$205', '江景丨標準大床房【一線江景+落地窗+舒適温馨】:HK$205']"
三明天元廬山酒店（三元區市第一醫院店）,9.2,"['中式標準雙床間:HK$235', '中式標準大床房:HK$242', '歐式標準間:HK$256', '歐式標準大床房:HK$261', '金榜題名房:HK$315']"
梅園·悦竹酒店（三明東新五路店）,9.1,"['經濟大床房:HK$271', '瑞竹大床房:HK$278', '瑞竹雙床房:HK$278', '瑞竹套房:HK$504']"
三明Enjoy Time·元立時尚設計師城景酒店（三元一中店）,9.3,"['Surprise｜驚·喜奇遇寶藏房·樂趣好玩+90s潔凈親膚布草:HK$187', 'Enjoy｜樂享·旅居商務靜音大床房 【智能便捷超清化粧鏡+中式現代休閑愜意品茶+精氣滿滿深睡品牌床墊+潔凈親膚布草+手機超清投屏】:HK$203', 'Delight ｜悦享·商務茶桌雙床房【軟綿綿愜意沙發】:HK$203', 'Premium｜臻享·輕奢茶桌圍坐大床房【中式格調泡茶台桌+Q彈飽滿豪華可躺可卧沙發+愜意觀景休閑椅+手機超清投屏】:HK$224']"
三明格美國際酒店,8.0,"['格美雙床房（深度好眠）:HK$145', '格美高級大床房（超大視野+行政沙發）:HK$188', '格美高級雙床房（超大視野+行政沙發）:HK$188', '格美大床房（深度好眠）:HK$233']"
雅斯特酒店（三明列東街店）,9.2,"['雅緻大床房:HK$173', '高級大床房:HK$206', '高級雙床房:HK$217', '豪華大床房:HK$228']"
三明如玉湖國際酒店,8.1,"['優選大床房:HK$399', '優選雙床房:HK$399', '甄選大床房:HK$470', '甄選雙床房:HK$470', '尊享商務套房:HK$508']"
三明列西飯店（梅列大橋店）,8.9,"['特價標間:HK$173', '普通雙床房:HK$205', '精緻雙床房:HK$216', '精緻大床房:HK$238']"
三明梅園國際大酒店,9.5,"['豪華雙床房:HK$437', '豪華行政雙床房:HK$557', '豪華行政大床房:HK$557', '商務套房:HK$828', '親子套房:HK$828', '豪華套房:HK$948']"
沙縣君華大酒店,8.3,"['普通大床房:HK$228', '普通雙床房:HK$228', '行政大床房:HK$275', '行政雙人房:HK$275', '行政兩間套:HK$460']"
三明馨居智慧酒店（沙縣文化小吃城店）,9.1,"['舒適.時尚大床房（智能客控+電動窗簾）:HK$165', '舒享生活·觀影智能大床房（智能客控+智能馬桶+百寸巨幕+電動窗簾）:HK$175', '巨幕影音舒享大床房（智能客控+智能馬桶+百寸巨幕+電動窗簾）:HK$184', '尊享生活.投影智能大床房（智能客控+智能馬桶+百寸巨幕+電動窗簾）:HK$212']"
維也納酒店（三明站店）,9.5,"['標準大床房:HK$227', '標準雙床房:HK$227', '豪華大床房:HK$263', '豪華雙床房:HK$263']"
三明奕澤酒店（萬達店）,9.1,"['智能大床房丨夢百合零壓床墊:HK$258', '尊享大床房丨夢百合零壓床墊:HK$369', '豪華雙床房丨夢百合零壓床墊:HK$369', '尊享雙人房丨夢百合零壓床墊:HK$369']"
奇寓半山私影民宿,9.9,"['高層景觀影音大床房:HK$182', '輕奢風影音大床房:HK$182', '心動信號影音大床房:HK$182', '温馨風影音大床房:HK$182']"
鑫悦智慧酒店（三元區三明站店）,9.6,"['影悦雀夢圓床套房:HK$240', '投影智能大床房（智能控客+乾濕分離+舒適好睡眠）:HK$243', '投影智能雙床房（高清投屏+智能控客+乾濕分離+品質好睡眠）:HK$246', '豪華智能大床房（高清投屏+智能控客+乾濕分離+品質好睡眠）:HK$258']"
馨居原舍民宿（沙縣文化小吃城店）,9.0,"['舒享.生活巨幕影音大床房（智能客控+智能馬桶+百寸巨幕+電動窗簾）:HK$202', '精緻.生活巨幕影音浴缸主題房（智能客控+智能馬桶+百寸巨幕+電動窗簾）:HK$221', '巨幕影音沉睡大床房（智能客控+智能馬桶+百寸巨幕+電動窗簾）:HK$221', '尊享.生活巨幕影音大床房（智能客控+智能馬桶+百寸巨幕+電動窗簾）:HK$249']"
逸柏國際酒店（三明北站沙縣店）,8.9,"['途選大床房（喜臨門床墊深度睡眠+智能馬桶）:HK$161', '途享雙床房（喜臨門床墊深度睡眠+智能馬桶）:HK$171', '途享大床房（喜臨門床墊深度睡眠+智能馬桶）:HK$185', '途奢大床房（百寸巨幕投影+智能客控+智能馬桶）:HK$206']"
三明五一大酒店,8.3,"['商務大床房:HK$176', '商務雙床房:HK$182', '精品大床房:HK$195', '精品雙床房:HK$195']"
沙縣明城新城酒店,9.1,"['標準大床房:HK$309', '標準雙床房:HK$342', '行政套房:HK$694', '豪華套房:HK$1,067', '親子雙床房:HK$?']"
三明列西賓館（三鋼大數據中心店）,9.5,"['舒適雙床房:HK$205', '舒適大床房:HK$219', '豪華雙床房:HK$234', '豪華大床房:HK$248']"
文星民宿,9.2,"['202奶油侘寂風小屋:HK$192', '201侘寂風小居（帶露台）:HK$195', '302侘寂風小宿（帶陽台）:HK$223', '301侘寂風小屋（帶陽台）:HK$231']"
三明明城丹蓉酒店,9.0,"['標準雙床房:HK$242', '標準大床房:HK$242', '豪華雙床房:HK$335', '豪華大床房:HK$347']"
十里平流曉出民宿（羅家巷店）,9.8,"['簡約榻榻米房:HK$204', '陽光榻榻米房:HK$214', '雅緻雙床房:HK$224', '主題大床房:HK$232']"
好莉來花園酒店（三明萬達店）,9.1,"['經濟大床房:HK$228', '經濟雙床房:HK$228', '温馨大床房:HK$235', '温馨雙床房:HK$235']"
三明明城台江酒店,9.0,"['商務大床房:HK$224', '特惠標準雙床房:HK$235', '特惠標準大床房:HK$291', '商務雙床房:HK$318', '親子房（無窗）:HK$320']"
三明吉麗酒店（萬達廣場店）,8.7,"['商務標間:HK$150', '商務單間:HK$158', '復古標間:HK$176', '復古單間:HK$185']"
三明君悦大酒店,8.1,"['特價雙床房:HK$153', '標準大床房:HK$176', '標準雙床房:HK$176', '豪華雙床房:HK$190']"
沙縣金立國際酒店,8.1,"['向陽雙床房:HK$254', '向陽大床房:HK$254', '行政湖景大床房（落地窗）:HK$294', '行政湖景雙床房（落地窗）:HK$294', '行政湖景套房（看夕陽，高層落地窗）:HK$453']"
華盛精品酒店,8.8,"['精品雙人房:HK$292', '精品單人間:HK$293', '行政雙人房:HK$325', '行政單人房:HK$345']"
三明尊和客棧（沙縣小吃文化城店）,8.8,"['特惠雙床房:HK$187', '樂享雙床房:HK$194', '樂享大床房:HK$236', '舒適大床房:HK$238']"
鑫王子公寓（沙縣步行街店）,9.9,"['舒適大床房:HK$134', '豪華大床房:HK$141', '温馨雙床房:HK$155']"
