酒店名称,评分,房型价格列表
豪美優程酒店 HAO MEI YOU CHENG HOTEL（上海國際旅遊度假區店）,9.5,"['樂享投影大床【AMX當貝百寸投影●亞朵款床墊●Economy】:HK$262', '輕享投影標準間【AMX當貝百寸投影●亞朵款床墊●暗窗】:HK$284', '精品投影大床房【AMX當貝百寸投影●亞朵款床墊●大窗】:HK$306', '親子投影大床主題房【AMX當貝百寸投影●亞朵款床墊】:HK$328']"
維也納酒店（上海寶山淞濱路地鐵站店）,9.3,"['標準大床房:HK$246', '商務大床房:HK$263', '商務雙床房:HK$269']"
素居酒店式公寓（周浦萬達店）,9.5,"['高級公寓房（冰箱+廚房+洗衣機+微波爐）:HK$293', '豪華景觀房（冰箱+廚房+洗衣機）:HK$293', '超大投影景觀房（冰箱+廚房+洗烘一體機+極米智能投影）:HK$315', '豪華雙床房（冰箱+廚房+洗衣機+微波爐）:HK$370']"
上海迪米舍輕奢酒店,9.5,"['高級大床房:HK$273', '輕奢雙床房:HK$285', '高級雙床房:HK$319', '陽光高級親子房:HK$339']"
金澤蘭酒店（外高橋荷蘭風情小鎮店）,9.5,"['影音大床房:HK$276', '高級大床房:HK$306', '豪華湖景大床房:HK$348', '豪華湖景雙床房:HK$408']"
偉樽酒店（上海虹橋火車站國家會展中心店）,9.2,"['玲瓏房:HK$191', '雙床房（內窗）:HK$202', '偉樽大床房:HK$223', '偉樽雙床房:HK$234']"
錦江之星風尚（上海浦東機場鎮店）,9.0,"['雙人房A:HK$226', '商務房B:HK$239', '標準房B:HK$250', '商務房A:HK$262']"
呈岸酒店（上海周浦康橋店）,9.7,"['智能舒適大床房（小米智能客控）:HK$215', '智能商務大床房（小米智能客控）:HK$228', '智能高級雙床房（小米智能客控）:HK$240', '智能精選大床房（小米智能客控）:HK$240']"
澄廬·和酒店（上海嘉定新城店）,8.9,"['特價大床房A:HK$172', '優選大床房A:HK$175', '優選大床房B:HK$177', '特價大床房B:HK$180']"
璞爵國際酒店（上海中山公園地鐵站店）,9.1,"['四季小築大床房（無窗）:HK$320', '商務大床房:HK$431', '商務雙床房:HK$453', '親子家庭房:HK$471']"
兩個土荳酒店（上海陸家嘴浦東大道店）,9.1,"['特惠大床房:HK$279', '商務大床房:HK$315', '豪華大床房:HK$352', '豪華雙床房:HK$388']"
麗怡酒店（上海火車站店）,9.5,"['豪華大床房:HK$421', '豪華雙床房:HK$438', '商務大床間:HK$466', '商務雙床房:HK$492', '臻禮大床房:HK$537']"
上海朗悅茗酒店（二號線川沙地鐵站店）,9.3,"['大床房（獨立洗衣機）:HK$196', '豪華大床房（獨立洗衣機）:HK$207', '普通標準房（獨立洗衣機）:HK$207', '家庭三人間（獨立洗衣機）:HK$218']"
上海星鑫假日酒店,9.0,"['高級大床房:HK$253', '商務大床房:HK$323']"
尖微空間藝術酒店（上海陸家浜路地鐵站店）,8.8,"['特惠房:HK$262', '輕奢大床房:HK$276', '掠影大床房:HK$312', '輕奢觀影大床房:HK$326']"
上海圓谷民宿,8.5,"['美式大床房:HK$182', 'A棟雅緻大床房:HK$213', 'A棟園景親子房:HK$236', 'A棟雅院精品大床房:HK$249']"
智仁商旅酒店（上海曹楊路地鐵站店）,9.3,"['商務大床房:HK$273', '商旅商務大床房:HK$295', '商務標準雙床房:HK$317', '商旅高級大床房:HK$339']"
船長五號青年酒店（上海陸家嘴浦電路地鐵站店）,8.9,"['千帆大床房:HK$300', '千帆雙床房:HK$327']"
如家華驛酒店（上海大場鎮地鐵站店）,8.3,"['商務大床房:HK$164', '特惠雙床房:HK$164', '雙床房:HK$173', '特惠大床房:HK$235']"
和頤至尊酒店（上海人民廣場南京路步行街店）,9.4,"['大床房A（手機投屏+迷你吧）:HK$641', '大床房（手機投屏+迷你吧）:HK$678', '商務大床房（手機投屏+迷你吧）:HK$725', '零壓大床房（手機投屏+迷你吧）:HK$743', '景觀大床房（手機投屏+迷你吧）:HK$743']"
白玉蘭酒店（上海浦東國際機場店）,9.3,"['靜逸大床房:HK$227', '舒雅雙床房:HK$242', '舒雅大床房:HK$242', '靜雅雙床房:HK$266']"
宜思尚品酒店（上海虹橋合川路店）,9.4,"['悦享大床房:HK$261', '森林氧吧·悦奢大床房（舒適睡眠+智能馬桶）:HK$305', '森林氧吧·悦奢雙床房（舒適睡眠+智能馬桶）:HK$327', '森林氧吧·悦奢家庭房（舒適睡眠+智能馬桶）:HK$392']"
From·Y譯禾居酒店（上海南翔印象城陳翔公路地鐵站店）,9.4,"['治癒睡眠大床房【手機投屏+零壓床墊+智能客控】:HK$282', '私享大床房【手機投屏+零壓床墊+智能客控】:HK$310', '巨幕投影房【4K高清+手機投屏+騰訊會員+智能客控】:HK$310', '甜睡雙床房【手機投屏+零壓床墊+智能客控】:HK$338']"
君心酒店（上海安亭地鐵站店）,9.8,"['特價大床房（手機投屏）:HK$272', '精緻大床房（手機投屏）:HK$336', '精緻雙床房（手機投屏）:HK$349', '家庭房（手機投屏）:HK$383']"
上海溢喜小院（上海浦東機場店）,9.4,"['標準雙床房:HK$339', '標準大床房:HK$353', '豪華雙床房:HK$389', '豪華大床房:HK$389']"
如家酒店·neo（上海浦東機場核心區東站店）,9.5,"['商務大床房A:HK$281', '大床房:HK$289', '商務大床房:HK$315', '雙床房:HK$323']"
上海·譯禾居｜Eastern·Culture設計酒店（浦江鎮浦航路地鐵店）,9.3,"['巨幕投影房【手機投屏+4K高清+極光視頻】:HK$209', '治癒大床房【手機投屏+零壓床墊+智能客控】:HK$209', '奇遇大床房【手機投屏+零壓床墊+智能客控】:HK$221', '私享大床房【手機投屏+零壓床墊+智能客控】:HK$232']"
白玉蘭酒店（上海吳淞國際郵輪寶楊路店）,9.6,"['輕雅大床房:HK$269', '輕雅雙床房:HK$269', '靜雅大床房:HK$296', '靜雅雙床房:HK$296']"
漢庭酒店（上海桃浦新村地鐵站店）,9.5,"['大床房（手機投屏）:HK$321', '高級大床房（手機投屏）:HK$341', '雙床房（手機投屏）:HK$359', '家庭房（手機投屏）:HK$369']"
青季酒店MINI（上海普陀華師大蘭溪路店）,9.2,"['青馨單人房（舒睡床品+速幹吹風機+酒店公區提供洗衣房）:HK$206', '青馨大床房（舒睡床品+速幹吹風機+酒店公區提供洗衣房）:HK$229', '青雅大床房（舒睡床品+速幹吹風機+酒店公區提供洗衣房）:HK$234', '青奢大床房（舒睡床品+速幹吹風機+酒店公區提供洗衣房）:HK$255']"
客堂澗公寓酒店（上海虹橋機場合川路店）,8.5,"['簡裝公寓房（內窗）:HK$191', '特惠大床房「新風系統+舒適床品+速幹吹風機」:HK$215', '優選大床房（小窗）「舒適床品+速幹吹風機」:HK$245', '優選大床房「舒適床品+速幹吹風機」:HK$275']"
baseLITE佰舍服務式公寓（上海五角場黃興公園地鐵站店）,9.1,"['特價房（小冰箱）:HK$261', '標準單間居室（明窗+小冰箱）:HK$305', '精品單間居室（明窗+小冰箱）:HK$348', '臻選單間居室（明窗+小冰箱）:HK$381']"
金侖酒店（上海虹橋火車站國家會展中心店）,9.2,"['標準雙床房:HK$273', '標準大床房:HK$286', '高級雙床房:HK$313', '高級大床房:HK$326']"
宜必思酒店（上海世博東明路地鐵站店）,9.5,"['大床房:HK$431', '高級大床房:HK$440', '特價雙床房:HK$458', '雙床房:HK$478']"
麥新格精品酒店（上海陸家嘴源深路地鐵站店）,9.5,"['精品雙床房:HK$502', '精品大床房:HK$502', '舒適大床房:HK$524', '商務大床房:HK$546', '豪華親子房:HK$611']"
財富智軒酒店（上海虹口足球場店）,9.0,"['優選大床房:HK$350', '優選雙床房:HK$372', '智軒大床房:HK$406', '智軒豪華大床房:HK$418']"
雲和夜泊酒店（上海浦東國際機場店）,9.7,"['惠享大床房:HK$413', '惠享雙床房:HK$413', '夜泊大床房:HK$435', '夜泊雙床房:HK$435', '雲和大床房:HK$457']"
如季精選酒店（上海周浦萬達廣場店）,9.2,"['大床房:HK$269', '商務大床房:HK$287']"
莫西利華酒店（上海浦江仁濟醫院南院店）,9.6,"['精緻大床房:HK$180', '豪華大床房:HK$231', '標準雙床房:HK$247', '豪華一室一廳套房:HK$268']"
偉樽精品酒店（上海虹橋機場國家會展中心店）,9.2,"['舒適雙床房:HK$173', '舒適大床房:HK$184', '商務大床房:HK$217', '商務雙床房:HK$217']"
如家酒店·neo（上海虹橋機場滬青平公路店）,9.4,"['大床房A:HK$236', '商務大床房A:HK$254', '商務大床房:HK$281', '雙床房A:HK$281']"
柏曼酒店（上海虹橋火車站國展中心店）,8.8,"['標準大床房:HK$221', '標準雙床房:HK$244', '高級大床房:HK$259', '高級雙床房:HK$267']"
上海周浦萬達桔子水晶酒店（繁榮路地鐵站店）,9.6,"['水晶豪華大床房:HK$459', '豪華榻榻米大床房:HK$490', '荷塘月色親子房:HK$497', '豪華雙床房:HK$513', '商務大床房:HK$520']"
漢庭酒店（上海嘉定新城馬陸店）,9.4,"['大床房:HK$246', '高級雙床房:HK$255', '高級大床房:HK$258', '套房:HK$293']"
如家酒店·neo（上海浦江鎮閔瑞路地鐵站店）,9.7,"['大床房:HK$272', '商務大床房:HK$290', '雙床房:HK$290', '安心睡大床房:HK$318']"
興都酒店（上海松江北站店）,9.6,"['雅尚大床房（全景落地窗-負離子吹風機-手機投屏）:HK$262', '輕奢大床房（全屋智能-功夫茶具-65寸電視可手機投屏）:HK$290', '90度全視野雙床房（全景落地窗+舒適沙發）:HK$318', '90度全視野大床房（全景落地窗-全屋智能-舒適沙發 ）:HK$323']"
麥新格國際酒店（周浦地鐵站店）,9.7,"['豪華大床房:HK$481', '豪華雙床房:HK$509', '豪華家庭房:HK$537', '親子房:HK$607']"
嗨森精品酒店（上海五角場店）,8.4,"['大床房（無窗）:HK$191', '雙床房:HK$204', '高級大床房:HK$221', '高級雙床房:HK$234']"
上海虹橋機場漕河涇美居酒店,9.6,"['高級房-大床（獨立冰箱+金可兒床墊）:HK$491', '高級房-雙床（獨立冰箱+金可兒床墊）:HK$491', '豪華房-大床（獨立冰箱+落地窗+金可兒床墊）:HK$520', '豪華房-雙床（獨立冰箱+落地窗+金可兒床墊）:HK$520', '嘉賓房-大床（獨立冰箱+浴袍+金可兒床墊）:HK$568']"
如家商旅酒店（上海奉賢南橋百聯購物中心店）,9.6,"['商務大床房A:HK$316', '雙床房A:HK$324', '商務大床房:HK$333', '雙床房:HK$333']"
