酒店名称,评分,房型价格列表
九江快樂城長江大道亞朵酒店,9.7,"['高級大床房（Mini小冰箱+慢回彈記憶枕+智能家居）:HK$333', '高級雙床房（Mini小冰箱+慢回彈記憶枕+智能家居）:HK$341', '行政大床房（Mini小冰箱+慢回彈記憶枕+智能家居）:HK$359', '行政雙床房（Mini小冰箱+慢回彈記憶枕+智能家居）:HK$367', '幾木城景大床房（Mini冰箱+裸棉床品&深睡枕pro+智控）:HK$385']"
九江潯陽麥谷善邸酒店,9.6,"['靜園 | 大床房:HK$278', '靜園 | 雙床房:HK$308', '南湖丨湖景大床房:HK$308', '靜園 | 家庭雙床房:HK$308', '靜園 | 巨幕大床房:HK$337']"
亦泊雲溪酒店（十里大道九江學院店）,9.9,"['Garden┃城景園林大床房（零壓床墊+園林夜景+小度語音）:HK$229', 'Garden┃城景園林雙床房（安心熟睡+園林夜景+智能客控）:HK$268', 'Garden┃行政山景大床房（遠眺山景+睡眠系統+智能客控）:HK$268', 'Garden┃巨幕投影雙床房（MAX巨幕+智能水壓+浪鯨衞浴）:HK$331', 'Garden┃稚趣童享親子房（零壓床墊+園林夜景+小度語音）:HK$357']"
天海鉑塘酒店（九江八里湖新區體育中心店）,9.5,"['柏美大床房（乳膠記憶床墊+智能客控+65寸電視投屏）:HK$238', '柏雅城景高級雙床房（乳膠床墊+65寸電視投屏+辦公桌）:HK$238', '悦影巨幕影視大床房（百寸投影+乳膠床墊+智能客控）:HK$262', '柏靜雙床房（遠眺LU山風景+乳膠床墊+超大空間+辦公會客區）:HK$271', '柏悦家庭房（獨立衣櫥+休閑沙發）:HK$355']"
九江濂溪開元名都酒店,9.7,"['開元大床房:HK$694', '開元雙床房:HK$749', '豪華園景大床房（陽台+鞦韆吊椅）:HK$793', '豪華雙床房（陽台+鞦韆吊椅）:HK$847', '行政大床房（超大浴缸）:HK$869', '豪華園景親子房:HK$935']"
桔子酒店（九江火車站店）,9.7,"['月若流金大床房:HK$295', '月若流金高級大床房:HK$325', '月若流金雙床房:HK$355', '加州陽光高級大床房:HK$355', '月若流金豪華大床房:HK$386']"
廬山蓮花台花園度假酒店,9.6,"['攬翠·悠然大床房｜雲澗凈衞私享山湖景·乾濕分離:HK$468', '枕林·山景雙床房｜嵐霧浣塵·私享山景·乾濕分離:HK$483', '映水·湖景雙床房｜鏡波浣露·私享湖景·乾濕分離:HK$519', '靜棲·行政湖景雙床房+深睡枕PRO+徠芬吹風機+冰吧:HK$597', '依雲·行政湖景大床房+深睡枕PRO+徠芬吹風機+冰吧:HK$597']"
九江遠洲逸廷酒店,9.2,"['廷享雙床房:HK$350', '廷享湖景大床房:HK$350', '廷享湖景雙床房:HK$350', '廷悦大床房:HK$392', '廷悦雙床房:HK$392']"
雲上洲際酒店（九江火車站廬山風景區店）,9.5,"['悦景丨慕斯大床房（乳膠床墊+全景視覺+65寸電視投屏）:HK$196', '全景丨臻選大床房（遠眺山景+智能家居+65寸電視投屏）:HK$207', '悦景丨慕斯雙床房（辦公桌+乳膠床墊+65寸電視投屏）:HK$213', '全景丨臻選雙床房（遠眺廬山+智能家居+65寸電視投屏）:HK$216', '智選丨巨幕影院大床房（高清視效+休閑沙發+無線投屏）:HK$268']"
九江長虹大道希爾頓歡朋酒店,9.7,"['舒適雙床房:HK$392', '舒適大床房:HK$392', '高級大床房:HK$414', '高級雙床房:HK$414', '豪華大床房-專屬小冰箱:HK$480']"
般藍酒店（九江火車站萬達廣場店）,9.7,"['臻享·城景大床房（獨享私密空間+65寸高清可投屏電視+慕思床墊）:HK$260', '悦心·精選大床房（科勒潔具+慕思床墊+智能家居）:HK$315', '靜心·豪華大床房（智能家居+迷你小冰箱）:HK$348', '靜心·豪華雙床房（智能家居+辦公桌+茶台）:HK$369', '潔雅·臻選豪華大床房（愛奇藝會員+慕思床墊+科勒潔具）:HK$369']"
九江火車站長虹大道亞朵酒店,9.6,"['高級大床房（裸棉床品+小度智控+手機投屏）:HK$314', '高級雙床房（裸棉床品+小度智控+手機投屏）:HK$332', '行政大床房（裸棉床品+小度智控+手機投屏）:HK$332', '幾木大床房（裸棉床品+小度智控+手機投屏+小冰箱）:HK$350', '幾木雙床房（裸棉床品+小度智控+手機投屏+小冰箱）:HK$367']"
九江信華建國酒店,9.5,"['商務大床房:HK$402', '商務雙床房:HK$413', '江景雙床房:HK$533', '江景大床房:HK$544', '智眠房:HK$544', '豪華雙床間:HK$577']"
九江嘉萊特精選酒店（八里湖外國語學校店）,9.6,"['遠山 | 雙床房（户型方正+全屋智控+遠眺廬山）:HK$305', '精選 | 大床房:HK$316', '精選 | 雙床房:HK$316', '遼闊 | 家庭房（特大床+全屋智控+65寸彩電）:HK$360', '歡樂 | 小童房:HK$392']"
廬山碧龍潭·舍精品民宿,9.8,"['日午·標準大床房:HK$391', '日正·標準雙床房:HK$402', '日生·園景大床房:HK$402', '豪華大床房:HK$435', '日始·高級大床房:HK$435']"
花築·廬山枕泉居度假村（三疊泉瀑布店）,9.9,"['西樓豪華榻榻米觀景雙床房+山景+日式榻榻米+智能馬桶:HK$578', '如棲豪華觀景親子房+智能客控+智能鏡+中央空調:HK$615', '棲遲觀景親子房+智能客控+陽台+山景+躺椅:HK$725', '雲舍觀景親子房+陽台+智能客控+山景+躺椅:HK$725', '浮雲觀景陽台大床房+智能客控+陽台+山景+舒適躺椅:HK$725']"
九江LEJNN酈瑾酒店（九江火車站大中路步行街店）,9.5,"['墨軒∥雙床房『大落地窗+大面積+自動窗簾+60寸4k電視』:HK$182', '雅舍||大床房『0壓床墊|羽絨枕|舒適好眠|小而美』:HK$193', '墨軒∥大床房『大落地窗+大面積+自動窗簾+60寸4k電視』:HK$205', '帳篷營地∥探險房『零壓床墊|獨享50°大空間|電動窗簾』:HK$227', '茶隱∥投影MAX雙床房【零壓床墊|100寸巨幕|50°大面積】:HK$227']"
九江百嘉洲際酒店（潯陽樓大中路步行街店）,9.1,"['百悦•舒適大床房「高織親膚布草+精緻睡眠」:HK$195', '百悦•舒適雙床房「高織親膚布草+精緻睡眠」:HK$195', '嘉悦•商務雙床房「品質深睡床墊+凈心好眠」:HK$218', '嘉悦•商務大床房「品質深睡床墊+凈心好眠」:HK$218', '鉑雅•高級雙床房「觀城市煙火+乾濕分區」:HK$262']"
天海柏唐酒店（九江火車站廬山大道店）,9.4,"['城悦·智選大床房『舒眠床品｜靜謐空間』:HK$182', '城悦·智選雙床房『乾濕分離｜電視投屏』:HK$182', '城韻·覽景大床房『180°全景｜智能馬桶』:HK$194', '城逸·智享大床房『新風系統｜卧式沙發』:HK$230', '城韻·覽景雙床房『180°全景｜商務辦公桌』:HK$247']"
廬山開元名庭度假酒店,9.6,"['特惠雙床房 | 無窗 | 舒睡床墊:HK$430', '園景大床房 | 舒適床墊:HK$451', '開元大床房 | 舒適床墊:HK$473', '山居雙床房 | 可控地暖:HK$484', '棋牌大床房 | 樂享棋趣:HK$506']"
九江八里湖希爾頓歡朋酒店,9.7,"['舒適大床房:HK$371', '舒適湖景大床房:HK$414', '靜享高級雙床房:HK$436', '城市園景大床房:HK$436', '荷里活超大床房:HK$491']"
悅兮湖大酒店（九江市體育中心八里湖新區店）,9.4,"['星塵•雲端大床房|乾濕分離|高空視角|大空間:HK$239', '星塵•天際雙床房|雙重隔音|高空賞景|輕辦公:HK$239', '180°湖幕•雲霄大床房|中央空調|俯視湖景|一線湖景:HK$261', '180°湖幕•凌空雙床房|中央空調|俯視湖景|一線湖景:HK$261', '觀瀾•雲境大床房|高層觀瀾|高空全景|Urban Oasis:HK$305']"
榮華建國酒店（九江學院十里萬達店）,9.5,"['商務大床房:HK$305', '商務雙床房:HK$316', '甄選豪華雙床房:HK$349', '商務景觀大床房:HK$360', '夢幻主題親子房:HK$390']"
潯•陽︱Grandioso•Academia•歡悅MAX酒店（九江站九江學院店）,9.4,"['潯陽樓•投影玲瓏大床房|高定床品|恆温空調|零壓床墊:HK$197', '鎖江樓•巨幕零壓大床房|智能客控|卧式沙發|乾濕分離:HK$209', '煙水亭•巨幕零壓雙床房|多重隔音|恆温馬桶|大空間:HK$209', '甘棠湖•巨幕娛樂大床房|電動麻將桌|智能客控:HK$221', '天花井•巨幕榻榻米大床房|激光投影|超大幕布|舒適空間:HK$231']"
芳蘭湖開元名庭酒店（九江之夜景區店）,9.7,"['開元大床房（寬敞空間+超大浴缸+智能馬桶）:HK$446', '豪華大床房（寬敞空間+落地窗+超大浴缸）:HK$498', '豪華雙床房（浴缸+智能馬桶+獨立衣帽間）:HK$498', '豪華園景大床房（房間都帶浴缸+智能馬桶）:HK$553', '豪華園景雙床房（獨立衣帽間+浴缸+智能馬桶）:HK$553', '豪華湖景大床房（山水湖景+露天陽台+智能馬桶）:HK$608']"
廬隱酒店（九江火車站廣場店）,9.7,"['雲廬·優選大床房（夢百合床墊+記憶枕助好眠）:HK$221', '雲廬·優選雙床房（夢百合床墊+智能衞浴）:HK$240', '雲隱·精選大床房:HK$249', '雲隱·精選雙床房（夢百合床墊+記憶枕助好眠）:HK$277']"
溪客民宿（東林寺店）,9.6,"['叁拾壹丨畔山日式榻榻米房:HK$359', '叁拾貳丨田園臨溪大床房:HK$424', '叁拾陸丨全景露台大床房:HK$435', '叁拾伍丨棲山雙床套房:HK$501', '貳拾叁丨田園浴缸大床房:HK$501']"
曙光鉑悦酒店（廬山牯嶺街店）,9.4,"['悦享•特惠雙床房:HK$606', '悦享•特惠大床房:HK$606', '山城•輕奢雙床房:HK$637', '如初•尊享雙床房:HK$715', '如初•尊享大床房:HK$715', '暮雲•觀景雙床房:HK$824']"
CityWalk●柏唐｜潯城美學設計師●慕酒店（九江火車站聯盛快樂城店）,9.5,"['City┃霧漫觀景大床房【璀璨夜景+小度智控+MINI冰箱】:HK$293', 'City┃霧漫觀景雙床房【智能客控+0壓床墊+恆温馬桶】:HK$293', 'Dream┃悦夢舒眠大床房【恆壓淋浴+都市夜景+小度智控】:HK$314', 'Max┃行止觀影大床房【高清巨幕+手機投屏+深度好眠】:HK$328', 'Joy┃雀悦娛樂麻將房【獨立棋牌房+空氣凈化機+MINI吧】:HK$328']"
全季酒店（九江廬山高鐵站店）,9.6,"['高級大床房:HK$284', '商務大床房:HK$302', '雙床房:HK$321', '景觀大床房:HK$321']"
花築·廬山大路王山莊民宿（廬山索道東林寺店）,9.6,"['花語複式大床房（帶户外小院）:HK$369', '清風豪華舒適標間:HK$426', '明月豪華舒適標間:HK$426', '暮霞帶搖搖椅豪華標間:HK$451']"
九江遠洲喜來登酒店,9.6,"['豪華雙床房:HK$752', '豪華大床房:HK$752', '豪華湖景大床房:HK$785', '尊享大床房:HK$818', '尊享湖景大床房:HK$850', '行政大床房:HK$1,080']"
九江樂態莊園民宿（廬山索道東林寺店）,9.6,"['浮雲大床房·山景氧吧:HK$220', '白雲全景大床房·超大浴缸:HK$507', '雲夢庭院大床房·陽台山景:HK$572', '陽台院景温馨大床房:HK$594']"
格麗酒店（九江火車站廬山大道店）,9.7,"['大床房「智能客控+辦公區+私享定製床墊」:HK$204', '高級大床房「智能客控+辦公區+私享定製床墊」:HK$216', '高級雙床房「智能客控+辦公區+私享定製床墊」:HK$216', '智能大床房「智能客控+城景視野+私享定製床墊」:HK$251']"
如家精選酒店（九江學院萬達廣場店）,9.8,"['高級大床房:HK$211', '雙床房:HK$227', '景觀大床房（夢百合床墊+智能客控+城景）:HK$235', '景觀雙床房（夢百合床墊+山景）:HK$251']"
東林開元名庭酒店（廬山索道店）,9.3,"['伍號|臻選開元雙床房【獨立辦公+安靜入眠+開門見山】:HK$509', '伍號丨見山舒適開元大床房【遠眺廬山+日出東方+森林氧吧】:HK$542', '零壓豪華雙床房【零壓床墊+新中式風格+落日餘暉】:HK$575', '零壓豪華大床房【零壓床墊+落地飄窗+超美山景】:HK$608', '捌號丨禪意靜享雙床房【零壓床墊+禪意國風+遠眺廬山】:HK$621']"
皇庭四季酒店（九江火車站店）,9.4,"['零壓豪華大床房【零壓床墊+科勒衞浴+絕美市景】:HK$209', '零壓豪華雙床房【零壓床墊+辦公桌椅+中央熱水】:HK$222', '四季精選大床房【功夫禪茶+零壓床墊+270°市景】:HK$225', '行政靜享雙床房【辦公桌椅+零壓床墊+中央熱水】:HK$228', '家庭親子房（零壓床墊+科勒衞浴）:HK$300']"
廬山雲濂酒店（牯嶺街索道上站台店）,9.7,"['星空雙床房丨【天幕閣頂】:HK$612', '濂·温馨標間 【小度智能+除濕機】:HK$698', '濂·雅緻雙床房 【天燃氣水暖，地暖+智能客控+乳膠床墊】:HK$842', '精緻大床房丨【小度智能+除濕機】:HK$842', '濂·語熙高級雙床房【天燃氣水暖，地暖+乳膠床墊+智能客控】:HK$1,028']"
晨楓酒店（九江學院十里大道店）,9.4,"['巨幕┃夢甜大床房（智能客控+安心熟睡+騰訊極光VIP）:HK$225', '巨幕LOFT┃雅緻大床房（暢快觀影＋休閑沙發+複式雙層）:HK$238', '巨幕LOFT┃雅緻雙床房（暢快觀影＋休閑沙發+複式雙層）:HK$238', '巨幕┃怡致大床房（大型落地窗+智能客控+騰訊極光VIP）:HK$269', '浮生┃精緻大床房（智能客控+喜臨門床墊+騰訊極光VIP）:HK$293']"
全季酒店（九江廬山站中華賢母園店）,9.5,"['高級大床房:HK$281', '商務大床房:HK$299', '高級雙床房:HK$318', '家庭房:HK$355']"
全季酒店（九江火車站廣場店）,9.6,"['大床房:HK$281', '高級大床房:HK$309', '雙床房:HK$309', '舒壓雙床房:HK$337']"
九江九龍雲境酒店（八里湖新區店）,9.6,"['雲溪·榻榻米超大床房【落地全景+零壓床墊+全屋智控】:HK$190', '雲舒·小度智控雙床房【全屋智控+零壓床墊+乾濕分離】:HK$190', '雲舒·小度智控大床房【全屋智控+乾濕分離+零壓床墊】:HK$198', '雲逸·祕密花園圓床房【電動床墊+全屋智控+MINI冰箱】:HK$198', '雲享·江景零壓大床房【高空景觀+全屋智控+乳膠床墊】:HK$205']"
花築奢·銀河谷民宿（廬山風景名勝區秀峯景區店）,9.9,"['夏花大床房（獨立小院+山景露台+箭牌智能馬桶）:HK$652', '朝沐大床房（獨立小院+山景露台+箭牌智能馬桶）:HK$652', '星河雙床房（全景落地窗+助眠乳膠枕+深睡護脊床墊）:HK$690', '繁間雙床房（全景落地窗+助眠乳膠枕+深睡護脊床墊）:HK$690', '花澗雙床房（全景落地窗+助眠乳膠枕+深睡護脊床墊）:HK$726']"
希岸酒店（九江廬山高鐵站店）,9.6,"['希岸大床房:HK$262', '希岸雅緻房:HK$270', '希岸高級雙床房:HK$286', '希岸豪華大床房:HK$302']"
九江廬山通遠驛雲境酒店（廬山風景區南門店）,9.5,"['伴山-清幽智控大床房【全屋智控+科勒衞浴+亞朵床墊+乾濕分離】:HK$612', '伴山-清幽智控雙床房【全屋智控+休閑浴缸+亞朵床墊+乾濕分離】:HK$612', '伴山-園景浴缸家庭房【全屋智能+亞朵床墊】:HK$680', '伴山-山景浴缸家庭房【智能客控+亞朵床墊】:HK$749', '花徑-山景智控家庭房【全屋智控+亞朵床墊+乳膠頭枕】:HK$818', '花徑-山景浴缸家庭房【獨立陽台+休閑浴缸+全屋智控+亞朵床墊】:HK$887']"
廬山牯嶺觀雲漫心府,9.7,"['心怡標準大床房（無線投屏+mini冰箱+絲漣深睡床墊）:HK$935', '心悦高級大床房（無線投屏+mini冰箱+絲漣深睡床墊）:HK$965', '心悦高級雙床房（mini冰箱+無線投屏+絲漣深睡床墊）:HK$995', '心享豪華大床房（無線投屏+mini冰箱+絲漣深睡床墊）:HK$1,015', '心享豪華雙床房（無線投屏+mini冰箱+絲漣深睡床墊）:HK$1,025']"
祥生馨逸酒店（聯盛快樂城八里湖店）,9.6,"['浪漫浴缸圓床房:HK$186', '高級雙床房:HK$186', '高級大床房:HK$186', '高級商務雙床房:HK$235']"
麗怡酒店（九江八里湖國際汽車城店）,9.7,"['豪華大床房:HK$258', '豪華雙床房:HK$268', '商務大床房:HK$286', '商務雙床房:HK$296', '湖景大床房（八里湖湖景）:HK$325']"
你好酒店（九江火車站店）,9.7,"['高級特大床房:HK$207', '高級雙床房:HK$218', '豪華大床房:HK$236', '家庭房:HK$255']"
嘉豪國際酒店（九江火車站店）,9.4,"['城景雙床房（商旅優選）:HK$313', '城景大床房（休閑躺椅）:HK$321', '娛樂休閑套房:HK$398', '雅緻雙床房:HK$398', '親子家庭套房:HK$481']"
