酒店名称,评分,房型价格列表
伊春天華宏都賓館,8.8,"['舒適大床房:HK$468', '雅緻雙床房:HK$525', '雅緻大床房:HK$525', '豪華商務標準房:HK$629', '家庭套房:HK$708']"
漫庭酒店（興安國家森林公園店）,9.9,"['大床房:HK$632', '標準雙床房:HK$642', '舒適雙床房:HK$645', '麻將大床房:HK$658']"
雨霖伴山酒店（水上公園店）,9.4,"['伴山丨舒適雙床房（無聲智控＋零壓睡眠）:HK$877', '伴山丨舒適大床房（無聲智控＋零壓睡眠）:HK$885', '伴山丨高級大床房（山景視野＋靜謐悠然）:HK$911', '伴山丨高級雙床房（山景視野＋靜謐悠然）:HK$911']"
伊春天華御景商務酒店,8.7,"['舒適大床房:HK$382', '御景商務雙床房:HK$535', '御景商務大床房:HK$535']"
青庭別院,9.4,"['1號獨棟木屋精選家庭房:HK$643', '2號獨棟木屋温馨家庭房:HK$720', '3號獨棟木屋園景家庭房:HK$721', '5號獨棟木屋陽光雙床房:HK$721']"
漢庭酒店（伊春卓悦萬象城北山公園店）,9.5,"['高級大床房:HK$665', '雙床房:HK$776', '家庭房:HK$832', '套房:HK$898']"
伊春松林裏客棧,9.4,"['尊享零壓智慧大床房（地台床）:HK$703', '尊享零壓智慧大床房（懸浮床）:HK$761', '尊享零壓智能雙床房（零壓床墊）:HK$832', '尊享零壓高級智慧家庭房（零壓床墊）:HK$879']"
派·酒店（伊春青山大街店）,8.2,"['特惠大床房（無窗）:HK$366', '商務大床房:HK$411', '商務標準間:HK$424', '商務三人間丨山景:HK$579']"
依山小院,9.0,"['特價大床房（無空調）:HK$242', '標準雙床房:HK$332', '標準大床房:HK$386', '舒適雙床房:HK$386']"
山水間民宿,9.5,"['標準雙床房:HK$578', '踏踏米房:HK$578', '家庭房:HK$869', '家庭套房:HK$1,366']"
伊春華言精品酒店,8.6,"['舒適大床房:HK$373', '舒適雙床房:HK$386', '家庭房:HK$411', '豪華套房:HK$1,028']"
頤美酒店（伊春林業學校市中心醫院店）,9.1,"['高級雙床房（智能客控+ 投屏65寸大電視+智能馬桶 ）:HK$727', '豪華大床房-零壓床墊記憶枕+投屏65寸大電視+智能馬桶:HK$849', '麻將大床房（智能客控+ 投屏65寸大電視+智能馬桶 ）:HK$1,033', '豪華雙床房-零壓床墊記憶枕+投屏65寸大電視+智能馬桶:HK$1,217']"
伊春城茂國錦酒店,9.2,"['清雅雙床房:HK$639', '清雅大床房:HK$658', '尊享商務山景套房:HK$1,949', '尊享豪華山景套房:HK$2,172']"
伊春四合院民宿,9.1,"['標準雙人房:HK$446', '吉祥如意雙床房:HK$539', '四喜同來雙床房:HK$632', '舒適三人間:HK$632']"
愛米智家公寓,9.6,"['樺韻503藍色電動大床房:HK$178', '馨園102水墨蘭亭大床房:HK$178', '馨園403粉黛佳人大床房:HK$178', '馨園103橙黃橘綠大床房:HK$178']"
伊春新昊商務酒店,8.0,"['特價標間:HK$332', '特價標準間:HK$332', '松韻標間:HK$602', '松韻大床:HK$602', '尊享商務標間:HK$731']"
伊春新謙酒店,8.7,"['靜謐雙床房（全屋智能）:HK$929', '靜謐大床房（全屋智能）:HK$929', '觀山大床房（全屋智能）:HK$1,038', '觀山雙床房（全屋智能）:HK$1,038', '觀山家庭房（全屋智能）:HK$1,606']"
伊春嘉山秀水精品酒店,9.0,"['雅緻輕奢大床房（55寸超清觀影+乾濕分離+熟睡好夢）:HK$620', '雅緻輕奢雙床房（55寸超清觀影+乾濕分離+品牌床品）:HK$665', '麗致美居大床房（55寸超清觀影+乾濕分離+品牌床品）:HK$701', '麗致美居雙床房（55寸超清觀影+乾濕分離+品牌床品）:HK$710']"
伊春悦南山度假酒店,9.2,"['素·悦林清風大床房【全屋地暖|休閑座椅|深睡床枕】:HK$729', '臻·睿選行政雙床房【全屋地暖|休閑座椅|深睡床枕|智能馬桶|恆温花灑】:HK$903']"
伊春柏雅小居民宿,9.1,"['【柏雅小居】獨門大院兩套房:HK$1,468']"
同·精品酒店,9.3,"['215商務標間:HK$492', '217舒適家庭房:HK$492', '216商務標間:HK$492']"
棲木隱生態度假酒店,10.0,"['紅松閣|大床房（森林氧吧+親近自然+獨棟木屋）:HK$1,533', '紅松閣|雙床房（森林氧吧+親近自然+獨棟木屋）:HK$1,651']"
悦來民宿,9.5,['兩室一廳:HK$112']
伊春御濠商務酒店,8.6,"['悦享雙床房（慕斯床墊，智能客控）:HK$656', '悦享大床房（智能客控，慕斯床墊）:HK$732', '舒適雙床房（智能客控，慕斯床墊，院內停車）:HK$743', '舒適大床房（智能客控，慕斯床墊）:HK$765', '精選大床房（智能客控，慕斯床墊）:HK$782']"
伊春鑫水灣商務酒店（金祖峯景區店）,8.5,"['標準雙床房:HK$433', '標準大床房:HK$433', '温馨家庭房:HK$554', '商務小套房:HK$653']"
興安•朝陽里民宿,9.5,"['舒適榻榻米房:HK$628', '精緻雙人間:HK$657', '温馨家庭房:HK$665', '特價家庭房:HK$665']"
驛居酒店（伊春青山大街店）,7.9,"['商務大床房A:HK$659', '大床房:HK$741', '商務大床房:HK$824', '雙床房:HK$824']"
天府賓館（伊春林都木雕園店）,8.3,"['特價房:HK$379', '特惠房:HK$379', '舒適大床房:HK$398', '豪華大床房:HK$398']"
泡泡屋民宿,8.3,"['星空屋:HK$545', '太空艙:HK$545']"
伊春紅美旗快捷賓館,9.0,"['舒適大床房:HK$326', '標間:HK$326', '家庭房三人間:HK$435', '家庭四人間:HK$544']"
伊春鼎麒賓館（伊春職業學院店）,8.9,"['榻榻米房:HK$326', '大床房:HK$402', '標準間:HK$402', '複式標間:HK$511']"
伊春楓雅酒店（卓悅0458街區店）,8.6,"['舒適雙床房:HK$732', '經典大床房:HK$732', '商務雙床房:HK$825', '温馨家庭親子房:HK$1,196']"
伊春馨家凡舍,9.6,"['馨源五福親子房:HK$140', '樺山韻水麻將雙床房:HK$151', '恭喜發財大床房:HK$151', '新建雙床空調房:HK$174']"
伊春新馨時尚旅館,9.9,"['雙床房106:HK$219', '標準間205:HK$219', '標準三人間108:HK$240', '兩床三人間209208:HK$262']"
伊春漫途賓館（伊春夜市店）,8.0,"['特惠雙床房:HK$140', '特惠大床房:HK$140', '精緻大床房:HK$184', '精緻雙床房:HK$184']"
山居樂園民宿,8.9,"['觀星苑:HK$645', '清淺閣:HK$645', '紫霞居:HK$1,280', '香間花雨:HK$1,568']"
伊春雅月賓館,7.9,"['簡選大床房:HK$110', '優選雙床房:HK$111', '優選大床房:HK$277', '甄選雙床房:HK$398']"
有嘉賓館,8.9,"['經濟標間:HK$205', '普通標間:HK$238', '大床房:HK$315', '舒適家庭房:HK$326']"
寶宇龍花温泉酒店,7.4,"['龍花温泉豪華大床房（無窗）:HK$724', 'D區森林康養平層家庭別墅:HK$832', '主樓豪華標準間:HK$856', '主樓豪華大床房:HK$856', '森林豪華大床房:HK$856']"
伊春大象日租公寓（雅郡小區店）,9.2,"['一樓家庭房:HK$1,639']"
御庭商務賓館,9.2,"['舒適標間:HK$140', '舒適大床房:HK$140', '豪華大床房:HK$151', '豪華雙床房:HK$191']"
伊春向日葵賓館,8.0,"['精緻大床房:HK$140', '精緻雙床房:HK$140', '精緻套房:HK$358', '精緻娛樂房:HK$358']"
伊春愛有家日租公寓,9.2,"['特惠房:HK$107', '豪華情侶房:HK$173', '迪瑞克斯雙人專業電競房:HK$173', '雙人開黑電競大床房:HK$184']"
伊春伊美達夫日租公寓,7.8,"['一室套房:HK$184', '二卧室套房:HK$268', '三卧室套房:HK$425']"
伊春嶺尚欲雪民宿,8.7,"['LOFT歐式旋轉樓梯家庭大床房小童超喜歡帳篷式觀景:HK$1,116', '平層家庭雙床房:HK$1,116']"
海川賓館,9.1,['標準大床房:HK$243']
伊春7號賓館,9.1,"['標準間:HK$353', '大床房:HK$353', '家庭房:HK$473', '商務套房:HK$612']"
伊春天一閣賓館,8.5,['標準四人間:HK$245']
紅嬋民宿,9.2,"['標準大床房:HK$369', '兩室一廳一衞:HK$369', '四室一廳一衞:HK$610', '四室一廳三衞:HK$861']"
伊春麗舍賓館,9.1,"['標準大床房:HK$140', '舒適大床房:HK$140', '家庭房:HK$184', '標準雙床房:HK$249']"
