酒店名称,评分,房型价格列表
河伊的家民宿（伊寧六星街景區店）,9.7,"['精緻大床房（空間小+極米投影+智能馬桶+中央空調）:HK$698', '異域雙床房（極米投影+智能馬桶+中央空調+舒達床墊）:HK$862', '法式大床房（極米投影+智能馬桶+中央空調+舒達床墊）:HK$950', '温馨榻榻米房（極米投影+智能馬桶+中央空調+舒達床墊:HK$950']"
鬱亭軒民宿（伊寧機場六星街景區店）,9.6,"['日照·榻榻米雙床（親膚床品+智能馬桶+空調）:HK$522', '竹影·零壓榻榻米雙床（零壓床墊+智能馬桶+空調）:HK$544', '冬瑞·輕奢大床（零壓床墊+智能馬桶+空調）:HK$577', '晨露·温馨大床（懶人沙發+智能馬桶+空調）:HK$609']"
全季酒店（伊寧機場店）,9.5,"['大床房:HK$622', '雙床房:HK$642', '高級大床房:HK$663', '高級雙床房:HK$683']"
Hi伊犁·藍巷民宿（伊犁老城喀贊其店）,9.4,"['Hi伊犁.賽克林中的大床房:HK$601', 'Hi伊犁·獨山子庭院大床房:HK$601', 'Hi伊犁.唐布拉草原陽光大床房:HK$710', 'Hi伊犁·美麗愛情的杏花大床房:HK$710']"
浮生居民宿（伊寧機場火車站店）,9.8,"['創新舒適雙床房「地冷系統+新風系統+零壓床墊+落地窗」:HK$1,038', '幻夢舒適大床房「地冷系統+新風系統+超大浴缸」:HK$1,056', '流線景觀雙床房「地冷系統+新風系統+零壓床墊+庭院景」:HK$1,067', '弧韻舒適大床房「地冷系統+新風系統+零壓床墊+落地窗」:HK$1,166']"
花微聚民宿（伊寧市六星街店）,9.3,"['唐布拉雙床房:HK$462', '恰西觀庭雙床房（零壓力床墊+精緻掛畫）:HK$475', '六星街大床房（零壓力床墊+精緻掛畫+實木桌椅）:HK$499', '那拉提家庭四床房（零壓床墊）:HK$747']"
野牧長歌民宿（伊寧六星街景區店）,9.8,"['月滿西山大床房（印度紅木傢俱+慕思床墊+TOTO潔具）:HK$1,092', '秦時明月大床房（印度紅木傢俱+慕思床墊+TOTO潔具）:HK$1,200', '長風萬里大床房（印度紅木傢俱+慕思床墊+TOTO潔具）:HK$1,200', '落日圓豪華雙床房（印度紅木傢俱+慕思床墊+TOTO潔具）:HK$1,310']"
伊寧萬豪萬楓酒店,10.0,"['標準大床房:HK$840', '標準雙床房:HK$866', '高級大床房:HK$891', '高級雙床房:HK$891', '高級套房:HK$1,477']"
遇見歸宿｜MEETING DESGIN設計師美宿（伊寧六星街店）,9.4,"['南風·舒適大床房（零壓舒睡床墊+超大空間+半地下）:HK$904', '見山·雅緻大床房（零壓舒睡床墊+親膚床品+超大空間）:HK$1,297', '不晚 ·私湯庭院房（庭院私湯+親膚床品+超大空間）:HK$1,690', '初見·浴缸院景房（零壓熟睡床墊+親膚床品+超大空間）:HK$1,719']"
星光黎舍民宿（伊寧六星街景區店）,9.0,"['星河靜謐沉浸雙床房·半地下室:HK$821', '白榆拾光雅緻大床房（智能馬桶+家庭影院+品質床品）:HK$1,012', '銀碩·拾光雅緻雙床房（智能馬桶+家庭影院+品質床品）:HK$1,064', '重華星野露台大床房（智能馬桶+家庭影院+品質床品）:HK$1,116']"
伊寧市景雲亞丁酒店（伊犁河景區店）,9.5,"['高級雙床房（智能客控+乾濕分離）:HK$702', '雅緻大床房（觀景房+全玻璃幕牆+智能客控）:HK$702', '高級大床房（觀景房+落地窗+沙發+智能客控）:HK$752', 'Loft豪華大床房（闊景客廳+雙衞）:HK$892', '行政套房（獨立休息區+套房空間）:HK$892']"
伊寧品睿酒店（六星街店）,9.7,"['舒適大床房:HK$475', '榻榻米舒適房:HK$486', '高級大床間:HK$530', '智能高級大床房:HK$590']"
肆享星辰民宿（伊寧六星街店）,9.6,"['迷你特惠大床房（空間小+零圧床墊+投影+空調）:HK$589', '半地下特惠大床房（窗户小+零圧床墊+投影空調）:HK$589', '半地下舒適雙床房（窗户小+零圧床墊+投影空調+乾濕分離）:HK$727', '半地下舒享大床房（窗户小+零圧床墊+投影空調+乾濕分離）:HK$727']"
你好酒店（伊寧伊犁州中醫院店）,9.8,"['大床房:HK$476', '高級大床房:HK$513', '雙床房:HK$522', '高級雙床房:HK$561']"
星禾悦舍民宿（伊寧六星街景區店）,9.8,"['105・私語精緻大床房|乾濕分離|全屋智能|120寸4K投影:HK$1,283', '201・閣樓浴缸雙床房|乾濕分離|全屋智能|零壓床墊:HK$1,283', '103・浴缸優選大床房|乾濕分離|全屋智能|100寸4K投影:HK$1,376', '101・浴缸優選大床房|乾濕分離|全屋智能|100寸4K投影:HK$1,376']"
瑪格麗特民宿（伊寧六星街景區店）,9.7,"['大床房|莫斯科郊外（舒適床品+智能馬桶+靜謐空間）:HK$757', '大床房|夜鶯（舒適床品+智能馬桶+靜謐空間）:HK$757', '吟遊詩人（舒適床品+智能馬桶+靜謐空間）:HK$861', '貝加爾湖（舒適床品+智能馬桶+靜謐空間）:HK$861']"
伊寧花田別院民宿（六星街景區店）,9.4,"['半地下精緻大床房:HK$776', '半地下温馨親子房:HK$908', '輕奢一室大床房:HK$1,038', '精緻大床房:HK$1,071', '温馨雙床房:HK$1,188']"
城煙里民宿（六星街店）,9.5,"['安如素｜智能客控大床房【零壓床墊+空調+智能馬桶】:HK$559', '星為燈 | 臻品智能大床房【智能客控+高端床品+空調】:HK$716', '長巷間|觀影|榻榻米大床房【智能客控+乾濕分離+投影】:HK$814', '風味存 | 智能榻榻米大床房【伊帕爾汗洗護+乾濕分離】:HK$847']"
伊寧娜瀾閣民宿,9.8,"['庫亞西-陽光 -二號院:HK$660', '阿依努爾-月光-二號院:HK$662', '那拉提·家庭房-一號院（舒適床墊+智能馬桶）:HK$1,079', '博斯騰湖·大床房 - 一號院（舒適床品+智能馬桶）:HK$1,188', '阿爾泰山·雙床房 - 一號院（舒適床墊+智能馬桶）:HK$1,298']"
伊寧市政府伊犁河麗呈華廷酒店,9.1,"['麗享·舒心雙床房『慕思人體工學深度睡眠+豐品親膚布草+三生花洗漱用品』:HK$755', '麗享·舒心大床房『慕思人體工學深度睡眠+豐品親膚布草+三生花洗漱用品』:HK$1,283', '呈尊·優眠雙床房（慕思人體工學深度睡眠+豐品親膚布草+三生花洗漱用品+大屏電視+乾濕分離）:HK$1,308', '呈尊·優眠大床房『慕思人體工學深度睡眠+豐品親膚布草+三生花洗漱用品+大屏電視+乾濕分離』:HK$1,340', '華廷·景觀雙床房（180°伊犁河景-慕思人體工學深度睡眠+豐品親膚布草+三生花洗漱用品+乾濕分離）:HK$1,372']"
景裏·六星街Gallery設計師美宿,10.0,"['半地下清涼標準間|零壓:HK$743', '精緻大床房|零壓:HK$817', '高級大床房|零壓:HK$882', '靜謐標準間|零壓:HK$882']"
阿帕民宿（喀贊其店）,9.5,"['阿克也·大床房（智能馬桶）:HK$825', '藍庭星幕·全景陽光房（180度觀景+户外桌椅）:HK$1,568', '藍庭畫框·庭院觀景房（户外花園+智能馬桶）:HK$1,650', '藍庭雲境·露台套房（觀景露台+私享茶室+智能馬桶）:HK$1,650']"
伊寧藍庭別院民宿,9.9,"['商務標間:HK$588', '法式大床房:HK$686', '民族風標間:HK$686', '民族風大床房:HK$686']"
伊寧市樓藍谷麗客舍（伊犁老城喀贊其民俗旅遊區店）,9.6,"['搭子文化·標準間:HK$685', '滾來滾去·大床房:HK$685']"
喀墅·帕斯汀度假美宿（伊寧喀贊其店）,9.7,"['夜墨·中古舒適雙床套房:HK$1,090', '夜闌·中古雅緻雙床房:HK$1,191', '夜瀾兮·中古雅緻雙床房:HK$1,191', '夜清歡·中古雅緻大床套房:HK$1,191', '花林·中古法式家庭套房:HK$1,374']"
一方所民宿（六星街景區店）,9.8,"['靜夜雅緻大床房（半地下）:HK$370', '澄裏陽光榻榻米房:HK$556', '浪漫情懷大床房:HK$705', '夢幻芭蕾雙床房:HK$742']"
特克斯木子里民宿（八卦城店）,9.9,"['精緻大床房（戴森吹風機+TOTO衞浴+Marshall音響+空調）:HK$456', '高級雙床房（戴森吹風機+TOTO衞浴+Marshall音響+空調:HK$522', '高級大床房（戴森吹風機+TOTO衞浴+Marshall音響+空調:HK$522', '高級特色大床房（戴森吹風機+TOTO衞浴+Marshall音響+空調）:HK$566']"
伊寧香椿別院民宿（六星街景區店）,9.8,"['異域風情豪華大床房「105」華為智慧屏+科勒馬桶+中央空調:HK$1,063', '異域風情豪華大床房「102」華為智慧屏+科勒馬桶+中央空調:HK$1,106', '異域風情豪華大床房「205」華為智慧屏+科勒馬桶+中央空調:HK$1,106', '異域風情豪華大床房「206」華為智慧屏+科勒馬桶+中央空調:HK$1,149']"
伊寧環球港六星街麗呈酒店,9.6,"['精選智能大床房『全屋智能+乾濕分離+電視投屏』:HK$1,062', '精選智能雙床房『全屋智能+乾濕分離+電視投屏』:HK$1,202', '安心優眠大床房『全屋智能+乾濕分離+電視投屏』:HK$1,257', '安心優眠雙床房『全屋智能+乾濕分離+電視投屏』:HK$1,257', '尊享智能大床房『全屋智能+乾濕分離+電視投屏』:HK$1,325']"
伊寧風回小院（六星街景區店）,9.9,"['煙墨•温馨雙床房（智能家居+金可兒床墊）:HK$1,002', '菘藍•温馨大床房（智能家居+金可兒床墊+小冰吧）:HK$1,010', '紫苑•温馨雙床房（智能家居+金可兒床墊）:HK$1,046', '拾櫻•温馨雙床房（智能家居+金可兒床墊）:HK$1,076', '葭灰•舒適大床房（智能家居+金可兒床墊+小冰吧）:HK$1,185']"
伊寧市上海城解放西路亞朵酒店,9.6,"['雅緻大床房（智能客控+迷你小冰箱+無線充）:HK$987', '高級大床房（深睡體驗+智能客控+迷你小冰箱+無線充）:HK$1,166', '高級雙床房（深睡體驗+智能客控+迷你小冰箱+無線充）:HK$1,346', '尊享大床房（深睡床墊+浴袍+迷你小冰箱+無線充）:HK$1,435', '尊享雙床房（深睡床墊+浴袍+迷你小冰箱+無線充）:HK$1,705']"
伊寧花田雲境民宿,9.8,"['簡•私享露台榻榻米房:HK$1,056', '野•零壓舒享大床房:HK$1,285', '宿•零壓家庭雙床房:HK$1,385', '享•休閑地台式雙床房:HK$1,543', '緣•温馨家庭親子房:HK$1,652']"
頤爻酒店（特克斯八卦城太極壇店）,8.7,"['奢華尊享雙床房:HK$419', '奢華尊享大床房:HK$476', '奢華尊享親子間:HK$483', '奢華致享大床房:HK$507', '酷享寵物雙床房:HK$1,159']"
如家酒店·neo（伊寧解放西路上海城店）,9.6,"['大床房（全屋智能+親膚布草+電視投屏）:HK$542', '商務大床房（全屋智能+親膚布草）:HK$542', '高級大床房（全屋智能+超大空間+客卧分離）:HK$560', '高級雙床房（全屋智能+加寬床墊+電視投屏）:HK$570']"
歸築·Home Haven｜設計師泳池度假美宿（特克斯八卦城店）,9.6,"['知歡·輕奢浴缸智能大床房:HK$1,103', '穀雨·獨院智能雙床房:HK$1,366', '木槿·獨院智能雙床房:HK$1,366', '可夏·陽光浴缸智能大床房:HK$1,366', '暄和·景觀智能親子間:HK$1,366']"
伊寧花田雲邸民宿（喀贊其民俗旅遊區店）,9.7,"['特惠·温馨零壓大床房:HK$962', '特惠·温馨零壓雙床房:HK$1,070', '雲·舒享零壓大床房:HK$1,203', '星·榻榻米景觀大床房:HK$1,399', '宿·智享零壓雙床房:HK$1,486']"
伊寧瑟爾民宿（喀贊其民俗旅遊區店）,9.8,"['阿娜爾（標準間）:HK$634', '阿勒瑪（大床房）:HK$755', '與子陌（標準間）:HK$755', '她兀自（大床房）:HK$820']"
星程酒店（伊寧寧遠路中苑新城店）,9.8,"['高級大床房:HK$575', '高級雙床房:HK$595', '家庭房:HK$668', '豪華套房:HK$739']"
伊寧市聽霖民宿（六星街店）,9.7,"['舒適大床房:HK$625', '舒適雙床房:HK$625', '温馨家庭房:HK$1,192']"
追野民宿（喀贊其民俗旅遊區店）,9.5,"['杏花香（軟水淋浴）:HK$743', '艾琳娜的家（軟水淋浴）:HK$1,021', '亞娜古麗的家（浴缸+軟水淋浴）:HK$1,049', '追野幼稚園（標準間）:HK$1,196']"
大荒民宿（伊寧機場店）,9.9,"['精選雙床房（智能馬桶-深睡舒眠床墊）:HK$452', '精品大床房（智能馬桶-深睡舒眠床墊）:HK$576', '甄選雙床房（智能馬桶-深睡舒眠床墊）:HK$588', '豪華大床房（智能馬桶-深睡舒眠床墊）:HK$615']"
霍城嵐澗雲舍民宿（小馬薰衣草莊園店）,9.7,"['舒適雙人間:HK$437', '高級大床房:HK$442', '民族風情榻榻米房:HK$442', '温馨親子房:HK$460']"
鄔松古驛|Western Regions西域風情設計師庭院（伊寧六星街店）,10.0,"['海棠花·零壓大床房「中央空調|新風系統|乾濕分離」:HK$1,708', '牽牛花·零壓大床房「中央空調|新風系統|掛燙機」:HK$1,708', '鬱金香·零壓大床房「中央空調|新風系統|半地下」:HK$1,708', '牡丹花·零壓大床房「中央空調|新風系統|半地下」:HK$1,708', '薰衣草·舒享大床房「中央空調|新風系統|定製國瓷茶具」:HK$1,831']"
你好酒店（伊寧上海城店）,9.4,"['高級大床房:HK$422', '商務大床房:HK$452', '商務雙床房:HK$482', '家庭雙床房:HK$522']"
鞏留桃裏·留墅酒店,9.2,"['喜悦 | 夏日隨心房-清涼一夏:HK$491', '初雨 | 陽光雙床房-智能客控:HK$525', '山止 | 枕院雙床房-庭院觀景:HK$547', '川行 | 攬景大床房-綠林成蔭:HK$558', '朗月 | 樂享親子房-恆温加濕:HK$645']"
美伊天酒店（伊寧萬容廣場店）,9.5,"['甄選大床房（全屋智能+新風+超大美容鏡+中央空調）:HK$539', '甄選雙床房（全屋智能+新風+超大美容鏡+中央空調）:HK$557', '臻品大床房（全屋智能+新風+超大美容鏡+中央空調）:HK$557', '臻品悦景雙床房（全屋智能+新風+超大美容鏡+城景）:HK$593']"
白雲間民宿,9.7,"['塞裏情侶大床間（冷暖空調+智能馬桶+零壓床墊）:HK$841', '寧遠雅緻大床房（冷暖空調+零壓床墊+智能馬桶）:HK$994', '巴音花園大床房（冷暖空調+零壓床墊+智能馬桶）:HK$1,032', '那提花園雙床房（冷暖空調+零壓床墊+智能馬桶）:HK$1,032']"
伊寧梵花美宿民宿店,9.6,"['梵花雅居特惠雙床房:HK$752', '梵花温馨零壓雙床房:HK$862', '梵花舒適零壓雙床房:HK$866', '梵花私享庭院大床房:HK$970', '梵花浪漫浴缸大床房:HK$972']"
桔子酒店（伊寧六星街景區店）,9.3,"['大床房【金可兒床墊+冷藏小冰箱+電視投屏】:HK$756', '高級大床房【金可兒床墊+冷藏小冰箱+電視投屏】:HK$774', '豪華大床房【金可兒床墊+冷藏小冰箱+電視投屏】:HK$800', '豪華雙床房【金可兒床墊+冷藏小冰箱+電視投屏】:HK$846']"
伊寧一念浮生民宿（六星街店）,9.3,"['一念·空山標準大床房:HK$512', '一念·空山街景大床房:HK$524', '一念·空山豪華大床房:HK$546', '浮生·若夢温馨雙床房:HK$568']"
