酒店名称,评分,房型价格列表
佛山祖廟疊滘地鐵站亞朵酒店,9.7,"['高級大床房【深睡床墊、枕頭+裸棉床品+小冰箱】:HK$430', '高級城景大床房【深睡床墊、枕頭+裸棉床品+小冰箱】:HK$457', '行政大床房【深睡床墊、枕頭+裸棉床品+小冰箱】:HK$493', '行政雙床房 【深睡床墊、枕頭+裸棉床品+小冰箱】:HK$493', '尊享大床房【深睡全系列+全棉浴袍+投屏電視+小冰箱】:HK$537']"
麗怡酒店（佛山祖廟地鐵站嶺南新天地店）,9.4,"['標準大床房【深度好眠床墊+全棉貢緞織造床品+智能家居】:HK$332', '標準雙床房【深度好眠床墊+全棉貢緞織造床品+智能家居】:HK$340', '影音大床房【高清投影+環繞立體音效+席夢思甜夢床】:HK$349', '高級大床房【超大空間+席夢思甜夢床+智能家居】:HK$349', '高級雙床房【超大空間+深度好眠床墊+智能家居】:HK$365']"
佛山德徠酒店,9.5,"['舒適大床房 【功夫茶具+膠囊Coffee機+智能馬桶】:HK$457', '豪華大床房 【膠囊Coffee機+180°城景浴缸+智能馬桶】:HK$567', '湖景豪華大床房 【180°璀璨湖景+膠囊Coffee機+席夢思甜夢床+智能衞浴】:HK$635', '湖景豪華雙床房 【180°璀璨湖景+膠囊Coffee機+席夢思甜夢床+智能衞浴】:HK$635', '雅緻大床房 【膠囊Coffee機+180°湖景浴缸+席夢思甜夢床】:HK$642', '雅緻影音大床房 【90寸巨幕影音+180°湖景浴缸+席夢思甜夢床】:HK$642']"
萬瑞達M酒店（佛山祖廟創意產業園店）,9.5,"['高級大床房【智能客控+深睡眠床墊】:HK$306', '高級雙床房【智能客控+深睡眠床墊】:HK$306', '豪華大床房【深睡眠床墊+助眠記憶枕+全屋智能】:HK$329', '豪華雙床房【深睡眠床墊+助眠記憶枕+全屋智能】:HK$329', '影音大床房【4K高清巨幕投影+影視會員+助眠記憶枕】:HK$339']"
如家商旅酒店（佛山祖廟地鐵站店）,9.4,"['大床房A:HK$251', '雙床房:HK$302', '高級大床房:HK$320', '高級雙床房:HK$328']"
佛山順德瀧居酒店,9.5,"['高級大床房:HK$577', '高級雙床房:HK$577', '豪華大床房:HK$687', '經典雙床房:HK$749', '開放式套房:HK$749', '江景大床房:HK$795']"
佛山嶺南天地康得思酒店,9.0,"['高級雙床客房:HK$485', '高級大床客房:HK$485', '豪華大床客房:HK$551', '尊貴大床客房:HK$667', '行政高級大床客房:HK$915', '行政高級雙床客房:HK$915']"
維納斯皇家酒店（佛山魁奇路地鐵站創意產業園店）,9.4,"['影音大床房（沉浸式觀影+巨幕投屏+環繞立體音效）:HK$353', '豪華大床房（智能客控+高空璀璨城景+霧化玻璃+功夫茶具）:HK$394', '豪華雙床房（智能客控+高空璀璨城景+霧化玻璃）:HK$402', '行政大床房（高空璀璨城景+智能語音+65寸智能電視+功夫茶具）:HK$414', '行政雙床房（超大空間+智能語音+高空璀璨城景）:HK$422']"
佛山清暉園萬象滙亞朵酒店,9.7,"['高級大床房:HK$475', '高級雙床房:HK$510', '行政大床房:HK$510', '行政雙床房:HK$547', '尊享城景大床房:HK$547']"
佛山順德清暉園亞朵酒店,9.6,"['高級大床房:HK$501', '高級雙床房:HK$537', '行政影音大床房:HK$556', '行政大床房:HK$556', '行政影音雙床房:HK$592']"
佛山祖廟嶺南天地亞朵酒店,9.6,"['雅緻清氧大床房（深睡床品+空氣凈化器+投屏電視）:HK$501', '雅緻清氧雙床房（深睡床品+空氣凈化器+投屏電視）:HK$501', '高級大床房（深睡床墊、枕頭+裸棉床品+投屏電視）:HK$528', '行政大床房（深睡床墊、枕頭+裸棉床品+投屏電視）:HK$556', '高級家庭房（深睡床墊、枕頭+裸棉床品+投屏電視）:HK$556']"
佛山南海千燈湖桂城亞朵酒店,9.6,"['高級大床房:HK$367', '行政雙床房:HK$385', '行政大床房:HK$430', '幾木品茗大床房:HK$501', '幾木城景大床房:HK$574']"
佛山南海金鉑中心希岸Deluxe酒店,9.6,"['Deluxe豪華大床房:HK$327', 'Deluxe豪華雙床房:HK$327', 'Deluxe高級大床房:HK$331', 'Deluxe景觀大床房:HK$368', 'Deluxe景觀雙床房:HK$368']"
佛山南海廣佛智城雅緻酒店,9.2,"['高級大床房:HK$447', '豪華大床房:HK$469', '豪華雙床房:HK$469', '行政大床房:HK$490', '行政雙床房:HK$490', '城景大床房-高空觀景:HK$556']"
佛山金沙洲萬達金鉑天地佑約酒店,9.4,"['尊享大床房（全景落地窗+徠芬吹風機+小冰箱+電視投屏）:HK$317', '尊享雙床房（全景落地窗+徠芬吹風機+小冰箱+電視投屏）:HK$336', '設計師A款大床房（松型沙發+原木茶几+徠芬吹風機+小冰箱+電視投屏）:HK$340', '設計師B款大床房（庭院飄窗+徠芬吹風機+小冰箱+電視投屏）:HK$382']"
佛山順德漁人碼頭亞朵酒店,9.6,"['高級大床房:HK$430', '高級城景雙床房:HK$493', '高級江景大床房:HK$493', '幾木江景雙床房:HK$537', '幾木江景大床房:HK$537']"
佛山新凱廣場萬楓酒店,9.5,"['標準大床房:HK$423', '高級雙床房:HK$457', '高級大床房:HK$457', '豪華雙床房:HK$490', '豪華大床房:HK$490']"
桔子酒店（順德清暉園華蓋路店）,9.7,"['大床房:HK$361', '高級大床房:HK$391', '豪華大床房:HK$422', '商務大床房:HK$452', '高級雙床房:HK$452']"
敏卓酒店（佛山創意產業園南風古灶店）,9.4,"['高級大床房（城景景觀+小冰箱+智能馬桶）:HK$360', '高級雙床房（舒適辦公+私享靜謐+寬敞明亮）:HK$360', '豪華雙床房（城市夜景+小冰箱+嶺南風格）:HK$383', '豪華大床房（城市夜景+智能馬桶+寬敞明亮）:HK$383', '親子雙床房（温馨主題+樂伴空間+小童用品）:HK$383']"
佛山希爾頓酒店,9.3,"['希爾頓大床房:HK$541', '希爾頓雙床房:HK$541', '豪華大床房:HK$595', '豪華雙床房:HK$595', '行政雙床房:HK$736', '行政大床房:HK$736']"
鉑頓國際公寓（佛山高明盈信廣場店）,9.5,"['優享雙床房:HK$214', '高級大床房｜智能客控｜城市景觀｜小冰箱:HK$230', '高級雙床房｜智能客控｜城市景觀｜小冰箱:HK$249', '高級影院房｜百寸投影含騰訊VIP｜城市景觀｜小冰箱:HK$265']"
佛山源林酒店,9.6,"['高級大床房（絲漣床墊+TOTO智能馬桶+Mini吧軟飲）:HK$541', '高級雙床房（絲漣床墊+TOTO智能馬桶+Mini吧軟飲）:HK$541', '高級江景大床房（絲漣床墊+TOTO智能馬桶+Mini吧軟飲）:HK$550', '高級江景雙床房（絲漣床墊+TOTO智能馬桶+Mini吧軟飲）:HK$550', '豪華大床房（絲漣床墊+TOTO智能馬桶+Mini吧軟飲）:HK$569', '豪華雙床房（絲漣床墊+TOTO智能馬桶+Mini吧軟飲）:HK$569']"
美豪麗致酒店（佛山南海千燈湖店）,9.6,"['麗致城景大床房:HK$327', '麗致城景雙床房:HK$327', '麗致庭院大床房:HK$348', '麗致庭院雙床房:HK$348', '雅緻智能大床房:HK$411']"
維多利亞酒店（佛山祖廟地鐵站嶺南新天地店）,9.1,"['雅緻大床房『慵懶沙發|輕柔抗菌布草|乾濕分離衞浴』:HK$194', '輕奢雙床房『負離子吹風機|乾濕分離衞浴|隔音舒眠』:HK$235', '維多特惠房『雲朵般輕柔布草|乾濕分離衞浴』:HK$339', '落地窗大床房『戴森同款吹風機|窗明幾凈滿屋映晴光』:HK$377']"
鉑頓國際公寓（佛山祖廟嶺南天地店）,8.9,"['商務大床房【安靜+廚房冰箱+陽台】:HK$221', '零壓大床房【望嶺南天地+舒眠寢具】:HK$239', '豪華雙床房【明亮大空間+廚房+陽台】:HK$266', '高級影院房【百寸巨幕+視頻會員+安靜環境】:HK$266']"
順德大良智選假日酒店（清暉園店）,9.4,"['高級大床房:HK$337', '高級雙床房:HK$337', '高級大床房高樓層:HK$393', '高級雙床房高樓層:HK$393', '無障礙大床房:HK$421']"
漢庭酒店（佛山順德清暉園景區店）,9.6,"['大床房:HK$265', '高級大床房:HK$295', '景觀大床房:HK$325', '商務大床房:HK$354']"
佛山皇冠假日酒店,9.4,"['皇冠高級房:HK$455', '高級雙床房:HK$455', '高級大床房:HK$455', '豪華大床房:HK$565', '豪華雙床房:HK$565', '行政大床房:HK$728']"
順德美的萬怡酒店,9.8,"['城景大床房:HK$555', '城景雙床房:HK$555', '怡景大床房:HK$700', '怡景雙床房:HK$700', '精選套房:HK$1,401']"
戴斯温德姆酒店（廣州南站三龍灣大道店）,9.4,"['特惠雙床房（智能客控+慕思床墊）:HK$381', '特惠大床房（智能客控+慕思床墊）:HK$391', '豪華大床房（智能客控+慕思床墊+園林景觀）:HK$404', '豪華雙床房（智能客控+慕思床墊+城市景觀）:HK$404', '商務大床房（智能客控+慕思床墊+城市景觀）:HK$425']"
佛山千燈湖君亭酒店,9.5,"['高級大床房:HK$413', '四季都市大床房:HK$425', '豪華大床房:HK$434', '豪華雙床房:HK$434', '概念大床房:HK$457']"
佛山禪城智選假日酒店（魁奇路地鐵站創意產業園店）,9.1,"['高級雙床房:HK$309', '高級大床房:HK$310', '高級大床房更大面積:HK$355', '高級雙床房更大面積:HK$355', '豪華三人房:HK$484']"
佛山順德香雲紗園林酒店,9.4,"['精緻大床房:HK$468', '精緻雙床房:HK$468', '雅緻客房:HK$575', '園景精緻大床房:HK$575', '園景精緻雙床房:HK$575']"
至美·雲端酒店（佛山嶺南天地祖廟路萬科金融中心店）,9.3,"['驚喜房:HK$287', '雲端之魅.影院「智能客控-4k高清投影-環繞立體音效」:HK$325', '雲端之魅.茶事「小冰箱+慕斯床墊+雙層隔音」:HK$367', '雲端之魅.靜語「小冰箱+慕斯床墊+雙層隔音」:HK$367']"
百合壹庭酒店（佛山祖廟創意產業園店）,9.6,"['高級大床房（智能客控+智能馬桶）:HK$294', '城景大床房（城景+智能客控+智能馬桶）:HK$318', '臻選雙床房（冰箱+智能客控+智能馬桶）:HK$366', '臻選大床房（冰箱+智能客控+智能馬桶）:HK$366', '影音大床房（巨幕影院+智能客控+智能馬桶）:HK$398']"
安喜曼·元宿酒店（佛山祖廟瀾石地鐵站店）,9.8,"['狀元·凌雲閣:HK$307', '狀元·寧雅居｜深度好眠床墊｜巨幕投影｜智能客控:HK$367', '狀元·翰林居｜深度好眠床墊｜高清巨幕投屏｜全屋智能:HK$395', '狀元·品茗軒｜功夫茶具｜巨幕投影｜超大落地窗:HK$416']"
佛山柏頓宜居酒店（三水樂薈城廣場店）,9.8,"['雅緻雙床房（全景大玻璃窗+抗菌防蟎親膚布草）:HK$250', '商務雙床房（全景大玻璃窗+抗菌防蟎親膚布草）:HK$250', '雅緻大床房（全景大玻璃窗+抗菌防蟎親膚布草）:HK$262', '商務大床房（全景大玻璃窗+抗菌防蟎親膚布草）:HK$262']"
逸柏國際美居（佛山千燈湖環宇城店）,9.2,"['逸奢湖景大床房（高層靜謐湖景-坐卧沙發-記憶床枕）:HK$479', '逸享城央大床房（180°高層遠景-坐卧沙發-記憶床枕）:HK$520', '逸奢城央雙床房（180°高層遠景-坐卧沙發-記憶床枕）:HK$520']"
佛山順德美的臻品之選酒店,9.7,"['豪華大床房:HK$1,273', '豪華雙床房:HK$1,273', '精英大床房:HK$1,330', '精英雙床房:HK$1,330', '花園雙床房:HK$1,451', '花園大床房:HK$1,451']"
佛山順德東平保利洲際酒店,9.5,"['豪華大床房:HK$610', '豪華雙床房:HK$610', '豪華經典房:HK$610', '豪華園景大床房:HK$717', '豪華園景雙床房:HK$717', '舒適豪華經典房:HK$717']"
佛山大瀝希爾頓歡朋酒店,9.5,"['舒適雙床房:HK$343', '舒適大床房:HK$365', '高級雙床房:HK$435', '高級大床房:HK$435', '荷里活房:HK$441']"
南海歲月民宿（廣州高鐵南站林岳西地鐵站店）,9.6,"['南海•精選特惠房:HK$214', '奢予•舒睡零壓雙床房【輕奢法式+零壓床墊+新風系統】:HK$269', '禾風•榻榻米投影大床房【茶憩空間+新風系統+落地鏡】:HK$280', '山島•榻榻米投影雙床房【私享品茗+禪意竹編燈】:HK$294']"
佛山禪城張槎亞朵酒店,9.7,"['高級大床房:HK$356', '行政雙床房:HK$389', '行政大床房:HK$407', '幾木雙床房:HK$432', '幾木大床房:HK$449']"
佛山安喜曼酒店（創意產業園區店）,9.1,"['高級大床房:HK$243', '巨幕影音大床房【巨幕影院+沉浸式觀影】:HK$276', '巨幕影院雙人房【巨幕影院+沉浸式觀影】:HK$287', '舒適大床房:HK$318', '炫彩空間大床房【智能客控+智能馬桶+冰箱+65寸4K智能電視】:HK$369']"
佛山三水鉑頓元世紀酒店,9.5,"['雅緻大床房（陽台景觀+全景大玻璃窗+抗菌防蟎布草）:HK$320', '雅緻雙床房（陽台景觀+全景大玻璃窗+抗菌防蟎布草）:HK$330', '高級大床房（陽台景觀+全景大玻璃窗）:HK$343', '高級雙床房（陽台景觀+全景大玻璃窗+抗菌防蟎布草）:HK$348', '豪華大床房（智能客控+陽台景觀+全景大玻璃窗）:HK$363']"
佛山三龍灣希爾頓歡朋酒店,9.5,"['高級大床房:HK$436', '高級雙床房:HK$436', '豪華大床房:HK$487', '豪華雙床房:HK$487', '純凈舒適大床房:HK$488']"
佛山奧克伍德華庭酒店公寓,9.4,"['高級特大床客房:HK$598', '高級特大床單間公寓:HK$633', '糖果飛屋高級特大床單間公寓:HK$715', '豪華特大床單間公寓:HK$746', '一居室高級公寓:HK$845', '糖果飛屋一居室高級公寓:HK$874']"
美麗豪酒店（佛山順德錦龍地鐵站店）,9.6,"['舒適大床房（80寸投影+Mini Bar+全屋智能語音）:HK$339', '高級大床房（80寸投影+Mini Bar+全屋智能語音）:HK$368', '高級雙床房（80寸投影+Mini Bar+全屋智能語音）:HK$382', '豪華大床房（超大床+Mini Bar+100寸投影）:HK$408', '豪華雙床房（100寸投影+Mini Bar+全屋智能語音）:HK$422']"
麗呈朗譽酒店（佛山三山店）,9.3,"['輕奢靜謐大床房（商務辦公+品牌床墊+極速上網）:HK$435', '輕奢輕悦大床房（裸棉床品+極速上網+商務辦公）:HK$478', '輕奢輕悦雙床房（智能馬桶+智能投屏+極速上網）:HK$521', '輕奢和悦大床房（高奢洗護用品+貴妃椅+商務辦公桌）:HK$579', '輕奢和悦雙床房（智能馬桶+智能投屏+極速上網）:HK$623']"
佛山南海瞻雲酒店（千燈湖店）,9.6,"['高級雙床房:HK$426', '豪華雙床房:HK$448', '高級大床房:HK$470', '豪華大床房:HK$508', '臻選江景房（步入式浴缸+藍牙音響）:HK$641', '安睡大床房（AI舒緩助眠床墊）:HK$717']"
