酒店名称,评分,房型价格列表
佳木斯江天大酒店,9.3,"['城景雙床房:HK$392', '城景大床房:HK$392', '江景大床房:HK$392', '江景雙床房:HK$392', '商務大床房:HK$447']"
圖恩酒店（佳木斯高鐵站萬達廣場店）,9.8,"['慕思·樂享睡眠大床房（全屋智控＋加濕器+小冰箱）:HK$425', '慕思·智控商旅大床房（獨立辦公桌椅＋加濕器＋小冰箱＋輕智能馬桶）:HK$447', '慕思·景觀奢華大床房（全屋智控＋辦公桌椅＋加濕器＋小冰箱＋輕智能馬桶）:HK$469', '慕思·景觀奢華雙床房（辦公桌椅＋小冰箱＋智能馬桶）:HK$469', '高空觀景度假親子房（全屋智控+帳篷玩偶+輕智能馬桶）:HK$535']"
全季酒店（佳木斯市政府店）,9.6,"['高級大床房（手機投屏+智能客控+茶室+MINI吧）:HK$346', '商務大床房（手機投屏+智能客控+茶室+MINI吧）:HK$374', '高級雙床房（手機投屏+智能客控+茶室+MINI吧）:HK$393', '家庭房（手機投屏+智能客控+茶室+MINI吧）:HK$487']"
佳木斯市政府廣場萬象街亞朵酒店,9.9,"['高級大床房（手機投屏+智能客控+深睡枕Pro+小冰箱）:HK$323', '行政雙床房（手機投屏+智能客控+深睡枕Pro+小冰箱）:HK$323', '行政大床房（手機投屏+智能客控+深睡枕Pro+小冰箱）:HK$350', '尊享雙床房（手機投屏+智能客控+深睡枕Pro+Mini吧）:HK$350', '尊享大床房（手機投屏+智能客控+深睡枕Pro+Mini吧）:HK$377']"
藍鼎風雅酒店（佳木斯向陽區大潤發廣場店）,9.5,"['治癒躺平大床房（天然乳膠枕+蕎麥枕）:HK$144', '觀影主題套房（天然乳膠枕+蕎麥枕+百寸投影＋舒適浴缸）:HK$162', '輕奢雙床房（天然乳膠枕+蕎麥枕）:HK$181', '輕奢大床房（天然乳膠枕+蕎麥枕）:HK$181']"
玖玖青居公寓 （萬達錦華之星店）,9.2,"['清馨幽舍大床房:HK$339', '舒悦法式輕奢大床房:HK$348', '翠域小築大床房:HK$374', '絲路印象大床房:HK$374']"
佳木斯錦華之悦酒店（佳木斯萬達廣場店）,9.3,"['標準大床房:HK$166', '豪華大床房:HK$176', '温馨家庭房:HK$188', '娛樂麻將大床房:HK$192']"
佳木斯中山街新瑪特亞朵酒店,9.6,"['高級大床房（手機投屏+智能客控+小冰箱）:HK$323', '高級雙床房（手機投屏+智能客控+小冰箱）:HK$350', '幾木大床房（手機投屏+智能客控+小冰箱）:HK$394', '幾木雙床房（手機投屏+智能客控+小冰箱）:HK$421', '幾木家庭房（手機投屏+智能客控+小冰箱）:HK$502']"
漢庭酒店（佳木斯光復路新瑪特店）,9.5,"['大床房:HK$221', '雙床房:HK$241', '高級大床房:HK$241', '家庭房:HK$261']"
佳木斯凱撒大酒店（百貨大樓新瑪特店）,8.9,"['城景大床房:HK$174', '商務標間:HK$212', '尊享標準間:HK$268', '江景大床房:HK$268', '豪華標間（智能體驗）:HK$385']"
富豪酒店（佳木斯火車站百貨大樓店）,9.5,"['治癒躺平大床房（地暖+小冰箱）:HK$108', '陽光舒適雙床房（地暖+小冰箱）:HK$119', '陽光舒適大床房（地暖+小冰箱）:HK$130', '城景輕奢雙床房（地暖+小冰箱）:HK$152']"
佳木斯錦悦公寓,9.5,"['標準大床房（慕思床墊+徠芬閃銀吹風機）:HK$257', '商務大床房（慕思床墊+徠芬閃銀吹風機）:HK$290', '至尊觀景大床房（慕思床墊+徠芬閃銀吹風機）:HK$355', '豪華家庭房:HK$399']"
漢庭酒店（佳木斯解放路沿江公園店）,9.6,"['高級大床房:HK$341', '雙床房:HK$350', '商務大床房:HK$359', '家庭房:HK$369']"
盛達商務賓館（佳木斯火車站店）,9.2,"['特惠標間:HK$121', '標準間:HK$132', '大床房:HK$132', '單人套房:HK$157']"
佳木斯萬達錦寓公寓酒店,9.2,"['高級雙床房:HK$343', '高級豪華大床房:HK$393', '豪華雙床房:HK$399', '豪華大床房:HK$422', '家庭房:HK$490']"
佳木斯錦裏公寓,9.6,"['智能標準大床房（慕思床墊徠芬吹風機）:HK$230', '智能商務大床房（慕思床墊徠芬吹風機）:HK$301', '豪華家庭房:HK$356', '智能至尊觀景大床房（慕思床墊徠芬吹風機）:HK$364']"
佳木斯拾光壹號民宿,9.2,"['輕奢景觀房:HK$183', '時尚大床房:HK$199', 'Ins風大床房:HK$242', '現代舒適大床房:HK$277']"
熙朵酒店（松花江店）,9.2,"['舒適雙床房:HK$132', '雅緻大床房:HK$150', '舒適大床房:HK$156', '舒適家庭房:HK$222']"
秋朵酒店（佳木斯高鐵站店）,9.7,"['寶藏幸運房（智能客控+乳膠床品）:HK$188', '商務雙床房（智能客控+乳膠床品）:HK$201', '商務大床房（智能客控+乳膠床品）:HK$218', '高級行政雙床房（智能客控+乳膠床品）:HK$263']"
鉑格公寓酒店（佳木斯萬達廣場店）,9.5,"['優享大床房（空調+冰箱）:HK$119', '舒雅大床房（空調）:HK$147', '舒雅雙床房（空調+冰箱）:HK$156', '臻選投影大床房（高清極米投影）:HK$156']"
佳木斯鼎特大酒店,9.2,"['智能大床房:HK$201', '智能雙床房:HK$201', '智能家庭房:HK$232', '智能大床套房:HK$262']"
錦華之嘉輕奢民宿（佳木斯萬達廣場店）,9.8,"['覓景優享大床房:HK$293', '夜景璀璨特惠房:HK$293', '遙景雲端大床房:HK$315', '尊享輕奢麻將大床房:HK$326']"
東來九樽大酒店,9.8,"['特價雙床房（慕思床墊）:HK$259', '特價大床房（慕思床墊）:HK$477']"
星程酒店（佳木斯大學附屬第一醫院店）,9.4,"['大床房:HK$322', '高級大床房:HK$341', '雙床房:HK$341', '家庭房:HK$398']"
寓上公寓（佳木斯萬達廣場）,9.4,"['優選大床房:HK$147', '優選雙床房:HK$185', '優選行政套房:HK$196', '豪華親子房:HK$282']"
雅居酒店（佳木斯萬達廣場店）,9.1,"['雅居大床房:HK$195', '雅居雙床房:HK$195', '豪華套房:HK$238', '雅居家庭房:HK$238']"
全季酒店（佳木斯新瑪特店）,9.6,"['大床房:HK$438', '高級大床房:HK$449', '雙床房:HK$468']"
Better公寓（佳木斯萬達廣場店）,9.7,"['豪華大床房:HK$162', '現代大床房:HK$179', '豪華影音大床房:HK$179', '温馨大床房:HK$179']"
雅朵公寓酒店（佳木斯萬達廣場店）,9.9,"['商務大床房:HK$158', '舒適大床房:HK$187', '影音大床房:HK$202', '商務套房:HK$221']"
佳木斯海天大酒店,9.4,"['優選雙床房:HK$372', '優選大床房:HK$394', '高級大床房:HK$458', '高級標準間:HK$458', '商務大床房:HK$500', '豪華大床房:HK$610']"
全季酒店（佳木斯長安路店）,9.6,"['大床房:HK$309', '高級大床房:HK$329', '雙床房:HK$329', '家庭房:HK$359']"
佳木斯萬達錦華酒店,9.4,"['高級大床房:HK$611', '高級雙床房:HK$611', '無障礙房:HK$611', '豪華大床房:HK$830', '豪華雙床房:HK$830', '高級豪華大床房:HK$830']"
佳木斯佳大國際會議中心,9.3,"['標準間:HK$299', '標準中式大床房:HK$310']"
如家酒店·neo（佳木斯火車站新瑪特店）,9.3,"['大床房:HK$197', '商務大床房A:HK$224', '商務大床房:HK$233', '雙床房:HK$242']"
佳木斯水尚民宿,9.6,"['精品大床房1218:HK$184', '豪華雙床房1023:HK$238']"
佳木斯九號賓館（火車站中心醫院店）,8.8,"['經濟標準間:HK$70', '舒適標準間:HK$79', '大展宏圖商務大床房:HK$83', '逢考必過商務標準間:HK$86']"
愷樂商務酒店（佳木斯前進區濱江路店）,8.1,"['商務標準房:HK$230', '江景大床房:HK$268', '標準商務套房:HK$416', '豪華商務套房:HK$453']"
佳木斯東極假日酒店,7.6,"['標準大床房:HK$147', '標準雙床房:HK$147', '家庭房:HK$193']"
佳大賓館（佳木斯大學店）,8.2,"['標準大床房:HK$151', '標準雙床房:HK$184', '家庭房:HK$216', '特價大床房:HK$216']"
美琦Loft民宿,10.0,"['時尚Loft公寓房:HK$230', '唐人中心F棟1510精品Loft大床房:HK$230', 'Loft雙床房（C棟1708）:HK$230']"
聖奧精品酒店（佳木斯大學店）,8.6,"['日式榻榻米（無窗）:HK$107', '拾光主題房（無窗）:HK$107', '夢幻星空主題房（無窗）:HK$107', '鏡像主題房（無窗）:HK$107']"
佳木斯千里快捷賓館,7.9,"['大床房:HK$94', '標準間:HK$94', '浪漫圓床房:HK$121', '温馨家庭房:HK$121']"
學府電競賓館（佳木斯大學店）,7.9,"['特價電競大床房:HK$96', '電競無窗雙人間:HK$107', '雙人電競大床房:HK$118', '電競雙床房:HK$129']"
佳木斯邁典主題賓館,7.2,"['圓床房:HK$76', '大床房:HK$87', '標準間:HK$97', '情趣房:HK$113']"
佳木斯泊樂賓館,6.9,"['豪華大床房:HK$353', '高級大床房:HK$463']"
如意快捷賓館（佳木斯火車站店）,5.9,"['標準大床房:HK$107', '標準雙床房:HK$129', '圓床房:HK$129', '家庭房:HK$140']"
佳木斯鴻泰快捷賓館,4.9,"['大床房:HK$206', '豪華大床房:HK$216', '雙床房:HK$260', '麻將房:HK$282']"
漢庭酒店（佳木斯樺南縣政府世紀廣場店）,9.7,"['高級大床房:HK$218', '雙床房:HK$227', '家庭房:HK$246', '套房:HK$293']"
如家商旅酒店（佳木斯樺南縣世紀廣場店）,9.8,"['標準雙床房:HK$254', '家庭房:HK$280', '商務大床房:HK$342', '安心睡安睡大床房（手機投屏+智能馬桶）:HK$395']"
富錦鴻基商務酒店,9.8,"['歐典温馨大床房（無窗）:HK$157', '歐典陽光標準大床房:HK$185', '歐典陽光標準雙床房:HK$185', '雅典舒適大床房:HK$194']"
