酒店名称,评分,房型价格列表
七仙嶺康樂温泉酒店,9.0,"['豪華半山園景雙床房:HK$293', '豪華雨林園景雙床房:HK$315', '豪華半山温泉雙床房:HK$392', '豪華雨林温泉雙床房5號樓:HK$425']"
保亭七仙嶺雨林仙境温泉度假酒店,9.0,"['高級雨林大床房（獨立私湯温泉+雨林景觀+獨立陽台）:HK$782', '高級雨林雙床房（獨立私湯温泉+雨林景觀+獨立陽台）:HK$782', '豪華雨林大床房（獨立私湯温泉+雨林景觀+獨立陽台）:HK$1,003', '豪華雨林雙床房（獨立私湯温泉+雨林景觀+獨立陽台）:HK$1,004', '精品雨林雙床房（獨立私湯温泉+雨林景觀+獨立陽台）:HK$1,028']"
海南七仙嶺君瀾度假酒店,9.4,"['溪谷宿雙床房（温泉入户+180度雨林景觀）:HK$731', '溪谷宿大床房（温泉入户+180度雨林景觀）:HK$731', '雲鼎別墅大床房（温泉入户+陽光通透）:HK$894', '雨林別墅雙床房（温泉入户+雨林景觀）:HK$972', '雨林別墅大床房（温泉入户+雨林景觀）:HK$972', '雨林親子三人別墅房（温泉入户+户外露台）:HK$1,081']"
那香山雨林度假酒店（保亭呀諾達店）,8.9,"['蜜月單卧泳池別墅:HK$795', '潛山雙卧泳池別墅:HK$987', '湖畔三卧泳池別墅:HK$1,293']"
七仙苗山書雁私湯温泉度假院子,9.6,"['陽光雨林大床房（私湯葯浴温泉+雨林景觀+戴森吹風機）:HK$1,656', '山景雨林雙床房（私湯葯浴温泉+日出景觀+獨立陽台）:HK$2,043', '豪華雨林大床房（私湯葯浴温泉+雨林景觀+獨立陽台）:HK$2,173', '山景雨林大床房（私湯葯浴温泉+日出美景+獨立陽台）:HK$2,302', '270°景觀雨林大床房+私湯葯浴温泉+獨立陽台+日出美景:HK$2,561']"
保亭戴斯酒店,9.1,"['標準大床房:HK$387', '標準雙床房:HK$387', '商務大床房:HK$451', '豪華套房:HK$572']"
翡麗智慧酒店（保亭店）,9.1,"['新風簡約大床房（智能客控+手機投屏）:HK$160', '雅緻舒適大床房（智能客控+零壓床墊+高樓層）:HK$171', '新風簡約雙床房（智能客控+烘乾一體洗衣機）:HK$176', '雅緻舒適雙床房:HK$181']"
天藝精品酒店（保亭七仙廣場店）,8.5,"['尊享陽光大床房【空氣好+乾濕分離+定製洗漱用品】:HK$213', '高級大床房【大空間+會客區+辦公桌椅】:HK$241', '特惠大床房【靜眠舒睡+辦公桌椅+定製洗漱用品】:HK$248', '高級雙床房:HK$267']"
神玉島玉酒店,9.4,"['蝴蝶公主親子房:HK$973', '奶龍親子房:HK$1,081', '櫻桃小丸子親子房:HK$1,081', '喜羊羊與灰太狼親子房:HK$1,081', '奧特曼親子房:HK$1,081', '小熊王子親子房:HK$1,081']"
九九八智聯商務酒店,9.5,"['特價房:HK$173', '標準單人房:HK$251', '商務雙人房:HK$266', '舒適雙床房:HK$268']"
保亭三道榕樹灣民宿農家院,9.1,"['高級大床房:HK$296', '温馨親子房:HK$314']"
維也納國際酒店（保亭中心店）,9.5,"['商務大床房:HK$305', '商務雙床房:HK$305', '景觀大床房:HK$323', '景觀雙床房:HK$323']"
保亭七仙嶺南美温泉山莊,8.1,"['新豪華房:HK$534', '仙景雙床房（無泡池）:HK$534', '優選雙床房:HK$567', '園景大床房:HK$622']"
保亭玉澗歸宿,7.6,"['庭院101房:HK$501', '庭院102房:HK$528', '玉嬋201房:HK$615', '玉嬋301房:HK$649']"
享水谷熱帶雨林國家公園度假酒店,8.6,"['山谷豪華雙標房:HK$401', '特惠雙床房:HK$401', '山谷豪華蜜月房:HK$417', '山谷豪華套房:HK$709']"
共享智能酒店（保亭縣政府店）,9.3,"['Gl優享特惠房（零壓床墊）:HK$148', 'Gl樂享智能大床房（智能客控+零壓床墊）:HK$159', 'G L 私享智能大床房（享有風景+零壓床墊）:HK$169', 'G L 共享智能大床房（享有風景+智能客控+零壓床墊）:HK$191']"
海南七仙瑤池温泉度假酒店,7.8,"['山谷大床房:HK$359', '雨林温泉房:HK$393', '豪華雨林温泉房:HK$410', '複式雨林親子房:HK$726']"
茶溪谷大酒店,9.0,"['茶溪普標雙床房:HK$191', '茶溪普標復古大床房:HK$191', '雲棲木屋雙床房:HK$191', '雲棲木屋大床房:HK$191']"
海南七仙嶺龍灣珺唐酒店,9.2,"['景觀雨林大床房（通透設計+私湯温泉+雨林景觀）:HK$682', '景觀雨林雙床房（通透設計+私湯温泉+雨林景觀）:HK$682', '陽光雨林大床房（朗闊空間+私湯温泉+負氧離子1萬+）:HK$759', '陽光雨林雙床房（朗闊空間+私湯温泉+負氧離子1萬+）:HK$759', '花園親子套房（花園小院+私湯温泉+小童主題）:HK$1,258', '豪華套房（一室一廳遠觀山景+VIP尊享）:HK$1,800']"
保亭雙大野奢康養酒店,9.3,"['豪華大床房:HK$313', '豪華雙床房:HK$313', '一房一廳家庭套房:HK$335', '一房一廳雙床套房:HK$335', '一房一廳大床套房:HK$335']"
呀諾達旅遊區雨林一號度假酒店,9.4,"['山野露營基地雙床房:HK$609', '山野露營基地大床房:HK$609', '高級大床房（迷你冰箱+電動窗簾+茶具）:HK$853', '高級雙床房（迷你冰箱+茶具）:HK$862', '豪華大床房（迷你冰箱+茶具）:HK$994']"
保亭仙嶺郡代爾蒙酒店,8.5,"['兩室兩廳度假園景套房:HK$349', '三室兩廳家庭園景套房:HK$480']"
雅布倫田園山莊酒店（保亭呀諾達店）,9.0,"['雨林別墅大床房:HK$382', '雨林別墅雙標房:HK$382', '雨林別墅豪華親子房:HK$566', '雨林別墅豪華套房:HK$794']"
山道園民宿,8.5,['親子温馨榻榻米房:HK$194']
保亭柒月精品酒店,7.8,"['特惠大床房:HK$151', '主題大床房:HK$162', '柒月精品大床房:HK$173', '智能大床房【智能語音控制】:HK$195']"
保亭保城漢亭智能酒店,9.3,['三人間:HK$186']
保亭星都精品酒店（七仙廣場店）,9.0,"['舒享單間:HK$151', '温馨大床房:HK$173', '陽光大床房:HK$195', '雅緻雙人房:HK$206']"
布隆賽熱帶雨林度假莊園（保亭呀諾達店）,8.9,"['園景泳池別墅雙床:HK$449', '稻田景觀別墅雙床:HK$471', '園景泳池別墅大床:HK$471', '稻田景觀別墅大床:HK$491', '無邊泳池別墅雙床房:HK$503']"
保亭椰香閣酒店,9.1,"['大床房:HK$206', '雙床房:HK$217', '三人間:HK$239']"
保亭三道御景雨林商務酒店,9.0,"['特惠大床房:HK$175', '特惠雙床房:HK$187', '商務大床房:HK$197', '商務雙床房:HK$209']"
北緯十八度蔡園民宿,8.1,"['温馨大床房:HK$183', '温馨雙床房:HK$184', '湖景温馨大床房:HK$270', '雨林庭院温馨家庭房:HK$286']"
保亭秀麗山莊,5.3,"['豪華大床房:HK$302', '豪華雙床房:HK$302', '親子房:HK$326', '麻將房:HK$370']"
椰韻雅舍酒店,8.7,[]
五指山水雲居民宿酒店,9.1,"['湖畔豪華套房一室一廳:HK$370', '湖畔豪華一室一廳（雙標）:HK$425', '湖畔豪華套房二室一廳:HK$454', '園景豪華套房一室一廳:HK$498']"
五指山清能麗景灣酒店,9.0,"['B1-麗景智控大床房:HK$349', 'B1-麗景智控雙床房:HK$370', '靜謐麗景·智控大床房:HK$405', '靜謐河景·智控雙床房:HK$436', '靜謐河景·智控大床房:HK$436', '水墨麗景·智控大床房:HK$508']"
五指山藝宿裏主題客棧,9.7,"['比鄰·温馨大床房:HK$258', '知己·雅緻大床房:HK$329', '大雅•輕奢浴缸雙床房:HK$464', '小雅·禪居大床房:HK$464']"
五指山亞泰雨林酒店,9.1,"['雨林高級山谷雙床房:HK$447', '雨林雅緻別墅雙床房:HK$556', '雨林雅緻別墅大床房:HK$556', '雨林豪華山谷雙床房:HK$720', '雨林豪華山谷大床房:HK$753', '雨林豪華別墅雙床房:HK$824']"
花築·五指山合和館民宿,9.2,"['舒適大床房:HK$209', '觀景陽台大床房:HK$234', '觀景陽台雙床房:HK$246', '家庭套房:HK$495']"
五指山茗蘭舍,9.3,"['雨林氧吧觀山雙標房:HK$514', '雨林氧吧觀山大床房:HK$569', '雨林氧吧觀山套房:HK$974', '雨林氧吧觀山別墅:HK$2,922']"
方諾寨·雨林生態莊園,9.0,"['黎家·田園別院，梯田景觀，田園風格聯排木屋:HK$675', '星墅·雨林景觀超大床房｜智能客控+除濕機+冰箱:HK$1,346', '雨墅·180度雨林景觀超大床房|雙人洗漱台+智能客控+浴缸+除濕機+冰箱:HK$1,590', '山墅·雨林景觀超大床房 ｜客廳+智能客控+除濕機+浴缸+冰箱:HK$1,590', '楓墅·180度雨林景觀超大床房|雙人搖椅+智能客控+浴缸+除濕機+冰箱:HK$1,590']"
五指山珠江水晶酒店,9.2,"['特惠雙床房:HK$312', '山景雙床房:HK$326', '特惠大床房:HK$327', '山景大床房:HK$346', '河景雙床房:HK$349']"
海南御景酒店,9.2,"['御景特惠雙床房:HK$304', '御景雅緻雙床房:HK$315', '御景山谷雨林雙床房:HK$359', '豪華觀景雙床房:HK$403', '豪華觀景大床房:HK$447']"
仁帝山雨林酒店,8.4,"['雨林養生雙床房:HK$520', '雨林養生大床房:HK$613', '養生套房兩室一廳:HK$836', '九養雙床房:HK$929']"
全季酒店（五指山三月三大道店）,9.5,"['大床房:HK$312', '高級大床房:HK$342', '雙床房:HK$372', '家庭房:HK$403']"
五指山中部大酒店,9.3,"['豪華智控雙床房:HK$382', '豪華智控陽台雙床房:HK$424', '豪華智控陽台大床房:HK$452', '親子雙床房:HK$562']"
五指山懿品雲景度假酒店,8.7,"['懿品遠景雙床房:HK$258', '懿品觀景大床房:HK$270', '懿品觀景雙床房:HK$278', '懿品雅緻雙床房:HK$292', '懿品雅緻大床房:HK$292']"
海南三正月酒店,9.5,"['豪華景觀雙床房:HK$1,390', '豪華景觀大床房:HK$1,390', '至尊海景雙床房:HK$1,738', '至尊海景大床房:HK$1,757', '豪華海景大床房:HK$1,826', '豪華海景雙床房:HK$1,826']"
五指山春和酒店,8.7,"['山景榻榻米:HK$170', '山景雙床房:HK$185', '河景雙床房:HK$205', '山景親子房:HK$266']"
五指山紅雅民宿,9.4,"['園景大床房:HK$254', '園景榻榻米:HK$254']"
瓦哎嚕酒店（五指山三月三大道店）,8.6,"['木香·清心榻榻米:HK$139', '沐心·靜謐大床房:HK$149', '拾光·浪漫圓床房:HK$160', '風清·望山雙床房:HK$171']"
