酒店名称,评分,房型价格列表
信陽美亞達酒店（市政府火車站店）,9.6,"['豪華大床房:HK$223', '豪華雙床房:HK$234', '時尚大床房:HK$258', '親子房:HK$270']"
信陽温德姆酒店,9.5,"['高級雙床房:HK$404', '高級大床房:HK$435', '豪華雙床房:HK$470', '豪華大床房:HK$502', '行政雙床房:HK$535', '行政大床房:HK$568']"
信陽花葉院子裏酒店（信陽火車站天潤廣場店）,9.4,"['設計師行政大床房（零壓床墊）:HK$150', '設計師行政雙床房（懸浮床+零壓床墊）:HK$150', '商旅零壓大床房（零壓床墊）:HK$172', '商旅零壓雙床房（零壓床墊）:HK$172', '舒沐泡泡·浴缸圓床房（零壓床品）:HK$205']"
信陽蘭酒店（市政府羊山外國語小學店）,9.4,"['温馨大床房（獨立冰箱）:HK$197', '温馨雙床房（獨立冰箱）:HK$197', '靜逸大床房（自助洗衣房+獨立冰箱）:HK$216', '靜逸雙床房（自助洗衣房+獨立冰箱）:HK$216']"
仟那美宿酒店（信陽火車站溮河區店）,9.6,"['仕居精緻雙床房（零壓記憶枕+智能音控+安然入睡）:HK$220', '仕居精緻大床房（零壓記憶枕+智能音控+安然入睡）:HK$220', '竹溪精品雙床房（城市山景+智能客控+65寸可投屏電視）:HK$246', '竹溪精品大床房（城市山景+智能客控+65寸可投屏電視）:HK$246']"
悦居酒店（信陽高鐵東站大信廣場店）,9.4,"['仕居精緻雙床房:HK$172', '仕居影視房（高清巨幕+VIP海量片源）:HK$182', '全景·悦享舒適大床房:HK$225', '全景·悦享舒適雙床房:HK$235']"
陌上輕居酒店（信陽火車站天潤廣場店）,9.5,"['靜逸大床房（全智能客控+50寸可投屏電視）:HK$212', '雅緻雙床房（全智能客控+50寸可投屏電視）:HK$216', '頌語歡聚機麻棋牌套房:HK$232', '雅緻大床房（全智能客控+加濕器+50寸可投屏電視）:HK$235']"
信陽維斯特精選酒店（萬達廣場高鐵東站店）,9.8,"['特惠雙床房:HK$220', '精選雙床房（健康直飲水）:HK$230', '特惠大床房:HK$230', '精選大床房:HK$270']"
海菲酒店（信陽高鐵站店）,9.3,"['特惠大床房:HK$161', '悦雅雙床房（酒店提供自助洗衣房）:HK$177', '悦漫影院房【100寸巨幕+堅果投影♥贈VIP】:HK$177', '臻品觀影大床房[100寸巨幕+堅果投影♥贈VIP]:HK$195']"
全季酒店（信陽火車站天潤廣場店）,9.8,"['高級大床房:HK$273', '高級雙床房:HK$273', '舒壓-高級大床房:HK$283', '商務大床房:HK$283']"
世紀星酒店（信陽火車站天潤廣場店）,9.7,"['茶藝大床房（65寸投屏電視+全屋聲控冰箱茶台+智能馬桶）:HK$250', '零壓雙床房（65寸投屏巨幕電視+全屋聲控+智能馬桶）:HK$261', '商務大床房（65寸投屏巨幕電視+全屋聲控+智能馬桶）:HK$272', '零壓大床房（65寸投屏巨幕電視+全屋聲控+智能馬桶）:HK$272', '一大一小雙床房（零壓床品+全屋聲控+65寸投屏巨幕電視）:HK$283']"
錦江都城酒店（信陽火車站新中心醫院店）,9.6,"['精緻大床房（智能客控+冰箱+55寸可投屏電視）:HK$237', '時尚大床房（智能客控+冰箱+55寸可投屏電視）:HK$250', '時尚雙床房（智能客控+冰箱+55寸可投屏電視）:HK$263', '風雅大床房（智能客控+冰箱+55寸可投屏電視）:HK$282']"
信陽毛尖酒店（萬達廣場市政府店）,9.5,"['飄香雙床房（無窗）全屋智能+手機投屏+舒達床墊:HK$283', '入香大床房（無窗）全屋智能+手機投屏+舒達床墊:HK$283', '飄香雙床房:HK$292', '入香大床房全屋智能+手機投屏+舒達床墊:HK$292', '含香行政大床房+全屋智能+手機投屏+舒達床墊:HK$328']"
星程酒店（信陽南灣湖師範大學店）,9.7,"['大床房:HK$186', '雙床房:HK$236', '景觀大床房:HK$246', '豪華套房:HK$305']"
季楓酒店（信陽東站店）,9.5,"['雅緻大床房（智能客控+65寸投屏電視+零壓床墊）:HK$246', '行政大床房（智能客控+65寸投屏電視+零壓床墊）:HK$271', '行政雙床房（智能客控+65寸投屏電視+零壓床墊）:HK$271', '豪華大床房:HK$310']"
信陽嘉木山語禪修療愈民宿,9.6,"['棲山觀景大床房:HK$926', '棲雲觀景大床房:HK$1,113', '棲雲觀景雙床房:HK$1,113', '山語觀景雙床房:HK$1,113']"
信陽溮河賓館（西亞和美信陽火車站店）,9.3,"['商務雙床房（智能霧化玻璃）:HK$139', '商務大床房（智能霧化玻璃）:HK$139', '豪華套房（冰箱+智能霧化玻璃）:HK$362', '貴賓套房（自動麻將機+冰箱+智能霧化玻璃）:HK$437']"
信陽聖達酒店（火車站店）,9.5,"['豪華大床房（零壓舒睡床墊+智能語音）:HK$277', '豪華雙床房（零壓舒睡床墊+智能語音）:HK$277', '影音大床房（零壓舒睡床墊+投影+智能語音）:HK$317', '商務大床房（零壓舒睡床墊+智能語音控制）:HK$317', '親子套房（零壓舒睡床墊+智能語音+小童遊樂區）:HK$403']"
金色水岸民宿酒店,9.3,"['影音大床房:HK$188', '影音雙床房:HK$188', '臻享麻將雙床房:HK$214', '臻享親子家庭房:HK$239']"
五月精品酒店（信陽東站恆大廣場店）,9.2,"['特惠大床房:HK$128', '特惠雙床房:HK$128', '豪景雙床房:HK$138', '豪景大床房:HK$138']"
桔子酒店（信陽東站大信廣場店）,9.6,"['高級大床房:HK$289', '商務大床房:HK$308', '豪華雙床房:HK$327', '豪華大床房:HK$345']"
信陽東站大信廣場亞朵酒店,9.6,"['高級大床房（智能客控+手機投屏）:HK$313', '高級雙床房（智能客控+手機投屏）:HK$313', '行政大床房（智能客控+手機投屏）:HK$349', '幾木雙床房（智能客控+Minibar+PRO深睡枕）:HK$349', '幾木大床房（智能客控+Minibar+PRO深睡枕）:HK$385']"
信陽聖德國際酒店,9.6,"['標準雙床房:HK$246', '標準大床房:HK$257', '豪華大床房:HK$354', '豪華雙床房:HK$354', '家庭房:HK$504']"
白玉蘭酒店（信陽東站店）,9.5,"['靜逸大床房:HK$197', '靜逸雙床房:HK$205', '輕雅大床房:HK$223', '輕雅雙床房:HK$233']"
星程酒店（信陽火車站天潤廣場店）,9.5,"['高級大床房:HK$179', '高級雙床房:HK$179', '商務大床房:HK$189', '舒壓-高級大床房:HK$198']"
花葉酒店（羊山新區火車站店）,9.5,"['花語浪漫榻榻米大床房（歡迎果盤 +洗衣擦鞋服務）:HK$137', '商務歡朋雙床房（歡迎果盤 +洗衣擦鞋服務）:HK$149', '滾來滾去大床房（歡迎果盤 +洗衣擦鞋服務）:HK$159', '精英商務歡朋雙大床房（歡迎果盤 +洗衣擦鞋服務）:HK$185']"
信陽毛尖假日酒店（南灣湖店）,9.6,"['毛尖輕奢大床房:HK$311', '毛尖輕奢雙床房:HK$311', '毛尖輕奢家庭房:HK$329', '毛尖輕奢雙床房（麻將房）:HK$364', '毛尖輕奢套房:HK$553']"
白鷺洲民宿,9.6,"['望山竹隱特惠大床房:HK$743', '竹隱小院大床房:HK$961', '竹隱小院家庭房:HK$961', '觀湖風景大床房:HK$1,289', '竹隱小院（整棟）:HK$6,334']"
WE電競觀影酒店（信陽火車站店）,9.2,"['影音大床房（堅果投影儀+騰訊視頻VIP+獨立5GWiFi+酒店提供洗衣房）:HK$189', '影音標準間（雙床）（堅果投影儀+騰訊視頻VIP+獨立5GWiFi+酒店提供洗衣房）:HK$189', '雙人電競影音大床房[RXT3080顯卡+12400F+獨立5GWiFi]+（堅果投影儀+騰訊視頻VIP＋冰箱+酒店提供洗衣房）:HK$283', '雙人電競影音標準間（雙床）[RXT3080顯卡-12400F+獨立5GWiFi]+（堅果投影儀+騰訊視頻VIP＋冰箱+酒店提供洗衣房）:HK$302']"
麗申光明酒店（信陽東站國際商城店）,9.5,"['特價商務大床房:HK$173', '特價雙床房:HK$185', '温馨舒適大床房:HK$202', '温馨舒適雙床房:HK$202']"
錦程酒店（信陽北立交橋店）,9.2,"['大床房:HK$148', '高級大床房:HK$156', '高級雙床房:HK$165', '豪華套房:HK$226']"
信陽南灣湖山茶花酒店,9.3,"['雅緻大床房:HK$391', '雅緻雙床房:HK$467', '豪雅雙床房:HK$533', '影視大床房:HK$653', '親子房:HK$795']"
信陽星宿川沙灘營地,8.5,"['風中之葉-蘑菇屋:HK$961', '天涯海閣-帳篷屋:HK$961', '風中之葉-葉居:HK$1,070']"
豫港賓館（信陽火車站店）,8.6,"['豫選丨精緻雙床房:HK$110', '豫選丨尊享大床房:HK$142', '豫選丨尊享雙床房:HK$142', '豫悦丨商務三人間:HK$189']"
潮漫輕雅酒店（信陽高鐵站店）,9.5,"['曼·亭-特選雙床房（酒店提供自助洗衣房）:HK$170', '曼·雅--致選雙床房（酒店提供自助洗衣房）:HK$180', '曼·雅--致選大床房（酒店提供自助洗衣房）:HK$180', '曼·沐-舒選家庭房（酒店提供自助洗衣房）:HK$204']"
漢庭酒店（信陽火車站店）,9.6,"['高級大床房:HK$168', '雙床房:HK$177', '豪華大床房:HK$177', '豪華雙床房:HK$187']"
藝龍瑞雲酒店（信陽申泰商貿城店）,9.6,"['智享大床房（小度語音·全屋智能客控）:HK$190', '智享雙床房（小度語音·全屋智能客控）:HK$190', '雅享大床房（小度語音·全屋智能客控）:HK$211', '雅享雙床房（小度語音·全屋智能客控）:HK$211']"
希岸酒店（信陽師範大學譚山校區店）,9.6,"['希岸大床房:HK$206', '希岸豪華大床房（零壓床品）:HK$229', '希岸豪華雙床房（零壓床品）:HK$229', '希岸商務大床房（零壓床品）:HK$262']"
家園精品酒店（信陽高鐵東站大信廣場店）,9.5,"['大床房A（酒店提供洗衣房）:HK$136', '雙床房A（酒店提供洗衣房）:HK$174', '高級雙床房（酒店提供洗衣房）:HK$188', '高級大床房（酒店提供洗衣房）:HK$188']"
柏頓酒店（信陽高鐵東站店）,9.5,"['城景·影音大床房:HK$164', '城景·標準雙床房:HK$176', '180°全景·輕奢影音大床房（高清巨幕）:HK$186', '180°全景·輕奢影音浴缸大床房（高清巨幕）:HK$228']"
申城國際酒店（信陽新十八大街店）,9.1,"['雅緻大床房:HK$186', '雅緻雙床房:HK$192', '標準影音大床房:HK$211', '情侶電動影音大床房:HK$256']"
信陽鉑曼酒店（天潤廣場火車站店）,9.5,"['城景·豪華大床房（全智能客控+慕思床墊+TOTO潔具）:HK$260', '城景·豪華雙床房（全智能客控+慕思床墊+TOTO潔具）:HK$260', '城景·鉑金雙床房（全智能客控+慕思床墊+TOTO潔具）:HK$295', '城景·鉑金大床房（全智能客控+慕思床墊+TOTO潔具）:HK$358']"
信陽寶鵬廣場美居酒店,9.6,"['標準大床房（mini吧+空氣凈化器+加濕器）:HK$268', '高級大床房（空氣凈化器+加濕器+MIni吧）:HK$287', '高級雙床房（空氣凈化器+加濕器+MIni吧）:HK$287', '豪華大床房（mini吧+空氣凈化器+加濕器）:HK$307', '豪華雙床房（空氣凈化器+加濕器+MIni吧）:HK$307']"
蘭庭居酒店（信陽火車站店）,9.5,"['特價大床房（客控+75寸電視+凈水機+凈化器冰箱）:HK$141', '智享大床房（75寸電視+凈水機+凈化器+冰箱+客控）:HK$153', '雅智雙床房（75寸電視+凈水機+凈化器+冰箱+客控）:HK$163', '雅智大床房（75寸電視+凈水機+凈化器+冰箱+客控）:HK$163']"
浠岸Deluxe酒店（信陽萬達店）,9.5,"['Deluxe玲瓏大床房（零壓舒睡床墊）:HK$282', 'Deluxe高級大床房（零壓舒睡床墊）:HK$319', 'Deluxe豪華大床房（零壓舒睡床墊）:HK$371', 'Deluxe豪華雙床房（零壓舒睡床墊）:HK$371']"
信陽文新茶村度假酒店,9.5,"['特惠大床房:HK$261', '特惠雙床房:HK$261', '觀景大床:HK$327', '豪華雙床房:HK$327']"
全季酒店（信陽東站店）,9.6,"['高級大床房:HK$293', '豪華大床房:HK$312', '商務大床房:HK$330', '高級雙床房:HK$330']"
信陽橙子精品酒店（和美廣場店）,9.7,"['豪華大床房（品牌床墊+小米空氣凈化器）:HK$254', '豪華雙床房（品牌床墊+小米空氣凈化器）:HK$267', '商務大床房（品牌床墊+小米空氣凈化器）:HK$339', '商務雙床房（品牌床墊+小米空氣凈化器）:HK$339']"
雲智酒店（信陽高鐵東站店）,9.5,"['特惠大床房:HK$169', '優享大床房:HK$203', '尊享智能大床房:HK$254', '尊享雙床房:HK$254']"
你好酒店（信陽火車站新中心醫院店）,9.6,"['大床房:HK$198', '雙床房:HK$207', '高級大床房:HK$217', '高級雙床房:HK$227']"
