酒店名称,评分,房型价格列表
格林豪泰酒店（阿圖什香港城美食街店）,9.5,"['智能雙床房（全屋智能＋加濕器＋藝術博士睡眠床墊）:HK$263', '智能大床房（全屋智能＋加濕器＋藝術博士睡眠床墊）:HK$306', '商務高級大床房（小度智能客控＋可投屏＋加濕器）:HK$436', '商務高級雙床房（小度智能客控＋可投屏＋加濕器）:HK$436']"
喀拉庫勒湖不周山營地公園,9.6,"['慕峯湖景大床房（絕美雪山+製氧機）:HK$1,290', '雪山湖景大床房（絕美雪山＋製氧機）:HK$1,508', '雪山湖景雙床房（絕美景觀＋製氧機）:HK$1,508', '星空觀景套房（完美景色+製氧機）:HK$2,273']"
愛帕民宿（白沙湖店）,9.0,"['湖棲別院一室一廳圓床房（全屋地暖）:HK$1,309', '湖棲別院雙床房（全屋地暖）:HK$1,309', '別墅一室一廳圓床庭院房（全屋地暖+製氧機+加濕器）:HK$1,418', '別墅庭院雙床房（全屋地暖+製氧機+加濕器）:HK$1,418', '別墅兩室一廳庭院套房（全屋地暖+製氧機+加濕器）:HK$2,292']"
阿圖什浙東大酒店,9.5,"['高級雙床房:HK$251', '高級大床房:HK$251', '商務大床房:HK$293', '商務雙床房:HK$293', '景觀大床房:HK$359']"
美豪麗致酒店（烏恰人民廣場店）,9.1,"['麗致山景雙床房:HK$344', '麗致山景大床房:HK$369', '雅緻山景大床房:HK$411', '靜雅山景雙床房:HK$450', '雅緻山景雙床房:HK$460']"
全季酒店（阿圖什店）,9.5,"['大床房（冰箱·65寸投屏電視·恆温馬桶·金可兒床墊）:HK$288', '高級大床房（冰箱·65寸投屏·恆温馬桶·金可兒床墊）:HK$335', '商務大床房（冰箱·65寸投屏·恆温馬桶·金可兒床墊）:HK$372', '高級雙床房（冰箱·65寸投屏·恆温馬桶·金可兒床墊）:HK$400']"
克州國際大酒店（克孜勒蘇柯爾克孜自治州博物館店）,9.8,"['優享大床房:HK$462', '尊享大床房:HK$500', '尊享雙床房:HK$537', '舒心大床房:HK$574', '舒心雙床房:HK$611']"
阿圖什逸居酒店,9.8,"['逸棲風雅丨內景雙床房:HK$213', '逸棲風雅丨內景大床房:HK$222', '逸風古韻丨內景維風大床房:HK$254', '逸風古韻丨內景維風雙床房:HK$254']"
漢庭酒店（阿圖什店）,9.4,"['大床房（65寸投屏電視·恆温馬桶·金可兒床墊羽絨被）:HK$254', '高級大床房（65寸投屏電視·恆温馬桶·金可兒床墊）:HK$301', '高級雙床房（65寸投屏電視·恆温馬桶·金可兒床墊）:HK$348', '商務雙床房（65寸投屏電視·恆温馬桶·金可兒床墊）:HK$386']"
克州帕米爾大酒店,9.5,"['特惠大床房:HK$388', '特惠雙床房:HK$388', '豪華雙床房:HK$604', '豪華大床房:HK$622', '行政套房:HK$816']"
慕雲營地（喀拉庫勒湖店）,10.0,"['息羽靜謐雙床房+製氧機:HK$1,256', '棲雲九別雙床房+絕美山景+製氧機:HK$2,129', '慕峯靜謐大床房+絕美山景+製氧機:HK$2,129', '慕峯湖景大床房+絕美山景湖景+製氧機:HK$2,567']"
遇見慕士塔格公路酒店,9.6,"['山谷大床房|彌散式製氧設備+金可兒床墊+大赫電地暖:HK$1,578', '山谷雙床房|彌散式製氧設備+金可兒床墊+大赫電地暖:HK$1,763', '雪山湖景雙床房|彌散式製氧設備+金可兒床墊+大赫電地暖:HK$2,321', '雪山湖景大床房|彌散式製氧+金可兒床墊+大赫電地暖:HK$2,506', '山谷套房|彌散式製氧設備+金可兒床墊+大赫電地暖:HK$2,572', '親子山谷套房|彌散式製氧設備+金可兒床墊+大赫電地暖:HK$2,967']"
熱巴的家,9.5,"['榻榻米公主房:HK$416', '標準雙床房:HK$431', '豪華大床房:HK$462', '豪華套房:HK$825']"
橙芷·白沙湖,8.5,"['大床房:HK$618', '豪華雙床房:HK$829', '親子套房:HK$1,077', '豪華套房:HK$2,050']"
阿克陶縣帕米爾國際大酒店,8.7,"['標準雙床間:HK$249', '標準大床房:HK$249', '大床房:HK$267', '豪華大床房:HK$277']"
愛帕度假酒店（白沙湖店）,7.9,"['標準大床房:HK$512', '標準雙床房:HK$512', '豪華標準間（電地暖）:HK$545', '景觀大床房（電地暖）:HK$545']"
御景雅居酒店,9.5,"['雅居大床房:HK$511', '雅居雙人間:HK$588', '豪華雙床房:HK$752']"
騎仕國際酒店,8.6,"['特價房:HK$217', '豪華大床房:HK$257', '尊享大床房:HK$257', '豪華雙床房:HK$257']"
烏恰國際商務中心,8.5,"['商務標間:HK$194', '特惠行政標間:HK$249', '行政標間:HK$260', '商務單間:HK$293']"
速8精選酒店（阿克陶店）,8.9,"['標準大床房:HK$242', '標準雙床房:HK$264', '商務大床房:HK$264', '高級雙床房:HK$273']"
烏恰清源酒店,8.9,"['特惠標準間:HK$273', '標準雙床房:HK$307', '標準大床房:HK$307', '標準三人間:HK$385']"
蘇格慕麗酒店,8.3,"['大床房:HK$232', '標準雙床房:HK$243', '三人間:HK$271']"
IU酒店（阿克陶店）,9.5,"['小U·舒適大床房:HK$194', '小U·舒適雙床房:HK$196', 'U+零壓大床房:HK$222', 'U+零壓雙床房:HK$232']"
西極鉑悦假日酒店,8.9,"['西極時光特價標準間:HK$397', '西極時光雙床房（智能語音管家+裸棉布草）:HK$510', '西極時光大床房（智能語音管家+裸棉布草）:HK$510', '西極霞光豪華大床房（智能語音管家+裸棉布草）:HK$565']"
億森酒店,8.2,"['特惠單人房:HK$227', '標準雙床房:HK$260', '舒適大床房:HK$260', '雅緻大床房:HK$291']"
塔爾鄉東歸驛站（杏花谷遊客中心店）,8.0,"['三人間（無獨立衞生間）:HK$435', '大床房:HK$468', '標準雙床房:HK$468', '商務套房:HK$743']"
葱嶺山居民宿,8.8,"['青旅-高級雙人間（公共衞浴）:HK$255', '塔吉克幾何民宿-玉樓小築:HK$589', '塔吉克幾何房-杏花煙雨:HK$589', '塔吉克幾何房-山迴路轉:HK$589']"
三意合招待所,6.2,[]
全季酒店（喀什徠寧機場自由貿易試驗區店）,9.5,"['高級大床房（智能客控+冰箱）:HK$270', '高級雙床房（智能客控+冰箱）:HK$288', '商務大床房（智能客控+冰箱）:HK$307', '商務雙床房（智能客控+冰箱）:HK$325']"
東方酒店（喀什機場迎賓大道店）,9.3,"['智能大床房:HK$352', '智能雙床房:HK$415', '東方大床房:HK$444', '東方高級雙床房:HK$467', '東方高級大床房:HK$470']"
喀什HIYO喜域天台花園民宿,9.6,"['花園大床房（零壓床墊+智能馬桶+獨立空調+品質床品 ）:HK$400', '喜域大床房（零壓床墊+智能馬桶+品質床品 ）:HK$400', '花園榻榻米房（零壓床墊+智能馬桶+獨立空調+地暖）:HK$431', '花園雙床房（零壓床墊+智能馬桶+獨立空調+品質床品 ）:HK$476']"
全季酒店（喀什徠寧機場店）,9.7,"['大床房（金可兒床墊+茶空間+智能客控）:HK$288', '高級大床房（金可兒床墊+茶空間+智能客控）:HK$325', '高級雙床房（金可兒床墊+茶空間+智能客控）:HK$325', '商務雙床房（金可兒床墊+茶空間+智能客控）:HK$363']"
喀什徠寧國際機場亞朵酒店,9.9,"['高級大床房（電視投屏+加濕器+半智能馬桶）:HK$475', '高級雙床房（電視投屏+加濕器+半智能馬桶）:HK$529', '幾木大床房（電視投屏+加濕器+小冰箱+半智能馬桶）:HK$529', '幾木雙床房（電視投屏+加濕器+小冰箱+半智能馬桶）:HK$592', '幾木親子房（電視投屏+加濕器+小冰箱+半智能馬桶）:HK$682']"
棲香園民宿館（喀什香妃園景區店）,9.8,"['高級大床房:HK$470', '高級雙床房:HK$503', '豪華大床房:HK$503', '豪華雙床房:HK$535']"
疆徠民宿（喀什博物館店）,9.6,"['桃槐·精品大床房（投影儀+內置衞生間）:HK$255', '且末·雅居大床房（投影儀+公共衞浴）:HK$483', '墨山·榻榻米房（投影儀+公共衞浴）:HK$490', '依耐·臻品大床房（投影儀+公共衞浴）:HK$545']"
漢庭酒店（喀什古城迎賓大道店）,9.7,"['大床房[喜臨門床墊+護頸記憶枕+智能馬桶]:HK$323', '高級大床房[喜臨門床墊+護頸記憶枕+智能馬桶]:HK$352', '高級雙床房[喜臨門床墊+護頸記憶枕+智能馬桶]:HK$352', '家庭房[喜臨門床墊+護頸記憶枕+智能馬桶]:HK$390']"
喀什大學新泉校區亞朵X酒店,10.0,"['高級大床房（電視投屏+全智能馬桶+小冰箱）:HK$295', '行政大床房（電視投屏+全智能馬桶+小冰箱）:HK$360', '行政雙床房（電視投屏+小冰箱+全智能馬桶）:HK$370', '幾木雙床房（電視投屏+全智能馬桶+小冰箱）:HK$385', '幾木大床房（電視投屏+全智能馬桶+小冰箱）:HK$388']"
速8精選酒店（騎仕大觀園喀什徠寧國際機場店）,9.5,"['標準大床房:HK$188', '標準雙床房（智能窗簾+優質採光+品質床墊）:HK$188', '商務大床房（智能窗簾+優質採光+品質床墊）:HK$208', '商務雙人房（智能窗簾+優質採光+品質床墊）:HK$208']"
海友酒店（喀什火車站店）,9.6,"['高級大床房可投屏:HK$232', '高級雙床房可投屏:HK$232', '商務大床房可投屏:HK$260', '家庭房.可投屏:HK$270']"
格林豪泰酒店（喀什機場店）,9.4,"['商務大床房:HK$203', '商務雙床房:HK$203', '商務高級大床房:HK$214', '商務高級雙床房:HK$214']"
拾光牧歌民宿（喀什博物館店）,9.7,"['西域小鎮丨精品大床房（極米投影儀+哈曼卡頓音響+電動投影布）:HK$389', '塔里木丨精品雙床房（極米投影儀+哈曼卡頓音響+電動投影布）:HK$532', '慕士塔格丨精品大床房（極米投影儀+哈曼卡頓音響+電動投影布）:HK$532', '夢迴樓蘭丨精品大床房（極米投影儀+哈曼卡頓音響+電動投影布）:HK$532']"
喀什印象古巷民宿,9.8,"['古巷特惠大床房:HK$153', '古巷雙床房:HK$184', '古巷高級大床房:HK$216', '古巷家庭房:HK$274']"
維也納酒店（喀什徠寧國際機場店）,9.9,"['高級大床房:HK$322', '豪華大床房:HK$397', '豪華雙床房:HK$433', '商務大床房:HK$458']"
喀什美華酒店（火炬大廈店）,9.6,"['觀景大床房（全屋智控+全景落地窗）:HK$574', '高級大床房:HK$597', '高級雙床房:HK$625', '商務雙床房:HK$625', '行政大床房:HK$639']"
雲尚柏庭酒店（喀什徠寧機場店）,9.2,"['雲夢大床房:HK$205', '雲享大床房:HK$216', '雲端雙床房:HK$216', '雲錦雙床房:HK$216']"
麗楓酒店（喀什火炬大廈小亞郎濕地公園店）,9.2,"['私密||雅緻大床房:HK$308', '純凈||自然雙床房:HK$334', '甄選||景觀家庭房:HK$384', '相愛||豪華大床房:HK$878']"
喀什天緣國際酒店,9.2,"['豪華雙人間:HK$872', '商務套房:HK$1,508', '豪華套房:HK$1,949']"
香妃十二月民宿（喀什徠寧國際機場喀什火車站店）,9.3,"['香韻綺夢 | 大床房（燒烤爐+智能門鎖+庭院景觀）:HK$200', '雅韻雙棲 | 雙床房（燒烤爐+智能門鎖+庭院景觀）:HK$213', '奢雅雲閣 | 套房（燒烤爐+智能門鎖+庭院景觀）:HK$243', '温馨家庭 | 親子房（燒烤爐+智能門鎖+庭院景觀）:HK$310']"
喀什菲蘭特國際酒店,9.4,['特價高級雙床房:HK$265']
悦客之家民宿（喀什香妃園景區店）,9.9,"['悦客豪華大床房:HK$196', '悦客特色大床房:HK$219', '悦客豪華雙床房:HK$230', '悦客特色雙床房:HK$265']"
