酒店名称,评分,房型价格列表
雲宿精品酒店（南平萬達廣場店）,9.5,"['特價大床房:HK$266', '豪華大床房:HK$362', '豪華雙床房:HK$362', '棋牌休閑套房:HK$487', '豪華套房:HK$488']"
維也納國際酒店（南平建陽建平大道店）,9.5,"['山景大床房:HK$300', '景觀大床房:HK$330', '山景雙床房:HK$350', '智能城景大床房:HK$370', '城景雙床房:HK$400']"
南平閩北大飯店,9.1,"['高級雙床房:HK$361', '江景大床房:HK$436', '江景雙床房:HK$436', '江景行政大床房:HK$486', '高級套房:HK$694']"
南平御景國際酒店,8.8,"['經濟房:HK$315', '情侶房:HK$315', '精品標間:HK$315', '標準大床房:HK$348', '商務山景大床房:HK$380']"
宜尚酒店（南平建發悅城中心建陽站店）,9.5,"['負氧離子舒適大床房「雅瀾高端床墊+舒適睡眠+森林呼吸」:HK$238', '負氧離子舒適雙床房「雅瀾高端床墊+舒適睡眠+森林呼吸」:HK$249', '陽光滿屋高級大床房「安睡零壓枕芯+電視投屏+舒軟沙發」:HK$260', '陽光滿屋高級雙床房「安睡零壓枕芯+電視投屏+舒軟沙發」:HK$271', '童趣時光親子雙床房「家庭温馨小居+180°陽光+乾濕分離」:HK$271']"
尚客優悦酒店（南平建陽體育館店）,9.6,"['舒適大床房（落地窗+全屋智能）:HK$220', '智能優悦零壓大床房（超大空間+落地窗+全屋智能）:HK$256', '優悦零壓雙床房（超大空間+落地窗+全屋智能）:HK$256', '麻將大床房（超大空間+落地窗+全屋智能）:HK$273']"
南平武夷悦酒店,9.5,"['商務大床房:HK$391', '商務雙床房:HK$391', '高級雙床房:HK$424', '高級大床房:HK$424', '親子房:HK$457', '豪華雙床房:HK$457']"
南平雅閣國際大酒店,9.1,"['雅閣大床房:HK$435', '雅閣雙床房:HK$435', '豪華江景大床房:HK$654', '豪華江景雙床房:HK$654', '行政江景大床房:HK$1,025', '行政江景雙床房:HK$1,025']"
南平漢歌精品酒店,9.2,"['精緻大床房:HK$223', '精品大床房:HK$276', '精品雙床房:HK$278', 'VIP精品大床房:HK$324']"
南平中都温德姆酒店,8.9,"['豪華大床房:HK$420', '豪華雙床房:HK$431', '高級大床房:HK$477', '高級雙床房:HK$477', '豪華套房:HK$738']"
漢庭酒店（南平市政府店）,9.6,"['大床房:HK$196', '高級雙床房:HK$196', '高級大床房:HK$224', '豪華大床房:HK$243']"
拾光民宿（建發悅城店）,10.0,"['荷塘別墅/花園大床房/超清投影/智能語音控制/禪意茶室:HK$293', '拾光花語 南洋大床房 超清投影 智能語音控制 禪意茶室:HK$293', '夢之/別墅/超大落地窗大床房超清投影智能語音禪意茶室:HK$293', '清風別墅/意式大床房/超清投影/智能語音控制/禪意茶室:HK$293']"
早起的鳥民宿,9.3,"['温馨特價大床房:HK$270', '意式簡約風特價大床房:HK$285', '安靜質樸日式風大床房:HK$333', '温馨浪漫投影大床房:HK$360']"
南平繽紛里民宿（卧龍灣花花世界店）,9.6,"['花意自在雙床房:HK$459', '花漾自在雙床房（客廳）:HK$569', '茶香悠然套房:HK$569', '趣享親子家庭房（複式帶滑梯）:HK$678', '繽紛悦居套房（客廳+智能馬桶）:HK$744']"
南平西城國際大酒店,9.0,"['雅緻大床房（新風系統）:HK$304', '雅緻雙床房（新風系統）:HK$304', '豪華雙床房（新風系統）:HK$326', '豪華大床房（新風系統）:HK$326', '行政雙床房（新風系統）:HK$369']"
最佳西方財富酒店（南平建陽悦城店）,9.0,"['精緻大床房:HK$271', '豪華大床房:HK$282', '豪華雙床房:HK$282', '行政雙床房:HK$359', '行政大床房:HK$359']"
維也納3好酒店（南平建陽店）,9.2,"['錦享茶舍大床房（智能馬桶+零壓床墊）:HK$230', '高級大床房（智能馬桶+零壓床墊）:HK$235', '豪華雙床房（智能馬桶+零壓床墊）:HK$265', '影院大床房（智能馬桶+零壓床墊）:HK$274']"
南平星空影院民宿,9.5,"['温情浪漫房:HK$168', '青葱影院大床房:HK$180', '小清新影院大床房:HK$185', '璽享影院大床房:HK$193']"
藝選酒店（南平建陽汽車站三中店）,9.1,"['舒適大床房:HK$163', '商務大床房:HK$184', '尊享大床房:HK$196', '商務雙床房:HK$196']"
南平九峯大廈,8.7,"['標準大床房:HK$326', '標準雙床房:HK$326', '親子房:HK$389', '商務套房:HK$633']"
南平富宸國際大酒店,8.7,"['精品榻榻米:HK$171', '豪華大床房:HK$190', '豪華雙床房:HK$210', '行政大床房:HK$229']"
楠悅左岸酒店（南平市政府店）,9.1,"['初見·簡約大床房（全景落地窗+休閑沙發）:HK$177', '且聽·簡約雙床房（全景落地窗+商務辦公桌）:HK$177', '初見·豪華大床房（全景落地窗+休閑沙發）:HK$184', '且聽·豪華雙床房（全景落地窗+商務辦公桌）:HK$184']"
南平武夷山德懋堂度假村,9.5,"['雲院一室一廳（別墅）:HK$1,345', '雲院（獨棟別墅）:HK$1,942', '水院（獨棟別墅）:HK$4,460']"
南平延林大酒店,8.8,"['行政雙床房:HK$278', '行政大床房:HK$278', '輕奢智能大床房:HK$351', '輕奢智能雙床房:HK$351']"
南平建陽大飯店,9.3,"['普通標準間:HK$126', '行政大床房:HK$158', '行政標準間:HK$166', '三人間:HK$206']"
棲息北舍公寓（下嚴墩店）,9.0,"['豪華大床房:HK$256', '舒適大床房:HK$256', '陽光大床房:HK$267', '標準雙床房:HK$278']"
南平漢歌誠品酒店（延平站大學城店）,9.4,"['室-寬適超高大床房（深睡記憶枕+乾濕分離）:HK$182', '適-江景大床房（深睡記憶枕+乾濕分離）:HK$230', '適-智能舒睡房（負氧離子床墊+睡眠監測儀+白噪音）:HK$249', '適-江景雙床房（深睡記憶枕+乾濕分離）:HK$261']"
南平尚庭智慧酒店（建陽二中店）,8.9,"['温馨小築榻榻米間:HK$148', '輕居致尚大床房:HK$159', '輕居致尚雙床房:HK$168', '觀景影院大床房:HK$189']"
姚府民宿（延平大學城店）,9.6,"['豪華大床房:HK$203', '標準雙床房:HK$216', '豪華套房:HK$228']"
南平禧悦詩意酒店,9.2,"['舒適大床房:HK$176', '舒適大床A:HK$189', '暢享影音房:HK$202', '精選大床房:HK$208']"
南平金都大酒店（汽車站店）,8.5,"['金都丨舒適大床房【舒適睡眠】:HK$170', '靜雅丨行政雙床房【街景+浴缸】:HK$183', '特惠丨商務大床房【簡約風格】:HK$183', '築夢丨豪華雙床房【城市風光+房間寬敞】:HK$208']"
南平元錦商務酒店,8.5,"['標準大床房:HK$164', '商務雙床房:HK$176', '豪華大床房:HK$176', '智能精品大床房:HK$270']"
如家派柏·雲酒店（延平大劇院店）,8.4,"['商務大床房:HK$187', '惠享雙床房（無窗-智能馬桶）:HK$192', '商務雙床房:HK$238', '零壓精選雙床房:HK$257']"
南平西方財富酒店,8.5,"['特惠雙人間:HK$283', '特惠單人間:HK$283', '商務大床房:HK$315', '商務雙床房:HK$315', '高級雙人間:HK$348']"
西苑民宿（南平人民西路店）,9.3,"['星河大床房:HK$171', '觀瀾大床房:HK$171', '柏林大床房:HK$171', '正達鹿鳴影院大床房:HK$171']"
拾光民宿（南平延平站大學城店）,9.4,"['温馨雙床間:HK$206', '北歐大床房:HK$206', '豪華觀影北歐大床房:HK$243']"
臻璽客舍酒店,9.1,"['精品大床房:HK$238', '臻璽商務房:HK$260']"
南平鼎盛商務酒店（區政府店）,9.0,"['特價房（無車位）:HK$147', '特惠雙床房:HK$151', '簡歐大床房:HK$160', '簡歐雙床房:HK$167']"
柏瑞酒店式公寓,9.8,"['標準大床房:HK$118', '高級大床房:HK$129', '高級雙床房:HK$140', '豪華大床房:HK$162']"
南平億發大酒店,8.5,"['標準大床房:HK$208', '標準雙床房:HK$212', '豪華單人間:HK$234', '豪華標準間:HK$234']"
南平半山小築民宿,9.5,"['温馨大床房:HK$175', '半山小築·大床房:HK$193']"
南平棲息北舍公寓,8.8,"['棲息精選大床房:HK$156', '棲息豪華大床房:HK$164', '棲息豪華套房:HK$182', '棲息家庭套房:HK$593']"
南平四賢客棧,9.2,"['楊時:HK$242', '李侗:HK$247', '湖岸:HK$339', '延平大床房:HK$359']"
南平錦園賓館（建陽汽車站店）,9.0,"['舒適大床房:HK$156', '舒適雙床房:HK$173', '温馨三人間:HK$217', '親子房:HK$217']"
愛琴海主題酒店（南平延平汽車站店）,9.3,"['特惠大床房:HK$186', '時尚大床房:HK$211', '商務雙床房:HK$217', '電動床主題房:HK$229']"
徐家小院,10.0,"['標準雙床房:HK$206', '大床房:HK$327']"
千禧商務賓館,9.6,"['豪華大床房:HK$140', '豪華雙床房:HK$160']"
南平三山柏悦酒店,8.8,"['雅居大床房:HK$236', 'VIP智能花園大床房:HK$391']"
南平知魚公寓,9.1,"['知魚知性大床房:HK$143', '知魚温馨大床房:HK$143', '知魚知樂大床房:HK$143', '知魚智能影院房:HK$164']"
a5990民宿,9.7,"['簡約大床房103:HK$142', '標準大床房102:HK$158', '標準大床房106:HK$158', '豪華大床房108:HK$182']"
