酒店名称,评分,房型价格列表
台州椒江體育中心亞朵酒店,9.6,"['高級大床房（裸棉床品+慢回彈記憶枕）:HK$376', '高級雙床房（裸棉床品+慢回彈記憶枕）:HK$394', '行政大床房（裸棉床品+手機投屏）:HK$412', '行政雙床間（裸棉床品+手機投屏）:HK$430', '幾木雙床房（小冰箱+手機投屏+深睡RPO枕）:HK$475']"
台州椒江學院路亞朵酒店,9.7,"['高級雙床房（裸棉床品+慢回彈記憶枕）:HK$403', '高級大床房（裸棉床品+慢回彈記憶枕）:HK$421', '行政大床房（裸棉床品+手機投屏+小冰箱）:HK$448', '幾木雙床房（深睡RPO枕+手機投屏+小冰箱）:HK$466', '幾木大床房（深睡RPO枕+手機投屏+小冰箱）:HK$484']"
君瀾·飛龍山莊,9.5,"['瀾韻雙床房:HK$662', '瀾韻大床房:HK$662', '瀾韻園景大床房:HK$717', '瀾韻庭院雙床房:HK$888', '瀾趣親子雙床房:HK$1,069', '瀾澗湖景雙床房:HK$1,069']"
台州美住酒店（椒江市府大道寶龍城店）,9.3,"['精緻特惠雙床房-智能客控:HK$347', '輕奢高級大床房-智能客控:HK$371', '輕奢高級雙床房-智能客控:HK$391', '奢選豪華舒睡大床房[睡眠床墊+智能客控]:HK$413', '奢選豪華舒睡雙床房[睡眠床墊+智能客控]:HK$413']"
台州椒江希爾頓歡朋酒店,9.5,"['舒適雙床房:HK$460', '舒適大床房:HK$460', '高級雙床房:HK$508', '高級大床房:HK$517', '豪華大床房:HK$556']"
雲渡裏酒店（台州椒江店）,9.6,"['雲品·園林景觀雙床房（智能客控）:HK$501', '雲享·雅緻大床房（智能客控）:HK$501', '水韻·榻榻米大床房（智能巨幕影音·智能客控·陽台）:HK$578', '雲逸·榻榻米大床房（智能客控）:HK$588', '雲逸·甄選雙床房（智能客控）:HK$588', '雲廬·臻享大床房（智能巨幕影音·智能客控·浴缸）:HK$686']"
奈斯·泊雅酒店（台州椒江市府大道店）,9.7,"['雅·園林複式套房「一層會客空間+智能馬桶」:HK$406', '清·高級雙床房「藍牙音響+乳膠記憶棉枕」:HK$427', '舍·山景大床房「立體聲藍牙音響+休閑辦公區」:HK$448', '靜·豪華雙床房「乳膠記憶棉枕+休閑辦公區」:HK$470', '悠·陽台大床房「園林景觀L型沙發休閑區」:HK$513']"
全季酒店（台州學院店）,9.5,"['高級大床房:HK$397', '商務大床房:HK$426', '商務雙床房:HK$453']"
台州晶琪麗景酒店（椒江海洋世界店）,9.3,"['高級.商旅雙床房（康乃馨布草+榻榻米）:HK$323', '輕奢.豪華大床房（超大4K超清電視+金可兒舒睡床墊）:HK$395', '輕奢.豪華雙床房（超大4K超清電視+智能客控）:HK$414', '舒適.零壓大床房（深睡零壓床墊+智能語音客控）:HK$428', '精品.浴缸大床房（全屋智能聲控+超大浴缸+智能衞浴）:HK$446']"
台州臨海亞朵酒店,9.5,"['高級大床房:HK$547', '高級雙床房:HK$547', '行政大床房:HK$637', '行政雙床房:HK$637', '行政城景大床房:HK$897']"
台州希爾頓酒店,9.5,"['豪華雙床房:HK$715', '無障礙房:HK$747', '豪華大床房:HK$747', '高級豪華雙床房:HK$758', '高級豪華大床房:HK$790', '行政大床房:HK$1,006']"
台州陳居酒店（台州學院店）,9.6,"['舒適單人間（智能馬桶+智能窗簾）:HK$248', '豪華大床房（智能馬桶+智能窗簾+洗衣機）:HK$286', '陽台大床房（智能馬桶+室外觀景陽台+洗衣機）:HK$298', '豪華雙床房（智能馬桶+智能窗簾+會客桌）:HK$305']"
TIDE LAB潮酒店（路橋中盛廣場店）,9.4,"['一倉｜觀影大床房「堅果投影 + 騰訊影視會員 + 小冰箱」:HK$348', '二倉｜深眠雙床房「睡眠記憶枕 + 乳膠床墊 + 親膚床品」:HK$379', '二倉｜深眠大床房「睡眠記憶枕 + 乳膠床墊 + 親膚床品」:HK$379', '三倉｜城景大床房「臨窗榻榻米 + 騰訊會員 + 睡眠床品」:HK$412', '五倉｜親子雙床房「一大一小床 + 卡通佈置 + 小童用品」:HK$422']"
台州晶琪·美侖酒店,9.4,"['高級大床房（深度睡眠+品牌床墊）:HK$344', '大床房（深度睡眠+品牌床墊）:HK$359', '高級雙床房（深度睡眠+品牌床墊）:HK$359', '商務雙床房（深度睡眠+品牌床墊）:HK$387', '商務大床房（深度睡眠+小冰箱）:HK$416']"
台州遠洲鳳凰山莊·貴賓樓,9.5,"['行政貴賓雙床房B幢:HK$940', '行政貴賓雙床房A幢:HK$940', '行政貴賓大床房B幢:HK$940', '行政貴賓大床房A幢:HK$940', '大嘴猴主題行政貴賓大床房:HK$1,125', '行政貴賓大使套房B幢:HK$1,705']"
台州臨海江景國際大酒店,9.2,"['雅緻大床房:HK$392', '雅緻江景大床房:HK$425', '園景雙床房:HK$425', '高空江景大床房:HK$447', '嚴選江景雙床房:HK$447']"
台州半隱犀酒店（椒江市府大道市立醫院店）,9.5,"['白雲山｜田園庭景大床房（庭院植景+新風凈化器）:HK$353', '海門老街｜商旅大床房（智能潔具+影音娛樂）:HK$365', '影犀智能雙床房（全屋聲控）:HK$378', '雲西公園 ｜摩登大床房（極米投影+巨幕影音）:HK$431', '康平美食｜北歐風情大床房（智享互聯+小愛音箱）:HK$471']"
台州中話模具主題酒店（台州西站店）,9.6,"['迷你大床房│空氣凈化│足部按摩│小冰箱:HK$237', '雅緻大床房│大空間│空氣凈化│足部按摩器:HK$278', '雅緻雙床房│大空間│空氣凈化│乾濕分離│足部按摩器:HK$290', '雅緻榻榻米大床房│小冰箱│足部按摩器:HK$302']"
台州黃巖亞朵酒店,9.6,"['高級大床房:HK$390', '行政大床房:HK$430', '行政雙床房:HK$430', '幾木大床房:HK$471', '幾木雙床房:HK$471']"
謳印智尚酒店（中盛商場飛龍湖露營店）,9.6,"['ALL·IN丨輕居悦己 · [Lucky居]:HK$273', '悦己丨高級目景大床房丨城市景觀丨安睡:HK$294', '悦己丨高級目景雙床房丨城市景觀丨安睡:HK$294', '自在丨高層景觀智奢大床房丨智能客控丨記憶枕丨冰箱:HK$319']"
台州府城印酒店,9.5,"['梧桐水景雙床房:HK$1,844', '城牆庭院大床房:HK$2,172', '梧桐水景豪華雙床房:HK$2,172', '香樟景觀大床房:HK$2,172', '城牆庭院豪華大床房:HK$2,391']"
台州陌客酒店（台州體育中心店）,9.5,"['特價大床房:HK$313', '豪華大床房:HK$348', '豪華雙床房:HK$348', '行政大床房:HK$435', '家庭影院房:HK$523']"
全季酒店（台州路橋中盛廣場店）,9.6,"['高級大床房:HK$359', '高級雙床房:HK$359', '商務大床房:HK$378', '豪華大床房:HK$387']"
帕瑞思·雅緻酒店PRIUS HOTEL（葭沚老街花園菜市場店）,9.5,"['雅韻·榻榻米大床房「4D護頸乳膠枕+全屋聲控聯動」:HK$259', '雅緻·商旅大床房「慢回彈承託床墊+定製床品+全屋智控」:HK$280', '雅緻·商旅雙床房「降噪隔音玻璃+超柔床品+全屋智控」:HK$322', '雅靜·豪華大床房「寬大沙發+天然回彈乳膠枕+全屋聲控」:HK$322', '雅聚·棋牌雙床房「低音自動麻將機+全屋智控+定製床品」:HK$374']"
台州耀達國際酒店,9.4,"['高級大床房:HK$591', '高級雙床房:HK$617', '豪華大床房:HK$698', '行政大床房:HK$781', '尊享豪華大床房:HK$1,191', '尊享行政大床房:HK$1,552']"
萬斯酒店（台州店）,9.6,"['高級雙床房:HK$495', '精緻大床房:HK$495', '温馨家庭房:HK$527', '豪華大床房（戴森吹風機+全智能馬桶+小度語音控制+Coffe機+冰箱）:HK$536', '舒達零壓豪華大床房:HK$579']"
全季酒店（台州椒江七號碼頭店）,9.4,"['大床房:HK$293', '高級雙床房:HK$302', '高級大床房:HK$312']"
台州老糧坊藝墅酒店,9.3,"['雅緻大床房（零壓床墊）:HK$241', '雅緻雙床房（零壓床墊）:HK$317', '香茗大床房:HK$330', '香茗親子房:HK$379']"
全季酒店（台州路橋區政府店）,9.7,"['商務雙床房:HK$289', '家庭房:HK$299', '商務大床房:HK$309', '豪華套房:HK$355']"
台州路橋亞朵酒店（十里長街店）,9.7,"['雅緻大床房（裸棉床品+慢回彈記憶枕）:HK$376', '高級大床房（裸棉床品+慢回彈記憶枕）:HK$403', '高級雙床房（裸棉床品+慢回彈記憶枕）:HK$403', '行政大床房（深睡PRO枕+手機投屏+小冰箱）:HK$430', '行政雙床房:HK$430']"
大陳島喔里民宿,9.6,"['1樓山景loft親子房:HK$764', '園景標準親子房:HK$1,091', '海景豪華浴缸大床房:HK$1,528', '海景榻榻米親子房:HK$1,528']"
雲渡裏酒店（台州灣方特店）,9.6,"['雲悠雙床房:HK$359', '雲戲棋牌房:HK$359', '雲品大床房:HK$393', '雲居大床房:HK$414', '雲享雙床房:HK$425']"
台州開元大酒店,9.6,"['開元雙床房:HK$393', '豪華雙床房:HK$426', '開元大床房:HK$458', '豪華大床房:HK$480', '行政雙床房:HK$489']"
桔子酒店（台州椒江中城廣場店）,9.5,"['陽光樂活大床房:HK$322', '陽光樂活商務大床房【小冰箱+智能投屏】:HK$341', '陽光樂活雙床房【超大辦公桌+小冰箱】:HK$351', '陽光樂活套房【一室一廳+衣帽間】:HK$517']"
台州方遠國際大酒店,9.6,"['豪華大床房:HK$390', '豪華雙床房:HK$390', '行政大床房:HK$500', '親子套房:HK$860']"
台州羅曼國際大酒店,8.8,"['特色大床房:HK$326', '庭院大床房:HK$326', '庭院雙床房:HK$326', '高級大床房:HK$327', '高級雙床房:HK$327']"
台州遠洲鳳凰山莊,9.6,"['園景大床房:HK$523', '園景雙床房:HK$523', '豪華雙床房:HK$607', '豪華大床房:HK$607', '商務大床房:HK$712', '商務雙床房:HK$713']"
台州黃巖帕瑞思酒店,9.6,"['乾淨衞生｜簡約雙床房【4K影視+高端床品+俯瞰城景】:HK$199', '躺上就想睡的｜舒睡浴缸大床房:HK$213', '小度智能｜簡約大床房【4K影視+高品質床品+智能客控】:HK$226', '小度智能｜商務大床房【4K影視+高品質床品+智能客控】:HK$247']"
漢庭酒店（台州椒江星星中小企業科創園店）,9.7,"['高級大床房:HK$196', '商務大床房:HK$205', '高級雙床房:HK$215']"
台州皇冠假日酒店,9.4,"['高級大床房:HK$539', '高級雙床房:HK$539', '豪華大床房:HK$631', '豪華雙床房:HK$631', '行政大床房:HK$763', '行政雙床房:HK$763']"
奈斯·泊漫酒店（台州國際會展中盛廣場店）,9.5,"['漫時光·宿心大床房【休閑區+乾濕分離衞浴】:HK$209', '奇妙夜主題圓床房【環抱式設計+多種主題】:HK$231', '航海家主題大床房【獨立辦公區+自動窗簾】:HK$265', '大都會商務雙床房【獨立辦公區+貴妃軟椅】:HK$276']"
溫嶺雲渡裏酒店（澤國領悅廣場店）,9.6,"['渡歡*簡約雙床房:HK$403', '渡韻·精品雙床房（智能客控）:HK$414', '渡歡*簡約大床房:HK$414', '渡享-觀景大床房（智能客控+榻榻米）:HK$425', '渡心-景觀大床房（智能客控+榻榻米）:HK$425']"
台州開投温德姆酒店（台州站店）,9.3,"['商務大床房:HK$583', '商務雙床房:HK$583', '商務湖景雙床房:HK$606', '行政大床房:HK$673', '行政湖景大床房:HK$718', '海洋開拓者親子雙床房:HK$1,366']"
月·銀河星酒店    Moon   Hotel（台州花園菜市場海上客運中心店）,9.5,"['城景大床房-60吋可投屏大屏電視+0壓床墊【享受0元洗衣服務】:HK$185', '舒睡大床房—機器人+60吋可投屏電視+按摩椅【0元享用按摩椅】:HK$193', '城景雙床房—機器人+60吋可投屏電視+0壓床墊+【24小時管家服務】:HK$195', '靜月影院大床房—堅果投影儀+0元觀看VIP影視大片+0元享用按摩椅:HK$202']"
台州椒江天翔藝城酒店,9.3,"['簡約大床房「4k高清影視+高品質床品+ 180° 城市夜景」:HK$215', '安靜好眠大床房「隔音玻璃+躺上就想睡的枕頭+4K影視」:HK$235', '高清投影大床房「隔音玻璃+躺上就想睡的枕頭+4K影視」:HK$255', '乾淨衞生.浴缸大床房「躺上就想睡的枕頭+4K影視」:HK$274', '財神駕到棋牌房:HK$274']"
台州鑫都國際大酒店,9.2,"['標準雙床房:HK$316', '商務雙床房:HK$349', '商務普通套房:HK$519', '豪華雙床房:HK$519', '豪華大床房B:HK$546']"
台州雲縵酒店（市府大道台州市立醫院店）,9.5,"['雲隱·靜謐大床房 [智能客控+康乃馨布草+智能馬桶]:HK$361', '雲隱·悦享雙床房 [智能語音客控+零壓助眠+智能馬桶]:HK$376', '雲悦·沉浸大床房 [實木傢俱+智能語音客控+智能馬桶]:HK$390', '雲悦·沉浸雙床房 [智能投屏+全屋智能+智能馬桶]:HK$419']"
帕瑞思酒店（台州黃巖慶豐大道店）,9.5,"['緣來·情侶圓床房-58寸液晶電視+全屋智能客控:HK$242', '智能·投影雙床房-100寸高清巨幕投影+智能客控:HK$251', '智能·投影大床房-100寸高清巨幕投影+智能客控:HK$251', '樸宿·商務大床房-俯瞰城市夜景+全屋智能客控:HK$267']"
台州世景曼心酒店（路橋十里長街吾悅廣場店）,9.6,"['暮歸智慧大床房-記憶乳膠枕+輔熱馬桶:HK$199', '谷語智慧大床房-輔熱馬桶+休閑沙發:HK$212', '心宿巨幕影音大床房-超大巨幕投影+輔熱馬桶:HK$222', '暮歸智慧雙床房-超大可投屏電視:HK$222']"
台州灣萬楓酒店,9.4,"['標準大床房:HK$506', '標準雙床房:HK$506', '豪華大床房:HK$588', '萬楓套房:HK$832', '家庭房:HK$1,012']"
