酒店名称,评分,房型价格列表
吉安米歐國際酒店（高鐵西站店）,9.3,"['惠享·高級大床房:HK$226', '惠享·高級雙床房:HK$230', '悦享·棋牌大床房:HK$249', '悦享·舒適大床房:HK$249', '臻選·商務雙床房:HK$285']"
吉安井岡大業酒店,9.2,"['經濟温馨房:HK$218', '商務雙床房:HK$261', '商務大床房:HK$272', '豪華雙床房:HK$272', '影院大床房:HK$272']"
舊雨新知民宿（吉安釣源古村店）,9.8,"['普通標準間:HK$413', '清幽雅苑雙床房:HK$499', '庭院標準間:HK$499', '靜雅雙床房:HK$499']"
吉安廬陵東方賓館,9.5,"['豪華雙床房:HK$412', '豪華大床房:HK$412', '夢百合0壓大床房（帶0壓床墊+0壓記憶枕）:HK$473', '豪華親子大小床房:HK$818', '商務大床套房:HK$861']"
美麗豪酒店（吉安人民廣場店）,9.4,"['優享影院大床房（巨幕私享+沉浸觀影）:HK$226', '麗豪大床房（智能客控+零壓床墊）:HK$238', '優享雙床房（零壓床墊+高速WiFi）:HK$238', '麗豪雙床房（商務辦公+零壓床墊）:HK$257']"
吉安東悦天懿酒店,9.7,"['高級園景雙床房:HK$516', '豪華湖景大床房:HK$516', '高級湖景大床房:HK$516', '豪華園景大床房:HK$522', '商務智能園景大床房:HK$570', '商務智能園景雙床房:HK$570']"
芒果酒店（吉安火車站井岡山大學店）,9.9,"['特價豪華三床房:HK$152', '親子大床房:HK$176', '雅逸大床房:HK$176', '雅居·芒果三床房:HK$186']"
雲天麓谷結廬半間民宿,9.7,"['漁翁（温馨古建雙床+舒適床品）:HK$551', '樵客古建院景房（温馨大床+超大浴缸+舒服床品）:HK$651', '芝蘭友:HK$983', '銜風谷:HK$983', '一枝客:HK$983', '藏秋月:HK$1,201']"
吉安釣源十里芳菲村落,9.8,"['芳扉巷道陽光雙床房:HK$1,299', '芳扉特色大床房:HK$1,299', '芳扉特色雙床房:HK$1,299', '芳扉私享園景大床房:HK$1,736', '芳扉暖居兩房別院:HK$2,392', '芳扉名門雅緻套房:HK$2,720']"
萬庭酒店（濱江生態公園吉安火車站店）,9.2,"['特惠大床房（智能客控）:HK$201', '優選雙床房（智能客控）:HK$214', '江景雅緻大床房（智能客控）:HK$238', '江景豪華大床房（智能客控）:HK$263', '豪華雙床房（智能客控）:HK$263']"
吉安文山國際大酒店,9.3,"['特價標準大床房:HK$216', '豪華大床房:HK$304', '豪華雙床房:HK$304', '標準雙床房:HK$305', '標準大床房:HK$305']"
全季酒店（吉安吉州大道店）,9.6,"['商務大床房:HK$315', '豪華大床房:HK$345', '商務雙床房:HK$376', '豪華家庭房:HK$407']"
萬博洲際酒店（吉安火車站店）,9.1,"['特價大床房:HK$121', '臻選大床房:HK$129', '雅緻大床房:HK$137', '情侶主題房:HK$138']"
錦江都城酒店（吉安人民廣場店）,9.4,"['時尚雙床房:HK$192', '時尚大床房:HK$215', '風雅雙床房:HK$237', '風雅大床房:HK$237']"
五月花酒店（吉安火車站濱江生態公園店）,9.4,"['城景·舒適雙床房『零壓床墊+原木沙發椅+寬敞明亮』:HK$155', '好眠·靜謐雙床房『超大落地窗+零壓床墊+原木沙發椅』:HK$168', '好眠·靜謐大床房『超大落地窗+零壓床墊+原木沙發椅』:HK$174', '270°城景浴缸房『全景落地窗+化粧鏡+超寬敞雙人浴缸』:HK$187']"
希岸酒店（吉安人民廣場文山步行街店）,9.4,"['希岸雅緻房:HK$172', '高級大床房:HK$186', '高級零壓雙床房:HK$186', '希岸豪華大床房:HK$194']"
希岸酒店（吉安市政府店）,9.4,"['玲瓏大床房:HK$208', '希岸大床房:HK$216', '希岸景觀雙床房:HK$255', '希岸景觀大床房:HK$255']"
天町未來酒店（吉安人民廣場店）,9.3,"['靜謐雙床房（全智能客控＋空氣凈化＋65寸超大屏電視）:HK$251', '靜謐大床房（新風凈化全智能＋舒適睡眠＋65寸超大電視）:HK$251', 'V豪華大床房（全智能客控＋舒適睡眠＋65寸超大電視）:HK$328', 'V豪華雙床房（全智能客控）（深睡眠）:HK$328', 'V豪華棋牌房（千兆網絡＋超大麻將＋全智能客控）:HK$361']"
濠江悦品連鎖酒店（吉安市政府店）,9.5,"['悦享豪華大床房（全景落地窗&沙發大茶几）:HK$272', '悦享豪華雙床房（全景落地窗&沙發大茶几）:HK$272', '舒享高級大床房（獨立烘衣機&舒適辦公）:HK$294', '舒享高級雙床房（獨立烘衣機&舒適辦公）:HK$294']"
東昇美濠酒店（吉安人民廣場能仁巷店）,9.3,"['舒適大床房:HK$165', '優選大床房（品牌床墊舒適睡眠）:HK$178', '高級雙床房（品牌床墊舒適睡眠）:HK$185', '高級大床房（品牌床墊舒適睡眠）:HK$199']"
吉安釣源十里山房民宿,10.0,"['巷道陽光房-雙床:HK$1,528', '暖居庭院房雙床房:HK$1,785', '情侶套房:HK$2,429', '名門雅緻套房:HK$3,201']"
廬陵印象酒店（吉安火車站店）,9.3,"['精品大床房【全新空調+全身鏡+大辦公桌】:HK$128', '舒適大床房【全新空調+瓶裝水+零壓床墊】:HK$142', '樂享清新大床房【分區衞浴+一次性毛巾拖鞋+零壓床墊】:HK$163', '臻享商務大床房【分區衞浴+零壓床墊+一次性毛巾拖鞋】:HK$171']"
雅朵美濠酒店（吉安市政府店）,9.5,"['優享大床房（喜臨門床墊+智能客控）:HK$210', '靜眠高級大床房（喜臨門床墊+環保馬桶墊）:HK$225', '靜眠高級雙床房（喜臨門零壓床墊+全景落地窗）:HK$234', '零壓靜眠大床房（零壓床墊+零壓記憶枕）:HK$243']"
吉安開通商務賓館,9.0,"['精選大床房:HK$113', '精選雙床房:HK$118', '尊享大床房:HK$121', '尊享雙床房:HK$130']"
吉安米中酒店（吉安火車站店）,9.4,"['商務雙床房（智能客控）:HK$181', '商務大床房（智能客控）:HK$181', '棋牌大床房:HK$293', '商務套房:HK$306']"
吉安賓館,9.2,"['商務標間:HK$372', '夢百合0壓商務標間（帶0壓床墊+0壓記憶枕）:HK$408', '豪華標間:HK$410', '豪華單間:HK$410', '高級行政標間:HK$435']"
維也納酒店（吉安吉州區城北店）,9.7,"['標準大床房:HK$220', '豪華雙床房:HK$232', '高級大床房:HK$250', '豪華大床房:HK$251']"
桔子酒店（吉安人民廣場店）,9.7,"['加州陽光豪華大床房:HK$302', '加州陽光商務雙床房:HK$302', '加州陽光商務大床房:HK$321', '加州陽光豪華家庭房:HK$402']"
怡家酒店（吉安二中步行街店）,9.0,"['樂享大床房:HK$105', '精緻大床房:HK$113', '雅緻大床房:HK$121', '悦享雙床房:HK$121']"
維也納酒店（吉安火車站店）,9.7,"['標準大床房:HK$150', '高級大床房:HK$170', '商務大床房:HK$174', '豪華雙床房:HK$178']"
吉安港儷智選酒店（城南行政中心店）,9.7,"['智選大床房:HK$236', '智選雙床房:HK$236', '零壓大床房:HK$276', '智選棋牌房:HK$276']"
漢庭酒店（吉安白鷺洲書院店）,9.7,"['豪華大床房:HK$207', '高級大床房:HK$214', '豪華雙床房:HK$244', '套房:HK$284']"
吉安百納酒店（火車站青原思源學校店）,9.3,"['祥迷藍享商務大床房:HK$164', '百享悦動商務雙床房:HK$174', '銘動樂享豪華大床房:HK$185', '納情智享豪華雙床房（智能客控）:HK$185']"
星程酒店（吉安火車站店）,9.3,"['豪華大床房:HK$159', '豪華雙床房:HK$159', '商務大床房:HK$168', '棋牌套房:HK$177']"
吉安愷蒂國際大酒店,9.0,"['智能豪華雙床房:HK$349', '智能豪華大床房:HK$354', '夢百合零壓大床房（帶0壓床墊+記憶枕）:HK$388', '智能行政大床房:HK$399', '智能休閑麻將雙床房:HK$399', '親子標準間:HK$453']"
吉安海聯國際飯店,8.8,"['高級大床房:HK$214', '國際樓·豪華標準間:HK$292', '國際樓·豪華大床房:HK$292', '國際樓·豪華雙開套房:HK$748', '國際樓·豪華三開套房:HK$1,015']"
美豪酒店（吉安北大道店）,8.7,"['靜謐大床房【全屋智能】:HK$227', '靜謐雙床房:HK$227', '雅緻大床房:HK$251', '雅緻雙床房:HK$263']"
吉安仁達文化酒店（吉安火車站店）,8.8,"['特惠商務大床房:HK$119', '景觀大床房:HK$141', '景觀雙床房:HK$141', '江景大床房:HK$141']"
吉安海倫酒店,10.0,"['豪華大床房:HK$181', '商務大床房:HK$216', '公寓大床房:HK$235']"
吉安迪曼假日酒店（火車站店）,8.4,"['曼語舒睡大床房（小度智能語音）:HK$122', '曼己丨輕奢大床房（智能客控語音控制）:HK$133', '曼樂丨輕語雙床房（小度智能語音）:HK$142', '曼密輕語大床房（語音智能）:HK$145']"
昌泰國際酒店（吉安八中韶山路校區吉州大道店）,8.7,"['特惠標間:HK$216', '特惠單間:HK$216', '商務休閑標間:HK$233', '商務休閑單間:HK$233', '豪華標間:HK$254']"
廬陵印象酒店（吉安文山步行街店）,8.9,"['悦享特惠大床房【60S親膚床品+瓶裝水+公區洗衣機】:HK$133', '樂享清新大床房【大電視+一次性毛巾拖鞋+瓶裝水】:HK$161', '臻享商務大床房【超大辦公桌+大水量花灑】:HK$168', '樂享雅緻大床房【公區洗衣機+舒適搖椅】:HK$175']"
廣潔智能商務酒店（吉安火車站井岡山大學店）,9.3,"['晨曦·智能特惠大床房[公區自助洗衣房]:HK$138', '清風·山景智能大床房[可看日出+公區自助洗衣房]:HK$145', '煙雨·江景智能大床房[70寸超大電視]:HK$158', '落霞·城景智能雙床房[可看日落+小茶具]:HK$158']"
吉安華僑國際酒店,8.6,"['標準大床房（附樓）:HK$142', '愛尚主題房b（附樓）:HK$194', '愛尚主題房a（附樓）:HK$194', '棋牌套房（附樓）:HK$230']"
IU酒店（吉安井岡山大學火車站店）,9.1,"['小U舒適雙床房:HK$130', '小U精緻大床房:HK$130', '小U舒適大床房:HK$140', '小U觀影大床房:HK$148']"
凱美龍酒店  （ 吉安天虹大型購物廣場文山步行街店  ）,9.1,"['吉州-温馨時尚大床房（智能電視可投屏+酒店公區提供自助洗衣機+零壓床墊+休閑桌椅+變頻空調+化粧鏡）:HK$141', '舒適浪漫情侶房（簡約時尚+電視可投屏+化粧鏡）:HK$149', '輕奢優選雙床房（零壓床墊+休閑桌椅+兩張大床+化粧鏡）:HK$165', '精選舒適大床房（平躺沙發+智能投屏+休閑桌椅+化粧鏡）:HK$176']"
海天滙智能酒店（吉安火車站店）,9.1,"['商務大床房（辦公桌＋茶桌＋送茶葉）:HK$127', '商務雙床房（酒店提供自助洗衣機）:HK$136', '智能豪華大床房（送一次性刮鬍刀＋茶葉＋辦公桌＋軟卧沙發）:HK$179', '城景智能豪華雙床房（送茶葉、自助洗衣+送一次性刮鬍刀）:HK$189']"
廬陵印象酒店（吉安人民廣場店）,9.1,"['悦享精品大床房【42寸大電視】:HK$126', '悦享特惠大床房【獨立包裝浴巾+品質床墊+乾濕分離】:HK$133', '樂享清新大床房【42寸大電視+商務辦公桌+乾濕分區】:HK$161', '臻享商務大床房【商務辦公桌+乾濕分離+潔凈親膚布草】:HK$168']"
城市便捷酒店（吉安人民廣場店）,9.7,"['標準大床房:HK$200', '高級大床房:HK$228', '高級雙床房:HK$257', '豪華大床房:HK$257']"
東棠怡楓酒店（吉安青原區火車站店）,9.2,"['臻選 | 輕居大床房 （商務辦公桌+全身鏡+便捷晾衣桿）:HK$203', '輕居雙床房:HK$211', '輕奢 | 雲居大床房（品牌零壓床墊+45寸大電視+休閑小沙發）:HK$220', '雲居雙床房:HK$228']"
