酒店名称,评分,房型价格列表
吐魯番萬達美華酒店,9.3,"['豪華雙床房（全屋智能+電視投屏+金可兒床墊+AccaKappar洗護）:HK$557', '豪華大床房（全屋智能+電視投屏+金可兒床墊+AccaKappar洗護）:HK$557', '豪華雙床房（荷里活雙床房+全屋智能+金可兒床墊+AccaKappar洗護）:HK$557', '高級豪華大床房（全屋智能+冷藏魔盒冰箱+金可兒床墊+AccaKappar洗護）:HK$575', '親子雙床房（全屋智能+家庭房+金可兒床墊+AccaKappar洗護）:HK$575']"
吐魯番•再遇美宿（葡萄溝達瓦孜風情園店）,9.6,"['丨花澗丨情侶大床房:HK$327', '丨陌鳴丨葡萄庭院大床房③號院:HK$345', '丨陌鳴丨葡萄庭院雙床房③號院:HK$349', '丨拾光丨商旅雙床房:HK$371']"
赤亭驛民宿（吐魯番悦豐宿集店）,9.6,"['赤亭·山色萬里 雙床房:HK$404', '赤亭·塞外天曉大床房:HK$404']"
喆啡酒店（吐魯番大巴扎交河華域店）,9.5,"['醇享雙床房:HK$479', '醇享大床房:HK$495', '啡凡雙床房:HK$510', '啡凡大床房:HK$526', '啡凡親子房:HK$534']"
焰嶺棲舍民宿（吐魯番悦豐宿集店）,9.6,"['焰嶺沐光大床房（dyson吹風機+滾筒洗衣機+浴缸+智控）:HK$790', '嶺上觀焰雙床房（dyson吹風機+滾筒洗衣機+浴缸+智控）:HK$835', '赤焰謐境大床房（dyson吹風機+洗衣機+三角浴缸+智控）:HK$900', '雲棲親子間（mini吧+加濕器+小童洗護套裝浴袍）:HK$944', '雲棲別院（三室一廳+小廚房+小冰箱+小童洗護套浴袍）:HK$1,424']"
吐魯番阿凡提莊園,9.7,"['葡萄滕下庭院大床房:HK$1,075', '傳統民族風親子房:HK$1,094', '葡萄滕下庭院雙床房:HK$1,102', '葡萄庭院民族風親子房:HK$1,131']"
宜必思尚品酒店（吐魯番北站廣場店）,9.7,"['高級大床房:HK$331', '豪華大床房:HK$341', '商務大床房:HK$352', '高級雙床房:HK$362']"
錦江都城酒店（吐魯番行政中心店）,9.4,"['精緻雙床房:HK$450', '精緻商務房:HK$475', '風雅雙床房:HK$492', '都會商務房:HK$518', '風雅商務房:HK$768']"
吐魯番火洲美居酒店,9.6,"['高級雙床房（智能客控+金可兒床墊）:HK$492', '高級大床房（智能客控+金可兒床墊）:HK$513', '豪華大床房（智能客控+金可兒床墊+加濕器+景觀優美）:HK$533', '豪華雙床房（智能客控+金可兒床墊+景觀優美）:HK$533', '嘉賓大床房:HK$583']"
吐魯番箜篌小院·宿夏民宿,9.3,"['宿夏特色雙床房:HK$294', '宿夏葡景大床房:HK$381', '宿夏特色木雕大床房:HK$381', '宿夏特色木雕雙人房:HK$381']"
交河華域酒店（吐魯番大巴扎店）,9.5,"['特惠雙床房:HK$432', '雅緻雙床房:HK$465', '靜謐雙床房:HK$465', '雅緻大床房:HK$481']"
達卜·九宿民宿,9.4,"['葡萄架下榻榻米大床房·高顏值摩洛哥風·私家庭院:HK$420', '葡萄架下西域大床房·高顏值摩洛哥風·私家庭院:HK$455', '葡萄架下榻榻米雙床房·高顏值摩洛哥風·私家庭院:HK$455', '桑葚樹下榻榻米雙床房·高顏值摩洛哥風·私家庭院:HK$455']"
全季酒店（吐魯番高昌路店）,9.0,"['雙床房:HK$444', '高級雙床房:HK$463', '高級大床房:HK$483', '舒壓-高級雙床房:HK$483']"
吐魯番智選假日酒店（美景天城美食街店）,9.4,"['荷里活雙床房:HK$466', '標準雙床房:HK$521', '標準大床房:HK$521', '高級雙床房:HK$575', '高級套房:HK$849']"
吐魯番友誼峯假日酒店,9.2,"['豪華標準間:HK$312', '豪華單人間:HK$312', '特色大床房:HK$391', '三人間:HK$477']"
吐魯番西域卡思酒店,9.2,"['內景單人間:HK$453', '內景標間:HK$454', '巨幕觀影大床房:HK$556', '巨幕觀影雙床房:HK$556', '悦享單人間:HK$644', '悦享雙人間:HK$644']"
桔子酒店（吐魯番綠洲西路店）,9.7,"['加州陽光雙床房【金可兒床墊|電視投屏|加濕器】:HK$364', '月若鎏金雙床房【金可兒床墊|電視投屏|加濕器】:HK$392', '加州陽光大床房【金可兒床墊|電視投屏|加濕器】:HK$392', '月若鎏金大床房【金可兒床墊|電視投屏|加濕器】:HK$420']"
吐魯番悦豐宿集漫心酒店,9.7,"['心悦高級雙床房（mini吧+加濕器+通透景觀）:HK$543', '心悦高級大床房（mini吧+加濕器+浴袍）:HK$563', '特色庭院雙床房（躺椅小院+落地景觀+mini吧）:HK$604', '特色庭院大床房（愜意躺椅小院+民族風格地塌+mini吧）:HK$623', '心享經典大床房（私湯泡池+mini吧+觀景落地窗）:HK$674']"
吐魯番文化西路亞朵酒店,9.5,"['雅緻大床房:HK$466', '雅緻雙床房:HK$466', '高級雙床房:HK$502', '高級大床房:HK$520', '行政大床房:HK$538']"
吐魯番西州國際酒店,8.9,"['普通標準間:HK$300', '商務標間:HK$324', '豪華標間:HK$349', '豪華單間:HK$445']"
吐魯番八風谷民宿,9.6,"['風語庭院雙床房:HK$1,177', '葡萄庭院窗景大床房:HK$1,177', '風語庭院親子房:HK$1,302', '輕奢露台大床房:HK$1,302', '輕奢家庭浴缸房:HK$1,604']"
吐魯番雙城賓館,9.5,"['高級標間:HK$415', '三人間:HK$499', '商務標間:HK$705', '商務單間:HK$714', '行政套房:HK$1,476']"
吐魯番東經87度酒店,9.1,"['豪華雙床房:HK$372', '西域大床房:HK$383', '民俗榻榻米房:HK$394', '絲路觀景雙床房:HK$422']"
吐魯番希爾頓歡朋酒店,9.7,"['舒適雙床房:HK$788', '舒適大床房:HK$816', '高級雙床房:HK$836', '高級大床房:HK$864', '豪華雙床房:HK$884']"
季楓國際酒店（吐魯番文化西路店）,9.4,"['高級雙床房（智能客控+智能馬桶+洗衣機）:HK$572', '高級大床房（智能客控+智能馬桶+洗衣機）:HK$572', '商務雙床房（智能客控+智能馬桶+沙發椅）:HK$610', '商務大床房（智能客控+智能馬桶+沙發椅）:HK$610']"
陌上桑民宿,9.3,['精緻家庭房:HK$259']
吐魯番西域印象民宿坊,9.3,"['古風雙床房:HK$362', '古風大床房:HK$371', '園景雙床房:HK$557', '園景大床房:HK$557']"
吐嚕·吐嚕民宿（吐魯番坎兒井樂園店）,9.4,"['丨青巷幽居丨大床房:HK$236', '丨青磚雅筑丨雙床房:HK$301', '丨青舍黛瓦丨親子房:HK$470']"
悦庭酒店（吐魯番西環北路店）,9.3,"['大床房:HK$297', '雙床房:HK$346', '高級大床房:HK$355', '家庭房:HK$394']"
吐魯番葡晶國際酒店,8.9,"['雅緻特價大床房:HK$218', '雅緻特價標準雙床房:HK$218', '商務標間:HK$444', '歐式標間:HK$463']"
吐魯番火山紅酒莊,9.3,"['行政單間:HK$555', '豪華標間:HK$557', '園景大床房:HK$587', '風情酒桶大床房:HK$603', '風情酒桶雙床房:HK$603']"
吐魯番無半Villa民宿,9.1,"['舒心影院榻榻米:HK$385', '子合·精品榻榻米:HK$443', '雅緻大床房:HK$558', '樓蘭·精品大床房:HK$620']"
吐魯番遲夏民宿（坎兒井源店）,9.4,"['悦池聽風·特惠雙床房（超清觀影+智能音響+加濕器）:HK$458', '星池夜話·雅緻雙床房（超清觀影+智能音響+加濕器）:HK$611', '水漾假期·優選雙床房（超清觀影+智能音響+加濕器）:HK$764', '嬉水時光·童趣親子房（超清觀影+智能音響+加濕器）:HK$994']"
吐魯番尋覓客棧,8.8,"['男生八人間公衞（床位）:HK$57', '女生八人間公衞（床位）:HK$57', '男生六人間公衞（床位）:HK$61', '女生六人間公衞（床位）:HK$61']"
吐魯番融悦酒店,9.7,"['特惠大床房:HK$324', '特惠標準間:HK$333']"
吐魯番雅爾布拉克農家樂,9.7,"['標準間:HK$247', '四人間:HK$501', '套房:HK$512']"
吐魯番蘇商綠島大酒店,8.7,"['樂享內景大床房:HK$178', '樂享內景雙床房:HK$198', '清新舒睡雙床房:HK$229', '尊享靜居雙人房:HK$302']"
宏程大酒店（吐魯番絲綢大道政務服務中心店）,9.3,"['舒適大床房:HK$502', '舒適雙床房:HK$535', '温馨家庭房:HK$578', '樂享三人間:HK$610']"
維也納酒店（吐魯番文化西路店）,9.1,"['高級大床房:HK$370', '高級雙床房:HK$386', '豪華大床房:HK$409', '豪華雙床房:HK$409']"
吐魯番葡萄泉客棧（葡萄溝景區店）,9.5,"['【柏孜克謠光】簡約大床房:HK$733', '【高昌枕月】雙床房:HK$1,015', '【西驛洞語】大床房:HK$1,108', '【交河星夜】雙床房:HK$1,127']"
達卜青年旅舍（吐魯番葡萄小鎮店）,9.5,"['西域風情土炕房:HK$272', '蔚藍庭院大床房:HK$316', '蔚藍庭院雙床房:HK$316', '榻榻米家庭房:HK$393']"
威斯登度假酒店（吐魯番西域時代廣場店）,8.5,['親子間:HK$305']
吐魯番綠洲西路桔子水晶酒店,9.6,"['高級大床房【絲漣床墊|侍寢香氛|香凡羅蒂洗護】:HK$643', '高級雙床房【絲漣床墊|侍寢香氛|香凡羅蒂洗護】:HK$674', '豪華大床房【絲漣床墊|侍寢香氛|香凡羅蒂洗護】:HK$692', '豪華雙床房【絲漣床墊|侍寢香氛|香凡羅蒂洗護】:HK$704', '行政大床房【絲漣床墊|侍寢香氛|香凡羅蒂洗護】:HK$733']"
吐魯番葡萄風情小鎮老馬叔客棧,9.1,"['特色雙人房:HK$372', '風情大床房:HK$372', '温馨親子房:HK$469', '網紅大套房:HK$614']"
吐魯番•心遇民宿（葡萄溝景區店）,9.8,"['獨立庭院大床房:HK$336', '葡萄藤下|獨立庭院大床房:HK$374', '葡萄藤下|獨立庭院雙床房:HK$410', '葡萄藤下|獨立庭院加寬雙床房:HK$456']"
如家酒店·neo（吐魯番葡萄溝景區店）,9.6,"['商務大床房A（內景景觀+高清投屏+舒適睡眠）:HK$347', '安心睡大床房（內景景觀+高清投屏+舒適睡眠）:HK$385', '高級雙床房（高清投屏+舒適睡眠）:HK$385', '商務大床房（高清投屏+舒適睡眠）:HK$388']"
葡萄溝陌鳴民宿,9.8,"['陌鳴.有客親子房:HK$333', '陌鳴.有客風情標準間:HK$426', '陌鳴.有客三人床套間:HK$612', '陌鳴.有客雙間大床房:HK$632']"
吐魯番萬茂酒店,9.2,['商務標準間:HK$431']
樂遊Loft旅館（吐魯番悦豐宿集店）,9.3,"['高品Loft家庭房（太空椅+2部高配電腦+獨立空間）:HK$761', 'Loft家庭房（雙人高配電腦+獨立空間+雙卧室）:HK$808']"
姆納爾格民宿（吐魯番悦豐宿集店）,9.8,"['絲路築語大床房（dyson加濕器吹風機+BVLGARI洗護沐）:HK$893', '葡光落影大床房（超大泡池+dyson護理+BVLGARI洗護沐）:HK$929', '葡鄉掠風大床房（dyson護理家電+私湯+BVLGARI）:HK$954', '葡藤庭院大床房（dyson加濕器+吹風機+BVLGARI洗護沐）:HK$1,047', '葡悦靜享雙床房（dyson護理+BVLGARI+觀景露台+私湯）:HK$1,080', '姆納假日小套房（私湯+dyson護理+BVLGARI+親子雙床）:HK$1,556']"
