酒店名称,评分,房型价格列表
吐魯番•再遇美宿（葡萄溝達瓦孜風情園店）,9.7,"['丨花澗丨情侶大床房:HK$326', '丨陌鳴丨葡萄庭院大床房③號院:HK$344', '丨陌鳴丨葡萄庭院雙床房③號院:HK$348', '丨拾光丨商旅雙床房:HK$371']"
吐魯番無半Villa民宿,9.1,"['舒心影院榻榻米:HK$447', '子合·精品榻榻米:HK$515', '雅緻大床房:HK$649', '龜茲·標準雙床房:HK$720']"
坎兒井民俗園酒店（坎兒井民俗園景區店）,9.5,"['民俗特價房:HK$380', '特價標準間:HK$397', '貴賓特價房:HK$425', '時澗畫廊大床房:HK$490']"
喆啡酒店（吐魯番大巴扎交河華域店）,9.6,"['醇享雙床房:HK$491', '醇享大床房:HK$507', '啡凡雙床房:HK$522', '啡凡大床房:HK$538', '啡凡親子房:HK$545']"
宜必思尚品酒店（吐魯番北站廣場店）,9.7,"['高級大床房:HK$331', '商務大床房:HK$362', '豪華大床房:HK$381', '高級雙床房:HK$391']"
吐魯番華郡如院民宿,9.6,"['雅韻雙床房:HK$374', '疆韻雙床房:HK$390', '奢享大床房:HK$390', '疆韻大床房:HK$406', '温馨親子房:HK$533']"
桔子酒店（吐魯番綠洲西路店）,9.7,"['加州陽光雙床房【金可兒床墊|電視投屏|加濕器】:HK$369', '月若鎏金雙床房【金可兒床墊|電視投屏|加濕器】:HK$397', '加州陽光大床房【金可兒床墊|電視投屏|加濕器】:HK$397', '月若鎏金大床房【金可兒床墊|電視投屏|加濕器】:HK$426']"
如家酒店·neo（吐魯番葡萄溝景區店）,9.6,"['商務大床房A（內景景觀+高清投屏+舒適睡眠）:HK$334', '安心睡大床房（內景景觀+高清投屏+舒適睡眠）:HK$413', '商務大床房（高清投屏+舒適睡眠）:HK$416', '高級雙床房（高清投屏+舒適睡眠）:HK$423']"
吐魯番萬達美華酒店,9.3,"['豪華雙床房（全屋智能+電視投屏+金可兒床墊+AccaKappar洗護）:HK$589', '豪華大床房（全屋智能+電視投屏+金可兒床墊+AccaKappar洗護）:HK$589', '豪華雙床房（荷里活雙床房+全屋智能+金可兒床墊+AccaKappar洗護）:HK$589', '高級豪華大床房（全屋智能+冷藏魔盒冰箱+金可兒床墊+AccaKappar洗護）:HK$608', '親子雙床房（全屋智能+家庭房+金可兒床墊+AccaKappar洗護）:HK$608']"
吐魯番文化西路亞朵酒店,9.5,"['雅緻大床房:HK$466', '雅緻雙床房:HK$466', '高級雙床房:HK$502', '高級大床房:HK$519', '行政大床房:HK$537']"
吐魯番箜篌小院·宿夏民宿,9.3,"['宿夏特色雙床房:HK$294', '宿夏葡景大床房:HK$380', '宿夏特色木雕大床房:HK$380', '宿夏特色木雕雙人房:HK$380']"
溪畔民宿（吐魯番葡萄溝風景區店）,9.7,"['葡香蔓語·溪畔雙床房:HK$524', '葡藤漫想·溪畔親子房:HK$589', '葡藤悠韻·葡萄藤下優享木屋|曬浴|沙療:HK$751', '葡藤逸居·葡萄藤下獨棟木屋（木屋loft+智能馬桶）:HK$806']"
季楓國際酒店（吐魯番文化西路店）,9.4,"['高級雙床房（智能客控+智能馬桶+洗衣機）:HK$464', '商務大床房（智能客控+智能馬桶+沙發椅）:HK$490', '豪華雙床房（智能客控+加濕器+小冰箱）:HK$517', '豪華大床房（智能客控+加濕器+小冰箱）:HK$517']"
吐魯番阿凡提莊園,9.7,"['葡萄滕下庭院大床房:HK$1,074', '傳統民族風親子房:HK$1,093', '葡萄滕下庭院雙床房:HK$1,100', '葡萄庭院民族風親子房:HK$1,129']"
達卜青年旅舍（吐魯番葡萄小鎮店）,9.5,"['西域風情土炕房:HK$272', '蔚藍庭院大床房:HK$316', '蔚藍庭院雙床房:HK$316', '榻榻米家庭房:HK$392']"
吐魯番•心遇民宿（葡萄溝景區店）,9.8,"['獨立庭院大床房:HK$426', '葡萄藤下|獨立庭院大床房:HK$464', '葡萄藤下|獨立庭院雙床房:HK$500', '葡萄藤下|獨立庭院加寬雙床房:HK$546']"
吐魯番火山紅酒莊,9.3,"['豪華標間:HK$556', '行政單間:HK$556', '園景大床房:HK$586', '風情酒桶大床房:HK$602', '風情酒桶雙床房:HK$602']"
吐魯番遲夏民宿（坎兒井源店）,9.4,"['悦池聽風·特惠雙床房（超清觀影+智能音響+加濕器）:HK$457', '星池夜話·雅緻雙床房（超清觀影+智能音響+加濕器）:HK$610', '水漾假期·優選雙床房（超清觀影+智能音響+加濕器）:HK$763', '嬉水時光·童趣親子房（超清觀影+智能音響+加濕器）:HK$992']"
吐魯番八風谷民宿,9.6,"['風語庭院雙床房:HK$1,202', '葡萄晾房風親子房:HK$1,242', '風語庭院親子房:HK$1,300', '輕奢露台大床房:HK$1,300', '葡萄庭院窗景大床房:HK$1,336']"
吐魯番東經87度酒店,9.2,"['豪華雙床房:HK$371', '西域大床房:HK$382', '民俗榻榻米房:HK$393', '絲路觀景雙床房:HK$422']"
千紫小鎮民宿（吐魯番葡萄溝風景區店）,9.5,"['暮夏·大床房:HK$382', '初陽·雙床房:HK$546', '花朝·親子三床房:HK$639', '葡萄藤下·獨棟loft木屋雙床房:HK$832']"
吐魯番西州國際酒店,9.1,"['普通標準間:HK$300', '商務標間:HK$324', '豪華標間:HK$348', '豪華單間:HK$445']"
吐魯番融悦酒店,9.7,"['特惠大床房:HK$323', '特惠標準間:HK$332']"
吐嚕·吐嚕民宿（吐魯番坎兒井樂園店）,9.4,"['丨青巷幽居丨大床房:HK$235', '丨青磚雅筑丨雙床房:HK$301', '丨青舍黛瓦丨親子房:HK$470']"
吐魯番火洲美居酒店,9.6,"['高級雙床房（智能客控+金可兒床墊）:HK$472', '高級大床房（智能客控+金可兒床墊）:HK$492', '豪華大床房（智能客控+金可兒床墊+加濕器+景觀優美）:HK$510', '豪華雙床房（智能客控+金可兒床墊+景觀優美）:HK$510', '嘉賓大床房:HK$558']"
全季酒店（吐魯番國泰民生廣場店）,9.6,"['大床房（金可兒床墊+中央空調）:HK$321', '雙床房（金可兒床墊+中央空調）:HK$369', '高級大床房（65寸液晶電視+金可兒床墊+中央空調）:HK$378', '高級雙床房（金可兒床墊+中央空調+辦公桌）:HK$406']"
吐魯番友誼峯假日酒店,9.2,"['豪華標準間:HK$312', '豪華單人間:HK$312', '特色大床房:HK$390', '三人間:HK$476']"
吐魯番葡萄藤下的民宿（葡萄溝達瓦孜民俗風情園店）,9.5,"['歲首│家庭親子房上下床:HK$250', '小滿│標準雙床房:HK$416', '仲春│精品套間大床房:HK$562', '開犁│温馨榻榻米雙床+大床套房:HK$586']"
吐魯番悦豐宿集漫心酒店,9.7,"['心悦高級雙床房（mini吧+加濕器+通透景觀）:HK$542', '心悦高級大床房（mini吧+加濕器+浴袍）:HK$562', '特色庭院雙床房（躺椅小院+落地景觀+mini吧）:HK$603', '特色庭院大床房（愜意躺椅小院+民族風格地塌+mini吧）:HK$623', '心享經典大床房（私湯泡池+mini吧+觀景落地窗）:HK$673']"
錦江都城酒店（吐魯番行政中心店）,9.4,"['精緻雙床房:HK$459', '精緻商務房:HK$485', '風雅雙床房:HK$502', '都會商務房:HK$528', '風雅商務房:HK$783']"
吐魯番西域印象民宿坊,9.3,"['古風雙床房:HK$361', '古風大床房:HK$370', '園景雙床房:HK$556', '園景大床房:HK$556']"
全季酒店（吐魯番高昌路店）,9.0,"['雙床房:HK$421', '高級雙床房:HK$439', '高級大床房:HK$458', '舒壓-高級雙床房:HK$458']"
吐魯番雙城賓館,9.5,"['高級標間:HK$414', '三人間:HK$499', '商務標間:HK$704', '商務單間:HK$713', '行政套房:HK$1,473']"
吐魯番葡萄風情小鎮老馬叔客棧,9.1,"['特色雙人房:HK$371', '風情大床房:HK$371', '温馨親子房:HK$468', '網紅大套房:HK$613']"
葡萄溝陌鳴民宿,9.8,"['陌鳴.有客親子房:HK$332', '陌鳴.有客風情標準間:HK$425', '陌鳴.有客三人床套間:HK$611', '陌鳴.有客雙間大床房:HK$631']"
吐魯番智選假日酒店（美景天城美食街店）,9.3,"['荷里活雙床房:HK$495', '標準雙床房:HK$549', '標準大床房:HK$549', '高級雙床房:HK$626', '高級套房:HK$899']"
吐魯番之友·阿達西民宿（葡萄溝景區青蛙巷店）,9.8,"['葡萄園景·庭院雙床房:HK$741', '葡萄樹下·庭院大床房:HK$752', '葡萄庭院·星空雙床房:HK$828', '温馨舒適·家庭大套房:HK$1,198']"
吐魯番葡萄泉客棧（葡萄溝景區店）,9.5,"['【柏孜克謠光】簡約大床房:HK$732', '【高昌枕月】雙床房:HK$1,013', '【西驛洞語】大床房:HK$1,107', '【交河星夜】雙床房:HK$1,126']"
吐魯番葡晶國際酒店,8.9,"['雅緻特價大床房:HK$218', '雅緻特價標準雙床房:HK$218', '商務標間:HK$443', '歐式標間:HK$462']"
陌上桑民宿,9.3,['精緻家庭房:HK$259']
維也納酒店（吐魯番文化西路店）,9.1,"['高級大床房:HK$392', '高級雙床房:HK$409', '豪華大床房:HK$433', '豪華雙床房:HK$433']"
晟態民宿（吐魯番葡萄溝青蛙巷）,9.5,"['晾房風語·温馨標準大床房:HK$380', '葡萄架下·舒適標準雙床房:HK$463', '絲路駝鈴·特色木屋雙人間:HK$463', '青巷蛙鳴·雅緻悠享三人間:HK$580']"
吐魯番絲綢之路民宿,9.3,"['標準間:HK$358', '大床房:HK$402', '高級標準間:HK$467', '親子房:HK$511']"
悦庭酒店（吐魯番西環北路店）,9.4,"['大床房:HK$297', '雙床房:HK$345', '高級大床房:HK$355', '家庭房:HK$393']"
吐魯番葡鄉小築民宿（葡萄鎮店）,9.2,"['特惠雙床房:HK$280', '巨幕高清影院豪華大床房（瓶裝水）:HK$406', '巨幕高清影院雙床房（瓶裝水）:HK$406', '親子間三人間（中央空調、地暖、瓶裝水）:HK$496']"
吐魯番阿娜爾古麗莊園,8.8,"['民俗雙人房（大床）:HK$342', '民俗湖景標間:HK$369', '葡萄晾房大床房:HK$369', '民俗家庭三人間:HK$434']"
吐魯番希爾頓歡朋酒店,9.7,"['舒適雙床房:HK$786', '舒適大床房:HK$815', '高級雙床房:HK$834', '高級大床房:HK$863', '豪華雙床房:HK$882']"
樂遊Loft旅館（吐魯番悦豐宿集店）,9.3,"['Loft家庭房（雙人高配電腦+獨立空間+雙卧室）:HK$654', '高品Loft家庭房（太空椅+2部高配電腦+獨立空間）:HK$742']"
伴夏民宿（吐魯番坎兒井樂園店）,8.2,"['逃離城市|小宛雙床房|清涼一夏|水中等你:HK$416', '詩和遠方|子合雙床房|清涼一夏|安靜好眠:HK$445', '眉眼如初|西夜大床房|清涼一夏|歲月如故:HK$466', '出發吧就現在|于田親子房|清涼一夏|一起出遊:HK$508']"
吐魯番恆澤酒店,9.7,"['惠享雙床房（全屋智控+ 舒達床墊+加濕器）:HK$710', '惠享大床房（全屋智控+ 舒達床墊+加濕器）:HK$720', '尊享雙床房（全屋智控+ 舒達床墊+加濕器）:HK$733', '尊享大床房（全屋智控+舒達床墊+加濕器）:HK$745', '臻享全景雙床房（全屋智控+舒達床墊+落地窗+小冰箱）:HK$767', '臻享全景大床房（全屋智控+舒達床墊+落地窗+小冰箱）:HK$780']"
