酒店名称,评分,房型价格列表
麗呈朗譽酒店（吳忠兩館一中心店）,9.7,"['精選大床房（加濕器+小度客控+小冰箱）:HK$387', '輕悦大床房（加濕器+小度客控+小冰箱）:HK$440', '輕悦雙床房（加濕器+小度客控+小冰箱）:HK$440', '夢百合0壓舒睡大床房（加濕器+小度客控+小冰箱）:HK$481', '夢百合0壓舒睡雙床房（加濕器+小度客控+小冰箱）:HK$481']"
峯派智能酒店（吳忠會展中心店）,8.8,"['尊享智慧大床房+智能客控:HK$217', '尊享智慧雙床房:HK$217', '家庭親子房:HK$286', '尊享智慧套房:HK$628']"
維也納3好酒店（吳忠紅寺堡店）,9.8,"['高級大床房:HK$350', '豪華大床房:HK$350', '商務大床房:HK$378', '商務雙床房:HK$378']"
萬誠達智能酒店（吳忠萬達廣場店）,9.0,"['主題電影房（智能客控+睡眠床墊+零壓枕頭）:HK$207', '豪華標間（智能客控+睡眠床墊+零壓枕頭）:HK$207', '豪華觀影大床房（智能客控+睡眠床墊+零壓枕頭）:HK$207', '觀景大床房（智能客控+睡眠床墊+零壓枕頭）:HK$240']"
吳忠浩旺佳飯店,9.1,"['温馨公寓:HK$151', '豪華標間:HK$164', '豪華大床房:HK$164', '豪華三人間:HK$328']"
吳忠楠溪漫悦酒店,8.7,"['蜜悦精緻觀影房:HK$207', '賞心悦目觀影房:HK$207', '悦享豪華觀影房:HK$231', '悦動親子觀影房:HK$280']"
吳忠飛翔連鎖酒店,9.3,"['舒享大床房:HK$137', '舒享雙床房:HK$145', '雅緻大床房:HK$155', '豪華三人間:HK$197']"
吳忠綠巨人電競酒店,9.4,"['輕奢電競大床房（5060Ti顯卡+32G內存+i711代K+直麪2K屏）:HK$211', '觀影電競大床房（5070顯卡+32G內存+i711代K+直麪2K屏）:HK$220']"
吳吃堡城民宿酒店,9.1,"['智能大床房 【全屋小米智能】:HK$208', '智能雙床房【全屋小米智能】:HK$208', '豪華大床房:HK$322', '豪華三人間:HK$407']"
吳忠吉馨韻酒店,9.5,"['全智能標間:HK$214', '全智能大床房:HK$228', '全智能豪華大床房:HK$272', '全智能親子間:HK$283']"
維也納酒店（吳忠同心店）,9.8,"['豪華雙床房:HK$316', '豪華大床房:HK$337', '商務雙床房:HK$337', '商務大床房:HK$358']"
鹽池賓館,9.5,"['商務標準間:HK$370', '商務大床房:HK$395']"
青銅峽龍海賓館,9.5,"['豪華標準間:HK$271', '親子間:HK$293', '豪華單間:HK$293', '套間:HK$490']"
希岸酒店（鹽池店）,9.9,"['希岸豪華大床房（夢百合安睡床墊+小希智能客控）:HK$302', '希岸純凈雙床房（夢百合安睡床墊+投屏電視）:HK$312', '顏值Lab（夢百合安睡床墊+小希智能客控+浴缸）:HK$320', '女神浪漫大床房（夢百合安睡床墊+小希智能客控+浴缸）:HK$399']"
鹽池長江大酒店,8.8,"['特惠標準間:HK$126', '商務標準間:HK$148', '貴賓大床間:HK$162', '舒適三人間:HK$197']"
青銅峽明珠商務賓館,9.6,"['大床房:HK$151', '標準雙床房:HK$184', '豪華大床房:HK$184', '豪華標間:HK$205']"
雲宿·田園小院,9.5,"['雲宿雅緻雙床房:HK$415', '雲宿丶田園小院雅緻大床房:HK$525', '雲宿温馨家庭房:HK$743', '雲宿舒適家庭套房:HK$852']"
同心洪海賓館,9.3,"['標準雙床房:HK$162', '豪華親子房:HK$178', '豪華大床房:HK$186', '豪華套房:HK$267']"
鹽池華豐賓館,8.9,"['標準間:HK$140', '大床房:HK$140', '四人間:HK$216']"
鹽池縣君御花園商務賓館,8.3,"['標準間:HK$105', '大床房:HK$105', '三人間:HK$152']"
同心平遠賓館,9.7,"['標準雙床房:HK$74', '標準大床房:HK$74']"
吳忠鵬勝酒店,9.5,[]
璟岸靈州假日酒店（靈武店）,9.2,"['特惠標準雙床房金【全屋智能+金可兒床墊+小米加濕器】:HK$234', '輕奢城景雙床房【全屋智能+金可兒床墊+小米加濕器】:HK$254', '輕奢雅緻大床房【全屋智能+金可兒床墊+小米加濕器】:HK$254', '假日智享大床房【全屋智能+金可兒床墊+小米加濕器】:HK$264']"
麗楓酒店（靈武市政府店）,9.6,"['標準單人房:HK$268', '標準雙床房:HK$268', '豪華大床房:HK$308', '豪華雙人房:HK$308']"
靈武海雨軒賓館,7.9,"['豪華雙床房:HK$111', '普通雙床:HK$119', '豪華大床房:HK$121', '圓床情侶房:HK$156']"
