酒店名称,评分,房型价格列表
瑰葆酒店（周口川匯區高鐵東站店）,9.4,"['樂享雙床房（全屋智能+空氣凈化器+零壓床墊）:HK$215', '輕享大床房（全屋智能+空氣凈化器+零壓床墊）:HK$236', '樂享大床房（全屋智能+空氣凈化器+零壓床墊）:HK$264', '優享大床房（全屋智能+空氣凈化器+零壓床墊）:HK$282', '優享雙床房（全屋智能+空氣凈化器+零壓床墊）:HK$285']"
LONYATT龍悦酒店（周口恐龍歡樂世界店）,9.5,"['高級大床房:HK$315', '高級雙床房:HK$315', '怡園雙床房:HK$435', '沁水大床房:HK$435', '尊賞怡園大床房:HK$479', '尊賞怡園雙床房:HK$479']"
世紀星精品酒店（周口紅星美凱龍店）,9.5,"['精品雙床房（新中式+羅漢椅）:HK$196', '精品大床房（（透氣舒爽羽絨被+寫字枱）:HK$212', '城景商務三人間:HK$229', '按摩大床房-智能按摩床墊:HK$229']"
周口美軒水晶酒店,9.3,"['精品大床房:HK$257', '精品雙人房:HK$278', '水晶雙人房:HK$296', '水晶大床房:HK$314']"
周口天明錦江國際酒店,9.6,"['高級雙床房:HK$370', '高級大床房:HK$403', '豪華雙床房:HK$481', '豪華大床房:HK$550', '尊貴豪華景觀大床房:HK$630', '行政套房:HK$1,519']"
陌上藝宿酒店（淮陽太昊陵龍湖公園店）,9.5,"['風韻·智能大床房（電視投屏&沉浸舒睡&國潮設計）:HK$266', '品學·城景雙床房（舒適睡眠&茶具&電視投屏）:HK$285', '靜逸·智能大床房（智能客控&坐卧沙發&茶具）:HK$285', '靜逸·榻榻米智能大床房（全屋智能客控&茶具品茗&舒適睡眠）:HK$294']"
宜尚酒店（周口高鐵東站華耀城店）,9.3,"['標準雙床房:HK$212', '標準大床房:HK$220', '高級大床房:HK$228', '城景大床房:HK$354', '行政套房:HK$385']"
周口市迎賓館,9.4,"['商務雙床房:HK$392', '商務大床房:HK$414', '行政雙床房:HK$512', '貴賓樓雙床房:HK$534', '行政大床間:HK$545']"
城市便捷酒店（周口川滙黃河路店）,9.6,"['標準大床房（安靜舒適＋無噪音＋有窗）:HK$128', '標準雙床房（安靜舒適＋無噪音＋有窗）:HK$128', '高級大床房（安靜＋高速Wi-Fi＋辦公桌）:HK$135', '高級雙床房（安靜＋高速Wi-Fi＋辦公桌）:HK$135']"
周口道琚酒店,9.6,"['特惠雙床房:HK$236', '樂琚大床房:HK$294', '善琚雙床房:HK$294', '厚琚大床房:HK$345']"
全季酒店（周口黃河路店）,9.5,"['高級大床房:HK$309', '商務雙床房:HK$327', '商務大床房:HK$327', '豪華大床房:HK$346']"
中州頤和酒店（周口師範學院店）,9.7,"['頤和輕享大床房:HK$283', '頤和優享雙床房:HK$287', '頤和優享大床房:HK$287', '頤和超享雙床房:HK$305']"
星程酒店（周口黃河路店）,9.4,"['高級大床房:HK$218', '雙床房:HK$218', '商務雙床房:HK$236', '舒壓高級大床房:HK$236']"
悦居觀影酒店（文理學院天明財富廣場店）,9.6,"['輕奢·景觀大床房:HK$107', '尊享·觀影大床房:HK$118', '舒享·觀影雙床房:HK$144']"
周口百盛國際酒店,9.3,"['特惠大床房 小窗:HK$203', '悦享大床房:HK$221', '臻品大床房:HK$240', '臻品雙床房:HK$240']"
喜相逢七星假日酒店（淮陽龍湖店）,9.3,"['精品標準間:HK$141', '商務大床房:HK$152', '商務標間:HK$207', '湖景雙人間:HK$218']"
全季酒店（周口東站店）,9.4,"['高級大床房:HK$291', '商務大床房:HK$312', '雙床房:HK$312', '豪華大床房:HK$332']"
周口元坤國際酒店,7.6,"['無煙大床房（無窗）:HK$250', '豪華雙床房:HK$314', '商務大床間:HK$314', '行政雙床房:HK$314']"
周口川匯區希爾頓歡朋酒店,10.0,"['舒適大床房:HK$346', '高級大床房:HK$390', '高級雙床房:HK$390', '豪華大床房:HK$461', '豪華雙床房:HK$461']"
周口飯店（萬順達百貨客運中心站店）,9.0,"['3號樓特惠快捷雙床房:HK$119', '3號樓特惠快捷大床房:HK$119', '2號樓大床房:HK$119', '2號樓標準間:HK$119', '3號樓快捷雙床房:HK$141']"
如家商旅酒店（周口七一路五一廣場店）,9.5,"['大床房【零壓床墊】:HK$192', '雙床房【零壓床墊】:HK$202', '商務大床房【零壓床墊】:HK$210', '家庭房【零壓床墊】:HK$219']"
仟那九合精品酒店（周口漢陽路店）,9.7,"['暖心巨惠仕居精緻雙床房:HK$206', '暖心巨惠仕居精緻大床房:HK$206', '竹溪精品雙床房:HK$258', '竹溪精品大床房:HK$258']"
維也納國際酒店（周口萬國車世界店）,9.6,"['豪華大床房:HK$244', '豪華雙床房:HK$287', '臻禮大床房:HK$310', '臻禮雙床房:HK$310', '棋牌雙床房:HK$414']"
周口地中海假日酒店,9.3,"['觀景雙床房:HK$138', '舒適雙床房:HK$142', '舒適大床房:HK$151', '豪華雙床房:HK$161']"
宜必思酒店（周口文昌萬達廣場店）,9.5,"['舒壓高級雙床房:HK$159', '舒壓大床房:HK$168', '舒壓高級大床房:HK$177', '舒壓豪華雙床房:HK$187']"
你好酒店（周口東站店）,9.3,"['舒壓-大床房:HK$209', '舒壓-高級大床房:HK$219', '舒壓-高級雙床房:HK$229', '舒壓-豪華大床房:HK$239']"
周口中州華悦酒店,9.5,"['豪華大床房:HK$289', '豪華雙床房:HK$289', '行政大床房:HK$354', '行政雙床房:HK$354', '豪華親子家庭房:HK$590']"
藝龍壹棠酒店（周口川匯區五一文化廣場店）,9.7,"['雅緻大床房 專享獨院停車:HK$195', '海棠雙床房 親膚床品+電視投屏:HK$207', '壹心雙床房 親膚床品+休閑沙發:HK$218', '壹心大床房 樂享時光+電視投屏:HK$218']"
周口宴·喜悦酒店,9.5,"['雅居雙床房:HK$163', '逸居大床房:HK$172', '豪華商務套:HK$326', '影音親子套房:HK$335']"
仟那美宿酒店（周口黃河路店）,8.9,"['品悦精緻雙床房【樂享時光+電視投屏+遮光窗簾+乾濕分離+公區設有洗衣機】:HK$166', '品悦精緻大床房【樂享時光+電視投屏+遮光窗簾+乾濕分離+公區設有洗衣機】:HK$166', '品逸輕享大床房【舒適享受+電視投屏+遮光窗簾+乾濕分離+公區設有洗衣機】:HK$176', '品逸輕享雙床房【舒適享受+電視投屏+遮光窗簾+乾濕分離+公區設有洗衣機】:HK$187']"
萊朵LOFT酒店（周口佳麗財富中心店）,9.8,"['靜雅大床房（全屋智能+零壓床墊）:HK$154', '景逸雙床房（全屋智能+零壓床墊）:HK$164', '棋悦娛樂大床房（全屋智能+零壓床墊）:HK$211', '致遠LOFT大床房（全屋智能+零壓床墊）:HK$231']"
維也納酒店（周口漢陽路店）,9.3,"['高級雙床房:HK$176', '高級大床房:HK$176', '豪華雙床房:HK$201', '豪華大床房:HK$201']"
青巢觀影酒店（天明財富廣場店）,9.5,"['遙景雲端觀影房:HK$104', '零壓好眠大床房:HK$132', '好眠觀影雙床房:HK$146', 'IMAX巨幕影院大床房:HK$149']"
貝殼酒店（周口市中心醫院周口東站店）,9.6,"['雅緻大床房:HK$161', '豪華大床房:HK$182', '豪華雙床房:HK$200']"
仟那美宿酒店（周口川匯區高鐵東站店）,9.7,"['仕居大床房（全屋智能+深睡記憶枕+觀景大窗）:HK$185', '竹溪大床房（全屋智能+乾濕分離+安靜隔音）:HK$196', '竹溪雙床房（全屋智能+中央空調+高層景觀）:HK$196', '隱仕大床房（全屋智能+深睡記憶枕+觀景大窗）:HK$206']"
蔚萊LOFT酒店（周口高鐵東站店）,9.6,"['樂享浪漫大床房（零壓床墊+智能客控）:HK$165', '悦享温馨大床房（零壓床墊+智能客控）:HK$175', '園景陽光大床房（零壓床墊+智能客控）:HK$185', '園景雅緻大床房（零壓床墊+智能客控）:HK$195']"
亞森·尚居酒店,9.2,"['特惠輕奢大床房:HK$140', '精緻大床房:HK$149', '豪華雙床房:HK$161', 'VIP尊享雙床房:HK$182']"
懿舊夢觀影酒店（天明財富廣場店）,9.2,"['巨幕舒適大床房:HK$128', '智能城景大床房:HK$153', '情侶主題觀影房（百寸智能觀影+騰訊視頻會員）:HK$156', '雅緻精選智能觀影雙床房:HK$175']"
尚客優酒店（周口交通大道碧桂園店）,9.4,"['舒適大床房:HK$124', '舒適雙床房:HK$130', '標準大床房:HK$137', '舒適家庭房:HK$156']"
偶遇觀影酒店,9.3,"['優選特惠大床房:HK$126', '尊享舒適觀影房:HK$140', '高雅商務雙床房（洗衣機）:HK$156', '輕奢主題觀影房:HK$176']"
蓮舍客棧（淮陽龍湖景區店）,8.8,"['仕居精緻雙床房:HK$228', '仕居精緻大床房:HK$289', '隱士觀景套房:HK$444', '隱士庭院套房:HK$444']"
海唐酒店（天明城店）,9.5,"['精選特惠觀影大床房:HK$136', '悦享巨幕投影大床房:HK$142', '豪華巨幕觀影大床房:HK$158', '優選巨幕觀影大床房:HK$158']"
周口初念·輕奢酒店（碧桂園城市之光店）,9.7,"['風雅系|花兮RBD大床房:HK$114', '北歐系|ins風觀影大床房:HK$132', '暢享影音|私享IMAX觀影大床房:HK$136']"
海友酒店（周口中心醫院店）,9.3,"['舒適大床房:HK$157', '高級大床房:HK$158', '家庭房:HK$176', '雙床房:HK$177']"
麗呈睿軒酒店（周口文昌萬達師範學院店）,9.4,"['雙床房（無窗）:HK$229', '高級大床房:HK$272', '高級雙床房:HK$272', '零壓靜享雙床房:HK$294']"
青絲智慧酒店,9.1,"['智能觀影大床房:HK$171', '智能觀影標準間:HK$171', '豪華觀影大床房:HK$213', '豪華觀影雙床房:HK$213']"
尚客優酒店（周口客運中心站店）,9.4,"['精品大床間:HK$139', '精品雙床房:HK$148', '豪華大床房:HK$154', '豪華雙床房:HK$154']"
古奈酒店（周口川匯區黃河路店）,9.3,"['雅緻大床房 - 酒店提供自助洗衣房:HK$170', '雅緻雙床房 - 酒店提供自助洗衣房:HK$184', '尊享大床房 - 酒店提供自助洗衣房:HK$193', '尊享雙床房 - 酒店提供自助洗衣房:HK$213']"
海友酒店（淮陽第一高級中學店）,10.0,"['大床房:HK$138', '高級大床房:HK$148', '標準雙人間:HK$148', '家庭套房:HK$167']"
亦途酒店（周口市天明城財富廣場文理學院店）,8.8,"['優選觀影大床房:HK$99', '舒適觀影大床房:HK$109', '尊享觀影大床房:HK$130']"
