酒店名称,评分,房型价格列表
呼倫貝爾首旅京倫酒店,9.4,"['豪華雙床房:HK$683', '豪華大床房:HK$793', '三人間:HK$1,099', '豪華套房:HK$1,288', '蒙元·明珠親子房:HK$1,288']"
伴山雅居民宿,9.8,"['壹號進口房車克萊爾（大床房）:HK$273', '伍號進口房車露娜（家庭房）:HK$329', '叁號進口房車傑克（家庭房）:HK$391', '豪華雙床房:HK$751']"
全季酒店（呼倫貝爾海拉爾成吉思汗廣場店）,9.6,"['高級大床房:HK$749', '商務大床房:HK$796', '高級特大床房:HK$824', '高級雙床房:HK$843']"
呼倫貝爾天啟酒店,9.3,"['舒適雙床房:HK$740', '商務雙床房:HK$762', '商務大床房:HK$762', '豪華雙床房:HK$873', '豪華家庭房:HK$873']"
全季酒店（呼倫貝爾融富花園店）,9.5,"['大床房:HK$721', '高級大床房:HK$768', '商務大床房:HK$815', '商務雙床房:HK$815']"
呼倫貝爾貝爾大酒店,9.5,"['貝爾雙床房:HK$810', '貝爾大床間:HK$810', '貝爾商務套房:HK$1,182', '貝爾親子套房:HK$1,291', '貝爾豪華套房:HK$1,401']"
如家睿柏·雲酒店（呼倫貝爾海拉爾機場古城店）,9.4,"['特價大床房無窗:HK$374', '特價雙床房:HK$417', '商務大床房:HK$696', '標準雙床房:HK$739']"
索倫嘎騏驥酒店,9.3,"['騏驥雙床房【慕思床墊+多種枕芯+全屋智能】:HK$238', '騏驥大床房【慕思床墊+多種枕芯+全屋智能】:HK$259', '影音大床房【慕思床墊+多種枕芯+全屋智能】:HK$280', '家庭親子房【慕思床墊+多種枕芯+全屋智能】:HK$363']"
呼倫貝爾德盛大酒店,8.9,"['豪華雙床房:HK$535', '豪華大床房:HK$556', '豪華商務標間:HK$603', '豪華家庭房:HK$742']"
朗麗茲酒店（呼倫貝爾海拉爾店）,9.6,"['麗茲大床房（智能馬桶/智能鏡/自動窗簾）:HK$870', '高級大床房（智能馬桶/智能鏡/自動窗簾）:HK$976', '豪華大床房（智能馬桶/智能鏡/自動窗簾）:HK$1,264', '高級雙床房（智能馬桶/智能鏡/自動窗簾）:HK$1,264', '麗茲家庭房（智能馬桶/智能鏡/自動窗簾）:HK$1,371']"
呼倫貝爾山水酒店,9.0,"['商務標準雙床房:HK$376', '商務大床房:HK$376', '商務套房:HK$519']"
全季酒店（呼倫貝爾火車站店）,9.2,"['高級大床房:HK$643', '雙床房:HK$674', '商務大床房:HK$684', '商務雙床房:HK$715']"
德薏酒店（呼倫貝爾民族博物館成吉思汗廣場店）,9.5,"['漢韻丨雙床房【夢百合好眠+智慧療愈+電視投屏】:HK$962', '芳華丨大床房【夢百合好眠+白茶香氛+電視投屏】:HK$962', '慕名丨大床房【白茶療愈+親膚康乃馨】:HK$1,007', '雅居丨雙床房【零壓墊枕+電視投屏】:HK$1,007', '童趣丨大床房【童話帳篷+智慧療愈+電視投屏】:HK$1,074']"
呼倫貝爾海拉爾尼基金酒店,9.5,"['索菲亞·俄羅斯雙床（智控）:HK$889', '瓦列莉亞·俄羅斯大床（智控）:HK$889', '阿利薩·俄式家庭套（智控）:HK$1,198', '米蘭娜·複式親子套房:HK$1,455']"
呼倫貝爾海拉爾大街希爾頓歡朋酒店,9.7,"['舒適大床房:HK$1,300', '舒適雙床房（智能客控+手機投屏）:HK$1,409', '高級大床房（智能客控+手機投屏）:HK$1,519', '高級雙床房（智能客控+手機投屏）:HK$1,519', '歡友房-配親子沙發床（智能客控+手機投屏）:HK$1,519']"
呼倫貝爾洲季酒店,9.6,"['高級雙床房:HK$846', '高級大床房:HK$846', '豪華大床房:HK$973', '豪華雙床房:HK$973', '家庭房:HK$1,195']"
希岸酒店（呼倫貝爾海拉爾中央大街店）,9.3,"['希岸大床房（夢百合0壓床墊+智能客控+豪華沙發）:HK$594', '希岸豪華大床房（夢百合0壓床墊+智能客控+豪華沙發）:HK$637', '希岸豪華雙床房（夢百合0壓床墊+智能客控+豪華沙發）:HK$654', '希岸豪華套房（夢百合0壓床墊+智能客控+私享浴缸+旋轉電視+會客區）:HK$740']"
呼倫貝爾麗呈睿軒酒店,9.4,"['高級雙床房【夢百合零壓床枕+智能客控+高清投屏】:HK$934', '高級大床房【夢百合零壓床枕+智能客控+高清投屏】:HK$934', '豪華大床房【夢百合零壓床枕+高檔親膚床品+加濕器+小冰箱】:HK$1,014', '豪華雙床房【夢百合零壓床枕+高檔親膚床品+加濕器+小冰箱】:HK$1,014', '高級家庭房【夢百合零壓床枕+智能客控+高清投屏】:HK$1,374']"
呼倫貝爾天驕賓館,9.1,"['輕享雙床房（迎賓樓）:HK$832', '輕享大床房（迎賓樓）:HK$832', '行政大床房（主樓）:HK$1,519', '行政雙床房（主樓）:HK$1,519', '兩室兩廳家庭套房（迎賓樓）:HK$1,619', '行政套房（主樓）:HK$1,948']"
萬朋酒店（呼倫貝爾海拉爾卡樂堡小童樂園店）,8.8,"['舒適標準間:HK$613', '温馨大床房:HK$613', '豪華標準間:HK$665', '陽光豪華大床房:HK$674']"
呼倫貝爾海拉爾希爾頓花園酒店,9.4,"['花園大床房【金可兒床墊+彼得洛夫洗護】:HK$1,085', '花園高級雙床房【金可兒床墊+彼得洛夫洗護】:HK$1,128', '花園高級大床房【金可兒床墊+彼得洛夫洗護+加濕器】:HK$1,128', '豪華大床房【金可兒床墊+彼得洛夫洗護+空氣凈化器】:HK$1,236', '至尊大床房【親子家庭+金可兒床墊+彼得洛夫洗護】:HK$1,345']"
海拉爾賓館,9.5,"['舒適雙床房:HK$425', '舒適大床房:HK$555', '舒適商務套:HK$767']"
海拉爾不晚民宿,9.8,"['不晚風:HK$458', '不晚晴:HK$469']"
貝都賓館（海拉爾機場古城店）,9.4,"['恣享·觀影標準間（極米投影+乳膠床墊+星球枕+觀影會員）:HK$593', '特惠•觀影大床房（乳膠床墊+星球枕）:HK$593', '尊享·觀影雙床房（極米投影+乳膠床墊+星球枕+觀影會員+乾濕分離）:HK$612', '麗致·觀影大床房（極米投影+乳膠床墊+星空枕+觀影會員）:HK$612']"
呼倫貝爾海拉爾百府悦酒店,9.4,"['特價大床房:HK$1,531', '豪華大床房:HK$1,641', '豪華雙床房:HK$1,641', '行政大床房:HK$1,750', '行政雙床房:HK$1,750', '行政套房:HK$2,516']"
呼倫貝爾呼和諾爾酒店,9.2,"['星空star丨房車營地-高級大床房:HK$1,512', '星空star丨房車營地-高級雙床房:HK$1,512', '碧野雲居丨豪華Morden蒙古包雙床房丨含空調:HK$1,512', '藍松湖景房:HK$2,217', '哆咪小鎮豪華雙床房:HK$2,868']"
呼倫貝爾凱景嘉華酒店,9.2,"['豪華雙床房:HK$1,072', '商務大床房:HK$1,182', '商務套房:HK$1,401', '雙卧家庭套房:HK$1,510', '行政套房:HK$1,510']"
你好酒店（海拉爾中央橋古城店）,9.0,"['特價大床房:HK$346', '特價雙床房:HK$346', '大床房:HK$355', '商務大床房:HK$384']"
呼倫貝爾四季花園酒店（海拉爾店）,9.3,"['雅緻|日式榻榻米【近觀河景+0壓睡眠+小度智能】:HK$350', '悦致|輕享大床房【0壓睡眠+小度智能+優質布草】:HK$428', '悦致|温馨雙床房【小度智能+0壓睡眠】:HK$453', '雅緻|景觀雙床房【近觀河景+小度智能+全屋地毯】:HK$507']"
呼倫貝爾鄂温克賓館,9.3,"['舒適雙床房:HK$734', '舒適豪華雙床房:HK$755', '商務雙床房:HK$821', '豪華雙床房:HK$866', '豪華大床房:HK$910']"
鵬泰世紀酒店（呼倫貝爾海拉爾機場店）,8.8,"['特惠雙床房:HK$446', '特價標間:HK$539', '豪華標間:HK$558', '特價大床房:HK$632']"
呼倫貝爾嘉世豪酒店,9.4,"['B座-豪華大床房:HK$1,239', 'B座-豪華雙床房:HK$1,239', '望城雙床房-A座:HK$1,973', '望城大床房-A座:HK$1,973', '嘉享大床房:HK$2,126', '城景親子家庭房:HK$2,420']"
億豪大酒店（人民醫院店）,9.0,"['特惠標準間:HK$217', '浪漫邂逅圓床房:HK$217', '清新榻榻米:HK$217', '特惠大床房:HK$217']"
呼倫貝爾六十六頂氈房賓館,9.0,"['標間:HK$249', '高級大床房:HK$249', '温馨親子房:HK$277', '温馨親子影音房:HK$295']"
海堂酒店（呼倫貝爾市新區人民政府店）,9.8,"['輕奢大床房:HK$1,234', '輕奢標間:HK$1,235', '蒙元標間:HK$1,344', '輕奢家庭房:HK$1,563', '蒙元家庭房:HK$1,673']"
呼倫貝爾山頂野墅度假酒店,9.0,"['野奢·木屋雙床房:HK$548', '野奢·木屋別墅D棟整棟:HK$2,057', '野奢·木屋別墅A棟整棟:HK$2,277', '野奢·木屋別墅B棟整棟:HK$2,386']"
呼倫貝爾吉祥凱悦主題酒店,9.2,"['商務大床房:HK$426', '商務雙床房:HK$645', '普通套房:HK$645', '豪華套房:HK$689']"
呼倫貝爾陳巴爾虎旗娜慕野奢營地,9.2,"['娜慕房車:HK$1,446', '球幕180°觀景雙床房:HK$2,100', '球幕180°觀景大床房:HK$2,100', '野奢觀景雙床房:HK$2,511', '野奢觀景大床房:HK$2,511']"
天信商務酒店,8.7,"['特惠房:HK$281', '標準雙床房:HK$318', '三人間:HK$343', '家庭房:HK$368']"
呼倫貝爾納蘭賓館,9.4,"['特惠標準間:HK$268', '標準間:HK$324', '大床房:HK$324', '家庭房:HK$370']"
一隅酒店,9.6,"['靜謐家庭房:HK$827', '河景家庭房:HK$827', '豪華家庭房:HK$827', '全家福套房:HK$1,199']"
橙柿原間民宿,9.5,"['覓知豪華大床房:HK$184', '且慢 豪華觀景大床:HK$184', '餘歡·舒適景觀標間:HK$184', '初心豪華標間:HK$184']"
海友酒店（海拉爾成吉思汗廣場店）,9.6,"['大床房:HK$340', '高級大床房:HK$368', '雙床房:HK$386', '高級雙床房:HK$405']"
軍豪酒店,8.6,"['舒適雙床房:HK$655', '舒適大床房:HK$777']"
漢庭酒店（海拉爾六二六鑫海都市綠洲店）,9.6,"['雙床房:HK$365', '大床房:HK$385', '高級大床房:HK$404', '家庭房:HK$425']"
秋遇智慧酒店,9.7,"['温馨雙床房【全屋智能+智能馬桶+乾濕分離】:HK$282', '温馨大床房【全屋智能+0壓睡眠+乾濕分離】:HK$304', '精選雙床房:HK$512', '精選大床房【全屋智能+0壓睡眠+智能馬桶】:HK$534']"
海拉爾東笙輕奢酒店（海拉爾機場店）,8.8,"['驚喜特惠雙床房:HK$293', '舒享雙床房:HK$326', '親子家庭房:HK$403', '超大空間丨尊享四人間:HK$546']"
呼倫貝爾陳巴爾虎旗牧雲山頂酒店,9.0,"['野奢木雕蒙古包:HK$5,909', '野奢營地標準房車:HK$5,909', '野奢河畔大床房:HK$6,511', '野奢河畔雙床房:HK$6,511', '野奢營地豪華房車:HK$6,511']"
呼倫貝爾海庭主題賓館,9.2,"['影咖大床房:HK$181', '地下星空家庭房:HK$213', '田園家庭房:HK$287', '標準家庭房:HK$328']"
金捌快捷賓館,9.5,"['特價標準間:HK$173', '特價大床房:HK$184', '舒適大床房:HK$206', '內窗標間:HK$206']"
