酒店名称,评分,房型价格列表
商丘信華建國酒店,9.4,"['極簡大床房:HK$337', '極簡雙床房:HK$337', '豪華大床房:HK$462', '豪華雙床房:HK$462', '商務大床房:HK$806', '商務家庭雙床房:HK$806']"
陌上輕居酒店（商丘萬達廣場店）,9.6,"['風韻·宋潮花雅大床房（小度音響+智能客控）:HK$194', '品學·江南坡頂大床房（智能客控+乾濕三分離）:HK$206', '品學·江南坡頂雙床房（智能客控+乾濕三分離）:HK$206', '雅緻·舒睡零壓大床房（親膚浴袍+零圧床墊）:HK$248']"
商丘古城南湖酒店,9.4,"['精品雙床房:HK$223', '精品大床房:HK$223', '豪華大床房:HK$245', '豪華雙床房:HK$245', '高級雙床房:HK$282']"
輕築酒店（商丘萬達廣場店）,9.3,"['悦享智慧大床房（小度智能客控）:HK$193', '和悦智慧雙床房（小度智能客控）:HK$199', '風韻智慧大床房（小度智能客控）:HK$217', '雅韻智慧雙床房（小度智能客控）:HK$221']"
商丘瑞恆建國飯店,9.6,"['特惠雙床房:HK$304', '豪華大床房:HK$352', '豪華雙床房:HK$360', '商務雙床房:HK$399', '商務大床房:HK$416']"
商丘中泰開元名庭酒店,9.4,"['名成高級雙床房:HK$339', '名成高級大床房:HK$339', '名成豪華大床房:HK$378', '名成商務套房:HK$493']"
商丘萬達廣場雪苑路亞朵酒店,9.8,"['高級雙床房（深睡床品+小冰箱+電視投屏）:HK$313', '高級大床房（深睡床品+小冰箱+電視投屏）:HK$313', '行政雙床房（深睡床品+小冰箱+電視投屏）:HK$340', '行政大床房（深睡床品+小冰箱+電視投屏）:HK$340', '尊享大床房（深睡床品+小冰箱+電視投屏）:HK$412']"
漢庭酒店（商丘站北廣場店）,9.4,"['舒壓-高級大床房:HK$199', '舒壓-高級雙床房:HK$199', '舒壓-商務大床房:HK$218']"
米蘭國際酒店（商丘萬達廣場店）,9.2,"['古韻標準間:HK$191', '古韻大床房:HK$191', '雅緻標準間（豪華按摩椅）:HK$213', '雅緻大床房（豪華按摩椅）:HK$213']"
H水晶酒店（商丘古城第一人民醫院店）,9.7,"['雅緻智能大床房（全屋客控+舒達床墊+智能馬桶）:HK$222', '舒適智能大床房（全屋客控+舒達床墊+智能馬桶）:HK$267', '雅緻智能雙床房（全屋客控+舒達床墊+智能馬桶）:HK$281', '陽光智能景觀大床房（全屋客控+舒達床墊+智能馬桶）:HK$282']"
全季酒店（商丘萬象路店）,9.6,"['高級雙床房:HK$274', '高級大床房:HK$283', '商務大床房:HK$312', '舒壓商務大床房:HK$330']"
全季酒店（商丘古城華夏路店）,9.8,"['大床房:HK$271', '高級大床房:HK$298', '商務大床房:HK$318', '商務雙床房:HK$327']"
商丘中良國際酒店,9.6,"['尊貴雙床房:HK$301', '尊貴大床房:HK$301', '湖畔大床房（智能小度+辦公桌）:HK$322', '湖畔雙床房:HK$322', '特色大床房（智能小度+浪漫星空）:HK$354']"
艾尚王朝酒店（商丘高鐵站正弘滙店）,9.6,"['豪華大床房:HK$228', '豪華雙床房:HK$228', '商務雙床房（記憶枕）:HK$253', '商務大床房（深度睡眠+原木風格）:HK$253', '智能大床房（小度智能客控）:HK$275']"
凈漫酒店（商丘高鐵站凱旋路店）,9.6,"['私享影音大床房:HK$146', 'IMAX暢享影音大床房:HK$157', '舒適雙床房:HK$168', '温馨大床房:HK$168']"
你好酒店（商丘萬達廣場市政府店）,9.6,"['舒壓-大床房:HK$168', '舒壓-高級雙床房:HK$187', '舒壓-高級大床房:HK$187', '舒壓-商務大床房:HK$215']"
輕築富臨門酒店（商丘高鐵站市政府店）,9.2,"['輕享大床房（自助洗衣房+延遲退房至14：00）:HK$138', '輕奢大床房:HK$142', '輕奢雙床房:HK$157', '尊享大床房:HK$161']"
商丘古城智選酒店（吾悦廣場店）,9.3,"['特惠大床房（金可兒床墊+軟硬雙枕）:HK$217', '行政大床房（乾濕分離+金可兒床墊+軟硬雙枕）:HK$225', '行政雙床房（金可兒床墊+軟硬雙枕+乾濕分離）:HK$225', '商務大床房（採光視野好+軟硬雙枕+舒適安靜）:HK$265', '商務雙床房（採光視野好+軟硬雙枕+舒適安靜）:HK$265']"
喆啡銳品酒店（商丘萬達廣場建業總部港店）,9.4,"['品致大床房:HK$253', '鋭意大床房【智能客控】+【高清電視投屏】:HK$278', '鋭意雙床房【全屋智能.電視投屏】+【落地窗】:HK$278', '鋭趣家庭房【全屋智能.電視投屏】+【落地窗】:HK$299', '湖景大床房【全屋智能.電視投屏】+【湖景落地窗】:HK$380']"
維也納酒店（商丘歸德中路萬達廣場店）,9.5,"['高級大床房:HK$190', '高級雙床房:HK$190', '商務大床房:HK$218', '城景大床房:HK$250']"
凱里亞德酒店（商丘神火大道萬達廣場店）,9.4,"['輕享大床房:HK$212', '輕享雙床房:HK$212', '樂享大床房:HK$237', '樂享雙床房:HK$237']"
白玉蘭酒店（商丘高鐵站店）,9.5,"['玉舒大床房:HK$185', '玉舒雙床房:HK$185', '蘭舒雙床房:HK$195', '零壓玉舒大床房:HK$195']"
尤岸酒店（商丘高鐵站市政府店）,9.5,"['特惠大床房-中央空調-零壓護頸枕-心之約床墊:HK$168', '特惠雙床房-中央空調-零壓護頸枕-心之約床墊:HK$177', '尤享智能大床房-中央空調-零壓護頸枕-心之約床墊:HK$198', '尤享智能雙床房-中央空調-零壓護頸枕-心之約床墊:HK$198']"
金士頓國際假日酒店（商丘市政府高鐵站店）,9.3,"['商務大床房（顧家床墊+中央空調+天絲布草）:HK$205', '商務雙床房（顧家床墊+中央空調+天絲布草）:HK$227', '浪漫圓床房:HK$249', '行政雙床房（水晶浴缸+顧家床墊+天絲布草）:HK$271']"
漢庭酒店（商丘神火大道萬達廣場店）,9.8,"['高級大床房（舒適床品+智能客控）:HK$196', '商務大床房（舒適床品+智能客控）:HK$205', '商務雙床房（舒適床品+智能客控）:HK$215', '商務套房（舒適床品+智能客控）:HK$271']"
維也納3好酒店（商丘高鐵站正弘滙店）,9.5,"['高級大床房:HK$171', '愉夢雙床房:HK$179', '棋牌大床房:HK$211', '豪華大床房:HK$231']"
喜鵲樂居旅館（商丘市一高市政府店）,9.4,"['靜享陽光丨優選雙床房（酒店公區提供自助洗衣機|小冰箱）:HK$146', '靜享陽光丨優選大床房（酒店公區提供自助洗衣機|小冰箱）:HK$146', '温馨唯美丨情侶大床房（酒店公區提供自助洗衣機|小冰箱）:HK$161', '榮享景觀丨舒適家庭房（酒店公區提供自助洗衣機|小冰箱）:HK$161']"
星程酒店（商丘南京東路店）,9.6,"['高級大床房:HK$207', '商務雙床房 （中式茶具）:HK$217', '商務大床房 （中式茶具）:HK$236', '豪華家庭房 （中式茶具）:HK$236']"
宜必思酒店（商丘港滙萬達店）,9.5,"['舒壓高級大床房:HK$243', '舒壓高級雙床房:HK$243', '舒壓豪華雙床房:HK$252', '舒壓豪華大床房:HK$261']"
全季酒店（商丘神火大道商字店）,9.8,"['雙床房:HK$271', '高級大床房:HK$289', '舒壓高級大床房:HK$318', '套房:HK$430']"
亦嵐酒店（商丘市政府萬達廣場店）,9.3,"['簡歐雙床房（智能客控）:HK$168', '簡歐大床房（智能客控）:HK$169', '輕享雙床房（智能客控）:HK$186', '輕享大床房（智能客控）:HK$186']"
商丘國展綠地鉑派酒店,9.4,"['高級雙床房:HK$215', '高級大床房:HK$215', '湖景雙床房:HK$284', '湖景大床房:HK$284', '豪華大床房:HK$328']"
米蘭文化精品酒店（商丘高鐵站店）,9.6,"['古韻標準間:HK$180', '古韻大床房:HK$193', '雅緻標準間A（沙發）:HK$216', '雅緻大床房:HK$218']"
麗楓酒店（商丘高鐵站正弘滙店）,9.0,"['雅緻大床房:HK$185', '雅緻雙床房:HK$185', '豪華雙床房:HK$196', '豪華大床房:HK$196']"
凈漫·輕雅酒店（商丘站市政府店）,9.8,"['IMAX私享影音大床房:HK$197', '商務智能大床房:HK$221', '商務智能標準間:HK$221', '巨幕觀影大床房:HK$239']"
普思諾酒店（商丘高鐵站正弘滙店）,9.8,"['精品大床:HK$169', '精品雙床:HK$169', '時尚圓床:HK$180', '豪華大床房:HK$211']"
錦江之星酒店（商丘五洲城店）,9.5,"['星悦高級零壓大床房:HK$165', '星選高級零壓雙床房:HK$175', '休閑棋牌室:HK$200', '星悦豪華零壓大床房:HK$210']"
世紀星假日酒店（商丘古城南京路店）,9.1,"['商務雙床房:HK$159', '精品雙床房:HK$170', '零壓大床房:HK$222', '零壓觀影大床房（百幕投影+騰訊vip）:HK$253']"
希岸酒店（商丘高鐵站正弘滙店）,9.1,"['希岸豪華雙床房:HK$216', '希岸豪華大床房:HK$216', '希岸影音大床房（無窗）:HK$249', '顏值Lab:HK$282']"
凈漫·輕奢酒店（商丘實驗中學高鐵站店）,9.4,"['凈漫大床房:HK$135', '凈悦大床間:HK$156', '凈悦雙床房:HK$156', '空氣清新房:HK$166']"
漢庭酒店（商丘北海東路店）,9.6,"['舒壓大床房:HK$187', '舒壓高級大床房:HK$196', '舒壓雙床房:HK$196', '舒壓家庭房:HK$215']"
帝王精緻酒店（商丘高鐵站正弘滙店）,9.4,"['温馨丨浪漫大床房（酒店公區提供洗衣機+護頸頭枕）:HK$154', '温馨丨金士大床房（酒店公區提供洗衣機+護頸頭枕）:HK$166', '陽光丨時尚雙床房（酒店公區提供洗衣機+護頸頭枕）:HK$176', '陽光丨優享雙床房（酒店公區提供洗衣機+護頸頭枕）:HK$188']"
日月楓華酒店（商丘古城店）,9.6,"['楓雅雙床房:HK$229', '優雅大床房:HK$233', '優雅雙床房:HK$234', '楓雅大床房:HK$237']"
華馳粵海酒店（商丘市政府高鐵站店）,9.3,"['智惠標準大床房（一次性拖鞋+洗漱用品獨立包裝+瓶裝水）:HK$115', '舒雅景觀大床房（瓶裝水+公區提供自主洗衣機+洗漱用品獨立包裝）:HK$116', '舒雅景觀雙床房（瓶裝水）:HK$116', '陽光影視大床房（海量電影+智慧投屏+觀影會員）:HK$134']"
明錦精品酒店（商丘南站工學院店）,9.0,"['商務雙床房:HK$107', '商務大床房:HK$116', '雅緻雙床房:HK$123', '雅緻大床房:HK$129']"
日月湖山水酒店（商丘火車南站店）,8.8,"['惠選大床房:HK$144', '惠選雙床房:HK$144', '山水雙床房:HK$165', '山水套房:HK$269']"
凈漫·清雅酒店（商丘萬達店）,9.2,"['凈雅大床房:HK$180', '優雅大床房:HK$192', '凈雅雙床房:HK$192', '空氣凈化大床房:HK$204']"
商丘遠洋精品酒店（商丘工學院店）,8.5,"['精品大床房:HK$245', '高級雙床房:HK$277', '高級大床房:HK$277', '豪華大床房:HK$319']"
303酒店（商丘高鐵火車站店）,9.1,"['精品大床房（酒店公區提供自助洗衣機）:HK$91', '商務大床房（酒店公區提供自助洗衣機）:HK$111', '高級大床房（酒店公區提供自助洗衣機）:HK$134', '時尚雙床房（酒店公區提供自助洗衣機）:HK$136']"
尚客優品酒店（古城第一人民醫院店）,9.3,"['時尚圓床房（無窗）:HK$154', '時尚大床房（無窗）:HK$156', '艾家親子房:HK$186', '精緻大床房:HK$270']"
