酒店名称,评分,房型价格列表
商洛皇冠假日酒店,9.6,"['高級大床房:HK$427', '高級雙床房:HK$427', '高級房:HK$427', '高級大床房 高樓層:HK$474', '高級雙床房 高樓層:HK$474', '豪華大床房:HK$615']"
如家精選酒店（商洛汽車客運站店）,9.5,"['商務大床房【陽光露台丨投屏電視機丨山景景觀】:HK$227', '雙床房【陽光露台丨投屏電視機丨山景景觀】:HK$227', '高級雙床房【陽光露台丨投屏電視機丨山景景觀】:HK$245', '高級大床房【陽光露台丨投屏電視機丨山景景觀】:HK$245']"
商洛國際會議中心,9.2,"['標準雙床房:HK$258', '標準大床房:HK$277', '江景雙床房:HK$307', '精品大床房:HK$360', '豪華特大床套房:HK$500']"
維也納智好酒店（商洛萬達廣場店）,9.0,"['標準雙床房:HK$218', '豪華雙床房:HK$228', '標準大床房:HK$232', '豪華大床房:HK$236', '商務套房:HK$318']"
地建南山花園酒店（仙娥湖旅遊區店）,9.3,"['江畔·智慧雙床房:HK$426', '江畔·智慧大床房:HK$444', '山居·輕奢雙床房:HK$463', '山居·輕奢大床房:HK$481', '專享行政套房:HK$1,197']"
如家酒店·neo（商洛市政府萬達廣場店）,9.6,"['雙床房【投屏+夢百合0壓床墊】:HK$192', '商務大床房【投屏+夢百合0壓床墊】:HK$201', '高級雙床房【投屏+夢百合0壓床墊】:HK$201', '景觀大床房【投屏+夢百合0壓床墊】:HK$210']"
商洛印象悦豪酒店,8.7,"['江景雙床房:HK$287', '智享大床房:HK$287', '山景大床房:HK$302', '山景大床房.:HK$302', '浴缸大床房:HK$326']"
漢庭酒店（商洛北新街店）,9.6,"['雙床房（55寸智能電視+一鍵投屏）:HK$321', '高級大床房（55寸智能電視+一鍵投屏）:HK$321', '套房（55寸智能電視+一鍵投屏）:HK$362']"
漢庭酒店（商洛時代華城店）,9.3,"['大床房【電視投影+舒適空調】:HK$181', '雙床房【電視投影+舒適空調】:HK$200', '高級大床房【電視投影+舒適空調】:HK$210', '高級雙床房【電視投影+舒適空調】:HK$238']"
商洛山水時代酒店（北客站商洛學院店）,8.7,"['高級大床房:HK$219', '高級標準房:HK$219', '茶藝大床房:HK$219', '江景大床房:HK$219']"
都市花園酒店（商洛北客站西崗樓店）,9.0,"['豪華大床房:HK$161', '豪華雙床房:HK$163', '豪華親子套房:HK$333']"
北斗山居民宿,9.3,"['景觀露台大床房:HK$1,029', '庭院私湯大床房:HK$1,118', '景觀私湯親子大床房:HK$1,180', '尊享私湯套房:HK$1,491']"
商洛市商州區沙河子鎮丹水酒店,8.2,"['舒適雙床房:HK$143', '大床房:HK$153', '尊享套房:HK$267']"
江山景區山水居民宿,8.5,"['舒適標間:HK$142', '山景標間:HK$164', '高級大床房:HK$197', '豪華標間:HK$219']"
商洛老北京大酒店,7.8,"['高級大床房:HK$118', '豪華大床房:HK$129', '高級標準房:HK$140', '豪華標準房:HK$151']"
麗呈別院（北寬坪紅色教育基地店）,7.3,"['青巒景觀雙床房（智能客控）:HK$300', '望山景觀大床房（智能客控）:HK$383', '山田景觀温馨家庭房（智能客控）:HK$414', '山楂小院祕境玻璃房:HK$692']"
福祉酒店,8.3,"['特惠大床房:HK$97', '經典大床房:HK$126', '經典雙人間:HK$138', '商務大床房:HK$141']"
商洛學苑賓館,8.2,"['浪漫圓床房:HK$140', '特價大床房:HK$140', '舒適大床房:HK$151', '豪華雙人間:HK$151']"
商洛庭園主題賓館,8.8,"['商務大床房:HK$97', '特惠雙床房:HK$105', '特色雙床房（木桶浴）:HK$113', '温馨情侶房:HK$138']"
商洛腰市鎮金葉賓館,8.4,"['大床房:HK$118', '舒適大床房:HK$118', '標準間:HK$129', '三人間:HK$140']"
商洛喜達新悦假日酒店,7.2,"['豪華標準間:HK$184', '豪華大床房:HK$195', '豪華套房:HK$293', '商務套房:HK$315']"
商洛在水一方商務賓館,6.9,"['標準間:HK$102', '豪華標準間:HK$107', '大床房:HK$109', '三人間:HK$130']"
商洛新錦雲商務賓館,4.7,"['標準單間:HK$81', '標準雙間:HK$91', '標準三人間:HK$107']"
福園樂賓館,6.4,"['特價房:HK$107', '標準間:HK$111', '大床房:HK$111', '豪華大床房:HK$322']"
柞水馬房子民宿,9.9,"['山景雙床房（零壓床墊+眺望山景+觀景樓台）:HK$956', '庭院大床房（零壓床墊+中式庭院+山野清曠）:HK$1,028', '禮園·和鳴居獨棟套房（瑞庭別院+眺望山景+歸園田居）:HK$5,665', '義園·采薇居獨棟套房（眺望山景+中式庭院+靜謐優雅）:HK$5,984', '智園·鏡心居獨棟套房（中式庭院+觀荷聽雨+荷塘魚趣）:HK$6,782']"
柞水溶洞九星温泉湯院,8.6,"['天樞私湯小院:HK$2,175', '隱元私湯小院:HK$2,230', '瑤光私湯小院:HK$2,503', '開陽私湯小院:HK$2,503', '天權私湯小院:HK$2,886']"
維也納酒店（商洛山陽人民廣場店）,9.3,"['標準雙床房:HK$230', '豪華雙床房:HK$240', '標準大床房:HK$249', '豪華大床房:HK$258']"
隆元·基曼斯酒店（商洛山陽第三中學北門店）,9.3,"['商務雙床房:HK$278', '商務特大床房:HK$289', '行政雙床房:HK$413', '行政特大床房:HK$424', 'Happy小童特大床房（智能客控+小童沙發+城市景觀）:HK$506', '風格圓床房:HK$533']"
商南運通逸雲酒店,9.6,"['山景大床房—品牌健康深睡床墊+舒爽噴湧淋浴:HK$241', '陽光大床房—品牌健康深睡床墊+舒爽噴湧淋浴:HK$272', '山景雙床房—品牌健康深睡床墊+舒爽噴湧淋浴:HK$288', '河景大床房—品牌健康深睡床墊+舒爽噴湧淋浴:HK$288', '河景雙床房—品牌健康深睡床墊+舒爽噴湧淋浴:HK$288']"
瀾·見山集民宿,8.6,"['觀山大床房:HK$545', '觀山露台大床房:HK$589', '陽光雙床房:HK$589', '陽光露台雙床房:HK$654']"
商洛秦嶺温泉花間境·林隱酒店,9.5,"['曉山經典庭院私湯大床房:HK$1,745', '雲山高級庭院私湯大床房:HK$1,928', '曉山高級庭院私湯雙床房:HK$2,111', '雲山高級庭院私湯雙床房:HK$2,293', '遠山豪華私湯loft房:HK$2,477', '雲山高級庭院私湯親子房:HK$2,659']"
攜程度假農莊（棣花地球倉聯營店）,9.0,"['鄉愁大床房:HK$1,453', '泉湖親子套房:HK$1,606', '陽湖親子套房:HK$1,835', '憶昔大床親子房:HK$2,065', '悠湖雙間親子套房:HK$2,371']"
鎮安開元大酒店,9.4,"['舒心雙床房:HK$255', '豪華雙床房:HK$295', '豪華大床房:HK$326', '塔雲棲夢雙床房:HK$424', '塔雲棲夢大床房:HK$457']"
鎮安繽悦大酒店,9.6,"['慧悦雙床房（零壓床墊+手機投屏）:HK$241', '慧悦大床房（零壓床墊+手機投屏）:HK$241', '華悦雙床房（零壓床墊+手機投屏）:HK$294', '尊悦大床房（零壓床墊+手機投屏+小冰箱）:HK$296', '尊悦雙床房（零壓床墊+電視投屏+小冰箱）:HK$296']"
丹鳳金山酒店,9.0,"['特惠雙床房:HK$250', '景觀商務標間:HK$326', '景觀豪華標間:HK$358', '景觀豪華親子房:HK$422', '景觀商務套房:HK$756']"
洛南華陽國際飯店,9.0,"['商務大床房:HK$295', '中式雙床房:HK$320', '英式雙床房:HK$320', '情侶主題房:HK$332', '豪華親子間:HK$385']"
洛南嘉宏酒店,8.9,"['精緻雙床房:HK$293', '精緻大床房:HK$293', '豪華大床房:HK$369', '行政套房:HK$447', '新娘房:HK$447']"
豐岸假日酒店（商洛山陽華龍車站人民廣場店）,9.2,"['普通雙床房（舒適雙床+乾濕分離+瓶裝水）:HK$164', '普通大床房（舒適大床房+乾濕分離+瓶裝水）:HK$164', '高級特大床房（護脊床墊+乾濕分離+瓶裝水）:HK$184', '高級雙床房（休閑榻榻米+乾濕分離+護脊床墊）:HK$186']"
鎮安聚秀山莊酒店,9.4,"['悦享·安睡雙床房（智能客控+mini吧+乳膠記憶床墊）:HK$233', '夢璃·休閑雙床房（智能客控+mini吧+乳膠記憶床墊）:HK$284']"
米垛漫境設計師酒店,9.1,"['山景大床房:HK$653', '山景雙床房:HK$653', '陽光水景大床房（有陽台）:HK$763', '陽光水景雙床房（有陽台）:HK$763']"
商南天鹿酒店,9.3,"['園景雙床房（陽台）:HK$223', '園景大床房（陽台）:HK$294', '園景零壓大床房（陽台）:HK$300', '園景零壓雙床房（陽台）:HK$305', '陽光花園雙床房（陽台）:HK$322']"
花築·牛背樑度假山莊（柞水店）,9.1,"['蘭茵·温馨大床房（日式茶台+深度睡眠）:HK$941', '楓畔·雅緻大床房（觀景露台+獨立陽台+深度睡眠）:HK$978', '紅樺·雅緻雙床房（榻榻米+休閑沙發+深度睡眠）:HK$1,027', '檀悦·豪華大床房（私享客廳+浴缸+陽台+深度睡眠）:HK$1,064', '櫨軒·豪華雙床房（獨立客廳+榻榻米+深度睡眠）:HK$1,101']"
柞水山與飛鳥民宿,8.7,"['鹿鳴·園景雙床房:HK$545', '櫻語·私人陽台山景雙床房:HK$607', '塵外·浴缸獨立露台大床房:HK$762', '清盧·休閑度假園景套房:HK$814']"
鎮安景悦雅緻酒店（鎮安金台山文化旅遊區店）,9.4,"['暮雲大床房『零壓床墊+寬敞明亮+多重隔音助眠』:HK$183', '隱漫.舒心雙床房-商旅特惠:HK$194', '今夕何夕榻榻米房-熱銷房:HK$198', '煙雨.靜居大床房『動人夜景+乾濕分離+舒適好眠』:HK$205']"
洛南倉聖國際酒店,8.5,"['商務標準間:HK$249', '商務大床房:HK$249', '茶藝單間:HK$271', '親子房:HK$271']"
柞水對峯崖居民宿,9.8,"['牧雲:HK$1,746', '聽雨:HK$2,682', '觀山:HK$2,682', '覽星:HK$3,146']"
萬豪瀾庭酒店（山陽人民廣場汽車站店）,9.7,"['悦享觀影榻榻米（零壓床墊+夢幻星空頂+巨幕投影）:HK$168', '悦享雙床房（零壓床墊+全景飄窗+智能馬桶）:HK$195', '悦享大床房（零壓床墊+智能客控+浪漫粉色主題）:HK$195', '悦意大床房 （零壓床墊+記憶軟枕+超大浴缸）:HK$222']"
花築·棣花古鎮荷塘畔民宿,7.9,"['豪華大床房:HK$391', '母子間:HK$500', '標準間:HK$577', '景觀大床房:HK$610']"
柞水隱舍客棧,8.9,"['大床房:HK$828', '標間:HK$872', '河景大床房:HK$872', '閣樓房:HK$981']"
伴山小院民宿,10.0,"['山景雙床房:HK$831', '山景大床房:HK$941', '山景豪華大床房:HK$1,049', '山景豪華親子房:HK$1,377']"
