酒店名称,评分,房型价格列表
嘉興運河希爾頓歡朋酒店,9.8,"['舒適大床房:HK$371', '舒適雙床房:HK$371', '高級大床房:HK$436', '高級雙床房:HK$436', '歡友運河景觀房:HK$495']"
嘉興南湖帕瑞思酒店,9.6,"['禾居·寵粉大床房「4K高清影視+觀地標夜景+隔音玻璃」:HK$252', '禾居·寵粉雙床房「4K高清影視+躺上就想睡+隔音玻璃」:HK$252', '禾居|商旅優眠雙床房「4K高清影視+躺上就想睡的枕頭+隔音玻璃」:HK$272', '禾居·商旅觀影大床房「4K高清影視+躺上就想睡的枕頭+隔音玻璃」:HK$272', '約Highl·雙排電競大床房「3A遊戲120幀+32G運行內存」:HK$301']"
嘉善大眾廣場亞朵酒店,9.8,"['高級大床房（慢回彈記憶枕+電視投屏）:HK$332', '高級雙床房（慢回彈記憶枕+電視投屏）:HK$332', '行政大床房（慢回彈記憶枕+投屏電視+掛耳coffee）:HK$367', '行政雙床房:HK$367', '幾木大床房（亞朵星球pro深睡枕+投屏電視）:HK$412']"
嘉興萬豪酒店,9.6,"['豪華大床房:HK$654', '豪華雙床房:HK$654', '景觀大床房:HK$709', '景觀雙床房:HK$709', '全景大床房:HK$763', '行政大床房:HK$972']"
海寧皮革城南關廂亞朵酒店,9.6,"['雅緻大床房:HK$323', '雅緻雙床房:HK$323', '高級大床房:HK$367', '高級雙床房:HK$367', '行政大床房:HK$412']"
嘉興奢小曼酒店,9.8,"['高級大床房:HK$521', '高級雙床房:HK$521', '豪華精選大床房:HK$554', '豪華精選雙床房:HK$554', '豪華精選商旅房:HK$593']"
嘉興海鹽經濟開發區亞朵酒店,9.7,"['高級大床房（慢回彈記憶枕+65寸可投屏電視）:HK$287', '行政大床房（慢回彈記憶枕+65寸可投屏電視）:HK$314', '行政雙床房（慢回彈記憶枕+65寸可投屏電視）:HK$314', '幾木大床房-亞朵星球深睡枕PRO+小冰箱:HK$341', '幾木雙床房-亞朵星球深睡枕PRO+小冰箱:HK$341']"
嘉興南湖亞朵酒店,9.7,"['高級雙床房:HK$323', '高級大床房:HK$341', '行政雙床房:HK$341', '行政大床房:HK$359', '幾木雙床房-亞朵星球深睡枕pro+冰箱mini吧:HK$475']"
嘉興南湖八佰伴桔子水晶酒店,9.7,"['高級大床房（絲漣床墊+冰箱mini吧+藍牙音箱）:HK$397', '豪華雙床房（絲漣床墊+冰箱mini吧+藍牙音箱）:HK$397', '豪華大床房（絲漣床墊+冰箱mini吧+藍牙音箱）:HK$412', '商務大床房（絲漣床墊+冰箱mini吧+藍牙音箱）:HK$432', '行政雙床房（絲漣床墊+冰箱mini吧+藍牙音箱）:HK$442']"
桐鄉慶豐南路亞朵酒店,9.8,"['行政雙床房-慢回彈記憶枕:HK$323', '高級大床房-慢回彈記憶枕:HK$332', '行政大床房-慢回彈記憶枕:HK$359', '幾木雙床房-亞朵星球深睡枕Pro+小冰箱:HK$394', '幾木大床房-亞朵星球深睡枕Pro+小冰箱:HK$412']"
嘉善萬聯廣場亞朵酒店,9.7,"['高級雙床房:HK$359', '高級大床房:HK$376', '行政清氧雙床房（慢回彈記憶枕+小冰箱+空氣凈化器）:HK$412', '行政大床房（慢回彈記憶枕+小冰箱）:HK$421', '幾木清氧大床房（亞朵星球深睡枕PRO+小冰箱+空氣凈化器）:HK$466']"
平湖經濟開發區文化中心亞朵酒店,9.7,"['雅緻房（深睡枕PRO+深睡床墊）:HK$269', '高級大床房（深睡枕PRO+深睡床墊+小冰箱）:HK$323', '高級雙床房（深睡枕PRO+深睡床墊+小冰箱）:HK$323', '行政大床房（深睡枕PRO+深睡床墊+小冰箱）:HK$367', '行政雙床房（深睡枕PRO+深睡床墊+小冰箱）:HK$367']"
嘉興南湖開元名庭酒店,9.6,"['名成高級大床房:HK$409', '名成豪華大床房:HK$431', '名成高級雙床房:HK$453', '名成豪華雙床房:HK$474', '名成商務大床房（含浴缸）:HK$496']"
嘉興福朋喜來登酒店,9.5,"['豪華大床房:HK$496', '豪華雙床房:HK$496', '豪華河景雙床房:HK$560', '豪華河景大床房:HK$560', '行政大床房:HK$751', '行政雙床房:HK$751']"
嘉興中山路江南摩爾亞朵酒店,9.6,"['高級大床房:HK$350', '高級雙床房:HK$367', '行政大床房:HK$385', '幾木大床房-亞朵星球深睡枕PRO+小冰箱:HK$412', '幾木雙床房-亞朵星球深睡枕PRO+小冰箱:HK$412']"
嘉興平湖亞朵酒店,9.7,"['高級大床房:HK$260', '高級雙床房:HK$287', '行政大床房:HK$314', '幾木大床房:HK$350', '行政雙床房:HK$439']"
西塘沐光·棲隱民宿,9.2,"['沐光雲初.精緻大床房:HK$160', '雲舒時光·複式大床房:HK$188', '雲舒夢幻.紗幔大床房:HK$208', '雲舒月光.浴缸大床房:HK$208']"
嘉興海鹽亞朵酒店,9.5,"['雅緻大床房-慢回彈記憶枕:HK$287', '高級大床房-慢回彈記憶枕:HK$323', '高級雙床房-慢回彈記憶枕:HK$323', '行政大床房-慢回彈記憶枕+小冰箱:HK$359', '幾木雙床房-亞朵星球深睡枕PRO+小冰箱:HK$367']"
嘉興中關村中山西路亞朵X酒店,9.6,"['高級大床房【深睡枕PRO＋深睡床墊】:HK$430', '高級雙床房【深睡枕PRO＋深睡床墊】:HK$430', '行政大床房【深睡枕PRO＋深睡床墊】:HK$466', '尊享家庭房【深睡枕PRO＋深睡床墊】:HK$475', '尊享雙床房【深睡枕PRO＋深睡床墊】:HK$502']"
嘉興華美達酒店,9.4,"['豪華景觀雙床房A:HK$434', '豪華景觀雙床房B:HK$485', '行政大床房:HK$555', '親子房:HK$555', '親子套房:HK$792']"
嘉興秀洲希爾頓花園酒店,9.5,"['花園客房（大床）:HK$371', '花園客房（雙床）:HK$371', '無障礙客房（大床）:HK$371', '花園高級客房（雙床）:HK$436', '花園高級客房（大床）:HK$436']"
嘉興晶暉酒店（南湖店）,9.6,"['雅緻雙床房:HK$403', '雅緻大床房:HK$408', '豪華雙床房:HK$458', '豪華大床房:HK$480', '景觀大床房:HK$590']"
嘉興南湖賓館,9.8,"['庭院大床房:HK$862', '庭院雙床房:HK$862', '豪華園景大床房:HK$981', '豪華園景雙床房:HK$981', '豪華湖景雙床房:HK$1,077', '豪華湖景大床房:HK$1,077']"
嘉興蘆蓆滙開元觀堂酒店,9.5,"['觀堂大床房:HK$545', '觀堂雙床房:HK$545', '雅居雙床房:HK$730', '逸居大床房:HK$840', '逸居雙床房:HK$840', '悦景庭院雙床房:HK$949']"
萬聯城酒店（嘉善萬聯城店）,9.4,"['萬聯大床房:HK$391', '雅緻大床房:HK$431', '雅緻雙床房:HK$431', '豪華大床房:HK$541', '豪華雙床房:HK$541']"
嘉興鴛湖旅社,9.6,"['高級大床房:HK$556', '豪華大床房:HK$674', '豪華雙人間:HK$763', '湖景大床房:HK$1,206', '園景套房:HK$1,871', '湖景套房:HK$2,093']"
西塘西舍臨河藝術酒店,9.5,"['餘歡臨河大床投影房:HK$439', '覓知臨河大床投影房:HK$439', '重逢精緻大床房:HK$465', '漫夕且聽河畔陽台複式家庭房:HK$557']"
烏鎮西柵·時嶼設計師酒店,9.7,"['熔巖·觀景大床房:HK$274', '歌劇·河景大床房:HK$288', '風暴·河景大床房:HK$288', '雪域·河景大床房:HK$288']"
嘉興雷迪森懌曼酒店（南湖 月河景區店）,9.1,"['懌曼高級大床房:HK$348', '懌曼高級雙床房:HK$368', '景觀豪華大床房:HK$401', '景觀豪華雙床房:HK$421', '清風小院豪華套房:HK$528']"
嘉興麥田•雅朵酒店（八佰伴購物中心月河歷史街區店）,9.6,"['躺平治癒大床房【智能客控】【輔熱馬桶】:HK$247', '谷語大床房（語音交互+輔熱馬桶）:HK$285', '沐晨雙床房（語音交互+輔熱馬桶）:HK$285', '跑來跑去超大床房（語音交互+輔熱馬桶）:HK$314']"
嘉興南湖八佰伴亞朵酒店,9.7,"['雅緻大床房:HK$341', '高級大床房:HK$367', '高級雙床房:HK$367', '行政大床房:HK$412', '幾木大床房-亞朵星球深睡枕PRO+小冰箱:HK$439']"
嘉興月河客棧,9.4,"['月彩河景大床房:HK$394', '月彩河景雙床房:HK$394', '月華內街景大床房:HK$468', '月華內街景雙床房:HK$468', '月輝大床房:HK$555', '月輝雙床房:HK$555']"
嘉興南湖天地亞朵酒店,9.5,"['高級大床房【深睡枕PRO+深睡床墊+智能馬桶+小冰箱】:HK$350', '行政大床房【深睡枕PRO+深睡床墊+智能馬桶+小冰箱】:HK$376', '尊享大床房【深睡枕PRO+深睡床墊+智能馬桶+小冰箱】:HK$403', '行政雙床房【深睡枕PRO+深睡床墊+智能馬桶+小冰箱】:HK$412', '尊享雙床房【深睡枕PRO+深睡床墊+智能馬桶+小冰箱】:HK$439']"
曼居酒店（嘉興南湖紅船店）,9.3,"['高級大床房:HK$282', '曼選大床房:HK$297', '曼選雙床房:HK$320', '曼享大床房:HK$334']"
桐鄉振興路亞朵酒店,9.7,"['行政雙床房+慢回彈記憶枕:HK$350', '高級大床房（慢回彈記憶枕）:HK$367', '高級親子雙床房（親子好時光）:HK$385', '行政大床房（慢回彈記憶枕）:HK$403', '幾木大床房（亞朵星球深睡枕+小冰箱）:HK$448']"
烏鎮盛庭行館,9.7,"['盛庭高級大床房:HK$1,273', '盛庭豪華套房:HK$1,672', '盛庭豪華別墅:HK$7,804']"
嘉興戴夢得開元名都酒店（南湖店）,9.5,"['開元市景雙床房:HK$483', '開元市景大床房:HK$483', '高級市景雙床房:HK$612', '高級市景大床房:HK$612', '高級湖景雙床房:HK$741', '高級湖景大床房:HK$741']"
烏鎮昭明書舍,9.7,"['標準間:HK$1,181', '昭明大床房:HK$1,552']"
嘉興南湖雲睿酒店,9.4,"['高級大床房:HK$248', '商務雙床房:HK$286', '商務大床房:HK$286', '豪華雙床房:HK$340', '豪華大床房:HK$340']"
旺源酒店（嘉興南湖月河古街店）,9.6,"['特惠大床房:HK$216', '豪華大床房:HK$239', '特惠標準間:HK$239', '商務標間:HK$261']"
隱世.歸宿（烏鎮西柵店）,9.7,"['星辰·大床房:HK$534', '暮野.私湯.榻榻米大床房:HK$589', '星空·榻榻米大床房:HK$589', '夏花.浴缸.陽台大床房:HK$710']"
花嶼·陌野設計師酒店（烏鎮西柵景區南門店）,9.7,"['鄉舍·投影浴缸房:HK$420', '庭院·院台大床房:HK$469', '小築·吊椅親子房:HK$519', '大野·露台景觀房:HK$547']"
西塘墨隱民宿（西塘古鎮煙雨長廊店）,9.7,"['幸運房（Luky Room）乾濕分離＋舒適好眠:HK$209', '隨遇·精品標間丨乾濕分離＋記憶床墊＋海量VIP影片:HK$252', '且慢·精品大床房丨簡約清爽＋乾濕分離＋酣然入睡:HK$265', '攬月·豪華家庭四人房丨乾濕分離＋乳膠床墊:HK$283']"
桔子酒店（嘉興南湖萬達廣場店）,9.6,"['大床房:HK$321', '高級大床房:HK$341', '雙床房:HK$341', '商務大床房:HK$362']"
嘉興龍之夢大酒店,9.6,"['高級大床房:HK$402', '豪華商務大床房:HK$405', '豪華商務雙床房:HK$405', '豪華市景大床房:HK$654', '豪華市景雙床房:HK$654', '豪華湖景大床房:HK$692']"
全季酒店（嘉興南湖店）,9.7,"['大床房:HK$302', '雙床房:HK$322', '高級大床房:HK$322', '商務大床房:HK$361']"
烏鎮宜園精品酒店,9.8,"['園林大床房:HK$1,440', '高級大床房:HK$1,663', '高級標準房:HK$1,663', '豪華大床房:HK$2,165', '行政套房:HK$2,722', '雙人浪漫套房:HK$2,722']"
烏鎮水巷驛,9.5,"['水巷驛大床房C:HK$765', '水巷驛大床房B:HK$984', '水巷驛標間B:HK$984', '水巷驛家庭房B:HK$1,618']"
全季酒店（嘉興南湖商務大道店）,9.7,"['大床房:HK$261', '雙床房:HK$281', '高級大床房:HK$291', '商務大床房:HK$331']"
鹽官潮樂之城水市酒店,9.6,"['高級大床房:HK$490', '高級雙床房:HK$490', '陽台雙床房:HK$547', '庭院大床房:HK$605', '舒適家庭房:HK$720']"
