酒店名称,评分,房型价格列表
白玉蘭酒店（固原市政府店）,9.2,"['靜逸大床房:HK$154', '靜逸雙床房:HK$162', '舒雅大床房:HK$170', '舒雅雙床房:HK$178']"
如家商旅酒店（固原博物館店）,9.6,"['商務大床房A:HK$220', '商務大床房:HK$254', '雙床房:HK$254', '高級大床房:HK$288']"
固原泰合酒店,9.1,"['高級大床房:HK$378', '高級雙床房:HK$378', '行政大床房:HK$411', '行政雙床房:HK$411', '經濟套房:HK$542']"
固原萬信酒店,9.3,"['商務大床房:HK$372', '商務雙床房:HK$383', '豪華雙床房:HK$383', '豪華大床房:HK$402', '主題親子房-往昔征程:HK$451']"
固原華祺伯爵飯店,8.2,"['高級標間:HK$391', '豪華標間:HK$396', '高級大床房:HK$407', '行政大床房:HK$429', '豪華大床房:HK$552']"
華庭酒店（固原市政府店）,9.2,"['特惠公寓大床房:HK$185', '特惠公寓雙床房:HK$185', '智選高級雙床房（金可兒床墊+舒適辦公桌+乾濕分離）:HK$207', '智選高級大床房（金可兒床墊+舒適辦公桌+乾濕分離）:HK$207']"
棲岸酒店（固原第一中學店）,9.3,"['標準大床房（無窗）:HK$240', '城景雙床房（乳膠床墊+優雅舒適）:HK$306', '豪華大床房（乳膠床墊+優雅舒適）:HK$306']"
緣越電競酒店,9.4,"['尊享電競單人房:HK$257', '豪華電競雙人房:HK$267', '悦享電競雙人房:HK$267', 'VIP電競大床房:HK$267']"
未見山·舍民宿,9.5,"['黑白風Loft大床房:HK$196', 'Boho-摩洛哥影院大床房:HK$258', '雙人浴缸大床房:HK$258', '唐風原木風影院大床房:HK$258']"
如家酒店（固原高平路市政府店）,9.2,"['商務大床房A:HK$166', '雙床房:HK$175', '商務大床房:HK$184', '高級雙床房:HK$193']"
固原蝸居公寓酒店,9.1,"['標間:HK$117', '大床房:HK$167', '商務標間:HK$168']"
嘉詩酒店,9.7,"['經濟雙床房:HK$164', '經濟大床房:HK$164', '行政雙床房:HK$184', '行政大床房:HK$184']"
棲遲·設計師城市民宿,9.5,"['未見·情侶吊牀房【影視會員】:HK$152', '粉黛·情侶大床房【影視會員】:HK$152', '雲歸·造景影音大床房【原創景·影視會員】:HK$162', '綠野·有點ins榻榻米房【地暖】:HK$162']"
固原夜港商務酒店,9.1,"['豪華標準間:HK$138', '豪華大床房:HK$156', '休閑三人間:HK$156', '豪華三人間:HK$231']"
如家華驛精選酒店（固原清河南路店）,8.2,"['商務大床房A:HK$85', '精選商務房:HK$102', '精選雙床房:HK$102', '精選家庭房:HK$125']"
玉合酒店,8.2,"['舒適大床房:HK$153', '標準雙床房:HK$154']"
固原帝豪酒店,8.1,"['特惠大床房:HK$138', '特惠雙床房:HK$147', '商務大床房:HK$156', '豪華雙床房:HK$166']"
嘉華酒店,8.8,"['普通房（公共衞浴）:HK$86', '標準間:HK$125', '大床房:HK$125', '豪華套房:HK$253']"
安殊民宿酒店,7.4,"['豪華觀影大床房:HK$105', '舒適觀影大床房:HK$105']"
固原亞寓公寓,5.8,"['豪華大床房:HK$142', '輕奢雙床房:HK$184', '輕奢大床房:HK$206', '温馨大床房:HK$206']"
潮漫酒店（固原西吉店）,9.7,"['漫享高級大床房（智能客控）:HK$264', '品質嚴選大床房（智能客控）:HK$277', '舒壓影音大床房（智能客控）:HK$288', '漫享高級雙床房（智能客控）:HK$296']"
寧夏旅投源峯酒店,9.4,"['景觀雙床房:HK$342', '景觀大床房:HK$342', '優享雙床房:HK$347', '靜謐大床房:HK$370', '經濟三人間:HK$558']"
維也納3好酒店（彭陽浙商國際店）,9.0,"['高級大床房:HK$269', '景觀大床房:HK$285', '高級雙床房:HK$293', '景觀雙床房:HK$358']"
凱里亞德酒店（固原西吉店）,9.8,"['輕享智能大床房（智能客控）:HK$250', '輕享智能雙床房（智能客控）:HK$250', '優享智能大床房（智能客控）:HK$267', '優享智能雙床房（智能客控）:HK$267', '尊享智能大床房（智能客控）:HK$301']"
西吉金佳翔賓館,9.3,"['經濟大床房:HK$90', '舒適大床房:HK$149', '精品雙床房:HK$149', '豪華標準間:HK$159']"
涇源雅豪國際滑雪場酒店,9.4,"['特色大床房:HK$157', '特色雙床房:HK$157', '公寓標間:HK$157', '輕奢帳篷房:HK$193']"
隆德六盤山國際酒店,8.1,"['標準雙床房:HK$198', '雅緻雙床房:HK$238', '雅緻大床房:HK$238', '豪華雙床房:HK$268']"
涇源老家農舍民宿,9.7,"['芸西觀景房:HK$140', '東陽觀景房:HK$206', '楊柳分煙品茗房:HK$217', '蟬鳴半夏家庭房:HK$226']"
西吉橙光酒店,8.1,"['標準大床房:HK$167', '標準雙床房:HK$176', '標準親子房:HK$195', '豪華親子房:HK$203']"
涇源花海閑居民宿,9.5,"['豪華家庭房:HK$206', '標準雙床房:HK$293', '家庭套房:HK$337', '標準三人間:HK$436']"
西吉豐瑞和賓館,9.0,"['標準大床房:HK$164', '標準雙床房:HK$164']"
西吉春光酒店,9.2,"['豪華標間:HK$184', '豪華單間:HK$184', '行政套房:HK$372', '豪華套房:HK$476']"
涇源棲心精品民宿,9.3,"['特價三人間:HK$142', '標準三人間:HK$164', '豪華三人間:HK$205', '精品三人間:HK$351']"
隆德龍苑賓館,8.8,"['大床房:HK$147', '標準間:HK$156', '豪華三人間:HK$240', '温馨家庭房:HK$249']"
涇源縣非凡民宿,9.5,"['聽雨軒單間3號:HK$102', '明月軒舒適單間:HK$105', '山水談大床房 7 號:HK$130', '溪風觀景房9號:HK$186']"
涇源寧悦酒店,9.0,"['豪華大床房:HK$112', '豪華標間:HK$112', '豪華家庭房:HK$165', '悦享茶藝家庭房:HK$200']"
隆德楓林賓館,9.0,"['温馨大床房:HK$115', '温馨雙床房:HK$134', '温馨三人間:HK$203', '温馨家庭房:HK$272']"
涇源土香味農家樂,9.5,"['舒適大床房:HK$98', '舒適三人間（公共衞浴）:HK$103', '標準兩人間（公共衞浴）:HK$108', '舒適四人間（公共衞浴）:HK$120']"
固原田園綠色農家樂,9.5,"['2人間:HK$103', '3人間:HK$135']"
鑫悦連鎖酒店（西吉政府街店）,9.0,"['舒適大床房:HK$162', '舒適雙床房:HK$184', '行政商務套房:HK$250']"
世源賓館,8.2,"['特價單間:HK$133', '特價雙床房:HK$133', '大床房:HK$140', '雙床房:HK$140']"
彭陽駿怡智能賓館,7.8,"['標準雙床房:HK$93', '精美大床房:HK$110', '豪華大床房:HK$119', '豪華雙人間:HK$119']"
涇源清新院農家樂,9.5,"['雙人間:HK$69', '三人間:HK$99', '土炕房:HK$99', '標準三人間:HK$133']"
涇源萬香農家樂,8.5,"['雙人間:HK$93', '三人間:HK$112', '四人間（公共衞浴）:HK$149', '五人間（公共衞浴）:HK$186']"
彭陽紫瑞賓館,6.8,"['雙床房:HK$128', '大床房:HK$154', '標準三人間:HK$166', '舒適大床房:HK$182']"
隆德萬客隆賓館,4.8,"['普通雙人間（公共衞浴）:HK$67', '標準大床房:HK$138', '舒適標準間:HK$138', '商務雙床房:HK$156']"
悦港温泉酒店,9.8,[]
