酒店名称,评分,房型价格列表
固原泰合酒店,9.1,"['高級大床房:HK$377', '高級雙床房:HK$377', '行政大床房:HK$410', '行政雙床房:HK$410', '經濟套房:HK$541']"
固原萬信酒店,9.3,"['商務大床房:HK$413', '商務雙床房:HK$425', '豪華雙床房:HK$425', '豪華大床房:HK$446', '主題親子房-往昔征程:HK$501']"
白玉蘭酒店（固原市政府店）,9.4,"['靜逸雙床房:HK$186', '靜逸家庭房:HK$225', '靜雅雙床套房:HK$256']"
固原華祺伯爵飯店,8.2,"['高級標間:HK$399', '豪華標間:HK$411', '高級大床房:HK$423', '行政大床房:HK$429', '豪華大床房:HK$551']"
華庭酒店（固原市政府店）,9.2,"['特惠公寓大床房:HK$185', '特惠公寓雙床房:HK$185', '智選高級雙床房（金可兒床墊+舒適辦公桌+乾濕分離）:HK$207', '智選高級大床房（金可兒床墊+舒適辦公桌+乾濕分離）:HK$207']"
固原夜港商務酒店,8.8,"['豪華標準間:HK$138', '豪華大床房:HK$156', '休閑三人間:HK$156', '豪華三人間:HK$231']"
棲遲·設計師城市民宿,9.5,"['未見·情侶吊牀房【影視會員】:HK$152', '粉黛·情侶大床房【影視會員】:HK$152', '雲歸·造景影音大床房【原創景·影視會員】:HK$162', '綠野·有點ins榻榻米房【地暖】:HK$162']"
固原蝸居公寓酒店,8.8,"['標間:HK$117', '大床房:HK$167', '商務標間:HK$168']"
玉合酒店,8.2,"['舒適大床房:HK$153', '標準雙床房:HK$154']"
固原亞寓公寓,6.1,"['豪華大床房:HK$142', '輕奢大床房:HK$206', '温馨大床房:HK$206', '花漾私人影院:HK$206']"
寧夏旅投源峯酒店,9.4,"['景觀雙床房:HK$286', '景觀大床房:HK$305', '靜謐大床房:HK$342', '優享雙床房:HK$347', '經濟三人間:HK$453']"
維也納3好酒店（彭陽浙商國際店）,8.9,"['標準大床房:HK$226', '高級大床房:HK$264', '景觀大床房:HK$280', '高級雙床房:HK$288']"
涇源老家農舍民宿,9.7,"['芸西觀景房:HK$140', '東陽觀景房:HK$206', '楊柳分煙品茗房:HK$217', '蟬鳴半夏家庭房:HK$225']"
西吉金佳翔賓館,9.3,"['經濟大床房:HK$90', '舒適大床房:HK$149', '精品雙床房:HK$149', '豪華標準間:HK$159']"
西吉春光酒店,9.2,"['豪華標間:HK$184', '豪華單間:HK$184', '行政套房:HK$372', '豪華套房:HK$476']"
西吉橙光酒店,8.1,"['標準大床房:HK$166', '標準雙床房:HK$176', '標準親子房:HK$195', '豪華親子房:HK$203']"
西吉豐瑞和賓館,8.9,"['標準大床房:HK$164', '標準雙床房:HK$164']"
涇源土香味農家樂,9.5,"['舒適大床房:HK$98', '舒適三人間（公共衞浴）:HK$103', '標準兩人間（公共衞浴）:HK$108', '舒適四人間（公共衞浴）:HK$120']"
隆德六盤山國際酒店,8.1,"['標準雙床房:HK$209', '雅緻雙床房:HK$251', '雅緻大床房:HK$251', '豪華雙床房:HK$284']"
涇源寧悦酒店,8.9,"['豪華大床房:HK$112', '豪華標間:HK$112', '豪華家庭房:HK$164', '悦享茶藝家庭房:HK$199']"
涇源棲心精品民宿,9.3,"['特價三人間:HK$141', '標準三人間:HK$164', '豪華三人間:HK$205', '精品三人間:HK$351']"
涇源清新院農家樂,9.5,"['雙人間:HK$69', '三人間:HK$98', '土炕房:HK$98', '標準三人間:HK$133']"
隆德龍苑賓館,8.8,"['大床房:HK$128', '標準間:HK$138', '温馨家庭房:HK$212', '豪華三人間:HK$221']"
固原田園綠色農家樂,9.5,"['2人間:HK$125', '3人間:HK$164']"
涇源萬香農家樂,8.5,"['雙人間:HK$93', '三人間:HK$112', '四人間（公共衞浴）:HK$149', '五人間（公共衞浴）:HK$186']"
隆德萬客隆賓館,4.8,"['普通雙人間（公共衞浴）:HK$63', '標準大床房:HK$131', '舒適標準間:HK$131', '商務雙床房:HK$156']"
悦港温泉酒店,9.8,[]
