酒店名称,评分,房型价格列表
宿州國際大酒店,9.5,"['豪華雙床房:HK$327', '豪華大床房:HK$327', '高級大床房:HK$374', '行政大床房:HK$492', '行政豪華大床房:HK$541', '高級套房:HK$905']"
宿州政務中心銀河一路亞朵酒店,9.8,"['高級大床房（深睡床品+電視投屏）:HK$323', '行政雙床房（深睡床品+電視投屏）:HK$323', '行政大床房（深睡床品+電視投屏）:HK$341', '尊享雙床房（深睡床品+電視投屏）:HK$367', '尊享大床房（深睡床品+電視投屏）:HK$385']"
錦江都城酒店（宿州國購廣場華夏店）,9.5,"['時尚商務房:HK$218', '時尚雙床房:HK$226', '精緻商務房:HK$235', '精緻雙床房:HK$244']"
全季酒店（宿州國購廣場店）,9.7,"['高級大床房:HK$293', '雙床房:HK$302', '商務大床房:HK$312', '商務雙床房:HK$312']"
如家精選酒店（宿州國購廣場宿懷北路店）,9.5,"['大床房A:HK$158', '大床房:HK$166', '雙床房:HK$166', '商務大床房:HK$183']"
如家商旅酒店（宿州淮河西路光彩城店）,9.8,"['雙床房:HK$153', '商務大床房:HK$153', '高級雙床房:HK$179', '高級大床房:HK$187']"
麗景·悦居酒店（宿州淮河西路店）,9.5,"['輕享新風大床房（智能馬桶、新風系統、深睡記憶枕）:HK$150', '悦享高級雙床房（智能馬桶、三區分離、零壓記憶枕）:HK$177', '悦享高級大床房（智能馬桶、零壓記憶枕、可投屏）:HK$185', '悦享豪華雙床房（智能馬桶、超大空間、高定酒店布草）:HK$191']"
海貝聯盟酒店（宿州快客汽車站店）,9.5,"['特惠智選大床房（太空羽絨被+高級床墊）:HK$167', '豪華輕奢大床房（Mini冰箱，綿柔浴袍）:HK$207', '臻選高級雙床房（可投屏+輕奢風格，超大空間）:HK$253', '臻選高級大床房（輕奢風格，超大空間+可投屏）:HK$253']"
宿州隱·宿度假酒店,9.2,"['標準大床房:HK$264', '標準雙床房:HK$264', '精品雙床房:HK$298', '摩天輪觀景大床房:HK$298']"
宿州龍登開元頤居酒店（宿城十一中通濟校區店）,9.7,"['頤享舒適大床房:HK$213', '頤享高級大床房:HK$236', '頤享豪華大床房:HK$263', '頤享豪華雙床房:HK$275']"
宿州豐大國際大酒店,9.7,"['豪華雙床房:HK$337', '豪華大床房:HK$371', '商務大床房:HK$438', '行政大床房:HK$482', '行政雙床房:HK$482']"
宿州萬達廣場銀河四路亞朵酒店,9.7,"['雅緻大床房（深睡床品+可投屏）:HK$364', '高級大床房（深睡床品+電視投屏）:HK$364', '行政雙床房（深睡床品+可投屏+小冰箱）:HK$364', '行政大床房（深睡床品+電視投屏）:HK$382', '尊享大床房（深睡床品+電視投屏）:HK$400']"
麗楓酒店（宿州石城美食巷財富大廈店）,9.6,"['雅緻大床房（迷你冰箱+慕思床墊）:HK$183', '高級雙床房（迷你冰箱+慕思床墊）:HK$207', '豪華大床房（迷你冰箱+慕思床墊+凈化系統）:HK$215', '豪華雙床房（迷你冰箱+慕思床墊+凈化系統）:HK$233']"
全季酒店（宿州皖北總院店）,9.9,"['高級大床房:HK$315', '高級雙床房:HK$345', '商務大床房:HK$345', '套房:HK$384']"
宿州東站桔子水晶酒店,9.8,"['高級雙床房:HK$365', '高級大床房:HK$374', '商務大床房:HK$404', '豪華大床房:HK$424', '豪華雙床房:HK$424']"
歐暇·地中海酒店（宿州經開區店）,9.7,"['歐暇大床房:HK$174', '暇享温馨大床房:HK$198', '暇享温馨雙床房:HK$198', '橄欖園行政大床房:HK$256']"
漢庭酒店（宿州汴河東路店）,9.5,"['大床房:HK$201', '高級大床房:HK$211', '雙床房:HK$221', '套房:HK$271']"
維也納酒店（宿州火車站港口中路店）,9.6,"['標準大床房:HK$188', '高級大床房:HK$199', '高級雙床房:HK$216', '豪華大床房:HK$235']"
宿州環宇美侖國際酒店,9.8,"['高級大床房:HK$391', '商務大床房:HK$412', '商務雙床房:HK$412', '豪華雙床房:HK$432', '豪華大床房:HK$442']"
和欣大酒店（宿州東站和盛廣場橙天國際影城店）,9.4,"['精品雙床房:HK$173', '雅緻大床房:HK$173', '悦享豪華大床房:HK$199', '悦享豪華雙床房:HK$199']"
全季酒店（宿州市政府萬達廣場店）,9.8,"['高級大床房:HK$295', '雙床房:HK$312', '商務大床房:HK$330', '商務雙床房:HK$330']"
安徽宿州希爾頓逸林酒店,9.6,"['逸林雙床客房:HK$469', '逸林大床客房:HK$488', '豪華湖景雙床房:HK$523', '豪華湖景大床房:HK$542', '臻品湖景雙床房:HK$658', '臻品湖景大床房:HK$658']"
麗楓酒店（宿州市立醫院呈泰雙子座店）,9.2,"['高級大床房:HK$169', '雅緻大床房:HK$190', '豪華大床房:HK$219', '雅緻雙床房:HK$229']"
庭柏商務酒店（宿州人民南路金方世紀城店）,9.4,"['慕棲靜享大床房（智能馬桶+超大空間+新風系統）:HK$351', '慕棲靜享雙床房（智能馬桶+全屋木飾面+超大床）:HK$405', '尊享商務大床房（一室一廳+智能馬桶+商務沙發私密空間）:HK$425', '景觀商務大床房（超大空間+零壓床墊+智能馬桶）:HK$435']"
漢庭酒店（宿州新二中店）,9.8,"['大床房:HK$187', '高級大床房:HK$196', '雙床房:HK$215', '家庭房:HK$243']"
錦江之星酒店（宿州火車站國購店）,9.5,"['新品標準大床房:HK$159', '新品高級大床房:HK$164', '新品高級雙床房:HK$164', '新品高級大小雙床家庭房:HK$179']"
美豪麗致酒店（宿州市立醫院店）,9.7,"['雅緻大床房:HK$292', '麗致大床房:HK$293', '麗致雙床房:HK$293', '雅緻雙床房:HK$296', '雅緻套房:HK$390']"
玉蘭酒店,9.2,"['輕舒大床房公區[提供洗衣房]:HK$164', '玉舒雙床房:HK$173', '夢百合零壓玉舒大床房（帶零壓床墊+記憶枕）:HK$177', '玉舒大床房[公區提供洗衣房]:HK$178']"
如家商旅酒店（宿州市政府雲集商業街店）,9.2,"['單人房:HK$125', '商務大床房:HK$149', '高級大床房:HK$158', '雙床房:HK$158']"
維也納酒店宿州開發區店,9.4,"['標準大床房（無窗）:HK$172', '高級大床房:HK$186', '高級雙床房:HK$193', '豪華大床房:HK$200']"
維也納酒店（宿州雲集店）,9.2,"['高級大床房:HK$208', '標準大床房:HK$210', '標準雙床房:HK$210', '高級雙床房:HK$232']"
愛電競酒店（宿州蘇寧廣場店）,9.6,"['特惠電競大床房[RTX4070+2K180HZ+i5 13490F+32G+達爾優鍵盤+羅技鼠標+全屋智能]:HK$236', '零壓電競大床房[RTX4070+2K180HZ+i5 13490F+32G+達爾優鍵盤+羅技鼠標+全屋智能]:HK$260', '零壓電競雙床房[RTX4070+2K180HZ+i5 13490F+32G+達爾優鍵盤+羅技鼠標+全屋智能]:HK$272', '影音電競大床房[RTX4070+2K180HZ+i5 13490F+32G+達爾優鍵盤+羅技鼠標+全屋智能+投影]:HK$272']"
漢庭酒店（宿州快客站店）,9.4,"['大床房:HK$189', '雙床房:HK$198', '高級大床房:HK$207', '高級雙床房:HK$218']"
如家素柏·雲酒店（宿州埇橋區南翔恆泰城店）,9.6,"['豪華標準間:HK$133', '豪華大床房:HK$133', '智能大床房:HK$135', '智能親子家庭房:HK$156']"
貝殼酒店（宿州拂曉大道店）,8.9,"['大床房:HK$130', '商務大床房:HK$138', '商務雙床房:HK$142', '高級雙床房:HK$147']"
暮上雲朵酒店（宿州國購廣場第一初級中學店）,9.3,"['優選時尚大床房（親膚床品+潔凈舒適+洗衣機）:HK$107', '優選時尚雙床房（深睡床品+乾濕分離+洗衣房）:HK$112', '雲端舒睡大床房（零壓床墊+潔凈舒適+輕盈好夢）:HK$117', '雲端舒睡雙床房（乳膠床墊+辦公桌椅+乾濕分離）:HK$126']"
璽楓酒店（宿州CBD萬達三中店）,8.6,"['精品榻榻米房:HK$148', '高級雙床房:HK$166', '高級大床房:HK$176', '豪華雙床房:HK$194']"
漢庭酒店（宿州東關產業園店）,9.8,"['大床房:HK$201', '高級大床房:HK$211', '雙床房:HK$221', '套房:HK$261']"
漢庭酒店（宿州雲集文化商業街店）,9.6,"['雙床房:HK$179', '大床房:HK$189', '高級大床房:HK$198']"
如家·neo酒店（宿州萬達廣場店）,9.2,"['大床房A:HK$125', '大床房:HK$143', '商務大床房:HK$161', '雙床房:HK$170']"
海悦假日酒店（宿州金海大道店）,9.3,"['喜悦·特價大床房（智能窗簾）:HK$125', '和悦·標準雙床房（智能窗簾）:HK$142', '和悦·標準大床房（智能窗簾）:HK$142', '欣悦·商務大床房（智能窗簾）:HK$162']"
如家睿柏·雲酒店（宿州蘇寧廣場禾香園店）,9.3,"['大床房:HK$147', '商務雙床房:HK$152', '商務大床房:HK$152', '套房:HK$220']"
如家酒店（宿州汴河路國購廣場店）,9.4,"['商務大床房:HK$143', '雙床房:HK$143', '家庭間:HK$179']"
美蘭商務酒店,9.4,"['商務大床房:HK$151', '商務豪華大床房:HK$173', '商務豪華標準間:HK$173', '商務豪華三人間:HK$195']"
鉑晶假日酒店（宿州快客汽車站店）,9.6,"['大床房:HK$146', '經濟房:HK$154', '商務單間:HK$172', '豪華大床:HK$189']"
宿州藍鯨電競酒店,9.5,"['甄香單人大床房[i5+4060顯卡+AOC165hz電競顯示屏+傲風電競椅]:HK$175', '醇香特價大床房[i5 3060顯卡 AOC165hz電競顯示屏 傲風電競椅]:HK$188', '醇享特價雙床房[i5 3060顯卡 AOC165hz電競顯示屏 傲風電競椅]:HK$188', '城市花園雙床房[i5 3060顯卡 AOC165hz電競顯示屏 傲風電競椅]:HK$220']"
格林豪泰酒店（宿州快客汽車站恆大名都店）,9.6,"['特惠大床房:HK$156', '特惠雙床房:HK$156', '高級大床房:HK$166', '高級雙床房:HK$166']"
羅馬假日商務賓館（宿州吾悦廣場店）,9.5,"['舒適大床房:HK$164', '商務雙床房:HK$176', '商務大床房:HK$177', '零壓雙床房:HK$210']"
宿州漫步森林賓館,9.3,"['清舒精緻大床房:HK$151', '清舒陽光大床房:HK$173', '主題優選大床房:HK$173', '温馨舒適家庭房:HK$184']"
恆家智選酒店（宿州埇橋區南翔恆泰城店）,8.9,"['精選大床房（42寸液晶電視+獨立空調）:HK$115', '精選雙床房（42寸液晶電視+乾濕分離）:HK$115', '智選大床房（智能窗簾+睡眠床墊）:HK$128', '智選雙床房（智能窗簾+睡眠床墊）:HK$128']"
