酒店名称,评分,房型价格列表
八角樓特色高端酒店（項王故里）,9.5,"['標準雙床房:HK$305', '標準大床房:HK$305', '高級大床房:HK$335', '豪華大床房:HK$407', '豪華雙床房:HK$407']"
禪院•水居高品質禪意主題客棧,9.6,"['茶香大床房:HK$391', '茶香雙床房:HK$391', '禪修大床房:HK$391', '禪修雙床房:HK$391', '禪修雙床套房:HK$424']"
宿遷運河灣半島酒店,9.7,"['水鏡大床房:HK$262', '修心雙床房:HK$262', '水鏡觀景大床房:HK$327', '修心庭院雙床房:HK$327']"
麗呈言品酒店（宿遷市政府店）,9.5,"['舒適大床房【零壓床墊+全屋智能+智能投屏】:HK$255', '商務大床房【全屋智能+舒睡記憶枕+智能投屏】:HK$283', '商務雙床房【全屋智能+舒睡記憶枕+智能投屏】:HK$292', '豪華大床房【全屋智能+智能投屏+高速吹風機】:HK$301', '豪華雙床房【全屋智能+舒睡記憶枕+智能投屏】:HK$320']"
宿遷項王故里蘭歐國際酒店,9.7,"['蘭逸高級大床房『智能客控+智能馬桶+小冰箱+AI語音』:HK$260', '蘭沁高級大床房『投屏電視+智能音控+小冰箱+AI語音』:HK$304', '蘭逸豪華雙床房『舒適辦公+智能音控+小冰箱+AI語音』:HK$348', '蘭錦豪華家庭房『温馨親子+智能馬桶+小冰箱+AI語音』:HK$409', '蘭歐主題IP房『超大辦公+智能語音+小冰箱+浴袍奢享』:HK$409']"
宿遷發展大道亞朵酒店,9.6,"['高級大床房:HK$296', '高級雙床房:HK$296', '幾木雙床房:HK$367', '幾木大床房:HK$367', '幾木套房:HK$548']"
宿遷國際飯店,9.8,"['商務雙床房:HK$342', '商務大床房:HK$342', '商務套房:HK$1,197']"
宿遷雙星國際酒店,9.6,"['高級雙床房:HK$500', '高級大床房:HK$514', '行政大床房:HK$551', '行政雙床房:HK$551', '豪華家庭房:HK$742', '高級套房:HK$862']"
錦江都城酒店（宿遷水韻城寶龍廣場店）,9.6,"['精緻大床房（智能語音小度&天然乳膠枕&迷你冰箱）:HK$206', '風雅大床房（智能語音小度&4K電視手機投屏&智能馬桶&天然乳膠枕）:HK$246', '風雅雙床房（智能語音小度&天然乳膠枕）:HK$246', '都會雙床房（智能語音小度&天然乳膠枕&迷你冰箱）:HK$262']"
亞朵酒店（宿遷市政府店）,9.2,"['高級大床房:HK$296', '高級雙床房:HK$296', '幾木大床房:HK$385', '行政大床房:HK$385']"
宿遷西湖路金鷹廣場亞朵酒店,9.7,"['高級大床房:HK$314', '行政雙床房:HK$323', '行政大床房:HK$332', '幾木雙床房:HK$376', '幾木大床房:HK$385']"
曼居酒店（宿遷萬達廣場店）,9.4,"['曼選大床房（親膚床品+手機投屏）:HK$252', '曼選雙床房（辦公桌椅+手機投屏）:HK$252', '曼享雙床房（空氣凈化器+休閑沙發）:HK$287', '曼享大床房（空氣凈化器+休閑沙發）:HK$287', '曼享無煙大床房（空氣凈化器+清新無煙+休閑沙發）:HK$287']"
SU·清水灣酒店,9.4,"['SU·雅大床房:HK$730', 'SU·悦雙床房:HK$730', 'SU·夢豪華商務套房:HK$840', 'SU·馨泡池庭院套房:HK$1,058', 'SU·畔湖景套房:HK$1,112', 'SU·苑泡池豪華庭院套房:HK$1,166']"
宿遷麗呈曼享酒店,9.3,"['樂享純凈大床房（零壓床墊）:HK$218', '樂享純凈雙床房（零壓床墊）:HK$218', '優享深睡大床房（零壓床墊）:HK$250', '優享深睡雙床房（零壓床墊）:HK$261']"
宿遷書香府邸酒店（蘇州街店）,9.5,"['雅緻·園景大床房:HK$435', '雅緻·園景雙床房:HK$436', '雅緻·水景雙床房:HK$468', '茶韻·園景大床房:HK$500', '茶韻·水景大床房:HK$533']"
亞朵酒店（宿遷人民大道店）,9.8,"['雅緻大床房（手機投屏+小冰箱）:HK$302', '雅緻雙床房（手機投屏+小冰箱）:HK$302', '高級大床房（手機投屏+小冰箱+深睡枕pro）:HK$347', '高級雙床房（手機投屏+小冰箱+深睡枕pro）:HK$347', '幾木大床房（手機投屏+小冰箱+深睡枕pro）:HK$392']"
SU·牛角村度假酒店,9.7,"['湖景庭院洞穴房:HK$557', '輕奢湖景庭院房:HK$557', '湖景庭院田園房:HK$557', '湖景庭院陽光房:HK$557', '湖景庭院親子套房:HK$611']"
宿遷星辰國際酒店,9.6,"['景觀雙床房:HK$500', '景觀大床房:HK$500', '商務雙床房:HK$533', '商務大床房:HK$533', '行政大床房:HK$576', '攜寵商務雙床房:HK$577']"
宿遷激光產業園開元名庭酒店,9.5,"['名成高級大床房（唐風國潮+小冰箱+落地窗）:HK$315', '名成高級雙床房（唐風國潮+小冰箱+落地窗）:HK$326', '名成豪華大床房（唐風國潮+浴袍+小冰箱+落地窗）:HK$369', '名成豪華雙床房（唐風國潮+小冰箱+浴袍+落地窗）:HK$380', '名成行政大床房（唐風國潮+商務辦公+衣帽間+落地窗）:HK$435']"
三台山衲田村度假酒店,9.4,"['花房裡豪華大床房:HK$326', '花仙子大床房:HK$326', '美境·隱花間豪華雙床房:HK$490', '美境·隱花間豪華大床房:HK$490']"
桔子酒店（宿遷寶龍廣場店）,9.7,"['大床房:HK$246', '高級大床房:HK$255', '商務大床房:HK$264', '商務雙床房:HK$264', '家庭房:HK$293']"
曼居酒店（宿遷經開區店）,9.7,"['曼優雙床房:HK$263', '曼優大床房:HK$270', '曼選大床房（零壓床墊）:HK$339', '曼選雙床房（零壓床墊）:HK$353', '曼居雙床房（空氣凈化器+零壓床墊）:HK$362']"
全季酒店（宿遷吾悦廣場西湖路店）,9.4,"['大床房:HK$284', '高級大床房:HK$293', '高級雙床房:HK$293', '商務大床房:HK$312']"
宿遷書香世家酒店（蘇宿工業園區店）,9.7,"['雅緻大床房:HK$214', '雅緻雙床房:HK$214', '茶韻大床房:HK$235', '茶韻AI智能雙床房:HK$256', '茶韻AI智能大床房（智能語音+手機投屏）:HK$256']"
宿遷運河金陵大飯店,9.6,"['高級單間:HK$435', '高級標間:HK$435', '豪華單間:HK$468', '豪華標間:HK$468', '高級套房:HK$971']"
曼享酒店（宿遷汽車站寶龍廣場店）,9.5,"['舒享丨靜謐舒適大床房【靜謐好夢+乾濕分離】:HK$138', '輕享丨精品高級大床房【定製床品+復古裝修+乾濕分離+通透採光】:HK$149', '輕享丨精品高級雙床房【定製床品+復古裝修+乾濕分離+辦公座椅】:HK$170', '曼享丨至尊豪華大床房【定製床品+復古裝修+乾濕分離+懶人沙發】:HK$170']"
全季酒店（宿遷寶龍廣場店）,9.6,"['雙床房:HK$246', '高級大床房:HK$255', '舒壓高級大床房:HK$264', '舒壓豪華大床房:HK$274']"
宿遷恆力國際大酒店,9.5,"['豪華大床房:HK$665', '豪華雙床房:HK$665', '親子大床房:HK$818', '親子雙床房:HK$818', '行政大床房:HK$840', '行政套房:HK$1,397']"
宿遷蘇寧廣場希爾頓歡朋酒店,9.5,"['高級雙床房:HK$391', '舒適大床房:HK$401', '高級大床房:HK$431', '豪華雙床房:HK$450', '豪華大床房:HK$470']"
全季酒店（宿遷萬達廣場店）,9.4,"['高級雙床房:HK$284', '高級大床房A:HK$284', '高級大床房:HK$299', '商務雙床房:HK$302']"
宿遷尚陽湖開元大酒店,9.8,"['開元園景雙床房:HK$380', '開元湖景雙床房:HK$413', '豪華園景大床房:HK$446', '豪華園景雙床房:HK$446', '豪華湖景大床房:HK$479']"
如家酒店·neo（宿遷西湖路汽車總站店）,9.7,"['大床房:HK$158', '雙床房:HK$158', '商務大床房:HK$167', '零壓雙床房:HK$183']"
全季酒店（宿遷宿城區政府店）,9.6,"['大床房:HK$284', '高級大床房:HK$302', '雙床房:HK$302', '舒壓高級大床房:HK$321']"
宿遷宿城區政府桔子水晶酒店,9.8,"['高級大床房（65寸可投屏電視+Sealy床墊+迷你冰箱）:HK$350', '高級雙床房（65寸可投屏電視+Sealy床墊+迷你冰箱）:HK$350', '商務大床房（65寸可投屏電視+Sealy床墊+迷你冰箱）:HK$378', '商務雙床房（65寸可投屏電視+Sealy床墊+迷你冰箱）:HK$378', '行政大床房（65寸可投屏電視+Sealy床墊+迷你冰箱）:HK$435']"
宿遷金天國際大酒店,9.7,"['高級親子房:HK$363', '高級大床房:HK$363', '高級雙床房:HK$363', '豪華湖景大床房:HK$399', '豪華湖景雙床房:HK$399']"
宿遷桃李·麗舍民宿,10.0,"['桃李大床房:HK$353', '桃李雙床房:HK$377']"
宿遷巴里島假日酒店,9.2,"['標準單間:HK$223', '標準大床房:HK$246', '標準雙床房:HK$246', '標準家庭房:HK$246']"
三台山房車樹屋度假酒店,9.2,"['樹屋雙床房:HK$326', '樹屋大床房:HK$326', '星空樹屋大床房:HK$391', '8米庭院親子房車:HK$512', '10米庭院親子房車:HK$544']"
桔子酒店（宿遷發展大道楚街店）,9.6,"['加州陽光高級大床房:HK$280', '加州陽光商務大床房:HK$290', '加州陽光高級雙床房:HK$308', '加州陽光豪華大床房:HK$406']"
宿遷江山大酒店,9.2,"['商務雙床房:HK$238', '豪華雙床房:HK$246', '巨幕影音雙床房:HK$293', '豪華大床房:HK$295', '景觀大床房:HK$301']"
全季酒店（宿遷洪澤湖西路店）,9.8,"['大床房:HK$286', '高級大床房:HK$295', '高級雙床房:HK$305']"
全季酒店（宿遷發展大道店）,9.6,"['雙床房:HK$272', '高級大床房:HK$281', '商務大床房:HK$299', '豪華大床房:HK$346']"
蘭歐酒店（洋北宿遷港店）,9.7,"['蘭逸高級大床房（全屋智能語音控制+輕智能馬桶）:HK$241', '蘭逸高級雙床房（全屋智能語音控制+輕智能馬桶）:HK$248', '蘭沁豪華大床房（全屋智能語音控制+輕智能馬桶）:HK$307', '蘭沁豪華雙床房（全屋智能語音控制+輕智能馬桶）:HK$321']"
漢庭酒店（宿遷項王故里蘇寧廣場店）,9.6,"['大床房:HK$202', '高級雙床房:HK$202', '高級大床房:HK$222', '商務大床房:HK$241']"
維也納國際酒店（宿遷發展大道店）,9.4,"['標準大床房:HK$239', '豪華大床房:HK$258', '豪華雙床房:HK$258', '商務大床房:HK$310']"
尚客優品酒店（宿遷湖濱新區三台山公園店）,9.8,"['優馨大床房:HK$156', '優品高級大床房:HK$176', '優品高級雙床房:HK$176', '瑞享豪華大床房:HK$196']"
宿遷市政府洪澤湖路開元名庭酒店,9.4,"['名成豪華雙床房:HK$228', '名成高級大床房:HK$228', '名成豪華大床房:HK$250', '名成行政大床房:HK$294', '名成行政雙床房:HK$294']"
開元·頤居酒店（宿遷西湖路金鷹廣場店）,9.2,"['高級雙床房（全屋智能語音客控+智能馬桶）:HK$163', '頤居大床房（全屋智能語音客控+智能馬桶）:HK$182', '頤居家庭房（全屋智能語音客控+智能馬桶）:HK$364', '高級大床房（全屋智能語音客控+智能馬桶）:HK$390', '棋牌房（全屋智能語音客控+智能馬桶）:HK$401']"
麗楓酒店（宿遷水韻城寶龍廣場店）,9.3,"['高級大床房（無窗）:HK$198', '高級精品大床房（無窗）:HK$207', '標準雙床房:HK$224', '雅緻大床房:HK$224']"
三台山曬米台度假酒店,9.3,"['豪華大床房:HK$216', '豪華雙床房:HK$216', '豪華複式大床房:HK$391', '高級親子房:HK$391', '豪華複式親子房:HK$435']"
