酒店名称,评分,房型价格列表
禪院•水居高品質禪意主題客棧,9.7,"['茶香大床房:HK$391', '茶香雙床房:HK$391', '禪修大床房:HK$391', '禪修雙床房:HK$391', '禪修雙床套房:HK$424']"
宿遷國際飯店,9.8,"['商務雙床房:HK$426', '商務大床房:HK$426', '商務套房:HK$1,197']"
宿遷發展大道亞朵酒店,9.6,"['高級大床房:HK$305', '高級雙床房:HK$305', '幾木雙床房:HK$367', '幾木大床房:HK$367', '幾木套房:HK$557']"
麗呈言品酒店（宿遷市政府店）,9.4,"['舒適大床房【零壓床墊+全屋智能+智能投屏】:HK$255', '商務大床房【全屋智能+舒睡記憶枕+智能投屏】:HK$283', '商務雙床房【全屋智能+舒睡記憶枕+智能投屏】:HK$292', '豪華大床房【全屋智能+智能投屏+高速吹風機】:HK$301', '豪華雙床房【全屋智能+舒睡記憶枕+智能投屏】:HK$320']"
宿遷項王故里蘭歐國際酒店,9.7,"['蘭逸高級大床房『智能客控+智能馬桶+小冰箱+AI語音』:HK$260', '蘭沁高級大床房『投屏電視+智能音控+小冰箱+AI語音』:HK$304', '蘭逸豪華雙床房『舒適辦公+智能音控+小冰箱+AI語音』:HK$348', '蘭錦豪華家庭房『温馨親子+智能馬桶+小冰箱+AI語音』:HK$409', '蘭歐主題IP房『超大辦公+智能語音+小冰箱+浴袍奢享』:HK$409']"
SU·清水灣酒店,9.4,"['SU·雅大床房:HK$730', 'SU·悦雙床房:HK$730', 'SU·夢豪華商務套房:HK$839', 'SU·馨泡池庭院套房:HK$1,058', 'SU·畔湖景套房:HK$1,111', 'SU·苑泡池豪華庭院套房:HK$1,166']"
亞朵酒店（宿遷市政府店）,9.2,"['高級大床房:HK$296', '高級雙床房:HK$296', '幾木大床房:HK$385', '行政大床房:HK$385']"
宿遷西湖路金鷹廣場亞朵酒店,9.7,"['高級大床房:HK$314', '行政雙床房:HK$323', '行政大床房:HK$332', '幾木雙床房:HK$376', '幾木大床房:HK$385']"
宿遷激光產業園開元名庭酒店,9.5,"['名成高級大床房（唐風國潮+小冰箱+落地窗）:HK$315', '名成高級雙床房（唐風國潮+小冰箱+落地窗）:HK$326', '名成豪華大床房（唐風國潮+浴袍+小冰箱+落地窗）:HK$369', '名成豪華雙床房（唐風國潮+小冰箱+浴袍+落地窗）:HK$380', '名成行政大床房（唐風國潮+商務辦公+衣帽間+落地窗）:HK$435']"
宿遷書香府邸酒店（蘇州街店）,9.5,"['雅緻·園景大床房:HK$435', '雅緻·園景雙床房:HK$436', '雅緻·水景雙床房:HK$467', '茶韻·園景大床房:HK$500', '茶韻·水景大床房:HK$533']"
宿遷恆峯國際大酒店,9.8,"['精緻雙床房:HK$376', '高級大床房（深泡浴缸丨按摩椅）:HK$397', '高級雙床房（手機投屏丨霧化玻璃）:HK$397', '豪華雙床房（手機投屏|按摩椅）:HK$419', '豪華套房:HK$1,190']"
錦江都城酒店（宿遷水韻城寶龍廣場店）,9.6,"['精緻大床房（智能語音小度&天然乳膠枕&迷你冰箱）:HK$214', '風雅大床房（智能語音小度&4K電視手機投屏&智能馬桶&天然乳膠枕）:HK$255', '風雅雙床房（智能語音小度&天然乳膠枕）:HK$255', '都會雙床房（智能語音小度&天然乳膠枕&迷你冰箱）:HK$272']"
宿遷恆力國際大酒店,9.5,"['豪華大床房:HK$665', '豪華雙床房:HK$665', '親子大床房:HK$818', '親子雙床房:HK$818', '行政大床房:HK$839', '行政套房:HK$1,397']"
曼居酒店（宿遷萬達廣場店）,9.4,"['曼選大床房（親膚床品+手機投屏）:HK$252', '曼選雙床房（辦公桌椅+手機投屏）:HK$252', '曼享雙床房（空氣凈化器+休閑沙發）:HK$287', '曼享大床房（空氣凈化器+休閑沙發）:HK$287', '曼享無煙大床房（空氣凈化器+清新無煙+休閑沙發）:HK$287']"
宿遷運河灣半島酒店,9.7,"['水鏡大床房:HK$261', '修心雙床房:HK$261', '水鏡觀景大床房:HK$327', '修心庭院雙床房:HK$327']"
全季酒店（宿遷宿城區政府店）,9.6,"['大床房:HK$281', '高級大床房:HK$299', '雙床房:HK$299', '舒壓高級大床房:HK$318']"
桔子酒店（宿遷寶龍廣場店）,9.7,"['大床房:HK$246', '高級大床房:HK$255', '商務大床房:HK$264', '商務雙床房:HK$264', '家庭房:HK$293']"
全季酒店（宿遷吾悦廣場西湖路店）,9.4,"['大床房:HK$282', '高級大床房:HK$292', '高級雙床房:HK$292', '商務大床房:HK$311']"
宿遷市政府洪澤湖路開元名庭酒店,9.4,"['名成豪華雙床房:HK$228', '名成高級大床房:HK$228', '名成豪華大床房:HK$250', '名成行政大床房:HK$294', '名成行政雙床房:HK$294']"
全季酒店（宿遷寶龍廣場店）,9.6,"['雙床房:HK$246', '高級大床房:HK$255', '舒壓高級大床房:HK$264', '舒壓豪華大床房:HK$274']"
如家酒店·neo（宿遷西湖路汽車總站店）,9.7,"['大床房:HK$168', '商務大床房:HK$168', '雙床房:HK$177', '高級大床房:HK$186']"
SU·牛角村度假酒店,9.7,"['湖景庭院洞穴房:HK$666', '輕奢湖景庭院房:HK$666', '湖景庭院田園房:HK$666', '湖景庭院陽光房:HK$666', '湖景庭院親子套房:HK$721']"
宿遷遠航大酒店,9.6,"['特惠大床房:HK$186', '特惠雙人房:HK$186', '商務單間:HK$322', '豪華標間:HK$333', '豪華家庭房:HK$350']"
宿遷書香世家酒店（蘇宿工業園區店）,9.7,"['雅緻大床房:HK$214', '雅緻雙床房:HK$214', '茶韻大床房:HK$235', '茶韻AI智能雙床房:HK$256', '茶韻AI智能大床房（智能語音+手機投屏）:HK$256']"
宿遷宿城區政府桔子水晶酒店,9.8,"['高級大床房（65寸可投屏電視+Sealy床墊+迷你冰箱）:HK$359', '高級雙床房（65寸可投屏電視+Sealy床墊+迷你冰箱）:HK$378', '商務大床房（65寸可投屏電視+Sealy床墊+迷你冰箱）:HK$387', '商務雙床房（65寸可投屏電視+Sealy床墊+迷你冰箱）:HK$407', '行政大床房（65寸可投屏電視+Sealy床墊+迷你冰箱）:HK$464']"
全季酒店（宿遷洪澤湖西路店）,9.8,"['大床房:HK$285', '高級大床房:HK$294', '高級雙床房:HK$304']"
開元·頤居酒店（宿遷西湖路金鷹廣場店）,9.2,"['高級雙床房（全屋智能語音客控+智能馬桶）:HK$169', '頤居大床房（全屋智能語音客控+智能馬桶）:HK$188', '頤居家庭房（全屋智能語音客控+智能馬桶）:HK$378', '高級大床房（全屋智能語音客控+智能馬桶）:HK$402', '棋牌房（全屋智能語音客控+智能馬桶）:HK$416']"
如家酒店·neo（宿遷三台山大道店）,9.9,"['商務大床房:HK$158', '雙床房:HK$162', '高級大床房:HK$170', '高級雙床房:HK$178']"
全季酒店（宿遷萬達廣場店）,9.5,"['高級雙床房:HK$284', '高級大床房A:HK$284', '高級大床房:HK$299', '商務雙床房:HK$302']"
宿遷尚陽湖開元大酒店,9.8,"['開元園景雙床房:HK$380', '開元湖景雙床房:HK$413', '豪華園景大床房:HK$446', '豪華園景雙床房:HK$446', '豪華湖景大床房:HK$479']"
錦江之星品尚（宿遷汽車總站店）,9.6,"['商務大床房B:HK$135', '標準房A:HK$153', '商務大床房A:HK$179', '商務標準C:HK$191']"
三台山衲田村度假酒店,9.4,"['花房裡豪華大床房:HK$369', '花仙子大床房:HK$369', '美境·隱花間豪華雙床房:HK$544', '美境·隱花間豪華大床房:HK$544']"
星程酒店（宿遷汽車站店）,9.5,"['大床房:HK$150', '高級大床房:HK$159', '高級雙床房:HK$159', '商務大床房:HK$168']"
曼居酒店（宿遷經開區店）,9.7,"['曼優雙床房:HK$263', '曼優大床房:HK$270', '曼選大床房（零壓床墊）:HK$339', '曼選雙床房（零壓床墊）:HK$353', '曼居雙床房（空氣凈化器+零壓床墊）:HK$362']"
宿遷巴里島假日酒店,9.2,"['標準單間:HK$223', '標準大床房:HK$246', '標準雙床房:HK$246', '標準家庭房:HK$246']"
鉑麗雲瑞酒店（宿遷寶龍廣場二十四街店）,9.4,"['雲棲星嶼大床房:HK$154', '古黃河｜半隱雙床房┖投屏電視•亞朵級沈眠床墊•舒適┓:HK$154', '楚街｜半隱大床房┖投屏電視•亞朵沈眠床墊•舒適┓:HK$164', '駱馬湖｜全景雙床房┖投屏電視•亞朵級沈眠床墊•城景┓:HK$171']"
漢庭酒店（宿遷發展大道店）,9.6,"['高級大床房:HK$184', '商務雙床房:HK$193', '商務大床房:HK$202']"
宿遷金天國際大酒店,9.7,"['高級親子房:HK$363', '高級大床房:HK$363', '高級雙床房:HK$363', '豪華湖景大床房:HK$399', '豪華湖景雙床房:HK$399']"
宿遷蘇寧廣場希爾頓歡朋酒店,9.5,"['高級雙床房:HK$391', '舒適大床房:HK$401', '高級大床房:HK$431', '豪華雙床房:HK$450', '豪華大床房:HK$470']"
宿遷星辰國際酒店,9.6,"['景觀雙床房:HK$500', '景觀大床房:HK$500', '商務雙床房:HK$533', '商務大床房:HK$533', '行政大床房:HK$576', '攜寵商務雙床房:HK$577']"
宿遷運河金陵大飯店,9.6,"['高級單間:HK$435', '高級標間:HK$435', '豪華單間:HK$468', '豪華標間:HK$468', '高級套房:HK$971']"
維也納國際酒店（宿遷發展大道店）,9.4,"['標準大床房:HK$239', '豪華大床房:HK$258', '豪華雙床房:HK$258', '商務大床房:HK$310']"
宿遷雙星國際酒店,9.7,"['高級雙床房:HK$500', '高級大床房:HK$514', '行政大床房:HK$551', '行政雙床房:HK$551', '豪華家庭房:HK$742', '高級套房:HK$862']"
星程酒店（宿遷寶龍廣場店）,9.3,"['大床房:HK$173', '高級雙床房:HK$182', '高級大床房:HK$202', '豪華大床房:HK$251']"
漢庭酒店（宿遷項王故里蘇寧廣場店）,9.6,"['大床房:HK$211', '高級大床房:HK$222', '高級雙床房:HK$231', '商務大床房:HK$240']"
宿遷江山大酒店,9.2,"['商務雙床房:HK$238', '豪華雙床房:HK$246', '巨幕影音雙床房:HK$293', '豪華大床房:HK$295', '景觀大床房:HK$301']"
希岸酒店（宿遷項王故里蘇寧廣場店）,9.2,"['希岸商務大床房（夢百合零壓床墊+蕎麥枕）:HK$186', '希岸豪華雙床房（夢百合零壓床墊+蕎麥枕）:HK$186', '希岸豪華大床房（夢百合零壓床墊+蕎麥枕）:HK$194', '希岸高級大床房（夢百合零壓床墊+蕎麥枕）:HK$196']"
宿遷雲瀾曼居酒店（寶龍廣場汽車總站店）,9.4,"['曼享深睡大床房（電視投屏）:HK$139', '雲泊大床房（電視投屏+商務辦公桌）:HK$145', '雲泊雙床房（商務辦公桌+乾濕分離+電視投屏）:HK$165', '頤居大床房（電視投屏+休閑沙發+會客區）:HK$173']"
麗楓酒店（宿遷水韻城寶龍廣場店）,9.3,"['高級大床房（無窗）:HK$232', '高級精品大床房（無窗）:HK$242', '標準雙床房:HK$242', '雅緻大床房:HK$283']"
如家商旅酒店（宿遷人民大道店）,9.5,"['大床房A:HK$222', '雙床房:HK$239', '大床房:HK$239', '商務大床房:HK$256']"
