酒店名称,评分,房型价格列表
寧波陶麓書香世家酒店（東錢湖店）,9.6,"['雅緻庭院雙床房:HK$989', '雅緻山景大床房:HK$989', '茶韻庭院雙床房{空氣凈化器+智能馬桶+MiNiBar}:HK$1,086', '茶韻庭院大床房{空氣凈化器+智能馬桶+MiNiBar}:HK$1,087', '探花庭院大床房{浴缸+空氣凈化器+智能馬桶+MiNiBar}:HK$1,377']"
寧波花映悦酒店（天一廣場城隍廟商業步行街店）,9.4,"['高級大床房-舒達床墊+55寸電視:HK$346', '商務雙床房:HK$346', '樂享主題電競雙床房:HK$419', '樂享主題電競大床房:HK$420']"
書房酒店（天一廣場火車站店）,9.3,"['温馨別緻的小廂房:HK$250', '和風飲茶的天光房:HK$372', '洋氣敞亮的園景房:HK$425', '盛世花廳的陽台房:HK$545']"
臻庭酒店（寧波天一廣場老外灘店）,9.7,"['優選大床房【迷你冰箱+可投屏電視】:HK$481', '雅緻大床房【迷你冰箱+可投屏電視】:HK$607', '高級雙床房 【落地窗+迷你冰箱+可投屏電視 】:HK$634', '臻庭行政大床房 【戴森吹風機+落地窗+可投屏電視 】:HK$661', '臻庭行政雙床房 （1.2榻榻米+戴森吹風機+落地窗+迷你冰箱+可投屏電視）:HK$687']"
寧境酒店（寧波天一廣場城隍廟店）,9.5,"['靜笙小築:HK$463', '靜笙北廂房:HK$491', '靜笙南廂房:HK$508', '春和景明:HK$528', '明熙故里:HK$541']"
花築奢·樸素民宿（寧波慈城店）,9.9,"['空山·特惠大床房（智能客控+深泡浴缸+迷你冰箱）:HK$615', '水榭·大床房（地暖+智能客控+深泡浴缸+迷你冰箱）:HK$725', '悠然·豪華大床房（地暖+智能客控+深泡浴缸+迷你冰箱）:HK$1,352', '閑庭·豪華親子房（地暖+智能客控+深泡浴缸+迷你冰箱）:HK$1,480', '庭院·家庭房（地暖+智能客控+深泡浴缸+實木茶桌）:HK$2,167']"
寧波東錢湖韓嶺冬生夏長精品民宿,9.4,"['民國洋樓普通大床房:HK$517', '民國洋樓雙床房:HK$594', '民國洋樓浴缸大床房:HK$812', '民國洋樓豪華套房:HK$987']"
寧波鄞州希爾頓惠庭酒店,9.3,"['舒適大床房【迷你冰箱+Coffee機+蒸汽熨斗+舒達床墊】:HK$588', '舒適雙床房【迷你冰箱+Coffee機+蒸汽熨斗+舒達床墊】:HK$588', '靈動大床房【迷你冰箱+Coffee機+蒸汽熨斗+舒達床墊】:HK$618', '靈動雙床房【迷你冰箱+Coffee機+蒸汽熨斗+舒達床墊】:HK$618', '靈動高級大床房【迷你冰箱+Coffee機+蒸汽熨斗】:HK$660']"
寧波老外灘亞朵酒店,9.7,"['雅緻大床房（普蘭特床墊）:HK$502', '高級大床房（普蘭特床墊+可投屏電視）:HK$529', '高級雙床房（普蘭特床墊+可投屏電視）:HK$538', '高級江景大床房（高層景觀+普蘭特床墊+可投屏電視）:HK$557', '幾木大床房（亞朵深睡枕PRO+小冰箱+普蘭特床墊+可投屏電視）:HK$574']"
寧波永耀大酒店,9.5,"['商務大床房:HK$490', '商務雙床房:HK$490', '高級城景雙床房:HK$512', '高級城景大床房:HK$512', '行政雙床房:HK$545']"
希諾S酒店（寧波江北萬象城店）,9.4,"['精選大床房（零壓床墊+全屋智能+電視投屏+迷你冰箱）:HK$447', 'S2希諾雙床房（零壓床墊+全屋智能+電視投屏+小冰箱）:HK$453', 'S1精選城景大床房（零壓床墊+全屋智能+可投屏+冰箱）:HK$458', 'S2希諾大床房（零壓床墊+全屋智能+電視投屏+小冰箱）:HK$521', 'S3豪華城景雙床房（零壓床墊+全屋智能+可投屏+冰箱）:HK$585']"
寧波大酒店,9.5,"['高級景緻大床房（零壓床墊+可投屏電視）:HK$842', '高級城景雙床房（迷你冰箱+零壓床墊）:HK$885', '豪華城景大床房（零壓床墊+零壓熟睡枕頭）:HK$907', '豪華江景大床房（零壓床墊+超解壓花灑）:HK$911', '高級江景雙床房（即熱恆温飲水機+超解壓花灑）:HK$918']"
寧波花間堂·韓嶺,9.7,"['閭巷人家雙床房:HK$1,036', '觀山庭院大床房:HK$1,083', '湖光躍層大床房（寵物友好）:HK$1,131', '觀山庭院多人房:HK$1,583', '湖光家庭套房（寵物友好）:HK$1,866']"
寧波舟宿夜江亞朵S酒店,9.7,"['高級大床房（智能投屏電視+小冰箱）:HK$511', '高級雙床房（智能投屏電視+小冰箱）:HK$511', '幾木大床房（深睡PRO枕+智能投屏電視+小冰箱）:HK$557', '幾木雙床房（深睡PRO枕+智能投屏電視+小冰箱）:HK$557', '幾木城景雙床房:HK$727']"
寧波華港外灘酒店（外灘步行街店）,9.2,"['出門在外·灘雙床房:HK$412', '城景·陽台·大床房:HK$412', '靜雅·安睡·花園大床房:HK$435', '向陽·陽台·雙床房:HK$447', '江月·江景大床房:HK$469']"
寧波蓮庭美悦酒店（慈城古縣城旅遊景區）,9.7,"['榻榻米房:HK$315', '標準大床房:HK$391', '標準雙床房:HK$391', '高級大床房:HK$446', '高級雙床房:HK$446']"
寧波東錢湖望嵐酒店（國際會議中心店）,9.6,"['高級園景雙床房:HK$1,021', '豪華園景大床房:HK$1,218', '豪華園景雙床房:HK$1,218', '豪華山景大床房:HK$1,316', '豪華山景雙床房:HK$1,316', '湖景複式房:HK$1,316']"
寧波三江口外灘棠辰公館,9.7,"['肆枝·百年老洋房·奢享大床房:HK$1,862', '叁簇·百年老洋房·逸廬大床房:HK$1,988', '伍株·百年老洋房·甄景大床房:HK$2,238', '壹瓣臻選 . 江瀾畔百年花園豪邸大床房:HK$2,863']"
寧波火車站開元名庭酒店,9.5,"['名成舒適大床房｜唐風國潮｜商務辦公｜智能投屏:HK$435', '名成高級大床房｜唐風國潮｜智能投屏｜安睡床品:HK$466', '名成舒適雙床房｜唐風國潮｜商務辦公｜安睡床品:HK$526', '名成高級雙床房｜唐風國潮｜智能投屏｜安睡床品:HK$547', '名成豪華大床房｜全屋智能｜商務辦公｜安睡床品:HK$564']"
寧波十七房開元觀堂,9.6,"['觀堂雙床房:HK$545', '觀堂躍層大床房:HK$545', '觀堂躍層套房:HK$774', '獨棟大床別墅:HK$787', '觀堂雙床套房:HK$848', '獨棟雙床別墅:HK$861']"
寧波錢湖悦莊酒店,9.0,"['高級雙床房:HK$463', '高級大床房:HK$463', '豪華大床房:HK$492', '豪華雙床房:HK$492', '林間望湖行政大床房-陽台+步入式衣帽間+泡澡浴缸:HK$612']"
寧波豪生薈酒店,9.6,"['特惠大床房（無窗）+65寸電視+高速吹風機+護頸零壓枕:HK$316', '釋壓大床房-65寸超大電視+高速吹風機+護頸零壓枕+智能衞浴:HK$381', '釋壓雙床房-65寸超大電視+高速吹風機+護頸零壓枕+智能衞浴:HK$381', '園景大床房-65寸超大電視+超大大床+高速吹風機+智能衞浴:HK$436', '豪廷雙床房-65寸電視+高速吹風機+護頸零壓枕+智能衞浴:HK$436']"
寧波佑寧酒店（天一廣場店）,9.3,"['大床房:HK$314', '榻榻米大床房:HK$314', '豪華大床房:HK$336', '雙床房:HK$336']"
寧波柏恩酒店（寧波火車站南塘老街店）,9.3,"['高級城景雙床房:HK$297', '高級城景大床房:HK$297', '豪華江景雙床房:HK$318', '豪華江景大床房:HK$318', '270°豪華城景大床房:HK$343']"
寧波外灘·嬋那藝術酒店,9.2,"['高級大床房【AI助眠床+電動窗簾+智能燈光+智能馬桶】:HK$580', '江景大床房【戴森吹風機+助眠床+電動窗簾+智能燈光】:HK$654', '江景雙床房【戴森吹風機+衣帽間+智能燈光+電動窗簾】:HK$654', '行政大床套房（戴森吹風機+獨立客廳+助眠床+智能燈）:HK$693']"
曼居酒店（寧波鄞州萬達廣場店）,9.3,"['曼享雙床房（落地玻璃+休閑沙發）:HK$407', '曼享大床房（落地玻璃+休閑沙發）:HK$407', '曼居零壓雙床房（0壓床墊+書籍閲讀+落地玻璃+迷你冰箱）:HK$450', '曼居零壓大床房（0壓床墊+落地玻璃+迷你冰箱）:HK$450', '樂活市景大床房（落地玻璃+迷你冰箱）:HK$490']"
寧波新芝賓館,9.7,"['迎賓樓標準大床房（舒適羽絨枕+舒達床墊）:HK$644', '迎賓樓標準雙床房（舒適羽絨枕+舒達床墊）:HK$687', '迎賓樓城景大床房（羽絨枕+空氣凈化+浴缸+舒達床墊）:HK$861', '迎賓樓城景雙床房（羽絨枕+夏普空氣凈化+舒達床墊）:HK$861', '迎賓樓園景大床房（羽絨枕+空氣凈化+浴缸+舒達床墊）:HK$1,077', '迎賓樓園景雙床房（羽絨枕+夏普空氣凈化+舒達床墊）:HK$1,077']"
富邦大酒店（寧波火車站天一閣月湖店）,9.6,"['高級大床房（深睡Pro枕）:HK$423', '高級雙床房（深睡Pro枕）:HK$428', '高級大床房+無窗（深睡Pro枕）:HK$467', '行政商務間（深睡Pro枕）:HK$577', '行政豪華間（深睡Pro枕+步入式衣帽間）:HK$751', '家庭套間（深睡Pro枕+步入式衣帽間）:HK$751']"
泊寧酒店（寧波東部新城會展店）,9.6,"['甄選大床房│寬奢空間+躺上去就想睡的枕頭+隔音玻璃:HK$379', '輕奢·大床房│織田躺椅+負離子高速吹風機+超大落地窗:HK$395', '輕奢·雙床房│寬奢空間+超大落地窗+隔音玻璃+小冰箱:HK$395', '靜謐·大床房│絲漣床墊+負離子吹風機+親膚長絨棉床品:HK$419', '靜謐·雙床房│絲漣床墊+全景視野+親膚長絨棉床品:HK$419']"
柿子紅了·韓嶺大院 （寧波東錢湖韓嶺店）,9.8,"['心想柿成複式套房:HK$819', '柿柿如意複式親子房:HK$903', '吊紅別墅大床房:HK$1,003', '吊紅別墅親子房:HK$1,003']"
寧波錢湖國賓館,9.5,"['高級園景雙床房:HK$1,760', '高級園景大床房:HK$1,760', '豪華園景大床房:HK$1,869', '豪華園景雙床房:HK$1,869', '高級湖景大床房:HK$2,088', '高級湖景雙床房:HK$2,096']"
寧波南苑飯店,9.5,"['商務樓大床房:HK$533', '商務樓雙床房:HK$533', '主樓高級大床房:HK$561', '主樓高級雙床房:HK$561', '主樓豪華雙床房:HK$667', '主樓豪華大床房:HK$667']"
曼居酒店（寧波天一廣場鼓樓地鐵站店）,9.5,"['曼享舒適大床房:HK$414', '曼享舒適雙床房:HK$467', '曼享豪華大床房:HK$518', '曼享豪華雙床房:HK$569']"
寧波陽光豪生大酒店（火車站望春橋地鐵站店）,9.3,"['精緻雙床房『迷你小冰箱+超大辦公桌椅+舒適羽絨枕』:HK$418', '精緻大床房『迷你小冰箱+超大辦公桌椅+舒適羽絨枕』:HK$418', '高級雙床房『深泡浴缸+天鵝島床墊+超大辦公桌椅』:HK$439', '高級大床房『深泡浴缸+天鵝島床墊+超大辦公桌椅』:HK$460', '豪華雙床房『甬城美景+迷你小冰箱+超大辦公桌椅』:HK$504', '豪華大床房『甬城美景+迷你小冰箱+超大辦公桌椅』:HK$504']"
寧波見岕禪舍,9.5,"['雅靜禪心雙床房（品功夫茶+抄經+坐禪體驗）:HK$435', '雅靜禪心大床房（房間內品功夫茶+坐禪體驗）:HK$435', '雅靜舒心雙床房（房間內品功夫茶+坐禪體驗）:HK$501', '悦靜園景雙床房（茶室品功夫茶+國際品牌席夢思床墊）:HK$544']"
寧波城市新貴酒店,9.6,"['高級雙床房:HK$251', '高級大床房:HK$251', '商務雙床房:HK$295', '商務大床房:HK$295', '0壓商務大床房（0壓記憶枕+0壓床墊）:HK$301']"
寧波文化廣場朗豪酒店,9.6,"['高級客房-雙床:HK$749', '高級客房-大床:HK$749', '豪華客房-大床:HK$858', '豪華客房-雙床:HK$858', '商務套房:HK$1,295', '主卧套房:HK$1,842']"
寧波逸東諾富特酒店,9.2,"['高級雙床房:HK$373', '高級大床房:HK$411', '致雅大床房:HK$523', '致雅雙床房:HK$523', '致雅套房:HK$599']"
寧波東方開元名庭酒店（寧波櫟社國際機場鄞州大道地鐵站店）,9.5,"['開元雙床房—零壓床墊+智能馬桶:HK$420', '豪華雙床房—零壓床墊+智能馬桶:HK$489', '開元家庭大床房—零壓床墊+智能馬桶:HK$495', '豪華家庭大床房—零壓床墊+智能馬桶:HK$533', '行政豪華家庭房—零壓床墊+智能馬桶:HK$568']"
Ruby瑰寶酒店（寧波天一廣場老外灘店）,9.5,"['精選丨悠然漫步大床房【馬歇爾音響+徠芬吹風機+大空間】:HK$512', '精緻丨零壓靜享大床【絲滑入眠+零壓床墊+徠芬吹風機】:HK$533', '精緻丨零壓靜享雙床房【羽絨床品+零壓床墊+辦公桌椅】:HK$544', '瑰寶丨經典豪華大床房【獨立辦公+靜享好眠+羽絨床品】:HK$588', '遇見丨巨幕影音房【沉浸式觀影+百寸巨幕+會員暢享】:HK$588']"
寧波香格里拉大酒店,9.4,"['豪華公園景大床房:HK$787', '豪華公園景雙床房:HK$787', '豪華江景大床房:HK$896', '豪華江景雙床房:HK$896', '寧鷗主題江景親子房:HK$1,170', '豪華閣行政豪華大床房:HK$1,170']"
寧波東錢湖遠·度假酒店,9.6,"['園景豪華大床房【金可兒床墊+戴森吹風機+帕爾瑪之水】:HK$1,146', '園景豪華雙床房【金可兒床墊+戴森吹風機+帕爾瑪之水】:HK$1,296', '園景行政雙床房【金可兒床墊+戴森吹風機+帕爾瑪之水】:HK$1,410', '園景獨棟雙床房【私享陽台+minibar+金可兒床墊】:HK$1,485', '側湖豪華大床房【私享陽台+minibar+浴缸+戴森吹風機】:HK$1,613', '傾湖獨棟大床房【臨湖陽台+minibar+浴缸+戴森吹風機】:HK$1,839']"
寧波飯店,9.3,"['標準房:HK$396', '商務大床房:HK$404', '河景套房:HK$1,050']"
寧波東錢湖康得思酒店,9.4,"['豪華園景大床房:HK$1,498', '豪華園景雙床房:HK$1,498', '豪華庭院大床房:HK$1,498', '高級庭院大床房:HK$1,498', '野奢場景主題客房:HK$1,498', '豪華湖景大床房:HK$1,779']"
寧波溪口·漫休谷民宿,9.3,"['七彩山谷木屋大床房:HK$1,028', '七彩木屋標準間:HK$1,159', '七彩木屋豪華大床房:HK$1,159', '七彩木屋山景大床房:HK$1,159', '露台平層觀景套房:HK$1,804']"
寧波開元名都大酒店,9.6,"['開元雙床房:HK$651', '開元大床房:HK$706', '豪華家庭房:HK$1,529']"
弗戈達設計公寓（寧波天一廣場城隍廟店）,9.6,"['自然醒·零壓大床房（新風系統）:HK$250', '清歡序·優選大床房（智能門鎖＋可投屏電視）:HK$261', '川野集·臻選大床房（網紅日式原木風設計＋智能恆温沐浴）:HK$275']"
構想幾何·韓嶺白日夢（寧波東錢湖店）,9.5,"['乘風破浪:HK$630', '四月物語:HK$775', '諾丁山:HK$871', '白日夢想家:HK$871']"
寧波萬豪酒店,9.4,"['豪華江景大床房:HK$1,091', '豪華江景雙床房:HK$1,091', '尊貴全江景大床房:HK$1,200', '尊貴全江景雙床房:HK$1,200', '行政江景大床房:HK$1,473', '行政江景雙床房:HK$1,473']"
天港漫非酒店（寧波世紀東方廣場會展中心店）,9.3,"['漫欣·舒雅智控雙床房:HK$266', '漫欣·舒雅智控大床房:HK$276', '漫奢·行政套間大床房:HK$308', '漫馨·甜蜜時光家庭房:HK$360']"
