酒店名称,评分,房型价格列表
劍閣劍門關國際温泉大酒店,9.2,"['高級雙床房:HK$337', '高級大床房:HK$337', '豪華山景雙床房:HK$403', '豪華山景大床房:HK$403', '別緻江景大床房:HK$479', '別緻江景雙床房:HK$479']"
廣元富力萬達嘉華酒店,9.3,"['豪華雙床房:HK$435', '高級豪華大床房:HK$481', '高級豪華雙床房:HK$481', '高級豪華河景大床房:HK$528', '行政豪華雙床房:HK$818', '行政豪華大床房:HK$818']"
廣元簡愛花園酒店（萬達廣場政務中心店）,9.7,"['輕奢精選飄窗大床房（智能客控+科勒智能馬桶+席夢思護脊床墊）:HK$309', '漫享格調飄窗大床房（智能客控+科勒智能馬桶+席夢思護脊床墊）:HK$322', '輕奢精選飄窗雙床房（智能客控+科勒智能馬桶+席夢思護脊床墊）:HK$328', '樂巢花園私湯大床房（智能客控+科勒智能馬桶+席夢思護脊床墊））:HK$345', '歡享花園露台大床房（專屬花園露台+智能客控+科勒智能馬桶+席夢思護脊床墊）:HK$371']"
廣元格瑞酒店（廣元高鐵站店）,9.4,"['格選舒適大床房（智能馬桶+護脊床墊+護頸蕎麥枕+獨享三分離洗手間）:HK$294', '格瑞高級大床房（智能馬桶+護脊床墊+護頸蕎麥枕+獨享三分離洗手間）:HK$315', '格瑞高級雙床房（智能馬桶+護脊床墊+護頸蕎麥枕+獨享三分離洗手間）:HK$332', '瑞選輕奢大床房（智能馬桶+65寸大牌電視+護脊床墊+護頸蕎麥枕）:HK$340', '格瑞精緻套房（獨立會客廳+全屋語音控制+智能馬桶+護脊床墊+護頸蕎麥枕）:HK$419']"
喆啡酒店（廣元圖騰廣場店）,9.3,"['醇享大床房:HK$315', '醇享雙床房:HK$315', '啡凡大床房:HK$357', '啡凡雙床房:HK$357', '啡凡喆熊大床房:HK$416']"
廣元曾家山芷築温泉度假酒店,9.4,"['樹影園景雙床房（智能客控+金可兒床具+茱莉蔻洗護用品+科勒潔具+高支棉織品+負離子護髮吹風機+泡湯）:HK$1,092', '浮嵐湖景大床房（智能客控+金可兒床具+茱莉蔻洗護用品+科勒潔具+高支棉織品+負離子護髮吹風機+泡湯）:HK$1,152', '浮嵐園景私湯房（智能客控+金可兒床具+茱莉蔻洗護用品+科勒潔具+高支棉織品+負離子護髮吹風機+泡湯）:HK$1,517', '雲棲湖景單卧套房（智能客控+金可兒床具+茱莉蔻洗護用品+科勒潔具+高支棉織品+負離子護髮吹風機+泡湯）:HK$1,517', '雲棲湖景雙卧套房（智能客控+金可兒床具+茱莉蔻洗護用品+科勒潔具+高支棉織品+負離子護髮吹風機+泡湯）:HK$1,881', '雲棲湖畔別院（智能客控+金可兒床具+茱莉蔻洗護用品+科勒潔具+高支棉織品+負離子護髮吹風機+泡湯）:HK$2,665']"
全季酒店（廣元萬達廣場店）,9.5,"['大床房:HK$312', '高級大床房:HK$331', '高級雙床房:HK$331', '豪華大床房:HK$350']"
逸尚東方酒店（萬達廣場澳源體育中心店）,9.5,"['逸居大床房（投屏電視+智能客控+乾濕分離）:HK$218', '逸景雙床房（65寸投屏電視+智能客控+乾濕分離）:HK$248', '逸景大床房（65寸投屏電視+智能客控+乾濕分離）:HK$248', '逸雅花園雙床房（户外獨立陽台+智能客控 +乾濕分離）:HK$292', '逸雅花園大床房（獨立户外陽台+智能客控 +乾濕分離）:HK$292']"
悅森·空港大酒店（萬達廣場政務中心店）,9.7,"['靜謐壹號大床房（喜臨門床墊+安睡蕎麥枕+65大屏電視）:HK$329', '靜謐零壓大床房（喜臨門床墊+安睡蕎麥枕+智能馬桶）:HK$361', '靜謐零壓雙床房（喜臨門床墊+安睡蕎麥枕+秒出熱水）:HK$361', '180°環湖全景大床房（湖景+智能馬桶+喜臨門床墊）:HK$395', '180°環湖全景雙床房（湖景+智能馬桶+喜臨門床墊）:HK$395']"
華運精選酒店（廣元高鐵站圖騰廣場店）,9.4,"['INS|優享單人房:HK$168', '華運|智選大床房:HK$186', '憶時光|悦享大床房:HK$205', '壹華里|臻享大床房:HK$223']"
劍閣劍門關天賜温泉度假酒店,9.1,"['豪華温泉雙床房（天禧樓）:HK$437', '高級温泉大床房（無私湯）（天禧樓）:HK$511', '豪華温泉私湯大床房（天禧樓）:HK$560', '豪華温泉私湯親子房（天禧樓）:HK$632', '豪華温泉私湯花園房（天禧樓）:HK$1,070']"
廣元天成大酒店,9.3,"['尊貴豪華雙床房:HK$467', '尊貴豪華大床房:HK$468', '行政豪華大床房:HK$577', '行政豪華雙床房:HK$577', '豪華家庭房:HK$577', '行政江景大床房:HK$676']"
如家商旅酒店（廣元圖騰春天廣場店）,9.3,"['商務大床房:HK$214', '高級大床房:HK$239', '高級雙床房:HK$248', '景觀大床房:HK$264']"
瑞爾·潮曼酒店（廣元萬達廣場政務中心店）,9.3,"['潮曼·迷你舒適大床房:HK$235', '潮曼·特惠雙床房:HK$268', '潮曼·温馨高級大床房:HK$269', '潮曼·輕享豪華雙床房:HK$292']"
雲海大酒店（廣元高鐵站店）,9.2,"['雅緻大床房:HK$179', '高級大床房:HK$187', '雅緻雙床房:HK$195', '高級雙床房:HK$203', '零重力大床房:HK$203']"
廣元清水灣印象酒店,9.7,"['商務標間:HK$293', '豪華單間:HK$293', '家庭親子房:HK$374', '商務大床房:HK$374', '尊享商務單間:HK$402']"
格林豪泰（廣元高鐵站店）,9.1,"['1.5米大床房:HK$176', '雙床房:HK$186', '1.8米高級大床房:HK$196', '高級雙床間:HK$207']"
廣元近悦遠來民宿（昭化古城店）,9.5,"['温馨中式雙床房（金可兒床墊）:HK$243', '新中式舒適大床房（金可兒床墊）:HK$266', '新中式舒適雙床房（金可兒床墊）:HK$266', '新中式舒適家庭房（金可兒床墊）:HK$289']"
花築·廣元詹霖小築民宿（昭化古城店）,9.7,"['閣樓C:HK$607', '複式套房A:HK$643', '複式套房B:HK$705', '祕密花園:HK$743']"
麗楓酒店（劍門關店）,9.6,"['豪華大床房:HK$255', '商務雙床房:HK$298', '景觀大床房:HK$313', '景觀雙床房:HK$332', '純凈自然大床房:HK$379']"
劍門關雄關悠谷度假酒店（景區南門店）,9.3,"['棲山逸居雙床房:HK$360', '望山觀景雙床房:HK$425', '觀山湯池大床房:HK$491', '觀山湯池雙床房:HK$550', '豪華湯池套房:HK$917']"
白玉蘭酒店（廣元南河汽車站北京路店）,9.5,"['輕雅雙床房:HK$182', '舒雅雙床房:HK$208', '輕雅大床房:HK$217', '舒雅大床房:HK$234']"
廣元濱江國際酒店（廣元萬達南河濕地公園店）,9.0,"['温馨大床房（落地窗+零壓床墊）:HK$226', '商務單間（落地窗+零壓床墊）:HK$254', '商務標間（落地窗+零壓床墊）:HK$254', '豪華標間（落地窗+零壓床墊）:HK$302']"
葭萌驛酒店（昭化古城店）,9.2,"['豪華雙床房:HK$326', '景觀大床房:HK$398', '景觀雙床房:HK$407', '兩室一廳豪華套房:HK$686']"
廣元賓館（廣元高鐵站店）,8.3,"['豪華單間B:HK$161', '豪華標間B:HK$161', '行政標間:HK$224', '豪華大床房:HK$224']"
廣元女皇温泉酒店,8.1,"['特價大床房:HK$178', '主樓豪華雙床房:HK$296', '主樓豪華大床房:HK$296', '主樓行政大床房:HK$556', '高級套房:HK$918']"
廣信·君蘭大酒店（萬達廣場政務中心店）,9.3,"['豪華全景雙床房:HK$244', '豪華全景大床房:HK$253', '行政標間:HK$269', '江景豪華大床房[智能]:HK$310', '江景豪華標準間:HK$318']"
廣元國際大酒店,9.1,"['商務雙床房:HK$301', '商務大床房:HK$319', '城景雙床房:HK$319', '江景大床房:HK$329', '家庭套房:HK$921']"
廣信大酒店（廣元澳體中心店）,9.1,"['商務雙床房（愜意飄窗台）:HK$174', '商務大床房（愜意飄窗台）:HK$174', '行政大床房:HK$190', '行政雙床房（愜意飄窗台）:HK$190']"
金輝印象酒店（廣元萬達廣場政務中心店）,9.2,"['靜心大床房（乳膠床墊+深眠蕎麥枕）:HK$208', '夢幻圓床房（乳膠床墊+深眠蕎麥枕+室內浴缸）:HK$244', '雅居大床房（乳膠床墊+深眠蕎麥枕）:HK$267', '雅居雙床房（乳膠床墊+深眠蕎麥枕）:HK$267', '雅楓雙床房（乳膠床墊+深眠蕎麥枕）:HK$290']"
蘭歐國際酒店（廣元澳體中心店）,9.6,"['城景行政雙床房（喜臨門零壓床墊+乾濕分離）:HK$269', '城景豪華大床房（智能客控+小冰箱+零壓床墊）:HK$279', '城景豪華雙床房（喜臨門0壓床墊+休閑沙發+乾濕分離）:HK$290', '3D易眠房（離子助眠床墊+空氣凈化增氧儀+睡眠分析儀）:HK$300', '跑來跑去·親子一大一小雙床房（智能客控喜臨門床墊）:HK$311']"
城市咖啡酒店（廣元政務中心萬達廣場店）,9.3,"['悦享大床房:HK$274', '悦享雙床房:HK$304', '尊享大床房:HK$389', '漫享影音大床房:HK$389']"
廣元駿逸假日酒店（澳源體育中心店）,9.6,"['逸悦雙床房（專屬陽台+舒達床墊+智能管控）:HK$353', '逸悦大床房（專屬陽台+舒達床墊+智能管控）:HK$353', '逸享大床房（全景+專屬陽台+舒達床墊+智能客控）:HK$416', '逸時光親子房（專屬陽台+舒達床墊+智能客控）:HK$416', '逸嘉觀景套房（全景+專屬陽台+舒達床墊+智能客控）:HK$796']"
致和·見山酒店（寶輪希望城店）,9.7,"['見山·沐熙大床房『靜享空間+親膚純棉四件套』:HK$218', '見山·雅緻大床房『品牌傢俱+千兆WIFI+舒適記憶枕』:HK$229', '見山·意和雙人房『潔凈温馨+乳膠床具+輕盈好夢』:HK$229', '見山·和悦雙人房『雙洗漱面盆+沉浸式睡域』:HK$240']"
麗鳳酒店（廣元萬達廣場店）,9.3,"['豪華大床房:HK$241', '豪華雙床房:HK$241', '景觀大床房:HK$281', '景觀雙床房:HK$281']"
嘉龍賓館（廣元高鐵站店）,8.9,"['簡約|輕居雙床房:HK$112', '簡約|特惠大床房:HK$155', '輕奢|商務雙床房:HK$191', '豪華|精品大床房:HK$212']"
梔子酒店（廣元高鐵站店）,8.7,['甄選丨精品大床房【酒店公區自助洗衣房+零壓床墊+靜心閲讀空間】:HK$452']
福臨酒店（廣元盤龍機場店）,9.5,"['輕奢城景雙床房:HK$356', '邂逅時光大床房:HK$366', '怡致影院大床房:HK$383', '浪漫詩語圓床房:HK$383', '俯瞰江景大床房:HK$412']"
廣元曾家山華美達度假酒店,9.4,"['高級大床房:HK$621', '高級雙床房:HK$621', '豪華大床房:HK$741', '豪華露台雙床房:HK$741', '豪華家庭房:HK$829']"
天澤酒店（廣元高鐵站圖騰廣場店）,9.1,"['優選觀景大床房（中央空調+落地窗+城市景觀）:HK$130', '精選雅緻大床房（中央空調+電動窗簾+雙面睡感床墊）:HK$142', '舒享豪華雙床房（落地窗+中央空調+雙面睡感護脊床墊）:HK$152', '甄選輕奢大床房（中央空調+雙面睡感床墊+輕奢皮沙發）:HK$158']"
雲著國際大酒店,9.5,"['商務雙床房【智能馬桶+智能客控】:HK$337', '商務大床房【智能馬桶+智能客控】:HK$337', '豪華景觀大床房【智能馬桶+智能客控】:HK$392', '豪華景觀雙床房【智能馬桶+智能客控】:HK$392', '豪華江景大床房【智能馬桶+智能客控】:HK$424', '豪華江景雙床房【智能馬桶+智能客控】:HK$424']"
廣元天瑞大酒店（東壩利州廣場店）,8.4,"['豪華標間:HK$135', '精選豪華單間:HK$151', '武則天故里氣墊圓床房:HK$151', '浪漫風情圓床房:HK$151']"
南山牧雲谷民宿,9.7,"['雲隱雙床房（暖氣）:HK$195', '特色古風大床房:HK$258', '定園大床房:HK$283', '雲端圓床房:HK$283']"
納美酒店（廣元高鐵站店）,9.1,"['輕雅雙床房:HK$253', '輕雅觀影房:HK$253', '輕雅大床房:HK$256', '舒雅家庭雙床房:HK$268']"
唐家河·錦江賓館,9.4,"['庭院大床房:HK$435', '庭院雙床房:HK$545', '園景雙床房:HK$753', '豪華大床房:HK$863', '豪華套房:HK$1,191', '親子雙床房:HK$1,191']"
廣元安娜酒店（東壩利州廣場店）,8.6,"['豪華大床房:HK$142', '時尚大床房:HK$169', '豪華雙床房:HK$169', '時尚雙床房:HK$206']"
廣元麗晶商務酒店（南河店）,8.8,"['樂享丨經濟單間:HK$98', '樂享丨經濟標間:HK$109', '輕享丨舒適標間:HK$120', '輕享丨舒適單間:HK$120']"
陸壹·時光酒店（廣元高鐵站店）,9.1,"['優選|輕居大床房（4k液晶電視+親膚床品+零壓床墊）:HK$164', '優選|輕居雙床房（4k液晶電視+親膚床品+零壓床墊）:HK$176', '輕奢|豪華大床房（辦公桌椅+4k液晶電視+零壓床墊）:HK$188', '輕奢|豪華雙床房（辦公座椅+親膚床品+零壓床墊）:HK$200']"
蝸牛漫步酒店（廣元高鐵站店）,9.5,"['一室一廳高級大床套房（帶會客廳+獨享三區分離）:HK$129', '漫享.玲瓏大床房（辦公書桌+公區自助洗衣機）:HK$129', '温馨原木雙床標間:HK$138', '甄選機麻大床套房（一室一廳+靜音機麻）:HK$159']"
旺蒼良宇酒店,8.6,"['A類標間:HK$178', 'A類單間:HK$178', '商務標間:HK$214', '家庭房:HK$214']"
