酒店名称,评分,房型价格列表
徐州建國東路蘇寧廣場亞朵酒店,9.6,"['高級大床房:HK$511', '高級雙床房:HK$557', '行政大床房:HK$566', '行政雙床房:HK$610', '行政城景大床房:HK$619']"
徐州環球港高鐵站亞朵酒店,9.6,"['高級大床房:HK$484', '高級雙床房:HK$529', '行政大床房:HK$538', '行政雙床房:HK$593', '幾木大床房:HK$593']"
徐州新淮中心希爾頓歡朋酒店,9.7,"['舒適-大床房:HK$518', '舒適-雙床房:HK$518', '高級-大床房:HK$548', '高級-雙床房:HK$548', '荷里活房-超大床:HK$548']"
徐州園博園涵田·宕口天池酒店,9.5,"['天池大床房:HK$601', '天池雙床房:HK$601', '高級觀景大床房:HK$601', '高級觀景雙床房:HK$601', '高級觀園大床房:HK$655', '高級觀園雙床房:HK$655']"
徐州市中心喬治莫蘭迪酒店,9.3,"['高級大床房（智能客控+舒適零壓力枕）:HK$404', '商務大床房（智能客控+舒適零壓力枕）:HK$432', '商務雙床房（智能客控+舒適零壓力枕）:HK$432', '豪華大床房（智能客控+舒適零壓力枕）:HK$462', '尊享大床房（智能客控+舒適零壓力枕）:HK$491']"
徐州蘇寧廣場淮海路亞朵S酒店,9.7,"['雅緻大床房:HK$591', '高級大床房:HK$627', '雅緻雙床房:HK$645', '高級雙床房:HK$676', '幾木大床房:HK$707']"
徐州蘇寧廣場中山南路輕居酒店,9.7,"['舒適大床房（深睡床品+65寸高清投屏+全智能客控）:HK$502', '標準大床房（深睡床品+65寸高清投屏+全智能客控）:HK$520', '精選大床房（深睡床品+65寸高清投屏+全智能客控）:HK$538', '高級大床房（深睡床品+65寸高清投屏+全智能客控）:HK$557', '高級雙床房（深睡床品+65寸高清投屏+全智能客控）:HK$602']"
徐州海逸國際大酒店,9.0,"['副樓-舒適雙床房:HK$221', '豪華標準間:HK$401', '豪華大床房:HK$412', '行政標準房:HK$445', '行政大床房:HK$456']"
徐州三胞廣場礦業大學文昌校區桔子水晶酒店,9.8,"['大床房A（迷你冰箱+智能客控+手機投屏）:HK$341', '雙床房（迷你冰箱+智能客控+手機投屏）:HK$391', '高級大床房（迷你冰箱+智能客控+手機投屏）:HK$422', '高級雙床房（迷你冰箱+智能客控+手機投屏）:HK$432', '豪華大床房（迷你冰箱+智能客控+手機投屏）:HK$453']"
徐州雲龍湖礦業大學亞朵酒店,9.6,"['高級大床房:HK$520', '高級雙床房:HK$575', '行政大床房:HK$610', '行政雙床房:HK$628', '幾木大床房:HK$637']"
徐州彭城廣場民主南路輕居酒店,9.8,"['舒適大床房（55寸高清投屏+裸棉床品+智能馬桶）:HK$502', '標準大床房（55寸高清投屏+裸棉床品+智能馬桶）:HK$529', '精選大床房（55寸高清投屏+裸棉床品+智能馬桶）:HK$566', '高級大床房（55寸高清投屏+深睡床品）:HK$610', '精選雙床房（55寸高清投屏+裸棉床品+智能馬桶）:HK$718']"
錦江都城酒店（徐州高鐵站金龍湖地鐵站店）,9.5,"['精緻商務房——訂製冰箱+深睡床墊+高清投屏:HK$294', '風雅商務房——定製冰箱+深睡床品+高清投屏:HK$338', '精緻雙床房——大空間+訂製冰箱+智能馬桶+空氣凈化器:HK$414', '都會雙床房--大窗觀景+訂製冰箱+智能馬桶+空氣凈化器:HK$414', '都會商務房——大空間+智能馬桶+訂製冰箱+空氣凈化器:HK$414']"
城市精選酒店（徐州彭城廣場富國街店）,9.4,"['標準大床房（英倫風情+乾濕分離）:HK$441', '標準雙床房（英倫風情+乾濕分離）:HK$462', '高級大床房（明亮寬敞+舒適空間）:HK$468', '高級雙床房（明亮寬敞+舒適空間）:HK$475']"
徐州喜來登酒店,9.6,"['豪華大床房:HK$872', '豪華雙床房:HK$927', '尊貴大床房:HK$982', '尊貴雙床房:HK$1,036', '行政大床房:HK$1,200', '行政雙床房:HK$1,255']"
徐州雅高瑞享酒店,9.5,"['瑞享豪華大床房（智能客控+俯瞰城市景觀+智能馬桶）:HK$468', '瑞享豪華雙床房（智能客控+俯瞰城市景觀+智能馬桶）:HK$468', '瑞享行政大床房（智能客控+甜夢之床）:HK$687', '瑞享行政雙床房（智能客控+甜夢之床）:HK$687', '瑞享豪華親子雙床房（智能客控+智能馬桶+金可兒床墊）:HK$719', '瑞享行政套房（智能客控+戴森吹風機+膠囊coffee機）:HK$1,211']"
漢庭酒店（徐州户部山店）,9.6,"['大床房:HK$462', '高級大床房:HK$480', '豪華大床房:HK$518', '雙床房:HK$537']"
徐州淮海鬱錦香酒店,9.7,"['妙趣雅緻大床房:HK$403', '妙趣愉夢雙床房:HK$403', '趣享陽光雙床房:HK$453', '趣享湖景大床房:HK$453', '温馨家庭房:HK$755']"
徐州雲龍湖景區開元名庭酒店,9.6,"['名成高級大床房-小泰山山景（迷你冰箱-智能馬桶）:HK$469', '名成高級雙床房-小泰山山景（迷你冰箱-智能馬桶）:HK$502', '名成豪華大床房 --小泰山山景（迷你冰箱-智能馬桶）:HK$535', '名成豪華雙床房-小泰山山景（迷你冰箱-智能馬桶）:HK$567', '名成行政大床房-（智能馬桶+迷你冰箱）:HK$644']"
徐州淮海路希爾頓歡朋酒店,9.5,"['舒適雙床房:HK$519', '高級大床房:HK$539', '高級雙床房:HK$539', '豪華大床房:HK$558', '歡朋套房:HK$770']"
徐州雲龍山希爾頓歡朋酒店,9.3,"['舒適大床房:HK$544', '高級大床房:HK$577', '舒適雙床房:HK$577', '豪華大床房:HK$610', '高級雙床房:HK$610']"
徐州雲龍萬達廣場朗博酒店,9.4,"['商務大床房:HK$465', '商務雙床房:HK$465', '靜謐零壓大床房（記憶床品+窗外好景+空氣凈化器+加濕器）:HK$499', '靜謐園景雙床房（智能馬桶+窗外好景+小冰箱+空氣凈化器+加濕器）:HK$541', '零壓景觀大床房（窗外好景+零壓床墊+智能馬桶+小冰箱+電視投屏+空氣凈化器+加濕器）:HK$572']"
和頤酒店（徐州銅山萬達廣場店）,9.5,"['大床房A:HK$261', '大床房:HK$278', '雙床房:HK$296', '商務大床房:HK$332']"
徐州雲龍萬達廣場亞朵酒店,9.7,"['高級大床房:HK$502', '高級雙床房:HK$520', '行政大床房:HK$557', '行政雙床房:HK$575', '行政城景大床房:HK$646']"
徐州東區綠地鉑驪酒店（高鐵東站店）,9.5,"['商務大床房:HK$501', '商務雙床房:HK$501', '豪華大床房:HK$554', '豪華雙床房:HK$554', '行政雙床房:HK$747', '行政大床房:HK$747']"
和頤至格酒店（徐州蘇寧廣場户部山店）,9.5,"['大床房A（零壓床墊+投屏電視）:HK$377', '大床房（零壓床墊+投屏電視）:HK$403', '零壓大床房（零壓床墊+投屏電視）:HK$430', '零壓雙床房（零壓床墊+投屏電視）:HK$447']"
徐州漢園賓館,9.3,"['標準大床房:HK$453', '豪華大床房:HK$476', '標準雙床房:HK$476', '豪華雙床房:HK$508', '豪華深睡大床房:HK$563']"
全季酒店（徐州淮海新天地店）,9.8,"['大床房:HK$423', '高級大床房:HK$430', '高級雙床房:HK$449', '套房:HK$522']"
徐州彭城廣場淮海西路亞朵酒店,9.6,"['高級大床房（65寸高清投屏+裸棉床品）:HK$548', '高級雙床房（65寸高清投屏+裸棉床品）:HK$637', '行政大床房（65寸高清投屏+裸棉床品+mini冰箱）:HK$637', '行政雙床房（65寸高清投屏+裸棉床品+mini冰箱）:HK$727', '幾木大床房（65寸高清投屏+裸棉床品+mini冰箱）:HK$727']"
怡程酒店（徐州蘇寧廣場店）,9.6,"['智能標準大床房（高清投屏+mini冰箱+全智能客控）:HK$646', '智能高級大床房（65寸高清投屏+mini冰箱+全智能客控）:HK$678', '智能高級雙床房（65寸高清投屏+全智能客控+mini冰箱）:HK$710', '城景豪華大床房（65寸高清投屏+浪漫城景+mini冰箱）:HK$741', '影院豪華大床房（巨幕影音+私人浴缸+mini冰箱）:HK$773']"
徐州雲龍萬達廣場漫心酒店,9.7,"['雅緻大床房（冰箱+智能客控+KINGKOIL床墊）:HK$369', '心怡大床房（冰箱+智能客控+朝陽落地窗+KINGKOIL床墊）:HK$387', '心悦高級大床房（冰箱+智能客控+KINGKOIL床墊）:HK$407', '心享豪華雙床房（冰箱+智能客控+KINGKOIL床墊）:HK$426', '心享經典大床房（冰箱+智能客控+KINGKOIL床墊）:HK$464']"
徐州彭城廣場黃河北路亞朵酒店,9.8,"['高級大床房:HK$575', '高級雙床房:HK$619', '行政大床房:HK$619', '高級庭院大床房:HK$646', '行政雙床房:HK$664']"
徐州户部山和平路亞朵酒店,9.8,"['高級大床房（深睡床品+65寸高清投屏+mini冰箱）:HK$637', '行政大床房（深睡床品+65寸高清投屏+mini冰箱）:HK$655', '行政城景大床房（深睡床品+65寸高清投屏+mini冰箱）:HK$682', '尊享大床房（深睡床品+65寸高清投屏+mini冰箱）:HK$700', '高級雙床房（深睡床品+65寸高清投屏+mini冰箱）:HK$718']"
徐州雲龍希爾頓惠庭酒店,9.9,"['靈動雙床房（膠囊coffee機+小冰箱+掛燙機+無線充）:HK$407', '靈動大床房（膠囊coffee機+小冰箱+掛燙機+無線充）:HK$416', '靈動高級雙床房（膠囊coffee機+小冰箱+掛燙機+無線充）:HK$435', '靈動高級大床房（膠囊coffee機+小冰箱+掛燙機+沙發床）:HK$444', '靈動豪華雙床房（膠囊coffee機+小冰箱+掛燙機+無線充）:HK$463']"
錦江都城（徐州火車站蘇寧廣場楚都店）,9.3,"['時尚商務房+投屏電視:HK$305', '精緻雙床房:HK$318', '精緻商務房+投屏電視:HK$318', '精緻清氧商務房+空氣凈化器:HK$349', '風雅商務房+迷你小冰箱:HK$394']"
桔子酒店（徐州雲龍湖三胞廣場店）,9.6,"['大床房:HK$487', '高級大床房-深睡好眠:HK$516', '高級雙床房:HK$575']"
亞朵酒店（徐州市政府店）,9.6,"['高級大床房:HK$448', '高級雙床房:HK$448', '幾木大床房:HK$520', '幾木雙床房:HK$520', '親子雙床房:HK$646']"
桔子酒店（徐州東站金龍湖店）,9.8,"['商務大床房:HK$402', '高級雙床房:HK$432', '露台大床房:HK$442', '豪華家庭房:HK$523']"
如家酒店·neo（徐州礦業大學淮塔地鐵站店）,9.7,"['大床房【舒適安逸+夢百合0壓床墊+電視投屏】:HK$266', '商務大床房【舒適安逸+夢百合0壓床墊+電視投屏】:HK$284', '高級大床房【智能客控+夢百合0壓床墊+電視投屏】:HK$303', '高級雙床房【舒適安逸+夢百合0壓床墊+電視投屏】:HK$322']"
柏曼酒店（徐州東站西出站口店）,9.2,"['高級大床房:HK$236', '高級雙床房:HK$236', '商務大床房:HK$259', '商務雙床房:HK$259']"
全季酒店（徐州銅山萬達廣場店）,9.7,"['高級大床房:HK$378', '商務大床房:HK$408', '雙床房:HK$408', '高級雙床房:HK$436']"
全季酒店（徐州雲龍萬達廣場店）,9.7,"['大床房:HK$442', '高級大床房:HK$462', '商務大床房:HK$482', '雙床房:HK$492']"
徐州雲龍湖珠山景區亞朵酒店,9.7,"['高級大床房:HK$502', '高級雙床房:HK$538', '行政大床房:HK$637', '行政雙床房:HK$709', '幾木親子套房:HK$907']"
徐州雲龍湖麗芮酒店,9.6,"['芮享高級大床房（戴森吹風機+舒達床品）:HK$506', '芮享豪華大床房（戴森吹風機+舒達床品）:HK$540', '芮享高級雙床房（戴森吹風機+舒達床品）:HK$572', '芮享豪華雙床房（戴森吹風機+舒達床品）:HK$605', '芮享商務雙床房（戴森吹風機+舒達床品）:HK$638']"
漢庭酒店（徐州雲龍湖風景區店）,9.8,"['大床房:HK$254', '高級大床房:HK$263', '雙床房:HK$273']"
徐州雲龍湖途家盛捷酒店,9.3,"['精品大床房-配小冰箱·可提供廚房用品:HK$296', '精品雙床房-房內配小冰箱:HK$305', '氧吧安睡雙床房:HK$315', '氧吧安睡大床房:HK$315', '高級雙床房-配小冰箱:HK$326']"
如家精選酒店（徐州淮海路中心店）,9.7,"['大床房（55寸電視投屏+0壓床墊+洗烘一體機）:HK$394', '商務大床房（55寸電視投屏+0壓床墊+洗烘一體機）:HK$411', '高級大床房（55寸電視投屏+0壓床墊+洗烘一體機）:HK$438', '安心睡安睡大床房（55寸電視投屏+0壓床墊洗烘一體機）:HK$465']"
徐州馨樂庭雲龍湖酒店,9.5,"['精緻大床房-配冰箱+微波爐:HK$436', '精緻雙床房-配冰箱+微波爐:HK$436', '氧吧安睡大床房【森林般呼吸+嬰兒般睡眠】:HK$457', '氧吧安睡雙床房【森林般呼吸+嬰兒般睡眠】:HK$457', '温馨豪華套房-高端廚具家電+洗烘一體機+開放式廚房:HK$632']"
維也納酒店（徐州淮海戰役紀念塔店）,9.5,"['高級大床房:HK$334', '高級雙床房:HK$360', '豪華大床房:HK$419', '豪華雙床房:HK$421']"
徐州東站雲龍萬達桔子水晶酒店,9.8,"['高級大床房（親膚布草+迷你冰箱+智能馬桶）:HK$442', '豪華雙床房（徠芬吹風機+迷你冰箱+智能馬桶）:HK$482', '商務大床房（徠芬吹風機+夜景動人+智能馬桶）:HK$503', '豪華大床房（徠芬吹風機+迷你冰箱+城景）:HK$532', '家庭房（超大床+徠芬吹風機+智能馬桶）:HK$734']"
桔子酒店（徐州雲龍萬達廣場店）,9.7,"['高級大床房+智能客控+65寸高清投屏+温馨安靜:HK$449', '月若流金大床房+智能客控+65寸高清投屏+金可兒床墊:HK$458', '加州陽光雙床房+落地大窗+65寸高清投屏+金可兒床墊:HK$458', '月若流金雙床房+智能客控+65寸高清投屏+金可兒床墊:HK$469']"
