酒店名称,评分,房型价格列表
徐州雲龍湖礦業大學亞朵酒店,9.6,"['高級大床房:HK$385', '高級雙床房:HK$385', '行政大床房:HK$421', '行政雙床房:HK$421', '幾木雙床房:HK$457']"
徐州蘇寧廣場淮海路亞朵S酒店,9.7,"['雅緻大床房:HK$410', '高級大床房:HK$446', '雅緻雙床房:HK$464', '高級雙床房:HK$496', '幾木大床房:HK$527']"
徐州市中心喬治莫蘭迪酒店,9.3,"['高級大床房（智能客控+舒適零壓力枕）:HK$346', '商務大床房（智能客控+舒適零壓力枕）:HK$374', '商務雙床房（智能客控+舒適零壓力枕）:HK$374', '豪華大床房（智能客控+舒適零壓力枕）:HK$404', '尊享大床房（智能客控+舒適零壓力枕）:HK$432']"
徐州伯爵世家酒店（雲龍湖景區店）,9.7,"['精選大床房（超大落地窗+智能馬桶）:HK$340', '精選雙床房（超大落地窗+智能馬桶）:HK$340', '高級大床房（超大落地窗+智能馬桶+記憶枕）:HK$363', '高級雙床房（超大落地窗+智能馬桶+記憶枕）:HK$363', 'RTX4070大床房（4070顯卡+迷你冰箱+智能馬桶）:HK$365']"
徐州蘇寧廣場中山南路輕居酒店,9.7,"['舒適大床房（深睡床品+65寸高清投屏+全智能客控）:HK$305', '標準大床房（深睡床品+65寸高清投屏+全智能客控）:HK$323', '精選大床房（深睡床品+65寸高清投屏+全智能客控）:HK$340', '精選雙床房（深睡床品+65寸高清投屏+全智能客控）:HK$358', '高級大床房（深睡床品+65寸高清投屏+全智能客控）:HK$358']"
徐州彭城廣場民主南路輕居酒店,9.8,"['舒適大床房（55寸高清投屏+裸棉床品+智能馬桶）:HK$332', '標準大床房（55寸高清投屏+裸棉床品+智能馬桶）:HK$358', '精選雙床房（55寸高清投屏+裸棉床品+智能馬桶）:HK$385', '精選大床房（55寸高清投屏+裸棉床品+智能馬桶）:HK$385', '高級雙床房（55寸高清投屏+深睡床品）:HK$421']"
怡程酒店（徐州蘇寧廣場店）,9.6,"['智能標準大床房（高清投屏+mini冰箱+全智能客控）:HK$366', '智能高級大床房（65寸高清投屏+mini冰箱+全智能客控）:HK$398', '智能高級雙床房（65寸高清投屏+全智能客控+mini冰箱）:HK$430', '城景豪華大床房（65寸高清投屏+浪漫城景+mini冰箱）:HK$463', '影院豪華大床房（巨幕影音+私人浴缸+mini冰箱）:HK$495']"
徐州雲龍山希爾頓歡朋酒店,9.2,"['舒適大床房:HK$500', '高級大床房:HK$533', '舒適雙床房:HK$533', '豪華大床房:HK$566', '高級雙床房:HK$566']"
徐州開元迎賓館大酒店,9.6,"['開元大床房:HK$566', '開元雙床房:HK$566', '開元家庭套房:HK$905']"
徐州彭城飯店,9.5,"['城景大床房:HK$542', '高級雙床間:HK$588', '園景大床房（庭院景觀）:HK$604', '園景雙床間（庭院景觀）:HK$619', '商務大床房:HK$726']"
徐州建國東路蘇寧廣場亞朵酒店,9.6,"['高級大床房:HK$349', '高級雙床房:HK$349', '行政雙床房:HK$403', '行政大床房:HK$403', '行政城景大床房:HK$457']"
徐州彭城廣場淮海西路亞朵酒店,9.6,"['高級大床房（65寸高清投屏+裸棉床品）:HK$340', '高級雙床房（65寸高清投屏+裸棉床品）:HK$340', '行政大床房（65寸高清投屏+裸棉床品+mini冰箱）:HK$385', '行政雙床房（65寸高清投屏+裸棉床品+mini冰箱）:HK$385', '幾木大床房（65寸高清投屏+裸棉床品+mini冰箱）:HK$430']"
徐州雅高瑞享酒店,9.5,"['瑞享豪華大床房（智能客控+俯瞰城市景觀+智能馬桶）:HK$468', '瑞享豪華雙床房（智能客控+俯瞰城市景觀+智能馬桶）:HK$468', '瑞享行政大床房（智能客控+甜夢之床）:HK$686', '瑞享行政雙床房（智能客控+甜夢之床）:HK$686', '瑞享豪華親子雙床房（智能客控+智能馬桶+金可兒床墊）:HK$719', '瑞享行政套房（智能客控+戴森吹風機+膠囊coffee機）:HK$1,211']"
徐州喜來登酒店,9.6,"['豪華大床房:HK$828', '豪華雙床房:HK$828', '尊貴大床房:HK$938', '尊貴雙床房:HK$938', '行政大床房:HK$1,156', '行政雙床房:HK$1,156']"
徐州新淮中心希爾頓歡朋酒店,9.7,"['舒適-大床房:HK$470', '舒適-雙床房:HK$470', '高級-大床房:HK$499', '高級-雙床房:HK$499', '荷里活房-超大床:HK$499']"
徐州綠地鉑瑞酒店,9.6,"['豪華露台園景大床房:HK$763', '豪華露台園景雙床房:HK$763', '豪華露台湖景雙床房:HK$871', '豪華露台湖景大床房:HK$871', '行政露台園景大床房:HK$1,090', '行政露台園景雙床房:HK$1,090']"
徐州環球港高鐵站亞朵酒店,9.6,"['高級大床房:HK$349', '高級雙床房:HK$349', '行政大床房:HK$403', '行政雙床房:HK$403', '幾木大床房:HK$475']"
徐州雲龍湖途家盛捷酒店,9.3,"['精品大床房-配小冰箱·可提供廚房用品:HK$296', '精品雙床房-房內配小冰箱:HK$304', '氧吧安睡雙床房:HK$315', '氧吧安睡大床房:HK$315', '高級雙床房-配小冰箱:HK$326']"
如家精選酒店（徐州大學路怡和廣場店）,9.8,"['大床房【全屋智能家居】:HK$314', '商務大床房【全屋智能家居】:HK$314', '標準雙床房【全屋智能家居】:HK$314', '高級大床房【全屋智能家居】:HK$332']"
和頤至格酒店（徐州蘇寧廣場户部山店）,9.5,"['大床房A（零壓床墊+投屏電視）:HK$262', '大床房（零壓床墊+投屏電視）:HK$288', '零壓雙床房（零壓床墊+投屏電視）:HK$315', '零壓大床房（零壓床墊+投屏電視）:HK$315']"
錦江都城酒店（徐州高鐵站金龍湖地鐵站店）,9.5,"['精緻商務房——訂製冰箱+深睡床墊+高清投屏:HK$294', '風雅商務房——定製冰箱+深睡床品+高清投屏:HK$338', '精緻雙床房——大空間+訂製冰箱+智能馬桶+空氣凈化器:HK$414', '都會雙床房--大窗觀景+訂製冰箱+智能馬桶+空氣凈化器:HK$414', '都會商務房——大空間+智能馬桶+訂製冰箱+空氣凈化器:HK$414']"
全季酒店（徐州雲龍萬達廣場店）,9.7,"['大床房:HK$285', '雙床房:HK$285', '高級大床房:HK$305', '高級雙床房:HK$331']"
徐州馨樂庭雲龍湖酒店,9.5,"['精緻大床房-配冰箱+微波爐:HK$436', '精緻雙床房-配冰箱+微波爐:HK$436', '氧吧安睡大床房【森林般呼吸+嬰兒般睡眠】:HK$457', '氧吧安睡雙床房【森林般呼吸+嬰兒般睡眠】:HK$457', '温馨豪華套房-高端廚具家電+洗烘一體機+開放式廚房:HK$632']"
徐州三胞廣場礦業大學文昌校區桔子水晶酒店,9.8,"['雙床房（迷你冰箱+智能客控+手機投屏）:HK$312', '大床房A（迷你冰箱+智能客控+手機投屏）:HK$312', '高級雙床房（迷你冰箱+智能客控+手機投屏）:HK$351', '高級大床房（迷你冰箱+智能客控+手機投屏）:HK$370', '豪華大床房（迷你冰箱+智能客控+手機投屏）:HK$390']"
徐州創拓奧梵礦業大學亞朵酒店,9.5,"['城景|高級大床房（電視投屏+深睡床墊+小冰箱）:HK$367', '城景|高級雙床房（65寸高清電視+深睡床墊+小冰箱）:HK$376', '行政大床房（負離子助眠+深睡裸棉+陽光房）:HK$385', '行政雙床房（負離子助眠+迷你小冰箱+陽光房）:HK$394', '幾木大床房（空氣凈化器+深睡床品+落地窗）:HK$421']"
徐州寶信君瀾度假酒店,9.3,"['商務大床房:HK$470', '商務雙床房:HK$470', '豪華大床房:HK$649', '豪華雙床房:HK$649', '庭院大床房:HK$787', '庭院雙床房:HK$798']"
徐州開元名都大酒店,9.6,"['高級雙床房:HK$534', '高級大床房:HK$534', '豪華雙床房:HK$583', '豪華大床房:HK$583', '行政大床房:HK$623', '豪華湖景大床房:HK$722']"
全季酒店（徐州户部山和平路店）,9.8,"['大床房（mini冰箱+65寸投屏+舒壓床墊）:HK$413', '高級大床房（mini冰箱+65寸投屏+舒壓床墊）:HK$433', '豪華大床房（mini冰箱+65寸投屏+舒壓床墊）:HK$452', '高級雙床房（mini冰箱+65寸投屏+舒壓床墊）:HK$462']"
徐州海逸國際大酒店,9.1,"['副樓-舒適雙床房:HK$221', '豪華標準間:HK$401', '豪華大床房:HK$412', '行政標準房:HK$445', '行政大床房:HK$456']"
錦江都城（徐州火車站蘇寧廣場楚都店）,9.3,"['時尚商務房+投屏電視:HK$298', '精緻雙床房:HK$310', '精緻商務房+投屏電視:HK$310', '精緻清氧商務房+空氣凈化器:HK$344', '風雅商務房+迷你小冰箱:HK$390']"
城市精選酒店（徐州彭城廣場富國街店）,9.4,"['標準大床房（英倫風情+乾濕分離）:HK$351', '標準雙床房（英倫風情+乾濕分離）:HK$375', '高級大床房（明亮寬敞+舒適空間）:HK$382', '高級雙床房（明亮寬敞+舒適空間）:HK$390']"
徐州雲龍湖麗芮酒店,9.6,"['芮享高級大床房（戴森吹風機+舒達床品）:HK$474', '芮享豪華大床房（戴森吹風機+舒達床品）:HK$506', '芮享高級雙床房（戴森吹風機+舒達床品）:HK$539', '芮享豪華雙床房（戴森吹風機+舒達床品）:HK$572', '芮享商務雙床房（戴森吹風機+舒達床品）:HK$605']"
徐州漢園賓館,9.3,"['標準大床房:HK$365', '標準雙床房:HK$366', '豪華大床房:HK$410', '豪華雙床房:HK$421', '豪華深睡大床房:HK$453']"
白玉蘭酒店（徐州蘇寧廣場店）,9.4,"['靜逸大床房:HK$359', '輕雅大床房:HK$379', '舒雅大床房:HK$409', '舒雅雙床房:HK$419']"
徐州淮海鬱錦香酒店,9.7,"['妙趣雅緻大床房:HK$375', '妙趣愉夢雙床房:HK$375', '趣享陽光雙床房:HK$438', '趣享湖景大床房:HK$444', '温馨家庭房:HK$711']"
徐州淮海路希爾頓歡朋酒店,9.5,"['舒適雙床房:HK$452', '高級大床房:HK$500', '高級雙床房:HK$500', '豪華大床房:HK$519', '歡朋套房:HK$769']"
徐州雲龍萬達廣場漫心酒店,9.7,"['雅緻大床房（冰箱+智能客控+KINGKOIL床墊）:HK$321', '心怡大床房（冰箱+智能客控+朝陽落地窗+KINGKOIL床墊）:HK$340', '心享豪華雙床房（冰箱+智能客控+KINGKOIL床墊）:HK$340', '心悦高級大床房（冰箱+智能客控+KINGKOIL床墊）:HK$359', '心享經典大床房（冰箱+智能客控+KINGKOIL床墊）:HK$416']"
徐州雲龍萬達廣場亞朵酒店,9.7,"['高級大床房:HK$349', '高級雙床房:HK$349', '行政大床房:HK$403', '行政雙床房:HK$403', '行政城景大床房:HK$493']"
如家精選酒店（徐州淮海路中心店）,9.7,"['大床房（55寸電視投屏+0壓床墊+洗烘一體機）:HK$394', '商務大床房（55寸電視投屏+0壓床墊+洗烘一體機）:HK$411', '高級大床房（55寸電視投屏+0壓床墊+洗烘一體機）:HK$438', '安心睡安睡大床房（55寸電視投屏+0壓床墊洗烘一體機）:HK$464']"
徐州雲龍湖景區開元名庭酒店,9.6,"['名成高級大床房-小泰山山景（迷你冰箱-智能馬桶）:HK$414', '名成高級雙床房-小泰山山景（迷你冰箱-智能馬桶）:HK$447', '名成豪華大床房 --小泰山山景（迷你冰箱-智能馬桶）:HK$480', '名成豪華雙床房-小泰山山景（迷你冰箱-智能馬桶）:HK$513', '名成行政大床房-（智能馬桶+迷你冰箱）:HK$589']"
亞朵酒店（徐州市政府店）,9.6,"['高級大床房:HK$448', '高級雙床房:HK$448', '幾木大床房:HK$520', '幾木雙床房:HK$520', '親子雙床房:HK$646']"
桔子酒店（徐州火車站地鐵站環城路店）,9.8,"['高級大床房:HK$477', '商務大床房:HK$543', '雙床房:HK$617', '高級雙床房:HK$665']"
徐州雲龍希爾頓花園酒店,9.6,"['花園雙床房:HK$390', '花園大床房:HK$390', '花園無障礙房:HK$390', '花園高級雙床房:HK$453', '花園高級大床房:HK$453']"
徐州萬豪酒店,9.4,"['豪華大床房:HK$866', '豪華雙床房:HK$866', '豪華湖景大床房:HK$1,096', '豪華湖景雙床房:HK$1,096', '行政豪華雙床房:HK$1,109', '行政豪華大床房:HK$1,109']"
徐州彭城廣場黃河北路亞朵酒店,9.8,"['高級大床房:HK$332', '高級雙床房:HK$332', '行政雙床房:HK$376', '行政大床房:HK$376', '高級庭院大床房:HK$421']"
宜尚酒店（徐州蘇寧廣場店）,9.2,"['標準大床房:HK$319', '標準雙床房:HK$319', '高級大床房:HK$334', '高級雙床房:HK$334']"
徐州伊敦康得思酒店,9.6,"['高級大床房:HK$579', '高級雙床房:HK$579', '豪華湖景大床房:HK$673', '豪華湖景雙床房:HK$673', '行政城景大床房:HK$720', '行政城景雙床房:HK$720']"
維也納酒店（徐州淮海戰役紀念塔店）,9.5,"['高級大床房:HK$248', '高級雙床房:HK$274', '豪華大床房:HK$327', '豪華雙床房:HK$334']"
和頤酒店（徐州銅山萬達廣場店）,9.5,"['大床房A:HK$224', '大床房:HK$242', '雙床房:HK$251', '商務大床房:HK$294']"
徐州綠地皇冠假日酒店,9.5,"['高級房·雙床·花園景觀:HK$629', '高級房·大床·花園景觀:HK$629', '高級房·雙床·大龍湖景觀:HK$722', '高級房·大床·大龍湖景觀:HK$722', '豪華房·大床·俱樂部樓層:HK$908', '豪華房·雙床·俱樂部樓層:HK$908']"
