酒店名称,评分,房型价格列表
德陽孝源裏酒店（孝泉古鎮店）,9.8,"['孝源裏雙床房:HK$203', '孝源裏大床房:HK$222']"
漢瑞至友酒店（文廟廣場高鐵站店）,9.7,"['商務.智能大床房:HK$301', '嘉華.智能雙床房:HK$301', '棋牌.主題大床房A:HK$353', '錦華.歡樂家庭房:HK$353', '至友.公寓大床房:HK$429']"
岷山景韻大酒店（高鐵北站店）,9.7,"['精緻大床房·星馳（全屋語音控制+零壓乳膠床墊記憶枕）:HK$284', '巨幕影音大床房·星馳:HK$284', '精緻雙床房·星馳（全屋語音控制+零壓乳膠床墊記憶枕）:HK$295', '巨幕影音雙床房·星馳（全屋語音控制+零壓乳膠床墊記憶枕）:HK$295', '商務大床房·星河（全屋語音控制+零壓乳膠床墊記憶枕）:HK$316']"
逸尚東方酒店（德陽南公園店）,9.6,"['逸居大床房（65吋投屏電視+乾濕分離+記憶棉護頸枕 ）:HK$267', '逸居雙床房（65吋投屏電視+乾濕分離+記憶棉護頸枕 ）:HK$278', '逸雅影院雙床房:HK$289', '逸雅影院大床房（巨幕觀影+記憶棉護頸枕+智能馬桶 ）:HK$289', '逸景大床房（靜謐寬居+乾濕分離+記憶棉護頸枕）:HK$310']"
瑞景達酒店（德陽旌陽大學城南公園店）,9.5,"['高級文廟風･雙床房 ｢乳膠床墊･恆温座墊｣:HK$209', '高級文廟風･大床房 ｢乳膠床墊･恆温座墊｣:HK$221', '園景舒適･雙床房 ｢乳膠床墊･恆温座墊｣:HK$232', '園景舒適･大床房 ｢乳膠床墊･恆温座墊｣:HK$243', '超級･大床房 ｢2.4床單被套･乳膠床墊･恆温座墊｣:HK$254']"
馨居酒店（德陽電信廣場店）,9.2,"['特價大床房:HK$145', '特價雙床房:HK$179', '馨雅精品房（全屋智能+地暖+乳膠床墊+酒店公區提供自助洗衣房）:HK$233', '城景 陽光大床房:HK$254']"
德陽嘉仕達酒店（凱悦廣場店）,9.2,"['高級大床房:HK$201', '高級雙床房:HK$220', '商務大床房:HK$230', '特色主題房:HK$249', '豪華大床房:HK$316']"
南天温泉酒店（德陽旌陽區四川警官學院店）,9.0,"['高級大床房（獨立小冰箱+獨立辦公桌椅區）:HK$132', '高級雙床房（獨立小冰箱+獨立辦公桌椅區）:HK$132', '商務浴缸大床房（休閑沙發躺椅+獨立小冰箱）:HK$138', '豪華大床房（獨立小冰箱+獨立辦公桌椅區）:HK$144']"
如家精選酒店（德陽五洲廣場演藝中心店）,9.8,"['大床房（乳膠床墊）:HK$231', '商務大床房（乳膠床墊）:HK$264', '雙床房（乳膠床墊）:HK$264', '高級大床房（舒適沙發+乳膠床墊）:HK$291']"
德陽漢瑞酒店（德陽城市候機樓店）,9.7,"['商務大床房:HK$392', '商務雙床房:HK$392', '商務智能大床房:HK$459', '豪華大床房:HK$534', '豪華雙床房:HK$587', '福瑞大床房:HK$671']"
德陽名人酒店（德陽文廟體育場店）,9.5,"['雅緻雙床房（房外好景+採光通風）:HK$336', '優價大床房（歡樂無限）:HK$342', '雅緻大床房（八益床墊+輕盈好夢）:HK$347', '甄選行政雙床房（金可兒床墊+迷你冰箱）:HK$380', '甄選行政大床房（高空觀景+迷你冰箱+品牌超舒服床墊）:HK$382']"
錦聽連鎖.維亞精品酒店（德陽摩爾購物廣場店）,9.6,"['靜謐舒適大床房（酒店公區提供洗衣房+雙人辦公桌）:HK$140', '舒適空間雙床房（酒店公區提供洗衣房+雙人辦公桌）:HK$153', '滾來滾去圓床房（手機投屏+100寸4K投影）:HK$158', '躺平治癒大床房（深度睡眠+100寸4K投影+手機投屏）:HK$158']"
廣漢三星堆麗呈睿軒酒店,9.4,"['高級大床房（典雅尊享+雙人沙發+深度睡眠枕）:HK$227', '雅緻大床房（簡約時尚+温馨舒適+深度睡眠枕）:HK$293', '高級雙床房（乾濕分離區+深度睡眠枕+高層全景視野）:HK$334', '呈悦.園景房（輕奢風格+安靜舒適＋深度睡眠枕）:HK$335', '呈悦.城景房（雙人沙發+深度睡眠枕＋高層全景視野）:HK$356']"
德陽太平洋國際飯店,8.7,"['商務標間:HK$254', '商務單間:HK$254', '高級單間:HK$273', '高級標間:HK$281', '豪華標間:HK$334', '豪華單間:HK$340']"
德陽旌湖賓館（文廟廣場店）,9.5,"['舒適雙床房（金可兒深睡系統）:HK$261', '舒適大床房 （金可兒深睡系統）:HK$261', '高級大床房 （金可兒深睡系統）:HK$359', '高級雙床房（金可兒深睡系統）:HK$381']"
德陽旌湖國際酒店（文廟廣場店）,9.6,"['商務大床房B型:HK$392', '商務大床房（金可兒深睡系統+高端衞浴+護頸枕）:HK$487', '商務雙床房（金可兒深睡系統+高端衞浴+MINI冰箱）:HK$487', '180度湖景雙床房（遠眺城市地標+金可兒深睡系統）:HK$543', '180度湖景大床房（遠眺城市地標+金可兒深睡系統）:HK$543', '豪華行政大床房（雲端奢享湖景風光+超大泡泡浴缸）:HK$600']"
德陽領源酒店（摩爾廣場店）,9.7,"['傾心.大床房（全屋小度智能控制）:HK$163', '享浴·大床房（泡泡浴缸+全屋智能）:HK$174', '影院·大床房（VIP影庫隨心看+手機可投屏）:HK$195', '悦景·品茗大床房（飄窗茶台+開闊外景）:HK$198']"
德陽廣漢楓渡酒店,9.7,"['祕境大床房:HK$355', '純粹大床房:HK$442', '品味大床房:HK$525', '品味套房:HK$530', '質感家庭套房:HK$547']"
羅江柏悦酒店（1788商業廣場店）,9.1,"['特惠大床房:HK$176', '特惠雙床房:HK$176', '輕奢大床房:HK$202', '高級大床房:HK$219']"
德陽得福來酒店,9.5,"['特惠大床房:HK$271', '商務B型大床房:HK$325', '商務A型大床房:HK$347', '雙拼大床房:HK$380', '行政大床房:HK$402']"
如家商旅酒店（德陽體育場店）,9.6,"['大床房:HK$177', '商務大床房（乳膠床墊）:HK$194', '雙床房:HK$194', '高級大床房（乳膠床墊）:HK$211']"
德陽古堡酒店,9.0,"['水城特色大床房:HK$411', '水城寸野大床房:HK$458', '古堡林嶼雙床房:HK$489', '古堡林嶼大床房:HK$489', '水城煙潯雙床房:HK$509']"
德陽金凱利酒店,9.4,"['雅緻大床房:HK$246', '雅緻雙床房:HK$246', '高級大床房:HK$258', '高級雙床房:HK$268', '豪華雙床房:HK$289']"
星程酒店（德陽文廟店）,9.4,"['大床房【品牌床墊+電視投屏】:HK$218', '雙床房【品牌床墊+電視投屏】:HK$218', '高級大床房【品牌床墊+電視投屏】:HK$239', '高級雙床房【品牌床墊+電視投屏】:HK$239']"
德陽瑞麟·東方酒店（德陽高鐵站店）,9.6,"['商務大床房:HK$240', '特惠大床房:HK$240', '豪華雙床房:HK$258', '豪華大床房:HK$304', '零壓超大床房:HK$332']"
格林豪泰智選酒店（德陽文廟廣場店）,9.5,"['商務大床房:HK$179', '商務雙床房:HK$179', '高級雙床房:HK$237', '高級大床房:HK$237']"
宜必思酒店（德陽五洲廣場店）,9.6,"['大床房【護脊床墊|智能馬桶|便攜冰箱|高速投屏】:HK$274', '景觀雙床房【護脊床墊|智能馬桶|高速投屏】:HK$302', '景觀大床房【護脊床墊|智能馬桶|高速投屏】:HK$312', '商務雙床房【護脊床墊|智能馬桶|高速投屏】:HK$330']"
德陽凱拂菻大飯店,8.7,"['豪華雙床房:HK$265', '豪華大床房:HK$265', '豪華電腦房:HK$313', '豪華套房:HK$351', '豪華機麻套房:HK$455']"
德陽凱賓花園酒店（高鐵站店）,9.0,"['特色房:HK$170', '豪華單間:HK$214', '豪華標間:HK$236', '豪華機麻房:HK$258']"
楠山別苑野奢民宿（德陽店）,9.8,"['望山-北歐小屋大床房+榻榻米:HK$175', '晴川-私享獨棟陽光雙床房:HK$223', '水墨-私享獨棟庭院雙床房+超大投影:HK$223', '竹影-私享露台花園雙床觀景房+超大投影:HK$241']"
林棲袈舍,9.9,"['特惠景觀大床房:HK$388', '陽光復式親子房:HK$481', '庭院景觀雙床房:HK$574', '景觀複式大床房:HK$574']"
悦百季酒店,9.5,"['心悦特惠大床房:HK$194', '心悦雙床高清投影房:HK$209', '心悦豪華大床房:HK$209']"
怡佳優選酒店（德陽高鐵站店）,9.4,"['樂選丨迷你特惠單床房:HK$109', '悦享丨雅緻輕居大床房（深睡零壓床墊+可投屏電視+靜音輕膚被）:HK$130', '優享丨零壓舒適大床房（深睡零壓床墊+可投屏電視+靜音輕膚被+行政書桌）:HK$151', '優享丨零壓舒適雙床房（深睡零壓床墊+可投屏電視+靜音輕膚被+行政書桌）:HK$158']"
滙高精品酒店（城南大學城店）,9.4,"['精典大床房（酒店公區提供洗衣機）:HK$156', '精品大床房（酒店公區提供洗衣機）:HK$174', '精品機麻大床房（酒店公區提供洗衣機）:HK$174', '精品零壓大床房（酒店公區提供洗衣機+乳膠床墊）:HK$183']"
德陽蓮升酒店（文廟廣場店）,9.5,"['清新舒適大床房（酒店提供洗衣房）:HK$104', '城景大床房（酒店自助洗衣房+烘乾）:HK$121', '舒適雙床房（酒店自助洗衣房+烘乾）:HK$133', '悦享豪華大床房（酒店提供自助洗衣烘乾房+超大空間）:HK$144']"
莊升曉月園林酒店,9.8,"['園景合園套房:HK$1,474', '園景合院大床房:HK$1,474', '園景庭院套房:HK$1,659', '湖景庭院套房:HK$1,845', '園景私湯別墅大床房:HK$2,031', '甄選湖景私湯別墅:HK$2,031']"
雲瀾時光民宿,8.7,"['冰藍夢境投影儀大床房:HK$154', '帶廚房北歐風投影儀大床房+冰箱+洗衣機:HK$154', '摩洛哥影院大床房:HK$156', '中式影院大床房+巨幕投影+瓶裝水:HK$156']"
新程歡朋酒店（德陽文廟店）,9.3,"['特惠大床房（開闊外景+辦公桌）:HK$105', '美宿雙床房（酒店提供自助洗衣房+安靜舒睡）:HK$115', '美宿大床房（酒店提供自助洗衣房+辦公桌）:HK$115', '愜驛-璞悦逸居大床房（酒店提供自助洗衣房+辦公桌）:HK$139']"
7天優品Premium酒店（德陽五洲廣場工程職業技術大學店）,9.1,"['輕享大床房:HK$129', '優品大床房:HK$138', '優品雙床房:HK$147', '舒享大床房:HK$178']"
羅江凱聖豪酒店（1788商業廣場店）,8.1,"['雅緻圓床房:HK$193', '雅緻大床房:HK$193', '雅靜大床房:HK$247', '雅韻雙床房:HK$247']"
逸楠居民宿,9.4,"['標準雙床房:HK$114', '舒適大床房:HK$141', '温馨大床房:HK$148', '中式雙床房:HK$185']"
白月光城市民宿,8.8,"['標準大床房（暖氣開放、智能客控、大屏投影、騰訊視頻會員）:HK$162', '舒適大床房（暖氣開放、智能客控、超大屏投影、騰訊視頻會員）:HK$173', '標準雙床房（暖氣開放、智能客控，超大屏投影、騰訊視頻會員）:HK$173', '舒適雙床房（暖氣開放、智能客控，超大屏投影，騰訊視頻會員）:HK$183']"
德陽尚水緣商務酒店,8.9,"['豪華標準間:HK$173', '豪華大床房:HK$173', '棋牌大床房:HK$205']"
金滿佳民宿（孝泉店）,9.8,"['花園大床房:HK$131', '豪華大床房:HK$162', '花園豪華大床:HK$180', '花園豪華雙床房:HK$180']"
芸棲電競酒店,10.0,"['電競上下雙人間【4070super顯卡+14KF代i7+2k電競屏】:HK$137', '電競標間【4070super顯卡+14KF代i7+2k電競屏】:HK$164', '電競豪華大床房【4070super顯卡+14KF代i7+2k電競屏】:HK$169', '電競三人間【4070super顯卡+14KF代i7+2k電競屏】:HK$271']"
德陽溢州商務賓館,9.1,"['舒適大床房:HK$77', '特惠體驗房:HK$80', '豪華浪漫小屋大床房:HK$97', '舒適雙床房:HK$102']"
羅江區悦漫一酒店（工業科技學院店）,8.8,"['經濟大床房:HK$128', '舒適大床房:HK$141', '舒適雙床房:HK$146', '輕奢圓床房（浪漫星空）:HK$160']"
德陽故里民宿,9.5,"['豪華大床房（地暖）:HK$164', '豪華標準間:HK$174', '豪華麻將套房（地暖）:HK$257']"
羅江馨居優度酒店,8.9,"['舒適大床房:HK$150', '舒適雙床房:HK$150', '精緻大床房:HK$152', '精緻雙床房:HK$158']"
鑫之源賓館,10.0,"['舒適單間:HK$96', '標準雙床房:HK$108', '標準大床房:HK$118', '豪華雙人間:HK$130']"
