酒店名称,评分,房型价格列表
忻州宏瑞美華酒店（開來欣悦購物廣場店）,9.3,"['高級大床房 | 夢百合零壓床 | 大窗觀景:HK$260', '高級雙床房 | 夢百合零壓床 | 大窗觀景 |:HK$269', '豪華大床房 | 夢百合零壓床 | 大窗觀景:HK$287', '豪華雙床房 | 夢百合零壓床 | 大窗觀景:HK$296']"
忻州維也納國際酒店,9.2,"['高級大床房:HK$292', '高級雙床房:HK$314', '豪華大床房:HK$325', '豪華雙床房:HK$336', '行政套房:HK$434']"
忻州實習大酒店,9.3,"['商務大床房:HK$307', '豪華標準間:HK$338', '豪華大床房:HK$338']"
忻州新紫檀商務酒店（忻府區店）,9.3,"['甄選·舒適大床房【全屋智能客控+零壓深睡床品+55寸智能電視+人體工學辦公桌椅】:HK$289', '高級大床房【全屋智能+親膚床品+自由投屏+靜謐舒適】:HK$304', '高級雙床房【全屋智能+親膚床品+獨立WIFI+靜謐舒適】:HK$305', '臻選·舒適雙床房【全屋智能客控+零壓深睡床品+55寸智能電視+人體工學辦公桌椅】:HK$305']"
桃花島江湖温泉民宿酒店（忻州古城店）,9.9,"['忘憂|安逸大床房•進口洗護•零壓枕床•花園景觀•深睡眠:HK$471', '問劍|花園複式•浴缸温泉•家庭親子•歡朋品茗•智能零壓:HK$973', '逍遙|家庭温泉•下嵌方池•多人度假•高清觀影•智能零壓:HK$1,301', '至尊|私湯套房•全景視野•浴缸出片•歡樂棋牌•智能零壓:HK$1,301', '摘星|獨院温泉•親子家庭•下嵌方池•複式閣樓•智能零壓>:HK$1,301']"
知忻俯温泉民宿（忻州古城店）,9.4,"['慧遠居丨特惠丨全屋智能丨舒達床墊:HK$437', '管涔居丨特惠丨全屋智能丨舒達床墊:HK$493', '新興閣投影房丨全屋智能丨舒達床墊:HK$546', '禹王居丨親子家庭丨全屋智能丨舒達床墊:HK$655']"
拾宿·設計師·花園式古宅院落民宿（忻州古城店）,9.7,"['八端·智能高級雙床房:HK$654', '五華·觀影精品大床房:HK$764', '九玄·觀影智能大床房:HK$764', '二道·景觀智能大床房:HK$873']"
忻州古城次第花開民宿,9.6,"['温馨大床房:HK$348', '豪華大床房:HK$391', '豪華大床房（帶浴缸）:HK$446', '標準雙床房:HK$555', '獨棟雙床房帶泡池:HK$566']"
木白·精舍温泉度假酒店（忻州古城店）,9.8,"['庭院景觀丨陽光大床房「私湯温泉·Dyson吹風機·歐舒丹洗護·Sealy床墊·深睡枕·抗菌除蟎親膚布草·全屋智控」:HK$1,068', '一步一景丨愜意大床房「私湯温泉·Dyson吹風機·歐舒丹洗護·Sealy床墊·深睡枕·抗菌除蟎親膚布草·全屋智控」:HK$1,156', '院落竹韻丨輕奢大床房「私湯温泉·Dyson吹風機·歐舒丹洗護·Sealy床墊·深睡枕·抗菌除蟎親膚布草·全屋智控」:HK$1,265', '月不盡丨陽光大床房「露天温泉·Dyson吹風機·歐舒丹洗護·Sealy床墊·深睡枕·抗菌除蟎親膚布草·全屋智控」:HK$1,385', '花未眠丨家庭親子雙床房「私湯温泉·Dyson吹風機·歐舒丹洗護·Sealy床墊·深睡枕·抗菌除蟎親膚布草·全屋智控」:HK$1,407']"
如家商旅酒店（忻州古城店）,9.5,"['商務大床房:HK$394', '安心睡大床房:HK$428', '雙床房:HK$479', '安心睡雙床房:HK$513']"
花築·陌野月色温泉民宿（忻州古城店）,9.7,"['標準雙床房『全智能+慕思床墊+戴森吹風+法式香氛』:HK$464', '私湯特惠大床房『全智能+慕思床墊+戴森吹風』:HK$665', '私湯大床房『全智能+慕思床墊+戴森吹風』:HK$788', '私湯雙床房『全智能+慕思床墊+戴森吹風機』:HK$911']"
十三月溫泉民宿（忻州古城店）,10.0,"['庭院大床房 | 私湯温泉泡池:HK$1,042', '獨院▪大床房 | 私湯温泉泡池:HK$1,138', '庭院雙床房 | 私湯温泉泡池:HK$1,235', '尊享獨院▪家庭房||私湯温泉泡池:HK$1,272', '獨院▪家庭房 | 私湯温泉泡池:HK$1,524']"
忻州雲棲開元榮景酒店,9.5,"['榮景單人房:HK$383', '園景雙床房:HK$437', '河景雙床房:HK$503', '河景大床房:HK$569', '豪華大床房:HK$776']"
喆非鋭品酒店（忻州泛華城市廣場店）,9.3,"['品致大床房:HK$258', '品致雙床房:HK$258', '鋭意大床房:HK$305', '鋭意雙床房:HK$305', '鋭趣家庭房:HK$393']"
牧瑤温泉民宿（忻州古城店）,9.6,"['臻品大床房/全屋智能/温泉淋浴:HK$382', '臻品雙床房/全屋智能/温泉淋浴:HK$382', '高端商務大床房 /全屋智能/温泉淋浴:HK$420', '雲端露台大床房 /全屋智能/温泉淋浴:HK$420']"
如院温泉民宿（忻州古城店）,9.6,"['庭院景觀大床房|私湯温泉+泡泡活動+露天觀影:HK$980', '主題大床房|私湯温泉+泡泡活動+露天觀影:HK$1,016', '豪華景觀雙床房|私湯温泉+泡泡活動+露天觀影:HK$1,087', '超級滑梯Loft閣樓房|私湯温泉+泡泡活動+露天觀影:HK$1,222', '庭院親子房|私湯温泉+泡泡活動+露天觀影:HK$1,229']"
美豪酒店（忻州店）,9.5,"['精緻大床房:HK$322', '英倫風情大床房（可投屏）:HK$335', '維多利亞雙床房（可投屏）:HK$376', '榻榻米大床房（可投屏）:HK$378', '舒享影院雙床房（可投屏）:HK$398']"
忻州科瀾酒店（忻府區店）,9.5,"['瀾知雙床房:HK$326', '瀾定雙床房:HK$358', '瀾清大床房:HK$402', '瀾清雙床房:HK$402', '瀾靜大床房:HK$435']"
且慢湯泉康養民宿溫泉酒店（忻州古城店）,9.8,"['輕奢私湯大床房 · 通風落地窗户:HK$849', '獨院 · 私湯大床房 · 通風落地窗户:HK$927', '豪華私湯大床房 · 通風落地窗户:HK$981', '獨院 · 豪華私湯大床房 · 通風大窗户:HK$1,012']"
忻州澤亨酒店（開來欣悦廣場店）,9.2,"['逸緻優享雙床房:HK$249', '逸緻優享大床房:HK$261', '逸緻茶藝雙床房:HK$288', '雅緻茶藝雙床房:HK$317']"
觀山築陌野影宿酒店（忻州古城店）,9.2,"['特惠大床房:HK$152', '投影大床房:HK$167', '投影雙床房:HK$167', '温馨精緻大床房:HK$174']"
漢庭酒店（忻州建設南路店）,9.6,"['高級大床房（投屏電視）:HK$284', '高級雙床房（投屏電視）:HK$337', '家庭房（投屏電視）:HK$374']"
全季酒店（忻州雁門大廈店）,9.5,"['高級大床房:HK$422', '舒壓高級大床房:HK$472', '高級雙床房:HK$472', '商務雙床房:HK$523']"
蘭亭序温泉民宿（忻州古城店）,9.7,"['四合院私湯舒適雙床房 | 全屋智能:HK$711', '四合院私湯景觀大床房 | 全屋智能:HK$821', '四合院私湯景觀雙床房 | 全屋智能:HK$929', '庭院私湯豪華觀景大床房 | 全屋智能:HK$1,039']"
福田花雨温泉度假酒店（忻州古城店）,9.7,"['温泉私湯觀影雙床房:HK$721', '特惠温泉私湯大床房:HK$875', '温泉私湯觀影大床房:HK$918', '獨院·室內温泉私湯大床房:HK$1,247', '獨院·户外温泉私湯大床房（方池）:HK$1,247']"
顧家民宿（忻州古城店）,9.6,"['時光·主題大床房:HK$425', '賦雪·輕奢雙床房:HK$425', '朝露·歡樂親子房:HK$534', '茶堂·休閑套房:HK$644']"
花美時温泉酒店（忻州古城店）,9.5,"['花蕊大床房（全屋智能+3D零壓床墊+慢回彈護頸記憶枕+全智能馬桶）:HK$560', '花蕾雙床房（全屋智能零壓床墊+護頸記憶枕+智能馬桶）:HK$606', '思城大床房（全屋智能+3D零壓床墊+慢回彈護頸記憶枕+全智能馬桶）:HK$606', '思城家庭房（全屋智能+3D零壓床墊+慢回彈護頸記憶枕+全智能馬桶）:HK$695', '花蕾複式房（温馨閣樓+私密小童屋）:HK$695']"
陌上輕居酒店（忻州開來購物廣場店）,9.7,"['風韻大床房:HK$180', '雅緻雙床房:HK$227', '雅緻大床房:HK$229', '品學大床房:HK$230', '品學雙床房:HK$230']"
四十九｜禪意風·天然溫泉·民宿（忻州古城店）,9.6,"['修繕·晨露｜圓缸雙床房『獨立小院.温泉私湯』:HK$1,410', '唯心·悠然｜景觀大床房『温泉私湯·落地窗茶台』:HK$1,638', '如露·無念·本初｜親子家庭房『温泉私湯泡池』:HK$1,852']"
尚客優酒店（忻州站店）,9.1,"['智能觀影大床房（100寸投影幕布+智能語音客控）:HK$274', '智能豪華雙床房（智能語音客控+品牌床墊）:HK$307', '智能豪華大床房（智能語音客控+品牌床墊）:HK$363', '智能豪華套房（智能語音客控+獨立客廳+品牌床墊）:HK$415']"
東成里民宿（忻州古城店）,9.8,"['棲桃·畫堂春朝露大床房（高清影視+180觀景窗）:HK$185', '知秋·餘歡觀雲雙床房（全屋智能+高清影視+落地窗）:HK$213', '樸境·歸心日照大床房（智能家居+落地窗+LED化粧鏡）:HK$223', '禪意·棲子閣觀影大床房（智能家居+百寸投影+落地窗）:HK$223']"
雲沐温泉度假酒店,9.2,"['雲悦·優致雙床房:HK$983', '雲享·雅緻私湯雙床房:HK$1,540', '攬月問月邀月.奢華大床房:HK$1,737', '攬月問月邀月·奢華雙床房:HK$1,737', '雲見·沐風私湯雙床房:HK$1,912', '雲見·沐風私湯大床房:HK$1,912']"
安隱温泉度假酒店（忻州古城店）,9.8,"['古韻四合·特惠私密大床房:HK$643', '小美滿·酣暢甜睡大床房:HK$840', '窯洞・豪華景觀親子房:HK$861', '庭院景觀·雙床房:HK$873', '古韻四合·親子房:HK$939']"
中輝星睿公寓酒店（忻州新建南路店）,8.5,"['豪華尊享大床房:HK$258', '豪華尊享雙床房:HK$277', '豪華複式家庭房:HK$305']"
Shano・山禾・悅上溫泉度假民宿（忻州古城店）,10.0,"['Shano・山禾丨 庭院大床房【温泉私湯・親膚浴缸】:HK$519', 'Shano・山禾丨 巨幕投影大床房【温泉私湯・親膚浴缸】:HK$741', 'Shano・山禾丨 沐陽・樹屋家庭房【温泉私湯・親膚浴缸】:HK$1,207', 'Shano・山禾丨 朧月・舒睡套房【温泉私湯・親膚浴缸】:HK$1,207']"
忻州花溪温泉民宿（忻州古城店）,9.8,"['沐陽1104|舒適雙床房||全屋智能|慕思零壓床墊:HK$392', '沐陽1102|私湯温泉大床房|全屋智能|慕思零壓床墊|浴缸:HK$401', '沐陽1103|私湯温泉雙床房|全屋智能|慕思零壓床墊|浴缸:HK$436', '沐陽1105|豪華雙床家庭房|全屋智能|慕思零壓床墊:HK$436']"
海瀾瑾程酒店（忻州一中店）,9.2,"['商務標準間:HK$162', '主題大床房:HK$162', '行政標準間:HK$189', '榻榻米大床房:HK$189']"
夏日星坤民宿（忻州古城店）,10.0,"['豪華大床房（全屋智能+私人影院+落地窗）:HK$195', '豪華雙床房（全屋智能+深睡床墊）:HK$210', '麻將雙床房（全屋智能+深睡床墊+棋牌桌）:HK$210', '三悦瀾景室（4人套房）:HK$929']"
漢庭酒店（忻州和平中街店）,9.5,"['大床房:HK$207', '高級大床房:HK$235', '高級雙床房:HK$254', '家庭房:HK$292']"
忻州漢鼎國際酒店,8.1,"['商務雙床房:HK$201', '商務大床房:HK$255', '舒適三人房:HK$395', '親子家庭套房:HK$576']"
忻州泛華酒店主題部,9.2,"['主題樓商務標間:HK$?', '主題樓商務大床:HK$?']"
五台山大酒店（忻州高鐵站開來欣悦購物廣場店）,9.3,"['蘭逸私享雙床房 | 全屋智能 | 茶藝空間 | 舒適好眠:HK$304', '蘭沁豪華雙床房 | 全屋智能 | 茶藝空間 | 舒適好眠:HK$326', '蘭錦行政雙床房 | 全屋智能 | 茶藝空間 | 舒適好眠:HK$359', '蘭錦行政大床房 | 全屋智能 | 茶藝空間 | 超大床墊 | 舒適好眠:HK$370']"
忻州鳳棲小院民宿（忻州古城店）,9.9,"['特價榻榻米:HK$207', '大床房:HK$282', '標準間:HK$309']"
忻州雲景酒店（職業技術學院店）,9.0,"['雅緻·特惠房:HK$167', '雅緻·舒適大床房:HK$196', '書香清雅大床房:HK$204', '雲景精品零壓大床房:HK$211']"
忻州銀洋商務酒店（忻州高鐵站店）,9.4,"['商務雙床房（乾濕分離+席夢思床墊+蕎麥枕）:HK$271', '商務大床房（乾濕分離+席夢思床墊+蕎麥枕）:HK$271', '智能豪華雙床房（乾濕分離+智能房+電磁爐+洗菜池+304不銹鋼鍋+迷你小冰箱+進口泰國乳膠床墊）:HK$370', '智能豪華大床房（乾濕分離+智能房+電磁爐+洗菜池+304不銹鋼鍋+迷你小冰箱+進口泰國乳膠床墊）:HK$370']"
七間房民宿（忻州古城店）,9.6,"['精緻標間:HK$156', '景觀大床房:HK$184', '豪華標間:HK$184']"
梧桐宿（忻州古城店）,9.9,"['豪華雙床房雲水間:HK$195', '豪華家庭房棲間堂:HK$260']"
忻州華夫悦酒店（忻州西站店）,9.4,"['商務標準間:HK$350', '商務大床房:HK$387', '行政大床房:HK$398', '行政標準間:HK$423', '行政套房（浴缸+一次性浴缸套+浴球+蒸汽眼罩）:HK$711']"
維也納國際酒店（忻州雁門大道店）,9.7,"['商務雙床房:HK$314', '商務大床房:HK$326', '特價大床房:HK$341', '純凈大床房:HK$362', '純凈雙床房:HK$372']"
九渡温泉民宿（忻州古城店）,9.6,"['舒適中式大床房:HK$435', '精品中式大床房:HK$544', '精品中式暖炕房:HK$544', '精品中式雙床房:HK$544']"
