酒店名称,评分,房型价格列表
揚州隱居瘦西湖温泉度假酒店,9.4,"['靜享温泉大床房（私湯入户）:HK$907', '靜享温泉雙床房（私湯入户）:HK$1,032', '庭院温泉大床房（私湯入户）:HK$1,189', '庭院温泉雙床房（私湯入户）:HK$1,305', '園景温泉大床房（私湯入户）:HK$1,446', '園景温泉雙床房（私湯入户）:HK$1,522']"
揚州鳳隱梧桐温泉度假酒店（鳳凰島生態旅遊區店）,9.2,"['舒適大床房:HK$542', '沐野温泉舒適大床房（浴缸温泉）:HK$609', '沐野温泉舒適雙床房（浴缸温泉）:HK$609', '沐野私湯舒適大床房（泡池温泉）:HK$756', '沐野私湯舒適雙床房（泡池温泉）:HK$756']"
方序·FANGXU·民宿,9.6,"['輕和榻榻米房[ins風設計+全屋智能+投影+徠芬吹風機]:HK$434', '輕悦大床房[ins風設計+全屋智能+投影+徠芬吹風機]:HK$527', '輕逸雙床房[ins風設計+全屋智能+投影+徠芬吹風機]:HK$561', '輕語浴缸大床房[ins風設計+全屋智能+投影+徠芬吹風機]:HK$617']"
揚州東高鐵站中青國際酒店,9.5,"['中青標準大床房（全屋智能+助眠零壓枕）:HK$275', '商務舒適大床房（全屋智能+助眠零壓枕）:HK$360', '商務舒適雙床房（全屋智能+助眠零壓枕）:HK$366', '陽光豪華大床房（全屋智能+助眠零壓枕）:HK$405', '中青0壓舒適大床房（全屋智能+夢百合床墊+枕頭）:HK$405']"
隱陌半尺花園酒店（揚州東關街文昌閣店）,9.0,"['豪華大床房:HK$241', '豪華雙床房:HK$278', '四水歸堂—豪華親子房:HK$324', '一品大員官邸—隱陌棋牌房:HK$603']"
竹隱花緣度假酒店,9.9,"['Villa湖景樹屋:HK$643', 'Loft森林樹屋:HK$752', '園林庭院豪華雙床房:HK$862', '園林庭院豪華大床房:HK$862', '園林庭院家庭套房:HK$1,408']"
重構·冰甌館人文度假民宿（揚州東關街店）,9.5,"['大隱於市·內庭·大床房:HK$697', '四水歸堂·串樓·雙床房:HK$764', '四水歸堂·庭院·大床房:HK$808', '小隱觀己·內庭·大床房:HK$920', '五嶽朝天·親子·LOFT大床房:HK$963', '進士及第·串樓·大床房:HK$1,030']"
揚州迎賓館,9.5,"['萬芳園3號樓A區標準間:HK$655', '萬芳園3號樓大床房:HK$655', '萬芳園3號樓親子房:HK$655', '萬芳園3號樓B區標準間:HK$731', '萬芳園3號樓豪華大床間:HK$797', '萬芳園3號樓景觀雙床房:HK$797']"
揚州東關街何園香樟樹酒店,9.8,"['摘月超級視野古運河風光景觀陽台電動大床房:HK$411', '觀塵竹景氧吧大床房:HK$443', '雙棲竹景氧吧親子雙床房:HK$555', '悦色古運河風光景觀雙床房:HK$634', '歸私隱域親子家庭房:HK$678']"
夜泊君亭·揚州瘦西湖度假酒店,9.8,"['綴白·園景雙床房:HK$769', '涵秋·園景四季大床房:HK$769', '浯溪·庭院雙床房:HK$839', '芹溪·庭院四季大床房:HK$909', '芸台·園景家庭房:HK$979', '倚晴·園景四季家庭房:HK$1,119']"
揚州敍棠温泉度假村,9.2,"['私湯露台舒適雙床房:HK$545', '私湯庭院大床房:HK$654', '私湯景觀露台大床房:HK$654', '私湯庭院雙床房:HK$654', '私湯景觀露台雙床房:HK$654', '私湯庭院奢逸大床房:HK$1,091']"
揚州一二山居民宿（瘦西湖店）,9.8,"['北院·大床房（全屋暖氣+戴森吹風機）:HK$481', '見山·大床房（全屋暖氣+巨幕投影+戴森吹風機）:HK$481', '松風· 大床房（全屋暖氣+巨幕投影+戴森吹風機）:HK$632', '日夕·大床房（全屋暖氣+巨幕投影+戴森吹風機）:HK$632']"
揚州東關街何園輕居酒店,9.6,"['標準大床房（普蘭特床墊+祖瑪瓏洗護沐+慢回彈記憶枕）:HK$296', '高級大床房（普蘭特床墊+亞朵深睡枕+祖瑪瓏洗護沐）:HK$332', '標準雙床房（普蘭特床墊+祖瑪瓏洗護沐+慢回彈記憶枕）:HK$350', '高級雙床房（普蘭特床墊+亞朵深睡枕+祖瑪瓏洗護沐）:HK$385']"
揚州瘦西湖同派酒店,9.4,"['趣享大床房:HK$425', '趣享雙床房:HK$502', '趣享套房:HK$862', '趣享庭院套房:HK$1,081']"
揚州瘦西湖畔花間堂·新潮裏,9.8,"['幾靜大床房:HK$754', '茉竹庭院大床房:HK$801', '夢溪語豪華超大床房:HK$820', '斜日豪華陽台大床房:HK$848', '涵碧高級陽台大床房:HK$895', '閲翠高級陽台大床房:HK$939']"
揚州東關街長樂客棧,9.4,"['長樂雙床房:HK$413', '長樂大床房:HK$413', '街南雙床房:HK$468', '街南大床房:HK$468', '糖果飛屋親子大床房:HK$523']"
瘦西湖中集行政公寓酒店,9.5,"['高級大床房（臻眠裸感床品+慕思床墊+Mini吧）:HK$490', '高級雙床房（臻眠裸感床品+慕思床墊+Mini吧）:HK$490', '豪華大床房（臻眠裸感床品+慕思床墊+Mini吧+浴缸）:HK$610', '豪華雙床房（臻眠裸感床品+慕思床墊+Mini吧）:HK$610', '行政大床房（臻眠裸感床品+慕思床墊+Mini吧+浴缸）:HK$665', '行政雙床房（臻眠裸感床品+慕思床墊+Mini吧+浴缸）:HK$665']"
內向酒店（揚州東關街店）,9.0,"['露台·觀景雙床房（觀秦淮河+古城全景）:HK$655', '露台·觀景大床房（觀秦淮河+古城全景）:HK$655', '露台·城景大床房（觀古城日落景，高層180°視野露台）:HK$765', '庭院·觀景大床房:HK$873', '庭院·秦淮河觀景大床房:HK$983']"
揚州東高鐵站美居酒店（京杭大運河店）,9.8,"['標準大床房-【65寸投影+戴森吹風機】:HK$453', '標準雙床房【Minibar+Simmons床墊】:HK$453', '高級大床房-【京杭夜韻+戴森吹風機】:HK$492', '高級雙床房【京杭韻景+MINIbar】:HK$492', '家庭房【親子高低護欄床+SIMMONS床墊】:HK$513']"
揚州晚清珍園酒店,9.8,"['珍園景觀豪華雙床房:HK$565', '珍園景觀豪華大床房:HK$565', '珍園景觀套房（按摩椅）:HK$764', '珍園星空露台景觀房（按摩椅+浴缸+露台搖椅）:HK$1,004', '珍園景觀家庭房:HK$1,004']"
揚州音你而來客棧（何園東關街店）,9.9,"['音樂之夢大床房[戴森吹風機+戴森凈化器+85寸4K電視]:HK$359', '音符之韻家庭套房[戴森吹風機+戴森凈化器+85寸4K電視]:HK$610', '音夢之旅親子套房[戴森吹風機+戴森凈化器+85寸4K電視]:HK$697']"
揚州君燁國際酒店,9.6,"['高級大床房 「落地景觀+65寸電視投屏」:HK$354', '高級雙床房 「落地景觀+65寸電視投屏」:HK$367', '景觀大床房 「遠眺七湖八島」:HK$558', '行政景觀大床房 「乳膠床墊+私享浴缸+智能馬桶」:HK$631', '豪華大床套房「俯瞰三河六岸」:HK$1,000']"
揚州東關街逸扉酒店,9.6,"['高級大床房⌈智能客控+智能潔具+徠芬吹風機+MiniBar⌋:HK$384', '豪華大床房⌈智能客控+絲漣床墊+徠芬吹風機+MiniBar⌋:HK$415', '豪華雙床房⌈智能客控+絲漣床墊+徠芬吹風機+MiniBar⌋:HK$447', '行政大床房⌈智能客控+絲漣床墊+戴森吹風機+MiniBar⌋:HK$479', '行政雙床房⌈智能客控+絲漣床墊+徠芬吹風機+MiniBar⌋:HK$512']"
揚州東高鐵站精英酒店,9.7,"['精英大床房【精巧雅緻+實居鮮享】:HK$360', '金灣雙床房【禪意棲居+金可兒床墊+戴森吹風機】:HK$370', '金灣大床房【禪意棲居+金可兒床墊+戴森吹風機】:HK$403', '萬福雙床房【廊亭甜韻+Minibar+助眠床枕+戴森吹風機】:HK$403', '萬福大床房【廊亭甜韻+Minibar+助眠床枕+戴森吹風機】:HK$436']"
揚州瘦西湖文昌中路亞朵酒店,9.8,"['高級大床房（普蘭特床墊+慢回彈記憶枕）:HK$430', '幾木大床房（普蘭特床墊+深睡枕）:HK$475', '高級雙床房（普蘭特床墊+慢回彈記憶枕）:HK$502', '高級套房（普蘭特床墊+慢回彈記憶枕）:HK$502', '幾木雙床房（普蘭特床墊+深睡枕）:HK$592']"
揚州瘦西湖萬豪萬楓酒店,9.5,"['標準大床房:HK$435', '豪華大床房:HK$467', '標準雙床房:HK$490', '花園景觀大床房:HK$606', '花園景觀雙床房:HK$661']"
揚州煙波裏湯池客舍（東關街小秦淮河店）,9.6,"['七絃社·露台大床房·明清:HK$464', '庖丁社·院景大床房·明清:HK$557', '將軍帳·loft親子房·唐:HK$649', '糊塗閣·浴缸大床套房·明清:HK$649']"
花築·巷往美學民宿（揚州東關街個園店）,9.8,"['吃吃看巷-大床房:HK$443', '達士巷-大床房:HK$443', '蒸籠巷-大床房:HK$443', '學府-大床房:HK$443']"
揚州迎賓館·運河三灣酒店（大運河博物館店）,9.5,"['水悦大床房:HK$544', '水悦雙床房:HK$544', '水韻雙床房:HK$576', '水韻大床房:HK$576', '水韻庭院雙床房:HK$960', '水韻庭院大床房:HK$960']"
揚州迎賓館（11號樓）,9.5,"['高級大床房:HK$764', '高級雙床房:HK$841', '園景大床房:HK$950', '家庭房:HK$950', '親子房:HK$950', '園景庭院大床房:HK$1,201']"
揚州西園飯店,9.6,"['清涼大床房:HK$501', '清涼雙床房:HK$501', '豪華大床房:HK$578', '豪華雙床房:HK$578', '雅緻大床房:HK$730', '尊享大床房:HK$753']"
水竹居小秦淮酒店（揚州瘦西湖東關街景區店）,9.4,"['小秦淮標間+全屋智能+零壓床:HK$185', '全景大床房+全屋智能+零壓床:HK$185', '水竹居大床房+全屋智能+零壓床:HK$193', '竹裏館榻榻米大床房+零壓床+投影:HK$193']"
花築奢·瓜洲古渡酒店（揚州張若虛紀念館店）,9.7,"['觀園大床房（挑空陽台+深泡浴缸+智能馬桶+冰箱）:HK$606', '觀園雙床房（園林湖景+智能馬桶+冰箱）:HK$642', '湖畔家庭房（園林湖景+智能馬桶+冰箱）:HK$691', '觀園套房（雙盥洗室+深泡浴缸+園景+智能馬桶+冰箱）:HK$837', '私享園景套房（獨立庭院+深泡浴缸+智能馬桶+冰箱）:HK$1,093']"
揚州香格里拉大酒店,9.4,"['豪華市景大床房-縱享活力都市景觀:HK$555', '豪華市景雙床房-縱享活力都市景觀:HK$555', '豪華湖景大床房-飽覽揚州園林景觀和迷人湖景:HK$617', '豪華湖景雙床房-飽覽揚州園林景觀和迷人湖景:HK$617', '小黃鴨湖景大床房:HK$847', '海底小縱隊湖景大床房:HK$847']"
揚州東關街皮市街梵麗影民宿,9.8,"['韻丘—露台景觀大床房（戴森吹風機+極米Z6X百寸投影）:HK$326', '雲染—露台大床房（戴森吹風機+豪華浴缸+百寸投影）:HK$371', '歸來—露台大床房（戴森吹風機+豪華浴缸+百寸投影）:HK$403', '楓溪—豪華特大床房（戴森吹風機+豪華浴缸+百寸投影）:HK$436']"
花築·揚州瑞芝園輕奢民宿（瘦西湖東關街店）,9.7,"['紫蘇標準雙床房:HK$486', '辛夷標準雙床房:HK$486', '橘絡-loft家庭房（沙發可展開+地暖）:HK$650', '空青-loft家庭房（沙發可展開）:HK$650']"
花築·東關裏客棧（揚州東關街個園店）,9.6,"['扶光·舒適大床房【新中式風】:HK$394', '望舒·舒適雙床房【新中式風】:HK$442', '坤靈·高級大床房【中式簡約風】:HK$442', '玉橋·高級雙床房【新中式風】:HK$480']"
萬斐·新空間酒店（揚州瘦西湖東關街店）,9.4,"['清氧雙床房:HK$250', '高級大床房:HK$250', '星空大床房:HK$294', '商務大床房:HK$294', '商務雙床房:HK$294']"
揚州皇冠假日酒店,9.6,"['皇冠高級房-雙床-城市景觀:HK$524', '皇冠高級房-大床-城市景觀:HK$524', '皇冠高級房 城市景觀:HK$569', '皇冠豪華房-雙床-湖景:HK$616', '皇冠豪華房-大床-湖景:HK$616', '皇冠行政房-大床:HK$729']"
揚州瘦西湖東關街美侖酒店,9.6,"['商務雙床房（電動窗簾+小冰箱）:HK$331', '商務大床房（電動窗簾+小冰箱）:HK$331', '豪華大床房（電動窗簾+小冰箱）:HK$352', '豪華雙床房（電動窗簾+小冰箱）:HK$352']"
揚州東關街個園漫心酒店,9.6,"['榻榻米房（Minibar+空氣凈化器+投影儀+金可兒床墊）:HK$341', '雅緻大床房（Minibar+金可兒床墊+投影儀）:HK$362', '心怡大床房（Minibar+金可兒床墊+電視投屏）:HK$381', '心悦高級大床房（Minibar+金可兒床墊+電視投屏）:HK$402', '心悦高級雙床房（Minibar+金可兒床墊+電視投屏）:HK$442']"
揚州東關街何園方寸客棧,9.8,"['清宿景觀大床房:HK$460', '方寸雅緻大床房:HK$547', '清宿豪華大床房:HK$547', '方寸景觀大床房:HK$623', '方寸標準雙床房:HK$625']"
揚州東關街古運河碼頭輕居酒店,9.7,"['舒適大床房:HK$350', '標準大床房:HK$350', '舒適標準房:HK$359', '標準雙床房:HK$359', '精選大床房:HK$412']"
揚州方正國際大酒店,9.7,"['商務雙床房:HK$416', '商務大床房:HK$426', '豪華雙床房:HK$463', '豪華大床房:HK$472', '超寬大床房:HK$472', '卡通主題家庭房:HK$565']"
揚州文昌路明月湖酒店,9.6,"['市景豪華雙床房:HK$401', '市景豪華大床房:HK$401', '湖景豪華大床房:HK$422', '湖景豪華雙床房:HK$422', '市景商務大床房:HK$525', '湖景商務大床房:HK$545']"
揚州瘦西湖Intercity城際酒店,9.8,"['城際大床房:HK$358', '城際高級大床房:HK$391', '城際雙床房:HK$412', '城際豪華大床房:HK$442', '城際高級雙床房（舒眠）:HK$453']"
揚州又見民宿（瘦西湖店）,9.6,"['荷月·大床房（小冰箱＋舒適床墊）:HK$295', '霜華·榻榻米大床房（小冰箱＋舒適床墊）:HK$295', '暢月·大床房（小冰箱＋舒適床墊）:HK$295', '暮冬·大床房（小冰箱＋舒適床墊）:HK$295']"
LAN·古巷設計酒店 （揚州東關街店）,9.3,"['觀影大床房【當貝智能投影儀+喜臨門乳膠零壓床墊+深度睡眠記憶枕】:HK$151', '設計大床房【喜臨門乳膠零壓床墊+深度睡眠記憶枕+高速吹風機】:HK$163', '設計觀影大床房【當貝智能投影儀+喜臨門乳膠零壓床墊+深度睡眠記憶枕】:HK$173', '設計雙床房【深度睡眠記憶枕+喜臨門乳膠零壓床墊】:HK$174']"
揚州恆春源大酒店（邗江萬達廣場店）,9.3,"['雙床房:HK$212', '商務標準間:HK$305', '豪華標準間:HK$370', '豪華大床房:HK$370', '雙卧親子房:HK$370']"
揚州廣陵有熊酒店,9.6,"['有熊高級雙床房:HK$738', '有熊庭院大床房:HK$738', '有熊豪華大床房:HK$738', '有熊庭院雙床房:HK$738', '有熊豪華庭院大床房:HK$837', '有熊庭院loft房:HK$935']"
