酒店名称,评分,房型价格列表
撫州保利華章希爾頓逸林酒店,9.2,"['無障礙房:HK$368', '逸林大床房:HK$368', '逸林雙床房:HK$368', '豪華逸林大床房:HK$422', '豪華逸林雙床房:HK$422', '行政大床房:HK$552']"
撫州鳳凰世紀名都大酒店,9.3,"['豪華雙床房:HK$319', '豪華大床房:HK$361', '豪華套房:HK$1,188', '鳳凰套房:HK$3,372', '總統套房:HK$8,396']"
格萊登連鎖酒店（撫州東華理工大學南區店）,9.5,"['零壓舒享大床房（零壓枕頭床墊+智能烘乾洗衣機+熟睡遮光窗簾）:HK$151', '甄選高級大床房（超柔親膚布草+實木隔音門+靜謐空間）:HK$162', '零壓舒享雙床房（零壓枕頭床墊+智能烘乾洗衣機+熟睡遮光窗簾）:HK$162', '零壓暢享大床房（零壓枕頭床墊+雙層隔音靜謐+温馨舒適）:HK$173']"
贛東賓館（撫州長運汽車總站店）,9.1,"['特惠單人間:HK$145', '雲享高層雙床房:HK$211', '雲享高層大床房:HK$225', '暢享影音雙床房:HK$233', '暢享影音大床房:HK$242']"
蔓蘭凱瑞酒店（撫州東站店）,9.5,"['悦享大床房:HK$229', '高級雙床房（1號樓）:HK$310', '高級雙床房（2號樓）:HK$310', '高級大床房（1號樓）:HK$315', '高級大床房（2號樓）:HK$315']"
撫州文昌裏儀廬民宿,9.2,"['商務標準間:HK$217', '豪華大床房:HK$247', '麻將標間:HK$247', 'Loft房:HK$292']"
王府酒店（撫州東華理工大學店）,9.5,"['雙床房:HK$193', '高級雙床房:HK$216', '高級大床房:HK$216', '家庭房:HK$274']"
撫州比亞迪開元名庭酒店,9.3,"['名成高級雙床房:HK$352', '名成高級大床房:HK$352', '名成豪華大床房:HK$395', '名成豪華雙床房:HK$406', '名成行政麻將房:HK$461']"
撫州仙蓋山温德姆至尊豪廷大酒店,9.0,"['園景大床房:HK$304', '園景雙床房:HK$304', '豪華大床房:HK$332', '萌趣親子雙床房:HK$425', '遨遊太空親子雙床房:HK$425']"
撫州榮譽國際酒店,9.3,"['特惠雙床房:HK$304', '特惠大床房:HK$304', '高級雙床房:HK$410', '高級大床房:HK$410', '豪華雙床房:HK$448', '豪華大床房:HK$448']"
撫州文昌裏尋夢•昌里民宿,9.5,"['邯鄲·複式親子房:HK$463', '紫釵·雙床房（帶茶几）:HK$499', '南柯·大床房:HK$513', '牡丹亭·一室一廳套房（帶浴缸+沙發）:HK$581']"
花之韻酒店（撫州一中店）,9.3,"['行政單人房（智能客控+舒適睡眠）:HK$169', '休閑麻將大床房:HK$176', '高級雙床房（記憶棉床墊+舒適睡眠）:HK$178', '高級大床房（記憶棉床墊+舒適睡眠）:HK$178']"
撫州鑽石廣場亞朵酒店,9.5,"['高級雙床房（裸麪床品+慢回彈記憶枕+手機投屏）:HK$278', '高級大床房（裸麪床品+慢回彈記憶枕+手機投屏）:HK$278', '行政雙床房（小吧枱+慢回彈記憶枕+手機投屏）:HK$304', '行政大床房（小吧枱+慢回彈記憶枕+手機投屏）:HK$304', '幾木城景大床房（小吧枱+深睡記憶枕+手機投屏）:HK$376']"
維也納酒店（撫州財富廣場市政中心店）,9.4,"['標準雙床房:HK$208', '標準大床房:HK$208', '豪華大床房:HK$253', '影音雙床房:HK$253']"
全季酒店（撫州財富廣場店）,9.6,"['高級大床房（65寸大屏可投屏電視+金可兒床墊）:HK$264', '高級雙床房（65寸大屏電視可投屏+金可兒床墊）:HK$264', '商務大床房（65寸大屏液晶電視可投屏+金可兒床墊）:HK$283', '高級特大床房（65寸大屏液晶電視可投屏+金可兒床墊）:HK$301']"
如家酒店·neo（撫州萬象新城天幕廣場店）,9.6,"['大床房:HK$161', '雙床房:HK$170', '商務大床間:HK$179', '高級大床房:HK$197']"
希岸·輕雅酒店（撫州臨川區政府臨川一中店）,9.4,"['希岸雅緻房:HK$168', '希岸高級大床房:HK$184', '希岸豪華大床房:HK$192', '希岸影音大床房:HK$192']"
撫州鑲玉樓酒店（臨川區南昌大學店）,9.3,"['輕享雅緻大床房（小度智能語音）:HK$157', '輕享雅緻雙床房（小度智能語音）:HK$157', '尊享豪華大床房（小度智能語音）:HK$167', '尊享豪華雙床房（小度智能語音）:HK$167']"
撫州海若清遠樓酒店,9.5,"['智慧舒適雙床房（全屋智能音控+功夫茶具）:HK$275', '智慧舒適大床房（全屋智能音控+功夫茶具）:HK$284', '智慧商務大床房（全屋智能音控+功夫茶具）:HK$309', '智慧商務套房（全屋智能音控+浴缸）:HK$435', 'B.duck小黃鴨（基礎版）親子套房:HK$474']"
花之韻酒店（撫州萬達廣場店）,9.5,"['標準雙床房（乳膠床墊+舒適睡眠）:HK$190', '行政單間（記憶棉床墊+舒適睡眠）:HK$218', '棋牌娛樂房（乳膠床墊+舒適睡眠）:HK$245', '輕奢大床房（零壓床墊+蕎麥枕頭）:HK$256']"
季楓智享酒店（撫州萬達廣場店）,9.2,"['雅緻大床房:HK$219', '雅緻雙床房:HK$219', '豪華大床房:HK$232', '豪華雙床房:HK$232']"
撫州財富廣場開元名庭酒店,9.4,"['名成高級大床房+智能中控+中國茶具+RICKS床墊:HK$337', '名成高級雙床房+智能中控+智能窗簾+RICKS床墊:HK$337', '名成豪華大床房+智能中控+中國茶具+RICKS床墊:HK$370', '名成豪華雙床房+智能中控+智能窗簾+RICKS床墊:HK$370', '名成行政景觀大床房+智能中控+超大落地窗+RICKS床墊:HK$425']"
翡翠洲際酒店（撫州財富廣場店）,8.9,"['高級大床房:HK$276', '高級雙人房:HK$276', '舒適無煙大床房:HK$326', '舒適無煙雙床房:HK$326', '影音智能大床房:HK$332']"
撫州君悦皇冠國際酒店,9.1,"['高級雙床房:HK$205', '高級大床房:HK$222', '行政大床房:HK$254', '豪華大床房:HK$257']"
維也納國際酒店（撫州東站店）,9.5,"['高級大床房（智能客控）:HK$244', '豪華雙床房（智能客控）:HK$277', '豪華大床房（智能客控）:HK$285', '豪華特大床房:HK$285', '商務雙床房（智能客控）:HK$302']"
麗楓酒店（撫州高鐵站銅鑼灣店）,9.4,"['特惠大床房（慕思床墊&空氣凈化器&音樂淋浴）:HK$214', '豪華大床房（慕思床墊&空氣凈化器&音樂淋浴）:HK$226', '豪華雙床房（慕思床墊&空氣凈化器&音樂淋浴）:HK$241', '商務大床房（慕思床墊&空氣凈化器&音樂淋浴）:HK$241']"
撫州臨川麗呈酒店,9.0,"['商務大床房:HK$238', '豪華大床房:HK$261', '豪華雙床房:HK$261', '豪華景觀大床房:HK$283', '豪華景觀雙床房:HK$283']"
麗楓酒店（撫州高鐵站華美立家店）,9.2,"['豪華大床房（音樂淋浴&薰衣草主題&智能客控）:HK$199', '豪華雙床房（音樂淋浴&薰衣草主題&智能客控）:HK$216', '景觀大床房（俯瞰城市夜景&休閑沙發&音樂淋浴）:HK$232', '景觀雙床房（俯瞰城市夜景&音樂淋浴）:HK$259']"
麗楓酒店（撫州萬達店）,9.5,"['高級大床房:HK$217', '豪華大床房:HK$245', '豪華雙床房:HK$251', '豪華影音雙床房:HK$276']"
怡尚酒店（撫州東站東信百貨店）,9.4,"['舒適·Good Dream大床房丨光線明亮丨安靜舒適:HK$174', '舒適·Good Dream雙床房丨光線明亮丨安靜舒適:HK$175', '商務·Good Dream大床房丨光線明亮丨寬敞舒適:HK$212', '商務·Good Dream雙床房丨光線明亮丨安靜寬敞:HK$212']"
尚客優悅酒店（三盛中央公園碩果時代店）,9.5,"['特惠大床房【零壓床墊.智能客控】:HK$169', '智能大床房【零壓床墊.智能客控】:HK$178', '優悦榻榻米大床房【零壓床墊.智能客控】:HK$187', '優悦智能雙床房【零壓床墊.智能客控】:HK$205']"
尚客優酒店（撫州文昌裏萬象城店）,9.4,"['高級大床房:HK$120', '高級雙床房:HK$127', '豪華大床房:HK$127', '豪華雙床房:HK$131']"
撫州汝水森林賓館,9.4,"['3號樓大床房:HK$322', '3號樓標準間:HK$322', '3號樓行政套房:HK$557']"
夢湖商務酒店（撫州臨川大道夢湖景區店）,8.7,"['特價單間:HK$86', '景觀標間:HK$123', '大單間:HK$135', '湖景標間:HK$149']"
撫州雲季酒店,9.5,"['高級大床房:HK$254', '高級雙床房:HK$254', '豪華大床房:HK$268', '豪華雙床房:HK$268', '麻將大床房:HK$332']"
撫州海賓酒店（夢湖東路店）,9.3,"['精緻丨高級大床房:HK$193', '精緻丨高級雙床房:HK$208', '豪華丨棋牌大床房:HK$208', '城景丨豪華雙人套房:HK$276']"
城市便捷酒店（撫州東華理工大學店）,9.2,"['標準大床房:HK$159', '高級大床房:HK$175', '高級雙床房:HK$175', '豪華大床房:HK$191']"
城市便捷酒店（撫州文昌裏撫州一中店）,9.0,"['特惠大床房:HK$129', '特惠雙床房:HK$129', '高級大床房:HK$137', '豪華大床房:HK$144']"
撫州雅居民宿,9.9,"['未來城標準大床房:HK$176', '豪華大床房7:HK$177', '精裝大床房22:HK$177', '精緻大床房6:HK$177']"
希岸酒店（撫州碩果購物廣場金巢實驗學校店）,9.5,"['希岸豪華大床房（獨享空間+盡享浪漫）:HK$201', '希岸豪華雙床房（品牌床墊+超大空間）:HK$219', '希岸純凈大床房（品牌床墊+温馨舒適）:HK$223', '希岸商務雙床房（品牌床墊+超大空間）:HK$231']"
撫州壹品電競酒店（華宏萬象新城店）,9.6,"['情侶閨蜜雙人電競大床房〔雲感床墊+32G運行內存+遊戲特權〕:HK$127', '甄選單人電競大床房〔雲感床墊+卓威顯示器+羅技鼠標〕:HK$127', '暢享雙人電競棋牌房〔機械臂+遊戲特權+雲感床墊〕:HK$144', '暢享三人電競棋牌房〔雲感床墊+歡樂競技+羅技鼠標〕:HK$167']"
維也納酒店（撫州臨川大道萬象新城店）,8.8,"['大床房:HK$146', '高級大床房:HK$158', '高級雙人間:HK$158', '豪華大床房:HK$179']"
星辰酒店（撫州東站店）,9.2,"['高級大床房（舒適沙發+寬敞明亮）:HK$235', '標準大床房（舒適沙發+開闊空間）:HK$249', '豪華大床房（光線明亮+優質床品）:HK$252', '高級雙床房（舒適沙發+乾濕分離）:HK$271']"
撫州永生璞琚酒店（大潤發第二人民醫院店）,8.7,"['安靜舒適雙床房【美式加厚床墊+寬敞明亮】:HK$134', '安靜舒適大床房【美式加厚床墊+寬敞明亮】:HK$134', '現代時尚雙床房【人體工程學座椅】:HK$150', '愜意空間大床房:HK$160']"
開蔓酒店（撫州金巢大道大潤發店）,9.1,"['智能影音大床房:HK$182', '智能影音雙床房:HK$190', '豪華套房:HK$192', '智能影音棋牌雙床房:HK$228']"
7天酒店（撫州萬象新城店）,8.7,"['經濟房:HK$108', '自主大床房:HK$123', '自主雙床房:HK$135', '麻將大床房:HK$139']"
尚客優酒店（撫州碩果時代店）,9.1,"['標準大床房:HK$183', '豪華雙床房:HK$195', '豪華大床房:HK$206', '休閑麻將大床房:HK$239']"
格林豪泰酒店（撫州臨川一中智選店）,9.1,"['商務大床房:HK$163', '商務雙床房:HK$172', '雙床房（附屬樓）:HK$185', '高級大床房棋牌:HK$209']"
如家素柏·雲酒店（撫州市南昌大學紅星美凱龍店）,9.2,"['標準商務房+高級乳膠床墊:HK$120', '標準大床房＋高級乳膠床墊:HK$124', '標準雙床房+高級乳膠床墊:HK$125', '高級大床房+高級乳膠床墊:HK$155']"
撫州城市金品酒店（撫州一中店）,9.0,"['標準大床房「酒店公區提供洗衣房」:HK$98', '標準雙床房「酒店公區提供洗衣房」:HK$118', '臻品大床房「全屋智能＋品質用品」:HK$141', '臻品雙床房「全屋智能＋助眠床墊」:HK$153']"
