酒店名称,评分,房型价格列表
文昌金石國際大酒店,9.2,"['高級景觀大床房:HK$467', '高級景觀雙床房:HK$467', '豪華海景雙床房:HK$526', '豪華海景大床房:HK$526', '智能優眠海景大床房（智能床）:HK$568', '智能優眠海景雙床房（智能床）:HK$568']"
花築·文昌雲捲雲舒海景花園民宿,9.7,"['温馨雙床房:HK$851', '温馨大床房:HK$851', '側窗海景雙床房:HK$1,300', '温馨親子雙床房+獨立小院子:HK$1,446']"
柏曼酒店（文昌中學高鐵站店）,9.3,"['舒適大床房:HK$169', '高級大床房:HK$189', '高級雙床房:HK$189', '智能高級大床房:HK$210']"
麗呈雲漫酒店（文昌高鐵站文南老街店）,9.4,"['雲-影音大床房（零壓床墊）:HK$182', '雲-舒雅雙床房（零壓床墊）:HK$182', '雲-暢眠雙床房（智能控制+零壓床墊）:HK$200', '雲-暢玩棋牌房（零壓床墊）:HK$200']"
漢庭酒店（文昌文蔚路店）,9.6,"['大床房:HK$217', '高級雙床房:HK$235', '高級大床房:HK$235', '商務大床房:HK$263']"
文昌晉唐維景國際大酒店,8.1,"['園景雙床房:HK$333', '園景親子房:HK$370', '海景家庭房:HK$384', '海景雙床房:HK$426', '海景大床房:HK$426']"
麗楓酒店（文昌店）,9.6,"['標準大床房（慕思床墊+定製香氛洗護+藍牙音響）:HK$277', '標準雙床房（慕思床墊+定製香氛洗護+藍牙音響）:HK$285', '豪華大床房（慕思床墊+定製香氛洗護+藍牙音響）:HK$285', '豪華雙床房（慕思床墊+定製香氛洗護+藍牙音響）:HK$293']"
文昌南國温德姆花園酒店,9.3,"['花園雙床房:HK$420', '花園大床房:HK$420', '温德姆海景雙床房:HK$512', '温德姆海景大床房:HK$512', '親子海景房:HK$604', '零壓助眠海景大床房（可調節升降床墊）:HK$604']"
海南文昌麗亭酒店,9.9,"['雅痞活力大床房:HK$333', '雅痞活力雙床房:HK$333', '雅痞都市大床房:HK$366', '雅痞都市雙床房:HK$366', '雅痞精英大床房:HK$468']"
文昌南洋美麗滙智選假日酒店,9.5,"['高級大床房:HK$474', '無障礙高級大床房:HK$523', '高級房雙床:HK$523', '高級房大床更大空間:HK$523', '奇遇VR沉浸大床房（專屬視娛空間+遊戲天地）:HK$552']"
美林假日酒店（文昌中學高鐵站店）,9.6,"['陽光大床房（冷暖中央空調、康乃馨鴨絨被芯、記憶枕及床上用品、65寸電視機可投屏、智能馬桶及窗簾；零壓床墊）:HK$223', '靜謐陽光大床房（冷暖中央空調；康乃馨鴨絨被、記憶枕及床上用品；65寸電視機可投屏；智能馬桶及窗簾；零壓床墊）:HK$230', '陽光雙床房（冷暖中央空調；康乃馨鴨絨被、記憶枕及床上用品；65寸電視機可投屏；智能馬桶及窗簾；零壓床墊）:HK$237', '豪華陽光特大床房（冷暖中央空調；康乃馨鴨絨被芯、記憶枕及床上用品；65寸電視機可投屏；智能馬桶及窗簾；零壓床墊）:HK$237']"
文昌鳳凰城大酒店,8.9,"['特惠大床房:HK$150', '標準雙人房:HK$163', '標準大床房:HK$163', '麻將雙人房:HK$235']"
城市精選酒店（文昌鳳凰城店）,9.2,"['標準大床房:HK$162', '高級大床房:HK$176', '高級雙床房:HK$176', '豪華大床房:HK$189']"
星航雲漫酒店（航天現代城文蔚路店）,9.1,"['雲-智享大床房-航天元素-零壓記憶枕-智能客控-飄窗:HK$255', '雲-智享雙床房【宇航記憶枕-雲端入睡】:HK$269', '漫-尊享影音大床房-影音投屏-航天元素-零壓記憶枕:HK$312', '雲-温馨景觀大床房-航天元素-零壓記憶枕-智能客控:HK$341']"
文昌雲漫里民宿（龍樓石頭公園店）,9.4,"['隨心（大床房）:HK$315', '伴山（海岸線日落大床房）:HK$394', '雲宿（親子家庭房）:HK$404', '浮光（精品雙床房）:HK$404']"
福樓朗岳酒店（文昌龍樓航天城店）,9.8,"['温馨大床房【零壓乳膠床墊+100%全棉貢緞床品+小冰箱】:HK$374', '花園景觀大床房【落地窗+觀花園+深睡枕頭深睡床墊】:HK$398', '城景精品雙床房【小鎮景觀+舒適沙發榻+小冰箱】:HK$411', '遠山海景精品大床房【觀椰林+沙發榻+深睡枕深睡床墊】:HK$423']"
文昌魯能雲居酒店,9.3,"['點墨舒適大床房（舒適闊境 + 愜意雙人沙發+小度音箱）:HK$555', '采葛複式套房（LOFT超大娛樂空間+室內浴缸）:HK$947']"
麗智詩畔酒店,8.7,"['輕奢悠享雙床房:HK$143', '輕奢悠享大床房:HK$155', '雅緻江景大床房:HK$167', '雅緻江景雙床房:HK$179']"
如家酒店（文昌龍樓航天城店）,9.5,"['高級大床房（55寸投屏電視+徠芬吹風機+獨立冷暖空調）:HK$273', '雙床房（55寸投屏電視+徠芬吹風機+獨立冷暖空調）:HK$273', '安睡雙床房（石墨烯床墊+慢回彈記憶枕+55寸投屏電視）:HK$280', '高級雙床房（55寸投屏電視+徠芬吹風機+獨立冷暖空調）:HK$294']"
推門見海別墅,9.5,"['椰瀾·三疊:HK$1,015', '海嶼·四合:HK$1,278']"
山嶼海康養酒店（文昌高隆灣店）,9.1,"['藍慕.高級觀景大床房:HK$301', '聽瀾.輕奢觀景雙床房:HK$301', '黃昏曉.趣享瞰海海景家庭房:HK$377', '蔚藍水岸.奢華一線瞰海海景套房:HK$442']"
歸園田僑舍智慧酒店（文昌中學店）,9.2,"['雅居榻榻米雙床房:HK$197', '酣然入夢搖籃房:HK$197', '搖窕淑女情侶影院大床房:HK$202', '茅屋草舍田園房:HK$208']"
寶邸1992民宿,9.6,"['鏡春園:HK$359', '燕南園:HK$359', '勺園:HK$359', '蔚秀園:HK$556']"
文昌東走西走咖啡民宿,9.4,"['清心｜商務雙床房:HK$361', '茶語｜景觀大床房:HK$361', '淺雲｜日式大床房:HK$911', '禪語｜輕奢大床房:HK$911']"
魯能·來宿山海天自營民宿（淇水灣店）,9.4,"['鼓樂山廬-園景兩房（獨立廚房可做飯）:HK$411', '嶺岸山築-園景三房（園林景觀+雙衞）:HK$467', '天和星樞-觀禮兩房（陽台可看發射）:HK$489', '月汐海居-海景三房（180°海景+雙衞）:HK$557']"
文昌好年華商務大酒店,8.7,"['行政大床房:HK$201', '豪華大床房:HK$212', '豪華雙床房:HK$219', '娛樂大床房:HK$297']"
陶然智能HOTEL（大致坡店）,9.3,"['優享商務大床房|智能客控:HK$152', '雅緻豪華大床房|智能客控:HK$173', '雅緻豪華雙床房|智能客控:HK$184', '雅緻豪華特大床房‖智能客控:HK$195']"
觀瀾灣旅居·美亞登酒店,8.8,"['美悦特價雙床房（超大空間+獨立陽台 ）:HK$120', '美悦大床房（超大空間+獨立陽台 ）:HK$144', '美悦雙床房（超大空間+獨立陽台 ）:HK$144', '美雅親子房（超大空間+獨立陽台 ）:HK$162']"
如家酒店·neo（文昌航天現代城文蔚路店）,9.4,"['商務大床房:HK$178', '高級雙床房:HK$187', '高級大床房:HK$195', '家庭房:HK$203']"
維也納國際酒店（文昌店）,9.5,"['高級大床房（採光舒適+房間寬敞）:HK$314', '高級雙床房（採光舒適+房間寬敞）:HK$314', '景觀大床房（高層風景+採光舒適+房間寬敞）:HK$330', '景觀雙床房（高層風景+採光舒適+房間寬敞）:HK$330', '行政大床房（觀景陽台+城市景觀＋房間寬敞）:HK$355']"
文昌航天椰林灣酒店,9.0,"['雅緻雙床房:HK$191', '豪華大床套房:HK$213', '景緻大床房:HK$213', '豪華雙床套房:HK$241']"
文昌魯能希爾頓酒店,9.3,"['希爾頓客房大床房（1樓）:HK$488', '希爾頓客房雙床房（1樓）:HK$488', '豪華景觀大床房:HK$542', '豪華景觀雙床房:HK$542', '星奇寶貝親子大床房:HK$542', '星奇寶貝親子雙床房:HK$542']"
文昌凱盛美季酒店,9.0,"['雅韻精選大床房（採光明亮+房間寬敞+色調舒適可投屏）:HK$141', '露台精選大床房（採光明亮+房間寬敞+色調舒適可投屏）:HK$146', '露台精選雙床房（採光明亮+房間寬敞+色調舒適可投屏）:HK$150', '雅韻精選雙床房（採光明亮+房間寬敞+色調舒適可投屏）:HK$150']"
如家NEO-文昌文南老街孔廟沿江路店,9.3,"['高級雙床房（55寸可投屏電視+獨立冷暖空調）:HK$189', '高級大床房（55寸可投屏電視+獨立冷暖空調）:HK$189', '零壓大床房（釋壓床墊+記憶枕）:HK$214', '零壓雙床房（釋壓床墊+記憶枕）:HK$214']"
全季酒店（文昌火車站大潭路店）,9.5,"['大床房:HK$299', '雙床房:HK$318', '高級大床房:HK$327', '商務大床房:HK$355']"
文昌兆壯酒店,9.2,"['風情雙床間:HK$156', '市井大床房:HK$167', '親子房:HK$185', '閨蜜大床房:HK$190']"
格萊登酒店（文昌中學文建路店）,9.6,"['舒心特惠大床房:HK$140', '舒心特惠雙床房（高端飲用水）:HK$140', '貼心高級大床房:HK$162', '貼心高級雙床房:HK$162']"
海韻民宿（文昌航天大道店）,10.0,"['海景隱居-雙床房:HK$202', '海景悦築-大床房:HK$226', '海景雅緻-麻將套房:HK$250', '觀景雙床-椰子屋:HK$371']"
喜年華酒店（文昌中學店）,8.9,"['年華·雅緻大床房【採光明亮+放心住】:HK$138', '年華·高級大床房【採光明亮+房間寬敞】:HK$152', '年華·高級雙床房【採光明亮+房間寬敞】:HK$183', '文中·城景雙床房【暢享觀影+品質床墊】:HK$197']"
吾鄉·享雲公寓&民宿酒店,8.5,"['田園雙標房:HK$308', '森林景觀大床房:HK$318', '獨立浴缸大床房:HK$329', '大屏幕大床房:HK$329']"
海邊有個院子民宿,9.7,"['若水旁三居別墅（棋牌+麻將）:HK$985', '雲水謠四居別墅（家庭聚會+露天燒烤）:HK$1,466', '沐晨光獨棟別墅（觀火箭發射+賞日出日落）:HK$1,544']"
文昌康嘉逸居椰鄉園酒店,8.1,"['園景標準間房:HK$175', '園景麻將大床房:HK$193', '海景標準間房:HK$193', '海景大床房:HK$203']"
初漸酒店（文昌高鐵站文南老街店）,9.8,"['靜謐雙床房（零壓床墊丨記憶枕丨投屏電視丨智能客控）:HK$150', '城景雙床房（零壓床墊丨記憶枕丨投屏電視丨智能客控）:HK$177', '雅緻大床房（零壓床墊丨記憶枕丨投屏電視丨智能客控）:HK$185', '豪華大床房（零壓床墊丨記憶枕丨投屏電視丨智能客控）:HK$212']"
海岸金城大酒店（文昌高鐵站文南老街店）,8.8,"['豪華大床房（超大停車場）:HK$163', '豪華雙床房:HK$186', '豪華家庭房:HK$202', '豪華棋牌雙床房:HK$209']"
凱利亞智能酒店（大致坡鎮店）,9.3,"['特惠影視大床房:HK$162', '智能大床房:HK$191', '智能雙床房:HK$205', '影視大床房:HK$205']"
文昌伴海院子別墅,9.1,['輕奢3居別墅（燒烤團建）:HK$895']
青橙民宿（文昌清瀾半島店）,9.8,"['軍港之夜海景大床房G2-1319:HK$278', '航天椰夢海景大床房:HK$278', '軍港之夜海景雙床房:HK$278', '【SUNRISE黎明】主題海景投影大床房:HK$278']"
金品賓館,9.7,"['標準大床房:HK$140', '標準雙人間:HK$140', '麻將雙床房:HK$184']"
文昌維嘉國際大酒店,9.0,"['輕奢大床房:HK$272', '輕奢雙床房:HK$272', '主樓行政大床房:HK$279', '主樓行政雙床房:HK$279', '海底世界親子房:HK$348']"
文昌億嘉國際大酒店,7.4,"['青芒-行政大床房:HK$144', '青芒-行政雙床房:HK$151', '鸞鳴-文軒大床房（陽台）:HK$182', '鸞鳴-文軒雙床房（陽台）:HK$195']"
