酒店名称,评分,房型价格列表
新餘融城大飯店,9.5,"['商務大床房:HK$282', '商務雙床房:HK$282', '影音遊戲大床房【騰訊START雲遊戲暢玩】:HK$287', '0壓豪華大床房（夢百合0壓床墊+0壓記憶枕）:HK$318', '豪華大床房:HK$348', '豪華雙床房:HK$348']"
新餘開元頤居酒店,9.6,"['頤享舒適雙床房:HK$293', '頤享舒適大床房:HK$304', '頤享高級雙床房:HK$315', '頤享高級大床房:HK$326', '頤享豪華雙床房:HK$326']"
新餘行政中心亞朵酒店,9.5,"['高級大床房（智能客控+手機投屏+裸棉床品+深睡記憶枕）:HK$305', '高級雙床房（智能客控+手機投屏+裸棉床品+深睡記憶枕）:HK$332', '行政大床房（智能客控+手機投屏+裸棉床品+深睡記憶枕）:HK$332', '行政雙床房（智能客控+手機投屏+裸棉床品+深睡記憶枕）:HK$359', '行政城景大床房（小冰箱+水吧+智能客控+手機投屏+裸棉床品+深睡記憶枕）:HK$376']"
希岸酒店（新餘高鐵站紫金城店）,9.7,"['希岸大床房（全屋智能+手機投屏+夢百合零壓床墊）:HK$231', '希岸豪華雙床房（全屋智能+手機投屏+夢百合零壓床墊）:HK$239', '希岸豪華大床房（全屋智能+手機投屏+夢百合零壓床墊）:HK$247', '希岸景觀大床房（全屋智能+手機投屏+夢百合零壓床墊）:HK$255']"
全季酒店（新餘勞動北路店）,9.7,"['高級大床房:HK$269', '商務雙床房:HK$286', '商務大床房:HK$295', '豪華大床房:HK$312']"
歡漫酒店（新餘站抱石公園店）,9.5,"['高級大床房（65寸大電視+小度智能音箱+晚安人體工學舒眠0壓床墊+超柔親膚布草）:HK$308', '高級雙床房（全屋智能+夢百合人體工學舒眠0壓床墊+超柔親膚布草+迷你冰箱）:HK$315', '商務大床房（辦公沙發+夢百合人體工學舒眠0壓床墊+超柔親膚布草+迷你冰箱+全屋智能）:HK$315', '豪華雙床房（真皮沙發+夢百合人體工學舒眠0壓床墊+超柔親膚純棉布草+智能冰箱）:HK$324', '影院大床房（巨幕超級VIP影院+夢百合人體工學舒眠0壓床墊+迷你冰箱+全屋智能）:HK$341']"
白玉蘭酒店（新餘暨陽中山路店）,9.4,"['靜逸大床房:HK$190', '舒雅大床房:HK$199', '智能舒雅大床房:HK$207', '舒雅雙床房:HK$223']"
新餘御天城開元名庭酒店,9.4,"['名成豪華大床房【智能客控+裸棉床品+落地窗+乾濕分離】:HK$350', '名成-商務大床房【智能客控+智能馬桶+冰箱+手機投屏+裸棉床品】:HK$387', '名成-商務雙床房【智能客控+智能馬桶+冰箱+手機投屏+裸棉床品】:HK$387', '名成-行政大床房【智能客控+智能馬桶+氧吧機+冰箱+手機投屏+裸棉床品+落地窗+無煙樓層】:HK$442', '名成親子房【智能客控+智能馬桶+冰箱+手機投屏+浴缸】:HK$496']"
新鋼集團袁河賓館,9.5,"['雅緻雙床房:HK$271', '雅緻大床房:HK$271', '商務雙床房:HK$293', '商務大床房:HK$293', '行政大床房:HK$326']"
仙女湖沁廬度假酒店,9.0,"['標準雙床房:HK$326', '高級雙床房:HK$490', '高級大床房:HK$490', '高級庭院雙床房:HK$621', '高級庭院大床房:HK$621']"
新餘朝文財富酒店,9.2,"['高級大床房（斯里百蘭床墊+智能窗簾+抗菌親膚布草）:HK$270', '豪華大床房（斯里百蘭床墊+智能窗簾+抗菌親膚布草）:HK$288', '豪華雙床房（斯里百蘭床墊+智能窗簾+抗菌親膚布草）:HK$288', '商務大床房（斯里百蘭床墊+智能窗簾+抗菌親膚布草）:HK$335', '商務雙床房（斯里百蘭床墊+智能窗簾+抗菌親膚布草）:HK$335']"
格菲酒店（新餘勝利北路火車站店）,9.3,"['影音大床房（百寸屏幕高清觀影+深睡記憶棉枕）:HK$142', '格菲大床房（乳膠床墊+深睡記憶枕+親膚布草+貴妃椅）:HK$152', '格菲雙床房（乳膠床墊+深睡記憶枕+親膚布草）:HK$163', '格菲棋牌套房（乳膠床墊+深睡記憶枕+親膚布草+功夫茶具）:HK$217']"
新餘仙女湖天沐温泉度假酒店,9.4,"['竹林園景雙床房:HK$718', '遠山雙床房:HK$718', '園景雙床房:HK$743', '園景大床房:HK$743', '園景豪華雙床房:HK$836', '園景豪華大床房:HK$836']"
麗楓酒店（新餘站一中店）,9.7,"['雅緻大床房【智能客控+釋壓減震乳膠床墊+小度音箱】:HK$289', '雅緻雙床房【智能客控+釋壓減震乳膠床墊+小度音箱】:HK$289', '豪華大床房【智能客控+釋壓減震乳膠床墊+純棉親膚布草+小度音箱】:HK$305', '豪華雙床房【智能客控+釋壓減震乳膠床墊+純棉親膚布草+小度音箱】:HK$305']"
四·季雲頂酒店（仰天崗西大道店）,9.4,"['精品大床房:HK$218', '精品雙床房:HK$218', '豪華大床房:HK$240', '豪華雙床房:HK$240']"
仙女湖山水居度假酒店,9.3,"['商務大床房:HK$307', '商務標間:HK$307', '豪華標間:HK$350', '豪華大床房:HK$350']"
新餘·皇廷假日酒店,9.4,"['精緻·高級深睡雙床房:HK$159', '精緻·高級甜睡大床房:HK$169', '智能·零壓輕奢大床房「躺平沙發+手機投屏+小度全屋智能+喜臨門0壓床墊」:HK$192', '智能·零壓輕奢雙床房「辦公桌椅+喜臨門0壓床墊+小度全屋智能+無線投屏」:HK$192']"
維也納國際酒店（新餘人民廣場店）,9.6,"['臻禮大床房（安心睡+愉夢床墊）:HK$187', '標準大床房（獨立WiFi+茶歇區）:HK$199', '高級大床房（舒適助眠鵝絨枕+獨立WiFi）:HK$217', '高級雙床房（舒適助眠鵝絨枕+愉夢床墊）:HK$217']"
新餘天使精品酒店（贛西民俗風情街中山路店）,9.6,"['臻選豪華雙床房（靜心舒眠+寬敞明亮+舒壓床墊）:HK$193', '臻選豪華大床房（靜心舒眠+寬敞明亮+舒壓床墊）:HK$201', '臻品商務雙床房（極致空間+舒壓床墊+親膚布草+投屏）:HK$231', '臻品商務大床房（極致空間+親膚布草+舒壓床墊+投屏）:HK$237']"
泊心書院（新餘仙女湖店）,10.0,"['庭院景觀大床房:HK$744', '庭院景觀雙床房:HK$751', '江景景觀大床房:HK$963', '江景景觀雙床房:HK$971', '童趣榻榻米親子房:HK$1,399']"
新餘廣城萬信至格酒店,9.4,"['舒適雙床房:HK$163', '舒適大床房:HK$163', '萬信行政大床房:HK$207', '萬信行政雙床房:HK$207', '親子家庭房:HK$239']"
維也納3好酒店（新餘新欣大道人民醫院店）,9.5,"['高級大床房:HK$220', '高級雙床房:HK$228', '景觀大床房:HK$261', '景觀雙床房:HK$261']"
城市便捷酒店（新餘一中仙來東大道店）,9.7,"['智能標準大床房【全屋智控】:HK$196', '智能高級大床房【全屋智控+城市夜景】:HK$212', '智能高級雙床房【全屋智控+城市夜景】:HK$212', '智能商務大床房【全屋智控+安靜】:HK$230']"
仙女湖雋恆度假村,9.3,"['高級雙床房:HK$402', '高級大床房:HK$402', '精品雙床房:HK$435', '精品大床房:HK$435', '精品套房:HK$532']"
漢庭酒店（新餘市政府店）,9.4,"['高級大床房:HK$202', '商務大床房:HK$222', '商務雙床房:HK$222', '豪華家庭房:HK$241']"
希岸酒店（新餘江西工程學院青年路店）,9.7,"['玲瓏大床房（全屋智能+手機投屏+零壓床墊）:HK$189', '玲瓏雙床房（全屋智能+手機投屏+零壓床墊）:HK$203', '希岸豪華大床房（全屋智能+手機投屏+零壓床墊）:HK$203', '希岸豪華雙床房（全屋智能+手機投屏+零壓床墊）:HK$217']"
攜程度假農莊（地球倉新餘聯營店）,9.5,"['林地山景大床房（現代風+升降床+落地玻璃+户外露台）:HK$764', '半山鄉愁大床房（自然風+遠眺山景+落地玻璃+大露台）:HK$764', '半山鄉愁雙床房（自然風+遠眺山景+落地玻璃+大露台）:HK$854', '覽山隱居大床房（全景落地玻璃+超大露台+戴森吹風）:HK$961', '隱居浴缸大床房（自然風景浴缸+大露台+全景落地玻璃）:HK$1,001']"
陳香迎賓館（新餘市政府仙來公園店）,9.4,"['特惠雙床房:HK$148', '特惠大床房:HK$171', '高級雙床房:HK$173', '高級大床房:HK$178', '親子雙床房（全家同住）:HK$210']"
宜尚酒店（新餘火車站抱石公園店）,9.3,"['豪華大床房（通透明亮）:HK$186', '高級大床房（安靜舒適）:HK$188', '豪華雙床房（寬敞明亮+高層視野）:HK$204', '城景大床房（高層觀景房+視野明亮）:HK$204']"
維也納酒店（新餘凱光店）,9.4,"['高級大床房:HK$193', '豪華大床房:HK$218', '豪華雙床房:HK$218', '愉夢大床房:HK$234']"
維也納國際酒店·新餘高新店,9.6,"['高級大床房:HK$267', '高級雙床房:HK$275', '豪華大床房:HK$293', '豪華雙床房:HK$302', '景觀大床房:HK$304']"
江畔麗致·Staying｜城市獨棟影院酒店（新欣南大道袁河醫院店）,8.9,"['奢畔·悠享大床房「雲朵輕柔床品｜乾濕分區」:HK$118', '奢畔·悠享雙床房「雲朵輕柔床品｜乾濕分區」:HK$118', '空間·森氧大床房「全景視野｜乾濕分區」:HK$129', '空間·森氧雙床房「全景視野｜乾濕分區」:HK$129']"
維也納酒店（新餘仙女湖大道萬商紅產業新城店）,9.5,"['高級大床房【全屋智控+霧化玻璃+手機投屏】:HK$236', '豪華大床房【全屋智控+霧化玻璃+手機投屏】:HK$253', '豪華雙床房【全屋智控+霧化玻璃+手機投屏】:HK$253', '行政大床房【全屋智控+霧化玻璃+手機投屏】:HK$269']"
泊心雲舍（新餘仙女湖店）,10.0,"['水系景觀大床房:HK$1,508', '江景湯池庭院別墅:HK$1,836', '江景湯池庭院別墅（雙床）:HK$1,845', '江景湯池複式庭院別墅:HK$2,164', '江景湯池複式庭院別墅（雙床）:HK$2,173', '江景湯池複式庭院別墅（榻榻米）:HK$2,383']"
亞悦酒店（新餘火車站店）,8.6,"['智能高級大床房（喜臨門乳膠床墊+深睡零壓枕+全屋智能客控）:HK$165', '智能高級雙床房（喜臨門乳膠床墊+深睡零壓枕+全屋智能客控）:HK$174', '智能商務大床房（全屋智能客控+機器人送物）:HK$174', '智能商務雙床房（全屋智能客控+機器人送物）:HK$182']"
柏曼酒店（新餘站抱石公園店）,9.3,"['高級大床房（寬敞明亮採光視野好+舒適安靜）:HK$117', '豪華大床房（寬敞明亮採光視野好+舒適安靜）:HK$142', '豪華雙床房（寬敞明亮採光視野好+舒適安靜）:HK$142', '舒適雙床房（寬敞明亮採光視野好+舒適安靜）:HK$156']"
星呈酒店（新餘一中暨陽店）,9.0,"['特惠大床房（雅蘭乳膠床墊+公區提供自助洗衣房）:HK$158', '特惠雙床房（雅蘭乳膠床墊+公區自助洗衣房）:HK$158', '特惠圓床房（公區自助洗衣房）:HK$166', '高級大床房（雅蘭乳膠床墊+公區提供自助洗衣房）:HK$174']"
麗姆酒店（抱石公園店）,9.4,"['愉夢大床房（全屋智能+酒店公區提供自助洗衣機）:HK$139', '愉夢雙床房（全屋智能+酒店公區提供自助洗衣機）:HK$139', '高級單間:HK$139', '景觀大床房（全屋智能+酒店公區提供自助洗衣機）:HK$161']"
新餘彩色村度假酒店,9.3,"['豪華標準間:HK$315', '豪華大床房:HK$326', '豪華行政雙人房:HK$348', '豪華親子房:HK$369']"
麗姆酒店（新餘江西工程學院天工校區店）,9.5,"['標準大床房:HK$148', '標準雙床房:HK$154', '豪華大床房:HK$157', '高級雙床房:HK$157']"
非繁城品酒店（新餘抱石公園店）,9.5,"['雅緻雙床房:HK$133', '雅緻大床房:HK$133', '非繁高級大床房:HK$152', '非繁高級雙床房:HK$152']"
柳暗花明民宿,9.7,"['復古風loft房:HK$217', '現代風loft房間:HK$261']"
新餘東湖四季酒店,9.0,"['高級大床房:HK$131', '高級雙床房:HK$137', '豪華大床房:HK$142', '豪華雙床房:HK$148']"
新餘星創電競酒店,8.5,"['電競浪漫大床房【鑽石特權+UU加速器+全屋智能】:HK$210', '高配電競雙床房【鑽石特權+UU加速器+全屋智能】:HK$210', '電競影音大床房【鑽石特權+UU加速器+全屋智能】:HK$221', '高配電競三人房【鑽石特權+UU加速器+全屋智能】:HK$304']"
新餘居尚酒店,8.0,"['精緻大床房（無窗）:HK$185', '精選大床房:HK$207', '尚選大床房:HK$250', '尚選雙人房:HK$250']"
湖心居民宿,9.7,"['舒適單間:HK$185', '舒適標間:HK$207', '舒適三人間:HK$228', '豪華麻將大床房:HK$228']"
青季酒店（新餘學院東興路店）,8.1,"['智舒大床房:HK$151', '智舒雙床房:HK$162', '智雅影視大床房:HK$173', '智雅雙床房:HK$173']"
萊茵荷漫居酒店（新餘御天城店）,8.4,"['特惠大床房:HK$138', '商務大床房:HK$156', '商務雙人房:HK$156', '豪華雙人房:HK$182']"
新餘美斯亞賓館,9.5,"['特價單間:HK$86', '舒適大床房:HK$97', '特價雙床房:HK$97', '豪華大床房:HK$108']"
新餘丹園賓館,9.0,"['標間:HK$193', '單間:HK$193']"
