酒店名称,评分,房型价格列表
拉吾塔布丨Mountain View·山川入夢·富氧山景酒店,9.4,['至尊特惠大床房【空調+10L高濃度零高反彌散供氧+加濕器】:HK$500']
日喀則·Enjoy艾斯麗家·富氧大酒店（神力時代廣場店）,8.8,"['温馨·零壓大床房（夢百合0壓舒睡深眠記憶棉靜音床墊+高原專用防寒羽絨被芯+人體工學乳膠枕+加濕器+智能觸控）:HK$237', '舒適·零壓大床房（夢百合0壓舒睡深眠記憶棉靜音床墊+高原專用防寒羽絨被芯+人體工學乳膠枕+加濕器+智能觸控）:HK$255', '舒享·零壓大床房（夢百合0壓舒睡深眠記憶棉靜音床墊+高原專用防寒羽絨被芯+人體工學乳膠枕+加濕器）:HK$288', '寬享·零壓豪華雙床房（夢百合0壓深眠靜音床墊+高原專用防寒羽絨被芯+人體工學乳膠枕+加濕器+智能觸控+電動窗簾）:HK$291']"
日喀則唐卡酒店（政務服務中心店）,8.4,"['藏式標準間（空調+加濕器）:HK$260', '藏式大床房（空調+加濕器）:HK$260', '豪華大床房（供氧+空調+加濕器）:HK$391', '豪華雙人間（供氧+空調+加濕器）:HK$391']"
麗楓酒店（日喀則店）,9.3,"['豪華雙床房（地暖+智能客控+ 加濕器）:HK$476', '豪華大床房（地暖+智能客控+ 加濕器）:HK$476', '純凈自然雙床房（地暖+空氣凈化器+加濕器+智能客控）:HK$535', '景觀雙床房（地暖+供氧+智能客控+加濕器+觀山景）:HK$535']"
麗楓酒店（扎什倫布寺店）,9.3,"['行政大床房（地暖+供氧）:HK$443', '豪華大床房（地暖+供氧）:HK$444', '純凈自然雙床房（地暖+供氧）:HK$478', '純凈自然豪華雙床房（地暖+供氧）:HK$478']"
日喀則希爾頓酒店,9.1,"['客房大床:HK$941', '客房雙床:HK$941', '無障礙客房:HK$941', '陽台大床房:HK$1,050', '陽台雙床房:HK$1,050', '庭院大床房:HK$1,158']"
日喀則市穆倫拉宗酒店（日喀則火車站店）,9.4,"['特價-商務標間:HK$546', '特價房-温馨迷你大床房:HK$599', '豪華雙床房（彌散式供氧+全屋智能語音控制）:HK$621', '豪華大床房（彌散式供氧+全屋智能語音控制）:HK$621', '尊品大床房（彌散式供氧+全屋智能語音控制）:HK$649']"
維也納國際酒店（日喀則火車站店）,9.5,"['豪華大床房（地暖+加濕器+全屋智控）:HK$643', '豪華雙床房（地暖+加濕器+全屋智控）:HK$643', '彌散供氧山景大床房（地暖+可觀山景+全屋智控+加濕器）:HK$685', '彌散供氧山景雙床房（地暖+可觀山景+全屋智控+加濕器）:HK$685', '供氧愉夢大床房（地暖+助眠晶石+全屋智控+加濕器）:HK$788']"
日喀則天臨大酒店,9.4,"['舒適雙床房:HK$424', '温馨大床房:HK$424', '商務三人間:HK$576', '商務四人間:HK$653', '行政大床房:HK$718']"
日喀則德青林大酒店,8.9,"['普通標間（附樓）:HK$154', '商務標準間:HK$180', '商務大床房:HK$187', '標準雙床房:HK$237']"
日喀則喬穆朗宗酒店,9.3,"['行政大床房（彌散式供氧+加濕器）:HK$1,401', '行政雙床房（彌散式供氧+加濕器）:HK$1,401', '温馨三人間（彌散式供氧+加濕器）:HK$1,638', '多功能豪華LOFT（彌散式供氧+加濕器）:HK$2,729']"
日喀則喜嘎央恰大酒店,8.7,"['豪華雙床房:HK$393', '豪華大床房:HK$415', '豪華三人間:HK$600', '豪華商務套間:HK$983']"
日喀則舍裏別院酒店,9.0,"['豪華雙床房:HK$665', '豪華大床房:HK$665', '禪·供氧行政大床房:HK$676', '禪·供氧行政雙床房:HK$676', '供氧行政大床房:HK$676']"
日喀則山東大廈,9.0,"['豪華標間:HK$562', '豪華單間:HK$562', '商務套房:HK$830']"
日喀則鑫滙賓館,8.2,"['商務大床房:HK$150', '標準間:HK$167']"
暖陽民宿,9.4,"['温馨五人間（男生床位）:HK$51', '四人間（男生床位）:HK$60', '女生八人間（床位）:HK$68', '標準雙人間:HK$140']"
楠溪別院酒店,5.8,"['豪華影視標準間:HK$238', '豪華影視大床房:HK$282']"
星旅酒店,5.8,"['大床房:HK$155', '標間:HK$166']"
日喀則鵬程水晶酒店,6.1,"['單人間:HK$174', '標準間:HK$174', '無窗標準間:HK$174', '豪華觀景三人間:HK$236']"
岷山卡嘎温泉酒店,8.6,"['特價大床房:HK$366', '精緻大床房:HK$439', '温馨雙床房:HK$454', '舒適雙床房:HK$454', '逸景大床房:HK$480']"
宜必思酒店（日喀則拉孜店）,9.5,"['大床房（無窗）（加濕器+零壓床墊）:HK$261', '雙床房（加濕器+零壓床墊）:HK$289', '舒壓-商務大床房（加濕器+零壓床墊）:HK$289', '舒壓-商務雙床房（加濕器+零壓床墊）:HK$317']"
江孜娘曲藏布莊園酒店,9.4,"['舒適雙床房:HK$521', '體驗雙床房:HK$521', '體驗大床房:HK$521', '藏式豪華大床間:HK$543', '藏式豪華雙床間:HK$543']"
雲左星光酒店（康馬店）,9.6,"['雲台大床房（供氧+智能馬桶+小度智控+加濕器+地暖）:HK$643', '雲端雙人房（供氧+智能馬桶+小度智控+加濕器+地暖）:HK$665', '沐陽三人房（供氧+智能馬桶+小度智控+加濕器+地暖）:HK$745', '暖陽豪華套房（供氧+智能馬桶+小度智控+加濕器+地暖）:HK$826']"
拉孜西部驛站酒店,9.1,"['大床房:HK$275', '雙床房:HK$285', '高級大床房:HK$296', '高級雙床房:HK$348']"
維也納酒店（拉孜珠穆朗瑪峯店）,8.9,"['高級大床房:HK$342', '高級雙床房:HK$342', '豪華大床房:HK$390', '豪華雙床房:HK$405']"
康馬御煌富氧酒店,9.2,"['逸緻零壓雙床房（彌散式供氧+零壓床墊＋加濕器+地暖）:HK$512', '雅緻零壓大床房（彌散式供氧+零壓床墊＋投影+地暖）:HK$512', '景緻零壓三人房（彌散式供氧＋投影＋加濕器）:HK$573', '零壓供氧豪華大套房（彌散式供氧+加濕器+地暖）:HK$611']"
吉山吉舍（珠峯大本營店）,9.8,"['吉舍富氧標間（加濕器+空氣源熱泵地暖）:HK$568', '吉舍富氧大床房（加濕器+空氣源熱泵地暖）:HK$568', '吉舍富氧景觀大床房（加濕器+空氣源熱泵地暖）:HK$618', '山河大地富氧大床房（加濕器+空氣源熱泵地暖）:HK$618']"
喜馬拉雅旅遊賓館,8.8,"['大床房（取暖氣+製氧氣+加濕器）:HK$281', '標準雙床房（取暖器+製氧氣+加濕器）:HK$282', '三人間（取暖器+製氧氣+加濕器）:HK$336']"
南木林沃爾頓酒店,9.1,"['行政商務高級標準間:HK$293', '高級大床房:HK$294', '豪華三人間:HK$370']"
山之極酒店（定日縣政府店）,9.6,"['高級大床房（彌散供氧+供暖+加濕器）:HK$685', '豪華大床房（彌散供氧+供暖+加濕器）:HK$708', '觀景大床房（彌散供氧+供暖+加濕器）:HK$730', '高級雙床房（彌散供氧+供暖+加濕器）:HK$730']"
南木林偉豪酒店,8.7,"['商務大床房:HK$336', '豪華大床房:HK$388', '商務標準間:HK$388', '豪華標準間:HK$453']"
雲天洲際酒店（吉隆店）,9.8,"['雲仰.臻選大床房（按摩椅+慕思床墊+加濕器+全屋智能）:HK$531', '雲落.雅緻大床房（按摩椅+加濕器+智能馬桶+全屋智能）:HK$566', '雲落.雅緻雙床房（按摩椅+加濕器+智能馬桶+全屋智能）:HK$580', '雲帆.高級大床房（按摩椅+加濕器+智能馬桶+全屋智能）:HK$697', '雲帆.高級雙床房（按摩椅+加濕器+智能馬桶+全屋智能）:HK$711']"
氧立方雲庭酒店,9.6,"['彌散供氧雲庭雙床房（全天供氧+全屋水暖+客房智控+零壓床墊+加濕器）:HK$622', '彌散供氧雲庭大床房（全天供氧+全屋水暖+客房智控+零壓床墊+加濕器）:HK$677']"
吉隆喬穆朗宗酒店,9.5,"['特價大床房:HK$500', '豪華大床房:HK$730', '豪華雙床房:HK$730', '行政大床房:HK$797', '行政雙床房:HK$797']"
平措康桑珠峯大本營富氧酒店,9.5,"['彌散供氧·智享零壓雙床房（手機投屏+自由加濕）:HK$948', '彌散供氧·智享零壓大床房（智能馬桶+品牌床墊）:HK$1,013', '彌散供氧·逸享零壓雙床房（恆温淋浴+休閑沙發）:HK$1,080', '彌散供氧·逸享零壓大床房（寬敞棲居+休閑沙發）:HK$1,167', '彌散供氧·一室一廳浴缸零壓套房（獨立會客區）:HK$1,626']"
珠峯勇士供氧酒店（珠峯小鎮店）,9.2,"['吉祥供暖瀰漫式供氧·雙床房:HK$290', '悦享供暖瀰漫式供氧-大床房:HK$290', '尊享供暖瀰漫式供氧-大床房:HK$314', '健康供暖瀰漫式供氧-家庭房:HK$359']"
湯東傑普大酒店,9.7,"['豪華大床房:HK$371', '豪華雙床房:HK$371', '高級大床房:HK$437', '湖景套房:HK$729']"
318商務酒店,8.6,"['供氧豪華大床房:HK$262', '供氧豪華雙床房:HK$262', '供氧豪華三人間:HK$326']"
康馬維納斯酒店,8.5,"['豪華大床房:HK$209', '豪華標間:HK$209', '豪華三人間:HK$332', '豪華套房:HK$344']"
薩迦縣羅哇酒店,8.5,"['經濟標準間:HK$325', '經濟大床房:HK$325', '豪華標準間:HK$411', '豪華大床房:HK$411']"
望山酒店,9.1,"['特惠温馨大床房（供氧，地暖，加濕器）:HK$492', '富氧觀景雙床房（地暖，供氧，加濕器）:HK$568', '富氧觀景大床房（地暖，供氧，加濕器）:HK$590', '望山富氧雙床房（可望雪山，地暖，供氧，加濕器）:HK$612']"
四季精品酒店,9.7,"['舒適温馨大床房:HK$260', '陽光山景雙床房:HK$370', '陽光山景豪華三床套房:HK$437']"
定結陽光富氧酒店,9.2,"['彌散舒適標準間（彌散氧氣+地暖+加濕器）:HK$391', '彌散舒適大床房（彌散氧氣+地暖+加濕器）:HK$391', '彌散舒適三人間（彌散氧氣+地暖+加濕器）:HK$445']"
拉隆嘎布酒店,8.1,"['標準大床房:HK$186', '標準雙床房:HK$195']"
珠峯瑞山金鼎富氧酒店,9.4,"['雲端雙床房（加濕器+全屋地暖）:HK$498', '雲暖富氧雙床房（加濕器+全屋地暖+彌散式供氧）:HK$519', '天際富氧大床房（加濕器+全屋地暖+彌散式供氧）:HK$519', '天際豪華富氧大床房（加濕器+全屋地暖+彌散式供氧）:HK$539']"
珠穆朗瑪國際酒店,9.6,"['雲端富氧大床房（加濕器+全屋水地暖+彌散式供氧）:HK$679', '雲端富氧雙床房（加濕器+全屋水地暖+彌散式供氧）:HK$679', '天際富氧大床房（加濕器+水地暖+彌散式供氧）:HK$679', '雪頂清氧大床房（無煙房）（加濕器+全屋水地暖+彌散式供氧）:HK$692', '天際富氧雙床房（加濕器+全屋水地暖+彌散式供氧）:HK$702']"
拉孜鑫都主題酒店,8.7,"['特惠大床房:HK$196', '精品雙床房:HK$226', '精品大床房:HK$238', '主題套房:HK$238']"
吉隆昆薩酒店,8.3,"['標準間:HK$260', '大床房:HK$336', '彌散式製氧房:HK$336']"
珠峯•泊心富氧酒店,9.8,"['温馨大床房（彌散氧氣+地暖+智能馬桶+加濕器）:HK$461', '尊享大床房（彌散氧氣+地暖+智能馬桶+乾濕分離+加濕器）:HK$483', '豪華雙人間（彌散氧氣+地暖+智能馬桶+乾濕分離+加濕器）:HK$483', '家庭親子房（彌散氧氣-地暖-智能馬桶-乾濕分離+加濕器）:HK$511']"
亞東平措康桑康養酒店,9.6,"['優享山景大床房「零壓床墊·加熱馬桶·辦公書桌」:HK$584', '優享山景雙床房「零壓床墊·加熱馬桶·辦公書桌」:HK$584', '悦享舒眠大床房「護眼枱燈·加熱馬桶·超大頂噴」:HK$666', '綠野仙蹤靜謐雙床房「小冰箱·休閑沙發·零壓床墊」:HK$728', '望山優選景觀大床房「小冰箱·休閑沙發·零壓床墊」:HK$728']"
