酒店名称,评分,房型价格列表
普洱森泉·養心逸境·輕奢度假美宿（茶馬古城店）,9.7,"['巨幕投影大床房+智能馬桶+漢斯格雅淋浴+乳膠枕:HK$548', '泉語·巨幕投影雙床房+智能馬桶+漢斯格雅淋浴+乳膠枕:HK$559', '青巒·茶台浴缸大床房+智能馬桶+漢斯格雅淋浴+乳膠枕:HK$703', '雙棲·Loft豪華大床房+智能馬桶+漢斯格雅淋浴+乳膠枕:HK$703']"
普洱德庭精品酒店（思茅區茶馬古城店）,9.7,"['優選高級大床房（房間好住+窗外好景）:HK$360', '暢享大床房（中草葯包泡腳桶+康乃馨床品）:HK$414', '優選高級雙床房（房間好＆窗外好景）:HK$414', '暢享雙床房（中草葯包泡腳桶+康乃馨床品）:HK$469', '悦享大床房（沐浴晨光+中草葯包泡腳桶+鵝絨被）:HK$469']"
普洱曼迪酒店,9.5,"['曼尊精品雙床房:HK$229', '曼享雅緻大床房:HK$232', '曼尊雅緻大床房:HK$250', '曼尊精品大床房:HK$262', '曼享精品雙床房:HK$267']"
普洱倚象山營地暨半山酒店,9.2,"['茶田·獨棟木屋大床房.帶户外露台:HK$1,846', '茶田·獨棟帳篷露台雙床房:HK$1,975', '茶田·獨棟帳篷大床房.帶户外露台:HK$1,975', '雲境·獨棟木屋大床房.帶户外露台:HK$2,113', '雲境·獨棟帳篷大床房·帶户外露台:HK$2,261']"
普洱隱心居·藝術酒店,9.0,"['雲隱青棲大床房（好眠記憶棉枕+小度全屋智能）:HK$210', '無隱青棲大床房（好眠記憶棉枕+小度全屋智能）:HK$210', '無隱清歡大床房A户型:HK$226', '無隱清歡大床房C户型（好眠記憶棉枕+小度全屋智能）:HK$245']"
夢景雅格酒店（思茅區茶馬古城店）,9.7,"['悠享•零壓雙床房:HK$535', '悠享•零壓大床房:HK$535', '靜享•雅緻大床房:HK$576', '靜享•雅緻雙床房:HK$576', '暢享•巨幕影院大床房:HK$644']"
普洱香土故事香印酒店（思茅茶馬古鎮店）,9.4,"['特惠房:HK$222', '街景陽光大床房（舒適·金可兒護脊床墊）:HK$260', '街景陽光雙床房（舒適·金可兒護脊床墊）:HK$273', '榻榻米特大床房（特大床·金可兒護脊床墊）:HK$303']"
普洱花弄裏酒店,9.2,"['禪意豪華大床房:HK$634', '花園水景大床房:HK$686', '庭院高級大床房:HK$752', '庭院豪華大床房（戴森吹風機）:HK$817', '禪意泡池大床房（戴森吹風機）:HK$894']"
朝林大酒店（普洱思茅區戴家巷古建築羣店）,9.5,"['福利寶藏房:HK$214', '睡到自然醒大床房（夜晚好眠+乾濕分離）:HK$235', '睡到自然醒雙床房（夜晚好眠+乾濕分離）:HK$246', '滾來滾去超級大床房:HK$266']"
錦泊酒店（茶馬古城店）,8.8,"['玉蕊特價房:HK$202', '雅緻雙床房:HK$223', '輕奢唯美雙床房:HK$224', '雅緻大床房:HK$252']"
普洱思茅智選假日酒店（戴家巷店）,9.4,"['高級房·超大床:HK$268', '高級房·雙床:HK$340', '高級房·超大床（無障礙）:HK$356', '高級房:HK$394', '高級房·荷里活雙床:HK$394']"
普洱雲璟國際花園酒店,9.3,"['雲瑞雙床房-森林氧吧、超大落地窗:HK$389', '雲瑞大床房-森林氧吧、超大落地窗:HK$389', '雲璟大床房（180°山景陽台）:HK$458', '雲璟雙床房（180°山景陽台）:HK$501', '雲祥大床房（沐浴池，超大山景陽台）:HK$557']"
普洱梅子湖度假酒店,9.4,"['靜謐雙床房:HK$730', '靜謐大床房:HK$730', '森林雙床房:HK$949', '森林大床房:HK$949', '陽台全景大床房:HK$1,077', '陽台全景雙床房:HK$1,077']"
蔚景溫德姆酒店（普洱思茅區茶馬古鎮店）,9.4,"['温德姆·觀山影院大床房|專屬會員|大空間|品牌床墊:HK$374', '温德姆·觀山影院雙床房|專屬會員|大空間|品牌床墊:HK$374', '蔚景·豪華大床房|四層隔音|全景落地窗|負離子吹風:HK$416', '蔚景·豪華雙床房|270°觀景|全景落地窗|乾濕三分離:HK$416', 'WINGATE·高級大床房|貢緞床品|智能客控|新風系統:HK$427']"
普洱金鳳大酒店,9.1,"['行政標間:HK$293', '行政豪華標間:HK$347', '商務標間:HK$403', '商務單間:HK$424', '三人家庭房:HK$643']"
普洱鴻錦客棧,9.6,"['鴻錦榻榻米大床房:HK$184', '鴻錦標準雙床房:HK$195', '鴻錦院景雙床間:HK$201', '鴻錦豪華雙床房:HK$233']"
普洱松縵酒店（思茅區悦城時光裏購物公園店）,9.6,"['體驗大床房:HK$429', '體驗雙床房:HK$429', '松縵·拾途雙床房:HK$453', '松縵·拾逸大床房:HK$453', '松縵·拾光大床房（浴缸）:HK$485']"
曼臻酒店（普洱高鐵站店）,9.6,"['精品雙床房:HK$238', '臻選雙床房:HK$298', '臻選大床房:HK$298', '慕思大床房:HK$320']"
普洱長祿酒店（陽光悦城戴家巷古建築羣店）,9.4,"['精品智能大床房:HK$297', '新中式套房（非智能）（按摩椅）:HK$297', '輕奢智能雙床房:HK$317', '輕奢智能大床房:HK$317', '全景智能雙床房:HK$344']"
普洱歡季酒店（思茅區鼎城國際店）,9.1,"['舒適大床房【輕奢床墊+徠芬吹風機+雲朵羽絨被】:HK$199', '高級雙床房【輕奢床墊+徠芬吹風機+雲朵羽絨被】:HK$215', '高級大床房【輕奢床墊+徠芬吹風機+雲朵羽絨被】:HK$233', '行政大床房【輕奢床墊+徠芬吹風機+雲朵羽絨被】:HK$269']"
普洱曼悦酒店（悦城時光裏購物公園店）,9.4,"['悦享景觀雙床房:HK$326', '悦享豪華景觀大床房:HK$326', '曼悦豪華景觀套房:HK$435']"
BOON泊恩酒店（普洱創基尚城店）,9.2,"['暴富將至.陽台大床房丨冰淇淋+現磨Coffee+零食:HK$277', '日進斗金.舒睡雙床房丨冰淇淋+現磨Coffee+零食:HK$277', '得償所願.美式復古大床房丨冰淇淋+現磨Coffee+零食:HK$306', '錢程似錦.家庭影音房丨120寸高清會員投影丨:HK$317']"
住在咖啡廳假日酒店,9.0,"['特價雙床房:HK$217', '濃縮時光（輕奢雙床房）:HK$227', '咖.啡爵士（輕奢雙床房）:HK$227', 'LATTE藝術（輕奢雙床房）:HK$227']"
普洱鉑曼酒店（高鐵站店）,9.1,"['咖享|商務大床房【金可兒床墊＋康乃馨布草＋智能馬桶】:HK$350', '咖享|商務雙床房【金可兒床墊＋康乃馨布草＋智能馬桶】:HK$378', '茶享|豪華標間【金可兒床墊＋康乃馨布草＋智能馬桶】:HK$463', '童趣親子房【金可兒床墊＋康乃馨布草＋智能馬桶窗簾】:HK$562', '茶享|豪華三人間【金可兒床墊＋康乃馨布草＋智能馬桶】:HK$704']"
普洱金曼酒店,8.9,"['悦致·安逸大床房「舒適深眠+採光通風」:HK$146', '悦致·舒適雙床房「辦公座椅+遮光窗簾」:HK$149', '星辰·豪華行政三床房「辦公桌椅+柔軟親膚四件套」:HK$209']"
普洱德庭花園酒店（思茅區戴家巷店）,9.8,"['特惠雙床房（迷你Bar＆街景落地窗）（2號樓）:HK$392', '特惠大床房（迷你Bar＆街景落地窗）（2號樓）:HK$392', '暢享大床房（街景落地窗＆迷你Bar）（2號樓）:HK$436', '暢享雙床房（街景落地窗＆迷你Bar）（2號樓）:HK$436', '陽光雙床房（迷你小冰箱＆深睡記憶枕）:HK$479']"
濮溪酒店（普洱高鐵站店）,9.3,"['樂享雙床房（酒店公區提供自助洗衣房）:HK$126', '雅緻雙床房（酒店公區提供自助洗衣房）:HK$145', '雅緻大床房（酒店公區提供自助洗衣房）:HK$151', '雅緻三人間（酒店公區提供自助洗衣房）:HK$251']"
普洱鉑曼酒店（創基尚城店）,8.4,"['行政精品大床房:HK$175', '行政標間:HK$199', '行政大床房:HK$199', '行政單間套房:HK$232']"
普洱凱冠酒店（創基尚城梅子湖店）,9.6,"['高級大床房:HK$216', '逸境·典致雙床房【智能客控+零壓床墊+疾速獨立WiFi】:HK$216', '童夢·温馨親子房【智能客控+親膚床品+童趣玩偶】:HK$268', '尊享輕奢大床房:HK$296']"
鑫盈酒店,9.4,"['靜享智能大床房:HK$209', '靜謐智能雙床房:HK$209', '沉夜入夢豪華智能雙床房:HK$241', '久別逢春豪華智能大床房:HK$250']"
融舍民宿（思茅一中戴家巷店）,9.4,"['豪華大床房:HK$164', '豪華雙床房:HK$219']"
普洱欣普智慧酒店（茶馬古鎮思茅機場店）,9.7,"['休閑麻將房「寬敞通透+智能客控+電動麻將桌」:HK$271', '靜雅智慧大床房「舒睡助眠床墊+休閑軟沙發+智能客控」:HK$271', '靜雅智慧雙床房（舒睡助眠床墊+休閑軟沙發+辦公桌椅）:HK$271', '悠靜智慧雙床房「陽光滿屋+休閑軟沙發+辦公桌椅」:HK$282']"
全季酒店（普洱茶苑路店）,9.7,"['高級大床房（智能語音客控|小冰箱|65寸智能投屏電視）:HK$338', '商務大床房（智能語音客控|小冰箱|65寸智能投屏電視）:HK$368', '商務雙床房（智能語音客控|小冰箱|65寸智能投屏電視）:HK$398', '家庭房（智能語音客控 | 小冰箱 | 65寸智能投屏電視）:HK$428']"
維也納國際酒店（普洱思茅機場店）,9.5,"['高級大床房:HK$297', '親子雙床房:HK$338', '豪華大床房:HK$347', '豪華雙床房:HK$347']"
宜必思尚品酒店（普洱茶馬古鎮店）,9.7,"['商務大床房【65寸智能投屏電視 | 金可兒床墊】:HK$274', '商務雙床房【65寸智能投屏電視|金可兒床墊】:HK$293', '家庭房（65寸智能投屏電視 | 金可兒床墊）:HK$340']"
悦宿·山瀾酒店,9.7,"['霞雲獨享大床房【智能客控】:HK$568', '霞移輕奢雙床房【浴缸I智能客控】:HK$675', '霞光尊享大床房【慕思床墊I智能客控I迷你冰箱I浴缸I吸頂音響I智能護理衣櫃】:HK$852', '霞光家庭親子房+童趣帳篷【慕思床墊I迷你冰箱I浴缸I智能護理衣櫃】:HK$923', '雲弄尊享大床房【慕思床墊I智能客控I戴森吹風機I迷你冰箱I浴缸I吸頂音響I智能護理衣櫃】:HK$1,136']"
珀庭輕奢藝術酒店（普洱高鐵站店）,9.4,"['悦漫丨惠享智能雙床房（中央空調+優選床品+小度智能語音客控）:HK$247', '悦漫丨惠享智能大床房（中央空調+優選床品+小度智能語音客控）:HK$275', '歸晚丨輕奢智能大床房（中央空調+優選床品+小度智能語音客控）:HK$352', '安雅丨輕奢智能雙床房（中央空調+優選床品+小度智能語音客控）:HK$361']"
普洱薈莊酒店,9.6,"['行政大床房（超安睡＆空間高）:HK$557', '尊享大床房（愜意浴缸＆窗外美景）:HK$570', '行政雙床房:HK$790', '園景套房（超高空間＆獨立會客廳＆視野開闊）:HK$1,254']"
普洱方洲國際酒店（思茅梅子湖店）,9.6,"['高級大床房·落地窗·高速吹風機:HK$392', '露天雙床房·舒適床品·非落地窗:HK$425', '商務大床房·迷你冰箱·智能馬桶·體脂秤:HK$436', '高級雙床房·落地窗·高速吹風機:HK$458', '影音大床房·智能投影儀·迷你冰箱:HK$502']"
普洱廷苑別墅客棧（茶馬古城店）,9.6,"['豪華標間:HK$205', '豪華單間:HK$205', '豪華大床房:HK$246', '豪華親子套房:HK$566']"
建國璞隱酒店（普洱茶源廣場店）,9.6,"['詠蘭居大床房A:HK$368', '暗香居大床房:HK$395', '凌霜居雙床房:HK$403', '暗香居景觀大床房:HK$420']"
建全・茶韻香瀾｜智能私湯庭院度假民宿（茶馬古城店）,9.8,"['曼松茶韻・智享舒逸雙床房「高速吹風機+智能客控衞浴」:HK$561', '易武茶韻・舒睡大床房「智能衞浴+智能客控+中央空調」:HK$627', '曼峨茶韻・智雅舒逸雙床房「超密舒眠布草+獨立中央空調」:HK$672', '困鹿山・竹居山景大床房「智能衞浴+智能客控+中央空調」:HK$749']"
藍眉山商務酒店（普洱思茅機場店）,8.8,"['特惠-高級單間•浪漫觀日落│高品質床品│酣暢睡眠:HK$216', '高級單間•浪漫觀日落│高品質床品│酣暢睡眠:HK$223', '高級標間•高品質床品│尊享吹風機│高空美景:HK$231', '豪華單間•浪漫浴缸│高層觀景│奢享大空間│保險櫃小冰箱:HK$275', '豪華標間-高空美景│尊享吹風│洗衞兩分離│舒適好睡眠:HK$283']"
普洱恆悅酒店（思茅區創基尚城店）,9.6,"['零壓睡眠大床房 |智能客控+三分離衞浴+零壓枕:HK$244', '豪華尊享雙床房 |智能客控+三分離衞浴+零壓枕:HK$266', '豪華尊享大床房 |智能客控+三分離衞浴+零壓枕:HK$266', '主題親子家庭房 |智能客控+三分離衞浴+零壓枕:HK$318']"
普洱凱邦酒店（梅子湖小童醫院店）,9.5,"['凱悦·景緻大床房（副樓）:HK$174', '凱悦·景緻雙床房（副樓）:HK$186', '凱雅·城景雙床房:HK$204', '凱雅·城景大床房:HK$233']"
茶靈酒店（茶馬古城南部集散中心店）,9.7,"['茶語大床房（小度智能+手機投屏）:HK$305', '茶語雙床房（小度智能+手機投屏）:HK$305', '茶享大床房（小度智能+手機投屏）:HK$328', '茶享雙床房（小度智能+手機投屏）:HK$328', '茶顏綠茵大床房（私享浴缸+森林氧吧+小度智能）:HK$385']"
普洱西鳳大酒店,9.3,"['雅緻大床房:HK$172', '雅緻三人間:HK$205', '普通標間:HK$238', '豪華單間:HK$260']"
如家商旅酒店（普洱人民路店）,9.5,"['大床房A:HK$178', '商務大床房:HK$211', '雙床房A:HK$219', '高級大床房:HK$243']"
普洱善念客棧（萬人體育廣場店）,9.2,"['温馨親子套房:HK$146', '精緻豪華三人間:HK$146']"
大隱酒店（普洱思茅機場店）,9.7,"['優選大床房+觀景陽台+功夫茶具:HK$268', '觀雲海+陽台+靜雅大床房:HK$295', '精品雙床房+觀景陽台:HK$308', '觀雲海+陽台+影視房:HK$332']"
