酒店名称,评分,房型价格列表
榆林榆陽西路火車站亞朵酒店,9.6,"['高級大床房:HK$325', '高級雙床房:HK$325', '行政大床房:HK$367', '行政雙床房:HK$367', '幾木大床房:HK$385']"
榆林大景酒店,9.6,"['商務雙床房:HK$489', '商務大床房:HK$489', '城景雙床房:HK$523', '行政大床房:HK$621', '城景大床房:HK$642', '商務套房:HK$861']"
全季酒店（榆林火車站建榆路店）,9.6,"['高級雙床房【65寸投屏電視+金可兒床墊】:HK$409', '高級大床房【65寸投屏電視+金可兒床墊】:HK$428', '商務雙床房【65寸投屏電視+智能客控+冰箱】:HK$428', '商務大床房【65寸投屏電視+智能客控+冰箱】:HK$448']"
榆林人民大廈,9.4,"['豪華雙床房:HK$371', '豪華大床房:HK$471', '行政大床房:HK$483', '豪華雙床套房:HK$805', '豪華大床套房:HK$805', '二號樓園景行政大床房:HK$905']"
榆林高新開發區喆啡鋭品酒店,9.1,"['品韻大床房:HK$280', '品韻雙床房:HK$280', '品致大床房:HK$306', '品致雙床房:HK$318']"
榆林長城路夫子廟亞朵X酒店,9.6,"['高級雙床房:HK$304', '高級大床房:HK$315', '行政雙床房:HK$340', '幾木雙床房:HK$394', '幾木影音大床房:HK$466']"
榆林榆陽區桔子水晶酒店,9.6,"['高級大床房【智能客控+電視投屏+真絲浴袍】:HK$622', '高級雙床房【智能客控+電視投屏+真絲浴袍】:HK$642', '豪華大床房【智能客控+電視投屏+真絲浴袍】:HK$673', '行政大床房【智能客控+電視投屏+真絲浴袍】:HK$723', '行政雙床房【智能客控+電視投屏+真絲浴袍】:HK$742']"
SFEEL設計師酒店（榆林國貿中心店）,9.6,"['森系大床房（新風系統•綠植造景）:HK$500', '高級城景大床房（榻榻米休憩區•大落地窗•高層開闊視野）:HK$536', '森系雙床房（新風系統•綠植造景）:HK$536', '豪華城景大床房（榻榻米休憩區•大落地窗•高層開闊視野）:HK$571']"
榆林萬達美華酒店（夫子廟老街店）,9.3,"['豪華雙床房:HK$375', '豪華大床房:HK$375', '高級豪華大床房:HK$458', 'MOMO主題套房:HK$641', '美華套房:HK$641']"
榆林石油賓館,9.3,"['雙床房:HK$384', '豪華雙床房:HK$473', '豪華單人房:HK$511', '親子雙床房:HK$588', '豪華套房:HK$1,013']"
星程酒店（榆林新建南路夫子廟店）,9.4,"['高級大床房（55寸投屏電視+喜臨門床墊）:HK$259', '高級雙床房（55寸投屏電視+喜臨門床墊）:HK$259', '景觀大床房（55寸投屏電視+城市夜景）:HK$280', '景觀雙床房（55寸投屏電視+城市夜景）:HK$280']"
榆林民生國際酒店,9.0,"['標準雙人間:HK$327', '標準大床間:HK$327', '豪華雙人間:HK$352', '豪華大床間:HK$383', '豪華親子間:HK$414']"
榆林君宜國際大酒店（榆林火車站店）,8.8,"['商務雙床房:HK$237', '商務大床房:HK$288', '精選三床房:HK$401', '高級套房:HK$499', '家庭套房:HK$540']"
榆林鉑倫帝諾酒店（火車站店）,9.4,"['豪華大床房（全語音智能客控）:HK$282', '商務標準間（全語音智能客控）:HK$293', '商務大床房（全語音智能客控）:HK$293', '標準間:HK$293', '豪華標準間（全語音智能客控）:HK$325']"
榆林萬達廣場明珠大道亞朵酒店,9.9,"['高級大床房:HK$367', '行政雙床房:HK$367', '行政大床房:HK$394', '幾木雙床房:HK$403', '幾木大床房:HK$430']"
榆林容大國際酒店（榆林學院榆星優品廣場店）,9.4,"['標準雙床房:HK$264', '標準大床房:HK$264', '親子房:HK$388', '高級雙床房:HK$388', '高級大床房:HK$388']"
翔熙酒店（榆林汽車站店）,9.4,"['雅緻雙床房:HK$277', '臻選雙床房:HK$314', '臻選大床房:HK$332', '雅緻套房:HK$369']"
榆林勝利大酒店（火車站榆林二院店）,9.4,"['景觀雙床房:HK$321', '商務雙人房:HK$365', '電競雙床房:HK$379', '景觀大床房:HK$382', '電競大床房:HK$399']"
榆林金莎國際酒店,9.2,"['迷你大床房:HK$314', '豪華標間:HK$325', '豪華大床房:HK$325', '觀影標間:HK$325', '觀影大床房:HK$325']"
榆林宜居酒店（火車站店）,9.1,"['雙床房:HK$188', '大床房:HK$192', '商務雙床房:HK$211', '商務大床房:HK$216']"
漢庭酒店（榆林火車站店）,9.6,"['大床房（小而無窗，深度休息）:HK$198', '高級大床房（內景窗隔絕喧囂）:HK$207', '雙床房（明亮透氣）:HK$236', '商務大床房（明亮透氣）:HK$236']"
光影電影酒店（榆林高新萬達廣場店）,9.1,"['豪華大床房:HK$244', '豪華標準間:HK$254']"
喆.啡酒店（市政府榆林學院店）,9.5,"['醇享雙床房:HK$278', '醇享大床房:HK$278', '啡凡休閑雙床房:HK$309', '啡凡休閑大床房:HK$309']"
榆林金鑫城市酒店（萬達廣場店）,8.6,"['行政標間:HK$219', '行政單間:HK$219', '豪華三人間:HK$260', '行政套房:HK$301']"
榆林萬國名園商務酒店,8.7,"['豪華標準間:HK$174', '豪華單人間:HK$228', '影院大床房:HK$235', '影院雙床房:HK$235']"
名悦蘭庭酒店（榆林中贏廣場店）,9.1,"['優享丨零壓雙床房【進口乳膠床墊+智能恆温馬桶+天貓精靈控制】:HK$215', '惠享丨舒適大床房【進口乳膠床墊+智能恆温馬桶+天貓精靈控制】:HK$224', '優享丨零壓大床房【進口乳膠床墊+智能恆温馬桶+天貓精靈控制】:HK$232', '尊享丨影音大床房【進口乳膠床墊+智能恆温馬桶+天貓精靈控制】:HK$251', '尊享丨高級雙床房【進口乳膠床墊+智能恆温馬桶+天貓精靈控制】:HK$251']"
榆林鵬達酒店,9.0,"['商務標間:HK$257', '商務大床房:HK$325', '豪華標間:HK$367', '豪華單間:HK$367', '豪華觀景大床房:HK$462']"
悅都酒店（榆林古城夫子廟店）,9.6,"['特惠大床房:HK$178', '特惠雙床房:HK$204', '高級商務雙人間:HK$227', '高級商務大床房:HK$227']"
榆林勝利祥源酒店（萬達廣場沙河公園店）,9.3,"['雅居雙床房:HK$202', '日式榻榻米:HK$205', '雅居大床房:HK$206', '商務雙床房:HK$264', '舒適電競雙床房「CPU10代i9+顯卡2080S」:HK$272']"
辰禾怡景酒店（榆林火車站文化路店）,9.4,"['輕雅雙床房:HK$235', '舒雅雙床房:HK$256', '輕雅大床房:HK$257', '舒雅大床房:HK$279']"
榆林榆神大廈,9.7,"['高級雙床房:HK$382', '高級大床房:HK$404', '高級套房:HK$829', '豪華套房:HK$1,058', '行政套房:HK$1,746']"
榆林德和厚酒店,9.0,"['豪華雙人間:HK$371', '豪華大床房:HK$388', '行政標間:HK$403', '普通套房:HK$450', '家庭套房:HK$543']"
榆林旺角商務賓館（總店）,9.6,"['普通標準間（無窗）:HK$91', '普通大床房:HK$100', '豪華標準間:HK$128', '豪華大床房:HK$128']"
尚客優品酒店（榆林金沙路店）,9.4,"['優享大床房:HK$217', '尊享大床房:HK$227', '優享雙床房:HK$227', '温馨家庭房:HK$288']"
溪岸酒店（榆林高新開發區店）,9.6,"['特價雙床房（走廊窗）:HK$163', '特價大床房（走廊窗）:HK$163', '豪華雙床房:HK$178', '豪華大床房:HK$178']"
駿怡連鎖酒店（榆林夫子廟店）,8.8,"['標準大床房:HK$154', '標準雙床房:HK$154', '智能大床房:HK$154', '電競大床房:HK$181']"
榆林優居美酒店,9.2,"['尊享 精緻大床房:HK$190', '尊享 精緻雙床房:HK$197', '尊享 雅緻雙床房:HK$228', '尊享 雅緻大床房:HK$228']"
漢庭酒店（榆林環城北路店）,9.7,"['大床房|喜臨門床墊|記憶枕芯|:HK$238', '雙床房|喜臨門床墊|記憶枕|:HK$238', '高級大床房|喜臨門床墊|記憶枕|:HK$258', '高級雙床房|喜臨門床墊|記憶枕芯|:HK$258']"
都市花園酒店（榆林高新區店）,9.1,"['花園雅緻大床房:HK$204', '豪華大床房:HK$204', '花園雅緻雙床房:HK$212', '家庭房:HK$216']"
尚客優酒店（汽車北站店）,9.5,"['優享大床房（智能客控+地暖+公區自助洗衣房+舒享睡眠）:HK$177', '優享智能雙床房（智能客控+地暖+公區自助洗衣房+舒享睡眠）:HK$196', '優享智能大床房（智能客控+地暖+公區自助洗衣房+舒享睡眠）:HK$196', '優享格調雙床房（智能客控+地暖+公區自助洗衣房+舒享睡眠）:HK$214']"
聖景酒店（榆林市第一醫院店）,8.7,"['特惠大床房:HK$173', '商務標間:HK$183', '商務大床房:HK$183', '豪華標間:HK$205']"
E-3LUE·宜博電競酒店（榆林高新開發區店）,8.7,"['商務電競大床房（RTX3060）:HK$243', '浪漫情侶大床房[RTX3060]:HK$257', '商務電競二人間（RTX4070）:HK$264', '超速電競二人間[RTX4070]:HK$278']"
榆林憶家酒店,8.5,"['特惠大床房:HK$129', '精品雙床房:HK$140', '精品大床房:HK$140', '商務雙床房:HK$151']"
榆林百腦匯大酒店,8.1,"['簡約標間:HK$156', '簡約單間:HK$174', '豪華單間:HK$184', '豪華標間:HK$184']"
尚庭優品酒店（榆林夫子廟汽車南站店）,8.6,"['優品大床房:HK$151', '優品雙床房:HK$151', '尚品雙床房:HK$173', '尚品大床房:HK$173']"
榆林樂橙酒店（夫子廟汽車站店）,8.5,"['高級雙床房:HK$142', '高級大床房:HK$142', '精選三人間（無窗）:HK$194', '尊享大床房:HK$216']"
山水棲居,9.1,"['望山:HK$727', '鹿鳴:HK$727', '雲漪:HK$736', '穀風:HK$736']"
榆林榆川大酒店,8.0,"['標準間:HK$120', '三人間:HK$151', '特價大床房:HK$258', '特價標準間:HK$258']"
情緣賓館（榆林站店）,8.5,"['標準大床房:HK$94', '標準雙人間:HK$114', '落地窗觀景大床房:HK$126', '落地窗觀景標準間:HK$126']"
元達酒店（尚郡店）,9.4,"['特價大床房:HK$173', '特價雙床房:HK$173', '智能大床房:HK$205', '智能雙床房:HK$205']"
