酒店名称,评分,房型价格列表
雅上·隱庭酒店 （樂山高鐵站嘉興路美食街店）,9.8,"['玲瓏大床房:HK$377', '有小花園·浴缸雙床房:HK$389', '有日式茶台·大床房:HK$391', '有日式茶台·雙床房:HK$406', '有小花園·浴缸大床房:HK$418']"
樂山樂上盡歡酒店（嘉興路美食街店）,9.9,"['高級大床房:HK$326', '高級雙床房:HK$326', '舒適大床房:HK$352', '舒適雙床房:HK$353', '豪華大床房:HK$369']"
樂山M設計師智能酒店,9.7,"['雅緻大床房:HK$212', '尊貴雙床房:HK$254', '尊貴大床房:HK$254', '尊享特大床:HK$260']"
樂山湯與禪·享受與養心度假酒店（嘉興路美食街店）,9.6,"['古缸竹影大床房:HK$352', '古缸竹影雙床房:HK$366', '古缸竹影超級寬床房:HK$366', '貴妃古浴大床房【養顏貴妃湯】:HK$393', '貴妃古浴雙床房【養顏貴妃湯】:HK$406']"
芊芊芒果樹酒店（樂山大佛店）,9.4,"['祕境·雅閣大床房（智能家居·直飲機·小冰箱）:HK$236', '風光無限·豪華江景大床房（推窗見江）:HK$275', '來故·一見傾心大床房（智能家居·直飲機·小冰箱）:HK$285', '千山萬水·唯美雙床房（智能家居·直飲機·小冰箱）:HK$288']"
清樂府酒店（高鐵站嘉興路美食街店）,9.8,"['清悦•雅緻高級大床房[65寸智能電視投屏｜乾濕分離]:HK$203', '清悠•逸緻豪華大床房[65寸智能電視投屏|乾濕分離]:HK$227', '清悦•雅緻高級雙床房[65寸智能電視投屏|乾濕分離]:HK$238', '清悠•逸緻豪華雙床房[65寸智能電視投屏|乾濕分離]:HK$283']"
宏遠大酒店（嘉興路美食街店）,9.4,"['特惠大床房（1號樓＋榻榻米風）:HK$179', '雅逸雙床房（1號樓+榻榻米風＋庭景＋休閑小茶几）:HK$206', '雅逸大床房（1號樓＋榻榻米風＋休閑小茶几）:HK$206', '雅靜雙床房:HK$235']"
樂山廣寒宮酒店（樂山高鐵站嘉興路美食街店）,9.7,"['豪華大床房:HK$218', '豪華雙床房:HK$240', '高級大床房:HK$261', '商務大床房:HK$261', '行政大床房:HK$360']"
樂山逸尚東方·洵懌酒店（樂山大佛店）,9.7,"['輕奢大床房「新中式原木傢俱·自動洗衣機·小冰箱·迷你吧 」:HK$305', '尊享精奢大床房:HK$425', '尊享精奢雙床房（沙發）:HK$518', '尊享精奢親子房（室內浴缸）:HK$654', '尊享臨江大床房（小冰箱）:HK$654']"
樂山L私湯江景酒店·City Vacation（樂山張公橋東大街美食街店）,9.7,"['綠野榻榻米大床房[180°落地窗觀樂山老街城景/侘寂風/全棉親膚泡泡棉床品/超舒服乳膠記憶床墊/恆温坐墊智能馬桶/電視可投屏追劇]:HK$402', '綠野·城景大床房[180°樂山城景落地窗/超舒服乳膠記憶床墊/全棉親膚泡泡棉床品/高速負離子吹風機/恆温坐墊智能馬桶/三層玻璃隔音好睡眠]:HK$435', '上喜浴缸大床房[觀樂山老街煙火氣|全棉親膚泡泡棉床品|三層隔音窗|超舒服乳膠記憶床墊|自動加熱智能馬桶|浴缸泡泡浴]:HK$467', '綠野·浴缸雙床房[看樂山城景+超舒服乳膠記憶床墊+全棉親膚泡泡棉床品+恆温坐墊智能馬桶]:HK$500', '初居浴缸大床房[躺看美食街夜景+超舒服乳膠記憶床墊+全棉親膚泡泡棉床品+泡泡球浴缸泡泡浴+恆温坐墊智能馬桶+電視可投屏追劇]:HK$533']"
錦聽連鎖.南方大酒店（樂山張公橋美食街店）,9.4,"['優選簡約大床房【助眠床墊+辦公桌】:HK$169', '優選簡約雙床房【助眠床墊+辦公桌】:HK$175', '沉浸式體驗影院房（100寸投影+手機投屏+VIP影片隨心看）:HK$210', '觀山山景大床房【窗外好景+舒適沙發+辦公桌】:HK$229']"
SFEEL設計師酒店（樂山大佛上中順店）,9.6,"['榻榻米大床房:HK$373', '高級大床房:HK$380', '雅緻大床房:HK$415', '高級雙床房:HK$429']"
樂山美拉酒店（樂山高鐵站世豪廣場店）,9.6,"['昭蘇·雲端大床房[全屋語音客控+乳膠零壓枕+哈曼卡頓音響電視]:HK$209', '青溪·高空大床房[哈曼卡頓音響電視+長卧沙發+全屋語音客控+乳膠零壓枕]:HK$221', '纖月·雲端雙床房[哈曼卡頓音響電視+全屋語音客控-乳膠零壓枕]:HK$232', '霧隱·投影大床房[極米投影100寸超大幕布+乳膠零壓枕+全屋語音客控]:HK$232']"
漢庭酒店（樂山市中區嘉興路美食街店）,9.7,"['高級大床房（電視投屏+金可兒床墊）:HK$290', '舒壓-高級大床房（電視投屏+零壓床墊）:HK$301', '親子房（電視投屏+星空燈+小童玩具）:HK$311', '高級雙床房（電視投屏+金可兒床墊）:HK$311']"
有樂在樂設計師酒店（張公橋好吃街店）,9.5,"['有楽大床房（智能客控+喜臨門床墊）C:HK$297', 'Esport雙床間（電競模式8G顯卡+I7處理器+海盜船內存）AC:HK$306', '有楽雙床房（智能客控+喜臨門床墊）C:HK$306', '江畔雙床房（蒲團茶座+智能客控）A:HK$362']"
璟晨酒店（樂山張公橋美食街店）,9.4,"['大床房（智能客控+軟水淋浴）:HK$305', '雙床房（智能客控）:HK$333', '榻榻米大床房（軟水淋浴）:HK$361', '高級大床房（智能客控+軟水淋浴）:HK$380']"
樂山三卿酒店（張公橋美食街店）,9.5,"['雲舒|景庭大床房|語音智能客控+乳膠記憶枕:HK$319', '雲影|雅庭大床房|庭院式休閑旅居美學+拍照出片:HK$350', '歸雲|隱庭大床房|庭院式休閑旅居美學+一拍成片:HK$381', '歸雲|隱庭雙床房|庭院式休閑旅居美學+鬧市中的隱居:HK$388']"
一宿酒店（樂山高鐵站店）,9.8,"['舒適雙床房:HK$159', '洋流·雙床房:HK$173', '焦野·浴缸大床房:HK$175', '長夏·觀影親子房:HK$201']"
江山勝景酒店（樂山大佛美食街店）,9.7,"['樂山樂水雙床房（觀三江夜遊燈光+賞日出晚霞）:HK$445', '觀江聽濤雙床房（觀大佛+全臨江+賞三江夜遊燈光秀）:HK$559', '江山勝景雙床房 （眺峨眉山+觀三江夜遊燈光）:HK$559', '觀江聽濤大床房（觀三江夜遊燈光秀+賞日出晚霞）:HK$559']"
城市便捷酒店（樂山大佛店）,9.6,"['智能標準大床房（全屋智能｜記憶枕頭｜智能馬桶｜手機投屏）:HK$221', '智能高級大床房（全屋智能｜記憶枕頭｜智能馬桶｜手機投屏）:HK$244', '智能影院大床房（全屋智能｜巨幕投影｜智能馬桶｜手機投屏）:HK$244', '智能落地江景大床房（全屋智能｜落地江景｜智能馬桶｜手機投屏）:HK$267']"
悦·樂山江景酒店（上中順商業街店）,9.1,"['城景影音大床房（巨幕投影+愛奇藝會員+智能客控）:HK$271', '城景露台大床房（75寸電視+私享露台+智能客控）:HK$358', '江景影音雙床房（正觀禪韻水幕燈光秀+巨幕投影+愛奇藝會員+智能客控）:HK$391', '江景舒適大床房（正觀禪韻水幕燈光秀+75寸電視+智能客控）:HK$391', '城景影音親子房（巨幕投影+愛奇藝會員+智能客控）:HK$391']"
山水S酒店（樂山大佛店）,9.7,"['清歡·高級大床房:HK$465', '觀景閣樓·高級大床房:HK$489', '觀景閣樓·豪華大床房:HK$489', '清歡·豪華大床房:HK$489', '清歡小院·高級大床房:HK$497']"
樂山上善居·養心禪景酒店（世豪廣場高鐵站店）,9.6,"['自在大床房:HK$291', '禪景大床房:HK$314', '自在雙床房（超寬雙床）:HK$323', '自在寬居特大床房（大落地窗+自在坐枱）:HK$358', '禪景雙床房（超寬雙床）:HK$379']"
樂山雲上湯池酒店（樂山高鐵站世豪廣場店）,9.6,"['雲上·雅緻大床房【巨幕超清投影+私享浴缸】:HK$437', '浪漫·泡池大床房【私享浴缸＋高清巨幕投影】:HK$466', '浪漫·私湯特大床房【超清投影＋雙人私湯+智能客控】:HK$488', '沙嶼·星空大床房 【巨幕超清投影+私享浴缸智能客控】:HK$510', '輕奢·家庭雙床房【80寸巨幕超清電視+智能客控+浴缸】:HK$520']"
樂山COCO雲網紅高空湯池設計師酒店,9.4,"['雅緻·觀景大床房（地暖+高空無遮擋景觀+浴缸+巨幕投影）:HK$314', 'LOFT大床房（地暖+高空無遮擋景觀+巨幕投影+浴缸）:HK$326', '浪漫滿屋大床房（地暖+高清投影）:HK$349', '時光浴缸大床房（地暖+智能客控+百寸極米巨幕投影+雙人泡池浴缸）:HK$370']"
締希爾高空湯池酒店（樂山高鐵站萬達廣場店）,9.4,"['高空·輕奢大床房:HK$284', 'Mini輕奢房:HK$284', '高空·輕奢雙床房:HK$315']"
閑庭小築,9.7,"['花園榻榻米大床房（100寸超大投影+浴缸+花園+直飲機+智能馬桶+自動窗簾）:HK$286', '花園榻榻米雙床房（100寸超大投影+浴缸+花園+直飲機+智能馬桶+自動窗簾）:HK$360', '清雅花園泡池大床房（100寸超大投影+泡池+獨立花園+直飲機+智能馬桶+自動窗簾）:HK$379', '豪華花園泡池大床房（100寸超大投影+泡池+獨立花園+直飲機+智能馬桶+自動窗簾）:HK$527']"
城市精選酒店（樂山體育中心張公橋美食街店）,9.7,"['影院舒適大床房（語音客控+55寸電視投屏+深睡記憶枕）:HK$192', '舒適雙床房（語音客控+55寸電視投屏+深睡記憶枕）:HK$215', '標準大床房（語音客控+55寸電視投屏+深睡記憶枕）:HK$215', '標準雙床房（語音客控+55寸電視投屏+深睡記憶枕）:HK$238']"
全季酒店（樂山市中區世豪美食街店）,9.7,"['高級大床房（電視投屏+小冰箱+金可兒床墊）:HK$507', '高級雙床房（電視投屏+小冰箱+金可兒床墊）:HK$537', '商務大床房（電視投屏+小冰箱+金可兒床墊）:HK$537', '商務雙床房（電視投屏+小冰箱+金可兒床墊）:HK$566']"
Mon Chéri ·夢雪麗酒店（樂山市高鐵站世豪廣場店）,9.7,"['極簡丨原木大床房【日式書桌+零壓床墊+乳膠記憶枕】:HK$327', '詫寂風 | 榆木大床房【智能客控+零壓床墊+小木馬】:HK$348', '詫寂風 | 榆木雙床房【語音客控+乳膠記憶枕+小木馬】:HK$348', '奶油風丨卡斯楠木雙床房【語音客控+金可兒床墊】:HK$370', '奶油風 | 卡斯楠木大床房【智能客控+乳膠記憶枕】:HK$370']"
金葉·景盛酒店（樂山高鐵站嘉興路美食街店）,9.4,"['優享旅居單間:HK$136', '旅居單間:HK$163', '旅居標間:HK$170', '商務大床房:HK$189']"
柏曼酒店（樂山高鐵站萬達店）,9.5,"['智能舒適大床房（百寸巨幕投影+影視暢享+記憶枕頭）:HK$215', '智能標準大床房（百寸巨幕投影+影視暢享+記憶枕頭）:HK$237', '智能高級大床房（百寸巨幕投影+影視暢享+記憶枕頭）:HK$267', '智能高級雙床房（百寸巨幕投影+影視暢享+記憶枕頭）:HK$281']"
探啾酒店（張公橋美食街樂山大佛景區店）,9.7,"['A舒享大床房【軟硬記性枕·定製乳膠床墊·全身鏡】:HK$379', 'A舒適大床房【軟硬記憶枕·定製乳膠床墊·全身鏡】:HK$379', 'A 精靈天窗大床房【正常通風采光·電動升降通風玻璃窗·電動遮陽遮光簾·軟硬記憶枕·定製乳膠床墊】:HK$393', 'B 雅緻大床房【復古法式·軟硬記憶枕·乳膠床墊】:HK$400', 'B 雅悦大床房【軟硬記憶枕·乳膠床墊·智能馬桶·全身穿衣鏡·高清投影·商務辦公區】:HK$400']"
樂山太和盛世大酒店,9.4,"['豪華標準房:HK$326', '豪華大床房:HK$326', '豪華江景大床房:HK$362', '行政標準間:HK$543', '行政大床房:HK$543']"
樂山香國假日酒店,9.3,"['豪華大床房（無窗）:HK$365', '商務大床房:HK$387', '商務標間:HK$387', '精品大床房（共享花園）:HK$414']"
樂山市中區希爾頓花園酒店,9.7,"['花園大床房:HK$379', '花園雙床房:HK$402', '無障礙大床房:HK$402', '豪華大床房:HK$428', '豪華雙床房:HK$428']"
厚時Hotel Moment（樂山嘉興路美食街店）,9.5,"['精選大床房（舒睡床品+投屏電視+小冰箱）:HK$227', '精選雙床房（舒睡床品+投屏電視+小冰箱）:HK$227', '高級大床房（舒睡床品+投屏電視+小冰箱）:HK$238', '高級雙床房（舒睡床品+投屏電視+小冰箱）:HK$238']"
8RSR隱市人文民宿（樂山張公橋店）,9.7,"['古楊·輕奢花園大床房（西馬智能馬桶+SPS西普斯水龍頭+極米超大屏投影）:HK$216', '於境·輕奢花園大床房（西馬智能馬桶+SPS西普斯水龍頭+極米超大屏投影）:HK$239', '流長·輕奢花園大床房（西馬智能馬桶+SPS西普斯水龍頭+極米超大屏投影）:HK$282', '隱市·輕奢花園大床房（西馬智能馬桶+SPS西普斯水龍頭+極米超大屏投影）:HK$282']"
樂山華邑酒店,9.6,"['高級房超大床:HK$533', '高級雙床房:HK$533', '高級房:HK$533', '高級超大床行政房:HK$721', '高級雙床行政房:HK$721', '高級行政超大床房-高樓層:HK$768']"
御庭酒店（樂山高鐵站店）,9.5,"['高級大床房:HK$234', '高級雙床房:HK$234', '輕奢大床房:HK$278', '輕奢雙床房:HK$295']"
順城212輕奢酒店（樂山張公橋美食街店）,9.4,"['花樣年華·大床房:HK$245', '莫逆於心·大床房:HK$265', '知己之遇·雙床房:HK$285', '金風玉露·大床房:HK$325']"
尚布安恬酒店（樂山上中順商業街店）,9.6,"['安悦『城景雙床房+靜謐舒適』:HK$304', '恬悦『森夏大床房+青靄浮街綠意稠』:HK$323', '安瀾『鄰悦雙床房+靜謐舒適』:HK$323', '恬逸 『綠韻棲夢大床房+智滙商務長桌』:HK$411']"
江畔小住民宿（樂山大佛店）,9.8,"['凈山佛心大床房:HK$344', '雲影籬下悠然雙床房:HK$400', '聞香聽濤臨江院景大床房:HK$407', '江映月白江景大床房:HK$407']"
樂山安珀酒店,9.7,"['安納西臻享大床房:HK$763', '盧瓦爾典雅雙床房:HK$763', '安納西臻享雙床房:HK$982', '小黃鴨親子大床房:HK$1,091', '海底小縱隊親子大床房:HK$1,091', '瑪格麗特豪華大床房:HK$1,200']"
樂山一笑新酒店,9.4,"['洞天屋:HK$325', '洞天屋·雙床房:HK$382', '山景大床房:HK$435', '萌趣·親子雙床房:HK$435', '山景套房:HK$860']"
樂山鹿溪設計師酒店（上中順店）,9.3,"['「不晚」零壓助眠大床房+智能客控+零壓床墊+中央空調:HK$305', '「歸謐」沐光影院大床房+智能客控+零壓床墊+大金空調+高清投影:HK$305', '「餘歡」180°觀江幾木大床房+智能客控+零壓床墊+大金空調:HK$326', '「且聽」180°觀江影院大床房+智能客控+零壓床墊+中央空調+高清投影:HK$326']"
樂山金葉·禪驛度假酒店（樂山大佛店）,9.8,"['舒心·園藝禪景大床房:HK$500', '凈心·花園水韻雙床房:HK$576', '凈心·院景禪意大床房:HK$609', '澄心·池畔院景大床房:HK$718', '澄心·沐光景觀雙床房:HK$762']"
樂山瑞豪藝術精品酒店,8.4,"['雅韻大床房:HK$157', '馨享大床房:HK$193', '悦享大床房+帶浴缸:HK$221', '臻選親子套房+180º觀景+帶浴缸+兩個卧室兩個衞生間:HK$239']"
樂山高鐵站希爾頓歡朋酒店,9.7,"['舒適雙床房:HK$365', '舒適大床房:HK$368', '高級大床房:HK$431', '高級雙床房:HK$431', '豪華大床房:HK$489']"
城市便捷酒店（上中順張公橋美食街店）,9.7,"['智能高級大床房（全屋智能｜棋牌休閑｜智能馬桶｜手機投屏）:HK$281', '智能豪華大床房 （全屋智能｜記憶枕頭｜智能馬桶｜手機投屏）:HK$326', '影院大床房 （全屋智能｜迷你冰箱｜巨幕投影｜會員影視暢享｜）:HK$378', '智能高級雙床房 （全屋智能｜棋牌休閑｜智能馬桶｜手機投屏）:HK$378']"
