酒店名称,评分,房型价格列表
鶯歌踏浪船屋民宿,8.7,"['庭院湖景雙床房-船屋造型:HK$379', '庭院湖景大床房-船屋造型:HK$379', '船屋庭院湖景麻將大床房:HK$544']"
龍棲灣觀海宿公寓,8.8,"['全海景二室雙床套房305:HK$212', '全海景二室二廳三床套房401:HK$212', '全海景二室三床套房302:HK$212', '至尊全海景二室三床套房1005:HK$239']"
麗思頓國際酒店（樂東高鐵站店）,9.2,"['AI智享·輕奢陽光大床房[秒睡記憶枕+喜臨門床墊+中央空調+星級洗護]:HK$203', 'IMAX影院大床房[秒睡記憶枕+喜臨門床墊+中央空調+洗護套裝]:HK$206', 'AI智選·輕奢陽光雙床房[秒睡記憶枕+喜臨門床墊+中央空調+星級洗護套裝]:HK$210', 'AI智美·IMAX影院雙床房[秒睡記憶枕+喜臨門床墊+中央空調+星級洗護套裝]:HK$211']"
艾扉酒店（樂東綠之南感恩路店）,9.0,"['雙床房:HK$179', '商務大床房:HK$188', '高級雙床房:HK$196', '高級大床房:HK$213']"
永嘉大酒店（樂東縣政府店）,9.0,"['高級大床房【東寶深睡護脊床墊+軟硬護頸枕+全新毛巾】:HK$281', '佳和大床房【深睡護脊床墊+護頸枕+耐喜毛巾】:HK$313', '佳和通用房【親子空間+軟硬護頸枕+深睡護脊床墊】:HK$313', '行政大床房【浴袍+深睡護脊床墊+護頸枕+智能客控】:HK$383', '豪華麻將房【財源滾滾+軟硬護頸枕+深睡護脊床墊】:HK$410']"
樂東小海角民宿（鶯歌海鎮店）,9.2,"['標準大床房（無陽台）:HK$136', '標準雙床房（無陽台）:HK$156', '陽台大床房:HK$175', '陽台雙床房:HK$215']"
樂東亞朵·芮梵酒店（利國店）,9.4,"['梵 L 輕奢智能投影大床房:HK$200', '梵 L 靜雅智能麻將套房:HK$304']"
樂東華逸酒店,8.3,"['攬逸特惠大床房:HK$196', '攬逸大床房:HK$296', '攬逸雙床房:HK$296', '奢逸家庭套房:HK$543']"
樂東凱利柏爾假日酒店,9.3,"['高級大床房【靜謐空間安全感拉滿】:HK$465', '高級花園大床房【花園景觀+靜謐舒適】:HK$496', '豪華花園大床房【自助洗衣烘乾+舒適園區景觀】:HK$527', '行政大床房【多面賞園景+視野超讚+浴缸】:HK$532', '豪華江景通用房【大空間+臨江眺山景+雙洗漱台】:HK$574', '豪華江景大床房【近可賞江遠可觀山+寬敞舒適+雙洗漱台】:HK$605']"
樂東卡爾頓智選酒店（黃流店）,9.2,"['臻選•智能大床房【零壓記憶床墊-客控-冰箱-中央空調】:HK$152', '臻選•智能雙床房【零壓記憶床墊-客控-冰箱-中央空調】:HK$155', '臻選•影院大床房【乳膠記憶床墊-客控-冰箱-中央空調】:HK$170', '尊享•豪華雙床房【乳膠記憶床墊-客控-冰箱-中央空調】:HK$201']"
樂安國際酒店（縣政府店）,8.9,"['特惠雙床房:HK$184', '商務大床房:HK$249', '商務雙床房:HK$249', '高級智能特惠雙床房:HK$271']"
樂東希岸智享客房,9.4,"['Al·輕奢影音大床房【小度智能客控+巨幕投影+零壓睡眠】:HK$175', 'Al·尊享影音大床房【小度智能客控+巨幕投影+零壓睡眠】:HK$184', 'Al·尊享影音雙床房【小度智能客控+巨幕投影+零壓睡眠+公區自助洗衣】:HK$184', 'Al·豪華影音親子房【小度智能客控+巨幕投影零壓睡眠】:HK$193']"
樂東海嶼宿民宿,9.4,"['觀景 · 獨棟木屋【一室一廳一衞+閣樓榻榻米+大窗户】:HK$533', '觀海 · 獨棟舒適木屋【一室一廳雙衞+閣樓榻榻米+私享夕陽+超視野】:HK$566', '獨棟雙層木屋【獨立入户+雙衞+可觀花可觀海】:HK$642', '觀景·獨棟雙層小院【獨立入户+雙衞+廚房+樓上大床房樓下雙床房】:HK$784']"
城市便捷酒店（樂東汽車站店）,8.2,"['豪華大床房:HK$190', '豪華雙床房:HK$190', '標準大床房:HK$190', '商務大床房:HK$209']"
維也納酒店（樂東公園店）,9.0,"['豪華雙床房【山景+自然風光景+品牌床墊】:HK$202', '標準大床房【泡腳桶+生薑包】:HK$207', '高級大床房【靜謐內窗+安享睡眠】:HK$224', '行政大床房【瓷磚地面+泡腳桶（生薑包）】:HK$241']"
棲岸智慧酒店（樂東高鐵站店）,8.7,"['高級陽光雙床房[零壓床墊 +全房型智能聲控+城市景觀]:HK$124', '高級陽光大床房[全房型智能聲控+加大閑適空間+零壓床墊 ]:HK$135', '豪華親子房[洗漱區二區分離 +秒睡記憶枕+全房型智能聲控]:HK$157', '豪華套房[零壓床品+全房型智能聲控+優質睡感]:HK$179']"
昌發商務大酒店（樂東人民醫院店）,8.4,"['高級大床房:HK$199', '高級雙床房:HK$199', '豪華大床房:HK$217', '豪華雙床房:HK$234']"
樂東寶利來國際酒店,8.4,"['豪華雙床房:HK$184', '標準大床房:HK$186', '圓床房:HK$223', '雅緻大床房:HK$227']"
東順源酒店（樂東利國鎮店）,9.5,"['園景智能大床房（全屋智能+投屏電視+中央空調+0壓床墊+酒店公區提供洗烘機）:HK$150', '園景智能雙床房（全屋智能+投屏電視+中央空調+0壓床墊+酒店公區提供洗烘機）:HK$153', '全景智能大床房（全屋智能+投屏電視+中央空調+0壓床墊+酒店公區提供洗烘機）:HK$161', '全景智能雙床房（全屋智能+投屏電視+中央空調+0壓床墊+酒店公區提供洗烘機）:HK$163']"
樂東朵萊影院酒店（黃流車站店）,9.2,"['悦享影院大床房（冰箱+零壓睡眠床墊）:HK$127', '商務影院雙床房（冰箱+零壓睡眠床墊）:HK$138', '標準影院大床房（冰箱+零壓睡眠床墊）:HK$138', '高級影院大床房（冰箱+零壓睡眠床墊）:HK$148']"
樂東鶯歌海拾光旅租,9.2,"['標準雙床房:HK$147', '舒適大床房:HK$156', '大床房:HK$156', '海景大床房:HK$175']"
伯豪智選假日酒店（樂東佛羅店）,9.6,"['茶藝棋牌房:HK$127', '輕奢智能大床房【中央空調-智能聲控-冰箱-光線好】:HK$159', '麗致豪華影院房【中央空調-巨幕投影-智能聲控-冰箱-陽台】:HK$176', '尊享大床房【中央空調-智能聲控-小冰箱-全景】:HK$176']"
樂東瑞爾酒店（利國店）,9.0,"['優選大床房（酒店提供洗衣房）:HK$195', '尊享雙床房（酒店提供自助洗衣房）:HK$204', '尊享大床房（酒店提供自助洗衣房）:HK$204', '奢華麻將房（酒店提供洗衣房）:HK$306']"
季築度假公寓（樂東龍沐灣店）,9.7,"['超大陽台•園景一室一廳:HK$200', '陽台落日•海景一室一廳-帶洗衣機:HK$224', '靜夜好眠•攜喜深睡套房一室一廳-乳膠床墊:HK$235', '海浪童話·親子家庭套房:HK$259']"
樂東華瑞酒店（黃流店）,9.5,"['AI靜雅大床房:HK$184', 'AI影音大床房（全屋智能+酒店公區洗衣機+智能馬桶+全屋隔音玻璃）:HK$190', '麻將雙床房:HK$212', '陽光雙床房:HK$224']"
樂東金鉑曼酒店（利國店）,9.1,"['舒適大床房（零壓床墊+冰箱）:HK$138', '舒適雙床房（零壓床墊+冰箱）:HK$149', '高級大床房（零壓助眠床墊+休閑大飄窗+冰箱）:HK$161', '高級雙床房（零壓助眠床墊+休閑大飄窗+冰箱）:HK$172']"
樂東國島智能酒店（利國店）,8.5,"['怡馨大床房:HK$168', '怡馨雙床房:HK$174', '影視大床房:HK$182', '影視雙床房:HK$186']"
宜勝茶舍民宿（尖峯嶺店）,9.4,"['特價雙床房:HK$241', '舒適大床房:HK$251', '舒適雙床房:HK$251', '標準雙床房:HK$251']"
樂東九所泊雲華美達安可酒店,8.8,"['普通雙床房:HK$315', '普通大床房:HK$347', '商務雙床房（帶廚房）:HK$399', '商務大床房（帶廚房）:HK$400', '豪華大床房（帶廚房）:HK$431']"
樂東吾逅陽光智能酒店（黃流鎮店）,8.9,"['高級陽光大床房[洗漱區三區分離+零壓床品+公區洗衣機]:HK$120', '高級陽光雙床房[洗漱區三區分離+零壓床品+秒睡記憶枕]:HK$132', '豪華浴缸大床房[洗漱區三區分離+秒睡記憶枕+零壓床品]:HK$144', '豪華家庭親子套房[洗漱區三區分離+記憶枕+零壓床品]:HK$155']"
樂東椰林灣農家樂,9.1,"['普通雙床房:HK$268', '普通大床房:HK$268', '豪華雙床房:HK$330', '豪華大床房:HK$330']"
樂東聚源精品酒店（九所店）,8.7,"['温馨大床房內窗房:HK$84', '浪漫主題大床房:HK$98', '普通標準間:HK$103', '豪華標準間:HK$123']"
尖峯燕子旅居,9.5,"['雅緻大床房:HK$107', '豪華雙床房:HK$107', '普通雙床房:HK$123', '麻將房:HK$190']"
樂東希悦智享酒店（利國店）,9.4,['浪漫投影大床房[巨幕投影+全屋智能+冰箱]:HK$212']
樂東驛客家酒店（黃流店）,8.2,"['麻將大床房（乾濕分離）:HK$243', '親子三人間:HK$287', '舒適套房（乾濕分離）:HK$330', '豪華套房（乾濕分離）:HK$356']"
樂東亞斯特智能酒店（利國店）,9.2,"['智能大床房（小度全屋語音智能+冰箱+酒店提供自助洗衣機）:HK$212', '智能雙床房（小度全屋語音智能+冰箱+酒店提供自助洗衣機）:HK$212', '尊享智能大床房（小度全屋語音智能＋洗衣機）:HK$239', '尊享智能雙床房（小度全屋語音智能＋洗衣機）:HK$239']"
樂東富華豪庭酒店（黃流店）,8.5,"['大床房:HK$92', '影院大床房:HK$96', '特價雙標房:HK$104', '標準間:HK$117']"
樂東悦萊客棧（黃流店）,9.3,"['經濟單人房:HK$74', '特惠雙床房:HK$80', '舒適大床房:HK$90', '舒適雙床房:HK$93']"
悦季酒店（樂東黃流店）,9.1,"['AI智享｜輕奢陽光大床房［零壓床墊-品質床品-舒適睡眠］:HK$142', 'AI智選｜輕奢陽光雙床房［零壓床墊-乾濕分離］:HK$153']"
樂東海佳順賓館,8.9,"['温馨大床房:HK$156', '雙標房:HK$156', '麻將雙床房:HK$360']"
尖峯嶺龍沐灣海意酒店,8.6,"['初見·高級雙床房:HK$115', '初見·高級大床房:HK$117', '遇見·豪華大床房:HK$123', '遇見·豪華雙床房:HK$129']"
樂東金港酒店,8.7,"['大床房:HK$85', '標準間:HK$106', '家庭房:HK$149', '簡約三人房:HK$149']"
樂東觀海主題客棧,8.6,"['標準雙床房:HK$119', '標準大床房:HK$119', '一線海景雙床房:HK$156', '一線海景大床房:HK$156']"
樂東中庭酒店（黃流車站店）,9.1,"['舒適精品大床房:HK$91', '舒適精品雙床房:HK$97']"
樂東假日美地酒店,8.9,"['標準雙床房:HK$246', '豪華雙床房:HK$265', '標準大床房:HK$266', '豪華大床房:HK$301']"
樂東海榆精選酒店,9.5,"['暖心豪華大床房:HK$137', '豪華大床房:HK$139', '豪華雙床房:HK$147', '舒適特價雙床房:HK$147']"
樂東鶯·海納里民宿客棧,9.7,"['金牛獵户大床房（公共衞浴）:HK$98', '仙后燈塔大床房（獨衞）:HK$129', '北斗雙魚陽台標間（獨衞）:HK$140', '御夫露枱燈塔三人間（獨衞）:HK$173']"
樂東黃流滙峯酒店,9.3,"['豪華大床房:HK$100', '豪華雙床房:HK$100', '豪華套房:HK$333']"
樂東州樂國際酒店（黃流店）,9.5,"['陽台標準雙人間:HK$91', '標準大床房:HK$91', '豪華套房:HK$149']"
樂東桃花園度假酒店,7.8,"['陸上標準雙人房:HK$248', '水邊豪華雙人房:HK$404', '水上豪華大床套房:HK$1,043', '水上豪華別墅:HK$2,607']"
