酒店名称,评分,房型价格列表
永州明宇尚雅酒店,9.5,"['尚雅大床房:HK$399', '尚雅雙床房:HK$399', '旅行者大床房:HK$452', '旅行者雙床房:HK$452', '探索客房（棋牌大床房）:HK$537', '俱樂部雙床房:HK$611']"
瀟湘意酒店（永州冷水灘高鐵站店）,9.0,"['瀟水映月｜湖景大床·瀟湘水色:HK$293', '城光雙影｜城景雙床·繁華流光:HK$303', '石韻獨座｜文脈大床·高效辦公:HK$336', '童遊瀟影｜親子帳篷·童夢樂園:HK$369', '雙硯文窗｜雙床·書香會客（前程似錦）:HK$369']"
全季酒店（永州冷水灘區政府店）,9.4,"['高級大床房:HK$308', '高級雙床房:HK$328', '商務大床房:HK$348', '豪華雙床房:HK$368', '豪華套房:HK$517']"
蘭歐酒店（永州冷水灘區萬達店）,9.6,"['蘭逸經典大床房（全屋智能客控+高空城景+茶台品茗）:HK$276', '蘭歐IP大床房（智能客控+休閑藤椅|雲感沙發+小罐茶）:HK$290', '蘭逸豪華大床房（智能客控+金可兒床墊+舒適辦公桌）:HK$299', '蘭逸豪華雙床房（智能客控+金可兒床墊+舒適辦公桌）:HK$299']"
悦庭嘉美酒店,9.6,"['特惠大床房:HK$259', '景觀大床房:HK$282', '豪華雙床房:HK$293', '影院雙床房:HK$304']"
松澗月民宿（永州零陵古城景區店）,9.8,"['花朝特惠大床房（燈光智能語音客控+恆温花灑、智能馬桶）:HK$238', '折枝豪華雙床房（超大落地窗+燈光智能語音客控+恆温花灑、智能馬桶）:HK$289', '澄秋中式豪華大床房（超大落地窗+燈光智能語音客控+恆温花灑、智能馬桶）:HK$317', '攬星豪華大床房（燈光智能語音客控+高清投影+恆温花灑、智能馬桶）:HK$328']"
芮洄·雅緻酒店（永州冷水灘萬達廣場店）,9.4,"['雅緻特惠大床房 （高層城景+全屋新風）:HK$273', '雲上雅緻大床房（高層城景+全屋新風+全層智能）:HK$294', '雲上雅緻雙床房（高層城景+全屋新風+全層智能）:HK$305', '雲上雅緻觀影大床房（高清投影+全屋新風+全層智能）:HK$305', '雲上270度雙床房（高層城景+全屋新風、智能+落地窗）:HK$316']"
永州華天大酒店,9.5,"['高級大床房:HK$424', '高級雙床房:HK$424', '商務景觀大床房｜禁煙｜辦公桌椅:HK$436', '商務景觀雙人間-禁煙:HK$446', '行政景觀單人間:HK$489', '行政景觀雙人間:HK$512']"
陌嶼•雅緻| LGHTANDELE•GA朵蘭湘韻酒店（永州冷水灘萬達廣場店）,9.7,"['Instant零壓·深睡大床房[智能馬桶+一次性馬桶墊]:HK$167', 'Instant零壓·深睡雙床房[xiaodu智能+LED放大除霧化粧鏡+一次性馬桶墊]:HK$167', 'Espresso設計師·甜睡大床房[全屋弱電智能+4K+65寸可投屏電視]:HK$183', 'Espresso設計師·甜睡雙床房[免享一次性馬桶墊+智能馬桶]:HK$183']"
廷泊酒店（永州高鐵站店）,9.4,"['雅悦禮居雙床房:HK$261', '尊享典居大床房:HK$276', '尊享影視房:HK$284', '茗雅禮居雙床房（一室，一廳）:HK$293', '尊享典居雙床房（一室一廳）:HK$300']"
周舍·花美時民宿（永州零陵古城店）,9.5,"['悦己·輕奢陽光大床房（茶桌+智能語音客控）:HK$542', '自得·庭院榻榻米大床房（庭院+智能語音客控）:HK$577', '悠然·豪華城景雙床房（茶桌茶具+智能語音客控）:HK$601', '閑雲·輕奢榻榻米雙床房（庭院+吊椅+智能語音客控）:HK$660']"
花美時酒店（永州零陵古城柳子廟景區店）,9.3,"['智能舒適大床房（全屋智能語音客控）:HK$391', '休閑影音大床房（智能語音客控+巨幕影音）:HK$402', '智能舒適雙床房（全屋智能語音客控）:HK$424', '星語投影幕布大床房（智能客控+巨幕影音+城景）:HK$434']"
永州華豐華天大酒店,9.5,"['高級雙床房:HK$216', '豪華雙床房:HK$259', '豪華大床房:HK$259', '行政大床房:HK$293', '行政雙床房:HK$293']"
芮洄·悦酒店（永州冷水灘高鐵站店）,9.6,"['怡悦雅居智能大床房（零壓床墊+全屋智能客控）:HK$198', '歡悦觀影智能大床房（100寸幕布4K高清投影+騰訊會員）:HK$210', '怡悦雅居智能雙床房（零壓床墊+超大空間）:HK$210', '享悦觀影智能大床房（100寸幕布4K高清投影+騰訊會員）:HK$222']"
永州嘉隆同和酒店,9.3,"['標準單人房:HK$403', '標準雙人間:HK$403', '高級單人房:HK$500', '親子雙床房:HK$500', '商務單間:HK$653', '高級商務間:HK$653']"
永州柳子酒店,9.2,"['園景雙床房:HK$195', '園景大床房:HK$195', '庭院大床房:HK$201', '庭院雙床房:HK$206']"
永州華天國際酒店（零陵店）,9.0,"['奢享|觀景巨幕影音大床房（VIP視頻會員+一鍵投屏）:HK$280', '豪華景觀雙床房:HK$286', '豪華景觀大床房:HK$287', '景觀商務套房:HK$605']"
木白民宿（零陵古城店）,9.8,"['秋陌·禪修靜心大床房（帶休閑榻榻米）:HK$465', '慕春·森系靜謐大床房:HK$486', '安夏·商務套房:HK$714', '木白庭院套房:HK$3,403']"
格林睿鉑酒店（永州冷水灘店）,9.3,"['豪華大床房[LED智能化粧鏡+乾濕分離+一次性馬桶墊]:HK$149', '豪華雙床房[100支鵝絨被床品+65寸4K電視+公區洗烘房]:HK$149', '尊享智能大床房[全屋弱電智能+乳膠靜音床墊+超大床]:HK$163', '尊享智能雙床房[全屋智能+雲上景觀+雙層隔音+4K超清]:HK$163']"
君嶼紫荊花酒店（永州冷水灘店）,9.5,"['雲嶼江景圓床房:HK$273', '君嶼豪華雙床房:HK$283', '君嶼江景大床房:HK$297', '深睡0壓豪華雙床房:HK$338']"
臻威斯酒店（永州冷水灘大市場店）,9.4,"['回龍夕照單床房:HK$264', '朝陽旭日雙床房:HK$264', '綠天蕉影高空投影雙床房:HK$287', '香零煙雨高空投影單床房:HK$292']"
閑庭絮觀景民宿（零陵古城柳宗元文化旅遊景區店）,9.5,"['童話·獨立花園·景觀房（全智能+高清投影+獨立歐式浪漫花園+觀景茶台）:HK$270', '隱溪•水景•詫寂風大床房【全智能+溪澗魚池+觀景陽台+獨立茶空間】:HK$362', '情詩·獨立花園·法式爛漫水景大圓床房（智能+獨立花園+高清投影+浴缸+水景）:HK$384', '雲上•全景俯瞰全城•loft陽光套房【全智能+觀全城景+觀日出星空+獨立大露台+燒烤+山景鳥鳴+浴缸】:HK$409']"
森林北HOTEL（冷水灘區願景國際廣場店）,8.7,"['稻香（Forest North·日式親子套房）:HK$326', '心雨（Forest North·激光投影浴缸電競套房）:HK$891', '星晴（Forest North·落地景觀電競套房）:HK$891']"
美宿歡致酒店（永州零陵古城店）,9.6,"['歡悦大床房（夢百合零壓床墊+大飄窗+全屋智能）:HK$198', '歡欣·雙床房（舒適床墊+智能客控）:HK$202', '歡愉·影院大床房（零壓床墊+全屋智能+大屏投影+電影會員）:HK$210', '歡稚·親子房（舒適床墊+小童牙具+小童洗漱用品）:HK$214']"
美宿酒店（永州冷水灘市委店）,9.7,"['高級大床房:HK$226', '豪華大床房:HK$252', '高級雙床房:HK$252', '席居榻榻米:HK$279']"
瀟湘濱湖酒店（永州經開區總部經濟大廈店）,9.4,"['浪漫主題房:HK$220', '舒適陽光雙人房:HK$226', '清新陽光單人房:HK$228', '舒適陽光靜心大床房:HK$250']"
零陵古城民宿,9.7,"['仙姑故里·舒適雙床房:HK$278', '愚溪眺雪·標準大床房:HK$278', '萍洲春漲·標準大床房:HK$278', '朝陽旭日·豪華大床房:HK$278']"
永州樂歡溪舍民宿,9.4,"['溪聲:HK$340', '溪影:HK$405', '溪品:HK$405', '溪語:HK$405']"
嘉怡酒店（永州零陵北路新步步高店）,8.4,"['豪華雙床房:HK$127', '豪華大床房:HK$270', '商務大床房:HK$270', '商務雙床房:HK$270']"
永州凱旋幻影大酒店（永州萬達廣場店）,9.9,"['商務-幻影大床房（高速WIFI+舒適辦公）:HK$158', '商務-幻影雙床房（優質好眠+恆温恆壓淋漓）:HK$158', '潮享-觀影巨幕大床房（VIP會員+房間寬敞+手機投屏）:HK$179', '潮享-觀影巨幕雙床房（VIP會員+120寸幕布+手機投屏）:HK$179']"
忻程•曼語丨LGHTANDELE•GA朵蘭湘悅酒店（永州冷水灘萬達廣場店）,9.4,"['零壓深睡雙床房「智能客控,中央空調」:HK$158', '巨幕影音星空-榻榻米房「4K手機投影+LED防霧化粧鏡」:HK$165', 'NIS設計師-深睡大床房「乳膠床墊+神奇懸浮床」:HK$178', '沉浸式270°影音大床房（智能客控+128寸幕布）:HK$178']"
維也納酒店（永州區政府廣場店）,9.6,"['高級大床房:HK$198', '高級雙床房:HK$198', '豪華大床房:HK$238', '豪華雙床房:HK$238']"
尚客優品酒店（永州零陵古城店）,9.4,"['優馨雙床房（智能客控+無線投屏+零圧床墊）:HK$179', '優馨大床房（智能客控+無線投屏+零圧床墊）:HK$179', '優品大床房（智能客控+無線投屏+零圧床墊+乾濕分離）:HK$258', '優品雙床房（智能客控+無線投屏+零圧床墊+乾濕分離）:HK$266']"
維也納國際酒店（永州一中君悦華城店）,9.4,"['高級大床房:HK$200', '豪華雙床房:HK$220', '豪華大床房:HK$220', '商務大床房:HK$251']"
歡漫酒店（永州冷水灘市委店）,9.5,"['豪華大床房（零壓助眠床墊+雲感沙發）:HK$287', '高級雙床房（零壓助眠床墊+景觀落地窗）:HK$301', '影院大床房（百寸超清巨幕投影+休閑沙發）:HK$317', '享浴大床房（縱享私浴+超大空間）:HK$317']"
莫林酒店（永州冷水灘店）,9.6,"['特惠大床房:HK$287', '雅緻大床房:HK$314', '豪華雙床房:HK$314', '豪華娛樂麻將房:HK$403']"
歡漫酒店（永州冷水灘萬達廣場店）,9.6,"['歡顏輕奢商務大床房（全屋智能語音控制+65寸高清電視+貴妃椅）:HK$224', '幻境巨幕影院大床房（全屋智能控制+百寸超清巨幕投影+休閑沙發）:HK$247', '欣悦零壓舒睡雙床房（全屋智能+零壓舒睡床墊+舒適辦公）:HK$259', '築夢智享影院大床房（全屋智能+百寸巨幕投屏+貴妃椅+零壓床墊）:HK$271']"
美宿悦致酒店（永州冷水灘店）,9.2,"['高級大床房-（雙人沙發+自動窗簾+深睡記憶枕）:HK$238', '豪華雙床房-（零壓床墊+智能馬桶+深睡記憶枕）:HK$269', '影院大床房-（百寸巨幕+極速光纖+雙人沙發）:HK$271', '影院雙床房-（百寸巨幕+小度音響+智能馬桶）:HK$280', '忻悦麻將大床房-（新風系統+靜謐空間+全屋智控）:HK$315']"
維佳智慧酒店（永州市冷水灘零陵北路店）,9.3,"['悦心·商務大床房【好眠喜臨門床墊】:HK$141', '電競雙床房【搭載RXT5060顯卡+CPU14600KF】:HK$217', '單人電竟大床房【RXT4060顯卡+2K165刷新率】:HK$220', '歡悦·商務雙床房【酒店公區自助洗衣機】:HK$237']"
柏曼酒店（永州零陵區政府店）,9.2,"['舒適大床房丨大隱於市:HK$173', '高級大床房 丨 超大空間:HK$188', '高級雙床房 丨 星幕透窗:HK$195', '影院大床房丨百寸投影VIP:HK$203']"
汐小滿酒店（永州零陵春天廣場店）,9.8,"['麗致 | 時光舒睡大床房「嚴選洗護+深睡好眠+陽谷明媚」:HK$167', '麗致|時光輕奢雙床房【晚安床墊+商務辦公+公區自助洗衣】:HK$175', '悦致|陽光深睡雙床房「採光大窗+酣暢甜睡+高織親膚布草:HK$187', '悠然|躺平榻榻米大床房「百寸超清巨幕+暢享VIP影視會」:HK$187']"
永州凱菲頓酒店（永州大市場冷水灘店）,9.4,"['清新丨特惠大床房【全屋聲控+智能可控+助眠床墊】:HK$161', '閑靜\u200c丨舒適大床房【智能可控+智能馬桶+助眠床墊】:HK$177', '清靜丨輕奢雙床房【巨幕投影+享受風景+智能可控】:HK$185', '恬靜丨投影大床房【巨幕投影+智能可控+智能馬桶】:HK$187']"
永州臨溪別院民宿,9.3,"['觀荷標準雙人間:HK$267', '聽風特色大床房:HK$286', '墨蘭雅緻大床房:HK$286', '水仙精品雙人房:HK$332']"
美宿歡漫酒店（零陵古城店）,9.4,"['高級大床房（全屋智能客控+零壓舒睡+手機投屏）:HK$198', '豪華大床房（全屋智能客控+無線投屏+零壓床墊）:HK$209', '影院大床房（全屋智能客控+巨幕投影+超大空間）:HK$221', '漫悦榻榻米間（浪漫星空頂+全屋智能客控+休閑沙發）:HK$232']"
加曼酒店（永州冷水灘萬達廣場店）,9.4,"['曼品舒適大床房（助眠床墊·智能窗簾）:HK$203', '曼音影院大床房（4K高清投影幕布+影視會員）:HK$210', '曼雪輕奢大床房（助眠床墊·會客沙發）:HK$233', '曼語城景大床房:HK$263']"
永州曉曉輕奢民宿,9.5,"['曉曉輕奢系列二·loft兩室套房:HK$225', '曉曉輕奢系列一·loft一室套房:HK$243']"
永州花語智能民宿（柳宗元文化旅遊景區零陵古城店）,9.3,"['102華語-標準大床房【茶室】:HK$185', '103依語-標準大床房【茶室】:HK$188', '205果語-榻榻米大床房【茶室】:HK$196', '203戀語-榻榻米大床房【茶室】:HK$228']"
永州瀟湘夜雨客棧,9.4,"['豪華大床房:HK$197', '豪華雙床房:HK$199', '標準雙床房:HK$210', '豪華麻將房:HK$237']"
永州楠溪居民宿（零陵古城店）,9.8,"['蘭花閣（智能語音客控+豪華乾濕分離浴室）:HK$218', '映月閣（智能語音客控+豪華乾濕分離浴室）:HK$241', '竹語閣（智能語音客控+豪華乾濕分離浴室）:HK$313', '凌煙閣（智能語音客控+豪華乾濕分離浴室）:HK$325']"
永州彩虹糖民宿,9.5,"['彩虹糖loft複式三居室:HK$267', '莫奈花園loft複式麻將親子房:HK$295']"
