酒店名称,评分,房型价格列表
頤和·永平酒店,9.5,"['舒適大床房:HK$513', '雅緻大床房:HK$545', '雅緻雙床房:HK$588', '豪華雙床房:HK$654', '頤和大床房:HK$862']"
韓思·熙湖酒店（潮州古城牌坊街店）,9.5,"['星空電影房-空氣凈化:HK$588', '檀木大床房-空氣凈化:HK$720', '檀木湖景大床房-空氣凈化:HK$775', '陽台景觀大床房-空氣凈化:HK$829', '檀木雙床房-空氣凈化:HK$829']"
汕頭小公園宜必思酒店,9.4,"['大床房（高質量睡眠）:HK$393', '高級大床房（樓景安靜）:HK$431', '雙床房（沉浸睡眠）:HK$480', '商務大床房（外景房間更大）:HK$501']"
汕頭DIOTEL潮酒店,9.5,"['潮雅·春風竹裏（潮雅大床房）:HK$701', '潮雅·品竹彈絲（潮雅雙床房）:HK$701', '潮雅·青竹丹楓（潮雅精緻大床房）:HK$823', '潮風套房:HK$1,055', '潮雅·松茂竹苞（潮雅套房）:HK$1,268', '潮頌嘉年華大床房:HK$1,482']"
樸舍民宿（萬象城店）,9.7,"['大椿 （會員巨幕投影+洗烘一體機）:HK$370', '棲夢 （會員巨幕投影+禪意吧枱+大圓床房）:HK$413', '沐陽 （會員巨幕投影+禪意吧枱）:HK$413', '一隅（會員巨幕投影+觀景陽台+超大圓床房）:HK$457']"
沐豐裏·公館（小公園汕頭旅社店）,9.8,"['風華絕代·雅緻大床房:HK$621', '僑夢港灣·潮聚雙床房:HK$731', '一夢芳華·韻味大床房:HK$731', '繁花似錦·摩登大床房:HK$839']"
山禾裏·宋代美學庭院（汕頭小公園店）,9.6,"['室外桃園·大床房·一樓庭外:HK$677', '浮生半日·大床房:HK$904', '逸趣生活·雙床房:HK$904', '煙火少城·大床房:HK$1,115', '舒適謐境·豪華大床房·內庭:HK$1,115']"
汕頭萬象城金砂東路亞朵酒店,9.5,"['高級大床房:HK$753', '行政大床房:HK$843', '尊享親子大床房:HK$933', '高級雙床房:HK$960', '行政享浴大床房:HK$1,040']"
汕頭萬象城黃河路逸扉酒店,9.2,"['高級大床房（私享Coffee機+Minbar+智能語音+智能馬桶）:HK$637', '豪華大床房（私享Coffee機+Minbar+智能語音+智能馬桶）:HK$683', '豪華臻選家庭房【私享coffee機+minibar+智能客控】:HK$712', '行政城景大床房【私享coffee機+minibar+智能客控】:HK$833', '城景豪華大床房【私享coffee機+minibar+智能客控】:HK$841']"
汕頭萬象城逸居酒店,9.4,"['逸居智能大床房（騰訊vip影院）:HK$518', '逸景影音大床房（全智能聲控）:HK$560', '逸景影音雙床房（4K影院）:HK$577', '日式榻榻米影音房（日式茶座）:HK$663', '逸居親子雙床房（親子主題）:HK$748']"
汕頭東海岸萬象滙喆啡鋭品酒店,9.7,"['品韻大床房:HK$446', '品致大床房:HK$479', '品致雙床房:HK$504', '鋭品大床房:HK$554', '鋭趣家庭房:HK$737']"
汕頭龍光喜來登酒店,9.6,"['高級特大床房:HK$1,146', '高級雙床房:HK$1,146', '豪華城景特大床房:HK$1,201', '豪華城景雙床房:HK$1,201', '豪華海景特大床房:HK$1,321', '豪華園景雙床房:HK$1,321']"
汕頭珠港戴斯溫德姆酒店,8.4,"['靜雅舒適大床房:HK$456', '悦享城景大床房:HK$495', '悦享城景雙床房:HK$515', '臻選海景大床房:HK$554', '尊享海景套房:HK$866']"
汕頭國廈萬豪酒店,9.5,"['豪華城景大床房:HK$1,401', '城市海灣雙景大床房:HK$1,528', '豪華城景雙床房:HK$1,528', '城市海灣雙景雙床房:HK$1,655', '海灣全景大床房:HK$1,783', '海灣全景雙床房:HK$1,783']"
簡愛·設計師酒店（汕頭萬象城珠江路美食街店）,9.1,"['微醺玫瑰丨花絮影視房:HK$256', '春日花序丨標準雙床房:HK$276', '小霧山雨丨豪華影院房:HK$297', '琥珀陽光丨檀香雙床房:HK$328']"
譽庭別院（汕頭萬象城龍眼南路美食街店）,9.7,"['譽house·辭音:HK$1,301', '譽house·輕徑:HK$1,301', '譽house·竹茗堂:HK$1,519', '譽house·聞鳧院:HK$1,519', '譽house·長澗舍:HK$1,519']"
汕頭珠港新城韓江路亞朵酒店,9.6,"['行政雙床房:HK$861', '行政城景大床房:HK$906', '行政城景雙床房:HK$951', '尊享大床房:HK$996', '尊享雙床房:HK$1,040']"
宜必思酒店（汕頭中山中路店）,9.7,"['大床房（精緻户型+minibar）:HK$348', '高級大床房（寧靜酣睡）:HK$378', '豪華雙床房（minibar+寬敞舒適+辦公桌）:HK$378', '商務大床房:HK$407']"
汕頭珠港新城逸扉酒店,9.3,"['豪華大床房（私享Coffee機+智能語音+智能馬桶）:HK$829', '陽光榻榻米房（觀影體驗+私享Coffee機+Minibar+保險箱）:HK$861', '豪華雙床房（私享Coffee機+智能語音+智能馬桶）:HK$968', '豪華臻選家庭房（私享Coffee機+智能語音+智能馬桶）:HK$1,043', '行政海景大床房【內海灣一線觀景+全屋智能客控】:HK$1,162']"
汕頭高鐵站希爾頓歡朋酒店,9.6,"['舒適大床房:HK$585', '高級大床房:HK$638', '舒適雙床房:HK$692', '高級雙床房:HK$798', '豪華大床房（配沙發床）:HK$798']"
碧海灣酒店（汕頭萬象城小公園店）,9.2,"['聽濤 · 特惠大床房（靜謐空間）:HK$622', '晨雨 · 景觀大床房（高空城景+盡覽繁華）:HK$644', '等風 · 景觀雙床房（高空城景+舊時巷陌）:HK$677', '海思 · 海景大床房（一線海景+碧水藍天）:HK$799']"
逸居酒店（汕頭高鐵站店）,9.3,"['逸景影音大床房【全智能影院】:HK$351', '逸景影音雙床房【全智能影院】:HK$368', '好眠商旅大床房【乳膠枕頭+品質床墊】:HK$368', '逸居安睡大床房【安睡5件套】:HK$430', '榻榻米影音浴缸房【日式茶座】:HK$474']"
汕頭萬象城黃河路亞朵酒店,9.6,"['高級大床房:HK$735', '行政大床房:HK$825', '幾木大床房:HK$915', '幾木雙床房:HK$960', '幾木家庭房:HK$1,005']"
汕頭國際大酒店,9.7,"['豪華大床房:HK$573', '高級雙床房:HK$573', '豪華雙床房:HK$744', '行政大床房:HK$744', '行政雙床房:HK$873', '行政豪華大床房-180度闊景浴室:HK$938']"
汕頭DIOTEL皇后酒店,9.9,"['和雅大床:HK$1,947', '和雅雙床:HK$1,947', '和頌大床:HK$2,360', '和頌雙床:HK$2,360', '和儀套房:HK$4,010', '和心套房:HK$5,041']"
桔子水晶汕頭萬象城黃河路酒店,9.7,"['高級大床房（高清投屏+minibar+藍牙音箱）:HK$622', '商務大床房（高清投屏+minibar+藍牙音箱）:HK$673', '豪華大床房（高清投屏+minibar+藍牙音箱）:HK$773', '商務雙床房（高清投屏+minibar+藍牙音箱）:HK$773', '豪華雙床房（高清投屏+minibar+藍牙音箱）:HK$974']"
汕頭金海灣大酒店（萬象城店）,9.2,"['豪華大床房:HK$413', '豪華雙床房:HK$413', '商務豪華大床房:HK$490', '樂享潮味大床房:HK$501', '樂享潮味雙床房:HK$501', '康養公寓房（西式廚房/客廳/冰箱/洗衣機/居家收納）:HK$654']"
汕頭龍湖賓館,9.5,"['龍湖商務大床房（南樓）:HK$541', '龍湖商務雙床房（南樓）:HK$566', '龍湖高級大床房（東樓）:HK$600', '龍湖高級雙床房（東樓）:HK$652', '龍湖景觀豪華大床房（東樓）:HK$652']"
鉑頓國際公寓（汕頭東海岸萬象滙店）,9.4,"['城景大床房（眺望東海岸+俯瞰城景+全棉床品）:HK$345', '商務大床房（高空城景+助眠零壓+全棉床品）:HK$358', '影院大床房（100寸巨幕投影+視頻vip+助眠零壓）:HK$365', '商務雙床房（一線城景+助眠零壓+全棉床品）:HK$378']"
榆璽·高空海景LOFT輕奢美寓（汕頭高鐵站店）,9.6,"['榆·驚喜特惠Loft大床房:HK$255', '榕·城景Loft大床房:HK$275', '柳·城景Loft雙床房:HK$275', '樺·海景Loft大床房:HK$373']"
潮州古城牌坊街漫心酒店,9.7,"['心怡標準大床房:HK$593', '心怡標準雙床房:HK$655', '心悦高級大床房:HK$678', '心悦高級家庭房:HK$718', '心享豪華大床房:HK$741']"
桔萊爾酒店（汕頭萬象城高鐵站店）,9.3,"['精選大床房（全屋智能聲控+落地全身鏡）:HK$312', '標準大床房（全屋智能聲控）:HK$339', '行政大床房（深泡浴缸+智能小度）:HK$425', '觀影家庭雙床房（100寸巨幕投影+舒適沙發）:HK$460', '親子家庭浴缸雙床房（小童玩具主題房）:HK$566']"
深巷（汕頭蘇寧廣場萬象城店）,9.6,"['温馨大床房（202）:HK$452', '精緻大床房（201）:HK$489', '舒適大床房（301）:HK$489', '豪華大床房（102）:HK$516']"
潮韻麗呈鉑銳酒店（汕頭金平萬達廣場店）,9.0,"['高級大床房（全屋智能+功夫茶具）:HK$403', '高級雙床房（全屋智能+舒適睡眠）:HK$403', '豪華大床房（舒適空間+全屋智能）:HK$427', '豪華雙床房（幽夢好眠）:HK$427']"
羣光惠斯維Loft公寓（汕頭萬象城龍眼南路美食街店）,9.5,"['詩意棲居·城韻LOFT雙床房丨超大落地觀景窗+冰箱:HK$439', '海韻雅筑·海景Loft雙床房丨冰箱+洗衣機+超大觀景落地窗+高清投影:HK$477', '海韻雅軒·Loft海景雙床房丨空氣凈化器+超大落地窗+洗衣機+冰箱:HK$487', '城光詩韻·loft三床房丨冰箱+洗烘一體機+超大觀景落地窗:HK$497']"
汕頭萬象城會展中心亞朵X酒店,9.5,"['高級大床房:HK$753', '行政大床房:HK$861', '高級雙床房:HK$896', '幾木大床房:HK$960', '行政雙床房:HK$996']"
汕頭君華海逸酒店（龍眼南路美食街萬象城店）,9.2,"['城景大床房:HK$514', '城景雙床房:HK$514', '豪華雙床房:HK$568', '豪華大床房:HK$568', '精選豪華大床房:HK$622', '精選豪華雙床房:HK$622']"
山禾裏·侘寂美學民宿（萬象城店）,9.6,"['標準房:HK$523', '標準大床房:HK$643', '雙床房:HK$730', '豪華大床房:HK$861']"
汕頭新濠添大酒店,9.3,"['標準景觀房（雙床）（開闊景觀+舒適體驗）:HK$338', '特惠雙床房:HK$361', '特惠大床房:HK$361', '高級景觀房（悠然觀景+獨享舒適）:HK$378', '豪華景觀房（絕美視野+温馨空間）:HK$418']"
汕頭叁號公館酒店（小公園店）,9.3,"['汕音大床房:HK$326', '汕音雙床房（無窗）:HK$326', '汕音雙床房:HK$360', '汕音豪華大床房:HK$382']"
望亭裏·輕居Hotel（汕頭小公園店）,9.4,"['特惠智能大床房:HK$400', '舒適智能大床房:HK$430', '尊享智能浴缸房:HK$478', 'Loft智能親子房:HK$503']"
瑞然酒店（汕頭萬象城店）,9.1,"['豪華大床房（高空城景+mini小冰箱）:HK$495', '巨幕影音房:HK$518', '豪華雙床房（通透外窗=mini小冰箱）:HK$555', '豪華套房（深睡床品+mini小冰箱）:HK$788', '豪華浴缸雙床套房（超大浴缸+mini小冰箱）:HK$847']"
桐舍·野奢民宿（萬象城店）,9.6,"['覓萩野（AI智能+會員巨幕投影+霧化壁爐+浴缸+洗烘一體機）:HK$644', '椿野（AI智能+會員巨幕投影+天光燈+浴缸+洗烘一體機）:HK$752', '宿棲（AI智能+會員巨幕投影+浴缸+洗烘一體機）:HK$752', '桐趣（AI智能+會員巨幕投影+滑梯+洗烘一體機）:HK$752']"
汕頭高鐵站美居酒店,9.4,"['經典大床房:HK$430', '嘉賓浴缸大床房:HK$458', '陽台豪華大床房:HK$458', '豪華大床房:HK$487', '標準雙床房:HK$487']"
汕頭詠苑民宿（小公園永平路店）,9.5,"['悠享單身投影榻榻米:HK$261', '悠享情侶投影榻榻米:HK$381', '民國雅緻雙床房:HK$381', '復古海派大床房:HK$435']"
汕頭海濱戴斯精選温德姆酒店（小公園店）,8.7,"['城景大床房（高空城景+Minibar+智能客控+智能馬桶）:HK$1,005', '城景雙床房（高空城景+Minibar+智能客控+智能馬桶）:HK$1,103', '城景親子雙床房（高空城景+Minibar+智能客控+馬桶）:HK$1,103', '豪華海景大床房（內海灣一線海景+Minibar+全屋智能）:HK$1,285', '豪華海景雙床房（內海灣一線海景+Minibar+全屋智能）:HK$1,426']"
柚居·槿夏Loft公寓（龍眼南路美食街萬象城店）,9.6,"['槿夏·落日觀瀾主題單床房【全景落地窗·海市蜃樓·3D環繞音控】:HK$455', '槿夏·流螢觀瀾主題單床房【全景落地窗IMAX小米投影】:HK$455', '槿夏·楓染秋Loft主題雙床房「霓虹夜景·巨幕投影」:HK$485', '槿夏·拾光機主題Loft雙床房「霓虹夜景·童趣風」:HK$502']"
雲端美宿（汕頭萬象城龍眼南路美食街店）,9.6,"['雲端丨豪華投影雙床房（舒適好眠+高清投影）:HK$182', '雲端丨觀景影音大床房（高清投影+高空觀景+豪華浴缸）:HK$329', '高空180度觀景套房（海灣伴景+看日出+巨幕投影+小米高清電視+舒適浴缸）:HK$347']"
汕頭裕通國際大酒店,8.6,"['高級雙床房:HK$361', '高級大床房:HK$361', '豪華大床房:HK$478', '豪華雙床房:HK$500', '120寸至尊影音大床房:HK$585', '120寸至尊影音雙床房:HK$585']"
楓雨國際公寓（汕頭萬象城會展中心店）,9.5,"['雲影小間:HK$268', '格萊美:HK$306', '潘多拉（投影房）:HK$344', '電影家:HK$371']"
