酒店名称,评分,房型价格列表
天龍灣曼悅酒店（宜州區河池學院西門店）,9.4,"['商務大床房（靜謐舒適+沙發辦公桌+助眠床墊）:HK$224', '豪華大床房（空間寬敞採光好+沙發辦公桌+乾濕分離）:HK$241', '豪華雙床房（空間寬敞採光好+沙發辦公桌+乾濕分離）:HK$248', '曼享榻榻米大床房（助眠零壓床墊+靜謐空間+乾濕分離）:HK$256', '親子雙床房（温馨舒適+辦公圓桌+55寸電視）:HK$260']"
金廣國際大酒店（河池市政府廣場店）,8.9,"['特惠雙床房:HK$205', '特惠大床房:HK$206', '商務雙床房:HK$272', '商務大床房:HK$302', '豪華雙人房:HK$311']"
雅斯特酒店（河池金城江店）,9.4,"['雅緻大床房:HK$251', '雅緻雙床房:HK$262', '豪華大床房:HK$295', '觀景雙床房:HK$317']"
雅斯特酒店（宜州河池市政中心廣場店）,9.6,"['雅緻大床房（智能客控＋靜謐舒適＋陽光通透）:HK$171', '高級大床房（智能客控＋空間寬敞＋城市景觀）:HK$202', '高級雙床房（智能客控＋舒適床品＋明亮採光）:HK$202', '豪華大床房（智能客控＋獨立冰箱洗衣機＋智能馬桶）:HK$237']"
麗楓酒店（河池澳門國際城店）,9.6,"['雅緻大床房:HK$261', '豪華大床房:HK$274', '商務大床房:HK$293', '商務雙床房:HK$293']"
河池黔安國際酒店（職教中心店）,9.4,"['舒適高級大床房:HK$267', '雅緻豪華雙床房（現代雅緻+靜密空間）:HK$274', '雅緻豪華大床房（現代雅緻+享悦城市美景）:HK$282', '輕奢觀景大床房（180°全景廣場視野）:HK$305', '春意盎然主題房:HK$326']"
城市便捷酒店（河池金城江白馬步行街店）,9.4,"['特惠大床房（記憶枕芯+城山景）:HK$142', '標準大床房（記憶枕芯+靜謐舒適）:HK$149', '高級大床房（記憶枕芯+休閑辦公+城山景）:HK$162', '標準雙床房（簡約明亮+遠山景）:HK$162']"
金源城公寓酒店（河池職教中心店）,9.6,"['城景雙床房:HK$192', 'LOFT山景大床房:HK$200', 'LOFT城景大床房:HK$204', 'LOFT城景套房:HK$272']"
河池三月花國際大酒店,9.4,"['臻選標準大床房:HK$260', '臻選標準雙床房:HK$260', '臻享舒適雙床房:HK$326', '臻享舒適大床房:HK$337', '臻悦智能雙床房:HK$348']"
宜尚酒店（河池宜州市政中心廣場店）,9.6,"['舒適大床房（簡約北歐Style+悠享辦公）:HK$206', '標準雙床房（採光通透+高速WIFI）:HK$214', '標準大床房（採光通透+高速WIFI）:HK$221', '高級雙床房（睛彩大屏+靜謐空間+高速WIFI）:HK$244']"
維也納國際酒店（河池銅鼓店）,9.6,"['高級大床房（緩壓床墊）:HK$234', '江景雙床房（龍江河風景）:HK$242', '山景大床房（舒適空間）:HK$259', '江景大床房（龍江河風景）:HK$283']"
那美山水酒店（金城江白馬步行街店）,8.8,"['特惠舒適大床房【酣暢沐浴+護脊記憶床】:HK$187', '悦享舒適大床房【新風系統+酣暢沐浴】:HK$194', '靜雅安逸大床房【清新雅緻+酣暢沐浴+深度睡眠】:HK$203', '舒雅精緻單人房【清新雅緻+酣暢沐浴+深度睡眠】:HK$212']"
城市便捷酒店河池宜州市政廣場店,9.2,"['智能舒適大床房（記憶枕|全屋智能|三層隔音）:HK$172', '智能標準大床房【中央空調|靜謐空間|網紅化粧鏡】:HK$188', '智能商務大床房【全屋智能|65寸電視|休閑沙發】:HK$203', '智能高級大床房【全屋智能|休閑沙發|全景飄窗】:HK$218']"
河池大酒店（第二高級中學市人民醫院店）,8.9,"['標準大床房:HK$202', '標準雙床房:HK$202', '精選單人房（安睡枕+乾濕分離）:HK$212', '舒適大床房（1樓）:HK$223', '舒適雙床房（1樓）:HK$223']"
城市便捷酒店（河池城東店）,9.3,"['特惠大床房:HK$165', '標準大床房（舒適好眠+城山景）:HK$178', '高級大床房（舒適好眠+休閑辦公+城山景）:HK$187', '標準雙床房（舒適好眠+城山景）:HK$200']"
城市便捷酒店（河池金城江職教中心店）,9.4,"['特惠大床房:HK$122', '標準大床房:HK$129', '高級大床房:HK$144', '高級雙床房:HK$144']"
維也納酒店（宜州三棵樹店）,9.4,"['豪華大床房-寬敞空間-辦公桌椅-乾濕分離:HK$208', '豪華雙床房-寬敞空間-辦公桌椅-乾濕分離:HK$228', '商務雙床房:HK$248', '商務大床房-寬敞空間-辦公桌椅-乾濕分離:HK$269']"
河池美宿酒店（廣西現代職業技術學院店）,9.9,"['法式歡悦大床房:HK$180', '法式心悦大床房:HK$198', '法式喜悦大床房:HK$220', '法式和悦雙床房:HK$230']"
城市便捷酒店（河池宜州汽車總站店）,9.3,"['特惠大床房【街景視野+光線明亮+休閑飄窗】:HK$138', '標準大床房【舒適安逸+温馨雅緻+休閑飄窗】:HK$150', '影院標準大床房【100寸巨幕+海量影片+主題風格】:HK$150', '標準雙床房【街景視野+光線明亮+陽光通透】:HK$158']"
城市便捷酒店（河池中心廣場店）,8.6,"['標準大床房:HK$149', '商務大床房:HK$169', '商務雙床房:HK$176', '豪華大床房:HK$196']"
城市便捷酒店（河池宜州龍江二橋店）,9.5,"['標準大床房【智能客控＋零壓助眠枕＋網紅魔鏡】:HK$195', '高級大床房【記憶助眠枕＋小度客控音響】:HK$206', '江景大床房（煙雨龍江景觀+摩天輪夜景＋網紅魔鏡）:HK$217', '高級雙床房【客控音響＋智能馬桶】:HK$217']"
設計師酒店（河池白馬步行街店）,9.3,"['歡漫-迷你單人房:HK$106', '雅緻▪日系榻榻米房（酒店公區提供自助洗衣房）:HK$141', '悦享▪商務雙人房【酒店公區提供自助洗衣房】:HK$141', '悦致-商務大床房（酒店公區提供自助洗衣房）:HK$141']"
瑞斯麗假日酒店（河池職業學院店）,9.3,"['悠靜輕奢大床房:HK$161', '悠靜豪華大床房:HK$161', '雅緻舒適雙床房:HK$167', '幽靜豪華雙床房:HK$179']"
城市便捷酒店（河池宜州體育館店）,9.4,"['標準大床房:HK$175', '高級大床房:HK$183', '高級雙床房:HK$191', '豪華大床房:HK$198']"
河池江畔居民宿,9.2,"['江景雙床房—環境温馨+酒店公區提供自助洗衣機:HK$180', '禪意大床房—環境温馨+酒店公區提供自助洗衣機:HK$210', '江景大床房—環境温馨+酒店公區提供自助洗衣機:HK$210', '江景星空房—環境温馨+酒店公區提供自助洗衣機:HK$225']"
速8酒店（河池汽車總站店）,9.4,"['靜謐大床房-零壓枕:HK$146', '清心單人舍-零壓枕:HK$157', '榻榻米悠韻間-零壓枕:HK$157', '安睡大床房-零壓枕:HK$194']"
龍崗壹號賓館（宜州站店）,8.6,"['精緻商務大床:HK$99', '舒適大床房:HK$104', '商務大床房:HK$107', '商務雙床房:HK$135']"
河池五月花時尚精品酒店,9.0,"['時尚單間（酒店提供自助洗衣房）:HK$101', '精品大床房（酒店提供自助洗衣房）:HK$111', '精品雙床房（酒店提供自助洗衣房）:HK$111', '豪華套間（酒店提供自助洗衣房）:HK$147']"
城市便捷酒店（河池體育廣場店）,7.6,"['易致特惠大床房:HK$193', '特惠雙床房:HK$204']"
河池恆祥賓館,8.4,"['普通單人間:HK$48', '普通大床房:HK$69', '舒適大床空調房:HK$77', '普通雙人間:HK$79']"
金城江歸一民宿酒店（河池市職業教育中心學校店）,9.7,"['雅緻大床房:HK$138', '精緻大床房:HK$147', '舒適雙床房:HK$156', '温馨親子房:HK$166']"
爵斯汀主題酒店（河池市政府店）,9.2,"['主題大床房:HK$195', '舒適主題大床房:HK$228', '豪華主題雙床房:HK$247', '豪華主題大床房:HK$260']"
興豐源賓館,10.0,"['普通間:HK$82', '標準間:HK$90']"
富麗賓館（西環路店）,7.1,"['普通單間:HK$38', '普通雙床房:HK$44', '舒適單間:HK$55', '舒適標間:HK$66']"
河池楠城公寓（白馬步行街店）,8.1,"['舒適大床房:HK$87', '特惠雙人床房:HK$95']"
大金小棧公寓（金城江匯金國際店）,9.3,"['29投影大床房:HK$184', '12投影一室大床房:HK$185', '60綠肥紅瘦一室大床房:HK$185', '親子雙床房:HK$222']"
金城江區林漫酒店,8.0,"['特惠房:HK$73', '標準大床房:HK$85', '標準雙人間:HK$96']"
河池三月花時尚酒店（河池學院宜州汽車總站店）,8.3,['優選丨簡約大床房（舒適睡眠+採光通透）:HK$88']
河池顧福園商務酒店,9.3,"['精品大床房:HK$140', '電腦大床房:HK$151', '雙人大床房:HK$162']"
河池市金城江區嘉達福賓館,9.7,"['標準單間:HK$83', '舒適單間:HK$96', '標準雙床房:HK$96', '舒適雙床房:HK$99']"
絲綢大酒店（河池市政府店）,8.4,"['標準單人間:HK$147', '標準雙人間:HK$147', '豪華雙人間:HK$153', '豪華單人間:HK$156']"
河池桐涵公寓,9.0,"['舒適單間:HK$130', '兩室一廳套房:HK$207']"
夢鄉便捷酒店,8.3,"['普通雙人間:HK$83', '普通單間:HK$84', '舒適標間:HK$107', '大床房:HK$112']"
河池中波商務酒店,7.4,"['特價房:HK$76', '標準單人間:HK$96', '豪華單人間:HK$97', '豪華套房:HK$126']"
絲妮漫酒店,7.6,"['標準單間:HK$99', '標準大床房:HK$101', '商務大床房:HK$108', '豪華大床房:HK$112']"
河池時光印象賓館,8.1,"['經濟單間:HK$79', '舒適單間:HK$84', '豪華大床房:HK$102', '標準雙床房:HK$135']"
河池棲居酒店,7.8,"['豪華大床房:HK$131', '豪華標間:HK$151']"
金鈺賓館（南橋店）,7.2,"['舒適大床房:HK$90', '精品大床房:HK$98', '標準雙床房:HK$98', '舒適雙床房:HK$106']"
幫哥公寓,7.7,"['標準單間:HK$91', '標準雙床房:HK$100', '豪華大床房:HK$100']"
河池金通商務賓館,7.6,"['普通單人間:HK$74', '標準間:HK$88', '標準單人間:HK$96', '豪華單人間:HK$129']"
