酒店名称,评分,房型价格列表
門源浩雲飯店,9.1,"['商務標間:HK$328', '商務大床房:HK$328', '豪華標間:HK$362', '豪華大床房:HK$396', '商務套房:HK$429']"
青海湖西海岸假日賓館,8.8,"['草原日落雙人房:HK$158', '湖景日出雙人房:HK$182', '湖景日出大床房:HK$198', '普通三人間:HK$234']"
朵朵民宿,9.3,"['兩室兩廳套房A:HK$608', '兩室兩廳套房B:HK$608', '兩室兩廳套房C:HK$608']"
青海湖恆雅賓館,8.7,"['標準間:HK$461', '大床房:HK$461', '三人間:HK$496', '親子間:HK$496']"
南庭東驛賓館,9.6,['標準雙床房:HK$193']
祁連濱州大廈,9.0,[]
