酒店名称,评分,房型价格列表
海東嘉悦家庭賓館,9.6,"['嘉悦休閑大床房:HK$139', '嘉悦情侶大床房:HK$149', '嘉悦舒適雙床房:HK$167', '三室兩廳套房:HK$334']"
海東曹家堡空港加州旅館,9.5,"['標準雙床房（地暖）:HK$237', '豪華大床房（地暖）:HK$247', '大床房（地暖）:HK$247']"
海東宏達賓館,8.1,"['舒適大床房:HK$167', '城景大床房:HK$184', '城景標準間:HK$193', '休閑雙床套房:HK$212']"
景和商務賓館,7.6,"['電競單人間:HK$128', '主題房:HK$130', '標準間:HK$139', '大床房:HK$139']"
海東空港之家家庭賓館,8.0,"['商務標準雙床房（地暖）:HK$219', '大床房（地暖）:HK$219', '商務套房（地暖）:HK$556']"
聚緣客棧,8.6,"['浪漫圓床房:HK$108', '温馨家庭房（公共衞生間）:HK$109', '家庭標間（公共衞生間）:HK$120', '精品大床房:HK$151']"
海東源朋家庭賓館,7.1,"['大床間（公共衞浴）:HK$128', '歐式大床間（公共衞浴）:HK$128', '高級大床間（公共衞浴）:HK$148', '雙床房（公共衞浴）:HK$157']"
海東雲凈合院酒店（袁家村店）,6.7,"['雲舍標間:HK$340', '雲舍大床:HK$340', '雲舍家庭房:HK$401', '山居炕房:HK$473']"
海東棲間堂日租房,6.4,"['經濟大床房:HK$120', '雙人房:HK$149', '大床房:HK$151', '三室一廳:HK$251']"
麗呈睿軒酒店（循化駝泉路店）,9.6,"['輕奢智能雙床房:HK$387', '豪華舒睡大床房:HK$397', '奢享智能雙床房:HK$417', '豪華三人房:HK$428', '行政套房:HK$692']"
民和海鴻國際楓璟酒店,9.1,"['商務大床房:HK$230', '商務雙床房:HK$230', '豪華大床房:HK$302', '親子套房:HK$389']"
星程酒店（化隆羣科迎賓大道店）,9.4,"['高級大床房:HK$199', '雙床房:HK$210', '高級雙床房:HK$221']"
中和源循化國際飯店,9.3,"['豪華標間:HK$271', '豪華大床房:HK$271', '豪華河景大床房:HK$315', '豪華河景標間:HK$315', '電競雙人間:HK$315']"
坎布拉大酒店,9.8,"['豪華大床房:HK$193', '舒適雙床房:HK$197', '舒適親子間:HK$240', '舒適套房:HK$398']"
互助農家驛站,7.6,"['普通雙人間（公共衞生間）:HK$96', '三人間（公共衞生間）:HK$107', '豪華雙床房:HK$120', '豪華大床房:HK$120']"
民和唐蕃古驛假日賓館,5.8,"['標準大床房:HK$155', '標準雙床房:HK$155', '精品雙人間:HK$202', '三人房:HK$233']"
循化賓館,5.9,"['單間:HK$128', '標間:HK$156', '豪華雙床套房:HK$305', '豪華單間套房:HK$305']"
化隆伯爾曼賓館,5.8,"['標準間:HK$173', '大床房:HK$173', '豪華套間:HK$468']"
安城嘉靜快捷酒店（曹家堡機場店）,9.4,[]
