酒店名称,评分,房型价格列表
清遠安野.佩樂温泉民宿,9.6,"['全景觀温泉泡池雙床房丨私家觀景泡池+落地窗庭院景觀:HK$774', '私家影音温泉大床一房套房丨私家泡池+私家投影+榻榻米茶室+落地窗庭院景觀:HK$818', '全景觀温泉泡池大床房丨私家觀景泡池+180度全落地窗庭院景觀:HK$889', '私家庭院温泉雙床套房|私家庭院+庭院户外超大温泉泡池:HK$922', '溪畔野趣私家庭院温泉套房|臨溪獨棟+超大户外温泉泡池+超大雙床+溪畔私家庭院:HK$978']"
清遠寶晶宮天鵝湖温泉酒店,9.1,"['園景大床房:HK$816', '園景雙床房:HK$817', '180度湖景雙床房:HK$919', '180度湖景大床房:HK$919', '11米豪華庭院房車:HK$1,067', '一線湖景雙床房:HK$1,068']"
芸山雅筑（英西峯林走廊店）,9.8,"['標準雙床房（低樓層）:HK$427', '中層雙床房:HK$520', '高層大床房:HK$576', '中層親子雙床房:HK$576']"
鉑頓國際公寓（清遠樵順廣場店）,8.9,"['雅緻城景大床房（城景大陽台+坐卧長沙發+深睡床墊）:HK$195', '輕奢城景大床房（城景大陽台+超大空間+坐卧長沙發）:HK$219', '輕奢城景雙床房（城景大陽台+超大空間+坐卧長沙發）:HK$243', '奢享行政家庭套房（城景大陽台+雙卧室+大會客區）:HK$291']"
清遠米墅稻田野舍温泉民宿,9.5,"['四季堂·大床房｜獨立温泉泡池+陽台私家茶台:HK$716', '四季堂·雙床房｜獨立温泉泡池+陽台私家茶台:HK$716', '聽鳥大床房｜全景玻璃+庭院獨立温泉泡池+露台觀景茶室:HK$814', '沐雨雙床房｜全景玻璃+庭院獨立温泉泡池+露台觀景茶室:HK$814']"
美林湖温泉大酒店,9.5,"['豪華雙床房|帶浴缸:HK$1,150', '豪華大床房|帶浴缸:HK$1,150', '豪華大床零壓房|帶浴缸:HK$1,194', '美林套大床房|帶浴缸:HK$1,376', '美林套雙床房|帶浴缸:HK$1,376', '豪華家庭雙床房:HK$1,376']"
清遠龍森谷民宿,10.0,"['晴絮·舒 標準星空大床房-浴缸-小霸王遊戲機:HK$801', '霧紗·輕 星空開放式套房-圓形浴缸-小霸王遊戲機:HK$1,200', '雨澗·潤 温馨大床房-浴缸:HK$1,452', '雲霓·悠 和風兩室榻榻米星空套房-浴缸-小霸王遊戲機:HK$1,665']"
銀盞君瀾温泉酒店,9.1,"['景觀雙人房:HK$432', '景觀泡池大床房:HK$630', '景觀泡池雙人房:HK$630', '豪華景觀雙床房:HK$689', '酷芽超級飛俠恐龍主題雙床房:HK$693']"
喆·啡酒店（清遠大道清城輕軌站店）,9.8,"['醇享生活大床房:HK$330', '啡凡高級大床房:HK$374', '啡凡高級雙床房:HK$374', '啡凡豪華雙床房:HK$396', '啡凡奢華大床房:HK$396']"
美好時光湖鏡民宿,9.5,"['泛舟 | 全湖景 | 巨幕投影 | 觀景大陽台 | 温馨雙床:HK$982', '桃島丨全湖景丨巨幕投影丨鴛鴦泡池丨浪漫圓床:HK$1,408', '紫微 | 全湖景丨巨幕投影丨鴛鴦泡池丨浪漫圓床房:HK$1,408', '竹外 | 全湖景丨巨幕投影丨觀景大陽台丨温馨雙床房:HK$1,408']"
清遠古龍峽山谷里民宿,9.7,"['觀瀾覓靜·榻榻米豪華山景大床房（落地觀景花園）:HK$404', '南潯拾悦·日式投影房（禪意觀景+綠植擁纜+山景攬悦）:HK$469', '憩心逐月·洞穴風豪華大床房（浴缸·山景花園·投影）:HK$512', '原野部落·山景泡泡浴房（浴缸·語音智能·影音房）:HK$512']"
英德·松香山舍The Rosin Valley Villa & SPA（積慶裏仙湖店）,9.7,"['野奢私享【天然温泉】雙床房:HK$740', '野奢私享【天然温泉】大床房:HK$740', '松香·野奢真温泉別墅4房4私池（大庭院+大燒烤池+KTV+麻雀+智能馬桶+大廚房）:HK$3,379', '松香·野奢真温泉別墅5房5私池（大庭院+大燒烤池+KTV+麻雀+智能馬桶+大廚房）:HK$3,754']"
八畝晴川·英德,9.6,"['園景榻榻米大床房:HK$511', '園景榻榻米雙床房:HK$511', '庭院榻榻米大床房:HK$839', '庭院大床房:HK$839', '複式山景大床房:HK$839']"
凱里亞德酒店（清遠清新體育館飛來湖店）,9.5,"['輕享雙床房（心之安處+智能投屏+辦公桌椅）:HK$296', '輕享大床房（智能投屏+辦公桌椅+甜睡好眠）:HK$297', '優享大床房（璀璨夜景+辦公桌椅+靜謐好眠）:HK$318', '優享雙床房（全免充電器·辦公書桌椅·好眠零壓床）:HK$328']"
有居民宿（清遠太和古洞古龍峽店）,9.4,"['無塵-標準大床房:HK$655', '若谷-園景大床房:HK$764', '雲門-標準雙床房:HK$873', '無為-高級大床房:HK$982']"
清遠熹樂谷温泉度假酒店,9.2,"['主樓區-泰韻高級雙床房:HK$1,014', '悦泉苑區-悦泉苑高級雙床房|獨立泡池:HK$1,014', '主樓區-雅泉高級雙床房:HK$1,014', '悦泉苑區-悦泉苑高級大床房|獨立泡池:HK$1,116', '主樓區-泰韻泰麗大床房:HK$1,116', '主樓區-泰韻泰麗雙床房:HK$1,116']"
清遠古龍峽·河中温泉VLOG酒店,9.5,"['森林墅·園景大床房|私家泡池:HK$1,365', '草原帳篷房|私家泡池:HK$1,471', '精靈樹屋|私家泡池:HK$1,471', '森林墅·湖畔複式套房|私家泡池:HK$1,471', '森林墅·湖畔大床別墅|私家泡池:HK$1,471', '森林墅·豪華雙床別墅|私家泡池:HK$1,471']"
英德芸居度假酒店（英西峯林走廊店）,9.4,"['高級大床房:HK$541', '高級雙床房:HK$541', '山景雙床房:HK$652', '山景大床房:HK$652', '家庭親子房:HK$759']"
城市便捷酒店（清遠順盈時代廣場體育館店）,9.6,"['標準大床房（舒適安靜｜記憶枕頭｜手機投屏）:HK$201', '商務大床房 （悠享辦公｜記憶枕頭｜手機投屏）:HK$207', '商務雙床房（寬敞明亮｜記憶枕頭｜手機投屏）:HK$227', '豪華智能大床房（智能客控｜空間闊綽｜手機投屏）:HK$227']"
清遠樂龍温泉民宿,9.2,"['山景私家泡池大床房:HK$543', '山景温泉房（子母床）:HK$585', '山景雙床房:HK$628', '親子套房:HK$938']"
清遠佛岡森波拉松鼠酒店,9.3,"['松鼠1號樓丨抒情假日大床房（帶獨立泡池）:HK$1,269', '松鼠1號樓丨抒情假日雙床房（帶獨立泡池）:HK$1,269', '松鼠1號樓丨森林奇遇家庭房（帶獨立泡池）:HK$1,483', '松鼠1號樓丨漫夜星空家庭房（帶獨立泡池）:HK$1,483', '松鼠1號樓丨抒情假日豪華套房1房1廳（帶獨立泡池）:HK$1,590', '松鼠1號樓丨抒情假日至尊套房1房1廳（帶獨立泡池）:HK$1,910']"
清遠長隆長頸鹿城堡酒店,9.1,"['斑馬雙床房:HK$1,528', '斑馬大床房:HK$1,528', '鹿趣大床房:HK$1,746', '鹿趣雙床房:HK$1,746', '萌趣大床房:HK$1,965', '鹿趣家庭房:HK$2,183']"
英德巒上·憩温泉民宿（積慶裏仙湖旅遊度假區店）,9.7,"['戀上十七東南亞風情·4房温泉見山小院:HK$3,182']"
清遠博雅酒店（體育公園順盈廣場店）,9.2,"['輕享泊居大床房【品牌床墊丨高級床品】:HK$208', '尊享豪華大床房【零壓床墊丨舒適空間丨高級床品】:HK$221', '尊享豪華雙床房【零壓床墊丨舒適空間丨高級床品】:HK$221', '影院巨幕大床房【奇異果TV會員丨私人影院】:HK$236']"
英德芸汐温泉度假別墅（積慶裏仙湖旅遊度假區店）,9.4,"['園景1房1廳別墅丨茶園+私家温泉+KTV+麻將+庭院:HK$861', '園景2房4床別墅丨茶園+私家温泉+KTV+麻將+庭院:HK$1,298', '園景3房6床別墅丨茶園+私家温泉+KTV+麻將+庭院:HK$1,626', '舒適4房8床別墅丨茶園+私家温泉+KTV+麻將+庭院:HK$2,937']"
清遠二十一度·星空泳池峯林祕境山居,9.4,"['花園標準雙床房:HK$719', '山景經典大床房-觀景小泡池:HK$798', '山景壁爐大床房:HK$798', '山景露台大床房:HK$798']"
清遠丁香花園酒店,9.4,"['標準雙床房:HK$445', '江景雙床房:HK$494', '標準大床房:HK$598', '江景大床房:HK$637', '標準套房:HK$943', '江景套房:HK$1,159']"
清遠止林温泉民宿,9.4,"['私家温泉日式情侶房:HK$639', '獨院私家温泉複式家庭房:HK$732', '豪華私家温泉日式房:HK$732', '空中温泉豪華套房:HK$825']"
麗楓酒店（清遠金碧灣店）,9.4,"['標準單人房:HK$205', '標準雙床房:HK$205', '豪華大床房:HK$229', '豪華雙床房:HK$237']"
清遠西溪子民宿,9.4,"['特惠大床房:HK$874', '幽靜山景大床房:HK$994', '景觀花園大床房:HK$1,388', '精緻湖景大床房:HK$1,388']"
清遠桃花湖自家院子民宿,9.5,"['野渡｜超視野湖景｜晚霞｜270度觀景大露台｜情侶套房:HK$588', '黛綠｜超視野湖景｜晚霞｜270 度觀景大露台｜情侶大床套房:HK$588', '聽風｜超視野湖景｜晚霞｜觀景大露台｜親子套房:HK$665', '秀水｜超視野湖景｜晚霞｜觀景大露台｜親子套房:HK$665']"
清遠佛岡特蘭諾温泉度假酒店,9.5,"['雙床房·慕雲觀山（別墅山景+巨幕投影）:HK$767', '雙床房·行雲流水（網紅浴缸+湖景露台）:HK$905', '超大床·行雲流水·情侶套房（網紅浴缸+湖景露台）:HK$967', '雙床房·熹樂融融家庭房（趣味主題+私家湯池）:HK$1,073', '一室一廳·夜攬星河温泉套房（私家湯池+湖景露台）:HK$1,239']"
江瀾·覓灣民宿,9.9,"['【覓•悠岸】江景日落大床房:HK$405', '【瀾·靜恬】江景日落大床房:HK$405', '【覓·自在】超大落地窗江景雙床房:HK$512', '【覓·初見】超大落地窗江景雙床房:HK$612']"
View Villa Loft ｜高空·複式TIME時光清淺酒店（清遠銀盞站店）,9.3,"['雅緻商務｜loft大床套房【舒適空間+獨立陽台+洗衣機】:HK$125', '暮光蜜悦｜loft大床套房【私密空間+高空景觀+洗衣機】:HK$136', '雅緻商務｜loft兩房套房【舒適空間+獨立陽台+洗衣機】:HK$182', '蛋仔派對複式兩房一廳套房:HK$210']"
清遠清新希爾頓歡朋酒店,9.5,"['高級大床房（帶沙發床）:HK$470', '高級雙床房:HK$470', '豪華大床房（帶沙發床）:HK$558', '豪華雙床房:HK$558', '超級飛俠酷芽親子豪華子母房:HK$605']"
英德趣墅心花小鎮煙雨江南温泉度假村,9.0,"['憶江南·2房3床別墅（泡池·麻將·碳烤爐）:HK$653', '印象沐野·2房3床別墅（KTV·泡池·麻將·碳烤爐）:HK$763', '竹枝詞·3房5床別墅（泡池·街機·麻將·碳烤爐）:HK$872', '楊柳枝·4房7床別墅（泡池·街機·麻將·碳烤爐）:HK$981']"
白廟·攬月民宿,10.0,"['「聞鶯」田園大床房:HK$280', '「染霞」落日大床房:HK$353', '「逐浪」江景大床房:HK$365', '「浮夢」江景浴缸大床房:HK$440']"
英德•水雲雅舍美墅 （英西峯林走廊店）,9.2,"['園景·榻榻米雙床房:HK$436', '園景·浴缸雙床房:HK$477', '山景·景觀雙床房:HK$499', '雅居·輕奢大床房:HK$554']"
麗楓酒店（清遠高鐵站碧桂園店）,9.3,"['豪華大床房（智能客控+智能馬桶+辦公方桌）:HK$286', '景觀大床房（智能客控+智能馬桶+城市景觀）:HK$307', '商務大床套房（商務辦公桌+沙發+智能馬桶）:HK$331', '豪華雙床房（智能客控+智能馬桶+辦公方桌）:HK$341']"
清遠佛岡森波拉森林酒店,9.1,"['豪華大床房:HK$970', '豪華雙床房:HK$970', '豪華蜜月圓床房:HK$1,080', '豪華行政大床房:HK$1,189', '豪華套房:HK$1,407']"
清遠大角禾場生態度假村,9.6,"['海後船屋-私湯星空房:HK$1,462', '天喜花園-私湯榻榻米:HK$1,568', '牧夫別院-私湯雙床房:HK$1,697', '牧夫別院-私湯大床房:HK$1,697', '比鄰複式-私湯別墅:HK$3,086']"
喆·啡酒店（清遠清城加州花園店）,9.6,"['醇享生活房:HK$266', '醇享大床房:HK$291', '醇享雙床房:HK$307', '啡凡大床房:HK$315']"
泉裏度民宿,9.6,"['山貳房（一房一庭院）:HK$950', '松叁房（一房一庭院）:HK$1,077', '山壹房（兩房一庭院）:HK$1,797']"
凱里亞德酒店（清遠城市廣場店）,9.5,"['輕享雙床房:HK$264', '輕享大床房:HK$274', '榮享雙床房:HK$306', '榮享大床房:HK$319']"
清遠三季稻温泉民宿,9.6,"['日式情侶大床房:HK$593', '舒適温馨雙床房:HK$611', '星空一房一廳大雙床房:HK$778', '温馨親子房:HK$871']"
雲棲陌野度假美宿（英西峯林店）,9.7,"['山奢·雅緻觀日特惠大床房:HK$1,989', '山縵&雲野·精緻私湯大床房| 山景:HK$2,360', '野奢·雅緻田園雙床房:HK$2,360', '雲起&山隱·雅緻私湯大床房| 山景:HK$2,555', '畫山&雲逸·私湯大床房 | 超大觀景陽台:HK$2,918']"
清遠新世界酒店,9.4,"['豪華大床房:HK$1,224', '豪華雙床房:HK$1,224', '豪華庭院大床房:HK$1,378', '豪華庭院雙床房:HK$1,378', '豪華園景大床房:HK$1,378', '豪華園景雙床房:HK$1,378']"
湖曦·雲棧民宿（清遠桃花湖店）,9.6,"['櫞來丨側湖景榻榻米雙床房（智能馬桶+茶具）:HK$1,134', '雲蔚丨側湖景大床房（智能馬桶+茶具）:HK$1,134', '晨曦丨180度正向湖景大床房（智能馬桶+浴缸+茶具）:HK$1,626', '沁香丨180度湖景大床房（智能馬桶+浴缸+茶具+陽台）:HK$1,626']"
高德·悦酒店（清遠體育公園順盈廣場店）,9.5,"['商務大床房:HK$284', '商務雙床房:HK$291', '豪華大床房（智能客控+智能馬桶）:HK$297', '悦享大床房（電影+超大床）:HK$310']"
清遠泉現温泉民宿,9.3,"['至尊庭院·大床温泉套房:HK$1,298', '湖景獨棟·庭院大床温泉套房:HK$1,353', '湖景獨棟·雙床温泉套房:HK$1,408', '至尊庭院·雙床温泉套房:HK$1,408', '親水泳道·庭院大床獨棟温泉套房:HK$1,626']"
