酒店名称,评分,房型价格列表
喜嶼·韓江觀景度假美宿（潮州古城牌坊街店）,9.3,"['棲雲·舒適大床房（景觀花園+零壓乳膠+全棉床品）:HK$358', '撫琴·景觀大床房（私享園景+乳膠零壓+安靜舒眠）:HK$396', '清歡·悠享浴缸大床房（大屏投影+乾濕分離+全棉床品+乳膠床墊）:HK$468', '桑落·精品雙床房（深度好眠+乾濕分離+乳膠床枕+全棉床品）:HK$490']"
潮州南邑大酒店（潮州古城牌坊街店）,9.3,"['特惠大床房:HK$338', '特惠雅緻大床房:HK$349', '特惠無窗大床房:HK$349', '特惠無窗雙床房:HK$376', '特惠高級雙床房:HK$403']"
潮橙居（潮州廣濟橋牌坊街店）,9.4,"['投影精緻大床房 （智能音控 + 乾濕分離 + 影視會員 + 純棉床品）:HK$287', '雅緻大床房 （智能音控 + 乾濕分離 + 純棉床品）:HK$331', '豪華大床房 （智能音控 + 乾濕分離 + 純棉床品）:HK$352', '舒適雙床房 （智能音控 + 乾濕分離 + 純棉床品）:HK$353']"
鉑頓國際公寓（潮州韓江人民廣場店）,9.4,"['智能大床房（智能客控+功夫茶具+24小時新風系統）:HK$268', '雅緻雙床房:HK$287', '影院家庭房:HK$298', '智能雙床房（智能客控+功夫茶具+24小時新風系統）:HK$320']"
花築·藝術家民宿（潮州古城牌坊街西馬路店）,9.6,"['靜客丨奢享大床房:HK$544', '米蘭丨奢享大床房:HK$599', '半夏丨奢享大床房:HK$599', '忘憂 | 奢享花園大床房:HK$721']"
清風山房韓江觀景度假莊園,9.6,"['江畔·浴缸大床房（舒緩浴缸+夕陽美景+零壓乳膠）:HK$580', '攬溪·園景大床房:HK$632', '茶語·陽台雙床房（私享茶塌+古塔景觀+零壓乳膠）:HK$890', '山水·江景浴缸大床房（夕陽全景+舒壓按摩+私享浴缸）:HK$1,040', '池畔·童趣親子房（營地園景+日式茶塌+童趣帳篷）:HK$1,062']"
潮·坊居（潮州牌坊街廣濟橋店）,9.3,"['雲舒丨景觀大床房（智能客控+透明浴缸+百寸投影+工夫茶具+太空記憶棉）:HK$1,059', '雲華丨觀景大床房（智能客控+私享懸浮浴缸+百寸投影+工夫茶具+太空記憶棉）:HK$1,146', '雲霧丨雙床房（智能客控+百尺巨幕+工夫茶具+太空記憶棉）:HK$1,234', '朝暮丨景觀大床房（智能客控+私享浮浴缸+百寸投影+按摩椅+工夫茶具+太空記憶棉）:HK$1,322']"
潮州騰瑞皇冠假日酒店,9.5,"['高級山景雙床房:HK$831', '皇冠家族親子山景雙床房:HK$923', '豪華山景大床房:HK$938', '高級江景雙床房:HK$1,023', '高級江景大床房:HK$1,216', '高級廣濟橋景大床房:HK$1,365']"
洲上·壹叁間民宿（潮州古城廣濟橋店）,9.7,"['靜謐觀影.複式閣樓房（大屏投影+LOFT設計+智能家居）:HK$684', '270°江景奢享大床房（夕陽全景+休閑空間+大屏投影）:HK$684', '180°江景浴缸大床房（夕陽景觀+解壓浴缸+大屏投影）:HK$684', '獨享大露台度假花園房（花園露台+度假躺椅+大屏投影）:HK$795']"
潮州閤府莊園,9.2,"['茗薈大床房 （全屋智控+迷你小冰箱+工夫茶具）:HK$442', '吉瑞雙床房（全屋智控+迷你小冰箱+工夫茶具）:HK$525', '逸賢浴缸大床房（圓形浴缸+葯浴泡澡+暢享茶空間）:HK$596', '鴻裕豪華雙床房（全屋智能+工夫茶具+寬敞空間）:HK$700', '獨棟雙床小別墅（園林全景觀+全屋智控+工夫茶具）:HK$700', '鴻裕Ultra雙大床房（全屋智能+工夫茶具+後花園）:HK$700']"
外灘臻品公寓（騰瑞外灘灣店）,9.6,"['觀鳳凰洲江景2515房《雅韻閣》LOFT複式公寓-智能家居:HK$576', '觀鳳凰洲江景2516房《炫宇小屋》複式公寓-智能家居:HK$576', '觀鳳凰洲江景2413房《夢韓閣》LOFT複式公寓-智能家居:HK$576', '觀鳳凰洲江景《2913房》LOFT複式公寓:HK$576']"
潮州瀛洲設計酒店,9.7,"['瀛選精緻大床房:HK$833', '瀛選精緻家庭房:HK$1,047', '瀛選景緻雙床房:HK$1,474', '瀛選豪華雙床房:HK$1,474', '瀛選豪華大床房:HK$1,474']"
潮州耀和別院·清代庭院,9.4,"['梅石齋東院·兩室一廳獨院（居家小院落+茶室+庭院景觀）:HK$1,555', '載福·兩室四床（清代書齋+私享茶室+歷史名宅）:HK$1,625', '白鹿精舍·三室一廳獨院（清代書齋+恆温浴池+茶室+廚房）:HK$2,090', '槐廬·三室一廳獨院（民國庭院+恆温浴池+茶室+廚房）:HK$2,090']"
韓思·悦酒店（潮州古城牌坊街店）,9.2,"['高級大床房-零壓床品:HK$258', '思悦大床房-零壓床品:HK$302', '豪華大床房-零壓床品:HK$335', '豪華雙床房-零壓床品:HK$400', '思悦家庭房:HK$465']"
Urba柏納·國際公寓（潮州古城牌坊街店）,9.4,"['臻選大床房（智能客控+高清投屏電視）:HK$294', '精選大床房（智能客控+高清投屏電視）:HK$304', '精選雙床房（智能客控+高清投屏電視）:HK$327', '影音雙床房（影音巨幕+智控）:HK$370', '豪華雙床房（炫彩波紋燈+智控+高清投屏電視）:HK$402']"
希居（潮州古城廣濟橋江景店）,9.4,"['温馨·高級大床房（全屋智能+雲視聽會員+安靜舒適+助眠零壓床墊+全棉高織床品）:HK$318', '觀影·豪華大床房（側面江景+100寸影院投屏+全屋智能+助眠零壓床墊+全棉高織床品）:HK$365', '温馨·高級雙床房（全屋智能+雲視聽會員+助眠床墊）:HK$418', '江景·浴缸大床房（一線江景+眺望廣濟橋+全屋智能+雲視聽會員+助眠零壓床墊+全棉高織床品）:HK$419']"
皇家·馬拉喀什民宿（潮州古城牌坊街店）,9.5,"['賽琳|隱世大床房（湯池+投影+空氣凈化器）:HK$957', '月懿|鎏金大床房（浴缸+空氣凈化器+沙發床）:HK$1,224', '蕾雅|逸奢大床房（湯池+投影+空氣凈化器+沙發床）:HK$1,352', '心殿|御廷大床房（巨無霸湯池+投影+空氣凈化器）:HK$1,482', '皇家|古堡大床房（湯池+空氣凈化器）:HK$1,611']"
潮·莫奈花園（潮州古城牌坊街店）,9.7,"['諾曼底大床房（智能客控+百寸巨幕+私享浴缸+ 太空記憶棉）:HK$775', '盧浮宮圓床房（智能客控+百寸巨幕+私享浴缸+ 太空記憶棉）:HK$884', '180°城景圓床房（智能客控+百寸巨幕+私享浴缸+ 太空記憶棉+唯美夜景）:HK$1,059', '南法假日雙床房（智能客控+百寸巨幕+ 太空記憶棉）:HK$1,092']"
蘭歐酒店（潮州古城牌坊街店）,9.2,"['標準大床房:HK$297', '影音大床房:HK$306', '標準雙床房:HK$337', '豪華大床房（私享按摩椅+智能語控）:HK$349', '高級雙床房:HK$385']"
潮州古城人民廣場亞朵酒店,9.4,"['雅緻大床房:HK$389', '高級大床房:HK$432', '高級雙床房:HK$432', '高級影音大床房:HK$474', '幾木雙床房:HK$517']"
潮州Panda·熊貓來了花園,9.2,"['180°大視野大床房（私享浴缸+一線江城景+智能客控）:HK$545', '舒適城景雙床房（智能客控+巨幕投影+一線城景）:HK$633', '豪華城景雙床房（智能客控+巨幕投影+一線城景）:HK$687', '230°景觀雙床房（智能客控+巨幕投影+天空記憶棉）:HK$742', '230°全江景大床房（私享浴池+智能客控+一線江景）:HK$775']"
潮州韓濱天宸公寓（騰瑞外灘灣店）,9.6,"['韓濱-（韓景閣）觀江景高層Loft複式公寓-智能家居:HK$573', '韓濱-薈景江畔·江景大床房高層Loft複式公寓:HK$573', '陽光花月.觀日出 Loft複式公寓榻榻米大床房:HK$596', '知閑居·（看日出、觀動感摩天輪，雙大床）高層Loft複式公寓:HK$596']"
2808號公寓（潮州騰瑞外灘灣騰瑞中心店）,9.8,"['燈光秀江景三室二廳套房:HK$1,944']"
麗楓酒店（潮州温泉江景店）,9.5,"['雅緻大床房（空氣凈化器+慕斯床墊+投屏電視）:HK$309', '豪華大床房（空氣凈化器+慕斯床墊+投屏電視）:HK$340', '豪華雙床間（空氣凈化器+慕斯床墊+投屏電視）:HK$377', '江景大床房（空氣凈化器+慕斯床墊+投屏電視）:HK$390']"
桔子美居（潮州古城牌坊街店）,9.3,"['臻選大床房（護脊床墊+記憶枕+小冰箱+功夫茶具）:HK$376', '陽光鮮桔大床房（護脊床墊+記憶枕+小冰箱+功夫茶具）:HK$431', '尊榮雅居大床房（護脊床墊+記憶枕+小冰箱+功夫茶具）:HK$498', '尊榮雅居家庭房（護脊床墊+記憶枕+小冰箱+功夫茶具）:HK$551', '陽光鮮桔親子房（護脊床墊+記憶枕+樂享童趣+小冰箱）:HK$609']"
潮州古城牌坊街漫心酒店,9.7,"['心怡標準大床房:HK$471', '心怡標準雙床房:HK$510', '心悦高級大床房:HK$534', '心悦高級家庭房:HK$573', '心享豪華大床房:HK$596']"
花築·東門客棧（潮州廣濟橋牌坊街店）,9.4,"['中式大床房（乳膠床墊+乾濕分離）:HK$293', '中式雙床房（乳膠床墊+乾濕分離）:HK$377', '歐式經典大床房（乳膠床墊+乾濕分離）:HK$516', '歐式豪華大床房（乳膠床墊+乾濕分離）:HK$615']"
潮州財富中心希爾頓歡朋酒店,9.4,"['豪華大床房:HK$551', '豪華雙床房:HK$596', '豪華商務大床:HK$651', '豪華商務雙床房:HK$651', '親子大床房:HK$723']"
潮漫酒店（潮州古城人民廣場店）,9.4,"['品質嚴選大床房:HK$229', '品質欣選大床房:HK$271', '品質致選雙床房:HK$314', '品質致選大床房:HK$326']"
揭陽舒宸酒店（進賢門店）,9.5,"['特價大床房:HK$325', '特價雙床房:HK$325', '商務大床房|全屋智能|:HK$346', '商務雙床房|全屋智能|:HK$379', '豪華大床房|智能小度+智能化粧鏡|:HK$402']"
駿景國際酒店（潮州韓江人民廣場店）,9.4,"['景雅·私享大床房『温馨出行+功夫茶具+自然眠愈被芯』:HK$311', '駿雅·沐日大床房『功夫茶具+超柔親膚布草+通透採光』:HK$363', '景雅舒適雙床房（功夫茶具+安靜舒適）:HK$383', '駿雅·靜謐輕奢雙床房『舒適沙發+通透採光』:HK$447', '駿雅輕奢江景大床房（功夫茶具+180°觀景+智能客控+休閑桌椅）:HK$447']"
州里設計潮宿（潮州古城牌坊街店）,9.6,"['快樂的彩蛋大床房（小度智能+全棉床枕+雅緻空間+乾濕分離）:HK$428', '沙萬·獨享大床房（小度智能+全棉床枕+別緻空間+乾濕分離）:HK$452', '哈桑·私享大床房（特大床+小度智能+全棉床枕+乾濕分離）:HK$502', '萊索·尊享大床房（特大床+獨立浴缸+小度智能+大屏投影+全棉床枕+乾濕分離）:HK$564']"
潮州希爾頓惠庭酒店,9.1,"['靈動大床房（膠囊coffee機+微波爐+雙功能小冰箱）:HK$481', '靈動雙床房（膠囊coffee機+微波爐+雙功能小冰箱）:HK$481', '靈動高級大床房（膠囊coffee機+微波爐+雙功能小冰箱）:HK$528', '靈動豪華大床房（膠囊coffee機+沙發床+雙功能小冰箱）:HK$574', '靈動豪華雙床房（膠囊coffee機+微波爐+雙功能小冰箱）:HK$574', '套房（膠囊coffee機+一室一廳+雙功能冰箱）:HK$667']"
凱里亞德店（潮州古城萬德雲創園店）,9.1,"['輕享大床房（全屋智能+舒適床墊+智能馬桶）:HK$236', '優享大床房（全屋智能+舒適床墊+智能馬桶）:HK$261', '優享雙床房（智能語音客控+全棉床品）:HK$261', '榮享大床房（全屋智能+舒適床墊+智能馬桶）:HK$294']"
棲悦·繁花里民宿（潮州古城牌坊街店）,9.5,"['F301遇見丨陽台大床房（智能客控+露天陽台+躺椅）:HK$660', 'F302夢之丨陽台大床房（智能客控+小冰箱+休閑桌椅）:HK$700', 'F303雲染丨大床房（智能客控+小冰箱+休閑沙發）:HK$753', 'F101拾光丨雙床房（智能客控+小冰箱+太空記憶棉）:HK$793']"
潮邑明林府（潮州古城牌坊街店）,9.6,"['鸞凰琴簪•豪華大床房+92寸高清影幕:HK$492', '鳳鳴·智能豪華大床房+户外桌椅+100寸高清巨幕:HK$641', '月圓澄酒·智能輕享複式大床套房:HK$747', '山海丹青·智能輕享景觀複式雙床套房+84寸高清影幕:HK$791']"
桔子酒店（潮州古城牌坊街店）,9.3,"['高級大床房:HK$448', '雙床房:HK$496', '豪華大床房:HK$524', '高級雙床房:HK$543']"
何田溪西湯公館温泉茶宿,9.3,"['私湯迷你loft影院大床房（沙發茶座+獨立温泉池+超大高清投影）:HK$367', '私湯影院家庭房（隔層設計+兩張乳膠床墊+超大高清投影+獨立温泉池）:HK$562', '私湯影院大床房 （小茶座+乳膠床墊+獨立温泉池+超大高清投影）:HK$606', '私湯影院大床房 （大茶座，獨立温泉池，天台公共温泉泳池，停車方便）:HK$666']"
維也納酒店（潮州江景店）,9.5,"['標準大床房（智能語音小度+康萊思床墊）:HK$348', '豪華大床房（智能語音小度+康萊思床墊）:HK$379', '影音大床房（影院式體驗+智能語音小度+康萊思床墊）:HK$389', '江景大床房（超大落地窗+智能語音小度+康萊思床墊）:HK$421']"
Yoho·羊玉小院（牌坊街鎮海樓店）,9.2,"['清歡·大床房:HK$335', '童趣·親子雙床房:HK$382', '靜享·雙床房:HK$411', '韻享·高級雙床房:HK$439']"
潮州中安樓客棧（廣濟橋牌坊街店）,9.5,"['精選大床房:HK$418', '精緻雙床房:HK$604', '豪華套房:HK$957', '精選家庭套房:HK$1,022']"
明熙樓客棧（潮州古城牌坊街店）,9.1,"['301｜飄絮大床房（深睡床墊+智能馬桶）:HK$366', '303｜望元榻榻米大床房（開元寺景觀+深睡床墊+智能馬桶）:HK$366', '302｜靜享雙床房（深睡床墊+智能馬桶）:HK$461', '202｜桑落大床房（深睡床墊+智能馬桶）:HK$461']"
巷裡·摩洛哥民宿（潮州古城牌坊街店）,9.4,"['M302｜蜜月大床房（智能客控+空氣凈化+獨享浴缸）:HK$764', 'M101｜觀影大床房（智能按摩椅+智能客控+ 百寸巨幕+私人泡池）:HK$764', 'M202｜復古奢享大床房（智能客控+空氣凈化+獨享浴缸）:HK$764', 'M301｜異域之都雙床房（智能客控+兩居室+空氣凈化+深度好眠）:HK$982']"
雅斯特國際酒店（潮州大橋店）,9.4,"['雅緻大床房（智能客控+乾濕分離）:HK$217', '雅緻雙床房（智能客控+乾濕分離）:HK$258', '豪華大床房（陽光飄窗+乾濕分離+功夫茶具）:HK$265', '影音大床房（百寸巨幕+陽光飄窗+功夫茶具）:HK$290']"
關於美宿（潮州古城牌坊街店）,9.3,"['特惠大床房:HK$563', '瓷寂｜惠臻大床房【天空記憶棉枕➕鵝絨被➕大屏投影】:HK$572', '雲泥｜特惠雙床房【天空記憶棉枕➕鵝絨被➕大屏投影】:HK$717', '硯雪｜標準大床房【天空記憶棉枕➕鵝絨被➕大屏投影】:HK$734', '松煙｜標準雙床房【天空記憶棉枕➕鵝絨被➕大屏投影】:HK$759']"
如南里·美墅（潮州古城牌坊街店）,9.4,"['特惠·豪華大床房:HK$354', '春澗·觀影大床房:HK$375', '秋嶼·雅緻觀影大床房:HK$446', '挽夏·標準雙床房:HK$503']"
潮選假日酒店（潮州財富中心店）,9.9,"['潮韻豪華大床房:HK$495', '潮享輕奢雙床房:HK$529', '潮享雲際套房:HK$691', '潮尊雲際套房:HK$808']"
簡居（潮州廣濟橋牌坊街店）,9.5,"['景觀精緻大床房-（智能客控+小冰箱+太空記憶棉）:HK$655', '景觀精緻雙床房-（智能客控+小冰箱+太空記憶棉）:HK$744', '景觀豪華大床房-（智能客控+休閑沙發+小冰箱+休閑沙發+太空記憶棉）:HK$829', '景觀豪華雙床房（智能客控+休閑沙發小冰箱+太空記憶棉）:HK$917', '啤啤熊寶貝歡樂屋親子房-（智能客控+巨熊公仔+小木馬+寶寶浴盆+小童馬桶架+小童恆温壺+乾濕分離）:HK$1,408']"
潮州市·熙揚·喜宿·Cloud.Bar花園（潮州古城牌坊街店）,9.3,"['城景逸境大床房（零壓床墊+太空記憶棉+新風系統+高清投屏電視+乾濕分離）>:HK$354', '童趣親子大床房（零壓床墊+太空記憶棉+休閑沙發+新風系統+高清投屏電視+乾濕分離）>:HK$360', '浪漫輕奢浴缸房（深袍浴缸+零壓床墊+太空記憶棉+新風系統+高清投屏電視+乾濕分離）>:HK$366', '簡約投影大床房（零壓床墊+太空記憶棉+新風系統+高清巨幕投影+乾濕分離）>:HK$380']"
潮州人民廣場希岸Deluxe酒店,9.3,"['Deluxe休閑大床房【全屋客控+高端洗護用品】:HK$314', 'Deluxe豪華大床房【全屋智控+乾濕分離】:HK$372', '休閑雙床房【全屋客控+高端洗護用品】:HK$372', 'Deluxe豪華雙床房【全屋智控+乾濕分離】:HK$388', 'Deluxe商務大床房【全屋客控+乾濕分離】:HK$405']"
