酒店名称,评分,房型价格列表
海南澄邁魯能蔚景温德姆酒店,9.4,"['蔚景居雙床房:HK$451', '禪茶房:HK$451', '主題禪修房:HK$484', '蔚景居大床房:HK$504', '景緻軒大床房:HK$537', '景緻軒雙床房:HK$537']"
澄邁銘藝花園酒店（金馬大道店）,9.6,"['華藝大床房（特價房）:HK$221', '歡智榻榻米房（全屋智控，智能馬桶）:HK$221', '特價華藝雙床房:HK$221', '華銘尊享雙標房:HK$254']"
澄邁景廷海景酒店,9.3,"['高級園景雙床房:HK$360', '園景露台雙床房:HK$361', '高級海景大床房:HK$398', '高級海景雙床房:HK$398', '園景家庭房:HK$399']"
維也納酒店（澄邁金江店）,10.0,"['高級大床房:HK$181', '豪華大床房:HK$197', '豪華雙床房:HK$197', '商務大床房:HK$213']"
城市便捷酒店（澄邁金江立新路店）,9.6,"['商務大床房（舒適安靜｜記憶枕頭｜智能馬桶｜手機投屏）:HK$135', '智能大床房（舒適安靜｜記憶枕頭｜智能馬桶｜手機投屏）:HK$156', '商務雙床房（舒適安靜｜記憶枕頭｜智能馬桶｜手機投屏）:HK$162', '智能雙床房（舒適安靜｜記憶枕頭｜智能馬桶｜手機投屏）:HK$169']"
興湖美辰酒店（澄邁金江千秋城市廣場店）,9.0,['辰光麻將套房（獨立陽台+獨立洗衣機）:HK$347']
澄邁藍海鈞華大飯店（海南生態軟件園店）,9.7,"['商務大床房:HK$442', '商務雙床房:HK$442', '商務觀景大床房:HK$466', '商務觀景雙床房:HK$466', '豪華觀景大床房:HK$581']"
宜尚酒店（澄邁老城軟件園店）,9.6,"['智能高級大床房（智能客控+功夫茶具+環境舒適）:HK$274', '智能豪華雙床房（智能客控+環境舒適）:HK$288', '智能豪華大床房（智能客控+功夫茶具+環境舒適）:HK$300', '影院大床（高清巨幕影音+舒適大沙發）:HK$494', '智能行政套房（一房一廳+功夫茶具+環境舒適）:HK$554']"
格林豪泰智選酒店（澄邁老城店）,9.1,"['商務雙床房|商務出差|洗衣服務|打印服務:HK$166', '商務大床房|商務出差|洗衣服務|打印服務|投影電視:HK$175', '家庭房|親子房:HK$184', '智能大床房|智慧酒店|語音客控:HK$203']"
時光印綠生温泉酒店（澄邁軟件園店）,9.2,"['特惠大床房:HK$219', '特惠雙床房:HK$219', '東南亞風情雙床房:HK$238', '田園雅緻雙床房:HK$258']"
盛世開元商務酒店,8.7,"['商務大床房:HK$221', '商務雙床房:HK$231', '高級雙床房:HK$243', '豪華雙床房:HK$415']"
澄邁雙海灣國際酒店,8.5,"['高級園景大床房:HK$210', '高級園景雙床房:HK$210', '二線海景雙床房:HK$234', '豪華園景套房:HK$295']"
白玉蘭酒店（澄邁軟件園店）,9.5,"['玉舒雙床房:HK$192', '輕舒大床房:HK$192', '玉舒大床房:HK$223', '蘭舒雙床房:HK$255']"
維也納國際酒店（海口老城高鐵站店）,9.1,"['標準雙床房（廣闊空間＋靜享好眠＋零壓助眠床墊）:HK$248', '豪華大床房（舒景陽台＋廣闊空間＋靜享好眠＋零壓助眠床墊）:HK$264', '豪華雙床房（舒景陽台＋廣闊空間＋靜享好眠＋零壓助眠床墊）:HK$264', '親子雙床房（舒景陽台＋廣闊空間＋靜享好眠＋零壓助眠床墊）:HK$302', '三人間（舒景陽台＋廣闊空間＋靜享好眠＋零壓助眠床墊）:HK$330']"
銘藝長升酒店（文化北路店）,9.0,"['新風簡約大床房:HK$340', '光影舒適大床房:HK$349', '雅緻舒適雙床房:HK$351', '安逸智享雙床房:HK$351']"
福山咖咖園民宿,9.7,"['熹微·愜意·獨享·大床房:HK$382', '青木·舒適·獨享大床房:HK$382', '獨院·靜雅·大床房8202:HK$382', '鬆弛感·晚風·暮色·大床房8203:HK$492']"
藝龍璽程國際酒店（澄邁千秋廣場店）,9.2,"['輕奢清新房:HK$342', '雅緻豪華雙床房:HK$620', '雅緻温馨家庭房:HK$639', '雅緻豪華大床房:HK$639']"
澄邁嵐朵酒店（綠地廣場千秋城市廣場店）,9.1,"['優悦大床房（公共區自助洗衣機）:HK$89', '優悦雙床房（公共區自助洗衣機）:HK$95', '雅緻大床房（公共區自助洗衣機）:HK$101', '雅緻雙床房（公共區自助洗衣機）:HK$106']"
維也納3好酒店（澄邁老城店）,9.5,"['標準大床房（高品質床品+舒適睡眠）:HK$214', '標準雙床房（高品質床品+舒適睡眠）:HK$214', '高級大床房（純凈飲水機+採光通透+靜享好眠）:HK$222', '高級雙床房（純凈飲水機+採光通透+靜享好眠）:HK$222']"
季築度假公寓（澄邁軟件園店）,9.7,"['詩意夏花 一室一廳套房:HK$186', '盛夏梧桐•景觀套房兩室一廳-帶洗衣機:HK$228', '四季歌謠•家庭三室一廳套房-帶廚房:HK$286']"
格萊登S酒店（澄邁生態軟件園店）,9.2,"['舒心特惠大床房:HK$173', '舒心特惠雙床房:HK$173', '貼心高級大床房:HK$195', '貼心高級雙床房:HK$195']"
澄邁美浪灣香眠酒店,9.2,"['泳池景觀陽台雙床房:HK$588', '香眠複式套房:HK$3,156']"
澄邁富麗商務酒店（老城鎮軟件園店）,8.7,"['窗外好景大床房:HK$121', '動人夜景雙床房:HK$127', '時尚靜謐大床房:HK$127', '輕奢尊享大床房:HK$138']"
仕鵬商務酒店（澄邁縣金江鎮人民醫院店）,9.4,"['商務豪華大床房:HK$126', '商務雙床房:HK$126', '豪華大床房 A棟:HK$134', '豪華雙床房 A棟:HK$141']"
大鵬中州國際飯店,8.9,"['特價大床房:HK$326', '特價雙床房:HK$326', '高級園景大床房:HK$390', '高級園景雙床房:HK$390', '豪華海景大床房:HK$467']"
澄邁芸朵酒店（環城西路店）,8.8,"['豪華大床房:HK$148', '豪華雙床房:HK$162', '智能精品大床房:HK$162', '智能精品雙床房:HK$169']"
金泉智慧電影酒店（永發店）,9.6,"['高級大床房:HK$175', '豪華大床房:HK$186', '景觀雙床房:HK$195', '棋牌大床房:HK$195']"
澄邁悦凱通酒店（老城鎮軟件園店）,9.8,"['特價大床房:HK$101', '舒適大床房:HK$118', '麻將雙床房:HK$136']"
星呈酒店STARWAY HOTEL（澄邁軟件園店）,9.2,"['星呈丨精選大床房【安睡好眠】:HK$174', '星驛丨豪華大床房【高品質零壓床墊 丨環境舒適】:HK$195', '星驛丨豪華雙床房【乾濕分離丨手機投屏】:HK$195', '星瀾丨温馨家庭房-温馨陪伴>解鎖童年>:HK$211']"
港德大酒店,9.3,"['豪華大床房:HK$163', '高級雙床房:HK$163', '商務大床房:HK$184', '温馨棋牌大床房:HK$233']"
如家酒店·neo（澄邁老城店）,9.0,"['商務大床房【徠芬高速吹風機+電視投屏】:HK$146', '雙床房【徠芬高速吹風機+智能鏡】:HK$154', '高級大床房【徠芬高速吹風機+電視投屏+公區洗衣機】:HK$162', '安心睡大床房【夢百合床墊+石墨烯記憶枕+徠芬吹風機】:HK$186']"
格麗酒店（澄邁縣金江鎮綠地廣場店）,8.8,"['智能大床房【智能語音+機器人送物+本地熱銷+車位充足】:HK$174', '智能雙床房【智能客控+舒適床品+人氣優選】:HK$174', '豪華智能影音大床房（智能機器人）:HK$196', '豪華智能影音雙床房【智能語音+巨幕投影】:HK$196']"
梢風酒店,8.9,"['情侶度假房:HK$310', '行政大床房:HK$347', '雙標觀景套房:HK$393', '豪華兩卧套房:HK$411']"
澄邁田園時光·桃花源客棧（澄邁縣金江鎮綠地廣場店）,8.9,"['精美迷你房:HK$127', '十里桃花舒適大床房:HK$151', '唯美鳥巢大床房:HK$160', '森林時光雙標房:HK$164']"
惟尼邇臻享城宿（澄邁後海温泉小鎮店）,9.6,"['悦享特惠大床房:HK$183', '悦心輕奢大床房:HK$192', '悦憶寬奢大床房:HK$207', '悦夢寬奢大床房:HK$212']"
康富美來度假公寓（澄邁紅樹灣店）,8.9,"['兩室標準套房:HK$229', '兩室精品套房:HK$248', '一室標準套房:HK$277', '三室標準套房:HK$354']"
澄邁金果園大酒店,9.8,"['豪華大床房:HK$187', '豪華雙人房:HK$195']"
海南熙康雲舍健康度假酒店,9.2,"['復古城堡大套房:HK$732', '摩洛哥紅房別墅大床房:HK$825', '摩洛哥紅房別墅雙床房:HK$825', '獨立庭院花園別墅:HK$1,315', '獨棟摩洛哥紅房別墅大床套房:HK$1,475', '獨棟摩洛哥紅房別墅雙床套房:HK$1,475']"
澄邁榴蓮主題酒店,9.0,"['特惠浪漫雙床房（酒店提供洗衣房）:HK$156', '漫時光雙床房（酒店提供洗衣房）:HK$156', '盈濱半島大床房（酒店提供洗衣房）:HK$156', '浪漫大床房（酒店提供洗衣房）:HK$164']"
澄邁興達商務旅租,8.5,"['特價房:HK$122', '温馨大床房:HK$140', '豪華大床房:HK$146', '豪華雙床房:HK$161']"
澄邁美倫居酒店,9.4,"['榻榻米雙人房:HK$137', '豪華雙人房:HK$147', '豪華大床房:HK$147', '陽光大床房:HK$165']"
澄邁華之家賓館,7.8,"['標準大床房:HK$117', '標準雙床房:HK$130']"
澄邁逸庭客棧,8.9,"['簡歐大床房:HK$153', '田園創藝雙床房:HK$156', '海洋主題大床房:HK$156', '海洋主題情侶大圓床房:HK$175']"
澄邁華泰商務酒店,9.1,"['温馨大床房:HK$99', '標準雙人間:HK$111']"
旭東賓館（澄邁老城店）,7.6,"['標準雙人房:HK$182', '（特惠）豪華大床房:HK$182', '豪華大床房:HK$182', '豪華雙人間:HK$182']"
澄邁福芝源賓館,8.1,"['雙人間:HK$88', '單間:HK$92']"
澄邁假日精品旅租,7.2,"['雙床房:HK$92', '大床房:HK$92', '三人房:HK$120']"
澄邁歸園旅租,7.2,"['單間:HK$77', '雙床房:HK$104', '三人間:HK$109', '麻將標間:HK$112']"
澄邁晶鏵商務賓館,7.1,"['豪華大床房:HK$111', '豪華雙人標準房:HK$120', '麻將單間:HK$129']"
品尚優智慧酒店（澄邁金江鎮店）,6.4,"['精品雙床房:HK$128', '輕奢榻榻米:HK$137', '商務雙床房:HK$157', '高級大床房:HK$185']"
