酒店名称,评分,房型价格列表
塞北驛站（烏蘭哈達火山塔拉店）,9.0,"['豪華雙床蒙古包（空調+乾濕分離+無線網）:HK$359', '豪華大床蒙古包（空調+乾濕分離+無線網）:HK$359', '觀景雙床蒙古包（空調+乾濕分離+無線網）:HK$392', '觀景大床蒙古包（空調+乾濕分離+無線網）:HK$392']"
察哈爾右翼後旗玖號火山營地,9.8,"['風情木屋親子房:HK$648', '傳統蒙古包:HK$702', '特色蒙古包:HK$702', '豪華親子間:HK$719']"
烏蘭察布高鐵站亞朵酒店,9.6,"['高級雙床房:HK$574', '高級大床房:HK$574', '幾木雙床房:HK$628', '幾木大床房:HK$628', '幾木套房:HK$1,166']"
吉緣君來酒店（集寧一中萬達店）,9.6,"['浪漫尊享大床房（全屋智能-乾濕分離）:HK$407', '特惠雙床房:HK$444', '特惠大床房:HK$477', '休閑娛樂棋牌房【全屋智能丨乾濕分離丨智能馬桶】:HK$550']"
安達度假中心,9.5,"['園景大床蒙古包:HK$412', '星空頂園景雙床蒙古包:HK$412', '草原景親子蒙古包:HK$579', '星空頂園景熱大炕王爺蒙古包:HK$579']"
雲棲野宿（烏蘭哈達火山地質公園店）,8.7,"['私享星辰·尊享大床房+舒適好眠:HK$294', '四季·豪華蒙古包+舒適好眠（冷熱空調）:HK$335', '山禾寄月·悠享親子房+舒適好眠:HK$342', '清風小築·臻享雙床房+舒適好眠:HK$390']"
良棲山院（烏蘭哈達火山地質公園店）,9.7,"['悦景•甄選大圓床蒙古包:HK$420', '山語•精選雙床蒙古包:HK$535', '山居•全景雙床房:HK$535', '含山•全景觀尊雙大床房:HK$612']"
梓湘苑民宿（察哈爾廣場店）,10.0,"['特大床尊享舒適智能房（全屋智能客控＋空調）:HK$400', '全屋智能超大雙床房（全屋智能客控＋空調+智能馬桶）:HK$410', 'Loft複式智能家庭房（全屋智能客控＋空調+智能馬桶）:HK$432', '豪華智能家庭套房（全屋智控+空調+智能馬桶）:HK$474']"
意闌軒·牧雲輕奢度假民宿（烏蘭哈達火山地質公園店）,9.5,"['織夢|温馨特享大床房|冷暖空調+獨衞+全屋地暖>:HK$400', '雲逸|庭院親子特大床房|全屋智控+冷暖空調+全屋地暖>:HK$505', '秋月|庭院特大床房|全屋智控+冷暖空調+全屋地暖>:HK$516', '綠覓|庭院親子特大床房|全屋智控+冷暖空調+全屋地暖>:HK$519']"
塞北民宿•草原蒙古情（輝騰錫勒草原黃花溝店）,8.9,"['草原傳統家庭包:HK$537', '草原豪華大床包:HK$570', '草原豪華雙床包:HK$570', '草原豪華親子包:HK$602']"
塔拉宿集·星院民宿（烏蘭哈達火山地質公園店）,9.8,"['帳篷大床房【户外露營房+全屋速熱暖機+中央熱水】:HK$499', '帳篷雙床房【户外露營房+中央熱水系統+全屋速熱暖機】:HK$664', '太空艙大床房【一室一廳+觀景露台+空調+懶人沙發】:HK$1,354', '太空艙家庭套房【270°火山景+制暖空調+露台+二居室】:HK$1,536']"
察哈台.旅行閑度美宿（烏蘭哈達火山地質公園店）,9.3,"['豪華大床蒙古包:HK$355', '豪華雙床蒙古包:HK$355', '藍庭雅居·家庭房:HK$450', '紅軒悦居·家庭蒙古包（冷熱空調|零壓床墊|獨立衞浴）:HK$457']"
輝騰錫勒草原民宿之星度假村,9.1,"['蘇和家草原木屋大床房-空調:HK$500', '巴圖家豪華遊牧包-乳膠床墊+空調:HK$534', '吉雅家豪華花景雙床包-空調:HK$577', '託婭家豪華花景星空大床包-空調:HK$610']"
馬頭琴大帳民宿（輝騰錫勒草原店）,9.4,"['草原木屋（豪華大床房）:HK$1,003', '蒙古包豪華雙床房:HK$1,188']"
白泉山莊（烏蘭察布市政府萬達店）,9.2,"['豪華大床房:HK$500', '豪華雙床房:HK$500', '行政套房:HK$589', '親子套房:HK$786', '家庭套房:HK$884']"
山隱·棲築星空設計師野奢民宿（烏蘭哈達火山地質公園店）,9.8,['清風·觀星庭院三床房（零壓床墊｜空調｜乾濕分離）:HK$900']
青甜悠牧火山旅遊中心民宿,9.9,"['豪華親子蒙古包（獨立衞浴+空調）:HK$592', '精緻小木屋（雙床）:HK$596', '精緻小木屋（大床）:HK$596', '超豪華3人蒙古包（獨立衞浴+空調）:HK$824']"
察右中旗察哈爾部落,9.0,"['傳統豪華王爺大床包:HK$648', '傳統豪華王爺炕包:HK$713', '察哈爾觀景親子包:HK$713', '察哈爾星空大床包:HK$926']"
熒火星球民宿,9.6,"['星空·觀星大床房（智控+空調+地暖+智能天幕+大露台）:HK$1,272', '星空·觀星親子房（童趣床+空調+地暖+天幕+露台）:HK$1,713', '星空·觀星滑梯親子房（空調+地暖+天幕+觀星大露台）:HK$1,982', '星空·觀星家庭雙卧套房（智控+空調+地暖+天幕+露台）:HK$2,924', '星空·觀星家庭雙卧麻將桌套房（全屋暖氣觀星大露台）:HK$3,108']"
鈺倫酒店（烏蘭察布之夜高鐵站店）,9.7,"['精選雙床房（小度語音+智能客控）:HK$478', '精選大床房（小度語音+智能客控）:HK$490', '臻選影視大床房（小度語音+智能客控）:HK$558', '麗致親子房（小度語音+智能客控）:HK$619']"
普爾森國際酒店（高鐵站萬達店）,9.5,"['特價大床房:HK$654', '特價雙床房:HK$654', '智能甄選大床房『智能小度+智能馬桶+電視投屏』:HK$731', '智能甄選雙床房『智能小度+智能馬桶+電視投屏』:HK$731', '智能商務大床房『智能小度+智能馬桶+電視投屏』:HK$796']"
塞外原宿,8.8,"['榻榻米三人間:HK$464', '貴賓三床房:HK$481', '榻榻米四人間:HK$481', '日出觀景房:HK$682']"
魅力火山民宿（烏蘭哈達火山地質公園北遊客中心店）,9.7,"['夢幻星空木屋雙床房（夜觀星空＋冷暖空調＋零壓床墊）:HK$775', '豪華星空大床蒙古包（夜觀星空＋冷暖空調＋零壓床墊）:HK$807', '烏尼日·現代蒙古風情榻榻米雙床房（智能客控+電動窗簾+零壓床墊）:HK$883', '巴特勒·現代蒙古風奢華情侶大床房（智能客控+電動窗簾+零壓床墊）:HK$883']"
烏蘭察布涼城馬刨温泉酒店,8.8,"['雅緻雙床房:HK$529', '温泉尊享大床房:HK$652', '窯洞大床房:HK$695', '温泉LOFT親子房:HK$797', '海景親子房:HK$824']"
牧野星辰民宿（烏蘭哈達火山店）,9.1,"['覓知|庭院觀景（蒙古包大床）:HK$408', '新式蒙古包（標間＋空調＋獨立衞浴）:HK$463', '庭院觀景（標間＋空調＋獨立衞浴）:HK$518', '庭院觀景（親子房＋空調＋獨立衞浴）:HK$572']"
烏蘭察布多蒙德豪生大酒店（烏蘭察布之夜高鐵站店）,9.4,"['高級雙床房:HK$633', '高級大床房:HK$633', '高級零壓雙床房:HK$671', '家庭房:HK$738', '豪華大床房:HK$762', '豪華雙床房:HK$762']"
塞北民宿（輝騰錫勒青牧草原店）,8.8,"['草原標準雙床（民宿房）:HK$495', '草原可汗王爺包（電熱炕）:HK$520', '草原可汗王爺包:HK$602', '草原雙床星空包（智能馬桶）:HK$628']"
時光火山民宿,9.5,"['【冬戀】温馨大床房（空調）:HK$275', '【相思】豪華大床房（空調）:HK$340', '【歲月】特色雙人間（空調）:HK$368', '【相憶】精緻雙人房（空調）:HK$386']"
火山雅居民宿（烏蘭哈達火山地質公園店）,9.5,"['雅居·園｜雙床房 （地暖+空調+乾濕分離+智能馬桶）:HK$361', '雅居·宿｜大床房（地暖+空調+乾濕分離+智能馬桶）:HK$473', '雅居·舍｜家庭房（地暖+空調+智能馬桶）:HK$554', '雅居·閣｜複式loft（地暖+空調+乾濕分離+智能馬桶）:HK$603']"
輝騰錫勒牧馬人蒙元文化度假酒店,8.8,"['天驕露台觀景大床包:HK$518', '傳統王爺星空大床包（智能馬桶）:HK$731', '傳統王爺星空觀景雙床包（智能馬桶）:HK$731', '戰車豪華星空雙床包:HK$759']"
雲上山築民宿,9.9,"['雲夢｜雙床親子房（空調+投影+懶人沙發+乾濕分離）:HK$808', '仰望｜親子雙床房（空調+茶桌+智能馬桶+地暖）:HK$852']"
富士酒店（烏蘭察布市維多利廣場店）,9.4,"['特惠雙床房（三區乾濕分離）:HK$493', '豪華雙床房（三區乾濕分離）:HK$527', '豪華大床房（三區乾濕分離）:HK$558', '輕奢大床套房（三區乾濕分離）:HK$577']"
塞北民宿（輝騰錫勒草原相約敖包店）,9.4,"['草原遊牧大炕包:HK$632', '草原星空親子包:HK$853', '草原觀景星空親子包:HK$920']"
烏蘭察布集寧智選假日酒店（烏蘭察布高鐵站萬達店）,9.2,"['智選標準大床房:HK$564', '智選標準雙床房:HK$564', '智選高級大床房:HK$666', '智選高級雙床房:HK$666', '親子家庭房:HK$723']"
故鄉火山營地,9.0,"['情侶圓床傳統蒙古包:HK$399', '望山傳統小炕蒙古包:HK$464', '豪華雙人傳統蒙古包:HK$464', '家庭三人傳統蒙古包:HK$497']"
山宿沐陽星辰民宿,10.0,"['【星辰】星空泡泡屋大床房+手可摘星辰+獨立衞浴+空調:HK$423', '【沐陽】三角木屋+獨立衞浴+空調+投影:HK$633', '【星辰】星空泡泡屋親子房+手可摘星辰+獨立衞浴+空調:HK$666', '【沐陽】大床房+獨立衞浴+空調+投影+落地窗:HK$666']"
熒火野舍,10.0,"['熒火野舍大床房（户外露營帳篷）:HK$748', '熒火野舍雙床房（户外露營帳篷）:HK$785']"
喜又民宿（烏蘭哈達火山地質公園店）,9.4,"['普通大床房（智能馬桶+公區提供洗衣房+冷熱空調）:HK$339', '普通標間【智能馬桶+酒店公區提供洗衣房+冷熱空調】:HK$361', '星辰·驚喜大床房【智能馬桶+酒店公區提供洗衣房+冷熱空調】:HK$361', '特價家庭套房【智能馬桶+酒店公區提供洗衣房+冷熱空調】:HK$361']"
烏蘭察布泰昌智能酒店（烏蘭察布高鐵站萬達店）,9.3,"['標準智能雙床房:HK$524', '高級智能雙床房:HK$564', '高級智能大床房:HK$589', '高級智能夢百合0壓雙床房（0壓 枕+0壓床墊）:HK$602', '高級智能夢百0壓大床房（0壓枕+0壓床墊）:HK$628']"
輝騰錫勒草原蒙樂民宿,9.1,"['王爺豪華傳統蒙古包:HK$321', '情侶大床蒙古包:HK$376', '標間星空濛古包:HK$376', '豪華家庭蒙古包:HK$485']"
察右後旗達拉塔火山度假民宿,9.2,"['火山草原丨傳統蒙古包雙床房（公共衞生間）:HK$197', '火山草原丨傳統蒙古包三人間（公共衞生間）:HK$247', '蒙元暖榻丨大空間炕房（公共衞生間）:HK$317', '火山草原丨金頂豪包雙床房:HK$325']"
伴山渡火山民宿（烏蘭察布火山草原店）,9.2,"['特色蒙古包大床:HK$686', '特色蒙古包家庭房:HK$883', '簡約精緻大床房:HK$981', '簡約舒適雙床房:HK$1,079']"
火山古驛（烏蘭哈達店）,9.4,"['1-01丨現代蒙元素大床房（空調-地暖）丨温馨私享豪華星空頂特色蒙古包丨:HK$1,308', '1-08 丨現代蒙元素大床房（空調-地暖）丨温馨私享豪華星空頂特色蒙古包丨:HK$1,308', '1-09 丨現代蒙元素大床房（空調-地暖）丨温馨私享豪華星空頂特色蒙古包丨:HK$1,308', '1-03丨現代蒙元素大床房（空調-地暖）丨温馨私享豪華星空頂特色蒙古包丨:HK$1,308']"
星宿火山民宿（烏蘭哈達火山地質公園店）,9.8,"['星願 | 三角木屋陽光大床房（空調+乾濕分離+智能馬桶）:HK$747', '火山 | 靜享大床房（地暖+舒適好眠+乾濕分離+空調）:HK$790', '暮雲︱悦知大床房（地暖+舒適好眠+乾濕分離+空調）:HK$790', '星語 | 簡約親子雙床木屋:HK$845']"
山舍火山民宿（烏蘭哈達火山地質公園店）,9.7,"['己石·雅緻雙床房（冷暖空調+零壓床墊）:HK$369', '隨雲·榻榻米雙床房（冷暖空調+零壓床墊）:HK$392', '知行·悠然雙大床房（冷暖空調+零壓床墊）:HK$422', '攬山·豪華榻榻米雙床（冷暖空調+零壓床墊）:HK$437']"
烏蘭察布映山飯店（集寧南火車站店）,9.1,"['蒙式特色雙床房:HK$233', '悦享舒適大床房:HK$256', '悦享舒適雙人間:HK$277', '行政商務標準間:HK$333']"
烏蘭察布博源大酒店（霸王河店）,9.7,"['優享雙床房:HK$601', '優享大床房:HK$601', '商務雙床房:HK$633', '商務大床房:HK$644', '河景雙床房「霸王河景」:HK$665', '河景大床房「霸王河景」:HK$677']"
四合園（烏蘭察布高鐵站店）,8.9,"['春籣院.豪華大床房（家庭智能）:HK$612', '夏竹院.暖閣家庭房（家庭智能）:HK$756', '春籣院.豪華雙床間:HK$756', '春籣院。暖閣家庭房（家庭智能）:HK$756', '春籣院.家庭炕床房:HK$773']"
遇見火山民宿,9.8,"['望山·星空房（空調+電動星空頂）:HK$546', '遇見·親子房（舒適好眠+乾濕分離+空調+智能馬桶）:HK$676', '觀山小院·套房（舒適好眠+乾濕分離+空調+智能馬桶）:HK$938']"
貝殼酒店（烏蘭察布高鐵站集寧六中店）,9.2,"['時尚大床情侶房:HK$358', '時尚大床房音影房:HK$365', '時尚雙床房:HK$412', '時尚高級雙床房:HK$426']"
