酒店名称,评分,房型价格列表
無錫機場佰翔花園酒店,9.7,"['高級雙床房:HK$446', '高級大床房:HK$446', '佰翔大床房:HK$459', '豪華雙床房:HK$506', '豪華大床房:HK$506', '機享貴賓大床房:HK$730']"
無錫新區太湖大道亞朵X酒店,9.6,"['高級雙床房:HK$332', '高級大床房:HK$349', '行政大床房:HK$394', '幾木雙床房:HK$403', '幾木大床房:HK$421']"
無錫南長街亞朵S酒店,9.6,"['高級大床房:HK$481', '行政大床房:HK$510', '幾木大床房:HK$561', '幾木養生大床房:HK$622', '高級雙床房:HK$792']"
美麗豪酒店（無錫錫山區政府天一中學店）,9.7,"['高級城景大床房（全景落地窗+電視投屏+小冰箱）:HK$331', '高級城景雙床房（全景落地窗+電視投屏+小冰箱）:HK$331', '行政城景大床房（全景落地窗+電視投屏+小冰箱）:HK$362', '行政城景雙床房（全景落地窗+電視投屏+小冰箱）:HK$362', '豪華城景大床房（全景落地窗+電視投屏+小冰箱）:HK$414']"
無錫太科園震澤路亞朵酒店,9.6,"['高級大床房（小冰箱+智能客控）:HK$385', '高級雙床房（小冰箱+智能客控）:HK$385', '行政大床房（小冰箱+智能客控）:HK$412', '行政雙床房（小冰箱+智能客控）:HK$412', '尊享大床房（小冰箱+智能客控）:HK$439']"
無錫德根飯店（三陽廣場店）,9.3,"['商務單人房-舒適淋浴:HK$454', '高級大床房-高樓層:HK$486', '高級雙床房-靠窗沙發:HK$486', '高級影音大床房-無線投屏:HK$539', '高級影音雙床房-無線投屏:HK$539', '豪華大床房-超大床:HK$570']"
無錫太湖飯店,9.7,"['高級大床房:HK$765', '高級雙床房:HK$765', '標準雙床房:HK$852', '高級園景大床房:HK$852', '高級園景雙床房:HK$852', '豪華大床房:HK$896']"
無錫羅卡斯酒店（南長街店）,9.5,"['新尚·主題房:HK$426', '目翠·主題半套房:HK$426', '服務式·商務單間:HK$459', '溺愛·主題套房:HK$568', '璨放·主題房:HK$568', '羅卡斯行政套房:HK$579']"
無錫南長街三陽廣場地鐵站輕居酒店,9.6,"['舒適大床房（亞朵裸眠床品-65寸投屏電視）:HK$332', '精選大床房（小冰箱-投屏電視-JOLOVES洗護用品）:HK$358', '標準雙床房（亞朵裸眠床品-65寸投屏電視）:HK$358', '高級大床房（深睡枕Pro-小冰箱-LELABO洗護用品）:HK$403']"
無錫詩曼汀公寓（三陽廣場店）,9.3,"['精緻城景大床房（鵝絨被+冰箱）:HK$374', '高層影院大床房:HK$380', '精緻夜景公寓式大床房:HK$394', '高層夜景大床房:HK$441']"
無錫南長街古運河麗芮酒店,9.5,"['芮享舒適大床房:HK$446', '芮享高級大床房:HK$501', '芮享高級雙床房:HK$533', '芮享豪華大床房:HK$555', '芮享豪華雙床房:HK$588']"
宜尚酒店（無錫高新開發區碩放機場店）,9.5,"['精緻大床房【電視投屏|夢百合零壓床墊】:HK$221', '精緻雙床房【電視投屏|夢百合零壓床墊】:HK$228', '雅緻大床房【電視投屏|夢百合零壓床墊】:HK$249', '家庭房【電視投屏|夢百合零壓床墊】:HK$254']"
無錫日航飯店,9.4,"['高級大床房:HK$675', '高級雙床房:HK$675', '城市景觀高級大床房:HK$712', '城市景觀高級雙床房:HK$712', '新氧高級大床房（空氣凈化系統）:HK$769', '新氧高級雙床房（空氣凈化系統）:HK$769']"
漢庭酒店（無錫三陽廣場地鐵站店）,9.6,"['雙床房【55寸電視投屏】:HK$261', '高級大床房【55寸電視投屏】:HK$271', '商務雙床房【55寸電視投屏】:HK$291', '豪華大床房【55寸電視投屏】:HK$311']"
無錫海岸城亞朵酒店,9.6,"['高級大床房:HK$457', '高級雙床房:HK$457', '行政大床房:HK$484', '幾木大床房:HK$538', '幾木雙床房:HK$538']"
無錫南長古韻漫心府,9.7,"['心怡標準大床房（智能客控+金可兒床墊+MiniBAR）:HK$582', '心悦高級大床房（全景落地窗+智能客控+MiniBAR）:HK$764', '心夢尊享大床房（舒適浴缸+智能客控+MiniBAR）:HK$844', '心享豪華雙床房（全景落地窗+智能客控+MiniBAR）:HK$864', '特色院景大床房（獨立小院+舒適浴缸+全景落地窗）:HK$924']"
無錫三陽廣場亞朵酒店,9.6,"['高級大床房:HK$412', '高級雙床房:HK$412', '行政大床房:HK$457', '幾木雙床房:HK$502', '幾木大床房:HK$547']"
無錫新區長江北路亞朵酒店,9.8,"['高級雙床房:HK$349', '高級大床房:HK$358', '行政雙床房:HK$421', '行政大床房:HK$439', '幾木大床房:HK$457']"
藝龍安悦酒店（無錫火車站樑溪萬達店）,9.6,"['大床房（全屋智控+小冰箱）:HK$316', '高級大床房（小冰箱+全屋智控+休閑沙發）:HK$354', '高級雙床房（小冰箱+全屋智控+休閑沙發）:HK$354', '影音大床房（極米4K影院+愛奇藝會員+巨影幕布）:HK$366']"
無錫瑞廷西郊酒店,9.6,"['高級低敏大床房（Acca Kappa洗護用品）:HK$570', '高級低敏雙床房（Acca Kappa洗護用品）:HK$570', '豪華低敏大床房（Acca Kappa洗護用品）智能馬桶:HK$624', '豪華低敏雙床房（Acca Kappa洗護用品）智能馬桶:HK$624', '高級正湖景低敏房（Acca Kappa洗護用品）:HK$697', '豪華正湖景低敏房（Acca Kappa洗護用品）智能馬桶:HK$750']"
全季酒店（三陽廣場南長街店）,9.6,"['大床房【電視投屏+智能客控】:HK$366', '高級大床房A【電視投屏+智能客控】:HK$372', '高級雙床房【電視投屏+智能客控】:HK$386', '高級大床房【電視投屏+智能客控】:HK$397']"
凱泊酒店（無錫南長街南禪寺地鐵站店）,9.2,"['簡約大床:HK$213', '簡約標間:HK$229', '寓·大床房:HK$262', '寓·標間:HK$270']"
全季酒店（無錫南長街店）,9.4,"['大床房:HK$386', '高級大床房:HK$414', '高級雙床房:HK$414', '商務雙床房:HK$442']"
無錫盛捷圓融廣場服務公寓,9.6,"['逸·居 - 行政單房公寓:HK$512', '逸·居 - 行政單房雙床公寓:HK$512', '雅·致 - 一房豪華套房:HK$538', '雅·致-一房豪華雙床套房:HK$615', '六六六麻將主題房:HK$728']"
無錫萬達頤華酒店（三陽廣場南長街店）,8.9,"['高級雙床房（睡眠窗簾+智能投屏+Acca Kappa洗護用品）:HK$464', '高級大床房（睡眠窗簾+智能投屏+Acca Kappa洗護用品）:HK$464', '豪華大床房（睡眠窗簾+智能投屏+Acca Kappa洗護用品）:HK$650', '豪華雙床房（睡眠窗簾+智能投屏+Acca Kappa洗護用品）:HK$650', '頤華大床房（落地窗+智能投屏+Acca Kappa洗護用品）:HK$882']"
無錫弘陽洛克菲花園酒店,9.8,"['影音房:HK$704', '棋牌雙床房:HK$704', '豪華大床房:HK$741', '豪華雙床房:HK$741', '別墅大床房:HK$741', '別墅雙床房:HK$741']"
雲和夜泊酒店（無錫靈山大佛拈花灣店）,9.6,"['特惠大床房:HK$396', '特惠雙床房:HK$396', '雅緻大床房:HK$436', '雅緻雙床房:HK$436', '雲和雙床房:HK$475']"
無錫三陽廣場南長街桔子水晶酒店,9.5,"['高級大床房[小冰箱]:HK$391', '豪華大床房[浴缸+全景落地陽台+小冰箱]:HK$432', '精選大床房[浴缸+全景落地陽台+小冰箱]:HK$492', '商務大床房[浴缸+小冰箱]:HK$553', '高級雙床房（全景落地陽台+小冰箱]:HK$633']"
柏納酒店（無錫三陽廣場勝利門地鐵站店）,9.2,"['輕奢街景雙床房『視野開闊+乾濕分離』:HK$261', '輕奢榻榻米大床房『特大床更寬鬆』:HK$272', '輕奢商務房（空間充足+至臻床品）:HK$283', '未來智能雙床房[智能控制]:HK$305']"
無錫雲隱東方·莫宅酒店,9.6,"['雲居沐陽大床房:HK$1,005', '雲舍幽靜雙床房:HK$1,092', '雲熙園景大床房:HK$1,311', '雲熙院景大床房:HK$1,421', '雲居家庭房:HK$1,836', '雲奢儒雅家庭房:HK$2,621']"
SUISU隨宿·設計師酒店（無錫寶龍廣場旺莊地鐵站店）,9.6,"['梵凈·豪華大床房【暢享會員巨幕投屏影音丨智能入住丨智能客控丨夢百合零壓記憶床墊丨親膚布草】:HK$259', '夢之·豪華大床房【智能入住丨智能客控丨夢百合零壓記憶床墊丨親膚布草丨電視可投屏】:HK$269', '心憩·尊享大床房【暢享會員巨幕投屏影音丨智能入住丨智能客控丨夢百合零壓記憶床墊丨親膚布草】:HK$283', '靜夜·尊享雙床房【暢享會員巨幕投屏影音丨智能入住丨智能客控丨夢百合零壓記憶床墊丨親膚布草】:HK$283']"
全季酒店（無錫三陽廣場店）,9.5,"['大床房【55寸電視投屏】:HK$341', '高級雙床房【55寸電視投屏】:HK$372', '高級大床房【55寸電視投屏】:HK$372', '商務高級雙床房【55寸電視投屏】:HK$402']"
無錫三陽廣場CitiGO歡閣酒店（勝利門店）,9.7,"['歡享大床房[智能客控+小冰箱+電視可投屏]:HK$412', '歡閣大床房[智能客控+小冰箱]:HK$432', '歡享雙床房[智能客控+小冰箱+電視可投屏]:HK$432', '歡閣雙床房[智能客控+小冰箱]:HK$452', '歡閣高級大床房[智能客控+小冰箱+電視可投屏]:HK$462']"
木子臻選酒店（無錫市南長街人民醫院店）,9.3,"['靜謐大床房:HK$207', '靜謐雙床房:HK$220', '高級大床房A:HK$235', '高級大床房B:HK$262']"
雅麗豪酒店（樑溪萬達火車站店）,9.2,"['商務大床房（全景落地窗）:HK$310', '精緻雙床房（全景落地窗）:HK$331', '高級大床房（全景落地窗）:HK$354', '高級雙床房（全景落地窗）:HK$354', '豪華大床房（全景落地窗）:HK$397']"
如家精選酒店（無錫三陽廣場勝利門地鐵站店）,9.6,"['大床房『 樓層高 』:HK$251', '雙床房『樓層高』:HK$277', '商務大床房『樓層高』:HK$277', '高級大床房『55寸電視機可投屏·徠芬吹風機』:HK$294']"
SY·宿也高空觀景設計師度假美宿（無錫濱湖萬象滙太湖西大道店）,9.6,"['寶藏·幸運觀景房【全新貢緞床品+影視會員】:HK$338', '含月·高空觀景大床房【雙人浴缸+巨幕影院+戴森吹風機】:HK$348', '極簡·高空湖景包豪斯一室一廳套房【雲端觀景+私享影院+戴森吹風機】:HK$403', '清風·180度無敵高空觀景一室一廳套房【雲端觀景+巨幕觀影+戴森吹風】:HK$414']"
無錫南長街古運河中萃酒店,9.4,"['高級大床房:HK$450', '高級雙床房:HK$497', '豪華大床房:HK$531', '豪華雙床房:HK$567', '陽光套房:HK$799']"
無錫魯能萬怡酒店,9.5,"['標準大床房:HK$599', '標準雙人間:HK$599', '尊享大床房:HK$663', '尊享雙床房:HK$663', '經典大床房:HK$726']"
花築·祝家花園民宿（南長街南禪寺店）,9.0,"['奚閲·園林景觀大床房:HK$579', '守歲·花園玲瓏大床房『深泡浴缸+休憩露台』:HK$644', '池鶴·園林古典雙床房:HK$654', '觀庭·園林豪華大床房『深泡浴缸+智能馬桶』:HK$683']"
柏宜酒店（無錫南長街清名橋地鐵站店）,9.6,"['特價大床房（零壓床墊）:HK$281', '零壓高級大床房（零壓床墊）:HK$325', '零壓雙床房（零壓床墊）:HK$353', '零壓豪華大床房（零壓床墊+智能按摩椅）:HK$382']"
無錫火車站春申路亞朵酒店,9.6,"['高級大床房:HK$340', '高級雙床房:HK$340', '行政大床房（小冰箱）:HK$430', '行政雙床房（小冰箱）:HK$430', '幾木套房:HK$897']"
桔子酒店（無錫三陽廣場店）,9.7,"['高級雙床房【65寸電視投屏+智能客控】:HK$291', '大床房【65寸電視投屏+智能客控】:HK$305', '商務大床房【65寸電視投屏+智能客控】:HK$311', '高級大床房【65寸電視投屏+智能客控】:HK$321', '月若流金精選雙床房【65寸電視投屏+智能客控】:HK$321']"
雅悅酒店（無錫廣南路樑溪萬達店）,9.6,"['雙床房:HK$224', '特惠大床房:HK$224', '大床房:HK$239', '商務雙床房:HK$239']"
如家商旅酒店（無錫南禪寺三陽廣場地鐵站店）,9.7,"['大床房:HK$205', '雙床房:HK$229', '商務大床房:HK$229', '高級大床房【55寸電視可投屏+萊芬吹風機】:HK$244']"
茉棲酒店（三陽廣場店）,9.3,"['輕奢大床房:HK$170', '優選大床房:HK$183', '舒適大床房:HK$209', '舒適雙床房:HK$209']"
無錫三陽廣場漫心酒店,9.6,"['心怡大床房（智能客控+小冰箱）:HK$302', '心悦高級雙床房（智能客控+小冰箱）:HK$311', '心悦高級大床房（智能客控+休閑沙發+小冰箱）:HK$331', '心享豪華雙床房（智能客控+小冰箱）:HK$331', '心享卡通標準房（智能客控+小冰箱+主題玩偶）:HK$352']"
無錫靈山精舍,9.6,"['禪房大床房:HK$710', '禪房雙床房:HK$710', '雅緻禪房標間:HK$710', '庭院禪景大床房:HK$743', '高級禪修房:HK$743']"
宜尚PLUS酒店（無錫長江北路太湖花園地鐵站店）,9.4,"['標準大床房（寬敞明亮+個性沙發）:HK$326', '標準雙床房（寬敞明亮+舒適辦公+小冰箱）:HK$337', '商務大床房:HK$348', '高級大床房（獨立起居空間+舒適浴缸+小冰箱）:HK$393', '豪華大床房（北歐風格客房+無間隔起居空間+觀景浴缸）:HK$436']"
無錫惠山萬達廣場亞朵酒店,9.5,"['高級雙床房:HK$340', '高級大床房:HK$358', '行政雙床房:HK$376', '行政大床房:HK$394', '幾木大床房:HK$421']"
