酒店名称,评分,房型价格列表
聽濤別院酒店（煙台金沙灘海水浴場店）,9.5,"['沐風園景大床房（零感解壓床墊-智能馬桶）:HK$439', '行政豪華大床房（mini冰箱-浴缸泡澡-零壓床墊 ）:HK$461', '沐風園景家庭房（零壓酣睡床墊＋智能馬桶）:HK$496', '聽潮大床房（零壓酣睡床墊+側窗看海＋智能馬桶）:HK$546']"
錨泊灣酒店（煙台萬達廣場福海路店）,9.4,"['和風榻榻米房【全屋智控+投屏觀影模式+零壓床墊】:HK$376', '泊雲Loft高級套房【閣樓觀景+落地窗+投屏觀影】:HK$454', '沉浸星空大床房【全屋智控+投屏觀影模式+零壓床墊】:HK$565', '行政智能大床房【全屋智控+投屏觀影模式+零壓床墊】:HK$643']"
麗景海岸酒店（煙台火車站大悅城店）,9.5,"['雙窗·舒適大床房-（乾濕分離+雨淋頂噴）:HK$519', '樂享·街機大床房-（暢玩街機+打卡全身鏡）:HK$554', '高空·城景大床房（迷人夜景+舒適睡眠）:HK$604', '雙窗·舒適雙床房-（休閑沙發+三分離衞浴）:HK$607', '高空·城景雙床房（270°觀景+雨淋頂噴）:HK$642']"
煙台芝罘站紅星美凱龍亞朵酒店,9.8,"['高級大床房 （智能客控+洗pp智能馬桶+恆温花灑+投屏）:HK$619', '行政大床房（智能客控+洗pp智能馬桶+恆温花灑小冰箱）:HK$682', '高級雙床房（智能客控+洗pp智能馬桶+恆温花灑小冰箱）:HK$709', '尊享大床房（智能客控+洗pp智能馬桶+恆温花灑小冰箱）:HK$753', '尊享親子房（智能客控+洗pp智能馬桶+恆温花灑小冰箱）:HK$834']"
永蓬海天酒店（八仙渡海濱浴場店）,9.5,"['地中海風·精緻大床（智能客控+舒適零壓枕）:HK$442', '地中海風·精品親子房（智能客控+電視可投屏）:HK$525', '地中海風·輕奢大床房（智能客控+舒適零壓枕）:HK$544', '地中海風·海景大床房（看海+觀日落+窗外八仙渡景區）:HK$613']"
山東機械大廈酒店（第一海水浴場火車站店）,9.0,"['雅緻舒適大床房:HK$371', '雅緻舒適雙床房:HK$371', '優選高級大床房:HK$418', '優選高級雙床房:HK$418']"
喬治莫蘭迪酒店（萊陽市財富中心店）,9.8,"['商務大床房（零壓床墊+電視投屏）:HK$336', '商務雙床房（零壓床墊+電視投屏）:HK$346', '豪華大床房（豪華浴缸+零壓床墊）:HK$371', '豪華雙床房（零壓床墊+落地穿衣鏡）:HK$380', '尊享大床房（豪華浴缸+超大空間）:HK$403']"
和頤至格酒店（煙台火車站店）,9.4,"['大床房:HK$426', '商務大床房:HK$444', '雙床房:HK$444', '高級雙床房:HK$461']"
麗楓酒店（蓬萊閣海水浴場蓬長客港店）,9.5,"['雅緻大床房:HK$647', '豪華大床房:HK$688', '純凈自然雙床房:HK$713', '商務大床房:HK$746']"
煙台通匯大酒店（火車站大悅城店）,9.1,"['精緻雙床房:HK$318', '精緻大床房:HK$332', '商務大床房:HK$346', '商務雙床房:HK$346']"
煙台雲心海漁人碼頭民宿（第二海水浴場店）,9.6,"['特價房:HK$389', '閣樓榻榻米:HK$461', '舒適閣:HK$469', '望星閣:HK$485']"
柏曼酒店（煙台南大街萬達廣場店）,9.6,"['舒適大床房【0壓乳膠床墊+手機投屏+小度智能】:HK$432', '標準大床房【0壓乳膠床墊+護頸助眠枕頭+手機投屏+小度智能】:HK$437', '標準雙床房【小度智能+手機投屏+新風系統】:HK$437', '舒適榻榻米【0壓深睡眠床墊+靜謐隔音+新風系統】:HK$442']"
大成門酒店（煙台火車站吾悦廣場店）,9.4,"['精緻大床房:HK$255', '精緻雙床房:HK$262', '雅緻大床房:HK$269', '雅緻雙床房:HK$276', '雅蘭零壓大床房:HK$283']"
星程酒店（煙台萬達廣場南洪街店）,9.6,"['榻榻米房:HK$532', '高級大床房:HK$581', '商務大床房:HK$630', '高級雙床房:HK$649']"
艾盛酒店（煙台大學市政府店）,9.5,"['大床房:HK$313', '標準間:HK$350', '豪華浴缸房:HK$386', '高級大床房:HK$386']"
煙台華僑精品酒店,9.3,"['標準間（無窗）（靜謐空間+舒適睡眠）:HK$317', '舒適標準房（中央空調+星級床品）:HK$379', '舒適大床房（中央空調+星級床品）:HK$401']"
煙台南山皇冠假日酒店,9.3,"['皇冠高級房-雙床:HK$493', '皇冠高級房-大床:HK$493', '皇冠高級房:HK$561', '豪華房 大床:HK$642', '皇冠海景房-大床:HK$679', '皇冠海景房-雙床:HK$708']"
煙台麗景海居酒店（養馬島環島路店）,8.9,"['林景雙床房（安睡蕎麥枕+羽絨被+徠芬吹風機）:HK$961', '林景大床房（安睡蕎麥枕+羽絨被+徠芬吹風機）:HK$961', '海景雙床房（安睡蕎麥枕+羽絨被+徠芬吹風機）:HK$1,145', '露台海景雙床房（安睡蕎麥枕+羽絨被+徠芬吹風機）:HK$1,375']"
煙台萬豪萬楓酒店,9.7,"['園景大床房:HK$1,073', '高級園景大床房:HK$1,127', '海景雙床房:HK$1,396', '海景大床房:HK$1,396', '高級海景大床房:HK$1,503']"
煙台麗景華僑酒店（第一海水浴場煙台站店）,9.7,"['悠然竹景雙床房（安睡記憶枕+羽絨被芯）:HK$577', '靜雅舒心雙床房（海洋主題+舒適浴缸）:HK$610', '悠然竹景大床房（安睡記憶枕+羽絨被芯）:HK$610', '靜雅舒心大床房（海洋主題+舒適浴缸）:HK$621', '海景商務大床房（安睡記憶枕+羽絨被芯）:HK$632']"
朗麗茲酒店（萊陽萬達廣場高鐵站店）,9.7,"['高級大床房（獨立空調+小冰箱+智能馬桶＋投屏＋音箱）:HK$311', '高級雙床房（獨立空調+小冰箱+智能馬桶＋投屏＋音箱）:HK$321', '豪華大床房（獨立空調+小冰箱+智能馬桶＋投屏＋音箱）:HK$343', '豪華雙床房（獨立空調+小冰箱+智能馬桶＋投屏＋音箱）:HK$353', '行政大床房（獨立空調+小冰箱+智能馬桶＋投屏＋音箱）:HK$375']"
全季酒店（煙台開發區金沙灘後沙廣場店）,9.6,"['大床房（地暖）:HK$567', '舒壓-高級大床房（地暖）:HK$617', '舒壓-高級雙床房（地暖）:HK$647', '高級景觀大床房（地暖）:HK$666']"
煙台麗苑大酒店,9.4,"['靜享大床房:HK$453', '商務標準房:HK$592', '靜享標準房:HK$602', '悠享標準房:HK$713']"
煙台麗景海灣酒店（第二海水浴場漁人碼頭店）,9.7,"['舒適雙床房（金可兒床墊+羽絨被+乾濕分離熱帶雨林淋浴）:HK$922', '舒適大床房（金可兒床墊+羽絨被+乾濕分離熱帶雨林淋浴）:HK$922', '聽海雙床房（金可兒床墊+羽絨被+投屏電視+智能馬桶）:HK$993', '臨海超寬荷里活大床房（金可兒床墊+投屏電視+智能馬桶）:HK$1,064', '陽光海景大床房（金可兒護脊床墊+投屏電視+智能馬桶）:HK$1,206']"
煙台碧海飯店（煙台火車站萬達廣場店）,9.5,"['靜逸｜雅居雙床房:HK$456', '靜逸｜行政雙床房:HK$467', '臻享｜舒心大床房:HK$479', 'Tiamo獨立汗蒸+榻榻米房:HK$489', '臻享｜舒心雙床房:HK$489']"
深藍數碼酒店（煙台火車站芝罘萬達廣場店）,8.9,"['深藍丨舒適大床房【乾濕分離】:HK$479', '深藍丨舒適雙床房【乾濕分離】:HK$479', '深藍丨豪華大床房【乾濕分離+單人沙發】:HK$503', '深藍丨精品雙床房【乾濕分離+書桌】:HK$503']"
煙台瑞景海洋酒店,8.7,"['特價精品標間:HK$199', '普通標準間:HK$284', '精品標準間:HK$334', '精品大床房:HK$334']"
煙台百納瑞汀酒店（第一海水浴場煙台站）,9.7,"['風雅市景大床房:HK$764', '風雅市景雙床房:HK$775', '風雅市景0壓大床房（零壓床墊+記憶枕芯）:HK$786', '風雅0壓雙床房（零壓床墊+記憶枕芯）:HK$797', '商務市景大床房:HK$840', '商務市景雙床房:HK$850']"
朵雅酒店（煙台大學店）,9.5,"['雅緻·舒適大床房-（安睡記憶枕+零壓床墊+靜逸舒適）:HK$492', '靜謐·優選大床房-《安睡記憶枕+零壓床墊+智能客控》:HK$525', '雅緻·舒適雙床房-（安睡記憶枕+零壓床墊+靜逸舒適）:HK$558', '陽光·高級大床房-《秒睡乳膠枕+零壓床墊+輕奢睡眠》:HK$590']"
煙台蓬萊閣漫亭酒店,9.5,"['雅緻標準房（智能氧吧）:HK$545', '舒適大床房（智能氧吧）:HK$554', '豪華雙床房（智能氧吧）:HK$572', '豪華大床房（智能氧吧）:HK$581']"
煙台養馬島瑞貝庭公寓酒店,9.3,"['高級大床房:HK$512', '高級雙床房:HK$551', '海景高級大床房:HK$571', '海景豪華大床房:HK$591']"
龍口蘭歐尚品酒店（博商購物廣場店）,9.7,"['蘭藝大床房（金可兒床墊+智能語音控制+落地窗）:HK$249', '蘭藝雙床房（金可兒床墊+智能語音控制+落地窗）:HK$249', '行政臻享大床房（金可兒床墊+智能語音控制+落地窗）:HK$269', '行政臻享雙床房（金可兒床墊+智能語音控制+落地窗）:HK$269']"
煙台芝罘楓渡酒店,9.5,"['祕境大床房—小冰箱+AI語音+智能馬桶:HK$774', '純粹園景雙床房—智能投屏電視+智能門鎖:HK$817', '滿悦大床房—親子+AI智能語音+慕思床墊:HK$890', '質感海景大床房—陽光露台+小冰箱+AI語音+智能馬桶:HK$900', '滿悦雙床房—親子-夢潔床品+小冰箱+AI語音+智能馬桶:HK$990']"
煙台馨樂庭公寓酒店（金沙灘永旺夢樂城店）,9.4,"['雅緻城景 | 豪華大床房（高端廚電+金可兒床墊）:HK$444', '商旅尊享 | 行政大床房（康乃馨床品+洗烘一體機）:HK$463', '商旅同享 | 行政雙床房（康乃馨床品+洗烘一體機）:HK$494']"
煙台東山賓館,9.1,"['6號樓頂層閣樓標準間:HK$358', '經濟園景標準間:HK$500', '內窗標準間:HK$517', '風雅山景標準間:HK$533', '側海景陽光標準間:HK$533']"
宏達格爾麗都大酒店（煙台國際機場店）,8.2,"['豪華雙床房:HK$321', '高級雙床房:HK$382', '豪華大床房:HK$389', '高級大床房:HK$404']"
煙台靜海大酒店（金沙灘公園廣場店）,9.4,"['豪華城景雙床房:HK$531', '豪華海景雙床房:HK$625', '高樓層城景大床房（帶貴妃榻）:HK$721', '高樓層城景雙床房（帶貴妃榻）:HK$721', '高樓層海景大床房（帶貴妃榻）:HK$791']"
潮生紀·IMAX海景酒店（養馬島店）,9.8,"['嶼白｜純白ins風+海景大床房+簡約治癒系氛圍:HK$492', '絮語｜法式小香風+海景大床房+倚窗觀海|浪漫氛圍:HK$492', '擬月|現代都市風+數字投屏+智能調光（工業美學）:HK$590', '潮隱|都市海景+數字投屏+智能調光（精緻氛圍）:HK$590']"
煙台萬行智選假日酒店,9.6,"['標準雙床房:HK$516', '標準大床房:HK$546', '高級大床房:HK$568', '智選高級套房:HK$791']"
煙台漁人碼頭第二海水浴場亞朵酒店,9.6,"['高級海景大床房（小度智能客控+智能馬桶+恆温花灑）:HK$958', '尊享海景大床房（小度智能客控+智能馬桶+恆温花灑）:HK$1,014', '行政套房（小度智能客控+智能馬桶+恆温花灑+小冰箱）:HK$1,014', '高級海景雙床房（小度智能客控+智能馬桶+恆温花灑）:HK$1,014', '尊享海景雙床房（小度智能客控+80°環海+ESPA洗護）:HK$1,072']"
棲霞錦舍酒店,9.1,"['精選雙床房:HK$277', '商務大床房:HK$398', '精選大床房:HK$398', '精選套間大床房:HK$464', '家庭房:HK$553']"
銀座和美酒店（煙台山濱海廣場店）,9.2,"['悦居大床房【慕斯床墊】:HK$412', '悦居雙床房:HK$412', '美居大床房:HK$540', '美居雙床房:HK$540']"
龍口大酒店·未來,9.9,"['城景舒享大床房:HK$392', '城景悦享大床房:HK$413', '城景悦享雙床房:HK$436', '摩天輪悦景大床房:HK$436', '城景尊享大床房:HK$457']"
如家商旅酒店（煙台福山區永達街店）,9.6,"['高級大床房（夢百合床墊+投屏電視+獨立空調）:HK$333', '商務大床房A（夢百合床墊+投屏電視+獨立空調）:HK$333', '安心睡安睡大床房（空氣凈化器+夢百合床墊+獨立空調）:HK$366', '高級雙床房（夢百合床墊+投屏電視+獨立空調）:HK$375']"
瑞希酒店（煙台萬達廣場福海路店）,9.7,"['清新舒適大床房【智能客控+萊芬吹風機+深睡眠床墊】:HK$496', '喜悦丨高級雙床房【智能客控+小冰箱+深睡眠床墊】:HK$545', '喜悦丨高級大床房【智能客控+小冰箱+深睡眠床墊】:HK$545', '喜悦丨行政雙床房【智能客控+小冰箱＋深睡眠床墊】:HK$581']"
煙台朵悅酒店（開發區萬達福海路店）,9.5,"['雅緻·靜逸大床房:HK$437', '雅緻·靜逸商務大床房:HK$448', '輕奢·悦享高級雙床房:HK$470', '輕奢·悦享豪華大床房:HK$493']"
煙台深藍商旅酒店,9.4,"['清享大床房:HK$281', '悦享大床房:HK$297', '悠然雙床房:HK$297', '優享大床房:HK$320']"
養馬島晞岸民宿,9.8,"['【桉敍】温馨原木風榻榻米大床房:HK$349', '【朧岸】韓式奶油ins風大床房:HK$462', '【蔚町】多巴胺慵懶大床房:HK$462', '【嶼泊】中古風觀海大床房:HK$515']"
善悅酒店（蓬萊海洋極地世界店）,9.6,"['商務大床房:HK$481', '豪華大床房:HK$517', '豪華標間:HK$574', '家庭套房:HK$603']"
全季酒店（煙台濱海廣場煙台山公園店）,9.6,"['大床房:HK$603', '高級大床房:HK$683', '雙床房:HK$764', '商務大床房:HK$764']"
