酒店名称,评分,房型价格列表
盤錦遼濱海景酒店,9.0,"['海景大床房（智能馬桶+電動窗簾）:HK$327', '河景雙床房（智能馬桶+電動窗簾）:HK$370', '海景0壓大床房（智能馬桶+電動窗簾）:HK$425', '商務麗景大床房（電動馬桶+智能窗簾）:HK$438', '豪華商務套房（智能馬桶+電動窗簾）:HK$1,062']"
營口國際酒店,9.1,"['商務雙床房:HK$287', '商務大床房:HK$287', '麗景雙人房:HK$287', '麗景大床房:HK$287', '河景雙人房:HK$334']"
營口皇家園林酒店,9.0,"['標準雙人房:HK$361', '街景大床房:HK$435']"
艾居藝術酒店（營口理工學院奧體中心店）,9.7,"['清新簡約大床房【小冰箱+可投屏55寸電視】:HK$349', '清新簡約雙床房【小冰箱+可投屏55寸電視】:HK$349', '商旅舒睡大床房【小冰箱+可投屏55寸電視】:HK$370', '商旅舒睡雙床房【小冰箱+茶具+可投屏55寸電視】:HK$370']"
營口萬達頤華酒店,9.7,"['高級海景雙床房（獨立海景陽台+觀海落地窗+Acca Kappa洗護用品+舒達床墊）:HK$1,093', '豪華海景雙床房（獨立觀海陽台落地窗+舒達床墊）:HK$1,202', '高級海景大床房（獨立海景陽台+觀海落地窗+Acca Kappa洗護用品+舒達床墊+浴缸）:HK$1,202', '豪華海景大床房（獨立海景陽台+觀海落地窗+Acca Kappa洗護用品+舒達床墊+浴缸）:HK$1,311', '行政豪華海景大床房（高層獨立海景陽台+觀海落地窗+Acca Kappa洗護用品+舒達床墊+迷你吧+浴缸）:HK$1,530', '行政豪華海景雙床房（高層獨立海景陽台+觀海落地窗+Acca Kappa洗護用品+舒達床墊+迷你吧）:HK$1,530']"
營口華天大飯店,9.4,"['大床房:HK$204', '普通大床房:HK$305', '普通雙床房:HK$305', '商務雙床房-帶浴缸:HK$343', '商務大床房-帶浴缸:HK$343']"
營口新紅運酒店,9.3,"['Hello Kitty公主房:HK$278', '優選大床房:HK$284', '海洋祕境雙床房:HK$299', '奇幻森林大床房:HK$311', '豪華雙床房:HK$322']"
葡萄酒店（營口月亮湖公園店）,9.5,"['經濟大床房:HK$302', '經濟雙床房:HK$302', '高級雙床房:HK$351', '高級大床房:HK$351']"
艾居連鎖酒店（營口老邊營大路南店）,9.6,"['特惠雙床房:HK$136', '舒睡陽光大床房:HK$168', '舒睡陽光雙床房:HK$168', '超享浪漫浴缸套房:HK$247']"
葡萄酒店（營口青花大街店）,9.2,"['高級雙床房:HK$229', '高級大床房:HK$233', '超級大床房:HK$255', '主題家庭房:HK$365']"
千尋海景民宿,9.7,"['|千尋|聽海築夢海景大床房:HK$405', '|千尋|碧海尊榻閣首排看海榻榻米:HK$412', '|千尋| 日式原木榻榻米房:HK$416', '|千尋|滄瀾御海居投影日式看海大床房:HK$426']"
營口望兒山水樂園,8.8,"['標準雙床房:HK$534', '標準大床房:HK$534', '榻榻米房:HK$534', '家庭房:HK$753', '高級親子房:HK$753']"
柏麗艾尚酒店（營口富甲凱旋門店）,9.6,"['高級雙床房:HK$306', '高級大床房:HK$306', '特色大床房:HK$333', '家庭房:HK$342']"
艾居連鎖酒店（營口遼河公園新興大街店）,9.5,"['雅居日式大床房（獨立空調+地熱）:HK$160', '悠享大床房【獨立空調+地熱】:HK$167']"
YHotel翊諾酒店,9.5,"['高級雙床房+智能客控+智能馬桶+温泉水:HK$611', '環景家庭房+智能客控+智能馬桶+温泉水:HK$673', '行政大床房+智能客控+智能馬桶+温泉水:HK$705', '行政環景套房+智能客控+智能馬桶+温泉水:HK$1,569', '總統套房+智能客控+温泉水+智能馬桶:HK$8,259']"
營口鏡湖精緻酒店,9.2,"['經濟型標準間-新風系統-中式茶台:HK$239', '舒適大床房-新風系統:HK$240', '精緻大床房（俯瞰公園+智能馬桶+乾濕分離）:HK$271', '滾來滾去超級大床房（朝南+中式大茶桌+智能馬桶+乾濕分離）:HK$299', '豪華大床房（中式茶台+俯瞰湖景+智能馬桶+乾濕分離）:HK$301']"
遼海假日酒店,9.0,"['智能大床房:HK$224', '智能雙床房:HK$224', '智能大床房（獨立泡池）:HK$364', '智能雙床房（獨立泡池）:HK$404']"
棲海·設計師魔法温泉主題海景公寓（山海廣場店）,9.4,"['近海·品質大床房（帶隊趕海+商務休閑）:HK$282', '棲海·高級設計師特大床房（舒達床墊+陽光露台）:HK$303', '親海·設計師主題親子家庭房（步行到海邊+趕海工具）:HK$331', '雲海・尊貴設計師特雙床房（遊玩攻略+助眠舒睡）:HK$365']"
桔子酒店（營口鮁魚圈萬達廣場店）,9.7,"['雙床房:HK$390', '高級大床房A:HK$390', '高級大床房:HK$419', '高級雙床房:HK$428']"
鮁魚圈·萬科海邊兒全海景公寓（營口山海廣場店）,9.5,"['初見山海丨標準雙人間【花園景觀+森林吸氧】:HK$276', '面朝大海丨首排180°海景大床房【無遮看海+拍照出片】:HK$321', '面朝大海丨首排180°海景榻榻米房【帶娃愛住+躺着看海】:HK$341', '拾光山海丨輕奢雙床房【商務休閑+配有冰箱】:HK$379']"
如家商旅酒店（營口鮁魚圈萬隆商業大廈店）,9.6,"['全新大床房:HK$372', '全新雙床房:HK$390', '商務大床房:HK$408', '雙床房:HK$426']"
營口萬隆智選假日酒店,9.4,"['高級房 雙床:HK$327', '高級房 大床:HK$327', '高級家庭房:HK$468', '高級親子房:HK$608']"
漢庭酒店（營口火車站遼河大街店）,9.8,"['雙床房（手機投屏）:HK$220', '高級大床房（手機投屏）:HK$238', '影音大床房（手機投屏）:HK$249', '豪華大床房（手機投屏+小冰箱）:HK$315']"
一米花海民宿（山海廣場魔法温泉店）,9.4,"['面朝大海·全海景豪華大床房-花澗裏:HK$548', '面朝大海·全海景親子主題上下鋪房大型遊戲機-裏物:HK$548', '海景·雙露台落地窗·親子上下鋪大型遊戲機套房:HK$548', '面朝大海·全海景奶油風大床房-甜也:HK$548']"
桔子酒店（營口鮁魚圈營口港店）,9.9,"['加州陽光雙床房:HK$435', '加州陽光大床房:HK$453', '加州陽光商務大床房:HK$501', '加州陽光家庭房:HK$539']"
如家商旅酒店（營口金牛山大街萬達廣場店）,8.8,"['大床房:HK$215', '雙床房:HK$224', '高級大床房:HK$233', '高級雙床房:HK$242']"
營口晟鼎裕龍閣商務酒店（萬達廣場金剛山店）,9.1,"['特惠大床房:HK$142', '精緻大床房:HK$163', '精緻雙床房:HK$163', '巨屏影音房（優酷會員）:HK$183']"
營口海之藍海景酒店式公寓,9.8,"['精選.海景大床房（躺在床上看大海）:HK$305', '精選.海景榻榻米房（無敵觀景）:HK$335', '特選.精品家庭套房（園林景觀）:HK$396', '精選.海景倆居雙床套房:HK$420']"
漢庭酒店（營口中心街店）,9.5,"['高級大床房:HK$227', '大床房:HK$227', '雙床房:HK$236', '套房:HK$330']"
漢庭酒店（營口鮁魚圈世紀廣場店）,9.7,"['高級大床房:HK$246', '雙床房:HK$246', '高級雙床房:HK$293', '套房:HK$321']"
小魚兒·海景民宿（山海廣場魔法温泉店）,10.0,"['雲海丨面朝大海大床房（無遮擋海景陽台+冰箱）:HK$501', '碧海丨面朝大海·豪華雙床房（海景露台+落地窗+冰箱）:HK$525']"
艾居連鎖酒店（營口客運站店）,9.4,"['悦享陽光大床房:HK$115', '甄選陽光雙床房:HK$144', '甄選陽光大床房:HK$144', '靜雅日式大床房:HK$144']"
如家驛居酒店（營口市中心醫院店）,9.7,"['大床房A:HK$152', '大床房:HK$171', '商務大床房:HK$179', '雙床房:HK$197']"
艾居璞雅精品酒店（營口鮁魚圈區月亮湖公園店）,9.6,"['日光大床房【茶具+可投屏電視】:HK$270', '悦享大床房【茶具+可投屏電視】:HK$277', '雅緻雙床房【茶具+可投屏電視】:HK$277', '靜雅大床房【茶具+可投屏電視】:HK$277']"
營口五礦豪生大酒店,9.3,"['棋牌室:HK$183', '高級大床房+全景落地窗+科勒浴缸:HK$282', '高級雙床房+全景落地窗+科勒浴缸:HK$282', '零壓——高級大床房:HK$296', '輕奢私湯豪華雙床房+泡浴產品+懶人沙發:HK$304']"
水上民宿,9.4,"['觀海露台大床房:HK$499', '觀海雙卧家庭房:HK$502', '榻榻米温泉泡池雙人房:HK$529', '温泉泡池大床房:HK$529']"
愛之漫海景主題民宿,9.1,"['標準大床房:HK$156', '豪華大床房:HK$175', '温馨家庭房:HK$221', '豪華雙床房:HK$277']"
艾居連鎖酒店（營口老街店）,9.7,"['圓夢好運房【投屏電視+洗衣機】:HK$170', '雅居日式雙床房【投屏電視+洗衣機】:HK$191', '靜雅雙床房【茶具+投屏電視+洗衣機】:HK$198', '靜雅大床房【獨立空調+洗衣機】:HK$198']"
如家酒店（營口盼盼路南湖公園店）,9.5,"['大床房:HK$192', '雙床房:HK$210', '商務大床房:HK$210', '家庭房:HK$236']"
營口六號公館温度民宿,9.7,['18°草長鶯飛主題温度房間:HK$126']
星程酒店（營口鮁魚圈山海廣場店）,9.6,"['雙床房:HK$284', '高級大床房:HK$302', '家庭親子房:HK$369', '雙床套房:HK$416']"
營口頤湯會館,9.2,"['傾心·湯泉套房:HK$373', '榻榻米親子湯泉套房:HK$404', '假日·湯泉套房:HK$404']"
如家驛居酒店（營口鮁魚圈山海廣場店）,9.5,"['大床房:HK$170', '高級大床房:HK$178', '雙床房:HK$186', '高級雙床房:HK$195']"
營口翰興商務賓館,8.2,"['特價大床房:HK$130', '特價雙床房:HK$130', '標準房A:HK$194', '主題大床房A:HK$208']"
鮁魚圈愛之喔民宿,9.9,"['特色家庭房:HK$282', '海景·輕奢雙床房:HK$348', '露台觀海雙床房:HK$380', '商務標準間:HK$391']"
營口·鮁魚圈萬科維多利亞海景公寓,9.2,"['特色海景榻榻米（一線海景）:HK$482', '温馨園景特惠房:HK$482', '精品海景大床房（一線海景）:HK$482', '精選海景兩室套房（180度海景）:HK$564']"
營口華夏大酒店,8.5,"['標準間:HK$165', '豪華大床房:HK$193', '大床房:HK$193', '三人間（無窗）:HK$221']"
歡樂時光海景公寓（鮁魚圈鴻基店）,9.2,"['温馨大床房:HK$167', '經濟大床房:HK$167', '雅緻大床房:HK$186', '商務大床房:HK$242']"
艾居連鎖酒店（營口站前區政府第三高級中學店）,9.4,"['靜謐附樓大床房（地熱供暖+安靜簡約+陽光滿屋）:HK$200', '靜雅附樓雙床房:HK$209', '商旅舒睡大床房（地熱供暖+休閑椅+遮光窗簾）:HK$218', '商旅舒睡雙床房（地熱供暖+休閑椅+遮光窗簾）:HK$218']"
營口萬科樂途海景公寓,10.0,"['特惠雙人間:HK$392', '浪漫海景大床房:HK$490', '近海舒適家庭房:HK$490', '近海零壓兩室套房（開放式廚房 ）:HK$549']"
