酒店名称,评分,房型价格列表
漢庭酒店（亳州北萬達廣場店）,9.6,"['大床房:HK$218', '高級雙床房:HK$227', '高級大床房:HK$236', '家庭房:HK$236']"
亳州康萊酒店（康美中葯城店）,9.3,"['高級雙床房:HK$328', '高級大床房:HK$338', '豪華雙床房:HK$360', '豪華大床房:HK$371', '影音大床房:HK$427', '行政雙床房:HK$480']"
伯爵世家酒店（亳州康美中葯城火車站店）,9.7,"['舒適精選雙床房（商務桌椅+三區分離+護脊床墊）:HK$208', '精選大床房（三區分離+高端洗護+護脊床墊）:HK$208', '高級雙床房（落地窗+新風系統+商務桌椅）:HK$230', '高級大床房（高端洗護+落地窗+三區分離）:HK$244', '雲端觀景雙床房（城市夜景+純棉浴袍+功夫茶具）:HK$252']"
雲逸智慧美宿酒店（亳州市魏武大道中葯材市場店）,9.6,"['雲悦·靜謐大床房（全屋智能+助眠枕）:HK$158', '雲悦·靜謐雙床房（智能客控+香薰助眠枕）:HK$158', '雲悦·城景大床房（城市風景+智能客控）:HK$178', '雲悦·城景雙床房（智能客控:HK$178']"
亳州富力萬達嘉華酒店（高新萬達廣場店）,9.4,"['豪華大床房（美國舒達床墊）:HK$436', '豪華雙床房（美國舒達床墊 ）:HK$436', '高級豪華大床房（CBD街景+美國舒達床墊）:HK$480', '高級豪華雙床房（CBD街景+美國舒達床墊）:HK$480', '行政豪華大床房（CBD街景+美國舒達床墊）:HK$591', '高級套房（獨立會客廳+膠囊Coffee機+哈曼卡頓音響）:HK$1,092']"
漢庭酒店（亳州市政府店）,9.8,"['大床房:HK$198', '高級雙床房:HK$218', '高級大床房:HK$227', '商務雙床房:HK$249']"
亳州古井君萊國際酒店,9.4,"['高級大床房:HK$218', '高級雙床房:HK$218', '商務大床房:HK$266', '商務雙床房:HK$266']"
維也納國際酒店（亳州市政府店）,9.6,"['中葯養生雙床房（舒達床墊+美標潔具+素菲詩洗沐用品）:HK$258', '中葯養生大床房（舒達床墊+美標潔具+素菲詩洗沐用品）:HK$258', '豪華雙床房（舒達床墊+美標潔具+素菲詩洗沐用品）:HK$265', '豪華大床房（舒達床墊+美標潔具+素菲詩洗沐用品）:HK$265', '商務雙床房（舒達床墊+美標潔具+素菲詩洗沐用品）:HK$270']"
城市精選酒店（亳州萬達廣場店）,9.6,"['標準大床房:HK$162', '標準雙床房:HK$162', '影院大床房:HK$175', '高級大床房:HK$182']"
全季酒店（亳州北萬達廣場店）,9.6,"['高級大床房:HK$331', '高級雙床房:HK$341', '商務大床房:HK$362', '商務雙床房:HK$362']"
齊祺L酒店（亳州魏武大道火車站店）,9.4,"['齊祺丨温馨大床房:HK$131', '齊祺丨温馨雙床房:HK$131', '良辰丨精緻大床房:HK$143', '良辰丨精緻雙床房:HK$143']"
亳州古井貢酒·年份原漿主題酒店,9.7,"['高級單間:HK$316', '高級標間:HK$316', '商務套房:HK$764']"
維納斯國際酒店（亳州萬達廣場店）,9.4,"['豪華大床房｜全景視野+獨立辦公區域:HK$262', '豪華雙床房｜全景視野+獨立辦公區域:HK$262', '商務雙床房｜高層安靜樓層+鵝絨枕+蕎麥枕:HK$327', '商務大床房｜高層安靜樓層+鵝絨枕+蕎麥枕:HK$327', '行政大床房｜高層安靜樓層+視野優勢+鵝絨枕+蕎麥枕:HK$338']"
星呈酒店（亳州萬達廣場康美中葯城店）,9.4,"['高級大床房:HK$148', '高級雙床房:HK$155', '商務大床房:HK$179', '景觀大床房:HK$215']"
南洋都市大酒店（亳州魏武大道店）,9.2,"['特惠大床房（軟包沙發）:HK$150', '特惠標準間（軟包沙發）:HK$150', '商務大床房（辦公寫字桌）:HK$170', '商務雙床房（辦公寫字桌）:HK$170']"
全季酒店（亳州高新萬達廣場店）,9.8,"['高級大床房:HK$290', '高級雙床房:HK$290', '商務大床房:HK$318', '商務雙床房:HK$318']"
星際·甘棠酒店（亳州市魏武廣場中葯材市場店）,9.6,"['百合大床房「智能客控|投屏電視|零圧床墊」:HK$127', '琥珀雙床房「智能客控|投屏電視|城市夜景」:HK$127', '當歸榻榻米大床房「智能客控|投屏電視|智能馬桶」:HK$134', '琥珀高級雙床房「智能客控|羽絨枕芯|零圧床墊」:HK$145']"
亳州盛榮酒店,9.6,"['高級雙床房:HK$294', '高級大床房:HK$294', '行政雙床房:HK$327', '行政大床房:HK$327', '行政家庭雙床房:HK$360']"
鉑雅晚安智慧酒店（亳州湯王大道店）（近南半球譙城萬達）,9.7,"['晚安小築榻榻米房[私密投屏+零壓床墊]:HK$142', '雅緻智慧大床房[全屋智能+一次性安心口杯]:HK$151', '雅緻智慧雙床房[空氣凈化器＋加濕器]:HK$151', '舒睡零壓大床房[精緻化粧鏡＋私密投屏]:HK$161']"
全季酒店（亳州中葯材交易市場店）,9.6,"['高級大床房（一鍵投屏、智能馬桶）:HK$271', '高級雙床房（一鍵投屏、智能馬桶）:HK$281', '商務大床房（一鍵投屏、智能馬桶）:HK$290', '商務雙床房（一鍵投屏、智能馬桶）:HK$290']"
亳州亳蕪鐵山賓館,9.8,"['舒適雙床房:HK$324', '商務大床房:HK$347', '高級套房:HK$609', '親子套房:HK$938', '中式雅緻婚房（套房）:HK$1,022']"
祥晟邦酒店（亳州學院高鐵南站店）,9.2,"['X·隱|微不足道温馨小廂房:HK$160', 'X·沐|禾風舒月陽光大床房:HK$185', 'X·茗|靜謐雅緻陽光雙床房:HK$185', 'X·觀|落日枕月湖景大床房:HK$208']"
格菲酒店（亳州高鐵南站大學城店）,9.6,"['特惠大床房（A+級抗菌除蟎床品+零壓舒睡床墊+羽絨被芯）:HK$171', '格菲雙床房（A+級抗菌除蟎床品+零壓舒睡床墊+羽絨被芯）:HK$191', '格菲大床房（A+級抗菌除蟎床品+零壓舒睡床墊+羽絨被芯）:HK$191', '景觀大床房（A+級抗菌除蟎床品+零壓舒睡床墊+全屋智控）:HK$241']"
歡顏酒店（亳州譙城區春雨汽車城店）,8.9,"['L雙床房（雙層隔音玻璃）:HK$120', 'M大床房（全屋智能+雙層隔音玻璃）:HK$120', 'XL雙床房（雙層隔音玻璃）:HK$131', 'L大床房（全屋智能+雙層隔音玻璃）:HK$131']"
你好酒店（亳州南站中葯城中心店）,9.6,"['高級大床房:HK$196', '商務雙床房:HK$205', '商務大床房:HK$205', '套房:HK$281']"
宜尚酒店（亳州奧特萊斯亳望府店）,9.7,"['標準大床房:HK$169', '高級大床房:HK$182', '商務雙床房:HK$203', '商務大床房:HK$203']"
格林東方酒店（亳州萬達廣場店）,9.6,"['特惠大床房:HK$158', '東方高級雙床房:HK$171', '東方高級大床房:HK$171', '豪華雙床房:HK$195']"
歡漫酒店（亳州高鐵南站康美中葯城店）,9.7,"['城景大床房（雲梯雅舍•景觀開闊•小度客控）:HK$199', '豪華雙床房（雙參雲邸•智能客控•泡腳桶•手機投屏）:HK$220', '豪華大床房（檀香智域•全屋智能•零壓酣睡床墊）:HK$220', '影院大床房（杜仲私幕•MINI冰箱•葉黃素蒸汽眼罩）:HK$243']"
將進酒店·古井貢,10.0,"['客舍ˑ亳大床房:HK$343', '客舍ˑ譙大床房:HK$360', '客舍ˑ亳雙床房:HK$370', '客舍ˑ譙影音大床房:HK$404', '客舍ˑ譙雙床房:HK$425']"
亳州君亭華豐酒店（金橋購物中心大潤發店）,9.3,"['特價標間:HK$205', '豪華標間:HK$231', '豪華大床房:HK$231', '景觀浴缸房:HK$379']"
OZE精品酒店（亳州萬達廣場康美中葯城店）,9.0,"['雅靜大床房:HK$168', '雅靜雙床房:HK$168', '高級零壓大床房:HK$183', '豪華零壓大床房:HK$198']"
亳州桐禧東方酒店,9.7,"['高級大床房（智能窗簾+投屏）:HK$435', '舒適雙床房（智能窗簾+投屏）:HK$435', '高級雙床房（智能窗簾+投屏）:HK$456', '豪華大床房（智能窗簾+投屏+浴缸）:HK$518', '舒適套房（智能窗簾+投屏+迷你廚房+獨立會客區）:HK$570']"
全季酒店（亳州南站養生大道店）,9.8,"['高級大床房（智能馬桶、一鍵投屏、小冰箱）:HK$271', '高級雙床房（智能馬桶、一鍵投屏、小冰箱）:HK$271', '商務雙床房（智能馬桶、一鍵投屏、小冰箱）:HK$281', '商務大床房（智能馬桶、一鍵投屏、小冰箱）:HK$290']"
如家商旅酒店（亳州高新萬達廣場店）,9.7,"['雙床房A（新風系統+手機投屏+智能客控）:HK$175', '商務大床房A（新風清新系統+貴妃椅+智能馬桶）:HK$175', '高級大床房（精緻化粧鏡+智能客控+深睡護頸枕）:HK$191', '高級雙床房（精緻化粧鏡+智能客控+休閑卡座）:HK$191']"
亳州賓館,9.4,"['豪華單間:HK$403', '豪華標間:HK$403', '高級豪華標間:HK$632', '高級豪華單間:HK$632', '行政單間:HK$741', '高級行政標間:HK$850']"
君萊酒店·YUE（亳州市政府博物館店）,9.2,"['YUE•惠大床房:HK$172', 'YUE•惠雙床房:HK$177', 'YUE•心大床房:HK$183', 'YUE•心雙床房:HK$203']"
漢庭酒店（亳州南湖公園寶龍廣場店）,8.8,"['高級大床房:HK$207', '商務大床房:HK$218', '高級雙床房:HK$227']"
亳州文化公園希爾頓歡朋酒店,9.5,"['舒適雙床房（舒達床墊+人體工學椅+彼得羅夫洗沐用品）:HK$354', '舒適大床房（舒達床墊+人體工學椅+彼得羅夫洗沐用品）:HK$364', '高級雙床房（舒達床墊+人體工學椅+彼得羅夫洗沐用品）:HK$373', '高級大床房（舒達床墊+人體工學椅+彼得羅夫洗沐用品）:HK$383', '豪華雙床房（舒達床墊+人體工學椅+彼得羅夫洗沐用品）:HK$392']"
麗楓酒店（亳州南湖華富廣場店）,9.9,"['雅緻大床房（全屋智能+慕斯床墊+靜怡舒適）:HK$262', '商務雙床房（全屋智能+慕斯床墊+超大空間）:HK$320', '麗遇大床房（全屋智能+慕斯床墊+香氛洗護套盒）:HK$336', '純凈自然大床房（全屋智能+純凈健康+落地窗）:HK$370']"
漢庭酒店（亳州康美中葯城方圓薈店）,9.7,"['大床房（全屋智控+智能馬桶+記憶羽絨枕）:HK$207', '商務雙床房（全屋智控+智能馬桶+記憶羽絨枕）:HK$218', '商務大床房（全屋智控+智能馬桶+記憶羽絨枕）:HK$236']"
璞禾酒店（亳州萬達廣場店）,9.4,"['豪華大床房（靜謐治癒）:HK$159', '豪華雙床房:HK$173', '高級豪華大床房（智能按摩椅）:HK$199', '至尊豪華雙床房（智能按摩椅）:HK$233']"
格林豪泰酒店（亳州康美中葯城萬達廣場店）,9.4,"['輕奢智能大床房:HK$170', '輕奢智能雙床房:HK$170', '高級智能家庭房:HK$233', '商務智能棋牌房:HK$285']"
鉑雅美宿酒店（亳州魏武廣場店）（近譙城區花戲樓）,9.6,"['雅緻大床房:HK$125', '雅緻雙床房:HK$125', '舒睡雙床房:HK$136', '舒睡零壓大床房:HK$136']"
星程酒店（亳州高新萬達葯都路店）,9.7,"['高級雙床房:HK$187', '高級大床房:HK$196', '商務大床房:HK$224', '商務雙床房:HK$224']"
南洋精品酒店（亳州魏武大道店）,9.5,"['特惠大床房:HK$108', '特惠標準間:HK$108', '高級精品標準間:HK$120', '高級精品大床房:HK$130']"
維也納國際酒店（亳州高鐵南站大學城店）,9.2,"['高級大床房「智能客控·深睡記憶枕·雙層隔音」:HK$199', '高級雙床房:HK$208', '豪華大床房「雙人沙發·大空間·商務辦公桌/椅」:HK$216', '豪華雙床房「雙人沙發·大空間·商務辦公桌/椅」:HK$225']"
城市之家（亳州學院店）,9.7,"['尊享雙床房:HK$207', '尊享大床房:HK$207', '高級大床房:HK$219', '高級雙床房:HK$219']"
MEISU美宿酒店（亳州高新萬達廣場店）,9.2,"['歡潮大床房:HK$221', '歡潮雙床房:HK$221', '歡潮豪華雙床房:HK$242', '樂潮豪華大床房:HK$242']"
心有所宿智慧酒店,9.3,"['特惠丨精品大床房:HK$144', '落霞丨智能大床房:HK$157', '輕暖丨零壓大床房:HK$162', '秋水丨智能雙床房:HK$166']"
格林東方酒店（亳州高鐵南站店）,10.0,"['東方大床房:HK$158', '東方雙床房:HK$158', '家庭房:HK$169']"
