酒店名称,评分,房型价格列表
七仙嶺康樂温泉酒店,9.0,"['豪華半山園景雙床房:HK$292', '豪華雨林園景雙床房:HK$314', '豪華半山温泉雙床房:HK$391', '豪華雨林温泉雙床房5號樓:HK$423']"
翡麗智慧酒店（保亭店）,9.1,"['新風簡約大床房（智能客控+手機投屏）:HK$159', '雅緻舒適大床房（智能客控+零壓床墊+高樓層）:HK$170', '新風簡約雙床房（智能客控+烘乾一體洗衣機）:HK$175', '雅緻舒適雙床房:HK$181']"
保亭七仙嶺雨林仙境温泉度假酒店,9.0,"['高級雨林大床房（獨立私湯温泉+雨林景觀+獨立陽台）:HK$662', '高級雨林雙床房（獨立私湯温泉+雨林景觀+獨立陽台）:HK$662', '豪華雨林大床房（獨立私湯温泉+雨林景觀+獨立陽台）:HK$849', '豪華雨林雙床房（獨立私湯温泉+雨林景觀+獨立陽台）:HK$850', '精品雨林雙床房（獨立私湯温泉+雨林景觀+獨立陽台）:HK$871']"
天藝精品酒店（保亭七仙廣場店）,8.5,"['特惠大床房【靜眠舒睡+辦公桌椅+定製洗漱用品】:HK$292', '舒適雙床房【小沙發+辦公桌椅+乾濕分離】:HK$299']"
維也納國際酒店（保亭中心店）,9.5,"['商務大床房:HK$304', '商務雙床房:HK$304', '景觀大床房:HK$322', '景觀雙床房:HK$322']"
海南七仙嶺龍灣珺唐酒店,9.2,"['景觀雨林大床房（私湯温泉+宜人雨林山景）:HK$680', '景觀雨林雙床房（私湯温泉+宜人雨林山景）:HK$680', '陽光雨林大床房（觀景陽台私湯温泉+深呼吸負氧離子）:HK$756', '陽光雨林雙床房（觀景陽台私湯温泉+深呼吸負氧離子）:HK$756', '花園親子套房（花園小院+私湯温泉+小童主題）:HK$1,254', '豪華套房（一室一廳遠觀山景+VIP尊享）:HK$1,794']"
保亭三道榕樹灣民宿農家院,9.1,"['高級大床房:HK$295', '温馨親子房:HK$313']"
紫風鈴雨林療愈莊園,9.7,"['枕雲花園獨院大床房:HK$435', '庭院花園雙床房:HK$463', '景觀大床房:HK$463', '庭院浴缸麻將大床房:HK$513']"
海南七仙嶺寶亭荔苑温泉酒店,8.0,"['雨林温泉雙床房:HK$468', '雨林温泉大床房:HK$468', '豪華温泉雙床房:HK$509', '豪華温泉大床房:HK$509', '豪華雨林温泉套房:HK$612']"
呀諾達旅遊區雨林一號度假酒店,9.4,"['山野露營基地雙床房:HK$607', '山野露營基地大床房:HK$607', '高級大床房（迷你冰箱+電動窗簾+茶具）:HK$850', '高級雙床房（迷你冰箱+茶具）:HK$859', '豪華大床房（迷你冰箱+茶具）:HK$991']"
享水谷熱帶雨林國家公園度假酒店,8.6,"['山谷豪華雙標房:HK$399', '特惠雙床房:HK$399', '山谷豪華蜜月房:HK$416', '山谷豪華套房:HK$707']"
七仙苗山書雁私湯温泉度假院子,9.6,"['陽光雨林大床房（私湯葯浴温泉+雨林景觀+戴森吹風機）:HK$1,650', '山景雨林雙床房（私湯葯浴温泉+日出景觀+獨立陽台）:HK$2,037', '豪華雨林大床房（私湯葯浴温泉+雨林景觀+獨立陽台）:HK$2,166', '山景雨林大床房（私湯葯浴温泉+日出美景+獨立陽台）:HK$2,295', '270°景觀雨林大床房+私湯葯浴温泉+獨立陽台+日出美景:HK$2,424']"
神玉島玉酒店,9.4,"['蝴蝶公主親子房:HK$970', '奶龍親子房:HK$1,078', '櫻桃小丸子親子房:HK$1,078', '喜羊羊與灰太狼親子房:HK$1,078', '奧特曼親子房:HK$1,078', '小熊王子親子房:HK$1,078']"
海南七仙瑤池温泉度假酒店,7.8,"['山谷大床房:HK$486', '雨林温泉房:HK$510', '豪華雨林温泉房:HK$534', '豪華山谷子母房:HK$969']"
保亭玉澗歸宿,7.6,"['庭院101房:HK$499', '庭院102房:HK$527', '玉嬋201房:HK$613', '玉嬋301房:HK$647']"
共享智能酒店（保亭縣政府店）,9.3,"['Gl優享特惠房（零壓床墊）:HK$148', 'Gl樂享智能大床房（智能客控+零壓床墊）:HK$158', 'G L 私享智能大床房（享有風景+零壓床墊）:HK$169', 'G L 共享智能大床房（享有風景+智能客控+零壓床墊）:HK$190']"
保亭戴斯酒店,9.0,"['標準大床房:HK$386', '標準雙床房:HK$386', '商務大床房:HK$450', '豪華套房:HK$571']"
保亭保城漢亭智能酒店,9.3,['三人間:HK$269']
雅布倫田園山莊酒店（保亭呀諾達店）,9.0,"['雨林別墅大床房:HK$380', '雨林別墅雙標房:HK$380', '雨林別墅豪華親子房:HK$564', '雨林別墅豪華套房:HK$791']"
保亭川鴻智能酒店,10.0,"['GL商務大床（中央空調+智能客控）:HK$128', 'GL共享雙標房（中央空調+智能客控）:HK$137', 'GL輕享大床房（中央空調+智能客控）:HK$137', 'GL優享大床房（中央空調+智能客控）:HK$147']"
保亭雙大野奢康養酒店,9.3,"['豪華大床房:HK$312', '豪華雙床房:HK$312', '一房一廳家庭套房:HK$334', '一房一廳雙床套房:HK$334', '一房一廳大床套房:HK$334']"
保亭七仙家庭旅館,8.7,"['大床房:HK$140', '雙標房:HK$161']"
寶徠賓館（保亭市場店）,8.1,"['陽光大床房:HK$121', '商務雙人房:HK$125', '舒適大床房:HK$125', '舒適雙床房:HK$130']"
那香山雨林度假酒店（保亭呀諾達店）,8.9,"['蜜月單卧泳池別墅:HK$867', '潛山雙卧泳池別墅:HK$1,026']"
九九八智聯商務酒店,9.5,"['特價房:HK$172', '標準單人房:HK$250', '商務雙人房:HK$265', '舒適雙床房:HK$267']"
茶溪谷大酒店,9.0,"['茶溪普標雙床房:HK$190', '茶溪普標復古大床房:HK$190', '雲棲木屋雙床房:HK$190', '雲棲木屋大床房:HK$190']"
樂家康養民宿,8.6,"['雅緻大床房:HK$140', '普通標準間:HK$140', '高級大床房:HK$183', '豪華標準間:HK$183']"
保亭仙嶺郡代爾蒙酒店,8.5,"['兩室兩廳度假園景套房:HK$347', '三室兩廳家庭園景套房:HK$478']"
保亭三道御景雨林商務酒店,9.0,"['特惠大床房:HK$175', '特惠雙床房:HK$187', '商務大床房:HK$196', '商務雙床房:HK$208']"
保亭七仙河畔度假酒店,7.8,"['河畔單標房:HK$183', '河畔雙標房:HK$192', '河畔複式雙標:HK$192', '河畔複式單雙標房:HK$192']"
保亭柒月精品酒店,7.8,"['特惠大床房:HK$151', '主題大床房:HK$161', '柒月精品大床房:HK$172', '智能大床房【智能語音控制】:HK$194']"
山道園民宿,8.5,['親子温馨榻榻米房:HK$193']
北緯十八度蔡園民宿,8.1,"['温馨大床房:HK$183', '温馨雙床房:HK$184', '湖景温馨大床房:HK$269', '雨林庭院温馨家庭房:HK$285']"
保亭七仙嶺南美温泉山莊,8.1,"['新豪華房:HK$532', '仙景雙床房（無泡池）:HK$532', '優選雙床房:HK$565', '園景大床房:HK$620']"
保亭椰香閣酒店,9.1,"['大床房:HK$205', '雙床房:HK$216', '三人間:HK$238']"
保亭秀麗山莊,5.3,"['豪華大床房:HK$301', '豪華雙床房:HK$301', '親子房:HK$325', '麻將房:HK$369']"
保亭雨林時光旅租,8.6,[]
五指山水雲居民宿酒店,9.1,"['湖畔豪華套房一室一廳:HK$369', '湖畔豪華一室一廳（雙標）:HK$423', '湖畔豪華套房二室一廳:HK$453', '園景豪華套房一室一廳:HK$496']"
五指山清能麗景灣酒店,9.0,"['B1-麗景智控大床房:HK$325', 'B1-麗景智控雙床房:HK$369', '靜謐麗景·智控大床房:HK$404', '靜謐河景·智控雙床房:HK$435', '靜謐河景·智控大床房:HK$435', '水墨麗景·智控大床房:HK$506']"
五指山藝宿裏主題客棧,9.7,"['比鄰·温馨大床房:HK$257', '丘山堂・尊享國風套房:HK$869', '同堂·三室一廳類別墅套房:HK$904']"
五指山中部大酒店,9.3,"['豪華智控雙床房:HK$381', '豪華智控陽台雙床房:HK$422', '豪華智控陽台大床房:HK$450', '親子雙床房:HK$560']"
仁帝山雨林酒店,8.3,"['雨林養生雙床房:HK$518', '雨林養生大床房:HK$611', '養生套房兩室一廳:HK$834', '九養雙床房:HK$926']"
五指山珠江水晶酒店,9.2,"['特惠雙床房:HK$311', '山景雙床房:HK$325', '特惠大床房:HK$326', '山景大床房:HK$345', '河景雙床房:HK$348']"
全季酒店（五指山三月三大道店）,9.5,"['大床房:HK$311', '高級大床房:HK$340', '雙床房:HK$371', '家庭房:HK$402']"
海南三正月酒店,9.6,"['豪華景觀雙床房:HK$1,386', '豪華景觀大床房:HK$1,386', '至尊海景雙床房:HK$1,733', '至尊海景大床房:HK$1,751', '豪華海景大床房:HK$1,820', '豪華海景雙床房:HK$1,820']"
五指山鵬來酒店,9.2,"['舒適大床房:HK$281', '舒適雙床房:HK$281', '尊享雙人房:HK$325', '尊享大床房:HK$325']"
三亞海棠灣泊泊裏海景度假公寓,10.0,"['泊泊裏海景大床房（廚房·冰箱洗衣機·陽台）:HK$491', '嶼漫海景二房一廳（廚房·冰箱洗衣機·陽台）:HK$564']"
五指山懿品雲景度假酒店,8.7,"['懿品遠景雙床房:HK$257', '懿品觀景大床房:HK$269', '懿品觀景雙床房:HK$277', '懿品雅緻雙床房:HK$291', '懿品雅緻大床房:HK$291']"
三亞海棠灣晴空野民宿（國際免税城店）,9.5,"['晨曦椰林大床房-智能語音:HK$128', '暮雨椰林大床房-智能語音:HK$145', '落霞陽台浴缸大床房-智能語音:HK$200', '遠山陽台浴缸大床房-智能語音:HK$224']"
五指山春和酒店,8.7,"['山景榻榻米:HK$170', '山景雙床房:HK$184', '河景雙床房:HK$205', '河景大床房:HK$221']"
