酒店名称,评分,房型价格列表
保定星光國際酒店,9.7,"['B座中式大床房（寬敞舒適、乾濕分離）:HK$546', 'B座中式雙床房（寬敞舒適、乾濕分離）:HK$590', 'A座輕奢商務大床房（康乃馨床品、科勒潔具）:HK$689', 'A座輕奢商務雙床房（康乃馨床品、科勒潔具）:HK$733', 'B座豪華雙床房:HK$733', 'A座浪漫臻享大床房（康乃馨床品、歐舒丹洗護）:HK$797']"
悦為智酒店（保定高新區保百購物廣場店）,9.5,"['雅惠雙床房:HK$232', '雅緻大床房:HK$252', '智享舒適雙床房:HK$272', '輕奢大床房:HK$295', '智享精品雙床房:HK$318']"
鉑漫酒店（保定西大街火車站店）,9.6,"['經濟大床房（智能語音客控）:HK$229', '舒享大床房（智能語音客控）:HK$252', '豪華景觀大床房（智能語音客控）:HK$273', '豪華大床房（智能語音客控）:HK$275']"
桃莆酒店（保定浪味仙保百購物廣場店）,9.5,"['臻享標準間:HK$263', '臻享雙拼房:HK$263', '精品雙拼房:HK$285', '智慧標準間:HK$300', '智慧大床房:HK$307']"
保定希爾頓歡朋酒店,9.6,"['舒適房-雙床:HK$421', '舒適房-大床:HK$421', '高級房-雙床:HK$442', '高級房-大床:HK$442', '豪華房-雙床:HK$462']"
白玉蘭酒店（保定直隸總督署店）,9.6,"['輕雅大床房:HK$307', '舒雅雙床房:HK$323', '舒雅大床房:HK$332', '靜雅雙床房:HK$348']"
保定秀蘭飯店,9.7,"['A座商務大床房:HK$405', '甄選雙床房:HK$480', '甄選大床房:HK$480', '深睡眠雙床房:HK$558', '深睡眠大床房:HK$558', '甄選行政大床房:HK$646']"
保定中銀大廈柏嘉酒店（萬博廣場店）,9.5,"['悦享雙床房:HK$316', '悦享大床房:HK$316', '臻享雙床房:HK$360', '臻享大床房:HK$360', '臻享三人房:HK$382']"
萬瓏酒店（保定高新區保百購物廣場店）,9.6,"['雅奢無窗大床房:HK$319', '精選榻榻米:HK$332', '積木雙拼大床房:HK$362', '商務大床房:HK$393']"
保定萬豪萬楓酒店,9.6,"['標準雙床房（舒達床墊、華夫格床品）:HK$328', '標準大床房（舒達床墊、華夫格床品）:HK$328', '高級大床房（舒達床墊、華夫格床品）:HK$371', '高級雙床房（舒達床墊、華夫格床品）:HK$371', '弗諾氧·深度睡眠雙床房（舒達床墊、華夫格床品）:HK$492']"
旅途唯美酒店（復興路店）,9.5,"['舒享大床房（智能語音客控）:HK$280', '舒享雙床房（智能語音客控）:HK$290', '精品大床房（智能語音客控）:HK$299', '精品雙床房（智能語音客控）:HK$309', '行政大床房（智能語音客控+商務辦公）:HK$319']"
保定華中假日酒店,9.6,"['豪華大床房:HK$381', '豪華標準間:HK$381', '日式大床房:HK$413', '豪華家庭房:HK$512', '輕奢大床房:HK$524']"
保定深圳園美輪美奐酒店,9.8,"['商務大床房（中央空調+高端寢具+落地窗）:HK$483', '商務雙床房（中央空調+高端寢具+落地窗）:HK$483', '豪華大床房（中央空調+高端寢具+落地窗）:HK$533', '豪華雙床房（中央空調+高端寢具+落地窗）:HK$533', '行政大床房（中央空調+高端寢具+落地窗）:HK$614', '家庭房（中央空調+高端寢具+落地窗）:HK$614']"
麗呈東谷酒店（保定市朝陽北大街保百購物廣場店）,9.7,"['雅緻大床房「高速WIFI+護頸記憶枕+零壓深睡床墊+SEVEN PLUS茶語洗護用品」:HK$329', '雅緻雙床房「電視投屏+護頸記憶枕+零壓深睡床墊+SEVEN PLUS茶語洗護用品」:HK$329', '商務大床房「電視投屏+護頸記憶枕+零壓深睡床墊+SEVEN PLUS茶語洗護用品」:HK$384', '商務雙床房「高速WIFI+護頸記憶枕+零壓深睡床墊+SEVEN PLUS茶語洗護用品」:HK$384', '寬境闊睡房「情侶闊睡+護頸記憶枕+嬰幼兒超寬床+SEVEN PLUS茶語洗護用品」:HK$406']"
保定卓正國際酒店,9.9,"['商務標準雙床房:HK$539', '商務標準大床房:HK$553', '豪華雙床房:HK$657', '豪華大床房:HK$694', '行政豪華雙床房:HK$754', '行政豪華大床房:HK$791']"
保定電谷國際酒店,9.5,"['豪華靜謐大床房（乾濕分離）:HK$437', '高級城景雙床房（陽面+睡蓮東方之夢床墊）:HK$546', '高級城景大床房（睡蓮東方之夢床墊）:HK$546', '全景商務雙床房（高樓層+智能馬桶+戴森吹風機）:HK$623', '全景商務大床房（高樓層+智能馬桶+戴森吹風機）:HK$623', '豪華舒適大床房（乾濕分離）:HK$656']"
吾朵酒店（保定直隸總督署火車站店）,9.6,"['輕奢大床房:HK$276', '精品雙床房:HK$276', '臻品大床房:HK$286', '行政雙床房:HK$289']"
慕湖酒店梵森納（保定東站河大新區店）,9.4,"['舒適大床房（智能客控+電視投屏+護頸記憶枕）:HK$279', '舒適雙床房（智能客控+電視投屏+護頸記憶枕）:HK$289', '高級雙床房（智能客控+電視投屏+落地窗）:HK$301', '景觀大床房（智能客控+電視投屏+護頸記憶枕）:HK$322', '豪華大床房（智能客控+落地窗+電視投屏）:HK$332']"
吾朵酒店（保定高鐵東站河大新區店）,9.3,"['舒享大床房:HK$214', '優享雙床房:HK$224', '悦享大床房:HK$246', '悦享家庭房:HK$311']"
保定宴直隸文旅酒店,9.5,"['直隸高級大床房（金可兒床墊·乾濕分離·坐擁繁華城景）:HK$496', '直隸高級雙床房（米家加濕器·乾濕分離·科勒潔具）:HK$496', '無障礙雙床房（金可兒床墊+米家加濕器+科勒潔具）:HK$524', '直隸豪華雙床房（米家加濕器·乾濕分離·坐擁繁華城景）:HK$601', '直隸童趣親子房（金可兒床墊·家庭樂享·小童洗護）:HK$687', '直隸城景合床房:HK$688']"
吾朵蘭閲酒店（保定軍校廣場河北大學店）,9.5,"['輕奢大床房:HK$207', '奢雅雙床房:HK$216', '奢雅大床房:HK$239', '舒享大床房:HK$259']"
保定禧瑞酒店（萬博廣場店）,9.1,"['尊享|商務大床房:HK$324', '尊享|豪華雙床房:HK$340', '臻享|零壓大床房（0壓夢百合床墊+0壓枕）:HK$357', '臻享|景觀大床房:HK$377', '臻享|景觀雙床房:HK$377']"
麗呈東谷酒店（保定客運中心裕華東路店）,9.6,"['高級大床房（深睡床墊+護頸記憶枕+乾濕分離）:HK$264', '豪華大床房（高速WIFI+定製洗護+中央空調）:HK$297', '豪華雙床房（深睡床墊+乾濕分離+雨淋頂噴）:HK$318', '城景大床房（落地窗+中央空調+雨淋頂噴）:HK$340', '城景雙床房（落地窗+乾濕分離+深睡床墊）:HK$340']"
保定中博希爾頓逸林酒店,9.4,"['豪華雙床房:HK$640', '豪華大床房:HK$694', '無障礙房:HK$694', '高級豪華大床房:HK$748', '高級豪華雙床房:HK$748', '行政大床房:HK$1,019']"
悦為智·榕酒店（保定萬博廣場店）,9.4,"['優享觀景大床房（夢百合零壓式床墊+乾濕分離）:HK$250', '舒享休閑大床房（夢百合零壓式床墊+乾濕分離）:HK$272', '樂享暢休大床房（夢百合零壓式床墊+乾濕分離）:HK$294', '悦享深睡雙床房（夢百合零壓式床墊+乾濕分離）:HK$316']"
保定東站河大新校區亞朵酒店,9.7,"['雅緻大床房（深睡床墊|深睡枕+智能客控）:HK$368', '高級大床房（深睡床墊|深睡枕+智能客控）:HK$404', '高級雙床房（深睡床墊|深睡枕+智能客控）:HK$404', '行政大床房（深睡床墊|深睡枕+小冰箱）:HK$440', '行政雙床房（深睡床墊|深睡枕+小冰箱）:HK$440']"
保定希悦國際商務酒店,9.6,"['豪華標準間:HK$520', '豪華大床房:HK$549', '商務休閑房:HK$549', '行政標準間:HK$688', '行政大床房:HK$717']"
保定深圳園馨樂庭酒店,9.6,"['特價大床房（洗烘一體+落地窗+乾濕分離）:HK$251', '單房公寓（乾濕分離+洗烘一體機+投屏電視）:HK$321', '單房公寓雙床房（洗烘一體機+落地窗+乾濕分離）:HK$321', '豪華單房公寓（乾濕分離+洗烘一體機+投屏電視）:HK$358', '家庭房（乾濕分離+洗烘一體機+投屏電視）:HK$396']"
灰鯨智能酒店（軍校廣場店）,9.6,"['榻榻米智能大床房（騰訊會員VIP·全屋語音智控+5.0環繞音響）:HK$228', '經典智能大床房（暢享騰訊VIP會員+全屋語音智能+5.0環繞音箱）:HK$236', '輕奢智能大床房（小度全屋智控+騰訊會員vip+5.0環繞聲道）:HK$244', '輕奢智能雙床房（騰訊VIP會員+5.0投屏環繞音響+全屋語音智能）:HK$244']"
保定東站河北大學漫心酒店,9.9,"['心雅大床房（絲漣健康享睡舒適床墊+65寸投屏電視）:HK$362', '心悦大床房（絲漣健康享睡舒適床墊+65寸投屏電視）:HK$413', '心雅雙床房（絲漣健康享睡舒適床墊+65寸投屏電視）:HK$413', '心悦雙床房（絲漣健康享睡舒適床墊+65寸投屏電視）:HK$422', '心怡大床房（絲漣健康享睡舒適床墊+65寸投屏電視）:HK$442']"
全季酒店（保定朝陽北大街店）,9.8,"['高級大床房（65寸電視可投屏+加濕器）:HK$544', '舒壓高級大床房（65寸電視可投屏+加濕器）:HK$564', '高級雙床房（65寸電視可投屏+加濕器）:HK$564', '舒壓高級雙床房（65寸電視可投屏+加濕器）:HK$584']"
全季酒店（保定萬博廣場店）,9.6,"['大床房（65寸電視可投屏＋加濕器）:HK$399', '高級大床房（65寸電視可投屏＋加濕器）:HK$428', '舒壓高級特大床房（65寸電視可投屏＋加濕器）:HK$449', '舒壓雙床房:HK$458']"
華美滙酒店,8.9,"['中式雅緻丨靜謐大床房:HK$185', '中式雅緻丨靜謐雙床房:HK$198', '拾光娛樂丨巨幕觀影大床房:HK$207', '中式雅奢丨酣眠大床房:HK$228']"
維也納酒店（保定誠明大廈店）,9.4,"['高級大床房:HK$260', '豪華雙床房:HK$269', '豪華大床房:HK$269', '豪華家庭房:HK$313']"
泰9酒店（保定國家大學科技園科創分園店）,9.5,"['優享大床房（乾濕分離+落地窗）:HK$283', '商務標準間（乾濕分離+落地窗）:HK$316', '商務大床房（乾濕分離）:HK$316', '優享三人間（乾濕分離+落地窗）:HK$393']"
太美酒店（保定火車站萬博廣場店）,9.2,"['高級大床房:HK$288', '高級家庭房:HK$327', '行政大床房:HK$347']"
M HOTEL酒店（保定徐水長城北大街店）,9.3,"['標準雙床房（金可兒甜夢床墊+空氣凈化+加濕系統）:HK$201', '豪華雙床房（金可兒甜夢床墊+空氣凈化+加濕系統）:HK$229', '標準大床房（金可兒甜夢床墊+空氣凈化+加濕系統）:HK$229', '豪華大床房 （金可兒甜夢床墊+空氣凈化+加濕系統）:HK$247']"
吾朵酒店（保定徐水小學火車站店）,9.6,"['輕奢臻品房（獨立空調+乾濕分區+品質床墊）:HK$178', '書香臻品房（乾濕分區+獨立空調+品質床墊）:HK$189', '百合臻品房（全身鏡+辦公桌椅+品牌床墊）:HK$212', '行政經典房（全身鏡+獨立空調+品牌床墊）:HK$221']"
星程酒店（保定東風中路直隸總督署店）,9.4,"['大床房:HK$284', '雙床房:HK$312', '高級大床房:HK$312', '舒壓大床房:HK$341']"
摩登水晶酒店（火車站直隸總督署店）,8.9,"['摩登S雙床房:HK$175', '摩登優選雙床房:HK$193', '摩登S大床房:HK$199', '摩登優選大床房:HK$217']"
維也納國際酒店（保定裕華路店）,9.5,"['高級大床房:HK$270', '高級雙床房:HK$270', '豪華大床房:HK$298', '豪華雙床房:HK$298']"
樂致民宿（中博國際廣場店）,8.2,"['輕奢大床房2·全屋智能·落地窗:HK$249', '中式輕奢標間·全屋智能·落地窗:HK$249', '奶油標間·全屋智能·落地窗:HK$249', '輕奢標間·全屋智能·落地窗:HK$249']"
葉與晨電競電影酒店（保定北國先天下店）,9.7,['棋牌電競電影五人間（4070顯卡＋卓威顯示器＋麻將桌）:HK$709']
ATSONS·艾臣氏酒店（保定北國先天下保百購物廣場店）,8.7,"['ATSONS·榻榻米茶道房:HK$155', 'ATSONS·雅緻大床房（乳膠床墊+舒適睡眠）:HK$177', 'ATSONS·雅緻雙床房（乳膠床墊+舒適睡眠）:HK$199', 'ATSONS·主題房:HK$208']"
保定市競秀區三木酒店,9.9,"['大床房兩居室:HK$350', '棋牌三居室:HK$478', '三室一廳套房:HK$478']"
維也納酒店（保定徐水龍帝店）,9.6,"['豪華大床房:HK$232', '豪華雙床房:HK$232', '行政大床房:HK$318', '行政雙人房:HK$327']"
保定東站予寓·Loft生活公寓,9.8,"['精緻一卧室一廳套房（開敞廚房）:HK$335', '金禧一卧室一廳套房（開敞廚房）:HK$358', '1314 兩卧室一廳套房（開敞廚房）:HK$458', '精緻二卧室一廳套房A（開敞廚房）:HK$481']"
邂逅·愛舍民宿（保定未來石萬達廣場店）,10.0,"['舒享觀影大床房:HK$221', '悦享觀影大床房:HK$221']"
灰鯨智能酒店（保定復興中路華電二校店）,9.0,"['經典智能大床房（小度智能+智能馬桶+VIP觀影）:HK$240', '經典智能雙床房（小度智能+智能馬桶+VIP觀影）:HK$255', '輕奢觀影大床房（小度智能+智能馬桶+VIP觀影）:HK$276', '輕奢智能雙床房（全屋智能+騰訊會員+110寸投影）:HK$297']"
雲隸假日酒店（保定東站河大新區店）,9.3,"['豪華大床房:HK$190', '臻品豪華大床房:HK$196', '豪華商務雙床房:HK$201', '臻品豪華雙床房:HK$206']"
悦為智酒店（保定東站河大新區店）,9.6,"['智享輕奢大床房:HK$264', '舒享精品雙床房:HK$275', '智享雅緻大床房:HK$309', '智享精品雙床房:HK$330', '智享精品大床房:HK$341']"
保定華美滙酒店（朝陽北大街保百購物廣場店）,8.9,"['中式雅緻丨靜謐大床房:HK$185', '中式雅緻丨靜謐雙床房:HK$198', '拾光娛樂丨巨幕觀影大床房:HK$207', '中式雅奢丨酣眠大床房:HK$228']"
優閱安居酒店,9.6,"['舒適標準間:HK$271', '特惠大床房:HK$322', '舒適大床房:HK$365']"
悦為漫酒店（保定火車站裕華西路店）,9.2,"['漫遇雙床房（無窗）:HK$191', '漫遇大床房（無窗）:HK$191', '悦·精品漫享雙床房:HK$197', '悦·輕奢百合房:HK$197']"
曼巴電競商務酒店（保定未來石萬達廣場店）,9.5,"['雅緻觀影大床房:HK$210', '臻品商務大床房 【兔費停車 提供税票】:HK$219', '輕奢臻品電競大床房【暢玩黑神話悟空】:HK$258', '輕奢電競商務雙床房【暢玩黑神話悟空】:HK$267']"
