酒店名称,评分,房型价格列表
儋州蘭洋地質温泉酒店,8.8,"['精選氡泉雙床房:HK$314', '精選氡泉大床房:HK$314', '優選氡泉雙床房:HK$360', '優選氡泉大床房:HK$360', '臻選氡泉大床房:HK$509']"
儋州洋浦希爾頓花園酒店,9.4,"['花園城景大床房:HK$325', '花園城景雙床房:HK$325', '花園海景大床房:HK$371', '花園海景雙床房:HK$371', '花園家庭房:HK$594']"
景咖城市民宿（儋州海花島2號島）,8.6,"['園景大床房A級（廚房+冰箱+洗衣機）:HK$217', '初春踏青·雅棲園景LOFT大床房A級:HK$217', '海景大床房AA級:HK$241', '輕奢LOFT海景雙床房:HK$321']"
永嘉大酒店（儋州夏日廣場店）,9.4,"['佳和家庭親子房（安靜舒適+大空間）:HK$272', '佳和大床房（視野廣闊+獨立衣帽間）:HK$272', '豪華大床房（獨立衣帽間+空間大+視野廣闊+乾濕分離）:HK$331', '豪華家庭親子房（安靜舒適+獨立衣帽間+空間大）:HK$331', '行政套房（超大浴缸+乾濕分離+視野廣闊）:HK$512']"
巴里島國際酒店（儋州汽車站夏日廣場店）,9.5,"['風雅丨舒適雙人房:HK$223', '風雅丨舒適大床房:HK$225', '臻選丨商務大床房（乾濕分離+舒適睡眠）:HK$247', '甄選丨商務雙人房（乾濕分離+舒適睡眠）:HK$247']"
海南海花島歐堡酒店,9.1,"['雅緻大床房:HK$434', '雅緻雙床房:HK$434', '海景雙床房:HK$489', '海景大床房:HK$511', '至尊海景大床房:HK$565', '至尊海景雙床房:HK$565']"
全季酒店（儋州汽車站中興大街店）,9.5,"['大床房:HK$263', '高級雙床房:HK$282', '高級大床房:HK$282', '商務大床房:HK$329']"
儋州洋浦美居酒店,9.7,"['標準大床房（65寸可投屏電視+絲漣床墊+智能馬桶）:HK$340', '高級大床房（65寸可投屏電視+絲漣床墊+智能馬桶）:HK$359', '城景雙床房（65寸可投屏電視+絲漣床墊+智能馬桶）:HK$369', '豪華景觀大床房（65寸可投屏電視+絲漣床墊+智能馬桶）:HK$369', '海景大床房（65寸可投屏電視+絲漣床墊+智能馬桶）:HK$378']"
潤地國際酒店（儋州夏日廣場體育館店）,9.3,"['智選標準大床房-品質臻享:HK$227', '智選標準雙床房-品質臻享:HK$238', '高級智能大床房-智能語音:HK$249', '高級智能雙床房-智能燈光:HK$260', '豪華智能大床房-智能燈光:HK$271']"
印象江南別墅酒店（儋州海花島2號島店）,9.0,"['新中式海景三卧公寓套房:HK$874', '新中式三卧觀景洋房:HK$983', '新中式四卧別墅-3號島:HK$1,966', '新中式五卧海景別墅-3號島:HK$2,622']"
格美酒店（儋州夏日廣場店）,8.4,"['精選大床房:HK$140', '精選雙床房:HK$149', '麻將大床房:HK$166', '豪華大床房:HK$185', '豪華雙床房:HK$202']"
儋州福朋喜來登酒店,9.3,"['雅緻雙床房:HK$448', '雅緻大床房:HK$452', '高級雙床房:HK$507', '高級大床房:HK$509', '豪華雙床房:HK$546', '豪華大床房:HK$555']"
海花島五國温泉別墅酒店,9.6,"['風情私湯單層別墅（I型單卧）:HK$1,478', '風情私湯單層別墅（I型雙卧）:HK$1,846', '親子私湯單層別墅（I型雙卧）:HK$2,124', '至尊私湯複式別墅（II型雙卧）:HK$2,403']"
花祺酒店（儋州夏日廣場汽車站店）,9.2,"['嗨致靜謐大床房（一次性面巾）:HK$129', '沉浸式觀影大床房（可投影+影院既視感+視頻會員）:HK$168', '嗨致靜謐雙床房（高低軟硬零壓枕+不透光窗簾）:HK$174', '悦致城景大床房:HK$176']"
海岸線海景民宿（儋州海花島店）,9.5,"['簡奢|特惠海景開間:HK$78', '水天一色|超級海景大床房:HK$96', '藍天|一線海景大開間:HK$107', '無敵|一室一廳海景套房（單床）:HK$118']"
儋州佰麗海景酒店（洋浦店）,9.4,"['豪華大床房:HK$271', '豪華雙人房:HK$271', '行政雙標房:HK$391', '行政大床房:HK$391', '三人間套房:HK$424']"
儋州麥客達温德姆酒店（夏日廣場店）,8.8,"['舒適大床房（一室一廳-零壓床墊-智能馬桶）:HK$237', '豪華雙床房（一室一廳-零壓床墊-智能馬桶-深睡眠）:HK$251', '豪華大床房（獨立客廳-觀夏日地標夜景-乾濕分離-舒適好眠）:HK$251', '城景雙床房（一室一廳-俯瞰夏日廣場-舒適睡眠）:HK$265']"
儋州諾蘭朵酒店（汽車總站店）,9.7,"['舒適大床房:HK$226', '高級大床房:HK$244', '高級雙床房:HK$273', '摩登浴缸房:HK$279']"
印象·江南別墅（儋州海花島3號島店）,9.1,"['三卧園景洋房:HK$913', '三卧海景洋房:HK$1,095', '四卧園景洋房:HK$1,095', '四卧海景複式洋房:HK$1,460']"
花築·海花島江南里別墅,9.7,"['三房度假別墅（庭院）:HK$1,216', '四房度假別墅（庭院）:HK$1,702', '四房度假別墅（麻將機+庭院）:HK$1,823', '四房度假別墅（陽光房茶室+麻將機+庭院）:HK$1,945']"
希爾悦酒店（夏日廣場體育館店）,9.3,"['希雅特惠大床房（智能客控-小度睡眠燈光）:HK$197', '希爾商務智能大床房（智能客控-小度睡眠燈光）:HK$222', '希爾休閑智能大床房（小度語音）:HK$226', '希爾智能雙床房（小度語音電視）:HK$240']"
維也納國際酒店（儋州鼎尚廣場店）,9.3,"['高級大床房:HK$271', '豪華大床房:HK$286', '商務大床房:HK$293', '商務雙床房:HK$293', '棋牌大床房:HK$304']"
易蔓假日酒店（儋州兩院海南大學店）,9.4,"['特惠大床房【電視投屏+零壓床墊+零壓記憶枕】:HK$481', '大床房【電視投屏+零壓床墊+零壓記憶枕】:HK$499', '雙床房【電視投屏+零壓床墊+零壓記憶枕】:HK$509', '豪華大床房【電視投屏+零壓床墊+零壓記憶枕】:HK$537']"
森林客棧（儋州植物園熱科院海南大學店）,9.7,"['晨曦·花園雙標房:HK$282', '森林小調房:HK$296', '晨曦·花園大床房:HK$296', '豪華家庭房:HK$313']"
海島露水·Island Dew （儋州海花島店）,9.0,"['海韻丨Loft海景一室大床套房:HK$174', '晴風丨Loft海景一室雙床房:HK$189', '拾光丨Loft海景一室雙床套房:HK$189', '蔚藍丨海景一室一廳套房（觀一號島）:HK$189']"
漫漫浪·民宿（海花島店）,9.0,"['海花島·複式挑高大床房A+帳篷:HK$241', '漫漫浪·雲上海景2居室A:HK$284', '漫漫浪·雲上海景3居室C:HK$390', '漫漫浪·海島別墅·邊户大院子:HK$1,420']"
歐斯卡國際酒店（儋州汽車站店）,9.1,"['特惠·大床房:HK$147', '智能·優選大床房:HK$164', '智能·尊享大床房:HK$171', '智能·尊享雙床房:HK$175']"
宜尚酒店（儋州夏日廣場商業街店）,9.6,"['宜馨大床房:HK$227', '宜悦大床房:HK$240', '宜品大床房（帶窗）:HK$284', '宜品雙床房（帶窗）:HK$299']"
柏曼酒店（儋州那大夏日廣場店）,9.1,"['標準大床房·靜謐空間:HK$152', '高級大床房·靜謐空間:HK$160', '豪華大床房·靈動空間:HK$167', '豪華雙床房·靈動空間:HK$175']"
全季酒店（儋州洋浦經濟開發區店）,9.6,"['大床房A:HK$298', '大床房:HK$318', '商務雙床房:HK$318', '高級大床房:HK$337']"
壹號島民宿,9.8,"['海景雙床房:HK$196', '精緻城景套房二室二廳二衞:HK$256', '精緻海景家庭套房二室二廳二衞:HK$338']"
V8智尚酒店（儋州那大鎮夏日廣場店）,9.7,"['悦享陽光大床房/60寸電視可投屏/雙人沙發/採光通風優:HK$167', '都市節奏大床房/全屋智能/美粧發光鏡/刷臉開門/零壓床:HK$180', '雅緻雙床房/全屋智能/雙重隔音/換氧新風/4K電視可投屏:HK$204', '摩登時尚大床房/雙人沙發/零壓枕/4K高清電視/超大空間:HK$221']"
桔子酒店（儋州夏日廣場西部醫院店）,8.6,"['小時光 | 榻榻米大床房（舒適睡眠+乾濕分離）:HK$191', '節奏丨輕享大床房（舒適睡眠）:HK$215', '滄海雙床房（舒適睡眠）:HK$223', '挪威森林家庭房（乾濕分離+大空間）:HK$239']"
儋州堡格麗酒店（白馬井店）,9.2,"['高級大床房『全屋智能聲控+ O壓床品+公區自助洗衣機』:HK$125', '豪華大床房『全屋智能聲控+ O壓床品+乾濕分離』:HK$155', '幾木雙床房 『全屋智能聲控+ O壓床品+乾濕分離』:HK$155', '棋牌大床房『全屋智能聲控+ O壓床品+娛樂隨心玩』:HK$167']"
儋州新天地酒店（夏日廣場店）,8.6,"['特惠雙床房:HK$231', '特惠大床房:HK$231', '温馨家庭房:HK$390', '別緻城景大床房:HK$436', '別緻城景雙床房:HK$436']"
小鹿辰客酒店（儋州光村銀灘站店）,9.9,"['祕境温馨大床房（無窗+高清電視機+防蟎床墊+熱水）:HK$178', '儋耳風情大床房（高清電視機+防蟎床墊+熱水）:HK$201', '清風調聲雙床房（高清電視機+防蟎床墊+熱水）:HK$213', '海花逸趣大床房（巨幕投影+防蟎床墊+熱水）:HK$214']"
天藝博睿AI酒店（儋州市中心夏日廣場店）,9.2,"['景悦雙床房（180°觀景+辦公桌椅）:HK$232', '温馨大床房（賞歐式小鎮風光）:HK$242', '主題大床房（超大浴缸+慕思床墊+180°觀景）:HK$264', '市景雙床房（180°觀景+辦公桌椅）:HK$275']"
柏悦國際公寓（儋州夏日廣場店）,9.1,"['景觀大床套房（俯瞰城市景觀）:HK$233', '精緻大床套房（有客廳超大空間）:HK$264', '精緻雙床套房（雙卧大床+會客廳超大）:HK$359']"
蘭桂坊酒店（儋州夏日廣場店）,9.2,"['蘭芝輕奢大床房:HK$147', '蘭藝雅緻雙床房:HK$157', '蘭若商務大床房:HK$168', '蘭芷商務雙床房:HK$178']"
維也納國際酒店（儋州洋浦店）,9.2,"['高級大床房（園景大陽台）:HK$226', '豪華大床房（園景大陽台）:HK$252', '高級雙床房（園景大陽台）:HK$252', '海景大床房（海景大陽台）:HK$261', '豪華雙床房（園景大陽台）:HK$279']"
儋州·美家海景民宿（海花島一號島店）,9.7,"['温馨奶綠・園景大床房:HK$188', '綠意悠然·海景雙床房:HK$193', '海藍祕語・海景標房:HK$227', '藍夢空間・海景三床房:HK$295']"
維也納酒店（儋州白馬井店）,9.4,"['高級大床房（舒適睡眠+智能客控）:HK$236', '標準大床房（暖光燈-無智能聲控-舒適睡眠+乾濕分離）:HK$236', '豪華大床房（視野廣闊+乾濕分離+智能客控）:HK$253', '豪華雙床房（視野廣闊+乾濕分離+智能客控）:HK$253']"
盛源御景酒店（儋州汽車總站店）,8.4,"['祕境 | 高級雙床房（舒適睡眠+乾濕分離）:HK$258', '祕境 | 高級大床房（舒適睡眠+乾濕分離）:HK$258', '臻選 | 豪華睡眠雙床房（喜臨門床墊+乾濕分離+大空間）:HK$307', '臻選 | 豪華睡眠大床房（喜臨門床墊+乾濕分離+大空間）:HK$307']"
螢火電競酒店（夏日廣場店）,8.4,"['影院大床房:HK$113', '單人電競大床房[2K180hz電競顯示器+鑽石網吧特權+2.5G電競網卡]:HK$133', '單人電競影院大床房[2K180hz電競顯示器+鑽石網吧特權+2.5G電競網卡]:HK$143', '雙人電競影院大床房[2K180hz電競顯示器+鑽石網吧特權+2.5G電競網卡]:HK$172']"
曼居酒店（海南店）,9.3,"['曼選雙拼大床房:HK$232', '曼居雙床房:HK$244', '曼居大床房:HK$265', '曼享大床房:HK$287']"
維也納國際酒店（儋州市政府福安大廈店）,9.3,"['浪漫大床房（舒適睡眠+智能客控）:HK$238', '商務大床房（舒適睡眠+採光通透+智能客控）:HK$278', '豪華雙床房（視野廣闊+舒適睡眠+智能客控）:HK$294', '豪華大床房（舒適睡眠+日出日落觀景房+智能客控）:HK$326']"
如家精選酒店（儋州夏日廣場汽車總站店）,9.5,"['雙床房A（無窗）:HK$162', '特色大床房:HK$188', '雙床房:HK$205', '商務大床房:HK$205']"
儋州·海花島汐上宿,9.8,"['佛系發呆·現代花園四居別墅:HK$2,042', '樂享棋牌-麻將娛樂度假四居別墅:HK$2,135', '潮玩轟趴館四居別墅·K歌泳池燒烤聚會:HK$2,971', '佳期如夢-椰樹風情四居別墅:HK$2,971']"
興湖美辰酒店（儋州夏日廣場店）,9.5,"['辰曦大床房（智能客控-小度語音電視）:HK$159', '辰語大床房（智能客控-自動語音燈光）:HK$177', '辰秋大床房（智能客控-小度睡眠燈）:HK$200', '辰秋雙床房（智能自助洗衣機）:HK$200']"
儋州洋浦灣海景花園酒店,9.0,"['標準雙床房:HK$238', '標準大床房:HK$238', '豪華雙標房:HK$293', '行政套房:HK$533']"
