酒店名称,评分,房型价格列表
北海辰茂海灘酒店（銀灘潮雕廣場店）,9.0,"['特惠雙床房（悦享睡眠+迷你冰箱）:HK$526', '園景雙床房（舒適睡眠+迷你冰箱）:HK$549', '高級雙床房（觀景陽台+迷你冰箱）:HK$608', '高級大床房（觀景陽台+迷你冰箱）:HK$608', '行政海景雙床房（枕海而眠+悦享海景+迷你冰箱）:HK$666']"
北海銀灘一號國際會議中心酒店（僑港海灘店）,8.9,"['輕雅雙床房:HK$413', '城景陽台大床房:HK$474', '城景陽台雙床房:HK$474', '雅居雙床陽台套房（一室一廳）:HK$534', '親子陽台主題套房（親子空間1室1廳2大床）:HK$668']"
潿洲島瀾墅Villa Indigo全海景度假酒店,9.5,"['【琉霞】壯闊海景夕陽｜露台泡池｜複式大床房:HK$1,462', '【入夢】壯闊海景夕陽｜露台泡池｜複式大床房:HK$1,574', '【聽濤】壯闊海景夕陽｜露台泡池｜複式雙床房:HK$1,687', '【觀潮】壯闊海景夕陽｜露台泡池｜複式雙床房:HK$1,687', '【海境】270°壯闊海景夕陽｜露台泡池｜複式雙床房:HK$1,799']"
怡程酒店（北海海底世界金灘店）,9.3,"['舒適大床房（城景落地窗+安靜舒適好眠+功夫茶具）:HK$378', '高級大床房（親膚浴袍+秒睡零壓床墊+功夫茶具）:HK$407', '高級雙床房（親膚浴袍+秒睡零壓床墊+功夫茶具）:HK$407', '豪華大床房（超大空間+秒睡零壓床墊+功夫茶具）:HK$427', '城景大床房（遠眺北部灣1號海景+零壓床墊+功夫茶具）:HK$498']"
北海香格里拉大酒店,9.4,"['豪華城景大床房:HK$714', '豪華城景雙床房:HK$714', '高級城景雙床房:HK$714', '高級城景大床房:HK$714', '高級海景大床房:HK$817', '高級海景雙床房:HK$817']"
金皇冠柏曼酒店（北海旗艦店）,9.6,"['標準大床房（城景落地窗，全屋智能，0壓棉記憶枕，投屏觀影）:HK$518', '高級大床房（城景落地窗，全屋智能，功夫茶具，冰箱）:HK$557', '豪華特大大床房（冰箱暢飲，0壓綿記憶枕，功夫茶具）:HK$564', '標準雙床房（城景落地窗，全屋智能，0壓棉記憶枕，投屏觀影）:HK$572', '豪華大床房（180度全景落地窗，遠眺海岸線，全屋智能，功夫茶具）:HK$580']"
麗呈睿軒酒店（北海高鐵站店）,9.1,"['優享大床房【雅緻舒適丨採光優異】:HK$353', '優享雙床房【雅緻舒適丨採光優異】:HK$364', '城景大床房【攬勝城景丨舒睡好眠】:HK$375', '城景雙床房【攬勝城景丨舒睡好眠】:HK$386', '優享三床房【友聚悦居丨趣夢三棲】:HK$473']"
椰子海景花園露台公寓（北海海底世界店）,9.7,"['城景大床房（獨立城景陽台）:HK$201', '精品城景雙床房（一覽全城+高層獨立城景陽台+無敵城市夜景）:HK$259', '精品海景大床房（高層無敵海景+海景陽台）:HK$281', '豪華海景大床房（古城落日+獨立觀海陽台）:HK$305']"
北海和安花園酒店（北海高鐵站）,9.4,"['温馨大床房（簡約舒適）:HK$360', '高級大床房（雅緻舒適）:HK$392', '豪華雙人房（獨立衣帽間+採光好）:HK$447', '景觀大床房（獨立陽台）:HK$447', '豪華大床房（獨立衣帽間+採光好）:HK$447']"
向天歌海景民宿（潿洲島南灣街店）,9.7,"['山景大床房:HK$719', '露台山景大床房:HK$806', '豪華海景雙床房:HK$1,586', '豪華海景大床房:HK$1,673']"
北海銀灘古裏香民宿,9.3,"['豪華雙卧房:HK$717', '浪漫星空房:HK$733', '豪華大床房:HK$760', '舒適三床房:HK$773']"
北海高鐵站希爾頓歡朋酒店,9.6,"['舒適大床房:HK$526', '舒適雙床房:HK$575', '舒適親子大床房:HK$584', '荷里活大床房:HK$617', '高級大床房:HK$632']"
北海聖淘沙海景酒店公寓.瀾亭天際店,9.6,"['舒適側海景大床房-帶觀海景大陽台+冰箱+洗衣機:HK$380', '觀夕陽180度豪華海景大床房--帶觀海景大陽台+冰箱+洗衣機:HK$552', '觀夕陽180度豪華海景一房一廳大床房-觀海景大陽台+冰箱+洗衣機:HK$552', '觀夕陽180度舒適海景標準間-帶觀海景大陽台+冰箱+洗衣機:HK$552']"
花築奢·靈果銘墅（北海銀灘國際客運港店）,9.7,"['喜樂·大床房:HK$693', '智慧·大床房:HK$736', '靈果·雙床房（75寸液晶電視+迷你冰箱+電動窗簾+智能馬桶+零壓床墊）:HK$736', '美好·大床房:HK$853', '豐盛·大床房:HK$896']"
北海銀灘·悦色民宿,9.8,"['精品雙床房（75寸智能高清電視+30公分美國蕾絲床墊）:HK$767', '園景大床房（75寸智能高清電視+30公分美國蕾絲床墊）:HK$780', '園景陽台大床房（75寸智能高清電視+網紅陽台）:HK$797', '星空蜜月榻榻米（75寸智能高清電視+30公分美國蕾絲床墊）:HK$808', '園景浴缸大床房（75寸智能高清電視+30公分美國蕾絲床墊）:HK$833']"
北海和安麗灣海景酒店,9.4,"['觀海豪華大床房（一房一廳+獨立海景陽台）:HK$410', '漫海主題套房（奢彩夕陽）:HK$420', '觀海豪華雙人房（360度全海景+智能馬桶+沙發）:HK$442', '聽海親子套房（榻榻米露台+冰箱）:HK$515', '親海家庭套房（海景2房+廚房+冰箱）:HK$557']"
北海銀灘智選假日酒店,9.5,"['高級大床房:HK$482', '高級雙床房:HK$482', '高級房:HK$482', '高級海景大床房:HK$583', '舒適高級房:HK$583']"
北海富麗華大酒店,9.4,"['高級雙床房:HK$862', '高級海景雙床房:HK$914', '高級海景大床房:HK$914', '豪華海景大床房:HK$1,034', '豪華海景雙床房:HK$1,034', '親子海景子母房-小黃人:HK$1,253']"
北海及酒店（北海銀灘國際客運港店）,9.4,"['J悦享大床房:HK$556', 'J悦享雙床房:HK$556', 'HAPE新絲綢之路玩具親子主題房:HK$717', 'J悦享套房:HK$769', 'J尊享套房:HK$1,323']"
潿洲島南灣水榭海景客棧,9.7,"['依山清新大床房:HK$763', '依山温馨雙床房:HK$830', '依山浪漫大床房:HK$894', '碧海藍天海景大套房:HK$1,941']"
北海萬豪度假酒店,9.5,"['豪華海景大床房:HK$1,274', '豪華海景雙床房:HK$1,401', '尊貴海景大床房:HK$1,401', '尊貴海景雙床房:HK$1,528', '豪華海景套房:HK$2,038', '豪華海景家庭套房:HK$2,292']"
北海銀灘8861濱海度假酒店,9.9,"['法式靜謐大床房（智能聲控+泡泡浴+30公分美國蕾絲床墊）:HK$731', '法式紫霞陽台大床房（智能聲控+75寸高清電視+30公分美國蕾絲床墊）:HK$762', '法式攬日陽台大床房（智能聲控+75寸高清電視+30公分美國蕾絲床墊）:HK$762', '庭院法式投影大床房（智能聲控+100寸投影+30公分美國蕾絲床墊）:HK$794', '庭院複式大床房（智能聲控+75寸高清電視+30公分美國蕾絲床墊）:HK$794']"
北海銀灘皇冠假日酒店,9.5,"['高級房-大床:HK$1,114', '高級房-雙床:HK$1,239', '高級房-海景-大床:HK$1,299', '高級房-海景-雙床:HK$1,320', '高級房 大床 海景 高樓層:HK$1,371', '高級房 雙床 海景 高樓層:HK$1,393']"
憶棲今時·AT PRESENT藝術設計泳池度假民宿（潿洲島五彩灘店）,9.7,"['今夕·香氛浴缸大床房+智能客控+HCK冰箱+睡到自然醒:HK$1,546', '今回·浴缸全景大床房+語音智控+高層瞰景+智能馬桶:HK$1,657', '今語·圓形泡池大床房:HK$1,768', '今夜·臻享闊榻ProMax雙床房+智能客控+慢享度假時光:HK$1,845', '今時·私人泳池露台大床房+全屋智能+哈士奇冰箱:HK$2,063']"
南灣·縵島海景民宿,9.7,"['縵島·海景大床房:HK$1,070', '縵島·海景親子套房:HK$1,398', '縵島·海景露台套房:HK$2,381']"
潿洲島山海文化藝術酒店,9.7,"['靜影·陽光庭院雙床房:HK$1,919', '觀海·海景大床房:HK$2,040', '享海·海景浴缸大床房:HK$2,283', '觀海·海景雙床房:HK$2,404', '日暮·海景浴缸大床房:HK$2,671']"
潿洲島鯨現空中泳池海景酒店,9.9,"['海景家庭雙床套房:HK$2,719', '畫裏海景露台大床套房:HK$2,719', '豪華海景家庭雙床套房:HK$2,937', '恆温泡池海景家庭大床房:HK$3,155', '熱帶植物家庭泡池房:HK$3,155']"
北海天雅海景度假酒店（金灘店）,9.3,"['優選城景大床房（零壓記憶枕+獨立陽台）:HK$436', '優選城景雙床房（零壓記憶枕+乾濕分區）:HK$458', '豪華海景大床房（180°海景陽台+輕智馬桶+零壓記憶枕）:HK$545', '豪華海景雙床房（180°海景陽台+零壓記憶枕+雙洗漱台）:HK$567', '高奢海景大床房（床圍紗幔+觀影沙發）:HK$622']"
仟那酒店（北海高鐵站店）,9.2,"['幸運特惠房:HK$414', '竹溪大床房:HK$458', '竹溪標準房:HK$469', '棲海時尚大床房:HK$491', '棲海時尚雙床房:HK$502']"
潿洲島雲宿海景民宿,9.8,"['島景標間:HK$643', '島景榻榻米標間:HK$665', '微海景親子間:HK$764', '島景親子房:HK$775']"
北海銀灘大道亞朵酒店,9.6,"['雅緻房（裸棉床品+精緻空間）:HK$500', '高級大床房（裸棉床品+慢回彈記憶枕）:HK$550', '行政大床房（Mini冰箱+裸棉床品+慢回彈記憶枕）:HK$601', '幾木大床房（Mini冰箱+裸棉床品+慢回彈記憶枕）:HK$651', '高級雙床房:HK$651']"
R設計師海灘酒店（北海銀灘國際客運港店）,9.7,"['海尚.投影智能高級雙床房:HK$680', '海誓.投影情侶浴缸高級大床房:HK$685', '海螺.親子投影智能浴缸雙床房:HK$696', '海螺.親子樂趣浴缸智能雙床房:HK$712']"
潿洲島有美隱宿·漁港別島酒店,9.5,"['南灣靜謐山景大床房:HK$951', '南灣靜謐山景雙床房:HK$951', '南灣一線海景大床房:HK$1,069', '南灣靜謐山景親子房:HK$1,181', '南灣一線海景大床套房:HK$1,398']"
城市便捷酒店（北海萬達廣場店）,9.5,"['高級大床房[智能馬桶丨手機投屏丨舒適温馨]:HK$451', '豪華雙床房[智能馬桶丨手機投屏丨安靜舒適]:HK$459', '豪華大床房[智能馬桶丨手機投屏丨酣睡天明]:HK$468', '影院大床房[智能馬桶丨手機投屏丨私人影院]:HK$485']"
北海銀灘麗呈酒店,9.4,"['特惠大床房:HK$498', '標準雙床房:HK$548', '高級雙床房:HK$559', '豪華大床房:HK$597', '豪華雙床房:HK$620']"
北海潿洲島悠時光海景酒店（滴水丹屏店）,9.6,"['靜逸·園景大床房:HK$530', '靜逸·園景雙床房:HK$576', '觀海·海景榻榻米大床房:HK$796', '觀海·海景榻榻米雙床房:HK$813']"
北海金昌開元名都大酒店,9.4,"['高級城景大床房:HK$1,043', '高級城景雙床房:HK$1,043', '豪華景觀雙床房I 面朝海港I:HK$1,087', '豪華景觀大床房I 面朝海港I:HK$1,087', '豪華景觀特色大床房I 面朝海港I:HK$1,098', '豪華海景大床房-I高層海景:HK$1,109']"
270°夕陽海景城堡酒店（北海潿洲島滴水丹屏二號店）,9.7,"['泳池景親子房（一樓）:HK$850', '粉色主題海景大床房:HK$959', '粉色主題海景標間:HK$1,014', '粉色主題温馨海景親子間:HK$1,069']"
潿洲島R藝術度假酒店,9.7,"['清新·陽台大床房:HK$1,083', '奢夕·觀海雙床房:HK$1,200', '奢夕·觀海大床房:HK$1,200', '親水泳池大床房:HK$1,419', '親水·泳池雙床房:HK$1,419']"
萬信四季酒店（北海高鐵站海洋之窗店）,9.4,"['高級大床房:智控、新風、0壓床墊及裸棉床品、投屏電視:HK$505', '豪華大床房：智控、新風系統、0壓記憶床墊、裸棉床品:HK$530', '高級雙床房:智控、新風、0壓床墊及裸棉床品、智能馬桶:HK$531', '豪華雙床房：智控、新風系統、0壓床墊、裸棉床品:HK$543', '商務大床房:智控、新風、mini吧、0壓床墊、智能馬桶:HK$568']"
北海海悅酒店（北海老街高鐵站店）,9.3,"['商務雙床房（雅緻空間）:HK$349', '商務大床房（雅緻空間）:HK$349', '高級大床房（雅韻空間）:HK$359', '高級雙床房（雅韻空間）:HK$359', '行政大床房（尊享會客廳+超大浴缸）:HK$425']"
北海泊林大酒店（北部灣廣場店）,9.6,"['豪華雙床房（智能客控&乾濕三區分&投屏電視&深睡床）:HK$424', '豪華大床房（智能客控&乾濕三區分&投屏電視&深睡床墊）:HK$424', '尊享雙床房（智能客控&迷你冰箱&投屏電視&遠眺海景）:HK$456', '尊享大床房（智能客控&投屏電視&迷你冰箱&遠眺海景）:HK$456', '至尊商務雙床房（智能客控&迷你冰箱&精美茶具）:HK$500']"
潿洲島雲程海景藝術酒店,9.8,"['靜謐 · 豪華城景大床房【戴森吹風丨設計師全屋定製】:HK$748', '靜謐·豪華城景雙床房【助眠床墊丨洗浴間乾濕分離】:HK$821', '靜謐 · 清新大床房【觀日落陽台丨純手工打造浴缸】:HK$926', '夕霞 · 微海大床房【純手工打造浴缸丨mini HCK冰箱】:HK$1,044', '靜謐 · 清新雙床房【中央空調舒適體感丨 HCK冰箱】:HK$1,092']"
北海8861花墅設計酒店（金灘店）,9.9,"['舒適大床房（智能聲控+30公分蕾絲床墊+mini冰箱）:HK$381', '臨風陽台大床房（智能聲控+30公分蕾絲床墊+mini冰箱）:HK$436', '輕奢大床房（智能聲控+30公分蕾絲床墊+mini冰箱）:HK$457', '輕奢雙床房（智能聲控+30公分蕾絲床墊+mini冰箱）:HK$457', '精品主題雙床房（智能聲控+30公分蕾絲床墊+mini冰箱）:HK$491']"
21°假日酒店（北海銀灘店）,9.5,"['特惠大床房（東南亞風格）:HK$418', '特惠雙床房（東南亞風格+陽台景觀）:HK$418', '豪華大床房（東南亞風格+陽台景觀）:HK$472', '豪華雙床房（東南亞風格+陽台景觀）:HK$472', '豪華親子雙床房（東南亞風格+陽台景觀）:HK$472']"
渡海樓酒店（北海銀灘浴場店）,9.2,"['精選大床房:HK$435', '舒適雙床房:HK$446', '雅緻雙床房:HK$479', '露台臨海雙床房:HK$534']"
古里美度假酒店（北海銀灘店）,9.2,"['舒適大床房:HK$481', '舒適雙床房:HK$534', '豪華雙床房:HK$611', '古里美家庭房:HK$1,299']"
北海悦曼海景酒店（銀灘度假區店）,9.5,"['【悦享·幸運房】智能馬桶｜乾濕分離｜mini冰箱｜洗衣機:HK$435', '【尋海聽潮】原木風治癒-大床房｜全屋智能｜智能馬桶｜乾濕分離｜mini冰箱｜洗衣機:HK$500', '【尋海聽潮】原木風治癒-雙床房｜全屋智能｜智能馬桶｜乾濕分離｜mini冰箱｜洗衣機:HK$521', '【觀海聽濤】中古風簡約-大床房｜全屋智能｜中央空調:HK$521']"
北海虹源海景公寓（海底世界老街店）,9.4,"['城景大床房（帶陽台+洗衣機+冰箱）:HK$216', '側海景大床房（帶陽台+洗衣機+冰箱）:HK$230', '側海景舒適大床房（帶陽台+洗衣機+冰箱+沙發）:HK$248', '豪華城景一房一廳（帶廚房+大陽台+洗衣機+冰箱）:HK$307']"
君豪逸園酒店（北海銀灘大道萬達廣場店）,9.0,"['悦享大床房（80支長絨棉床品+鵝絨記憶枕+深度好眠）:HK$359', '悦享雙床房（80支長絨棉床品+鵝絨記憶枕+深度好眠）:HK$381', '觀影大床房（巨幕投影+環繞音響+雲端承託）:HK$436', '輕奢雙床房（高空景觀+雲感棉品+鵝絨枕+深度好眠）:HK$469', '輕奢大床房（高空景觀+雲感棉品+鵝絨枕+深度好眠）:HK$501']"
