酒店名称,评分,房型价格列表
禧映酒店（南京夫子廟景區老門東店）,9.3,"['尖微大床房 | 65寸智能投屏電視·全景窗:HK$305', '禧悦大床房 | 65寸智能投屏電視·零壓深睡床品:HK$337', '星空榻榻米房 | 65寸智能投屏電視·仰望星空天窗:HK$380', '禧映潮玩電競房 | I7·4070S·32G海盜船·海景房機箱:HK$391']"
南京仙林大學城希爾頓歡朋酒店,9.6,"['舒適大床房【舒達床墊+智能投屏+專享騰訊視頻】:HK$435', '高級大床房【舒達床墊+智能投屏+專享騰訊視頻】:HK$457', '高級雙床房【舒達床墊+智能投屏】:HK$457', '豪華大床房【舒達床墊+智能投屏】:HK$522', '豪華雙床房【舒達床墊+智能投屏】:HK$522']"
南京夫子廟庭冉雲居酒店,9.6,"['香·寶篆大床房（智能客控+絲漣床墊+歐瓏洗護沐）:HK$462', '棋-玄素大床房:HK$471', '香·甘松雙床房（智能客控+絲漣床墊+歐瓏洗護沐）:HK$480', '香·月麟大床房（智能客控+絲漣床墊+歐瓏洗護沐）:HK$506', '香·鵝梨雙床房（智能客控+絲漣床墊+歐瓏洗護沐）:HK$541']"
喜灣酒店（南京奧體中心店）,9.4,"['星空大床房（星空無窗+徠芬吹風機+顧家家居）:HK$294', '景觀大床房（景觀內窗+語音智控+顧家床墊）:HK$327', '臻品大床房（語音智控+顧家床墊+落地窗）:HK$371', '景觀雙床房（景觀內窗+語音智控+顧家床墊+無線充電）:HK$393']"
曙光薇酒店（南京夫子廟老門東店）,9.6,"['氧吧安睡大床房:HK$429', '高級大床房:HK$474', '高級雙床房:HK$537', '豪華大床房:HK$559', '豪華雙床房:HK$635']"
孜圖酒店（南京夫子廟景區店）,9.3,"['歸一大床房（零壓床墊+智能投屏）:HK$485', '一休大床房（零壓床墊+智能投屏）:HK$529', '二舍大床房（零壓床墊+智能投屏）:HK$539', '三生大床房（零壓床墊+智能投屏）:HK$602', '四季雙床房（零壓床墊+智能投屏）:HK$602']"
南京維景國際大酒店,9.3,"['高級大床房:HK$588', '豪華特大床·親子家庭房:HK$719', '豪華大床房:HK$719', '豪華雙床房:HK$719', '紫金山景豪華大床房-住在城市看山景:HK$808', '至尊精選大床房:HK$883']"
南京博物院瑞金路輕居酒店,9.6,"['舒適大床房:HK$329', '標準大床房:HK$347', '標準雙床房:HK$347', '精選大床房:HK$383', '精選雙床房:HK$383']"
美璟大酒店（南京光華路苜蓿園大街店）,9.6,"['舒適大床房:HK$200', '舒適雙床房:HK$217', '豪華氧吧大床房:HK$234', '豪華氧吧雙床房:HK$251']"
南京鐘山賓館（江蘇省會議中心）,9.4,"['主樓丨鐘山標準間『十里秦淮水』:HK$440', '主樓丨紫金大床房『百年鐘山情』:HK$462', '主樓丨豪華大床房『電熱毛巾架・智能馬桶』:HK$495', '主樓丨豪華標準間『電熱毛巾架•智能馬桶』:HK$506', '貴賓樓丨行政大床房『靜享儒風雅韻』:HK$527', '貴賓樓丨行政標準間『舒享商務空間』:HK$527']"
南京南站逸扉酒店,9.5,"[""高級大床房『Peet's膠囊Coffee機+智能投屏+小冰箱』:HK$414"", ""高級雙床房『Peet's膠囊Coffee機+智能投屏+小冰箱』:HK$414"", ""豪華雙床房『Peet's膠囊Coffee機+智能投屏+小冰箱』:HK$447"", ""豪華大床房『Peet's膠囊Coffee機+智能投屏+小冰箱』:HK$447"", ""行政大床房『戴森吹風機+Peet's膠囊Coffee機+小冰箱』:HK$534""]"
建國·璞隱酒店（南京中山陵景區梧桐大道店）,9.6,"['暗香居大床房·新中式風温暖雅居+投屏電視+智能客控:HK$470', '凌霜居雙床房·新中式風温暖雅居+投屏電視+智能客控:HK$497', '詠蘭居大床房 · 新中式風榻榻米+投屏電視+智能客控:HK$532', '暗香居景觀大床房·新中式風陽光庭院+投屏電視+智能客控:HK$532', '幽篁居雙床房·新中式風陽光庭院+投屏電視+智能客控:HK$559']"
清沐鉑金酒店（南京理工大學中山陵景區店）,9.6,"['智能高級大床房【全屋新風・智能語音聲控・智能馬桶・小冰箱】:HK$274', '智能鉑金大床房【全屋新風 · 智能語音聲控 · 智能馬桶 · 小冰箱】:HK$306', '智能豪華大床房【智能語音聲控 · 智能馬桶 · 小冰箱 · 外窗】:HK$343', '智能豪華雙床房【智能語音聲控 · 智能馬桶 · 小冰箱 · 外窗】:HK$389']"
清沐鉑金酒店（南京奧體中心中勝地鐵站店）,9.6,"['智能高級大床房[智能客控+零壓床墊+小冰箱]:HK$292', '智能商務大床房[智能客控+零壓床墊+小冰箱]:HK$326', '智能商務雙床房[智能客控+零壓床墊+小冰箱]:HK$361', '智能豪華家庭房[智能客控+零壓床墊+小冰箱]:HK$395']"
古南都逸居酒店（南京新街口德基廣場店）,9.4,"['逸居大床房:HK$390', '逸居雙床房:HK$390', '公寓大床房:HK$404', '禪茶·雅韻雙床房:HK$462']"
南京金帆萬源酒店（新街口上海路店）,9.5,"['輔樓臻享大床房:HK$327', '高級大床房:HK$392', '商務大床房:HK$392', '高級陽光大床房:HK$424', '高級陽光雙床房:HK$424']"
南京玄武門亞朵酒店,9.6,"['高級大床房:HK$367', '高級雙床房:HK$394', '行政大床房:HK$394', '幾木雙床房:HK$421', '幾木大床房:HK$421']"
南京南站北廣場亞朵酒店,9.6,"['高級大床房（空氣凈化器＋智能馬桶）:HK$502', '高級雙床房（空氣凈化器＋智能馬桶）:HK$537', '行政大床房（小冰箱＋智能馬桶）:HK$556', '行政雙床房（小冰箱＋智能馬桶）:HK$610', '幾木大床房（小冰箱＋智能馬桶）:HK$637']"
智選假日酒店（南京東方萬滙城青奧體育公園店）,9.3,"['高級房:HK$357', '高級房大床（無障礙）:HK$357', '高級房雙床:HK$357', '高級房大床:HK$357', '高級房雙床（高樓層）:HK$406']"
清沐國際酒店（南京南站南廣場店）,9.9,"['智能精選雙床房（客控系統+65寸智能電視+MiniBar）:HK$261', '智能精選大床房（客控系統+65寸智能電視+MiniBar）:HK$323', '智能豪華大床房（客控系統+65寸智能電視+MiniBar）:HK$450', '智能高級景觀房（落地窗觀景+百寸幕布+MiniBar）:HK$486', '智能豪華家庭房（客控系統+65寸智能電視+MiniBar）:HK$513']"
南京江寧百家湖1912亞朵酒店,9.7,"['雅緻大床房（空氣凈化器）:HK$484', '高級大床房:HK$511', '行政大床房:HK$529', '行政雙床房:HK$547', '幾木大床房（深睡枕）:HK$574']"
南京金馬路地鐵站亞朵酒店,9.5,"['高級大床房（普蘭特床墊+亞朵記憶枕）:HK$367', '高級雙床房（普蘭特床墊+亞朵記憶枕）:HK$367', '行政大床房（普蘭特床墊+亞朵記憶枕）:HK$403', '行政雙床房（普蘭特床墊+亞朵記憶枕）:HK$403', '幾木大床房（深睡PRO記憶枕+小冰箱+浴袍）:HK$448']"
古南都逸居酒店（南京新街口總統府店）,9.5,"['尊享雙床房:HK$392', '尊享大床房:HK$392', '逸居大床房:HK$447', '川境·雅韻雙床房:HK$502']"
南京中心大酒店,9.6,"['麗景大床房:HK$576', '麗景雙床房:HK$580', '高級大床房:HK$690', '豪華大床房:HK$813', '海底小縱隊親子房:HK$837', '埃及萌神親子房:HK$837']"
無同·CHINAR酒店（南京夫子廟店）,9.5,"['紙鳶·大床房:HK$686', '煙歸·城景大床房:HK$752', '雲錦·靜謐家庭房:HK$795', '青黛·街景家庭房:HK$861', '烏衣·花園庭院房:HK$1,057']"
格林東方酒店（南京祿口機場店）,9.6,"['零壓智能大床房:HK$429', '舒眠零壓智能大床房:HK$449', '舒眠零壓智能雙床房:HK$463', '舒眠零壓智能家庭房:HK$489']"
晨町酒店（南京玄武湖公園店）,9.5,"['温馨大床房:HK$273', '雅緻大床房:HK$295', '雅緻標間:HK$316', '豪華大床房:HK$316']"
南京博物院輕居酒店,9.6,"['舒適大床房:HK$385', '標準大床房:HK$430', '精選大床房:HK$457', '標準雙床房:HK$475', '精選家庭房:HK$565']"
南京香格里拉大酒店,9.6,"['豪華大床房-盡覽繁華魅力都市:HK$828', '豪華雙床房-盡覽繁華魅力都市:HK$828', '豪華天際大床房-探索都市天際麗影:HK$968', '豪華天際雙床房-探索都市天際麗影:HK$968', '豪華湖景大床房-迎接紫金山玄武湖日出:HK$1,070', '豪華湖景雙床房-迎接紫金山玄武湖日出:HK$1,070']"
九間坊花園酒店（棲霞禪寺店）,9.7,"['九間·寶藏大床房『新風系統+智能馬桶+古街風景』:HK$298', '九間·禪意大床房『新風系統+智能馬桶+古街風景』:HK$414', '九間·明月浴缸大床房『新風系統+智能馬桶+古街風景』:HK$464', '九間·聽松雙床房『新風系統+智能馬桶+古街風景』:HK$464']"
美齡閣酒店（南京中山陵景區梧桐大道店）,9.4,"['美齡雅韻大床房（65寸4K投屏電視+智能客控+深睡記憶枕）:HK$392', '美齡雅緻大床房（65寸4K投屏電視+智能客控+深睡記憶枕）:HK$427', '美齡雅居雙床房（65寸4K投屏電視+智能客控+深睡記憶枕）:HK$448', '逸仙居大床房（65寸4K投屏電視+智能客控+深睡記憶枕）:HK$482', '美齡花庭雙床房（庭院景+65寸4K投屏電視+深睡記憶枕）:HK$517']"
花築·南京幾家碳酸溫泉民宿（南京總統府浮橋地鐵站店）,9.1,"['舒壓大床房:HK$298', '豪華温泉大床房:HK$528', '温泉床靜大床房（絹絲浴）:HK$614', '温泉榻榻米套房（碳酸浴）:HK$699']"
宜尚酒店（南京夫子廟地鐵站店）,9.6,"['舒適大床房『零壓床墊+全屋智能客控』:HK$383', '標準大床房『零壓床墊+全屋智能客控』:HK$406', '高級大床房『零壓床墊+全屋智能客控』:HK$423', '高級雙床房『零壓床墊+全屋智能客控』:HK$430']"
南京泛悅廣場城際酒店,9.8,"['城際高級房-大床（裸睡床品+智能客控+Mini吧）:HK$512', '城際豪華房-大床（裸睡床品+智能客控+Mini吧）:HK$542', '城際豪華房-雙床（裸睡床品+智能客控+Mini吧）:HK$563', '城際行政房-大床（裸睡床品+智能客控+Mini吧）:HK$582', '城際行政房-雙床（裸睡床品+智能客控+Mini吧）:HK$603']"
寬渡酒店（南京老門東店）,9.5,"['精緻榻榻米房:HK$198', '雅緻大床房:HK$299', '雅緻雙床房:HK$316', '商務大床房:HK$357']"
沐江南酒店（南京新街口地鐵站友誼廣場店）,9.2,"['智能舒適大床房:HK$366', '智能高級大床房:HK$414', '智能高級雙床房:HK$444', '智能豪華大床房:HK$474']"
南京中山陵景區啟迪大街亞朵酒店,9.8,"['高級大床房:HK$367', '高級雙床房:HK$367', '行政大床房:HK$421', '行政雙床房:HK$421', '幾木大床房:HK$457']"
南京中山陵逸扉酒店,9.7,"['大床房:HK$513', '園景高級大床房:HK$534', '園景豪華大床房:HK$578', '園景豪華雙床房:HK$621', '庭院度假行政大床房:HK$731']"
南京麗思卡爾頓酒店,9.5,"['豪華大床房:HK$2,739', '豪華雙床房:HK$2,739', '豪華山景大床房:HK$2,809', '豪華山景雙床房:HK$2,809', '豪華湖景大床房:HK$2,996', '豪華湖景雙床房:HK$2,996']"
E·HOTEL逸住藝術酒店（南京南站店）,9.7,"['逸住客房-大床【智能客控+夢百合床墊+零壓低枕】:HK$372', '逸住客房-雙床【智能客控+夢百合床墊+零壓低枕】:HK$426', '逸住尊享客房-大床【智能客控+夢百合床墊+零壓低枕】:HK$426', '逸住尊享客房-雙床【智能客控+夢百合床墊+零壓低枕】:HK$457', '逸住尊享家庭房雙床【智能客控+夢百合床墊+零壓低枕】:HK$511']"
南京中山陵現代奧藝酒店交流中心,9.8,"['高級大床房:HK$360', '高級雙床房:HK$360', '豪華套房:HK$392', '豪華大床房:HK$392']"
南京中山陵風景區麒麟門地鐵站桔子水晶酒店,9.8,"['大床房:HK$368', '高級大床房（迷你冰箱+智能客控+無線投屏）:HK$369', '高級雙床房（迷你冰箱+智能客控+無線投屏）:HK$369', '商務大床房（迷你冰箱+智能客控+無線投屏）:HK$387', '商務雙床房（迷你冰箱+智能客控+無線投屏）:HK$387']"
夜泊秦淮·太傅樓酒店（南京夫子廟老門東店）,9.5,"['雅居·尊享特價大床房（serta舒達深眠舒睡乳膠床墊）:HK$522', '雅居·秦淮賞月觀景大床房 （serta舒達深眠舒睡乳膠床墊）:HK$566', '鶴林玉露·尊享特價雙床房:HK$566', '金陵·八方雅士舒享豪華大床房（浴缸+serta舒達深眠舒睡乳膠床墊）:HK$588']"
南京總統府中山東路桔子水晶酒店,9.6,"['豪華大床房（迷你冰箱+愜意浴缸）:HK$528', '高級大床房（KINGKOIL床墊+智能客控+迷你冰箱+無線投屏）:HK$528', '歐洲小調大床房（迷你冰箱+英倫風情）:HK$616', '行政大床房（KINGKOIL床墊+智能客控+迷你冰箱+無線投屏）:HK$626', '豪華雙床房（迷你冰箱）:HK$674']"
南京夫子廟步行街輕居酒店,9.4,"['舒適大床房:HK$502', '標準大床房:HK$529', '標準雙床房:HK$574', '精選大床房:HK$574', '精選雙床房:HK$601']"
紫怡天悦酒店（南京南站店）,9.6,"['紫怡大床房（智能客控+顧家乳膠床墊+落地窗+65寸投屏電視）:HK$342', '紫怡舒適大床房:HK$387', '紫怡高級大床房（智能客控+顧家乳膠床墊+落地窗+65寸投屏電視）:HK$433', '紫怡豪華大床房（智能客控+顧家乳膠床墊+超大落地窗+聲控霧化玻璃+65寸投屏電視）:HK$489', '天悦花園大床房（智能客控+顧家乳膠床墊+私享露台花園+聲控霧化玻璃+65寸投屏電視）:HK$535']"
南京奧體國際博覽中心輕居酒店,9.6,"['舒適大床房:HK$358', '舒適雙床房:HK$358', '標準大床房:HK$385', '標準雙床房:HK$385', '精選大床房:HK$412']"
大地君悦酒店（南京總統府大行宮地鐵站店）,9.4,"['舒適大床房:HK$347', '温馨大床房:HK$369', '商務大床房:HK$401', '高級大床房:HK$417']"
如家商旅酒店（南京新街口中心店）,9.5,"['大床房:HK$367', '商務大床房:HK$404', '雙床房:HK$459', '家庭房:HK$517']"
和頤酒店（南京博物院明故宮地鐵站店）,9.4,"['大床房A（中式風格）:HK$275', '大床房（中式風格）:HK$317', '雙床房A（中式風格）:HK$317', '雙床房（中式風格）:HK$333']"
