酒店名称,评分,房型价格列表
南寧飯店,9.4,"['高級雙床房（全景落地觀朝陽景觀）:HK$354', '高級大床房（全景落地窗）:HK$379', '商務大床房（舒適辦公+採光充足）:HK$410', '家庭房三人房（獨立床位，舒靜好眠）:HK$442', '假日親子遊樂雙人房（親子主題佈置+帳篷玩具）:HK$442', '雙拼超級大床房（開闊視野景觀）:HK$442']"
香榭裏酒店（南寧會展航洋城店）,9.0,"['舒適大床房（雅靜安逸）:HK$381', '舒適雙床房（雅靜安逸）:HK$403', '商務大床房（城市高空夜景+悠享辦公）:HK$403', '商務雙床房（CBD城市高空景觀+悠享辦公）:HK$436', '行政大床房（會展高空夜景+網紅打卡）:HK$436']"
美住·悦檐酒店（南寧會展中心埌西地鐵站店）,9.4,"['悦馨雙床房（智能客控+舒適辦公+電視投屏）:HK$239', '悦惠大床房（智能客控+電視投屏+品味自然芳香）:HK$239', '悦馨大床房（智能客控+舒適辦公+電視投屏）:HK$267', '悦享全景大床房（陽光通透+超大穿衣鏡+品質床墊）:HK$279', '悦享全景雙床房（陽光通透+雙門隔音+LED化粧鏡）:HK$279']"
南寧精通101酒店（朝陽廣場店）,9.5,"['逸緻·商務雙床房（商務電腦桌+休閑椅+迷你冰箱）:HK$212', '靜謐·城景豪華大床房（沙發躺椅+迷你冰箱+隔音效果佳）:HK$223', '靜謐·城景豪華雙床房（沙發躺椅+迷你冰箱+隔音效果佳）:HK$228', '品茗 · 高級大床房（品牌床墊+功夫茶具）:HK$234']"
柏曼酒店（南寧朝陽百盛步行街廣場三街兩巷店）,9.5,"['智能標準大床房（安靜舒適+深睡記憶枕）:HK$281', '智能高級大床房（智能客控+零壓深睡枕）:HK$330', '智能高級雙床房（智能客控+零壓深睡枕）:HK$349', '智能豪華大床房（落地玻璃窗+陽光滿屋+舒適好眠）:HK$368']"
南寧曼爾頓國際酒店（會展中心金湖廣場地鐵站店）,9.4,"['曼妙·清新雙床房（舒適床墊）:HK$323', '曼妙·清新大床房（時尚簡約）:HK$323', '曼享·城景雙床房（全景落地）:HK$341', '曼享·城景大床房（落地觀景）:HK$362', '曼怡·智能城景雙床房（燈火闌珊）:HK$384']"
南寧江南金凱路亞朵酒店,9.6,"['雅緻大床房（中央空調+裸棉床品+精緻空間）:HK$340', '高級大床房（商旅分區空間+裸棉床品+慢回彈記憶枕）:HK$367', '高級雙床房（智能客控+普蘭特床墊+裸棉床品）:HK$376', '行政大床房（裸棉床品+智能客控+小冰箱）:HK$403', '行政雙床房（智能客控+寬闊空間+小冰箱）:HK$412']"
南寧東葛路地鐵站亞朵X酒店,9.6,"['雅緻房（普蘭特床墊+記憶枕）:HK$358', '高級大床房（普蘭特床墊+記憶枕）:HK$376', '高級雙床房（普蘭特床墊+記憶枕）:HK$376', '行政大床房（Mini小冰箱+小米智能體重秤+普蘭特床墊+記憶枕）:HK$412', '行政雙床房（Mini小冰箱+小米智能體重秤+普蘭特床墊+記憶枕）:HK$430']"
城市便捷酒店（南寧安吉萬達廣場億鼎中心店）,9.4,"['標準大床房【仿庭院柔光私密新風系統小屋+零壓枕】:HK$192', '影院標準大床房【84寸VIP大屏+柔光私密新風沙發小屋】:HK$200', '標準雙床房:HK$200', '高級大床房【超高層城際夜景+零壓記憶床枕+房間管家】:HK$207']"
吉瑞酒店（南寧火車東站南廣場店）,9.4,"['雅居丨舒適大床房（公區自助洗衣機+簡約舒適）:HK$309', '雅居丨舒適雙床房（公區自助洗衣機+簡約舒適）:HK$351', '靜逸丨城景大床房（落地窗高層俯瞰城市景觀+靜謐睡眠）:HK$374', '靜逸丨城景雙床房（落地窗高層俯瞰城市景觀+靜謐睡眠）:HK$374']"
優逸酒店（南寧會展中心萬象城地鐵站店）,9.6,"['靜眠深睡大床房（星空中庭觀景＋零壓床墊）:HK$404', '靜眠深睡雙床房（星空中庭觀景＋零壓床墊）:HK$404', '舒適特大床房（寬敞空間+深度好眠+電熱乾衣架）:HK$427', '精選雙床房（零壓床墊+雙隔音門+電熱乾衣架）:HK$437', '精選大床房（零壓床墊 +智能馬桶+電熱乾衣架）:HK$459', '巨幕影音雙床房（沉浸觀影+雙隔音門+電熱乾衣架）:HK$492']"
格瑞斯臻品酒店（朝陽廣場三街兩巷店）,9.9,"['臻選大床房:HK$295', '臻悦雙床房[智能客控+巨幕影音+超大空間]:HK$309', '臻悦大床房[智能客控+超大釋壓床墊+巨幕影音]:HK$309', '臻品大床房[巨幕影音+智能客控+超大釋壓床墊]:HK$323']"
南寧邕江賓館,9.2,"['特惠雙床房--安靜温馨+浴缸:HK$327', '標準大床房-簡約時尚+浴缸:HK$360', '標準雙床房-簡約時尚+浴缸:HK$360', '商務雙床房-安靜舒適+浴缸:HK$425', '豪華行政雙床房-商家推薦:HK$469', '豪華行政大床房-商家推薦:HK$469']"
南寧天禧萬瑾酒店（興寧區政府區婦幼店）,9.8,"['商務雙床房（負離子高速吹風機+精緻空間+商務辦公桌）:HK$246', '商務大床房（負離子高速吹風機+精緻空間+商務辦公桌）:HK$254', '高級大床房（安靜舒適+親膚浴袍+mini吧冰箱）:HK$272', '高級雙床房（安靜舒適+負離子高速吹風機）:HK$289', '高級0壓大床房（0壓床墊+記憶枕）:HK$299']"
沃笙酒店（萬象城南寧火車東站店）,9.5,"['精緻大床房:HK$424', '高級雙床房（迷你冰箱+親膚浴袍+商務辦公桌椅）:HK$425', '高級大床房（迷你冰箱+親膚浴袍+商務辦公桌椅）:HK$435', '豪華雙床房（迷你冰箱+親膚浴袍+商務辦公桌椅）:HK$512', '豪華大床房（迷你冰箱+親膚浴袍+浴缸+商務辦公桌椅）:HK$523', '主題雙床房（童趣玩具+主題帳篷）:HK$544']"
永恆朗悦精選酒店（南寧火車站朝陽廣場地鐵站店）,9.0,"['特惠大床房（無窗）:HK$165', '舒適高級大床房:HK$187', '高級雙床房:HK$207', '精選大床房:HK$207']"
南寧朝陽廣場地鐵站亞朵酒店,9.5,"['雅緻大床房（深睡PRO枕+深睡床品+小冰箱）:HK$421', '高級大床房（深睡PRO枕+深睡床品+小冰箱）:HK$448', '雅緻雙床房（深睡PRO枕+深睡床品+小冰箱）:HK$502', '行政大床房（深睡PRO枕+深睡床品+小冰箱）:HK$510', '高級雙床房（深睡PRO枕+深睡床品+小冰箱）:HK$547']"
金慶盛金鑽酒店（萬象城南寧火車東站店）,9.6,"['金鑽雙床房（180°城市景觀+電動窗簾）:HK$402', '金鑽大床房（風格多樣+180°城市景觀+電動窗簾）:HK$402', '悦享大床房（電動窗簾+採光好）:HK$421', '奢享浴缸大床房（180°城市景觀+電動窗簾）:HK$425', '奢享浴缸雙床房（180°城市景觀+辦公桌椅+電動窗簾）:HK$425', '馨享超大床房（適合家庭出遊+180°城市景觀）:HK$436']"
南寧火車站虎邱大廈怡程酒店,9.5,"['標準大床房【東方韻味丨優美城景丨靜謐空間】:HK$229', '標準雙床房【東方韻味丨優美城景丨靜謐空間】:HK$229', '高級大床房【東方韻味丨優美城景丨靜謐空間丨精緻浴衣】:HK$255', '高級雙床房【東方韻味丨優美城景丨靜謐空間丨精緻浴衣】:HK$255', '豪華大床房【東方韻味丨優美城景丨靜謐空間丨精緻浴衣】:HK$269']"
金慶盛歡住酒店（南寧會展中心鳳嶺地鐵站店）,9.5,"['高級大床房（180°地標城市景觀+大空間設計+豪華浴缸）:HK$330', '高級雙床房（180°地標城市景觀+大空間設計+豪華浴缸）:HK$330', '豪華大床房（舒享浴缸+奢享空間+舒適沙發）:HK$367', '豪華雙床房（舒享浴缸+奢享空間+舒適沙發）:HK$378']"
南寧鳳凰賓館（新朝陽大廈朝陽廣場店）,9.5,"['鳳悦雙床房:HK$325', '鳳悦城景大床房:HK$325', '鳳凰尊享大床房:HK$347', '鳳凰尊享雙床房:HK$347', '鳳凰尊享三床房:HK$391']"
南寧火車站北湖亞朵酒店,9.7,"['雅緻大床房（裸棉床品+普蘭特床墊+慢回彈記憶枕）:HK$367', '雅緻雙床房（裸麪床品+普蘭特床墊+慢回彈記憶枕）:HK$385', '高級大床房（普蘭特床墊+榻榻米）:HK$403', '高級雙床房（榻榻米+裸棉床品）:HK$421', '行政大床房（Mini冰箱+榻榻米+慢回彈記憶枕）:HK$430']"
宜尚酒店（廣西體育中心五象航洋城店）,9.6,"['特惠大床房（北歐Style）:HK$326', '城景雙床房（高空景觀+大空間）:HK$370', '城景大床房（高空景觀+大空間）:HK$370', '江景雙床房（高空景觀+大空間）:HK$392', '江景大床房（高空景觀+大空間）:HK$392']"
江和優逸酒店（南寧東站萬象城店）,9.6,"['優享高級雙床房（金可兒床墊+親膚床品+智能客控）:HK$348', '舒享雅緻大床房（金可兒床墊+智能客控+掛燙機）:HK$368', '優享高級大床房（金可兒床墊+親膚床品+智能客控）:HK$420', '輕奢豪華大床房（金可兒床墊+靜享浴缸+小冰箱）:HK$450', '輕奢豪華雙床房（金可兒床墊+小冰箱+智能客控）:HK$450']"
南寧鳳凰賓館（火車站地鐵站店）,9.6,"['標準雙床房A（簡約）:HK$277', '標準雙床房B（安靜）:HK$307', '精選雙床房（舒適）:HK$339', '童趣親子雙床房:HK$349', '悦享大床房:HK$370']"
南寧東站會展中心桔子水晶酒店,9.6,"['大床房（65寸4K超清投屏電視+全屋智能客控）:HK$381', '商務雙床房（65寸4K超清投屏電視+全屋智能客控）:HK$399', '商務大床房（65寸4K超清投屏電視+全屋智能客控）:HK$399', '高級大床房（65寸4K超清投屏電視+全屋智能客控）:HK$416', '觀景雙床房（65寸4K超清投屏電視+全景落地窗）:HK$434']"
南寧金水灣國際大酒店（南湖公園麻村地鐵站店）,9.4,"['東南亞原木雙床房（陽光通透+優質床品+高樓層）:HK$273', '東南亞原木大床房（陽光通透+優質床品+高樓層）:HK$273', '豪華大床房（恆温乾衣架+貴妃躺椅）:HK$308', '豪華雙床房（恆温乾衣架+優質床品）:HK$308', '商務雙床房（恆温乾衣架+辦公桌椅+高樓層）:HK$354']"
雅斯特國際酒店（南寧朝陽廣場區政府店）,9.2,"['雅緻大床房【房間格局温馨舒適|手機投屏|商務辦公桌】:HK$250', '高級雙床房【極簡輕奢沉浸質感生活|手機投屏|商務辦公桌|貴妃躺椅】:HK$250', '超級大床房【極簡輕奢雙拼大床隨心躺|手機投屏|商務辦公桌】:HK$272', '觀景大床房【透過落地玻璃享受夕陽美景|貴妃躺椅】:HK$283', '觀景雙床房【全景落地玻璃俯瞰邕城夜景|手機投屏|商務辦公桌】:HK$306']"
迎程全智能酒店（威寧龍崗東鄰家廣場店）,9.3,"['商務大床房:HK$218', '商務雙床房:HK$233', '豪華雙床房:HK$262', '豪華三人房:HK$350']"
雲錦智能影院酒店（南寧火車站地鐵口店）,9.4,"['舒適影院大床房【温馨躺平】:HK$219', '雅緻影院大床房:HK$230', '巨幕影院大床房【小度智能聲控房間設備+百寸巨幕】:HK$272', '巨幕影院雙床房:HK$282']"
南寧會展中心智選假日酒店,9.5,"['高級房大床:HK$328', '高級房大床更大面積:HK$367', '高級房雙床:HK$367', '高級房雙床無障礙:HK$367', '高級房大床更大面積高樓層:HK$425']"
怡程酒店·ECHENG Hotel（南寧東站華豐城愛琴海城市廣場店）,9.6,"['智能國風高級大床房【安靜秒睡記憶枕|零壓床墊+空氣凈化器+梳粧全身鏡】:HK$412', '智能國風舒適大床房【180度超大落地靜音玻璃+速乾電衣架+零壓按摩床墊】:HK$450', '智能國風高級雙床房【安靜秒睡記憶枕|零壓床墊+小米空氣凈化器+梳粧全身鏡】:HK$450', '智能國風電競大床房【語音客控+遊戲特權4060+空氣凈化器+新風系統】:HK$458', '智能國風影院大床套房【180度超大落地靜音玻璃+空氣凈化器+巨幕投影VIP+速乾電衣架|梳粧全身鏡】:HK$458']"
雅斯特國際酒店（南寧朝陽廣場地鐵站店）,9.1,"['雅緻大床房｜可投屏:HK$371', '高級雙床房｜辦公桌&可投屏&乾濕分離:HK$393', '高級大床房｜可投屏&辦公桌&乾濕分離:HK$404', '觀景大床房｜城市夜景&可投屏&乾濕分離:HK$426', '觀景雙床房｜城市夜景&辦公桌&可投屏&乾濕分離:HK$436']"
華笙酒店（海吉星江南公園地鐵站店）,9.7,"['庭景大床房:HK$319', '庭景雙床房:HK$319', '園景大床房:HK$340', '園景雙床房:HK$340', '城景大床房:HK$351']"
悦笙酒店（南寧朝陽廣場火車站店）,9.5,"['一見暮卿・格調高級大床房『智能馬桶｜金可兒床墊｜MiNi冰箱｜手機無線充』:HK$328', '一夕一夏·悦享雅緻大床房『智能馬桶｜金可兒床墊｜MiNi冰箱｜手機無線充』:HK$328', '一城美景・縱享觀景大床房『俯瞰180°邕城美景｜智能馬桶｜金可兒床墊｜小度智能客控』:HK$349', '一路生花・格調高級雙床房『智能馬桶｜金可兒床墊｜MiNi冰箱｜手機無線充』:HK$357']"
美豪麗致酒店（南寧朝陽廣場地鐵站三街兩巷店）,9.1,"['遇見三街兩巷大床房|瞰高層景觀+享步行古巷繁華美景:HK$399', '遇見三街兩巷雙床房|温馨舒適+智能客控品牌床墊:HK$399', '零壓·遇見三街兩巷深睡大床房|零壓記憶枕+零壓床墊:HK$427', '麗致輕奢大床房|陽光通透高空城景+安靜舒眠體驗:HK$459', '麗致輕奢雙床房|陽光通透高空城景+安靜舒眠體驗:HK$459']"
麗呈睿軒酒店（南寧會展中心青秀山店）,9.5,"['雅緻大床房【温馨安靜|零壓床墊|智能投屏】:HK$196', '雅緻雙床房【温馨安靜|零壓床墊|智能投屏】:HK$196', '豪華雙人房【寬敞明亮|零壓床墊|智能投屏】:HK$217', '豪華大床房【寬敞安靜|舒適採光|智能投屏】:HK$217', '城景大床房【乾淨舒適|城景風光|智能投屏】:HK$250']"
遇熹酒店（廣西大學動物園地鐵站店）,9.3,"['愛無止境｜甜蜜大床房【全屋智能客控+65寸高清投屏】:HK$229', '夜闌人靜｜舒睡雙床房【全屋語音智能+環保封裝口杯】:HK$246', '夜闌人靜｜舒睡大床房【品牌高速吹風機+床頭無線充】:HK$251', '朝沐暖陽｜全景大床房【180°俯瞰城市夜景+高端床品】:HK$272', '朝沐暖陽｜全景雙床房【180度落地窗+陽光通透】:HK$272']"
南寧邕桂萬誼酒店（北湖南路地鐵站店）,9.3,"['高級大床房（優美城市風景）:HK$238', '豪華大床房（俯視城市夜景+單人沙發）:HK$260', '豪華雙床房（優美城市風景）:HK$260', '時尚豪華大床房（俯視城市夜景+辦公書桌）:HK$282', '尊榮行政大床房（俯視城市夜景+迷你冰箱+浴衣）:HK$336']"
南寧南湖名都大酒店,9.5,"['商務雙人間（城市CBD天際景觀）:HK$545', '城市景觀單人間（半湖美景轉角房+豪華浴缸）:HK$589', '城市景觀雙人間（半湖美景）:HK$599', '商務單人間（城市CBD天際景觀）:HK$621', '城景特大床:HK$665', '豪華湖景雙人間（毗鄰城市公園，俯瞰南湖全景）:HK$687']"
之間民宿（南寧朝陽廣場三街兩巷店）,9.6,"['院間·馬賽大床房203【小米智能家居】:HK$387', '院間·温馨大床房205【小米智能家居】:HK$387', '巷間·陽台大床202【小米智能家居】:HK$445', '舍間·青瓦大床房206【小米智能家居】:HK$445']"
雅斯特國際酒店（南寧萬象城東盟商務區地鐵站店）,9.5,"['雅緻大床房:HK$279', '雅緻雙床房:HK$279', '高級大床房（近盛天地+乾濕分區+免停車費）:HK$305', '高級雙床房（近龍光世紀+智能全屋+自助洗衣房）:HK$305', '豪華大床房（近萬象城+智能全屋+免停車費）:HK$335']"
全季酒店（南寧金湖廣場店）,9.7,"['高級大床房A:HK$412', '高級大床房:HK$431', '高級雙床房:HK$431', '舒壓高級大床房:HK$452', '舒壓高級雙床房:HK$452']"
優逸酒店（南寧火車東站琅東客運地鐵站店）,9.8,"['休閑景觀大床房（180°城市夜景+電熱毛巾架）:HK$327', '高級雙床房（靜謐隔音門+零壓記憶枕+電熱毛巾架）:HK$327', '優雅大床房（180°城景夜景+KINGKOIL零壓乳膠床墊）:HK$348', '全景商務大床房（商務辦公桌+會客茶台+舒適躺椅）:HK$370', '全景商務雙床房（KINGKOIL乳膠床墊+城市夜景）:HK$370']"
南寧世紀君悦大酒店（青秀萬達濱湖路地鐵站店）,9.4,"['輕奢大床房（悦享空間漫生活）:HK$321', '輕奢雙床房（悦享空間漫生活）:HK$321', '高級大床房（沉浸質感生活）:HK$343', '高級雙床房（沉浸質感生活）:HK$343', '行政經典大床房（雅韻空間）:HK$380']"
南寧萬象城會展中心怡程酒店,9.5,"['温馨大床房:HK$436', '温馨雙床房:HK$436', '雅緻大床房（新中式風+親膚浴袍）:HK$469', '舒適大床房（城市美景+親膚浴袍）:HK$529', '舒適雙床房（城市美景+大空間）:HK$529']"
南寧安吉希爾頓歡朋酒店,9.6,"['舒適大床房:HK$411', '高級雙床房:HK$423', '高級大床房:HK$434', '舒適園景雙床房（户外露台）:HK$434', '舒適園景大床房（户外露台）:HK$445']"
Mussi·霂斯酒店（南寧東葛路地鐵站店）,9.4,"['輕悦大床房（智能體驗+乾濕分離+電視投屏）:HK$199', '舒悦雙床房（智能體驗+超寬浴鏡+電視投屏）:HK$234', '舒悦大床房（智能體驗+超寬浴鏡+電視投屏）:HK$234', '臻悦大床房（智能體驗+乾濕分離+電視投屏）:HK$282']"
美豪麗致酒店（南寧江南金陽路地鐵站店）,9.7,"['靜享語控大床房（小度語控+電動窗簾+時尚簡約）:HK$313', '靜享城景大床房（城市美景+小度語控+電動窗簾）:HK$343', '靜享語控雙床房（小度語控+電動窗簾+時尚簡約）:HK$343', '豪華麗致雙床房（超大空間+小冰箱+雙人洗手池+超大投屏電視+智能家居+智能馬桶）:HK$376', '豪華麗致大床房（超大空間+小冰箱+超大電視可投屏+智能家居+雙人洗手池+智能馬桶）:HK$376']"
南寧喬頓酒店（南寧萬象城東盟商務區地鐵站店）,9.6,"['青秀大床房（俯瞰邕城美景+採光好）:HK$435', '青秀雙床房（俯瞰邕城美景+採光好）:HK$435', '雲景雙床房（180°俯瞰邕城美景+辦公桌椅+舒適沙發）:HK$478', '雲景大床房（180°俯瞰邕城美景+辦公桌椅+舒適沙發）:HK$478', '御書大床房（180°俯瞰邕城美景+輕奢浴缸+辦公桌椅+舒適沙發）:HK$500']"
