酒店名称,评分,房型价格列表
可克達拉天一酒店,9.6,"['高級大床房（金可兒睡眠床墊+全屋智控）:HK$555', '高級雙床房（金可兒睡眠床墊+全屋智控）:HK$555', '家庭親子房（金可兒睡眠床墊+全屋智控）:HK$798', '商務行政套房（金可兒睡眠床墊+全屋智控）:HK$820']"
可克達拉文遠大酒店,9.5,"['雅緻舒睡大床房:HK$643', '雅緻舒睡雙床房:HK$643', '臻選智能雙床房:HK$971', '臻選智能大床房:HK$971', '智能親子房:HK$1,187']"
可克達拉市夢鄉酒店,10.0,"['臻選大床房:HK$371', '雅緻舒睡雙床房:HK$371', '臻選三人間:HK$502', '家庭親子間:HK$502']"
可克達拉壹平源居,9.8,"['靜謐單人間:HK$336', '精品雙床房:HK$371', '精品大床房:HK$371', '甄選大床房:HK$426']"
可克達拉朝暮酒店,9.4,"['商務大床房:HK$277', '豪華大床房:HK$370']"
可克達拉市綠山緣民宿,9.8,"['温馨大床房:HK$185', '標準雙床房:HK$227', '舒適雙床房:HK$227', '豪華雙床房:HK$293']"
可克達拉大雲華酒店,8.0,[]
華都假日酒店（察布查爾鎮店）,9.3,"['普通標間:HK$260', '普通單間:HK$260', '豪華標間:HK$283', '豪華單間:HK$283']"
品悦酒店,8.8,"['標準雙床房:HK$334', '標準大床房:HK$357', '豪華套房:HK$458']"
七喜酒店,8.4,"['特價雙床房:HK$299', '標準雙床房:HK$341', '商務雙床房:HK$341', '標準大床房:HK$351']"
桔子酒店（伊寧六星街景區店）,9.5,"['大床房【金可兒床墊+冷藏小冰箱+電視投屏】:HK$756', '高級大床房【金可兒床墊+冷藏小冰箱+電視投屏】:HK$775', '豪華大床房【金可兒床墊+冷藏小冰箱+電視投屏】:HK$793', '豪華雙床房【金可兒床墊+冷藏小冰箱+電視投屏】:HK$793']"
全季酒店（伊寧機場店）,9.5,"['大床房:HK$623', '雙床房:HK$643', '高級大床房:HK$664', '高級雙床房:HK$683']"
霍城雲升酒店,9.2,"['舒適標準間:HK$856', '舒適大床房:HK$856', '行政豪華標準間:HK$953', '浪漫大床房:HK$1,145', '陽光標準間:HK$1,242']"
你好酒店（伊寧上海城店）,9.4,"['高級大床房:HK$422', '商務大床房:HK$453', '商務雙床房:HK$482', '家庭雙床房:HK$523']"
伊寧品睿酒店（六星街店）,9.6,"['舒適大床房:HK$476', '榻榻米舒適房:HK$487', '智能高級大床房:HK$590', '高級大床間:HK$715']"
漢庭酒店（伊寧六星街景區店）,9.4,"['高級大床房:HK$453', '高級雙床房:HK$483', '商務大床房:HK$483', '商務雙床房:HK$512']"
圖開沙漠輕奢酒店,9.0,"['聽沙觀景標間:HK$739', '漠野景觀大床房:HK$752', '歡圖親子間:HK$752', '漠野法式大床房:HK$752']"
全季酒店（伊寧山東路萬容壹號街店）,9.7,"['高級雙床房（智能客控.加濕器）:HK$724', '高級大床房（智能客控.加濕器）:HK$743', '高級特大床房（智能客控.加濕器）:HK$784', '商務大床房（智能客控.加濕器）:HK$824']"
漢庭酒店（伊寧喀贊其店）,9.5,"['大床房:HK$533', '高級大床房:HK$624', '高級雙床房:HK$655', '商務雙床房:HK$684']"
一方所民宿（六星街景區店）,9.8,"['靜夜雅緻大床房（半地下）:HK$371', '慕夏雅緻雙床房（半地下）:HK$519', '浪漫情懷大床房:HK$705', '夢幻芭蕾雙床房:HK$743']"
如家酒店·neo（伊寧解放西路上海城店）,9.5,"['大床房（全屋智能+親膚布草+電視投屏）:HK$607', '商務大床房（全屋智能+親膚布草）:HK$635', '高級雙床房（全屋智能+加寬床墊+電視投屏）:HK$663', '安心睡大床房（深睡體驗+全屋智能+電視投屏）:HK$681']"
霍城賽里木湖大酒店,8.7,"['普通標準間:HK$293', '舒適標間:HK$326', '高級標準間:HK$435', '高級單人間:HK$435']"
花微聚民宿（伊寧市六星街店）,9.3,"['恰西觀庭雙床房（零壓力床墊+精緻掛畫）:HK$509', '賽裏木院景 家庭房 （ 零壓力床墊+實木桌椅）:HK$632', '那拉提家庭四床房（零壓床墊）:HK$748', '巴依古城三卧套房（零壓力床墊+超大空間+實木茶几）:HK$1,178']"
時宜民宿（霍城店）,10.0,"['紅.舒適大床房:HK$474', '橙.温馨大床房:HK$493', '黃.復古雙床房:HK$511', '靛.法式雙床房:HK$577']"
挽風宿（（伊寧六星美食街店）,9.3,"['君蘭大床房:HK$682', '今喜大床房:HK$711', '雲隱雙床房:HK$730', '雲語雙床房:HK$759']"
勉家民宿,9.9,"['暮雨大床房:HK$261', '勉家·〔自然三人居〕大客廳｜陽光充沛:HK$296', '勉家·〔圓夢雙床〕｜獨立精裝衞浴:HK$296', '勉家·〔聽蟬親子房〕獨立庭院｜親子出遊｜獨立庭院｜精裝衞浴:HK$296']"
古貓寧民宿（伊寧喀贊其民俗旅遊區店）,9.9,"['標準雙床房（獨立衞浴）:HK$493', '大床房（獨立衞浴）:HK$520', '家庭房（獨立衞浴）:HK$558']"
霍城良棲鄉野民宿,9.3,"['半地下室雙人間:HK$227', '標準大床房:HK$314', '標準雙床房:HK$314', '豪華大床房:HK$373']"
海友酒店（伊寧火車站店）,9.7,"['高級大床房:HK$322', '商務大床房:HK$339', '商務雙床房:HK$348', '家庭房:HK$374']"
瀾亭題序民宿（伊寧機場伊寧火車站店）,9.6,"['瀾亭舒適雙床房:HK$398', '萬殊.特惠小花園大床房（乾濕三分離＋夢百合零壓床墊親膚床品）:HK$537', '修竹.陽光大床房（門口獨立小花園＋乾濕三分離＋親膚床品夢百合零壓床墊＋帝王衞浴智能馬桶）:HK$557', '悟言雅緻觀景雙床間:HK$686']"
伊寧廣仁郡亞朵酒店,9.7,"['高級大床房:HK$700', '幾木大床房:HK$727', '高級雙床房:HK$727', '幾木雙床房:HK$817', '幾木家庭房:HK$907']"
肆享星辰民宿（伊寧六星街店）,9.6,"['迷你特惠大床房（空間小+零圧床墊+投影+空調）:HK$423', '半地下特惠大床房（窗户小+零圧床墊+投影空調）:HK$423', '半地下舒適雙床房（窗户小+零圧床墊+投影空調+乾濕分離）:HK$521', '半地下舒享大床房（窗户小+零圧床墊+投影空調+乾濕分離）:HK$521']"
與君初相識民宿（伊寧機場伊寧火車站店）,9.6,"['青嶼-雅緻雙床房【高清投影】:HK$385', '楓丹悦享大床房【高清投影】:HK$434', '沐風-雅緻大床房【高清投影】:HK$491', '尋歡-温馨親子間【高清投影】:HK$508']"
停泊青年旅舍（伊寧店）,8.7,"['榻榻米大床房:HK$328', '隨心大床房:HK$361', '榻榻米標準雙人間:HK$361', '隨心標準雙人間:HK$394']"
如家酒店（伊寧六星街解放路店）,8.9,"['大床房（投影大屏+祕園藏春+舒適靜謐）:HK$588', '商務大床房（電視投屏+品牌洗護+網紅徠芬）:HK$605', '舒適雙床房（乾濕分離+原木香韻+智能馬桶）:HK$623', '安心睡大床房（深度睡眠+亮鏡幻彩+網紅徠芬）:HK$694']"
胡楊問道民宿,9.2,"['優享大床房（零壓力床墊）:HK$296', '靜謐大床房（零壓力床墊）:HK$333', '黑白復古大床房（零壓力床墊）:HK$342', '豪華大床房（零壓力床墊）:HK$407']"
星程酒店（伊寧寧遠路中苑新城店）,9.8,"['高級雙床房:HK$774', '高級大床房:HK$795', '家庭房:HK$855', '豪華套房:HK$946']"
伊寧伊景酒店（六星街景區店）,9.3,"['樂享時光雙床房|零壓床品+中央空調+KOHLER衞浴:HK$546', '輕享時光雙床房|零壓床品+中央空調+KOHLER衞浴:HK$589', '輕享時光大床房 | 零壓床品+中央空調+KOHLER衞浴+迷你吧:HK$611', '臻享時光雙床房 | 零壓床品+中央空調+KOHLER衞浴:HK$781']"
岡仁波齊青年旅舍（六星街店）,9.0,['天上阿里帳篷房:HK$186']
民柳民宿（伊寧機場伊寧火車站店）,9.6,"['無憂·樂享標準間:HK$481', '好眠·優享親子房:HK$611', '自在·舒適三人間:HK$625', '旅途温馨·高級標間套房:HK$725']"
駢馬西行民宿（六星街景區店）,9.1,"['標準雙人房:HK$641', '舒適大床房:HK$687', '豪華大床房:HK$717']"
伊寧陳樸客棧,8.8,"['簡約標準間:HK$221', '簡約大床房:HK$221']"
伊寧舒途慢舍民宿,9.3,"['標準園景雙床房:HK$249', '標準園景大床房:HK$249', '舒適河景大床房:HK$326', '舒適園景家庭房:HK$359']"
小城外民宿,9.4,"['雅緻雙床房:HK$294', '民族風豪華木藝雙床房:HK$326', '民族風豪華木藝榻榻米家庭房:HK$350', '庭院清雅高級大床房:HK$366']"
伊寧留白村宿民宿,9.7,"['古隅‖侘寂風大床房:HK$437', '風華‖南洋風雙床大床房:HK$467', '精品南洋綠影雙大床房:HK$467', '靜謐‖南洋風雙床大床房:HK$467']"
美伊天酒店（伊寧萬容廣場店）,9.5,"['惠｜選雙床房（全屋智能+新風+超大美容鏡+中央空調）:HK$546', '惠｜選大床房（全屋智能+新風+超大美容鏡+中央空調）:HK$558', '甄選大床房（全屋智能+新風+超大美容鏡+中央空調）:HK$606', '臻品大床房（全屋智能+新風+超大美容鏡+中央空調）:HK$618']"
伊寧市行政服務中心亞朵酒店,9.7,"['雅緻房大床房（全屋智能+投屏）:HK$897', '高級大床房（全屋智能+投屏）:HK$934', '幾木大床房（深睡RPO+全屋智能+迷你冰箱+投屏）:HK$1,006', '高級雙床房（全屋智能+投屏）:HK$1,069', '幾木套房（深睡RPO+全屋智能+迷你冰箱+投屏）:HK$1,069']"
霍城晴木民宿,9.8,"['鄉村•拾光花田庭院露台浪漫大床房:HK$444', '鄉村•繁星花田庭院露台浪漫大床房:HK$444', '鄉村•覓友花田庭院露台雙床房:HK$444', '鄉村•沐光花田雲杉實木温馨親子房:HK$579']"
如家商旅酒店（伊寧機場溫州國際城店）,9.3,"['大床房:HK$382', '商務大床房:HK$428', '雙床房:HK$446', '家庭房:HK$484']"
全季酒店（伊寧福州路林則徐紀念館店）,9.6,"['大床房【小冰箱+電視投屏+拾趣茶具】:HK$571', '高級雙床房【小冰箱+電視投屏+拾趣茶具】:HK$591', '高級大床房【小冰箱+電視投屏+拾趣茶具】:HK$591', '商務大床房【小冰箱+電視投屏+拾趣茶具】:HK$631']"
可克達拉賓館（朱雀湖公園店）,9.9,"['1號樓悦心| 温馨雙床房-快樂安睡:HK$617', '2號樓悦心|温馨雙床房-快樂安睡:HK$617', '3號樓悦心| 温馨雙床房-快樂安睡:HK$617', '1號樓悦心|温馨大床房-快樂安睡:HK$669', '1號樓浴享時光| 時尚雙床房-輕鬆好眠:HK$669']"
伊寧市隱舍民宿,9.7,"['標準大床房:HK$228', '標準雙人間:HK$236', '三人間:HK$315', '親子三人房:HK$315']"
派酒店（伊寧解放路六星街店）,8.7,"['惠選大床房:HK$246', '惠選雙床間（無窗）:HK$262', '商務大床房:HK$296', '商務雙床房:HK$314']"
棲雲館民宿（六星街店）,9.7,"['舒適大床房:HK$339', '豪華大床房:HK$361', '標間:HK$382']"
喜相逢民宿（伊寧機場火車站店）,9.2,"['大床房:HK$300', '投影大床房:HK$300', '親子套房:HK$380', '投影親子房:HK$380']"
漢庭酒店（伊寧上海路七彩城店）,9.7,"['高級大床房【金可兒床墊+電視投屏+恆温馬桶】:HK$412', '高級雙床房【金可兒床墊+電視投屏 +恆温馬桶】:HK$432', '商務大床房【金可兒床墊+電視投屏+恆温馬桶】:HK$441', '豪華大床房【金可兒床墊+電視投屏+恆温馬桶】:HK$462']"
攬星夢隅民宿,9.7,"['温馨·零壓雙床房（空間小+乾濕分離衞生間+冷暖空調）:HK$349', '西璃·異域投影大床房:HK$479', '拾光·精緻投影雙床房:HK$499', '初見·舒適投影大床房:HK$509']"
何所憶民宿（六星街店）,9.3,"['舒適大床房:HK$281', '精緻情侶房:HK$289', '温馨情侶房:HK$289', '標準雙床房:HK$297']"
派酒店（伊寧天山路機場店）,8.6,"['個性大床房:HK$209', '商務大床房:HK$229', '商務雙床房:HK$249', '精選大床房:HK$259']"
吉宜酒店（伊寧北京路店）,8.8,"['吉辰•精選大床房:HK$220', '吉辰•優選大床房:HK$317', '吉刻大床房:HK$451', '吉宜家庭房:HK$470']"
方庭大酒店,9.3,"['特價標間:HK$326', '舒適標準房:HK$327', '豪華雙床房:HK$350', '親子房:HK$404']"
