酒店名称,评分,房型价格列表
奈斯·泊雅酒店（台州椒江市府大道店）,9.7,"['清·高級雙床房「藍牙音響+乳膠記憶棉枕」:HK$352', '雅·園林複式套房「一層會客空間+智能馬桶」:HK$352', '靜·豪華雙床房「乳膠記憶棉枕+休閑辦公區」:HK$384', '舍·山景大床房「立體聲藍牙音響+休閑辦公區」:HK$384', '逸·棋牌複式套房「靜音機麻+坐卧兩用休閑區」:HK$427']"
台州府城印酒店,9.5,"['梧桐水景雙床房:HK$1,843', '城牆庭院大床房:HK$2,170', '梧桐水景豪華雙床房:HK$2,170', '香樟景觀大床房:HK$2,170', '城牆庭院豪華大床房:HK$2,389']"
雲渡裏酒店（台州椒江店）,9.6,"['雲品·園林景觀雙床房（智能客控）:HK$500', '雲享·雅緻大床房（智能客控）:HK$500', '水韻·榻榻米大床房（智能巨幕影音·智能客控·陽台）:HK$577', '雲逸·榻榻米大床房（智能客控）:HK$587', '雲逸·甄選雙床房（智能客控）:HK$587', '雲廬·臻享大床房（智能巨幕影音·智能客控·浴缸）:HK$686']"
台州陳居酒店（台州學院店）,9.6,"['舒適單人間（智能馬桶+智能窗簾）:HK$253', '豪華大床房（智能馬桶+智能窗簾+洗衣機）:HK$291', '陽台大床房（智能馬桶+室外觀景陽台+洗衣機）:HK$303', '豪華雙床房（智能馬桶+智能窗簾+會客桌）:HK$310']"
台州遠洲鳳凰山莊·貴賓樓,9.5,"['行政貴賓雙床房B幢:HK$939', '行政貴賓雙床房A幢:HK$939', '行政貴賓大床房B幢:HK$939', '行政貴賓大床房A幢:HK$939', '大嘴猴主題行政貴賓大床房:HK$1,125', '行政貴賓大使套房B幢:HK$1,703']"
君瀾·飛龍山莊,9.5,"['瀾韻雙床房:HK$662', '瀾韻大床房:HK$662', '瀾韻園景大床房:HK$716', '瀾韻庭院雙床房:HK$887', '瀾趣親子雙床房:HK$1,068', '瀾澗湖景雙床房:HK$1,068']"
台州椒江體育中心亞朵酒店,9.6,"['高級大床房（裸棉床品+慢回彈記憶枕）:HK$376', '高級雙床房（裸棉床品+慢回彈記憶枕）:HK$394', '行政雙床間（裸棉床品+手機投屏）:HK$430', '幾木雙床房（小冰箱+手機投屏+深睡RPO枕）:HK$474']"
台州半隱犀酒店（椒江市府大道市立醫院店）,9.5,"['白雲山｜田園庭景大床房（庭院植景+新風凈化器）:HK$353', '海門老街｜商旅大床房（智能潔具+影音娛樂）:HK$365', '影犀智能雙床房（全屋聲控）:HK$378', '雲西公園 ｜摩登大床房（極米投影+巨幕影音）:HK$431', '康平美食｜北歐風情大床房（智享互聯+小愛音箱）:HK$470']"
萬斯酒店（台州店）,9.6,"['高級雙床房:HK$557', '精緻大床房:HK$557', '温馨家庭房:HK$588', '豪華大床房（戴森吹風機+全智能馬桶+小度語音控制+Coffe機+冰箱）:HK$599', '舒達零壓豪華大床房:HK$642']"
台州遠洲鳳凰山莊,9.6,"['園景大床房:HK$523', '園景雙床房:HK$523', '豪華雙床房:HK$607', '豪華大床房:HK$607', '商務大床房:HK$712', '商務雙床房:HK$713']"
台州椒江希爾頓歡朋酒店,9.5,"['舒適雙床房:HK$460', '舒適大床房:HK$460', '高級雙床房:HK$508', '高級大床房:HK$516', '豪華大床房:HK$556']"
台州喜來登酒店,9.6,"['高級大床房:HK$751', '高級雙床房:HK$751', '豪華城景大床房:HK$853', '豪華城景雙床房:HK$853', '豪華江景大床房:HK$904', '豪華江景雙床房:HK$904']"
台州椒江學院路亞朵酒店,9.7,"['高級雙床房（裸棉床品+慢回彈記憶枕）:HK$403', '高級大床房（裸棉床品+慢回彈記憶枕）:HK$421', '行政大床房（裸棉床品+手機投屏+小冰箱）:HK$448', '幾木雙床房（深睡RPO枕+手機投屏+小冰箱）:HK$465', '幾木大床房（深睡RPO枕+手機投屏+小冰箱）:HK$483']"
台州晶琪麗景酒店（椒江海洋世界店）,9.3,"['高級.商旅雙床房（康乃馨布草+榻榻米）:HK$323', '輕奢.豪華大床房（超大4K超清電視+金可兒舒睡床墊）:HK$395', '輕奢.豪華雙床房（超大4K超清電視+智能客控）:HK$414', '舒適.零壓大床房（深睡零壓床墊+智能語音客控）:HK$428', '精品.浴缸大床房（全屋智能聲控+超大浴缸+智能衞浴）:HK$445']"
臨海遠洲酒店貴賓樓,9.3,"['貴賓樓行政大床房:HK$1,417', '貴賓樓尊享大床房:HK$1,526', '貴賓樓行政套房:HK$1,635', '貴賓樓尊享套房:HK$2,170', '貴賓樓行政悦享大床:HK$2,320', '貴賓樓雙卧套房:HK$2,825']"
TIDE LAB潮酒店（路橋中盛廣場店）,9.4,"['一倉｜觀影大床房「堅果投影 + 騰訊影視會員 + 小冰箱」:HK$347', '二倉｜深眠雙床房「睡眠記憶枕 + 乳膠床墊 + 親膚床品」:HK$379', '二倉｜深眠大床房「睡眠記憶枕 + 乳膠床墊 + 親膚床品」:HK$379', '三倉｜城景大床房「臨窗榻榻米 + 騰訊會員 + 睡眠床品」:HK$411', '五倉｜親子雙床房「一大一小床 + 卡通佈置 + 小童用品」:HK$422']"
謳印智尚酒店（中盛商場飛龍湖露營店）,9.6,"['ALL·IN丨輕居悦己 · [Lucky居]:HK$272', '悦己丨高級目景大床房丨城市景觀丨安睡:HK$294', '悦己丨高級目景雙床房丨城市景觀丨安睡:HK$294', '自在丨高層景觀智奢大床房丨智能客控丨記憶枕丨冰箱:HK$319']"
大陳島喔里民宿,9.6,"['1樓山景loft親子房:HK$763', '園景標準親子房:HK$1,090', '海景豪華浴缸大床房:HK$1,527', '海景榻榻米親子房:HK$1,527']"
台州中話模具主題酒店（台州西站店）,9.6,"['迷你大床房│空氣凈化│足部按摩│小冰箱:HK$237', '雅緻大床房│大空間│空氣凈化│足部按摩器:HK$277', '雅緻雙床房│大空間│空氣凈化│乾濕分離│足部按摩器:HK$289', '雅緻榻榻米大床房│小冰箱│足部按摩器:HK$302']"
奈斯·泊悅酒店（椒江濱海工業區店）,9.6,"['泊寧·舒睡零壓大床房「智能客控+手機投屏+千兆網絡」:HK$305', '泊靜.智能商務雙床房「乳膠床墊+千兆網絡+茶几休閑椅」:HK$333', '泊悠.巨幕影院大床房「110寸堅果投影儀+視頻VIP+零壓睡眠床墊」:HK$337', '泊韻.環幕影院大床房「110寸堅果投影儀+視頻VIP+零壓睡眠床墊」:HK$359', '泊悦·歡聚棋牌房「智能客控+零壓睡眠床墊+65寸液晶電視可投屏+靜音機麻」:HK$403']"
花築·台州拾光民宿（上大陳島店）,9.6,"['拾風·海景尊享大床房【180°海景·泳池景觀】:HK$860', '拾海·海景悦享雙床房【180°海景·泳池景觀】:HK$872', '拾憶·海景緻享榻榻雙床房【180°海景·泳池景觀】:HK$916', '拾間·海景樂享親子房【180°海景·泳池景觀】:HK$1,003']"
台州無問東西民宿（十里長街中盛城市廣場店）,9.7,"['且再來.院景大床房|My Side床墊|科勒衞浴:HK$297', '止水間.街景大床房|金可兒床墊|科勒衞浴|裝飾字畫:HK$368', '思無邪.街景大床房|My Side床墊|裝飾字畫|科勒衞浴|帶閣樓:HK$368', '尚可留.街景雙床房|My Side床墊|科勒衞浴|帶閣樓|裝飾字畫:HK$368']"
雲渡裏酒店（台州灣方特店）,9.6,"['雲悠雙床房:HK$359', '雲戲棋牌房:HK$359', '雲品大床房:HK$393', '雲居大床房:HK$414', '雲享雙床房:HK$425']"
台州晶琪·美侖酒店,9.4,"['高級大床房（深度睡眠+品牌床墊）:HK$370', '大床房（深度睡眠+品牌床墊）:HK$381', '高級雙床房（深度睡眠+品牌床墊）:HK$381', '商務雙床房（深度睡眠+品牌床墊）:HK$412', '商務大床房（深度睡眠+小冰箱）:HK$441']"
大陳島瀾庭民宿,9.4,"['靜庭·庭院親子房:HK$872', '庭院露台雙床房:HK$1,090', '庭院複式雙床房:HK$1,309', '庭院複式三床房:HK$1,309']"
台州臨海亞朵酒店,9.5,"['高級大床房:HK$547', '高級雙床房:HK$547', '行政大床房:HK$636', '行政雙床房:HK$636', '行政城景大床房:HK$896']"
台州黃巖亞朵酒店,9.6,"['高級大床房:HK$390', '行政大床房:HK$430', '行政雙床房:HK$430', '幾木大床房:HK$470', '幾木雙床房:HK$470']"
台州開元大酒店,9.6,"['開元雙床房:HK$393', '豪華雙床房:HK$426', '開元大床房:HK$457', '豪華大床房:HK$479', '行政雙床房:HK$489']"
台州美住酒店（椒江市府大道寶龍城店）,9.3,"['精緻特惠雙床房-智能客控:HK$347', '輕奢高級大床房-智能客控:HK$370', '輕奢高級雙床房-智能客控:HK$391', '奢選豪華舒睡大床房[睡眠床墊+智能客控]:HK$413', '奢選豪華舒睡雙床房[睡眠床墊+智能客控]:HK$413']"
大陳島海棲雲宿,9.9,"['4-湛然·海景大床房丨海景落地窗:HK$865', '7-清淺·海景大床房丨180°海景陽台:HK$951', '3-瀾息·海景大床房丨海景小露台:HK$980', '12-汐語·海景大床房丨超好視線海景浴缸丨海景陽台:HK$989']"
大陳島那海民宿,9.8,"['叁·星海高級大床房（浴缸+露台）:HK$1,205', '叁·星海高級雙床房（浴缸+露台+山景）:HK$1,205', '貳·野海豪華海景懸浮浴缸大床房（180°海景）:HK$1,484', '壹·嶼海180°海景大床房（浴缸+露台+水系景觀）:HK$1,669']"
台州方遠國際大酒店,9.6,"['豪華大床房:HK$390', '豪華雙床房:HK$390', '行政大床房:HK$500', '親子套房:HK$859']"
台州雲縵酒店（市府大道台州市立醫院店）,9.5,"['雲隱·靜謐大床房 [智能客控+康乃馨布草+智能馬桶]:HK$361', '雲隱·悦享雙床房 [智能語音客控+零壓助眠+智能馬桶]:HK$376', '雲悦·沉浸大床房 [實木傢俱+智能語音客控+智能馬桶]:HK$390', '雲悦·沉浸雙床房 [智能投屏+全屋智能+智能馬桶]:HK$419']"
SGLL零壓智能·影院設計師酒店（路橋塑料城店）,9.2,"['智能零壓體驗大床房:HK$178', '潔凈空間大床房-助眠零壓床品+辦公休閑區:HK$200', '祕境空間大床房-助眠零壓床品+智能客控+乾濕分離:HK$209', '潔凈空間雙床房-酒店公區提供洗衣機+辦公休閑區:HK$213']"
台州皇冠假日酒店,9.4,"['高級大床房:HK$538', '高級雙床房:HK$538', '豪華大床房:HK$631', '豪華雙床房:HK$631', '行政大床房:HK$762', '行政雙床房:HK$762']"
奈斯·泊漫酒店（台州國際會展中盛廣場店）,9.5,"['漫時光·宿心大床房【休閑區+乾濕分離衞浴】:HK$216', '奇妙夜主題圓床房【環抱式設計+多種主題】:HK$239', '海洋世界·親子大床房:HK$263', '航海家主題大床房【獨立辦公區+自動窗簾】:HK$274']"
台州老糧坊藝墅酒店,9.3,"['雅緻大床房（零壓床墊）:HK$241', '雅緻雙床房（零壓床墊）:HK$316', '香茗大床房:HK$330', '香茗親子房:HK$378']"
台州黃巖帕瑞思酒店,9.7,"['乾淨衞生｜簡約雙床房【4K影視+高端床品+俯瞰城景】:HK$223', '躺上就想睡的｜舒睡浴缸大床房:HK$224', '小度智能｜簡約大床房【4K影視+高品質床品+智能客控】:HK$226', '小度智能｜商務大床房【4K影視+高品質床品+智能客控】:HK$247']"
帕瑞思·摩卡酒店colorfullifehasmorethanside（椒江康平路店）,9.4,"['雅緻大床房「全屋智控+電熱毛巾架+整面飄窗+巨幕投影」:HK$223', '雅寂大床房「全屋智能+暢看巨幕投影+陽光滿屋+記憶枕」:HK$235', '寂靜大床房「城景飄窗+小度智控+私享投影+乾濕分離」:HK$256', '雲和雙床房「全屋智控+大飄窗+智能毛巾架+慢回彈床墊」:HK$256']"
沚上花辰度假村,9.9,"['聽雨:HK$1,086', '和風:HK$1,364', '綠酒:HK$1,364', '吹柳:HK$1,503']"
台州路橋亞朵酒店（十里長街店）,9.7,"['雅緻大床房（裸棉床品+慢回彈記憶枕）:HK$376', '高級大床房（裸棉床品+慢回彈記憶枕）:HK$403', '高級雙床房（裸棉床品+慢回彈記憶枕）:HK$403', '行政大床房（深睡PRO枕+手機投屏+小冰箱）:HK$430', '行政雙床房:HK$430']"
台州耀達國際酒店,9.4,"['高級大床房:HK$591', '高級雙床房:HK$617', '豪華大床房:HK$698', '行政大床房:HK$780', '尊享豪華大床房:HK$1,190', '尊享行政大床房:HK$1,551']"
全季酒店（台州路橋中盛廣場店）,9.6,"['高級大床房:HK$358', '高級雙床房:HK$358', '商務大床房:HK$387', '豪華大床房:HK$406']"
開元曼居酒店（台州市政府店）,9.3,"['曼選大床房:HK$370', '曼享雙床房:HK$403', '曼享大床房:HK$414', '曼居雙床房:HK$446', '曼居大床房:HK$457']"
十八公寓,10.0,"['Loft複式温馨投影大床房:HK$238', 'Loft複式輕奢投影大床房:HK$248', 'Loft複式淺色投影大床房:HK$250', 'Loft複式青檸投影大床房:HK$250']"
台州白天鵝酒店（國際會議中心）,9.6,"['豪華大床房:HK$708', '豪華雙床房:HK$708', '無障礙房:HK$708', '景觀大床房:HK$796', '景觀雙床房:HK$796', '高級豪華大床房:HK$883']"
台州摩天·潮酒店（黃巖九峯公園店）,9.5,"['Mini大床房｜記憶枕｜智能家居｜乾濕分區:HK$209', '智能大床房｜私享記憶枕｜躺卧長沙發｜乾濕分離:HK$228', '牧羊犬·智能雙床房｜辦公區域｜智能家居｜乾濕分區:HK$256', '哈士奇·投影大床房｜100寸超清投影｜手機無線投屏｜柔軟緞面床品:HK$267', '大白熊·投影大床房｜100寸超清投影｜手機無線投屏｜躺式沙發休閑區:HK$279']"
溫嶺雲渡裏酒店（澤國領悅廣場店）,9.6,"['渡歡*簡約雙床房:HK$403', '渡韻·精品雙床房（智能客控）:HK$414', '渡歡*簡約大床房:HK$414', '渡享-觀景大床房（智能客控+榻榻米）:HK$425', '渡心-景觀大床房（智能客控+榻榻米）:HK$425']"
全季酒店（台州椒江商業街店）,9.7,"['大床房（65寸投屏大電視+金可兒床墊+哲品茶具）:HK$308', '雙床房（65寸投屏大電視+金可兒床墊+哲品茶具）:HK$326', '高級大床房（65寸投屏大電視+金可兒床墊+哲品茶具）:HK$336']"
台州陌客酒店（台州體育中心店）,9.5,"['特價大床房:HK$313', '豪華大床房:HK$348', '豪華雙床房:HK$348', '行政大床房:HK$435', '家庭影院房:HK$522']"
