酒店名称,评分,房型价格列表
FunGee歡致酒店（合肥淮河路步行街銀泰中心店）,9.7,"['歡言大床房（55寸投屏電視+舒達零壓床墊+小冰箱）:HK$327', '歡欣雙床房（55寸投屏電視+舒達零壓床墊+小冰箱）:HK$338', '歡悦大床房（55寸投屏電視+舒達零壓床墊+小冰箱）:HK$348', '歡暢雙床房（55寸投屏電視+舒達零壓床墊+小冰箱）:HK$360', '歡喜影院榻榻米房（星空頂+100寸高清投屏投影儀+小冰箱）:HK$370']"
曙光薇酒店（合肥天鵝湖店）,9.8,"['廬居城景大床房:HK$379', '廬居城景雙床房:HK$379', '望舒天景大床房:HK$480', '望舒天景雙床房:HK$480', '顧盼心景寬卧房:HK$480']"
合肥肥東希爾頓歡朋酒店,9.6,"['舒適大床房:HK$373', '舒適雙床房:HK$373', '高級雙床房:HK$413', '高級大床房:HK$434', '豪華大床房:HK$454']"
合肥高鐵南站北廣場怡程酒店,9.8,"['智能高級大床房（雅蘭床墊+中式茶具+迷你冰箱）:HK$311', '影院高級大床房（雅蘭床墊+中式茶具+百寸影屏）:HK$335', '智能商務大床房（雅蘭床墊+中式茶具+迷你冰箱）:HK$359', '智能商務雙床房（雅蘭床墊+中式茶具+迷你冰箱）:HK$383', '智能豪華大床房（雅蘭床墊+中式茶具+迷你冰箱）:HK$407']"
合肥戴斯温德姆酒店（淮河路步行街店）,9.5,"['高級大床房:HK$354', '高級雙床房:HK$386', '豪華大床房:HK$419', '豪華雙床房:HK$453', '行政大床房:HK$520']"
92·漫步雲景酒店（合肥高鐵南站店）,9.5,"['漫語·初識大床房【全屋語音客控丨65寸投屏電視】:HK$273', '漫語·初識雙床房【全屋語音客控丨65寸投屏電視】:HK$273', '漫選·朝露大床房【超大床丨護髮高速吹風機】:HK$299', '漫選·影音雙床房【高清巨幕投影丨拍照出片】:HK$299', '漫享·私湯大床房【臨窗浴缸丨智能馬桶】:HK$320']"
合肥西站四里河希爾頓歡朋酒店,9.7,"['舒適大床房（舒達專利床墊+科勒衞浴+人體工學座椅+辦公書桌）:HK$342', '舒適雙床房（舒達專利床墊+科勒衞浴+人體工學座椅+辦公書桌）:HK$342', '高級大床房（舒達專利床墊+科勒衞浴+人體工學座椅+辦公書桌）:HK$373', '高級雙床房（舒達專利床墊+科勒衞浴+人體工學座椅+辦公書桌）:HK$373', '豪華大床房（舒達專利床墊+科勒衞浴+小冰箱+人體工學座椅+辦公書桌）:HK$403']"
HYGGE且漫酒店（合肥淮河路步行街銀泰中心店）,9.6,"['漫舞雙床房【新風系統+65寸電視投屏】:HK$285', '且歌大床房【新風系統+榻榻米+高清投影】:HK$285', '且觀大床房【榻榻米+高清投影】:HK$285', '且飲大床房【高清投影】:HK$285']"
尚品花園酒店（合肥火車站生態公園店）,9.4,"['舒適大床房 | 【乾濕分離+一次性馬桶墊】:HK$202', '舒適雙床房 | 【乾濕分離+一次性馬桶墊】:HK$202', '精選大床房 | 【舒適好眠+全景落地窗】:HK$231', '精選雙床房 | 【舒適好眠+全景落地窗】:HK$231']"
合肥肥西希爾頓花園酒店,9.3,"['高級大床房:HK$406', '豪華雙床房:HK$471', '豪華大床房:HK$471', '花園城景大床房:HK$547', '花園套房:HK$780']"
逍·ISVARA設計師酒店（淮河路步行街店）,9.3,"['標準大床房（實木設計師家居+全屋智能語音控制）:HK$308', '隱海大床房（實木設計師家居+智能語音控制+新風系統）:HK$308', '高級大床房（實木設計師家居+智能語音控制+超大采光）:HK$340', '行政雙床房（實木設計師家居+全智能語音+超大落地窗）:HK$373', '逍遙大床房（實木設計師家居+榻榻米超大落地窗+浴缸）:HK$386']"
合肥淮河路步行街泓瑞美居酒店,9.7,"['高級雙床房（小冰箱+金可兒床墊+65寸投屏電視）:HK$366', '標準大床房（小冰箱+金可兒床墊+65寸投屏電視）:HK$385', '高級大床房（小冰箱+金可兒床墊+65寸投屏電視）:HK$404', '豪華雙床房（小冰箱+金可兒床墊+65寸投屏電視）:HK$404', '豪華大床房（小冰箱+金可兒床墊+65寸投屏電視）:HK$434']"
曼居酒店（合肥濱湖方圓薈店）,10.0,"['曼享高級大床房（智能客控+電視投屏+喜臨門床墊）:HK$326', '曼享豪華大床房（智能客控+電視投屏+喜臨門床墊）:HK$370', '曼享豪華雙床房（智能客控+電視投屏+喜臨門床墊）:HK$402', '曼享行政大床房（智能客控+中式茶具+全景落地窗）:HK$470', '曼享行政雙床房（智能客控+中式茶具+全景落地窗）:HK$470']"
合肥高鐵西站東廣場華爾頓酒店,9.5,"['精緻大床房:HK$435', '雅緻大床房:HK$446', '麗致大床房:HK$457', '精緻雙床房:HK$468', '雅緻雙床房:HK$479']"
合肥高新區創新產業園頤朵酒店,9.6,"['商務大床房:HK$272', '雅緻大床房:HK$316', '高級雙床房:HK$338', '高級大床房:HK$360', '行政雙床房:HK$370']"
合肥黃山大廈城市酒店（步行街店）,9.5,"['榻榻米房:HK$239', '舒適雙床房:HK$282', '舒適大床房:HK$317', '菁致雙床房:HK$347', '精選雙床房:HK$359']"
合肥及早酒店,9.7,"['不一樣的複式大床房:HK$305', '現在好了-舒適特色雙床房【馬歇爾音響+戴森吹風機+金可兒床墊+可投屏】:HK$360', '捕捉24小時-LOFT複式特色大床房【馬歇爾音響+戴森吹風機+金可兒床墊】:HK$360', '舒適大床房-行吟時刻【馬歇爾音響戴森吹風機+可投屏】:HK$371', '慵懶愜意大床房 【馬歇爾音響+戴森吹風機】:HK$386']"
巢湖國際飯店,9.5,"['高級雙床房:HK$436', '高級大床房:HK$491', '家庭大床房:HK$545', '豪華雙床房:HK$578', '豪華大床房:HK$578']"
合肥香格里拉大酒店,9.6,"['都市城景豪華大床房:HK$639', '都市城景豪華雙床房:HK$639', '都市城景尊榮大床房:HK$780', '雲端豪華閣豪華大床房:HK$874', '雲端豪華閣豪華雙床房:HK$874', '雲端豪華閣尊榮大床房:HK$1,109']"
合肥明珠廣場歐風街希岸Deluxe酒店,9.7,"['高級大床房（全屋智能+小冰箱+落地窗+浪漫花牆）:HK$270', '高級雙床房（全屋智能+小冰箱+落地窗+浪漫花牆）:HK$270', '影音大床房（全屋智能+小冰箱+巨幕投影+浪漫花牆）:HK$297', '商務大床房（全屋智能+小冰箱+落地窗+浪漫花牆）:HK$314']"
合肥淮河路步行街市府廣場亞朵酒店,9.8,"['行政大床房-智能客控-65寸可投屏電視:HK$412', '行政雙床房-智能客控-65寸可投屏電視:HK$412', '幾木大床房-智能客控-65寸可投屏電視-深睡PRO記憶枕:HK$439', '幾木雙床房-智能客控-65寸可投屏電視-深睡PRO記憶枕:HK$439', '幾木套房-智能客控-65寸可投屏電視-深睡PRO記憶枕:HK$718']"
麗斯未來酒店（政務區天鵝湖萬達店）,9.7,"['晴光 | 舒適大床房 | 巨幕觀影+全屋智能+零壓床墊:HK$266', '麥田 | 精選榻榻米房 | 巨幕觀影+全屋智能+零壓床墊:HK$273', '藝林 | 精選雙床房 | 巨幕觀影+全屋智能+零壓床墊:HK$298', '紅柚 | 甄選大床房 | 巨幕觀影+全屋智能+零壓床墊:HK$315']"
合肥經開區希爾頓歡朋酒店,9.5,"['舒適大床房:HK$402', '舒適雙床房:HK$413', '高級大床房:HK$435', '高級雙床房:HK$437', '親子房:HK$454']"
合肥中科大港航美侖酒店,9.5,"['高級大床房:HK$372', '高級雙床房:HK$372', '商務雙床房:HK$402', '豪華雙床房:HK$422', '豪華大床房:HK$422']"
建國·璞隱酒店（合肥南站駱崗中央公園店）,9.6,"['幽篁居雙床房（小冰箱+電視投屏+零壓床品）:HK$384', '詠蘭居大床房（小冰箱+園林景色+零壓床品）:HK$393', '暗香居大床房（小冰箱+電視投屏+零壓床品）:HK$409', '清蓮居親子房（小冰箱+電視投屏+零壓床品）:HK$436', '清蓮居套房（小冰箱+智能客控+零壓床品）:HK$593']"
安徽民航君瀾大飯店,9.7,"['高級大床房:HK$387', '高級雙床房:HK$387', '豪華君瀾大床房:HK$454', '行政大床房:HK$487', '豪華套房:HK$763', '行政套房:HK$763']"
合肥樂富強鉑悦酒店,9.7,"['豪華雙床房:HK$479', '豪華大床房:HK$511', '豪華精選雙床房:HK$533', '豪華精選大床房:HK$555', '行政大床房:HK$686', '星際漫遊親子主題房:HK$686']"
海貝聯盟酒店（合肥南站貢街店）,9.6,"['智選商務大床房:HK$274', '智選商務雙床房:HK$276', '臻選投影大床房:HK$292', '臻選投影雙床房:HK$292']"
合肥古井假日酒店,9.4,"['商務大床房:HK$319', '高級大床房:HK$328', '高級雙床房:HK$328', '豪華房:HK$371', '豪華房-大床:HK$384', '豪華房-雙床:HK$384']"
合肥銀泰君亭酒店（步行街店）,9.3,"['城景雙床房:HK$383', '城景大床房:HK$430', '豪華大床房:HK$462', '豪華雙床房:HK$475', '雙拼超寬大床房:HK$494', '全景浴缸概念房:HK$561']"
合肥肥東高鐵站亞朵酒店,9.5,"['高級大床房:HK$305', '行政大床房:HK$323', '行政雙床房:HK$323', '行政城景大床房:HK$332', '行政城景雙床房:HK$332']"
巢湖碧桂園鳳悦鳳凰酒店,9.5,"['商務園景雙床房:HK$372', '商務園景大床房:HK$372', '豪華湖景雙床房:HK$458', '親子園景大床房:HK$468', '園景寵物友好雙床房:HK$473', '親子園景雙床房:HK$501']"
合肥明珠廣場桔子水晶酒店,9.8,"['商務雙床房（Sealy床墊+藍牙音響+徠芬吹風機+新風）:HK$412', '商務大床房（Sealy床墊+藍牙音響+徠芬吹風機+新風）:HK$412', '豪華雙床房（Sealy床墊+藍牙音響+徠芬吹風機+新風）:HK$442', '豪華大床房（Sealy床墊+藍牙音響+徠芬吹風機+新風）:HK$442', '行政大床房（Sealy床墊+藍牙音響+徠芬吹風機+新風）:HK$472']"
麥庭鉑金酒店（合肥工業大學屯溪路校區大鐘樓店）,9.5,"['輕奢舒適大床房·乳膠床墊|乳膠枕頭:HK$210', '輕奢舒適雙床房·乳膠床墊丨乳膠枕頭:HK$210', '輕奢高級大床房·高速吹風機|商務卡座:HK$226', '輕奢高級雙床房·高速吹風機丨商務卡座:HK$226']"
合肥栢景藝術酒店（安徽廣播電視台博物館店）,9.6,"['雅緻大床房:HK$414', '雅緻雙床房:HK$414', '商務大床房:HK$432', '商務雙床房:HK$432']"
合肥高新區希爾頓歡朋酒店,9.6,"['高級雙床房:HK$350', '舒適大床房:HK$370', '舒適雙床房:HK$370', '高級大床房:HK$399', '豪華大床房:HK$428']"
伯爵世家酒店（濱湖會展中心店）,9.6,"['精選大床房（助眠床墊+花園城景）:HK$250', '高級雙床房（助眠床墊+開放衣櫃）:HK$259', '高級大床房（助眠床墊+開放衣櫃）:HK$280', '豪華大床房（助眠床墊+花園城景）:HK$294']"
合肥泓際酒店（肥東撮街店）,9.6,"['智能雅緻大床房:HK$275', '智能雅緻雙床房:HK$275', '智能麗景雙床房:HK$294', '智能麗景大床房:HK$294']"
合肥瑤海富茂大飯店,9.7,"['舒享雙床房+mini洗烘一體機+浴缸:HK$427', '舒享大床房+mini洗烘一體機+浴缸+護頸記憶枕:HK$474', '悦享雙床房+西門子洗烘一體機+浴缸:HK$485', '悦享大床房+西門子洗烘一體機+浴缸+護頸記憶枕:HK$521', '尊享大床房+西門子洗烘一體機+浴缸:HK$545', '舒享套房+西門子洗烘一體機+浴缸:HK$590']"
合肥雲縵藝術酒店（天鵝湖奧體中心店）,9.7,"['觀景大床房:HK$509', '尊享大床房:HK$542', '豪華雙床房:HK$575']"
合肥濱湖富茂大飯店,9.8,"['靜享大床房（新風系統+高美洗護用品+超大浴缸）:HK$391', '舒享雙床房（獨立洗烘一體機+高美洗護用品+超大浴缸）:HK$447', '悦享雙床房（洗烘一體機+超大浴缸+金可兒護脊深睡床墊）:HK$485', '舒享大床房 （獨立洗烘一體機+智能馬桶+超大浴缸）:HK$497', '樂享雙床房（深睡記憶枕+護脊深睡床墊+高美洗護用品）:HK$522', '悦享大床房（獨立洗烘一體機+金可兒護脊深睡床墊）:HK$534']"
合肥中央公園上海路桔子水晶酒店,9.8,"['大床房:HK$372', '商務雙床房（小冰箱+65寸投屏電視+Sealy床墊）:HK$391', '高級大床房:HK$391', '商務大床房（小冰箱+65寸投屏電視+Sealy床墊）:HK$422', '豪華雙床房（小冰箱+65寸投屏電視+Sealy床墊）:HK$442']"
全季酒店（合肥淮河路步行街店）,9.5,"['高級大床房:HK$388', '商務大床房:HK$398', '雙床房:HK$398', '商務雙床房:HK$408']"
全季酒店（合肥1912酒吧街店）,9.6,"['雙床房:HK$413', '高級大床房:HK$423', '商務大床房:HK$433']"
合肥南站君亭酒店,9.7,"['高級雙床房（金可兒床墊+記憶枕+電視投屏）:HK$358', '高級大床房（金可兒床墊+記憶枕+電視投屏+榻榻米沙發）:HK$380', '豪華雙床房（金可兒床墊+記憶枕+電視投屏）:HK$391', '豪華大床房（金可兒床墊+記憶枕+電視投屏+榻榻米沙發）:HK$412', '180°全景浴缸概念大床房（金可兒床墊+記憶枕+電視投屏）:HK$435']"
合肥市府廣場美居酒店,9.8,"['高級房-大床（小冰箱+65寸投屏電視+金可兒床墊）:HK$438', '高級房-雙床（小冰箱+65寸投屏電視+金可兒床墊）:HK$438', '豪華房-大床（小冰箱+65寸投屏電視+金可兒床墊）:HK$467', '豪華房-雙床（小冰箱+65寸投屏電視+金可兒床墊）:HK$467', '嘉賓房-大床（小冰箱+65寸投屏電視+金可兒床墊）:HK$516']"
合肥高新區希爾頓花園酒店,9.5,"['花園大床房:HK$466', '花園雙床房:HK$466', '花園無障礙房:HK$466', '花園高級大床房:HK$509', '花園高級雙床房:HK$509']"
合肥蒂斯藍頓國際酒店,9.7,"['特惠大床房:HK$217', '高級大床房【無窗】:HK$263', '豪華大床房:HK$273', '高級複式雙床房【無窗】:HK$329', '至尊大床房:HK$329']"
合肥濱湖融創樂園沈灣地鐵站亞朵酒店,9.6,"['雅緻大床房（可投屏）:HK$319', '高級大床房（可投屏）:HK$323', '高級雙床房（可投屏）:HK$323', '行政大床房（可投屏）:HK$350', '行政雙床房（可投屏）:HK$350']"
合肥明珠瑞士酒店,9.6,"['城景豪華特大床房:HK$477', '城景豪華雙床房:HK$477', '瑞士精選特大床房:HK$561', '瑞士行政特大床套房:HK$645', '瑞士精選親子特大床房:HK$832', '豪華套房:HK$1,264']"
