酒店名称,评分,房型价格列表
吉安井岡大業酒店,9.2,"['經濟温馨房:HK$218', '商務雙床房:HK$262', '商務大床房:HK$272', '豪華雙床房:HK$272', '影院大床房:HK$272']"
吉安廬陵東方賓館,9.5,"['豪華雙床房:HK$411', '豪華大床房:HK$411', '夢百合0壓大床房（帶0壓床墊+0壓記憶枕）:HK$472', '豪華親子大小床房:HK$817', '商務大床套房:HK$860']"
吉安米歐國際酒店（高鐵西站店）,9.2,"['惠享·高級雙床房:HK$230', '惠享·高級大床房:HK$234', '悦享·舒適大床房:HK$253', '悦享·棋牌大床房:HK$254', '臻選·商務雙床房:HK$290']"
吉安東悦天懿酒店,9.7,"['高級園景雙床房:HK$515', '豪華湖景大床房:HK$515', '高級湖景大床房:HK$515', '豪華園景大床房:HK$522', '商務智能園景大床房:HK$569', '商務智能園景雙床房:HK$569']"
吉安文山國際大酒店,9.3,"['特價標準大床房:HK$215', '豪華大床房:HK$288', '豪華雙床房:HK$288', '標準雙床房:HK$302', '標準大床房:HK$302']"
希岸酒店（吉安市政府店）,9.4,"['玲瓏大床房:HK$208', '希岸大床房:HK$216', '希岸景觀雙床房:HK$255', '希岸景觀大床房:HK$255']"
雲天麓谷結廬半間民宿,9.7,"['漁翁（温馨古建雙床+舒適床品）:HK$719', '樵客古建院景房（温馨大床+超大浴缸+舒服床品）:HK$850', '芝蘭友:HK$981', '銜風谷:HK$981', '一枝客:HK$981', '藏秋月:HK$1,199']"
東昇美濠酒店（吉安人民廣場能仁巷店）,9.3,"['舒適大床房:HK$170', '優選大床房（品牌床墊舒適睡眠）:HK$184', '高級雙床房（品牌床墊舒適睡眠）:HK$191', '高級大床房（品牌床墊舒適睡眠）:HK$205']"
萬博洲際酒店（吉安火車站店）,9.0,"['情侶主題房:HK$143', '高級雙床房:HK$150', '高級大床房:HK$157', '家庭套房:HK$159']"
天町未來酒店（吉安人民廣場店）,9.3,"['靜謐雙床房（全智能客控＋空氣凈化＋65寸超大屏電視）:HK$251', '靜謐大床房（新風凈化全智能＋舒適睡眠＋65寸超大電視）:HK$251', 'V豪華大床房（全智能客控＋舒適睡眠＋65寸超大電視）:HK$328', 'V豪華雙床房（全智能客控）（深睡眠）:HK$328', 'V豪華棋牌房（千兆網絡＋超大麻將＋全智能客控）:HK$360']"
維也納酒店（吉安火車站店）,9.7,"['標準大床房:HK$150', '商務大床房:HK$174', '高級大床房:HK$181', '豪華雙床房:HK$189']"
吉安港儷智選酒店（城南行政中心店）,9.8,"['智選大床房:HK$235', '智選雙床房:HK$235', '零壓大床房:HK$276', '智選棋牌房:HK$276']"
桔子酒店（吉安人民廣場店）,9.7,"['加州陽光豪華大床房:HK$301', '加州陽光商務雙床房:HK$301', '加州陽光商務大床房:HK$321', '加州陽光豪華家庭房:HK$402']"
美麗豪酒店（吉安人民廣場店）,9.4,"['優享影院大床房（巨幕私享+沉浸觀影）:HK$226', '麗豪大床房（智能客控+零壓床墊）:HK$238', '優享雙床房（零壓床墊+高速WiFi）:HK$238', '麗豪雙床房（商務辦公+零壓床墊）:HK$257']"
濠江悦品連鎖酒店（吉安市政府店）,9.5,"['悦享豪華大床房（全景落地窗&沙發大茶几）:HK$272', '悦享豪華雙床房（全景落地窗&沙發大茶几）:HK$272', '舒享高級大床房（獨立烘衣機&舒適辦公）:HK$294', '舒享高級雙床房（獨立烘衣機&舒適辦公）:HK$294']"
全季酒店（吉安吉州大道店）,9.6,"['商務大床房:HK$292', '豪華大床房:HK$321', '商務雙床房:HK$349', '豪華家庭房:HK$378']"
萬庭酒店（濱江生態公園吉安火車站店）,9.3,"['特惠大床房（智能客控）:HK$201', '優選雙床房（智能客控）:HK$213', '江景雅緻大床房（智能客控）:HK$238', '豪華雙床房（智能客控）:HK$258', '江景豪華大床房（智能客控）:HK$262']"
吉安華僑國際酒店,8.5,"['標準大床房（附樓）:HK$146', '愛尚主題房b（附樓）:HK$197', '愛尚主題房a（附樓）:HK$197', '棋牌套房（附樓）:HK$235']"
錦江都城酒店（吉安人民廣場店）,9.4,"['時尚大床房:HK$207', '風雅雙床房:HK$228', '風雅大床房:HK$228', '安舒大床房（夢百合零壓床）:HK$255']"
米西賓館（吉安文山步行街店）,9.0,"['特價大床房:HK$114', '特價雙床房:HK$114', '大床房:HK$136', '商務雙床房:HK$136']"
吉安海倫酒店,10.0,"['豪華大床房:HK$174', '商務大床房:HK$209', '公寓大床房:HK$226']"
吉安百納酒店（火車站青原思源學校店）,9.3,"['祥迷藍享商務大床房:HK$183', '百享悦動商務雙床房:HK$205', '銘動樂享豪華大床房:HK$205', '納情智享豪華雙床房（智能客控）:HK$227']"
吉安迪威樂國際酒店（吉安火車站店）,8.4,"['高級大床房:HK$154', '高級雙床房:HK$154', '豪華大床房:HK$154', '豪華雙床房:HK$154']"
吉安米中酒店（吉安火車站店）,9.4,"['商務雙床房（智能客控）:HK$181', '商務大床房（智能客控）:HK$181', '棋牌大床房:HK$293']"
希岸酒店（吉安人民廣場文山步行街店）,9.4,"['希岸雅緻房:HK$188', '高級零壓雙床房:HK$203', '希岸豪華大床房:HK$213', '商務雙床房（助眠零壓房）:HK$221']"
漢庭酒店（吉安白鷺洲書院店）,9.7,"['豪華大床房:HK$207', '高級大床房:HK$224', '豪華雙床房:HK$234', '套房:HK$283']"
吉安海聯國際飯店,8.8,"['高級大床房:HK$182', '國際樓·豪華標準間:HK$291', '國際樓·豪華大床房:HK$291', '國際樓·豪華雙開套房:HK$747', '國際樓·豪華三開套房:HK$1,013']"
雅朵美濠酒店（吉安市政府店）,9.5,"['優享大床房（喜臨門床墊+智能客控）:HK$207', '靜眠高級大床房（喜臨門床墊+環保馬桶墊）:HK$222', '靜眠高級雙床房（喜臨門零壓床墊+全景落地窗）:HK$231', '零壓靜眠大床房（零壓床墊+零壓記憶枕）:HK$240']"
吉安迪曼假日酒店（火車站店）,8.4,"['曼語舒睡大床房（小度智能語音）:HK$134', '曼樂丨輕語雙床房（小度智能語音）:HK$146', '曼密輕語大床房（語音智能）:HK$153', '曼享時光雙床房（小度智能人性化客控語音）:HK$163']"
芒果酒店（吉安火車站井岡山大學店）,9.9,"['特價豪華三床房:HK$140', '親子大床房:HK$171', '雅逸大床房:HK$171', '雅居·芒果三床房:HK$182']"
吉安格蘭雲天國際酒店,9.6,"['標準大床房:HK$425', '高級雙床房:HK$447', '高級大床房:HK$453', '商務大床房:HK$481', '豪華大床房:HK$508', '豪華雙床房:HK$508']"
昌泰國際酒店（吉安八中韶山路校區吉州大道店）,8.6,"['特惠標間:HK$216', '特惠單間:HK$216', '商務休閑標間:HK$233', '商務休閑單間:HK$233', '豪華標間:HK$254']"
五月花酒店（吉安火車站濱江生態公園店）,9.4,"['城景·舒適雙床房『零壓床墊+原木沙發椅+寬敞明亮』:HK$152', '好眠·靜謐雙床房『超大落地窗+零壓床墊+原木沙發椅』:HK$165', '好眠·靜謐特大床房『大落地窗+零壓床墊+原木沙發椅』:HK$177', '270°城景浴缸房『全景落地窗+化粧鏡+超寬敞雙人浴缸』:HK$190']"
吉安釣源十里芳菲村落,9.8,"['芳扉巷道陽光雙床房:HK$1,297', '芳扉特色大床房:HK$1,297', '芳扉特色雙床房:HK$1,297', '芳扉暖居庭院雙床房:HK$1,515', '芳扉私享園景大床房:HK$1,733', '芳扉暖居兩房別院:HK$2,388']"
吉安愷蒂國際大酒店,9.0,"['智能豪華雙床房:HK$349', '智能豪華大床房:HK$354', '夢百合零壓大床房（帶0壓床墊+記憶枕）:HK$388', '智能行政大床房:HK$398', '智能休閑麻將雙床房:HK$398', '親子標準間:HK$453']"
維也納酒店（吉安吉州區城北店）,9.6,"['標準大床房:HK$233', '高級大床房:HK$265', '豪華雙床房:HK$265', '棋牌大床房:HK$275']"
吉安•IU漫旅｜Design•YourLifeStyles酒店（能仁巷文山步行街店）,9.0,"['悦享·商務大床房（甄選品牌舒眠深睡床墊+80s一級潔凈輕膚布草+便捷晾衣桿）:HK$85', '助眠·IU零壓大床房（商務辦公桌+全身鏡+便捷晾衣桿）:HK$96', 'IU零壓優選大床房（42寸大電視+商務辦公桌+浴室化粧鏡+全身鏡+乾濕分離）:HK$115', '輕奢·臻選雙床房（42寸大電視+商務辦公桌+乾濕分離+獨立晾衣桿+酒店公區提供洗衣機）:HK$129']"
廬陵印象酒店（吉安文山步行街店）,8.9,"['悦享特惠大床房【60S親膚床品+瓶裝水+公區洗衣機】:HK$133', '樂享清新大床房【大電視+一次性毛巾拖鞋+瓶裝水】:HK$161', '臻享商務大床房【超大辦公桌+大水量花灑】:HK$168', '樂享舒適雙床房【休閑沙發+大水量洗浴+寬大辦公桌】:HK$182']"
吉安金鑼灣大酒店,8.3,"['特惠標準雙床房:HK$153', '特色大床房:HK$189', '温馨特色情侶房:HK$212', '豪華標準房:HK$212']"
吉安仁達文化酒店（吉安火車站店）,9.1,"['特惠商務大床房:HK$173', '景觀大床房:HK$208', '景觀雙床房:HK$211', '江景雙床房:HK$226']"
吉安市凱美龍酒店（天虹購物廣場文山步行街店）,9.2,"['吉州-温馨時尚大床房（智能電視可投屏+酒店公區提供自助洗衣機+零壓床墊+休閑桌椅+變頻空調+化粧鏡）:HK$141', '舒適浪漫情侶房（簡約時尚+電視可投屏+化粧鏡）:HK$147', '精緻豪華大床房（平躺沙發+零壓床墊+休閑桌椅+化粧鏡）:HK$147', '輕奢優選雙床房（零壓床墊+休閑桌椅+兩張大床+化粧鏡）:HK$167']"
吉安又壹橙民宿,9.3,"['Me戀清新大床房:HK$152', '綠野星空大床房:HK$160', 'Happy橙影院大床房:HK$176', '清橙影院大床房:HK$176']"
舊雨新知民宿（吉安釣源古村店）,9.8,"['普通標準間:HK$438', '清幽雅苑雙床房:HK$528', '庭院標準間:HK$528', '靜雅雙床房:HK$528']"
吉安開通商務賓館,9.0,"['精選大床房:HK$121', '精選雙床房:HK$128', '尊享大床房:HK$131', '尊享雙床房:HK$140']"
吉安戀上影院民宿,9.3,"['靜謐温馨大床房:HK$124', '小清新情侶大床房:HK$133', '粉色回憶影院大床房:HK$154']"
IU酒店（吉安井岡山大學火車站店）,9.1,"['小U精緻大床房:HK$129', '小U舒適雙床房:HK$138', '小U舒適大床房:HK$148', '小U觀影大床房:HK$157']"
城市便捷酒店（吉安火車站井岡山大學店）,9.5,"['標準大床房:HK$194', '商務大床房:HK$213', '商務雙床間:HK$213', '山景大床房:HK$231']"
卓悦影院民宿（廬陵文化生態園店）,9.4,"['心想事橙大床房:HK$104', '詼諧創意大床房:HK$116']"
漢庭酒店（吉安井岡山大道店）,9.6,"['大床房:HK$168', '雙床房:HK$187', '高級大床房:HK$196']"
廬陵印象酒店（儒林裏能仁巷店）,8.6,"['悦享精品大床房【一次性毛巾拖鞋+瓶裝水+公區洗衣機】:HK$124', '樂享清新大床房【一次性毛巾拖鞋+瓶裝水+大辦公桌】:HK$158', '臻享商務大床房【乾濕分區+一次性毛巾+60S親膚床品】:HK$165', '聲光祕境影院房【海量影視資源+超大屏幕+樂播投屏】:HK$168']"
