酒店名称,评分,房型价格列表
萬博洲際酒店（吉安火車站店）,9.1,"['情侶主題房:HK$143', '高級雙床房:HK$150', '高級大床房:HK$157', '家庭套房:HK$159']"
天町未來酒店（吉安人民廣場店）,9.3,"['靜謐雙床房（全智能客控＋空氣凈化＋65寸超大屏電視）:HK$251', '靜謐大床房（新風凈化全智能＋舒適睡眠＋65寸超大電視）:HK$251', 'V豪華大床房（全智能客控＋舒適睡眠＋65寸超大電視）:HK$328', 'V豪華雙床房（全智能客控）（深睡眠）:HK$328', 'V豪華棋牌房（千兆網絡＋超大麻將＋全智能客控）:HK$361']"
全季酒店（吉安吉州大道店）,9.6,"['商務大床房:HK$290', '豪華大床房:HK$318', '商務雙床房:HK$346', '豪華家庭房:HK$374']"
吉安廬陵東方賓館,9.5,"['豪華雙床房:HK$412', '豪華大床房:HK$412', '夢百合0壓大床房（帶0壓床墊+0壓記憶枕）:HK$473', '豪華親子大小床房:HK$817', '商務大床套房:HK$861']"
萬庭酒店（濱江生態公園吉安火車站店）,9.3,"['特惠大床房（智能客控）:HK$201', '優選雙床房（智能客控）:HK$214', '江景雅緻大床房（智能客控）:HK$238', '江景豪華大床房（智能客控）:HK$263', '豪華雙床房（智能客控）:HK$263']"
吉安文山國際大酒店,9.3,"['特價標準大床房:HK$216', '標準雙床房:HK$302', '標準大床房:HK$302', '豪華大床房:HK$304', '豪華雙床房:HK$304']"
吉安希爾頓歡朋酒店,9.2,"['舒適雙床房:HK$358', '舒適大床房:HK$378', '豪華雙床房:HK$392', '高級大床房:HK$423', '豪華大床房:HK$450']"
吉安百納酒店（火車站青原思源學校店）,9.3,"['祥迷藍享商務大床房:HK$155', '銘動樂享豪華大床房:HK$195', '百享悦動商務雙床房:HK$205', '納情智享豪華雙床房（智能客控）:HK$216']"
希岸酒店（吉安人民廣場文山步行街店）,9.4,"['希岸雅緻房:HK$188', '高級大床房:HK$203', '高級零壓雙床房:HK$203', '希岸豪華大床房:HK$212']"
東昇美濠酒店（吉安人民廣場能仁巷店）,9.3,"['舒適大床房:HK$170', '優選大床房（品牌床墊舒適睡眠）:HK$184', '高級雙床房（品牌床墊舒適睡眠）:HK$191', '高級大床房（品牌床墊舒適睡眠）:HK$205']"
維也納酒店（吉安火車站店）,9.7,"['標準大床房:HK$150', '商務大床房:HK$174', '高級大床房:HK$181', '豪華雙床房:HK$189']"
芒果酒店（吉安火車站井岡山大學店）,9.9,"['特價豪華三床房:HK$148', '親子大床房:HK$176', '雅逸大床房:HK$176', '雅居·芒果三床房:HK$189']"
桔子酒店（吉安人民廣場店）,9.7,"['加州陽光豪華大床房:HK$311', '加州陽光商務雙床房:HK$311', '加州陽光商務大床房:HK$331', '加州陽光豪華家庭房:HK$412']"
濠江悦品連鎖酒店（吉安市政府店）,9.5,"['悦享豪華大床房（全景落地窗&沙發大茶几）:HK$272', '悦享豪華雙床房（全景落地窗&沙發大茶几）:HK$272', '舒享高級大床房（獨立烘衣機&舒適辦公）:HK$294', '舒享高級雙床房（獨立烘衣機&舒適辦公）:HK$294']"
吉安格蘭雲天國際酒店,9.6,"['標準大床房:HK$425', '高級雙床房:HK$448', '高級大床房:HK$453', '商務大床房:HK$481', '豪華大床房:HK$509', '豪華雙床房:HK$509']"
吉安賓館,9.2,"['商務標間:HK$372', '夢百合0壓商務標間（帶0壓床墊+0壓記憶枕）:HK$408', '豪華標間:HK$410', '豪華單間:HK$410', '高級行政標間:HK$435']"
希岸酒店（吉安市政府店）,9.4,"['玲瓏大床房:HK$208', '希岸景觀雙床房:HK$255', '希岸景觀大床房:HK$255', '希岸商務雙床房（帶麻將機）:HK$271']"
錦江都城酒店（吉安人民廣場店）,9.4,"['時尚大床房:HK$213', '風雅雙床房:HK$234', '風雅大床房:HK$234', '安舒大床房（夢百合零壓床）:HK$262']"
吉安迪曼假日酒店（火車站店）,8.4,"['曼語舒睡大床房（小度智能語音）:HK$134', '曼樂丨輕語雙床房（小度智能語音）:HK$147', '曼密輕語大床房（語音智能）:HK$153', '曼享時光雙床房（小度智能人性化客控語音）:HK$163']"
舊雨新知民宿（吉安釣源古村店）,9.8,"['普通標準間:HK$505', '清幽雅苑雙床房:HK$597', '庭院標準間:HK$597', '靜雅雙床房:HK$597']"
吉安港儷智選酒店（城南行政中心店）,9.8,"['智選大床房:HK$236', '智選雙床房:HK$236', '零壓大床房:HK$276', '智選棋牌房:HK$276']"
美麗豪酒店（吉安人民廣場店）,9.4,"['優享影院大床房（巨幕私享+沉浸觀影）:HK$226', '麗豪大床房（智能客控+零壓床墊）:HK$238', '優享雙床房（零壓床墊+高速WiFi）:HK$238', '麗豪雙床房（商務辦公+零壓床墊）:HK$257']"
吉安米中酒店（吉安火車站店）,9.4,"['商務雙床房（智能客控）:HK$181', '商務大床房（智能客控）:HK$181', '棋牌大床房:HK$293', '百年好合婚房:HK$498']"
吉安釣源十里芳菲村落,9.8,"['芳扉巷道陽光雙床房:HK$1,517', '芳扉特色大床房:HK$1,517', '芳扉特色雙床房:HK$1,517', '芳扉暖居庭院雙床房:HK$1,735', '芳扉私享園景大床房:HK$2,063', '芳扉名門雅緻套房:HK$3,156']"
吉安東悦天懿酒店,9.7,"['高級園景雙床房:HK$516', '豪華湖景大床房:HK$516', '高級湖景大床房:HK$516', '豪華園景大床房:HK$522', '商務智能園景大床房:HK$569', '商務智能園景雙床房:HK$569']"
吉安海聯國際飯店,8.8,"['高級大床房:HK$214', '國際樓·豪華標準間:HK$292', '國際樓·豪華大床房:HK$292', '國際樓·豪華雙開套房:HK$748', '國際樓·豪華三開套房:HK$1,014']"
雅朵美濠酒店（吉安市政府店）,9.5,"['優享大床房（喜臨門床墊+智能客控）:HK$208', '靜眠高級大床房（喜臨門床墊+環保馬桶墊）:HK$222', '靜眠高級雙床房（喜臨門零壓床墊+全景落地窗）:HK$231', '零壓靜眠大床房（零壓床墊+零壓記憶枕）:HK$240']"
昌泰國際酒店（吉安八中韶山路校區吉州大道店）,8.6,"['特惠標間:HK$216', '特惠單間:HK$216', '商務休閑標間:HK$233', '商務休閑單間:HK$233', '豪華標間:HK$254']"
漢庭酒店（吉安白鷺洲書院店）,9.7,"['豪華大床房:HK$217', '高級大床房:HK$225', '豪華雙床房:HK$254', '套房:HK$293']"
維也納酒店（吉安吉州區城北店）,9.6,"['標準大床房:HK$233', '高級大床房:HK$265', '豪華雙床房:HK$265', '棋牌大床房:HK$276']"
吉安海倫酒店,10.0,"['豪華大床房:HK$205', '商務大床房:HK$246', '公寓大床房:HK$267']"
廬陵印象酒店（吉安火車站店）,9.3,"['精品大床房【全新空調+全身鏡+大辦公桌】:HK$133', '舒適大床房【全新空調+瓶裝水+零壓床墊】:HK$147', '樂享清新大床房【分區衞浴+一次性毛巾拖鞋+零壓床墊】:HK$168', '臻享商務大床房【分區衞浴+零壓床墊+一次性毛巾拖鞋】:HK$175']"
美豪酒店（吉安北大道店）,8.7,"['靜謐大床房【全屋智能】:HK$242', '靜謐雙床房:HK$248', '雅緻大床房:HK$308', '雅緻雙床房:HK$322']"
吉安仁達文化酒店（吉安火車站店）,9.1,"['特惠商務大床房:HK$173', '景觀大床房:HK$208', '景觀雙床房:HK$211', '江景雙床房:HK$226']"
吉安迪威樂國際酒店（吉安火車站店）,8.3,"['舒適大床房:HK$113', '舒適雙床房:HK$113', '雅緻大床房:HK$160', '雅緻雙人房:HK$160']"
五月花酒店（吉安火車站濱江生態公園店）,9.4,"['城景·舒適雙床房『零壓床墊+原木沙發椅+寬敞明亮』:HK$155', '好眠·靜謐特大床房『大落地窗+零壓床墊+原木沙發椅』:HK$168', '好眠·靜謐雙床房『超大落地窗+零壓床墊+原木沙發椅』:HK$168', '270°城景浴缸房『全景落地窗+化粧鏡+超寬敞雙人浴缸』:HK$181']"
東棠怡楓酒店（吉安青原區火車站店）,9.2,"['臻選 | 輕居大床房 （商務辦公桌+全身鏡+便捷晾衣桿）:HK$190', '輕居雙床房:HK$198', '輕奢 | 雲居大床房（品牌零壓床墊+45寸大電視+休閑小沙發）:HK$206', '雲居雙床房:HK$214']"
吉安•IU漫旅｜Design•YourLifeStyles酒店（能仁巷文山步行街店）,9.0,"['悦享·商務大床房（甄選品牌舒眠深睡床墊+80s一級潔凈輕膚布草+便捷晾衣桿）:HK$85', '助眠·IU零壓大床房（商務辦公桌+全身鏡+便捷晾衣桿）:HK$97', 'IU零壓優選大床房（42寸大電視+商務辦公桌+浴室化粧鏡+全身鏡+乾濕分離）:HK$115', '輕奢·臻選雙床房（42寸大電視+商務辦公桌+乾濕分離+獨立晾衣桿+酒店公區提供洗衣機）:HK$129']"
吉安開通商務賓館,9.0,"['精選大床房:HK$113', '精選雙床房:HK$118', '尊享大床房:HK$121', '尊享雙床房:HK$130']"
吉安沐思智能電競酒店（吉安站店）,8.2,"['沐思單人特價電競房:HK$199', '沐思智能電競大床房（ I5-12400F 2.50 GHz，GeForce RTX 4060顯卡）:HK$241', '沐思智能電競雙人房:HK$253', '沐思智能電競三人房:HK$298']"
凱美龍酒店（ 吉安市天虹連鎖大型購物廣場文山步行街店 ）,9.2,"['吉州-温馨時尚大床房（智能電視可投屏+酒店公區提供自助洗衣機+零壓床墊+休閑桌椅+變頻空調+化粧鏡）:HK$140', '舒適浪漫情侶房（簡約時尚+電視可投屏+化粧鏡）:HK$147', '精緻豪華大床房（平躺沙發+零壓床墊+休閑桌椅+化粧鏡）:HK$147', '輕奢優選雙床房（零壓床墊+休閑桌椅+兩張大床+化粧鏡）:HK$167']"
廬陵印象酒店（吉安人民廣場店）,9.1,"['悦享精品大床房【42寸大電視】:HK$133', '悦享特惠大床房【獨立包裝浴巾+品質床墊+乾濕分離】:HK$140', '樂享清新大床房【42寸大電視+商務辦公桌+乾濕分區】:HK$168', '臻享商務大床房【商務辦公桌+乾濕分離+潔凈親膚布草】:HK$175']"
吉安華僑國際酒店,8.5,"['標準大床房（附樓）:HK$146', '愛尚主題房b（附樓）:HK$197', '愛尚主題房a（附樓）:HK$197', '棋牌套房（附樓）:HK$235']"
怡家酒店（吉安二中步行街店）,9.0,"['樂享大床房:HK$119', '精緻大床房:HK$128', '雅緻大床房:HK$137', '悦享雙床房:HK$137']"
星程酒店（吉安火車站店）,9.3,"['豪華雙床房:HK$141', '豪華大床房:HK$161', '商務大床房:HK$179', '棋牌套房:HK$207']"
城市便捷酒店（吉安人民廣場店）,9.7,"['標準大床房:HK$209', '高級大床房:HK$247', '高級雙床房:HK$266', '豪華大床房:HK$266']"
海天滙智能酒店（吉安火車站店）,9.0,"['商務大床房（辦公桌＋茶桌＋送茶葉）:HK$127', '商務雙床房（酒店提供自助洗衣機）:HK$136', '智能豪華大床房（送一次性刮鬍刀＋茶葉＋辦公桌＋軟卧沙發）:HK$179', '城景智能豪華雙床房（送茶葉、自助洗衣+送一次性刮鬍刀）:HK$189']"
吉安愷蒂國際大酒店,9.0,"['智能豪華雙床房:HK$349', '智能豪華大床房:HK$354', '夢百合零壓大床房（帶0壓床墊+記憶枕）:HK$388', '智能行政大床房:HK$398', '智能休閑麻將雙床房:HK$398', '親子標準間:HK$453']"
杜鵑花智慧酒店（吉安青原區火車站廣場店）,9.2,['清風·智能豪華雙床房（品質床墊+小度智能）:HK$123']
城市便捷酒店（吉安夢迴廬陵景區店）,9.1,"['標準大床房:HK$176', '商務大床房:HK$185', '標準智能大床房:HK$186', '商務雙床房:HK$193']"
