酒店名称,评分,房型价格列表
舍一茶事文化酒店（呼和浩特大召寺店）,9.5,"['觀廟獨修單人房:HK$436', '雅緻品茗大床房:HK$529', '雅緻品茗雙床房:HK$545', '庭院陽光雙床房:HK$647', '庭院茶事大床房:HK$736']"
悠牧美居民宿（萬象城海亮廣場店）,9.5,"['設計師夏綠大床房（智能馬桶+榻榻米+洗衣機+加濕器）:HK$556', '蒙元鴻運雙床房（榻榻米+洗衣機+加濕器+小童帳篷）:HK$581', '蒙元智慧大床房（智能客控+智能馬桶+洗衣機+加濕器）:HK$605', '蒙元穹帳家庭房（智能馬桶+榻榻米+洗衣機+加濕器）:HK$652']"
蔚徠酒店（呼和浩特新華廣場店）,9.6,"['臻選舒適雙床房:HK$555', '臻選舒適大床房:HK$556', '沉浸觀影大床房（120寸投屏觀影）:HK$567', '城景高級大床房（智能客控+55寸電視投屏觀影）:HK$624', '城景高級雙床房（智能客控+55寸電視投屏觀影）:HK$624']"
閣雅輕居酒店（人民醫院將軍衙署地鐵站店）,9.2,"['精雅大床房:HK$202', '閣雅大床房:HK$224', '輕雅大床房:HK$245', '精雅套房:HK$288']"
青涵宿酒店（大召歷史文化旅遊區店）,9.5,"['大床房（高支親膚棉織品）:HK$240', '寺景古建豪華大床房（智能客控 零壓床墊 大屏觀影 高支棉織品 保鮮冰箱）:HK$360', '寺景古建豪華雙床房（智能客控 零壓床墊 大屏觀影 高支棉織品 保鮮冰箱）:HK$492', '寺景古建豪華家庭房（智能客控、零壓床墊、Napa真皮沙發床、65寸大屏、高支棉織品、保鮮冰箱）:HK$546']"
萬浩酒店（呼和浩特萬達國際會展中心店）,9.6,"['豪華雅緻大床房（可投屏，有冰箱）:HK$555', '豪華雅緻雙床房（可投屏，有冰箱）:HK$588', '行政雅悦大床房（可投屏，有冰箱）:HK$610', 'B.Duck小黃鴨主題親子房（可投屏，有冰箱）:HK$774', '喜羊羊與灰太狼主題親子房（可投屏，有冰箱）:HK$774']"
寶晨·智選酒店（呼和浩特通道北街醫科大學附屬醫院店）,9.4,"['優選大床房（智能馬桶+乳膠床墊）:HK$202', '智選零壓雙床房（小度智能客控+55寸投屏電視+智能馬桶+乳膠床墊）:HK$237', '智選臻享雙床房（小度智能客控+55寸投屏電視+智能馬桶+乳膠床墊）:HK$246', '智選零壓大床房（小度智能客控+55寸投屏電視+智能馬桶+乳膠床墊）:HK$246']"
逸家酒店（新華廣場呼和浩特站地鐵站店）,9.3,"['精馨大床房（安心睡眠）:HK$267', '豪華雙床房（安心睡眠）:HK$289', '精馨雙床房（安心睡眠）:HK$289', '豪華大床房（安心睡眠）:HK$319']"
艾扉酒店（呼和浩特工業大學比塞塔街店）,9.3,"['大床房:HK$294', '商務大床房:HK$312', '雙床房:HK$320', '高級雙床房:HK$345']"
眾鑫酒店（呼和浩特站新華西街店）,9.5,"['舒適雙床房:HK$381', '觀影房（智能客控+智能馬桶+電視投屏+加濕器）:HK$381', '高級大床房（智能客控+智能馬桶+電視投屏+加濕器）:HK$416', '高級雙床房（智能客控+智能馬桶+電視投屏+加濕器）:HK$446', '家庭房（智能客控+智能馬桶+電視投屏+加濕器）:HK$587']"
呼和浩特羽嘉賓館,9.2,"['精緻大床房:HK$159', '精緻投影大床房:HK$171', '街景投影大床房:HK$188', '標準雙床房:HK$188']"
內蒙古烏瀾大酒店,9.6,"['精緻大床房【安睡床墊+小度語音智控】:HK$435', '標準雙床房【安睡床墊+小度語音智控】:HK$523', '標準大床房【安睡床墊+小度語音智控】:HK$523', '豪華大床房【安睡床墊+小度語音智控+浴缸】:HK$610', '行政雙床房【安睡床墊+小度語音智控】:HK$610']"
閣雅紫居酒店（摩爾城藝術學院地鐵站店）,9.3,"['精緻大床房（負壓秒睡乳膠床墊+洗衣房+投屏+智控）:HK$419', '雅緻大床房（負壓秒睡乳膠床墊+洗衣房+投屏+智控）:HK$469', '雅緻標準間（負壓秒睡乳膠床墊+洗衣房+投屏+智控）:HK$494', '高級大床房（負壓秒睡乳膠床墊+投屏+電動馬桶+智控）:HK$527']"
麗怡酒店（呼和浩特高鐵東站內蒙婦幼保健院店）,9.6,"['標準大床房:HK$368', '高級大床房:HK$394', '豪華大床房:HK$469', '豪華家庭房:HK$494', '豪華雙床房:HK$497']"
海亮廣場大酒店（中山路地鐵站店）,9.1,"['商務大床房:HK$410', '商務雙床房:HK$425', '豪華大床房:HK$485', '豪華雙床房:HK$485', '甄選大床房:HK$497']"
朵蘭· 潮酒店（呼和浩特機場高鐵東站店）,9.2,"['覓景優享大床房『裸棉棉製品>定製乳膠床墊>全自動恆温馬桶>全屋地暖>全屋小度智能』:HK$324', '巨無霸優享雙床房『裸棉棉製品>定製乳膠床墊>全自動恆温馬桶>全屋地暖>全屋小度智能』:HK$324', '觀景套房『裸棉棉製品>定製乳膠床墊>全自動恆温馬桶>全屋地暖>全屋小度智能』:HK$404', '巨無霸家庭房『裸棉棉製品>定製乳膠床墊>全自動恆温馬桶>全屋地暖>全屋小度智能』:HK$429']"
花美時酒店（呼和浩特市大召廣場店）,9.4,"['影視圓床房:HK$351', '榻榻米大床房:HK$397', '花遇數碼影視房:HK$429', '花開景觀大床房:HK$457']"
尚華精品酒店（人民醫院將軍衙署地鐵站店）,9.0,"['新蒙式雙床房:HK$297', '新蒙式大床房:HK$304', '精選新蒙式大床房:HK$350', '精選新蒙式家庭房:HK$365', '新蒙式家庭房:HK$396']"
喆啡酒店（呼和浩特南二環路五里營地鐵站店）,9.5,"['醇享生活大床房:HK$335', '醇享大床房:HK$343', '醇享生活房:HK$351', '啡凡大床房:HK$402']"
美源輕奢酒店（呼和浩特火車東站市政府店）,9.7,"['悠享大床房（智能小度+漢斯格雅衞浴）:HK$371', '悠享雙床房（智能小度+漢斯格雅衞浴）:HK$371', '美奢大床房（智能小度+漢斯格雅衞浴）:HK$389', '美奢行政雙床房（智能小度+漢斯格雅衞浴）:HK$389']"
全季酒店（呼和浩特大召寺店）,9.8,"['大床房（可投屏-加濕器-小冰箱）:HK$567', '高級大床房（可投屏-加濕器-小冰箱）:HK$614', '商務大床房（可投屏-加濕器-小冰箱）:HK$680', '雙床房（可投屏-加濕器-小冰箱）:HK$680']"
昭畔棲居民宿（呼和浩特大召寺店）,9.6,"['檐下聽雨·四合院大床房（智能客控）星級床品:HK$667', '垂花別院-四合院雙床房（智能客控）品牌床墊:HK$677', '青磚灰瓦·四合院觀景大床房（智能客控）星級床品:HK$760', '飛檐翹角·四合院品茶雙床房（智能客控）星級床品:HK$770']"
呼和浩特鼓樓希爾頓歡朋酒店,9.5,"['高級大床房:HK$708', '高級雙床房:HK$708', '豪華雙床房:HK$740', '豪華大床房:HK$740', '歡朋套房:HK$937']"
維也納智好酒店（呼和浩特賽罕萬達廣場店）,9.2,"['高級大床房:HK$285', '高級雙床房:HK$285', '豪華大床房:HK$311', '豪華雙床房:HK$311']"
7天酒店（呼和浩特大召寺店）,9.5,"['新7天自在大床房:HK$331', '新7天影趣大床房:HK$331', '新7天自在雙床房:HK$340', '新7天舒適雙床房:HK$366']"
朗麗茲酒店（呼和浩特大召寺店）,9.4,"['高級大床房（智能客控+自動窗簾+品牌床墊）:HK$458', '優眠大床房（智能客控+自動窗簾+品牌床墊）:HK$477', '舒適雙床房（智能馬桶+智能客控+自動窗簾+品牌床墊）:HK$483', '舒適大床房（智能馬桶+智能客控+自動窗簾+品牌床墊）:HK$514']"
雲頤自在酒店（呼和浩特站店）,9.5,"['雅緻大床房+沉浸式睡眠體驗（慕思床墊+朗樂福乳膠枕）:HK$404', '高級大床房 - 功夫茶具品香，邂逅新中式雅境:HK$426', '高級雙床房（儲鮮冰箱+功夫茶具+高速辦公版）:HK$459', '行政大床房-漫享沙發愜意身心+辦公桌+高速WiFi:HK$491', '行政雙床房（酣暢睡眠+霓虹夜景）:HK$524']"
錦頤優選酒店（呼和浩特巨海城國際會展中心店）,9.7,"['智能影音大床房-慕思床墊+智能客控➕新風系統:HK$425', '智能影音雙床房-慕思床墊+智能客控➕新風系統:HK$436', '智能雅緻大床房-慕思床墊+智能客控➕朗樂福枕:HK$447', '智能雅緻雙床房-慕思床墊+智能客控➕榻榻米:HK$458', '智能高級大床房-慕思床墊+智能客控➕大牌洗護:HK$468']"
藝龍萬國酒店（呼和浩特玉泉區昭君路店）,8.8,"['智享大床房:HK$269', '智享雙床房:HK$290', '雅享雙床房:HK$300', '雅享大床房:HK$300']"
青資雲川酒店,9.3,"['草原靜逸大床房:HK$824', '草原景觀標準間:HK$1,196', '草原景觀大床房:HK$1,196', '露台草原全景標準間:HK$1,467', '露台全景行政大床房:HK$1,753']"
如家精選酒店PLUS（呼和浩特國際會展中心萬達廣場店）,9.9,"['大床房（電視投屏觀影+零壓床墊+記憶枕）:HK$342', '雙床房（電視投屏觀影+零壓床墊+記憶枕）:HK$359', '商務大床房（電視投屏觀影+零壓床墊+記憶枕）:HK$368', '高級大床房（電視投屏觀影+記憶枕+加濕器）:HK$393']"
內蒙古開元名都大酒店,9.1,"['怡選大床房:HK$580', '怡選雙床房:HK$580', '怡享雙床房:HK$590', '臻選大床房:HK$608', '臻選雙床房:HK$608', '臻享大床房:HK$636']"
星程酒店（呼和浩特新華廣場店）,9.8,"['高級大床房:HK$387', '高級雙床房:HK$444', '商務大床房:HK$453', '商務雙床房:HK$463']"
莫泰酒店（呼和浩特新華廣場附屬醫院地鐵站店）,9.1,"['大床房A:HK$189', '大床房:HK$205', '商務大床房:HK$221', '雙床房:HK$238']"
曼居酒店（呼和浩特大召無量寺店）,9.3,"['曼享高級大床房（全屋智能+自動窗簾+零壓床墊）:HK$568', '曼享高級雙床房（全屋智能+自動窗簾+零壓床墊）:HK$593', '曼享豪華大床房（全屋智能+自動窗簾+零壓床墊）:HK$684', '曼享豪華雙床房（全屋智能+自動窗簾+零壓床墊）:HK$709']"
花石間智能影院酒店（振華廣場店）,9.2,"['時光-榻榻米房「高清投影+一次性浴巾」:HK$524', '星空-大床房「高清投影+一次性浴巾」:HK$524', '墨影月光高清投影大床房:HK$529', '城景-大床房「高清投影+一次性浴巾」:HK$540']"
漳禾酒店（呼和浩特火車站海亮廣場店）,9.6,"['商務大床房:HK$440', '商務雙床房:HK$447', '智能零壓大床房（智能投屏）:HK$470', '智能零壓雙床房（智能投屏）:HK$501', '高級睡眠大床房（加濕器）:HK$508']"
如家派柏·雲酒店（呼和浩特火車站店）,9.0,"['特惠大床房:HK$185', '商務大床房:HK$197', '標準雙床房:HK$200', '高級雙床房:HK$217']"
星程酒店（呼和浩特五里營地鐵站店）,9.8,"['高級大床房（投屏+小冰箱+落地窗）:HK$472', '高級雙床房（投屏+小冰箱+落地窗）:HK$510', '商務大床房（投屏+小冰箱+落地窗）:HK$510', '景觀大床房（浴缸+小冰箱+落地窗）:HK$548']"
呼和浩特美居酒店,9.5,"['標準房-大床:HK$828', '高級房大床:HK$876', '標準房-雙床:HK$924', '高級雙床房:HK$944', '嘉賓大床房:HK$944']"
石榴花開酒店（大召廣場塞上老街店）,9.2,"['臻享雙床房:HK$402', '悠享大床房:HK$421', '電玩影視|輕奢娛樂大床房:HK$445', '暢享影音雙床房:HK$457']"
漢庭酒店（呼和浩特大召寺店）,9.6,"['高級大床房:HK$383', '商務大床房:HK$402', '雙床房:HK$402', '商務雙床房:HK$421']"
瀾景酒店（萬達廣場C座內蒙古博物館地鐵站店）,8.8,"['輕享大床房:HK$104', '精選大床房:HK$114', '恭喜發財棋牌室:HK$139', '高級商務標間:HK$148']"
呼和浩特維力斯大酒店（摩爾城東影路地鐵站店）,9.1,"['主樓行政大床房:HK$504', '主樓行政雙床房:HK$531', '主樓豪華雙人間:HK$544', '主樓豪華單人間:HK$571', '行政豪華套間:HK$965']"
三百諾精品酒店（呼和浩特賽馬場北路體育場地鐵站店）,9.4,"['又見蒙古-零壓舒適大床房（零壓床墊助眠）:HK$269', '又見蒙古-零壓舒適標準房（零壓床墊助眠）:HK$283', '又見蒙古-智能榻榻大床房（智能衞浴）:HK$283', '又見蒙古-智能榻榻標準房（智能衞浴）:HK$297']"
呼和浩特錦隆賓館（機場店）,9.3,"['大床房:HK$131', '標間:HK$131', '三人間:HK$141']"
雛菊酒店（將軍衙署地鐵站店）,9.6,"['智雅大床房·智能客控+金可兒睡眠床墊:HK$447', '智享大床房·智能客控+金可兒睡眠床墊:HK$452', '智享雙床房·智能客控+金可兒睡眠床墊:HK$452', '智享豪華雙床房·智能客控+金可兒睡眠床墊:HK$476']"
呼和浩特玉泉恆盛廣場希爾頓歡朋酒店,9.7,"['舒適大床房:HK$787', '舒適雙床房:HK$845', '高級大床房:HK$845', '豪華大床房:HK$893', '高級雙床房:HK$922']"
衹此青城酒店（呼和浩特東站國際會展中心店）,9.2,"['青城雙床房-全屋智能|慕思床墊|可投屏:HK$456', '衹此青城大床房-全屋智能|慕思床墊|可投屏:HK$467', '衹此青城雙床房-全屋智能|慕思床墊|可投屏:HK$499', '您好青城大床房-全屋智能|慕思床墊|可投屏:HK$521', '您好青城雙床房-全屋智能|慕思床墊|可投屏:HK$553']"
喆啡銳品酒店（呼和浩特市政府東站店）,9.6,"['醇享大床房（零壓床墊+辦公空間+記憶枕）:HK$518', '鋭意大床房（阿姆斯躺椅+零壓床墊+辦公空間+記憶枕）:HK$573', '鋭意雙床房（阿姆斯躺椅+零壓床墊+辦公空間+記憶枕）:HK$573', '鋭品大床房（智能客控+零壓床墊+辦公空間+記憶枕）:HK$627', '鋭品雙床房（智能客控+零壓床墊+辦公空間+記憶枕）:HK$627']"
