酒店名称,评分,房型价格列表
香城冰雪營地·太空艙民宿,9.8,"['雲棲艙獨立花園+180°全景窗+私享露台:HK$297', '星棲艙園景套房+獨立花園+270°全景窗+休閑大陽台:HK$327']"
咸寧温泉谷大酒店（潛山國家森林公園店）,8.6,"['旖旎清新舒適雙床房:HK$345', '潛山氧吧大床房:HK$367', '潛山氧吧雙床房:HK$367', '林間漫步商務大床房:HK$484', '全景潛山商務套房:HK$652']"
如家精選酒店（咸寧銀泉大道同惠廣場店）,9.5,"['商務大床房（零壓床墊+助眠記憶枕+無線投屏）:HK$231', '高級大床房（零壓床墊+助眠記憶枕+無線投屏）:HK$248', '高級雙床房（零壓床墊+助眠記憶枕+無線投屏）:HK$273', '安心睡安睡大床房（零壓床墊+助眠記憶枕+空氣凈化器）:HK$291']"
麗怡酒店（咸寧傳媒大廈市博物館店）,9.5,"['標準大床房+慕思床墊+暢享投屏:HK$258', '豪華大床房+慕思床墊+暢享投屏:HK$306', '豪華雙床房+慕思床墊+暢享投屏:HK$318', '純凈大床房:HK$347', '行政大床房:HK$368']"
咸寧聯投公園道酒店（潛山商業街潛山森林公園店）,9.3,"['悦享時光雙床房:HK$304', '清新鳥鳴雙床房-舒適好眠+小冰箱+自然採光+獨立空調:HK$334', '鳥瞰潛山大床房-山景房+保險箱+迷你小冰箱:HK$356', '綠色氧吧雙床房·自然採光+浴缸+獨立空調:HK$375', '綠色氧吧大床房-零壓床墊+獨立辦公區域+獨立空調:HK$396', '鳥鳴氧吧高級套房-1室1廳+視野開闊+浴缸+270°全景飄窗:HK$529']"
城市便捷酒店（咸寧南站萬達店）,9.2,"['標準大床房:HK$134', '商務大床房:HK$155', '商務雙床房:HK$163', '家庭房:HK$170']"
咸寧華信大酒店,9.4,"['豪華尊享大床房:HK$311', '豪華尊享雙床房:HK$312', '豪華行政大床房:HK$343', '棋牌娛樂大床房:HK$475', '豪華景觀大床房:HK$475', '豪華尊享套房:HK$654']"
全季酒店（咸寧銀泉大道店）,9.7,"['高級大床房（65寸可投屏電視+迷你冰箱+KINGKOLL床墊）:HK$298', '商務大床房（65寸可投屏電視+迷你冰箱+KINGKOLL床墊）:HK$317', '高級雙床房（65寸可投屏電視+迷你冰箱+KINGKOLL床墊）:HK$317', '商務雙床房（65寸可投屏電視+迷你冰箱+KINGKOLL床墊）:HK$337']"
白玉蘭酒店（咸寧萬達廣場龍潭裡店）,9.6,"['舒雅大床房（暢享投屏+夢百合零壓床墊+助眠記憶枕）:HK$258', '輕舒大床房（暢享投屏+夢百合零壓床墊+助眠記憶枕）:HK$280', '靜雅雙床房（暢享投屏+夢百合零壓床墊+助眠記憶枕）:HK$281', '輕雅大床房（暢享投屏+深睡眠零壓床墊+窗外好景）:HK$302']"
城市便捷酒店（咸寧湖北科技學院店）,9.6,"['智能商務大床房（智能客控+零壓床墊+高清投屏）:HK$180', '智能高級大床房（智能客控+零壓床墊+高清投屏）:HK$215', '智能商務雙床房（智能客控+零壓床墊+高清投屏）:HK$230', '智能高級雙床房（智能客控+零壓床墊+高清投屏）:HK$249']"
城市便捷酒店（咸寧温泉路沃爾瑪廣場店）,9.2,"['標準大床房:HK$152', '商務雙床房:HK$162', '商務大床房:HK$172', '豪華大床房:HK$190']"
奈思電競酒店（咸寧南站萬達店）,8.3,"['電競大床房4060:HK$254', '電競雙人間4060:HK$254', '投影電競大床房:HK$254', '獨孤投影電競大床房:HK$254']"
咸寧恆立温泉酒店,8.9,"['森氧智能雙床房（慕斯床墊+小度房間智能語音控制）:HK$272', '森氧智能大床房（慕斯床墊+小度房間智能語音控制）:HK$273', '尊享智能雙床房（慕斯床墊+小度房間智能語音控制）:HK$289', '尊享智能大床房（慕斯床墊+小度房間智能語音控制）:HK$306']"
漢庭酒店（咸寧銀泉大道十六潭公園店）,9.7,"['高級大床房:HK$236', '高級雙床房:HK$255', '商務大床房:HK$264', '家庭房:HK$283']"
7天優品酒店（咸寧温泉購物公園店）,9.5,"['優品大床房:HK$183', '優品雙床房:HK$183', '高級大床房:HK$200', '高級雙床房:HK$200']"
麗楓酒店（咸寧同惠廣場店）,9.4,"['豪華大床房:HK$246', '豪華雙床房:HK$254', '景觀大床房:HK$271', '景觀雙床房:HK$279']"
喜客城市酒店（咸寧實驗外國語學校店）,9.2,"['雅緻大床房:HK$201', '喜悦大床房:HK$224', '喜悦雙床房:HK$247', '輕奢大床房:HK$259']"
咸寧星雨竹院民宿,9.3,"['影院單間（帶壁爐）:HK$325', '舒適雙人間:HK$341', '豪華套房:HK$461']"
歡漫酒店（咸寧温泉中心花壇店）,9.7,"['漫致-高級大床房（小度語音+智能客控）:HK$270', '漫洋-商務大床房（小度語音+智能客控）:HK$293', '漫享-高級雙床房（小度語音+零壓舒睡）:HK$304', '漫境-影院豪華大床房（巨幕投屏+會員觀影）:HK$339']"
麗楓酒店（咸寧温泉中心花壇店）,9.6,"['豪華大床房:HK$296', '豪華雙床房:HK$313', '純凈大床房:HK$331', '純凈自然雙床房:HK$348']"
非繁城品酒店（咸寧萬達廣場店）,9.2,"['非繁高級雙床房:HK$177', '影院大床房（無窗）:HK$190', '非繁高級大床房:HK$204', '非繁零重力雙床房:HK$222']"
福臨酒店（咸寧火車站店）,9.4,"['特惠大床房:HK$122', '特惠雙床房:HK$122', '高級大床房:HK$127', '高級雙床房:HK$127']"
宜尚酒店（咸寧温泉中心花壇店）,9.4,"['舒適大床房（温馨安靜-非温感0壓棉記憶枕）:HK$217', '高級大床房（北歐簡約風-非温感0壓棉記憶枕）:HK$239', '高級雙床房（北歐簡約風-非温感0壓棉記憶枕）:HK$239', '商務雙床房（通透明亮﹣非温感0壓棉記憶枕）:HK$274']"
全季酒店（咸寧市政府新區店）,9.6,"['高級大床房:HK$308', '商務大床房:HK$326', '豪華大床房:HK$346', '商務雙床房:HK$346']"
咸寧碧桂園鳳凰温泉中心湯院,9.0,"['榻榻米精緻温泉房（無窗）:HK$467', '温泉客房:HK$500', '山頂温泉湯院-私湯:HK$1,091', '温泉湯屋-私湯:HK$1,187', '鳳棲湯屋-私湯:HK$1,733']"
咸寧青年四季酒店（咸寧南站十六潭公園店）,8.9,"['豪華雙床房:HK$206', '豪華大床房:HK$216', '行政雙床房:HK$227', '行政大床房:HK$239', '親子家庭房:HK$282']"
咸寧藍海金盾大酒店,9.2,"['藍逸·靜致商務雙床房:HK$238', '藍逸·靜致商務大床房:HK$238', '藍悠·智慧豪華雙床房（語音智能聲控）:HK$282', '藍悠·智慧豪華大床房（語音智能聲控）:HK$282']"
宜品酒店（咸寧站店）,10.0,"['優享舒適大床房 [一次性浴毛巾+公區提供洗衣房]:HK$154', '晨光觀景大床房 [睡眠床墊+隔音窗+投屏電視]:HK$179', '逸居臻享套房 [獨立會客區+超軟沙發+冰箱]:HK$232', '八方來財娛樂套房 [獨立棋牌房+空氣凈化+玉石麻將]:HK$237']"
秋果酒店（咸寧火車站咸寧高鐵北站店）,9.4,"['舒享驚喜大床房-小度語音智控+乳膠床墊+無線投屏+MINI冰箱:HK$295', '舒享驚喜雙床房-小度語音智控+乳膠床墊+無線投屏+按摩椅智能馬桶:HK$319', '樂享悠然大床房-小度語音智控+乳膠床墊+MINI冰箱+無線投屏:HK$343', '輕奢商務雙床房-小度語音智控+乳膠床墊+無線投屏+按摩椅+智能馬桶:HK$366', '輕奢商務大床房-小度語音智控+乳膠床墊+無線投屏+乾濕分離+智能馬桶:HK$390']"
泊園酒店（咸寧職業技術學院人民廣場店）,9.5,"['特惠單人間:HK$165', '精緻大床房:HK$175', '商務雙人間:HK$195', '休閑棋牌室房:HK$286']"
常明閣酒店（咸寧南站店）,8.3,"['優選大床房:HK$288', '雅緻雙床房:HK$316', '投影大床房:HK$329']"
城市便捷酒店（咸寧中百倉儲銀泰百貨店）,8.5,"['舒適大床房:HK$186', '智能高級大床房:HK$228', '行政套房:HK$248', '智能高級雙床房:HK$300']"
泊客城市酒店（湖北科技學院店）,9.5,"['温馨大床房（新風系統+親柔布草+靜謐睡眠床墊）:HK$202', '商務大床房（璀璨夜景+睡眠床墊+商務辦公+高清投屏）:HK$218', '商務雙床房（城市夜景+睡眠床墊+商務辦公+高清投屏）:HK$252', '豪華大床房（璀璨城市夜景+睡眠床墊+超軟沙發）:HK$253']"
漢庭酒店（咸寧銀泉大道店）,9.6,"['大床房:HK$338', '高級大床房:HK$340', '高級雙床房:HK$358', '商務大床房:HK$378']"
雅斯特酒店（咸寧温泉沃爾瑪廣場店）,9.4,"['雅緻大床房（喜臨門床墊+無線投屏）:HK$196', '豪華雙床房（喜臨門床墊+無線投屏）:HK$251', '高級大床房（喜臨門床墊+無線投屏）:HK$251', '豪華套房（喜臨門床墊+無線投屏）:HK$294']"
咸寧陽光酒店,8.9,"['城景雙床房:HK$360', '城景大床房:HK$360', '商務雙床房:HK$373', '行政大床房:HK$397']"
品悅酒店（咸寧火車站店）,9.2,"['舒享大床房:HK$110', '舒享雙床房:HK$116', '親子雙床房:HK$125', '尊享巨幕影院大床房:HK$139']"
城市便捷酒店（咸寧銀泉大道店）,9.3,"['標準雙床房:HK$193', '高級大床房:HK$193', '標準大床房:HK$193', '豪華大床房:HK$202']"
城市宜居酒店（咸寧萬達店）,9.1,"['特惠大床房:HK$180', '標準大床房:HK$207', '高級大床房:HK$213', '標準雙床房:HK$223']"
太乙洞智住民宿,9.6,"['標準單間:HK$221', '豪華單間:HK$459', '標準雙人間:HK$459', '豪華套間:HK$485']"
錦江之星（咸寧銀泉大道店）,9.5,"['標準大床房:HK$130', '標準雙床房:HK$135', '高級雙床房:HK$162', '標準零壓大床房:HK$163']"
喜來客商務酒店（咸寧站店）,9.2,"['標準大床房:HK$130', '標準雙床房:HK$136', '優享雙床房:HK$155', '景緻圓床房:HK$166']"
羅曼智慧電競酒店（咸寧南站店）,9.9,"['情侶圓床電競房（智能客控+投影）[RTX3060Ti+2K+155HZ+32G]:HK$249', '電競大床房（智能客控+電視）:HK$249', '電競標間（智能客控）[RTX3060Ti+2K+155HZ+32G]:HK$249', '主題電競標間（智能客控+投影+棋牌52號玉石麻將）:HK$264']"
途客中國酒店（咸寧北高鐵站店）,9.3,"['樂途大床房-MINI冰箱+空氣凈化器:HK$216', '樂途雙床房-MINI冰箱+空氣凈化器:HK$216', '品途大床房-MINI冰箱+空氣凈化器:HK$227', '品途雙床房-MINI冰箱+空氣凈化器:HK$227', '途尊大床房-夢百合床墊+零壓枕+MINI冰箱+空氣凈化器:HK$325']"
咸寧錦華酒店（光谷廣場店）,9.1,"['商務標間（無窗）:HK$148', '商務單間（無窗）:HK$150', '豪華單間:HK$167', '商務複式標間（無窗）:HK$167']"
益航精選酒店（咸寧北站店）,9.5,"['精品大床房（零壓床墊+親膚床品+舒適空調）:HK$111', '樂享影音大床房（零壓床墊+84寸高清投影+舒適空調）:HK$144', '舒適雙床房（零壓床墊+舒適空調+衞浴分離）:HK$147', '歡樂家庭雙床房（零壓床墊+書桌+靜謐悠然）:HK$156']"
咸寧H亨瑞利酒店,9.2,"['特惠雙床房:HK$154', '特惠大床房:HK$154', '情侶房:HK$179', '商務尊享雙床房:HK$186']"
咸寧智住俠城市民宿（萬達廣場店）,9.6,"['舒適雙人間:HK$136', '舒適大床房:HK$149', '影院房:HK$172', '棋牌大床房:HK$172']"
城市便捷酒店（咸寧鹹安店）,9.0,"['標準大床房:HK$134', '商務雙床房:HK$141', '商務大床房:HK$141', '零壓大床房:HK$148']"
咸寧米德爾大酒店,8.9,"['普通標準間:HK$174', '商務單人間:HK$195', '商務標準間:HK$217', '家庭房:HK$228']"
