酒店名称,评分,房型价格列表
建國璞隱酒店（唐山火車站店）,9.6,"['凌霜居雙床房A:HK$346', '詠蘭居大床房A:HK$346', '詠蘭居大床房:HK$373', '凌霜居雙床房:HK$373', '暗香居大床房:HK$409']"
唐山北站萬達悦華酒店,9.5,"['高級大床房（冰箱+智能潔具+斯林百蘭床墊+ACCA洗護沐）:HK$295', '豪華大床房（冰箱+智能潔具+斯林百蘭床墊+ACCA洗護沐）:HK$322', '豪華雙床房（冰箱+斯林百蘭床墊+ACCA洗護沐）:HK$322', '親子雙床房（主題床品+小童洗護+小童娛樂+冰箱）:HK$493', '高級豪華家庭房（智能語音控制+小童娛樂+冰箱+豪華衞浴）:HK$529']"
唐山文旅鉑爾曼酒店,9.4,"['高級大床房:HK$494', '高級雙床房:HK$494', '豪華大床房:HK$539', '豪華雙床房:HK$539', '行政大床房:HK$644', '行政套房:HK$1,019']"
全季酒店（唐山火車站店）,9.7,"['大床房:HK$329', '高級大床房:HK$367', '高級雙床房:HK$367', '套房:HK$513']"
唐山曹妃甸希爾頓歡朋酒店,9.8,"['舒適雙床房:HK$359', '舒適大床房:HK$382', '高級大床房:HK$452', '高級雙床房:HK$452', '豪華大床房:HK$487']"
漢庭酒店（唐山河頭老街運河西路店）,9.8,"['大床房:HK$502', '高級大床房:HK$552', '高級雙床房:HK$592', '家庭標準間:HK$631']"
陌上輕居酒店（唐山河頭老街店）,9.6,"['風韻·宋風花雅大床房（智能客控+乾濕分離+好眠床墊）:HK$423', '雅緻·河燈流螢雙床房（徠芬吹風機+70寸投屏電視）:HK$466', '品學陌畔思歸大床房（臨窗茶桌+智能客控+雨淋頂噴）:HK$487', '雅緻·山水知韻大床房（智能恆温馬桶+徠芬吹風機）:HK$487', '品學·文墨雅居雙床房（茶台雅韻+全屋智能+悦享好眠）:HK$508']"
和頤至尚酒店（唐山北新道愛琴海店）,9.7,"['商務大床房（智能客控）:HK$372', '高級大床房（智能客控）:HK$391', '高級雙床房（智能客控）:HK$391', '特色大床房（智能客控）:HK$409', '套房（智能客控）:HK$560']"
唐山國豐維景國際大酒店（河頭老街店）,9.7,"['舒適城景大床房:HK$688', '舒適城景雙床房（高樓層+浴缸+萊芬吹風機）:HK$688', '舒適湖景大床房:HK$745', '高級城景大床房:HK$754', '高級城景雙床房:HK$754', '高級湖景大床:HK$843']"
桔子酒店（唐山萬達廣場店）,9.6,"['高級大床房（電視投屏&智能客控&小冰箱）:HK$379', '高級雙床房（電視投屏&智能客控&小冰箱）:HK$379', '豪華大床房（電視投屏&智能客控&小冰箱）:HK$419', '豪華雙床房（電視投屏&智能客控&小冰箱）:HK$419']"
喆啡酒店（唐山愛琴海太陽城店）,9.6,"['啡凡雙床房:HK$303', '醇享雙床房:HK$304', '醇享大床房:HK$310', '啡凡大床房:HK$336']"
唐山宴文旅酒店,9.6,"['豪華大床房:HK$616', '豪華雙床房:HK$616', '浪漫浴缸大床房:HK$616', '雅緻大床房:HK$616', '輕奢大床房:HK$650']"
唐山會展中心亞朵輕居酒店,9.3,"['舒適大床房（普蘭特床墊+ 記憶枕+裸棉床品）:HK$269', '標準大床房:HK$287', '標準雙床房:HK$323', '高級雙床房:HK$395']"
唐山冀唐開元名庭大酒店,9.2,"['內景雙床房:HK$348', '內景大床房:HK$348', '標準大床房:HK$382', '開元大床房:HK$418', '開元雙床房:HK$464']"
SFEEL設計師酒店（唐山愛琴海太陽城店）,9.8,"['靜謐大床房（全智能客控•慕斯床墊•mini冰箱•綠植造景）:HK$459', '輕奢城景大床房（高空瞰景•智能客控•mini冰箱•落地窗）:HK$480', '高級城景大床房（高空閲景•智能客控•落地窗•榻榻米區）:HK$501', '豪華城景大床房（高空攬景•智能客控•mini冰箱•榻榻米）:HK$537']"
唐山南湖國際會展酒店,9.5,"['豪華雙床房:HK$424', '豪華大床房:HK$424', '高級豪華大床房:HK$437', '豪華三人間:HK$577', '豪華家庭房:HK$577']"
唐山曼哈頓酒店,9.5,"['高級超大床房:HK$505', '高級大床房:HK$507', '高級雙床房:HK$510', '商務大床房:HK$528', '女神尊享房:HK$610', '親子大床房:HK$732']"
柏曼酒店（唐山火車站店）,9.6,"['標準大床房（智能小度）:HK$230', '高級大床房（智能小度）:HK$264', '高級雙床房（智能小度）:HK$282', '豪華大床房（智能小度）:HK$298']"
唐山賓館,9.5,"['豪華大床房:HK$470', '豪華雙床房:HK$470', '快樂鴨親子房:HK$1,286', '探索宇航員親子房:HK$1,286']"
維也納國際酒店（唐山東方國際會展中心遠洋城店）,9.7,"['標準大床房:HK$268', '高級大床房:HK$293', '豪華大床房:HK$313', '豪華雙床房:HK$330']"
喆·啡酒店（唐山火車站路南區政府店）,8.7,"['啡凡大床房:HK$836', '啡凡雙床房:HK$836', '啡凡豪華雙床房:HK$929', '啡凡家庭房:HK$1,208']"
唐山豐潤昌盛國際酒店,9.6,"['特惠雙床房:HK$267', '特惠大床房:HK$326', '商務大床房（獨立浴缸+商務辦公桌）:HK$327', '商務雙床房（獨立浴缸+商務辦公桌）:HK$327', '俯瞰城景-精品大床房（獨立浴缸）:HK$349', '俯瞰城景-精品雙床房（獨立浴缸）:HK$350']"
唐山世德花園酒店,8.9,"['豪華大床房:HK$436', '豪華雙床房:HK$437', '商務套房:HK$603', '親子套房-森林派對:HK$608', '親子套房-粉色公主:HK$608', '親子套房-夢幻公主:HK$608']"
全季酒店（唐山萬達廣場店）,9.5,"['大床房:HK$493', '雙床房:HK$530', '高級大床房:HK$530', '舒壓高級大床房:HK$550']"
唐山香格里拉大酒店,9.3,"['豪華城景大床:HK$629', '豪華城景雙床:HK$629', '豪華園景大床:HK$676', '豪華園景雙床:HK$676', '趣味親子大床房:HK$807', '視聽影音大床房（百寸高清丨海量片源）:HK$807']"
喆緋酒店（唐山火車站店）,8.7,"['精品大床房:HK$250', '精品雙床房:HK$250', '啡凡大床房:HK$294', '啡凡雙床房:HK$294']"
唐山智選假日酒店（愛琴海購物中心店）,9.2,"['智選雙床房:HK$260', '智選大床房:HK$260', '高級雙床房:HK$260', '高級大床房:HK$291']"
桔子酒店（唐山北站店）,9.7,"['大床房:HK$278', '豪華大床房:HK$296', '雙床房:HK$296', '豪華雙床房:HK$315']"
城市便捷酒店（唐山火車站路南區政府店）,9.6,"['標準大床房（温馨安靜|舒適床品|地暖）:HK$175', '商務大床房（寬敞明亮|地暖）:HK$191', '商務雙床房（寬敞明亮|地暖）:HK$191', '豪華大床房（180°全視野|地暖）:HK$206']"
唐山海棠民宿（河頭老街店）,9.9,"['原木奶油兩室家庭房1602:HK$650', '兩室家庭房1801:HK$650', '兩室家庭房901:HK$650', '兩室家庭房802:HK$650']"
星程酒店（唐山市政府愛琴海店）,9.8,"['大床房:HK$463', '高級大床房:HK$503', '商務雙床房:HK$503', '商務大床房:HK$543']"
如家商旅酒店（唐山萬達廣場店）,9.5,"['大床房A:HK$276', '商務大床房A:HK$285', '大床房:HK$294', '商務大床房:HK$311']"
格林東方酒店（唐山火車站店）,9.6,"['特惠大床房:HK$285', '特惠雙床房:HK$285', '高級大床房:HK$329', '高級雙床房:HK$329']"
唐山恆豐大酒店,9.4,"['經濟房:HK$219', '商務大床房:HK$268', '商務雙床房:HK$268', '豪華雙床房:HK$305']"
城市便捷酒店（唐山東方國際會展中心遠洋城店）,9.4,"['智能標準大床房（電視投屏+全屋智能+温馨安靜）:HK$213', '智能標準雙床房（電視投屏+全屋智能+温馨安靜）:HK$213', '智能豪華大床房（電視投屏+全屋智能+温馨安靜）:HK$239', '智能豪華雙床房（電視投屏+全屋智能+温馨安靜）:HK$239']"
漢庭酒店（唐山曹妃甸唐海路店）,9.8,"['大床房（雲夢之床&電視投屏&智能馬桶）:HK$246', '高級大床房（雲夢之床&電視投屏&智能馬桶）:HK$265', '標準雙床房（雲夢之床&電視投屏&智能馬桶）:HK$275']"
宜必思酒店（唐山萬達南湖旅遊景區店）,9.6,"['大床房:HK$197', '雙床房:HK$227', '高級大床房:HK$227', '商務雙床房:HK$262']"
喆啡酒店（唐山店）,9.6,"['醇享生活大床房--零壓床墊:HK$243', '啡凡大床房--零壓床墊:HK$268', '啡凡純凈大床房----零壓床墊:HK$268', '啡凡豪華大床房----零壓床墊:HK$292']"
煦暘里民宿,9.7,"['庭院中式雙床房:HK$580', '摩天輪三室:HK$635']"
河頭小築民宿,9.9,"['蘭馨舒適兩室一廳套房:HK$374', '禹州精緻二室一廳套房:HK$403', '湖岸精品兩室一廳套房:HK$403', '禹州精品三室一廳套房:HK$506']"
遠方的家（瀾樾府玖璟店）,9.6,['陽光明媚三室套房:HK$372']
一宅院子民宿（河頭老街店）,9.7,"['庭院家庭套房1號院:HK$933', '庭院家庭套房2號院:HK$1,053', '庭院套房3號院（4居室）:HK$1,053', '庭院套房3號院（三居）:HK$1,053']"
唐山海澳大酒店,8.3,"['高級雙床房:HK$288', '全景浴享大床房:HK$337', '全景浴享雙床房:HK$349', '全景行政套房:HK$635']"
唐山金鼎大酒店,9.1,"['特惠商務間（配備加濕器）:HK$282', '精品商務間（配備加濕器）:HK$315', '特價雙床房（B座）（“深睡甄選雅蘭床墊”、私密安靜、加濕器）:HK$349', '商務雙床房（“深睡甄選雅蘭床墊”、雅緻商務，靜謐空間、加濕器）:HK$359', '商務大床房（“深睡甄選雅蘭床墊”、尊享私密、高效休憩的殿堂、加濕器）:HK$359']"
唐山富島國際酒店,9.1,"['特惠大床房:HK$229', '特惠雙床房:HK$229', '驚喜特惠房:HK$288', '優質大床房:HK$305', '商務雙床房:HK$349']"
唐山長城大酒店,8.5,"['惠民標間:HK$190', '標準雙床房:HK$249', '標準大床房:HK$249', '豪華大床房:HK$305']"
如家酒店·neo（唐山市政府愛琴海店）,9.7,"['商務大床房（全屋智能+徠芬吹風機+夢百合記憶枕）:HK$196', '雙床房（全屋智能+徠芬吹風機+夢百合記憶枕）:HK$196', '高級大床房（全屋智能+徠芬吹風機+夢百合記憶枕）:HK$222', '高級雙床房（全屋智能+徠芬吹風機+夢百合記憶枕）:HK$222']"
維也納酒店（唐山豐潤林蔭路店）,9.6,"['標準大床房（智能客控+温馨適宜+舒睡好眠）:HK$245', '標準雙床房（智能客控+温馨適宜+舒睡好眠）:HK$245', '高級大床房（智能客控+温馨適宜+舒睡好眠）:HK$270', '高級雙床房（智能客控+温馨適宜+舒睡好眠）:HK$270']"
古巷雅舍民宿,9.6,"['豪華家庭房:HK$392', '景觀家庭房:HK$501']"
麗楓酒店（唐山中心醫院店）,9.7,"['雅緻大床房:HK$305', '雅緻雙床房:HK$348', '純凈自然行政大床房（靜謐首尾房+空氣凈化器）:HK$348', '商務大床房:HK$357']"
唐山富力洲際酒店,9.4,"['洲際豪華大床房:HK$506', '洲際豪華雙床房:HK$506', '景觀豪華大床房:HK$544', '小熊尼奧親子房:HK$704', '埃及萌神親子房:HK$704', '粉紅寶貝主題房:HK$704']"
悦百客唐商務酒店（唐山吾悦廣場店）,8.6,"['零壓雅緻雙床房-驚蟄:HK$255', '零壓雅緻大床房-小滿:HK$255', '零壓雅緻大床房-秋分:HK$282', '零壓雅緻雙床房-穀雨:HK$282']"
億佳公寓（恆大學庭店）,8.4,"['輕奢兩居室套房:HK$382', '豪華兩居室套房:HK$649']"
漢庭酒店（唐山金融中心店）,9.7,"['大床房:HK$233', '高級大床房:HK$261', '高級雙床房:HK$261', '豪華大床房:HK$290']"
