酒店名称,评分,房型价格列表
烏鎮民宿,9.5,"['民宿1.5米大床房C:HK$622', '民宿標間C:HK$622', '民宿標準間B:HK$697', '民宿1.5米大床房B:HK$697', '民宿1.8大床房C:HK$697']"
嘉興南湖賓館,9.8,"['庭院大床房:HK$1,001', '庭院雙床房:HK$1,001', '豪華園景大床房:HK$1,140', '豪華園景雙床房:HK$1,140', '豪華湖景雙床房:HK$1,252', '豪華湖景大床房:HK$1,252']"
嘉興奢小曼酒店,9.8,"['高級大床房:HK$520', '高級雙床房:HK$520', '豪華精選大床房:HK$553', '豪華精選雙床房:HK$553', '豪華精選商旅房:HK$592']"
嘉興佳源四季酒店,9.6,"['雅緻大床房:HK$406', '雅緻雙床房:HK$406', '高級大床房:HK$462', '高級雙床房:HK$462', '豪華大床房:HK$508', '豪華雙床房:HK$508']"
嘉緣瑞庭酒店（烏鎮西柵景區店）,9.6,"['特價大床房:HK$326', '豪華大床房:HK$348', '雅緻雙床房（帶榻榻米）:HK$390', '陽台大床房:HK$391', '豪華雙床房:HK$392']"
旺源酒店（嘉興南湖月河古街店）,9.6,"['特惠大床房:HK$216', '豪華大床房:HK$238', '特惠標準間:HK$238', '商務標間:HK$261']"
西塘萬達美華度假酒店,9.7,"['安境·雅適大床房（智能投屏+Acca Kappa洗護品+膠囊Coffee機+迷你吧）:HK$502', '安境·雅適雙床房（智能投屏+Acca Kappa洗護品+膠囊Coffee機+迷你吧）:HK$502', '安境·雅緻園景大床房（靜謐舒適+智能投屏+Acca Kappa洗護品+膠囊Coffee機+迷你吧）:HK$555', '環秀·雅緻河景大床房（智能投屏+Acca Kappa洗護品+膠囊Coffee機+迷你吧）:HK$654', '環秀·雅緻河景雙床房（智能投屏+Acca Kappa洗護品+膠囊Coffee機+迷你吧）:HK$654']"
西塘原築·藝術度假酒店·觀星露台·空中花園·莫奈之窗·煙雨長廊店,9.8,"['Surprise雅緻大床房｜舒適好眠:HK$187', '原見·精緻大床房｜雙人浴缸+智能馬桶+舒適好眠:HK$254', '原月·雅緻大床房｜浴缸+乾濕分離+舒適好眠:HK$254', '原意·榻榻米雙床房｜乾濕分離+舒適好眠:HK$254']"
嘉興南湖帕瑞思酒店,9.6,"['禾居·寵粉雙床房「4K高清影視+躺上就想睡+隔音玻璃」:HK$254', '禾居·寵粉大床房「4K高清影視+觀地標夜景+隔音玻璃」:HK$272', '禾居|商旅優眠雙床房「4K高清影視+躺上就想睡的枕頭+隔音玻璃」:HK$274', '禾居·商旅觀影大床房「4K高清影視+躺上就想睡的枕頭+隔音玻璃」:HK$274', '約Highl·雙排電競大床房「3A遊戲120幀+32G運行內存」:HK$303']"
嘉興月河客棧,9.5,"['月彩河景大床房:HK$393', '月彩河景雙床房:HK$393', '月華內街景雙床房:HK$468', '月華內街景大床房:HK$469', '月輝大床房:HK$557', '月輝雙床房:HK$557']"
烏鎮西柵·時嶼設計師酒店,9.7,"['熔巖·觀景大床房（智能家居+AMIRO化粧鏡+乾濕分離）:HK$286', '易安·温馨陽台大床房（智能馬桶+AMIRO化粧鏡+落地窗）:HK$309', '東坡·榻榻米陽台大床房（智能客控+乾濕分離+全身鏡）:HK$309', '歌劇·河景大床房（智能馬桶+慕思床墊+AMIRO化粧鏡）:HK$331']"
嘉興希爾頓酒店,9.5,"['豪華大床客房:HK$641', '豪華雙床客房:HK$641', '無障礙房:HK$641', '豪華雲端大床房:HK$771', '豪華雲端雙床房:HK$771', '行政雙床客房:HK$824']"
如家精選酒店（嘉興月河歷史街區南湖天地購物中心店）,9.5,"['商務大床房:HK$186', '雙床房:HK$202', '高級大床房:HK$218', '高級雙床房:HK$235']"
嘉興萬豪酒店,9.6,"['豪華大床房:HK$627', '豪華雙床房:HK$627', '景觀大床房:HK$682', '景觀雙床房:HK$682', '全景大床房:HK$737', '行政大床房:HK$945']"
趣蕪蹤·江南賦設計美宿（烏鎮西柵景區店）,9.9,"['素隅·靜謐大床房【零壓好眠+智能馬桶+南向暖陽】:HK$243', '棕眠·安睡大床房【江南觀景+療愈足浴+智能馬桶】:HK$264', '暖棲·舒適雙床房【零壓舒適+江南觀景+智能馬桶】:HK$286', '棲光·温馨雙床房【江南景緻+通透採光+智能馬桶】:HK$308']"
烏鎮希爾頓歡朋酒店,9.5,"['舒適大床房:HK$609', '高級雙床房:HK$642', '高級大床房:HK$642', '高級園景大床房:HK$718', '高級園景雙床房:HK$718']"
西塘牧月酒店,9.8,"['西苑大床房:HK$436', '西苑家庭房:HK$479', '園景大床房:HK$512', '園景雙床房:HK$512', '湖景大床房:HK$621']"
西塘西舍臨河藝術酒店,9.4,"['重逢精緻大床房:HK$556', '餘歡臨河大床投影房:HK$597', '覓知臨河大床投影房:HK$597', '漫夕且聽河畔陽台複式家庭房:HK$835']"
嘉興南湖開元名庭酒店,9.6,"['名成高級大床房:HK$408', '名成豪華大床房:HK$430', '名成高級雙床房:HK$452', '名成豪華雙床房:HK$474', '名成商務大床房（含浴缸）:HK$495']"
嘉興中山路江南摩爾亞朵酒店,9.6,"['高級大床房:HK$349', '高級雙床房:HK$367', '行政大床房:HK$385', '幾木大床房-亞朵星球深睡枕PRO+小冰箱:HK$412', '幾木雙床房-亞朵星球深睡枕PRO+小冰箱:HK$412']"
璞意隱居烏鎮精品民宿,9.7,"['一心•笑•A棟:HK$250', '一靜•A棟:HK$282', '一修•A棟:HK$315', '一塵•A棟:HK$315', '一花•葉•木•A棟:HK$391']"
嘉興沙龍國際賓館（南湖景區店）,9.4,"['高級大床房:HK$330', '高級雙床房:HK$343', '商務雙床房:HK$386', '商務大床房:HK$389', '豪華雙床房:HK$482', '豪華家庭房:HK$534']"
烏鎮通安客棧,9.6,"['通安民居樓標間:HK$906', '1號樓標間B:HK$1,124', '通安通寶樓露台標間:HK$1,189', '通安通寶樓標間A:HK$1,189', '通寶樓親子標間:HK$1,232', '1號樓大床C:HK$1,266']"
嘉興蘆蓆滙開元觀堂酒店,9.5,"['觀堂大床房:HK$620', '觀堂雙床房:HK$620', '雅居雙床房:HK$729', '逸居大床房:HK$838', '逸居雙床房:HK$838', '悦景庭院雙床房:HK$947']"
花嶼·陌野設計師酒店（烏鎮西柵景區南門店）,9.7,"['鄉舍·投影浴缸房:HK$359', '庭院·院台大床房:HK$401', '小築·吊椅親子房:HK$443', '大野·露台景觀房:HK$467']"
嘉興麥田•雅朵酒店（八佰伴購物中心月河歷史街區店）,9.6,"['躺平治癒大床房【智能客控】【輔熱馬桶】:HK$234', '谷語大床房（語音交互+輔熱馬桶）:HK$271', '沐晨雙床房（語音交互+輔熱馬桶）:HK$271', '跑來跑去超大床房（語音交互+輔熱馬桶）:HK$297']"
烏鎮水巷驛,9.6,"['水巷驛標間B:HK$982', '水巷驛家庭房B:HK$1,615', '水巷驛家庭套房B:HK$1,757', '水巷驛家庭套房A:HK$2,116']"
嘉興鴛湖旅社,9.6,"['高級大床房:HK$555', '豪華大床房:HK$673', '豪華雙人間:HK$761', '湖景大床房:HK$1,204', '園景套房:HK$1,868', '湖景套房:HK$2,089']"
嘉興中關村中山西路亞朵X酒店,9.6,"['高級大床房【深睡枕PRO＋深睡床墊】:HK$429', '高級雙床房【深睡枕PRO＋深睡床墊】:HK$429', '行政大床房【深睡枕PRO＋深睡床墊】:HK$465', '尊享雙床房【深睡枕PRO＋深睡床墊】:HK$501', '尊享大床房【深睡枕PRO＋深睡床墊】:HK$501']"
嘉興南湖亞朵酒店,9.7,"['高級雙床房:HK$322', '高級大床房:HK$340', '行政雙床房:HK$340', '行政大床房:HK$358', '幾木雙床房-亞朵星球深睡枕pro+冰箱mini吧:HK$474']"
西塘光年酒店,9.6,"['風雅大床房:HK$499', '禮記雙床房:HK$499', '禮記大床房:HK$534', '春秋陽台雙床房:HK$569', '春秋庭院雙床房:HK$602']"
全季酒店（烏鎮景區店）,9.7,"['大床房A:HK$282', '高級雙床房:HK$340', '高級大床房:HK$360', '商務大床房:HK$389']"
烏鎮梵谷酒店（西柵景區店）,9.4,"['迷你大床房:HK$232', '影音大床房:HK$274', '標準房:HK$274', '豪華大床房:HK$299']"
嘉興南湖雲睿酒店,9.4,"['高級大床房:HK$236', '商務雙床房:HK$280', '商務大床房:HK$280', '豪華雙床房:HK$306', '豪華大床房:HK$306']"
嘉興南湖桔子水晶酒店,9.8,"['高級雙床房（絲漣床墊+藍牙音響）:HK$381', '高級大床房（絲漣床墊+冰箱mini吧+藍牙音響）:HK$452', '豪華雙床房（絲漣床墊+藍牙音響）:HK$481', '豪華大床房（絲漣床墊+冰箱mini吧+藍牙音響）:HK$481', '商務大床房（絲漣床墊+冰箱mini吧+藍牙音響）:HK$531']"
嘉興平湖亞朵酒店,9.7,"['高級大床房:HK$259', '高級雙床房:HK$286', '行政大床房:HK$313', '幾木大床房:HK$349', '行政雙床房:HK$438']"
海寧皮革城南關廂亞朵酒店,9.6,"['雅緻大床房:HK$322', '雅緻雙床房:HK$322', '高級大床房:HK$367', '高級雙床房:HK$367', '行政大床房:HK$412']"
如家精選酒店（嘉善西塘古鎮店）,9.6,"['雙床房（智能馬桶+徠芬吹風機）:HK$244', '商務大床房（智能馬桶+徠芬吹風機）:HK$244', '高級雙床房（智能馬桶+萊芬吹風機）:HK$262', '高級大床房（智能馬桶+徠芬吹風機）:HK$288']"
全季酒店（嘉興南湖商務大道店）,9.7,"['大床房:HK$261', '雙床房:HK$280', '高級大床房:HK$290', '商務大床房:HK$331']"
烏鎮亞朵酒店,9.6,"['星曜雅緻大床房:HK$412', '星曜高級大床房:HK$447', '星曜雅緻雙床房:HK$447', '星曜高級雙床房:HK$501', '星曜大床房:HK$537']"
麗芮酒店（海寧銀泰城店）,9.4,"['芮享舒適大床房（深睡床墊+高空景觀）:HK$325', '芮享高級大床房（深睡床墊+高空景觀）:HK$358', '芮享高級雙床房（深睡床墊+高空景觀）:HK$358', '芮享豪華大床房（深睡床墊+高空景觀）:HK$391', '芮享豪華雙床房（深睡床墊+高空景觀）:HK$391']"
花築·西塘德茂堂酒店,9.9,"['良辰美景豪華浴缸房【全屋地暖+觀江南水鄉+全屋凈水軟水+金可兒床墊+全智能紫外線殺菌馬桶+可心柔嬰兒保濕紙】:HK$470', '江南憶河景套房【俯瞰小橋流水+美國濱特爾全屋凈水軟水+金可兒奢享深睡眠床墊+全屋地暖+全智能紫外線殺菌馬桶+可心柔嬰兒保濕紙】:HK$557', '日月星辰親子套房【全屋地暖+美國濱特爾全屋凈水軟水+金可兒奢享深睡眠床墊+抗菌除蟎親膚布草+俯瞰小橋流水】:HK$619', '西韻河景浴缸房【全屋地暖+全屋凈水軟水+金可兒床墊+全智能紫外線殺菌馬桶+可心柔嬰兒保濕紙】:HK$683', '民國記憶豪華套房【觀江南水鄉+美國濱特爾全屋凈水軟水+金可兒奢享深睡眠床墊+全屋地暖+全智能紫外線殺菌馬桶+可心柔嬰兒保濕紙】:HK$855']"
烏鎮閒情逸緻精品民宿（西柵景區店）,9.7,"['凡塵大床房:HK$436', '歸心·河景大床房（無線投屏+乾濕分離）:HK$464', '踏歌標間:HK$501', '雅韻標間:HK$501']"
和頤酒店（嘉興南湖萬達廣場店）,9.6,"['雙床房（舒適床品+商務辦公）:HK$253', '大床房（舒適床品+小冰箱）:HK$262', '高級雙床房（甄選床品+商務辦公+坐卧沙發）:HK$288', '高級大床房（甄選床品+商務辦公+小冰箱）:HK$297', '家庭房（坐卧沙發+小冰箱+大空間）:HK$351']"
嘉善萬聯廣場亞朵酒店,9.6,"['行政大床房（慢回彈記憶枕+小冰箱）:HK$367', '行政清氧雙床房（慢回彈記憶枕+小冰箱+空氣凈化器）:HK$385', '高級雙床房:HK$403', '高級大床房:HK$412', '幾木清氧大床房（亞朵星球深睡枕PRO+小冰箱+空氣凈化器）:HK$412']"
烏鎮堤上度假酒店,9.8,"['舒適標準房:HK$1,697', '舒適大床房:HK$1,697', '高級大床房:HK$1,864', '高級標間:HK$1,864', '豪華景觀標間:HK$2,254', '豪華景觀大床房:HK$2,254']"
烏戈花園民宿（烏鎮西柵店）,9.8,"['木息·園景大床房:HK$273', '疏檁·浴缸大床房:HK$331', '隅木·家庭雙床房:HK$452', '影榆·園景浴缸家庭套房:HK$564']"
陌上輕雅酒店（烏鎮景區店）,9.4,"['品學·東柵清風大床房:HK$243', '品學.標準雙床房:HK$250', '雅緻·昭明書韻大床房:HK$263', '靜逸·烏篷幽夢大床房:HK$310', '雅緻·茅盾墨香雙床房:HK$310']"
全季酒店（嘉興秀湖公園店）,9.8,"['大床房:HK$280', '高級雙床房:HK$280', '高級大床房:HK$311', '商務雙床房:HK$311']"
烏鎮墨意淌人文藝術酒店（西柵景區南門店）,9.5,"['閑楫大床房:HK$277', '蠶眠舒適露台房:HK$299', '弄影院景陽台房:HK$317', '枕水雅居浴缸套房:HK$323', '煙橋雙床房:HK$345']"
