酒店名称,评分,房型价格列表
天津站希爾頓歡朋酒店,9.6,"['高級大床房:HK$720', '舒適河景雙床房:HK$763', '高級親子房:HK$785', '豪華大床房:HK$807', '商務豪華大床房:HK$873']"
天津站濱江道CitiGO歡閣酒店,9.7,"['歡享大床房（內景）（智能客控+可投屏65寸電視+小冰箱）:HK$362', '歡享大床房（智能客控+可投屏65寸電視+小冰箱）:HK$391', '歡閣大床房（智能客控+可投屏65寸電視+小冰箱）:HK$422', '歡逸大床房（智能客控+可投屏65寸電視+小冰箱）:HK$462', '歡逸雙床房（智能客控+可投屏65寸電視+小冰箱）:HK$512']"
建國鉑萃酒店（天津之眼店）,9.6,"['萃逸大床房（小度控制 +智能潔具+冰箱+柔軟浴袍+電視投屏）:HK$441', '萃雅商務雙床房（全屋智能小度控制 +智能潔具+冰箱+柔軟浴袍+電視投屏）:HK$449', '萃雅商務大床房（小度控制 +智能潔具+冰箱+柔軟浴袍+電視投屏）:HK$457', '萃韻景觀雙床房（全屋智能小度控制 +智能馬桶+冰箱+柔軟浴袍+電視投屏）:HK$513', '萃韻景觀大床房（全屋智能小度控制 +智能馬桶+冰箱+柔軟浴袍+電視投屏）:HK$537']"
麗柏酒店（天津站意式風情街店）,9.7,"['舒適大床房（席夢思床墊+65寸超清電視可投屏）:HK$520', '精緻大床房（空氣凈化器+席夢思床墊+65寸電視可投屏）:HK$552', '豪華大床房（席夢思床墊+65寸超清電視可投屏+冰箱）:HK$584', '豪華雙床房（席夢思床墊+65寸超清電視可投屏）:HK$584']"
天津空港濱海國際機場亞朵酒店,9.6,"['雅緻大床房（投屏電視）:HK$331', '高級雙床房（電視投屏）:HK$340', '高級大床（投屏電視）:HK$367', '行政大床房:HK$394', '行政雙床房:HK$394']"
天津利順德大飯店,9.3,"['維多利亞客房（博物館翼樓）:HK$824', '經典大床客房（乾濕分離）:HK$887', '經典雙床客房（乾濕分離）:HK$887', '維多利亞豪華大床房（博物館翼樓）:HK$887', '維多利亞豪華雙床房（博物館翼樓）:HK$887', '維多利亞陽台房（博物館翼樓）:HK$1,014']"
天津北辰希爾頓歡朋酒店,9.7,"['舒適大床房:HK$457', '舒適雙床房:HK$478', '高級大床房:HK$500', '高級雙床房:HK$522', '豪華大床房:HK$577']"
天津濱海三大街MSD亞朵酒店,9.7,"['高級雙床房（65寸投屏電視+智能客控+智能馬桶）:HK$349', '高級大床房（65寸投屏電視+智能客控+智能馬桶）:HK$367', '行政雙床房（65寸可投屏電視+智能客控+智能馬桶）:HK$484', '行政大床房（65寸可投屏電視+智能客控+智能馬桶）:HK$511', '幾木雙床房（小冰箱+65寸投屏電視+智能客控+深睡枕）:HK$547']"
天津鼓樓諾富特酒店,9.7,"['大床房:HK$542', '雙床房:HK$542', '高級大床房:HK$582', '高級雙床房:HK$582', '豪華大床房:HK$623']"
天津藝龍酒店,9.7,"['特享影音大床房（投影儀+智能客控+毛巾除菌櫃）:HK$429', '不凡電競雙床房（智能客控+毛巾除菌櫃+大冰箱）:HK$429', '心悦雙床房（智能客控+毛巾除菌櫃+小冰箱）:HK$457', '心悦大床房（自帶陽台+智能客控+毛巾除菌櫃+小冰箱）:HK$485', '藝心大床房（智能客控+毛巾除菌櫃+小冰箱）:HK$540']"
歐航蘭蒂斯酒店（天津濱海國際機場店）,9.3,"['高級大床房:HK$160', '高級雙床房:HK$160', '豪華大床房:HK$186', '豪華雙床房:HK$186']"
天津津灣廣場漫心酒店,9.6,"['雅緻大床房（智能客控+可投屏電視+小冰箱）:HK$430', '經典大床房:HK$430', '心怡大床房（智能客控+可投屏電視+小冰箱）:HK$447', '心悦高級大床房（智能客控+可投屏電視+小冰箱）:HK$488', '心享經典大床房（智能客控+可投屏電視+小冰箱）:HK$526']"
天津之眼亞朵酒店,9.5,"['高級大床房（手機智能投屏）:HK$592', '行政大床房（超大空間+手機智能投屏）:HK$619', '高級雙床房（手機智能投屏）:HK$619', '行政雙床房（超大空間+手機智能投屏）:HK$682', '幾木家庭雙床房（迷你冰箱+手機智能投屏+深睡枕）:HK$771']"
天津麗思卡爾頓酒店,9.5,"['豪華雙床房丨歐式復古風:HK$2,799', '豪華大床房丨歐式復古風:HK$2,799', '豪華空中庭院大床房丨私享户外庭院:HK$2,927', '豪華超級大床房:HK$2,927', '豪華空中庭院房丨超級大床:HK$3,054', '行政豪華大床房:HK$3,309']"
天津空港濱海國際機場希爾頓歡朋酒店,9.6,"['舒適大床房（舒達床墊+電視投屏+智能馬桶）:HK$475', '高級雙床房（舒達床墊+電視投屏+智能馬桶）:HK$505', '高級大床房（舒達床墊+電視投屏+智能馬桶）:HK$535', '豪華雙床房（舒達床墊+電視投屏+智能馬桶）:HK$565', '豪華大床房（舒達床墊+電視投屏+智能馬桶）:HK$596']"
宜必思酒店（天津火車站津灣廣場店）,9.5,"['大床房（房間配有加濕器+金可兒床墊+可投屏電視）:HK$348', '雙床房（配有加濕器+金可兒床墊+可投屏電視）:HK$368', '高級大床房（金可兒床墊+可投屏電視）:HK$378', '高級雙床房（金可兒床墊+可投屏電視）:HK$398']"
天津海教園國家會展中心希爾頓歡朋酒店,9.7,"['舒適大床房（舒達床墊+智能投屏電視+智能客控）:HK$435', '舒適雙床房（舒達床墊+智能客控+手機投屏 ）:HK$435', '荷里活房-超大床（舒達床墊+手機投屏+智能客控）:HK$435', '高級大床房（舒達床墊+手機投屏+智能客控）:HK$464', '高級雙床房（舒達床墊+手機投屏+智能客控）:HK$485']"
天津南站鵬瑞利明宇麗雅酒店,9.5,"['輕居雙床房（城景落地窗-深睡床墊-投屏電視）:HK$441', '麗雅大床房（城景落地窗-深睡床墊-投屏電視）:HK$441', '麗雅雙床房（落地窗城景-深睡床墊-投屏電視）:HK$441', '輕居大床房（城景落地窗-深睡床墊-投屏電視）:HK$463', '麗雅陽光大床房（270°環幕視野-深睡床墊-投屏電視）:HK$489']"
天津水遊城麗筠酒店（西北角特色美食街區店）,9.4,"['舒適大床房:HK$620', '高級大床房（落地窗觀民俗街 深睡床墊）:HK$725', '高級雙床房（落地窗觀民俗街 深睡床墊）:HK$725', '豪華房-都市網紅街景:HK$760', '雅緻大床房（高層城市觀景+深睡床墊+小冰箱）:HK$783', '雅緻雙床房（高層觀景+深睡床墊+小冰箱）:HK$783']"
天津之眼逸扉酒店,9.5,"['靜享雙床房（全屋空氣凈化+氧吧+智能語控+電視投屏）:HK$425', '靜享大床房（全屋空氣凈化+氧吧+智能語控+電視投屏）:HK$425', '高級大床房（智能語音控制+膠囊coffee機+智能馬桶+迷你冰箱+65寸電視投屏）:HK$457', '高級雙床房（智能語音控制+膠囊coffee機+智能馬桶+迷你冰箱+65寸電視投屏）:HK$457', '親子家庭房（全屋空氣凈化+氧吧+智能語控+電視投屏）:HK$478']"
琯自在·美學·療愈度假民宿（天津薊州西井峪店）,9.8,"['竹塢·扶光 | 小眾禪意零壓房:HK$982', '竹塢·碧落 | 小眾禪意零壓房:HK$982', '竹塢·柔衹 | 小眾禪意零壓房:HK$982', '竹塢·琅軒 | 小眾禪意零壓房:HK$982']"
麗怡酒店（天津空港濱海國際機場店）,9.6,"['高級大床房-智能客控:HK$275', '豪華大床房-智能客控:HK$293', '純凈大床房-智能客控+空氣凈化器:HK$301', '純凈雙床房-智能客控+空氣凈化器:HK$330']"
天津金皇大酒店,9.3,"['豪華祕境房|榻榻米:HK$501', '安適雙床間:HK$501', '安適大床間:HK$501', '豪華大床間:HK$545', '豪華雙床間:HK$545', '豪華一室一廳公寓:HK$609']"
天津香格里拉大酒店,9.3,"['豪華河景雙床房:HK$983', '豪華河景大床房:HK$983', '豪華全景大床房:HK$1,092', '豪華閣河景雙床房:HK$1,311', '豪華閣河景大床房:HK$1,311', '小黃鴨親子客房:HK$1,584']"
吉祥院子民宿（天津楊柳青古鎮石家大院店）,9.6,"['大床房:HK$365', '雙床房:HK$514', '雙床套房:HK$713', '大床套房:HK$715']"
麗柏酒店（天津空港濱海國際機場店）,9.6,"['智享舒適大床房（智能客控）:HK$328', '智享巨幕影音大床房（智能客控）:HK$333', '智享精緻大床房（智能客控）:HK$343', '智享豪華雙床房（智能客控）:HK$383', '森氧豪華大床房（智能客控）:HK$400']"
天津麥客達温德姆酒店,9.5,"['商務雙床房（電視投屏+舒達床墊）:HK$521', '商務大床房（電視投屏+舒達床墊）:HK$560', '高級商務大床房（電視投屏+舒達床墊）:HK$613', '多功能大床房（電視投屏+舒達床墊）:HK$652', '豪華商務大床房（電視投屏+舒達床墊）:HK$770']"
天津五大道小白樓地鐵站亞朵輕居酒店,9.5,"['舒適大床房:HK$322', '標準大床房:HK$349', '標準雙床房:HK$349', '精選大床房:HK$376']"
萬麗天津賓館（市政府店）,9.2,"['豪華城景大床房:HK$751', '豪華城景雙床房:HK$806', '豪華湖景大床房:HK$828', '豪華湖景雙床房:HK$882', '尊貴湖景大床房:HK$904', '奧特曼親子湖景大床客房:HK$947']"
天津富力萬達文華酒店,9.5,"['高級豪華雙床房（悦享城景+超大浴缸+深睡床墊）:HK$710', '高級豪華大床房（悦享城景+超大浴缸+深睡床墊）:HK$710', '高級豪華河景大床房（悦享河景+超大浴缸+深睡床墊）:HK$756', '行政樓層大床房（悦享城景+超大浴缸+深睡床墊）:HK$909', '行政樓層雙床房（悦享城景+超大浴缸+深睡床墊）:HK$909', '行政樓層河景大床房（悦享河景+超大浴缸+深睡床墊）:HK$947']"
全季酒店（天津小白樓徐州道地鐵站店）,9.5,"['高級特大床房【可投屏65寸電視+冰箱+金可兒床墊】:HK$522', '大床房【可投屏65寸電視+冰箱+金可兒床墊】:HK$542', '高級大床房【可投屏65寸電視+冰箱+金可兒床墊】:HK$572', '雙床房【可投屏65寸電視+冰箱+金可兒床墊】:HK$603']"
天津大學海光寺亞朵酒店,9.6,"['雅緻雙床房（可投屏55寸電視）:HK$358', '雅緻大床房（可投屏55寸電視）:HK$367', '高級雙床房（可投屏55寸電視）:HK$412', '高級大床房（可投屏55寸電視）:HK$421', '行政大床房:HK$430']"
天津濱海新區洞庭路亞朵酒店,9.6,"['高級大床房（65寸小米電視投屏+智能馬桶+深睡枕PRO）:HK$331', '高級雙床房（65寸小米電視投屏+智能馬桶+深睡枕PRO）:HK$349', '行政大床房（全屋智能+金可兒乳膠床墊+深睡枕PRO）:HK$349', '幾木大床房（全屋智能+冰箱迷你Bar+浴袍+深睡枕PRO）:HK$367', '幾木雙床房（全屋智能+冰箱迷你Bar+浴袍+深睡枕PRO）:HK$367']"
天津融僑套房假日酒店（南開長江道店）,9.5,"['高級大床房 | 津沽CBD夜景 | 超大衞生間，雙洗手盆:HK$501', '高級雙床房 | 津沽CBD夜景 | 超大衞生間，雙洗手盆:HK$501', '高級房 | 津沽CBD夜景 | 超大衞生間，雙洗手盆:HK$501', '無障礙標準雙床房:HK$556', 'City Walk高層大床房｜津沽夜色｜超大衞生間,雙洗手盆:HK$600', 'City Walk高層雙床房｜津沽夜色｜超大衞生間,雙洗手盆:HK$600']"
天津五大道外國語大學亞朵酒店,9.5,"['高級大床房（智能語音+小冰箱+深睡枕PRO+智能投屏）:HK$502', '行政大床房（智能語音+小冰箱+深睡枕PRO+智能投屏）:HK$592', '行政雙床房（智能語音+小冰箱+深睡枕PRO+智能投屏）:HK$628', '幾木大床房（智能語音+深睡枕PRO+浴袍+智能投屏）:HK$717', '幾木雙床房（智能語音+深睡枕PRO+浴袍+智能投屏）:HK$861']"
時光漫步S酒店（天津火車站津灣廣場店）,9.8,"['悠然大床房（智能客控+手機投屏+小冰箱）:HK$419', '景觀大床房（智能客控+手機投屏+小冰箱）:HK$450', '行政大床房（超大空間+小冰箱+靜謐睡眠）:HK$480', '尊享大床房（可加沙發床+智能客控+小冰箱）:HK$511']"
天津武清希爾頓歡朋酒店,9.6,"['高級雙床房:HK$450', '舒適大床房:HK$469', '高級大床房（帶沙發床）:HK$498', '豪華雙床房:HK$517', '豪華大床房（帶沙發床）:HK$575']"
天津泛太平洋大酒店,9.4,"['豪華城市景觀大床房丨哏都風貌丨舒適觀景貴妃榻:HK$568', '至尊城市景觀雙床房丨哏都風貌丨舒適觀景貴妃榻:HK$568', '豪華河景大床房丨海河夜色丨舒適觀景貴妃榻:HK$634', '至尊河景雙床房丨海河夜色丨舒適觀景貴妃榻:HK$634', '一室一廳公寓丨靈動空間丨開放式廚房:HK$728', '行政城市景觀大床房丨俯瞰天津衞丨舒適觀景貴妃榻:HK$739']"
維也納國際酒店（天津鼓樓店）,9.6,"['商務大床房（180°城景+智能）:HK$431', '豪華大床房（180°城景+智能）:HK$467', '豪華雙床房（180°城景+智能）:HK$492', '景觀大床房（180°城景+森林氧吧+智能+小冰箱）:HK$500', '景觀雙床房（180°城景+森林氧吧+智能+小冰箱）:HK$522']"
麗怡酒店（天津站古文化街店）,9.5,"['大床房（智能客控+慕思床墊）:HK$356', '高級大床房（智能客控+慕思床墊）:HK$412', '純凈大床房（智能客控+慕思床墊）:HK$466', '豪華三人房（智能客控+慕思床墊）:HK$522']"
天津站希爾頓花園酒店,9.6,"['花園大床房:HK$573', '花園無障礙房:HK$573', '花園雙床房:HK$611', '花園景觀大床房:HK$611', '花園豪華雙床房:HK$624']"
全季酒店（天津濱江道商業街店）,9.5,"['特價大床房（新風系統 可投屏65寸電視+金可兒床墊）:HK$291', '高級大床房（新風系統可投屏65寸電視+金可兒床墊）:HK$320', '雙床房（新風系統 可投屏65寸電視+金可兒床墊）:HK$329', '商務雙床房（可投屏65寸電視+金可兒床墊）:HK$367']"
天津濱江道步行街桔子水晶酒店,9.4,"['大床房（智能客控+可投屏65寸電視）:HK$441', '商務大床房（智能客控+可投屏65寸電視）:HK$472', '高級大床房（智能客控+可投屏65寸電視）:HK$502', '行政大床房（智能客控+可投屏65寸電視）:HK$572', '雙床房（智能客控+可投屏65寸電視）:HK$592']"
天津海河假日酒店（天津之眼店）,9.1,"['文化街景雙床房丨安靜愜意:HK$689', '文化街景大床房丨安靜愜意:HK$689', '海河景觀大床房丨海河夜景:HK$798', '海河景觀雙床房丨海河夜景:HK$798', '摩天輪景觀大床房丨摩天輪夜景丨配備浴缸:HK$995']"
天津五大道佟樓地鐵站亞朵酒店,9.7,"['高級大床房（可投屏65寸電視＋智能客控＋智能馬桶）:HK$412', '行政大床房（智能客控＋可投屏65寸電視＋智能馬桶＋小冰箱）:HK$537', '行政雙床房（智能客控＋可投屏65寸電視＋智能馬桶＋小冰箱）:HK$592', '幾木雙床房（深睡枕+小冰箱＋智能客控＋可投屏65寸電視＋智能馬桶）:HK$682', '幾木大床房（深睡枕+小冰箱＋智能客控＋可投屏65寸電視＋智能馬桶）:HK$682']"
天津河東希爾頓歡朋酒店,9.7,"['舒適大床房（舒達床墊+智能投屏電視+智能客控）:HK$672', '舒適雙床房（舒達床墊+智能投屏電視+智能客控）:HK$672', '高級大床房（舒達床墊+智能投屏電視+智能客控）:HK$739', '高級雙床房（舒達床墊+智能投屏電視+智能客控）:HK$739', '豪華大床房（舒達床墊+智能投屏電視+智能客控）:HK$797']"
天津五大道希爾頓歡朋酒店,9.6,"['高級大床房（舒達床墊+投屏+多場景燈光）:HK$544', '豪華大床房（舒達床墊+投屏+多場景燈光）:HK$592', '高級雙床房（舒達床墊+投屏+多場景燈光）:HK$609', '豪華親子大床房（舒達床墊+投屏+多場景燈光）:HK$640', '豪華親子雙床房（舒達床墊+投屏+多場景燈光）:HK$640']"
喆啡酒店（天津意式風情區古文化街店）,9.5,"['醇享生活房:HK$428', '醇享大床房:HK$451', '啡凡影視大床房:HK$466', '啡凡大床房:HK$505']"
天津瑞吉金融街酒店,9.4,"['高級城景大床房丨哏都金街風貌:HK$1,156', '高級河景大床房丨旖旎海河景觀:HK$1,207', '高級河景雙床房 | 旖旎海河景觀:HK$1,207', '尊貴海河全景客房丨超大落地窗:HK$1,538', '瑞吉套房:HK$2,175', '州長套房:HK$2,876']"
天津友誼賓館,9.3,"['舒適靜謐大床房:HK$436', '舒適靜謐雙床房:HK$436', '賞花悦景大床房（英倫鐘樓景觀）:HK$490', '賞花悦景雙床房（英倫鐘樓景觀）:HK$490', '貴賓清靜大床房:HK$544']"
