酒店名称,评分,房型价格列表
凱旋大酒店（婁底市政府高鐵南站店）,9.4,"['特惠大床房（大窗城景）:HK$152', '輕奢大床房:HK$174', '輕奢雙床房:HK$185', '商旅大床房（城市美景＋中央空調）:HK$199']"
金香大酒店（婁底婁星廣場春園步行街店）,9.7,"['金•悦享大床房:HK$206', '金•悦享雙床房:HK$269', '金•悠享棋牌房:HK$279']"
婁底華天大酒店,9.5,"['城市天際雙床房:HK$285', '城市天際大床房:HK$306', '江景公園大床房:HK$328', '江景公園雙床房:HK$328', '深睡零壓大床房·新裝:HK$348', '行政中央雙床房:HK$391']"
維也納國際酒店（婁底體育館店）,9.2,"['高級大床房:HK$221', '高級雙床房:HK$221', '豪華大床房:HK$260', '豪華雙床房:HK$260', '商務大床房:HK$280']"
宜尚酒店（婁底店）,9.6,"['標準大床房（北歐輕奢風格）:HK$222', '商務大床房（宜享靜謐空間）:HK$241', '商務雙床房（零壓睡眠+安靜舒適）:HK$241', '城景大床房（自然採光+芝華士休閑沙發）:HK$264', '城景雙床房（視野明亮+陽光城景）:HK$264']"
廷泊酒店（婁底火車站萬豪城市廣場店）,9.5,"['優居大床房:HK$261', '雅悦禮居大床房:HK$296', '尊享典居雙人房:HK$310', '尊享典居大床房:HK$340']"
豪萊雅酒店（婁底體育館店）,9.5,"['宿雲大床房:HK$223', '綺雲雙床房:HK$256', '棲雲大床房:HK$268', '夢雲主題套房:HK$287']"
莫林酒店（婁底市政府人文科技學院店）,9.5,"['豪華大床房（乳膠床墊+舒適睡眠）:HK$284', '豪華雙床房（乳膠床墊+舒適睡眠）:HK$294', '豪華巨幕影音房（零壓床墊+100寸巨幕+VIP觀影）:HK$304', '北歐主題大床房（乳膠床墊）:HK$314']"
維也納酒店（婁底萬豪城市廣場店）,9.4,"['標準大床房:HK$192', '高級大床房:HK$206', '豪華雙床房:HK$206', '豪華大床房:HK$214']"
赫柏臻悦酒店（吉星金融廣場店）,9.6,"['臻.影視大床房.智能小度:HK$270', '逸.影視雙床房.暮光觀景:HK$277', '趣.影視創意房.親子閨蜜:HK$288', '歡.影視暢玩麻將大床房.巨屏投影:HK$301']"
悦行酒店（婁星廣場春園步行街店）,9.3,"['優選大床房【落地窗+中央空調+星港床墊】:HK$151', '悦致大床房【180°落地窗+中央空調+星港床墊】:HK$169', '悦臻雙床間【180°落地窗+中央空調+星港床墊】:HK$184', '悦臻大床房【180°落地窗+中央空調+星港床墊】:HK$194']"
三間房瞬間酒店（萬豪春園步行街店）,9.3,"['怡致商務大床房（智能客控）:HK$195', '怡致雙床房（智能客控）:HK$205', '悦致大床房（智能客控）:HK$216', '悦致商務雙床房（智能客控|辦公電腦桌）:HK$226']"
赫柏喜悦影視酒店（婁底大漢路店）,9.3,"['星辰MINI大床房｜酣然入夢+零壓床墊:HK$175', '影院雙床房｜深眠乳膠記憶枕｜深眠乳膠床墊｜影視會員:HK$192', '逸趣生活｜影視棋牌雙床房｜空氣凈化器:HK$202', '國風商務｜影視三床房｜4K堅果投影｜城市夜景:HK$224']"
卡爾頓酒店,9.5,"['精緻單間:HK$125', '精緻雙床間:HK$134', '豪華大床房:HK$139', '豪華雙床房:HK$139']"
莫林風尚酒店（婁星廣場春園步行街店）,9.3,"['特惠房:HK$232', '商務大床房:HK$261', '商務雙床房:HK$281', '豪華大床房:HK$281']"
婁星華天假日酒店,9.8,"['高級大床房:HK$326', '高級雙床房:HK$333', '極氪一機位大床房（網吧遊戲權限+4060顯卡+i7cpu+電競椅+電競鼠標+電競耳機）:HK$340', '城景大床房:HK$340', '巨幕影音大床房:HK$347']"
歡麓麗晨V酒店（婁底人文科技學院春園步行街店）,9.6,"['歡享大床房（洗卸粧用品+潤膚乳+面膜）:HK$175', '麗怡雙床房（智能聲控）:HK$176', '歡致大床房 （乾濕分離+智能客控+裝修精緻）:HK$186', 'Vibrant·歡瑞大床房（床品考究+深度睡眠+智能聲控）:HK$213']"
悦致酒店（婁底市政府店）,9.7,"['城景雙床房:HK$280', '高級大床房:HK$280', '城景大床房:HK$291', '豪華景觀雙床房:HK$324', '影院大床房:HK$335']"
猛哥萬奇酒店（婁底新體育館職業技術學院店）,9.2,"['簡約大床房:HK$100', '豪華單間:HK$143', '家庭雙床房:HK$143']"
蘭泊酒店（婁底高鐵南站店）,9.1,"['高級大床房:HK$228', '豪華大床房:HK$236', '豪華雙床房:HK$269', '休閑麻將房:HK$285']"
菲倫酒店（婁底高鐵南站市政府店）,9.8,"['高級大床房（智能客控+零壓床枕）:HK$200', '曼倫榻榻米房（全屋智能客控）:HK$205', '影院大床房（沉浸式觀影）:HK$214', '高級雙床房（記憶棉枕頭健康好眠＋乾濕分離）:HK$214']"
綠意·博克斯酒店（婁底市政府店）,9.6,"['格悦·輕奢大床房:HK$225', '格悦·輕奢雙床房:HK$225', '臻悦·高級大床房:HK$255', '臻悦·高級雙床房:HK$255']"
婁底温德姆至尊豪廷大酒店,9.4,"['現代大床房:HK$440', '現代雙床房:HK$440', '雅·湖景中式大床房:HK$510', '雅·城景中式雙床房:HK$510', '尊·高奢法式大床房:HK$592', '尊·高奢法式雙床房:HK$592']"
藝龍亦云酒店（婁底火車站漣鋼沃爾瑪店）,9.5,"['雲嵐大床房·零壓睡眠:HK$154', '雲夢大床房 温馨榻榻米:HK$181', '雲舒雙床房·投屏電視:HK$186', '雲舒大床房·深度睡眠:HK$193']"
婁底智尚輕奢酒店（市政府店）,9.3,"['雲端靜享雙床房（靜謐院景+三區分離）:HK$143', '全景祕境大床房（降噪玻璃+靜謐庭院）:HK$143', '雲端行政雙床房（安靜庭院+高空辦公）:HK$159', '天際線大床房（零壓床墊+180度全景落地窗）:HK$159']"
財智國際大酒店（婁底春園步行街店）,8.4,"['智享舒適大床房:HK$167', '智悦影院大床房:HK$180', '智雅豪華雙床房:HK$193']"
優程酒店（婁底漣鋼沃爾瑪店）,9.5,"['優享大床房:HK$155', '優雅大床房:HK$173', '優雅雙床房:HK$173', '優悦投影房（高清投影&智能語音）:HK$183']"
開成酒店（婁底吾悦廣場人文科技學院店）,9.3,"['依雲旅居大床房【全屋智能+巨幕投影+手機可投屏+杯具保潔櫃】:HK$167', '依雲旅居雙床房【全屋智能+巨幕投影+手機可投屏+杯具保潔櫃】:HK$167', '汐雲輕居大床房【全屋智能+巨幕投影+手機可投屏+情侶沙發休閑區】:HK$182', '汐雲輕居雙床房【全屋智能+巨幕投影+手機可投屏+休閑辦公區】:HK$182']"
綠意·雅緻酒店（婁底店）,9.5,"['雅緻雙床房:HK$285', '雅緻大床房:HK$292', '逸緻·高級大床房:HK$323', '品致・茶藝大床房:HK$340', '影致·浴缸大床房:HK$345']"
恆豐大酒店,8.5,"['高級雙床房:HK$239', '商務大床房:HK$247', '恐龍親子房:HK$260', '商務雙床房:HK$261', '智能大床房:HK$266']"
婁底悦泊酒店（五江建材城店）,9.4,"['悦·雅緻大床房:HK$124', '悦.雅緻雙人間:HK$141', '精緻大床房:HK$155', '悦·精緻雙床房:HK$163']"
赫柏星空酒店（高鐵南站婁底一中店）,9.4,"['星空•私影大床房:HK$191', 'PLUS私影大床房:HK$212', '星空•影院大床房:HK$226', '星空·影視豪華雙床房:HK$226']"
莫林風尚酒店（婁底八中店）,9.0,"['特惠房:HK$135', '商務大床房:HK$207', '豪華大床房:HK$213', '豪華娛樂房:HK$242']"
競時空電競酒店（高鐵南站店）,9.9,"['JSK 電競大床房[無線鼠標+搖臂+新風]:HK$227', 'JSK 電競雙床房[27寸直屏180HZ+搖臂+磁動力鍵盤]:HK$247', 'JSK臻享三人房[黑神話悟空暢玩+DTS音效+顯卡4060]:HK$321', 'JSK舒享四人房[玩家專享+全場專線網絡+免享加速器]:HK$381']"
豪萊雅金和酒店（婁底吾悦廣場高鐵南站店）,9.4,"['高級雙床房【星港床墊+中央空調+新風系統】:HK$187', '高級大床房【星港床墊+酒店公區提供自助洗衣機】:HK$187', '輕奢大床房【智能客控+巨幕投影+沙發會客區】:HK$233', '輕奢雙床房【智能客控+星港床墊+舒適沙發會客區】:HK$248', '輕奢棋牌房【智能客控+星港茶墊+煙霧凈化器】:HK$287']"
赫柏希音酒店（婁底南站店）,9.2,"['XIYIN舒睡智選大床房（智能聲控+零壓床枕）:HK$238', 'XIYIN影音智能雙床房（4K騰訊VIP+可投屏+零壓床枕）:HK$260', 'XIYIN影音智能大床房（4K騰訊VIP+投屏辦公+零壓床枕）:HK$276', 'XIYIN影音智能雙床套房（4K騰訊VIP+可投屏）:HK$323']"
赫柏星空酒店（婁底吾悦廣場人文科技學院店））,9.6,"['悦享影視大床房（記憶床墊+舒適睡眠+4K投屏+100寸幕布）:HK$182', '悦享大屏影視大床房（記憶床墊+舒適睡眠+4K投屏+100寸幕布）:HK$193', '愉享影視大床房（記憶床墊+舒適睡眠+4K投屏+100寸幕布）:HK$206', '愉享影視雙床房（記憶床墊+舒適睡眠+4K投屏+100寸幕布）:HK$213']"
顧德酒店（婁底五江建材家居城二大橋店）,8.3,"['特惠房:HK$133', '商務大床房:HK$203', '商務雙床房:HK$210', '豪華大床房:HK$239']"
幻幕電競影院酒店（婁底體育館職業技術學院店）,10.0,"['標準大床房（無電腦）:HK$178', '標準雙床房（無電腦）:HK$190', '娛樂房:HK$205', '星際對決大床房:HK$242']"
嶼釐Z酒店（婁底關家腦店）,7.3,"['嶼馨影視大床房:HK$108', '嶼馨影視雙床房:HK$108', '嶼逸影視大床房:HK$119', '嶼逸影視雙床房:HK$133']"
婁星萬納輕雅酒店（婁底中心醫院職業技術學院店）,9.6,"['波西米亞雅居大床房（靜音謐空+酒店所有房型都vip影視）:HK$165', '輕雅·尊享大床房｜凹凸門設計｜深舒眠｜沙發全新布草:HK$178', '輕雅·尊享雙床房｜靜謐超大空間｜180度城市景觀:HK$178', '雅樂·影音大床房｜巨幕100極米4K｜影視vip片源｜投屏:HK$191']"
麗楓酒店（婁底市政府店）,9.3,"['標準單人房:HK$206', '豪華大床房:HK$246', '豪華雙床房:HK$254', '商務大床房:HK$278']"
萬納S酒店（婁底關家腦店）,9.4,"['『歡悦●暢享影院房』-IMAX巨幕4K|極光TV會員|智能衞浴:HK$153', '『歡漫●安全觀影房』智能客控|超大休閑區+沉浸巨幕4K:HK$165', '『陽光●庭院雙床房』4K沉浸式光影+幽靜庭院+智能衞浴:HK$170', '『歡致●零壓庭院房』幽靜庭院|零壓床墊+智能門禁:HK$194']"
萬納輕雅酒店（漣鋼沃爾瑪五江建材店）,9.6,"['臻享·榻榻米大床房（乳膠床墊+舒適睡眠+酒店提供洗衣機）:HK$123', 'W·輕居雙床房（乳膠床墊+舒適睡眠+酒店提供洗衣機）:HK$167', 'W·輕居大床房（乳膠床墊+舒適睡眠+酒店提供洗衣機）:HK$175', '米諾·影視大床房（乳膠床墊+舒適睡眠+酒店提供洗衣機）:HK$183']"
婁底萬納悦行酒店（五江碧桂園店）,9.6,"['簡約大床房（紗布草texsoft鵝絨被芯+一次性洗漱用品）:HK$117', '輕居大床房（180°C全景落地窗＋乾濕分離）:HK$125', '輕居舒適雙人間（一次性洗漱用品＋酒店公區提供洗衣機）:HK$133', '雅樂影院大床房（極光4k高清+100寸無框幕布+手機投屏）:HK$149']"
凱里亞德酒店（婁底市中心醫院職業技術學院店）,9.6,"['榮享雙床房:HK$202', '榮享大床房:HK$202', '榮享雙拼大床房:HK$214', '優享陽光大床房（小冰箱+加熱毛巾架）:HK$222']"
星期六·輕雅酒店（火車站石馬公園店）,9.1,"['清風·輕奢大床房（房間寬敞+採光好+安靜舒適）:HK$95', '偶然間·簡約雙床房（房間寬敞+採光充足+乾淨舒適）:HK$95', '雅緻·茗悦大床房（房間寬敞+依窗茶桌+採光好）:HK$119', '清風·輕奢雙床房（空氣清新+採光充足+乾淨舒適）:HK$119']"
嘉圖酒店（婁底關家腦店）,9.2,"['Discunt嘉恵心動房:HK$109', 'Formal嘉怡大床房:HK$128', 'Formal嘉怡雙床房:HK$140', 'Luxury嘉豪大床房:HK$153']"
漢庭酒店（婁底漣鋼店）,9.9,"['高級大床房:HK$196', '豪華大床房:HK$215', '高級雙床房:HK$215', '豪華套房:HK$261']"
維納鑫酒店（婁底新市政府高鐵南站）,9.6,"['高級大床房:HK$144', '豪華雙床房:HK$151', '豪華大床房:HK$159', '尚品茶藝大床房:HK$167']"
