酒店名称,评分,房型价格列表
宿州蘇寧廣場亞朵酒店,9.7,"['高級大床房（深睡床品+電視投屏）:HK$332', '高級雙床房（深睡床品+電視投屏）:HK$332', '行政大床房（深睡床品+電視投屏）:HK$359', '行政雙床房（深睡床品+電視投屏）:HK$359', '幾木城景大床房（可投屏）:HK$412']"
海貝聯盟酒店（宿州快客汽車站店）,9.5,"['特惠智選大床房（太空羽絨被+高級床墊）:HK$152', '豪華輕奢大床房（Mini冰箱，綿柔浴袍）:HK$184', '臻選高級雙床房（可投屏+輕奢風格，超大空間）:HK$211', '臻選高級大床房（輕奢風格，超大空間+可投屏）:HK$211']"
如家商旅酒店（宿州淮河西路光彩城店）,9.8,"['雙床房:HK$179', '商務大床房:HK$179', '高級雙床房:HK$205', '高級大床房:HK$213']"
宿州環宇美侖國際酒店,9.8,"['高級大床房:HK$380', '商務大床房:HK$399', '商務雙床房:HK$409', '豪華大床房:HK$428', '豪華雙床房:HK$439']"
錦江都城酒店（宿州國購廣場華夏店）,9.5,"['時尚雙床房:HK$251', '時尚商務房:HK$269', '精緻商務房:HK$304', '精緻雙床房:HK$315']"
宿州萬達廣場銀河四路亞朵酒店,9.7,"['高級大床房（深睡床品+電視投屏）:HK$328', '行政雙床房（深睡床品+可投屏+小冰箱）:HK$328', '行政大床房（深睡床品+電視投屏）:HK$350', '尊享大床房（深睡床品+電視投屏）:HK$385', '尊享雙床房（深睡床品+超大空間）:HK$385']"
宿州豐大國際大酒店,9.7,"['豪華雙床房:HK$337', '豪華大床房:HK$371', '商務大床房:HK$438', '行政大床房:HK$482', '行政雙床房:HK$482']"
如家精選酒店（宿州國購廣場宿懷北路店）,9.5,"['大床房A:HK$148', '大床房:HK$156', '雙床房:HK$156', '商務大床房:HK$171']"
宿州龍登開元頤居酒店（宿城十一中通濟校區店）,9.7,"['頤享舒適大床房:HK$213', '頤享高級大床房:HK$236', '頤享豪華大床房:HK$263', '頤享豪華雙床房:HK$275']"
全季酒店（宿州國購廣場店）,9.7,"['高級大床房:HK$296', '雙床房:HK$305', '商務大床房:HK$315', '商務雙床房:HK$315']"
宿州國際大酒店,9.5,"['豪華雙床房:HK$327', '豪華大床房:HK$327', '高級大床房:HK$374', '行政大床房:HK$492', '行政豪華大床房:HK$541', '高級套房:HK$905']"
宿州東站桔子水晶酒店,9.8,"['高級雙床房:HK$372', '高級大床房:HK$381', '商務大床房:HK$412', '豪華大床房:HK$432', '豪華雙床房:HK$432']"
庭柏商務酒店（宿州人民南路金方世紀城店）,9.6,"['慕棲靜享大床房（智能馬桶+超大空間+新風系統）:HK$331', '慕棲靜享雙床房（智能馬桶+全屋木飾面+超大床）:HK$382', '尊享商務大床房（一室一廳+智能馬桶+商務沙發私密空間）:HK$401', '景觀商務大床房（超大空間+零壓床墊+智能馬桶）:HK$410']"
全季酒店（宿州皖北總院店）,9.9,"['高級大床房:HK$315', '高級雙床房:HK$345', '商務大床房:HK$345', '套房:HK$384']"
維也納酒店（宿州火車站港口中路店）,9.6,"['標準大床房:HK$175', '高級大床房:HK$183', '高級雙床房:HK$198', '豪華大床房:HK$217']"
美豪麗致酒店（宿州市立醫院店）,9.7,"['雅緻大床房:HK$273', '麗致大床房:HK$274', '麗致雙床房:HK$274', '雅緻雙床房:HK$286', '雅緻套房:HK$364']"
漢庭酒店（宿州汴河東路店）,9.5,"['大床房:HK$189', '高級大床房:HK$198', '雙床房:HK$207', '套房:HK$255']"
全季酒店（宿州市政府萬達廣場店）,9.8,"['高級大床房:HK$331', '雙床房:HK$331', '商務大床房:HK$352', '商務雙床房:HK$352']"
宿州隱·宿度假酒店,9.2,"['標準大床房:HK$264', '標準雙床房:HK$264', '精品雙床房:HK$298', '摩天輪觀景大床房:HK$298']"
和欣大酒店（宿州東站和盛廣場橙天國際影城店）,9.4,"['精品雙床房:HK$173', '雅緻大床房:HK$173', '悦享豪華大床房:HK$199', '悦享豪華雙床房:HK$199']"
漢庭酒店（宿州新二中店）,9.8,"['大床房:HK$187', '高級大床房:HK$205', '雙床房:HK$215', '家庭房:HK$243']"
麗景·悦居酒店（宿州淮河西路店）,9.5,"['輕享新風大床房（智能馬桶、新風系統、深睡記憶枕）:HK$148', '悦享高級大床房（智能馬桶、零壓記憶枕、可投屏）:HK$169', '悦享高級雙床房（智能馬桶、三區分離、零壓記憶枕）:HK$171', '悦享豪華大床房（超大空間、高定布草、深睡記憶枕）:HK$185']"
維也納酒店（宿州雲集店）,9.2,"['標準大床房:HK$217', '標準雙床房:HK$217', '高級大床房:HK$222', '高級雙床房:HK$248']"
歐暇·地中海酒店（宿州經開區店）,9.7,"['歐暇大床房:HK$173', '暇享温馨大床房:HK$197', '暇享温馨雙床房:HK$197', '橄欖園行政大床房:HK$255']"
如家商旅酒店（宿州市政府雲集商業街店）,9.5,"['單人房:HK$131', '商務大床房:HK$148', '高級大床房:HK$166', '雙床房:HK$166']"
麗楓酒店（宿州石城美食巷財富大廈店）,9.6,"['雅緻大床房（迷你冰箱+慕思床墊）:HK$183', '高級雙床房（迷你冰箱+慕思床墊）:HK$224', '豪華大床房（迷你冰箱+慕思床墊+凈化系統）:HK$229', '豪華雙床房（迷你冰箱+慕思床墊+凈化系統）:HK$241']"
麗楓酒店（宿州市立醫院呈泰雙子座店）,9.2,"['高級大床房:HK$176', '雅緻大床房:HK$199', '豪華大床房:HK$229', '雅緻雙床房:HK$239']"
玉蘭酒店,9.2,"['輕舒大床房公區[提供洗衣房]:HK$142', '玉舒大床房[公區提供洗衣房]:HK$162', '玉舒雙床房:HK$173', '蘭舒大床房:HK$184']"
漢庭酒店（宿州萬達廣場店）,9.6,"['大床房:HK$205', '雙床房:HK$205', '高級大床房:HK$215']"
維也納酒店宿州開發區店,9.6,"['標準大床房（無窗）:HK$169', '高級大床房:HK$188', '高級雙床房:HK$196', '豪華大床房:HK$203']"
愛電競酒店（宿州蘇寧廣場店）,9.7,"['特惠電競大床房[RTX4070+2K180HZ+i5 13490F+32G+達爾優鍵盤+羅技鼠標+全屋智能]:HK$251', '零壓電競大床房[RTX4070+2K180HZ+i5 13490F+32G+達爾優鍵盤+羅技鼠標+全屋智能]:HK$275', '零壓電競雙床房[RTX4070+2K180HZ+i5 13490F+32G+達爾優鍵盤+羅技鼠標+全屋智能]:HK$287', '影音電競大床房[RTX4070+2K180HZ+i5 13490F+32G+達爾優鍵盤+羅技鼠標+全屋智能+投影]:HK$287']"
安徽宿州希爾頓逸林酒店,9.6,"['逸林雙床客房:HK$469', '逸林大床客房:HK$488', '豪華湖景雙床房:HK$523', '豪華湖景大床房:HK$542', '臻品湖景雙床房:HK$658', '臻品湖景大床房:HK$658']"
暮上雲朵酒店（宿州國購廣場第一初級中學店）,9.3,"['優選時尚大床房（親膚床品+潔凈舒適+洗衣房）:HK$97', '優選時尚雙床房（深睡床品+乾濕分離+洗衣房）:HK$102', '雲端舒睡大床房（零壓床墊+潔凈舒適+輕盈好夢）:HK$108', '雲端舒睡雙床房（乳膠床墊+辦公桌椅+乾濕分離）:HK$113']"
錦江之星酒店（宿州火車站國購店）,9.4,"['新品標準大床房:HK$157', '新品高級雙床房:HK$159', '新品高級大床房:HK$164', '新品高級大小雙床家庭房:HK$179']"
海悦假日酒店（宿州金海大道店）,9.3,"['喜悦·特價大床房（智能窗簾）:HK$171', '和悦·標準雙床房（智能窗簾）:HK$181', '和悦·標準大床房（智能窗簾）:HK$181', '欣悦·商務大床房（智能窗簾）:HK$229']"
璽楓酒店（宿州CBD萬達三中店）,8.6,"['精品榻榻米房:HK$148', '高級雙床房:HK$166', '高級大床房:HK$176', '豪華雙床房:HK$194']"
漢庭酒店（宿州快客站店）,9.4,"['大床房:HK$189', '雙床房:HK$198', '高級大床房:HK$207', '高級雙床房:HK$218']"
宿州藍鯨電競酒店,9.5,"['甄香單人大床房[i5+4060顯卡+AOC165hz電競顯示屏+傲風電競椅]:HK$175', '醇香特價大床房[i5 3060顯卡 AOC165hz電競顯示屏 傲風電競椅]:HK$188', '醇享特價雙床房[i5 3060顯卡 AOC165hz電競顯示屏 傲風電競椅]:HK$188', '城市花園雙床房[i5 3060顯卡 AOC165hz電競顯示屏 傲風電競椅]:HK$220']"
鉑晶假日酒店（宿州快客汽車站店）,9.6,"['大床房:HK$132', '經濟房:HK$140', '商務單間:HK$156', '豪華大床:HK$171']"
漢庭酒店（宿州東關產業園店）,9.8,"['大床房:HK$201', '高級大床房:HK$211', '雙床房:HK$221', '套房:HK$261']"
如家酒店（宿州汴河路國購廣場店）,9.4,"['雙床房:HK$165', '商務大床房:HK$174', '家庭間:HK$202']"
宿州橡樹灣假日酒店,9.0,"['特惠標間:HK$203', '榻榻米房:HK$235', '普通雙床房:HK$235', '豪華大床房:HK$255']"
漢庭酒店（宿州雲集文化商業街店）,9.6,"['雙床房:HK$179', '大床房:HK$189', '高級大床房:HK$198']"
貝殼酒店（宿州拂曉大道店）,8.9,"['大床房:HK$133', '商務大床房:HK$141', '商務雙床房:HK$146', '高級雙床房:HK$151']"
如家睿柏·雲酒店（宿州蘇寧廣場禾香園店）,9.3,"['大床房:HK$147', '商務雙床房:HK$152', '商務大床房:HK$152', '套房:HK$220']"
恆家智選酒店（宿州埇橋區南翔恆泰城店）,9.1,"['精選大床房（42寸液晶電視+獨立空調）:HK$115', '精選雙床房（42寸液晶電視+乾濕分離）:HK$115', '智選大床房（智能窗簾+睡眠床墊）:HK$128', '智選雙床房（智能窗簾+睡眠床墊）:HK$128']"
格林豪泰酒店（宿州快客汽車站恆大名都店）,9.6,"['特惠大床房:HK$144', '特惠雙床房:HK$144', '高級大床房:HK$153', '高級雙床房:HK$153']"
宿州閣蕾貝爾民宿,10.0,"['高清影宿舒適大床房:HK$178', '高清影宿清新（100寸高清大屏）大床房:HK$191', '高清影宿清雅（帶浴缸）大床房:HK$209', '高清影宿温馨（帶浴缸）大床房:HK$209']"
美蘭商務酒店,9.4,"['商務大床房:HK$151', '商務豪華大床房:HK$173', '商務豪華標準間:HK$173', '商務豪華三人間:HK$205']"
傑拉電競酒店,8.9,"['電競雙人間【RTX4070S+I7+32G+颶風2+無線鼠標+新風】:HK$206', '電競大床房【ROG310+4070S+I7+32G+颶風2+無線鼠標】:HK$206', '豪華電競大床房【卓威400+5070+I9+32G+颶風2+新風】:HK$242', '豪華電競雙床房【ROG310HZ+RTX5070 +I7+32G+颶風2】:HK$242']"
