酒店名称,评分,房型价格列表
全季酒店（寧德德潤尚街店）,9.6,"['高級大床房:HK$361', '豪華雙床房:HK$391', '商務大床房:HK$392', '豪華大床房:HK$421']"
寧德鉑驪酒店,9.5,"['豪華城景大床房:HK$499', '豪華城景雙床房:HK$499', '豪華湖景雙床房:HK$609', '豪華湖景大床房:HK$609', '行政城景雙床房:HK$827', '行政城景大床房:HK$827']"
寧德萬達廣場錦江都城酒店,9.4,"['都會雙床房:HK$354', '都會大床房:HK$354', '探索大床房:HK$387', '探索雙床房:HK$387', '都會城景雙床房:HK$418']"
途客中國酒店（寧德市府店）,9.5,"['途享大床房（零壓床墊）:HK$256', '途享雙床房（深度睡眠+智能投屏）:HK$291', '途奢大床房（安靜舒適+智能客控）:HK$291', '途奢雙床房:HK$312']"
如家商旅酒店（寧德萬達廣場店）,9.6,"['大床房A:HK$188', '大床房:HK$213', '高級大床房:HK$231', '高級雙床房:HK$239']"
維也納國際酒店（寧德萬達店）,9.1,"['標準大床房:HK$263', '高級大床房:HK$316', '高級雙床房:HK$316', '豪華大床房:HK$360']"
東方國際大飯店,8.6,"['特惠大床房:HK$200', '豪華雙床房:HK$276', '豪華大床房:HK$276', '行政雙床房:HK$324']"
世鴻大酒店（寧德站店）,9.1,"['城景雙床房:HK$390', '湖景大床房:HK$413', '豪華湖景大床房:HK$478', '雅緻套房:HK$752']"
寧德鋰電小鎮希爾頓歡朋酒店,9.7,"['高級大床房:HK$468', '高級雙床房:HK$468', '豪華大床房:HK$490', '豪華雙床房:HK$523', '高級湖景大床房:HK$534']"
全季酒店（寧德大潤發國際廣場店）,8.9,"['高級大床房A:HK$341', '高級大床房:HK$371', '高級雙床房:HK$371', '家庭房:HK$391']"
漢庭優佳酒店（寧德蕉城區店）,9.1,"['大床房:HK$221', '高級大床房:HK$240', '高級雙床間:HK$271', '舒壓-高級大床房:HK$271']"
寧德富力萬達嘉華酒店,9.3,"['豪華雙床房:HK$654', '高級豪華雙床房:HK$685', '豪華大床房:HK$695', '高級豪華大床房:HK$726', '尊享智眠大床房（帶0壓床墊+可升降按摩床）:HK$825', '行政樓層豪華大床房:HK$854']"
super8·悅酒店（寧德萬達蕉城區政府店）,9.4,"['零壓智能大床房:HK$183', '零壓智能舒適大床房:HK$211', '尊享零壓智能大床房:HK$211', '零壓智能雙床房:HK$239']"
泊帆精品酒店（寧德萬達廣場店）,9.4,"['普通大床房:HK$216', '普通雙床房:HK$226', '標準單人房:HK$282', '豪華單人房:HK$303']"
寧德金海灣國際大酒店,9.2,"['經典大床房:HK$445', '標準大床房:HK$445', '標準雙床房:HK$445', '豪華大床房:HK$489', '豪華雙床房:HK$489']"
西方財富酒店（寧德萬達廣場店）,8.9,"['特惠大床房:HK$197', '標準大床房:HK$292', '高級雙床房:HK$316', '高級大床房:HK$316']"
寧德東方國際威悦大酒店,8.9,"['商務大床房:HK$188', '商務雙床房:HK$188', '豪華大床房:HK$206', '豪華雙床房:HK$206']"
星程酒店（寧德蕉城區店）,9.3,"['大床房:HK$207', '舒壓-高級大床房:HK$246', '舒壓-豪華大床房:HK$264', '舒壓-高級雙床房:HK$283']"
三海里民宿（寧德三都澳店）,9.8,"['三海星空海景榻榻米房:HK$970', '三海雨海景陽台大床房:HK$1,408', '三海雲海景陽台大床房:HK$1,408', '三海霧海景大床房:HK$1,408']"
寧德冠雲國際大酒店,9.5,"['舒適大床房（慕思品牌床墊）:HK$382', '標準雙床房（慕思品牌床墊）:HK$393', '標準大床房（慕思品牌床墊）:HK$393', '經典大床房（慕思品牌床墊）:HK$468', '經典雙床房（慕思品牌床墊）:HK$468']"
玖間堂泊城酒店（寧德汽車北站店）,9.4,"['泊城雙床房:HK$294', '泊城大床房:HK$294', '高級大床房:HK$359', '高級雙床房:HK$359', '豪華大床房:HK$490']"
如家派柏·雲酒店（寧德汽車南站店）,9.2,"['商務大床房:HK$188', '豪華商務房:HK$193', '高級雙床房:HK$200', '家庭房:HK$209']"
財富假日酒店（寧德時代新能源科技店）,8.4,"['高級大床房:HK$253', '高級雙床房:HK$253', '豪華大床房:HK$265', '豪華雙床房:HK$265']"
宏迪大酒店（寧德汽車北站店）,9.0,"['樂享大床房-智能客控+新風系統:HK$197', '樂享雙床房-智能客控+新風系統:HK$208', '優享大床房-智能客控:HK$275', '優享雙床房-智能客控+新風系統:HK$291']"
途客中國HOTEL（寧德萬達店）,9.2,"['途選大床房:HK$239', '途享大床房:HK$294', '途享雙床房:HK$294', '途奢雙床房:HK$326']"
寧德佰翔三都澳大酒店,9.7,"['高級園景大床房:HK$651', '高級園景雙床房:HK$686', '豪華園景大床房:HK$860', '高級湖景大床房:HK$904', '尊享園景大床房:HK$926', '童趣親子雙床房（海底小縱隊主題）:HK$962']"
格菲酒店（寧德萬達廣場店）,9.3,"['格菲大床房:HK$264', '格菲雙床房:HK$274', '格菲高級大床房:HK$294', '格菲高級雙床房:HK$294']"
全季酒店（寧德萬達蕉城南路店）,9.5,"['榻榻米:HK$295', '大床房:HK$314', '高級大床房:HK$334', '商務大床房:HK$374']"
寧德玥溪·以家公寓,9.6,"['高級大床房:HK$247', '豪華商務大床房:HK$260', '舒適大床房:HK$263', '北歐商務大床房:HK$279']"
霍童溪山民宿,10.0,"['標準雙床房:HK$333', '標準大床房:HK$370', '溪景雙床房（帶陽台）:HK$407', '溪景大床房（帶陽台）:HK$457']"
如家商旅酒店（寧德站紅星美凱龍店）,9.7,"['大床房A:HK$247', '大床房:HK$257', '高級大床房:HK$284', '雙床房:HK$293']"
季風民宿,9.5,"['精品大床房:HK$218', '商務大床房:HK$272', '舒適雙床房:HK$328']"
寧德半城智能公寓（南站店）,8.8,"['觀影豪華情侶大床房:HK$205', '露台觀景大床房:HK$205', '特惠複式雙床房:HK$258', '豪華複試雙床房:HK$273']"
棲蕉民宿（寧德萬達酈景店）,9.3,"['經濟陽光大床房（高清投影+洗衣機+冰箱）:HK$173', '精品智能大床房（高清投影+洗衣機+冰箱）:HK$182', '法式中古風網紅房（高清投影+洗衣機+冰箱）:HK$182', '輕奢智能大床房（高清投影+洗衣機+冰箱）:HK$200']"
艾特公寓（汽車南站天茂店）,9.5,"['雅緻大床房（一台1660S電腦）:HK$167', '鉑金雙人電腦房（2台1660S顯卡+HKC27寸曲面屏144HZ+網吧系統100+遊戲）:HK$192', '永恆鑽石電腦雙人房[RTX2060顯卡+HKC144HZ曲面屏+羅技鼠標+達爾優鍵盤+網吧系統100+遊戲]:HK$208', '豪華鑽石電腦雙人房[RTX3060Ti顯卡+HKC32寸144HZ曲面屏+羅技鼠標+達爾優鍵盤+西伯利亞S21耳機+網吧系統]:HK$235']"
棲海畔民宿（寧德第一中學新校區店）,9.4,"['海景複式大床房:HK$211', '棋牌複式大床房:HK$211', '海景複試大床房（帶雙衞生間）:HK$267']"
漢庭酒店（寧德萬達店）,9.3,"['大床房:HK$249', '雙床房:HK$258', '高級大床房:HK$268', '商務雙床房:HK$288']"
寧德恆悦公寓,9.3,"['浪漫影院浴缸房:HK$143', '輕奢影院大床房:HK$157', '温馨影院公主房:HK$157', '豪華影院大床房:HK$190']"
城南時代公寓（汽車南站店）,9.2,"['陽光特惠大床房:HK$150', '舒適大床房:HK$163']"
如家商旅酒店（寧德蕉城區政府店）,9.6,"['大床房:HK$177', '商務大床房:HK$202', '高級大床房:HK$219', '高級雙床房:HK$227']"
寧德蔓心宿主題公寓,9.1,"['温馨複式大床房:HK$155', '精品複式房:HK$167', '影院大床房:HK$206']"
都市驛棧（寧德萬達廣場店）,9.5,"['迷你小閣樓:HK$113', '舒適温馨房B:HK$132', '舒適温馨房A:HK$151', '精品大床房A:HK$161']"
雲舒巨幕影院公寓（萬達廣場店）,9.0,"['Ins公館落日光影空間:HK$198', '夜景公館巨幕影宿:HK$206', '光影休閑時光巨幕影宿:HK$206', '唯美女神空間巨幕影宿:HK$206']"
寧德閩東賓館,8.6,"['商務雙床房:HK$371', '商務大床房:HK$371', '商務套房:HK$583']"
樸舍公寓,9.1,"['商務大床房:HK$190', '標準商務雙床房:HK$240']"
寧德時代新能源鈺軒民宿,9.6,"['精品大床房:HK$201', '雅緻大床房:HK$205', '豪華大床房:HK$217', '獨門獨户温馨大床房:HK$277']"
禧又公寓,9.6,"['輕奢影院大床房:HK$187', '商務精品大床房:HK$187', '時尚甄選大床房:HK$198', '中式雅緻影院房:HK$208']"
格林豪泰智選酒店（寧德萬達店）,8.9,"['特惠大床房:HK$206', '標準大床房:HK$226', '雙床房（無窗）:HK$226', '商務大床房:HK$255']"
寧德拾月影院公寓,9.2,"['特價大床房:HK$147', '清風影院房:HK$176', '巨屏影院房:HK$176', '榻榻米影院房:HK$191']"
寧德融一公寓,9.3,"['商務大床房:HK$134', '温馨家庭雙床房:HK$166']"
