酒店名称,评分,房型价格列表
大新明仕菩宿,9.3,"['舒適雙床房:HK$713', '格調大圓床房:HK$713', '田園大床房:HK$713', '私密花園大床房:HK$876']"
藝龍安雲酒店（崇左高鐵南站店）,9.4,"['名仕-大床房[65寸8K超清懸浮屏電視+夢百合零壓床墊]:HK$170', '花山-雙床房[乾濕分離+高速護髮負離子吹風機]:HK$180', '德天-高級大床房[65寸8K超清懸浮屏電視+夢百合抗真菌床墊]:HK$202', '太平-高級雙床房[65寸8K超清懸浮屏電視+全屋智能]:HK$213']"
城市便捷酒店（崇左友誼大道百成國際店）,9.5,"['智能商務雙床房（180°雲端城景+ 全屋聲控+智能馬桶）:HK$198', '智能商務大床房（180°雲端城景+ 全屋聲控+智能馬桶）:HK$207', '影院大床房（100寸高清影音投影+高空落地景觀+智能客控）:HK$215', '智能豪華大床房（180°雲端城景+ 全屋聲控+智能馬桶）:HK$224']"
崇左發呆坡雲頂全景度假村,9.6,"['驚.喜度假房:HK$1,691', '雲漫·全景大床房|落地窗山景|冰箱:HK$1,798', '雲棲·山景陽台大床房 |山景陽台|觀山浴缸|冰箱:HK$2,008', '雲棲·山景陽台雙床房 |山景陽台|觀山浴缸|冰箱:HK$2,115', '雲棲·山景陽台家庭房|大雙床|山景陽台|觀山浴缸|冰箱:HK$2,220', '雲見·山景泳池大床房 |觀山全景|私人泳池|冰箱:HK$2,326']"
崇左梅園璞邸酒店（太平古城店）,9.5,"['豪華大床房:HK$394', '豪華雙床房:HK$417', '景觀大床房:HK$417', '精品雙人房:HK$457']"
美豪麗致酒店（憑祥汽車站美食街店）,9.6,"['麗致城景大床房:HK$215', '麗致城景雙床房:HK$271', '麗致雙床房:HK$294', '雅緻城景大床房:HK$323', '靜雅城景親子套房:HK$327']"
大新明仕山莊,8.7,"['民族特色雙床房:HK$609', '民族特色大床房:HK$609']"
柏曼酒店（崇左中心步行街民族師範學院店）,9.5,"['標準大床房（採光通透+深度好眠+解壓床墊）:HK$212', '標準雙床房（採光通透+深度好眠+解壓床墊）:HK$226', '高級大床房（採光通透+大空間深度好眠+解壓床墊）:HK$248', '高級雙床房（落地觀景+大空間釋壓舒眠+解壓床墊）:HK$262']"
維也納酒店（崇左萬象郡民師院店）,9.5,"['高級大床房（零壓床墊+雙層隔音+獨立辦公桌）:HK$232', '高級雙床房（零壓床墊+雙層隔音+皇室玫瑰洗浴用品）:HK$234', '豪華大床房（零壓床墊+獨立辦公桌+靜謐空間）:HK$248', '豪華雙床房（零壓床墊+雙層隔音+皇室玫瑰洗浴用品）:HK$251']"
崇左維納斯度假村酒店（市政府店）,9.5,"['豪華園景雙床房（180°園林景觀·安靜舒適）:HK$260', '豪華園景大床房（180°園林景觀·安靜舒適）:HK$260', '商務景觀大床房（180°景觀別墅園林）:HK$282', '商務景觀雙床房（180°城市景觀·安靜舒適）:HK$282']"
大新悦享邊城酒店,9.3,"['雅宿單人間:HK$358', '雅宿雙人房:HK$368', '悦享閲景大床房（智能馬桶+迷你茶台）:HK$389', '尊享閲景雙床房（迷你茶台+智能馬桶）:HK$396']"
大新村上村宿,9.3,"['那脈榻榻米雙床房:HK$480', '弄朋:HK$480', '那都舒適雙床房:HK$507', '那乙榻榻米雙床房:HK$507']"
雲麓·映山別院（大新明仕店）,9.6,"['B 越居山景大床房（全畫幅落地窗·全屋智能·復古法式·Mini冰箱·洗衣烘乾機）:HK$937', 'A 山景大床房（一線山景·全畫幅落地窗·全屋智能·復古法式·洗衣烘乾·Mini冰箱）:HK$1,046', 'A 山景雙床房（180°山景·全畫幅落地窗·復古法式·全屋智能·洗衣烘乾·Mini冰箱·可住2大2小）:HK$1,046', 'B 越秀山景大床房（一線山景·全屋智能·復古法式·洗衣烘乾·Mini冰箱）:HK$1,100', 'A 精選山景泡池大床房（全畫幅山景落地窗·獨立陽台）:HK$1,297']"
逸喆槿悦酒店（崇左高鐵站店）,9.5,"['逸馨大床房（自助停車+自助洗衣）:HK$199', '逸悦大床房（自助停車場+自助洗衣房）:HK$251', '逸尊大床房（智能客控+城市景觀+舒適沙發）:HK$254', '逸尊豪華大床房（智能客控+城市景觀+舒適沙發）:HK$332']"
崇左花山笙美度假村,9.1,"['奇遇VR特色陽台單居景觀客房（觀影+遊戲）:HK$2,202', '陽台單居景觀客房:HK$2,415', '奇遇VR特色私湯單居景觀客房（觀影+遊戲）:HK$2,518', '私湯單居景觀客房:HK$2,633', '奇遇VR特色童趣私湯複式套房（觀影+遊戲）:HK$3,045', '童趣私湯複式套房:HK$3,211']"
雅斯特國際酒店（崇左友誼大道高鐵南站店）,9.3,"['高級大床房（高層景觀+藍牙音響）:HK$268', '超級大床房（城景高層+藍牙音響+長沙發）:HK$285', '豪華大床房（城景高層+藍牙音響+舒適沙發）:HK$294', '高級雙床房（城景高層+藍牙音響+電動窗簾）:HK$302']"
大新田間漫步客棧,9.2,"['豪華景觀雙床房:HK$500', '豪華全景大床房:HK$609', '豪華全景雙床房:HK$609', '豪華榻榻米雙床房:HK$620']"
廣悅尚·花舍原鄉（德天瀑布店）,8.6,"['花語園景雙床房:HK$314', '藝術家雅院12棟一房一廳:HK$546', '花溪河畔親子房二房一廳:HK$655', '藝術家雅院9棟一房一廳:HK$655']"
崇左大新明仕長留山居,9.6,"['悠然·特選雙床房:HK$2,062', '墨雲軒·特選大床房:HK$2,171', '山語·精選雙床房:HK$2,389', '悦景·臻選雙床房:HK$2,608', '悦景·臻選大床房:HK$2,936', '山居温馨家庭房:HK$3,154']"
CoreSpot丨明月湖度假·酒店（崇左大新縣人民政府德天廣場店）,9.1,"['高級大床房丨零壓床墊丨深睡記憶枕:HK$163', '舒適雙床房丨零壓床墊丨深睡記憶枕丨乾濕分離:HK$174', '豪華大床房丨園林景觀丨零壓床墊丨深睡記憶枕:HK$184', '豪華雙床房丨園林山景丨零壓床墊深睡記憶枕丨中央空調:HK$195']"
雅美途酒店（憑祥汽車總站越南風情街店）,9.3,"['雅緻雙床房 【乾濕分離+辦公桌椅+通風采光】:HK$168', '雅緻大床房【高層採光+乾濕分離+辦公桌椅】:HK$179', '高級雙床房【乾濕分離+辦公桌椅+落地窗】:HK$189', '高級大床房【落地窗+高層採光+乾濕分離+辦公桌椅】:HK$197']"
漢庭酒店（崇左火車南站友誼大道店）,9.8,"['大床房:HK$233', '高級大床房:HK$252', '高級雙床房:HK$261', '豪華景觀大床房:HK$298']"
大新那美山舍,9.4,"['枕山入夢舒適雙床房:HK$533', '枕山入夢舒適大床房:HK$533', '稻浪聽風山景大床房:HK$653', '雲岫望峯陽台景觀雙床房:HK$762']"
城市便捷酒店（崇左中心步行街店）,9.3,"['高級大床房（採光通透+電視投屏+智能馬桶）:HK$221', '商務大床房（採光通透+電視投屏+智能馬桶）:HK$250', '商務雙床房（採光通透+電視投屏+智能馬桶）:HK$259', '影院大床房（100寸高清投影+騰訊會員+智能馬桶）:HK$298']"
大新溯禾·明仕畫廊民宿,9.3,"['萬里長城·90°田園景觀大床房:HK$1,141', '清明上河圖·90°竹林景觀大床房:HK$1,141', '北國風光·90°田園景觀大床房:HK$1,269', '百花齊放·90°田園景觀大床房:HK$1,269', '墨菊觀山·90°景觀大床房:HK$1,269']"
大新那依家民宿（峒那嶼灣景區店）,9.8,"['溪畔·山語大床房（落地玻璃窗+投影影音）:HK$632', '溪畔·山語雙床房:HK$687', '雲棲·星語大床房（投影影音）:HK$752', '雲棲·星語浴缸雙床房:HK$829']"
左江泊隱酒店（崇左融創inspark商場店）,9.7,"['臻享城畔·大床房（270°景觀+舒達床墊）:HK$812', '臻享城畔·雙床房（舒達床墊+靜享好眠）:HK$824', '靜覽城華·大床房（超大床+大空間+舒達床墊）:HK$848', '靜覽城華·雙床房（大雙床+大空間+舒達床墊）:HK$859', '陽煦山立·影音大床房（270°景觀+百寸巨幕+望山覽城）:HK$883', '向雲端·影音大床房（270°景觀+百寸巨幕+浴缸觀影）:HK$883']"
大新明仕美景客棧,9.0,"['特惠房山野單人房:HK$304', '特惠山野雙人房:HK$369', '望田單人房:HK$425', '觀山雙人房:HK$462']"
城市便捷酒店（崇左友誼大道店）,9.4,"['標準大床房【公區提供自助洗衣房】:HK$149', '標準雙床房【舒適睡眠+超大雙人床】:HK$149', '高級大床房【公區提供自助洗衣房】:HK$164', '高級雙床房【舒適睡眠+超大雙人床】:HK$164']"
崇左一千零一個院望·黛院,9.5,"['榻榻米露台大床房-河景陽台+榻榻米茶几:HK$1,321', '景觀露台大床房-直麪黑水河景+浴缸:HK$1,430', '黛水複式家庭套房-觀景陽台+直麪黑水河景:HK$2,412', '轟趴四居獨棟別墅-河景陽台+房內小冰箱:HK$5,468']"
崇左在野宿集·萬相度假Villa,9.5,"['在岸邊私享庭院大床房-浴缸+智能馬桶:HK$3,502', '伴山單卧大床獨棟別墅-户外水池+浴缸:HK$3,713', '探祕陽光親子獨棟別墅-户外水池+浴缸+小童帳篷木馬:HK$4,242', '樂山靜謐雙卧獨棟別墅-兩室一廳兩衞+户外水池+浴缸+寬敞空間:HK$6,359']"
崇左國際大酒店（高鐵站市政府店）,9.3,"['標準雙床房（山城觀景高層+遮光安睡）:HK$292', '標準大床房（城景高層+遮光安睡）:HK$292', '輕奢大床房（山城觀景靜謐高層+遮光安睡）:HK$307', '輕奢雙床房（城景靜謐高層+遮光安睡）:HK$307', '臻享商務大床房（氛圍燈效+浴缸+小冰箱+商務辦公桌）:HK$334']"
天等逸景觀嵐酒店,9.5,"['輕奢大床房:HK$315', '高級大床房:HK$337', '輕奢雙床房:HK$337', '高級雙人房:HK$359', '豪華觀景大床房:HK$359']"
明仕那裡酒店（崇左大新店）,9.5,"['那廂雙床房:HK$2,489', '觀山雙床房:HK$2,598', '觀山大床房:HK$2,598', '枕田雙床房:HK$2,817', '枕田大床房:HK$2,817', '戀林大床房:HK$2,866']"
大新枕山水民宿,9.2,"['枕山內景特惠房:HK$336', '枕山聽雨榻榻米大床房:HK$500', '枕山聽禪大床房:HK$576', '枕山全景特色房:HK$849']"
宜尚酒店（憑祥市市政府中心店）,9.7,"['高級智能大床房（智能客房+智能馬桶+自然景）:HK$240', '高級智能雙床房（智能客控+智能馬桶+自然景）:HK$252', '豪華智能大床房（智能客控+客房冰箱+自然景）:HK$290', '影院豪華大床房（智能客控+客房冰箱+巨幕觀影）:HK$339']"
天龍灣曼悅酒店（憑祥友誼關大道政務中心店）,9.5,"['曼悦大床房:HK$195', '曼悦雙床房:HK$216', '景觀商務大床房:HK$239', '景觀商務雙床房:HK$261']"
崇左市大新縣明仕花知語民宿,9.3,"['茉莉雙床房（超大乾濕分離衞浴-獨立浴缸-冰箱）:HK$434', '雪蓮花園大床房-智能馬桶-超大浴缸-冰箱-乾濕分離衞浴:HK$620', '丁香花園大床房-智能馬桶-超大浴缸-冰箱-乾濕分離衞浴:HK$620', '百合花園雙床房-智能馬桶-超大浴缸-冰箱-乾濕分離衞浴:HK$653']"
瀾舟閣民宿（德天瀑布店）,9.4,"['甜夢•舒適智能大床房+全景落地窗+全屋智能+乾濕分離:HK$352', '靜謐•山景智能大床房+全景落地窗+全屋智能+乾濕分離:HK$500', '瀾舟•愜意浴缸大床房+全景落地窗+全屋智能+乾濕分離:HK$519', '清霧•山野智能雙床房+全景落地窗+全屋智能+乾濕分離:HK$519']"
田澗美宿,9.2,"['逸休雙床房:HK$473', '逸樂雙床房:HK$730', '逸品觀景大床房:HK$795', '逸緻田園大床房:HK$807']"
城市便捷酒店（崇左寧明店）,9.4,"['標準大床房【簡約格調丨超大床品丨清新空氣】:HK$167', '標準雙床房【簡約格調丨舒適床品丨清新空氣】:HK$187', '高級大床房【現代輕奢丨寬敞明亮丨窗外好景】:HK$198', '高級雙床房【現代輕奢丨寬敞明亮丨窗外好景】:HK$209']"
崇左天湖大酒店（高鐵南站友誼大道店）,9.1,"['豪華雙床房:HK$168', '豪華總統套房:HK$7,640']"
崇左在野宿集·野白度假Villa,9.5,"['山野·户外水池大床Villa:HK$4,055', '鄉野·户外水池雙床Villa:HK$4,273', '川野·全景泳池大床villa:HK$4,492', '水野·全景泳池大床Villa:HK$4,710', '森野·複式雙卧家庭Villa:HK$7,112']"
大新明仕藝術酒店,8.4,"['閣樓大床房:HK$303', '藝術精品雙床房:HK$303', '特惠標雙:HK$303']"
雲嶼山居民宿（峒那嶼灣店）,9.7,"['休閑大床房:HK$319', '街景大床房:HK$319', '投影雙床房:HK$380', '街景浴缸雙床房:HK$454']"
崇左卜花民宿,9.2,"['卜花大床房:HK$587', '卜花浴缸大床房:HK$620', '卜花雙床房:HK$653']"
雅斯特國際酒店（憑祥汽車總站美食街店）,9.4,"['雅緻大床房（落地窗+城市景觀）:HK$240', '影音大床房（巨幕投屏+城市景觀）:HK$261', '高級大床房（高層採光+城市景觀）:HK$261', '高級雙床房（高層採光+城市景觀）:HK$272']"
嘉美大酒店（崇左高鐵南站店）,9.3,"['特惠大床房:HK$165', '休閑大床房:HK$187', '標準大床房:HK$198', '高級大床房:HK$220']"
逸喆酒店（寧明花山德華商業步行街店）,9.5,"['逸馨特惠大床房[舒適好眠+陽光通透+智能客控]:HK$195', '逸悦大床房[城市景觀+休閑沙發+辦公桌椅]:HK$228', '逸尊大床房[城市街景+空間寬敞明亮+乾濕分區]:HK$265', '逸尊雙床房[空間寬敞明亮+商務辦公桌椅+智能窗簾]:HK$307']"
雲舍酒店,9.8,"['雲享大床房（飛利浦空氣凈化器+松下負離子風筒）:HK$197', '雲居·雙床房:HK$206', '雲享雙床房 （零壓睡眠床墊+復古慵懶沙發+電子秤）:HK$233', '雲奢大床房（壁爐+冰箱+大浴缸+戴森風筒）:HK$318']"
