酒店名称,评分,房型价格列表
桔子酒店（庫爾勒市政府店）,9.5,"['高級大床房【65寸可投屏電視+金可兒床墊+冷藏小冰箱】:HK$442', '高級雙床房【65寸可投屏電視+金可兒床墊+冷藏小冰箱】:HK$461', '商務大床房【65寸可投屏電視+金可兒床墊+冷藏小冰箱】:HK$470', '商務雙床房【65寸可投屏電視+金可兒床墊+冷藏小冰箱】:HK$499', '套房【65寸可投屏電視+金可兒床墊+冷藏小冰箱】:HK$649']"
柏曼酒店（庫爾勒孔雀河店）,9.4,"['舒適單床房（空氣凈化器）:HK$226', '標準大床房（空氣凈化器）:HK$255', '商務大床房:HK$269', '商務雙床房:HK$304']"
柏雅酒店（庫爾勒塔里木油田項目公司店）,9.4,"['高級大床房:HK$280', '影音雙床房:HK$297', '行政大床房:HK$297', '高級雙床房:HK$314']"
庫爾勒君潤酒店（庫爾勒站店）,9.6,"['特惠雙床房‖全屋智控+酒水吧枱小冰箱:HK$433', '特惠大床房‖VIP沉浸視聽+杜比音效:HK$433', '君逸雙床房‖全屋智控+酒水吧枱小冰箱:HK$470', '君尚影音日式輕居榻榻米‖高清巨幕VIP沉浸視聽+杜比音效:HK$470', '君悦雙床房‖全屋智控+酒水吧枱小冰箱:HK$506']"
希玥酒店（庫爾勒孔雀河人民廣場店）,9.3,"['希玥丨特惠雙床房:HK$269', '智能輕奢大床房丨語音客控+乾濕分離+小冰箱:HK$404', '智能輕奢雙床房丨語音客控+乾濕分離+小冰箱:HK$424', '智能豪華大床間丨語音客控+乾濕分離+小冰箱:HK$444', '智能豪華標間丨語音客控+乾濕分離+小冰箱+加濕器:HK$465']"
庫爾勒孔雀河公園亞朵酒店,9.5,"['高級大床房（記憶枕+可觀景+可投屏）:HK$475', '幾木雙床房（深睡枕+冰箱+觀景）:HK$537', '行政大床房（記憶枕+冰箱+觀景）:HK$537', '幾木親子雙床房（深睡枕+冰箱+觀景）:HK$628', '幾木大床房（深睡枕+小冰箱+可觀景）:HK$690']"
欐楓都城酒店（庫爾勒孔雀河石化大道店）,9.1,"['靜享丨零壓舒眠大床房（深度睡眠+智能客控+新風循環）:HK$218', '輕氧丨雙床靜音房（深度睡眠+智能客控+新風循環）:HK$240', '輕奢丨智享大床房（深度睡眠+智能客控+舒適床品）:HK$316', '輕奢丨智享雙床房（深度睡眠+智能客控+舒適床品）:HK$349', '臻享丨雲端深睡大床房（智能客控+舒適床品）:HK$361']"
全季酒店（庫爾勒九鼎市場店）,9.6,"['大床房:HK$512', '雙床房:HK$512', '高級大床房:HK$532']"
庫爾勒半城酒店（孔雀河店）,9.2,"['高級優享雙床房（智能客控||新風循環）:HK$501', '高級優享大床房（智能客控||新風循環）:HK$501', '高級內景景觀大床房（新風系統+智能客控）:HK$534', '高級內景景觀雙床房（新風系統+智能客控）:HK$534', '豪華大床房（全屋智能客控）:HK$665']"
全季酒店（庫爾勒市政府店）,9.6,"['雙床房【金可兒床墊+乾濕分離衞浴+可投屏65寸電視】:HK$367', '高級大床房【金可兒床墊+恆温馬桶+可投屏65寸電視】:HK$385', '舒壓雙床房【舒壓床墊枕頭+冷藏小冰箱+拾趣功夫茶具】:HK$405', '舒壓大床房【舒壓床墊枕頭+冷藏小冰箱+法國精油洗護】:HK$424']"
庫爾勒西尼爾大酒店（梨城機場店）,9.3,"['舒適雙床房:HK$249', '舒適大床房:HK$271', '豪華榻榻米房:HK$271', '豪華套房:HK$391']"
西海半島度假酒店,9.7,['豪華時尚套房:HK$318']
焉耆逸軒酒店（人民醫院店）,8.7,"['優選好眠雙床房:HK$143', '樂享舒適大床房:HK$150', '雅緻觀景雙床房:HK$214', '尊品陽光大床房:HK$222']"
季楓酒店（庫爾勒人民廣場店）,9.5,"['特惠雙床房（65寸可投屏電視+乾濕分離衞浴）:HK$367', '特惠大床房（65寸可投屏電視+乾濕分離衞浴）:HK$367', '高級大床房（恆温馬桶+65寸可投屏電視）:HK$392', '高級雙床房（恆温馬桶+65寸可投屏電視）:HK$392']"
你好酒店（庫爾勒市政府店）,9.6,"['高級大床房【65寸智能可投屏電視+金可兒床墊】:HK$292', '商務大床房【65寸智能可投屏電視+金可兒床墊】:HK$340', '高級雙床房【65寸智能可投屏電視+恆温馬桶】:HK$350', '商務雙床房【65寸智能可投屏電視+金可兒床墊】:HK$380']"
艾尚酒店（庫爾勒交通西路人民廣場店）,9.7,"['艾尚迷你間:HK$310', '艾尚豪華雙床房:HK$396', '艾尚豪華大床房:HK$404', '艾尚豪華套房:HK$646']"
全季酒店（庫爾勒領尚幸福天地店）,9.7,"['大床房【小米加濕器+可投屏65寸電視+電動窗簾】:HK$357', '高級雙床房【小米加濕器+可投屏65寸電視+電動窗簾】:HK$357', '高級大床房【小米加濕器+可投屏65寸電視+電動窗簾】:HK$376', '舒壓高級雙床房【小米加濕器+可投屏65寸電視】:HK$376']"
尉犁太陽古城蘭歐國際酒店,9.6,"['智能高級雙床房（智能客控+智能馬桶+MINI冰箱）:HK$360', '蘭錦豪華雙床房（智能客控+智能馬桶+MINI冰箱）:HK$383', '蘭錦豪華大床房（智能客控+智能馬桶+MINI冰箱）:HK$407', '蘭錦行政雙床房（智能客控+智能馬桶+MINI冰箱）:HK$407', '蘭錦行政大床房（智能客控+智能馬桶+飛科加濕器）:HK$439']"
希岸酒店（庫爾勒機場路東方物探店）,9.7,"['希岸高級大床房（智能客控+電動窗簾+加濕器）:HK$297', '玲瓏大床房（智能客控+電動窗簾+加濕器）:HK$313', '希岸高級雙床房（智能客控+電動窗簾+加濕器）:HK$324', '希岸豪華大床房（智能客控+電動窗簾+加濕器）:HK$353']"
錦江都城酒店（庫爾勒孔雀河樓蘭不夜城店）,9.5,"['都會雙床房:HK$364', '風雅大床房:HK$372', '影院大床房:HK$398', '時尚大床房:HK$398', '行政套房:HK$449']"
麗楓酒店（庫爾勒石化大道店）,9.5,"['雅緻雙床房【慕斯床墊+空氣凈化+香薰加濕+淋浴音樂】:HK$283', '雅緻大床房【慕斯床墊+空氣凈化+香薰加濕+淋浴音樂】:HK$294', '豪華雙床房【慕斯床+香薰加濕+凈化器+冰箱+淋浴音樂】:HK$326', '豪華親子房【慕斯床+香薰加濕+凈化器+冰箱+淋浴音樂】:HK$337']"
庫爾勒梨城花園酒店,9.0,"['花園套房:HK$4,009']"
博雅麗景酒店（巴音布魯克店）,9.7,"['特惠雙床房（全屋地暖+三區分離+智能窗簾+智能馬桶）:HK$721', '輕奢斜頂影院雙床房（電動天簾+投影+浴缸+智能馬桶）:HK$754', '行政豪華雙床房（全屋地暖+三區分離+智能窗簾+智能馬桶）:HK$882', '博雅高級大床房（全屋地暖+三區分離+智能窗簾+智能馬桶）:HK$939', '高級四人電競房（全屋地暖+三區分離+智能窗簾+智能馬桶）:HK$1,081']"
柏曼酒店（庫爾勒市政府杜鵑河店）,9.7,"['舒適智能單床房（智能聲控+智能化粧鏡）:HK$262', '標準智能大床房（安靜整潔+舒適床品）:HK$312', '智能標準雙床房（輕奢時尚+舒適安靜）:HK$319', '智能高級大床房（智能客控+坐卧沙發）:HK$333']"
麗楓酒店（庫爾勒人民東路店）,9.7,"['高級雙床房（慕斯床墊+淋浴音樂+迷你小冰箱）:HK$367', '商務大床房（慕斯床墊+淋浴音樂+迷你小冰箱）:HK$375', '純凈自然大床房（慕斯床墊+淋浴音樂+迷你小冰箱）:HK$407', '浪漫優享房（慕斯床墊+淋浴音樂+迷你小冰箱）:HK$439']"
和靜喜悦酒店,9.2,"['特惠房:HK$303', '靜謐雙床房（新風系統+品牌床墊+乾濕分離+投屏）:HK$382', '靜謐大床房（新風系統+品牌床墊+乾濕分離+投屏）:HK$382', '欣悦三人間（新風系統+品牌床墊+乾濕分離+投屏）:HK$505', '行政雙床房（新風系統+品牌床墊+乾濕分離+投屏）:HK$526']"
如家酒店·neo（庫爾勒石化大道9號倉店）,9.7,"['高級大床房（可投屏55寸電視+酒店提供自助洗衣房）:HK$245', '商務大床房（可投屏65寸電視+酒店提供自助洗衣房）:HK$271', '雙床房（可投屏65寸電視+酒店提供自助洗衣房）:HK$288', '安心睡大床房（夢百合零壓床墊+記憶枕+酒店提供自助洗衣房）:HK$306']"
巴音布魯克E-home·一泓錦華度假酒店,9.7,"['知秋 | 微風驚喜房:HK$635', '撫春 | 陽光優享房-智能客控:HK$705', '攬星 | 怡致雙床房-享席夢思:HK$837', '抱月 | 怡致大床房-舒睡好眠:HK$837', '夕拾 | 景緻雙床房-遠觀山瀾:HK$979']"
蘭歐酒店（博湖人民政府店）,9.6,"['蘭歐智能大床房（智能客控+小冰箱）:HK$271', '蘭歐豪華大床房（智能客控+小冰箱+沙發）:HK$287', '蘭歐智能雙床房（智能客控+小冰箱）:HK$295', '蘭歐豪華雙床房（智能客控+小冰箱+空間大）:HK$303']"
如家派柏雲酒店（庫爾勒孔雀河店）,9.1,"['心怡大床房:HK$214', '優選雙床房:HK$237', '温馨親子房:HK$253']"
萬和酒店（庫爾勒塔里木油田公司孔雀河店）,9.1,"['經濟雙床房:HK$283', '主題大床房（無窗）:HK$283', '標準雙床房:HK$389', '高級雙床房:HK$410']"
萬信至格酒店（庫爾勒二師醫院巴州衞校店）,9.7,"['靜謐雙床房:HK$187', '舒適大床房:HK$287', '舒適雙床房:HK$292', '高級大床房:HK$307']"
城市便捷酒店（庫爾勒開發區管委會店）,9.6,"['優享大床房:HK$290', '風雅大床房:HK$392', '風雅雙床房:HK$416', '城市之光童馨親子房:HK$447']"
漢庭酒店（庫爾勒市政府店）,8.5,"['大床房:HK$265', '高級大床房:HK$285', '高級雙床房:HK$285', '家庭房:HK$354']"
庫爾勒璞居酒店（新滙嘉時代店）,9.2,"['標準大床房丨小冰箱+加濕器:HK$315', '標準雙床房丨小冰箱+加濕器:HK$315', '經典大床房丨小冰箱+加濕器:HK$376', '經典雙床房丨小冰箱+加濕器:HK$376', '商務大床房丨小冰箱+加濕器:HK$436']"
庫爾勒雅苑龍旭商務酒店,9.3,"['雅苑特惠房:HK$195', '雅苑輕奢雙人房:HK$211', '雅苑舒景雙人房:HK$228', '雅苑精緻大床房:HK$244']"
庫爾勒福潤德·萬達錦華酒店,8.8,"['精緻大床房·內景大空間:HK$453', '精緻雙床房·內景大空間:HK$459', '高級大床房·內景大空間:HK$497', '高級雙床房·內景大空間:HK$513', '豪華大床房·獨享大空間+全景落地窗:HK$706', '豪華雙床房·獨享大空間+全景落地窗:HK$776']"
正軒酒店（天鵝河市政府店）,9.7,"['特惠大床房:HK$486', '高級大床房:HK$521', '高級雙床房:HK$521', '豪華雙床房:HK$538']"
桔子酒店（庫爾勒塔指東路店）,9.3,"['加州陽光大床房（金可兒床墊+智能化語音）:HK$465', '月若流金豪華雙床房（金可兒床墊+智能化語音）:HK$465', '豪華大床房（金可兒床墊+智能化語音）:HK$493', '月若流金親子房（金可兒床墊+智能化語音）:HK$521']"
維也納國際酒店（庫爾勒天鵝河店）,9.5,"['高級大床房（加濕器）:HK$380', '高級雙人房（加濕器）:HK$380', '豪華大床房（加濕器）:HK$405', '豪華雙人房（加濕器）:HK$438', '商務雙人房（加濕器）:HK$447']"
庫爾勒美豪尚層酒店（人民廣場店）,9.0,"['擷春|大床房:HK$207', '擷春|雙床房:HK$219', '沐夏|大床房:HK$249', '拾秋|大床房:HK$258']"
庫爾勒博斯騰賓館,9.6,"['特惠雙床房（有窗）:HK$461', '經典智能大床房+智能客控+加濕器+小冰箱:HK$525', '經典智能雙床房:HK$525', '特惠大床房（加濕器+小冰箱）:HK$535', '智能親子雙床房·智能客控:HK$536']"
焉耆天福酒店,9.1,"['瑞福軒-雙床房:HK$347', '錦福軒-大床房:HK$391', '映福軒-湖景雙床房:HK$424', '福悦童趣-豪華親子房:HK$642', '福臻雲邸-豪華套房:HK$751']"
雲浠民宿,10.0,"['雲浠大床房:HK$205', '雲浠標間—晨曦:HK$216', '雲浠標間—扶搖:HK$249', '雲浠標間—觀瀾:HK$293']"
庫爾勒楓丹白露國際酒店,10.0,"['風吟全景雙床房（釋壓床墊+解壓逍遙椅+零壓記憶枕）:HK$434', '風吟全景大床房（釋壓床墊+解壓逍遙椅+零壓記憶枕）:HK$434', '雅敍私享雙床房（智能客控+零壓床墊+解壓逍遙椅）:HK$489', '雅敍私享大床房（智能客控+零壓床墊+解壓逍遙椅）:HK$489', '頌章尊享雙床房（智能客控+慕思床墊+人體工學按摩椅）:HK$566', '頌章尊享大床房（智能客控+深睡記憶枕+慕思床墊）:HK$566']"
巴州庫爾勒雲季酒店,9.5,"['悦享觀影標準房（小度全屋智能）:HK$211', '悦享觀影大床房（全屋智能）:HK$217', '雅緻觀影大床房（全屋智能）:HK$252', '雅緻觀影標準房（全屋智能）:HK$252']"
庫爾勒金瀾商務酒店（南疆大巴扎店）,9.3,"['經濟大床房:HK$173', '特惠雙床房:HK$173', '經濟雙床房:HK$184', '高級大床房:HK$216']"
金豐大酒店（孔雀河店）,9.1,"['豪華標準間（零壓床墊+智能客控+智能馬桶）:HK$238', '豪華大床房（零壓床墊+智能客控+智能馬桶）:HK$246', '豪華家庭房（零壓床墊+智能客控+智能馬桶）:HK$318', '豪華三人間（零壓床墊+智能客控+智能馬桶）:HK$318']"
巴音布魯克吉日格勒大酒店,9.3,"['民族特惠風情雙床房（投屏電視+全屋地暖+智能馬桶）:HK$598', '榻榻米民族雙床房（投屏電視+全屋地暖+智能馬桶）:HK$732', '雅緻舒睡雙床房（投屏電視+全屋地暖+智能馬桶）:HK$768', '靜享空間大床房（投屏電視+全屋地暖+智能馬桶）:HK$833', '商務大床房（投屏電視+全屋地暖+智能馬桶）:HK$840']"
星程酒店（庫爾勒石化大道店）,9.5,"['大床房:HK$381', '高級雙床房:HK$409', '高級大床房:HK$428', '套房:HK$474']"
