酒店名称,评分,房型价格列表
風薇瀾曦海景酒店,9.4,"['朝曦｜城景大床房（小米智能+零壓床墊+極米高清投影）:HK$557', '扶光｜城景大床房（小米智能+零壓床墊+極米高清投影）:HK$557', '纖凝｜側海景陽台大床房--小米智能+看郵局鐘樓鼓浪嶼:HK$625', '落暉｜海景大床房（鼓浪嶼夜景+小米智能+絕美日落）:HK$741']"
廈門野見海Ibiza民宿,9.1,"['茶趣·豪華大床房:HK$403', '合歡·親子家庭房:HK$436', '初見·海景大床房:HK$544', '既白·海景大床房:HK$599', '破曉·海景大床房:HK$654']"
璞悦居酒店（中山路步行街店）,8.2,"['鷺島陽光大床房『舒適愜意+開放客廳』:HK$394', '複式丨雅夢影苑套房『獨立投影+靜享空間』:HK$458', '複式丨悠夢浴缸套房『玉石浴缸+極光投影』:HK$547', '複式丨雲端影居套房『遮光窗簾+温馨浪漫空間』:HK$600']"
廈門火車站南廣場亞朵X酒店,9.5,"['高級大床房（深睡枕Pro）:HK$519', '行政大床房（深睡床墊+深睡枕Pro）:HK$565', '高級雙床房（深睡床墊+深睡枕Pro）:HK$574', '尊享大床房（深睡床墊+深睡枕Pro）:HK$610', '行政雙床房（深睡床墊+深睡枕Pro）:HK$619']"
VISHAN·維尚設計師潮宿（中山路步行街店）,9.7,"['靜謐·舒眠大床（藝術窗）:HK$457', '沙境·內庭大床房（藝術窗+休閑角）:HK$544', '縵野·大床房（超大空間+年輕元素）:HK$576', '縵野·雙床房（舒眠床+月亮廊窗）:HK$620', '歸嶼·街景大床房:HK$631']"
廈門藍山越海景Hotel（中山路輪渡碼頭店）,9.4,"['景觀大床房（巨幕影院）:HK$589', '豪華海景大床房（70°一線海景＋絕美夜景）:HK$675', '景觀雙床房（巨幕影院）:HK$778', '尊貴海景大床房（180°一線海景＋絕美夜景+可看整個鼓浪嶼）:HK$778', '至尊海景網紅浴缸大床房（270°一線海景+絕美夜景+可看整個鼓浪嶼）:HK$975']"
美豪麗致酒店（廈門中山路步行街店）,9.0,"['雅緻複式大床房:HK$479', '靜雅大床房【零壓床墊+舒適睡眠】:HK$535', '3D影院複式大床房 【大沙發+投影儀】:HK$567', '麗致雙床房【零壓床墊+舒適睡眠】:HK$577', '靜雅複式大床家庭房【兩用大沙發+零壓床墊】:HK$597']"
蔦島SKY美宿（廈門中山路步行街輪渡碼頭店）,9.1,"['陽光老街景大床房:HK$337', '美式鄉村大床房【投影儀】:HK$555', '法式浪漫大床房【投影儀】:HK$580', 'Unit520獨立古堡花園大床房（庭院+浴缸+投影儀）:HK$656']"
全季酒店（廈門北站杏林灣路店）,9.7,"['高級大床房:HK$427', '雙床房:HK$457', '舒壓高級大床房:HK$457', '高級雙床房:HK$487']"
廈門180°山海故事·全海景度假美宿（環島南路曾厝垵店）,9.0,"['一嶼·極簡大床房（VIP影視+乳膠床墊）:HK$584', '一夕·日落雅緻度假海景房（VIP影視+乳膠床墊）:HK$611', '一月·設計海景房（VIP影視+乳膠床墊）:HK$633', '一瀾·loft海景房（浴缸+VIP影視+乳膠床墊）:HK$672']"
廈門來雅LAIYA美宿（彩虹沙灘店）,9.7,"['37層海景浴缸房:HK$470', '38層海景浴缸房:HK$533', '37層海景露台大床房:HK$634', '38層海景陽台大床房:HK$634']"
耶利亞·海景日出美墅（環島路黃厝海灘店）,9.5,"['見山·田園極簡大床房（開窗即見雲頂山）:HK$399', '見山·田園極簡雙床房（窗外眺望雲頂巖）:HK$420', '露台·聽風至簡投影大床房（極米影音投影）:HK$501', '和煦·榻榻米親子雙床房:HK$512']"
一宿·光景別院 （廈門中山路步行街店）,9.0,"['見晴台榻榻米房:HK$252', '春光舍大床房:HK$314', '秋日堂大床房:HK$375', '夏影居大床房:HK$395']"
廈門佰翔五通酒店,9.4,"['豪華城景雙床房-賞城際風華，枕星辰入夢:HK$739', '豪華城景大床房-賞城際風華，枕星辰入夢:HK$775', '豪華伴海大床房-半城半海，廣納五緣海域美景:HK$865', '豪華海景大床房-180°海景落地窗，觀海上日出:HK$970', '豪華海景雙床房-180°海景落地窗，觀海上日出:HK$970', '豪華城景家庭房-主題客房，享帳篷童趣:HK$1,259']"
廈門山尋·與海海景酒店,9.7,"['精緻商務大床房（智能客控+智能馬桶+65寸液晶大電視+冰箱）:HK$297', '樂享陽台大床房（智能客控+智能馬桶+巨幕影音+冰箱）:HK$320', '樂享浴缸大床房（智能客控+智能馬桶+巨幕影音+冰箱）:HK$351', '高級商務雙床房（智能客控+智能馬桶+65寸液晶大電視+冰箱）:HK$358', '尊享海景大床房（智能客控+智能馬桶+巨幕影音+冰箱）:HK$374']"
廈門山尋·漁夕海景酒店（杏林灣新陽橋頭店）,9.7,"['精緻商務大床:HK$297', '高級商務大床:HK$320', '尊享海景大床:HK$343', '悦享景觀大床:HK$374', '高級商務雙床:HK$389']"
北辰民宿（廈門中山路輪渡碼頭店）,9.4,"['觀星|舒適大床房:HK$541', '攬月|舒睡大床房:HK$573', '自在|影音大床房:HK$658', '雲起|格調大床房:HK$658']"
廈門蘭庭別院（中山路步行街中山公園地鐵站店）,9.5,"['蘭庭·大床房（沉浸式投影+品牌床墊+內窗）:HK$403', '蘭庭·大床房（沉浸式投影+品牌床墊+原棉床品）:HK$436', '蘭庭·MINI榻榻米房（品牌床墊+原棉床品）:HK$446', '蘭庭·豪華大床房（巨幕投影+品牌床墊+原棉床品）:HK$457']"
廈門牡丹港都大酒店（五緣灣店）,9.7,"['雅緻雙床房:HK$514', '雅緻大床房:HK$514', '高級雙床房:HK$631', '高級大床房:HK$631', '行政睡眠大床房:HK$741', '行政雙床房:HK$784']"
廈門畔見設計酒店,9.3,"['甜夢•創意樹屋:HK$296', '樂眠•創意樹屋:HK$334', '季白•玲瓏複式房:HK$367', '靜語•陶然複式套房:HK$431', '閑影•寫意複式套房:HK$450']"
廈門希海灣別苑（會展中心黃厝海灘店）,9.3,"['微瀾 · 休閑大床房 「巨幕影音」:HK$337', '微瀾 · 度假大床房「巨幕影音」:HK$360', '臻瀾 · 智能大床房「 VIP巨幕影音 」:HK$403', '微瀾 · 度假套房「巨幕影音」:HK$424', '微瀾 · 陽台套房「巨幕影音」:HK$446']"
廈門MokaHouse海景度假民宿,9.5,"['別緻投影大床房:HK$249', '榻榻米投影大床房:HK$286', '庭院巨幕影音大床房:HK$304', '陽光浴缸投影大床房:HK$341']"
廈門璞雲酒店（中山路步行街輪渡碼頭店）,9.1,"['靜謐-舒睡大床房:HK$398', '靜謐-舒睡雙床房:HK$445', '城景-零壓舒睡大床房:HK$486', '城景-零壓舒睡雙床房:HK$534']"
廈門銀海藍酒店（機場店）,8.7,"['豪華商務大床房（雅緻甜睡+靜逸舒適）:HK$377', '豪華商務雙床房（雅緻甜睡+靜逸舒適）:HK$377', '行政大床房（沙發+茶几+空氣凈化）:HK$425', '行政雙床房（沙發+茶几+空氣凈化）:HK$425']"
廈門無二·隱舍輕奢海景度假美墅,9.1,"['優享大床房:HK$316', '茶趣豪華大床房:HK$350', '茶趣豪華雙床房:HK$365', '茶趣豪華家庭房:HK$400']"
廈門安布爾Anchen安宸酒店（曾厝垵店）,9.7,"['拾光巨幕影音房:HK$374', '嶼楠巨幕影音房:HK$438', '初夏巨幕影音房:HK$465', '無夏浴缸巨幕影音房:HK$519']"
一格海景親子酒店（環島路廈大白城店）,9.5,"['投影大床房:HK$663', '親子家庭房:HK$775', '零壓投影大床房:HK$836', '兩室親子套房（滑滑梯）:HK$889']"
廈門中山路城嶼悦酒店,9.1,"['城·雙床房:HK$326', '城·舒睡雙床房（4.5挑高精緻户型、全景落地窗）:HK$348', '嶼·LOFT舒睡大床房（全落地窗、4.5米挑高户型）:HK$350', '嶼·LOFT城景大床房（全景落地窗、4.5米高複式户型）:HK$380']"
廈門火車站植物園美侖酒店,9.1,"['商務大床房:HK$562', '商務雙床房:HK$562', '豪華大床房:HK$612', '豪華雙床房:HK$612', '家庭房:HK$723']"
朵友酒店（廈門火車站萬象城店）,9.5,"['雅緻大床房【甄選床品+65寸超清投屏電視】:HK$397', '高級大床房【甄選床品+65寸超清投屏電視】:HK$435', '豪華大床房【甄選床品+65寸超清投屏電視】:HK$473', '高級雙床房【甄選床品+65寸超清投屏電視】:HK$496']"
廈門蘭笙別院（中山路步行街鎮海路地鐵站店）,9.3,"['標準大床房:HK$366', '日式榻榻米房:HK$392', '豪華大床房:HK$450', '親子雙床房:HK$514']"
日落山海泳池海景民宿（廈門環島南路曾厝垵店）,8.8,"['半山·觀山豪華大床房:HK$324', '半山·觀悦沙發浴缸大床房:HK$405', '山頂·私享花園房:HK$517', '半山·觀露浴缸奢享套房:HK$539']"
廈門中山海濱酒店（中山路輪渡碼頭店）,9.3,"['安心睡大床房:HK$326', '安心睡雙床房:HK$369', '假日大床房:HK$391', '非格系-精品雅緻大床房:HK$402']"
宜必思酒店（廈門集美十里長堤店）,9.5,"['榻榻米房:HK$289', '大床房:HK$298', '高級大床房:HK$317', '雙床房:HK$355']"
新東亞酒店（廈門國際機場店）,9.2,"['商務標準房B:HK$286', '商務標準房A:HK$310', '商務房A:HK$366', '商務套房A:HK$454']"
廈門山禾故事設計師全海景度假酒店,8.5,"['一落·休閑度假舒適大床房:HK$431', '一山·山頂院落度假山海雙床房:HK$459', '一嶼·樹景庭院舒適大床房（VIP影視+乳膠床墊）:HK$459', '一夕·日落海景大床房（VIP影視+乳膠床墊）:HK$490']"
維尚花園潮宿（廈門中山路步行街來雅百貨店）,9.8,"['歸潯·舒眠大床房（新風系統+零壓睡眠+全屋智控）:HK$609', '歸潯·舒眠雙床房（新風系統+零壓睡眠+全屋智控）:HK$653', '晚棠·南洋中庭大床房（獨立花園露台+全屋智控）:HK$717', '晚棠·南洋中庭雙床房（獨立花園露台+全屋智控）:HK$751', '觀月·窗景大床房（奢享零壓記憶床墊+浴缸+全屋智控）:HK$761']"
廈門天仙酒店（中山路步行街店）,9.5,"['Thian Sian·影院大床房:HK$507', 'Thian Sian·街景大床房:HK$542', 'Wander·露台大床房:HK$554', 'Thian Sian·複式大床房 （會客室）:HK$588', 'Solarium·街景浴缸大床房:HK$612']"
廈門中山路步行街海景美居酒店,9.2,"['標準大床房:HK$562', '複式套房:HK$663', '高級大床房:HK$682', '高級雙床房:HK$732', '豪華側海景大床房:HK$732']"
MisooHi梵希近海酒店（廈門中山路步行街輪渡碼頭店）,9.3,"['白露·大床房:HK$414', '花時·大床房:HK$452', '海棠·大床房:HK$516', '覓晚·大床房:HK$559']"
廈門海尚雅歌酒店（中山路步行街店）,9.3,"['雅歌影院大床房（全屋智控+觀影幕布+獨享私人影院）:HK$501', '雅歌影院雙床房（全屋智控+觀影幕布+獨享私人影院）:HK$556', '陽光街景大床房（全屋智控+享中山路景觀）:HK$588', '温馨甜蜜主題房（全屋智控+情侶主題佈置）:HK$616', '陽光街景雙床房（全屋智控+享城市風光）:HK$632']"
廈門春光酒店（中山路輪渡碼頭店）,9.1,"['精緻大床房:HK$382', '高級大床房:HK$425', '高級雙床房:HK$447', '街景大床房:HK$458', '巨幕影音房:HK$480']"
璞悠酒店（廈門中山路步行街店）,9.0,"['特惠大床房:HK$260', '閑適大床房:HK$282', '靜謐大床房:HK$304', '閑適雙床房:HK$320']"
廈門中山路步行街中華城輕居酒店,9.4,"['舒適大床房（迷你小冰箱）:HK$636', '精選大床房（竹居造景靜謐）:HK$654', '標準街景大床房（外窗）:HK$690', '精選雙床房（竹居內窗景觀）:HK$708', '精選城景大床房（窗外景觀南洋風情步行街）:HK$726']"
華夏麗呈酒店（廈門火車站萬象城店）,9.6,"['高清投屏觀影大床房〔激光電視+環繞音響+投屏〕:HK$557', '雲端城景悦心大床房〔閩南茶具+沙發+乾濕分離+智能客控〕:HK$585', '高空城景旅居大床房〔閩南茶具+休閑沙發+辦公桌+藍牙音箱〕:HK$692', '雲端城景悦心雙床房〔閩南茶具+休息沙發+智能客控+乾濕分離〕:HK$773', '高空城景温馨家庭房〔大小床+閩南茶具+沙發+藍牙音箱+乾濕分離〕:HK$818']"
蔦島海景潮宿（廈門中山路步行街輪渡碼頭店）,9.5,"['等風來·復古城景大床房（巨幕投影儀+全屋智能）:HK$669', '溶月·城景商務雙床房:HK$701', '觀風嶼·復古城景大床房（巨幕投影儀+全屋智能）:HK$721', '潮笙眠·森法影音·雙床房（投影儀+浴缸+景觀）:HK$731', '豪華商務·鼓浪嶼雙床房（投影儀+側海景+全屋智能）:HK$832']"
MisooHi南至美學民宿（中山路步行街輪渡碼頭店）,8.9,"['西米·泡池大床房:HK$385', '晚秧·浴缸陽台大床房:HK$439', '暮瑟·浴缸雙陽台大床房:HK$493', '月上·獨立露台浴缸大床房:HK$600']"
廈門Annica安妮卡酒店,9.4,"['未遲巨幕大床房:HK$327', '遇見影音大床房:HK$369', '沐舍浴缸大床房:HK$408', '初心影音大床房:HK$413']"
廈門集美湖商務中心亞朵酒店,9.7,"['雅緻大床房【記憶枕+裸棉床品+普蘭特床墊】:HK$394', '高級雙床房【記憶枕+裸棉床品+普蘭特床墊】:HK$430', '高級大床房【記憶枕+裸棉床品+普蘭特床墊】:HK$430', '行政大床房【配記憶枕+普蘭特床墊+貴妃榻小冰箱】:HK$474', '行政雙床房【配記憶枕+普蘭特床墊+貴妃榻小冰箱】:HK$474']"
栩程·唯納海景酒店,9.9,"['投影大床房•1080p高清投影:HK$578', '零壓大床房·記憶枕:HK$676', '景觀大床房•記憶枕•乳膠床墊:HK$741', '零壓雙床房•記憶枕•乳膠床墊:HK$829']"
