酒店名称,评分,房型价格列表
延安翠泉酒店,9.4,"['翠泉園景豪華雙床房:HK$454', '翠泉園景豪華大床房:HK$454', '貴賓樓·窯洞藝術雙床房:HK$589', '貴賓樓·窯洞藝術大床房:HK$589', '貴賓樓·豪華大床房:HK$633', '貴賓樓·庭院景觀雙床房:HK$677']"
聖鑫酒店（延安中心街萬達廣場店）,9.6,"['普通大床房（無窗）:HK$186', '精品大床房:HK$216', '精品標準間:HK$248', '特色觀景標間（陝北窯洞窗户）:HK$248', '商旅雙床房:HK$280']"
延安國勝賓館（雙擁大道寶塔山店）,9.6,"['雅居潔凈雙床房（雅緻靜逸+乾濕分離）:HK$214', '雅居潔凈大床房（雅緻靜逸+乾濕分離）:HK$241', '雅軒恬靜雙床房（簡約時尚+乾濕分離）:HK$252', '雅軒陽光雙床房（充足採光+獨立辦公桌）:HK$262', '雅軒陽光大床房（充足採光+獨立辦公桌）:HK$273']"
清悦酒店（延安火車站店）,9.3,"['精緻大床房【智能客控+乳膠床墊】:HK$210', '舒適雙床房【智能客控+乾濕分離+零壓記憶床墊】:HK$259', '舒適大床房【辦公桌椅+電動窗簾+零壓記憶床墊】:HK$267', '高級雙床房【深度睡眠+親膚布草+乾濕分離】:HK$270']"
延安金澤國際酒店（寶塔山店）,9.4,"['豪華大床房丨大窗户+臨街觀景:HK$260', '豪華標準間丨大窗户+臨街觀景:HK$260', '寶塔景觀標間（俯瞰寶塔夜景+延河河景）:HK$391', '寶塔景觀單間（俯瞰寶塔夜景+延河河景）:HK$391', '雅緻親子房（親子主題+温馨雙床）:HK$643', '豪華套房（特大床+會客廳+長沙發+商務休閑+開闊視野）:HK$653']"
延旅·延安賓館,9.5,"['特惠雙床房:HK$348', '特惠大床房:HK$403', '豪華雙床房:HK$425', '豪華大床房:HK$457', '高級雙床房:HK$610', '高級大床房:HK$643']"
延安聖鑫酒店（中心街王家坪店）,9.7,"['風尚大床房（私密空間+舒睡好眠+絲滑軟水沐浴 ）:HK$205', '優享大床房（輕奢優選+辦公桌椅+絲滑軟水淋浴）:HK$212', '精選大床房（閣樓設計+獨立茶桌+絲滑軟水沐浴）:HK$221', '精選雙床房（ 閣樓設計+輕盈睡眠+絲滑軟水淋浴）:HK$224', '景緻大床房（觀彩虹橋+舒緩治癒+絲滑軟水沐浴）:HK$260']"
延安東聖酒店（寶塔山萬達廣場店）,9.6,"['空境大床房【輕盈好眠+零壓床墊】:HK$238', '隱市大床房【中央軟水＋零壓床墊】:HK$262', '隱市雙床房【中央軟水＋零壓床墊】:HK$262', '山語雙床房【潔凈舒適+盡享城景】:HK$295', '山語大床房【潔凈舒適+商務服務】:HK$295']"
漢庭酒店（延安新區吾悦廣場店）,9.7,"['高級大床房 （投屏電視）:HK$311', '商務大床房 （投屏電視）:HK$341', '商務雙床房 （投屏電視）:HK$371', '家庭房 （投屏電視）:HK$412']"
聖鑫酒店（延安寶塔山店）,9.8,"['靜謐雙床房:HK$197', '靜謐大床房:HK$197', '靜雅大床房:HK$212', '雅逸高級大床房:HK$233']"
延安兀裏紅謠窯洞酒店,9.1,"['聽風、窯洞玲瓏炕房:HK$379', '倚山、窯洞雙炕房:HK$403', '聽風、窯洞雙炕房:HK$417', '倚山、窯洞炕桌雙人房:HK$427', '聽風、窯洞親子炕房:HK$490']"
延安左末酒店（寶塔山店）,9.6,"['優享大床房（智能客控+通透採光+舒睡好眠）:HK$238', '優享雙床房（智能客控+通透採光+舒睡好眠）:HK$238', '75寸· 影音大床房（智能投屏＋頭等太空沙發）:HK$280', '尊享豪華雙床房（智能客控+頭等太空沙發+舒緩治癒）:HK$280', '尊享山景大床房（180°超大落地窗+頭等太空沙發）:HK$321']"
延安魯藝窯苑民宿,9.8,"['標準雙人房:HK$267', '標準大床房:HK$267', '豪華套房:HK$360', '家庭套房:HK$370']"
白玉蘭酒店（延安寶塔山百米大道店）,9.4,"['蘭舒雙床房:HK$283', '蘭舒大床房:HK$305', '玉舒家庭房:HK$369', '蘭舒大床套房:HK$389', '豪華雙床房:HK$1,026']"
美麗豪酒店（延安寶塔山店）,8.8,"['靜謐大床房:HK$239', '靜謐大床房A:HK$261', '精緻大床房:HK$349', '精緻雙床房:HK$349', '雅緻大床房:HK$382']"
睿恩酒店（寶塔山萬達廣場店）,9.6,"['智慧觀影雙床房（私密空間）:HK$235', '智慧優選雙床房（電視投屏·零壓床墊·智能聲控·中央軟水）:HK$248', '智慧高級大床房（親膚純棉四件套·舒適深眠·零壓床墊·智能聲控·中央軟水）:HK$263', '智慧陽光雙床房（VIP影視會員·零壓床墊·智能聲控·中央軟水）:HK$267']"
延安弘澤國際酒店（火車站店）,9.3,"['特惠雙床房:HK$195', '特惠大床房:HK$196', '華麗靜雅雙床房:HK$326', '悦心智能影院大床房（全屋智能巨幕投影4K高清3D立體立體聲環繞）:HK$326', '弘澤高雅雙床房:HK$326']"
ZMAX 滿兮酒店（延安百米大道寶塔山店）,9.3,['兩張床 親子XXL:HK$582']
延安美居酒店,9.6,"['標準大床房:HK$407', '高級大床房:HK$437', '高級雙床房:HK$437', '豪華大床房:HK$467', '豪華雙床房:HK$467']"
PG巴頓·瀾設計師酒店（延安萬達廣場寶塔山店）,7.7,"['欣喜·高級靈動雙床房【零壓酣睡床墊+通透採光】:HK$153', '欣喜·高級靈動大床房【城際夜景+獨立wifl】:HK$153', '悦喜·尊享大床房【舒適環境+絲漣床墊】:HK$191', '悦喜·尊享雙床房【超大活動空間+自然愈眠】:HK$191']"
布丁嚴選酒店（延安火車站店）,9.2,"['特惠標準房:HK$118', '優享雙床房:HK$129', '優享大床房:HK$129', '尊享大床房:HK$144']"
金延安·淺拾民宿,9.6,"['淺拾靜謐雙床房（乾濕分離+私密空間+蕎麥枕）:HK$213', '淺拾憶夢雙床房（優質床品+乾濕分離+蕎麥枕）:HK$293', '淺拾暮光榻榻米（乾濕分離+優質床品+蕎麥枕）:HK$311', '淺拾温馨家庭親子間（乾濕分離+優質床品+蕎麥枕）:HK$342', '商務大床房丨乾濕分離+愜意浴缸:HK$383']"
歡瑞酒店（延安寶塔山店）,9.5,"['歡瑞|玲瓏靜謐大床房:HK$291', '歡瑞|玲瓏靜謐雙床房:HK$291', '歡悦|舒壓寧靜大床房:HK$291', '歡悦|舒壓寧靜雙床房:HK$291']"
延安新區魯藝公園亞朵酒店,9.7,"['高級大床房:HK$430', '高級雙床房:HK$430', '雅緻雙床房:HK$462', '行政大床房:HK$471', '行政雙床房:HK$471']"
美豪酒店（延安寶塔山店）,9.6,"['私密空間大床房（無窗）:HK$306', '私密空間雙床房（無窗）:HK$306', '維多利亞大床房:HK$377', '維多利亞雙床房:HK$377', '愛丁堡影院大床房:HK$502']"
維也納國際酒店（延安聖隆火車站店）,9.1,"['豪華雙床間:HK$240', '特惠雙床房:HK$251', '豪華單間:HK$261', '豪華智能大床房（全屋智能客控+小度音箱）:HK$269', '豪華親子房:HK$311']"
如家睿柏·雲酒店（延安寶塔山二道街店）,8.7,"['特惠大床房【獨立空調➕中央軟水】:HK$125', '特惠雙床房【獨立空調➕中央軟水】:HK$125', '精品雙床房【獨立空調➕中央軟水】:HK$160', '雅閣雙床房【獨立空調➕中央軟水】:HK$168']"
延安楓霖酒店,9.1,"['楓韻大床房:HK$204', '楓雅雙床房:HK$227', '楓和家庭房:HK$292', '楓盈家庭房:HK$376']"
延安麗森酒店（百米大道店）,9.3,"['特惠行政雙床房（雅蘭舒適床墊）:HK$246', '商務雙床房（雅蘭舒適床墊）:HK$359', '特惠行政雙床套房（一室一廳+舒適空間）:HK$359', '零壓舒睡豪華大床房（深睡好眠+零壓床品）:HK$411', '零壓舒睡豪華雙床房（深睡好眠+零壓床品）:HK$411']"
延安棗園賓館,9.5,"['豪華大床房:HK$326', '豪華雙床房:HK$326', '豪華兩居家庭套房:HK$832', '豪華兩居商務套房:HK$832', '至尊三居景觀套房:HK$1,138']"
延旅·延安隆華花園酒店,9.1,[]
延安仟那酒店（新區全民運動中心店）,9.6,"['仕居雙床房:HK$411', '仕居大床房:HK$420', '竹溪雙床房:HK$457', '竹溪大床房:HK$509', '隱仕大床房:HK$636']"
延安龍飛盛世國際酒店,8.3,"['標準間:HK$215', '單人間:HK$295', '親子房:HK$337', '豪華標準間:HK$348', '豪華單人間:HK$356']"
延安旅遊大廈（寶塔山夜市二道街店）,9.7,"['雅緻雙床房:HK$419', '商務大床房:HK$419', '舒適雙床房:HK$425', '舒逸大床房:HK$425', '雅緻親子間:HK$439']"
延安萬達錦華酒店,9.2,"['陝北風情湖景大床房:HK$485', '陝北風情湖景雙床房:HK$485', '陝北風情庭院湖景大床房:HK$727', '陝北風情庭院湖景雙床房:HK$727', '家庭湖景套房:HK$969', '陝北風情湖景套房:HK$1,091']"
潤風酒店（延安寶塔山中心街萬達廣場店）,9.5,"['優享智能客控親子房（親子童趣➕歡樂親子時光）:HK$235', '浪漫純享大床房（靜謐舒適+電視投屏）:HK$301', '豪華雙床房（小度智能+零壓記憶床墊）:HK$354', '觀景大床房（觀寶塔山延河景觀+辦公桌椅+小度智能）:HK$367']"
延安王梓酒店,9.6,"['雅緻雙床房（無窗）:HK$356', '雅緻大床房（無窗）:HK$362', '商旅大床房:HK$379', '陽光大床房:HK$398', '商旅雙床房:HK$404']"
延安萬達嘉華酒店,9.2,"['窯洞風湖景大床房:HK$691', '窯洞風湖景雙床房:HK$691', '窯洞湖景庭院炕房:HK$1,151', '紅色主題窯洞湖景庭院炕房:HK$1,200', '窯洞風湖景套房:HK$1,334', '窯洞湖景豪華套房:HK$1,577']"
延安治平酒店（清水天河吾悦廣場店）,9.5,"['電競三人間:HK$340', '科幻三人間:HK$340', '靜謐大床房:HK$340', '靜謐雙床房:HK$340', '商務大床房（負離子新風氧氣）:HK$352', '樂享親子間:HK$388']"
6號未來酒店（延安寶塔山萬達廣場店）,9.5,"['忘憂私密大床房（無窗）:HK$297', '忘憂觀景大床房:HK$319', '未來商旅雙床房:HK$343', '影院智能大床房:HK$355', '影院民俗大床房:HK$367']"
延安楠林宏越國際大酒店,9.5,"['豪華雙床房:HK$355', '豪華大床房:HK$364', '豪華親子房:HK$395', '行政雙床房:HK$452', '行政大床房:HK$476']"
延安文化交流中心,9.1,"['精品雙床房:HK$492', '精品大床房:HK$519', '精品套房:HK$1,065']"
延安聖第錦成藝術酒店（百米大道店）,9.2,"['錦綉舒適雙床房（自然眠愈+簡約設計）:HK$398', '錦綉舒適大床房（輕盈美夢+舒睡好眠）:HK$398', '錦致豪華雙床房（潔凈舒適＋採光充足）:HK$457', '錦致豪華大床房（潔凈舒適＋採光充足）:HK$457', '錦致臻選三人房（舒睡好眠+城市夜景）:HK$489']"
延安延飛麗繽酒店,9.4,"['豪華雙床房:HK$259', '豪華大床房:HK$259', '臨河雙床房:HK$272', '商務套房:HK$543', '行政套房:HK$585']"
延安大酒店,9.0,"['標準雙床房:HK$261', '豪華大床房:HK$325', '豪華雙床房:HK$325', '行政雙床房:HK$391', '行政親子房:HK$425']"
親·美好酒店（延安火車站店）,9.4,"['豪華雙床房:HK$193', '風情雙床房:HK$222', '豪華大床房:HK$231', '豪華三人房:HK$438']"
美麗豪酒店（新區吾悦廣場店）,9.4,"['永新市景雙床房:HK$406', '永新豪華雙床房:HK$435', '永新豪華大床房:HK$435', '永利豪華浴缸大床房:HK$555', '永嘉豪華大床房:HK$555']"
延安地建南山酒店,9.0,"['商務大床房:HK$399', '商務雙床房:HK$401', '親子家庭房:HK$490', '商務套房:HK$974', '行政套房:HK$1,218']"
延安百米大道寶塔山亞朵酒店,9.5,"['雅緻雙床房:HK$380', '高級雙床房:HK$390', '高級大床房:HK$421', '行政雙床房:HK$450', '行政大床房:HK$471']"
延安紅星園國際酒店,9.4,"['優享雙床房:HK$380', '豪華大床房:HK$435', '豪華雙床房:HK$435', '行政大床房:HK$762', '行政雙床房:HK$762', '商務套房:HK$1,003']"
