酒店名称,评分,房型价格列表
天門山仟酒店,9.5,"['智能舒適大床房:HK$355', '智能豪華大床房:HK$392', '智能豪華雙床房:HK$433', '親子套房:HK$653']"
張家界天門山希爾頓惠庭酒店,9.6,"['靈動大床房（膠囊coffee+微波爐+雙用冰箱+智能馬桶+新風系統+熨衣設備）:HK$710', '靈動雙床房（膠囊coffee+微波爐+雙用冰箱+智能馬桶+新風系統+熨衣設備）:HK$724', '靈動高級城景大床房（膠囊coffee機+微波爐+雙用冰箱）:HK$767', '靈動家庭雙床房（熨衣設備+新風微波爐雙功能冰箱）:HK$790', '靈動豪華山景大床房（膠囊coffe機+新風冰箱微波爐）:HK$824', '靈動高級大床套房（膠囊coffee機+微波爐+雙用冰箱）:HK$824']"
張家界天門山温德姆花園酒店,9.6,"['智能語音｜高級城景大床房+小冰箱+智能馬桶+自動窗簾:HK$751', '智能語音｜高級城景雙床房+小冰箱+智能馬桶+自動窗簾:HK$777', '智能語音｜庭院景觀大床房+冰箱+智能馬桶+自動窗簾:HK$811', '智能語音｜天門山景雙床房+小冰箱+智能馬桶+自動窗簾:HK$838', '貳伍捌｜麻將大床房+冰箱+凈煙系統+智能馬桶+自動窗簾:HK$859', '智能語音｜天門山景大床房+小冰箱+智能馬桶+自動窗簾:HK$864']"
張家界天門山錦江都城酒店,9.4,"['安舒雙床房（冰箱+自動窗簾+智能馬桶+自動新風系統）:HK$507', '都會大床房（冰箱+自動窗簾+智能馬桶+自動新風系統）:HK$557', '都會雙床房（冰箱+自動窗簾+智能馬桶+自動新風系統）:HK$582', '風雅大床房（冰箱+自動窗簾+智能馬桶+自動新風系統）:HK$608', '風雅雙床房（冰箱+自動窗簾+智能馬桶+自動新風系統）:HK$634']"
張家界納百利度假酒店,9.4,"['豪華大床房:HK$796', '豪華雙床房:HK$796', '行政大床房:HK$1,024', '行政雙床房:HK$1,090', '精緻套房:HK$4,093', '豪華套房:HK$6,575']"
全季酒店（張家界國家森林公園武陵源標誌門店）,9.5,"['高級大床間（65寸投屏電視+小冰箱）:HK$680', '高級雙床房（65寸投屏電視+小冰箱）:HK$710', '豪華大床房（65寸投屏電視+小冰箱）:HK$729', '豪華雙床房（65寸投屏電視+小冰箱）:HK$758']"
曼緣度假酒店（張家界國家森林公園標誌門店）,9.5,"['Simple·曼心雙床房丨獨立書桌椅:HK$489', 'Simple·曼心大床房丨獨立書桌椅:HK$511', 'Relax·曼雲雙床房 丨 獨立書桌椅:HK$522', 'Sunny·曼居河景大床房 丨陽台遠眺+深泡浴缸+床前椅:HK$634', 'Sunny·曼居河景雙床房 丨 私享陽台+遠眺河景:HK$652']"
張家界華天大酒店,9.2,"['智能影院大床房 （VIP視頻一鍵投屏）:HK$510', '高級景觀雙床房:HK$552', '標準雙床房:HK$573', '高級景觀大床房:HK$583', '豪華景觀雙間:HK$583', '行政景觀大床房:HK$676']"
張家界天子山眷界·良舍（武陵源國家森林公園店）,9.8,"['一日三秋｜眷慕·景觀陽台大床套房+網紅浴缸+酷狗音樂:HK$1,298', 'Friend｜良舍·景觀雙床觀影套房+酷狗Music隨心聽:HK$1,408', '副樓｜兩居室家庭套房+百寸巨幕1080P高清投影:HK$1,626', 'Forever｜眷惠·高級景觀大床套房+景觀浴缸+酷狗音樂:HK$1,735', '北落師門｜眷顧·景觀親子影音套房+酷狗Music隨心聽:HK$1,845', '錦綉前程｜眷聚·粉紅獅子親子主題影音套房+酷狗Music:HK$1,953']"
桔子酒店（張家界天門山索道站）,9.6,"['高級大床房:HK$555', '豪華大床房:HK$575', '高級雙床房:HK$634', '豪華雙床房:HK$653', '家庭房:HK$712']"
遇希民宿（張家界武陵源森林公園店）,9.8,"['特惠景觀迷你大床房:HK$371', '景觀主題大床房:HK$434', '景觀主題雙標間:HK$434', '泉呤觀景大床房:HK$508']"
美驛輕奢名宿（張家界步行街大庸古城店）,9.6,"['棲鳳閣（大床）一覽庸城迷人全景+投屏電視:HK$315', '瀟湘小築（大床）榻榻米茶台+高空庸城城景+高速吹風機:HK$320', '戀影小屋（大床）享安靜入睡+高速吹風機+投影+（影視會員）:HK$334', '風語閣:（大床）遠觀天門山+高空觀景+高速吹風機:HK$356']"
張家界天門山索道天門居亞朵酒店,9.6,"['高級大床房（記憶枕+小冰箱+智能馬桶+智能投屏）:HK$501', '高級雙床房（記憶枕+小冰箱+智能馬桶+智能投屏）:HK$537', '行政大床房（記憶枕+小冰箱+智能馬桶+智能投屏）:HK$537', '幾木大床房（深睡枕+小冰箱+智能馬桶+智能投屏）:HK$592', '幾木雙床房（深睡枕+小冰箱+智能馬桶+智能投屏）:HK$592']"
維也納國際酒店（張家界天門山索道站店）,9.8,"['豪華大床房:HK$594', '商務大床房:HK$620', '商務雙床房:HK$620', '景觀大床房:HK$645', '景觀雙床房:HK$645']"
張家界禾田居度假酒店,9.5,"['火寨-山景露台雙床房+小冰箱+智能馬桶+露台浴缸:HK$971', '火寨-山景露台大床房+小冰箱+智能馬桶+室內浴缸:HK$971', '木寨別墅-山景露台大床房+小冰箱+智能馬桶+觀景浴缸:HK$1,079', '木寨別墅-山景露台雙床房+小冰箱+智能馬桶+觀景浴缸:HK$1,079', '水寨別墅-河景露台大床房+小冰箱+智能馬桶+觀景浴缸:HK$1,189', '水寨別墅-河景露台雙床房+小冰箱+智能馬桶+觀景浴缸:HK$1,189']"
張家界京武鉑爾曼酒店,9.0,"['高級大床房:HK$597', '高級雙床房:HK$597', '豪華大床房:HK$635', '豪華雙床房:HK$635', '行政大床房:HK$1,028', '行政雙床房:HK$1,028']"
張家界如可酒店（天門山索道店）,9.8,"['舒適大床房:HK$786', '温馨花園雙床房:HK$909', '雅緻大床房·「深泡浴缸」:HK$911', '幽雅智能大床房:HK$952', '幽雅智能雙床房:HK$1,048', '幽雅花園大床房:HK$1,079']"
張家界國家森林公園冒騷客棧,9.1,"['星空雙床房:HK$282', '星空大床房:HK$297', '悦心雙床房:HK$318', '悦心大床房:HK$323', '水景陽台雙床房:HK$382']"
界止·湘西之戀酒店（天門山養雲店）,9.5,"['Classic · 雲夢城景雙床房 | 土家織錦 + 獨立桌椅:HK$409', 'Classic · 雲夢城景大床房 | 飄窗休閑椅:HK$419', 'Heat·雲境雅緻城景大床房|獨立桌椅:HK$471', 'Heat·雲境雅緻雙床房|深泡浴缸+羅漢茶椅:HK$471', 'Warm·雲棲河景大床房 | 180°全景落地窗 + 100寸投影:HK$512']"
張家界武陵源希爾頓花園酒店（張家界國家森林公園店）,9.6,"['花園高級大床房 | 標配自動窗簾+小冰箱+智能馬桶:HK$891', '花園高級雙床房 | 標配自動窗簾+小冰箱+智能馬桶:HK$891', '愛心房|無障礙專用淋浴間+自動窗簾+小冰箱+智能馬桶:HK$891', '豪華大床房 | 觀景長廊:HK$955', '豪華雙床房 | 觀景長廊:HK$955', '豪華大床房 | 帶多功能沙發床:HK$1,082']"
近遠山美宿酒店（張家界天門山國家森林公園店）,9.5,"['舒適雙床房:HK$318', '舒適大床房:HK$330', '豪華雙床房:HK$342', '土家風情大床房:HK$357']"
柏曼國際酒店（張家界國家森林公園標誌門店）,9.2,"['影院雙床房:HK$435', '影院大床房:HK$446', '豪華雙床房:HK$459', '豪華大床房:HK$480', '城景雙床房:HK$522']"
蘭亭·雅居酒店（張家界國家森林公園標誌門店）,9.6,"['雅居·高級雙床房:HK$596', '雅居·高級大床房:HK$631', '雅居·河畔山景雙床房:HK$686', '雅居·星空日式雙床房:HK$698', '雅居·陽光舒睡浴缸大床房-地暖:HK$698']"
張家界禹界Hotel（武陵源國家森林公園店）,9.6,"['禹界|優享大床房+智能客控+山景+迷你冰箱+雅瀾床墊:HK$402', '界裏|望舒雙床房雅+雅瀾床墊+鵝絨被+智能客空+冰箱:HK$574', '界裏|臨溪豪華大床+雅瀾床墊+貴妃躺椅+智能馬桶+冰箱:HK$593', '界外|觀山雙床房+雅瀾床墊+智能客控+智能馬桶+冰箱:HK$660', '界外|甜蜜蜜豪華大床+雙人泡浴缸+智能客控+迷你冰箱:HK$821']"
張家界天門山景區希岸Deluxe酒店,9.7,"['Deluxe高級大床房（智能客控+零壓睡眠）:HK$479', 'Deluxe豪華大床房（全景落地窗+智能客控+雙層隔音）:HK$497', 'Deluxe豪華雙床房（全景落地窗+智能客控+雙層隔音）:HK$497', 'Deluxe純凈大床房（Loft複式+全景落地窗+智能客控）:HK$584', 'Deluxe家庭房（Loft複式+智能客控+零壓睡眠）:HK$619']"
張家界世紀鉑郡酒店,9.5,"['鉑郡·高級大床房-Minibar:HK$366', '鉑郡·雅緻雙床房-Minibar:HK$375', '鉑郡・雅緻大床房-Minibar:HK$386', '鉑郡·景觀雙床房-Minibar:HK$415', '鉑郡·景觀大床房-Minibar:HK$416']"
張家界瑞景縵山温德姆酒店,9.3,"['舒適大床房|自動窗簾+冰箱+智能馬桶:HK$871', '舒適雙床房|自動窗簾+冰箱+智能馬桶:HK$981', '花園景丨舒適大床房+自動窗簾+冰箱+智能馬桶:HK$1,090', '空中花園景|舒適雙床房+自動窗簾+冰箱+智能馬桶:HK$1,090', '親子家庭房|趣玩藍鯨灣主題房+自動窗簾+冰箱+智能馬桶:HK$1,199', '親子家庭房|甜兔粉絨閣主題房+自動窗簾+冰箱+智能馬桶:HK$1,199']"
張家界藍灣博格國際酒店,9.2,"['高級標準單人間:HK$380', '高級標準雙人間:HK$399', '豪華標準單人間:HK$454', '豪華標準雙人間:HK$508', '家庭親子房:HK$509', '高級套房:HK$1,056']"
張家界山與溪度假酒店（武陵源國家森林公園店）,9.6,"['青山綠水·溪畔山景雙床房｜冰箱＋智能馬桶+落地窗:HK$526', '綠釉青山·溪畔山景大床房｜冰箱＋智能馬桶+落地窗:HK$554', '推窗見山·180°山景陽台雙床房｜迷你冰箱＋智能馬桶:HK$590', '戀愛腦洞·270°視野特大床按摩觀影房｜冰箱＋智能馬桶:HK$639', '幽谷溪流·180 °山景閨蜜三床房＋冰箱＋智能馬桶:HK$725']"
如家精選PLUS酒店（張家界中商廣場大庸古城店）,9.6,"['商務大床房「影音投屏｜落地窗丨深睡枕」:HK$448', '雙床房「影音投屏｜落地窗丨深睡枕」:HK$457', '高級大床房「智能客控丨0壓床墊丨影音投屏｜落地窗」:HK$472', '高級雙床房「智能客控丨0壓床墊丨影音投屏｜落地窗」:HK$481', '安心睡零壓大床房「天門山觀景丨0壓床墊丨空氣凈化器」:HK$496']"
張家界陽光酒店,9.5,"['土家風情大床房:HK$501', '土家風情雙床房:HK$522', '豪華景觀大床房:HK$522', '豪華景觀雙床房:HK$544', '庭院景觀房（入户露台）:HK$630', '至尊特色房:HK$642']"
桔子酒店（張家界天門山索道大庸路店）,9.6,"['高級大床房:HK$587', '高級雙床房:HK$666', '套房:HK$686', '家庭房:HK$686']"
張家界棲石裏洞穴民宿（國家森林公園標誌門店）,9.6,"['峽谷泳池大床房【全屋智能·全屋地暖|戴森吹風】:HK$1,567', '玻璃峽谷雙床房【全屋智能|恆温沐浴|慕斯床墊】:HK$1,689', '山景晨曦大床房【全屋地暖|全屋智能|落地觀景窗】:HK$1,932', '水下溶洞雙床房【寬享沙發|全屋智能|沉浸體驗】:HK$2,054', '谷韻觀景親子房【開放兩居|超大視野|全屋地暖】:HK$2,298', '水下觀景套房【觀景天窗|落地觀景窗|定製浴缸】:HK$2,906']"
張家界芊山月度假酒店（張家界森林公園景區武陵源標誌門店）,9.5,"['TOP款·靜音深睡大床房+智能聲控+自動窗簾:HK$423', '安心健康房·靜音深睡雙床房+智能聲控+明亮窗景:HK$437', '撿漏王·榻榻米窗景大床房+智能聲控+防摔設計:HK$459', '自然治癒·山景陽光大床房+3米落地窗 +智能聲控:HK$481']"
溪岸與山民宿,9.8,"['眷隱歸巢大床房:HK$207', '靜水深居雙床房:HK$207', '攬月臨溪山景雙床房:HK$251', '觀夕臨溪山景親子間:HK$328']"
張家界專家村陽光庭院酒店（國家森林公園武陵源標誌門店）,9.6,"['豪華大床房Imini冰箱+零壓床墊:HK$622', '豪華雙床房Imini冰箱+零壓床墊:HK$622', '貴賓大床房I觀景長廊+mini冰箱+零壓床墊:HK$677', '貴賓雙床房:HK$677', '景觀陽台雙床房I觀景陽台+mini冰箱+零壓床墊:HK$709']"
張家界湘韻國際大酒店,9.1,"['特惠雙間:HK$358', '高級雙床房:HK$382', '高級大床房:HK$388', '180°河景雙床房-觀天門山:HK$415', '180°河景大床房-觀天門山:HK$453']"
全季酒店（張家界天門山索道店）,9.6,"['高級大床房:HK$682', '高級雙床房:HK$713', '商務大床房:HK$713', '商務雙床房:HK$742']"
花築奢·張家界逸秀雲山民宿（國家森林公園中門梓木崗店）,9.3,"['尋山·庭院雙床房（私享花園+mini冰箱+零壓記憶枕+地暖）:HK$805', '梓韻·觀景雙床房（零壓記憶枕+mini冰箱+地暖）:HK$805', '秀嶼·山景大床房（零壓記憶枕+mini冰箱+地暖）:HK$845', '尋山·大床房（零壓記憶枕+深泡大浴缸+mini冰箱+零壓記憶枕+地暖）:HK$961', '星嶼・大床房（90°超大山景露台+觀景浴缸+mini冰箱+地暖）:HK$1,093']"
張家界嘉萊特精選酒店（天門山國家森林公園店）,9.2,"['奇峯大床房｜自動窗簾+舒適床品+影視VIP:HK$349', '奇峯雙床房｜自動窗簾+舒適床品+影視VIP:HK$378', '雲海大床房｜景觀落地窗+靜逸舒適+影視VIP:HK$401', '雲海雙床房｜景觀落地窗+靜逸舒適+影視VIP:HK$401', '木槿三人間｜辦公桌+乾濕分離+影視VIP:HK$509']"
張家界溪澗良舍度假民宿（武陵源森林公園店）,9.6,"['溪澗良舍·觀山悦温馨雙床房（休閑椅+落地觀景）:HK$398', '溪澗良舍·夢幻雅緻大床房（休閑沙發+巨幕投影+落地觀景）:HK$414', '溪澗良舍·天空之城觀景大床房（觀景陽台+休閑椅）:HK$431', '溪澗良舍·聽風賞月榻榻米房（觀景陽台、全景落地窗+休閑椅）:HK$443']"
張家界棲悦水雲間度假民宿（武陵源森林公園景區店）,9.9,"['聽夜曲·陽台大床房（落地山溪全景+撞色沙發+陽台茶座）:HK$630', '醉雲煙·大床房（落地山溪全景+茶椅+觀景茶台）:HK$639', '枕畫上·雙床房（落地山溪全景+房屋智能+定製沙發）:HK$667', '攬星河·大床房（浴缸+落地山溪全景+放鬆椅+茶台）:HK$670']"
張家界四季來·溪畔度假酒店（武陵源國家森林公園店）,9.7,"['溪畔||時尚侘寂雙床房＋迷你冰箱＋自動窗簾＋智能馬桶+時尚桌椅:HK$600', '溪畔||高級浴缸大床房＋迷你冰箱＋自動窗簾＋智能馬桶:HK$631', '溪畔||高級雙床房＋迷你冰箱＋自動窗簾＋智能馬桶＋貴妃躺椅:HK$660', '溪畔||山景大床房＋迷你冰箱＋自動窗簾＋智能馬桶＋貴妃躺椅:HK$682', '甜甜蜜蜜||靜謐舒睡親子房＋迷你冰箱＋自動窗簾＋智能馬桶＋貴妃躺椅:HK$750']"
虛度·ANNICA旅遊度假酒店（張家界國家森林公園中門店）,9.6,"['臨風·庭院大床房『私享森林氧吧丨浴缸』:HK$1,544', '溪澗·榻榻米山景房『日式茶台前賞窗外山巒』:HK$1,713', '雲棲·山景大床房『悠然賞景丨深泡浴缸』:HK$1,768', '青巒270°·山景大床房『山景陽台+享悠閑午後時光』:HK$1,880', '森夏270°·榻榻米星空房『星空玻璃沐浴暖陽丨浴缸』:HK$1,992', 'Summer夏天·親子影音房『小童滑梯丨庭院親子時光』:HK$2,686']"
張家界國家森林公園希爾頓歡朋酒店,9.6,"['舒適山景大床房:HK$1,079', '高級山景大床房:HK$1,188', '高級山景雙床房:HK$1,188', '豪華山景大床房:HK$1,297', '豪華山景雙床房:HK$1,297', '歡友親子房:HK$1,515']"
雄誠酒店（張家界天門山索道站店）,9.4,"['智能豪華大床房（落地大窗+高級床墊+智能投屏）:HK$452', '豪華雙床房（全屋智能+智能馬桶+全景落地窗）:HK$478', '親子雙床房（全屋智能+智能馬桶+冰箱）:HK$575']"
梵泊灣酒店（張家界中商廣場大庸古城店）,9.6,"['陽光雙床房（新風系統+全景落地窗）:HK$358', '舒適浴缸大床房（科勒衞浴+夜夜好眠舒達床墊）:HK$406', '觀天門山江景雙床房（全景落地窗+智能馬桶）:HK$430', '180°景觀情侶大床房（觀景浴缸+聖帝斯堡傢俱）:HK$454']"
歡漫酒店（張家界中商廣場大庸古城店）,9.7,"['高級大床房:HK$375', '豪華大床房:HK$399', '豪華雙床房:HK$424', '影院大床房:HK$424']"
張家界錦璞居酒店（武陵源標誌門國家森林公園店）,9.7,"['璞美丨療愈安眠大床房＋智能馬桶＋迷你冰箱+自動窗簾:HK$404', '璞美丨療愈安眠雙床房+智能馬桶＋迷你冰箱+自動窗簾:HK$426', '意亂情迷丨雙人浴缸特大床房+冰箱+智能馬桶+化粧桌:HK$488', '如沐春風|恐龍主題親子浴缸房+75寸電視+冰箱+玩偶:HK$549']"
立享民宿（張家界天門山索道站店）,9.3,"['星辰投影大床房:HK$291', '曉天覆式投影親子房:HK$563', '慕雲複式影院家庭房:HK$700', '超大四人高級雙床房:HK$818']"
