酒店名称,评分,房型价格列表
徐州伯爵世家酒店（雲龍湖景區店）,9.7,"['精選大床房（超大落地窗+智能馬桶）:HK$394', '精選雙床房（超大落地窗+智能馬桶）:HK$394', '高級大床房（超大落地窗+智能馬桶+記憶枕）:HK$417', '高級雙床房（超大落地窗+智能馬桶+記憶枕）:HK$417', 'RTX4070大床房（4070顯卡+迷你冰箱+智能馬桶）:HK$429']"
徐州雲龍湖礦業大學亞朵酒店,9.6,"['高級大床房:HK$520', '高級雙床房:HK$574', '行政大床房:HK$610', '行政雙床房:HK$628', '幾木大床房:HK$637']"
徐州建國東路蘇寧廣場亞朵酒店,9.6,"['高級大床房:HK$511', '高級雙床房:HK$557', '行政大床房:HK$565', '行政雙床房:HK$610', '行政城景大床房:HK$619']"
徐州開元迎賓館大酒店,9.6,"['開元大床房:HK$708', '開元雙床房:HK$708', '開元家庭套房:HK$1,200']"
怡程酒店（徐州蘇寧廣場店）,9.6,"['智能標準大床房（高清投屏+mini冰箱+全智能客控）:HK$646', '智能高級大床房（65寸高清投屏+mini冰箱+全智能客控）:HK$678', '智能高級雙床房（65寸高清投屏+全智能客控+mini冰箱）:HK$710', '城景豪華大床房（65寸高清投屏+浪漫城景+mini冰箱）:HK$741', '影院豪華大床房（巨幕影音+私人浴缸+mini冰箱）:HK$773']"
徐州創拓奧梵礦業大學亞朵酒店,9.5,"['城景|高級大床房（電視投屏+深睡床墊+小冰箱）:HK$484', '城景|高級雙床房（65寸高清電視+深睡床墊+小冰箱）:HK$502', '行政大床房（負離子助眠+深睡裸棉+陽光房）:HK$511', '行政雙床房（負離子助眠+迷你小冰箱+陽光房）:HK$520', '幾木大床房（空氣凈化器+深睡床品+落地窗）:HK$548']"
徐州淮海鬱錦香酒店,9.7,"['妙趣雅緻大床房:HK$395', '妙趣愉夢雙床房:HK$395', '趣享陽光雙床房:HK$444', '趣享湖景大床房:HK$444', '温馨家庭房:HK$747']"
漢庭酒店（徐州户部山店）,9.6,"['大床房:HK$430', '高級大床房:HK$447', '豪華大床房:HK$483', '雙床房:HK$500']"
如家精選酒店（徐州大學路怡和廣場店）,9.8,"['大床房【全屋智能家居】:HK$314', '商務大床房【全屋智能家居】:HK$314', '標準雙床房【全屋智能家居】:HK$314', '高級大床房【全屋智能家居】:HK$332']"
錦江都城酒店（徐州高鐵站金龍湖地鐵站店）,9.5,"['精緻商務房——訂製冰箱+深睡床墊+高清投屏:HK$294', '風雅商務房——定製冰箱+深睡床品+高清投屏:HK$338', '精緻雙床房——大空間+訂製冰箱+智能馬桶+空氣凈化器:HK$414', '都會雙床房--大窗觀景+訂製冰箱+智能馬桶+空氣凈化器:HK$414', '都會商務房——大空間+智能馬桶+訂製冰箱+空氣凈化器:HK$414']"
徐州雅高瑞享酒店,9.5,"['瑞享豪華大床房（智能客控+俯瞰城市景觀+智能馬桶）:HK$468', '瑞享豪華雙床房（智能客控+俯瞰城市景觀+智能馬桶）:HK$468', '瑞享行政大床房（智能客控+甜夢之床）:HK$686', '瑞享行政雙床房（智能客控+甜夢之床）:HK$686', '瑞享豪華親子雙床房（智能客控+智能馬桶+金可兒床墊）:HK$719', '瑞享行政套房（智能客控+戴森吹風機+膠囊coffee機）:HK$1,211']"
徐州蘇寧廣場淮海路亞朵S酒店,9.7,"['雅緻大床房:HK$591', '高級大床房:HK$626', '雅緻雙床房:HK$644', '高級雙床房:HK$676', '幾木大床房:HK$707']"
如家精選酒店（徐州淮海路中心店）,9.7,"['大床房（55寸電視投屏+0壓床墊+洗烘一體機）:HK$399', '商務大床房（55寸電視投屏+0壓床墊+洗烘一體機）:HK$416', '高級大床房（55寸電視投屏+0壓床墊+洗烘一體機）:HK$443', '安心睡安睡大床房（55寸電視投屏+0壓床墊洗烘一體機）:HK$470']"
徐州喜來登酒店,9.6,"['豪華大床房:HK$872', '豪華雙床房:HK$927', '尊貴大床房:HK$981', '尊貴雙床房:HK$1,036', '行政大床房:HK$1,200', '行政雙床房:HK$1,255']"
徐州蘇寧廣場中山南路輕居酒店,9.7,"['舒適大床房（深睡床品+65寸高清投屏+全智能客控）:HK$502', '標準大床房（深睡床品+65寸高清投屏+全智能客控）:HK$520', '精選大床房（深睡床品+65寸高清投屏+全智能客控）:HK$538', '高級大床房（深睡床品+65寸高清投屏+全智能客控）:HK$557', '高級雙床房（深睡床品+65寸高清投屏+全智能客控）:HK$601']"
宜尚酒店（徐州蘇寧廣場店）,9.2,"['標準大床房:HK$393', '標準雙床房:HK$393', '高級大床房:HK$408', '高級雙床房:HK$408']"
城市精選酒店（徐州彭城廣場富國街店）,9.4,"['標準大床房（英倫風情+乾濕分離）:HK$481', '標準雙床房（英倫風情+乾濕分離）:HK$504', '高級大床房（明亮寬敞+舒適空間）:HK$511', '高級雙床房（明亮寬敞+舒適空間）:HK$519']"
徐州馨樂庭雲龍湖酒店,9.5,"['精緻大床房-配冰箱+微波爐:HK$436', '精緻雙床房-配冰箱+微波爐:HK$436', '氧吧安睡大床房【森林般呼吸+嬰兒般睡眠】:HK$457', '氧吧安睡雙床房【森林般呼吸+嬰兒般睡眠】:HK$457', '温馨豪華套房-高端廚具家電+洗烘一體機+開放式廚房:HK$632']"
徐州萬豪酒店,9.4,"['豪華大床房:HK$1,223', '豪華雙床房:HK$1,223', '豪華湖景大床房:HK$1,453', '豪華湖景雙床房:HK$1,453', '行政豪華雙床房:HK$1,504', '行政豪華大床房:HK$1,504']"
維也納酒店（徐州淮海戰役紀念塔店）,9.4,"['高級大床房:HK$334', '高級雙床房:HK$360', '豪華大床房:HK$418', '豪華雙床房:HK$420']"
徐州雲龍萬達廣場漫心酒店,9.7,"['雅緻大床房（冰箱+智能客控+KINGKOIL床墊）:HK$369', '心怡大床房（冰箱+智能客控+朝陽落地窗+KINGKOIL床墊）:HK$387', '心悦高級大床房（冰箱+智能客控+KINGKOIL床墊）:HK$407', '心享豪華雙床房（冰箱+智能客控+KINGKOIL床墊）:HK$426', '心享經典大床房（冰箱+智能客控+KINGKOIL床墊）:HK$463']"
徐州户部山和平路亞朵酒店,9.8,"['高級大床房（深睡床品+65寸高清投屏+mini冰箱）:HK$637', '行政大床房（深睡床品+65寸高清投屏+mini冰箱）:HK$655', '行政城景大床房（深睡床品+65寸高清投屏+mini冰箱）:HK$682', '尊享大床房（深睡床品+65寸高清投屏+mini冰箱）:HK$700', '高級雙床房（深睡床品+65寸高清投屏+mini冰箱）:HK$718']"
徐州彭城廣場民主南路輕居酒店,9.8,"['舒適大床房（55寸高清投屏+裸棉床品+智能馬桶）:HK$502', '標準大床房（55寸高清投屏+裸棉床品+智能馬桶）:HK$529', '精選大床房（55寸高清投屏+裸棉床品+智能馬桶）:HK$565', '高級大床房（55寸高清投屏+深睡床品）:HK$610', '精選雙床房（55寸高清投屏+裸棉床品+智能馬桶）:HK$718']"
柏曼酒店（徐州東站西出站口店）,9.2,"['高級大床房:HK$230', '高級雙床房:HK$230', '商務大床房:HK$252', '商務雙床房:HK$252']"
徐州新淮中心希爾頓歡朋酒店,9.7,"['舒適-大床房:HK$614', '舒適-雙床房:HK$614', '高級-大床房:HK$644', '高級-雙床房:HK$644', '荷里活房-超大床:HK$644']"
徐州雲龍湖景區開元名庭酒店,9.6,"['名成高級大床房-小泰山山景（迷你冰箱-智能馬桶）:HK$469', '名成高級雙床房-小泰山山景（迷你冰箱-智能馬桶）:HK$502', '名成豪華大床房 --小泰山山景（迷你冰箱-智能馬桶）:HK$534', '名成豪華雙床房-小泰山山景（迷你冰箱-智能馬桶）:HK$567', '名成行政大床房-（智能馬桶+迷你冰箱）:HK$644']"
花築·徐州泰璽民宿（雲龍湖風景區店）,9.5,"['靜謐·精緻景觀房【智能客控+舒壓床墊】:HK$284', '幽蘭·精緻雙床房【智能客控+舒壓床墊】:HK$307', '星光·精緻大床房【高清巨幕投影+智能客控】:HK$357', '花語·精緻大床房【落地觀景窗+智能客控】:HK$357']"
徐州海逸國際大酒店,9.1,"['副樓-舒適雙床房:HK$221', '豪華標準間:HK$401', '豪華大床房:HK$412', '行政標準房:HK$445', '行政大床房:HK$456']"
徐州雲龍湖途家盛捷酒店,9.3,"['精品大床房-配小冰箱·可提供廚房用品:HK$296', '精品雙床房-房內配小冰箱:HK$304', '氧吧安睡雙床房:HK$315', '氧吧安睡大床房:HK$315', '高級雙床房-配小冰箱:HK$326']"
徐州環球港高鐵站亞朵酒店,9.6,"['高級大床房:HK$484', '高級雙床房:HK$529', '行政大床房:HK$538', '行政雙床房:HK$592', '幾木大床房:HK$592']"
徐州朗博酒店,9.4,"['商務大床房:HK$464', '商務雙床房:HK$464', '靜謐零壓大床房（記憶床品+窗外好景+空氣凈化器+加濕器）:HK$499', '靜謐園景雙床房（智能馬桶+窗外好景+小冰箱+空氣凈化器+加濕器）:HK$541', '零壓景觀大床房（窗外好景+零壓床墊+智能馬桶+小冰箱+電視投屏+空氣凈化器+加濕器）:HK$571']"
徐州市中心卡奈花園酒店,9.1,"['商務雙床房（小窗）:HK$402', '商務雙床房:HK$435', '商務大床房:HK$435', '行政智能雙床房（小窗）:HK$501', '智能行政大床房:HK$507']"
桔子酒店（徐州雲龍湖三胞廣場店）,9.6,"['大床房:HK$471', '高級大床房-深睡好眠:HK$499', '高級雙床房:HK$556']"
徐州雲龍湖麗芮酒店,9.6,"['芮享高級大床房（戴森吹風機+舒達床品）:HK$506', '芮享豪華大床房（戴森吹風機+舒達床品）:HK$539', '芮享高級雙床房（戴森吹風機+舒達床品）:HK$572', '芮享豪華雙床房（戴森吹風機+舒達床品）:HK$605', '芮享商務雙床房（戴森吹風機+舒達床品）:HK$637']"
徐州雲龍山希爾頓歡朋酒店,9.2,"['舒適大床房:HK$544', '高級大床房:HK$577', '舒適雙床房:HK$577', '豪華大床房:HK$610', '高級雙床房:HK$610']"
徐州淮海路希爾頓歡朋酒店,9.5,"['舒適雙床房:HK$519', '高級大床房:HK$539', '高級雙床房:HK$539', '豪華大床房:HK$557', '歡朋套房:HK$769']"
白玉蘭酒店（徐州蘇寧廣場店）,9.4,"['靜逸大床房:HK$529', '輕雅大床房:HK$549', '靜雅套房:HK$569', '舒雅大床房:HK$579']"
徐州彭城廣場黃河北路亞朵酒店,9.8,"['高級大床房:HK$574', '高級雙床房:HK$619', '行政大床房:HK$619', '高級庭院大床房:HK$646', '行政雙床房:HK$664']"
徐州東站雲龍萬達桔子水晶酒店,9.8,"['高級大床房（親膚布草+迷你冰箱+智能馬桶）:HK$442', '豪華雙床房（徠芬吹風機+迷你冰箱+智能馬桶）:HK$482', '商務大床房（徠芬吹風機+夜景動人+智能馬桶）:HK$503', '豪華大床房（徠芬吹風機+迷你冰箱+城景）:HK$532', '家庭房（超大床+徠芬吹風機+智能馬桶）:HK$733']"
桔子酒店（徐州東站金龍湖店）,9.8,"['商務大床房:HK$422', '露台大床房:HK$442', '高級雙床房:HK$462', '豪華家庭房:HK$503']"
徐州彭城廣場淮海西路亞朵酒店,9.6,"['高級大床房（65寸高清投屏+裸棉床品）:HK$548', '高級雙床房（65寸高清投屏+裸棉床品）:HK$637', '行政大床房（65寸高清投屏+裸棉床品+mini冰箱）:HK$637', '行政雙床房（65寸高清投屏+裸棉床品+mini冰箱）:HK$727', '幾木大床房（65寸高清投屏+裸棉床品+mini冰箱）:HK$727']"
徐州雲龍萬達廣場亞朵酒店,9.7,"['高級大床房:HK$502', '高級雙床房:HK$520', '行政大床房:HK$557', '行政雙床房:HK$574', '行政城景大床房:HK$646']"
如家精選酒店（徐州高鐵站店）,9.6,"['商務大床房【智能客房】:HK$340', '雙床房【智能客房】:HK$340', '高級大床房【智能客房】:HK$377', '高級雙床房【智能客房】:HK$377']"
如家酒店·neo（徐州礦業大學淮塔地鐵站店）,9.7,"['大床房【舒適安逸+夢百合0壓床墊+電視投屏】:HK$266', '商務大床房【舒適安逸+夢百合0壓床墊+電視投屏】:HK$284', '高級大床房【智能客控+夢百合0壓床墊+電視投屏】:HK$303', '高級雙床房【舒適安逸+夢百合0壓床墊+電視投屏】:HK$321']"
徐州雲龍萬達酒店,9.5,"['高級大床房:HK$378', '高級雙床房:HK$378', '豪華大床房:HK$397', '豪華雙床房:HK$397']"
你好酒店（徐州礦業大學北京路店）,9.3,"['高級大床房:HK$364', '雙床房:HK$384']"
徐州東區綠地鉑驪酒店（高鐵東站店）,9.5,"['商務大床房:HK$501', '商務雙床房:HK$501', '豪華大床房:HK$554', '豪華雙床房:HK$554', '行政雙床房:HK$746', '行政大床房:HK$746']"
如家商旅酒店（徐州高鐵站雲龍萬達廣場店）,9.5,"['大床房A:HK$350', '雙床房A:HK$350', '大床房:HK$359', '高級大床房:HK$368']"
徐州雲龍希爾頓花園酒店,9.6,"['花園雙床房:HK$522', '花園大床房:HK$522', '花園無障礙房:HK$522', '花園高級雙床房:HK$596', '花園高級大床房:HK$596']"
全季酒店（徐州淮海新天地店）,9.8,"['大床房:HK$432', '高級大床房:HK$440', '高級雙床房:HK$458', '套房:HK$532']"
徐州彭城飯店,9.5,"['城景大床房:HK$619', '高級雙床間:HK$665', '園景大床房（庭院景觀）:HK$680', '園景雙床間（庭院景觀）:HK$695', '商務大床房:HK$802']"
徐州三胞廣場礦業大學文昌校區桔子水晶酒店,9.8,"['大床房A（迷你冰箱+智能客控+手機投屏）:HK$341', '雙床房（迷你冰箱+智能客控+手機投屏）:HK$391', '高級大床房（迷你冰箱+智能客控+手機投屏）:HK$422', '高級雙床房（迷你冰箱+智能客控+手機投屏）:HK$432', '豪華大床房（迷你冰箱+智能客控+手機投屏）:HK$452']"
徐州綠地鉑瑞酒店,9.6,"['豪華露台園景大床房:HK$828', '豪華露台園景雙床房:HK$828', '豪華露台湖景雙床房:HK$936', '豪華露台湖景大床房:HK$936', '行政露台園景大床房:HK$1,156', '行政露台園景雙床房:HK$1,156']"
全季酒店（徐州雲龍萬達廣場店）,9.7,"['大床房:HK$436', '高級大床房:HK$456', '商務大床房:HK$482', '雙床房:HK$487']"
徐州市中心喬治莫蘭迪酒店,9.3,"['高級大床房（智能客控+舒適零壓力枕）:HK$404', '商務大床房（智能客控+舒適零壓力枕）:HK$432', '商務雙床房（智能客控+舒適零壓力枕）:HK$432', '豪華大床房（智能客控+舒適零壓力枕）:HK$462', '尊享大床房（智能客控+舒適零壓力枕）:HK$490']"
全季酒店（徐州户部山和平路店）,9.8,"['大床房（mini冰箱+65寸投屏+舒壓床墊）:HK$729', '高級大床房（mini冰箱+65寸投屏+舒壓床墊）:HK$748', '豪華大床房（mini冰箱+65寸投屏+舒壓床墊）:HK$768', '高級雙床房（mini冰箱+65寸投屏+舒壓床墊）:HK$846']"
全季酒店（徐州銅山萬達廣場店）,9.7,"['高級大床房:HK$378', '商務大床房:HK$408', '雙床房:HK$408', '高級雙床房:HK$436']"
和頤至格酒店（徐州蘇寧廣場户部山店）,9.5,"['大床房A（零壓床墊+投屏電視）:HK$377', '大床房（零壓床墊+投屏電視）:HK$403', '零壓大床房（零壓床墊+投屏電視）:HK$429', '零壓雙床房（零壓床墊+投屏電視）:HK$447']"
錦江都城（徐州火車站蘇寧廣場楚都店）,9.3,"['時尚商務房+投屏電視:HK$305', '精緻雙床房:HK$318', '精緻商務房+投屏電視:HK$318', '精緻清氧商務房+空氣凈化器:HK$349', '風雅商務房+迷你小冰箱:HK$393']"
亞朵酒店（徐州市政府店）,9.6,"['高級大床房:HK$448', '高級雙床房:HK$448', '幾木大床房:HK$520', '幾木雙床房:HK$520', '親子雙床房:HK$646']"
徐州寶信君瀾度假酒店,9.3,"['商務大床房:HK$470', '商務雙床房:HK$470', '豪華大床房:HK$649', '豪華雙床房:HK$649', '庭院大床房:HK$787', '庭院雙床房:HK$798']"
徐州蘇寧廣場桔子水晶酒店,9.5,"['大床房（迷你小冰箱+智能客控）:HK$884', '高級大床房（迷你小冰箱+智能客控）:HK$905', '雙床房（迷你小冰箱+智能客控）:HK$924', '豪華大床房（迷你小冰箱+智能客控）:HK$924', '行政大床房（迷你小冰箱+智能客控）:HK$955']"
全季酒店（徐州東站店）,9.8,"['大床房:HK$369', '高級大床房:HK$389', '雙床房:HK$409', '商務大床房:HK$419']"
徐州漢園賓館,9.3,['豪華大床房:HK$475']
徐州開元名都大酒店,9.6,"['高級雙床房:HK$692', '高級大床房:HK$692', '豪華雙床房:HK$752', '豪華大床房:HK$752', '行政大床房:HK$792', '豪華湖景大床房:HK$881']"
徐州蘇寧凱悦酒店,9.4,"['城景客房（1張特大床）:HK$1,222', '城景客房（2張單人床）:HK$1,222', '豪華城景客房（1張特大床）:HK$1,489', '豪華城景客房（2張單人床）:HK$1,489', '豪華湖景客房（1張特大床）:HK$1,654', '豪華湖景客房（2張單人床）:HK$1,654']"
徐州綠地皇冠假日酒店,9.5,"['高級房·雙床·花園景觀:HK$629', '高級房·大床·花園景觀:HK$629', '高級房·雙床·大龍湖景觀:HK$722', '高級房·大床·大龍湖景觀:HK$722', '豪華房·大床·俱樂部樓層:HK$908', '豪華房·雙床·俱樂部樓層:HK$908']"
維也納國際酒店（徐州高鐵站會議中心店）,9.3,"['特價大床房【智能馬桶+智能窗簾+酣暢甜睡】:HK$276', '高級大床房【智能馬桶+智能窗簾+定製床品+酣暢甜睡】:HK$291', '高級雙床房【智能馬桶+智能窗簾+定製床品+酣暢甜睡】:HK$306', '豪華大床房【小冰箱+智能馬桶+智能窗簾+定製床品】:HK$314', '商務大床房【小冰箱+外景窗+智能馬桶+智能窗簾】:HK$329']"
