酒店名称,评分,房型价格列表
德州城市中心廣場漫心酒店,9.7,"['心怡大床房（地暖、可投屏65寸電視）:HK$331', '心怡標準雙床房（地暖、可投屏65寸電視）:HK$331', '心悦高級大床房（地暖、可投屏65寸電視）:HK$351', '心悦高級雙床房（地暖、可投屏65寸電視）:HK$351', '心享豪華大床房（地暖、可投屏65寸電視）:HK$369']"
德州柳湖書院酒店,9.4,"['舒享特惠大床房（無窗）:HK$196', '商務雙床房:HK$216', '高級雙人房:HK$236', '觀景大床房:HK$277', '豪華大床房:HK$289']"
德州富豪康博酒店,9.5,"['高級大床房:HK$435', '高級雙床標間:HK$435', '豪華大床房:HK$544', '豪華雙床標間:HK$544', '富豪行政大床房:HK$653', '富豪行政雙床房:HK$653']"
全季酒店（德州市政府店）,9.7,"['高級大床房:HK$328', '高級雙床房:HK$337', '商務大床房:HK$355', '商務雙床房:HK$364']"
德州鳳冠假日酒店,9.5,"['鳳冠尊享雙床房:HK$401', '鳳冠尊享大床房:HK$435', '豪華標準間:HK$445', '豪華大床間:HK$467', '親子大床房:HK$608', '親子雙床房:HK$608']"
德州城市中心廣場東風中路亞朵酒店,9.9,"['高級大床房（小度智能客控+深睡枕+智能馬桶+小冰箱）:HK$367', '高級雙床房（小度智能客控+深睡枕+智能馬桶+小冰箱）:HK$367', '行政大床房（小度智能客控+深睡枕+智能馬桶+小冰箱）:HK$421', '行政雙床房（小度智能客控+深睡枕+智能馬桶+小冰箱）:HK$421', '尊享大床房（智能客控+深睡枕+智能馬桶+空氣凈化器）:HK$502']"
如家商旅酒店（德州新湖中心廣場金融大廈店）,9.7,"['商務大床房（零壓床墊+65寸投屏電視）:HK$224', '雙床房（夢百合零壓床墊＋全屋智能+落地窗）:HK$232', '高級大床房（夢百合零壓床墊＋全屋智能＋南向落地窗）:HK$251', '高級雙床房（夢百合零壓床墊＋全屋智能+落地窗）:HK$260']"
沃德Smart酒店（德州汽車總站店）,9.6,"['高級大床房（可投屏+智能客控）:HK$165', '高級雙床房（零壓床墊+可投屏55寸電視+智能客控）:HK$174', '靜享大床房（零壓床墊+可投屏55寸電視+智能客控）:HK$184', '靜享雙床房（零壓床墊+可投屏55寸電視+智能客控）:HK$193']"
桔子酒店（德州開發區店）,9.7,"['都市雅痞高級大床房:HK$316', '月若流金高級大床房:HK$335', '加州陽光高級大床房:HK$344', '月若流金豪華大床房:HK$374']"
德州凱元温泉度假村,9.3,"['豪華標準間:HK$252', '商務套房:HK$495', '豪華套間:HK$1,942']"
桔子酒店（德州百貨大樓新湖中心廣場店）,9.6,"['月若流金大床房（電視投屏+智能馬桶+小冰箱）:HK$323', '月若流金雙床房（電視投屏+智能馬桶+小冰箱）:HK$323', '月若流金高級大床房（電視投屏+智能馬桶+小冰箱）:HK$357', '加州陽光大床房（電視投屏+智能馬桶+小冰箱）:HK$357']"
全季酒店（德州開發區店）,9.6,"['商務大床房:HK$300', '雙床房:HK$300', '高級大床房:HK$328', '高級雙床房:HK$328']"
全季酒店（德州陵城區信業商廈店）,9.8,"['高級大床房:HK$321', '高級雙床房:HK$331', '商務大床房:HK$351', '商務雙床房:HK$360']"
如家商旅酒店（德州陵城陵州路店）,9.5,"['大床房A:HK$168', '雙床房:HK$177', '大床房:HK$177', '商務大床房:HK$185']"
維也納酒店（德州天衢新區店）,9.7,"['高級大床房:HK$193', '雙床房:HK$193', '商務大床房:HK$224', '商務雙床房:HK$229']"
維也納3好酒店（德州陵城店）,9.7,"['高級大床房:HK$167', '豪華大床房:HK$182', '豪華雙床房:HK$182', '商務大床房:HK$212']"
德州鳳都酒店,9.2,"['商務雙床房:HK$254', '温馨房:HK$266', '商務大床房:HK$315', '景觀雙床房:HK$326', '景觀大床房:HK$336']"
德州太陽谷微排國際酒店,8.9,"['高級大床房:HK$277', '舒適大床房:HK$277', '高級雙床房:HK$347', '商務大床房:HK$370', '商務雙床房:HK$370']"
全季酒店（德州湖濱中大道店）,9.5,"['高級大床房:HK$331', '高級雙床房:HK$351', '商務大床房:HK$360', '舒壓大床房:HK$369']"
如家商旅酒店（德州康博大道市政府店）,9.5,"['單人房（投屏電視）:HK$190', '大床房（智能客控+投屏電視）:HK$207', '雙床房（智能客控+投屏電視）:HK$224', '商務大床房（智能客控+投屏電視）:HK$233']"
德州貴都大酒店,8.8,"['B座普通標間:HK$197', '商務大床房:HK$264', '商務標準間:HK$264', '經典標準間（智能窗簾+智能馬桶）:HK$392', '經典大床房:HK$392']"
如家精選酒店（德州天衢東路技術學院店）,9.4,"['雙床房（智能語音控制）:HK$194', '大床房（智能語音控制）:HK$202', '商務大床房（智能語音控制）:HK$236', '安心睡0壓大床房（智能語音控制）:HK$261']"
維也納國際酒店（德州德城店）,9.4,"['商務雙床房-自助洗衣:HK$212', '商務大床房-自助洗衣:HK$217', '高級大床房-自助洗衣:HK$266', '高級雙床房-自助洗衣:HK$271']"
麗楓酒店（德州開發區店）,9.3,"['豪華雙床房:HK$213', '豪華大床房:HK$237', '商務雙床房:HK$261', '商務大床房:HK$269']"
凱里亞德酒店（德州學院店）,9.6,"['輕享智能大床房:HK$194', '樂享影音大床房:HK$201', '親子大床房:HK$210', '優享智能大床房:HK$217']"
水粿電影湯泉酒店（德州天衢工業園德州學院店）,9.6,"['精選大床房（巨幕投影觀影vip會員）:HK$141', '精選雙床房（巨幕投影觀影vip會員）:HK$141', '舒享大床房（巨幕投影觀影vip會員）:HK$174', '智選大床房（巨幕投影觀影vip會員）:HK$185']"
德州德苑大酒店,9.0,"['豪華大床房:HK$227', '豪華標準間:HK$240', 'Vip雙床間:HK$251', 'Vip大床房:HK$265']"
沃德Smart酒店（欣王嘉苑小區店）,9.2,"['高級大床房:HK$131', '高級雙床房:HK$131', '靜享大床房:HK$151', '靜享雙床房:HK$151']"
如家酒店neo（德州市政府體育公園店）,9.6,"['雙床房（夢百合床品+全屋智能）:HK$155', '大床房（夢百合床品+全屋智能）:HK$164', '高級雙床房（夢百合床品+全屋智能）:HK$164', '商務大床房（夢百合床品+全屋智能）:HK$181']"
PIKA電競酒店（德州盛園路店）,9.7,"['至臻大床房[顯卡3070+32G內存+240HZ電競屏27寸+I5-12490CPU]:HK$232', '至臻女神房[顯卡3070+32G內存+240HZ刷新27寸電競屏+I512490CPU]:HK$256', '豪華雙床房[顯卡3070TI+32G內存+240HZ刷新27寸電競屏+I5-12490CPU]:HK$278', '至臻三人房[顯卡3070+32G內存+240HZ電競屏27寸+I5-12490CPU]:HK$353']"
如家酒店（德州高鐵東站工程職業學院店）,10.0,"['高級大床房（智能客控+徠芬吹風機）:HK$162', '高級雙床房（智能客控+徠芬吹風機）:HK$170', '安心睡大床房（智能客控+徠芬吹風機）:HK$186', '家庭房（智能客控+徠芬吹風機）:HK$219']"
嵐汀·雲朵智能優選酒店（德州萬達廣場店）,9.2,"['雲季丨雅居大床房:HK$164', '雲居丨零壓智能大床房 丨智能客控:HK$176', '雲逸丨商務輕奢大床房 丨智能客控:HK$220', '雲夢丨輕氧智能大床房丨語音聲控:HK$232']"
如家酒店neo（德州學院步行街學府店）,9.6,"['大床房（投屏電視）:HK$156', '雙床房（投屏電視）:HK$164', '商務大床房（投屏電視）:HK$164', '高級大床房（智能馬桶+投屏電視+小冰箱+徠芬吹風機）:HK$184']"
如家酒店·neo（德州東風中路百貨大樓店）,9.6,"['大床房:HK$134', '商務大床房A:HK$152', '雙床房A:HK$170', '商務大床房:HK$170']"
豌豆·雲端投影智慧民宿（德百奧萊廣場店）,10.0,"['豪華大床房（超清投影+全屋智能）:HK$162', '豪華日式榻榻米（全屋智能）:HK$173', '豪華投影特大床房（全屋智能）:HK$249']"
時光民宿（德州唐人中心店）,9.4,"['温馨複式觀景大床房:HK$162', '温馨複式投影大床房:HK$173']"
漢庭酒店（德州陵城區唐城路店）,9.7,"['高級大床房:HK$186', '商務大床房:HK$204', '雙床房:HK$214', '套房:HK$288']"
如家酒店neo（德州天衢工業園德州學院店）,9.5,"['大床房A（智能客控）:HK$154', '大床房（智能客控）:HK$171', '商務大床房（智能客控）:HK$179', '雙床房（智能客控）:HK$179']"
如家酒店（德州黑馬批發市場火車站古玩城店）,9.6,"['大床房A:HK$130', '雙床房A:HK$130', '商務大床房:HK$146', '雙床房:HK$146']"
德州東站減河風景區亞朵酒店,9.5,"['高級大床房（深睡枕+智能馬桶+電視投屏+小冰箱）:HK$340', '高級雙床房（深睡枕+智能馬桶+電視投屏+小冰箱）:HK$340', '行政大床房（深睡枕+智能馬桶+電視投屏+小冰箱）:HK$358', '行政雙床房（深睡枕+智能馬桶+電視投屏+小冰箱）:HK$358', '尊享大床房（深睡枕+智能馬桶+電視投屏+小冰箱+浴袍）:HK$412']"
德州美麗華大酒店,8.9,"['南華樓大床房:HK$296', '南華樓雙床房:HK$296', '皇冠樓雙床房:HK$329', '皇冠樓大床房:HK$329', '皇冠樓影音房（120寸巨幕）:HK$337']"
銀座佳驛酒店（德州中心廣場店）,9.0,"['特惠大床房:HK$104', '標準大床房:HK$104', '商務雙床房:HK$120', '商務大床房:HK$120']"
德州憶江南商務酒店,8.9,"['商務標準間（酒店公區提供自助洗衣房）:HK$119', '商務大床房（酒店公區提供自助洗衣房）:HK$119', '豪華標準間（酒店公區提供自助洗衣房）:HK$151', '豪華大床房（酒店公區提供自助洗衣房）:HK$152']"
晨曦日租公寓（德州岔河西大道店）,4.6,"['Loft公寓精品雙床房:HK$157', 'Loft公寓温馨大床房:HK$279']"
青瀾寧津花園酒店,9.5,"['舒適雙床房:HK$327', '舒適大床房:HK$338', '高級大床房:HK$349', '高級雙床房:HK$349', '豪華大床房:HK$437']"
齊河阿爾卡迪亞温泉高爾夫國際酒店,9.0,"['園景雙床房:HK$360', '園景大床房:HK$360', '零壓大床房:HK$381', '零壓雙床房:HK$381', '客房通舒適大床房:HK$468', '親子房:HK$556']"
喬治莫蘭迪酒店（德州齊河店）,9.6,"['商務大床房【電視投屏+親膚深睡眠床品】:HK$292', '商務雙床房【電視投屏+親膚深睡眠床品】:HK$292', '雅緻大床房【電視投屏+親膚深睡眠床品】:HK$322', '雅緻雙床房【電視投屏+親膚深睡眠床品】:HK$322', '豪華大床房【豪華水療浴缸+親膚深睡床品】:HK$375']"
喬治莫蘭迪酒店·F（慶雲海島金山寺人民醫院店）,9.1,"['商務大床房（乳膠床墊+鵝絨枕芯）:HK$250', '商務雙床房（乳膠床墊+鵝絨枕芯）:HK$261', '雅緻大床房:HK$272', '豪華大床房:HK$294', '豪華雙床房:HK$327']"
喬治莫蘭迪酒店（德州夏津店）,9.6,"['商務大床房（零壓枕+羽絨枕+羽絨被+零壓床墊）:HK$277', '商務雙床房（零壓枕+羽絨枕+羽絨被+零壓床墊）:HK$277', '雅緻大床房（開放式洗漱台+羽絨枕+零壓枕）:HK$298', '豪華大床房（零壓床墊+零壓枕+羽絨枕+向陽房型）:HK$340', '尊享大床房（智能客控+智能馬桶+浴缸）:HK$364']"
安德湖涵田酒店,9.5,"['庭院大床房:HK$611', '露台雙床房:HK$612', '庭院雙床寵物房:HK$818', '豪華庭院大床房:HK$940', '濱湖三居別墅:HK$2,539', '鏡湖五居別墅:HK$3,672']"
歐樂堡騎士度假酒店,8.8,"['公主夢幻大床房:HK$863', '王子夢幻大床房:HK$863', '公主夢幻雙床房:HK$973', '王子夢幻雙床房:HK$973', '木馬計親子屋:HK$1,038', '新森林主題樹屋:HK$1,563']"
齊河孔雀王温泉酒店,9.5,"['東南亞風情房（獨立浴缸）:HK$436', '東南亞風情雙床房（獨立浴缸）:HK$436', '東南亞大床房（獨立浴缸+軟卧小沙發）:HK$465', '東南亞雙床房（獨立浴缸+軟卧小沙發）:HK$465', '東南亞荷里活雙床可拼房（獨立浴缸+軟卧小沙發）:HK$508', '東南亞豪華大床房（獨立浴缸+軟卧小沙發）:HK$542']"
