酒店名称,评分,房型价格列表
海時光·濱海沙灘度假設計美宿（惠州雙月灣濱海旅遊度假區店）,9.6,"['一線正海景 • Second Floor圓床房——秋冬泡泉私湯泡池:HK$505', '一線正海景 • Second Floor大床房——秋冬泡泉私湯泡池:HK$505', '一線正海景•輕奢圓床房——秋冬私湯泡池+絕美海邊沙灘日出:HK$602', '一線正海景•輕奢大床房——秋冬私湯泡池+絕美海邊沙灘日出:HK$706']"
惠州雙月灣不捨海景客棧,9.6,"['A棟·素月·日出正海景大床房:HK$667', 'B棟·凌波·日出正海景雙床房:HK$771', 'A棟·流影·日出正海景大床房:HK$771', 'A棟·凡塵·日出正海景雙床房:HK$771']"
惠州中海湯泉酒店,9.1,"['喜雨·覓境雙床房:HK$669', '聽風·覓境大床房:HK$781', '攬月居·温泉雙床房:HK$1,253', '攬月居·温泉大床房:HK$1,417', '星空山居帳篷房:HK$1,417', '玉堂居·庭院温泉雙床房:HK$1,991']"
漫悦·閑造十六事城市度假酒店（惠州西湖東站港惠購物中心店）,9.4,"['閑時·精品雅緻大床房（功夫茶具、冰箱）:HK$255', '閑心·豪華城景大床房（功夫茶具、冰箱）:HK$265', '閑造·商務雙床房（功夫茶具、冰箱）:HK$274', '閑情·浴缸房（功夫茶具、榻榻米、浴缸、冰箱）:HK$293', '閑暇·影音房（投影儀、冰箱、功夫茶具）:HK$312']"
惠州西湖曦湖裡酒店,9.5,"['高級城景大床房:HK$255', '高級城景雙床房:HK$255', '豪華側湖景雙床房:HK$302', '豪華側湖景大床房:HK$302', '商務側湖景大床房:HK$350']"
惠州西湖朗曼酒店（水東街店）,9.2,"['城景豪華雙床房:HK$266', '城景豪華大床房:HK$285', '豪華側江大床房:HK$332', '江景大床房:HK$375', '江景雙床房:HK$388']"
惠州佳兆業鉑爾曼酒店,9.6,"['雲錦豪華城景大床房:HK$564', '雲錦豪華城景雙床房:HK$564', '雲錦豪華江景雙床房:HK$612', '雲錦豪華江景大床房:HK$639', '雲天豪華城景大床房:HK$677', '雲天豪華城景雙床房:HK$677']"
龍門南崑山雲頂温泉威士忌酒店,9.1,"['畔山泡池雙床房:HK$684', '觀景泡池雙床房:HK$722', '觀景泡池大床房:HK$722', '籃球少年:HK$779', '觀景套房（1房1廳）:HK$1,008', '星際太空泡池房:HK$1,065']"
惠州仲愷高新區美華酒店,9.4,"['舒適大床房（純棉泡泡被褥+恆温馬桶）:HK$321', '高級大床房（純棉泡泡被褥+恆温馬桶+自由投屏）:HK$350', '豪華超級大床房（純棉泡泡被褥+智能音控+俯瞰城景）:HK$378', '豪華大床房（純棉泡泡被褥+智能音控+舒適睡眠）:HK$388', '豪華雙床房（純棉泡泡被褥+智能音控+舒適睡眠）:HK$388']"
惠州碧桂園十里銀灘酒店,8.8,"['180度全海景高級雙床房:HK$595', '180度全海景高級大床房:HK$607', '180度全海景豪華雙床房:HK$699', '180度全海景豪華大床房:HK$699', '180度全海景至尊大床房:HK$790', '180度全海景至尊雙床房:HK$790']"
惠州西湖愛樹·觀湖書院民宿,9.5,"['院落大床房:HK$426', '院落親子房:HK$513', '院落親子套間:HK$600', 'VIP院落大床房:HK$688']"
享墅度假酒店（惠東十里銀灘維港灣店）,8.9,"['【海景露台+巨幕投影】瑩白現代·海景雙床影音房 | 冰箱+洗衣機:HK$632', '【海景露台+巨幕投影】青蘿南洋·海景大床影音房 | 冰箱+洗衣機:HK$632']"
惠州華潤小徑灣海舍度假民宿,9.5,['側面海景大床房:HK$643']
漫悦蘭庭酒店（江北佳兆業市政府店）,9.7,"['漫悦商務雙床房（配有小杜智能語音系統+洗衣機）:HK$337', '漫悦高級大床房（配有小度智能語音系統+洗衣機）:HK$337', '漫悦商務大床房（配有小杜智能語音系統+洗衣機）:HK$353', '漫享豪華雙床房（智能馬桶，小杜智能語音系統）:HK$434', '豪華雙拼大床房（洗衣機）:HK$434']"
惠州惠陽新都會亞朵酒店,9.6,"['雅緻大床房（冰箱+亞朵深睡枕+亞朵專屬普蘭特床墊）:HK$366', '高級雙床房（冰箱+亞朵深睡枕+亞朵普蘭特床墊）:HK$366', '高級大床房（冰箱+亞朵深睡枕+亞朵普蘭特床墊）:HK$383', '行政雙床房（親子床+亞朵深睡枕+亞朵專屬普蘭特床墊）:HK$398', '幾木親子雙床房（冰箱+亞朵深睡枕+亞朵普蘭特床墊）:HK$409']"
全季酒店（惠州水東街濱江店）,9.6,"['大床房A:HK$317', '大床房:HK$344', '高級大床房:HK$373', '江景雙床房:HK$391']"
惠州西湖漫悦花園酒店（水東街店）,9.2,"['標準花園單床房:HK$298', '標準花園雙床房:HK$298', '高級花園大床房:HK$317', '高級花園雙床房:HK$317', '漫悦影音標準大床房:HK$317']"
惠州華潤小徑灣樂程海濱美寓,9.4,"['淺灘甜夢•大床房:HK$280', '近海園景雙床房:HK$311', '沉浸式高層海景大床房+百寸高清巨幕投影影視vip:HK$384', '原木奶油.正面海景雙床房+景觀陽台:HK$384']"
惠州大亞灣惠陽高鐵站錦江都城酒店,9.6,"['精緻大床房（智能語音客控+投屏電視+深度睡眠床墊）:HK$302', '都會雙床房（智能語音客控+投屏電視+深度睡眠床墊）:HK$302', '探索城景大床房（智能語音客控+投屏電視+深度睡眠床墊）:HK$333', '探索雙床房（智能語音客控+投屏電視+深度睡眠床墊）:HK$333', '行政尊享大床房（智能語音客控+迷你冰箱+投屏電視）:HK$378']"
四季楓酒店（惠陽高鐵站星河COCO GARDEN店）,9.6,"['高級大床房（零壓枕頭床墊+小度智能客控）:HK$182', '行政大床房（零壓枕頭床墊+小度智能客控）:HK$218', '江景雙床房（零壓枕頭床墊+小度智能客控）:HK$246', '江景大床房（零壓枕頭床墊+小度智能客控）:HK$249']"
惠州英秀·西湖美宿,9.6,"['陽光大床房:HK$184', '陽光休閑親子房:HK$209', '陽光休閑套房:HK$221', '投影陽光休閑親子房:HK$228']"
惠州華潤小徑灣UK海景設計公寓,9.5,"['品紅主題大床房-150度海景:HK$437', '莫蘭迪芥末主題雙床房-180度海景:HK$556']"
恆遠假日酒店（惠州西湖東站店）,9.3,"['「惠客雅居」安睡特惠房 | 會客小廳+躺平治癒+靜享空間:HK$180', '「豐渚對韻」甜睡雙大床房 | 2張1.5大床+臨園富氧空間:HK$190', '「臨湖攬園」深睡大床房 | 滾來滾去超大床+富氧空間:HK$190', '「森氧泡浴」酣睡雙床房 | 雙1.5大床+浴缸祛乏+開窗觀景:HK$198', '「元氣滿滿」泡浴大床房 | 浴缸助眠+臨園觀景+超大床:HK$198']"
漫悦國際酒店（惠州仲愷TCL科技大廈店）,9.6,"['漫悦商務大床房（洗衣機+冰箱+智能客控）:HK$312', '漫悦商務子母房:HK$323', '漫悦洲際大床房（洗衣機+冰箱+智能客控）:HK$331', '漫悦精選大床房（洗衣機+冰箱+智能客控）:HK$331', '漫悦豪華雙床房（洗衣機+冰箱+智能客控）:HK$350']"
惠東雙月灣貼海海景度假公寓,9.7,"['浪漫情侶首排正海無遮擋全海景一房二廳大床房【太空軟床墊】配冰箱+貼海全海景大陽台:HK$690', '輕奢首排正海無遮擋全海景兩房二廳三床套房【太空軟床墊】配冰箱+貼海全海景大陽台:HK$740', '樓王首排正海無遮擋全海景兩房兩廳三床套房【太空軟床墊】配冰箱+貼海全海景大陽台:HK$790', '臻品首排正海無遮擋全海景兩房兩廳三床套房【太空軟床墊】配冰箱+貼海全海景大陽台:HK$840']"
南崑山佩拉莊園Pella Villa,9.4,"['櫻語·湖景雙床房:HK$1,114', '鹿鳴·園景温泉大床房:HK$1,114', '星月·園景私湯雙床房:HK$1,490', '星月·園景私湯大床房:HK$1,490', '靜瀾·天窗日式私湯雙床房:HK$1,490', '小棲見·湖景池畔私湯雙床房:HK$1,490']"
龍門南崑山雲頂温泉度假村,9.1,"['山景温泉房:HK$741', '山景泡池大床房:HK$779', '山景雙泉房:HK$808', '森林泡池大床房:HK$836', '森林泡池雙床房:HK$836', '星空泡池房:HK$931']"
惠州千花洲度假酒店,9.5,"['豪華大床房（靜謐好眠+55寸電視）:HK$431', '豪華雙床房（靜謐好眠+55寸電視）:HK$431', '城景大床房（靜謐好眠+獨立陽台+55寸電視）:HK$476', '城景雙床房（靜謐好眠+獨立陽台+55寸電視）:HK$476', '池景大床房（靜謐好眠+獨立陽台+55寸電視）:HK$521', '池景雙床房（靜謐好眠+獨立陽台+55寸電視）:HK$521']"
城市便捷酒店（大亞灣科創惠州軟件園店）,9.6,"['智能舒適大床房:HK$193', '智能標準雙床房:HK$200', '智能高級大床房:HK$200', '智能商務大床房:HK$206']"
惠藝酒店（惠州西湖水東街店）,9.1,"['湖景特價房:HK$253', '豪華雙人房:HK$274', '湖景休閑房:HK$322', '行政套房:HK$357']"
小徑灣木棉花酒店,9.6,"['豪華大床房:HK$675', '優雅女士房:HK$675', '豪華雙床房:HK$694', '温馨家庭房:HK$694', '親子大床房:HK$704']"
惠州富力萬麗酒店,9.3,"['江景豪華雙床房:HK$598', '江景豪華大床房:HK$645', '城景尊豪大床房:HK$692', '270度江景行政尊豪大床房:HK$832', '小黃鴨親子雙床房:HK$843', '大黃鴨親子雙床房:HK$843']"
前海人壽幸福小鎮（羅浮山店）,9.3,['雅緻大床房:HK$365']
麗呈嘉朵酒店（惠州仲愷高新區店）,9.3,"['Do-度行智能大床房（智能客控+小度音響+深度睡眠））:HK$255', 'La-盡歡智能雙床房（智能客控+小度音響+深度睡眠）:HK$274', 'Do-朵享智能雙人房（芝華士床墊+膠囊cafe機+冰箱）:HK$280', 'Do-朵趣智能大床房（智能客控+小度音響+深度睡眠）:HK$280']"
惠州西湖英秀·滿庭芳民宿,9.5,"['特惠大床房:HK$121', '日式大床房:HK$139', '時尚大床房:HK$157', '高級大床房:HK$176']"
花三季·海上雲屋,9.8,"['潮汐·203海景豪華雙床房:HK$591', '潮汐·201海景豪華大床房:HK$739', '潮汐·202海景豪華大床房:HK$739', '日落·301海景豪華大床房:HK$739']"
惠州小徑灣呼嚕海度假酒店公寓,9.2,"['特惠園景雙床房:HK$419', '特價園景大床房:HK$495', '輕奢海景雙床房:HK$495', '正面海景大床單間:HK$526']"
華輝酒店（惠州西湖東站店）,9.5,"['高級大床房（零壓枕乳膠床墊沁入舒心睡眠）:HK$179', '高級雙床房（零壓枕乳膠床墊沁入舒心睡眠）:HK$198', '景觀大床房（零壓枕乳膠床墊沁入舒心睡眠）:HK$198', '豪華大床房（零壓枕乳膠床墊沁入舒心睡眠）:HK$218']"
惠州惠陽碧桂園鳳悦鳳凰酒店,9.1,"['臻選商務雙床房:HK$326', '雅緻園景雙床房:HK$344', '雅緻園景大床房:HK$356', '豪華山景雙床房:HK$362', '豪華山景大床房:HK$362']"
鉑頓國際公寓（惠州十里銀灘亞婆角店）,9.3,"['雅緻海景影院大床房【海景陽台+巨幕投影】:HK$558', '高級海景影院雙床房【海景陽台+巨幕投影】:HK$558', '豪華海景親子影院大床房【親子帳篷+海景陽台+巨幕投影】:HK$652', '豪華海景影院大床房【高層海景+海景陽台+巨幕投影】:HK$652']"
惠州仲愷天益城亞朵酒店,9.7,"['高級大床房（亞朵記憶枕+亞朵普蘭特床墊）:HK$383', '高級雙床房（亞朵記憶枕+亞朵普蘭特床墊）:HK$400', '行政大床房（冰箱+亞朵記憶枕+亞朵普蘭特床墊）:HK$427', '高級城景大床房（冰箱+亞朵記憶枕+亞朵普蘭特床墊）:HK$444', '行政雙床房（冰箱+亞朵記憶枕+亞朵普蘭特床墊）:HK$444']"
小宅小院,9.5,"['小舍·有聲|私湯泡池+恆温花灑:HK$862', '小院·有山 | 私人泳池+泡池+獨門獨院+投影+恆温花灑:HK$1,325', '小院·有溪 | 私人泳池+獨門獨院+百寸投影+恆温花灑:HK$1,414', '小院·有光 | 私人泳池+泡池+獨門獨院+投影+恆温花灑:HK$1,414']"
維納斯國際酒店（惠州西湖店）,9.5,"['豪華大床房:HK$203', '標準大床房:HK$207', '豪華雙床房:HK$211', '標準雙床房:HK$216', '商務大床房:HK$227']"
惠州裕華鉑金酒店,9.4,"['豪華雙床房:HK$345', '豪華大床房:HK$350', '高級大床房:HK$378', '豪華子母房:HK$379', '花園棋牌房:HK$397', '尊享雙床房:HK$411']"
24H COLOR酒店（惠州金山湖公園店）,8.8,"['極簡主義｜簡約大床房:HK$257', '現代主義｜温馨大床房:HK$297', '無限空間｜品質大床房:HK$330', '抽象空間｜商務大床房:HK$370']"
南崑山慕思嘉華温泉酒店,9.5,"['清雅大床房丨慕思床墊:HK$950', '清雅雙床房丨慕思床墊:HK$950', '山景大床房丨慕思床墊:HK$1,045', '山景雙床房丨慕思床墊:HK$1,045', '園景大床房丨慕思床墊:HK$1,140', '園景雙床房丨慕思床墊:HK$1,140']"
鉑寓·海景美宿（惠州華潤小徑灣店）,9.8,"['特惠園景房大床房:HK$344', '特惠設計師 • 一線觀海大床房 【休閑空間+景觀陽台】:HK$386', '暖絨奶油風 • 一線觀海大床房 【休閑空間+景觀陽台】:HK$407', '靜謐南洋風 • 一線觀海大床房 【鞦韆躺椅+景觀陽台】:HK$417']"
惠州方直亞汀酒店（金山湖公園店）,9.3,"['商務城景大床房:HK$359', '商務城景雙床房:HK$359', '豪華城景複式雙床房:HK$408', '豪華湖景複式套房:HK$471', '豪華湖景大床房:HK$479']"
漢庭酒店（惠州港惠購物中心世貿中心店）,9.5,"['單床房:HK$179', '大床房:HK$197', '高級大床房:HK$214', '高級雙床間:HK$240']"
山水S酒店（惠州51新天地店）,9.7,"['愛斯音樂大床房:HK$314', '愛斯高級大床房:HK$324', '愛斯商務雙床房:HK$331', '俄羅斯方塊大床房:HK$335', '愛斯商務大床房:HK$336']"
