酒店名称,评分,房型价格列表
華曼酒店（慶陽高鐵站店）,9.8,"['輕奢智能大床房-（全屋智能）:HK$258', '輕奢智能雙床房-（全屋智能）:HK$258', '豪華智能大床房-（全屋智能）:HK$266', '豪華智能雙床房-（全屋智能）:HK$266']"
慶陽宏瑞雅居酒店（市政府高鐵站店）,9.5,"['凌空舒適大床房:HK$336', '凌空豪華雙床房:HK$358', '凌空豪華大床房:HK$364', '凌空景觀大床房:HK$382', '凌空景觀雙床房:HK$382']"
唯客樂王子酒店（慶陽高鐵站市政府店）,8.8,"['特惠標準間:HK$202', '豪華商務大床房:HK$221', '豪華雙人間:HK$222', '豪華行政套房:HK$267']"
維也納國際酒店（慶陽澳愷華府店）,9.5,"['標準大床房【小度智控+65寸電視可投屏+電動窗簾】:HK$306', '豪華大床房【乾濕分離+霧化玻璃+電視投屏+中央空調】:HK$324', '豪華雙床房【乾濕分離+霧化玻璃+電視投屏+中央空調】:HK$324', '臻禮大床房【舒適床墊+65寸電視可投屏+坐卧休閑沙發】:HK$343']"
安珀酒店（萬輝國際廣場店）,9.5,"['雙床房（全屋智能+獨立空調+乾濕分離+電視投屏）:HK$190', '大床房（全屋智能+獨立空調+暖氣供應）:HK$190', '尊貴大床房（全屋智能+獨立空調+電視投屏+暖氣供應）:HK$225', '高級大床房（全屋智能+獨立空調+貴妃沙發+電視投屏）:HK$260']"
悦朋美豪酒店（慶陽高鐵站市政府店）,9.7,"['悦享智能雙床房（智能客控+乾濕分離+55寸電視可投屏）:HK$205', '悦享智能大床房（智能客控+乾濕分離+休閑座椅）:HK$220', '悦雅智能雙床房（智能客控+零壓酣睡床墊+休閑沙發）:HK$231', '悦雅智能大床房（智能客控+零壓酣睡床墊+休閑沙發）:HK$245']"
北辰裏酒店（慶陽市政府店）,9.7,"['悦享智能大床房 [零壓舒眠床墊·助眠記憶枕]:HK$462', '悦享智能雙床房 [零壓舒眠床墊·助眠記憶枕]:HK$462', '奢享智能大床房-[高奢零壓舒眠雲端床墊·如睡雲端Max親膚布草·夢百合深睡記憶枕·地標夜景]:HK$507', '奢享智能雙床房 -[高奢零壓舒眠雲端床墊·如睡雲端Max親膚布草·夢百合深睡記憶枕·地標夜景]:HK$507', '無邊界大床房-[高奢零壓舒眠雲端床墊·如睡雲端Max親膚布草·夢百合深睡記憶枕·地標夜景]:HK$565']"
格林東方酒店（慶陽東方麗晶茂店）,9.3,"['優享丨東方高級大床:HK$277', '優享丨東方高級雙:HK$295', '好眠丨東方雙床房:HK$297', '景觀套房:HK$354']"
慶陽美侖麗致酒店（西峯區小什字商業街店）,9.0,"['優選豪華大床房（通透採光+超大温馨私人空間+獨立空調）:HK$239', '優選大床房（獨立空調+通透採光）:HK$249', '精選豪華超大雙床房（坐卧沙發+辦公桌椅+遮光窗簾）:HK$277', '悦享精緻雙床房（遮光窗簾+辦公桌椅+獨立空調）:HK$277']"
慶陽鳳凰酒店,9.7,"['舒適大床房（東樓）:HK$262', '舒適標準間（東樓）:HK$272', '豪華大床房（東樓）:HK$307', '舒適大床房（西樓）:HK$343', '舒適標準間（西樓）:HK$356']"
慶陽陽光雄越大酒店（市政府東方麗晶茂店）,9.4,"['臻至大床房:HK$298', '臻至標準間:HK$298', '豪華大床房:HK$373', '豪華標準間:HK$373', '精緻商務房:HK$397']"
慶陽宏瑞酒店,9.3,"['舒適大床房:HK$160', '舒適雙床房:HK$167', '豪華大床房:HK$195', '精緻婚房:HK$283']"
慶陽香榭麗舍大酒店,9.6,"['香榭智能舒適雙床房:HK$296', '香榭智能舒適大床房:HK$299', '香榭智能輕奢雙床房:HK$327', '香榭智能輕奢大床房:HK$347', '香榭智能豪華大床房:HK$398']"
維也納酒店（慶陽西峯區北大街店）,9.6,"['高級大床房（暗房外窗無光可通風+智能魔法客控+miniBar）:HK$220', '豪華雙床房【智能大化粧鏡+電動窗簾開合自在+坐卧休閑沙發】:HK$237', '豪華大床房【超通透採光+智能私隱衞士霧化玻璃+中央空調】:HK$237', '商務大床房【科技賦能住宿+大金剛小度掌控全局+暢意聊天】:HK$256']"
慶陽彩虹橋希爾頓歡朋酒店,9.5,"['舒適雙床房:HK$382', '舒適大床房:HK$382', '高級雙床房:HK$419', '高級大床房:HK$419', '豪華大床房:HK$478']"
全季酒店（慶陽惠風尚院店）,9.7,"['大床房【電視投屏+智能馬桶】:HK$335', '高級大床房【電視投屏+智能馬桶】:HK$363', '雙床房【電視投屏+智能馬桶】:HK$363', '商務大床房 【電視投屏+智能馬桶】:HK$372']"
漢庭酒店（慶陽東方麗晶茂店）,9.5,"['大床房（電視投屏+品牌床墊）:HK$350', '高級雙床房（電視投屏+品牌床墊）:HK$369', '高級大床房（電視投屏+品牌床墊）:HK$389']"
金鉑麗酒店（慶陽高鐵站店）,8.9,"['舒適大床房:HK$207', '豪華歐式大床房:HK$236', '豪華中式大床房:HK$236', '豪華歐式雙床房:HK$236']"
慶陽賓館,8.9,"['南樓標準間:HK$200', '南樓大床間:HK$212', '南樓套間:HK$360', '西樓大床間:HK$374', '西樓標準間:HK$414']"
慶陽柚子民宿（惠風尚院店）,9.1,"['流金歲月大床房:HK$183', '春暖花開大床房:HK$228', '未來可期大床房:HK$228', '金枝玉葉大床房:HK$272']"
慶陽森悦智慧酒店（萬輝國際廣場店）,9.6,"['特惠標準間:HK$216', '優選雙床房:HK$227', '豪華標準間:HK$241', '智慧大床房:HK$244']"
如家酒店·neo（慶陽市政府高鐵站店）,9.5,"['商務大床房【品牌床墊+全屋智能】:HK$185', '高級大床房【品牌床墊+全屋智能】:HK$202', '雙床房【品牌床墊+全屋智能】:HK$202', '安心睡大床房【0壓床墊+全屋智能】:HK$227']"
漢唐影院民宿,9.1,"['波西米亞風豪華大床房:HK$223', '波西米亞豪華投影房:HK$223']"
慶陽海貝尼斯酒店（皇朝店）,9.6,"['舒適雙床房（全屋智能）:HK$243', '舒適大床房（全屋智能）:HK$248', '豪華大床房（全屋智能）:HK$280', '豪華雙床房（全屋智能）:HK$286', '城市景觀房（全屋智能）:HK$382']"
慶陽美侖酒店,9.1,"['普通標準間:HK$199', '豪華標準間:HK$234', '豪華大床房:HK$234', '豪華商務大床房:HK$269']"
海貝尼斯酒店（慶陽隴東建材市場店）,9.5,"['特惠大床房:HK$183', '豪華商務雙床房:HK$204', '豪華商務大床房:HK$204', '精緻大床房:HK$205']"
慶陽柏漢酒店（市人民醫院東方麗晶茂店）,8.7,"['商務雙床房:HK$218', '精品大床房:HK$227', '豪華家庭房:HK$313']"
拾玖民宿,9.8,"['歸隱特惠大床房:HK$184', '指山大床房:HK$194', '夢境雙床房:HK$203', '夢境大床房:HK$203']"
北境E-sports電競酒店,9.5,"['標準雙床房（加速器L特權狗2專線萬兆冰箱公區洗衣房）:HK$216', '温馨大床房（所有房間電競椅.電競沙發雙配置）:HK$227', '商務雙大床大床房（ms機械臂.5060.2k260hz.14490.32g）:HK$238', '雅緻大床房（ms機械臂.2k320hz.5060Ti.14490.d532g）:HK$260']"
慶陽鳳凰塬舍酒店,9.8,"['聽風·舒適大床房:HK$347', '聽風·温馨雙床房:HK$347', '塬舍特價房:HK$374', '閲山·舒適大床房:HK$645']"
海貝尼斯酒店（九龍路店）,9.3,"['智選大床房:HK$205', '智選雙床房:HK$205', '智雅大床房:HK$227', '智雅雙床房:HK$227']"
星程酒店（慶陽市政務中心店）,9.8,"['高級雙床房（落地大窗+智能客控）:HK$291', '大床房（落地窗+智能客控）:HK$319', '高級大床房（落地大窗+智能客控）:HK$329', '家庭房（落地大窗+智能客控）:HK$339']"
宜尚酒店（慶陽小什字解放東路店）,9.6,"['ECHARM|高級大床房（高清投屏+全景明窗+宜馨特大床）:HK$229', 'ECHARM|高級雙床房（高清投屏+通透採光+宜享minibar）:HK$240', 'ECHARM|豪華大床房（貴妃躺椅+分區私謐+宜享minibar）:HK$256', 'ECHARM|豪華雙床房（貴妃躺椅+HiFi音響+宜享minibar）:HK$281']"
海貝尼斯酒店（慶陽小什字店）,9.1,"['優享大床:HK$151', '優選大床房:HK$183', '精緻大床房:HK$205', '特惠雙床房:HK$205']"
魔王·木葉電競酒店,9.4,"['標準雙床房（加速器l特權萬兆狗2冰箱公區洗衣房）:HK$216', '温馨大床房[所有房間電競椅.電競沙發雙配置]:HK$227', '商務雙大床大床房（ms機械臂.5060.2k260hz.14490.32g）:HK$238', '三人房[ms機械臂.2k260hz.5060Ti.14490.32g]:HK$282']"
慶陽鑽石伯爵精品酒店（市人民醫院店）,8.2,"['商務標準間:HK$155', '商務單人間:HK$162', '主題房:HK$162', '歐式標間:HK$169']"
桐閣湘賓館（慶陽小什字店）,9.4,"['特惠房:HK$108', '舒適大床房:HK$131', '舒適標間雙人房:HK$138', '豪華標間雙人房:HK$148']"
慶陽威尼斯國際大酒店,9.2,"['特惠大床房-（電動窗簾）:HK$187', '精美大床房-（電動窗簾）:HK$199', '豪華標準間-（電動窗簾）:HK$222', '豪華大床房-（電動窗簾）:HK$237']"
慶陽格霖特賓館,9.0,"['特價單人間（公共衞生間）:HK$56', '特價雙人間（公共衞生間）:HK$82', '舒適雙人間:HK$90', '舒適大床房:HK$90']"
慶陽客來悦酒店,8.5,"['舒適標準間:HK$153', '豪華標準間:HK$169', '豪華大床房:HK$169', '温馨家庭房:HK$172']"
柏程公寓,9.4,"['特惠大床房:HK$97', '温馨大床房:HK$107', '舒適大床房:HK$129']"
慶陽東昇酒店（北大街店）,9.1,"['經濟房:HK$104', '自主大床房:HK$110', '自主雙床房:HK$115', '商務大床房:HK$144']"
影流電競公寓（小十字錦綉東方店）,8.9,"['電競投影大床房:HK$195', '電競高配雙人間:HK$195', '尊享電競大床影院:HK$217', '輕奢高配電競大床影院房:HK$228']"
慶陽束雅民宿,9.5,['豪華大床房:HK$183']
瑞洋民宿,8.0,"['優選大床房:HK$112', '優選雙床房:HK$112', '彩虹大床房:HK$112', '彩虹雙床房:HK$112']"
慶陽豪丹主題酒店,7.6,"['眷戀三世:HK$98', '戀人未滿:HK$109', '花樣年華:HK$109', '仲夏夜之夢:HK$120']"
慶陽新歸巢賓館,8.6,"['經濟標準間:HK$111', '豪華標準間:HK$121', '豪華大床房:HK$121']"
瀟湘居賓館（慶陽高鐵站店）,6.5,"['特惠大床房:HK$116', '普通雙床房:HK$125', '舒適大床房:HK$134', '標準雙床房:HK$134']"
旅途賓館,6.7,"['舒適大床房:HK$89', '標準雙人間:HK$100', '温馨家庭房:HK$100', '標準三人間:HK$111']"
正寧納蘭迪酒店,9.4,"['特惠大床房:HK$206', '雅緻大床房:HK$233', '雅緻雙床房:HK$241', '豪華大床房:HK$251', '豪華雙床房:HK$266']"
