酒店名称,评分,房型价格列表
亞善天籟S酒店（成都太古裏店）,9.5,"['魔都特惠體驗房（定製金可兒床墊+智能馬桶+定製衞浴）:HK$559', '巴黎世嘉S尊享大床房（大屏液晶+智能馬桶+180°城景+MiNi吧）:HK$663', '巴黎世嘉S豪華大床房（網紅浴缸+太古裏夜景+全屋高定衞浴+MiNi吧）:HK$759', '綠野仙蹤S豪華大床房（網紅浴缸+太古裏夜景+全屋高定衞浴+MiNi吧）:HK$759']"
不遠酒店（成都春熙路太古裏店）,9.6,"['時光無跡-基礎大床房:HK$597', '逸趣生活-高級大床房:HK$666', '閑逸日常-豪華大床房:HK$691', '我的房間-豪華大床房:HK$730', '閑逸日常-豪華雙床房:HK$790']"
成都太古裏春熙美居酒店,9.7,"['標準大床房（智能客控+大落地窗）:HK$705', '高級大床房（智能客控+大落地窗）:HK$731', '高級雙床房（智能客控+大落地窗）:HK$781', '嘉賓大床房（俯瞰城市夜景+智能客控+大落地窗）:HK$831', '嘉賓雙床房（俯瞰城市夜景+智能客控+大落地窗）:HK$847']"
璞石酒店（成都寬窄巷子地鐵站店）,9.7,"['珍琴 | 雙床房:HK$606', '璞玉 | 大床房:HK$606', '玉宇 | 大床房:HK$643', '鳯棲 | 雙床房:HK$662', '和璞 | 家庭雙床房（榻榻米）:HK$739']"
太古·熙壤酒店（成都錦裏武侯祠店）,9.8,"['一線天光•舒適大床房:HK$559', '禪•浮生半榻大床房:HK$653', '幽•城市謐境雙床房:HK$748', '曠.坐忘全景視野大床房:HK$748', '禪•坐忘熙壤雙床房:HK$844']"
空白時酒店（成都春熙路IFS國金中心店）,9.4,"['和風大床房:HK$351', '和風雙床房:HK$380', '至樸大床房:HK$399', '至樸雙床房:HK$427']"
隱棲堂精品酒店（成都春熙路新南門地鐵站店）,9.6,"['和風·温馨榻榻米房:HK$259', '舒逸·優享一居室:HK$268', '隱居·精緻大床房:HK$297', '舒逸·優享雙床房:HK$307', '隱悦·逸享大床房:HK$326']"
歸墅·RETURN四合院酒店（春熙路太古裏店）,9.8,"['了哉（觀星移動床+BVLGARI寶格麗洗浴套裝+情侶空間）:HK$1,737', '行月（天空露台+BVLGARI·寶格麗洗浴套裝+私湯泡池）:HK$1,854', '讓紅塵（獨享花園+BVLGARI寶格麗洗浴套裝+情侶大床房）:HK$1,854', '山市（靜謐情侶空間+BVLGARI寶格麗洗浴套裝+品茗區）:HK$1,854', '山客（親子雙床房+BVLGARI·寶格麗洗浴套裝+獨享花園）:HK$2,013']"
龔禧裏·璽閣酒店（成都寬窄巷子琴台路店）,9.6,"['禧遇大床房:HK$436', '0壓禧遇大床房（0壓床墊+0壓記憶枕）:HK$460', '禧遇高級大床房:HK$484', '0壓禧遇高級大床房（0壓床墊+0壓記憶枕）:HK$508', '禧迎雙床房:HK$546']"
悦藍裏S酒店（成都寬窄巷子店）,9.6,"['影院大床房（100寸投影+智能馬桶+手機投屏）:HK$372', '優選大床房（零壓床墊+智能馬桶+手機投屏）:HK$391', '精選大床房（智能馬桶+零壓床墊+手機投屏）:HK$409', '甄選大床房（智能馬桶+零壓床墊+手機投屏）:HK$428', '精選四人雙床房（零壓床墊+智能馬桶+手機投屏）:HK$643']"
隱棲堂酒店（成都太古裏合江亭店）,9.6,"['靜謐一居室（乾濕分區+金可兒床墊）:HK$291', '和風大床房（乾濕分區+葯包泡腳+金可兒床墊）:HK$414', '城景大床房（乾濕分區+葯包泡腳+智能馬桶+小冰箱）:HK$433', '熊貓主題房（智能馬桶+乾濕分區+戴森加濕器）:HK$452', '高空大床陽台房（廊橋夜景+乾濕分區+迷你冰箱+葯包泡腳）:HK$471']"
ISEYA世野·高空酒店（天府廣場春熙路店）,9.6,"['基礎大床房:HK$797', '城景大床房-全覽天際城市夜景:HK$891', '基礎超大床房:HK$948', '天府景觀大床房:HK$948', 'KINGSIZE超大床房:HK$1,043']"
凱特麗亞創意主題酒店公寓（成都春熙太古裏店）,9.8,"['豪華大床房（烘乾洗衣機+廚房+藍牙音響+100寸投影+智能馬桶）:HK$449', '100寸投影一室一廳套房（烘乾洗衣機+廚房+藍牙音響+100寸投影+智能馬桶）:HK$520', '100寸投影太古裏夜景一室一廳套房（烘乾洗衣機+廚房+藍牙音響+100寸投影+智能馬桶）:HK$562', '100寸投影天幕太古裏夜景套房（烘乾洗衣機+廚房+藍牙音響+100寸投影+智能馬桶）:HK$599']"
成都華爾道夫酒店,9.8,"['華爾道夫豪華大床房:HK$1,537', '華爾道夫豪華雙床房:HK$1,537', '華爾道夫雙子塔景雙床房:HK$1,680', '華爾道夫精英大床房:HK$1,727', '華爾道夫雙子塔景大床房:HK$1,775', '華爾道夫恣享至尊大床房:HK$1,823']"
隱棲堂美學生活院子酒店（成都寬窄巷子人民公園地鐵站店）,9.6,"['隱居丨雙床房:HK$452', '隱居丨一居室:HK$452', '棲悦丨煙火大床房:HK$527', '隱居丨合歡親子房:HK$539', '棲悦丨煙火雙床房:HK$549']"
怡程酒店（成都春熙路太古裏店）,9.4,"['高級大床房（智能客控+零壓床墊）:HK$427', '商務大床房（深度睡眠+智能客控+零壓床墊）:HK$467', '影院大床房（超大高清投影+智能客控）:HK$467', '高級雙床房（深度睡眠+智能客控+零壓床墊）:HK$467', '豪華大床房（小冰箱+智能客控）:HK$506']"
序裏旅行酒店（成都太古裏春熙路店）,9.6,"['和風大床房:HK$333', '至樸大床房:HK$360', '至遠雙床房:HK$375', '至遠大床房:HK$387', '至雅家庭房:HK$469']"
花築·成都琴台美宿（寬窄巷子景區通惠門地鐵站店）,9.4,"['憑欄古街景休閑房（智能家居+坐卧榻榻米琴台夜景）:HK$401', '藏風復古大床房:HK$409', '聖湖·靜謐舒適雙床房（小愛音控+智能馬桶）:HK$512', '露台星空大床房:HK$532']"
ISEYA世野·高空全套房酒店（太古裏旗艦店）,9.6,"['阿卡納·一卧室Loft套房（洗烘一體機-花灑頂噴）:HK$1,043', '城景·一卧室Loft套房（洗烘一體機-花灑頂噴）:HK$1,138', '收藏家·一卧室Loft套房（太古夜景-頂噴-洗烘一體機）:HK$1,233', '奇妙夜·一卧室Loft套房（太古夜景-頂噴-洗烘一體機）:HK$1,233', '收藏家·一卧室Loft親子房（雙衞-太古夜景-洗烘一體）:HK$1,328', '大玩家·一卧室Loft家庭房（雙衞-寬敞沙發-洗烘一體）:HK$1,613']"
好逸SMART酒店（成都春熙路太古裏店）,9.4,"['精緻大床房:HK$252', '觀景大床房:HK$280', '雅緻·清雅大床房:HK$280', '舒適雙床房:HK$299']"
成都太古裏春熙林恩國際酒店,9.6,"['嘉賓大床房:HK$521', '嘉賓雙床房:HK$568', '豪華大床房:HK$568', '投影大床房+影視會員:HK$597', '豪華雙床房:HK$616']"
榛悦隆堡成都酒店,9.5,"['隆堡瑰冠客房:HK$683', 'G50豪華大床房:HK$691', 'G50豪華雙床房:HK$691', 'G60豪華雙床套房:HK$781', 'G60豪華大床套房:HK$781', 'G60豪華三人套房:HK$1,090']"
西朵·精選酒店公寓（成都紅星橋店）,9.4,"['雲夢·粉絲福袋房（獨享景觀·百寸巨幕·智能門鎖）:HK$261', '雲享·輕奢LOFT投影大床套房（獨享景觀·百寸巨幕·智能門鎖）:HK$289', '雲央·機麻LOFT投影雙床套房（獨享景觀·百寸巨幕·智能門鎖）:HK$348', '雲庭·觀景機麻LOFT雙卧套房（獨享景觀·百寸巨幕·歡樂機麻）:HK$387']"
成都協信中心希爾頓酒店,9.4,"['希爾頓雙床房:HK$635', '豪華大床房:HK$663', '豪華雙床房:HK$663', '行政大床房:HK$840', '行政雙床房:HK$840', '精緻套房:HK$887']"
成都院子酒店,9.6,"['精緻大床房:HK$1,005', '豪華大床房:HK$1,067', '露台大床房:HK$1,067', '豪華園景房:HK$1,191', '精緻雙床房:HK$1,314', '豪華雙床房:HK$1,468']"
微瀾温泉花園酒店（成都寬窄巷子店）,9.6,"['特惠大床房:HK$501', '秋•天際觀景大床房:HK$545', '夏•星月天井大床房:HK$559', '秋•天際觀景雙床房:HK$610']"
橙果酒店（成都寬窄巷子地鐵站店）,9.7,"['雅緻大床房（投屏電視+浴室頂噴+小冰箱）:HK$320', '雅緻雙床房（投屏電視+浴室頂噴+小冰箱）:HK$328', '富氧大床房（投屏電視+浴室頂噴+新風凈化系統）:HK$338', '典雅雙床房（投屏電視+浴室頂噴+小冰箱）:HK$373', '雅緻親子雙床房（投屏電視+浴室頂噴+小冰箱）:HK$387']"
成都春熙路中心希爾頓花園酒店,9.6,"['花園舒適大床房:HK$796', '無障礙大床房:HK$796', '花園舒適雙床房:HK$874', '花園大床房（縱享雙TV+會客廳）:HK$907', '花園雙床房（縱享雙TV+會客廳）:HK$1,018']"
成都萬達瑞華酒店,9.7,"['豪華大床房:HK$882', '高級豪華大床房:HK$977', '高級豪華雙床房:HK$977', '高級豪華江景大床房:HK$1,072', '高級豪華江景家庭房:HK$1,072', '行政豪華大床房:HK$1,413']"
成都Pagoda君亭設計酒店,9.5,"['豪華大床房（180°城市觀景陽台+單人沙發榻）:HK$1,033', '太古春熙夜景大床房（180°城市觀景陽台+單人沙發榻）:HK$1,128', '四季都市大床房+180°觀景微小陽台:HK$1,233', '豪華雙床房:HK$1,413', '太古春熙夜景雙床房:HK$1,508', '親子房:HK$1,565']"
成都澗山堂酒店（寬窄巷子店）,9.6,"['空谷幽蘭大床房:HK$440', '青竹丹楓雙床房:HK$440', '芝蘭之室大床房:HK$508', '清竹婉悦雙床房:HK$508', '蘭溪之室大床房:HK$566']"
成都太古里亞朵S酒店,9.6,"['高級大床房（帶頂噴）:HK$837', '高級城景大床房（太古裏城景帶頂噴）:HK$924', '高級雙床房（帶頂噴）:HK$968', '幾木大床房（深睡枕PRO帶頂噴）:HK$995', '高級城景雙床房（太古裏城景帶頂噴）:HK$1,143', '幾木城景大床房（太古裏城景+深睡枕PRO帶頂噴）:HK$1,152']"
寬融套房酒店（成都春熙路太古裏店）,9.7,"['寬融優享大床房:HK$504', '寬融悦享大床房:HK$532', '寬融悦享雙床房:HK$554', '寬融經典套房:HK$621', '寬融輕奢家庭雙床房:HK$630']"
成都寬窄巷子雅高瑞享酒店,9.1,"['瑞享高級大床房丨全屋智能丨高空視野:HK$617', '瑞享高級雙床房丨全屋智能丨高空視野:HK$666', '瑞享豪華大床房丨靜謐睡眠丨Minibar:HK$730', '瑞享豪華雙床房丨靜謐睡眠丨Minibar:HK$748', '瑞享行政大床房丨戴森吹風機丨膠囊Coffee機:HK$795', '瑞享行政雙床房丨戴森吹風機丨膠囊Coffee機:HK$814']"
luxe·東悦儷套房酒店（成都天府廣場店）,9.5,"['攬月居·高空套房（金可兒床墊+洗烘一體機+Sony音響）:HK$532', '奇妙夜·單卧浴缸套房（金可兒床墊+索尼藍牙音箱+烘乾一體機+浴缸）:HK$597', '趣萌家·夢想親子套房（金可兒睡眠床墊+洗烘一體機+浴缸）:HK$628', '慵懶日·雙卧港式套房（whirlpool洗烘一體機+智能馬桶+全景落地窗）:HK$639']"
成都錦投·古蹟酒店（春熙路太古裏店）,9.6,"['聽雨大床房（鵝絨床品+頂噴淋浴+膠囊機）:HK$759', '觀月雙床房（鵝絨床品+頂噴淋浴+膠囊機）:HK$759', '吟風雙床房（禪意小院+鵝絨床品+乳膠床墊）:HK$854', '邀月LOFT雙床房（觀景台+鵝絨床品+乳膠床墊+膠囊機）:HK$949', '邀月LOFT大床房（觀景台+鵝絨床品+乳膠床墊+膠囊機）:HK$949']"
成都春熙路希爾頓歡朋酒店,9.4,"['舒適大床房:HK$667', '舒適雙床公寓房:HK$673', '舒適大床公寓房（配沙發床）:HK$703', '高級大床房:HK$709', '豪華大床房:HK$750']"
城市西遊裏酒店（成都春熙路天府廣場店）,9.7,"['影音大床房（小度音箱+夢百合床墊+高清巨幕投影）:HK$411', '觀景大床房（全屋聲控+抑菌加濕器+夢百合床墊+75寸巨幕電視+徠芬吹風機）:HK$444', '影音雙床房（小度音箱+夢百合床墊+高清巨幕投影）:HK$452', '榻榻米親子房（小度音箱+智能馬桶+夢百合床墊）:HK$524', '大聖家庭房（小度音箱+抑菌加濕器+徠芬吹風機+夢百合床墊）:HK$568']"
成都高新逸衡酒店,9.8,"['高級雙床間:HK$630', '高級大床房無障礙:HK$648', '高級大床房:HK$648', '高級城景大床房:HK$676', '高級城景超級大床房:HK$676']"
Sungold·尚古設計師酒店（成都春熙路太古裏店）,9.2,"['美侖·Cinema大床房「極米投影+電動窗簾+親膚床品」:HK$420', '香境·Dream大床房「助眠香氛+睡眠記憶枕+睡眠床墊」:HK$448', '摯戀·Duet大床房「極米投影+巨幕投屏+親膚床品」:HK$475', '奇遇·Magic大床房「無限延伸魔幻鏡+出片+mini小冰箱」:HK$512']"
成都春熙路福朋喜來登酒店,9.3,"['精緻大床房:HK$1,034', '精緻雙床房:HK$1,034', '高級大床房:HK$1,081', '高級雙床房:HK$1,081', '雅緻大床房（觀城市地標）:HK$1,152', '舒適大床房（高空觀景）:HK$1,199']"
盈嘉･雲曦天際S高空設計師酒店（成都太古裏旗艦店）,9.6,"['奢享·高空城景loft套房（空中別墅+高空太古景觀）:HK$1,006', '180°輕奢Loft單卧套房（2層複式樓+loft空中別墅設計+4.9米超挑高落地玻璃+太古裏夜景+浴缸+烘乾洗衣機）:HK$1,139', '180°觀景loft雙床房（2層複式樓+loft空中別墅設計+4.9米超高挑空+高空城市景觀+洗烘一體機+浴缸）:HK$1,700', '180°城景高空Loft雙卧雙衞套房（2層複式樓+loft空中別墅設計+4.9米超高挑空高空城景+烘乾洗衣機）:HK$1,985']"
成都東大明宇豪雅飯店（春熙路太古裏店）,9.6,"['經典大床房（高空都市城景）:HK$653', '經典雙床房（高空都市城景）:HK$653', '豪雅大床房（180度全景視野）:HK$693', '豪雅雙床房（180度全景視野）:HK$693', '家庭客房（東小雅主題房）:HK$790', '家庭客房（東小豪主題房）:HK$790']"
成都怡和東方酒店（青羊總部經濟基地中壩地鐵站店）,9.6,"['聽月大床房（全屋智能,零壓床墊）:HK$310', '怡蘭·雙床房（全屋智能、0壓床墊）:HK$332', '怡蘭·大床房（全屋智能,0壓床墊）:HK$340', '啟祥·親子大床房:HK$340', '麗景·雙床房（高層城景、全屋智能、0壓床墊）:HK$358']"
成都春熙路天府廣場地鐵站美居酒店,9.7,"['標準大床房（雨淋頂噴+minibar+電視投屏）:HK$620', '高級大床房（雨淋頂噴+minibar+電視投屏）:HK$664', '高級雙床房（雨淋頂噴+minibar+電視投屏）:HK$743', '嘉賓大床房（雨淋頂噴+minibar+電視投屏）:HK$751', '嘉賓雙床房（雨淋頂噴+minibar+電視投屏）:HK$812']"
成都西金閣全套房公寓,9.5,"['特惠大床套房:HK$435', '特惠雙床房:HK$435', '西金閣豪華大床套房:HK$451', '西金閣家庭房:HK$451', '西金閣豪華雙床套房:HK$451']"
成都竹間翠微酒店（春熙路太古裏店）,8.9,"['漠原沐風觀影大床+乳膠床投影智能聲控:HK$457', '林深若木觀影大床+乳膠床投影智能聲控:HK$457', '漠原沐風私湯大床+乳膠床投影智能聲控:HK$476', '林深若木私湯大床+乳膠床投影智能聲控:HK$495', '雲汐木染複式閣樓雙床+乳膠床投影智能聲控:HK$581']"
月牙至臻酒店（成都春熙路寬窄巷子店）,9.7,"['月·大床房（Kingkiol床墊+茶榻+智能客控）:HK$377', '雅·大床房（Kingkiol床墊+雨淋花灑+加熱毛巾架）:HK$415', '至·雙床房（Kingkiol床墊+助眠香薰+記憶枕）:HK$423', '臻·雙床房（Kingkiol床墊+助眠床品+雨淋花灑）:HK$470', '私湯·大床房（Kingkiol床墊+小冰箱+智能馬桶）:HK$509']"
成都明宇尚雅飯店,9.5,"['旅行者客房:HK$501', '探索客房:HK$525', '尚雅大床房（城市景觀）:HK$581', '尚雅雙床房（城市景觀）:HK$581', '尚雅江景大床房:HK$630', '尚雅江景雙床房:HK$630']"
成都瑯珀·凱悦臻選酒店,9.6,"['珀玉大床客房:HK$1,318', '瑯玉客房-城市地標天際全景:HK$1,461', '珀玉雙床客房:HK$1,603', '尊邸大床客房:HK$1,698', '尊邸瑯玉客房-城市地標天際全景:HK$1,793', '海底小縱隊小童主題房:HK$1,793']"
