酒店名称,评分,房型价格列表
成都太古裏春熙林恩國際酒店,9.6,"['嘉賓大床房:HK$599', '嘉賓雙床房:HK$653', '豪華大床房:HK$653', '投影大床房+影視會員:HK$686', '豪華雙床房:HK$708']"
不遠酒店（成都春熙路太古裏店）,9.6,"['時光無跡-基礎大床房:HK$686', '逸趣生活-高級大床房:HK$766', '閑逸日常-豪華大床房:HK$794', '我的房間-豪華大床房:HK$839', '閑逸日常-豪華雙床房:HK$908']"
隱棲堂美學生活院子酒店（成都寬窄巷子人民公園地鐵站店）,9.6,"['棲悦丨煙火雙床房:HK$717', '隱居丨雙床房:HK$779', '隱居丨一居室:HK$779', '棲悦丨煙火大床房:HK$885', '隱居丨合歡親子房:HK$902']"
ISEYA世野·高空全套房酒店（太古裏旗艦店）,9.6,"['阿卡納·一卧室Loft套房（洗烘一體機-花灑頂噴）:HK$1,200', '城景·一卧室Loft套房（洗烘一體機-花灑頂噴）:HK$1,309', '收藏家·一卧室Loft套房（太古夜景-頂噴-洗烘一體機）:HK$1,418', '奇妙夜·一卧室Loft套房（太古夜景-頂噴-洗烘一體機）:HK$1,418', '收藏家·一卧室Loft親子房（雙衞-太古夜景-洗烘一體）:HK$1,527', '大玩家·一卧室Loft家庭房（雙衞-寬敞沙發-洗烘一體）:HK$1,855']"
歸墅·RETURN四合院酒店（春熙路太古裏店）,9.8,"['行月（天空露台+BVLGARI·寶格麗洗浴套裝+私湯泡池）:HK$1,921', '讓紅塵（獨享花園+BVLGARI寶格麗洗浴套裝+情侶大床房）:HK$1,921', '了哉（觀星移動床+BVLGARI寶格麗洗浴套裝+情侶空間）:HK$1,921', '山市（靜謐情侶空間+BVLGARI寶格麗洗浴套裝+品茗區）:HK$1,921', '山客（親子雙床房+BVLGARI·寶格麗洗浴套裝+獨享花園）:HK$2,035']"
成都東大明宇豪雅飯店（春熙路太古裏店）,9.6,"['經典大床房（高空都市城景）:HK$750', '經典雙床房（高空都市城景）:HK$750', '豪雅大床房（180度全景視野）:HK$797', '豪雅雙床房（180度全景視野）:HK$797', '家庭客房（東小雅主題房）:HK$908', '家庭客房（東小豪主題房）:HK$908']"
成都太古裏春熙美居酒店,9.7,"['標準大床房（智能客控+大落地窗）:HK$808', '高級大床房（智能客控+大落地窗）:HK$838', '高級雙床房（智能客控+大落地窗）:HK$896', '嘉賓大床房（俯瞰城市夜景+智能客控+大落地窗）:HK$953', '嘉賓雙床房（俯瞰城市夜景+智能客控+大落地窗）:HK$972']"
空白時酒店（成都春熙路IFS國金中心店）,9.4,"['和風大床房:HK$404', '和風雙床房:HK$437', '至樸大床房:HK$458', '至樸雙床房:HK$491']"
成都貴院 · 東方美學設計師酒店,9.7,"['白馬情 · 川西合院大床房:HK$998', '白馬情·川西合院雙床房｜街畔雅舍:HK$1,026', '東方美學 · 新中式大床房｜65寸投屏電視+智能馬桶:HK$1,141', '東方美學 · 新中式雙床房｜65寸投屏電視+禪系茶座:HK$1,169', '東方美學 · 意境大床房｜户外休閑空間:HK$1,513']"
隱棲堂酒店（成都太古裏合江亭店）,9.6,"['靜謐一居室（乾濕分區+金可兒床墊）:HK$443', '靜謐大床房（乾濕分區+迷你冰箱+葯包泡腳）:HK$585', '和風大床房（乾濕分區+葯包泡腳+金可兒床墊）:HK$640', '高空大床房（廊橋夜景+乾濕分區+迷你冰箱+葯包泡腳）:HK$662', '高空和風雙床房（廊橋夜景+乾濕分區+迷你冰箱+葯包泡腳）:HK$662']"
成都保利輝盛坊國際酒店公寓,9.6,"['豪華雙床房（廚房設備+冰箱+洗烘一體機）:HK$578', '豪華大床房（廚房設備+冰箱+洗烘一體機）:HK$578', '行政大床房（廚房設備+冰箱+洗烘一體機）:HK$648', '行政雙床房（廚房設備+冰箱+洗烘一體機）:HK$648', '一居室高級套房（城市高空夜景+冰箱+洗烘一體機）:HK$786', '一居室豪華套房（270°雲端景觀+冰箱+洗烘一體機）:HK$856']"
亞善天籟S酒店（成都太古裏店）,9.5,"['魔都特惠體驗房（定製金可兒床墊+智能馬桶+定製衞浴）:HK$642', '巴黎世嘉S尊享大床房（大屏液晶+智能馬桶+180°城景+MiNi吧）:HK$763', '巴黎世嘉S豪華大床房（網紅浴缸+太古裏夜景+全屋高定衞浴+MiNi吧）:HK$872', '綠野仙蹤S豪華大床房（網紅浴缸+太古裏夜景+全屋高定衞浴+MiNi吧）:HK$872']"
成都西金閣全套房公寓,9.5,"['特惠大床套房:HK$489', '特惠雙床房:HK$489', '西金閣豪華大床套房:HK$501', '西金閣豪華雙床套房:HK$501', '西金閣家庭房:HK$518']"
成都協信中心希爾頓酒店,9.4,"['希爾頓大床房:HK$649', '希爾頓雙床房:HK$649', '豪華大床房:HK$682', '豪華雙床房:HK$682', '親子童趣家庭房:HK$819', '行政大床房:HK$844']"
序裏旅行酒店（成都太古裏春熙路店）,9.6,"['和風大床房:HK$409', '至樸大床房:HK$439', '至遠雙床房:HK$460', '至遠大床房:HK$469', '至雅家庭房:HK$559']"
凱特麗亞創意主題酒店公寓（成都春熙太古裏店）,9.8,"['豪華大床房（烘乾洗衣機+廚房+藍牙音響+100寸投影+智能馬桶）:HK$516', '100寸投影一室一廳套房（烘乾洗衣機+廚房+藍牙音響+100寸投影+智能馬桶）:HK$598', '100寸投影太古裏夜景一室一廳套房（烘乾洗衣機+廚房+藍牙音響+100寸投影+智能馬桶）:HK$646', '100寸投影天幕太古裏夜景套房（烘乾洗衣機+廚房+藍牙音響+100寸投影+智能馬桶）:HK$666']"
成都太古裏潯隱溫泉別苑,8.9,"['樸行·雅緻大床房:HK$477', '泊塵·高級大床房:HK$543', '觀瀾·高級大床房:HK$632', '遠山·湯池大床房:HK$699', '潯隱·高級雙床房:HK$743']"
隱棲堂精品酒店（成都春熙路新南門地鐵站店）,9.6,"['和風·温馨榻榻米房:HK$297', '舒逸·優享一居室:HK$308', '隱居·精緻大床房:HK$342', '舒逸·優享雙床房:HK$353', '隱悦·逸享大床房:HK$375']"
成都C3酒店（天府藝術公園店）,9.7,"['C3悦享·精緻雙床房（全屋智能客控）:HK$738', 'C3悦享·精緻大床房（全屋智能客控）:HK$780', 'C3悦享·豪華大床房（全屋智能客控）:HK$915', 'C3尊享·Loft套房（全屋智能客控）:HK$966', 'C3尊享·Loft豪華雙床房（全屋智能客控）:HK$1,293', 'C3尊享·Loft童趣家庭房（全屋智能客控）:HK$1,304']"
太古·熙壤酒店（成都錦裏武侯祠店）,9.8,"['一線天光•舒適大床房:HK$642', '禪•浮生半榻大床房:HK$751', '幽•城市謐境雙床房:HK$860', '曠.坐忘全景視野大床房:HK$860', '禪•坐忘熙壤雙床房:HK$970']"
龔禧裏·璽閣酒店（成都寬窄巷子琴台路店）,9.6,"['禧遇大床房:HK$471', '0壓禧遇大床房（0壓床墊+0壓記憶枕）:HK$497', '禧遇高級大床房:HK$524', '0壓禧遇高級大床房（0壓床墊+0壓記憶枕）:HK$550', '禧迎雙床房:HK$623']"
微瀾温泉花園酒店（成都寬窄巷子店）,9.6,"['特惠大床房:HK$500', '秋•天際觀景大床房:HK$544', '夏•星月天井大床房:HK$557', '秋•天際觀景雙床房:HK$609']"
寬融套房酒店（成都春熙路太古裏店）,9.7,"['寬融優享大床房:HK$589', '寬融悦享大床房:HK$601', '寬融悦享雙床房:HK$627', '寬融經典套房:HK$703', '寬融輕奢家庭雙床房:HK$713']"
成都華爾道夫酒店,9.8,"['雲端城景大床房:HK$1,783', '雲端城景雙床房:HK$1,783', '雲端天府景觀大床房:HK$1,838', '雲端湖景大床房:HK$1,838', '雲端湖景雙床房:HK$1,838', '華爾道夫恣享至尊大床房:HK$1,947']"
悦藍裏S酒店（成都寬窄巷子店）,9.5,"['影院大床房（100寸投影+智能馬桶+手機投屏）:HK$428', '優選大床房（零壓床墊+智能馬桶+手機投屏）:HK$449', '精選大床房（智能馬桶+零壓床墊+手機投屏）:HK$470', '甄選大床房（智能馬桶+零壓床墊+手機投屏）:HK$492', '精選四人雙床房（零壓床墊+智能馬桶+手機投屏）:HK$740']"
成都琴台美宿（寬窄巷子景區通惠門地鐵站店）,9.3,"['憑欄古街景休閑房（智能家居+坐卧榻榻米琴台夜景）:HK$461', '藏風復古大床房:HK$471', '聖湖·靜謐舒適雙床房（小愛音控+智能馬桶）:HK$589', '露台星空大床房:HK$611']"
成都院子酒店,9.6,"['精緻大床房:HK$1,156', '豪華大床房:HK$1,227', '露台大床房:HK$1,227', '豪華園景房:HK$1,369', '精緻雙床房:HK$1,511', '豪華雙床房:HK$1,688']"
成都澗山堂酒店（寬窄巷子店）,9.6,"['空谷幽蘭大床房:HK$506', '青竹丹楓雙床房:HK$506', '芝蘭之室大床房:HK$584', '清竹婉悦雙床房:HK$584', '蘭溪之室大床房:HK$650']"
成都瑞吉酒店,9.5,"['暢玩競技雙床房:HK$1,297', '觀景露台複式公寓大床房:HK$1,297', '城景複式公寓大床房:HK$1,297', '尊貴豪華大床間:HK$1,463', '豪華大床房:HK$1,516', '觀景露台複式公寓雙床房:HK$1,516']"
怡程酒店（成都春熙路太古裏店）,9.4,"['高級大床房（智能客控+零壓床墊）:HK$572', '影院大床房（超大高清投影+智能客控）:HK$604', '商務大床房（深度睡眠+智能客控+零壓床墊）:HK$615', '高級雙床房（深度睡眠+智能客控+零壓床墊）:HK$627', '豪華大床房（小冰箱+智能客控）:HK$661']"
維也納國際酒店（成都火車東站西廣場店）,9.5,"['高級大床房:HK$400', '豪華單人房:HK$443', '商務大床房:HK$470', '豪華雙床房:HK$478', '影音單人房:HK$496']"
ISEYA世野·高空酒店（天府廣場春熙路店）,9.6,"['基礎大床房:HK$916', '城景大床房-全覽天際城市夜景:HK$1,025', '基礎超大床房:HK$1,090', '天府景觀大床房:HK$1,090', 'KINGSIZE超大床房:HK$1,200']"
luxe·東悦儷套房酒店（成都天府廣場店）,9.5,"['攬月居·高空套房（金可兒床墊+洗烘一體機+Sony音響）:HK$612', '奇妙夜·單卧浴缸套房（金可兒床墊+索尼藍牙音箱+烘乾一體機+浴缸）:HK$686', '趣萌家·夢想親子套房（金可兒睡眠床墊+洗烘一體機+浴缸）:HK$733', '慵懶日·雙卧港式套房（whirlpool洗烘一體機+智能馬桶+全景落地窗）:HK$735']"
成都海灣酒店,9.7,"['城景豪華大床房:HK$945', '城景豪華雙床房:HK$957', '小童託管雙床房:HK$1,168', '小童託管大床房:HK$1,168', '江景豪華大床房:HK$1,207', '江景豪華雙床房:HK$1,207']"
成都星天外酒店（犀浦高鐵站百草路地鐵站店）,9.7,"['180°雲景•大床房（私享觀景陽台+智能客控）:HK$347', '180°雲景•雙床房（全景落地窗+智能客控+臨空中花園）:HK$367', 'LOFT•闊景大床房（智能客控+金可兒床墊+高清投屏）:HK$400', 'LOFT•巨幕影音大床套房（智能客控+金可兒床墊）:HK$411', '270°雲端•私湯環幕套房（高空美景湯池+巨幕投影）:HK$434']"
成都蓉城悅柳·采薇美食酒店（春熙路四川大學店）,9.6,"['采薇大床房:HK$425', '小雅大床房:HK$436', '采薇雙床房:HK$446', '啟居花園大床房:HK$534', '小雅親子雙床房:HK$621']"
Sungold·尚古設計師酒店（成都春熙路太古裏店）,9.2,"['美侖·Cinema大床房「極米投影+電動窗簾+親膚床品」:HK$470', '香境·Dream大床房「助眠香氛+睡眠記憶枕+睡眠床墊」:HK$504', '摯戀·Duet大床房「極米投影+巨幕投屏+親膚床品」:HK$538', '奇遇·Magic大床房「無限延伸魔幻鏡+出片+mini小冰箱」:HK$583']"
橙果酒店（成都寬窄巷子地鐵站店）,9.7,"['雅緻大床房（投屏電視+浴室頂噴+小冰箱）:HK$398', '富氧大床房（投屏電視+浴室頂噴+新風凈化系統）:HK$419', '雅緻雙床房（投屏電視+浴室頂噴+小冰箱）:HK$453', '典雅雙床房（投屏電視+浴室頂噴+小冰箱）:HK$479', '雅緻親子雙床房（投屏電視+浴室頂噴+小冰箱）:HK$522']"
成都寬窄巷子雅高瑞享酒店,9.1,"['瑞享高級大床房丨全屋智能丨高空視野:HK$709', '瑞享高級雙床房丨全屋智能丨高空視野:HK$766', '瑞享豪華大床房丨靜謐睡眠丨Minibar:HK$839', '瑞享豪華雙床房丨靜謐睡眠丨Minibar:HK$860', '瑞享行政大床房丨戴森吹風機丨膠囊Coffee機:HK$914', '瑞享行政雙床房丨戴森吹風機丨膠囊Coffee機:HK$936']"
皈徠棲精品酒店（成都春熙路新南門地鐵站店）,9.5,"['素心大床房:HK$268', '禪居大床房:HK$290', '靜心雙床房:HK$301', '澄心大床房:HK$301', '雅舍大床房:HK$301']"
盈嘉･雲曦天際S高空設計師酒店（成都太古裏旗艦店）,9.6,"['豪華大床房（勞倫斯沙發+定製深度睡眠床墊）:HK$928', '奢享·太古裏夜景大床房（180度全景落地玻璃+觀夜景+勞倫斯豪華沙發+1.85網紅太空兔+智能馬桶+定製床墊+懸浮大床）:HK$1,037', '奢享·高空城景loft套房（雙衞+花灑頂噴）:HK$1,146', '180°輕奢Loft單卧套房（2層複式樓+loft空中別墅設計+4.9米超挑高落地玻璃+太古裏夜景+浴缸+烘乾洗衣機）:HK$1,255']"
WEZO圍坐酒店（成都寬窄巷子春熙路店）,9.6,"['煙火少城·大床房:HK$519', '煙火少城·雙床房:HK$571', '浮生半日·家庭雙床房:HK$571', '麥芽與詩 · 浴缸大床房:HK$602', '寬窄之間·雙卧套間:HK$664']"
雅緻酒店（成都文殊院春熙路店）,9.4,"['雅緻高空江景大床房:HK$538', '雅緻高空夜景大床房:HK$593', '雅緻高空夜景雙床房:HK$647', '雅緻高空夜景家庭房-高空氧吧:HK$702', '180°雲端浴缸觀景房:HK$866', '雅緻親子高空觀景房:HK$975']"
成都領地希爾頓嘉悦裏酒店,9.6,"['嘉悦裏客房:HK$1,245', '天際城景房（大床）:HK$1,299', '天府景觀房（大床）:HK$1,353', '豪華天際城景房（大床）:HK$1,624', '天際城景房（雙大床）:HK$1,719', '天府廣場全景房（大床）:HK$1,786']"
熊貓很困酒店（成都春熙路萬象城店）,9.7,"['熊貓·稚夢大床房（設計師家居+彩繪網紅牆+竹節燈柱）:HK$415', '熊貓·舒睡大床房（智能馬桶+鵝絨床品+棋牌娛樂）:HK$423', '熊貓·酣睡大床房（高速吹風機+恆温頂噴）:HK$500', '熊貓·打盹大床房（畢格羅洗護+遮光風琴簾+熊貓雕塑）:HK$549']"
成都錦投·古蹟酒店（春熙路太古裏店）,9.6,"['聽雨大床房（鵝絨床品+頂噴淋浴+膠囊機）:HK$872', '觀月雙床房（鵝絨床品+頂噴淋浴+膠囊機）:HK$872', '吟風雙床房（禪意小院+鵝絨床品+乳膠床墊）:HK$982', '邀月LOFT雙床房（觀景台+鵝絨床品+乳膠床墊+膠囊機）:HK$1,091', '邀月LOFT大床房（觀景台+鵝絨床品+乳膠床墊+膠囊機）:HK$1,091']"
海倫湖畔酒店（成都西博城華西天府醫院店）,9.8,"['深睡大床房（智能客控+智能馬桶+小冰箱）:HK$268', '深睡雙床房（智能客控+55寸投屏電視）:HK$268', '城景行政雙床房（智能客控+三區分離衞生間）:HK$301', '森林氧吧城景行政大床房（智能客控+智能馬桶+小冰箱）:HK$301', '森林氧吧湖景行政大床房（智能客控+智能馬桶+小冰箱）:HK$323']"
成都瑞城名人酒店,9.4,"['高級大床房:HK$370', '豪華大床房:HK$379', '行政大床房:HK$386', '高級雙床房:HK$393', '豪華雙床房:HK$398']"
成都空港國際會議中心酒店,9.7,"['商務大床房:HK$522', '高級雙床房:HK$577', '高級大床房:HK$577', '高級航景雙床房:HK$664', '高級航景大床房:HK$664', '豪華大床房:HK$686']"
沉奢酒店（寬窄巷子人民公園地鐵站店）,9.5,"['夜闌簡約大床房:HK$436', '深寐現代大床房:HK$503', '荏苒精品大床房:HK$590', '靜息輕奢雙床房:HK$590']"
