酒店名称,评分,房型价格列表
承德賓館（避暑山莊店）,9.7,"['優享雙床房:HK$696', '精品雙床房（智能窗簾+託田隔音玻璃）:HK$772', '尊享大床房（全屋智能+斯麥格水壺）:HK$772', '尊享雙床房（適用於家庭親子+慕思床墊）:HK$925', '家庭親子房（小帳篷+小童玩具+全屋智能）:HK$1,208']"
承德皇家園林希爾頓歡朋酒店,9.7,"['舒適大床房（舒眠臻享）:HK$661', '高級大床房（舒眠臻享+斑斕夜景+半山半城）:HK$740', '高級雙床房（舒眠臻享+斑斕夜景+半山半城）:HK$740', '豪華大床房（親子樂悠+光影中庭）:HK$852', '豪華雙床房（靈動商務+光影中庭）:HK$852']"
承德避暑山莊希爾頓花園酒店,9.1,"['花園大床房:HK$713', '花園無障礙大床房:HK$713', '景觀特大床房:HK$758', '花園高級特大床房:HK$780', '花園高級雙床房:HK$780', '花園家庭房:HK$804']"
維也納國際酒店（承德大學城高鐵站店）,9.1,"['優享城景雙床房:HK$491', '尊享城景雙床房:HK$513', '尊享城景大床房:HK$513', '落地寬景豪華雙床房:HK$535', '影音大床房:HK$540']"
承德綺望樓賓館,9.5,"['山體雙床房:HK$1,202', '山體大床房:HK$1,202', '山體家庭客房:HK$1,638', '高級雙床房:HK$1,639', '高級大床房:HK$1,639']"
承德嵐海大酒店（避暑山莊店）,9.5,"['雅緻雙床房:HK$597', '雅緻大床房:HK$597', '豪華大床房:HK$625', '豪華雙床房:HK$625', '親子套房:HK$963']"
承德希爾頓歡朋酒店,9.8,"['舒適大床房（河畔美景+獨立小客廳）:HK$707', '舒適雙床房（秀麗山景+房間開闊）:HK$807', '舒適河景大床房（河畔美景+觀景落地窗）:HK$807', '高級雙床房（秀麗山景+房間開闊）:HK$909', '高級大床房-（秀麗山景+沙發床+房間開闊）:HK$909']"
美豪麗致酒店（承德避暑山莊店）,9.6,"['麗致大床房:HK$569', '麗致雙床房:HK$569', '雅緻大床房:HK$594', '雅緻雙床房:HK$594', '靜雅親子主題房:HK$1,325']"
承德盛逸商務酒店,9.7,"['遇見丨悦享大床房『小度智能客控』:HK$545', '雲際丨城景大床房『小度智能客控+視野開闊』:HK$578', '步履丨優享雙床房『小度智能客控』:HK$611', '步履丨尊享雙床房『小度智能客控』:HK$654', '雲際丨山景大床房『小度智能客控+視野開闊』:HK$675']"
承德開仁華府客棧,9.5,"['榻榻米蒙古包:HK$1,092', '庭院標準間:HK$1,310', '庭院大床房:HK$1,528', '庭院豪華大床房:HK$1,856']"
熱河府酒店（承德避暑山莊二仙居商業街店）,9.8,"['高級大床房:HK$734', '高級雙床房:HK$752', '豪華雙床房（冰箱+小度音響）:HK$806', '豪華大床房（冰箱+小度音響）:HK$806', '夢幻彩虹親子房（小童床+小童玩具）:HK$947']"
承德兆豐假日酒店,9.7,"['假日高級雙床房:HK$752', '假日高級大床房:HK$806', '假日豪華雙床房:HK$892', '假日至尊小童主題房:HK$981', '假日高級小童主題房:HK$1,090']"
承德普寧酒店（避暑山莊店）,9.3,"['商旅大床房:HK$453', '商旅雙床房:HK$453', '豪華大床房:HK$639', '豪華雙床房:HK$639', '庭院雙床房:HK$769']"
承德避暑山莊環宇假日酒店,9.5,"['沐光優享大床房—可投屏:HK$398', '望山陽光大床房（尚馳睡眠床墊）:HK$439', '特惠雙床房—網紅打卡夜景:HK$439', '望山陽光雙床房（尚馳睡眠床墊）:HK$465']"
紫御國際假日酒店（承德避暑山莊店）,9.4,"['靜謐大床房（小冰箱+康乃馨床品+無窗）:HK$621', '靜謐雙床房（小冰箱+康乃馨床品+無窗）:HK$621', '御享雙床房（小冰箱+康乃馨床品）:HK$668', '御享大床房（小冰箱+康乃馨床品）:HK$668', '御逸大床房（小冰箱+康乃馨床品）:HK$856']"
承德SunshineKeep叁時壹宿民宿,9.6,"['小森林·優享親子房:HK$301', '霧隱山·雅緻山景大床房:HK$545', '松風吟·雅緻山景大床房:HK$545', '繁岸裏·觀景浴缸大床房:HK$545']"
喜萊佳大酒店（承德避暑山莊店）,9.2,"['經典標準間:HK$447', '雅緻標準間:HK$475', '精典河畔大床房:HK$503', '雅緻河畔大床房:HK$532', '歡樂小童房:HK$851']"
承德雲舍客棧·避暑山莊店,9.3,"['標準房:HK$622', '豪華大床房:HK$649', '特色親子房:HK$726', '特色家庭房:HK$726']"
承德元寶山智選假日酒店,9.6,"['園景大床房:HK$508', '園景雙床房:HK$508', '無障礙大床房:HK$508', '山景大床房:HK$548', '山景雙床房:HK$548']"
承德中心智選假日酒店,8.8,"['高級房（大床+全屋智控）:HK$528', '高級房 （雙床+全屋智控）:HK$528', '高級房（特大床+更大面積+全屋智控）:HK$631', '高級房（雙床+更大面積+全屋智控）:HK$631']"
承德元寶山假日酒店,9.7,"['園景大床房:HK$685', '園景雙床房:HK$685', '無障礙大床房:HK$685', '山景大床房:HK$726', '山景雙床房:HK$726', '園景特大床房:HK$768']"
承德避暑山莊冠榕假日酒店,9.4,"['陽光｜特惠雙床房:HK$403', '陽光悦山|大床房:HK$448', '陽光悦山|雙床房:HK$491', '精緻樂享|大床房:HK$545']"
承德金寶萬達嘉華酒店,9.6,"['豪華雙床房（金可兒床墊+大視野落地窗）:HK$633', '豪華大床房（金可兒床墊+大視野落地窗）:HK$641', '荷里活家庭大床房（金可兒床墊+大視野落地窗）:HK$682', '行政豪華大床房（城市景觀+浴缸+房間開闊）:HK$892', '行政豪華雙床房（城市景觀+浴缸+房間開闊）:HK$892', '豪華套房（金可兒床墊+智能馬桶+浴缸）:HK$1,463']"
銀闕旅居康養度假酒店,9.2,"['精緻雙床房:HK$470', '舒適雙床房:HK$535', '墅居大床房:HK$622', '墅居雙床房:HK$622']"
星辰酒店（承德醫學院附屬醫院店）,9.6,"['精選雙床房:HK$535', '精選大床房:HK$567', '精選影院大床房:HK$589', '精選三人間:HK$786']"
順天河賓館（承德避暑山莊店）,8.6,"['特價標準間:HK$316', '高級標準間:HK$341', '高級大床房:HK$365', '零壓房:HK$389']"
如家精選酒店（承德避暑山莊店）,9.1,"['雙床房A:HK$517', '高級雙床房:HK$536', '大床房A:HK$536', '精選商務大床房:HK$555']"
承德兆豐國際酒店,9.6,"['國際高級大床房:HK$971', '國際高級雙床房:HK$982', '國際商務大床房:HK$1,025', '國際高級河景大床房:HK$1,026', '國際豪華大床房:HK$1,081', '國際至尊河景大床房:HK$1,386']"
承德承鋼賓館,8.5,"['特惠標間:HK$221', '商務標準間【定製床墊+中央空調】:HK$265', '商務大床房【定製床墊+中央空調】:HK$288']"
而已小院,9.9,"['親子大床房帶院:HK$453', '侘寂風普通大床房帶院:HK$453', '標準雙床房帶院:HK$453', '侘寂風豪華大床房帶院:HK$509']"
承德盛華大酒店（避暑山莊店）,9.3,"['悠享雙床房:HK$490', '悠享單人房:HK$490', '臻選雙床房:HK$643', '臻選大床房:HK$643', '三人間:HK$752']"
維也納酒店（承德避暑山莊店）,9.6,"['高級雙床房:HK$531', '高級大床房:HK$531', '豪華大床房:HK$568', '豪華雙床房:HK$568']"
承德嘉和國際飯店,9.2,"['智享呼吸·豪華標準間:HK$643', '智享呼吸·豪華大床間:HK$773', '智享呼吸·豪華標準間-河景:HK$773', '智享呼吸.豪華套房:HK$1,254', '智享呼吸·親子家庭套房-河景:HK$1,310']"
承德行宮大酒店,9.7,"['雅緻苑景-雙床房:HK$873', '標準雙床房:HK$917', '靜謐庭院-大床房:HK$982', '標準大床房:HK$1,027', '無障礙大床房:HK$1,092', '小新和佩奇的假期主題房:HK$1,201']"
9S甄選酒店（承德避暑山莊店）,9.2,"['城景舒享雙床房:HK$751', '城景舒享大床房:HK$751', '城景豪華雙床房:HK$778', '城景豪華大床房:HK$778']"
承德德雅酒店（高鐵南站大學城店）,9.3,"['優享雙床房（智能小度+電動窗簾）:HK$357', '酣然入夢大床房（全屋智能+小冰箱）:HK$392', '悠然田居雙床房（智能小度+電動窗簾+小冰箱）:HK$416', '一覽星河大床影院房（智能小度+電動窗簾+小冰箱）:HK$429']"
麗楓酒店（承德避暑山莊外八廟店）,9.3,"['高級大床房（無窗）:HK$383', '標準單人房:HK$403', '景觀雙床房:HK$473', '豪華大床房:HK$530']"
9s智選電競酒店（承德高鐵南站店）,9.4,"['VIEW SONIC休閑電競單人房［180hz高清顯示器+Razer鼠標+Hecate耳機+達爾優光軸鍵盤+機械臂］:HK$596', 'PLAYSTATION5 主機遊戲房[4KSONY 電視+黑神話.悟空搶先體驗+智慧客控]:HK$596', 'VIEW SONIC休閑電競大床房 ［180hz高清顯示器+Razer鼠標+Hecate耳機+達爾優光軸鍵盤+機械臂］:HK$687', 'VIEW SONIC休閑電競雙人房［180hz高清顯示器+Razer鼠標+Hecate耳機+達爾優光軸鍵盤+機械臂］:HK$687']"
承德美富淦凱榮酒店,9.7,"['商務雙床房（深睡枕+零壓床墊+可投屏55寸電視）:HK$490', '商務大床房（深睡枕+零壓床墊+可投屏55寸電視）:HK$493', '行政雙床房（深睡枕+零壓床墊+可投屏55寸電視）:HK$560', '行政大床房（深睡枕+零壓床墊+可投屏55寸電視）:HK$563']"
承德善水滙洗浴商務酒店,9.6,['浪漫主題房:HK$370']
承德山裡·見面民宿,9.1,"['秋詞:HK$218', '牧雲:HK$250', '星空:HK$250', '觀山:HK$250']"
漢庭酒店（承德火車站店）,9.9,"['豪華大床房（55寸投屏電視）:HK$537', '豪華雙床房:HK$548', '豪華套房（55寸投屏電視）:HK$607', '豪華家庭房（55寸投屏電視）:HK$776']"
喆啡酒店（承德避暑山莊頭道牌樓店）,9.0,"['醇享生活房:HK$543', '醇享大床房:HK$559', '啡凡大床房:HK$594', '啡凡豪華大床房:HK$612']"
齊韻民宿（承德高鐵南站店）,8.8,"['標準雙床間:HK$370', '温馨投影大床房:HK$556', '舒適大床房:HK$556']"
聽風小院民宿,9.8,"['IAGREE豪華家庭房1901:HK$425', 'IAGREE豪華家庭房1902:HK$425', 'IAGREE豪華家庭房1903:HK$425']"
如家睿柏·雲酒店（承德避暑山莊店）,9.0,"['雙床房:HK$419', '商務大床房:HK$436', '温馨家庭房:HK$535']"
承德華冠假日酒店（普寧寺店）,9.4,"['經典雙床房:HK$392', '豪華標準間:HK$435', '三人間:HK$611', '經典家庭套房:HK$743']"
星雲谷鼎盛民宿,10.0,['精緻二室一廳套房（53號樓）:HK$551']
承德福祿酒店,9.6,"['標準雙床房:HK$174', '標準大床房:HK$216', '親子家庭房:HK$278', '豪華套房:HK$340']"
芭提雅酒店（承德大學城南站店）,9.7,"['商務雙人房:HK$479', '雅緻大床房:HK$479', '豪華大床房:HK$594', '豪華商務房:HK$594']"
