酒店名称,评分,房型价格列表
全季酒店（文昌火車站大潭路店）,9.5,"['大床房:HK$298', '雙床房:HK$317', '高級大床房:HK$326', '商務大床房:HK$355']"
文昌温德姆至尊豪廷大酒店,9.5,"['雅緻海景大床房:HK$418', '半島園景雙床房:HK$523', '半島園景大床房:HK$545', '豪華海景大床房:HK$632', '超級飛俠主題大床房:HK$709', '豬豬俠主題大床房:HK$710']"
海南文昌麗亭酒店,9.9,"['雅痞活力大床房:HK$358', '雅痞活力雙床房:HK$358', '雅痞都市大床房:HK$366', '雅痞都市雙床房:HK$366', '雅痞精英大床房:HK$466']"
柏曼酒店（文昌中學高鐵站店）,9.3,"['舒適大床房:HK$169', '高級大床房:HK$189', '高級雙床房:HK$189', '智能高級大床房:HK$209']"
文昌南國温德姆花園酒店,9.3,"['花園雙床房:HK$420', '花園大床房:HK$420', '温德姆海景雙床房:HK$511', '温德姆海景大床房:HK$511', '親子海景房:HK$602', '零壓助眠海景大床房（可調節升降床墊）:HK$602']"
文昌金石國際大酒店,9.2,"['高級景觀大床房:HK$478', '高級景觀雙床房:HK$478', '豪華海景雙床房:HK$513', '豪華海景大床房:HK$513', '智能優眠海景大床房（智能床）:HK$580', '智能優眠海景雙床房（智能床）:HK$580']"
文昌魯能希爾頓酒店,9.3,"['希爾頓客房大床房（1樓）:HK$649', '希爾頓客房雙床房（1樓）:HK$649', '豪華景觀大床房:HK$703', '豪華景觀雙床房:HK$703', '星奇寶貝親子大床房:HK$703', '星奇寶貝親子雙床房:HK$703']"
麗呈雲漫酒店（文昌高鐵站文南老街店）,9.4,"['雲-影音大床房（零壓床墊）:HK$182', '雲-舒雅雙床房（零壓床墊）:HK$182', '雲-暢眠雙床房（智能控制+零壓床墊）:HK$200', '雲-暢玩棋牌房（零壓床墊）:HK$200']"
初漸酒店（文昌高鐵站文南老街店）,9.7,"['靜謐雙床房（零壓床墊丨記憶枕丨投屏電視丨智能客控）:HK$149', '城景雙床房（零壓床墊丨記憶枕丨投屏電視丨智能客控）:HK$176', '雅緻大床房（零壓床墊丨記憶枕丨投屏電視丨智能客控）:HK$185', '豪華大床房（零壓床墊丨記憶枕丨投屏電視丨智能客控）:HK$212']"
麗楓酒店（文昌店）,9.6,"['標準大床房（慕思床墊+定製香氛洗護+藍牙音響）:HK$285', '豪華大床房（慕思床墊+定製香氛洗護+藍牙音響）:HK$293', '行政大床房（採光超好+慕思床墊+藍牙音響）:HK$293', '標準雙床房（慕思床墊+定製香氛洗護+藍牙音響）:HK$301']"
凱利亞智能酒店（大致坡鎮店）,9.3,"['特惠影視大床房:HK$184', '智能大床房:HK$191', '智能雙床房:HK$204', '影視大床房:HK$204']"
文昌維嘉國際大酒店,9.0,"['輕奢大床房:HK$272', '輕奢雙床房:HK$272', '主樓行政大床房:HK$278', '主樓行政雙床房:HK$278', '海底世界親子房:HK$347']"
愛景國際酒店,9.1,"['椰林高級大床房:HK$383', '椰林高級雙床:HK$383', '椰林豪華雙床房:HK$389', '海景大床房:HK$435', '海景雙床房:HK$435']"
文昌南洋美麗滙智選假日酒店,9.5,"['高級大床房:HK$466', '高級房雙床帶陽台:HK$496', '無障礙高級大床房:HK$518', '高級房雙床:HK$518', '高級房大床更大空間:HK$518']"
城市精選酒店（文昌鳳凰城店）,9.2,"['標準大床房:HK$162', '高級大床房:HK$175', '高級雙床房:HK$175', '豪華大床房:HK$189']"
福樓朗岳酒店（文昌龍樓航天城店）,9.8,"['福樓大床房【零壓乳膠床墊+100%全棉貢緞床品+小冰箱】:HK$374', '花園景觀大床房【落地窗+觀花園+深睡枕頭深睡床墊】:HK$397', '城景精品雙床房【小鎮景觀+舒適沙發榻+小冰箱】:HK$410', '遠山海景精品大床房【觀椰林+沙發榻+深睡枕深睡床墊】:HK$423']"
文昌天成大酒店（文昌高鐵站文南老街店）,9.0,"['僑鄉航天大床房（陽台+採光+城景）:HK$137', '陽光城景雙床房（陽台+採光）:HK$137', '行政景觀大床房（陽台+書房+採光）:HK$156', '凌空城景雙床房（陽台+寬敞+採光）:HK$193']"
文昌航天椰林灣酒店,9.0,"['雅緻雙床房:HK$191', '豪華大床套房:HK$212', '景緻大床房:HK$212', '豪華雙床套房:HK$241']"
文昌魯能雲居酒店,9.3,"['枕霞商務雙床房（小度智趣+智潔黑科技）:HK$526', '點墨舒適大床房（舒適闊境 + 愜意雙人沙發+小度音箱）:HK$604']"
如家酒店（文昌龍樓航天城店）,9.5,"['高級大床房（55寸投屏電視+徠芬吹風機+獨立冷暖空調）:HK$259', '雙床房（55寸投屏電視+徠芬吹風機+獨立冷暖空調）:HK$259', '高級雙床房（55寸投屏電視+徠芬吹風機+獨立冷暖空調）:HK$278', '安睡大床房（石墨烯床墊+慢回彈記憶枕+55寸投屏電視）:HK$288']"
文昌鳳凰城大酒店,8.9,"['特惠大床房:HK$149', '標準雙人房:HK$162', '標準大床房:HK$162', '麻將雙人房:HK$235']"
漢庭酒店（文昌龍樓店）,9.6,"['高級大床房:HK$271', '高級雙床房:HK$280', '商務大床房:HK$298', '家庭房:HK$326']"
文昌凱盛美季酒店,9.0,"['雅韻精選大床房（採光明亮+房間寬敞+色調舒適可投屏）:HK$141', '露台精選大床房（採光明亮+房間寬敞+色調舒適可投屏）:HK$145', '露台精選雙床房（採光明亮+房間寬敞+色調舒適可投屏）:HK$149', '雅韻精選雙床房（採光明亮+房間寬敞+色調舒適可投屏）:HK$149']"
文昌好年華商務大酒店,8.8,"['行政大床房:HK$201', '豪華大床房:HK$212', '豪華雙床房:HK$218', '娛樂大床房:HK$297']"
歸園田僑舍智慧酒店（文昌中學店）,9.2,"['雅居榻榻米雙床房:HK$197', '酣然入夢搖籃房:HK$197', '搖窕淑女情侶影院大床房:HK$202', '茅屋草舍田園房:HK$207']"
文昌晉唐維景國際大酒店,8.2,"['園景雙床房:HK$424', '海景家庭房:HK$449', '園景親子房:HK$461', '海景雙床房:HK$517', '海景大床房:HK$517']"
如家NEO-文昌文南老街孔廟沿江路店,9.4,"['高級雙床房（55寸可投屏電視+獨立冷暖空調）:HK$213', '高級大床房（55寸可投屏電視+獨立冷暖空調）:HK$213', '零壓大床房（釋壓床墊+記憶枕）:HK$239', '零壓雙床房（釋壓床墊+記憶枕）:HK$239']"
文昌兆壯酒店,9.2,"['風情雙床間:HK$156', '市井大床房:HK$166', '親子房:HK$183', '閨蜜大床房:HK$190']"
如家酒店·neo（文昌航天現代城文蔚路店）,9.4,"['商務大床房:HK$205', '高級雙床房:HK$213', '高級大床房:HK$222', '家庭房:HK$230']"
麗智詩畔酒店,8.7,"['輕奢悠享雙床房:HK$143', '輕奢悠享大床房:HK$155', '雅緻江景大床房:HK$167', '雅緻江景雙床房:HK$179']"
山嶼海康養酒店（文昌高隆灣店）,9.1,"['藍慕.高級觀景大床房:HK$300', '聽瀾.輕奢觀景雙床房:HK$300', '黃昏曉.趣享瞰海海景家庭房:HK$377', '蔚藍水岸.奢華一線瞰海海景套房:HK$441']"
華爾森酒店,8.7,"['森活·優享特惠單人房:HK$154', '森活·優享特惠雙人房:HK$161', '森悦·舒享大床房:HK$186', '森愉·舒享雙床房:HK$199']"
海岸金城大酒店（文昌高鐵站文南老街店）,8.8,"['豪華雙床房:HK$195', '豪華大床房（超大停車場）:HK$195', '豪華棋牌雙床房:HK$208', '豪華家庭房:HK$221']"
星航雲漫酒店（航天現代城文蔚路店）,9.3,"['雲-智享大床房-航天元素-零壓記憶枕-智能客控-飄窗:HK$255', '雲-智享雙床房【宇航記憶枕-雲端入睡】:HK$269', '漫-尊享影音大床房-影音投屏-航天元素-零壓記憶枕:HK$312', '雲-温馨景觀大床房-航天元素-零壓記憶枕-智能客控:HK$340']"
富麗湖畔酒店（文昌高鐵站文南老街店）,8.8,"['標準大床房:HK$137', '高級陽光大床房[高端床品+AI智能+AI助眠]:HK$146', '豪華景觀大床房[洗漱區三區分離+AI智控+AI叫醒]:HK$186', '豪華景觀雙床房[洗漱區三區分離+AI智能+AI助眠]:HK$191']"
陶然智能HOTEL（大致坡店）,9.2,"['優享商務大床房|智能客控:HK$151', '雅緻豪華大床房|智能客控:HK$173', '雅緻豪華雙床房|智能客控:HK$184', '雅緻豪華特大床房‖智能客控:HK$195']"
花築·文昌雲捲雲舒海景花園民宿,9.7,"['温馨雙床房:HK$849', '温馨大床房:HK$849', '側窗海景雙床房:HK$1,297', '温馨親子雙床房+獨立小院子:HK$1,443']"
文昌東走西走咖啡民宿,9.4,"['清心｜商務雙床房:HK$360', '茶語｜景觀大床房:HK$360', '淺雲｜日式大床房:HK$910', '禪語｜輕奢大床房:HK$910']"
格萊登酒店（文昌中學文建路店）,9.6,"['舒心特惠大床房:HK$140', '舒心特惠雙床房（高端飲用水）:HK$140', '貼心高級大床房:HK$162', '貼心高級雙床房:HK$162']"
花築·文昌銅鼓嶺海暇民宿,9.6,"['舒適大床房:HK$436', '舒適雙床房:HK$479', '雅緻大床房:HK$523', '景觀大床房:HK$545']"
文昌億嘉國際大酒店,7.4,"['青芒-行政大床房:HK$144', '青芒-行政雙床房:HK$150', '鸞鳴-文軒大床房（陽台）:HK$182', '鸞鳴-文軒雙床房（陽台）:HK$195']"
文昌索菲亞大酒店,8.6,"['投影大床房:HK$138', '高級雙床房:HK$146', '商務大床房:HK$146', '商務雙床房:HK$170']"
推門見海別墅,9.5,"['椰瀾·三疊:HK$1,014', '海嶼·四合:HK$1,276']"
魯能·來宿山海天自營民宿（淇水灣店）,9.4,"['鼓樂山廬-園景兩房（獨立廚房可做飯）:HK$309', '嶺岸山築-園景三房（園林景觀+雙衞）:HK$351', '天和星樞-觀禮海景兩房（高層陽台看發射+巨幕海景）:HK$368', '天宮星軌-觀禮兩房（陽台可看發射）:HK$410']"
文昌雲漫里民宿（龍樓石頭公園店）,9.4,"['隨心（大床房）:HK$314', '伴山（海岸線日落大床房）:HK$393', '雲宿（親子家庭房）:HK$403', '浮光（精品雙床房）:HK$403']"
文昌龍泉鄉園共享農莊,8.9,"['日式·現代雙床房:HK$260', '相悦·豪華雙床房:HK$377', '雅緻·榻榻米房:HK$402', '童趣·親子家庭房:HK$461']"
時光印精選酒店（文昌公園文新路店）,8.7,"['精選大床房:HK$141', '樂享特惠大床房:HK$143', '雅緻雙床房:HK$148', '特惠雙床房:HK$156']"
觀瀾灣旅居·美亞登酒店,8.9,"['美悦特價雙床房（超大空間+獨立陽台 ）:HK$120', '美悦大床房（超大空間+獨立陽台 ）:HK$144', '美悦雙床房（超大空間+獨立陽台 ）:HK$144', '美雅親子房（超大空間+獨立陽台 ）:HK$162']"
格萊登智慧酒店（文昌文興路店）,8.8,"['特惠大床房（智能投影｜全屋冷暖空調）:HK$234', '智能大床房（酒店提供自助洗衣機）:HK$243', '智能雙床房:HK$252', '豪享大床房:HK$339']"
文昌海嶼海景酒店公寓（高隆灣旅遊度假區店）,9.2,"['園景 I 靜謐大床房 （柔軟床品+深度好眠）:HK$150', '海景 I 陽光大床房（海景觀光+深度好眠）:HK$168', '園景 I 兩房兩廳套房（陽台+洗衣機+冰箱+空調）:HK$298', '海景 I 兩房兩廳套房（陽台+洗衣機+冰箱+空調）:HK$324']"
