酒店名称,评分,房型价格列表
閲海小築民宿,9.2,"['杜仲·單間海景房:HK$222', '蘇木·一房一廳海景套房:HK$281', '拾光·兩房兩廳海景套房:HK$345', '赤野·兩房兩廳海景套房:HK$345']"
丘舍（文昌邢宥故居店）,10.0,"['初音:HK$604', '聽雨:HK$604', '觀松:HK$604', '遠香:HK$604']"
柏曼酒店（文昌中學高鐵站店）,9.3,"['舒適大床房:HK$168', '高級大床房:HK$189', '高級雙床房:HK$189', '智能高級大床房:HK$209']"
文昌凱盛美季酒店,9.0,"['雅韻精選大床房（採光明亮+房間寬敞+色調舒適可投屏）:HK$140', '露台精選大床房（採光明亮+房間寬敞+色調舒適可投屏）:HK$145', '露台精選雙床房（採光明亮+房間寬敞+色調舒適可投屏）:HK$149', '雅韻精選雙床房（採光明亮+房間寬敞+色調舒適可投屏）:HK$149']"
文昌金石國際大酒店,9.2,"['高級景觀大床房:HK$478', '高級景觀雙床房:HK$478', '豪華海景雙床房:HK$512', '豪華海景大床房:HK$512', '智能優眠海景大床房（智能床）:HK$553', '智能優眠海景雙床房（智能床）:HK$553']"
花築·文昌雲捲雲舒海景花園民宿,9.7,"['温馨雙床房:HK$849', '温馨大床房:HK$849', '側窗海景雙床房:HK$1,296', '温馨親子雙床房+獨立小院子:HK$1,442']"
青橙民宿（文昌清瀾半島店）,9.8,"['軍港之夜海景大床房G2-1319:HK$277', '航天椰夢海景大床房:HK$277', '軍港之夜海景雙床房:HK$277', '【SUNRISE黎明】主題海景投影大床房:HK$277']"
城市精選酒店（文昌鳳凰城店）,9.2,"['標準大床房:HK$162', '高級大床房:HK$175', '高級雙床房:HK$175', '豪華大床房:HK$189']"
麗呈雲漫酒店（文昌高鐵站文南老街店）,9.4,"['網紅影音投屏大床房（航天主題-網紅化粧鏡-飄窗）:HK$215', '航天主題舒雅雙床房（網紅化粧鏡-冷暖空調-飄窗）:HK$222', '暢玩豪華棋牌房（航天主題-冷暖空調-網紅化粧鏡）:HK$228', '航天主題豪華大床房（智能客控-冷暖空調-飄窗）:HK$228']"
福樓朗岳酒店（文昌龍樓航天城店）,9.8,"['温馨大床房【零壓乳膠床墊+100%全棉貢緞床品+小冰箱】:HK$359', '花園景觀大床房【落地窗+觀花園+深睡枕頭深睡床墊】:HK$383', '城景精品雙床房【小鎮景觀+舒適沙發榻+小冰箱】:HK$395', '遠山海景精品大床房【觀椰林+沙發榻+深睡枕深睡床墊】:HK$408']"
推門見海別墅,9.7,"['攬月·雙棲:HK$481', '椰瀾·三疊:HK$645', '海嶼·四合:HK$890']"
漢庭酒店（文昌文蔚路店）,9.6,"['大床房:HK$216', '高級雙床房:HK$234', '高級大床房:HK$234', '商務大床房:HK$263']"
文昌南國温德姆花園酒店,9.3,"['花園雙床房:HK$419', '花園大床房:HK$419', '温德姆海景雙床房:HK$511', '温德姆海景大床房:HK$511', '親子海景房:HK$602', '零壓助眠海景大床房（可調節升降床墊）:HK$602']"
如家酒店（文昌龍樓航天城店）,9.5,"['高級大床房（55寸投屏電視+徠芬吹風機+獨立冷暖空調）:HK$267', '雙床房（55寸投屏電視+徠芬吹風機+獨立冷暖空調）:HK$267', '高級雙床房（55寸投屏電視+徠芬吹風機+獨立冷暖空調）:HK$287', '安睡大床房（石墨烯床墊+慢回彈記憶枕+55寸投屏電視）:HK$297']"
文昌膏粱灣海景民宿（高隆灣旅遊度假區店）,7.5,"['207｜尊享大床房:HK$240', '208｜天空之鏡無敵海景大床房:HK$449', '209｜天空之鏡無敵海景親子雙床房:HK$449', '椰林彼岸｜兩室一廳兩衞休閑套房:HK$525']"
文昌海嶼海景酒店公寓（高隆灣旅遊度假區店）,9.2,"['複式海景 I 三房兩廳（冰箱+洗衣機+空調）:HK$526', '複式園景 I 四室兩廳（5床+3衞+麻將桌）:HK$665', '複式海景 I 四室兩廳（6床+3衞+高層海景）:HK$781']"
寶邸1992民宿,9.6,"['鏡春園:HK$358', '燕南園:HK$358', '勺園:HK$358', '蔚秀園:HK$555']"
文昌鳳凰城大酒店,8.9,"['特惠大床房:HK$149', '標準雙人房:HK$162', '標準大床房:HK$162', '麻將雙人房:HK$234']"
海南文昌麗亭酒店,9.9,"['雅痞活力大床房:HK$332', '雅痞活力雙床房:HK$332', '雅痞都市大床房:HK$365', '雅痞都市雙床房:HK$365', '雅痞精英大床房:HK$467']"
麗智詩畔酒店,8.7,"['輕奢悠享雙床房:HK$143', '輕奢悠享大床房:HK$155', '雅緻江景大床房:HK$167', '雅緻江景雙床房:HK$179']"
麗楓酒店（文昌店）,9.6,"['標準大床房:HK$277', '標準雙床房:HK$285', '豪華雙床房:HK$293', '行政大床房:HK$293']"
花築·文昌銅鼓嶺海暇民宿,9.6,"['舒適大床房:HK$435', '舒適雙床房:HK$479', '雅緻大床房:HK$523', '景觀大床房:HK$544']"
文昌南洋美麗滙智選假日酒店,9.5,"['高級大床房:HK$482', '高級房雙床帶陽台:HK$508', '無障礙高級大床房:HK$530', '高級房雙床:HK$530', '高級房大床更大空間:HK$530']"
時光印精選酒店（文昌公園文新路店）,8.7,"['精選大床房:HK$147', '樂享特惠大床房:HK$150', '雅緻雙床房:HK$154', '特惠雙床房:HK$156']"
歸園田僑舍智慧酒店（文昌中學店）,9.2,"['閑情別緻大床房:HK$223', '繁花似錦鳥籠影院房:HK$223']"
文昌魯能希爾頓酒店,9.3,"['希爾頓客房大床房（1樓）:HK$649', '希爾頓客房雙床房（1樓）:HK$649', '豪華景觀大床房:HK$703', '豪華景觀雙床房:HK$703', '星奇寶貝親子大床房:HK$703', '星奇寶貝親子雙床房:HK$703']"
海韻民宿（文昌航天大道店）,10.0,"['海景隱居-雙床房:HK$202', '海景悦築-大床房:HK$226', '海景雅緻-麻將套房:HK$250', '觀景雙床-椰子屋:HK$370']"
文昌惟尼邇度假公寓,9.1,"['輕享海景大床房（陽台+看見月亮灣）:HK$187', '合景·輕奢海景大床房（陽台+近距離望海）:HK$229', '温馨親子套房（陽台+園景）:HK$272', '輕奢海景雙卧套房（陽台+遙望大海）:HK$340']"
如家NEO-文昌文南老街孔廟沿江路店,9.3,"['高級雙床房（55寸可投屏電視+獨立冷暖空調）:HK$224', '高級大床房（55寸可投屏電視+獨立冷暖空調）:HK$224', '零壓大床房（釋壓床墊+記憶枕）:HK$251', '零壓雙床房（釋壓床墊+記憶枕）:HK$251']"
文昌遠方水舍民宿,9.6,['絲雨·公主圓床房:HK$374']
觀瀾灣旅居·美亞登酒店,8.8,"['美悦特價雙床房（超大空間+獨立陽台 ）:HK$120', '美悦大床房（超大空間+獨立陽台 ）:HK$144', '美悦雙床房（超大空間+獨立陽台 ）:HK$144', '美雅親子房（超大空間+獨立陽台 ）:HK$162']"
維也納國際酒店（文昌店）,9.5,"['高級大床房（採光舒適+房間寬敞）:HK$479', '高級雙床房（採光舒適+房間寬敞）:HK$479', '景觀大床房（高層風景+採光舒適+房間寬敞）:HK$495', '景觀雙床房（高層風景+採光舒適+房間寬敞）:HK$495', '行政大床房（觀景陽台+城市景觀＋房間寬敞）:HK$520']"
文昌雲漫里民宿（龍樓石頭公園店）,9.4,"['隨心（大床房）:HK$422', '伴山（海岸線日落大床房）:HK$491', '觀瀾（海景大床房）:HK$624', '拾光（景觀大床房）:HK$624']"
如家酒店·neo（文昌航天現代城文蔚路店）,9.3,"['商務大床房:HK$162', '高級雙床房:HK$170', '高級大床房:HK$178', '家庭房:HK$186']"
文昌魯能雲居酒店,9.3,"['泊舟大床房:HK$451', '出岫商務大床房（小度智趣+智潔黑科技）:HK$520', '攬星航天雙床房（雙人大床 敞闊空間）:HK$549', '點墨舒適大床房（舒適闊境 + 愜意雙人沙發+小度音箱）:HK$597', '種玉榻榻米大床房:HK$597']"
海岸金城大酒店（文昌高鐵站文南老街店）,8.8,"['豪華雙床房:HK$149', '豪華大床房（超大停車場）:HK$149', '豪華家庭房:HK$169', '豪華棋牌雙床房:HK$208']"
山嶼海康養酒店（文昌高隆灣店）,9.1,"['藍慕.高級觀景大床房:HK$300', '聽瀾.輕奢觀景雙床房:HK$300', '黃昏曉.趣享瞰海海景家庭房:HK$376', '蔚藍水岸.奢華一線瞰海海景套房:HK$441']"
文昌航天椰林灣酒店,9.0,"['雅緻雙床房:HK$191', '豪華大床套房:HK$212', '景緻大床房:HK$212', '豪華雙床套房:HK$240']"
格萊登酒店（文昌中學文建路店）,9.6,"['舒心特惠大床房:HK$140', '舒心特惠雙床房（高端飲用水）:HK$140', '貼心高級大床房:HK$161', '貼心高級雙床房:HK$161']"
文昌好年華商務大酒店,8.7,"['行政大床房:HK$201', '豪華大床房:HK$212', '豪華雙床房:HK$254', '娛樂大床房:HK$297']"
善緣居民宿（龍樓鎮店）,9.5,['標準大床房:HK$120']
莫科尼帕萊酒店（文昌店）,9.3,"['清風·鈺享大床房[獨立陽台]:HK$147', '清風·鈺享雙床房:HK$157', '椰林·靜雅雙床房[獨立陽台|田園風格]:HK$157', '私語·尊享豪華套房[超大獨立陽台]:HK$189']"
全季酒店（文昌火車站大潭路店）,9.5,"['大床房:HK$298', '雙床房:HK$317', '高級大床房:HK$326', '商務大床房:HK$354']"
文昌康嘉逸居椰鄉園酒店,8.1,"['園景標準間房:HK$174', '園景麻將大床房:HK$193', '海景標準間房:HK$193', '海景大床房:HK$202']"
雲上·海遇,9.6,"['一線海景大床房『棲海畔』:HK$202', '一線海景大床房（簡約風）:HK$207', '一線海景大床房『風不期』:HK$218', '一線海景大床房『風綴小居』:HK$218']"
文昌索菲亞大酒店,8.6,"['投影大床房:HK$137', '商務大床房:HK$137', '高級雙床房:HK$146', '棋牌大床房:HK$154']"
文昌稱心賓館,9.4,"['豪華雙床房:HK$192', '豪華大床房:HK$192', '麻將房:HK$262']"
陶然智能HOTEL（大致坡店）,9.3,"['優享商務大床房|智能客控:HK$151', '雅緻豪華大床房|智能客控:HK$173', '雅緻豪華雙床房|智能客控:HK$184', '雅緻豪華特大床房‖智能客控:HK$195']"
文昌温德姆至尊豪廷大酒店,9.5,"['雅緻海景大床房:HK$457', '半島園景雙床房:HK$523', '半島園景大床房:HK$545', '豪華海景大床房:HK$632', '超級飛俠主題大床房:HK$709', '豬豬俠主題大床房:HK$709']"
星航雲漫酒店（航天現代城文蔚路店）,9.7,"['雲-智享大床房-航天元素-零壓記憶枕-智能客控-飄窗:HK$255', '雲-智享雙床房-航天元素-零壓記憶枕-智能客控-飄窗:HK$269', '漫-尊享影音大床房-影音投屏-航天元素-零壓記憶枕:HK$311', '雲-温馨景觀大床房-航天元素-零壓記憶枕-智能客控:HK$340']"
