酒店名称,评分,房型价格列表
仟那美宿酒店（新鄉市政府高鐵東站店）,9.6,"['仕居大床房+獨立辦公區|夢百合零壓床墊|零壓枕頭|全屋智能小度|電視投屏|超大LED化粧鏡|冷暖空調開放|落地窗:HK$282', '仕居雙床房+獨立辦公區|夢百合零壓床墊|零壓枕|全屋智能小度|電視投屏|超大LED化粧鏡|冷暖空調開放|落地窗:HK$294', '竹溪雙床房+獨立辦公區|夢百合零壓床墊|零壓枕頭全屋智能小度|電視投屏|超大LED化粧鏡|冷暖空調開放|落地窗:HK$319', '竹溪大床房+獨立辦公區|夢百合零壓床墊|零壓枕|全屋智能小度|電視投屏|超大LED化粧鏡|冷暖空調開放|落地窗:HK$319']"
藍湖商務酒店（新鄉職業技術學院店）,9.6,"['大床房（辦公圓桌+安睡床墊）:HK$164', '雙床房（辦公圓桌+安睡床墊）:HK$172', '豪華大床房（全景落地窗+零壓床墊+辦公桌）:HK$172', '商務大床房（一次性毛巾浴巾+冰箱+零壓床墊）:HK$187']"
新鄉賓館（胖東來二胖店）,9.2,"['樂選雙床房:HK$236', '優選雙床房:HK$269', '優選大床房:HK$285', '逸選大床房:HK$343', '逸選雙床房:HK$343']"
新鄉高新區亞朵X酒店,9.4,"['高級雙床房（記憶深睡枕+可投屏+觀景）:HK$293', '雅緻大床房（記憶深睡枕+可投屏、位置在頭尾）:HK$293', '高級大床房（記憶深睡枕+可投屏+觀景）:HK$305', '行政雙床房（記憶深睡枕+可投屏+觀景）:HK$305', '幾木雙床房（記憶深睡枕+浴袍+小冰箱）:HK$323']"
桔作酒店（新鄉東站市政府店）,9.6,"['觀影榻榻米【金可兒床墊＋智能客控＋空氣凈化器】:HK$224', '雅仕大床房「電視投屏+金可兒床墊+智能客房」:HK$244', '經典雙床房「智能馬桶+金可兒床墊+智能客房」:HK$244', '觀影大床房「百寸投影+金可兒床墊+智能客房」:HK$253']"
新鄉藝悦酒店（寶龍城市廣場店）,9.4,"['藝術空間大床房:HK$278', '藝術空間雙床房:HK$278', '主題大床房:HK$332', '主題雙床房:HK$332', '商務零壓大床房:HK$342']"
墨家印象酒店（寶龍大學城店）,9.5,"['尊享體驗雙床房（城景落地大窗|中央空調）:HK$195', '墨·清和（投影大床房智能設備+落地大窗+中央空調）:HK$216', '墨·靜嫻（原木風雙床房+城景落地大窗+中央空調）:HK$228', '墨·盼兮（國潮大床房智能設備+城景落地大窗+空調）:HK$228']"
新鄉米諾斯酒店（寶龍廣場店）,9.2,"['特惠單人房:HK$180', '舒適雙床房:HK$271', '精緻大床房:HK$271', '舒適大床房:HK$271']"
金邁酒店（新鄉市政府高鐵東站店）,9.3,"['悦賞觀景大床房【全屋智能管家+電視投屏+冷暖空調開放+24小時循環熱水】:HK$210', '悦賞觀景雙床房【全屋智能管家+電視投屏+冷暖空調開放+24小時循環熱水】:HK$210', '悦享觀景大床房【全屋智能管家+電視投屏+冷暖空調開放+24小時循環熱水】:HK$220', '悦享觀景雙床房【全屋智能管家+電視投屏+冷暖空調開放+24小時循環熱水】:HK$220']"
花漾年華酒店（新鄉高鐵東站店）,9.3,"['特惠曼居大床房:HK$171', '景緻洗衣大床房【乳膠床墊＋洗衣機＋全落地窗】:HK$177', '舒適影音大床房【乳膠床墊＋影視VIP＋全落地窗】:HK$180', '尊享商務雙床房【乳膠床墊＋影視會員＋全落地窗】:HK$184']"
城市便捷酒店（新鄉平原路胖東來店）,9.3,"['特惠大床房:HK$178', '高級雙床房:HK$197', '高級大床房:HK$207', '家庭房:HK$254']"
陌上輕居酒店（新鄉南環店）,9.6,"['風韻·雙床房【親膚布草+舒眠床墊+智能客控】:HK$224', '風韻·大床房【親膚布草+舒眠床墊+智能客控】:HK$224', '品學大床房【親膚布草+舒眠床墊+智能客控】:HK$243', '品學·雙床房【親膚布草+舒眠床墊+智能客控】:HK$252']"
星程酒店（新鄉新飛大道店）,9.8,"['大床房（智慧電視可投屏）:HK$261', '高級大床房（智慧電視可投屏）:HK$280', '高級雙床房（智慧電視可投屏）:HK$299', '家庭房（智慧電視可投屏）:HK$346']"
華美酒店（新鄉市政府高鐵東站店）,9.4,"['尊享智能大床房【全屋智能+電視投屏+舒睡好眠】:HK$251', '尊享智能雙床房【全屋智能+冷暖空調+酣暢甜睡】:HK$256', '奢享觀景大床房【全屋智能+電視投屏+冷暖空調+加濕器+180°景觀】:HK$307', '靜享商務三人間【全屋智能+電視投屏+冷暖空調+加濕器+歡樂親朋】:HK$327']"
新鄉芸棲麗景酒店（市政府寶龍廣場店）,9.2,"['悦棲—高級雙床房:HK$142', '筱棲—高級大床房:HK$154', '景棲—豪華大床房:HK$154', '雅棲—豪華雙床房:HK$161']"
新鄉開元名都大酒店,8.7,"['高級雙床房:HK$401', '高級市景大床房:HK$401', '高級園景大床房:HK$401', '豪華市景大床房:HK$429', '豪華市景雙床房:HK$429', '豪華園景大床房:HK$447']"
誠城智臻酒店（新鄉高鐵東站店）,9.6,"['環保標準雙床房:HK$396', '環保標準大床房:HK$396', '環保高級大床房+金可兒床墊丨新風除霾:HK$436', '環保高級雙床房+金可兒床墊丨新風除霾:HK$436', '智能高級雙床房+小度智能:HK$460']"
新鄉中州國際飯店,8.5,"['普通標間:HK$163', '商務雙床房:HK$207', '商務大床房:HK$215', '高級雙床房:HK$259']"
子沐智能酒店（新鄉寶龍瓏寓店）,9.5,['優享大床房（巨幕影院+VIP影視會員+冰箱）:HK$176']
華怡酒店（新鄉高鐵東站店）,9.2,"['優選特惠房:HK$165', '輕奢觀影大床房:HK$177', '輕奢觀影雙床房:HK$184', '元-舒睡大床房（55寸智能電視|影視VIP）:HK$197']"
新鄉國際會議中心雷迪森酒店,9.4,"['經典大床房（荷里活床）:HK$597', '豪華雙床房:HK$748', '豪華大床房:HK$759', '行政雙床房:HK$780', '行政大床房:HK$791', '豪華行政客房:HK$834']"
森元酒店（新鄉河師大萬達廣場店）,9.3,"['商務大床房（金可兒床墊+智能馬桶）:HK$226', '輕奢大床房（金可兒床墊+智能馬桶）:HK$235', '行政標準間（金可兒床墊+智能馬桶）:HK$235', '舒適標準間（金可兒床墊+智能馬桶）:HK$244']"
仟那美宿酒店（新鄉店）,9.3,"['仕居·大床房（零壓枕頭+投屏電視+智控窗簾）:HK$216', '仕居·雙床房（零壓枕頭+投屏電視+智控窗簾）:HK$238', '竹溪·大床房（零壓枕頭+投屏電視+智控窗簾）:HK$249', '4K巨幕影院·大床房-電影暢享&百寸超清熒屏＋智能客控:HK$260']"
新鄉來旺達輕居酒店（DL胖東來·大胖店）,9.1,"['宜居大床房:HK$268', '高級商務大床房:HK$283', '雅緻雙床房:HK$315', '雅緻大床房:HK$315']"
餘悦麗致酒店（新鄉河師大萬達廣場店）,9.5,"['餘悦大床房:HK$202', '悦享大床房:HK$217', '零壓商務大床房:HK$234', '餘悦雙床房:HK$247']"
城市藝術酒店（胖東來店）,9.2,"['圓床房（無窗）:HK$168', '日式大床房（無窗）:HK$179', '舒適大床房（無窗）:HK$182', '雅緻大床房:HK$190']"
佛力得假日酒店（新鄉平原路胖東來店）,7.7,"['特價房:HK$87', '標準間:HK$94', '精品雙床房:HK$103', '標準大床房:HK$103']"
新鄉布法羅花園酒店（寶龍廣場大學城店）,9.3,"['尊享體驗房:HK$175', '陽光大床房:HK$207', '陽光雙床房:HK$207', '景觀大床房:HK$224']"
新鄉安泊酒店,9.4,"['商務大床房「金可兒床墊＋電視投屏+乾濕分離」:HK$256', '商務雙床房「金可兒床墊＋電視投屏+乾濕分離」:HK$256', '行政大床房「金可兒床墊＋智能馬桶+迷你冰箱」:HK$273', '行政雙床房「金可兒床墊＋智能馬桶+乾濕分離」:HK$273', '豪華浴缸房「金可兒床墊＋超大浴缸+浴袍」:HK$320']"
新鄉唯美酒店（胖東來店）,8.0,"['美住標準間:HK$169', '美住大床房:HK$177', '美奢大床房:HK$296', '唯美輕奢標間:HK$392']"
艾德品悦酒店（新鄉火車站中心醫院店）,8.8,"['艾悦大床房:HK$180', '艾悦雙床房:HK$210', '智能按摩大床房:HK$240', 'IMAX巨幕影音大床房:HK$240']"
尚客優品酒店（新鄉牧野大道南環路店）,9.7,"['優品大床房:HK$152', '優享雙床房:HK$196', '優享大床房:HK$218', '優悦影音大床房:HK$251']"
新鄉上禧酒店（寶龍廣場店）,9.3,"['上禧體驗房（全屋智能+獨立冰箱、洗衣機）:HK$235', '高級行政大床房（全屋智能+獨立冰箱、洗衣機）:HK$267', '上禧商務大床房（全屋智能+獨立冰箱、洗衣機）:HK$267', '輕致大床房（全屋智能+獨立冰箱、洗衣機）:HK$283']"
陌上輕居酒店（新鄉河師大平原湖校區店）,9.8,"['品學·大床房【落地窗+親膚布草+舒眠床墊+智能客控】:HK$205', '風韻·雙床房【親膚布草+舒眠床墊+智能客控】:HK$205', '風韻·大床房【親膚布草+舒眠床墊+智能客控】:HK$205', '雅緻·大床房【落地窗+親膚布草+舒眠床墊+智能客控】:HK$234']"
新鄉上禧酒店（DL胖東來店）,9.0,"['商務大床房（全屋智能/獨立冰箱/洗衣機）:HK$260', '行政大床房（全屋智能/獨立冰箱/洗衣機）:HK$283', '豪華雙人間（全屋智能/獨立冰箱/洗衣機）:HK$318']"
茉莉酒店（新鄉寶龍廣場店）,9.7,"['茉時光優享大床房（中央空調+一次性馬桶墊+瓶裝水+乳膠床墊）:HK$183', '茉嘉年觀影大床房（中央空調+一次性馬桶墊+洗臉巾+巨幕影院）:HK$204', '喜悦時尚巨幕觀影房（影視會員+一次性馬桶墊+洗臉巾）:HK$224', '茉見山影院大床房（影視會員+一次性馬桶墊+乳膠床墊）:HK$227']"
格林豪泰（新鄉勞動南街臧營橋店）,9.5,"['特價大床房:HK$153', '大床房:HK$174', '豪華大床房:HK$184', '雙床房:HK$184']"
漫鹿Ins設計酒店（新鄉金穗大道寶龍廣場店）,9.7,"['漫選特惠房:HK$161', '時代輕奢雅緻大床房:HK$169', '逆時空投影大床房:HK$188', '城市觀景 雙床房:HK$195']"
仟那酒店（新鄉華蘭大道胖東來購物廣場店）,9.4,"['仕居精緻大床房（獨立辦公區丨休閑桌椅茶具丨電視投屏）:HK$223', '竹溪精品雙床房（獨立辦公區丨可拼床）:HK$260', '零壓竹溪大床房（獨立辦公區丨夢百合零壓床墊枕頭丨休閑桌椅茶具丨電視投屏）:HK$269', '零壓竹溪雙床房（夢百合零壓床墊丨可拼床）:HK$288']"
新鄉雙子座酒店（寶龍廣場店）,9.4,"['特價大床房（無空調）:HK$166', '特價雙床房（無空調）:HK$179', '輕奢大床房[中央空調]:HK$192', '輕奢標準間[中央空調]:HK$206']"
故適酒店（寶龍3號樓店）,9.3,"['優享大床房（金可兒床墊）:HK$256', '商務大床房（金可兒床墊）:HK$270', '舒適大床房（金可兒床墊）:HK$284', '商務雙床房（金可兒床墊）:HK$298']"
雲麓酒店（寶龍廣場店）,9.5,"['雲心•悦享大床房:HK$192', '舒適大床房:HK$200', '標準雙人間:HK$223', '雲觀•臻享大床房:HK$223']"
新鄉大酒店（DL胖東來·大胖店）,8.5,"['舒適大床房:HK$357', '舒適雙床房:HK$357', '高級雙床房:HK$431', '高級大床房:HK$431']"
墨家印象酒店（新鄉寶龍廣場店）,8.8,"['尊享體驗房:HK$226', '精緻商務大床間:HK$233', '舒適雙床房:HK$254', '輕奢特大床房:HK$254']"
新鄉賓館快捷樓（胖東來二胖店）,8.4,['快捷樓雙人間:HK$137']
星願酒店（新鄉高鐵東站店）,8.6,"['錦時|特惠loft大床房:HK$155', '超特惠大床房:HK$157', '玖月|臻選loft大床房:HK$177', '花澗|尊享loft大床房:HK$177']"
袋鼠的家民宿（新鄉寶龍廣場店）,9.6,"['豪華大床房:HK$279', '温馨舒適雙床房:HK$279', '豪華投影大床房:HK$279', '江南夜色雙床房:HK$279']"
漢庭酒店（新鄉市政府店）,9.7,"['高級大床房A（電視投屏）:HK$266', '雙床房（電視投屏）:HK$276', '高級大床房（電視投屏）:HK$286', '高級雙床房（電視投屏）:HK$312']"
桃李春風酒店（新鄉河師大萬達廣場店）,9.7,"['商務雙床房:HK$360', '商務大床房:HK$361', '豪華大床房:HK$393', '行政套房:HK$1,310']"
新岸美居深睡酒店,9.2,"['舒適大床房:HK$184', '舒適雙床房:HK$184', '豪華大床房:HK$221', '豪華雙床房:HK$221']"
