酒店名称,评分,房型价格列表
雲朵·裏酒店（昆明老街翠湖公園店）,9.4,"['智能優選大床房（智能客控+零壓床墊+液晶電視）:HK$403', '智能商務大床房（智能客控+記憶枕+液晶電視）:HK$425', '智能設計師舒適大床房（智能客控+記憶枕+零壓床墊）:HK$447', '智能商務雙床房（智能客控+記憶枕+液晶電視）:HK$469', '智能設計師豪華大床房（智能客控+投影屏+零壓床墊）:HK$469']"
昆明華顧酒店（長水國際機場鉑港現代廣場店）,9.6,"['優享雙床房（智能小愛管家+深睡眠零壓床）:HK$268', '優享大床房（智能小愛管家+深睡眠零壓特大床）:HK$276', '商旅雙床房（智能小愛管家+深睡眠零壓床+舒適親膚羽絨被）:HK$305', '商旅大床房（智能小愛管家+深睡眠零壓特大床+舒適親膚羽絨被）:HK$305', '樂享親子大床房（智能小愛管家+深睡眠零壓特大床+迷你茶具）:HK$498']"
金碧會館酒店（南屏步行街金馬碧雞坊店）,9.6,"['雲初大床房:HK$480', '南見大床房:HK$524', '榻榻米房:HK$579', '文藝歐派套房（一室一廳）:HK$983', '庭院景觀套房（茶室會客區+獨立花園）:HK$1,093']"
昆明君安酒店（大學城高鐵南站店）,9.5,"['小度AI｜高級景觀大床房【智能客控+高空外景】:HK$306', '小度AI｜高級景觀雙床房【智能客控+高空外景】:HK$329', '小度AI｜高級投影雙床房【智能客控+高空外景】:HK$360', '小度AI｜豪華影音大床房【智能客控+3D投影+高空外景】:HK$371', '小度AI｜豪華影音雙床房【智能客控+3D投影+高空外景】:HK$382']"
昆明滇之南酒店（昆明長水國際機場店）,9.5,"['美致-園景大床房【零壓床+智能客控+商務辦公桌+榻榻米茶台+舒適沙發+落地彩窗】:HK$266', '美致-園景雙床房【零壓床+品質好睡眠+智能客控+榻榻米茶台+商務辦公桌】:HK$285', '雅豪-MAX雲逸投影大床房【巨幕投影+零壓床+觀影VIP會員+智能客控+日式榻榻米茶台+大空間】:HK$289', '雅豪-MAX雲逸投影雙床房【巨幕投影+零壓床+觀影VIP會員+智能客控+商務辦公桌+日式榻榻米+茶台+大空間】:HK$296']"
美豪麗致酒店（昆明長水機場店）,9.5,"['雅緻城景大床房（零壓床墊+智能客控）:HK$210', '雅緻城景雙床房（零壓床墊+智能客控）:HK$221', '靜雅城景特大床（零壓床墊+智能客控）:HK$232', '靜雅城景投影雙床房（零壓床墊+智能客控）:HK$243', '麗致茶藝棋牌房（零壓床墊+智能客控）:HK$254']"
昆明官渡希爾頓歡朋酒店,9.6,"['高級大床房:HK$599', '高級雙床房:HK$599', '豪華雙床房:HK$642', '豪華商務大床房:HK$686', '豪華親子房:HK$730']"
龍貓精靈酒店（昆明老街南屏街店）,9.4,"['螢火之森雅緻日式大床房-智能投屏:HK$397', '千與千尋悦享簡約大床房-温馨舒適:HK$416', '龍貓温馨舒適親子雙床房-歡樂時光:HK$460']"
