酒店名称,评分,房型价格列表
昌江佳和鐵礦迎賓館,9.4,"['仲夏院景大床房【智能客控+觀庭院景+軟硬護頸枕】:HK$180', '望山觀景大床房【軟硬護頸枕+輕奢沙發+辦公桌椅】:HK$202', '逸心舒睡雙床房【智能客控+高定零壓床墊+觀山景】:HK$223', '怡然庭院大套房【新中式風格+會客空間+深睡護脊床墊】:HK$321', '山居靜謐大套房【智能客控+定製沙發+會客空間】:HK$373']"
希爾悅酒店（昌江縣政府店）,9.5,"['希雅智能大床房（全屋客控+觀景窗）:HK$216', '希爾智能大床房（記憶枕芯+舒適護頸）:HK$239', '希爾智能雙床房（65寸超大屏幕電視+零壓床品）:HK$267', '希悦商務大床房（商務辦公+全屋乾濕分離）:HK$274']"
日月明智慧酒店（昌江縣政府店）,9.4,"['高級大床房:HK$176', '豪華大床房:HK$189', '豪華雙床房:HK$202', '樂享智能影音大床房[全屋智能+巨幕影院+沉浸式視聽]:HK$202']"
城市便捷酒店（昌江大道恆基廣場店）,9.3,"['標準大床房（舒壓床墊+盡攬都市景）:HK$155', '高級大床房（電視投屏+攬都市/田林落日景）:HK$155', '高級雙床房（舒壓床墊+電視投屏）:HK$162', '豪華大床房（舒壓床墊+電視投屏）:HK$175']"
宜尚酒店（昌江石碌店）,9.6,"['智能大床房（智能客控+乾濕分離+舒適沙發）:HK$324', '智能雙床房（智能客控+乾濕分離+悠享辦公）:HK$331', '山景大床房（智能客控+觀賞山景+乾濕分離）:HK$365', '山景雙床房（智能客控+視野開闊+乾濕分離）:HK$373']"
艾瑞假日酒店（昌江店）,9.2,"['舒適大床房（視野開闊+舒適睡眠）:HK$171', '舒適雙床房（視野開闊+舒適睡眠）:HK$178', '浪漫圓床房（舒適睡眠+浪漫風情）:HK$181', '豪華大床房（瞰城市夜景+公區提供洗衣房）:HK$190']"
格林豪泰智選酒店（昌江大道店）,9.3,"['高級大床房[舒適零壓床墊+手機投屏+酒店公區提供自助洗衣房]:HK$196', '豪華大床房[舒適零壓床墊+寬創明亮+手機投屏+酒店公區提供自助洗衣房]:HK$205', '豪華雙床房[舒適零壓床墊+寬敞明亮+手機投屏+酒店公區提供自助洗衣房]:HK$210']"
昌江木棉鉑金酒店,8.9,"['特色大床房:HK$205', '特色雙床房:HK$205', '豪華大床房:HK$266', '豪華雙標房:HK$274']"
維也納酒店（昌江大道店）,9.2,"['標準大床房（智能客房+獨立WiFi）:HK$234', '電競大床房:HK$234', '高級大床房（智能客房+高速上網+網絡電視）:HK$266', '電競套房:HK$286']"
西海岸海景民宿,8.7,"['新中式大床房:HK$201', '270度觀景陽台大床房:HK$211', '臨海温馨雙床房:HK$222', '2室一廳海景麻將套房:HK$425']"
昌江石碌鴻嘉裕迎賓大酒店,8.9,"['迎賓花苑雙人房:HK$147', '舒適雙人房:HK$167', '温馨雙人房:HK$206', '寬敞雙人房:HK$229']"
海南希望·棋子灣家園度假酒店,8.9,"['高級園景單卧大床套房:HK$576', '高級園景單卧雙床套房（園林景觀+洗衣機+浴缸）:HK$576', '高級海景單卧大床套房:HK$639', '高級海景單卧雙床套房:HK$639', '高級園景親子大床套房:HK$701', '高級園景親子雙床套房:HK$701']"
明洋棋子灣民宿,9.8,"['明洋棋子灣小角1號輕奢大床房:HK$214', '明洋棋子灣中角6號:HK$214', '明洋棋子灣小角3號輕奢大床房:HK$214', '明洋棋子灣小角2號輕奢大床房:HK$214']"
尋美棋子灣民宿,9.2,"['温柔治癒臨海大床房:HK$190', '原木風觀海愜意大床房:HK$190', '輕奢度假悠閑海島大床房:HK$203', '臨海禪心清雅大床房:HK$203']"
海南萬國棋子灣海灘大酒店,8.8,"['豪華雙床房:HK$559', '觀海雙床房:HK$584', '觀海大床房:HK$584', '迎海雙床房:HK$774', '迎海大床房:HK$774', '攬海大床房:HK$872']"
柏雅軒智慧酒店（昌江人民北路店）,9.5,"['椰夢·投影大床房:HK$163', '椰夢·投影雙床房:HK$167', '享夢·舒適雙床房:HK$170', '夢尋·園景雙床房:HK$170']"
寓米度假公寓（昌江棋子灣店）,8.0,"['園景大床房:HK$170', '園景雙床房:HK$187', '園景親子雙床房:HK$202', '海景大床房:HK$210']"
昌江棋子灣旅遊度假驛站,9.7,"['温馨山景大床房:HK$231', '温馨山景家庭房:HK$277', '精選海景大床房:HK$291', '優選海景大床房:HK$311']"
昌江嘉華酒店,9.4,"['高級雙床房（舒適睡眠+酒店公區提供洗衣房）:HK$114', '精緻温馨房（温馨睡眠+公區提供洗衣）:HK$120', '高級大床房（舒適睡眠+酒店公區提供洗衣房）:HK$123', '財源滾滾麻將大床房（舒適睡眠+酒店公區提供洗衣房）:HK$158']"
昌江景滙酒店（人民北路恆基廣場店）,9.3,"['雅緻靜逸雙床房（舒適睡眠+酒店公區洗衣房）:HK$111', '灣景豪華大床房（舒適睡眠+公區提供洗衣服務）:HK$111', '灣景豪華雙床房（舒適睡眠+公區提供洗衣服務）:HK$119', '雅緻靜逸大床房（舒適睡眠+公區提供洗衣房）:HK$127']"
佳捷精品酒店（昌江縣政府店）,8.8,"['情侶圓床房:HK$160', '温馨大床房:HK$160', '佳和雙床房:HK$169', '佳和大床房:HK$169']"
昌江西雅海景賓館,8.9,"['夫妻房:HK$140', '標準間:HK$151', '豪華大床房:HK$173', '親子房:HK$173']"
萌亞度假酒店,9.0,"['舒適大床房:HK$365', '舒適雙床房:HK$365', '雅緻大床房:HK$425', '雅緻雙床房:HK$425']"
海南棋子灣開元度假村,9.3,"['園景雙床房:HK$609', '庭院大床房:HK$672', '景觀雙床房:HK$708', '景觀大床房:HK$708', '開元親子庭院大床房:HK$768', '開元親子大床房:HK$768']"
灣沙地民宿,8.1,['豪華商務房:HK$230']
昌江觀山近海舍民宿,9.3,"['特價雙床房:HK$183', '觀山雙床房:HK$194', '觀山大床房:HK$205', '觀山近海雙床房:HK$205']"
昌江春陽酒店（恆基廣場店）,8.0,"['商務大床房:HK$151', '商務雙標房:HK$162', '山景大床房:HK$162', '麻將雙床房:HK$194']"
昌江海塘旅租,10.0,"['舒適大床房:HK$165', '舒適標準間:HK$174', '海景單人大床房:HK$174', '海景雙人房:HK$184']"
海憶民宿,10.0,"['舒適大床房:HK$147', '陽台大床房:HK$164', '雙床房:HK$183']"
昌江成漢旅館,8.8,"['雙人間:HK$110', '單人間:HK$110', '豪華大床房:HK$221']"
昌江金蘭島酒店,8.5,"['特惠大床房:HK$124', '標準大床房:HK$134', '標準雙床房:HK$154', '浪漫圓床房:HK$154']"
昌江林之松賓館,8.8,"['景觀雙床房:HK$110', '豪華情侶房:HK$111', '標準大床房:HK$118', '標準雙人房:HK$128']"
昌江名典賓館,8.8,"['標準大床房:HK$64', '標準雙人房:HK$69', '豪華麻將雙床房:HK$110', '三房一廳:HK$147']"
昌江樂源精品酒店,8.3,"['山景豪華大床房:HK$119', '精品標準雙床房:HK$120', '園景豪華標準間:HK$131', '山景豪華雙床房:HK$148']"
昌江林生旅租,8.7,"['大床房:HK$100', '雙人間:HK$110']"
昌江風情民宿,7.9,"['標準園景雙床房:HK$314', '觀景標準間:HK$511', '觀景大床房:HK$533', '觀景三人房:HK$620']"
昌江福梅賓館,9.2,"['標準雙床房:HK$129', '舒適大床房:HK$140', '舒適親子房:HK$151', '棋牌房:HK$162']"
昌江金蘭島商務賓館,9.0,"['舒適標間:HK$109', '舒適大床房:HK$109', '優享麻將大床房:HK$155']"
昌江正和民宿,7.4,"['麻將大床房:HK$151', '陽光雙床房:HK$162', '豪華雙人間:HK$173']"
昌江維尼斯主題賓館,7.0,"['豪華雙標:HK$106', '豪華標準單人房:HK$136', '浪漫大床房:HK$155', '豪華套房:HK$184']"
昌江永昇旅租（農行北路昌江汽車站店）,7.9,"['仲夏 l 舒適特惠大床房:HK$96', '標準雙床房:HK$97', '星辰 l 甄選豪華雙床房:HK$98', '特惠雙床房:HK$106']"
昌江進康旅租,7.6,"['精品雙床房:HK$101', '麻將大床房:HK$119', '麻將雙床房:HK$128', '三人間:HK$147']"
海核民宿館,5.7,"['雅緻標間:HK$156', '雅緻大床房:HK$156', '豪華大床房:HK$184', '豪華標間:HK$184']"
昌江萬豪假日賓館,6.2,"['特價大床房:HK$107', '豪華雙床房:HK$129', '大床房:HK$129', '豪華大床房:HK$173']"
昌江木棉灣客棧,5.8,"['單人房:HK$140', '雙人房:HK$151']"
鑫馬賓館,4.9,"['標準大床房:HK$84', '標準雙床房:HK$91', '麻將大床房:HK$99']"
昌江桂迎民宿,2.0,"['精選大床房:HK$142', '豪華大床房:HK$142', '歐式榻榻米雙標:HK$151', '歐式豪華雙標:HK$152']"
昌江浪悦黎奢民宿,9.0,[]
