酒店名称,评分,房型价格列表
文慧酒店,8.3,"['豪華大床房:HK$413', '豪華雙床房:HK$435']"
昌都康濠皇冠大酒店,9.1,"['歐式經典大床房:HK$238', '歐式經典雙床房:HK$273', '供氧·歐式經典大床房:HK$309', '供氧·歐式經典雙床房:HK$332']"
西礦玉龍大酒店,8.4,"['豪華大床房:HK$435', '豪華雙床房:HK$435', '豪華套房:HK$751']"
巴氏酒店,8.6,"['特價小單間:HK$142', '地暖小單間:HK$151', '温馨地暖小標間:HK$153', '温馨地暖單人房:HK$162']"
昌都金泰名人酒店,7.2,"['高級單間:HK$582', '高級標間:HK$604', '豪華單間:HK$775', '豪華標間:HK$775']"
卡若區棲岸酒店,8.3,"['温馨大床房:HK$190', '江景大床房:HK$197', '温馨雙床房:HK$197', '三人房:HK$226']"
昌都凱瑞酒店,8.5,"['舒適單間:HK$305', '經濟標間:HK$305', '標準雙床房:HK$416', '陽光大床房:HK$416']"
重慶賓館,8.8,"['舒適大床房:HK$325', '舒適雙床房:HK$336', '舒適三床房:HK$358']"
利爾主題酒店,7.6,"['温馨小單間:HK$199', '温馨雙床房:HK$225', '浪漫大床房:HK$234', '江景大床房:HK$260']"
昌都瑞泰酒店,9.1,"['經濟大床房:HK$226', '經濟雙人間:HK$242', '豪華大床房:HK$271', '豪華雙人間:HK$300']"
觀嵐酒店（昌都店）,9.4,"['標準大床房:HK$290', '標準雙床房:HK$290', '智能雙床房:HK$299', '智能大床房:HK$309']"
昌都嘉炅幸福大酒店（茶馬廣場店）,8.3,"['特價大床房:HK$402', '精緻大床房:HK$411', '豪華大床房:HK$421', '豪華雙床房:HK$431']"
夢達酒店,9.3,"['温馨大床房:HK$202', '豪華大床房:HK$212', '陽光豪華雙床房:HK$240']"
昌都金美賓館,8.9,"['特價單間:HK$116', '標準雙床房:HK$127', '標準大床房:HK$138', '舒適陽光雙床房:HK$145']"
無同山居民宿,8.6,"['山居標間:HK$281', '陽光大床房:HK$308', '山居大床房（榻榻米）:HK$308', '茶道大床房（榻榻米）:HK$346']"
昌都富城酒店,8.8,['特價房（地暖+新風系統）:HK$218']
昌都納斯卡酒店（茶馬廣場店）,7.0,"['特惠雙人房:HK$218', '標準雙床房:HK$358', '豪華大床房:HK$383', '豪華親子房:HK$460']"
泓帆家庭賓館,8.0,"['標準大床房:HK$109', '標準雙床房:HK$134']"
昌都昌悦賓館,8.2,"['特價大床房:HK$151', '特價標準間:HK$151', '標準間:HK$183', '標準大床房:HK$183']"
昌都君歸酒店,8.2,"['標準大床房:HK$186', '陽光標準雙床房:HK$194', '三人套房:HK$247']"
昌都友家賓館,8.9,"['標準雙床房:HK$145', '標準大床房:HK$145', '地暖舒適大床房:HK$165', '地暖標準雙人間:HK$165']"
昌都益美優質酒店,8.1,"['舒適大床房:HK$190', '舒適標準間:HK$190', '舒適三人間:HK$225']"
盡如人意酒店,6.4,"['豪華單間:HK$216', '普通標準間:HK$218', '豪華雙人房:HK$271']"
宗卡·酒店,6.9,"['特價單間（地暖）:HK$183', '大床房（地暖）:HK$216', '經濟標間（地暖）:HK$216', '三人房（地暖）:HK$238']"
昌都金川酒店,6.7,"['標間:HK$267', '豪華單間:HK$305', '豪華標間:HK$314']"
昌都班視昌賓館,6.8,"['單間:HK$262', '普通標準間:HK$262', '大床房:HK$328', '舒適標準間:HK$350']"
白瑪嶺温泉康養灑咧城,9.1,"['舒適雙床房:HK$403', '舒適製氧雙床房:HK$434', '豪華套房:HK$655', '温泉大床房:HK$917', '温泉浴缸套房:HK$1,366']"
戈菲大酒店,9.2,"['輕奢大床房（天然乳膠床墊+恆温地暖+美的加濕器）:HK$340', '智能大床房（乳膠床墊+恆温地暖+美的加濕器）:HK$348', '輕奢雙床房（天然乳膠床墊+恆温地暖+美的加濕器）:HK$349', '智能雙床房（乳膠床墊+恆温地暖+美的加濕器）:HK$358']"
八宿川楚大酒店（318國道店）,8.5,"['特惠大床丨臨街觀山景【小冰箱-加濕器】:HK$374', '商務大床|巨幕投影【VIP會員-供氧機-加濕器】:HK$422', '商務標間|觀山景【暖氣-加濕器-智能鏡-足浴桶】:HK$423', '高級標間|智能房型【智能客控·彌散供氧·智能馬桶】:HK$492']"
察雅米亞酒店,9.8,"['幾木大床房:HK$391', '幾木雙床房:HK$413', '行政大床房:HK$435', '雅緻大床房:HK$462']"
柏宜富氧酒店（然烏湖店）,9.1,"['供氧地暖·奢簡温馨大床房（彌散式供氧+加濕器·懶人沙發）:HK$393', '供氧地暖·望湖觀雪奢簡雙床房（彌散式供氧+加濕器+懶人沙發）:HK$435', '特惠優享雙床房:HK$445', '供氧地暖·望湖觀雪奢簡大床房（彌散式供氧+加濕器+懶人沙發）:HK$454']"
芒康雲曲莊園酒店,9.5,"['高級大床房:HK$590', '高級雙床房:HK$601', '豪華大床房:HK$601', '山景私湯大床房:HK$1,070', '觀瀾私湯雙床房:HK$1,180']"
泗季酒店（左貢縣人民政府店）,8.1,"['特惠清境臻選大床房（高原製氧機+全棉親膚舒滑床品）:HK$489', '清境·臻選大床房（高原製氧機+小度智能客控+靜音加濕器+全棉親膚舒滑床品+中央空調+高速負離子吹風機）:HK$556', '清境·臻選雙床房（高原製氧機+小度智能客控+靜音加濕器+全棉親膚舒滑床品+中央空調+高速負離子吹風機）:HK$579', '清境·臻選套房（高原製氧機+小度智能客控+靜音加濕器+小冰箱+保險櫃+全棉親膚舒滑床品+中央空調+戴森吹風機）:HK$962']"
八宿康城供氧酒店（318國道縣政府店）,9.4,"['供氧·藏韻光影零壓大床房「製氧機+加濕器+高密度遮光簾」:HK$568', '供氧·藏韻光影零壓雙床房「製氧機+加濕器+高密度遮光簾」:HK$579', '供氧·陽光雪域觀景大床房「製氧機+加濕器+觀景視野」:HK$589', '供氧·陽光雪域觀景雙床房「製氧機+加濕器+觀景視野」:HK$599', '供氧·高原觀景雙拼大床房:HK$644']"
察雅珊瑚酒店,8.5,"['夢逸精緻大床房:HK$252', '靜享清雅大床房:HK$265', '靜享清雅雙床房:HK$296', '攬山河景大床房:HK$299']"
類烏齊喜悦酒店,8.9,"['大床房（製氧+加濕器）C:HK$271', '標準雙床房（製氧機+加濕器）:HK$304', '豪華標間（製氧+加濕器）C:HK$304', '家庭房（製氧+地暖+加濕器）C:HK$336']"
察雅麗豪酒店,8.6,"['高級雙床房:HK$151', '高級大床房:HK$151', '輕奢地暖雙床房:HK$229', '豪華三人間:HK$240']"
漢騰商務公寓,8.1,"['舒適標準間:HK$130', '舒適大床房:HK$141']"
左貢維爾納國際酒店,9.4,"['高級大床房（加濕器）:HK$418', '高級雙床房（加濕器）:HK$437', '商務大床房（加濕器）:HK$476', '商務雙床房（加濕器）:HK$495']"
鉑蔓輕奢酒店,9.2,"['柒月·輕奢大床房（空調+乳膠床墊+加濕器）:HK$182', '柒月.輕奢雙床房（空調+乳膠床墊+加濕器）:HK$182', '捌月.豪華大床房（空調+乳膠床墊+加濕器）:HK$225']"
八宿泰洪主題酒店,9.3,"['歐式豪華空調大床房:HK$293', '中式豪華空調標間:HK$315', '歐式豪華空調標間:HK$316', '中式豪華三人間:HK$402']"
帝標大酒店（318國道政府店）,9.6,"['高級雙床房（供氧+智能客控）:HK$620', '高級大床房（供氧+智能客控）:HK$642', '供氧-豪華山景雙床房（供氧+加濕器+酒店提供自助洗衣房+智能客控）:HK$795', '供氧-豪華山景大床房（供氧+加濕器+酒店公區提供自助洗衣機+智能客控）:HK$795', '供氧- 輕奢行政大床房（供氧+加濕器+酒店提供自助洗衣房+智能客控）:HK$970']"
千頌供氧酒店（318國道八宿縣政府店）,9.6,"['享悦丨豪華大床房（彌撒供氧+空調+加濕器+智能管家）:HK$384', '雅緻丨豪華雙床房（彌撒供氧+空調+加濕器+智能管家）:HK$409', '輕享丨觀影大床房（彌撒供氧+空調+加濕器+智能管家）:HK$409', '悦享丨觀影雙床房（彌撒供氧+空調+加濕器+智能管家）:HK$420']"
類烏齊睿軒智慧酒店,8.7,"['投影大床房（地暖+氧氣機+加濕器+送兩瓶水+停車場）:HK$375', '投影雙床房（地暖+氧氣機+加濕器+送兩瓶水+停車場）c:HK$392', '投影尊享雙床房（地暖+氧氣機+加濕器+送兩瓶水+停車場）:HK$408', '投影尊享三人房（地暖+氧氣機+加濕器+送三瓶水+停車場）:HK$441']"
江達宗託酒店,10.0,"['舒適大床房:HK$305', '舒適雙床房:HK$305']"
萬紅酒店（多拉神山店）,9.2,"['温馨大床房【加濕器+公區洗衣機+獨立空調】:HK$243', '標間【公區洗衣機+獨立空調+加濕器】:HK$253', '舒適三人間[公區自助洗衣機+獨立空調+加濕器]:HK$264']"
察雅晨通商務酒店,9.2,"['温馨大床房:HK$164', '標準間:HK$173', '多人商務套房:HK$304']"
江達雅琸蒼民宿客棧,8.9,"['大床房:HK$172', '雙床房:HK$172']"
察雅佳圓賓館,8.4,"['單人間:HK$147', '標準雙人間:HK$147', '高級三人間:HK$194']"
察雅多崇大酒店,9.6,"['大床房:HK$212', '標準雙床房:HK$221', '豪華標間:HK$221', '豪華雙人間:HK$267']"
