酒店名称,评分,房型价格列表
汕頭DIOTEL潮酒店,9.5,"['潮雅·春風竹裏（潮雅大床房）:HK$701', '潮雅·品竹彈絲（潮雅雙床房）:HK$701', '潮雅·青竹丹楓（潮雅精緻大床房）:HK$823', '潮風套房:HK$1,055', '潮雅·松茂竹苞（潮雅套房）:HK$1,269', '潮頌嘉年華大床房:HK$1,482']"
汕頭萬象城逸居酒店,9.4,"['逸居智能大床房（騰訊vip影院）:HK$475', '逸景影音大床房（全智能聲控）:HK$518', '逸景影音雙床房（4K影院）:HK$535', '日式榻榻米影音房（日式茶座）:HK$620', '逸居親子雙床房（親子主題）:HK$705']"
譽house高空海景Loft公寓（汕頭高鐵站店）,9.5,"['譽House·茉莉花道（高空城景）:HK$327', '譽House·編織夢境（高空城景）:HK$327', '譽House·晚橋暗木（都市城景）:HK$370', '譽House·菲林交卷（都市城景）:HK$370']"
汕頭潮宏基城際酒店,9.5,"['城際大床房:HK$904', '高級雙床房:HK$984', '高級大床房:HK$984', '高級海景大床房:HK$1,105', '高級海景雙床房:HK$1,105', '山景家庭房:HK$1,357']"
山禾裏·侘寂美學民宿（萬象城店）,9.6,"['標準房:HK$523', '標準大床房:HK$643', '雙床房:HK$730', '豪華大床房:HK$861']"
山禾裏·宋代美學庭院（汕頭小公園店）,9.6,"['室外桃園·大床房·一樓庭外:HK$678', '浮生半日·大床房:HK$905', '逸趣生活·雙床房:HK$905', '煙火少城·大床房:HK$1,115', '舒適謐境·豪華大床房·內庭:HK$1,115']"
汕頭小公園宿町酒店,9.7,"['榻榻米大床房-有窗:HK$468', '經典大床房-有窗:HK$556', '經典雙床房-通風窗:HK$556', '雅緻大床房-有窗:HK$643']"
汕頭萬象城金砂東路亞朵酒店,9.5,"['高級大床房:HK$753', '行政大床房:HK$843', '尊享親子大床房:HK$933', '高級雙床房:HK$960', '行政享浴大床房:HK$1,041']"
汕頭國廈萬豪酒店,9.5,"['豪華城景大床房:HK$1,401', '城市海灣雙景大床房:HK$1,528', '豪華城景雙床房:HK$1,528', '城市海灣雙景雙床房:HK$1,656', '海灣全景大床房:HK$1,783', '海灣全景雙床房:HK$1,783']"
DOTTEL德沃特酒店,9.6,"['綠景·舒適大床房:HK$470', '睡夢·舒適大床房:HK$491', '綠景·高級大床房:HK$525', '綠意·高級雙床房:HK$525']"
沐豐裏·公館（小公園汕頭旅社店）,9.8,"['風華絕代·雅緻大床房:HK$621', '僑夢港灣·潮聚雙床房:HK$731', '一夢芳華·韻味大床房:HK$731', '繁花似錦·摩登大床房:HK$839']"
樸舍民宿（萬象城店）,9.7,"['大椿 （會員巨幕投影+洗烘一體機）:HK$370', '棲夢 （會員巨幕投影+禪意吧枱+大圓床房）:HK$413', '沐陽 （會員巨幕投影+禪意吧枱）:HK$413', '一隅（會員巨幕投影+觀景陽台+超大圓床房）:HK$457']"
汕頭東海岸萬象滙喆啡鋭品酒店,9.7,"['品韻大床房:HK$446', '品致大床房:HK$479', '品致雙床房:HK$504', '鋭品大床房:HK$554', '鋭趣家庭房:HK$737']"
木棉道17號·coffee民宿（汕頭小公園店）,9.8,"['穀雨-景觀高端大床房（戴森吹風機+TOTO全套淋浴間+Bingo投影儀+慕思床墊）:HK$1,007', '冬至-景觀大床房（戴森吹風機+TOTO全套淋浴間+Bingo投影儀+慕思床墊）:HK$1,136', '白露-扇形窗景觀-榻榻米雙床房（戴森吹風機+TOTO全套淋浴間+Bingo投影儀+慕思床墊）:HK$1,266', '小滿-盒型設計·豪華大床房（戴森吹風機+TOTO全套淋浴間+Bingo投影儀+慕思床墊）:HK$1,396']"
汕頭高鐵站希爾頓歡朋酒店,9.6,"['舒適大床房:HK$585', '高級大床房:HK$638', '舒適雙床房:HK$692', '高級雙床房:HK$798', '豪華大床房（配沙發床）:HK$798']"
汕頭DIOTEL皇后酒店,9.9,"['和雅大床:HK$1,948', '和雅雙床:HK$1,948', '和頌大床:HK$2,360', '和頌雙床:HK$2,360', '和儀套房:HK$4,011', '和心套房:HK$5,042']"
逸居酒店（汕頭高鐵站店）,9.3,"['逸景影音大床房【全智能影院】:HK$340', '逸景影音雙床房【全智能影院】:HK$356', '好眠商旅大床房【乳膠枕頭+品質床墊】:HK$356', '逸居安睡大床房【安睡5件套】:HK$419', '榻榻米影音浴缸房【日式茶座】:HK$462']"
汕頭萬象城黃河路亞朵酒店,9.6,"['高級大床房:HK$735', '行政大床房:HK$825', '幾木大床房:HK$915', '幾木雙床房:HK$960', '幾木家庭房:HK$1,005']"
汕頭萬象城會展中心亞朵X酒店,9.4,"['高級大床房:HK$753', '行政大床房:HK$861', '高級雙床房:HK$897', '幾木大床房:HK$960', '行政雙床房:HK$996']"
汕頭珠港戴斯溫德姆酒店,8.4,"['靜雅舒適大床房:HK$457', '悦享城景大床房:HK$496', '悦享城景雙床房:HK$515', '臻選海景大床房:HK$554', '尊享海景套房:HK$866']"
桔子水晶汕頭萬象城黃河路酒店,9.7,"['高級大床房（高清投屏+minibar+藍牙音箱）:HK$623', '商務大床房（高清投屏+minibar+藍牙音箱）:HK$673', '豪華大床房（高清投屏+minibar+藍牙音箱）:HK$773', '商務雙床房（高清投屏+minibar+藍牙音箱）:HK$773', '豪華雙床房（高清投屏+minibar+藍牙音箱）:HK$974']"
譽庭別院（汕頭萬象城龍眼南路美食街店）,9.7,"['譽house·辭音:HK$1,301', '譽house·輕徑:HK$1,301', '譽house·竹茗堂:HK$1,519', '譽house·聞鳧院:HK$1,519', '譽house·長澗舍:HK$1,519']"
瑞然酒店（汕頭萬象城店）,9.1,"['豪華大床房（高空城景+mini小冰箱）:HK$495', '巨幕影音房:HK$518', '豪華雙床房（通透外窗=mini小冰箱）:HK$555', '豪華套房（深睡床品+mini小冰箱）:HK$788', '豪華浴缸雙床套房（超大浴缸+mini小冰箱）:HK$847']"
汕頭珠港新城逸扉酒店,9.3,"['豪華大床房（私享Coffee機+智能語音+智能馬桶）:HK$730', '陽光榻榻米房（觀影體驗+私享Coffee機+Minibar+保險箱）:HK$753', '豪華雙床房（私享Coffee機+智能語音+智能馬桶）:HK$861', '豪華臻選家庭房（私享Coffee機+智能語音+智能馬桶）:HK$936', '行政海景大床房【內海灣一線觀景+全屋智能客控】:HK$1,054']"
碧海灣酒店（汕頭萬象城小公園店）,9.2,"['聽濤 · 特惠大床房（靜謐空間）:HK$622', '晨雨 · 景觀大床房（高空城景+盡覽繁華）:HK$644', '等風 · 景觀雙床房（高空城景+舊時巷陌）:HK$677', '海思 · 海景大床房（一線海景+碧水藍天）:HK$799']"
汕頭珠港新城韓江路亞朵酒店,9.7,"['行政雙床房:HK$861', '行政城景大床房:HK$906', '行政城景雙床房:HK$951', '尊享大床房:HK$996', '尊享雙床房:HK$1,041']"
汕頭龍光喜來登酒店,9.6,"['高級特大床房:HK$1,210', '高級雙床房:HK$1,210', '豪華城景特大床房:HK$1,265', '豪華城景雙床房:HK$1,265', '豪華海景特大床房:HK$1,385', '豪華園景雙床房:HK$1,385']"
桐舍·野奢民宿（萬象城店）,9.6,"['覓萩野（AI智能+會員巨幕投影+霧化壁爐+浴缸+洗烘一體機）:HK$644', '椿野（AI智能+會員巨幕投影+天光燈+浴缸+洗烘一體機）:HK$752', '宿棲（AI智能+會員巨幕投影+浴缸+洗烘一體機）:HK$752', '桐趣（AI智能+會員巨幕投影+滑梯+洗烘一體機）:HK$752']"
玟維酒店（汕頭高鐵站珠江路美食街店）,9.4,"['元氣雙床房 [意式掛耳+舒適好眠]:HK$286', '唯美大床房[迷你小冰箱+智能馬桶]:HK$286', '輕奢浴缸大床房 [ 舒緩泡泡液+一次性浴缸套 ]:HK$317', '星耀浴缸大床房[舒適沙發+泡泡浴]:HK$389']"
潮州古城牌坊街漫心酒店,9.7,"['心怡標準大床房:HK$593', '心怡標準雙床房:HK$655', '心悦高級大床房:HK$679', '心悦高級家庭房:HK$718', '心享豪華大床房:HK$741']"
瘋子的店民宿（汕頭高鐵站店）,9.8,"['止語（藏式復古風）:HK$519', '放下（藏式復古風）:HK$556', '擇壹（藏式復古風）:HK$556', '釋然（藏式復古風）:HK$649']"
汕頭君華海逸酒店（龍眼南路美食街萬象城店）,9.2,"['城景大床房:HK$514', '城景雙床房:HK$514', '豪華雙床房:HK$568', '豪華大床房:HK$568', '精選豪華大床房:HK$622', '精選豪華雙床房:HK$622']"
汕頭媽嶼藍MASULAND民宿,9.8,"['【雲海】園林景上下鋪:HK$1,190', '【寸光】園林景大床房:HK$1,190', '【雨停】海景雙床房:HK$1,302', '【辰央】海景雙床房:HK$1,302', '【微藍】海景大床房:HK$1,302']"
鉑頓國際公寓（汕頭東海岸萬象滙店）,9.4,"['城景大床房（眺望東海岸+俯瞰城景+全棉床品）:HK$381', '商務大床房（高空城景+助眠零壓+全棉床品）:HK$396', '影院大床房（100寸巨幕投影+視頻vip+助眠零壓）:HK$403', '商務雙床房（一線城景+助眠零壓+全棉床品）:HK$418']"
簡愛·設計師酒店（汕頭萬象城珠江路美食街店）,9.1,"['微醺玫瑰丨花絮影視房:HK$256', '春日花序丨標準雙床房:HK$276', '小霧山雨丨豪華影院房:HK$297', '琥珀陽光丨檀香雙床房:HK$328']"
桔萊爾酒店（汕頭萬象城高鐵站店）,9.3,"['精選大床房（全屋智能聲控+落地全身鏡）:HK$312', '標準大床房（全屋智能聲控）:HK$339', '標準雙床房（全屋智能聲控）:HK$390', '行政大床房（深泡浴缸+智能小度）:HK$425', '觀影家庭雙床房（100寸巨幕投影+舒適沙發）:HK$460']"
榆璽·高空海景LOFT輕奢美寓（汕頭高鐵站店）,9.6,"['榆·驚喜特惠Loft大床房:HK$255', '榕·城景Loft大床房:HK$276', '柳·城景Loft雙床房:HK$276', '樺·海景Loft大床房:HK$373']"
清風山房韓江觀景度假莊園,9.6,"['江畔·浴缸大床房（舒緩浴缸+夕陽美景+零壓乳膠）:HK$643', '攬溪·園景大床房:HK$696', '茶語·陽台雙床房（私享茶塌+古塔景觀+零壓乳膠）:HK$954', '池畔·童趣親子房（營地園景+日式茶塌+童趣帳篷）:HK$1,169', '山水·江景浴缸大床房（夕陽全景+舒壓按摩+私享浴缸）:HK$1,169']"
希美婭假日Hotel （汕頭潮陽貴嶼店）,8.9,"['温馨大床房|全智能聲控+品牌床墊+智能馬桶:HK$170', '舒適大床房|全智能聲控+品牌床墊+智能馬桶:HK$194', '雅緻優享大床房|全智能客控+電視投屏+乾濕分區:HK$255', '雅緻優享雙床房|全智能客控+電視投屏+乾濕分區:HK$255']"
汕頭海逸滙景酒店（萬象城海濱路店）,8.9,"['高級大床房:HK$471', '豪華花園雙床房:HK$568', '豪華海景大床房:HK$640', '豪華海景雙床房:HK$640', '貴賓海景大床房:HK$762']"
國際會展圖卡思酒店（汕頭蘇寧廣場萬象城店）,8.8,"['舒適大床房（小巧精緻）:HK$467', '精選大床房:HK$565', '精選雙床房:HK$580', '巨幕私影房（小米投影+100寸巨幕投屏）:HK$620']"
汕頭花園賓館,9.2,"['高級大床房:HK$544', '高級雙床房:HK$544', '商務大床房:HK$710', '商務雙床房:HK$710', '行政大床房:HK$807', '行政雙床房:HK$807']"
汕頭小公園宜必思酒店,9.4,"['大床房（高質量睡眠）:HK$393', '高級大床房（樓景安靜）:HK$431', '雙床房（沉浸睡眠）:HK$481', '商務大床房（外景房間更大）:HK$501']"
Platinum Crystal 鉑晶大酒店（汕頭高鐵站珠江路美食街店）,8.8,"['標準大床房:HK$387', '高級大床房:HK$424', '豪華大床房:HK$508', '親子圓床房:HK$569', '豪華套房1房1廳:HK$630']"
汕頭白天鵝酒店,9.1,"['海景雙床房:HK$792', '海景大床房:HK$792', '豪華海景雙床房:HK$916', '豪華海景大床房:HK$916', '行政海景雙床房:HK$1,226', '行政海景大床房:HK$1,226']"
汕頭叁號公館酒店（小公園店）,9.3,"['汕音大床房:HK$326', '汕音雙床房（無窗）:HK$326', '汕音雙床房:HK$360', '汕音豪華大床房:HK$382']"
汕頭靜待花開民宿茶舍,9.7,"['次第花開四合院[四房六床+樸素清靜+龍眼後院＋麻將唱K+圍爐夜話+遊戲人生]:HK$1,580', '靠汕院落四合院+五房八床+竹林庭院＋麻將唱K+浴缸泡澡:HK$1,958', '且聽鳳鳴四合院+五房七床＋麻將唱K+浴缸泡澡+圍爐燒烤:HK$1,958', '晚風作枕四合院[五房八床+花園庭院+零壓床品＋麻將唱K+浴缸泡澡+圍爐夜話+遊戲人生]:HK$2,303']"
深巷（汕頭蘇寧廣場萬象城店）,9.6,"['温馨大床房（202）:HK$452', '精緻大床房（201）:HK$489', '舒適大床房（301）:HK$489', '豪華大床房（102）:HK$516']"
汕頭高鐵站美居酒店,9.4,"['經典大床房:HK$426', '嘉賓浴缸大床房:HK$453', '陽台豪華大床房:HK$453', '豪華大床房:HK$481', '標準雙床房:HK$481']"
吾鄉居民宿（汕頭高鐵站店）,9.7,"['歸隱小院（度假花園+有廚房+麻將機KTV+寵物友好）:HK$1,281', '歲月小院（療愈花園+可煮飯+麻將KTV+寵物友好）:HK$1,281', '隱溪小院（家庭聚會+私家花園+麻將機KTV+寵物友好）:HK$1,281', '發呆小院（中古美學+四房五大床+麻將KTV+寵物友好）:HK$1,560']"
