酒店名称,评分,房型价格列表
河源時代雲端國際酒店,9.7,"['雲端半窗雙床房:HK$382', '雲端大床房:HK$417', '雲端雙床房:HK$427', '行政大床房:HK$583', '行政雙床房:HK$583', '商務大床房:HK$826']"
河源渼居空中湯泉酒店,9.3,"['標準大床房:HK$334', '標準雙床房:HK$334', '輕奢親子房:HK$542', '豪華麻將大床房:HK$542', '親子主題房（多種風格）:HK$926']"
河源巴伐利亞鹿森風車温泉套房酒店,9.1,"['現鹿·私享温泉大床套房（一房一廳）:HK$348', '現鹿·私享温泉雙床套房（一房一廳）:HK$348', '180°園景私享温泉大床套房（一房一廳）:HK$492', '現鹿·私享温泉套房（兩房一廳2床）:HK$677']"
河源巴蜀國際美豪麗致酒店,9.6,"['麗致輕奢大床房:HK$261', '麗致輕奢雙床房:HK$283', '雅緻城景大床房:HK$315', '雅緻城景雙床房:HK$326', '雅緻山景大床房:HK$348']"
河源春沐·禾悦莊温泉酒店,9.6,"['景觀温泉雙床房:HK$1,844', '景觀温泉大床房:HK$1,844', '庭院温泉大床房:HK$2,171', '庭院温泉雙床房:HK$2,171', '冬藏雲錦別墅:HK$5,448', '春沐芳華別墅:HK$6,649']"
河源巴伐利亞莊園福朋喜來登度假酒店,9.0,"['客家圍屋高級雙床房:HK$636', '客家圍屋卡通親子家庭大床房:HK$695', '客家圍屋劇場景雙床房:HK$695', '客家圍屋劇場景大床客房:HK$695', '豪華湖景大床房（帶温泉泡池）:HK$1,037', '豪華湖景雙床房（帶温泉泡池）:HK$1,037']"
河源萬隆城桔子水晶酒店,9.6,"['高級大床房（小冰箱+藍牙音箱+65寸電視高清投屏）:HK$393', '商務大床房（小冰箱+手沖Coffee+藍牙音箱+投屏）:HK$452', '商務雙床房（小冰箱+手沖Coffee+藍牙音箱+投屏）:HK$461', '行政大床房（小冰箱+手沖Coffee+藍牙音箱+沙發）:HK$491', '行政雙床房（小冰箱+手沖Coffee+藍牙音箱+投屏）:HK$501']"
凱里亞德酒店（河源萬達廣場店）,9.6,"['輕享大床房:HK$254', '精品大床房:HK$265', '景觀大床房（180°飄窗俯瞰城市夜景）:HK$286', '優享雙床房:HK$286', '影音大床房（支持手機投屏）:HK$297']"
河源滙景希爾頓逸林酒店,9.5,"['逸林大床房:HK$424', '逸林雙床房:HK$424', '豪華大床房:HK$478', '高級豪華大床房:HK$533', '行政大床房:HK$533', '行政雙床房:HK$533']"
河源格蘭雲天·閱酒店（亞洲第一高噴泉店）,9.6,"['高級大床房（支持手機投屏）:HK$244', '高級雙床房（榻榻米茶台、功夫茶具）:HK$266', '閲享觀景大床房:HK$276', '閲享行政大床房:HK$298', '閲享荷里活超級大床房（2.4超大床）:HK$298']"
河源春沐源民宿,9.6,"['親子兩房套房（多種風格）:HK$1,056', '輕奢兩房套房（多種風格多種床型）:HK$1,056', '温泉入户兩房套房（多種風格多種床型）:HK$1,270', '輕奢三房套房（多種風格多種床型）:HK$1,375', '親子三房套房（多種風格多種床型）:HK$1,375']"
河源客家文化公園希爾頓歡朋酒店,9.5,"['舒適大床房:HK$361', '舒適雙床房:HK$364', '高級大床房:HK$411', '高級雙床房:HK$411', '豪華雙床房:HK$450']"
柏頓國際酒店（河源堅基購物中心店）,9.4,"['豪華大床房【輕奢簡約風】:HK$204', '豪華雙床房【輕奢簡約風】:HK$204', '城景大床房（俯瞰地標水母大劇院）:HK$217', '城景雙床房 [180度俯瞰城市夜景 | 無敵視野]:HK$217']"
蘭歐尚品酒店（河源萬達廣場店）,9.5,"['蘭藝大床房（智能客控）:HK$172', '蘭藝雙床房（智能客控）:HK$172', '蘭藝優選雙床套房（智能客控）:HK$190', '蘭歐豪華大床房（智能客控）:HK$193']"
河源巴伐利亞莊園雅閣度假&澳斯特·菩提酒店,9.0,"['菩提禪意雙床房:HK$472', '菩提禪意大床房:HK$472', '菩提禪意家庭雙床房:HK$576', '房間私家温泉泡池·雅閣大床房:HK$679', '房間私家温泉泡池·雅閣童趣大床房·哆啦A夢:HK$679']"
河源春沐源小鎮·棕櫚樹酒店,9.6,"['豪華雙床房:HK$1,375', '豪華大床房:HK$1,375', '景觀大床房:HK$1,589', '景觀雙床房:HK$1,589', '湖景大床房:HK$1,911', '湖景雙床房:HK$1,911']"
河源春沐源小鎮·藍葡萄酒店,9.6,"['親子豪華複式套房 （兩房）:HK$1,589', '親子平層套房（兩房步梯）:HK$1,589', '標準景觀複式套房（兩房）:HK$1,589', '標準豪華複式套房（兩房）:HK$1,589', '標準平層套房（三房步梯）:HK$1,803', '熊貓親子平層套房（兩房步梯）:HK$1,803']"
貴賓舍酒店（河源大道亞洲第一高噴泉店）,9.3,"['舒漫特惠房（白鵝絨被+智能馬桶+功夫茶具）:HK$133', '輕奢大床房（巨幕影音+智能馬桶+功夫茶具）:HK$152', '輕奢雙床房（巨幕影音+智能馬桶+功夫茶具）:HK$152', '豪華雙床房（巨幕影音+智能馬桶+無線充電）:HK$168']"
河源客天下·漣岸·康縵温泉美宿,9.4,"['漣岸·森林河畔山洞房（全景超大落地玻璃+網紅打卡山洞榻榻米+超大床+休閑全套功夫茶具）:HK$805', '漣岸萌寵·獨立小院大床房 （獨立户外休閑小庭院+陽台推門即進泳池+寵物友好房 ＋配置寵物用品+休閑全套功夫茶具）:HK$818', '漣岸·森林河畔獨立温泉房（全景超大落地玻璃+全景森林獨立室內温泉泡池+超大床+休閑全套功夫茶具）:HK$857', '漣岸·泳池景觀温泉雙床房 （隱祕獨享温泉泡缸+獨享休閑小庭院+陽台推門秒進泳池+休閑全套功夫茶具）:HK$960', '漣岸·泳池景觀温泉大床房 （隱祕獨享温泉泡缸+獨享休閑小庭院+陽台推門秒進泳池+休閑全套功夫茶具）:HK$960']"
凱里亞德酒店（河源客家文化公園店）,9.6,"['輕享大床房【全景飄窗+手機投屏+茶籽精華洗護用品】:HK$244', '榮享大床房【全景飄窗+手機投屏+茶籽精華洗護用品】:HK$275', '榮享雙床房【全景飄窗+手機投屏+茶籽精華洗護用品】:HK$275', '榮享景觀大床房【全景飄窗+商務辦公桌+貴妃椅】:HK$305', '榮享景觀雙床房【全景飄窗+凝膠枕+手機投屏】:HK$305']"
河源邁豪國際酒店,8.8,"['舒適別墅標間:HK$252', '舒適別墅商務標間:HK$266', '輕奢園景標間:HK$362', '奢享江景標間:HK$374', '豪華商務單間:HK$386']"
舒宜居度假別墅（巴伐利亞莊園店）,9.8,"['暖舍·湖景大床房公寓:HK$168', '暖舍·180°湖景雙床房公寓:HK$168', '貝格別墅-2房3床（木屋+泡池+麻將+KTV+炭烤）:HK$557', '伍號別墅-5房8床（木屋+泡池+麻將+KTV+炭烤）:HK$1,950']"
京海·Comfort國際酒店公寓（河源人民醫院店）,9.4,"['歡 ‖ 薄霧雲裳+大床房（舒適好床+深度睡眠 ）:HK$113', '喜 ‖ 晨間清露+特大床房（定製舒適床墊+深度好睡眠 ）:HK$119', '暖 ‖ 天倫之樂 親子特大床房 （定製床墊+深度睡眠+親子帳篷+直播電視頻道）:HK$126', '愉 ‖ 繁花似錦 雙床房 （農夫山泉+恆温空調+淋浴隔斷+觀城景）:HK$140']"
河源客天下温德姆花園酒店,7.6,"['雅緻山景雙床房:HK$833', '至尊園景雙床房:HK$1,335', '家庭套房:HK$1,638']"
河源萬朵酒店,9.3,"['舒適雅緻大床房（坐卧沙發+畫化粧鏡）:HK$247', '舒適高級大床房（商務辦公桌+支持電視投屏+小米枱燈）:HK$277', '舒適高級雙床房:HK$277', '舒適大床房（榻榻米+迷你冰箱+小米體重稱）:HK$299', '舒適雙床房（迷你冰箱+親膚浴袍）:HK$299']"
河源客天下趣墅安南半島温泉別墅,8.9,"['水晶山3房6床温泉別墅【KTV·麻將·碳烤爐】:HK$924', '水晶山3房5床別墅【KTV·麻將·碳烤爐】:HK$1,027', '獨棟温泉別墅 | 情人莊園·3房【KTV·麻將·碳烤爐】:HK$1,439', '獨棟温泉別墅 | 牧伴白象郡·4房【KTV·麻將·碳烤爐】:HK$1,688']"
趣墅度假別墅（河源巴伐利亞店）,9.1,"['木璃·2房3床別墅【麻將·碳烤爐】:HK$707', '巴伐利亞·2房別墅【麻將·燒烤】:HK$707', '山野·3房3床別墅【麻將·碳烤爐】:HK$808', '湖藤·木屋2房4床獨棟別墅（湖景·私人温泉·碳燒烤·麻將）:HK$910']"
凱里亞德酒店（河源萬隆城店）,9.7,"['輕享大床房:HK$282', '樂享大床房:HK$293', '優享大床房:HK$315', '優享雙床房:HK$315', '榮享景觀雙床房:HK$336']"
麗呈睿軒酒店（河源亞洲第一高噴泉萬隆城店）,9.6,"['暴富將至｜高級大床房•抗菌防蟎親膚布草•舒睡舒眠床墊:HK$190', '暴富將至｜高級雙床房•抗菌防蟎親膚布草•舒睡舒眠床墊:HK$190', '步步高昇｜豪華大床房•抗菌防蟎親膚布草•舒睡舒眠床墊:HK$203', '步步高昇｜豪華雙床房•抗菌防蟎親膚布草•舒睡舒眠床墊:HK$210']"
IU酒店（河源堅基購物中心店）,9.4,"['小U精緻大床房（温馨小窩+睡眠安靜+空間隱祕+化粧鏡）:HK$170', '小U舒適雙床房（寵物友好+酒店公區提供洗衣房+超大視野）:HK$192', 'IU體驗房:HK$192', '小U超級雙床房{日出日落觀景+零壓床墊+超大空間+商務辦公桌}:HK$213']"
春沐源小鎮相見里民宿,10.0,"['沐墅裏BOX三房温泉私墅:HK$1,813', '相見裏BOX三房温泉私墅:HK$1,813', '詩遇BOX三房温泉私墅:HK$2,443']"
和航伯爾盛國際酒店（河源亞洲第一高噴泉店）,9.2,"['精品大床房:HK$212', '豪華大床房:HK$223', '精品雙床房:HK$232', '豪華麻將雙床房:HK$251', '豪華城景雙床房:HK$251']"
如素温泉別墅（河源客天下店）,9.0,"['如初·庭院入户温泉別墅（1房1廳大床）:HK$336', '如初·庭院入户温泉別墅（1房1廳雙床）:HK$336', '如初·庭院入户温泉別墅（2房一廳2床）:HK$653', '如悦·露台入户温泉別墅（2房兩廳3床）:HK$653']"
河源春沐源小鎮·國際青年旅社,9.9,"['情侶閨蜜基友雙人獨享2人房（公共衞浴）:HK$327', '複式1房4床（整間）（公共衞浴）:HK$439']"
宜尚酒店（河源堅基萬達廣場店）,9.6,"['宜尚體驗房丨支持手機投屏丨180°落地窗俯瞰城市夜景:HK$249', '豪華雙床房丨支持手機投屏丨全景落地窗丨金可兒床墊:HK$259', '標準大床房丨支持手機投屏丨全景落地窗丨全身鏡:HK$267', '高級雙床房丨支持手機投屏丨乳膠記憶枕丨鴨絨被芯:HK$277', '豪華大床房丨支持手機投屏丨全景落地窗丨金可兒床墊:HK$288']"
花築·畔湖山居温泉別墅 （河源巴伐利亞店）,9.8,"['豪華雙床房:HK$1,613', '木屋別墅親子房:HK$1,846', '三房温泉別墅（燒烤+麻將+KTV ）:HK$2,737', '四房温泉木墅（燒烤+麻將+桌球+KTV ）:HK$3,041']"
麗楓酒店（河源萬隆城店）,9.5,"['豪華雙床房:HK$231', '豪華大床房:HK$239', '景觀雙床房:HK$255', '景觀大床房（落地窗）:HK$258']"
麗楓酒店（河源高鐵站碧桂園店）,9.5,"['雅緻大床房丨慕思床墊丨LED化粧鏡:HK$202', '豪華大床房丨落地窗丨慕思床墊丨靜謐睡眠:HK$227', '豪華雙床房丨乳膠記憶枕丨慕思床墊丨靜謐睡眠:HK$235', '麗楓體驗房丨無壓色調丨舒適空間:HK$249']"
萬綠湖心樂青谷太空艙民宿,9.6,"['V5太空艙·湖景星空雙床房:HK$1,491', 'V5湖景星空大床房（超絕落日庭院）:HK$1,698', 'V7太空艙·湖景星空豪華套房:HK$1,748', 'V7太空艙·豪華湖景星空家庭房:HK$1,876', 'E5太空艙·180°全景露台星空房:HK$2,005']"
維也納國際酒店（河源雅居樂堅基購物中心店）,9.4,"['豪華大床房:HK$228', '豪華雙床房:HK$235', '棋牌大床房:HK$288', '棋牌雙床房:HK$296']"
河源印季酒店（亞洲第一高噴泉店）,10.0,"['印季優選大床房:HK$112', '特惠投影大床房:HK$115', '印季舒適大床房:HK$119', '印季舒適雙床房:HK$128']"
河源鉑悦斯國際酒店,8.8,"['豪華大床房:HK$233', '豪華雙床房:HK$254', '行政大床房:HK$276', '行政雙床房:HK$286']"
金沙灣江景酒店（河源恐龍博物館店）,9.4,"['標準雙床房:HK$137', '豪華大床房:HK$144', '豪華雙床房:HK$159', '江景豪華大床房:HK$169']"
7天優品Premium酒店（河源亞洲第一高噴泉店）,9.5,"['優品大床房:HK$157', '優享大床房:HK$164', '優品雙床房:HK$173', '優享雙床房:HK$181']"
河源博程國際大酒店（客家文化公園店）,9.0,"['豪華雙床房｜陽光滿屋+靜謐深睡:HK$216', '豪華大床房｜陽光滿屋+靜謐深睡:HK$216', '子母房｜陽光滿屋+靜謐深睡:HK$223', '商務大床房:HK$263']"
河源百利龍城國際酒店,8.9,"['豪華大床房:HK$294', '豪華雙床房:HK$294', '親子家庭房:HK$295', '標準單人房:HK$295', '標準雙人房:HK$295']"
雲天酒店（河源高新區店）,9.7,"['商務大床房（全屋智能聲控）:HK$243', '商務雙床房（全屋智能聲控）:HK$243', '行政大床房（全屋智能聲控）:HK$276', '行政雙床房（全屋智能聲控）:HK$308', '尊享行政大床房（全屋智能聲控）:HK$318']"
維也納酒店（河源紅星路店）,9.4,"['標準大床房:HK$174', '標準雙床房:HK$208', '豪華大床房:HK$216', '棋牌大床房:HK$216']"
河源巴伐利亞維多利亞温泉別墅,9.0,"['公寓大床房807（湖景）:HK$253', '公寓雙床房1106（園景）:HK$340', '公寓複式房1311（園景）:HK$428', '風車洋房2房2床（觀景）:HK$516']"
鉑萊頓度假酒店（河源巴伐利亞店）,8.1,"['鉑萊頓高級大床房:HK$231', '鉑萊頓高級雙床房:HK$231', '鉑萊頓豪華雙床房:HK$372', '鉑萊頓豪華大床房:HK$373']"
