酒店名称,评分,房型价格列表
金源城公寓酒店（河池職教中心店）,9.6,"['城景雙床房:HK$191', 'LOFT山景大床房:HK$200', 'LOFT城景大床房:HK$203', 'LOFT城景套房:HK$272']"
雅斯特酒店（河池金城江店）,9.4,"['雅緻大床房:HK$251', '雅緻雙床房:HK$262', '豪華大床房:HK$294', '觀景雙床房:HK$316']"
柏曼酒店（河池職教中心狀元店）,9.4,"['標準大床房（靜謐好眠+零壓床墊+新風系統凈化空氣）:HK$223', '標準雙床房（靜謐好眠+零壓床墊+新風系統凈化空氣）:HK$231', '高級大床房（俯瞰城市美景+零壓床墊+記憶枕芯）:HK$246', '高級雙床房（靜謐舒適+零壓床墊+記憶枕芯）:HK$254']"
天龍灣曼悅酒店（宜州區河池學院西門店）,9.4,"['商務大床房（靜謐舒適+沙發辦公桌+助眠床墊）:HK$224', '豪華大床房（空間寬敞採光好+沙發辦公桌+乾濕分離）:HK$240', '豪華雙床房（空間寬敞採光好+沙發辦公桌+乾濕分離）:HK$248', '曼享榻榻米大床房（助眠零壓床墊+靜謐空間+乾濕分離）:HK$255', '親子雙床房（温馨舒適+辦公圓桌+55寸電視）:HK$260']"
河池鉑悦酒店（職教中心店）,9.5,"['鉑悦·靜享山景大床房（智能客控+遠山視野）:HK$261', '鉑悦·舒眠景觀雙床房（智能客控）:HK$285', '鉑悦·舒眠景觀大床房（智能客控+城景或山景）:HK$296', '270°廣角全景大床房（智能客控+城山景雙景觀）:HK$308', '鉑悦·行政全景商務套房（環幕窗景+會客空間）:HK$444']"
城市便捷酒店（河池宜州體育館店）,9.4,"['標準大床房:HK$175', '高級大床房:HK$183', '高級雙床房:HK$190', '豪華大床房:HK$198']"
設計師酒店（河池白馬步行街店）,9.3,"['歡漫-迷你單人房:HK$106', '雅緻▪日系榻榻米房（酒店公區提供自助洗衣房）:HK$141', '悦享▪商務雙人房【酒店公區提供自助洗衣房】:HK$141', '悦致-商務大床房（酒店公區提供自助洗衣房）:HK$141']"
河池美宿酒店（廣西現代職業技術學院店）,9.9,"['法式歡悦大床房:HK$179', '法式心悦大床房:HK$198', '法式喜悦大床房:HK$220', '法式和悦雙床房:HK$229']"
城市便捷酒店（河池金城江白馬步行街店）,9.4,"['特惠大床房（記憶枕芯+城山景）:HK$148', '標準大床房（記憶枕芯+靜謐舒適）:HK$155', '高級大床房（記憶枕芯+休閑辦公+城山景）:HK$170', '標準雙床房（簡約明亮+遠山景）:HK$170']"
河池黔安國際酒店（職教中心店）,9.4,"['舒適高級大床房:HK$266', '雅緻豪華雙床房:HK$273', '雅緻豪華大床房:HK$282', '輕奢觀景大床房:HK$305', '春意盎然主題房:HK$325']"
河池大酒店（第二高級中學市人民醫院店）,8.9,"['標準大床房:HK$202', '標準雙床房:HK$202', '精選單人房（安睡枕+乾濕分離）:HK$211', '舒適大床房（1樓）:HK$222', '舒適雙床房（1樓）:HK$222']"
麗呈睿軒酒店（宜州河池學院店）,9.3,"['國風雅緻大床房（智慧客控+古風紅木傢俱）:HK$198', '國風舒適大床房（智慧客控+古風紅木傢俱）:HK$246', '國風經典大床房（智慧客控+古風紅木傢俱）:HK$290', '國風經典雙床房（智慧客控+古風紅木傢俱）:HK$305']"
雅斯特酒店（宜州河池市政中心廣場店）,9.6,"['雅緻大床房（智能客控＋靜謐舒適＋陽光通透）:HK$194', '高級大床房（智能客控＋空間寬敞＋城市景觀）:HK$202', '高級雙床房（智能客控＋舒適床品＋明亮採光）:HK$202', '豪華大床房（智能客控＋獨立冰箱洗衣機＋智能馬桶）:HK$237']"
城市便捷酒店（河池城東店）,9.3,"['特惠大床房:HK$165', '標準大床房（舒適好眠+城山景）:HK$177', '高級大床房（舒適好眠+休閑辦公+城山景）:HK$186', '標準雙床房（舒適好眠+城山景）:HK$200']"
河池鑫悦酒店（金城江站店）,9.3,"['精緻街景大床房（全屋智能+助眠床墊+雙層隔音）:HK$173', '精緻院景大床房（全屋智能+助眠床墊+陽光通透）:HK$180', '雅緻院景雙床房（全屋智能+助眠床墊+陽光通透）:HK$197', '雅緻商務雙床房（全屋智能+辦公桌椅+助眠床墊）:HK$206']"
河池江畔居民宿,9.2,"['江景雙床房—環境温馨+酒店公區提供自助洗衣機:HK$179', '禪意大床房—環境温馨+酒店公區提供自助洗衣機:HK$209', '江景大床房—環境温馨+酒店公區提供自助洗衣機:HK$209', '江景星空房—環境温馨+酒店公區提供自助洗衣機:HK$225']"
傅小姐民宿（河池職業中心學校店）,9.5,"['雅緻大床房:HK$164', '歐式大床房:HK$175', '歐式雙床房:HK$202', '雅緻雙床房:HK$249']"
麗楓酒店（河池澳門國際城店）,9.6,"['雅緻大床房:HK$261', '豪華大床房:HK$273', '商務大床房:HK$293', '商務雙床房:HK$293']"
金廣國際大酒店（河池市政府廣場店）,8.9,"['特惠雙床房:HK$204', '特惠大床房:HK$205', '商務雙床房:HK$271', '商務大床房:HK$301', '豪華雙人房:HK$310']"
速8酒店（河池汽車總站店）,9.4,['全景尊榮套房-零壓枕:HK$245']
宜尚酒店（河池宜州市政中心廣場店）,9.6,"['舒適大床房（簡約北歐Style+悠享辦公）:HK$206', '標準雙床房（採光通透+高速WIFI）:HK$213', '標準大床房（採光通透+高速WIFI）:HK$221', '高級雙床房（睛彩大屏+靜謐空間+高速WIFI）:HK$244']"
河池胤仁酒店（金城江五中店）,9.5,"['零壓丨榻榻米床房（智能客控+採光優逸）:HK$251', '零壓丨雅緻大床房（智能客控+採光優逸）:HK$283', '零壓丨奢致雙床房（智能客控+採光優逸）:HK$311', '零壓丨奢致大床房（智能客控+採光優逸）:HK$313']"
精途酒店（河池宜州市政中心廣場店）,9.6,"['零壓大床房（安靜）:HK$137', '商務大床房（安靜舒適）:HK$160', '商務雙床房（舒適安靜）:HK$167', '高級大床房（安靜適合淺睡眠客人）:HK$172']"
城市便捷酒店（河池金城江職教中心店）,9.4,"['特惠大床房:HK$120', '標準大床房:HK$127', '高級大床房:HK$141', '高級雙床房:HK$141']"
河池順泰大酒店（文化廣場金城江公園店）,8.9,"['温馨雙人房:HK$218', '豪華雙床房《雙層隔音+街景》:HK$227', '温馨三人房《雙層隔音+廣場夜景》:HK$297']"
金睿酒店,9.7,"['輕享大床房:HK$128', '輕奢雙床房:HK$159', '休閑麻將房:HK$179', '輕奢雙床套房:HK$199']"
凱洋大酒店（河池白馬街店）,8.8,"['valatoms 特惠大床房 （商旅推薦必選酒店）:HK$155', '特惠雙床房（零壓乳膠）:HK$167', 'valatoms 商務大床房（零壓乳膠+自助洗衣）:HK$179', 'valatoms 雅緻雙床房 （零壓乳膠+超大空間）:HK$191']"
河池電影便捷酒店,9.2,['行政大床房:HK$238']
城市便捷酒店（河池宜州汽車總站店）,9.3,"['特惠大床房【街景視野+光線明亮+休閑飄窗】:HK$138', '標準大床房【舒適安逸+温馨雅緻+休閑飄窗】:HK$150', '影院標準大床房【100寸巨幕+海量影片+主題風格】:HK$150', '標準雙床房【街景視野+光線明亮+陽光通透】:HK$157']"
呈季酒店（河池龍江二橋宜州站店）,9.5,"['致選大床房丨抗菌零壓枕+55寸可投屏電視+智能馬桶丨:HK$190', '輕奢大床房丨抗菌零壓枕+55寸可投屏電視+智能馬桶丨:HK$214', '輕奢雙床房『 柔軟羽絨枕+55寸可投屏電視+智能馬桶』:HK$236', '榻榻米大床房『智能客控+抗菌零壓枕+智能馬桶』:HK$236']"
河池桐涵公寓,9.0,"['舒適單間:HK$130', '兩室一廳套房:HK$207']"
雅斯特酒店（宜州迎賓路市政中心廣場店）,9.2,"['高級雙床房:HK$251', '影音大床房:HK$260', '超級大床房:HK$262', '高級大床房:HK$272']"
河池麗江大酒店,8.6,"['舒新大床房:HK$175', '舒新雙床房:HK$184', '豪華商務單間:HK$212']"
瑞斯麗假日酒店（河池職業學院店）,9.3,"['悠靜輕奢大床房:HK$161', '悠靜豪華大床房:HK$161', '雅緻舒適雙床房:HK$167', '幽靜豪華雙床房:HK$179']"
城市便捷酒店（河池中心廣場店）,8.6,"['標準大床房:HK$155', '商務大床房:HK$177', '商務雙床房:HK$184', '豪華大床房:HK$205']"
大金小棧公寓（金城江匯金國際店）,9.3,"['29投影大床房:HK$183', '12投影一室大床房:HK$185', '60綠肥紅瘦一室大床房:HK$185', '親子雙床房:HK$221']"
河池同心家居主題酒店,9.1,"['簡約大床房（酒店提供自助洗衣房）:HK$152', '小資休閑大床房（酒店提供自助洗衣房）:HK$183', '日式榻榻米房（酒店提供自助洗衣房）:HK$183']"
7天酒店（河池金城江火車站店）,9.3,"['自主雙床房:HK$167', '精選大床房:HK$167', '精選雙床房:HK$182', '特色大床房:HK$209']"
米漾米居酒店（河池宜州汽車總站店）,9.4,"['米居舒適大床房-[街景視野+寬敞明亮+記憶棉枕]:HK$192', '米漾輕奢零壓大床房-[零壓床墊+自然眠愈+迷你冰箱]:HK$210', '百里商務零壓雙床房-[零壓床墊+自然眠愈+迷你冰箱]:HK$210', '百里影院雙床房-[100寸巨幕+海量影片+院線效果]:HK$230']"
雅斯特國際酒店（河池職教中心店）,9.3,"['雅緻大床房:HK$277', '豪華大床房:HK$281', '雅緻雙床房:HK$290', '豪華雙床房:HK$316']"
維也納酒店（宜州三棵樹店）,9.4,"['標準大床房:HK$206', '豪華大床房-寬敞空間-辦公桌椅-乾濕分離:HK$206', '豪華雙床房-寬敞空間-辦公桌椅-乾濕分離:HK$226', '商務大床房-寬敞空間-辦公桌椅-乾濕分離:HK$226']"
維也納國際酒店（河池銅鼓店）,9.6,"['高級大床房（緩壓床墊）:HK$234', '江景雙床房（龍江河風景）:HK$242', '山景大床房（舒適空間）:HK$258', '江景大床房（龍江河風景）:HK$282']"
維也納酒店（中心廣場迎賓大道店）,9.7,"['標準大床房-新風系統+安心睡眠:HK$194', '高級大床房-舒適安逸:HK$216', '高級雙床房-樂享生活:HK$227', '豪華大床房-大圓桌+皮質太妃椅:HK$238']"
雅斯特酒店（宜州龍溪路汽車站店）,9.3,"['雅緻大床房（智能客控＋靜謐舒適）:HK$251', '高級大床房（智能客控＋貴妃椅＋靜謐舒適）:HK$262', '影音大床房（智能客控＋多彩院線）:HK$283', '高級雙床房（智能客控＋貴妃椅）:HK$294']"
河池三月花國際大酒店,9.4,"['臻選標準大床房:HK$260', '臻選標準雙床房:HK$260', '臻享舒適雙床房:HK$325', '臻享舒適大床房:HK$336', '臻悦智能雙床房:HK$347']"
河池市宜州區畔江景舍酒店（宜州龍江二橋店）,9.2,"['精緻大床房:HK$133', '豪華大床房:HK$153', '豪華江景雙人房:HK$172', '豪華景觀大床房:HK$172']"
如佳便捷酒店,9.7,"['特價單間:HK$107', '特價雙床房:HK$118', '豪華標間:HK$162']"
柏曼酒店（河池南橋店）,9.4,"['標準大床房（安靜私密+記憶枕芯+智能馬桶）:HK$237', '標準雙床房（記憶枕芯+智能馬桶）:HK$252', '高級大床房（記憶枕芯+智能馬桶）:HK$259', '高級雙床房（深度好眠+記憶枕芯+智能馬桶）:HK$273']"
河池都市微酒店,9.0,"['標準大床房:HK$115', '標準雙人房:HK$133', '1.8大床房:HK$134', '家庭房:HK$143']"
尚客優酒店（宜州汽車總站店）,9.4,"['天籟丨智控大床房［智能客控+智能馬桶+休閑飄窗］:HK$111', '謐境丨舒睡大床房［智能客控+智能馬桶+深睡記憶枕］:HK$126', '觀瀾丨陽光雙床房［智能客控+智能馬桶+休閑飄窗］:HK$128', '優享格調大床房［智能客控+智能馬桶+深睡記憶枕］:HK$137']"
