酒店名称,评分,房型价格列表
洛陽雲怡酒店（洛邑古城十字街店）,9.2,"['心悦大床房【乾濕分離I支持手機投屏】:HK$224', '心悦雙床房【乾濕分離I支持手機投屏】:HK$241', '心怡大床房【城市夜景I智能客控I超清投影電視】:HK$253', '心怡雙床房【智能客控I智能馬桶I超清投影電視】:HK$280', '心享雙床房【輕奢睡眠I零壓床墊I星級床品】:HK$359']"
洛陽麗印和光酒店（麗景門十字街店）,9.5,"['空山遠·大床房（全屋智能+零壓床墊記憶枕+小冰箱）:HK$313', '雲來去·大床房（全屋智能+零壓床墊記憶枕+小冰箱+含浴缸）:HK$342', '晚風來·雙床房（全屋智能+零壓床墊記憶枕+小冰箱）:HK$342', '靜影沉壁·豪華大床房（全屋智能+零壓床墊記憶枕+小冰箱+含浴缸）:HK$408']"
霽園歡沁酒店（洛邑古城麗景門十字街店）,9.5,"['歡沁·雅悦大床房（智能客控+夢百合零壓床墊+夢百合零壓枕+輕智能馬桶）:HK$244', '歡沁·吾悦大床房（智能客控+夢百合零壓床墊+夢百合零壓枕+輕智能馬桶）:HK$259', '歡沁·陽台大床房（智能客控+夢百合零壓床墊+夢百合零壓枕+輕智能馬桶）:HK$279', '歡沁·雅悦雙床房（智能客控+夢百合零壓床墊+夢百合零壓枕+輕智能馬桶）:HK$285']"
洛陽國際大酒店,9.6,"['商務雙床房（智能客控+無線充電）:HK$529', '商務大床房（智能客控+無線充電）:HK$529', '至尊大床房（智能客控+浴缸+膠囊coffee機+空氣凈化）:HK$714', '商務家庭房（智能客控+浴缸+膠囊coffee機）:HK$749', '行政雙床房（智能客控+空氣凈化+戴森高速吹風機）:HK$766', '行政大床房（智能客控+空氣凈化+戴森高速吹風機）:HK$766']"
洛陽城禮酒店（洛邑古城麗景門店）,9.4,"['雅緻大床房【智能小度+零圧床墊+乾濕分離+中央空調】:HK$284', '智選大床房【智能小度+零圧床墊+乾濕分離+中央空調】:HK$309', '智選家庭房【乾濕分離+中央空調】:HK$309', '智選雙床房【智能小度+零圧床墊+乾濕分離+中央空調】:HK$309', '庭院大床房【智能小度+零圧床墊+乾濕分離+中央空調】:HK$309']"
洛陽華茂春松酒店,9.5,"['高級天相·雙床房:HK$584', '高級天樑·大床:HK$584', '豪華始影·親子房:HK$752', '青山外・景觀雙床房:HK$752', '青山外・景觀大床房:HK$752', '青山外・花園大床房:HK$752']"
雲鼎設計師酒店（十字街應天門遺址店）,9.5,"['星空大床房（星空窗頂+巨幕影院+全屋智能+新風系統）:HK$369', '休閑大床房（獨立休閑區+全屋智能+新風系統）:HK$415', '輕奢大床房（零壓床墊+全屋智能+新風系統）:HK$450', '觀景大床房（龍鼎城景+全屋智能+新風系統）:HK$507']"
洛陽古都麗印酒店（十字街洛邑古城店）,9.4,"['優享零壓大床房【全屋智能+零壓床墊+乾濕分離】:HK$208', '悦享零壓雙床房【全屋智能+零壓床墊+乾濕分離】:HK$276', '悦享零壓大床房【全屋智能+零壓床墊+乾濕分離】:HK$276', '尊享套房【全屋智能+零壓床墊+乾濕分離】:HK$379', '温馨親子房【全屋智能+零壓床墊+乾濕分離】:HK$417']"
美豪麗致酒店（洛陽開元大道關林站店）,9.5,"['麗致雙床房（智能客控+羽絨被+電視投屏）:HK$356', '悦致大床房（智能客控+智能馬桶+羽絨被+記憶枕）:HK$403', '雅緻大床房（智能客控+55寸液晶電視+羽絨被+記憶枕）:HK$433', '零壓大床房（零壓床墊+記憶枕+全屋智能+羽絨被）:HK$504', '親子享樂房（卡通主題+小童帳篷+玩具+空氣凈化器）:HK$644']"
棲遲水岸民宿（洛陽洛邑古城十字街店）,9.7,"['水色·歸心·水景大床房（智能客控+乾濕三分離+冰箱）:HK$332', '遠山·河景大床房（智能+茶台冰箱+浴缸乾濕四分離）:HK$390', '青樸·榻榻米（智能+深睡床墊+浴缸乾濕四分離+冰箱）:HK$390', '三秋·河景大床房（智能+浴缸乾濕四分離+小冰箱）:HK$391']"
龍門智選假日酒店（洛陽龍門高鐵站東廣場店）,9.7,"['高級房 超大床（金可兒床墊 小冰箱 電視投屏）:HK$385', '高級房 2張單人床（金可兒床墊+小冰箱+電視投屏）:HK$385', '高級房 2張雙人床（金可兒床墊+小冰箱+電視投屏）:HK$446', '高級房·城景大床（ 金可兒床墊 小冰箱 電視投屏）:HK$446', '高級房 超大床 無障礙:HK$460']"
美豪酒店（洛陽火車站應天門地鐵站店）,9.5,"['靜謐雙床房（智能客控+乳膠記憶枕+零壓床墊+小冰箱）:HK$253', '精緻大床房（智能客控+乳膠記憶枕+零壓床墊+小冰箱）:HK$270', '雅緻大床房（智能客控+乳膠記憶枕+零壓床墊+小冰箱）:HK$293', '精緻雙床房（智能客控+乳膠記憶枕+零壓床墊+小冰箱）:HK$316', '雅緻雙床房（智能客控+乳膠記憶枕+零壓床墊+小冰箱）:HK$345']"
七尋酒店（隋唐洛陽城應天門店）,9.7,"['星黎·日常大床房丨智能客控:HK$255', '桃夭·雅緻大床房丨會員觀影:HK$284', '青棠·舒適小套房丨獨立客廳:HK$299', '木堇·高級大床房丨愜意空間:HK$299']"
洛陽萬怡酒店,9.4,"['豪華雙床房:HK$561', '豪華大床房:HK$589', '行政雙床房:HK$674', '行政大床房:HK$702', '行政尊豪大床房:HK$842', '行政套房:HK$1,311']"
欣源景緻酒店（洛陽應天門洛邑古城店）,9.4,"['雅緻loft大床房:HK$283', '雅緻loft雙人房:HK$283', '雅緻大床房:HK$294', '雅緻雙人房:HK$294', '零壓商務大床房:HK$359']"
洛陽餘舍酒店（龍門高鐵站體育中心店）,9.8,"['心·餘舍大床房｜零壓護脊床墊+空氣凈化器+環保傢俱+全屋地暖:HK$379', '心家大床房｜零壓護脊床墊+中央空調+環保傢俱:HK$393', '留餘大床房｜零壓床墊+中央空調+幹泡茶台+0醛環保:HK$448', '留餘雙床房｜零壓護脊床墊+中央空調+城市綠野景觀:HK$510', '捨得大床房（豪華）｜浴缸+黑膠唱片機+城市綠野景觀:HK$587']"
茉舍酒店（洛陽應天門店）,9.7,"['雅緻大床房（70寸大屏電視+影視會員+中央空調）:HK$278', '清心雙床房（中央空調+智能客控+影視會員）:HK$292', '清心大床房（智能客控+影視會員+小冰箱）:HK$302', '安寧大床房（大屏觀影+全屋智能+小冰箱）:HK$326']"
洛陽雪絨花酒店（應天門洛邑古城店）,9.7,"['高級大床房（智能馬桶+洗衣機+小冰箱）:HK$286', '豪華大床房（超大套房+智能馬桶+洗衣機+小冰箱）:HK$323', '豪華雙床房（超大套房+智能馬桶+洗衣機+小冰箱）:HK$409', '家庭套房（兩室一廳+智能馬桶+洗衣機+小冰箱）:HK$476', '童趣主題套房（兩室一廳+帳篷+智能馬桶+洗衣機+小冰箱）:HK$531']"
Ease House頤舍酒店（洛陽龍門高鐵站興洛湖地鐵站店）,9.5,"['優選大床房:HK$255', '優選雙床房:HK$255', '温馨大床房（羽絨床品+深度睡眠+中央空調）:HK$288', '温馨雙床房（羽絨床品+深度睡眠+乾濕分離）:HK$296', '遠景大床房（羽絨床品+中央空調+愜意外景）:HK$304']"
洛陽麗呈睿軒酒店（王城公園店）,9.7,"['商務大床房:HK$309', '商務標準間:HK$348', '豪華大床房:HK$458', '豪華三人間:HK$516', '親子房:HK$516']"
Begonia·晚亭裏酒店（隋唐洛陽城應天門遺址店）,9.5,"['Begonia·輕居晚亭大床房【全屋智能丨乾濕分離】:HK$166', 'Begonia·秋海棠大床房【全屋智能丨乾濕分離】:HK$195', 'Begonia·林野景觀大床房【全屋智能丨乾濕分離】:HK$253', 'Begonia·沐光浴缸大床房【全屋智能丨乾濕分離】:HK$253']"
鼓樓裏.民宿（洛邑古城麗景門十字街店）,9.7,"['永通·舒適大床房|Dyson戴森風筒|慕思床墊:HK$381', '定鼎·露台大床房|Dyson戴森風筒|零壓床墊:HK$400', '長夏·建國|暢享午後雙床房|Dyson戴森風筒|慕思床墊:HK$428', '上東·建陽|大床房|Dyson戴森風筒|慕思床墊:HK$557']"
仟那酒店（洛陽國花路地鐵站店）,9.8,"['仕居雙床房【智能小度|慢回憶枕|乳膠床墊】:HK$258', '仕居大床房【智能小度|慢回記憶枕|乳膠床墊|】:HK$258', '竹溪大床房【智能小度|乳膠床墊|中式韻味|深睡眠】:HK$270', '竹溪雙床房【智能小度|乳膠床墊|中式韻味|深睡眠】:HK$288', '隱士大床房【智能小度|乾濕分離|休閑沙發|深睡眠】:HK$305']"
怡程酒店（洛陽龍門高鐵站大學城店）,9.5,"['智能國風豪華大床房【乳膠床墊|高空景觀|秒睡記憶枕】:HK$434', '智能國風豪華雙床房【乳膠床墊|秒睡記憶枕|高空景觀】:HK$434', '智能國風商務雙床房【秒睡記憶枕|乳膠床墊|高空景觀】:HK$454']"
楓葉智選酒店（西工小街應天門地鐵站店）,9.8,"['智選大床房【全屋智能丨冰箱丨超大落地窗丨零壓枕】:HK$258', '高級大床房【全屋智能丨冰箱丨超大落地窗丨零壓枕】:HK$281', '智選雙床房【全屋智能系統丨冰箱丨零壓枕】:HK$303', '行政大床房【全屋智能丨冰箱丨古都夜景丨零壓枕】:HK$312', '高級雙床房【全屋智能丨冰箱丨高層觀景丨零壓枕】:HK$325']"
洛邑風華酒店（洛陽牡丹廣場萬達店）,9.8,"['零壓.輕奢大床房（巨幕投影+懶人沙發）:HK$235', '靜雅.高級雙床房（靜居高閣+乾濕分離+商務辦公）:HK$275', '城景.觀影家庭套房（超大空間+深度睡眠+高空觀景）:HK$355']"
古都御景酒店（隋唐應天門店）,9.4,"['輕奢大床房【智能馬桶|超清投屏電視】:HK$199', '輕奢雙床房【智能馬桶|超清投屏電視】:HK$199', '柏林影音大床房【巨幕投影丨零壓床墊丨乾濕分離】:HK$226', '古都御景大床房【全屋智能+零壓床墊+古都夜景】:HK$303', '古都御景雙床房【全屋智能+零壓床墊+星級床品】:HK$303']"
花築·遊子歸舍（河洛古城楊灣地鐵站店）,9.9,"['錦覓·大床房（四合院庭院景＋中式設計）:HK$294', '浮生·雙床房（四合院庭院景＋中式設計）:HK$316', '流年·大床房（四合院庭院景＋中式設計）:HK$360', '逸歸·雙床房（四合院＋中式設計+庭院景）:HK$404']"
麗呈文覽酒店（洛陽洛邑古城麗景門十字街店）,9.5,"['文人·智能大床房「靜謐觀景+0壓床品＋亞朵泡泡棉被芯」:HK$397', '雅士·豪華大床房「舒適靜謐+智能客控+零壓床墊枕芯」:HK$426', '特惠雙床房[智能客控+零壓床墊枕芯+亞朵泡泡棉被芯]:HK$426', '文人·靜謐·雙床房「零壓床墊＋0壓枕芯＋智能客控」:HK$454', '博覽·露台大床房「露台觀景+超大空間+零壓床品」:HK$454']"
仟那千尋酒店（洛陽明堂景區應天門店）,9.6,"['仕居智能大床房（智能客控+中式韻味+乳膠床墊）:HK$295', '仕居智能雙床房（智能客控+中式韻味+乳膠床墊）:HK$305', '竹溪智能大床房（智能客控+乾濕分離+智能馬桶）:HK$335', '竹溪智能雙床房（智能客控+乾濕分離+智能馬桶）:HK$345', '隱士智能家庭大床房（特大床）（智能客控+超大空間+中式韻味）:HK$374']"
洛陽鳳翔温泉酒店（龍門高鐵站店）,9.3,"['温泉私湯入户•雙床房:HK$412', '情侶湯屋入户•大床房:HK$412', '温泉私湯入户•大床房:HK$412', '特價雙人房（無泡池）:HK$412', '明月私密小院湯屋•雙床房:HK$477']"
全季酒店（洛陽應天門地鐵站店）,9.6,"['大床房（65寸電視手機投屏-房間超大）:HK$378', '高級大床房（65寸電視無線投屏+房間超大）:HK$403', '商務大床房（智能客控 房間超大）:HK$428', '高級雙床房（智能客控 超大雙床）:HK$428', '商務雙床房（落地大窗）:HK$468']"
洛陽和盛酒店（萬達廣場牡丹廣場地鐵站店）,9.6,"['城景大床房:HK$326', '零壓行政大床房:HK$343', '温馨家庭房:HK$412', '親子雙床房（帳篷）:HK$412']"
洛陽九都中路牡丹橋地鐵站亞朵酒店,9.7,"['雅緻大床房（亞朵深睡枕+亞朵深睡床墊+智能客控）:HK$514', '高級大床房（亞朵深睡枕+亞朵深睡床墊+智能客控）:HK$549', '行政大床房（亞朵深睡枕+亞朵深睡床墊+智能客控）:HK$584', '高級雙床房（亞朵深睡枕+亞朵深睡床墊+智能客控）:HK$601', '尊享大床房（亞朵深睡枕+亞朵深睡床墊+智能客控）:HK$619']"
麗呈別院·東山龍悅（龍門站龍門石窟店）,9.5,"['晨曦·雙床房（膠囊coffee機+精緻茶具）:HK$471', '望山·大床房（膠囊coffee機+精緻茶具）:HK$471', '浮光·套房（浴缸+膠囊coffee機+精緻茶具）:HK$585', '山嵐·套房（膠囊coffee機+精緻茶具）:HK$607', '龍門逸趣·家庭房:HK$653']"
花築·東陌上民宿（洛邑古城麗景門十字街店）,9.8,"['壹和·大床房（獨立庭院+巨幕投影+乳膠床墊+乾濕衞浴+中央空調）:HK$249', '叁吉·大床房（獨立庭院+巨幕投影+乳膠床墊+乾濕衞浴+中央空調）:HK$273', '伍福·大床房（獨立庭院+巨幕投影+乳膠床墊+乾濕衞浴+中央空調）:HK$273', '貳貴·雙床房（獨立庭院+巨幕投影+乳膠床墊+乾濕衞浴+中央空調）:HK$315']"
仟那美宿酒店（洛陽應天門西工小街店）,9.6,"['仕居零壓大床房【冷暖空調開放丨獨立辦公區丨慢回彈記憶枕丨電視投屏丨乾濕分離丨中式生活空間】:HK$246', '仕居零壓雙床房【冷暖空調開放丨獨立辦公區丨慢回彈記憶枕丨電視投屏丨乾濕分離丨中式生活空間】:HK$279', '竹溪零壓大床房【冷暖空調開放丨獨立軟包坐塌丨慢回彈記憶枕丨電視投屏丨全屋智能化小度丨乾濕分離】:HK$290', '竹溪零壓雙床房【冷暖空調開放丨獨立軟包坐塌丨慢回彈記憶枕丨電視投屏丨全屋智能化小度丨乾濕分離】:HK$308']"
Asics·叁房柒舍丨設計師屋頂花園·且晚且安民宿（洛邑古城店）,9.8,"['廣利舒適零壓大床房（乳膠床墊+智能馬桶+乾濕分離）:HK$275', '廣達院景雙床房（舒壓護脊乳膠床墊+護頸記憶枕+輕智能馬桶+乾濕3分離）:HK$303', '承福舒適零壓大床房（舒壓護脊乳膠床墊 +護頸乳膠枕 +輕智能馬桶 +乾濕3分離）:HK$313', '承義雅緻零壓雙床房（舒壓護脊乳膠床墊 +護頸乳膠枕 +輕智能馬桶 +乾濕3分離）:HK$323']"
隱居洛邑酒店（洛陽應天門洛邑古城店）,9.6,"['隱洛輕居大床房（全屋智能+零壓床墊+乾濕分離）:HK$518', '隱洛輕居雙床房（全屋智能+零壓床墊+乾濕分離）:HK$586', '隱世輕居大床房（全屋智能+零壓床墊+乾濕分離）:HK$604', '隱世輕居雙床房（全屋智能+零壓床墊+乾濕分離）:HK$610', '隱世奢享大床房（全屋智能+零壓床墊+乾濕分離）:HK$678']"
仟那千尋酒店（洛陽牡丹廣場萬達店）,9.5,"['仕居大床房（中式韻味+會客辦公）:HK$260', '仕居雙床房（靜謐觀景+中式韻味）:HK$298', '竹溪大床房（超大空間+落地觀景+俯瞰全城）:HK$298', '竹溪雙床房（超大空間+落地觀景+俯瞰全城）:HK$337', '零壓悠享大床房（180°觀景+零壓床品+俯瞰全城）:HK$337']"
洛陽華陽廣場國際大飯店,9.7,"['商務雙床房:HK$443', '商務大床房:HK$443', '豪華大床房:HK$654', '豪華雙床房:HK$654', '高級雙床房:HK$654', '高級大床房:HK$654']"
洛陽九都中路王府井漫心酒店,9.8,"['心雅舒適大床房【小冰箱+65寸電視投屏＋絲漣床墊】:HK$384', '心悦高級大床房【小冰箱+65寸電視投屏＋絲漣床墊】:HK$419', '心夢尊享大床房【小冰箱+65寸電視投屏＋絲漣床墊】:HK$454', '心怡標準雙床房【小冰箱+65寸電視投屏＋絲漣床墊】:HK$612', '心享豪華雙床房【小冰箱+65寸電視投屏＋絲漣床墊】:HK$664']"
喜鵲洛神酒店（隋唐城應天門景區店）,9.6,"['智選丨簡美大床房【智能窗簾+洗烘衣機+品牌洗護用品】:HK$352', '臻選丨艾美大床房【迷你冰箱+乳膠床墊+乾濕分離】:HK$418', '臻選丨艾美雙床房【迷你冰箱+乳膠床墊+乾濕分離】:HK$418', '凌空丨精英專享大床房【靜居高閣+乳膠床墊+朗闊雲庭】:HK$465', '凌空丨精英專享雙床房【靜居高閣+乳膠床墊+朗闊雲庭】:HK$465']"
洛陽泊客滙國際酒店（龍門高鐵站體育中心店）,9.3,"['城景雙床房（深睡床墊+城景風光）:HK$198', '園景大床房（深睡床墊+園景風光）:HK$198', '臻選大床房（空氣凈化器+足底按摩器+辦公桌椅）:HK$220', '臻選雙床房（空氣凈化器+足底按摩器+辦公桌椅）:HK$220']"
美居酒店（洛陽市政府店）,9.7,"['標準-大床房（超大落地窗+金可兒床墊+記憶深睡枕）:HK$402', '高級-大床房（超大落地窗+金可兒床墊+記憶深睡枕）:HK$444', '高級-雙床房（超大落地窗+金可兒床墊+記憶深睡枕）:HK$486', '嘉賓-大床房（超大落地窗+金可兒床墊+凈化加濕器）:HK$494', '嘉賓-雙床房（超大落地窗+金可兒床墊+記憶深睡枕）:HK$511']"
桔子酒店（洛陽洛邑古城應天門店）,9.6,"['大床房:HK$384', '高級大床房:HK$410', '雙床房:HK$437', '觀景高級大床房【動人夜景+拍照出片】:HK$437', '觀景雙床房【動人夜景+拍照出片】:HK$463']"
花築·竹隱漫居民宿（洛邑古城麗景門十字街店）,9.8,"['山茶.院景大床房（全屋智能+零壓床墊枕頭+中央空調）:HK$350', '花間.院景大床房（零壓床墊+全屋智能+中央空調）:HK$381', '白微.院景雙床房（全屋智能+零壓床墊枕頭+中央空調）:HK$443', '和樂·若水零壓雙床房（乳膠床墊+全屋智能+乾濕三分離+中央空調）:HK$483']"
仟那千尋酒店（洛陽洛邑古城麗景門十字街店）,9.5,"['仕居大床房【庭院觀景+乾濕分離】:HK$356', '仕居雙床房【開放景觀+幽靜清心】:HK$385', '竹溪大床房【智能客控+庭院觀景】:HK$403', '竹溪雙床房【智能客控+庭院觀景】:HK$432']"
喜鵲愉家旅館（洛陽龍門高鐵站體育中心店）,9.5,"['喜選·舒適大床房:HK$256', '簡美大床房:HK$284', '喜選·舒適雙床房:HK$284', '簡美雙床房:HK$313']"
洛陽一見客棧（應天門洛邑古城店）,9.4,"['玲瓏雅筑·漢服大床:HK$257', '明堂夜話·庭院大床:HK$273', '舒居雅韻·雙床客房:HK$273', '明堂映窗·雅筑大床:HK$295']"
