酒店名称,评分,房型价格列表
淄博銀座華美達大酒店,9.2,"['高級雙床房:HK$413', '高級大床房:HK$423', '豪華大床房:HK$592', '商務套房:HK$630', '海底小縱隊主題房:HK$662']"
玫瑰大酒店（淄博火車站八大局店）,9.1,"['特惠大床房B:HK$152', '特惠大床房A:HK$162', '商務大床間:HK$217', '商務雙床房:HK$217']"
全季酒店（淄博新村西路博物館店）,9.7,"['高級大床房:HK$279', '高級雙床房:HK$296', '商務大床房:HK$304', '商務雙床房:HK$321']"
淄博山東理工大學水晶街亞朵酒店,9.8,"['高級大床房（小度智能客控+電視投屏+恆温花灑+小冰箱）:HK$366', '行政大床房（小度智能客控+電視投屏+恆温花灑+小冰箱）:HK$391', '行政雙床房（小度智能客控+電視投屏+恆温花灑+小冰箱）:HK$409', '尊享大床房（小度智能客控+電視投屏+恆温花灑+小冰箱）:HK$418', '尊享雙床房（小度智能客控+電視投屏+恆温花灑+小冰箱）:HK$435']"
全季酒店（淄博金晶大道八大局市場店）,9.7,"['高級大床房:HK$314', '高級雙床房:HK$332', '商務大床房:HK$340', '商務雙床房:HK$358']"
淄博大街雅舍民宿,9.9,"['雅舍·樂遊B:HK$464', '雅舍·樂遊A:HK$569', '雅舍·古韻:HK$569', '雅舍·古韻雙床房B:HK$654', '雅舍·敍樂單床房:HK$702']"
宜尚酒店（淄博八大局萬象滙店）,9.6,"['舒適大床房（新風負氧+智能客控+零壓床墊）:HK$377', '舒適雙床房（新風負氧+智能客控+零壓床墊）:HK$385', '商務智能大床房（智能客控+智能馬桶+零壓床墊）:HK$393', '豪華智能大床房（智能客控+智能馬桶+零壓床墊）:HK$414']"
淄博海岱樓希爾頓歡朋酒店,9.5,"['舒適大床房:HK$635', '舒適雙床房:HK$635', '高級大床房:HK$663', '高級雙床房:HK$663', '豪華大床房:HK$692']"
花築·淄博康昊生態酒店,9.6,"['五陽山景大床房（智能投屏+液晶電視）:HK$233', '福山山景雙床房（小冰箱+智能投屏+液晶電視）:HK$264', '福山山景大床房（小冰箱+智能投屏液晶電視）:HK$264', '開元山景雙床房（小冰箱+智能投屏液晶電視）:HK$285']"
淄博八大局莫蘭迪酒店（火車站店）,9.6,"['高級大床房【無窗】（0壓床墊+小冰箱）:HK$275', '商務大床房（0壓床墊+小冰箱）:HK$359', '商務雙床房（0壓床墊+小冰箱）:HK$408', '豪華大床房（0壓床墊+浴缸＋小冰箱）:HK$456', '尊享大床房（0壓床墊+浴缸＋小冰箱）:HK$505']"
麗飴酒店（淄博萬象滙八大局店）,9.4,"['標準大床房:HK$205', '標準雙床房:HK$205', '豪華大床房:HK$233', '豪華雙床房:HK$233']"
知味齋·文昌書院酒店,9.8,"['宿雲軒園景大床房:HK$777', '宿雲軒雅緻雙床房:HK$777', '天海閣庭院雙床房:HK$888', '天海閣庭院大床房:HK$888', '沁香閣湖景小童大床套房:HK$1,555']"
淄博知味齋大飯店（周村古商城店）,9.7,"['魯韻·尊享大床房:HK$388', '魯韻·尊享雙床房:HK$407', '魯韻·園林觀景大床房:HK$426', '魯韻·豪華大床房:HK$493', '行政·城景大床房:HK$578', '行政·城景雙床房:HK$578']"
淄博唐莊酒店（中潤大道店）,9.4,"['豪華雙床房:HK$455', '豪華大床房:HK$483', '風尚雙床房:HK$503', '風尚大床房:HK$541']"
閲山河酒店（淄博八大局火車站店）,9.4,"['躺平治癒大床房（全屋智能）:HK$237', '閲景·智能大床房（全屋智能+小冰箱）:HK$265', '閲景·智能雙床房（全屋智能+小冰箱）:HK$284', '山河·豪華大床房（寬敞舒適+4K高清大屏電視+休閑沙發）:HK$284', '山河·豪華雙床房（休閑沙發+乾濕分離+智能馬桶）:HK$313']"
淄博喜來登酒店,9.4,"['豪華雙床房:HK$1,058', '尊貴豪華雙床房:HK$1,086', '豪華大床房:HK$1,151', '尊貴豪華大床房:HK$1,179', '豪華行政雙床房:HK$1,320', '大型客房:HK$1,370']"
桔子酒店（淄博臨淄大道店）,9.7,"['加州陽光大床房:HK$311', '加州陽光高級大床房:HK$329', '加州陽光觀景雙床房:HK$329', '加州陽光觀景大床房:HK$346']"
淄博張店八大局希爾頓歡朋酒店,9.6,"['舒適大床房:HK$694', '高級大床房:HK$712', '高級雙床房:HK$712', '豪華大床房:HK$745', '豪華雙床房:HK$745']"
淄博觀博陽光酒店（魯泰大道十一中店）,9.6,"['雅緻雙床房（智能投屏+徠芬吹風機+乾濕分離）:HK$289', '雅緻大床房（超大床+手機投屏+乾濕分離）:HK$298', '豪華雙床房（乾濕分離+舒適床品+手機投屏）:HK$318', '豪華大床房（乾濕分離+舒適床品+手機投屏）:HK$327', '豪華荷里活（超大床+手機投屏+乾濕分離）:HK$337']"
淄博大紅門酒店（山東理工大學博物館店）,9.2,"['特價大炕房:HK$153', '明清大炕房B:HK$171', '明清尊享大炕房（A朝陽）:HK$180', '明清豪華大炕房:HK$189']"
全季酒店（淄博萬達廣場海岱樓店）,9.8,"['高級大床房:HK$287', '高級雙床房:HK$287', '商務大床房:HK$329', '商務雙床房:HK$329']"
淄博山東理工大學北京路亞朵酒店,9.7,"['高級大床房（小度智能客控+電視投屏+恆温花灑+小冰箱）:HK$391', '行政雙床房（小度智能客控+電視投屏+恆温花灑+小冰箱）:HK$409', '行政大床房（小度智能客控+電視投屏+恆温花灑+小冰箱）:HK$427', '幾木雙床房（小度智能客控+電視投屏+恆温花灑+小冰箱）:HK$435', '幾木大床房（小度智能客控+電視投屏+恆温花灑+小冰箱）:HK$444']"
淄博齊軒酒店（陶瓷琉璃館山東理工店）,9.8,"['優享大床房（全屋智能客控+新風系統+零壓護脊）:HK$264', '商務大床房（全屋智能客控+新風系統+零壓護脊）:HK$293', '高級大床房（全屋智能客控+零壓護脊+冰箱）:HK$294', '豪華大床房（全屋智能客控+零壓護脊+冰箱）:HK$305']"
逸柏國際酒店（淄博萬象滙八大局店）,9.4,"['途選大床房【智能客控】:HK$161', '途選雙床房【智能客控】:HK$161', '途奢大床房【智能客控】:HK$184', '途奢雙床房【智能客控】:HK$184']"
淄博鼎成希爾頓花園酒店,9.4,"['豪華雙床房:HK$791', '花園大床房:HK$810', '豪華大床房:HK$847', '尊享雙床房:HK$847', '無障礙客房:HK$847']"
全季酒店（淄博上海路海岱樓店）,9.8,"['大床房:HK$321', '雙床房:HK$329', '高級大床房:HK$346', '商務大床房:HK$361']"
喬治莫蘭迪酒店（淄博萬象滙八大局店）,9.4,"['高級大床房（無窗）:HK$288', '商務大床房【零壓床墊】:HK$306', '雅緻大床房【零壓床墊】:HK$324', '商務雙床房【零壓床墊】:HK$325', '豪華大床房【浴缸】【零壓床墊】:HK$360']"
淄博高新區高鐵北站亞朵酒店,9.8,"['高級大床房（手機投屏）:HK$437', '高級雙床房（手機投屏）:HK$437', '行政大床房（手機投屏+小冰箱）:HK$472', '行政雙床房（手機投屏）:HK$472', '幾木雙床房（手機投屏+小冰箱+浴袍）:HK$507']"
淄博周村賓館（周村古商城店）,9.6,"['悦賓樓絲緣大床房:HK$254', '迎賓樓絲藴雙床房:HK$292', '迎賓樓絲藴大床房:HK$311', '悦賓樓絲緣豪華大床房:HK$378', '惠賓樓商務標準間:HK$416']"
如家商旅酒店（淄博火車站和平路店）,9.6,"['大床房（手機投屏+智能馬桶）:HK$244', '商務大床房（手機投屏+智能馬桶）:HK$261', '雙床房（手機投屏+智能馬桶）:HK$261', '高級雙床房（手機投屏+智能馬桶）:HK$276']"
維也納3好酒店（淄博金晶大道八大局市場店）,9.5,"['高級大床房:HK$323', '豪華大床房:HK$341', '高級雙床房:HK$341', '豪華雙床房:HK$359']"
全季酒店（淄博臨淄齊文化博物館店）,9.7,"['高級大床房:HK$311', '商務雙床房:HK$329', '商務大床房:HK$329', '家庭房:HK$346']"
桔子酒店（淄博柳泉路店）,9.6,"['高級大床房:HK$239', '商務大床房:HK$255', '豪華雙床房:HK$279', '豪華大床房:HK$287']"
淄博萬豪萬楓酒店,9.6,"['商務大床房:HK$611', '商務雙床房:HK$611', '優選大床房:HK$666', '優選雙床房:HK$666', '家庭房:HK$884']"
柏曼酒店（淄博淄川區政府蒲松齡故居店）,9.4,"['高級大床房（零圧床墊+手機投屏+安靜舒適）:HK$253', '高級雙床房（安靜舒適+零圧床墊+手機投屏）:HK$253', '智能高級大床房（零壓床墊+智能客控+安靜舒適）:HK$277', '豪華雙床房（安靜舒適+零壓床墊+手機投屏）:HK$283']"
IU酒店（淄博柳泉路店）,9.4,"['小U·精緻大床房（智能客控）:HK$181', 'U+智慧大床房（地暖開放）:HK$208', 'U+智慧雙床房（地暖開放）:HK$208', 'U+零壓豪華房（智能客控）:HK$234']"
柏曼酒店（淄博陶瓷琉璃館山東理工大學店）,8.9,"['高級大床房:HK$201', '商務雙床房:HK$229', '商務大床房:HK$229', '豪華雙床房:HK$242']"
全季酒店（淄博人民西路五里橋銀座店）,9.7,"['高級大床房:HK$222', '商務雙床房:HK$222', '商務大床房:HK$230', '舒壓高級大床房:HK$247']"
淄博北京路CBD桔子水晶酒店,9.8,"['大床房:HK$393', '雙床房:HK$410', '商務大床房（絲漣床墊+電視投屏+小冰箱+浴袍）:HK$427', '豪華大床房（絲漣床墊+電視投屏+小冰箱+浴袍）:HK$446', '商務雙床房（絲漣床墊+電視投屏+小冰箱+浴袍）:HK$446']"
如家艾扉酒店（淄博聯通路明清街店）,9.4,"['大床房:HK$129', '商務大床房:HK$136', '高級大床房:HK$143', '高級雙床房:HK$150']"
如家商旅酒店（淄博柳泉路火炬公園店）,9.6,"['大床房:HK$254', '商務大床房A:HK$261', '雙床房A:HK$276', '高級大床房:HK$276']"
陌上輕雅酒店（淄博蒲松齡故居度假區店）,9.5,"['風韻·宋潮花雅大床房:HK$219', '風韻·270°觀景觀影大床房:HK$236', '品學·江南坡頂大床房:HK$245', '雅緻·舒睡零壓雙床房:HK$245']"
藝選酒店（淄博萬象滙理工大學店）,8.8,"['精緻雙床-特惠房:HK$121', '精緻大床-特惠房:HK$121', '精選大床-特惠房:HK$136', '精選雙床-特惠房:HK$144']"
維也納國際酒店（臨淄區政府青銀高速路口店）,9.7,"['商務大床房:HK$290', '高級大床房:HK$296', '商務雙床房:HK$332', '行政大床房:HK$359']"
CLIFFHUB瀾舫酒店（淄博博山紅葉柿巖店）,9.7,"['商務大床房（鵝絨被+進口床墊+小冰箱+空氣凈化器）:HK$447', '豪華大床房（鵝絨被+進口床墊+小冰箱+空氣凈化器）:HK$537', '豪華雙床房（鵝絨被+進口床墊+小冰箱+空氣凈化器）:HK$627', '家庭房（鵝絨被+進口床墊+小冰箱+空氣凈化器）:HK$1,148', '行政陽光套房（鵝絨被+進口床墊+小冰箱+空氣凈化器）:HK$1,156']"
白玉蘭酒店（淄博八大局淄博站店）,9.3,"['零壓靜雅大床房:HK$192', '零壓靜雅雙床房:HK$210', '零壓舒雅雙床房:HK$226', '零壓舒雅大床房:HK$233']"
白玉蘭酒店（淄博周村古商城步行街店）,9.7,"['零壓輕雅大床房:HK$193', '智能舒雅大床房:HK$223', '零壓靜雅大床房:HK$237', '智能舒雅雙床房:HK$237']"
淄博嘉泰嵐途酒店,9.7,"['商務標準間:HK$190', '輕奢大床房:HK$190', '豪華智能大床房:HK$216', '豪華智能標準間:HK$216']"
漢庭酒店（淄博萬象滙八大局市場店）,9.8,"['大床房:HK$222', '高級大床房:HK$239', '商務大床房:HK$247', '雙床房:HK$262']"
張店區樂派青年旅舍,9.8,"['女生兩人間:HK$73', '無窗兩人間:HK$79', '陽光兩人間:HK$87', '舒適四人間:HK$184']"
淄博藍海國際大飯店,8.5,"['雅緻雙床房:HK$275', '雅緻大床房:HK$294', '尊雅雙床房:HK$304', '尊雅大床房:HK$313', '豪華雙床房:HK$351']"
全季酒店（淄博臨淄大道人民廣場店）,9.5,"['大床房:HK$299', '高級大床房:HK$299', '高級雙床房:HK$307', '家庭房:HK$332']"
龍韻·悦酒店（淄博八大局印象滙店）,9.0,"['茶悦榻榻米房（茶台）:HK$202', '心悦雙床房（零壓床墊+辦公桌椅）:HK$228', '心悦大床房（零壓床墊+辦公桌椅）:HK$228', '商悦大床房（零壓床墊+辦公桌椅）:HK$259']"
