酒店名称,评分,房型价格列表
桔子酒店（淄博臨淄大道店）,9.7,"['加州陽光大床房:HK$336', '加州陽光高級大床房:HK$355', '加州陽光觀景雙床房:HK$355', '加州陽光觀景大床房:HK$374']"
全季酒店（淄博上海路海岱樓店）,9.8,"['大床房:HK$365', '雙床房:HK$374', '高級大床房:HK$393', '商務大床房:HK$411']"
桔子酒店（淄博柳泉路店）,9.6,"['高級大床房:HK$274', '商務大床房:HK$292', '豪華雙床房:HK$321', '豪華大床房:HK$330']"
淄博齊軒酒店（陶瓷琉璃館山東理工店）,9.8,"['商務大床房（全屋智能客控+新風系統+零壓護脊）:HK$298', '高級大床房（全屋智能客控+零壓護脊+冰箱）:HK$302', '優享大床房（全屋智能客控+新風系統+零壓護脊）:HK$303', '豪華大床房（全屋智能客控+零壓護脊+冰箱）:HK$350']"
喬治莫蘭迪酒店（淄博萬象滙八大局店）,9.3,"['高級大床房（無窗）:HK$331', '商務大床房【零壓床墊】:HK$352', '雅緻大床房【零壓床墊】:HK$372', '商務雙床房【零壓床墊】:HK$373', '豪華大床房【浴缸】【零壓床墊】:HK$414']"
知味齋·文昌書院酒店,9.8,"['宿雲軒園景大床房:HK$957', '宿雲軒雅緻雙床房:HK$957', '天海閣庭院雙床房:HK$1,110', '天海閣庭院大床房:HK$1,110', '沁香閣湖景小童大床套房:HK$1,787']"
淄博大街雅舍民宿,9.9,"['雅舍·樂遊B:HK$534', '雅舍·樂遊A:HK$654', '雅舍·古韻:HK$654', '雅舍·古韻雙床房B:HK$752', '雅舍·敍樂單床房:HK$806']"
淄博山東理工大學麗呈酒店,9.6,"['舒適大床房（智能馬桶+電動窗簾+小度智能客控）:HK$594', '商務大床房（智能馬桶+電動窗簾+小度智能客控）:HK$620', '商務雙床房（智能馬桶+電動窗簾+小度智能客控）:HK$672', '城景智慧大床房（智能馬桶+電動窗簾+小度智能客控）:HK$672', '城景智慧雙床房（智能馬桶+電動窗簾+小度智能客控）:HK$716']"
曙曼酒店（淄博北站魯泰大道店）,9.0,"['曼島·榻榻米大床房（智能客控|智控投影）:HK$215', '雲渡·雅頌大床房（智能客控|可投屏電視）:HK$258', '安隅·商務雙床房（智能客控|可投屏電視）:HK$269', '格序·悦庭大床房（智能客控|可投屏電視）:HK$279']"
淄博銀座華美達大酒店,9.2,"['高級雙床房:HK$479', '高級大床房:HK$490', '豪華大床房:HK$687', '商務套房:HK$730', '海底小縱隊主題房:HK$768']"
山東齊盛國際賓館,9.4,"['豪華標準間:HK$502', '豪華單間:HK$568', '商務單間:HK$619', '豪華兩間套間:HK$1,136']"
淄博山東理工大學北京路亞朵酒店,9.7,"['高級大床房（小度智能客控+電視投屏+恆温花灑+小冰箱）:HK$412', '行政雙床房（小度智能客控+電視投屏+恆温花灑+小冰箱）:HK$430', '行政大床房（小度智能客控+電視投屏+恆温花灑+小冰箱）:HK$448', '幾木雙床房（小度智能客控+電視投屏+恆温花灑+小冰箱）:HK$457', '幾木大床房（小度智能客控+電視投屏+恆温花灑+小冰箱）:HK$465']"
逸柏國際酒店（淄博萬象滙八大局店）,9.4,"['途選大床房【智能客控】:HK$166', '途選雙床房【智能客控】:HK$166', '途奢大床房【智能客控】:HK$194', '途奢雙床房【智能客控】:HK$194']"
淄博喜來登酒店,9.4,"['豪華雙床房:HK$1,232', '尊貴豪華雙床房:HK$1,265', '豪華大床房:HK$1,341', '尊貴豪華大床房:HK$1,374', '豪華行政雙床房:HK$1,538', '大型客房:HK$1,596']"
淄博張店八大局希爾頓歡朋酒店,9.6,"['舒適大床房:HK$798', '高級大床房:HK$818', '高級雙床房:HK$818', '豪華大床房:HK$856', '豪華雙床房:HK$856']"
全季酒店（淄博臨淄齊文化博物館店）,9.7,"['高級大床房:HK$357', '商務雙床房:HK$378', '商務大床房:HK$378', '家庭房:HK$398']"
如家商旅酒店（淄博柳泉路火炬公園店）,9.6,"['大床房:HK$329', '商務大床房A:HK$338', '雙床房A:HK$357', '高級大床房:HK$357']"
淄博八大局莫蘭迪酒店（火車站店）,9.6,"['高級大床房【無窗】（0壓床墊+小冰箱）:HK$315', '商務大床房（0壓床墊+小冰箱）:HK$413', '商務雙床房（0壓床墊+小冰箱）:HK$469', '豪華大床房（0壓床墊+浴缸＋小冰箱）:HK$524', '尊享大床房（0壓床墊+浴缸＋小冰箱）:HK$580']"
全季酒店（淄博金晶大道八大局市場店）,9.7,"['高級大床房:HK$340', '高級雙床房:HK$358', '商務大床房:HK$369', '商務雙床房:HK$387']"
淄博高新區柳泉路亞朵酒店,9.5,"['高級大床房（可手機投屏）:HK$403', '行政大床房（可手機投屏）:HK$430', '高級雙床房（可手機投屏）:HK$448', '幾木大床房（迷你小冰箱+浴袍+手機投屏）:HK$457', '行政雙床房（迷你小冰箱+浴袍+手機投屏）:HK$474']"
麗飴酒店（淄博萬象滙八大局店）,9.4,"['標準大床房:HK$235', '標準雙床房:HK$235', '豪華大床房:HK$267', '豪華雙床房:HK$267']"
銀座精宿（淄博人民公園八大局店）,9.3,"['惠選雙床房（直飲水機）:HK$263', '惠選大床房（直飲水機）:HK$263', '優選大床房（直飲水機）:HK$281', '優選雙床房（直飲水機）:HK$281']"
淄博大學城漫亭花園酒店,9.7,"['舒適大床房:HK$403', '商務大床房:HK$436', '商務雙床房:HK$436', '行政大床房:HK$468', '家庭房:HK$490']"
星程酒店（淄博火車站八大局店）,9.1,"['大床房:HK$224', '高級雙床房:HK$234', '高級大床房:HK$243', '商務大床房:HK$254']"
柏曼酒店（淄博陶瓷琉璃館山東理工大學店）,8.9,"['高級大床房（品牌洗護+一線景觀）:HK$230', '商務雙床房（高層闊景+品牌床墊）:HK$263', '商務大床房（靜謐臻享+採光通透+城市夜景）:HK$263', '豪華雙床房（靜謐臻享+高層闊景+採光通透）:HK$278']"
淄博海悦瑞景酒店（淄博大學城店）,9.7,"['甄選大床房:HK$407', '甄選雙床房:HK$407', '清新氧吧雙床房:HK$444', '清新氧吧大床房:HK$444', '零壓大床房:HK$461']"
淄博萬豪萬楓酒店,9.6,"['商務大床房:HK$446', '商務雙床房:HK$446', '優選大床房:HK$501', '優選雙床房:HK$501', '家庭房:HK$719']"
CLIFFHUB瀾舫酒店（淄博博山紅葉柿巖店）,9.7,"['商務大床房（鵝絨被+進口床墊+小冰箱+空氣凈化器）:HK$514', '豪華大床房（鵝絨被+進口床墊+小冰箱+空氣凈化器）:HK$617', '豪華雙床房（鵝絨被+進口床墊+小冰箱+空氣凈化器）:HK$720', '家庭房（鵝絨被+進口床墊+小冰箱+空氣凈化器）:HK$1,319', '行政陽光套房（鵝絨被+進口床墊+小冰箱+空氣凈化器）:HK$1,329']"
柏曼酒店（淄博淄川區政府蒲松齡故居店）,9.4,"['高級大床房（零圧床墊+手機投屏+安靜舒適）:HK$313', '高級雙床房（安靜舒適+零圧床墊+手機投屏）:HK$313', '智能高級大床房（零壓床墊+智能客控+安靜舒適）:HK$343', '豪華雙床房（安靜舒適+零壓床墊+手機投屏）:HK$351']"
宜尚酒店（淄博八大局萬象滙店）,9.6,"['舒適大床房（新風負氧+智能客控+零壓床墊）:HK$433', '舒適雙床房（新風負氧+智能客控+零壓床墊）:HK$443', '商務智能大床房（智能客控+智能馬桶+零壓床墊）:HK$451', '豪華智能大床房（智能客控+智能馬桶+零壓床墊）:HK$476']"
鹿鸝酒店（萬象滙八大局店）,9.7,"['高級影音房【乾濕分離+徠芬吹風機+手機投屏】:HK$429', '特色景觀房【新風系統+智能馬桶+乾濕分離】:HK$470', '高級大床房【智能馬桶+手機投屏+乾濕分離+舒適床品】:HK$517', '高級雙床房【手機投屏+智能馬桶+乾濕分離】:HK$543', '高級影音套房【新風系統+大屏投影+智能馬桶】:HK$607']"
淄博周村賓館（周村古商城店）,9.6,"['悦賓樓絲緣大床房:HK$271', '迎賓樓絲藴雙床房:HK$315', '迎賓樓絲藴大床房:HK$337', '悦賓樓絲緣豪華大床房:HK$420', '惠賓樓商務標準間:HK$445']"
淄博嘉泰嵐途酒店,9.7,"['商務標準間:HK$219', '輕奢大床房:HK$219', '豪華智能大床房:HK$248', '豪華智能標準間:HK$248']"
全季酒店（淄博臨淄大道人民廣場店）,9.5,"['大床房:HK$361', '高級大床房:HK$361', '高級雙床房:HK$371', '家庭房:HK$402']"
淄博知味齋大飯店（周村古商城店）,9.7,"['魯韻·尊享大床房:HK$445', '魯韻·尊享雙床房:HK$468', '魯韻·園林觀景大床房:HK$490', '魯韻·豪華大床房:HK$566', '行政·城景大床房:HK$664', '行政·城景雙床房:HK$664']"
淄博海岱樓希爾頓歡朋酒店,9.5,"['舒適大床房:HK$729', '舒適雙床房:HK$729', '高級大床房:HK$762', '高級雙床房:HK$762', '豪華大床房:HK$795']"
閲山河酒店（淄博八大局火車站店）,9.3,"['躺平治癒大床房（全屋智能）:HK$333', '閲景·智能雙床房（全屋智能+小冰箱）:HK$344', '閲景·智能大床房（全屋智能+小冰箱）:HK$355', '山河·豪華大床房（寬敞舒適+4K高清大屏電視+休閑沙發）:HK$365', '山河·豪華雙床房（休閑沙發+乾濕分離+智能馬桶）:HK$386']"
淄博唐莊酒店（中潤大道店）,9.5,"['豪華雙床房:HK$523', '豪華大床房:HK$555', '風尚雙床房:HK$578', '風尚大床房:HK$622']"
白玉蘭酒店（淄博周村古商城步行街店）,9.7,"['零壓輕雅大床房:HK$195', '零壓舒雅大床房:HK$213', '零壓舒雅雙床房:HK$230', '零壓靜雅大床房:HK$230']"
如家商旅酒店（淄博火車站和平路店）,9.6,"['大床房（手機投屏+智能馬桶）:HK$284', '商務大床房（手機投屏+智能馬桶）:HK$303', '雙床房（手機投屏+智能馬桶）:HK$303', '高級雙床房（手機投屏+智能馬桶）:HK$321']"
白玉蘭酒店（淄博八大局淄博站店）,9.4,"['零壓靜雅大床房:HK$221', '零壓靜雅雙床房:HK$241', '零壓舒雅大床房:HK$254', '零壓舒雅雙床房:HK$260']"
淄博藍海國際大飯店,8.6,"['雅緻雙床房:HK$315', '雅緻大床房:HK$338', '尊雅雙床房:HK$349', '尊雅大床房:HK$360', '豪華雙床房:HK$404']"
維也納3好酒店（淄博金晶大道八大局市場店）,9.5,"['高級大床房:HK$283', '豪華大床房:HK$299', '高級雙床房:HK$299', '豪華雙床房:HK$314']"
淄博大紅門酒店（山東理工大學博物館店）,9.2,"['特價大炕房:HK$175', '明清大炕房B:HK$196', '明清尊享大炕房（A朝陽）:HK$206', '明清豪華大炕房:HK$217']"
中海國際酒店（淄博蒲松齡故居店）,8.8,"['商務雙床房:HK$252', '商務大床房:HK$260', '精選雙床房:HK$305', '精選大床房:HK$325']"
淄博溪林園大酒店（淄博職業學院北校區店）,9.1,"['豪華標準間:HK$471', '豪華大床房:HK$484']"
全季酒店（淄博人民西路五里橋銀座店）,9.7,"['高級大床房:HK$255', '商務雙床房:HK$255', '商務大床房:HK$264', '舒壓高級大床房:HK$283']"
馥茂齋酒店（淄博聯通路店）,9.5,"['舒適大床房（小度智控+智能馬桶+軟水淋浴）:HK$237', '精品大床房（小度智控+智能馬桶+軟水淋浴）:HK$289', '精品雙床房（小度智控+智能馬桶+軟水淋浴）:HK$289', '庭院大床房（小度智控+智能馬桶+露天小院）:HK$377']"
全季酒店（淄博萬達廣場海岱樓店）,9.8,"['高級大床房:HK$321', '高級雙床房:HK$321', '商務大床房:HK$369', '商務雙床房:HK$369']"
淄博般陽山莊（蒲松齡故居店）,9.6,"['商務標間:HK$325', '商務單間:HK$325', '行政單人間:HK$434', '行政標準間:HK$434', '親子房:HK$434']"
