酒店名称,评分,房型价格列表
柏曼酒店（淮安河下古鎮吳承恩故居店）,9.6,"['智能標準大床房:HK$315', '智能高級大床房（小度智能+全屋新風）:HK$358', '智能高級雙床房:HK$383', '智能豪華雙床房:HK$409']"
全季酒店（淮安萬達廣場河下古鎮店）,9.7,"['大床房:HK$280', '高級大床房:HK$290', '高級雙床房:HK$299', '家庭房:HK$309']"
淮安温德姆花園酒店,9.6,"['雅緻大床房:HK$392', '高級大床房:HK$429', '高級雙床房:HK$457', '豪華大床房:HK$476', '豪華雙床房:HK$504']"
淮安翔盛Pagoda君亭酒店,9.3,"['雲端·豪華大床房:HK$410', '雲端·豪華標準間:HK$416', '雲端·城市景觀房大床房:HK$464', '雲端·城市景觀房雙床房:HK$503', '雲端·運河景觀大床房:HK$526', '雲端·180°景觀大床房:HK$545']"
淮安蕭湖國際大酒店,9.5,"['高級雙床房:HK$490', '高級大床房:HK$490', '湖景大床房:HK$599', '湖景雙床房:HK$599', '特色豪華房:HK$894', '湖景套房:HK$1,735']"
淮安御碼頭花間亭·御守裏,9.7,"['煙波經典大床房:HK$942', '煙波高級雙床房:HK$1,225', '落霞經典大床房:HK$1,225', '落霞景觀高級大床房:HK$1,413', '雙燕景觀高級雙床房:HK$1,507', '嬉荷高級親子房:HK$2,167']"
淮安萬楓酒店,9.5,"['標準雙床房:HK$398', '標準大床房:HK$402', '高級大床房:HK$446', '高級雙床房:HK$479', '豪華大床房:HK$653']"
鹿見堂酒店（河下古鎮店）,9.6,"['林靜小居-大床房:HK$721', '古典雅緻-大床房:HK$803', '清風雅舍-商務套房:HK$905', '迷人花園:HK$925']"
淮安恩來紀念館開元名庭酒店,10.0,"['名成高級大床房（新風系統+智能客控+65寸電視可投屏）:HK$416', '名成高級雙床房（新風系統+智能客控+65寸可投屏）:HK$460', '名成豪華大床房（唐風設計+智能客控+大唐芙蓉香洗護）:HK$460', '名成豪華雙床房（唐風設計+智能客控+大唐芙蓉香洗護）:HK$504', '名成行政大床房（智能窗簾+唐風設計+大唐芙蓉香洗護）:HK$504']"
淮安鼎立國際大酒店,9.2,"['商務標準間:HK$326', '商務大床房:HK$358', '行政標準間:HK$435', '行政大床房:HK$435', '行政套房:HK$555', '豪華大床房:HK$664']"
淮安經開希爾頓歡朋酒店,9.6,"['舒適大床房:HK$413', '高級雙床房:HK$423', '高級大床房:HK$433', '豪華大床房:HK$452', '豪華雙床房:HK$461']"
淮安希博爾酒店（寶龍商業街店）,9.6,"['豪華大床房（智能馬桶+迷你冰箱+投屏電視+電動窗簾）:HK$305', '豪華雙床房（智能馬桶+迷你冰箱+投屏電視+電動窗簾）:HK$316', '深睡眠大床房（智能馬桶+迷你冰箱+投屏電視+電動窗簾）:HK$327', '深睡眠雙床房（智能馬桶+迷你冰箱+投屏電視+電動窗簾）:HK$338', '智能按摩大床房（智能馬桶+迷你冰箱+電動窗簾+空氣凈化器+投屏電視）:HK$349']"
淮安金陵海棠賓館,9.6,"['海棠大床房:HK$425', '高級大床房:HK$453', '豪華大床房:HK$546', '豪華雙床房:HK$546', '豪華套房:HK$1,735']"
淮安鉑爾曼酒店,9.3,"['高級雙床房:HK$396', '高級大床房:HK$396', '尊貴大床房:HK$461', '豪華大床房:HK$492', '行政雙床房:HK$636', '行政大床房:HK$636']"
淮安賓館,9.3,"['6號樓標準間:HK$281', '6號樓豪華雙床房:HK$345', '6號樓豪華大床房:HK$345', '6號樓家庭房:HK$345', '5號樓豪華標準間:HK$402']"
淮安蘇寧廣場大治路亞朵酒店,9.7,"['雅緻大床房:HK$314', '高級雙床房:HK$332', '高級大床房:HK$349', '幾木大床房（智能馬桶+65寸投屏電視+亞朵深睡枕）:HK$439', '幾木雙床房（智能馬桶+65寸投屏電視+亞朵深睡枕）:HK$439']"
淮安高鐵金陵大酒店,9.6,"['高級大床房:HK$696', '高級雙床房:HK$696', '豪華雙床房:HK$820', '豪華大床房:HK$820', '行政大床房:HK$944', '行政雙床房:HK$944']"
淮安金陵大酒店,9.5,"['標準雙床房:HK$327', '標準大床房:HK$327', '舒適大床房:HK$327', '舒適雙床房:HK$327', '高級大床房:HK$501', '高級雙床房:HK$501']"
宜尚酒店（淮安洪澤湖大道店）,9.6,"['ECHARM 丨 舒適大床房 （全屋智控+深睡雅居）:HK$171', 'ECHARM｜舒適雙床房（全屋智控+大隱於市）:HK$185', 'ECHARM 丨 高級大床房 （全屋智控+陽光滿屋）:HK$194', 'ECHARM 丨 高級雙床房 （全屋智控+舒適床品）:HK$255', 'ECHARM 丨 豪華大床房 （全屋智控+幽眠好夢）:HK$255']"
安元商旅酒店（淮安河下古鎮周恩來紀念館店）,9.6,"['智能大床房:HK$198', '智能高級大床房:HK$204', '智能高級雙床房:HK$210', '智能商務大床房:HK$222']"
淮安富力萬達嘉華酒店,9.4,"['豪華雙床房:HK$501', '豪華大床房:HK$501', '高級豪華大床房:HK$610', '豪華湖景大床房:HK$669', '行政雙床房:HK$826', '行政大床房:HK$826']"
格酈酒店（淮安河下古鎮周恩來紀念館店）,9.5,"['舒適大床房:HK$184', '精緻大床間:HK$192', '精緻雙床房:HK$192', '豪華大床房:HK$227']"
全季酒店（淮安蘇寧廣場店）,9.7,"['大床房:HK$297', '高級大床房:HK$307', '雙床房:HK$316', '商務大床房:HK$335']"
淮安大學城陽光湖亞朵酒店,9.8,"['高級大床房（小度+電動窗簾+深睡床墊+深睡枕）:HK$305', '高級雙床房（小度+電動窗簾+深睡床墊+深睡枕）:HK$323', '尊享大床房（小度+電動窗簾+深睡床墊+深睡枕）:HK$332', '尊享雙床房（小度+電動窗簾+深睡床墊+深睡枕）:HK$358', '尊享湖景大床房（小度+電動窗簾+深睡床墊+深睡枕）:HK$376']"
淮安金陵國際酒店,9.3,"['高級雙床房:HK$335', '高級大床房:HK$335', '豪華雙床房:HK$384', '豪華大床房:HK$384', '商務大床房:HK$426', '夢百合零壓大床房（帶0壓床墊+記憶枕）:HK$458']"
淮安河下古鎮美居酒店,9.7,"['高級大床房（高空城景+小冰箱+65寸投屏電視+金可兒床墊）:HK$412', '豪華房大床（高空城景+小冰箱+65寸投屏電視+金可兒床墊）:HK$432', '行政豪華房雙床（小冰箱+65寸投屏電視+金可兒床墊）:HK$452', '行政豪華房大床房（高空城景+小冰箱+65寸投屏電視+金可兒床墊）:HK$462', '嘉賓房大床（高空城景+小冰箱+65寸投屏電視+金可兒床墊）:HK$492']"
淮安城市名人酒店,9.6,"['高級雙床房:HK$337', '高級大床房:HK$337', '豪華商務雙床房:HK$402', '豪華商務大床房:HK$402', '行政大床房:HK$501']"
淮安區萬達廣場錦江都城酒店,9.7,"['精緻大床房（乾濕分離+55寸電視投屏）:HK$281', '風雅大床房（乾濕分離+55寸電視投屏）:HK$298', '風雅雙床房（乾濕分離+55寸電視投屏）:HK$311', '都會大床房（負離子氧吧+乾濕分離+55寸電視投屏）:HK$311', '都會雙床房（乾濕分離+55寸電視投屏）:HK$339']"
淮安環亞麗呈華廷酒店（恩來紀念館河下古鎮店）,9.6,"['商務大床房:HK$424', '商務雙床房:HK$424', '零壓速眠大床房:HK$468', '零壓速眠雙床房:HK$468', '180°雲景·行政雙床房:HK$480', '180°雲景·行政大床房:HK$523']"
全季酒店（淮安生態新城翔宇大道店）,9.9,"['商務大床房（超大辦公桌+迷你冰箱+智能聲控）:HK$289', '高級大床房（超大辦公桌+65寸電視投屏+智能聲控）:HK$298', '高級雙床房（拾光茶具+65寸電視投屏+智能聲控）:HK$298', '套房（大空間會客廳+智能聲控）:HK$381']"
桔子酒店（淮安蘇寧廣場店）,9.8,"['雙床房:HK$302', '高級大床房:HK$312', '商務大床房:HK$398', '套房:HK$488']"
桔子酒店（淮安萬達廣場店）,9.7,"['加州陽光版高級大床房:HK$302', '加州陽光版商務大床房:HK$311', '加州陽光版高級雙床房:HK$321']"
淮安迎賓館（淮安市人民大會堂博物館店）,9.4,"['普通雙床房:HK$217', '精緻大床房:HK$271', '商務雙床房:HK$337', '商務大床房:HK$337', '行政豪華雙床房:HK$358']"
星海辰商務酒店（淮安市政府吾悦廣場店）,9.4,"['簡約無窗大床房（65寸液晶大屏+新風系統+智能馬桶）:HK$191', '舒適零壓大床房（65寸液晶大屏+智能馬桶+乳膠零壓床品）:HK$208', '簡約無窗雙床房（65寸液晶大屏+新風系統+智能馬桶）:HK$208', '質感零壓大床房（65寸液晶大屏+智能馬桶+乳膠零壓床品+智能客控系統）:HK$226']"
淮安水渡口大道亞朵酒店,9.7,"['雅緻大床房（投屏電視+迷你冰箱+普蘭特床墊）:HK$296', '高級大床房（投屏電視+迷你冰箱+普蘭特床墊）:HK$314', '高級雙床房（投屏電視+迷你冰箱+普蘭特床墊）:HK$323', '行政大床房（投屏電視+迷你冰箱+普蘭特床墊）:HK$349', '行政雙床房（投屏電視+迷你冰箱+普蘭特床墊）:HK$430']"
淮安京仕國際酒店,9.3,"['商務大床房:HK$293', '街景雙床房:HK$293', '商務標準間:HK$304', '豪華標準間:HK$337', '親子雙床房:HK$337']"
全季酒店（淮安區萬達廣場店）,9.8,"['高級大床房:HK$301', '高級雙床房:HK$311', '套房:HK$396']"
淮安神旺大酒店（淮安萬達廣場花街店）,9.5,"['旺運精緻大床房:HK$327', '旺運精緻雙床房:HK$327', '旺緣湖景大床房:HK$359', '旺緣湖景雙床房:HK$359', '許願旺主題大床房:HK$523']"
安悅雲天酒店（淮安河下古鎮店）,9.3,"['躺平治癒大床房:HK$143', '滾來滾去大床房:HK$164', '設計師行政大床房:HK$182', '慕斯雙床房:HK$189']"
全季酒店（淮安淮海北路曼度廣場店）,9.8,"['高級大床房:HK$289', '高級雙床房:HK$298', '商務大床房:HK$331']"
曙光薇酒店（淮安大學城店）,9.7,"['高級大床房:HK$271', '高級雙床房:HK$283', '商務城景雙床房:HK$324', '商務城景大床房:HK$324', '豪華景觀雙床房:HK$371']"
淮安雷卡納酒店,9.5,"['蘇超特惠大床房:HK$197', '高級大床房:HK$218', '商務大床房:HK$244', '豪華大床房:HK$286']"
淮安洪澤藝龍美程酒店,9.5,"['美凈大床房:HK$192', '美致大床房:HK$239', '美凈雙床房:HK$248', '美滿家庭房:HK$362', '藝龍美程套房:HK$516']"
美豪酒店（淮安市政府吾悦廣場店）,9.6,"['高級大床房:HK$283', '高級雙床房:HK$300', '暢享影院大床房（VIP沉浸式觀影）:HK$316', '質感大床房（負氧離子森林氧吧）:HK$324', '質感雙床房（負氧離子森林氧吧）:HK$341']"
淮安大千天鵝灣温泉酒店,9.5,"['高級雙床房:HK$401', '高級大床房:HK$401', '景觀大床房:HK$435', '景觀雙床房:HK$435', '豪華套房:HK$628']"
全季酒店（淮安缽池山公園店）,9.7,"['大床房:HK$293', '高級大床房:HK$302', '雙床房:HK$302', '套房:HK$416']"
全季酒店（淮安寶龍商業街店）,9.7,"['高級大床房:HK$311', '商務大床房:HK$321', '雙床房:HK$321', '高級雙床房:HK$341']"
淮安星洲酒店（方特大道店）,9.3,"['舒適大床房（智能語音系統）:HK$330', '高級大床房（智能語音系統）:HK$372', '智能語音雙床房:HK$372', '精緻大床房:HK$424']"
藝龍安悅酒店（淮安深圳路缽池山公園店）,9.2,"['大床房（智能客控+手機投屏）:HK$220', '高級大床房（智能客控+手機投屏）:HK$229', '高級雙床房（智能客控+超大空間+手機投屏）:HK$240', '影音大床房（智能客控+百寸巨幕投影+手機投屏）:HK$264']"
維也納國際酒店（淮安市政府河下古鎮店）,9.6,"['高級大床房:HK$278', '高級雙床房:HK$309', '景觀大床房:HK$320', '豪華家庭房:HK$372', '商務大床房:HK$372']"
逸棧民宿,9.7,"['山居秋暝:HK$435', '春夜喜雨:HK$490', '雪月相宜:HK$620', '秋涼晚步:HK$620']"
如家精選酒店（淮安大學城北京南路店）,9.6,"['商務大床房（手機投屏+舒適安睡空間+零壓床墊）:HK$216', '高級雙床房（手機投屏+舒適安睡空間+零壓床墊）:HK$216', '高級大床房（手機投屏+舒適安睡空間+零壓床墊）:HK$238', '家庭房（手機投屏+舒適安睡空間+零壓床墊）:HK$246']"
漢庭酒店（淮安富康城店）,9.7,"['高級大床房:HK$189', '商務大床房:HK$198', '高級雙床房:HK$198']"
淮安美倫精品酒店,9.5,"['商務單間:HK$228', '雅緻標間:HK$239', '雅緻單間:HK$239', '美致單間:HK$239', '精緻標間:HK$261']"
全季酒店（淮安大學城淮海南路店）,9.8,"['雙床房:HK$296', '大床房:HK$305', '高級雙床房:HK$315', '高級大床房:HK$325']"
淮安君嶼國際酒店,9.5,"['境嶼雙床房:HK$249', '境嶼大床房:HK$260', '君嶼雙床房:HK$293', '君嶼大床房:HK$304', '山嶼豪華大床房:HK$358']"
