酒店名称,评分,房型价格列表
清遠古龍峽·河中温泉VLOG酒店,9.5,"['森林墅·園景大床房|私家泡池:HK$1,364', '草原帳篷房|私家泡池:HK$1,471', '精靈樹屋|私家泡池:HK$1,471', '森林墅·湖畔複式套房|私家泡池:HK$1,471', '森林墅·湖畔大床別墅|私家泡池:HK$1,471', '森林墅·豪華雙床別墅|私家泡池:HK$1,471']"
清遠丁香花園酒店,9.4,"['標準雙床房:HK$445', '江景雙床房:HK$494', '標準大床房:HK$597', '江景大床房:HK$637', '標準套房:HK$943', '江景套房:HK$1,159']"
清遠人民路希爾頓歡朋酒店,9.7,"['舒適大床房:HK$411', '舒適雙床房:HK$440', '高級大床房:HK$458', '高級雙床房:HK$487', '豪華雙床房:HK$524']"
喆·啡酒店（清遠大道清城輕軌站店）,9.7,"['醇享生活大床房:HK$325', '啡凡高級大床房:HK$369', '啡凡高級雙床房:HK$369', '啡凡豪華雙床房:HK$391', '啡凡奢華大床房:HK$391']"
芸山雅筑（英西峯林走廊店）,9.8,"['標準雙床房（低樓層）:HK$427', '中層雙床房:HK$520', '高層大床房:HK$576', '中層親子雙床房:HK$576']"
英德·松香山舍The Rosin Valley Villa & SPA（積慶裏仙湖店）,9.7,"['野奢私享【天然温泉】雙床房:HK$740', '野奢私享【天然温泉】大床房:HK$740', '松香·野奢真温泉別墅4房4私池（大庭院+大燒烤池+KTV+麻雀+智能馬桶+大廚房）:HK$3,377', '松香·野奢真温泉別墅5房5私池（大庭院+大燒烤池+KTV+麻雀+智能馬桶+大廚房）:HK$3,752']"
英德芸居度假酒店（英西峯林走廊店）,9.4,"['高級大床房:HK$541', '高級雙床房:HK$541', '山景雙床房:HK$652', '山景大床房:HK$652', '家庭親子房:HK$759']"
清遠清新希爾頓歡朋酒店,9.5,"['高級大床房（帶沙發床）:HK$470', '高級雙床房:HK$470', '豪華大床房（帶沙發床）:HK$557', '豪華雙床房:HK$557', '歡朋套房:HK$994']"
鉑頓國際公寓（清遠樵順廣場店）,9.0,"['雅緻城景大床房（城景大陽台+坐卧長沙發+深睡床墊）:HK$189', '輕奢城景大床房（城景大陽台+超大空間+坐卧長沙發）:HK$212', '輕奢城景雙床房（城景大陽台+超大空間+坐卧長沙發）:HK$236', '奢享行政家庭套房（城景大陽台+雙卧室+大會客區）:HK$283']"
清遠樂龍温泉民宿,9.2,"['山景私家泡池大床房:HK$543', '山景温泉房（子母床）:HK$585', '山景雙床房:HK$628', '親子套房:HK$938']"
清遠佛岡特蘭諾温泉度假酒店,9.5,"['雙床房·慕雲觀山（別墅山景+巨幕投影）:HK$969', '雙床房·行雲流水（網紅浴缸+湖景露台）:HK$1,107', '超大床·行雲流水·情侶套房（網紅浴缸+湖景露台）:HK$1,169', '雙床房·熹樂融融家庭房（趣味主題+私家湯池）:HK$1,274', '一室一廳·夜攬星河温泉套房（私家湯池+湖景露台）:HK$1,444']"
清遠桃花湖芊芸湖舍民宿,9.7,"['全湖景榻榻米房| 180°湖景 | 私享茶具丨優質睡眠床品丨觀晚霞·日落:HK$577', '一線湖景 | 親子雙床房 | 私享茶具 | 優質睡眠床品 | 觀日落·晚霞:HK$577', '—線湖景丨兩房四床兩衞家庭房丨觀景陽台丨優質睡眠床品丨觀日落·晚霞:HK$1,134', '日落湖景丨兩房兩衞+大陽台丨超視野湖景C位丨私享大露台丨拍照出片丨圍爐煮茶:HK$1,191']"
全季酒店（清城區清遠大道店）,9.6,"['高級大床房:HK$311', '高級雙床房:HK$329', '商務大床房:HK$329', '家庭房:HK$385', '套房:HK$424']"
城市便捷酒店（清遠城市廣場和富東成店）,9.4,"['標準大床房:HK$186', '標準雙床房:HK$194', '商務大床房:HK$201', '商務雙床房:HK$209']"
英德巒上·憩温泉民宿（積慶裏仙湖旅遊度假區店）,9.7,"['月色四合院温泉大床房:HK$771', '荷塘四合院親子温泉房:HK$884', '月色四合院親子温泉房:HK$884', '荷塘四合院親子雙床温泉房:HK$884']"
秀山一色懸崖山居,9.9,"['湖景陽光星空房:HK$836', '雨花•湖景湯泉大床房:HK$1,073', '湖景湯泉雙床房:HK$1,197', '紅玉•湖景湯泉大床房:HK$1,197']"
清遠新世界酒店,9.4,"['豪華大床房:HK$1,224', '豪華雙床房:HK$1,224', '豪華庭院大床房:HK$1,378', '豪華庭院雙床房:HK$1,378', '豪華園景大床房:HK$1,378', '豪華園景雙床房:HK$1,378']"
清遠美林國際酒店（清新古龍峽飛來湖公園店）,9.1,"['舒適雙床房:HK$211', '新裝修高級雙人房:HK$259', '新裝修豪華雙床房:HK$270', '美林·新裝修豪華180°城市景觀大床房:HK$282', '城景舒適大床房（主題設計+城市景觀）:HK$291']"
清遠新好來登國際酒店,9.4,"['精品大床房（小度智能）:HK$372', '怡景大床房（智能客控+迷你冰箱）:HK$474', '怡景雙床房（智能客控+迷你冰箱）:HK$474', '江景大床房（小度智能+北江美景）:HK$539', '江景雙床房（小度智能+北江美景）:HK$539']"
U民宿（清遠長隆大道店）,9.6,"['舒適大床房:HK$160', '温馨大床房:HK$191', '舒適親子雙床房:HK$191', '輕享親子雙床房:HK$240']"
富德國際酒店（清遠市體育公園人民醫院店）,9.0,"['精緻大床房:HK$247', '精緻雙床房:HK$247', '高級雙床房:HK$292', '高級大床房:HK$292']"
清遠山特曼民宿,9.3,"['蝴蝶灣水晶湖9房泳道合院湯泉別墅全屋智能+湯泉泡池:HK$?', '豪華6房泳道合院別墅全屋智能+花園湯泉泡池+獨立尊享奢華KTV+健身房+麻將+街機+自助廚房+中式茶台:HK$?', '豪華四房全屋智能+花園湯泉泡池+街機:HK$?', '水晶湖尊享8房泳道合院別墅全屋智能+花園湯泉泡池+KTV:HK$?']"
美豪麗致酒店（清遠清城店）,9.2,"['麗致大床房（零壓床墊）:HK$349', '麗致雙床房（零壓床墊）:HK$349', '麗致城景大床房（零壓床墊）:HK$359', '麗致城景雙床房（零壓床墊）:HK$359', '雅緻大床房（舒適床墊+空間寬敞）:HK$380']"
清遠三季稻温泉民宿,9.6,"['日式情侶大床房:HK$592', '舒適温馨雙床房:HK$611', '星空一房一廳大雙床房:HK$778', '温馨親子房:HK$871']"
成珊酒店,9.4,"['高級雙床房:HK$427', '豪華大床房:HK$470', '豪華雙床房:HK$470', '高級大床房:HK$522']"
雲漫温泉民宿,9.5,"['雲喜·大床房:HK$389', '雲喜·雙床房:HK$389', '雲喜·陽台雙床房:HK$419', '雲喜·雅緻大床房（帶私家泡池）:HK$564']"
清遠古龍峽古龍酒店,9.2,"['尋龍雙床房:HK$703', '古龍大床房:HK$703', '古龍雙床房:HK$809', '古龍三人房:HK$916', '古龍四人房:HK$1,023']"
英德趣墅心花小鎮煙雨江南温泉度假村,9.0,"['憶江南·2房3床別墅（泡池·麻將·碳烤爐）:HK$653', '印象沐野·2房3床別墅（KTV·泡池·麻將·碳烤爐）:HK$762', '竹枝詞·3房5床別墅（泡池·街機·麻將·碳烤爐）:HK$872', '楊柳枝·4房7床別墅（泡池·街機·麻將·碳烤爐）:HK$981']"
海悦大酒店（清遠順盈時代廣場清城站店）,8.8,"['優享單人房（新祕境好眠+180度清遠美景+親膚面料）:HK$174', '奢悦大床房（城市180度景觀+商務辦公桌+獨立淋浴間）:HK$188', '優享雙人房（推窗見景+祕境房好眠+180°城市景觀）:HK$188', '奢悦雙人房（房間帶冰箱+180度美景）:HK$200']"
卡皮巴拉民宿（清遠長隆大道店）,9.4,"['豪華大床房:HK$216', '原木風大床房:HK$228', '復古風大床房:HK$228', '現代風大床房:HK$228']"
黃騰峽棲岸民宿（清遠大學城店）,9.1,"['覓峯小舍·大床房:HK$371', '日落亭台·大床房:HK$444', '朗月雙棲·雙床房:HK$489', '慕遲西景·浴膳私湯大床房:HK$507']"
嘉隆酒店（清遠長隆大道店）,9.8,"['舒享·雅緻大床房（品牌床墊+舒適好眠）:HK$481', '舒享·雅緻雙床房（55寸大屏電視+高速WIFI）:HK$500', '智能·景觀大床房（全屋智能+靜音床墊+俯瞰城景）:HK$515', '智能·景觀雙床房（全屋智能+俯瞰夜景+舒適好眠）:HK$515']"
清遠遠光雅閣酒店（清新古龍峽店）,9.4,"['舒適大床房:HK$351', '舒適雙床房:HK$362', '園景高級大床房:HK$365', '娛樂歡樂系-國粹大床房:HK$408', '晨曦夕陽高級雙床房:HK$430']"
喆·啡酒店（清遠清城加州花園店）,9.6,"['醇享生活房:HK$262', '醇享大床房:HK$286', '醇享雙床房:HK$302', '啡凡大床房:HK$310']"
清遠際華園愛尚度假別墅,9.8,"['梨園·兩房四床温泉別墅|私湯温泉池|KTV|麻將:HK$1,306', '夏至·三房四床温泉別墅|一線湖景|私湯温泉池KTV麻將:HK$1,570', '晚秋·三房四床温泉別墅|超大温泉池|私湯温泉池KTV麻將:HK$1,746', '春曉•三房五床温泉別墅|前後大花園|私湯温泉池KTV麻將:HK$1,833']"
清遠安野.佩樂温泉民宿,9.6,"['全景觀温泉泡池雙床房丨私家觀景泡池+落地窗庭院景觀:HK$773', '私家影音温泉大床一房套房丨私家泡池+私家投影+榻榻米茶室+落地窗庭院景觀:HK$818', '全景觀温泉泡池大床房丨私家觀景泡池+180度全落地窗庭院景觀:HK$888', '私家庭院温泉雙床套房|私家庭院+庭院户外超大温泉泡池:HK$922', '溪畔野趣私家庭院温泉套房|臨溪獨棟+超大户外温泉泡池+超大雙床+溪畔私家庭院:HK$977']"
森泊公寓（清遠長隆大道店）,9.8,"['清風·覓靜大床房（獨立陽台）:HK$207', '棲山·靜謐大床房（零壓床墊+雲朵大沙發+獨立陽台）:HK$213', '悦已·舒適大雙床房（獨立陽台）:HK$220', '悦享·輕奢大雙床房（零壓床墊+高層+獨立陽台）:HK$227']"
清遠古龍峽雲汐宿墅,9.6,"['雲汐·遠山大床房:HK$424', '雲汐·普通雙床房:HK$424', '雲汐·普通大床房:HK$424', '雲汐·舒適大床房:HK$424']"
江瀾·覓灣民宿,9.9,"['【覓•悠岸】江景日落大床房:HK$405', '【瀾·靜恬】江景日落大床房:HK$405', '【覓·自在】超大落地窗江景雙床房:HK$511', '【覓·初見】超大落地窗江景雙床房:HK$612']"
山裡人家民宿,9.8,"['淡雅傾心庭院房:HK$334', '暮雲春樹景緻房:HK$357', '四季沐風觀景房:HK$471', '自在賞月天台房:HK$471']"
畔山居民宿（古龍峽店）,9.7,"['畔山·簡樸原木風·大床房:HK$562', '畔山.藤藝簡約.山景大床房:HK$565', '畔山·簡樸原木風·雙床房:HK$680', '畔山·原木簡樸·花園山景·大床房:HK$680']"
喜柚温泉民宿,9.3,"['空中花園房:HK$442', '精緻雙床房:HK$627', '精緻大床房:HK$627', '肆喜•精緻大床房:HK$627']"
清遠米墅稻田野舍温泉民宿,9.5,"['四季堂·大床房｜獨立温泉泡池+陽台私家茶台:HK$716', '四季堂·雙床房｜獨立温泉泡池+陽台私家茶台:HK$716', '聽鳥大床房｜全景玻璃+庭院獨立温泉泡池+露台觀景茶室:HK$814', '沐雨雙床房｜全景玻璃+庭院獨立温泉泡池+露台觀景茶室:HK$814']"
清遠長隆長頸鹿城堡酒店,9.1,"['斑馬雙床房:HK$1,527', '斑馬大床房:HK$1,527', '鹿趣大床房:HK$1,745', '鹿趣雙床房:HK$1,745', '萌趣大床房:HK$1,964', '鹿趣家庭房:HK$2,182']"
有居民宿（清遠太和古洞古龍峽店）,9.4,"['無塵-標準大床房:HK$655', '若谷-園景大床房:HK$763', '雲門-標準雙床房:HK$872', '無為-高級大床房:HK$982']"
壹山大羅山茶園民宿,7.7,"['205[秋分】簡約日落雙床房:HK$485', '306【山悦】榻榻米日落雙床房:HK$485', 'A02【輕奢木屋】大床房:HK$485', 'A05，[花園木屋】大床房:HK$485']"
八畝晴川·英德,9.6,"['園景榻榻米大床房:HK$472', '園景榻榻米雙床房:HK$472', '庭院榻榻米大床房:HK$767', '庭院大床房:HK$767', '複式山景大床房:HK$767']"
宜尚酒店（清遠清城站市政府店）,9.5,"['智能特惠大床房（舒適安靜-手機投屏+智能客控）:HK$208', '高級大床房（舒適安靜-智能客控-記憶枕頭）:HK$218', '高級雙床房（舒適安靜-智能客控-新風系統-）:HK$218', '豪華大床房（採光明亮-手機投屏-舒適床墊-）:HK$237']"
凱里亞德酒店（清遠城市廣場店）,9.5,"['輕享雙床房:HK$260', '輕享大床房:HK$270', '榮享大床房:HK$301', '榮享雙床房:HK$301']"
清遠竹意居民宿（古龍峽店）,9.8,"['花漾·舒適大床房（花園木屋+乾濕分離+深度好眠）:HK$315', '花漾·舒適雙床房（花園木屋+乾濕分離+深度好眠）:HK$358', '竹柚·山禾大床房（投影儀+觀景落地+山景+智能化粧鏡）:HK$402', '竹言·曦光雙床房（投影儀+露台+觀景落地+智能化粧鏡）:HK$534']"
