酒店名称,评分,房型价格列表
清遠龍森谷民宿,10.0,"['雨澗·潤 温馨大床房-浴缸:HK$2,351', '巒光·舒 豪華大床房-室內泡池-120寸投影:HK$2,645', '晴麓·悦 豪華雙床間-室內泡池:HK$2,645', '年輪·眠 閣樓家庭套房-户外泡池-私家後院:HK$3,334']"
清遠順盈廣百亞朵酒店,9.7,"['雅緻雙床房（無線投屏）:HK$339', '雅緻大床房（無線投屏）:HK$348', '高級雙床房（無線投屏）:HK$366', '高級大床房（無線投屏）:HK$392', '高級城景雙床房（無線投屏）:HK$418']"
清遠佛岡特蘭諾温泉度假酒店,9.5,"['雙床房·慕雲觀山（別墅山景+巨幕投影）:HK$862', '雙床房·行雲流水（網紅浴缸+湖景露台）:HK$984', '超大床·行雲流水·情侶套房（網紅浴缸+湖景露台）:HK$1,040', '雙床房·熹樂融融家庭房（趣味主題+私家湯池）:HK$1,134', '一室一廳·夜攬星河温泉套房（私家湯池+湖景露台）:HK$1,284']"
清遠遠光雅閣酒店（清新古龍峽店）,9.5,"['園景高級大床房:HK$324', '晨曦夕陽高級雙床房:HK$373', '娛樂歡樂系-國粹大床房:HK$373', '城景豪華大床房:HK$391', '高層山景行政大床房:HK$418']"
清遠樵順酒店,9.3,"['雅緻大床房:HK$335', '雅緻雙床房:HK$335', '親子雙床房:HK$335', '親子套房:HK$707']"
英德芸居度假酒店（英西峯林走廊店）,9.4,"['高級大床房:HK$470', '高級雙床房:HK$470', '山景雙床房:HK$568', '山景大床房:HK$568', '家庭親子房:HK$661']"
英德松香山舍（積慶裏仙湖別墅度假區店）,9.7,"['野奢私享【天然温泉】雙床房:HK$644', '野奢私享【天然温泉】大床房:HK$644', '松香·野奢真温泉別墅4房4私池（大庭院+大燒烤池+KTV+麻雀+智能馬桶+大廚房）:HK$2,939', '松香·野奢真温泉別墅5房5私池（大庭院+大燒烤池+KTV+麻雀+智能馬桶+大廚房）:HK$3,265']"
清遠宮禾元酒店（清遠大道店）,9.2,"['標準雙床房:HK$386', '宮禾雙床房:HK$427', '宮禾大床房:HK$467', '宮禾精選雙床房:HK$467', '頭等艙大床房（帶沙發）:HK$467', '宮禾親子家庭房:HK$604']"
喆·啡酒店（清遠清城加州花園店）,9.6,"['醇享生活房:HK$236', '醇享大床房:HK$253', '醇享雙床房:HK$261', '啡凡大床房:HK$286']"
全季酒店（清遠清城站店）,9.8,"['高級大床房:HK$288', '商務大床房:HK$306', '高級雙床房:HK$323', '家庭房:HK$394']"
清遠丁香花園酒店,9.4,"['標準雙床房:HK$387', '江景雙床房:HK$430', '標準大床房:HK$520', '江景大床房:HK$554', '標準套房:HK$820', '江景套房:HK$1,008']"
清遠人民路希爾頓歡朋酒店,9.7,"['舒適大床房:HK$366', '舒適雙床房:HK$392', '高級大床房:HK$408', '高級雙床房:HK$433', '豪華雙床房:HK$467']"
有居民宿（清遠太和古洞古龍峽店）,9.4,"['無塵-標準大床房:HK$570', '若谷-園景大床房:HK$664', '雲門-標準雙床房:HK$759', '無為-高級大床房:HK$855']"
清遠新世界酒店,9.4,"['豪華大床房:HK$1,242', '豪華雙床房:HK$1,242', '豪華庭院大床房:HK$1,398', '豪華庭院雙床房:HK$1,398', '豪華園景大床房:HK$1,398', '豪華園景雙床房:HK$1,398']"
清遠國際酒店,9.3,"['園景商務雙床房（帶沙發）:HK$486', '江景商務雙床房（帶沙發）:HK$529', '園景商務大床房（帶沙發）:HK$529', '江景商務大床房（帶沙發）:HK$571', '園景行政客房（帶沙發、浴缸）:HK$682', '江景行政客房（帶沙發、浴缸）:HK$730']"
富德國際酒店（清遠市體育公園人民醫院店）,9.0,"['精緻大床房:HK$218', '精緻雙床房:HK$218', '高級雙床房:HK$258', '高級大床房:HK$258']"
秀山一色懸崖山居,9.9,"['湖景陽光星空房:HK$770', '雨花•湖景湯泉大床房:HK$989', '湖景湯泉雙床房:HK$1,103', '紅玉•湖景湯泉大床房:HK$1,103']"
成珊酒店,9.4,['高級大床房:HK$465']
城市便捷酒店（清遠城市廣場和富東成店）,9.4,"['標準大床房:HK$166', '標準雙床房:HK$172', '商務大床房:HK$179', '商務雙床房:HK$186']"
英德巒上·憩温泉民宿（積慶裏仙湖旅遊度假區店）,9.7,"['月色四合院温泉大床房:HK$671', '荷塘四合院親子温泉房:HK$769', '月色四合院親子温泉房:HK$769', '荷塘四合院親子雙床温泉房:HK$769']"
全季酒店（清城區清遠大道店）,9.6,"['高級大床房:HK$288', '高級雙床房:HK$306', '商務大床房:HK$306', '家庭房:HK$358', '套房:HK$394']"
清遠清新希爾頓歡朋酒店,9.5,"['高級大床房（帶沙發床）:HK$406', '高級雙床房:HK$406', '豪華大床房（帶沙發床）:HK$481', '豪華雙床房:HK$481', '歡朋套房:HK$858']"
雲漫温泉民宿,9.5,"['雲喜·大床房:HK$323', '雲喜·雙床房:HK$323', '雲喜·陽台雙床房:HK$339', '雲喜·雅緻大床房（帶私家泡池）:HK$474']"
U民宿（清遠長隆大道店）,9.6,"['舒適大床房:HK$143', '温馨大床房:HK$170', '舒適親子雙床房:HK$170', '輕享親子雙床房:HK$214']"
美豪麗致酒店（清遠清城店）,9.1,"['麗致大床房（舒適床墊）:HK$260', '麗致雙床房（舒適床墊）:HK$260', '麗致城景大床房（舒適床墊）:HK$269', '麗致城景雙床房（舒適床墊）:HK$269', '雅緻大床房（舒適床墊+空間寬敞）:HK$287']"
喆·啡酒店（清遠大道清城輕軌站店）,9.8,"['醇享生活大床房:HK$283', '啡凡高級雙床房:HK$321', '啡凡豪華雙床房:HK$340', '啡凡奢華大床房:HK$340', '啡凡家庭房:HK$369']"
清遠鳳城希爾頓歡朋酒店,9.6,"['高級大床房:HK$347', '高級園景大床房:HK$347', '高級雙床房:HK$356', '高級園景雙床房:HK$356', '豪華大床房:HK$394']"
Z-季沫設計師空中花園江景酒店（清遠市政府順盈時代廣場店）,9.3,"['奢華星際情侶房「智能客控」:HK$241', '沫澗雲台·智能語音·百寸投影·大床房06:HK$292', '沫澗雲台·智能語音·百寸投影·大床房09:HK$292', '沫澗山居·智能語音·百寸投影·大床房06:HK$292']"
清遠佛岡森波拉松鼠酒店,9.3,"['松鼠1號樓丨抒情假日大床房（帶獨立泡池）:HK$1,129', '松鼠1號樓丨抒情假日雙床房（帶獨立泡池）:HK$1,129', '松鼠1號樓丨森林奇遇家庭房（帶獨立泡池）:HK$1,319', '松鼠1號樓丨漫夜星空家庭房（帶獨立泡池）:HK$1,319', '松鼠1號樓丨抒情假日豪華套房1房1廳（帶獨立泡池）:HK$1,414', '松鼠1號樓丨抒情假日至尊套房1房1廳（帶獨立泡池）:HK$1,699']"
清遠新好來登國際酒店,9.4,"['精品大床房（小度智能）:HK$447', '怡景大床房（智能客控+迷你冰箱）:HK$742', '怡景雙床房（智能客控+迷你冰箱）:HK$742', '江景大床房（小度智能+北江美景）:HK$817', '江景雙床房（小度智能+北江美景）:HK$817']"
清遠市迎賓館,9.0,"['精緻商務大床房:HK$285', '高級大床房:HK$336', '高級雙床房:HK$336', '舒適大床房:HK$336', '豪華雙床房:HK$369']"
清遠莫舍江居民宿,9.3,"['180°江景雙床房:HK$542', '180°江景大床房:HK$542', '臨江露台大床房:HK$587', '180°江景浴缸大床房:HK$631']"
清遠佛岡森波拉森林酒店,9.1,"['豪華大床房:HK$844', '豪華雙床房:HK$844', '豪華套房:HK$1,224']"
清遠熹樂谷温泉度假酒店,9.2,"['主樓區-泰韻高級雙床房:HK$1,092', '悦泉苑區-悦泉苑高級雙床房|獨立泡池:HK$1,092', '主樓區-雅泉高級雙床房:HK$1,092', '悦泉苑區-悦泉苑高級大床房|獨立泡池:HK$1,201', '主樓區-泰韻泰麗大床房:HK$1,201', '主樓區-泰韻泰麗雙床房:HK$1,201']"
柏納酒店（清遠順盈時代廣場清城站店）,9.4,"['精選雙床房 [智能窗簾+深度好眠+高端床品]:HK$201', '精選大床房 [智能窗簾+深度好眠+高端床品]:HK$201', '豪華大床房 [智能窗簾+超大空間+高端床品]:HK$215', '豪華雙床房 [智能窗簾+超大空間+高端床品]:HK$238']"
希岸Deluxe酒店（清遠高鐵站南岸公園店）,9.5,"['Deluxe玲瓏雙床房:HK$349', 'Deluxe玲瓏大床房（江景）:HK$387', 'Deluxe豪華雙床房:HK$387', 'Deluxe豪華大床房（江景）:HK$415', 'Deluxe商務雙床房（側面江景）:HK$425']"
凱里亞德酒店（清遠城市廣場店）,9.5,"['輕享雙床房:HK$226', '輕享大床房:HK$235', '榮享大床房:HK$262', '榮享雙床房:HK$262']"
清遠寶晶宮天鵝湖温泉酒店,9.1,"['園景大床房:HK$725', '園景雙床房:HK$726', '180度湖景雙床房:HK$817', '180度湖景大床房:HK$817', '11米豪華庭院房車:HK$948', '一線湖景雙床房:HK$950']"
7天優品酒店（清遠銀盞温泉店）,8.6,"['優品大床房:HK$104', '優品雙床間:HK$110', '優享大床房:HK$117', '優享雙床間:HK$124']"
清遠際華園愛尚度假別墅,10.0,"['春曉•三房五床温泉別墅|前後大花園|私湯温泉池KTV麻將:HK$1,211', '鹿趣·四房六床温泉別墅|動物主題房|私湯温泉池KTV麻將:HK$1,292', '星河·四房五床温泉別墅|大庭院|私湯温泉池|KTV|麻將:HK$1,373', '夏至·三房四床温泉別墅|一線湖景|私湯温泉池KTV麻將:HK$1,447']"
宜尚酒店（清遠清城站市政府店）,9.6,"['智能特惠大床房（舒適安靜-手機投屏+智能客控）:HK$274', '豪華大床房（採光明亮-手機投屏-舒適床墊-）:HK$274', '高級大床房（舒適安靜-智能客控-記憶枕頭）:HK$286', '豪華雙床房（優享辦公-智能客控投屏-自助洗衣）:HK$288']"
嘉隆酒店（清遠長隆大道店）,10.0,"['舒享·雅緻大床房（品牌床墊+舒適好眠）:HK$440', '智能·景觀大床房（全屋智能+靜音床墊+俯瞰城景）:HK$470', '智能·景觀雙床房（全屋智能+俯瞰夜景+舒適好眠）:HK$470', '巨幕·影院大床房（全屋智能+手機投屏+超清投影）:HK$493']"
宜尚酒店（清遠順盈廣百店）,9.6,"['高級大床房:HK$233', '高級雙床房:HK$251', '商務大床房:HK$251', '商務雙床房:HK$276']"
致家悦華國際公寓（清遠華越廣場店）,8.9,"['歐式一房一廳套房:HK$140', '品致北歐大床房:HK$143', '致悦豪華商務大床房:HK$159', '品致北歐商務雙床房:HK$164']"
清遠獅子湖喜來登度假酒店,9.4,"['豪華園景雙床房 | 帶浴缸:HK$545', '豪華園景大床房|帶浴缸:HK$545', '豪華湖景雙床房 | 帶浴缸:HK$633', '豪華湖景大床房 | 帶浴缸:HK$655', '豪華全湖景大床房 | 帶浴缸:HK$709', '豪華套房 | 帶浴缸:HK$1,092']"
清遠美林國際酒店（清新古龍峽飛來湖公園店）,9.1,"['舒適雙床房:HK$179', '新裝修高級雙人房:HK$231', '新裝修豪華雙床房:HK$241', '美林·新裝修豪華180°城市景觀大床房:HK$252', '城景舒適大床房（主題設計+城市景觀）:HK$259']"
黃騰峽棲岸民宿（清遠大學城店）,9.0,"['覓峯小舍·大床房:HK$330', '日落亭台·大床房:HK$394', '朗月雙棲·雙床房:HK$435', '慕遲西景·浴膳私湯大床房:HK$451']"
清遠米墅稻田野舍温泉民宿,9.5,"['四季堂·大床房｜獨立温泉泡池+陽台私家茶台:HK$623', '四季堂·雙床房｜獨立温泉泡池+陽台私家茶台:HK$623', '聽鳥大床房｜全景玻璃+庭院獨立温泉泡池+露台觀景茶室:HK$708', '沐雨雙床房｜全景玻璃+庭院獨立温泉泡池+露台觀景茶室:HK$708']"
清遠竹意居民宿（古龍峽店）,9.8,"['花漾·舒適大床房（花園木屋+乾濕分離+深度好眠）:HK$308', '花漾·舒適雙床房（花園木屋+乾濕分離+深度好眠）:HK$348', '竹柚·山禾大床房（投影儀+觀景落地+山景+智能化粧鏡）:HK$399', '竹言·曦光雙床房（投影儀+露台+觀景落地+智能化粧鏡）:HK$503']"
銀盞君瀾温泉酒店,9.0,"['景觀雙人房:HK$413', '景觀泡池大床房:HK$587', '景觀泡池雙人房:HK$587', '酷芽超級飛俠恐龍主題雙床房:HK$604', '酷芽超級飛俠太空主題雙床房:HK$604']"
