酒店名称,评分,房型价格列表
愛玲·中山雅舍（温州五馬街店）,9.5,"['曉風大床房（小冰箱+空氣凈化器）:HK$379', '逸雲大床房（芝華士沙發+小冰箱）:HK$414', '逸雲雙床房（百寸投影電視+小冰箱）:HK$414', '心悦大床房（茶桌+百寸投影電視）:HK$485']"
温州麗亭酒店,9.7,"['雅痞活力大床房:HK$424', '雅痞活力雙床房:HK$424', '雅痞都市大床房:HK$479', '温馨家庭房:HK$479', '雅痞高級套房:HK$697']"
泰易智慧酒店（温州五馬街店）,9.6,"['日式優享房｜榻榻米.零壓床墊:HK$300', '奇異雙床房（零壓床墊+安睡枕）:HK$300', '日式樂享大床房｜安睡枕.零壓床墊:HK$320', '日式雅緻房｜茶桌.特色房:HK$326']"
温度源V酒店（温州甌海梧田老街店）,9.8,"['高級大床房|mini冰箱|全屋聲控|乳膠床墊|智能投屏:HK$363', '高級雙床房|mini冰箱|全屋聲控|乳膠床墊|智能投屏:HK$369', '大小雙床房|mini冰箱|全屋聲控|乳膠床墊|智能投屏:HK$474', '樂享大床房|mini冰箱|全屋聲控|按摩椅|智能投屏:HK$476', '樂享雙床房|mini冰箱|全屋聲控|按摩椅|智能投屏:HK$476']"
温州五馬街步行街亞朵酒店,9.7,"['高級大床房（深睡床墊+深睡枕 PRO+投屏電視 +小冰箱）:HK$473', '高級雙床房（深睡床墊+深睡枕 PRO+投屏電視 +小冰箱）:HK$501', '行政城景大床房（深睡床墊+深睡枕PRO+投屏電視+小冰箱）:HK$501', '行政雙床房（深睡床墊+深睡枕PRO+投屏電視+小冰箱）:HK$548', '深睡尊享城景大床房（深睡床墊+深睡枕PRO+投屏電視+迷你bar）:HK$548']"
全天候酒店（五馬街紗帽河店）,9.8,"['躺平治癒大床房【全屋聲控+空氣凈化器+智能馬桶】:HK$260', '景觀大床房【透光通風+全屋聲控+按摩椅+瀑布淋浴】:HK$284', '影院大床房[透光通風+百寸巨幕投影+按摩椅+無線充電]:HK$306', '高級大床房【按摩椅+投屏電視+瀑布式頂噴+智能馬桶】:HK$338']"
雍唐花園酒店（溫州五馬街九山公園店）,9.2,"['惠享深睡大床房-奢華鴨絨被-靜怡舒適-夜景動人:HK$212', '樂享陽光大床房-智能投屏-輕盈美夢-温馨舒適-酣暢甜睡:HK$231', '法式樂享雙床房-65寸投屏-親膚布草-舒睡好眠-舒享旅途:HK$250', '高空景觀大床房-品牌床墊-輕盈美夢-夜景動人-温馨出行:HK$270', '高空景觀雙床房（投屏電視+乳膠床墊+電動窗簾）:HK$288']"
溫州樂清希爾頓歡朋酒店,9.7,"['舒適大床房:HK$434', '舒適雙床房:HK$434', '荷里活大床房:HK$434', '高級大床房:HK$605', '高級雙床房:HK$605']"
全天候酒店（温州甌海龍霞路店）,9.8,"['靜謐深睡.雅緻大床房【全屋智能聲控+無線充電】:HK$318', '樂享大床房【按摩椅+全屋智能聲控+mini冰箱】:HK$326', '私湯大床房【冰箱浴缸+智能客控+精緻睡眠】:HK$368', '超大滾來滾去大床房【全屋智能聲控+mini吧+智能馬桶】:HK$385', '商務·智能雙床房【mini冰箱+全屋智能聲控+舒適睡眠】:HK$394']"
温州國際大酒店,9.3,"['經濟大床房:HK$413', '標準大床房A:HK$421', '行政大床房:HK$478', '行政雙床房:HK$479', '温馨親子房:HK$545']"
寺前月色酒店（溫州龍灣國際機場寺前街店）,9.8,"['靜謐深睡·體驗房:HK$239', '悦庭·大床房:HK$281', '悦享·大床房:HK$302', '悦心·雙床房:HK$324']"
甌悦·悦榕舍非遺藝術酒店（温州甌海梧田老街店）,9.6,"['悦舍·舒適大床房:HK$363', '悦新·雅緻大床房:HK$405', '悦榕·印象大床房（沙發+小冰箱）:HK$432', '悦榕·印象雙床房:HK$439']"
途客國際酒店（溫州龍灣機場濱海工業園區店）,9.3,"['途選大床房（智能客控+休閑沙發）:HK$217', '途享大床房（智能客控+零壓床墊）:HK$239', '途享雙床房（智能客控+休閑沙發）:HK$253', '途奢大床房（智能客控+mini小冰箱）:HK$261']"
瑞都·萬融商務大酒店,9.4,"['商務大床房 | 55寸電視可投屏:HK$330', '商務雙床房|55寸電視可投屏:HK$330', '高級商務大床房 | 55寸電視可投屏:HK$390', '高級商務雙床房 | 55寸電視可投屏:HK$423', '豪華大床房 | 55寸電視可投屏:HK$460']"
温州雲天樓甌越大酒店,9.7,"['甌越雙床房:HK$538', '甌越大床房:HK$538', '行政雙床房:HK$710', '行政大床房:HK$710', '綠豆蛙主題房:HK$832', '豪華套房:HK$1,233']"
温州雲天樓長成雲悦酒店,9.7,"['長成雲悦大床房:HK$619', '長成雲悦雙床房:HK$619', '景緻大床房:HK$648', '至尊大床房:HK$873', '親子家庭房:HK$913', '親子套房:HK$1,003']"
温州瑞錦大酒店,9.7,"['清新雅緻大床房【小度智能聲控】:HK$429', '豪華美式大床房【小度智能聲控】:HK$477', '豪華城景大床房【小度智能聲控】:HK$525', '豪華城景雙床房【小度智能聲控】:HK$525', '温馨家庭房【小度智能聲控】:HK$564', '私湯享浴行政大床房【小度智能聲控】:HK$604']"
瑞安榮悦豪庭酒店（瑞安動車站店）,9.6,"['悦享大床房︱記憶床墊︱全屋聲控︱記憶枕︱智能投屏:HK$246', '悦享雙床房︱記憶床墊︱全屋聲控︱記憶枕︱智能投屏:HK$246', '悦奢大床房︱記憶床墊︱全屋聲控︱記憶枕︱智能投屏:HK$270', '悦奢雙床房︱記憶床墊︱全屋聲控︱記憶枕︱智能投屏:HK$270', '臻享雙床房︱記憶床墊︱全屋聲控︱記憶枕︱智能投屏:HK$288']"
温德姆花園酒店（温州南站店）,9.0,"['高級大床房:HK$438', '豪華大床房:HK$474', '湖景雙床房:HK$510', '商務大床房:HK$546', '湖景大床房:HK$582']"
温州開元名都大酒店,9.8,"['開元名都雙床房:HK$912', '開元名都大床房:HK$912', '高級市景雙床房:HK$945', '高級市景大床房:HK$945', '豪華市景雙床房:HK$977', '行政市景大床房:HK$1,108']"
温度源酒店（五馬街公園路店）,9.8,"['私湯享浴大床房丨百寸激光電視丨mini冰箱丨浴缸:HK$371', '樂享大床房|百寸激光電視|mini冰箱|全屋聲控|智能投屏:HK$382', '樂享雙床房|百寸激光電視|mini冰箱|按摩椅|智能投屏:HK$403', '温馨時光親子房|百寸激光電視|mini冰箱|乳膠床墊|智能投屏:HK$457', '復古樸風大床房|百寸激光電視|mini冰箱|按摩椅|智能投屏:HK$468']"
温州皇冠明悦酒店（龍灣昊域廣場店）,9.5,"['甄選 丨潮流空間全智能-設計師摩登風格:HK$363', '高級丨城景·高空-設計師摩登風格:HK$370', '高級 丨CEO·商務-設計師摩登風格:HK$377', '豪華丨幽蘭漂浮浴缸-設計師摩登風格:HK$425', '豪華 丨網紅漂浮浴缸-設計師摩登風格:HK$425']"
艾芙酒店（樂清時代廣場購物中心店）,9.5,"['高級大床房「4K高清電視-全屋智能-MiniBar小冰箱 」:HK$271', '豪華大床房「4K高清電視-全屋智能-MiniBar小冰箱 」:HK$294', '豪華雙床房「4K高清電視-全屋智能-MiniBar小冰箱 」:HK$315', '親子雙床房「4K高清電視-全屋智能-MiniBar小冰箱 」:HK$402']"
温州萬豪酒店,9.3,"['都市景觀大床房:HK$955', '都市景觀雙床房:HK$955', '甌江山水景觀大床房:HK$1,031', '甌江山水景觀雙床房:HK$1,031', '行政都市景觀大床房:HK$1,159', '行政都市景觀雙床房:HK$1,159']"
薇爾拉酒店（溫州鹿城區五馬街店）,9.4,"['綠野仙蹤|大床房（新風系統+智能馬桶）:HK$181', '流光歲月|電影大床房（100寸幕布超清4K，體驗環繞影音）:HK$202', '如沐春風|清新大床房（大屏電視可投屏+智能馬桶）:HK$234', '如沐春風|電影雙床房（100寸超清4K體驗）:HK$244']"
雁盪山花語拾光度假民宿,9.8,"['特惠大床房:HK$556', '陽台雙床房:HK$742', '景觀雙床房:HK$834', '家庭親子套房:HK$890']"
温度源酒店（温州五馬街大南門店）,9.7,"['高級雙床房|Mini冰箱|乳膠床墊|新風系統:HK$370', '高級大床房|Mini冰箱|乳膠床墊|新風系統:HK$370', '樂享大床房|Mini冰箱|按摩椅|乳膠床墊|新風系統:HK$429', '樂享雙床房|Mini冰箱|按摩椅|乳膠床墊|新風系統:HK$429', '大小雙床房|Mini吧|乳膠床墊|新風系統:HK$429']"
雁盪山隱汐·美宿,9.7,"['聽風大床房:HK$407', '邀月榻榻米大床房:HK$453', '隱跡子母房:HK$546', '風隱標間:HK$592']"
途客國際酒店（温州汽車南站店）,9.5,"['途選大床房【乳膠床墊+精緻睡眠】:HK$202', '途享大床房【寬敞明亮+陽光充足】:HK$240', '途享雙床房【寬敞明亮+陽光充足】:HK$240', '途奢大床房【超大空間+智能投屏】:HK$262']"
肆隱藝術酒店（温州大學城店）,9.5,"['藝術雙床房（沙發+茶几+乳膠枕+乳膠床墊）:HK$206', '藝術大床房（沙發+書桌+乳膠枕+乳膠床墊）:HK$217', '景緻大床房（沙發+茶几+乳膠枕+乳膠床墊）:HK$229', '景緻雙床房（茶几+乳膠枕+乳膠床墊）:HK$229']"
温州瑞豪·水心飯店,9.2,"['精緻雙床房:HK$220', '精緻大床房:HK$224', '經典大床房:HK$241', '經典雙床房:HK$241', '行政大床房:HK$261']"
永嘉閲溪壹號民宿,9.4,"['繁溪:HK$377', '夢溪:HK$393', '嵐溪:HK$393', '聆溪:HK$475']"
瑞安國際大酒店,9.7,"['高級雙床房:HK$390', '高級大床房:HK$412', '豪華雙床房:HK$456', '豪華大床房:HK$466', '行政雙床房:HK$520']"
瑞都E酒店（温州車站大道店）,9.4,"['標準大床房:HK$260', '高級雙床間:HK$264', '高級大床房:HK$287', '花園大床房（花園露台，閑坐觀雲）:HK$287']"
雁盪山布舍酒店,9.4,"['清幽·大床房:HK$440', '月清·高級大床房:HK$519', '靈巖星辰·雙床房【高清巨幕投影+1500流明】:HK$538', '瑤池·浴缸套房（小度智能+高清投影）:HK$594']"
溫州甌景瀾度假酒店,9.8,"['優選大床房:HK$533', '臻選大床房:HK$545', '臻選雙床房間:HK$545', '雅緻雙床房:HK$661', 'B.duck小黃鴨親子主題房:HK$862', '悦瀾輕奢LOFT套房:HK$1,106']"
永嘉楠溪江楠滙棲竹民宿,9.7,"['木落:HK$394', '空林:HK$394', '晨霧:HK$394', '山中:HK$394']"
溫州泰易智慧酒店（印象南塘龍霞路地鐵站店）,9.5,"['日式雙床房:HK$359', '精緻大床房:HK$359', '暖心大床房-抗壓枕:HK$380', '懸浮景觀浴缸房:HK$456']"
温州君廷酒店公寓（温州南站店）,9.5,"['商務公寓大床房:HK$304', '高級大床房:HK$326', '高級雙床房:HK$326', '豪華大床房:HK$359', '豪華雙床房:HK$359']"
温度源V酒店（温州花園1956店）,9.8,"['高級大床房|mini冰箱|全屋聲控|乳膠床墊|智能投屏:HK$371', '高級雙床房|mini冰箱|全屋聲控|乳膠床墊|智能投屏:HK$371', '樂享大床房|mini冰箱|按摩椅|新風系統|智能投屏:HK$392', '樂享雙床房|mini冰箱|按摩椅|新風系統|智能投屏:HK$392', '觀景雙床房|mini冰箱|按摩椅|花園景觀|智能投屏:HK$435']"
楽酒店（溫州學院路店）,9.7,"['特惠朝陽間-臨河觀景大床房:HK$638', '朝陽間·臨河觀景大床房:HK$939', '301複式木馬大床房:HK$1,045', '303複式閣樓潛水艇房:HK$1,045']"
桔子水晶酒店（溫州南站甌海區政府店）,9.7,"['高級大床房:HK$415', '豪華大床房:HK$472', '豪華雙床房:HK$472', '行政雙床房:HK$509', '行政大床房:HK$575']"
温州瑞興大酒店（温州鹿城五馬街商業區店）,9.6,"['精緻大床房 | 小冰箱:HK$290', '慕斯雙床房 | 智能投屏+獨立清潔櫃+舒適辦公:HK$305', '質感大床房 | 泡泡浴缸+智能投屏+小冰箱:HK$315', '質感雙床房 | 智能投屏+雙台盆+小冰箱:HK$344', '祕境大床房 | 獨立衣帽間+泡泡浴缸+小冰箱:HK$355']"
温州濱海園區開元名庭酒店,9.5,"['名成高級大床房【採光優異丨靜謐睡眠丨高層城景】:HK$373', '名成豪華大床房【暢享陽光丨靜音玻璃丨城市景觀】:HK$393', '名成豪華雙床房【暢享陽光丨靜音玻璃丨城市景觀】:HK$393', '名成主題影音房【休閑沙發丨高清投影丨智能按摩床】:HK$434', '名成行政大床房【休閑沙發丨城市景觀丨智能按摩床】:HK$480']"
温州平陽開元名庭酒店,9.6,"['名成高級大床房（智能客控小度+智能馬桶+智能窗簾+零壓床墊）:HK$347', '名成豪華大床房（智能客控小度+智能馬桶+智能窗簾+零壓床墊）:HK$381', '名成高級雙床房（智能客控小度+智能馬桶+智能窗簾+零壓床墊）:HK$381', '名成豪華雙床房（智能客控小度+智能馬桶+智能窗簾+零壓床墊）:HK$403', '名成行政大床房（智能客控小度+智能馬桶+智能窗簾+零壓床墊）:HK$424']"
溫州泰易智慧酒店（梧田夜市龍霞路地鐵站店）,9.5,"['【精緻大床房】零壓睡品+全屋智能聲控+mini冰箱+超大液晶電視+智能馬桶:HK$311', '【觀影大床房】零壓睡品+全屋智能聲控+mini冰箱+超大激光投影+智能馬桶:HK$325', '【心悦雙床房】零壓睡品+全屋智能聲控+mini冰箱+超大液晶電視+智能馬桶:HK$346', '【心悦大床房】零壓睡品+全屋智能聲控+mini冰箱+超大液晶電視+智能馬桶:HK$367']"
明珠四季酒店（永嘉甌北雙塔路店）,9.1,"['明珠樓精品雙床房【舒適好眠+通透採光】:HK$217', '明珠樓精品大床房【舒適好眠+通透採光】:HK$217', '主樓特惠大床房【高空城景+舒適好眠+通透採光】:HK$294', '主樓特惠雙床房:HK$294', '主樓高級雙床房【享MINI冰箱+高空城景+通透採光】:HK$369']"
温州航賓國際大酒店,9.1,"['商務休閑房（通透採光+舒適好眠）:HK$267', '商務大床房（通透採光+舒適好眠）:HK$319', '豪華雙床房（通透採光+舒適好眠）:HK$319', '行政大床房（通透採光+舒適好眠）:HK$352', '精品全景大床房（高空城景+通透採光）:HK$437']"
温州君廷酒店 （温州南站店）,9.5,"['高級大床房:HK$479', '高級雙床房:HK$479', '豪華湖景雙床房:HK$555', '豪華大床房:HK$555', '行政湖景雙床房:HK$654', '行政大床房:HK$654']"
雁盪山雁園精品民宿,9.9,"['陸號房:HK$524', '雁雨房:HK$601', '雁雲房:HK$633', '捌號山景房:HK$655']"
