酒店名称,评分,房型价格列表
鳳凰青城山水·庭院觀景民宿,9.8,"['星辰·浴缸大床房:HK$361', '瀾庭·陽台大床房:HK$426', '靜謐·山景雙床房:HK$426', '雨墨·觀景陽台大床房:HK$501']"
客巢輕奢酒店（鳳凰古城虹橋店）,9.5,"['私密觀影大床房【智能馬桶+沉浸式觀影】:HK$327', '暢享影音雙床房【智能馬桶+巨幕投屏觀影】:HK$366', '一室一廳觀影大床房【自動麻將機+智能馬桶+冰箱】:HK$399', '輕奢智能雙人房【輕享床墊+智能馬桶+小冰箱】:HK$430', '輕奢智能大床房【輕享床墊+智能馬桶+浴缸】:HK$442']"
鳳凰夢棲吊腳樓江景民宿,9.8,"['山景大床房:HK$459', '山景雙床房:HK$604', '山景麻將大床房:HK$612', '江景陽台露台大床房:HK$689']"
宿旅·原舍江景民宿,9.6,"['高級大床房·B棟:HK$332', '江景榻榻米大床房·B棟:HK$366', '高級雙床房·B棟:HK$366', '豪華親子雙床房·B棟:HK$398', '豪華麻將親子雙床房·B棟:HK$432']"
原舍暮雲閣民宿（鳳凰古城南華里遊客中心店）,9.6,"['曲水 | 精品大床房:HK$326', '輕雲 | 精品雙床房:HK$337', '蔽月 | 精品雙床房:HK$348', '流風 | 精品雙床房:HK$359']"
鳳凰梵間·人文美學民宿（鳳凰古城景區店）,9.6,"['悠然·素雅·雙床房:HK$230', '歡喜·暖居·雙床房:HK$251', '椿去·湫來·大床房:HK$251', '素影·清心·庭院大床套房:HK$295']"
諾曼輕奢酒店（古城虹橋店）,9.6,"['山景智能大床房（全屋智能-箭牌衞浴-乾衣機）:HK$316', '温馨智能大床房（全屋智能-箭牌衞浴-乾衣機）:HK$316', '温馨智能雙床房（全屋智能-箭牌衞浴-乾衣機）:HK$352', '山景智能雙床房（全屋智能-箭牌衞浴-乾衣機）:HK$352']"
江韻小築江景民宿（鳳凰古城景區南華橋店）,9.7,"['小築舒適大床房:HK$299', '小築舒適雙床房:HK$299', '江景陽台投影大床房:HK$477', '江景陽台親子兩室套房:HK$698']"
宿旅·清漣臨江民宿,9.2,"['特惠雙床房:HK$299', '親子雙床房:HK$321', '江景·複式大床房:HK$410', '江景·大床房:HK$410']"
覓境古城民宿酒店（吉首市乾州古城店）,9.4,"['特惠大床房【雅緻温馨+80支棉紗床品+深睡枕】:HK$303', '特惠雙床房【靜謐後花園+古城特色四合院】:HK$315', '院子裏雙床房【古城特色院落+乳膠床墊+益高衞浴】:HK$351', '陽台大床房【露台玻璃吊球椅+私享後花園+清新雅緻】:HK$388']"
素履蓮花·墨蘭禪意江景酒店,9.8,"['至尊江景親子套房:HK$1,117']"
芙蓉鎮南岸無敵全景觀瀑客棧,9.8,"['山景大床房:HK$243', '山景雙床房:HK$243', '山景棋牌娛樂套房:HK$328', '陽台觀瀑大床房:HK$386']"
青山見江景吊腳樓客棧（鳳凰古城虹橋北門碼頭店）,9.7,"['清歡｜「城景街景大床房」非臨江（中央空調+智能馬桶）:HK$403', '隨心｜「城景街景雙床房」非臨江（中央空調+智能馬桶）:HK$425', '溪橋夜月｜江景大床房（智能客控+超大陽台+投影畫幕）:HK$731', '水畔｜臨水江景180度觀景大床房（超大陽台+小度智能客控+江景一線投影畫幕）:HK$765']"
鳳凰大隱千府民宿（古城店）,9.9,"['園夢·大床房:HK$643', '聽澗·大床房:HK$741', '星月山·陽光大床房:HK$766', '花澗雨·雙床房:HK$775', '窺月·雙床房:HK$775']"
鳳凰最湘西大酒店,9.5,"['智能悦享體驗房:HK$304', '高級雙床房:HK$436', '高級大床房:HK$436', '智能雅緻豪華雙床房:HK$515', '豪華大床房:HK$515']"
鳳凰懶貓臨江客棧,9.5,"['獨立陽台全景臨江大床房:HK$378', '豪華臨江大床房:HK$405', '獨立陽台全景臨江雙床房:HK$432', '臨江浪漫大床房:HK$477']"
棲心閑庭民宿（鳳凰古城旅遊區虹橋店）,9.6,"['雅緻大床房:HK$271', '邊城墨韻•雙床房:HK$306', '閑庭逸居•大雙床房:HK$341', '虹橋映月•三床房（中央空調+乾濕分離）:HK$389']"
百賢居·Encounter·輕奢休閑度假私墅（鳳凰古城店）,9.7,"['浮花·雲逸芙蓉大床房（鳳凰美景+古色古香）:HK$286', '歸來·虞美人影大床房（鳳凰美景+觀景樓台）:HK$350', '致遠·暗香疏影大床房（鳳凰美景+觀景陽台）:HK$374', '雲上·霜天曉角大床房（鳳凰美景+觀景露台）:HK$390']"
棲間堂智能民宿（鳳凰古城景區店）,9.6,"['品茗大床房（全屋智能+中央空調+品牌床墊+戴森吹風）:HK$296', '城景雙床房（全屋智能+中央空調+品牌床墊+戴森吹風）:HK$317', '陽台大床房（全屋智能+中央空調+品牌床墊+戴森吹風）:HK$327', '尊享雙床房（全屋智能+中央空調+品牌床墊+戴森吹風）:HK$350']"
鳳凰棲遲一家人江景民宿,9.6,"['謐夜江景大床房:HK$532', '枕水江景大床房:HK$533', '璽悦江景雙床房:HK$643', '瀾舍江景雙床房:HK$643']"
鳳凰衹如初見民宿,9.6,"['苗城踏雪特價大床房:HK$280', '念念之舍特價大床房:HK$280', '忠義春秋特價大床房:HK$313', '倚欄聽風煮茶豪華大床房:HK$346']"
悠悠水畔•高端江景民宿（鳳凰古城景區南華門店）,9.3,"['凡塵清心•江景陽台大床房|江景獨立陽台:HK$393', '江景玻璃南風憶夢大床房|中央空調+玻璃落地可推窗:HK$393', '江景露台衹若初見雙床房|智能馬桶+享有獨立陽台:HK$546', '江景露台煙雨江畔大床房|享有江景獨立陽台:HK$546']"
鳳凰向雲端江景民宿（鳳凰古城景區南華門店）,9.6,"['城景大床房:HK$366', '城景兩室兩床套房:HK$521', '城景兩室三床套房:HK$599', '無敵全景江景陽台大床房:HK$698']"
鳳凰愛琴海度假酒店,9.5,"['春庭雪-酣睡舒適大床房【全屋智控+親膚純棉四件套】:HK$460', '映江月-酣睡舒適雙床房【全屋智控+親膚純棉四件套】:HK$504', '雲水間-酣睡舒適三人房【全屋智控+親膚純棉四件套】:HK$614', '共嬋娟-棋牌娛樂套房【全屋智控+親膚純棉四件套】:HK$655', '秋風起-親子套房【全屋智控+親膚純棉四件套】:HK$661']"
吉首湘泉陽光酒店,9.4,"['尊享豪華雙床房:HK$421', '尊享豪華大床房:HK$461', '休閑娛樂大床房:HK$481', '豪華標間:HK$488', '豪華單間:HK$490', '行政單間:HK$579']"
安萘·魔方酒店（吉首市政府店）,9.4,"['橙堡私湯電影大床房:HK$299', '紀光巨幕電影大床房:HK$311', '魔術師高級雙床房:HK$322', '收藏家豪華雙床房:HK$340', '幻影城景巨幕電影大床房:HK$355']"
虹橋故事民宿（鳳凰古城景區虹橋店）,9.8,"['特價雙床房:HK$437', '標準大床房:HK$519', '豪華大床房:HK$547', '標準雙床房:HK$547', '豪華雙床房:HK$565']"
鳳凰茶言聽雨江景民宿（鳳凰景區南華橋店）,9.5,"['歸野·庭院山景大床房:HK$310', '言·江景陽台智能大床房:HK$472', '雨·江景陽台智能雙床房:HK$526', '茶·豪華浴缸江景陽台親子雙床房:HK$612']"
兮木酒店（芙蓉鎮大瀑布店）,9.5,"['望兮·榻榻米大床房（巨幕投影|深眠乳膠床墊）:HK$436', '來兮·榻榻米內陽台雙床房（巨幕投影｜深眠乳膠床墊）:HK$492', '友兮·陽台街景雙床房（巨幕投影｜深眠乳膠床墊）:HK$546', '倩兮·陽台影院大床房（智能馬桶｜巨幕投影）:HK$578']"
瑞豪酒店（鳳凰古城店）,9.6,"['輕享大床房:HK$350', '輕享雙人間:HK$359', '甄選大床房:HK$377', '甄選雙人間:HK$395']"
喜柿設計師庭院民宿（虹橋店）,9.9,"['一生一柿·智能影音大床房（中央空調.全友乳膠床墊）:HK$297', '萬柿勝意·智能影音大床房（中央空調.全友乳膠床墊）:HK$326', '心想柿成·智能院景大床房（中央空調.全友乳膠床墊）:HK$333', '舉柿無雙·落地大飄窗雙人房（中央空調.全友乳膠墊）:HK$397']"
微夢人家民宿（鳳凰古城虹橋店）,9.3,"['舒適大床房:HK$206', '特惠雙床房:HK$214', '標準雙床房:HK$238', '精選雙床房:HK$254']"
天青舍·江景民宿（鳳凰古城沱江店）,9.3,"['沐夏·江景大床房-180°江景+榻榻米休閑區+智能馬桶:HK$473', '遇見·紗幔大床房-休閑茶桌椅+乾濕分離:HK$698', '墨香·一大一小雙床房-休閑沙發:HK$719', '雲頂· Min陽台江景大床房-180°江景陽台+俯瞰沱江:HK$742', '拾憶·江景雙大床房-180°江景+榻榻米休閑區+智能馬桶:HK$788']"
鳳凰臨水居客棧,9.6,"['鳳凰之心-吊腳樓江景柔情大床房:HK$1,086', '江景陽台家庭親子雙床房:HK$1,496']"
鳳凰水雲之澗輕奢民宿,9.7,"['非臨江大床房:HK$361', '非臨江雙床房:HK$379', '非臨江三人親子房:HK$435', '臨江大床房:HK$538']"
木棉花開見山見景民宿,9.7,"['洛塵·特價大床房:HK$306', '半夏·特價雙床房:HK$319', '青衣·觀景大床房:HK$420', '舒荷·觀景大床房:HK$420']"
木禾居·青瓦小院,9.7,"['【見山】榻榻米大床房203:HK$221', '【月圓】投影圓床情侶間202:HK$268', '【星願】複式閣樓天窗親子間301:HK$314', '【瓦語】榻榻米雙床四人間302:HK$342']"
漢庭酒店（鳳凰古城虹橋店）,9.5,"['高級大床房:HK$252', '商務大床房:HK$280', '高級雙床房:HK$298', '商務雙床房:HK$345']"
鳳凰清花觀景庭院民宿,9.8,"['風信子·陽台大床房【獨享城景+智能馬桶】:HK$451', '石竹·陽台雙床房【獨享院景+智能馬桶】:HK$491', '四葉草·陽台雙床房【獨享城景+智能馬桶】:HK$499', '野薔薇·全景陽台大床房【獨享大外陽台+大茶台+弔籃】:HK$543']"
錦陽閣輕奢酒店（鳳凰古城虹橋店）,9.9,"['特惠大床房:HK$358', '高級大床房:HK$374', '高級雙床房:HK$427', '豪華雙床間:HK$481']"
鳳凰北舍江景智能民宿（鳳凰古城北門碼頭店）,9.0,"['與你·舒適棋牌雙床房（全屋智能+中央空調）:HK$315', '慢慢·家庭親子三床套房（全屋智能+中央空調）:HK$359', '江景陽台智能精選大床房（全屋智能+180°一線江景）:HK$468', '江景陽台智能豪華大床房（全屋智能+180°一線江景）:HK$501']"
南華里酒店（鳳凰古城南華里遊客中心店）,9.2,"['特惠大床房:HK$311', '舒適大床房:HK$393', '舒適雙人間:HK$408', '豪華觀景雙人房:HK$484']"
土司宣府（芙蓉鎮大瀑布店）,9.5,"['靜水流深·閣樓大床房:HK$876', '臨江暮雪·花園江景雙床房:HK$1,252', '蝶翅墨羽·庭院青瓦雙人房:HK$1,252', '南夕韶陽·庭院江景雙床房:HK$1,357']"
雲居精選江景民宿（鳳凰古城店）,9.6,"['益香閣·舒適大床房【高清智能投影儀+85寸布幕】:HK$306', '南鄉子·沉浸觀影大床房【智能投影儀+茶吧機】:HK$413', '山嶼白·雅緻雙床房【智能投屏電視+智能馬桶】:HK$469', '聽風驛·江景家庭親子房【智能投影儀+120寸布幕+智能馬桶】:HK$624']"
鳳凰山雨·桐富吊腳樓江景民宿,9.5,"['漢宮秋江景陽台大床房（原創一線江景投影畫幕）:HK$656', '半夏曲江景陽台大床房（原創一線江景投影畫幕）:HK$656', '竹節香附江景陽台標準間（原創一線江景投影畫幕）:HK$681', '何草江景陽台特大床房（原創一線江景投影畫幕）:HK$681']"
歸心客棧（芙蓉鎮景區店）,9.4,"['特價大床房:HK$175', '特價雙床房:HK$184', '歸途·臨江陽台觀景雙床房:HK$240', '星涯.臨江觀景雙床房:HK$249']"
月映·沱江江景民宿（虹橋店）,9.5,"['悦享雙棲親子房:HK$225', '月盈江景大床房|享180°獨立陽台+弔籃+沙發:HK$525', '朝月江景大床房|享180°獨立陽台看錶演+深眠乳膠床墊:HK$552', '昊月江景大床房|享獨立陽台看錶演+乳膠床墊+加沙發床:HK$571']"
芙蓉鎮陌丘輕奢▪高端觀景民宿,9.7,"['星空露台·精緻大床房:HK$361', '星空露台·豪華大床房:HK$391', '山景河景·陽台大床房:HK$465', '禪意山水·陽台雙床房:HK$465']"
宿旅·楠舍江景民宿,9.6,"['楠舍·精選·大床房:HK$360', '楠舍·精選·雙床房:HK$360', '歸舍·江景露台·大床房:HK$666', '歸舍·江景陽台·大床房:HK$666']"
鳳凰堂舍·見山酒店（鳳凰古城店）,9.7,"['山憶-享·治癒大床房『澳洲DOWNIA床品+Duravit衞浴』:HK$995', '山隱-品·靜謐雙床房『智能客控+澳洲DOWNIA床品+新風系統+Duravit漢斯格雅衞浴』:HK$995', '山憶-享·治癒雙床房『智能客控+澳洲DOWNIA床品+新風系統+Duravit漢斯格雅衞浴』:HK$1,083', '春曉-詫寂東方大床房『尊享浴缸+智能客控+澳洲DOWNIA床品+Duravit漢斯格雅衞浴』:HK$1,247', '春曉-温馨親子雙床房『主題設計+小童帳篷+智能客控+澳洲DOWNIA床品+Duravit漢斯格雅衞浴』:HK$1,374', '春曉-詫寂東方雙床房『尊享浴缸+智能客控+Capsule Coffee+澳洲DOWNIA床品+Duravit漢斯格雅衞浴 』:HK$1,374']"
懸園·觀景庭院民宿（芙蓉鎮大瀑布店）,9.7,"['看山古典·雙床房［全景落地窗+陽台］:HK$502', '晨光觀景·雙床房［全景落地窗+陽台+品茗桌椅］:HK$524', '浪漫陽台·圓床房［全景落地窗+陽台+品茗桌椅］:HK$568', '多床型·童趣親子主題房:HK$590']"
鳳凰鳴雲國際酒店（鳳凰古城店）,9.5,"['鳴雲·智能舒適大床房:HK$284', '鳴雲·智能舒適雙床房:HK$284', '優享體驗房:HK$284', '鳴雲·智能精緻大床房:HK$317', '鳴雲·智能豪華大床房:HK$393']"
藝龍萬國酒店（鳳凰古城店）,9.3,"['雅享特惠大床房:HK$279', '高級大床房（夜景+視野開闊）:HK$300', '高級雙床房（安靜）:HK$334', '豪華雙床房（智能馬桶+夜景）:HK$365', '家庭套房（高樓層+閣樓）:HK$397']"
鳳凰一泉江景民宿（鳳凰古城沱江店）,9.9,"['禪意靜居·逸居大床房「德國Grohe衞浴 | YORK空調」:HK$587', '畫舫聽雨·浴缸大床房「德國Grohe衞浴 | YORK空調」:HK$683', '橋影晨曦·聽泉大床房「德國Grohe衞浴 | YORK空調」:HK$708', '煙雨流年·苗韻大床房「德國Grohe衞浴 | YORK空調」:HK$792', '亭畔江風·江景大床房「德國Grohe衞浴 | YORK空調」:HK$827']"
棲鳳山隱·1945設計師庭院酒店（鳳凰古城南華門店）,8.1,"['竹影 · 靜雅雙床房｜全屋智能｜4K投影｜:HK$864', '鶴倚 · 陽光雙床房｜全屋智能｜4K投影｜:HK$892', '浮予 · 浴缸大床房｜古城景｜全屋智能｜4K投影｜:HK$1,239', '染雲 · 三人間｜全屋智能｜4K投影｜:HK$1,335']"
沱水謠・天青美宿（鳳凰古城沱江店）,9.3,"['沐夏·江景大床房-180°江景+榻榻米休閑區+智能馬桶:HK$447', '墨香·一大一小雙床房-休閑沙發:HK$677', '遇見·紗幔大床房-休閑茶桌椅+乾濕分離:HK$697', '雲頂· Min陽台江景大床房-180°江景陽台+俯瞰沱江:HK$699', '拾憶·江景雙大床房-180°江景+榻榻米休閑區+智能馬桶:HK$743']"
白河人家客棧（芙蓉鎮大瀑布店）,9.7,"['星亭谷院・天井四合院中式庭院星空觀景榻榻米大床房:HK$333', '清水魚人・臨江家庭親子房:HK$425', '水霧雲石・陽台180°聽雷觀景江景雙床房（A棟）:HK$519', '依山吊腳・獨立陽台270°全景觀景江景雙床房:HK$611']"
花築·白河花谷客棧（芙蓉鎮瀑布店）,9.6,"['歸簡·近山花居大床房:HK$533', '歸簡·近山花居雙床房:HK$609', '歸樂·280°觀景獨享星空大花園·蜜月大床房:HK$970', '歸閑·觀景陽台茶室.家庭豪華雙床房:HK$970', '歸隱·280°觀景獨享外陽台茶室·雅趣雙床房:HK$1,092']"
西柵江景民宿（鳳凰古城景區沱江店）,9.4,"['輕享大床房（蹲廁）:HK$141', '優選雙床房:HK$164', '舒適大床房:HK$186', '舒適雙床房:HK$193']"
上房揭瓦·設計師花園美宿（芙蓉鎮大瀑布店）,9.6,"['望山·悠居大床房:HK$335', '當時月·庭院雙床房:HK$335', '伴雲·影院榻榻米:HK$388', '上房揭瓦·星空影院雙床房:HK$465']"
鳳凰山雨·桐富吊腳樓江景民宿【虹橋店】,9.5,"['漢宮秋江景陽台大床房（原創一線江景投影畫幕）:HK$655', '半夏曲江景陽台大床房（原創一線江景投影畫幕）:HK$655', '竹節香附江景陽台標準間（原創一線江景投影畫幕）:HK$680', '何草江景陽台特大床房（原創一線江景投影畫幕）:HK$680']"
你好酒店（湘西虹橋奇峯廣場店）,10.0,"['高級大床房【自助投屏】:HK$452', '高級雙床房【LG洗烘機】:HK$493', '豪華大床房【獨立陽台】:HK$512', '豪華雙床房【獨立陽台】:HK$551']"
鳳凰城精品酒店（鳳凰古城店）,9.6,"['高級院景標準間【古木傢俱丨中式落地燈】:HK$786', '高級院景大床房【古木傢俱丨中式書桌】:HK$911', '精品江景標準間【紅木茶几丨推窗觀景】:HK$1,198', '精品江景大床房【紅木茶几丨推窗觀景】:HK$1,198', '豪華江景陽台雙床房【全屋紅木高定丨180度觀景陽台】:HK$1,323', '豪華江景陽台大床房【全屋紅木高定丨180度觀景陽台】:HK$1,323']"
白河溪谷客棧（芙蓉鎮大瀑布店）,9.7,"['閑棲山居·特價雙床房:HK$555', '閑棲山居·山景雙床房:HK$612', '清平村居·觀景獨享陽台大床房·280°觀夜景全景:HK$752', '清平村居·觀景獨享陽台雙床房·280°觀夜景全景:HK$815', '清平村居·親子閣樓·280°觀夜景全景:HK$865']"
鳳凰鹿鳴•民宿（鳳凰古城景區南華門店）,10.0,"['冬暄•大床房:HK$254', '拾秋•大床房:HK$264', '染夏•雙床房|玻璃落地窗:HK$320', '棲遲•晨景雙床房|玻璃落地窗:HK$365']"
吊腳樓客棧（鳳凰古城店）,9.4,"['紫竹軒~城景大床房:HK$315', '馨雅閣~城景雙床房:HK$337', '餘水歡~180度全景獨立大陽台江邊豪華大床房（中央空調）:HK$686', '雲之谷~180度全景獨立大陽台江邊大床房（中央空調）:HK$697']"
