酒店名称,评分,房型价格列表
湛江民大喜來登酒店,9.4,"['豪華大床房:HK$828', '豪華海景大床房:HK$859', '豪華雙床房:HK$891', '豪華海景雙床房:HK$920', '尊貴海景大床房:HK$968', '行政豪華大床房:HK$1,019']"
全季酒店（湛江萬達廣場店）,9.4,"['海景大床房:HK$435', '海景高級大床房:HK$463', '海景商務大床房（有陽台）:HK$492', '海景高級雙床房（有陽台）:HK$520']"
桔子酒店（湛江萬達廣場店）,9.7,"['海景大床房:HK$431', '海景高級大床房:HK$462', '海景觀景雙床房:HK$462', '海景觀景大床房:HK$492', '海景觀景豪華雙床房:HK$492']"
藝龍酒店（湛江海灣大橋店）,9.6,"['雅緻大床房（智能客控+超大落地窗）:HK$384', '不凡行政大床房（Max大床+舒適空間）:HK$417', '不凡行政雙床房（智能馬桶+超大落地窗）:HK$417', '不凡商務雙床房（商務茶台+毛巾除菌櫃）:HK$449', '不凡尊享海景大床房（全景落地窗+迷人海景）:HK$449']"
湛江智選假日酒店,9.5,"['高級大床房（舒適空間+智能客控+65寸超大投屏電視）:HK$486', '高級雙床房（舒適空間+智能客控+65寸超大投屏電視）:HK$486', '海景大床房（一線海景+智能客控+65寸超大投屏電視）:HK$530', '海景雙人房（一線海景+智能客控+65寸超大投屏電視）:HK$530', '商務海景大床房（高層海景+智能客控+65寸投屏電視）:HK$573']"
美豪麗致酒店（湛江金沙灣店）,9.4,"['城景陽台大床房:HK$436', '海景大床房:HK$501', '海景雙床房:HK$545', 'C位海景大床房:HK$556', '海景陽台雙床房:HK$588']"
湛江金沙灣萬達開元名庭酒店,9.3,"['名成高級大床房（智能客控+靜謐城景+榻榻米茶台）:HK$427', '名成高級雙床房（智能客控+絕美城景）:HK$446', '高級城景親子房（粉色系主題+小童潮用品+帳篷+公仔+城景）:HK$459', '名成高級城景雙床房（舒適空間++灼灼城景+夜覽星海）:HK$470', '豪華海景親子房（藍色系主題+小童潮用品+帳篷+公仔+城景+海景）:HK$497']"
硇洲島海雲·設計師海景美宿,9.7,"['90度海景·浴缸輕奢大床房:HK$430', '夕陽露台海景大床房:HK$490', '夕陽·浴缸露台海景大床房:HK$524', '最美夕陽海景雙床房:HK$543']"
美豪麗致酒店（湛江鼎盛廣場民大環宇新天地店）,9.4,"['麗致優雅大床房（奧馬冰箱+65寸小米超大投屏電視）:HK$325', '麗致優雅雙床房（奧馬冰箱+65寸小米超大投屏電視）:HK$347', '麗致豪華大床房（奧馬冰箱+65寸小米超大投屏電視）:HK$369', '麗致豪華雙床房（奧馬冰箱+65寸小米超大投屏電視）:HK$380', '麗致行政大床套房（奧馬冰箱+65寸小米超大投屏電視）:HK$424']"
湛江人民大道希爾頓歡朋酒店,9.6,"['舒適大床房:HK$468', '舒適雙床房:HK$468', '高級大床房:HK$560', '高級雙床房:HK$560', '豪華大床房:HK$616', '豪華雙床房:HK$616']"
美豪麗致酒店（湛江奧體中心軍博園店）,9.6,"['麗致智能大床房+未來感空間+夢幻窗景+祕景房+智能客控:HK$405', '麗致榻榻米大床房+雲眠地台+素心雅榻+雅韻榻+智能客控:HK$444', '麗致智能雙床房+高效空間+極客優選+雲端互聯+智能客控:HK$444', '雅緻影院大床房+星空私享+悦幕之境+獨享巨幕+智能客控:HK$475', '麗致庭院大床房+綠意棲居+閑庭逸境+悦目院景+智能客控:HK$496']"
湛江人民大道鼎盛廣場亞朵酒店,9.6,"['高級大床房（慢回彈護頸枕+裸棉床品+投屏電視）:HK$439', '高級雙床房（慢回彈護頸枕+裸棉床品+投屏電視）:HK$457', '行政大床房（裸棉床品+貴妃榻+投屏電視）:HK$466', '行政城景大床房（裸棉床品+榻榻米+投屏電視）:HK$511', '行政城景雙床房（裸棉床品+榻榻米+投屏電視）:HK$537']"
湛江禮尚酒店（金沙灣風景區店）,9.3,"['豪華城景大床房（50寸高清手機投屏電視）:HK$328', '豪華海景雙床房（50寸高清手機投屏電視）:HK$396', '豪華城景雙床房（50寸高清手機投屏電視）:HK$430', '豪華海景大床房（50寸高清手機投屏電視）:HK$430']"
萬鵬酒店（湛江嶺南師範財貿學校店）,8.8,"['雅緻大床房:HK$299', '雅緻雙床房:HK$320', '觀景大床房:HK$323', '雅緻影音大床房（120寸巨幕海豚投屏）:HK$327', '觀景雙床房:HK$355']"
無界·尚居海景公寓（湛江金沙灣店）,9.9,"['泊奢丨美居海景大床房（180度海景）:HK$433', '墨奢丨美居海景大床房（180度海景）:HK$443', '雲奢丨美居海景大床套房（180度海景）:HK$469', '雅奢丨美居海景大床房（180度海景）:HK$480']"
宿屋嚴選·經年海景民宿（萬達榮盛中央廣場店）,9.4,"['乘風「海上日出+智能客控+氛圍閲讀區+65寸高清電視+大窗海灣大橋全景」:HK$380', '雲升「智能客控+65寸超清電視+觀景吊椅+大窗海景房+海上日出」:HK$398', '共潮「智能客控＋侘寂風＋會員巨幕觀影+榻榻米觀景＋大窗海景房+海上日出」:HK$412', '觀瀾「氛圍壁爐+圍坐式觀景+會員巨幕觀影+高層海景房看海上日出」:HK$433']"
湛江明粵公寓,9.4,"['高級大床房:HK$481', '高級雙床房:HK$481', '高級雙拼大床房:HK$481', '豪華雙拼大床房:HK$557']"
湛江海濱賓館,9.3,"['幸運大床房:HK$466', '幸運雙床房:HK$466', '特惠大床房:HK$513', '園景雙床房:HK$522', '園景大床房:HK$522', '豪華大床房:HK$713']"
宜尚酒店（湛江椹川大道萬達廣場店）,9.1,"['標準大床房:HK$224', '高級大床房:HK$246', '豪華雙床房:HK$261', '豪華大床房（斯林百蘭床墊+享舒適睡眠）:HK$261']"
湛江硇洲島五月海岸民宿,9.5,"['北岸：聽海海景雙床房:HK$1,760', '牙灣《俯瞰海景日出房》:HK$1,796', '漫日遠輪·露台海景大床房:HK$1,918']"
湛江華和國際酒店,9.4,"['豪華雙床房:HK$459', '園景豪華大床房:HK$459', '園景行政大床房:HK$524', '行政雙床房:HK$524', '夢百合豪華大床房:HK$607', '夢百合豪華雙床房:HK$607']"
熙悦設計師民宿（湛江金沙灣觀海長廊店）,9.7,"['復古藍-法式LOFT高層海景投影大床房（看日出）:HK$368', '復古粉-法式LOFT高層海景投影大床房（高層看日出）:HK$368', '復古綠-法式LOFT高層海景投影大床房（看日出）:HK$368', '奶油綠-輕法式LOFT高層海景投影大床房（看日出）:HK$368']"
湛江白天鵝酒店,9.3,"['高級雙床房:HK$638', '高級大床房:HK$643', '豪華雙床房:HK$739', '豪華大床房:HK$739', '高級套房:HK$1,211', '行政大床房:HK$1,212']"
麗呈朗譽酒店（湛江椹川大道中鼎盛廣場店）,9.3,"['輕奢雅緻單人房（精緻空間+高清極速投屏+品牌床墊）:HK$220', '輕奢靜謐大床房（純棉床品+雙頻空調+ 投屏）:HK$244', '輕奢輕悦大床房（高清極速投屏+乾濕分離+休閑椅）:HK$278', '輕奢輕悦雙床房（酣睡床墊+極簡書桌+休閑椅）:HK$361']"
湛江華都滙麗呈酒店,9.3,"['豪華大床房:HK$525', '豪華雙床房:HK$525', '豪華湖景大床房:HK$555', '豪華湖景雙床房:HK$555', '行政大床房:HK$565', '行政雙床房:HK$565']"
湛江金沙灣萬達阿拉雲酒店,9.3,"['巨幕影音雙床房:HK$268', '巨幕影音大床房:HK$269', '豪華巨幕影音雙床房:HK$289', '雙拼巨幕影音大床房:HK$289', '豪華巨幕影音大床房:HK$301']"
觀海·設計師公寓（湛江金沙灣風景區店）,9.3,"['海間- 城景陽台大床房（俯瞰城市景觀+陽台）:HK$299', '海晏- C位海景大床房（看海上日出+180度海景+落地窗）:HK$342', '海浪- C位海景大床房（看海上日出+180度海景+落地窗）:HK$342', '海汐- C位海景大床房（看海上日出+180度海景+落地窗）:HK$342']"
全季酒店（湛江觀海長廊店）,9.4,"['大床房:HK$378', '商務雙床房:HK$406', '高級大床房:HK$406', '商務大床房:HK$435']"
嘉勵國際酒店（湛江鼎盛廣場店）,8.9,"['臻選大床房:HK$249', '商旅雙床房:HK$253', '都市大床房:HK$254', '城景大床房:HK$277']"
柏爵·設計師輕居（湛江金沙灣沙灘風景區店）,9.4,"['海豹—奢華影音投屏海景大床房（高層海景+看日出）:HK$386', '白鯨—奢華100寸投影海景大床房（高層海景+看日出）:HK$394', '白熊—奢華100寸投影海景大床房（高層海景+看日出）:HK$394', '琴螺-奢華影音投屏海景大床房（海景陽台+看日出）:HK$401']"
湛江銀灣國際大酒店（金沙灣店）,9.4,"['高級雙床房:HK$478', '高級大床房:HK$478', '豪華大床房:HK$533', '豪華雙床房:HK$533', '至尊湖景大床房:HK$588']"
湛江特呈島嶼初民宿,8.9,"['嶼初丨悠享大床房《智能家居+冰箱》:HK$461', '嶼初丨浪漫圓床房《智能家居+冰箱》:HK$488', '嶼初丨悠享雙床房《智能家居+冰箱》:HK$495', '嶼初丨沐光大床房《智能家居+冰箱》:HK$514']"
湛江金輝煌酒店,9.4,"['優享雙床房:HK$325', '優享大床房:HK$341', '豪華雙床房:HK$369', '豪華大床房:HK$396', '親子樂園雙大床套房:HK$603']"
湛江阿斯頓酒店（湛江萬達廣場店）,9.2,"['雅緻大床房（特色榻榻米＆舒適睡眠＆智能客控）:HK$245', '城景大床房（舒適空間＆尊享城景＆智能客控）:HK$276', '城景雙床房（經濟舒適＆尊享城景&智能客控）:HK$288', '尊貴大床房（更大空間＆陽台可晾衣&智能客控）:HK$318']"
等妳設計師民宿（湛江金沙灣店）,9.6,"['（達利）影音投影大床房:HK$327', '（莫蘭迪）LOFT高層投影城景套房（高層陽台）:HK$343', '（庫耶爾）LOFT高層投影城景套房（高層陽台）:HK$343', '（畢沙羅）LOFT高層投影城景套房（高層陽台）:HK$343']"
麗怡酒店（湛江赤坎老街世貿店）,9.4,"['標準大床房:HK$234', '豪華大床房（智能客控+慕思床墊）:HK$251', '豪華雙床房（智能客控+慕思床墊）:HK$277', '商務大床房（智能客控+慕思床墊）:HK$304']"
君庭·MGM電競酒店（湛江萬達廣場店）,10.0,"['MGM超越電競大床房【2K260＋5070＋9700X＋萬兆桌面】:HK$336', 'MGM超越電競雙床房【2K260＋5070＋9700X＋萬兆桌面】:HK$345', 'MGM卓越電競大床房【愛攻2K260＋5070騰訊特權加速器】:HK$373', 'MGM卓越電競雙床房【愛攻2K260＋5070騰訊特權加速器】:HK$383']"
億楓公寓（山海華府店）,9.7,"['豪華三居室套房:HK$1,129']"
鼎盛雲天酒店（湛江鼎盛廣場店）,8.8,"['精品雙床房:HK$268', '標準大床房:HK$307', '標準雙床房:HK$307', '豪華大床房:HK$371', '豪華雙床房:HK$371']"
語競電競公寓（湛江萬達廣場店）,9.7,"['海景舒心大床房·全屋智能+5070+卓威280HZ XL2546X+:HK$271', '海景舒適大床房·全屋智能+5070+卓威280HZ XL2546X+:HK$271', '海景舒暢大床房+全屋智能+5070+ROG380hz+投影+洗衣機:HK$271']"
湛江嘉瑞禾酒店,9.5,"['商務精品房:HK$347', '商務大床房:HK$371', '商務雙人房:HK$371', '豪華大床房:HK$411', '豪華雙床房:HK$411']"
湛江君豪酒店,9.3,"['高級舒適大床房:HK$516', '高級舒適雙床房:HK$516', '豪華商務大床房:HK$602', '豪華商務雙床房:HK$602', '行政尊享雙床房:HK$689', '行政尊享大床房:HK$689']"
歡禧智享酒店（湛江萬達廣場金沙灣風景區店）,9.4,"['歡悦大床房-深睡眠床墊+智能馬桶+可手機投屏電視:HK$236', '歡悦雙床房-商務配套+智能客控+深睡眠床墊+辦公桌:HK$238', '歡享大床房-深睡眠床墊+辦公桌+負離子吹風機+投屏電視:HK$249', '歡享雙床房-深睡眠床墊+智能馬桶+辦公桌+手機投屏電視:HK$260']"
宜尚酒店（湛江海濱大道中江南世家店）,9.5,"['標準大床房（明亮舒適｜全新床品｜輕鬆好眠｜乾濕分離）:HK$294', '標準雙床房（明亮舒適｜全新床品｜輕鬆好眠｜乾濕分離）:HK$294', '高級大床房（明亮舒適｜全新床品｜輕鬆好眠｜乾濕分離）:HK$328', '高級雙床房（明亮舒適｜全新床品｜輕鬆好眠｜乾濕分離）:HK$328']"
柏高·雅酒店（湛江國貿人民廣場店）,9.5,"['豪華雙床房 （親膚睡袍+迷你冰箱+護脊床墊）:HK$277', '豪華大床房 （親膚睡袍+迷你冰箱+護脊床墊）:HK$288', '行政大床房（親膚睡袍+迷你冰箱+護脊床墊）:HK$320', '行政雙床房（親膚睡袍+迷你冰箱+護脊床墊）:HK$325', '豪華影音陽台大床房（投影儀+親膚睡袍+迷你冰箱+護脊床墊）:HK$379']"
寧可民宿（萬達榮盛店）,9.5,"['小村之戀（海景投屏大床房）:HK$303', '北國之春（海景投屏大床房）:HK$303', '望春風（海景投屏大床房）:HK$329', '微風細雨（海景投屏大床房）:HK$329']"
君庭·J Hotel設計師酒店（湛江萬達廣場店）,9.2,"['天際湯池大床房:HK$286', '榻榻米湯池大床房:HK$295', '天際雙床房:HK$297', '設計師精選湯池大床房:HK$329']"
柏爵·設計師輕居（湛江金沙灣沙灘招商花園城店）,9.0,"['海馬-100寸投影海景大床房（迷你冰箱+海景陽台+看日出）:HK$342', '海螺-100寸投影海景大床房（迷你冰箱+海景陽台+看日出）:HK$342', '海豹-100寸投影海景大床房（迷你冰箱+海景陽台+看日出）:HK$342', '珍珠-100寸投影海景大床房（迷你冰箱+海景陽台+看日出）:HK$342']"
維也納國際酒店（湛江人民大道鼎盛廣場店）,9.1,"['特惠大床房:HK$234', '高級大床房:HK$273', '高級雙床房:HK$273', '豪華雙人房:HK$281']"
漢庭酒店（湛江赤坎店）,9.4,"['高級大床房:HK$293', '商務大床房:HK$312', '雙床房:HK$328', '套房:HK$406']"
