酒店名称,评分,房型价格列表
滄州阿爾卡迪亞國際酒店,9.3,"['商務大床房:HK$381', '商務雙床房:HK$381', '豪華雙床房:HK$414', '豪華大床房:HK$433', '零壓雙床房:HK$459', '零壓大床房:HK$481']"
滄州渤海酒店,9.3,"['商務雙床房:HK$359', '商務大床房:HK$381', '豪華雙床房:HK$413', '豪華大床房:HK$435', '行政雙床房:HK$435']"
滄州大運河逸扉酒店,9.5,"['高級大床房（園區靜享空間+私享Coffee機+智能語音+冰箱+智能潔具）:HK$327', '高級雙床房（園區靜享空間+私享Coffee機+智能語音+冰箱+智能潔具）:HK$353', '豪華大床房（柔軟浴袍+園景+智能語音+私享Coffee機+冰箱）:HK$353', '豪華雙床房（柔軟浴袍+園景+智能語音+私享Coffee機+冰箱）:HK$380', '行政大床房（專屬會客區+戴森吹風機+園景+柔軟浴袍+智能語音+私享Coffee機+冰箱+私人浴缸+智能潔具）:HK$459']"
滄州天悦大酒店（南川老街大運河百獅園店）,9.6,"['舒適大床房（智能語音客控）:HK$229', '雲舒大床房（智能語音客控）:HK$306', '雲舒雙床房（智能語音客控）:HK$306', '棲心雙床房（智能語音客控）:HK$320', '臻品大床房:HK$340']"
滄州新華希爾頓歡朋酒店,9.5,"['高級大床房（品牌洗護用品+Serta床墊+小冰箱）:HK$337', '高級雙床房（品牌洗護用品+Serta床墊+小冰箱）:HK$337', '豪華大床房（親子沙發床+品牌洗護用品+小冰箱）:HK$366', '豪華雙床房（品牌洗護用品+Serta床墊+小冰箱）:HK$366', '歡朋套房（開闊式親子空間+柔軟浴袍+小冰箱+浴缸）:HK$462']"
曼汀酒店（滄州解放西路華北商廈店）,9.7,"['汀逸大床房（電視投屏+落地鏡+智能馬桶）:HK$228', '汀韻大床房（智能小度+迷你冰箱+獨立衣櫃浴袍）:HK$250', '汀致大床房（智能小度+休閑沙發+夢百合床墊 ）:HK$273', '汀致雙床房（智能小度+夢百合床墊+箭牌智能衞浴）:HK$295']"
桔子酒店（滄州南川老街店）,9.3,"['高級大床房A:HK$263', '高級雙床房:HK$271', '高級大床房:HK$289', '豪華雙床房:HK$289']"
白玉蘭酒店（滄州清風樓南川老街店）,9.3,"['輕雅大床房:HK$235', '舒雅大床房A:HK$245', '舒雅大床（南川街景）房:HK$257', '靜雅大床房:HK$276']"
滄州頤和大酒店,8.6,"['御河樓普通標間:HK$240', '主樓豪華標準間:HK$327', '主樓豪華商務大床房:HK$393', '主樓商務套間:HK$459']"
滄州百川路千童公園希岸Deluxe酒店,9.6,"['Deluxe雙床房:HK$210', 'Deluxe雅緻房:HK$236', 'Deluxe影音大床房:HK$245', 'Deluxe大床房:HK$272']"
喜達爾酒店（滄州黃河西路榮盛廣場店）,9.3,"['奢雅商務大床房:HK$209', 'TheCedar精緻榻榻米大床房:HK$221', '舒雅高級大床房:HK$234', '雅緻行政雙床房:HK$258']"
白玉蘭酒店（滄州永濟東路園博園店）,9.6,"['智能輕雅大床房（55寸可投屏電視+智能客控）:HK$180', '智能舒雅大床房（55寸可投屏電視+智能客控）:HK$196', '智能舒雅雙床房（55寸可投屏電視+智能客控）:HK$199', '智能靜雅大床房（55寸可投屏電視+智能客控）:HK$236']"
喆啡酒店（滄州黃河西路店）,9.5,"['啡凡大床房:HK$252', '啡凡雙床房:HK$252', '醇享大床房:HK$304', '醇享雙床房:HK$304']"
維也納酒店（滄州西站開元大道店）,9.5,"['大床房（無窗）:HK$208', '標準大床房:HK$235', '高級大床房:HK$271', '高級雙床房:HK$271']"
維也納酒店（滄州明珠商貿城中西醫結合醫院康復院區店）,9.4,"['大床房:HK$179', '標準大床房:HK$197', '標準雙床房:HK$197', '商務大床房:HK$248']"
維也納酒店（滄州鹽百店）,9.4,"['豪華雙床房:HK$204', '豪華大床房:HK$229', '愉夢大床房:HK$236', '商務大床房（落地玻璃窗+高層公園景觀）:HK$261']"
麗楓酒店（滄州九河東路開發區管委會店）,9.7,"['豪華大床房（慕斯床墊+空氣凈化器+淋浴音樂）:HK$222', '商務大床房（慕斯床墊+空氣凈化器+淋浴音樂）:HK$248', '行政大床房（慕斯床墊+空氣凈化器+淋浴音樂）:HK$283', '純凈自然雙床房（慕斯床墊+空氣凈化器+淋浴音樂）:HK$283']"
滄州全球民宿,9.5,"['普通大床房（公共衞浴）（帶空調）:HK$396', '經濟大床房（公共衞浴）（帶空調）:HK$483', '舒適大床房（公共衞浴）（帶空調）:HK$516', '家庭房:HK$522']"
唐朝商務酒店（滄州中心醫院第二中學店）,8.7,"['標準大床房:HK$152', '標準雙人間:HK$152', '温馨大床房:HK$163', '温馨主題房:HK$172']"
非繁城品酒店（滄州東方世紀城店）,9.3,"['非繁高級大床房:HK$221', '非繁高級雙床房:HK$221', '非繁零重力大床房:HK$229', '豪華套房:HK$277']"
白玉蘭酒店（滄州西站國際會展中心店）,9.4,"['零壓舒雅大床房（零壓純棉床品）:HK$169', '零壓靜雅大床房（零壓純棉床品）:HK$178', '零壓輕雅大床房（零壓純棉床品+智能客控）:HK$188', '智能靜雅雙床房（零壓純棉床品+智能客控）:HK$189']"
花溪居民宿,9.5,"['特惠大床房:HK$100', '陽光大床房:HK$121']"
駿怡連鎖酒店（滄州榮盛購物廣場黃河路小學店）,8.8,"['舒適大床房:HK$121', '高級大床房（內窗）:HK$149', '高級雙床間（內窗）:HK$167', '商務大床房:HK$167']"
南皮信和大酒店,9.7,"['標準間:HK$264', '大床房:HK$362', '商務套房:HK$558']"
漫心酒店（滄州黃驊店）,9.9,"['心怡大床房（智能客控、65寸投屏電視、小冰箱）:HK$309', '心悦高級雙床房（智能客控、65寸投屏電視、小冰箱）:HK$309', '心悦高級大床房（智能客控、65寸投屏電視、小冰箱）:HK$338', '心享豪華雙床房（智能客控、65寸投屏電視、小冰箱）:HK$338']"
菲倫酒店（滄州青縣店）,9.5,"['高級大床房（智能客控+0壓床墊+乳膠枕）:HK$243', '高級雙床房（智能客控+智能馬桶+手機投屏）:HK$256', '影院大床房（智能客控+0壓床墊+乳膠枕+100寸幕布）:HK$269', '豪華大床房（智能客控+0壓床墊+乳膠枕+小冰箱）:HK$295', '豪華雙床房（智能客控+乳膠枕+0壓床墊）:HK$308']"
任丘雲朵酒店,9.0,"['雅緻房（可投屏）:HK$256', '高級大床房（可投屏）:HK$315', '高級雙床房（可投屏）:HK$315', '幾木大床房（冰箱、體重秤、加濕器、可投屏）:HK$345', '幾木雙床房（冰箱、體重秤、可投屏）:HK$345']"
黃驊威爾士大酒店,8.9,"['商務大床房:HK$315', '高級大床房:HK$315', '高級標間:HK$315', '商務標間:HK$338', '豪華大床房:HK$370']"
滄州黃驊盛泰名頓大酒店,8.9,"['商旅雙床房:HK$218', '商旅大床房:HK$218', '豪華大床房:HK$267', '豪華雙床房:HK$267', '深睡大床房丨主題·弗諾氧:HK$311']"
南皮温泉假日酒店,9.6,"['精緻雙床房:HK$143', '精緻大床房:HK$154', '温馨大床房（小窗）:HK$175', '商務雙床房:HK$195']"
崑崙國際酒店（任丘華北油田總部店）,9.0,"['普通大床房:HK$130', '商務大床房:HK$141', '豪華雙床房:HK$141', '豪華大床房（暗窗）:HK$153']"
維也納酒店（河間燕京店）,9.6,"['高級雙床房:HK$273', '商務大床房:HK$281', '商務雙床房:HK$281', '豪華大床房（親膚床品+浴缸）:HK$298']"
黃驊秋果國際酒店,9.4,"['特惠大床房:HK$237', '德國豪華大床房:HK$260', '德國豪華雙床房:HK$279', '德國影音大床房:HK$279', '德國影音雙床房:HK$287']"
沃德酒店（滄州青縣店）,9.8,"['商務大床房（慕思乳膠床墊+慕思乳膠枕+小冰箱+手機投屏）:HK$213', '商務雙床房（慕思乳膠床墊+慕思乳膠枕+小冰箱+手機投屏）:HK$222', '雅緻大床房（慕思乳膠床墊+慕思乳膠枕+小冰箱+手機投屏）:HK$231', '雅緻雙床房（慕思乳膠床墊+慕思乳膠枕+小冰箱+手機投屏）:HK$249', '行政大床房（慕思乳膠床墊+慕思乳膠枕+小冰箱+手機投屏）:HK$258']"
白玉蘭酒店（滄州鹽山鳳凰公園店）,9.7,"['零壓輕雅雙床房:HK$215', '零壓輕雅大床房:HK$224', '零壓靜雅雙床房:HK$250', '零壓靜雅大床房:HK$250']"
喆啡酒店（河間嘉浩城市廣場店）,9.2,"['醇享大床房（智能客控+親膚床品+獨立辦公區）:HK$287', '啡凡雙床房（智能客控+親膚床品+獨立辦公區）:HK$304', '啡凡大床房:HK$304', '景觀大床房（智能客控+親膚床品+獨立辦公區）:HK$329']"
全季酒店（東光縣店）,9.4,"['高級大床房:HK$265', '商務雙床房:HK$275', '商務大床房:HK$284', '套房:HK$341']"
全季酒店（河間詩經中路汽配城店）,9.2,"['大床房:HK$329', '高級大床房:HK$349', '雙床房:HK$349', '舒壓高級大床房:HK$368']"
黃驊金都花園酒店,9.3,"['3號樓標間:HK$184', '3號樓大床房:HK$206', '8號樓標準間:HK$265', '9號樓標準間:HK$361']"
雲瑧金陵雜技酒店（吳橋雜技大世界店）,9.4,"['豪華雙床房:HK$432', '豪華大床房:HK$455', '行政景觀大床房:HK$589', '豪華套房:HK$730', '行政觀景套房:HK$894']"
滄州渤海國際酒店,8.7,"['高級標準間:HK$361', '高級大床房:HK$361', '豪華大床房:HK$361', '豪華標準間:HK$361', '荷里活:HK$436']"
麗楓酒店（朔黃鐵路肅寧北站店）,9.7,"['雅緻大床房（慕斯床墊+智能客控）:HK$239', '商務大床房（慕斯床墊+智能客控）:HK$272', '商務雙床房（慕斯床墊+智能客控）:HK$272', '豪華大床房（慕斯床墊+智能客控）:HK$320']"
河間新方華大酒店,9.6,"['簡約大床房（舒眠零壓枕）:HK$125', '簡約雙床房（舒眠零壓枕）:HK$125', '優選大床房（舒眠零壓枕）:HK$149', '優選雙床房（舒眠零壓枕）:HK$149']"
維也納酒店（鹽山鹽百生活廣場店）,9.3,"['高級大床房:HK$214', '高級雙床房:HK$214', '豪華大床房:HK$232', '商務雙床房:HK$250']"
如家商旅酒店（黃驊滄海路信譽樓店）,9.2,"['雙床房:HK$167', '商務大床房|獨立空調:HK$175', '高級雙床房|可投屏|獨立空調:HK$192', '特色雙床房|可投屏|獨立空調|智能設備:HK$202']"
如家商旅酒店（滄州黃驊港神華路店）,9.5,"['商務大床房-55寸投屏電視:HK$188', '高級雙床房-55寸投屏電視:HK$214', '高級大床房-55寸投屏電視:HK$214', '安心睡安睡大床房-全屋智能、智能馬桶:HK$239']"
任丘海升國際酒店,9.3,"['特惠標準間:HK$218', '特惠大床房:HK$242', '商務標準間:HK$268', '商務大床房:HK$268', '豪華大床房:HK$300']"
黃驊華悦凱旋大酒店,9.2,"['商務大床房:HK$231', '豪華大床房:HK$247', '豪華標準間:HK$253', '家庭房:HK$370', '豪華套房:HK$525']"
維也納智好酒店（滄州青縣店）,9.7,"['標準大床房（智能客控+電視投屏）:HK$173', '標準雙床房（智能客控+電視投屏）:HK$173', '高級大床房（智能客控+電視投屏）:HK$189', '高級雙床房（智能客控+電視投屏）:HK$189']"
東光千盛源大酒店,9.4,"['標準雙床房:HK$168', '標準大床房:HK$196', '智能優選標間:HK$259', '電競觀影標間【4060顯卡 I5 12400+全屋智能+投影儀】:HK$310']"
格林豪泰酒店（滄州百川路彩龍國際店）,9.3,"['高級大床房（全屋智能+零壓床墊）:HK$205', '商務大床房 （全屋智能+零壓床墊）:HK$216', '商務雙床房 （全屋智能+零壓床墊）:HK$226', '豪華大床房 （全屋智能+零壓床墊）:HK$236']"
如家華驛公寓（滄州南川樓店）,8.0,"['特惠大床房:HK$114', '大床房A:HK$121', '特惠雙床房:HK$129', '雙床房A:HK$137']"
華悦凱旋大酒店（偉業大廈新城公交站店）,9.4,"['豪華大床房:HK$229', '豪華標間:HK$229', '商務套房:HK$359']"
滄州高新智選假日酒店,8.9,"['標準雙床房:HK$153', '標準大床房:HK$179', '高級房雙床:HK$199', '高級房大床:HK$219', '大床套房帶小冰箱:HK$283']"
維也納國際酒店（滄州獻縣銀都店）,9.8,"['高級大床房:HK$245', '商務雙床房:HK$245', '商務大床房:HK$262', '城景雙床房:HK$268']"
