酒店名称,评分,房型价格列表
烏魯木齊機場美居酒店,9.8,"['高級大床房（安睡好眠+品牌洗護+Mini冰箱）:HK$763', '豪華大床房（安睡好眠+品牌洗護+Mini冰箱）:HK$793', '高級雙床房（安睡好眠+品牌洗護+Mini冰箱）:HK$793', '豪華雙床房（安睡好眠+品牌洗護+Mini冰箱）:HK$823', '嘉賓大床房（安睡好眠+品牌洗護+Mini冰箱+加濕器）:HK$823']"
烏魯木齊海棠酒店（九鼎農產品批發市場店）,9.9,"['33㎡影音大床房（智能客控+零壓床墊+加濕器+保温水壺+小型冰箱）:HK$381', '45㎡豪華大床房（智能客控+零壓床墊+加濕器+保温水壺+小型冰箱）:HK$436', '家庭雙床房:HK$445', '40㎡影音大床房（智能客控+零壓床墊+加濕器+保温水壺+小型冰箱）:HK$455']"
天緣航油酒店（烏魯木齊天山國際機場店）,9.3,"['優享雙床房丨助眠床墊+深度睡眠+躺平自愈:HK$330', '優享大床房丨助眠床墊+深度睡眠+躺平自愈:HK$341', '豪華雙床房丨助眠床墊+深度睡眠+躺平自愈:HK$408', '豪華大床房丨助眠床墊+深度睡眠+躺平自愈:HK$419']"
麗婭酒店（烏魯木齊天山國際機場店）,8.8,"['內景大床房:HK$360', '商務大床房:HK$390', '豪華雙床房:HK$451', '豪華大床房:HK$473', '無障礙大床房:HK$529']"
紅寶石雅緻酒店（新疆國際大巴扎二道橋地鐵站店）,9.1,"['雅緻好眠雙床房（智能客控+空氣加濕器+遮光窗簾）:HK$518', '粉色復古投影大床房（智能客控+空氣加濕器+大屏投影+遮光窗簾）:HK$527', '雅緻輕奢雙床房（智能客控+空氣加濕器）:HK$539', '雅緻輕奢大床房（智能客控+空氣加濕器+遮光窗簾）:HK$546']"
簡致酒店（烏魯木齊人民廣場店）,9.4,"['簡致高級大床房:HK$513', '簡致高級雙床房:HK$513', '簡致幻彩星空房:HK$535', '簡致雙床房:HK$546']"
達娜酒店（新疆國際大巴扎步行街店）,9.4,"['阿娜爾雙床房【冰箱+加濕器】:HK$829', '十二木卡姆雙床房【大巴扎觀景台+加濕器】:HK$928', '刀郎國際大巴扎景觀雙床房【大巴扎觀景台+冰箱】:HK$983', '夏地亞納三人間【冰箱+加濕器+民族風】:HK$1,272']"
悦享·歡朋酒店（經開萬達廣場高鐵站店）,9.1,"['悦意·原木ins大床房:HK$393', '悦意·原木ins雙床房:HK$405', '享韻·簡約Style大床房:HK$426', '享韻·簡約Style雙床房:HK$437']"
烏魯木齊上容酒店（火車南站店）,9.0,"['容雲·怡致雙床房（舒睡好眠+超大空間）:HK$420', '簡之·雙床房（舒睡好眠+靜謐空間）:HK$433', '容逸·景緻雙床房（舒睡好眠+超大空間）:HK$569', '容逸·景緻大床房（舒睡好眠+超大空間）:HK$592', '容韻·逸緻雙床房（舒睡好眠+超大空間）:HK$615']"
希柚·SeeYou酒店（烏魯木齊高鐵站店）,9.1,"['希柚·捷運隨行房-時來運轉:HK$333', '希遇·暢遊雙床房-雲樞靜眠:HK$349', '柚享·中轉大床房-有氧新風:HK$361', '希逸·歸心雙床房-歸途有風:HK$382']"
全季酒店（烏魯木齊天山國際機場空港店）,9.5,"['高級暖心大床房:HK$603', '舒壓躺平大床房:HK$663', '高級舒心雙床房:HK$703', '舒壓躺平舒心雙床房:HK$773']"
烏魯木齊喬治·莫蘭迪酒店（烏魯木齊高鐵站店）,8.7,"['天青·雲舒大床房:HK$887', '月白·雲舒雙床房:HK$910', '西子·雲逸大床房:HK$954', '碧落·雲逸雙床房:HK$976', '翠微·雲跡大床房:HK$1,009', '淺雲·雲跡雙床房:HK$1,032']"
烏魯木齊高鐵站希爾頓歡朋酒店,9.4,"['舒適大床房:HK$632', '舒適雙床房:HK$670', '高級大床房:HK$824', '高級雙床房:HK$853', '豪華雙床房:HK$959']"
絢麗酒店（烏魯木齊南站德滙萬達廣場店）,9.6,"['樂享安睡雙床房（全屋聲控+電動遮光窗簾+零壓床墊）:HK$548', '樂享安睡大床房（電動遮光窗簾+智能馬桶+零壓床墊）:HK$558', '奢享豪華雙床房（全屋聲控+電動遮光窗簾+智能馬桶）:HK$578', '奢享豪華大床房（全屋聲控+智能馬桶+電動遮光窗簾）:HK$589', '尊享行政雙床房（獨立會客區+全屋聲控+功夫茶具）:HK$608']"
百世昌徠舍酒店（烏魯木齊機場德港萬達店）,9.5,"['悦享大床房:HK$443', '惠享雙床房:HK$459', '悦享雙床房:HK$474', '尊享大床房 | 智能客控+小冰箱+加濕器+親膚床品:HK$488']"
星程酒店（烏魯木齊機場店）,9.6,"['舒壓·大床房【零壓床墊＋55寸電視】:HK$453', '主題房【投影儀+榻榻米】:HK$453', '舒壓·高級大床房【零壓床墊＋55寸電視】:HK$481', '舒壓·高級雙床房【零壓床墊＋55寸電視】:HK$510']"
麗斯頓國際酒店（烏魯木齊高鐵站萬達店）,9.5,"['高級單間｜康乃馨布草+金可兒床墊:HK$850', '高級標間｜康乃馨布草+金可兒床墊:HK$906', '豪華單間｜金可兒床墊+超大浴缸+小冰箱:HK$1,069', '豪華標間｜金可兒床墊+超大浴缸:HK$1,091', '童臻親子房:HK$1,091', '行政標間｜高空城市夜景+金可兒床墊+小冰箱:HK$1,266']"
原舍酒店（烏魯木齊軍區總醫院新疆維吾爾自治區博物館店）,9.3,"['舍·沐曦大床房（全屋小度智能客控+親膚床品+靜謐空間）:HK$529', '舍.伴行雙床房（全屋小度智能客控+親膚床品+靜謐空間）:HK$557', '舍·蜜調大床房（全屋小度智能客控+親膚床品+靜謐空間）:HK$601', '舍.靜心品茗雙床房（全屋小度智能客控+親膚床品+靜謐空間）:HK$639']"
烏魯木齊創新廣場溫德姆花園酒店,9.8,"['雅緻大床房:HK$1,095', '豪華大床房:HK$1,191', '豪華雙床房:HK$1,287', '行政大床房:HK$1,370', '行政親子房:HK$1,370']"
烏魯木齊恆裕國際酒店（德滙萬達廣場長江路店）,9.4,"['舒適大床房|高奢零壓舒眠床墊·深睡記憶枕·全屋智能:HK$473', '高級大床房|零壓舒眠床墊·高空夜景·恆温智能馬桶:HK$550', '舒適雙床房|高奢零壓舒眠床墊·深睡記憶枕·全屋智能:HK$587', '高級雙床房|零壓舒眠床墊·高空夜景·恆温智能馬桶:HK$642', '豪華大床房|全屋智能·高空夜景·遠望日照金山:HK$649']"
銘昂酒店（烏魯木齊機場店）,9.6,"['雅緻大床房:HK$561', '高級大床房:HK$603', '高級雙床房:HK$638', '巨幕投影大床房:HK$673']"
烏魯木齊新市區衞星路亞朵S酒店,9.7,"['高級大床房丨深睡枕Pro+智能客控投屏+親膚布草）:HK$743', '高級庭院大床房丨深睡枕Pro+智能客控投屏+親膚布草）:HK$780', '高級雙床房丨深睡枕Pro+智能客控投屏+親膚布草）:HK$868', '行政大床房丨深睡枕Pro+智能客控投屏+鍛絨浴袍:HK$894', '尊享大床房丨深睡床枕+智能客控+落地窗＋鍛絨浴袍:HK$958']"
烏魯木齊建國璞隱酒店（高鐵站北廣場萬達店）,9.7,"['詠蘭居大床房（夢百合零壓床墊·全屋智能·65寸電視）:HK$524', '暗香居大床房（夢百合零壓床墊｜小度全屋智能｜65寸智能投屏電視）:HK$542', '幽篁居雙床房（夢百合零壓床墊｜全屋語音智能｜投屏）:HK$653', '清蓮居套房（夢百合零壓床墊｜小度全屋智能｜65寸智能投屏電視）:HK$653', '清蓮居家庭房（夢百合零壓床墊｜小度全屋智能｜投屏）:HK$680']"
如家雲上四季酒店（烏魯木齊和田二街火車南站店）,9.0,"['單人房（智能客控+智能馬桶+助眠床墊）:HK$320', '安心睡0壓大床房（零壓助眠床墊+智能客控+遮光窗簾）:HK$363', '雙床房（智能客控+親膚床品+遮光窗簾）:HK$399', '安心睡0壓雙床房（零壓助眠+智能客控）:HK$427']"
佳航酒店（烏魯木齊天山國際機場店）,9.1,"['惠享心悦雙床房:HK$452', '商務大床間:HK$621', '商務標間:HK$621', '起降觀景大床房:HK$621']"
麗楓酒店（烏魯木齊天山國際機場德港萬達店）,9.5,"['高級大床房（無窗）:HK$428', '商務大床房（慕思床墊+電視投屏）:HK$448', '雅緻雙床房（慕思床墊+電視投屏）:HK$498', '豪華大床房（慕思床墊+電視投屏）:HK$539']"
美豪·麗致酒店（烏魯木齊萬達廣場高鐵站店）,9.2,"['麗致雙床房丨城市景觀+靜謐空間:HK$620', '麗致大床房丨城市景觀+靜謐空間:HK$620', '麗致影院大床房丨城市景觀+靜謐空間:HK$693', '雅緻雙床房丨城市景觀+靜謐空間:HK$693', '麗致影院雙床房丨城市景觀+獨享大空間:HK$703']"
全季酒店（烏魯木齊九鼎國際食品城東安路店）,9.7,"['雙床房:HK$512', '大床房（小冰箱 智能投屏 金可兒床墊 拾取茶具）:HK$542', '高級雙床房:HK$542', '高級大床房:HK$572']"
百世昌歡居酒店（新疆自治區博物館MM美美購物中心店）,9.5,"['悦享大床房（75寸投屏電視｜全屋智控｜助眠床墊）:HK$534', '高級大床房（75寸投屏大電視丨雅山地標景丨全屋智控）:HK$572', '豪華大床房（75寸投屏大電視｜小冰箱｜全屋智控）:HK$603', '城景影院大床房（紅山地標景｜高清投影｜海量片源）:HK$649', '百世親子房（75寸投屏大電視｜智能馬桶｜一大一小床）:HK$679']"
烏魯木齊環球國際大酒店,9.6,"['高級雙床房:HK$981', '高級大床房:HK$981', '豪華大床房:HK$1,201', '商務豪華間:HK$1,309', '豪華雙床房:HK$1,309', '行政大床房:HK$1,419']"
速8優選酒店（烏魯木齊機場大地窩堡地鐵站店）,9.3,"['特色大床房丨全屋智能客控+舒睡好眠:HK$353', '特色雙床房丨全屋智能客控+舒睡好眠:HK$382', '高級家庭房丨全屋智能客控+舒睡好眠:HK$471']"
悦享·輕居酒店（經開萬達廣場高鐵站店）,9.1,"['享 | 輕奢大床房-助眠床墊:HK$393', '享 | 輕奢雙床房-舒睡好眠:HK$405', '輕 | 城景大床房-萬達夜景:HK$415', '輕 | 觀景雙床房-享加濕器:HK$426']"
烏魯木齊百麗酒店（和田二街店）,9.6,"['風華靚麗雙床房 | 影院式書吧+英倫風:HK$715', '風華靚麗大床房 | 影院式書吧+英倫風:HK$715', '高貴華麗大床房 | 影院式書吧+英倫風:HK$850', '高貴華麗雙床房 | 影院式書吧+英倫風:HK$850', '奢華瑰麗商務套房 | 影院式書吧+英倫風:HK$1,262']"
亞朵S酒店（烏魯木齊會展吾悦廣場店）,9.5,"['高級大床房（智能客控投屏+小冰箱+室內瑜伽）:HK$771', '高級雙床房（智能客控投屏+小冰箱+室內瑜伽）:HK$798', '行政大床房（智能客控投屏+小冰箱+室內瑜伽）:HK$798', '幾木大床房（深睡枕Pro+智能客控投屏+小冰箱+室內瑜伽）:HK$825', '行政雙床房（智能客控投屏+小冰箱+室內瑜伽）:HK$834']"
漫庭酒店（烏魯木齊地窩堡國際機場德港萬達店）,9.5,"['楓韻|內景大床房|百寸巨幕:HK$414', '優眠|雙床房|全屋智能:HK$471', '優眠|大床房|全屋智能:HK$478', '靜謐|雙床房|全屋智能:HK$491']"
Super8國際酒店（烏魯木齊高鐵站北廣場店）,9.6,"['標準大床房丨高鐵景觀+智能客控+乳膠枕+小冰箱:HK$505', '商務大床房丨高鐵景觀+智能客控+乳膠枕+小冰箱:HK$543', '高級大床房丨高鐵景觀+智能客控+乳膠枕+小冰箱:HK$581', '商務雙床房丨高鐵景觀+智能客控+乳膠枕+小冰箱:HK$628', '高級雙床房丨高鐵景觀+智能客控+乳膠枕+小冰箱:HK$657']"
維斯頓國際酒店,9.6,"['大床房:HK$392', '雙床房:HK$392', '豪華大床房:HK$426', '豪華雙床房:HK$426']"
格林東方酒店（烏魯木齊天山國際機場新天潤國際社區店）,9.4,"['東方大床房（零壓床墊&全屋智能）:HK$519', '東方雙床房（零壓床墊&全屋智能）:HK$536', '東方高級大床房（零壓床墊&迷你小冰箱&咖飲機&全屋智能）:HK$569', '東方高級雙床房（零壓床墊&迷你小冰箱&全屋智能）:HK$586']"
桔子酒店（烏魯木齊人民電影院店）,9.2,"['大床房【高層美景+智能家居+冷藏冰箱】:HK$567', '高級大床房【電視投屏+智能家居+冷藏冰箱】:HK$606', '商務大床房【高層美景+智能家居+冷藏冰箱】:HK$637', '豪華大床房【高層美景+智能家居+冷藏冰箱】:HK$666']"
雙洲國際酒店（烏魯木齊高鐵站南廣場店）,8.9,"['優選大床房:HK$430', '優選雙床房:HK$441', '精選大床房:HK$441', '豪華圓床房:HK$441']"
烏魯木齊高鐵站萬達頤華酒店,9.4,"['高級大床房（智能客控+智能馬桶+冷藏小冰箱）:HK$732', '豪華大床房（全景落地窗+智能客控+智能馬桶）:HK$797', '豪華雙床房（全景落地窗+智能客控+智能馬桶）:HK$825', '高級豪華大床房（270°城景落地窗+智能客控+智能馬桶）:HK$871', '頤華大床房（270°城景落地窗+智能客控+金可兒床墊）:HK$890']"
烏魯木齊臻園國際酒店（烏魯木齊天山國際機場高速店）,9.6,"['惠享內景大床房（全屋智能+mini吧+零壓床墊）:HK$451', '商務大床房（全屋智能+mini吧+零壓床墊）:HK$495', '雅緻大床套房A（全屋智能+mini吧+零壓床墊）:HK$559', '雅緻大床套房B（全屋智能+mini吧+零壓床墊）:HK$559', '商務標準間（全屋智能+mini吧+零壓床墊）:HK$566']"
烏魯木齊安佳酒店（北晟廣場店）,9.7,"['雅緻雙床房（智能客控＋手機投屏＋舒適床品）:HK$489', '雅緻大床房（智能客控＋手機投屏＋舒適床品）:HK$489', '雅美零壓榻榻米大床房（全屋聲控＋智能馬桶＋零壓床墊＋加濕器）:HK$538', '雅馨智能懸浮大床房（智能客控+升降震感+星球枕+加濕器）:HK$559']"
紅寶石雅緻酒店（美美MM2購物中心新疆維吾爾自治區博物館店）,9.4,"['温馨治癒大床房（夢百合床墊+75寸投屏電視+智能馬桶+全屋聲控）:HK$540', '光影輕奢雙床房（全屋智能+智能馬桶+乳膠床墊+加濕器）:HK$553', '光影輕奢大床房（全屋智能+智能馬桶+乳膠床墊+加濕器）:HK$566', '智能安睡大床房（夢百合零壓床墊+智能馬桶+智能遮光窗簾+加濕器）:HK$591', '城景豪華雙床房（全屋聲控+智能馬桶+智能遮光窗簾+乳膠床墊+加濕器）:HK$617']"
美豪·麗致酒店烏魯木齊旗艦店,9.4,"['CityWalk·麗悦大床房:HK$654', '雅蘭親膚·怡悦大床房:HK$807', '輕法式·雅悦雙床房:HK$916', '輕奢風·致悦雙床房:HK$939', '270°城景雲際·浴缸大床房丨智能客控:HK$971', '萌寶樂園親子房:HK$1,080']"
克拉瑪依政府駐烏辦事處大廈,9.5,"['舒適大床房:HK$577', '舒適雙床房:HK$577', '陽光一居室:HK$630', '雅緻大床房:HK$756']"
航之瑞酒店（烏魯木齊迎賓路國際機場店）,9.3,"['精品大床房（潔凈安心+舒睡好眠）:HK$280', '精品雙床房（潔凈安心+舒睡好眠）:HK$332', '商務大床房（潔凈安心+舒睡好眠）:HK$341', '商務標準間（潔凈安心+舒睡好眠）:HK$376']"
烏魯木齊西星大酒店（國際大巴扎店）,8.9,"['普通標準間:HK$460', '精品單人間:HK$492', '精品標準間:HK$497', '精品三人間:HK$567']"
烏魯木齊人民廣場南門地鐵站亞朵酒店,9.3,"['雅緻大床房（全屋智能+小冰箱）景觀封閉內窗:HK$699', '雅緻雙床房（全屋智能+小冰箱）景觀封閉內窗:HK$807', '行政大床房（全屋智能+小冰箱）:HK$843', '行政雙床房（全屋智能+小冰箱）:HK$896', '幾木大床房（深睡PRO+全屋智能+小冰箱）:HK$951']"
百世昌誠和酒店（幸福路大灣北路店）,9.4,"['悦享內景大床房（手機投屏｜記憶枕｜全屋智控）:HK$489', '悦享巨幕大床房（100寸高清巨幕｜海量片源｜手機投屏）:HK$496', '悦享巨幕雙床房（巨幕投影｜小冰箱｜助眠床墊）:HK$496', '高級雙床房（投屏電視｜小冰箱｜全屋智控）:HK$512', '高級大床房（投屏電視｜記憶枕｜全屋智控）:HK$527']"
