酒店名称,评分,房型价格列表
無錫新區太湖大道亞朵X酒店,9.6,"['高級雙床房:HK$367', '高級大床房:HK$385', '行政大床房:HK$430', '幾木雙床房:HK$439', '幾木大床房:HK$457']"
無錫南長街古運河麗芮酒店,9.5,"['芮享舒適大床房:HK$479', '芮享高級大床房:HK$533', '芮享高級雙床房:HK$567', '芮享豪華大床房:HK$588', '芮享豪華雙床房:HK$621']"
凱泊酒店（無錫南長街南禪寺地鐵站店）,9.2,"['簡約大床:HK$238', '簡約標間:HK$246', '寓·大床房:HK$279', '寓·標間:HK$287']"
宜尚酒店（無錫三陽廣場火車站店）,9.3,"['舒適大床房【智能新風+乾濕衞浴】:HK$250', '舒適雙床房【新風系統+品質衞浴】:HK$250', '高級大床房【智能投屏+北歐極簡】:HK$270', '高級雙床房【遠眺崇安+雅蘭總統床墊】:HK$270']"
桔子酒店（無錫三陽廣場店）,9.7,"['大床房【65寸電視投屏+智能客控】:HK$315', '商務大床房【65寸電視投屏+智能客控】:HK$331', '高級大床房【65寸電視投屏+智能客控】:HK$341', '高級雙床房【65寸電視投屏+智能客控】:HK$341', '月若流金精選雙床房【65寸電視投屏+智能客控】:HK$362']"
漫湖雲帆·公寓（太湖店）,9.7,"['高級大床房:HK$370', '雲帆·城景套房:HK$414', '雲帆·270°景觀套房:HK$457', '高級雙床房:HK$457']"
無錫德根飯店（三陽廣場店）,9.3,"['商務單人房-舒適淋浴:HK$454', '高級大床房-高樓層:HK$486', '高級雙床房-靠窗沙發:HK$486', '高級影音大床房-無線投屏:HK$539', '高級影音雙床房-無線投屏:HK$539', '豪華大床房-超大床:HK$571']"
SY·宿也高空觀景設計師度假美宿（無錫濱湖萬象滙太湖西大道店）,9.6,"['寶藏·幸運觀景房【全新貢緞床品+影視會員】:HK$403', '含月·高空觀景大床房【雙人浴缸+巨幕影院+戴森吹風機】:HK$414', '極簡·高空湖景包豪斯一室一廳套房【雲端觀景+私享影院+戴森吹風機】:HK$457', '清風·180度無敵高空觀景一室一廳套房【雲端觀景+巨幕觀影+戴森吹風】:HK$470']"
木子臻選酒店（無錫市南長街人民醫院店）,9.3,"['靜謐大床房:HK$207', '靜謐雙床房:HK$220', '高級大床房A:HK$235', '高級大床房B:HK$262']"
璽雲·高空Hotel（無錫三陽廣場店）,9.2,"['天際舒適大床房『天際視野+靜謐舒適』:HK$437', '高空舒適大床房『鵝絨床具+智能光控』:HK$464', '天際影音大床房『俯瞰錫城+遙望太湖』:HK$506', '雲上觀景輕奢套房 『環幕城景+定製床品』:HK$548']"
宜尚酒店（無錫高新開發區碩放機場店）,9.5,"['精緻大床房【電視投屏|夢百合零壓床墊】:HK$221', '精緻雙床房【電視投屏|夢百合零壓床墊】:HK$228', '雅緻大床房【電視投屏|夢百合零壓床墊】:HK$249', '家庭房【電視投屏|夢百合零壓床墊】:HK$254']"
無錫東站智選假日酒店,9.7,"['高級房 超大床:HK$305', '高級房 雙床:HK$305', '高級房（超大床）（帶小冰箱）:HK$343', '高級房（雙床）（帶小冰箱）:HK$343']"
全季酒店（無錫三陽廣場店）,9.5,"['大床房【55寸電視投屏】:HK$416', '高級大床房【55寸電視投屏】:HK$444', '高級雙床房【55寸電視投屏】:HK$463', '商務高級雙床房【55寸電視投屏】:HK$492']"
美麗豪酒店（無錫錫山區政府天一中學店）,9.7,"['高級城景大床房（全景落地窗+電視投屏+小冰箱）:HK$331', '高級城景雙床房（全景落地窗+電視投屏+小冰箱）:HK$331', '行政城景大床房（全景落地窗+電視投屏+小冰箱）:HK$362', '行政城景雙床房（全景落地窗+電視投屏+小冰箱）:HK$362', '豪華城景大床房（全景落地窗+電視投屏+小冰箱）:HK$414']"
麗呈東谷酒店 （無錫太湖黿頭渚風景區店）,9.5,"['標準大床房（智能客控+智能馬桶+高速吹風機+體重秤+熱帶雨林花灑）:HK$382', '高級大床房（雙人浴袍+智能客控+智能馬桶+靜音小冰箱+體重秤+全身鏡+LED化粧鏡+熱帶雨林花灑）:HK$420', '高級雙床房（智能客控+智能馬桶+電子秤+高速吹風機+熱帶雨林花灑+懶人沙發）:HK$420', '豪華大床房（智能馬桶+懶人沙發+全身鏡+熱帶雨淋）:HK$461', '豪華雙床房（智能馬桶+懶人沙發+小冰箱+熱帶雨淋）:HK$461']"
全季酒店（三陽廣場南長街店）,9.6,"['大床房【電視投屏+智能客控】:HK$447', '高級大床房A【電視投屏+智能客控】:HK$452', '高級雙床房【電視投屏+智能客控】:HK$468', '高級大床房【電視投屏+智能客控】:HK$478']"
無錫機場佰翔花園酒店,9.7,"['高級雙床房:HK$446', '高級大床房:HK$446', '佰翔大床房:HK$460', '豪華雙床房:HK$506', '豪華大床房:HK$506', '機享貴賓大床房:HK$730']"
SUISU隨宿·設計師酒店（無錫寶龍廣場旺莊地鐵站店）,9.6,"['梵凈·豪華大床房【暢享會員巨幕投屏影音丨智能入住丨智能客控丨夢百合零壓記憶床墊丨親膚布草】:HK$259', '夢之·豪華大床房【智能入住丨智能客控丨夢百合零壓記憶床墊丨親膚布草丨電視可投屏】:HK$269', '心憩·尊享大床房【暢享會員巨幕投屏影音丨智能入住丨智能客控丨夢百合零壓記憶床墊丨親膚布草】:HK$283', '靜夜·尊享雙床房【暢享會員巨幕投屏影音丨智能入住丨智能客控丨夢百合零壓記憶床墊丨親膚布草】:HK$283']"
雅麗豪酒店（樑溪萬達火車站店）,9.2,"['商務大床房（全景落地窗）:HK$306', '精緻雙床房（全景落地窗）:HK$327', '高級大床房（全景落地窗）:HK$349', '高級雙床房（全景落地窗）:HK$354', '豪華大床房（全景落地窗）:HK$397']"
如家精選酒店（無錫三陽廣場勝利門地鐵站店）,9.6,"['大床房『 樓層高 』:HK$277', '雙床房『樓層高』:HK$302', '商務大床房『樓層高』:HK$302', '高級大床房『55寸電視機可投屏·徠芬吹風機』:HK$320']"
無錫海岸城亞朵酒店,9.6,"['高級大床房:HK$509', '高級雙床房:HK$581', '行政大床房:HK$581', '幾木大床房:HK$601', '幾木雙床房:HK$622']"
楓雨（無錫三陽廣場店）,9.6,"['單間公寓式客房:HK$579', '高層單間公寓式客房:HK$634', '城市景觀公寓式客房:HK$689', '崇安寺景觀公寓式客房:HK$743', '270度高層無敵景觀公寓式客房:HK$852']"
無錫南長街三陽廣場地鐵站輕居酒店,9.6,"['舒適大床房（天井窗-65寸投屏電視-亞朵裸眠床品）:HK$350', '精選大床房（小冰箱-投屏電視-JOLOVES洗護用品）:HK$376', '標準雙床房（天井窗-65寸投屏電視-JOLOVES洗護用品）:HK$376', '高級大床房（深睡枕Pro-小冰箱-LELABO洗護用品）:HK$421']"
無錫盛捷圓融廣場服務公寓,9.5,"['逸·居 - 行政單房公寓:HK$508', '逸·居 - 行政單房雙床公寓:HK$508', '雅·致 - 一房豪華套房:HK$538', '雅·致-一房豪華雙床套房:HK$609', '六六六麻將主題房:HK$728']"
無錫黿頭渚風景區貢湖大道亞朵酒店,9.6,"['高級雙床房（深睡床品+智能客控+小冰箱）:HK$403', '高級大床房（深睡床品+智能客控+小冰箱）:HK$421', '行政大床房（深睡床品+智能客控+小冰箱）:HK$448', '行政雙床房（深睡床品+智能客控+小冰箱）:HK$457', '尊享雙床房（深睡床品+智能客控+小冰箱）:HK$548']"
無錫羅卡斯酒店（南長街店）,9.5,"['新尚·主題房:HK$416', '目翠·主題半套房:HK$416', '服務式·商務單間:HK$459', '溺愛·主題套房:HK$568', '璨放·主題房:HK$568', '羅卡斯行政套房:HK$579']"
無錫吳越水街萬達美華酒店,9.6,"['高級大床房丨落地窗+小度全屋智能+ACCA·KAPPA洗護用品:HK$349', '豪華大床房丨落地窗+小度全屋智能+ACCA·KAPPA洗護用品:HK$379', '豪華雙床房丨落地窗+小度全屋智能+ACCA·KAPPA洗護用品:HK$379', '高級豪華大床房 | 迷你小冰箱+超大浴缸+小度全屋智能:HK$462', '雅緻榻榻米大床房 | 迷你小冰箱+超大浴缸+親子空間:HK$462']"
無錫新區長江北路亞朵酒店,9.8,"['高級雙床房:HK$350', '高級大床房:HK$358', '行政雙床房:HK$421', '行政大床房:HK$439', '幾木大床房:HK$457']"
無錫洛城美侖酒店,9.6,"['高級大床房:HK$412', '高級雙床房:HK$412', '商務大床房:HK$442', '商務雙床房:HK$442', '豪華大床房:HK$482']"
全季酒店（無錫南長街店）,9.4,"['大床房:HK$399', '高級大床房:HK$428', '高級雙床房:HK$428', '商務雙床房:HK$457']"
全季酒店（無錫長江北路星光裏店）,9.6,"['高級大床房A:HK$349', '高級大床房:HK$359', '雙床房:HK$378', '商務大床房:HK$428']"
無錫諾富特酒店,9.7,"['高級大床房:HK$490', '高級雙床房:HK$518', '豪華大床房:HK$528', '豪華雙床房:HK$547', '嘉賓高級大床房:HK$554']"
花築·悦庭雅居客棧（無錫靈山大佛拈花灣店）,9.7,"['神奈川榻榻米房·可觀天空閣樓房·簡約輕奢標配:HK$305', '北海道榻榻米房·可觀天空閣樓房·輕奢標配:HK$330', '奈良小標間·温馨簡約雙床房:HK$391', '布拉格標間·雙床房·大視野·簡約輕奢標配:HK$490']"
宜尚PLUS酒店（無錫長江北路太湖花園地鐵站店）,9.4,"['標準大床房（寬敞明亮+個性沙發）:HK$351', '標準雙床房（寬敞明亮+舒適辦公+小冰箱）:HK$363', '商務大床房:HK$374', '高級大床房（獨立起居空間+舒適浴缸+小冰箱）:HK$418', '豪華大床房（北歐風格客房+無間隔起居空間+觀景浴缸）:HK$463']"
無錫三陽廣場漫心酒店,9.6,"['心怡大床房（智能客控+小冰箱）:HK$352', '心悦高級大床房（智能客控+休閑沙發+小冰箱）:HK$391', '心悦高級雙床房（智能客控+小冰箱）:HK$391', '心享豪華大床房（品質臻享+休閑沙發+小冰箱）:HK$452', '心享豪華雙床房（智能客控+小冰箱）:HK$452']"
柏宜酒店（無錫南長街南禪寺景區店）,9.5,"['城景·精選大床房（明亮視野 · 獨享城景·品質床墊）:HK$302', '舒適·助眠大床房（遙望南長街夜景·零壓乳膠床墊）:HK$324', '輕奢·智選雙床房（全景一覽眾山小 · 零壓乳膠床墊）:HK$362', '靜宜·親子家庭房（超大TV·絲滑投屏·助眠床墊）:HK$415']"
藝龍安悦酒店（無錫胡埭工業園花都店）,9.7,"['精選雙床房【智能客控+小冰箱+零壓床墊】:HK$258', '精選大床房【智能客控+小冰箱+零壓床墊】:HK$269', '影音大床房【智能客控+小冰箱+零壓床墊】:HK$280', '商務雙床間【智能客控+小冰箱+零壓床墊】:HK$290', '商務大床房【智能客控+小冰箱+零壓床墊】:HK$301']"
漢庭酒店（無錫南禪寺地鐵站店）,9.6,"['大床房:HK$246', '商務雙床房:HK$264', '高級大床房A:HK$264', '商務大床房:HK$284']"
無錫凱萊大飯店（塘鐵橋地鐵站IN有街市店）,9.4,"['高級雙床房:HK$436', '高級大床房:HK$436', '標準雙床房:HK$436', '商務大床房:HK$490', '親子大床房:HK$522']"
無錫三陽廣場亞朵酒店,9.6,"['高級大床房:HK$529', '行政大床房:HK$574', '高級雙床房:HK$592', '幾木大床房:HK$664', '幾木雙床房:HK$682']"
無錫東站希爾頓歡朋酒店,9.6,"['舒適雙床房:HK$461', '舒適大床房:HK$480', '高級雙床房:HK$517', '高級大床房:HK$537', '豪華雙床房:HK$575']"
無錫梅里古鎮璟隆廣場輕居酒店,9.7,"['舒適大床房（65寸高清投屏+裸棉床品+小冰箱）:HK$305', '標準大床房（65寸高清投屏+裸棉床品+小冰箱）:HK$332', '標準雙床房（65寸高清投屏+裸棉床品+小冰箱）:HK$332', '精選大床房（65寸高清投屏+裸棉床品+小冰箱）:HK$358', '精選雙床房（65寸高清投屏+裸棉床品+小冰箱）:HK$358']"
無錫東亭希爾頓歡朋酒店,9.7,"['舒適大床房:HK$494', '舒適雙床房:HK$494', '高級大床房:HK$549', '高級雙床房:HK$549', '豪華大床房:HK$592']"
無錫巡塘書香府邸酒店,9.7,"['雅緻大床房:HK$1,518', '雅緻套房:HK$1,737', '河畔複式套房（河畔露台）:HK$1,955', '探花庭院套房（賞景庭院）:HK$2,829', '雅緻雙卧套房（獨立卧室+會客空間）:HK$3,158', '別墅雙卧套房（獨立卧室+會客空間）:HK$4,032']"
如家商旅酒店（無錫南禪寺三陽廣場地鐵站店）,9.7,"['大床房:HK$219', '雙床房:HK$245', '商務大床房:HK$245', '高級大床房【55寸電視可投屏+萊芬吹風機】:HK$261']"
無錫萬達頤華酒店（三陽廣場南長街店）,8.9,"['高級大床房（睡眠窗簾+智能投屏+Acca Kappa洗護用品）:HK$441', '高級雙床房（睡眠窗簾+智能投屏+Acca Kappa洗護用品）:HK$464', '豪華大床房（睡眠窗簾+智能投屏+Acca Kappa洗護用品）:HK$618', '豪華雙床房（睡眠窗簾+智能投屏+Acca Kappa洗護用品）:HK$618', '頤華大床房（落地窗+智能投屏+Acca Kappa洗護用品）:HK$883']"
無錫惠山希爾頓惠庭酒店,9.6,"['舒適雙床房（coffee機+冷凍雙功能冰箱+微波爐）:HK$424', '靈動大床房（coffee機+冷凍雙功能冰箱+微波爐）:HK$435', '靈動雙床房（coffee機+冷凍雙功能冰箱+微波爐）:HK$457', '靈動豪華大床房（冷凍雙功能冰箱+微波爐+coffee機）:HK$479', '套房（智能客控+coffee機+微波爐+投屏電視+冷凍雙功能立式冰箱）:HK$664']"
無錫錫山智選假日酒店,9.7,"['高級房（智能馬桶+電視投屏+品牌洗護+電動窗簾）:HK$423', '高級房·超大床（品牌洗護+電視投屏）:HK$423', '高級房·雙床（智能馬桶+電視投屏）:HK$423', '高級房·超大床·更大面積（智能馬桶+電動窗簾）:HK$450', '高級房·雙床·更大面積（品牌洗護+電視投屏）:HK$450']"
邁朋酒店（彩虹城旺莊路地鐵站店）,9.7,"['臻選高級大床房:HK$252', '臻選高級雙床房:HK$252', '高級大床房:HK$300', '行政大床房:HK$308', '行政雙床房:HK$308']"
無錫江南大學蠡湖校區亞朵酒店,9.7,"['高級大床房（電視投屏+科勒全智能馬桶+智能客控）:HK$484', '高級雙床房（電視投屏+科勒全智能馬桶+智能客控）:HK$520', '行政大床房（浴袍+電視投屏+科勒全智能馬桶）:HK$520', '幾木大床房（小冰箱+電視投屏+科勒全智能馬桶）:HK$538', '幾木城景大床房（小冰箱+電視投屏+科勒全智能馬桶）:HK$574']"
無錫太科園震澤路亞朵酒店,9.6,"['高級大床房（小冰箱+智能客控）:HK$385', '高級雙床房（小冰箱+智能客控）:HK$385', '行政大床房（小冰箱+智能客控）:HK$412', '行政雙床房（小冰箱+智能客控）:HK$412', '尊享大床房（小冰箱+智能客控）:HK$439']"
無錫太湖飯店,9.7,"['高級大床房:HK$852', '高級雙床房:HK$852', '標準雙床房:HK$940', '高級園景大床房:HK$940', '高級園景雙床房:HK$940', '豪華大床房:HK$983']"
無錫日航飯店,9.4,"['高級大床房:HK$675', '高級雙床房:HK$675', '城市景觀高級大床房:HK$712', '城市景觀高級雙床房:HK$712', '新氧高級大床房（空氣凈化系統）:HK$769', '新氧高級雙床房（空氣凈化系統）:HK$769']"
無錫火車站春申路亞朵酒店,9.6,"['高級大床房:HK$367', '高級雙床房:HK$385', '行政大床房（小冰箱）:HK$430', '行政雙床房（小冰箱）:HK$448', '幾木套房:HK$987']"
全季酒店（無錫蘇寧廣場南長街店）,9.7,"['大床房:HK$359', '雙床房（65寸電視可投屏）:HK$359', '大床房A（65寸電視可投屏）:HK$359', '高級大床房（65寸電視可投屏）:HK$389']"
無錫瑞廷西郊酒店,9.6,"['高級低敏大床房（Acca Kappa洗護用品）:HK$570', '高級低敏雙床房（Acca Kappa洗護用品）:HK$570', '豪華低敏大床房（Acca Kappa洗護用品）智能馬桶:HK$624', '豪華低敏雙床房（Acca Kappa洗護用品）智能馬桶:HK$624', '高級正湖景低敏房（Acca Kappa洗護用品）:HK$697', '豪華正湖景低敏房（Acca Kappa洗護用品）智能馬桶:HK$750']"
宜必思酒店（無錫南長街太湖廣場地鐵站店）,9.6,"['大床房:HK$224', '雙床房:HK$233', '影音房:HK$233', '高級大床房:HK$252']"
無錫詩曼汀公寓（三陽廣場店）,9.3,"['精緻城景大床房（鵝絨被+冰箱）:HK$421', '高層影院大床房:HK$448', '精緻夜景公寓式大床房:HK$475', '高層夜景大床房:HK$530']"
無錫三陽廣場中山路亞朵X酒店,9.2,"['高級大床房:HK$389', '高級雙床房:HK$417', '行政大床房:HK$482', '行政城景雙床房:HK$510', '幾木大床房:HK$575']"
無錫三陽廣場南長街桔子水晶酒店,9.5,"['高級大床房[小冰箱]:HK$520', '豪華大床房[浴缸+全景落地陽台+小冰箱]:HK$558', '精選大床房[浴缸+全景落地陽台+小冰箱]:HK$615', '商務大床房[浴缸+小冰箱]:HK$672', '高級雙床房（全景落地陽台+小冰箱]:HK$747']"
無錫惠山高鐵站亞朵酒店,9.6,"['高級大床房:HK$332', '高級雙床房:HK$332', '行政大床房:HK$367', '尊享大床房:HK$412', '尊享雙床房:HK$421']"
無錫南長古韻漫心府,9.7,"['心怡標準大床房（智能客控+金可兒床墊+MiniBAR）:HK$774', '心悦高級大床房（全景落地窗+智能客控+MiniBAR）:HK$855', '心夢尊享大床房（舒適浴缸+智能客控+MiniBAR）:HK$934', '心享豪華雙床房（全景落地窗+智能客控+MiniBAR）:HK$955', '特色院景大床房（獨立小院+舒適浴缸+全景落地窗）:HK$1,015']"
無錫中央車站假日酒店,9.6,"['高級大床房:HK$476', '高級雙床房:HK$476', '高級房:HK$476', '高級房（大床+沙發床）:HK$533', '豪華雙床房:HK$551', '豪華大床房:HK$551']"
無錫柏喜悦麗酒店（黿頭渚風景區店）,9.4,"['雲隱大床房（無窗）『4K高清+高速吹風機+智能客控』:HK$286', '悦雲大床房『舒適採光+深睡零壓床+手機投屏高清電視』:HK$314', '麗景雙床房『智能馬桶+零壓枕芯+定製深睡好眠床品』:HK$321', '臻喜影院房『全屋智能+高清投影VIP+雲端觀日』:HK$370']"
全季酒店（無錫濱湖萬象滙店）,9.7,"['高級大床房A:HK$426', '高級大床房:HK$463', '高級雙床房:HK$482', '豪華大床房:HK$501']"
全季酒店（無錫蘇南碩放機場店）,9.6,"['高級大床房:HK$311', '高級雙床房:HK$311', '商務雙床房:HK$321', '商務大床房:HK$331']"
無錫濱湖區體育中心亞朵X酒店,9.6,"['高級大床房（無線投屏）:HK$412', '高級雙床房（無線投屏）:HK$430', '幾木大床房（無線投屏+小冰箱）:HK$439', '幾木雙床房（無線投屏+小冰箱）:HK$475', '幾木養生大床房（沉浸式大型浴缸）:HK$484']"
無錫東站南廣場亞朵酒店,9.9,"['高級雙床房:HK$413', '高級大床房:HK$422', '行政大床房:HK$449', '尊享雙床房:HK$467', '尊享大床房:HK$476']"
無錫雲隱東方·莫宅酒店,9.6,"['雲居沐陽大床房:HK$1,005', '雲舍幽靜雙床房:HK$1,092', '雲熙園景大床房:HK$1,311', '雲熙院景大床房:HK$1,421', '雲居家庭房:HK$1,836', '雲奢儒雅家庭房:HK$2,621']"
無錫東站映月湖公園地鐵站亞朵酒店,9.7,"['高級雙床房:HK$385', '高級大床房:HK$394', '行政大床房:HK$421', '幾木雙床房:HK$439', '幾木大床房:HK$448']"
無錫華怡明都大酒店（濱湖萬象滙店）,9.3,"['經典房:HK$289', '經典大床房:HK$289', '時尚房:HK$340', '雅緻房:HK$350', '小黃鴨主題親子房:HK$449']"
柏宜酒店（無錫南長街清名橋地鐵站店）,9.6,"['特價大床房（零壓床墊）:HK$281', '零壓高級大床房（零壓床墊）:HK$325', '零壓雙床房（零壓床墊）:HK$353', '零壓豪華大床房（零壓床墊+智能按摩椅）:HK$382']"
無錫太湖皇冠假日酒店,9.6,"['皇冠高級大床房:HK$710', '皇冠高級雙床房:HK$710', '皇冠高級城景大床房:HK$786', '皇冠高級城景雙床房:HK$786', '皇冠高級湖景雙床房:HK$879', '皇冠高級湖景大床房:HK$879']"
