酒店名称,评分,房型价格列表
無錫南長街古運河麗芮酒店,9.5,"['芮享舒適大床房:HK$446', '芮享高級大床房:HK$501', '芮享高級雙床房:HK$533', '芮享豪華大床房:HK$555', '芮享豪華雙床房:HK$588']"
無錫新區太湖大道亞朵X酒店,9.6,"['高級雙床房:HK$331', '高級大床房:HK$349', '行政大床房:HK$394', '幾木雙床房:HK$403', '幾木大床房:HK$421']"
無錫南長街亞朵S酒店,9.6,"['高級大床房:HK$481', '行政大床房:HK$510', '幾木大床房:HK$560', '幾木養生大床房:HK$622', '高級雙床房:HK$792']"
美麗豪酒店（無錫錫山區政府天一中學店）,9.7,"['高級城景大床房（全景落地窗+電視投屏+小冰箱）:HK$331', '高級城景雙床房（全景落地窗+電視投屏+小冰箱）:HK$331', '行政城景大床房（全景落地窗+電視投屏+小冰箱）:HK$362', '行政城景雙床房（全景落地窗+電視投屏+小冰箱）:HK$362', '豪華城景大床房（全景落地窗+電視投屏+小冰箱）:HK$414']"
漫湖雲帆·公寓（太湖店）,9.7,"['高級大床房:HK$326', '高級雙床房:HK$370', '雲帆·城景套房:HK$402', '雲帆·270°景觀套房:HK$435']"
楓雨（無錫三陽廣場店）,9.6,"['單間公寓式客房:HK$448', '高層單間公寓式客房:HK$503', '城市景觀公寓式客房:HK$557', '崇安寺景觀公寓式客房:HK$612', '270度高層無敵景觀公寓式客房:HK$721']"
無錫三陽廣場亞朵酒店,9.6,"['高級大床房:HK$412', '高級雙床房:HK$412', '行政大床房:HK$466', '幾木親子雙床房:HK$502', '幾木雙床房:HK$502']"
無錫諾富特酒店,9.7,"['高級雙床房:HK$422', '高級大床房:HK$451', '豪華雙床房:HK$451', '豪華大床房:HK$489', '嘉賓高級大床房:HK$515']"
無錫南長街三陽廣場輕居酒店,9.6,"['舒適大床房（天井窗-65寸投屏電視-亞朵裸眠床品）:HK$331', '精選大床房（小冰箱-投屏電視-JOLOVES洗護用品）:HK$358', '標準雙床房（天井窗-65寸投屏電視-JOLOVES洗護用品）:HK$358', '高級大床房（深睡枕Pro-小冰箱-LELABO洗護用品）:HK$403']"
無錫機場佰翔花園酒店,9.7,"['高級雙床房:HK$446', '高級大床房:HK$446', '佰翔大床房:HK$459', '豪華雙床房:HK$506', '豪華大床房:HK$506', '機享貴賓大床房:HK$730']"
無錫君來湖濱飯店,9.5,"['A樓標準雙床房:HK$437', 'A樓標準大床房:HK$655', 'A樓標準湖景雙床房:HK$655', 'B樓高級雙床特價房:HK$655', 'B樓高級大床特價房:HK$655', 'B樓高級雙床房:HK$873']"
無錫江南大學蠡湖校區亞朵酒店,9.7,"['高級大床房（電視投屏+科勒全智能馬桶+智能客控）:HK$457', '高級雙床房（電視投屏+科勒全智能馬桶+智能客控）:HK$457', '行政大床房（浴袍+電視投屏+科勒全智能馬桶）:HK$493', '幾木雙床房（小冰箱+電視投屏+科勒全智能馬桶）:HK$537', '幾木大床房（小冰箱+電視投屏+科勒全智能馬桶）:HK$537']"
宜尚酒店（無錫高新開發區碩放機場店）,9.5,"['精緻大床房【電視投屏|夢百合零壓床墊】:HK$221', '精緻雙床房【電視投屏|夢百合零壓床墊】:HK$228', '雅緻大床房【電視投屏|夢百合零壓床墊】:HK$249', '家庭房【電視投屏|夢百合零壓床墊】:HK$254']"
木子臻選酒店（無錫市南長街人民醫院店）,9.3,"['靜謐大床房:HK$195', '靜謐雙床房:HK$208', '高級大床房A:HK$223', '高級大床房B:HK$251']"
無錫東站希爾頓歡朋酒店,9.6,"['舒適雙床房:HK$461', '舒適大床房:HK$480', '高級雙床房:HK$517', '高級大床房:HK$536', '豪華雙床房:HK$575']"
無錫南長古韻漫心府,9.7,"['心怡標準大床房（智能客控+金可兒床墊+MiniBAR）:HK$563', '心悦高級大床房（全景落地窗+智能客控+MiniBAR）:HK$642', '心夢尊享大床房（舒適浴缸+智能客控+MiniBAR）:HK$723', '心享豪華雙床房（全景落地窗+智能客控+MiniBAR）:HK$743', '特色院景大床房（獨立小院+舒適浴缸+全景落地窗）:HK$804']"
無錫拈花灣馬山太湖裡睦鄰中心亞朵酒店,9.6,"['高級大床房:HK$367', '高級雙床房:HK$385', '行政大床房:HK$385', '行政雙床房:HK$403', '尊享大床房:HK$421']"
無錫三陽廣場CitiGO歡閣酒店（勝利門店）,9.7,"['歡享大床房[智能客控+小冰箱+電視可投屏]:HK$402', '歡閣大床房[智能客控+小冰箱]:HK$422', '歡享雙床房[智能客控+小冰箱+電視可投屏]:HK$422', '歡閣雙床房[智能客控+小冰箱]:HK$441', '歡閣高級大床房[智能客控+小冰箱+電視可投屏]:HK$452']"
宜尚PLUS酒店（無錫長江北路太湖花園地鐵站店）,9.4,"['標準大床房（寬敞明亮+個性沙發）:HK$326', '標準雙床房（寬敞明亮+舒適辦公+小冰箱）:HK$337', '商務大床房:HK$348', '高級大床房（獨立起居空間+舒適浴缸+小冰箱）:HK$393', '豪華大床房（北歐風格客房+無間隔起居空間+觀景浴缸）:HK$436']"
桔子酒店（無錫三陽廣場店）,9.7,"['高級雙床房【65寸電視投屏+智能客控】:HK$283', '大床房【65寸電視投屏+智能客控】:HK$292', '商務大床房【65寸電視投屏+智能客控】:HK$301', '高級大床房【65寸電視投屏+智能客控】:HK$311', '月若流金精選雙床房【65寸電視投屏+智能客控】:HK$311']"
無錫黿頭渚風景區貢湖大道亞朵酒店,9.6,"['高級雙床房（深睡床品+智能客控+小冰箱）:HK$403', '高級大床房（深睡床品+智能客控+小冰箱）:HK$421', '行政大床房（深睡床品+智能客控+小冰箱）:HK$448', '行政雙床房（深睡床品+智能客控+小冰箱）:HK$457', '尊享雙床房（深睡床品+智能客控+小冰箱）:HK$547']"
SY·宿也高空觀景設計師度假美宿（無錫濱湖萬象滙太湖西大道店）,9.6,"['寶藏·幸運觀景房【全新貢緞床品+影視會員】:HK$338', '含月·高空觀景大床房【雙人浴缸+巨幕影院+戴森吹風機】:HK$348', '極簡·高空湖景包豪斯一室一廳套房【雲端觀景+私享影院+戴森吹風機】:HK$403', '清風·180度無敵高空觀景一室一廳套房【雲端觀景+巨幕觀影+戴森吹風】:HK$414']"
無錫詩曼汀公寓（三陽廣場店）,9.3,"['精緻城景大床房（鵝絨被+冰箱）:HK$374', '高層影院大床房:HK$380', '精緻夜景公寓式大床房:HK$394', '高層夜景大床房:HK$441']"
無錫洛城美侖酒店,9.6,"['高級大床房:HK$412', '高級雙床房:HK$412', '商務大床房:HK$441', '商務雙床房:HK$441', '豪華大床房:HK$482']"
無錫德根飯店（三陽廣場店）,9.3,"['商務單人房-舒適淋浴:HK$454', '高級大床房-高樓層:HK$486', '高級雙床房-靠窗沙發:HK$486', '高級影音大床房-無線投屏:HK$538', '高級影音雙床房-無線投屏:HK$538', '豪華大床房-超大床:HK$570']"
麗呈東谷酒店 （無錫太湖黿頭渚風景區店）,9.5,"['標準大床房（智能客控+智能馬桶+高速吹風機+體重秤+熱帶雨林花灑）:HK$382', '高級大床房（雙人浴袍+智能客控+智能馬桶+靜音小冰箱+體重秤+全身鏡+LED化粧鏡+熱帶雨林花灑）:HK$420', '高級雙床房（智能客控+智能馬桶+電子秤+高速吹風機+熱帶雨林花灑+懶人沙發）:HK$420', '豪華大床房（智能馬桶+懶人沙發+全身鏡+熱帶雨淋）:HK$461', '豪華雙床房（智能馬桶+懶人沙發+小冰箱+熱帶雨淋）:HK$461']"
無錫錫山智選假日酒店,9.7,"['高級房（智能馬桶+電視投屏+品牌洗護+電動窗簾）:HK$466', '高級房·超大床（品牌洗護+電視投屏）:HK$466', '高級房·雙床（智能馬桶+電視投屏）:HK$466', '高級房·超大床·更大面積（智能馬桶+電動窗簾）:HK$494', '高級房·雙床·更大面積（品牌洗護+電視投屏）:HK$494']"
無錫新區長江北路亞朵酒店,9.8,"['高級雙床房:HK$349', '高級大床房:HK$358', '行政雙床房:HK$421', '行政大床房:HK$439', '幾木大床房:HK$457']"
無錫盛捷圓融廣場服務公寓,9.5,"['逸·居 - 行政單房公寓:HK$512', '逸·居 - 行政單房雙床公寓:HK$512', '雅·致 - 一房豪華套房:HK$537', '雅·致-一房豪華雙床套房:HK$615', '六六六麻將主題房:HK$728']"
凱泊酒店（無錫南長街南禪寺地鐵站店）,9.2,"['簡約大床:HK$213', '簡約標間:HK$229', '寓·大床房:HK$262', '寓·標間:HK$270']"
全季酒店（三陽廣場南長街店）,9.6,"['大床房【電視投屏+智能客控】:HK$366', '高級大床房A【電視投屏+智能客控】:HK$371', '高級雙床房【電視投屏+智能客控】:HK$386', '高級大床房【電視投屏+智能客控】:HK$397']"
無錫東亭希爾頓歡朋酒店,9.7,"['舒適大床房:HK$478', '舒適雙床房:HK$478', '高級大床房:HK$507', '高級雙床房:HK$507', '豪華大床房:HK$592']"
無錫東站映月湖公園地鐵站亞朵酒店,9.7,"['高級大床房:HK$349', '高級雙床房:HK$349', '行政大床房:HK$367', '幾木雙床房:HK$394', '幾木大床房:HK$394']"
無錫柏喜悦麗酒店（黿頭渚風景區店）,9.4,"['雲隱大床房（無窗）『4K高清+高速吹風機+智能客控』:HK$251', '悦雲大床房『舒適採光+深睡零壓床+手機投屏高清電視』:HK$279', '麗景雙床房『智能馬桶+零壓枕芯+定製深睡好眠床品』:HK$286', '臻喜影院房『全屋智能+高清投影VIP+雲端觀日』:HK$335']"
無錫拈家灣客棧（靈山大佛拈花灣店）,9.9,"['忘憂高級大床房（星光城堡帳篷）:HK$258', '歸心雅緻榻榻米房（零壓床墊+180°觀山景陽台）:HK$276', '拾憶豪華大床房（泡泡燈暖帳篷＋品茗茶桌）:HK$292', '望月豪華大床房（藤織吊椅＋品茗茶桌）:HK$292']"
無錫東站智選假日酒店,9.7,"['高級房 超大床:HK$305', '高級房 雙床:HK$305', '高級房（超大床）（帶小冰箱）:HK$343', '高級房（雙床）（帶小冰箱）:HK$343']"
無錫羅卡斯酒店（南長街店）,9.5,"['新尚·主題房:HK$426', '目翠·主題半套房:HK$426', '服務式·商務單間:HK$459', '溺愛·主題套房:HK$568', '璨放·主題房:HK$568', '羅卡斯行政套房:HK$579']"
無錫梅里古鎮璟隆廣場輕居酒店,9.7,"['舒適大床房（65寸高清投屏+裸棉床品+小冰箱）:HK$305', '標準大床房（65寸高清投屏+裸棉床品+小冰箱）:HK$331', '標準雙床房（65寸高清投屏+裸棉床品+小冰箱）:HK$331', '精選大床房（65寸高清投屏+裸棉床品+小冰箱）:HK$358', '精選雙床房（65寸高清投屏+裸棉床品+小冰箱）:HK$358']"
無錫凱萊大飯店（塘鐵橋地鐵站IN有街市店）,9.4,"['高級雙床房:HK$436', '高級大床房:HK$436', '標準雙床房:HK$436', '商務大床房:HK$489', '親子大床房:HK$522']"
無錫黿頭渚風景區錢榮路亞朵酒店,9.7,"['高級大床房:HK$394', '高級雙床房:HK$394', '行政大床房:HK$439', '行政雙床房:HK$439', '幾木大床房:HK$529']"
花築·悦庭雅居客棧（無錫靈山大佛拈花灣店）,9.7,"['神奈川榻榻米房·可觀天空閣樓房·簡約輕奢標配:HK$280', '北海道榻榻米房·可觀天空閣樓房·輕奢標配:HK$305', '奈良小標間·温馨簡約雙床房:HK$367', '布拉格標間·雙床房·大視野·簡約輕奢標配:HK$465']"
雲韻·星閣Hotel（無錫三陽廣場火車站店）,9.4,"['雲際舒適大床房『雲端觀景+深睡零壓床+影視會員』:HK$496', '高空觀景大床房『雲端觀景+高速吹風機+影視VIP』:HK$533', '雲端夜景投影房『雲端觀景+高清投影VIP+定製床品』:HK$610', '環幕全景套房『全視野觀景+璀璨樑溪+靜謐無擾』:HK$671']"
無錫吳越水街萬達美華酒店,9.6,"['高級大床房丨落地窗+小度全屋智能+ACCA·KAPPA洗護用品:HK$349', '豪華大床房丨落地窗+小度全屋智能+ACCA·KAPPA洗護用品:HK$379', '豪華雙床房丨落地窗+小度全屋智能+ACCA·KAPPA洗護用品:HK$379', '高級豪華大床房 | 迷你小冰箱+超大浴缸+小度全屋智能:HK$461', '雅緻榻榻米大床房 | 迷你小冰箱+超大浴缸+親子空間:HK$461']"
無錫火車站春申路亞朵酒店,9.6,"['高級大床房:HK$340', '高級雙床房:HK$340', '行政大床房（小冰箱）:HK$430', '行政雙床房（小冰箱）:HK$430', '幾木套房:HK$897']"
SUISU隨宿·設計師酒店（無錫寶龍廣場旺莊地鐵站店）,9.6,"['梵凈·豪華大床房【暢享會員巨幕投屏影音丨智能入住丨智能客控丨夢百合零壓記憶床墊丨親膚布草】:HK$259', '夢之·豪華大床房【智能入住丨智能客控丨夢百合零壓記憶床墊丨親膚布草丨電視可投屏】:HK$269', '心憩·尊享大床房【暢享會員巨幕投屏影音丨智能入住丨智能客控丨夢百合零壓記憶床墊丨親膚布草】:HK$283', '靜夜·尊享雙床房【暢享會員巨幕投屏影音丨智能入住丨智能客控丨夢百合零壓記憶床墊丨親膚布草】:HK$283']"
無錫惠山萬達廣場亞朵酒店,9.5,"['高級雙床房:HK$340', '高級大床房:HK$358', '行政雙床房:HK$376', '行政大床房:HK$394', '幾木大床房:HK$421']"
全季酒店（無錫三陽廣場店）,9.5,"['大床房【55寸電視投屏】:HK$366', '高級雙床房【55寸電視投屏】:HK$397', '高級大床房【55寸電視投屏】:HK$397', '商務高級雙床房【55寸電視投屏】:HK$422']"
如家精選酒店（無錫三陽廣場勝利門地鐵站店）,9.6,"['大床房『 樓層高 』:HK$251', '雙床房『樓層高』:HK$277', '商務大床房『樓層高』:HK$277', '高級大床房『55寸電視機可投屏·徠芬吹風機』:HK$294']"
無錫日晟國際酒店（寶龍廣場旺莊路地鐵站店）,8.9,"['商務大床間:HK$251', '商務雙床房:HK$251', '精選雙床房:HK$293', '精選大床房A:HK$293', '臻選大床房A:HK$357']"
無錫三陽廣場漫心酒店,9.6,"['心怡大床房（智能客控+小冰箱）:HK$302', '心悦高級雙床房（智能客控+小冰箱）:HK$311', '心悦高級大床房（智能客控+休閑沙發+小冰箱）:HK$331', '心享豪華雙床房（智能客控+小冰箱）:HK$331', '心享卡通標準房（智能客控+小冰箱+主題玩偶）:HK$352']"
