酒店名称,评分,房型价格列表
煙台麗景海灣酒店（第二海水浴場漁人碼頭店）,9.7,"['舒適雙床房（金可兒床墊+羽絨被+乾濕分離熱帶雨林淋浴）:HK$921', '舒適大床房（金可兒床墊+羽絨被+乾濕分離熱帶雨林淋浴）:HK$921', '聽海雙床房（金可兒床墊+羽絨被+投屏電視+智能馬桶）:HK$992', '臨海超寬荷里活大床房（金可兒床墊+投屏電視+智能馬桶）:HK$1,063', '陽光海景大床房（金可兒護脊床墊+投屏電視+智能馬桶）:HK$1,205']"
煙台百納瑞汀酒店（第一海水浴場煙台站）,9.7,"['風雅市景大床房:HK$818', '風雅市景雙床房:HK$873', '商務市景大床房:HK$916', '風雅市景0壓大床房（零壓床墊+記憶枕芯）:HK$947', '商務市景雙床房:HK$961', '行政市景大床房:HK$982']"
煙台虹口大酒店,9.3,"['山景標間:HK$585', '夢百合零壓山景標準房:HK$585', '海景標間:HK$603', '山景大床房:HK$603', '夢百合零壓山景大床房:HK$639']"
煙台天越灣璞園酒店,9.5,"['高級大床房（金可兒護脊床墊+全屋智能客控）:HK$601', '高級雙床房（金可兒護脊床墊+全屋智能客控）:HK$677', '行政大床房（金可兒護脊床墊+全屋智能客控）:HK$677', '行政雙床房（金可兒護脊床墊+全屋智能客控）:HK$752', '複式大床房（金可兒護脊床墊+全屋智能客控）:HK$752']"
全季酒店（煙台開發區金沙灘後沙廣場店）,9.6,"['大床房（地暖）:HK$765', '舒壓-高級大床房（地暖）:HK$855', '舒壓-高級雙床房（地暖）:HK$975', '高級景觀大床房（地暖）:HK$995']"
力曼解百納酒店（煙台山景區火車站店）,9.5,"['温馨雅居房-乾濕分離·智能馬桶:HK$609', '靜雅大床房-智能窗簾·電視投屏:HK$631', '靜雅雙床房-親膚床品·智能馬桶:HK$653', '行政大床房-辦公桌椅·親膚床品:HK$697', '行政雙床房-電視投屏·深睡床墊:HK$729']"
煙台漁人碼頭第二海水浴場亞朵酒店,9.6,"['尊享海景大床房（小度智能客控+智能馬桶+恆温花灑）:HK$865', '行政套房（小度智能客控+智能馬桶+恆温花灑+小冰箱）:HK$865', '尊享海景雙床房（小度智能客控+80°環海+ESPA洗護）:HK$916', '深睡行政海景大床房（小度客控+智能馬桶+恆温花灑）:HK$987', '深睡尊享海景大床房:HK$1,089']"
煙台金海灣酒店,9.6,"['商務市景大床房:HK$903', '商務市景雙床房:HK$903', '煙台山公園景大床房:HK$968', '煙台山公園景雙床房:HK$984', '海景大床房:HK$1,098', '陽台觀海套房:HK$1,254']"
喬治莫蘭迪酒店（煙台站吾悦廣場店）,9.6,"['高級大床間（智能客控+智能馬桶+電視投屏+小冰箱）:HK$611', '雅緻雙床房（智能客控+智能馬桶+電視投屏+小冰箱）:HK$674', '雅緻大床房（智能客控+智能馬桶+電視投屏+小冰箱）:HK$674', '豪華大床房（智能客控+智能馬桶+電視投屏+小冰箱）:HK$715', '豪華雙床房（智能客控+智能馬桶+電視投屏+小冰箱）:HK$715']"
黃海賓館,9.4,"['商務大床房:HK$1,086', '城景大床房:HK$1,171', '商務雙床房:HK$1,302', '雅緻大床房:HK$1,636', '高級大床房:HK$1,761', '陽光高級大床房:HK$1,833']"
永蓬海天酒店（八仙渡海濱浴場店）,9.5,"['地中海風·精緻大床（智能客控+舒適零壓枕）:HK$457', '地中海風·精品親子房（智能客控+電視可投屏）:HK$516', '地中海風·輕奢大床房（智能客控+舒適零壓枕）:HK$549', '園林風·高級親子雙床房（智能客控+舒適零壓枕）:HK$549']"
蓬萊藝珺酒店（蓬萊閣蓬萊海水浴場店）,9.3,"['藝悦大床房:HK$643', '藝悦雙床房:HK$643', '藝珺大床房（浴缸）:HK$762', '藝珺雙床房（浴缸）:HK$762', '藝悦套房:HK$861', '藝珺園景雙床房（浴缸）:HK$949']"
煙臺中澤華羿鉑爾曼酒店,9.6,"['高級大床房:HK$991', '高級雙床房:HK$991', '豪華大床房:HK$1,065', '豪華雙床房:HK$1,066', '高級海景大床房:HK$1,121', '豪華海景大床房:HK$1,140']"
煙台金海岸希爾頓酒店,9.5,"['高級客房大床房:HK$1,076', '高級客房雙床房:HK$1,076', '無障礙大床房:HK$1,076', '高級客房雙床房（高樓層）:HK$1,136', '高級客房大床房（高樓層）:HK$1,160', '行政客房大床房:HK$1,397']"
都市花園酒店（蓬萊機場路店）,9.7,"['精選雅緻大床房（舒適睡眠）:HK$238', '精選雅緻雙床房（舒適睡眠）:HK$249', '花園雅緻大床房（語音客控+舒適睡眠）:HK$249', '花園雅緻雙床房（語音客控+舒適睡眠）:HK$259']"
全季酒店（煙台濱海廣場煙台山公園店）,9.6,"['大床房:HK$603', '高級大床房:HK$682', '雙床房:HK$763', '商務大床房:HK$763']"
隱居蓬萊酒店,9.4,"['閣樓大床房（森林氧吧）:HK$667', '竹巷園景大床房（森林氧吧）:HK$741', '聆海海景大床房（森林氧吧）:HK$926', '海韻雅緻家庭房（森林氧吧）:HK$955', '隱悦海景豪華大床房:HK$1,205']"
蓬萊百納瑞汀酒店（蓬萊閣店）,9.7,"['特價精緻大床房（浴缸）:HK$763', '精緻大床房（浴缸）:HK$839', '特價精緻標準間（浴缸）:HK$894', '古城海景大床房（浴缸）:HK$928', '精緻標準間（浴缸）:HK$981']"
誼尚酒店（煙台芝罘區芝罘站店）,9.5,"['雅緻·舒適大床房-（秒睡記憶枕+零壓床墊+靜逸舒適）:HK$351', '悦享·高級大床房（金可兒床墊＋靜逸好夢）:HK$394', '欣享·豪華大床房-（深睡零壓枕+零壓床墊+奢華體驗）:HK$415', '豪華影音娛樂房（巨幕影音＋遊戲手柄＋舒逸靜享）:HK$457']"
煙台萬豪萬楓酒店,9.7,"['園景大床房:HK$1,072', '高級園景大床房:HK$1,127', '海景雙床房:HK$1,395', '海景大床房:HK$1,395', '高級海景大床房:HK$1,502']"
枕海酒店（金沙灘海水浴場店）,9.1,"['陽光花園大床房:HK$899', '陽光花園雙床房:HK$899', '陽台海景大床房:HK$1,497', '露台海景大床房（浴缸）:HK$1,685']"
山東機械大廈酒店（第一海水浴場火車站店）,9.0,"['雅緻舒適大床房:HK$488', '雅緻舒適雙床房:HK$488', '優選高級大床房:HK$534', '優選高級雙床房:HK$534']"
錨泊灣酒店（煙台萬達廣場福海路店）,9.4,"['和風榻榻米房【全屋智控+投屏觀影模式+零壓床墊】:HK$620', '城景智能雙床房【全屋智控+投屏觀影模式+零壓床墊】:HK$675', '行政智能大床房【全屋智控+投屏觀影模式+零壓床墊】:HK$675', '泊雲高級套房【閣樓觀景+落地窗+投屏觀影】:HK$775']"
煙台芝罘站紅星美凱龍亞朵酒店,9.8,"['高級大床房 （智能客控+洗pp智能馬桶+恆温花灑+投屏）:HK$619', '行政大床房（智能客控+洗pp智能馬桶+恆温花灑小冰箱）:HK$681', '高級雙床房（智能客控+洗pp智能馬桶+恆温花灑小冰箱）:HK$708', '尊享大床房（智能客控+洗pp智能馬桶+恆温花灑小冰箱）:HK$753', '尊享親子房（智能客控+洗pp智能馬桶+恆温花灑小冰箱）:HK$834']"
煙台站萬達廣場漫亭酒店,9.6,"['舒適大床房（深睡枕+氧吧）:HK$766', '雅緻雙床房（深睡枕+氧吧）:HK$795', '行政大床房（深睡枕+小冰箱+氧吧）:HK$838', '樂享家庭房（深睡枕+氧吧）:HK$909', '尊享家庭房（榻榻米+超大投影+小冰箱+氧吧）:HK$951']"
煙台藍天賓館（漁人碼頭景區店）,9.5,"['日出海景套房:HK$1,476', '郵輪海景套房:HK$1,476', '行政套房:HK$2,811']"
煙台濱海廣場城際酒店,9.7,"['城際高級大床房【絲漣床墊·澳洲APPELES洗護】:HK$877', '城際高級房-雙床【絲漣床墊·澳洲APPELES洗護】:HK$877', '城際商務大床房（智能客控+浴袍+絲漣床墊+小冰箱）:HK$920', '城際豪華房-雙床【絲漣床墊·澳洲APPELES洗護】:HK$963', '城際家庭房【絲漣床墊·澳洲APPELES洗護】:HK$1,006']"
煙台海島日記民宿,9.4,"['步履不停:HK$1,079', '回我的家:HK$1,079', '海街日記:HK$1,079', '蟬鳴停歇:HK$1,079']"
麗楓酒店（蓬萊閣海水浴場蓬長客港店）,9.5,"['雅緻大床房:HK$829', '豪華大床房:HK$862', '純凈自然雙床房:HK$895', '商務大床房:HK$920']"
煙台靜海大酒店（金沙灘公園廣場店）,9.4,"['豪華海景雙床房:HK$799', '高樓層城景大床房（帶貴妃榻）:HK$890', '高樓層城景雙床房（帶貴妃榻）:HK$890', '高樓層海景大床房（帶貴妃榻）:HK$928', '高樓層海景雙床房（帶貴妃榻）:HK$982']"
煙台東山賓館,9.1,"['6號樓頂層閣樓標準間:HK$358', '內窗標準間:HK$500', '經濟園景標準間:HK$500', '風雅山景標準間:HK$533', '側海景陽光標準間:HK$533']"
華僑賓館,9.5,"['都市雅緻雙床房:HK$592', '逸享豪華大床房:HK$592', '唯美陽光家庭房:HK$702', '豪華主題家庭房:HK$797', '城景豪華套房:HK$1,053']"
煙台將軍藍灣酒店,9.3,"['豪華雙床房:HK$771', '豪華大床房:HK$822', '海景精選雙床房:HK$874', '海景精選大床房:HK$926', '行政套房:HK$1,080']"
維也納國際酒店（煙台金沙灘海水浴場振華購物中心店）,9.4,"['高級大床房:HK$640', '豪華大床房:HK$714', '海景大床房:HK$751', '豪華雙床房:HK$751', '海景雙床房:HK$881']"
蓬萊海岸國際酒店（歐樂堡水上世界店）,9.2,"['特惠大床房:HK$724', '主題婚房 （有窗户乾濕分離）:HK$742', '特惠雙大床房（乾濕分離）無窗:HK$743', '豪華大床房（有窗户乾濕分離）:HK$761']"
煙台百納瑞汀天越灣酒店,9.6,"['園景大床房:HK$1,079', '園景標準間:HK$1,079', '海景大床房:HK$1,472', '塔樓180海景房:HK$1,550', '花園露台海景房:HK$1,582', '園景套房:HK$1,802']"
煙台東方海洋月亮灣大酒店（月亮灣棧橋店）,9.1,"['聽海雙床房（全遮光窗簾+商務辦公）:HK$477', '聽海大床房（全遮光窗簾+園林景觀）:HK$483', '零壓深睡雙床房（零壓床墊+陽台美景）:HK$500', '臨海園景雙床房（舒適睡眠+乾濕分離洗漱）:HK$501', '臨海露台雙床房（園林美景+舒適睡眠+乾濕分離洗漱）:HK$515']"
煙台金沙灘希爾頓歡朋酒店,9.8,"['舒適園景雙床房:HK$1,153', '舒適園景大床房:HK$1,153', '高級園景大床房:HK$1,249', '豪華園景大床房:HK$1,345', '舒適海景大床房:HK$1,442']"
星程酒店（煙台萬達廣場南洪街店）,9.6,"['榻榻米房（地暖＋投屏電視）:HK$537', '高級大床房（地暖＋投屏電視）:HK$587', '商務大床房（地暖＋投屏電視）:HK$637', '高級雙床房（地暖＋投屏電視）:HK$656']"
煙台濱海廣場朝陽街漫心酒店,9.7,"['心雅大床房:HK$763', '雅緻大床房:HK$763', '心怡大床房:HK$829', '心雅標準房:HK$829', '心悦高級大床房:HK$857']"
朵蘭達LAB酒店（煙台金沙灘海水浴場店）,9.6,"['Scener新風大床房（無窗）:HK$806', 'Trend靜謐雙床房（無窗）:HK$850', 'Fun樂享園景大床房:HK$957', 'Love朵拉海景大床房（側面看海）:HK$1,065', 'Cool朵拉海景雙床房（正面看海）:HK$1,183']"
錦江都城酒店（煙台開發區金沙灘店）,9.4,"['安舒城景大床房（智能客控+小冰箱+電視投屏+智能馬桶）:HK$750', '都會城景大床房（智能客控+小冰箱+電視投屏+智能馬桶）:HK$869', '都會城景雙床房（智能客控+小冰箱+電視投屏+智能馬桶）:HK$941', '探索海景大床房（智能客控+小冰箱+電視投屏+智能馬桶）:HK$986', '精緻海景大床房（舒睡好眠+智能客控+小冰箱+電視投屏）:HK$1,023']"
貝斯特韋斯特大酒店（煙台港火車站店）,9.2,"['豪華雙床房（公區洗衣機）:HK$550', '悦海市景大床房（高樓層市景+休閑沙發）:HK$550', '豪華大床房:HK$551', '悦海市景雙床房（高樓層市景+休閑沙發）:HK$579', '悦海海景雙床房（高樓層海景+休閑沙發）:HK$583', '悦海海景大床房（高樓層海景+休閑沙發）:HK$584']"
全季酒店（煙台觀海路漁人碼頭店）,9.6,"['大床房:HK$586', '高級大床房:HK$633', '雙床房:HK$643', '舒壓高級大床房:HK$680']"
花築·蓬萊灣親子酒店（蓬萊仙島八仙過海景區店）,9.4,"['影音輕奢大床房（投影儀+智能客控）:HK$629', '蜂巢迷宮親子房（投影儀+智能客控）:HK$931', '高級庭院親子房（獨立庭院花園景+智能客控）:HK$1,132', '輕奢庭院親子房 |獨棟小院+可燒烤+舒適浴缸+智能客控:HK$1,139']"
煙台火車站濱海廣場桔子水晶酒店,9.7,"['高級大床房（電視投屏+小冰箱+浴袍）:HK$864', '高級雙床房（電視投屏+小冰箱+浴袍）:HK$893', '商務大床房（電視投屏+小冰箱+浴袍）:HK$904', '豪華雙床房（電視投屏+小冰箱+浴袍）:HK$924', '豪華大床房（電視投屏+小冰箱+浴袍）:HK$955']"
煙台芝罘楓渡酒店,9.5,"['純粹街景大床房—智能投屏電視+智能門鎖:HK$817', '純粹園景雙床房—智能投屏電視+智能門鎖:HK$817', '質感街景雙床房—夢潔床品+小冰箱+AI語音+智能馬桶:HK$859', '滿悦大床房—親子+AI智能語音+慕思床墊:HK$890', '滿悦雙床房—親子-夢潔床品+小冰箱+AI語音+智能馬桶:HK$989']"
金海大酒店（煙台火車站吾悦廣場店）,9.4,"['簡約雙床房（乾濕分離+超大落地窗）:HK$489', '陽光城景大床房（乾濕分離+超大落地窗）:HK$536', '陽光雙床房（乾濕分離+超大落地窗）:HK$536', '陽光海景大床房（乾濕分離+超大落地窗）:HK$546', '臻享城景雙床房（休閑沙發+三分離衞浴+浴袍）:HK$556']"
朵雅酒店（煙台大學店）,9.5,"['雅緻·舒適大床房-（安睡記憶枕+零壓床墊+靜逸舒適）:HK$427', '雅緻·舒適雙床房-（安睡記憶枕+零壓床墊+靜逸舒適）:HK$459', '靜謐·優選大床房-《安睡記憶枕+零壓床墊+智能客控》:HK$492', '陽光·高級大床房-《秒睡乳膠枕+零壓床墊+輕奢睡眠》:HK$524']"
深藍數碼酒店（煙台火車站芝罘萬達廣場店）,8.9,"['深藍丨舒適大床房【乾濕分離】:HK$514', '深藍丨舒適雙床房【乾濕分離】:HK$514', '深藍丨豪華大床房【乾濕分離+單人沙發】:HK$537', '深藍丨精品雙床房【乾濕分離+書桌】:HK$537']"
