酒店名称,评分,房型价格列表
和頤酒店（上海陸家嘴金融街區芳甸路地鐵站店）,9.3,"['大床房:HK$316', '商務大床房:HK$333', '雙床房:HK$350', '高級大床房:HK$368']"
麥新格精品酒店（上海陸家嘴源深路地鐵站店）,9.5,"['舒適雙床房:HK$501', '舒適大床房:HK$523', '商務大床房:HK$545', '豪華親子房:HK$610', '豪華大床房:HK$610']"
上海浦東國際機場迪航酒店,9.0,"['惠選雙床房:HK$174', '起落平安雙床房:HK$181', '起落平安大床房:HK$203', '商務精選雙床房:HK$263']"
麗柏酒店（上海虹橋樞紐奧特萊斯店）,9.6,"['精緻大床房:HK$379', '精緻雙床房:HK$412', '豪華大床房:HK$412', '豪華雙床房:HK$444', '景觀大床房:HK$509']"
宜必思酒店（上海虹橋火車站店）,9.4,"['雙床房:HK$197', '家庭房:HK$197', '大床房:HK$205', '高級雙床房:HK$214']"
初心莫舍酒店（上海國際旅遊度假區店）,9.6,"['念如初投影大床【AMX當貝百寸投影●會員點播權益】:HK$326', '初相識loft大床【亞朵款床墊●落地大窗户●會員點播】:HK$348', '誰與共●投影懸浮床:HK$369', '比翼飛●投影大床 ▶【AMX百寸投影●亞朵款床墊●落地窗】:HK$369']"
新薈城市酒店（上海火車站長壽路地鐵站店）,9.1,"['小薈純睡房「公區自助洗衣機+手機投屏+智能馬桶」:HK$239', '輕奢優享大床房「公區自助洗衣機+手機投屏+智能馬桶」:HK$270', '迎喜商務大床房「洗烘一體機+手機投屏+智能馬桶」:HK$292', '複式Loft投影房丨月牙「洗烘一體機+手機投屏+智能馬桶」:HK$311']"
素居酒店式公寓（浦東萬達周浦地鐵站店）,9.5,"['高級公寓房（冰箱+廚房+洗衣機+微波爐）:HK$282', '豪華景觀房（冰箱+廚房+洗衣機）:HK$293', '超大投影景觀房（冰箱+廚房+洗烘一體機+極米智能投影）:HK$315', '豪華雙床房（冰箱+廚房+洗衣機+微波爐）:HK$369']"
柏曼酒店（上海虹橋國際機場七寶古鎮店）,10.0,"['智能標準大床房（智能客控+電視投屏）:HK$294', '智能高級雙床房（智能客控+電視投屏）:HK$294', '智能高級大床房:HK$310', '智能豪華雙床房（智能客控+電視投屏）:HK$333']"
上海鄉韻親子酒店,9.6,"['初見·悠閑大床房:HK$293', '雲朵·愜意大床房:HK$316', '琳娜貝兒·主題浴桶圓床房:HK$348', '向暖雙床房:HK$369']"
宿適輕奢酒店（上海外灘城隍廟店）,9.2,"['大床房:HK$427', '高級大床房:HK$436', '豪華大床房:HK$449', '雙床房:HK$524']"
齊來輕奢酒店（上海虹橋機場吳中路店）,9.2,"['輕奢大床房:HK$193', '輕奢商務大床房:HK$203', '輕奢高級大床房:HK$214', '輕奢景觀大床房:HK$225']"
上海初心莫舍設計師民宿,9.5,"['B棟-春雨大床房·四合院:HK$302', 'A棟-特惠大床房:HK$305', 'A棟-初心·舒享大床房:HK$328', 'B棟-女王圓床房•四合院:HK$335']"
桔子酒店（上海世博中心店）,9.6,"['月若流金大床房:HK$399', '月若流金雙床房:HK$503', '加州陽光大床房:HK$503', '月若流金大床景觀房:HK$555']"
上海萬信R酒店（陸家嘴金融街區店）,9.4,"['特惠大床房:HK$405', '特惠雙床房:HK$447', '商務高級大床房:HK$461', '行政高級大床房:HK$517', '商務高級雙床房:HK$522']"
上海長風公園智選假日酒店,9.5,"['高級房大床房（手機投屏）:HK$351', '高級房2張雙人床（手機投屏）:HK$377', '高級房超大床（手機投屏）:HK$377', '高級房大床·無障礙（手機投屏）:HK$377', '高級房超大床·高樓層（手機投屏+小冰箱）:HK$401']"
麗呈美利居酒店（上海南京路步行街店）,9.3,"['特惠大床房（無窗）:HK$435', '特惠雙床房（無窗）:HK$532', '高級大床房:HK$617', '高級雙床房:HK$617']"
財富智軒酒店（上海虹口足球場店）,9.0,"['優選大床房:HK$270', '優選雙床房:HK$293', '智軒大床房:HK$316', '智軒豪華大床房:HK$316']"
宜必思酒店（上海世博東明路地鐵站店）,9.5,"['大床房:HK$362', '高級大床房:HK$373', '特價雙床房:HK$391', '雙床房:HK$411']"
豪美優程酒店 HAO MEI YOU CHENG HOTEL（上海國際旅遊度假區店）,9.5,"['樂享投影大床【AMX當貝百寸投影●亞朵款床墊●Economy】:HK$262', '輕享投影標準間【AMX當貝百寸投影●亞朵款床墊●暗窗】:HK$283', '精品投影大床房【AMX當貝百寸投影●亞朵款床墊●大窗】:HK$305', '親子投影大床主題房【AMX當貝百寸投影●亞朵款床墊】:HK$328']"
偉樽酒店（上海虹橋火車站國家會展中心店）,9.2,"['特惠大床房:HK$191', '特惠雙床房（內窗）:HK$202', '偉樽大床房:HK$222', '高級雙床房:HK$234']"
和頤至尊酒店（上海人民廣場南京路步行街店）,9.4,"['大床房A（手機投屏+迷你吧）:HK$620', '大床房（手機投屏+迷你吧）:HK$659', '商務大床房（手機投屏+迷你吧）:HK$705', '零壓大床房（手機投屏+迷你吧）:HK$724', '景觀大床房（手機投屏+迷你吧）:HK$724']"
景萊酒店·臻選（上海同濟醫院新村路地鐵站店）,9.0,"['臻選靜謐大床房:HK$319', '臻選雅緻大床房:HK$332', '臻選高級大床房:HK$353', '臻選高級雙床房:HK$381']"
上海蓮花南路萬信R酒店,8.7,"['舒適大床房（智能客控+電視投屏）:HK$377', '舒適雙床房（智能客控+電視投屏）:HK$391', '高級大床房（智能客控+電視投屏）:HK$400', '高級雙床房（智能客控+電視投屏）:HK$417']"
上海溢喜小院（上海浦東機場店）,9.4,"['標準雙床房:HK$339', '標準大床房:HK$353', '豪華雙床房:HK$389', '豪華大床房:HK$389']"
桂客酒店（上海真如環宇城中寧路地鐵站店）,9.1,"['桂選大床房（智能馬桶+零壓記憶枕+自動烘洗機）:HK$326', '桂享大床房（智能馬桶+零壓記憶枕+自動烘洗機）:HK$359', '桂享雙床房（智能馬桶+零壓記憶枕+自動烘洗機+大屏幕投影儀）:HK$381', '桂臻大床房（智能馬桶+零壓記憶枕+自動烘洗機+大幕投影儀）:HK$381']"
友裏酒店（上海人民廣場店）,9.5,"['精緻大床房:HK$476', '優選大床房:HK$541', '精緻雙床房:HK$593', '豪華大床房:HK$620']"
上海陸家嘴麗呈酒店,9.4,"['雅緻特大床房:HK$426', '特惠大床房:HK$436', '零壓大床房:HK$458', '特惠雙床房:HK$458', '商務大床房:HK$492']"
桔子酒店（上海羅陽路店）,9.8,"['大床房（小冰箱+手機投屏）:HK$397', '雙床房（小冰箱+手機投屏）:HK$397', '豪華雙床房（小冰箱+手機投屏）:HK$415', '豪華大床房（小冰箱+手機投屏）:HK$426']"
上海盎格酒店（新國際博覽中心龍陽路地鐵站店）,9.3,"['高級雙床房:HK$360', '高級大床房:HK$360', '豪華雙床房:HK$425', '豪華大床房:HK$425']"
宿適奢華酒店（上海日月光打浦橋地鐵站店）,8.9,"['奢華高級大床房:HK$545', '奢華行政大床房:HK$557', '奢華行政雙床房:HK$582', '奢華套房:HK$607', '奢華親子套房:HK$631']"
上海外灘雅緻酒店,9.0,"['雅緻·悠美大床房:HK$799', '靜雅·庭院大床房:HK$840', '滬上摩登·外灘動人夜景大床房:HK$851', '雅緻·悠美雙床房:HK$861', '180°城風高層夜景大床房:HK$945', '高級大床套房-會客桌:HK$986']"
上海裕景大飯店,9.2,"['高級房:HK$638', '豪華雙床房:HK$638', '豪華大床房:HK$704', '行政房:HK$818', '裕景房:HK$903']"
桔子酒店（上海顧戴路店）,9.6,"['精選大床房（舒適床品+65寸可投屏電視）:HK$402', '高級雙床房（迷你小冰箱+65寸可投屏電視）:HK$402', '家庭房（迷你小冰箱+65寸可投屏電視）:HK$422', '高級大床房（迷你小冰箱+65寸可投屏電視）:HK$422']"
喆啡酒店（上海虹橋機場虹橋火車站店）,9.4,"['醇享大床房:HK$262', '醇享雙床房:HK$262', '啡凡大床房:HK$313', '啡凡雙床房:HK$313']"
格美酒店（上海外灘南京東路步行街店）,8.4,"['特色大床房:HK$493', '格美高級大床房（獨立洗衣機）:HK$526', '特色雙床房:HK$537', '豪華大床房（獨立洗衣機）:HK$688']"
全季酒店（上海武寧路地鐵站店）,9.5,"['大床房:HK$331', '高級大床房（智能投屏）:HK$367', '雙床房（智能投屏）:HK$407', '商務大床房（智能投屏）:HK$448']"
上海極樂湯川沙温泉酒店,9.2,"['輕享大床房:HK$373', '煥新高級雙床房:HK$395', '煥新高級大床房:HK$395', '煥新高級家庭房:HK$438', '豪華大床房:HK$446']"
唯庭酒店（上海吳淞口國際郵輪港碼頭店）,9.5,"['智能精緻大床房（小度管家）:HK$297', '智能精緻雙床房（小度管家）:HK$297', '智能豪華大床房（小度管家）:HK$325', '智能豪華雙床房（小度管家）:HK$325']"
興都酒店（上海松江北站店）,9.6,"['雅尚大床房（全景落地窗-負離子吹風機-手機投屏）:HK$238', '輕奢大床房（全屋智能-功夫茶具-65寸電視可手機投屏）:HK$278', '90度全視野雙床房（全景落地窗+舒適沙發）:HK$303', '90度全視野大床房（全景落地窗-全屋智能-舒適沙發 ）:HK$308']"
金侖酒店（上海虹橋火車站國家會展中心店）,9.2,"['標準雙床房:HK$273', '標準大床房:HK$286', '高級雙床房:HK$312', '高級大床房:HK$325']"
上海野生動物園荷逸唐酒店（惠南地鐵站店）,9.7,"['荷逸大床房:HK$446', '荷逸雙床房:HK$446', '荷月大床房:HK$479', '荷月雙床房:HK$479', '家庭大床房:HK$534']"
上海馨樂庭延安西路公寓酒店,9.5,"['豪華大床房（保鮮冰箱+智能馬桶）:HK$471', '豪華雙床房（保鮮冰箱+智能馬桶）:HK$471', '行政客房（保鮮冰箱+智能馬桶）:HK$508', '豪華行政單房公寓（冰箱+洗烘一體機+微波爐+智能馬桶）:HK$659', '一房豪華套房（冰箱+廚房+洗烘一體機+智能馬桶）:HK$754']"
全季酒店（上海大寧宜川路店）,9.7,"['大床房（智能投屏）:HK$472', '雙床房（智能投屏）:HK$478', '高級大床房（智能投屏）:HK$478', '商務大床房（智能投屏）:HK$507']"
上海虹橋機場國家會展中心開元名庭酒店,9.5,"['名成高級大床房（唐風國潮+智能客控+大唐芙蓉香洗護）:HK$324', '名成高級雙床房（唐風國潮+智能馬桶+躺卧沙發）:HK$324', '名成豪華大床房（唐風國潮+躺卧沙發+小冰箱）:HK$459', '名成豪華雙床房（唐風國潮+品茗茶具+躺卧沙發）:HK$459', '名成行政大床房（唐風國潮+躺卧沙發+梳粧台）:HK$502']"
雲和夜泊酒店（上海浦東國際機場店）,9.7,"['惠享大床房:HK$413', '惠享雙床房:HK$413', '夜泊大床房:HK$434', '夜泊雙床房:HK$434', '雲和大床房:HK$456']"
全季酒店（上海陸家浜路地鐵站店）,9.6,"['大床房:HK$462', '商務大床房:HK$482', '高級大床房:HK$502', '雙床房:HK$567']"
花築・瑞麗酒店（上海七寶古鎮店）,9.4,"['秀水·雅緻大床房+中式建築風格+休閑桌椅:HK$390', '聽雨·河景大床房+河景+中式建築風格+羅漢床:HK$488', '聽雨·宿適雙床房+河景+中式建築風格+休閑桌椅:HK$501', '浮雲·陽台河景房+陽台+河景+户外桌椅:HK$534']"
上海金橋中心逸扉酒店,9.1,"['高級大床房（智能投屏+私享Coffee機+冰箱）:HK$461', '高級雙床房（智能投屏+私享Coffee機+冰箱）:HK$491', '豪華大床房（智能投屏+私享Coffee機+冰箱+網紅浴袍）:HK$563', '行政影音大床房（高清投影+戴森吹風機+連帽浴袍+智能電話+私享Coffee機+冰箱）:HK$769']"
上海靜安寺暻閣酒店,9.4,"['Ginco Life【愈享】無塵閣:HK$774', 'Ginco Life【愈心】無相閣:HK$992', 'Ginco Life【愈鏡】無行閣+闊境浴享+超大床:HK$1,308', 'Ginco Life【愈然】無藏閣-闊然浴享套房:HK$1,855', 'Ginco Life親子主題無藏閣:HK$1,855']"
