酒店名称,评分,房型价格列表
上饒鳳凰大道希爾頓歡朋酒店,9.6,"['舒適大床房:HK$440', '舒適雙床房:HK$452', '高級大床房:HK$498', '高級雙床房:HK$527', '豪華大床房:HK$565']"
楠溪山居民宿（上饒望仙穀風景區店）,9.6,"['鹿鳴·暮野靜悠山景大床房（乾濕分離+靜謐山景+色調燈光控制）:HK$295', '清風攬月·墨蘭居大床房（乾濕分離+靜悠山景+燈光色調控制）:HK$317', '觀山苑·雅韻·山景雙床房【乾濕分離+燈光色調控制】:HK$360', '私享浪漫·全視野山湖景落地蜜月圓床房【茶榻+沙發】:HK$433']"
山谷小棧民宿（望仙谷景區店）,9.9,"['椿嶺 ｜ 南山原木影音大床房:HK$306', '碧隱 ｜ 山水原木影音雙床房 （ 獨立導台➕百寸巨幕 ）:HK$319', '木寂 ｜ 質簡原木影音雙床房:HK$349', '霧山 ｜ 自然原木影音套房（ 落地山景➕百寸巨幕 ）:HK$643']"
風禾明月松間美宿（水南文化街店）,9.5,"['石上清泉丨大床房【全屋智能+觀景陽台+記憶床墊】:HK$263', '風禾盡起丨大床房【全屋智能+HOMESUN冰箱+記憶床墊】:HK$366', '風禾盡起丨雙床房【全屋智能+HOMESUN冰箱+記憶床墊】:HK$379', '雲隱月明丨街景套房【全屋智能+觀景陽台+記憶床墊】:HK$615']"
上饒國際大酒店,9.6,"['高級城景雙床房:HK$523', '高級城景大床房:HK$523', '高級江景雙床房:HK$523', '高級江景大床房:HK$523', '豪華江景大床房:HK$578', '豪華城景雙床房:HK$578']"
桔子酒店（上饒高鐵站店）,9.6,"['月若流金高級大床房:HK$290', '月若流金高級雙床房:HK$290', '加州陽光商務大床房:HK$309', '月若流金豪華大床房:HK$327']"
柒拾貳間·林語山房（上饒望仙谷景區店）,9.5,"['裏安｜零壓大床房 【全屋智能+靜享空間+零壓床墊】:HK$309', '亦居｜榻榻米零壓大床房 【全屋智能+花園景+零壓床墊】:HK$334', '嶼楠｜榻榻米零壓大床房 【全屋智能+全屋軟水+零壓床墊】:HK$373', '松柏靜廬｜榻榻米零壓特大床房 【全屋智能+軟卧沙發】:HK$386']"
雲季酒店（上饒萬達廣場店）,9.4,"['雲·甄選大床房:HK$152', '雲·甄選雙床房:HK$162', '雲·臻享大床房:HK$162', '雲·臻享雙床房:HK$172']"
麗楓酒店（上饒高鐵站店）,9.7,"['雅緻大床房:HK$287', '豪華大床房:HK$287', '豪華雙床房:HK$287', '商務大床房:HK$305']"
茂源香澗·360°環山觀景度假美宿（望仙谷店）,9.5,"['芊尋·雅緻田園大床房:HK$218', '悦舍·寧靜雅緻雙床房｜布藝床品｜木製牀頭櫃｜木製電視櫃｜舒適好眠:HK$261', '芊時·舒適山景雙床房:HK$282', '未忘·180°山河景豪華雙床房:HK$338']"
夢仙河畔·270°觀山景湯泉度假美宿（望仙谷景區店）,9.5,"['夢丨山景·大床房:HK$339', '仙丨山景·雙床房:HK$407', '荷丨山景·雙床房:HK$407', '清丨山景·雙床房:HK$453']"
上饒悦溪開元觀堂,9.6,"['觀堂大床房:HK$634', '觀堂雙床房:HK$634', '高級園景雙床房:HK$688', '高級園景大床房:HK$688', '博雅山景雙床房:HK$962', '博雅山景大床房:HK$962']"
山邊的雲Mt Cloud·風之谷泊心雲舍（望仙谷景區店）,9.7,"['月白｜幾木Cloud影音大床房（全屋軟水+零壓床墊）:HK$267', '雨過山青｜幾木Cloud影音大床房（全屋軟水+零壓床墊+懸浮地台+榻榻米）:HK$281', '縞素｜幾木Cloud影音雙床房（全屋軟水+零壓床墊）:HK$313', '觀風｜幾木Cloud影音雙床房（全屋軟水+零壓床墊+榻榻米）:HK$320']"
你好酒店（上饒商貿城鳳凰大道店）,9.6,"['高級大床房:HK$207', '觀影大床房:HK$207', '豪華雙床房:HK$227', '豪華大床房:HK$227']"
上饒高鐵站智選假日酒店,9.8,"['高級房 超大床:HK$320', '高級房 雙床:HK$320', '高級房·雙床（高樓層）:HK$366', '舒適高級房·超大床:HK$366', '舒適高級房·超大床（高樓層）:HK$394']"
上饒嘉萊特沁廬酒店（近萬力時代）,9.3,"['精緻影院大床房:HK$326', '精典高級大床房:HK$327', '精典高級雙床房:HK$327', '落地全景豪華大床房（配獨立衣帽間）:HK$412', '落地全景豪華雙床房（配獨立衣帽間）:HK$412']"
望仙·dream桂園民宿（望仙穀風景區店）,9.8,"['宿谷丨零壓享夢大床房（高清電視+品質床墊+乾濕分離）:HK$230', '鶯語丨樂安樂意大床房（可觀山景+智能馬桶+採光優質）:HK$249', '清筱丨日暮曉看大床房（可觀山景+品質床墊+採光優質）:HK$258', '繁錦丨築夢星空雙床房（簡約風+高清電視+VIP影片）:HK$259']"
望山澗·Yumsem山風集民宿（望仙谷景區店）,9.8,"['【山苑】穀雨·大床房｜原木極簡【羽絨被+乳膠墊】:HK$317', '【山梨】榻榻米大床房｜原木雅居【羽絨被+乳膠墊】:HK$361', '【安若】 立夏夏至雙床房｜原木胡桃【羽絨被+乳膠墊】:HK$405', '【安和】落地窗景雙床房｜原木復古【羽絨被+乳膠墊】:HK$448']"
上饒江南豪庭國際大酒店,9.1,"['優享單間:HK$168', '優享標間:HK$168', '高級雙床房:HK$220', '高級大床房:HK$228', '豪華雙床房:HK$228']"
晴川行館民宿（望仙谷景區店）,9.5,"['晴回·特惠露台大床房【270°山景+零壓床墊+乾濕分離】:HK$219', '挽晴·舒適雙床房【安睡好物+零壓床墊+乾濕分離】:HK$250', '晴晤·露台雙床房【270°山景+零壓床墊+乾濕分離】:HK$250', '晴牕·180°山景奶油風雙床房【零壓床墊+乾濕分離】:HK$273']"
楓溱酒店（上饒高鐵站店）,9.7,"['優選大床房:HK$238', '優選雙床房:HK$238', '榻榻米大床房:HK$241', '舒享雙床房:HK$241']"
山野間·喜萊登·全視野山湖景ins度假酒店（上饒望仙穀風景區店）,9.1,"['月棲·温馨雙床房【巨幕投影+智能馬桶+乾濕分離】:HK$388', '聽竹·山景温馨榻榻米雙床房【智能馬桶+乾濕分離】:HK$399', '夕拾·輕奢河景蜜月大床房【智能馬桶+乾濕分離+中央空調】:HK$400', '雲隱·輕奢觀景雙床房【巨幕投影+智能馬桶+乾濕分離+中央空調】:HK$481']"
藝龍壹棠酒店（上饒吾悅廣場經開區管委會店）,9.9,"['雅緻大床房（飄窗採光+温感取電+智能客控）:HK$297', '雅緻雙床房（飄窗採光+温感取電+智能客控）:HK$297', '海棠大床房（飄窗採光+掛式吹風機+觸屏智能化粧鏡）:HK$329', '海棠雙床房（飄窗採光+掛式吹風機+觸屏智能化粧鏡）:HK$329']"
亞朵酒店（上饒信州區政府店）,9.6,"['雅緻大床房【智能客控+65寸智能投屏電視】:HK$314', '高級大床房【智能客控+65寸智能投屏電視】:HK$340', '高級雙床房【智能客控+65寸智能投屏電視】:HK$358', '行政大床房【智能客控+65寸投屏電視+冰箱+浴袍】:HK$403', '行政湖景雙床房【智能客控+65寸投屏電視+冰箱+浴袍】:HK$421']"
望溪小築民宿（望仙谷景區店）,9.8,"['望峯-投影大床房【小度智能+智能馬桶】:HK$274', '望溪-投影大床房【小度智能+智能馬桶】:HK$313', '臨峯-投影大床房【小度智能+智能馬桶】:HK$313', '觀峯-投影大床房【小度智能+智能馬桶】:HK$313']"
餘閲山居民宿（望仙谷景區店）,9.8,"['特價~極簡時光大床房:HK$240', '温馨雙床房（小米投影＋小米智控）:HK$300', '巨幕山景大床房（小米投影＋小米智控＋智能馬桶＋新風系統）:HK$333', '雅緻山景雙床房（小米投影＋小米智控＋新風系統）:HK$353']"
四季發現·禪意度假美宿,9.8,"['榻語｜榻榻米雙床房（全屋智能語音客控+零壓床墊）:HK$249', '逸居｜奶油大床房（零壓床墊+智能馬桶+小度智能）:HK$258', '暖居｜奶油雙床房（智能巨幕投影+智能馬桶+小度智能）:HK$268', '暖風｜豪華大床房（巨幕投影+智能客控+全景落地窗）:HK$268']"
逸景·田野山川｜望仙山隱·田間雅舍,9.6,"['拾羽丨舒適大床房（鵝絨床品+深睡乳膠床墊+乾濕分離+院景+影音會員）:HK$269', '繁錦丨一樓院景樂享大床房（高清寬幕投影+鵝絨床品+深睡乳膠床墊+乾濕分離+院景+影音會員）:HK$269', '晨汐丨雅緻大床房（高清巨幕投影+鵝絨床品+深睡乳膠床墊+乾濕分離）:HK$308', '光遇丨輕奢大床房（高清巨幕投影+鵝絨床品+深睡乳膠床墊+乾濕分離+影音會員）:HK$312']"
五悅·悅心酒店（上饒步行街金龍崗路店）,9.4,"['不期而遇·優選大床房（採光足+落地窗+雲感記憶床墊）:HK$163', '不期而遇·優選雙床房:HK$170', '慵懶之間·臻享雙床房（全新改造+雲感記憶床墊）:HK$178', '慵懶之間·臻享大床房（全新改造+雲感記憶床墊）:HK$185']"
嶼你美宿（望仙谷景區店）,9.9,"['舒適睡眠榻榻米床房（巨幕高清投影+智能客控+榻榻米）:HK$258', '悠然觀景榻榻米房（田園景觀+0壓睡眠床墊+高清投影）:HK$281', '逸緻大床房（庭院景觀+智能客埪+高清巨幕投影）:HK$296', '靜雅.雙人居（0壓睡眠床墊+高清巨幕投影+智能客控）:HK$324']"
桃花源居·Aurora藝術輕奢設計師度假美宿（望仙谷景區店）,9.2,"['皓月·榻榻米景觀蜜月大床房（百寸巨幕投影+懶人搖搖椅+日式茶几）:HK$392', '雲海·輕奢景觀山景家庭雙床房（百寸巨幕投影+懶人沙發+茶几+智能馬桶）:HK$437', '桃花·榻榻米輕奢山景家庭雙床房（百寸巨幕投影+懶人沙發+茶几+智能馬桶）:HK$541', '明月·輕奢景觀家庭雙床房（百寸巨幕投影+鞦韆搖搖椅+休閑茶几+超大空間）:HK$586']"
雲崖山居民宿（望仙谷景區店）,9.7,"['遇見歡喜丨180°山景雙床房丨高清投影 | 山間清涼風 | 硅藻泥無甲醛:HK$249', '逍遙自在舒適大床房（靜謐山景+高清投影+奶油ins風+搖搖椅）:HK$249', '雲棲觀景聽風大床房（自然美學+高清投影+大露台無敵景觀）:HK$258', '夜柳扶風丨180°全景雙床房丨清爽乾淨 | 私享影院 | 靜謐時光:HK$277']"
上饒茶聖路美侖酒店,9.2,"['大床房:HK$359', '豪華雙床房:HK$359', '高級大床房:HK$378', '豪華大床房:HK$398', '商務大床房:HK$419']"
維也納酒店（上饒高鐵站店）,9.6,"['愉夢大床房:HK$238', '愉夢雙床房:HK$238', '商務大床房:HK$255', '商務雙床房:HK$255']"
雲上·未聞山｜VILLA度假美宿（望仙谷景區店）,9.8,"['特惠丨清雅大床房（乳膠床墊+智能液晶電視）:HK$239', '拾光丨豪華大床房（乳膠床墊+智能液晶電視）:HK$255', '雨來丨豪華雙床房（乳膠床墊+智能液晶電視）:HK$327', '春澗丨好友麻將房（休閑娛樂+智能液晶電視）:HK$327']"
上饒·心水漫丨Enjoy·RoManceDesignHOTEL（金龍崗街區步行街店）,9.4,"['躺平治癒榻榻米房【高清投屏·4K電視·遮光窗簾】:HK$175', '驚喜奇遇大床房[巧遇+樂趣好玩］:HK$211', '4K高清投影榻榻米房【百寸巨幕·投影·遮光窗簾·安心好睡】:HK$234', '心水漫·輕奢大床房-免費停車❤雙人沙發❤棒咖啡75折券:HK$245', '心水漫·輕奢雙床房-辦公桌❤小沙發❤免費停車:HK$267']"
上饒鑫邦大酒店,9.6,"['高級大床房-帶浴缸:HK$544', '高級雙床房:HK$566', '豪華大床房-帶浴缸:HK$599', '豪華雙床房:HK$599', '行政大床房-帶浴缸:HK$653', '行政雙床房:HK$653']"
上饒鳳凰大道亞朵酒店,9.7,"['雅緻大床房（記憶枕＋亞朵裸棉床品+電視投屏）:HK$358', '高級大床房（記憶枕＋亞朵裸棉床品+電視投屏）:HK$376', '行政雙床房（記憶枕+亞朵裸棉床品+小冰箱）:HK$448', '行政大床房（記憶枕+亞朵裸棉床品+小冰箱）:HK$448']"
上饒月兔國際大酒店,9.1,"['迷你房（無窗）:HK$186', '浪漫圓床房:HK$195', '雅緻大床房:HK$252', '雅緻雙床房:HK$253']"
上饒富力萬達嘉華酒店（萬達廣場）,9.5,"['豪華大床房-帶浴缸:HK$556', '豪華雙床房-帶浴缸:HK$556', '高級豪華園景大床房-盡覽公園湖景-帶浴缸:HK$589', '高級豪華雙床房-俯瞰繁華夜景-帶浴缸:HK$589', '精選豪華江景大床房-C位俯瞰信江美景-帶浴缸:HK$622', '尊榮豪華雙床房（繁華夜景+歐舒丹洗護+帶浴缸）:HK$633']"
甜也·隱山川Lakeside度假休閑民宿（望仙穀風景區店）,10.0,"['風寄月 | 舒適大床房:HK$227', '拾光季 | 旅居親子房:HK$284', '畫堂春\u200c | 陽光雙床房:HK$313', '星辰海 | 4K巨幕投影雙床房:HK$341']"
谷溪山居（望仙谷景區店）,9.8,"['谷池畔-雙卧休閑陽光屋（河邊落地窗+乾濕分離）:HK$233', '暖陽-温馨親子房（全屋智能+河邊落地窗十小童友好）:HK$260']"
美豪怡致酒店（上饒新一中上饒高鐵站店）,9.4,"['麗致大床房:HK$287', '麗致雙床房:HK$306', '雅緻大床房:HK$333', '雅緻雙床房:HK$352', '雅緻套房:HK$398']"
維也納智好酒店（上饒步行街和平陽光店）,9.1,"['標準雙床房:HK$165', '標準大床房:HK$165', '高級大床房:HK$184', '高級雙床房:HK$184']"
全季酒店（上饒廣豐月兔廣場）,9.4,"['高級大床房:HK$290', '商務大床房:HK$309', '高級雙床房:HK$309', '舒壓高級大床房:HK$327']"
靜聽別院·設計師度假酒店（上饒望仙穀風景區店）,9.5,['森眸 · 中式雙床房「智能馬桶+乾濕分離+零壓睡眠床墊+休閑桌椅+影音會員+空氣能熱水循環」:HK$310']
松漫PineRomance·設計師觀景度假美宿（望仙谷店）,10.0,"['松隅·温馨大床房（高清投影+智能窗簾+智能馬桶）:HK$227', '松瀾居·榻榻米大床房（高清投影+智能窗簾+智能馬桶）:HK$233', '松麥•温馨雙床房（高清投影+智能窗簾+舒適床品）:HK$233', '松禾•雅緻雙床房（高清投影+智能窗簾+舒適床品）:HK$233']"
望仙谷山水居民宿,9.5,"['花巖底下|舒適大床房+見山景+小度智能:HK$261', '青梅竹馬|舒適大床房+智能客控:HK$272', '溪邊小築|山景大床房【智能馬桶+零重力床墊】:HK$283', '小橋流水|山景大床房+智能馬桶+55寸投屏電視:HK$283']"
上饒吾悦廣場陽光時代亞朵酒店,9.7,"['雅緻大床房（投屏+智能客控）:HK$314', '高級雙床房（投屏+智能客控+小冰箱）:HK$349', '高級大床房（投屏+智能客控+小冰箱）:HK$358', '行政雙床房（投屏+智能客控+小冰箱）:HK$403', '行政大床房（投屏+智能客控+小冰箱）:HK$412']"
上饒行政中心亞朵酒店,9.3,"['雅緻大床房（記憶枕+亞朵裸棉床品）:HK$287', '高級大床房（記憶枕+亞朵裸棉床品）:HK$314', '高級雙床房（記憶枕+亞朵裸棉床品）:HK$323', '行政雙床房（小冰箱+記憶枕）:HK$358', '幾木大床房（小冰箱+亞朵深睡枕）:HK$367']"
