酒店名称,评分,房型价格列表
丹東名户公寓（天賜未來城店）,9.6,"['地中海大床房:HK$270', '地中海雙床房:HK$270', '榻榻米大床房:HK$312', '榻榻米雙床房:HK$312']"
丹東中聯大酒店,9.1,"['市景標準間:HK$418', '市景大床房:HK$418', '江景標準間:HK$532', '全景江景標準間:HK$588', '江景大床房:HK$643']"
丹東逸客棧（鴨綠江斷橋店）,9.5,"['中式温馨大床房:HK$337', '舒適家庭房雙床房:HK$370', '江景榻榻米大床房-和式電炕:HK$392', '温馨麻將小屋:HK$403']"
丹東中心智選假日酒店,9.7,"['高級房大床:HK$446', '高級房雙床:HK$465', '高級房大床無障礙:HK$475', '高級房大床更大面積:HK$494', '高級房雙床更大面積:HK$514']"
丹東栗子小院,9.6,"['舒適温馨大床房:HK$333', '精緻温馨大床房:HK$333', '舒適大床房:HK$383', '觀景大床房:HK$458']"
丹東鴨綠江大廈萬信至格酒店,9.0,"['舒適雙床房:HK$294', '舒適大床房:HK$294', '豪華大床房:HK$339', '豪華雙床房:HK$339', '舒適套房:HK$642']"
尚品度假酒店（丹東天賜未來城店）,9.2,"['舒適大床房:HK$167', '商務大床房:HK$190', '精品大床房:HK$213', '精品雙床房:HK$229']"
如家商旅酒店（丹東鴨綠江大橋斷橋景區火車站店）,9.3,"['大床房:HK$266', '商務大床房:HK$294', '雙床房:HK$302', '景觀大床房:HK$321']"
如家素柏·雲酒店（丹東鴨綠江月亮島安東老街店）,9.2,"['大床房:HK$195', '商務大床房:HK$204', '標準雙床房:HK$204', '景觀雙床房（鴨綠江江景）:HK$238']"
驛居酒店（丹東火車站郵電大廈店）,9.4,"['大床房:HK$195', '商務大床房:HK$212', '雙床房:HK$230', '家庭房:HK$319']"
丹東丹鐵大酒店,8.6,"['標準雙床房:HK$170', '標準大床房:HK$170', '家庭房:HK$261', '標準四人間:HK$320']"
丹東名戶江景溫泉公寓（江戶城店）,9.2,"['榻榻米温泉大床房:HK$329', '地中海温泉大床房:HK$329', '全江景榻榻米温泉房B:HK$405', '江景家庭温泉套房:HK$405']"
丹東鑫亮民宿（中朝鴨綠江大橋店）,9.7,"['江景雙床房:HK$190', '江景影視大床房:HK$210', '江景家庭套房:HK$295']"
丹東一諾客棧,9.4,"['舒適雙床特價房:HK$231', '舒適特價大床房:HK$231', '精緻大床房:HK$259', '精緻標準間:HK$259']"
如家商旅酒店（丹東鴨綠江江畔安東老街店）,9.5,"['大床房A:HK$190', '大床房:HK$207', '雙床房A:HK$216', '雙床房:HK$224']"
悦己·清齋江景民宿（丹東月亮島店）,9.6,"['輕奢江景套房270度觀景落地窗:HK$384', '舒適江景套房一線室外觀景陽台:HK$427', '豪華江景套房室外觀景陽台:HK$491', '月亮島270度一線觀景陽台2室麻將套房:HK$676']"
月亮島小魚兒之家公寓,9.7,"['月亮島一線江景北歐風二室一廳套房A:HK$579', '月亮島一線江景温馨浪漫兩室一廳B:HK$579', '月亮島一線江景家庭房—兩室三床:HK$677', '丹東艦.新鴨綠江大橋新中式三室兩廳兩衞户型C:HK$710']"
丹東新安東大飯店,9.2,"['雍華麗景雙床房:HK$449', '半島風情雙床房:HK$577', '半島風情大床房:HK$577']"
丹東江濱國際酒店（鴨綠江斷橋景區火車站店）,9.1,"['高級大床房:HK$361', '高級雙床房:HK$361', '一線江景大床房:HK$437', '一線江景雙床房:HK$437', '豪華江景雙床套房:HK$610']"
禾楓酒店（鴨綠江斷橋店）,9.1,"['清雅大床房:HK$332', '雲舒大床房:HK$385', '雲舒雙床房:HK$411', '楓嶼家庭房:HK$517']"
漢庭酒店（丹東火車站鴨綠江店）,9.3,"['高級大床房:HK$277', '雙床房:HK$277', '商務大床房:HK$298', '商務雙床房:HK$298']"
丹東萬達廣場安東老街亞朵酒店,9.6,"['高級大床房（深睡床墊+深睡枕+智能客控+手機投屏）:HK$484', '高級雙床房（深睡床墊+深睡枕+智能客控+手機投屏）:HK$528', '行政大床房（深睡床墊+深睡枕+智能客控+手機投屏）:HK$528', '尊享大床房（深睡床墊+深睡枕+智能客控+手機投屏）:HK$592', '尊享家庭房（深睡床墊+深睡枕+智能客控+手機投屏）:HK$708']"
丹東新江户温泉城酒店,9.4,"['温泉市景標間:HK$480', '温泉江景大床房:HK$567', '温泉市景標間（雲杉優眠床）:HK$589', '温泉市景家庭房:HK$696', '温泉江景大床房（雲杉優眠床）:HK$759']"
丹東火車站鴨綠江斷橋亞朵酒店,9.4,"['高級大床房（深睡床品+智能客控+迷你冰箱）:HK$592', '高級雙床房（深睡床品+智能客控+迷你冰箱）:HK$592', '行政大床房（深睡床品+智能客控+迷你冰箱）:HK$637', '行政雙床房（深睡床品+智能客控+迷你冰箱）:HK$637', '尊享大床房（深睡床品+智能客控+迷你冰箱）:HK$681']"
漢庭優佳酒店（丹東步行街店）,9.7,"['高級大床房:HK$246', '雙床房:HK$274', '家庭房:HK$321']"
丹東金海度假公寓,9.1,"['商務大床房:HK$293', '商務標準房:HK$338', '精品標準房:HK$338', '精品大床房:HK$370']"
丹東新天地賓館,8.8,"['特價大床房:HK$172', '普通雙標間:HK$181', '普通大床房:HK$181', '豪華大床房:HK$299']"
丹東新安東閣君卓酒店,9.3,"['標準大床房:HK$232', '君卓雙床房:HK$246', '韓式榻榻米房（無窗）:HK$246', '高級大床房:HK$261']"
如家商旅酒店（丹東中朝鴨綠江大橋江景店）,9.8,"['大床房A:HK$201', '雙床房:HK$219', '大床房:HK$219', '高級大床房:HK$236']"
萬年春意想人生民宿（丹東火車站店）,9.2,"['合室榻榻米房:HK$137', '標準大床房:HK$137', '特價標準間:HK$137', '標準間:HK$165']"
丹東市花開忘憂民宿,9.3,"['精緻大床房:HK$240', 'Ins奶油風大床房:HK$259', '投影大床房:HK$278', '商務雙床房:HK$352']"
丹東憩園賓館（鴨綠江斷橋店）,9.4,"['庭院花園大床房:HK$607', '一線江景露台雙床房:HK$749', '一線江景露台大床房:HK$749', '庭院豪華大床+電熱榻榻米房:HK$749']"
尚客優酒店（鴨綠江大橋景區丹東站店）,8.2,"['陽光標準大床房:HK$201', '陽光舒適1.5米大床房:HK$214', '陽光標準雙床房:HK$220', '舒適雙床房:HK$233']"
丹東五龍背温泉酒店式公寓,9.6,"['家庭温泉大床房:HK$216', '温泉温馨大床房:HK$260', '經典温泉榻榻米房:HK$282', '精品温泉房:HK$293']"
丹東花園酒店,8.5,"['大床房:HK$240', '普通標準房:HK$240', '商務大床房:HK$271', '親子家庭房:HK$402']"
丹東華仕派商務酒店,8.1,"['特價標間:HK$186', '商務雙床房:HK$247', '特惠大床房:HK$277', '三人間:HK$369']"
丹東錦禾酒店（鴨綠江斷橋店）,9.7,"['高級雙床房:HK$532', '高級大床房:HK$532', '行政雙床房:HK$578', '行政大床房:HK$578', '行政家庭房:HK$753']"
丹東中朝鴨綠江大橋桔子水晶酒店,9.7,"['高級大床房（智能客控+手機投屏）:HK$381', '行政大床房（智能客控+手機投屏）:HK$402', '江景雙床房（智能客控+手機投屏）:HK$402', '江景高級大床房（智能客控+手機投屏）:HK$441', '江景豪華大床房（智能客控+手機投屏）:HK$482']"
丹東威尼斯建國飯店,8.7,"['界河高級大床房:HK$341', '界河商務大床房:HK$437', '界河商務雙床房:HK$437', '界河江景商務大床房:HK$514', '界河江景商務雙床房:HK$514']"
丹東盛庭酒店式公寓,9.3,"['特惠大床房:HK$93', '歐式豪華大床房A:HK$110', '温馨家庭大床房:HK$110', '歐式大床房:HK$119']"
錦江之星（丹東鴨綠江興五路店）,8.9,"['標準大床房:HK$282', '標準雙床房:HK$306', '高級單床房:HK$309', '高級雙床房:HK$327']"
丹東五龍背泉都來温泉民宿,9.9,"['特惠大床房A:HK$183', '特惠大床房B:HK$183', '豪華大床温泉房:HK$216', '豪華複式麻將房:HK$260']"
丹東茗然時尚賓館,9.4,"['時尚大床房:HK$162', '時尚標準間:HK$173', '特價大床房:HK$173', '時尚四人間:HK$260']"
丹東龍泉商務賓館,7.5,"['特價房:HK$156', '標準間:HK$193', '大床房:HK$193', '家庭房:HK$267']"
丹東達文西酒店,8.7,"['特價房:HK$216', '商務標準間:HK$293', '舒適大床房:HK$293', '豪華大床房:HK$325']"
丹東櫻吉公寓（江户城店）,9.7,"['園景家庭雙床房:HK$158', '園景榻榻米温泉房:HK$174', '園景地中海温泉大床房:HK$174', '側江景露台陽光房:HK$195']"
藝龍萬國酒店（丹東抗美援朝紀念館店）,9.4,"['智享大床房-智能客控+温泉水+手機投屏:HK$470', '雅享榻榻米-智能客控+温泉水+手機投屏:HK$493', '雅享大床房-智能客控+温泉水+手機投屏:HK$505', '雅享雙床房-智能客控+温泉水+手機投屏:HK$528', '瑞享大床房-智能客控+温泉水+手機投屏:HK$563']"
丹東雲上酒店,9.6,"['雲舒大床房（智能客控+助眠記憶枕+手機投屏）:HK$528', '雲享大床房（智能客控+助眠記憶枕+手機投屏）:HK$643', '雲語雙床房（智能客控+助眠記憶枕+手機投屏）:HK$643', '雲喜家庭房（智能客控+助眠記憶枕+手機投屏）:HK$720', '雲景側江大床房（智能客控+助眠記憶枕+手機投屏）:HK$759']"
漢庭酒店（丹東新城區五金城店）,9.5,"['雙床房:HK$205', '高級大床房A:HK$205', '高級大床房:HK$233', '家庭房:HK$271']"
如家酒店·neo（丹東朝韓風情街鴨綠江火車站店）,8.7,"['商務大床房A:HK$135', '雙床房A:HK$143', '商務大床間:HK$151', '全新商務大床房:HK$168']"
