酒店名称,评分,房型价格列表
廬山大林初見別墅酒店（牯嶺街店）,9.7,"['大林街景 | 優選雙床房【mini冰箱+中央空調】:HK$436', '大林觀景 | 露台大床房【mini冰箱+中央空調】:HK$460', '大林觀景 | 觀景雙床房【mini冰箱+中央空調】:HK$545', '大林觀景 | 觀景大床房【mini冰箱+中央空調】:HK$545', '家庭親子 | 觀景三人間【mini冰箱+中央空調】:HK$578']"
廬山脂紅酒店（廬山風景名勝區牯嶺街美廬店）,9.6,"['風跡-閣樓惠享大床房【森林氧吧+小巧精緻+電熱衣架】:HK$556', '月吟-左鄰右舍雙床房【窗外美景+獨立空間+電熱衣架】:HK$621', '月吟-閣樓親子雙床房【負氧離子+超大空間+電熱衣架】:HK$665', '扶光-悠然臻選大床房【窗外美景+休閑沙發+電熱衣架】:HK$731', '扶光-悠然臻選雙床房【舒適庭院+休閑桌椅+電熱衣架】:HK$774']"
九江快樂城長江大道亞朵酒店,9.7,"['高級大床房（Mini小冰箱+慢回彈記憶枕+智能家居）:HK$332', '高級雙床房（Mini小冰箱+慢回彈記憶枕+智能家居）:HK$340', '行政大床房（Mini小冰箱+慢回彈記憶枕+智能家居）:HK$358', '行政雙床房（Mini小冰箱+慢回彈記憶枕+智能家居）:HK$367', '幾木城景大床房（Mini冰箱+裸棉床品&深睡枕pro+智控）:HK$385']"
天海鉑塘酒店（九江八里湖新區體育中心店）,9.6,"['柏美大床房（乳膠記憶床墊+智能客控+65寸電視投屏）:HK$238', '柏雅城景高級雙床房（乳膠床墊+65寸電視投屏+辦公桌）:HK$238', '悦影巨幕影視大床房（百寸投影+乳膠床墊+智能客控）:HK$262', '柏靜雙床房（遠眺LU山風景+乳膠床墊+超大空間+辦公會客區）:HK$271', '柏悦家庭房（獨立衣櫥+休閑沙發）:HK$355']"
桔子酒店（九江火車站店）,9.7,"['月若流金大床房:HK$291', '月若流金高級大床房:HK$325', '月若流金雙床房:HK$355', '加州陽光高級大床房:HK$355', '月若流金豪華大床房:HK$386']"
九江半島賓館（八里湖店）,9.7,"['高級園景大床房:HK$469', '高級園景雙床房:HK$469', '商務園景雙床房:HK$532', '180°商務湖景大床房:HK$576', '行政園景雙床房:HK$639', '行政園景大床房:HK$639']"
亦泊雲溪酒店（十里大道九江學院店）,9.9,"['Garden┃城景園林大床房（零壓床墊+園林夜景+小度語音）:HK$245', 'Garden┃城景園林雙床房（安心熟睡+園林夜景+智能客控）:HK$280', 'Garden┃行政山景大床房（遠眺山景+睡眠系統+智能客控）:HK$280', 'Garden┃巨幕投影雙床房（MAX巨幕+智能水壓+浪鯨衞浴）:HK$345', 'Garden┃稚趣童享親子房（零壓床墊+園林夜景+小度語音）:HK$414']"
般藍酒店（九江火車站萬達廣場店）,9.7,"['臻享·城景大床房（獨享私密空間+65寸高清可投屏電視+慕思床墊）:HK$276', '悦心·精選大床房（科勒潔具+慕思床墊+智能家居）:HK$331', '靜心·豪華大床房（智能家居+迷你小冰箱）:HK$364', '靜心·豪華雙床房（智能家居+辦公桌+茶台）:HK$386', '潔雅·臻選豪華大床房（愛奇藝會員+慕思床墊+科勒潔具）:HK$386']"
九江嘉萊特精選酒店（八里湖外國語學校店）,9.6,"['遠山 | 雙床房（户型方正+全屋智控+遠眺廬山）:HK$305', '精選 | 大床房:HK$316', '精選 | 雙床房:HK$316', '遼闊 | 家庭房（特大床+全屋智控+65寸彩電）:HK$360', '歡樂 | 小童房:HK$392']"
廬山蓮花台花園度假酒店,9.6,"['攬翠·悠然大床房｜雲澗凈衞私享山湖景·乾濕分離:HK$467', '枕林·山景雙床房｜嵐霧浣塵·私享山景·乾濕分離:HK$483', '映水·湖景雙床房｜鏡波浣露·私享湖景·乾濕分離:HK$519', '靜棲·行政湖景雙床房+深睡枕PRO+徠芬吹風機+冰吧:HK$597', '依雲·行政湖景大床房+深睡枕PRO+徠芬吹風機+冰吧:HK$597']"
九江遠洲喜來登酒店,9.6,"['豪華雙床房:HK$752', '豪華大床房:HK$752', '豪華湖景大床房:HK$785', '尊享大床房:HK$817', '尊享湖景大床房:HK$850', '行政大床房:HK$1,080']"
九江信華建國酒店,9.5,"['商務大床房:HK$402', '商務雙床房:HK$413', '江景雙床房:HK$533', '江景大床房:HK$544', '智眠房:HK$544', '豪華雙床間:HK$577']"
九江長虹大道希爾頓歡朋酒店,9.7,"['舒適大床房—美國舒達床墊:HK$370', '舒適雙床房—美國舒達床墊:HK$392', '高級大床房—城市美景:HK$414', '高級雙床房—美國舒達床墊:HK$414', '豪華大床房-美國舒達床墊-專屬小冰箱:HK$480']"
潯•陽︱Grandioso•Academia•歡悅MAX酒店（九江站九江學院店）,9.5,"['潯陽樓•投影玲瓏大床房|高定床品|恆温空調|零壓床墊:HK$197', '鎖江樓•巨幕零壓大床房|智能客控|卧式沙發|乾濕分離:HK$209', '煙水亭•巨幕零壓雙床房|多重隔音|恆温馬桶|大空間:HK$209', '甘棠湖•巨幕娛樂大床房|電動麻將桌|智能客控:HK$221', '天花井•巨幕榻榻米大床房|激光投影|超大幕布|舒適空間:HK$231']"
廬山牯嶺觀雲漫心府,9.7,"['心怡標準大床房（無線投屏+mini冰箱+絲漣深睡床墊）:HK$934', '心悦高級大床房（無線投屏+mini冰箱+絲漣深睡床墊）:HK$965', '心悦高級雙床房（mini冰箱+無線投屏+絲漣深睡床墊）:HK$994', '心享豪華大床房（無線投屏+mini冰箱+絲漣深睡床墊）:HK$1,015', '心享豪華雙床房（無線投屏+mini冰箱+絲漣深睡床墊）:HK$1,025']"
九江遠洲逸廷酒店,9.2,"['廷享雙床房:HK$361', '廷享湖景大床房:HK$382', '廷享湖景雙床房:HK$382', '廷悦大床房:HK$396', '廷悦雙床房:HK$396']"
天海柏唐酒店（廬山風景名勝區牯嶺街索道上站店）,9.3,"['山青雲深大床房（夢百合零壓床墊+中央空調）:HK$619', '山谷雲隱雙床房【零壓床墊+智能除濕】:HK$681', '牯嶺祕境雙床房（夢百合零壓床墊+強壓熱水）:HK$750', '牯嶺仙境雙床房（衣服烘乾機+夢百合零壓床墊）:HK$819', '星空雙床房（乾濕分離+夢百合零壓床墊）:HK$887']"
悅兮湖大酒店（九江市體育中心八里湖新區店）,9.4,"['星塵•雲端大床房|乾濕分離|高空視角|大空間:HK$256', '星塵•天際雙床房|雙重隔音|高空賞景|輕辦公:HK$267', '180°湖幕•凌空雙床房|中央空調|俯視湖景|一線湖景:HK$289', '180°湖幕•雲霄大床房|中央空調|俯視湖景|一線湖景:HK$299', '觀瀾•雲境大床房|高層觀瀾|高空全景|Urban Oasis:HK$342']"
CityWalk●柏唐｜潯城美學設計師●慕酒店（九江火車站聯盛快樂城店）,9.5,"['City┃霧漫觀景大床房【璀璨夜景+小度智控+MINI冰箱】:HK$293', 'City┃霧漫觀景雙床房【智能客控+0壓床墊+恆温馬桶】:HK$293', 'Dream┃悦夢舒眠大床房【恆壓淋浴+都市夜景+小度智控】:HK$314', 'Max┃行止觀影大床房【高清巨幕+手機投屏+深度好眠】:HK$328', 'Joy┃雀悦娛樂麻將房【獨立棋牌房+空氣凈化機+MINI吧】:HK$328']"
廬山雲熙頤居酒店,9.5,"['園景雙床房:HK$450', '特惠大床房:HK$669', '特惠雙床房:HK$669']"
九江百嘉洲際酒店（潯陽樓大中路步行街店）,9.1,"['百悦•舒適大床房「高織親膚布草+精緻睡眠」:HK$195', '百悦•舒適雙床房「高織親膚布草+精緻睡眠」:HK$195', '嘉悦•商務雙床房「品質深睡床墊+凈心好眠」:HK$218', '嘉悦•商務大床房「品質深睡床墊+凈心好眠」:HK$218', '鉑雅•高級雙床房「觀城市煙火+乾濕分區」:HK$262']"
廬山雲錦假日酒店（牯嶺街店）,9.5,"['温馨特享大床:HK$490', '温馨特享雙床房:HK$490']"
曙光鉑悦酒店（廬山牯嶺街店）,9.5,"['悦享•特惠雙床房:HK$553', '悦享•特惠大床房:HK$553', '山城•輕奢雙床房:HK$632', '如初•尊享雙床房:HK$709', '如初•尊享大床房:HK$709', '暮雲•觀景雙床房:HK$818']"
格麗酒店（九江火車站廬山大道店）,9.7,"['大床房「智能客控+辦公區+私享定製床墊」:HK$207', '高級大床房「智能客控+辦公區+私享定製床墊」:HK$219', '高級雙床房「智能客控+辦公區+私享定製床墊」:HK$219', '智能大床房「智能客控+城景視野+私享定製床墊」:HK$254']"
榮華建國酒店（九江學院十里萬達店）,9.5,"['商務大床房:HK$305', '商務雙床房:HK$316', '甄選豪華雙床房:HK$349', '商務景觀大床房:HK$360', '夢幻主題親子房:HK$390']"
曙光薇酒店（廬山風景名勝區廬山會議舊址店）,9.5,['舒適標間（休閑沙發）:HK$579']
全季酒店（九江火車站廣場店）,9.6,"['大床房:HK$284', '高級大床房:HK$312', '雙床房:HK$312', '舒壓雙床房:HK$340']"
廬山畔山隱舍度假酒店（廬山牯嶺鎮小天池店）,9.5,"['林夕臻選雙床房|輕日式|温馨舒適:HK$524', '霧隱精選大床房|輕日式|休閑品茗:HK$579', '林夕優選雙床房|特色雙窗:HK$579', '霧隱臻選雙床房|輕日式|休閑品茗:HK$632', '樂享家庭親子房|小童洗漱用品:HK$764']"
你好酒店（九江火車站店）,9.7,"['高級特大床房:HK$207', '高級雙床房:HK$217', '豪華大床房:HK$236', '家庭房:HK$255']"
九江濂溪開元名都酒店,9.7,"['開元大床房:HK$694', '開元雙床房:HK$749', '豪華園景大床房（陽台+鞦韆吊椅）:HK$792', '豪華雙床房（陽台+鞦韆吊椅）:HK$847', '行政大床房（超大浴缸）:HK$869', '豪華園景親子房:HK$934']"
廬山開元名庭度假酒店,9.6,"['特惠雙床房 | 無窗 | 舒睡床墊:HK$429', '園景大床房 | 舒適床墊:HK$451', '開元大床房 | 舒適床墊:HK$473', '山居雙床房 | 可控地暖:HK$484', '棋牌大床房 | 樂享棋趣:HK$506']"
廬山賓館,9.7,"['松雲尊享大床房（小巧温馨、智慧客房、中央空調）:HK$975', '松悦尊享雙床房（智慧客房、中央空調、乾濕分離）:HK$985', '松雲尊享雙床房（温馨舒適，智慧客房、中央空調）:HK$1,068', '松雲臻享雙床房（中央空調、智慧客房）:HK$1,115', '松風臻享大床房（智慧客房、中央空調、乾濕分離）:HK$1,142']"
皇庭四季酒店（九江火車站店）,9.4,"['零壓豪華大床房【零壓床墊+科勒衞浴+絕美市景】:HK$209', '零壓豪華雙床房【零壓床墊+辦公桌椅+中央熱水】:HK$222', '四季精選大床房【功夫禪茶+零壓床墊+270°市景】:HK$229', '行政靜享雙床房【辦公桌椅+零壓床墊+中央熱水】:HK$272', '家庭親子房（零壓床墊+科勒衞浴）:HK$300']"
麗楓酒店（九江體育中心八里湖店）,9.6,"['雅緻大床房（慕思床墊+智能客控+MINI冰箱+藍牙音箱）:HK$261', '豪華大床房（慕思床墊+智能客控+MINI冰箱+絕美景色）:HK$270', '雅緻雙床房（慕思床墊+智能客控+MINI冰箱+藍牙音箱）:HK$288', '湖景大床房（慕思床墊+智能客控+MINI冰箱+絕美湖山）:HK$307']"
廬山棲雲觀景酒店,9.5,"['特惠雙床房【乳膠床墊+除濕機】:HK$527', '大床房【窗外山景+乳膠床墊】:HK$622', '舒適雙床房【温馨舒適+乳膠床墊】:HK$622', '觀景標間【夕陽山景+乳膠床墊】:HK$702', '舒適三人房【温馨舒適+乳膠床墊】:HK$710']"
全季酒店（九江廬山高鐵站店）,9.6,"['高級大床房:HK$284', '商務大床房:HK$302', '雙床房:HK$321', '景觀大床房:HK$321']"
廬山雲朵酒店,9.5,"['精選特享雙床房:HK$476', '精緻景觀雙床房:HK$476', '精選特享大床房:HK$476']"
九江LEJNN酈瑾酒店（九江火車站大中路步行街店）,9.5,"['墨軒∥雙床房『大落地窗+大面積+自動窗簾+60寸4k電視』:HK$182', '雅舍||大床房『0壓床墊|羽絨枕|舒適好眠|小而美』:HK$193', '墨軒∥大床房『大落地窗+大面積+自動窗簾+60寸4k電視』:HK$205', '茶隱∥投影MAX雙床房【零壓床墊|100寸巨幕|50°大面積】:HK$226', '茶隱∥投影MAX大床房【零壓床墊|100寸巨幕|50°大面積】:HK$226']"
麗楓酒店（九江學院十里廬山店）,9.6,"['豪華大床房:HK$223', '商務大床房:HK$239', '豪華影音大床房【100寸影院級激光投影+VIP海量片源】:HK$239', '豪華雙床房:HK$253']"
廬山大廈國際飯店,9.6,"['居山·靜謐雙床房【朝向清涼+深睡護脊床墊】:HK$753', '暮山·沁涼軒大床房「夏賞雲+曉霧輕籠+風景如畫」:HK$957', '暮山·沁涼軒大床房【冰箱+茶具+護脊床墊+抽濕機】:HK$957', '風鳴·攬霧全景雙床房【冰箱+茶具+抽濕機+護脊床墊】:HK$1,082', '風鳴·攬霧全景大床房【冰箱+茶具+抽濕機+遊玩無憂】:HK$1,082', '親子主題大床房【趣玩帳篷+童趣玩具】:HK$1,180']"
九江廬山通遠驛雲境酒店（廬山風景區南門店）,9.5,"['伴山-清幽智控大床房【全屋智控+科勒衞浴+亞朵床墊+乾濕分離】:HK$611', '伴山-清幽智控雙床房【全屋智控+休閑浴缸+亞朵床墊+乾濕分離】:HK$611', '伴山-園景浴缸家庭房【全屋智能+亞朵床墊】:HK$680', '伴山-山景浴缸家庭房【智能客控+亞朵床墊】:HK$749', '花徑-山景智控家庭房【全屋智控+亞朵床墊+乳膠頭枕】:HK$818', '花徑-山景浴缸家庭房【獨立陽台+休閑浴缸+全屋智控+亞朵床墊】:HK$887']"
九江八里湖希爾頓歡朋酒店,9.7,"['舒適大床房:HK$370', '舒適湖景大床房:HK$404', '靜享高級雙床房:HK$426', '城市園景大床房:HK$426', '荷里活超大床房:HK$480']"
廬山·初晴山院·英格蘭教會改建設計師別墅（牯嶺街店）,9.5,"['北熹·舒適大床房（腳步按摩儀+金可兒床墊）:HK$1,067', '南思·舒適雙床房（金可兒床墊+腳步按摩儀）:HK$1,309', '熾夏·高級雙床房（腳步按摩儀+金可兒床墊）:HK$1,509', '西山·温馨親子房（腿部按摩器+智能客控）:HK$1,511', '詠風·羈春大床房（休閑茶案+日落景觀窗）:HK$1,537']"
如家精選酒店（九江學院萬達廣場店）,9.8,"['高級大床房:HK$227', '雙床房:HK$235', '景觀大床房（夢百合床墊+智能客控+城景）:HK$251', '景觀雙床房（夢百合床墊+山景）:HK$259']"
晨楓酒店（九江學院十里老街店）,9.4,"['巨幕┃夢甜大床房（智能客控+安心熟睡+騰訊極光VIP）:HK$242', '巨幕LOFT┃雅緻大床房（暢快觀影＋休閑沙發+複式雙層）:HK$243', '巨幕┃怡致大床房（大型落地窗+智能客控+騰訊極光VIP）:HK$290', '浮生┃精緻大床房（智能客控+喜臨門床墊+騰訊極光VIP）:HK$315', '雲空┃花園大床房（智能客控+獨立花園+騰訊極光VIP）:HK$331']"
鉑悦·仙境酒店（九江火車站萬達廣場店）,9.4,"['精緻大床房 【雅蘭床墊＋高端衞浴＋松下智能馬桶】:HK$234', '清雅城景雙床房【雅蘭床墊＋休閑沙發＋松下智能馬桶】:HK$332', '清雅城景大床房『雅蘭床墊+休閑沙發』:HK$339', '睿選潯陽大床房【雅蘭床墊+小冰箱＋松下智能衞浴】:HK$388', '睿選潯陽雙床房【高端衞浴+小冰箱＋超大空間】:HK$388']"
嘉豪國際酒店（九江火車站店）,9.4,"['城景雙床房（商旅優選）:HK$313', '城景大床房（休閑躺椅）:HK$321', '娛樂休閑套房:HK$398', '雅緻雙床房:HK$398', '親子家庭套房:HK$481']"
九江火車站長虹大道亞朵酒店,9.6,"['高級大床房（裸棉床品+小度智控+手機投屏）:HK$305', '高級雙床房（裸棉床品+小度智控+手機投屏）:HK$323', '行政大床房（裸棉床品+小度智控+手機投屏）:HK$323', '幾木大床房（裸棉床品+小度智控+手機投屏+小冰箱）:HK$340', '幾木雙床房（裸棉床品+小度智控+手機投屏+小冰箱）:HK$358']"
花築奢·銀河谷民宿（廬山風景名勝區秀峯景區店）,9.9,"['夏花大床房（獨立小院+山景露台+箭牌智能馬桶）:HK$652', '朝沐大床房（獨立小院+山景露台+箭牌智能馬桶）:HK$652', '星河雙床房（全景落地窗+助眠乳膠枕+深睡護脊床墊）:HK$689', '繁間雙床房（全景落地窗+助眠乳膠枕+深睡護脊床墊）:HK$689', '花澗雙床房（全景落地窗+助眠乳膠枕+深睡護脊床墊）:HK$726']"
柏唐·旗艦聆湖美景設計師酒店（九江八里湖店）,9.2,"['悦享‖城景大床房（高清電視投屏+強勁冷氣+強壓熱水）:HK$219', '悦心‖城景巨幕影院大床房（騰訊VIP海量片源+零壓床墊+全屋智控）:HK$229', '悦尚‖湖景大床房（聆湖美景+全屋智能+零壓床墊）:HK$238', '悦享‖城景雙床房（商務辦公+強勁冷氣+電視投屏）:HK$247', '悦心‖城景巨幕影院雙床房（騰訊VIP海量片源+零壓床墊+全屋智能）:HK$265']"
