酒店名称,评分,房型价格列表
佛山柏頓宜居酒店（三水樂薈城廣場店）,9.8,"['雅緻雙床房（全景大玻璃窗+抗菌防蟎親膚布草）:HK$250', '商務雙床房（全景大玻璃窗+抗菌防蟎親膚布草）:HK$250', '雅緻大床房（全景大玻璃窗+抗菌防蟎親膚布草）:HK$263', '商務大床房（全景大玻璃窗+抗菌防蟎親膚布草）:HK$263']"
佛山南海金鉑中心希岸Deluxe酒店,9.6,"['Deluxe豪華大床房:HK$327', 'Deluxe豪華雙床房:HK$327', 'Deluxe高級大床房:HK$331', 'Deluxe景觀大床房:HK$369', 'Deluxe景觀雙床房:HK$369']"
安喜曼·元宿酒店（佛山祖廟瀾石地鐵站店）,9.8,"['狀元·凌雲閣:HK$307', '狀元·寧雅居｜深度好眠床墊｜巨幕投影｜智能客控:HK$367', '狀元·翰林居｜深度好眠床墊｜高清巨幕投屏｜全屋智能:HK$396', '狀元·品茗軒｜功夫茶具｜巨幕投影｜超大落地窗:HK$417']"
佛山安喜曼酒店（創意產業園區店）,9.1,"['高級大床房:HK$244', '巨幕影音大床房【巨幕影院+沉浸式觀影】:HK$277', '巨幕影院雙人房【巨幕影院+沉浸式觀影】:HK$287', '舒適大床房:HK$318', '炫彩空間大床房【智能客控+智能馬桶+冰箱+65寸4K智能電視】:HK$370']"
美豪麗致酒店（佛山南海新都會大瀝步行街店）,9.1,"['麗致大床房（記憶枕+智能家居）:HK$262', '麗致雙床房（記憶枕+智能家居）:HK$271', '雅緻城景大床房 （記憶枕+小冰箱+智能家居）:HK$288', '雅緻城景雙床房 （記憶枕+小冰箱+智能家居）:HK$297', '靜雅城景大床房 （記憶枕+小冰箱+智能家居）:HK$314']"
鉑頓國際公寓（佛山祖廟嶺南天地店）,8.9,"['商務大床房【安靜+廚房冰箱+陽台】:HK$221', '零壓大床房【望嶺南天地+舒眠寢具】:HK$239', '豪華雙床房【明亮大空間+廚房+陽台】:HK$267', '高級影院房【百寸巨幕+視頻會員+安靜環境】:HK$267']"
佛山德徠酒店,9.5,"['舒適大床房 【功夫茶具+膠囊Coffee機+智能馬桶】:HK$457', '豪華大床房 【膠囊Coffee機+180°城景浴缸+智能馬桶】:HK$568', '湖景豪華大床房 【180°璀璨湖景+膠囊Coffee機+席夢思甜夢床+智能衞浴】:HK$635', '湖景豪華雙床房 【180°璀璨湖景+膠囊Coffee機+席夢思甜夢床+智能衞浴】:HK$635', '雅緻大床房 【膠囊Coffee機+180°湖景浴缸+席夢思甜夢床】:HK$643', '雅緻影音大床房 【90寸巨幕影音+180°湖景浴缸+席夢思甜夢床】:HK$643']"
佛山順德香雲紗園林酒店,9.4,"['精緻大床房:HK$468', '精緻雙床房:HK$468', '雅緻客房:HK$511', '園景精緻大床房:HK$511', '園景精緻雙床房:HK$511']"
佛山南海名都大酒店,9.4,"['副樓-園景大床房:HK$265', '副樓-園景雙床房:HK$265', '高級大床房:HK$338', '高級雙床房:HK$338', '豪華商務單人房-【智能語音-智能馬桶-貴妃躺椅】:HK$380']"
桔子酒店（順德清暉園華蓋路店）,9.7,"['大床房:HK$321', '高級大床房:HK$352', '豪華大床房:HK$381', '商務大床房:HK$412', '高級雙床房:HK$412']"
維納斯皇家酒店（佛山魁奇路地鐵站創意產業園店）,9.4,"['影音大床房（沉浸式觀影+巨幕投屏+環繞立體音效）:HK$353', '豪華大床房（智能客控+高空璀璨城景+霧化玻璃+功夫茶具）:HK$394', '豪華雙床房（智能客控+高空璀璨城景+霧化玻璃）:HK$402', '行政大床房（高空璀璨城景+智能語音+65寸智能電視+功夫茶具）:HK$415', '行政雙床房（超大空間+智能語音+高空璀璨城景）:HK$422']"
至美·雲端酒店（佛山嶺南天地祖廟路萬科金融中心店）,9.3,"['驚喜房:HK$288', '雲端之魅.影院「智能客控-4k高清投影-環繞立體音效」:HK$325', '雲端之魅.茶事「小冰箱+慕斯床墊+雙層隔音」:HK$368', '雲端之魅.靜語「小冰箱+慕斯床墊+雙層隔音」:HK$368']"
美思閣酒店（佛山祖廟店）,9.4,"['優選大床房:HK$215', '高級大床房:HK$243', '高級雙床房:HK$257', '豪華大床房:HK$257']"
佛山保利洲際酒店,9.4,"['豪華房-雙床:HK$620', '豪華房-大床:HK$620', '舒適豪華房-大床:HK$727', '舒適豪華房-雙床:HK$727', '糖果飛屋豪華湖景大床房（樂高牆丨俏皮魚嘴）:HK$870', '糖果飛屋豪華湖景雙床房A（樂高牆丨俏皮魚嘴）:HK$870']"
佛山王府井紫薇港逸扉酒店,9.4,"['影音大床房【無窗+智能投屏+智能衞浴+小冰箱】:HK$510', '影音雙床房【無窗+智能投屏+智能衞浴+小冰箱】:HK$510', '高級大床房【智能投屏+私享Coffee機+冰箱+智能衞浴】:HK$544', '陽光榻榻米房【和風榻榻米+功夫茶具+冰箱+智能衞浴】:HK$591', '豪華大床房【私享Coffee機+智能客控+冰箱+網紅浴袍】:HK$591']"
百合壹庭酒店（佛山祖廟創意產業園店）,9.6,"['高級大床房（智能客控+智能馬桶）:HK$294', '城景大床房（城景+智能客控+智能馬桶）:HK$318', '臻選雙床房（冰箱+智能客控+智能馬桶）:HK$366', '臻選大床房（冰箱+智能客控+智能馬桶）:HK$366', '影音大床房（巨幕影院+智能客控+智能馬桶）:HK$399']"
佛山嶺南天地康得思酒店,9.0,"['高級雙床客房:HK$485', '高級大床客房:HK$485', '豪華大床客房:HK$551', '尊貴大床客房:HK$732', '行政高級大床客房:HK$916', '行政高級雙床客房:HK$916']"
萬瑞達M酒店（佛山祖廟創意產業園店）,9.5,"['高級大床房【智能客控+深睡眠床墊】:HK$306', '高級雙床房【智能客控+深睡眠床墊】:HK$307', '豪華大床房【深睡眠床墊+助眠記憶枕+全屋智能】:HK$329', '豪華雙床房【深睡眠床墊+助眠記憶枕+全屋智能】:HK$329', '影音大床房【4K高清巨幕投影+影視會員+助眠記憶枕】:HK$339']"
喜悦門酒店（佛山樂從傢俱城店）,9.4,"['零壓優選雙床房:HK$232', '零壓優選大床房:HK$235', '零壓高級雙床房（舒適床品）:HK$248', '零壓高級大床房（舒適床品）:HK$251', '零壓豪華大床房 （舒適床品+舒適沙發）:HK$262']"
佛山祖廟嶺南天地亞朵酒店,9.6,"['雅緻清氧大床房（深睡床品+空氣凈化器+投屏電視）:HK$502', '雅緻清氧雙床房（深睡床品+空氣凈化器+投屏電視）:HK$502', '高級大床房（深睡床墊、枕頭+裸棉床品+投屏電視）:HK$529', '行政大床房（深睡床墊、枕頭+裸棉床品+投屏電視）:HK$557', '高級家庭房（深睡床墊、枕頭+裸棉床品+投屏電視）:HK$557']"
佛山祖廟疊滘地鐵站亞朵酒店,9.7,"['高級大床房【深睡床墊、枕頭+裸棉床品+小冰箱】:HK$430', '高級城景大床房【深睡床墊、枕頭+裸棉床品+小冰箱】:HK$457', '行政大床房【深睡床墊、枕頭+裸棉床品+小冰箱】:HK$493', '行政雙床房 【深睡床墊、枕頭+裸棉床品+小冰箱】:HK$493', '尊享大床房【深睡全系列+全棉浴袍+投屏電視+小冰箱】:HK$538']"
雅朵酒店（佛山新都滙大瀝商業步行街店）,9.3,"['標準大床房【落地窗+4K解碼投影儀】:HK$195', '高級大床房:HK$208', '標準雙床房【全景落地窗】:HK$208', '城景大床房【全景落地窗+4K解碼投影儀】:HK$231']"
美豪麗致酒店（佛山南海千燈湖店）,9.6,"['麗致城景大床房:HK$327', '麗致城景雙床房:HK$327', '麗致庭院大床房:HK$349', '麗致庭院雙床房:HK$349', '靜雅浴缸套房:HK$582']"
ZMAX滿兮酒店（佛山樂從傢俱城店）,9.3,"['一張床L:HK$263', '一張床XL:HK$279', '兩張床XL:HK$287', '一張床XL影音:HK$303']"
佛山三水鉑頓元世紀酒店,9.5,"['雅緻大床房（陽台景觀+全景大玻璃窗+抗菌防蟎布草）:HK$320', '雅緻雙床房（陽台景觀+全景大玻璃窗+抗菌防蟎布草）:HK$330', '高級大床房（陽台景觀+全景大玻璃窗）:HK$343', '高級雙床房（陽台景觀+全景大玻璃窗+抗菌防蟎布草）:HK$349', '豪華大床房（智能客控+陽台景觀+全景大玻璃窗）:HK$363']"
美豪酒店（佛山桂城千燈湖店）,9.4,"['靜泊大床房「零壓床墊-錦緞床品-小冰箱」:HK$418', '趣時光影音大床房「巨幕觀影-環繞立體音效-空氣凈化器」:HK$427', '高級大床房「精緻迷你-錦緞床品-小冰箱」:HK$427', '豪華大床房「深度好眠床墊-錦緞床品-小冰箱」:HK$446', '豪華雙床房「行業TOP級床寬-錦緞床品-小冰箱」:HK$446']"
佛山金沙洲萬達金鉑天地佑約酒店,9.3,"['尊享大床房（全景落地窗+徠芬吹風機+小冰箱+電視投屏）:HK$312', '尊享雙床房（全景落地窗+徠芬吹風機+小冰箱+電視投屏）:HK$331', '設計師A款大床房（松型沙發+原木茶几+徠芬吹風機+小冰箱+電視投屏）:HK$335', '設計師B款大床房（庭院飄窗+徠芬吹風機+小冰箱+電視投屏）:HK$378']"
桔子酒店（佛山順德華僑城歡樂海岸PLUS店）,9.6,"['高級大床房:HK$318', '豪華大床房:HK$349', '高級雙床房:HK$408', '豪華雙床房:HK$448', '觀景大床房:HK$528']"
佛山高明浩楓温德姆酒店,9.4,"['高級雙床房（景觀丨高樓層丨寬敞）:HK$226', '高級大床房（智能開關丨智能馬桶丨Wi-Fi）:HK$226', '醒獅大床房（智能開關丨沙發丨智能馬桶丨嶺南醒獅元素）:HK$262', '醒獅雙床房（智能開關丨沙發丨智能馬桶丨嶺南醒獅元素）:HK$270', '醒獅商務房（智能開關丨沙發丨智能馬桶丨小客廳）:HK$314']"
漢庭酒店（佛山順德清暉園景區店）,9.6,"['大床房:HK$236', '高級大床房:HK$265', '景觀大床房:HK$296', '商務大床房:HK$325']"
集舍酒店（佛山嶺南天地祖廟地鐵站店）,8.5,"['集·靜謐榻榻米 | 安靜舒適+深度睡眠:HK$188', '集·秋葉榻榻米 | 浪漫情侶+靜謐温馨:HK$200', '集·日浴榻榻米房丨城央美景+精緻舒適:HK$218', '集·城景榻榻米 | 極簡設計+安全私密:HK$230']"
艾尚酒店（佛山順德樂從傢俱城店）,9.6,"['商務大床房:HK$255', '商務雙床房:HK$255', '精品雙床房:HK$322', '精品大床房:HK$328', '電影大床房:HK$345']"
希居花園酒店（廣東千古情西樵山店）,9.5,"['高空花園城景大床房（一線城景-全屋智能）:HK$375', '高空花園城景雙床房（一線城景-全屋智能）:HK$375', '180°雲端山景大床房（遠眺西樵觀音大佛-全景落地窗）:HK$409', '180°雲端山景雙床房（遠眺西樵觀音大佛-全景落地窗）:HK$444', '4K巨幕投影大床房（可投屏-百寸巨幕-沉浸觀影）:HK$524']"
照花台S酒店（佛山金沙洲萬達廣場店）,9.6,"['雅緻大床房:HK$311', '輕享大床房:HK$322', '輕享雙床房:HK$331', '輕奢大床房:HK$342']"
華德里舍郵政主題民宿（佛山順德清暉園店）,9.6,"['郵逸聽雨豪標大床房:HK$525', '郵漾茶語豪華大床房:HK$687', '郵哉景觀大床房（獨立小陽台）:HK$788', '郵哉愜意豪華大床房（榻榻米小茶語）:HK$796']"
佛山新凱廣場萬楓酒店,9.5,"['標準大床房:HK$423', '高級雙床房:HK$457', '高級大床房:HK$457', '豪華雙床房:HK$491', '豪華大床房:HK$491']"
佛山南海千燈湖桂城亞朵酒店,9.6,"['高級大床房:HK$367', '行政雙床房:HK$385', '行政大床房:HK$430', '幾木品茗大床房:HK$502', '幾木城景大床房:HK$575']"
菲奧拉國際酒店（佛山祖廟魁奇路地鐵站店）,9.1,"['特惠雅緻大床房（液晶大屏可投屏+智能客控）:HK$237', '豪華麗致大床房（液晶大屏可投屏+智能客控）:HK$249', '豪華麗致雙人房（液晶大屏可投屏+智能客控）:HK$262', '尊享茶藝大床房（液晶大屏可投屏+智能客控）:HK$320']"
譽尚國際公寓（保利天際千燈湖地鐵站店）,8.8,"['【舒適悠然】優選房（55吋小米電視機+城景+巖板桌）:HK$225', '【寬大沙發】雅尚大床房（55吋小米電視機+城景）:HK$247', '【雙鑰匙空間】尊尚雙床行政套房（沙發+55吋電視）:HK$483']"
美麗豪酒店（佛山順德錦龍地鐵站店）,9.6,"['舒適大床房（80寸投影+Mini Bar+全屋智能語音）:HK$340', '高級大床房（80寸投影+Mini Bar+全屋智能語音）:HK$368', '高級雙床房（80寸投影+Mini Bar+全屋智能語音）:HK$382', '豪華大床房（超大床+Mini Bar+100寸投影）:HK$409', '豪華雙床房（100寸投影+Mini Bar+全屋智能語音）:HK$423']"
佛山三龍灣希爾頓歡朋酒店,9.5,"['高級大床房:HK$436', '高級雙床房:HK$436', '豪華大床房:HK$488', '豪華雙床房:HK$488', '純凈舒適大床房:HK$489']"
佛山順德清暉園亞朵酒店,9.6,"['高級大床房:HK$502', '高級雙床房:HK$538', '行政影音大床房:HK$557', '行政大床房:HK$557', '行政影音雙床房:HK$592']"
佛山大瀝希爾頓歡朋酒店,9.5,"['舒適雙床房:HK$343', '舒適大床房:HK$365', '高級雙床房:HK$435', '高級大床房:HK$435', '荷里活房:HK$461']"
佛山御尚然酒店（裏水信和廣場店）,9.2,"['御·豪華商務大床房:HK$254', '御·豪華商務雙床房:HK$254', '御·雅緻商務雙床房:HK$258', '御·影院雅緻大床房:HK$258']"
美豪麗致酒店（順德漁人碼頭店）,9.5,"['麗致高級大床房:HK$250', '麗致豪華大床房:HK$272', '麗致豪華雙床房:HK$293', '麗致行政大床房:HK$293', '麗致行政雙床房:HK$326']"
佛山嵐山酒店（順德清暉園店）,8.8,"['特價單人房:HK$239', '標準大床房:HK$258', '精緻大床房:HK$277', '標準雙床房:HK$277', '精緻雙床房:HK$297']"
藍汐假日酒店（佛山華僑城歡樂海岸PLUS店）,9.1,"['城景豪華大床房:HK$364', '城景豪華雙床房:HK$364', '摩天輪景觀行政大床房:HK$451', '行政雙床房:HK$451', '摩天輪景觀親子家庭房:HK$535']"
順德大良智選假日酒店（清暉園店）,9.4,"['高級大床房:HK$337', '高級雙床房:HK$337', '高級大床房高樓層:HK$394', '高級雙床房高樓層:HK$394', '無障礙大床房:HK$422']"
希岸酒店（佛山南海萬達店）,9.6,"['希岸高級雙床房●小度智能聲控:HK$260', '希岸高級大床房●小度智能聲控:HK$271', '希岸豪華大床房●小度智能聲控:HK$304', '希岸豪華雙床房●小度智能聲控:HK$304']"
鉑頓國際公寓（佛山高明盈信廣場店）,9.5,"['優享雙床房:HK$214', '高級大床房｜智能客控｜城市景觀｜小冰箱:HK$230', '高級雙床房｜智能客控｜城市景觀｜小冰箱:HK$249', '高級影院房｜百寸投影含騰訊VIP｜城市景觀｜小冰箱:HK$265']"
