酒店名称,评分,房型价格列表
華庭雲棲酒店（來賓北站政和步行街店）,9.3,"['棲雅大床房（時尚輕奢+辦公座椅+助棉床墊）:HK$196', '棲雅雙床房（時尚輕奢+辦公座椅+助棉床墊）:HK$201', '棲慕舒適大床房（化粧鏡+舒適空間+一次性馬桶套）:HK$207', '棲慕舒適雙床房（化粧鏡+舒適空間+一次性馬桶套）:HK$216']"
宜尚酒店（來賓北站政和步行街店）,9.1,"['高級大床房（時尚輕雅+品質睡眠+解壓床墊）:HK$278', '豪華大床房（謐靜睡眠+動感夜景+深度好眠）:HK$288', '豪華雙床房（舒適安靜+採光優異+舒眠記憶枕）:HK$288', '智能豪華大床房（智能小樂+親膚床品+高層全景視野）:HK$305', '智能豪華雙床房（高層全景視野+暢享陽光+智能客控）:HK$305']"
城市便捷酒店（來賓北站政和步行街店）,9.4,"['標準大床房（高品質體驗）:HK$122', '標準雙床房（高品質體驗）:HK$128', '高級大床房:HK$148', '高級雙床房:HK$157']"
來賓裕達國際酒店（來賓市市政府店）,9.3,"['高級標間:HK$192', '高級單間:HK$192', '豪華大床房:HK$245', '豪華雙床房:HK$245', '園景雙間:HK$333']"
來賓玉龍國際酒店（來賓北站店）,8.9,"['商務大床房:HK$161', '商務雙床房:HK$180', '豪華大床房:HK$240', '豪華雙床房:HK$240']"
優範酒店（來賓政和步行街火車北站店）,9.4,"['範·高級影音大床房｜100寸巨幕+無線充電+智能客控:HK$209', '範·雅緻大床房｜智能客控+無線充電:HK$226', '範·輕奢大床房｜智能客控+零氧枕頭+助眠床墊:HK$247', '範·輕奢雙床房｜智能客控+超大空間+超棒採光:HK$260']"
來賓國投·悦途酒店,9.5,"['特惠雙床房:HK$161', '特惠大床房:HK$171', '高級雙床房:HK$318', '豪華雙床房:HK$332']"
雅斯特酒店（來賓北站迎賓廣場店）,9.4,"['雅緻雙床房:HK$207', '雅緻大床房:HK$218', '高級雙床房:HK$229', '高級大床房:HK$240']"
恆豐酒店（來賓市人民政府店）,9.3,"['智能舒享雙床房（智能客控）:HK$176', '智能標準雙床房（智能客控+採光優異）:HK$228', '智能温馨圓床房（智能客控+俯視城市美景）:HK$228', '智能標準大床房（智能客控+採光優異）:HK$256', '智能豪華雙床房（智能客控+寬敞客房空間）:HK$256']"
漢庭酒店（來賓市政府店）,9.8,"['大床房:HK$187', '高級大床房:HK$216', '雙床房:HK$216', '高級雙床房:HK$236']"
優悦酒店（來賓北站政和步行街店）,8.5,"['標準單間:HK$206', '標準雙間:HK$216', '藝術主題房:HK$227', '豪華大床房:HK$227']"
來賓賓館（迎賓廣場店）,8.6,"['商務雙人房:HK$132', '標準雙人房:HK$138', '標準大床房:HK$147', '精選大床房:HK$165']"
藍鯨電競酒店（來賓政和步行街店）,8.1,"['特價大床房（無電腦）:HK$120', '豪華單人電競房:HK$185', '豪華情侶電競房:HK$207', '豪華雙人電競房:HK$218']"
來賓豪勝酒店,8.0,"['特惠單間（無窗）:HK$108', '特價大床房:HK$129', '特價雙床間:HK$147', '商務大床房:HK$148']"
維也納酒店（來賓北站店）,9.5,"['標準大床房:HK$208', '高級大床房（舒適安心+城市夜景）:HK$227', '高級雙床房:HK$227', '豪華雙床房（舒適安心+採光通透）:HK$248']"
來賓飯店,9.0,"['豪華雙間:HK$270', '豪華單間:HK$279', '城景豪華標間:HK$329', '城景豪華單間:HK$329', '江景棋牌房:HK$349']"
來賓城市達人花園大酒店,8.6,"['特惠房:HK$185', '豪華大床房:HK$206', '豪華雙人房:HK$206', '雅緻大床房:HK$207']"
來賓格瑞酒店,8.3,"['標準單間:HK$119', '標準雙床間:HK$125', '豪華大床間:HK$125', '豪華雙床間:HK$139']"
來賓泰安國際酒店（興賓區華僑投資區店）,8.7,"['豪華雙人間:HK$211', '標準單人間:HK$211', '豪華單人間:HK$233', '觀景複式套房:HK$260']"
來賓尚立城市便捷酒店,8.7,"['舒享 I 温馨大床房:HK$110', '舒享 I 温馨雙床房:HK$114', '優享 I 陽光大床房:HK$122', '優享 I 陽光雙床房:HK$135']"
來賓興賓商務賓館,9.7,"['標準單人間:HK$104', '標準間:HK$104']"
來賓宏都賓館,8.5,"['標準雙人間:HK$84', '商務大床房:HK$84']"
來賓城市達人主題酒店,8.9,"['秀主題房:HK$97', '精品主題房:HK$97', '夢幻紅床主題房:HK$97', '酷主題房:HK$97']"
錦緣大酒店（來賓黨校招待所店）,8.9,"['豪華商務標間:HK$206', '商務大床房:HK$359']"
來賓艾樂時尚酒店,8.4,"['標準單人間:HK$86', '精品雙人間:HK$91', '浪漫大床房:HK$91', '豪華大床房:HK$110']"
來賓萬方商務賓館（來賓高鐵站店）,9.9,"['舒適大床房:HK$85', '商務大床房:HK$96', '商務雙床房:HK$102', '商務三人間:HK$131']"
555城市精品酒店（來賓政和路步行街店）,8.0,"['精品舒適大床房+舒適床墊安心睡+靜謐空間:HK$108', '精品舒適豪華房+舒適床墊安心睡+靜謐空間:HK$152', '精品舒適雙床房+舒適床墊安心睡+靜謐空間:HK$152', '精品舒適圓床房+舒適床墊安心睡+靜謐空間:HK$152']"
來賓明秀商務酒店,9.7,"['單人間:HK$96', '雙人間:HK$173']"
來賓融昌賓館（相思園東盟國際商業廣場店）,7.2,"['普通單間（無窗）:HK$54', '商務大床房:HK$72', '雙床房:HK$77', '豪華雙床房:HK$90']"
來賓逗號民宿,4.9,"['標準大床房:HK$96', '標準雙床房:HK$110', '麻將房:HK$133']"
柏曼酒店（來賓武宣店）,9.5,"['高級大床房（深睡記憶枕+零壓床墊+安靜）:HK$175', '豪華大床房（深睡記憶枕+零壓床墊）:HK$197', '高級雙床房（深睡記憶枕+零壓床墊）:HK$197', '豪華雙床房（深睡記憶枕+零壓床墊）:HK$204']"
雲朵智享酒店,9.2,"['輕奢·標準大床房（酒店公區提供自助洗衣機）:HK$151', '輕奢·豪華大床房（酒店公區提供自助洗衣機）:HK$162', '輕奢·豪華雙人房（酒店公區提供自助洗衣機）:HK$173', '智享·投影大床房（智能聲控+酒店公區提供自助洗衣機）:HK$173']"
象州古象温泉度假村,9.0,"['標準雙床房:HK$348', '標準大床房:HK$391', '半島兩房別墅:HK$1,091', '長灘兩房別墅:HK$1,200', '燒烤兩房別墅:HK$1,419']"
武宣裕達國際酒店,9.0,"['高級雙床房:HK$218', '高級大床房:HK$218', '豪華雙人房:HK$226', '豪華大床房:HK$235']"
城市便捷酒店（來賓忻城店）,9.4,"['標準大床房:HK$203', '標準雙床房:HK$203', '高級大床房:HK$224', '高級雙床房:HK$234']"
金秀瑤都大酒店,9.4,"['特惠大床房:HK$391', '精緻大床房:HK$435', '特惠雙床房:HK$435', '雅緻大床房:HK$457']"
維也納國際酒店（武宣城北路店）,9.6,"['標準大床房（愉夢之床+羽絨枕+無窗）:HK$178', '豪華雙床房（愉夢之床+羽絨枕+有窗）:HK$215', '豪華大床房（愉夢之床+羽絨枕+有窗）:HK$215', '棋牌雙床房（愉夢之床+羽絨枕+麻將桌+有窗）:HK$240']"
城市便捷酒店（金秀桐木店）,9.5,"['標準大床房:HK$155', '標準雙床房:HK$155', '高級大床房:HK$191', '高級雙床房:HK$191']"
城市便捷酒店（來賓金秀店）,9.4,"['標準大床房:HK$178', '標準雙床房:HK$186', '高級大床房:HK$186', '高級雙人房:HK$203']"
城市便捷酒店（象州中心城店）,9.2,"['特惠大床房:HK$189', '標準大床房:HK$238', '高級大床房:HK$265', '高級雙床房:HK$265']"
光熱城大酒店（水榭石都店）,9.8,"['智能江景特惠大床房:HK$208', '智能江景商務大床房:HK$233', '智能瑞景商務雙床房:HK$245', '智能瑞景豪華大床房:HK$327']"
忻城國際大酒店（來賓忻城土司衙署店）,9.6,"['逸享觀景雙床房（温馨悠閑+辦公座椅+落地等身鏡）:HK$188', '逸享觀景大床房（温馨悠閑+辦公座椅+落地等身鏡）:HK$200', '尊享輕奢舒睡雙床房（靜謐熟睡+乾濕分離+小冰箱）:HK$211', '尊享輕奢舒睡大床房（靜謐熟睡+乾濕分離+小冰箱）:HK$221', '滾來滾去躺平大床房（長腿爽睡+超大床型+休閑沙發）:HK$233']"
巴里島假日酒店（武宣大洋城店）,8.8,"['商務雙床房（便利書桌+1000M高速網絡）:HK$191', '舒適大床房（舒適體驗+酒店公區提供自助洗衣房）:HK$192', '舒適雙床房（1000M高速網絡+酒店公區提供自助洗衣機）:HK$192', '豪華雙床房（1000M高速網絡+酒店公區提供自助洗衣機）:HK$211']"
象州美麗灣温泉酒店,7.4,"['經典雙床房:HK$205', '經典家庭房:HK$260', '全智能麻將家庭房:HK$315', '全智能麻將雙床房:HK$315']"
城市便捷酒店（象州石龍鎮店）,9.5,"['標準大床房:HK$201', '高級大床房:HK$214', '豪華雙床房:HK$225', '高級雙床房:HK$230']"
棲湖酒店,9.7,"['逍遙·城湖雙景雙床房:HK$414', '悠然·園湖雙景雙床房:HK$414', '悠悠時光·園湖大床房（一覽園區美景）:HK$414', '悠閑時光•城湖大床房（欣賞湖光山色）:HK$414']"
金秀飯店,9.2,"['B棟-園景大床房:HK$294', 'B棟-園景雙人間:HK$316', 'A棟-經典大床房:HK$349', 'A棟-經典雙人間:HK$370', 'A棟-商務大床房:HK$545']"
星空電競酒店,9.6,"['電競大床房（騰訊特權+豪華外設+獨立顯卡）:HK$203', '電競雙床房（騰訊特權+豪華外設+乾濕分離）:HK$212']"
象州興富大酒店,8.5,"['特惠房:HK$107', '標準大床間:HK$129', '標準間:HK$140', '豪華大床間:HK$148']"
怡程酒店（來賓金秀水電大廈店）,9.1,"['特惠大床房（採光好）:HK$340', '標準大床房（寬敞、採光好）:HK$358', '標準雙床房（寬敞、安靜）:HK$358', '高級大床房（寬敞、安靜）:HK$440', '豪華大床房（帶麻將桌）:HK$532']"
