酒店名称,评分,房型价格列表
保山富盈逸林花園酒店（五洲國際廣場高鐵站店）,9.7,"['雲端行政大床房:HK$260', '精英行政雙床房:HK$260', '逸林商旅温馨雙床房丨高速WIFI:HK$272', '逸林商旅温馨大床房丨高速雙WiFi:HK$272', '康逸花園雙床房丨花園景觀丨頸椎護理枕:HK$282']"
玉景潭酒店（保山吾悦廣場高鐵站店）,9.5,"['高級大床房:HK$251', '高級雙床房:HK$251', '豪華大床房:HK$281', '豪華雙床房:HK$281', '豪華套房:HK$393']"
保山青華海官房花園酒店,9.6,"['西湖園雅緻大床房:HK$556', '西湖園雅緻雙床房:HK$556', '東湖園靜謐温泉浴缸雙床房:HK$649', '東湖園靜謐温泉浴缸大床房:HK$649', '西湖園雅緻套房:HK$819', '西湖園雅緻親子套房:HK$819']"
維也納酒店（保山永昌路三館廣場店）,9.6,"['臻禮大床房:HK$250', '臻禮雙床房:HK$250', '豪華大床房:HK$278', '豪華雙床房:HK$278']"
保山官房大酒店,9.5,"['豪華雙床房:HK$331', '豪華大床房:HK$353', '商務套房:HK$596', '豪華商務套房:HK$848', 'vip套房:HK$1,050']"
保山蘭都飯店,9.4,"['特惠標準間:HK$248', '商務標準間:HK$315', '商務大床房:HK$359', '行政標準間:HK$359', '親子單間:HK$359']"
保山金海堂酒店（隆陽區三館廣場店）,9.5,"['悦享雙床房:HK$159', '樂享大床房（全景賞東方日出）:HK$195', '尊享行政雙床房:HK$200', '尊享一室一廳大床房（桌遊+安靜）:HK$253']"
保山嘉悦蘭庭萬信至格酒店,9.5,"['悦享·輕奢大床房+智控+圍棋:HK$234', '悦享·多彩雙床房+智控+現代風格:HK$234', '禪悦·輕奢大床房+智控+自助茶室:HK$256', '禪悦·多彩雙床房+智控+自助茶室:HK$257', '悦享·親子房+智控:HK$303']"
中居·雅緻酒店（保山永昌路店）,9.7,"['高級大床房（65寸投屏電視+空氣凈化器+全智能客控）:HK$218', '精選大床房（65寸投屏電視+空氣凈化器+全智能客控）:HK$239', '高級雙床房（65寸投屏電視+空氣凈化器+全智能客控）:HK$260', '行政大床房（65寸投屏電視+空氣凈化器+全智能客控）:HK$260', '尊享大床房（65寸投屏電視+空氣凈化器+全智能客控）:HK$282']"
城市便捷酒店（保山永昌路店）,9.6,"['商務大床房（智能馬桶｜手機投屏｜記憶枕頭｜穗寶床墊）:HK$245', '高級大床房（智能馬桶｜手機投屏｜記憶枕頭｜穗寶床墊）:HK$266', '高級雙床房（智能馬桶｜手機投屏｜記憶枕頭｜穗寶床墊）:HK$275', '智能大床房（智能客控｜手機投屏｜記憶枕頭｜穗寶床墊）:HK$296']"
保山和平酒店,9.2,"['雅緻雙床房:HK$174', '標準大床房:HK$188', '豪華家庭房:HK$223', '尊享大床房:HK$272']"
保山青華海觀景酒店（青華大廈店）,9.3,"['城景大床房（大屏投影+語音聲控+電動窗簾+智能開關+小冰箱）:HK$204', '城景雙床房（大屏投影+語音聲控+電動窗簾+智能開關+小冰箱）:HK$204', '城景特惠房（語音聲控+電動窗簾+智能開關+小冰箱）:HK$206', '海景雙床房（大屏投影+語音聲控+電動窗簾+智能開關+小冰箱）:HK$232']"
保山東涵文化酒店（隆陽區三館廣場店）,9.7,"['影視大床房:HK$205', '商務雙床房:HK$249', '行政大床房:HK$249', '智能小度家庭房:HK$268', '豪華商務套房:HK$293']"
麗楓酒店（保山五洲國際廣場店）,9.6,"['雅緻大床房（55寸投屏電視+空氣凈化器+慕斯床墊）:HK$245', '豪華大床房（55寸投屏電視+空氣凈化器+慕斯床墊）:HK$286', '商務大床房（55寸投屏電視+空氣凈化器+慕斯床墊）:HK$311', '純凈自然雙床房（55寸投屏電視+空氣凈化器+慕斯床墊）:HK$311']"
保山青華海海景酒店,9.5,"['城景大床房（愜意煙火城景+定製靜眠床品+智能馬桶）:HK$333', '城景輕奢大床房（市井璀璨夜景+定製靜眠床品+智能馬桶）:HK$365', '城景輕奢雙床房（市井璀璨夜景+定製靜眠床品+智能馬桶）:HK$365', '海景輕奢大床房（倚窗搖椅觀海景落日+遙望非遺永子棋院+定製靜眠床品+智能馬桶）:HK$397']"
保山永昌大酒店,9.4,"['商務雙床房:HK$403', '小童主題標間:HK$436', '商務大床房:HK$441', '行政大床房:HK$578', '全景大床房:HK$578', '小童主題大床房:HK$578']"
勐赫酒店,9.1,"['公寓-夏日特價單間:HK$283', '公寓樓-單間:HK$436', '公寓樓-標間:HK$436', '公寓樓-套房:HK$501', '主樓-標間:HK$535']"
全季酒店（保山永昌大道店）,9.8,"['大床房（電視65寸投屏|金可兒床墊|智能客控）:HK$309', '高級大床房（電視65寸投屏|金可兒床墊|智能客控）:HK$337', '雙床房（電視65寸投屏|金可兒床墊|智能客控）:HK$337', '商務大床房（電視65寸投屏|金可兒床墊|智能客控）:HK$365']"
達昌商旅酒店（保山吾悦廣場高鐵站店）,9.6,"['商務大床房:HK$169', '高級大床房:HK$182', '精選雙床房:HK$193', '巨幕影院房:HK$193']"
維也納國際酒店（保山高鐵站吾悦廣場店）,9.7,"['標準雙床房:HK$239', '商務大床房:HK$268', '商務雙床房:HK$280', '豪華雙床房:HK$313', '豪華大床房:HK$313']"
漫暉酒店（保山主城區店）,9.1,"['簡約雙床房（乳膠床墊+手機投屏）:HK$162', '輕奢大床房（乳膠床墊+手機投屏+品牌洗護+浴缸）:HK$274', '輕奢雙床房（乳膠床墊+零壓枕頭+手機投屏+品牌洗護）:HK$281']"
保山佳湖酒店（五洲國際廣場店）,9.5,"['精緻雙人間:HK$176', '精緻大床房:HK$182', '雅緻大床房:HK$185', '悦享雙床房:HK$190']"
明和大酒店（保山九龍路店）,9.3,"['精品特價大床房:HK$217', '精品特價雙床房:HK$260', '舒適雙床房:HK$293', '舒適大床房:HK$293']"
樂晨酒店（保山辛街店）,9.6,"['樂享特惠房:HK$131', '悦享大床房:HK$152', '悦享雙床房:HK$152', '高級大床房:HK$185']"
保山天和假日酒店,9.1,"['高級大床房:HK$156', '浪漫大床房:HK$163', '雅緻大床房:HK$169', '豪華大床房:HK$176']"
逸嘉酒店（保山火車站店）,9.7,"['特價大床房:HK$155', '經濟大床房:HK$161', '舒適大床房:HK$173', '舒適雙床房:HK$173']"
悦辰酒店（保山高鐵站店）,9.7,"['舒適大床房:HK$178', '商務雙床房:HK$178', '悦享大床房:HK$203', '悦享雙床房:HK$203']"
如家商旅酒店（保山永昌路店）,9.7,"['大床房:HK$297', '雙床房:HK$297', '高級雙床房:HK$314', '高級大床房:HK$314']"
拾花一境海景酒店（保山青華海濕地公園店）,9.5,"['城景大床房（180°城景+智能馬桶）:HK$219', '城景雙床房（180°城景+智能馬桶）:HK$223', '湖景雙床房（180°湖景+山水田園風光）:HK$238', '湖景浴缸大床房（湖景+全景浴缸）:HK$251']"
壹丁咖啡莊園民宿,9.6,['壹丁莊園舒適雙床房:HK$391']
保山北晨·羽墨精品酒店（火車站店）,8.8,"['精緻大床房:HK$152', '精緻標準間:HK$152', '精選浴缸大床房:HK$175', '豪華夢景浴缸圓床房:HK$205']"
希爾貝酒店（保山高鐵站店）,9.4,"['精緻大床房（55寸投屏電視+養生枕+喜臨門床墊）:HK$211', '輕奢大床房（55寸投屏電視+養生枕+喜臨門床墊）:HK$224', '輕奢雙床房（55寸投屏電視+養生枕+喜臨門床墊）:HK$224', '家庭房（55寸投屏電視+養生枕+喜臨門床墊）:HK$260']"
希音咖啡酒店（保山高鐵站店）,9.0,"['蜂鳥·智能雙床房:HK$146', '浣熊·特惠智能大床房:HK$146', '橘貓·智能大床房:HK$171', '瑰夏·智能大床房:HK$195']"
保山沐藝民宿,10.0,"['雅緻大床房-公共衞浴:HK$91', '舒適大床房-公共衞浴:HK$91', '清新大床房-公共衞浴:HK$91', '温馨親子雙床房:HK$119']"
豪園軒酒店（保山高鐵站店）,9.6,"['浪漫温馨特惠房:HK$135', '情侶浪漫大床房:HK$147', '輕奢陽光大床房:HK$159', '豪華精品大床房:HK$172']"
如家睿柏·雲酒店（保山人民醫院店）,8.8,"['特惠大床房:HK$121', '商務大床房:HK$152', '商務雙床房:HK$152', '高級大床房:HK$160']"
保山景辰酒店,9.0,"['行政大床房:HK$187', '行政雙床房:HK$191', '高級大床房:HK$196', '高級雙床房:HK$201']"
眾鑫大酒店（板橋古鎮青龍街店）,9.4,"['特惠雙床房:HK$183', '標準雙床房:HK$208', '標準大床房:HK$211', '豪華雙人間:HK$219']"
保山尚格酒店（五洲國際廣場店）,9.8,"['迷你舒適大床房:HK$159', '壹層 | 特惠標間:HK$175', '精品大床房:HK$182', '精品雙床房:HK$182']"
雲上四季尚品酒店（保山板橋古鎮店）,9.4,"['雙床房:HK$164', '商務大床房:HK$173', '高級雙床房:HK$181', '高級大床房:HK$189']"
保山蘭都順天酒店,9.4,"['特惠標間:HK$140', '大床房:HK$195', '商務標間:HK$195', '家庭房:HK$250']"
比頓咖啡產業文化園民宿,9.1,"['營地房車:HK$442', '瑰夏:HK$442', '藍山:HK$442', '柯娜:HK$442']"
驛達酒店（保山高鐵站店）,8.6,"['特惠大床房:HK$107', '經濟雙床房:HK$107', '精品單間:HK$108', '豪華大床房:HK$120']"
新惠輕享文化酒店（保山九龍店）,8.7,"['優美大床房:HK$118', '特價雙床房:HK$129', '優雅大床房:HK$174', '輕雅大床房:HK$193']"
保山雅都商旅酒店,9.2,"['商務雙床房:HK$173', '商務大床房:HK$173', '浪漫情侶圓床房:HK$173', '豪華大床房:HK$173']"
琉璃風情民宿（保山高鐵站店）,8.6,"['簡約北歐大床房:HK$119', '時空隧道大床房:HK$119', '舒適大床房:HK$119', '舒適雙床房:HK$119']"
保山拉夫瑞酒店（青華海濕地公園店）,9.6,"['公衞觀景大床房:HK$97', '經濟大床舒適房:HK$117', '精緻觀景大床房:HK$128', '豪華舒適大床房:HK$138']"
乎殼咖啡莊園酒店,9.6,"['傣樓雙床房:HK$1,738', '傣樓沐歌大床房:HK$2,285', '傣樓沐歌雙床房:HK$2,285', '闊時懸崖套房:HK$3,927', '闊時懸崖豪華套房:HK$4,474']"
蒲縹瑞豐大酒店,8.8,"['温馨小屋:HK$79', '標準雙床房:HK$88', '大床房:HK$107', '三人間:HK$107']"
保山私密空間酒店式公寓,9.4,"['輕奢精緻大床房:HK$120', '靜謐舒睡大床房:HK$161', '宅家放鬆大床房:HK$182']"
