酒店名称,评分,房型价格列表
信陽花葉院子裏酒店（信陽火車站天潤廣場店）,9.4,"['設計師行政大床房（零壓床墊）:HK$150', '設計師行政雙床房（懸浮床+零壓床墊）:HK$150', '商旅零壓大床房（零壓床墊）:HK$173', '商旅零壓雙床房（零壓床墊）:HK$173', '舒沐泡泡·浴缸圓床房（零壓床品）:HK$205']"
美豪酒店（信陽火車站市政府店）,9.6,"['精緻大床房:HK$282', '精緻雙床房:HK$293', '城景大床房:HK$334', '城景雙床房:HK$361', '夢百合零重力大床房:HK$388']"
申城國際酒店（信陽新十八大街店）,9.1,"['雅緻大床房:HK$186', '雅緻雙床房:HK$192', '標準影音大床房:HK$212', '情侶電動影音大床房:HK$257']"
世紀星酒店（信陽火車站天潤廣場店）,9.7,"['茶藝大床房（65寸投屏電視+全屋聲控冰箱茶台+智能馬桶）:HK$250', '零壓雙床房（65寸投屏巨幕電視+全屋聲控+智能馬桶）:HK$262', '商務大床房（65寸投屏巨幕電視+全屋聲控+智能馬桶）:HK$272', '零壓大床房（65寸投屏巨幕電視+全屋聲控+智能馬桶）:HK$272', '一大一小雙床房（零壓床品+全屋聲控+65寸投屏巨幕電視）:HK$283']"
五月精品酒店（信陽東站恆大廣場店）,9.2,"['特惠大床房:HK$141', '特惠雙床房:HK$141', '豪景雙床房:HK$152', '豪景大床房:HK$152']"
信陽聖德國際酒店,9.6,"['標準雙床房:HK$246', '標準大床房:HK$257', '豪華大床房:HK$354', '豪華雙床房:HK$354', '家庭房:HK$505']"
悦居酒店（信陽高鐵東站大信廣場店）,9.4,"['仕居精緻雙床房:HK$172', '仕居影視房（高清巨幕+VIP海量片源）:HK$182', '全景·悦享舒適大床房:HK$226', '全景·悦享舒適雙床房:HK$235']"
信陽毛尖酒店（萬達廣場市政府店）,9.5,"['飄香雙床房（無窗）全屋智能+手機投屏+舒達床墊:HK$283', '入香大床房（無窗）全屋智能+手機投屏+舒達床墊:HK$283', '飄香雙床房:HK$292', '入香大床房全屋智能+手機投屏+舒達床墊:HK$292', '含香行政大床房+全屋智能+手機投屏+舒達床墊:HK$329']"
金色水岸民宿酒店,9.3,"['影音大床房:HK$188', '影音雙床房:HK$188', '臻享麻將雙床房:HK$214', '臻享親子家庭房:HK$239']"
錦江都城酒店（信陽火車站新中心醫院店）,9.6,"['精緻大床房（智能客控+冰箱+55寸可投屏電視）:HK$237', '時尚大床房（智能客控+冰箱+55寸可投屏電視）:HK$250', '時尚雙床房（智能客控+冰箱+55寸可投屏電視）:HK$263', '風雅大床房（智能客控+冰箱+55寸可投屏電視）:HK$283']"
信陽東站大信廣場亞朵酒店,9.6,"['高級大床房（智能客控+手機投屏）:HK$332', '高級雙床房（智能客控+手機投屏）:HK$332', '行政大床房（智能客控+手機投屏）:HK$368', '幾木雙床房（智能客控+Minibar+PRO深睡枕）:HK$368', '幾木大床房（智能客控+Minibar+PRO深睡枕）:HK$403']"
花葉酒店（羊山新區火車站店）,9.5,"['花語浪漫榻榻米大床房（歡迎果盤 +洗衣擦鞋服務）:HK$137', '商務歡朋雙床房（歡迎果盤 +洗衣擦鞋服務）:HK$149', '滾來滾去大床房（歡迎果盤 +洗衣擦鞋服務）:HK$160', '精英商務歡朋雙大床房（歡迎果盤 +洗衣擦鞋服務）:HK$185']"
蘭庭居酒店（信陽火車站店）,9.5,"['特價大床房（客控+75寸電視+凈水機+凈化器冰箱）:HK$141', '智享大床房（75寸電視+凈水機+凈化器+冰箱+客控）:HK$153', '雅智雙床房（75寸電視+凈水機+凈化器+冰箱+客控）:HK$163', '雅智大床房（75寸電視+凈水機+凈化器+冰箱+客控）:HK$163']"
星程酒店（信陽南灣湖師範大學店）,9.7,"['大床房:HK$185', '雙床房:HK$234', '景觀大床房:HK$244', '豪華套房:HK$302']"
陌上輕居酒店（信陽火車站天潤廣場店）,9.5,"['靜逸大床房（全智能客控+50寸可投屏電視）:HK$213', '雅緻雙床房（全智能客控+50寸可投屏電視）:HK$216', '頌語歡聚機麻棋牌套房:HK$232', '雅緻大床房（全智能客控+加濕器+50寸可投屏電視）:HK$236']"
全季酒店（信陽火車站天潤廣場店）,9.8,"['高級大床房:HK$262', '高級雙床房:HK$262', '舒壓-高級大床房:HK$272', '商務大床房:HK$272']"
仟那美宿酒店（信陽火車站溮河區店）,9.6,"['仕居精緻雙床房（零壓記憶枕+智能音控+安然入睡）:HK$220', '仕居精緻大床房（零壓記憶枕+智能音控+安然入睡）:HK$220', '竹溪精品雙床房（城市山景+智能客控+65寸可投屏電視）:HK$246', '竹溪精品大床房（城市山景+智能客控+65寸可投屏電視）:HK$246']"
柏頓酒店（信陽高鐵東站店）,9.5,"['城景·影音大床房:HK$164', '城景·標準雙床房:HK$176', '180°全景·輕奢影音大床房（高清巨幕）:HK$187', '180°全景·輕奢影音浴缸大床房（高清巨幕）:HK$228']"
白玉蘭酒店（信陽東站店）,9.5,"['靜逸大床房:HK$197', '靜逸雙床房:HK$206', '輕雅大床房:HK$223', '輕雅雙床房:HK$233']"
信陽毛尖假日酒店（南灣湖店）,9.6,"['毛尖輕奢大床房:HK$311', '毛尖輕奢雙床房:HK$311', '毛尖輕奢家庭房:HK$329', '毛尖輕奢雙床房（麻將房）:HK$365', '毛尖輕奢套房:HK$554']"
花間宿酒店（信陽火車站天潤廣場店）,9.5,"['兩步親到你榻榻米大床房:HK$210', '花前月下靜音大床房（55寸智能投屏電視）:HK$210', '歡天喜地靜音雙床房（55寸智能投屏電視）:HK$210', '國色天香智能大床房（智能客控+智能馬桶）:HK$241']"
信陽蘭酒店（市政府羊山外國語小學店）,9.4,"['温馨大床房（獨立冰箱）:HK$198', '温馨雙床房（獨立冰箱）:HK$198', '靜逸大床房（自助洗衣房+獨立冰箱）:HK$216', '靜逸雙床房（自助洗衣房+獨立冰箱）:HK$216']"
信陽聖達酒店（火車站店）,9.5,"['豪華大床房（零壓舒睡床墊+智能語音）:HK$278', '豪華雙床房（零壓舒睡床墊+智能語音）:HK$278', '影音大床房（零壓舒睡床墊+投影+智能語音）:HK$318', '商務大床房（零壓舒睡床墊+智能語音控制）:HK$318', '親子套房（零壓舒睡床墊+智能語音+小童遊樂區）:HK$403']"
豫港賓館（信陽火車站店）,8.6,"['豫選丨精緻雙床房:HK$110', '豫選丨尊享大床房:HK$142', '豫選丨尊享雙床房:HK$142', '豫悦丨商務三人間:HK$190']"
鐵路商務賓館（信陽火車站店）,9.2,"['清新舒睡雙床房:HK$158', '清新舒睡大床房:HK$158', '悠享好夢雙床房:HK$173', '悠享好夢大床房:HK$173']"
麗申光明酒店（信陽東站國際商城店）,9.5,"['特價商務大床房:HK$173', '特價雙床房:HK$185', '温馨舒適大床房:HK$202', '温馨舒適雙床房:HK$202']"
家園精品酒店（信陽高鐵東站大信廣場店）,9.5,"['大床房A（酒店提供洗衣房）:HK$136', '雙床房A（酒店提供洗衣房）:HK$174', '高級雙床房（酒店提供洗衣房）:HK$188', '高級大床房（酒店提供洗衣房）:HK$188']"
駿怡連鎖酒店（信陽火車站店）,9.3,"['優品大床房:HK$139', '優品雙床房:HK$147', '零壓商務大床房:HK$147', '豪華大床房:HK$155']"
麗楓酒店（信陽市政府火車站店）,9.1,"['豪華雙床房（慕思床墊+安心睡眠）:HK$188', '景觀大床房（慕思床墊+安心睡眠）:HK$199', '豪華大床房（慕思床墊+安心睡眠）:HK$221', '躺平治癒大床房（慕斯床墊+安心睡眠）:HK$241']"
信陽鉑曼酒店（天潤廣場火車站店）,9.5,"['城景·豪華大床房（全智能客控+慕思床墊+TOTO潔具）:HK$261', '城景·豪華雙床房（全智能客控+慕思床墊+TOTO潔具）:HK$261', '城景·鉑金雙床房（全智能客控+慕思床墊+TOTO潔具）:HK$295', '城景·鉑金大床房（全智能客控+慕思床墊+TOTO潔具）:HK$358']"
錦程酒店（信陽北立交橋店）,9.2,"['大床房:HK$148', '高級大床房:HK$157', '高級雙床房:HK$165', '豪華套房:HK$227']"
漢庭酒店（信陽西亞麗寶廣場店）,10.0,"['大床房:HK$187', '高級雙床房:HK$205', '高級大床房:HK$205', '商務大床房:HK$215']"
信陽名人藝術酒店,9.1,"['舒適大床房:HK$137', '豪華景觀雙床房[提供自助洗衣服務]:HK$142', '浪漫地中海水床房:HK$142', '極光影音大床房:HK$142']"
你好酒店（信陽火車站新中心醫院店）,9.6,"['大床房:HK$198', '雙床房:HK$207', '高級大床房:HK$218', '高級雙床房:HK$227']"
星程酒店（信陽火車站天潤廣場店）,9.5,"['高級大床房:HK$179', '高級雙床房:HK$179', '商務大床房:HK$189', '舒壓-高級大床房:HK$198']"
WE電競觀影酒店（信陽火車站店）,9.2,"['影音大床房（堅果投影儀+騰訊視頻VIP+獨立5GWiFi+酒店提供洗衣房）:HK$189', '影音標準間（雙床）（堅果投影儀+騰訊視頻VIP+獨立5GWiFi+酒店提供洗衣房）:HK$189', '雙人電競影音大床房[RXT3080顯卡+12400F+獨立5GWiFi]+（堅果投影儀+騰訊視頻VIP＋冰箱+酒店提供洗衣房）:HK$284', '雙人電競影音標準間（雙床）[RXT3080顯卡-12400F+獨立5GWiFi]+（堅果投影儀+騰訊視頻VIP＋冰箱+酒店提供洗衣房）:HK$303']"
柏悦酒店（信陽西亞麗寶萬象城店）,9.5,"['特惠大床房（斯林百蘭品牌床墊）:HK$186', '全景·宜品大床房（斯林百蘭床墊）:HK$206', '全景·宜品雙床房（斯林百蘭品牌床墊）:HK$216', '宜悦大床房（斯林百蘭品牌床墊）:HK$225']"
浠岸Deluxe酒店（信陽萬達店）,9.5,"['Deluxe玲瓏大床房（零壓舒睡床墊）:HK$283', 'Deluxe高級大床房（零壓舒睡床墊）:HK$320', 'Deluxe豪華大床房（零壓舒睡床墊）:HK$372', 'Deluxe豪華雙床房（零壓舒睡床墊）:HK$372']"
非凡·北冰洋大酒店,8.8,"['靜謐大床房:HK$156', '愜意雙床房:HK$164', '豪華大床房:HK$187', '豪華套房:HK$219']"
信陽温德姆酒店,9.5,"['高級雙床房:HK$405', '高級大床房:HK$435', '豪華雙床房:HK$470', '豪華大床房:HK$503', '行政雙床房:HK$536', '行政大床房:HK$569']"
季楓酒店（信陽東站店）,9.5,"['雅緻大床房（智能客控+65寸投屏電視+零壓床墊）:HK$246', '行政大床房（智能客控+65寸投屏電視+零壓床墊）:HK$271', '行政雙床房（智能客控+65寸投屏電視+零壓床墊）:HK$271', '豪華大床房:HK$311']"
漢庭酒店（信陽火車站店）,9.6,"['高級大床房:HK$168', '雙床房:HK$177', '豪華大床房:HK$177', '豪華雙床房:HK$187']"
信陽南灣湖山茶花酒店,9.3,"['雅緻大床房:HK$391', '雅緻雙床房:HK$468', '豪雅雙床房:HK$534', '影視大床房:HK$654', '親子房:HK$796']"
飛鳥電競酒店（信陽火車站店）,9.4,"['觀影大床房（騰訊會員+瓶裝水）:HK$104', '舒適觀影大床房（騰訊會員+瓶裝水）:HK$118', '單人電競觀影大床房（專屬加速器+騰訊會員+瓶裝水）:HK$141', '雙人電競觀影大床房（專屬加速器+騰訊會員+瓶裝水）:HK$172']"
藝龍瑞雲酒店（信陽申泰商貿城店）,9.6,"['智享大床房（小度語音·全屋智能客控）:HK$190', '智享雙床房（小度語音·全屋智能客控）:HK$190', '雅享大床房（小度語音·全屋智能客控）:HK$211', '雅享雙床房（小度語音·全屋智能客控）:HK$211']"
雲智酒店（信陽高鐵東站店）,9.5,"['特惠大床房:HK$169', '優享大床房:HK$203', '尊享智能大床房:HK$254', '尊享雙床房:HK$254']"
歡禧酒店（信陽高鐵站店）,9.1,"['豪華大床房:HK$185', '豪華雙床房:HK$197', '商務觀景大床房:HK$221', '豪華三人間:HK$266']"
城小蝸電競酒店（信陽高鐵站店）,10.0,"['高級智能電競大床房:HK$156', '豪華智能電競大床房:HK$169', '豪華智能電競雙床房:HK$182']"
信陽維爾納酒店（信陽平橋世紀廣場店）,9.4,"['雅緻大床房（巨幕投影+記憶床墊+智能客控）:HK$195', '商務雙床房（巨幕投影+記憶床墊+智能客控）:HK$218', '商務大床房（巨幕投影+記憶床墊+智能客控）:HK$240', '景觀雙床房（巨幕投影+記憶床墊+智能客控）:HK$249', '家庭親子房（巨幕投影+記憶床墊+智能客控+小童洗護）:HK$282']"
信陽橙子精品酒店（和美廣場店）,9.7,"['豪華大床房（品牌床墊+小米空氣凈化器）:HK$255', '豪華雙床房（品牌床墊+小米空氣凈化器）:HK$267', '商務大床房（品牌床墊+小米空氣凈化器）:HK$340', '商務雙床房（品牌床墊+小米空氣凈化器）:HK$340']"
