酒店名称,评分,房型价格列表
克拉瑪依世紀大道錦江都城酒店,9.4,"['精緻大床房:HK$600', '精緻雙床房:HK$622', '都會雙床房:HK$666', '風雅大床房:HK$666', '風雅雙床房:HK$733']"
克拉瑪依亞朵酒店,9.6,"['高級大床房（深睡R90+全屋智能）:HK$762', '行政大床房（深睡R90+全屋智能）:HK$852', '幾木大床房（全屋智能+迷你小冰箱）:HK$923', '行政雙床房（深睡R90+全屋智能）:HK$953', '幾木雙床房（全屋智能+迷你小冰箱）:HK$1,094']"
和頤酒店（克拉瑪依石油總部店）,9.6,"['大床房（優質床品+圓茶几+舒適躺椅）:HK$371', '商務大床房（休閑辦公區域+圓茶几+超大窗）:HK$397', '雙床房（優質床品+小冰箱+休閑辦公區域）:HK$397', '高級大床房（安靜睡眠+優質床品+休閑辦公區+體脂秤）:HK$422', '高級雙床房（優質床品+小冰箱+舒適躺椅+休閑辦公區）:HK$422']"
天山行大酒店（克拉瑪依獨山子區獨庫公路店）,9.1,"['高級零壓大床房:HK$381', '高級零壓雙床房:HK$399', '温馨家庭房:HK$762', '零壓親子套房:HK$780']"
麗怡酒店（克拉瑪依一號井店）,9.4,"['豪華大床房:HK$613', '商務雙床房:HK$729', '行政大床房:HK$761', '親子家庭房:HK$778', '悉空間·會晤套房:HK$1,033']"
怡蘭花園酒店（南湖美食街店）,9.4,"['精緻-簡約舒適大床房（輕奢洗護+品牌床墊）:HK$487', '優質-現代輕奢大床房（高端洗護+品質傢俱）:HK$556', '高端-城市花園雙床房（高端洗護+智能恆温馬桶）:HK$600', '無煙-現代藝術親子房（巨幕觀影+加濕器）:HK$831']"
獨山子冰峯溫泉假日酒店,9.3,"['雪嶺雲悠·碧空雙床房:HK$481', '清碧雅韻·碧空大床房:HK$481', '一攬星河·露台雙床房（雪山草原景觀）:HK$582', '一攬星河·露台大床房（雪山草原風景）:HK$582', '清風雅緻·碧空三床房:HK$582']"
獨山子西戈瑪國際酒店,9.5,"['温馨大床房:HK$662', '豪華大床房:HK$796', '豪華雙床房:HK$829', '行政大床房:HK$862', '行政雙床房:HK$916']"
格林東方酒店（克拉瑪依獨山子區城投大廈店）,9.1,"['商務大床房:HK$534', '商務雙床房:HK$548', '東方大床房:HK$562', '東方雙床房:HK$571']"
克拉瑪依博達酒店,9.4,"['普通雙床房:HK$778', '普通大床房:HK$816', '豪華雙床房:HK$903', '豪華大床房:HK$939', '行政雙床房:HK$1,026']"
獨庫四季酒店（明珠夜市店）,9.4,"['特惠雙床房:HK$454', '輕奢大床房:HK$473', '輕奢雙床房:HK$510', '雅奢雙床房:HK$575']"
艾扉酒店（克拉瑪依區政府店）,9.0,"['雙床房:HK$467', '商務大床房:HK$467', '高級雙床房:HK$517', '高級大床房:HK$517', '家庭房:HK$751']"
和頤至格酒店（克拉瑪依市政府店）,9.2,"['商務大床房:HK$510', '雙床房:HK$519', '高級雙床房:HK$566', '高級大床房:HK$584', '家庭房:HK$724']"
如家商旅酒店（克拉瑪依友誼路店）,9.4,"['商務大床房（徠芬高速吹風機+智能客控+高清投屏）:HK$473', '高級大床房（徠芬高速吹風機+智能客控+高清投屏）:HK$483', '套房（徠芬高速吹風機+智能客控+高清投屏）:HK$493', '雙床房:HK$511']"
克拉瑪依獨山子慧洋萬達錦華酒店,9.3,"['高級大床房（MinBar+Acca Kappa 洗漱用品 ）:HK$764', '高級雙床房（MinBar+Acca Kappa 洗漱用品 ）:HK$764', '豪華大床房（MinBar+Acca Kappa 洗漱用品 ）:HK$873', '豪華雙床房（MinBar+Acca Kappa 洗漱用品 ）:HK$873', '行政大床房（MinBar+Acca Kappa 洗漱用品 ）:HK$982']"
克拉瑪依新興酒店,9.4,"['商務雙床房:HK$628', '商務大床房:HK$639', '豪華雙床房（舒睡零壓房）:HK$667', '豪華大床房（舒睡零壓房）:HK$680', '童趣親子套房:HK$929']"
克拉瑪依景徽大酒店（居然之家店）,9.5,"['智能豪華大床房:HK$556', '智能豪華雙床房:HK$589', '智能行政雙床房:HK$589', '智能豪華三人間（全屋客控/會客廳/小冰箱）:HK$829', '智能豪華家庭房（全屋客控/零壓床墊/小冰箱）:HK$862']"
麗楓酒店（克拉瑪依市政府一號井店）,9.5,"['豪華大床房:HK$543', '商務雙床房:HK$598', '行政大床房:HK$666', '純凈自然雙床房:HK$683']"
獨山子麗呈明宇酒店（時代廣場店）,9.2,"['麗雅•優眠雙床房（舒睡床墊+全屋智能+暮光洗護）:HK$687', '麗雅•優眠大床房（舒睡床墊+全屋智能+暮光洗護）:HK$687', '呈尊•夢百合大床房（夢百合0壓床墊+全屋智能+暮光洗護）:HK$714', '呈尊•夢百合雙床房（夢百合0壓床墊+全屋智能+暮光洗護）:HK$714']"
獨山子瑪依塔柯酒店,9.4,"['豪華標間+柔軟親膚布草:HK$786', '豪華單間+柔軟親膚布草:HK$786', '四樓精品標間:HK$786', '四樓主題單間:HK$786', '親子間+卡通主題+柔軟親膚布草:HK$1,125', '瘋狂動物城親子房:HK$1,173']"
克拉瑪依恆隆國際酒店（石油大廈店）,9.2,"['普通標間:HK$372', '商務標間:HK$445', '豪華標準間:HK$490', '豪華大床房:HK$499']"
維也納酒店（克拉瑪依泰富廣場店）,9.4,"['標準大床房:HK$447', '標準雙床房:HK$456', '豪華大床房:HK$473', '大床房:HK$473']"
克拉瑪依烏爾禾和一麗呈華廷酒店,8.8,"['高級園景雙床房:HK$892', '豪華湖景大床房:HK$985', '豪華湖景雙床房:HK$985', '兩居園景別墅:HK$1,961', '兩居湖畔別墅:HK$2,596', '三居家庭別墅:HK$3,147']"
漢庭酒店（克拉瑪依滙嘉濱河廣場店）,9.6,"['大床房:HK$363', '雙床房:HK$419', '高級大床房:HK$437', '高級雙床房:HK$474']"
獨庫天籟國際酒店,9.1,"['別墅尊享大床房（智能馬桶+怡神床墊+舒適睡眠）:HK$764', '別墅山景大床房（山景+智能馬桶）:HK$791', '別墅尊享雙床房（電動窗簾+智能馬桶+怡神床墊）:HK$873', '別墅至尊雙床房:HK$949', '別墅悦享家庭房（智能馬桶+小童床+電動窗簾）:HK$1,003']"
克拉瑪依烏爾禾海棠酒店,8.9,"['豪華標間:HK$615', '商務大床房:HK$676', '豪華大床房:HK$773', '豪華套房:HK$930']"
克拉瑪依正天華廈大酒店,9.2,"['特惠標準間:HK$316', '行政標間:HK$468', '行政大床房:HK$468', '親子套房:HK$1,399']"
格林豪泰酒店（克拉瑪依獨山子獨庫公路博物館店）,8.9,"['特色雙人間:HK$439', '輕奢三人間:HK$774', '景觀三人間:HK$803']"
頓森主題酒店（克拉瑪依居然之家店）,9.5,"['浪漫大床房（零壓慕思床墊+乾濕分離）:HK$398', '雅緻雙床房（零壓慕思床墊+乾濕分離）:HK$398', '森野雙床房（零壓慕思床墊+液晶投屏）:HK$398', '靜悦大床房（零壓慕思床墊+安睡舒眠枕+液晶投屏）:HK$398']"
全季酒店（克拉瑪依百瑞廣場店）,9.1,"['大床房:HK$521', '雙床房:HK$558', '高級大床房:HK$558', '舒壓-高級大床房:HK$578']"
克拉瑪依雪蓮賓館,9.5,"['貴賓樓·豪華標準間:HK$634', '迎賓樓·豪華雙床房:HK$635', '貴賓樓·豪華單間:HK$640', '迎賓樓·觀景大床房:HK$640']"
喆啡酒店（克拉瑪依石油大廈店）,9.0,"['啡凡體驗房:HK$321', '啡凡影視大床房:HK$355', '醇享高級大床房:HK$372', '啡凡大床房:HK$406']"
克拉瑪依鉑雅酒店,9.1,"['特惠大床房:HK$305', '特惠標準間:HK$305', '商務大床房:HK$435', '商務雙床房:HK$435']"
如家酒店·neo（克拉瑪依友誼路店）,9.3,"['大床房（酒店公區提供洗衣房+舒適睡眠）:HK$352', '雙床房（酒店公區提供洗衣房+舒適睡眠）:HK$362', '商務大床房（酒店公區提供洗衣房+舒適睡眠）:HK$380', '商務大床房A（酒店公區提供洗衣房+舒適睡眠）:HK$390']"
獨山子賓館,8.6,"['標準大床房:HK$345', '標準雙床房:HK$345', '家庭親子房:HK$385', '標準三人間:HK$411']"
獨山子十區洗浴桑拿中心民宿,10.0,"['標準間:HK$241', '家庭房:HK$296']"
雅特斯蘭灣酒店（克拉瑪依店）,9.1,"['雅緻大床房:HK$384', '豪華雙床房:HK$438', '豪華大床房:HK$482', '豪華情侶房:HK$511']"
獨山子西遊印象酒店,9.3,"['經濟雙床房:HK$524', '一米陽光大床房:HK$524', '優享【暮雲陽光大床房】:HK$589', '優享【暮雲陽光雙床房】:HK$589']"
鴻錦酒店（獨庫公路店）,9.1,"['舒適大床房:HK$241', '舒適標準間（特價無窗）:HK$314', '優選標準間（酒店公區洗衣房）:HK$333', '鴻福·豪華大床房:HK$370']"
烏爾禾區禾漫霆大酒店,9.2,"['特惠雅緻雙床房:HK$220', '標準雙床房:HK$466', '豪華雙床房:HK$539', '豪華大床房:HK$572']"
克拉瑪依龍華大酒店,8.7,"['情侶主題房:HK$278', '商務標間:HK$343', '內景標間:HK$372', '商務大床間:HK$436']"
克拉瑪依君悦百合主題酒店,9.2,"['普通單間:HK$339', '普通標間:HK$339', '商務單間:HK$414', '商務標間:HK$414', '套房:HK$650']"
尚客優酒店（克拉瑪依烏爾禾店）,9.0,"['高級大床房:HK$256', '休閑家庭房:HK$313', '標準雙床房:HK$324', '特惠雙床房:HK$330']"
龍谷精品酒店（克拉瑪依烏爾禾店）,8.9,"['標準雙床房:HK$451', '標準大床房:HK$484', '豪華雙床房:HK$580', '行政三人間:HK$694']"
億森酒店（克拉瑪依新絲路廣場店）,8.7,"['特惠大床房:HK$538', '智能高級大床房:HK$538', '智能高級雙床房:HK$538', '智能雙床房:HK$538']"
克拉瑪依錦德酒店（教育局六中店）,8.9,"['無煙標準間:HK$279', '無煙大床房:HK$279', '特價雙床房:HK$385', '行政標準間:HK$449']"
克拉瑪依早安晚安客棧,9.0,"['無窗大床房:HK$172', '情懷上下鋪房:HK$176', '特惠標準間:HK$204', '商務標準間:HK$214']"
獨山子龍緣酒店（東湖公園店）,9.3,"['豪華大床房:HK$474', '商務雙床房:HK$517']"
克拉瑪依紅十月精品酒店,8.7,"['特惠雙床房:HK$166', '標準大床房:HK$190', '豪華商務大床房:HK$191', '精品雙床房:HK$214']"
克拉瑪依餵你好酒店,9.1,"['特價雙床房:HK$283', '商務大床房:HK$297', '精品雙床房:HK$311', '豪華三人間:HK$332']"
