酒店名称,评分,房型价格列表
孜圖酒店（南京夫子廟景區店）,9.3,"['歸一大床房（零壓床墊+智能投屏）:HK$429', '一休大床房（零壓床墊+智能投屏）:HK$474', '二舍大床房（零壓床墊+智能投屏）:HK$484', '三生大床房（零壓床墊+智能投屏）:HK$547', '四季雙床房（零壓床墊+智能投屏）:HK$547']"
文驛·晉酒店（南京鼓樓廣場雞鳴寺店）,9.6,"['雅居·休閑大床房（智能客控+新風系統+健脊優眠床墊）:HK$325', '雅軒·舒適大床房（智能客控+新風系統+健脊優眠床墊）:HK$506', '麗居•高級雙床房（智能客控+新風系統+健脊優眠床墊）:HK$544', '麗居·高級大床房（智能客控+新風系統+健脊優眠床墊）:HK$597', '麗軒•景觀大床房（智能客控+新風系統+健脊優眠床墊）:HK$631']"
曙光薇酒店（南京夫子廟老門東店）,9.6,"['氧吧安睡大床房:HK$400', '高級大床房:HK$446', '高級雙床房:HK$510', '豪華大床房:HK$531', '豪華雙床房:HK$607']"
南京富悅國際酒店（祿口機場店）,9.4,"['高級大床房:HK$424', '高級雙床房:HK$424', '豪華大床房:HK$448', '豪華雙床房:HK$456', '尊享大床房:HK$489', '尊享雙床房:HK$489']"
南京金帆萬源酒店（新街口上海路店）,9.5,"['輔樓臻享大床房:HK$326', '高級大床房:HK$359', '商務大床房:HK$359', '高級陽光大床房:HK$391', '高級陽光雙床房:HK$391']"
建國·璞隱酒店（南京夫子廟步行街店）,9.5,"['詠蘭居大床房A『新中式風格+智能投屏』:HK$404', '凌霜居雙床房[新中式風格+投屏電視]:HK$404', '詠蘭居大床房『新中式風格+智能投屏+小冰箱』:HK$422', '幽篁居雙床房『新中式風格+智能投屏+小冰箱』:HK$449', '暗香居大床房『窗外美景+新中式風格+小冰箱』:HK$449']"
南京中心大酒店,9.6,"['麗景大床房:HK$572', '麗景雙床房:HK$580', '高級大床房:HK$686', '豪華大床房:HK$812', '海底小縱隊親子房:HK$836', '埃及萌神親子房:HK$836']"
筱滿·AZITA設計師城市客棧（南京玄武湖店）,9.6,"['簡素·榻榻米房（無菌日拋用品+mini吧+智能馬桶）:HK$417', '光影·舒享大床房（無菌日拋用品+mini吧+智能馬桶）:HK$454', '光影·舒享雙床房（無菌日拋毛巾浴巾+智能馬桶）:HK$480', 'Holiday尊享大床房（意大利洗護EHE+無菌日拋毛浴巾）:HK$541', 'Holiday尊享雙床房（意大利輕奢洗護+無菌日拋用品）:HK$541']"
南京香格里拉大酒店,9.6,"['豪華大床房-盡覽繁華魅力都市:HK$802', '豪華雙床房-盡覽繁華魅力都市:HK$802', '豪華天際大床房-探索都市天際麗影:HK$942', '豪華天際雙床房-探索都市天際麗影:HK$942', '豪華湖景大床房-迎接紫金山玄武湖日出:HK$1,044', '豪華湖景雙床房-迎接紫金山玄武湖日出:HK$1,044']"
世紀緣國際會議中心（百家湖1912店）,9.5,"['特惠單間:HK$341', '特惠標準間:HK$341', '高級商務標準間:HK$415', '豪華景觀大床房:HK$456', '豪華景觀雙床房:HK$456']"
古南都逸居酒店（南京新街口總統府店）,9.5,"['尊享雙床房:HK$392', '尊享大床房:HK$392', '逸居大床房:HK$446', '川境·雅韻雙床房:HK$501']"
南京西安門智選假日酒店,9.4,"['高級房 超大床 天井內窗:HK$386', '高級房 雙床 天井內窗:HK$386', '高級房 天井內窗:HK$386', '高級房超大床（外窗）:HK$426', '高級房雙床（外窗）:HK$456']"
喜灣酒店（南京奧體中心店）,9.4,"['星空大床房（星空無窗+徠芬吹風機+顧家家居）:HK$327', '景觀大床房（景觀內窗+語音智控+顧家床墊）:HK$360', '臻品大床房（語音智控+顧家床墊+落地窗）:HK$403', '景觀雙床房（景觀內窗+語音智控+顧家床墊+無線充電）:HK$425']"
全季酒店（南京軟件大道地鐵站店）,9.6,"['雙床房（65寸電視投屏|智能馬桶）:HK$394', '大床房（65寸電視投屏|智能馬桶）:HK$411', '高級大床房（65寸電視投屏|智能馬桶）:HK$420', '舒壓雙床房（65寸電視投屏|智能馬桶）:HK$430']"
南京維景國際大酒店,9.3,"['高級大床房:HK$620', '豪華特大床·親子家庭房:HK$675', '豪華大床房:HK$675', '豪華雙床房:HK$675', '高級雙床房:HK$767', '藍色主題親子房:HK$982']"
南京鐘山賓館（江蘇省會議中心）,9.4,"['主樓丨鐘山標準間『十里秦淮水』:HK$440', '主樓丨紫金大床房『百年鐘山情』:HK$462', '主樓丨豪華大床房『電熱毛巾架・智能馬桶』:HK$494', '主樓丨豪華標準間『電熱毛巾架•智能馬桶』:HK$505', '貴賓樓丨行政大床房『靜享儒風雅韻』:HK$527', '貴賓樓丨行政標準間『舒享商務空間』:HK$527']"
南京南站逸扉酒店,9.5,"[""高級大床房『Peet's膠囊Coffee機+智能投屏+小冰箱』:HK$381"", ""高級雙床房『Peet's膠囊Coffee機+智能投屏+小冰箱』:HK$381"", ""豪華雙床房『Peet's膠囊Coffee機+智能投屏+小冰箱』:HK$414"", ""豪華大床房『Peet's膠囊Coffee機+智能投屏+小冰箱』:HK$414"", '電競高級大床房[AMD Ryzen7 5800X+網絡2.5G+迅遊加速器]:HK$512']"
無同·CHINAR酒店（南京夫子廟店）,9.5,"['紙鳶·大床房:HK$637', '煙歸·城景大床房:HK$654', '雲錦·靜謐家庭房:HK$738', '青黛·街景家庭房:HK$764', '沐雨·浴池河景房:HK$982']"
泊金全季酒店（南京玄武湖公園店）,9.5,"['高級大床房:HK$340', '大床房:HK$348', '高級雙床房:HK$349', '雙床房:HK$357']"
南京金陵飯店,9.5,"['金陵樓經典豪華雙床房:HK$650', '金陵樓經典豪華大床房:HK$650', '金陵樓城景豪華大床房:HK$696', '金陵樓逸緻豪華雙床房（煥新設計）:HK$788', '金陵樓逸緻豪華大床房—暢享舒適體驗:HK$788', '亞太樓豪華大床房-盡覽城市美景:HK$928']"
建國·璞隱酒店（南京中山陵景區梧桐大道店）,9.6,"['暗香居大床房·新中式風温暖雅居+投屏電視+智能客控:HK$413', '凌霜居雙床房·新中式風温暖雅居+投屏電視+智能客控:HK$439', '詠蘭居大床房 · 新中式風榻榻米+投屏電視+智能客控:HK$476', '暗香居景觀大床房·新中式風陽光庭院+投屏電視+智能客控:HK$476', '幽篁居雙床房·新中式風陽光庭院+投屏電視+智能客控:HK$502']"
美璟大酒店（南京光華路苜蓿園大街店）,9.5,"['舒適大床房:HK$209', '舒適雙床房:HK$225', '豪華氧吧大床房:HK$242', '豪華氧吧雙床房:HK$259']"
水上樓酒店（南京夫子廟老門東店）,9.5,"['巨幕觀影大床房:HK$264', '秦淮.河景露台景觀大床房:HK$322', '秦淮.庭院河景精緻大床房:HK$344', '秦淮.河景巨幕大床房:HK$345']"
南京泛悅廣場城際酒店,9.8,"['城際高級房-大床（裸睡床品+智能客控+Mini吧）:HK$522', '城際豪華房-大床（裸睡床品+智能客控+Mini吧）:HK$553', '城際豪華房-雙床（裸睡床品+智能客控+Mini吧）:HK$572', '城際行政房-大床（裸睡床品+智能客控+Mini吧）:HK$592', '城際行政房-雙床（裸睡床品+智能客控+Mini吧）:HK$613']"
南京博物院輕居酒店,9.6,"['舒適大床房:HK$331', '標準大床房:HK$358', '標準雙床房:HK$385', '精選大床房:HK$412', '精選家庭房:HK$448']"
萬滙城酒店（南京江北新區工業大學店）,9.4,"['景觀大床房（迷你冰箱+洗衣機+65寸無線投屏）:HK$286', '景觀雙床房（迷你冰箱+洗衣機+65寸無線投屏）:HK$286', '180°景觀大床房（迷你冰箱+洗衣機+65寸無線投屏）:HK$295', '景觀家庭雙床房（迷你冰箱+洗烘一體機+65寸無線投屏）:HK$295', '泰迪珍藏星品大床房（迷你冰箱+洗衣機+65寸無線投屏）:HK$323']"
古南都逸居酒店（南京新街口德基廣場店）,9.4,"['逸居大床房:HK$390', '逸居雙床房:HK$390', '公寓大床房:HK$404', '禪茶·雅韻雙床房:HK$461']"
南京奧體國際博覽中心輕居酒店,9.6,"['舒適大床房:HK$358', '舒適雙床房:HK$358', '標準大床房:HK$385', '標準雙床房:HK$385', '精選大床房:HK$412']"
南京奧體博覽中心美居酒店,9.7,"['標準雙床房:HK$512', '標準大床房:HK$532', '豪華雙床房:HK$553', '豪華大床房:HK$572', '嘉賓大床房:HK$613']"
全季酒店（南京新街口中央商場店）,9.5,"['高級大床房【天竺葵芳香洗沐浴露+拾趣茶具+智能投屏】:HK$384', '商務大床房【天竺葵芳香洗沐浴露+拾趣茶具+智能投屏】:HK$414', '雙床房【天竺葵芳香洗沐浴露+拾趣茶具+智能投屏】:HK$414', '豪華大床房【天竺葵芳香洗沐浴露+拾趣茶具+智能投屏】:HK$434']"
南京寧歸來金陵山水酒店（祿口機場店）,9.0,"['山水精緻單人房:HK$194', '山水温馨單人房:HK$216', '山水温馨雙床房:HK$216', '山水舒適套房:HK$378']"
南京博物院瑞金路輕居酒店,9.6,"['舒適大床房:HK$329', '標準大床房:HK$347', '標準雙床房:HK$347', '精選大床房:HK$382', '精選雙床房:HK$382']"
南京仙林大學城希爾頓歡朋酒店,9.6,"['舒適大床房【舒達床墊+智能投屏+專享騰訊視頻】:HK$446', '高級大床房【舒達床墊+智能投屏+專享騰訊視頻】:HK$467', '高級雙床房【舒達床墊+智能投屏】:HK$467', '豪華大床房【舒達床墊+智能投屏】:HK$544', '豪華雙床房【舒達床墊+智能投屏】:HK$544']"
南京新港開發區亞朵酒店,9.6,"['高級雙床房:HK$331', '高級大床房:HK$358', '行政雙床房:HK$385', '幾木雙床房:HK$412', '行政大床房:HK$412']"
大地君悦酒店（南京總統府大行宮地鐵站店）,9.4,"['舒適大床房（Slumberland斯林百蘭床墊·REPAND洗護）:HK$318', '雅緻大床房（Slumberland斯林百蘭床墊·REPAND洗護）:HK$347', '商務大床房:HK$365', '高級大床房（Slumberland斯林百蘭床墊·REPAND洗護）:HK$383']"
和頤酒店（南京博物院明故宮地鐵站店）,9.4,"['大床房A（中式風格）:HK$289', '大床房（中式風格）:HK$333', '商務大床房（中式風格）:HK$376', '雙床房A（中式風格）:HK$394']"
南京中山陵風景區麒麟門地鐵站桔子水晶酒店,9.8,"['大床房:HK$368', '高級大床房（迷你冰箱+智能客控+無線投屏）:HK$369', '商務大床房（迷你冰箱+智能客控+無線投屏）:HK$387', '高級雙床房（迷你冰箱+智能客控+無線投屏）:HK$387', '豪華大床房（迷你冰箱+智能客控+無線投屏）:HK$415']"
錦江南京飯店,9.7,"['紫金樓高級雙床房:HK$413', '紫金樓高級大床間:HK$467', '紫金樓豪華雙床房:HK$511', '紫金樓豪華大床房:HK$511', '紫金樓商務大床房:HK$609']"
寬渡酒店（南京夫子廟店）,9.2,"['精緻榻榻米房:HK$219', '雅緻大床房:HK$287', '民國風雅緻大床房:HK$287', '商務大床房:HK$333', '民國風商務大床房:HK$352']"
清沐鉑金酒店（南京理工大學中山陵景區店）,9.6,"['智能高級大床房【全屋新風・智能語音聲控・智能馬桶・小冰箱】:HK$274', '智能鉑金大床房【全屋新風 · 智能語音聲控 · 智能馬桶 · 小冰箱】:HK$306', '智能豪華大床房【智能語音聲控 · 智能馬桶 · 小冰箱 · 外窗】:HK$343', '智能豪華雙床房【智能語音聲控 · 智能馬桶 · 小冰箱 · 外窗】:HK$389']"
南京YOUNGINN漾應酒店（老門東夫子廟店）,9.2,"['墨客·輕奢大床房:HK$294', '靜客·簡約雙床房:HK$314', '清客·陽台大床房:HK$349', '醉客·筱滿大床房:HK$419']"
肆拾湯溫泉影院酒店（南京老門東城牆博物館店）,9.4,"['舒適榻榻米房（乳膠床品丨新風系統）:HK$301', '家庭舒適雙床房（新風系統）:HK$474', '特價私湯大床房（含私人影院丨新風系統丨除濕系統）:HK$603', '經典榻榻米私湯温泉雙人套房（含私人影院丨新風系統丨除濕系統）:HK$775']"
惠庭酒店（南京新街口店）,9.0,"['特惠大床房（零壓床墊）:HK$259', '高級大床房（零壓床墊）:HK$349', '高級雙床房（零壓床墊）:HK$476', '高級家庭房（零壓床墊）:HK$532']"
H+酒店（南京雞鳴寺鼓樓地鐵站店）,9.1,"['普通大床房:HK$371', '温馨大床房:HK$380', '精緻大床房:HK$398', '商務大床房:HK$416']"
沐江南酒店（南京新街口地鐵站友誼廣場店）,9.2,"['智能舒適大床房:HK$366', '智能高級大床房:HK$414', '智能高級雙床房:HK$444', '智能豪華大床房:HK$474']"
格林東方酒店（南京祿口機場店）,9.6,"['零壓智能大床房:HK$429', '舒眠零壓智能雙床房:HK$430', '舒眠零壓智能大床房:HK$449', '舒眠零壓智能家庭房:HK$456']"
清沐·禮酒店（南京總統府大行宮地鐵站店）,9.3,"['智能舒適大床房:HK$338', '智能精選大床房:HK$338', '智能高級大床房:HK$360', '智能精選雙床房:HK$370']"
夜泊秦淮·太傅樓酒店（南京夫子廟老門東店）,9.5,"['雅居·尊享特價大床房（serta舒達深眠舒睡乳膠床墊）:HK$468', '雅居·秦淮賞月觀景大床房 （serta舒達深眠舒睡乳膠床墊）:HK$533', '鶴林玉露·尊享特價雙床房:HK$533', '金陵·八方雅士舒享豪華大床房（浴缸+serta舒達深眠舒睡乳膠床墊）:HK$609']"
南京夫子廟秦淮河流蘇·棲雲酒店,9.3,"['典雅大床房（55寸智能投屏電視+全屋新風）:HK$379', '品質投影大床房（騰訊會員點播權益+全屋新風）:HK$433', '水墨街景大床房（騰訊會員點播權益+花園景落地窗）:HK$465', '零壓投影大床房（騰訊會員點播權益+零壓舒睡床品）:HK$507']"
花跡行旅酒店（南京新街口總統府店）,9.1,"['晴天大床房·裸棉親膚床品·CALMAC洗護:HK$230', '花海榻榻米房·裸棉親膚床品·CALMAC洗護:HK$251', '露台花海大床房·親膚床品·CALMAC洗護·享觀景陽台:HK$262', '小幸運雙床房·親膚裸棉·CALMAC洗護:HK$262']"
