酒店名称,评分,房型价格列表
柏曼酒店（南寧朝陽百盛步行街廣場三街兩巷店）,9.5,"['智能標準大床房（安靜舒適+深睡記憶枕）:HK$289', '智能高級大床房（智能客控+零壓深睡枕）:HK$339', '智能高級雙床房（智能客控+零壓深睡枕）:HK$359', '智能豪華大床房（落地玻璃窗+陽光滿屋+舒適好眠）:HK$378']"
南寧金水灣國際大酒店（南湖公園麻村地鐵站店）,9.4,"['東南亞原木雙床房（陽光通透+優質床品+高樓層）:HK$273', '東南亞原木大床房（陽光通透+優質床品+高樓層）:HK$273', '豪華大床房（恆温乾衣架+貴妃躺椅）:HK$308', '豪華雙床房（恆温乾衣架+優質床品）:HK$308', '商務雙床房（恆温乾衣架+辦公桌椅+高樓層）:HK$354']"
永恆朗悦精選酒店（南寧火車站朝陽廣場地鐵站店）,9.0,"['特惠大床房（無窗）:HK$165', '舒適高級大床房:HK$187', '高級雙床房:HK$207', '精選大床房:HK$207']"
南寧天禧萬瑾酒店（興寧區政府區婦幼店）,9.8,"['商務雙床房（負離子高速吹風機+精緻空間+商務辦公桌）:HK$246', '商務大床房（負離子高速吹風機+精緻空間+商務辦公桌）:HK$255', '高級大床房（安靜舒適+親膚浴袍+mini吧冰箱）:HK$272', '高級雙床房（安靜舒適+負離子高速吹風機）:HK$289', '高級0壓大床房（夢百合0壓床墊+夢百合記憶枕）:HK$299']"
柏納酒店（南寧安吉萬達蘇盧地鐵站店）,9.6,"['商務大床房（75寸高清投屏電視+俯瞰高空美景+辦公區域配置）:HK$206', '商務雙床房（75寸高清投屏電視+辦公區域配置）:HK$206', '豪華商務大床房（榻榻米+75寸高清投屏電視+辦公區域配置）:HK$218', '臻選大床房（愜意小茶台+75寸高清投屏電視+榻榻米）:HK$235']"
美豪麗致酒店（南寧火車站明秀路地鐵站店）,9.5,"['麗致榻榻米房丨零壓床墊丨mini冰箱丨舒適床品:HK$327', '麗致大床房丨徠芬負離子吹髮丨親膚浴衣丨森林氧吧:HK$337', '麗致雙床房丨徠芬負離子吹髮丨親膚浴衣丨mini冰箱:HK$337', '雅緻大床房 丨徠芬負離子吹髮丨親膚浴衣丨森林氧吧:HK$359', '雅緻雙床房丨徠芬負離子吹髮丨親膚浴衣丨森林氧吧:HK$359']"
雅斯特國際酒店（南寧安吉萬達廣場蘇盧地鐵站店）,9.5,"['雅緻大床房（安吉萬達廣場SOHO1號樓—電視投屏+城市夜景+高樓層）:HK$212', '雅緻雙床房（安吉萬達廣場SOHO1號樓—俯瞰城市美景+雙人沙發+電視投屏）:HK$212', '超級大床房（雙人沙發+電視投屏+釋壓床墊）:HK$230', '豪華雙床房（高樓層+雙人位沙發+電視投屏）:HK$230']"
米朵酒店（南寧安吉萬達廣場蘇盧地鐵站店）,9.8,"['智識大床房【全屋智能丨65寸電視投屏】:HK$205', '哲涵高級雙床房【輕奢風格丨智能馬桶】:HK$219', '哲涵高級大床房【俯瞰城市夜景丨定製床品】:HK$219', '宓雅淑心大床房【雙重門禁丨乳膠記憶枕】:HK$239']"
柏曼酒店（南寧五象總部基地廣西體育中心店）,9.8,"['智能高級大床房（全景落地窗+高速吹風筒+75寸大電視）:HK$294', '智能高級雙床房（全屋客控+75寸大電視+mini冰箱）:HK$303', '影院商務大床房（暢享騰訊視頻+100寸巨幕投屏+冰箱）:HK$350', '智能豪華大床房（功夫茶具+75寸大電視）:HK$359', '智能家庭房（小童樂園 + 爸媽解放區+75寸超大投屏）:HK$383']"
美住·悦檐酒店（南寧會展中心埌西地鐵站店）,9.4,"['悦馨雙床房（智能客控+舒適辦公+電視投屏）:HK$240', '悦惠大床房（智能客控+電視投屏+品味自然芳香）:HK$240', '悦馨大床房（智能客控+舒適辦公+電視投屏）:HK$267', '悦享全景大床房（陽光通透+超大穿衣鏡+品質床墊）:HK$280', '悦享全景雙床房（陽光通透+雙門隔音+LED化粧鏡）:HK$280']"
隱逸東方酒店（南寧吳圩國際機場店）,9.2,"['舒適大床間:HK$173', '豪華大床房:HK$184', '豪華雙床房:HK$184', '高級商務套房:HK$250']"
金慶盛歡住酒店（南寧會展中心鳳嶺地鐵站店）,9.5,"['高級大床房（180°地標城市景觀+大空間設計+豪華浴缸）:HK$330', '高級雙床房（180°地標城市景觀+大空間設計+豪華浴缸）:HK$330', '豪華大床房（舒享浴缸+奢享空間+舒適沙發）:HK$367', '豪華雙床房（舒享浴缸+奢享空間+舒適沙發）:HK$378']"
南寧東葛路地鐵站亞朵X酒店,9.6,"['雅緻房（普蘭特床墊+記憶枕）:HK$367', '高級雙床房（普蘭特床墊+記憶枕）:HK$385', '高級大床房（普蘭特床墊+記憶枕）:HK$412', '行政雙床房（Mini小冰箱+小米智能體重秤+普蘭特床墊+記憶枕）:HK$457', '行政大床房（Mini小冰箱+小米智能體重秤+普蘭特床墊+記憶枕）:HK$466']"
宜尚酒店（廣西體育中心五象航洋城店）,9.6,"['特惠大床房（北歐Style）:HK$327', '城景雙床房（高空景觀+大空間）:HK$371', '城景大床房（高空景觀+大空間）:HK$371', '江景雙床房（高空景觀+大空間）:HK$392', '江景大床房（高空景觀+大空間）:HK$392']"
南寧南湖名都大酒店,9.5,"['商務雙人間（城市CBD天際景觀）:HK$545', '城市景觀單人間（半湖美景轉角房+豪華浴缸）:HK$589', '城市景觀雙人間（半湖美景）:HK$600', '商務單人間（城市CBD天際景觀）:HK$622', '城景特大床:HK$666', '豪華湖景雙人間（毗鄰城市公園，俯瞰南湖全景）:HK$688']"
美豪麗致酒店（南寧會展中心埌西地鐵站店）,9.5,"['麗致城景大床房（小度音響+城市美景+電動窗簾+智能家居）:HK$338', '智能語控雙床房（電動窗簾+時尚簡約+智能家居+小度音響）:HK$361', '智能語控大床房（小度音響+時尚簡約+智能家居+城市美景+電動窗簾）:HK$383', '麗致輕奢雙床房（超大空間+智能家居+電子貓眼+小度音響）:HK$404', '麗致輕奢大床房（智能家居+小度音響+超大空間+電動窗簾）:HK$404']"
偉悦酒店（南寧火車東站琅東客運站店）,9.0,"['簡約清風大床房（獨享迷你空間）:HK$207', '娛樂大床房（智能馬桶+自動麻將桌）:HK$236', '影視大床房（私隱空間+超大投屏影幕）:HK$244', '特惠大床房（智能聲控+高層感受城市美景）:HK$286']"
南寧火車站北湖亞朵酒店,9.7,"['雅緻大床房（裸棉床品+普蘭特床墊+慢回彈記憶枕）:HK$385', '雅緻雙床房（裸麪床品+普蘭特床墊+慢回彈記憶枕）:HK$403', '高級大床房（普蘭特床墊+榻榻米）:HK$421', '高級雙床房（榻榻米+裸棉床品）:HK$439', '行政大床房（Mini冰箱+榻榻米+慢回彈記憶枕）:HK$448']"
雅斯菲爾酒店（南寧東站萬象城地鐵站店）,9.1,"['樂享·清雅大床房（高層城市景觀+超大浴缸+蒸汽熨衣板+MINI冰箱+親膚浴袍）:HK$337', '♛雅斯特酒店高端品牌-雅雙 ❀ 清雅雙床房 ❀ 『城市中央高層落地美景+奢華浴缸+MiNi冰箱+精緻浴衣』:HK$337', '♛雅斯特酒店高端品牌-悦大 ❁ 心悦大床房❁ 『毗鄰萬象城+盛天地美食城+國際會展中心+航洋國際』:HK$377', '菲常動心·城景雙床房（ 豪華浴缸+蒸汽熨衣板+釋壓床墊+親膚浴袍）:HK$390', '菲常動心·城景大床房（豪華浴缸+蒸汽熨衣板+釋壓床墊+ 羽絨枕）:HK$423']"
南寧江南金凱路亞朵酒店,9.6,"['雅緻大床房（中央空調+裸棉床品+精緻空間）:HK$341', '高級大床房（商旅分區空間+裸棉床品+慢回彈記憶枕）:HK$367', '高級雙床房（智能客控+普蘭特床墊+裸棉床品）:HK$367', '行政大床房（裸棉床品+智能客控+小冰箱）:HK$412', '行政雙床房（智能客控+寬闊空間+小冰箱）:HK$412']"
南寧禧悅昇酒店（萬達茂店）,9.5,"['特惠大床房（露天陽台）:HK$235', '特惠雙床房（露天陽台）:HK$235', '高級大床房（露天陽台）:HK$252', '高級雙床房（露天陽台）:HK$252', '商務大床房（露天陽台）:HK$277']"
Mussi·霂斯酒店（南寧東葛路地鐵站店）,9.4,"['輕悦大床房（智能體驗+乾濕分離+電視投屏）:HK$199', '舒悦雙床房（智能體驗+超寬浴鏡+電視投屏）:HK$234', '舒悦大床房（智能體驗+超寬浴鏡+電視投屏）:HK$234', '臻悦大床房（智能體驗+乾濕分離+電視投屏）:HK$282']"
華笙酒店（海吉星江南公園地鐵站店）,9.7,"['庭景大床房:HK$320', '庭景雙床房:HK$320', '園景大床房:HK$340', '園景雙床房:HK$340', '城景大床房:HK$351']"
悦笙酒店（南寧朝陽廣場火車站店）,9.5,"['一見暮卿・格調高級大床房『智能馬桶｜金可兒床墊｜MiNi冰箱｜手機無線充』:HK$328', '一夕一夏·悦享雅緻大床房『智能馬桶｜金可兒床墊｜MiNi冰箱｜手機無線充』:HK$328', '一城美景・縱享觀景大床房『俯瞰180°邕城美景｜智能馬桶｜金可兒床墊｜小度智能客控』:HK$349', '一路生花・格調高級雙床房『智能馬桶｜金可兒床墊｜MiNi冰箱｜手機無線充』:HK$358']"
柏曼酒店（南寧吳圩國際機場店）,9.5,"['智能大床房（智能客控+智能馬桶+高層山景）:HK$241', '智能高級大床房（天貓精靈+助眠床墊+高層山景）:HK$263', '智能高級雙床房（智能客控+智能馬桶+高層山景）:HK$272', '智能親子雙床（智能客控+智能馬桶+小童用品）:HK$336']"
南寧曼爾頓國際酒店（會展中心金湖廣場地鐵站店）,9.4,"['曼妙·清新雙床房（舒適床墊）:HK$323', '曼妙·清新大床房（時尚簡約）:HK$323', '曼享·城景雙床房（全景落地）:HK$341', '曼享·城景大床房（落地觀景）:HK$362', '曼怡·智能城景雙床房（燈火闌珊）:HK$384']"
南寧朝陽廣場地鐵站亞朵酒店,9.5,"['雅緻大床房（深睡PRO枕+深睡床品+小冰箱）:HK$421', '高級大床房（深睡PRO枕+深睡床品+小冰箱）:HK$448', '雅緻雙床房（深睡PRO枕+深睡床品+小冰箱）:HK$502', '行政大床房（深睡PRO枕+深睡床品+小冰箱）:HK$511', '高級雙床房（深睡PRO枕+深睡床品+小冰箱）:HK$548']"
遇熹酒店（廣西大學動物園地鐵站店）,9.3,"['愛無止境｜甜蜜大床房【全屋智能客控+65寸高清投屏】:HK$229', '夜闌人靜｜舒睡雙床房【全屋語音智能+環保封裝口杯】:HK$246', '夜闌人靜｜舒睡大床房【品牌高速吹風機+床頭無線充】:HK$251', '朝沐暖陽｜全景大床房【180°俯瞰城市夜景+高端床品】:HK$273', '朝沐暖陽｜全景雙床房【180度落地窗+陽光通透】:HK$273']"
怡程酒店·ECHENG Hotel（南寧東站華豐城愛琴海城市廣場店）,9.6,"['智能國風高級大床房【安靜秒睡記憶枕|零壓床墊+空氣凈化器+梳粧全身鏡】:HK$370', '智能國風高級雙床房【安靜秒睡記憶枕|零壓床墊+小米空氣凈化器+梳粧全身鏡】:HK$370', '智能國風城景大床房【 180度超大落地靜音玻璃+速乾電衣架+安靜秒睡記憶枕|空氣凈化器】:HK$397', '智能國風舒適大床房【180度超大落地靜音玻璃+速乾電衣架+零壓按摩床墊】:HK$420', '智能國風城景雙床房【180度超大落地靜音玻璃+智能馬桶+速乾電衣架|空氣凈化器】:HK$428']"
新皇庭·簡韻酒店（南寧江南萬達廣場店）,9.3,"['輕享大床房-充電樁+自助洗衣服務:HK$187', '輕享雙床房（記憶護頸枕+深睡承託墊+裸棉床品）:HK$198', '優享大床房-爆款推薦:HK$209', '優享雙床房（記憶護頸枕+深睡承託墊）:HK$219']"
雅斯特酒店（南寧火車東站埌東客運地鐵站店）,9.4,"['雅緻大床房（温馨舒適+商務辦公+時尚風格）:HK$216', '高級大床房（釋壓大床+幽享辦公+採光優異）:HK$231', '高級雙床房（方正寬敞+視野開闊+城市夜景）:HK$231', '豪華大床房（採光優異+雙人沙發+綠城夜景）:HK$246']"
逸臣陽光酒店（南寧青秀萬達店）,9.0,"['陽光高級大床房（商務辦公桌椅+休閑沙發茶几）:HK$223', '陽光高級雙床房（商務辦公桌椅+休閑沙發茶几）:HK$223', '陽光舒適大床房:HK$223', '陽光城景大床房（記憶枕+Mini冰箱）:HK$238']"
吉瑞酒店（南寧火車東站南廣場店）,9.4,"['雅居丨舒適大床房（公區自助洗衣機+簡約舒適）:HK$296', '雅居丨舒適雙床房（公區自助洗衣機+簡約舒適）:HK$334', '靜逸丨城景大床房（落地窗高層俯瞰城市景觀+靜謐睡眠）:HK$355', '靜逸丨城景雙床房（落地窗高層俯瞰城市景觀+靜謐睡眠）:HK$355']"
雅斯菲爾酒店（南寧朝陽廣場中山路店）,9.4,"['清雅大床房:HK$249', '清雅雙床房:HK$271', '菲常觀景雙床房:HK$271', '心悦大床房:HK$277', '尊享大床房:HK$282']"
麗呈睿軒酒店（南寧會展中心青秀山店）,9.5,"['雅緻大床房【温馨安靜|零壓床墊|智能投屏】:HK$207', '雅緻雙床房【温馨安靜|零壓床墊|智能投屏】:HK$207', '豪華雙人房【寬敞明亮|零壓床墊|智能投屏】:HK$228', '豪華大床房【寬敞安靜|舒適採光|智能投屏】:HK$228', '精選大床房【優雅靜謐|零壓床墊|智能投屏】:HK$249']"
廣悦尊五象酒店（廣西規劃館地鐵站店）,9.6,"['特選大床房（温馨舒適+通透明亮）:HK$315', '旅居雙床房（温馨舒適+通透明亮）:HK$327', '豪華大床房（俯瞰城市景觀+優享辦公+乾濕分離）:HK$374', '豪華雙床房（俯瞰城市景觀+優享辦公+乾濕分離）:HK$374', '行政大床房（全景落地大空間+助眠床品+獨立衣帽間）:HK$432']"
曬季·高空湖景酒店公寓（南寧青秀山會展中心店）,9.6,"['伴山·高空湖景大床房（小度智能客控）:HK$251', '日落·高空湖景大床房（觀景舒適沙發）:HK$305', '湖景·高空湖景大床房（洗烘衣機+舒適沙發）:HK$343']"
逸喆槿悦酒店（三街兩巷朝陽廣場店）,9.4,"['逸馨單人房（智能客控+品質床墊+暢享投屏）:HK$175', '逸悦大床房（智能客控+陽光通透+品質床墊）:HK$186', '逸尊大床房（智能家居+暢享投屏+舒適沙發）:HK$208', '豪華大床房（陽光通透+舒適沙發+智能客控）:HK$219']"
雅斯特國際酒店（南寧萬象城東盟商務區地鐵站店）,9.5,"['雅緻大床房:HK$279', '雅緻雙床房:HK$279', '高級大床房（近盛天地+乾濕分區+免停車費）:HK$305', '高級雙床房（近龍光世紀+智能全屋+自助洗衣房）:HK$305', '豪華大床房（近萬象城+智能全屋+免停車費）:HK$335']"
美住·璞境酒店（南寧東盟開發區客運站小帽山店）,9.3,"['境馨大床房（舒適空間+休閑椅）:HK$241', '境馨雙床房（陽光通透 +休閑沙發）:HK$255', '境悦大床房（陽光通透+舒適休閑椅）:HK$282', '境悦雙床房（陽光通透+舒適休閑椅）:HK$295']"
雲戀季MAX酒店（朝陽廣場南寧火車站店）,9.1,"['舒享大床房:HK$207', '舒享雙床房（臨近地鐵口+機場大巴+自助洗衣）:HK$207', '輕奢大床房（臨近地鐵口+機場大巴+自助洗衣）:HK$229', '輕奢影視房（臨近地鐵口+機場大巴+自助洗衣）:HK$272']"
南寧安吉希爾頓歡朋酒店,9.6,"['舒適大床房:HK$411', '高級雙床房:HK$411', '高級大床房:HK$434', '舒適園景雙床房（户外露台）:HK$434', '舒適園景大床房（户外露台）:HK$445']"
香榭裏酒店（南寧會展航洋城店）,9.0,"['舒適大床房（雅靜安逸）:HK$381', '舒適雙床房（雅靜安逸）:HK$403', '商務大床房（城市高空夜景+悠享辦公）:HK$403', '商務雙床房（CBD城市高空景觀+悠享辦公）:HK$436', '行政大床房（會展高空夜景+網紅打卡）:HK$436']"
南寧邕桂萬誼酒店（北湖南路地鐵站店）,9.3,"['高級大床房（優美城市風景）:HK$238', '豪華大床房（俯視城市夜景+單人沙發）:HK$260', '豪華雙床房（優美城市風景）:HK$260', '時尚豪華大床房（俯視城市夜景+辦公書桌）:HK$282', '尊榮行政大床房（俯視城市夜景+迷你冰箱+浴衣）:HK$337']"
漢庭優佳酒店（南寧江南萬達廣場店）,9.6,"['大床房:HK$231', '高級大床房:HK$251', '雙床房:HK$261', '家庭房:HK$291']"
麗呈別院（南寧五象新區總部基地地鐵站店）,9.4,"['精緻大床房【小度智能客控+深睡床品+Mini冰箱+Loft】:HK$250', '雅緻大床房【小度智能客控+深睡床品+Mini冰箱+Loft】:HK$272', '雅緻雙床房【小度智能客控+深睡床品+Mini冰箱】:HK$294', '城景大床房【MIN冰箱+全身鏡浴袍+長沙發+觀景落地窗】:HK$294']"
浙商大酒店（南寧朝陽廣場火車站地鐵店）,9.4,"['精緻大床房（智能客控+55寸電視+雙層隔音+電動窗簾）:HK$238', '高級大床房（智能客控+65寸電視+雙層隔音+電動窗簾）:HK$257', '高級雙床房（智能客控+65寸電視+雙層隔音+電動窗簾）:HK$266', '休閑家庭房（智能客控+65寸電視+雙層隔音）:HK$276', '巨幕觀影大床房（智能客控+4K激光機+110寸高清屏）:HK$304']"
雅斯特國際酒店（南寧朝陽廣場區政府店）,9.2,"['雅緻大床房【房間格局温馨舒適|手機投屏|商務辦公桌】:HK$250', '高級雙床房【極簡輕奢沉浸質感生活|手機投屏|商務辦公桌|貴妃躺椅】:HK$250', '超級大床房【極簡輕奢雙拼大床隨心躺|手機投屏|商務辦公桌】:HK$272', '觀景大床房【透過落地玻璃享受夕陽美景|貴妃躺椅】:HK$283', '觀景雙床房【全景落地玻璃俯瞰邕城夜景|手機投屏|商務辦公桌】:HK$306']"
吉悦水晶酒店（南寧南湖公園青秀山地鐵站店）,9.2,"['樂享隨心 • 優選舒適大床房（浪漫情侶NO.1-毗鄰青秀山+萬象城+國際會展中心+免停車費）:HK$245', '暢享陽光•觀景高級雙床房（免停車費+毗鄰南湖公園+民歌湖+迷你冰箱+精美茶具）:HK$256', '靜覓時光 • 觀景高級大床房（毗鄰會展中心+航洋城+青秀山+免停車費）:HK$275', '悠然自在 • 城景豪華雙床房（免停車費+ 落地全景窗+ 毗鄰五象體育中心+廣西文化藝術館）:HK$317']"
美豪麗致酒店（南寧朝陽廣場地鐵站三街兩巷店）,9.1,"['零壓·遇見三街兩巷深睡大床房|零壓記憶枕+零壓床墊:HK$362', '遇見三街兩巷大床房|瞰高層景觀+享步行古巷繁華美景:HK$400', '遇見三街兩巷雙床房|温馨舒適+智能客控品牌床墊:HK$400', '麗致輕奢大床房|陽光通透高空城景+安靜舒眠體驗:HK$460', '麗致輕奢雙床房|陽光通透高空城景+安靜舒眠體驗:HK$460']"
