酒店名称,评分,房型价格列表
錦江都城酒店（洛浦北京路店）,9.6,"['精緻雙床房:HK$263', '風雅雙床房:HK$288', '精緻商務房:HK$311', '風雅商務房:HK$335', '都會商務房:HK$358']"
和田西湖國際大酒店,8.8,"['特價房:HK$260', '高級大床房:HK$283', '高級標準間:HK$283', '商務大床房:HK$316', '商務標準間:HK$317']"
桔子酒店（和田城市廣場店）,9.7,"['高級大床房【金可兒床墊+65寸可投屏電視+恆温馬桶】:HK$362', '商務大床房【金可兒床墊+65寸可投屏電視+恆温馬桶】:HK$382', '高級雙床房【金可兒床墊+65寸可投屏電視+恆温馬桶】:HK$392', '商務雙床房【金可兒床墊+65寸可投屏電視+恆温馬桶】:HK$412']"
華豫國際酒店（和田夜市店）,8.6,"['特惠標準間（採光好+中央空調）:HK$192', '特惠大床房（採光好+中央空調）:HK$201', '韓式單間（採光好+中央空調）:HK$217', '豪華標房（採光好+中央空調）:HK$221', '豪華單房（採光佳）:HK$232']"
團城酒店（和田市團城景區店）,9.5,"['特惠雙床房:HK$244', '特惠大床房:HK$244', '舒適雙床房:HK$267', '舒適大床房:HK$267']"
如家精選酒店（和田火車站店）,9.7,"['商務大床房（智能客控+可投屏65寸電視+電動加熱馬桶）:HK$224', '高級大床房（（夢百合床墊+可投屏65寸電視+徠風吹風機）:HK$233', '高級雙床房（夢百合床墊0壓枕+智能客控+徠風吹風機）:HK$278', '安心睡0壓大床房（夢百合床墊0壓枕+諾香空氣凈化機）:HK$278', '安心睡0壓雙床房（夢百合床墊0壓枕+諾香空氣凈化機）:HK$324']"
和田至格酒店（和田夜市店）,9.3,"['至格特惠大床房 （無窗）:HK$241', '至格優享雙床房:HK$248', '至格大床房:HK$269', '至格商務房:HK$319']"
建國璞隱酒店（和田夜市團結廣場店）,9.6,"['詠蘭居大床房:HK$406', '凌霜居雙床房:HK$439', '暗香居大床房（智能小度+夢百合記憶床墊+小冰箱）:HK$439', '幽篁居雙床房（智能小度+夢百合記憶床墊+小冰箱）:HK$470', '芳草居套房（智能小度+夢百合記憶床墊+小冰箱）:HK$631']"
國玉大飯店（和田玉龍喀什河店）,9.5,"['民俗圓床房（智能聲控+零壓床墊）:HK$312', '玉龍河景觀大床房（智能聲控+超大落地窗）:HK$402', '豪華大床房（智能聲控+超大浴缸）:HK$404', '商務雙床房（智能聲控+零壓床墊）:HK$410', '玉龍河景觀雙床房（智能聲控+超大落地窗）:HK$414']"
和田夜市團結廣場亞朵酒店,9.7,"['高級大床房（電視投屏+小冰箱+加濕器+智能小度）:HK$359', '高級雙床房（電視投屏+小冰箱+加濕器+智能小度）:HK$359', '行政雙床房（電視投屏+小冰箱+加濕器+智能小度）:HK$430', '幾木大床房（電視投屏+小冰箱+加濕器+浴袍+電子秤+智能小度）:HK$448', '幾木家庭房（電視投屏+小冰箱+加濕器+浴袍+電子秤+智能小度）:HK$538']"
和田迎賓館,9.6,"['6#樓大床房 無電梯:HK$621', '6#樓標準間 無電梯:HK$621', '湖景雙床房:HK$666', '豪華大床房:HK$668', '豪華雙床房:HK$668', '湖景大床房:HK$698']"
全季酒店（和田昆岡機場迎賓路店）,9.7,"['大床房（金可兒床墊+智能馬桶+智慧投屏+智能音控）:HK$312', '雙床房（金可兒床墊+智能馬桶+智慧投屏+智能音控）:HK$321', '高級大床房（金可兒床墊+智能馬桶+智慧投屏+智能音控）:HK$341', '高級雙床房（金可兒床墊+智能馬桶+智慧投屏+智能音控）:HK$350']"
和田博物館迎賓路亞朵酒店,9.7,"['高級大床房（電視投屏+小冰箱+加濕器+智能小度）:HK$359', '高級雙床房（電視投屏+小冰箱+加濕器+智能小度）:HK$359', '行政大床房（電視投屏+小冰箱+加濕器+智能小度）:HK$386', '幾木大床房（電視投屏+小冰箱+加濕器+智能小度+浴袍）:HK$413', '幾木雙床房（電視投屏+小冰箱+加濕器+智能小度+浴袍）:HK$413']"
麗呈花盛國際酒店（和田火車站店）,9.6,"['特惠大床房（全屋新風+全屋凈水+全屋智控+中央空調）:HK$344', '特惠雙床房（全屋新風+全屋凈水+全屋智控+中央空調）:HK$344', '高級大床房（大窗+全屋新風+全屋凈水+全屋智控）:HK$395', '高級雙床房（大窗+全屋新風+全屋凈水+全屋智控）:HK$395', '行政大床房（深睡床墊+全屋新風+全屋凈水+全屋智控）:HK$429']"
麗楓酒店（和田博物館夜市店）,9.4,"['豪華大床房（智能客控+慕斯床墊+空氣凈化器+水養香薰儀）:HK$269', '豪華雙床房（智能客控+慕斯床墊+水養香薰儀）:HK$285', '商務大床房（智能客控+慕斯床墊+空氣凈化器+水養香薰儀）:HK$293', '商務雙床房（智能客控+慕斯床墊+水養香薰儀）:HK$309']"
銀星酒店（和田夜市店）,9.5,"['浪漫大床房（採光視野好+加濕器+獨立空調）:HK$360', '雅緻大床房（採光視野好+加濕器+獨立空調+蕎麥枕）:HK$389', '超值特惠房（採光視野好+加濕器）:HK$392', '雅緻雙床房（採光視野好+加濕器+獨立空調+蕎麥枕）:HK$412', '奢華商旅雙床房（採光視野好+加濕器+獨立空調）:HK$420']"
全季酒店（和田火車站店）,9.6,"['大床房【金可兒床墊+智能馬桶+拾趣功夫茶具）:HK$318', '雙床房【金可兒床墊+法國精油洗護+拾趣功夫茶具】:HK$346', '高級大床房【金可兒床墊+法國精油洗護+拾趣功夫茶具】:HK$365', '高級雙床房【金可兒床墊+電視投屏+拾趣功夫茶具】:HK$383']"
和田火車站烏魯木齊北路亞朵酒店,9.4,"['雅緻大床房【電視投屏+智能小杜+全屋客控+獨立院落】:HK$332', '高級大床房【電視投屏+智能小杜+全屋客控+獨立院落】:HK$359', '行政大床房【電視投屏+智能小杜+全屋客控+獨立院落】:HK$386', '高級雙床房【電視投屏+智能小杜+全屋客控+獨立院落】:HK$386', '行政雙床房【電視投屏+智能小杜+全屋客控+獨立院落】:HK$413']"
格林豪泰酒店（和田玉都批發市場店）,9.0,"['商務雙床房:HK$217', '商務大床房:HK$226', '豪華雙床房:HK$245', '高級大床房:HK$255']"
和田印象主題酒店（新夜市店）,9.2,"['高級迷你單間:HK$208', '高級迷你標間:HK$208', '印象主題圓床房丨 絲路文化:HK$231', '印象主題大床房丨 西域風情:HK$242']"
和天下國際酒店（和田夜市店）,9.2,"['特惠房:HK$273', '特惠雙床房（空間大+記憶床墊）:HK$331', '豪華雙人間（落地窗簾+超大空間）:HK$372', '行政單人間（超大空間+大沙發）:HK$401', '行政標準間（落地窗簾+超大空間）:HK$422']"
和田玉洲和平大酒店,9.5,"['高級標準間:HK$217', '豪華標準間:HK$241', '豪華大床房:HK$313', '豪華親子套房:HK$411']"
和田文華酒店,9.2,"['內景大床房:HK$198', '三人間:HK$444', '家庭親子房:HK$488']"
和田杭程酒店（和田夜市店）,8.8,"['杭程零壓大床房:HK$144', '惠選雙床房:HK$146', '絲路財源大床房:HK$236', '拾玉舒眠雙床房:HK$236']"
錦江都城酒店（和田夜市團結廣場店）,9.5,"['特惠精緻商務房（智能客控+恆温馬桶+加濕器）:HK$301', '風雅商務房（智能客控+恆温馬桶+加濕器）:HK$319', '都會雙床房（智能客控+恆温馬桶+加濕器）:HK$396', '都會商務房（智能客控+恆温馬桶+加濕器）:HK$405', '温馨家庭房（智能客控+恆温馬桶+加濕器）:HK$406']"
名門麗呈華廷酒店（崑崙湖和田新夜市店）,9.4,"['豪華雙床房丨城市麗景:HK$448', '湖景雙床房丨俯瞰崑崙湖美景:HK$581', '湖景大床房丨俯瞰崑崙湖美景:HK$638', '行政院景標間丨高空城市夜景:HK$719', '行政湖景單間丨高空城市麗景:HK$776']"
和田市之玉酒店（和田地區老夜市店）,9.2,"['商務大床房（窗+toto衞浴+獨立空調+旋轉防濺水龍頭）:HK$217', '商務雙床房（窗+toto衞浴+獨立空調+旋轉防濺水龍頭）:HK$218', '舒適大床房（窗+toto衞浴+獨立空調+旋轉防濺水龍頭）:HK$253', '之玉三人間:HK$256']"
漢庭酒店（和田火車站店）,9.8,"['高級大床房【喜臨門床墊+可投屏65寸電視+恆温馬桶】:HK$229', '高級雙床房【喜臨門床墊+可投屏65寸電視+智能馬桶】:HK$229', '商務大床房【喜臨門床墊+可投屏65寸電視+恆温馬桶】:HK$249', '商務雙床房【喜臨門床墊+可投屏65寸電視+恆温馬桶】:HK$249']"
希岸Deluxe酒店（和田夜市川億店）,9.5,"['高級大床房（超大空間+加濕器+壁掛洗衣機）:HK$419', '豪華大床房（超大空間+加濕器+超美湖景）:HK$463', '豪華雙床房（超大空間+加濕器+超美湖景）:HK$463', '商務雙床房（超大空間+加濕器+超美湖景）:HK$482', '商務大床房（超大空間+浴缸+加濕器+超美湖景）:HK$482']"
和田印象精品酒店（新夜市店）,9.3,"['高級迷你標間:HK$236', '高級迷你單間:HK$236', '歐式精品雙床房:HK$269', '歐式精品大床房:HK$269']"
和田天王國際大酒店（和田團結廣場店）,9.3,"['天逸商務雙床房（採光好+藍牙音響+小冰箱）:HK$363', '天悦豪華大床房（小冰箱+藍牙音響+智能馬桶）:HK$363', '天瀾小套房（陶瓷大浴缸+智能馬桶+藍牙音響）:HK$374', '天熙豪華雙床房（陶瓷大浴缸+智能馬桶+藍牙音響）:HK$385', '天和三人間（智能馬桶+藍牙音箱+小冰箱）:HK$453']"
城市便捷酒店（和田玉都國際大巴扎店）,9.7,"['標準大床房（希丁安床墊+明亮典雅+智能馬桶）:HK$252', '高級大床房（希丁安床墊+明亮典雅+智能馬桶）:HK$267', '標準雙床房（希丁安床墊+明亮典雅+智能馬桶）:HK$298', '豪華大床房（希丁安床墊+明亮典雅+智能馬桶）:HK$313']"
和田華雅酒店,8.9,"['經濟標間:HK$205', '特價大床房:HK$214', '商務標間:HK$242', '商務大床房:HK$242']"
和田夜市團結廣場美居酒店,9.3,"['高級大床房（mini吧+加濕器+智能客控+智能衞浴）:HK$482', '豪華大床房（mini吧+加濕器+智能客控+智能衞浴）:HK$513', '嘉賓大床房（mini吧+加濕器+智能客控+智能衞浴）:HK$542', '豪華雙床房（mini吧+加濕器+智能客控+智能衞浴）:HK$542', '嘉賓雙床房（mini吧+加濕器+智能客控+智能衞浴）:HK$573']"
和田絲路印象精品酒店,9.6,"['智能商務標準間:HK$240', '智能優享大床房--小度全屋智能:HK$283', '智能優享標準間:HK$297', '智能優享豪華浴缸房--小度全屋智能:HK$340']"
乾元國際酒店（和田夜市店）,9.0,"['內景單間:HK$357', '商務標間:HK$381', '商務單間:HK$381', '行政單間:HK$404', '行政標間:HK$404']"
和田和璽酒店,9.3,"['影視大床房:HK$318', '商務大床房:HK$318', '豪華大床房:HK$339', '豪華標準間:HK$339', '豪華三人間:HK$474']"
喆啡酒店（和田夜市店）,9.3,"['醇享大床房（超大床加濕器）:HK$291', '醇享雙床房（加濕器）:HK$300', '醇享生活大床房（超大床加濕器）:HK$308', '啡凡大床房（超大床加濕器）:HK$326']"
和田絲路迎賓酒店（和田夜市）,9.3,"['大床房:HK$370', '雙床房:HK$398', '親子家庭房:HK$604']"
潮漫酒店（和田團結廣場店）,9.4,"['漫享高級雙床房:HK$302', '漫享高級大床房:HK$348', '温馨親子套房:HK$468', '行政套房:HK$479']"
麗庭酒店（和田玉都國際大巴扎店）,9.6,"['商務大床房（電視投屏+記憶枕+安心睡+採光視野好）:HK$260', '商務雙床房（電視投屏+記憶枕+安心睡+採光視野好）:HK$274', '高級大床房（電視投屏+記憶枕+安心睡+採光視野好）:HK$289', '高級雙床房（電視投屏+記憶枕+安心睡+採光視野好）:HK$304']"
希岸酒店（和田夜市博物館店）,9.3,"['希岸大床房（智能客控）:HK$299', '希岸雙床房（落地窗+智能客控+城市街景）:HK$335', '希岸豪華大床房（落地窗+智能客控+城市街景）:HK$366', '希岸豪華雙床房（超大空間+智能客控）:HK$398']"
和田金鷹國際大酒店（團結廣場店）,9.0,"['商務標間:HK$321', '商務大床:HK$344', '行政標間:HK$397', '行政大床:HK$420', '超級大床Plus:HK$443']"
九華玉龍酒店（和田夜市店）,9.4,"['雅緻大床房:HK$333', '健康大床房:HK$347', '健康雙床房:HK$354', '精緻大床房:HK$372', '陽光雙床房:HK$418']"
和田約特幹故城·古城人家民宿,9.6,"['庭院大床房:HK$780', '庭院高級大床房:HK$836', '露台觀景大床房:HK$1,115', '露台觀景雙床房:HK$1,115', '露台觀景套房:HK$1,301']"
和田玉都大酒店（團結廣場店）,7.8,"['豪華標準間:HK$164', '豪華大床房:HK$175', '豪華三人間:HK$255']"
和田約特幹故城·春花公社民宿,9.9,"['春花大床房:HK$929', '春花雙床房:HK$1,022', '春花高級大床房:HK$1,087', '春花高級雙床房:HK$1,087', '甄選豪華大床房:HK$1,208']"
墨鈺大酒店（墨玉縣火車站店）,9.6,"['商務雙床:HK$228', '商務大床:HK$251', '行政雙床:HK$251', '行政大床:HK$320', '行政套房:HK$358']"
維也納酒店（策勒店）,9.6,"['標準大床房:HK$303', '高級大床房:HK$331', '高級雙床房:HK$336', '豪華大床房:HK$336']"
維也納國際酒店（于田店）,9.8,"['豪華大床房:HK$309', '豪華雙床房:HK$335', '商務大床房:HK$335', '商務雙床房:HK$361', '親情家庭房:HK$412']"
