酒店名称,评分,房型价格列表
酒泉賓館,9.6,"['靜享大床房:HK$347', '致享大床房:HK$408', '致享雙床房:HK$408', '臻享大床房:HK$519', '尊享大床房:HK$541', '致享套房:HK$751']"
嘉峪關長城謠民宿,9.6,"['紫荊:HK$361', '葦澤:HK$361', '陽關:HK$361', '居庸:HK$361']"
嘉峪關楠舍客棧（方特絲路神話嘉峪關關城店）,9.4,"['楠舍特價大床房:HK$238', '楠舍浪漫大床房:HK$261', '楠舍雙床標準間:HK$293', '楠舍尊享大床房:HK$293']"
遠東華倫酒店（大唐美食街迎賓湖店）,9.6,"['逸緻嘉悦雙床房（零壓枕+深睡床墊+高速負離子吹風機）:HK$637', '逸緻嘉遇雙床房（零壓枕+深睡床墊+高速負離子吹風機）:HK$643', '逸緻嘉寧雙床房（零壓枕+深睡床墊+高速負離子吹風機）:HK$666', '畔山嘉悦大床房（零壓枕+深睡床墊+高速負離子吹風機）:HK$689', '逸緻嘉怡雙床房（零壓枕+深睡床墊+高速負離子吹風機）:HK$769']"
美豪麗致酒店（嘉峪關富強市場火車站店）,9.3,"['麗致智能大床房:HK$616', '麗致智能雙床房:HK$616', '雅緻智能大床房:HK$709', '雅緻智能雙床房:HK$709', '雅緻影院大床房:HK$741']"
嘉峪關鉑悦國際酒店（大唐美食街市政府店）,9.3,"['心悦大床房語音智控:HK$474', '高級雙床房-語音智控:HK$540', '商務大床房-語音智控:HK$597', '榻榻米親子房語音智控:HK$630', '豪華雙床房-語音智控:HK$671']"
酒泉萬禧國際酒店（市政府萬達廣場店）,9.5,"['商務大床房（高端衞浴+解壓慕思床墊+獨立陽台）:HK$427', '行政雙床房（高端衞浴+解壓慕思床墊+智能馬桶）:HK$511', '豪華大床房（高端衞浴+解壓慕思床墊+智能馬桶）:HK$526', '豪華行政大床房（高端衞浴+解壓慕思床墊+智能馬桶）:HK$534', '行政城景雙床房（高端衞浴+解壓慕思床墊+智能馬桶）:HK$630', '豪華城景大床房（智能語音控制+解壓慕思床墊+智能馬桶）:HK$679']"
嘉峪關賓館（富強市場店）,9.4,"['簡約雙床房:HK$174', '舒適雙床房:HK$217', '精簡大床房（香港雅瀾床墊+獨立加濕器）:HK$284', '逸緻雙床房（香港雅瀾床墊+泊純洗護+舒睡枕）:HK$292', '嘉賓雙床房（香港雅瀾床墊+小米吹風+加濕器）:HK$347']"
桔子酒店（嘉峪關大唐美食街市政府店）,9.6,"['高級大床房〔金可兒床墊-舒適睡眠〕:HK$497', '商務大床房〔金可兒床墊-電視投屏-舒適好睡眠〕:HK$566', '雙床房〔樂享生活-這就是桔子〕:HK$576', '高級雙床房〔金可兒床墊-電視可投屏-舒適睡眠〕:HK$644']"
嘉峪關美侖國際酒店,9.4,"['高級大床房:HK$498', '高級雙床房:HK$537', '豪華大床房:HK$537', '豪華雙床房:HK$577', '行政套房:HK$855']"
酒鋼賓館（嘉峪關富強市場東方百盛店）,9.4,"['翼樓·致遠雙床房（電視無線投屏+安心舒睡枕）:HK$207', '翼樓·時光單人房（衞浴乾濕隔離+院內園景）:HK$215', '翼樓·簡致雙床房（零壓床墊+無線投屏+安心舒睡枕）:HK$267', '西樓.中式街景雙床房（雅瀾床墊+迷你冰箱）:HK$316', '西樓.中式園景雙床房（雅瀾床墊+安心舒睡枕）:HK$336']"
漢庭酒店（嘉峪關迎賓湖店）,9.6,"['大床房:HK$348', '高級大床房:HK$388', '高級雙床房:HK$407', '家庭房:HK$477']"
海友酒店（嘉峪關店）,9.7,"['大床房（舒適乾淨+乾濕分離）:HK$271', '高級大床房（雲之夢床墊+大屏手機投屏電視+乾濕分離）:HK$321', '雙床房（金可兒雲夢之床+大屏手機投屏電視+乾濕分離）:HK$331', '家庭房（雲之夢床墊+大屏手機投屏電視+乾濕分離）:HK$391']"
全季酒店（嘉峪關迎賓湖店）,9.7,"['高級大床房【金可兒床墊+舒適辦公】:HK$537', '商務雙床房【金可兒床墊+舒適辦公】:HK$557', '景觀大床房【金可兒床墊+湖水碧綠】:HK$577', '家庭房【金可兒床墊+舒適辦公】:HK$656']"
酒泉絲路文華假日酒店（市政府萬達廣場店）,9.0,"['絲路特惠大床房（舒適深睡床墊+衞生間乾濕分離）:HK$281', '絲路特惠雙床房（舒適深睡床墊+衞生間乾濕分離）:HK$281', '絲路印象雙床房（舒適深睡床墊+衞生間乾濕分離）:HK$335', '絲路印象大床房（舒適深睡床墊+衞生間乾濕分離）:HK$335', '文華甄享大床房（舒適深睡床墊+衞生間乾濕分離）:HK$380']"
嘉峪關晨楓大酒店,9.5,"['優選智雅雙床房:HK$621', '豪華智雅雙床房-智能客控:HK$643', '豪華智雅大床房-智能客控:HK$643', '豪華親子套房:HK$1,090', '豪華套房:HK$1,090']"
如家精選酒店（嘉峪關迎賓西路店）,9.5,"['商務大床房（可投屏電視+全屋外窗）:HK$274', '高級大床房（可投屏電視+全屋外窗）:HK$283', '雙床房（可投屏電視+全屋外窗）:HK$283', '高級雙床房（可投屏電視+全屋外窗+部分可視湖景）:HK$291']"
嘉峪關宜好精選酒店（嘉峪關汽車站名嘉滙店）,9.4,"['悦享舒適大床房（潔凈舒適＋乾濕分離＋景觀內窗＋大屏電視）:HK$154', '悦享舒適雙床房（潔凈舒適＋乾濕分離＋景觀內窗＋大屏電視）:HK$329', '悦享精選雙床房（潔凈舒適＋乾濕分離＋寬敞明亮＋大屏電視）:HK$381', '悦享精選大床房（潔凈舒適＋乾濕分離＋寬敞明亮＋大屏電視）:HK$381']"
嘉峪關開通大廈,9.4,"['舒適大床房（全屋智能化+深度睡眠0壓枕）:HK$437', '舒適雙床房（全屋智能化+深度睡眠0壓枕）:HK$437', '觀景大床房（全屋智能化+深度睡眠0壓枕）:HK$457', '觀景雙床房（全屋智能化+深度睡眠0壓枕）:HK$457', '行政大床房（全屋智能化+深度睡眠0壓枕）:HK$703', '行政雙床房（全屋智能化+深度睡眠0壓枕）:HK$703']"
嘉峪關涵舍民宿,9.7,"['簡約榻榻米大房:HK$209', '美式榻榻米大房:HK$251', '獨立陽台北歐大床景觀房:HK$356', '中式尊享大床房:HK$368']"
全季酒店（嘉峪關市政府店）,9.7,"['大床房（金可兒床墊+舒適辦公）:HK$553', '商務雙人房（金可兒床墊+舒適辦公）:HK$562', '高級大床房（金可兒床墊+商務辦公）:HK$572', '商務大床房（金可兒床墊+舒適辦公）:HK$582']"
嘉峪關瑞程融創酒店,9.5,"['清舒雙床房（芝華仕床墊,小冰箱）:HK$480', '時光邂逅雙床房（芝華仕床墊,小冰箱,全景落地窗:HK$544', '靜怡雙床房（芝華仕床墊,小冰箱）:HK$544', '悦享城景大床房（芝華仕床墊,小冰箱,加濕器,全景落地窗:HK$632', '靜怡大床房（芝華仕床墊,小冰箱,加濕器）:HK$632']"
嘉峪關夕陽紅公寓（大劇院店）,9.3,"['山澗水韻園林雙床房:HK$209', '山澗水韻尊享雙床房:HK$226', '山澗水韻花園大床房:HK$244', '山澗水韻豪華大床房:HK$261', '山澗水韻温馨三人間:HK$302']"
嘉峪關名嘉滙諾金國際酒店,9.6,"['諾金商務房:HK$636', '諾金精選景觀房:HK$713', '諾金豪華湖景房:HK$713', '諾金湖景大床房:HK$713', '諾金豪華湖景大床房:HK$1,023', '諾金豪華套房:HK$1,302']"
如院·布舍民宿（嘉峪關店）,9.1,"['標準間:HK$265', '大床房:HK$314', '三人間:HK$407', '親子間:HK$516']"
嘉峪關白鹿隱居度假酒店（關城方特絲路神畫店）,9.1,"['雪山雙床房:HK$293', '浴缸大床房:HK$326', '圓湯標準間:HK$348', '輕奢圓湯大床房:HK$391', '佩奇親子房:HK$533']"
嘉峪關青年國際大酒店（大唐美食街迎賓湖店）,9.6,"['商務大床房（全屋智能語音客控+乳膠床墊+空氣加濕器）:HK$621', '商務標間（全屋智能語音客控+乳膠床墊+空氣加濕器）:HK$621', '舒適大床房（全屋智能語音客控+乳膠床墊+空氣加濕器）:HK$631', '舒適標間（全屋智能語音客控+乳膠床墊+空氣加濕器）:HK$631', '觀景大床房（全屋智能語音客控+乳膠床墊+空氣加濕器）:HK$632', '觀景標間（全屋智能語音客控+乳膠床墊+空氣加濕器）:HK$632']"
宜必思酒店（嘉峪關火車站店）,9.5,"['舒壓高級雙床房（夢百合床墊+舒適辦公）:HK$229', '舒壓高級大床房（夢百合床墊+舒適辦公）:HK$229', '舒壓豪華雙床房（夢百合床墊+舒適辦公）:HK$247', '舒壓大床房:HK$255']"
坤逸·時光酒店（嘉峪關雄關東湖生態景區店）,9.3,"['臻品雙床房（芝華仕床墊+無窗香薰+加濕器）:HK$224', '臻品大床房（芝華仕床墊+無窗香薰+加濕器）:HK$224', '玲瓏大床房（芝華仕床墊）:HK$267', '麗致雙床房（芝華仕床墊）:HK$291', '麗致大床房（芝華仕床墊）:HK$291']"
IU酒店（嘉峪關人民商城店）,9.4,"['小U·精緻大床房:HK$122', '小U·舒適大床房:HK$141', '小U·超級大床房:HK$151', '小U·舒適雙床房:HK$151']"
嘉峪關關城老王家客棧,9.2,"['標準雙人房:HK$249', '親子間:HK$301', '精品雙床房:HK$301']"
嘉峪關水墨名關假日酒店,9.8,"['墨居至臻大床房（潔凈舒適+景觀外窗+獨立加濕器）:HK$234', '墨居輕奢雙床房（潔凈舒適+景觀外窗+獨立加濕器）:HK$286', '墨居輕奢大床房（潔凈舒適+景觀外窗+獨立加濕器）:HK$286', '墨居至臻雙床房（潔凈舒適+景觀外窗+獨立加濕器）:HK$509']"
嘉峪關金都泊客商務酒店,9.4,"['家庭親子房:HK$307', '標準三人間:HK$320']"
Super8國際酒店（嘉峪關店）,9.5,"['高級智能雙床房:HK$577', '高級智能大床房:HK$577', '尊享智能大床房:HK$653', '尊享智能雙床房:HK$653', '智能家庭房:HK$708']"
嘉峪關酒鋼賓館（東樓）,9.5,"['靜雅歸真雙床房（雅瀾床墊+安睡枕+加濕器+劇幕投影）:HK$342', '甄選大床房:HK$492', '如意雅緻雙床房（靜享空間+加濕器+投屏劇幕）:HK$563', '如意雅緻大床房（靜享空間+加濕器+投屏劇幕）:HK$575', '樂享親子套房:HK$1,361']"
全季酒店（嘉峪關步行街店）,9.4,"['雙床房A（無窗）（金可兒床墊+內景窗）:HK$502', '高級大床房A（無窗）（金可兒床墊＋內景窗）:HK$502', '雙床房（金可兒床墊+商務辦公）:HK$522', '大床房（温馨舒適+商務辦公）:HK$532']"
陽關故人國際青年旅舍（嘉峪關關城景區店）,9.4,"['大床間:HK$143', '標準房:HK$153', '家庭間:HK$204']"
泊雅電競酒店,9.7,"['泊雅特惠雙人間:HK$259', '泊雅精品電競雙人間:HK$278', '泊雅精選電競雙人間:HK$290', '泊雅豪華電競大床房:HK$290']"
滙力商務公寓（嘉峪關東湖景區大唐美食街店）,9.3,"['特價雙床房:HK$165', '雅緻雙床房（雅蘭床墊）:HK$214', '麗景精選雙床房（雅蘭床墊）:HK$235', '雅緻大床房（雅蘭床墊）:HK$255', '精緻行政大床房（雅蘭床墊）:HK$356']"
星程酒店（嘉峪關大劇院東方百盛店）,9.4,"['商務大床房【安逸睡眠+潔凈舒適+乾濕分離】:HK$462', '商務雙床房【安逸睡眠+潔凈舒適+乾濕分離】:HK$462', '豪華大床房【安逸睡眠+潔凈舒適+乾濕分離】:HK$501', '豪華雙床房【安逸睡眠+潔凈舒適+乾濕分離】:HK$521']"
嘉峪關印象雄關概念酒店,9.0,"['尊享雅緻雙床房-（慕思床墊+舒適乾淨）:HK$226', '尊享雅緻大床房-（慕思床墊+舒適乾淨）:HK$234', '尊享舒適雙床房-（慕思床墊+舒適乾淨）:HK$241', '尊享舒適大床房-（慕思床墊+舒適乾淨）:HK$248']"
喆·啡酒店（嘉峪關誠信廣場店）,9.5,"['醇享生活房:HK$262', '啡凡雙人房:HK$286', '啡凡大床房:HK$286']"
嘉峪關泰和山莊民宿,8.5,"['豪華標準間:HK$235', '豪華大床房:HK$235', '三人間:HK$277', '商務套房:HK$380']"
嘉峪關福瑞精品酒店,9.2,"['舒適大床房:HK$368', '舒適標準間:HK$368', '精選標準間:HK$396', '精選大床房:HK$418']"
嘉峪關景都假日酒店（東湖景區大唐美食街店）,8.8,"['簡約雙床房:HK$282', '商務雙床房:HK$353', '觀景雙床房:HK$353', '豪華雙床房:HK$555']"
嘉峪關國際大酒店,9.3,"['精緻大床房:HK$401', '温馨舒適雙床房:HK$401', '親子間:HK$449', '臻品商務單間:HK$660', '優享舒適套間:HK$744']"
嘉峪關南湖大廈,9.3,"['精選大床房:HK$474', '精選標準間:HK$474', '豪華標準間:HK$502', '豪華單人間:HK$502', '親子間:HK$587']"
嘉峪關廣場假日酒店,8.6,"['錦綉標間（無窗）:HK$293', '迷你標間:HK$300', '錦綉標間:HK$334', '豪華標間:HK$468', '豪華單間:HK$519']"
三生一宅城市名宿,9.6,"['微醺:HK$524', '瑤池:HK$524', '曠野:HK$524', '颯蜜:HK$524']"
嘉峪關關雎別院民宿,9.1,"['別院精品大床房:HK$413', '別院精品標間:HK$445', '別院高級家庭房:HK$597', '別院家庭套房A:HK$1,754']"
