酒店名称,评分,房型价格列表
全季酒店（四平英雄廣場市政府店）,9.6,"['大床房:HK$319', '高級大床房:HK$337', '雙床房:HK$357', '家庭房:HK$377']"
四平維美戴斯大酒店（火車站仁興裏沉浸式街區店）,9.3,"['優享城景大床房:HK$252', '優享城景雙床房:HK$306', '尊享城景大床房:HK$361', '尊享城景雙床房:HK$372', '尊享城景行政套房:HK$971']"
四平吉平賓館,9.7,"['觀景大床房:HK$365', '觀景雙床房:HK$365', '親子家庭房:HK$444', '尊享親子家庭房:HK$538', '商務套房:HK$611']"
漢庭酒店（四平火車站吾悦廣場店）,9.5,"['大床房:HK$213', '高級大床房:HK$231', '雙床房:HK$231', '家庭房:HK$250']"
歐屹方舟大酒店（四平高鐵站一中店）,9.4,"['榻榻米房:HK$205', '星空標間（無窗）:HK$215', '商務標間:HK$256', '温馨大床房:HK$256']"
麗楓酒店（四平萬達廣場店）,9.4,"['雅緻大床房（藍牙音箱+小冰箱+空氣凈化器）:HK$222', '豪華大床房（藍牙音箱+小冰箱+空氣凈化器）:HK$238', '豪華雙床房（藍牙音箱+小冰箱+空氣凈化器）:HK$246', '商務大床房（藍牙音箱+小冰箱+空氣凈化器）:HK$254']"
白玉蘭酒店（四平火車站南一經街店）,9.1,"['輕舒大床房:HK$125', '玉舒大床房:HK$140', '玉舒雙床房:HK$140', '蘭舒雙床房:HK$156']"
四平9號公館酒店（萬達廣場店）,9.5,"['行政豪華大床房:HK$286', '行政高級大床房:HK$320', '行政豪華家庭房:HK$337', '行政豪華標準間:HK$337']"
漢庭酒店（四平東站鐵東政府店）,9.9,"['大床房:HK$222', '高級大床房:HK$241', '雙床房:HK$241', '家庭房:HK$283']"
H連鎖丨金澤酒店（四平火車站店）,8.8,"['商務大床房:HK$137', '商務標準間:HK$145', '豪華標準間:HK$169', '娛樂房:HK$169']"
如家酒店（四平火車站店）,9.2,"['大床房A:HK$174', '商務大床房:HK$192', '雙床房:HK$210', '高級大床房:HK$210']"
可勒小鎮假日酒店（四平歐亞商都店）,9.7,"['小鎮雙床房:HK$196', '優享大床房:HK$196', '精品大床房:HK$213', '行政雙床房:HK$232']"
可勒小鎮假日酒店（四平火車站店）,9.6,"['小鎮大床房:HK$231', '美式精品雙床房:HK$231', '美式豪華大床房:HK$247', '美式豪華雙床房:HK$247']"
漢庭酒店（四平中心醫院七道街店）,9.3,"['大床房:HK$159', '高級大床房:HK$168', '雙床房:HK$177', '商務大床房:HK$187']"
四平卓悦方舟酒店,8.8,"['商務標間:HK$155', '商務大床房:HK$155', '主題大床房:HK$155']"
四平銀盾酒店（萬達廣場店）,9.0,"['舒適大床房（加大床）:HK$129', '特價大床房:HK$134', '特價標間:HK$134', '精品商務大床房:HK$137']"
國王電競公寓（四平萬達廣場店）,9.2,"['高端雙人電競大床房:HK$192', '單人電競大床房:HK$195', '競技雙人大床房4070顯卡:HK$213', '豪華電競三人間:HK$277']"
公元城市賓館（四平火車站店）,9.5,"['超值特價房:HK$128', '經濟大床房:HK$137', '商務大床房:HK$153', '商務標準間:HK$153']"
喜都水晶酒店（四平興紅路店）,9.3,"['儒雅雙床房:HK$216', '水晶大床房:HK$216', '愜意榻榻米:HK$216', '商務套房:HK$454']"
四平逸都假日酒店,9.1,"['特惠大床房:HK$90', '經典大床房:HK$107', '經典雙床房:HK$115', '豪華大床房:HK$156']"
未來都市智慧酒店（萬達廣場店）,9.4,"['温馨大床房【全屋智能】:HK$81', '地中海【全屋智能】:HK$98', '日式【全屋智能】:HK$98', '奢華雙床房【全屋智能】:HK$98']"
四平春哥賓館,9.4,"['特惠大床房:HK$56', '豪華大床房:HK$56', '影音圓床房:HK$82']"
四平陌上花開公寓,8.2,"['愛如潮水:HK$138', '長相思:HK$147', '紅山果投影大床房:HK$164', '五月天標準雙床房:HK$208']"
四平良友賓館,8.2,"['精品大床房:HK$90', '特惠雙床房:HK$105', '商務標準間:HK$113', '精品雙床房:HK$113']"
四平宜心思快捷酒店（歐亞購物中心店）,8.9,"['精緻大床房:HK$58', '精緻雙床房:HK$70', '豪華標準間:HK$76', '豪華大床房:HK$83']"
民和酒店（四平歐亞購物中心店）,9.2,"['特惠房:HK$110', '高級大床房:HK$141', '高級雙床房:HK$141', '休閑大床房:HK$155']"
祕密空間公寓（吉林師範大學店）,8.6,"['灌籃高手籃球主題房:HK$114', '海綿寶寶:HK$122', '佳片有約:HK$122']"
錦江之星（四平平東大路萬達廣場店）,8.6,"['商務房C:HK$103', '商務房B:HK$134', '商務標準房B:HK$134', '商務房A:HK$155']"
四平淘淘公寓,7.0,"['歐式温馨大床房A:HK$151', '歐式温馨大床房B:HK$151']"
祕密空間公寓（四平萬達廣場店）,8.6,"['碧海藍天投影主題房:HK$75', '初學者高爾夫球投影主題房:HK$130', '星辰大海投影主題房:HK$130', '絕地武士投影主題房:HK$130']"
四平壩上人家時尚旅店,10.0,"['標準間（公衞）:HK$25', '大床房（無窗）:HK$37', '大床房:HK$40']"
四平時空嘉緣公寓,8.9,"['特價大床房:HK$35', '舒適空調房:HK$58', '温馨空調房:HK$82']"
四平紫微時尚賓館,8.7,"['特價房:HK$77', '浪漫圓床房:HK$87', '標準間:HK$96', '大床房:HK$96']"
四平糖果主題賓館,2.5,"['糖果之戀（無窗）:HK$70', '簡約舒適房:HK$91', '天長地久（無窗）:HK$98', '韓朝風:HK$98']"
星程酒店（雙遼火車站店）,9.8,"['高級雙床房:HK$280', '高級大床房:HK$290', '套房:HK$346']"
梨樹縣驛菲商務酒店（吉林工程職業學院店）,9.2,"['大床房:HK$173', '標準雙人間:HK$185', '三人間:HK$217', '婚房:HK$728']"
伊通半島薈酒店,9.3,"['商務大床房（芝華仕乳膠床墊+智能飲水機）:HK$199', '高級大床房（芝華仕乳膠床墊+智能飲水機）:HK$219', '高級雙床房（芝華仕乳膠床墊+智能飲水機）:HK$219', '豪華影視大床房（影音會員+百寸幕布）:HK$278', '商務套房:HK$766']"
漢庭酒店（雙遼市政府店）,9.8,"['高級大床房:HK$264', '商務大床房:HK$284', '雙床房:HK$284', '家庭房:HK$302']"
漢庭酒店（雙遼政務中心店）,9.9,"['高級大床房:HK$274', '高級雙床房:HK$274', '家庭房:HK$293', '豪華家庭房:HK$312']"
星程酒店（伊通城市廣場店）,9.6,"['高級大床房:HK$246', '雙床房:HK$246', '家庭房:HK$265', '高級雙床房:HK$286']"
漢庭酒店（伊通客運站店）,9.8,"['雙床房:HK$196', '高級大床房:HK$205', '家庭房:HK$224', '套房:HK$252']"
雙遼豪泰酒店,9.0,"['家庭房:HK$165', '娛樂標準間:HK$165', '輕奢家庭房:HK$195', '尊享雙床房:HK$293']"
糖果民宿,8.6,"['精品大床房（1301）:HK$173', '豪華大床房（1304）:HK$173', '温馨一室一廳大床房（1502）:HK$184', '高清投影大床房（1320）:HK$184']"
梨樹格瑞斯商務賓館,9.5,"['舒適大床房:HK$96', '商務雙床房:HK$113', '家庭三人間:HK$115', '棋牌大床房:HK$115']"
雙遼沐林快捷賓館（財政局店）,9.2,"['特價大床房:HK$76', '經濟標準間:HK$90', '精品大床房:HK$93', '精品標準間:HK$98']"
伊通楷通酒店,8.6,"['特惠大床房:HK$151', '商務標準間（零壓床）:HK$184', '商務大床房（零壓床）:HK$184', '電競大床房:HK$205']"
雙遼友佳休閑賓館,9.2,"['標準間雙床房:HK$74', '標準間大床房:HK$74', '標準大床房:HK$85', '標準雙床房:HK$85']"
四平新三奇時尚賓館（火車站店）,9.3,[]
