酒店名称,评分,房型价格列表
大興安嶺恆升快捷賓館,9.7,"['標間:HK$140', '大床房:HK$140', '三人間:HK$173', '麻將間:HK$173']"
星程酒店（大興安嶺加格達奇店）,9.5,"['大床房:HK$563', '雙床房:HK$604', '高級大床房:HK$654', '高級雙床房:HK$654', '家庭房:HK$714']"
大興安嶺雲溪森林風光養心谷,9.0,['觀山大床房:HK$611']
盛迦酒店（南山公園新林客運站店）,8.2,"['尊享山景雙床房:HK$249', '豪華山景雙床房:HK$369', '尊享家庭房:HK$386', '尊享山景套房:HK$544']"
大興安嶺新林區億都賓館,9.8,"['雅緻大床間:HK$110', '雅緻雙人間:HK$119', '雅緻三人間:HK$156']"
大興安嶺呼中酒店,9.2,"['温馨雙床房:HK$195', '温馨親子房:HK$216', '豪華大床房:HK$216', '豪華小套房:HK$424']"
嶺愈-酒店,9.6,"['北國紅豆·特惠圓床房:HK$402', '嶺愈·靜雅大床房:HK$435', '嶺愈·雅居雙床房:HK$446', '五號山谷·大床房:HK$544']"
大興安嶺小火炕旅店,8.5,"['大床間:HK$184', '火炕間:HK$184', '商務標間:HK$184', '標間:HK$205']"
大興安嶺軒隆商務酒店,8.7,"['標準雙人房:HK$126', '家庭房:HK$146', '標準三人間:HK$165']"
大興安嶺鑫華快捷賓館,8.9,"['普通三人間:HK$74', '小標準間:HK$151', '家庭房:HK$162', '大標準間:HK$184']"
大興安嶺寧軒快捷賓館,9.3,"['普通大床房（無窗）:HK$119', '舒適大床房:HK$137', '舒適雙人房:HK$137', '豪華大床房:HK$156']"
大興安嶺温馨賓館,9.0,"['大床房:HK$184', '標間:HK$195', '家庭房:HK$216', '三人間:HK$249']"
如家精選酒店（大興安嶺加格達奇店）,9.7,"['高級大床房:HK$386', '高級雙床房:HK$394', '大床房:HK$405', '安心睡0壓大床房:HK$422']"
雅馨小屋民宿,9.5,['精緻一室大床房:HK$184']
大興安嶺欣宜賓館,8.7,"['普通大床房（無窗）:HK$129', '標準間:HK$132', '大床房:HK$140', '大標準間:HK$174']"
大興安嶺和泰快捷賓館,9.1,"['優選標準間:HK$107', '和泰大床房:HK$107', '和泰標準間:HK$118', '和泰三人間:HK$151']"
加格源盛賓館,9.2,"['特價大床房:HK$103', '201大床房:HK$103', '大床房:HK$114', '三人間:HK$129']"
大興安嶺朗逸商務酒店,7.9,"['雙床房:HK$151', '大床房:HK$151', '三人間:HK$164', '豪華套房:HK$315']"
大興安嶺520主題賓館（加格達奇火車站店）,7.5,"['温馨圓床房:HK$86', '精品圓床房:HK$98', '普通大床房:HK$99', '温馨大床房:HK$112']"
吉祥旅店（大興安嶺加格達奇店）,7.9,"['雙人間（公共衞浴）:HK$69', '四人間（公共衞浴）:HK$74', '三人間 （公共衞浴）:HK$85', '商務標間:HK$140']"
呼中區大白山賓館,2.6,"['大床房:HK$98', '標準間:HK$118', '商務標準間:HK$148', '小套房:HK$216']"
加格達奇福興樓賓館,6.8,"['特價房:HK$107', '標準間:HK$151', '大床房:HK$173', '三人間:HK$238']"
水韻雅居別墅酒店（初心廣場中國漠河美食一條街店）,9.8,"['浮白·悠然温馨大床房（智能馬桶+乾濕分離）:HK$362', '春華·舒適大床房（乾濕分離+智能馬桶）:HK$393', '芒寒·雅緻靜享雙床房（空調+乾濕分離+智能馬桶）:HK$407', '清瑤·繁錦豪華套房（乾濕分離+沙發+智能馬桶）:HK$477']"
漠河一覽芳華精品民宿,9.6,"['大床房:HK$257', '雙床房:HK$281', '家庭房:HK$341']"
驛站馬家民宿,9.7,"['標準間:HK$138', '無窗單大床房:HK$139', '雙大床無窗:HK$235', '單大床房:HK$253']"
林韻山居精品民宿（中國漠河美食一條街店）,9.6,"['輕享大床房:HK$249', '臻享-雅緻大床房（乾濕分離+智能馬桶）:HK$286', '雅緻-和悦雙床房:HK$286', '雅緻-拾光雙床房（空調+智能馬桶）:HK$295']"
漠河松盈精選酒店,9.6,"['特惠雙床房（空調房）:HK$260', '豪華大床房（空調房）:HK$415', '雅緻雙床房（空調房）:HK$430', '商務大床房（空調房）:HK$445']"
漠河悠然山居民宿,9.7,"['特價房:HK$384', '精品標準間:HK$525', '精品大床房:HK$525', '精品家庭房:HK$744']"
塔河東湖別苑酒店,8.6,"['標準房:HK$290', '大床房:HK$332', '豪華大床房:HK$410', '豪華商務大床房:HK$730']"
香格麗雅賓館,9.7,"['特價大床房（無窗）:HK$169', '標準雙床房:HK$195', '舒適親子房:HK$249', '豪華大床房:HK$304']"
鑫苑極地賓館（漠河舞廳店）,9.3,"['特惠標準間:HK$244', '標準雙人間:HK$261', '標準大床房:HK$261', '温馨家庭房:HK$277']"
漠河桔光酒店（漠河舞廳店）,9.6,"['無窗大床房（空調&智能馬桶&乳膠床墊）:HK$175', '簡約大床房（空調&智能馬桶&乳膠床墊）:HK$221', '温馨大床房（空調&智能馬桶&乾濕分離&乳膠床墊）:HK$229', '特惠雙床房（空調&智能馬桶&乾濕分離&乳膠床墊）:HK$229']"
漠河半島假日酒店,8.6,"['雅緻大床房:HK$462', '雅緻雙床房:HK$462', '商務大床房:HK$480', '豪華雙床房:HK$480']"
北極精選酒店（漠河舞廳店）,9.5,"['藍天主題雙人間（乾濕分離+智能馬桶）:HK$162', '極光情侶無窗大床房（智能馬桶+乾濕分離）:HK$185', '星空主題大床房（衞生間乾濕分離+智能馬桶）:HK$194', '舒適標準間（馬桶智能+窗簾智能+乾濕分離）:HK$247']"
漠河松苑酒店,9.3,"['雅緻大床房:HK$262', '雅緻雙床房:HK$271', '豪華雙床房:HK$367', '豪華大床房:HK$467']"
漠河拾葉知悠民宿（民俗街店）,9.7,"['相戀·皮卡丘樂園:HK$685', '相遇·夢繞長松塔:HK$685', '相許·琴聲懷舊裏:HK$685', '相依·紈倚人間俗:HK$685']"
駿怡連鎖酒店（漠河舞廳店）,9.6,"['標準雙床房:HK$310', '智能語音大床房（乾濕分離+智能馬桶+智能窗簾+空調）:HK$342', '標準公寓房:HK$363', '智能語音雙床房（乾濕分離+智能馬桶+智能窗簾+空調）:HK$373']"
塔河同譽賓館,9.0,"['雅韻標準間:HK$108', '茶韻大床房:HK$161', '茶韻雙人間:HK$161', '輕奢緣夢大床房:HK$164']"
塔河誠信商務酒店,8.7,"['特價投影標間（無窗）:HK$173', '標準雙人間:HK$391', '大床房:HK$391', '複式投影智能大床房:HK$424']"
南緣北宿,9.5,"['新中式大床房:HK$202', '新中式標準房:HK$352', '新中式商務大床房:HK$389', '新中式家庭房:HK$490']"
漠河紅金鼎大酒店,8.8,"['豪華標準間:HK$391', '豪華大床房:HK$391', '舒睡零壓房:HK$434', '普通標準間:HK$434']"
塔河鴻源賓館,9.4,"['特價大床房（無窗）:HK$88', '特惠大床房:HK$168', '特惠雙床房:HK$175', '標準房:HK$184']"
漠河雪舍假日賓館（北極星廣場店）,9.2,"['雪馨丨舒適雙床房（空調房+智能馬桶+智能門鎖）:HK$315', '雪靜丨豪華大床房（空調房+智能馬桶+智能門鎖）:HK$326', '雪恬丨豪華家庭房（空調房+智能馬桶）:HK$338', '雪歡丨豪華麻將房（空調+棋牌麻將+智能馬桶）:HK$341']"
有澗酒店（中國漠河美食一條街店）,9.5,"['清樸·特惠雙床房（智能客控+乾濕分離+舒適床墊）:HK$216', '歸來·舒心大床房（智能客控+乾濕分離+舒適床墊）:HK$250', '雲上·舒適雙床房（智能客控+乾濕分離+舒適床墊）:HK$282', '時光·舒適家庭房（智能客控+乾濕分離+舒適床墊）:HK$326']"
朋徠閣民宿,9.7,"['大床房:HK$278', '標準間:HK$382', '商務標準間:HK$455']"
塔河睿墨雲賓館,9.4,"['無窗大床房:HK$156', '豪華大床空調房:HK$212', '舒適投影雙床房:HK$212', '豪華標準雙床空調房:HK$230']"
漠河藍莓酒店,10.0,"['舒適標準間（空調+全屋智能+乾濕分離）:HK$510', '豪華大床房（空調+全屋智能+乾濕分離）:HK$529', '豪華標準間（空調+全屋智能+乾濕分離）:HK$556', '温馨家庭房（空調+全屋智能+乾濕分離）:HK$556']"
漠河全意賓館,9.4,"['温馨標準間:HK$129', '大床房:HK$129', '三人間:HK$238', '豪華雙床房:HK$315']"
漠河一路向北酒店,9.6,"['雅緻大床房:HK$197', '特惠雙床房:HK$197', '精品雙床房:HK$228', '家庭親子房:HK$259']"
如家華驛精選酒店（漠河市公路客運站店）,9.4,"['舒適標準間（全屋智能＋空調）:HK$454', '豪華大床房（全屋智能＋空調）:HK$547', '尊享家庭房（全屋智能＋空調）:HK$582']"
