酒店名称,评分,房型价格列表
大連瑞詩酒店,9.0,"['標準雙床間:HK$618', '標準大床間:HK$637', '一室經濟公寓:HK$670', '標準氧吧大床房:HK$670', '豪華大床房:HK$733', '豪華雙床房:HK$733']"
大連十洲雲水大酒店（大連西安路地鐵站店）,9.1,"['S靜謐舒睡大床房:HK$435', 'S靜謐舒睡雙床房:HK$435', 'S巨幕影音雙床房:HK$435', 'S新中式·庭院雙床房（零壓床墊+整晚安睡）:HK$477', 'S新中式·庭院大床房（零壓床墊+整晚安睡）:HK$477']"
如家商旅酒店（大連機場店）,9.9,"['商務大床房A（智能客控+夢百合零壓床墊、零壓枕）:HK$349', '商務大床房（智能客控+夢百合零壓床墊、零壓枕）:HK$374', '安心睡0壓大床房（空氣凈化器+智能客控+0壓床墊0壓枕）:HK$398', '標準雙床房（智能客控+夢百合零壓床墊、零壓枕）:HK$406']"
大連紅星海百仕城酒店（經濟技術開發區店）,9.3,"['舒適特惠大床房（0壓床品＋地暖＋解壓花灑）:HK$232', '舒適特惠雙床房（0壓床品＋地暖＋解壓花灑）:HK$244', '躺平影院大床房（0壓床品+超大幕布＋地暖）:HK$256', '悦享豪華雙床房（0壓床品＋地暖＋獨立化粧台）:HK$275']"
大連恆力大酒店,9.5,"['豪華城景大床房:HK$1,003', '豪華海景大床房:HK$1,161', '豪華城景二居室:HK$1,426', '豪華城景二居室家庭套房:HK$1,584', '至尊海景大床房:HK$1,690', '豪華海景二居室套房:HK$1,774']"
大連海尊智選假日酒店,8.8,"['高級房 大床:HK$398', '高級房 超大床 中庭景觀:HK$398', '高級房 超大床:HK$426', '高級房 雙床:HK$426', '高級房（超大床·更大面積）:HK$539']"
如家商旅酒店（大連火車站友好廣場地鐵站店）,9.7,"['大床房A:HK$377', '大床房:HK$394', '高級大床房:HK$413', '安心睡0壓大床房:HK$449']"
大連麗景酒店（大連老虎灘漁人碼頭店）,8.7,"['山景雙床房:HK$489', '山景大床房:HK$489', '海景雙床房:HK$573', '海景家庭房:HK$697', '豪華山景家庭房:HK$867']"
宜必思酒店（大連星海公園店）,9.5,"['大床房【秒睡記憶枕+輕奢睡眠+拍照出片枕】:HK$341', '雙床房A（智能投屏+乾濕分離）:HK$341', '高級大床房【秒睡記憶枕+金可兒床墊+輕奢睡眠】:HK$362', '雙床房（智能投屏+秒睡記憶枕）:HK$381']"
和頤酒店（大連西安路地鐵站店）,9.4,"['大床房:HK$394', '雙床房:HK$413', '商務大床房:HK$431', '高級雙床房:HK$449', '家庭房:HK$530']"
如家精選酒店（大連星海公園南沙街店）,9.6,"['商務大床房A（智能客控+小冰箱+夢百合床墊）:HK$360', '雙床房A（智能客控+小冰箱+夢百合床墊）:HK$394', '商務大床房（智能客控+小冰箱+夢百合床墊）:HK$403', '雙床房（智能客控+小冰箱+夢百合床墊）:HK$421']"
大連人民廣場市政府開元名庭酒店,9.4,"['名成舒適大床房|乾濕分離|MINI冰箱:HK$483', '名成豪華大床房|乾濕分離|MINI冰箱:HK$559', '名成豪華雙床房|乾濕分離|MINI冰箱:HK$559', '名成行政大床房|乾濕分離|MINI冰箱|會客區:HK$581', '名成行政家庭房|乾濕分離|MINI冰箱|:HK$647']"
美豪麗致酒店（大連站中山廣場店）,9.2,"['麗致·城景大床房| 城市觀景 | MINi冰箱 | 50寸網絡電視 | 手機投屏:HK$597', '麗致·城景雙床房 | 城市觀景 | MINI冰箱 | 50寸網絡電視 | 手機投屏:HK$789', '麗致·凌空大床房 | 高空城市觀景 | MINI冰箱 | 50寸網絡電視| 手機投屏:HK$881', '麗致·凌空雙床房 | 高空城市觀景 | MINI冰箱 | 50寸網絡電視| 手機投屏:HK$1,067', '麗致·影音行政大床房 | 慕思床墊 | 堅果投影 | 哈曼卡頓音響 | 電動馬桶 | 高空城市觀景:HK$1,160']"
大連中山廣場亞朵酒店,9.5,"['雅緻大床房（手機投屏）:HK$807', '高級大床房（手機投屏）:HK$907', '高級雙床房（手機投屏）:HK$987', '幾木大床房（手機投屏+茶几+茶台+浴袍+小冰箱）:HK$1,077', '幾木雙床房（手機投屏+茶几+茶台+浴袍+小冰箱）:HK$1,256']"
全季酒店（大連青泥窪商業街店）,9.5,"['大床房:HK$595', '高級大床房:HK$624', '雙床房:HK$624', '舒壓高級大床房:HK$672']"
大連中山廣場海景美侖酒店,9.4,"['城海雙景大床房（城海雙景+聞香好眠）:HK$747', '海景行政大床房（超大床+聞香好眠）:HK$823', '豪華雙床房（聞香好眠+1.35寬鬆單床）:HK$841', '海景景觀套房（高空海景+聞香好眠+手機投屏）:HK$861', '海景景觀雙床房（寬鬆單床+聞香好眠）:HK$936']"
大連安步·海景復古民宿,9.7,"['抺茶·舒適榻榻米投影房:HK$546', '暖木·園景大床房:HK$546', '煙雨·伴海落日大床房:HK$654', '瓦瓦烏·美式浴缸影音房:HK$763']"
大連中山大酒店,7.0,"['特價大床間:HK$222', '普通大床房:HK$262', '普通雙床房:HK$262', '喜臨門深睡大床房:HK$316', '行政商務大床房:HK$546']"
日月明酒店·精選（大連九六七醫院高爾基路店）,9.5,"['廊畫商旅雙床房（喜臨門釋放脊椎床墊+記憶棉枕頭）:HK$436', '廊畫商旅大床房（喜臨門釋放脊椎床墊＋記憶棉枕頭）:HK$436', '商旅高級雙床房A（倚窗望夕照+喜臨門釋放脊椎床墊+記憶棉枕頭）:HK$483', '商旅高級雙床房B（喜臨門釋放脊椎床墊+記憶棉枕頭）:HK$568']"
大連星海會展中心CitiGO歡閣酒店,9.2,"['歡享大床房（智能客控+手機投屏）:HK$510', '歡閣雙床房（智能客控+手機投屏）:HK$529', '歡閣大床房（智能客控+手機投屏）:HK$549', '歡逸海景大床房（智能客控+手機投屏）:HK$586', '歡閣親子房（智能客控+智能馬桶+手機投屏）:HK$681']"
傾松·雅居（大連星海廣場店）,9.8,"['永嘉.靜謐舒睡大床房（無窗）:HK$631', '江夏.零壓床墊+巨幕投影:HK$886', '臨安.零壓床墊+海景陽台:HK$997', '渝州.零壓床墊+海景+浴缸:HK$1,219', '金陵.家庭雙床+零壓床墊:HK$1,330']"
宜必思尚品酒店（大連火車站青泥窪橋店）,9.5,"['商務大床房（手機投屏）:HK$567', '舒適loft大床房（手機投屏）:HK$595', '商務雙床房（手機投屏）:HK$595', '浴享loft套房（手機投屏）:HK$623']"
棲在藍岸·地中海浪漫風情海景度假美宿（星海廣場店）,9.9,"['海景～庭院大床房:HK$1,853', '海景～複式庭院大床房:HK$1,888', '海景～庭院雙床房:HK$2,098', '海景～庭院家庭套房:HK$2,658']"
凱里亞德酒店（大連萬達安盛購物廣場店）,9.7,"['樂享智能大床房（投屏+冰箱+智能馬桶）:HK$347', '優享智能大床房（投屏+冰箱+智能馬桶）:HK$377', '榮享智能大床房（投屏+冰箱+智能馬桶）:HK$377', '優享智能雙床房（投屏+冰箱+智能馬桶）:HK$429']"
大連四時鯨語海灘度假酒店,9.4,"['樂享投影大床房:HK$2,013', '海灘・全景雙人間:HK$2,569', '海灘 · 全景大床房:HK$2,569', '日落晚霞大床房:HK$2,569', '海灘・全景家庭超大床房:HK$2,569']"
大連海擎天酒店（星海廣場店）,9.2,"['温馨大床房:HK$794', '商務大床房:HK$1,023', '雅緻大床房:HK$1,300', '高級雙床房:HK$1,427']"
大連凱倫温泉酒店,8.1,"['舒適大床房（小冰箱）:HK$222', '舒適雙床房（小冰箱）:HK$222', '豪華雙床房（小冰箱）:HK$389', '貴賓房:HK$688']"
璞瑅酒店（中山廣場/人民路東港商務區）,9.7,"['零壓行政大床房/65寸智能投屏/全屋語音智能/免費迷你吧:HK$634', '商旅雙床房/65寸智能投屏/全屋語音智能/夢百合零壓床品:HK$645', '雅緻雙床房/65寸智能投屏/全屋語音智能/夢百合零壓床品:HK$678', '巨幕影音大床房/極米百寸1080P投屏觀影/免費迷你吧:HK$743', '奢享雙床房|65寸智能投屏|全屋語音智能|夢百合零壓床品:HK$765']"
桔子酒店（大連西安路地鐵站店）,9.8,"['精選大床房:HK$613', '豪華大床房:HK$663', '雙床房:HK$714', '家庭房:HK$793']"
青丘桃林酒店（大連星海廣場店）,9.8,"['十里桃林·竹影小院大床房（手機投屏+洗護智能馬桶）:HK$643', '九重·私享靜謐浴缸大床房（泡浴觀影+智能馬桶+零壓床墊）:HK$792', '紫宸·零壓舒適家庭房（零壓床墊+智能馬桶+小童推車）:HK$890', '崑崙·山水觀景大床房（山景+河景+安靜舒適）:HK$965', '若水·廣場觀景大床房（乾濕分離+智能馬桶）:HK$1,072']"
大連日月潭大酒店（大連火車站店）,9.0,"['高級雙床房（乳膠枕+智能馬桶）:HK$488', '高級大床房（乳膠枕+金可兒床墊）:HK$490', '高級家庭房（智能馬桶+金可兒床墊）:HK$616']"
全季酒店（大連中山廣場人民路店）,9.5,"['大床房（手機投屏）:HK$496', '高級大床房（手機投屏）:HK$524', '舒壓高級大床房（手機投屏）:HK$552', '雙床房（手機投屏）:HK$608']"
晴天民宿SUNNYDAY（大連老虎灘漁人碼頭店）,9.8,"['星火中古風.全屋智能＋零壓床墊大床房:HK$624', '星語.全屋智能＋零壓床墊＋觀海大床房:HK$625', '星月中古風.全屋智能＋零壓床墊 大床房:HK$713', '星雲.奶fufu.全屋智能＋零壓床墊 智能大床房:HK$714']"
大連火車站中山廣場桔子水晶酒店,9.6,"['高級大床房（手機投屏+小冰箱+浴袍）:HK$512', '榻榻米大床房（手機投屏+浴袍+浴缸+小冰箱）:HK$563', '高級雙床房（手機投屏+浴袍+小冰箱）:HK$563', '商務大床房（手機投屏+浴袍+浴缸+小冰箱）:HK$613', '花漾雙床房（手機投屏+小冰箱+浴袍）:HK$613']"
新文園大酒店（中山廣場人民路東港商務區店）,9.1,"['尊享小廂房|喜臨門SPA零壓床墊+智能客控+網絡投屏電視:HK$635', '馨享大床房 ▏高空城市景觀 ▏ 夢百合零壓床墊 ▏:HK$678', '馨享雙床房 ▏高空城市景觀 ▏ 夢百合零壓床墊:HK$688', '巨幕影音雙床房 極米百寸1080P投屏觀影+高空城市景觀:HK$699', '巨幕影音大床房 極米百寸1080P投屏觀影+高空城市景觀:HK$699']"
國葯康養大連旅居中心,9.5,"['園景雙人間:HK$558', '海景大床房:HK$632', '豪華海景大床房:HK$868', '海景小套房:HK$1,289']"
大連中山廣場人民路輕居酒店,9.7,"['舒適大床房:HK$592', '標準大床房:HK$637', '標準雙床房:HK$637', '高級大床房:HK$682', '高級套房:HK$816']"
大連久棲藍岸民宿,9.9,"['愛琴海大床房:HK$1,958', '輕奢複式海景房:HK$2,098', '地中海家庭房:HK$2,308', '餘波庭院海景房:HK$2,658']"
慕往酒店（大連經濟技術開發區金馬路店）,9.8,"['慕悦陽光大床房+零壓床品:HK$406', '慕悦陽光雙床房+零壓床品:HK$419', '慕享巨幕影音大床房+零壓床品+mini 吧:HK$432', '慕享巨幕影音雙床房+零壓床品+mini 吧:HK$446', '慕韻商務海景大床房+零壓床品+小冰箱+mini 吧:HK$513']"
大連中山希爾頓歡朋酒店,9.6,"['舒適大床房:HK$930', '高級雙床房:HK$981', '高級山景雙床房:HK$1,071', '高級大床房:HK$1,111', '高級山景大床房:HK$1,162']"
大連華南廣場桔子水晶酒店,9.7,"['高級大床房（親膚浴袍+電視投屏+冰箱+智能馬桶+香氛）:HK$603', '高級雙床房（親膚浴袍+電視投屏+冰箱+智能馬桶+香氛）:HK$653', '商務大床房（親膚浴袍+電視投屏+冰箱+智能馬桶+香氛）:HK$653', '豪華大床房（親膚浴袍+電視投屏+冰箱+智能馬桶+香氛）:HK$723', '豪華親子房（親膚浴袍+小童牙刷&拖鞋+小冰箱+智能馬桶+侍寢香氛）:HK$754']"
大連不侗桃李民宿（威尼斯水城店）,9.2,"['不侗·海升明月:HK$382', '不侗·別有洞天:HK$390', '不侗·自成芳華:HK$631', '不侗·島宿江濱:HK$650']"
AMANO安漫諾酒店 （大連星海廣場店）,9.8,"['驚鴻·冬青豪華雙床房:HK$2,536', '緣來·風鈴海景房:HK$3,530', '初見·山茶豪華海景房:HK$3,873', '白首梔子·豪華海景房:HK$3,966', '白首千日·親子海景房:HK$4,514']"
大連開發區安盛廣場亞朵X酒店,9.6,"['雅緻大床房（手機投屏）:HK$358', '高級大床房（手機投屏）:HK$376', '高級雙床房（手機投屏+小冰箱）:HK$376', '幾木大床房（手機投屏+小冰箱+浴袍）:HK$403', '幾木雙床房（手機投屏+小冰箱+浴袍）:HK$403']"
大連春天酒店（市政府人民廣場地鐵站店）,9.2,"['特價大床房:HK$276', '精選大床房:HK$299', '精選雙床房:HK$322', '優選家庭房:HK$433']"
大連中山諾富特酒店,9.4,"['海景大床房:HK$774', '高級大床房:HK$834', '海景高級大床房:HK$894', '豪華大床房:HK$924', '豪華雙床房:HK$955']"
錦時·設計師民宿（大連星海廣場店）,9.8,"['桃月·零圧床墊+LED投影:HK$873', '暮雪·零圧床墊+LED投影+綺美石浴缸:HK$939', '花影·零圧床墊+LED投影:HK$1,004', '韶華·零圧床墊+LED投影+綺美石浴缸:HK$1,004', '素商·零圧床墊+綺美石浴缸:HK$1,004']"
如家精選酒店（大連星海廣場會展中心店）,9.0,"['大床房:HK$515', '商務大床房:HK$533', '景觀大床房:HK$559', '雙床房:HK$621']"
大連機場亞朵酒店,9.6,"['雅緻大床房（小冰箱+手機投屏）:HK$483', '高級大床房（小冰箱+手機投屏）:HK$502', '幾木大床房（小冰箱+手機投屏+浴袍）:HK$529', '高級雙床房（小冰箱+手機投屏）:HK$539', '幾木雙床房（小冰箱+手機投屏+浴袍）:HK$595']"
大連香洲花園酒店,8.7,"['特惠大床房:HK$523', '標準大床房:HK$539', '標準雙床房:HK$539', '豪華大床房:HK$597', '豪華觀景房:HK$638']"
