酒店名称,评分,房型价格列表
建國鉑萃酒店（天津之眼店）,9.6,"['萃逸大床房（小度控制 +智能潔具+冰箱+柔軟浴袍+電視投屏）:HK$442', '萃雅商務雙床房（全屋智能小度控制 +智能潔具+冰箱+柔軟浴袍+電視投屏）:HK$449', '萃雅商務大床房（小度控制 +智能潔具+冰箱+柔軟浴袍+電視投屏）:HK$457', '萃韻景觀雙床房（全屋智能小度控制 +智能馬桶+冰箱+柔軟浴袍+電視投屏）:HK$514', '萃韻景觀大床房（全屋智能小度控制 +智能馬桶+冰箱+柔軟浴袍+電視投屏）:HK$538']"
時光漫步S酒店（天津火車站津灣廣場店）,9.8,"['悠然大床房（智能客控+手機投屏+小冰箱）:HK$419', '景觀大床房（智能客控+手機投屏+小冰箱）:HK$450', '行政大床房（超大空間+小冰箱+靜謐睡眠）:HK$480', '尊享大床房（可加沙發床+智能客控+小冰箱）:HK$512']"
天津站濱江道CitiGO歡閣酒店,9.7,"['歡享大床房（內景）（智能客控+可投屏65寸電視+小冰箱）:HK$337', '歡享大床房（智能客控+可投屏65寸電視+小冰箱）:HK$372', '歡閣大床房（智能客控+可投屏65寸電視+小冰箱）:HK$402', '歡逸大床房（智能客控+可投屏65寸電視+小冰箱）:HK$442', '歡逸雙床房（智能客控+可投屏65寸電視+小冰箱）:HK$492']"
天津之眼古文化街桔子水晶酒店,9.6,"['高級大床房（65寸電視投屏+冰箱+藍牙音箱+絲漣床墊）:HK$503', '豪華大床房（65寸電視投屏+冰箱+藍牙音箱+絲漣床墊）:HK$553', '行政大床房（65寸電視投屏+冰箱+藍牙音箱+絲漣床墊）:HK$583', '觀景豪華雙床房（65寸電視投屏|藍牙音箱|絲漣床墊）:HK$613', '觀景豪華大床房（65寸電視投屏+藍牙音箱+絲漣床墊）:HK$683']"
天津藝龍酒店,9.7,"['特享影音大床房（投影儀+智能客控+毛巾除菌櫃）:HK$374', '不凡電競雙床房（智能客控+毛巾除菌櫃+大冰箱）:HK$374', '心悦雙床房（智能客控+毛巾除菌櫃+小冰箱）:HK$401', '心悦大床房（自帶陽台+智能客控+毛巾除菌櫃+小冰箱）:HK$429', '藝心大床房（智能客控+毛巾除菌櫃+小冰箱）:HK$485']"
途月別院（天津楊柳青古鎮店）,10.0,"['庭院景觀大床房（智能客控+零壓床墊+森林氧吧）:HK$275', '庭院景觀高級大床房（智能客控+零壓床墊+森林氧吧）:HK$305', '庭院親子房:HK$305', '花園家庭榻榻米房（智能客控+零壓床墊+森林氧吧）:HK$321']"
維也納國際酒店（天津鼓樓店）,9.6,"['商務大床房（180°城景+智能）:HK$338', '豪華大床房（180°城景+智能）:HK$368', '豪華雙床房（180°城景+智能）:HK$388', '景觀大床房（180°城景+森林氧吧+智能+小冰箱）:HK$420', '景觀雙床房（180°城景+森林氧吧+智能+小冰箱）:HK$441']"
歐航蘭蒂斯酒店（天津濱海國際機場店）,9.2,"['高級大床房:HK$161', '高級雙床房:HK$161', '豪華大床房:HK$186', '豪華雙床房:HK$186']"
喆啡酒店（天津奧體中心華苑店）,9.7,"['醇享大床房（新風系統+智能客控）:HK$236', '醇享雙床房（新風系統+智能客控）:HK$236', '啡凡影視大床房（智能客控）:HK$263', '豪華大床房（智能客控）:HK$291']"
麗柏酒店（天津站意式風情街店）,9.6,"['舒適大床房（席夢思床墊+65寸超清電視可投屏）:HK$437', '舒適雙床房（席夢思床墊+65寸超清電視可投屏）:HK$468', '精緻大床房（空氣凈化器+席夢思床墊+65寸電視可投屏）:HK$492', '精緻雙床房（席夢思床墊+65寸超清電視可投屏）:HK$527']"
喆啡酒店（天津意式風情區天津之眼店）,9.5,"['醇享生活房:HK$399', '醇享大床房:HK$423', '啡凡影視大床房:HK$439', '啡凡大床房:HK$471']"
宜必思酒店（天津火車站津灣廣場店）,9.5,"['大床房（房間配有加濕器+金可兒床墊+可投屏電視）:HK$349', '高級大床房（金可兒床墊+可投屏電視）:HK$378', '雙床房（配有加濕器+金可兒床墊+可投屏電視）:HK$378', '高級雙床房（金可兒床墊+可投屏電視）:HK$408']"
天津津灣廣場桔子水晶酒店,9.7,"['標準大床房（無窗）:HK$367', '榻榻米大床房（小冰箱+65寸一鍵投屏電視）:HK$381', '豪華大床房·小冰箱+65寸一鍵投屏電視+深度睡眠記憶枕:HK$432', '商務大床房（小冰箱+65寸一鍵投屏電視+深度睡眠記憶枕）:HK$463', '高級雙床房（無窗）:HK$503']"
希岸酒店（天津奧體中心腫瘤醫院地鐵站店）,9.6,"['玲瓏大床房（智能客控+電視投屏+深睡）:HK$241', '希岸雅緻房（智能客控+電視投屏+深睡）:HK$257', '玲瓏房雙床房（智能客控+電視投屏+深睡）:HK$281', '希岸高級大床房（智能客控+電視投屏+深睡）:HK$281']"
麗呈東谷酒店（天津站海光寺地鐵站店）,9.5,"['影音·悦享大床房（零壓床墊+75寸電視投屏+智能馬桶）:HK$403', '麗呈·親子家庭房（零壓床墊+65寸電視投屏+智能馬桶）:HK$429', '麗呈·雅韻大床房（零壓床墊+65寸電視投屏+智能馬桶）:HK$431', '麗呈·悦舍大床房（零壓床墊+65寸電視投屏+智能馬桶）:HK$458', '東谷·雅居大床房（零壓床墊+65寸電視投屏+智能馬桶）:HK$527']"
天津空港Robin諾賓酒店,9.4,"['雅緻大床房|漢斯格雅衞浴+舒達床墊+智能投屏:HK$289', '舒適大床房|漢斯格雅+舒達床墊+智能投屏+Marshall音響:HK$325', '悦享雙床房|漢斯格雅+舒達床墊+智能投屏+Marshall音響:HK$348', '悦享大床房|漢斯格雅+舒達床墊+智能投屏+Marshall音響:HK$369', '甄選雙床房|漢斯格雅+舒達床墊+智能投屏+Marshall音響:HK$410']"
天津西站逸扉酒店,9.5,"['靜享大床房（全屋空氣凈化氧吧+膠囊coffee機+小冰箱）:HK$295', '逸扉高級大床房（親膚床品+膠囊Coffee機+小冰箱）:HK$315', '高級大床房（城市景觀+皮爺膠囊Coffee機+小冰箱）:HK$423', '高級雙床房 （城市景觀+親膚床品+膠囊Coffee機+小冰箱）:HK$423', '行政大床房（城市觀景+Coffee機+智能語控+小冰箱）:HK$473']"
天津津灣廣場漫心酒店,9.6,"['雅緻大床房（智能客控+可投屏電視+小冰箱）:HK$373', '經典大床房:HK$377', '心怡大床房（智能客控+可投屏電視+小冰箱）:HK$395', '心悦高級大床房（智能客控+可投屏電視+小冰箱）:HK$412', '心享經典大床房（智能客控+可投屏電視+小冰箱）:HK$447']"
天津四季酒店,9.3,"['豪華大床房 | 摩登現代:HK$1,771', '卓雅豪華大床房:HK$1,979', '全景繁華尊貴大床房丨觀景浴缸:HK$2,186', '全景繁華尊貴雙床房丨觀景浴缸:HK$2,186', '全景繁華尊貴家庭房丨超大床:HK$2,285', '沉浸都市夜景四季雙床房丨超大開間:HK$2,394']"
吉祥院子民宿（天津楊柳青古鎮石家大院店）,9.6,"['大床房:HK$366', '雙床房:HK$514', '雙床套房:HK$714', '大床套房:HK$715']"
朗麗茲酒店（天津火車站意式風情街店）,9.6,"['麗茲大床房（65寸可投屏+小冰箱+加熱毛巾桿+智能窗簾）:HK$637', '商務大床房（65寸可投屏+小冰箱+加熱毛巾桿+智能窗簾）:HK$697', '麗茲雙床房（65寸可投屏+小冰箱+加熱毛巾桿+智能窗簾）:HK$744', '意風景觀大床房A（65寸可投屏+小冰箱+加熱毛巾桿+智能窗簾）:HK$756']"
映向城酒店（天津古文化街鼓樓地鐵站店）,9.4,"['特惠雅緻大床房:HK$386', 'Loft雙層複式行政雙床房:HK$424', '舒適商旅大床房:HK$436', '落地窗陽光雙床房:HK$485', 'Loft雙層複式行政大床房:HK$509']"
天津大學海光寺亞朵酒店,9.6,"['雅緻雙床房（可投屏55寸電視）:HK$359', '雅緻大床房（可投屏55寸電視）:HK$367', '高級雙床房（可投屏55寸電視）:HK$412', '高級大床房（可投屏55寸電視）:HK$421', '行政大床房:HK$430']"
天津融僑套房假日酒店（南京路海光寺地鐵站店）,9.5,"['高級大床房 | 津沽CBD夜景 | 超大衞生間，雙洗手盆:HK$449', '高級雙床房 | 津沽CBD夜景 | 超大衞生間，雙洗手盆:HK$449', '無障礙標準雙床房:HK$449', '高級房 | 津沽CBD夜景 | 超大衞生間，雙洗手盆:HK$449', 'City Walk高層大床房｜津沽夜色｜超大衞生間,雙洗手盆:HK$559', 'City Walk高層雙床房｜津沽夜色｜超大衞生間,雙洗手盆:HK$559']"
ZMAX滿兮酒店（天津奧體中心水上公園地鐵站店）,9.7,"['一張床 L（全屋智能+65寸電視可投屏）:HK$278', '一張床 XL（全屋智能+65寸電視可投屏）:HK$296', '兩張床 L（全屋智能+陽光充盈+65寸電視可投屏）:HK$333', '一張床 XXL（全屋智能+陽光充盈+65寸電視可投屏）:HK$343', '有個客廳 MAX（全屋智能+65寸電視可投屏）:HK$352']"
美豪麗致酒店（天津西站長虹公園地鐵站店）,9.7,"['麗致精緻大床房（明窗+小愛智能客控+智能馬桶+小冰箱）:HK$334', '麗致格調雙床房（明窗+小愛智能客控+智能馬桶+小冰箱）:HK$355', '麗致格調大床房（觀景房+明窗+小愛智能客控+智能馬桶+小冰箱）:HK$355', '雅緻豪華大床房（明窗+小愛智能客控+智能馬桶+小冰箱+茶吧枱）:HK$375', '瑪雅灣大床房（小愛智能客控+冰箱+雙盆洗漱台+浴缸）:HK$395']"
朗麗茲酒店（天津梅江會展中心韓國城店）,9.7,"['舒適大床房（零壓乳膠枕+喜臨門床墊+電動窗簾+智能鏡）:HK$340', '麗茲大床房（零壓乳膠枕+喜臨門床墊+電動窗簾+智能鏡）:HK$363', '高級雙床房（零壓乳膠枕喜臨門床墊+電動窗簾+智能鏡）:HK$380', '豪華大床房（零壓乳膠枕+喜臨門床墊+電動窗簾+智能鏡）:HK$409']"
朗麗茲酒店（天津南京路海光寺店）,9.6,"['舒適大床房（電動窗簾+智能化粧鏡）:HK$284', '榻榻米大床房（電動窗簾+智能馬桶）:HK$286', '高級大床房（電動窗簾+手機投屏）:HK$360', '高級雙床房（加熱毛巾架+智能馬桶）:HK$408']"
麗楓酒店（天津陳塘科技園店）,9.5,"['雅緻大床房:HK$294', '豪華大床房:HK$355', '商務雙床房:HK$443', '豪華套房:HK$574']"
全季酒店（天津濱江道商業街店）,9.5,"['特價大床房（躺平治癒+金可兒床墊）:HK$332', '高級大床房（躺平治癒）:HK$361', '雙床房（新風系統 可投屏65寸電視+金可兒床墊）:HK$370', '商務雙床房（可投屏65寸電視+金可兒床墊）:HK$410']"
唯庭酒店（天津之眼北寧公園地鐵站店）,9.6,"['高級大床房（全屋小度智能語音客控+可投屏）:HK$501', '豪華雙床房（全屋小度智能語音客控+可投屏）:HK$514', '行政城景大床房（全屋小度智能語音客控+可投屏+零壓床墊）:HK$539', '行政城景雙床房（全屋小度智能語音客控+可投屏+零壓床墊）:HK$564']"
天津五大道小白樓地鐵站輕居酒店,9.5,"['舒適大床房:HK$323', '標準大床房:HK$350', '標準雙床房:HK$350', '精選大床房:HK$376']"
天津五大道佟樓地鐵站亞朵酒店,9.7,"['高級大床房（可投屏65寸電視＋智能客控＋智能馬桶）:HK$412', '行政大床房（智能客控＋可投屏65寸電視＋智能馬桶＋小冰箱）:HK$538', '行政雙床房（智能客控＋可投屏65寸電視＋智能馬桶＋小冰箱）:HK$592', '幾木雙床房（深睡枕+小冰箱＋智能客控＋可投屏65寸電視＋智能馬桶）:HK$682', '幾木大床房（深睡枕+小冰箱＋智能客控＋可投屏65寸電視＋智能馬桶）:HK$682']"
悦景温泉度假酒店,9.6,"['標準大床房:HK$287', '標準雙床房:HK$287', '園景大床房:HK$326', '園景雙床房:HK$326']"
天津濱江道步行街桔子水晶酒店,9.4,"['大床房（智能客控+可投屏65寸電視）:HK$341', '商務大床房（智能客控+可投屏65寸電視）:HK$372', '高級大床房（智能客控+可投屏65寸電視）:HK$402', '行政大床房（智能客控+可投屏65寸電視）:HK$472', '雙床房（智能客控+可投屏65寸電視）:HK$492']"
天津雅仕閣高端服務公寓（天津海洋公園濱海高鐵站店）,9.7,"['舒適大床房:HK$253', '高級大床房-智能馬桶+深度睡眠枕:HK$264', '舒適雙床房:HK$287', '商務雙床房-零壓床墊+享超美夜景:HK$301', '城市全景大床房--智能客控+270度全景窗:HK$356']"
麗怡酒店（天津空港濱海國際機場店）,9.6,"['高級大床房-智能客控:HK$281', '豪華大床房-智能客控:HK$300', '純凈大床房-智能客控+空氣凈化器:HK$309', '純凈雙床房-智能客控+空氣凈化器:HK$338']"
天津濱海泰達希爾頓歡朋酒店,9.7,"['高級雙床房（65寸投屏電視+語音客控+舒達床墊）:HK$512', '舒適大床房（65寸投屏電視+語音客控+舒達床墊）:HK$533', '豪華雙床房（65寸投屏電視+語音客控+舒達床墊）:HK$566', '高級大床房（65寸投屏電視+語音客控+舒達床墊）:HK$588', '豪華大床房（親子沙發床+65寸投屏電視+語音客控+舒達床墊）:HK$621']"
天津濱海新區誼程酒店（大港萬達廣場店）,9.7,"['回嘉輕伴雙床（全屋凈化+休息榻）:HK$284', '回嘉輕伴大床房（全屋凈化+智能客控）:HK$305', '回嘉悦心大床房（全屋凈化+智能客控）:HK$326', '回嘉悦心雙床房（全屋凈化+智能客控）:HK$326', '回嘉温馨親子房（全屋凈化+休息榻）:HK$411']"
天津鼓樓諾富特酒店,9.7,"['大床房:HK$592', '雙床房:HK$592', '高級大床房:HK$633', '高級雙床房:HK$654', '豪華大床房:HK$673']"
新華聯瑞景酒店（天津之眼中山路地鐵站店）,9.5,"['舒適大床房:HK$129', '奢華城景大床房:HK$218', '瑞景親子房:HK$379']"
天津站希爾頓歡朋酒店,9.7,"['高級大床房:HK$720', '舒適河景雙床房:HK$764', '高級親子房:HK$786', '豪華大床房:HK$808', '商務豪華大床房:HK$873']"
天津天開華苑產業園亞朵酒店,9.6,"['雅緻大床房（可投屏65寸電視+深睡枕深睡床墊+小冰箱）:HK$412', '高級大床房（可投屏65寸電視+深睡枕深睡床墊+小冰箱）:HK$448', '高級雙床房（可投屏65寸電視+深睡枕深睡床墊+小冰箱）:HK$484', '行政大床房（可投屏65寸電視+深睡枕深睡床墊+小冰箱）:HK$484', '高級家庭房（可投屏65寸電視+深睡枕深睡床墊+小冰箱）:HK$511']"
美豪麗致酒店（天津中新生態城店）,9.6,"['麗致大床房（智能家居+65寸可投屏+小冰箱）:HK$628', '麗致智能大床房（智能家居+65寸可投屏+小冰箱）:HK$657', '麗致智能雙床房（智能家居+65寸可投屏+小冰箱）:HK$657', '雅緻智能大床房（智能家居+65寸可投屏+小冰箱）:HK$687', '雅緻零壓大床房（智能家居+65寸可投屏+小冰箱）:HK$716']"
天津津灣廣場和平路商業街亞朵酒店,9.7,"['高級大床房（小冰箱+可投屏65寸電視+智能客控+全智能馬桶）:HK$412', '行政大床房（小冰箱+可投屏65寸電視+智能客控+全智能馬桶）:HK$502', '行政雙床房（小冰箱+可投屏65寸電視+智能客控+全智能馬桶）:HK$548', '幾木大床房（小冰箱+深睡枕PRO+可投屏65寸電視+智能客控+全智能馬桶）:HK$637', '行政親子大床房（小冰箱+可投屏65寸電視+智能客控+全智能馬桶）:HK$772']"
麗怡酒店（天津站古文化街店）,9.5,"['大床房（智能客控+慕思床墊）:HK$344', '標準大床房（智能客控+慕思床墊）:HK$371', '高級大床房（智能客控+慕思床墊）:HK$421', '豪華大床房（智能客控+慕思床墊）:HK$424']"
天津之眼新開河地鐵站亞朵酒店,9.7,"['高級城景大床房（可投屏65寸電視+深睡枕深睡床墊+小冰箱）:HK$538', '高級大床房（可投屏65寸電視+深睡枕深睡床墊+小冰箱）:HK$575', '行政大床房（可投屏65寸電視+深睡枕深睡床墊+小冰箱）:HK$628', '行政雙床房（可投屏65寸電視+深睡枕深睡床墊+小冰箱）:HK$628', '行政親子大床房（1張沙發床+深睡枕+床墊+小冰箱）:HK$664']"
吉麗東堂酒店（天津濱海國際機場店）,9.5,"['仕居·智享舒眠大床房【全屋智控·電視投屏】:HK$211', '仕居·智享舒眠雙床房【全屋智控·電視投屏】:HK$245', '竹溪.影音大床房（巨幕投影+定製浴缸）:HK$268', '竹溪·臻享智眠大床房【深睡雲感床墊·全屋智控】:HK$273', '竹溪·臻享智眠雙床房【深睡雲感床墊·全屋智控】:HK$288']"
維也納國際酒店（天津河東萬達廣場店）,9.6,"['豪華雙床房:HK$349', '標準大床房:HK$349', '大床房:HK$349', '高級雙床房:HK$363']"
天津濱海新區洞庭路亞朵酒店,9.6,"['高級大床房（65寸小米電視投屏+智能馬桶+深睡枕PRO）:HK$332', '高級雙床房（65寸小米電視投屏+智能馬桶+深睡枕PRO）:HK$350', '行政大床房（全屋智能+金可兒乳膠床墊+深睡枕PRO）:HK$350', '幾木大床房（全屋智能+冰箱迷你Bar+浴袍+深睡枕PRO）:HK$367', '幾木雙床房（全屋智能+冰箱迷你Bar+浴袍+深睡枕PRO）:HK$367']"
