酒店名称,评分,房型价格列表
美頤酒店（太原新建南路老軍營小吃街北口店）,9.6,"['尋味·雅居大床房（零壓床墊+舒適好眠）:HK$184', '尋味·雅居雙床房（零壓床墊+舒適好眠）:HK$184', '煙火·逸景大床房（零壓床墊+乾濕分離+都市景觀）:HK$207', '煙火·逸景雙床房（零壓床墊+乾濕分離+都市景觀）:HK$207']"
君宏酒店（太原長風街地鐵站店）,9.5,"['樂享大床房 | 助眠寢具 | 陽光滿屋 | LEOXAO洗護 |:HK$250', '臻享大床房 | 助眠寢具 | 智能客控 | 熱帶雨林花灑 |:HK$283', '臻享雙床房 | 助眠寢具 | 智能客控 | 熱帶雨林花灑 |:HK$283', '商務大床房 | 助眠寢具 | 智能客控 | 熱帶雨林花灑 |:HK$294', '商務雙床房 | 助眠寢具 | 智能客控 | 熱帶雨林花灑 |:HK$294']"
勃爾泰酒店（太原市鐘樓街柳南地鐵站店）,9.2,"['特惠大床房:HK$138', '歐式大床房:HK$190', '歐式雙床房:HK$204', '標準大床房:HK$248']"
宇辰商旅酒店（太原南站武宿機場店）,9.7,"['氧吧清新標準間（森林氧吧機+全屋智能+愛馬仕洗護）:HK$271', '氧吧尊享大床房（森林氧吧機+全屋智能+愛馬仕洗護）:HK$318', '氧吧商旅標準間（森林氧吧機+全屋智能+愛馬仕洗護）:HK$318', '氧吧影院大床房:HK$330', '舒適家庭房（森林氧吧機+全屋智能+愛馬仕洗護）:HK$341']"
敍庭酒店（太原柳巷店）,9.1,"['精選標準間:HK$143', '舒適標準間:HK$170', '甄選三人間:HK$225', '行政大床房:HK$301']"
怡致酒店（太原府西街店）,9.2,"['高級大床房:HK$186', '怡致大床房:HK$192', '麗致大床房:HK$203', '怡致雙床房:HK$203']"
賓頓精選酒店（太原通達街地鐵站店）,9.1,"['惠享·舒適大床房【全屋智能+靜雅舒適+酣暢入眠】:HK$175', '輕享·休閑大床房【全屋智能+寧謐舒適+負離子吹風機】:HK$189', '悦享·雅緻雙床房【全屋智能+商務長桌+空間開闊】:HK$189', '悠享·觀影精緻主題房【全屋智能+多種主題+凈化器】:HK$202']"
如家精選酒店（太原建設南路太原站西廣場店）,9.6,"['精選大床房（可投屏電視+乾濕分離）:HK$246', '精選雙床房（可投屏電視+乾濕分離）:HK$261', '精選商務大床房（可投屏電視+乾濕分離）:HK$261', '安心睡0壓雙床房（可投屏+夢百合床墊+乾濕分離）:HK$285']"
太原濱河希爾頓花園酒店,9.3,"['花園大床房:HK$537', '花園雙床房:HK$537', '無障礙大床房:HK$537', '豪華大床房:HK$570', '豪華雙床房:HK$570']"
華港商務酒店（太原萬國汽貿園晉陽湖店）,9.5,"['舒適大床房（電熱馬桶+電視投屏+智能客控）:HK$206', '雅緻雙床房（智能小度客控+智能電加熱馬桶）:HK$226', '雅緻大床房（智能小度客控+智能電加熱馬桶）:HK$226', '行政雙床房（舒適品質床墊+電視投屏+智能客控）:HK$246']"
御花園金悅酒店（鐘樓街晉商博物院店）,9.5,"['高級大床房丨投屏電視丨解壓床墊丨乾濕分離丨一夜好眠:HK$218', '高級雙床房丨投屏電視丨解壓床墊丨乾濕分離丨一夜好眠:HK$226', '院景大床房丨院落景觀丨舒睡床墊丨乾濕分離丨一夜好眠:HK$248', '院景雙床房丨院落景觀丨零壓床墊丨乾濕分離丨一夜好眠:HK$255']"
蔓華酒店（太原南站東廣場店）,9.5,"['治癒系大床房（全網絡覆蓋+鵝絨枕芯+獨立空調）:HK$248', '治癒系雙床房（一夜好眠+全網絡覆蓋+鵝絨枕芯+中央空調+全屋地暖）:HK$255', '蔓華榻榻米（全網絡覆蓋+鵝絨枕芯+獨立空調）:HK$269', '高級大床房（全網絡覆蓋+鵝絨枕芯+獨立空調）:HK$283']"
G酒店（太原萬達廣場店）,9.3,"['特價大床房:HK$156', '閲讀大床房（無窗+新風系統+深睡床墊）:HK$162', '影視大床房（極米投影+新風系統+乾濕三分離）:HK$186', '暢睡影視大床房:HK$198']"
太原親賢街美居酒店,9.7,"['標準雙床房:HK$395', '標準大床房:HK$395', '高級大床房:HK$424', '高級雙床房:HK$424', '嘉賓雙床房:HK$453']"
尚客優悦酒店（太原南站機場店）,9.6,"['商務大床房（智能客控+全屋地暖）:HK$194', '商務雙床房（智能客控+全屋地暖）:HK$194', '優悦大床房（智能客控+全屋地暖）:HK$226', '優悦雙床房（智能客控+全屋地暖）:HK$226']"
Y酒店（太原解放路柳巷開化寺地鐵站店）,9.2,"['精緻大床房（手機投屏）:HK$200', '温馨大床房（手機投屏）:HK$206', '温馨雙床房（手機投屏）:HK$211', '時尚雙床房（森林氧吧 手機投屏）:HK$223']"
宜庭酒店（太原康寧街萬馬仕商貿城店）,9.5,"['都市節奏大床房[65寸自由投屏+零壓助眠床墊+舒睡靜謐]:HK$145', '漫享影院大床房[高清100寸幕布1080P高清+零壓助眠床墊+舒睡靜謐]:HK$156', '好眠嚴選大床房[乾濕分離+65寸自由投屏+全棉親膚床品+舒睡床墊]:HK$167', '尊享豪華大床房[乾濕三分區離+舒適床品+75寸自由投屏+零壓助眠床墊+舒睡靜謐]:HK$177']"
NewAptism新寓（太原濱河西路店）,9.6,"['精選大床房[65寸電視|喜臨門床墊|冰箱洗衣機]:HK$268', '優選零壓大床房[智控客控|65寸電視|冰箱洗衣機]:HK$281', '優選LOFT影音大床房[VIP暢享|百寸巨幕|冰箱洗衣機]:HK$292', '優選雙床房[65寸電視|喜臨門床墊|冰箱洗衣機]:HK$315']"
錦江之星酒店（太原大南門地鐵站迎澤公園店）,9.1,"['標準大床房:HK$207', '高級大床房:HK$212', '高級大小雙床房:HK$221', '高級大床影視主題房:HK$228']"
柏潤酒店（太原南站武宿機場店）,9.6,"['優享雙床房（全屋智能+護頸記憶枕+加濕器）:HK$227', '優享大床房（全屋智能+護頸記憶枕+巨幕投影+加濕器）:HK$239', '尊享雙床房（全屋智能+零壓床墊+護頸記憶枕++小冰箱）:HK$249', '尊享大床房（全屋智能+零壓床墊+護頸記憶枕+冰箱）:HK$257']"
漫呈酒店（太原親賢北街茂業天地店）,9.4,"['輕享大床房-智能客控-可電視投屏-簡約舒適:HK$199', '高級大床房（全屋智控+可電視投屏+高級簡約）:HK$213', '商務大床房-智能客控-夢百合零壓床墊-舒睡好眠:HK$247', '超享大床房-夢百合零壓床墊-智能客控-深度睡眠:HK$270']"
君豪酒店（太原茂業天地王府井店）,9.5,"['茶韻·高級大床房（靜謐深睡+闊景層高+香養零壓）:HK$254', '清居·靜眠大床房（自助洗衣+零壓記憶枕）:HK$257', '茶韻·高級雙床房（靜謐深睡+闊景層高+手機投屏）:HK$264', '茗香·豪華大床房（靜謐深睡+軒敞空間+零壓安眠）:HK$311', '醇潤·行政雙床房（安眠香薰+墅質層高+辦公桌椅）:HK$364']"
太原晉祠賓館,9.2,"['5號樓-隨享園景大床房:HK$327', '5號樓-隨享園景雙床房:HK$327', '5號樓-隨享園景家庭房:HK$415', '5號樓-隨享園景大套房:HK$634']"
太原晉陽湖城際酒店,9.7,"['城際高級房-大床【絲漣床墊| 澳洲APPELES洗護】:HK$503', '城際高級房-雙床【絲漣床墊| 澳洲APPELES洗護】:HK$532', '城際豪華房-大床【絲漣床墊| 澳洲APPELES洗護】:HK$553', '城際豪華房-雙床【雙面池| 澳洲APPELES洗護】:HK$583', '城際行政房-大床【帶浴缸| 澳洲APPELES洗護】:HK$643']"
繁花酒店（太原柳巷開化寺地鐵站店）,9.2,"['舒適大床房:HK$213', '舒適雙床房:HK$220', '高級大床房:HK$272', '高級雙床房:HK$272']"
G酒店（太鋼東門尖草坪地鐵站店）,9.6,"['特惠大床房（洗烘一體機+手機投屏）:HK$205', '舒適雙床房（凈水濾芯花灑+乾濕分離+深睡床墊）:HK$248', '舒適大床房（凈水濾芯花灑+深睡床墊）:HK$255', '高級雙床房（茶具套裝+深睡床墊+靜謐空間）:HK$269', '高級大床房（茶具套裝+深睡床墊+乾濕三分離）:HK$291']"
樸寂酒店（太原萬象城店）,9.4,"['Ai智能VIP4K超清巨幕投影彩蛋房:HK$269', '餘甘氏（AI全屋智能+VIP4K超清巨幕投影+零壓床+超高空汾河觀景）:HK$287', '滌煩子（AI全屋智能+VIP4K超清巨幕投影+零壓床+超高空汾河觀景）:HK$304', '叕木（AI全屋智能+VIP4K超清巨幕投影+零壓床+超高空汾河觀景）:HK$304']"
椰子水晶酒店（太原晉祠公園店）,9.2,"['水晶榻榻米房:HK$183', '水晶大床房:HK$195', '水晶標準間:HK$208', '水晶豪華大床房:HK$221']"
維也納國際酒店（太原下元地鐵站公元時代城店）,9.4,"['雙床房【無窗】:HK$298', '豪華大床房【全景落地窗】:HK$326', '豪華雙床房【全景落地窗】:HK$326', '0壓愉夢大床房【0壓床墊+記憶枕+全景落地窗】:HK$374', '行政大床房【全景落地窗+氧吧】:HK$394']"
和頤至尚酒店（太原迎澤大街省委大樓店）,9.6,"['商務大床房（乾濕分離-獨立辦公桌）:HK$300', '商務大床房A（更大空間-無窗-衞生馬桶墊）:HK$301', '雙床房（獨立辦公桌-一次性馬桶坐墊）:HK$308', '高級大床房（小冰箱）:HK$338', '家庭房（樂享親子時光-提供小童用品）:HK$349']"
嘉利花園酒店（太原南站武宿機場店）,9.7,"['法式丨經典大床房:HK$217', '法式丨經典雙床房:HK$248', '宋式 I 景觀大床房:HK$248', '法式 I 商務大床房:HK$267']"
景溦酒店（北美新天地店）,9.7,"['靜謐·甜睡大床房:HK$217', '躺平治癒·大床房「智能客控」:HK$309', '茶禪·高級深睡雙床房「智能客控+乳膠床墊」:HK$336', '精緻·高級大套房「智能客控+會客沙發」:HK$336']"
蔓蘭酒店（太原晉陽湖店）,9.6,"['Seattle丨西雅圖高級大床房:HK$255', 'MoMc丨一室一廳客息分離大床房:HK$302', 'Seattle丨西雅圖高級雙床房:HK$310', 'Miami丨邁阿密湖景豪華雙床房:HK$325']"
維也納國際酒店（太原高鐵南站武宿機場店）,9.5,"['標準雙床房:HK$365', '標準大床房:HK$383', '豪華雙床房:HK$409', '豪華大床房:HK$426', '商務雙床房:HK$444']"
艾菲酒店（太原柳巷銅鑼灣店）,9.0,"['惠享大床房:HK$208', '優選大床房:HK$230', '雅緻大床房:HK$244', '雅緻雙床房:HK$352']"
鳳棲九廷酒店（柳巷店）,9.5,"['九廷尋幽●庭院景觀大床房:HK$752', '九廷蒔花●庭院景觀高級大床房:HK$752', '九廷賞月●庭院景觀雙床房:HK$780', '九廷觀雲●庭院景觀家庭房:HK$850', '九廷攬月●清風別苑套房:HK$1,113']"
漾青春智慧酒店（太原長治路北美新天地店）,9.4,"['隨緣|浪漫【VIP影院】:HK$160', '雅韻·舒適丨影院大床房【智能客控】:HK$175', '雅韻·吊牀丨影院大床房【雙人浴缸】:HK$183', '輕奢·零壓丨影院大床房【雙人浴缸】:HK$213']"
太原美蘭輕奢酒店（武宿機場店）,9.5,"['惠享•舒適大床房（全屋智能+冰箱+負離子吹風機）:HK$292', '輕享•休閑大床房（全屋智能+解壓浴缸+梵靜茶台）:HK$298', '悠享・仕居大床房（全屋智能+商務長桌+洗衣機）:HK$309', '悦享•雅緻雙床房（全屋智能+甄選床品+空間開闊）:HK$321', '奢享•靜謐大床房（全屋智能+零壓睡眠+寧謐舒適）:HK$342']"
太原綜改示範區漫心酒店,9.8,"['雅緻大床房（無窗）:HK$327', '心怡大床房（智能客控、可投屏電視）:HK$376', '心悦高級大床房（智能客控、可投屏電視）:HK$424', '心悦高級標準間（智能客控、可投屏電視）:HK$424', '心享豪華大床房（智能客控、可投屏電視）:HK$472']"
雲溪悦華酒店（太原南站店）,9.5,"['雲溪高級大床房（全屋智能+絲漣床墊+康夫吹風機）:HK$327', '雲溪商務大床房（全屋智能+獨立沙發+落地景觀）:HK$359', '雲溪商務雙床房（全屋智能+全覆蓋網絡+獨立沙發）:HK$371', '悦華行政豪華大床房（全屋智能+絲漣床墊+落地景觀）:HK$413', '雲溪豪華雙床房（全屋智能+全覆蓋網絡+獨立沙發）:HK$435']"
初泮酒店（太原柳巷鐘樓街店）,9.3,"['輕奢雅緻大床房:HK$173', '輕奢時尚榻榻米房:HK$197', '輕奢智能大床房:HK$230', '輕奢智能花園大床房（百款遊戲+手柄+騰訊會員）:HK$230']"
遠洋酒店（太原南站武宿機場店）,9.2,"['尊享智能大床房【智能客控＋手機投屏+零壓床墊】:HK$226', '尊享智能雙床房【智能客控＋手機投屏+零壓床墊】:HK$248', '行政豪華大床房【智能客控＋手機投屏+零壓床墊】:HK$306', '行政豪華雙床房【智能客控＋手機投屏+零壓床墊】:HK$321']"
OAK橡樹酒店（晉陽湖會展中心萬象城店）,9.3,"['令儀特惠房（零分貝乳膠床墊+康乃馨針織親膚布草+鴨絨被芯+資生堂洗護用品+投屏電視+全自動洗衣機+冰箱）:HK$260', '汾河景觀房（五大館夜景+汾河美景+零分貝乳膠床墊+康乃馨針織親膚布草+鴨絨被芯+資生堂洗護用品+投屏電視+全自動洗衣機+冰箱）:HK$304', '靈均高級房（零分貝乳膠床墊+康乃馨針織親膚布草+鴨絨被芯+資生堂洗護用品+投屏電視+全自動洗衣機+冰箱）:HK$304', '清新凈享雙床房（布魯雅爾空氣凈化器+零分貝乳膠床墊+康乃馨針織親膚布草+鴨絨被芯+資生堂洗護用品+投屏電視+全自動洗衣機+冰箱）:HK$342', '清新凈享大床房（布魯雅爾空氣凈化器+零分貝乳膠床墊+康乃馨針織親膚布草+鴨絨被芯+資生堂洗護用品+投屏電視+全自動洗衣機+冰箱）:HK$350']"
全季酒店（晉陽湖萬科中央公園店）,9.2,"['高級大床房（小冰箱、全智能客控）:HK$306', '雙床房（小冰箱、全智能客控）:HK$324', '商務大床房（小冰箱、全智能客控）:HK$332', '商務雙床房（小冰箱、全智能客控）:HK$359']"
蘆芽庭酒店（太原南站武宿機場店）,9.6,"['靜奢大床房（智能客控+100%遮光窗簾+零壓醇香美夢）:HK$198', '逸緻雙床房（三區分離+100%遮光窗簾+全智能馬桶）:HK$210', '臻選雙床房（乾濕分離+智能馬桶+舒睡100%遮光窗簾）:HK$244', '臻品大床房（全智能客控+百寸巨幕+零壓床墊酣暢入眠）:HK$268']"
太原初遇輕奢民宿,9.3,"['特惠公寓大床房:HK$147', '樂享地塌公寓大床房:HK$173', '初遇尊雅大床房:HK$226', '尊雅麻將雙床套房:HK$294']"
聖美精品酒店（太原柳巷鐘樓街店）,9.4,"['舒適大床房:HK$286', '休閑音樂大床房:HK$298', '舒適標準間:HK$324', '休閑音樂標準間:HK$333']"
達沃斯酒店（太原小店高速口電子西街地鐵店  ）,9.3,"['雅緻雙床房:HK$164', '雅緻大床房:HK$164', '0壓大床房:HK$196', '0壓雙床房:HK$196']"
太原小店區太原學院錦江都城酒店,9.4,"['風雅雙床房（1.35x2）:HK$291', '風雅大床房:HK$291', '都會大床房:HK$322', '都會雙床房（1.35x2）:HK$322']"
艾家民宿（太原南站學府東街地鐵站店）,9.6,"['標準大床房:HK$151', '高級大床房:HK$163', '行政大床套房:HK$174', '行政雙床套房:HK$187']"
