酒店名称,评分,房型价格列表
莫林酒店（婁底長青街婁星廣場店）,9.6,"['臻雅大床房:HK$215', '臻品大床房:HK$245', '臻品雙床房:HK$255', '臻享雙床房:HK$314']"
金香大酒店（婁底婁星廣場春園步行街店）,9.6,"['金•悦享大床房:HK$207', '金•悦享雙床房:HK$270', '金•悠享棋牌房:HK$279']"
婁底華天大酒店,9.5,"['城市天際雙床房:HK$290', '城市天際大床房:HK$311', '江景公園大床房:HK$333', '江景公園雙床房:HK$333', '深睡零壓大床房·新裝:HK$354', '行政中央雙床房:HK$397']"
宜尚酒店（婁底店）,9.6,"['標準大床房（北歐輕奢風格）:HK$223', '商務大床房（宜享靜謐空間）:HK$241', '商務雙床房（零壓睡眠+安靜舒適）:HK$241', '城景大床房（自然採光+芝華士休閑沙發）:HK$264', '城景雙床房（視野明亮+陽光城景）:HK$264']"
豪萊雅酒店（婁底體育館店）,9.5,"['宿雲大床房:HK$221', '綺雲雙床房:HK$253', '棲雲大床房:HK$266', '夢雲主題套房:HK$285']"
婁底温德姆至尊豪廷大酒店,9.4,"['現代大床房:HK$441', '現代雙床房:HK$441', '雅·湖景中式大床房:HK$510', '雅·城景中式雙床房:HK$510', '尊·高奢法式大床房:HK$592', '尊·高奢法式雙床房:HK$592']"
廷泊酒店（婁底火車站萬豪城市廣場店）,9.5,"['優居大床房:HK$268', '雅悦禮居大床房:HK$308', '尊享典居雙人房:HK$319', '尊享典居大床房:HK$357']"
莫林風尚酒店（婁星廣場春園步行街店）,9.3,"['特惠房:HK$235', '商務大床房:HK$265', '商務雙床房:HK$284', '豪華大床房:HK$284']"
婁底智尚輕奢酒店（市政府店）,9.3,"['雲端靜享雙床房（靜謐院景+三區分離）:HK$155', '全景祕境大床房（降噪玻璃+靜謐庭院）:HK$155', '雲端行政雙床房（安靜庭院+高空辦公）:HK$174', '天際線大床房（零壓床墊+180度全景落地窗）:HK$179']"
悦致酒店（婁底市政府店）,9.8,"['高級大床房:HK$269', '城景雙床房:HK$280', '城景大床房:HK$291', '豪華景觀雙床房:HK$324', '影院大床房:HK$336']"
婁星華天假日酒店,9.8,"['高級大床房:HK$328', '高級雙床房:HK$336', '極氪一機位大床房（網吧遊戲權限+4060顯卡+i7cpu+電競椅+電競鼠標+電競耳機）:HK$344', '城景大床房:HK$344', '巨幕影音大床房:HK$351']"
蘭泊酒店（婁底高鐵南站店）,9.1,"['高級大床房:HK$228', '豪華大床房:HK$236', '豪華雙床房:HK$269', '休閑麻將房:HK$285']"
豪萊雅金和酒店（婁底吾悦廣場高鐵南站店）,9.4,"['高級雙床房【星港床墊+中央空調+新風系統】:HK$200', '高級大床房【星港床墊+酒店公區提供自助洗衣機】:HK$200', '輕奢大床房【智能客控+巨幕投影+沙發會客區】:HK$244', '輕奢雙床房【智能客控+星港床墊+舒適沙發會客區】:HK$252', '輕奢棋牌房【智能客控+星港茶墊+煙霧凈化器】:HK$305']"
卡爾頓酒店,9.5,"['精緻單間:HK$125', '精緻雙床間:HK$134', '豪華大床房:HK$139', '豪華雙床房:HK$139']"
悦行酒店（婁星廣場春園步行街店）,9.3,"['優選大床房【落地窗+中央空調+星港床墊】:HK$151', '悦致大床房【180°落地窗+中央空調+星港床墊】:HK$170', '悦臻雙床間【180°落地窗+中央空調+星港床墊】:HK$184', '悦臻大床房【180°落地窗+中央空調+星港床墊】:HK$194']"
赫柏喜悦影視酒店（婁底大漢路店）,9.3,"['星辰MINI大床房｜酣然入夢+零壓床墊:HK$149', '影院雙床房｜深眠乳膠記憶枕｜深眠乳膠床墊｜影視會員:HK$161', '逸趣生活｜影視棋牌雙床房｜空氣凈化器:HK$203', '影院大床房｜深眠乳膠記憶枕｜深眠乳膠床墊｜影視會員:HK$212']"
維也納酒店（婁底萬豪城市廣場店）,9.4,"['標準大床房:HK$192', '高級大床房:HK$206', '豪華雙床房:HK$206', '豪華大床房:HK$214']"
優程酒店（婁底漣鋼沃爾瑪店）,9.5,"['優享大床房:HK$157', '優雅大床房:HK$176', '優雅雙床房:HK$176', '優悦投影房（高清投影&智能語音）:HK$185']"
維也納國際酒店（婁底體育館店）,9.2,"['高級大床房:HK$224', '高級雙床房:HK$224', '豪華大床房:HK$263', '豪華雙床房:HK$263', '商務大床房:HK$284']"
赫柏星空酒店（高鐵南站婁底一中店）,9.4,"['星空•私影大床房:HK$191', 'PLUS私影大床房:HK$212', '星空•影院大床房:HK$227', '星空·影視豪華雙床房:HK$227']"
開成酒店（婁底吾悦廣場人文科技學院店）,9.3,"['依雲旅居大床房【全屋智能+巨幕投影+手機可投屏+杯具保潔櫃】:HK$167', '依雲旅居雙床房【全屋智能+巨幕投影+手機可投屏+杯具保潔櫃】:HK$167', '汐雲輕居大床房【全屋智能+巨幕投影+手機可投屏+情侶沙發休閑區】:HK$182', '汐雲輕居雙床房【全屋智能+巨幕投影+手機可投屏+休閑辦公區】:HK$182']"
星期六·輕雅酒店（火車站石馬公園店）,9.1,"['清風·輕奢大床房（房間寬敞+採光好+安靜舒適）:HK$96', '偶然間·簡約雙床房（房間寬敞+採光充足+乾淨舒適）:HK$96', '雅緻·茗悦大床房（房間寬敞+依窗茶桌+採光好）:HK$125', '清風·輕奢雙床房（空氣清新+採光充足+乾淨舒適）:HK$125']"
財智國際大酒店（婁底春園步行街店）,8.4,"['智享舒適大床房:HK$167', '智悦影院大床房:HK$180', '智雅豪華雙床房:HK$194']"
凱里亞德酒店（婁底市中心醫院職業技術學院店）,9.6,"['榮享雙床房:HK$208', '榮享大床房:HK$208', '榮享雙拼大床房:HK$220', '優享陽光大床房（小冰箱+加熱毛巾架）:HK$228']"
赫柏臻悦酒店（吉星金融廣場店）,9.7,"['臻.影視大床房.智能小度:HK$270', '逸.影視雙床房.暮光觀景:HK$277', '趣.影視創意房.親子閨蜜:HK$289', '歡.影視暢玩麻將大床房.巨屏投影:HK$301']"
恆豐大酒店,8.5,"['高級雙床房:HK$239', '商務大床房:HK$247', '恐龍親子房:HK$260', '商務雙床房:HK$261', '智能大床房:HK$267']"
赫柏希音酒店（婁底南站店）,9.2,"['XIYIN舒睡智選大床房（智能聲控+零壓床枕）:HK$238', 'XIYIN影音智能雙床房（4K騰訊VIP+可投屏+零壓床枕）:HK$260', 'XIYIN影音智能大床房（4K騰訊VIP+投屏辦公+零壓床枕）:HK$277', 'XIYIN影音智能雙床套房（4K騰訊VIP+可投屏）:HK$324']"
萬納S酒店（婁底關家腦店）,9.4,"['『歡悦●暢享影院房』-IMAX巨幕4K|極光TV會員|智能衞浴:HK$153', '『歡漫●安全觀影房』智能客控|超大休閑區+沉浸巨幕4K:HK$165', '『陽光●庭院雙床房』4K沉浸式光影+幽靜庭院+智能衞浴:HK$171', '『歡致●零壓庭院房』幽靜庭院|零壓床墊+智能門禁:HK$182']"
赫柏星空酒店（婁底吾悦廣場人文科技學院店））,9.6,"['悦享影視大床房（記憶床墊+舒適睡眠+4K投屏+100寸幕布）:HK$182', '悦享大屏影視大床房（記憶床墊+舒適睡眠+4K投屏+100寸幕布）:HK$194', '愉享影視大床房（記憶床墊+舒適睡眠+4K投屏+100寸幕布）:HK$206', '愉享影視雙床房（記憶床墊+舒適睡眠+4K投屏+100寸幕布）:HK$213']"
綠意·雅緻酒店（婁底店）,9.5,"['雅緻雙床房:HK$285', '雅緻大床房:HK$293', '逸緻·高級大床房:HK$323', '品致・茶藝大床房:HK$340', '影致·浴缸大床房:HK$346']"
顧德酒店（婁底五江建材家居城二大橋店）,8.3,"['特惠房:HK$133', '商務大床房:HK$163', '商務雙床房:HK$168', '豪華大床房:HK$192']"
安其居酒店（婁底人文科技學院萬豪城市廣場店）,9.1,"['安漫大床房:HK$103', '安怡雙床房:HK$116', '休閑棋牌小套房（免享停車+近珠山公園+近婁底八中）:HK$116', '安怡大床房:HK$117']"
婁底悦泊酒店（五江建材城店）,9.4,"['悦·雅緻大床房:HK$115', '悦.雅緻雙人間:HK$131', '精緻大床房:HK$144', '悦·精緻雙床房:HK$150']"
城市便捷酒店（婁底體育中心店）,9.2,"['特惠大床房:HK$120', '標準大床房:HK$141', '商務大床房:HK$156', '商務雙床房:HK$163']"
嘉圖酒店（婁底關家腦店）,9.2,"['Discunt嘉恵心動房:HK$111', 'Formal嘉怡大床房:HK$131', 'Formal嘉怡雙床房:HK$143', 'Luxury嘉豪大床房:HK$155']"
夢之島酒店（婁底市政府店）,9.5,"['精選特惠大床房（乳膠床墊+舒適睡眠）:HK$145', '優享舒適雙床房:HK$147', '幽夢舒適雙床房（乳膠床墊+舒適睡眠）:HK$159', '水夢年華浪漫浴缸房（乳膠床墊+舒緩泡浴）:HK$169']"
季楓·格芮酒店（婁底關家腦店）,9.3,"['悦享影視房:HK$155', '雅緻大床房:HK$174', '雅緻雙床房:HK$174', '臻致大床房:HK$185']"
綠意·博克斯酒店（婁底市政府店）,9.6,"['格悦·輕奢大床房:HK$225', '格悦·輕奢雙床房:HK$225', '臻悦·高級大床房:HK$255', '臻悦·高級雙床房:HK$255']"
萬納輕雅酒店（漣鋼沃爾瑪五江建材店）,9.6,"['臻享·榻榻米大床房（乳膠床墊+舒適睡眠+酒店提供洗衣機）:HK$133', 'W·輕居雙床房（乳膠床墊+舒適睡眠+酒店提供洗衣機）:HK$160', 'W·輕居大床房（乳膠床墊+舒適睡眠+酒店提供洗衣機）:HK$175', '米諾·影視大床房（乳膠床墊+舒適睡眠+酒店提供洗衣機）:HK$183']"
嘉圖酒店 （婁底新體育館職業技術學院店）,9.2,"['特惠大床房:HK$92', '特惠雙床房:HK$92', '嘉行雙床房:HK$98', '嘉行大床房:HK$98']"
赫柏星空酒店（婁底五江碧桂園店）,9.5,"['赫柏悦享大床房【零壓床墊+深眠記憶枕+雙重隔音】:HK$130', '赫柏悦享雙床房【舒適睡眠+商務尊享】:HK$136', '靜謐時光觀影大床房【巨幕投屏+影視會員+舒適睡眠】:HK$142', '靜謐時光觀影雙床房【高清影音+影視會員+舒適睡眠】:HK$153']"
維納鑫酒店（婁底新市政府高鐵南站）,9.6,"['高級大床房:HK$175', '豪華雙床房:HK$184', '豪華大床房:HK$193', '尚品茶藝大床房:HK$203']"
萬納輕雅影視酒店（婁底火車站石馬公園店）,9.4,"['『夕照・巨幕雲影』影院級雙人間-沉浸式4K｜極光VIP:HK$167', '『夕照・巨幕雲影』影院級大床房-雲端床墊｜4K超清影院:HK$175', '『遠影・全景巨幕』影院大床房-100吋4K｜零壓靜謐深眠:HK$191', '『遠影・全景巨幕』影院雙人間-100吋4K｜零壓深眠系統:HK$191']"
嘉圖酒店（婁底建設路吾悦廣場店）,8.8,"['致青春·精緻大床房:HK$127', '憶江南·舒適大床房:HK$164', '致青春·精緻雙床房:HK$164', '憶江南·舒適雙床房:HK$179']"
鴻潤酒店（婁底體育中心店）,8.9,"['精緻雙床房【星港床墊+中央空調+新風系統】:HK$138', '精緻大床房【星港床墊+酒店公區提供停車場】:HK$142', '雅緻大床房【星港床墊+酒店公區提供洗衣機】:HK$176', '雅緻雙床房【星港床墊+乾濕分離+茶座會客區】:HK$176']"
中鐵商務酒店（婁底火車站店）,10.0,"['悦享.迷你房:HK$112', '悦享.舒適大床房:HK$125', '悦享.舒適雙床房:HK$130', '悦意.影視大床房:HK$138']"
莫林風尚酒店（婁底珠山公園第三中學店）,9.2,"['風尚特惠房（超柔床品+優質衞浴）:HK$137', '商務大床房（零壓床墊+高級床品）:HK$147', '主題大床房（文藝風格+高層景觀+零壓床墊）:HK$195', '豪華大床房（休閑沙發+高級床品）:HK$196']"
鴻潤光陽酒店（火車站石馬公園店）,9.3,"['標準雙床房【星港床墊+酒店公區提供洗衣機】:HK$99', '標準大床房【星港床墊+酒店公區提供洗衣機】:HK$99', '情侶圓床房【星港床墊+舒適沙發+電腦辦公區】:HK$111', '豪華雙床房【星港床墊+新風系統+電腦辦公區】:HK$122']"
婁星萊凱悦影視酒店（婁底火車站漣鋼沃爾瑪店）,9.2,"['K清風影院大床房（極光4k高清＋影視片源+120寸無框幕布｜手機投屏+texsoft鵝絨被芯）:HK$119', 'Y見景影院雙床房（大水量熱水沐浴+七分區彈簧床基+de Rucci人體工學深度睡舒眠床墊+手機投屏）:HK$119', '偶然間.簡約影院大床房（100寸無框幕布+影視資源.iqiyi會員+手機投屏+全新60支紗布草）:HK$119', 'Y見景影院大床房（輕奢新中式茶桌+JIhotel茶盤功夫茶具+極光4k高清+深睡舒眠床墊+Texsoft鵝絨被芯）:HK$122']"
葉子酒店（婁底職業技術學院中心醫院店）,9.1,"['精選大床房:HK$136', '精選雙床房:HK$160', '精選娛樂房:HK$242']"
