酒店名称,评分,房型价格列表
安康四季酒店（金州南路郵政店）,9.5,"['精品單間:HK$301', '城景雙床房:HK$326', '四季鳥語雙床房:HK$432', '金州風情大床房:HK$465']"
安康賓館（市政府店）,9.5,"['舒適雙床房:HK$228', '精緻雙床房:HK$294', '陽光雙床房:HK$320', '城景開闊大床房:HK$325']"
安康明江國際酒店,9.5,"['恬靜城景雙床房:HK$263', '金州城景大床房:HK$281', '明江江景大床房:HK$402', '風情江景情侶房:HK$411', '漢江江景公寓套房:HK$438']"
安康瀛湖筱隱度假酒店,9.5,"['伴竹園景雙床房:HK$482', '伴竹園景大床房:HK$482', '伴竹露台園景雙床房:HK$535', '沐日星空LOFT:HK$589', '甄選湖景家庭房:HK$589']"
馨際·設計師酒店（安康漢江店）,9.4,"['馨途·大床套房『一室一廳+舒達床墊+植物精油洗護』:HK$451', '席居·大床房『舒達床墊+東方寶石植物精油洗護』:HK$479', '席居·雙床房『舒達床墊+東方寶石植物精油洗護+智能馬桶』:HK$479', '和居·家庭套房『兩居室+舒達床墊+東方寶石植物精油洗護』:HK$654']"
美豪R酒店（安康高新萬達店）,9.4,['R尊享雙床房:HK$402']
美豪麗致酒店（安康濱江旗艦店）,9.5,"['麗致雙床房:HK$365', '雅緻江景雙床房:HK$453', '麗致大床房:HK$453', '麗致江景雙床房:HK$466', '雅緻江景大床房:HK$578']"
全季酒店（安康高新區萬達店）,9.7,"['雙床房[智能客控、小冰箱、落地窗、金可兒床墊]:HK$252', '高級大床房[智能客控、小冰箱、落地窗、金可兒床墊]:HK$271', '商務大床房[智能客控、小冰箱、落地窗、金可兒床墊]:HK$298', '高級雙床間[智能客控、小冰箱、落地窗、金可兒床墊]:HK$298']"
安康文昌路紫金酒店,9.4,"['雅緻雙床房:HK$226', '雅緻大床房:HK$247', '高級雙床房:HK$267', '高級大床房:HK$288', '行政大床房:HK$330']"
龍誠國際酒店（漢江龍舟文化園店）,9.2,"['雅居雙床房:HK$312', '雅居大床房:HK$318', '觀景大床房:HK$337', '江景雙床房:HK$358', '豪華行政雙床房:HK$365']"
安康金力源國際酒店,9.3,"['金·舒適大床房:HK$323', '金·舒適雙床房:HK$323', '力·奢享大床房:HK$360', '力·奢享雙床房:HK$360', '源·致臻大床房:HK$416']"
蘭庭酒店（安康市政府中心醫院店）,9.3,"['蘭景·景緻雙床房「騰訊會員+休閑桌椅+智能馬桶」:HK$192', '蘭庭·行政大床房「騰訊會員+休閑桌椅+智能馬桶」:HK$256']"
安康倉房樓荷塘月色酒店,9.4,"['湖景豪華雙人標間:HK$434', '湖景豪華臻享套房:HK$1,474', '湖景豪華尊享套房:HK$1,845', '湖景豪華露台套房:HK$2,217']"
安康禹金洲輕奢酒店,9.5,"['舒適小單間:HK$137', '輕奢雙床房:HK$158', '觀景雙人房:HK$195', '輕奢大床房:HK$200']"
安康金地酒店,9.6,"['金地雙床房:HK$259', '金地大床房:HK$283', '高級雙床房:HK$292', '精緻江景雙床房:HK$355', '高級江景大床房:HK$393']"
安康瑞斯麗酒店,9.5,"['瑞斯嘉公寓大床房:HK$457', '瑞斯麗豪華大床房:HK$518', '瑞斯麗豪華雙床房:HK$556', '瑞斯麗行政大床房:HK$729', '瑞斯麗行政雙床房:HK$767', '瑞斯麗套房:HK$895']"
安康京康國際酒店（吾悦廣場店）,9.4,"['特惠標準間:HK$215', '標準雙人間:HK$285', '標準大床房:HK$312', '豪華大床房:HK$431', '小黃鴨主題親子大床房:HK$473']"
漢庭優佳酒店（安康興安中路江華城店）,9.3,"['雙床房[可投屏+金可兒床墊]:HK$177', '大床房[可投屏+金可兒床墊]:HK$196', '高級大床房[可投屏+金可兒床墊]:HK$215', '商務雙床房[可投屏+金可兒床墊]:HK$215']"
安康南方商務酒店,9.5,"['影視大床房:HK$188', '豪華標間:HK$212', '豪華主題房:HK$214', '麻將標間:HK$265']"
安康四季花園酒店,9.6,"['精緻雙床房:HK$217', '雅緻雙床房:HK$272', '雅緻大床房:HK$325', '唯愛親子房:HK$554', 'CEO套房:HK$620']"
安康逸生活精品酒店（高新萬達店）,9.0,"['雅緻大床房:HK$236', '雙床房:HK$260']"
安康金苑大廈,8.7,"['優享舒適雙床房:HK$206', '商務舒適雙床房:HK$250', '舒適大床房:HK$250', '江畔觀景大床房:HK$272']"
安康睿智天龍酒店,8.7,"['舒適雙床房:HK$205', '豪華大床房:HK$260', '豪華雙床房:HK$260', '温馨雙床房:HK$293', '豪華套房:HK$358']"
翔瑞假日酒店（安康高新萬達店）,9.6,"['瑞享·舒適大床房:HK$174', '舒適雙床房:HK$199', '瑞享·豪華大床房:HK$224', '瑞享·豪華雙床房:HK$237']"
安康蓮花精選酒店（萬達廣場店）,9.5,"['雅緻雙床房:HK$269', '高級雙床房:HK$292', '雅緻大床房:HK$343', '行政雙床房:HK$351']"
熊貓V+電競酒店,9.5,"['豪華商務大床房:HK$228', '豪華商務標間:HK$255', '豪華親子三人間:HK$272', '電競榻榻米雙人間（全屋智能、高級睡眠）[LOL特權]:HK$281']"
星程酒店（安康吾悅廣場店）,9.4,"['高級雙床房【可投屏+喜臨門床墊】:HK$177', '高級大床房【可投屏+喜臨門床墊】:HK$196', '商務雙床房【可投屏+智能客控+喜臨門床墊】:HK$205', '商務大床房【可投屏+智能客控+喜臨門床墊】:HK$224']"
愛琴海酒店（安康火車站江北店）,9.4,"['雅緻雙床房:HK$179', '舒適大床房:HK$187', '舒適雙床房:HK$195', '浪漫大床房:HK$203']"
安康金蘭美宿酒店（龍舟文化園店）,9.2,"['精緻雙床房:HK$115', '精品雙床房:HK$130', '精品大床房:HK$132', '舒適大床房:HK$134']"
安康華鑽酒店（市政府店）,8.7,"['惠享大床房:HK$190', '惠享雙床房:HK$190', '商務大床房:HK$228', '商務雙床房:HK$228']"
漢悦城際酒店（安康萬達廣場店）,9.0,"['行政商務大床房:HK$229', '景觀商務大床房:HK$229', '城市景觀雙床房:HK$235', '親子家庭房:HK$242']"
如家酒店·neo（安康市政府中心醫院店）,9.5,"['單人房-【投屏電視機】:HK$144', '大床房-【投屏電視機】:HK$152', '商務大床房-【投屏電視機】:HK$160', '雙床房-【投屏電視機】:HK$168']"
好季酒店（安康市政府店）,9.5,"['超享雙床房:HK$175', '樂享親子房:HK$189', '輕奢雙床房:HK$195', '温馨親子房:HK$220']"
IU酒店（安康興安中路江華城店）,9.7,"['小U·精緻大床房:HK$172', '小U·舒適大床房:HK$189', '小U·超級大床房:HK$206', '小U·舒適雙床房:HK$206']"
錦江之星酒店（高新安康大道金康廣場店）,9.2,"['星悦大床影視主題房:HK$160', '星悦標準大床房:HK$162', '星悦高級大床房:HK$180', '星選高級家庭房:HK$313']"
宜必思酒店（安康市政府中心醫院店）,9.4,"['高級大床房:HK$169', '雙床房:HK$169', '大床房:HK$170', '商務雙床房:HK$201']"
安康愛客森酒店,8.6,"['舒享·淳靜雙床房（無窗）:HK$136', '舒享·雅緻大床房:HK$142', '舒享·輕奢雙床房:HK$161', '尊享·舒適大床房:HK$167']"
安康八方客酒店（高新萬達廣場店）,8.7,"['高空夜景豪華雙床房:HK$230', '高空夜景豪華大床房:HK$236', '親子間:HK$414', '套房:HK$500']"
駿怡連鎖酒店（安康火車站店）,9.5,"['樂享雙床房:HK$166', '樂享大床房:HK$185', '優享雙床房:HK$203', '悦享温馨家庭房:HK$240']"
安康藍鑽酒店,8.6,"['豪華大床房-後樓:HK$152', '普通單間（無窗）:HK$158', '豪華雙床房-前樓:HK$161', '優選大床房:HK$181']"
鑫城精緻酒店（安康市政府店）,9.5,"['精緻雙人間:HK$130', '精緻大床房:HK$137', '豪華雙床房:HK$159', '豪華大床房:HK$169']"
桃源人家民宿（安康桃花源公園店）,8.7,"['桃花嶺·獨立別墅大床房—花團錦簇獨立庭院:HK$455', '粉黛坡·獨立別墅榻榻米大床房—獨立榻榻米景觀茶室+花團錦簇獨立庭院:HK$550', '日月湖·獨立別墅雙床房—花團錦簇獨立庭院+河景景觀茶室陽台:HK$574', '桃花溪·獨立別墅棋牌大床房—獨立景觀棋牌室+花團錦簇獨立庭院:HK$574']"
吉祥城市酒店（安康火車站店）,9.2,"['休閑標準間:HK$157', '休閑大床房:HK$157', '精選雙人房:HK$166', '豪華套房:HK$315']"
安康城溪酒店,9.5,"['特惠大床房:HK$140', '舒適大床房:HK$150', '高級大床房:HK$163', '雙床房:HK$190']"
未來生活酒店（安康東大街店）,8.7,"['未來-雅緻大床房:HK$181', '未來-雅緻雙床房:HK$181', '未來-行政大床房:HK$195', '未來-行政雙床房:HK$195']"
維也納3好酒店（安康高新飛地產業園機場店）,9.5,"['臻禮大床房:HK$157', '高級雙床房:HK$181', '高級大床房:HK$191', '豪華雙床房:HK$191']"
安康香溪温泉酒店,8.2,"['雅緻大床房:HK$128', '雅緻雙床房:HK$139', '雅韻智能雙床房:HK$163', '雅韻觀景大床房:HK$163']"
安康如意酒店（安康市中心醫院店）,9.1,"['舒適雙床房:HK$128', '舒適大床房:HK$128', '舒適棋牌套房:HK$151', '高級大床房（高清投影）:HK$165']"
安康瀛湖酒店,8.3,"['瀛湖雙床房:HK$580', '瀛湖大床房:HK$580', '豪華庭院雙床房:HK$650', '豪華庭院大床房:HK$650', '園林雙床房:HK$689']"
安康多尚客輕奢酒店,8.6,"['精品小單間:HK$158', '輕奢大床房:HK$166', '輕奢雙床房:HK$175', '精品雙床房:HK$183']"
