酒店名称,评分,房型价格列表
萬汀酒店（ 安慶高鐵站天柱山機場店）,9.6,"['精選大床房 [mini冰箱+深睡乳膠枕+温馨舒適]:HK$209', '高級雙床房 [Mini冰箱+零壓高低枕+超大明窗]:HK$223', '高級大床房 [Mini冰箱+零壓高低枕+超大明窗]:HK$223', '商務雙床房 [Mini冰箱+親膚浴袍+奢闊空間+全景落地窗]:HK$245', '商務大床房 [mini冰箱+親膚浴袍+奢闊空間+全景落地窗]:HK$245']"
安慶吾悦廣場亞朵酒店,9.6,"['高級大床房:HK$305', '行政雙床房:HK$305', '行政大床房:HK$332', '幾木雙床房:HK$341', '幾木大床房:HK$359']"
花築·天柱山竹籬茅舍民宿,9.7,"['竹林木屋:HK$421', '竹林別院標準間:HK$421', '竹林別院大標間:HK$451', '翠竹星空大床房（陽台+浴缸）:HK$637']"
安慶佳悦麗景酒店（安慶高鐵站店）,9.3,"['悦享｜棲巷雙人間（記憶枕+品牌床墊+直飲水）:HK$174', '悦享｜雅韻大床房（直飲機+落地明窗+記憶枕）:HK$175', '悦享｜標準大床房（品牌床墊+記憶枕+舒適浴袍）:HK$185', '悦享｜標準雙床房（品牌床墊+記憶枕+直飲機）:HK$185']"
你好酒店（安慶菱湖公園店）,9.6,"['大床房:HK$198', '高級雙床房:HK$198', '高級大床房:HK$207', '商務大床房:HK$227']"
名家酒店（菱湖公園開放大學店）,9.3,"['優享商務大床房:HK$162', '輕享舒適雙床房:HK$190', '智享精緻雙床房:HK$204', '智享精緻大床房:HK$205']"
一枕春山·閑庭度假別院（天柱山店）,9.9,"['雲隱·山景特惠大床房「雲端床枕+舒適好眠+全屋智能」:HK$364', '浮光·山景竹海大床房「全屋智能+舒適好眠+沉浸投影」:HK$394', '暮雲·竹海舒適標準間「晨光喚醒+全屋智能+眺望山景」:HK$459', '山憩·山景家庭親子房「全屋智能+舒適好眠+靜音床墊」:HK$497', '霞歸·湖景温馨大床房「全屋智能+舒適好眠+恆温床品 」:HK$526']"
安慶懷寧國建開元大酒店,9.6,"['開元街景雙床房:HK$300', '開元街景大床房:HK$300', '豪華河景雙床房:HK$329', '豪華河景大床房:HK$329', '行政街景雙床房:HK$398']"
安慶栢景國際酒店,9.6,"['高級大床房｜金可兒床墊+科勒衞浴+投屏電視:HK$370', '高級雙床房｜金可兒床墊+科勒衞浴+投屏電視:HK$370', '商務大床房｜金可兒床墊+科勒衞浴+投屏電視:HK$439', '商務雙床房｜金可兒床墊+科勒衞浴+投屏電視:HK$439', '豪華大床房｜金可兒床墊+科勒衞浴+投屏電視+城市景觀:HK$521', '親子主題房｜金可兒床墊+科勒衞浴+投屏電視+城市景觀:HK$539']"
安慶尊悦酒店,9.2,"['特價商務大床房:HK$216', '尊享行政大床房:HK$271', '悦享中式雙床房:HK$271', '悦享中式大床房:HK$271', '尊享城景雙床房:HK$271']"
全季酒店（安慶潛山舒州大道店）,9.3,"['商務雙床房:HK$302', '高級大床房:HK$321', '商務大床房:HK$331', '商務套房:HK$442']"
天域花園酒店（安慶吾悅廣場店）,9.4,"['舒睡單間:HK$200', '商務標間:HK$229', '商務單間:HK$229', '商務高級單間:HK$239', '行政標間:HK$267']"
安慶黃梅山莊（菱湖公園店）,9.3,"['陶然雙床房:HK$192', '陶然大床房:HK$192', '無憂休閑棋牌房:HK$223', '歡緣親子房:HK$223']"
藝龍瑞雲酒店（安慶高鐵站光彩大市場店）,9.2,"['豪華大床房:HK$206', '高級大床房:HK$226', '高級雙床房:HK$235', '豪華套房:HK$256']"
安慶麗呈睿軒酒店（七街高鐵站店）,9.7,"['特惠豪華商務大床房:HK$269', '特惠豪華商務雙床房:HK$269', '豪華商務大床房（森林氧吧凈化器+零壓床墊+智能投屏）:HK$282', '豪華商務雙床房（森林氧吧凈化器+零壓床墊+智能投屏）:HK$282', '行政觀景大床房（森林氧吧凈化器+零壓床墊+智能投屏）:HK$358']"
天柱清峯民宿（天仙峽景區店）,9.7,"['溪歸•親子雙床房（獨立陽台+落地窗）:HK$458', '春悦•豪華標間（獨立陽台+落地窗）:HK$512', '冬裕•豪華標間（落地窗+獨立陽台看主峯）:HK$534', '秋得•豪華標間（落地窗+獨立陽台看主峯）:HK$534']"
格美酒店（安慶太湖文博園遊客中心店）,9.2,"['格美高級大床房:HK$189', '格美高級雙床房:HK$189', '豪華智能影音房:HK$251', '舒眠零壓大床房:HK$251']"
安慶世紀緣國際酒店（高鐵站店）,9.6,"['高級雙床房:HK$262', '高級大床房:HK$265', '豪華雙床房:HK$287', '豪華大床房:HK$287', '休閑房:HK$369']"
安慶豐大國際大酒店,9.2,"['豪華大床房:HK$340', '豪華雙床房:HK$340', '豪華套房:HK$891']"
安慶大酒店,9.2,"['特惠園景大床房:HK$184', '特惠園景雙床房:HK$184', '商務園景雙床房:HK$196', '商務園景大床房:HK$196', '宜享園景套房:HK$294']"
潛山恆華大酒店,9.5,"['標準大床房（全屋智能+安睡記憶枕+品牌床墊）:HK$191', '標準雙床房（全屋智能+安睡記憶枕+品牌床墊）:HK$191', '商務大床房（全屋智能+安睡記憶枕+品牌床墊）:HK$220', '商務雙床房（全屋智能+安睡記憶枕+品牌床墊）:HK$220']"
安慶滙峯吾悦廣場美侖酒店,9.6,"['大床房:HK$291', '高級雙床房:HK$291', '高級大床房:HK$302', '豪華雙床房:HK$302', '豪華大床房:HK$331']"
安慶香瀾豪庭酒店（高鐵站店）,9.5,"['商務雙人間:HK$348', '商務大床房:HK$348', '豪華雙人間:HK$402', '豪華大床房:HK$402', '行政雙人間:HK$457']"
安慶吾悦廣場開元名庭酒店,9.2,"['名成豪華大床房:HK$292', '名成高級大床房:HK$358', '名成高級雙床房:HK$359', '名成輕奢大床房:HK$400', '名成豪華雙床房:HK$400']"
維朵國際酒店（安慶高鐵站店）,9.2,"['雅緻大床房:HK$168', '豪華尊享大床房:HK$193', '180°落地窗臻品大床房:HK$205', '超大空間豪華雙床房:HK$224']"
安慶德辰金陵大酒店,9.8,"['豪華雙床房:HK$490', '豪華大床房:HK$534', '豪華河景大床房:HK$599', '豪華河景雙床房:HK$599', '行政雙床房:HK$708', '行政大床房:HK$708']"
安慶温州國際大酒店,8.9,"['高級雙床房:HK$141', '高級大床房:HK$141', '商務標準間:HK$153', '豪華雙床房:HK$176']"
維也納智好酒店（安慶人民路步行街店）,9.6,"['特價大床房:HK$173', '高級大床房:HK$208', '高級雙床房:HK$216', '豪華大床房:HK$234']"
麗景酒店（安慶高鐵站宜秀店）,9.2,"['舒睡大床房（靜享睡眠 · 三合一充電）:HK$170', '舒睡雙床房（靜享睡眠 · 三合一充電）:HK$183', '逸緻雙床房（寬敞明亮 · 多功能辦公桌 · 深睡床墊）:HK$202', '逸緻大床房（安眠靜謐 · 多功能辦公桌 · 深睡床墊）:HK$207']"
安慶綠地鉑驪酒店,9.7,"['高級大床房:HK$349', '高級雙床房:HK$349', '豪華大床房:HK$369', '豪華雙床房:HK$369', '行政大床房:HK$442', '行政雙床房:HK$442']"
天柱亦居民宿（天仙峽景區店）,10.0,"['亦靜-山景雙人標間（落地窗+獨立陽台+地暖）:HK$535', '亦寧 - 庭院觀景雙床房（落地窗+獨立陽台+地暖）:HK$557', '亦雅-尊享主峯大床房（浴缸+智能馬桶+地暖）:HK$623', '亦舒-山景雙床房（獨立陽台+落地窗+地暖）:HK$643']"
安慶宜秀開元名庭大酒店,9.6,"['名成高級大床房:HK$269', '名成豪華大床房:HK$289', '名成豪華雙床房:HK$289', '名成行政大床房:HK$327', '名成商務大床房:HK$375']"
全季酒店（安慶太湖文博園店）,9.8,"['高級大床房:HK$262', '商務雙床房:HK$281', '商務大床房:HK$290']"
橙子國際酒店（安慶七街高鐵站店）,9.6,"['精選大床房（智能客控+助眠乳膠枕+安睡乳膠床墊）:HK$233', '高級大床房（智能客控+助眠乳膠枕+安睡乳膠床墊）:HK$243', '高級雙床房（智能客控+助眠乳膠枕+安睡乳膠床墊）:HK$256', '豪華大床房（智能客控+助眠乳膠枕+安睡乳膠床墊）:HK$266', '奇幻太空艙3D巨幕影院房（智能客控+80寸巨幕投影+騰訊雲視聽極光TV會員+助眠乳膠枕+安睡乳膠床墊）:HK$289']"
天柱明月澗·設計師智能民宿,9.8,"['沐星居·普通雙床房:HK$630', '棲雲間雙床房『全屋智能|小冰箱|超清投影』:HK$684', '雲海間露台雙床房『全屋智能|小冰箱|投影』:HK$734', '觀月間庭院雙床房『全屋智能|小冰箱』:HK$809', '攬山閣·浴缸大床房『全屋智能||超清投影|深泡浴缸』:HK$859']"
安慶南翔大酒店（高鐵站店）,9.1,"['副樓快捷精品雙床房:HK$191', '副樓快捷精品大床房:HK$200', '主樓商務大床房:HK$234', '主樓商務雙床房:HK$234', '主樓豪華大床房:HK$287']"
安慶市政務中心七街亞朵酒店,9.5,"['高級大床房:HK$278', '高級雙人房:HK$278', '行政雙床房:HK$296', '行政大床房:HK$296', '幾木雙床房:HK$323']"
安慶會議中心酒店,9.6,"['豪華雙床房:HK$309', '豪華大床房:HK$309', '豪華氧吧大床房:HK$359', '豪華氧吧雙床房:HK$359', '行政大床房:HK$366']"
全季酒店（安慶人民路倒扒獅步行街店）,9.5,"['大床房:HK$255', '高級大床房:HK$264', '高級雙床房:HK$284', '商務大床房:HK$302']"
桐城美鉑國際酒店,9.5,"['高級大床房:HK$212', '影院大床房（巨幕投影+全屋智能+零壓床墊+乳膠枕）:HK$247', '高級雙床房（智能客控+零壓床墊+乳膠枕）:HK$262', '家庭親子房（全屋智能+75寸可投屏電視）:HK$361']"
喆啡酒店（安慶高鐵站光彩大市場店）,9.3,"['醇享大床房:HK$172', '醇享雙床房:HK$172', '豪華大床房:HK$198', '豪華雙床房:HK$198']"
曼諾菲酒店（安慶人民路步行街店）,9.5,[]
全季酒店（安慶火車站中興大道店）,9.6,"['高級雙床房:HK$281', '高級大床房:HK$290', '商務雙床房:HK$299', '商務大床房:HK$337']"
維也納酒店（安慶碧桂園萬達廣場店）,9.6,"['標準大床房:HK$218', '標準雙床房:HK$218', '豪華大床房:HK$238', '豪華雙床房:HK$238']"
安慶碧桂園鳳悦鳳凰酒店,9.4,"['特惠大床房:HK$184', '尊享雙床房:HK$242', '尊享大床房:HK$242', '商務園景大床房:HK$294', '商務園景雙床房:HK$294', '零壓舒睡大床房:HK$326']"
扶搖·天柱山景泳池度假民宿,9.5,"['同風躍·山景特惠大床房:HK$436', '鵬雲起·山景雙床房（360度全景落地窗）:HK$525', '凌九宇·山景無邊泳池雙床房（360度全景落地窗）:HK$525', '鵬風悠·山景無邊泳池雙床房（360度全景落地窗）:HK$525', '雲鵬舉·山景無邊泳池雙床房（360度全景落地窗）:HK$525']"
雲山影民宿（天柱山景區店）,9.7,"['雨影·山景大床房【落地窗觀天柱峯+智能馬桶】:HK$480', '竹影·觀景雙床房【大落地窗觀天柱峯+智能馬桶】:HK$531', '月影·180度山景雙床家庭房【陽台觀天柱峯+智能馬桶】:HK$531', '雪影·大床房【智能馬桶+落地窗】:HK$573']"
安慶大觀區政務中心開元名庭酒店,9.7,"['名成標準雙床房 |全屋智能:HK$349', '名成豪華雙床房 | 全屋智能+落地景觀:HK$382', '名成豪華大床房 | 按摩椅+全屋智能+落地景觀:HK$386', '名成行政雙床房 | 全屋智能+落地景觀:HK$398', '名成行政大床房 | 按摩椅+全屋智能+落地景觀:HK$409']"
漢庭酒店（安慶七街政務中心店）,9.6,"['高級大床房:HK$215', '商務大床房:HK$224', '高級雙床房:HK$224', '豪華套房:HK$286']"
天柱山天仙配精品酒店,9.2,"['特惠大床房:HK$142', '特惠雙床房:HK$143', '精緻雙床房:HK$185', '精緻大床房:HK$186']"
