酒店名称,评分,房型价格列表
麗怡酒店（安順古城顧府街店）,9.3,"['高級大床房:HK$424', '豪華大床房:HK$450', '湖景大床房:HK$476', '園景雙床房:HK$476', '純凈大床房-無煙:HK$502']"
安順荼樂隱肆民宿（安順西高鐵站店）,9.9,"['縵悦·榻榻米影音房【巨幕投影+智能客控+乾濕分離】:HK$380', '縵奢·清悠別院大床房【智能客控+乾濕分離+實木茶台】:HK$481', '縵奢·清悠別院雙床房【智能客控+乾濕分離+實木茶台】:HK$526', '縵奢·LOFT家庭影音房【巨幕投影+浴缸+全景落地窗】:HK$998']"
安順高鐵西站怡程酒店,9.0,"['智能商務大床房（雅蘭床墊+中式茶具+電視投屏）:HK$515', '智能豪華大床房（雅蘭床墊+中式茶具+電視投屏）:HK$563', '智能豪華雙床房（雅蘭床墊+中式茶具+電視投屏）:HK$614', '智能舒適大床房（中式茶具+電視投屏+縱享私湯）:HK$697', '智能豪華套房（雅蘭床墊+中式茶具+電視投屏）:HK$721']"
安順聖豐酒店（顧府街店）,9.0,"['高級城景雙床房:HK$492', '高級城景大床房:HK$493', '無煙城景雙床房:HK$555', '精選城景大床房:HK$564', '精選城景雙床房:HK$564']"
龍宮·翠山房,9.7,"['暮雲陽台雙床房:HK$818', '暮雨陽台雙床房:HK$818', '暮雲陽台大床房:HK$818', '修竹庭院浴缸大床房:HK$899', '修竹庭院雙床房:HK$899']"
和頤至尚酒店（安順黃果樹大街大潤發店）,9.4,"['雙床房:HK$262', '大床房A:HK$272', '商務大床房:HK$301', '高級大床房:HK$330', '高級雙床房:HK$340']"
朴樹·四季酒店（安順古城顧府街店）,9.4,"['季·清冬|智控大床房|F棟|獨享靜謐+智能馬桶+65寸電視:HK$463', '季·初夏|聲控雙床房|F棟|獨享靜謐+智能馬桶+65寸電視:HK$474', '季·芳春|聲控大床房|F棟|獨享靜謐+智能馬桶+65寸電視:HK$485', '樹·晨曦|智能客控雙床房|全屋聲控+智能馬桶+65寸電視:HK$502']"
屯舍·文化酒店（安順大潤發好吃街店）,9.3,"['屯夕 | 城景大床房（零壓床墊）:HK$458', '屯夕|雅緻大床房（零壓床墊）:HK$471', '屯夕 | 雅緻雙床房（零壓床墊）:HK$491', '屯夕 | 浮光大床房（零壓床墊）:HK$491', '槓上花 | 娛樂棋牌房（零壓床墊）:HK$504']"
維也納國際酒店（安順國貿顧府街店）,9.5,"['高級大床房【高枕無憂+零壓床墊+浴袍】:HK$400', '豪華雙床房【高枕無憂+零壓床墊+浴袍】:HK$435', '豪華大床房【高枕無憂+零壓床墊+浴袍】:HK$479', '城景大床房【高枕無憂+零壓床墊+浴袍】:HK$502']"
御馬灣·温泉酒店（安順機場店）,8.2,"['御錦·觀山大床房【靜謐好眠+綠野漫山】:HK$323', '御錦·靜謐雙床房【舒適好眠+智能馬桶】:HK$382', '御雲·泉景雙床【水天一色+靜謐好眠】:HK$392', '御錦·親子房【靜謐好眠+智能馬桶】:HK$411', '觀泉·機麻雙床房【國風娛樂+血戰到底】:HK$549']"
天驕度假酒店（安順鎮寧黃果樹瀑布景區博園路店）,9.4,"['精品大床房:HK$327', '精品雙床房:HK$327', '天驕豪華雙床房:HK$371', '天驕豪華大床房:HK$371', '樂享.童話親子雙床房:HK$491']"
銘晟居酒店（安順黃果樹瀑布景區店）,9.3,"['品茗雅緻大床房:HK$426', '品茗雅緻雙床房:HK$433', '陽台豪華大床房:HK$467', '陽台豪華雙床房:HK$490', '親子豪華雙床房:HK$543']"
花築·安順屯堡院子（雲鷲山店）,9.4,"['精選標間:HK$359', '屯院標間:HK$396', '中式標間:HK$507', '中式觀景大床房:HK$557']"
遠承雲棲酒店（安順西高鐵站萬象城店）,10.0,"['謐園·智能客控大床房|全屋聲控+智能馬桶+65寸電視|:HK$550', '輕居·智控投影雙床房|全屋聲控+智能馬桶+100寸投影|:HK$550', '雲瞰·智能客控大床房♥全屋聲控+智能馬桶+65寸電視♥:HK$566', '棲景·智能客控雙床房|全屋聲控+智能馬桶+65寸電視|:HK$597', '熙景·智能客控雙床房|全屋聲控+智能馬桶+65寸電視|:HK$608']"
壹柏·悦美酒店（安順顧府街南馬廣場店）,9.5,"['安睡城景大床房（全屋聲控+電動遮光窗簾+投屏電視）:HK$383', '安睡城景雙床房（全屋聲控+電動遮光窗簾+投屏電視）:HK$404', '躺平治癒大床房（全屋聲控+電動遮光窗簾+投屏電視）:HK$416', '躺平治癒雙床房（全屋聲控+電動遮光窗簾+投屏電視）:HK$437']"
東城酒店（黃果樹大街西秀區高級中學店）,9.0,"['悦山雙床房:HK$418', '悦山大床房:HK$438', '東城豪華雙床房:HK$449', '東城豪華大床房:HK$457', '東城尊尚大床房:HK$474']"
安順神駿風情温泉酒店（安順高鐵西站神駿生態文旅小鎮店）,9.4,"['靜謐舒睡大床房|零壓床墊+親膚床品:HK$267', '旅居時光雙床房|零壓床墊+親膚床品:HK$407', '旅居時光大床房丨零壓床墊+親膚床品:HK$407', '隱悦田園雙床房|自然眠愈+實木傢俱:HK$419']"
安順悠然客棧（舊州古鎮店）,10.0,"['悠然大床房:HK$546', '悠然雙床房:HK$546', '屯堡大床房:HK$639', '屯堡雙床房:HK$639']"
貴州安順西站美居酒店,9.7,"['高級大床房【智能客控+minibar】:HK$693', '標準雙床房【智能客控+minibar】:HK$714', '嘉賓大床房【智能客控+minibar】:HK$733', '高級雙床房【智能客控+minibar】:HK$743', '嘉賓雙床房【智能客控+minibar】:HK$774']"
半山酒店（安順黃果樹大街好吃街店）,9.5,"['山景雙床房:HK$396', '山景大床房:HK$396', '城景大床房:HK$429', '城景雙床房:HK$429', '御觀大床房:HK$493', '御觀雙床房:HK$493']"
龍宮棲縵民宿,9.2,"['花園大床房（休閑庭院+星空浴+智能）:HK$874', '闊景大床房（觀景陽台+星空浴+智能）:HK$874', '山野大床房（觀景露台+星空浴+榻榻米+智能）:HK$939', '闊景親子房（智能+小童小屋）:HK$984', '山野雙床房（榻榻米+觀景露台+智能+星空浴）:HK$1,092', '花園家庭房（休閑庭院+星空浴+智能）:HK$1,639']"
桔子酒店（安順黃果樹景區龍宮路店）,9.7,"['大床房（小冰箱+65寸電視投屏）:HK$620', '高級大床房（小冰箱+辦公桌）:HK$742', '露台大床房（智能客控+水吧枱）:HK$773', '雙床房（小冰箱+65寸電視投屏）:HK$783', '露台雙床房（智能客控+水吧枱）:HK$824']"
安順原木·山舍精品民宿,9.6,"['屯風大床房:HK$313', '安月榻榻米雙床房:HK$352', '雙雨雙床房:HK$431', '雲棲大床房:HK$451']"
全季酒店（安順店）,9.6,"['大床房（65寸電視投屏+拾光茶具）:HK$477', '雙床房（智能客控+辦公桌）:HK$515', '舒適雙床房（小冰箱+零壓床墊）:HK$533', '高級大床房（智能客控+辦公桌）:HK$533']"
維也納酒店（安順黃果樹大街大潤發店）,9.5,"['標準大床房:HK$314', '標準雙床房:HK$314', '高級大床房:HK$344', '高級雙床房:HK$344']"
安順貴飛酒店,9.7,"['豪華大床房:HK$305', '豪華雙床房:HK$305', '特惠大床房:HK$305', '特惠雙床房:HK$305', '親子雙人房:HK$320']"
安順美瀾温泉大酒店,9.0,"['商務零壓大床房:HK$226', '精品雙床房:HK$226']"
安順龍宮別苑,8.7,"['善品簡約雙床房:HK$227', '善德普通雙床房:HK$337', '善品簡約大床房:HK$436', '尚院雅緻雙床房:HK$501', '尚院豪華大床房:HK$544']"
維也納酒店（安順市南馬廣場店）,9.5,"['標準大床房:HK$385', '高級大床房:HK$419', '高級雙床房:HK$453', '豪華大床房:HK$474']"
黃果樹雲端石頭寨深林民宿,9.5,"['住在森林裏·伴林雙床房（觀景落地窗+寵物友好）:HK$563', '住在森林裏·伴林大床房（觀景落地窗+超大浴缸）:HK$563', '住在森林裏·伴林雙床房（觀景落地窗+木質洗漱用品）:HK$574', '躺在竹林中·竹韻雙床房（觀景落地窗+休閑沙發）:HK$642', '躺在竹林中·竹韻大床房（觀景落地窗+超大浴缸）:HK$642']"
安頤酒店,9.2,"['精品單間:HK$331', '精品標間:HK$331', '舒適標間:HK$382', '豪華標間:HK$433', '特色風情房:HK$439']"
安順梧桐溫泉養生酒店（西秀區安順西站店）,8.8,"['庭梧丨輕雅雙床房:HK$294', '青玉丨悦雅雙床房:HK$308', '碧梧丨韻雅雙床房（機麻+茶藝台）:HK$315', '青玉丨悦雅大床房:HK$320']"
漢屯大酒店（安順黃果樹風景名勝區店）,9.2,"['靜謐・Work舒眠雙床房（高低雙枕 + 舒適好眠）:HK$696', '觀野・Sleep舒眠大床房（品牌床墊 + 55寸電視 ）:HK$696', '雲汀・Scenic觀景大床房（ 全景落地窗 + 乾濕分離 ）:HK$717', '和風・Zero-Press零壓雙床房:HK$738', '舒望・Panor270°觀景陽台大床房（270 度觀景陽台）:HK$779']"
星程酒店（安順學院南馬廣場店）,9.4,"['高級大床房（外窗+辦公桌）:HK$255', '高級雙床房 （外窗+金可兒床墊）:HK$255', '商務大床房（金可兒床墊+辦公桌）:HK$274', '商務雙床房:HK$284']"
安順隱居白河酒店（平壩區高鐵南站店）,8.9,"['隱居·浪漫之旅大床房:HK$293', '隱居·庭景池院大床房:HK$315', '隱居·商務行政雙床房:HK$315', '隱居·隱韻休閑大床房:HK$326', '隱居·雅緻浴缸大床房:HK$359']"
葡華大酒店（安順黃果樹大街好吃街店）,8.9,"['悠享度假雙床房:HK$276', '悠享度假大床房:HK$276', '臻享雅緻大床房:HK$329', '臻享雅緻雙床房:HK$332', '尊享靜逸大床房:HK$371']"
花之築酒店（安順火車站店）,9.4,"['舒睡投影大床房【高清投影+手機投屏】:HK$356', '御景投影大床房【巨幕投影+手機投屏】:HK$413', '躺平治癒投影大床房【按摩椅+高清投影+手機投屏】:HK$425', '舒睡投影雙床房【高清投影+手機投屏】:HK$454']"
安瀾國際酒店（黃果樹大街大潤發店）,8.5,"['安瀾.枕星河大床房:HK$343', '安瀾·雙棲居大床房:HK$351', '安瀾.巨幕影音大床房:HK$363', '安瀾·雙棲居雙床房:HK$380', '安瀾·雲憩居大床房:HK$391']"
悅立達大酒店（安順古城顧府街店）,9.5,"['古城觀景大床房（全屋智能客控+差旅辦公桌+助眠枕頭）:HK$490', '堅果影視大床房（全屋智能客控+百寸巨幕+VIP觀影）:HK$523', '古城全景大床房（全屋智能客控+落地窗觀景+乾濕分離）:HK$531', '古城觀景雙床房（全屋智能客控+差旅辦公桌+助眠床墊）:HK$544']"
安順·華博度假酒店（苗嶺烤全羊柴火雞店）,8.9,"['高級大床房『180º落地大窗+尊享園林景觀』:HK$264', '精選大床房『180º落地大窗+尊享園林景觀』:HK$271', '高級雙床房『180º落地大窗+尊享園林景觀』:HK$292', '豪華行政大床房『180º落地大窗+尊享園林景觀』:HK$304', '豪華行政雙床房『180º落地大窗+尊享園林景觀』:HK$320']"
安順豪生温泉度假酒店,9.2,"['輕奢大床房:HK$490', '清音雙床房:HK$493', '輕奢雙床房:HK$512', '行政大床房:HK$537', '豪華行政套房:HK$1,198', '休旅家庭套房:HK$1,317']"
安順萬豪大酒店（平壩區高鐵南站店）,8.8,"['雅緻豪華大床房:HK$294', '雅緻豪華雙床房:HK$294', '城市景觀大床房:HK$395', '城市景觀雙床房:HK$395', '雲端智能雙床房:HK$395']"
安順麥客達温德姆酒店,8.8,"['悦住·靜然大床房:HK$413', '悦住·靜然雙床房:HK$413', '悦控·智能大床房:HK$455', '悦控·智能雙床房:HK$455', '100寸屏幕·影音大床房:HK$499']"
安恆閲灣·雲澗悦野Villa·隱市度假民宿,8.9,"['野趣·庭院雙床房:HK$496', '歸隱·悠居雙床房:HK$553', '映畫·星河湖景雙床房:HK$568', '攬月·臨溪露台雙床房:HK$648']"
鑫悦温泉酒店（安順高鐵西站神駿生態文旅小鎮店）,8.5,"['舒壓深睡雙床房·精緻睡眠:HK$416', '舒適潔凈大床間·精緻睡眠:HK$488', '暢享-園景摩天輪雙床房-精緻睡眠:HK$521', '暢享-園景摩天輪大床房-精緻睡眠:HK$552', '悦享-歡樂貝親親子主題雙床房:HK$598']"
樹漫庭酒店（安順鎮寧黃果樹瀑布景區店）,9.4,"['山景浴缸大床房:HK$961', '零壓舒眠雙床房:HK$997', '山景零壓雙床房:HK$1,063', '全景零壓尊享雙床房:HK$1,107', '山景浴缸套房:HK$1,107']"
龍宮布依山景民宿,9.8,"['影院大床房（護頸記憶枕-零壓品質床墊-100寸投影）:HK$489', '雅緻雙床房（護頸記憶枕+零壓品質床墊+鵝絨靠枕）:HK$506', '山景雙床房（護頸記憶枕-零壓深睡品質床墊+鵝絨靠枕）:HK$603', '山景大床房（護頸記憶枕-零壓深睡床墊-100寸投影）:HK$637']"
久龍壹品酒店（平壩南站區政府店）,9.3,"['智能-高級大床房（全屋智能語音+智能馬桶+電動窗簾+記憶枕）:HK$335', '智能-高級雙床房（全屋智能語音+智能馬桶+電動窗簾+記憶枕）:HK$362', '智能-商務大床房（全屋智能語音+智能馬桶+電動窗簾+記憶枕）:HK$362', '智能-家庭房（全屋智能語音+智能馬桶+電動窗簾+記憶枕）:HK$402']"
尚客優品酒店（安順開發區高鐵西站店）,9.4,"['優品零壓大床房:HK$131', '優享格調零壓雙床房:HK$205', '優享格調零壓大床房:HK$205', '靜謐行政零壓套房:HK$217']"
嘉舟山居（舊州古鎮店）,9.5,"['聲聲慢·靜謐觀景露台大床房:HK$487', '山山慢·觀景露台大床房:HK$521', '戀風·觀景露台雙床房:HK$556', '知野·觀景露台親子套房:HK$1,052']"
