酒店名称,评分,房型价格列表
寧境酒店（寧波天一廣場城隍廟店）,9.5,"['靜笙小築:HK$415', '靜笙北廂房:HK$443', '靜笙南廂房:HK$481', '明熙故里:HK$500', '春和景明:HK$519']"
寧波和義大道亞朵S酒店,9.7,"['高級大床房（迷你小冰箱+可投屏65寸電視）:HK$457', '高級雙床房（迷你小冰箱+可投屏65寸電視）:HK$484', '幾木城景大床房（深睡枕PRO+迷你小冰箱+可投屏65寸電視）:HK$501', '幾木城景雙床房（深睡枕PRO+迷你小冰箱+可投屏65寸電視）:HK$510', '幾木江景大床房（深睡枕PRO+迷你小冰箱+可投屏65寸電視）:HK$547']"
構想幾何·韓嶺白日夢（寧波東錢湖店）,9.5,"['乘風破浪:HK$454', '四月物語:HK$545', '諾丁山:HK$654', '白日夢想家:HK$763']"
蒓湖天港禧悦酒店,9.7,"['高級大床房（智能客控+深度睡眠+高速吹風機）:HK$311', '商務大床•雙床房（一大一小雙床+智能客控+深度睡眠）:HK$311', '影視大床房（高清智能投屏+巨幕觀影）:HK$331', '豪華雙床房（商務+智能客控+深度睡眠+負離子吹風機）:HK$338', '豪華大床房（負離子吹風機+智能客控+智能投屏）:HK$345']"
書房酒店（天一廣場火車站店）,9.3,"['温馨別緻的小廂房:HK$205', '和風飲茶的天光房:HK$334', '洋氣敞亮的園景房:HK$403', '盛世花廳的陽台房:HK$511']"
寧波華港外灘酒店（天一廣場老外灘店）,9.2,"['出門在外·灘雙床房:HK$363', '城景·陽台·大床房:HK$363', '向陽·陽台·雙床房:HK$375', '靜雅·安睡·花園大床房:HK$385', '江月·江景大床房:HK$424']"
寧波佑寧酒店（天一廣場店）,9.3,"['大床房:HK$270', '豪華大床房:HK$291', '雙床房:HK$291', '江景豪華大床房:HK$313']"
寧波天一廣場亞朵酒店,9.7,"['雅緻大床房-恆温直飲水機+智能客控+65寸巨幕大電視可投屏:HK$412', '高級大床房-恆温直飲水機+智能馬桶+徠芬負離子吹風機:HK$457', '高級雙床房-恆温直飲水機+智能馬桶+徠芬負離子吹風機:HK$457', '行政大床房-恆温直飲水機+戴森吹風機+65寸巨幕大電視可投屏:HK$501', '幾木城景大床房-戴森吹風機+茶室+小冰箱+智能馬桶:HK$528']"
首旅南苑雲薈酒店（寧波南部商務區羅蒙環球樂園店）,9.5,"['巨幕影音大床房:HK$323', '巨幕影音雙床房（會員觀影+全景玻璃視野+舒適大浴缸）:HK$324', '悦享雙床房（舒適大浴缸+全景玻璃視野）:HK$325', '悦享大床房（舒適大浴缸+全景玻璃視野）:HK$325', '尊享大床房（75寸投屏電視機+舒適大浴缸+玻璃視野）:HK$380']"
臻庭酒店（寧波天一廣場老外灘店）,9.7,"['雅緻大床房【迷你冰箱+可投屏電視】:HK$406', '優選大床房【迷你冰箱+可投屏電視】:HK$414', '高級雙床房 【落地窗+迷你冰箱+可投屏電視 】:HK$566', '臻庭行政大床房 【戴森吹風機+落地窗+可投屏電視 】:HK$593', '臻庭行政雙床房 （1.2榻榻米+戴森吹風機+落地窗+迷你冰箱+可投屏電視）:HK$619']"
寧波永耀大酒店,9.5,"['商務大床房:HK$489', '商務雙床房:HK$489', '高級城景雙床房:HK$511', '高級城景大床房:HK$511', '行政雙床房:HK$544']"
黑石S設計師酒店（寧波北侖銀泰城中河路地鐵站店）,9.2,"['S舒適大床房:HK$269', 'S精選大床房:HK$302', 'S設計師大床房:HK$334', 'S設計師雙床房:HK$334']"
花築奢·樸素民宿（寧波慈城店）,9.9,"['空山·特惠大床房（智能客控+深泡浴缸+迷你冰箱）:HK$614', '水榭·大床房（地暖+智能客控+深泡浴缸+迷你冰箱）:HK$725', '悠然·豪華大床房（地暖+智能客控+深泡浴缸+迷你冰箱）:HK$1,351', '閑庭·豪華親子房（地暖+智能客控+深泡浴缸+迷你冰箱）:HK$1,479', '庭院·家庭房（地暖+智能客控+深泡浴缸+實木茶桌）:HK$2,165']"
寧波東錢湖康得思酒店,9.4,"['豪華園景大床房:HK$1,309', '豪華園景雙床房:HK$1,309', '豪華庭院大床房:HK$1,309', '高級庭院大床房:HK$1,309', '野奢場景主題客房:HK$1,310', '豪華湖景大床房:HK$1,590']"
寧波海鉑酒店（天一廣場城隍廟地鐵站店 ）,9.6,"['月隱｜雅緻大床房『深睡記憶枕』:HK$252', '柳畔｜高級大床房『深睡記憶枕』:HK$284', '月隱｜雅緻雙床房『深睡記憶枕』:HK$306', '湖光｜湖景大床房『深睡記憶枕+鳥瞰月湖』:HK$348']"
寧波萬達美華酒店丨京東京造,9.6,"['豪華大床房（睡眠窗簾+智能投屏+Acca Kappa洗護用品）:HK$414', '豪華雙床房（睡眠窗簾+智能投屏+Acca Kappa洗護用品）:HK$414', '豪華江景大床房（江景景觀+智能投屏+睡眠窗簾）:HK$455', '親子雙床房（睡眠窗簾+親子空間+智能投屏）:HK$487', '高級豪華大床房（迷你小冰箱+智能馬桶+睡眠窗簾）:HK$508']"
寧波陶麓書香世家酒店（東錢湖店）,9.6,"['雅緻庭院雙床房{空氣凈化器+智能馬桶+MiNiBar}:HK$789', '雅緻山景大床房{空氣凈化器+智能馬桶+MiNiBar}:HK$789', '茶韻庭院大床房{空氣凈化器+智能馬桶+MiNiBar}:HK$891', '茶韻庭院雙床房{空氣凈化器+智能馬桶+MiNiBar}:HK$891', '探花庭院大床房{浴缸+空氣凈化器+智能馬桶+MiNiBar}:HK$1,186']"
寧波飯店,9.3,"['標準房:HK$336', '商務大床房:HK$347', '河景套房:HK$1,049']"
寧波覽廷豪生酒店（江北膜幻動力小鎮店）,9.6,"['精緻大床房（65寸超大電視+品牌智能馬桶）:HK$281', '精緻雙床房（65寸超大電視+品牌智能馬桶）:HK$281', '覽廷標準大床房（65寸超大電視+品牌智能馬桶）:HK$302', '覽廷標準雙床房（65寸超大電視+品牌智能馬桶）:HK$302', '荷里活超級大床房（65寸超大電視+品牌智能馬桶）:HK$323']"
寧波十七房開元觀堂,9.6,"['觀堂雙床房:HK$436', '觀堂躍層大床房:HK$436', '觀堂躍層套房:HK$555', '獨棟大床別墅:HK$568', '獨棟雙床別墅:HK$642', '觀堂雙床套房:HK$700']"
璞緹海酒店（寧波火車站汽車南站店）,9.4,"['睿行·商務標準間【靜音辦公+高效空間】:HK$265', '睿行·商務大床房【靜音辦公+高效空間】:HK$265', 'Mass舒緩大床房:HK$266', '智享·清新大床房【AI管家+雙核凈化】:HK$282']"
寧波火車站開元名庭酒店,9.5,"['名成舒適大床房｜唐風國潮｜商務辦公｜智能投屏:HK$398', '名成高級大床房｜唐風國潮｜智能投屏｜安睡床品:HK$440', '名成舒適雙床房｜唐風國潮｜商務辦公｜安睡床品:HK$442', '名成高級雙床房｜唐風國潮｜智能投屏｜安睡床品:HK$494', '名成豪華大床房｜全屋智能｜商務辦公｜安睡床品:HK$532']"
寧波老外灘亞朵酒店,9.7,"['雅緻大床房（普蘭特床墊）:HK$412', '高級大床房（普蘭特床墊+可投屏電視）:HK$439', '高級雙床房（普蘭特床墊+可投屏電視）:HK$448', '高級江景大床房（高層景觀+普蘭特床墊+可投屏電視）:HK$466', '幾木大床房（亞朵深睡枕PRO+小冰箱+普蘭特床墊+可投屏電視）:HK$484']"
寧波東錢湖華僑豪生大酒店（泉悦樓）,9.6,"['獨立私湯木屋:HK$1,300', '泉悦大床房:HK$1,483', '泉悦雙床房:HK$1,594', '泉悦庭院家庭親子房:HK$1,993', '獨立私湯木屋套房:HK$2,098', '泉悦套房:HK$2,336']"
曼居酒店（寧波鄞州萬達廣場店）,9.3,"['曼享雙床房（落地玻璃+休閑沙發）:HK$341', '曼享大床房（落地玻璃+休閑沙發）:HK$369', '曼居零壓雙床房（0壓床墊+書籍閲讀+落地玻璃+迷你冰箱）:HK$439', '曼居零壓大床房（0壓床墊+落地玻璃+迷你冰箱）:HK$450', '樂活市景大床房（落地玻璃+迷你冰箱）:HK$489']"
Ruby瑰寶酒店（寧波天一廣場老外灘店）,9.5,"['精選丨悠然漫步大床房【馬歇爾音響+徠芬吹風機+大空間】:HK$489', '精緻丨零壓靜享大床【絲滑入眠+零壓床墊+徠芬吹風機】:HK$511', '精緻丨零壓靜享雙床房【羽絨床品+零壓床墊+辦公桌椅】:HK$522', '瑰寶丨經典豪華大床房【獨立辦公+靜享好眠+羽絨床品】:HK$566', '遇見丨巨幕影音房【沉浸式觀影+百寸巨幕+會員暢享】:HK$566']"
宜必斯酒店（寧波天一廣場鼓樓地鐵站店）,9.4,"['晨曦丨雅緻雙床房:HK$234', '暮色丨雅緻大床房:HK$246', '春祺丨商務大床房:HK$302', '夏安丨商務雙床房:HK$333']"
寧波豪生薈酒店,9.6,"['特惠大床房（無窗）+65寸電視+高速吹風機+護頸零壓枕:HK$294', '釋壓大床房-65寸超大電視+高速吹風機+護頸零壓枕+智能衞浴:HK$326', '釋壓雙床房-65寸超大電視+高速吹風機+護頸零壓枕+智能衞浴:HK$326', '園景大床房-65寸超大電視+超大大床+高速吹風機+智能衞浴:HK$381', '豪廷雙床房-65寸電視+高速吹風機+護頸零壓枕+智能衞浴:HK$381']"
寧波柏恩酒店（寧波火車站南塘老街店）,9.3,"['高級城景雙床房:HK$297', '高級城景大床房:HK$297', '豪華江景雙床房:HK$317', '豪華江景大床房:HK$317', '270°豪華大床房:HK$343']"
富邦大酒店（寧波火車站天一閣月湖店）,9.6,"['高級大床房（深睡Pro枕）:HK$423', '高級雙床房（深睡Pro枕）:HK$427', '高級大床房+無窗（深睡Pro枕）:HK$467', '行政商務間（深睡Pro枕）:HK$576', '行政豪華間（深睡Pro枕+步入式衣帽間）:HK$751', '家庭套間（深睡Pro枕+步入式衣帽間）:HK$751']"
墨憩酒店（明樓地鐵站店）,10.0,"['高級大床房（一線城景+智能衞浴+可投屏電視）:HK$381', '高級雙床房（一線城景+雙台盆智能衞浴+可投屏電視）:HK$381', '豪華大床房（一線城景+個性浴缸+可投屏電視）:HK$446', '豪華雙床房（一線城景+雙台盆智能衞浴+可投屏電視）:HK$478', '城景大床房（全景落地窗+個性浴缸+coffee機）:HK$620', '豪華景觀套房（全景落地窗+個性浴缸+coffee機）:HK$697']"
寧波奉化溪口夜泊君亭酒店,9.5,"['故里閑庭大床房:HK$559', '故里閑庭雙床房:HK$559', '四明雅韻四人房:HK$582', '四明雅韻大床房:HK$658', '雲棲家庭三人房（榻榻米+浴缸）:HK$717']"
寧波城市新貴酒店,9.6,"['高級雙床房:HK$251', '高級大床房:HK$251', '商務雙床房:HK$295', '商務大床房:HK$295', '0壓商務大床房（0壓記憶枕+0壓床墊）:HK$300']"
寧波天唯藝術酒店（南部商務區羅蒙環球城店）,9.5,"['舒適大床房（迷你冰箱+隔音玻璃）:HK$289', '舒適雙床房（迷你冰箱+隔音玻璃）:HK$310', '藝術大床房（迷你冰箱+隔音玻璃）:HK$353', '豪華雙床房（迷你冰箱+隔音玻璃）:HK$353', '豪華家庭房（迷你冰箱+隔音玻璃）:HK$396']"
寧波鄞州希爾頓惠庭酒店,9.3,"['舒適大床房【迷你冰箱+Coffee機+蒸汽熨斗+舒達床墊】:HK$477', '舒適雙床房【迷你冰箱+Coffee機+蒸汽熨斗+舒達床墊】:HK$477', '靈動大床房【迷你冰箱+Coffee機+蒸汽熨斗+舒達床墊】:HK$509', '靈動雙床房【迷你冰箱+Coffee機+蒸汽熨斗+舒達床墊】:HK$509', '靈動高級大床房【迷你冰箱+Coffee機+蒸汽熨斗】:HK$553']"
寧波椿上所宿設計師酒店,9.6,"['雲泥大床房:HK$599', '枕溪:HK$654', '遲暮:HK$654', '花間隱:HK$709', '雲泥雙床房:HK$709']"
寧波三江口外灘棠辰公館,9.7,"['肆枝·百年老洋房·奢享大床房:HK$1,611', '叁簇·百年老洋房·逸廬大床房:HK$1,736', '伍株·百年老洋房·甄景大床房:HK$1,986', '壹瓣臻選 . 江瀾畔百年花園豪邸大床房:HK$2,486']"
莫蘭私湯酒店（寧波鄞州萬達火車站店）,9.6,"['城景落地大床房（全景落地窗+迷你bar）:HK$306', '江悦落地大床房（全景落地窗+迷你bar）:HK$358', '江悦落地雙床房（全景落地窗+迷你bar）:HK$358', '落地私湯大床房（全景落地窗＋私享浴池+沐浴花瓣）:HK$391', '城景親子大床房（全景落地窗.嬰兒床·小童用品）:HK$430']"
希奢酒店（寧波鎮海聰園路地鐵站店）,9.3,"['優享大床房 【靜音冰箱+投屏電視+無線充電+智能家居]:HK$325', '拾光休閑榻榻米【零壓床墊+靜音冰箱+智能家居】:HK$337', '舒享大床房【零壓床墊+靜音冰箱+無線充電+智能傢俱】:HK$346', '尊享大床房【零壓床墊+靜音冰箱+無線充電+智能傢俱】:HK$367']"
寧波東錢湖韓嶺冬生夏長精品民宿,9.4,"['民國洋樓普通大床房:HK$440', '民國洋樓雙床房:HK$517', '民國洋樓浴缸大床房:HK$735', '民國洋樓豪華套房:HK$877']"
墅家知否南宋小院（寧波東錢湖韓嶺店）,9.6,"['曉市茶台美食大床房:HK$780', '觀影茶室美食雙床房:HK$894', '暖陽美食庭院親子套房:HK$1,234', '私享院落複式三人套房:HK$1,574', '家庭度假美食雙卧套房:HK$2,141']"
寧波蓮庭美悦酒店（慈城古縣城旅遊景區）,9.7,"['榻榻米房:HK$315', '標準大床房:HK$391', '標準雙床房:HK$391', '高級大床房:HK$446', '高級雙床房:HK$446']"
寧波凱洲智選假日酒店,9.4,"['高級房 超大床:HK$384', '高級房 雙床:HK$384', '高級房（超大床+更大面積）:HK$436', '高級房（雙床+更大面積）:HK$436', '智選家庭房:HK$576']"
你好酒店（寧波天一廣場店）,8.9,"['大床房A:HK$259', '高級大床房A:HK$278', '雙床房:HK$278', '高級大床房:HK$299']"
弗戈達設計公寓（寧波天一廣場城隍廟店）,9.6,"['自然醒·零壓大床房（新風系統）:HK$295', '清歡序·優選大床房（智能門鎖＋可投屏電視）:HK$328', '川野集·臻選大床房（網紅日式原木風設計＋智能恆温沐浴）:HK$360']"
寧波機場鄞州大道亞朵酒店,9.6,"['雅緻大床房:HK$296', '高級雙床房:HK$304', '高級大床房:HK$313', '行政雙床房:HK$331', '行政大床房:HK$340']"
寧波鄞州印象城亞朵酒店,9.6,"['雅緻房（普蘭特床墊）:HK$367', '高級雙床房（普蘭特床墊）:HK$367', '高級大床房（普蘭特床墊）:HK$394', '行政大床房（普蘭特床墊）:HK$421', '幾木雙床房（深睡pro枕+小冰箱）:HK$421']"
希諾S酒店（寧波江北萬象城店）,9.4,"['精選大床房（零壓床墊+全屋智能+電視投屏+迷你冰箱）:HK$425', 'S1精選城景大床房（零壓床墊+全屋智能+可投屏+冰箱）:HK$436', 'S2希諾大床房（零壓床墊+全屋智能+電視投屏+小冰箱）:HK$500', 'S2希諾雙床房（零壓床墊+全屋智能+電視投屏+小冰箱）:HK$508', 'S3豪華城景雙床房（零壓床墊+全屋智能+可投屏+冰箱）:HK$564']"
寧波柏辰曼悦酒店,9.7,"['雅緻高級大床房:HK$359', '雅居豪華雙床房:HK$359', '雅緻豪華大床房:HK$381', '雅居行政雙床房:HK$392', '雅緻行政大床房:HK$413']"
小隱慈城·十八花房民宿,9.0,"['雅緻大床房:HK$545', '雅緻雙床房:HK$545', '清雅花園標準房:HK$654', '親子院落花園房:HK$763', 'Loft陽光院落房:HK$981']"
