酒店名称,评分,房型价格列表
華雅·雲縵酒店（岳陽樓步步高新天地店）,9.6,"['雲朵觀景大床房（零壓床墊+記憶枕）:HK$247', '雲彩城景大床房（零壓助眠記憶+新風空氣）:HK$265', '雲霄電競大床房（影馳4070+13G三風扇顯卡+記憶枕）:HK$326', '雲逸電競雙床房（影馳4070+13G三風扇顯卡）:HK$339']"
莫林酒店（岳陽樓步行街店）,9.7,"['臻雅大床房:HK$447', '臻悦娛樂房:HK$447', '臻雅影院房:HK$485', '臻致大床房:HK$485']"
宜致酒店（岳陽樓區步行街店）,9.5,"['雅緻雲端大床房（全屋智能，深睡記憶枕）:HK$206', '智享商務大床房（安靜舒適，幽夢好眠）:HK$217', '宜致商務雙床房:HK$250', '私享影院大床房（超清巨幕，友人共享）:HK$284']"
康鉑酒店（岳陽樓店）,9.5,"['舒適大床房（法式風格隨便一拍高級感滿滿）:HK$193', '舒適雙床房（法式風格隨便一拍高級感滿滿）:HK$221', '巨幕影音大床房（VIP視頻會員+一鍵投屏）:HK$230', '豪華大床房（零壓深睡好夢+零壓床墊+乾濕分離+夢潔家紡）:HK$238']"
長城大酒店（岳陽樓步行街店）,9.6,"['標準大床房「舒適睡枕+零壓睡眠床墊+分離衞浴間」:HK$251', '投影大床房「百寸投影+影視會員點播+手機可投屏」:HK$262', '豪華大床房「泡腳桶+乳膠床墊+智能馬桶可加熱」:HK$272', '標準雙床房「舒適睡枕+零壓睡眠床墊+分離衞浴間」:HK$272', '豪華雙床房「泡腳桶+乳膠床墊+智能馬桶可加熱」:HK$284']"
雲和夜泊酒店（岳陽東站藝術會展中心店）,9.8,"['雅緻大床房:HK$326', '雅緻標準間:HK$326', '夜泊大床房:HK$348', '夜泊標準間:HK$348', '夜泊親子房:HK$479']"
歡漫酒店（岳陽大熊貓苑景區店）,9.6,"['高級大床房:HK$185', '豪華大床房:HK$198', '影院大床房:HK$203', '豪華雙床房:HK$205']"
朵蘭達V酒店（岳陽樓步行街店）,9.5,"['Senior觀景大床房-獨享靜謐空間:HK$247', 'Cool美景大床房（星空夜景）:HK$264', 'Noble城景大床房-拍照出片全身鏡:HK$283', 'Fun享趣麻將套房-超大私密空間:HK$324', 'Trend城景雙床房-坐卧沙發:HK$329']"
凱里亞德酒店（岳陽樓區高鐵東站店）,9.5,"['輕享雙床房（智能客控+決明子護頸枕頭）:HK$244', '輕享大床房（智能客控+決明子護頸枕頭）:HK$244', '優享影音大床房（巨幕投屏+深睡記憶枕）:HK$298', '親子大床房（大小床+小孩泡澡桶）:HK$298', '優享大床房（智能客控+深睡記憶枕）:HK$302']"
南湖·觀江酒店（東風湖店）,9.1,"['標準雙床房:HK$182', '標準大床房:HK$182', '湖景電競房:HK$234', '湖景大床房:HK$252']"
華雅.雲縵酒店（岳陽樓區南湖廣場店）,9.5,"['縵.茶語臻享大床房:HK$155', '縵.簡約大床房:HK$171', '亦間.影院大床房:HK$207', '雙卧私享套房:HK$246']"
錦江都城酒店（岳陽自貿區城陵磯店）,9.5,"['時尚大床房:HK$237', '時尚雙床房:HK$237', '精緻大床房:HK$266', '精緻雙床房:HK$266', '妙享主題大床房:HK$307']"
岳陽K度假酒店（洞庭湖中華熊貓苑店）,9.5,"['熊貓星空大床房【拍照出片+臨湖觀景】:HK$302', '高級大床房【百寸投影+智能馬桶】:HK$424', '高級雙床房【智能馬桶+加濕器】:HK$446', '庭院大床房【獨享休憩小院+品牌浴袍+智能馬桶】:HK$523', '親子LOFT房【小童套裝+百寸投影】:HK$623']"
維也納酒店（岳陽樓步步高店）,9.3,"['標準大床房:HK$216', '高級大床房:HK$234', '商務大床房:HK$251', '高級雙床房:HK$251']"
藝龍朗悦酒店（岳陽自貿區城陵磯店）,9.6,"['雅緻大床房&温馨舒適:HK$357', '心悦雲景大床房&寬敞明亮+智能語音客控:HK$437', '心悦雲景雙床房（智能客控）:HK$437', '雀聖&麻將大床房:HK$495', '乙心湖景大床房 &落地窗湖景:HK$516']"
美宿歡漫酒店（岳陽樓區南湖廣場店）,9.4,"['豪華雙床房（超大空間+靜謐空間+深睡記憶枕）:HK$180', '歡顏大床房（高清大屏電視+O壓床墊+温馨靜謐）:HK$186', '驚喜大床房（休閑娛樂+超大空間）:HK$207', '欣悦雙床房 （採光明朗+寬敞舒適+正版影視會員）:HK$216']"
歡漫酒店（岳陽樓步行街店）,9.5,"['歡顏豪華大床房（零壓床墊+深睡記憶枕）:HK$295', '歡顏豪華雙床房（零壓床墊&深睡記憶枕）:HK$377', '幻境影院大床房（IMAX巨幕+一鍵投屏）:HK$459', '築夢豪華大床套房（全屋智能&開放式套房）:HK$482']"
竹子逸林酒店（岳陽樓區高鐵東站店）,9.8,"['逸林竹韻大床房:HK$241', '逸林電競大床房:HK$262', '逸林竹影雙床房:HK$282', '逸林趣享棋牌房【智能語音+無線充電】:HK$303']"
岳陽凱賓斯假日酒店,9.2,"['特惠標準大床房:HK$203', '豪華大床房:HK$230', '豪華雙床房:HK$242', '麻將大床房:HK$269']"
桔子酒店（岳陽大道店）,9.7,"['高級大床房:HK$310', '雙床間:HK$329', '豪華大床房:HK$349', '高級雙床房:HK$386']"
岳陽温德姆花園酒店,9.6,"['高級大床間:HK$497', '高級雙床間:HK$497', '豪華大床房:HK$524', '豪華雙床房:HK$524', '家庭房:HK$544']"
美宿歡致酒店（岳陽樓區高鐵東站店）,9.7,"['高級大床房:HK$199', '影院大床房:HK$199', '高級雙床房:HK$210', '豪華雙床房:HK$232']"
華雅·雲縵酒店（岳陽樓區火車站店）,9.4,"['悦雅精品雙床房（舒適床品+採光好）:HK$139', '悦雅精品大床房（全房採光+舒適床品）:HK$146', '悦致大床房:HK$163', '悦致雙床房（採光好+舒適床品）:HK$170']"
維也納國際酒店（岳陽南湖湖濱大道店）,9.3,"['高級雙床房【智能聲控】:HK$280', '豪華大床房【智能聲控+可觀日出】:HK$295', '高級大床房【智能聲控】:HK$299', '豪華雙床房【智能聲控+可觀日出】:HK$314']"
麗楓酒店（岳陽高鐵東站沃爾瑪店）,9.5,"['影院大床房 | 超清投影+IQYI臻享視頻:HK$227', '標準大床房 | 自動窗簾+藍牙音響:HK$238', '豪華大床房 | 慕斯床墊+全屋智能客控:HK$249', '豪華雙床房 | 夢潔家紡+普羅旺斯枕頭:HK$260']"
岳陽悦棲酒店（熊貓苑店）,9.5,"['臻享大床房:HK$238', '臻享雙床房:HK$249', '榻榻米大床房:HK$249', '影院大床房:HK$337', '商務套房:HK$347']"
岳陽格蘭雲天大酒店（岳陽樓步行街店）,9.2,"['豪華雙床房:HK$385', '豪華大床房:HK$398', '行政雙床房:HK$508', '行政大床房:HK$508', '景觀大床房:HK$594']"
莫林錦尚酒店（岳陽樓區天倫美食街店）,9.2,"['怡錦丨雅緻大床房「小度語音智能+一次性馬桶坐墊」:HK$202', '儷錦丨輕奢大床房「落地窗+一次性馬桶墊+小度語音智能」:HK$216', '儷錦丨輕奢雙床房「一次性馬桶墊+小度語音智能+品牌好眠零壓床墊」:HK$217', '馨錦丨豪華影院親子房「高清投影+一次性馬桶坐墊+小度語音智能」:HK$230']"
維也納國際酒店（岳陽自貿區城陵磯店）,9.6,"['高級大床房:HK$260', '豪華雙床房:HK$287', '豪華大床房:HK$321', '豪華景觀大床房:HK$339', '影音大床房:HK$374']"
FunGee美宿歡致酒店（岳陽樓區天倫美食街店）,9.6,"['歡欣丨榻榻米影院房 （浩瀚星空+深睡記憶枕）:HK$171', '歡顏丨輕奢大床房（時尚空間+高清電視）:HK$171', '歡漫丨高級豪華大床房（深睡私密+純棉床品）:HK$182', '歡悦丨零壓舒眠雙床房（智能控制+0壓床墊）:HK$204']"
岳陽竹子酒店（岳陽樓楓橋湖路店）,9.6,"['榻榻米大床房:HK$176', '豪華大床房:HK$187', '幻影影院大床房:HK$197', '豪華雙床房:HK$218']"
歡漫酒店（岳陽樓景區店）,9.7,"['高級大床房:HK$360', '城景大床房:HK$393', '城景雙床房:HK$425', '影院大床房:HK$459']"
華雅雲縵酒店（南湖尚書山公園店）,9.8,"['雲朵大床房（零壓床墊+慢回彈記憶枕+小冰箱）:HK$213', '雲端大床房（零壓床墊+慢回彈記憶枕+小冰箱）:HK$234', '雲岫大床房（榻榻米+新風空氣凈化+小冰箱）:HK$255', '雲霄湯泉大床房（極米投影+超大泡泡浴缸+零壓床墊）:HK$297']"
維也納酒店（岳陽城陵磯新港保税區店）,9.6,"['標準大床房:HK$216', '標準雙床房:HK$219', '高級雙床房:HK$226', '高級大床房:HK$234']"
名悅蘭庭酒店（岳陽安居大道店）,9.9,"['惠享丨舒適雙床房【智能客控+舒適睡枕+乾濕分離】:HK$198', '惠享丨舒適大床房【智能客控+舒適睡枕+乾濕分離】:HK$198', '尊享丨影音大床房【智能客控+影視會員+乾濕分離】:HK$198', '優享丨零壓雙床房【智能客控+記憶床墊+乾濕分離】:HK$212']"
岳陽阿波羅御庭酒店,9.1,"['御庭·園景大床房:HK$365', '御庭·園景雙床房:HK$374', '御庭·棋牌單人房:HK$416', '御庭·湖景大床房:HK$787', '行政二間套:HK$1,773']"
南湖·觀湖酒店（岳陽樓景區店）,9.2,"['高級大床房:HK$389', '高級雙床房:HK$430', '豪華大床房:HK$470', '湖景大床房:HK$611', '豪華家庭套房:HK$771']"
宜尚酒店（岳陽樓區高鐵東站店）,9.2,"['智能高級大床房（舒睡零壓床墊+全屋智能+分離衞浴）:HK$221', '智能豪華雙床房（深睡記憶枕+鵝絨床品+全屋智能）:HK$236', '智能豪華大床房（靜逸記憶枕+一鍵投屏+愜意空間）:HK$236', '智能標準大床房（全屋智控+雅蘭零壓床墊）:HK$250']"
維也納酒店（岳陽會展中心工業園店）,9.1,"['標準單人間:HK$175', '高級雙床房:HK$185', '棋牌大床房:HK$205', '高級大床房:HK$212']"
泊漫酒店（岳陽城陵磯港店）,9.6,"['特惠大床房:HK$205', '舒適大床房:HK$213', '舒適雙人房:HK$220', '豪華大床房:HK$236']"
歡辭酒店（岳陽樓步行街店）,9.5,"['歡快—簡約大床房（優酷VIP+一鍵投屏）:HK$174', '歡享—超級大床房（夢百合零壓床墊+超大電視機+優酷會員）:HK$185', '歡雅—温馨時光觀影房 （夢百合零壓床品+愛奇藝VIP影片隨心看）:HK$195', '歡致－隨心所欲浴缸房（夢百合零壓床墊+一次性泡澡袋）:HK$206']"
安吉爾大酒店（岳陽天倫城店）,8.6,"['安和丨智能語音迷你房（零壓助眠床墊+智能恆温馬桶）:HK$173', '安逸丨巨幕影視房（會員超清+手機投屏+樂享洗護套裝）:HK$183', '安然丨智能語音大床房（原木風+智能恆温馬桶）:HK$195', '安心丨智能語音雙床房（純棉床品+品牌助眠床墊）:HK$205']"
美宿酒店（岳陽樓區步行街土橋店）,9.6,"['雅緻.特惠大床房:HK$150', '雅緻.特惠雙床房:HK$159', '築夢.豪華大床房（零壓床墊&深睡記憶&悦享温馨）:HK$249', '築夢.豪華雙床房（零壓床墊&深睡好夢&悦享靜謐）:HK$265']"
你好酒店（岳陽東站店）,9.6,"['大床房:HK$198', '雙床房:HK$218', '高級大床房:HK$218', '高級雙床房（房間配有小冰箱）:HK$236']"
岳陽大道希爾頓歡朋酒店,9.5,"['舒適大床房:HK$479', '舒適雙床房:HK$479', '高級大床房:HK$537', '高級雙床房:HK$537', '豪華湖景雙床房:HK$565']"
華雅雲縵酒店（天倫美食街店）,9.7,"['榻榻米大床房:HK$295', '茶語大床房:HK$306', '匠心大床房:HK$319', '好夢大床房:HK$330']"
岳陽泰和大酒店,8.8,"['高級大床房:HK$293', '高級雙床房:HK$304', '行政大床房:HK$337', '行政雙床房:HK$337', '娛樂大床房:HK$369']"
岳陽錦達·紫星萊酒店（岳陽樓區步步高廣場店）,9.3,"['優選紫垣大床房:HK$135', '優選紫垣雙人房:HK$146', '臻選城景紫台大床房:HK$146', '精品紫台電影大床房:HK$162']"
華誠大酒店（岳陽步行街店）,8.8,"['華誠丨精選大床房:HK$230', '華誠丨精選雙床房:HK$246', '華樂丨温馨親子房:HK$261', '華享丨風雅大床房:HK$277']"
竹子酒店（岳陽中華大熊貓苑店）,9.6,"['深深｜精品山景大床房:HK$250', '漫漫｜精品湖景大床房:HK$279', '壯壯｜豪華湖景大床房:HK$308', '向野｜輕奢湖景大床房:HK$347']"
