酒店名称,评分,房型价格列表
巴中恆豐飯店,9.5,"['優選大床房:HK$213', '優選雙床房:HK$213', '行政高級大床房:HK$278', '行政高級雙床房:HK$278', '智控高級大床房:HK$312']"
麗景圖騰酒店（巴中中泉國際廣場店）,9.7,"['特價雙床房:HK$216', '特價大床房:HK$238', '豪華標準間:HK$260', '豪華單間:HK$260', '豪華休閑房:HK$260']"
巴中巴州希爾頓歡朋酒店,9.7,"['舒適大床房:HK$317', '舒適雙床房:HK$317', '高級雙床房:HK$362', '高級大床房:HK$362', '豪華大床房:HK$404']"
巴中恩陽花間堂·米倉道,9.7,"['鴻米大床房:HK$631', '鴻米雙床房:HK$631', '澗米觀漣大床房:HK$726', '恬米大床房:HK$820', '巢米親子房:HK$914', '嵐米大床房:HK$1,197']"
巴中巴州希爾頓花園酒店,9.4,"['花園大床房（金可兒床墊+彼得洛夫洗護+65寸投屏電視）:HK$327', '花園雙床房（金可兒床墊+彼得洛夫洗護+65寸投屏電視）:HK$339', '花園河景大床房:HK$381', '河景雙床房（金可兒床墊+彼得洛夫洗護+65寸投屏電視）:HK$394', '家庭房（金可兒床墊+彼得洛夫洗護+65寸投屏電視）:HK$491', '花園套房（金可兒床墊+彼得洛夫洗護+65寸投屏電視）:HK$583']"
巴中興合陽光酒店,9.7,"['高級大床房【55寸電視可投屏+深睡床墊+小冰箱+浴缸】:HK$366', '高級雙床房【55寸電視可投屏+深睡床墊+小冰箱+浴缸】:HK$366', '豪華大床房【55寸電視可投屏+深睡床墊+小冰箱+浴缸】:HK$377', '豪華雙床房【55寸電視可投屏+深睡床墊+小冰箱+浴缸】:HK$377', '親子雙床房【小童遊玩設施+小冰箱+浴缸】:HK$440', '小黃鴨主題雙床房【小童遊玩設施+小冰箱+浴缸】:HK$440']"
麗楓酒店（巴中容邦萬達店）,9.4,"['豪華雙床房:HK$222', '雅緻大床房:HK$222', '豪華大床房:HK$239', '景觀大床房:HK$255', '景觀雙床房:HK$255']"
巴中江北賓館,9.6,"['行政大床房:HK$323', '行政雙床房:HK$323', '智慧大床房:HK$342', '智慧雙床房:HK$342', '商務大床房:HK$347']"
星程酒店（巴中王府井萬達廣場店）,9.8,"['大床房（65寸電視+零壓枕+小冰箱+恆温馬桶+按摩花灑）:HK$217', '高級大床房（65寸4K投屏+超大床+零壓枕+小冰箱）:HK$227', '高級雙床房 （家庭歡聚+65寸投屏+舒壓護頸+按摩花灑）:HK$255', '江景大床房（全景落地窗+65寸4K投屏+零壓枕+小冰箱）:HK$268']"
巴中恩陽錦江飯店,9.5,"['河景雙床房:HK$279', '河景大床房:HK$306', '城景大床房+觀古鎮:HK$306', '城景大床房:HK$306', '河景行政大床房:HK$370', '河景雙床房+觀古鎮:HK$404']"
巴中戴斯酒店（王府井萬達廣場店）,9.1,"['躺平治癒·輕奢大床房（辦公桌+沙發椅+minibar）:HK$212', '躺平治癒花園景·清雅雙床房（沙發椅+minibar）:HK$212', '躺着看日落江景·輕奢雙床房（沙發椅+化粧鏡）:HK$223', '躺着看日落·超級大床房（全屋地毯+沙發椅+化粧鏡）:HK$223']"
巴中利達酒店（城市廣場）,9.3,"['木韻靜居·輕居大床房（實木傢俱+獨立茶區）:HK$189', '木韻靜居·輕居雙床房（全實木+辦公桌）:HK$189', '木韻靜居·凈心大床房（全實木+辦公桌+大浴室鏡）:HK$198', '木韻靜居·凈心雙床房（實木傢俱+辦公桌+大浴室鏡）:HK$206', '江景雅居·舒心大床房（全實木-沙發-辦公桌-浴缸）:HK$221']"
九寨山秋池酒店,9.7,"['商務大床房:HK$331', '豪華大床房:HK$379', '湖景中式合院:HK$2,204']"
維也納國際酒店（巴中大東門店）,9.4,"['標準單人房:HK$214', '標準雙人房（無窗）:HK$214', '豪華單人房:HK$247', '商務棋牌房:HK$330', '行政雙人房:HK$330']"
月光之星酒店（巴中市火車站財富廣場店）,9.3,"['月光雅緻雙床房·健康純水機+AI醫生服務:HK$211', '月光雅緻大床房（健康純水機-特大床+AI醫生服務）:HK$222', '月光高級大床房（健康純水機-特大床-AI醫生服務）:HK$275', '月光優享大床房（健康純水機-特大床-AI醫生服務）:HK$289', '月光高級雙床房（健康純水機）:HK$289']"
錦江之星品尚（巴中廣福街店）,9.6,"['（新品）特價大床房:HK$144', '標準大床房:HK$165', '標準雙床房:HK$165', '高級雙床房:HK$195']"
巴中費爾頓大酒店,9.6,"['優選雙床房:HK$328', '優選大床房:HK$328', '豪華雙床房:HK$360', '豪華大床房:HK$360', '親子大床房:HK$436', '親子雙床房:HK$436']"
全季酒店（巴中南壩店）,9.5,"['高級大床房:HK$283', '商務雙床房（65寸4K投屏+金可兒床墊+專業茶具）:HK$302', '商務大床房（靜謐雅緻+65寸4K投屏+金可兒床墊+小冰箱）:HK$312', '城市景觀雙床房（65寸4K投屏+金可兒床墊+小冰箱）:HK$322']"
豐裕酒店（巴中西站恩陽機場店）,8.7,"['智能靜享大床房:HK$248', '智能靜享雙床房:HK$257', '智能優享大床房:HK$276', '智能優享雙床房:HK$287', '行政套房:HK$755']"
巴中麗陽商務酒店（巴州區迴風亭店）,9.2,"['特價房:HK$114', '舒適單間:HK$136', '舒適標準間:HK$136', '豪華單間:HK$148']"
巴中天越岷山飯店,9.6,"['致臻江景套房:HK$7,843']"
摘星酒店（巴中高鐵東站店）,9.3,"['舒適雙床房:HK$163', '七彩投影大床房:HK$220', '巨幕投影雙床房:HK$234', '巨幕投影大床房:HK$249']"
巴中海馨賓館,9.5,"['經濟舒適房:HK$118', '温馨舒適房:HK$129', '休閑舒適房:HK$129', '豪華大床房:HK$151']"
巴中東華賓館,8.6,"['特價房:HK$129', '商務單間:HK$162', '標間:HK$184', '行政大床房:HK$195']"
金來福賓館（巴中萬達廣場店）,9.2,"['輕雅舒適雙床房:HK$153', '精緻商旅雙床房:HK$197', '尊享情侶圓床套房:HK$209']"
巴中婲主題酒店（中泉國際廣場店）,9.5,"['普通大床房（酒店公區提供自助洗衣）:HK$156', '普通雙床房（酒店公區提供自助洗衣）:HK$163', '温馨大床房（酒店公區提供自助洗衣）:HK$180', '温馨雙床房（酒店公區提供自助洗衣）:HK$185']"
雅丁酒店（江北廣場草壩街店）,9.2,"['雅緻大床房:HK$112', '玲瓏投影大床房:HK$124', '高級大床房:HK$136', '高級雙床房:HK$136']"
智逸假日酒店（巴中高鐵東站店）,9.3,"['特惠智逸大床房:HK$171', '特惠智逸雙床房:HK$182', '智逸大床房:HK$194', '智逸雙床房:HK$198']"
文錦酒店公寓（恩陽店）,9.5,"['舒適套房:HK$145', '精品雙床房:HK$156', '精品小套房:HK$165', '清幽三居室:HK$268']"
巴中家園酒店（巴中火車站巴人廣場店）,8.5,"['經濟大床房:HK$132', '商務單人房:HK$148', '豪華單人房:HK$163', '商務雙人房:HK$163']"
巴中婲主題酒店（萬達廣場市中醫院店）,7.4,"['特價大床房:HK$156', '特價雙床房:HK$163', '標準大床房:HK$180', '標準雙床房:HK$185']"
巴中胡家四合院,8.3,"['耳房:HK$140', '西廂房:HK$151', '北廂房（帶陽台）:HK$151', '上房:HK$173']"
巴中興泰商務賓館,7.5,['經濟單間:HK$128']
巴中海倫賓館,10.0,"['經濟大床房:HK$102', '豪華大單間:HK$112', '豪華標間:HK$133', '機麻大床房:HK$143']"
巴中子金賓館,8.2,"['温馨大床房:HK$77', '影院單人間:HK$84', '影院標間:HK$91', '影咖大床房:HK$91']"
逸居賓館（巴中城市廣場客運中心店）,9.2,"['普通單間:HK$84', '商務單間:HK$91']"
紅葉商務賓館,8.1,"['舒適大床房:HK$120', '舒適雙床房:HK$147']"
巴中嘉川旅館,8.4,"['上下床雙人間:HK$64', '小標間:HK$82', '大標間:HK$91']"
巴中有緣商務賓館,8.3,"['特價房:HK$70', '標準單間:HK$82', '豪華大床房:HK$110', '標準雙床房:HK$110']"
巴中維思商務賓館,5.4,"['普通單間:HK$97', '精品大床房:HK$103', '豪華單人間:HK$109', '普通標間:HK$121']"
巴中都市之家商務賓館,4.6,"['普通單間:HK$86', '標間:HK$94', '豪華標間:HK$94', '機麻標準間:HK$104']"
巴中金源商務賓館,5.8,"['特價房（部分有窗）:HK$73', '商務單間:HK$102', '豪華標間:HK$122', '豪華單間:HK$122']"
茂源賓館,8.8,"['大床房:HK$128', '豪華雙人間:HK$136', '家庭房:HK$234', '豪華大床房:HK$303']"
久紅商務賓館,9.3,"['舒適單人房:HK$87', '豪華大床房:HK$107', '豪華雙床房:HK$118', '尊享機麻大床房:HK$161']"
巴山美村私湯度假區,9.5,"['套一雙床房:HK$525', '套一大床房:HK$525', '私湯複式套一大床房:HK$544', '複式套二家庭房:HK$634', '私湯大床套房:HK$634']"
南江天悦·璽爾頓酒店,9.5,"['輕奢.智能大床房:HK$203', '輕奢.智能雙床房:HK$203', '悦雅.智能雙床房:HK$217', '悦雅. 智能大床房:HK$217', '悦動.智能情侶大床房:HK$281']"
平昌金蘭歐酒店,9.1,"['商務標間:HK$275', '商務單間:HK$287', '豪華雙床房:HK$301', '豪華特大床房:HK$311']"
南江世紀朝陽大飯店,9.5,"['高級單間:HK$297', '高級標間:HK$297', '家庭親子房:HK$402', '豪華單間:HK$446', '豪華套房:HK$639']"
光霧山明宇豪雅酒店,8.8,"['豪雅大床房:HK$622', '豪雅雙床房:HK$633', '家庭房:HK$731', '行政房:HK$906', '東方套房:HK$1,015']"
通江御朵銀耳大酒店,8.6,"['江景套房8888-豪華浴缸:HK$730', '行政套房2222-豪華浴缸:HK$763']"
