酒店名称,评分,房型价格列表
巴彥淖爾藍宇飯店（人民公園店）,9.3,"['惠享大床房（三濕分離+掛燙機）:HK$243', '惠享雙床房（三濕分離+慕思床墊）:HK$243', '藍宇·行政雙床房（掛燙機+深度睡眠）:HK$262', '藍宇·行政大床房（掛燙機+深度睡眠）:HK$262', '城景觀影大床房（超清投影+簡約時尚+智能馬桶 ）:HK$262']"
華威國際飯店（巴彥淖爾市政府店）,9.3,"['智選·高級標準間:HK$185', '智選·高級大床間:HK$216', '尊享·豪華大床房:HK$259', '尊享·豪華雙床房:HK$259']"
巴彥淖爾華美達酒店,9.2,"['深度睡眠大床房:HK$243', '深度睡眠雙床房:HK$290', '高級雙床房:HK$334', '高級大床房:HK$334', '行政大床房:HK$382']"
全季酒店（巴彥淖爾圖書大廈店）,9.7,"['榻榻米房:HK$280', '大床房:HK$308', '雙床房:HK$308', '高級大床房:HK$337']"
臨河區美湖酒店（巴彥淖爾市政府店）,9.0,"['高級大床房:HK$218', '豪華標準間:HK$258', '豪華大床房:HK$258', '高級標間:HK$267']"
巴彥淖爾世奧酒店（臨河區勝利路店）,9.4,"['優享雙床房:HK$193', '優享大床房:HK$193', '高級大床房:HK$216', '高級雙床房:HK$216']"
振源酒店（臨河高鐵站店）,9.4,"['青雲·安枕雙床房【舒達床墊·助眠好夢】:HK$124', '扶搖·高枕雙床房【舒達床墊·助眠好夢】:HK$179', '風花·甜睡主題大床房【舒達床墊·助眠好夢】:HK$186', '君臨·豪華專屬套房【舒達床墊·助眠好夢】:HK$250']"
臨河區振宇酒店（臨河高鐵站維多利商廈店）,9.0,"['簡約丨雙床房:HK$124', '影院丨電影大床房:HK$131', '輕奢丨雙床房:HK$144', '商務丨豪華三床房:HK$189']"
全季酒店（巴彥淖爾市政府店）,9.7,"['高級雙床房:HK$308', '高級大床房:HK$337', '商務雙床房:HK$337', '商務大床房:HK$365']"
雄風連鎖酒店（臨河區市政府店）,9.4,"['輕奢智能雙床房:HK$186', '優享行政雙床房（智能客控·喜臨門睡眠床墊）:HK$199', '優享景觀雙床房（落地窗+視野好+公園景）:HK$212', '優享行政大床房（智能客控·喜臨門睡眠床墊）:HK$212']"
得豐酒店（市政府店）,9.0,"['高級雙床影音房:HK$194', '超大影音單床房:HK$267', '商務影音套房:HK$369']"
巴彥淖爾文博大酒店（臨河市政府店）,9.5,"['順遂·商務大床房:HK$195', '順遂·商務雙床房:HK$195', '尊邸·精裝雙床房:HK$195', '尊邸·精裝大床房:HK$195']"
錦頤優選酒店（巴彥淖爾高鐵站店）,9.8,"['雅緻大床房【親膚床品+智能投屏+舒睡好眠】:HK$272', '高級大床房【朗樂福乳膠枕+慕思床墊+智能投屏】:HK$283', '高級雙床房【朗樂福乳膠枕+慕思床墊+智能投屏】:HK$294', '行政大床房【智能客控+慕思床墊+功夫茶具】:HK$305']"
漢庭酒店（巴彥淖爾市政府店）,9.0,"['高級大床房:HK$217', '商務大床房:HK$236', '高級雙床房:HK$236', '家庭房:HK$255']"
錦頤優選酒店（巴彥淖爾臨河維多利摩爾城店）,9.7,"['雅緻大床房【sevenplus高端洗護+心靈休憩+靜謐空間】:HK$240', '高級大床房【朗樂福乳膠枕+酣暢睡眠+親膚床品】:HK$273', '行政大床房【拍照出片+酣暢睡眠+夜色撩人】:HK$284', '高級雙床房【市景長集+銀漢捶床+雅韻茶時光】:HK$292']"
如家商旅酒店（巴彥淖爾臨河高鐵站維多利商廈店）,9.4,"['大床房:HK$227', '雙床房:HK$236', '商務大床房:HK$254', '家庭房:HK$271']"
麗楓酒店（巴彥淖爾市政府四季花城店）,9.5,"['豪華大床房（電視投屏觀影+記憶枕）:HK$358', '豪華雙床房（電視投屏觀影+記憶枕）:HK$368', '景觀大床房（電視投屏觀影+記憶枕）:HK$377', '景觀雙床房（電視投屏觀影+記憶枕）:HK$387']"
艾扉酒店（巴彥淖爾臨河維多利摩爾城店）,10.0,"['大床房【電視投屏+金可兒床墊+智能馬桶】:HK$194', '商務大床房【乾濕分離+金可兒床墊+智能馬桶】:HK$219', '高級雙床房【智能窗簾+金可兒床墊+智能馬桶】:HK$236', '智能高級大床房【智能窗簾+金可兒床墊+乾濕分離】:HK$244']"
巴彥淖爾塞納酒店（市政府店）,9.7,"['特價大床房:HK$163', '電競標準間:HK$185', '輕享大床房:HK$185', '商務雙床房:HK$194']"
星程酒店（巴彥淖爾市政府店）,9.7,"['高級雙床房:HK$271', '高級大床房:HK$289', '豪華雙床房:HK$289', '豪華大床房:HK$317']"
維也納國際酒店（巴彥淖爾市高鐵站市政府店）,9.1,"['大床房（維也納愉夢床墊）:HK$256', '雙床房（維也納愉夢床墊）:HK$256', '高級雙床房（維也納愉夢床墊）:HK$278', '高級大床房（維也納愉夢床墊）:HK$278']"
巴彥淖爾君逸皇冠大酒店,9.3,"['奢享雙床房:HK$164', '悦適雙床房:HK$190', '宜居大床房:HK$199', '雅緻雙床房:HK$252']"
考拉電競酒店,9.3,"['雙床房:HK$109', '大床房:HK$109', '電競大床房【12代處理器+2060顯卡+200HZ電競屏】:HK$133', '電競標準間【12代處理器+2060顯卡+200HZ電競屏】:HK$133']"
維也納智好酒店（鴻臣鴻雁故里店）,9.7,"['標準大床房（維也納愉夢床墊）:HK$240', '標準雙床房（維也納愉夢床墊）:HK$259', '豪華雙床房（維也納愉夢床墊）:HK$269', '豪華大床房（維也納愉夢床墊）:HK$269']"
如家驛居酒店（巴彥淖爾臨河高鐵站店）,9.4,"['大床房:HK$128', '雙床房:HK$128', '高級雙床房:HK$136', '高級大床房:HK$144']"
科榮商務酒店（巴彥淖爾市政府臨河火車站店）,9.5,"['商務大標間:HK$137', '豪華大床房:HK$147', '商務標間:HK$165', '商務三人間:HK$202']"
如家精選酒店（巴彥淖爾市政府高鐵站店）,9.6,"['商務大床房（投屏電視+智能客控+零壓床墊）:HK$231', '雙床房（投屏電視+智能客控+零壓床墊）:HK$231', '高級大床房（投屏電視+智能客控+零壓床墊）:HK$256', '高級雙床房（投屏電視+智能客控+零壓床墊）:HK$256']"
巴彥淖爾盛世酒店,8.6,"['豪華標準間:HK$117', '豪華大床房:HK$123', '舒適三人間:HK$156']"
宏友酒店,9.3,"['標準雙床房:HK$154', '舒適大床房:HK$163', '家庭房:HK$173', '豪華三人間:HK$199']"
7天酒店（臨河高鐵站維多利商廈店）,9.1,"['經濟房（夢百合零壓床墊）:HK$98', '自主大床房（夢百合零壓床墊）:HK$121', '自主雙床房（夢百合零壓床墊）:HK$121', '新7天影趣大床房（夢百合零壓床墊）:HK$165']"
巴彥淖爾德順酒店,7.2,"['豪華標間:HK$93', '豪華大床房:HK$93', '豪華大床套房:HK$156', '棋牌房:HK$156']"
歸途民宿（中央公館店）,9.6,"['新中式投影大床房:HK$119', '北歐風大床房:HK$119', '田園風大床房:HK$119', '藍色温馨大床房:HK$119']"
如家雲上四季酒店（巴彥淖爾臨河店）,9.0,"['大床房:HK$122', '標準間:HK$131', '豪華三人間:HK$175', '棋牌室:HK$178']"
巴彥淖爾喜勝客民宿,9.1,"['豪華大床房:HK$151', '豪華雙床房:HK$151', '行政大床房:HK$173', '豪華棋牌室:HK$173']"
速8酒店（巴彥淖爾維多利商廈店）,8.9,"['精品大床房:HK$111', '標準雙人間:HK$119', '標準大床房:HK$119', '三人間:HK$213']"
7天酒店（臨河火車站勝利路國泰廣場店）,8.8,"['經濟房:HK$103', '自主大床房:HK$111', '自主雙床房:HK$114', '影音大床房:HK$114']"
巴彥淖爾鼎程陽光酒店,9.2,"['特惠房:HK$140', '悦享雙床房:HK$145', '輕奢雙床房:HK$154', '悦享大床房:HK$182']"
周舟家電玩遊戲公寓,9.0,"['X-BOX體感娛樂一居室:HK$151', 'PS4藍金夢幻暢玩房:HK$151', 'PS4遊戲暢玩套房:HK$151', 'PSP家庭房:HK$151']"
歸途民宿（歐洲假日店）,7.3,"['新中式大床房:HK$108', '北歐現代風大床房:HK$154', 'loft浪漫温馨大床房:HK$154', 'ins風LOFT大床房:HK$154']"
巴彥淖爾德誠商務賓館,8.9,"['高級大床房:HK$102', '電競大床房:HK$102', '高級標準間:HK$102', '電競標準間:HK$102']"
柚見精品酒店（巴彥淖爾高鐵站店）,8.6,"['普標房:HK$151', '豪華標間雙床房:HK$151', '電競標間:HK$173', '商務標準間:HK$173']"
巴彥淖爾王家大院酒店,7.8,"['經濟標準間:HK$140', '優選標準間:HK$153', '大床房:HK$153']"
巴彥淖爾恆信商務賓館,7.5,"['標準間:HK$118', '大床房:HK$120', '電競大床房:HK$131', '電競標準間:HK$131']"
巴彥淖爾俊達酒店,7.9,"['商務大床房:HK$173', '豪華大床房:HK$205']"
晨旭公寓,6.5,"['泰和園一居公寓:HK$154', '曙光街兩室一廳套房:HK$195', '簡約套房:HK$205', '温馨三室套房:HK$257']"
巴彥淖爾亨通賓館,4.7,"['普通雙人房（公共衞浴）:HK$52', '普通三人間（公共衞浴）:HK$64', '標準間:HK$74', '大床房:HK$74']"
巴彥高勒大酒店,9.5,"['雅緻標準間:HK$313', '輕奢大床房:HK$363', '優享三人間:HK$436', '温馨家庭房:HK$470']"
磴口萬豪酒店,9.1,"['特惠體驗房【語音控制+零壓床墊+65寸投屏電視】:HK$271', '豪華標準間【語音控制+零壓力床墊+65寸投屏電視】:HK$304', '商務標準房【語音控制+零壓力床墊+65寸投屏電視】:HK$304', '商務大床房【語音控制+零壓力床墊+65寸投屏電視】:HK$324']"
萬錦文華國際酒店（烏拉特前旗政府店）,9.7,"['智能星空房【巨幕投影+全屋智能】:HK$194', '慕思雅緻大床房【慕思床墊+巨幕投影+全屋智能】:HK$204', '慕思行政大床房【慕思床墊+巨幕投影+按摩椅+全屋智能】:HK$287', '慕思輕奢大床房【慕思床墊+巨幕投影+全屋智能】:HK$287']"
尚客優品酒店（巴彥淖爾磴口縣政府店）,9.5,"['優享智能沉睡房:HK$313', '優享AI智能雙床房:HK$340', '優享行政智能大床房:HK$357', '山水AI智能大床房:HK$418']"
