酒店名称,评分,房型价格列表
艾尚酒店（庫爾勒交通西路人民廣場店）,9.7,"['艾尚迷你間:HK$302', '艾尚豪華雙床房:HK$386', '艾尚豪華大床房:HK$394', '艾尚豪華套房:HK$630']"
柏雅酒店（庫爾勒塔里木油田項目公司店）,9.4,"['特惠雙床房:HK$252', '高級大床房:HK$280', '影音雙床房:HK$297', '行政大床房:HK$297']"
希岸酒店（庫爾勒機場路東方物探店）,9.7,"['希岸高級大床房（智能客控+電動窗簾+加濕器）:HK$297', '玲瓏大床房（智能客控+電動窗簾+加濕器）:HK$302', '希岸高級雙床房（智能客控+電動窗簾+加濕器）:HK$312', '希岸豪華大床房（智能客控+電動窗簾+加濕器）:HK$340']"
正軒酒店（天鵝河市政府店）,9.7,"['特惠大床房:HK$487', '高級大床房:HK$521', '高級雙床房:HK$521', '豪華雙床房:HK$539']"
庫爾勒金鳳凰商務酒店（大巴扎孔雀河店）,9.3,"['雅緻大床房（無窗）:HK$208', '雅緻雙床房（無窗）:HK$208', '舒適雙床房:HK$259', '舒適大床房:HK$259']"
如家酒店·neo（庫爾勒石化大道9號倉店）,9.7,"['高級大床房（可投屏55寸電視+酒店提供自助洗衣房）:HK$251', '商務大床房（可投屏65寸電視+酒店提供自助洗衣房）:HK$278', '雙床房（可投屏65寸電視+酒店提供自助洗衣房）:HK$296', '安心睡大床房（夢百合零壓床墊+記憶枕+酒店提供自助洗衣房）:HK$314']"
巴州庫爾勒雲季酒店,9.4,"['悦享觀影標準房（小度全屋智能）:HK$192', '悦享觀影大床房（全屋智能）:HK$197', '雅緻觀影大床房（全屋智能）:HK$229', '雅緻觀影標準房（全屋智能）:HK$229']"
庫爾勒摩登四季酒店（新滙嘉店）,9.3,"['旅居浪漫大床房:HK$302', '豪華商務雙床房:HK$315', '豪華商務大床房:HK$334', '陽光行政親子房:HK$424', '豪華浴缸大床房:HK$476']"
你好酒店（庫爾勒市政府店）,9.6,"['高級大床房【65寸智能可投屏電視+金可兒床墊】:HK$281', '商務大床房【65寸智能可投屏電視+金可兒床墊】:HK$327', '高級雙床房【65寸智能可投屏電視+恆温馬桶】:HK$337', '商務雙床房【65寸智能可投屏電視+金可兒床墊】:HK$365']"
庫爾勒希爾頓之約大酒店,8.8,"['特惠大|智能語音+城市夜景:HK$279', '特惠雙床房|智能語音+城市夜景:HK$306', '零壓精緻雙床房|全屋智能+喜臨門床墊:HK$349', '零壓雅緻雙床房|全屋智能+喜臨門床墊:HK$408']"
蘭歐酒店（博湖人民政府店）,9.6,"['蘭歐智能大床房（智能客控+小冰箱）:HK$310', '蘭歐豪華大床房（智能客控+小冰箱+沙發）:HK$328', '蘭歐智能雙床房（智能客控+小冰箱）:HK$338', '蘭歐豪華雙床房（智能客控+小冰箱+空間大）:HK$346']"
欐楓都城酒店（庫爾勒孔雀河石化大道店）,9.1,"['靜享丨零壓舒眠大床房（深度睡眠+智能客控+新風循環）:HK$218', '輕氧丨雙床靜音房（深度睡眠+智能客控+新風循環）:HK$241', '輕奢丨智享大床房（深度睡眠+智能客控+舒適床品）:HK$316', '輕奢丨智享雙床房（深度睡眠+智能客控+舒適床品）:HK$349', '臻享丨雲端深睡大床房（智能客控+舒適床品）:HK$361']"
萬和酒店（庫爾勒塔里木油田公司孔雀河店）,9.2,"['經濟雙床房:HK$283', '主題大床房（無窗）:HK$283', '標準雙床房:HK$389', '高級雙床房:HK$410']"
庫爾勒石化大道蘭歐國際酒店,9.6,"['智能經典大床房（冰箱+智能客控）:HK$294', '街景智能高級大床房（冰箱+記憶枕+智能客控）:HK$320', '街景智能高級雙床房（冰箱+記憶枕+智能客控）:HK$356', '街景智能豪華大床房（冰箱+喜臨門床墊+智能客控）:HK$365']"
雅緹酒店（庫爾勒滙嘉時代廣場店）,9.6,"['雅緻內景大床房（全屋智能）:HK$334', '雅緻內景雙床房（全屋智能）:HK$334', '高級大床房:HK$360', '高級雙床房:HK$380']"
全季酒店（庫爾勒九鼎市場店）,9.6,"['大床房:HK$435', '雙床房:HK$435', '高級大床房:HK$453']"
萬信至格酒店（庫爾勒二師醫院巴州衞校店）,9.7,"['靜謐雙床房:HK$187', '舒適大床房:HK$267', '舒適雙床房:HK$274', '高級大床房:HK$292']"
西海半島度假酒店,9.7,"['豪華大床房:HK$302', '豪華雙床房:HK$310', '豪華時尚套房:HK$318', '時尚雙床房:HK$355']"
庫爾勒君潤酒店（庫爾勒站店）,9.6,"['特惠雙床房‖全屋智控+酒水吧枱小冰箱:HK$433', '特惠大床房‖VIP沉浸視聽+杜比音效:HK$433', '君逸雙床房‖全屋智控+酒水吧枱小冰箱:HK$470', '君尚影音日式輕居榻榻米‖高清巨幕VIP沉浸視聽+杜比音效:HK$470', '君悦雙床房‖全屋智控+酒水吧枱小冰箱:HK$507']"
柏曼酒店（庫爾勒孔雀河店）,9.4,"['舒適單床房（空氣凈化器）:HK$148', '標準大床房（空氣凈化器）:HK$176', '商務大床房:HK$203', '商務雙床房:HK$209']"
庫爾勒瀾都精品酒店（孔雀河店）,9.4,"['梨城風情標準間（羽絨枕+天鵝夜景+深睡床墊）:HK$353', '孔雀河中式雙床房（孔雀河夜景+羽絨枕）:HK$365', '孔雀河舒適單人間（天鵝夜景+羽絨枕+深睡床墊）:HK$372', '孔雀河中式大床房（羽絨枕+河邊夜景）:HK$386']"
庫爾勒金瀾商務酒店（南疆大巴扎店）,9.5,"['舒適雙床房:HK$153', '特惠大床房:HK$161', '豪華大床房:HK$167', '經濟大床房:HK$171']"
庫爾勒楓丹白露國際酒店,9.8,"['風吟全景雙床房（釋壓床墊+解壓逍遙椅+零壓記憶枕）:HK$435', '風吟全景大床房（釋壓床墊+解壓逍遙椅+零壓記憶枕）:HK$435', '雅敍私享雙床房（智能客控+零壓床墊+解壓逍遙椅）:HK$490', '雅敍私享大床房（智能客控+零壓床墊+解壓逍遙椅）:HK$490', '頌章尊享雙床房（智能客控+慕思床墊+按摩椅+小冰箱）:HK$566', '頌章尊享大床房（智能客控+記憶枕+慕思床墊+小冰箱）:HK$566']"
庫爾勒繁城酒店（建國路店）,9.4,"['高級大床房:HK$176', '舒適大床房:HK$197', '舒適雙床房:HK$203', '高級雙床房:HK$227']"
焉耆天福酒店,9.2,"['瑞福軒-雙床房:HK$348', '錦福軒-大床房:HK$391', '映福軒-湖景雙床房:HK$424', '福悦童趣-豪華親子房:HK$643', '福臻雲邸-豪華套房:HK$752']"
龍苑酒店（焉耆縣人民廣場店）,9.4,"['特選·安心大床房:HK$361', '特選·安心雙床房:HK$374', '至臻·臻享大床房:HK$412', '至臻·臻享雙床房:HK$412']"
希岸酒店（庫爾勒天山東路店）,9.4,"['希岸玲瓏大床房（零壓床墊+全屋智能）:HK$345', '希岸玲瓏雙床房（零壓床墊+全屋智能）:HK$400', '希岸商務大床房（零壓床墊+全屋智能）:HK$419', '希岸商務雙床房（零壓床墊+全屋智能）:HK$500', '希岸豪華家庭房（零壓床墊+全屋智能）:HK$826']"
簡諾印記酒店（庫爾勒火車站店）,9.6,"['優選主題雙床房（語音聲控+0壓記憶枕+新風系統+無窗）:HK$211', '優選主題大床房（語音聲控+0壓記憶枕+新風系統+無窗）:HK$218', '雅緻智能雙床房（語音聲控+0壓記憶枕+加濕器）:HK$231', '雅緻智能大床房（語音聲控+加濕器+0壓記憶枕）:HK$245']"
全季酒店（庫爾勒領尚幸福天地店）,9.6,"['大床房【小米加濕器+可投屏65寸電視+電動窗簾】:HK$346', '高級雙床房【小米加濕器+可投屏65寸電視+電動窗簾】:HK$346', '高級大床房【小米加濕器+可投屏65寸電視+電動窗簾】:HK$365', '舒壓高級雙床房【小米加濕器+可投屏65寸電視】:HK$365']"
祥和酒店（庫爾勒孔雀河石化大道店）,9.4,"['特惠大床房:HK$273', '特惠標準間:HK$279', '温馨大床房:HK$306', '雅居標準間:HK$309']"
庫爾勒金星大酒店（人民廣場店）,8.6,"['雅緻大床房:HK$119', '商務大床房:HK$140', '雅緻雙床房:HK$141', '非繁高級大床房:HK$151', '商務雙床房:HK$152']"
鉑爾頓酒店（庫爾勒騰飛路店）,9.4,"['鉑居·舒適大床房:HK$300', '鉑居·尊享大床房:HK$334', '鉑雅·行政雙床房:HK$338', '鉑居·豪華大床房:HK$368']"
庫爾勒樓蘭賓館,9.2,"['標準間:HK$325', '大床房:HK$325', '商務單間:HK$402', '商務標間:HK$402', '小套間:HK$634']"
海棠大酒店（孔雀河人民廣場店）,9.3,"['特惠大床房:HK$233', '特惠雙床房:HK$233', '行政標準間:HK$450', '行政大床房:HK$450']"
庫爾勒西尼爾大酒店（梨城機場店）,9.3,"['舒適雙床房:HK$249', '舒適大床房:HK$271', '豪華榻榻米房:HK$271', '豪華套房:HK$391']"
柏曼酒店（庫爾勒市政府杜鵑河店）,9.7,"['舒適智能單床房（智能聲控+智能化粧鏡）:HK$250', '標準智能大床房（安靜整潔+舒適床品）:HK$298', '智能標準雙床房（輕奢時尚+舒適安靜）:HK$304', '智能高級大床房（智能客控+坐卧沙發）:HK$318']"
庫爾勒美豪尚層酒店（人民廣場店）,9.4,"['擷春|大床房:HK$207', '擷春|雙床房:HK$219', '沐夏|大床房:HK$249', '拾秋|大床房:HK$258']"
桔子酒店（庫爾勒市政府店）,9.5,"['高級大床房【65寸可投屏電視+金可兒床墊+冷藏小冰箱】:HK$402', '高級雙床房【65寸可投屏電視+金可兒床墊+冷藏小冰箱】:HK$402', '商務大床房【65寸可投屏電視+金可兒床墊+冷藏小冰箱】:HK$421', '商務雙床房【65寸可投屏電視+金可兒床墊+冷藏小冰箱】:HK$439', '套房【65寸可投屏電視+金可兒床墊+冷藏小冰箱】:HK$589']"
季楓酒店（庫爾勒人民廣場店）,9.5,"['特惠雙床房（65寸可投屏電視+乾濕分離衞浴）:HK$367', '特惠大床房（65寸可投屏電視+乾濕分離衞浴）:HK$367', '高級大床房（恆温馬桶+65寸可投屏電視）:HK$393', '高級雙床房（恆温馬桶+65寸可投屏電視）:HK$393']"
焉耆銀都商務酒店（人民廣場美食街夜市店）,9.0,"['巨幕·投影逸趣大床房【智能客控+小冰箱+100寸巨幕】:HK$256', '巨幕·投影逸趣雙床房【100寸巨幕+智能客控+小冰箱】:HK$266', '未來·雅韻尊享大床房【卡座沙發+mini冰箱+智能客控】:HK$277', '未來·雅韻尊享雙床房【mini冰箱+智能客控+卡座沙發】:HK$288']"
庫爾勒璞居酒店（新滙嘉歡樂海岸店）,9.2,"['標準大床房丨小冰箱+加濕器:HK$315', '標準雙床房丨小冰箱+加濕器:HK$315', '經典大床房丨小冰箱+加濕器:HK$376', '經典雙床房丨小冰箱+加濕器:HK$376', '商務大床房丨小冰箱+加濕器:HK$436']"
麗楓酒店（庫爾勒石化大道店）,9.4,"['雅緻雙床房【慕斯床墊+空氣凈化+香薰加濕+淋浴音樂】:HK$279', '雅緻大床房【慕斯床墊+空氣凈化+香薰加濕+淋浴音樂】:HK$290', '豪華雙床房【慕斯床+香薰加濕+凈化器+冰箱+淋浴音樂】:HK$322', '豪華親子房【慕斯床+香薰加濕+凈化器+冰箱+淋浴音樂】:HK$333']"
城市便捷酒店（庫爾勒開發區管委會店）,9.6,"['優享大床房:HK$278', '風雅大床房:HK$376', '風雅雙床房:HK$399', '城市之光童馨親子房:HK$429']"
墨德酒店（庫爾勒建國南路店）,9.4,"['特惠大床房丨智能客控:HK$157', '精品雙床房丨智能客控+慕斯床墊:HK$181', '商務大床房丨智能客控+慕斯床墊:HK$225', '商務雙床房丨智能客控+慕斯床墊:HK$225']"
摩登S酒店,8.6,"['摩登旅居浪漫大床房:HK$307', '摩登豪華雙床房:HK$324', '摩登豪華大床房:HK$324', '摩登行政大床房:HK$342']"
庫爾勒德樸酒店,9.3,"['靜謐雙床房:HK$141', '清新雙床房:HK$155', '簡悦大床房:HK$155', '奢雅雙床房:HK$162']"
錦江都城酒店（庫爾勒孔雀河樓蘭不夜城店）,9.4,"['都會雙床房:HK$364', '風雅大床房:HK$373', '影院大床房:HK$399', '時尚大床房:HK$399', '行政套房:HK$450']"
庫爾勒簡諾印記酒店（滙嘉時代廣場店）,9.4,"['優選主題大床房（新風系統+零壓床墊）:HK$253', '雅緻智能大床房（零壓床墊+語音客控）:HK$268', '雅緻智能雙床房（零壓床墊+語音客控）:HK$283', '甄選主題圓床房（新風系統+零壓床墊）:HK$327']"
希岸·輕雅酒店（庫爾勒石化大道孔雀河店）,9.5,"['玲瓏大床房（小米音響）:HK$287', '希岸大床房（小米音響）:HK$303', '希岸高級大床房（小米音響）:HK$327', '希岸高級雙床房（小米音響）:HK$351']"
庫爾勒金萊酒店（民心佳園店）,9.3,"['特惠房:HK$202', '雅緻雙床房【零壓床墊+蕎麥睡眠枕+明亮大窗】:HK$216', '影音大床房【入眠蕎麥枕+明亮大窗+深睡級床品】:HK$216', '舒適雙床房【手機投頻+明亮大窗+深睡級床品】:HK$228']"
