酒店名称,评分,房型价格列表
常德上川雲季酒店（大小河街店）,9.3,"['輕選大床房:HK$285', '高級大床房:HK$297', '高級雙床房:HK$308', '河景大床房（絕美夜景+精美功夫茶具）:HK$314', '河景雙床房（絕美夜景+精美功夫茶具）:HK$326']"
常德澤雲酒店（高鐵站店）,9.2,"['雅韻閣-雙床房:HK$315', '巨幕影音大床房（VIP視頻會員+一鍵投屏）:HK$316', '棲子堂 - 大床房:HK$342', '棲子堂 - 雙床房:HK$342', '椒風舍 - 高級大床房:HK$374', '長秋居 -行政大床房:HK$428']"
常德新亞柳葉國際大酒店（ 武陵閣步行街店 ）,9.1,"['特惠大床房（零壓床墊+雙層隔音玻璃+潔凈布草）:HK$206', '豪華大床房（零壓床墊+雙層隔音玻璃+潔凈布草）:HK$247', '豪華雙人房（零壓床墊+超大空間）:HK$258', '主題豪華單人房（零壓床墊+潔凈布草+城市街景）:HK$258', '休閑棋牌單人房（零壓床墊+全景落地窗+空氣凈化器）:HK$309']"
艾扉酒店（常德老西門店）,9.6,"['大床房:HK$154', '商務大床房:HK$170', '雙床房:HK$170', '高級大床房:HK$186']"
常德老西門亞朵酒店,9.5,"['雅緻大床房-超大床--全景落地窗-慢回彈記憶枕:HK$323', '雅緻雙床房-全景落地窗-慢回彈記憶枕-無線充電:HK$332', '高級大床房-超大床-全景落地窗-慢回彈記憶枕:HK$367', '高級雙床房-全景落地窗-慢回彈記憶枕:HK$376', '行政大床房-超大床-高樓層-小冰箱-可看江景:HK$412']"
桔子酒店（常德火車站歡樂城店）,9.6,"['大床房:HK$284', '月若流金豪華雙床房-小度智能客控-小帥智能投屏:HK$293', '景觀豪華大床房:HK$302', '加州陽光豪華大床房-小度智能客控-小帥智能投屏:HK$321', '月若流金豪華大床房-小度智能客控-小帥智能投屏:HK$369']"
常德紫雲天酒店（高鐵站店）,9.8,"['奶油風大床房【全屋智能客控+百寸巨幕投影】:HK$218', '奶油風雙床房【全屋智能客控+百寸巨幕投影】:HK$251', '新中式雙床房【夢百合零壓床墊+VIP影視會員】:HK$283', '原木風大床房【深眠乳膠枕+VIP影視會員】:HK$305']"
美宿酒店（常德萬達廣場高鐵站店）,9.3,"['豪華雙床房:HK$213', '忻悦大床房:HK$232', '至尊套房:HK$250', '豪華大床房:HK$251']"
麗怡酒店（常德市政府店）,9.4,"['豪華大床房【慕思床墊】:HK$277', '高級大床房:HK$278', '影音大床房【100寸投影﹢慕思床墊】:HK$319', '豪華雙床房【慕思床墊﹢功夫茶具】:HK$324']"
宜尚酒店（常德朝陽D5區店）,9.4,"['標準雙床房（舒適床品+貴妃榻沙發）:HK$191', '商務雙床房（舒適床品+全景落地窗+貴妃榻沙發）:HK$205', '商務大床房（舒適床品+全景落地窗+貴妃榻沙發）:HK$205', '影院大床房（投影儀+貴妃榻沙發+全景落地窗）:HK$227']"
常德酈高1919湖畔酒店（大小河街柳葉湖度假區店）,9.8,"['玄歌丨庭院美景·復古國風:HK$633', '漁歌丨浪漫滿屋·拍照出片:HK$739', '柳岸丨河街美景·幽靜放鬆:HK$873', '石鼓丨河街美景·幽靜放鬆房:HK$899', '觀巷丨老街美景·幽靜放鬆:HK$939']"
常德德華賓館,9.1,"['主題單人間:HK$193', '標準雙人間:HK$209', '商務雙人間:HK$232', '行政雙人間:HK$262']"
宜尚酒店（武陵區常德高鐵站店）,9.5,"['標準大床房（貴妃椅沙發+鵝絨床品）:HK$236', '標準雙人房（寬敞明亮+視野開闊）:HK$254', '高級大床房:HK$262', '豪華大床房（花園觀景+舒適安靜）:HK$290', '商務大床房（大空間+舒適安靜）:HK$317']"
維也納酒店（常德步行街店）,9.5,"['豪華大床房:HK$252', '豪華雙人房:HK$262', '行政大床房[智能客控]:HK$278', '行政雙床房[智能客控]:HK$278']"
常德湯臣萬豪酒店（步行街店）,9.1,"['臻品雙床房:HK$210', '臻品大床房:HK$210', '豪華巨幕影院雙床房:HK$228', '豪華巨幕影院大床房:HK$228', '巨幕温馨影院大床房:HK$228']"
常德華邦國際大酒店,9.2,"['優享雙床房:HK$315', '優享大床房:HK$322', '高級雙床房•金可兒床墊:HK$326', '高級大床房•金可兒床墊:HK$326', '高級江景大床房（遠眺沅江風光•柔軟浴袍）:HK$337', '商務雙床房:HK$348']"
港灣·雅智酒店（常德歡樂城高鐵站店）,9.1,"['Harbour丨臻雲大床房（全屋智能傢俱、75寸超大電視）:HK$229', 'IMax丨巨幕影院房（100寸巨幕大屏、暢享VIP會員大片）:HK$241', 'Comfort丨臻雲雙床房（75寸超大電視、網紅小冰箱）:HK$253', 'Luck丨城景大床房（100寸巨幕大屏、暢享VIP會員大片）:HK$273']"
YOME友米酒店（步行街店）,9.4,"['迷你單間:HK$185', '標準大床房:HK$192', '標準雙床間:HK$192', '行政雙床間:HK$205']"
凱里亞德酒店（常德步行街店）,9.5,"['輕享大床房【智能客控】:HK$234', '樂享大床房【智能客控】:HK$251', '樂享雙床房【智能客控】:HK$251', '優享影音大床房【智能客控】:HK$261']"
常德四季春金悦國際大酒店,8.8,"['高級大床房:HK$206', '高級雙床房:HK$212', '江景行政大床房:HK$243', '行政雙床房:HK$243']"
常德希爾頓花園酒店,9.5,"['花園雙床房:HK$303', '花園大床房:HK$320', '無障礙房:HK$320', '花園湖景大床房:HK$347', '花園湖景雙床房:HK$347']"
常德柳園錦江酒店,9.2,"['特價景觀雙床房:HK$299', '特價盆浴大床房:HK$299', '高級景觀雙床房:HK$351', '高級景觀大床房:HK$351', '豪華景觀雙床房:HK$424', '豪華景觀大床房:HK$424']"
歡致城市酒店（常德和瑞歡樂城火車站店）,9.4,"['歡旅 | 巨幕影院大床房:HK$167', '歡漫 | 温馨陽光大床房:HK$167']"
維也納國際酒店（常德文理學院煙廠店）,9.5,"['標準大床房:HK$245', '標準雙床房:HK$245', '豪華大床房:HK$278', '豪華雙床房:HK$278']"
喜居設計師酒店（歡樂城高鐵站店）,9.9,['山茶花丨格調大床房（智能客控+深度睡眠慕思墊+地暖）:HK$307']
常德經開區希爾頓歡朋酒店,9.8,"['舒適大床房:HK$400', '舒適雙床房:HK$409', '高級大床房:HK$441', '高級雙床房:HK$461', '豪華大床房:HK$508']"
喆凡酒店,9.3,"['醇享大床房【電動窗簾·慕斯床墊】:HK$249', '啡凡大床房:HK$277', '醇享雙床房【負離子新風系統·躺椅】:HK$297', '啡凡雙床房【負離子新風系統·躺椅】:HK$308', '啡凡休閑大床房:HK$362']"
常德遠觀酒店,9.3,"['標準雙人間:HK$210', '標準單人間:HK$210', '高級雙人間:HK$220', '高級單人間:HK$220', '高級棋牌套房:HK$359']"
梅蘭雅秀酒店（常德步行街店）,9.3,"['美惠優價房『智能房控×獨立空調』:HK$117', '雅緻大床房『智能房控』:HK$138', '温馨大床房『智能房控×實木傢俱』:HK$149', '精緻大床房『智能房控』:HK$160']"
常德勃肯特酒店,9.6,"['特惠大床房:HK$184', '標準單人間:HK$261', '商務大床房:HK$293', '商務雙床房:HK$293']"
全季酒店（湖南文理學院店）,9.6,"['大床房-智能客控:HK$309', '高級大床房-高層景觀-智能客控:HK$330', '高級雙床房-高層景觀-智能客控:HK$330', '景觀大床房-高層江景-智能客控:HK$359']"
青睞友加酒店 （常德和瑞歡樂城火車高鐵站店）,9.3,"['青蔓·陽光智能大床房（超大75寸小米電視+零壓床墊）:HK$118', '青璃·投影智能大床房（極米投影儀+享愛奇藝VIP會員）:HK$128', '青城·簡奢智能雙床房（中央空調+配巖板辦公桌椅）:HK$137', '青莞·影院智能大床房（乳膠枕頭+零壓記憶床墊）:HK$146']"
麗怡酒店（常德柳葉湖大小河街店）,9.6,"['高級大床房（慕思床墊+智能客控+智能馬桶）:HK$253', '豪華大床房（慕思床墊+智能客控+mini冰箱）:HK$280', '豪華雙床房（慕思床墊+智能客控+mini冰箱）:HK$289', '商務雙床房（慕思床墊+智能客控+mini冰箱）:HK$308']"
維也納國際酒店（常德柳葉湖店）,9.7,"['高級大床房:HK$290', '高級雙床房:HK$290', '湖景大床房:HK$306', '豪華大床房:HK$322']"
常德西湖温德姆花園酒店,9.5,"['高級單人間:HK$384', '高級雙人間:HK$393', '豪華單人間:HK$421', '標準套房:HK$619']"
雲汐影音民宿酒店（常德文理學院西校區萬達廣場店）,9.5,"['雲煙.雅緻大床房（有廚房+帶洗衣機+可投屏電視）:HK$134', '雲錦.好眠大床房（零壓床墊+雙門冰箱+高清投影儀）:HK$146', '雲朵.影院大床房（100寸高清投影儀+辦公桌椅）:HK$158', '雲夢.鞦韆大床房（網紅鞦韆+沙發茶几+高空視野）:HK$170']"
常德雲禧酒店（高鐵站店）,9.6,"['豪華影院房:HK$340', '雙人電競房:HK$379', '豪華大床房:HK$407', '豪華雙床房:HK$426', '休閑棋牌大床房:HK$426']"
常德新世界 DesignerdimodaBusines酒店（市一人民醫院水星樓店）,9.6,"['武陵閣 I 無憂大床房『温馨舒適+大屏電視+休閑沙發』:HK$167', '大小河街 I 無憂雙床房『温馨舒適+深眠乳膠床墊』:HK$177', '柳葉湖 I 悦享大床房『小度智能語音+深眠乳膠床墊』:HK$187', '詩牆公園 I 悦享雙床房『小度智能語音+大屏電視』:HK$197']"
常德雲留酒店（湖南文理學院萬達廣場店）,9.0,"['豪華雙床房（金可兒床墊）:HK$212', '豪華大床房（金可兒床墊）:HK$212', '麻將雙床房（金可兒床墊）:HK$240', '品味浴缸大套房（科勒衞浴）:HK$271']"
漢庭酒店（常德柳葉湖大小河街店）,9.6,"['高級雙床房:HK$308', '大床房:HK$308', '高級大床房:HK$328', '景觀大床房:HK$341']"
攝影棚酒店公寓（常德柳葉湖度假區店）,9.1,"['春花 I 幸運大床房:HK$200', '夏雲 I 舒適大床房:HK$212', '秋月 I 商務大床房:HK$225', '冬麥 I 投影大床房:HK$237']"
金龍玉鳳飯店（常德歡樂城高鐵站店）,8.8,"['豪華雙人間【中央空調+小冰箱+零壓床墊+暖陽城景+智能語音客控】:HK$328', '豪華大床間【中央空調+小冰箱+零壓床墊+闌珊夜景+智能語音客控】:HK$338', '普通單間【中央空調+小冰箱+零壓床墊+智能語音客控】:HK$339']"
米漾米居酒店（常德橋南店）,9.6,"['米居舒適大床房:HK$208', '百里商務雙床房:HK$229', '繆斯影院大床房:HK$229', '米殿複式親子雙床房:HK$294']"
全季酒店（常德柳葉湖大小河街店）,9.7,"['大床房:HK$438', '高級大床房:HK$457', '高級雙床房:HK$457', '豪華大床房:HK$464']"
宜尚酒店（常德文理學院店）,9.5,"['舒適大床房 | 辦公桌+加濕器+鵝絨床品+智能投屏:HK$233', '標準大床房:HK$239', '標準雙床房 | 貴妃椅沙發+小冰箱+加濕器+鵝絨床品:HK$247', '高級大床房 | 貴妃椅沙發+小冰箱+加濕器+智能客控:HK$263']"
常德共和酒店,9.0,"['精品花園雙床房:HK$378', '高級湖景雙間:HK$396', '高級花園大床房:HK$396', '精品湖景大床房:HK$532', '精品湖景雙床房:HK$532', '網紅複式湖景套房（180度湖景+智能語音）:HK$544']"
喆啡公寓（常德萬達廣場文理學院店）,9.7,"['啡凡單人間 | 高空日出+全屋智能:HK$278', '醇享單人間 | 落地城景+全屋智能:HK$291', '啡凡雙人間 | 高空日落+全屋智能:HK$295', '啡凡純凈一廳一房 | 純凈家居+全屋智能:HK$365']"
ANUE安悦酒店（文理學院芙蓉學院店）,8.7,"['和悦大床房[智能家居丨採光通透丨現代輕奢丨閑暇靜享]:HK$151', '靜謐雙床房[採光通透丨雙人丨品牌床墊丨深度好眠]:HK$162', '瑰麗影音大床房[巨幕投影丨智能家居丨沉浸視聽丨靜享閑暇時光]:HK$173', '豪華棋牌行政套房[品牌床墊丨棋牌麻將丨獨立客廳丨採光通透]:HK$174']"
維也納智好酒店（常德武陵大道高鐵站店）,9.3,"['高級大床房:HK$201', '豪華大床房:HK$235', '豪華雙床房:HK$247', '標準雙人間:HK$247']"
一嶼度假酒店（常德老西門步行街店）,9.4,"['嶼隱丨零壓大床房:HK$162', '嶼眾 丨 標準大床房:HK$174', '嶼桉 丨標準雙床房:HK$187', '嶼禧丨雀聖Loft大床房:HK$200']"
