酒店名称,评分,房型价格列表
萬貫財富酒店（廣安南站店）,9.6,"['輕享大床房:HK$152', '輕享雙床房:HK$152', '悦享大床房:HK$184', '悦享雙床房:HK$184']"
速8精選酒店（廣安思源廣場市政府店）,9.3,"['智能大床房（智能客控+電視投屏）:HK$198', '智能雙床房（智能客控+電視投屏）:HK$198', '商務大床房（智能客控+電視投屏+衞生間三區分離）:HK$225', '尊享雙床房（超大空間+零壓床墊+全智能客控）:HK$249']"
廣安凌雲華冠酒店,9.4,"['智慧豪華大床房:HK$199', '智慧豪華標間:HK$199', '智慧至尊大床房:HK$225', '智慧至尊標間:HK$225']"
廣安希爾頓逸林酒店,8.9,"['無障礙大床房:HK$375', '逸林大床房:HK$375', '高級大床房:HK$421', '高級雙床房:HK$421', '行政大床房:HK$555', '行政雙床房:HK$555']"
鄰水銀鼎酒店,9.4,"['樂選怡悦陽光大床房:HK$167', '樂選怡悦雅緻雙床房:HK$167', '優選舒怡玲瓏大床房:HK$200', '舒眠零壓園景雙床房:HK$219', '暢眠零壓山景大床房:HK$257']"
蘭歐尚品酒店（吾悅廣場華西廣安醫院店）,9.5,"['蘭歐高級雙床房（品牌床墊+智能客控+乾濕分離）:HK$185', '蘭歐高級大床房（全屋智能控制+乾濕分離）:HK$185', '蘭歐豪華大床房（宜真養生睡眠床墊+全屋智能語音控制）:HK$369', '蘭歐豪華雙床房（全屋語音控制+電視投屏+助眠枕）:HK$369']"
世紀大酒店（岳池火車站人民法院店）,9.3,"['全智能語音系統-優選雙床房（乳膠床墊+貴妃椅+獨立辦公桌）:HK$204', '全智能語音系統-優選大床房（輕奢舒適+獨立辦公桌）:HK$224', '高級商務-行政雙床房（深睡眠+獨立辦公椅）:HK$234', '180度景觀茶藝大床房（一覽城景+高端茶具）:HK$243', '超大空間逸靜輕奢-浴缸大床房（雙人洗漱台+獨立浴缸）:HK$262']"
華冠酒店（廣安吾悦廣場店）,9.1,"['智能單人房丨智能客控+手機投屏+席夢思床墊:HK$240', '豪華單人房丨智能客控+手機投屏+席夢思床墊:HK$261', '豪華雙床房丨智能客控+手機投屏+席夢思床墊:HK$283', '行政大床房丨智能客控+手機投屏+席夢思床墊:HK$283']"
如家酒店·neo（廣安金安大道市民廣場店）,9.2,"['雙床房A:HK$130', '商務大床房:HK$138', '雙床房:HK$138', '高級大床房:HK$162']"
嘉仕頓酒店（廣安市民廣場店）,9.2,"['特惠雙床房:HK$193', '商務大床房:HK$202', '雅緻雙床房:HK$202', '豪華大床房:HK$221']"
帝倫汀酒店（鄰水宏帆廣場汽車客運中心店）,9.7,"['精緻·智享大床房（智能設備＋中央空調）:HK$239', '精緻·智享雙床房（智能馬桶＋舒適棉床品）:HK$249', '雅緻·智享大床房（智能客控+電視可投屏）:HK$262', '尊享·超寬豪華大床房（全屋AI智能+電視可投屏）:HK$272']"
禧滿鴻福酒店（廣安鄰水現代生活館店）,9.7,"['高級城景雙床房（瑋蘭零壓床墊+臨窗貴妃軟椅子+100%鵝絨被）:HK$273', '高級智能大床房（語音客控+2.7超大床+100%鵝絨被）:HK$291', '高級智能雙床房（語音客控+臨窗貴妃軟椅+100%鵝絨被）:HK$312', '豪華臻選大床房（瑋蘭零壓床墊+100%鵝絨被+三區分離）:HK$335', '歡聚家庭大床房（2.7超寬大床房+瑋蘭零壓床墊+100%鵝絨被）:HK$368']"
豪非特酒店（廣安吾悦廣場店）,9.4,"['標準雙床房-智能客控:HK$205', '標準大床房-智能客控:HK$216', '舒雅大床房-智能客控-零感床墊:HK$221', '靜雅雙床房-智能客控-靜謐輕奢:HK$221', '臻品大床房-智能客控-獨立辦公桌:HK$249']"
廣安南站錦江都城酒店,9.6,"['精緻商務房:HK$202', '精緻雙床房:HK$219', '風雅商務房:HK$243', '風雅雙床房:HK$278', '都會雙床房:HK$334']"
廣安東陽國際大酒店,8.9,"['温馨大床房:HK$293', '特價標間:HK$293', '豪華大床房:HK$315', '豪華雙床房:HK$326', '觀景大床房:HK$326']"
岳池豪庭假日酒店,9.1,"['經濟雙床房:HK$154', '標準雙床房:HK$164', '商務雙床房:HK$187', '商務大床房:HK$187']"
岳池歡宅鑽石酒店,9.6,"['歡宅.特惠大床房:HK$261', '歡宅.精品雙床房:HK$266', '歡雅.精品大床房:HK$267', '歡雅.豪華雙床房:HK$281', '歡享.景觀大床房:HK$295']"
維也鈉酒店（廣安南站店）,9.2,"['標準單人間:HK$169', '高級大床房:HK$188', '高級雙床房:HK$188', '豪華雙床房:HK$190']"
芒果酒店（廣安火車南站店）,9.3,"['優享大床房:HK$96', '雅緻雙床房:HK$107', '雅緻大床房:HK$107', '浪漫水床房:HK$118']"
李雷家民宿酒店（廣安思源廣場店）,9.2,"['古風大床房:HK$151', '商務投影智能大床房:HK$159', '現代浪漫大床房:HK$173', '商務智能雙床房:HK$175']"
麗楓酒店（廣安金瑞國際廣場店）,9.4,"['高級大床房（無窗）:HK$190', '商務大床房:HK$249', '景觀大床房:HK$274', '浪漫尊享房:HK$282']"
希岸酒店（廣安南站店）,9.6,"['豪華雙床房【智能客控+煥新】:HK$179', '希岸大床房【智能客控+煥新】:HK$179', '豪華大床房【智能客控+煥新】:HK$194', '顏值Lab【智能客控+煥新】:HK$226']"
武勝安泰印山錦江賓館,9.6,"['精緻雙床房:HK$326', '精緻大床房:HK$358', '雅緻雙床房:HK$390', '雅緻江景大床房:HK$401', '豪華江景大床房:HK$423']"
凰騰築夢酒店（廣安鄰水宏帆廣場店）,9.6,"['智享丨城景大床房（Ai智能客控+4K高清大屏電視+喜臨門零壓床墊）:HK$263', '智享丨城景雙床房（Ai智能客控+錦緞床品+100%鵝絨被）:HK$271', '暢享丨榻榻米雙床房（智能語音客控+智能馬桶+65寸投屏電視）:HK$312', '樂享丨榻榻米親子房（智能語音客控+卡通主題+加熱馬桶）:HK$319', '尊享丨城景豪華套房（Ai智能客控+全景環幕視角+獨立客廳+功夫茶具+舒適浴缸）:HK$514']"
藍舍酒店（武勝縣政府店）,9.3,"['拾光丨格調大床房:HK$156', '簡影丨風尚雙床房:HK$160', '拾光丨格調雙床房:HK$181', '萌趣丨歡樂親子房:HK$205']"
星星國際酒店,9.4,"['高級雙床房:HK$358', '高級大床房:HK$422', '行政大床房:HK$460', '投影式雙床房:HK$460', '投影式大床客房:HK$460', '親子大床房:HK$460']"
沐光·美居民宿酒店（廣安吾悦廣場店）,9.8,"['「沐光·Air」影院大床房丨100寸激光投影丨深眠乳膠床墊丨影視會員:HK$181', '「沐光·Pro」影院大床房丨100寸激光投影丨深眠零壓床墊丨獨享洗衣丨影視會員:HK$192', '「沐光·Max」巨幕浴缸大床房丨120寸激光巨幕丨深眠乳膠床墊丨舒享浴缸丨獨享洗衣機丨影視會員:HK$202', '「沐光·Pro Max」·巨幕浴缸大床房丨120寸巨幕丨深眠零壓床墊丨靜享泡泡浴丨獨享洗衣機丨影視會員:HK$214']"
武勝嘉豪大酒店,9.0,"['商務標準間:HK$281', '江景豪華親子房:HK$472']"
武勝華府大酒店,9.2,"['行政標間:HK$278', '行政單間:HK$287', '商務單間:HK$313', '豪華機麻套房:HK$558']"
希悦智能酒店（廣安南站店）,9.5,"['優選雙人房--獨立辦公桌+距離廣安南站僅需700米:HK$155', '優選大床房--智能語音+獨立辦公桌:HK$155', '智能影院房--100寸巨幕+視頻VIP+4K高清畫質:HK$218', '商務大床房--小型會客廳:HK$227']"
君安酒店（廣安吾悦廣場店）,8.8,"['輕奢|舒適大床房（全新裝修✨免費停車）:HK$176', '輕奢|舒適雙床房（高速網絡✨可開發票）:HK$176', '靜謐|豪華大床房（落地大窗✨靜謐空間）:HK$188', '靜謐|豪華雙床房（落地大窗✨靜謐空間）:HK$188']"
廣安鉑金酒店（思源廣場市政府店）,9.1,"['舒適靜雅大床房（乾濕分離）:HK$191', '高級旅居大床房（乾濕分離）:HK$217', '高級旅居雙床房（乾濕分離）:HK$240', '豪華甄選大床房（乾濕分離）:HK$240']"
廣安金梅國際酒店（神龍山巴人古堡店）,9.4,"['豪華雙床房:HK$213', '豪華大床房:HK$213', '雅緻大床房:HK$239', '雅緻雙床房:HK$239']"
安泰世紀酒店（岳池火車站師大天街店）,9.4,"['特惠大床房:HK$185', '特惠標間:HK$185', '精品商務標間:HK$196', '精品商務大床房:HK$206', '舒享標間:HK$217']"
良港輕居酒店（廣安思源廣場吾悅廣場店）,9.8,"['高級大床房（全智能客控+衞生間三區分離+零壓床墊）:HK$182', '高級雙床房（全智能客控+電視投屏+零壓床墊助眠）:HK$182', '豪華大床房（自助洗衣房+公共健身房+衞生間三區分離）:HK$205', '豪華雙床房（衞生間三區分離+電視可投屏+零壓床墊助眠）:HK$205']"
鄰水國防酒店,9.3,"['尊享雙床房（乾濕分離+獨立空調）:HK$168', '雅緻大床房（獨立空調+乾濕分離）:HK$178', '行政大床房（全景窗户+乾濕分離+獨立空調）:HK$189', '行政雙床房（全景窗户+獨立空調+乾濕分離）:HK$199']"
漢庭酒店（廣安華鎣店）,9.6,"['高級大床房:HK$197', '城景雙床房（智能馬桶+投屏電視+超大落地窗）:HK$197', '城景大床房（陽光滿屋+投屏電視+智能馬桶）:HK$217', '豪華大床房:HK$226']"
雲頂酒店（廣安南站店）,9.3,"['舒適大床房:HK$155', '三人電競房:HK$158', '特惠雙人電競房:HK$158', '豪華大床房:HK$179', '豪華雙床房:HK$179']"
維也納智好酒店（華鎣華府國際店）,9.3,"['高級大床房:HK$173', '高級雙床房:HK$180', '豪華大床房:HK$190', '豪華雙床房:HK$206']"
李雷家民宿岳池東湖店,9.3,"['私享森林特惠房:HK$145', '私享森林影音房【100寸4K超大屏+智能投屏+新風系統】:HK$167', '舒適智能雙床房:HK$192', '舒適智能大床房:HK$196']"
御食小築,9.6,"['高級雙床房:HK$147', '舒適雙床間:HK$147']"
忠宇大酒店（鄰水客運中心店）,9.8,"['舒適·特惠大床房:HK$192', '舒適·特惠雙床房:HK$192', '智能·觀景大床房:HK$202', '智能·觀景雙床房:HK$213', '智享·觀景大床房:HK$224']"
卓瑪酒店（廣安市民廣場店）,9.2,"['舒適大床房--藍牙音樂舒緩入睡:HK$128', '舒適雙床房--藍牙音樂舒緩入睡:HK$145', '優享大床房:HK$159', '優享雙床房:HK$167']"
盛鉑仕丹·天羿大酒店（岳池站店）,9.4,"['臻享-落日大床房（清風系統+深度睡眠）:HK$267', '臻享-特惠雙床房:HK$274', '臻享-特惠大床房:HK$274', '臻享、湖景大床房（享東湖美景+高定羽絨床品+浴缸）:HK$297', '臻享.湖景雙床房（享東湖美景+高定羽絨床品+浴缸）:HK$305', '臻享.雲端行政大床房（辦公桌+舒適羽絨枕）:HK$320']"
維也納酒店（廣安小平故居店）,9.5,"['高級大床房:HK$214', '高級雙床房:HK$230', '豪華大床房:HK$238', '豪華雙床房:HK$254']"
希悦智慧酒店（岳池火車站店）,9.2,"['靜享舒適-温馨雙床房（獨立辦公桌+乳膠床墊）:HK$120', '靜享舒適-温馨大床房:HK$130', '獨立辦公桌-舒適雙床房:HK$140', '深度睡眠零壓床墊-舒適大床房（超大空間+躺平治癒）:HK$150']"
臻隱智選酒店（廣安南站店）,9.6,"['智選商務大房-全景落地窗:HK$148', '智選影院房-全景落地窗+巨幕100寸4k高清影視:HK$161', '豪華行政雙床房:HK$175', '智選單人電競房【12代i7,32G.RTX4060】:HK$179']"
岳池永利大酒店,9.1,"['特惠單人間:HK$162', '特價標間:HK$175', '商務單人間:HK$205', '商務標準間:HK$213']"
尚客優悦酒店（廣安岳池電力世紀城店）,9.7,"['特惠大床房:HK$140', '優悦·智能大床房（智能語音客控+喜臨門床墊）:HK$171', '優悦·智能雙床房（智能語音客控+喜臨門床墊）:HK$180', '智能大床房（智能語音客控）:HK$190']"
好客精選酒店（武勝假日廣場店）,9.5,"['精選智能大床房（功夫茶具+全屋智能+65寸高清電視投屏）:HK$182', '精選智能雙床房（功夫茶具+全屋智能+65寸高清電視投屏）:HK$190', '雅緻智能大床房（公區自助洗衣機+全屋智能+65寸高清電視投屏）:HK$218', '精選智能親子房（家庭大小床+全屋智能+65寸高清電視投屏）:HK$258']"
