酒店名称,评分,房型价格列表
延安民俗酒店（延安革命紀念館王家坪舊址店）,9.5,"['玲瓏雙床房:HK$294', '高級大床房:HK$316', '高級雙床房:HK$327', '民俗雙床房:HK$382', '觀景大床房【智能客控+雨淋頂噴+智能馬桶+迷你冰箱】:HK$392']"
聖鑫酒店（延安寶塔山店）,9.8,"['靜謐雙床房:HK$213', '靜謐大床房:HK$213', '靜雅大床房:HK$228', '雅逸高級大床房:HK$251']"
睿恩酒店（寶塔山萬達廣場店）,9.6,"['智慧觀影雙床房（私密空間）:HK$215', '智慧優選雙床房（電視投屏·零壓床墊·智能聲控·中央軟水）:HK$228', '智慧高級大床房（親膚純棉四件套·舒適深眠·零壓床墊·智能聲控·中央軟水）:HK$241', '智慧陽光雙床房（VIP影視會員·零壓床墊·智能聲控·中央軟水）:HK$246']"
漢庭酒店（延安新區吾悦廣場店）,9.7,"['高級大床房 （投屏電視）:HK$312', '商務大床房 （投屏電視）:HK$341', '商務雙床房 （投屏電視）:HK$372', '家庭房 （投屏電視）:HK$413']"
延安聖鑫酒店（中心街王家坪店）,9.7,"['風尚大床房（私密空間+舒睡好眠+絲滑軟水沐浴 ）:HK$206', '優享大床房（輕奢優選+辦公桌椅+絲滑軟水淋浴）:HK$212', '精選大床房（閣樓設計+獨立茶桌+絲滑軟水沐浴）:HK$222', '精選雙床房（ 閣樓設計+輕盈睡眠+絲滑軟水淋浴）:HK$225', '景緻大床房（觀彩虹橋+舒緩治癒+絲滑軟水沐浴）:HK$260']"
6號未來酒店（延安寶塔山萬達廣場店）,9.5,"['忘憂私密大床房（無窗）:HK$274', '忘憂觀景大床房:HK$295', '未來商旅雙床房:HK$317', '影院智能大床房:HK$328', '影院民俗大床房:HK$339']"
聖鑫酒店（延安中心街萬達廣場店）,9.6,"['普通大床房（無窗）:HK$186', '精品大床房:HK$216', '精品標準間:HK$248', '特色觀景標間（陝北窯洞窗户）:HK$248', '商旅雙床房:HK$281']"
美豪酒店（延安寶塔山店）,9.6,"['私密空間大床房（無窗）:HK$306', '私密空間雙床房（無窗）:HK$306', '維多利亞大床房:HK$377', '維多利亞雙床房:HK$377', '愛丁堡影院大床房:HK$503']"
延安治平酒店（清水天河吾悦廣場店）,9.5,"['電競三人間:HK$341', '科幻三人間:HK$341', '靜謐大床房:HK$341', '靜謐雙床房:HK$341', '商務大床房（負離子新風氧氣）:HK$352', '樂享親子間:HK$388']"
延安東聖酒店（寶塔山萬達廣場店）,9.6,"['空境大床房【輕盈好眠+零壓床墊】:HK$239', '隱市大床房【中央軟水＋零壓床墊】:HK$263', '隱市雙床房【中央軟水＋零壓床墊】:HK$263', '山語雙床房【潔凈舒適+盡享城景】:HK$296', '山語大床房【潔凈舒適+商務服務】:HK$296']"
ZMAX 滿兮酒店（延安百米大道寶塔山店）,9.3,"['一張床XL:HK$305', '一張床XXL:HK$529', '兩張床 親子XXL:HK$583', '兩張床L影音（無窗）:HK$677']"
延安金澤國際酒店（寶塔山店）,9.4,"['豪華大床房丨大窗户+臨街觀景:HK$260', '豪華標準間丨大窗户+臨街觀景:HK$260', '寶塔景觀標間（俯瞰寶塔夜景+延河河景）:HK$391', '寶塔景觀單間（俯瞰寶塔夜景+延河河景）:HK$391', '跳跳虎主題親子套房:HK$573', '豪華套房（特大床+會客廳+長沙發+商務休閑+開闊視野）:HK$575']"
清悦酒店（延安火車站店）,9.3,"['舒適雙床房【智能客控+乾濕分離+零壓記憶床墊】:HK$196', '舒適大床房【辦公桌椅+電動窗簾+零壓記憶床墊】:HK$202', '高級雙床房【深度睡眠+親膚床品+乾濕分離】:HK$203', '商務大床房【採光通透+辦公桌椅+乾濕分離】:HK$218']"
延安棗園亞朵酒店,9.6,"['雅緻大床房:HK$359', '高級大床房:HK$377', '高級雙床房:HK$395', '行政雙床房:HK$413', '行政大床房:HK$440']"
延旅·延安賓館,9.5,"['特惠雙床房:HK$349', '特惠大床房:HK$404', '豪華雙床房:HK$425', '豪華大床房:HK$458', '高級雙床房:HK$611', '高級大床房:HK$644']"
延安國勝賓館（雙擁大道寶塔山店）,9.6,"['雅居潔凈雙床房（雅緻靜逸+乾濕分離）:HK$214', '雅居潔凈大床房（雅緻靜逸+乾濕分離）:HK$242', '雅軒恬靜雙床房（簡約時尚+乾濕分離）:HK$252', '雅軒陽光雙床房（充足採光+獨立辦公桌）:HK$263', '雅軒陽光大床房（充足採光+獨立辦公桌）:HK$273']"
延安楠林宏越國際大酒店,9.5,"['豪華雙床房:HK$356', '豪華大床房:HK$365', '豪華親子房:HK$396', '行政雙床房:HK$453', '行政大床房:HK$477']"
延安黃土情大酒店,9.3,"['特惠雙床房:HK$184', '陝北炕房:HK$220', '標準雙床房:HK$220', '商務標準間:HK$290']"
延安百米大道寶塔山亞朵酒店,9.5,"['雅緻雙床房:HK$350', '高級雙床房:HK$359', '高級大床房:HK$386', '行政雙床房:HK$413', '行政大床房:HK$431']"
延安萬達嘉華酒店,9.2,"['窯洞風湖景大床房:HK$692', '窯洞風湖景雙床房:HK$692', '窯洞湖景庭院炕房:HK$1,153', '紅色主題窯洞湖景庭院炕房:HK$1,203', '窯洞風湖景套房:HK$1,337', '窯洞湖景豪華套房:HK$1,580']"
美麗豪酒店（延安寶塔山店）,8.7,"['靜謐大床房:HK$240', '靜謐大床房A:HK$262', '精緻大床房:HK$349', '精緻雙床房:HK$349', '雅緻大床房:HK$382']"
延安棗園賓館,9.5,"['豪華大床房:HK$326', '豪華雙床房:HK$326', '豪華兩居家庭套房:HK$833', '豪華兩居商務套房:HK$833', '至尊三居景觀套房:HK$1,140']"
歡瑞酒店（延安寶塔山店）,9.5,"['歡瑞|玲瓏靜謐大床房:HK$292', '歡瑞|玲瓏靜謐雙床房:HK$292', '歡悦|舒壓寧靜大床房:HK$292', '歡悦|舒壓寧靜雙床房:HK$292']"
延安美居酒店,9.6,"['標準大床房:HK$408', '高級大床房:HK$438', '高級雙床房:HK$438', '豪華大床房:HK$468', '豪華雙床房:HK$468']"
延安新區魯藝公園亞朵酒店,9.7,"['雅緻雙床房:HK$377', '高級大床房:HK$395', '高級雙床房:HK$395', '行政大床房:HK$431', '行政雙床房:HK$431']"
金延安·觀舍民宿,8.7,"['悟理大床房:HK$395', '悟安雙床房:HK$436', '悟德大床房:HK$485', '悟空豪華套房:HK$499', '悟靜榻榻米雙床房:HK$545']"
延安左末酒店（寶塔山店）,9.6,"['優享大床房（智能客控+通透採光+舒睡好眠）:HK$238', '優享雙床房（智能客控+通透採光+舒睡好眠）:HK$238', '75寸· 影音大床房（智能投屏＋頭等太空沙發）:HK$269', '尊享豪華雙床房（智能客控+頭等太空沙發+舒緩治癒）:HK$269', '尊享山景大床房（180°超大落地窗+頭等太空沙發）:HK$290']"
亞朵酒店（延安新區市政府店）,9.1,"['雅緻房:HK$395', '高級大床房:HK$413', '高級雙床房:HK$413', '幾木大床房:HK$431', '幾木雙床房:HK$431']"
延安麗森酒店（百米大道店）,9.3,"['特惠行政雙床房（雅蘭舒適床墊）:HK$247', '商務雙床房（雅蘭舒適床墊）:HK$360', '特惠行政雙床套房（一室一廳+舒適空間）:HK$360', '零壓舒睡豪華大床房（深睡好眠+零壓床品）:HK$412', '零壓舒睡豪華雙床房（深睡好眠+零壓床品）:HK$412']"
延安仟那酒店（新區全民運動中心店）,9.6,"['仕居雙床房:HK$421', '仕居大床房:HK$463', '竹溪雙床房:HK$504', '竹溪大床房:HK$561', '隱仕大床房:HK$702']"
延安旅遊大廈（寶塔山夜市二道街店）,9.7,"['舒適雙床房:HK$283', '舒逸大床房:HK$304', '雅緻雙床房:HK$348', '商務大床房:HK$360', '雅緻親子間:HK$440']"
延安萬達錦華酒店,9.3,"['陝北風情湖景大床房:HK$486', '陝北風情湖景雙床房:HK$486', '陝北風情庭院湖景大床房:HK$729', '陝北風情庭院湖景雙床房:HK$729', '家庭湖景套房:HK$971', '陝北風情湖景套房:HK$1,093']"
金延安半隱民宿,9.5,"['靜舒大床房:HK$415', '靜安雙床房:HK$415', '酷吖LOFT親子房:HK$590', '花築套房:HK$590']"
延安唐悅酒店（楊家嶺店）,9.7,"['「優選系」舒睡大床房丨大空間+中式格調+休閑吧:HK$269', '「優選系」舒睡雙床房丨大空間+中式格調+休閑吧:HK$269', '「精選系」豪華雙床房丨休閑吧+冰箱+加濕器:HK$490', '「精選系」豪華大床房丨休閑吧+冰箱+加濕器:HK$490']"
延安高第華苑大酒店（中心街寶塔山店）,8.0,"['美式標準間:HK$274', '美式大床房:HK$274', '行政雙床房:HK$324', '豪華影院房:HK$324', '行政大床房:HK$328']"
延安延飛麗繽酒店,9.4,"['豪華雙床房:HK$252', '豪華大床房:HK$252', '臨河雙床房:HK$264', '商務套房:HK$527', '行政套房:HK$568']"
延旅·榮華酒店,9.3,"['特惠雙床房:HK$149', '舒適雙床房:HK$301', '萌趣寶貝親子間:HK$331', '舒適大床房:HK$360', '豪華雙床房:HK$373']"
延安聖第錦成藝術酒店（百米大道店）,9.2,"['錦綉舒適雙床房（自然眠愈+簡約設計）:HK$398', '錦綉舒適大床房（輕盈美夢+舒睡好眠）:HK$398', '錦致豪華雙床房（潔凈舒適＋採光充足）:HK$458', '錦致豪華大床房（潔凈舒適＋採光充足）:HK$458', '錦致臻選三人房（舒睡好眠+城市夜景）:HK$490']"
延安錦海園酒店（楊家嶺革命舊址店）,9.3,"['特惠雙床房（空調）:HK$190', '忘優私密大床房:HK$193', '戀戀不忘圓床房:HK$212', '錦海園大床房（空調）:HK$251']"
延安大酒店,8.9,"['標準雙床房:HK$261', '豪華大床房:HK$326', '豪華雙床房:HK$326', '行政雙床房:HK$392', '行政親子房:HK$425']"
延安王梓酒店,9.6,"['雅緻雙床房（無窗）:HK$357', '雅緻大床房（無窗）:HK$363', '商旅大床房:HK$380', '陽光大床房:HK$399', '商旅雙床房:HK$405']"
金延安·見山民宿,9.7,"['見山籬下雙床房（優質床品+乾濕分離+蕎麥枕）:HK$185', '見山榻榻米雙床房（優質床+乾濕分離+蕎麥枕）:HK$284', '見山雅緻三人房（親子家庭+乾濕分離+蕎麥枕）:HK$448', '見山温馨四人房（乾濕分離+蕎麥枕）:HK$497']"
延安楓霖酒店,9.1,"['楓韻大床房:HK$204', '楓雅雙床房:HK$227', '楓和家庭房:HK$293', '楓盈家庭房:HK$377']"
延旅·延安隆華花園酒店,9.2,"['精選標間:HK$152', '豪華標準間:HK$221', '豪華大床房:HK$359', '豪華套房:HK$972']"
如家睿柏·雲酒店（延安寶塔山二道街店）,8.7,"['特惠大床房【獨立空調➕中央軟水】:HK$125', '特惠雙床房【獨立空調➕中央軟水】:HK$125', '精品雙床房【獨立空調➕中央軟水】:HK$160', '雅閣雙床房【獨立空調➕中央軟水】:HK$169']"
金延安·淺拾民宿,9.6,"['淺拾靜謐雙床房（乾濕分離+私密空間+蕎麥枕）:HK$213', '淺拾憶夢雙床房（優質床品+乾濕分離+蕎麥枕）:HK$294', '淺拾暮光榻榻米（乾濕分離+優質床品+蕎麥枕）:HK$312', '淺拾温馨家庭親子間（乾濕分離+優質床品+蕎麥枕）:HK$343', '商務大床房丨乾濕分離+愜意浴缸:HK$384']"
延安文化交流中心,9.2,"['精品雙床房:HK$492', '精品大床房:HK$520', '精品套房:HK$1,067']"
延安紅星園國際酒店,9.4,"['優享雙床房:HK$380', '豪華大床房:HK$435', '豪華雙床房:HK$435', '行政大床房:HK$764', '行政雙床房:HK$764', '商務套房:HK$1,005']"
PG巴頓·瀾設計師酒店（延安萬達廣場寶塔山店）,7.9,"['欣喜·高級靈動雙床房【零壓酣睡床墊+通透採光】:HK$153', '欣喜·高級靈動大床房【城際夜景+獨立wifl】:HK$153', '悦喜·尊享大床房【舒適環境+絲漣床墊】:HK$191', '悦喜·尊享雙床房【超大活動空間+自然愈眠】:HK$191']"
金延安西北旅社,9.4,"['良棲雙床房（品質床墊/乾濕分離/蕎麥枕）:HK$269', '幕棲loft單間（品質床墊/乾濕分離/蕎麥枕）:HK$333', '風情雙床房（陝北窯洞窗户/乾濕分離/蕎麥枕）:HK$333', '幕棲LOFT套房（棋牌室/乾濕分離/蕎麥枕）:HK$561', '幕棲精品套房（超大客廳/乾濕分離/蕎麥枕）:HK$561']"
