酒店名称,评分,房型价格列表
張家界棲悦水雲間度假民宿（武陵源森林公園景區店）,9.9,"['踏歌行·雙床房（落地全景+觀景茶台）:HK$577', '聽夜曲·陽台大床房（落地山溪全景+撞色沙發+陽台茶座）:HK$631', '醉雲煙·大床房（落地山溪全景+茶椅+觀景茶台）:HK$640', '枕畫上·雙床房（落地山溪全景+房屋智能+定製沙發）:HK$667']"
巖語間 · 美術民宿（張家界高鐵站店）,9.7,"['巖語特惠雙床房:HK$486', '巖語·雙床房:HK$697', '巖語·大床房:HK$745', '巖語·豪華沐浴雙床房:HK$798', '巖語·loft投影大床房:HK$972']"
全季酒店（張家界國家森林公園武陵源標誌門店）,9.5,"['高級大床間（65寸投屏電視+小冰箱）:HK$576', '高級雙床房（65寸投屏電視+小冰箱）:HK$605', '豪華大床房（65寸投屏電視+小冰箱）:HK$624', '豪華雙床房（65寸投屏電視+小冰箱）:HK$624']"
如家精選PLUS酒店（張家界中商廣場大庸古城店）,9.6,"['商務大床房「影音投屏｜落地窗丨深睡枕」:HK$297', '雙床房「影音投屏｜落地窗丨深睡枕」:HK$305', '高級大床房「智能客控丨0壓床墊丨影音投屏｜落地窗」:HK$320', '高級雙床房「智能客控丨0壓床墊丨影音投屏｜落地窗」:HK$329', '安心睡零壓大床房「天門山觀景丨0壓床墊丨空氣凈化器」:HK$344']"
張家界華天大酒店,9.2,"['高級景觀雙床房:HK$449', '高級景觀大床房:HK$480', '豪華景觀雙間:HK$480', '智能影院大床房 （VIP視頻一鍵投屏）:HK$511', '行政景觀大床房:HK$573', '標準雙床房:HK$574']"
張家界禹界Hotel（武陵源國家森林公園店）,9.5,"['界裏|望舒雙床房雅+雅瀾床墊+鵝絨被+智能客空+冰箱:HK$574', '界裏|臨溪豪華大床+雅瀾床墊+貴妃躺椅+智能馬桶+冰箱:HK$594', '界外|觀山雙床房+雅瀾床墊+智能客控+智能馬桶+冰箱:HK$660', '界外|甜蜜蜜豪華大床+雙人泡浴缸+智能客控+迷你冰箱:HK$822', '界裏|闔家歡樂親子房+榻榻米+智能客控+智能馬桶+冰箱:HK$822']"
張家界天門山索道亞朵酒店,9.6,"['高級大床房:HK$538', '高級雙床房:HK$538', '幾木大床房:HK$574', '幾木雙床房:HK$574', '幾木親子房:HK$628']"
張家界如可酒店（天門山索道店）,9.8,"['舒適大床房:HK$787', '温馨花園雙床房:HK$910', '雅緻大床房·「深泡浴缸」:HK$911', '幽雅智能大床房:HK$953', '幽雅智能雙床房:HK$1,049', '幽雅花園大床房:HK$1,080']"
界止·湘西之戀酒店（天門山養雲店）,9.5,"['Classic · 雲夢城景雙床房 | 土家織錦 + 獨立桌椅:HK$286', 'Classic · 雲夢城景大床房 | 飄窗休閑椅:HK$296', 'Heat·雲境雅緻城景大床房|獨立桌椅:HK$348', 'Heat·雲境雅緻雙床房|深泡浴缸+羅漢茶椅:HK$348', 'Warm·雲棲河景大床房 | 180°全景落地窗 + 100寸投影:HK$389']"
曼緣度假酒店（張家界國家森林公園標誌門店）,9.5,"['Simple·曼心雙床房丨獨立書桌椅:HK$291', 'Simple·曼心大床房丨獨立書桌椅:HK$308', 'Relax·曼雲雙床房 丨 獨立書桌椅:HK$337', 'Sunny·曼居河景雙床房 丨 私享陽台+遠眺河景:HK$381', 'Sunny·曼居河景大床房 丨陽台遠眺+深泡浴缸+床前椅:HK$381']"
花築奢·索溪山居輕奢度假酒店（張家界國家森林公園標誌門店）,9.5,"['山居·奢品大床房（新風系統＋迷你冰箱）:HK$455', '山居·奢品雙床房（雙層隔音玻璃＋迷你冰箱）:HK$496', '山居·甜睡山景大床房（雙層隔音玻璃＋迷你冰箱＋嚴選床品）:HK$631', '山居·甜睡山景雙床房（雙層隔音玻璃＋迷你冰箱＋嚴選床品）:HK$671', '山居·尊貴靜謐大床房（智能馬桶＋浴缸＋迷你冰箱）:HK$900']"
溪上雲間精品民宿（張家界國家森林公園店）,9.8,"['迷霧·閣樓榻榻米大床房:HK$401', '晨光·閣樓榻榻米大床房:HK$438', '漫漫 温馨大床房:HK$525', '小時光·温馨大床房:HK$545']"
戴斯溫德姆酒店（張家界武陵源標誌門店）,8.9,"['特色雙床房:HK$474', '特色大床房:HK$483', '高級雙床房:HK$492', '高級大床房:HK$511', '豪華雙床房:HK$529']"
奇樓酒店（七十二奇樓高鐵站店）,9.3,"['商旅雙床套房（俯瞰航校飛機模型）:HK$362', '情侶大床套房（複式公寓）:HK$362', '景觀雙床套房（隔窗遙望天門山）:HK$362', '温馨親子家庭套房（一間客房，雙重空間）:HK$593']"
張家界一宅別院民宿（天門山店）,9.8,"['一宅別院立夏標準雙人房+獨立陽台+全屋地暖:HK$524', '一宅別院冬至標準雙人間:HK$524', '一宅別院小滿標準雙人間+獨立陽台+全屋地暖:HK$524', '一宅別院立春大床房+獨立陽台+全屋地暖:HK$634']"
全季酒店（張家界天門山索道天門路店）,9.8,"['高級大床房（全屋智能，超大電視，金可兒床墊，冰箱）:HK$524', '高級雙床房（全屋智能，超大電視，金可兒床墊，冰箱）:HK$524', '商務大床房（茶台卡座，零壓床墊，迷你冰箱）:HK$550', '商務雙床房（茶台卡座，無線投屏，迷你冰箱）:HK$550']"
蘭亭·雅居酒店（張家界國家森林公園標誌門店）,9.6,"['雅居·高級雙床房:HK$447', '雅居·高級大床房:HK$482', '雅居·河畔山景雙床房:HK$537', '雅居·星空日式雙床房:HK$549', '雅居·陽光舒睡浴缸大床房-地暖:HK$549']"
張家界麗呈和一S酒店,9.6,"['山景&雅緻大床房:HK$539', '山景&舒心雙床房:HK$558', '山景*舒心大床房:HK$586', '山景*休閑棋牌房:HK$596', '山景*影院大床房:HK$671']"
宋風明雨精品度假民宿（張家界國家森林公園武陵源店）,9.6,"['蘭居·素雅靜棲房:HK$1,024', '秋堂·露台山景房:HK$1,265', '西廬·露台山景房:HK$1,265', '隱莊·獨户庭院房:HK$1,609', '福舍·獨户庭院房:HK$1,609']"
拾樂民宿（張家界天門山索道店）,9.7,"['心夢迷你榻榻米房:HK$151', '特惠雙床房（低樓層）:HK$153', '寒露温馨大床房:HK$188', '浪漫精品雙床房:HK$190']"
張家界水畔花間客棧,9.6,"['花間·輕奢雙床房｜巨幕投影+乾濕分離+中央空調+浴缸:HK$340', '花間·陽光大床房｜超清投影｜中央空調｜浴缸:HK$409', '180°江景大床房｜巨幕投影+觀景陽台+中央空調+浴缸:HK$523', '水畔·180℃臨江大床房｜超清投影｜浴缸｜陽台｜地圖:HK$541']"
張家界天門山温德姆花園酒店,9.6,"['智能語音｜高級城景大床房+小冰箱+智能馬桶+自動窗簾:HK$559', '智能語音｜高級城景雙床房+小冰箱+智能馬桶+自動窗簾:HK$586', '智能語音｜庭院景觀大床房+冰箱+智能馬桶+自動窗簾:HK$621', '智能語音｜天門山景雙床房+小冰箱+智能馬桶+自動窗簾:HK$647', '貳伍捌｜麻將大床房+冰箱+凈煙系統+智能馬桶+自動窗簾:HK$667', '智能語音｜天門山景大床房+小冰箱+智能馬桶+自動窗簾:HK$673']"
張家界庭唐酒店（國家森林公園武陵源標誌門店）,9.8,"['庭唐·高級熟睡雙床房＋體感式智能馬桶＋自動窗簾＋迷你冰箱:HK$474', '庭唐·舒適禮居特大床房＋浴缸＋體感式智能馬桶＋自動窗簾+迷你冰箱:HK$508', '庭唐·舒適禮居雙床房＋體感式智能馬桶＋自動窗簾＋迷你冰箱:HK$542', '庭唐·520蜜月大床套房＋獨立浴缸＋體感式馬桶＋自動窗簾＋迷你冰箱:HK$584', '天倫之樂|庭唐安居親子房＋體感智能馬桶＋自動窗簾＋迷你冰箱:HK$653']"
張家界梓山漫居,9.8,"['憩心·園景露台·大床房:HK$1,790', '梓山·園景雙露台·大床房:HK$1,844', '梓山·園景雙露台·雙床房:HK$1,845', '漫居·山景露台·大床房·森林湯池:HK$2,358', '樹屋·270°雲端·玻璃樹屋·森林湯池:HK$2,358', '漫居·山景露台·親子房·森林湯池:HK$3,004']"
張家界旭竹·伴山美宿（森林公園中門梓木崗門票站店）,9.8,"['雅居山景大床房|全屋智能+觀景陽台+古樸庭院:HK$732', '歡樂麻將房|智能麻將桌+人造景觀+電動窗簾:HK$769', '漫居山景大床房|全屋智能+超大觀景陽台:HK$881', '美妙親子房|智能家居+觀景露台:HK$978']"
桔子酒店（張家界天門山索道大庸路店）,9.5,"['高級大床房:HK$367', '高級雙床房:HK$396', '家庭房:HK$414', '套房:HK$462']"
張家界桂冠武陵源標誌門店,9.6,"['標準間:HK$461', '單人間:HK$461', '高級標準間（帶陽台）:HK$496', '高級單人間（帶陽台）:HK$496', '親子套房（帶陽台）:HK$1,491']"
張家界國家森林公園雲居酒店,9.4,"['出岫舒適大床房|全屋聲控+智能馬桶+迷你冰箱:HK$742', '泊舟玉宇大床房|陽台山景+全屋聲控+智能馬桶+迷你冰箱:HK$805', '枕霞雙床房|全屋聲控+迷你冰箱:HK$857', '煮雨舒適雙床房|全屋聲控+智能馬桶+迷你冰箱:HK$897', '澹懷影音大床房|山景+投影幕布+全屋聲控+迷你冰箱:HK$905', '閲川玉宇雙床房|陽台景觀+全屋聲控+智能馬桶+迷你冰箱:HK$970']"
虛度·ANNICA旅遊度假酒店（張家界國家森林公園中門店）,9.6,"['臨風·庭院大床房『私享森林氧吧丨浴缸』:HK$1,321', '溪澗·榻榻米山景房『日式茶台前賞窗外山巒』:HK$1,490', '雲棲·山景大床房『悠然賞景丨深泡浴缸』:HK$1,545', '青巒270°·山景大床房『山景陽台+享悠閑午後時光』:HK$1,657', '森夏270°·榻榻米星空房『星空玻璃沐浴暖陽丨浴缸』:HK$1,769', 'Summer夏天·親子影音房『小童滑梯丨庭院親子時光』:HK$2,464']"
柏曼國際酒店（張家界國家森林公園標誌門店）,9.1,"['影院雙床房:HK$326', '豪華雙床房:HK$350', '豪華大床房:HK$370', '城景雙床房:HK$414', '家庭房:HK$436']"
張家界湘瑞閣精品酒店,9.1,"['特惠雙床房:HK$349', '悦享靜謐▪榻榻米大床房:HK$369', '臻享清心▪逸緻雙床房:HK$401', '優享宿心▪精緻雙床房:HK$433', '把酒言歡▪雅緻三人間:HK$555']"
舊巷棲所民宿（天門山索道站店）,9.5,"['舊巷温馨大床房:HK$142', '舊巷棲所浪漫大床房:HK$149', '舊巷棲所舒適雙標間:HK$149', '舊巷棲所影音親子間:HK$173']"
桔子酒店（張家界天門山索道站）,9.6,"['高級雙床房:HK$351', '高級大床房:HK$351', '豪華大床房:HK$369', '豪華雙床房:HK$369', '家庭房:HK$389']"
張家界聽雲廬酒店（武陵源國家森林公園店）,9.4,"['聽雲·榻榻米大床房-斜頂:HK$191', '聽覺·靜謐雙床房（自動窗簾＋私享靜謐熟睡空間）:HK$205', '聽風·山景大床房（自動窗簾＋遠眺山景）:HK$219', '聽風·山景雙床房（自動窗簾＋遠眺山景）:HK$246']"
梓木山莊（張家界國家森林公園梓木崗門票站店）,9.1,"['靜馨雅苑·山景豪華套房「大自然氧吧|悠享風景」:HK$2,185', '漪瀾小築雙床房:HK$2,185', '瓊林玉舍·親子套房「大自然氧吧|悠享風景」:HK$2,185', '小樓聽雨·家庭套房「大自然氧吧|悠享風景」:HK$2,185']"
張家界棲石裏洞穴民宿（國家森林公園標誌門店）,9.6,"['峽谷泳池大床房【全屋智能·全屋地暖|戴森吹風】:HK$2,010', '玻璃峽谷雙床房【全屋智能|恆温沐浴|慕斯床墊】:HK$2,167', '山景晨曦大床房【全屋地暖|全屋智能|落地觀景窗】:HK$2,479', '水下溶洞雙床房【寬享沙發|全屋智能|沉浸體驗】:HK$2,635', '谷韻觀景親子房【開放兩居|超大視野|全屋地暖】:HK$2,948', '水下觀景套房【觀景天窗|落地觀景窗|定製浴缸】:HK$3,728']"
張家界指南針精品客棧（天門山索道店）,9.4,"['植夢.陽光大床房:HK$160', '棲止.花漾大床房:HK$181', '雲夢.精選雙床房:HK$188', '墨香·中式雙床房:HK$210']"
張家界知隱民宿（天門山國家森林公園店）,9.2,"['吟風·知隱大床房:HK$359', '尋竹·輕奢大床房:HK$431', '挽星·天門映月大床房:HK$443', '攬月·天門景觀雙床房·超大露台:HK$449']"
張家界霧裡觀陣山民宿,9.7,"['巨龍出海·全景複式套房·地暖:HK$3,693']"
衹為等你客棧（張家界火車站天門山索道站店）,9.6,"['特惠大床房（距天門山索道站100米❤）:HK$102', '榻榻米大床房:HK$111', '特惠雙床房（代定景區優惠門票❤）:HK$120', '陽光大床房:HK$130']"
張家界富溪貳壹·LiFe輕奢設計美宿（武陵源區國家森林公園店）,9.7,"['芒種|4K影院|豪華大床房|慕思寢具|智能全屋|眺望山景:HK$762', '驚蟄|溪流景觀大床房|慕思寢具|智能全屋|高清電視:HK$812', '立春|山景大床房|深泡浴缸|竹林景觀|高清電視:HK$866', '立秋|休閑雙人房|慕思寢具|休閑沙發|高清電視:HK$894', '小滿｜星空豪華雙人間｜慕思寢具｜INS沙發｜高清電視:HK$894']"
惹蓮·即見歡喜城市印象民宿（天門山店）,9.7,"['聽·初荷玉立大床房:HK$436', '悦·尊享標準雙床房:HK$467', '又·輕奢浪漫大床房:HK$532', '喜·温馨觀景親子間:HK$751', '奢·270度全景浴缸投影大床房:HK$827']"
張家界武陵源賓館,9.4,"['園林標準雙人間:HK$359', '園林豪華雙人間:HK$392', '庭院温馨豪華雙床間:HK$392']"
張家界觀山園民宿（武陵源區國家森林公園店）,9.7,"['【古韻唐風】安卉丨大床房丨全系智能客控丨晚安床墊:HK$737', '【陽台觀山景】未央丨大床房+智能客控+全系地暖:HK$779', '碧落·180°觀景大床房『環山視角+景觀露台+智能客控+古韻唐風+95%鵝絨被+晚安品牌床墊+American Standard衞浴』:HK$833', '【幸運房】丨一室一廳山景套房丨95%鵝絨被丨晚安床墊:HK$951', '【親子避暑之屋】竹月丨一室一廳山景套房+超大衞浴間:HK$1,058']"
暖居·小築（武陵源森林公園店）,8.8,"['暖馨豪華家庭房+百寸投影+迷你冰箱+電動窗簾+智能馬桶:HK$432', '暖居豪華家庭房+百寸投影+迷你冰箱+電動窗簾+智能馬桶:HK$453']"
張家界湘韻國際大酒店,9.1,"['特惠雙間:HK$233', '高級雙床房:HK$273', '高級大床房:HK$284', '180°河景雙床房-觀天門山:HK$300', '180°河景大床房-觀天門山:HK$382']"
Q加·張家界紫艷凝香客棧,9.6,"['雅緻標準間:HK$138', '豪華雙人房:HK$141', '山景大床房:HK$160', '山景標準間:HK$182']"
張家界武陵源竹縵度假民宿,9.8,"['竹林聽風雙床房:HK$580', '黃金書香大床房:HK$711', '綠野仙居套房:HK$1,028', '月色輕柔套房:HK$1,041', '温馨家庭套房:HK$1,107']"
張家界上雲衍民宿（森林公園景區店）,9.6,"['雲水閣【180度一線山景大床房】:HK$1,156', '翠竹居【峯林祕境大床房】:HK$1,317', '流螢小築【360°伴山大床房】:HK$1,338', '墨香閣【360°一線全景大床房】:HK$1,688', '聽雨齋【一線全景落地窗山景大床房】:HK$2,004']"
天門山仟酒店,9.5,"['智能舒適大床房:HK$291', '智能豪華雙床房:HK$344', '智能豪華大床房:HK$355', '行政景觀套房:HK$534', '親子套房:HK$611']"
