酒店名称,评分,房型价格列表
芒市鉑璽酒店,9.8,"['輕享大床房（貴妃椅+智能客控）:HK$228', '輕享雙床房（智能客控）:HK$251', '陽光城景靜謐大床房（貴妃椅+智能客控）:HK$276', '陽光城景靜謐雙床房（智能客控）:HK$304', '金塔觀景大床房（貴妃椅+智能客控）:HK$334']"
芒市江東大酒店（芒市大街機場店）,9.5,"['特惠大床房:HK$219', '高級大床房:HK$253', '特惠雙床房:HK$294', '高級雙床房:HK$304', '豪華大床房:HK$326']"
芒市城悦酒店（芒市廣場店）,9.6,"['雅緻大床房:HK$291', '輕奢大床房:HK$342', '商務雙床房:HK$350', '行政套房:HK$510']"
維也納國際酒店（瑞麗温泉店）,9.5,"['特價大床房:HK$245', '高級大床房:HK$275', '高級雙床房:HK$275', '豪華大床房:HK$306', '豪華雙床房:HK$316']"
芒市翡華酒店,9.3,"['雅緻大床房:HK$513', '雅緻雙床房:HK$513', '雅緻豪華大床房:HK$835', '雅緻豪華雙床房:HK$835', '雅緻閣樓雙床房:HK$835']"
錦悦酒店（德宏芒市機場珠寶小鎮店）,9.5,"['泊野·悦享大床房【全屋智能客控+零壓床墊+智能馬桶】:HK$190', '知秋·尊享大床房【全屋智能客控+零壓床墊+智能馬桶】:HK$213', '止安·靜享雙床房【全屋智能客控+零壓床墊+智能馬桶】:HK$225', '悠然·臻享大床房【全屋智能客控+零壓床墊+智能馬桶】:HK$236']"
華竺·觀景美宿（傣族古鎮店）,9.9,"['有眠·大床房【觀古鎮+當貝投影+TOTO衞浴+貢緞床品】:HK$305', '初夏·大床房【私人露台+當貝投影+TOTO衞浴+貢緞床品】:HK$338', '知秋·大床房【觀古鎮+私人露台+TOTO衞浴+貢緞床品】:HK$370', '枕月·大床房【觀古鎮日落+貢緞床品+私人露台+當貝投影+品牌衞浴】:HK$412']"
芒市際洲柏麗酒店,9.4,"['温泉高級大床房（特色温泉＋mini冰箱＋新風系統）:HK$431', '温泉高級雙床房（特色温泉＋mini冰箱＋新風系統）:HK$444', '温泉豪華大床房（特色温泉＋mini冰箱＋新風系統）:HK$444', '温泉行政大床房（特色温泉＋按摩浴缸＋mini冰箱）:HK$478', '温泉私湯房（特色温泉＋私湯泡池＋mini冰箱）:HK$502']"
雲州酒店（傣族古鎮店）,9.4,"['輕享大床房（全屋智能+智能馬桶+零壓床品+鴨絨被）:HK$225', '輕享雙床房（全屋智能+智能馬桶+零壓床品+鴨絨被）:HK$248', '觀影大床房（全屋智能+智能馬桶+零壓床品+鴨絨被）:HK$255', '觀影雙床房（全屋智能+智能馬桶+零壓床品+鴨絨被）:HK$268']"
德宏德安酒店（芒市廣場店）,9.5,"['優享商務雙床房:HK$189', '優享商務大床房:HK$189', '商務雙人房:HK$210', '商務大床房:HK$210', '行政大床房:HK$231']"
嶼上USUN•HOTEL（芒市廣場店）,9.6,"['花嶼︱御品大床房（冰箱飲料+高端床品+高速WIF）:HK$340', '花嶼 | 御品雙床房（冰箱飲料+高端床品+高速WIF）:HK$340', '木嶼 | 景觀雙床房（冰箱飲料+高端床品+高速WIF）:HK$361', '木嶼 | 景觀大床房（冰箱飲料+高端床品+高速WIF）:HK$382', '温嶼丨親子家庭房（冰箱飲料+高端床品+高速WIF）:HK$425']"
華竺·Stylist藝術美宿（傣族古鎮金塔店）,9.9,"['Villa·春分丨靜謐雙床房（全屋智能+戴森吹風+TOTO衞浴+巨幕投影+記憶睡枕+貢緞床品+Minibar暢飲）:HK$524', 'Villa·觀星丨星空浴缸大床房（獨立露台+全屋智能+戴森吹風+TOTO衞浴+巨幕投影+記憶睡枕+貢緞床品+Minibar暢飲）:HK$571', 'Villa·白露丨露台山景大床房（全屋智能+戴森吹風+TOTO衞浴+巨幕投影+記憶睡枕+貢緞床品+Minibar暢飲）:HK$608', 'Villa·攬月丨觀金銀塔浴缸大床房（獨立露台+全屋智能+戴森吹風+TOTO衞浴+巨幕投影+記憶睡枕+貢緞床品+Minibar暢飲）:HK$644']"
麗楓酒店（芒市金孔雀大街機場店）,9.6,"['標準大床房:HK$575', '雅緻大床房:HK$604', '豪華大床房:HK$618', '豪華雙床房:HK$618', '商務大床房:HK$647']"
芒市聖水湖畔大酒店（孔雀湖店）,9.4,"['舒享·高級雙床房:HK$397', '舒享·高級大床房:HK$397', '臻享·温馨家庭房:HK$416', '臻享·豪華大床房:HK$434', '奢享·至尊大套房:HK$648']"
青榕里美宿（菩提寺樹包塔店）,9.5,"['浮光·輕奢特惠大床房（貝卡特床品+品牌冰箱+智能馬桶）:HK$214', '汐晨·輕奢露台雙床房（貝卡特床品+品牌冰箱+智能馬桶）:HK$296', '夏序·奢華露台大床房（貝卡特床品+品牌冰箱+智能馬桶）:HK$296', '卿憶·輕奢露台雙床房（貝卡特床品+品牌冰箱+智能馬桶）:HK$325']"
芒市小水民宿（傣族古鎮店）,9.7,"['小隱·花園大床房（獨立花園庭院| 夢百合0壓床墊 | 輕奢全棉貢緞床品| 徠芬吹風機）:HK$293', '千尋·陽光大床房（夢百合0壓床墊| 輕奢全棉貢緞床品|徠芬吹風機|乾濕分離）:HK$307', '千與·豪華雙床房（落地全景|喜臨門0壓床墊| 輕奢全棉貢緞床品|徠芬吹風機|乾濕分離）:HK$326', '座山·露台大床房（獨立觀景陽台|夢百合0壓床墊|輕奢全棉貢緞床品|徠芬吹風機|乾濕分離）:HK$425']"
瑞麗泊雅温泉酒店,9.4,"['雲棲間.景觀雙床房（270° 城景+全景聲場）:HK$316', '優選居. 典雅大床房（繁華城景+高清電視）:HK$316', '竹韻軒·清雅大床房（綠茵城景+自然音畫）:HK$335', '水墨居·淡雅雙床房（城市沙盤+文化頻道）:HK$352']"
聆湖別院（勐煥大金塔店）,9.5,"['觀山105尊享榻榻米大床房（電動窗簾+智能馬桶+九牧衞浴＋中央空調+記憶睡枕+貢緞床品）:HK$423', '觀山203尊享大床房（獨立陽台+電動窗簾+智能馬桶+九牧衞浴＋中央空調＋大理石浴缸+記憶睡枕+貢緞床品）:HK$442', '觀山303尊享榻榻米大床房（獨立陽台+電動窗簾+智能馬桶+九牧衞浴＋中央空調＋大理石浴缸+記憶睡枕+貢緞床品）:HK$442', '觀山102尊享大床房（獨立陽台+電動窗簾+智能馬桶+九牧衞浴＋中央空調+記憶睡枕+貢緞床品）:HK$479']"
肆拾號院堅果樹下民宿,9.7,"['遇己·普通大床房:HK$277', '隨遇·普通大床房:HK$277', '肆意·豪華大床房（零壓深睡護頸枕）:HK$332', '盡歡·豪華大床房:HK$332']"
雅悦柏庭花園酒店（芒市廣場機場店）,9.4,"['高級大床房:HK$185', '高級雙床房:HK$198', '雅悦大床房:HK$210', '雅悦雙床房:HK$223']"
瑞麗際洲酒店,9.6,"['豪華大床房（温泉湯池+迷你小冰箱）:HK$325', '豪華雙床房（温泉湯池+迷你小冰箱）:HK$325', '行政大床房（温泉湯池+迷你小冰箱）:HK$419', '行政套房（私湯温泉+迷你小冰箱）:HK$580']"
渡春山Villa,9.5,"['歸隱高級大床房（戴森吹風機+Marshall音響+科勒衞浴）:HK$325', '在野高級特大床房（戴森吹風機+Marshall音響+科勒衞浴）:HK$349', '得閑雅緻大床房（戴森吹風機+Marshall音響+科勒衞浴）:HK$429', '樂之特色大床房（戴森吹風機+Marshall音響+科勒衞浴）:HK$438']"
芒市越玲大酒店（芒市廣場店）,9.6,"['C座雅緻雙床房（臨街景觀）:HK$194', 'C座雅緻大床房（臨街景觀）:HK$205', 'C座雅緻金塔觀景雙床房（臨街景觀）:HK$248', 'A座輕享雙床房（蕎麥枕｜電動窗簾｜靜享後花園景觀）:HK$262']"
芒市枕晴山觀景美宿（傣族古鎮店）,9.7,"['沁園春·南洋復古大床房（深睡床品|智能衞浴|觀院景）:HK$228', '芭蕉雨·舒適大床房（深睡床品|智能衞浴|觀院景）:HK$246', '春不晚·浴缸大床房（深睡床品|智能衞浴|摩天輪景觀）:HK$275', '彩雲歸·雙床房（深睡床品|智能衞浴|觀摩天輪）:HK$306']"
梵玉·蘭舍（傣族古鎮店）,9.5,"['零壓大床房（古鎮夜景+智能馬桶+全屋降噪）:HK$294', '舒適甜夢大床房（古鎮夜景+深泡浴缸+靜謐綠洲）:HK$305', '親子樂享雙床房（古鎮夜景+智能馬桶+全屋降噪）:HK$323']"
芒市尋木有宿,9.6,"['【得閑】樹下大床房（傣式木樓·零壓深睡床墊·鵝絨被）:HK$344', '【莫忙】花園雙床房·傣式木樓|零壓深睡床墊|鵝絨被:HK$419', '【尋桂】花園雙床房（傣式木樓·零壓深睡床墊·鵝絨被）:HK$419', '【且停】榻榻米大床房（傣式木樓·雙塔觀景·零壓深睡）:HK$432']"
宜尚酒店（芒市廣場店）,9.7,"['智能高級大床房（180°全景落地窗|金塔景觀|智能客控）:HK$230', '智能豪華大床房（舒躺椅I支持手機投屏I冰箱I採光好）:HK$259', '智能大床房（智能客控|手機投屏|零壓床墊|智能馬桶）:HK$282', '智能高級雙床房（全智控I支持手機投屏I安靜I採光好）:HK$320', '智能豪華雙床房（全智控I手機投屏I落地窗I風景好）:HK$358']"
芒市喜林悦民宿（傣族古鎮店）,9.5,"['漫步▪度假豪華雙床房201（私人觀景大露台）:HK$360', '寧靜▪度假豪華雙床房202（私人觀景大露台）:HK$360', '閑適▪度假豪華雙床房203（觀景露台）:HK$360', '舒適▪度假豪華大床房101（私人花園）:HK$388']"
香江大酒店,9.4,"['民宿 貴賓樓大床房:HK$296', '民宿 貴賓樓雙床房:HK$296', '豪華大床房:HK$313', '豪華雙床房:HK$320']"
芒市柒柒小築民宿（傣族古鎮景區店）,9.8,"['樑·露台舒適大床房101（享受靜謐時光的園景露台+深睡大床+智能馬桶）:HK$251', '隴·超大露台特色榻榻米203（可坐搖搖椅觀星星月亮的超大露台+深睡大床+智能馬桶）:HK$262', '瑞·超大露台舒適大床房201（比房間還大的超大露台+深睡大床+智能馬桶）:HK$272', '盈·超大露台豪華雙床房202（可躺睡吹風放空的超大露台+深睡大床+智能馬桶）:HK$294']"
朵蘭達V酒店（芒市機場芒市大街店）,9.6,"['零壓智能語音大床房:HK$195', 'Scener靜謐大床房:HK$237', '零壓智能語音雙床房:HK$244', 'Scener靜謐雙床房:HK$258', 'Cool朵拉城景大床房:HK$278']"
浩楓溫德姆酒店（芒市大街芒市廣場店）,9.1,"['浩楓靜謐雙床房┃零壓床＋記憶枕＋mini冰箱＋全屋智控:HK$196', '浩楓商務雙床房┃乾濕分離＋記憶枕＋零壓床+冰箱＋智控:HK$215', '浩楓至尊雙床房┃乾濕分離+記憶枕＋鵝絨被芯+冰箱+智控:HK$233', '浩楓商務大床房┃浴缸+零壓床+記憶枕+冰箱+超大觀景窗:HK$233', '浩楓至尊大床房┃浴缸+記憶枕+鵝絨被+冰箱+超大觀景窗:HK$251']"
芒市雲漫山舍民宿（傣族古鎮景區店）,9.9,"['舒適大床房102（深睡大床+乾濕分離+智能馬桶）:HK$275', '陽光大床房101（露台+精緻大床+智能馬桶）:HK$290', '榻榻米201（觀景露台+品質睡床+智能馬桶）:HK$297', '露台雙床套房202（超大露台+浴缸+品質床品+智能馬桶）:HK$488']"
德宏瑞麗凱里亞德溫泉度假酒店,9.3,"['輕享智能雙床房丨零壓床·AI客控·高端床品·私享靜謐:HK$282', '輕享智能雙拼大床房丨高端床品·AI客控·零壓好眠:HK$282', '輕享智能大床房丨零壓床·助眠枕·AI客控·高端床品:HK$290', '榮享智能大床房丨靜謐空間·零壓特大床·AI客控:HK$312', '榮享智能雙床房丨零壓床·AI客控·明亮空間·私享靜謐:HK$356']"
嵐予•雲棲謐境丨泰式風情·休閑度假民宿·Villa（傣族古鎮店）,10.0,"['【澄和丨輕奢大床房】高端床品丨TOTO智能馬桶:HK$764', '【歸謐·LI觀景大床房】人體工學慕思床墊｜戴森吹風機:HK$783', '【竹禪丨輕奢大床房】高級床品丨TOTO智能馬桶:HK$810', '【歸來·靜謐DL大床房】｜全屋客控｜激光IMAX影廳:HK$867']"
籬笆宿（金塔店）,9.7,"['特價雙床房｜智能衞浴+品質床品+過道窗户:HK$252', '枕山｜塔景大床房（星級床墊+智能衞浴+優美景觀）:HK$379', '小築｜舒適雙床房（智能衞浴+星級床品）:HK$383', '山舍｜花園大床（獨立花園陽台+洗衣機+智能衞浴+星級床品）:HK$399']"
青果泊舍民宿（傣族古鎮店）,9.7,"['閨蜜 | 豪華雙床房=商務雙床房+獨立陽台+泡茶茶具+加熱飲水機+冷熱空調+冷熱吹風機+智能馬桶+一次性浴巾毛巾「露天陽台觀星看月」:HK$360', '餘歡 | 豪華大床房=商務大床房+獨立陽台+泡茶茶具+加熱飲水機+冷熱空調+冷熱吹風機+智能馬桶+一次性浴巾毛巾[ 獨立陽台+夜晚可觀星辰]:HK$375', '初心 | 豪華大床房=商務大床房+獨立花園+泡茶茶具+加熱飲水機+冷熱空調+冷熱吹風機+智能馬桶+一次性浴巾毛巾「獨立後花園+小茶室+閑聊吧」:HK$458', '情侶 | 豪華大床房=情侶大床房+觀影大床房+全景天窗+影院大屏+加熱飲水機+冷熱空調+智能馬桶+浴缸+一次性浴巾毛巾「玻璃房」:HK$464']"
辰希輕奢酒店（芒市機場芒市廣場店）,9.5,"['辰悦晨光大床房（智能家居+零壓床墊+電動窗簾+智能投屏電視）:HK$157', '辰希輕奢大床房（智能家居+乾濕三分離+零壓床墊+電動窗簾+智能投屏電視）:HK$171', '辰光商旅雙床房（智能家居+乾濕三分離+零壓床墊+電動窗簾+智能投屏電視）:HK$171', '辰嘉親子家庭房（智能家居+乾濕三分離+零壓床墊+電動窗簾+智能投屏電視）:HK$211']"
芒市悦庭民宿（傣族古鎮店）,9.8,"['自在·庭院大床房+獨享小院（101）夢百合零壓床墊+零壓記憶棉枕芯+恆潔輕智能馬桶:HK$281', '知足·精品大床房（203）夢百合零壓床墊+零壓記憶棉枕芯+恆潔輕智能馬桶:HK$282', '且慢·陽光大床房（202）夢百合零壓床墊+零壓記憶棉枕芯+恆潔輕智能馬桶:HK$309', '常樂·舒適雙床房（201）夢百合零壓床墊+零壓記憶棉枕芯+恆潔輕智能馬桶:HK$318']"
達柏酒店（芒市廣場店）,9.4,"['商旅.舒適雙床房:HK$255', '商旅.舒適大床房:HK$258', '商旅.悦享雙床房（功夫茶具）:HK$459', '商旅.悦享大床房（功夫茶具）:HK$471', '商旅.悦享大床套房（功夫茶具.浴缸）:HK$542']"
瑞麗玉景潭國際温泉酒店（彩雲城店）,9.5,"['怦然心動大床房（温泉水質淋浴+優質採光+休閑座椅）:HK$194', '怦然心動雙床房（温泉水質淋浴+優質採光+休閑座椅）:HK$206', '城市之滇大床房（温泉水質淋浴+優質採光+休閑座椅）:HK$217', '城市之滇雙床房（温泉水質淋浴+優質採光+休閑座椅）:HK$230']"
雅斯特酒店（芒市百思特美食城菩提街店）,9.5,"['高級大床房（屋頂花園+全屋智能+金塔夜景屋頂）:HK$176', '高級雙床房（屋頂花園+全屋智能+金塔夜景屋頂）:HK$191', '豪華大床房（屋頂花園+全屋智能+金塔夜景屋頂）:HK$206', '豪華雙床房（屋頂花園+全屋智能+金塔夜景屋頂）:HK$229']"
全季酒店（芒市廣場店）,9.7,"['高級雙床房（金可兒床墊|獨立小冰箱|65寸可投屏電視）:HK$383', '高級大床房（金可兒床墊|獨立小冰箱|65寸可投屏電視）:HK$383', '商務雙床房（金可兒床墊|獨立小冰箱|65寸可投屏電視）:HK$411', '商務大床房（金可兒床墊|獨立小冰箱|65寸可投屏電視）:HK$411']"
芒市乘象漫途民宿（傣族古鎮店）,9.8,"['喜遇&豪華大床房（202）#休閑躺椅+獨立露台+零壓床墊+品牌衞浴#:HK$302', '拾緣&觀景豪華大床房（201）#獨立觀景大露台+零壓床墊+品牌衞浴+休閑躺椅#:HK$325', '挽星&精緻雙床房（203）超大露台+零壓床墊+品牌衞浴:HK$348', '闌珊&家庭尊享雙床套房301（獨立客廳+休閑小陽台+觀景超大陽台+零壓床墊+品牌衞浴）:HK$557']"
泊納薈舍國際酒店（德宏芒市廣場機場店）,9.5,"['泊納·沐茗雅緻大床房【智能客控+零壓床墊+智能馬桶】:HK$185', '泊納·楠舍雅緻雙床房【智能客控+零壓床墊+智能馬桶】:HK$198', '泊納·梵途精選大床房【智能客控+零壓床墊+智能馬桶】:HK$217', '泊納·夏畔精選雙床房【智能客控+零壓床墊+智能馬桶】:HK$229']"
山有一舍民宿（芒市傣族古鎮店）,9.7,"['暮江吟202｜特色榻榻米房｜獨立陽台｜户外桌椅:HK$286', '桃源行101｜舒適大床房｜獨立花園｜户外桌椅｜空調房）:HK$304', '將進酒201｜精緻榻榻米床\u2006｜獨立陽台｜户外桌椅:HK$304', '秋浦歌203｜豪華雙床房｜觀景陽台｜户外桌椅｜空調房:HK$323']"
蘭歐酒店（芒市金塔水鄉機場店）,9.6,"['商旅豪華大床房（智能機器人）:HK$254', '商旅豪華雙床房（出遊專選）:HK$270', '景觀輕奢大床房（觀景金塔丨全屋智能丨零壓床品）:HK$347', '景觀輕奢雙床房（觀景金塔丨全屋智能丨零壓床品）:HK$371', '親子家庭雙床房（寶媽出遊）:HK$409']"
城市便捷酒店（德宏芒市廣場店）,9.6,"['標準大床房（智控房間｜記憶枕頭｜智能馬桶｜手機投屏）:HK$194', '商務大床房（智控房間｜記憶枕頭｜智能馬桶｜手機投屏）:HK$212', '商務雙床房（智控房間｜記憶枕頭｜智能馬桶｜手機投屏）:HK$222', '高級大床房（智控房間｜記憶枕頭｜智能馬桶｜手機投屏）:HK$232']"
芒市麗豪大酒店（芒市機場珠寶小鎮店）,9.3,"['雅樂大床房（創維手機投屏+定製乳膠棉床墊+電動窗簾）:HK$145', '雅樂雙床房（創維手機投屏+定製乳膠棉床墊+電動窗簾）:HK$152', '雅韻大床房（創維手機投屏+定製乳膠棉床墊+乾濕分離）:HK$154', '印象大床房（創維手機投屏+定製乳膠棉床墊+乾濕分離）:HK$168']"
芒市梵溪花園民宿（傣族古鎮店）,9.6,"['梵溪豪華大床房丨櫻花衞浴 丨櫻花智能馬桶丨記憶枕丨:HK$212', '梵溪觀景大床房丨櫻花衞浴 丨櫻花智能馬桶丨記憶枕丨:HK$221', '梵溪豪華雙床房丨櫻花衞浴 丨櫻花智能馬桶丨記憶枕丨:HK$249', '梵溪觀景大套房丨櫻花衞浴 丨櫻花智能馬桶丨記憶枕丨:HK$286']"
