酒店名称,评分,房型价格列表
恩施染柒·悠南民宿,9.9,"['雲杉·觀景大床房（飛利浦百寸投影+冰箱+零重力枕+鑽石床墊+JBL音響）:HK$503', '雲杉· 觀景陽台大床房（飛利浦百寸投影+冰箱+零重力枕+鑽石床墊+JBL音響）:HK$525', '遠山·觀景陽台雙床房（飛利浦百寸投影+冰箱+零重力枕+鑽石床墊+JBL音響）:HK$536', '銀杏·庭院雙床房（飛利浦百寸投影+冰箱+零重力枕+鑽石床墊+JBL音響）:HK$579', '雲杉·觀景陽台特大床房（飛利浦百寸投影+冰箱+零重力枕+鑽石床墊+JBL音響）:HK$601']"
恩施山止星空民宿（大峽谷景區店）,9.9,"['小滿·山景陽台雙床房（九牧衞浴+智能客控+智能馬桶+絲雨恆温花灑+零壓床墊+高清投影儀）:HK$550', '小雪·山景陽台大床房（智能客控+智能馬桶+絲雨恆温花灑+零壓床墊+小冰箱+高清投影儀）:HK$550', '白露·Loft山景陽台大床房（智能客控+智能馬桶+絲雨恆温花灑+零壓床墊+小冰箱+高清投影儀）:HK$592', '穀雨·山景陽台大床房（智能客控+智能馬桶+絲雨恆温花灑+零壓床墊+小冰箱+高清投影儀）:HK$630']"
白玉蘭酒店（恩施女兒城店）,9.7,"['輕雅大床房-小度智控:HK$491', '輕雅雙床房-小度智控:HK$491', '舒雅雙床房-小度智控:HK$523', '舒雅陽台大床房-小度智控+智能馬桶:HK$557']"
美豪酒店（恩施許家坪國際機場店）,9.5,['高級大床房（落地窗+休閑沙發+智能馬桶）:HK$326']
恩施拈山小隱湯泉酒店,9.7,"['山景雙床房:HK$511', '靜逸山景大床房:HK$511', '庭院家庭房:HK$604', '望舒觀景大床房:HK$853']"
恩施大峽谷竹外聽風民宿,9.8,"['山景舒適大床房:HK$330', '峽谷舒適大床房:HK$330', '峽谷雅緻雙床房:HK$367', '陽光雙床房:HK$494']"
恩施染柒藝術民宿,9.7,"['普通觀景房:HK$272', '觀景陽台雙床房:HK$312', '觀景陽台大床房:HK$316', '豪華觀景陽台雙床房:HK$329']"
QUEEN Mail瑰邁酒店（恩施土司城和潤城店）,9.3,"['G·態度大床房（專利無線充電+全屋智能家電）:HK$391', 'G·態度雙床房（全屋智能客控+LG 高速洗烘）:HK$391', 'M·江景大床房（璀璨夜景+全屋智能）:HK$424', 'M·江景雙床房（MINI冰箱茶台+全屋智能客控）:HK$424', 'G·270° 城景影院雙床房（沉浸式體驗+愛奇藝會員）:HK$457']"
伯克希爾國際酒店（恩施州文化中心店）,9.5,"['悦享.舒適大床房:HK$349', '悦享.舒適雙床房:HK$369', '臻選.雅緻大床房（高層+浴缸＋冰箱＋保險櫃）:HK$400', '臻選.雅緻雙床房（高層+全屋智能+冰箱＋保險櫃）:HK$421', '尊享.靜謐大床房（全視野景觀+冰箱+浴缸＋保險櫃）:HK$451']"
幸麗野語民宿（恩施大峽谷遊客中心店）,9.7,"['雲語觀景雙床房（全屋智能+庭院+全屋中央空調）:HK$497', '森語觀景親子房（全屋智能+庭院+乳膠床墊+全屋中央空調）:HK$540', '雲語觀景大床房（全屋智能+無敵山景+浴缸+乳膠床墊+全屋中央空調）:HK$601', '山語觀景大床房（全屋智能+無敵山景+浴缸+乳膠床墊+户外陽台+全屋中央空調）:HK$628']"
恩施希爾頓歡朋酒店,9.4,"['陽光大床房:HK$564', '陽光雙床房:HK$564', '舒適大床房:HK$730', '舒適雙床房:HK$730', '高級大床房:HK$774']"
天機洞穴温泉民宿,9.8,"['戌狗·浴缸温泉景觀大床房（落地窗+喜臨門床墊+浴袍）:HK$1,077', '申猴·浴缸温泉景觀大床房（落地窗+喜臨門床墊+浴袍）:HK$1,175', '寅虎·浴缸温泉景觀大床房（落地窗+喜臨門床墊+浴袍）:HK$1,175', '酉雞·浴缸温泉景觀大床房（落地窗+喜臨門床墊+浴袍）:HK$1,175']"
梵塵裏·民宿（大峽谷店）,9.7,['梵塵.語（絕壁觀景雙床套房）[全屋智能+智能馬桶+大眼橙150平巨幕投影+箭牌衞浴+中央空調暖氣]:HK$948']
慕尚國際酒店（恩施和潤城店）,9.4,"['甄選簡約大床:HK$371', '甄選簡約雙床:HK$404', '高空·景觀大床房（高樓層＋璀璨夜景＋雙感睡眠床墊）:HK$447', '高空·景觀雙床房（超高樓層＋璀璨夜景＋雙面睡感床墊）:HK$457', '高空·江景大床房（俯瞻清江＋超高樓層＋雙感睡眠床墊）:HK$468']"
恩施怡和國際大酒店,9.4,"['舒適雙床房:HK$450', '悦享·輕奢雙床房（智能客控）:HK$503', '臻享·雅緻雙床房（智能客控+迷你冰箱）:HK$536', '臻享·雅緻大床房（智能客控+迷你冰箱）:HK$548', '智享·榻榻米雙床房（智能客控+迷你冰箱）:HK$598']"
恩施七裏花澗民宿（女兒城店）,9.9,"['隱·觀景浴缸大床房（零重力枕＋專利床墊）:HK$632', '築·山景榻榻米標間（零重力枕＋專利床墊）:HK$654', '棲/舍·觀景泡池大床房（零重力枕＋專利床墊）:HK$698', '居·觀景榻榻米標間（零重力枕＋專利床墊）:HK$763', '野·女兒城全景陽台雙床房（零重力枕＋專利床墊）:HK$905']"
恩施大峽谷清山碧水度假酒店,9.5,"['依山賦·莘莘學子特惠雙床房:HK$385', '青山清·峽谷景雙床房（全屋凈水+乳膠床墊+洗衣烘乾）:HK$459', '登望遠·高級景觀雙床房:HK$510', '山風拂·高級景觀大床房:HK$562']"
X·Hotel（文化中心店）,9.6,"['臻選•舒適大床房:HK$350', '臻選•舒適雙床房:HK$382', 'Ins·簡約大床房【璀璨城景+小度智能語音】:HK$387', 'Ins·高級大床房【恬靜舒適+小度智能語音】:HK$410', 'Ins·簡約雙床房【繁華城景+恆温智能馬桶】:HK$421']"
恩施華美達安可酒店（土司城店）,9.4,"['臻選舒適大床房（小度智控+金可兒床墊）:HK$587', '臻選舒適雙床房（小度智控+金可兒床墊）:HK$587', '臻選高級雙床房（小度智控+超大沙發+金可兒床墊）:HK$598', '臻選高級大床房（小度智控+超大沙發+金可兒床墊）:HK$598', '臻選城景豪華大床房 （小度智控+超大沙發+金可兒床墊）:HK$703']"
恩施大峽谷雲隱·樂野民宿,9.6,"['樂野.大床房（浴缸+夢百合零壓床墊）:HK$205', '雲棲.觀景雙床房（峽谷觀景+乳膠床墊）:HK$216', '雲漫.觀景大床房（峽谷觀景+夢百合零壓床墊）:HK$221', '雲棲.雙床三人房（峽谷觀景＋夢百合零壓床墊）:HK$227']"
儷晨四季民宿 （恩施大峽谷店）,9.4,"['温馨大床房（乾濕分離+小米電視+落地窗）:HK$621', '温馨雙床房 （乾濕分離+小米電視+小客廳+落地窗）:HK$643', '峽谷景觀大床房（小客廳+75寸小米電視）:HK$665', '峽谷景觀雙床房（乾濕分離+75寸小米電視+落地窗）:HK$686']"
恩施棲隱輕奢美宿,9.7,"['精緻雙床房:HK$409', '輕奢雙床房:HK$445', '輕奢大床房:HK$461', '觀景大床房:HK$504']"
金馬國際酒店（恩施火車站店）,9.8,"['特惠大床房:HK$503', '特惠雙床房:HK$503', '商務大床房（語音客控+乳膠床墊）:HK$633', '豪華雙床房（語音客控+乳膠床墊）:HK$633', '行政大床房（語音客控+乳膠床墊）:HK$656']"
眾尚國際大酒店（恩施女兒城民大醫院店）,9.1,"['尚景商務大床房（語音智控+辦公桌椅+手機投屏）:HK$345', '尚景商務雙床房（語音智控+辦公桌椅+手機投屏）:HK$345', '尚影臻品大床房（語音智控+會員海量影片+雙面睡感床墊）:HK$358', '尚影臻品雙床房（語音智控+會員海量影片+雙面睡感床墊）:HK$358', '尚睿舒適雙床房（語音智控+靜心舒眠+浴缸+小冰箱）:HK$391']"
恩施奧山雅閣酒店,9.4,"['高級雙床房:HK$592', '高級大床房:HK$592', '行政雙床房:HK$644', '行政大床房:HK$644', '弗諾氧深睡大床房（音樂助眠）:HK$644', '親子房:HK$720']"
萬華國際酒店（恩施文化廣場機場店）,9.6,"['智能·輕奢尊享大床房（超大沙發+超高空間+深睡零壓枕+金可兒床墊）:HK$731', '智能·輕奢尊享雙床房（全景落地窗+超高空間+深睡零壓枕+金可兒床墊）:HK$731', '臻選·城景高級雙床房（智能客控+超高空間+深睡零壓枕+金可兒護脊床墊）:HK$764', '臻選·城景高級大床房（智能客控+超高空間+深睡零壓枕+金可兒護脊床墊）:HK$764', '地標高空豪華大床房（小冰箱+零壓枕+金可兒護脊床墊）:HK$808', '地標高空豪華雙床房（小冰箱+零壓枕+金可兒護脊床墊）:HK$808']"
恩施玖酒民宿（大峽谷遊客中心店）,9.8,"['春風【全屋智能+180°至美落日景觀】:HK$480', '秋月【全屋智能+遠眺山景+無障礙大衞生間】:HK$645', '夏蟬【全屋智能+180°落日景觀+65寸可投屏電視】:HK$697', '青山【全屋智能+美德利床墊+辦公桌】:HK$785']"
恩施大峽谷女兒寨度假酒店,8.8,"['高級雙床房:HK$594', '高級大床房:HK$594', '觀景陽台雙床房（觀大峽谷全貌）:HK$637', '觀景陽台大床房（觀大峽谷全貌）:HK$637', '雅緻大床房:HK$637']"
怡程酒店（恩施文化中心店）,9.4,"['怡眠.標準大床房-空氣凈化器+智能客控:HK$347', '怡眠.標準雙床房-空氣凈化器+智能客控:HK$362', '怡享.舒適大床房-智能客控+智能馬桶:HK$369', '豪華智能大床房-智能客控+舒適床品:HK$391', '怡享.舒適雙床房-智能客控+智能馬桶:HK$391']"
武陵國際酒店（恩施文化廣場機場店）,9.6,"['悦享-舒適大床房（全屋聲控-深睡乳膠床墊-手機投屏）:HK$413', '智選•典雅大床房（全屋聲控+深睡乳膠床墊+無線投屏）:HK$435', '悦享-舒適雙床房 （全屋聲控+深睡乳膠墊+全景落地窗）:HK$435', '智選•城景雙床房（全屋聲控+深睡乳膠床墊+手機投屏）:HK$478', '臻選•豪華大床房（全屋聲控+深睡乳膠床墊+無敵視野）:HK$478']"
桔子酒店（恩施女兒城店）,9.6,"['高級大床房:HK$355', '高級雙床房:HK$448', '觀景大床房:HK$448', '豪華大床房:HK$496']"
大隱泊森酒店,9.5,"['森然輕奢大床房（智能客控+金可兒床墊）:HK$372', '森然輕奢雙床房（小度智能+金可兒床墊）:HK$372', '山隱藝術房（智能客控+金可兒床墊）:HK$460', '林隱江月大床房（智能客控+金可兒床墊）:HK$460', '林隱江月雙床房（智能客控+金可兒床墊）:HK$460']"
熙畔酒店（恩施火車站機場店）,9.2,"['豪華標間（金可兒床墊+智能馬桶+冰箱）:HK$369', '高級大床房（智能馬桶+冰箱）:HK$369', '豪華單間（智能馬桶+冰箱）:HK$380', '豪華親子房（金可兒床墊+智能馬桶+冰箱）:HK$446', '豪華三人間（金可兒床墊+智能馬桶+冰箱）:HK$511']"
你好酒店（恩施舞陽壩店）,9.5,"['大床房:HK$233', '高級大床房:HK$252', '高級雙床房:HK$271', '商務大床房:HK$280']"
隱山雲宿（恩施大峽谷遊客中心店）,9.6,"['等風-舒適大床房（乳膠床墊+亞朵記憶枕）:HK$275', '攬月-榻榻米雙床房（乳膠床墊+亞朵記憶枕）:HK$282', '觀瀾-山景大床房（乳膠床墊+亞朵記憶枕）:HK$289', '雲染-山景雙床房（乳膠床墊+亞朵記憶枕）:HK$296']"
兩三點雨民宿（恩施大峽谷店）,10.0,"['疏星稀雨大床房·舒享大浴缸·智能家居·100寸VIP私享投影·智能馬桶·休閑茶座:HK$396', '鵲驚蟬鳴大床房·舒享大浴缸·智能家居·100寸VIP私享投影·智能馬桶:HK$442', '明月清風大床房·休閑陽台茶座觀山景·舒享大浴缸·智能家居·100寸VIP私享投影·智能馬桶:HK$485', '稻花飄香大床房·智能家居·100寸VIP私享投影·舒享大浴缸·智能馬桶:HK$533']"
恩施大峽谷歡悦山居假日酒店,9.6,"['超大景觀大床房（中央空調+科勒潔具）:HK$720', '超大景觀雙床房（中央空調+科勒潔具）:HK$739', '浪漫景觀大床房（中央空調+科勒潔具+深泡浴缸）:HK$833', '超大景觀套房（中央空調+科勒潔具+深泡浴缸）:HK$870', '至尊景觀雙床房（中央空調+科勒潔具+深泡浴缸）:HK$907']"
欣之堡·遠山民宿（恩施大峽谷遊客中心店）,9.9,"['暮景·景觀雙人房:HK$803', '丹峯·庭院私湯家庭房:HK$1,113', '天外·泡池大床房:HK$1,178', '遠山·景觀親子房:HK$1,178', '翠雲·270°絕壁景觀家庭房:HK$1,263']"
M酒店（恩施舞陽壩店）,9.4,"['M特惠大床房:HK$246', 'M悦享大床房:HK$320', 'M悦享雙床房:HK$320', 'M輕奢大床房:HK$362']"
住景國際酒店（恩施火車站機場店）,9.5,"['商務大床房（智能客控+乾濕分離）:HK$321', '商務雙床房（智能客控+乾濕分離）:HK$331', '豪華大床房（智能客控+智能馬桶+乾濕分離）:HK$353', '豪華雙床房（智能客控+智能馬桶+乾濕分離）:HK$364', '棋牌大床房（智能客控+棋牌設施+智能馬桶+乾濕分離）:HK$385']"
山頂雲端民宿（ 恩施大峽谷店）,9.7,"['漫山·特惠大床房【慕思床墊+全屋智能客控+LED化粧鏡+智能馬桶】:HK$273', '山隱·180°沉浸觀山大床房【慕思床墊+私享觀景浴缸+全屋智能客控+奧克斯太空艙按摩椅+LED化粧鏡+智能馬桶】:HK$294', '雲裏·特惠雙床房【慕思床墊+全屋智能客控+智能馬桶】:HK$294', '悠谷·品茗景觀家庭房【慕思床墊+全屋智能客控+觀景落地窗+品茗茶台+奧克斯太空艙按摩椅+LED化粧鏡+智能馬桶】:HK$305']"
土家女兒城女兒樓客棧,9.3,"['惠選大床房:HK$277', '精選雙床房:HK$277', '商務標準間:HK$342', '商務單人間:HK$370']"
川見·隱山民宿（恩施雲龍地縫鹿院坪店）,10.0,"['望川•山景雙床房:HK$556', '林棲•庭院山景大床房:HK$687', '歸林•庭院山景大床房:HK$687', '雲染•270°蒼茫山景陽台雙床房:HK$687']"
北山·Family輕奢泳池度假山景美宿（恩施楊家灣店）,9.6,"['戀風記·攬城標準間（180°觀景+高清影視+智能家居）:HK$1,022', '山野間·天幕大床房（180°觀景+高清影視+輕奢浴缸）:HK$1,118', '樂畔裏·天際大床房（180°觀景+高清影視+智能家居）:HK$1,148', '聽風驛·觀影大床房（高清投影+觀影沙發）:HK$1,220']"
十二墅·望山（恩施大峽谷店）,9.5,"['赤·十二墅雲端私湯房（智能衞浴·私享泡池）:HK$751', '赤·望山180°智控花園大床房C（絕壁攬山|中央空調）:HK$751', '赤·全景絕壁花園浴缸大床房B（180°山景·智控恆温）:HK$751', '嫿·絕壁山景180°全景浴缸大床房A（智控·中央空調）:HK$858']"
恩施華龍村大酒店,9.3,"['（特惠）異國風情大床房:HK$338', '特惠雙床房:HK$347', '高級園林雙人房:HK$379', '豪華園林大床房:HK$379', '豪華園林雙人房:HK$392']"
馬鞍山居精緻民宿（恩施土家女兒城店）,9.6,"['巨幕大床房:HK$499', '榻榻米大床房:HK$499', '山居雙床房:HK$513', '豪華雙床房:HK$577']"
恩施木子小宿民宿（大峽谷店）,9.7,"['雲隱·拾光·《大床》:HK$193', '雲隱·山舍:HK$193', '雲隱·山野間:HK$193', '雲隱·陌野·《大床》:HK$202']"
全季酒店（恩施許家坪機場華龍城店）,9.2,"['大床房:HK$374', '高級大床房:HK$402', '商務大床房:HK$430', '高級雙床房:HK$430']"
恩施攬境民宿（大峽谷店）,9.8,"['悠風·隨行·舒適陽台標間【獨立陽台+乳膠床墊+全景落地窗+休閑桌椅】:HK$426', '悠風·隨行·舒適陽台大床房【獨立陽台+休閑桌椅+乳膠床墊+全景落地窗】:HK$440', '悦景·毓秀·觀景陽台標間【獨立山景陽台+休閑茶椅+乳膠床墊+全景落地窗】:HK$650', '逸心·合歡·舒適陽台親子房【獨立陽台+休閑桌椅+乳膠床墊+全景落地窗】:HK$669']"
