酒店名称,评分,房型价格列表
全季酒店（揭陽潮汕國際機場店）,9.8,"['大床房:HK$352', '高級大床房:HK$370', '商務大床房:HK$410', '商務雙床房:HK$468']"
麗楓酒店（揭陽榕城區建設大道店）,9.5,"['雅緻大床房（智能客控+慕斯床墊+電視投屏）:HK$213', '豪華大床房（智能客控+慕斯床墊+電視投屏）:HK$230', '商務大床房（智能客控+慕斯床墊+電視投屏）:HK$239', '商務雙床房（智能客控+慕斯床墊+電視投屏）:HK$247']"
揭陽榕城揭陽樓亞朵酒店,9.6,"['雅緻大床房:HK$385', '高級大床房:HK$412', '行政大床房:HK$475', '行政雙床房:HK$502', '幾木江景大床房:HK$511']"
凱里亞德酒店（揭東人民廣場店）,9.4,"['樂享陽光大床房:HK$271', '優享智能大床房:HK$289', '榮享智能大床房:HK$306', '優享智能雙床房:HK$306']"
桔子酒店（揭陽古城進賢門店）,9.5,"['高級大床房:HK$337', '豪華大床房:HK$355', '豪華雙床房:HK$365', '雙床套房:HK$402']"
錦江之星酒店（揭東人民廣場店）,10.0,"['星悦標準大床房:HK$166', '星悦豪華大床房:HK$190', '星選標準雙床房:HK$190', '星選豪華雙床房:HK$206']"
麗楓酒店（揭陽榕城店）,9.5,"['雅緻大床房:HK$347', '豪華大床房:HK$382', '豪華雙床房:HK$416', '純凈雙床房:HK$450', '商務大床房:HK$459']"
維也納酒店（揭陽潮汕客運大樓店）,9.6,"['高級大床房:HK$248', '高級雙床房:HK$248', '豪華大床房:HK$272', '豪華雙床房:HK$289']"
麗楓酒店（揭陽喬南陽美玉都店）,9.6,"['豪華大床房:HK$285', '景觀大床房:HK$293', '豪華雙床房:HK$301', '花園景觀大床:HK$308']"
麗楓酒店（揭陽榕城揭陽樓店）,9.5,"['雅緻大床房:HK$271', '標準大床房:HK$288', '豪華大床房:HK$354', '豪華雙床房:HK$371']"
凱里亞德酒店（揭陽榕城店）,9.6,"['輕享大床房:HK$257', '優享大床房:HK$281', '優享雙床房:HK$298', '榮享景觀套房:HK$381']"
揭陽高鐵站希爾頓歡朋酒店,9.5,"['舒適大床房:HK$353', '高級雙床房:HK$374', '高級大床房:HK$374', '豪華雙床房:HK$411', '豪華大床房:HK$411']"
嘉虹酒店（揭陽潮汕國際機場店）,9.3,"['高級大床房:HK$422', '高級雙床房:HK$422', '商務艙大床房:HK$442', '商務艙雙床房:HK$442']"
全季酒店（揭陽建陽路店）,9.6,"['高級大床房:HK$359', '商務大床房:HK$378', '豪華大床房:HK$397', '商務雙床房:HK$453', '家庭房:HK$501']"
麗楓酒店（揭陽潮汕機場店）,9.4,"['豪華大床房:HK$238', '商務大床房:HK$245', '豪華雙床房:HK$252', '商務雙床房:HK$266']"
全季酒店（揭陽大道店）,9.6,"['高級大床房:HK$362', '商務大床房:HK$391', '高級雙床房:HK$442', '商務雙床房:HK$462', '套房:HK$623']"
桔子酒店（揭陽大道店）,9.5,"['高級大床房:HK$359', '商務大床房:HK$387', '豪華大床房:HK$416', '高級雙床房:HK$444']"
鉑頓國際公寓（揭陽喬南玉都店）,9.3,"['城景大床房（俯瞰城景+全棉床品+功夫茶具）:HK$212', '城景雙床房（高空城景+全棉床品+功夫茶具）:HK$220', '豪華雙床房（俯瞰景觀+乾濕分離+功夫茶具）:HK$252', '零壓大床房（夢百合床墊+深睡枕頭+功夫茶具）:HK$253']"
麗楓酒店（揭陽榕城淡浦店）,9.7,"['雅緻大床房:HK$255', '豪華大床房:HK$297', '豪華雙床房:HK$297', '商務大床房:HK$322']"
維也納國際酒店（揭陽陽美玉都店）,9.6,"['高級雙床房:HK$244', '高級大床房:HK$254', '豪華雙床房:HK$276', '豪華大床房:HK$286']"
維也納酒店（揭陽榕城萬達廣場店）,9.4,"['豪華大床房-安心休憩+舒適深眠:HK$157', '豪華雙床房-安心四件套+全棉布草:HK$157', '商務雙床房-超大會客面積+商務辦公:HK$173', '商務大床房-安靜睡眠+酒店公區提供洗衣機:HK$173']"
悦季酒店（揭陽陽美玉都店）,9.5,"['悦品大床房:HK$242', '悦品雙床房:HK$298', '悦致大床房:HK$344', '悦致雙床房:HK$361']"
維也納國際酒店（揭陽人民大道店）,9.5,"['高級大床房:HK$254', '豪華雙床房:HK$261', '豪華大床房:HK$278', '豪華套房:HK$291']"
天鵬酒店（揭陽潮汕機場店）,8.8,"['標準雙床房:HK$225', '標準大床房:HK$225', '豪華大床房（新）:HK$288', '豪華雙床房（新）:HK$288']"
希岸酒店（揭陽揭東霖磐店）,9.2,"['惠享·小而美雅緻房（智能客控+藍牙音箱）:HK$238', '樂享·玲瓏大床房（慕斯床墊+智能投屏）:HK$262', '樂享·玲瓏雙床房（慕斯床墊+智能投屏）:HK$286', '尊享·江南大床房（匠心藝景+功夫茶具+小冰箱）:HK$294']"
揭陽萬豪酒店,9.3,"['豪華城景大床房:HK$688', '豪華城景雙床房:HK$688', '豪華江景大床房:HK$816', '豪華江景雙床房:HK$816', '行政大床房:HK$1,020', '行政雙床房:HK$1,020']"
揭陽榕江大酒店,9.2,"['裙樓高級大床房:HK$387', '裙樓豪華雙床房:HK$417', '裙樓豪華大床房:HK$417', '主樓高級大床房:HK$453', '主樓高級雙床房:HK$453', '主樓豪華雙床房:HK$483']"
揭陽維多麗亞假日商務酒店（廣百廣場實驗中學店）,9.3,"['精緻雙床房（別苑+舒適安靜+乳膠床墊）:HK$213', '精緻大床房（別苑+舒適安靜+乳膠床墊）:HK$213', '智能聲控麗亞雙床房（智能小度+智能投屏+冷暖空調+乳膠床墊）:HK$228', '智能聲控麗亞大床房（智能小度+智能投屏+語音控制+乳膠床墊）:HK$228']"
揭陽迎賓館,9.6,"['高級雙床房:HK$474', '高級大床房:HK$474', '商務雙床房:HK$504', '商務大床房:HK$504', '潮汕主題房:HK$562', '小童主題房:HK$629']"
揭陽得州花園酒店,8.7,"['智能雅緻大床房:HK$359', '智能豪華大床房:HK$390', '智能輕奢浴缸大床房:HK$401', '智能輕奢浴缸雙床房:HK$421', '智能影音豪華大床房:HK$421']"
揭陽巢滙酒店（仁義路店）,9.3,"['巢享智能大床房（陽光落地窗+酣然安睡+智能客控）:HK$223', '巢享智能雙床房（智能聲控+舒適怡人+明亮寬敞）:HK$230', '巢享投影智能大床房（大屏可投屏+靜音舒眠深睡床墊）:HK$230', '巢享投影智能雙床房（百寸大屏+影視資源+全屋智能）:HK$235']"
東湖大酒店（揭陽榕城區東湖公園店）,8.9,"['豪華雙床房:HK$381', '豪華大床房:HK$381', '湖景大床房:HK$450', '湖景雙床房:HK$450', 'C棟致尊大床房:HK$461']"
維也納酒店（揭陽榕江新城店）,9.4,"['豪華大床房:HK$199', '景觀大床房:HK$204', '標準雙床房:HK$208', '江景大床房:HK$221']"
希亞途國際酒店（揭陽高鐵站店）,9.0,"['雅緻智能大床房:HK$144', '雅美智能大床房:HK$153', '雅美智能雙床房:HK$174', '雅韻商務大床房:HK$195']"
維也納國際酒店（揭陽潮汕機場店）,9.6,"['高級大床房:HK$214', '豪華大床房:HK$231', '豪華雙床房:HK$231', '商務套房:HK$342']"
商之都酒店（揭陽陽美玉都店）,9.3,"['尊享大床房:HK$221', '尊享雙床房:HK$227', '豪華大床房:HK$245', '現代尊雅大床房:HK$246']"
楓江優選酒店（揭陽人民大道店）,9.4,"['智慧優選丨輕享大床房:HK$167', '智慧優選I 雙床房:HK$174', '智慧優選丨高級大床房[獨立滾筒洗衣機|城市街景+舒適明亮]:HK$182', '智慧優選I 榻榻米房:HK$190']"
維也納酒店（揭陽淡浦路店）,9.3,"['標準單人房（無窗）:HK$243', '高級雙床房:HK$251', '豪華大床房:HK$269', '豪華雙床房:HK$269']"
維也納國際酒店（揭陽高鐵站店）,9.6,"['高級大床房:HK$234', '高級雙床房:HK$251', '豪華大床房:HK$260', '豪華雙床房:HK$269']"
潮·如一酒店（揭陽天虹購物中心店）,9.3,"['落日丨影視大床房[超清巨幕+智能馬桶+乾濕分離]:HK$141', '清風丨榻榻大床房[超清巨幕+智能馬桶+觀景視野]:HK$151', '如一丨臻選雙床房[超清巨幕+智能馬桶+採光明亮]:HK$161', '沐光丨智能大床房[智能客控+智能馬桶+巨幕觀影]:HK$181']"
鴻悦酒店（揭陽新亨店）,9.0,"['高級大床房:HK$264', '豪華大床房:HK$290', '高級雙床房:HK$291', '豪華雙床房:HK$311']"
非繁城品酒店（揭陽高鐵站馬牙北路店）,9.6,"['温馨大床房·智能客控+夢百合床墊+電視投屏:HK$214', '雅緻大床房·智能客控+夢百合床墊+電視投屏:HK$230', '雅緻雙床房·智能客控+夢百合床墊+電視投屏:HK$246', '非繁高級大床房·智能客控+夢百合床墊+電視投屏:HK$254']"
遇見拾光酒店,9.0,"['拾光丨遇見大床房【零壓床墊+100寸巨幕高清投影】:HK$158', '遇見I温馨大床房【零壓床墊+精緻睡眠+4K巨幕投影】:HK$158', '遇見I温馨雙床房【零壓床墊+安靜睡眠+4K巨幕投影】:HK$172', '遇見|幽靜大床房【全屋智能控制+乳膠床墊頭枕】:HK$180']"
鉑宸麗致酒店（揭陽潮汕機場店）,9.5,"['商務出差大床房:HK$180', '靜享智能精選影院大床房:HK$188', '雲端智能景觀大床房:HK$196', '巨幕休閑影院大床房:HK$212']"
希際滙酒店（揭陽潮汕機場店）,9.2,"['高級大床房:HK$164', '智滙大床房:HK$175', '智能大床房:HK$186', '智滙雙床房:HK$191']"
亦可棲宿酒店（揭陽進賢門大道中駿世界城店）,9.5,"['悦享大床房（投影儀+手機投屏+乾濕分離）:HK$142', '悦享豪華大床房（投影儀+手機投屏+酒店公區提供洗衣機）:HK$167', '璀璨星空大床房（投影儀+手機投屏+酒店公區提供洗衣機）:HK$171', '浪漫榻榻米投影房（投影儀+手機投屏+酒店公區提供洗衣機）:HK$173']"
軒輊國際酒店（揭陽潮汕機場店）,9.0,"['特惠精品大床房:HK$125', '臻品高級大床房:HK$141', '智享雅緻豪華大床房:HK$152', '臻品高級雙床房:HK$163']"
維也納國際酒店（揭陽樓店）,8.7,"['標準大床房:HK$204', '豪華大床房:HK$240', '豪華雙床房:HK$240', '商務大床房:HK$264']"
溢凌酒店（揭陽潮汕機場店）,9.8,"['靜韻·精選特惠大床房:HK$112', '靜逸·優選投影大床房:HK$123', '靜沐·尊選投影大床房:HK$129', '靜謐·優選雙床房:HK$153']"
宜居·美致HOTEL（揭陽萬達廣場店）,9.3,"['清新大床房:HK$137', '優選影音房（影視VIP+1080P投影+自動窗簾）:HK$149', '靜舍榻榻米房:HK$171', '商務雙床房:HK$183']"
