酒店名称,评分,房型价格列表
撫順富力萬達嘉華酒店,9.4,"['荷里活雙床房（大空間+大浴缸+特大床）:HK$497', '豪華雙床房（大空間+大浴缸+特大床）:HK$529', '豪華大床房（大空間+大浴缸+特大床）:HK$529', '豪華河景大床房（大空間+大浴缸+特大床）:HK$585', '豪華河景雙床房（大空間+大浴缸+特大床）:HK$585', '行政豪華大床房（大空間+大浴缸+特大床）:HK$866']"
全季酒店（撫順北站新華大街店）,9.7,"['大床房（智能語音+手機投屏+小冰箱）:HK$351', '高級雙床房（智能語音+手機投屏+小冰箱）:HK$351', '高級大床房（智能語音+手機投屏+小冰箱）:HK$390', '商務大床房（智能語音+手機投屏+小冰箱）:HK$400']"
如家精選酒店（撫順北站順城萬達廣場店）,9.6,"['商務大床房A:HK$234', '雙床房:HK$268', '家庭房:HK$268', '商務大床房:HK$277']"
撫順天寶大廈,9.0,"['純享大床房:HK$232', '純享雙床房:HK$232', '商務雙床房:HK$288', '商務大床房:HK$288', '零壓大床房:HK$288']"
如家精選酒店（撫順石化大學店）,9.6,"['大床房（手機投屏+智能馬桶）:HK$311', '商務大床房（手機投屏+智能馬桶）:HK$341', '雙床房（手機投屏+智能馬桶）:HK$341', '高級大床房（手機投屏+智能馬桶）:HK$393']"
撫順南海綠洲大酒店,9.6,"['豪華大床房:HK$379', '豪華雙床房:HK$425', '豪華家庭房:HK$490', '商務大床房:HK$555']"
雲朵酒店（順城萬達廣場店）,9.4,"['奢縵甄選雙床房:HK$211', '光影巨幕影音房:HK$228', '奢縵甄選大床房:HK$234', '碧泉餘歡影音房:HK$254']"
漢庭酒店（撫順萬達廣場店）,9.5,"['大床房:HK$229', '高級大床房:HK$249', '雙床房:HK$267']"
漢庭酒店（撫順石化大學店）,9.5,"['大床房:HK$246', '高級大床房:HK$284', '雙床房:HK$284', '商務大床房:HK$312']"
輕住·愛舍精選酒店（撫順恆大廣場萬達店）,9.4,"['Phaotom光影灰色空間:HK$184', 'Klein Blue 克萊因藍（巨幕投影）:HK$212', 'Bauhaus黑白包豪斯風（巨幕投影）:HK$212', '輕奢投影雙床房（巨幕投影）:HK$249']"
如家睿柏·雲酒店（撫順北站店）,9.5,"['大床房:HK$167', '高級大床房:HK$178', '高級雙床房:HK$178', '特惠雙床房:HK$181']"
漢庭酒店（撫順天湖橋店）,9.5,"['高級大床房（手機投屏+休閑沙發）:HK$293', '商務大床房（手機投屏+休閑沙發）:HK$331', '高級雙床房（手機投屏+休閑沙發）:HK$370', '套房（會客廳+休閑沙發）:HK$370']"
漢庭酒店（撫順北站店）,9.5,"['高級大床房:HK$198', '雙床房:HK$217', '商務大床房:HK$217', '家庭房:HK$236']"
撫順華水賓館,9.2,"['大床房:HK$350', '標準中式雙床房:HK$374', '三人間:HK$511']"
漢庭優佳酒店（撫順中央大街店）,9.5,"['特價房:HK$231', '高級大床房:HK$251', '雙床房:HK$251', '商務大床房:HK$271']"
如家酒店（撫順望花雷鋒紀念館店）,9.3,"['雙床房（手機投屏）:HK$207', '商務大床房（手機投屏）:HK$207', '家庭房（手機投屏）:HK$216', '特色大床房（手機投屏）:HK$216']"
如家酒店·neo（撫順將軍橋萬達廣場店）,9.0,"['商務大床房:HK$196', '雙床房:HK$213', '全新大床房:HK$222', '安心睡大床房:HK$230']"
速8精選酒店（撫順北站十二中學店）,9.2,"['標準大床房:HK$210', '標準雙床房:HK$232', '高級大床房:HK$232', '家庭房:HK$254']"
蜉蝣山舍·VILLA度假民宿,9.2,"['8號院·兩室兩廳獨立水景房（地熱+麻將機+投影+KTV+燒烤火鍋）:HK$1,517', '7號院·二室二廳獨立湖景房（地熱+麻將機+投影+KTV+燒烤火鍋）:HK$1,735', '9號院·三室兩廳獨立山景房（地熱+麻將機+投影+KTV+燒烤火鍋）:HK$1,845', '6號院·五室三廳獨立湖景房（地熱+麻將機+投影+KTV+燒烤火鍋）:HK$3,374']"
愛你時尚酒店（順城萬達店）,9.5,"['特惠大床房:HK$110', '豪華主題房:HK$119', '愛你電影主題房:HK$147', '麻將房:HK$147']"
撫順樂嘉公寓,9.4,"['歐式大床房:HK$117', '精品大床房:HK$147', '影音大床房:HK$165', '舒適家庭房:HK$202']"
如家派柏·雲酒店（撫順北站永安橋店）,8.6,"['舒適大床房（無窗）:HK$144', '零壓大床房:HK$160', '商務大床房:HK$163', '標準雙人房:HK$163']"
撫順尚恪主題公寓,9.7,"['現代大床房:HK$107', '尊享大床房:HK$113', '悦享大床房-B:HK$118', '優享大床房:HK$118']"
Sandbox沙盒電競民宿,9.7,"['電競[華碩4060ti]+街機搖桿遊戲機+極米百寸投影+冰箱:HK$174', '電競K唱歌[華碩4060ti]+按摩椅+星糖miniKTV+[洗衣機+冰箱]:HK$174', 'Loft[華碩4060ti]+PS4Pro+按摩椅+極米百寸投影:HK$185', 'Loft雙屏電競房[華碩4060ti]+PS4pro+按摩椅+百寸投影:HK$185']"
撫順盛昌賓館,9.5,['三人間:HK$129']
撫順美郎商務賓館,9.0,"['韓式榻榻米:HK$120', '商務大床房:HK$246', '商務雙床房:HK$278', '豪華圓床房:HK$306']"
撫順愛爾温馨賓館,8.9,"['經典榻榻米間（無窗）:HK$85', '舒適標準間:HK$118', '温馨大床房:HK$140', '韓式榻榻米間:HK$140']"
藝龍瑞雲酒店（撫順店）,9.9,"['智享特惠大床房:HK$184', '雅享大床房:HK$304', '雅享雙床房:HK$304', '樂享親子房:HK$380']"
撫順戀之家賓館,8.4,"['標準房:HK$147', '大床房:HK$156', '三人房:HK$165', '親子房:HK$193']"
撫順泰河賓館,8.0,"['特價房:HK$85', '大床房:HK$140', '三人間:HK$173', '標準四人間:HK$205']"
撫順生輝公寓,8.6,"['迷你房:HK$73', '青旅大床房（公共衞浴）:HK$73', '標準大床房:HK$75', '大床房（公共衞浴）:HK$92']"
撫順眾信賓館,8.8,"['特惠房:HK$85', '標準大床房B（無窗）:HK$97', '標準雙床房B（無窗）:HK$97', '標準雙床房A:HK$129']"
撫順緣祥賓館,8.7,"['特惠大床房（無窗）:HK$55', '大床房:HK$74', '家庭三人房:HK$85', '陽光三人間:HK$118']"
撫順新賓和睦賓館（和睦國家森林公園店）,8.9,"['舒適雙床房:HK$312', '舒適大床房:HK$320', '舒享茶藝大床房:HK$343', '小黃鴨主題親子房:HK$410', '熊貓主題親子房:HK$410']"
漢庭酒店（撫順清原火車站白雲街店）,9.4,"['雙床房（手機投屏）:HK$321', '高級大床房（手機投屏）:HK$340', '高級雙床房（手機投屏）:HK$350', '家庭房（手機投屏）:HK$387']"
新賓嘉隆精品酒店,9.1,"['標準間（美國舒達床墊）:HK$271', '河景大床房（美國舒達床墊）:HK$271', '標準大床房（美國舒達床墊）:HK$271', '家庭商務房（美國舒達床墊）:HK$293']"
清原樂天滙酒店,9.9,"['商務大床房:HK$196', '高級雙床房:HK$240', '温馨榻榻米套房:HK$281', '豪華大套房:HK$390']"
新賓百合賓館,9.0,"['大床房:HK$184', '標準雙床房:HK$184', '麻將標準間:HK$238', '家庭房:HK$323']"
新賓隆昇商務賓館,8.5,"['標準間:HK$173', '大床房:HK$195', '精品大床房:HK$195', '精品標間:HK$205']"
清原假日商務賓館,8.8,"['舒適大床房:HK$184', '特惠標準間:HK$184', '歐式大床房:HK$260', '舒適商務標準間:HK$293']"
火石溝休閑農莊,9.8,"['棋牌房:HK$156', '標準雙床房:HK$165', '家庭房:HK$249', '特色火炕房:HK$295']"
興隆源賓館,9.8,"['大床房:HK$120', '標準間:HK$129', '麻將房:HK$184', '豪華Vip大床房:HK$257']"
新賓卉海賓館,8.7,"['普通房（無窗）:HK$110', '標準間:HK$175', '大標準間:HK$175', '三人間:HK$370']"
清原祥雲賓館,9.3,"['大床房:HK$82', '標準房:HK$82', '三人間:HK$108']"
清原祥和賓館,9.7,"['標準單人房:HK$72', '標準雙床房:HK$91', '標準大床房:HK$100', '標準三人間:HK$119']"
新賓春天滿鄉酒店,6.5,"['特價標準雙床房:HK$151', '特價大床房:HK$184', '標準雙床房:HK$205', '大床間:HK$216']"
撫順熱高温泉酒店,7.6,[]
