酒店名称,评分,房型价格列表
如家睿柏·雲酒店（攀枝花高鐵南站店）,9.6,"['智能高級雙床房:HK$127', '智能高級大床房:HK$138', '尊享智能雙床房:HK$144', '智能尊享家庭房:HK$150']"
格林奢享酒店（攀枝花學院萬達廣場店）,9.4,"['舒適大床房:HK$290', '高級大床房:HK$316', '高級雙床房:HK$335', '豪華大床房:HK$354', '豪華雙床房:HK$373']"
攀枝花希悦酒店（西區人民政府店）,9.2,"['悦享雙床房:HK$259', '悦享大床房:HK$259', '尊享雙床房:HK$268', '尊享大床房:HK$279']"
維艾斯國際酒店（攀枝花學院萬達廣場店）,9.6,"['悦享|高級大床房[智能客控]:HK$269', '悦享|高級雙床房[智能客控]:HK$290', '靜謐|雲景大床套房[智能客控]:HK$334', '靜謐|雲景雙床房[智能客控]:HK$355', '臻品|商務大床套房[智能客控]:HK$377']"
攀枝花上恆麗呈酒店（王府井購物中心店）,9.5,"['城景豪華大床房（全景落地窗+智能客控+65寸電視可投屏+乳膠床墊）:HK$473', '城景豪華雙床房（全景落地窗+智能客控+65寸電視可投屏+乳膠床墊）:HK$473', '山景豪華大床房（全景落地窗+智能客控+65寸電視可投屏+乳膠床墊）:HK$511', '山景豪華雙床房（全景落地窗+智能客控+65寸電視可投屏+乳膠床墊）:HK$511', '豪華套房（全景落地窗+智能客控+65寸電視可投屏+乳膠床墊+浴缸）:HK$708']"
時光裏酒店（攀枝花學院萬達廣場店）,9.2,"['特價大床房【零圧床墊+雅緻靜逸】:HK$195', '特惠無窗標間:HK$216', '窗外好景大床房【辦公桌椅+冰箱+高空觀景】:HK$268', '宜人山色雙床房【小冰箱+遠眺山景】:HK$286', '拍照出片特大床房【高空城景+品牌床墊+安心入眠】:HK$286']"
芒果樹酒店（攀枝花高鐵南站店）,9.1,"['特惠大床房:HK$201', '陽台·花園大床房（獨立陽台）:HK$213', '臻選·豪華大床房（採光極佳）:HK$224', '悦木·風尚雙床房（採光極佳）:HK$251', '槓上開花·河景雙床房（麻將機）:HK$273']"
米易合美壹家酒店,9.3,"['園景陽光大床房:HK$293', '河景雙床房:HK$315', '河景大床房:HK$315', '園景陽光雙床房:HK$315', '智能大床房:HK$337']"
全季酒店（攀枝花學院萬達廣場店）,9.8,"['悦眠大床房（空氣加濕器+親膚四件套）:HK$330', '都市視野雙床房（智能客控+親膚四件套）:HK$350', '舒享高級大床房（拾光茶具體驗+負離子吹風）:HK$369', '山景雲窗商務雙床房（茶空間+智能投屏）:HK$369']"
瑞合熙酒店（攀枝花學院沃爾瑪店）,9.0,"['高級雙床房（全屋智能+助眠床品）:HK$209', '高級大床房（全屋智能+助眠床品）:HK$219', '豪華雙床房（全屋智能➕助眠床品）:HK$229', '豪華大床房（全屋智能➕助眠床品）:HK$251']"
攀枝花駐下酒店（東區萬象城店）,9.1,"['温馨標房:HK$248', '温馨大床房:HK$248', '萌寵大床房:HK$252', '商務標房:HK$265', '豪華大床房:HK$267']"
歡住酒店（攀枝花南站店）,9.6,"['景觀大床房:HK$134', '舒適雙床房:HK$134', '豪華大床房:HK$156', '榻榻米大床房:HK$165']"
攀枝花東區金海世紀城亞朵酒店,9.7,"['雅緻大床房（WiFi-投屏電視+智能馬桶）:HK$323', '高級大床房（WiFi-投屏電視+智能馬桶）:HK$341', '高級雙床房（WiFi-投屏電視+智能馬桶）:HK$350', '行政大床房（WiFi-投屏電視+智能馬桶+小冰箱）:HK$367', '行政雙床房（WiFi-投屏電視+智能馬桶+小冰箱）:HK$394']"
城市便捷酒店（花城新區醫院店）,9.2,"['標準大床房（55寸投屏+零壓枕+智能馬桶）:HK$183', '商務大床房（55寸投屏+零壓枕+智能馬桶）:HK$213', '豪華大床房（55寸投屏+零壓枕+智能馬桶）:HK$244', '豪華雙床房（55寸投屏+零壓枕+智能馬桶）:HK$259']"
攀枝花中環天地希爾頓歡朋酒店,9.5,"['舒適大床房:HK$450', '高級雙床房:HK$509', '高級大床房:HK$509', '豪華大床房:HK$585', '高級親子房:HK$960']"
M·雲心設計師智能酒店（攀枝花萬達廣場店）,9.0,"['清·陽光智能雙床房（酒店提供自助洗衣房+小度智能客控）:HK$213', '靜·木系智能大床房--商務優選蕟票緹額+自助洗衣熨烘+小度智能客控:HK$225', '靜·木系智能雙床房（酒店提供自助洗衣房+電動窗簾）:HK$226', '雅·優選智能雙床房（雙人沙發+辦公桌椅）:HK$226']"
攀枝花銘城酒店（攀枝花學院店）,9.3,"['豪華雙床房【舒達床墊+深度好睡眠】:HK$358', '豪華大床房【舒達床墊+深度好睡眠】:HK$?', '奢享行政大床房【舒達床墊+深度好睡眠】:HK$?']"
上恆大酒店（攀枝花市政府店）,9.1,"['輕奢雙床房:HK$311', '輕奢大床房:HK$311', '優享大床房（智能客控+65寸電視可投屏）:HK$338', '輕奢觀景房:HK$347', '尊享大床房（智能客控+65寸電視可投屏）:HK$365']"
全季酒店（攀枝花市政府店）,9.7,"['景觀大床房（智能客控-電視投屏-小冰箱）:HK$350', '高級大床房（（智能客控-電視投屏-小冰箱）:HK$378', '高級雙床房（智能客控-電視投屏-小冰箱）:HK$378', '豪華大床房（智能客控-電視投屏-小冰箱）:HK$407', '豪華雙床房（智能客控-電視投屏-小冰箱）:HK$407']"
攀枝花麗呈酒店（王府井百貨店）,9.2,"['雅緻大床房（舒眠系統+乾濕分離+洗衣烘乾）:HK$344', '豪華大床房（舒眠系統+高空城景+洗衣烘乾）:HK$364', '雅緻雙床房（舒眠系統+乾濕分離+洗衣烘乾）:HK$364', '豪華雙床房（舒眠系統+高空城景+洗衣烘乾）:HK$383', '【絕美夜景】【靜奢享受】商務套房:HK$712']"
攀枝花天香人和酒店（萬達廣場店）,9.8,"['特惠大床房（新風系統）:HK$203', '特惠雙床房:HK$228', '陽光大床房:HK$267', '陽光雙床房:HK$272']"
攀枝花學府酒店,8.4,"['標準間:HK$261', '單間:HK$316', '觀景標間:HK$316', '豪華單人間:HK$370']"
全季酒店（攀枝花米易店）,9.4,"['大床房（金可兒床墊+雨淋頂噴+智能投屏）:HK$290', '山景大床房（金可兒床墊+雨淋頂噴+智能投屏）:HK$318', '山景雙床房（金可兒床墊+雨淋頂噴+智能投屏）:HK$318', '河景雙床房（金可兒床墊+雨淋頂噴+智能投屏）:HK$346']"
海友酒店（攀枝花南站店）,9.6,"['大床房（投屏+全遮光窗簾+公區洗衣房）:HK$177', '高級雙床房（投屏+全遮光窗簾+全落地窗+河景房）:HK$187', '高級大床房（投屏+全遮光窗簾+公區洗衣房+河景房）:HK$196', '景觀大床房（投屏+全遮光窗簾+公區洗衣房+品牌床墊）:HK$205']"
攀枝花東創仁和酒店（東創仁和悦光島店）,9.5,"['悦心·智能大床房:HK$248', '悦心·智能雙床房:HK$278', '悦雅·智能大床房:HK$327', '悦雅·智能雙床房:HK$327', '悦雅·情侶主題房:HK$327']"
攀枝花南山賓館,9.5,"['温馨雙床房:HK$293', '温馨大床房:HK$293', '舒適大床房（小愛同學智能客控）:HK$358', '商務大床房（小愛同學智能客控）:HK$435', '高級大床房（小愛同學智能客控）:HK$544']"
仁和大酒店（攀枝花仁和廣場高鐵站店）,9.1,"['雅緻·高級大床房:HK$294', '雅緻·高級雙床房:HK$311', '尊享·豪華大床房:HK$329', '歡樂·家庭親子房:HK$358']"
攀枝花隆慶大酒店,9.5,"['温馨雙床房|康養閣（乾濕分離）:HK$160', '温馨大床房|康養閣（乾濕分離）:HK$160', '優享大床房|商旅閣（乾濕分離）:HK$183', '舒適雙床房|商旅閣（乾濕分離）:HK$229']"
世嘉花園酒店（米易安寧河店）,9.5,"['邂逅｜陽光大床房（觀景大窗+智能客控+安靜好眠）:HK$292', '旭日｜觀景雙床房（智能客控+乳膠床墊+安靜好眠）:HK$292', '浪漫｜陽光大床房（觀景大窗+智能客控+安靜好眠）:HK$323', '童年｜Loft親子房（私享花園+智能客控+安靜好眠）:HK$393', '和美｜陽光家庭房（觀景大窗+智能客控+安靜好眠）:HK$393']"
沐棲酒店（攀枝花火車南站店）,9.6,"['院景大床房:HK$173', '沐棲舒適雙床房:HK$176', '輕奢大床房:HK$183', '沐棲温馨大床房:HK$195']"
艾尚花園酒店（攀枝花南站店）,9.5,"['景緻大床房:HK$154', '景緻雙床房【落地窗採光好街景】:HK$161', '零壓景緻大床房【落地窗街景+LED化粧鏡】:HK$196', '靜怡雙床房:HK$210']"
合美壹家酒店（攀枝花東區店）,9.4,"['温馨大床房:HK$304', '豪華雙床房:HK$315', '高級大床房:HK$362', '豪華大床房:HK$446', '機麻大床房:HK$446']"
驛佳鑫尚酒店,9.4,"['智能輕居陽光大床房:HK$157', '智能大床房:HK$160', '舒適大床房:HK$161', '歡享大床房:HK$167']"
攀枝花賓館（仁和店）,8.9,"['豪華大床房:HK$216', '豪華雙床房:HK$216', '夢百合零壓大床房:HK$226', '夢百合零壓雙床房:HK$226', '行政大床房:HK$249']"
好心情酒店（攀枝花仁和店）,9.4,['精緻雙床房--（酒店提供自助洗衣房+小愛智能客控）:HK$212']
新視窗酒店連鎖（攀枝花竹湖園店）,9.2,"['歡樂-親享雙床房:HK$165', '城景 雅緻大床房:HK$170', '旅居-豪華雙床房:HK$216', '尊享-親子雙床房:HK$219']"
友伽電競酒店（太谷廣場店）,9.8,"['友伽丨青旅雙人間【有窗+公浴公衞+4060+ASUS27寸2K260Hz+超凡特權】:HK$239', '暢享丨電競大床房【14代I7+4070顯卡+32G內存+ASUS27寸2K260Hz超凡特權】:HK$319', '暢遊丨電競雙床房【14代I7+4070顯卡+32G內存+ASUS27寸2K260Hz超凡特權】:HK$319', '暢遊丨競技雙床房【14代I7+4070顯卡+32G內存+ASUS27寸2K260Hz超凡特權】:HK$387']"
米易寧澤陽光酒店,8.7,"['輕奢特惠房:HK$275', '甄選舒適大床房:HK$331', '輕奢減壓大床房:HK$387', '輕奢減壓雙床房:HK$395', '尊雅河景大床房:HK$567']"
隱塵居民宿,9.8,"['豪華標間:HK$260', '豪華大床房:HK$260', '豪華親子房:HK$492', '豪華機麻套房:HK$547']"
釩娛電競酒店,9.6,"['錦囊雙人間:HK$252', '電競雙人床:HK$306', '電競四人間:HK$517']"
攀枝花金海名都大酒店,9.2,"['高級雙床房:HK$541', '高級大床房:HK$618', '超級大床房:HK$620', '尊享大床房:HK$644', '行政大床房:HK$695']"
尋酒店（攀枝花竹湖園公園店）,9.5,"['扶光大床房:HK$255', '扶光豪華大床房:HK$286', '安謐豪華雙床房:HK$342', '安謐伴山起居大床房:HK$353']"
萬凱酒店,9.3,"['輕享 靜心大床房:HK$155', '悦享 豪華雙床房:HK$167', '尊享 行政大床房:HK$180', '尊享 行政雙床房:HK$180']"
紅曼巴酒店（仁和銀泰城店）,9.4,"['特惠雙床房:HK$141', '特惠大床房:HK$150', '舒適大床房:HK$158', '舒適雙床房:HK$158']"
太谷萬兆智能家居酒店（太谷廣場店）,9.1,"['雲端智能影音巨幕大床房【洗衣機+冰箱+舒眠床品】:HK$141', '暢享智能影音巨幕大床房【洗衣機+冰箱+舒眠床品】:HK$176', '暢享電競大床房【7800X3D+2K260HZ+4070S+洗衣+冰箱】:HK$251']"
潤豐花園酒店（仁和廣場）,9.0,"['精緻 靜謐雙床房（減壓床墊+雅緻靜逸+安享極靜睡眠）:HK$147', '精緻 靜謐大床房（減壓床墊+雅緻靜逸+安享極靜睡眠）:HK$147', '悦致·舒壓景觀雙床房（減壓床墊+優美景觀+温馨舒雅）:HK$157', '悦致 舒壓景觀大床房 （減壓床墊+優美景觀+舒眠好睡）:HK$157']"
宜尚酒店（攀枝花湖濱路店）,9.6,"['舒適大床房:HK$207', '標準雙床房（北歐輕奢風格+安靜舒適+乾濕分離）:HK$247', '標準大床房 （安靜舒適+沙發+乾濕分離）:HK$255', '高級大床房 （採光視野好+沙發+乾濕分離）:HK$303']"
攀枝花隱西木子酒店,9.3,"['原木舒適大床房:HK$337', '原木墅級高級大床房:HK$359', '原木墅級高級雙床房:HK$359', '原木墅級豪華大床房:HK$369']"
米易尚憶酒店,9.1,"['高級大床房【天然乳膠床墊+全屋智能語音控制】:HK$201', '豪華大床房【天然乳膠床墊+全屋智能語音控制】:HK$212', '豪華標間【天然乳膠床墊+全屋智能語音控制】:HK$225', '行政大床房【天然乳膠床墊+全屋智能語音控制】:HK$231']"
鹽邊熙景客棧,9.4,"['智能園景雙床房:HK$238', '智能獨享大床房:HK$238', '閑趣機麻雙床房:HK$291', '智能奢享雙床房:HK$319']"
