酒店名称,评分,房型价格列表
惠乾永宏酒店（昭通元寶山公園店）,9.2,"['榻榻米房:HK$123', '雅緻麻將房:HK$135', '雅緻豪華單間:HK$162', '庭院大床房:HK$173']"
昭通洲豪假日酒店（昭通古城省耕文化公園店）,9.1,"['精品大床房:HK$271', '豪華城景雙床房:HK$271', '豪華城景大床房:HK$315', '行政茶韻大床房:HK$438', '行政茶韻雙床房:HK$448']"
昭通畫苑賓館,9.5,"['優享標間:HK$217', '商務單間:HK$257', '商務標間:HK$257', '豪華標間:HK$290']"
康鉑酒店（昭通青年路金融中心店）,9.5,"['舒適大床房:HK$206', '舒適雙床房:HK$206', '高級大床間:HK$214', '高級雙床房:HK$228']"
昭通力豪鳳凰國際酒店,9.3,"['豪華大床房:HK$306', '豪華雙床房:HK$306', '湖景大床房:HK$389', '觀景雙床房:HK$389', '棋牌觀景套房:HK$542']"
昭通天悅國際酒店（省耕山水合景廣場店）,9.5,"['巨幕影音榻榻米（80寸巨幕投影+零壓床墊+全屋智能）:HK$229', '悦樂雙床房（65寸電視投屏+零壓床墊+全屋智能）:HK$273', '悦樂大床房（65寸電視投屏+零壓床墊+全屋智能）:HK$273', '悦致雙床房（65寸電視投屏+零壓床墊+全屋智能）:HK$284', '悦享大床房（65寸電視投屏+零壓床墊+全屋智能）:HK$305']"
擎天精品酒店（昭通鳳霞路店）,9.6,"['豪華大床房:HK$195', '特惠大床房:HK$195', '高級雙人房:HK$206', '豪華雙人房:HK$219']"
維也納酒店（昭通古城市政廣場店）,9.5,"['標準大床房:HK$260', '高級大床房:HK$315', '高級雙床房:HK$315', '豪華大床房:HK$370']"
泊岸酒店（昭通省耕山水店）,9.6,"['泊岸丨輕享雙床房:HK$147', '泊岸丨靜享大床房:HK$155', '泊岸丨精選雙床房:HK$156', '泊岸丨樂享親子房:HK$170']"
維也納國際酒店（昭通吾悦廣場店）,9.6,"['高級大床房:HK$362', '高級雙床房:HK$371', '豪華大床房:HK$377', '豪華雙床房:HK$388', '行政大床房:HK$472']"
昭通富松大酒店（省耕公園店）,9.5,"['特惠標間:HK$217', '豪華大床房:HK$230', '行政標間:HK$239', '行政大床房:HK$256', '温馨親子房:HK$282']"
昭通紫光精品酒店（金融中心店）,8.8,"['標準單人間:HK$254', '標準雙人間:HK$254', '商務雙人間:HK$266', '主題套房:HK$364', '商務套房:HK$364']"
昭通鳳禧祥瑞大飯店（望海公園店）,9.0,"['商務大床房:HK$317', '豪華雙床房:HK$352', '豪華大床房:HK$352', '望海湖景雙床房:HK$394', '望海湖景大床房:HK$394']"
昭通鴻乾酒店,9.3,"['舒適大床房:HK$74', '商務標間:HK$107', '商務大床房:HK$107', '空調豪華大床房:HK$123']"
雲海一號客棧（昭通大山包景區店）,9.5,"['經濟雙人床:HK$206', '經濟大床房（電熱毯）:HK$206', '温馨家庭房:HK$315', '舒適大床房:HK$326']"
昭通紫光大酒店,9.3,"['雅緻大床房:HK$352', '商務單間:HK$352', '雅緻雙床房:HK$352', '商務標間:HK$353', '豪華商務單間:HK$365']"
全季酒店（昭通合景廣場店）,9.7,"['大床房【金可兒床墊|65寸投屏電視|小童洗漱用品】:HK$271', '高級大床房【金可兒床墊|65寸投屏電視|小童洗漱用品】:HK$352', '高級雙床房【金可兒床墊|65寸投屏電視|小童洗漱用品】:HK$362', '商務大床房【金可兒床墊|65寸投屏電視|小童洗漱用品】:HK$392']"
鳳南精品酒店,9.5,"['經濟大床房[新風系統]:HK$177', '精選大床房:HK$209', '豪華大床房:HK$230', '豪華雙床房:HK$230']"
亞蘭酒店（昭通市發達廣場店）,9.3,"['精品標間房:HK$119', '精品大床房:HK$140', '豪華大床房:HK$151', '豪華標間房:HK$161']"
鉑晶輕奢酒店（省耕公園店）,9.1,"['舒適大床房（智能房控+空氣凈化器）:HK$259', '舒適雙床房（智能房控+空氣凈化器）:HK$259', '雅緻雙床房（陽光城景+空氣凈化器）:HK$281', '雅緻大床房（深度睡眠+空氣凈化器）:HK$281']"
昭通江山大酒店,9.4,"['豪華單間:HK$381', '豪華標間:HK$381', '行政單間:HK$433', '商務標間:HK$433', '觀景房:HK$510']"
凱楓酒店（昭通錦海建材家居城店）,9.5,"['温馨大床房:HK$114', '温馨家庭套房:HK$213']"
昭通皇之城酒店（望海公園店）,9.3,"['樂享·舒適大床房（智能馬桶+零壓助眠）:HK$256', '悦享·高級大床房（智能馬桶+零壓助眠）:HK$272', '悦享·高級雙床房（智能客控+智能馬桶+零壓助眠）:HK$289', '奢享·豪華大床房（智能客控+智能馬桶+零壓助眠）:HK$299']"
昭通發展大廈酒店,9.1,"['豪華大床房:HK$334', '豪華雙床房:HK$334', '行政一室一廳大床房:HK$557', '尊享一室一廳大床房:HK$619']"
昭通温德姆至尊豪廷大酒店,9.2,"['豪華大床房:HK$501', '豪華雙床房:HK$501', '豪華露台大床房:HK$578', '豪華露台雙床房:HK$600', '荷里活房:HK$600', '特價豪華大床房:HK$621']"
如家酒店.neo（昭通海樓路店）,8.9,"['商務大床房:HK$154', '雙床房:HK$154', '全新大床房:HK$170', '全新雙床房:HK$170']"
居嘉酒店（昭通合景廣場店）,9.2,"['特價大床房:HK$112', '高級大床房:HK$127', '豪華雙床房:HK$134', '豪華大床房:HK$137']"
豪居酒店（昭通合景廣場店）,8.2,"['特惠大床房:HK$236', '豪華大床房:HK$245', '商務雙床房:HK$253', '投影大床房:HK$253']"
昭通瑞坤酒店,9.5,"['特惠大床房:HK$115', '普通大床房:HK$146', '豪華雙床房:HK$182', '精品大床房:HK$184']"
錦月酒店（昭通市民之家店）,9.8,"['特惠雅緻大床房【全屋智能燈控+小智管家】:HK$128', '尊享品致大床房【全屋智能燈控+小智管家】:HK$138', '臻選雅居大床房【全屋智能燈控+小智管家】:HK$147', '密悦雅緻商務套房【全屋智能燈控+小智管家】:HK$156']"
昭通雲端小築民宿,9.7,"['豪華城景標間:HK$205', '豪華影院單間:HK$214', '豪華城景單間:HK$231', '豪華影院棋牌標間:HK$242']"
雲上雲輕奢酒店（昭通合景廣場店）,9.8,"['全智能温馨房:HK$199', '全智能精品大床房:HK$226', '全智能親子大床房:HK$253', '全智能商務雙床房:HK$260']"
凰都大酒店（昭通望海文化公園實驗中學店）,9.4,"['精緻雙床房:HK$138', '特惠大床房（無窗）:HK$147', '精緻大床房:HK$187', '豪華大床房:HK$187']"
昭通玥庭蘭舍民宿（省耕山水店）,8.0,"['玥丨洞穴主題房:HK$426', '精品主題房:HK$451', '瀾丨情侶主題房:HK$463', '舍丨雅緻雙人間:HK$473']"
昭通泊港精品酒店（省耕山水店）,8.4,"['精緻大床房（酒店公區提供全自動洗衣機）:HK$121', '雅緻大床房（酒店公區提供全自動洗衣機）:HK$130', '商務大床房（酒店公區提供全自動洗衣機）:HK$142', '商務雙床房（酒店公區提供全自動洗衣機）:HK$142']"
東嘉酒店（合景廣場昭通學院店）,9.3,"['悦享大床房:HK$105', '樂享雙床房:HK$109', '悦享雙床房:HK$122', '奢享大床房:HK$129']"
昭通鶴都大酒店（省耕山水店）,8.4,"['輕享·簡約大床房:HK$195', '輕享·簡約雙床房:HK$195', '樂享·雅緻大床房:HK$217', '樂享·雅緻雙床房:HK$228']"
昭通歸萊酒店（金融中心店）,9.0,"['雅緻大床房:HK$138', '特惠大床房:HK$140', '棲享·巨幕投影家庭雙床房:HK$146', '優選豪華大床房:HK$163']"
大山包清風明月酒店,8.4,"['經濟標準間（電熱毯）:HK$173', '經濟大床房（電熱毯）:HK$173', '豪華雙床房（石墨烯氣暖+電熱毯）:HK$184', '豪華大床房:HK$195']"
萌青春雲汐酒店（望海公園店）,9.4,"['智尚.惠享大床房:HK$165', '智雅.優選大床房:HK$182', '暢享影音.豪華大床房:HK$200']"
阿富爾連鎖酒店（昭通富悦店）,9.2,"['精緻大床房（酒店提供自助洗衣房）:HK$271', '田園雙床房（酒店提供自助洗衣房）:HK$325', '雅緻雙床房（酒店提供自助洗衣房）:HK$331', '簡約雙床房（酒店提供自助洗衣房）:HK$346']"
震希山居（大山包景區店）,9.1,"['雅緻園景大床房:HK$279', '舒心園景雙床房:HK$295']"
昭通融通大酒店（火車站店）,8.0,"['迷你單人間:HK$118', '普通標準間:HK$129', '商務單人間:HK$140', '豪華單人間:HK$151']"
昭通小柒酒店（錦海建材家居城店）,9.7,"['標準大床房:HK$95', '温馨圓床房:HK$112', '浪漫大床房:HK$130']"
尚客優連鎖酒店（昭通彩雲路店）,9.6,"['高級大床房:HK$125', '特惠大床房:HK$129', '豪華大床房:HK$138', '豪華雙床房:HK$147']"
派柏酒店（昭通古城店）,7.9,"['特價房:HK$91', '豪華雙人間:HK$112', '豪華大床房:HK$133', '精品大床房:HK$140']"
昭通凡舒民宿酒店,8.6,"['普通大床房:HK$138', '豪華標間:HK$147', '豪華單間:HK$166']"
雲居酒店（昭通合景廣場店）,9.6,"['桑榆暮影·大床房（獨立空調丨智能窗簾丨公區提供洗衣房）:HK$190', '標準大床房（獨立空調丨智能窗簾丨公區提供洗衣房）:HK$194', '晨光熹微·豪華大床房（獨立空調丨智能窗簾丨公區提供洗衣房）:HK$214', '攬雲塵·豪華雙人間（獨立空調丨智能窗簾丨公區提供洗衣房）:HK$242']"
昭通君歸酒店,9.2,"['無窗特價房:HK$67', '豪華單間:HK$110', '優享單間:HK$110', '豪華雙人間:HK$128']"
遠山雲驛民宿（昭通大山包景區店）,9.0,"['Style•原木大床房（特價房）:HK$250', 'Style•原木雙床房（特價房）:HK$260', '汀雨·侘寂風大床房:HK$403', '美式穹頂雙床房:HK$425']"
