酒店名称,评分,房型价格列表
晉中榆次萬達廣場錦江都城酒店,9.7,"['精緻商務房:HK$202', '精緻雙床房:HK$202', '風雅商務房（可投屏電視+智能客控）:HK$233', '風雅雙床房（可投屏電視+智能客控）:HK$233']"
晉中榆次大學城亞朵酒店,9.6,"['高級大床房:HK$367', '高級雙床房:HK$394', '幾木大床房（智能客控+深睡枕+迷你bar）:HK$448', '幾木雙床房（智能客控+深睡枕+迷你bar）:HK$475', '幾木套房（智能客控+深睡枕+迷你bar）:HK$628']"
漢庭酒店（晉中迎賓街榆次一中店）,9.7,"['高級大床房:HK$206', '商務大床房:HK$217', '高級雙床房:HK$226', '商務雙床房:HK$235']"
晉中榆次賓館（榆次老城店）,9.1,"['舒適睡眠雙床房:HK$162', '躺平治癒單人房:HK$162', '躺平治癒雙床房:HK$162', '滾來滾去大床房:HK$169']"
晉中榆次萬達廣場漫心酒店,9.7,"['心怡大床房（智能客控、迷你吧、可投屏電視）:HK$311', '心悦高級大床房（智能客控、迷你吧、可投屏電視）:HK$321', '心悦高級標準房（智能客控、迷你吧、可投屏電視）:HK$331', '心享豪華大床房（智能客控、迷你吧、可投屏電視）:HK$372', '心享豪華標準房（智能客控、迷你吧、可投屏電視）:HK$391']"
晉中希爾維亞酒店（榆次大學城店）,9.0,"['輕奢大床房:HK$176', '希悦商務大床房:HK$184', '希悦商務雙床房:HK$194', '0壓大床房（夢百合床墊+記憶枕）:HK$200']"
晉中晉通大廈酒店（榆次一中店）,9.4,"['豪華商務雙床房（可投屏電視+鮮嫩果盤+可免6水）:HK$163', '豪華商務大床房（可投屏電視+直飲凈水機）:HK$163', '舒適商務三人間（可投屏電視+直飲凈水機）:HK$195', '一大一小家庭房（可投屏電視+直飲凈水機）:HK$195']"
如家酒店·neo（晉中奧特萊斯萬達廣場店）,9.6,"['高級雙床房（徠芬吹風機）:HK$201', '高級大床房（徠芬吹風機）:HK$201', '特色大床房（徠芬吹風機）:HK$221', '安心睡大床房（夢百合床品+徠芬吹風機）:HK$231']"
晉中頤景國際酒店,9.6,"['商務雙床房（小冰箱丨浴缸丨智能小度）:HK$323', '尊享零壓行政標間（夢百合0壓床丨浴缸丨小冰箱）:HK$352', '商務大床房（休閑沙發丨浴缸丨智能小度）:HK$404', '暖暖窩親子房:HK$479', '商務套房（一室一廳丨小冰箱丨浴缸）:HK$494']"
晉中美域國際酒店,9.3,"['標準雙床房:HK$399', '舒適大床房:HK$401', '零壓大床房（夢百合床墊+記憶枕）:HK$424', '零壓雙床房（夢百合床墊+記憶枕）:HK$424', '行政大床房:HK$545', '豪華棋牌房:HK$608']"
晉中榆次海棠美侖國際酒店,9.5,"['豪華雙床房:HK$302', '大床房:HK$302', '豪華大床房:HK$321', '行政雙床房:HK$321', '行政大床房:HK$352']"
晉中壁畫藝術酒店（山西晉之源壁畫藝術博物館店）,9.5,"['特價大床房:HK$238', '衹此青綠大床房:HK$260', '盛世祥和豪華大床房:HK$273', '萬有同春雙床房:HK$326']"
如家商旅酒店（晉中大學城武宿國際機場店）,9.5,"['雙床房（舒適床品）:HK$163', '商務大床房（舒適床品）:HK$163', '高級雙床房（舒適床品）:HK$180', '高級大床房（舒適床品）:HK$180']"
全季酒店（晉中大學城書咖藝術裏店）,9.7,"['高級大床房（智能客控+金可兒床墊+投屏電視）:HK$281', '高級雙床房（智能客控+金可兒床墊+投屏電視）:HK$302', '舒壓高級大床房（智能客控+金可兒床墊+投屏電視）:HK$302', '舒壓高級雙床房（智能客控+金可兒床墊+投屏電視）:HK$321']"
如家商旅酒店（晉中榆次印象城萬達廣場店）,9.5,"['商務大床房（可投屏電視）:HK$219', '高級大床房（可投屏電視）:HK$236', '高級雙床房（可投屏電視）:HK$254', '特色大床房（可投屏電視+智能客控）:HK$254']"
晉中榆次印象城亞朵酒店,9.6,"['雅緻房（可投屏電視、小冰箱、無線充）:HK$323', '高級大床房（可投屏電視、小冰箱、無線充）:HK$340', '高級雙床房（可投屏電視、小冰箱、無線充）:HK$340', '行政大床房（可投屏電視、小冰箱、無線充）:HK$358', '行政雙床房（可投屏電視、小冰箱、無線充）:HK$358']"
晉中頤景水宮酒店（榆次老城店）,8.5,"['特惠雙床房（公共洗浴）:HK$118', '優享大床房:HK$118', '舒適大床房:HK$195', '特惠大床房（無窗）:HK$195']"
漢庭酒店（晉中榆次迎賓西街店）,9.7,"['大床房丨55寸電視投屏+金可兒床墊:HK$185', '高級雙床房丨55寸電視投屏+金可兒床墊:HK$202', '高級大床房丨55寸電視投屏+金可兒床墊:HK$210', '商務大床房丨55寸電視投屏+金可兒床墊:HK$219']"
艾扉酒店（榆次大學城山西醫科大學店）,9.2,"['商務大床房（超大空間+超大卧具）:HK$192', '雙床房（超大空間+超大卧具）:HK$192', '高級大床房（超大空間+超大卧具）:HK$210', '高級雙床房（超大空間+超大卧具）:HK$210']"
錦都國際大酒店,9.3,"['氧吧商務雙床房:HK$297', '氧吧中式婚房:HK$?', '氧吧行政套房:HK$?', '氧吧商務大床房:HK$?', '氧吧商務套房:HK$?']"
星程酒店（晉中榆次藴華街店）,9.8,"['大床房:HK$302', '雙床房:HK$312', '高級大床房:HK$330', '高級雙床房:HK$340']"
驛居酒店（晉中太谷第二人民醫院店）,9.5,"['大床房A（獨立空調）:HK$130', '大床房（獨立空調）:HK$146', '商務大床房（獨立空調）:HK$164', '高級雙床房（獨立空調）:HK$164']"
如家酒店·neo（晉中順城街市政府榆次老城店）,9.7,"['大床房（徠芬吹風機+電視投屏）:HK$160', '雙床房（徠芬吹風機+電視投屏）:HK$177', '商務大床房（徠芬吹風機+電視投屏）:HK$177', '安心睡大床房（夢百合0壓睡眠枕+床墊+徠芬吹風機）:HK$202']"
ZMAX滿兮酒店（晉中印象城萬達廣場店）,9.5,"['一張床M房（智能客控+可投屏+小冰箱）:HK$232', '一張床L房（智能客控+可投屏+小冰箱）:HK$269', '一張床XL房（智能客控+可投屏+小冰箱）:HK$296', '兩張床XL房（智能客控+可投屏+小冰箱）:HK$296']"
全季酒店（晉中萬達廣場龍湖大街店）,9.6,"['高級大床房丨智能投屏電視+瓶裝水+天竺葵芳香洗沐:HK$266', '商務大床房丨商務長桌+金可兒護脊床墊+天竺葵洗沐精油:HK$283', '商務雙床房丨金可兒護脊床墊+天竺葵芳香洗沐+瓶裝水:HK$286', '舒壓豪華大床房丨天然乳膠床墊（體驗雲端般無壓睡感）:HK$313']"
奧泰潤君酒店（晉中太谷鳳凰西街店）,9.7,"['悦享·舒適雙床房（低樓層+舒睡好眠+空氣凈化器）:HK$307', '尊享·悠然雙床房（深睡護脊+空氣凈化器）:HK$313', '尊享·悠然大床房（深睡護脊+空氣凈化器）:HK$347', '臻享·商旅雙床房（大空間+靜音冰箱+空間凈化器）:HK$371', '臻享·商旅大床房（大空間+靜音冰箱+空氣凈化器）:HK$374']"
艾扉酒店（晉中榆次定陽萬達廣場店）,9.6,"['雙床房（智能客控+55寸電視可投屏）:HK$197', '商務大床房（智能客控+55寸電視可投屏）:HK$206', '高級大床房（智能客控+55寸電視可投屏）:HK$225', '高級雙床房（智能客控+55寸電視可投屏）:HK$235']"
如家商旅酒店（晉中榆次大學城萬達廣場店）,9.4,"['商務大床房（可投屏電視）:HK$194', '雙床房（（可投屏電視）:HK$202', '高級大床房（可投屏電視）:HK$211', '高級雙床房（可投屏電視）:HK$211']"
晉中華夏麗呈酒店,8.7,"['商務大床房:HK$268', '商務雙床房:HK$268', '豪華三人間:HK$490']"
晉中海杭燕緣酒店（榆次二中店）,9.1,"['温馨怡夢雙床房（65寸可投屏）:HK$148', '甜蜜暖窩大床房（65寸巨幕投屏）:HK$154', '歡樂親子歡聚套房（65寸可投屏）:HK$229', '玫瑰私語情侶套房（65寸巨幕投屏）:HK$460']"
漢庭酒店（晉中太谷金谷大道店）,9.7,"['大床房:HK$278', '高級大床房:HK$299', '雙床房:HK$299', '家庭房:HK$318']"
雲瑞鳳凰酒店（太谷金谷廣場店）,9.7,"['高級雙床房:HK$327', '高級大床房:HK$327', '豪華大床房:HK$358', '豪華雙床房:HK$358', '小童房:HK$369']"
漢庭酒店（晉中匯通北路店）,9.6,"['高級大床房A:HK$187', '高級大床房:HK$205', '雙床房:HK$224', '家庭房:HK$243']"
如家酒店·neo（晉中榆次迎賓西街店）,9.5,"['大床房A（電視投屏＋喜臨門床品）:HK$143', '大床房（電視投屏暢想觀看＋榻榻米大床）:HK$152', '雙床房（電視投屏暢想觀看＋獨立雙床自由自在）:HK$170', '商務大床房（電視投屏＋喜臨門床品）:HK$179']"
維也納酒店（晉中大學城店）,9.5,"['標準雙床房:HK$201', '高級大床房:HK$217', '高級雙床房:HK$217', '景觀雙床房:HK$248']"
艾扉酒店（晉中榆次大學城店）,9.5,"['大床房（夢百合零壓床墊＋天然乳膠枕）:HK$183', '商務大床房（夢百合零壓床墊＋天然乳膠枕）:HK$201', '雙床房（夢百合零壓床墊＋天然乳膠枕）:HK$201', '高級大床房（夢百合零壓床墊＋天然乳膠枕）:HK$227']"
太谷逸園大酒店,9.3,"['標準雙床房:HK$271', '標準大床房:HK$293', '普通套房:HK$787', '豪華套房:HK$1,289']"
山西萬豪美悦國際酒店,9.1,"['舒適單人間:HK$316', '商務雙床房:HK$326', '商務大床房:HK$393', '零壓商務大床房（夢百合零壓房床墊+記憶枕）:HK$426', '零壓商務雙床房（夢百合零壓房床墊+記憶枕）:HK$426', '行政大床房:HK$470']"
晉中太谷希爾頓歡朋酒店,9.8,"['舒適大床房（智能客控+手機投屏+小冰箱）:HK$326', '高級雙床房（智能客控+手機投屏+小冰箱）:HK$365', '高級大床房（智能客控+手機投屏+小冰箱）:HK$365', '豪華雙床房（浴袍+智能客控+手機投屏+小冰箱）:HK$394', '豪華大床房（浴袍+智能客控+摺疊沙發床+小冰箱）:HK$394']"
S·電競酒店（定陽路萬達廣場店）,9.8,"['智控影音單機大床房:HK$228', '智控影音雙機大床房:HK$283', '智控影音雙床房:HK$283', '智控影音雙機棋牌房:HK$294']"
晉中自在精舍,9.8,"['特惠大床房:HK$262', '特惠雙床房:HK$262', '禪意大床房:HK$424', '標準大床房:HK$424']"
遠通商務酒店（晉中榆次迎賓街店）,9.7,"['高級大床房（智能馬桶）:HK$185', '高級雙床房（智能馬桶）:HK$207', '商務大床房（智能馬桶）:HK$228', '商務雙床房（智能馬桶）:HK$228']"
恬覓酒店（晉中榆次區迎賓西街店）,9.5,"['覓意雙床房（侘寂風格+可投屏1080P電視+智能語音小度）:HK$346', '恬心大床房（可投屏1080P電視+智能語音小度+零壓深睡床墊）:HK$378', '覓意大床房（零壓深睡床墊+可投屏1080P電視+智能語音小度）:HK$429', '恬夢大床房（可投屏1080P電視+零壓深睡床墊）:HK$478', '恬夢雙床房（可投屏1080P電視+可茗品茶室+智能語音小度）:HK$546']"
晉中星雅名都酒店,9.2,"['商務雙床房:HK$212', '商務大床房:HK$212', '商務套間:HK$337', '歡致套房:HK$369']"
美豪·怡致酒店（晉中大學城武宿機場店）,9.4,"['怡致雙床房:HK$272', '怡致大床房:HK$272', '麗致大床房:HK$285', '麗致雙床房:HK$285', '怡致家庭房:HK$309']"
住這兒情侶酒店（晉中山西大學城店）,7.4,"['精緻大床房:HK$77', '精選品質大床房:HK$82', '精選舒適投影大床房:HK$87', '高級零壓特大床房（全套羽絨深度睡眠）:HK$91']"
榆次菲菲時尚主題酒店,7.7,['巴黎浪漫大床房:HK$129']
如佳酒店（晉中榆次火車站印象城店）,9.0,"['大床房:HK$105', '大床房A:HK$105', '商務大床房:HK$125', '雙床房:HK$131']"
晉中頤德快捷酒店,8.1,"['特惠雙人房:HK$118', '標準雙床房:HK$131', '特惠大床房:HK$131', '豪華大床房:HK$151']"
晉中榆次希爾頓花園酒店,9.5,"['高級大床房:HK$319', '高級雙床房:HK$319', '無障礙大床房:HK$336', '豪華大床房（加濕器+無線充電）:HK$340', '花園家庭房:HK$455']"
