酒店名称,评分,房型价格列表
景德鎮祥寶茶宿（陶溪川文創街區店）,9.6,"['月影·智能圓床房｜零壓床墊＋中央空調＋浪漫星空頂:HK$391', '青花·智能大床房｜零壓床墊＋中央空調＋品牌洗護:HK$392', '茶語·豪華大床房｜全屋智能＋零壓床墊＋愜意茶台:HK$426', '陶陽·親子雙床房｜全屋智能＋零壓床墊＋軟硬雙枕:HK$501', '雅韻·家庭雙床房｜全屋智能+零壓床墊＋品牌洗護:HK$512']"
花築·景德鎮視界陶也民宿（陶溪川三寶店）,9.6,"['茶韻大床房（中式實木傢俱+SEVENPLUS洗護用品）:HK$446', '沐風大床房（中式實木傢俱+SEVENPLUS洗護用品）:HK$485', '茶韻雙床房（中式實木傢俱+SEVENPLUS洗護用品）:HK$550', '主題家庭房（中式實木傢俱+SEVENPLUS洗護用品）:HK$724', '素隱家庭雙床房（中式實木傢俱+SEVENPLUS洗護用品）:HK$862']"
陶邑東郊酒店（陶溪川文創街區店）,9.3,"['高級雙床房（零壓床墊+康乃馨床品+乾濕分離）:HK$562', '高級大床房（零壓床墊+康乃馨床品+乾濕分離）:HK$562', '豪華雙床房（零壓床墊+康乃馨床品+乾濕分離）:HK$602', '豪華大床房（零壓床墊+康乃馨床品+乾濕分離）:HK$602', '商務雙床房（陽台+零壓床墊+康乃馨床品+乾濕分離）:HK$642']"
勝家旅居酒店（古窯民俗博覽區店）,9.7,"['惠享園景大床房（智能馬桶）:HK$183', '惠享園景雙床房（智能馬桶）:HK$190', '陽台園景大床房（智能馬桶）:HK$233', '陽台園景雙床房（智能馬桶）:HK$240']"
境覓·Findpeace民宿（景德鎮陶溪川創意廣場店）,9.7,"['精緻單人房（高清投影+智能馬桶+助眠床墊）:HK$278', '精緻榻榻米雙床房（高清投影+智能馬桶+助眠床墊）:HK$278', '商務大床房（商務辦公+智能馬桶+助眠床墊）:HK$306', '商務雙床房（商務辦公+巨幕投影+智能馬桶+助眠床墊）:HK$320']"
陶邑望南酒店（陶溪川文創街區店）,9.5,"['高級雙床房（舒適睡眠+陽光飄窗）:HK$424', '高級大床房（舒適睡眠+陽光飄窗）:HK$424', '豪華雙床房（陽光飄窗➕榻榻米）:HK$447', '豪華大床房（陽光飄窗➕榻榻米）:HK$447', '商務大床房（智能傢俱+榻榻米）:HK$479']"
景德鎮陶溪川凱悦嘉軒酒店,9.4,"['嘉軒雙床房（帶沙發床）:HK$714', '嘉軒大床房（帶沙發床）:HK$714', '嘉軒雙床角房（帶沙發床）:HK$841', '嘉軒大床角房（帶沙發床）:HK$841', '嘉軒大床大開間（帶沙發床）:HK$1,019']"
陶溪川國貿飯店,9.4,"['高級雙床房:HK$653', '高級大床房:HK$653', '豪華大床房:HK$697', '豪華雙床房:HK$697', '家庭雙床房:HK$730']"
Echo hotel迴響旅店（三寶國際陶藝村店）,9.9,"['冬青丨山景大床房[全屋智能語音系統+投影儀+鵝絨被+智能小愛音響+智能馬桶]:HK$473', '矢車菊丨山景大床房[全屋智能語音系統+投影儀+鵝絨被+智能小愛音響+智能馬桶]:HK$534', '鳶尾/山景大床房[鵝絨被+智能小愛音響+智能馬桶]:HK$786', '風信子丨陽台山景大床房[全屋智能語音系統+投影儀+鵝絨被+智能小愛音響+智能馬桶]:HK$832']"
景德鎮陶溪川漫心府,9.7,"['心怡標準大床房（絲漣床墊+親膚浴袍+智感取電）:HK$663', '心悦園景大床房（園林美景+高清全身鏡+休閑沙發）:HK$733', '心享豪華大床房（智能馬桶+超大浴缸+超清全身鏡）:HK$793', '心悦高級雙床房（內置冰箱+智能窗簾+徠芬吹風機）:HK$824', '心享豪華家庭房（極佳空間感+內置冰箱+休閑沙發）:HK$894']"
沐瀾居·庭院溪畔美學民宿（陶溪川文創街區店）,9.7,"['瀾韻·向野大床房（零壓助眠+無幕布投影+智能馬桶）:HK$277', '瀾韻·榻榻米大床房（零壓助眠+無幕布投影+智能馬桶）:HK$277', '瀾韻·榻榻米雙床房（零壓助眠+無幕布投影+智能馬桶）:HK$333', '瀾韻·向野高級大床房（零壓助眠+無幕布投影+智能馬桶）:HK$377']"
景德鎮汀岸未來民宿（陶溪川文創街店）,9.7,"['亦可 ● 偏愛大床房【全屋智能+中央空調+智能馬桶】:HK$377', '汀岸●見夕浴缸大床房【全屋智能+中央空調+零壓床墊】:HK$426', '夕下●半閑雙床房【全屋語音智能+零壓床墊+乾濕分離】:HK$474', '芙靈●靜謐雙床套房【中央空調+智能馬桶+巨幕投影】:HK$534']"
景德鎮陶溪川景見禮酒店（陶陽新村店）,9.2,"['一耶暴富·大床房（會客空間+零壓床墊）:HK$389', '日富一日·雙床房（會客空間+記憶睡眠枕）:HK$401', '好運常在.悦心大床房（陽光城景+乾濕分離）:HK$421', '心想柿成.甄選大床房（靜謐安靜+零壓床墊）:HK$450', '平安喜樂·雙床房（舒適靜謐+全屋智能）:HK$456']"
璞邸曼居酒店（景德鎮文創陶溪川店）,9.6,"['曼馨榻榻米房（小冰箱+温馨浪漫+65寸高清液晶電視）:HK$343', '曼雅榻榻米房（温馨浪漫+65寸高清會員液晶電視+Mini冰箱+晚安床品）:HK$366', '巨幕▪曼尊大床房（時尚休閑+超級百寸會員影院+Mini冰箱+晚安床品）:HK$367', '巨幕·曼選雙床房（商務舒適+雙用床品+Mini冰箱+百寸高清會員影院）:HK$380', '樸居榻榻米房（65寸高清會員液晶電視+新中式禪茶體驗+Mini冰箱+晚安床品）:HK$381']"
景德鎮鳳凰留園酒店（中國陶瓷博物館古窯店）,9.5,"['惠享大床房【零壓睡眠+智能客控+智能馬桶+貝朗浴缸】:HK$412', '温馨庭院大床房【小而温馨+智能客控+貝朗衞浴】:HK$412', '精緻觀景大床房【側苑園林景觀+智能客控+零壓睡眠】:HK$412', '惠享雙床房【零壓睡眠+智能客控+智能馬桶+貝朗衞浴】:HK$445', '舒適庭院大床房【入户花園景觀+零壓睡眠+智能客控】:HK$459']"
陶邑上弄酒店（陶陽裏歷史文化旅遊區人民廣場店）,9.6,"['標準大床房【精緻温馨│徠芬吹風機│杜拉維特衞浴】:HK$829', '高級大床房【杜拉維特衞浴｜徠芬高速吹風機】:HK$862', 'LOFT大床房【杜拉維特衞浴｜徠芬高速吹風機】:HK$895', '豪華大床房【杜拉維特衞浴｜徠芬高速吹風機】:HK$1,004', '家庭雙床房【杜拉維特衞浴｜徠芬高速吹風機】:HK$1,146']"
景德鎮陶茗居城市民宿（陶陽里人民廣場店）,9.7,"['複式品茗大床房:HK$406', '複式觀景大床房:HK$446', '複式藝術雙床房:HK$464', '複式樂天家庭房:HK$629']"
景德鎮啟蓮精舍民宿（三寶國際陶藝村店）,9.9,"['湧金陶瓷山景雙床房|智能客控+巨幕投影+鵝絨被+智能馬桶+德國高儀衞浴:HK$468', '清歡歸隱大床房|智能客控+巨幕投影+鵝絨被+智能馬桶+德國高儀衞浴:HK$468', '玉堂景觀大床房|智能客控+巨幕投影+鵝絨被+智能馬桶+德國高儀衞浴:HK$544', '梅英歸隱雙床房|智能客控+巨幕投影+鵝絨被+智能馬桶+德國高儀衞浴:HK$621', '無塵景觀大床房|智能客控+巨幕投影+鵝絨被+智能馬桶+德國高儀衞浴:HK$654']"
陶舍度假酒店（人民廣場陶陽裏景區店）,9.5,"['舒適單人房【空氣凈化除濕機+乳膠枕】:HK$293', '高級大床房【空氣凈化除濕機+乳膠枕】:HK$315', '豪華大床房【mini冰箱+空氣凈化除濕機+乳膠枕】:HK$337', '奢華大床房【mini冰箱+茗茶榻榻米+智能馬桶除濕機】:HK$358', '觀景大床房【mini冰箱+茗茶榻榻米+智能馬桶除濕機】:HK$391']"
景德鎮伴器民宿（陶溪川創意廣場店）,9.8,"['精緻智能大床房（舒達床墊+智能客控）:HK$261', '精選觀影智能大床房（巨幕投影+智能客控+舒達床墊）:HK$318', '精品觀影智能雙床房（巨幕投影+舒達床墊+智能客控）:HK$340', '麥芽糖親子大套房（高清巨幕投影+智能客控+舒達床墊）:HK$582']"
景瀚大酒店（景德鎮陶陽裏景區店）,9.4,"['舒適城景大床房:HK$512', '舒適城景雙床房:HK$512', '尊享城景雙床房:HK$530', '尊享城景大床房:HK$530', '雲端觀景大床房:HK$683', '雲端觀景雙床房:HK$683']"
紫晶賓館（景德鎮中國陶瓷博物館店）,9.6,"['3號樓 商務大床房:HK$414', '3號樓 商務雙床房:HK$414', '1-2號樓 觀景雙床房:HK$531', '2號樓 觀景大床房:HK$531', '67號樓-輕奢大床房:HK$588', '7號樓 輕奢雙床房:HK$624']"
陶邑迎祥酒店（陶陽裏店）,9.5,"['舒適大床房（觀景平台+休憩空間+休閑書吧）:HK$350', '高級大床房（觀景平台+休憩空間+休閑書吧）:HK$452', '高級雙床房:HK$483', '豪華大床房（觀景平台+休憩空間+休閑書吧）:HK$483', '豪華雙床房:HK$525']"
巷外藝術酒店（景德鎮御窯景巷陶陽裏景區店）,9.6,"['藝術大床房【零壓床墊&電動窗簾&電視可投屏】:HK$305', '輕奢大床房【零壓床墊&電動窗簾&電視可投屏】:HK$326', '影院大床房【暢享騰訊影視VIP可投屏&零壓床墊】:HK$326', '輕奢雙床房【零壓床墊&電動窗簾&電視可投屏】:HK$359', '輕雅家庭房【零壓床墊&電動窗簾&電視可投屏】:HK$403']"
景德鎮無用合器美宿（景德鎮陶溪川店）,9.7,"['原野高級大床房:HK$1,143', '和風花園大床房:HK$1,245', '夕照露台雙床房:HK$1,523', '鳳棲竹籬景觀房:HK$1,802', '碧月鈎闌景觀房:HK$1,895', '霧泊露台景觀房:HK$1,895']"
景德鎮陶溪川凱悦臻選酒店,9.5,"['雙床房:HK$1,402', '大床房:HK$1,465', '豪華大床房:HK$1,784', '貴賓雙床房:HK$2,548', '貴賓大床房:HK$2,548']"
溪川行廬（陶溪川文創街區店）,9.5,"['隱廬｜舒雅大床房【4K高清數字電視+格力中央空調+品牌實木家居+Marshall音響+Laifen吹風機+品牌客房冰箱+高端酒店床品+智能馬桶+品牌洗浴用品】:HK$387', '雲廬｜舒適雙床房【4K高清數字電視+格力中央空調+品牌實木家居+Marshall音響+Laifen吹風機+品牌客房冰箱+高端酒店床品+智能馬桶+品牌洗浴用品】:HK$451', '行見｜舒適雙床房【4K高清數字電視+格力中央空調+品牌實木家居+Marshall音響+Laifen吹風機+品牌客房冰箱+高端床品+智能馬桶+品牌洗浴用品】:HK$451', '川行｜舒適雙床房【4K高清數字電視+格力中央空調+品牌實木家居+Marshall音響+Laifen吹風機+品牌客房冰箱+高端酒店床品+智能馬桶+品牌洗浴用品】:HK$451']"
貳柒玖·里居·Courtyard美宿（景德鎮三寶國際陶藝村店）,9.7,"['如詩·聽雨·私享大床房| 【智能家居+鵝絨被+cohler科勒衞浴】:HK$456', '如磬· 畫閣· 園景大床房| 【智能家居+3D護脊床墊+cohler科勒衞浴+落地景觀】:HK$513', '如玉·丹鳳·豪華雙床房（智能家居+3D護脊床墊+鵝絨被+cohler科勒全套衞浴+智能家居+巨幕投影）:HK$576', '陶然·溪風·豪華大床房| 【智能家居+3D護脊床墊+巨幕投影】:HK$579', '景象·流月·尊貴大床房| 【智能家居+3D護脊床墊+鵝絨被+巨幕投影】:HK$631']"
陶舍酒店（中國陶瓷博物館店）,9.5,"['舒適大床房:HK$208', '舒適雙床房:HK$226', '露台大床房（觀光露台+75寸投屏電視+慕思床墊+羽絨被）:HK$243', '園景雙床房:HK$261', '山景大床房:HK$278']"
水晶璞邸酒店（景德鎮陶溪川店）,9.5,"['負離子榻榻米（投屏電視+新風系統）:HK$243', '小清新大床房（精緻典雅+投屏電視）:HK$294', '榻榻米電競房（日式網咖）:HK$294', '靜謐觀影房（幽靜影院）:HK$307']"
全季酒店（景德鎮陶溪川店）,9.6,"['高級大床房:HK$487', '商務大床房:HK$497', '雙床房:HK$564', '高級雙床房:HK$602']"
景德鎮此時天度假酒店（三寶國際陶藝村店）,9.3,"['景德慢｜沐心大床房【智能客控+巨幕觀影】:HK$841', '景德慢｜沐心雙床房【智能客控+巨幕觀影】:HK$901', '憑欄處｜花園雙床房【智能客控+巨幕觀影】:HK$961', '憑欄處｜花園大床房【智能客控+巨幕觀影】:HK$961', '沐雲澗｜水幕大床房【智能客控+巨幕觀影】:HK$1,021', '沐雲澗｜水幕親子雙床房【智能客控+巨幕觀影】:HK$1,021']"
景德鎮Fuyu浮嶼·白親子House民宿（陶溪川文創街區店）,9.9,"['高嶺-浴缸大床房「零壓床+記憶枕+智能馬桶」:HK$645', '寒溪-童趣親子房「滑滑梯+零壓床枕+101」:HK$725', '御窯-奢享大床房「超大空間+雙人浴缸+特大床」:HK$765', '瓷宮-寬幕雙床房「獨立房間+日照曬進房間+景觀房」:HK$845']"
雲璟酒店（景德鎮御窯廠人民廣場店）,9.3,"['迷你·智能大床房（智能馬桶+迷你冰箱+智能小度）:HK$186', '舒雅·智能雙床房（零壓床墊+迷你冰箱+智能小度）:HK$193', '舒雅·智能大床房（零壓床墊+迷你冰箱+智能小度）:HK$214', '高級·智能大床房（智能小度+電動窗簾+迷你冰箱）:HK$222', '高級·智能雙床房（零壓床墊+智能小度+電動窗簾）:HK$241']"
晨楓臻品酒店（景德鎮陶溪川店）,9.5,"['巨幕·森境藝尚大床房（愛奇藝VIP+全屋智能）:HK$317', '巨幕·疏影雅尚雙床房（愛奇藝VIP+全屋智能）:HK$341', '巨幕·森境雅尚大床房（愛奇藝VIP+全屋智能）:HK$364', '巨幕·森境奢尚大床房（愛奇藝VIP+全屋智能）:HK$387', '巨幕·疏影奢尚雙床房（愛奇藝VIP+全屋智能）:HK$410']"
景德鎮陶溪川創意廣場城際酒店,9.5,"['城際高級房-大床Sealy絲漣床墊+Appelles阿佩利斯洗護:HK$359', '城際豪華房-大床（落地窗+Sealy絲漣床墊+Appelles阿佩利斯洗護用品+Mini冰箱）:HK$396', '城際高級房-雙床（65寸投屏+Sealy絲漣床墊+Appelles阿佩利斯洗護用品+Mini冰箱）:HK$403', '城際豪華房-雙床（花園景+Sealy絲漣床墊+Appelles阿佩利斯洗護用品+Mini冰箱）:HK$440', '城際行政房-大床（庭院+Sealy絲漣床墊+Appelles阿佩利斯洗護用品+Mini冰箱）:HK$503']"
青溪庭Barga自然美學·獨棟庭院設計師酒店（三寶國際陶藝村店）,9.9,"['品清歡|榻榻米大床（全屋智能+投影+雲朵枕+鵝絨被）:HK$255', '拾秋|靜謐大床房（全屋智能+投影+雲朵枕+鵝絨被）:HK$264', '得自在|中式格調大床（全屋智能+投影+雲朵枕+鵝絨被）:HK$282', '任平生|山景大床房（全屋智能+投影+雲朵枕+鵝絨被）:HK$299']"
景德鎮溪岸民宿（陶溪川文創街區店）,9.6,"['雲溪|投影大床房【極清投影+胡桃原木家居+智能馬桶】:HK$316', '雲溪|雅緻雙床房【胡桃原木家居+中央空調+智能馬桶】:HK$327', '拾溪|温馨大床房【胡桃原木家居+高清電視+智能馬桶】:HK$327', '青瓦|榻榻米雙床房【胡桃原木家居+極清投影+智能馬桶:HK$349']"
璞邸曼居酒店（景德鎮中國陶瓷博物館古窯店）,9.6,"['璞邸•初馨治癒榻榻米『騰訊VIP+Mini冰箱』:HK$218', '璞居•窯火陽光房『騰訊VIP+Mini冰箱』:HK$239', '璞玉•沉浸式安睡房『新風空氣凈化+零壓記憶枕』:HK$261', '璞•龍窯聽松景觀房『陽光滿屋+感光玻璃』:HK$305', '巨幕∞影青玲瓏雙床房『暢享投屏+零壓助眠』:HK$327']"
景德鎮釉遇藝宿（陶溪川文創街區店）,9.8,"['尋釉榻榻米大床房（全屋智能+新風系統+小米電視）:HK$355', '踏泥雙床房（全屋智能+巨幕投影+新風系統）:HK$368', '知意特大床房（全屋智能+高清投影+新風系統）:HK$381', '賦瓷雙床房（全屋智能+小米電視+舒適沙發）:HK$394']"
山瀾·陶源居民宿（景德鎮三寶國際陶藝村店）,9.7,"['清霧丨日式温馨榻榻米房 （智能客控｜慕思零壓床墊｜鵝絨被）:HK$342', '瞻星丨山景靜謐大床房（智能客控丨慕思床墊｜鵝絨被）:HK$349', '初見丨中式大床房（智能客控丨慕思零壓床墊｜鵝絨被）:HK$423', '且聽丨原木大床房（智能客控丨慕思零壓床墊｜鵝絨被）:HK$479']"
陶也酒店（陶溪川路陶陽裏店）,8.9,"['水景豪華雙床房（寶格麗洗護·智能客控）:HK$542', '水景豪華大床房（寶格麗洗護·智能客控）:HK$542', '水景豪華超大床房（寶格麗洗護·智能客控）:HK$729', '水景温馨親子房（寶格麗洗護·智能客控）:HK$1,176', '水景温馨親子套房（寶格麗洗護·智能客控）:HK$1,542']"
如家精選酒店（景德鎮陶溪川文創街區店）,9.4,"['商務大床房（全屋智能）:HK$371', '高級大床房（全屋智能）:HK$397', '雙床房（全屋智能）:HK$414', '安心睡0壓大床房（全屋智能）:HK$422']"
景德鎮陶溪川十二間民宿（陶陽裏步行街店）,9.5,"['恭喜發財大床房『智能家居+零壓床墊+酣然如夢』:HK$357', '錢途無量榻榻米大床房『愜意茶座+智能客控』:HK$357', '家財萬貫大床房【復古家居+零壓床墊+乾濕分離】:HK$407', '蒸蒸日上雙床房【智能家居＋百寸超清投影】:HK$439']"
景德鎮• 幽蘭畔居民宿（陶溪川文創街區店 ）,9.7,"['竹喧•榻榻米投影大床房（全屋智能+慕斯床墊+極米投影）:HK$438', '霖墨•陽台投影大床房（全屋智能+慕斯床墊+休閑陽台）:HK$480', '夢之•設計投影大床房（全屋智能+沙發茶桌+慕斯床墊）:HK$523', '荷塘•高級投影大床房（全屋智能+慕斯床墊+沙發茶桌）:HK$584']"
今夕何夕城市民宿（景德鎮陶溪川文創街區店）,9.5,"['沐辰-小美滿.大床房[知麻4K投影（支持投屏）+智能馬桶:HK$297', '沐言-喜樂雙床房（知麻4K投影（支持投屏）+智能馬桶:HK$327', '星辰-靜雅投影大床房（零壓床墊+智能馬桶+VIP巨幕投影）:HK$337', '雲汐-閨蜜投影雙床房（零壓床墊+智能馬桶+VIP巨幕投影）:HK$367']"
景德鎮青水塘度假酒店（三寶國際陶藝村店）,9.8,"['塘岸庭院優選雙床房:HK$579', '青山水畔優選大床房:HK$604', '青山水畔親子雙床房:HK$643', '青山水畔陽台大床房:HK$860', '青山水畔陽台雙床房:HK$861']"
景德鎮雲舍酒店（中國陶瓷博物館古窯民俗博覽區店）,9.6,"['施釉凝露·雅緻大床房（全屋智能+100寸巨幕投影）:HK$216', '陶溪新語·清華宿舍房（零壓記憶枕+騰訊VIP）:HK$229', '練泥聽心·雅緻雙床房（休閑庭院+巨幕觀影可投屏）:HK$257', '泥山雲居·智能大床房（騰訊VIP+零壓記憶枕）:HK$315', '瓷韻生香·智能雙床房（零壓記憶枕+100寸巨幕投影）:HK$351']"
宜尚PLUS酒店（景德鎮陶溪川店）,9.4,"['影院大床房（100寸VIP影院+沉浸音場）:HK$359', '標準大床房（智能客控+秒睡記憶枕）:HK$363', '標準雙床房（智能客控+靜怡睡眠枕）:HK$369', '高級大床房（明敞宜人+金可兒國際床墊）:HK$379', '高級雙床房（靜怡入眠+金可兒國際床墊）:HK$410']"
一山半居民宿（三寶國際陶藝村）,9.6,"['一半清歡 | 温馨大床房:HK$439', '一半詩與遠方 | 舒適大床房:HK$439', '一半過往 | 舒適雙床房:HK$455', '一半未來 | 雅緻大床房:HK$455']"
