酒店名称,评分,房型价格列表
曲靖萬達陌上輕奢酒店（外灘文化旅遊區店）,9.7,"['風韻大床房（唐風宋韻+全屋AI語音+臨窗茶台觀山品茗）:HK$327', '品學大床房（富魄力零壓床墊+舒睡記憶枕+觀絕美夕陽）:HK$349', '風韻雙床房（中式國潮+康乃馨親膚浴袍+徠芬吹風機）:HK$370', '雅緻·投影大床房（百⼨巨幕+影院級畫質+環繞立體聲響+手機可投屏+騰訊會員隨心看）:HK$382', '品學雙床房（富魄力零壓床墊+舒睡記憶枕+賞靖寧寶塔）:HK$392']"
旅途精選酒店（曲靖小坡收費站店）,9.7,"['精品大床房＋零壓墊＋面膜＋洗臉巾＋蒸汽眼罩＋耳塞:HK$180', '精選雙床房＋零壓床墊＋蒸汽眼罩＋耳塞＋洗臉巾:HK$194', '影視大床房＋零壓床墊＋投影＋茶吧＋蒸汽眼罩＋洗臉巾:HK$194', '複式大床房（零壓床墊＋投影＋洗臉巾＋卸粧巾＋面膜）:HK$203']"
曲靖亞希曼酒店（麒麟區花柯夜市店）,9.6,"['舒心輕奢雙床房【全屋智能客控+靜謐空間】:HK$239', '舒雅安睡大床房【零壓記憶護脊床墊+闊野景觀】:HK$251', '舒適靜謐雙床房【舒眠記憶枕+負離子空氣加濕】:HK$272', '舒享放鬆大床房【270度落地窗+高檔按摩椅】:HK$283', '舒樂童趣親子房【小童帳篷+益智玩具】:HK$283']"
曲靖瑞園酒店（將軍鎮店）,9.7,"['清風墨宿:HK$228', '拾光靜謐:HK$228', '花間行跡:HK$270', '青竹幽居:HK$272']"
當下民宿,9.8,"['扶蘇:HK$234', '不爭:HK$296', '捨得:HK$296', '拾光:HK$296', '釋然:HK$296']"
曲靖麒麟花園南城門亞朵酒店,9.5,"['高級大床房（智能投屏+亞朵記憶枕）:HK$296', '高級雙床房（智能投屏+亞朵記憶枕）:HK$296', '行政大床房（智能投屏+mini冰箱+記憶枕）:HK$323', '行政雙床房（智能投屏+亞朵記憶枕）:HK$323', '幾木大床房（智能投屏+mini冰箱+深睡枕）:HK$359']"
曲靖金麟灣温泉度假酒店,9.3,"['輕奢商務大床房:HK$369', '輕奢商務雙床房:HK$369', '金麟温泉-大床房:HK$489', '金麟温泉-雙床房:HK$489', '金麟温泉棋牌房:HK$555']"
月伴灣酒店（曲靖火車站店）,9.7,"['優享.雙床房:HK$216', '優享.大床房:HK$244', '精選.商務雙床房:HK$250', '精緻.商務大床房:HK$250']"
泰豐酒店（曲靖萬達外灘店）,9.5,"['悦享豪華雙床房「絕美花園+獨立彈簧床墊+温馨眼罩」:HK$477', '悦享豪華大床房「助眠耳塞｜小愛同學｜品茗」:HK$505', '城景浴缸雙床房:HK$538', '城景浴缸大床房「絕美花園+獨立彈簧床墊+温馨眼罩」:HK$546', '雅享茶道城景房「絕美花園+温馨眼罩+會客接待」:HK$592', '城景大床套房（帶麻將桌）:HK$715']"
曲靖沐檀酒店（花柯夜市店）,9.5,"['躺平治癒大床房【零壓乳膠床墊+城市夜景+乾濕分離】:HK$157', '180°城景大床房【零壓乳膠床墊+榻榻米+城市夜景】:HK$174', '設計師零壓睡眠雙床房【零壓乳膠床墊+酒店公區自助洗衣房+城市夜景】:HK$190', '郎才女貌私湯圓床房【零壓乳膠床墊+雙層隔音玻璃+城市夜景】:HK$207']"
曲靖希爾頓歡朋酒店,9.6,"['舒適大床房:HK$413', '高級大床房:HK$423', '高級雙床房:HK$423', '豪華大床房:HK$484', '豪華雙床房:HK$484']"
麗景大酒店（曲靖南城門店）,9.4,"['安心小窩大床房（無空調）（綿逸舒墊+頤眠枕）:HK$162', '城景安睡大床房（綿逸舒墊+頤眠枕+伴夢甜心四件套）:HK$189', '城景舒適雙床房（綿逸舒墊+頤眠枕+伴夢甜心四件套）:HK$199', '躺平治癒大床房（綿逸舒墊+頤眠枕+伴夢甜心四件套）:HK$218', '靜謐舒享雙床房（綿逸舒墊+頤眠枕+伴夢甜心四件套）:HK$228']"
維笙石林國際大酒店（曲靖南城門店）,9.6,"['行政雙床房（金可兒床墊）:HK$429', '零壓行政雙床房（夢百合零壓床品）:HK$459', '行政大床房（金可兒床墊）:HK$467', '270⁰城景精緻大床房（218城市夜景+會客廳）:HK$545', '城景景觀大床房（俯瞰218城市夜景）:HK$555', '山景精緻大床房（森林山景+會客廳）:HK$555']"
南城門金利花園酒店（花柯夜市店）,8.9,"['沉浸式雙床房（決明子枕頭+雅蘭床墊）:HK$180', '精品心悦大床房（決明子枕頭+雅蘭床墊）:HK$195', '零壓暢享雙床房（決明子枕頭+雅蘭床墊）:HK$204', '舒適寧靜雙床房（決明子枕頭+雅蘭床墊）:HK$236']"
東坡書吧酒店（麒麟區金鱗灣愛情小鎮店）,9.5,"['會轉彎的大床房【智能客控+小冰箱+智能馬桶】:HK$360', '陽台書屋大床房【投影+智能客控+零壓床墊】:HK$376', '陽光觀影大床房【山景+智能馬桶+零壓床墊】:HK$393', '與你同行雙床房【語音智能+智能馬桶+小冰箱】:HK$410']"
曲靖官房大酒店（南城門廣場店）,9.6,"['精緻雙床房:HK$446', '殘障人士專用雙床:HK$479', '精緻大床房:HK$532', '特色親子房:HK$599', '行政雙床間:HK$643', '零壓智眠大床房（零壓床墊）:HK$643']"
金鳳凰輕居酒店,9.8,"['雅緻大床房:HK$156', '雅緻雙床房:HK$169', '電競鑽石大床房:HK$174', '電競鑽石雙床房:HK$183']"
品優智慧酒店（曲靖南城門店）,9.5,"['輕奢大床單人房（小度全屋智能+空調+TCL55寸高清網絡電視+乳膠床墊+鴨絨被）:HK$138', '優品初見雙床房（小度全屋智能+空調+5G高速WiFi上網+TCL55寸高清網絡電視+乳膠床墊+鴨絨被）:HK$152', '歸心影視雙床房（小度全屋智能+空調+極米高清投影儀+乳膠床墊+鴨絨被）:HK$157', '網紅影視大床房（小度全屋智能+空調+5G高速WiFi上網+極米高清投影儀+乳膠床墊+鴨絨被）:HK$162']"
漢庭酒店（曲靖沾益珠江源大道店）,9.7,"['大床房【金可兒床墊|智能投屏】:HK$224', '高級大床房【金可兒床墊|智能投屏】:HK$261', '高級雙床房【金可兒床墊|智能投屏】:HK$261', '商務雙床房【金可兒床墊|智能投屏】:HK$281']"
維也納國際酒店（曲靖御龍店）,9.6,"['高級雙床房:HK$309', '高級大床房:HK$309', '豪華大床房:HK$330', '豪華雙床房:HK$330', '城景雙床房:HK$351']"
海倫斯酒店,9.8,"['優選大床房（超柔親膚布草+智能小度）:HK$151', '温馨大床房（超柔親膚布草+智能小度）:HK$160', '舒適大床房（超柔親膚布草+智能小度）:HK$173', '温馨雙床房（超柔親膚布草+智能小度）:HK$182']"
寥廓精舍酒店,9.1,"['人舍大床房:HK$294', '樸舍榻榻米雙床房:HK$343', '心舍大床房:HK$348', '和舍雙床房:HK$355', '0壓人舍大床房（0壓記憶枕+0壓床墊）:HK$447']"
漢庭酒店（曲靖麒麟花園店）,9.8,"['大床房【智能投屏|舒適睡眠】:HK$279', '高級大床房【全景落地窗|智能投屏|舒適睡眠】:HK$284', '高級雙床房【全景落地窗|智能投屏|舒適睡眠】:HK$284', '商務雙床房【全景落地窗|智能投屏|零壓床墊】:HK$302']"
全季酒店（曲靖安廈集團店）,9.8,"['大床房 【金可兒床墊|65吋智能投屏|功夫茶具】:HK$328', '雙床房【金可兒床墊|零壓舒眠|65吋智能投屏】:HK$341', '高級大床房【金可兒床墊|65吋智能投屏|智能馬桶】:HK$358', '商務大床房【零壓舒眠|65吋智能投屏|小冰箱】:HK$369']"
曲靖金鳳凰芮汐酒店（沾益玉林廣場店）,9.4,"['舒適大床房（乳膠床墊+舒適睡眠+九牧衞浴）:HK$256', '舒適雙床房（乳膠床墊+舒適睡眠+九牧衞浴）:HK$256', '威廉古堡大床房:HK$267', '雅緻雙床房（乳膠床墊+舒適睡眠+九牧衞浴）:HK$294']"
珈霆酒店（曲靖北站店）,9.9,"['霆峯l惠享榻榻米雙床房【馬桶墊-乳膠床墊一次性毛巾】:HK$130', '雲霆|奢享靜謐大床房【馬桶墊-乳膠床墊-一次性毛巾】:HK$141', '霆瀚|悦享舒睡雙床房【馬桶墊-乳膠床墊-一次性毛巾】:HK$153', '珈玥|智享舒睡大床房【智能客控-乳膠床墊】:HK$164']"
雲南聚馥樓酒店,9.7,"['七彩雲南標準單間（商務單人房）:HK$172', '七彩雲南大床房:HK$177', '曲靖珠江源普洱茶（豪華單人房）:HK$200', '標準雙人房:HK$200']"
曲靖時光輕居酒店（寥廓公園店）,9.4,"['精緻特惠單間（獨立空調+舒睡床墊+頤眠枕）:HK$162', '輕居舒適大床房（獨立空調+舒睡床墊+頤眠枕）:HK$186', '輕居舒適雙床房（獨立空調+舒睡床墊+頤眠枕）:HK$198', '豪華零壓大床房（零壓床墊+乳膠枕頭）:HK$210']"
曲靖麒麟區溪花·遇酒店（外灘文化旅遊區萬達廣場店）,9.6,"['180度陽光城景大床房【安靜好眠+零壓床墊+城市景觀】:HK$161', '躺平治癒雙床房【零壓床墊+酒店公區自助洗衣房+電視投屏】:HK$162', '樂享陽光城景大圓床房【吊椅+親膚床品+電視投屏】:HK$173', '時光靜好帷幔大床房【安靜好眠+日落景觀+拍照出片】:HK$177']"
曲靖歪巷子· 靜舍酒店,9.4,"['眷戀·陽光大床房【古香古色+藍牙音響+超級安靜雅緻】:HK$218', '臻享·陽光雙床房【古香古色+藍牙音響+超級安靜雅緻】:HK$231', '逸緻·蘭雅大床房【古香古色+藍牙音響+寬敞安靜雅緻】:HK$276', '悦鑒·語風套房【古香古色+浪漫情調+藍牙音響+安靜】:HK$328']"
曲靖標燦悦萊酒店（萬達外灘店）,9.6,"['遠眺雙床房『慕思床墊+全屋智控+臨窗品茗+智能馬桶』:HK$385', '遠眺大床房『慕思床墊+全屋智控+臨窗品茗+智能馬桶』:HK$385', '肆季花園雙床房 慕思床墊+全屋智控+記憶枕+智能馬桶:HK$397', '肆季花園大床房 慕思床墊+全屋智控+記憶枕+智能馬桶:HK$420', '尊享茶道套房 全屋智控+智能馬桶+超大浴缸+衞浴分離:HK$479']"
曲靖晟世仟和酒店（麒麟區翠峯路店）,9.5,"['雅緻大床房:HK$191', '優享雙床房:HK$247', '優享大床房:HK$281', '臻選雙床房:HK$292']"
清伴·彩虹裏温泉酒店,8.7,"['沐景·温泉別墅大床:HK$634', '拂曉帳篷大床房:HK$634', '清悦·獨棟温泉別墅套房:HK$743', '心遇·日式榻榻米親子房:HK$962', '帳篷温泉套房:HK$1,154']"
曲靖南郡尚居酒店（麒麟高中店）,9.9,"['雲居-特價大床房:HK$89', '雲逸-舒適大床房:HK$111', '雲棲-舒眠雙床房:HK$111', '雲雨-舒心三人間:HK$133']"
雲禧來酒店（曲靖北站店）,9.5,"['觀影大床房（零壓床墊＋會員巨幕投影＋一次性麪|浴巾）:HK$162', '特價舒適雙床房（零壓床墊＋一次性麪浴巾＋智能客控）:HK$162', '豪華雙床房（零壓床墊＋辦公桌＋一次性面巾|浴巾）:HK$216', '圓床浴缸房（零壓床墊＋浴缸＋一次性浴缸袋|麪|浴巾）:HK$216']"
雲康國際大酒店（曲靖萬達外灘店）,9.5,"['精緻大床房（智能客控）:HK$154', '精緻雙床房（智能客控）:HK$154', '豪華雙床房（智能客控）:HK$215', '豪華大床房（智能客控）:HK$215']"
君尚酒店（花柯夜市店）,9.4,"['豪華大床房:HK$131', '夢幻投影房:HK$142', '豪華雙床房:HK$149', '娛樂套房:HK$213']"
曲靖旅途精選酒店（麒麟區大花橋店）,9.7,"['舒適大床房（蒸汽眼罩+卸粧濕巾＋耳塞+洗臉巾）:HK$202', '精選大床房（蒸汽眼罩+卸粧濕巾＋耳塞+洗臉巾）:HK$226', '精選雙床房（蒸汽眼罩+卸粧濕巾＋耳塞+洗臉巾）:HK$235', '精選親子房（蒸汽眼罩+卸粧濕巾＋耳塞+洗臉巾）:HK$242']"
雅緻酒店（花柯夜市店）,9.8,"['雅緻特惠大床房:HK$108', '雅緻舒眠大床房:HK$116', '雅緻陽光大床房:HK$128', '雅緻沐陽雙床房:HK$128']"
曲靖龍聚大酒店（沾益客運站店）,9.1,"['城市景觀雙床房（掛燙機+獨立冷熱風機）:HK$213', '花園景觀大床房（掛燙機+獨立冷熱風機）:HK$213', '花園別墅雙床房（掛燙機+獨立冷熱風機）:HK$257', '花園別墅大床房（掛燙機+獨立冷熱風機）:HK$257']"
御龍酒店,8.6,"['高級大床房:HK$225', '高級雙床房:HK$225', '行政雙床房:HK$237', '行政大床房:HK$237']"
曲靖全怡酒店,9.7,"['躺平治癒大床房（蒸汽眼罩+乳膠床墊+卸粧巾+洗臉巾）:HK$159', '設計師行政雙床房（智能馬桶+蒸汽眼罩+辦公用品）:HK$159', '設計師行政大床房（蒸汽眼罩+辦公用品+艾草足浴桶）:HK$178', '一大一小家庭房（卸粧濕巾+洗臉巾+洗面奶+足浴桶）:HK$219']"
雲上四季尚品酒店（曲靖火車站店）,9.4,"['標準雙床房:HK$202', '高級雙床房:HK$220', '商務大床房:HK$230', '高級大床房:HK$248']"
語桐居花園酒店,9.5,"['西浦月 智享大床房:HK$265', '江春水-智享大床房:HK$278', '逸戈遊-智享大床房:HK$279', '夷水柔-智享雙床房:HK$282']"
曲靖沐檀酒店（麒麟區曲靖站店）,9.4,"['『躺平治癒大床房』全屋聲控 | 温馨小屋 | 零壓床墊:HK$192', '『設計師零壓暢想大床房』 智能聲控 | 投屏電視:HK$205', '『情侶優享大床房』全屋聲控 | 飄逸床幔 | 零壓床墊:HK$239', '『恭喜發財麻將大床房』全屋智能 | 零壓床墊 | 休閑棋牌:HK$251']"
和悦酒店（曲靖萬達廣場店）,9.5,"['極簡風塵大床房（全屋智能+空調）:HK$140', '歸心好眠舒適大床房（全屋智能＋空調）:HK$172', '梵谷圓夢大床房（全屋智能＋網紅卡座＋空調）:HK$177', '至交歡暢雙床房（全屋智能+空調）:HK$217']"
婭舍酒店（曲靖外灘萬達店）,9.4,"['智享閑居大床房（全屋智能聲控+智能馬桶+乳膠床墊+55寸高清電視+手機投屏）:HK$159', '慧居大床房（全屋智能聲控+智能馬桶+乳膠床墊+55寸高清電視+手機投屏）:HK$174', '靜謐大床房（全屋智能聲控＋智能馬桶＋乳膠床墊＋55寸高清電視+手機投屏）:HK$180', '雅緻舒適大床房（全屋智能聲控+智能馬桶+乳膠床墊+55寸高清電視+手機投屏）:HK$210']"
曲靖麒麟温泉SPA酒店,8.6,"['靜謐雙床房:HK$424', '靜謐大床房:HK$424', '靜謐大床房（深睡空氣凈化系統）:HK$446', '靜謐雙床房（深睡空氣凈化系統）:HK$446', '舒適雙床房:HK$501']"
御晟智能酒店（南城建材城店）,10.0,"['簡約丨特惠大床房:HK$93', '悦享丨智慧大床房:HK$117', '雲居丨逸眠大床房:HK$127', '零壓丨舒睡雙床房:HK$145']"
佑曼UMA酒店（珠江源古鎮店）,9.5,"['沐白芸生-單床房（ 智能客控|專屬非馬桶|零壓床墊|零壓枕|一次性面巾 ）:HK$129', '霞友雲朋-雙床房（智能客控|智能馬桶|零壓床墊|零壓枕|一次性面巾|馬桶墊|乾濕分離）:HK$140', '隅-榻榻米大床房（智能客控|智能馬桶|零壓床墊|零壓枕|一次性面巾|馬桶墊）:HK$144', '沁夢-影院大床房（智能客控|智能馬桶|零壓床墊|零壓枕|一次性面巾|馬桶墊 ）:HK$149']"
