酒店名称,评分,房型价格列表
朔州御宸源大酒店,8.7,"['豪華大床房:HK$247', '豪華標準間:HK$249', '特惠大床房（無淋浴）:HK$249', '商務套間:HK$468']"
朔州希爾頓歡朋酒店,9.4,"['舒適大床房:HK$394', '舒適雙床房:HK$413', '高級大床房:HK$422', '高級雙床房:HK$442', '豪華大床房:HK$480']"
白玉蘭酒店（朔州民福東街店）,9.0,"['舒雅大床房:HK$178', '舒雅雙床房:HK$178', '靜雅大床房:HK$213', '靜雅雙床房:HK$213']"
時光驛棧酒店（朔州老城店）,9.2,"['智能語音懸浮大床房:HK$184', '主題房:HK$260', '智能語音棋牌房:HK$260', '豪華商務大套間:HK$282']"
途客輕居酒店（朔州師範山西工學院店）,8.8,"['輕途大床房:HK$151', '樂途大床房:HK$163', '輕途雙床房:HK$163', '樂途雙床房:HK$173']"
朔州靜雅智能酒店,9.1,"['清幽雅緻·豪華大床房（休閑沙發+智控窗簾+智能馬桶）:HK$150', '溪風流月·恬靜大床房（休閑沙發+智控窗簾+智能馬桶）:HK$155', '詩情畫意·舒適大床房（休閑沙發+智控窗簾+智能馬桶）:HK$155']"
慧源酒店（朔州大醫院店）,9.7,"['舒適大床房（公區提供自助洗衣房）:HK$196', '舒適標準間（公區提供自助洗衣房）:HK$196', '經濟標準間（公區提供自助洗衣房）:HK$196', '親子家庭房（公區提供自助洗衣房）:HK$272']"
朔州愛琴海無人智能公寓,9.7,"['優享智能語音大床房:HK$140', '優享智能語音雙床房:HK$140', '尊享智能語音大床房:HK$162', '尊享智能語音雙床房:HK$173']"
朔州萬通源大酒店,8.5,"['B樓舒適大床間:HK$238', 'B樓舒適標準間:HK$238', 'A樓豪華標準間:HK$326', 'A樓豪華大床間:HK$326', '商務套房:HK$544', '豪華單套房:HK$958']"
朔州泰勝源大酒店,9.0,"['特價雙床房:HK$131', '商務標準間:HK$156', '商務大床房:HK$156', '豪華雙床房:HK$228']"
朔州四季平朔大酒店,9.0,"['商務大床房:HK$371', '商務標準間（浴缸）:HK$371', '行政大床房:HK$519', '行政標準間（浴缸）:HK$519', '豪華大床房（浴缸）:HK$648', '行政豪華大床房（浴缸）:HK$695']"
朔州博客驛站,8.9,"['特惠雙床房:HK$141', '園景雅緻雙床房:HK$153', '温馨雙床房:HK$168', '舒適大床房:HK$181']"
朔州Ai電競商務酒店,9.2,"['電競大床房[13代CPU+32G內存+4060TI顯卡]:HK$297', '雙人電競房[13代CPU+32G內存+4060TI顯卡]:HK$297', '永劫電競三人間[13代CPU+32G內存+4060顯卡]:HK$435', '私密四人吃雞房[13代CPU+32G內存+4060顯卡（無窗）]:HK$576']"
勁鬆快捷酒店（朔州開發南路店）,9.1,"['經濟大床房:HK$60', '精品大床房:HK$63', '商務大床房:HK$66', '舒適大床房:HK$72']"
朔州東方商務酒店,8.0,"['豪華大床房:HK$151', '豪華標準間:HK$151', '商務標準房:HK$161', '商務大床房:HK$161']"
朔州鑫滿圓酒店（居然之家店）,8.7,"['標準雙床房:HK$151', '標準大床房:HK$173', '商旅三人間:HK$216', '商旅大床房:HK$260']"
朔州天宇快捷酒店（豪德貿易廣場店）,8.5,"['普通大床房（無窗）:HK$79', '商務標準間:HK$91', '商務大床房:HK$91', '標準三人間:HK$140']"
朔州吉祥旅館,9.7,['標間:HK$68']
朔州眾旺賓館,9.8,"['特價房:HK$78', '標準間:HK$87', '豪華大床房:HK$96', '豪華標準間:HK$104']"
城市Home互聯公寓（朔州萬象城店）,7.5,"['萬象奢華大床房:HK$134', '萬象標準雙床房:HK$149']"
芙蓉輕奢時尚酒店（朔州豪德廣場店）,9.3,"['輕奢沉睡標間:HK$125', '輕奢沉睡大床:HK$125', '輕奢靜悦大床房:HK$125', '輕奢精緻標間:HK$138']"
朔州宏茂快捷酒店,9.2,"['好眠｜舒適豪華標準房:HK$131', '簡約｜舒適商務標準房:HK$140', '好眠｜舒適豪華大床房:HK$151', '舒適 I 簡約大床房:HK$294']"
朔州三鑫時尚酒店,8.1,"['大床房:HK$96', '雙床房:HK$96', '三人間:HK$118', '棋牌室:HK$129']"
勁鬆快捷賓館（朔州馬邑路店）,8.7,"['經濟大床房（無窗）:HK$58', '特惠房:HK$74', '商務大床房:HK$75', '標準間:HK$79']"
寄居蟹公寓（朔州火車站店）,9.5,['遊子歸心巨幕影院房:HK$202']
朔州振華賓館,9.8,"['普通雙床房:HK$102', '豪華大床房:HK$102', '商務標準間:HK$102', '空調標準間:HK$112']"
朔州恆通招待所,9.6,"['普通雙床房（公共衞浴）:HK$45', '大床房:HK$75', '標準間:HK$78', '三人間:HK$81']"
朔州惠豐賓館,8.5,"['標準大床間:HK$42', '標準雙人間:HK$46']"
朔州萬通源平魯賓館,6.9,"['豪華標準間:HK$184', '豪華大床房:HK$206']"
朔州白雲賓館,4.1,"['普通大床房（公衞）:HK$49', '普通雙床房（公衞）:HK$49', '標準大床房:HK$81', '標準雙床房:HK$81']"
朔州富豪快捷賓館,6.6,"['普通大床房（公共衞浴）:HK$44', '普通雙床房:HK$52', '標準大床房:HK$66', '標準雙床房:HK$66']"
朔州鼎盛賓館,4.8,"['普通雙床間（公共衞浴）:HK$74', '普通大床房（公共衞浴）:HK$74', '精品標準間:HK$85', '精品大床房:HK$85']"
平安快捷賓館（朔州火車站一部）,3.6,"['大床房:HK$49', '標準間:HK$50']"
朔州五八快捷賓館,6.4,"['普通間（公共衞浴）:HK$57', '普通四人間（公共衞浴）:HK$77', '標準大床房:HK$87', '標準雙床房:HK$87']"
應縣國利假日酒店（應縣木塔景區店）,8.5,"['大床房:HK$248', '特惠標準間:HK$248']"
賦美東方酒店,9.5,"['丁香雙床房丨城市景觀+零壓床品+智能客控+mini冰箱丨:HK$327', '丁香大床房丨景觀露台+零壓床品+智能客控+mini冰箱丨:HK$343', '繁花雙床房丨城市景觀+零壓床品+巨幕影院+浪漫浴缸丨:HK$412', '繁花大床房丨城市景觀+零壓床品+智能客控+浪漫浴缸丨:HK$412', '翠堤套房丨城市景觀+零壓床品+智能客控+巨幕影院丨:HK$702']"
漢庭酒店（朔州右玉民福南路店）,9.7,"['高級大床房:HK$208', '豪華大床房:HK$249', '豪華雙床房:HK$249', '舒壓大床房:HK$289']"
嘉和大酒店（山陰店）,9.5,"['經濟大床房（無淋浴）（電視投屏+加濕器+中央空調）:HK$212', '特惠大床房（電視投屏+加濕器+中央空調）:HK$240', '特惠雙床房（電視投屏+加濕器+中央空調）:HK$240', '高級標準間（電視投屏+加濕器+徠芬負離子吹風機）:HK$282']"
泰和源大酒店（應縣木塔景區店）,8.4,"['特惠大床房:HK$216', '標準雙床房:HK$238', '標準大床房:HK$260', '豪華大床房:HK$260']"
稚真酒店,9.8,"['標準雙床房（慕思床墊+九牧潔具+零壓乳膠枕）:HK$179', '豪華大床房（慕思床墊+九牧潔具+零壓乳膠枕）:HK$192', '豪華雙床房（慕思床墊+九牧潔具+零壓乳膠枕）:HK$214', '温馨家庭房（慕思床墊+九牧潔具+零壓乳膠枕）:HK$246']"
漢境酒店,9.5,"['特惠大床房（智能家居，乾濕分離）:HK$175', '高級大床房（智能家居，乾濕分離）:HK$185', '高級雙床房（智能家居，乾濕分離）:HK$196', '豪華大床房（智能家居，按摩椅，乾濕分離）:HK$218']"
雲泮雅居酒店,9.7,"['檀韻國風兩居套房〖城市景觀+洗衣機+冰箱+雙衞+茶室〗:HK$378', '時光商務兩居套房〖城市景觀+洗衣機+冰箱+雙衞+廚房〗:HK$378', '田園三居家庭房〖套房+城市凌空景觀+洗衣機+冰箱+廚房〗:HK$428', '喜悦三居親子房〖套房+城市凌空景觀+洗衣機+冰箱+廚房〗:HK$428']"
懷仁金沙嘉和酒店（懷仁東站店）,8.9,"['商務大床房（浴缸）:HK$209', '商務雙床房:HK$216', '豪華雙床房（浴缸）:HK$216', '棋牌雙人間:HK$226', '智能雙床房（智能投屏電視+智能加熱馬桶+小度客控）:HK$227']"
右玉永昌國際酒店,8.9,"['商務雙床房:HK$436', '商務大床房:HK$436', '豪華大床房:HK$469', '商務套房:HK$709']"
尚客優精選酒店（朔州應縣公安局店）,9.1,"['夢百合豪華大床房（全屋智能語音客控）:HK$144', '標準大床房（全屋智能語音客控）:HK$144', '標準雙床房（全屋智能語音客控）:HK$144', '豪華雙床房（全屋智能語音客控）:HK$155']"
尚客優酒店（朔州懷仁懷義西街五中店）,9.7,"['頭等艙:HK$141', '智能標準大床房:HK$150', '智能舒適大床房:HK$158', '智能高級大床房:HK$176']"
潮漫酒店（朔州應縣店）,9.2,"['品質致選大床房:HK$362', '品質優選大床房:HK$362', '品質致選雙床房:HK$366', '品質臻選大床房:HK$394']"
七裏星酒店,9.0,"['商務大床房:HK$195', '商務雙床房:HK$195', '豪華大床房:HK$216', '智能標準間:HK$216']"
7天酒店（懷仁新天地購物廣場店）,9.4,"['經濟房:HK$132', '自主大床房:HK$147', '自主雙床房:HK$155', '特色大床房:HK$163']"
銀河酒店,9.4,"['豪華大床房:HK$142', '豪華雙人間:HK$142', '豪華三人間:HK$193', '棋牌三人間:HK$258']"
