酒店名称,评分,房型价格列表
希岸酒店（朝陽大街聖達電腦城店）,9.5,"['玲瓏大床房（新風系統+小度智能客控+投屏+零壓床墊）:HK$247', '玲瓏雙床房（新風系統+小度智能客控+投屏+零壓床墊）:HK$265', '希岸雅緻房（新風系統+小度智能客控+投屏+零壓床墊）:HK$273', '希岸豪華大床房（小度智能客控+投屏+零壓床墊）:HK$298']"
如家商旅酒店（黃河路萬達廣場店）,9.6,"['商務大床房A（徠芬高速吹風機+寫字桌）:HK$185', '商務大床房（徠芬高速吹風機+手機投屏）:HK$194', '高級大床房（徠芬高速吹風機+單人沙發）:HK$211', '雙床房（徠芬高速吹風機+單人沙發）:HK$219']"
麗楓酒店（朝陽大街店）,9.5,"['雅緻大床房（智能客控+投屏）:HK$255', '豪華大床房（智能客控+投屏）:HK$263', '純凈自然雙床房（智能客控+投屏）:HK$263', '商務大床房（智能客控+投屏）:HK$279']"
全季酒店（朝陽站店）,9.7,"['大床房:HK$428', '雙床房:HK$428', '高級大床房:HK$438', '舒壓高級大床房（記憶棉墊+枕芯）:HK$467']"
朝陽燕都國際酒店,8.1,"['無窗大床房:HK$232', '特價大床房:HK$257', '特價雙床房:HK$270', '豪華標間:HK$271', '豪華大床房:HK$271']"
漢庭酒店（朝陽友誼大街店）,9.6,"['大床房:HK$240', '高級大床房:HK$251', '雙床房:HK$251', '家庭房:HK$301']"
漢庭酒店（朝陽站店）,9.7,"['雙床房（智能馬桶+智能窗簾+手機投屏）:HK$240', '大床房（智能馬桶+智能窗簾+手機投屏）:HK$240', '高級大床房（智能馬桶+智能窗簾+手機投屏）:HK$251', '商務雙床房（智能馬桶+智能窗簾+手機投屏）:HK$251']"
如家酒店（朝陽新華路商業城店）,9.1,"['大床房:HK$147', '全新雙床房A:HK$147', '商務大床房:HK$156', '雙床房:HK$164']"
如家酒店·neo（朝陽財經學校店）,9.3,"['雙床房A:HK$156', '商務大床房A:HK$164', '雙床房:HK$172', '商務大床房:HK$180']"
如家素柏·雲酒店（朝陽友誼大街火車站店）,9.5,"['商務大床房:HK$193', '商務雙床房:HK$193', '商務套房:HK$200', '複式商務房:HK$226']"
如家酒店·neo（朝陽文化路興隆大家庭店）,8.6,"['雙床房A:HK$155', '大床房:HK$173', '雙床房:HK$181', '商務大床房:HK$190']"
佳泰連鎖商務賓館（朝陽大街店）,8.7,"['特惠大床房:HK$116', '商務大床房:HK$141', '商務標準房:HK$141', '豪華商務大床房:HK$158']"
朝陽思家公寓,9.4,"['一室一廳家庭房:HK$170', '温馨豪華兩居室:HK$181', '豪華三室一廳套房:HK$360']"
睿柏·雲酒店（朝陽佳泰店）,8.3,"['標準雙床房:HK$165', '商務大床房:HK$172', '高級大床房:HK$203', '高級雙床房:HK$203']"
朝陽雨薇民宿,9.7,"['精選乳膠床墊經濟陽光大床房（智能密碼鎖+滾筒洗衣機+電視會員）:HK$114', '精選巨幕投影陽光大床房 （影視會員洗衣機+冰箱+立式空調+智能密碼鎖）:HK$131', '彩雲觀景陽光大床房《全自動洗衣機+電視+智能密碼鎖》:HK$131', '優選靜音大床房（洗衣機+智能密碼鎖+電視會員）:HK$131']"
朝陽蜂巢電競酒店,8.4,"['電競大床房4060ti+i513400F:HK$194', '電競上下鋪房4060ti+i513400F+屏幕240HZ:HK$194', '電競三人間4060ti+i513400F:HK$268', '電競四人間4060ti+i513400F:HK$316']"
朝陽豪德商務賓館（第三高級中學店）,9.0,"['特價大床房:HK$140', '標準大床房:HK$156', '標準雙床房:HK$156', '豪華大床房:HK$193']"
朝陽一見傾心公寓,9.7,"['簡約套房:HK$165', '温馨套房:HK$177', '舒適套房:HK$197']"
朝陽繁星時尚快捷賓館,9.4,"['大床房-無窗:HK$67', '標準間:HK$76', '商務標準間:HK$85', '數碼大床間:HK$89']"
朝陽中亞商務賓館（興隆大家庭客運中心店）,7.7,"['特價標準間:HK$92', '特價大床房:HK$92', '標準間:HK$133', '大床房:HK$133']"
朝陽恆屹富達温泉養生賓館,8.4,"['特價大床房:HK$151', '標準間:HK$183', '大床房:HK$183', '套房:HK$216']"
朝陽遼西快捷賓館,9.3,"['普通雙人間（公共衞浴）:HK$76', '大床房c:HK$109', '普通三人間:HK$115', '大床房B:HK$126']"
朝陽簡舍民宿,7.7,['舒適一室通廳大床房·雙空調-淩河:HK$197']
朝陽君啟商務賓館,7.7,"['標準間:HK$151', '大床房:HK$151', '特惠大床房:HK$173', '商務標準間:HK$173']"
OYO朝陽五月花商務賓館,7.3,"['標準間:HK$83', '大床房:HK$83', '標準三人間:HK$105']"
朝陽好迪賓館,7.0,"['標準間:HK$130', '大床房:HK$145', '套房:HK$175']"
香蕉公寓（東方銀座店）,5.3,"['法式奶油大床房:HK$151', '夢幻梵曦大床房:HK$151', 'Loft小趴噠兔大床房（巨幕投影+洗衣機+冰箱）:HK$194']"
晟合旅店,6.6,"['標準雙床房:HK$82', '特價房（無空調）:HK$82', '大床房:HK$98', '三人間:HK$142']"
朝陽兩萬衹兔子短租公寓,6.0,"['一室一廳房:HK$157', '兩房一廳套房:HK$173', '豪德兩室一廳套房:HK$182', '豪德一室一廳套房:HK$182']"
朝陽宏宇旅館,5.9,"['大床房（公共衞浴）:HK$25', '雙床房（公共衞浴）:HK$44', '普通標間:HK$66', '標準間:HK$84']"
朝陽鴻緣旅社,5.8,"['普通雙人間:HK$59', '標準大床房:HK$96', '豪標準間:HK$153']"
朝陽宏泰旅館,2.9,['普通間A（公共衞浴）:HK$25']
朝陽安心旅館,6.2,"['普通大床房:HK$34', '普通雙床房:HK$44', '標準間:HK$64']"
山嶼湯温泉度假酒店,9.0,"['室外觀景温泉大床房:HK$800', '雅緻温泉標準間:HK$833', '棋牌温泉大床房:HK$833', '尊享景觀温泉露台大床房:HK$833', '逸居私湯公寓:HK$833']"
凌源成悦國際酒店,9.5,"['豪華雙床房:HK$384', '豪華大床房:HK$442', '豪華家庭房:HK$579', '至尊大床房:HK$1,096', '豪華套房·浴缸:HK$1,665']"
維也納酒店（北票騰飛之龍店）,9.9,"['標準大床房（零壓床墊+智能馬桶+語音智能）:HK$205', '高級大床房（零壓床墊+手機投屏+語音智能）:HK$231', '高級雙床房（零壓床墊+手機投屏+語音智能）:HK$231', '豪華大床房（語音智能+零壓床墊）:HK$257']"
喀喇沁左翼大成國際温泉酒店,9.6,"['高級雙床房:HK$326', '高級大床房:HK$327', '零壓靜眠舒適大床房（夢百合零壓床墊+夢百合深睡枕）:HK$392', '零壓靜眠舒適雙床房（夢百合零壓床墊+夢百合深睡枕）:HK$392', '豪華大床房:HK$424']"
凌源國際酒店,9.0,"['特惠商務雙床房:HK$250', '商務雙床房:HK$364', '商務大床房:HK$375', '家庭房:HK$384']"
瑞達·雲悦酒店,9.8,"['簡約大床房（語音小度 +零圧床墊 +加熱馬桶）:HK$170', '簡約雙床房（語音小度 +零圧床墊 +加熱馬桶）:HK$170', '舒適雙床房（語音小度 +零圧床墊 +加熱馬桶）:HK$203', '舒適大床房（語音小度 +零圧床墊 +加熱馬桶）:HK$203']"
晟興瑞錦酒店,9.3,"['普通大床房{智能客控+智能馬桶}:HK$142', '高級雙床套房{智能客控+會客沙發+智能馬桶}:HK$168', '高級大床房{智能客控+會客沙發+智能馬桶}:HK$175', '舒適大床房{智能客控+會客沙發+智能馬桶}:HK$193']"
如家商旅酒店（朝陽建平火車站鑫宇中央公園店）,9.5,"['大床房:HK$254', '高級大床房（手機電視投屏+沙發+茶几）:HK$262', '高級雙床房（手機電視投屏+沙發+茶几）:HK$262', '家庭房:HK$297']"
麗楓酒店（朝陽建平縣政府店）,9.9,"['高級大床房（無窗）:HK$261', '雅緻大床房:HK$271', '豪華大床房:HK$289', '純凈自然雙床房:HK$298']"
凌源龍回首酒店,8.8,"['零壓特價大床房:HK$211', '零壓豪華雙床房:HK$230', '特惠雙床房:HK$281', '零壓大床房:HK$292']"
漢庭酒店（朝陽建平客運站店）,9.6,"['高級大床房A:HK$215', '高級大床房:HK$243', '雙床房:HK$252', '商務大床房:HK$280']"
建平國際酒店,8.8,"['凈雅單床房:HK$163', '高級雙床房:HK$194', '舒適雙床房:HK$206', '尊享大床房:HK$217', '尊享雙床房:HK$249']"
漢庭酒店（喀左客運站店）,9.6,"['高級大床房:HK$227', '雙床房:HK$236', '高級雙床房:HK$255', '套房:HK$302']"
淩源賓館,9.2,"['特價雙床房（零壓舒眠+智能馬桶）:HK$202', '特價大床房（零壓舒眠+智能馬桶）:HK$206', '豪華雙床房（零壓舒眠+智能馬桶）:HK$221', '至尊大床房（零壓舒眠+智能馬桶）:HK$243']"
凌源凌鋼賓館,9.4,"['豪華大床房:HK$215', '舒適標準間:HK$252', '温馨套房:HK$1,095', '豪華套房:HK$2,165']"
尚客優品酒店（朝陽凌源恆發購物中心店）,9.3,"['特惠大床房-智能客控:HK$189', '優品大床房-智能客控:HK$210', '優馨大床房-智能客控:HK$220', '優享大床房-智能客控:HK$228']"
7天優品酒店（喀左政府店）,9.4,"['特優大床房:HK$137', '特優雙床房:HK$154', '優品大床房:HK$163', '優享大床房:HK$180']"
