酒店名称,评分,房型价格列表
本溪海聯酒店,9.1,"['精品無窗大床房:HK$138', '商務雙床房:HK$156', '豪華大床房:HK$164', '豪華雙床房:HK$164']"
本溪銀億智選酒店,9.1,"['智選簡約特惠房:HK$267', '智選親子上下鋪:HK$305', '智選招牌星空房:HK$326', '智選舒適豪華大床房:HK$387']"
漢庭酒店（本溪火車站二店）,9.6,"['高級大床房:HK$327', '商務大床房:HK$337', '商務雙床房:HK$337', '家庭房:HK$374']"
本溪溪水嶸園精品酒店,9.8,"['榻榻米房:HK$513', '園景雙床套房:HK$545', '標準大床房:HK$567', '豪華園景大床房:HK$655']"
如家商旅酒店（本溪火車站店）,9.5,"['大床房A:HK$216', '雙床房A:HK$224', '大床房:HK$233', '雙床房:HK$242']"
本溪縣天賜萬豪酒店,9.4,"['豪華山景房+斯林百蘭床墊:HK$326', '豪華雙床房+斯林百蘭床墊:HK$425', '豪華山景大床房+斯林百蘭床墊:HK$425', '沉浸式影音大床房+斯林百蘭床墊+100寸影音巨幕:HK$481', '智享呼吸雙床房+斯林百蘭床墊+空氣凈化系統:HK$481']"
如家酒店·neo（本溪火車站店）,9.6,"['大床房A:HK$263', '雙床房A:HK$272', '大床房:HK$282', '雙床房:HK$291']"
漢庭酒店（本溪火車站店）,9.4,"['大床房:HK$261', '高級大床房:HK$290', '雙床房:HK$290', '商務大床房:HK$299']"
本溪富虹國際飯店,8.6,"['高級大床房:HK$380', '高級河景大床房:HK$402', '高級雙床房:HK$402', '高級河景雙床房:HK$424', '豪華大床房:HK$435', '豪華河景大床房:HK$468']"
本溪銀億國際酒店,8.9,"['温馨大床房:HK$503', '温馨雙床房:HK$503', '豪華標準間:HK$569', '豪華大床房:HK$569', '商務大床房:HK$855', '商務雙床房:HK$855']"
怡萊酒店（本溪客運站店）,9.3,"['大床房:HK$141', '雙床房A:HK$151', '雙床房:HK$161', '高級大床房:HK$161']"
本溪滙溪湖賓館,9.4,"['商務標準間:HK$424', '豪華標準間:HK$457', '商務大床房:HK$555', '豪華大床間:HK$829', '豪華套房:HK$1,399']"
本溪巴里島國際酒店,8.1,"['商務雙床房:HK$242', '特惠大床房:HK$248', '商務大床房:HK$260', '親子家庭房:HK$297']"
明山區觀山立舍時尚快捷酒店,8.7,"['標準雙人間:HK$204', '温馨大床房:HK$218', '商務雙床房:HK$237', '親子房:HK$316']"
溪溪里民宿（本溪縣關門山湯溝温泉旅遊區店）,8.6,"['公寓樓温泉大床房:HK$836', '公寓樓輕奢巨幕觀影温泉大床房:HK$836', '公寓樓温泉雙床房:HK$836', '公寓樓巨幕觀影麻將套房:HK$2,090', '公寓樓巨幕觀影麻將温泉家庭套房:HK$2,786']"
本溪峪澗吾舍精品民宿,9.8,"['吾舍小榻榻米房:HK$589', '峪澗大床房:HK$698', '峪澗景觀大床房:HK$720', '吾舍聚會榻榻米房:HK$873']"
本溪龍鳯酒店,9.6,"['標準大床房:HK$331', '標準雙床房:HK$331', '精品大床房:HK$441', '商務雙床房:HK$441', '行政大套房:HK$774']"
本溪雲岫小駐鄉村民宿,8.6,"['知青歲月 .翠花家:HK$129', '知青歲月.會計家:HK$129', '芍葯詩韻小院:HK$327', '知青歲月，書記家:HK$327']"
如家酒店（本溪客運站店）,8.9,"['雙床房A:HK$162', '商務大床房A:HK$162', '雙床房:HK$179', '商務大床房:HK$179']"
本溪晟麥休閑別墅,9.0,"['晟麥山谷之橄欖別墅:HK$1,694', '晟麥山谷之月見別墅:HK$1,694', '晟麥山谷之紫蘇別墅:HK$1,803', '晟麥山谷之亞麻別墅:HK$1,912']"
雲水閣民宿,10.0,"['特價陽光房（公共衞浴）:HK$74', '精品雙床房:HK$108', '精品大床房:HK$113', '豪華雙床房:HK$188']"
本溪憩緣旅店,7.6,"['標準雙床房:HK$76', '商務雙床房:HK$98', '舒適三人間:HK$98', '標準大床房:HK$98']"
夢幻微瀾家庭民宿（英勇社區店）,1.0,['異域風情大床房:HK$154']
本溪縣楓香谷温泉度假酒店,9.2,"['温馨童趣親子房-GIRL:HK$1,200', '温馨童趣親子房-Boy:HK$1,200']"
簡樸寨度假村（大石湖風景區店）,9.2,"['簡舍標準間:HK$326', '簡舍大床房:HK$326', '檐屋標準間:HK$347', '檐屋親子房:HK$402']"
本溪楓葉山莊,9.0,"['一號樓標間:HK$199', '一號樓大床房:HK$199', '二號樓標間:HK$262', '二號樓商務標間:HK$315']"
本溪綠石谷温泉假日酒店,9.5,"['舒適雙床房:HK$337', '舒適大床房:HK$389', '親子三人房:HK$631', '家庭四人房:HK$743']"
桓仁隆興國際大酒店（音樂噴泉店）,9.2,"['高級雙床房| 深睡床品·乾濕分離:HK$275', '豪華雙床房| 深睡床品·乾濕分離:HK$309', '豪華大床房| 深睡床品·乾濕分離:HK$364', '豪華江景雙床房| 深睡床品·乾濕分離:HK$364']"
桓仁漫谷度假小鎮,9.0,"['森林療愈樹屋精緻雙人房:HK$545', '溪谷雅緻雙床房:HK$545', '城堡園景大床房:HK$545', '溪谷雙床房:HK$655', '城堡山景大床房:HK$655']"
本溪湯溝依山壹墅,9.4,"['雙床房:HK$315', '主題大床房:HK$424', '主題親子房:HK$533', '榻榻米房:HK$643']"
本溪縣萃和園賓館,9.2,"['標準間（前樓）:HK$200', '標準雙人間（前樓）:HK$215', '豪華大床房（前樓）:HK$215', '豪華雙床房:HK$296']"
桓仁金星賓館,9.4,"['電炕榻榻米房:HK$141', '普通標間【全屋智能小度語音控制】:HK$152', '標準大床房【全屋智能小度語音控制】:HK$196', '商務標間【全屋智能小度語音控制+投影】:HK$217']"
本溪泓景源民宿,8.0,"['輕享三人房:HK$293', '舒適四人房:HK$358', '家庭五人房:HK$402']"
本溪縣悠然的民宿,8.5,"['大床房:HK$295', '親子大床房:HK$317', '家庭雙床房:HK$382', '遠景大房:HK$448']"
清雅居民宿,9.9,['清雅居山居温泉家庭房:HK$382']
本溪縣假日温泉度假酒店,8.4,"['大床麻將房:HK$413', '特價大床房:HK$413', '特價標準間:HK$413', '高端商務標間:HK$475']"
7天酒店（本溪桓仁店）,9.2,"['新7天自在大床房（智能客控+電動馬桶+一次性面巾）:HK$259', '新7天舒適大床房（智能客控+電動馬桶+一次性面巾）:HK$282', '新7天舒適雙床房（智能客控+電動馬桶+一次性面巾）:HK$305', '新7天舒適家庭房（智能客控+電動馬桶+一次性面巾）:HK$353']"
觀山居民宿,10.0,"['沐陽山景房:HK$403', '盈月:HK$403', '雲瀾山景房:HK$414', '聽雨山景房:HK$414']"
嗯吶.套房,10.0,"['嗯吶·雙床套房（專屬充電樁+過山車麻將機+雙床+沙發床）:HK$752', '商務套房（專屬充電樁+桌球+過山車麻將機+K歌）:HK$1,256']"
桓仁蔡龍麟酒莊,8.6,"['簡約標準房:HK$228', '輕奢雙床房:HK$251', '標準雙床房:HK$274', '簡約大床房:HK$274']"
本溪溪谷故事民宿,9.2,"['瑤芳~家庭房:HK$271', '林澗20:HK$282', '望岳3-904:HK$282', '曉青山419:HK$282']"
本溪觀山湖熙康雲舍健康度假酒店,9.7,"['城堡園景雙床房:HK$1,112', '城堡山景雙床房:HK$1,222', '城堡山景温泉套房:HK$1,550', '城堡園景親子套房:HK$1,877', '温泉別墅雙床房:HK$1,987', '温泉別墅套房:HK$1,987']"
本溪縣玉龍灣度假村,7.8,"['四人間電炕房:HK$165', '平房標準雙標間:HK$184', '平房温馨親子三人間:HK$184', '平房温馨家庭四人間:HK$184']"
無憂小住民宿,10.0,"['侯雨:HK$219', '等風:HK$262', '無憂:HK$327', '拾光:HK$492']"
本溪縣楓林小院,9.4,"['標準暖炕房:HK$216', '精品家庭房:HK$282', '六人家庭房:HK$282', '精品榻榻米房:HK$304']"
桓仁邊石哈達生態農莊,8.3,"['標準間:HK$208', '生態木屋:HK$208', '知春:HK$1,868', '知夏:HK$1,868']"
本溪縣花沐和福温馨公寓,9.8,"['三室空調房:HK$315', '三室一廳空調麻將榻榻米房:HK$319', '3室1廳榻榻米房:HK$337']"
一桐茗宿賓館,9.8,"['榻榻米房:HK$108', '大床房:HK$137', '標準雙人間:HK$137', '家庭間:HK$176']"
本溪縣和福公寓,9.4,['榻榻米套房:HK$227']
本溪縣欣竹商務賓館,8.3,"['特惠情侶大床房:HK$151', '輕奢標準雙床房:HK$195', '豪華情侶大床房:HK$195', '精品雙人榻榻米房1220:HK$195']"
