酒店名称,评分,房型价格列表
如家酒店·neo（本溪火車站店）,9.6,"['雙床房A:HK$244', '大床房A:HK$244', '雙床房:HK$263', '大床房:HK$263']"
和頤至尚酒店（本溪客運站店）,9.5,"['雙床房（小度智能客控+手機投屏+零壓棉枕）:HK$358', '大床房A（小度智能客控+手機投屏）:HK$358', '大床房（小度智能客控+手機投屏+零壓棉枕）:HK$395', '家庭房（小度智能客控+迷你冰箱+零壓棉枕）:HK$431', '高級大床房（小度智能客控+迷你冰箱+零壓棉枕）:HK$450']"
溪溪里民宿（本溪縣關門山湯溝温泉旅遊區店）,8.6,"['公寓樓温泉大床房:HK$835', '公寓樓輕奢巨幕觀影温泉大床房:HK$835', '公寓樓温泉雙床房:HK$835', '公寓樓巨幕觀影麻將套房:HK$2,088', '公寓樓巨幕觀影麻將温泉家庭套房:HK$2,784']"
怡萊酒店（本溪客運站店）,9.3,"['大床房:HK$141', '雙床房A:HK$151', '雙床房:HK$160', '高級大床房:HK$160']"
本溪銀億智選酒店,8.7,"['智選簡約特惠房:HK$267', '智選親子上下鋪:HK$305', '智選招牌星空房:HK$326', '智選舒適豪華大床房:HK$387']"
漢庭酒店（本溪火車站店）,9.3,"['大床房:HK$255', '高級大床房:HK$283', '雙床房:HK$283', '商務大床房:HK$292']"
如家商旅酒店（本溪火車站店）,9.5,"['大床房A:HK$207', '雙床房A:HK$216', '大床房:HK$224', '雙床房:HK$233']"
漢庭酒店（本溪火車站二店）,9.6,"['高級大床房:HK$327', '商務大床房:HK$337', '商務雙床房:HK$337', '家庭房:HK$374']"
本溪溪水嶸園精品酒店,9.9,"['標準大床房:HK$437', '榻榻米房:HK$512', '園景雙床套房:HK$545', '豪華園景大床房:HK$654']"
本溪巴里島國際酒店,8.1,"['商務雙床房:HK$201', '特惠大床房:HK$203', '商務大床房:HK$216', '親子家庭房:HK$250']"
本溪縣天賜萬豪酒店,9.4,"['豪華山景房+斯林百蘭床墊:HK$326', '豪華雙床房+斯林百蘭床墊:HK$424', '豪華山景大床房+斯林百蘭床墊:HK$424', '沉浸式影音大床房+斯林百蘭床墊+100寸影音巨幕:HK$481', '智享呼吸雙床房+斯林百蘭床墊+空氣凈化系統:HK$481']"
本溪峪澗吾舍精品民宿,9.8,"['吾舍小榻榻米房:HK$518', '峪澗大床房:HK$614', '峪澗景觀大床房:HK$633', '吾舍聚會榻榻米房:HK$768']"
如家酒店（本溪客運站店）,8.9,"['雙床房A:HK$158', '商務大床房A:HK$158', '雙床房:HK$174', '商務大床房:HK$174']"
本溪銀億國際酒店,8.8,"['温馨大床房:HK$503', '温馨雙床房:HK$503', '豪華標準間:HK$569', '豪華大床房:HK$569', '商務大床房:HK$855', '商務雙床房:HK$855']"
本溪新瑪特簡愛日租公寓,8.8,"['特價温馨大床房:HK$147', '温馨一室一廳套房:HK$156', '歐式大床房:HK$156', '精緻兩室一廳:HK$249']"
明山區觀山立舍時尚快捷酒店,8.7,"['標準雙人間:HK$204', '温馨大床房:HK$218', '商務雙床房:HK$237', '親子房:HK$316']"
本溪富虹國際飯店,8.6,"['高級大床房:HK$380', '高級河景大床房:HK$402', '高級雙床房:HK$402', '高級河景雙床房:HK$424', '豪華大床房:HK$435', '豪華河景大床房:HK$467']"
本溪龍鳯酒店,9.5,"['標準大床房:HK$331', '標準雙床房:HK$331', '精品大床房:HK$441', '商務雙床房:HK$441', '行政大套房:HK$773']"
雲水閣民宿,10.0,"['特價陽光房（公共衞浴）:HK$74', '精品雙床房:HK$108', '精品大床房:HK$112', '豪華雙床房:HK$188']"
本溪晟麥休閑別墅,9.0,"['晟麥山谷之橄欖別墅:HK$1,693', '晟麥山谷之月見別墅:HK$1,693', '晟麥山谷之紫蘇別墅:HK$1,802', '晟麥山谷之亞麻別墅:HK$1,911']"
本溪滙溪湖賓館,9.4,"['商務標準間:HK$424', '豪華標準間:HK$456', '商務大床房:HK$555', '豪華大床間:HK$829', '豪華套房:HK$1,398']"
本溪溪鵬賓館,8.4,"['特惠房（無法洗浴）:HK$71', '經濟大床房:HK$87', '標準間（無窗）:HK$109', '大床房:HK$109']"
本溪憩緣旅店,7.6,"['標準雙床房:HK$76', '商務雙床房:HK$98', '舒適三人間:HK$98', '標準大床房:HK$98']"
本溪安鑫旅店,6.3,['雙人標準間:HK$93']
夢幻微瀾家庭民宿（英勇社區店）,1.0,['異域風情大床房:HK$154']
本溪雲岫小駐鄉村民宿,8.6,"['知青歲月 .翠花家:HK$129', '知青歲月.會計家:HK$129', '芍葯詩韻小院:HK$327', '知青歲月，書記家:HK$327']"
本溪縣楓香谷温泉度假酒店,9.2,"['温馨童趣親子房-GIRL:HK$1,226', '温馨童趣親子房-Boy:HK$1,226']"
本溪觀山湖熙康雲舍健康度假酒店,9.7,"['城堡園景雙床房:HK$1,112', '城堡山景雙床房:HK$1,221', '城堡山景温泉套房:HK$1,549', '城堡園景親子套房:HK$1,876', '温泉別墅雙床房:HK$1,985', '温泉別墅套房:HK$1,985']"
本溪楓葉山莊,9.0,"['一號樓標間:HK$199', '一號樓大床房:HK$199', '二號樓標間:HK$262', '二號樓商務標間:HK$315']"
浩哥温泉民宿,9.9,"['精品大床榻榻米房1110:HK$467', '精品山景大床榻榻米1012:HK$467', '山景精品大床房1112:HK$489', '山景温泉大床榻榻米房616（投影120寸）:HK$489']"
伴山小築民宿,9.3,"['標準間205:HK$220', '標準大床房201:HK$220', '標準間204:HK$220', '山景大床房202:HK$311']"
溪谷小屋,9.5,['輕奢私湯大床房:HK$435']
本溪綠石谷温泉假日酒店,9.5,"['舒適雙床房:HK$336', '舒適大床房:HK$389', '親子三人房:HK$630', '家庭四人房:HK$743']"
本溪森谷温泉民宿,9.1,"['森谷榻榻米温泉三人房（一線山景+1.8米正方私湯泡池）:HK$610', '幸福小屋（一線山景+私湯泡池）:HK$610', '遇見小屋（一線山景+私湯泡池）:HK$610', '邂逅小屋（一線山景+私湯泡池+麻將房）:HK$610']"
本溪縣福興温泉酒店,8.3,"['閣樓温泉浴池地炕房:HK$325', '麻將榻榻米温泉木桶房:HK$336', '大床温泉浴缸房:HK$358', '大床温泉浴池房:HK$358']"
一桐茗宿賓館,9.8,"['榻榻米房:HK$108', '大床房:HK$137', '標準雙人間:HK$137', '家庭間:HK$177']"
桓仁漫谷度假小鎮,9.1,"['森林療愈樹屋精緻雙人房:HK$545', '溪谷雅緻雙床房:HK$545', '城堡園景大床房:HK$545', '溪谷雙床房:HK$654', '城堡山景大床房:HK$654']"
觀山居民宿,10.0,"['沐陽山景房:HK$403', '盈月山景房:HK$403', '雲瀾山景房:HK$414', '聽雨山景房:HK$414']"
桓仁隆興國際大酒店（音樂噴泉店）,9.2,"['高級雙床房| 深睡床品·乾濕分離:HK$275', '豪華雙床房| 深睡床品·乾濕分離:HK$308', '豪華大床房| 深睡床品·乾濕分離:HK$364', '豪華江景雙床房| 深睡床品·乾濕分離:HK$364']"
本溪縣萃和園賓館,9.2,"['標準間（前樓）:HK$200', '標準雙人間（前樓）:HK$215', '豪華大床房（前樓）:HK$215', '豪華雙床房:HK$296']"
璟樂居民宿,9.6,"['家庭三人間105:HK$260', '標準雙床房201:HK$260', '舒適大床房102:HK$260', '家庭三人間103:HK$260']"
本溪衍水山居民宿,10.0,"['標準三人間:HK$108', '標準四人間:HK$137']"
嗯吶.套房,10.0,"['嗯吶·雙床套房（專屬充電樁+過山車麻將機+雙床+沙發床）:HK$751', '商務套房（專屬充電樁+桌球+過山車麻將機+K歌）:HK$1,255']"
桓仁江南水鎮酒店,9.2,"['標準間-可吸煙:HK$304', '大床房-可吸煙:HK$304', '四合院標準間:HK$304', '三人間-可吸煙:HK$358', '家庭房-可吸煙:HK$358']"
桓仁金星賓館,9.5,"['電炕榻榻米房:HK$141', '普通標間【全屋智能小度語音控制】:HK$152', '標準大床房【全屋智能小度語音控制】:HK$195', '商務標間【全屋智能小度語音控制+投影】:HK$217']"
本溪溪谷故事民宿,9.2,"['瑤芳~家庭房:HK$271', '林澗20:HK$282', '望岳3-904:HK$282', '曉青山419:HK$282']"
本溪縣假日温泉度假酒店,8.7,"['大床麻將房:HK$391', '特價大床房:HK$391', '特價標準間:HK$391', '高端商務標間:HK$450']"
本溪泓景源民宿,8.0,"['輕享三人房:HK$370', '舒適四人房:HK$447', '家庭五人房:HK$520']"
本溪湯溝依山壹墅,9.4,"['雙床房:HK$315', '主題大床房:HK$424', '主題親子房:HK$533', '榻榻米房:HK$642']"
本溪縣楓林小院,9.4,"['標準暖炕房:HK$216', '精品家庭房:HK$282', '六人家庭房:HK$282', '精品榻榻米房:HK$304']"
