酒店名称,评分,房型价格列表
杭州西湖藝龍酒店,9.5,"['雅緻大床房:HK$395', '心悦高級大床房:HK$443', '心悦高級雙床房:HK$443', '藝心豪華大床房:HK$480', '心悦家庭雙床房:HK$480', '不凡行政大床房[全屋智能+超大飄窗+小冰箱]:HK$552']"
浙江飯店,9.5,"['精緻大床房:HK$468', '精緻雙床房:HK$556', '城景大床房:HK$578', '城景雙床房:HK$632', '名人悦享大床房:HK$723']"
杭州馬可波羅濱湖酒店（西湖湖濱店）,9.5,"['特惠大床房（無窗）:HK$328', '特惠雙床房（無窗）:HK$328', '豪華大床房:HK$437', '豪華雙床房:HK$470', '商務大床房:HK$492']"
曼納德國際酒店（杭州華豐路地鐵站店）,9.4,"['雲感丨商務大床房（智能客控）:HK$333', '雲感丨舒適大床房（智能客控）:HK$376', '雲感丨高級雙床房（智能客控）:HK$387', '雲感丨家庭房（智能客控）:HK$408', '雲端丨悦享套房:HK$419']"
杭州仁和飯店,9.4,"['韻·商務大床房（無窗）:HK$545', '暻·雙床房:HK$617', '雅·商大床房:HK$674', '豪華大床房:HK$720', '漫旅雙床房:HK$749']"
全季酒店（杭州西湖湖濱步行街店）,9.6,"['大床房A:HK$387', '大床房:HK$444', '高級大床房A:HK$473', '高級大床房:HK$529']"
西湖竹澗憶塘民宿,9.0,"['簡約雙床房:HK$320', '閣樓星空榻榻米房（帶露台）:HK$327', '特惠大床房:HK$327', '舒適雙床房:HK$355']"
一豎酒店（杭州西湖湖濱店）,9.4,"['大床房:HK$338', '高級大床房:HK$369', '庭院大床房:HK$400', '榻榻米大床房:HK$400']"
珏品設計師酒店（杭州奧體博覽城店）,9.3,"['優享大床房[液晶投屏]:HK$323', '優享雙床房[液晶投屏]:HK$333', '樂享大床房[液晶投屏+迷你冰箱]:HK$365', '致享雙床房[液晶投屏+迷你冰箱]:HK$385', '致享大床房[液晶投屏+迷你冰箱]:HK$491']"
歡迎酒店（杭州蕭山國際機場店）,9.5,"['行政大床房（智能馬桶，乳膠床墊，55寸投屏）:HK$?', '行政雙床房（智能馬桶，乳膠床墊，55寸投屏）:HK$?', '行政套房（智能馬桶，乳膠床墊，55寸投屏）:HK$?', '温馨親子行政套房（智能馬桶，乳膠床墊，55寸投屏）:HK$?', '高級大床房（智能馬桶，乳膠床墊，55寸投屏）:HK$?']"
西湖方圓小舍,9.7,"['桂雨:HK$454', '尋芳:HK$476', '聽風:HK$507', '悦溪:HK$560']"
憶泊酒店（杭州西湖店）,9.5,"['雲舍大床房:HK$462', '泊舍大床房:HK$552', '泊舍雙床房:HK$598', '憶舍精彩大床房:HK$915']"
宇優溪上度假酒店（杭州西溪濕地店）,9.3,"['零壓無窗雙床:HK$297', '温馨大床房:HK$368', '高級大床房:HK$382', '高級雙床房:HK$382', '觀景大床房:HK$411']"
杭州蘭卡精品酒店（西湖風景區古盪地鐵站）,9.3,"['高級大床房:HK$305', '高級雙床房:HK$305', '商務大床房:HK$379', '精選假日大床房:HK$393', '豪華躍層家庭房:HK$545']"
杭州武林廣場西湖文化廣場西子裏·藝術酒店,9.6,"['宜居大床房【記憶深睡枕+藍牙音響+高速吹風機】:HK$360', '西湖山景雙床房【深睡記憶枕+藍牙音響+高速吹風機】:HK$360', '尊享城景大床房【深睡記憶枕+藍牙音響+高速吹風機】:HK$420', '城景大床房【深睡記憶枕+藍牙音響+高速吹風機】:HK$468']"
杭州璞憬酒店,9.4,"['智·雅緻大床房 （全屋智控、乳膠床墊、零壓枕頭）:HK$339', '景·甄選城景大床房（全屋智控、乳膠床墊、零壓枕頭）:HK$369', '景·甄選城景雙床房（全屋智控、乳膠床墊、零壓枕頭）:HK$399', '景·全視野凌空城景大床房（全屋智控乳膠床墊零壓枕）:HK$429', '璞·小黃鴨主題親子房（全屋智控、乳膠床墊、零壓枕）:HK$474']"
西湖存翠居,9.5,"['高級閣樓大床房502:HK$332', '榻榻米房201、301、402:HK$379', '高級雙床房305:HK$399', '鞦韆大床房501:HK$425']"
杭州友好飯店,9.6,"['和風雅緻房:HK$610', '商務雙床房:HK$820', '湖景雅緻房:HK$852', '翡麗女神房:HK$863', '豪華大床房:HK$950']"
藝龍酒店（杭州拱宸橋景區店）,9.7,"['心悦大床房（戴森吹風+全屋智能+舒達床墊+冰箱）:HK$318', '心悦雙床房（戴森吹風+全屋智能+舒達床墊+冰箱）:HK$318', '藝心大床房（戴森吹風+全屋智能+舒達床墊+冰箱）:HK$349', '藝心雙床房（戴森吹風+全屋智能+舒達床墊+冰箱）:HK$349', '不凡雙床房（戴森吹風+全屋智能+舒達床墊+冰箱）:HK$392']"
杭州蓮遇酒店,9.4,"['特惠房:HK$585', '森系園景房:HK$721', '森系景觀房:HK$810', '森系園景親子房:HK$855']"
杭州西湖東坡酒店,9.3,"['特惠大床房:HK$413', '精緻雙床房:HK$427', '温馨雙床房:HK$511', '雅緻大床房:HK$537', '悦享標準間:HK$585']"
杭州納德世家,9.3,"['特惠標準房+全景玻璃視野:HK$545', '特惠大床房+全景玻璃視野:HK$545', '豪華大床房+全景玻璃視野:HK$600', '豪華標準房+全景玻璃視野:HK$600', '商務大床房+全景玻璃視野:HK$656']"
全季酒店（杭州西湖黃龍時代廣場店）,9.7,"['大床房:HK$369', '高級大床房:HK$397', '商務大床房:HK$426', '商務雙床房:HK$426']"
杭州龍湖紫荊天街未來裏酒店,9.4,"['高級大床房（智能客控+智能馬桶）:HK$330', 'LOFT智能雙床房（智能客控+智能馬桶）:HK$352', '豪華大床房（智能客控+智能馬桶）:HK$362', '豪華雙床房（智能客控+智能馬桶）:HK$370', '城景智能大床房（270°景觀+智能客控+智能客控）:HK$406']"
杭州西湖東智選假日酒店,9.4,"['高級大床房:HK$403', '高級雙床房:HK$403', '落地窗城景雙床房:HK$422', '落地窗城景大床房:HK$422', '特色湖景大床房:HK$440']"
開元名庭酒店（杭州蕭山國際機場客運大樓店）,9.4,"['開元雙床房 【乳膠床墊 • 小冰箱 • 投屏 • 智能馬桶】:HK$284', '開元大床房【乳膠床墊 • 小冰箱 • 投屏 • 智能馬桶】:HK$284', '高級雙床房【智能馬桶 • 小冰箱 • 投屏 • 乳膠床墊】:HK$332', '高級大床房【智能馬桶 • 小冰箱 • 投屏 • 乳膠床墊】:HK$352', '豪華雙床房【乳膠床墊 • 小冰箱 • 投屏 • 智能馬桶】:HK$400']"
杭州祺悦西湖宋胤酒店,9.2,"['睡眠榻榻米（無窗）:HK$382', '雅緻大床房:HK$399', '豪華榻榻米:HK$473', '豪華大床房:HK$492']"
扉縵酒店（杭州西湖湖濱解放路店）,9.6,"['大床房（投屏65寸電視+智能客控+深睡床墊）:HK$358', '商務大床房（投屏65寸電視+智能客控+深睡床墊）:HK$396', '高級雙床房（投屏65寸電視+智能客控+深睡床墊）:HK$469', '高級大床房（投屏65寸電視+智能客控+深睡床墊）:HK$469', '家庭房（投屏65寸電視+智能客控+深睡床墊）:HK$525']"
杭州成均君亭酒店（浙大城市學院店）,9.5,"['豪華大床房（智能語音+智能潔具+徠芬吹風機+金可兒床墊）:HK$488', '豪華雙床房（智能語音+徠芬吹風機+金可兒床墊）:HK$498', '四季家庭三人房（智能語音+徠芬吹風機+金可兒床墊）:HK$529', '四季大床房（沙發床+智能語音+智能潔具+徠芬吹風機+金可兒床墊）:HK$540', '四季雙床房（智能語音+智能潔具+徠芬吹風機+金可兒床墊）:HK$540']"
杭州錢江新城城星路地鐵站雷迪森維嘉酒店,9.6,"['標準大床房（零壓床墊+液晶投屏+舒適乳膠枕）:HK$353', '標準雙床房（零壓床墊+液晶投屏+舒適乳膠枕）:HK$353', '高級雙床房（零壓床墊+液晶投屏+舒適乳膠枕）:HK$396', '高級大床房（零壓床墊+液晶投屏+舒適乳膠枕）:HK$396', '豪華大床房（零壓床墊+液晶投屏+舒適乳膠枕+迷你冰箱+水吧枱）:HK$439']"
杭州西湖湖濱河坊街花築般藍酒店,9.5,"['精選大床房（陽光滿屋+智能音控）:HK$471', '精選雙床房（陽光滿屋+智能音控）:HK$541', '智能大床房（鳥瞰五柳巷景觀）:HK$559', '智能雙床房（陽光滿屋+智能音控）:HK$602', '景觀大床房（動人夜景+小冰箱）:HK$646']"
杭州西湖米蘭酒店,9.4,"['陽光榻榻米房（智能語音+私享Coffee機+智能潔具）:HK$525', '靜享大床房（智能語音+私享Coffee機+智能潔具）:HK$557', '高級大床房（智能語音+私享Coffee機+智能潔具）:HK$622', '高級雙床房（智能語音+私享Coffee機+智能潔具）:HK$697', '豪華大床房（城市景觀+智能語音+私享Coffee機+智能潔具）:HK$697']"
杭州西湖武林廣場蘭歐國際酒店,9.4,"['蘭歐智能影音大床房-75寸高清（含騰訊會員）:HK$403', '蘭歐高級大床房:HK$513', '蘭歐城景大床房:HK$534', '蘭歐高級雙床房:HK$545', '蘭歐西湖景觀大床房:HK$576']"
世紀雅緻酒店（杭州錢江世紀城奧體博覽城店）,9.4,"['蘭逸高級大床房（智能馬桶+LED化粧鏡+電動窗簾）:HK$385', '蘭逸高級雙床房（智能馬桶+LED化粧鏡+電動窗簾）:HK$385', '蘭逸經典大床房（智能馬桶+LED化粧鏡+電動窗簾）:HK$460', '蘭逸經典雙床房（智能馬桶+LED化粧鏡+電動窗簾）:HK$478', '蘭逸豪華大床房（智能馬桶+LED化粧鏡+電動窗簾）:HK$524']"
Rs酒店（杭州蕭山機場大會展中心店）,9.3,"['高級智能雙床房:HK$349', '北歐LOFT無窗房:HK$470', '山洞野趣房:HK$470', '北歐雙床房:HK$539', '北歐浪漫浴缸房:HK$539']"
杭州星都賓館,9.7,"['商務大床房:HK$544', '商務超大雙床房:HK$544', '豪華超大雙床房:HK$653', '豪華大床房:HK$653', '行政零壓大床房:HK$764']"
和頤至尊酒店（杭州西湖湖濱步行街店）,9.3,"['大床房（智能客控+小冰箱）:HK$350', '雙床房（智能客控+小冰箱）:HK$368', '商務大床房（智能客控+小冰箱）:HK$386', '高級雙床房（智能客控+小冰箱）:HK$440']"
杭州運河雷迪森維嘉酒店,9.3,"['舒適大床房+智能投屏+舒睡助眠:HK$359', '舒適雙床房+智能投屏+舒睡助眠:HK$359', '豪華雙床房+智能投屏+舒睡助眠:HK$463', '豪華大床房+智能投屏+舒睡助眠:HK$463', '嘉景大床房+智能投屏+舒睡助眠+功夫茶具:HK$504']"
杭州禮頓酒店（新天地西文街地鐵站店）,9.8,"['標準大床房:HK$457', '標準雙床房:HK$457', '行政大床房:HK$511', '家庭房:HK$511', '家庭套房:HK$600']"
柏納酒店（西湖文化廣場地鐵站店）,9.3,"['臻享大床房:HK$239', '商務大床房:HK$281', '臻享雙床房:HK$283', '零壓大床房:HK$347']"
杭州西湖湖濱五星灣酒店（吳山廣場店）,9.5,"['智能温馨大床房（帶新風系統）:HK$382', '星灣智能大床房（帶新風系統）:HK$411', '星灣智能雙床房（帶新風系統）:HK$439', '舒適大床房:HK$439']"
夕霞小築（西湖斷橋店）,9.1,"['舒適大床房:HK$484', '豪華大床房:HK$629', '豪華標準間:HK$654', '獨立庭院大床房:HK$747']"
杭州西湖武林廣場建國北路亞朵酒店,9.6,"['雅緻大床房:HK$439', '雅緻雙床房:HK$439', '高級雙床房-恆温直飲水機:HK$466', '高級大床房-恆温直飲水機:HK$484', '幾木雙床房-亞朵星球深睡枕Pro+恆温直飲水機:HK$511']"
憶泊酒店（杭州臨平店）,9.8,"['雲舍城景大床房+零壓舒緩枕:HK$393', '雲舍城景雙床房+乳膠床墊:HK$393', '泊舍輕奢大床房+乳膠床墊+舒適浴缸:HK$425', '小黃鴨親子雙床房+零壓舒緩枕:HK$425', '憶舍精彩大床房+舒適休閑浴缸:HK$480']"
杭州汐糖民宿,9.6,"['河景大床房:HK$379', '院景大床房:HK$418', '懷舊大床房:HK$490', '榻榻米大床房:HK$565']"
杭州富陽璟新君亭酒店,9.6,"['高級雙床房:HK$457', '豪華雙床房:HK$511', '豪華大床房:HK$511', '商務大床房:HK$566', '親子家庭房:HK$588', '行政套房:HK$970']"
念庭·NiTi 270°茶山觀景花園美宿（西湖靈隱寺店）,9.4,"['茯苓丨花園山景·大床房:HK$337', '剪秋丨觀山景·大床房:HK$337', '澤蘭丨觀山景·大床房:HK$348', '宜笑丨日式風·大床房:HK$381']"
西湖78號紫薇精品小院,9.7,"['榻榻米大床房:HK$402', '山景大床房:HK$437', '陽台精緻大床房:HK$459', '露台大床房:HK$493']"
杭州領軍酒店（錢江新城店）,9.5,"['智能現代簡約大床房:HK$481', '城景商務大床房:HK$508', '景觀親子家庭房:HK$621', '景觀投影大床房:HK$652', '智能江景大床房:HK$679']"
如家精選酒店（杭州西湖湖濱河坊街步行街店）,9.3,"['大床房A:HK$287', '商務大床房:HK$305', '雙床房A:HK$314', '高級雙床房:HK$359']"
