酒店名称,评分,房型价格列表
山之葉服務公寓酒店（厚街萬達廣場寮廈地鐵站店）,9.7,"['秋葉大床房（功夫茶具）:HK$402', '秋葉雙床房:HK$402', '秋葉高級雙床房:HK$481', '山意大床房（帶廚房+多功能冰箱）:HK$493', '秋葉套房（開放式廚房+洗烘一體洗衣機+多功能冰箱）:HK$589']"
東莞大朗希爾頓歡朋酒店,9.8,"['舒適雙床房:HK$424', '高級雙床房:HK$469', '舒適大床房:HK$479', '高級大床房:HK$512', '豪華雙床房:HK$521']"
東莞西平新地中心亞朵酒店,9.7,"['高級大床房:HK$423', '高級雙人房:HK$423', '行政大床房:HK$466', '行政雙床房:HK$466', '幾木大床房:HK$508']"
Ht酒店（東莞塘廈高鐵南站店）,9.6,"['舒適高級大床房（智能客控+電動窗簾）:HK$185', '靜謐榻榻米大床房（全屋智能+小度音響）:HK$207', '智能商務雙床房（全屋客控）:HK$225', '浪漫浴缸智享間（全屋智能+夏日冰箱）:HK$231']"
歐斯卡國際酒店（黃江大道星光城店）,9.8,"['商務大床房【冰箱＋浴袍＋高清投屏＋智能馬桶】:HK$247', '豪華大床房【小度+冰箱＋浴缸＋高清投屏＋智能馬桶】:HK$269', '影音大床房【冰箱＋浴缸＋巨幕投影＋智能馬桶】:HK$275', '影音雙床房【冰箱＋浴袍＋巨幕投影＋智能馬桶】:HK$275', '行政大床套房【冰箱＋浴缸＋高清投屏＋智能馬桶】:HK$398']"
東莞松山湖希爾頓歡朋酒店,9.6,"['高級園景大床房:HK$661', '豪華大床房:HK$701', '豪華雙床房:HK$739', '歡朋套房:HK$970', '商務花園套房:HK$1,736']"
蘭悅東方酒店（東莞大朗松山湖店）,9.7,"['設計師CDD｜商務大床房【智控+智能馬桶+小冰箱】:HK$294', '設計師CDD｜豪華大床房【智能客控+智能馬桶】:HK$305', '設計師CDD｜商務雙床房【智控+智能馬桶+小冰箱】:HK$316', '設計師CDD｜純凈大床房【純凈空氣+加濕器+除蟎儀】:HK$322', '設計師CDD｜商務尊享房【純凈空氣+智控+商務茶台】:HK$371']"
名悦酒店（厚街萬達廣場店）,9.4,"['標準大床房:HK$200', '商務大床房:HK$221', '豪華大床房:HK$235', '商務雙床間:HK$242']"
宜致酒店（東莞東坑大道北店）,9.6,"['ECHIC|雅緻大床房·小度全屋智能·帶婦洗智能馬桶:HK$282', 'ECHIC|商務大床房·零壓枕頭床品+冰箱+小度+智能馬桶:HK$298', 'ECHIC商務雙床房·大Size雙床+小度+高清投屏+婦洗馬桶:HK$326', 'ECHIC行政大床房·高清投屏+安靜+冰箱+小度+智能馬桶:HK$326', 'ECHIC|行政雙床房·飄窗榻榻米·大Size雙人床·小度:HK$361']"
桔子酒店（東莞市政府店）,9.8,"['高級大床房:HK$341', '商務大床房:HK$359', '行政雙床房:HK$369', '觀景大床房:HK$378', '豪華大床房:HK$407']"
全季酒店（東莞東坑店）,9.7,"['大床房:HK$281', '高級大床房:HK$281', '商務雙床房:HK$281', '商務大床房:HK$309']"
東莞寮步松山湖大道希爾頓歡朋酒店,9.7,"['舒適大床房:HK$456', '高級雙床房:HK$490', '高級大床房:HK$490', '豪華雙床房:HK$554', '豪華大床房:HK$554']"
東莞濱海灣V酒店（濱海灣OPPO園區店）,9.4,"['V享大床房:HK$383', 'V享雙床房:HK$383', '高級雙床房:HK$393', '園景高級大床房（陽台）:HK$426', '高級大床房:HK$459']"
東莞高埗時興中心錦江都城酒店,9.5,"['精緻城景大床房:HK$277', '風雅城景大床房:HK$297', '風雅城景雙床房:HK$297', '都會城景大床房:HK$308', '行政尊享城景雙床房:HK$362']"
東莞塘廈高鐵南站錦江都城酒店,9.6,"['風雅城景雙床房（0壓床墊+投屏電視+智能客空+超大窗户）:HK$304', '精緻城景大床房（零壓床墊+投屏電視+智能客控）:HK$317', '風雅城景大床房（0壓床墊+投屏電視+智能客空+超大窗户）:HK$339', '探索城景大床房（0壓床墊+投屏電視+智能客控）:HK$359', '都會城景大床房（0壓床墊+投屏電視+智能客空+超大飄窗）:HK$425']"
朵蘭達V酒店（東莞松山湖度假區卓為城購物中心店）,9.8,"['零壓智控大床房【冰箱+浴袍+高清投屏+智能馬桶】:HK$262', '零壓智控雙床房【冰箱+浴袍+高清投屏+智能馬桶】:HK$275', 'Cool朵拉智控城景大床房【冰箱+浴袍+高清投屏+智能馬桶】:HK$281', 'Cool朵拉智控城景雙床房【冰箱+浴袍+高清投屏+智能馬桶】:HK$308']"
金四喜·萬朋酒店（東莞長安萬達OPPO研發中心店）,9.7,"['優享雅緻大床房（智控空調+智控燈光+智控窗簾+零壓深睡記憶枕）:HK$220', '特享雅緻大床房（智控空調+智控燈光+智控窗簾+零壓深睡記憶枕）:HK$220', '逸緻智能大床房（全屋智能+熟睡床墊+零壓深睡記憶枕）:HK$232', '逸緻智能雙床房（全屋智能+熟睡床墊+零壓深睡記憶枕）:HK$253']"
橋興嘉麗酒店,9.7,"['陽光大床房（深睡床墊+智能馬桶+投屏）:HK$192', '舒適大床房（城景+冰箱+深睡床墊）:HK$214', '高級大床房（落地窗+智通馬桶+冰箱+深睡床墊）:HK$225', '商務大床房（落地窗+冰箱+智能馬桶）:HK$251', '商務雙床房（落地窗+功夫茶+冰箱）:HK$269']"
慕思睡眠酒店（東莞濱江體育館站店）,9.7,"['慕思好夢商務市景大床房（長白山偏硅酸型飲用水）:HK$608', '慕思好夢商務市景雙床房（長白山偏硅酸型飲用水）:HK$629', '慕思好夢商務江景大床房（長白山偏硅酸型飲用水）:HK$722', '慕思好夢商務江景雙床房（長白山偏硅酸型飲用水）:HK$722', '慕思善夢智能市景豪華大床房（慕思按腳機、長白山偏硅酸型飲用水）:HK$746', '慕思善夢智能江景豪華大床房（慕思按腳機、長白山偏硅酸型飲用水）:HK$821']"
麗楓酒店（東莞南城國貿步行街店）,9.6,"['雅緻大床房（智能客控+慕思床墊+新風凈化系統+空氣凈化器）:HK$279', '標準大床房（智能客控+慕思床墊+空器凈化器）:HK$305', '商務雙床房（智能客控+慕思床墊+觀景商務辦公區+小冰箱）:HK$364', '商務大床房（智能客控+雙層隔音玻璃+慕思床墊+商務辦公桌）:HK$364', '浪漫尊享房（智能客控+慕思床墊+空氣凈化器+浪漫布置）:HK$373']"
東莞松山湖華美達酒店,9.5,"['高級大床房（普蘭特星級床墊+深睡記憶枕+保鮮小冰箱）:HK$303', '高級雙床房（普蘭特星級床墊+深睡記憶枕+保鮮小冰箱）:HK$313', '行政大床房（普蘭特星級床墊+深睡記憶枕+保鮮小冰箱）:HK$348', '舒適雙床房（普蘭特星級床墊+深睡記憶枕+保鮮小冰箱）:HK$367', '行政雙床房（普蘭特星級床墊+深睡記憶枕+保鮮小冰箱）:HK$370']"
東莞厚街華美達安可酒店,9.5,"['豪華城景大床房（小度語音智控+舒達零壓床墊）:HK$305', '180度城景公務艙（小度語音智控+舒達零壓床墊）:HK$305', '雲端城景大床房（小度語音智控+舒達零壓床墊）:HK$326', '靜音優享雙床房（小度語音智控+舒達零壓床墊）:HK$327', '雲端城景雙床房（小度語音智控+舒達零壓床墊）:HK$425']"
東莞中心廣場希爾頓歡朋酒店,9.6,"['舒適大床房:HK$534', '舒適雙床房:HK$534', '高級大床房:HK$581', '高級雙床房:HK$581', '豪華大床房:HK$628']"
盛御酒店（石龍東莞火車站店）,9.7,"['精緻·優享大床房:HK$179', '輕奢·國風大床房【180度俯瞰美景|空中花園|中式園林】:HK$190', '雅緻親子房:HK$204', '臻品·中式大床房【靜謐舒適|紅木家居|中式園林|俯瞰美景】:HK$221']"
海仕登國際酒店（東莞松山湖度假區大嶺山體育公園店）,9.5,"['商祺順雅雙床房【電視投屏+辦公空間+全屋智能客控】:HK$225', '舒心陽光特大床房【電視投屏+全屋智能+乳膠床墊】:HK$234', '輕奢雅緻影院特大床房【百寸巨幕+全屋智能+乳膠床墊+私享空間】:HK$256', '歲月靜好影院浴缸套房【觀景浴缸+全屋智能+百寸巨幕+靜謐空間】:HK$384', '歡樂時光影院棋牌浴缸套房【歡樂棋牌+全屋智能+觀景浴缸+歡聚空間】:HK$420']"
東莞長安雅緻酒店,9.5,"['雅緻·深睡雙床房:HK$457', '雅緻·深睡大床房:HK$479', '潮流·山景大床房:HK$535', '潮流·園景超大床房:HK$535', '潮流·影音大床房（浴缸+高清大屏看電影）:HK$655', '全景·行政大床房+JBL藍牙音響:HK$655']"
清灣酒店（東莞大嶺山店）,9.7,"['雅緻大床房（安享乳膠枕+自助洗衣）:HK$194', '高級大床房（安享乳膠枕+自助洗衣）:HK$211', '豪華雙床房（安享乳膠枕+自助洗衣）:HK$232', '豪華大床房（安享乳膠枕+自助洗衣）:HK$232']"
東莞塘廈萬科廣場華漫酒店,9.6,"['設計師Fans | 智控·大床房:HK$391', '設計師Fans | 智控·雙床房:HK$422', '設計師Fans | 智控·雅緻大床房:HK$438', '設計師Fans | 智控·尊享大床房:HK$482']"
康門紫酒店（企石商業街店）,9.3,"['時尚經典大床房 I 定製深睡床墊+智能聲控+小冰箱:HK$260', '豪華雅緻大床房 I 輕奢ins風+智能聲控+小冰箱:HK$300', '豪華雅緻雙床房 I 輕奢ins風+智能聲控+小冰箱:HK$300', '輕奢浴缸大床房 I 深泡浴缸+2.0Size大床+智能聲控:HK$370', '親子雙床房 I 小童帳幕+温馨雅緻+智能聲控:HK$370']"
椛柒酒店（東莞大朗松山湖店）,9.8,"['躺平·治癒大床房:HK$216', '舒享大床房:HK$228', '尊享大床房:HK$256', '尊享雙床房:HK$256']"
全季酒店（東莞長安振安中路店）,9.9,"['高級大床房:HK$312', '商務大床間:HK$329', '商務雙床房:HK$347', '家庭雙床房:HK$364']"
巴菲酒店（東莞南城步行街店）,9.3,"['特惠大床房:HK$177', '雅緻雙床房[智能客控I洗烘一體機 ]:HK$187', '雅緻大床房[智能客控I洗烘一體機 ]:HK$197', '高級雙床房[智能客控I洗烘一體機 ]:HK$206']"
東莞松山湖銀豐逸居酒店,9.6,"['園景大床房:HK$596', '園景雙床房:HK$714', '湖畔大床房:HK$799', '養生湖景房:HK$1,035', '園景套房:HK$1,248']"
東莞滙麗華酒店（常平南站百花時代店）,9.1,"['豪華大床房【全景落地窗+柔軟親膚床品】:HK$210', '豪華雙床房【乾濕分離衞浴+慵懶沙發】:HK$218', '商務雙床房【深睡記憶枕+專用辦公網絡】:HK$255', '商務大床房【深睡記憶枕+專用辦公網絡】:HK$255', '日式禪修茶藝房【禪座蒲團+禪修靜謐空間+鳴泉茶器】:HK$287']"
乾坤潤松湖酒店（松山湖風景區店）,9.6,"['高級大床房:HK$479', '豪華雙床房:HK$523', '豪華大床房:HK$523', '親子雙床房:HK$523', '園景大床房（湖景陽台）:HK$577']"
如家精選酒店（東莞寮步店）,9.8,"['商務大床房A:HK$205', '商務大床房:HK$230', '雙床房:HK$230', '高級大床房:HK$256']"
麗楓酒店（東莞市政府國貿店）,9.7,"['標準大床房（智能客控+慕思床墊+空氣凈化器+小冰箱）:HK$322', '豪華大床房（智能客控+慕思床墊+空氣凈化器+小冰箱）:HK$330', '豪華雙床房（智能客控+慕思床墊+空氣凈化器+小冰箱）:HK$330', '純凈大床房（智能客控+慕思床墊+空氣凈化器+小冰箱+即熱式水壺）:HK$347', '商務大床房（智能客控+慕思床墊+空氣凈化器+小冰箱）:HK$364']"
松湖迎賓裏酒店（東莞松山湖店）,9.7,"['迎賓湖景大床房:HK$555', '迎賓園景雙床房:HK$555', '迎賓雅緻大床房:HK$643', '迎賓親子房:HK$919', '迎賓行政套房:HK$1,084']"
東莞惠普頓文覽酒店（東莞火車站店）,9.5,"['舒適大床房（智能客控+舒適空間+安靜深睡眠）:HK$248', '豪華大床房（智能客控+舒適空間+安靜深睡眠）:HK$270', '豪華雙床房（智能客控+舒適空間+安靜深睡眠）:HK$270', '行政大床房（智能客控+舒適空間+安靜深睡眠）:HK$314']"
源悦裏公寓酒店（東城萬達店）,9.5,"['雅緻·尊享大床房（廚房+冰箱洗衣機）:HK$160', '悠旅·豪華大床房（陽台+獨立廚房+冰箱洗衣機）:HK$208', '悠旅·商務大床房（景觀陽台+獨立廚房+冰箱洗衣機）:HK$220', '逸居·影音大床房（100寸巨幕+獨立廚房+陽台）:HK$235']"
東莞塘廈三正半山溫泉酒店,9.6,"['園景大床房:HK$1,065', '園景雙床房:HK$1,065', '商務大床房:HK$1,171', '池景雙床房:HK$1,192', '180°山水湖景大床房:HK$1,247', '180°山水湖景雙床房:HK$1,247']"
全季酒店（東莞南城步行街店）,9.8,"['大床房:HK$365', '高級大床房:HK$393', '商務雙床房:HK$393', '商務大床房:HK$411']"
美豪麗致酒店（惠州博羅石灣店）,9.5,"['麗致城景大床房:HK$242', '雅緻城景雙床房:HK$262', '雅緻城景大床房:HK$281', '靜雅零壓親子套房:HK$343', '靜雅城景套房:HK$444']"
麗楓酒店（東莞塘廈天虹購物中心豐騰大廈店）,9.5,"['純凈自然大床房（智能投屏+慕思床墊+立體環繞藍牙音響）:HK$272', '純凈自然雙床房（智能投屏+慕思床墊+立體環繞藍牙音響:HK$272', '景觀大床房（智能投屏+慕思床墊+立體環繞藍牙音響）:HK$280', '豪華大床房（智能投屏+慕思床墊+立體環繞藍牙音響）:HK$297']"
維也納國際酒店（東莞松山湖華為團泊窪店）,9.6,"['高級大床房（智能客控-超大視野）:HK$302', '豪華大床房（智能客控-超大視野-豪華貴妃椅）:HK$323', '豪華雙床房（智能客控-超大視野）:HK$323', '商務大床房（智能客控-功夫茶具-超大空間）:HK$364']"
樸澍灣酒店（東莞下壩坊鰜魚洲文創園店）,9.6,"['雅逸大床房（智能家居＋65寸屏）:HK$277', '靜逸雙床房（智能家居＋園區風景＋65寸屏）:HK$326', '靜逸大床房（智能家居＋園區風景＋65寸屏）:HK$337', '熊熊探險主題房（智能家居＋園區風景＋65寸屏）:HK$365']"
東莞安延國際酒店,9.7,"['豪華大床房（全景落地窗+功夫茶具）:HK$360', '豪華雙床房（全景落地窗+功夫茶具）:HK$382', '行政大床房（浴缸+全景落地窗+功夫茶具）:HK$454', '行政雙床房（浴缸+全景落地窗+功夫茶具）:HK$475', '行政套房（公園景+全景落地窗+保鮮小冰箱+功夫茶具）:HK$662']"
恆新商務酒店（東莞厚街萬達廣場店）,9.4,"['特惠大床房:HK$190', '靜韻大床房:HK$197', '雅緻大床房:HK$219', '雅緻雙床房:HK$227']"
麗楓酒店（東莞石排生態園店）,9.7,"['豪華大床房「冰箱·空氣凈化器·慕思深眠床墊」:HK$337', '商務大床房「冰箱·空氣凈化器·慕思深眠床墊」:HK$354', '豪華雙床房「冰箱·空氣凈化器·慕思深眠床墊」:HK$362', '商務雙床房「冰箱·空氣凈化器·慕思深眠床墊」:HK$379', '浪漫優享房「浪漫布置·空氣凈化器·慕思深眠床墊」:HK$404']"
東莞長安華美達安可酒店（長安萬達店）,9.5,"['安可逸景大床房（柔雲承託天然乳膠床墊+舒眠透氣鵝絨被芯+鵝絨護頸舒眠枕+慢回彈記憶棉枕）:HK$250', '安可尊逸大床房（180°慢品人間煙火色城景+柔雲承託天然乳膠床墊+鵝絨護頸舒眠枕+慢回彈記憶棉枕）:HK$268', '安可臻選雙床房（全屋智能客控+東方神韻輕奢美學雅居設計+180°茗香茶韻榻榻米觀景茶台）:HK$286', '安可至尊大床房:HK$304', '安可影院大床房（堅果4K超高清投影+百寸幕布+180°慢品人間煙火色城景+全屋智能可控）:HK$311']"
