酒店名称,评分,房型价格列表
柏曼酒店（柳州白沙路水晶國際店）,9.6,"['智能標準大床房（全屋客控-喜臨門床墊-全身梳粧鏡）:HK$294', '智能高級大床房（全屋客控-安靜秒睡記憶枕-智能馬桶）:HK$306', '智能高級雙床房（全屋客控-冰箱-辦公桌-手機投屏）:HK$332', '智能豪華大床房（全屋客控+落地窗+陽光房+冰箱）:HK$340']"
柳州音樂噴泉銀泰城怡程酒店,9.6,"['舒適大床房:HK$394', '城景大床房:HK$452', '山景大床房 （ 馬鞍山景觀+悠閑舒適）:HK$452', '山景雙床房（馬鞍山景觀+悠閑舒適）:HK$476', '高級雙拼房（日落街景荷里活房）:HK$562']"
全季酒店（柳州五星步行街柳侯公園店）,9.5,"['高級雙床房:HK$423', '高級大床房:HK$423', '舒壓-高級大床房:HK$452', '舒壓-高級雙床房:HK$452']"
怡程酒店（柳州萬象城窯埠古鎮店）,9.6,"['標準大床房（中式禪意+靜夜好眠+Mini冰箱&品茗茶具）:HK$321', '標準雙床房（中式禪意+靜夜好眠+Mini冰箱&品茗茶具）:HK$321', '舒適大床房（榻榻米床+休閑會客+Mini冰箱&品茗茶具）:HK$348', '高級大床房（獨立院子花園+Mini冰箱&品茗茶具）:HK$354']"
都市精選酒店（柳州五星商業街馬鞍山公園店）,9.0,"['特惠雅緻大床房（釋壓大床）:HK$258', '豪華雅緻大床房（釋壓大床）:HK$297', '豪華雅緻雙床房（温馨）:HK$328', '豪華尊享雙床房（舒適）:HK$353']"
JOYS悦酒店（柳州白沙路店）,9.8,"['標準大床房（特大床+智能馬桶）:HK$290', '標準雙床房（智能馬桶+智能烘乾架）:HK$290', '舒適影院（特大床+智能馬桶+100寸熒幕+模擬環繞音像）:HK$315', '高級大床房（特大床+智能馬桶）:HK$323']"
柳州蘭歐國際酒店,9.6,"['影音套房:HK$405', '麻將套房:HK$467', '親子套房:HK$467', '行政套房:HK$599']"
莫林錦尚酒店（柳州五星步行街店）,9.5,"['怡錦大床房:HK$284', '怡錦標準雙床房【全自動烘洗機丨城市景觀】:HK$304', '怡錦·商務大床房【雙層隔音丨花園觀賞】:HK$304', '豪華大床房【高層闊景丨舒適沙發】:HK$324', '豪華雙床房【高清投屏丨商務茶室】:HK$333']"
優範酒店（柳州萬象城窯埠古鎮店）,9.7,"['精選大床房（MUJI風格+星級床品+高空美景）:HK$306', '精選雙床房（MUJI風格+星級床品+高空美景）:HK$306', '高級大床房（MUJI風格+星級床品+高空美景）:HK$337', '高級雙床房（MUJI風格+星級床品+高空美景）:HK$337', '城景大床房（MUJI休閑榻榻米+星級床品+小冰箱）:HK$380']"
屏山書香世家酒店（柳州馬鞍山公園店）,9.7,"['雅緻雙床房【舒眠薰香爐+品茶區+靜享夜讀】:HK$304', '雅緻大床房【舒眠薰香爐+休閑品茶區+靜享夜讀】:HK$327', '書香超大床房【特大床鋪+舒眠薰香爐+休閑品茶區】:HK$369', '書雅主題大床房:HK$369', '書雅主題雙床房:HK$369']"
智嘉酒店（柳州高鐵站五星步行商業街店）,9.3,"['智簡-花景大床房（智能新風+親膚床品+輕盈美夢）:HK$322', '智悦-影音大床房（百寸巨幕+親膚床品+酣暢甜睡）:HK$341', '智簡-零壓雙床房（智能新風+親膚床品+酣暢甜睡）:HK$357', '智能-城景大床房（智能客控+親膚床品+睡眠窗簾）:HK$374', '智悦-影音雙床房（百寸巨幕+智能新風+酣暢甜睡）:HK$382']"
安達曼星元酒店（柳州窯埠古鎮城萬象城店）,9.5,"['商務大床房（城市夜景-智能客控-冰箱）:HK$359', '商務雙床房（城市夜景-智能客控-親膚床品）:HK$384', '景觀大床房（城市夜景-智能可控）:HK$384', '影音大床房（城市夜景-100寸巨幕-丹拿音響）:HK$384', '景觀浴缸大床房（超視夜景-智能可控）:HK$384']"
城市精選酒店（柳州五星步行街青雲民生市場店）,9.3,"['標準大床房:HK$178', '智能大床房:HK$199', '影院大床房【高清投影+激情觀影+大尺寸慕布】:HK$213', '標準雙床房:HK$230']"
城市便捷酒店（柳州北雀路黃村店）,9.4,"['標準大床房:HK$151', '標準雙床房:HK$160', '高級大床房:HK$168', '高級雙床房:HK$177']"
全季酒店（柳州火車站東廣場店）,9.8,"['大床房:HK$299', '高級雙床房:HK$299', '高級大床房A:HK$318', '商務雙床房:HK$337']"
美住·悦熊酒店（柳州馬鞍山公園店）,9.5,"['悦熊大床房（語音智能客控）:HK$381', '悦熊投影大床房（百寸投影+智能客控）:HK$392', '悦熊靜享大床房（語音智能客控）:HK$425', '悦熊靜享雙床房（語音智能客控）:HK$425']"
柏曼酒店（柳州窯埠古鎮陽光100店）,9.6,"['高級大床房（寬敞空間+超級大床+零壓床墊+助眠軟枕）:HK$239', '高級雙床房（寬敞空間+零壓床墊+助眠軟枕+落地視野）:HK$247', '豪華大床房（落地視野+寬敞空間+零壓床墊+助眠軟枕）:HK$270', '豪華雙床房（近窯埠古鎮+近工業博物館+上千停車位）:HK$279']"
柳州陽光麗景酒店,9.5,"['高級雙床房（靜謐舒適|城市夜景）:HK$434', '江景雙床房（暢覽柳江|賞霓虹倒影）:HK$568', '江景大床房（暢覽柳江|賞霓虹倒影）:HK$568', '行政江景大床房（觀一線江景+悠享辦公+舒適沙發）:HK$634', '江景親子大床房（親子時光|小童帳篷|海洋投影）:HK$689']"
雅斯特國際酒店（柳州高鐵站谷埠街店）,8.9,"['雅緻大床房（靜謐空間+釋壓床墊+休閑桌椅）:HK$278', '豪華大床房（空間寬綽+釋壓床墊+休閑座椅）:HK$288', '豪華雙床房（空間寬綽+釋壓床墊+休閑座椅）:HK$288', '高級大床房（空間寬綽+釋壓床墊+陽光通透）:HK$302', '雅緻雙床房（靜謐空間+釋壓床墊+休閑桌椅）:HK$349']"
雅斯特國際酒店（柳州五星步行街音樂噴泉店）,8.9,"['雅緻大床房（北歐風+休閑辦公+釋壓大床+優享靜謐）:HK$304', '高級大床房（北歐風+休閑辦公+釋壓大床）:HK$327', '高級雙床房（北歐風+休閑辦公+釋壓大床+優享靜謐）:HK$338', '豪華大床房（北歐風+休閑辦公+釋壓大床）:HK$371']"
城市精選酒店（柳州高鐵站店）,9.5,"['標準大床房:HK$190', '標準雙床房（一次性馬桶墊+智能馬桶）:HK$198', '高級大床房（英倫風+零壓枕頭）:HK$213', '高級雙床房（記憶枕頭+智能馬桶）:HK$236']"
亞奢酒店（柳州窯埠古鎮萬象城店）,9.6,"['雅奢大床房（深睡枕頭+親膚床品+典雅時尚）:HK$352', '雅奢雙床房（靜謐舒適+獨立淋浴+寬敞空間）:HK$352', '輕奢大床房（靜夜好眠+獨立沐浴+ 舒適沙發）:HK$363', '輕奢雙床房（靜夜好眠+獨立沐浴+陽光通透）:HK$376', '優奢商務大床房（高樓層+城區夜景+明亮採光+小冰箱）:HK$387']"
桔子酒店（柳州保利廣場地王公館店）,9.8,"['大床房:HK$351', '高級大床房:HK$381', '商務雙床房:HK$410', '商務大床房:HK$410']"
宜尚酒店（柳州高鐵站店）,9.4,"['標準大床房（北歐風+新風系統+星級床品）:HK$263', '標準雙床房:HK$268', '豪華雙床房（北歐風+休閑辦公+寬敞舒適）:HK$305', '豪華大床房（北歐風+休閑辦公+寬敞舒適）:HK$308']"
恆漾酒店（柳州白沙客運站店）,8.9,"['恆韻初見大床房【設計型體驗 I 品牌床品+智能客控】:HK$255', '恆韻初見雙床房【智能標配 I 户型方正+寬敞空調】:HK$255', '陽光智能大床房【180度陽光入窗｜隔音玻璃+辦公桌椅】:HK$284', '雲端行政雙床房【舒心入眠｜高空觀景+會議獨享】:HK$284']"
宜尚酒店（柳州柳南萬達廣場柳邕路店）,9.4,"['舒適大床房（零壓床墊+乾濕分區）:HK$326', '舒適雙床房（零壓床墊+乾濕分區）:HK$326', '標準大床房（高空城景+星級床品）:HK$364', '標準雙床房（高空城景+星級床品）:HK$364']"
希岸酒店（柳州西江路窯埠古鎮店）,9.4,"['希岸高級大床房（智能客控+助眠軟枕+乾濕分離）:HK$260', '希岸高級雙床房（智能客控+助眠軟枕+乾濕分離）:HK$282', '希岸豪華大床房（智能客控+靜享辦公+夢百合床墊）:HK$325', '希岸豪華雙床房（智能客控+靜享辦公+夢百合床墊）:HK$347', '希岸景觀大床房（智能語音客控+零壓枕+星級床品）:HK$369']"
柳州五星步行街怡程酒店,9.4,"['標準大床房:HK$267', '標準雙床房:HK$282', '高級大床房:HK$326', '高級雙床房:HK$341', '城景大床房:HK$363']"
五菱酒店（柳州高鐵站店）,9.3,"['特惠大床房（賞園林景觀）:HK$233', '特惠雙床房:HK$233', '雅悦雙床房:HK$257', '雅悦大床房（環境舒適）:HK$257']"
柳州凱悦嘉軒酒店,9.3,"['大床房:HK$573', '雙床房:HK$608', '江景大床房:HK$688', '江景雙床房:HK$722', '江景大開間:HK$860', '大床套房:HK$1,261']"
雅斯特國際酒店（柳州窯埠古鎮東堤遊船碼頭店）,9.5,"['雅緻大床房（舒適安靜+智能客控+乾濕分離）:HK$349', '高級雙床房（新風系統+智能客控+優享靜謐）:HK$360', '豪華雙床房（新風系統+智能客控+優享靜謐）:HK$393', '豪華大床房（舒適安靜+乾濕分離+智能馬桶）:HK$404', '觀景雙床房（可觀江景+舒適床品+智能客控）:HK$437']"
維也納國際酒店（柳州五星步行街店）,9.2,"['標準大床房:HK$323', '商務單人間:HK$340', '景觀大床房:HK$357', '商務雙人間:HK$366']"
柳州天龍灣璞悅酒店（窯埠古鎮城中萬達廣場店）,9.4,"['商務大床房（商務辦公桌+助眠床墊+休憩時光）:HK$413', '商務雙床房（商務辦公桌+助眠床墊+休憩時光）:HK$423', '豪華大床房（180°景觀+舒適浴缸+助眠床墊）:HK$488', '豪華雙床房（商務辦公桌+助眠床墊+休憩時光）:HK$488', '璞悦大床房（超大空間+舒適浴缸+助眠床墊）:HK$544', '親子雙床房（星空投影+積木桌+小木馬+品牌舒適床墊）:HK$567']"
城市便捷酒店（柳州柳東新區花嶺友鄰滙店）,9.4,"['標準大床房:HK$206', '特惠雙床房:HK$206', '高級大床房:HK$223', '高級雙床房:HK$223']"
維納斯皇家酒店（柳州窯埠古鎮城中萬達店）,9.4,"['商務大床房丨舒適觀景·浴缸:HK$395', '商務雙人間丨落地窗觀·城景:HK$427', '雅緻大床房丨全景玻璃·浴缸:HK$448', '豪華大床房丨超大床品·浴缸:HK$470', '雅緻雙床房丨全景玻璃·浴缸:HK$480']"
全季酒店（柳州窯埠古鎮城中萬達店）,9.7,"['大床房:HK$335', '高級大床房:HK$363', '高級雙床房:HK$363', '商務大床房:HK$372']"
錦豪國際酒店 （柳州五星步行街地王新天地店）,9.3,"['呈錦·豪華大床房【東方韻味丨寬敞空間丨雙層隔音】:HK$268', '呈錦·豪華雙床房【東方韻味丨寬敞空間丨雙層隔音】:HK$268', '呈錦·雙拼大床房【東方韻味丨採光優異丨暢享拼床】:HK$287', '韻錦·行政雙床房【東方韻味丨品茗茶具丨商務辦公】:HK$306', '昱錦·0壓行政大床房【0壓記憶枕丨0壓床墊】:HK$306']"
柳州賓館,9.2,"['差旅大床房（商務辦公+觀景可開落地窗）:HK$361', '特惠大床房（温馨+舊日時光+超大電視+可開落地窗）:HK$377', '商務大床房（觀景可開落地窗+超大電視）:HK$407', '商務雙床房（觀景可開落地窗+安靜舒適+超大電視）:HK$409', '非遺足道養生房:HK$654']"
維也納國際酒店（柳州高鐵站柳南萬達廣場店）,9.2,"['商務大床房（敞明開窗+零壓床+一次馬桶墊）:HK$284', '商務雙床房（敞明開窗+零壓床+一次馬桶墊）:HK$308', '行政大床房（全明可開窗+零重力床墊+一次性馬桶墊）:HK$331', '行政雙床房（全明可開窗+零重力床墊+一次性馬桶墊）:HK$357']"
雅斯特酒店（柳州城中萬達馬鹿山店）,9.3,"['雅緻雙床房【智能語音聲控|智能投屏|簡約精緻】:HK$190', '雅緻大床房【智能語音聲控|智能投屏|簡約精緻】:HK$199', '高級雙床房【智控獨立空調|3C隔音玻璃窗户|明亮採光】:HK$216', '高級大床房【智控獨立空調|3C隔音玻璃窗户|明亮採光】:HK$225']"
桔子酒店（柳州白沙大橋東堤旅遊碼頭店）,9.7,"['大床房:HK$331', '高級大床房:HK$362', '雙床房:HK$362', '高級雙床房:HK$372']"
蔚藍那雲酒店（柳州銀泰城馬鞍山公園店）,9.5,"['初見·樂享大床房:HK$162', '傾心·靜享大床房:HK$189', '雲棲•輕心大床房:HK$215', '雲棲•輕心雙床房:HK$225']"
優逸酒店（柳州窯埠古鎮萬象城店）,9.7,"['全景休閑雙床房（五星級床墊+零壓記憶枕+會客茶台）:HK$326', '全景休閑大床房（五星級床墊+零壓記憶枕+會客茶台）:HK$352', '輕奢大床房（會客廳+五星級床品）:HK$363', '全景商務大床房（五星級床品+搖搖椅+實木榻榻米）:HK$384', '全景商務雙床房（五星級床品+搖搖椅+實木榻榻米）:HK$384']"
柏曼酒店（柳州雒容店）,9.8,"['標準大床房【巨幕投屏·零壓棉記憶枕·會客茶室】:HK$204', '高級大床房【悠享辦公·巨幕投屏·會客茶室】:HK$235', '高級雙床房【巨幕投屏·零壓棉記憶枕·會客茶室】:HK$244', '智能豪華大床房【全屋智能·迷你冰箱·豪華茶室】:HK$267']"
南天大酒店（柳州高鐵站谷埠街店）,9.2,"['陽光|温馨雙床房 （温暖陽光+清爽簡約＋靜夜好眠）:HK$185', '陽光|温馨大床房（温暖陽光+柔軟棉品+零壓床墊）:HK$185', '愜意|網紅浪漫主題房 （温暖陽光+柔軟棉品+零壓床墊）:HK$208', '尚品|商務雙床房（温暖陽光+舒適沙發+悠享辦公）:HK$218']"
柳州凱錦酒店（萬象店）,9.4,"['温馨雙床房:HK$207', '經濟大床房:HK$207', '舒適大床房:HK$218', '怡情雙床房:HK$229']"
雲頂酒店（柳州五星商業步行街地王公館店）,9.2,"['雲星特惠江景大床房:HK$403', '雲星特惠江景雙床房:HK$403', '雲舒江景雙床房:HK$436', '雲舒江景大床房:HK$436', '雲雅江景雙床房:HK$513']"
雅斯特酒店（柳州五星步行街柳侯公園店）,9.3,"['高級大床房:HK$273', '雅緻雙床房（智能客控+落地窗）:HK$294', '豪華大床房（智能客控+落地窗+公園景觀）:HK$316', '豪華雙床房（智能客控+落地窗）:HK$338']"
宜尚酒店（柳州窯埠古鎮店）,9.5,"['舒適大床房（減壓床墊+超大屏幕）:HK$248', '舒適雙床房（減壓床墊+超大空間）:HK$262', '高級大床房（北歐裝飾+超大電視）:HK$276', '高級雙床房（減壓床墊+超大屏幕）:HK$276']"
花築·柳州月未圓客棧（窯埠古鎮景區店）,9.7,"['鷓鴣天·商旅大床房:HK$283', '天凈沙·復古大床房:HK$312', '如夢令·雅緻大床房:HK$327', '永遇樂·輕奢大床房:HK$341']"
