酒店名称,评分,房型价格列表
菲繁臻品酒店（梅州東滙城火車站店）,9.1,"['臻品·複式特惠大床房（獨立冰箱洗衣機&採光生活陽台）:HK$140', '臻品.複式優選大床房（獨立冰箱洗衣機&採光生活陽台）:HK$163', '複式大床+榻榻米房:HK$175', '臻品.高級複式雙床房（獨立冰箱洗衣機&採光生活陽台）:HK$187']"
梅州聯邦酒店（客都滙商業文化廣場店）,9.0,"['特惠大床房:HK$152', '特惠雙床房:HK$152', '商務雙床房:HK$165', '豪華雙床房:HK$177']"
梅州皇家名典酒店（嘉應古城店）,8.9,"['豪華雙床房:HK$210', '豪華大床房:HK$210', '影音大床房:HK$230', '影音雙床房:HK$230', '夢百合助眠大床房:HK$230']"
梅州金葉戴斯温德姆酒店,9.3,"['舒適城景雙床房:HK$428', '舒適好眠大床房:HK$432', '高級城景大床房:HK$445', '高級城景雙床房:HK$445', '豪華雙床房:HK$445']"
趣致酒店（梅州梅江區院士廣場店）,9.5,"['趣享輕奢大床房（洗衣機+智能客控+智能馬桶）:HK$192', '致享星空大床房（洗衣機+智能客控+智能馬桶）:HK$212', '趣享江景大床房（景觀陽台+全屋智能+免費洗衣機）:HK$231', '致享江景大床房（景觀陽台+全屋智能+免費洗衣機）:HK$250']"
梅州毅新酒店（人民廣場店）,9.4,"['特惠雙床房:HK$160', '特惠大床房:HK$166', '雅緻雙床房:HK$170', '雅緻大床房:HK$174']"
麗呈睿軒酒店（梅州萬達廣場店）,9.1,"['特惠單人房:HK$230', '標準大床房:HK$256', '標準雙床房:HK$256', '豪華大床房:HK$282']"
如家酒店（梅州百花洲步行街店）,9.5,"['大床房:HK$126', '商務大床房:HK$135', '雙床房:HK$143', '高級大床房:HK$143']"
梅州鴻儒文化精品酒店（客家博物館店）,9.6,"['特惠大床房（自助卡座泡茶）:HK$253', '精品大床房（自助卡座泡茶）:HK$271', '精緻雙床房:HK$289', '陽光大床房（古典與現代結合）:HK$317']"
綠舟酒店（梅州市人民醫院店）,9.2,"['油羅｜特惠大床房（抗菌防蟎親膚布草&深睡鴨絨枕頭）:HK$128', '劍英｜雅緻大床房（抗菌防蟎親膚布草&深睡鴨絨枕頭）:HK$140', '客天下｜温馨雙床房｜抗菌防蟎親膚布草&深睡鴨絨枕頭:HK$152', '客天下｜温馨大床房｜抗菌防蟎親膚布草&深睡鴨絨枕頭:HK$152']"
梅珠文創酒店（梅江區客都滙商業文化廣場店）,9.4,"['特惠大床房 （貴族床墊+智能客控+迷你冰箱）:HK$232', '特惠雙床房 （貴族床墊+智能客控+迷你冰箱）:HK$245', '舒適大床房（貴族床墊+智能客控+迷你冰箱）:HK$265', '舒適雙床房 （貴族床墊+智能客控+迷你冰箱）:HK$274']"
永客·優悅酒店（梅州梅江區萬達廣場店）,8.8,"['優享影音房（極光TV會員隨心看+私享獨立冰箱洗衣機）:HK$127', '甄享大床房:HK$137']"
梅州迪雅酒店,8.6,"['標準大床間:HK$159', '標準雙床房:HK$167', '豪華大床房:HK$191', '豪華雙床房:HK$199']"
梅州誠御酒店（客都滙商業文化廣場店）,9.5,"['精品大床房:HK$229', '高級大床房:HK$260', '高級雙床房:HK$260', '豪華大床房:HK$297', '豪華雙床房:HK$297']"
梅州又見民宿,9.1,"['悦林小築丨大床房:HK$108', '美築創意丨大床房:HK$142', '森嶼隱舍丨大床房:HK$170', '潮丨INS網紅丨大床房:HK$184']"
麗悦酒店（梅州店）,9.4,"['標準智能大床房:HK$256', '豪華智能大床房:HK$271', '高級智能雙床房:HK$271', '豪華智能雙人房:HK$272', '行政智能房:HK$331']"
365連鎖酒店（梅州江南店）,9.5,"['特惠房（無窗）:HK$113', '雅緻雙人房:HK$122', '雅韻雙人房:HK$142', '雅韻大床房:HK$142']"
芭緹陽光連鎖酒店（客都滙文化廣場店）,8.9,"['雅韻大床房「鬧中取靜｜一次性浴巾面巾」:HK$121', '影音精品大床房［泰式風情｜影視會員］:HK$128', '雅韻雙床房『新中式與泰式結合｜公區提供洗衣房|』:HK$137', '影音商務雙床房［影院體驗｜東南亞特色］:HK$152']"
梅州市中心柏麗廣場亞朵酒店,9.7,"['高級大床房（裸棉床品+投屏+小冰箱）:HK$322', '高級雙床房（裸棉床品+投屏+小冰箱）:HK$339', '行政大床房（裸棉床品+投屏+小冰箱）:HK$347', '幾木大床房（裸棉床品深睡2.0枕+投屏+小冰箱）:HK$381', '幾木雙床房（裸棉床品深睡2.0枕+投屏+小冰箱）:HK$381']"
維也納酒店（梅州市區中心店）,8.9,"['標準單人房:HK$198', '高級雙床房:HK$198', '高級大床房:HK$198', '豪華雙床房:HK$248']"
梅州英思廷酒店（梅江萬達廣場店）,8.9,"['廷悦大床房:HK$245', '廷悦雙床房:HK$266', '廷逸大床房:HK$266', '廷逸雙床房:HK$287', '廷逸親子主題雙床房（開心玩偶+迷你帳篷）:HK$330']"
乾坤潤精品酒店（梅州新縣城店）,9.5,"['特惠大床房:HK$157', '特惠雙人間:HK$162', '商務雙人間:HK$184', '商務大床房:HK$184']"
梅州白天鵝迎賓館,9.4,"['商務城景大床房:HK$327', '商務城景雙床房:HK$327', '商務江景雙床房:HK$348', '商務江景大床房:HK$348', '商務江景套房:HK$402']"
城市便捷酒店（梅州萬達廣場店）,9.5,"['標準大床房:HK$187', '高級大床房:HK$198', '高級雙床房:HK$198', '豪華大床房:HK$202']"
雅瑞斯酒店（梅州梅江區萬達廣場店）,9.1,"['雅惠大床房「精緻睡眠·舒適潔凈」:HK$135', '雅悦零壓豪華大床房「舒睡好眠·高級甜睡」:HK$146', '雅緻雙床房「自然舒眠·商務簡約」:HK$156', '巨幕影院零壓大床房「高清投影·海量片源」:HK$167']"
乾坤潤精品酒店（梅州江北店）,9.4,"['經濟單人房:HK$164', '榻榻米房:HK$164', '商務單人房:HK$183', '精品雙人房:HK$201']"
365連鎖酒店（梅州新城店）,9.3,"['雅緻大床房（無窗）:HK$175', '精選大床房（小度智能語音）:HK$238', '精選雙人房（深睡記憶枕）:HK$238', '雅緻雙人房:HK$238']"
梅州東谷朵米酒店（梅江區院士廣場店）,9.5,"['雅緻雙床房:HK$367', '雅緻大床房:HK$385', '精選雙床房:HK$421', '精選大床房:HK$439']"
梅州中悦酒店（客都滙商業文化廣場店）,9.0,"['標準大床房:HK$126', '優選雙人房:HK$132', '標準雙床房:HK$137', '豪華雙床房:HK$148']"
梅州天地人花園酒店（梅江梅縣人民廣場店）,9.2,"['天·雅緻大床房:HK$105', '窗外好景大床房:HK$119', '動人夜景雙床房:HK$123', '天·逸緻影視大床房（海量新片+手機巨幕投屏）:HK$142']"
漢庭酒店（梅州東山谷店）,9.6,"['大床房:HK$240', '高級大床房（智能客控）:HK$261', '雙床房:HK$261', '高級雙床房（智能客控）:HK$271']"
棲悅裏公寓（梅州市人民醫院店）,9.6,"['特惠大床房（沉浸觀影+舒壓沐浴）:HK$135', '雅緻大床房（抗菌親膚布草+舒適睡眠）:HK$151', '豪華大床房（沉浸觀影+舒壓美膚沐浴）:HK$156', '温馨大床房（抗菌親膚布草+舒適睡眠）:HK$163']"
趣致·嘻哈主題公寓（梅州梅江區店）,9.2,"['雅緻大床房[洗衣機+冰箱+陽台+投影儀]:HK$136', '豪華大床房[洗衣機+冰箱+陽台]:HK$147', '暢享影音房（洗衣機+冰箱+陽台+投影儀VIP）:HK$163', '豪華雙床房[洗衣機+冰箱+陽台+投影儀]:HK$169']"
全季酒店（梅州PCI未來社區店）,9.6,"['高級大床房A:HK$314', '雙床房:HK$333', '高級大床房:HK$340', '高級雙床房:HK$360']"
梅州市路家酒店,9.0,"['高級雙人間:HK$151', '高級大床房:HK$154', '豪華雙人間:HK$160', '豪華單人房:HK$175']"
凱里亞德酒店（梅州高鐵站店）,8.8,"['輕享大床房:HK$206', '優享大床房:HK$214', '優享雙床房:HK$214', '榮享大床房:HK$230']"
嘉州假日酒店（梅州市中心嘉印拾光樂園店）,8.5,"['商務大床房:HK$132', '商務雙床房:HK$139', '豪華大床房:HK$162', '商務套房:HK$272']"
梅州栢琚酒店（人民廣場店）,9.1,"['舒適大床房:HK$140', '高級單人房:HK$155', '高級雙人房:HK$155', '豪華單人房:HK$171']"
博爾曼北歐酒店 （嘉大店）,8.8,"['法式·特惠大床房:HK$152', '法式·純真靜漫大床房:HK$165', '法式·動漫影院大床房:HK$176', '意式·淡雅動感大床房:HK$187']"
梅州四季尚品酒店,8.5,"['温馨大床房:HK$168', '尚品大床房:HK$180', '四季景觀雙床房:HK$191', '雅緻雙床房:HK$204']"
途享智能公寓（梅縣人民廣場店）,8.6,"['TX丨城景智能大床房（智能客控+高清投影）:HK$188', 'TX丨豪華智能大床房（智能客控+高清投影+城市夜景）:HK$199', 'TX丨輕奢智能大床房（智能客控+高清投影）:HK$212', 'TX丨甄選智能行政大床房（智能客控+高清投影）:HK$259']"
美綺酒店（梅州高鐵西站店）,9.3,"['綺麗大床房:HK$321', '綺影大床房:HK$321', '奢綺雙床房:HK$332', '綺閣商務大床房:HK$402']"
嘉洲酒店（梅縣機場店）,8.8,"['高級雙床房:HK$158', '高級大床房:HK$158', '豪華大床房:HK$180', '豪華雙床房:HK$180']"
365城市酒店（梅縣華僑中學店）,9.6,"['雅緻大床房:HK$136', '雅緻雙床房:HK$136', '雅韻雙床房:HK$141', '雅韻大床房:HK$147']"
麗楓酒店（梅州市區中心店）,9.4,"['雅緻大床房（無窗）:HK$237', '高級大床房:HK$254', '豪華雙床房:HK$289', '豪華大床房:HK$306']"
博泰酒店（梅縣區人民廣場店）,9.3,"['舒適大床房:HK$157', '舒適雙床房:HK$157', '豪華雙拼房:HK$175', '豪華大床房:HK$197']"
梅州鬆口印象民宿,9.7,"['櫳辰大床房B:HK$238', '櫳靜雙床房:HK$323', '觀瀾高級大床房:HK$408', '觀瀾江景大床房:HK$483']"
梅州華美達酒店（萬達廣場店）,8.8,"['標準雙人房:HK$205', '標準單人房:HK$205', '豪華雙人房:HK$227', '豪華單人房:HK$227', '行政雙人房:HK$326']"
365公寓酒店（梅州萬達廣場店）,9.2,"['標準大床房:HK$110', '雅緻大床房:HK$116', '標準雙人房:HK$116', '日式房:HK$127']"
維也納國際酒店（梅州錠子橋店）,9.3,"['標準單人房（無窗）:HK$201', '標準大床房:HK$211', '標準雙床房:HK$212', '豪華大床房:HK$254']"
