酒店名称,评分,房型价格列表
樂東觀海主題客棧,8.6,"['標準雙床房:HK$119', '標準大床房:HK$119', '一線海景雙床房:HK$156', '一線海景大床房:HK$156']"
樂東鶯歌海拾光旅租,9.2,"['標準雙床房:HK$147', '舒適大床房:HK$156', '大床房:HK$156', '海景大床房:HK$174']"
鶯歌踏浪船屋民宿,8.7,"['庭院湖景雙床房-船屋造型:HK$379', '庭院湖景大床房-船屋造型:HK$379', '船屋庭院湖景麻將大床房:HK$544']"
樂東凱利柏爾假日酒店,9.3,"['高級大床房【靜謐空間安全感拉滿】:HK$325', '高級花園大床房【花園景觀+靜謐舒適】:HK$347', '豪華花園大床房【自助洗衣烘乾+舒適園區景觀】:HK$369', '豪華江景大床房【近可賞江遠可觀山+寬敞舒適+雙洗漱台】:HK$402', '行政大床房【多面賞園景+視野超讚+浴缸】:HK$533', '豪華江景通用房【大空間+臨江眺山景+雙洗漱台】:HK$605']"
樂東悦萊客棧（黃流店）,9.3,"['經濟單人房:HK$74', '特惠雙床房:HK$80', '舒適大床房:HK$90', '舒適雙床房:HK$93']"
永嘉大酒店（樂東縣政府店）,9.0,"['高級大床房【東寶深睡護脊床墊+軟硬護頸枕+全新毛巾】:HK$281', '佳和大床房【深睡護脊床墊+護頸枕+耐喜毛巾】:HK$313', '佳和通用房【親子空間+軟硬護頸枕+深睡護脊床墊】:HK$313', '行政大床房【浴袍+深睡護脊床墊+護頸枕+智能客控】:HK$383', '豪華麻將房【財源滾滾+軟硬護頸枕+深睡護脊床墊】:HK$410']"
希爾曼麗致酒店（樂東高鐵站店）,9.3,"['麗致 • 智能大床房 【中央空調-智能客控-全景落地窗-記憶深睡枕頭】:HK$233', '麗致・智能雙床房 【中央空調-智能客控-全景落地窗-記憶深睡枕頭】:HK$256', '麗致 • 輕奢影院房-中央空調-全景落地窗-150寸巨幕投影-乳膠睡眠床墊】:HK$281', '麗致・麻將大床房【中央空調-落地窗-休閑區-全新大麻將】:HK$287']"
昌發商務大酒店（樂東人民醫院店）,8.4,"['高級大床房:HK$199', '高級雙床房:HK$199', '豪華大床房:HK$217', '豪華雙床房:HK$234']"
維也納酒店（樂東公園店）,9.0,"['豪華雙床房【山景+自然風光景+品牌床墊】:HK$202', '標準大床房【泡腳桶+生薑包】:HK$207', '高級大床房【靜謐內窗+安享睡眠】:HK$224', '行政大床房【瓷磚地面+泡腳桶（生薑包）】:HK$241']"
樂東華逸酒店,8.3,"['攬逸特惠大床房:HK$196', '攬逸大床房:HK$296', '攬逸雙床房:HK$296', '奢逸家庭套房:HK$543']"
東順源酒店（樂東利國鎮店）,9.5,"['園景智能大床房（全屋智能+投屏電視+中央空調+0壓床墊+酒店公區提供洗烘機）:HK$150', '園景智能雙床房（全屋智能+投屏電視+中央空調+0壓床墊+酒店公區提供洗烘機）:HK$153', '全景智能大床房（全屋智能+投屏電視+中央空調+0壓床墊+酒店公區提供洗烘機）:HK$161', '全景智能雙床房（全屋智能+投屏電視+中央空調+0壓床墊+酒店公區提供洗烘機）:HK$163']"
雙隆温泉酒店（龍沐灣店）,7.7,"['園景雙床房:HK$148', '園景三床房:HK$158', '海景雙床房:HK$164', '海景大床房:HK$169']"
城市便捷酒店（樂東汽車站店）,8.2,"['標準大床房:HK$196', '豪華大床房:HK$198', '豪華雙床房:HK$198', '商務大床房:HK$216']"
棲岸智慧酒店（樂東高鐵站店）,8.7,"['高級陽光雙床房[零壓床墊 +全房型智能聲控+城市景觀]:HK$124', '高級陽光大床房[全房型智能聲控+加大閑適空間+零壓床墊 ]:HK$135', '豪華親子房[洗漱區二區分離 +秒睡記憶枕+全房型智能聲控]:HK$157', '豪華套房[零壓床品+全房型智能聲控+優質睡感]:HK$179']"
樂東小二賓館,10.0,"['大床房:HK$104', '標準雙床房:HK$147']"
樂東宏運四季酒店（九所店）,7.9,"['豪華大床房:HK$126', '豪華雙床房:HK$133']"
樂東寶利來國際酒店,8.4,"['豪華雙床房:HK$173', '標準大床房:HK$175', '圓床房:HK$210', '雅緻大床房:HK$214']"
樂東大生旅租,8.9,"['標準陽台單間:HK$111', '舒適陽台大床房:HK$120', '標準陽台三人間:HK$146']"
樂東椰林灣農家樂,9.1,"['普通雙床房:HK$268', '普通大床房:HK$268', '豪華雙床房:HK$330', '豪華大床房:HK$330']"
樂東鶯歌海有客民宿,9.8,['標準雙床房:HK$142']
樂東融泰商務酒店,7.9,"['特價大床房（無窗）:HK$131', '標準大床房:HK$166', '標準雙床房:HK$166', '麻將雙床房:HK$218']"
樂東海佳順賓館,8.9,"['温馨大床房:HK$156', '雙標房:HK$156', '麻將雙床房:HK$360']"
樂東金鉑曼酒店（利國店）,9.1,"['舒適大床房（零壓床墊+冰箱）:HK$138', '舒適雙床房（零壓床墊+冰箱）:HK$149', '高級大床房（零壓助眠床墊+休閑大飄窗+冰箱）:HK$161', '高級雙床房（零壓助眠床墊+休閑大飄窗+冰箱）:HK$172']"
樂東聚源精品酒店（九所店）,8.7,"['温馨大床房內窗房:HK$84', '浪漫主題大床房:HK$98', '普通標準間:HK$103', '豪華標準間:HK$123']"
樂東希悦智享酒店（利國店）,9.4,['浪漫投影大床房[巨幕投影+全屋智能+冰箱]:HK$212']
樂東棲曼智慧酒店（黃流車站店）,9.6,"['茶藝棋牌室:HK$117', '純凈自然大床房（全屋智能客控＋零壓助眠床墊＋中央空調）:HK$152', '純凈自然雙床房（全屋智能客控＋零壓助眠床墊＋中央空調）:HK$164', '浪漫投影大床房（全屋智能客控＋零壓助眠床墊＋巨幕投影＋中央空調）:HK$164']"
樂東朵萊影院酒店（黃流車站店）,9.2,"['悦享影院大床房（冰箱+零壓睡眠床墊）:HK$157', '商務影院雙床房（冰箱+零壓睡眠床墊）:HK$170', '標準影院大床房（冰箱+零壓睡眠床墊）:HK$170', '高級影院大床房（冰箱+零壓睡眠床墊）:HK$182']"
艾扉酒店（樂東綠之南感恩路店）,9.0,"['雙床房:HK$179', '商務大床房:HK$187', '高級雙床房:HK$196', '高級大床房:HK$213']"
悦季酒店（樂東黃流店）,9.1,"['AI智享｜輕奢陽光大床房［零壓床墊-品質床品-舒適睡眠］:HK$142', 'AI智選｜輕奢陽光雙床房［零壓床墊-乾濕分離］:HK$153']"
樂東海嶼宿民宿,9.4,"['觀景 · 獨棟木屋【一室一廳一衞+閣樓榻榻米+大窗户】:HK$533', '觀海 · 獨棟舒適木屋【一室一廳雙衞+閣樓榻榻米+私享夕陽+超視野】:HK$566', '獨棟雙層木屋【獨立入户+雙衞+可觀花可觀海】:HK$642', '觀景·獨棟雙層小院【獨立入户+雙衞+廚房+樓上大床房樓下雙床房】:HK$751']"
樂東仙境假日酒店,9.0,"['陽台標準間（全景大陽台+休閑發呆）:HK$125', '豪華陽台大床房:HK$147', '豪華陽台標準間:HK$162', '豪華麻將套房（陽台+落地窗）:HK$214']"
樂安國際酒店（縣政府店）,8.9,"['特惠雙床房:HK$184', '商務大床房:HK$249', '商務雙床房:HK$249', '高級智能特惠雙床房:HK$271']"
宜勝茶舍民宿（尖峯嶺店）,9.4,"['特價雙床房:HK$223', '舒適大床房:HK$241', '舒適雙床房:HK$241', '標準雙床房:HK$241']"
樂東卡爾頓智選酒店（黃流店）,9.2,"['臻選•智能大床房【零壓記憶床墊-客控-冰箱-中央空調】:HK$187', '臻選•智能雙床房【零壓記憶床墊-客控-冰箱-中央空調】:HK$190', '臻選•影院大床房【乳膠記憶床墊-客控-冰箱-中央空調】:HK$208', '尊享•豪華雙床房【乳膠記憶床墊-客控-冰箱-中央空調】:HK$247']"
尖峯嶺龍沐灣海意酒店,8.6,"['初見·高級雙床房:HK$115', '初見·高級大床房:HK$117', '遇見·豪華大床房:HK$123', '遇見·豪華雙床房:HK$129']"
樂東鶯·海納里民宿客棧,9.7,"['金牛獵户大床房（公共衞浴）:HK$98', '仙后燈塔大床房（獨衞）:HK$129', '北斗雙魚陽台標間（獨衞）:HK$140', '御夫露枱燈塔三人間（獨衞）:HK$173']"
樂東隆鑫大酒店,8.2,"['普通雙床房（落地窗+乾濕分離）:HK$106', '普通大床房（落地窗+乾濕分離）:HK$113', '豪華雙床房（落地窗+乾濕分離）:HK$126', '豪華大床房（落地窗+乾濕分離）:HK$133']"
樂東亞朵·芮梵酒店（利國店）,9.4,"['梵 L 輕奢智能投影大床房:HK$200', '梵 L 靜雅智能麻將套房:HK$304']"
樂東黃流滙峯酒店,9.3,"['豪華大床房:HK$100', '豪華雙床房:HK$100', '豪華套房:HK$333']"
樂東吾逅陽光智能酒店（黃流鎮店）,8.9,"['高級陽光大床房[洗漱區三區分離+零壓床品+公區洗衣機]:HK$120', '高級陽光雙床房[洗漱區三區分離+零壓床品+秒睡記憶枕]:HK$132', '豪華浴缸大床房[洗漱區三區分離+秒睡記憶枕+零壓床品]:HK$144', '豪華家庭親子套房[洗漱區三區分離+記憶枕+零壓床品]:HK$155']"
樂東家誠公寓（九所店）,8.9,"['温馨雙床房:HK$112', '舒適大床房:HK$116']"
樂東華瑞酒店（黃流店）,9.5,"['陽光雙床房:HK$224', '音響大床房:HK$236', '智能雙標房:HK$260']"
樂東州樂國際酒店（黃流店）,9.5,"['陽台標準雙人間:HK$91', '標準大床房:HK$91', '豪華套房:HK$149']"
樂東景軒商務賓館,8.8,"['特價單床房:HK$87', '特價雙床房:HK$87', '標準單床房:HK$109', '標準雙床房:HK$109']"
樂東希岸智享客房,9.4,"['Al·輕奢影音大床房【小度智能客控+巨幕投影+零壓睡眠】:HK$174', 'Al·尊享影音大床房【小度智能客控+巨幕投影+零壓睡眠】:HK$184', 'Al·尊享影音雙床房【小度智能客控+巨幕投影+零壓睡眠+公區自助洗衣】:HK$184', 'Al·豪華影音親子房【小度智能客控+巨幕投影零壓睡眠】:HK$193']"
樂東京海山莊,8.5,"['豪華雙人間:HK$133', '豪華大床房:HK$152', '三人間:HK$221']"
樂東西岸·雅居（黃流店）,8.5,"['書香文藝·雙床房:HK$129', '中式水墨山水·超大拼接床:HK$130', '復古文藝·豪華陽台雙床房:HK$136']"
尖峯嶺天池避暑山莊,7.5,"['豪華觀景雙床房:HK$304', '豪華觀景大床房:HK$304', '豪華觀景三人間:HK$424']"
樂東瑞爾酒店（利國店）,9.0,"['優選大床房（酒店提供洗衣房）:HK$195', '尊享雙床房（酒店提供自助洗衣房）:HK$204', '尊享大床房（酒店提供自助洗衣房）:HK$204', '奢華麻將房（酒店提供洗衣房）:HK$306']"
尖峯燕子旅居,9.5,"['雅緻大床房:HK$107', '豪華雙床房:HK$107', '普通雙床房:HK$123', '麻將房:HK$190']"
