酒店名称,评分,房型价格列表
陌上輕雅酒店（永州零陵古城東山景區店）,9.4,"['品學·柳子愚溪大床房（親膚浴袍+零圧床墊+無線投屏）:HK$255', '品學·濂溪文舍雙床房（小度音響+智能客控+無線投屏）:HK$307', '雅緻·東山清風大床房（智能客控+無線投屏+功夫茶具）:HK$320', '雅緻·文廟登科雙床房（茶台品茗+功夫茶具+智能客控）:HK$345', '雅緻·花雅影音大床房（100寸升降幕布+4k高清投影+無線投屏）:HK$371']"
周舍·花美時民宿（永州零陵古城店）,9.5,"['悦己·輕奢陽光大床房（茶桌+智能語音客控）:HK$542', '自得·庭院榻榻米大床房（庭院+智能語音客控）:HK$578', '悠然·豪華城景雙床房（茶桌茶具+智能語音客控）:HK$602', '閑雲·輕奢榻榻米雙床房（庭院+吊椅+智能語音客控）:HK$661']"
歡漫酒店（永州冷水灘市委店）,9.5,"['豪華大床房（零壓助眠床墊+雲感沙發）:HK$236', '高級雙床房（零壓助眠床墊+景觀落地窗）:HK$247', '影院大床房（百寸超清巨幕投影+休閑沙發）:HK$260', '享浴大床房（縱享私浴+超大空間）:HK$260']"
永州凱旋幻影大酒店（永州萬達廣場店）,9.9,"['商務-幻影大床房（高速WIFI+舒適辦公）:HK$158', '商務-幻影雙床房（優質好眠+恆温恆壓淋漓）:HK$158', '潮享-觀影巨幕大床房（VIP會員+房間寬敞+手機投屏）:HK$179', '潮享-觀影巨幕雙床房（VIP會員+120寸幕布+手機投屏）:HK$179']"
悦庭嘉美酒店,9.6,"['特惠大床房:HK$259', '景觀大床房:HK$282', '豪華雙床房:HK$293', '影院雙床房:HK$304']"
美宿酒店（永州冷水灘市委店）,9.7,"['高級大床房:HK$226', '豪華大床房:HK$252', '高級雙床房:HK$252', '席居榻榻米:HK$279']"
芮洄·悦酒店（永州冷水灘高鐵站店）,9.6,"['怡悦雅居智能大床房（零壓床墊+全屋智能客控）:HK$198', '歡悦觀影智能大床房（100寸幕布4K高清投影+騰訊會員）:HK$210', '怡悦雅居智能雙床房（零壓床墊+超大空間）:HK$210', '享悦觀影智能大床房（100寸幕布4K高清投影+騰訊會員）:HK$222']"
瀟湘意酒店（永州冷水灘高鐵站店）,9.0,"['瀟水映月｜湖景大床·瀟湘水色:HK$293', '城光雙影｜城景雙床·繁華流光:HK$304', '石韻獨座｜文脈大床·高效辦公:HK$337', '童遊瀟影｜親子帳篷·童夢樂園:HK$370', '雙硯文窗｜雙床·書香會客（前程似錦）:HK$370']"
格林睿鉑酒店（永州冷水灘店）,9.3,"['豪華大床房[LED智能化粧鏡+乾濕分離+一次性馬桶墊]:HK$136', '豪華雙床房[100支鵝絨被床品+65寸4K電視+公區洗烘房]:HK$136', '尊享智能大床房[全屋弱電智能+乳膠靜音床墊+超大床]:HK$149', '尊享智能雙床房[全屋智能+雲上景觀+雙層隔音+4K超清]:HK$149']"
君嶼紫荊花酒店（永州冷水灘店）,9.5,"['雲嶼江景圓床房:HK$273', '君嶼豪華雙床房:HK$284', '君嶼江景大床房:HK$297', '深睡0壓豪華雙床房:HK$338']"
汐小滿酒店（永州零陵春天廣場店）,9.8,"['麗致 | 時光舒睡大床房「嚴選洗護+深睡好眠+陽谷明媚」:HK$163', '麗致|時光輕奢雙床房【晚安床墊+商務辦公+公區自助洗衣】:HK$163', '悦致|陽光深睡雙床房「採光大窗+酣暢甜睡+高織親膚布草:HK$175', '悠然|躺平榻榻米大床房「百寸超清巨幕+暢享VIP影視會」:HK$175']"
莫林酒店（永州冷水灘店）,9.6,"['特惠大床房:HK$288', '雅緻大床房:HK$314', '豪華雙床房:HK$314', '豪華娛樂麻將房:HK$404']"
歡漫酒店（永州冷水灘萬達廣場店）,9.6,"['歡顏輕奢商務大床房（全屋智能語音控制+65寸高清電視+貴妃椅）:HK$224', '幻境巨幕影院大床房（全屋智能控制+百寸超清巨幕投影+休閑沙發）:HK$247', '欣悦零壓舒睡雙床房（全屋智能+零壓舒睡床墊+舒適辦公）:HK$259', '築夢智享影院大床房（全屋智能+百寸巨幕投屏+貴妃椅+零壓床墊）:HK$271']"
維佳智慧酒店（永州市冷水灘零陵北路店）,9.3,"['悦心·商務大床房【好眠喜臨門床墊】:HK$134', '歡悦·商務雙床房【酒店公區自助洗衣機】:HK$142', '愉悦·棋牌大床房:HK$161', '單人電竟大床房【RXT4060顯卡+2K165刷新率】:HK$166']"
美宿歡致酒店（永州零陵古城店）,9.6,"['歡悦大床房（夢百合零壓床墊+大飄窗+全屋智能）:HK$199', '歡欣·雙床房（舒適床墊+智能客控）:HK$202', '歡愉·影院大床房（零壓床墊+全屋智能+大屏投影+電影會員）:HK$211', '歡稚·親子房（舒適床墊+小童牙具+小童洗漱用品）:HK$214']"
陌嶼•雅緻| LGHTANDELE•GA朵蘭湘韻酒店（永州冷水灘萬達廣場店）,9.7,"['Instant零壓·深睡大床房[智能馬桶+一次性馬桶墊]:HK$167', 'Instant零壓·深睡雙床房[xiaodu智能+LED放大除霧化粧鏡+一次性馬桶墊]:HK$167', 'Espresso設計師·甜睡大床房[全屋弱電智能+4K+65寸可投屏電視]:HK$184', 'Espresso設計師·甜睡雙床房[免享一次性馬桶墊+智能馬桶]:HK$184']"
忻程•曼語丨LGHTANDELE•GA朵蘭湘悅酒店（永州冷水灘萬達廣場店）,9.4,"['零壓深睡雙床房「智能客控,中央空調」:HK$158', '巨幕影音星空-榻榻米房「4K手機投影+LED防霧化粧鏡」:HK$166', 'NIS設計師-深睡大床房「乳膠床墊+神奇懸浮床」:HK$178', '沉浸式270°影音大床房（智能客控+128寸幕布）:HK$178']"
京題慧客酒店（永州冷水灘萬達店）,9.6,"['慧雅迷你大床房--小茶台+特惠優選:HK$152', '慧馨高級大床房-小書桌+吸頂藍牙音響:HK$157', '慧享豪華大床房--Life Balance床墊+復購率高:HK$173', '慧享豪華雙人房--Life Balance床墊+小書桌+推薦率高:HK$178']"
永州凱雲大酒店,9.2,"['舒適雙床房:HK$124', '舒適大床房:HK$124', '精緻·高級商務大床房「零壓床墊+舒睡好眠」:HK$137', '精緻·高級商務雙床房「零壓床墊+辦公桌椅」:HK$137']"
芮洄·雅緻酒店（永州冷水灘萬達廣場店）,9.4,"['雅緻特惠大床房 （高層城景+全屋新風）:HK$275', '雲上雅緻大床房（高層城景+全屋新風+全層智能）:HK$296', '雲上雅緻雙床房（高層城景+全屋新風+全層智能）:HK$307', '雲上雅緻觀影大床房（高清投影+全屋新風+全層智能）:HK$307', '雲上270度雙床房（高層城景+全屋新風、智能+落地窗）:HK$317']"
永州明宇尚雅酒店,9.5,"['尚雅大床房:HK$400', '尚雅雙床房:HK$400', '旅行者大床房:HK$452', '旅行者雙床房:HK$452', '探索客房（棋牌大床房）:HK$537', '俱樂部雙床房:HK$611']"
尚客優品酒店（永州零陵古城店）,9.4,"['優馨雙床房（智能客控+無線投屏+零圧床墊）:HK$179', '優馨大床房（智能客控+無線投屏+零圧床墊）:HK$179', '優品大床房（智能客控+無線投屏+零圧床墊+乾濕分離）:HK$258', '優品雙床房（智能客控+無線投屏+零圧床墊+乾濕分離）:HK$267']"
永州華豐華天大酒店,9.5,"['高級雙床房:HK$216', '豪華雙床房:HK$259', '豪華大床房:HK$259', '行政大床房:HK$293', '行政雙床房:HK$293']"
美漾奢品酒店（永州冷水灘店）,9.0,"['零壓智能語音大床房:HK$214', 'A元宇宙街景智控大床房:HK$226', '零壓智能語音雙床房:HK$234', 'L朵拉街景智控雙床房:HK$237']"
悦季酒店（永州零陵店）,9.4,"['舒適雙床房:HK$129', '舒適大床房:HK$129', '悦享大床房:HK$219', '悦享雙床房:HK$219']"
全季酒店（永州冷水灘區政府店）,9.4,"['高級大床房:HK$308', '高級雙床房:HK$328', '商務大床房:HK$349', '豪華雙床房:HK$368', '豪華套房:HK$517']"
廷泊酒店（永州高鐵站店）,9.3,"['雅悦禮居雙床房:HK$262', '尊享典居大床房:HK$276', '尊享影視房:HK$285', '茗雅禮居雙床房（一室，一廳）:HK$293', '尊享典居雙床房（一室一廳）:HK$300']"
美宿歡漫酒店（零陵古城店）,9.4,"['高級大床房（全屋智能客控+零壓舒睡+手機投屏）:HK$172', '豪華雙床房（全屋智能客控+自動窗簾+城市街景）:HK$172', '豪華大床房（全屋智能客控+無線投屏+零壓床墊）:HK$184', '影院大床房（全屋智能客控+巨幕投影+超大空間）:HK$195']"
濱湖歡朋酒店（永州冷水灘高鐵站店）,9.1,"['雅軒·舒享大床房（湖畔雅居＋深度睡眠）:HK$243', '璟湖·悦景雙人房（湖畔勝境＋觀景休憩）:HK$243', '寧悦·靜享雙人房（商旅靜謐+舒適床品）:HK$265', '宜行·友享雙床房（湖畔憩園＋舒適床品）:HK$272']"
歐雅酒店（永州市委冷水灘店）,9.3,"['特價單人間（全屋智能客控+LED化粧鏡+新風系統）:HK$167', '標準影視房（100寸幕布+VIP影視會員+全屋智能客控）:HK$261', '標準單人間（全屋智能客控+實木地板塊毯+LED化粧鏡）:HK$269', '標準雙人間（全屋智能客控+實木地板塊毯+LED化粧鏡）:HK$281']"
永州凱菲頓酒店（永州大市場冷水灘店）,9.4,"['清新丨特惠大床房【全屋聲控+智能可控+助眠床墊】:HK$161', '閑靜\u200c丨舒適大床房【智能可控+智能馬桶+助眠床墊】:HK$177', '清靜丨輕奢雙床房【巨幕投影+享受風景+智能可控】:HK$185', '恬靜丨投影大床房【巨幕投影+智能可控+智能馬桶】:HK$187']"
永州柳子酒店,9.2,"['園景雙床房:HK$195', '園景大床房:HK$195', '庭院大床房:HK$202', '庭院雙床房:HK$206']"
柏曼酒店（永州零陵區政府店）,9.2,"['舒適大床房丨大隱於市:HK$173', '高級大床房 丨 超大空間:HK$189', '高級雙床房 丨 星幕透窗:HK$195', '影院大床房丨百寸投影VIP:HK$203']"
永州太谷酒店（零陵古城店）,8.8,"['商務大床房:HK$413', '商務雙床房:HK$413', '太谷大床房:HK$484', '行政客房A:HK$557', '行政客房B:HK$566', '太谷三人房:HK$566']"
閑庭絮觀景民宿（零陵古城柳宗元文化旅遊景區店）,9.5,"['童話·獨立花園·景觀房（全智能+高清投影+獨立歐式浪漫花園+觀景茶台）:HK$270', '隱溪•水景•詫寂風大床房【全智能+溪澗魚池+觀景陽台+獨立茶空間】:HK$339', '情詩·獨立花園·法式爛漫水景大圓床房（智能+獨立花園+高清投影+浴缸+水景）:HK$374', '雲上•全景俯瞰全城•loft陽光套房【全智能+觀全城景+觀日出星空+獨立大露台+燒烤+山景鳥鳴+浴缸】:HK$409']"
永州華天大酒店,9.5,"['高級大床房:HK$424', '高級雙床房:HK$424', '商務景觀大床房｜禁煙｜辦公桌椅:HK$436', '商務景觀雙人間-禁煙:HK$446', '行政景觀單人間:HK$490', '行政景觀雙人間:HK$513']"
花美時酒店（永州零陵古城柳子廟景區店）,9.3,"['休閑影音大床房（智能語音客控+巨幕影音）:HK$207', '智能舒適大床房（全屋智能語音客控）:HK$218', '智能舒適雙床房（全屋智能語音客控）:HK$228', '星語投影幕布大床房（智能客控+巨幕影音+城景）:HK$239']"
永州寓上酒店（永州市冷水灘區中邦世紀廣場店）,9.4,"['寓上精選大床房（全景落地窗+獨立冰箱洗衣機）:HK$212', '寓上豪華雙床房（全景落地窗+獨立冰箱洗衣機）:HK$230', '寓上精品雙床房（全景落地窗+獨立冰箱洗衣機）:HK$230', '寓上豪華大床房（全景落地窗+獨立冰箱洗衣機）:HK$249']"
瀟湘濱湖酒店（永州經開區總部經濟大廈店）,9.5,"['清新陽光單人房:HK$228', '浪漫主題房:HK$228', '舒適陽光雙人房:HK$250', '舒適陽光靜心大床房:HK$250']"
永州瀟湘夜雨客棧,9.4,"['豪華大床房:HK$197', '豪華雙床房:HK$199', '標準雙床房:HK$210', '豪華麻將房:HK$237']"
維也納國際酒店（永州一中君悦華城店）,9.4,"['高級大床房:HK$200', '豪華雙床房:HK$220', '豪華大床房:HK$220', '商務大床房:HK$252']"
錦誠酒店（永州冷水灘願景廣場店）,9.4,"['悦享.臻品大床房:HK$169', '悦享.臻品雙床房「蒸汽SPA眼罩 X2+純享深睡」:HK$172', '未來.智控大床房「零壓房,深度睡眠」:HK$176', '未來.智控雙床房「精緻休閑時光」:HK$186']"
森林北HOTEL（冷水灘區願景國際廣場店）,8.7,"['稻香（Forest North·日式親子套房）:HK$326', '心雨（Forest North·激光投影浴缸電競套房）:HK$892', '星晴（Forest North·落地景觀電競套房）:HK$892']"
莫林酒店（永州零陵店）,9.5,"['零壓特惠大床房:HK$230', '城景雅緻大床房:HK$249', '零壓特惠雙床房:HK$249', '城景雅緻雙床房:HK$268']"
瀟湘濱湖酒店（永州中邦廣場帝王店）,9.1,"['雅緻大床房（城市俯瞰全景+智能小度）:HK$152', '雅緻雙床房（城市俯瞰全景+智能小度）:HK$152', '行政大床房（高層靜逸+智能小度+舒享空間）:HK$157', '行政雙床房（高層靜逸+智能小度+舒享空間）:HK$163']"
永州花語智能民宿（柳宗元文化旅遊景區零陵古城店）,9.3,"['102華語-標準大床房【茶室】:HK$185', '103依語-標準大床房【茶室】:HK$188', '205果語-榻榻米大床房【茶室】:HK$196', '203戀語-榻榻米大床房【茶室】:HK$229']"
維也納酒店（永州區政府廣場店）,9.6,"['高級大床房:HK$206', '高級雙床房:HK$206', '豪華大床房:HK$247', '豪華雙床房:HK$247']"
格林輕漫酒店（永州冷水灘中邦世紀廣場店）,7.7,"['躺平治癒大床房 [獨立空調+公區洗烘房]:HK$122', '靜享｜臻品商務雙床房 [舒享辦公區+恆温恆壓淋浴]:HK$138', '靜享｜臻品零壓大床房 [乳膠靜音床墊+深睡床品]:HK$147', '尊享｜臻品豪華雙床房 [超大空間+乾濕分離+俯瞰夜景]:HK$147']"
永州楠溪居民宿（零陵古城店）,9.8,"['蘭花閣（智能語音客控+豪華乾濕分離浴室）:HK$219', '映月閣（智能語音客控+豪華乾濕分離浴室）:HK$242', '竹語閣（智能語音客控+豪華乾濕分離浴室）:HK$314', '凌煙閣（智能語音客控+豪華乾濕分離浴室）:HK$326']"
松澗月民宿（永州零陵古城景區店）,9.8,"['花朝特惠大床房（燈光智能語音客控+恆温花灑、智能馬桶）:HK$238', '折枝豪華雙床房（超大落地窗+燈光智能語音客控+恆温花灑、智能馬桶）:HK$290', '澄秋中式豪華大床房（超大落地窗+燈光智能語音客控+恆温花灑、智能馬桶）:HK$317', '攬星豪華大床房（燈光智能語音客控+高清投影+恆温花灑、智能馬桶）:HK$328']"
