酒店名称,评分,房型价格列表
逸居酒店（汕頭高鐵站店）,9.3,"['逸景影音大床房【全智能影院】:HK$268', '好眠商旅大床房【乳膠枕頭+品質床墊】:HK$279', '逸景影音雙床房【全智能影院】:HK$285', '逸居安睡大床房【安睡5件套】:HK$345', '榻榻米影音浴缸房【日式茶座】:HK$390']"
汕頭小公園宿町酒店,9.7,"['榻榻米大床房-有窗:HK$436', '經典大床房-有窗:HK$534', '經典雙床房-通風窗:HK$534', '雅緻大床房-有窗:HK$600']"
頤和·永平酒店,9.5,"['舒適大床房:HK$469', '雅緻大床房:HK$502', '雅緻雙床房:HK$545', '豪華雙床房:HK$610', '頤和大床房:HK$808']"
汕頭萬象城黃河路逸扉酒店,9.2,"['高級大床房（私享Coffee機+Minbar+智能語音+智能馬桶）:HK$431', '高級雙床房（私享Coffee機+Minbar+智能語音+智能馬桶）:HK$459', '豪華大床房（私享Coffee機+Minbar+智能語音+智能馬桶）:HK$478', '豪華臻選家庭房【私享coffee機+minibar+智能客控】:HK$506', '豪華雙床房（私享Coffee機+Minbar+智能語音+智能馬桶）:HK$576']"
譽house高空海景Loft公寓（汕頭高鐵站店）,9.5,"['譽House·茉莉花道（高空城景）:HK$262', '譽House·編織夢境（高空城景）:HK$262', '譽House·晚橋暗木（都市城景）:HK$284', '譽House·菲林交卷（都市城景）:HK$284']"
汕頭小公園宜必思酒店,9.4,"['大床房（高質量睡眠）:HK$284', '高級大床房（樓景安靜）:HK$324', '雙床房（沉浸睡眠）:HK$333', '商務大床房（外景房間更大）:HK$363']"
樸舍民宿（萬象城店）,9.7,"['大椿 （會員巨幕投影+洗烘一體機）:HK$327', '沐陽 （會員巨幕投影+禪意吧枱）:HK$327', '棲夢 （會員巨幕投影+禪意吧枱+大圓床房）:HK$392', '巖隱 （會員巨幕投影）:HK$392']"
汕頭高鐵站希爾頓歡朋酒店,9.6,"['舒適大床房:HK$480', '舒適雙床房:HK$532', '高級大床房:HK$532', '高級雙床房:HK$638', '豪華大床房（配沙發床）:HK$638']"
玟維酒店（汕頭高鐵站珠江路美食街店）,9.4,"['元氣雙床房 [意式掛耳+舒適好眠]:HK$261', '唯美大床房[迷你小冰箱+智能馬桶]:HK$261', '輕奢浴缸大床房 [ 舒緩泡泡液+一次性浴缸套 ]:HK$291', '星耀浴缸大床房[舒適沙發+泡泡浴]:HK$363']"
楓雨國際公寓（汕頭萬象城會展中心店）,9.5,"['雲影小間:HK$222', '格萊美:HK$243', '潘多拉（投影房）:HK$275', '電影家:HK$306']"
雲端美宿（汕頭萬象城龍眼南路美食街店）,9.6,"['雲端丨豪華投影雙床房（舒適好眠+高清投影）:HK$176', '高空180度觀景套房（海灣伴景+看日出+巨幕投影+小米高清電視+舒適浴缸）:HK$312', '雲端丨觀景影音大床房（高清投影+高空觀景+豪華浴缸）:HK$329']"
逸居酒店（汕頭萬象城龍眼南路店）,9.1,"['標準大床房（全景觀景）:HK$185', '沉浸式大床房（超大屏幕，vip影片）:HK$190', '商務大床房（酣睡入夢＋商務辦公）:HK$201', '商務雙床間（坐享城景）:HK$212']"
沐豐裏·公館（小公園汕頭旅社店）,9.8,"['風華絕代·雅緻大床房:HK$545', '僑夢港灣·潮聚雙床房:HK$644', '一夢芳華·韻味大床房:HK$644', '繁花似錦·摩登大床房:HK$753']"
弘楓酒店（汕頭金平萬達小公園店）,9.1,"['都市療愈大床房『護脊床墊&安靜睡眠』:HK$349', '躺平治癒雙床房『陽光滿屋&舒適雅居』:HK$374', '城景陽光大床房『私密性好&落日餘暉』:HK$386', '安睡零壓大床房『趟上去就想睡的枕頭&落日餘暉』:HK$420', '舒雅零壓雙床房『躺上去就想睡的床墊&明亮視野』:HK$455']"
汕頭東海岸萬象滙喆啡鋭品酒店,9.7,"['品韻大床房:HK$447', '品致大床房:HK$480', '品致雙床房:HK$505', '鋭品大床房:HK$555', '鋭趣家庭房:HK$737']"
望亭裏·輕居Hotel（汕頭小公園店）,9.4,"['特惠智能大床房:HK$360', '舒適智能大床房:HK$381', '尊享智能浴缸房:HK$413', 'Loft智能親子房:HK$459']"
如家商旅酒店（汕頭萬象城龍眼路美食街店）,9.3,"['商務大床房A:HK$342', '商務大床房:HK$386', '雙床房:HK$386', '高級大床房:HK$413']"
豪泰輕居酒店（汕頭天山路萬象城店）,9.1,"['輕致單人房:HK$188', '輕奢單人房（副樓）:HK$194', '輕致大床房:HK$222', '輕致雙床房:HK$229']"
瑞然酒店（汕頭萬象城店）,9.1,"['豪華大床房（高空城景+mini小冰箱）:HK$508', '巨幕影音房:HK$533', '豪華雙床房（通透外窗=mini小冰箱）:HK$565', '豪華套房（深睡床品+mini小冰箱）:HK$811', '豪華浴缸雙床套房（超大浴缸+mini小冰箱）:HK$991']"
汕頭逸居酒店（潮汕路萬達小公園店）,9.1,"['逸居大床房（熟睡床墊）:HK$269', '商旅大床房（好眠＋乳膠枕＋品質床墊）:HK$309', '逸享雙床房（舒適臻選）:HK$322', '全智能聲控大床房（智能客控）:HK$329']"
碧海灣酒店（汕頭萬象城小公園店）,9.2,"['聽濤 · 特惠大床房（靜謐空間）:HK$511', '晨雨 · 景觀大床房（高空城景+盡覽繁華）:HK$533', '等風 · 景觀雙床房（高空城景+舊時巷陌）:HK$566', '海思 · 海景大床房（一線海景+碧水藍天）:HK$688']"
汕頭中博·美居酒店（汕頭龍眼南路美食街萬象城店）,8.6,"['特惠大床房（小巧精緻）:HK$238', '標準大床房（洗烘一體機+無限衣架）:HK$248', '特惠雙床房:HK$255', '標準雙床房:HK$268']"
星湖蘭庭酒店（澄海店）,9.2,"['高級大床房（新風系統+小廚房+全屋凈水）:HK$178', '行政大床房（舒適沙發+小冰箱+小陽台+全屋凈水）:HK$193', '尊享雙床房（180度高空夜景+小廚房冰箱+超大空間）:HK$217', '雅緻親子套房（會客空間+小廚房冰箱+全屋凈水）:HK$317']"
汕頭珠港新城逸扉酒店,9.3,"['豪華大床房（私享Coffee機+智能語音+智能馬桶）:HK$730', '陽光榻榻米房（觀影體驗+私享Coffee機+Minibar+保險箱）:HK$754', '豪華雙床房（私享Coffee機+智能語音+智能馬桶）:HK$862', '豪華臻選家庭房（私享Coffee機+智能語音+智能馬桶）:HK$937', '行政海景大床房【內海灣一線觀景+全屋智能客控】:HK$1,055']"
國際會展圖卡思酒店（汕頭蘇寧廣場萬象城店）,8.7,"['舒適大床房（小巧精緻）:HK$417', '精選大床房:HK$511', '精選雙床房:HK$529', '景觀大床房:HK$538']"
汕頭熙江假日酒店,9.2,"['雅緻大床房（智能客控+品牌床墊）:HK$231', '質感大床房（靜謐舒適+品牌床墊）:HK$249', '質感雙床房（靜謐舒適+品牌床墊）:HK$264', '巨幕影音大床房（海量片源+專業投影）:HK$266']"
桔子水晶汕頭萬象城黃河路酒店,9.7,"['高級大床房（高清投屏+minibar+藍牙音箱）:HK$432', '商務大床房（高清投屏+minibar+藍牙音箱）:HK$482', '商務雙床房（高清投屏+minibar+藍牙音箱）:HK$532', '豪華雙床房（高清投屏+minibar+藍牙音箱）:HK$563', '豪華大床房（高清投屏+minibar+藍牙音箱）:HK$583']"
深巷（汕頭蘇寧廣場萬象城店）,9.6,"['温馨大床房（202）:HK$416', '精緻大床房（201）:HK$453', '舒適大床房（301）:HK$453', '豪華大床房（102）:HK$481']"
鉑頓國際公寓（汕頭東海岸萬象滙店）,9.4,"['城景大床房（眺望東海岸+俯瞰城景+全棉床品）:HK$362', '商務大床房（高空城景+助眠零壓+全棉床品）:HK$376', '影院大床房（100寸巨幕投影+視頻vip+助眠零壓）:HK$383', '商務雙床房（一線城景+助眠零壓+全棉床品）:HK$397']"
帝豪精品酒店（汕頭萬象城高鐵站店）,9.4,"['尊享大床房:HK$369', '精緻大床房（大落地窗+乾濕分離）:HK$424', '精緻雙床房（大落地窗+乾濕分離）:HK$424', '雅緻大床房（真皮沙發+乾濕分離）:HK$479', '雅緻雙床房（真皮沙發+乾濕分離）:HK$479']"
宜必思酒店（汕頭中山中路店）,9.7,"['大床房（精緻户型+minibar）:HK$318', '高級大床房（寧靜酣睡）:HK$349', '豪華雙床房（minibar+寬敞舒適+辦公桌）:HK$349', '商務大床房:HK$378']"
雅斯特國際酒店（汕頭萬象城店）,9.4,"['雅緻大床房【小度音響+乾濕分離】:HK$326', '雅緻雙床房【智能客控+乾濕分離衞浴】:HK$349', '觀景大床房【城市街景+靜謐書室】:HK$355', '豪華雙床房【遠離喧鬧+乾濕分離衞浴】:HK$384']"
可米島酒店（汕頭珠江路美食街高鐵站店）,9.5,"['鯨選大床房:HK$305', '鯨奢浴缸房:HK$358', '鯨致大床房:HK$358', '鯨美雙床房:HK$411']"
汕頭潮宏基城際酒店,9.5,"['城際大床房:HK$804', '高級雙床房:HK$884', '高級大床房:HK$884', '高級海景大床房:HK$1,006', '高級海景雙床房:HK$1,006', '山景家庭房:HK$1,257']"
豪泰·輕居酒店（汕頭高鐵站店）,9.5,"['輕致大床房:HK$187', '輕致雙床房-副樓:HK$203', '輕奢大床房:HK$227', '輕舒雙床房:HK$234']"
山禾裏·宋代美學庭院（汕頭小公園店）,9.6,"['室外桃園·大床房·一樓庭外:HK$634', '浮生半日·大床房:HK$853', '逸趣生活·雙床房:HK$853', '煙火少城·大床房:HK$1,058', '舒適謐境·豪華大床房·內庭:HK$1,058']"
伴景酒店（汕頭和平金豐廣場店）,9.5,"['風景大床房（靜謐空間+定製品牌床墊）:HK$246', '造景大床房（落地高層觀景+定製品牌床墊）:HK$287', '豪華雙床房（落地高層觀景+定製品牌床墊）:HK$318', '影音大床房（私人影院+飄窗觀景+定製品牌床墊）:HK$381']"
桔萊爾酒店（汕頭萬象城高鐵站店）,9.3,"['精選大床房（全屋智能聲控+落地全身鏡）:HK$312', '標準大床房（全屋智能聲控）:HK$340', '標準雙床房（全屋智能聲控）:HK$390', '行政大床房（深泡浴缸+智能小度）:HK$426', '觀影家庭雙床房（100寸巨幕投影+舒適沙發）:HK$460']"
凱里亞德酒店（汕頭潮南高鐵站店）,9.4,"['樂享智能大床房【全屋智能+智控深眠】:HK$246', '優享智能大床房【遠眺海景+優選床墊】:HK$271', '優享智能雙床房【語音智控+深睡凝膠枕】:HK$314', '榮享智能大床房【聲控瞰海+靜音深睡艙】:HK$323']"
凱亞德酒店（汕頭澄海店）,9.2,"['甄選零壓影音房（高清觀影丨海馬床墊丨羽絨枕芯）:HK$207', '高級零壓大床房（負離子吹風丨智能衞浴丨羽絨枕芯）:HK$245', '高級零壓影音房（極米投影丨海馬零壓床墊丨躺卧沙發）:HK$272', '行政零壓雙床房（智能衞浴丨海馬零壓床墊丨投屏電視）:HK$283']"
山禾裏·侘寂美學民宿（萬象城店）,9.6,"['標準房:HK$490', '標準大床房:HK$610', '雙床房:HK$697', '豪華大床房:HK$796']"
汕頭叁號公館酒店（小公園店）,9.3,"['汕音大床房:HK$294', '汕音雙床房（無窗）:HK$294', '汕音雙床房:HK$327', '汕音豪華大床房:HK$349']"
桐舍·野奢民宿（萬象城店）,9.5,"['覓萩野（AI智能+會員巨幕投影+霧化壁爐+浴缸+洗烘一體機）:HK$611', '宿棲（AI智能+會員巨幕投影+浴缸+洗烘一體機）:HK$644', '桐趣（AI智能+會員巨幕投影+滑梯+洗烘一體機）:HK$644', '椿野（AI智能+會員巨幕投影+天光燈+浴缸+洗烘一體機）:HK$753']"
凱亞倫酒店（汕頭高鐵站店）,9.2,"['舒享大床房（休閑沙發+小度全智能聲控）:HK$277', '優享安睡大床房（休閑長沙發+小度全智能聲控）:HK$301', '尊享大床房（休閑沙發+舒適好眠床墊+小度全智能聲控）:HK$309', '輕奢家庭雙床房（小度全智能聲控）:HK$333', '尊享雙床房（休閑長沙發+小度全智能聲控）:HK$349']"
雅爾登酒店（汕頭高鐵站店）,9.2,"['豪華智能大床房:HK$215', '奢華智能大床房:HK$275', '豪華家庭雙床房:HK$301', '田園投影大床房:HK$322']"
汕頭中心智選假日酒店,9.1,"['高級房 大床:HK$419', '高級房 雙床:HK$464', '高級房·大床·更大面積:HK$464', '高級房·雙床·更大面積:HK$509', '高級房·1張大床和1張單人床·更大面積:HK$584']"
凱亞倫酒店 （汕頭澄海店）,9.5,"['輕奢影音大床房+全屋智能+極米投影+哈曼卡頓音響:HK$341', '輕奢影音雙床房+全屋智能+極米投影+哈曼卡頓音響:HK$373', '時尚中庭綠植大床房+全屋智能+極米投影+哈曼卡頓音響:HK$373', '輕奢影音家庭房+全屋智能+極米投影+哈曼卡頓音響:HK$413', '豪華影音雙床房+全屋智能全景+極米投影+哈曼卡頓音響:HK$465']"
橙堡酒店（汕頭萬象城小公園店）,9.1,"['特惠影音大床房（150寸屏幕|乾濕分離）:HK$245', '商務大床房（舒適|功夫茶具|全景觀看）:HK$287', '高級大床影音房（200寸超清屏幕|功夫茶具）:HK$287', '豪華大床房（舒適|超大空間|功夫茶具）:HK$308']"
星程酒店（汕頭高鐵站店）,9.5,"['大床房:HK$269', '高級大床房:HK$286', '高級雙床房:HK$286', '商務大床房:HK$322']"
汕頭龍湖賓館,9.5,"['龍湖商務大床房（南樓）:HK$542', '龍湖商務雙床房（南樓）:HK$567', '龍湖高級大床房（東樓）:HK$601', '龍湖高級雙床房（東樓）:HK$652', '龍湖景觀豪華大床房（東樓）:HK$652']"
