酒店名称,评分,房型价格列表
Wish文旭酒店（台山昌大昌廣場店）,9.7,"['優享高級大床房（精緻房型）:HK$294', '高級大床房（高級精緻房型）:HK$315', '豪華雙床房:HK$338', '豪華大床房:HK$338', '豪華景觀雙床房:HK$370']"
合意輕奢酒店（江門東站江海萬達廣場店）,9.6,"['時尚大床房「智能語音客控•零壓乳膠床墊•深眠乳膠枕」:HK$216', '高級大床房「語音客控•零壓床墊•深眠乳膠枕•智能馬桶」:HK$230', '高級雙床房「語音客控•零壓床墊•深眠乳膠枕•智能馬桶」:HK$237', '尊享雙床房「功夫茶具•小冰箱•零壓床墊•深眠乳膠枕」:HK$261']"
江門江海智選假日酒店,9.3,"['雅緻大床房（帶冰箱）:HK$347', '豪華雙床房（帶冰箱）:HK$383', '豪華大床房（帶冰箱）:HK$383', '雅緻雙床房（帶冰箱）:HK$388', '商務特大床房（帶冰箱）:HK$395']"
江門華茵廣場亞朵酒店,9.6,"['雅緻房 （投屏電視+小冰箱）:HK$421', '高級大床房 （投屏電視+小冰箱）:HK$457', '行政大床房 （投屏電視+小冰箱）:HK$493', '行政雙床房 （投屏電視+小冰箱）:HK$493', '幾木大床房 （投屏電視+小冰箱+親膚浴袍+1代深睡枕PRO）:HK$548']"
漢庭酒店（江門三十三墟街地王廣場店）,9.6,"['大床房:HK$245', '高級大床房:HK$263', '高級雙床房:HK$301', '套房:HK$348']"
江海碧桂園鳳悦鳳凰酒店（江門東站店）,9.5,"['高級雙床房:HK$337', '高級大床房:HK$337', '豪華雙床房:HK$358', '豪華大床房:HK$358', '行政大床房:HK$445']"
江門奧普斯酒店（江門東站店）,9.4,"['悦品大床客房:HK$192', '幸運寵粉房:HK$201', '複式豪華大床房:HK$227', '豪華大床房:HK$268']"
青楓酒店（益華廣場華潤萬家店）,9.4,"['豪華大床房:HK$226', '豪華雙床房:HK$282', '豪華雙床套房:HK$302', '豪華套房:HK$344']"
柏麗泉智酒店（江門濱江體育中心店）,9.7,"['尊享智能大床房（空間感強+全屋智能+60寸投屏+冰箱）:HK$266', '城央觀景大床房（180°觀景+冰箱+智能馬桶）:HK$332', '尊享智能雙床房（智能客控+冰箱+智能馬桶）:HK$341', '攬江閲景雙床房（一線江景+冰箱+智能馬桶 ）:HK$361', '浪漫嬉水觀影大床房（膠囊coffee機+解壓浴缸+巨幕投影）:HK$413']"
江門新會花季酒店,9.6,"['活力大床房（智能控制+大金空調+高檔床墊+智能馬桶）:HK$432', '活力雙床房（遠景+智控+大金空調+高檔床墊+智能馬桶）:HK$432', '高級雙床房（望遠景+全屋智能小度+大金中央空調+星級酒店專用床墊+智能馬桶）:HK$473', '高級大床房（望遠景+全屋智能小度+大金中央空調+星級酒店專用床墊+智能馬桶）:HK$473', '豪華大床房（望遠景+大金中央空調+浴缸+全屋智能小度+高檔智能馬桶+星級酒店專用床墊）:HK$514']"
江門珺璟麥客達温德姆酒店,9.5,"['高級大床房（65寸投屏電視+智能客控）:HK$332', '高級城景大床房（65寸投屏電視+智能客控）:HK$365', '高級城景雙床房（65寸投屏電視+智能客控）:HK$365', '豪華逸境大床房（65寸投屏電視+智能客控+親膚浴袍）:HK$397', '豪華逸境雙床房（65寸投屏電視+智能客控+親膚浴袍）:HK$397']"
山水S酒店（江門蓬江萬達廣場店）,9.6,"['智能特惠大床房-帶冰箱+洗衣機:HK$289', '智能輕奢大床房-帶冰箱洗衣機:HK$317', '智能優享親子房-帶冰箱洗衣機:HK$323', '智能輕奢雙床房-帶冰箱洗衣機:HK$334']"
曼陀倫Plus智能酒店（江門和興廣場五邑華僑廣場店）,9.2,"['曼優榻榻米大床房:HK$343', '曼優城景大床房:HK$356', '曼大師光影大床房[巨幕投影VIP特權+高空地標夜景]:HK$370', '曼雅城景大床房[高空城景+大落地窗+手機投屏]:HK$383', '曼雅城景雙床房[超大床+小童牙刷&拖鞋]:HK$390']"
凱里亞德酒店（江門蓬江江門大道店）,9.5,"['輕享大床房（靜謐舒適+DaLvmo床墊+全屋智控）:HK$254', '優享雙床房（深度睡眠+DaLvmo床墊+城景飄窗）:HK$285', '優享大床房（深度睡眠+DaLvmo床墊+城景飄窗）:HK$312', '樂享大床房（深度睡眠+DaLvmo床墊+城景飄窗）:HK$327']"
維也納國際酒店（江門開平店）,9.6,"['豪華大床房:HK$388', '商務大床房:HK$405', '商務雙床房:HK$422', '江景大床房:HK$438', '親子大床房:HK$470']"
柏麗泉智酒店（江門東站江海廣場店）,9.5,"['輕奢暢享大床房-高鐵景觀+舒睡床墊+隔音玻璃+可投屏:HK$240', '輕奢優享大床房-小度智能客控+舒睡零壓床墊+親膚布草:HK$276', '輕奢優享雙床房-小度智能客控+舒睡零壓床墊+親膚布草:HK$276', '輕奢尊享大床房-小度智能客控+舒睡零壓床墊+小冰箱:HK$310']"
非繁城品酒店（新會步行街店）,9.5,"['非繁高級大床房【高層景觀+賽諾枕頭+星級深睡床墊】:HK$332', '非繁高級雙床房【高層景觀+賽諾枕頭+星級深睡床墊】:HK$332', '智享大床房【智能客控+賽諾枕頭+深睡床墊+高層景觀】:HK$342', '智享雙床房【智能客控+賽諾枕頭+深睡床墊+高層景觀】:HK$364', '純凈大床房（空氣凈化器+即熱水壺+賽諾枕頭+深睡床墊）:HK$390']"
江門名冠金凱悦酒店,9.4,"['高級雙床房:HK$481', '高級大床房:HK$507', '豪華大床房:HK$522', '豪華雙床房:HK$522', '商務大床房:HK$564', '養生主題大床房（智能馬桶）:HK$564']"
江門外海大橋希岸Deluxe酒店,9.4,"['Deluxe玲瓏大床房（智能客控）:HK$357', 'Deluxe高級城景大床房（智能客控+180°弧形景觀+城景）:HK$401', 'Deluxe高級城景雙床房（全景落地窗+城市夜景+投影儀）:HK$401', 'Deluxe商務江景大床房（智能客控+全景落地窗+無敵一線江景）:HK$445', 'Deluxe商務城景雙床房（智能客控+全景落地窗+豪華城市夜景）:HK$445']"
開平拾月酒店（開平市政府大潤發店）,9.1,"['拾趣高級大床房:HK$246', '拾語商務雙床房:HK$278', '拾日豪華大床房:HK$278', '拾光花園雙床房:HK$285']"
柏高·雅酒店（江門新會時代店）,9.5,"['高級大床房（洗衣烘乾機+55寸電視可投屏+ 小冰箱）:HK$322', '商務雙床房（洗衣烘乾機+55寸電視可投屏+小冰箱）:HK$346', '花園豪華大床房（户外花園+55寸電視可投屏+小冰箱）:HK$352', '商務大床房（洗衣烘乾機+55寸電視可投屏+小冰箱）:HK$401', '影音豪華大床房（100寸超大投影可投屏+超大落地窗）:HK$402']"
悦舍酒店（江門萬達廣場店）,9.1,"['舒適城景大床房-舒適恬雅+城市景觀視野開闊:HK$264', '悦享雲影大床房-新超大幕布投影＋影視會員:HK$293', '豪華城景雙床房-高層城景安靜視野開闊:HK$293', '璀璨觀景大床房-新超大幕布投影＋影視會員:HK$341']"
台山曼麗酒店,9.1,"['智能音樂大床房:HK$310', '智能音樂雙床房:HK$328', '豪華智能音樂大床房:HK$339', '豪華智能音樂雙床房:HK$339', '智能音樂子母房:HK$365']"
美豪酒店（江門三十三墟街地王廣場店）,8.8,"['特惠—舒適大床房（無憂閃訂+舒適睡眠）:HK$233', '舒適雙床房（舒適敞亮+零壓睡眠）:HK$264', '舒適大床房（舒闊空間+零壓睡眠）:HK$276', '雅緻大床房（城市瞰景+舒適沙發+精緻睡眠）:HK$286']"
台山文華雅詩酒店,9.5,"['雅詩·樂享‖智控陽台雙床房:HK$350', '雅詩·樂享‖智控陽台大床房:HK$350', '雅詩·優享‖舒適行政大床房:HK$403', '雅詩·優享‖舒適行政雙床房:HK$403', '雅詩·靜享‖智臻夜景大床房:HK$423']"
美思柏麗酒店（江門蓬江五邑大學店）,9.4,"['高級大床房:HK$194', '星幕雲端|享大床房|超大雙層靜音玻璃窗|光纖千兆網絡>:HK$199', '豪華雙床房:HK$211', '豪華大床房:HK$217']"
全季酒店（江門鶴山大道店）,9.4,"['高級大床房（65寸投屏電視+智能馬桶+智能客控+小冰箱）:HK$271', '商務大床房（65寸投屏電視+智能馬桶+智能客控+小冰箱）:HK$291', '豪華大床房（65寸投屏電視+智能馬桶+智能客控+小冰箱）:HK$312', '高級雙床房（65寸投屏電視+智能馬桶+智能客控+小冰箱）:HK$312']"
江門東站嘉華廣場智選假日酒店,9.5,"['高級房大床（投屏電視）:HK$354', '高級房雙床（投屏電視）:HK$354', '高級房雙床無障礙（投屏電視）:HK$402', '高級房大床（投屏電視+小冰箱+智能音箱）:HK$402', '開放式套房大床（投屏電視+小冰箱+智能音箱）:HK$904']"
山水富麗華酒店（江門站店）,9.5,"['智能暢享雙床房（小度全屋智能＋洗衣機＋智能馬桶）:HK$382', '智能暢享大床房（小度全屋智能＋洗衣機＋智能馬桶）:HK$392', '智能夢享浪漫主題房（小度全屋智能＋浪漫浴缸＋智能馬桶）:HK$413', '智能臻享茶語豪華大床房（小度全屋智能＋洗衣機＋解壓浴缸）:HK$454', '智能樂享親子雙床房（全屋智能＋洗衣機＋智能馬桶）:HK$464']"
曼陀倫Plus酒店（鶴山新華城店）,9.2,"['豪華特大床房 （全房型4k百寸投影+已開通電影會員）:HK$358', '高級城景大床房（智能音控+55寸投屏電視+辦公桌）:HK$362', '高級城景雙床房（智能音控+55寸投屏電視）:HK$362', '豪華城景大床房（智能音控+小冰箱+辦公桌）:HK$370', '豪華城景雙床房（智能音控+小冰箱+55寸投屏電視）:HK$370']"
江門富力萬達嘉華酒店,9.4,"['豪華雙床房:HK$577', '豪華大床房:HK$577', '豪華大床房（深睡床墊+獨立浴缸+Acca Kappa洗護用品）:HK$609', '豪華雙床房（深睡床墊+獨立浴缸+Acca Kappa洗護用品）:HK$609', '高級豪華雙床房:HK$647', '高級豪華大床房:HK$647']"
台山昌大昌萬楓酒店,9.5,"['標準大床房:HK$486', '標準雙床房:HK$486', '高級大床房:HK$517', '高級雙床房:HK$517', '高級景觀大床房:HK$548']"
歐斯卡國際酒店（開平客運總站店）,9.3,"['智享|商務雙床房（全屋智能客控+商務辦公）:HK$239', '（智能）精品投影房:HK$283', '（智能）別緻大床房:HK$293', '（智能）超大幕布影院房:HK$358']"
凱里亞德酒店（江門東站店）,9.6,"['優享雙床房（小度全屋智能+手機投屏+愉夢床墊）:HK$260', '優享大床房（小度全屋智能+手機投屏+愉夢床墊）:HK$272', '榮享家庭大床房（小度全屋智能+手機投屏+愉夢床墊）:HK$284', '榮享大床房（小度全屋智能+手機投屏+愉夢床墊）:HK$294']"
江門三木裏酒店（江海站白水帶公園店）,9.7,"['暢元大床房（治癒小飄窗）:HK$239', '星元榻榻米房（浪漫原木日式風）:HK$252', '幾木大床房（深睡床墊+休閑榻榻米區）:HK$279', '極簡雙人房（文藝休閑大飄窗）:HK$282', '高級大床房（帶冰箱+記憶枕+山景）:HK$312']"
全季酒店（江門雙龍廣場店）,9.5,"['商務大床房（65寸投屏電視+智能馬桶+智能客控+小冰箱）:HK$397', '豪華大床房（65寸投屏電視+智能馬桶+智能客控+小冰箱）:HK$426', '豪華雙床房（65寸投屏電視+智能馬桶+智能客控+小冰箱）:HK$426', '家庭房（65寸投屏電視+智能馬桶+智能客控+小冰箱）:HK$453', '套房（65寸投屏電視+智能馬桶+智能客控+小冰箱）:HK$510']"
雲居輕奢酒店（江門蓬江區萬達廣場華僑廣場店）,9.4,"['雅緻影音雙床房【湖景+巨幕投屏+品牌床墊】:HK$191', '雅緻大床房【全屋智能+投屏電視+品牌床墊】:HK$194', '景觀好眠大床房【全屋智能+投屏電視+深睡系統】:HK$223', '城景影視大床房【巨幕投影+全屋智能+深睡床品】:HK$232']"
江門麗宮國際酒店,9.0,"['B座陳韻雅緻雙床房:HK$326', 'B座陳韻雅緻大床房:HK$337', 'A座高級雙床房:HK$395', 'A座高級大床房:HK$395', 'A座豪華雙床房:HK$427']"
天堃國際酒店（江門滙悦大融城五邑華僑廣場店）,9.2,"['標準大床房【小冰箱+小陽台】:HK$233', '標準雙床房【帶陽台+小冰箱】:HK$251', '豪華大床房【伊姆斯躺椅+小冰箱】:HK$255', '豪華雙床房【帶陽台+小冰箱】:HK$264']"
凱利安宜酒店,9.5,"['軒雅大床房（智能客控+電視投屏+智能馬桶）:HK$247', '雅逸大床房（智能客控+電視投屏+智能馬桶）:HK$287', '智尊大床房（智能客控+電視投屏+温馨設計）:HK$309', '智享雙床房（智能客控+智能馬桶+浴室乾濕分離）:HK$309']"
麗楓酒店（開平幕沙店）,9.5,"['標準單人房:HK$243', '豪華大床房:HK$259', '自在大床房:HK$274', '標準雙人房:HK$282']"
江門古兜温泉竹苑雲居酒店,9.3,"['竹韻温泉套房（室內私泡池）:HK$683', '星空温泉套房（室內觀星私泡池）:HK$683', '紫竹河畔温泉大床房（露台私泡池）:HK$683', '竹韻雅居温泉大床房（室內泡池）:HK$683']"
江門邑澗酒店（江門五邑華僑廣場店）,9.4,"['澗汐·茶文化迷你房-功夫茶具:HK$224', '澗真·茶文化雅居房-功夫茶具:HK$292', '澗思·茶文化景觀大床房-功夫茶具:HK$307', '邑靜·茶文化雙床房-功夫茶具:HK$355']"
綠島假日酒店（江門萬達店）,9.1,"['僑鄉印象雙人房:HK$210', '僑鄉印象商務房:HK$247', '優享房:HK$293', '僑鄉印象單人房:HK$311']"
江門新會碧桂園鳳悦鳳凰酒店,9.4,"['特惠雙床房:HK$447', '高級雙床房:HK$481', '高級大床房:HK$481', '豪華雙床房:HK$532', '豪華大床房:HK$532', '豪華觀景雙床房:HK$607']"
維也納酒店（江門萬達廣場店）,9.4,"['高級大床房:HK$288', '商務雙床房:HK$317', '豪華大床房:HK$320', '豪華雙床房:HK$331']"
詩意HOTLE（蓬江萬達店）,9.5,"['智能雙床房（冰箱+智能設備）:HK$215', '躺平零壓大床房（冰箱+可辦公+智能設備）:HK$218', '雅.商務大床房（浴缸+冰箱+投影巨幕+海量電影+可辦公+智能設備）:HK$223', '麗.尊享大床房（浴缸+冰箱+投影巨幕+海量電影智能設備）:HK$247']"
台山東富大酒店,9.4,"['輕奢商務雙床房:HK$305', '雲端行政大床房:HK$305', '智能行政大床房:HK$310', '智享商務大床房:HK$310', '豪華智能大床房（ 智能客控）:HK$332']"
新僑都酒店（江門東站江海廣場店）,9.2,"['甄選雙人房:HK$188', '甄選大床房:HK$188', '雅緻大床房:HK$228', '尊享複式大床房:HK$251']"
鉑扉江岸S酒店（江門萬達廣場粵海城店）,9.3,"['臻享園景大床房「手機可投屏觀影+會議PPT」:HK$204', '樂享江景雙床房「戴森吹風機-親膚防蟎布草+休閑座椅」:HK$216', '樂享雅緻大床房「升降幕布+有暢享電影+戴森同款吹風機」:HK$225', '智享江景大床房「慵懶榻榻米飄窗+休閑茶几+乾濕分離」:HK$232']"
