酒店名称,评分,房型价格列表
池州尚都酒店,9.5,"['精緻大床房:HK$238', '特惠雙床間:HK$238', '行政大床房:HK$275', '行政雙床房:HK$275']"
池州大前門輕奢酒店,9.4,"['精緻日式大床房:HK$244', '臻選觀影大床房（無窗）:HK$244', '精緻大床房:HK$255', '輕奢豪華標準間:HK$289', '精緻觀影影音大床房:HK$289']"
麗思君亭酒店（池州政務中心商之都店）,9.1,"['智享語音悦享雙床房:HK$195', '智享語音悦享大床房:HK$214', '智享語音高級大床房:HK$281', '智享語音高級雙床房:HK$281', '智享語音行政雙床房:HK$340']"
池州大九華賓館（九華山）,9.6,"['池州印象商務精選房:HK$459', '池州印象商務大床房|城景+乾濕分離+新中式風格:HK$494', '池州印象商務雙床房|城景+乾濕分離+新中式風格:HK$494', '恬謐雅居套房|一室一廳+雙衞:HK$508', '池州印象智能大床房|高空城景+小度客控+乾濕三分離:HK$568']"
全季酒店（池州火車站店）,9.6,"['高級大床房:HK$330', '高級雙床房:HK$340', '商務大床房:HK$369', '商務雙床房:HK$378']"
池州紅專記度假酒店（儺仙鎮九華天池店）,8.6,"['山景陽台大床房:HK$683', '山景陽台雙床房:HK$683', '雅緻觀瀾大床房:HK$683', '雅緻觀瀾雙床房:HK$683', '水岸院落雙床房:HK$683', '陽光院落雙床房:HK$683']"
池州鉑晶國際酒店（江南產業集中區九華山機場店）,9.5,"['高級大床房:HK$329', '高級雙床房:HK$329', '豪華雙床房:HK$360', '豪華大床房:HK$360', '親子雙床房:HK$422']"
池州火車站齊山大道亞朵酒店,9.6,"['高級大床房（慢回彈記憶枕+65寸投屏電視）:HK$340', '行政雙床房（慢回彈記憶枕+65寸投屏電視）:HK$349', '行政大床房（慢回彈記憶枕+65寸投屏電視）:HK$358', '行政陽台大床房（慢回彈記憶枕+65寸投屏電視+小冰箱）:HK$385', '行政城景雙床房（慢回彈記憶枕+65寸投屏電視+小冰箱）:HK$385']"
巴爾頓酒店（池州高鐵站店）,9.3,"['高級大床房:HK$222', '高級雙床房:HK$222', '豪華大床房:HK$236', '豪華雙床房:HK$243']"
星空電競智能酒店（紅森國際大廈店）,10.0,"['商務雙標間:HK$226', '電競大床房【5070+U7265KF+2K300HZ+鑽石特權+加速器】:HK$258', '電競雙床房【5070+U7265KF+2K300HZ+鑽石特權+加速器】:HK$258', '豪華電競雙標間【5070+U7265KF+2K300HZ+鑽石特權】:HK$282']"
嘉旗觀景酒店（池州生態濕地公園店）,8.8,"['觀景·大床房（高空觀景+智能馬桶）:HK$236', '城景大床房:HK$297', '觀景·雙床房（高空觀景+智能馬桶）:HK$331', '山景時光·圓床房（高空觀景+智能馬桶）:HK$341']"
池州百歲大酒店,8.6,"['商務單間:HK$216', '普通標準間:HK$293', '豪華標間:HK$333', '豪華單間:HK$333', '家庭標間:HK$447']"
池州維也納酒店（貴池長江南路濕地公園店）,9.2,"['標準大床房 （私密空間+深睡助眠枕+酣睡床墊）:HK$216', '商務大床房 （保鮮冰箱+會客區+大空間）:HK$225', '豪華大床房 （零壓酣睡床墊+通風采光佳+落地全身鏡）:HK$255', '豪華家庭房 （大小雙床+舒適沙發椅+採光視野好）:HK$269']"
池州碧桂園鳳悦鳳凰酒店（九華山）,9.5,"['園景大床房:HK$347', '園景雙床房:HK$347', '湖景大床房:HK$458', '湖景雙床房:HK$458', '大熱荒野親子雙床房:HK$511', '親子主題房:HK$555']"
格林東方酒店（池州長江中路大潤發店）,9.3,"['大床房:HK$181', '豪華雙床房:HK$235', '豪華大床房:HK$235', '行政大床房:HK$235']"
尚客優悦酒店（池州高鐵站上海城店）,9.5,"['標準大床房（智能語音客控+零壓酣睡床墊+智能馬桶）:HK$215', '智能舒適雙床房（智能語音客控+酣睡床墊+智能馬桶）:HK$215', '優享·格調大床房（智能語音客控+單人沙發茶几+智能馬桶+獨立洗漱區）:HK$255', '優享·格調雙床房（智能語音客控+單人沙發茶几+智能馬桶+獨立洗漱區）:HK$255']"
沁源假日酒店（池州高鐵站店）,9.3,"['雅緻單間:HK$131', '精品單間:HK$131', '特惠單間（無窗）:HK$131', '精品標間:HK$146']"
巴爾頓酒店（池州九華山機場店）,9.3,"['高級雙床房:HK$244', '高級大床房A:HK$244', '豪華大床房:HK$275', '豪華雙床房:HK$275']"
君亭水晶酒店（池州政務中心人民醫院店）,9.4,"['輕享 | 高級雙床房:HK$263', '輕享 | 高級大床房:HK$277', '君享|麗致雙床房:HK$306', '君享|麗致大床房:HK$320']"
格美酒店（池州高鐵站店）,9.1,"['格美雙床房:HK$207', '格美大床房:HK$207', '清馨大床房:HK$232', '清馨雙人房:HK$232']"
池州瑤池温泉酒店,8.3,"['清雅田園雙床房（書桌+沙發椅）:HK$293', '温雅園景雙床房（陽台+沙發椅+書桌）:HK$326', '温雅園景大床房（陽台+沙發椅+書桌）:HK$326', '和雅親友三床房（沙發椅）:HK$435', '馨雅親子雙床房（子母床+沙發椅+園景）:HK$533']"
紫晶酒店（池州市政務中心店）,9.1,"['躺平治癒大床房:HK$235', '寧靜雙床房:HK$259', '商務大床房:HK$268', '豪華大床房:HK$284']"
維也納國際酒店（池州高鐵站店）,9.5,"['高級雙床房:HK$228', '高級大床房（無窗）:HK$236', '商務大床房:HK$274', '豪華家庭房:HK$369']"
池州水悦江南温泉酒店,8.5,"['豪華大床房:HK$186', '豪華雙床房:HK$186', '棋牌套房:HK$221']"
飛魚電競智能酒店（池州商之都店）,9.4,"['特惠電競雙床房【4070S+i7-14790F+2K260HZ+鑽石特權+UU加速器+全屋智能】:HK$260', '智能電競大床房【4070S+i7-14790F+2K260HZ+鑽石特權+UU加速器+全屋智能】:HK$274', '智能電競雙床房【4070S+i7-14790F+2K260HZ+鑽石特權+UU加速器+全屋智能】:HK$274', '豪華電競雙床房【4070S+i7-14790F+2K260HZ+鑽石特權+UU加速器+全屋智能】:HK$300']"
尚嘉酒店（財富廣場店）,9.7,"['智享大床房:HK$244', '智尚大床房:HK$264', '智享雙床房:HK$264']"
池州平天半島大酒店,9.7,"['園景雙床房 | 雲棲竹徑·竹海聽濤:HK$826', '水上天路—豪華園景雙床房 | 陽台茶座·浮光竹影:HK$947', '親子主題豪華雙床房 | 親近自然·棲身山野:HK$1,069', '湖畔美居—湖景大床房 | 浴缸·靜謐·湖光山色:HK$1,069', '天空之境—豪華湖景大床房 | 陽台沙發·自然療愈:HK$1,190', '天空之境—豪華湖景套房 |下沉式客廳·浴缸·一線湖景:HK$2,040']"
池州祕境秋浦仙居民宿,9.5,"['南山-露台茶園雙床房【獨立露台+茶園山景】:HK$476', '星辰-星空露台茶室家庭套房【獨立茶室+180°山景】:HK$577', '乘月-星空露台茶園家庭房【觀景露台+茶園山景】:HK$577', '清風-茶園書房浴缸雙床房【深水浴缸+茶園山景】:HK$577']"
茶鄉里民宿,9.4,"['峽谷祕境山景避暑雙床房:HK$380', '峽谷山景大床房:HK$380', '峽谷山景套房:HK$588']"
麗斯未來酒店（遠東國際廣場店）,9.4,"['南柵灣（舒適影院大床房）:HK$167', '藝林（精選影院雙床房）:HK$176', '積木（LOFT影院大床房）:HK$210', '嶺南（LOFT影院大床房）:HK$214']"
漢庭酒店（池州商之都店）,9.8,"['大床房:HK$226', '雙床房:HK$236', '高級大床房:HK$246', '高級雙床房:HK$265']"
九華詩源民宿,9.5,"['落地窗觀景大床房:HK$351', '精品雙床房:HK$370', '行政套房:HK$481']"
尚美酒店（池州大潤發店）,9.4,"['高級標間:HK$153', '豪華大床房:HK$161', '豪華標間:HK$177', '家庭房:HK$203']"
格林豪泰（池州高鐵站店）,9.0,"['大床房:HK$134', '雙床房:HK$148', '商務大床房:HK$148', '高級大床房:HK$159']"
拾院酒店,9.8,"['山野大床房:HK$764', '山麓觀景大床房（漢斯格雅衞浴+金可兒床墊+全屋地暖）:HK$983', '山麓觀景雙床房（漢斯格雅衞浴+金可兒床墊+全屋地暖）:HK$1,005', '伍·陸·玖·松照·庭院大床房（星空浴缸+戴森吹風機）:HK$1,270', '捌·拾·林間·庭院套房（星空浴缸+漢斯格雅衞浴）:HK$1,377']"
格林豪泰（池州市政務中心平天湖風景區店）,9.7,"['高級零壓大床房:HK$192', '高級零壓雙床房:HK$192', '舒眠零壓大床房:HK$192', '豪華零壓大床房:HK$202']"
開園影視酒店,7.6,"['特價大床房:HK$174', '豪華標準間:HK$288', '情侶大床房:HK$305', '豪華大床房:HK$314']"
都市花園連鎖酒店（池州第十六中學秀山門博物館店）,8.5,"['美致大床房:HK$173', '美致雙床房:HK$179', '舒適大床房:HK$208', '舒適雙床房:HK$222']"
城市快捷酒店（池州高鐵站店）,9.2,"['零壓大床房:HK$133', '輕享大床房:HK$144']"
閑雲山莊,7.6,"['山景大床房:HK$282', '山景標間:HK$282', '温馨山景親子房:HK$326', '豪華整棟:HK$2,184']"
池州秀山國際大酒店,8.3,"['豪華單人間:HK$264', '三人間:HK$293']"
若華酒店（池州大潤發店）,8.8,"['素雅大床房:HK$129', '素雅雙床房:HK$148', '零壓雙床房:HK$157', '精緻休閑房:HK$157']"
池州比高公寓,9.1,"['大床房:HK$119', '標準間:HK$141', '青山（一居室影院房）:HK$149', '家庭親子房:HK$165']"
美程酒店（池州高鐵站店）,9.1,"['特惠大床房:HK$184', '美凈大床房:HK$315', '美致大床房:HK$337', '美致雙床房:HK$337']"
中晨大酒店（池州南湖路店）,7.5,"['標準大床房:HK$196', '豪華大床房:HK$223', '高級大床房:HK$237', '高級雙床房:HK$237']"
池州豐源賓館,9.5,"['標準間:HK$277', '豪華標準間:HK$314', '尊享大床房:HK$314']"
池州洞天苑民宿,9.5,"['五柳.木屋居.雙人間:HK$356', '昭明.五柳.木屋居.大床房:HK$356', '牛角.清泉.山景雙人間:HK$356', '秋浦漁歌.後坡牧笛.浴缸大床房:HK$468']"
池州竹子酒店,8.9,"['特惠單間:HK$163', '高級單間:HK$217', '高級標間:HK$217', '豪華標間:HK$228']"
如家睿柏・雲酒店（池州同暉廣場店）,8.7,"['智能大床房:HK$125', '智能高級商務房:HK$133', '智能高級雙床房:HK$157', '棋牌高級大床房:HK$183']"
如家酒店·neo（池州秋浦西路秀山門廣場店）,9.0,"['單人房:HK$147', '大床房:HK$156', '雙床房:HK$164', '商務大床房:HK$164']"
