酒店名称,评分,房型价格列表
河源巴伐利亞鹿森風車温泉套房酒店,9.1,"['現鹿·私享温泉大床套房（一房一廳）:HK$349', '現鹿·私享温泉雙床套房（一房一廳）:HK$349', '180°園景私享温泉大床套房（一房一廳）:HK$513', '現鹿·私享温泉套房（兩房一廳2床）:HK$678']"
河源格蘭雲天·閱酒店（亞洲第一高噴泉店）,9.6,"['高級大床房（支持手機投屏）:HK$245', '高級雙床房（榻榻米茶台、功夫茶具）:HK$266', '閲享觀景大床房:HK$277', '閲享行政大床房:HK$298', '閲享荷里活超級大床房（2.4超大床）:HK$298']"
柏頓國際酒店（河源堅基購物中心店）,9.4,"['豪華大床房【輕奢簡約風】:HK$204', '豪華雙床房【輕奢簡約風】:HK$204', '城景大床房（俯瞰地標水母大劇院）:HK$217', '城景雙床房 [180度俯瞰城市夜景 | 無敵視野]:HK$217']"
河源巴蜀國際美豪麗致酒店,9.6,"['麗致輕奢大床房:HK$271', '麗致輕奢雙床房:HK$294', '雅緻城景大床房:HK$316', '雅緻城景雙床房:HK$327', '雅緻山景大床房:HK$349']"
金沙灣江景酒店（河源恐龍博物館店）,9.4,"['標準雙床房:HK$137', '豪華大床房:HK$144', '豪華雙床房:HK$159', '江景豪華大床房:HK$169']"
河源渼居空中湯泉酒店,9.3,"['標準大床房:HK$334', '標準雙床房:HK$334', '輕奢親子房:HK$543', '豪華麻將大床房:HK$543', '親子主題房（多種風格）:HK$927']"
河源客家文化公園希爾頓歡朋酒店,9.5,"['舒適大床房:HK$361', '舒適雙床房:HK$365', '高級大床房:HK$412', '高級雙床房:HK$412', '豪華雙床房:HK$450']"
河源巴伐利亞莊園雅閣度假&澳斯特·菩提酒店,9.0,"['菩提禪意雙床房:HK$473', '菩提禪意大床房:HK$473', '菩提禪意家庭雙床房:HK$576', '房間私家温泉泡池·雅閣大床房:HK$680', '房間私家温泉泡池·雅閣童趣大床房·哆啦A夢:HK$680']"
河源翔豐國際酒店,9.8,"['豪華城景雙床房:HK$390', '豪華城景大床房:HK$390', '豪華江景大床房（一線江景）:HK$449', '豪華江景雙床房（一線江景）:HK$449', '家庭親子房（宇航員）:HK$513', '豪華商務雙床房:HK$535']"
凱里亞德酒店（河源萬達廣場店）,9.7,"['輕享大床房:HK$255', '精品大床房:HK$265', '景觀大床房（180°飄窗俯瞰城市夜景）:HK$287', '優享雙床房:HK$287', '影音大床房（支持手機投屏）:HK$297']"
麗呈睿軒酒店（河源亞洲第一高噴泉萬隆城店）,9.6,"['暴富將至｜高級大床房•抗菌防蟎親膚布草•舒睡舒眠床墊:HK$191', '暴富將至｜高級雙床房•抗菌防蟎親膚布草•舒睡舒眠床墊:HK$191', '步步高昇｜豪華大床房•抗菌防蟎親膚布草•舒睡舒眠床墊:HK$203', '步步高昇｜豪華雙床房•抗菌防蟎親膚布草•舒睡舒眠床墊:HK$210']"
麗楓酒店（河源高鐵站碧桂園店）,9.5,"['雅緻大床房丨慕思床墊丨LED化粧鏡:HK$202', '豪華大床房丨落地窗丨慕思床墊丨靜謐睡眠:HK$228', '豪華雙床房丨乳膠記憶枕丨慕思床墊丨靜謐睡眠:HK$235', '麗楓體驗房丨無壓色調丨舒適空間:HK$249']"
7天優品Premium酒店（河源亞洲第一高噴泉店）,9.5,"['優品大床房:HK$157', '優享大床房:HK$164', '優品雙床房:HK$173', '優享雙床房:HK$182']"
柏曼酒店（河源火車站店）,9.5,"['標準大床房:HK$142', '標準雙床房:HK$149', '高級大床房:HK$161', '高級雙床房:HK$168']"
河源巴伐利亞莊園福朋喜來登度假酒店,9.0,"['客家圍屋高級雙床房:HK$584', '客家圍屋卡通親子家庭大床房:HK$633', '客家圍屋劇場景雙床房:HK$633', '客家圍屋劇場景大床客房:HK$633', '客家圍屋雙床炕床房:HK$701', '豪華山景大床房（帶温泉泡池）:HK$720']"
凱悦大酒店（河源市火車站店）,9.1,"['窗外好景大床房【中央供暖+舒適倚靠休閑沙發】:HK$102', '動人夜景雙床房【深度包裹脖頸羽絨枕+舒睡床墊+超大化粧鏡】:HK$108', '拍照出片家庭親子雙床房:HK$121', '百寸巨幕影音大床房【手機投屏】:HK$136']"
凱里亞德酒店（河源客家文化公園店）,9.6,"['輕享大床房【全景飄窗+手機投屏+茶籽精華洗護用品】:HK$244', '榮享大床房【全景飄窗+手機投屏+茶籽精華洗護用品】:HK$275', '榮享雙床房【全景飄窗+手機投屏+茶籽精華洗護用品】:HK$275', '榮享景觀大床房【全景飄窗+商務辦公桌+貴妃椅】:HK$305', '榮享景觀雙床房【全景飄窗+凝膠枕+手機投屏】:HK$305']"
河源邁豪國際酒店,8.8,"['舒適別墅標間:HK$253', '舒適別墅商務標間:HK$266', '輕奢園景標間:HK$362', '奢享江景標間:HK$374', '豪華商務單間:HK$386']"
麗楓酒店（河源萬隆城店）,9.5,"['豪華雙床房:HK$231', '豪華大床房:HK$240', '景觀雙床房:HK$256', '景觀大床房（落地窗）:HK$258']"
河源春沐源小鎮·藍葡萄酒店,9.6,"['親子豪華複式套房 （兩房）:HK$1,485', '親子平層套房（兩房步梯）:HK$1,485', '標準景觀複式套房（兩房）:HK$1,485', '標準豪華複式套房（兩房）:HK$1,485', '熊貓親子平層套房（兩房步梯）:HK$1,591', '太空宇航員複式套房（兩房）:HK$1,591']"
麗楓酒店（河源巴伐利亞店）,9.3,"['標準單人房【空氣凈化器丨舒適記憶枕】:HK$201', '豪華大床房【空氣凈化器丨慕思床墊】:HK$215', '豪華雙床房【空氣凈化器丨慕思床墊】:HK$215', '商務大床房【空氣凈化器丨舒適記憶枕丨慕思床墊】:HK$245']"
京海·Comfort國際酒店公寓（河源人民醫院店）,9.4,"['歡 ‖ 薄霧雲裳+大床房（舒適好床+深度睡眠 ）:HK$113', '喜 ‖ 晨間清露+特大床房（定製舒適床墊+深度好睡眠 ）:HK$120', '暖 ‖ 天倫之樂 親子特大床房 （定製床墊+深度睡眠+親子帳篷+直播電視頻道）:HK$126', '愉 ‖ 繁花似錦 雙床房 （農夫山泉+恆温空調+淋浴隔斷+觀城景）:HK$140']"
河源濱江金利大酒店（亞洲第一高噴泉店）,8.5,"['舒適江景大床房（陽台+一線江景）:HK$181', '舒適江景雙床房（陽台+一線江景）:HK$181', '雅緻江景大床房（落地窗+舒適貴妃椅+65寸電視）:HK$255', '雅緻江景雙床房（落地窗+舒適貴妃椅+65寸電視）:HK$255', '輕奢江景花園大床房（大露台+65寸電視）:HK$308']"
柏曼酒店（河源亞洲第一高噴泉萬隆城店）,9.5,"['標準大床房:HK$155', '標準雙床房:HK$164', '高級大床房:HK$175', '高級雙床房:HK$183']"
雲天酒店（河源高新區店）,9.7,"['商務大床房（全屋智能聲控）:HK$276', '商務雙床房（全屋智能聲控）:HK$276', '行政大床房（全屋智能聲控）:HK$308', '行政雙床房（全屋智能聲控）:HK$308', '尊享行政大床房（全屋智能聲控）:HK$340']"
河源百利龍城國際酒店,8.9,"['豪華大床房:HK$294', '豪華雙床房:HK$294', '親子家庭房:HK$295', '標準單人房:HK$295', '標準雙人房:HK$295']"
如家商旅酒店（河源亞洲第一高噴泉店）,9.4,"['商務大床房:HK$128', '雙床房:HK$128', '高級大床房:HK$154', '高級雙床房（休息區）:HK$154']"
和航伯爾盛國際酒店（河源亞洲第一高噴泉店）,9.2,"['精品大床房:HK$212', '豪華大床房:HK$223', '精品雙床房:HK$232', '豪華麻將雙床房:HK$251', '豪華城景雙床房:HK$251']"
宜尚酒店（河源堅基萬達廣場店）,9.5,"['宜尚體驗房丨支持手機投屏丨180°落地窗俯瞰城市夜景:HK$238', '豪華雙床房丨支持手機投屏丨全景落地窗丨金可兒床墊:HK$246', '標準大床房丨支持手機投屏丨全景落地窗丨全身鏡:HK$256', '高級雙床房丨支持手機投屏丨乳膠記憶枕丨鴨絨被芯:HK$274', '豪華大床房丨支持手機投屏丨全景落地窗丨金可兒床墊:HK$284']"
麗楓酒店（河源大道亞洲第一噴泉店）,9.2,"['高級精品大床房（無窗（慕思床墊+小冰箱+蒸汽眼罩）:HK$183', '豪華大床房（慕思床墊+小冰箱+蒸汽眼罩）:HK$214', '豪華雙床房:HK$214', '雅緻大床房（慕思床墊+小冰箱+蒸汽眼罩）:HK$230']"
河源萬朵酒店,9.3,"['舒適雅緻大床房（坐卧沙發+畫化粧鏡）:HK$248', '舒適高級大床房（商務辦公桌+支持電視投屏+小米枱燈）:HK$277', '舒適高級雙床房:HK$277', '舒適大床房（榻榻米+迷你冰箱+小米體重稱）:HK$300', '舒適雙床房（迷你冰箱+親膚浴袍）:HK$300']"
利亞灣酒店（河源巴伐利亞莊園店）,9.4,"['舒適大床房:HK$118', '商務大床房:HK$132', '商務雙床房:HK$138', '窗外好景大床房:HK$161']"
IU酒店（河源堅基萬達廣場店）,9.4,"['小U精緻大床房（温馨小窩+睡眠安靜+空間隱祕+化粧鏡）:HK$204', '小U舒適大床房{至美夜景+雅蘭床墊+手機投屏+化粧鏡}:HK$221', '小U舒適雙床房（寵物友好+酒店公區提供洗衣房+超大視野）:HK$221', '小U超級雙床房{日出日落觀景+零壓床墊+超大空間+商務辦公桌}:HK$238']"
蘭歐尚品酒店（河源萬達廣場店）,9.5,"['蘭藝大床房（智能客控）:HK$172', '蘭藝雙床房（智能客控）:HK$172', '蘭藝優選雙床套房（智能客控）:HK$191', '蘭歐豪華大床房（智能客控）:HK$194']"
凱里亞德酒店（河源萬隆城店）,9.7,"['輕享大床房:HK$282', '樂享大床房:HK$293', '優享大床房:HK$315', '優享雙床房:HK$315', '榮享景觀雙床房:HK$337']"
西雁酒店（河源高鐵站萬隆城店）,9.5,"['雅緻雙床房|陽光滿屋+靜謐深睡:HK$157', '雅緻大床房|陽光滿屋+靜謐深睡:HK$159', '尊享棋牌大床房:HK$180', '尊享棋牌雙床房:HK$193']"
河源博程國際大酒店（客家文化公園店）,9.0,"['豪華雙床房｜陽光滿屋+靜謐深睡:HK$216', '豪華大床房｜陽光滿屋+靜謐深睡:HK$216', '子母房｜陽光滿屋+靜謐深睡:HK$223', '商務大床房:HK$264']"
維也納酒店（河源高新一路店）,8.9,"['標準單人間:HK$199', '高級大床房:HK$239', '高級雙床房:HK$239', '豪華大床房:HK$258']"
森茂國際酒店（河源火車站店）,9.4,"['雅緻大床房（深睡級床品＋城景+陽光滿屋）:HK$131', '雅緻雙床房（深睡級床品＋城景+陽光滿屋）:HK$131', '麗致雙床房（（深睡級床品＋城景+陽光滿屋））:HK$150', '温馨家庭房（深睡級床品＋城景+陽光滿屋）:HK$156']"
河源萬隆城桔子水晶酒店,9.6,"['高級大床房（小冰箱+藍牙音箱+65寸電視高清投屏）:HK$403', '商務大床房（小冰箱+手沖Coffee+藍牙音箱+投屏）:HK$462', '商務雙床房（小冰箱+手沖Coffee+藍牙音箱+投屏）:HK$472', '行政大床房（小冰箱+手沖Coffee+藍牙音箱+沙發）:HK$502', '行政雙床房（小冰箱+手沖Coffee+藍牙音箱+投屏）:HK$511']"
河源春沐源小鎮·棕櫚樹酒店,9.6,"['豪華雙床房:HK$1,271', '豪華大床房:HK$1,271', '景觀大床房:HK$1,485', '景觀雙床房:HK$1,485', '湖景大床房:HK$1,806', '湖景雙床房:HK$1,806']"
河源鉑悦斯國際酒店,8.8,"['豪華大床房:HK$233', '豪華雙床房:HK$255', '行政大床房:HK$276', '行政雙床房:HK$286']"
河源雅園半島酒店,8.5,"['雅園大床房:HK$183', '雅園雙床房:HK$194', '雅園棋牌大床房:HK$205', '雅園棋牌雙床房:HK$205']"
四季優品酒店（河源巴伐利亞店）,9.5,"['特惠大床房:HK$120', '商務雙床房:HK$148', '商務大床房:HK$153', '舒適大床房:HK$166']"
維也納國際酒店（河源雅居樂堅基購物中心店）,9.4,"['豪華大床房:HK$247', '豪華雙床房:HK$253', '棋牌大床房:HK$311', '棋牌雙床房:HK$318']"
河源宇景酒店,9.3,"['特價大床房（公區洗衣房）:HK$148', '主題大床房:HK$180', '豪華大床房:HK$191', '豪華雙人房:HK$212']"
維也納酒店（河源十里東岸高鐵站店）,9.1,"['標準大床房:HK$169', '高級大床房:HK$202', '高級雙床房:HK$202', '豪華大床房:HK$228']"
春沐源小鎮相見里民宿,10.0,"['山自在BOX三房温泉私墅:HK$1,816', '沐墅裏BOX三房温泉私墅:HK$1,816', '相見裏BOX三房温泉私墅:HK$1,816', '詩遇BOX三房温泉私墅:HK$1,816']"
鉑萊頓度假酒店（河源巴伐利亞店）,8.1,"['鉑萊頓高級大床房:HK$231', '鉑萊頓高級雙床房:HK$231', '鉑萊頓豪華大床房:HK$373', '鉑萊頓豪華雙床房:HK$373']"
河源鄉村四月美宿,9.5,"['田野雙床房:HK$267', '特色茶樓雙床房:HK$267', '蘭心苑雙床房（獨立庭院）:HK$377', '雅庭院雙床房（獨立庭院）:HK$486']"
