酒店名称,评分,房型价格列表
泰安中心希爾頓歡朋酒店,9.7,"['舒適大床房:HK$421', '舒適雙床房:HK$421', '高級大床房:HK$442', '高級雙床房:HK$442', '豪華雙人房:HK$465']"
泰安富力萬達嘉華酒店,9.5,"['豪華雙床房（浴缸+熱帶雨林花灑+Acca Kappa洗護品）:HK$512', '豪華大床房（浴缸+熱帶雨林花灑+Acca Kappa洗護品）:HK$512', '豪華山景大床房（直麪泰山+浴缸+ Acca Kappa洗護品）:HK$591', '家庭雙床房（加寬雙床+浴缸+Acca Kappa洗護品）:HK$642', '豪華影音大床房（直麪泰山+浴缸+100寸超大投屏幕布）:HK$697', '豪華影音雙床房（浴缸+熱帶雨林花灑+100寸投屏幕布）:HK$697']"
泰安中心智選假日酒店,9.6,"['高級大床房:HK$275', '高級雙床房:HK$276', '舒適高級大床房:HK$297', '舒適高級雙床房:HK$297', '城市景觀 雙床:HK$322']"
漢庭酒店（泰安市政府店）,9.6,"['高級大床房（獨立空調+辦公桌椅）:HK$223', '高級雙床房（獨立空調+辦公桌椅）:HK$223', '商務大床房（辦公桌椅）:HK$232', '家庭房（辦公桌椅 ）:HK$297']"
泰安泰山景區盤古天地亞朵酒店,9.8,"['高級大床房:HK$421', '高級雙床房:HK$448', '行政大床房:HK$448', '行政雙床房:HK$475', '幾木大床房:HK$475']"
全季酒店（泰安泰山景區店）,9.7,"['高級大床房:HK$388', '商務大床房:HK$438', '雙床房:HK$507', '商務家庭房:HK$567']"
泰安泰山國際會展中心亞朵酒店,9.8,"['高級大床房:HK$385', '高級雙床房:HK$385', '行政大床房:HK$421', '行政雙床房:HK$421', '幾木大床房:HK$466']"
泰安神憩賓館（泰山玉皇頂店）,8.5,"['特惠房:HK$759', '舒適標準間:HK$1,201', '神憩舒適大床房:HK$1,299', '神憩尊享標準間:HK$1,342']"
漢庭酒店（泰安萬達廣場店）,9.7,"['高級大床房（零壓床墊+智能馬桶）:HK$221', '高級雙床房（零壓床墊+智能馬桶）:HK$221', '商務大床房（零壓床墊+智能馬桶）:HK$240', '家庭房（零壓床墊+智能馬桶）:HK$271']"
泰山寶盛大酒店,9.7,"['禪意雙床房:HK$450', '高級大床房:HK$468', '高級雙床房:HK$468', '豪華大床房:HK$487', '豪華雙床房:HK$487', '豪華山景雙床房:HK$621']"
泰安瓊花島酒店,9.7,"['雅緻雙床房:HK$359', '雅緻大床房:HK$359', '輕奢園景雙床房（逸景陽台+智能客控）:HK$369', '輕奢園景大床房（逸景陽台+智能客控+特大床）:HK$369', '商務湖景雙床房（攬湖觀山露台+智能客控）:HK$437', '商務湖景大床房（攬湖觀山露台+智能客控+特大床）:HK$437']"
泰安隱居大酒店,9.7,"['高級大床房（觀景落地窗+戴森吹風機）:HK$424', '高級雙床房（觀景落地窗+戴森吹風機）:HK$424', '豪華雙床房（觀景落地窗+戴森吹風機+解壓浴缸）:HK$467', '豪華大床房（觀景落地窗+戴森吹風機+解壓浴缸）:HK$467', '隱居會大床房（落地璀璨夜景+戴森吹風機+解壓浴缸）:HK$511', '隱居會雙床房（落地璀璨夜景+戴森吹風機+解壓浴缸）:HK$511']"
泰安泰山景區希爾頓歡朋酒店,9.6,"['舒適大床房（舒達床墊+投屏電視+可移動辦公桌）:HK$407', '舒適雙床房（舒達床墊+投屏電視+可移動辦公桌）:HK$426', '高級大床房:HK$435', '歡友房（親子沙發床+小童牙刷拖鞋+舒達床墊）:HK$473', '高級山景大床房（舒達床墊+投屏電視+可展開沙發床）:HK$483']"
泰安岱嶽區高鐵站漫亭酒店,9.9,"['雅緻大床房丨小度智能客控:HK$279', '雅緻雙床房丨小度智能客控:HK$279', '零壓大床房丨小度智能客控:HK$361', '零壓雙床房丨小度智能客控:HK$361', '温馨家庭房丨小度智能客控:HK$491']"
泰安格德智慧酒店（泰安高鐵站店）,9.6,"['智能舒適大床房（智能客控+金可兒床墊）:HK$234', '智能舒適雙床房（智能客控+金可兒床墊）:HK$234', '智能豪華大床房（智能客控+金可兒床墊）:HK$281', '智能豪華雙床房（智能客控+金可兒床墊）:HK$281', '智能山景大床房（智能客控+金可兒床墊）:HK$329']"
泰安泰山景區麗景美侖酒店,9.5,"['高級雙床房（朝陽+可拼床）:HK$291', '高級大床房:HK$329', '豪華雙床房（小冰箱+ 泰山小掛件）:HK$348', '豪華大床房（靜音+小冰箱）:HK$367', '行政大床房（記憶枕+小冰箱）:HK$407']"
建國璞隱酒店（泰安泰山店）,9.7,"['凌霜居｜禪意雙床房:HK$359', '詠蘭居｜禪意大床房:HK$359', '凌霜居｜山景雙床房:HK$394', '暗香居｜山景陽台大床房:HK$429', '凌霜居｜山景泡池雙床房:HK$433', '暗香居｜山景大床房:HK$433']"
泰安泰山麗芮酒店,9.6,"['芮享舒適房-雙床（智能客控+戴森吹風機+舒達床墊）:HK$422', '芮享舒適房-大床（智能客控+戴森吹風機+舒達床墊）:HK$422', '芮享高級房-雙床（智能客控+戴森吹風機+舒達床墊）:HK$444', '芮享高級房-大床（智能客控+戴森吹風機+舒達床墊）:HK$444', '芮享豪華房-大床（智能客控+戴森吹風機+舒達床墊）:HK$467']"
泰安泰山萬達廣場美居酒店,9.6,"['標準房雙床（席夢思床墊+小米乳膠枕+小冰箱）:HK$381', '大床房（席夢思床墊+小米乳膠枕+小冰箱）:HK$381', '豪華房大床（席夢思床墊+小米乳膠枕+小冰箱）:HK$432', '高級房雙床（席夢思床墊+小米乳膠枕+小冰箱）:HK$432', '泰山觀景房雙床（席夢思床墊+小米乳膠枕+小冰箱）:HK$482']"
泰山大酒店,9.6,"['泰山景觀雙床房:HK$413', '岱廟觀景雙床房:HK$435', '零壓觀景雙床房:HK$435', '泰山景觀大床房:HK$457', '零壓觀景大床房:HK$457']"
泰安金盛國際大酒店,9.7,"['高級標準間（金可兒和鬱金香床品、智能馬桶）:HK$401', '高級大床房（金可兒和鬱金香床品、智能馬桶）:HK$401', '豪華標準間（金可兒和鬱金香床品、智能馬桶）:HK$418', '豪華大床房（金可兒和鬱金香床品、智能馬桶）:HK$418', '行政大床房（金可兒和鬱金香床品、智能馬桶）:HK$443', '海享睡助眠大床房（離子助眠床墊+增氧儀+睡眠分析儀）:HK$451']"
泰安寶龍藝珺酒店（泰山區紅門店）,9.6,"['安睡山景大床房【靜音耳塞+安眠眼罩+靜夜好眠】:HK$373', '高級城景大床房:HK$380', '高級城景雙床房:HK$380', '高級山景大床房【暢享山景+解壓浴缸】:HK$411', '高級山景雙床房【暢享山景+解壓浴缸】:HK$411', '公主派對主題大床房:HK$440']"
泰安泰岳温德姆酒店,9.5,"['豪華大床房:HK$431', '豪華雙床房:HK$456', '豪華園景大床房:HK$476', '豪華園景雙床房:HK$503', '豪華山景大床房:HK$503', '豪華山景雙床房:HK$531']"
泰安弗爾曼·海棠酒店,9.6,"['高級雙床房:HK$279', '特惠雙床房:HK$279', '特惠大床房:HK$279', '高級大床房:HK$295', '高級山景雙床房:HK$331']"
泰安御座酒店（岱廟店）,9.6,"['舒適雙床房:HK$360', '舒適單人間:HK$360', '豪華雙床房:HK$360', '豪華大床房:HK$415', '豪華套房:HK$743']"
泰安泰山溪美隱居酒店（岱廟景區店）,9.6,"['尊享大床房（零壓床墊+小度智能客控+智能馬桶）:HK$381', '尊享雙床房（零壓床墊+小度智能客控+智能馬桶）:HK$409', '尊貴山景大床房（零壓床墊+小度智能客控+智能馬桶）:HK$422', '山景按摩零壓大床房（按摩椅+智能小度+零壓床墊）:HK$490']"
若寓國際大酒店（泰安高鐵站店）,9.5,"['雅緻智能大床房（舒達床墊+智能馬桶+羽絨床品）:HK$284', '雅緻智能雙床房（舒達床墊+智能馬桶+羽絨床品）:HK$294', '豪華智能大床房（特大床+智能客控+獨立浴缸）:HK$325', '豪華智能雙床房（智能客控+獨立浴缸）:HK$340', '特色智能大床房:HK$426']"
嶼夕美宿 CityWalk享住影音酒店（泰山站店）,9.8,"['特惠城景大床房[手機可投屏高速吹風機]:HK$184', '180度觀山景觀大床房[零壓枕高速吹風機手機投屏]:HK$206', '巨幕觀影大床房[百寸巨幕可投屏投影高速吹風機零壓枕]:HK$229', '酣睡商務雙床房[零壓枕高速吹風機手機投屏]:HK$229']"
泰安溪苑山居麗呈酒店,9.5,"['山居星空房:HK$362', '山居高級雙床房:HK$380', '山居高級大床房:HK$380', '山居豪華雙床房:HK$416', '山居豪華大床房:HK$416']"
泰山美墅度假酒店（桃花峪登山口店）,9.8,"['雅緻大床房（智能小度+智能馬桶）:HK$360', '雅緻雙床房（智能小度+智能馬桶）:HK$360', '輕奢大床房（解壓浴缸+智能小度）:HK$414', '輕奢雙床房（解壓浴缸+智能小度）:HK$414', '陽光園景雙床房（户外陽台+智能小度+解壓浴缸）:HK$533', '陽光園景大床房（户外陽台+智能小度+解壓浴缸）:HK$534']"
泰安泰山岱廟希岸Deluxe酒店,9.5,"['Deluxe純凈大床房（空氣凈化器+零壓床墊+智能客控+中央空調）:HK$313', 'Deluxe山景大床房（零壓床墊+智能客控+山景+中央空調）:HK$333', 'Deluxe山景雙床房（零壓床墊+智能客控+山景+中央空調）:HK$355', 'Deluxe高級大床房（零壓床墊+可投屏電視+智能客控+中央空調）:HK$400']"
鳳頤山莊（泰山風景區桃花峪登山口店）,9.9,"['舒適大床房:HK$304', '鳳儀大床房（特大床+智能馬桶+美國舒達床墊）:HK$326', '御泉雙床房（智能馬桶+美國舒達床墊）:HK$391', '山景雙床房（帶陽台可觀泰山景）:HK$391', '觀景大床房（帶觀景陽台）:HK$391']"
泰安麗亭酒店,9.6,"['雅痞活力大床房:HK$334', '雅痞活力雙床房:HK$334', '雅痞都市大床房:HK$362', '海底小縱隊親子雙床房:HK$466', 'B.Duck小黃鴨親子雙床房:HK$466']"
泰山天平湖開元名都大酒店,9.3,"['開元雙床房:HK$513', '開元大床房:HK$545', '豪華雙床房:HK$567', '豪華大床房:HK$589', '行政湖景大床房:HK$644', '開元套房:HK$709']"
泰山賓館（泰安泰山紅門景區店）,9.5,"['大床房:HK$274', '雙床房:HK$279', '高級雙床房（中央空調+智能小度+夢百合床墊）:HK$309', '商務大床房（中央空調+智能小度+夢百合床墊）:HK$309']"
泰安藍海御華大飯店,9.3,"['高級雙床房:HK$389', '高級荷里活大床房:HK$389', '高級荷里活雙床房:HK$389', '豪華大床房:HK$404', '豪華雙床房:HK$412', '豪華山景雙床房:HK$427']"
麗楓酒店（泰安高鐵站店）,9.7,"['高級大床房（無窗）（慕斯床墊+空氣凈化器+智能客控）:HK$259', '雅緻大床房（慕斯床墊+空氣凈化器+智能客控）:HK$278', '豪華大床房（慕斯床墊+空氣凈化器+智能客控）:HK$306', '豪華雙床房（慕斯床墊+空氣凈化器+智能客控）:HK$306']"
格林豪泰酒店（泰安高鐵站靈山大街店）,9.8,"['大床房（凈化水+中央空調）:HK$170', '雙床房（中央空調+凈化水）:HK$178', '商務大床房（朝陽+喜臨門均壓床墊）:HK$195', '商務雙床房（特大空間+凈化水）:HK$204']"
花築·曉初民宿（泰山紅門登山口店）,9.8,"['樹影雙床房（全屋智能）:HK$504', '流螢大床房（全屋智能）:HK$529', '雲棲大床房（智能客控+全景落地）:HK$554', '暮雨大床房（全屋智能）:HK$566']"
和頤酒店（泰安泰山紅門岱廟店）,9.3,"['大床房（智能馬桶+夢百合零壓床墊）:HK$292', '高級雙床房（智能馬桶+夢百合零壓床墊）:HK$307', '商務大床房（智能馬桶+夢百合零壓床墊）:HK$307', '景觀大床房（智能馬桶+夢百合零壓床墊）:HK$382', '家庭房（智能馬桶+夢百合零壓床墊）:HK$397']"
泰安溪悦山居酒店,9.7,"['高級大床房:HK$326', '高級雙床房:HK$326', '豪華大床房:HK$369', '豪華雙床房:HK$369', '家庭房:HK$435']"
花築·泰山橡薇民宿（紅門登山口店）,9.7,"['秋分·庭院大床房:HK$327', '冬至·觀景大床房:HK$347', '立春·舒適雙床房:HK$410', '穀雨·温馨家庭房:HK$435']"
悦程麗致酒店（泰安萬達廣場會展中心店）,9.3,"['Liz丨Surprise驚喜大床房（手機投屏+語音智能客控）:HK$214', 'Liz丨高級大床房（全屋語音智能+手機投屏+康夫高速吹風機）:HK$225', 'Liz丨沐光大床房（語音智能客控+康夫高速吹風機+沐浴陽光）:HK$237', 'Liz丨豪華智能大床房（全語音智能+大空間+電視投屏）:HK$260']"
花築·山舍桃花源民宿（泰山景區桃花源索道店）,9.4,"['【黃石崖】舒適大床房（副樓中古風）|山泉水浴:HK$700', '【踏春】舒適大床房（主院中式四合院）|山泉水浴:HK$824', '【彩石溪】豪華大床房（副樓中古風）|山泉水浴:HK$825', '【一線天】豪華大床房（副樓中古風）|山泉水浴:HK$825']"
和頤酒店（泰安萬達廣場國際會展中心店）,9.6,"['大床房A（內窗+小冰箱+電視投屏）:HK$188', '雙床房A（內窗+小冰箱+電視投屏）:HK$196', '商務大床房（小冰箱+電視投屏）:HK$205', '高級大床房（小冰箱+電視投屏）:HK$213']"
泰安山海大酒店（天外村店）,9.6,"['品岳·城市休閑雙床房:HK$335', '品岳·城市休閑大床房:HK$335', '快樂同行三人間:HK$473', '歡樂時光家庭房:HK$473', '豪華套大床房:HK$737']"
銀座和美酒店（泰安泰山店）,9.6,"['悦居大床房（智能客控）:HK$194', '悦居雙床房:HK$203', '和悦大床房（智能客控）:HK$222', '美居雙床房（智能客控）:HK$222']"
ROLLZ野路子酒店,9.7,"['廢墟2號:HK$496', '山景二胎親子房:HK$590', '山外有山觀景大床房:HK$590', '山景SOHO大套房:HK$684', '躺着看日出·Loft親子房:HK$708']"
春天裡度假酒店（泰安九女峯店）,9.5,"['山間精緻雙床房:HK$392', '山間精緻大床房:HK$400', '山間雅緻雙床房:HK$413', '山間雅緻大床房:HK$436', '山間雅緻套房（一室一廳2衞+觀景陽台+浴缸）:HK$579']"
花築·景尚山居民宿（泰山步行登山口紅門區店）,9.7,"['庭院舒適大床房:HK$407', '閣樓星空氧吧房-平台可直視南天門+全屋地暖+私人露台:HK$442', '森景氧吧親子房+榻榻米:HK$465', '森景氧吧套房+榻榻米+智能馬桶+沙發:HK$515']"
泰安東嶽山莊,9.4,"['舒適標準間:HK$293', '豪華標準間:HK$337', '豪華大床房:HK$348', '商務標準間:HK$380', '商務大床房:HK$402']"
如家精選酒店（泰安高鐵東路店）,9.7,"['大床房（天景採光通風）:HK$222', '商務大床房（夢百合0壓床墊+智能小度+朝陽）:HK$239', '雙床房（夢百合0壓床墊+朝陽）:HK$256', '特色大床房（榻榻米+投影+音響）:HK$256']"
花築·沁園民宿（泰山景區紅門登山口店）,9.9,"['初見大床房【智能客控+中央空調+智能馬桶】:HK$615', '沐雨大床房【智能客控+中央空調+智能馬桶】:HK$615', '望山雙床房【智能客控+智能馬桶】:HK$676', '日昕雙床房【智能客控+智能馬桶】:HK$676']"
泰安故鄉的雲民宿,9.5,"['山景雙床房:HK$1,075', '經典大床房:HK$1,233', '舒適大床房:HK$1,397', '甄選大床房:HK$1,515', '山景套房:HK$1,835']"
泰安寶盛道谷酒店（方特歡樂世界店）,9.8,"['高級大床房:HK$370', '高級雙床房:HK$370', '雅緻山景大床房:HK$468', '雅緻山景雙床房:HK$468', '豪華雙床房:HK$501', '豪華大床房:HK$501']"
