酒店名称,评分,房型价格列表
洛神銅鵲酒店（應天門南廣場洛邑古城店）,9.6,"['簡美大床房（mini冰箱丨乾濕分離丨零壓床墊）:HK$434', '艾美雙床房（mini冰箱丨乾濕分離丨零壓床墊）:HK$467', '艾美大床房（零壓床墊丨落地窗觀景台、動人夜景）:HK$468', '觀景大床房（零壓床墊丨城市夜景、麗景門景觀）:HK$512', '唯美大床房（零壓床墊丨獨立觀景台丨古城盛景）:HK$545']"
洛陽雲怡酒店（洛邑古城十字街店）,9.2,"['心悦大床房【乾濕分離I支持手機投屏】:HK$257', '心悦雙床房【乾濕分離I支持手機投屏】:HK$278', '旗開得勝心怡大床房【I智能客控I超清投影電視】:HK$291', '前程似錦心怡雙床房【智能客控II超清投影電視】:HK$322', '心享雙床房【輕奢睡眠I零壓床墊I星級床品】:HK$413']"
洛陽古都漫步酒店（應天門洛邑古城店）,9.4,"['凈素侘寂榻榻米房:HK$273', '至樸和風大床房:HK$301', '至樸典雅雙床房:HK$326', '漫步影院大床房:HK$368', '古都行政套房:HK$502']"
復美酒店（洛陽龍門高鐵站體育中心店）,9.5,"['麗致大床房 「高空觀景+超大空間+全景落地窗」:HK$436', '城景大床房 「高空觀景+超大面積活動空間」:HK$469', '雅舍大床房房 「坐卧兩用鳥籠沙發+巨幕投影」:HK$501', '城景雙床房 「辦公桌椅+全景落地窗」:HK$513', '記憶床墊 ▏荷里活零壓雙床房▏暢享睡眠+全景落地窗:HK$535']"
洛陽國際大酒店,9.6,"['商務雙床房（智能客控+無線充電）:HK$639', '商務大床房（智能客控+無線充電）:HK$639', '至尊大床房（智能客控+浴缸+膠囊coffee機+空氣凈化）:HK$852', '行政雙床房（智能客控+空氣凈化+戴森高速吹風機）:HK$912', '行政大床房（智能客控+空氣凈化+戴森高速吹風機）:HK$912', '商務家庭房（智能客控+浴缸+膠囊coffee機）:HK$944']"
霽園歡沁酒店（洛邑古城麗景門十字街店）,9.5,"['歡沁·雅悦大床房（智能客控+夢百合零壓床墊+夢百合零壓枕+輕智能馬桶）:HK$280', '歡沁·吾悦大床房（智能客控+夢百合零壓床墊+夢百合零壓枕+輕智能馬桶）:HK$298', '歡沁·陽台大床房（智能客控+夢百合零壓床墊+夢百合零壓枕+輕智能馬桶）:HK$321', '歡沁·雅悦雙床房（智能客控+夢百合零壓床墊+夢百合零壓枕+輕智能馬桶）:HK$328']"
洛陽華茂春松酒店,9.5,"['天相·雙床房:HK$538', '天相·高級雙床房:HK$673', '天樑·大床房:HK$673', '天樑・商務大床房:HK$769', '豪華始影·親子房:HK$865', '青山外・雙床房:HK$865']"
洛陽麗印和光酒店（麗景門十字街店）,9.5,"['空山遠·大床房（全屋智能+零壓床墊記憶枕+小冰箱）:HK$361', '雲來去·大床房（全屋智能+零壓床墊記憶枕+小冰箱+含浴缸）:HK$393', '晚風來·雙床房（全屋智能+零壓床墊記憶枕+小冰箱）:HK$393', '靜影沉壁·豪華大床房（全屋智能+零壓床墊記憶枕+小冰箱+含浴缸）:HK$469']"
洛陽鳳翔溫泉酒店,9.3,"['温泉私湯入户•雙床房:HK$446', '情侶湯屋入户•大床房:HK$446', '温泉私湯入户•大床房:HK$446', '特價雙人房（無泡池）:HK$446', '明月私密小院湯屋•雙床房:HK$517']"
鼓樓裏·美宿（洛邑古城麗景門十字街店）,9.7,"['永通·舒適大床房|Dyson戴森風筒|慕思床墊:HK$451', '定鼎·露台大床房|Dyson戴森風筒|零壓床墊:HK$460', '長夏·建國|暢享午後雙床房|Dyson戴森風筒|慕思床墊:HK$590', '上東·建陽|優享大床房|Dyson戴森風筒|慕思床墊|新風:HK$641']"
喜鵲洛神酒店（隋唐城應天門景區店）,9.6,"['智選丨簡美大床房【智能窗簾+洗烘衣機+品牌洗護用品】:HK$397', '臻選丨艾美大床房【迷你冰箱+乳膠床墊+乾濕分離】:HK$473', '臻選丨艾美雙床房【迷你冰箱+乳膠床墊+乾濕分離】:HK$473', '凌空丨精英專享大床房【靜居高閣+乳膠床墊+朗闊雲庭】:HK$527', '凌空丨精英專享雙床房【靜居高閣+乳膠床墊+朗闊雲庭】:HK$527']"
洛陽餘舍酒店（龍門高鐵站體育中心店）,9.8,"['心·餘舍大床房｜零壓護脊床墊+空氣凈化器+環保傢俱+全屋地暖:HK$436', '心家大床房｜零壓護脊床墊+中央空調+環保傢俱:HK$445', '留餘大床房｜零壓床墊+中央空調+幹泡茶台+0醛環保:HK$507', '留餘雙床房｜零壓護脊床墊+中央空調+城市綠野景觀:HK$577', '捨得大床房（豪華）｜浴缸+黑膠唱片機+城市綠野景觀:HK$676']"
棲遲水岸民宿（洛陽洛邑古城十字街店）,9.7,"['水色·歸心·水景大床房（智能客控+乾濕三分離+冰箱）:HK$283', '遠山·河景大床房（智能+茶台冰箱+浴缸乾濕四分離）:HK$352', '青樸·榻榻米（智能+深睡床墊+浴缸乾濕四分離+冰箱）:HK$352', '三秋·河景大床房（智能+浴缸乾濕四分離+小冰箱）:HK$352']"
洛陽萬豪酒店,9.4,"['豪華大床房:HK$883', '豪華雙床房:HK$883', '豪華湖景大床房:HK$993', '豪華湖景雙床房:HK$993', '行政大床房:HK$1,102', '行政雙床房:HK$1,102']"
洛陽唐都逸景國際酒店,7.8,"['豪華大床房:HK$467', '豪華雙床房:HK$467', '尊享大床房:HK$628', '行政大床房A:HK$702', '行政雙床房:HK$702', '行政大床房B:HK$813']"
洛陽雲華裏非遺藝術民宿（洛邑古城十字街店）,9.6,"['瀍壑朱櫻·大床房:HK$491', '滿庭芳·雙床房:HK$491', '午橋碧草·中式大床房:HK$535', '西苑池塘·大床房:HK$568', '如夢令·loft大床房:HK$600']"
花築奢·香山別院私湯度假酒店（龍門高鐵站龍門石窟店）,9.7,"['竹隱居-臻選大床房（冰箱+智能客控+零壓床品+高奢洗護）:HK$738', '聽風居-臻選雙床房（冰箱+智能客控+零壓床品+高奢洗護）:HK$775', '東籬居-臻品大床房（冰箱+智能客控+零壓床品+高奢洗護）:HK$812', '聽松居-臻品大床房（靜音冰箱+智能客控+高奢洗護）:HK$861', '長樂居-舒適雙床房（冰箱+智能客控+零壓床品+高奢洗護）:HK$898', '風月居-浴缸大床房（靜音冰箱+智能客控+高奢洗護）:HK$935']"
楓葉智選酒店（西工小街應天門地鐵站店）,9.5,"['智選大床房【全屋智能丨冰箱丨乾濕分離丨零壓枕】:HK$284', '高級大床房【全屋智能丨冰箱丨超大落地窗丨零壓枕】:HK$311', '智選雙床房【全屋智能系統丨冰箱丨零壓枕】:HK$338', '行政大床房【全屋智能丨冰箱丨古都夜景丨零壓枕】:HK$349', '高級雙床房【全屋智能丨冰箱丨高層觀景丨零壓枕】:HK$366']"
洛陽萬怡酒店,9.4,"['豪華雙床房:HK$731', '豪華大床房:HK$764', '行政雙床房:HK$863', '行政大床房:HK$895', '行政尊豪大床房:HK$1,059', '行政套房:HK$1,606']"
雲鼎設計師酒店（十字街應天門遺址店）,9.5,"['星空大床房（星空窗頂+巨幕影院+全屋智能+新風系統）:HK$424', '休閑大床房（獨立休閑區+全屋智能+新風系統）:HK$478', '輕奢大床房（零壓床墊+全屋智能+新風系統）:HK$517', '觀景大床房（龍鼎城景+全屋智能+新風系統）:HK$584']"
古都御景酒店（隋唐應天門店）,9.5,"['輕奢大床房【智能馬桶|超清投屏電視】:HK$229', '輕奢雙床房【智能馬桶|超清投屏電視】:HK$229', '柏林影音大床房【全屋智能客控+影院級巨幕影視】:HK$293', '古都御景大床房【全屋智能+零壓床墊+古都夜景】:HK$344', '古都御景雙床房【全屋智能+零壓床墊+星級床品】:HK$344']"
維多利亞酒店（洛陽大衞天地解放路地鐵站店）,9.4,"['特惠大床房:HK$316', '特惠影音大床房:HK$331', '逸緻特惠大床房-助眠:HK$331', '雅尚大床房:HK$332']"
龍門首焉酒店（龍門站龍門石窟店）,9.7,"['首焉•院景大床房（智能客控+記憶枕+零壓床墊+小冰箱）:HK$383', '首焉•街景雙床房（智能客控+記憶枕+零壓床墊+小冰箱）:HK$407', '首焉•安逸大床房（智能客控+記憶枕+零壓床墊+小冰箱）:HK$415', '院景浴缸大床房（智能客控+記憶枕+零壓床墊+小冰箱）:HK$439', '院景浴缸雙床房（智能客控+記憶枕+零壓床墊+小冰箱）:HK$479']"
怡程酒店（洛陽大學城店）,9.6,"['智能國風高級大床房【零壓床枕|高空景觀|小冰箱】:HK$486', '智能國風豪華大床房【乳膠床墊|高空景觀|秒睡記憶枕】:HK$511', '智能國風豪華雙床房【乳膠床墊|秒睡記憶枕|高空景觀】:HK$511', '智能國風商務大床房【秒睡記憶枕|乳膠床墊|高空景觀】:HK$537', '智能國風商務雙床房【秒睡記憶枕|乳膠床墊|高空景觀】:HK$537']"
七尋·Dream Home | 輕奢設計師觀影酒店（洛陽隋唐應天門店）,9.7,"['星黎·日常大床房丨智能客控:HK$293', '桃夭·雅緻大床房丨會員觀影:HK$326', '青棠·舒適小套房丨獨立客廳:HK$344', '木堇·高級大床房丨愜意空間:HK$344']"
洛陽覓唐觀景民宿（應天門明堂天堂景區店）,9.6,"['清心雅緻大床房（全屋智能＋高清投影+小冰箱）:HK$306', '靜謐時光大床房（全屋智能＋標配智能馬桶+小冰箱）:HK$321', '一眼千年舒適大床房（全屋智能標配＋中央空調+小冰箱:HK$344', '美輪美奐觀景大床房（觀景浴缸＋小冰箱）:HK$429']"
全季酒店（洛陽應天門地鐵站店）,9.7,"['大床房（65寸電視手機投屏-房間超大）:HK$444', '高級大床房（65寸電視無線投屏+房間超大）:HK$473', '商務大床房（智能客控 房間超大）:HK$501', '高級雙床房（智能客控 超大雙床）:HK$501', '商務雙床房（落地大窗）:HK$549']"
九間房酒店（洛陽應天門明堂景區店）,9.7,"['星河大床房:HK$640', '星河雙床房:HK$640', '九間園景大床房:HK$746', '九間園景大套房:HK$861', '明堂景觀雙床房:HK$861']"
仟那酒店（洛陽龍門高鐵站市政府店）,9.6,"['仕居大床房【全屋智能小度|65寸液晶電視|乳膠床墊|小冰箱|深睡眠】:HK$324', '竹溪大床房【全屋智能小度|65寸液晶電視|乳膠床墊|小冰箱|深睡眠】:HK$351', '仕居雙床房【全屋智能小度|65寸液晶電視|辦公桌椅|小冰箱】:HK$370', '竹溪雙床房【全屋智能小度|65寸液晶電視|休閑沙發|辦公桌椅|小冰箱|洗漱三分區】:HK$406']"
洛陽友誼賓館（牡丹廣場地鐵站店）,9.4,"['舒適雙床房:HK$465', '舒適大床房:HK$465', '豪華大床房:HK$510', '豪華雙床房:HK$576', '温馨家庭房:HK$720', '温馨親子主題房:HK$775']"
半開時酒店（洛邑古城麗景門十字街店）,9.6,"['半開時-悠然大床房（深睡床墊+全屋智能+冰箱）:HK$295', '觀景-古街窗景大床房（深睡床墊+全屋智能+中央空調）:HK$316', '半開時-景觀大床房（深睡床墊+全屋智能+冰箱）:HK$350', '觀景-花園露台大床房（深睡床墊+全屋智能+中央空調）:HK$372']"
半山四季温泉酒店（洛陽龍門高鐵站店）,9.5,"['太空艙觀景大床房:HK$591', '太空艙觀景家庭房:HK$810', '庭院私湯大床房:HK$1,903', '庭院私湯雙床房:HK$1,903', '尊享庭院私湯大床房:HK$2,013', '庭院私湯親子房:HK$2,231']"
洛陽麗呈睿軒酒店（王城公園店）,9.7,"['商務大床房:HK$355', '商務標準間:HK$400', '豪華大床房:HK$527', '豪華三人間:HK$594', '親子房:HK$594']"
維也納國際酒店（洛陽上海市場萬達廣場店）,9.3,"['豪華大床房（電動窗簾+智能馬桶）:HK$313', '商務大床房（電動窗簾+智能馬桶）:HK$339', '豪華雙床房（電動窗簾+智能馬桶）:HK$339', '商務雙床房（電動窗簾+智能馬桶）:HK$365', '行政大床房（電動窗簾+智能馬桶）:HK$391']"
洛陽克麗司汀酒店,9.7,"['豪華大床房【圓床為舒適乳膠床墊+遠大凈化器】:HK$764', '豪華雙床房【CALMAC高美洗護用品+遠大空氣凈化器】:HK$830', '零壓SPA大床房【按摩沖浪浴缸+遠大空氣凈化器】:HK$939', '零壓SPA雙床房【按摩沖浪浴缸+遠大空氣凈化器】:HK$939', '行政房【沙發會客區+遠大空氣凈化器】:HK$1,048', '豪華套房【獨立卧室+浴缸+高美洗護+遠大空氣凈化器】:HK$1,287']"
洛陽華美達酒店,9.6,"['豪華雙床房:HK$610', '豪華大床房:HK$610', '高級豪華雙床房:HK$643', '高級豪華大床房:HK$643', '行政大床房:HK$1,091', '行政雙床房:HK$1,091']"
漫山·璞舍（洛邑古城麗景門店）,9.6,"['雲舒·璞月大床房（零壓床墊I中央空調I智能馬桶）:HK$158', '峯隱·清舍大床房（零壓床墊I中央空調I智能馬桶）:HK$174', '林岸·庭院大床房（獨立花園I零壓床墊I中央空調I智能馬桶）:HK$196', '舍一·時尚大床房（全屋智能·迷你冰箱·超大空間）:HK$196']"
洛陽上陽宮唐文化主題酒店,9.6,"['精緻大床房:HK$437', '園景大床房:HK$568', '園景雙床房:HK$676', '豪華大床房:HK$676', '行政套房:HK$841']"
藝龍安雲酒店（洛陽洛邑古城麗景門十字街店）,9.1,"['商務雙床房:HK$334', '商務大床房:HK$346', '高級雙床房:HK$386', '高級大床房:HK$398']"
良驛尋跡民宿（十字街夜市洛邑古城地鐵站店）,10.0,"['尋跡·大床房:HK$321', '尋跡·雙床房:HK$343', '尋跡·豪華大床房:HK$343', '尋跡·舒適雙床房:HK$416', '尋跡·豪華雙床房:HK$482']"
東都十三房民宿（麗景門十字街洛邑古城地鐵站店）,9.6,"['洛邑大床房（全身鏡+一次性浴巾+舒享沐浴）:HK$248', '特大床房（舒享沐浴+一次性浴巾+智能馬桶+全身鏡）:HK$279', '私享花園特大床房（按摩床+舒享沐浴+一次性浴巾+全身鏡）:HK$295', '高級大床房（觀景茶台一次性浴巾+舒享沐浴+智能馬桶）:HK$310']"
洛陽王府井王城公園地鐵站亞朵X酒店,9.6,"['高級大床房（投屏電視+小冰箱+普蘭特床墊）:HK$430', '行政景觀大床房（投屏電視+小冰箱+普蘭特床墊）:HK$475', '行政景觀雙床房（投屏電視+小冰箱+普蘭特床墊）:HK$511', '行政雙床房（投屏電視＋小冰箱＋語音客控）:HK$548', '行政家庭雙床房（投屏電視+小冰箱+普蘭特床墊）:HK$637']"
茉舍酒店（洛陽應天門店）,9.7,"['雅緻大床房（70寸大屏電視+冰箱+中央空調+影視會員）:HK$316', '清心雙床房（中央空調+智能客控+影視會員+小冰箱）:HK$332', '清心大床房（智能客控+影視會員+小冰箱）:HK$344', '安寧大床房（大屏觀影+全屋智能+冰箱+影視會員）:HK$371']"
桔子酒店（洛陽萬達廣場店）,9.6,"['月若流金大床房（智能客控+小冰箱+金可兒床墊）:HK$352', '加州陽光豪華大床房（智能客控+小冰箱+金可兒床墊）:HK$361', '月若流金豪華大床房（智能客控+小冰箱+金可兒床墊）:HK$370', '禪音雙床房（智能客控+小冰箱+頂噴花灑）:HK$370', '極簡時光大床房（智能客控+小冰箱+金可兒床墊）:HK$390']"
美豪酒店（洛陽火車站應天門地鐵站店）,9.5,"['靜謐雙床房（智能客控+乳膠記憶枕+零壓床墊+小冰箱）:HK$311', '精緻大床房（智能客控+乳膠記憶枕+零壓床墊+小冰箱）:HK$331', '雅緻大床房（智能客控+乳膠記憶枕+零壓床墊+小冰箱）:HK$357', '精緻雙床房（智能客控+乳膠記憶枕+零壓床墊+小冰箱）:HK$383', '雅緻雙床房（智能客控+乳膠記憶枕+零壓床墊+小冰箱）:HK$416']"
洛陽一見客棧（應天門洛邑古城店）,9.4,"['玲瓏雅筑·漢服大床:HK$213', '明堂夜話·庭院大床:HK$230', '舒居雅韻·雙床客房:HK$230', '明堂映窗·雅筑大床:HK$246']"
洛陽華陽廣場國際大飯店,9.7,"['商務雙床房:HK$509', '商務大床房:HK$509', '豪華大床房:HK$752', '豪華雙床房:HK$752', '高級雙床房:HK$752', '高級大床房:HK$752']"
洛陽東山賓館,9.4,"['悦享假日大床房:HK$502', '悦享假日雙床房:HK$502', '特惠標準間:HK$600', '特惠大床房:HK$600', '商務雙床房:HK$682', '商務大床房:HK$682']"
格菲酒店（洛邑古城啟明南路地鐵站店）,9.4,"['商務大床房（全屋智能+智能馬桶）:HK$250', '智能大床房（全屋智能+智能馬桶）:HK$260', '清馨雙床房（全屋智能+智能馬桶）:HK$291', '清馨大床房（全屋智能+智能馬桶）:HK$310']"
九曲觀堂民宿（洛陽洛邑古城店）,9.6,"['温馨大床房:HK$416', '庭院大床房:HK$433', '庭院雙床房:HK$542', '觀景雙床房:HK$573']"
