酒店名称,评分,房型价格列表
門源天一飯店,9.0,"['高級大床房:HK$269', '高級雙床房:HK$297', '家庭房:HK$334', '豪華大床房:HK$334']"
青海湖同寶山登山觀湖特色野奢露營民宿,9.6,"['球形星空房大床房:HK$425', '太空蘋果艙:HK$425', '地暖空調E5太空艙·180°全景房:HK$425', '太空蘋果艙標準間:HK$425']"
門源浩雲飯店,9.1,"['商務標間:HK$328', '商務大床房:HK$328', '豪華標間:HK$362', '豪華大床房:HK$396', '商務套房:HK$430']"
青海湖金沙灣露營基地,8.9,"['豪華標準間:HK$1,197', '景觀標間（視野開闊）:HK$1,197', '豪華三人房:HK$1,290', '蜂巢親子間（視野開闊&觀湖best）:HK$1,290']"
祁連吉緣飯店,9.6,"['標間供氧房:HK$871', '大床供氧房:HK$871', '景觀標間供氧房:HK$947', '景觀大床供氧房:HK$947', '親子供氧房:HK$1,199']"
青海湖大酒店,8.8,"['晚霞.雙床房:HK$138', '晚霞.大床房:HK$138', '晚霞·雙榻房:HK$138', '豪華湖景雙床房:HK$251']"
門源浩城大酒店,9.2,"['商務雙床房:HK$415', '商務大床房:HK$415', '高級雙床房:HK$458', '高級大床房:HK$458']"
祁連吉達商務賓館,9.1,"['臻選雙床房:HK$279', '至尊山景大床房:HK$302', '至尊山景雙床房:HK$302', '温馨親子間:HK$381']"
青海湖高原藍寶石大飯店,9.2,"['豪華山景標準間:HK$508', '豪華山景大床房:HK$554', '豪華湖景標準間:HK$573', '豪華湖景大床房:HK$600']"
剛察蕃域藏城林卡酒店,9.1,"['豪華標準間:HK$743', '豪華大床房:HK$743', '豪華親子間:HK$940', '豪華套房:HK$962']"
青海湖西海岸假日賓館,8.8,"['草原日落雙人房:HK$184', '湖景日出雙人房:HK$212', '湖景日出大床房:HK$230', '普通三人間:HK$272']"
門源西部賓館,8.4,['豪華套房:HK$770']
穆家休閑小院,9.8,"['陽光雙床房:HK$435', '陽光大床房:HK$546', '豪華家庭套房:HK$834', '家庭套房:HK$892']"
祁連麗景驛站,9.6,"['舒適雙人間:HK$238', '山景標間:HK$262', '觀景親子間:HK$290', '精品三人間:HK$318']"
青海湖文迦星空祕境酒店,8.5,"['星空祕境雙床房:HK$1,507', '浪漫邂逅大床房:HK$1,617']"
祁連山下人家客棧,9.6,"['山景標間:HK$212', '觀景親子間:HK$249', '觀景標間:HK$314', '觀景三人間:HK$372']"
海晏達玉國際大酒店,8.6,"['豪華觀景雙床房:HK$696', '豪華觀景大床房:HK$696', '草原集裝箱觀景親子間:HK$738', '草原木屋觀景標間:HK$738']"
祁連鄉間民宿（卓爾山景區店）,9.2,"['舒適標準間 空調:HK$223', '觀景雙床房，空調:HK$279', '温馨親子房 空調:HK$279', '舒適大床房 空調:HK$288']"
祁連華悦飯店,9.1,"['輕奢優選雙床房:HK$688', '輕奢雅緻雙床房:HK$740', '輕奢尊享雙床房:HK$778', '輕奢雅緻大床房:HK$778', '零壓尊享大套房:HK$1,031']"
祁連望卓園農莊,9.8,"['標準間:HK$175', '三人間:HK$212']"
祁連霧漫山野飯店,9.0,"['豪華兩人間:HK$328', '豪華親子間:HK$438']"
祁連鼎瑞假日酒店,8.9,"['豪華雙床房（空調）:HK$372', '豪華大床房（空調）:HK$390', '尊享大床房（空調）:HK$409', '温馨親子間（空調）:HK$557', '豪華套房:HK$743']"
祁連新悦賓館,8.8,"['情侶榻榻米房:HK$395', '迷你大床房:HK$395', '陽光山景小標間:HK$423', '豪華標準間:HK$453']"
祁連盛唐翠光飯店,9.2,"['沐暖閣（深睡枕-衞生間暖風機）:HK$206', '老派魅力親子居:HK$289', '老派魅力大床房+亞朵深睡枕:HK$313', '老派魅力三人居:HK$428']"
託茂部落·生態營地,9.4,"['蘭亭雨後·獨立庭院標準雙床房:HK$3,027', '永安煙雨·草原美景標準雙床房:HK$3,292', '星河攬月·180°全湖景智能家居大床房:HK$3,558', '晚霞夕陽·270°全湖景智能投影大床房:HK$3,823', '祕境託茂·270°草原湖景大床房:HK$4,221']"
祁連馳遠賓館,9.0,"['優選雙床房:HK$207', '臻選大床房:HK$232', '雅緻三人房:HK$309']"
喆·非酒店（海北祁連縣人民廣場店）,9.5,"['醇享生活房:HK$629', '醇享大床房:HK$641', '啡凡大床房:HK$641', '醇享雙床房:HK$654']"
海晏金昊假日賓館,7.8,"['標準間:HK$351', '大床房:HK$403', '三人間:HK$413', '套房:HK$517']"
祁連國雲農莊,9.7,"['標準間:HK$175', '三人間:HK$193', '四人間:HK$268']"
祁連樓外樓假日賓館,9.3,"['輕享雙床房（乾濕分離）:HK$139', '優選雙床房（乾濕分離+舒適睡眠）:HK$153', '精選雙床房（乾濕分離+舒適睡眠）:HK$164', '悦享家庭房（乾濕分離+舒適睡眠）:HK$202']"
門源穆佰客商務賓館,9.1,[]
剛察紅海賓館,9.0,"['雙人標間:HK$296', '大床房:HK$313', '三人標間:HK$339', '豪華套房:HK$392']"
祁連賓館,9.0,['豪華商務標間:HK$535']
祁連大酒店,8.2,"['主樓標準間:HK$412', '貴賓樓標準間:HK$463', '貴賓樓大床房:HK$463', '貴賓樓三人間:HK$567']"
祁連成福商務賓館,9.7,['豪華觀景房:HK$252']
祁連依山伊水農莊,9.8,"['舒適標間:HK$426', '舒適大床房:HK$426', '親子間:HK$509', '大炕房:HK$509']"
祁連裕豐假日賓館（天境印象街店）,8.8,"['商務大床房（地暖）:HK$238', '商務雙床房（地暖）:HK$238', '舒適雙人間（地暖）:HK$247', '舒適大床房（地暖）:HK$255']"
祁連五礦國貿飯店,9.4,"['1號豪華商務別墅6卧室:HK$2,869']"
祁連沁香園農家客棧,9.5,"['落地窗標準間:HK$190', '觀景大床房:HK$205', '觀景房:HK$212', '三人間:HK$226']"
南庭東驛賓館,9.5,['標準雙床房:HK$193']
宜必思·尚品酒店（祁連店）,9.4,"['雙床房＋品牌床墊＋舒睡好眠:HK$577', '高級雙床房＋品牌床墊＋舒睡好眠:HK$637', '高級大床房＋品牌床墊＋舒睡好眠:HK$687', '套房＋品牌床墊＋陽台:HK$717']"
祁連昶峯飯店,9.3,"['豪華雙床房:HK$207', '豪華三人間:HK$309', '標準親子間:HK$328', '豪華大床房:HK$386']"
祁連忠元家庭公寓,9.7,['二室一廳:HK$305']
剛察海湖灣酒店,7.6,"['豪華標準間:HK$154', '豪華大床房:HK$154', '大床房（星級）:HK$154']"
青海湖恆雅賓館,8.7,"['標準間:HK$461', '大床房:HK$461', '三人間:HK$496', '親子間:HK$496']"
祁連八寶雲柏民宿,9.8,"['山景雙床房:HK$173', '山景親子間:HK$195', '山景四人間:HK$227', '山景套房:HK$533']"
祁連交通賓館,8.9,"['標準間:HK$249', '標準三人間:HK$268']"
祁連聚龍山莊,9.5,"['標準間:HK$128', '親子房:HK$156']"
祁連紅磨坊賓館,9.7,"['標準間:HK$121', '大床房:HK$201', '三人間:HK$216', '四人間:HK$284']"
祁連亞格布家庭賓館,10.0,"['一室一廳一衞:HK$249', '兩室一廳一衞:HK$361', '三卧室二廳二衞一廚:HK$435']"
