酒店名称,评分,房型价格列表
見外精品客棧（海口騎樓老街鐘樓店）,9.5,"['迷你單人大床房:HK$195', '經濟大床房:HK$212', '特惠大床房:HK$228', '温馨大床房:HK$228']"
維也納酒店（海口國興大道省政府店）,9.6,"['標準大床房（超大床+萊芬吹風筒+小度智控）:HK$222', '高級大床房（超大床+萊芬吹風筒+小度智控）:HK$247', '豪華雙床房（床品舒適+高空美景+小度智控）:HK$247', '豪華大床房（床品舒適+高空美景+小度智控）:HK$277']"
格菲酒店（海口高鐵東站南北水果市場店）,9.6,"['格菲雙床房「智能小度+酣暢甜睡」:HK$171', '格菲大床房「智能小度+酣暢甜睡」:HK$182', '格菲.高級大床房「智能客控+55寸電視投屏+採光通透」:HK$214', '格菲.高級雙床房「智能客控+55寸電視投屏」:HK$214']"
維唐酒店（海口東站龍昆南路店）,9.5,"['維密影音大床房「100寸巨幕投影·暢爽觀影」:HK$178', '大吉大利特價房「舒適睡眠·行政辦公桌」:HK$188', '維景雙床房「75寸小米電視·乳膠床墊」:HK$198', '維汀全景大床房「全景落地窗·觀城景」:HK$198']"
柒遇裏酒店（高鐵東站五公祠店）,9.8,"['知遇大床房（靜享安眠+功夫茶具+北歐ins沙發）:HK$240', '知遇雙床房（智能客控+功夫茶具）:HK$240', '際遇大床房（安睡記憶枕+智能客控）:HK$269', '際遇雙床房（智能客控+舒適睡眠）:HK$269']"
良智滙品酒店（海口美蘭國際機場店）,9.4,"['良知·AI舒適大床房（全屋智能）:HK$216', '本心·AI甄選雙床房（全屋智能）:HK$225', 'HK系列·AI輕氧大床房（全屋智能）:HK$235', 'WISE·AI尊享大床房（全屋智能）:HK$244']"
愛麗智慧酒店（海口友誼商業廣場騎樓老街店 ）,9.4,"['輕奢清新房大床或雙床:HK$244', '楓雅大床房（75寸智能電視投屏+全屋智能客控）:HK$265', '憶梵大床房（75寸智能電視投屏+全屋智能客控）:HK$272', '錦華榻榻米房（智能大屏投影）:HK$272']"
海口騎樓老街自在音樂民宿,9.3,"['騎樓丨雅眠雙床房（無窗配有新風系統）:HK$156', '騎樓丨雅眠大床房:HK$156', '騎樓丨院景大床房:HK$167', '騎樓丨院景LOFT複式大床房:HK$173']"
藝龍瑞雲酒店（海口日月廣場免税店）,9.0,"['平層|輕雅家庭雙床房（落地窗+寬敞零壓床墊）:HK$190', '平層|輕雅大床房（落地窗+舒適床墊）:HK$191', 'Loft|詫寂中古風兩房套房（6米落地窗+高層城市夜景）:HK$297', 'Loft|詫寂奶油風兩房套房（拍照出片好看）:HK$297']"
海口東站希爾頓歡朋酒店,9.6,"['舒適大床房:HK$392', '舒適雙床房:HK$392', '高級大床房:HK$425', '高級雙床房:HK$425', '純凈高級大床房:HK$489']"
海口鑫源温泉大酒店（日月廣場免税店）,9.2,"['高級雙床房:HK$238', '商務大床房:HK$238', '温泉浴療大床房:HK$316', '温泉浴療雙床房:HK$316', '貴賓雙床房:HK$343']"
微瀾間酒店（海口美蘭機場鴻洲江山店）,9.4,"['雲棲┃酣眠大床房（智能客控+乾濕分離）:HK$173', '雲舒┃漫享大床房（智能客控+洗衣機internal）:HK$184', '雲穹┃謐境大床房（智能客控+舒睡床墊+乾濕分離）:HK$187', '雲境┃御居雙床房:HK$208']"
威思特國際酒店（海口省政府日月廣場免税店）,9.1,"['暢享印音丨觀印大床房［乳膠床墊+海量片源+中央空調］:HK$189', '暢享印音丨觀印雙床房［乳膠床墊+海量片源+舒適床品］:HK$204', '温馨宜人丨親子雙套房［自然採光+電動窗簾+乾濕分離］:HK$441', '温馨如意丨智能三床房［中央空調+配麻將桌+新風系統］:HK$503']"
海口國興大道省政府宜尚酒店,9.4,"['標準大床房（智能客控+舒適典雅+安逸空間）:HK$249', '商務雙床房（智能客控+舒適典雅+安逸空間）:HK$271', '舒適大床房（智能客控+寬敞明亮+安逸空間）:HK$271', '高級大床房（智能客控+全景落地窗+房間冰箱）:HK$293']"
華盛酒店（海口義龍西路騎樓老街店）,9.4,"['樂享華美大床房/全屋智能/4K電視/可投屏/0壓床墊:HK$181', '椰城風雅雙床房/60寸大屏電視/中央空調/遮光窗簾:HK$207', '悦享陽光大床房/全景落地窗/純棉四件套/0壓枕:HK$207', '都市節奏大床房/雙人沙發/一次性馬桶套/美粧發光鏡:HK$220']"
良智滙品酒店（海口秀英會展中心店）,9.7,"['觀景|智睿大床房【智能客控+城市觀景+無線充電】:HK$305', '園景|智美巨幕大床房【無線充電+愛奇藝VIP會員】:HK$333', '城景|智雅大床房【65寸可投屏電視+空中花園】:HK$339', '觀景|智享輕氧大床房【乾濕分離+户外桌椅】:HK$373', '觀景|智享輕氧雙床房【乾濕分離+高層觀景】:HK$373']"
花築·海口雲海逸境海景民宿（萬綠園海口灣店）,9.0,"['雲海｜晴空園景Loft一居室:HK$211', '雲海|落日海景Loft一居室:HK$224', '雲海|森系海景Loft一居室:HK$236', '雲海|悦享城景Loft兩居室:HK$274']"
良智滙品酒店（海口龍湖天街海職院店）,9.6,"['智雅尊享大床房（巨幕投影）:HK$240', '智美巨幕雙床房（巨幕投影）:HK$264', '智享輕氧大床房（乳膠床墊+小度客控）:HK$267', '智享輕氧雙床房（乳膠床墊+小度客控）:HK$282']"
如家精選酒店（海口國貿中心友誼陽光城店）,9.7,"['商務大床房（智能客控+65寸電視投屏+中央空調）:HK$272', '雙床房（智能客控+65寸電視投屏+智能馬桶）:HK$282', '高級大床房（智能客控+65寸電視投屏+超大落地窗）:HK$291', '高級雙床房（智能客控+採光通透+迷你小冰箱）:HK$310']"
ESPOIR希望酒店（西海岸榮山寮村店）,9.6,"['【漁村知啼鳴】園景榻榻米-黃花梨圍院:HK$184', '【最後的漁村】園景大床-落地窗+乾濕分離:HK$293', '【最後的漁村】園景雙床-落地窗+乾濕分離:HK$310', '【迷失西海岸】海景大床房-超級海景+落地窗+露台浴缸:HK$418']"
海口漫島酒店（海大南門夜市店）,9.8,"['漫怡-智能影視大床房（巨幕投影）:HK$396', '漫欣-智能影視大床房（巨幕投影）:HK$398', '漫悦-巨幕大床房（智能小度）:HK$412', '漫愉-巨幕雙床房（全屋智能）:HK$412']"
美棲設計師酒店（海口美蘭國際機場店）,9.1,"['設計師特大床房【中央空調+全屋智能客控】:HK$163', '窗外好景大床房【深度包裹脖頸羽絨枕+輕盈鴨絨被芯】:HK$175', '動人夜景雙床房【三區分離+私享定製床品】:HK$188', '拍照出片大床房【舒適倚靠休閑沙發】:HK$199']"
海口温德森酒店（海甸島騎樓老街店）,9.5,"['高級雙床房（商務舒適+智能小度+零壓床墊）:HK$201', '雲木榻榻米大床房（零壓舒眠枕墊+智能客控+超強隔音）:HK$202', '商務大床房（智能客控+商務舒適+舒睡遮光）:HK$228', '玖棲大床房（智能客控+零壓舒眠枕墊+超強隔音）:HK$241']"
都市花園酒店（美蘭機場店）,9.5,"['舒適大床房:HK$218', '商務大床房:HK$223', '舒適雙床房:HK$243', '商務雙床房:HK$249']"
奧朵酒店（海口秀英港海秀西路店）,9.2,"['舒適大床房（全屋智能+65寸可投屏電視）:HK$261', '觀景豪華大床房（全屋智能+65寸可投屏電視）:HK$267', '舒適雙床房（全屋智能+65寸可投屏電視）:HK$277', '悠享影院大床房（全屋智能+100寸投影幕布+小冰箱）:HK$295']"
温德森酒店（東湖騎樓老街店）,9.4,"['温馨大床房【全屋智能】:HK$245', '雲慕影院大床房【全屋智能】:HK$265', '高級大床房【全屋智能】:HK$280', '竹月雙床房【全屋智能】:HK$300']"
濱江萬璟酒店（椰海大道美蘭機場店）,9.5,"['悦享·康城大床房（護脊床墊+零壓記憶枕+沉浸式觀影）:HK$264', '靜享·深睡雙床房（金可兒加長護脊床墊+全屋智能+零壓記憶枕+徠芬吹風機+天福茶藝）:HK$301', '謐享·深睡大床房（金可兒加長護脊床墊+全屋智能+零壓記憶枕+徠芬吹風機+天福茶藝）:HK$312', '尊享·璟庭大床房（高配版品質進階+法國歐瓏洗護）:HK$396', '舒享·福滿家庭房（高配版品質進階+法國歐瓏洗護）:HK$422']"
芒果水晶酒店（海口美蘭機場店）,9.4,"['林間景緻大床房（智能客控+55寸智能電視+深睡床墊+封閉窗）:HK$227', '景觀舒適雙床房（智能客控+55寸智能電視+深睡床墊+乾濕分離+柔軟床品）:HK$271', '陽光高級大床房（智能客控+55寸智能電視+特大床深睡床墊+乾濕分離）:HK$271', '家庭三人房（智能客控+55寸智能電視+超大空間+深睡床墊+乾濕分離）:HK$304']"
凱里亞德酒店 （海南省公安廳海職院店）,9.3,"['輕享大床房（助眠記憶枕+品牌助眠床墊+獨享私人空間）:HK$245', '優享大床房（環境舒適+記憶枕助眠）:HK$265', '輕享雙床房（助眠記憶枕+品牌助眠床墊）:HK$284', '榮享大床房（徠芬吹風筒+安眠床墊+記憶枕+貴妃躺椅）:HK$304']"
海島18度智能酒店（騎樓老街海南大學店）,9.2,"['海語·風吟大床房（全屋智能+乾濕分離）:HK$256', '動人夜景雙床房（三區分離+私享定製床品）:HK$278', '和靜 | 超享大床房（全屋智能+乾濕分離）:HK$278', '海風·辰曦榻榻米親子套房（小客廳+沙發）:HK$353']"
維也納國際酒店（海口濱海大道西秀海灘店）,9.6,"['純凈大床房（小度智能客控）:HK$374', '臻禮大床房（小度智能客控）:HK$383', '臻禮雙床房（小度智能客控）:HK$383', '海景大床房（一線海景+智能客控+mini吧）:HK$426', '海景雙床房（一線海景+智能客控+mini吧）:HK$426']"
海口國貿同派酒店,9.7,"['舒適大床房:HK$401', '舒適雙床房:HK$401', '輕享大床房:HK$445', '輕享雙床房:HK$445', '趣享海景大床房:HK$486']"
海口SKYBIRD嘉虹酒店（騎樓老街店）,9.4,"['舒適大床房（深睡記憶枕）:HK$237', '舒適房雙床房（深睡記憶枕）:HK$237', '商務艙大床房（深睡記憶枕）:HK$262', '商務艙雙床房（深睡記憶枕）:HK$262', '尊享女生大床房（按摩椅+小冰箱）:HK$305']"
藝龍酒店（海口國貿中心友誼陽光城店）,9.5,"['藝龍雅緻大床房（網紅打卡牆+夢百合床墊+客房迷你吧）:HK$317', '心悦·AI大床房（網紅打卡牆+法式淑女管家+夢百合床墊+海口旅遊攻略）:HK$339', '心悦·AI雙床房（網紅打卡牆+法式淑女管家+夢百合床墊+海口旅遊攻略）:HK$339', '藝心·AI雙床房（網紅打卡牆+法式淑女管家+夢百合床墊+海口旅遊攻略）:HK$361', '藝心·AI大床房（網紅打卡牆+法式淑女管家+夢百合床墊+海口旅遊攻略）:HK$372']"
桔子酒店（海口美蘭國際機場店）,9.7,"['雙床房【安睡記憶枕+小冰箱】:HK$330', '大床房【安睡記憶枕+小冰箱】:HK$341', '高級雙床房:HK$341', '豪華雙床房【安睡記憶枕+小冰箱】:HK$350']"
諾菲酒店（海口美蘭國際機場店）,9.5,"['然諾|智能大床房（全屋小度智能客控）:HK$122', '然諾 | 智能雙床房（全屋小度智能客控）:HK$134', '季諾 | 智能大床房（全屋小度智能客控）:HK$145', '攸諾 | 智能雙床房（全屋小度智能客控）:HK$157']"
漫麗度假公寓（海口觀瀾湖新城免税店）,9.5,"['舒適一室套房「獨立客廳+廚房冰箱洗衣機+手機投屏」:HK$199', '豪華一室套房「室外陽台落地觀景+零壓床墊」:HK$224', '兩室親子套房「親膚純棉四件套+採光通風」:HK$297', '三室家庭套房「闊達空間+會客沙發配套」:HK$342']"
海口寶發勝意酒店（國貿中心店）,9.2,"['特惠雙床房:HK$271', '市景雙床房:HK$293', '雲端大床房:HK$293', '家庭度假房:HK$326', '豪華商務房:HK$348']"
隱沫海岸酒店（海口新埠島碧海銀灘店）,9.3,"['隱逸星空大床房（智能小度+巨幕投影+騰訊視頻會員）:HK$191', '隱悦舒適大床房（智能小度+巨幕投影+騰訊視頻會員）:HK$239', '影院舒適雙床房（智能小度+巨幕投影+騰訊視頻會員）:HK$247', '隱悦高級大床房（智能小度+巨幕投影+騰訊視頻會員）:HK$255', '隱林景觀投影大床房（智能小度+巨幕投影）:HK$279']"
海榆天悦民宿（海口美蘭機場鴻洲江山店）,9.8,"['無憂丨高級零壓大床房（夢百合床品）:HK$255', '以樂 | 智能特色圓床房（夢百合零壓床墊+枕頭）:HK$270', '歸來| 家庭親子套房（夢百合零壓床墊＋枕頭）:HK$323', '吾悦|景觀智能豪華零壓大床房:HK$338']"
美華荷泰酒店（省政府海南工商學院店）,9.6,"['商務雙床房（全屋智能+巨幅景觀窗+輕奢舒適）:HK$293', '悠麻娛樂大床房（全屋智控+寬敞隱祕+全新雀具）:HK$326', '商務大床房（全屋智能+靜謐空間+全景投屏顯）:HK$327', '悦享豪華大床房（全屋智控+浴缸+軒朗空間+巨幅外景）:HK$415', '童趣親子房（全屋智控+寵寶用品+童話元素裝飾）:HK$496']"
温德森酒店（海口高鐵東站美蘭機場店）,9.5,"['商務大床房（商務舒適+智能客控+舒睡遮光窗簾）:HK$182', '高級雙床房（全屋智能+坐卧休閑椅+視野廣闊）:HK$187', '雲慕 | 榻榻米投影房（巨幕投影+全屋智能+超強隔音）:HK$188', '高級大床房（全屋智能+零壓枕墊+坐卧休閑椅）:HK$223']"
愛麗海景酒店（海口騎樓老街店）,9.1,"['遊輪都市丨觀影大床房（智能大屏投影+全屋智能客控）:HK$226', '遊輪 | 輕奢特惠房:HK$232', '遊輪都市丨觀影雙床房（語音聲控+大屏觀影）:HK$238', '遊輪海眠丨海景雙床房（智能大屏投影+全屋智能客控）:HK$275']"
龍泉酒店（省政府海南工商學院店）,9.3,"['雅意大床:HK$161', '雅尊大床房:HK$261', '雅尊雙床房:HK$269', '雅悦大床房:HK$278']"
嶼夕·輕奢海景民宿（榮山寮店）,9.7,"['聆聽潮汐-眺望海景温馨大床房:HK$439', '靜謐星夜-豪華雙人標準間:HK$494', '漁歌唱晚-遠眺海景大床房:HK$621', '夕生為汐-無垠視野海景大床房:HK$771']"
全季酒店（海口海府路騎樓老街店）,9.7,"['大床房:HK$339', '高級大床房:HK$369', '雙床房:HK$398', '高級雙床房:HK$428']"
城市便捷酒店（海口美蘭國際機場T1T2客運大樓店）,9.6,"['智能商務大床房（全屋智能+零壓床墊）:HK$198', '智能高級大床房（全屋智能+視野開闊+空間寬敞）:HK$221', '智能高級雙床房（全屋智能+空間寬敞）:HK$236', '智能豪華大床房（全屋智能+獨立花園）:HK$236']"
希瀾美墅（海口美蘭機場鴻洲江山店）,9.5,"['希瀾高級大床房（全屋智能）:HK$243', '希瀾高級雙床房（全屋智能）:HK$253', '希瀾觀景大床房（全屋智能）:HK$260', '希瀾觀景家庭房（全屋智能）:HK$282']"
莜驛酒店（海南大學白沙門公園店）,9.3,"['零壓舒適大床房（智能小度）:HK$205', '零壓舒適雙床房（智能小度）:HK$205', '零壓豪華大床房（智能小度）:HK$230', '零壓豪華雙床房（智能小度）:HK$230']"
菲爾普斯酒店（海口美蘭國際機場T1T2客運大樓店）,9.2,"['舒適好眠大床房（零壓床墊+全屋智能）:HK$168', '侘寂夜色雙床房（全屋智能+記憶枕）:HK$179', '探趣設計大床房（智能客控+品牌床墊）:HK$189', '趣玩窗景雙床房（三區分離+智能馬桶）:HK$199']"
