酒店名称,评分,房型价格列表
西昌鉑斯特酒店（沃爾瑪月亮湖濕地公園店）,9.5,"['鉑悦·豪華大床房【智能客控-minibar-雙衞】:HK$426', '鉑悦·豪華雙床房【智能客控-minibar-雙衞-加濕器】:HK$461', '鉑漫·至尊大床房-智能客控-零壓床墊-全景落地窗-minibar-雙衞-高空城市夜景:HK$486', '鉑悦·親子雙床房-客控智能-雙衞-冰箱:HK$555', '鉑雅·女士專屬貴賓雙床房-智能客控-定製床墊-minibar-雙衞-品牌加濕器-城市夜景:HK$557']"
西昌洲際智選假日酒店,9.4,"['高級雙床房（軟硬雙枕+暢享淋浴+金可兒床墊）:HK$304', '高級大床房（軟硬雙枕+暢享淋浴+金可兒床墊）:HK$304', '城市景觀大床房（軟硬雙枕+暢享淋浴+金可兒床墊）:HK$341', '城市景觀雙床房（軟硬雙枕+暢享淋浴+金可兒床墊）:HK$341', '日出景觀大床房（軟硬雙枕+暢享淋浴+金可兒床墊）:HK$379']"
雲裏·鹿鳴,9.7,"['特惠房:HK$402', '豪華雙床房:HK$437', '豪華大床房:HK$437', '親子房:HK$512']"
西昌邛海17度火把廣場漫心酒店,9.7,"['心怡標準大床房【高清電視投屏+絲漣床墊+辦公區】:HK$462', '心悦高級大床房【電視投屏+小冰箱+獨立辦公區】:HK$492', '心悦高級雙床房【電視投屏+小冰箱+絲漣床墊+休閑區】:HK$522', '心享豪華大床房【電視投屏+小冰箱+貴妃椅+大空間】:HK$532', '心享主題親子大床房:HK$542']"
豐源世紀酒店（西昌月亮湖濕地公園店）,9.4,"['舒適大床房:HK$224', '豪華大床房:HK$246', '陽光大床房:HK$265', '豪華雙床房:HK$285', '陽光雙床房:HK$305']"
逸尚東方酒店（西昌邛海濕地店）,9.6,"['逸居大床房【乾濕分離.智能馬桶.65吋投屏電視.】:HK$272', '逸雅影院大床房【奇藝果會員+巨幕觀影+超大空間】:HK$294', '逸雅雙床房【乾濕分離+65吋投屏電視+智能馬桶】:HK$294', '逸景大床房【乾濕分離.智能馬桶.65吋投屏電視】:HK$305', '逸雅大床房【乾濕分離.智能馬桶.65吋投屏電視】:HK$327']"
鑫海國際酒店（西昌邛海17度萬達廣場店）,9.4,"['悠享高級大床房｜自動窗簾+智能馬桶:HK$310', '榻榻米影院大床房｜巨幕投影+超大空間:HK$321', '靜享高級大床房｜辦公座椅+品牌床品+小冰箱:HK$332', '奢享行政大床房｜高清電視可投屏+小冰箱:HK$354', '奢享行政雙床房｜超清智幕+助眠枕:HK$377']"
西昌空港雲享酒店（邛海夢尋花海濕地公園店）,9.3,"['雲樂特惠大床房:HK$436', '雲夢大床房:HK$707', '雲夢雙床房:HK$707', '雲裳露台大床房:HK$784', '雲裳露台雙床房:HK$784', '雲庭庭院大床房:HK$849']"
西昌市政務中心亞朵酒店,9.7,"['行政大床房（智能語音+無線投屏+冰箱）:HK$403', '幾木大床房（智能語音+無線投屏+2代深睡POR記憶枕+冰箱+浴袍）:HK$439', '行政雙床房（智能語音+無線投屏+冰箱）:HK$439', '幾木雙床房（2代深睡POR記憶枕+無線投屏+冰箱+浴袍）:HK$475', '幾木庭院大床房（智能語音+2代深睡POR記憶枕+無線投屏+冰箱+浴袍）:HK$475']"
瀘山精品酒店（西昌月亮湖濕地公園店）,9.7,"['精品雙床房「零壓床品·自動馬桶墊·65寸投屏電視」:HK$296', '精品大床房「零壓床品·沐浴頂噴·65寸投屏電視」:HK$297', '高級雙床房「雙衣帽間·零壓床品·65寸投屏電視」:HK$317', '高級大床房「零壓床品-頂噴花灑-乾濕分離-投屏電視」:HK$317', '尊享大床房「零壓床品-空氣凈化器-沐浴頂噴-投屏電視」:HK$338']"
維也納國際酒店（西昌邛海濕地萬達廣場店）,9.5,"['高級大床房:HK$479', '高級雙床房:HK$479', '豪華大床房:HK$553', '豪華雙床房:HK$553', '親子大床房:HK$720']"
西昌和悅花園度假酒店（邛海濕地火把廣場店）,9.6,"['温馨特惠大床（落地窗·乾濕分離·功夫茶具）:HK$315', '雅緻大床房（零壓床墊·浴袍·落地窗）:HK$372', '園景雙床房（靜謐空間·乾濕分離）:HK$399', '園景露台雙床房（獨立觀景落台·乾濕分離）:HK$399', '陽光花園大床房（獨立花園·落地窗）:HK$418']"
西昌觀唐大酒店（邛海17度唐園店）,9.6,"['精品大床房（零壓舒睡+65寸投屏電視）:HK$391', '精品雙床房（零壓舒睡+65寸投屏電視）:HK$391', '高級雙床房（零壓舒睡+採光明亮+65寸投屏電視）:HK$424', '高級大床房（零壓舒睡+採光明亮+65寸投屏電視）:HK$424', '觀唐大床房（唐園零距離夜景+廣角視唐園全景）:HK$468']"
西昌戀城鉑雅酒店（旅遊集散中心店）,9.5,"['雅歡·驚喜大床房【普蘭特定製床品+小度智能客控】:HK$275', '雅逸智能極簡雙床房【雙層隔音玻璃+普蘭特定製床品】:HK$287', '雅逸·智能極簡大床房【大窗觀西昌城景+mini吧享休閑時光】:HK$310', '雅緻·智能格調雙床房【獨立辦公桌+貴妃側卧躺椅】:HK$329', '雅緻·智能格調大床房【慢回彈記憶枕+貴妃側卧躺椅】:HK$343']"
嶲州·印象酒店（越西嶲州大道高鐵站店）,9.6,"['印象丨尊享豪華大床房（乳膠床墊+智能馬桶+智能客控+負離子高速吹風）:HK$340', '印象丨尊享豪華雙床房（乳膠床墊+智能馬桶+智能客控+負離子高速吹風）:HK$351', '印象丨奢享私湯大床房（乳膠床墊+暖心浴缸+智能馬桶+智能客控+負離子高速吹風）:HK$395', '印象丨歡享親子家庭房（乳膠床墊+智能客控+小童玩具+負離子高速吹風）:HK$395']"
全季酒店（西昌月亮湖濕地公園店）,9.5,"['大床房（智能客控+房間冰箱+電視投屏）:HK$402', '雙床房（智能客控+房間冰箱+電視投屏）:HK$432', '高級大床房（智能客控+房間冰箱+電視投屏）:HK$432', '高級雙床房（智能客控+房間冰箱+電視投屏）:HK$462']"
邛海17度 · 被夢叫醒酒店（西昌火把廣場店）,9.6,"['綠影雙床房『落地窗·辦公桌』:HK$378', '綠影大床房『中央空調·浴袍』:HK$389', '青鸞雙床房『金可兒床墊·浴袍·超大空間』:HK$421', '青鸞大床房『金可兒床墊·超大空間·落地窗』:HK$449', '墨夕套房『超大會客區·中央空調·落地窗』:HK$553']"
如居.山海半島民宿（西昌萬達廣場邛海17度店）,9.6,"['湖景温馨商務大床房（智能客控+記憶枕）:HK$359', '園景温馨商務大床房:HK$377', '觀星月湖景大床房（智能客控+記憶枕）:HK$438', '賞夕陽湖景雙床間（智能客控+記憶枕+日式茶台）:HK$457']"
星際航天酒店（西昌月亮湖公園店）,9.5,"['領航 | 星河大床房「小度智能語音客控·乾濕分離·慕思床品」:HK$349', '啟航 | 星河雙床房「慕思床品·負離子高速吹風」:HK$383', '商務 | 星海大床房「VR體驗·慕思床品·超大觀景窗」:HK$383', '0壓|星海大床房「0壓記憶枕+0壓床墊+超大觀景窗」:HK$403', '商務 | 星海雙床房「負離子高速吹風·辦公桌椅」:HK$429']"
西昌邛海濕地美居酒店,9.6,"['標準雙床房（小冰箱+65寸無線投屏+金可兒床墊）:HK$428', '標準大床房（小冰箱+65寸無線投屏+金可兒床墊）:HK$482', '高級雙床房（小冰箱+65寸無線投屏+金可兒床墊）:HK$520', '高級大床房（小冰箱+65寸無線投屏+金可兒床墊）:HK$520', '豪華大床房（小冰箱+65寸無線投屏+金可兒床墊）:HK$558']"
德昌美程斯維登度假酒店,9.1,"['陽光大床房:HK$227', '城景雙床房:HK$227', '景觀大床房:HK$271', '豪華雙床房:HK$271']"
西昌山海庭酒店（海河天街火把廣場店）,9.1,"['山嶼·榻榻米大床房|智能客控+小冰箱+羽絨床具|:HK$331', '山嶼·假日陽光大床房|智能客控+小冰箱+羽絨床具|:HK$385', '海市·原木雅院雙床房.|智能客控+小冰箱+羽絨床具|:HK$385', '海市·清風河景大床房|智能客控+小冰箱+羽絨床具|:HK$417', '庭落·200度浴缸河景套房|智能客控+冰箱+蝸居沙發|:HK$589']"
德昌元坤温泉酒店,8.6,"['高級雙床房:HK$358', '豪華雙床房:HK$435', '森林湯屋【私人庭院泡池】:HK$1,080']"
杏庭·看海·看花·沐陽度假酒店（西昌邛海17度萬達店）,8.9,"['杏庭｜驚喜·寶藏大床房｜投影Loft:HK$206', '杏庭｜驚喜·寶藏小套二｜四人雙卧二居室｜投影Loft:HK$249', '杏庭｜小資·套二·兩個獨立卧室｜投影Loft:HK$271', '杏庭｜商務·套二·兩個獨立卧室｜投影Loft:HK$271']"
德昌燕棲酒店,9.2,"['雅緻大床房［中央空調｜全屋智能客控｜高密親膚布草｜護頸舒適睡眠枕］:HK$72', '雅緻雙床房［中央空調｜全屋智能客控｜高密親膚布草｜護頸舒適睡眠枕］:HK$251', '行政大床房［中央空調｜全屋智能客控｜一次性面巾浴巾｜高密親膚布草｜護頸舒適睡眠枕］:HK$305', '行政雙床房［中央空調｜全屋智能客控｜一次性面巾浴巾｜高密親膚布草｜護頸舒適睡眠枕］:HK$317', '尊享雙床房［中央空調｜全屋智能客控｜一次性面巾浴巾｜高密親膚布草｜護頸舒適睡眠枕］:HK$385']"
月都假日酒店（西昌建昌古城店）,9.2,"['標準·Sealy陽光大床房-功能枕-一次性馬桶轉紙-羽絨枕:HK$225', '標準·Free舒適雙床房-功能枕-羽絨枕-一次性馬桶轉紙:HK$225', '輕奢·Soft深眠大床房-羽絨枕-一次性馬桶轉紙:HK$272', '輕奢·Soft深眠雙床房-功能枕-羽絨枕-投屏電視:HK$301']"
西昌天季酒店,9.5,"['高級大床房:HK$404', '高級雙床房:HK$404', '陽光大床房:HK$411', '陽光雙床房:HK$411', '豪華大床房:HK$441']"
月城大酒店（西昌月亮湖濕地公園店）,9.5,"['靜謐大床房（智能客控+軟硬雙枕+舒適床墊）:HK$258', '樂享雙床房（智能客控+軟硬雙枕+舒適床墊）:HK$297', '明月雙床房（高空城景房-智能客控-全景落地窗）:HK$343', '月城·凌波水床房（智能温控-沉浸式解壓）:HK$370', '明月大床房（高空城景房-智能客控-全景落地窗）:HK$370']"
星程酒店（西昌邛海濕地店）,9.6,"['大床房（喜臨門床墊+電視投屏+小冰箱）:HK$272', '山景高級大床房（喜臨門床墊+電視投屏+小冰箱）:HK$292', '山景高級雙床房（喜臨門床墊+電視投屏+小冰箱）:HK$292', '遠景豪華大床房（喜臨門床墊+電視投屏+小冰箱）:HK$341']"
西昌漢錦酒店（邛海17度萬達廣場店）,9.5,"['陽光雙床房（（獨立客廳+超大陽台+安心舒睡+冰箱+洗衣機+雙空調））:HK$174', '商務雙床房（獨立客廳+超大陽台+安心舒睡+冰箱+洗衣機+雙空調）:HK$182', '陽光家庭親子房（（獨立客廳+超大陽台+安心舒睡+冰箱+洗衣機+雙空調））:HK$189', '意式商旅大床房（獨立客廳+冰箱+洗衣機+零壓床品）:HK$189']"
傳家合院（邛海17°店）,9.7,"['典雅雙床:HK$570', '花園靜逸 雙床:HK$692', '熙雅浴缸大床房:HK$794', '尚雅浴缸大床房:HK$896', '花園·嫻雅浴缸大床房:HK$998']"
全季酒店（西昌邛海17度萬達廣場店）,9.3,"['大床房（65寸電視+小冰箱+金可兒床墊）:HK$412', '高級大床房（65寸電視+小冰箱+金可兒床墊）:HK$441', '雙床房（65寸電視+小冰箱+金可兒床墊）:HK$441', '豪華大床房（65寸電視+小冰箱+金可兒床墊）:HK$472']"
壹家酒店（普格縣螺髻山風景區店）,9.5,"['窗外好景大床房（智能小度+雲朵記憶枕）:HK$484', '宜人山景雙床房（智能小度+雲朵記憶枕）:HK$519', '情侶約會大床房（智能小度+雲朵記憶枕）:HK$537', '動人夜景雙床房（智能小度+雲朵記憶枕）:HK$591']"
桔子酒店（西昌邛海17度火把廣場店）,9.8,"['大床房（智能馬桶+房間冰箱+65寸智能投屏電視）:HK$321', '高級雙床房（智能馬桶+金可兒皇冠床墊+65寸智能投屏電視）:HK$321', '高級大床房（智能馬桶+冰箱+65寸智能投屏電視）:HK$351', '商務雙床房（智能馬桶+冰箱+65寸智能投屏電視）:HK$351']"
西昌美麗華大酒店（邛海17度店）,9.3,"['雅緻大床房（智能投屏+大窗+洗護潤五件套）:HK$262', '豪華大床房（智能投屏+智能馬桶+洗護潤五件套）:HK$305', '豪華雙床房（智能投屏+智能馬桶+洗護潤五件套）:HK$315', '行政大床房（雙窗+智能投屏+智能馬桶+洗護潤五件套）:HK$359', '親子家庭房（大小雙床+智能投屏+智能馬桶+洗護潤）:HK$436']"
西昌邛海灣柏樾酒店,9.0,"['公寓樓落地窗標間:HK$424', '公寓樓園景標間:HK$534', '公寓樓高級海景雙床房（45°觀海）:HK$793', '主樓高級園景雙床房:HK$853', '主樓高級園景大床房:HK$853', '公寓樓高級套房:HK$963']"
宜尚酒店（西昌航天大道沃爾瑪月亮湖濕地公園店）,9.6,"['標準大床房（乾濕分離+夢百合記憶枕芯+4K高清投屏 ）:HK$328', '高級大床房（舒適靜怡+乾濕分離+4K高清投屏電視 ）:HK$366', '豪華大床房（舒適沙發+夢百合記憶枕芯+4K高清投屏）:HK$389', '高級雙床房（舒適靜怡+乾濕分離+4K高清投屏電視）:HK$428']"
雲舍城市酒店（西昌邛海17度萬達店）,8.9,"['雲舍｜寶藏大床房｜投影Loft:HK$194', '雲舍｜輕奢·雙卧四人套房｜投影Loft:HK$249', '雲舍｜雲朵·雙卧四人套房｜投影Loft:HK$249', '雲舍｜中古·雙卧四人套房｜投影Loft:HK$249']"
桔子酒店（西昌邛海17度海月裏店）,9.5,"['加州陽光雙床房（金可兒床墊+小度語音智能+觀景陽台）:HK$341', '極簡時光大床房（金可兒床墊+小度語音智能+觀景陽台）:HK$352', '都市節奏大床房（金可兒床墊+小度語音智能+觀景陽台）:HK$372', '加州陽光大床房（金可兒床墊+小度語音智能+觀景陽台）:HK$402']"
冕寧中聯鉑金岷山飯店,9.4,"['精緻大床房:HK$273', '精緻雙床房:HK$283', '高級大床房（安閑自得+超大洗漱台）:HK$308', '高級雙床房（悠閑自在+可投屏電視機）:HK$322', '豪華大床房（悠然自得+躺卧沙發）:HK$333']"
眾欣·悦動酒店,9.4,"['豪華大床房:HK$286', '豪華雙床房:HK$314', '山景大床房:HK$342', '山景雙床房:HK$370', '純凈大床房:HK$398']"
眾欣星月酒店（大石板店）,9.4,"['星月豪華大床房:HK$240', '星月豪華雙床房:HK$256', '豪華禪意大床房:HK$278', '星月雅緻套房:HK$444']"
西昌鬱錦香酒店（萬達邛海17度店）,9.3,"['妙趣城景大床房:HK$384', '妙趣城景雙床房:HK$384', '妙趣愉夢大床房:HK$426', '妙趣愉夢雙床房:HK$426', '趣享温馨大床房:HK$458']"
西昌邛海濕地公園航天大道亞朵酒店,9.6,"['雅緻大床房（無線投屏）:HK$305', '高級大床房（無線投屏）:HK$323', '高級雙床房（無線投屏）:HK$323', '行政大床房（無線投屏+冰箱+浴袍）:HK$349', '行政雙床房（無線投屏+冰箱+浴袍）:HK$358']"
西昌岷山飯店（月亮湖濕地公園店）,9.5,"['高級大床間:HK$361', '高級標準間:HK$361', '經典大床間:HK$425', '經典標準間:HK$425', '豪華大床間:HK$461']"
居家自遊民宿,9.3,"['山景大床（泡池）:HK$512', '海景大床房（泡池）:HK$611', '海景大床房plus（泡池）:HK$688', '全景露台大床房（泡池）:HK$793']"
唯佳•朗燊酒店（西昌火把廣場海河天街店）,9.3,"['特惠智能大床房（智能音控+乳膠記憶床墊+羽絨枕+55寸投屏電視）:HK$352', '閤家歡親子房（智能音控+乳膠記憶床墊+羽絨枕+55寸投屏電視）:HK$387', '優享智能大床房（智能音控+乳膠記憶床墊+羽絨枕+55寸投屏電視）:HK$387', '優享智能雙床房（智能音控+乳膠記憶床墊+羽絨枕+55寸投屏電視）:HK$387']"
星程酒店（西昌邛海17度萬達廣場店）,9.4,"['大床房（智能馬桶+65寸智能電視+夢神床墊）:HK$341', '高級大床房（智能馬桶+65寸智能電視+夢神床墊）:HK$372', '高級雙床房（智能馬桶+65寸智能電視）:HK$372', '舒壓-豪華大床房（智能馬桶+65寸智能電視+記憶棉墊）:HK$402']"
你好酒店（西昌邛海17度萬達廣場店）,9.6,"['高級大床房（智能馬桶+公區自助洗衣機+金可兒床墊）:HK$233', '高級雙床房（智能馬桶+公區自助洗衣機+金可兒床墊）:HK$243', '商務大床房（智能馬桶+公區自助洗衣機+金可兒床墊）:HK$263', '商務雙床房（智能馬桶+公區自助洗衣機+金可兒床墊）:HK$272']"
美姑賓館,9.0,"['精緻特價雙床房:HK$294', '靜謐雙床房:HK$333', '雅緻雙床房:HK$333', '舒適雙床房:HK$371']"
