酒店名称,评分,房型价格列表
德昌燕棲酒店,9.2,"['雅緻大床房［中央空調｜全屋智能客控｜高密親膚布草｜護頸舒適睡眠枕］:HK$181', '雅緻雙床房［中央空調｜全屋智能客控｜高密親膚布草｜護頸舒適睡眠枕］:HK$251', '行政大床房［中央空調｜全屋智能客控｜一次性面巾浴巾｜高密親膚布草｜護頸舒適睡眠枕］:HK$305', '行政雙床房［中央空調｜全屋智能客控｜一次性面巾浴巾｜高密親膚布草｜護頸舒適睡眠枕］:HK$317', '尊享雙床房［中央空調｜全屋智能客控｜一次性面巾浴巾｜高密親膚布草｜護頸舒適睡眠枕］:HK$385']"
一米陽光精品酒店（西昌邛海濕地公園店）,9.5,"['特惠大床房:HK$284', '温馨大床房:HK$305', '雅緻雙床房:HK$314', '雅緻大床房:HK$314']"
宜尚酒店（西昌航天大道沃爾瑪月亮湖濕地公園店）,9.6,"['標準大床房（乾濕分離+夢百合記憶枕芯+4K高清投屏 ）:HK$309', '高級大床房（舒適靜怡+乾濕分離+4K高清投屏電視 ）:HK$346', '豪華大床房（舒適沙發+夢百合記憶枕芯+4K高清投屏）:HK$367', '高級雙床房（舒適靜怡+乾濕分離+4K高清投屏電視）:HK$403']"
月城大酒店（西昌月亮湖濕地公園店）,9.5,"['靜謐大床房（私密空間-智能客控）:HK$214', '光影影院房（超大投影-沉浸式觀影）:HK$286', '樂享雙床房（智能客控-高空夜景）:HK$295', '明月雙床房（高空城景房-智能客控-全景落地窗）:HK$343', '明月大床房（高空城景房-智能客控-全景落地窗）:HK$343']"
冕寧中聯鉑金岷山飯店,9.4,"['精緻大床房:HK$273', '精緻雙床房:HK$283', '高級大床房（安閑自得+超大洗漱台）:HK$309', '高級雙床房（悠閑自在+可投屏電視機）:HK$322', '豪華大床房（悠然自得+躺卧沙發）:HK$333']"
瀘山精品酒店（西昌月亮湖濕地公園店）,9.7,"['精品雙床房「零壓床品·自動馬桶墊·65寸投屏電視」:HK$296', '精品大床房「零壓床品·沐浴頂噴·65寸投屏電視」:HK$297', '高級雙床房「雙衣帽間·零壓床品·65寸投屏電視」:HK$318', '高級大床房「零壓床品-頂噴花灑-乾濕分離-投屏電視」:HK$318', '尊享大床房「零壓床品-空氣凈化器-沐浴頂噴-投屏電視」:HK$338']"
西昌和悅花園度假酒店（邛海濕地火把廣場店）,9.6,"['温馨特惠大床（落地窗·乾濕分離·功夫茶具）:HK$259', '雅緻大床房（零壓床墊·浴袍·落地窗）:HK$306', '園景雙床房（靜謐空間·乾濕分離）:HK$329', '園景露台雙床房（獨立觀景落台·乾濕分離）:HK$329', '陽光花園大床房（獨立花園·落地窗）:HK$344']"
杏庭·看海·看花·沐陽度假酒店（西昌邛海17度萬達店）,9.0,"['杏庭｜驚喜·寶藏大床房｜投影Loft:HK$206', '杏庭｜驚喜·寶藏小套二｜四人雙卧二居室｜投影Loft:HK$249', '杏庭｜小資·套二·兩個獨立卧室｜投影Loft:HK$271', '杏庭｜商務·套二·兩個獨立卧室｜投影Loft:HK$271']"
環球6萬里·國際酒店（西昌月亮湖公園店）,9.1,"['智享-舒適雙床房（空調+乾濕分離丨酣睡好眠+辦公桌椅）:HK$250', '智享-舒適大床房（空調+乾濕分離丨酣睡好眠+辦公桌椅）:HK$262', '環球-豪華雙床房（空調+乾濕分離丨智能客控+辦公桌椅）:HK$272', '環球-豪華大床房（空調+乾濕分離丨智能客控+辦公桌椅）:HK$283']"
星程酒店（西昌邛海17度火把廣場店）,9.6,"['大床房（喜臨門床墊+電視投屏+小冰箱）:HK$272', '山景高級大床房（喜臨門床墊+電視投屏+小冰箱）:HK$292', '山景高級雙床房（喜臨門床墊+電視投屏+小冰箱）:HK$292', '遠景豪華大床房（喜臨門床墊+電視投屏+小冰箱）:HK$341']"
鑫海國際酒店（西昌邛海17度萬達廣場店）,9.4,"['悠享高級大床房｜自動窗簾+智能馬桶:HK$272', '榻榻米影院大床房｜巨幕投影+超大空間:HK$305', '靜享高級大床房｜辦公座椅+品牌床品+小冰箱:HK$316', '奢享行政大床房｜高清電視可投屏+小冰箱:HK$349', '靜享高級雙床房｜自動窗簾+零壓床墊+中央空調:HK$349']"
西昌邛海濕地公園航天大道亞朵酒店,9.6,"['雅緻大床房（無線投屏）:HK$305', '高級大床房（無線投屏）:HK$323', '高級雙床房（無線投屏）:HK$323', '行政大床房（無線投屏+冰箱+浴袍）:HK$350', '行政雙床房（無線投屏+冰箱+浴袍）:HK$359']"
漢庭酒店（西昌邛海17度火把廣場店）,9.6,"['雙床房（智能馬桶+金可兒皇冠床墊+智能投屏電視）:HK$214', '高級雙床房（智能馬桶+金可兒皇冠床墊+智能投屏電視）:HK$234', '大床房（智能馬桶+金可兒皇冠床墊+智能投屏電視）:HK$234', '高級大床房（智能馬桶+金可兒皇冠床墊+智能投屏電視）:HK$254']"
西昌觀唐大酒店（邛海17度唐園店）,9.5,"['精品大床房（零壓舒睡+65寸投屏電視）:HK$391', '精品雙床房（零壓舒睡+65寸投屏電視）:HK$391', '高級雙床房（零壓舒睡+採光明亮+65寸投屏電視）:HK$424', '高級大床房（零壓舒睡+採光明亮+65寸投屏電視）:HK$424', '觀唐大床房（唐園零距離夜景+廣角視唐園全景）:HK$446']"
冕寧悦泊酒店,9.3,"['悦享大床房（65寸可投屏液晶電視）:HK$297', '尊享大床房（65寸可投屏液晶電視）:HK$360', '特價雙床房（65寸投屏液晶電視）:HK$392', '尊享雙床房（65寸可投屏液晶電視）:HK$408', '雅悦親子套房（65寸可投屏液晶電視+獨立浴缸）:HK$699']"
桔子酒店（西昌邛海17度火把廣場店）,9.8,"['大床房（智能馬桶+房間冰箱+65寸智能投屏電視）:HK$332', '高級雙床房（智能馬桶+金可兒皇冠床墊+65寸智能投屏電視）:HK$332', '高級大床房（智能馬桶+冰箱+65寸智能投屏電視）:HK$361', '商務雙床房（智能馬桶+冰箱+65寸智能投屏電視）:HK$361']"
你好酒店（西昌邛海17度萬達廣場店）,9.6,"['高級大床房（智能馬桶+公區自助洗衣機+金可兒床墊）:HK$291', '高級雙床房（智能馬桶+公區自助洗衣機+金可兒床墊）:HK$302', '商務大床房（智能馬桶+公區自助洗衣機+金可兒床墊）:HK$321', '商務雙床房（智能馬桶+公區自助洗衣機+金可兒床墊）:HK$331']"
西昌美麗華大酒店（邛海17度火把廣場店）,9.3,"['雅緻大床房（智能投屏+大窗+洗護潤五件套）:HK$195', '豪華大床房（智能投屏+智能馬桶+洗護潤五件套）:HK$253', '園景大床房（雙窗+智能投屏+智能馬桶+洗護潤五件套）:HK$298', '豪華雙床房（智能投屏+智能馬桶+洗護潤五件套）:HK$304', '親子家庭房（大小雙床+智能投屏+智能馬桶+洗護潤）:HK$408']"
西昌鉑斯特酒店（沃爾瑪月亮湖濕地公園店）,9.5,"['鉑悦·豪華大床房【智能客控-minibar-雙衞】:HK$426', '鉑悦·豪華雙床房【智能客控-minibar-雙衞-加濕器】:HK$461', '鉑漫·至尊大床房-智能客控-零壓床墊-全景落地窗-minibar-雙衞-高空城市夜景:HK$487', '鉑悦·親子雙床房-客控智能-雙衞-冰箱:HK$555', '鉑雅·女士專屬貴賓雙床房-智能客控-定製床墊-minibar-雙衞-品牌加濕器-城市夜景:HK$557']"
西昌洲際智選假日酒店,9.4,"['高級雙床房（軟硬雙枕+暢享淋浴+金可兒床墊）:HK$304', '高級大床房（軟硬雙枕+暢享淋浴+金可兒床墊）:HK$304', '城市景觀大床房（軟硬雙枕+暢享淋浴+金可兒床墊）:HK$341', '城市景觀雙床房（軟硬雙枕+暢享淋浴+金可兒床墊）:HK$341', '日出景觀大床房（軟硬雙枕+暢享淋浴+金可兒床墊）:HK$379']"
逸尚東方酒店（西昌邛海濕地店）,9.6,"['逸居大床房【乾濕分離.智能馬桶.65吋投屏電視.】:HK$272', '逸雅影院大床房【奇藝果會員+巨幕觀影+超大空間】:HK$294', '逸雅雙床房【乾濕分離+65吋投屏電視+智能馬桶】:HK$294', '逸景大床房【乾濕分離.智能馬桶.65吋投屏電視】:HK$305', '逸雅大床房【乾濕分離.智能馬桶.65吋投屏電視】:HK$327']"
西昌長島·輕居酒店,9.9,"['寶藏套一loft丨大床房丨帶客廳:HK$210', '套二Loft-兩個獨立卧室-帶客廳:HK$257', '星際套二loft-你的太空夢終會實現-親子童趣:HK$305', '甜系套二loft-萌寵到你家開派對啦-親子童趣:HK$305']"
雲舍城市酒店（西昌邛海17度萬達店）,8.9,"['雲舍｜寶藏大床房｜投影Loft:HK$194', '雲舍｜輕奢·雙卧四人套房｜投影Loft:HK$249', '雲舍｜雲朵·雙卧四人套房｜投影Loft:HK$249', '雲舍｜中古·雙卧四人套房｜投影Loft:HK$249']"
桔子酒店（西昌邛海17度海月裏店）,9.5,"['加州陽光雙床房（金可兒床墊+小度語音智能+觀景陽台）:HK$331', '極簡時光大床房（金可兒床墊+小度語音智能+觀景陽台）:HK$341', '都市節奏大床房（金可兒床墊+小度語音智能+觀景陽台）:HK$362', '加州陽光高級雙床房:HK$362']"
雲裏·鹿鳴,9.7,"['特惠房:HK$402', '豪華雙床房:HK$438', '豪華大床房:HK$438', '親子房:HK$512']"
煙嵐裏·曲水山澗生活美學holiday villa（西昌大石板古村店）,9.7,"['葉驚秋丨花朝大床房:HK$490', '葉醒春丨與光大床房:HK$520', '方覺夏丨伴溪雙床房:HK$556', '韓冬青丨山也雙床房:HK$601', '望繁星丨山月·觀景大床房:HK$644']"
月都假日酒店（西昌建昌古城店）,9.2,"['標準·Sealy陽光大床房-功能枕-一次性馬桶轉紙-羽絨枕:HK$225', '標準·Free舒適雙床房-功能枕-羽絨枕-一次性馬桶轉紙:HK$225', '輕奢·Soft深眠大床房-羽絨枕-一次性馬桶轉紙:HK$272', '雅月·雙床房-功能枕-羽絨枕-投屏電視一次性馬桶轉紙:HK$291']"
楓杏酒店（西昌邛海17度萬達店）,9.0,"['楓杏｜見山海·大床房｜投影Loft:HK$204', '楓杏｜城市風·雙卧四人套房｜投影Loft:HK$259', '楓杏｜奶油白·雙卧四人套房｜投影Loft:HK$259', '楓杏｜新中式·雙卧四人套房｜投影Loft:HK$259']"
星際航天酒店（西昌月亮湖公園店）,9.5,"['領航 | 星河大床房「小度智能語音客控·乾濕分離·慕思床品」:HK$349', '啟航 | 星河雙床房「慕思床品·負離子高速吹風」:HK$384', '商務 | 星海大床房「VR體驗·慕思床品·超大觀景窗」:HK$384', '0壓|星海大床房「0壓記憶枕+0壓床墊+超大觀景窗」:HK$403', '商務 | 星海雙床房「負離子高速吹風·辦公桌椅」:HK$429']"
維也納酒店（涼山德昌彩虹橋鳳凰閣店）,9.6,"['高級大床間:HK$216', '高級雙床房:HK$232', '豪華大床房:HK$247', '豪華雙床房:HK$270']"
西昌空港雲享酒店（邛海夢尋花海濕地公園店）,9.3,"['雲樂特惠大床房:HK$436', '雲夢大床房:HK$601', '雲夢雙床房:HK$601', '雲裳露台大床房:HK$666', '雲裳露台雙床房:HK$666', '雲庭庭院大床房:HK$722']"
如居.山海半島民宿（西昌萬達廣場邛海17度店）,9.6,"['湖景大床房（智能客控+記憶枕）:HK$477', '園景大床房:HK$501', '觀星月湖景大床房（智能客控+記憶枕）:HK$581', '賞夕陽湖景雙床間（智能客控+記憶枕+日式茶台）:HK$606']"
奧斯貝爾大酒店,9.6,"['高級大床房:HK$195', '高級雙床房:HK$195', '豪華智享大床房|深睡記憶枕+智享系統|:HK$303']"
唯佳•朗燊酒店（西昌火把廣場海河天街店）,9.3,"['特惠智能大床房（智能音控+乳膠記憶床墊+羽絨枕+55寸投屏電視）:HK$425', '閤家歡親子房（智能音控+乳膠記憶床墊+羽絨枕+55寸投屏電視）:HK$460', '優享智能大床房（智能音控+乳膠記憶床墊+羽絨枕+55寸投屏電視）:HK$460', '優享智能雙床房（智能音控+乳膠記憶床墊+羽絨枕+55寸投屏電視）:HK$460']"
德昌元坤温泉酒店,8.6,"['高級雙床房:HK$359', '豪華雙床房:HK$435', '森林湯屋【私人庭院泡池】:HK$1,080']"
西昌邛海17度火把廣場漫心酒店,9.7,"['心怡標準大床房【高清電視投屏+絲漣床墊+辦公區】:HK$462', '心悦高級大床房【電視投屏+小冰箱+獨立辦公區】:HK$492', '心悦高級雙床房【電視投屏+小冰箱+絲漣床墊+休閑區】:HK$523', '心享豪華大床房【電視投屏+小冰箱+貴妃椅+大空間】:HK$532', '心享主題親子大床房:HK$542']"
全季酒店（西昌火把廣場月亮湖濕地公園店）,9.5,"['大床房（智能客控+房間冰箱+電視投屏）:HK$402', '雙床房（智能客控+房間冰箱+電視投屏）:HK$432', '高級大床房（智能客控+房間冰箱+電視投屏）:HK$432', '高級雙床房（智能客控+房間冰箱+電視投屏）:HK$462']"
豐源世紀酒店（西昌月亮湖濕地公園店）,9.4,"['舒適大床房:HK$224', '豪華大床房:HK$246', '陽光大床房:HK$266', '豪華雙床房:HK$285', '陽光雙床房:HK$305']"
全季酒店（西昌邛海17度萬達廣場店）,9.3,"['大床房（65寸電視+小冰箱+金可兒床墊）:HK$412', '高級大床房（65寸電視+小冰箱+金可兒床墊）:HK$442', '雙床房（65寸電視+小冰箱+金可兒床墊）:HK$442', '豪華大床房（65寸電視+小冰箱+金可兒床墊）:HK$472']"
星程酒店（西昌邛海17度萬達廣場店）,9.4,"['大床房（智能馬桶+65寸智能電視+夢神床墊）:HK$341', '高級大床房（智能馬桶+65寸智能電視+夢神床墊）:HK$372', '高級雙床房（智能馬桶+65寸智能電視）:HK$372', '舒壓-豪華大床房（智能馬桶+65寸智能電視+記憶棉墊）:HK$402']"
邛海17度 · 被夢叫醒酒店（西昌火把廣場店）,9.6,"['綠影雙床房『落地窗·辦公桌』:HK$378', '綠影大床房『中央空調·浴袍』:HK$389', '青鸞雙床房『金可兒床墊·浴袍·超大空間』:HK$422', '青鸞大床房『金可兒床墊·超大空間·落地窗』:HK$449', '墨夕套房『超大會客區·中央空調·落地窗』:HK$553']"
西昌蛙山書院（邛海瀘山風景區店）,9.2,"['特惠雙床房:HK$301', '景緻閣大床房:HK$321', '景緻閣雙床房:HK$327', '遠景閣大床房:HK$347']"
眾欣星月酒店（大石板店）,9.4,"['星月豪華大床房:HK$240', '星月豪華雙床房:HK$256', '豪華禪意大床房:HK$278', '星月雅緻套房:HK$444']"
漢庭酒店（西昌航天大道沃爾瑪店）,9.3,"['大床房:HK$261', '雙床房A:HK$261', '舒壓高級大床房（電視投屏+夢百合零壓床墊+自助洗衣）:HK$281', '舒壓雙床房（電視投屏+夢百合零壓床墊+自助洗衣）:HK$281']"
漢庭酒店（西昌航天大道月亮湖濕地公園店）,9.5,"['大床房（金可兒床墊+智能馬桶+智能投屏）:HK$255', '街景大床房（金可兒床墊+智能馬桶+智能投屏）:HK$274', '院景雙床房（金可兒床墊+智能馬桶+智能投屏）:HK$274', '家庭房（金可兒床墊+智能馬桶+智能投屏）:HK$293']"
西昌優木酒店（邛海17度火把廣場店）,9.4,"['清·浮光大床房|花梨木禪意傢俱|中空隔音玻璃|美粧鏡:HK$229', '樂·闔家歡親子房|小童玩偶|趣味讀物|花梨木禪意傢俱:HK$297', '未央·清歡自在全景日出房|270°遠眺廬山景觀|乳膠床墊:HK$367']"
美豪麗致酒店（涼山會東政務中心店）,9.8,"['麗致智能大床房（智能音控+乳膠記憶床墊）:HK$327', '精緻雙床房（智能音控+乳膠記憶床墊）:HK$339', '麗致山景大床房（智能音控+乳膠記憶床墊）:HK$360', '麗致山景雙床房（智能音控+乳膠記憶床墊）:HK$360', '雅緻山景大床房（智能音控+乳膠記憶床墊）:HK$384']"
雲裏·觀海·鏡海,9.4,"['觀海高級大床房:HK$425', '鏡海豪華大床房:HK$533', '鏡海豪華雙床房:HK$533', '鏡海親子套房:HK$643', '鏡海觀景精品套房:HK$643']"
西昌邛海濕地美居酒店,9.6,"['標準雙床房（小冰箱+65寸無線投屏+金可兒床墊）:HK$486', '標準大床房（小冰箱+65寸無線投屏+金可兒床墊）:HK$491', '高級雙床房（小冰箱+65寸無線投屏+金可兒床墊）:HK$530', '高級大床房（小冰箱+65寸無線投屏+金可兒床墊）:HK$530', '豪華大床房（小冰箱+65寸無線投屏+金可兒床墊）:HK$568']"
宜尚酒店（雷波旅遊客運中心站店）,9.5,"['標準雙床房（開闊視野+全屋智能客控）:HK$221', '高級雙床房（開闊視野+大空間+全屋智能客控）:HK$249', '舒適大床房（全屋智能客控）:HK$262', '標準大床房（開闊視野+全屋智能客控）:HK$291']"
