酒店名称,评分,房型价格列表
漳州薌江酒店（漳州古城店）,9.5,"['商務雙床房:HK$435', '商務大床房:HK$467', '景觀大床房:HK$577', '景觀雙床房:HK$577', '銀髮商務大床房-專屬長輩慢時光療愈的自在旅居:HK$752', '行政景觀大床房:HK$890']"
月泊棲城·文化行宿（漳州古城文廟店）,9.5,"['修泊:HK$232', '修文:HK$236', '修城:HK$241', '棲城:HK$246']"
漳州三寶開元名都酒店（古城店）,9.5,"['豪華城景大床房:HK$622', '豪華城景雙床房:HK$622', '豪華江景大床房:HK$687', '豪華江景雙床房:HK$687', '行政大床房:HK$1,124', '行政雙床房:HK$1,124']"
漳州裕元大酒店,9.3,"['山景大床房:HK$278', '高級雙床房:HK$278', '商務雙床房（國際知名品牌床墊＋舒適蕎麥枕）:HK$297', '山景豪華大床房（國際知名品牌床墊＋舒適蕎麥枕）:HK$308', '豪華雙床房 （國際知名品牌床墊＋舒適蕎麥枕）:HK$308']"
沐古設計師酒店,9.4,"['沐城丨城景大床房（帶深泡浴缸＋慕斯睡眠床墊）:HK$326', '沐城丨城景雙床房（慕斯睡眠床墊）:HK$358', '沐檐丨觀景尊貴大床房（深泡浴缸+100寸VIP觀影）:HK$391', '沐溪丨觀景陽台大床房（深泡浴缸+100寸VIP觀影）:HK$402']"
汐月閩南庭院式酒店（漳州古城店）,9.5,"['汐月大床房（舒達床墊+智能客控）:HK$371', '汐月景觀露台大床房（舒達床墊+智能客控）:HK$382', '汐月庭院大床房（户外浴缸+舒達床墊+温泉私湯）:HK$398', '汐月雙床房（舒達床墊+語音客控）:HK$413', '汐月榻榻米標間（舒達床墊+智能馬桶）:HK$424']"
漳州萬達嘉華酒店,9.3,"['豪華雙床房:HK$436', '行政大床房:HK$731', '行政雙床房:HK$731', '豪華套房:HK$772', '行政套房:HK$2,079']"
漳州賓館（古城店）,9.5,"['凌波樓雅緻大床房:HK$413', '凌波樓雅緻雙床房:HK$413', '天寶樓商務雙床房:HK$468', '天寶樓商務大床房:HK$468', '凌波樓商務大床房:HK$468', '凌波樓商務雙床房:HK$468']"
漳州浦口商務酒店,9.4,"['特惠寶藏房（55寸大屏電視+智能語音控制+語音電動窗簾+多重場景氛圍燈）:HK$193', '高級大床房（55寸大屏電視+智能語音控制+語音電動窗簾+多重場景氛圍燈）:HK$198', '商務雙床房（55寸大屏電視+智能語音控制+語音電動窗簾+多重場景氛圍燈）:HK$212', '商務大床房（55寸大屏電視+智能語音控制+語音電動窗簾+多重場景氛圍燈）:HK$216']"
南山·悦舍酒店（漳州古城店）,9.4,"['鶴嶺晴煙:HK$297', '南山秋色:HK$327', '丹溪曉日:HK$337', '西浦夕陽【複式套房+獨立茶室】:HK$396']"
安楠舍酒店（漳州古城店）,9.5,"['侘寂風和幸大床房（100寸騰訊VIP＋智能語音客控）:HK$462', '侘寂風浴缸大床房（100寸騰訊VIP＋智能語音客控）:HK$488', '户外陽台大床房（户外私人浴缸+100寸騰訊VIP）:HK$505', '侘寂風和喜雙床房（100寸騰訊VIP＋智能語音客控）:HK$505']"
漳州薌逸·閩南藝宿酒店（漳州古城北京路店）,9.7,"['文廟熹丨雲享逸眠大床房+智能客控+零壓床墊:HK$310', '文昌門丨悦享大床房+零壓床墊+温控馬桶:HK$322', '芳華里丨沐光高級大床房+零壓床墊+陽光鬧鐘:HK$335', '騎樓街丨古城街景大床房+智能客控+零壓床墊:HK$352']"
維特酒店（漳州古城店）,9.2,"['雅緻大床房:HK$384', '休閑大床房:HK$405', '休閑雙床房:HK$460', '景觀大床房:HK$460']"
黛隱·良棲民宿（漳州古城店）,8.9,"['特價101舒適大床房:HK$262', '特價202舒適大床房:HK$296', '301舒適大床房:HK$413', '201舒適雙床房:HK$413']"
雙溪雙宿民宿（漳州薌城店）,9.9,"['閩南竹語 . 匠築精緻大床房『夯土傳韻＋攬月枕星』:HK$315', '薌城故里 . 拾光精緻雙床房『枕水聽溪＋閩南戲韻』:HK$623', '漳南雅筑 . 圍樓典雅大床房『古厝遺風+ 夯土築夢』:HK$688', '雙溪畫境 . 聽溪典雅雙床房『紅磚映霞＋星河伴夢』:HK$765', '土樓雲閣 . 枕月豪華套房『黛瓦流韻＋燕尾飛檐』:HK$1,094']"
漳州融信皇冠假日酒店,9.2,"['城景大床房:HK$374', '城景雙床房:HK$382', '湖景雙床房:HK$457', '湖景大床房:HK$457', '行政雙床房:HK$624', '行政大床房:HK$624']"
修宿·僑村1956民宿,9.7,"['雅加達|落地窗全景房:HK$290', '馬六甲|落地窗大床房:HK$322', '馬尼拉|落地窗園景房:HK$374', '吉隆坡|落地窗花園房:HK$374', '新山|陽台花園房:HK$387']"
錦江客棧（龍海後港古街店）,9.5,"['紫雲巖大床房（全屋智能+小度聲控）:HK$361', '雙第華僑雙人房:HK$385', '海上田園大床房:HK$438', '羅漢峯大床房:HK$439', '埭美古村落大床房（動人夜景+品牌記憶枕）:HK$445']"
全季酒店（角美火車站店）,9.8,"['大床房:HK$293', '高級大床房:HK$312', '高級雙床房:HK$312', '商務大床房:HK$340']"
貴賓舍酒店（漳州百花村交易大樓龍江樂園店）,9.2,"['驚喜寶藏房（65寸大屏電視+零壓床墊+智能語音控制+自動馬桶+自動窗簾）:HK$241', '法式舒漫城景大床房（65寸大屏電視+零壓床墊+智能語音控制+人體感應自動馬桶+自動窗簾）:HK$274', '法式優眠大床房（65寸大屏電視+零壓床墊+智能語音控制+人體感應自動馬桶+自動窗簾）:HK$294', '法式輕奢城景大床房（65寸大屏電視+零壓床墊+智能語音控制+人體感應自動馬桶+自動窗簾）:HK$296']"
途客數字酒店（漳州閩南水鄉福隆城店）,9.3,"['智能特惠大床房 ▏靜謐空間+65寸高清電視:HK$285', '智能標準大床房 ▏靜謐空間+65寸高清電視:HK$307', '智能高級大床房 ▏靜謐空間+65寸高清電視:HK$324', '夢百合0壓智能標準大床房:HK$324', '智能豪華大床房 ▏甄選品質+65寸高清電視:HK$347']"
陌上輕居酒店（漳州古城文昌門店）,9.4,"['品學·陌畔思歸大床房:HK$337', '靜逸·花雅影音大床房:HK$337', '品學·宋風花雅雙床房:HK$368', '雅緻·文廟書韻大床房:HK$368']"
漳州鑽石大酒店（古城店）,8.9,"['公務雙床房:HK$292', '公務大床房:HK$298', '商務雙床房:HK$298', '商務大床房:HK$298', '行政雙床房:HK$373']"
伴山賓館,10.0,"['特價大床房:HK$140', '舒適大床房:HK$151', '舒適雙床房:HK$151', '高級大床房:HK$184']"
漳州銀佳賓館（古城店）,9.3,"['雅緻-雙床:HK$310', '雅緻-大床:HK$310', '精品房-雙床B:HK$417', '精品房-大床:HK$417']"
漳州明發温德姆至尊豪廷大酒店,9.0,"['高級大床房:HK$552', '高級雙床房:HK$552', '豪華大床房:HK$594', '豪華雙床房:HK$594', '豪廷房:HK$618', '豪華套房:HK$1,087']"
漳州大酒店（古城店）,9.3,"['商務雙床房:HK$360', '商務大床房:HK$360', '酷芽豬豬俠主題商務雙床房:HK$541', '酷芽超級飛俠恐龍主題商務雙床房:HK$541', '商務套房:HK$573']"
片仔癀温泉酒店,9.4,"['豪華雙床房:HK$607', '豪華大床房:HK$607', '行政温泉大床房【古城畔・雅緻暖泉】:HK$917', '小黃鴨親子房:HK$917', '酷芽巴啦啦小魔仙音樂主題豪華雙床房:HK$917', '酷芽超級飛俠星際主題豪華雙床房:HK$917']"
漳州龍佳大酒店,8.9,"['雅緻温泉大床房:HK$534', '雅緻温泉雙床房:HK$534', '豪華温泉景觀大床房（帶獨立泡池）:HK$610', '豪華温泉景觀雙床房（帶獨立泡池）:HK$610', '山莊風景雙床房:HK$679', '小熊尼奧温泉大床房:HK$687']"
龍海華僑大酒店（後港古街店）,9.4,"['標準大床房:HK$306', '標準雙床房:HK$306', '主題親子房:HK$484', '豪華套房:HK$612']"
歐暇·地中海酒店（漳州長泰凱悦廣場店）,9.6,"['歐暇大床房（深睡眠床墊+智能馬桶）:HK$308', '歐暇雙床房（深睡眠床墊+智能馬桶）:HK$308', '暇享温馨大床房（特長睡床+靜音好眠）:HK$343', '暇享親子家庭房（小童樂園+小童帳篷+親子佈置）:HK$378']"
花築·棲遲温泉民宿（漳州古城店）,8.5,"['城景|庭院雙床房+智能客控+巨幕投影+智能化粧鏡+智能馬桶:HK$413', '棲霞丨温泉大床房+私湯+智能客控+巨幕投影+智能化粧鏡+智能馬桶:HK$413', '棲雲丨精緻温泉大床房+私湯+智能客控+巨幕投影+智能化粧鏡+智能馬桶:HK$480', '棲山丨庭院温泉大床房+私湯+智能客控+巨幕投影+智能化粧鏡+智能馬桶:HK$489']"
11度假別墅（漳州古城店）,8.9,"['投影巨幕大床房:HK$315', '雅緻親子房:HK$392', '智慧親子套房:HK$440', '美墅高奢套房:HK$446']"
花築·高陞館·民國傳承·閩南古厝·歷史文化美宿（漳州古城店）,9.7,"['靜謐大床房【空氣凈化器·小米電視】:HK$441', '古城街景大床房【小米電視·空氣凈化器】:HK$481', '浴缸大床房【小米電視·空氣凈化器·深泡浴缸】:HK$489', '星空城樓景露台大床房【大露台·空氣凈化器·小米電視】:HK$518']"
漳州閩南王府庭院式酒店,9.5,"['宜庭雙床房:HK$317', '悦庭豪華大床·觀賞房:HK$382', '妙庭豪華雙床·觀賞房:HK$382', '妙庭尊貴雙人房·庭院房:HK$449', '雅庭尊貴大床·露台房:HK$449']"
安若小鎮·跡相民宿,9.6,"['山景雙床房:HK$1,003', '山景大床房:HK$1,189', '山澗浴缸大床房:HK$1,375', '童趣親子大床房:HK$1,560', '跡相景觀套房:HK$1,746']"
漳州道田素食溫泉度假酒店,8.8,"['道田田園雙床房:HK$610', '道田田園大床房:HK$610', '道田園景大床房（帶陽台）:HK$664', '道田山景大床房:HK$774', '酷芽超級飛俠恐龍大床房:HK$879']"
鉑頓元世紀酒店（長泰桃李春風店）,9.2,"['高級庭院大床房（蘇式園林風+功夫茶具+靜音好眠）:HK$381', '高級庭院雙床房（蘇式園林風+功夫茶具+靜音好眠）:HK$381', '園景露台大床房（蘇式園林風+功夫茶具+靜音好眠）:HK$464', '園景露台雙床房（蘇式園林風+功夫茶具+靜音好眠）:HK$464', '豪華園景露台大床房（蘇式園林風+功夫茶具+靜音好眠）:HK$547']"
漳州市帝中鑫酒店（金峯商業中心店）,9.7,"['窗外好景大床房【品牌零壓床墊+美的中央空調】:HK$249', '巨幕影音大床房【手機投屏+辦公桌+品牌零壓床墊】:HK$262', '拍照出片雙床房【品牌零壓床墊+美的中央空調+可投屏】:HK$276', '温馨童趣親子家庭房【親子帳篷+小童牙刷拖鞋】:HK$289']"
維也納酒店（漳州金峯商業中心店）,9.4,"['豪華大床房:HK$290', '豪華雙床房:HK$301', '影音大床房:HK$323', '影音雙床房:HK$333', '商務大床房:HK$358']"
全季酒店（漳州長泰店）,9.6,"['高級大床房:HK$309', '高級雙床房:HK$309', '商務大床房:HK$337', '景觀大床房:HK$365']"
龍海明發國際大酒店,9.4,"['商務雙床房:HK$402', '商務大床房:HK$425', '行政大床房:HK$457', '行政雙床房:HK$457', '高級雙床房:HK$479']"
雲朵假日酒店（漳州長泰哈囉廣場店）,9.7,"['巨幕影院大床房:HK$155', '靜謐榻榻米:HK$169', '輕奢尊享大床房:HK$184', '私享浴缸房:HK$199']"
龍海玉龍酒店,8.1,"['標準大床房（酒店公區提供洗衣房）:HK$122', '標準雙床房（酒店公區提供洗衣房）:HK$137', '商務雙床房（酒店公區提供洗衣房）:HK$210', '商務大床房（酒店公區提供洗衣房）:HK$213']"
長泰金榜國際酒店,9.0,"['豪華大床房:HK$290', '豪華雙床房:HK$290', '豪華雅緻大床房:HK$290', '豪華雅緻雙床房:HK$290']"
如家商旅酒店（漳州騰飛路古城店）,9.3,"['商務大床房A:HK$222', '雙床房A:HK$230', '商務大床房:HK$239', '雙床房:HK$248']"
愛客印象酒店（漳州萬達廣場店）,9.4,"['四季如春 | 沐光大床房[零壓床墊+燈光氛圍+大窗採光]:HK$229', '温馨宜人|沐光雙床房[零壓床墊+高清大屏+舒適床品]:HK$251', '温暖如意 | 智能大床房[語音控制+中央空調+舒適氛圍]:HK$273', '温馨如意 | 智能雙床房[自然採光+空氣凈化+電動窗簾]:HK$294']"
雅家達酒店（漳州萬達廣場店）,8.3,"['尊享大床房:HK$272', '豪華大床房:HK$326', '豪華雙床房:HK$326', '温馨家庭房:HK$512']"
ONLYONE温泉度假村,8.5,"['室內私湯大床房:HK$730', '庭院私湯大床房:HK$763', '室內私湯複式大床房:HK$839', '庭院私湯複式大床房:HK$872', '私湯湖景雙床房:HK$905']"
星程酒店（漳州碧湖萬達廣場店）,9.3,"['高級大床房:HK$318', '高級雙床房:HK$338', '高級特大床房:HK$338', '商務大床房:HK$349']"
