酒店名称,评分,房型价格列表
潮州市潮裏韓舍（潮州古城牌坊街店）,9.4,"['存墨·侘寂智能投影房丨護脊床墊丨智能馬桶丨高清巨幕投影丨功夫茶具丨乾濕分離:HK$262', '撫琴·輕奢智能投影大房丨護脊床墊丨智能馬桶丨高清巨幕投影丨功夫茶具丨乾濕分離:HK$311', '林棲·豪華投影雙床房丨護脊床墊丨智能馬桶丨高清巨幕投影丨功夫茶具丨乾濕分離:HK$332', '秋思丨庭院花園雙床房丨護脊床墊丨智能馬桶丨高清巨幕投影丨功夫茶具丨乾濕分離:HK$380']"
潮選假日酒店（潮州財富中心店）,9.9,"['潮韻豪華大床房:HK$495', '潮享輕奢雙床房:HK$529', '潮享雲際套房:HK$691', '潮尊雲際套房:HK$808']"
Urba柏納·國際公寓（潮州古城牌坊街店）,9.4,"['臻選大床房（智能客控+高清投屏電視）:HK$294', '精選大床房（智能客控+高清投屏電視）:HK$304', '精選雙床房（智能客控+高清投屏電視）:HK$327', '影音雙床房（影音巨幕+智控）:HK$370', '豪華雙床房（炫彩波紋燈+智控+高清投屏電視）:HK$402']"
鉑頓國際公寓（潮州韓江人民廣場店）,9.4,"['智能大床房（智能客控+功夫茶具+24小時新風系統）:HK$268', '雅緻雙床房:HK$287', '影院家庭房:HK$298', '智能雙床房（智能客控+功夫茶具+24小時新風系統）:HK$320']"
潮州人民廣場希岸Deluxe酒店,9.3,"['Deluxe休閑大床房:HK$313', 'Deluxe豪華大床房【全屋智控+乾濕分離】:HK$372', 'Deluxe休閑雙床房:HK$372', 'Deluxe豪華雙床房【全屋智控+乾濕分離】:HK$388', 'Deluxe商務大床房【全屋客控+乾濕分離】:HK$405']"
花築·東門客棧（潮州廣濟橋牌坊街店）,9.4,"['中式大床房（乳膠床墊+乾濕分離）:HK$293', '中式雙床房（乳膠床墊+乾濕分離）:HK$377', '歐式經典大床房（乳膠床墊+乾濕分離）:HK$516', '歐式豪華大床房（乳膠床墊+乾濕分離）:HK$615']"
潮州財富中心希爾頓歡朋酒店,9.4,"['豪華大床房:HK$551', '豪華雙床房:HK$596', '豪華商務大床:HK$651', '豪華商務雙床房:HK$651', '親子大床房:HK$723']"
桔子酒店（潮州古城牌坊街店）,9.3,"['高級大床房:HK$448', '雙床房:HK$496', '豪華大床房:HK$524', '高級雙床房:HK$543']"
蘭歐酒店（潮州古城牌坊街店）,9.1,"['標準大床房:HK$297', '影音大床房:HK$306', '標準雙床房:HK$337', '豪華大床房（私享按摩椅+智能語控）:HK$349', '高級雙床房:HK$385']"
麗楓酒店（潮州温泉江景店）,9.5,"['雅緻大床房（空氣凈化器+慕斯床墊+投屏電視）:HK$293', '豪華大床房（空氣凈化器+慕斯床墊+投屏電視）:HK$325', '江景大床房（空氣凈化器+慕斯床墊+投屏電視）:HK$356', '浪漫大床房（空氣凈化器+慕斯床墊+投屏電視）:HK$388']"
潮州Panda·熊貓來了花園,9.2,"['180°大視野大床房（私享浴缸+一線江城景+智能客控）:HK$436', '舒適城景雙床房（智能客控+巨幕投影+一線城景）:HK$491', '豪華城景雙床房（智能客控+巨幕投影+一線城景）:HK$545', '230°景觀雙床房（智能客控+巨幕投影+天空記憶棉）:HK$600', '230°全江景大床房（私享浴池+智能客控+一線江景）:HK$633']"
潮橙居（潮州廣濟橋牌坊街店）,9.4,"['投影精緻大床房 （智能音控 + 乾濕分離 + 影視會員 + 純棉床品）:HK$287', '雅緻大床房 （智能音控 + 乾濕分離 + 純棉床品）:HK$331', '豪華大床房 （智能音控 + 乾濕分離 + 純棉床品）:HK$352', '舒適雙床房 （智能音控 + 乾濕分離 + 純棉床品）:HK$353']"
潮邑明林府（潮州古城牌坊街店）,9.6,"['鸞凰琴簪•豪華大床房+92寸高清影幕:HK$427', '鳳鳴·智能豪華大床房+户外桌椅+100寸高清巨幕:HK$535', '月圓澄酒·智能輕享複式大床套房:HK$576', '山海丹青·智能輕享景觀複式雙床套房+84寸高清影幕:HK$673']"
潮州蘭悅美居（韓山師範學院店）,9.4,"['甄選零壓大床房（乳膠記憶枕+零壓床墊+6080\u200c高織床品）:HK$281', '蘭悦·美居智能雙床房（高清網絡大電視+零壓床墊）:HK$370', '蘭悦·美居智能大床房（50寸高清大電視+奇異果會員）:HK$370', '蘭悦·智能影音大床房（奇異果會員+6080\u200c高織床品）:HK$379']"
潮州古城牌坊街漫心酒店,9.7,"['心怡標準大床房:HK$540', '心怡標準雙床房:HK$579', '心悦高級大床房:HK$602', '心悦高級家庭房:HK$641', '心享豪華大床房:HK$665']"
州里設計潮宿（潮州古城牌坊街店）,9.5,"['快樂的彩蛋大床房（小度智能+全棉床枕+雅緻空間+乾濕分離）:HK$428', '沙萬·獨享大床房（小度智能+全棉床枕+別緻空間+乾濕分離）:HK$452', '哈桑·私享大床房（特大床+小度智能+全棉床枕+乾濕分離）:HK$502', '萊索·尊享大床房（特大床+獨立浴缸+小度智能+大屏投影+全棉床枕+乾濕分離）:HK$563']"
駿景國際酒店（潮州韓江人民廣場店）,9.4,['景雅·私享大床房『温馨出行+功夫茶具+自然眠愈被芯』:HK$320']
山禾裏·宋代美學庭院（汕頭小公園店）,9.6,"['室外桃園·大床房·一樓庭外:HK$634', '浮生半日·大床房:HK$853', '逸趣生活·雙床房:HK$853', '煙火少城·大床房:HK$1,058', '舒適謐境·豪華大床房·內庭:HK$1,058']"
雅斯特國際酒店（潮州大橋店）,9.4,"['雅緻大床房（智能客控+乾濕分離）:HK$217', '雅緻雙床房（智能客控+乾濕分離）:HK$258', '豪華大床房（陽光飄窗+乾濕分離+功夫茶具）:HK$265', '影音大床房（百寸巨幕+陽光飄窗+功夫茶具）:HK$290']"
韓思·悦酒店（潮州古城牌坊街店）,9.3,"['高級大床房-零壓床品:HK$258', '思悦大床房-零壓床品:HK$301', '豪華大床房-零壓床品:HK$335', '豪華雙床房-零壓床品:HK$400', '思悦家庭房:HK$465']"
潮州瀛洲設計酒店,9.7,"['瀛選精緻大床房:HK$833', '瀛選精緻家庭房:HK$1,047', '瀛選景緻雙床房:HK$1,474', '瀛選豪華雙床房:HK$1,474', '瀛選豪華大床房:HK$1,474']"
三潮温泉小鎮·酒店（潮州韓江西溪碧道田頭何公園店）,8.5,"['特價大床房（不含温泉）:HK$240', '私湯·豪華大床房（獨立泡池+天然温泉+全屋智能）:HK$298', '私湯·閑趣雙床房（內置棋牌+趣味休閑+全屋智能）:HK$324', '私湯·主題大床房（獨立泡池+天然温泉+全屋智能）:HK$347']"
潮州中安樓客棧（廣濟橋牌坊街店）,9.5,"['精選大床房:HK$418', '精緻雙床房:HK$604', '豪華套房:HK$957', '精選家庭套房:HK$1,022']"
書香客棧（潮州古城牌坊街廣濟橋店）,8.5,"['高級大床房:HK$294', '標準大床房:HK$310', '豪華大床房:HK$333', '豪華雙床房:HK$375']"
潮州市盈合酒店（潮州古城人民廣場店）,9.3,"['巧 | 雅緻大床房 | 智能音控+古城街景+陽光滿屋:HK$317', '享 | 精緻大床房 | 智能音控+古城街景+陽光滿屋:HK$359', '優 | 精緻雙床房 | 智能音控+鳥瞰街景+陽光滿屋:HK$412', '馨 | 親子子母雙床房 | 智能音控+古城街景+陽光滿屋:HK$455']"
一湖歸心客棧（潮州古城牌坊街店）,9.1,"['一湖舒壓 - 休閑榻榻米大床房:HK$277', '一湖浪漫 - 豪華圓浴缸大床房:HK$305', '一湖陽光 - 私享正湖景大床房:HK$463', '一湖舒壓 - 休閑榻榻米雙床房:HK$463']"
潮府裏國際酒店（潮州古城牌坊街店）,9.4,"['椿庭 舒適雙床房（大空間+1.35超大雙床+全屋智能）:HK$330', '山海 谷隱雙床房（大空間+1.35超大雙床+全屋智能）:HK$343', '靜也 臻享雙床房（大空間+1.35超大雙床+全屋智能）:HK$356', '淺野·雅緻大床房（全屋智能+陽光落地窗+全棉床品）:HK$370']"
潮州市·熙揚·喜宿·Cloud.Bar花園（潮州古城牌坊街店）,9.3,"['城景逸境大床房（零壓床墊+太空記憶棉+新風系統+高清投屏電視+乾濕分離）>:HK$290', '童趣親子大床房（零壓床墊+太空記憶棉+休閑沙發+新風系統+高清投屏電視+乾濕分離）>:HK$295', '浪漫輕奢浴缸房（深袍浴缸+零壓床墊+太空記憶棉+新風系統+高清投屏電視+乾濕分離）>:HK$302', '簡約投影大床房（零壓床墊+太空記憶棉+新風系統+高清巨幕投影+乾濕分離）>:HK$315']"
凡季花園客房（潮汕高鐵站店）,9.4,"['標準大床房【記憶枕+乾濕分離】:HK$157', '商務大床房【記憶枕+零壓床墊】:HK$173', '情侶大床房【巨幕VIP+花園景觀+智能客控】:HK$173', '茶藝觀景房【巨幕VIP+全屋智能+花園景觀】:HK$188']"
全季酒店（潮州古城人民廣場店）,9.5,"['高級大床房:HK$409', '豪華大床房:HK$456', '高級雙床房:HK$484', '套房:HK$502']"
明熙樓客棧（潮州古城牌坊街店）,9.1,"['301｜飄絮大床房（深睡床墊+智能馬桶）:HK$366', '303｜望元榻榻米大床房（開元寺景觀+深睡床墊+智能馬桶）:HK$366', '302｜靜享雙床房（深睡床墊+智能馬桶）:HK$461', '202｜桑落大床房（深睡床墊+智能馬桶）:HK$461']"
桔子酒店（潮州古城人民廣場店）,9.3,"['大床房:HK$327', '雙床房:HK$346', '高級大床房:HK$355', '高級雙床房:HK$374']"
汕頭萬象城會展中心亞朵X酒店,9.5,"['高級大床房:HK$565', '高級雙床房:HK$637', '行政大床房:HK$655', '行政雙床房:HK$709', '幾木大床房:HK$727']"
梵花里美宿（潮州古城牌坊街店）,9.5,"['梵月·靜享大床房（小米智能+全棉床品+新風系統）:HK$317', '梵樂·韻享雙床房（小米智能+全棉床品+新風系統）:HK$342', '西格·雅緻大床房（小米智能+全棉床品+新風系統+乾濕分離）:HK$367', '琥珀·榻榻米大床房（小米智能+全棉床品+新風系統+乾濕分離+巨幕投影）:HK$394']"
財庫S酒店（潮州古城牌坊街店）,9.4,"['古城景觀大床房（記憶棉床墊+智能客控+空氣凈化）:HK$873', '古城景觀雙床房（功夫茶具+休閑沙發+空氣凈化）:HK$1,086', '陽台花園地標古城景大床房（私家花園泡池+功夫茶具）:HK$1,136', '一大一小古城景觀親子房（小童用品+空氣凈化）:HK$1,157']"
洲上·壹叁間民宿（潮州古城廣濟橋店）,9.7,"['靜謐觀影.複式閣樓房（大屏投影+LOFT設計+智能家居）:HK$684', '270°江景奢享大床房（夕陽全景+休閑空間+大屏投影）:HK$684', '180°江景浴缸大床房（夕陽景觀+解壓浴缸+大屏投影）:HK$684', '獨享大露台度假花園房（花園露台+度假躺椅+大屏投影）:HK$795']"
麗楓酒店（潮汕高鐵站揭陽潮汕國際機場店）,9.6,"['複式雙床房:HK$373', '純凈自然商務大床房:HK$390', '浪漫優享房:HK$407', '豪華套房:HK$535']"
程公館（潮州古城牌坊街店）,9.4,"['登瀛 · Ins風 · 複式大床房:HK$418', '小蓬萊 · Ins風 · 庭院大床房:HK$418', '摘星 · 民國復古風 · 精緻大床房:HK$464', '飛虹 · 民國復古風 · 主題大床房:HK$464']"
潮州古城城新西路亞朵X酒店,9.3,"['雅緻大床房:HK$412', '雅緻雙床房:HK$457', '高級大床房:HK$457', '高級雙床房:HK$529', '行政大床房:HK$529']"
桔子美居（潮州古城牌坊街店）,9.3,"['臻選大床房（護脊床墊+記憶枕+小冰箱+功夫茶具）:HK$376', '陽光鮮桔大床房（護脊床墊+記憶枕+小冰箱+功夫茶具）:HK$432', '陽光鮮桔雙床房（護脊床墊+記憶枕+助眠零壓+小冰箱）:HK$498', '尊榮雅居大床房（護脊床墊+記憶枕+小冰箱+功夫茶具）:HK$498', '尊榮雅居雙床房（護脊床墊+記憶枕+助眠零壓+小冰箱）:HK$543']"
潮州古城人民廣場亞朵酒店,9.4,"['雅緻大床房:HK$389', '高級大床房:HK$432', '高級雙床房:HK$432', '高級影音大床房:HK$474', '幾木雙床房:HK$517']"
外灘臻品公寓（騰瑞外灘灣店）,9.6,"['觀鳳凰洲江景2515房《雅韻閣》LOFT複式公寓-智能家居:HK$576', '觀鳳凰洲江景2516房《炫宇小屋》複式公寓-智能家居:HK$576', '觀鳳凰洲江景2413房《夢韓閣》LOFT複式公寓-智能家居:HK$576', '觀鳳凰洲江景《2913房》LOFT複式公寓:HK$576']"
康鉑酒店（潮州古城牌坊街店）,9.4,"['影音大床房:HK$365', '影音雙床房:HK$365', '高級大床房:HK$414', '高級雙床房:HK$414', '舒享Studio:HK$437']"
潮州愉羽酒店,9.5,"['悦享大床房（舒適睡眠+智能馬桶）:HK$351', '豪華大床房（舒適睡眠+智能馬桶）:HK$412', '豪華雙床房（舒適睡眠+智能馬桶）:HK$454', '童趣-親子雙床房（子母床+小童洗漱用品）:HK$506', '森趣-親子家庭房（智能馬桶+小童洗漱用品）:HK$608']"
希居（潮州古城廣濟橋江景店）,9.4,"['温馨·高級大床房（全屋智能+雲視聽會員+安靜舒適+助眠零壓床墊+全棉高織床品）:HK$318', '觀影·豪華大床房（側面江景+100寸影院投屏+全屋智能+助眠零壓床墊+全棉高織床品）:HK$365', '温馨·高級雙床房（全屋智能+雲視聽會員+助眠床墊）:HK$397', '江景·浴缸大床房（一線江景+眺望廣濟橋+全屋智能+雲視聽會員+助眠零壓床墊+全棉高織床品）:HK$419']"
萬斯吉國際酒店（潮汕高鐵站店）,9.2,"['標準大床房:HK$238', '商務大床房:HK$260', '豪華大床房:HK$291', '精緻雙床房:HK$324', '豪華影音大床房:HK$324']"
譽庭別院（汕頭萬象城龍眼南路美食街店）,9.7,"['譽house·辭音:HK$1,192', '譽house·輕徑:HK$1,192', '譽house·竹茗堂:HK$1,411', '譽house·聞鳧院:HK$1,411', '譽house·長澗舍:HK$1,411']"
合舍客棧（潮州古城牌坊街廣濟橋店）,9.1,"['陽台大床房:HK$218', '情侶大床浴缸房:HK$218', '標準大床房:HK$218', '影院浴缸大床房:HK$229']"
潮州古城Urba柏納國際公寓（人民廣場店）,9.3,"['臻選大床房（超清投影+安靜助眠+零壓深睡枕）:HK$227', '臻選雙床房（投屏電視+安靜助眠+零壓深睡枕）:HK$260', '精選大床房（高清投影＋零壓深睡枕）:HK$260', '臻選親子房（投屏電視+安靜助眠+零壓深睡枕）:HK$315']"
如南里·美墅（潮州古城牌坊街店）,9.4,"['特惠·豪華大床房:HK$318', '春澗·觀影大床房:HK$340', '秋嶼·雅緻觀影大床房:HK$411', '挽夏·標準雙床房:HK$467']"
