酒店名称,评分,房型价格列表
8號院民宿（大明湖泉城廣場店）,9.4,"['悦享大床房（超大床+悠漾浴缸）:HK$500', '舒享大床房（智能客控+香道體驗）:HK$500', '尊享大床房（藍牙音響+品牌衞浴）:HK$555', '優享雙床房（三區分離+舒適空間）:HK$555', '靜享院落大床房（私享庭院）:HK$664']"
沃德酒店（濟南泉城廣場大明湖店）,9.3,"['靜享大床房:HK$358', '雅緻大床房:HK$377', '靜享雙床房:HK$377', '雅緻雙床房:HK$415', '行政大床房（零壓床墊+小冰箱）:HK$538']"
棠梨褐酒店（濟南大明湖趵突泉店）,9.5,"['雅緻大床房（智能客控+靜享安睡時刻）:HK$391', '碧山大床房（智能客控+繁華都市景色）:HK$424', '沁馨大床房（智能客控+寬敞舒適空間）:HK$457', '碧山雙床房（智能客控+靜享安睡時刻）:HK$533', '沁馨雙床房（智能客控+靜享安睡時刻）:HK$588']"
濟南鳳鳴宋品酒店,9.5,"['雅士單卧大床庭院別墅:HK$1,554', '雅士單卧雙床庭院別墅:HK$1,554', '飲月單卧庭院別墅:HK$1,718', '枕山眠單卧庭院別墅:HK$1,736', '迦境單卧庭院別墅:HK$1,736', '寵遇單卧庭院別墅:HK$1,827']"
泉水人家民宿（濟南大明湖店）,9.3,"['流杯5號大床房:HK$524', '流杯2號院景大床房:HK$577', '爭渡2號院景大床房:HK$610', '爭渡1號院景大床房:HK$610', '爭渡3號院景大床房:HK$610']"
尚泉歷舍第一泉文化酒店（趵突泉店）,9.6,"['無窗大床房:HK$391', '舒適大床房:HK$435', '街景榻榻米大床房:HK$467', '街景大床房:HK$544', '露台大床房:HK$653', '枕水大床房:HK$653']"
如家商旅酒店（濟南遙牆國際機場店）,9.7,"['雙床房（智能投屏）:HK$260', '商務大床房（智能投屏）:HK$260', '高級大床房（智能投屏）:HK$278', '高級雙床房（智能投屏）:HK$278']"
沃德酒店（濟南泉城廣場寬厚裏店）,9.5,"['商務大床房:HK$411', '商務雙床房:HK$411', '雅緻大床房（智能馬桶+小冰箱）:HK$456', '雅緻雙床房（智能馬桶+小冰箱）:HK$482']"
濟南東站龍湖天街美居酒店,9.7,"['嘉賓大床房（智能客控+65寸超清智能電視+迷你小冰箱）:HK$432', '嘉賓雙床房（智能客控+65寸超清智能電視+迷你小冰箱）:HK$441', '豪華大床房（智能客控+65寸超清智能電視+迷你小冰箱）:HK$462', '豪華雙床房（智能客控+65寸超清智能電視+迷你小冰箱）:HK$482', '套房（65寸超清智能電視+迷你小冰箱+小會客廳）:HK$661']"
濟南中豪大酒店（泉城廣場大明湖店）,9.6,"['悦享豪華雙床房:HK$416', '悦享豪華大床房:HK$457', '臻享行政雙床房:HK$520', '臻享行政大床房:HK$520', '樂享智慧大床房[小度智能音箱+電動窗簾+金可兒床墊]:HK$572']"
和頤至尚酒店（濟南大明湖趵突泉店）,9.6,"['大床房（智能馬桶+保險箱+可投屏電視+化粧鏡）:HK$332', '商務大床房（智能馬桶+小冰箱+保險箱+可投屏電視）:HK$368', '雙床房（智能馬桶+小冰箱+保險箱+可投屏電視）:HK$368', '高級大床房（智能馬桶+小冰箱+保險箱+可投屏電視）:HK$404', '高級雙床房（智能馬桶+保險箱+可投屏電視）:HK$404']"
濟南玉泉森信大酒店（泉城廣場趵突泉店）,9.4,"['舒適標準房:HK$294', '舒適大床房:HK$294', '行政雙床房:HK$315', '豪華大床房:HK$326', '豪華雙床房:HK$337']"
沃德Smart酒店（濟南火車站大觀園店）,9.2,"['高級大床房:HK$195', '高級雙床房:HK$205', '靜享大床房:HK$205', '靜享雙床房:HK$216']"
濟南子曰·明湖酒店,9.7,"['子曰豪華大床房:HK$886', '子曰豪華雙床房:HK$988', '子曰LOFT精選大床房:HK$1,016', '子曰庭院大床房:HK$1,016', '安眠·舒睡行政大床房:HK$1,071']"
最憶賓舍酒店（濟南大明湖泉城廣場店）,9.1,"['品質特惠大床房:HK$266', '雅緻大床房:HK$297', '庭院大床房:HK$389', '復古歐式雙床房:HK$398']"
尚泉歷舍（濟南大明湖景區店）,9.5,"['舒適大床房:HK$621', '叢林鴨主題房:HK$653', '榻榻米大床房:HK$730', '景觀大床房:HK$763', '特色景觀大床房:HK$801']"
1027設計師酒店（濟南火車站店）,9.7,"['榻榻米影音大床房（智能客控|舒享靜眠）:HK$226', '影院大床房（巨幕影音|智能客控|舒享靜眠）:HK$238', '標準大床房（智能客控|舒享靜眠|零壓枕）:HK$264', '高級大床房（智能客控|舒享靜眠|零壓枕）:HK$277']"
濟南趵突泉漫心府,9.7,"['心怡標準大床房:HK$503', '心悦高級大床房:HK$542', '心夢尊享大床房:HK$573', '心享豪華大床房:HK$603', '心享豪華雙床房:HK$603']"
維納斯皇家酒店（濟南大明湖歷山路店）,9.2,"['特價大床房:HK$234', '高級大床房:HK$269', '豪華大床房:HK$287', '豪華雙床房:HK$312']"
錦綉酒店（濟南579百工集華能路店）,9.7,"['雅緻大床房（金可兒床墊+智能馬桶+投屏電視+羽絨床品）:HK$261', '商務大床房（零壓床墊+斯得福床品+品牌洗護+TOTO衞浴）:HK$294', '庭院大床房（獨享庭院+舒適空間+深度睡眠）:HK$327', '行政雙床房（超大房型+窗外好景+三區分離+靜謐好眠）:HK$359', '尊享大床房（超大房型+三區分離+舒適沙發+小冰箱）:HK$414']"
濟南大明湖東關大街亞朵X酒店,9.6,"['雅緻大床房（天景通風采光）:HK$346', '高級大床房（品牌床墊+投屏電視）:HK$376', '雅緻雙床房（天景通風采光）:HK$397', '行政大床房（品牌床墊+投屏電視+小冰箱）:HK$407', '高級雙床房（品牌床墊+投屏電視）:HK$448']"
濟南鐵道大酒店（濟南火車站店）,9.4,"['舒適雙床房:HK$240', '休閑雙床房:HK$273', '舒適大床房:HK$273', '親子家庭房:HK$298']"
濟南趵突泉原拓酒店,9.5,"['原粹大床房【小拓智能客控+空氣凈化器+除蟎儀】:HK$382', '原粹雙床房【小拓智能客控+空氣凈化器+除蟎儀】:HK$428', '原璽大床房【小拓智能客控+智能馬桶】:HK$428', '原拓大床房【小拓智能客控+智能馬桶】:HK$462', '原璽雙床房【小拓智能客控+智能馬桶】:HK$472']"
喬治莫蘭迪酒店（濟南西站國際會展中心店）,9.6,"['商務大床房（語音客控+智能馬桶+零壓床墊）:HK$376', '雅緻雙床房（語音客控+智能馬桶+雅緻卡座+零壓床墊）:HK$414', '雅緻大床房（語音客控+智能馬桶+雅緻卡座+零壓床墊）:HK$429', '豪華大床房（語音客控+智能馬桶+浴缸+零壓床墊）:HK$469', '豪華雙床房（語音客控+智能馬桶+冰箱+零壓床墊）:HK$469']"
尚泉歷舍泉文化精品酒店,9.6,"['榻榻米景觀大床房:HK$544', '園景大床房:HK$544', '豪華園景房:HK$598', '高級湖景大床房:HK$763', '高級湖景雙床房:HK$872']"
濟南璞秀酒店（濟南火車站齊魯小童醫院店）,9.8,"['舒適大床房（夢百合床品丨恆温花灑丨烘乾衣架）:HK$214', '舒適雙床房（床體可移動丨智能馬桶丨烘乾衣架）:HK$226', '璞秀•三人悦居（三口之家丨温馨樂享）:HK$257', '悦享大床房（懶人沙發丨智能馬桶丨恆温花灑）:HK$290', '璞秀•悦享雙床房（二孩時代丨輕奢雙大床）:HK$321']"
濟南大明湖花園路亞朵酒店,9.7,"['雅緻大床房（小冰箱+電視投屏）:HK$349', '雅緻雙床房（小冰箱+電視投屏+可拼床）:HK$349', '高級大床房（小冰箱+電視投屏）:HK$367', '高級雙床房（小冰箱+電視投屏+可拼床）:HK$367', '行政雙床房（小冰箱+電視投屏+可拼床）:HK$385']"
漢庭優佳酒店（濟南大明湖南門店）,9.6,"['大床房:HK$271', '高級大床房A:HK$290', '雙床房:HK$290', '高級大床房:HK$309']"
喬治莫蘭迪酒店（濟南解放路山東大學店）,9.4,"['高級雙床房（電視投屏+靜享舒適床品）:HK$308', '高級大床房（電視投屏+靜享舒適床品）:HK$318', '商務大床房（電視投屏+靜享舒適床品）:HK$368', '商務雙床房（電視投屏+靜享舒適床品）:HK$368', '雅緻大床房（電視投屏+綿軟浴袍+靜享舒適床品）:HK$428']"
啟禾奢居酒店（濟南黃台環球家居店）,9.8,"['清風丨舒適雙床房（65寸海爾電視+宜家家居+進口卡路福床墊+智能馬桶）:HK$408', '隨遇丨酣睡大床房（65寸海爾電視+進口卡路福床墊+智能馬桶）:HK$443', '清幽丨高級大床房（75寸海爾電視+智能客控+進口卡路福床墊+智能馬桶）:HK$496', '靈境丨輕奢大床房（75寸海爾電視+智能客控+進口卡路福床墊+智能馬桶）:HK$531']"
良友富臨大酒店（濟南泉城廣場大明湖店）,9.3,"['標準雙床房:HK$347', '標準大床房:HK$358', '泉景雙床房:HK$391', '泉景大床房:HK$415', '泉韻雙床房:HK$522']"
花築·濟南老洋行酒店,9.4,"['標準大床房+小冰箱+COCO-MAT品牌床墊+高清電視+智能衞浴:HK$396', '格調大床房B型+小冰箱+COCO-MAT品牌床墊+高清電視+智能衞浴:HK$445', '格調大床房A型+小冰箱+COCO-MAT品牌床墊+高清電視+智能衞浴:HK$489', '奢享套房+小冰箱+COCO-MAT品牌床墊+高清電視+智能衞浴:HK$712', '尊享家庭房+小冰箱+COCO-MAT品牌床墊+高清電視+智能衞浴:HK$768']"
喬治莫蘭迪酒店（濟南大明湖火車站店）,9.3,"['商務大床房（電視投屏+零壓床墊）:HK$338', '商務雙床房（電視投屏+零壓床墊）:HK$403', '雅緻大床房（繁華都市景色+靜享安睡時刻）:HK$423', '行政雙床房（繁華都市景色+小冰箱+零壓枕）:HK$434', '尊享大床房（小冰箱+康乃馨羽絨枕）:HK$451']"
濟南火車站希爾頓歡朋酒店,9.6,"['舒適大床房:HK$441', '舒適雙床房:HK$441', '高級大床房:HK$470', '高級雙床房:HK$470', '豪華大床房:HK$518']"
濟南大明湖北園大街亞朵酒店,9.7,"['雅緻大床房（小冰箱+投屏電視）:HK$323', '高級大床房（小冰箱+投屏電視）:HK$349', '高級雙床房（小冰箱+投屏電視+雙拼床）:HK$367', '幾木雙床房（小冰箱+投屏電視+雙拼床+深睡PRO枕）:HK$385', '行政大床房（小冰箱+投屏電視）:HK$385']"
美高智選酒店（濟南萬象城店）,9.0,"['智選商務大床房:HK$184', '智選主題大床房:HK$198', '智選豪華大床房:HK$212', '智選豪華標準間:HK$212']"
濟南泉城廣場寬厚里亞朵酒店,9.7,"['雅緻大床房（小冰箱+投屏電視+智能馬桶）:HK$439', '高級大床房（小冰箱+投屏電視+智能馬桶）:HK$502', '高級雙床房（小冰箱+投屏電視+智能馬桶）:HK$502', '行政大床房（小冰箱+投屏電視+智能馬桶）:HK$565', '幾木大床房（深睡PRO枕+小冰箱+投屏電視+智能馬桶）:HK$655']"
遠揚諾爾智慧酒店（濟南火車站店）,9.6,"['玲瓏大床房（全屋智能小愛同學客控）:HK$286', '雅緻雙床房（全屋智能小愛同學客控）:HK$302', '雅緻大床房（全屋智能小愛同學客控）:HK$327', '精品雙床房（全屋智能小愛同學客控）:HK$339']"
喬治莫蘭迪酒店（濟南唐冶盛唐薈店）,9.6,"['高級大床房（智能客控+電視投屏+深睡羽絨床品）:HK$359', '時尚大床房（智能客控+電視投屏+深睡羽絨床品）:HK$381', '商務大床房（智能客控+電視投屏+智能馬桶）:HK$403', '精緻雙床房（智能客控+電視投屏+深睡羽絨床品）:HK$414', '尊享大床房（電視投屏+小冰箱+浴缸+獨立會客廳）:HK$458']"
舜廬・水上人家丨東方美學湖畔園林酒店,9.5,"['東方韻·別苑大床房（金可兒豪華天然乳膠床墊丨斯得福超豪華床品））:HK$325', '東方韻·別苑雙床房（金可兒豪華天然乳膠床墊丨斯得福超豪華床品）:HK$325', '別院裏·庭院雙床房（私享庭院空間）:HK$369', '湖畔裏·湖景大床房（舜廬精選茶具.氧吧空間觀美景）:HK$423', '湖畔裏·親子家庭房（童趣主題.觀日夜湖美景）:HK$424']"
濟南山東大學中心校區輕居酒店,9.9,"['標準大床房（65寸電視投屏+智能客控+深睡床品+冰箱）:HK$296', '標準雙床房（65寸電視投屏+智能客控+深睡床品+冰箱）:HK$305', '精選大床房（65寸電視投屏+智能客控+深睡床品+冰箱）:HK$314', '精選家庭房（65寸電視投屏+智能客控+深睡床品+冰箱）:HK$323']"
全季酒店（濟南趵突泉店）,9.6,"['高級大床房:HK$350', '商務大床房:HK$378', '雙床房:HK$387', '舒壓-高級大床房:HK$416']"
濟南璞秀酒店（省體育中心店）,9.7,"['舒適雙床房:HK$284', '舒適大床房:HK$305', '悦享雙床房（書香文化+智能馬桶+貴妃榻）:HK$328', '悦享大床房（書香文化+智能馬桶+貴妃榻）:HK$349']"
寬簡酒店（濟南西站山東國際會展中心店）,9.6,"['智能｜舒眠大床房（全屋智能-舒達床墊-全系配小冰箱）:HK$369', '智能｜舒眠雙床房（全屋智能-舒達床墊-全系配小冰箱）:HK$381', '謐境｜煥活大床房（全房型標配舒達床墊-電動窗簾）:HK$399', '簡雅｜商務雙床房（乾濕分離-舒達床墊-電動馬桶）:HK$399', '童趣｜親子主題房（小童洗漱包-小童繪本-小童帳篷）:HK$428']"
濟南吉華大廈（泉城廣場趵突泉店）,9.6,"['輕奢宿心雙床房（烘乾衣架）:HK$413', '輕奢宿心大床房（烘乾衣架）:HK$413', '臻享影院大床房（100寸投影）:HK$499', '悦享景觀大床房（空氣凈化器+智能馬桶）:HK$499', '泉城印象雙床房:HK$521']"
花築·濟南閑距藍舍民宿（黑虎泉大明湖店）,9.1,"['道海棠:HK$277', '隱蒼鈿:HK$301', '蘭舟舫大床房+零圧床墊+獨立小院:HK$326', '興回舟大床房+巨幕投影+獨立小院:HK$350']"
如家商旅酒店（濟南大明湖店）,9.1,"['大床房:HK$281', '商務大床房A:HK$298', '商務大床房:HK$316', '安睡大床房:HK$341']"
濟南大明湖悦苑酒店,9.4,"['湖悦大床房:HK$533', '湖悦雙床房:HK$533', '泉悦大床房:HK$642', '泉悦雙床房:HK$642', 'B.Duck小黃鴨小黃鴨湖悦親子房:HK$730']"
山東東方大廈（濟南火車站趵突泉店）,9.6,"['城景雙床房『乾濕分區+喜臨門床墊』:HK$421', '城景大床房『高速WIFI+無菌浴巾』:HK$421', '270度城景雙床房『智能馬桶+環形景觀』:HK$479', '270度城景大床房『長條沙發+環形景觀』:HK$479', '親子家庭兩床套房『小童牙刷+小童拖鞋』:HK$590']"
萬信至格酒店（濟南CBD萬象城店）,9.5,"['舒適大床房（全屋智能+裸棉親膚床品）:HK$271', '舒適雙床房（全屋智能+裸棉親膚床品）:HK$290', '萬信榻榻米（全屋智能+裸棉親膚床品）:HK$308', '高級大床房（全屋智能+裸棉親膚床品）:HK$319']"
