酒店名称,评分,房型价格列表
喬治莫蘭迪酒店（濰坊泰華城萬達廣場店）,9.6,['商務雙床房:HK$353']
建國璞隱酒店（青州古城景區店）,9.5,"['詠蘭居大床房:HK$346', '暗香居大床房:HK$390', '凌霜居雙床房:HK$390', '暗香居景觀大床房:HK$417', '清蓮居家庭房:HK$497']"
安丘新東方大酒店,9.8,"['優悦大床房:HK$207', '優悦雙床房:HK$207', '輕奢雙床房（全棉床品+私享靜謐+乾濕分離）:HK$212', '輕奢大床房（全棉床品+私享靜謐+乾濕分離）:HK$236', '安心舒眠雙床房（低敏床品+乳膠枕+乾濕分離）:HK$327']"
濰坊世博國際酒店（濰坊北海路銀座店）,9.5,"['悦享特惠雙床房 | 乾濕分離+電動窗簾:HK$214', '悦享特惠大床房 |乾濕分離+電動窗簾:HK$215', '經濟大床房 |乾濕分離+電動窗簾:HK$296', '經濟雙床房 |乾濕分離+電動窗簾:HK$296', '豪華大床房 |小冰箱+電動窗簾+乾濕分離:HK$353']"
濰坊中心逸扉酒店,9.7,"['高級大床房（私享Coffee機+智能客控+智能語音）:HK$380', '高級雙床房（私享Coffee機+智能客控+智能語音）:HK$380', '豪華雙床房（私享Coffee機+智能客控+智能語音）:HK$429', '豪華大床房（私享Coffee機+智能客控+智能語音）:HK$459', '親子大床房（私享Coffee機+智能客控+智能語音）:HK$473']"
濰坊圖越藝術酒店（陽光100萬達廣場店）,9.8,"['榻榻米房|智能馬桶+小冰箱:HK$261', '美居商務大床房|智能馬桶+小冰箱+辦公書桌:HK$295', '精緻雙床房|智能馬桶+小冰箱+辦公吧桌:HK$295', '美居休閑大床房|智能馬桶+小冰箱:HK$295', '精緻大床房|智能馬桶+休閑沙發+舒適辦公:HK$316']"
濰坊濰城希爾頓歡朋酒店,9.6,"['簡約舒適大床房:HK$373', '舒適大床房:HK$412', '舒適雙床房:HK$441', '高級大床房:HK$450', '高級雙床房:HK$508']"
濰坊漢斯威士酒店（吾悦廣場店）,9.5,"['鳶朵雙床房I富氫水+超大落地窗+徠芬吹風機:HK$327', '鳶朵大床房I富氫水+超大落地窗+徠芬吹風機:HK$338', '影音大床房I哈曼卡頓音響+超大落地窗+l徠芬吹風機:HK$349', '尊享大床房|語音智控+徠芬吹風機+智能馬桶:HK$386', '雲棲大床房 I 浴缸+私享Coffee機+語音智能:HK$440']"
濰坊正和酒店（歌爾光電園店）,9.5,"['安奢大床房（全屋語音智能客控+小冰箱）:HK$330', '靜奢安眠大床房（全屋語音智能客控+小冰箱）:HK$381', '靜奢安眠雙床房（全屋語音智能客控+小冰箱）:HK$381', '尊奢大床房（全屋智能客控+小冰箱）:HK$435', '豪奢商務套房（全屋語音智能客控+戴森吹風機）:HK$779']"
諸城藍海大飯店,9.7,"['雅緻大床房（全景邊角）:HK$338', '雅緻雙床房（智能客控+金可兒床墊）:HK$338', '商務雙床房（智能客控+金可兒床墊）:HK$406', '荷里活大床房（智能客控+金可兒床墊）:HK$432', '豪華大床房（智能客控+金可兒床墊）:HK$471']"
濰坊富力鉑爾曼酒店,9.5,[]
濰坊富華大酒店（A座）,9.7,"['精選大床房:HK$601', '精選標準房:HK$601', '豪華大床房:HK$655', '豪華標準房:HK$655', '城景特大床房:HK$673', '雅韻瑜伽房:HK$699']"
濰坊圖越S縵雲酒店（火車站泰華城店）,9.8,"['雲影大床房|智能馬桶+智能窗簾+高清投影+小冰箱:HK$329', '縵雲大床房|智能馬桶+電視投屏+舒適辦公區+休閑茶桌:HK$339', '雲旅雙床房|舒適辦公區+智能窗簾+智能馬桶+休閑茶台:HK$349', '雲尚大床房|智能馬桶+智能窗簾＋小冰箱+電視投屏:HK$371', '雲奢大床房|休閑浴缸+智能馬桶+智能窗簾+電視投屏冰箱:HK$392']"
濰坊青年路泰華城亞朵酒店,9.7,"['雅緻大床房（智能客控+智能馬桶+小冰箱+電視投屏）:HK$305', '雅緻雙床房（小度智能客控+智能馬桶+電視投屏+小冰箱）:HK$314', '高級大床房（智能客控+智能馬桶+電視投屏+小冰箱）:HK$340', '高級雙床房（智能客控+智能馬桶+電視投屏+小冰箱）:HK$340', '行政家庭雙床房（智能客控+電視投屏+小冰箱）:HK$357']"
濰坊鳶飛大酒店,9.4,"['樂享大床房:HK$210', '樂享雙床房:HK$210', 'A座零壓逸緻大床房:HK$290', 'A座逸緻雙床房:HK$312', 'A座雅緻大床房:HK$369']"
濰坊中心智選假日酒店（濰坊站泰華城店）,9.5,"['高級大床房:HK$288', '高級雙床房:HK$288', '荷里活親子房-森林旅遊+海洋探索:HK$367', '荷里活親子房-粉粉免:HK$384', '豪華大床房:HK$390']"
濰坊澳思汀酒店,9.4,"['標準大床房（乾濕分離+手機投屏）:HK$306', '標準雙床房（落地窗+乾濕分離）:HK$372', '商務大床房（乾濕分離+手機投屏）:HK$387', '親子大床房:HK$425', '休閑大床房（浴缸+落地窗）:HK$455']"
喬治莫蘭迪酒店（濰坊寒亭高鐵北站店）,9.6,"['温馨大床房:HK$242', '商務大床房:HK$251', '商務雙床房:HK$251', '精緻大床房:HK$272', '行政雙床房:HK$279']"
濰坊圖越S縵庭酒店（益家園店）,9.8,"['縵庭高級雙床房|舒適辦公區+65寸4K電視+小冰箱:HK$381', '嫻庭精緻大床房|小冰箱+智能馬桶+65寸4K電視:HK$392', '縵庭豪華雙床房|語音智控+65寸4K電視+小冰箱:HK$414', '縵庭高級大床房|超寬沙發+65寸4K電視+小冰箱:HK$425', '悠庭假日大床房|休閑客廳+浴缸+語音智控+小冰箱:HK$458']"
濰坊東方大酒店（濰坊學院谷德廣場店）,9.7,"['A座標準雙床房:HK$279', '舒適標準間:HK$360', '舒適大床房｜金可兒床墊+自然堂洗護:HK$360', '商務標準間｜康夫吹風機+自然堂洗護:HK$424', '商務大床間｜金可兒床墊+康夫吹風機:HK$424']"
安丘希爾頓歡朋酒店,9.6,"['舒適雙床房:HK$337', '高級雙床房:HK$347', '舒適大床房:HK$347', '高級大床房:HK$403', '豪華雙床房:HK$432']"
濰坊國際金融大酒店（風箏廣場世紀泰華店）,9.0,"['城市景·雅緻雙床房:HK$193', '凌空景·零壓大床房｜浴缸:HK$193', '江河景·優享雙床房:HK$283', '凌空雙城景大床房:HK$308', '白浪河景觀大床房:HK$335']"
濰坊金茂國際大酒店,9.6,"['豪華大床房:HK$301', '豪華雙床房:HK$301', '陽光雙床房:HK$393', '0壓大床房（夢百合0壓床墊+0壓記憶枕）:HK$435', '0壓雙床房（夢百合0壓床墊+0壓記憶枕）:HK$435', '陽光大床房:HK$450']"
華爾遜酒店（濰坊印象滙新華路店）,9.6,"['榻榻米房（智能客控+超大落地窗+寬沙發）:HK$245', '舒適大床房（智能客控+休閑雅座+體重秤）:HK$245', '尊享大床房（智能客控+休閑沙發+空氣凈化機）:HK$283', '尊享雙床房（智能客控+休閑茶台+空氣凈化機）:HK$300', '智享大床房（智能客控+小冰箱+空氣凈化機）:HK$322']"
濰坊恆信拉昆塔温德姆酒店,9.6,"['樂享大床房:HK$390', '樂享雙床房:HK$395', '尊享豪華大床房:HK$519', '尊享豪華雙床房:HK$519', '臻享行政雙床房:HK$706', '臻享行政大床房:HK$706']"
全季酒店（濰坊泰華城店）,9.8,"['大床房:HK$318', '高級雙床房:HK$337', '高級大床房:HK$346', '舒壓-高級大床房:HK$374']"
濰坊晶舍四合院（濰坊火車站世紀泰華廣場店）,9.7,"['愈見·舒適大床房（智能小愛+乳膠床墊+高端床品）:HK$259', '綉喜·豪華甜酣大床房（智能小愛+乳膠床墊+高端床品）:HK$337', '璞宿·豪華雙床房（智能小愛+乳膠床墊+高清投屏）:HK$338', '院景·舒適大炕房（院景落地大窗+乳膠床墊+智能小愛）:HK$346']"
濰坊亞詩貝酒店,9.7,"['泛亞舒適大床（絲漣床墊+乳膠枕+小冰箱）:HK$292', '泛亞舒適雙床房（絲漣床墊+乳膠枕+乾濕分離）:HK$313', '樂享大床房（MINI家庭特大床+絲漣床墊）:HK$362', '智慧大床房（無線充電三合一+絲漣床墊+舒適記憶枕）:HK$368', '智慧雙床房（絲漣床墊+乳膠枕+乾濕分離）:HK$371']"
青州希爾頓歡朋酒店,9.6,"['舒適大床房:HK$373', '舒適雙床房:HK$373', '高級大床房:HK$412', '高級雙床房:HK$412', '豪華大床房:HK$450']"
桔子酒店（濰坊泰華城店）,9.7,"['月若流金大床房（小度智控+小冰箱+甜橙精油洗護沐）:HK$302', '月若流金雙床房:HK$321', '月若流金高級大床房（小度智控+小冰箱+甜橙精油洗護沐）:HK$330', '樂活精選大床房（小度智控+小冰箱+甜橙精油洗護沐）:HK$350']"
維也納酒店（濰坊泰華城店）,9.5,"['標準大床房:HK$234', '標準雙床房:HK$251', '豪華大床房:HK$269', '豪華雙床房:HK$278']"
濰坊金馬路亞朵酒店（市政府店）,9.6,"['雅緻雙床房（安心杯）:HK$314', '雅緻大床房（安心杯）:HK$314', '高級大床房（安心杯）:HK$367', '高級雙床房（安心杯）:HK$367', '行政雙床房（小冰箱+浴袍）:HK$394']"
壽光國際會展中心亞朵酒店,9.8,"['雅緻大床房（可投屏電視+小冰箱+近電梯）:HK$278', '雅緻雙床房（可投屏電視+小冰箱）:HK$278', '高級大床房（可投屏電視+小冰箱）:HK$305', '幾木大床房（深睡枕+城景+小冰箱+可投屏電視+浴袍+體重秤）:HK$332', '高級雙床房（可投屏電視+小冰箱）:HK$332']"
華建大酒店,9.5,"['豪華標間（智能馬桶+Simmons床墊+恆温淋浴）:HK$388', '豪華大床（智能馬桶+Simmons床墊+恆温淋浴）:HK$407', '豪華親子房（智能馬桶+Simmons床墊+恆温淋浴）:HK$435', '豪華行政標間（智能馬桶+Simmons床墊+恆温淋浴）:HK$463', '豪華行政大床（智能馬桶+Simmons床墊+恆温淋浴）:HK$481', '行政套房（智能馬桶+Simmons床墊+恆温淋浴）:HK$1,011']"
濰坊富華大酒店（B座）,9.7,"['精選大床房:HK$261', '精選標準房:HK$261', '豪華大床房:HK$338', '商務大床房:HK$402', '童趣 小童房:HK$402']"
漫度酒店（濰坊學院人民廣場店）,9.8,"['特惠大床房（全屋智能）:HK$228', '漫度靜享雙床房（舒適辦公區+手機投屏+無窗）:HK$241', '漫度商務大床房（多功能辦公桌+全屋智能）:HK$253', '漫度商務雙床房（投屏+全屋智能）:HK$271']"
青州古城漫心酒店,9.8,"['心怡標準大床房:HK$369', '心悦高級大床房:HK$397', '心悦高級雙床房:HK$397', '心享豪華大床房:HK$464', '心享豪華家庭房:HK$482']"
漫度精棧酒店（泰華城濰坊站店）,9.6,"['漫度大床房（手機投屏+純棉貢緞）:HK$205', '輕奢大床房（手機投屏+純棉貢緞）:HK$227', '高級巨幕影院房-（海量視頻專享+純棉貢緞）:HK$240', '商務雙床房（冰箱+手機投屏+純棉貢緞）:HK$281']"
文度hotel（濰坊火車站店）,9.5,"['文華經典大床房:HK$164', '文華品質大床房:HK$187', '歡渡尊享雙床房:HK$207', '文華尊享大床房:HK$229']"
濰坊高新區管委會健康東街亞朵酒店,9.4,"['雅緻大床房（智能客控+空調製冷+手機投屏+小冰箱）:HK$332', '高級大床房（智能客控+空調製冷+手機投屏+小冰箱）:HK$359', '高級雙床間（智能客控+空調製冷+手機投屏+小冰箱）:HK$359', '行政大床房（智能客控+空調製冷+手機投屏+小冰箱）:HK$385', '行政雙床房（智能客控+空調製冷+手機投屏+小冰箱）:HK$385']"
全季酒店（濰坊高新谷德茂店）,9.8,"['高級雙床房（小冰箱+65寸智能投屏電視+智能馬桶）:HK$302', '大床房（小冰箱＋65寸智能投屏電視＋智能馬桶）:HK$302', '高級大床房（小冰箱+65寸智能投屏電視+智能馬桶）:HK$321', '商務雙床房（小冰箱+65寸智能投屏電視+智能馬桶）:HK$350']"
濰坊弘潤温泉度假酒店,9.2,"['高級大床房:HK$425', '高級雙床房:HK$425', '豪華大床房:HK$545', '豪華雙床房:HK$545', '温泉大床房（私人温泉泡池）:HK$731', '小黃鴨親子房:HK$796']"
如家商旅酒店（濰坊東風東街泰華城店）,9.7,"['商務大床房A:HK$220', '大床房（泰華城夜景）:HK$230', '雙床房:HK$238', '商務大床房（泰華城夜景）:HK$248']"
濰坊水晶假日主題酒店（濰坊火車站泰華城店）,9.5,"['輕享榻榻米房:HK$203', '精緻大床房（智能馬桶+高端床品）:HK$233', '精緻雙床房（酒店自助洗衣房）:HK$233', '輕享大床房（智能馬桶+高端床品）:HK$233']"
安丘青雲國際大酒店,9.4,"['標準景觀雙床房:HK$207', '標準景觀大床房:HK$247', '商務景觀大床房:HK$268', '商務景觀雙床房:HK$294', '標準湖景雙床房:HK$305']"
濰坊掬水台酒店（谷德茂購物中心益家園店）,9.4,"['特惠大床房I乾濕分離+室內直飲水+有窗+可投屏:HK$206', '特惠標準間I乾濕分離+有窗+室內直飲水+可投屏:HK$206', '商務標準間I室內凈化水+沐浴軟化水+可投屏:HK$304', '商務大床房I乾濕分離+沐浴軟化水+迷你飲水機+可投屏:HK$304']"
濰坊北海1號麗呈酒店,9.6,"['舒適大床房:HK$268', '雅緻雙床房「 中央空調 +落地窗」:HK$268', '雅緻大床房「 中央空調 +落地窗」:HK$268', '特色榻榻米房「 智能客控+中央空調 +落地窗」:HK$277']"
如家精選酒店（濰坊火車站銀泉廣場店）,9.6,"['雙床房（智能客控+落地飄窗+零壓床墊）:HK$201', '商務大床房（智能客控+落地飄窗+零壓床墊）:HK$211', '高級大床房（智能客控+落地飄窗+零壓床墊）:HK$235', '高級雙床房（智能客控+落地飄窗+零壓床墊）:HK$244']"
濰坊藍谷酒店（濰柴動力園店）,9.5,"['精品雙床房（乾濕分離+動靜分離+小冰箱）:HK$306', '靜享雙床房（乾濕分離+動靜分離+小冰箱）:HK$326', '精品大床房（乾濕分離+動靜分離+小冰箱）:HK$328', '尊享大床房（乾濕分離+動靜分離+小冰箱+手機投屏）:HK$350', '尊享雙床房（乾濕分離+動靜分離+小冰箱+手機投屏）:HK$350']"
利客來大酒店,9.6,"['舒適雙床房:HK$247', '舒適大床房:HK$247', '雅緻大床房:HK$268', '雅緻雙床房:HK$285', '豪華大床房（智能馬桶+浴缸）:HK$379']"
宜悅尚合酒店（濰坊學院人民廣場店）,9.6,"['特惠雙床房（有窗+乾濕分離）:HK$231', '特惠大床房（有窗+乾濕分離）:HK$231', '宜品大床房（新風系統+舒適雙枕）:HK$313', '宜品雙床房（慕思床墊+新風系統）:HK$333']"
濰坊華美達廣場酒店,8.9,"['高級雙床房:HK$248', '商務大床房:HK$268', '商務雙床房:HK$268', '高級大床房:HK$276', '貴賓雙床房:HK$326']"
