酒店名称,评分,房型价格列表
無錫諾富特酒店,9.7,"['高級雙床房:HK$441', '高級大床房:HK$472', '豪華雙床房:HK$472', '豪華大床房:HK$512', '嘉賓高級大床房:HK$515']"
無錫南長街古運河麗芮酒店,9.5,"['芮享舒適大床房:HK$446', '芮享高級大床房:HK$501', '芮享高級雙床房:HK$533', '芮享豪華大床房:HK$555', '芮享豪華雙床房:HK$588']"
無錫機場佰翔花園酒店,9.7,"['高級雙床房:HK$446', '高級大床房:HK$446', '佰翔大床房:HK$459', '豪華雙床房:HK$506', '豪華大床房:HK$506', '機享貴賓大床房:HK$729']"
美麗豪酒店（無錫錫山區政府天一中學店）,9.7,"['高級城景大床房（全景落地窗+電視投屏+小冰箱）:HK$352', '高級城景雙床房（全景落地窗+電視投屏+小冰箱）:HK$352', '行政城景大床房（全景落地窗+電視投屏+小冰箱）:HK$383', '行政城景雙床房（全景落地窗+電視投屏+小冰箱）:HK$383', '豪華城景大床房（全景落地窗+電視投屏+小冰箱）:HK$425']"
無錫羅卡斯酒店（南長街店）,9.5,"['新尚·主題房:HK$426', '目翠·主題半套房:HK$426', '服務式·商務單間:HK$459', '溺愛·主題套房:HK$568', '璨放·主題房:HK$568', '羅卡斯行政套房:HK$579']"
無錫三陽廣場亞朵酒店,9.6,"['高級大床房:HK$439', '高級雙床房:HK$439', '行政大床房:HK$484', '幾木大床房:HK$528', '幾木雙床房:HK$528']"
無錫新區太湖大道亞朵X酒店,9.6,"['高級雙床房:HK$349', '高級大床房:HK$367', '行政大床房:HK$394', '幾木雙床房:HK$403', '幾木大床房:HK$421']"
無錫南長街亞朵S酒店,9.6,"['高級大床房:HK$510', '行政大床房:HK$560', '幾木大床房:HK$621', '幾木養生大床房:HK$681', '高級雙床房:HK$792']"
無錫南長街三陽廣場地鐵站輕居酒店,9.6,"['舒適大床房（亞朵裸眠床品-65寸投屏電視）:HK$331', '精選大床房（小冰箱-投屏電視-JOLOVES洗護用品）:HK$358', '標準雙床房（亞朵裸眠床品-65寸投屏電視）:HK$358', '高級大床房（深睡枕Pro-小冰箱-LELABO洗護用品）:HK$403']"
無錫君來湖濱飯店,9.5,"['A樓標準雙床房:HK$437', 'A樓標準大床房:HK$546', 'A樓標準湖景雙床房:HK$546', 'A樓標準湖景大床房:HK$655', 'B樓高級雙床特價房:HK$655', 'B樓高級大床特價房:HK$655']"
全季酒店（三陽廣場南長街店）,9.5,"['大床房【電視投屏+智能客控】:HK$371', '高級大床房A【電視投屏+智能客控】:HK$381', '高級雙床房【電視投屏+智能客控】:HK$391', '高級大床房【電視投屏+智能客控】:HK$402']"
無錫海岸城亞朵酒店,9.6,"['高級大床房:HK$457', '高級雙床房:HK$457', '行政大床房:HK$484', '幾木大床房:HK$537', '幾木雙床房:HK$537']"
無錫詩曼汀公寓（三陽廣場店）,9.3,"['精緻城景大床房（鵝絨被+冰箱）:HK$374', '高層影院大床房:HK$380', '精緻夜景公寓式大床房:HK$394', '高層夜景大床房:HK$441']"
宜尚PLUS酒店（無錫長江北路太湖花園地鐵站店）,9.4,"['標準大床房（寬敞明亮+個性沙發）:HK$318', '標準雙床房（寬敞明亮+舒適辦公+小冰箱）:HK$328', '商務大床房:HK$339', '高級大床房（獨立起居空間+舒適浴缸+小冰箱）:HK$383', '豪華大床房（北歐風格客房+無間隔起居空間+觀景浴缸）:HK$425']"
無錫融創江南大學亞朵酒店,9.7,"['高級大床房（電視投屏+科勒全智能馬桶+智能客控）:HK$457', '高級雙床房（電視投屏+科勒全智能馬桶+智能客控）:HK$457', '行政大床房（浴袍+電視投屏+科勒全智能馬桶）:HK$493', '幾木雙床房（小冰箱+電視投屏+科勒全智能馬桶）:HK$537', '幾木大床房（小冰箱+電視投屏+科勒全智能馬桶）:HK$537']"
桔子酒店（無錫三陽廣場店）,9.7,"['大床房【65寸電視投屏+智能客控】:HK$315', '商務大床房【65寸電視投屏+智能客控】:HK$331', '高級大床房【65寸電視投屏+智能客控】:HK$341', '高級雙床房【65寸電視投屏+智能客控】:HK$341', '月若流金精選雙床房【65寸電視投屏+智能客控】:HK$361']"
無錫太湖飯店,9.7,"['西樓大床房:HK$546', '西樓雙床房:HK$546', '高級大床房:HK$764', '高級雙床房:HK$764', '標準雙床房:HK$852', '高級園景大床房:HK$852']"
SY·宿也高空觀景設計師度假美宿（無錫濱湖萬象滙太湖西大道店）,9.6,"['寶藏·幸運觀景房【全新貢緞床品+影視會員】:HK$338', '含月·高空觀景大床房【雙人浴缸+巨幕影院+戴森吹風機】:HK$348', '極簡·高空湖景包豪斯一室一廳套房【雲端觀景+私享影院+戴森吹風機】:HK$403', '清風·180度無敵高空觀景一室一廳套房【雲端觀景+巨幕觀影+戴森吹風】:HK$414']"
無錫黿頭渚風景區貢湖大道亞朵酒店,9.6,"['高級雙床房（深睡床品+智能客控+小冰箱）:HK$403', '高級大床房（深睡床品+智能客控+小冰箱）:HK$421', '行政大床房（深睡床品+智能客控+小冰箱）:HK$448', '行政雙床房（深睡床品+智能客控+小冰箱）:HK$457', '尊享雙床房（深睡床品+智能客控+小冰箱）:HK$547']"
雅麗豪酒店（樑溪萬達火車站店）,9.2,"['商務大床房（全景落地窗）:HK$310', '精緻雙床房（全景落地窗）:HK$331', '高級大床房（全景落地窗）:HK$353', '高級雙床房（全景落地窗）:HK$354', '豪華大床房（全景落地窗）:HK$396']"
漫湖雲帆·公寓（太湖店）,9.7,"['高級大床房:HK$326', '高級雙床房:HK$370', '雲帆·城景套房:HK$402', '雲帆·270°景觀套房:HK$435']"
無錫新區長江北路亞朵酒店,9.8,"['高級雙床房:HK$349', '高級大床房:HK$358', '行政雙床房:HK$421', '行政大床房:HK$439', '幾木大床房:HK$457']"
無錫太科園震澤路亞朵酒店,9.6,"['高級大床房（小冰箱+智能客控）:HK$385', '高級雙床房（小冰箱+智能客控）:HK$385', '行政大床房（小冰箱+智能客控）:HK$412', '行政雙床房（小冰箱+智能客控）:HK$412', '尊享大床房（小冰箱+智能客控）:HK$439']"
無錫東站映月湖公園地鐵站亞朵酒店,9.7,"['高級雙床房:HK$367', '高級大床房:HK$385', '行政大床房:HK$412', '幾木雙床房:HK$421', '幾木大床房:HK$439']"
藝龍安悦酒店（無錫胡埭工業園花都店）,9.7,"['精選雙床房【智能客控+小冰箱+零壓床墊】:HK$258', '精選大床房【智能客控+小冰箱+零壓床墊】:HK$268', '影音大床房【智能客控+小冰箱+零壓床墊】:HK$280', '商務雙床間【智能客控+小冰箱+零壓床墊】:HK$290', '商務大床房【智能客控+小冰箱+零壓床墊】:HK$301']"
無錫拈花灣馬山太湖裡睦鄰中心亞朵酒店,9.6,"['高級大床房:HK$367', '高級雙床房:HK$385', '行政大床房:HK$385', '行政雙床房:HK$403', '尊享大床房:HK$421']"
無錫東亭希爾頓歡朋酒店,9.7,"['舒適大床房:HK$436', '舒適雙床房:HK$456', '高級大床房:HK$478', '高級雙床房:HK$500', '豪華大床房:HK$533']"
無錫惠山高鐵站亞朵酒店,9.6,"['高級大床房:HK$331', '高級雙床房:HK$331', '行政大床房:HK$367', '尊享大床房:HK$412', '尊享雙床房:HK$421']"
無錫凱萊大飯店（塘鐵橋地鐵站IN有街市店）,9.4,"['高級雙床房:HK$436', '高級大床房:HK$436', '標準雙床房:HK$436', '商務大床房:HK$489', '親子大床房:HK$522']"
凱泊酒店（無錫南長街南禪寺地鐵站店）,9.2,"['簡約大床:HK$213', '簡約標間:HK$229', '寓·大床房:HK$262', '寓·標間:HK$270']"
雲韻·星閣Hotel（無錫三陽廣場火車站店）,9.4,"['高空豪華大床房『城景•亞朵款深眠床墊•影視VIP』:HK$284', '天際景觀大床房『城景•深睡零壓床墊•電視投屏』:HK$306', '巨幕高空影音房『夜景•激光投影•獨立洗烘•影視vip』:HK$349', '環幕全景套房『全視野觀景•璀璨樑溪•靜謐無擾』:HK$384']"
維也納國際酒店（無錫高鐵東站店）,9.6,"['標準大床房:HK$322', '高級大床房:HK$330', '景觀雙床房:HK$383', '湖景大床房:HK$413', '商務雙床房:HK$413']"
雲和夜泊酒店（無錫靈山大佛拈花灣店）,9.6,"['特惠大床房:HK$395', '特惠雙床房:HK$395', '雅緻大床房:HK$435', '雅緻雙床房:HK$435', '雲和雙床房:HK$474']"
無錫東站希爾頓歡朋酒店,9.6,"['舒適雙床房:HK$461', '舒適大床房:HK$479', '高級雙床房:HK$517', '高級大床房:HK$536', '豪華雙床房:HK$574']"
無錫三陽廣場CitiGO歡閣酒店（勝利門店）,9.7,"['歡享大床房[智能客控+小冰箱+電視可投屏]:HK$391', '歡閣大床房[智能客控+小冰箱]:HK$412', '歡享雙床房[智能客控+小冰箱+電視可投屏]:HK$412', '歡閣雙床房[智能客控+小冰箱]:HK$431', '歡閣高級大床房[智能客控+小冰箱+電視可投屏]:HK$441']"
宜尚酒店（無錫高新開發區碩放機場店）,9.5,"['精緻大床房【電視投屏|夢百合零壓床墊】:HK$221', '精緻雙床房【電視投屏|夢百合零壓床墊】:HK$228', '雅緻大床房【電視投屏|夢百合零壓床墊】:HK$249', '家庭房【電視投屏|夢百合零壓床墊】:HK$254']"
無錫黿頭渚風景區錢榮路亞朵酒店,9.7,"['高級大床房:HK$394', '高級雙床房:HK$394', '行政大床房:HK$439', '行政雙床房:HK$439', '幾木大床房:HK$528']"
無錫八佰伴中心博樂詩亞朵酒店,9.7,"['高級大床房:HK$322', '高級雙床房:HK$322', '行政大床房:HK$367', '行政雙床房:HK$367', '行政城景大床房:HK$412']"
無錫惠山萬達廣場亞朵酒店,9.5,"['高級雙床房:HK$385', '高級大床房:HK$403', '行政雙床房:HK$421', '行政大床房:HK$439', '幾木雙床房:HK$457']"
無錫惠山希爾頓惠庭酒店,9.6,"['舒適雙床房（coffee機+冷凍雙功能冰箱+微波爐）:HK$424', '靈動大床房（coffee機+冷凍雙功能冰箱+微波爐）:HK$435', '靈動雙床房（coffee機+冷凍雙功能冰箱+微波爐）:HK$457', '靈動豪華大床房（冷凍雙功能冰箱+微波爐+coffee機）:HK$478', '套房（智能客控+coffee機+微波爐+投屏電視+冷凍雙功能立式冰箱）:HK$664']"
麗呈東谷酒店 （無錫太湖黿頭渚風景區店）,9.5,"['標準大床房（智能客控+智能馬桶+高速吹風機+體重秤+熱帶雨林花灑）:HK$382', '高級大床房（雙人浴袍+智能客控+智能馬桶+靜音小冰箱+體重秤+全身鏡+LED化粧鏡+熱帶雨林花灑）:HK$420', '高級雙床房（智能客控+智能馬桶+電子秤+高速吹風機+熱帶雨林花灑+懶人沙發）:HK$420', '豪華大床房（智能馬桶+懶人沙發+全身鏡+熱帶雨淋）:HK$461', '豪華雙床房（智能馬桶+懶人沙發+小冰箱+熱帶雨淋）:HK$461']"
無錫拈花灣拈花客棧（拈花灣景區店）,9.4,"['禪意村舍標準雙床房:HK$454', '禪意村舍標準大床房:HK$454', '拈花客棧大床房:HK$578', '拈花客棧雙床房:HK$578', '拈花客棧家庭房:HK$1,200', '一花一世界家庭房:HK$1,398']"
無錫東站智選假日酒店,9.7,"['高級房 超大床:HK$331', '高級房 雙床:HK$331', '高級房（超大床）（帶小冰箱）:HK$369', '高級房（雙床）（帶小冰箱）:HK$369']"
無錫三陽廣場南長街桔子水晶酒店,9.5,"['高級大床房[小冰箱]:HK$402', '豪華大床房[浴缸+全景落地陽台+小冰箱]:HK$441', '精選大床房[浴缸+全景落地陽台+小冰箱]:HK$502', '商務大床房[浴缸+小冰箱]:HK$562', '高級雙床房（全景落地陽台+小冰箱]:HK$642']"
無錫雲隱東方·莫宅酒店,9.6,"['雲居沐陽大床房:HK$1,004', '雲舍幽靜雙床房:HK$1,092', '雲熙園景大床房:HK$1,310', '雲熙院景大床房:HK$1,420', '雲居家庭房:HK$1,835', '雲逸私享大床房:HK$2,183']"
無錫萬達頤華酒店（三陽廣場南長街店）,8.8,"['高級雙床房（睡眠窗簾+智能投屏+Acca Kappa洗護用品）:HK$464', '高級大床房（睡眠窗簾+智能投屏+Acca Kappa洗護用品）:HK$464', '豪華大床房（睡眠窗簾+智能投屏+Acca Kappa洗護用品）:HK$650', '豪華雙床房（睡眠窗簾+智能投屏+Acca Kappa洗護用品）:HK$650', '頤華大床房（落地窗+智能投屏+Acca Kappa洗護用品）:HK$882']"
無錫東站南廣場亞朵酒店,9.9,"['高級雙床房:HK$395', '高級大床房:HK$413', '行政大床房:HK$440', '尊享雙床房:HK$449', '尊享大床房:HK$467']"
無錫蘇寧銀河國際酒店,9.4,"['奶龍親子大床房:HK$1,151', '小丸子親子大床房:HK$1,151', '外交官套房:HK$3,843']"
無遠酒店（無錫大劇院黿頭渚店）,9.6,"['予池·特惠大床房:HK$435', '予池·同悦大床房:HK$469', '予石·舒悦雙床房:HK$502', '綠野仙蹤雙床房:HK$533', '予木·浴缸大床房:HK$578']"
無錫錫州花園酒店,9.6,"['豪華標準房:HK$436', '豪華大床房:HK$436', '商務標準房:HK$560', '商務大床房:HK$560', '豪華套房:HK$1,038', '商務套房:HK$1,319']"
