酒店名称,评分,房型价格列表
無錫太湖飯店,9.7,"['高級大床房:HK$765', '高級雙床房:HK$765', '高級園景大床房:HK$852', '高級園景雙床房:HK$852', '豪華大床房:HK$896', '豪華雙床房:HK$896']"
無錫南長街古運河麗芮酒店,9.5,"['芮享舒適大床房:HK$446', '芮享高級大床房:HK$501', '芮享高級雙床房:HK$533', '芮享豪華大床房:HK$555', '芮享豪華雙床房:HK$588']"
無錫南長街亞朵S酒店,9.6,"['高級大床房:HK$510', '行政大床房:HK$561', '幾木大床房:HK$622', '幾木養生大床房:HK$682', '高級雙床房:HK$792']"
美麗豪酒店（無錫錫山區政府天一中學店）,9.7,"['高級城景大床房（全景落地窗+電視投屏+小冰箱）:HK$352', '高級城景雙床房（全景落地窗+電視投屏+小冰箱）:HK$352', '行政城景大床房（全景落地窗+電視投屏+小冰箱）:HK$383', '行政城景雙床房（全景落地窗+電視投屏+小冰箱）:HK$383', '豪華城景大床房（全景落地窗+電視投屏+小冰箱）:HK$425']"
無錫海岸城亞朵酒店,9.6,"['高級大床房:HK$457', '高級雙床房:HK$457', '行政大床房:HK$484', '幾木大床房:HK$581', '幾木雙床房:HK$581']"
無錫雲隱東方·莫宅酒店,9.6,"['雲居沐陽大床房:HK$1,005', '雲舍幽靜雙床房:HK$1,092', '雲熙園景大床房:HK$1,311', '雲熙院景大床房:HK$1,421', '雲居家庭房:HK$1,836', '雲奢儒雅家庭房:HK$2,621']"
楓雨（無錫三陽廣場店）,9.6,"['單間公寓式客房:HK$415', '高層單間公寓式客房:HK$538', '城市景觀公寓式客房:HK$592', '崇安寺景觀公寓式客房:HK$647', '270度高層無敵景觀公寓式客房:HK$756']"
無錫羅卡斯酒店（南長街店）,9.5,"['新尚·主題房:HK$426', '目翠·主題半套房:HK$426', '服務式·商務單間:HK$459', '溺愛·主題套房:HK$568', '璨放·主題房:HK$568', '羅卡斯行政套房:HK$579']"
無遠酒店（無錫大劇院黿頭渚店）,9.6,"['予池·特惠大床房:HK$436', '予池·同悦大床房:HK$469', '予石·舒悦雙床房:HK$502', '綠野仙蹤雙床房:HK$534', '予木·浴缸大床房:HK$578']"
無錫南長古韻漫心府,9.7,"['心怡標準大床房（智能客控+金可兒床墊+MiniBAR）:HK$592', '心悦高級大床房（全景落地窗+智能客控+MiniBAR）:HK$673', '心夢尊享大床房（舒適浴缸+智能客控+MiniBAR）:HK$754', '心享豪華雙床房（全景落地窗+智能客控+MiniBAR）:HK$774', '特色院景大床房（獨立小院+舒適浴缸+全景落地窗）:HK$834']"
無錫新區太湖大道亞朵X酒店,9.6,"['高級雙床房:HK$367', '高級大床房:HK$385', '行政大床房:HK$430', '幾木雙床房:HK$439', '幾木大床房:HK$457']"
無錫新區長江北路亞朵酒店,9.8,"['高級雙床房:HK$349', '高級大床房:HK$358', '行政雙床房:HK$421', '行政大床房:HK$439', '幾木大床房:HK$457']"
無錫太科園震澤路亞朵酒店,9.6,"['高級大床房（小冰箱+智能客控）:HK$385', '高級雙床房（小冰箱+智能客控）:HK$385', '行政大床房（小冰箱+智能客控）:HK$412', '行政雙床房（小冰箱+智能客控）:HK$412', '尊享大床房（小冰箱+智能客控）:HK$439']"
無錫南長街三陽廣場地鐵站輕居酒店,9.6,"['舒適大床房（亞朵裸眠床品-65寸投屏電視）:HK$332', '精選大床房（小冰箱-投屏電視-JOLOVES洗護用品）:HK$358', '標準雙床房（亞朵裸眠床品-65寸投屏電視）:HK$358', '高級大床房（深睡枕Pro-小冰箱-LELABO洗護用品）:HK$403']"
SY·宿也高空觀景設計師度假美宿（無錫濱湖萬象滙太湖西大道店）,9.6,"['寶藏·幸運觀景房【全新貢緞床品+影視會員】:HK$338', '含月·高空觀景大床房【雙人浴缸+巨幕影院+戴森吹風機】:HK$348', '極簡·高空湖景包豪斯一室一廳套房【雲端觀景+私享影院+戴森吹風機】:HK$403', '清風·180度無敵高空觀景一室一廳套房【雲端觀景+巨幕觀影+戴森吹風】:HK$414']"
無錫德根飯店（三陽廣場店）,9.3,"['商務單人房-舒適淋浴:HK$454', '高級大床房-高樓層:HK$486', '高級雙床房-靠窗沙發:HK$486', '高級影音大床房-無線投屏:HK$539', '高級影音雙床房-無線投屏:HK$539', '豪華大床房-超大床:HK$570']"
無錫詩曼汀公寓（三陽廣場店）,9.3,"['精緻城景大床房（鵝絨被+冰箱）:HK$374', '高層影院大床房:HK$380', '精緻夜景公寓式大床房:HK$394', '高層夜景大床房:HK$441']"
桔子酒店（無錫三陽廣場店）,9.7,"['大床房【65寸電視投屏+智能客控】:HK$315', '商務大床房【65寸電視投屏+智能客控】:HK$331', '高級大床房【65寸電視投屏+智能客控】:HK$341', '高級雙床房【65寸電視投屏+智能客控】:HK$341', '月若流金精選雙床房【65寸電視投屏+智能客控】:HK$362']"
無錫陽山花間堂·桃花島,9.7,"['花之雅居大床房:HK$687', '花之雅居雙床房:HK$781', '桃之雅居家庭房:HK$970', '泉之雅居庭院大床房:HK$1,064', '山之雅居複式私湯大床房:HK$1,347']"
無錫瑞廷西郊酒店,9.6,"['高級低敏大床房（Acca Kappa洗護用品）:HK$570', '高級低敏雙床房（Acca Kappa洗護用品）:HK$570', '豪華低敏大床房（Acca Kappa洗護用品）智能馬桶:HK$624', '高級正湖景低敏房（Acca Kappa洗護用品）:HK$697', '豪華正湖景低敏房（Acca Kappa洗護用品）智能馬桶:HK$750', '辰睡深睡房:HK$751']"
雲和夜泊酒店（無錫靈山大佛拈花灣店）,9.6,"['特惠大床房:HK$396', '特惠雙床房:HK$396', '雅緻大床房:HK$436', '雅緻雙床房:HK$436', '雲和雙床房:HK$475']"
全季酒店（三陽廣場南長街店）,9.5,"['大床房【電視投屏+智能客控】:HK$386', '高級大床房A【電視投屏+智能客控】:HK$391', '高級雙床房【電視投屏+智能客控】:HK$407', '高級大床房【電視投屏+智能客控】:HK$416']"
無錫三陽廣場亞朵酒店,9.6,"['高級雙床房:HK$475', '高級大床房:HK$484', '行政大床房:HK$538', '幾木雙床房:HK$565', '幾木大床房:HK$601']"
宜尚酒店（無錫三陽廣場火車站店）,9.3,"['舒適大床房【智能新風+乾濕衞浴】:HK$218', '舒適雙床房【新風系統+品質衞浴】:HK$218', '高級大床房【智能投屏+北歐極簡】:HK$237', '高級雙床房【遠眺崇安+雅蘭總統床墊】:HK$237']"
無錫弘陽洛克菲花園酒店,9.8,"['影音房:HK$704', '棋牌雙床房:HK$704', '豪華大床房:HK$741', '豪華雙床房:HK$741', '別墅大床房:HK$741', '別墅雙床房:HK$741']"
漫湖雲帆·公寓（太湖店）,9.7,"['高級大床房:HK$326', '高級雙床房:HK$370', '雲帆·城景套房:HK$402', '雲帆·270°景觀套房:HK$435']"
無錫盪口古鎮美憬閣精選酒店,9.4,"['高級大床房木石居【陽台景】:HK$874', '高級雙床房-木石居【陽台景】:HK$874', '豪華大床房-木石居【陽台景】:HK$962', '豪華雙床房-木石居【陽台景】:HK$962', '水竹居庭院房 【庭院景】:HK$1,137', '水竹居庭院別墅 【庭院景】:HK$1,311']"
宜尚酒店（無錫高新開發區碩放機場店）,9.5,"['精緻大床房【電視投屏|夢百合零壓床墊】:HK$221', '精緻雙床房【電視投屏|夢百合零壓床墊】:HK$228', '雅緻大床房【電視投屏|夢百合零壓床墊】:HK$249', '家庭房【電視投屏|夢百合零壓床墊】:HK$254']"
木子臻選酒店（無錫市南長街人民醫院店）,9.3,"['靜謐大床房:HK$207', '靜謐雙床房:HK$220', '高級大床房A:HK$235', '高級大床房B:HK$262']"
無錫1881半島酒店,9.4,"['高級湖景養生房:HK$717', '井觀標準雙床房:HK$730', '花園露台涼亭湖景房:HK$816', '特色健康養生家庭房:HK$846', '特色康樂湖景養生房:HK$846']"
無錫蘇寧凱悦酒店,9.4,"['標準大床房-坐擁都市繁華天際:HK$924', '標準雙床房-坐擁都市繁華天際:HK$924', '山景大床房-遠眺惠山天際美景:HK$1,111', '山景雙床房-遠眺惠山天際美景:HK$1,111', '嘉賓軒大床房-高空俯瞰都市繁華夜景:HK$1,366', '嘉賓軒雙床房-高空俯瞰都市繁華夜景:HK$1,366']"
無錫靈山精舍,9.6,"['禪房大床房:HK$710', '禪房雙床房:HK$710', '雅緻禪房標間:HK$710', '庭院禪景大床房:HK$743', '高級禪修房:HK$743']"
無錫君來洲際酒店,9.5,"['豪華大床房:HK$551', '豪華雙床房:HK$551', '豪華房:HK$569', '豪華城市景觀大床房:HK$711', '豪華城市景觀雙床房:HK$711', '尊享大床房:HK$848']"
無錫魯能萬怡酒店,9.5,"['標準大床房:HK$726', '標準雙人間:HK$726', '尊享大床房:HK$790', '尊享雙床房:HK$790', '經典大床房:HK$854']"
雅麗豪酒店（樑溪萬達火車站店）,9.2,"['商務大床房（全景落地窗）:HK$310', '精緻雙床房（全景落地窗）:HK$331', '高級大床房（全景落地窗）:HK$354', '高級雙床房（全景落地窗）:HK$354', '豪華大床房（全景落地窗）:HK$397']"
無錫諾富特酒店,9.7,"['高級雙床房:HK$492', '高級大床房:HK$512', '豪華雙床房:HK$532', '豪華大床房:HK$553', '嘉賓高級大床房:HK$554']"
無錫太湖皇冠假日酒店,9.6,"['皇冠高級大床房:HK$590', '皇冠高級雙床房:HK$590', '皇冠高級城景大床房:HK$684', '皇冠高級城景雙床房:HK$684', '皇冠高級湖景雙床房:HK$777', '皇冠高級湖景大床房:HK$777']"
無錫日航飯店,9.4,"['高級大床房:HK$675', '高級雙床房:HK$675', '城市景觀高級大床房:HK$712', '城市景觀高級雙床房:HK$712', '新氧高級大床房（空氣凈化系統）:HK$769', '新氧高級雙床房（空氣凈化系統）:HK$769']"
無錫魯能萬豪酒店,9.6,"['豪華雙床房:HK$1,045', '豪華大床房:HK$1,045', '高級豪華雙床房:HK$1,109', '高級豪華大床房:HK$1,109', '尊享湖景雙床房:HK$1,363', '尊享湖景大床房:HK$1,363']"
無錫雅詩閣雲蝠服務公寓,9.3,"['假裝在紐約主題房:HK$653', '水墨韻律主題房:HK$719', '行政單房公寓-雲端瞰景·高空獨居雅舍:HK$730', '豪華行政單房公寓-雲端馨寓·都市全景房:HK$782', '一房豪華套房-雲端戀語·温馨一居:HK$886', '穿越森林親子主題房:HK$970']"
無錫東站希爾頓歡朋酒店,9.6,"['舒適雙床房:HK$461', '舒適大床房:HK$480', '高級雙床房:HK$517', '高級大床房:HK$537', '豪華雙床房:HK$575']"
無錫萬達頤華酒店（三陽廣場南長街店）,8.9,"['高級雙床房（睡眠窗簾+智能投屏+Acca Kappa洗護用品）:HK$464', '高級大床房（睡眠窗簾+智能投屏+Acca Kappa洗護用品）:HK$464', '豪華大床房（睡眠窗簾+智能投屏+Acca Kappa洗護用品）:HK$650', '豪華雙床房（睡眠窗簾+智能投屏+Acca Kappa洗護用品）:HK$650', '頤華大床房（落地窗+智能投屏+Acca Kappa洗護用品）:HK$882']"
無錫中央車站假日酒店,9.6,"['高級大床房:HK$471', '高級雙床房:HK$471', '高級房:HK$471', '高級房（大床+沙發床）:HK$528', '豪華雙床房:HK$545', '豪華大床房:HK$545']"
無錫富力喜來登酒店,8.7,"['豪華大床房:HK$632', '豪華雙床房:HK$632', '商務大床房:HK$741', '商務雙床房:HK$741', '行政房-雙床:HK$876', '行政房-大床:HK$876']"
花築·祝家花園民宿（南長街南禪寺店）,9.0,"['奚閲·園林景觀大床房:HK$579', '守歲·花園玲瓏大床房『深泡浴缸+休憩露台』:HK$644', '池鶴·園林古典雙床房:HK$654', '觀庭·園林豪華大床房『深泡浴缸+智能馬桶』:HK$683']"
無錫惠山高鐵站亞朵酒店,9.6,"['高級大床房:HK$332', '高級雙床房:HK$332', '行政大床房:HK$367', '尊享大床房:HK$412', '尊享雙床房:HK$421']"
無錫拈花灣拈花客棧（拈花灣景區店）,9.4,"['禪意村舍標準雙床房:HK$455', '禪意村舍標準大床房:HK$455', '拈花客棧大床房:HK$578', '拈花客棧雙床房:HK$578', '一花一世界家庭房:HK$1,189', '青花·家庭房:HK$1,189']"
無錫江南大學蠡湖校區亞朵酒店,9.7,"['高級大床房（電視投屏+科勒全智能馬桶+智能客控）:HK$457', '高級雙床房（電視投屏+科勒全智能馬桶+智能客控）:HK$457', '行政大床房（浴袍+電視投屏+科勒全智能馬桶）:HK$493', '幾木雙床房（小冰箱+電視投屏+科勒全智能馬桶）:HK$538', '幾木大床房（小冰箱+電視投屏+科勒全智能馬桶）:HK$538']"
無錫洛城美侖酒店,9.6,"['高級大床房:HK$412', '高級雙床房:HK$412', '商務大床房:HK$441', '商務雙床房:HK$441', '豪華大床房:HK$482']"
璽雲·高空Hotel（無錫三陽廣場店）,9.2,"['天際舒適大床房『天際視野+靜謐舒適』:HK$302', '高空舒適大床房『鵝絨床具+智能光控』:HK$325', '天際影音大床房『俯瞰錫城+遙望太湖』:HK$372', '雲上觀景輕奢套房 『環幕城景+定製床品』:HK$409']"
